Date,Open,High,Low,Close,Volume,Dividends,Stock Splits
1999-03-08 00:00:00-05:00,3.4902863651514053,3.6388091892004013,3.4902863651514053,3.5645477771759033,18200,0.0,0.0
1999-03-09 00:00:00-05:00,3.5645483719675166,3.5645483719675166,3.490286947551527,3.5274176597595215,1500,0.0,0.0
1999-03-10 00:00:00-05:00,3.5274171567225197,3.5274171567225197,3.304632915245308,3.378894329071045,17900,0.0,0.0
1999-03-11 00:00:00-05:00,3.4160244718511055,3.527416574194076,3.4160244718511055,3.490285873413086,40100,0.0,0.0
1999-03-12 00:00:00-05:00,3.4902877963107564,3.4902877963107564,3.4160263538360596,3.4160263538360596,3500,0.0,0.0
1999-03-15 00:00:00-05:00,3.3417649113613623,3.4160263538360596,3.304634190124014,3.4160263538360596,11900,0.0,0.0
1999-03-16 00:00:00-05:00,3.3417649269104004,3.4160263697306315,3.3417649269104004,3.3417649269104004,25400,0.0,0.0
1999-03-17 00:00:00-05:00,3.3417635411024094,3.6016784831881523,3.3417635411024094,3.5645477771759033,11700,0.0,0.0
1999-03-18 00:00:00-05:00,3.6388097963835064,3.6388097963835064,3.490286947551527,3.5274176597595215,2600,0.0,0.0
1999-03-19 00:00:00-05:00,3.6016786218893646,3.6759400367736816,3.416025084678573,3.6759400367736816,20200,0.0,0.0
1999-03-22 00:00:00-05:00,3.7130707442158397,3.7130707442158397,3.638809329331523,3.6759400367736816,7200,0.0,0.0
1999-03-23 00:00:00-05:00,3.6016790841755117,3.6016790841755117,3.490286947551527,3.5274176597595215,12000,0.0,0.0
1999-03-24 00:00:00-05:00,3.4531559944152828,3.4531559944152828,3.4531559944152828,3.453155994415283,1600,0.0,0.0
1999-03-25 00:00:00-05:00,3.490285873413086,3.5645472749750664,3.490285873413086,3.490285873413086,5700,0.0,0.0
1999-03-26 00:00:00-05:00,3.5274176597595215,3.5274176597595215,3.5274176597595215,3.5274176597595215,16500,0.0,0.0
1999-03-29 00:00:00-05:00,3.5274176597595215,3.5645483719675166,3.5274176597595215,3.5274176597595215,6500,0.0,0.0
1999-03-30 00:00:00-05:00,3.5274170711636543,3.6388091892004013,3.5274170711636543,3.5645477771759033,23500,0.0,0.0
1999-03-31 00:00:00-05:00,3.5645472749750664,3.5645472749750664,3.490285873413086,3.490285873413086,6600,0.0,0.0
1999-04-01 00:00:00-05:00,3.527416574194076,3.5645472749750664,3.490285873413086,3.490285873413086,2700,0.0,0.0
1999-04-05 00:00:00-04:00,3.4531556591391563,3.6759398952126503,3.4531556591391563,3.5645477771759033,38700,0.0,0.0
1999-04-06 00:00:00-04:00,3.5645472749750664,3.5645472749750664,3.4531551726320955,3.490285873413086,12800,0.0,0.0
1999-04-07 00:00:00-04:00,3.490285873413086,3.490285873413086,3.490285873413086,3.490285873413086,5600,0.0,0.0
1999-04-08 00:00:00-04:00,3.4531559944152828,3.4531559944152828,3.4531559944152828,3.453155994415283,12000,0.0,0.0
1999-04-09 00:00:00-04:00,3.4531556591391563,3.5645477771759033,3.4531556591391563,3.5645477771759033,18100,0.0,0.0
1999-04-12 00:00:00-04:00,3.490286947551527,3.5645483719675166,3.490286947551527,3.5274176597595215,21800,0.0,0.0
1999-04-13 00:00:00-04:00,3.5274170711636543,3.5645477771759033,3.5274170711636543,3.5645477771759033,6600,0.0,0.0
1999-04-14 00:00:00-04:00,3.5645477771759033,3.5645477771759033,3.5645477771759033,3.5645477771759033,5500,0.0,0.0
1999-04-15 00:00:00-04:00,3.564548725984534,3.7130715895672233,3.564548725984534,3.638810157775879,12100,0.0,0.0
1999-04-16 00:00:00-04:00,3.6016778182983398,3.7130699157714844,3.6016778182983398,3.7130699157714844,45800,0.0,0.0
1999-04-19 00:00:00-04:00,3.713071580026664,3.8615944432277303,3.713071580026664,3.7873330116271973,12600,0.0,0.0
1999-04-20 00:00:00-04:00,3.7873313140869143,3.7873313140869143,3.7130699157714844,3.7130699157714844,4500,0.0,0.0
1999-04-21 00:00:00-04:00,3.7130698416996926,3.898723333784677,3.7130698416996926,3.8244619369506836,5100,0.0,0.0
1999-04-22 00:00:00-04:00,3.8244628665423153,3.8244628665423153,3.6759400367736816,3.6759400367736816,11900,0.0,0.0
1999-04-23 00:00:00-04:00,3.6759392166137697,3.7130699157714844,3.6759392166137697,3.7130699157714844,18600,0.0,0.0
1999-04-26 00:00:00-04:00,3.713070520079962,3.824462635682361,3.713070520079962,3.7502012252807617,11700,0.0,0.0
1999-04-27 00:00:00-04:00,3.7502005401166896,3.8244619369506836,3.7130698416996926,3.8244619369506836,10100,0.0,0.0
1999-04-28 00:00:00-04:00,3.750200614929199,3.824462013244629,3.7130699157714844,3.7130699157714844,11200,0.0,0.0
1999-04-29 00:00:00-04:00,3.713070520079962,3.787331930481561,3.713070520079962,3.7502012252807617,11400,0.0,0.0
1999-04-30 00:00:00-04:00,3.7502022958269308,3.8244637274274638,3.713071580026664,3.7873330116271973,65400,0.0,0.0
1999-05-03 00:00:00-04:00,3.7873321591001567,3.7873321591001567,3.638809329331523,3.6759400367736816,7900,0.0,0.0
1999-05-04 00:00:00-04:00,3.7130706012248993,3.7130706012248993,3.5274170711636543,3.5645477771759033,17100,0.0,0.0
1999-05-05 00:00:00-04:00,3.5645476992767637,3.7502012252807617,3.5645476992767637,3.7502012252807617,10100,0.0,0.0
1999-05-06 00:00:00-04:00,3.7130699157714844,3.7130699157714844,3.7130699157714844,3.7130699157714844,6000,0.0,0.0
1999-05-07 00:00:00-04:00,3.7130706012248993,3.7130706012248993,3.5645477771759033,3.5645477771759033,9400,0.0,0.0
1999-05-10 00:00:00-04:00,3.638808517456055,3.7130699157714844,3.6016778182983398,3.7130699157714844,5500,0.0,0.0
1999-05-11 00:00:00-04:00,3.7502014516579982,3.7502014516579982,3.638809329331523,3.6759400367736816,9600,0.0,0.0
1999-05-12 00:00:00-04:00,3.7873313140869143,3.7873313140869143,3.6759392166137697,3.7130699157714844,16100,0.0,0.0
1999-05-13 00:00:00-04:00,3.6759400367736816,3.7130707442158397,3.6759400367736816,3.6759400367736816,9600,0.0,0.0
1999-05-14 00:00:00-04:00,3.638810148426131,3.7873330116271973,3.601679432625864,3.7873330116271973,53800,0.0,0.0
1999-05-17 00:00:00-04:00,3.750200614929199,3.7873313140869143,3.7130699157714844,3.7130699157714844,10100,0.0,0.0
1999-05-18 00:00:00-04:00,3.638810157775879,3.7130715895672233,3.638810157775879,3.638810157775879,11900,0.0,0.0
1999-05-19 00:00:00-04:00,3.7130707442158397,3.7130707442158397,3.638809329331523,3.6759400367736816,6000,0.0,0.0
1999-05-20 00:00:00-04:00,3.6759398148791624,3.7502012252807617,3.6759398148791624,3.7502012252807617,9900,0.0,0.0
1999-05-21 00:00:00-04:00,3.9358549619975847,4.270031326695492,3.824462840431615,4.232900619506836,91300,0.0,0.0
1999-05-24 00:00:00-04:00,4.418554155450119,4.455684862638775,4.232900619506836,4.232900619506836,78500,0.0,0.0
1999-05-25 00:00:00-04:00,4.2329000118559446,4.27003071371433,4.195769309997559,4.195769309997559,44700,0.0,0.0
1999-05-26 00:00:00-04:00,4.195768014077218,4.641336298757984,4.158637323687153,4.60420560836792,96500,0.0,0.0
1999-05-27 00:00:00-04:00,4.604209791354047,4.678471239601693,4.567079067230225,4.567079067230225,50100,0.0,0.0
1999-05-28 00:00:00-04:00,4.567077877107731,4.604208591555761,4.49281644821167,4.49281644821167,10100,0.0,0.0
1999-06-01 00:00:00-04:00,4.567077877107731,4.567077877107731,4.49281644821167,4.49281644821167,79000,0.0,0.0
1999-06-02 00:00:00-04:00,4.455686319069784,4.567078477046529,4.455686319069784,4.529947757720947,6000,0.0,0.0
1999-06-03 00:00:00-04:00,4.5299471626597,4.567077877107731,4.49281644821167,4.49281644821167,4100,0.0,0.0
1999-06-04 00:00:00-04:00,4.49281644821167,4.5299471626597,4.45568573376364,4.49281644821167,5900,0.0,0.0
1999-06-07 00:00:00-04:00,4.492815982818604,4.678469535827637,4.492815982818604,4.64133882522583,28300,0.0,0.0
1999-06-08 00:00:00-04:00,4.604208114624024,4.64133882522583,4.604208114624024,4.64133882522583,29100,0.0,0.0
1999-06-09 00:00:00-04:00,4.678469778045894,4.715600490570068,4.641339065521721,4.715600490570068,23900,0.0,0.0
1999-06-10 00:00:00-04:00,4.678469535827637,4.715600246429443,4.64133882522583,4.64133882522583,14000,0.0,0.0
1999-06-11 00:00:00-04:00,4.64133882522583,4.64133882522583,4.64133882522583,4.64133882522583,15100,0.0,0.0
1999-06-14 00:00:00-04:00,4.641340515477871,4.641340515477871,4.567079067230225,4.567079067230225,53300,0.0,0.0
1999-06-15 00:00:00-04:00,4.567074917977856,4.60420560836792,4.567074917977856,4.60420560836792,17900,0.0,0.0
1999-06-16 00:00:00-04:00,4.604208114624024,4.64133882522583,4.604208114624024,4.64133882522583,19300,0.0,0.0
1999-06-17 00:00:00-04:00,4.60420560836792,4.641336298757984,4.60420560836792,4.60420560836792,4900,0.0,0.0
1999-06-18 00:00:00-04:00,4.60420560836792,4.60420560836792,4.60420560836792,4.60420560836792,0,0.0,0.0
1999-06-21 00:00:00-04:00,4.604208114624024,4.64133882522583,4.604208114624024,4.64133882522583,5900,0.0,0.0
1999-06-22 00:00:00-04:00,4.678467750549316,4.678467750549316,4.604206357683455,4.678467750549316,104800,0.0,0.0
1999-06-23 00:00:00-04:00,4.641336298757984,4.678466989148048,4.60420560836792,4.60420560836792,113900,0.0,0.0
1999-06-24 00:00:00-04:00,4.641336298757984,4.641336298757984,4.60420560836792,4.60420560836792,10500,0.0,0.0
1999-06-25 00:00:00-04:00,4.567077404022217,4.64133882522583,4.567077404022217,4.64133882522583,4100,0.0,0.0
1999-06-28 00:00:00-04:00,4.60420560836792,4.60420560836792,4.60420560836792,4.60420560836792,1400,0.0,0.0
1999-06-29 00:00:00-04:00,4.60420560836792,4.60420560836792,4.60420560836792,4.60420560836792,400,0.0,0.0
1999-06-30 00:00:00-04:00,4.60420560836792,4.60420560836792,4.529944227587793,4.60420560836792,2400,0.0,0.0
1999-07-01 00:00:00-04:00,4.64133882522583,4.64133882522583,4.604208114624024,4.64133882522583,4100,0.0,0.0
1999-07-02 00:00:00-04:00,4.60420560836792,4.678466989148048,4.567074917977856,4.60420560836792,8700,0.0,0.0
1999-07-06 00:00:00-04:00,4.604206357683455,4.678467750549316,4.604206357683455,4.678467750549316,26400,0.0,0.0
1999-07-07 00:00:00-04:00,4.678469535827637,4.678469535827637,4.64133882522583,4.64133882522583,1700,0.0,0.0
1999-07-08 00:00:00-04:00,4.64133882522583,4.64133882522583,4.64133882522583,4.64133882522583,3300,0.0,0.0
1999-07-09 00:00:00-04:00,4.641337054116385,4.678467750549316,4.641337054116385,4.678467750549316,7900,0.0,0.0
1999-07-12 00:00:00-04:00,4.715600246429443,4.715600246429443,4.64133882522583,4.64133882522583,6800,0.0,0.0
1999-07-13 00:00:00-04:00,4.678469535827637,4.678469535827637,4.64133882522583,4.64133882522583,4200,0.0,0.0
1999-07-14 00:00:00-04:00,4.715600246429443,4.715600246429443,4.64133882522583,4.64133882522583,1800,0.0,0.0
1999-07-15 00:00:00-04:00,4.64133882522583,4.64133882522583,4.64133882522583,4.64133882522583,6800,0.0,0.0
1999-07-16 00:00:00-04:00,4.715600246429443,4.715600246429443,4.64133882522583,4.64133882522583,3500,0.0,0.0
1999-07-19 00:00:00-04:00,4.678466989148048,4.678466989148048,4.60420560836792,4.60420560836792,8200,0.0,0.0
1999-07-20 00:00:00-04:00,4.641336298757984,4.678466989148048,4.60420560836792,4.60420560836792,12200,0.0,0.0
1999-07-21 00:00:00-04:00,4.60420560836792,4.641336298757984,4.567074917977856,4.60420560836792,11100,0.0,0.0
1999-07-22 00:00:00-04:00,4.60420560836792,4.60420560836792,4.60420560836792,4.60420560836792,18600,0.0,0.0
1999-07-23 00:00:00-04:00,4.604209196372111,4.604209196372111,4.529947757720947,4.529947757720947,2900,0.0,0.0
1999-07-26 00:00:00-04:00,4.455684661865234,4.4928153673807785,4.418553956349691,4.455684661865234,10000,0.0,0.0
1999-07-27 00:00:00-04:00,4.418552156417601,4.60420560836792,4.418552156417601,4.60420560836792,18400,0.0,0.0
1999-07-28 00:00:00-04:00,4.5299471626597,4.5299471626597,4.45568573376364,4.49281644821167,6900,0.0,0.0
1999-07-29 00:00:00-04:00,4.567078477046529,4.604209196372111,4.529947757720947,4.529947757720947,2400,0.0,0.0
1999-07-30 00:00:00-04:00,4.529947757720947,4.529947757720947,4.529947757720947,4.529947757720947,400,0.0,0.0
1999-08-02 00:00:00-04:00,4.529946072896322,4.529946072896322,4.455684661865234,4.455684661865234,1600,0.0,0.0
1999-08-03 00:00:00-04:00,4.45568573376364,4.49281644821167,4.45568573376364,4.49281644821167,8100,0.0,0.0
1999-08-04 00:00:00-04:00,4.455684661865234,4.455684661865234,4.455684661865234,4.455684661865234,400,0.0,0.0
1999-08-05 00:00:00-04:00,4.455684661865234,4.455684661865234,4.455684661865234,4.455684661865234,7100,0.0,0.0
1999-08-06 00:00:00-04:00,4.455684661865234,4.455684661865234,4.455684661865234,4.455684661865234,0,0.0,0.0
1999-08-09 00:00:00-04:00,4.529946072896322,4.529946072896322,4.455684661865234,4.455684661865234,10600,0.0,0.0
1999-08-10 00:00:00-04:00,4.455684661865234,4.529946072896322,4.455684661865234,4.455684661865234,2800,0.0,0.0
1999-08-11 00:00:00-04:00,4.4556834334034034,4.4556834334034034,4.38142204284668,4.38142204284668,4500,0.0,0.0
1999-08-12 00:00:00-04:00,4.418552738125041,4.418552738125041,4.38142204284668,4.38142204284668,2500,0.0,0.0
1999-08-13 00:00:00-04:00,4.418552738125041,4.418552738125041,4.38142204284668,4.38142204284668,13100,0.0,0.0
1999-08-16 00:00:00-04:00,4.381423827929375,4.418554538335556,4.344293117523193,4.344293117523193,3100,0.0,0.0
1999-08-17 00:00:00-04:00,4.38142544661111,4.715601963725517,4.3442947224872865,4.567079067230225,18200,0.0,0.0
1999-08-18 00:00:00-04:00,4.418554782867432,4.4556854953285026,4.418554782867432,4.418554782867432,3500,0.0,0.0
1999-08-19 00:00:00-04:00,4.344291347568318,4.4556834334034034,4.344291347568318,4.38142204284668,3300,0.0,0.0
1999-08-20 00:00:00-04:00,4.381423250834147,4.455684661865234,4.381423250834147,4.455684661865234,7100,0.0,0.0
1999-08-23 00:00:00-04:00,4.344293117523193,4.344293117523193,4.344293117523193,4.344293117523193,3900,0.0,0.0
1999-08-24 00:00:00-04:00,4.344293117523193,4.455685248741737,4.307162407117012,4.344293117523193,12700,0.0,0.0
1999-08-25 00:00:00-04:00,4.344292545318604,4.4928153673807785,4.344292545318604,4.455684661865234,7400,0.0,0.0
1999-08-26 00:00:00-04:00,4.344292994203239,4.418554412907568,4.307162284851074,4.307162284851074,5200,0.0,0.0
1999-08-27 00:00:00-04:00,4.344293117523193,4.344293117523193,4.344293117523193,4.344293117523193,1100,0.0,0.0
1999-08-30 00:00:00-04:00,4.344292994203239,4.344292994203239,4.307162284851074,4.307162284851074,2500,0.0,0.0
1999-08-31 00:00:00-04:00,4.307162645484219,4.418554782867432,4.307162645484219,4.418554782867432,3600,0.0,0.0
1999-09-01 00:00:00-04:00,4.381424070406361,4.418554782867432,4.307162645484219,4.418554782867432,1400,0.0,0.0
1999-09-02 00:00:00-04:00,4.344292383608611,4.344292383608611,4.270030975341797,4.270030975341797,1700,0.0,0.0
1999-09-03 00:00:00-04:00,4.195769723256429,4.455684661865234,4.158639017740885,4.455684661865234,15400,0.0,0.0
1999-09-07 00:00:00-04:00,4.418552738125041,4.418552738125041,4.38142204284668,4.38142204284668,2200,0.0,0.0
1999-09-08 00:00:00-04:00,4.381423087742018,4.381423087742018,4.270030975341797,4.270030975341797,3200,0.0,0.0
1999-09-09 00:00:00-04:00,4.307162284851074,4.381423703555403,4.307162284851074,4.307162284851074,6100,0.0,0.0
1999-09-10 00:00:00-04:00,4.270032722441877,4.529947757720947,4.270032722441877,4.529947757720947,38500,0.0,0.0
1999-09-13 00:00:00-04:00,4.567077877107731,4.567077877107731,4.381424304867579,4.49281644821167,6100,0.0,0.0
1999-09-14 00:00:00-04:00,4.529948343106401,4.604209791354047,4.529948343106401,4.567079067230225,7100,0.0,0.0
1999-09-15 00:00:00-04:00,4.64133882522583,4.64133882522583,4.604208114624024,4.64133882522583,2900,0.0,0.0
1999-09-16 00:00:00-04:00,4.604206357683455,4.678467750549316,4.604206357683455,4.678467750549316,1200,0.0,0.0
1999-09-17 00:00:00-04:00,4.604209196372111,4.604209196372111,4.529947757720947,4.529947757720947,3200,0.0,0.0
1999-09-20 00:00:00-04:00,4.529947757720947,4.529947757720947,4.529947757720947,4.529947757720947,18400,0.0,0.0
1999-09-21 00:00:00-04:00,4.529947757720947,4.529947757720947,4.529947757720947,4.529947757720947,8800,0.0,0.0
1999-09-22 00:00:00-04:00,4.5299471626597,4.5299471626597,4.49281644821167,4.49281644821167,1500,0.0,0.0
1999-09-23 00:00:00-04:00,4.492817038395366,4.529947757720947,4.455686319069784,4.529947757720947,9200,0.0,0.0
1999-09-24 00:00:00-04:00,4.492817038395366,4.529947757720947,4.492817038395366,4.529947757720947,1100,0.0,0.0
1999-09-27 00:00:00-04:00,4.4928153673807785,4.567076778411866,4.455684661865234,4.455684661865234,19800,0.0,0.0
1999-09-28 00:00:00-04:00,4.418554790376678,4.715600490570068,4.418554790376678,4.715600490570068,21400,0.0,0.0
1999-09-29 00:00:00-04:00,4.7527283699281755,4.864120441098367,4.60420560836792,4.60420560836792,28200,0.0,0.0
1999-09-30 00:00:00-04:00,4.604208062548157,4.604208062548157,4.047247409820557,4.047247409820557,65800,0.0,0.0
1999-10-01 00:00:00-04:00,4.158639447442416,4.307162284851074,4.158639447442416,4.307162284851074,22100,0.0,0.0
1999-10-04 00:00:00-04:00,4.381423932855779,4.381423932855779,4.084378242492676,4.084378242492676,20200,0.0,0.0
1999-10-05 00:00:00-04:00,4.0843781200023965,4.158639540366076,4.047247409820557,4.047247409820557,20900,0.0,0.0
1999-10-06 00:00:00-04:00,4.0101158160429735,4.0101158160429735,3.8615930080413823,3.861593008041382,26700,0.0,0.0
1999-10-07 00:00:00-04:00,3.824462306040984,3.8615930080413823,3.824462306040984,3.861593008041382,4300,0.0,0.0
1999-10-08 00:00:00-04:00,3.8244619369506836,3.86159263536768,3.8244619369506836,3.8244619369506836,6200,0.0,0.0
1999-10-11 00:00:00-04:00,3.8244619369506836,3.8244619369506836,3.7873312385336866,3.8244619369506836,5000,0.0,0.0
1999-10-12 00:00:00-04:00,3.824462306040984,3.935854412042178,3.824462306040984,3.861593008041382,8900,0.0,0.0
1999-10-13 00:00:00-04:00,3.7873330116271973,3.8244637274274638,3.7873330116271973,3.7873330116271973,2800,0.0,0.0
1999-10-14 00:00:00-04:00,4.084378949233464,4.158640384674072,4.0101175137928555,4.158640384674072,20800,0.0,0.0
1999-10-15 00:00:00-04:00,4.0101168199019,4.084378242492676,4.0101168199019,4.084378242492676,8700,0.0,0.0
1999-10-18 00:00:00-04:00,4.084378966578731,4.084378966578731,3.935856095066777,4.010117530822754,11300,0.0,0.0
1999-10-19 00:00:00-04:00,4.084378242492676,4.084378242492676,4.0101168199019,4.084378242492676,2400,0.0,0.0
1999-10-20 00:00:00-04:00,4.047248248700742,4.084378966578731,4.010117530822754,4.010117530822754,3200,0.0,0.0
1999-10-21 00:00:00-04:00,3.9358561038970943,3.9729868218583877,3.861594667974508,3.9358561038970947,3900,0.0,0.0
1999-10-22 00:00:00-04:00,3.89872371004178,3.89872371004178,3.8615930080413823,3.861593008041382,7100,0.0,0.0
1999-10-25 00:00:00-04:00,3.8244639500132145,4.0101175398196816,3.8244639500132145,3.9358561038970947,8700,0.0,0.0
1999-10-26 00:00:00-04:00,3.972984730618671,3.972984730618671,3.8244619369506836,3.8244619369506836,5700,0.0,0.0
1999-10-27 00:00:00-04:00,3.8244619369506836,3.8244619369506836,3.8244619369506836,3.8244619369506836,0,0.0,0.0
1999-10-28 00:00:00-04:00,3.7873310686271884,3.972984552383423,3.7873310686271884,3.972984552383423,8000,0.0,0.0
1999-10-29 00:00:00-04:00,3.935854032201674,3.935854032201674,3.7873312385336866,3.8244619369506836,6900,0.0,0.0
1999-11-01 00:00:00-05:00,3.7873330116271973,3.7873330116271973,3.6759408642263973,3.7873330116271973,6300,0.0,0.0
1999-11-02 00:00:00-05:00,3.7502025140906277,3.9358561038970943,3.7502025140906277,3.9358561038970947,7000,0.0,0.0
1999-11-03 00:00:00-05:00,3.9729868218583877,3.9729868218583877,3.8987253859358013,3.9358561038970947,1300,0.0,0.0
1999-11-04 00:00:00-05:00,3.935854412042178,3.935854412042178,3.8615930080413823,3.861593008041382,1100,0.0,0.0
1999-11-05 00:00:00-05:00,3.8615930080413823,3.8615930080413823,3.7873316040405864,3.861593008041382,6900,0.0,0.0
1999-11-08 00:00:00-05:00,3.86159263536768,3.86159263536768,3.7130698416996926,3.8244619369506836,5200,0.0,0.0
1999-11-09 00:00:00-05:00,3.8987240460839603,3.8987240460839603,3.7502012252807617,3.7502012252807617,9600,0.0,0.0
1999-11-10 00:00:00-05:00,3.7873330116271973,3.7873330116271973,3.7873330116271973,3.7873330116271973,400,0.0,0.0
1999-11-11 00:00:00-05:00,3.7502005401166896,3.8244619369506836,3.7502005401166896,3.8244619369506836,11600,0.0,0.0
1999-11-12 00:00:00-05:00,3.8615926651727586,3.935854062579927,3.8615926651727586,3.8987233638763428,4500,0.0,0.0
1999-11-15 00:00:00-05:00,3.8987253859358013,3.9358561038970943,3.787333232051921,3.9358561038970947,29500,0.0,0.0
1999-11-16 00:00:00-05:00,3.935856095066777,4.010117530822754,3.935856095066777,4.010117530822754,3300,0.0,0.0
1999-11-17 00:00:00-05:00,4.0843781200023965,4.270031670911597,4.047247409820557,4.047247409820557,28900,0.0,0.0
1999-11-18 00:00:00-05:00,4.010117530822754,4.047248248700742,4.010117530822754,4.010117530822754,9900,0.0,0.0
1999-11-19 00:00:00-05:00,4.010117530822754,4.010117530822754,4.010117530822754,4.010117530822754,5300,0.0,0.0
1999-11-22 00:00:00-05:00,4.010116699638717,4.121508830184236,3.972985989456877,4.047247409820557,3500,0.0,0.0
1999-11-23 00:00:00-05:00,4.047247409820557,4.047247409820557,3.972985989456877,4.047247409820557,9800,0.0,0.0
1999-11-24 00:00:00-05:00,4.010116699638717,4.047247409820557,4.010116699638717,4.047247409820557,3900,0.0,0.0
1999-11-26 00:00:00-05:00,4.047248248700742,4.047248248700742,4.010117530822754,4.010117530822754,400,0.0,0.0
1999-11-29 00:00:00-05:00,4.047248248700742,4.047248248700742,4.010117530822754,4.010117530822754,9800,0.0,0.0
1999-11-30 00:00:00-05:00,3.972985989456877,4.047247409820557,3.972985989456877,4.047247409820557,6700,0.0,0.0
1999-12-01 00:00:00-05:00,3.972984552383423,4.01011524913467,3.972984552383423,3.972984552383423,6400,0.0,0.0
1999-12-02 00:00:00-05:00,3.935853855632176,4.01011524913467,3.935853855632176,3.972984552383423,4300,0.0,0.0
1999-12-03 00:00:00-05:00,3.935854412042178,3.972985114042576,3.8615930080413823,3.861593008041382,8900,0.0,0.0
1999-12-06 00:00:00-05:00,3.8615930080413823,3.89872371004178,3.824462306040984,3.861593008041382,18900,0.0,0.0
1999-12-07 00:00:00-05:00,3.8244619369506836,3.8244619369506836,3.8244619369506836,3.8244619369506836,23100,0.0,0.0
1999-12-08 00:00:00-05:00,3.8244619369506836,3.935854032201674,3.8244619369506836,3.8244619369506836,12900,0.0,0.0
1999-12-09 00:00:00-05:00,3.8615944432277303,3.8615944432277303,3.7873330116271973,3.7873330116271973,8500,0.0,0.0
1999-12-10 00:00:00-05:00,3.7873312385336866,3.86159263536768,3.7873312385336866,3.8244619369506836,8600,0.0,0.0
1999-12-13 00:00:00-05:00,3.7502022958269308,3.8615944432277303,3.7502022958269308,3.7873330116271973,36200,0.0,0.0
1999-12-14 00:00:00-05:00,3.7873312385336866,3.8244619369506836,3.7502005401166896,3.8244619369506836,8100,0.0,0.0
1999-12-15 00:00:00-05:00,3.8615933408831604,3.8615933408831604,3.7502012252807617,3.7502012252807617,14500,0.0,0.0
1999-12-16 00:00:00-05:00,3.7873330116271973,3.7873330116271973,3.7502022958269308,3.7873330116271973,9700,0.0,0.0
1999-12-17 00:00:00-05:00,3.8615944432277303,3.898725159027997,3.7873330116271973,3.7873330116271973,8200,0.0,0.0
1999-12-20 00:00:00-05:00,3.7502022958269308,4.010117306428797,3.7502022958269308,3.7873330116271973,17600,0.0,0.0
1999-12-21 00:00:00-05:00,3.787331930481561,3.8615933408831604,3.7502012252807617,3.7502012252807617,7500,0.0,0.0
1999-12-22 00:00:00-05:00,3.7502012252807617,3.7502012252807617,3.713070520079962,3.7502012252807617,24500,0.0,0.0
1999-12-23 00:00:00-05:00,3.750200614929199,3.7873313140869143,3.7130699157714844,3.7130699157714844,13800,0.0,0.0
1999-12-27 00:00:00-05:00,3.7130707442158397,3.7873321591001567,3.6759400367736816,3.6759400367736816,15000,0.0,0.0
1999-12-28 00:00:00-05:00,3.638810157775879,3.675940873671551,3.638810157775879,3.638810157775879,15600,0.0,0.0
1999-12-29 00:00:00-05:00,3.638808517456055,3.7130699157714844,3.638808517456055,3.7130699157714844,15400,0.0,0.0
1999-12-30 00:00:00-05:00,3.7130698703584217,4.084376857394264,3.6759391716548375,3.8987233638763428,20600,0.0,0.0
1999-12-31 00:00:00-05:00,3.8987253771887884,4.010117530822754,3.8615946593108,4.010117530822754,7700,0.0,0.0
2000-01-03 00:00:00-05:00,4.010115429035668,4.010115429035668,3.8244619369506836,3.8244619369506836,11500,0.0,0.0
2000-01-04 00:00:00-05:00,3.6759400367736816,3.7873321591001567,3.6759400367736816,3.6759400367736816,20400,0.0,0.0
2000-01-05 00:00:00-05:00,3.713071580026664,3.7873330116271973,3.6759408642263973,3.7873330116271973,5000,0.0,0.0
2000-01-06 00:00:00-05:00,3.7502009020401883,3.8615930080413823,3.7502009020401883,3.861593008041382,1500,0.0,0.0
2000-01-07 00:00:00-05:00,3.824462306040984,3.89872371004178,3.7873316040405864,3.861593008041382,7500,0.0,0.0
2000-01-10 00:00:00-05:00,3.935854412042178,3.935854412042178,3.824462306040984,3.861593008041382,7300,0.0,0.0
2000-01-11 00:00:00-05:00,3.86159263536768,3.898723333784677,3.7873312385336866,3.8244619369506836,6400,0.0,0.0
2000-01-12 00:00:00-05:00,3.8615944432277303,3.8615944432277303,3.7502022958269308,3.7873330116271973,4600,0.0,0.0
2000-01-13 00:00:00-05:00,3.8615944432277303,3.898725159027997,3.7873330116271973,3.7873330116271973,6100,0.0,0.0
2000-01-14 00:00:00-05:00,3.713071580026664,3.7873330116271973,3.713071580026664,3.7873330116271973,6400,0.0,0.0
2000-01-18 00:00:00-05:00,3.7502005401166896,3.86159263536768,3.7130698416996926,3.8244619369506836,13100,0.0,0.0
2000-01-19 00:00:00-05:00,3.824461765378435,4.047245945885917,3.824461765378435,3.972984552383423,9700,0.0,0.0
2000-01-20 00:00:00-05:00,4.158639205129523,4.381423448261462,4.121508497940867,4.232900619506836,18900,0.0,0.0
2000-01-21 00:00:00-05:00,4.1957699123181795,4.232900619506836,4.158639205129523,4.232900619506836,9300,0.0,0.0
2000-01-24 00:00:00-05:00,4.195769309997559,4.307161415572716,4.195769309997559,4.195769309997559,10200,0.0,0.0
2000-01-25 00:00:00-05:00,4.158639787553668,4.158639787553668,4.121509075164795,4.121509075164795,10500,0.0,0.0
2000-01-26 00:00:00-05:00,4.19577037637884,4.270031798969615,4.084378242492676,4.084378242492676,11700,0.0,0.0
2000-01-27 00:00:00-05:00,4.084376642637164,4.121507339388411,3.972984552383423,3.972984552383423,19700,0.0,0.0
2000-01-28 00:00:00-05:00,3.9729868218583877,4.0843789757422675,3.9358561038970943,3.9358561038970947,14300,0.0,0.0
2000-01-31 00:00:00-05:00,4.121507906280788,4.2329000118559446,4.121507906280788,4.195769309997559,22900,0.0,0.0
2000-02-01 00:00:00-05:00,4.270030975341797,4.270030975341797,4.195769567074984,4.270030975341797,6600,0.0,0.0
2000-02-02 00:00:00-05:00,4.455684661865234,4.4928153673807785,4.381423250834147,4.455684661865234,23400,0.0,0.0
2000-02-03 00:00:00-05:00,4.455685122259732,4.455685122259732,4.307162284851074,4.307162284851074,19900,0.0,0.0
2000-02-04 00:00:00-05:00,4.381424690995898,4.381424690995898,4.0101175137928555,4.158640384674072,42700,0.0,0.0
2000-02-07 00:00:00-05:00,4.232901212331411,4.307162637109156,4.121509075164795,4.121509075164795,7400,0.0,0.0
2000-02-08 00:00:00-05:00,4.158639447442416,4.307162284851074,4.158639447442416,4.307162284851074,15500,0.0,0.0
2000-02-09 00:00:00-05:00,4.23290027120839,4.418553791875425,4.158638862941577,4.270030975341797,25700,0.0,0.0
2000-02-10 00:00:00-05:00,4.270032555968673,4.270032555968673,4.010117530822754,4.010117530822754,14000,0.0,0.0
2000-02-11 00:00:00-05:00,4.010116699638717,4.121508830184236,3.935855279275037,4.047247409820557,9100,0.0,0.0
2000-02-14 00:00:00-05:00,4.010116610033759,4.307162284851074,4.010116610033759,4.307162284851074,16100,0.0,0.0
2000-02-15 00:00:00-05:00,4.344293973275594,4.344293973275594,4.158640384674072,4.158640384674072,5200,0.0,0.0
2000-02-16 00:00:00-05:00,4.158640384674072,4.158640384674072,4.084378949233464,4.158640384674072,6000,0.0,0.0
2000-02-17 00:00:00-05:00,4.121507906280788,4.2329000118559446,4.121507906280788,4.195769309997559,3900,0.0,0.0
2000-02-18 00:00:00-05:00,4.195770499942539,4.232901212331411,4.121509075164795,4.121509075164795,18300,0.0,0.0
2000-02-22 00:00:00-05:00,4.195771102394377,4.195771102394377,4.084378949233464,4.158640384674072,32200,0.0,0.0
2000-02-23 00:00:00-05:00,4.158640384674072,4.270032537834985,4.158640384674072,4.158640384674072,16500,0.0,0.0
2000-02-24 00:00:00-05:00,4.232900866146745,4.307162284851074,4.158639447442416,4.307162284851074,25900,0.0,0.0
2000-02-25 00:00:00-05:00,4.27003157549891,4.418554412907568,4.232900866146745,4.307162284851074,9800,0.0,0.0
2000-02-28 00:00:00-05:00,4.232900866146745,4.307162284851074,4.232900866146745,4.307162284851074,40000,0.0,0.0
2000-02-29 00:00:00-05:00,4.270031326695492,4.270031326695492,4.1957699123181795,4.232900619506836,8700,0.0,0.0
2000-03-01 00:00:00-05:00,4.195768566454872,4.418552738125041,4.195768566454872,4.38142204284668,51000,0.0,0.0
2000-03-02 00:00:00-05:00,4.418555599744202,4.529947757720947,4.418555599744202,4.529947757720947,16300,0.0,0.0
2000-03-03 00:00:00-05:00,4.5299471626597,4.6784700204518215,4.49281644821167,4.49281644821167,33600,0.0,0.0
2000-03-06 00:00:00-05:00,4.604209196372111,4.604209196372111,4.529947757720947,4.529947757720947,18900,0.0,0.0
2000-03-07 00:00:00-05:00,4.60420795966839,4.60420795966839,4.307162284851074,4.307162284851074,23500,0.0,0.0
2000-03-08 00:00:00-05:00,4.4556834334034034,4.4556834334034034,4.38142204284668,4.38142204284668,6500,0.0,0.0
2000-03-09 00:00:00-05:00,4.307162284851074,4.307162284851074,4.307162284851074,4.307162284851074,2800,0.0,0.0
2000-03-10 00:00:00-05:00,4.344291347568318,4.4556834334034034,4.344291347568318,4.38142204284668,4600,0.0,0.0
2000-03-13 00:00:00-05:00,4.307160085247409,4.60420560836792,4.307160085247409,4.60420560836792,14300,0.0,0.0
2000-03-14 00:00:00-05:00,4.752730797077048,4.752730797077048,4.307162284851074,4.307162284851074,14600,0.0,0.0
2000-03-15 00:00:00-05:00,4.30716183980306,4.604207483927409,4.30716183980306,4.455684661865234,3700,0.0,0.0
2000-03-16 00:00:00-05:00,4.381423250834147,4.4928153673807785,4.381423250834147,4.455684661865234,4600,0.0,0.0
2000-03-17 00:00:00-05:00,4.381424880418621,4.529947757720947,4.381424880418621,4.529947757720947,4100,0.0,0.0
2000-03-20 00:00:00-05:00,4.455684661865234,4.529946072896322,4.455684661865234,4.455684661865234,3200,0.0,0.0
2000-03-21 00:00:00-05:00,4.455686319069784,4.529947757720947,4.455686319069784,4.529947757720947,7800,0.0,0.0
2000-03-22 00:00:00-05:00,4.4556834334034034,4.4556834334034034,4.38142204284668,4.38142204284668,18200,0.0,0.0
2000-03-23 00:00:00-05:00,4.344291347568318,4.529944823960126,4.344291347568318,4.38142204284668,3400,0.0,0.0
2000-03-24 00:00:00-05:00,4.455684661865234,4.567076778411866,4.455684661865234,4.455684661865234,14500,0.0,0.0
2000-03-27 00:00:00-05:00,4.455684661865234,4.455684661865234,4.455684661865234,4.455684661865234,13800,0.0,0.0
2000-03-28 00:00:00-05:00,4.455686319069784,4.529947757720947,4.455686319069784,4.529947757720947,3600,0.0,0.0
2000-03-29 00:00:00-05:00,4.455684661865234,4.529946072896322,4.455684661865234,4.455684661865234,23600,0.0,0.0
2000-03-30 00:00:00-05:00,4.604208591555761,4.604208591555761,4.45568573376364,4.49281644821167,10600,0.0,0.0
2000-03-31 00:00:00-05:00,4.418553956349691,4.567076778411866,4.418553956349691,4.455684661865234,6500,0.0,0.0
2000-04-03 00:00:00-04:00,4.567076778411866,4.567076778411866,4.455684661865234,4.455684661865234,8800,0.0,0.0
2000-04-04 00:00:00-04:00,4.4556834334034034,4.4556834334034034,4.38142204284668,4.38142204284668,39400,0.0,0.0
2000-04-05 00:00:00-04:00,4.455684661865234,4.455684661865234,4.455684661865234,4.455684661865234,10100,0.0,0.0
2000-04-06 00:00:00-04:00,4.381423827929375,4.381423827929375,4.344293117523193,4.344293117523193,9100,0.0,0.0
2000-04-07 00:00:00-04:00,4.567075519238489,4.567075519238489,4.38142204284668,4.38142204284668,11400,0.0,0.0
2000-04-10 00:00:00-04:00,4.38142204284668,4.4556834334034034,4.38142204284668,4.38142204284668,4400,0.0,0.0
2000-04-11 00:00:00-04:00,4.38142204284668,4.38142204284668,4.38142204284668,4.38142204284668,4400,0.0,0.0
2000-04-12 00:00:00-04:00,4.381423703555403,4.381423703555403,4.307162284851074,4.307162284851074,18300,0.0,0.0
2000-04-13 00:00:00-04:00,4.30716325555529,4.344293973275594,4.084378949233464,4.158640384674072,20500,0.0,0.0
2000-04-14 00:00:00-04:00,4.08437779075221,4.232900619506836,4.08437779075221,4.232900619506836,21200,0.0,0.0
2000-04-17 00:00:00-04:00,4.0843789757422675,4.158640411664854,3.861594667974508,3.9358561038970947,63400,0.0,0.0
2000-04-18 00:00:00-04:00,3.935854062579927,4.084376857394264,3.8987233638763428,3.8987233638763428,12100,0.0,0.0
2000-04-19 00:00:00-04:00,4.047246834878146,4.047246834878146,3.8615933103424513,3.8801586627960205,13000,0.0,0.0
2000-04-20 00:00:00-04:00,4.158639540366076,4.158639540366076,4.047247409820557,4.047247409820557,26300,0.0,0.0
2000-04-24 00:00:00-04:00,4.14007502581392,4.158640384674072,4.121509666953768,4.158640384674072,29900,0.0,0.0
2000-04-25 00:00:00-04:00,4.158639787553668,4.158639787553668,4.121509075164795,4.121509075164795,6400,0.0,0.0
2000-04-26 00:00:00-04:00,4.121509666953768,4.30716325555529,4.121509666953768,4.158640384674072,5300,0.0,0.0
2000-04-27 00:00:00-04:00,4.121508738090252,4.307162284851074,4.121508738090252,4.307162284851074,12500,0.0,0.0
2000-04-28 00:00:00-04:00,4.30716325555529,4.30716325555529,4.158640384674072,4.158640384674072,11600,0.0,0.0
2000-05-01 00:00:00-04:00,4.177205743534225,4.195771102394377,4.158640384674072,4.158640384674072,25500,0.0,0.0
2000-05-02 00:00:00-04:00,4.1586386081391735,4.195769309997559,4.1586386081391735,4.195769309997559,30000,0.0,0.0
2000-05-03 00:00:00-04:00,4.1586386081391735,4.214334660926752,4.1586386081391735,4.195769309997559,64000,0.0,0.0
2000-05-04 00:00:00-04:00,4.158640384674072,4.158640384674072,4.158640384674072,4.158640384674072,9500,0.0,0.0
2000-05-05 00:00:00-04:00,4.158640384674072,4.158640384674072,4.158640384674072,4.158640384674072,800,0.0,0.0
2000-05-08 00:00:00-04:00,4.158640384674072,4.158640384674072,4.158640384674072,4.158640384674072,11700,0.0,0.0
2000-05-09 00:00:00-04:00,4.214336461254529,4.232901820114681,4.158640384674072,4.158640384674072,26800,0.0,0.0
2000-05-10 00:00:00-04:00,4.158640384674072,4.195771102394377,4.158640384674072,4.158640384674072,57600,0.0,0.0
2000-05-11 00:00:00-04:00,4.195769567074984,4.270030975341797,4.158638862941577,4.270030975341797,8300,0.0,0.0
2000-05-12 00:00:00-04:00,4.195771102394377,4.232901820114681,4.158640384674072,4.158640384674072,6400,0.0,0.0
2000-05-15 00:00:00-04:00,4.158640384674072,4.158640384674072,4.158640384674072,4.158640384674072,2000,0.0,0.0
2000-05-16 00:00:00-04:00,4.205053781824453,4.214336461254529,4.158640384674072,4.158640384674072,7900,0.0,0.0
2000-05-17 00:00:00-04:00,4.158640384674072,4.186488422964301,4.158640384674072,4.158640384674072,57000,0.0,0.0
2000-05-18 00:00:00-04:00,4.1586386081391735,4.195769309997559,4.1586386081391735,4.195769309997559,30200,0.0,0.0
2000-05-19 00:00:00-04:00,4.1586386081391735,4.195769309997559,4.1586386081391735,4.195769309997559,11600,0.0,0.0
2000-05-22 00:00:00-04:00,4.195771102394377,4.195771102394377,4.121509666953768,4.158640384674072,17200,0.0,0.0
2000-05-23 00:00:00-04:00,4.158640384674072,4.158640384674072,4.14007502581392,4.158640384674072,27500,0.0,0.0
2000-05-24 00:00:00-04:00,4.14007502581392,4.167923064104149,4.121509666953768,4.158640384674072,56800,0.0,0.0
2000-05-25 00:00:00-04:00,4.158640384674072,4.158640384674072,4.121509666953768,4.158640384674072,14700,0.0,0.0
2000-05-26 00:00:00-04:00,4.158639787553668,4.158639787553668,4.121509075164795,4.121509075164795,23500,0.0,0.0
2000-05-30 00:00:00-04:00,4.121509666953768,4.158640384674072,4.121509666953768,4.158640384674072,45700,0.0,0.0
2000-05-31 00:00:00-04:00,4.158640384674072,4.158640384674072,4.121509666953768,4.158640384674072,17200,0.0,0.0
2000-06-01 00:00:00-04:00,4.195770499942539,4.195770499942539,4.121509075164795,4.121509075164795,28700,0.0,0.0
2000-06-02 00:00:00-04:00,4.121509666953768,4.158640384674072,4.121509666953768,4.158640384674072,8200,0.0,0.0
2000-06-05 00:00:00-04:00,4.158640384674072,4.195771102394377,4.158640384674072,4.158640384674072,7200,0.0,0.0
2000-06-06 00:00:00-04:00,4.1586386081391735,4.195769309997559,4.1586386081391735,4.195769309997559,13600,0.0,0.0
2000-06-07 00:00:00-04:00,4.158639787553668,4.158639787553668,4.121509075164795,4.121509075164795,39000,0.0,0.0
2000-06-08 00:00:00-04:00,4.121509666953768,4.158640384674072,4.121509666953768,4.158640384674072,66900,0.0,0.0
2000-06-09 00:00:00-04:00,4.121509666953768,4.158640384674072,4.121509666953768,4.158640384674072,66000,0.0,0.0
2000-06-12 00:00:00-04:00,4.121509075164795,4.158639787553668,4.121509075164795,4.121509075164795,21900,0.0,0.0
2000-06-13 00:00:00-04:00,4.121509075164795,4.158639787553668,4.121509075164795,4.121509075164795,18800,0.0,0.0
2000-06-14 00:00:00-04:00,4.121509075164795,4.158639787553668,4.121509075164795,4.121509075164795,14600,0.0,0.0
2000-06-15 00:00:00-04:00,4.121509075164795,4.121509075164795,4.121509075164795,4.121509075164795,11300,0.0,0.0
2000-06-16 00:00:00-04:00,4.121508897687288,4.140074253082275,4.121508897687288,4.140074253082275,16400,0.0,0.0
2000-06-19 00:00:00-04:00,4.121509075164795,4.121509075164795,4.121509075164795,4.121509075164795,7400,0.0,0.0
2000-06-20 00:00:00-04:00,4.0843781200023965,4.121508830184236,4.047247409820557,4.047247409820557,17600,0.0,0.0
2000-06-21 00:00:00-04:00,4.047247409820557,4.121508830184236,4.047247409820557,4.047247409820557,17200,0.0,0.0
2000-06-22 00:00:00-04:00,4.065812886844982,4.121508953788064,4.065812886844982,4.084378242492676,8000,0.0,0.0
2000-06-23 00:00:00-04:00,4.047247409820557,4.0843781200023965,4.047247409820557,4.047247409820557,500,0.0,0.0
2000-06-26 00:00:00-04:00,4.121508830184236,4.121508830184236,4.047247409820557,4.047247409820557,4800,0.0,0.0
2000-06-27 00:00:00-04:00,4.047247409820557,4.121508830184236,4.047247409820557,4.047247409820557,1800,0.0,0.0
2000-06-28 00:00:00-04:00,4.084378186897312,4.140074253082275,4.084378186897312,4.140074253082275,12800,0.0,0.0
2000-06-29 00:00:00-04:00,4.084378242492676,4.084378242492676,4.0472475311972875,4.084378242492676,24200,0.0,0.0
2000-06-30 00:00:00-04:00,4.047247409820557,4.047247409820557,4.047247409820557,4.047247409820557,41800,0.0,0.0
2000-07-03 00:00:00-04:00,4.047247409820557,4.047247409820557,4.047247409820557,4.047247409820557,3400,0.0,0.0
2000-07-05 00:00:00-04:00,4.065812764911477,4.0843781200023965,4.047247409820557,4.047247409820557,37600,0.0,0.0
2000-07-06 00:00:00-04:00,4.047247409820557,4.047247409820557,4.047247409820557,4.047247409820557,4200,0.0,0.0
2000-07-07 00:00:00-04:00,4.065812886844982,4.084378242492676,4.0472475311972875,4.084378242492676,40600,0.0,0.0
2000-07-10 00:00:00-04:00,4.0843781200023965,4.121508830184236,4.047247409820557,4.047247409820557,20200,0.0,0.0
2000-07-11 00:00:00-04:00,4.047247409820557,4.047247409820557,4.047247409820557,4.047247409820557,1700,0.0,0.0
2000-07-12 00:00:00-04:00,4.065812886844982,4.121508953788064,4.0472475311972875,4.084378242492676,24000,0.0,0.0
2000-07-13 00:00:00-04:00,4.121508953788064,4.121508953788064,4.084378242492676,4.084378242492676,4400,0.0,0.0
2000-07-14 00:00:00-04:00,4.10294359814037,4.121508953788064,4.0472475311972875,4.084378242492676,36100,0.0,0.0
2000-07-17 00:00:00-04:00,4.084378362775923,4.121509075164795,4.047247650387051,4.121509075164795,7200,0.0,0.0
2000-07-18 00:00:00-04:00,4.121509075164795,4.121509075164795,4.121509075164795,4.121509075164795,0,0.0,0.0
2000-07-19 00:00:00-04:00,4.056530209021135,4.084378242492676,4.0472475311972875,4.084378242492676,16300,0.0,0.0
2000-07-20 00:00:00-04:00,4.121507906280788,4.195769309997559,4.0658118534932095,4.195769309997559,43600,0.0,0.0
2000-07-21 00:00:00-04:00,4.158640384674072,4.158640384674072,4.121509666953768,4.158640384674072,5400,0.0,0.0
2000-07-24 00:00:00-04:00,4.158640384674072,4.158640384674072,4.158640384674072,4.158640384674072,7200,0.0,0.0
2000-07-25 00:00:00-04:00,4.158640384674072,4.232901820114681,4.158640384674072,4.158640384674072,38500,0.0,0.0
2000-07-26 00:00:00-04:00,4.121509075164795,4.158639787553668,4.121509075164795,4.121509075164795,21900,0.0,0.0
2000-07-27 00:00:00-04:00,4.232901820114681,4.232901820114681,4.158640384674072,4.158640384674072,95400,0.0,0.0
2000-07-28 00:00:00-04:00,4.121509075164795,4.121509075164795,4.121509075164795,4.121509075164795,2500,0.0,0.0
2000-07-31 00:00:00-04:00,4.121509666953768,4.158640384674072,4.121509666953768,4.158640384674072,23300,0.0,0.0
2000-08-01 00:00:00-04:00,4.158640384674072,4.158640384674072,4.158640384674072,4.158640384674072,7400,0.0,0.0
2000-08-02 00:00:00-04:00,4.158640384674072,4.158640384674072,4.158640384674072,4.158640384674072,9500,0.0,0.0
2000-08-03 00:00:00-04:00,4.158640384674072,4.158640384674072,4.158640384674072,4.158640384674072,3500,0.0,0.0
2000-08-04 00:00:00-04:00,4.1586386081391735,4.2329000118559446,4.1586386081391735,4.195769309997559,29500,0.0,0.0
2000-08-07 00:00:00-04:00,4.2329000118559446,4.2329000118559446,4.195769309997559,4.195769309997559,2700,0.0,0.0
2000-08-08 00:00:00-04:00,4.232900619506836,4.232900619506836,4.232900619506836,4.232900619506836,1800,0.0,0.0
2000-08-09 00:00:00-04:00,4.270030975341797,4.270030975341797,4.195769567074984,4.270030975341797,2100,0.0,0.0
2000-08-10 00:00:00-04:00,4.492813537197728,4.715597679538112,4.455682846807664,4.60420560836792,55900,0.0,0.0
2000-08-11 00:00:00-04:00,4.6970323343430795,4.706315006940596,4.60420560836792,4.60420560836792,14100,0.0,0.0
2000-08-14 00:00:00-04:00,4.64133882522583,4.678469535827637,4.604208114624024,4.64133882522583,12400,0.0,0.0
2000-08-15 00:00:00-04:00,4.604208352997547,4.715600490570068,4.604208352997547,4.715600490570068,22100,0.0,0.0
2000-08-16 00:00:00-04:00,4.6970323343430795,4.6970323343430795,4.60420560836792,4.60420560836792,21500,0.0,0.0
2000-08-17 00:00:00-04:00,4.715600246429443,4.715600246429443,4.604208114624024,4.64133882522583,3700,0.0,0.0
2000-08-18 00:00:00-04:00,4.6970343589782715,4.6970343589782715,4.604207592990559,4.6970343589782715,7500,0.0,0.0
2000-08-21 00:00:00-04:00,4.60420560836792,4.659901643953016,4.60420560836792,4.60420560836792,6300,0.0,0.0
2000-08-22 00:00:00-04:00,4.60420560836792,4.60420560836792,4.60420560836792,4.60420560836792,4400,0.0,0.0
2000-08-23 00:00:00-04:00,4.60420560836792,4.60420560836792,4.60420560836792,4.60420560836792,2000,0.0,0.0
2000-08-24 00:00:00-04:00,4.604208114624024,4.678469535827637,4.604208114624024,4.64133882522583,14900,0.0,0.0
2000-08-25 00:00:00-04:00,4.641336298757984,4.641336298757984,4.60420560836792,4.60420560836792,3700,0.0,0.0
2000-08-28 00:00:00-04:00,4.64133882522583,4.678469535827637,4.64133882522583,4.64133882522583,16600,0.0,0.0
2000-08-29 00:00:00-04:00,4.659904180526734,4.69703489112854,4.64133882522583,4.64133882522583,20200,0.0,0.0
2000-08-30 00:00:00-04:00,4.641337054116385,4.678467750549316,4.641337054116385,4.678467750549316,2800,0.0,0.0
2000-08-31 00:00:00-04:00,4.641338299385644,4.6970343589782715,4.641338299385644,4.6970343589782715,8900,0.0,0.0
2000-09-01 00:00:00-04:00,4.64133882522583,4.659904180526734,4.64133882522583,4.64133882522583,11700,0.0,0.0
2000-09-05 00:00:00-04:00,4.641339065521721,4.715600490570068,4.641339065521721,4.715600490570068,11900,0.0,0.0
2000-09-06 00:00:00-04:00,4.678468957543373,4.752730369567871,4.678468957543373,4.752730369567871,18400,0.0,0.0
2000-09-07 00:00:00-04:00,4.734165016561747,4.752730369567871,4.715599663555622,4.752730369567871,34200,0.0,0.0
2000-09-08 00:00:00-04:00,4.743447741972128,4.789861124965984,4.6970343589782715,4.6970343589782715,3200,0.0,0.0
2000-09-11 00:00:00-04:00,4.7527283699281755,4.7527283699281755,4.60420560836792,4.60420560836792,15200,0.0,0.0
2000-09-12 00:00:00-04:00,4.678467750549316,4.715598446982248,4.604206357683455,4.678467750549316,16100,0.0,0.0
2000-09-13 00:00:00-04:00,4.715600490570068,4.752731203094242,4.678469778045894,4.715600490570068,6300,0.0,0.0
2000-09-14 00:00:00-04:00,4.752729143415179,4.752729143415179,4.678467750549316,4.678467750549316,2900,0.0,0.0
2000-09-15 00:00:00-04:00,4.60420560836792,4.678466989148048,4.60420560836792,4.60420560836792,6500,0.0,0.0
2000-09-18 00:00:00-04:00,4.641336298757984,4.678466989148048,4.60420560836792,4.60420560836792,8800,0.0,0.0
2000-09-19 00:00:00-04:00,4.60420560836792,4.60420560836792,4.418552156417601,4.60420560836792,15300,0.0,0.0
2000-09-20 00:00:00-04:00,4.60420560836792,4.60420560836792,4.529944227587793,4.60420560836792,13100,0.0,0.0
2000-09-21 00:00:00-04:00,4.529944227587793,4.60420560836792,4.529944227587793,4.60420560836792,12300,0.0,0.0
2000-09-22 00:00:00-04:00,4.455684661865234,4.455684661865234,4.455684661865234,4.455684661865234,300,0.0,0.0
2000-09-25 00:00:00-04:00,4.455684661865234,4.455684661865234,4.455684661865234,4.455684661865234,1300,0.0,0.0
2000-09-26 00:00:00-04:00,4.455684661865234,4.455684661865234,4.455684661865234,4.455684661865234,3700,0.0,0.0
2000-09-27 00:00:00-04:00,4.455684661865234,4.455684661865234,4.455684661865234,4.455684661865234,1500,0.0,0.0
2000-09-28 00:00:00-04:00,4.4556834334034034,4.464966107222994,4.38142204284668,4.38142204284668,5400,0.0,0.0
2000-09-29 00:00:00-04:00,4.38142204284668,4.38142204284668,4.38142204284668,4.38142204284668,4000,0.0,0.0
2000-10-02 00:00:00-04:00,4.381423250834147,4.455684661865234,4.381423250834147,4.455684661865234,12100,0.0,0.0
2000-10-03 00:00:00-04:00,4.455684661865234,4.455684661865234,4.455684661865234,4.455684661865234,25600,0.0,0.0
2000-10-04 00:00:00-04:00,4.464968998901179,4.678470635023273,4.455686319069784,4.529947757720947,14000,0.0,0.0
2000-10-05 00:00:00-04:00,4.604209196372111,4.604209196372111,4.529947757720947,4.529947757720947,5300,0.0,0.0
2000-10-06 00:00:00-04:00,4.539228749275208,4.604207483927409,4.455684661865234,4.455684661865234,8500,0.0,0.0
2000-10-09 00:00:00-04:00,4.455682846807664,4.60420560836792,4.418552156417601,4.60420560836792,4100,0.0,0.0
2000-10-10 00:00:00-04:00,4.5020980437596645,4.604207483927409,4.455684661865234,4.455684661865234,11800,0.0,0.0
2000-10-11 00:00:00-04:00,4.381424070406361,4.418554782867432,4.381424070406361,4.418554782867432,7800,0.0,0.0
2000-10-12 00:00:00-04:00,4.427837460982699,4.5299469202506435,4.381424070406361,4.418554782867432,13500,0.0,0.0
2000-10-13 00:00:00-04:00,4.529944823960126,4.529944823960126,4.38142204284668,4.38142204284668,9300,0.0,0.0
2000-10-16 00:00:00-04:00,4.49281644821167,4.49281644821167,4.49281644821167,4.49281644821167,1000,0.0,0.0
2000-10-17 00:00:00-04:00,4.418552738125041,4.418552738125041,4.38142204284668,4.38142204284668,10900,0.0,0.0
2000-10-18 00:00:00-04:00,4.38142204284668,4.38142204284668,4.38142204284668,4.38142204284668,6800,0.0,0.0
2000-10-19 00:00:00-04:00,4.307162284851074,4.418554412907568,4.307162284851074,4.307162284851074,18500,0.0,0.0
2000-10-20 00:00:00-04:00,4.2700299570115945,4.492814128681765,4.2700299570115945,4.38142204284668,7400,0.0,0.0
2000-10-23 00:00:00-04:00,4.316445554583526,4.49281644821167,4.307162875971518,4.49281644821167,5700,0.0,0.0
2000-10-24 00:00:00-04:00,4.455685122259732,4.492815831611897,4.307162284851074,4.307162284851074,5100,0.0,0.0
2000-10-25 00:00:00-04:00,4.307161679475204,4.418553791875425,4.270030975341797,4.270030975341797,5300,0.0,0.0
2000-10-26 00:00:00-04:00,4.251464366912842,4.251464366912842,4.251464366912842,4.251464366912842,1500,0.0,0.0
2000-10-27 00:00:00-04:00,4.251465973101165,4.418554155450119,4.232900619506836,4.232900619506836,5300,0.0,0.0
2000-10-30 00:00:00-05:00,4.418554155450119,4.418554155450119,4.232900619506836,4.232900619506836,8600,0.0,0.0
2000-10-31 00:00:00-05:00,4.232900619506836,4.232900619506836,4.232900619506836,4.232900619506836,3100,0.0,0.0
2000-11-01 00:00:00-05:00,4.381424070406361,4.418554782867432,4.232901220562077,4.418554782867432,4700,0.0,0.0
2000-11-02 00:00:00-05:00,4.23290098630465,4.344293117523193,4.23290098630465,4.344293117523193,5300,0.0,0.0
2000-11-03 00:00:00-05:00,4.232900619506836,4.232900619506836,4.232900619506836,4.232900619506836,700,0.0,0.0
2000-11-06 00:00:00-05:00,4.418554782867432,4.418554782867432,4.307162645484219,4.418554782867432,8500,0.0,0.0
2000-11-07 00:00:00-05:00,4.307162284851074,4.381423703555403,4.307162284851074,4.307162284851074,6800,0.0,0.0
2000-11-08 00:00:00-05:00,4.307162033884149,4.307162033884149,4.232900619506836,4.232900619506836,26700,0.0,0.0
2000-11-09 00:00:00-05:00,4.232900619506836,4.232900619506836,4.232900619506836,4.232900619506836,2200,0.0,0.0
2000-11-10 00:00:00-05:00,4.232900619506836,4.232900619506836,4.158639205129523,4.232900619506836,33900,0.0,0.0
2000-11-13 00:00:00-05:00,4.307162033884149,4.307162033884149,4.232900619506836,4.232900619506836,2700,0.0,0.0
2000-11-14 00:00:00-05:00,4.232900619506836,4.232900619506836,4.232900619506836,4.232900619506836,11200,0.0,0.0
2000-11-15 00:00:00-05:00,4.232900619506836,4.232900619506836,4.232900619506836,4.232900619506836,16800,0.0,0.0
2000-11-16 00:00:00-05:00,4.1957699123181795,4.232900619506836,4.1957699123181795,4.232900619506836,14500,0.0,0.0
2000-11-17 00:00:00-05:00,4.232900619506836,4.270031326695492,4.1957699123181795,4.232900619506836,14800,0.0,0.0
2000-11-20 00:00:00-05:00,4.195769309997559,4.195769309997559,4.1586386081391735,4.195769309997559,12600,0.0,0.0
2000-11-21 00:00:00-05:00,4.195770250547917,4.195770250547917,4.010116699638717,4.047247409820557,23800,0.0,0.0
2000-11-22 00:00:00-05:00,4.01011524913467,4.01011524913467,3.861592462129682,3.972984552383423,15500,0.0,0.0
2000-11-24 00:00:00-05:00,3.898723411560059,3.898723411560059,3.7130699157714844,3.7130699157714844,8800,0.0,0.0
2000-11-27 00:00:00-05:00,4.0008328342437744,4.0008328342437744,3.7130699157714844,3.7130699157714844,75900,0.0,0.0
2000-11-28 00:00:00-05:00,3.713070520079962,3.7502012252807617,3.6759398148791624,3.7502012252807617,24000,0.0,0.0
2000-11-29 00:00:00-05:00,3.750200569062006,3.8987233638763428,3.750200569062006,3.8987233638763428,2200,0.0,0.0
2000-11-30 00:00:00-05:00,3.8987241312861443,3.8987241312861443,3.5645477771759033,3.5645477771759033,27400,0.0,0.0
2000-12-01 00:00:00-05:00,3.6016788482666016,3.638809558042546,3.6016788482666016,3.6016788482666016,2900,0.0,0.0
2000-12-04 00:00:00-05:00,3.7130715895672233,3.7130715895672233,3.6016794418802065,3.638810157775879,4400,0.0,0.0
2000-12-05 00:00:00-05:00,3.638810352042869,4.010117530822754,3.638810352042869,4.010117530822754,6400,0.0,0.0
2000-12-06 00:00:00-05:00,3.759484128518538,3.7873321591001567,3.638809329331523,3.6759400367736816,8000,0.0,0.0
2000-12-07 00:00:00-05:00,3.7130699157714844,3.7130699157714844,3.7130699157714844,3.7130699157714844,3400,0.0,0.0
2000-12-08 00:00:00-05:00,3.713071018183997,4.047247409820557,3.713071018183997,4.047247409820557,6400,0.0,0.0
2000-12-11 00:00:00-05:00,3.722353916984421,4.307162637109156,3.7130712388872027,4.121509075164795,11700,0.0,0.0
2000-12-12 00:00:00-05:00,4.121509684456719,4.121509684456719,3.8615946593108,4.010117530822754,8100,0.0,0.0
2000-12-13 00:00:00-05:00,3.787333232051921,3.9358561038970943,3.787333232051921,3.9358561038970947,14100,0.0,0.0
2000-12-14 00:00:00-05:00,3.796615997357155,5.086908475676579,3.7130718800558973,4.975516319274902,171500,0.0,0.0
2000-12-15 00:00:00-05:00,4.8455566926436,4.938383449207653,4.6042071255770605,4.901252746582031,41300,0.0,0.0
2000-12-18 00:00:00-05:00,4.613490130155141,4.901253096019949,4.613490130155141,4.86412239074707,35500,0.0,0.0
2000-12-19 00:00:00-05:00,4.836275306273633,4.836275306273633,4.715600490570068,4.715600490570068,39000,0.0,0.0
2000-12-20 00:00:00-05:00,4.604209196372111,4.715601354348855,4.418555599744202,4.529947757720947,7800,0.0,0.0
2000-12-21 00:00:00-05:00,4.715601354348855,4.715601354348855,4.529947757720947,4.529947757720947,9500,0.0,0.0
2000-12-22 00:00:00-05:00,4.381424880418621,4.529947757720947,4.232902003116295,4.529947757720947,21300,0.0,0.0
2000-12-26 00:00:00-05:00,4.279315402273272,4.529947757720947,4.158640564465132,4.529947757720947,7200,0.0,0.0
2000-12-27 00:00:00-05:00,4.242183543484787,4.529946540964061,4.195770156794581,4.307162284851074,12400,0.0,0.0
2000-12-28 00:00:00-05:00,4.455686319069784,4.715601354348855,4.455686319069784,4.529947757720947,5700,0.0,0.0
2000-12-29 00:00:00-05:00,4.71559960047404,4.752730305989584,4.2329004287719725,4.455684661865234,22300,0.0,0.0
2001-01-02 00:00:00-05:00,4.455684661865234,4.604207483927409,4.195769723256429,4.455684661865234,8100,0.0,0.0
2001-01-03 00:00:00-05:00,4.307160652289957,4.38142204284668,4.232899261733233,4.38142204284668,1900,0.0,0.0
2001-01-04 00:00:00-05:00,4.492815569827432,4.492815569827432,4.232900619506836,4.232900619506836,7900,0.0,0.0
2001-01-05 00:00:00-05:00,4.307162645484219,4.492816207789573,4.307162645484219,4.418554782867432,5400,0.0,0.0
2001-01-08 00:00:00-05:00,4.418552738125041,4.418552738125041,4.38142204284668,4.38142204284668,600,0.0,0.0
2001-01-09 00:00:00-05:00,4.4556833902994795,4.4556833902994795,4.177203178405762,4.177203178405762,3600,0.0,0.0
2001-01-10 00:00:00-05:00,4.195768566454872,4.4556834334034034,4.195768566454872,4.38142204284668,3500,0.0,0.0
2001-01-11 00:00:00-05:00,4.38142204284668,4.492814128681765,4.38142204284668,4.38142204284668,10200,0.0,0.0
2001-01-12 00:00:00-05:00,4.381424070406361,4.418554782867432,4.381424070406361,4.418554782867432,4500,0.0,0.0
2001-01-16 00:00:00-05:00,4.409272919912807,4.567078477046529,4.409272919912807,4.529947757720947,12500,0.0,0.0
2001-01-17 00:00:00-05:00,4.30716183980306,4.604207483927409,4.30716183980306,4.455684661865234,4800,0.0,0.0
2001-01-18 00:00:00-05:00,4.743446321810707,4.752728995630297,4.38142204284668,4.38142204284668,6900,0.0,0.0
2001-01-19 00:00:00-05:00,4.307160085247409,4.60420560836792,4.307160085247409,4.60420560836792,13800,0.0,0.0
2001-01-22 00:00:00-05:00,4.455684661865234,4.4928153673807785,4.455684661865234,4.455684661865234,15700,0.0,0.0
2001-01-23 00:00:00-05:00,4.604209791354047,4.604209791354047,4.529948343106401,4.567079067230225,37500,0.0,0.0
2001-01-24 00:00:00-05:00,4.669188558570737,4.669188558570737,4.529948343106401,4.567079067230225,8700,0.0,0.0
2001-01-25 00:00:00-05:00,4.678471239601693,4.678471239601693,4.567079067230225,4.567079067230225,11900,0.0,0.0
2001-01-26 00:00:00-05:00,4.567078477046529,4.641339915697691,4.418555599744202,4.529947757720947,15700,0.0,0.0
2001-01-29 00:00:00-05:00,4.697034310549498,4.752730369567871,4.529946133494377,4.752730369567871,31900,0.0,0.0
2001-01-30 00:00:00-05:00,4.752731747097439,5.421084649033016,4.752731747097439,5.346823215484619,63600,0.0,0.0
2001-01-31 00:00:00-05:00,5.63458719614305,5.643869876861572,5.2725626481206795,5.643869876861572,55300,0.0,0.0
2001-02-01 00:00:00-05:00,5.64386557217302,5.86664973949564,5.383950710296631,5.383950710296631,25500,0.0,0.0
2001-02-02 00:00:00-05:00,5.54175581589137,5.569603835066704,5.272558297196479,5.421081066131592,28900,0.0,0.0
2001-02-05 00:00:00-05:00,5.495346985365215,5.643869876861572,5.495346985365215,5.643869876861572,6000,0.0,0.0
2001-02-06 00:00:00-05:00,5.643869352340698,5.940915107727051,5.643869352340698,5.940915107727051,23100,0.0,0.0
2001-02-07 00:00:00-05:00,5.950196590604661,6.005892658535438,5.755260352846942,5.866652488708496,29400,0.0,0.0
2001-02-08 00:00:00-05:00,5.940911626241293,6.20082650988935,5.940911626241293,6.163695812225342,45200,0.0,0.0
2001-02-09 00:00:00-05:00,6.126566761877479,6.2379588848207055,5.940913223638767,6.089436054229736,45200,0.0,0.0
2001-02-12 00:00:00-05:00,6.0894347228013075,6.0894347228013075,5.569604929391439,5.718127727508545,18700,0.0,0.0
2001-02-13 00:00:00-05:00,5.718131322609751,5.718131322609751,5.643869876861572,5.643869876861572,3200,0.0,0.0
2001-02-14 00:00:00-05:00,5.606738219390045,5.606738219390045,5.235431052543022,5.4953460693359375,23000,0.0,0.0
2001-02-15 00:00:00-05:00,5.495344584328787,5.495344584328787,5.198298931121825,5.198298931121826,4000,0.0,0.0
2001-02-16 00:00:00-05:00,5.346823215484619,5.569607516129811,5.346823215484619,5.346823215484619,10700,0.0,0.0
2001-02-20 00:00:00-05:00,5.421084635966533,5.4953460693359375,5.1983003358583195,5.4953460693359375,4300,0.0,0.0
2001-02-21 00:00:00-05:00,5.198296912728924,5.421081066131592,5.124035528261367,5.421081066131592,7600,0.0,0.0
2001-02-22 00:00:00-05:00,5.346823202597129,5.4953460693359375,5.235431052543022,5.4953460693359375,6100,0.0,0.0
2001-02-23 00:00:00-05:00,5.1983003358583195,5.4953460693359375,5.1983003358583195,5.4953460693359375,2700,0.0,0.0
2001-02-26 00:00:00-05:00,5.198300348387824,5.458215365807215,5.198300348387824,5.346823215484619,5200,0.0,0.0
2001-02-27 00:00:00-05:00,5.198296912728924,5.45821175836537,5.198296912728924,5.421081066131592,3900,0.0,0.0
2001-02-28 00:00:00-05:00,5.4953460693359375,5.569607502705343,5.4953460693359375,5.4953460693359375,2100,0.0,0.0
2001-03-01 00:00:00-05:00,5.495344886779786,5.569606304168701,5.495344886779786,5.569606304168701,1500,0.0,0.0
2001-03-02 00:00:00-05:00,5.346822052001953,5.569606304168701,5.346822052001953,5.569606304168701,7300,0.0,0.0
2001-03-05 00:00:00-05:00,5.346823202597129,5.4953460693359375,5.346823202597129,5.4953460693359375,6600,0.0,0.0
2001-03-06 00:00:00-05:00,5.606738219390045,5.606738219390045,5.4953460693359375,5.4953460693359375,1900,0.0,0.0
2001-03-07 00:00:00-05:00,5.569605699321568,5.569605699321568,5.532474994659424,5.532474994659424,500,0.0,0.0
2001-03-08 00:00:00-05:00,5.523192918300629,5.606737012863159,5.495344886779786,5.569606304168701,8600,0.0,0.0
2001-03-09 00:00:00-05:00,5.4953460693359375,5.588172861047694,5.4953460693359375,5.4953460693359375,10500,0.0,0.0
2001-03-12 00:00:00-05:00,5.495345182197039,5.588171958923341,5.495345182197039,5.58817195892334,19600,0.0,0.0
2001-03-13 00:00:00-05:00,5.588170745156028,5.643866799094461,5.513909339904786,5.513909339904785,7000,0.0,0.0
2001-03-14 00:00:00-05:00,5.4953434558063226,5.56960485385776,5.365386009216309,5.365386009216309,7700,0.0,0.0
2001-03-15 00:00:00-05:00,5.4953460693359375,5.4953460693359375,5.4953460693359375,5.4953460693359375,500,0.0,0.0
2001-03-16 00:00:00-05:00,5.560324836936261,5.569607516129811,5.346823215484619,5.346823215484619,500,0.0,0.0
2001-03-19 00:00:00-05:00,5.365388573871718,5.383953932258818,5.346823215484619,5.346823215484619,2000,0.0,0.0
2001-03-20 00:00:00-05:00,5.346823215484619,5.346823215484619,5.346823215484619,5.346823215484619,700,0.0,0.0
2001-03-21 00:00:00-05:00,5.346823215484619,5.346823215484619,5.346823215484619,5.346823215484619,1000,0.0,0.0
2001-03-22 00:00:00-05:00,5.309691051074436,5.309691051074436,5.198298931121825,5.198298931121826,2100,0.0,0.0
2001-03-23 00:00:00-05:00,5.1611680181035196,5.1611680181035196,5.068341255187988,5.068341255187988,2000,0.0,0.0
2001-03-26 00:00:00-05:00,5.086906811169215,5.235429637772696,5.086906811169215,5.198298931121826,6400,0.0,0.0
2001-03-27 00:00:00-05:00,5.272561781936221,5.346823215484619,5.272561781936221,5.346823215484619,4800,0.0,0.0
2001-03-28 00:00:00-05:00,5.346823215484619,5.346823215484619,5.346823215484619,5.346823215484619,1000,0.0,0.0
2001-03-29 00:00:00-05:00,5.346823215484619,5.346823215484619,5.346823215484619,5.346823215484619,0,0.0,0.0
2001-03-30 00:00:00-05:00,5.30969249871042,5.346823215484619,5.30969249871042,5.346823215484619,2100,0.0,0.0
2001-04-02 00:00:00-04:00,5.383953932258818,5.643868949678208,5.346823215484619,5.346823215484619,5900,0.0,0.0
2001-04-03 00:00:00-04:00,5.2725592993356125,5.346820697917805,5.2725592993356125,5.309689998626709,6300,0.0,0.0
2001-04-04 00:00:00-04:00,5.309689998626709,5.309689998626709,5.309689998626709,5.309689998626709,400,0.0,0.0
2001-04-05 00:00:00-04:00,5.291124648981161,5.346820697917805,5.2725592993356125,5.309689998626709,10700,0.0,0.0
2001-04-06 00:00:00-04:00,5.309689998626709,5.309689998626709,5.309689998626709,5.309689998626709,0,0.0,0.0
2001-04-09 00:00:00-04:00,5.2280049324035645,5.2280049324035645,5.2280049324035645,5.2280049324035645,1000,0.0,0.0
2001-04-10 00:00:00-04:00,5.340879239939716,5.346820287346773,5.22800217205296,5.299293041229248,11600,0.0,0.0
2001-04-11 00:00:00-04:00,5.299293041229248,5.299293041229248,5.299293041229248,5.299293041229248,0,0.0,0.0
2001-04-12 00:00:00-04:00,5.305234088636305,5.3289977116950675,5.299293041229248,5.299293041229248,3500,0.0,0.0
2001-04-16 00:00:00-04:00,5.263648432573676,5.3468214140912576,5.263648432573676,5.317116737365723,4600,0.0,0.0
2001-04-17 00:00:00-04:00,5.346824093868858,5.703279260088062,5.346824093868858,5.643869876861572,22900,0.0,0.0
2001-04-18 00:00:00-04:00,5.667630418741193,5.762684926688033,5.584457441002928,5.732980251312256,9900,0.0,0.0
2001-04-19 00:00:00-04:00,5.79238860928368,6.012202262878418,5.79238860928368,6.012202262878418,15200,0.0,0.0
2001-04-20 00:00:00-04:00,6.024085912742876,6.024085912742876,5.822094782546921,5.828035831451416,34000,0.0,0.0
2001-04-23 00:00:00-04:00,5.940916828565381,5.940916828565381,5.82209860530807,5.851803302764893,10200,0.0,0.0
2001-04-24 00:00:00-04:00,5.82209860530807,5.881507433651736,5.82209860530807,5.851803302764893,5200,0.0,0.0
2001-04-25 00:00:00-04:00,5.822094320541762,5.9409124563549485,5.822094320541762,5.881503105163574,4900,0.0,0.0
2001-04-26 00:00:00-04:00,5.940915107727051,5.940915107727051,5.940915107727051,5.940915107727051,100,0.0,0.0
2001-04-27 00:00:00-04:00,5.9349740566425675,6.012206021031397,5.887446781106337,5.940915107727051,1600,0.0,0.0
2001-04-30 00:00:00-04:00,5.940913355519921,6.083495140075684,5.940913355519921,6.083495140075684,10000,0.0,0.0
2001-05-01 00:00:00-04:00,6.0894352642981335,6.107257843017577,5.97061712855257,6.107257843017578,16700,0.0,0.0
2001-05-02 00:00:00-04:00,5.97061712855257,6.119139939876915,5.97061712855257,6.107257843017578,11900,0.0,0.0
2001-05-03 00:00:00-04:00,6.0003238994434644,6.148846762631968,6.0003238994434644,6.1429057121276855,5600,0.0,0.0
2001-05-04 00:00:00-04:00,6.000322582503009,6.089436054229736,6.000322582503009,6.089436054229736,4600,0.0,0.0
2001-05-07 00:00:00-04:00,6.095376670853468,6.095376670853468,5.887444496154785,5.887444496154785,29100,0.0,0.0
2001-05-08 00:00:00-04:00,5.970617131950636,6.012203337842861,5.881503105163574,5.881503105163574,19600,0.0,0.0
2001-05-09 00:00:00-04:00,5.934970346766301,6.012202262878418,5.875561572766606,6.012202262878418,4900,0.0,0.0
2001-05-10 00:00:00-04:00,6.059732619935295,6.059732619935295,6.0122053497059795,6.047851085662842,2500,0.0,0.0
2001-05-11 00:00:00-04:00,6.0597314834594735,6.0597314834594735,6.041908902108464,6.059731483459473,5600,0.0,0.0
2001-05-14 00:00:00-04:00,6.059732165490778,6.083495798823302,6.030027482182695,6.0716142654418945,4300,0.0,0.0
2001-05-15 00:00:00-04:00,6.077552701543823,6.083493749518061,6.000321344156804,6.006261825561523,8700,0.0,0.0
2001-05-16 00:00:00-04:00,6.000321256526175,6.006261737844137,5.798330160908177,5.833975315093994,31300,0.0,0.0
2001-05-17 00:00:00-04:00,5.774565963004267,5.833974736276224,5.762683868408203,5.762683868408203,8500,0.0,0.0
2001-05-18 00:00:00-04:00,5.750802994933997,6.006261825561523,5.560693425745013,6.006261825561523,23700,0.0,0.0
2001-05-21 00:00:00-04:00,5.8577398466477355,5.934971781429156,5.8399172667965145,5.911208152770996,16600,0.0,0.0
2001-05-22 00:00:00-04:00,5.822093785888559,5.893384660829703,5.643866315250943,5.833975315093994,14100,0.0,0.0
2001-05-23 00:00:00-04:00,5.703275954266475,5.929030119904311,5.703275954266475,5.917148590087891,8600,0.0,0.0
2001-05-24 00:00:00-04:00,5.929030458361667,6.089435369311562,5.929030458361667,6.0775532722473145,10500,0.0,0.0
2001-05-25 00:00:00-04:00,6.077554090743448,6.083495140075684,6.012204247797802,6.083495140075684,17400,0.0,0.0
2001-05-29 00:00:00-04:00,6.071613473198318,6.107258635261155,6.047849842966548,6.089436054229736,41300,0.0,0.0
2001-05-30 00:00:00-04:00,5.988440990447998,6.04785035433553,5.7923908828167,5.988440990447998,13600,0.0,0.0
2001-05-31 00:00:00-04:00,6.047849842966548,6.089436054229736,5.881503864774525,6.089436054229736,12000,0.0,0.0
2001-06-01 00:00:00-04:00,5.9884398585147975,6.475594510659865,5.9884398585147975,6.35083532333374,139700,0.0,0.0
2001-06-04 00:00:00-04:00,6.4815370478428616,6.5884736805593676,6.386482515014726,6.523123264312744,36900,0.0,0.0
2001-06-05 00:00:00-04:00,6.647881583575998,6.647881583575998,6.416186332702636,6.416186332702637,33100,0.0,0.0
2001-06-06 00:00:00-04:00,6.445892292353946,6.445892292353946,6.226077962959795,6.303309917449951,12000,0.0,0.0
2001-06-07 00:00:00-04:00,6.2676680346996045,6.445895671844482,6.237963334080452,6.445895671844482,5000,0.0,0.0
2001-06-08 00:00:00-04:00,6.327074672216242,6.950870902317665,6.327074672216242,6.832052707672119,28700,0.0,0.0
2001-06-11 00:00:00-04:00,6.736994727626158,7.337027013809622,6.736994727626158,7.218208312988281,54700,0.0,0.0
2001-06-12 00:00:00-04:00,7.265735566688996,7.271676615043973,7.105331227091472,7.218208312988281,16100,0.0,0.0
2001-06-13 00:00:00-04:00,7.271678626365962,7.366733160059157,7.111274242401124,7.111274242401123,20000,0.0,0.0
2001-06-14 00:00:00-04:00,7.129095554351807,7.188504910599249,7.111272974105418,7.129095554351807,34800,0.0,0.0
2001-06-15 00:00:00-04:00,7.129098510742187,7.129098510742187,6.683529853820801,6.683529853820801,14600,0.0,0.0
2001-06-18 00:00:00-04:00,6.683525497263128,6.8261072385614,6.535002708435059,6.535002708435059,9200,0.0,0.0
2001-06-19 00:00:00-04:00,6.600353746496229,6.713231404062111,6.594413264442432,6.624117374420166,5500,0.0,0.0
2001-06-20 00:00:00-04:00,6.695409735704182,6.695409735704182,6.178549766540527,6.178549766540527,9400,0.0,0.0
2001-06-21 00:00:00-04:00,6.178550148322905,6.505300521850586,6.059731985195482,6.505300521850586,13900,0.0,0.0
2001-06-22 00:00:00-04:00,6.52906316642995,6.52906316642995,6.356776714324952,6.356776714324951,1900,0.0,0.0
2001-06-25 00:00:00-04:00,6.303310500361593,6.6003562451460756,6.303310500361593,6.368660926818848,4800,0.0,0.0
2001-06-26 00:00:00-04:00,6.3686617088848525,6.6003570556640625,6.29737078937049,6.6003570556640625,2900,0.0,0.0
2001-06-27 00:00:00-04:00,6.475594574008706,6.594413280487061,6.297367647430339,6.5944132804870605,800,0.0,0.0
2001-06-28 00:00:00-04:00,6.594414249656202,6.742937088012696,6.297368572943213,6.742937088012695,6400,0.0,0.0
2001-06-29 00:00:00-04:00,6.511241256211486,6.742937088012696,6.511241256211486,6.742937088012695,3900,0.0,0.0
2001-07-02 00:00:00-04:00,6.73699611307272,7.028100743496931,6.505300278706896,6.814228057861328,4900,0.0,0.0
2001-07-03 00:00:00-04:00,7.022155666459605,7.02809671262894,6.535001211961062,6.843928813934326,6500,0.0,0.0
2001-07-05 00:00:00-04:00,6.849871328442495,7.099389675986132,6.849871328442495,6.938985347747803,9400,0.0,0.0
2001-07-06 00:00:00-04:00,6.944923804907555,7.069682942316402,6.867692470550538,6.867692470550537,6900,0.0,0.0
2001-07-09 00:00:00-04:00,6.921163477217516,6.921163477217516,6.594413712695104,6.725113391876221,5500,0.0,0.0
2001-07-10 00:00:00-04:00,6.594414249656202,6.766700719486948,6.594414249656202,6.742937088012695,5500,0.0,0.0
2001-07-11 00:00:00-04:00,6.653822291819285,6.784522533416747,6.582531405466924,6.784522533416748,5100,0.0,0.0
2001-07-12 00:00:00-04:00,6.772642484011241,6.9805747236850895,6.772642484011241,6.950870037078857,5600,0.0,0.0
2001-07-13 00:00:00-04:00,6.826111656297381,6.832052707672119,6.772643327064424,6.832052707672119,4500,0.0,0.0
2001-07-16 00:00:00-04:00,6.713234424591064,6.832052617671382,6.713234424591064,6.7132344245910645,4100,0.0,0.0
2001-07-17 00:00:00-04:00,6.736993550267232,7.051861692650407,6.736993550267232,6.90333890914917,7600,0.0,0.0
2001-07-18 00:00:00-04:00,6.867698061948353,7.123157024383544,6.867698061948353,7.123157024383545,7500,0.0,0.0
2001-07-19 00:00:00-04:00,7.117212014573396,7.604367164026959,7.105330485672795,7.4320807456970215,57900,0.0,0.0
2001-07-20 00:00:00-04:00,7.295440958647191,7.372672895141022,7.063745715735308,7.129095554351807,19300,0.0,0.0
2001-07-23 00:00:00-04:00,7.063748213696905,7.277620951994467,6.915225337125589,7.123157024383545,6800,0.0,0.0
2001-07-24 00:00:00-04:00,7.081571239396312,7.140980620336925,6.956811992676903,7.075630187988281,15500,0.0,0.0
2001-07-25 00:00:00-04:00,7.27167727649498,7.307323003297723,7.039982035270774,7.206327438354492,8000,0.0,0.0
2001-07-26 00:00:00-04:00,7.259795798154414,7.259795798154414,7.010277408426532,7.129095554351807,2600,0.0,0.0
2001-07-27 00:00:00-04:00,7.135035596378462,7.307322025299071,7.129094548278211,7.307322025299072,14400,0.0,0.0
2001-07-30 00:00:00-04:00,7.331085556586081,7.539017138287579,7.331085556586081,7.491489887237549,7200,0.0,0.0
2001-07-31 00:00:00-04:00,7.556840382863243,8.115285873413086,7.307322028247273,8.115285873413086,71400,0.0,0.0
2001-08-01 00:00:00-04:00,8.032115403627824,8.31727898250306,7.960823942339347,8.16281509399414,48700,0.0,0.0
2001-08-02 00:00:00-04:00,8.168753802013658,8.299454021485337,7.984585285186768,7.984585285186768,33000,0.0,0.0
2001-08-03 00:00:00-04:00,8.311341412514347,8.317282464537222,7.723190859927421,7.8420090675354,16300,0.0,0.0
2001-08-06 00:00:00-04:00,7.788534673772179,7.960821082424715,7.574662066449208,7.711302757263184,6100,0.0,0.0
2001-08-07 00:00:00-04:00,7.824185191219278,7.824185191219278,7.663780212402344,7.663780212402344,10200,0.0,0.0
2001-08-08 00:00:00-04:00,7.89547070865586,7.89547070865586,7.592484111206473,7.7647705078125,11300,0.0,0.0
2001-08-09 00:00:00-04:00,7.812299549779501,7.812299549779501,7.669717788696289,7.669717788696289,3700,0.0,0.0
2001-08-10 00:00:00-04:00,7.669721166862302,7.669721166862302,6.891461619901063,7.544961929321289,35400,0.0,0.0
2001-08-13 00:00:00-04:00,7.5687211979745275,7.580603293058098,6.927102794268116,7.29543924331665,18500,0.0,0.0
2001-08-14 00:00:00-04:00,7.337025836090352,7.7113027572631845,7.265734400413231,7.711302757263184,14000,0.0,0.0
2001-08-15 00:00:00-04:00,7.544962109566457,7.7231896769642105,7.253857403873024,7.414261817932129,1100,0.0,0.0
2001-08-16 00:00:00-04:00,7.140980184910395,7.663780212402344,6.962752619525962,7.663780212402344,8600,0.0,0.0
2001-08-17 00:00:00-04:00,7.438023129378867,7.515254497528077,7.438023129378867,7.515254497528076,1700,0.0,0.0
2001-08-20 00:00:00-04:00,7.129094780736713,7.723186012464772,7.099390105836401,7.271676540374756,4100,0.0,0.0
2001-08-21 00:00:00-04:00,7.188504404823125,7.586545590594215,7.146917631748075,7.455845355987549,7800,0.0,0.0
2001-08-22 00:00:00-04:00,7.253854749215748,7.342968217017301,7.129095554351807,7.129095554351807,11900,0.0,0.0
2001-08-23 00:00:00-04:00,7.135037106302316,7.15880073716268,7.129096056944812,7.152859687805176,3000,0.0,0.0
2001-08-24 00:00:00-04:00,7.135036810385963,7.27761858963475,7.129095761274858,7.14097785949707,6400,0.0,0.0
2001-08-27 00:00:00-04:00,7.420199021550139,7.42614006958249,7.129094466799191,7.135035514831543,4600,0.0,0.0
2001-08-28 00:00:00-04:00,7.14097906281472,7.253856182098389,7.123155912478045,7.253856182098389,9500,0.0,0.0
2001-08-29 00:00:00-04:00,7.069683501835946,7.069683501835946,6.944924354553223,6.944924354553223,9000,0.0,0.0
2001-08-30 00:00:00-04:00,6.944927124916906,6.944927124916906,6.000322423334105,6.321131706237793,62300,0.0,0.0
2001-08-31 00:00:00-04:00,6.2498413764763185,6.67758674756293,6.2498413764763185,6.540946006774902,11900,0.0,0.0
2001-09-04 00:00:00-04:00,6.2557814052644956,6.475595124421865,6.23795882440569,6.416186332702637,28400,0.0,0.0
2001-09-05 00:00:00-04:00,6.475595477915205,6.475595477915205,6.178549803394882,6.29736852645874,1500,0.0,0.0
2001-09-06 00:00:00-04:00,6.243898258271804,6.475593449206354,6.243898258271804,6.2498393058776855,9800,0.0,0.0
2001-09-07 00:00:00-04:00,6.249844391101082,6.386485197798072,6.249844391101082,6.309253215789795,1500,0.0,0.0
2001-09-10 00:00:00-04:00,6.053790561323379,6.321132120052738,5.83991788090955,6.178549766540527,18900,0.0,0.0
2001-09-17 00:00:00-04:00,6.1429045328605625,6.226076957674682,5.905267657436783,5.982499599456787,9200,0.0,0.0
2001-09-18 00:00:00-04:00,5.976560131466304,6.546887936125972,5.94091439580081,6.148846626281738,4500,0.0,0.0
2001-09-19 00:00:00-04:00,6.1488456525214055,6.178549766540527,5.940913454969606,6.178549766540527,8300,0.0,0.0
2001-09-20 00:00:00-04:00,5.940912985436732,6.000322341918945,5.810212741117633,6.000322341918945,12300,0.0,0.0
2001-09-21 00:00:00-04:00,5.946852653165925,5.946852653165925,5.673570696646297,5.822093486785889,15600,0.0,0.0
2001-09-24 00:00:00-04:00,5.822095564760466,5.988440990447998,5.822095564760466,5.988440990447998,11000,0.0,0.0
2001-09-25 00:00:00-04:00,5.988440990447998,5.988440990447998,5.911209044022081,5.988440990447998,2900,0.0,0.0
2001-09-26 00:00:00-04:00,5.988440565731869,6.184490659458773,5.911208624783446,6.035967826843262,13900,0.0,0.0
2001-09-27 00:00:00-04:00,5.940912985436732,6.000322341918945,5.851799517283027,6.000322341918945,11700,0.0,0.0
2001-09-28 00:00:00-04:00,6.089435442942671,6.095376491546631,5.584457642997642,6.095376491546631,9800,0.0,0.0
2001-10-01 00:00:00-04:00,6.1488474511810525,6.2379609524451975,6.000324571360928,6.232019901275635,2800,0.0,0.0
2001-10-02 00:00:00-04:00,6.000322582503009,6.089436054229736,5.940913223638767,6.089436054229736,1400,0.0,0.0
2001-10-03 00:00:00-04:00,6.0597314834594735,6.0597314834594735,5.822095176880532,6.059731483459473,9000,0.0,0.0
2001-10-04 00:00:00-04:00,6.237960115590851,6.3033099699795505,6.148846626281737,6.148846626281738,2300,0.0,0.0
2001-10-05 00:00:00-04:00,6.119141115821781,6.267663955688477,6.113200066250393,6.267663955688477,9900,0.0,0.0
2001-10-08 00:00:00-04:00,6.267663955688477,6.267663955688477,6.178549911826657,6.267663955688477,1300,0.0,0.0
2001-10-09 00:00:00-04:00,6.178548233580566,6.26766225323682,6.148844126931332,6.208252906799316,6400,0.0,0.0
2001-10-10 00:00:00-04:00,6.499361196094745,6.832052707672119,6.267665858178391,6.832052707672119,9500,0.0,0.0
2001-10-11 00:00:00-04:00,6.653824532842704,6.665706634521484,6.594415724158181,6.665706634521484,4000,0.0,0.0
2001-10-12 00:00:00-04:00,6.701350649133305,6.802346229682406,6.3805413246154785,6.3805413246154785,1500,0.0,0.0
2001-10-15 00:00:00-04:00,6.802345228130093,7.164741281414194,6.683527082204819,7.129095554351807,17100,0.0,0.0
2001-10-16 00:00:00-04:00,7.129095554351807,7.3013820075858575,6.980572730302811,7.129095554351807,15300,0.0,0.0
2001-10-17 00:00:00-04:00,7.0102800139000605,7.123157152839115,6.91522546183142,7.039984703063965,2100,0.0,0.0
2001-10-18 00:00:00-04:00,6.950870635572249,7.039984703063966,6.921165946408344,7.039984703063965,3700,0.0,0.0
2001-10-19 00:00:00-04:00,6.891460027723393,7.117214246764175,6.8320506648791826,6.837991714477539,3900,0.0,0.0
2001-10-22 00:00:00-04:00,6.861756324768066,7.03998387214576,6.861756324768066,6.861756324768066,4800,0.0,0.0
2001-10-23 00:00:00-04:00,6.849873838182062,6.849873838182062,6.808287620544434,6.808287620544434,1400,0.0,0.0
2001-10-24 00:00:00-04:00,6.748876155073017,6.891458480575126,6.653821649117974,6.796403408050537,19800,0.0,0.0
2001-10-25 00:00:00-04:00,6.69541072845459,6.69541072845459,6.69541072845459,6.69541072845459,300,0.0,0.0
2001-10-26 00:00:00-04:00,6.77264065095474,6.77264065095474,6.725113391876222,6.725113391876221,2600,0.0,0.0
2001-10-29 00:00:00-05:00,6.784522533416747,6.784522533416747,6.784522533416747,6.784522533416748,200,0.0,0.0
2001-10-30 00:00:00-05:00,6.742936512716204,6.826108932495118,6.540945379133784,6.826108932495117,1300,0.0,0.0
2001-10-31 00:00:00-05:00,6.6122355461120605,6.6122355461120605,6.6122355461120605,6.6122355461120605,1100,0.0,0.0
2001-11-01 00:00:00-05:00,6.546886316350055,6.683527041693488,6.481535911560059,6.481535911560059,4900,0.0,0.0
2001-11-02 00:00:00-05:00,6.487479574453542,6.713234424591064,6.4815385231570675,6.7132344245910645,1800,0.0,0.0
2001-11-05 00:00:00-05:00,6.570648670196533,6.820166443417379,6.570648670196533,6.570648670196533,5300,0.0,0.0
2001-11-06 00:00:00-05:00,6.618179988104141,6.736998183302542,6.422129824384319,6.683529853820801,9200,0.0,0.0
2001-11-07 00:00:00-05:00,6.3746041637305,6.653827443038474,6.214199686899137,6.445895671844482,3100,0.0,0.0
2001-11-08 00:00:00-05:00,6.267664726798849,6.535005758135916,6.2082553569151715,6.27954626083374,10100,0.0,0.0
2001-11-09 00:00:00-05:00,6.237959164926811,6.29736852645874,6.237959164926811,6.29736852645874,8100,0.0,0.0
2001-11-12 00:00:00-05:00,6.29736852645874,6.29736852645874,6.29736852645874,6.29736852645874,0,0.0,0.0
2001-11-13 00:00:00-05:00,6.291427587404361,6.291427587404361,6.237959274401203,6.267663955688477,10700,0.0,0.0
2001-11-14 00:00:00-05:00,6.237958908081055,6.237958908081055,6.237958908081055,6.237958908081055,1400,0.0,0.0
2001-11-15 00:00:00-05:00,6.297366553585771,6.3864800013960625,6.249839305877685,6.2498393058776855,9300,0.0,0.0
2001-11-16 00:00:00-05:00,6.327071930233933,6.386481285095216,6.327071930233933,6.386481285095215,6600,0.0,0.0
2001-11-19 00:00:00-05:00,6.273605005259865,6.273605005259865,6.267663955688477,6.267663955688477,3700,0.0,0.0
2001-11-20 00:00:00-05:00,6.3567779646589235,6.511241867016305,6.350836914590627,6.463714599609375,40800,0.0,0.0
2001-11-21 00:00:00-05:00,6.529063056878777,6.576590314139964,6.386481285095216,6.386481285095215,3300,0.0,0.0
2001-11-23 00:00:00-05:00,6.386482515014726,6.523123264312744,6.356777831863507,6.523123264312744,1400,0.0,0.0
2001-11-26 00:00:00-05:00,6.582530870901817,6.826108187800618,6.309248878792771,6.6122355461120605,15100,0.0,0.0
2001-11-27 00:00:00-05:00,6.814227211039298,6.820167693308127,6.540945196737114,6.784522533416748,3700,0.0,0.0
2001-11-28 00:00:00-05:00,6.62411903259942,6.796405519817879,6.62411903259942,6.659764766693115,1900,0.0,0.0
2001-11-29 00:00:00-05:00,6.558768474820765,6.748877525329591,6.552827425349949,6.74887752532959,15800,0.0,0.0
2001-11-30 00:00:00-05:00,6.659765457953729,7.1290977005790594,6.5944155996635425,7.016220569610596,18200,0.0,0.0
2001-12-03 00:00:00-05:00,6.873636245727539,6.873636245727539,6.873636245727539,6.873636245727539,300,0.0,0.0
2001-12-04 00:00:00-05:00,6.659762941753168,6.956808567047119,6.594413108153543,6.956808567047119,1000,0.0,0.0
2001-12-05 00:00:00-05:00,6.832048739116145,7.479608231996536,6.683525940439706,7.396435260772705,65900,0.0,0.0
2001-12-06 00:00:00-05:00,7.164740676557882,7.604368062652313,7.164740676557882,7.4855499267578125,15100,0.0,0.0
2001-12-07 00:00:00-05:00,7.568719863891602,7.574660910386202,7.218206052681453,7.568719863891602,9300,0.0,0.0
2001-12-10 00:00:00-05:00,7.158798596020496,7.158798596020496,7.087507724761963,7.087507724761963,6100,0.0,0.0
2001-12-11 00:00:00-05:00,7.022157784266369,7.271676132937008,6.814226204753848,6.962749004364014,18000,0.0,0.0
2001-12-12 00:00:00-05:00,6.873634239135031,6.962748249177447,6.772638701028633,6.90333890914917,18100,0.0,0.0
2001-12-13 00:00:00-05:00,6.980574109202973,7.366733301382056,6.974633059090747,7.253856182098389,25000,0.0,0.0
2001-12-14 00:00:00-05:00,7.366731846202356,7.378613944079689,6.9924548281801435,7.129095554351807,16900,0.0,0.0
2001-12-17 00:00:00-05:00,7.325143365797118,7.325143365797118,7.016216282166363,7.24791145324707,11100,0.0,0.0
2001-12-18 00:00:00-05:00,7.152856965976069,7.24791145324707,7.129093344158319,7.24791145324707,13000,0.0,0.0
2001-12-19 00:00:00-05:00,7.307320900039475,7.449902633072089,7.188502789178964,7.4201979637146,10100,0.0,0.0
2001-12-20 00:00:00-05:00,7.1885025733638015,7.5568389892578125,7.1885025733638015,7.5568389892578125,3200,0.0,0.0
2001-12-21 00:00:00-05:00,7.5568389892578125,7.574661563709454,7.366729451019071,7.5568389892578125,7200,0.0,0.0
2001-12-24 00:00:00-05:00,7.3429668614646655,7.426139831542969,7.247912362272037,7.426139831542969,900,0.0,0.0
2001-12-26 00:00:00-05:00,7.426140589635281,7.53901767730713,7.366731238290374,7.539017677307129,3200,0.0,0.0
2001-12-27 00:00:00-05:00,7.544961337300229,7.60437070920856,7.313266033311212,7.5746660232543945,5900,0.0,0.0
2001-12-28 00:00:00-05:00,7.426140641655306,7.830122873863616,7.426140641655306,7.812299728393555,35300,0.0,0.0
2001-12-31 00:00:00-05:00,7.836060634232346,8.103402057736917,7.836060634232346,8.085578918457031,16100,0.0,0.0
2002-01-02 00:00:00-05:00,8.115291228318705,8.192523204906367,7.8420090675354,7.8420090675354,14400,0.0,0.0
2002-01-03 00:00:00-05:00,8.192521588316971,8.192521588316971,7.842007520111196,7.8717122077941895,6800,0.0,0.0
2002-01-04 00:00:00-05:00,7.871709766560452,7.871709766560452,7.4320823382160475,7.449904918670654,10700,0.0,0.0
2002-01-07 00:00:00-05:00,7.657836184527102,7.7944768959351824,7.455845074993809,7.723186016082764,16100,0.0,0.0
2002-01-08 00:00:00-05:00,7.63407258747127,7.746949672698975,7.57466323741276,7.746949672698975,1800,0.0,0.0
2002-01-09 00:00:00-05:00,7.729128278206096,8.026173940859032,7.7231872289763235,7.782596588134766,16700,0.0,0.0
2002-01-10 00:00:00-05:00,7.741011904563493,8.020235061645508,7.7231893186216,8.020235061645508,11300,0.0,0.0
2002-01-11 00:00:00-05:00,8.020235061645508,8.079644436878207,7.901416877749902,8.020235061645508,41100,0.0,0.0
2002-01-14 00:00:00-05:00,7.9667649520724,8.014292214980822,7.7231875880243175,7.990528583526611,8700,0.0,0.0
2002-01-15 00:00:00-05:00,7.9014143300323685,8.317278122861524,7.9014143300323685,8.257868766784668,50200,0.0,0.0
2002-01-16 00:00:00-05:00,8.305395110491636,8.305395110491636,7.9311181347566455,8.251927375793457,26500,0.0,0.0
2002-01-17 00:00:00-05:00,8.043996020224586,9.719333838353245,8.043996020224586,8.911369323730469,130200,0.0,0.0
2002-01-18 00:00:00-05:00,8.80443518002319,9.101480907463323,8.70938063789351,8.881667137145996,32500,0.0,0.0
2002-01-22 00:00:00-05:00,8.958898863233784,9.261885633385939,8.709380413293156,8.941076278686523,22000,0.0,0.0
2002-01-23 00:00:00-05:00,9.13118430759516,9.505461939449338,9.13118430759516,9.469816207885742,21700,0.0,0.0
2002-01-24 00:00:00-05:00,9.505460611979167,9.653983434041342,8.80443271054343,8.911369323730469,33800,0.0,0.0
2002-01-25 00:00:00-05:00,8.911369323730469,9.149005612402107,8.869783114855334,8.911369323730469,20300,0.0,0.0
2002-01-28 00:00:00-05:00,8.917312873729507,9.030190000866062,8.881667137145996,8.881667137145996,8800,0.0,0.0
2002-01-29 00:00:00-05:00,8.893550568285162,8.941077846458015,8.881668465457025,8.935136795043945,25000,0.0,0.0
2002-01-30 00:00:00-05:00,8.935135458736383,8.935135458736383,8.881667137145996,8.881667137145996,21000,0.0,0.0
2002-01-31 00:00:00-05:00,8.917313003922919,9.030190132707487,8.917313003922919,8.970781326293945,8900,0.0,0.0
2002-02-01 00:00:00-05:00,8.881668174768306,8.964841192133544,8.816318311061934,8.92325496673584,10900,0.0,0.0
2002-02-04 00:00:00-05:00,8.923250690638879,9.05989140379186,8.82225513458252,8.82225513458252,19400,0.0,0.0
2002-02-05 00:00:00-05:00,8.822256615745028,9.04801082611084,8.762847255183717,9.04801082611084,1500,0.0,0.0
2002-02-06 00:00:00-05:00,9.059892145792643,9.059892145792643,8.851959968277757,8.911369323730469,22900,0.0,0.0
2002-02-07 00:00:00-05:00,8.881669645007015,8.91137433945251,8.851964950561523,8.851964950561523,3200,0.0,0.0
2002-02-08 00:00:00-05:00,8.851964950561523,8.91137433945251,8.851964950561523,8.851964950561523,2500,0.0,0.0
2002-02-11 00:00:00-05:00,8.91137433945251,8.91137433945251,8.851964950561523,8.851964950561523,26500,0.0,0.0
2002-02-12 00:00:00-05:00,8.851962451088031,8.887608187671542,8.851962451088031,8.881667137145996,2600,0.0,0.0
2002-02-13 00:00:00-05:00,8.911371549914401,8.911371549914401,8.881666864767405,8.893548965454102,4900,0.0,0.0
2002-02-14 00:00:00-05:00,8.893548965454102,8.893548965454102,8.893548965454102,8.893548965454102,0,0.0,0.0
2002-02-15 00:00:00-05:00,8.881669645007015,8.917315391655592,8.851964950561523,8.851964950561523,11300,0.0,0.0
2002-02-19 00:00:00-05:00,8.911371439153257,8.911371439153257,8.774730682373047,8.774730682373047,3400,0.0,0.0
2002-02-20 00:00:00-05:00,8.774731891080496,8.911372666682787,8.739086151123047,8.739086151123047,11900,0.0,0.0
2002-02-21 00:00:00-05:00,8.911369323730469,8.911369323730469,8.822255857121005,8.911369323730469,14900,0.0,0.0
2002-02-22 00:00:00-05:00,8.911369323730469,8.911369323730469,8.822255857121005,8.911369323730469,14100,0.0,0.0
2002-02-25 00:00:00-05:00,8.911369323730469,8.958896581464797,8.85790101713695,8.911369323730469,10300,0.0,0.0
2002-02-26 00:00:00-05:00,8.822252302277404,9.053947448730469,8.822252302277404,9.053947448730469,28700,0.0,0.0
2002-02-27 00:00:00-05:00,9.059893462318048,9.059893462318048,8.88166593663064,8.917311668395996,4800,0.0,0.0
2002-02-28 00:00:00-05:00,8.887606986353147,9.000484098232349,8.88166593663064,8.917311668395996,7400,0.0,0.0
2002-03-01 00:00:00-05:00,8.91137061867349,8.96483893303668,8.91137061867349,8.917311668395996,6700,0.0,0.0
2002-03-04 00:00:00-05:00,8.91731392303582,9.000486373901367,8.911372871811187,9.000486373901367,77900,0.0,0.0
2002-03-05 00:00:00-05:00,9.048013650558774,9.208418634204893,8.970782250917859,9.000486373901367,3100,0.0,0.0
2002-03-06 00:00:00-05:00,9.059888495195771,9.059888495195771,9.053947448730469,9.053947448730469,400,0.0,0.0
2002-03-07 00:00:00-05:00,9.030186653137207,9.036127701460249,9.030186653137207,9.030186653137207,8100,0.0,0.0
2002-03-08 00:00:00-05:00,8.941076639802288,9.000485446215832,8.911371953310633,8.970781326293945,7200,0.0,0.0
2002-03-11 00:00:00-05:00,8.911365621895,9.024242670481815,8.911365621895,8.982656478881836,6300,0.0,0.0
2002-03-12 00:00:00-05:00,8.887608317431262,9.036131183319773,8.887608317431262,8.970781326293945,12500,0.0,0.0
2002-03-13 00:00:00-05:00,8.941072367021887,9.564868218966577,8.941072367021887,9.327231407165527,18900,0.0,0.0
2002-03-14 00:00:00-05:00,9.220300494881917,9.374763856683277,9.059895515441895,9.059895515441895,7200,0.0,0.0
2002-03-15 00:00:00-05:00,9.006421338577612,9.143062591552734,9.006421338577612,9.143062591552734,1700,0.0,0.0
2002-03-18 00:00:00-05:00,9.059889183796036,9.06583023071289,9.059889183796036,9.06583023071289,200,0.0,0.0
2002-03-19 00:00:00-05:00,9.036131877736315,9.11930489299075,9.036131877736315,9.059895515441895,7800,0.0,0.0
2002-03-20 00:00:00-05:00,9.065829501614644,9.267820547987691,9.059888455175585,9.20841121673584,7000,0.0,0.0
2002-03-21 00:00:00-05:00,9.178708612253436,9.327231407165527,9.095536209707143,9.327231407165527,4600,0.0,0.0
2002-03-22 00:00:00-05:00,9.267823280146947,9.321291014152683,9.267823280146947,9.315350532531738,2100,0.0,0.0
2002-03-25 00:00:00-05:00,9.315348535526597,9.315348535526597,9.04206660961489,9.06583023071289,2700,0.0,0.0
2002-03-26 00:00:00-05:00,9.065837890985181,9.149010351820891,9.065837890985181,9.113365173339844,2700,0.0,0.0
2002-03-27 00:00:00-05:00,9.178709196735754,9.315350471372069,9.089595740741727,9.267823219299316,3400,0.0,0.0
2002-03-28 00:00:00-05:00,9.267824657941045,9.505460955193021,9.238119979142143,9.446051597595215,22300,0.0,0.0
2002-04-01 00:00:00-05:00,9.446053996330718,9.594576861471577,9.440113512318106,9.564872741699219,14000,0.0,0.0
2002-04-02 00:00:00-05:00,9.5351650674223,9.5351650674223,9.267824657941045,9.446051597595215,1500,0.0,0.0
2002-04-03 00:00:00-05:00,9.089600204216323,9.172772652900944,8.88166794936514,9.059895515441895,19300,0.0,0.0
2002-04-04 00:00:00-05:00,9.030186653137207,9.059891328182864,9.030186653137207,9.030186653137207,6300,0.0,0.0
2002-04-05 00:00:00-05:00,9.113359793855263,9.119300842285156,9.000482139965566,9.119300842285156,3800,0.0,0.0
2002-04-08 00:00:00-04:00,9.119300842285156,9.119300842285156,9.119300842285156,9.119300842285156,0,0.0,0.0
2002-04-09 00:00:00-04:00,9.137121544343067,9.143062591552734,9.089594299804618,9.143062591552734,3100,0.0,0.0
2002-04-10 00:00:00-04:00,9.09554125528517,9.09554125528517,9.059895515441895,9.059895515441895,13300,0.0,0.0
2002-04-11 00:00:00-04:00,9.012368240030735,9.089600204216323,9.006427188961887,9.059895515441895,3800,0.0,0.0
2002-04-12 00:00:00-04:00,9.059895515441895,9.059895515441895,9.059895515441895,9.059895515441895,0,0.0,0.0
2002-04-15 00:00:00-04:00,9.089596166705258,9.154945999725383,9.065832539555252,9.119300842285156,4000,0.0,0.0
2002-04-16 00:00:00-04:00,9.149006496651321,9.196533758979147,9.089597702026367,9.089597702026367,33500,0.0,0.0
2002-04-17 00:00:00-04:00,9.09553756885096,9.208414660560765,9.089596520190026,9.178709983825684,21800,0.0,0.0
2002-04-18 00:00:00-04:00,9.119302433428976,9.149006547622111,9.119302433428976,9.137125015258789,1200,0.0,0.0
2002-04-19 00:00:00-04:00,9.149006496651321,9.149006496651321,9.089597702026367,9.089597702026367,5700,0.0,0.0
2002-04-22 00:00:00-04:00,9.137124964354193,9.137124964354193,9.089597702026367,9.089597702026367,800,0.0,0.0
2002-04-23 00:00:00-04:00,9.143062591552734,9.143062591552734,9.089594299804618,9.143062591552734,2000,0.0,0.0
2002-04-24 00:00:00-04:00,9.238120935716262,9.469816207885742,9.238120935716262,9.469816207885742,9700,0.0,0.0
2002-04-25 00:00:00-04:00,9.267825357094084,9.713393872981884,9.267825357094084,9.535165786743164,12100,0.0,0.0
2002-04-26 00:00:00-04:00,9.481695915878507,9.481695915878507,9.303468436150771,9.315350532531738,4600,0.0,0.0
2002-04-29 00:00:00-04:00,9.309409484341254,9.315350532531738,9.297527387960287,9.315350532531738,1900,0.0,0.0
2002-04-30 00:00:00-04:00,9.434168663493717,9.440109711684201,9.25594118376598,9.315350532531738,3000,0.0,0.0
2002-05-01 00:00:00-04:00,9.297531750132844,9.356941126772016,9.226240838107719,9.238122940063477,16800,0.0,0.0
2002-05-02 00:00:00-04:00,9.434170470543053,9.434170470543053,9.15494738437202,9.250001907348633,9100,0.0,0.0
2002-05-03 00:00:00-04:00,9.39258245929941,9.547045746265212,9.297527387960287,9.315350532531738,2700,0.0,0.0
2002-05-06 00:00:00-04:00,9.43417086813595,9.523284912109375,9.43417086813595,9.523284912109375,1600,0.0,0.0
2002-05-07 00:00:00-04:00,9.529226731972345,9.529226731972345,9.38664436340332,9.38664436340332,3700,0.0,0.0
2002-05-08 00:00:00-04:00,9.398526724811225,9.564872741699219,9.398526724811225,9.564872741699219,16800,0.0,0.0
2002-05-09 00:00:00-04:00,9.446050717659393,9.564869421786586,9.416346608197165,9.463873863220215,3800,0.0,0.0
2002-05-10 00:00:00-04:00,9.499520301818848,9.499520301818848,9.499520301818848,9.499520301818848,600,0.0,0.0
2002-05-13 00:00:00-04:00,9.505463238485488,9.55893155985313,9.47575855255127,9.47575855255127,1800,0.0,0.0
2002-05-14 00:00:00-04:00,9.47575855255127,9.47575855255127,9.47575855255127,9.47575855255127,400,0.0,0.0
2002-05-15 00:00:00-04:00,9.505461351140026,9.505461351140026,9.446051991067542,9.499520301818848,3300,0.0,0.0
2002-05-16 00:00:00-04:00,9.38664436340332,9.38664436340332,9.38664436340332,9.38664436340332,1600,0.0,0.0
2002-05-17 00:00:00-04:00,9.446052280571118,9.457934379577637,9.386643485247514,9.457934379577637,600,0.0,0.0
2002-05-20 00:00:00-04:00,9.451991663012262,9.47575529026441,9.392582878166676,9.422286987304688,1000,0.0,0.0
2002-05-21 00:00:00-04:00,9.422290231183627,9.564872610353927,9.30347205401651,9.47575855255127,13500,0.0,0.0
2002-05-22 00:00:00-04:00,9.446051642810838,9.446051642810838,9.356938172557191,9.44011116027832,3000,0.0,0.0
2002-05-23 00:00:00-04:00,9.29752673486921,9.327231407165527,9.29752673486921,9.327231407165527,2800,0.0,0.0
2002-05-24 00:00:00-04:00,9.303472801110722,9.380704764113725,9.089600065035349,9.238122940063477,6900,0.0,0.0
2002-05-28 00:00:00-04:00,9.149004168111599,9.208413514185764,8.8519585708798,9.036127090454102,18300,0.0,0.0
2002-05-29 00:00:00-04:00,9.0895995056908,9.0895995056908,8.970781326293945,8.970781326293945,5400,0.0,0.0
2002-05-30 00:00:00-04:00,8.952960170465436,9.149010351820891,8.917314991984387,9.113365173339844,6100,0.0,0.0
2002-05-31 00:00:00-04:00,9.083655414742086,9.131182670593262,8.947014695812351,9.131182670593262,11700,0.0,0.0
2002-06-03 00:00:00-04:00,9.20247758298026,9.20247758298026,8.982663786797296,9.000486373901367,13900,0.0,0.0
2002-06-04 00:00:00-04:00,8.982662311874812,9.101480484008789,8.982662311874812,9.101480484008789,7000,0.0,0.0
2002-06-05 00:00:00-04:00,9.09553751198967,9.143064767840846,9.09553751198967,9.131182670593262,5800,0.0,0.0
2002-06-06 00:00:00-04:00,9.095534392468798,9.208411444759186,9.089593345882623,9.172765731811523,15900,0.0,0.0
2002-06-07 00:00:00-04:00,9.006424613659714,9.101479137302087,8.941074770297995,9.04801082611084,8200,0.0,0.0
2002-06-10 00:00:00-04:00,9.149008739034562,9.208418114790158,8.941077057029565,9.07177734375,2600,0.0,0.0
2002-06-11 00:00:00-04:00,8.970781756556882,9.149008750915527,8.970781756556882,9.149008750915527,16700,0.0,0.0
2002-06-12 00:00:00-04:00,8.911370234659067,9.137125015258789,8.911370234659067,9.137125015258789,500,0.0,0.0
2002-06-13 00:00:00-04:00,8.988600448015019,9.119300678274179,8.982659399691975,9.030186653137207,8300,0.0,0.0
2002-06-14 00:00:00-04:00,9.059894453284503,9.059894453284503,8.941076278686523,8.941076278686523,2500,0.0,0.0
2002-06-17 00:00:00-04:00,8.947015050316017,9.059892145792643,8.911369323730469,8.911369323730469,7200,0.0,0.0
2002-06-18 00:00:00-04:00,8.917312643766929,8.941076278686523,8.917312643766929,8.941076278686523,4600,0.0,0.0
2002-06-19 00:00:00-04:00,8.911372864296593,8.935136502605257,8.911372864296593,8.92325496673584,2000,0.0,0.0
2002-06-20 00:00:00-04:00,8.929194177941852,8.941076278686523,8.929194177941852,8.941076278686523,1200,0.0,0.0
2002-06-21 00:00:00-04:00,9.006426133072976,9.083658088204098,8.941076278686523,8.941076278686523,3200,0.0,0.0
2002-06-24 00:00:00-04:00,8.941076278686523,8.941076278686523,8.941076278686523,8.941076278686523,700,0.0,0.0
2002-06-25 00:00:00-04:00,8.941073105067408,9.012363984521617,8.941073105067408,8.958895683288574,6400,0.0,0.0
2002-06-26 00:00:00-04:00,9.006419752137173,9.006419752137173,8.976715087890625,8.976715087890625,1600,0.0,0.0
2002-06-27 00:00:00-04:00,8.970781326293945,8.970781326293945,8.970781326293945,8.970781326293945,3000,0.0,0.0
2002-06-28 00:00:00-04:00,9.006423554318571,9.457933055082671,9.0004825056473,9.428228378295898,13100,0.0,0.0
2002-07-01 00:00:00-04:00,9.20841121673584,9.624275402360054,9.059888455175585,9.20841121673584,27500,0.0,0.0
2002-07-02 00:00:00-04:00,9.440111686621325,9.440111686621325,8.970779546206803,9.089597702026367,14000,0.0,0.0
2002-07-03 00:00:00-04:00,9.00048197809155,9.030186653137207,9.00048197809155,9.030186653137207,5400,0.0,0.0
2002-07-05 00:00:00-04:00,9.006423026414591,9.030186653137207,9.006423026414591,9.030186653137207,2300,0.0,0.0
2002-07-08 00:00:00-04:00,9.006425316579945,9.208416478369525,9.006425316579945,9.083657264709473,1800,0.0,0.0
2002-07-09 00:00:00-04:00,9.059893785865622,9.107421052203604,8.952957153320312,8.952957153320312,7700,0.0,0.0
2002-07-10 00:00:00-04:00,8.935134745854782,8.935134745854782,8.465802556607406,8.49550724029541,24500,0.0,0.0
2002-07-11 00:00:00-04:00,8.46579547410734,8.46579547410734,8.257863428817357,8.442031860351562,21600,0.0,0.0
2002-07-12 00:00:00-04:00,8.436099032716479,8.436099032716479,8.323221899067345,8.412335395812988,8000,0.0,0.0
2002-07-15 00:00:00-04:00,8.412335316060958,8.412335316060958,8.317280769348145,8.317280769348145,16700,0.0,0.0
2002-07-16 00:00:00-04:00,8.317278304227653,8.370746612548828,8.317278304227653,8.370746612548828,5700,0.0,0.0
2002-07-17 00:00:00-04:00,8.317277536662626,8.317277536662626,8.287572860717773,8.287572860717773,45800,0.0,0.0
2002-07-18 00:00:00-04:00,8.287572548076032,8.305395126342773,8.287572548076032,8.305395126342773,22800,0.0,0.0
2002-07-19 00:00:00-04:00,8.287570580805383,8.287570580805383,8.198457144055523,8.228161811828613,11200,0.0,0.0
2002-07-22 00:00:00-04:00,8.079644223650265,8.24598967671413,7.9905301631530055,8.103407859802246,35200,0.0,0.0
2002-07-23 00:00:00-04:00,8.085579442333625,8.317275168859704,8.085579442333625,8.210338592529297,17500,0.0,0.0
2002-07-24 00:00:00-04:00,8.139049167384279,8.168753840116787,8.07964038848877,8.07964038848877,9400,0.0,0.0
2002-07-25 00:00:00-04:00,8.139049468298245,8.204399864039775,8.067758591046191,8.091522216796875,40900,0.0,0.0
2002-07-26 00:00:00-04:00,8.109342537594175,8.109342537594175,8.079638438599774,8.085578918457031,4400,0.0,0.0
2002-07-29 00:00:00-04:00,8.168751868721717,8.465797391220688,8.079638438599774,8.085578918457031,5100,0.0,0.0
2002-07-30 00:00:00-04:00,8.305397103910629,8.323220252990723,8.139051678484192,8.323220252990723,4700,0.0,0.0
2002-07-31 00:00:00-04:00,8.329160793765267,8.424215316772461,8.192519492015188,8.424215316772461,1600,0.0,0.0
2002-08-01 00:00:00-04:00,8.168754161133688,8.644027243822645,8.162813113039812,8.543031692504883,10100,0.0,0.0
2002-08-02 00:00:00-04:00,8.323221820160143,8.596503925244374,8.317280769348145,8.317280769348145,4700,0.0,0.0
2002-08-05 00:00:00-04:00,8.204405367653345,8.204405367653345,8.008354615485086,8.156877517700195,133900,0.0,0.0
2002-08-06 00:00:00-04:00,8.168757994997778,8.4360990524292,8.079644498043901,8.4360990524292,17400,0.0,0.0
2002-08-07 00:00:00-04:00,8.489566501703878,8.774730682373047,8.317280009876372,8.774730682373047,4700,0.0,0.0
2002-08-08 00:00:00-04:00,8.774730682373047,8.774730682373047,8.774730682373047,8.774730682373047,0,0.0,0.0
2002-08-09 00:00:00-04:00,8.329160508512839,8.465801239013672,8.329160508512839,8.465801239013672,600,0.0,0.0
2002-08-12 00:00:00-04:00,8.792553753598026,8.893549347494439,8.323221521137546,8.358866691589355,2500,0.0,0.0
2002-08-13 00:00:00-04:00,8.335101494373408,8.483624332096374,8.317278912486158,8.364806175231934,8300,0.0,0.0
2002-08-14 00:00:00-04:00,8.323216984392081,8.578675788619396,8.323216984392081,8.471739768981934,2400,0.0,0.0
2002-08-15 00:00:00-04:00,8.43609297846408,8.608379364013672,8.43609297846408,8.608379364013672,1100,0.0,0.0
2002-08-16 00:00:00-04:00,8.329158756610525,8.608381208009213,8.329158756610525,8.560853958129883,2100,0.0,0.0
2002-08-19 00:00:00-04:00,8.477682129381593,8.531149864196777,8.477682129381593,8.531149864196777,600,0.0,0.0
2002-08-20 00:00:00-04:00,8.548976009688444,8.620266914367676,8.548976009688444,8.620266914367676,200,0.0,0.0
2002-08-21 00:00:00-04:00,8.70344129553849,8.756909627622774,8.614327786444598,8.64403247833252,4900,0.0,0.0
2002-08-22 00:00:00-04:00,8.762848148751903,8.91137099873075,8.727202415466309,8.727202415466309,3900,0.0,0.0
2002-08-23 00:00:00-04:00,8.709379196166992,8.709379196166992,8.709379196166992,8.709379196166992,200,0.0,0.0
2002-08-26 00:00:00-04:00,8.709378195074775,8.911369323730469,8.709378195074775,8.911369323730469,2700,0.0,0.0
2002-08-27 00:00:00-04:00,8.70937630223035,8.70937630223035,8.685612678527832,8.685612678527832,2800,0.0,0.0
2002-08-28 00:00:00-04:00,8.792547954507846,8.84007519481037,8.679670333862305,8.679670333862305,3200,0.0,0.0
2002-08-29 00:00:00-04:00,8.679670333862305,8.679670333862305,8.679670333862305,8.679670333862305,0,0.0,0.0
2002-08-30 00:00:00-04:00,8.709379196166992,8.709379196166992,8.709379196166992,8.709379196166992,100,0.0,0.0
2002-09-03 00:00:00-04:00,8.709379738145598,8.709379738145598,8.632147789001465,8.632147789001465,2900,0.0,0.0
2002-09-04 00:00:00-04:00,8.632147789001465,8.632147789001465,8.632147789001465,8.632147789001465,1000,0.0,0.0
2002-09-05 00:00:00-04:00,8.691552427222634,8.691552427222634,8.679670333862305,8.679670333862305,800,0.0,0.0
2002-09-06 00:00:00-04:00,8.632143093559781,8.792547954507846,8.632143093559781,8.679670333862305,5600,0.0,0.0
2002-09-09 00:00:00-04:00,8.638091312053454,8.733145871577971,8.55491828918457,8.55491828918457,2700,0.0,0.0
2002-09-10 00:00:00-04:00,8.620264379695277,8.673732684125506,8.620264379695277,8.655909538269043,1600,0.0,0.0
2002-09-11 00:00:00-04:00,8.673730850219727,8.673730850219727,8.673730850219727,8.673730850219727,100,0.0,0.0
2002-09-12 00:00:00-04:00,8.828198498732199,8.911371503395666,8.733143960013804,8.899489402770996,3700,0.0,0.0
2002-09-13 00:00:00-04:00,8.73313962413827,8.73313962413827,8.584616839487722,8.673730850219727,3500,0.0,0.0
2002-09-16 00:00:00-04:00,8.679671331012958,8.679671331012958,8.673730850219727,8.673730850219727,700,0.0,0.0
2002-09-17 00:00:00-04:00,8.703433954013567,8.703433954013567,8.679670333862305,8.679670333862305,2000,0.0,0.0
2002-09-18 00:00:00-04:00,8.55491118642583,8.679670333862305,8.55491118642583,8.679670333862305,1500,0.0,0.0
2002-09-19 00:00:00-04:00,8.67967441419688,8.67967441419688,8.614324569702148,8.614324569702148,1300,0.0,0.0
2002-09-20 00:00:00-04:00,8.822258989021998,9.98073673248291,8.70344023593593,9.98073673248291,141100,0.0,0.0
2002-09-23 00:00:00-04:00,10.069849014282227,10.123317327381303,9.89162092623886,10.069849014282227,50500,0.0,0.0
2002-09-24 00:00:00-04:00,10.040142214219545,10.040142214219545,9.861915286868454,9.933205604553223,12800,0.0,0.0
2002-09-25 00:00:00-04:00,9.921324194821699,9.921324194821699,9.74903719073204,9.802505493164062,20600,0.0,0.0
2002-09-26 00:00:00-04:00,9.743092689011585,9.838147163391113,9.743092689011585,9.838147163391113,9300,0.0,0.0
2002-09-27 00:00:00-04:00,9.713393448546917,9.867857329948643,9.600515778841947,9.624279975891113,6900,0.0,0.0
2002-09-30 00:00:00-04:00,9.624283007674045,9.624283007674045,9.505464251277223,9.547050476074219,8400,0.0,0.0
2002-10-01 00:00:00-04:00,9.832210335924076,10.456006866480633,9.832210335924076,10.141138076782227,53900,0.0,0.0
2002-10-02 00:00:00-04:00,10.182724341141942,10.254015794475212,10.034201518741906,10.188665390014648,15800,0.0,0.0
2002-10-03 00:00:00-04:00,10.176786463310187,10.271842141753204,10.158964444278014,10.224313735961914,32100,0.0,0.0
2002-10-04 00:00:00-04:00,10.265898455558624,10.265898455558624,10.135197639465332,10.135197639465332,8500,0.0,0.0
2002-10-07 00:00:00-04:00,10.230250867300771,10.230250867300771,10.06984709176686,10.0995512008667,8900,0.0,0.0
2002-10-08 00:00:00-04:00,10.099546185319857,10.153014461657929,9.921319352951992,9.956964492797852,6900,0.0,0.0
2002-10-09 00:00:00-04:00,9.897559583660545,9.921323776245117,9.897559583660545,9.921323776245117,2100,0.0,0.0
2002-10-10 00:00:00-04:00,10.087669470389114,10.087669470389114,9.909442543038024,9.933205604553223,4100,0.0,0.0
2002-10-11 00:00:00-04:00,10.081729980306974,10.081729980306974,9.89162092623886,10.069849014282227,4800,0.0,0.0
2002-10-14 00:00:00-04:00,10.057969093322754,10.057969093322754,10.01638287038165,10.057969093322754,1800,0.0,0.0
2002-10-15 00:00:00-04:00,9.980733759716431,10.218371195108137,9.861916175159848,10.135197639465332,12200,0.0,0.0
2002-10-16 00:00:00-04:00,10.218371319810739,10.218371319810739,10.129256713881679,10.20054817199707,18600,0.0,0.0
2002-10-17 00:00:00-04:00,10.200548833456644,10.366894824419818,10.15896261900069,10.242135047912598,42700,0.0,0.0
2002-10-18 00:00:00-04:00,10.242133352615262,10.242133352615262,10.15896093747021,10.182723999023438,26000,0.0,0.0
2002-10-21 00:00:00-04:00,10.200547145042735,10.218370291062035,10.182723999023438,10.182723999023438,31700,0.0,0.0
2002-10-22 00:00:00-04:00,10.147077026595854,10.218368464792372,10.147077026595854,10.170841217041016,9100,0.0,0.0
2002-10-23 00:00:00-04:00,10.176783974912178,10.20054817199707,10.17084405878024,10.20054817199707,4500,0.0,0.0
2002-10-24 00:00:00-04:00,10.20649242401123,10.218374526282217,10.16490619920242,10.20649242401123,37500,0.0,0.0
2002-10-25 00:00:00-04:00,10.27778001192109,10.27778001192109,10.176784436012854,10.27184009552002,3300,0.0,0.0
2002-10-28 00:00:00-05:00,10.277778240281654,10.277778240281654,10.194605827331543,10.194605827331543,8700,0.0,0.0
2002-10-29 00:00:00-05:00,10.218371049419192,10.218371049419192,10.182724754735101,10.212430000305176,10300,0.0,0.0
2002-10-30 00:00:00-05:00,10.206485482409347,10.218367576599121,10.182721294029797,10.218367576599121,3400,0.0,0.0
2002-10-31 00:00:00-05:00,10.248074999975293,10.366893714100266,10.218370888013668,10.319366455078125,6200,0.0,0.0
2002-11-01 00:00:00-05:00,10.277775781270256,10.325303024890484,10.194603388219573,10.218367576599121,11300,0.0,0.0
2002-11-04 00:00:00-05:00,10.319368177622497,10.319368177622497,10.200549443663894,10.236194610595703,8400,0.0,0.0
2002-11-05 00:00:00-05:00,10.31342544195026,10.456007219512891,10.27777914770517,10.396597862243652,12400,0.0,0.0
2002-11-06 00:00:00-05:00,10.307486831864258,10.33124990051122,10.200550190104153,10.265900611877441,16300,0.0,0.0
2002-11-07 00:00:00-05:00,10.212430000305178,10.212430000305178,10.212430000305178,10.212430000305176,200,0.0,0.0
2002-11-08 00:00:00-05:00,10.218373818377565,10.224313735961914,10.218373818377565,10.224313735961914,3300,0.0,0.0
2002-11-11 00:00:00-05:00,10.277775781270256,10.301539969649806,10.194603388219573,10.218367576599121,7500,0.0,0.0
2002-11-12 00:00:00-05:00,10.20054817199707,10.295602694058067,10.194607122725847,10.20054817199707,4600,0.0,0.0
2002-11-13 00:00:00-05:00,10.390658650475654,10.396599700566997,10.33719033279301,10.378776550292969,4800,0.0,0.0
2002-11-14 00:00:00-05:00,10.450058852938062,10.634226711685958,10.426294673415264,10.586699485778809,11300,0.0,0.0
2002-11-15 00:00:00-05:00,10.657996550213626,10.990687308210246,10.551059951858523,10.943160057067871,25100,0.0,0.0
2002-11-18 00:00:00-05:00,11.133273519176816,11.537255882202958,11.133273519176816,11.454083442687988,20300,0.0,0.0
2002-11-19 00:00:00-05:00,11.58478553671586,11.923417548025196,11.287739753723145,11.287739753723145,49100,0.0,0.0
2002-11-20 00:00:00-05:00,11.281794393747406,11.281794393747406,11.07980324779841,11.139212608337402,17900,0.0,0.0
2002-11-21 00:00:00-05:00,11.287732911134848,11.287732911134848,10.901573853960675,10.943160057067871,19200,0.0,0.0
2002-11-22 00:00:00-05:00,10.990691322912559,10.990691322912559,10.836227416992186,10.836227416992188,8400,0.0,0.0
2002-11-25 00:00:00-05:00,10.842165038484755,10.925337448778206,10.842165038484755,10.91939640045166,13800,0.0,0.0
2002-11-26 00:00:00-05:00,10.925338635927533,10.925338635927533,10.693643391711666,10.830284118652344,7800,0.0,0.0
2002-11-27 00:00:00-05:00,10.74711229360064,10.800580604166955,10.604530509803563,10.717408180236816,6700,0.0,0.0
2002-11-29 00:00:00-05:00,10.723350551132777,10.723350551132777,10.675823278987384,10.693646430969238,9600,0.0,0.0
2002-12-02 00:00:00-05:00,10.842169298066032,10.842169298066032,10.675823278987384,10.693646430969238,25700,0.0,0.0
2002-12-03 00:00:00-05:00,10.717410633611708,10.723350551132777,10.63423705750261,10.693646430969238,21000,0.0,0.0
2002-12-04 00:00:00-05:00,10.640172625908013,10.687699873565409,10.551059178192764,10.604527473449707,4000,0.0,0.0
2002-12-05 00:00:00-05:00,10.681758825965863,10.681758825965863,10.604527473449707,10.604527473449707,1900,0.0,0.0
2002-12-06 00:00:00-05:00,10.604528634946995,10.610469683197254,10.545119285583496,10.545119285583496,7900,0.0,0.0
2002-12-09 00:00:00-05:00,10.503530689198993,10.580762032587737,10.248071338304268,10.473825454711914,38600,0.0,0.0
2002-12-10 00:00:00-05:00,10.366890563511022,10.390653619230672,10.349067421867115,10.360949516296387,1600,0.0,0.0
2002-12-11 00:00:00-05:00,10.432244396421149,10.57482619275012,10.349071965180764,10.527298927307129,5500,0.0,0.0
2002-12-12 00:00:00-05:00,10.616409768208603,10.616409768208603,10.372831344604492,10.372831344604492,4000,0.0,0.0
2002-12-13 00:00:00-05:00,10.390656885214879,10.50947560057683,10.36689382202604,10.414421081542969,2800,0.0,0.0
2002-12-16 00:00:00-05:00,10.402535158220585,10.473825454711914,10.402535158220585,10.473825454711914,3200,0.0,0.0
2002-12-17 00:00:00-05:00,10.509475096527625,10.515416145324707,10.509475096527625,10.515416145324707,400,0.0,0.0
2002-12-18 00:00:00-05:00,10.545123563872442,10.972869013180974,10.515419443708904,10.693646430969238,9800,0.0,0.0
2002-12-19 00:00:00-05:00,11.044160610311296,11.103569984436035,11.026337458132005,11.103569984436035,3400,0.0,0.0
2002-12-20 00:00:00-05:00,11.109509468078615,11.168917700683792,11.00257283636625,11.109509468078613,6100,0.0,0.0
2002-12-23 00:00:00-05:00,11.020394852892043,11.162977783934796,11.014454936143046,11.109509468078613,10500,0.0,0.0
2002-12-24 00:00:00-05:00,11.020391586932648,11.13326923508144,11.020391586932648,11.115446090698242,16700,0.0,0.0
2002-12-26 00:00:00-05:00,11.10951062668545,11.151096847101847,11.050101254745089,11.079805374145508,2200,0.0,0.0
2002-12-27 00:00:00-05:00,11.103566726901374,11.103566726901374,11.032275272239069,11.050098419189453,4000,0.0,0.0
2002-12-30 00:00:00-05:00,11.103565127581843,11.115446090698242,11.020391586932648,11.115446090698242,11600,0.0,0.0
2002-12-31 00:00:00-05:00,11.079801655775443,11.347143173217772,11.073860607261263,11.347143173217773,10500,0.0,0.0
2003-01-02 00:00:00-05:00,11.34714515974275,11.489726949627158,11.287735797339412,11.471903800964355,12400,0.0,0.0
2003-01-03 00:00:00-05:00,11.370909870033516,11.495669662445474,11.370909870033516,11.454083442687988,5500,0.0,0.0
2003-01-06 00:00:00-05:00,11.460021026128604,11.483784087455541,11.317438125610352,11.317438125610352,5600,0.0,0.0
2003-01-07 00:00:00-05:00,11.412497000878433,11.412497000878433,11.305561484310623,11.406557083129883,1800,0.0,0.0
2003-01-08 00:00:00-05:00,11.471899247693928,11.471899247693928,11.287731317166417,11.353081703186035,7700,0.0,0.0
2003-01-09 00:00:00-05:00,11.287734429530913,11.341202735900879,11.287734429530913,11.341202735900879,700,0.0,0.0
2003-01-10 00:00:00-05:00,11.246147614755019,11.347143173217772,11.246147614755019,11.347143173217773,700,0.0,0.0
2003-01-13 00:00:00-05:00,11.293680805359767,11.293680805359767,11.10951273718341,11.287739753723145,6100,0.0,0.0
2003-01-14 00:00:00-05:00,11.347143655429768,11.347143655429768,11.27585220336914,11.27585220336914,1400,0.0,0.0
2003-01-15 00:00:00-05:00,11.293676472495525,11.29961752185284,11.020393867755532,11.168916702270508,5300,0.0,0.0
2003-01-16 00:00:00-05:00,11.258032125417866,11.258032125417866,11.020394666459666,11.026335716247559,5800,0.0,0.0
2003-01-17 00:00:00-05:00,11.020394666459666,11.02633571624756,11.020394666459666,11.026335716247559,600,0.0,0.0
2003-01-21 00:00:00-05:00,11.091686130775003,11.180799611314637,11.02633571624756,11.026335716247559,3100,0.0,0.0
2003-01-22 00:00:00-05:00,10.996628439308141,10.996628439308141,10.753051133721238,10.7886962890625,2600,0.0,0.0
2003-01-23 00:00:00-05:00,10.788698268200713,10.80652141571045,10.788698268200713,10.80652141571045,1500,0.0,0.0
2003-01-24 00:00:00-05:00,10.84217163817733,10.84217163817733,10.753058125313421,10.794644355773926,900,0.0,0.0
2003-01-27 00:00:00-05:00,10.836227416992186,11.151096279038267,10.758996030601732,10.836227416992188,3600,0.0,0.0
2003-01-28 00:00:00-05:00,10.859987732884084,11.002569487388193,10.7886962890625,10.7886962890625,4400,0.0,0.0
2003-01-29 00:00:00-05:00,10.788693087879997,10.788693087879997,10.669874427812493,10.753047943115234,7000,0.0,0.0
2003-01-30 00:00:00-05:00,10.681761185121637,10.77681570143001,10.669879087298286,10.7352294921875,3400,0.0,0.0
2003-01-31 00:00:00-05:00,10.6342313573871,10.687699651533261,10.521353721618652,10.521353721618652,8500,0.0,0.0
2003-02-03 00:00:00-05:00,10.545120797487742,10.646116365944183,10.491652488708496,10.491652488708496,4400,0.0,0.0
2003-02-04 00:00:00-05:00,10.491650984470255,10.5748233936957,10.491650984470255,10.545119285583496,5300,0.0,0.0
2003-02-05 00:00:00-05:00,10.551066347877981,11.495672028445991,10.551066347877981,11.287739753723145,12100,0.0,0.0
2003-02-06 00:00:00-05:00,11.06198220211083,11.139213584381203,11.06198220211083,11.109509468078613,1900,0.0,0.0
2003-02-07 00:00:00-05:00,11.115447347513646,11.115447347513646,11.044157028198242,11.044157028198242,1700,0.0,0.0
2003-02-10 00:00:00-05:00,11.044161481073672,11.044161481073672,10.693647392555405,10.770878791809082,5900,0.0,0.0
2003-02-11 00:00:00-05:00,10.634234960026907,10.93128063563179,10.396598646170867,10.503535270690918,4200,0.0,0.0
2003-02-12 00:00:00-05:00,10.461953163146973,10.461953163146973,10.444130007685919,10.461953163146973,7900,0.0,0.0
2003-02-13 00:00:00-05:00,10.43818596376009,10.456009114112138,10.42630386352539,10.42630386352539,4200,0.0,0.0
2003-02-14 00:00:00-05:00,10.45006275177002,10.503531042506445,10.444121704672764,10.45006275177002,14600,0.0,0.0
2003-02-18 00:00:00-05:00,10.48571105980257,10.48571105980257,10.408479690551758,10.408479690551758,17200,0.0,0.0
2003-02-19 00:00:00-05:00,10.491648595404161,10.491648595404161,10.426298212671417,10.473825454711914,300,0.0,0.0
2003-02-20 00:00:00-05:00,10.42630386352539,10.515418482146188,10.396599746078088,10.42630386352539,9400,0.0,0.0
2003-02-21 00:00:00-05:00,10.509475527741284,10.509475527741284,10.360952701137803,10.396597862243652,13000,0.0,0.0
2003-02-24 00:00:00-05:00,10.366892837064562,10.628292173002427,10.366892837064562,10.616411209106445,6900,0.0,0.0
2003-02-25 00:00:00-05:00,10.45600958592375,10.574827194213867,10.45600958592375,10.574827194213867,500,0.0,0.0
2003-02-26 00:00:00-05:00,10.574827194213867,10.574827194213867,10.574827194213867,10.574827194213867,0,0.0,0.0
2003-02-27 00:00:00-05:00,10.491652488708496,10.491652488708496,10.48571143960644,10.491652488708496,800,0.0,0.0
2003-02-28 00:00:00-05:00,10.456009864807129,10.456009864807129,10.456009864807129,10.456009864807129,1000,0.0,0.0
2003-03-03 00:00:00-05:00,10.456009864807129,10.456009864807129,10.456009864807129,10.456009864807129,0,0.0,0.0
2003-03-04 00:00:00-05:00,10.43818187713623,10.43818187713623,10.43818187713623,10.43818187713623,200,0.0,0.0
2003-03-05 00:00:00-05:00,10.43818417992925,10.491652488708496,10.43818417992925,10.491652488708496,4000,0.0,0.0
2003-03-06 00:00:00-05:00,10.45601211132662,10.461953163146973,10.45601211132662,10.461953163146973,300,0.0,0.0
2003-03-07 00:00:00-05:00,10.456009114112138,10.456009114112138,10.42630386352539,10.42630386352539,400,0.0,0.0
2003-03-10 00:00:00-05:00,10.461953163146973,10.461953163146973,10.461953163146973,10.461953163146973,100,0.0,0.0
2003-03-11 00:00:00-05:00,10.473828803745137,10.515416145324707,10.473828803745137,10.515416145324707,3300,0.0,0.0
2003-03-12 00:00:00-05:00,10.527299044201836,10.693645041669097,10.527299044201836,10.592649459838867,11200,0.0,0.0
2003-03-13 00:00:00-05:00,10.68176266658255,10.931281089782715,10.343130763626478,10.931281089782715,7100,0.0,0.0
2003-03-14 00:00:00-05:00,10.717408481230661,10.782757759094238,10.616412906562237,10.782757759094238,3200,0.0,0.0
2003-03-17 00:00:00-05:00,10.717403550264313,10.871866232794686,10.717403550264313,10.842162132263184,10200,0.0,0.0
2003-03-18 00:00:00-05:00,10.842165677914698,10.901575031544805,10.753052214039124,10.854047775268555,1900,0.0,0.0
2003-03-19 00:00:00-05:00,10.86593043038077,10.871870346223426,10.753052766003368,10.800580024719238,3400,0.0,0.0
2003-03-20 00:00:00-05:00,10.758996855096482,10.758996855096482,10.663942310805698,10.693646430969238,1900,0.0,0.0
2003-03-21 00:00:00-05:00,10.758989744263937,10.907512513199048,10.747107650795815,10.842162132263184,8100,0.0,0.0
2003-03-24 00:00:00-05:00,10.67582282099709,11.014455895287725,10.67582282099709,10.812464714050293,7900,0.0,0.0
2003-03-25 00:00:00-05:00,10.830285385880648,10.830285385880648,10.735230857483335,10.758995056152344,24900,0.0,0.0
2003-03-26 00:00:00-05:00,10.818398475646973,10.818398475646973,10.818398475646973,10.818398475646973,100,0.0,0.0
2003-03-27 00:00:00-05:00,10.7886962890625,10.7886962890625,10.7886962890625,10.7886962890625,300,0.0,0.0
2003-03-28 00:00:00-05:00,10.7827546425583,10.7827546425583,10.764932632446289,10.764932632446289,500,0.0,0.0
2003-03-31 00:00:00-05:00,10.800580366540537,10.842166577590657,10.800580366540537,10.80652141571045,800,0.0,0.0
2003-04-01 00:00:00-05:00,10.865931808969382,10.931281089782715,10.865931808969382,10.931281089782715,400,0.0,0.0
2003-04-02 00:00:00-05:00,10.895636136250575,11.228326995936412,10.895636136250575,11.091686248779297,1900,0.0,0.0
2003-04-03 00:00:00-05:00,11.038215189480882,11.287733555507131,11.038215189480882,11.216442108154297,11300,0.0,0.0
2003-04-04 00:00:00-05:00,11.228328364417955,11.240210465568317,11.222387313842773,11.222387313842773,5800,0.0,0.0
2003-04-07 00:00:00-04:00,11.287736432172952,11.376849914220122,11.044159052445636,11.109509468078613,28600,0.0,0.0
2003-04-08 00:00:00-04:00,10.90157628002713,11.263971225708948,10.90157628002713,11.168916702270508,5100,0.0,0.0
2003-04-09 00:00:00-04:00,11.263972623306417,11.27585472349534,11.263972623306417,11.269913673400879,1400,0.0,0.0
2003-04-10 00:00:00-04:00,11.269910869817322,11.317438125610352,11.180797406847782,11.317438125610352,18300,0.0,0.0
2003-04-11 00:00:00-04:00,11.168920987270164,11.317443878766522,11.10951273718341,11.287739753723145,5000,0.0,0.0
2003-04-14 00:00:00-04:00,11.139211199671276,12.071934302821484,10.753052104710504,11.317438125610352,14000,0.0,0.0
2003-04-15 00:00:00-04:00,11.376853261993011,11.436262645219502,11.127334758953543,11.287739753723145,6200,0.0,0.0
2003-04-16 00:00:00-04:00,11.234271422133277,11.436262645219502,10.753057570964206,11.287739753723145,10100,0.0,0.0
2003-04-17 00:00:00-04:00,11.258033601164902,11.258033601164902,11.127332754977237,11.145155906677246,500,0.0,0.0
2003-04-21 00:00:00-04:00,11.317434740971457,11.317434740971457,10.87186642623811,11.311494827270508,8900,0.0,0.0
2003-04-22 00:00:00-04:00,11.317436625164529,11.436255315463914,11.317436625164529,11.370904922485352,2200,0.0,0.0
2003-04-23 00:00:00-04:00,11.430319812553666,11.436260863264575,11.400615692138672,11.400615692138672,7900,0.0,0.0
2003-04-24 00:00:00-04:00,11.430316783825472,11.454080980372238,11.258030891418457,11.258030891418457,9000,0.0,0.0
2003-04-25 00:00:00-04:00,11.258035628679767,11.287739753723145,11.2402124737699,11.287739753723145,3400,0.0,0.0
2003-04-28 00:00:00-04:00,11.240206759873862,11.454079977512082,11.240206759873862,11.317438125610352,23000,0.0,0.0
2003-04-29 00:00:00-04:00,11.40061039238959,11.40061039238959,11.252087593078612,11.252087593078613,4400,0.0,0.0
2003-04-30 00:00:00-04:00,11.335260586385914,11.549133791098187,11.335260586385914,11.448138236999512,4200,0.0,0.0
2003-05-01 00:00:00-04:00,11.424373558949384,11.58477845567362,11.424373558949384,11.54913330078125,3200,0.0,0.0
2003-05-02 00:00:00-04:00,11.58478198790305,11.733304833901807,11.58478198790305,11.590723037719727,10200,0.0,0.0
2003-05-05 00:00:00-04:00,11.632309937393044,11.632309937393044,11.584782669203939,11.602605819702148,3000,0.0,0.0
2003-05-06 00:00:00-04:00,11.483788478396567,11.549138905026556,11.335265605611749,11.406557083129883,6200,0.0,0.0
2003-05-07 00:00:00-04:00,11.418429336918111,11.67388866443699,11.418429336918111,11.572893142700195,10500,0.0,0.0
2003-05-08 00:00:00-04:00,11.572901197520347,11.774892381581216,11.572901197520347,11.673896789550781,41000,0.0,0.0
2003-05-09 00:00:00-04:00,11.757067051855174,11.792712211608887,11.739243905408717,11.792712211608887,3400,0.0,0.0
2003-05-12 00:00:00-04:00,11.76301267651999,12.398691610623045,11.69172232241294,11.869949340820312,1520000,0.0,0.0
2003-05-13 00:00:00-04:00,11.875885764129997,11.935295124825425,11.733303978344551,11.905591011047363,2900,0.0,0.0
2003-05-14 00:00:00-04:00,11.893707758086071,11.90558985569995,11.822416305541992,11.822416305541992,4500,0.0,0.0
2003-05-15 00:00:00-04:00,11.76301058260776,11.899652481079102,11.76301058260776,11.899652481079102,3500,0.0,0.0
2003-05-16 00:00:00-04:00,11.81053654693843,11.923414230346681,11.81053654693843,11.92341423034668,3900,0.0,0.0
2003-05-19 00:00:00-04:00,11.840243991002353,11.92341643990585,11.840243991002353,11.881830215454102,2200,0.0,0.0
2003-05-20 00:00:00-04:00,11.792712194646489,11.970939126297894,11.626366227469768,11.822416305541992,13100,0.0,0.0
2003-05-21 00:00:00-04:00,11.911531941539716,11.965000257404414,11.667954561773604,11.733304977416992,7900,0.0,0.0
2003-05-22 00:00:00-04:00,11.727365493774412,11.733306544457214,11.64419305049431,11.727365493774414,2800,0.0,0.0
2003-05-23 00:00:00-04:00,11.73330624596518,11.768951416015627,11.596665483155526,11.768951416015625,4400,0.0,0.0
2003-05-27 00:00:00-04:00,11.745184954224204,11.8283573713626,11.721420758962262,11.792712211608887,5600,0.0,0.0
2003-05-28 00:00:00-04:00,11.727362127076324,11.822416644433721,11.578839302062988,11.578839302062988,2700,0.0,0.0
2003-05-29 00:00:00-04:00,11.59072140001747,11.64418970767341,11.53131204338429,11.578839302062988,7500,0.0,0.0
2003-05-30 00:00:00-04:00,11.584779338137244,11.852120853042216,11.477842732175255,11.53131103515625,8400,0.0,0.0
2003-06-02 00:00:00-04:00,11.353085480300193,11.751126709762659,11.353085480300193,11.412493705749512,5500,0.0,0.0
2003-06-03 00:00:00-04:00,11.430317371988487,11.751127243041992,11.412494223661298,11.751127243041992,12500,0.0,0.0
2003-06-04 00:00:00-04:00,11.751131475469958,11.840244982923455,11.614489555358887,11.614489555358887,7300,0.0,0.0
2003-06-05 00:00:00-04:00,11.662009230902934,11.970936912908849,11.62636407779117,11.86400032043457,6200,0.0,0.0
2003-06-06 00:00:00-04:00,11.911530887778984,11.964999198913574,11.650131514609093,11.964999198913574,4200,0.0,0.0
2003-06-09 00:00:00-04:00,11.673893501577579,11.964998094701164,11.673893501577579,11.792712211608887,2400,0.0,0.0
2003-06-10 00:00:00-04:00,11.798652806098024,11.970938682556152,11.792711757511308,11.970938682556152,4700,0.0,0.0
2003-06-11 00:00:00-04:00,11.982822315036103,11.982822315036103,11.887767791748047,11.887767791748047,6200,0.0,0.0
2003-06-12 00:00:00-04:00,11.887770379796455,11.941238702428816,11.887770379796455,11.899652481079102,1600,0.0,0.0
2003-06-13 00:00:00-04:00,11.905593614839773,11.905593614839773,11.727365493774412,11.727365493774414,2900,0.0,0.0
2003-06-16 00:00:00-04:00,11.822420837748904,11.905594419792033,11.763011460043709,11.881830215454102,14100,0.0,0.0
2003-06-17 00:00:00-04:00,11.881830056745033,12.267989306961324,11.881830056745033,12.036293983459473,15600,0.0,0.0
2003-06-18 00:00:00-04:00,12.036292968773104,12.309574493132981,12.036292968773104,12.285811424255371,13200,0.0,0.0
2003-06-19 00:00:00-04:00,12.30363425244373,12.30363425244373,12.172934532165527,12.172934532165527,3400,0.0,0.0
2003-06-20 00:00:00-04:00,12.309576988220215,12.309576988220215,12.178877250052402,12.309576988220215,2100,0.0,0.0
2003-06-23 00:00:00-04:00,12.309573855112669,12.327397005701721,11.911532557072867,12.321455955505371,10200,0.0,0.0
2003-06-24 00:00:00-04:00,12.238280296325684,12.315511662261962,12.238280296325684,12.238280296325684,1900,0.0,0.0
2003-06-25 00:00:00-04:00,12.327393759525748,12.327393759525748,12.238280296325684,12.238280296325684,1900,0.0,0.0
2003-06-26 00:00:00-04:00,12.220458252575122,12.32739487131532,11.911530494689941,11.911530494689941,5000,0.0,0.0
2003-06-27 00:00:00-04:00,11.917463623541266,12.386795997619629,11.911522578321962,12.386795997619629,2000,0.0,0.0
2003-06-30 00:00:00-04:00,12.374922131517712,12.386804229853126,11.899649529493791,11.911530494689941,15400,0.0,0.0
2003-07-01 00:00:00-04:00,12.042227608505737,12.386800422341523,11.911526833270115,12.380859375,2500,0.0,0.0
2003-07-02 00:00:00-04:00,12.475916929023212,12.772962570190431,12.214516447517084,12.77296257019043,20300,0.0,0.0
2003-07-03 00:00:00-04:00,12.772966258141782,12.772966258141782,12.630384445190431,12.63038444519043,2600,0.0,0.0
2003-07-07 00:00:00-04:00,12.790784655803133,12.790784655803133,12.458092749427006,12.505620002746582,11300,0.0,0.0
2003-07-08 00:00:00-04:00,12.475916424919578,12.761079956964345,12.475916424919578,12.624439239501953,4500,0.0,0.0
2003-07-09 00:00:00-04:00,12.761082129393019,12.761082129393019,12.493741697516572,12.535327911376953,1200,0.0,0.0
2003-07-10 00:00:00-04:00,12.493741478254996,12.70761359337489,12.493741478254996,12.59473705291748,14300,0.0,0.0
2003-07-11 00:00:00-04:00,12.493740254640493,12.927426625012265,12.493740254640493,12.88584041595459,5700,0.0,0.0
2003-07-14 00:00:00-04:00,12.915544341973993,13.07000821135765,12.772962570190431,12.77296257019043,4500,0.0,0.0
2003-07-15 00:00:00-04:00,12.76108625407726,13.040310008487532,12.76108625407726,12.790791511535645,3800,0.0,0.0
2003-07-16 00:00:00-04:00,12.707616833868142,13.034367839046908,12.671971661115052,12.677912712097168,900,0.0,0.0
2003-07-17 00:00:00-04:00,12.671971661115052,12.743263139760844,12.671971661115052,12.677912712097168,3600,0.0,0.0
2003-07-18 00:00:00-04:00,12.671974770398391,12.71950205677734,12.618506431579588,12.61850643157959,5600,0.0,0.0
2003-07-21 00:00:00-04:00,12.60067421519805,12.939307161975455,12.60067421519805,12.71949291229248,6800,0.0,0.0
2003-07-22 00:00:00-04:00,12.58285441002404,12.772963452196308,12.416508431553671,12.75514030456543,32600,0.0,0.0
2003-07-23 00:00:00-04:00,12.428387483692498,12.945247306909375,12.398683378060985,12.939306259155273,2100,0.0,0.0
2003-07-24 00:00:00-04:00,12.891783853741856,13.0343656539917,12.891783853741856,13.0343656539917,1200,0.0,0.0
2003-07-25 00:00:00-04:00,12.588798164632056,12.992780532635654,12.588798164632056,12.879902839660645,2400,0.0,0.0
2003-07-28 00:00:00-04:00,12.594735638745778,12.88584023111295,12.594735638745778,12.77296257019043,1600,0.0,0.0
2003-07-29 00:00:00-04:00,12.778903102644323,12.945249062906678,12.374920865677996,12.624439239501953,17900,0.0,0.0
2003-07-30 00:00:00-04:00,12.624445469187815,12.790791511535645,12.46998152982334,12.790791511535645,16200,0.0,0.0
2003-07-31 00:00:00-04:00,12.654142156237732,12.915542602539062,12.654142156237732,12.915542602539062,1400,0.0,0.0
2003-08-01 00:00:00-04:00,12.97495377988036,13.040304183959961,12.428389751308872,13.040304183959961,15500,0.0,0.0
2003-08-04 00:00:00-04:00,12.630383282726559,13.30764711519696,12.51156454963307,13.283884048461914,8200,0.0,0.0
2003-08-05 00:00:00-04:00,13.337346890016224,13.337346890016224,12.8264281338432,13.070005416870117,4300,0.0,0.0
2003-08-06 00:00:00-04:00,13.064077360825966,13.230423457665205,12.83238194245066,12.891791343688965,2200,0.0,0.0
2003-08-07 00:00:00-04:00,13.337353408706,13.907680652649024,13.319530257405466,13.378939628601074,30100,0.0,0.0
2003-08-08 00:00:00-04:00,13.361116233986696,13.866094180244158,13.361116233986696,13.842329978942871,47500,0.0,0.0
2003-08-11 00:00:00-04:00,13.9908499115132,13.9908499115132,13.396758600907301,13.51557731628418,1900,0.0,0.0
2003-08-12 00:00:00-04:00,13.569047112609,14.109670173883492,13.569047112609,13.931443214416504,8700,0.0,0.0
2003-08-13 00:00:00-04:00,13.901736104358179,14.644350224603158,13.836386832311291,14.258191108703613,16100,0.0,0.0
2003-08-14 00:00:00-04:00,14.406715393066406,14.406715393066406,14.25819255396263,14.406715393066406,800,0.0,0.0
2003-08-15 00:00:00-04:00,14.335423417794834,14.436418990090315,14.287896156311035,14.287896156311035,3500,0.0,0.0
2003-08-18 00:00:00-04:00,14.40671937105357,14.40671937105357,14.234432286214352,14.2522554397583,3500,0.0,0.0
2003-08-19 00:00:00-04:00,14.258189099900266,14.258189099900266,13.812620690528382,13.961143493652344,8500,0.0,0.0
2003-08-20 00:00:00-04:00,13.753216894504174,14.25819485560129,13.753216894504174,14.240371704101562,2400,0.0,0.0
2003-08-21 00:00:00-04:00,14.10966388527732,14.43047362910186,13.943317966278792,14.091840744018555,7900,0.0,0.0
2003-08-22 00:00:00-04:00,14.127485779889318,14.816631317138674,14.002726068364835,14.816631317138672,5600,0.0,0.0
2003-08-25 00:00:00-04:00,14.846339726775236,14.846339726775236,14.216603339191556,14.264130592346191,3200,0.0,0.0
2003-08-26 00:00:00-04:00,14.103724543990637,14.703756774607882,14.103724543990637,14.323538780212402,4000,0.0,0.0
2003-08-27 00:00:00-04:00,14.703760436705549,14.703760436705549,14.329483396897967,14.662174224853516,2400,0.0,0.0
2003-08-28 00:00:00-04:00,14.555234955854905,14.691875665119756,14.52553084797614,14.632466316223145,6500,0.0,0.0
2003-08-29 00:00:00-04:00,14.54929711232191,14.674056885798652,14.54929711232191,14.6087064743042,5500,0.0,0.0
2003-09-02 00:00:00-04:00,14.697814378890678,14.697814378890678,14.00272771341982,14.145309448242188,5700,0.0,0.0
2003-09-03 00:00:00-04:00,14.353242874665092,14.697815715096295,14.281952567342225,14.525529861450195,7300,0.0,0.0
2003-09-04 00:00:00-04:00,14.55523771036946,14.561178759697345,14.287896156311035,14.287896156311035,5800,0.0,0.0
2003-09-05 00:00:00-04:00,14.258193451236465,14.3591890335083,14.258193451236465,14.3591890335083,6600,0.0,0.0
2003-09-08 00:00:00-04:00,14.276012077695437,14.317598280782851,14.270071029663084,14.270071029663086,1700,0.0,0.0
2003-09-09 00:00:00-04:00,14.234429451659329,14.234429451659329,14.163139117959144,14.222548484802246,4900,0.0,0.0
2003-09-10 00:00:00-04:00,14.222548825652826,14.228489875793459,14.222548825652826,14.228489875793457,2200,0.0,0.0
2003-09-11 00:00:00-04:00,14.21660320450575,14.21660320450575,14.198780059814453,14.198780059814453,1700,0.0,0.0
2003-09-12 00:00:00-04:00,14.192840538030058,14.198781586899452,14.091844973528772,14.115609169006348,3400,0.0,0.0
2003-09-15 00:00:00-04:00,14.050258764582221,14.347304409216683,13.961145297819723,14.115609169006348,13400,0.0,0.0
2003-09-16 00:00:00-04:00,14.139372396208728,14.258191108703613,14.139372396208728,14.258191108703613,3400,0.0,0.0
2003-09-17 00:00:00-04:00,14.139373829423873,14.406715393066406,14.139373829423873,14.406715393066406,5900,0.0,0.0
2003-09-18 00:00:00-04:00,14.35324287414551,14.418593266804942,14.35324287414551,14.353242874145508,1400,0.0,0.0
2003-09-19 00:00:00-04:00,14.347305859391975,14.347305859391975,14.287896497832351,14.293837547302246,1000,0.0,0.0
2003-09-22 00:00:00-04:00,14.16907996879412,14.406716299686845,14.16907996879412,14.3591890335083,6900,0.0,0.0
2003-09-23 00:00:00-04:00,14.27007683724933,14.36513137817383,14.25819473634889,14.365131378173828,600,0.0,0.0
2003-09-24 00:00:00-04:00,14.35918761510638,14.430479073901726,14.258192042810897,14.287896156311035,14800,0.0,0.0
2003-09-25 00:00:00-04:00,14.382948176229553,14.668112828644736,14.192839163378828,14.543353080749512,12000,0.0,0.0
2003-09-26 00:00:00-04:00,14.668118324705425,14.668118324705425,14.151258260856277,14.555240631103516,21600,0.0,0.0
2003-09-29 00:00:00-04:00,14.668112136805378,14.668112136805378,14.531470298767088,14.53147029876709,400,0.0,0.0
2003-09-30 00:00:00-04:00,14.139372940718212,14.703760147094727,14.139372940718212,14.703760147094727,10000,0.0,0.0
2003-10-01 00:00:00-04:00,14.579005241394043,14.644354532665321,14.436422291199577,14.579005241394043,65500,0.0,0.0
2003-10-02 00:00:00-04:00,14.721581281319958,14.721581281319958,14.175017297192188,14.436416625976562,5000,0.0,0.0
2003-10-03 00:00:00-04:00,14.365133145924007,14.418601473416203,14.2522554397583,14.2522554397583,700,0.0,0.0
2003-10-06 00:00:00-04:00,14.270069254784561,14.596818923950197,14.240364018317472,14.596818923950195,4900,0.0,0.0
2003-10-07 00:00:00-04:00,14.573056629934245,14.703756277806946,14.37700659155571,14.626524925231934,2500,0.0,0.0
2003-10-08 00:00:00-04:00,14.52553286681113,14.697818756103514,14.436418264511056,14.697818756103516,2900,0.0,0.0
2003-10-09 00:00:00-04:00,14.703764508895146,14.79287800656356,14.59682785843721,14.680000305175781,8300,0.0,0.0
2003-10-10 00:00:00-04:00,14.775057077994694,14.775057077994694,14.436423948824606,14.71564769744873,4000,0.0,0.0
2003-10-13 00:00:00-04:00,14.614644050598143,14.614644050598143,14.614644050598143,14.614644050598145,100,0.0,0.0
2003-10-14 00:00:00-04:00,14.792869378155828,14.822574615478517,14.567115240198095,14.822574615478516,7100,0.0,0.0
2003-10-15 00:00:00-04:00,14.792878444226565,14.846346771037451,14.674060821533201,14.674060821533203,1200,0.0,0.0
2003-10-16 00:00:00-04:00,14.852276881174928,14.911686215327387,14.751281353057387,14.870100021362305,7200,0.0,0.0
2003-10-17 00:00:00-04:00,14.852279663085938,14.852279663085938,14.739402020367562,14.852279663085938,6700,0.0,0.0
2003-10-20 00:00:00-04:00,14.870102806611685,14.870102806611685,14.139369786002208,14.852279663085938,10300,0.0,0.0
2003-10-21 00:00:00-04:00,14.198785353783643,14.317604096415277,13.664103278220315,13.723512649536133,38000,0.0,0.0
2003-10-22 00:00:00-04:00,13.723513441791573,13.967090858422532,12.475921104694235,12.921489715576172,44800,0.0,0.0
2003-10-23 00:00:00-04:00,12.83238194245066,12.951199611787192,12.713563139974047,12.891791343688965,18400,0.0,0.0
2003-10-24 00:00:00-04:00,12.784850231837337,13.307650289236253,12.784850231837337,13.004663467407227,10200,0.0,0.0
2003-10-27 00:00:00-05:00,13.479932968267866,13.699746131896974,12.980896146597301,13.699746131896973,7100,0.0,0.0
2003-10-28 00:00:00-05:00,13.782914630495755,14.15719154276211,13.527455264011925,14.145309448242188,4000,0.0,0.0
2003-10-29 00:00:00-05:00,13.123479013444893,14.180962105058777,13.123479013444893,14.109670639038086,1300,0.0,0.0
2003-10-30 00:00:00-05:00,13.735393558562839,14.109670639038086,12.980897214542923,14.109670639038086,1400,0.0,0.0
2003-10-31 00:00:00-05:00,13.907675193876592,14.1690756446537,13.907675193876592,13.961143493652344,2900,0.0,0.0
2003-11-03 00:00:00-05:00,13.84826943818316,13.90173775182837,13.426465111803557,13.551223754882812,5300,0.0,0.0
2003-11-04 00:00:00-05:00,13.61063708611128,13.664105415344238,13.61063708611128,13.664105415344238,500,0.0,0.0
2003-11-05 00:00:00-05:00,13.664105415344238,13.664105415344238,13.664105415344238,13.664105415344238,200,0.0,0.0
2003-11-06 00:00:00-05:00,13.592813931987067,13.812628300293632,13.592813931987067,13.664105415344238,800,0.0,0.0
2003-11-07 00:00:00-05:00,13.931439768347394,13.931439768347394,13.592806816101076,13.592806816101074,1700,0.0,0.0
2003-11-10 00:00:00-05:00,13.41457816072755,13.610628195472742,13.075946385543942,13.456164360046387,13600,0.0,0.0
2003-11-11 00:00:00-05:00,13.087828967941407,13.123474121093752,13.087828967941407,13.12347412109375,500,0.0,0.0
2003-11-12 00:00:00-05:00,13.592813789242495,13.592813789242495,13.47399616241455,13.47399616241455,700,0.0,0.0
2003-11-13 00:00:00-05:00,13.396755648202662,13.396755648202662,13.070005952642205,13.218528747558594,10800,0.0,0.0
2003-11-14 00:00:00-05:00,12.957131632627775,13.248236249308295,12.951190583331524,13.0878324508667,4200,0.0,0.0
2003-11-17 00:00:00-05:00,13.070009212364464,13.242296241343396,12.921486380405778,13.099713325500488,4000,0.0,0.0
2003-11-18 00:00:00-05:00,13.218530043868162,13.24823415250885,13.218530043868162,13.224471092224121,3100,0.0,0.0
2003-11-19 00:00:00-05:00,13.194768094366143,13.230414390563965,13.194768094366143,13.230414390563965,600,0.0,0.0
2003-11-20 00:00:00-05:00,13.230410843105265,13.248232853286272,13.218528747558594,13.218528747558594,3100,0.0,0.0
2003-11-21 00:00:00-05:00,13.27199804864599,13.295761108398438,13.27199804864599,13.295761108398438,600,0.0,0.0
2003-11-24 00:00:00-05:00,13.367059707641602,13.497759439074919,13.367059707641602,13.367059707641602,1000,0.0,0.0
2003-11-25 00:00:00-05:00,13.592806816101076,13.592806816101076,13.592806816101076,13.592806816101074,100,0.0,0.0
2003-11-26 00:00:00-05:00,13.39675190709897,13.569038844996792,13.361106763552025,13.468043327331543,2400,0.0,0.0
2003-11-28 00:00:00-05:00,13.468043327331545,13.468043327331545,13.468043327331545,13.468043327331543,0,0.0,0.0
2003-12-01 00:00:00-05:00,13.63440361037456,13.664107739160261,13.402707099914553,13.40270709991455,5600,0.0,0.0
2003-12-02 00:00:00-05:00,13.515573366388413,13.634392047040802,13.307641241816192,13.42051887512207,19700,0.0,0.0
2003-12-03 00:00:00-05:00,13.592806362756253,13.723507153939648,13.22447044774991,13.462106704711914,13300,0.0,0.0
2003-12-04 00:00:00-05:00,13.408640147613482,13.723508937215078,13.266058374908761,13.569045066833496,8700,0.0,0.0
2003-12-05 00:00:00-05:00,13.961145460605621,14.757227888159377,13.961145460605621,14.258191108703613,41900,0.0,0.0
2003-12-08 00:00:00-05:00,14.472069658025267,14.472069658025267,14.109673471520479,14.13937759399414,22500,0.0,0.0
2003-12-09 00:00:00-05:00,14.258191108703613,14.258191108703613,14.109668284654617,14.258191108703613,3100,0.0,0.0
2003-12-10 00:00:00-05:00,14.079961013478972,14.139369223255661,14.05025577545166,14.05025577545166,2100,0.0,0.0
2003-12-11 00:00:00-05:00,14.198783191693252,14.406715393066406,14.198783191693252,14.406715393066406,8700,0.0,0.0
2003-12-12 00:00:00-05:00,14.258191108703613,14.584940868355716,14.24630901082628,14.258191108703613,19500,0.0,0.0
2003-12-15 00:00:00-05:00,14.614645084776944,15.624599537367178,14.406712919110408,14.911690711975098,137000,0.0,0.0
2003-12-16 00:00:00-05:00,14.911689954186945,15.042389615582094,14.757226099916814,15.024567604064941,14800,0.0,0.0
2003-12-17 00:00:00-05:00,15.297848808377287,15.565190308769605,14.828516203941678,14.941393852233887,13000,0.0,0.0
2003-12-18 00:00:00-05:00,15.58895660901153,15.58895660901153,15.054274630209154,15.072097778320312,11700,0.0,0.0
2003-12-19 00:00:00-05:00,15.446377660146673,15.446377660146673,15.08398151397705,15.08398151397705,2600,0.0,0.0
2003-12-22 00:00:00-05:00,15.588960808806629,15.588960808806629,15.000810360357486,15.089923858642578,12200,0.0,0.0
2003-12-23 00:00:00-05:00,14.887926145019147,15.107740402221678,14.887926145019147,15.10774040222168,15500,0.0,0.0
2003-12-24 00:00:00-05:00,15.000809183307723,15.149332046508789,14.965164013418532,15.149332046508789,2400,0.0,0.0
2003-12-26 00:00:00-05:00,15.149332046508789,15.149332046508789,14.977044981288582,15.149332046508789,5400,0.0,0.0
2003-12-29 00:00:00-05:00,15.369146382627756,15.369146382627756,15.089922674600459,15.149332046508789,7600,0.0,0.0
2003-12-30 00:00:00-05:00,15.131493221780246,15.131493221780246,15.125552177429201,15.1255521774292,900,0.0,0.0
2003-12-31 00:00:00-05:00,15.09585478390168,15.594891399331393,15.09585478390168,15.529541015625,6100,0.0,0.0
2004-01-02 00:00:00-05:00,15.695893349233359,15.695893349233359,15.149329267587,15.274087905883789,16600,0.0,0.0
2004-01-05 00:00:00-05:00,15.274086086177071,15.541427612304688,15.274086086177071,15.541427612304688,16100,0.0,0.0
2004-01-06 00:00:00-05:00,15.713718043831896,15.713718043831896,15.357262975829883,15.440435409545898,11500,0.0,0.0
2004-01-07 00:00:00-05:00,15.327553332508616,15.476076140510207,15.327553332508616,15.446372032165527,6200,0.0,0.0
2004-01-08 00:00:00-05:00,15.327555694410771,15.381024004181679,15.268147468566893,15.268147468566895,7900,0.0,0.0
2004-01-09 00:00:00-05:00,15.458258785992554,15.458258785992554,15.381026268005371,15.381026268005371,4500,0.0,0.0
2004-01-12 00:00:00-05:00,15.44637319861413,15.583013920340774,15.274086184415088,15.386963844299316,3200,0.0,0.0
2004-01-13 00:00:00-05:00,15.559256883031244,15.559256883031244,15.280033149578147,15.327560424804688,1700,0.0,0.0
2004-01-14 00:00:00-05:00,15.30379714686266,15.41073379796156,15.297856095897208,15.35726547241211,1300,0.0,0.0
2004-01-15 00:00:00-05:00,15.37508058574356,15.452313080462284,15.357258573992393,15.446372032165527,10100,0.0,0.0
2004-01-16 00:00:00-05:00,15.44637203216553,15.44637203216553,15.327553332508616,15.446372032165527,6900,0.0,0.0
2004-01-20 00:00:00-05:00,15.44637203216553,15.45825412875904,15.327553332508616,15.446372032165527,14400,0.0,0.0
2004-01-21 00:00:00-05:00,15.565190746372853,15.565190746372853,15.386962696720875,15.416667938232422,9100,0.0,0.0
2004-01-22 00:00:00-05:00,15.327560217584855,15.446378970614656,15.327560217584855,15.35726547241211,6700,0.0,0.0
2004-01-23 00:00:00-05:00,15.333494380805371,15.452313080462284,15.297849224163937,15.446372032165527,11700,0.0,0.0
2004-01-26 00:00:00-05:00,15.6245989485118,15.6245989485118,15.386962682337073,15.446372032165527,10300,0.0,0.0
2004-01-27 00:00:00-05:00,15.446379179440852,15.446379179440852,15.327560424804688,15.327560424804688,6900,0.0,0.0
2004-01-28 00:00:00-05:00,15.268143642324732,15.327551853280735,15.256261546877935,15.297847747802734,14400,0.0,0.0
2004-01-29 00:00:00-05:00,15.179032739380542,15.565193003043168,15.07803716987696,15.202796936035156,10100,0.0,0.0
2004-01-30 00:00:00-05:00,15.089915085596553,15.149324427626802,15.089915085596553,15.119620323181152,10400,0.0,0.0
2004-02-02 00:00:00-05:00,15.089911993885575,15.345371319078351,15.036443710327148,15.036443710327148,7400,0.0,0.0
2004-02-03 00:00:00-05:00,15.089922140324639,15.095863190619074,14.77505440669592,14.876049995422363,9700,0.0,0.0
2004-02-04 00:00:00-05:00,14.73346337042161,15.13150457549975,14.73346337042161,15.000804901123047,3300,0.0,0.0
2004-02-05 00:00:00-05:00,14.91169142496283,14.91169142496283,14.751286506652832,14.751286506652832,1400,0.0,0.0
2004-02-06 00:00:00-05:00,14.905747960524169,14.905747960524169,14.76910725957714,14.852279663085938,9100,0.0,0.0
2004-02-09 00:00:00-05:00,14.79287144340086,14.804753539988805,14.543353080749512,14.543353080749512,8000,0.0,0.0
2004-02-10 00:00:00-05:00,14.495827400554163,14.495827400554163,14.109668284654617,14.258191108703613,12000,0.0,0.0
2004-02-11 00:00:00-05:00,14.198779479799455,14.590879581878122,13.97302532196045,13.97302532196045,12500,0.0,0.0
2004-02-12 00:00:00-05:00,14.436420224354427,14.436420224354427,14.026497983936968,14.169079780578613,19200,0.0,0.0
2004-02-13 00:00:00-05:00,14.169074401943345,14.341360249224355,14.169074401943345,14.175015449523926,7300,0.0,0.0
2004-02-17 00:00:00-05:00,14.115607650866579,14.258189408979685,14.115607650866579,14.198780059814453,21600,0.0,0.0
2004-02-18 00:00:00-05:00,14.180962607807846,14.258193993357171,14.180962607807846,14.228489875793457,24100,0.0,0.0
2004-02-19 00:00:00-05:00,14.11561304302202,14.25819485560129,14.11561304302202,14.240371704101562,36900,0.0,0.0
2004-02-20 00:00:00-05:00,14.258184155158563,14.852275161623504,14.252243109117275,14.810688972473145,21400,0.0,0.0
2004-02-23 00:00:00-05:00,14.430479471673461,14.709701998945045,14.430479471673461,14.561179161071777,6300,0.0,0.0
2004-02-24 00:00:00-05:00,14.341367344939796,14.555240631103516,14.222549733957358,14.555240631103516,8200,0.0,0.0
2004-02-25 00:00:00-05:00,14.8522839405386,14.8522839405386,14.460183735159527,14.483946800231934,1900,0.0,0.0
2004-02-26 00:00:00-05:00,14.109664783679152,14.822574615478517,14.109664783679152,14.822574615478516,8800,0.0,0.0
2004-02-27 00:00:00-05:00,14.276019462574183,14.822583699754633,14.276019462574183,14.674060821533203,5100,0.0,0.0
2004-03-01 00:00:00-05:00,14.70376419514258,14.75723251923063,14.644354820251463,14.644354820251465,14300,0.0,0.0
2004-03-02 00:00:00-05:00,14.703756866455079,14.852279663085938,14.561175117666135,14.852279663085938,4000,0.0,0.0
2004-03-03 00:00:00-05:00,14.56118306056065,14.733469009399414,14.555242009477984,14.733469009399414,3000,0.0,0.0
2004-03-04 00:00:00-05:00,14.763174321838134,14.852287822143065,14.66811977042759,14.674060821533203,9500,0.0,0.0
2004-03-05 00:00:00-05:00,14.852279663085938,14.94139311443665,14.852279663085938,14.852279663085938,8700,0.0,0.0
2004-03-08 00:00:00-05:00,14.852280796785076,15.000803604752926,14.852280796785076,14.99486255645752,2400,0.0,0.0
2004-03-09 00:00:00-05:00,15.149331068829476,15.149331068829476,14.852285361597525,14.881989479064941,14100,0.0,0.0
2004-03-10 00:00:00-05:00,14.858220710927853,14.893865864840336,14.798811365647706,14.852279663085938,9500,0.0,0.0
2004-03-11 00:00:00-05:00,14.685929271883401,14.840393069540925,14.495820331116807,14.810688972473145,1400,0.0,0.0
2004-03-12 00:00:00-05:00,14.38295492749959,14.733469009399414,14.38295492749959,14.733469009399414,3400,0.0,0.0
2004-03-15 00:00:00-05:00,14.703756866455079,14.852279663085938,14.685933722929331,14.852279663085938,2400,0.0,0.0
2004-03-16 00:00:00-05:00,14.555243588797655,14.656239201882249,14.555243588797655,14.620594024658203,2300,0.0,0.0
2004-03-17 00:00:00-05:00,14.840405662608124,14.840405662608124,14.733469009399414,14.733469009399414,1000,0.0,0.0
2004-03-18 00:00:00-05:00,14.733469009399414,14.798819438169097,14.733469009399414,14.733469009399414,1400,0.0,0.0
2004-03-19 00:00:00-05:00,14.478002925864562,14.852279880266096,14.478002925864562,14.763166427612305,7200,0.0,0.0
2004-03-22 00:00:00-05:00,14.763168928974778,14.786931991577147,14.733463684297792,14.786931991577148,7500,0.0,0.0
2004-03-23 00:00:00-05:00,14.786928928187733,14.846338272094727,14.786928928187733,14.846338272094727,25500,0.0,0.0
2004-03-24 00:00:00-05:00,14.852281912684006,15.149327550937686,14.77505054531929,14.858222961425781,6100,0.0,0.0
2004-03-25 00:00:00-05:00,15.13150643996268,15.155270638126165,14.406715393066406,14.406715393066406,8600,0.0,0.0
2004-03-26 00:00:00-05:00,14.792878387086434,14.852287764773454,14.495832631790964,14.733469009399414,24900,0.0,0.0
2004-03-29 00:00:00-05:00,14.567123531892685,14.941400670087845,14.567123531892685,14.709705352783203,9000,0.0,0.0
2004-03-30 00:00:00-05:00,14.614651387165004,14.763174264812738,14.56118306056065,14.733469009399414,9000,0.0,0.0
2004-03-31 00:00:00-05:00,14.555232726035179,14.917628678961321,14.525528622706997,14.596818923950195,6200,0.0,0.0
2004-04-01 00:00:00-05:00,14.775053706533326,14.893871307373047,14.775053706533326,14.893871307373047,1000,0.0,0.0
2004-04-02 00:00:00-05:00,14.85228296735445,15.339437667381393,14.792873608857178,15.202796936035156,16100,0.0,0.0
2004-04-05 00:00:00-04:00,15.030508457314074,15.113682004428927,14.935453946159232,15.054272651672363,1400,0.0,0.0
2004-04-06 00:00:00-04:00,15.030508995056154,15.030508995056154,15.030508995056154,15.030508995056152,500,0.0,0.0
2004-04-07 00:00:00-04:00,14.923575110628187,15.000806487029614,14.881987764569692,14.965161323547363,1700,0.0,0.0
2004-04-08 00:00:00-04:00,14.881987395557642,15.446374613538815,14.881987395557642,15.238442420959473,6900,0.0,0.0
2004-04-12 00:00:00-04:00,14.852275584891217,15.280020713806152,14.852275584891217,15.280020713806152,4200,0.0,0.0
2004-04-13 00:00:00-04:00,14.917629423750997,15.291906356811522,14.917629423750997,15.291906356811523,1800,0.0,0.0
2004-04-14 00:00:00-04:00,14.85227634139767,15.214672246732178,14.85227634139767,14.953271865844727,8700,0.0,0.0
2004-04-15 00:00:00-04:00,14.941402229958793,15.083984065734745,14.89387495136681,15.048338890075684,7900,0.0,0.0
2004-04-16 00:00:00-04:00,15.119620509256348,15.291906356811522,15.119620509256348,15.291906356811523,1600,0.0,0.0
2004-04-19 00:00:00-04:00,15.149332046508789,15.190918266902765,14.887931489995847,15.149332046508789,8500,0.0,0.0
2004-04-20 00:00:00-04:00,14.911689954186945,15.20279451807097,14.911689954186945,15.024567604064941,11400,0.0,0.0
2004-04-21 00:00:00-04:00,14.858220367503923,15.119620800811306,14.685933383487537,14.846338272094727,17900,0.0,0.0
2004-04-22 00:00:00-04:00,14.674048951156236,15.297844081819605,14.674048951156236,15.036443710327148,2900,0.0,0.0
2004-04-23 00:00:00-04:00,15.149326412720777,15.149326412720777,14.85822184508048,14.99486255645752,2200,0.0,0.0
2004-04-26 00:00:00-04:00,15.291907812779012,15.291907812779012,15.161208152770996,15.161208152770996,5200,0.0,0.0
2004-04-27 00:00:00-04:00,15.000811611483698,15.226565901510696,15.000811611483698,15.048338890075684,14700,0.0,0.0
2004-04-28 00:00:00-04:00,15.119612266216501,15.179020443450268,14.674044138133166,15.1255521774292,5900,0.0,0.0
2004-04-29 00:00:00-04:00,15.149335149000382,15.173099355886288,15.006753307104209,15.012694358825684,12800,0.0,0.0
2004-04-30 00:00:00-04:00,15.149330751840322,15.208740118671503,15.018631051323267,15.143389701843262,6100,0.0,0.0
2004-05-03 00:00:00-04:00,15.125567844489648,15.16121414751836,15.125567844489648,15.149332046508789,2600,0.0,0.0
2004-05-04 00:00:00-04:00,15.149332046508789,15.179036165893194,15.149332046508789,15.149332046508789,1000,0.0,0.0
2004-05-05 00:00:00-04:00,15.149328967193828,15.208738327026367,15.143387917896645,15.208738327026367,5100,0.0,0.0
2004-05-06 00:00:00-04:00,15.149328947893837,15.238442420959473,15.149328947893837,15.238442420959473,600,0.0,0.0
2004-05-07 00:00:00-04:00,15.072100656225624,15.16121414751836,15.048336454206483,15.149332046508789,3200,0.0,0.0
2004-05-10 00:00:00-04:00,15.25626868931588,15.262209739820666,15.119627927124384,15.149332046508789,10500,0.0,0.0
2004-05-11 00:00:00-04:00,15.149332046508789,15.149332046508789,15.149332046508789,15.149332046508789,0,0.0,0.0
2004-05-12 00:00:00-04:00,15.1493362628634,15.173100471496582,15.143395210705105,15.173100471496582,3700,0.0,0.0
2004-05-13 00:00:00-04:00,15.190914961947014,15.268147468566893,14.905751398595017,15.268147468566895,10200,0.0,0.0
2004-05-14 00:00:00-04:00,15.357261433177241,15.357261433177241,15.072097860676374,15.196856498718262,15400,0.0,0.0
2004-05-17 00:00:00-04:00,14.804762081133022,15.13745304555743,14.804762081133022,15.012694358825684,28800,0.0,0.0
2004-05-18 00:00:00-04:00,14.852286468464266,15.297855062518193,14.852286468464266,15.26220989227295,10300,0.0,0.0
2004-05-19 00:00:00-04:00,15.024569993682608,15.26814734369608,15.024569993682608,15.202796936035156,6900,0.0,0.0
2004-05-20 00:00:00-04:00,15.149328165247296,15.790946724567494,15.149328165247296,15.630541801452637,15800,0.0,0.0
2004-05-21 00:00:00-04:00,15.820652961730957,15.951353790630312,15.820652961730957,15.820652961730957,7200,0.0,0.0
2004-05-24 00:00:00-04:00,16.040465116144194,16.040465116144194,15.297850990396778,15.630541801452637,9700,0.0,0.0
2004-05-25 00:00:00-04:00,15.678071726923259,15.684012776916484,15.529548876510907,15.660249710083008,2200,0.0,0.0
2004-05-26 00:00:00-04:00,15.672130584716797,15.672130584716797,15.541430885053142,15.672130584716797,1300,0.0,0.0
2004-05-27 00:00:00-04:00,15.76718235426933,15.76718235426933,15.149326908976823,15.62459945678711,4500,0.0,0.0
2004-05-28 00:00:00-04:00,15.167150706415443,15.386963844299316,15.167150706415443,15.386963844299316,600,0.0,0.0
2004-06-01 00:00:00-04:00,15.57707031219761,15.594893455505371,15.369139305968737,15.594893455505371,1400,0.0,0.0
2004-06-02 00:00:00-04:00,14.145317054279772,15.083981496441087,14.139376003825266,15.006750106811523,10000,0.0,0.0
2004-06-03 00:00:00-04:00,15.149328235291222,15.713715426724432,15.149328235291222,15.648365020751953,3800,0.0,0.0
2004-06-04 00:00:00-04:00,15.654306069762109,15.654306069762109,15.345378320069422,15.648365020751953,2700,0.0,0.0
2004-06-07 00:00:00-04:00,15.743421639625662,15.743421639625662,15.214680671691895,15.214680671691895,2000,0.0,0.0
2004-06-08 00:00:00-04:00,15.74342358675203,15.74342358675203,15.244386672973633,15.244386672973633,600,0.0,0.0
2004-06-09 00:00:00-04:00,15.297849372052363,15.446372181489766,15.297849372052363,15.339435577392578,1700,0.0,0.0
2004-06-10 00:00:00-04:00,15.743416250319708,15.743416250319708,15.594893455505371,15.594893455505371,400,0.0,0.0
2004-06-14 00:00:00-04:00,16.246175755342357,16.246175755342357,15.535143852233887,15.535143852233887,2000,0.15,0.0
2004-06-15 00:00:00-04:00,15.678545303994628,15.744271278381348,15.678545303994628,15.744271278381348,3600,0.0,0.0
2004-06-16 00:00:00-04:00,15.804021011315557,15.82792063881855,15.702445030212402,15.702445030212402,1000,0.0,0.0
2004-06-17 00:00:00-04:00,15.77414195400831,15.77414195400831,15.678541183471678,15.67854118347168,1500,0.0,0.0
2004-06-18 00:00:00-04:00,15.71439420212666,15.71439420212666,15.547093391418459,15.547093391418457,300,0.0,0.0
2004-06-21 00:00:00-04:00,15.815971305301968,15.815971305301968,15.559044879243134,15.744271278381348,800,0.0,0.0
2004-06-22 00:00:00-04:00,15.559050881016876,15.559050881016876,15.541125297546388,15.541125297546387,1200,0.0,0.0
2004-06-23 00:00:00-04:00,15.708413843965111,15.714387893676758,15.702438654602624,15.714387893676758,1600,0.0,0.0
2004-06-24 00:00:00-04:00,15.744263840489197,15.744263840489197,15.68451308651516,15.714387893676758,1500,0.0,0.0
2004-06-25 00:00:00-04:00,15.815963833537365,15.833889401624829,15.690488275877648,15.714387893676758,2100,0.0,0.0
2004-06-28 00:00:00-04:00,15.833898544311523,15.833898544311523,15.756223317050239,15.833898544311523,2100,0.0,0.0
2004-06-29 00:00:00-04:00,15.798041343688965,15.798041343688965,15.798041343688965,15.798041343688965,900,0.0,0.0
2004-06-30 00:00:00-04:00,15.83389538808317,15.92949617472591,15.73829460144043,15.73829460144043,4800,0.0,0.0
2004-07-01 00:00:00-04:00,15.99522349468579,15.99522349468579,15.696470726266487,15.87572193145752,10900,0.0,0.0
2004-07-02 00:00:00-04:00,15.995225331298228,15.995225331298228,15.833898544311523,15.833898544311523,3400,0.0,0.0
2004-07-06 00:00:00-04:00,15.971324560047679,15.983274945672953,15.833898544311523,15.833898544311523,10000,0.0,0.0
2004-07-07 00:00:00-04:00,15.887672001900162,15.929497206308522,15.833896413474744,15.893647193908691,3100,0.0,0.0
2004-07-08 00:00:00-04:00,15.911571630282934,15.929497206308522,15.827921221466214,15.893647193908691,5300,0.0,0.0
2004-07-09 00:00:00-04:00,15.893653692689202,15.995229719065087,15.833902887823657,15.83987808227539,2100,0.0,0.0
2004-07-12 00:00:00-04:00,15.833896413474744,15.995223178750997,15.833896413474744,15.893647193908691,3700,0.0,0.0
2004-07-13 00:00:00-04:00,15.923528525296069,15.923528525296069,15.833902887823657,15.83987808227539,1700,0.0,0.0
2004-07-14 00:00:00-04:00,15.893649332786394,15.893649332786394,15.786098141461926,15.833898544311523,6900,0.0,0.0
2004-07-15 00:00:00-04:00,15.714394834097613,15.923521995544435,15.714394834097613,15.923521995544434,4700,0.0,0.0
2004-07-16 00:00:00-04:00,15.923521995544435,15.923521995544435,15.923521995544435,15.923521995544434,0,0.0,0.0
2004-07-19 00:00:00-04:00,16.01314761512524,16.01314761512524,15.833896413474744,15.893647193908691,2700,0.0,0.0
2004-07-20 00:00:00-04:00,15.923527502560583,15.95340347290039,15.893652671872516,15.95340347290039,2200,0.0,0.0
2004-07-21 00:00:00-04:00,15.971324560047679,15.971324560047679,15.833898544311523,15.833898544311523,900,0.0,0.0
2004-07-22 00:00:00-04:00,15.833896881857813,15.833896881857813,15.714395317454938,15.744271278381348,5100,0.0,0.0
2004-07-23 00:00:00-04:00,15.37381195255217,15.821940952534732,15.37381195255217,15.684514999389648,4300,0.0,0.0
2004-07-26 00:00:00-04:00,15.714387893676758,15.714387893676758,15.714387893676758,15.714387893676758,1800,0.0,0.0
2004-07-27 00:00:00-04:00,15.714387893676758,15.78608902637577,15.714387893676758,15.714387893676758,900,0.0,0.0
2004-07-28 00:00:00-04:00,15.893654973043628,15.923529808057138,15.714402544006846,15.821953773498535,7900,0.0,0.0
2004-07-29 00:00:00-04:00,15.83987373712416,15.875723754348483,15.833898544311523,15.833898544311523,3200,0.0,0.0
2004-07-30 00:00:00-04:00,15.82792667677668,15.971327915452536,15.684525438100824,15.95340347290039,3800,0.0,0.0
2004-08-02 00:00:00-04:00,16.013155016083616,16.013155016083616,15.708428060369366,15.983280181884766,6900,0.0,0.0
2004-08-03 00:00:00-04:00,16.00120334397461,16.132654190063477,16.00120334397461,16.132654190063477,7400,0.0,0.0
2004-08-04 00:00:00-04:00,16.120699459843532,16.12667465209961,15.971323072395796,16.12667465209961,500,0.0,0.0
2004-08-05 00:00:00-04:00,16.072904586791992,16.072904586791992,16.060954198171682,16.072904586791992,700,0.0,0.0
2004-08-06 00:00:00-04:00,16.132651347034383,16.132651347034383,15.833898544311523,15.833898544311523,2700,0.0,0.0
2004-08-09 00:00:00-04:00,15.714402115487637,15.983280181884766,15.714402115487637,15.983280181884766,4200,0.0,0.0
2004-08-10 00:00:00-04:00,10.157596882762519,15.875726239714563,9.572041571272612,10.749127388000488,894600,0.0,0.0
2004-08-11 00:00:00-04:00,10.306970935547483,11.125554056223095,9.924567740888088,10.557923316955566,170000,0.0,0.0
2004-08-12 00:00:00-04:00,10.39659595489502,10.569873104974757,10.247219572957874,10.39659595489502,62900,0.0,0.0
2004-08-13 00:00:00-04:00,10.253197430689166,10.45634945411263,10.193446634449622,10.312948226928711,23700,0.0,0.0
2004-08-16 00:00:00-04:00,10.25319781251172,10.659501874489152,10.127722161422527,10.575851440429688,72400,0.0,0.0
2004-08-17 00:00:00-04:00,10.593775882212894,10.647551486865888,10.456349843500435,10.575851440429688,34600,0.0,0.0
2004-08-18 00:00:00-04:00,10.647550823176841,10.994104065088097,10.318923161583134,10.826803207397461,31300,0.0,0.0
2004-08-19 00:00:00-04:00,11.023981222355198,11.023981222355198,10.462325514607462,10.796928405761719,6100,0.0,0.0
2004-08-20 00:00:00-04:00,10.808878446148535,10.9044792691166,10.755102840772537,10.844728469848633,49400,0.0,0.0
2004-08-23 00:00:00-04:00,10.66547640349439,10.886552862486049,10.66547640349439,10.826803207397461,19000,0.0,0.0
2004-08-24 00:00:00-04:00,10.796930997624862,10.844731422121656,10.522078841681303,10.731204986572266,28300,0.0,0.0
2004-08-25 00:00:00-04:00,10.72522923173286,10.82680526015449,10.72522923173286,10.755104064941406,34400,0.0,0.0
2004-08-26 00:00:00-04:00,10.755102868789276,10.81485366821289,10.755102868789276,10.81485366821289,5600,0.0,0.0
2004-08-27 00:00:00-04:00,10.695348997675728,10.904476165771484,10.695348997675728,10.904476165771484,7400,0.0,0.0
2004-08-30 00:00:00-04:00,11.05385588061296,12.003890071794538,11.00008027434595,11.579660415649414,17100,0.0,0.0
2004-08-31 00:00:00-04:00,11.800739179967813,11.800739179967813,10.916430897213248,11.065807342529297,33900,0.0,0.0
2004-09-01 00:00:00-04:00,11.352609844019668,11.352609844019668,10.92240609178411,11.065807342529297,6500,0.0,0.0
2004-09-02 00:00:00-04:00,11.352607617319054,11.50198403333641,10.910453562665873,11.155430793762207,5400,0.0,0.0
2004-09-03 00:00:00-04:00,11.203229427337646,11.794759804342902,11.203229427337646,11.651358604431152,8200,0.0,0.0
2004-09-07 00:00:00-04:00,11.770858231062622,11.770858231062622,11.5079555047984,11.681231498718262,4600,0.0,0.0
2004-09-08 00:00:00-04:00,11.603558673330324,11.800735473632814,11.59758348063613,11.800735473632812,6600,0.0,0.0
2004-09-09 00:00:00-04:00,11.627461848373343,11.627461848373343,11.507961377021516,11.519911766052246,8600,0.0,0.0
2004-09-10 00:00:00-04:00,11.531860485856777,11.561736457061617,11.484060071580807,11.513936042785645,7800,0.0,0.0
2004-09-13 00:00:00-04:00,11.567709603312453,11.830611265459321,11.484058038400658,11.531858444213867,3600,0.0,0.0
2004-09-14 00:00:00-04:00,11.561969340695283,11.628209006377535,11.453575698660886,11.543903350830078,3200,0.15,0.0
2004-09-15 00:00:00-04:00,11.507767308255252,11.537876129150389,11.507767308255252,11.53787612915039,900,0.0,0.0
2004-09-16 00:00:00-04:00,11.471637072419691,11.531855871856306,11.453572236593352,11.465616226196289,8100,0.0,0.0
2004-09-17 00:00:00-04:00,11.465618629975118,11.465618629975118,11.297006185918434,11.459596633911133,7800,0.0,0.0
2004-09-20 00:00:00-04:00,11.441529317737992,11.507770118175175,11.40539849412597,11.489704132080078,13900,0.0,0.0
2004-09-21 00:00:00-04:00,11.429487825106381,11.694449936188672,11.429487825106381,11.56799030303955,3100,0.0,0.0
2004-09-22 00:00:00-04:00,11.69444835182377,11.74262317016851,11.54992389678955,11.54992389678955,1200,0.0,0.0
2004-09-23 00:00:00-04:00,11.411422564510149,11.453575391152146,11.050110816955566,11.050110816955566,5500,0.0,0.0
2004-09-24 00:00:00-04:00,11.140439854727852,11.140439854727852,10.749019224682849,10.839346885681152,12900,0.0,0.0
2004-09-27 00:00:00-04:00,10.845366068076565,11.038065334480567,10.845366068076565,11.007956504821777,3300,0.0,0.0
2004-09-28 00:00:00-04:00,10.845364570617676,10.941714190516334,10.839342575801751,10.845364570617676,19300,0.0,0.0
2004-09-29 00:00:00-04:00,10.779124853267092,10.989890098571777,10.779124853267092,10.989890098571777,14700,0.0,0.0
2004-09-30 00:00:00-04:00,11.026024204888119,11.026024204888119,10.833324888470795,10.839346885681152,11200,0.0,0.0
2004-10-01 00:00:00-04:00,10.839346885681152,10.86343487452258,10.69482239836816,10.839346885681152,18900,0.0,0.0
2004-10-04 00:00:00-04:00,10.69482239836816,10.839346885681152,10.69482239836816,10.839346885681152,13100,0.0,0.0
2004-10-05 00:00:00-04:00,10.839346460226873,11.080220596293996,10.839346460226873,10.881499290466309,11300,0.0,0.0
2004-10-06 00:00:00-04:00,10.803215637070764,10.977848955165916,10.803215637070764,10.821280479431152,6900,0.0,0.0
2004-10-07 00:00:00-04:00,10.68880232505592,10.893545672746107,10.68880232505592,10.82730484008789,6000,0.0,0.0
2004-10-08 00:00:00-04:00,10.694821351133774,10.83332382767428,10.694821351133774,10.755040168762207,4800,0.0,0.0
2004-10-11 00:00:00-04:00,10.69482239836816,10.959784532731243,10.69482239836816,10.839346885681152,6500,0.0,0.0
2004-10-12 00:00:00-04:00,10.827301924436295,11.050111207009644,10.694821443373863,10.959783554077148,55000,0.0,0.0
2004-10-13 00:00:00-04:00,11.363246677456742,11.363246677456742,10.718906899501649,10.773103713989258,15900,0.0,0.0
2004-10-14 00:00:00-04:00,10.7128874285325,10.736974266633643,10.670733451843262,10.670733451843262,24000,0.0,0.0
2004-10-15 00:00:00-04:00,10.658690607081903,10.791171088084242,10.658690607081903,10.670733451843262,9700,0.0,0.0
2004-10-18 00:00:00-04:00,10.670731884370888,10.761060672572027,10.652667045593262,10.652667045593262,6500,0.0,0.0
2004-10-19 00:00:00-04:00,10.658689651118907,11.140437855718657,10.658689651118907,10.791170120239258,21100,0.0,0.0
2004-10-20 00:00:00-04:00,10.749018172141522,10.755040168762207,10.749018172141522,10.755040168762207,800,0.0,0.0
2004-10-21 00:00:00-04:00,10.730948382688458,10.8634299642779,10.598467949677023,10.622554779052734,3800,0.0,0.0
2004-10-22 00:00:00-04:00,10.604494737369857,10.959784532731243,10.538253916634455,10.839346885681152,237600,0.0,0.0
2004-10-25 00:00:00-04:00,10.983868297210584,10.989890292734618,10.550294956684002,10.58642578125,5900,0.0,0.0
2004-10-26 00:00:00-04:00,10.598471748882334,10.839345871874984,10.598471748882334,10.682777404785156,900,0.0,0.0
2004-10-27 00:00:00-04:00,10.989893370204502,11.32109517672446,10.574384751318071,10.839346885681152,7500,0.0,0.0
2004-10-28 00:00:00-04:00,10.845370834970694,10.899567671040375,10.785152000606745,10.82730484008789,4000,0.0,0.0
2004-10-29 00:00:00-04:00,10.821280479431152,10.881499300648905,10.821280479431152,10.821280479431152,800,0.0,0.0
2004-11-01 00:00:00-05:00,10.688800401157803,10.839346885681152,10.688800401157803,10.839346885681152,4100,0.0,0.0
2004-11-02 00:00:00-05:00,10.68880086555929,10.899566182764907,10.68880086555929,10.785150527954102,13800,0.0,0.0
2004-11-03 00:00:00-05:00,10.875477167815736,11.01398079945996,10.688799858093262,10.688799858093262,12500,0.0,0.0
2004-11-04 00:00:00-05:00,10.688800401157803,10.839346885681152,10.688800401157803,10.839346885681152,9400,0.0,0.0
2004-11-05 00:00:00-05:00,10.803213576983666,10.839344403393062,10.803213576983666,10.809235572814941,12800,0.0,0.0
2004-11-08 00:00:00-05:00,10.80321464514362,10.839345475125427,10.80321464514362,10.83332347869873,14500,0.0,0.0
2004-11-09 00:00:00-05:00,10.839345475125427,10.839345475125427,10.833323478698729,10.83332347869873,8700,0.0,0.0
2004-11-10 00:00:00-05:00,10.839345475125427,10.92967312436913,10.833323478698729,10.83332347869873,38600,0.0,0.0
2004-11-11 00:00:00-05:00,10.899565709206197,10.899565709206197,10.767084067735393,10.839346885681152,55900,0.0,0.0
2004-11-12 00:00:00-05:00,10.845367644199683,11.128394589289696,10.845367644199683,11.074197769165039,27600,0.0,0.0
2004-11-15 00:00:00-05:00,10.953759274644117,11.242808163221762,10.953759274644117,10.989890098571777,22700,0.0,0.0
2004-11-16 00:00:00-05:00,11.381309472589809,11.44152827215889,11.019997823753387,11.393353462219238,86700,0.0,0.0
2004-11-17 00:00:00-05:00,11.471636715651947,12.140063186311998,11.266893493081806,12.043713569641113,33500,0.0,0.0
2004-11-18 00:00:00-05:00,12.308677028551756,12.916884772742161,11.91123452618229,12.64590072631836,28800,0.0,0.0
2004-11-19 00:00:00-05:00,12.766335415990618,13.549176251065461,12.50137342547908,13.537132263183594,31900,0.0,0.0
2004-11-22 00:00:00-05:00,13.549179069471002,13.85027193768147,12.669988445613948,13.488960266113281,10000,0.0,0.0
2004-11-23 00:00:00-05:00,13.48896635778535,13.844256194610287,13.30831101470564,13.519076347351074,10800,0.0,0.0
2004-11-24 00:00:00-05:00,13.778010071569376,13.778010071569376,13.260131084413244,13.38056755065918,62400,0.0,0.0
2004-11-26 00:00:00-05:00,13.013239950527725,13.224004133656653,12.549556450486776,13.097545623779297,17200,0.0,0.0
2004-11-29 00:00:00-05:00,13.181847378772504,13.549181100600512,12.977104105810499,13.12162971496582,26100,0.0,0.0
2004-11-30 00:00:00-05:00,13.0734513426269,13.242063756589657,12.898818082253065,13.06743049621582,16400,0.0,0.0
2004-12-01 00:00:00-05:00,13.242070127315698,13.242070127315698,12.953021120242894,13.097545623779297,57200,0.0,0.0
2004-12-02 00:00:00-05:00,13.217975616455078,13.217975616455078,13.193887638883387,13.217975616455078,13100,0.0,0.0
2004-12-03 00:00:00-05:00,13.127646516188943,13.236040115356445,13.097537693565952,13.236040115356445,8200,0.0,0.0
2004-12-06 00:00:00-05:00,13.145716171275184,13.525092725765493,13.067432521439441,13.211956977844238,21000,0.0,0.0
2004-12-07 00:00:00-05:00,13.217979051783749,13.248087882995605,13.151738244823719,13.248087882995605,6400,0.0,0.0
2004-12-08 00:00:00-05:00,13.181847114994381,13.54918082947178,13.175825119018555,13.175825119018555,10100,0.0,0.0
2004-12-09 00:00:00-05:00,13.248085517221519,13.248085517221519,13.175822727207773,13.242063522338867,10700,0.0,0.0
2004-12-10 00:00:00-05:00,13.398639678955078,13.994803733582506,13.10959064918034,13.398639678955078,19400,0.0,0.0
2004-12-13 00:00:00-05:00,13.53111213915472,14.121254992563141,13.308304075439082,13.549178123474121,24200,0.0,0.0
2004-12-14 00:00:00-05:00,13.19756789908669,13.58555298051314,13.19756789908669,13.336999893188477,3800,0.15,0.0
2004-12-15 00:00:00-05:00,13.336998672208502,13.609801380291062,13.330936261330374,13.3673095703125,16400,0.0,0.0
2004-12-16 00:00:00-05:00,13.367311091440367,13.640113830566404,13.367311091440367,13.640113830566406,13000,0.0,0.0
2004-12-17 00:00:00-05:00,13.373375383460122,13.724987209837288,13.337002065224398,13.688613891601562,13100,0.0,0.0
2004-12-20 00:00:00-05:00,13.330937481755345,13.537054845334834,13.221816388532467,13.336999893188477,8900,0.0,0.0
2004-12-21 00:00:00-05:00,13.427935842201187,13.427935842201187,13.252130508422852,13.252130508422852,3000,0.0,0.0
2004-12-22 00:00:00-05:00,13.246069916728612,13.464311010854747,13.246069916728612,13.343066215515137,13700,0.0,0.0
2004-12-23 00:00:00-05:00,13.276376994459156,13.749234681775304,13.185443135129407,13.246066093444824,10100,0.0,0.0
2004-12-27 00:00:00-05:00,13.252127572507971,13.555241186471747,13.252127572507971,13.294563293457031,15300,0.0,0.0
2004-12-28 00:00:00-05:00,13.791677515229242,13.791677515229242,13.337006827913992,13.500688552856445,6300,0.0,0.0
2004-12-29 00:00:00-05:00,13.488553610496893,13.64011039263731,13.282436294283011,13.464303970336914,9500,0.0,0.0
2004-12-30 00:00:00-05:00,13.68861347375456,13.68861347375456,13.367312563000432,13.518869400024414,10200,0.0,0.0
2004-12-31 00:00:00-05:00,13.379436568219772,13.688612635571614,13.379436568219772,13.621927261352539,6400,0.0,0.0
2005-01-03 00:00:00-05:00,13.821978068691212,13.821978068691212,13.452180306543411,13.464303970336914,3400,0.0,0.0
2005-01-04 00:00:00-05:00,13.221820263888436,13.506747903325055,13.221820263888436,13.343066215515137,3000,0.0,0.0
2005-01-05 00:00:00-05:00,13.34306506347467,13.34306506347467,13.185445802483645,13.282442092895508,12700,0.0,0.0
2005-01-06 00:00:00-05:00,13.282444375991359,13.355192184448244,13.191510482635644,13.355192184448242,3100,0.0,0.0
2005-01-07 00:00:00-05:00,13.337000298668057,13.337000298668057,13.076322380551842,13.112695693969727,7600,0.0,0.0
2005-01-10 00:00:00-05:00,13.094511032104492,13.143009174004302,12.942954194131724,13.094511032104492,11300,0.0,0.0
2005-01-11 00:00:00-05:00,12.924773123783911,12.924773123783911,12.912648293452415,12.918710708618164,900,0.0,0.0
2005-01-12 00:00:00-05:00,12.912640060424666,12.991450251042982,12.803520125877858,12.845955848693848,1000,0.0,0.0
2005-01-13 00:00:00-05:00,12.852014575101364,12.912636358150488,12.767141997517081,12.9005126953125,4600,0.0,0.0
2005-01-14 00:00:00-05:00,12.730776601559299,13.337004058776408,12.62165547425428,12.767149925231934,7100,0.0,0.0
2005-01-18 00:00:00-05:00,13.17331825335416,13.336999893188477,12.845956129972283,13.336999893188477,2300,0.0,0.0
2005-01-19 00:00:00-05:00,13.088450135520807,13.167259191626778,12.9732666015625,12.9732666015625,1100,0.0,0.0
2005-01-20 00:00:00-05:00,13.179384781145506,13.179384781145506,12.767149925231934,12.767149925231934,700,0.0,0.0
2005-01-21 00:00:00-05:00,12.767149925231934,12.876271052536952,12.767149925231934,12.767149925231934,3100,0.0,0.0
2005-01-24 00:00:00-05:00,12.767149925231934,12.767149925231934,12.767149925231934,12.767149925231934,300,0.0,0.0
2005-01-25 00:00:00-05:00,12.43373003343909,12.494353033563907,12.257923448705874,12.427667617797852,11500,0.0,0.0
2005-01-26 00:00:00-05:00,12.257923736551932,12.7914047626327,12.257923736551932,12.397356986999512,8100,0.0,0.0
2005-01-27 00:00:00-05:00,12.603471321674295,12.603471321674295,12.185173988342285,12.185173988342285,5600,0.0,0.0
2005-01-28 00:00:00-05:00,13.12482238995253,13.12482238995253,12.439785967450096,12.48828411102295,2000,0.0,0.0
2005-01-31 00:00:00-05:00,12.312482985779669,12.561036224488463,12.312482985779669,12.470102310180664,3800,0.0,0.0
2005-02-01 00:00:00-05:00,12.542836964279779,12.542836964279779,12.1851629414769,12.439778327941895,11400,0.0,0.0
2005-02-02 00:00:00-05:00,12.427660869158007,13.337001908364691,12.427660869158007,12.518594741821289,5800,0.0,0.0
2005-02-03 00:00:00-05:00,12.427667617797853,12.427667617797853,12.427667617797853,12.427667617797852,1000,0.0,0.0
2005-02-04 00:00:00-05:00,12.621649842133714,12.815642356872559,12.488280277322406,12.815642356872559,6200,0.0,0.0
2005-02-07 00:00:00-05:00,12.427658979060118,12.718647789841485,12.185168303408977,12.282164573669434,4700,0.0,0.0
2005-02-08 00:00:00-05:00,12.47615934153194,12.985390429454629,12.294291591396819,12.30035400390625,1000,0.0,0.0
2005-02-09 00:00:00-05:00,12.967210771685608,12.967210771685608,12.221550941467285,12.221550941467285,2200,0.0,0.0
2005-02-10 00:00:00-05:00,12.476157870202586,12.506468772888184,12.160919394610362,12.506468772888184,12100,0.0,0.0
2005-02-11 00:00:00-05:00,12.5004089359879,12.59740522313361,12.488284111022951,12.48828411102295,1100,0.0,0.0
2005-02-14 00:00:00-05:00,12.548910437129022,12.561034109050816,12.548910437129022,12.554971694946289,800,0.0,0.0
2005-02-15 00:00:00-05:00,12.633771200401766,12.633771200401766,12.603460311889648,12.603460311889648,500,0.0,0.0
2005-02-16 00:00:00-05:00,12.494347323099618,12.730775643611992,12.494347323099618,12.718650817871094,1400,0.0,0.0
2005-02-17 00:00:00-05:00,12.918701147332952,13.16725420373421,12.627712372466105,12.870203018188477,6700,0.0,0.0
2005-02-18 00:00:00-05:00,13.337009184570398,13.48250369146575,13.03995775512311,13.22182559967041,8300,0.0,0.0
2005-02-22 00:00:00-05:00,13.706799679704288,13.706799679704288,13.039949415688776,13.324875831604004,1000,0.0,0.0
2005-02-23 00:00:00-05:00,13.336999893188477,13.336999893188477,13.324875070322213,13.336999893188477,5800,0.0,0.0
2005-02-24 00:00:00-05:00,13.306681935018927,13.397615745715035,13.197560899669146,13.312743186950684,4700,0.0,0.0
2005-02-25 00:00:00-05:00,13.27637949938191,13.488559315375548,13.27637949938191,13.318815231323242,3300,0.0,0.0
2005-02-28 00:00:00-05:00,13.397621766580324,13.488555618141925,13.294563093134064,13.470368385314941,6700,0.0,0.0
2005-03-01 00:00:00-05:00,13.294556709182825,13.397615333141067,13.276369485089216,13.391552925109863,22100,0.0,0.0
2005-03-02 00:00:00-05:00,13.397615745715035,13.397615745715035,13.300619526801036,13.312743186950684,4400,0.0,0.0
2005-03-03 00:00:00-05:00,13.361248516735989,13.361248516735989,13.185442067485253,13.19150447845459,2200,0.0,0.0
2005-03-04 00:00:00-05:00,13.19150447845459,13.19150447845459,13.19150447845459,13.19150447845459,0,0.0,0.0
2005-03-07 00:00:00-05:00,13.185439995702785,13.336996777262588,13.033883214142982,13.227875709533691,8200,0.0,0.0
2005-03-08 00:00:00-05:00,12.882329442284323,13.336999893188477,12.83989371853915,13.336999893188477,6500,0.0,0.0
2005-03-09 00:00:00-05:00,13.337004751336822,13.567370688275375,13.046015834271122,13.100576400756836,1000,0.0,0.0
2005-03-10 00:00:00-05:00,13.100577163200253,13.337005527540185,13.100577163200253,13.18544864654541,1600,0.0,0.0
2005-03-11 00:00:00-05:00,13.13088162121955,13.197566986083984,13.039947768586838,13.197566986083984,1500,0.0,0.0
2005-03-14 00:00:00-05:00,13.429528039201156,13.582136312373896,13.368484497070314,13.368484497070312,17300,0.15,0.0
2005-03-15 00:00:00-05:00,13.435632509845112,13.435632509845112,13.283024236672372,13.368484497070312,3100,0.0,0.0
2005-03-16 00:00:00-05:00,13.460060082025928,13.496686935424803,13.264721521137245,13.496686935424805,16000,0.0,0.0
2005-03-17 00:00:00-05:00,13.490580699991487,13.490580699991487,12.977816462394742,13.221989631652832,7200,0.0,0.0
2005-03-18 00:00:00-05:00,13.27692699432373,13.27692699432373,13.27692699432373,13.27692699432373,1700,0.0,0.0
2005-03-21 00:00:00-05:00,13.087686926582892,13.41732021873145,13.087686926582892,13.197565078735352,1700,0.0,0.0
2005-03-22 00:00:00-05:00,13.19146728515625,13.19146728515625,13.19146728515625,13.19146728515625,100,0.0,0.0
2005-03-23 00:00:00-05:00,12.916774427729251,13.215886741472787,12.916774427729251,13.124321937561035,5300,0.0,0.0
2005-03-24 00:00:00-05:00,13.429541167982688,13.429541167982688,13.12432432325581,13.252514839172363,2500,0.0,0.0
2005-03-28 00:00:00-05:00,12.97170341431043,13.429528240697856,12.97170341431043,13.411214828491211,11000,0.0,0.0
2005-03-29 00:00:00-05:00,13.41731807531592,13.41731807531592,13.12431049258985,13.130414962768555,2100,0.0,0.0
2005-03-30 00:00:00-05:00,12.892356478159206,13.307450294494629,12.892356478159206,13.307450294494629,2000,0.0,0.0
2005-03-31 00:00:00-05:00,13.417321200536621,13.429530143737793,13.356277648839669,13.429530143737793,5700,0.0,0.0
2005-04-01 00:00:00-05:00,12.904558140319807,13.441740036010742,12.904558140319807,13.441740036010742,6200,0.0,0.0
2005-04-04 00:00:00-04:00,13.441736980489068,13.441736980489068,13.22198069454153,13.368484497070312,10500,0.0,0.0
2005-04-05 00:00:00-04:00,13.429536470668712,13.490580051124553,13.344076156616211,13.344076156616211,8000,0.0,0.0
2005-04-06 00:00:00-04:00,12.971707303104086,13.368488705396041,12.971707303104086,13.234193801879883,4100,0.0,0.0
2005-04-07 00:00:00-04:00,12.977817381075539,13.368494479543946,12.97171290587327,13.240303993225098,21600,0.0,0.0
2005-04-08 00:00:00-04:00,12.983914195675178,13.429530143737793,12.983914195675178,13.429530143737793,10300,0.0,0.0
2005-04-11 00:00:00-04:00,13.337967688781218,13.49057601207549,13.289133071899414,13.289133071899414,2000,0.0,0.0
2005-04-12 00:00:00-04:00,13.173146093698602,13.368484497070314,13.173146093698602,13.368484497070312,12400,0.0,0.0
2005-04-13 00:00:00-04:00,13.319655935155978,13.490577697753906,13.307446988332716,13.490577697753906,2500,0.0,0.0
2005-04-14 00:00:00-04:00,13.429530148344519,13.429530148344519,13.307443044908734,13.41732120513916,21000,0.0,0.0
2005-04-15 00:00:00-04:00,13.093797274651822,13.374596087909534,13.093797274651822,13.209778785705566,3400,0.0,0.0
2005-04-18 00:00:00-04:00,13.130421103677635,13.130421103677635,12.849621165674247,12.971708297729492,3700,0.0,0.0
2005-04-19 00:00:00-04:00,13.40512082479836,13.42953872680664,13.124321937561035,13.124321937561035,3800,0.0,0.0
2005-04-20 00:00:00-04:00,13.246398777285608,13.405110359191893,13.191459704968532,13.405110359191895,12000,0.0,0.0
2005-04-21 00:00:00-04:00,13.307449330446904,13.319658279418945,12.953397960423915,13.319658279418945,6400,0.0,0.0
2005-04-22 00:00:00-04:00,12.892357672191016,13.490582298850303,12.892357672191016,13.44785213470459,22600,0.0,0.0
2005-04-25 00:00:00-04:00,13.423430876612938,13.447848772482486,13.044962805109824,13.27692699432373,1100,0.0,0.0
2005-04-26 00:00:00-04:00,13.276921270241585,13.350173761959505,13.276921270241585,13.283025741577148,3400,0.0,0.0
2005-04-27 00:00:00-04:00,13.283024437394078,13.405110359191893,13.283024437394078,13.405110359191895,3400,0.0,0.0
2005-04-28 00:00:00-04:00,13.112107976260141,13.337968826293944,13.112107976260141,13.337968826293945,3600,0.0,0.0
2005-04-29 00:00:00-04:00,13.368491775215816,13.368491775215816,13.246405788796155,13.27692699432373,2100,0.0,0.0
2005-05-02 00:00:00-04:00,13.093795189626565,13.276924720041404,13.093795189626565,13.185359954833984,3400,0.0,0.0
2005-05-03 00:00:00-04:00,13.093799493553433,13.36849387946763,13.093799493553433,13.307450294494629,4300,0.0,0.0
2005-05-04 00:00:00-04:00,13.093800706241987,13.44785213470459,13.051069377786623,13.44785213470459,1700,0.0,0.0
2005-05-05 00:00:00-04:00,13.447847548181738,13.588246943721506,13.42342965453521,13.490577697753906,4700,0.0,0.0
2005-05-06 00:00:00-04:00,13.490577763944161,13.490577763944161,13.063273937507443,13.246404647827148,5100,0.0,0.0
2005-05-09 00:00:00-04:00,13.276930332183838,13.307451545384538,13.124321937561035,13.124321937561035,1200,0.0,0.0
2005-05-10 00:00:00-04:00,13.276925850725803,13.276925850725803,13.246404647827148,13.246404647827148,2000,0.0,0.0
2005-05-11 00:00:00-04:00,13.215883761427394,13.716438996630602,13.215883761427394,13.37459659576416,10500,0.0,0.0
2005-05-12 00:00:00-04:00,13.399017654980463,13.61266847825892,13.337974063625333,13.496686935424805,11600,0.0,0.0
2005-05-13 00:00:00-04:00,13.533305971740251,13.582140587956044,13.234193801879883,13.234193801879883,10700,0.0,0.0
2005-05-16 00:00:00-04:00,13.337968826293944,13.337968826293944,13.337968826293944,13.337968826293945,500,0.0,0.0
2005-05-17 00:00:00-04:00,13.197572331835003,13.62487506866455,13.185363382817439,13.62487506866455,2300,0.0,0.0
2005-05-18 00:00:00-04:00,13.081587800966156,13.643186569213867,13.081587800966156,13.643186569213867,12000,0.0,0.0
2005-05-19 00:00:00-04:00,13.234189635829443,13.429528039201156,13.234189635829443,13.368484497070312,2100,0.0,0.0
2005-05-20 00:00:00-04:00,13.612667055050098,13.612667055050098,13.1060072791004,13.307450294494629,1300,0.0,0.0
2005-05-23 00:00:00-04:00,13.307443040343887,13.502782638635919,13.307443040343887,13.429530143737793,3800,0.0,0.0
2005-05-24 00:00:00-04:00,13.429534148461796,13.460055351257326,13.27692580586564,13.460055351257324,5100,0.0,0.0
2005-05-25 00:00:00-04:00,13.881253297145642,13.881253297145642,13.612662315368652,13.612662315368652,19400,0.0,0.0
2005-05-26 00:00:00-04:00,13.5516172471317,13.5516172471317,13.429530143737793,13.429530143737793,400,0.0,0.0
2005-05-27 00:00:00-04:00,13.276927069331823,13.594352731573084,13.276927069331823,13.582143783569336,2300,0.0,0.0
2005-05-31 00:00:00-04:00,13.734746141629225,13.734746141629225,13.28302574157715,13.283025741577148,1100,0.0,0.0
2005-06-01 00:00:00-04:00,13.350179517623014,13.368491775215816,13.27692699432373,13.27692699432373,1200,0.0,0.0
2005-06-02 00:00:00-04:00,13.502784729003908,13.502784729003908,13.502784729003908,13.502784729003906,100,0.0,0.0
2005-06-03 00:00:00-04:00,13.179261052770016,13.539416957224603,13.124321937561035,13.124321937561035,2400,0.0,0.0
2005-06-06 00:00:00-04:00,14.345184439467111,14.345184439467111,13.26471707671983,13.30134391784668,6100,0.0,0.0
2005-06-07 00:00:00-04:00,13.258615659378135,13.429537464440633,12.819103943329695,13.307450294494629,131700,0.0,0.0
2005-06-08 00:00:00-04:00,13.099896222896701,13.252504526505334,12.819097503125116,13.093792915344238,107600,0.0,0.0
2005-06-09 00:00:00-04:00,12.849621867313692,13.179256443276675,12.843518558255928,13.173151969909668,2000,0.0,0.0
2005-06-10 00:00:00-04:00,13.18535918566409,13.234193801879883,13.18535918566409,13.234193801879883,14100,0.0,0.0
2005-06-13 00:00:00-04:00,13.215879069560518,13.215879069560518,12.886245733970792,13.099896430969238,2600,0.0,0.0
2005-06-14 00:00:00-04:00,13.167047496542658,13.203673172435463,13.057169304554998,13.173151969909668,4000,0.0,0.0
2005-06-15 00:00:00-04:00,12.8442125663169,13.23156861573299,12.419967028219443,13.182380676269531,4100,0.155,0.0
2005-06-16 00:00:00-04:00,12.782727014362534,13.262309074401855,12.782727014362534,13.262309074401855,7000,0.0,0.0
2005-06-17 00:00:00-04:00,13.262313047222204,13.262313047222204,12.936443328857422,12.936443328857422,42300,0.0,0.0
2005-06-20 00:00:00-04:00,12.782723204646542,13.157780647277832,12.604416265299008,13.157780647277832,6000,0.0,0.0
2005-06-21 00:00:00-04:00,13.157778898137213,13.711143206554079,13.145481626837823,13.477500915527344,34200,0.0,0.0
2005-06-22 00:00:00-04:00,13.047105558602775,13.526688575744629,13.028660824729988,13.526688575744629,2600,0.0,0.0
2005-06-23 00:00:00-04:00,13.52669399058658,13.52669399058658,13.237715041153304,13.256159782409668,5200,0.0,0.0
2005-06-24 00:00:00-04:00,12.930292635021559,13.17623233795166,12.930292635021559,13.17623233795166,700,0.0,0.0
2005-06-27 00:00:00-04:00,13.157780647277832,13.157780647277832,13.083999355137985,13.157780647277832,500,0.0,0.0
2005-06-28 00:00:00-04:00,13.034812927246094,13.034812927246094,13.034812927246094,13.034812927246094,1100,0.0,0.0
2005-06-29 00:00:00-04:00,12.911840408684455,13.268453096872156,12.911840408684455,13.151631355285645,3700,0.0,0.0
2005-06-30 00:00:00-04:00,13.200817718136298,13.342233987720883,13.15777844281015,13.16392707824707,2800,0.0,0.0
2005-07-01 00:00:00-04:00,13.44676105192368,13.44676105192368,12.78272354150353,12.91184139251709,50900,0.0,0.0
2005-07-05 00:00:00-04:00,13.286901952434507,13.299198054750587,13.096297707376563,13.170080184936523,4500,0.0,0.0
2005-07-06 00:00:00-04:00,12.979478266543449,13.219269287649572,12.979478266543449,13.102447509765625,24700,0.0,0.0
2005-07-07 00:00:00-04:00,12.979474686273978,13.5205417872153,12.979474686273978,13.508244514465332,13800,0.0,0.0
2005-07-08 00:00:00-04:00,13.157778102587686,13.557430013795306,13.157778102587686,13.366827011108398,17400,0.0,0.0
2005-07-11 00:00:00-04:00,13.170073542430858,13.582022666931152,13.170073542430858,13.582022666931152,20300,0.0,0.0
2005-07-12 00:00:00-04:00,13.57587648729259,13.57587648729259,13.446758659253812,13.526688575744629,1200,0.0,0.0
2005-07-13 00:00:00-04:00,13.526694872096211,13.526694872096211,13.465209660858292,13.471358299255371,5800,0.0,0.0
2005-07-14 00:00:00-04:00,13.526687844536314,13.649658203125,13.526687844536314,13.649658203125,1100,0.0,0.0
2005-07-15 00:00:00-04:00,13.477503551349182,13.711145888069806,13.477503551349182,13.569730758666992,1400,0.0,0.0
2005-07-18 00:00:00-04:00,14.098498018328872,14.098498018328872,13.600470294235976,13.649658203125,4400,0.0,0.0
2005-07-19 00:00:00-04:00,13.649658203125,13.834112568275776,13.563578483020018,13.649658203125,8900,0.0,0.0
2005-07-20 00:00:00-04:00,13.526686616274858,13.526686616274858,13.483647346496582,13.483647346496582,1900,0.0,0.0
2005-07-21 00:00:00-04:00,13.649660706498553,13.649660706498553,13.508244416365873,13.63736343383789,2200,0.0,0.0
2005-07-22 00:00:00-04:00,13.618917364529677,13.993975967137537,13.526690166125315,13.557432174682617,8300,0.0,0.0
2005-07-25 00:00:00-04:00,13.55742812923819,13.75418091258558,13.55742812923819,13.582022666931152,1300,0.0,0.0
2005-07-26 00:00:00-04:00,13.557433319335125,13.75418617800403,13.557433319335125,13.680403709411621,2100,0.0,0.0
2005-07-27 00:00:00-04:00,13.784924692957613,13.803370598610513,13.7172908782959,13.717290878295898,1200,0.0,0.0
2005-07-28 00:00:00-04:00,13.717294690811578,13.975531578063967,13.717294690811578,13.975531578063965,2000,0.0,0.0
2005-07-29 00:00:00-04:00,13.987828909739923,13.993977546691896,13.877155790069603,13.993977546691895,1300,0.0,0.0
2005-08-01 00:00:00-04:00,14.067760109772117,14.33214565882032,14.01857218246543,14.289106369018555,11300,0.0,0.0
2005-08-02 00:00:00-04:00,14.381333002362915,14.602679252624512,14.369036900584883,14.602679252624512,11600,0.0,0.0
2005-08-03 00:00:00-04:00,14.756389186416097,14.940843582153319,14.756389186416097,14.94084358215332,2400,0.0,0.0
2005-08-04 00:00:00-04:00,15.063814163208008,15.063814163208008,14.64571627634708,15.063814163208008,9000,0.0,0.0
2005-08-05 00:00:00-04:00,14.910104751586914,14.910104751586914,14.910104751586914,14.910104751586914,1300,0.0,0.0
2005-08-08 00:00:00-04:00,14.541191406759214,14.725646972656252,14.141539439747616,14.72564697265625,2300,0.0,0.0
2005-08-09 00:00:00-04:00,14.559639481772484,14.559639481772484,14.485857009887695,14.485857009887695,500,0.0,0.0
2005-08-10 00:00:00-04:00,14.719495298153314,14.719495298153314,14.455109862520802,14.645712852478027,4700,0.0,0.0
2005-08-11 00:00:00-04:00,14.627263366488123,14.971578598022461,14.461253797223923,14.971578598022461,2600,0.0,0.0
2005-08-12 00:00:00-04:00,14.799436304620897,14.891663551330566,14.651872475338815,14.891663551330566,1300,0.0,0.0
2005-08-15 00:00:00-04:00,14.639573977306746,14.971593445093115,14.2952584043206,14.578088760375977,5300,0.0,0.0
2005-08-16 00:00:00-04:00,14.584232330322266,14.670312073199922,14.571936229396226,14.584232330322266,2300,0.0,0.0
2005-08-17 00:00:00-04:00,14.307556980601493,14.725655086391729,14.307556980601493,14.633426666259766,800,0.0,0.0
2005-08-18 00:00:00-04:00,14.602679721037461,14.633421735567625,14.166137016499187,14.418225288391113,2000,0.0,0.0
2005-08-19 00:00:00-04:00,14.584227148812296,14.584227148812296,14.528890609741211,14.528890609741211,400,0.0,0.0
2005-08-22 00:00:00-04:00,14.52889511367604,14.854765814477158,14.448965183979734,14.76868724822998,19300,0.0,0.0
2005-08-23 00:00:00-04:00,14.971594086762178,14.971594086762178,14.295259017002548,14.903960227966309,12400,0.0,0.0
2005-08-24 00:00:00-04:00,14.049312720662975,15.125299453735353,14.049312720662975,15.125299453735352,2600,0.0,0.0
2005-08-25 00:00:00-04:00,14.701050820597313,14.768684637970594,14.701050820597313,14.719496726989746,500,0.0,0.0
2005-08-26 00:00:00-04:00,14.614976594484569,14.756391733811089,14.614976594484569,14.68875789642334,6100,0.0,0.0
2005-08-29 00:00:00-04:00,14.719501679003947,15.063817171706367,14.719501679003947,14.910104751586914,2100,0.0,0.0
2005-08-30 00:00:00-04:00,14.910101773787517,15.063814163208008,14.79942866576757,15.063814163208008,3200,0.0,0.0
2005-08-31 00:00:00-04:00,14.768685965807373,15.229823112487793,14.768685965807373,15.229823112487793,13900,0.0,0.0
2005-09-01 00:00:00-04:00,15.063808567404465,15.063808567404465,14.830166338279467,14.928542137145996,13000,0.0,0.0
2005-09-02 00:00:00-04:00,14.5104571453491,14.719506194662358,14.5104571453491,14.658020973205566,2200,0.0,0.0
2005-09-06 00:00:00-04:00,14.725650463704824,14.756392478942871,14.725650463704824,14.756392478942871,2000,0.0,0.0
2005-09-07 00:00:00-04:00,14.762540760970985,14.762540760970985,14.578085155787315,14.744094848632812,4700,0.0,0.0
2005-09-08 00:00:00-04:00,14.756392478942871,14.756392478942871,14.756392478942871,14.756392478942871,600,0.0,0.0
2005-09-09 00:00:00-04:00,14.184580430942729,15.15604277576972,14.184580430942729,14.879361152648926,4000,0.0,0.0
2005-09-12 00:00:00-04:00,15.156041462730146,15.1621900990756,14.910101872574383,15.125299453735352,11100,0.0,0.0
2005-09-13 00:00:00-04:00,15.069962799512723,15.069962799512723,14.971586964102206,15.063814163208008,15500,0.0,0.0
2005-09-14 00:00:00-04:00,14.912213141145022,15.15971851348877,14.88127423197786,15.15971851348877,2200,0.155,0.0
2005-09-15 00:00:00-04:00,14.943156788768597,15.394854419728254,14.912219047546387,14.912219047546387,1400,0.0,0.0
2005-09-16 00:00:00-04:00,14.850347518920898,14.8565353053444,14.850347518920898,14.850347518920898,800,0.0,0.0
2005-09-19 00:00:00-04:00,14.850342990482087,14.918407440185547,14.850342990482087,14.918407440185547,1600,0.0,0.0
2005-09-20 00:00:00-04:00,14.97410088699174,15.097853074862998,14.850347518920898,14.850347518920898,13800,0.0,0.0
2005-09-21 00:00:00-04:00,15.122589095208816,15.122589095208816,15.042149132357533,15.066900253295898,400,0.0,0.0
2005-09-22 00:00:00-04:00,14.918404936949779,14.918404936949779,14.856528282165526,14.856528282165527,1200,0.0,0.0
2005-09-23 00:00:00-04:00,15.073097940158704,15.13497342277479,15.005033493041992,15.005033493041992,1500,0.0,0.0
2005-09-26 00:00:00-04:00,15.005032603422666,15.153535877255328,14.930780376406782,15.042158126831055,4500,0.0,0.0
2005-09-27 00:00:00-04:00,14.924593430538476,15.116410007316885,14.924593430538476,15.048345565795898,2100,0.0,0.0
2005-09-28 00:00:00-04:00,15.054536413140282,15.172101968728281,14.87509536743164,14.87509536743164,3800,0.0,0.0
2005-09-29 00:00:00-04:00,15.1164164341335,15.1164164341335,14.850347518920898,14.850347518920898,3100,0.0,0.0
2005-09-30 00:00:00-04:00,14.912217767585792,15.196848739036756,14.912217767585792,15.122597694396973,2300,0.0,0.0
2005-10-03 00:00:00-04:00,15.159723606109617,15.469105720520018,15.159723606109617,15.46910572052002,6600,0.0,0.0
2005-10-04 00:00:00-04:00,15.320594891074506,16.087862014770508,15.320594891074506,16.087862014770508,5400,0.0,0.0
2005-10-05 00:00:00-04:00,15.877495714818778,16.094063508661964,15.72280460210215,15.840370178222656,11500,0.0,0.0
2005-10-06 00:00:00-04:00,15.982681906074061,16.094059669493273,15.469107581573782,15.933180809020996,20900,0.0,0.0
2005-10-07 00:00:00-04:00,15.63616463375729,16.087862014770508,15.63616463375729,16.087862014770508,12800,0.0,0.0
2005-10-10 00:00:00-04:00,15.685671238611924,16.118805429971868,15.685671238611924,15.883675575256348,8400,0.0,0.0
2005-10-11 00:00:00-04:00,16.087875713375183,16.087875713375183,15.933184600746575,16.081687927246094,1200,0.0,0.0
2005-10-12 00:00:00-04:00,15.81561279296875,15.81561279296875,15.81561279296875,15.81561279296875,3400,0.0,0.0
2005-10-13 00:00:00-04:00,15.62380237548936,16.081687927246094,15.605239017102097,16.081687927246094,1200,0.0,0.0
2005-10-14 00:00:00-04:00,15.67329596452006,15.741360399084243,15.580481577513693,15.728984832763672,1000,0.0,0.0
2005-10-17 00:00:00-04:00,15.407229074630223,15.673297882080078,15.407229074630223,15.673297882080078,200,0.0,0.0
2005-10-18 00:00:00-04:00,15.67330186388531,16.087874050076017,15.67330186388531,15.852744102478027,2800,0.0,0.0
2005-10-19 00:00:00-04:00,16.06930507556071,16.07549285888672,16.06930507556071,16.07549285888672,200,0.0,0.0
2005-10-20 00:00:00-04:00,15.487664299089964,15.747545242309569,15.487664299089964,15.74754524230957,2300,0.0,0.0
2005-10-21 00:00:00-04:00,16.007431375319822,16.632382217865295,15.766112519678405,16.001243591308594,18300,0.0,0.0
2005-10-24 00:00:00-04:00,16.954139041439493,18.934184976582397,16.954139041439493,18.006038665771484,61800,0.0,0.0
2005-10-25 00:00:00-04:00,18.482493652832687,18.513431401599142,17.69666256009027,17.944168090820312,10500,0.0,0.0
2005-10-26 00:00:00-04:00,17.603840102621632,18.148352021818358,17.603840102621632,18.086475372314453,17800,0.0,0.0
2005-10-27 00:00:00-04:00,18.086471386488437,18.086471386488437,17.696650586859196,17.789464950561523,3000,0.0,0.0
2005-10-28 00:00:00-04:00,17.78946617167402,17.944157181862494,17.783278389642632,17.913219451904297,16200,0.0,0.0
2005-10-31 00:00:00-05:00,17.9441578785316,17.9441578785316,17.548149254737964,17.678089141845703,6200,0.0,0.0
2005-11-01 00:00:00-05:00,17.702849381303903,17.94416711309202,17.702849381303903,17.85135269165039,3000,0.0,0.0
2005-11-02 00:00:00-05:00,17.82041263319543,17.82041263319543,17.603846056978284,17.67190933227539,4600,0.0,0.0
2005-11-03 00:00:00-05:00,18.08647558675405,18.08647558675405,17.65952917853283,17.950347900390625,10200,0.0,0.0
2005-11-04 00:00:00-05:00,17.950347900390625,17.950347900390625,17.950347900390625,17.950347900390625,0,0.0,0.0
2005-11-07 00:00:00-05:00,17.665722699214935,17.92560378782199,17.665722699214935,17.795663833618164,5300,0.0,0.0
2005-11-08 00:00:00-05:00,17.665715781377536,17.950347900390625,17.65952917853283,17.950347900390625,2000,0.0,0.0
2005-11-09 00:00:00-05:00,17.931793212890625,17.931793212890625,17.931793212890625,17.931793212890625,2000,0.0,0.0
2005-11-10 00:00:00-05:00,17.696655593859592,17.80184555053711,17.67190446043006,17.80184555053711,2300,0.0,0.0
2005-11-11 00:00:00-05:00,17.72140558322242,17.777094453353417,17.63477897644043,17.63477897644043,1800,0.0,0.0
2005-11-14 00:00:00-05:00,17.541963217839108,17.944159663921706,17.541963217839108,17.659528732299805,600,0.0,0.0
2005-11-15 00:00:00-05:00,17.634778756518905,17.944160839966603,17.634778756518905,17.770906448364258,1400,0.0,0.0
2005-11-16 00:00:00-05:00,17.944154569567278,17.944154569567278,17.770900238506865,17.8142147064209,4100,0.0,0.0
2005-11-17 00:00:00-05:00,17.789464950561523,17.944155950131623,17.696650586859196,17.789464950561523,22200,0.0,0.0
2005-11-18 00:00:00-05:00,17.634785882357896,17.944168090820312,17.634785882357896,17.944168090820312,6300,0.0,0.0
2005-11-21 00:00:00-05:00,17.789464950561523,17.789464950561523,17.634773950991423,17.789464950561523,2900,0.0,0.0
2005-11-22 00:00:00-05:00,17.572900544857422,17.876094818115234,17.572900544857422,17.876094818115234,700,0.0,0.0
2005-11-23 00:00:00-05:00,17.94416462175513,17.94416462175513,17.72759688165962,17.937976837158203,1600,0.0,0.0
2005-11-25 00:00:00-05:00,17.72758831469375,17.944155950131623,17.72758831469375,17.789464950561523,3600,0.0,0.0
2005-11-28 00:00:00-05:00,17.566712768485495,17.820405960083008,17.566712768485495,17.820405960083008,1700,0.0,0.0
2005-11-29 00:00:00-05:00,17.63477909832831,17.764719009399414,17.63477909832831,17.764719009399414,500,0.0,0.0
2005-11-30 00:00:00-05:00,17.75853992477736,17.931793212890625,17.64716213659054,17.931793212890625,31900,0.0,0.0
2005-12-01 00:00:00-05:00,18.006038123247123,18.06791477814331,17.882284813454746,18.036975860595703,15100,0.0,0.0
2005-12-02 00:00:00-05:00,18.067921446285066,18.067921446285066,17.894666984674306,17.944168090820312,12900,0.0,0.0
2005-12-05 00:00:00-05:00,17.888462950375516,17.944151791731244,17.888462950375516,17.907026290893555,2900,0.0,0.0
2005-12-06 00:00:00-05:00,17.88228603744498,17.999851571774855,17.88228603744498,17.993663787841797,7400,0.0,0.0
2005-12-07 00:00:00-05:00,17.808028295381455,17.88227931426385,17.72758831469375,17.789464950561523,8700,0.0,0.0
2005-12-08 00:00:00-05:00,17.758533541964646,17.900849028963332,17.535778045654297,17.535778045654297,10400,0.0,0.0
2005-12-09 00:00:00-05:00,17.634782199105956,17.944164342949918,17.634782199105956,17.777097702026367,12600,0.0,0.0
2005-12-12 00:00:00-05:00,17.653346491492368,17.795662001981757,17.62859535217285,17.62859535217285,12900,0.0,0.0
2005-12-13 00:00:00-05:00,17.566719894575265,17.789475443003628,17.566719894575265,17.640972137451172,6500,0.0,0.0
2005-12-14 00:00:00-05:00,17.883739676213807,17.883739676213807,17.728120637220066,17.802818298339844,4100,0.17,0.0
2005-12-15 00:00:00-05:00,17.740560916144656,18.05802372764381,17.721886214075855,18.00200080871582,21900,0.0,0.0
2005-12-16 00:00:00-05:00,18.045584406608246,18.051809310913086,18.045584406608246,18.051809310913086,3100,0.0,0.0
2005-12-19 00:00:00-05:00,18.051801820395248,18.051801820395248,17.759238563140176,17.97710418701172,7700,0.0,0.0
2005-12-20 00:00:00-05:00,17.95842742919922,18.051798563624356,17.95842742919922,17.95842742919922,800,0.0,0.0
2005-12-21 00:00:00-05:00,17.74678502797468,18.114045841387174,17.74678502797468,17.970876693725586,4000,0.0,0.0
2005-12-22 00:00:00-05:00,17.989554166098113,18.082925318280214,17.896183013916016,17.896183013916016,8200,0.0,0.0
2005-12-23 00:00:00-05:00,17.896183013916016,17.896183013916016,17.74056403118631,17.896183013916016,13100,0.0,0.0
2005-12-27 00:00:00-05:00,17.86506091377289,18.033128524280542,17.86506091377289,17.88995933532715,4600,0.0,0.0
2005-12-28 00:00:00-05:00,17.865056716187848,17.921079635620117,17.740561075832044,17.921079635620117,2700,0.0,0.0
2005-12-29 00:00:00-05:00,17.790370532434324,18.269677512501783,17.790370532434324,18.163856506347656,26900,0.0,0.0
2005-12-30 00:00:00-05:00,18.313242701273886,20.417210913398318,18.05180275185926,19.888107299804688,28400,0.0,0.0
2006-01-03 00:00:00-05:00,20.435890152792766,20.435890152792766,18.985519795816458,19.047767639160156,7800,0.0,0.0
2006-01-04 00:00:00-05:00,19.016633987426758,19.346546567548714,19.016633987426758,19.016633987426758,2000,0.0,0.0
2006-01-05 00:00:00-05:00,19.047762936513116,19.07266135533618,18.79877281188965,18.79877281188965,3500,0.0,0.0
2006-01-06 00:00:00-05:00,19.17848490935026,19.17848490935026,18.90459632873535,18.90459632873535,1900,0.0,0.0
2006-01-09 00:00:00-05:00,18.804995045378448,18.829894649519414,18.56845474243164,18.56845474243164,7000,0.0,0.0
2006-01-10 00:00:00-05:00,18.568464495423918,18.568464495423918,18.051809310913086,18.051809310913086,5400,0.0,0.0
2006-01-11 00:00:00-05:00,18.05179676338313,18.207415700998503,17.896177825767758,17.98332405090332,5900,0.0,0.0
2006-01-12 00:00:00-05:00,18.051802317301433,18.051802317301433,17.740564346313477,17.740564346313477,2900,0.0,0.0
2006-01-13 00:00:00-05:00,17.634739195099225,18.045573124123653,17.634739195099225,17.970876693725586,7800,0.0,0.0
2006-01-17 00:00:00-05:00,17.665873554966623,18.350597593870873,17.665873554966623,18.051809310913086,1900,0.0,0.0
2006-01-18 00:00:00-05:00,18.051809310913086,18.051809310913086,18.039359502303405,18.051809310913086,1700,0.0,0.0
2006-01-19 00:00:00-05:00,18.05180539787475,18.25099754333496,18.05180539787475,18.25099754333496,300,0.0,0.0
2006-01-20 00:00:00-05:00,18.20741966451668,18.20741966451668,18.201194763183594,18.201194763183594,800,0.0,0.0
2006-01-23 00:00:00-05:00,17.98955244566312,18.238542556762695,17.98955244566312,18.238542556762695,1600,0.0,0.0
2006-01-24 00:00:00-05:00,18.97306655038962,19.408800187529934,18.97306655038962,19.116235733032227,8800,0.0,0.0
2006-01-25 00:00:00-05:00,19.296752783531197,19.296752783531197,19.03531285961802,19.278078079223633,5900,0.0,0.0
2006-01-26 00:00:00-05:00,19.041539208413397,19.24073132038729,18.991741180419922,18.991741180419922,1400,0.0,0.0
2006-01-27 00:00:00-05:00,18.923269666008654,19.16603610698815,18.923269666008654,18.985517501831055,4100,0.0,0.0
2006-01-30 00:00:00-05:00,19.14113573791333,19.31542943384148,19.14113573791333,19.178483963012695,5600,0.0,0.0
2006-01-31 00:00:00-05:00,19.278078880255066,19.9254532218622,19.18470772939463,19.91922950744629,8700,0.0,0.0
2006-02-01 00:00:00-05:00,20.21179086229171,20.230464377243287,19.906776662260572,20.1495418548584,6700,0.0,0.0
2006-02-02 00:00:00-05:00,20.07484729776827,20.392308954416244,20.07484729776827,20.2491397857666,3200,0.0,0.0
2006-02-03 00:00:00-05:00,20.523030346467205,20.60395050048828,20.074846956874097,20.60395050048828,5800,0.0,0.0
2006-02-06 00:00:00-05:00,20.22423958720688,20.647520942437218,20.149540782263255,20.174440383911133,1900,0.0,0.0
2006-02-07 00:00:00-05:00,20.454557198356582,20.454557198356582,20.130869465278817,20.2117919921875,3000,0.0,0.0
2006-02-08 00:00:00-05:00,19.850761096067306,20.541709899902344,19.850761096067306,20.541709899902344,4500,0.0,0.0
2006-02-09 00:00:00-05:00,20.666202398920834,20.697325722087694,20.30516520142471,20.323841094970703,2400,0.0,0.0
2006-02-10 00:00:00-05:00,20.57283326511853,20.57283326511853,20.280271132228847,20.535486221313477,1700,0.0,0.0
2006-02-13 00:00:00-05:00,20.448331879066714,20.448331879066714,20.242916071719687,20.2491397857666,1300,0.0,0.0
2006-02-14 00:00:00-05:00,20.5292577658343,20.5292577658343,20.249143096779342,20.255369186401367,800,0.0,0.0
2006-02-15 00:00:00-05:00,20.23669558688628,20.541709899902344,20.23669558688628,20.541709899902344,4100,0.0,0.0
2006-02-16 00:00:00-05:00,20.57283322786944,20.57283322786944,20.330067945345284,20.541709899902344,700,0.0,0.0
2006-02-17 00:00:00-05:00,20.541704716286805,20.541704716286805,20.330062815136717,20.529254913330078,1200,0.0,0.0
2006-02-21 00:00:00-05:00,20.292720794677734,20.292720794677734,20.292720794677734,20.292720794677734,200,0.0,0.0
2006-02-22 00:00:00-05:00,20.130875833335487,20.535486221313477,20.130875833335487,20.535486221313477,2200,0.0,0.0
2006-02-23 00:00:00-05:00,19.334101506849336,20.074848175048828,19.334101506849336,20.074848175048828,2500,0.0,0.0
2006-02-24 00:00:00-05:00,20.062396740552778,20.2117919921875,20.043723224557297,20.2117919921875,1300,0.0,0.0
2006-02-27 00:00:00-05:00,20.249139242431045,20.796918671586578,20.249139242431045,20.454557418823242,4200,0.0,0.0
2006-02-28 00:00:00-05:00,20.025057313719177,20.547937393188477,20.025057313719177,20.547937393188477,1200,0.0,0.0
2006-03-01 00:00:00-05:00,20.63508225836135,20.63508225836135,20.541709899902344,20.541709899902344,1300,0.0,0.0
2006-03-02 00:00:00-05:00,20.54170389810412,20.840492033493337,20.54170389810412,20.597726821899414,3600,0.0,0.0
2006-03-03 00:00:00-05:00,20.63509178161621,20.63509178161621,20.63509178161621,20.63509178161621,200,0.0,0.0
2006-03-06 00:00:00-05:00,20.63508225836135,20.63508225836135,20.541709899902344,20.541709899902344,300,0.0,0.0
2006-03-07 00:00:00-05:00,20.24292169056713,20.597732853653053,20.24292169056713,20.44833755493164,1800,0.0,0.0
2006-03-08 00:00:00-05:00,20.63508225836135,20.63508225836135,20.417214213476242,20.541709899902344,1100,0.0,0.0
2006-03-09 00:00:00-05:00,20.63508225836135,20.63508225836135,20.35496755754205,20.541709899902344,400,0.0,0.0
2006-03-10 00:00:00-05:00,20.63508225836135,20.66620558632845,20.417214213476242,20.541709899902344,6900,0.0,0.0
2006-03-13 00:00:00-05:00,20.541712974434468,20.852951049804688,20.541712974434468,20.852951049804688,1500,0.0,0.0
2006-03-14 00:00:00-05:00,20.965595442419804,20.965595442419804,20.75906753540039,20.75906753540039,1500,0.18,0.0
2006-03-15 00:00:00-05:00,20.95934092940065,20.95934092940065,20.802881240844727,20.802881240844727,2100,0.0,0.0
2006-03-16 00:00:00-05:00,20.809138696872598,20.959341049194336,20.74029605153286,20.959341049194336,2300,0.0,0.0
2006-03-17 00:00:00-05:00,20.80913428424302,20.80913428424302,20.408597946166992,20.408597946166992,5600,0.0,0.0
2006-03-20 00:00:00-05:00,19.200727922829756,20.214585759107113,19.188210864680066,19.964250564575195,6000,0.0,0.0
2006-03-21 00:00:00-05:00,19.71392059326172,19.71392059326172,19.670112071823077,19.71392059326172,1000,0.0,0.0
2006-03-22 00:00:00-05:00,19.713923021249947,20.026842434285662,19.695147426738387,19.707664489746094,3100,0.0,0.0
2006-03-23 00:00:00-05:00,19.645077948890894,19.71392059326172,19.645077948890894,19.71392059326172,600,0.0,0.0
2006-03-24 00:00:00-05:00,19.163183019373157,19.71392059326172,19.163183019373157,19.71392059326172,11300,0.0,0.0
2006-03-27 00:00:00-05:00,19.713918954133987,20.026838302612305,19.713918954133987,20.026838302612305,2800,0.0,0.0
2006-03-28 00:00:00-05:00,19.795279105405957,20.02058143702489,19.156924488640108,19.71392059326172,1800,0.0,0.0
2006-03-29 00:00:00-05:00,19.713920695188715,19.907930374145508,19.476102494566778,19.907930374145508,1400,0.0,0.0
2006-03-30 00:00:00-05:00,19.782755748783796,19.90166420662031,19.620037592400312,19.651329040527344,3900,0.0,0.0
2006-03-31 00:00:00-05:00,19.932962736807326,20.026838302612305,19.92670420659465,20.026838302612305,1000,0.0,0.0
2006-04-03 00:00:00-04:00,19.876638811242874,19.876638811242874,19.71392059326172,19.71392059326172,1300,0.0,0.0
2006-04-04 00:00:00-04:00,19.713918968975964,19.989288330078125,19.657593390712055,19.989288330078125,700,0.0,0.0
2006-04-05 00:00:00-04:00,20.02683831768987,20.02683831768987,19.713918968975964,19.989288330078125,3100,0.0,0.0
2006-04-06 00:00:00-04:00,20.00806313190815,20.00806313190815,19.789020538330078,19.789020538330078,400,0.0,0.0
2006-04-07 00:00:00-04:00,19.776497404764964,19.776497404764964,19.74520476265401,19.770238876342773,1400,0.0,0.0
2006-04-10 00:00:00-04:00,20.0080643755588,20.0080643755588,19.71392059326172,19.71392059326172,300,0.0,0.0
2006-04-11 00:00:00-04:00,19.970514279512006,20.0205813314196,19.557460802851203,20.00806427001953,5300,0.0,0.0
2006-04-12 00:00:00-04:00,20.026846280271073,20.026846280271073,19.707668274436084,19.74521827697754,3400,0.0,0.0
2006-04-13 00:00:00-04:00,19.68262749676319,20.026838302612305,19.68262749676319,20.026838302612305,3900,0.0,0.0
2006-04-17 00:00:00-04:00,19.713918954133987,20.026838302612305,19.713918954133987,20.026838302612305,4300,0.0,0.0
2006-04-18 00:00:00-04:00,20.026834661631266,20.08941756499497,19.964250564575195,19.964250564575195,2700,0.0,0.0
2006-04-19 00:00:00-04:00,19.55746090601361,19.983031446319295,19.444809740204143,19.71392059326172,32400,0.0,0.0
2006-04-20 00:00:00-04:00,19.807802410341996,19.807802410341996,19.65134267377738,19.74521827697754,11000,0.0,0.0
2006-04-21 00:00:00-04:00,19.701403531795627,19.71392059326172,19.701403531795627,19.71392059326172,800,0.0,0.0
2006-04-24 00:00:00-04:00,19.713921539987286,19.713921539987286,19.507394790649414,19.507394790649414,400,0.0,0.0
2006-04-25 00:00:00-04:00,19.432295072040674,19.707664489746094,19.432295072040674,19.707664489746094,600,0.0,0.0
2006-04-26 00:00:00-04:00,19.70766052650806,19.70766052650806,19.5887508392334,19.5887508392334,400,0.0,0.0
2006-04-27 00:00:00-04:00,19.34467779293383,19.432294845581055,19.34467779293383,19.432294845581055,2500,0.0,0.0
2006-04-28 00:00:00-04:00,19.58875477855853,19.707664489746094,19.58875477855853,19.707664489746094,700,0.0,0.0
2006-05-01 00:00:00-04:00,19.501133965563536,19.67011070251465,19.501133965563536,19.67011070251465,700,0.0,0.0
2006-05-02 00:00:00-04:00,19.71392059326172,19.839088820537278,19.71392059326172,19.71392059326172,14000,0.0,0.0
2006-05-03 00:00:00-04:00,19.83282593047705,19.839084459834446,19.72017478942871,19.72017478942871,1800,0.0,0.0
2006-05-04 00:00:00-04:00,19.557459381699715,19.5887508392334,19.400999706646118,19.5887508392334,600,0.0,0.0
2006-05-05 00:00:00-04:00,19.469839791840528,19.65759089980096,19.400997161865234,19.400997161865234,3100,0.0,0.0
2006-05-08 00:00:00-04:00,19.338410815390155,19.63255569571052,19.338410815390155,19.56371307373047,3300,0.0,0.0
2006-05-09 00:00:00-04:00,19.40100756307669,19.40100756307669,18.54986620413412,18.881561279296875,8800,0.0,0.0
2006-05-10 00:00:00-04:00,18.50605574044167,18.950401971960687,18.50605574044167,18.687549591064453,3900,0.0,0.0
2006-05-11 00:00:00-04:00,19.307121137276866,19.307121137276866,18.84400071439618,18.931617736816406,3200,0.0,0.0
2006-05-12 00:00:00-04:00,18.831489956236638,18.831489956236638,18.706321716308594,18.706321716308594,700,0.0,0.0
2006-05-15 00:00:00-04:00,18.88781482340661,19.42603656336966,18.775163650512695,18.775163650512695,8900,0.0,0.0
2006-05-16 00:00:00-04:00,18.80644935586681,19.03175163269043,18.80644935586681,19.03175163269043,800,0.0,0.0
2006-05-17 00:00:00-04:00,18.806456600403006,18.937883377075195,18.79394073085225,18.937883377075195,1000,0.0,0.0
2006-05-18 00:00:00-04:00,18.937883377075195,18.937883377075195,18.937883377075195,18.937883377075195,0,0.0,0.0
2006-05-19 00:00:00-04:00,18.937883377075195,18.937883377075195,18.937883377075195,18.937883377075195,3300,0.0,0.0
2006-05-22 00:00:00-04:00,18.687546904682648,18.86903953552246,18.462244555247096,18.86903953552246,900,0.0,0.0
2006-05-23 00:00:00-04:00,18.737608916136303,19.238279342651367,18.737608916136303,19.238279342651367,1700,0.0,0.0
2006-05-24 00:00:00-04:00,18.994207707512146,19.263318580927127,18.93162358914007,19.050533294677734,1800,0.0,0.0
2006-05-25 00:00:00-04:00,19.050533294677734,19.050533294677734,19.050533294677734,19.050533294677734,0,0.0,0.0
2006-05-26 00:00:00-04:00,18.97543019691261,19.08808135986328,18.97543019691261,19.08808135986328,600,0.0,0.0
2006-05-30 00:00:00-04:00,19.08807702687674,19.094335556030273,19.08807702687674,19.094335556030273,200,0.0,0.0
2006-05-31 00:00:00-04:00,18.944134795359982,18.944134795359982,18.931617736816406,18.931617736816406,500,0.0,0.0
2006-06-01 00:00:00-04:00,18.931617736816406,18.931617736816406,18.931617736816406,18.931617736816406,500,0.0,0.0
2006-06-02 00:00:00-04:00,18.931617736816406,18.931617736816406,18.931617736816406,18.931617736816406,0,0.0,0.0
2006-06-05 00:00:00-04:00,18.768911361694336,18.768911361694336,18.768911361694336,18.768911361694336,300,0.0,0.0
2006-06-06 00:00:00-04:00,18.743872188572276,19.012981864861043,18.543602773598224,18.775163650512695,39300,0.0,0.0
2006-06-07 00:00:00-04:00,18.718837526148008,18.83774722675149,18.718837526148008,18.818971633911133,7500,0.0,0.0
2006-06-08 00:00:00-04:00,18.775163650512695,18.775163650512695,18.743872188572276,18.775163650512695,5600,0.0,0.0
2006-06-09 00:00:00-04:00,18.775163650512695,18.775163650512695,18.775163650512695,18.775163650512695,0,0.0,0.0
2006-06-12 00:00:00-04:00,18.74386968129289,19.075563430786133,18.74386968129289,19.075563430786133,2600,0.0,0.0
2006-06-13 00:00:00-04:00,18.812716652538455,18.812716652538455,18.474764273496408,18.687549591064453,500,0.0,0.0
2006-06-14 00:00:00-04:00,18.58046720057922,18.769420623779297,18.58046720057922,18.769420623779297,300,0.19,0.0
2006-06-15 00:00:00-04:00,18.889098689713613,18.952083587646484,18.889098689713613,18.952083587646484,1900,0.0,0.0
2006-06-16 00:00:00-04:00,18.71274185180664,18.71274185180664,18.71274185180664,18.71274185180664,300,0.0,0.0
2006-06-19 00:00:00-04:00,18.863899511292637,18.863899511292637,18.74422836303711,18.74422836303711,5000,0.0,0.0
2006-06-20 00:00:00-04:00,18.863908767700195,18.863908767700195,18.851311545631575,18.863908767700195,800,0.0,0.0
2006-06-21 00:00:00-04:00,18.586768757339936,18.89539337158203,18.586768757339936,18.89539337158203,800,0.0,0.0
2006-06-22 00:00:00-04:00,18.89539337158203,18.89539337158203,18.89539337158203,18.89539337158203,0,0.0,0.0
2006-06-23 00:00:00-04:00,19.04654830262103,19.052846908569336,19.04654830262103,19.052846908569336,300,0.0,0.0
2006-06-26 00:00:00-04:00,19.052846908569336,19.052846908569336,19.052846908569336,19.052846908569336,0,0.0,0.0
2006-06-27 00:00:00-04:00,18.605663131214207,18.85760144957345,18.605663131214207,18.737930297851562,3100,0.0,0.0
2006-06-28 00:00:00-04:00,18.737930297851562,18.737930297851562,18.737930297851562,18.737930297851562,0,0.0,0.0
2006-06-29 00:00:00-04:00,19.02135958358917,19.05285141945034,18.91428565979004,18.91428565979004,500,0.0,0.0
2006-06-30 00:00:00-04:00,18.9268732098318,18.9268732098318,18.90167999267578,18.90167999267578,500,0.0,0.0
2006-07-03 00:00:00-04:00,18.58046965050474,18.66864776611328,18.410410826399644,18.66864776611328,1300,0.0,0.0
2006-07-05 00:00:00-04:00,18.643455086904325,18.706439971923828,18.630857869633072,18.706439971923828,2000,0.0,0.0
2006-07-06 00:00:00-04:00,18.895389701451528,18.895389701451528,18.649750019760347,18.85759925842285,700,0.0,0.0
2006-07-07 00:00:00-04:00,18.89539466857347,19.20401930399975,18.863902824660585,19.090646743774414,1500,0.0,0.0
2006-07-10 00:00:00-04:00,19.204017304509634,19.204017304509634,18.84500503540039,18.84500503540039,600,0.0,0.0
2006-07-11 00:00:00-04:00,18.84500503540039,18.84500503540039,18.84500503540039,18.84500503540039,0,0.0,0.0
2006-07-12 00:00:00-04:00,18.2151625215209,19.033962567110162,18.2151625215209,18.95838165283203,400,0.0,0.0
2006-07-13 00:00:00-04:00,18.95838165283203,18.95838165283203,18.95838165283203,18.95838165283203,0,0.0,0.0
2006-07-14 00:00:00-04:00,18.958378256421323,19.052854983011883,18.284442751715446,18.89539337158203,2000,0.0,0.0
2006-07-17 00:00:00-04:00,18.429302749062938,18.630853371393492,18.429302749062938,18.611957550048828,500,0.0,0.0
2006-07-18 00:00:00-04:00,18.782012939453125,18.782012939453125,18.782012939453125,18.782012939453125,200,0.0,0.0
2006-07-19 00:00:00-04:00,18.782012939453125,18.782012939453125,18.782012939453125,18.782012939453125,0,0.0,0.0
2006-07-20 00:00:00-04:00,18.845008031168785,18.845008031168785,18.83241081237793,18.83241081237793,700,0.0,0.0
2006-07-21 00:00:00-04:00,18.838707042526337,19.084346771240234,18.832408433926396,19.084346771240234,2800,0.0,0.0
2006-07-24 00:00:00-04:00,18.59306966203623,18.88279848620444,18.561576615059092,18.83241081237793,4200,0.0,0.0
2006-07-25 00:00:00-04:00,18.630859650192512,18.649755477905273,18.630859650192512,18.649755477905273,700,0.0,0.0
2006-07-26 00:00:00-04:00,18.63085259159225,19.065446853637695,18.63085259159225,19.065446853637695,500,0.0,0.0
2006-07-27 00:00:00-04:00,19.084345203063336,19.084345203063336,18.64345344932676,18.681243896484375,600,0.0,0.0
2006-07-28 00:00:00-04:00,18.24665335330917,18.83241081237793,17.79316428887057,18.83241081237793,2000,0.0,0.0
2006-07-31 00:00:00-04:00,18.83240482884605,18.85759925842285,18.7379281206061,18.85759925842285,800,0.0,0.0
2006-08-01 00:00:00-04:00,19.08434531061763,19.08434531061763,18.97097396850586,18.97097396850586,1400,0.0,0.0
2006-08-02 00:00:00-04:00,18.89539337158203,18.89539337158203,18.769423601903448,18.89539337158203,2300,0.0,0.0
2006-08-03 00:00:00-04:00,18.89539337158203,18.89539337158203,18.89539337158203,18.89539337158203,0,0.0,0.0
2006-08-04 00:00:00-04:00,18.895391834428594,19.159927368164062,18.895391834428594,19.159927368164062,200,0.0,0.0
2006-08-07 00:00:00-04:00,18.876493453979492,18.876493453979492,18.876493453979492,18.876493453979492,200,0.0,0.0
2006-08-08 00:00:00-04:00,19.078044467300593,19.18511718200744,19.065447253333982,19.096939086914062,2800,0.0,0.0
2006-08-09 00:00:00-04:00,19.47485265951274,19.47485265951274,19.12213897705078,19.12213897705078,300,0.0,0.0
2006-08-10 00:00:00-04:00,19.033951090724415,19.052846908569336,19.033951090724415,19.052846908569336,700,0.0,0.0
2006-08-11 00:00:00-04:00,19.008771896362305,19.008771896362305,19.008771896362305,19.008771896362305,300,0.0,0.0
2006-08-14 00:00:00-04:00,18.9898681640625,18.9898681640625,18.9898681640625,18.9898681640625,100,0.0,0.0
2006-08-15 00:00:00-04:00,18.89539466857347,19.090646743774414,18.89539466857347,19.090646743774414,200,0.0,0.0
2006-08-16 00:00:00-04:00,18.75053233656171,19.13473792037232,18.75053233656171,18.95838165283203,800,0.0,0.0
2006-08-17 00:00:00-04:00,18.97727721086813,18.98357582092285,18.958382582041,18.98357582092285,1200,0.0,0.0
2006-08-18 00:00:00-04:00,19.348885527342592,19.348885527342592,19.078052520751953,19.078052520751953,500,0.0,0.0
2006-08-21 00:00:00-04:00,18.807211464404247,18.807211464404247,18.78831564235849,18.800912857055664,800,0.0,0.0
2006-08-22 00:00:00-04:00,19.052846908569336,19.052846908569336,19.052846908569336,19.052846908569336,1000,0.0,0.0
2006-08-23 00:00:00-04:00,19.05285349613478,19.05285349613478,18.737930297851562,18.737930297851562,700,0.0,0.0
2006-08-24 00:00:00-04:00,18.89539675670894,19.021366548955122,18.89539675670894,18.95838165283203,4500,0.0,0.0
2006-08-25 00:00:00-04:00,18.945777612596395,19.071747359491713,18.926881790161133,18.926881790161133,2300,0.0,0.0
2006-08-28 00:00:00-04:00,18.8890908055971,18.93317985534668,18.8890908055971,18.93317985534668,600,0.0,0.0
2006-08-29 00:00:00-04:00,18.86390545134267,18.952083587646484,18.8009205534098,18.952083587646484,7800,0.0,0.0
2006-08-30 00:00:00-04:00,19.052855901576777,19.059154510498047,19.052855901576777,19.059154510498047,600,0.0,0.0
2006-08-31 00:00:00-04:00,19.21031351691747,19.329984658806932,19.08434376741945,19.191417694091797,3300,0.0,0.0
2006-09-01 00:00:00-04:00,18.857594572932797,19.304784774780273,18.857594572932797,19.304784774780273,4100,0.0,0.0
2006-09-05 00:00:00-04:00,18.73792417244798,19.588216770120436,18.73792417244798,19.49374008178711,9700,0.0,0.0
2006-09-06 00:00:00-04:00,19.222907740078007,19.32368304345606,19.147325661876273,19.29848861694336,2800,0.0,0.0
2006-09-07 00:00:00-04:00,19.29848861694336,19.29848861694336,19.29848861694336,19.29848861694336,0,0.0,0.0
2006-09-08 00:00:00-04:00,19.29848861694336,19.29848861694336,19.29848861694336,19.29848861694336,0,0.0,0.0
2006-09-11 00:00:00-04:00,19.840155721957636,19.840155721957636,19.733081817626953,19.733081817626953,1000,0.0,0.0
2006-09-12 00:00:00-04:00,19.44965581173866,19.701595326439147,19.44965581173866,19.468551635742188,1400,0.0,0.0
2006-09-13 00:00:00-04:00,19.443192826493643,19.474889755249023,19.443192826493643,19.474889755249023,200,0.2,0.0
2006-09-14 00:00:00-04:00,19.474889755249023,19.474889755249023,19.474889755249023,19.474889755249023,0,0.0,0.0
2006-09-15 00:00:00-04:00,19.474889755249023,19.474889755249023,19.474889755249023,19.474889755249023,0,0.0,0.0
2006-09-18 00:00:00-04:00,19.259350117995595,20.222951889038086,19.259350117995595,20.222951889038086,6300,0.0,0.0
2006-09-19 00:00:00-04:00,19.89329314472099,20.115175247192383,19.89329314472099,20.115175247192383,300,0.0,0.0
2006-09-20 00:00:00-04:00,20.12785657078647,20.98368572536568,20.12785657078647,20.641355514526367,7900,0.0,0.0
2006-09-21 00:00:00-04:00,20.603321075439453,20.603321075439453,20.603321075439453,20.603321075439453,500,0.0,0.0
2006-09-22 00:00:00-04:00,20.59697272325651,20.723760395613233,20.59697272325651,20.69840431213379,3800,0.0,0.0
2006-09-25 00:00:00-04:00,20.51457046838879,20.51457046838879,20.026429913582017,20.260990142822266,3800,0.0,0.0
2006-09-26 00:00:00-04:00,19.937671251238246,20.666710225769357,19.937671251238246,20.495546340942383,5800,0.0,0.0
2006-09-27 00:00:00-04:00,20.444828331532673,20.444828331532673,20.43848991394043,20.43848991394043,300,0.0,0.0
2006-09-28 00:00:00-04:00,20.413132215234853,20.673050876574834,20.413132215234853,20.43214988708496,2200,0.0,0.0
2006-09-29 00:00:00-04:00,20.43214988708496,20.43214988708496,20.43214988708496,20.43214988708496,0,0.0,0.0
2006-10-02 00:00:00-04:00,20.394121152021036,20.5145729092412,20.165900524682005,20.41314125061035,1900,0.0,0.0
2006-10-03 00:00:00-04:00,20.91395803032337,20.920296450034808,20.425817489624023,20.425817489624023,400,0.0,0.0
2006-10-04 00:00:00-04:00,20.584297701765326,20.73010548959022,20.419469824523038,20.43848991394043,1800,0.0,0.0
2006-10-05 00:00:00-04:00,20.546265125688585,21.104140329067473,20.546265125688585,20.863239288330078,3400,0.0,0.0
2006-10-06 00:00:00-04:00,20.80618292101964,20.93297306412613,20.80618292101964,20.9202938079834,800,0.0,0.0
2006-10-09 00:00:00-04:00,21.07877946371568,21.07877946371568,20.780823010215578,20.93931007385254,1800,0.0,0.0
2006-10-10 00:00:00-04:00,20.913950859837733,21.02172088623047,20.88859235304404,21.02172088623047,2300,0.0,0.0
2006-10-11 00:00:00-04:00,20.86958122253418,20.86958122253418,20.86958122253418,20.86958122253418,200,0.0,0.0
2006-10-12 00:00:00-04:00,20.78716232505097,21.047080993652344,20.75546539830846,21.047080993652344,1400,0.0,0.0
2006-10-13 00:00:00-04:00,20.844221115112305,20.844221115112305,20.844221115112305,20.844221115112305,200,0.0,0.0
2006-10-16 00:00:00-04:00,20.603327590172956,20.61600685119629,20.603327590172956,20.61600685119629,300,0.0,0.0
2006-10-17 00:00:00-04:00,20.311706166262958,20.920296015404947,20.311706166262958,20.913957595825195,1400,0.0,0.0
2006-10-18 00:00:00-04:00,19.97571099023734,20.9202938079834,19.97571099023734,20.9202938079834,1200,0.0,0.0
2006-10-19 00:00:00-04:00,20.400449739704943,20.932966232299805,20.400449739704943,20.932966232299805,1100,0.0,0.0
2006-10-20 00:00:00-04:00,20.81885925179348,21.047080993652344,20.81885925179348,21.047080993652344,2100,0.0,0.0
2006-10-23 00:00:00-04:00,21.18021347863032,22.10577745435512,20.84422163965428,21.554243087768555,5600,0.0,0.0
2006-10-24 00:00:00-04:00,21.55424557048362,21.55424557048362,20.62868148814818,21.408437728881836,7100,0.0,0.0
2006-10-25 00:00:00-04:00,21.395756006240845,21.66835397993418,21.218251248792512,21.554243087768555,1200,0.0,0.0
2006-10-26 00:00:00-04:00,21.80782338554127,21.80782338554127,21.554243087768555,21.554243087768555,2900,0.0,0.0
2006-10-27 00:00:00-04:00,21.845854903338104,21.852195739746097,21.845854903338104,21.852195739746094,400,0.0,0.0
2006-10-30 00:00:00-05:00,21.262627438154595,21.554243087768555,21.262627438154595,21.554243087768555,1300,0.0,0.0
2006-10-31 00:00:00-05:00,21.554243087768555,21.554243087768555,21.554243087768555,21.554243087768555,0,0.0,0.0
2006-11-01 00:00:00-05:00,21.554243087768555,21.554243087768555,21.370397492799384,21.554243087768555,1800,0.0,0.0
2006-11-02 00:00:00-05:00,21.738083192706025,21.769780117342204,21.47182370545738,21.712724685668945,1000,0.0,0.0
2006-11-03 00:00:00-05:00,21.79513862437928,21.8458532201331,21.712724685668945,21.712724685668945,1100,0.0,0.0
2006-11-06 00:00:00-05:00,21.6810294315381,21.852195739746097,21.6810294315381,21.852195739746094,1000,0.0,0.0
2006-11-07 00:00:00-05:00,21.712726855623547,21.871213912963867,21.712726855623547,21.871213912963867,1700,0.0,0.0
2006-11-08 00:00:00-05:00,21.871213912963867,21.871213912963867,21.871213912963867,21.871213912963867,0,0.0,0.0
2006-11-09 00:00:00-05:00,21.871213912963867,21.871213912963867,21.871213912963867,21.871213912963867,0,0.0,0.0
2006-11-10 00:00:00-05:00,21.99801107605481,21.99801107605481,20.603324041864337,20.86958122253418,4000,0.0,0.0
2006-11-13 00:00:00-05:00,21.237271629377755,21.287988662719727,20.875921230940612,21.287988662719727,6300,0.0,0.0
2006-11-14 00:00:00-05:00,21.066096609870023,21.90290796946159,21.066096609870023,21.465484619140625,2900,0.0,0.0
2006-11-15 00:00:00-05:00,21.47816928494095,21.839519625904217,21.249947507843967,21.490848541259766,2100,0.0,0.0
2006-11-16 00:00:00-05:00,21.503525578070246,21.554242603814423,21.040743600598617,21.237268447875977,4200,0.0,0.0
2006-11-17 00:00:00-05:00,21.237268447875977,21.34503850010102,20.907615035501482,21.237268447875977,3900,0.0,0.0
2006-11-20 00:00:00-05:00,21.11047647241588,21.49084687757189,21.11047647241588,21.351377487182617,900,0.0,0.0
2006-11-21 00:00:00-05:00,21.383081910598314,21.554248290159933,21.21825637008798,21.421119689941406,2500,0.0,0.0
2006-11-22 00:00:00-05:00,21.35137932382702,21.64933580408133,21.35137932382702,21.53522491455078,600,0.0,0.0
2006-11-24 00:00:00-05:00,21.53522491455078,21.53522491455078,21.53522491455078,21.53522491455078,0,0.0,0.0
2006-11-27 00:00:00-05:00,22.162827873467716,22.162827873467716,21.091456315944317,21.383071899414062,2100,0.0,0.0
2006-11-28 00:00:00-05:00,21.275305604651965,21.55424198325149,21.268964767456055,21.268964767456055,700,0.0,0.0
2006-11-29 00:00:00-05:00,21.294326920014036,21.33236469472986,21.009049655448433,21.224592208862305,2800,0.0,0.0
2006-11-30 00:00:00-05:00,21.497190653176244,21.541566848754883,21.199234124301423,21.541566848754883,1500,0.0,0.0
2006-12-01 00:00:00-05:00,21.763447196179186,21.77612403457897,21.554243087768555,21.554243087768555,5300,0.0,0.0
2006-12-04 00:00:00-05:00,21.554243087768555,21.554243087768555,21.547904668568663,21.554243087768555,6000,0.0,0.0
2006-12-05 00:00:00-05:00,21.554238198838583,21.871212289997974,21.383071899414062,21.383071899414062,2000,0.0,0.0
2006-12-06 00:00:00-05:00,20.7047500285958,21.345036705703773,20.7047500285958,21.167531967163086,14300,0.0,0.0
2006-12-07 00:00:00-05:00,21.04074145515149,21.319680231660335,21.04074145515149,21.078779220581055,5400,0.0,0.0
2006-12-08 00:00:00-05:00,21.389408111572266,21.389408111572266,21.11046942392742,21.389408111572266,2600,0.0,0.0
2006-12-11 00:00:00-05:00,21.554243087768555,21.554243087768555,21.547904668568663,21.554243087768555,4200,0.0,0.0
2006-12-12 00:00:00-05:00,21.407531145344354,21.669065237832395,21.177890979579118,21.3692569732666,3800,0.21,0.0
2006-12-13 00:00:00-05:00,21.3692569732666,21.3692569732666,21.3692569732666,21.3692569732666,0,0.0,0.0
2006-12-14 00:00:00-05:00,21.36925370513475,21.36925370513475,21.29908561706543,21.29908561706543,1600,0.0,0.0
2006-12-15 00:00:00-05:00,21.362878352325588,21.36925616408839,21.050312042236328,21.050312042236328,1200,0.0,0.0
2006-12-18 00:00:00-05:00,21.050302709278366,21.3564886385023,20.858936807682092,21.063060760498047,2800,0.0,0.0
2006-12-19 00:00:00-05:00,20.90359803818644,21.063070099112473,20.90359803818644,21.050312042236328,300,0.0,0.0
2006-12-20 00:00:00-05:00,21.050312042236328,21.050312042236328,21.050312042236328,21.050312042236328,1100,0.0,0.0
2006-12-21 00:00:00-05:00,20.724988378821575,20.954626083374023,20.450696262254397,20.954626083374023,3000,0.0,0.0
2006-12-22 00:00:00-05:00,20.961005001545924,21.273568832417688,20.635680682320004,20.903594970703125,6800,0.0,0.0
2006-12-26 00:00:00-05:00,20.833430689092886,20.992902755737305,20.68033643443997,20.992902755737305,2800,0.0,0.0
2006-12-27 00:00:00-05:00,20.763258694082385,21.32460094466965,20.69947085273504,21.177886962890625,4200,0.0,0.0
2006-12-28 00:00:00-05:00,21.37563168602546,21.50320980776982,21.005657809652124,21.133235931396484,4000,0.0,0.0
2006-12-29 00:00:00-05:00,20.852563723718443,21.184265869249288,20.852563723718443,21.037551879882812,1800,0.0,0.0
2007-01-03 00:00:00-05:00,20.999279814731736,21.050312042236328,20.999279814731736,21.050312042236328,4100,0.0,0.0
2007-01-04 00:00:00-05:00,21.069446762544782,21.177889023406426,20.87808078653351,21.082204818725586,1700,0.0,0.0
2007-01-05 00:00:00-05:00,21.094960727107278,21.133234891752785,20.731364679700544,20.890836715698242,11300,0.0,0.0
2007-01-08 00:00:00-05:00,20.890841087928184,20.890841087928184,20.629306991489674,20.731369018554688,2200,0.0,0.0
2007-01-09 00:00:00-05:00,20.82704414293809,20.85255781355514,20.571887969970703,20.571887969970703,3400,0.0,0.0
2007-01-10 00:00:00-05:00,20.680338102525972,20.693096160888672,20.680338102525972,20.693096160888672,2600,0.0,0.0
2007-01-11 00:00:00-05:00,20.57827462527083,20.661200782135136,20.297604661034786,20.393287658691406,21300,0.0,0.0
2007-01-12 00:00:00-05:00,20.539998184491836,20.565514293586318,20.348631016308342,20.399662017822266,2900,0.0,0.0
2007-01-16 00:00:00-05:00,19.927625961930488,20.374148160365962,19.927625961930488,20.31673812866211,8000,0.0,0.0
2007-01-17 00:00:00-05:00,20.4188037106997,20.622930208365233,20.22105989215461,20.36139488220215,4800,0.0,0.0
2007-01-18 00:00:00-05:00,20.559135253926577,20.693091184494193,20.559135253926577,20.63568115234375,1100,0.0,0.0
2007-01-19 00:00:00-05:00,20.591030957427122,20.71860908806313,20.316740044907586,20.406044006347656,5600,0.0,0.0
2007-01-22 00:00:00-05:00,20.412422379191625,20.62930446430455,20.412422379191625,20.425180435180664,1700,0.0,0.0
2007-01-23 00:00:00-05:00,20.552761079528583,20.731369018554688,20.508109094772056,20.731369018554688,19500,0.0,0.0
2007-01-24 00:00:00-05:00,20.967394295126297,20.967394295126297,20.731376231673362,20.795164108276367,5900,0.0,0.0
2007-01-25 00:00:00-05:00,20.839809281156562,21.36925773024256,20.444319222412663,21.311847686767578,15100,0.0,0.0
2007-01-26 00:00:00-05:00,21.43304061889648,21.44579867375102,21.037550651806352,21.433040618896484,14300,0.0,0.0
2007-01-29 00:00:00-05:00,21.675443049836705,21.675443049836705,21.3692569732666,21.3692569732666,9800,0.0,0.0
2007-01-30 00:00:00-05:00,21.675439634939103,21.688197690288362,21.662681579589844,21.662681579589844,3900,0.0,0.0
2007-01-31 00:00:00-05:00,21.688199436004272,21.688199436004272,21.624411587473848,21.669063568115234,2400,0.0,0.0
2007-02-01 00:00:00-05:00,21.433043729526297,21.688199996948242,21.433043729526297,21.688199996948242,4400,0.0,0.0
2007-02-02 00:00:00-05:00,21.68820400758499,21.70096206665039,21.573383909347346,21.70096206665039,2700,0.0,0.0
2007-02-05 00:00:00-05:00,21.828534118677883,21.834911929751282,21.78388214111328,21.78388214111328,1100,0.0,0.0
2007-02-06 00:00:00-05:00,21.91145088913014,21.91145088913014,21.796630859375,21.796630859375,400,0.0,0.0
2007-02-07 00:00:00-05:00,21.943355162423902,21.943355162423902,21.91783905029297,21.91783905029297,400,0.0,0.0
2007-02-08 00:00:00-05:00,21.936973571777344,21.936973571777344,21.936973571777344,21.936973571777344,200,0.0,0.0
2007-02-09 00:00:00-05:00,21.847670958608095,22.032659121531786,21.809396790411693,21.91783905029297,3200,0.0,0.0
2007-02-12 00:00:00-05:00,22.16660705155256,22.16660705155256,21.700949123478722,21.796630859375,3100,0.0,0.0
2007-02-13 00:00:00-05:00,22.077313218784045,22.166617186458137,21.50321280752114,21.84129524230957,6800,0.0,0.0
2007-02-14 00:00:00-05:00,21.834912093428546,21.834912093428546,21.68182029301668,21.777502059936523,1900,0.0,0.0
2007-02-15 00:00:00-05:00,22.102834514266554,22.12197038801056,21.854055988838535,21.892330169677734,3100,0.0,0.0
2007-02-16 00:00:00-05:00,21.89869866450121,22.06454849243164,21.89869866450121,22.06454849243164,2100,0.0,0.0
2007-02-20 00:00:00-05:00,22.00713954411647,22.115579353572233,21.803015545911506,21.924213409423828,1500,0.0,0.0
2007-02-21 00:00:00-05:00,21.924213724794143,21.9497298332743,21.471313749346482,21.751983642578125,4700,0.0,0.0
2007-02-22 00:00:00-05:00,21.879566983483308,21.930599212646484,21.515970867422862,21.930599212646484,2500,0.0,0.0
2007-02-23 00:00:00-05:00,21.93059044593906,21.96248435974121,21.669056459402004,21.96248435974121,1200,0.0,0.0
2007-02-26 00:00:00-05:00,21.94972383226091,22.032649945474564,21.751977695628156,21.94334602355957,1900,0.0,0.0
2007-02-27 00:00:00-05:00,21.822154998779297,21.847671111088314,21.783883263666173,21.822154998779297,1200,0.0,0.0
2007-02-28 00:00:00-05:00,21.75198488065676,22.2495392909395,21.688197039175726,22.00714111328125,2800,0.0,0.0
2007-03-01 00:00:00-05:00,22.211262456887372,22.211262456887372,22.03265457552385,22.06454849243164,500,0.0,0.0
2007-03-02 00:00:00-05:00,21.892318421109724,22.06454849243164,21.892318421109724,22.06454849243164,1800,0.0,0.0
2007-03-05 00:00:00-05:00,21.873194083866213,22.064560119504485,21.873194083866213,21.968875885009766,1200,0.0,0.0
2007-03-06 00:00:00-05:00,22.192126593412674,22.192126593412674,21.809392290469567,22.06454849243164,1300,0.0,0.0
2007-03-07 00:00:00-05:00,22.249546639479245,22.249546639479245,21.95611614504234,22.000770568847656,5100,0.0,0.0
2007-03-08 00:00:00-05:00,22.000770568847656,22.000770568847656,21.99439032258219,22.000770568847656,600,0.0,0.0
2007-03-09 00:00:00-05:00,22.06454849243164,22.06454849243164,22.06454849243164,22.06454849243164,200,0.0,0.0
2007-03-12 00:00:00-04:00,21.83491499698964,21.994387063079266,21.83491499698964,21.84129524230957,1000,0.0,0.0
2007-03-13 00:00:00-04:00,22.271437501359507,22.271437501359507,22.027474243497903,22.046733856201172,1500,0.22,0.0
2007-03-14 00:00:00-04:00,21.789926115033737,22.04031330864522,21.789926115033737,21.9183292388916,2000,0.0,0.0
2007-03-15 00:00:00-04:00,22.008214661946337,22.021055221557617,22.008214661946337,22.021055221557617,500,0.0,0.0
2007-03-16 00:00:00-04:00,22.181558543069094,22.200820607029176,22.021055221557617,22.021055221557617,1200,0.0,0.0
2007-03-19 00:00:00-04:00,22.02105273987278,22.14303681788963,21.89264960731685,22.046733856201172,1800,0.0,0.0
2007-03-20 00:00:00-04:00,21.873392782156074,22.162299254953602,21.777089808194777,21.98253631591797,2100,0.0,0.0
2007-03-21 00:00:00-04:00,22.110936904576892,22.265021172322953,21.98253620538925,22.065996170043945,5300,0.0,0.0
2007-03-22 00:00:00-04:00,22.065995597977057,22.13661745015118,21.87339210510254,21.87339210510254,1100,0.0,0.0
2007-03-23 00:00:00-04:00,22.130201049774254,22.14946066664624,22.130201049774254,22.143041610717773,700,0.0,0.0
2007-03-26 00:00:00-04:00,22.14946816164344,22.297130988830574,21.84130194198063,21.905502319335938,2400,0.0,0.0
2007-03-27 00:00:00-04:00,22.27144457890525,22.27144457890525,21.911918632399722,22.098100662231445,1400,0.0,0.0
2007-03-28 00:00:00-04:00,21.76424465167573,22.155870577923068,21.76424465167573,22.014629364013672,2200,0.0,0.0
2007-03-29 00:00:00-04:00,22.008219175605063,22.2200847790131,21.68721246674694,22.098100662231445,1200,0.0,0.0
2007-03-30 00:00:00-04:00,21.950429725765847,22.117354523926483,21.879810333251953,21.879810333251953,1100,0.0,0.0
2007-04-02 00:00:00-04:00,21.732156156298544,22.207247227415085,21.51387146671859,21.597333908081055,15600,0.0,0.0
2007-04-03 00:00:00-04:00,21.39188667131792,21.8862372919724,21.218542756354392,21.327686309814453,6800,0.0,0.0
2007-04-04 00:00:00-04:00,21.3148447948489,21.501029263607393,20.781972511661497,20.85259437561035,9000,0.0,0.0
2007-04-05 00:00:00-04:00,20.801231317333105,20.82049093208632,20.640727996826172,20.640727996826172,3100,0.0,0.0
2007-04-09 00:00:00-04:00,20.544432916053218,21.314849640222665,20.544432916053218,20.78839874267578,2700,0.0,0.0
2007-04-10 00:00:00-04:00,20.512333789647546,21.051625279531454,20.512333789647546,20.955322265625,3400,0.0,0.0
2007-04-11 00:00:00-04:00,21.045196692413587,21.045196692413587,20.92963409423828,20.92963409423828,800,0.0,0.0
2007-04-12 00:00:00-04:00,20.833332563322397,20.96815477170301,20.833332563322397,20.865432739257812,900,0.0,0.0
2007-04-13 00:00:00-04:00,21.19286328263905,21.276325718363136,20.56369038437461,20.961740493774414,2700,0.0,0.0
2007-04-16 00:00:00-04:00,20.711356426392726,20.955322265625,20.69851831035342,20.955322265625,3600,0.0,0.0
2007-04-17 00:00:00-04:00,20.846165899844703,21.051609893544093,20.7883846235489,21.01308822631836,2900,0.0,0.0
2007-04-18 00:00:00-04:00,20.846173239004035,21.186439514160156,20.846173239004035,21.186439514160156,4100,0.0,0.0
2007-04-19 00:00:00-04:00,20.8975307213944,21.11581532356098,20.891111666515755,21.096555709838867,1800,0.0,0.0
2007-04-20 00:00:00-04:00,21.282737478490805,21.282737478490805,20.993831063349788,21.26347541809082,2300,0.0,0.0
2007-04-23 00:00:00-04:00,21.070874132726694,21.25063705444336,21.045193015599708,21.25063705444336,1400,0.0,0.0
2007-04-24 00:00:00-04:00,21.173601647805583,21.212123333494457,21.147920524013003,21.20570182800293,3300,0.0,0.0
2007-04-25 00:00:00-04:00,21.321263140353444,21.404725563064197,21.154340744018555,21.154340744018555,2100,0.0,0.0
2007-04-26 00:00:00-04:00,21.122242265029875,21.44324897149485,20.403186703749242,21.10940170288086,4700,0.0,0.0
2007-04-27 00:00:00-04:00,20.871854240584234,21.411145586387544,20.871854240584234,21.05803871154785,1300,0.0,0.0
2007-04-30 00:00:00-04:00,20.910367965698242,21.14149309007223,20.81406501418048,20.910367965698242,6800,0.0,0.0
2007-05-01 00:00:00-04:00,20.64073243703654,20.64073243703654,18.843094125927127,19.85747528076172,41300,0.0,0.0
2007-05-02 00:00:00-04:00,19.902414542315924,19.902414542315924,19.228300991183847,19.45942497253418,21700,0.0,0.0
2007-05-03 00:00:00-04:00,19.39521981464824,20.473802277244474,19.39521981464824,20.377500534057617,1800,0.0,0.0
2007-05-04 00:00:00-04:00,20.60221471115465,20.621474333753838,20.178485870361328,20.178485870361328,2700,0.0,0.0
2007-05-07 00:00:00-04:00,20.505915469614898,20.53801566096009,20.31331064791232,20.525175094604492,4400,0.0,0.0
2007-05-08 00:00:00-04:00,20.45454089274648,20.5636819609125,20.351818878966576,20.371078491210938,1700,0.0,0.0
2007-05-09 00:00:00-04:00,20.49948912219021,20.49948912219021,20.08218063543366,20.217002868652344,4400,0.0,0.0
2007-05-10 00:00:00-04:00,20.216998266706486,20.216998266706486,20.043654385274497,20.08859634399414,1700,0.0,0.0
2007-05-11 00:00:00-04:00,20.216995083100386,20.351818488942108,20.114273071289062,20.114273071289062,1000,0.0,0.0
2007-05-14 00:00:00-04:00,20.04365894776251,20.217002868652344,20.04365894776251,20.217002868652344,600,0.0,0.0
2007-05-15 00:00:00-04:00,20.223419066398375,20.223419066398375,19.90241241455078,19.90241241455078,1500,0.0,0.0
2007-05-16 00:00:00-04:00,19.902414015972926,20.024396896362305,19.902414015972926,20.024396896362305,300,0.0,0.0
2007-05-17 00:00:00-04:00,20.216999227146367,20.216999227146367,19.876731727934544,19.88315200805664,2700,0.0,0.0
2007-05-18 00:00:00-04:00,20.101437813260535,20.101437813260535,20.024396896362305,20.024396896362305,200,0.0,0.0
2007-05-21 00:00:00-04:00,19.96661845384401,20.217003306410835,19.96661845384401,20.197742462158203,7700,0.0,0.0
2007-05-22 00:00:00-04:00,20.22342277208856,20.28762435913086,20.19132259083912,20.28762435913086,2200,0.0,0.0
2007-05-23 00:00:00-04:00,20.422439365843367,20.49306120906332,20.416019086955828,20.48664093017578,2900,0.0,0.0
2007-05-24 00:00:00-04:00,20.53158533605424,20.59578813643149,20.473804040257917,20.493064880371094,1800,0.0,0.0
2007-05-25 00:00:00-04:00,20.704929292201996,20.704929292201996,20.236259868780508,20.54442596435547,1500,0.0,0.0
2007-05-29 00:00:00-04:00,20.692090697817335,20.704931259155273,20.647149957677886,20.704931259155273,1100,0.0,0.0
2007-05-30 00:00:00-04:00,20.57652289454029,20.6086230652291,20.46738059983811,20.518741607666016,800,0.0,0.0
2007-05-31 00:00:00-04:00,20.345404605155863,20.358243942260742,20.2683624598098,20.358243942260742,2900,0.0,0.0
2007-06-01 00:00:00-04:00,20.54442552496808,20.672828674316406,20.54442552496808,20.672828674316406,200,0.0,0.0
2007-06-04 00:00:00-04:00,20.28119850725979,20.602205129755777,20.28119850725979,20.499483108520508,1000,0.0,0.0
2007-06-05 00:00:00-04:00,20.51233301000844,20.51233301000844,20.21700614603799,20.294048309326172,1900,0.0,0.0
2007-06-06 00:00:00-04:00,20.184900950574942,20.52516725726423,20.184900950574942,20.480226516723633,1200,0.0,0.0
2007-06-07 00:00:00-04:00,20.698510741398838,20.698510741398838,20.576526641845703,20.576526641845703,200,0.0,0.0
2007-06-08 00:00:00-04:00,20.493064880371094,20.493064880371094,20.493064880371094,20.493064880371094,100,0.0,0.0
2007-06-11 00:00:00-04:00,20.3518221883642,20.428863098955205,20.33898162841797,20.33898162841797,500,0.0,0.0
2007-06-12 00:00:00-04:00,20.178479601425316,20.18489988181165,19.30534106157663,19.388803482055664,23700,0.0,0.0
2007-06-13 00:00:00-04:00,18.949026209024147,19.595750669858134,18.949026209024147,19.408201217651367,2800,0.22,0.0
2007-06-14 00:00:00-04:00,19.544018216525224,19.550485610961914,19.479346739217025,19.550485610961914,1500,0.0,0.0
2007-06-15 00:00:00-04:00,19.330599015645568,19.4017391204834,19.32413162124855,19.4017391204834,1800,0.0,0.0
2007-06-18 00:00:00-04:00,19.46640396118164,19.479338744746492,19.375861709756553,19.46640396118164,3500,0.0,0.0
2007-06-19 00:00:00-04:00,19.123649763211684,19.537553189069623,19.123649763211684,19.518152236938477,1800,0.0,0.0
2007-06-20 00:00:00-04:00,19.83505005043926,19.83505005043926,19.434080123901367,19.434080123901367,2000,0.0,0.0
2007-06-21 00:00:00-04:00,19.40174243240502,20.17134522761203,19.40174243240502,19.53108787536621,6800,0.0,0.0
2007-06-22 00:00:00-04:00,19.47934589219357,19.68629757105136,19.401738395857247,19.53754997253418,1400,0.0,0.0
2007-06-25 00:00:00-04:00,19.93851289719126,19.93851289719126,19.459936996546737,19.472871780395508,1700,0.0,0.0
2007-06-26 00:00:00-04:00,19.970852885808046,19.970852885808046,19.589286549059945,19.69276237487793,4700,0.0,0.0
2007-06-27 00:00:00-04:00,19.64748635158663,20.048456014631974,19.621618017518895,19.899709701538086,1300,0.0,0.0
2007-06-28 00:00:00-04:00,20.12607765197754,20.132543814899776,19.944994251911236,20.12607765197754,700,0.0,0.0
2007-06-29 00:00:00-04:00,20.51410039994482,20.64991318442039,20.449428937701196,20.53350257873535,2100,0.0,0.0
2007-07-02 00:00:00-04:00,20.766323247160315,20.95387393664463,20.7081179458396,20.915069580078125,3000,0.0,0.0
2007-07-03 00:00:00-04:00,21.23843753370657,21.23843753370657,20.404162145900496,20.66931915283203,900,0.0,0.0
2007-07-05 00:00:00-04:00,20.4365007960223,20.843936814853805,20.35242589412519,20.371828079223633,5600,0.0,0.0
2007-07-06 00:00:00-04:00,20.56584227489067,20.6046466399531,20.035528287663915,20.28128433227539,1800,0.0,0.0
2007-07-09 00:00:00-04:00,19.970853970341267,20.151937292121183,19.401736897435995,20.08079719543457,5100,0.0,0.0
2007-07-10 00:00:00-04:00,20.37181951167269,20.37181951167269,19.602217095843617,19.82210350036621,3500,0.0,0.0
2007-07-11 00:00:00-04:00,19.82210350036621,19.82210350036621,19.82210350036621,19.82210350036621,0,0.0,0.0
2007-07-12 00:00:00-04:00,19.725097453396117,20.02259013436976,19.61515423792127,19.750967025756836,5300,0.0,0.0
2007-07-13 00:00:00-04:00,19.421140878290974,19.744503189883055,19.32413119798989,19.39527130126953,13600,0.0,0.0
2007-07-16 00:00:00-04:00,19.421143775694212,19.776841878099688,19.421143775694212,19.518152236938477,1700,0.0,0.0
2007-07-17 00:00:00-04:00,19.72509408078106,19.886775179803855,19.472871961034745,19.48580551147461,6600,0.0,0.0
2007-07-18 00:00:00-04:00,19.485806365366766,19.699225376087988,19.447003245288986,19.498741149902344,6100,0.0,0.0
2007-07-19 00:00:00-04:00,19.666889457177742,19.686291633792578,19.388797760009766,19.388797760009766,3800,0.0,0.0
2007-07-20 00:00:00-04:00,19.39527172608638,19.919118336951215,19.369403382027667,19.4017391204834,8200,0.0,0.0
2007-07-23 00:00:00-04:00,19.369401786121617,19.86091138450434,19.16244888305664,19.16244888305664,4200,0.0,0.0
2007-07-24 00:00:00-04:00,19.337066410042585,19.472879225321233,19.272393699601768,19.4017391204834,2400,0.0,0.0
2007-07-25 00:00:00-04:00,19.53108787536621,19.53108787536621,19.168921128486698,19.53108787536621,400,0.0,0.0
2007-07-26 00:00:00-04:00,20.268353693068143,20.268353693068143,19.44054557188155,19.53108787536621,2400,0.0,0.0
2007-07-27 00:00:00-04:00,19.40820371878983,19.524614334106445,19.401736325324556,19.524614334106445,1200,0.0,0.0
2007-07-30 00:00:00-04:00,19.705695927958317,19.705695927958317,19.401735843809135,19.69276237487793,1100,0.0,0.0
2007-07-31 00:00:00-04:00,19.563413619995117,19.563413619995117,19.563413619995117,19.563413619995117,600,0.0,0.0
2007-08-01 00:00:00-04:00,19.356471536009348,19.718637042597056,19.356471536009348,19.712169647216797,3500,0.0,0.0
2007-08-02 00:00:00-04:00,19.72509765625,19.72509765625,19.72509765625,19.72509765625,200,0.0,0.0
2007-08-03 00:00:00-04:00,19.563414531129567,19.563414531129567,19.362930297851562,19.362930297851562,300,0.0,0.0
2007-08-06 00:00:00-04:00,19.401738457308035,19.498746902888712,19.401738457308035,19.459943771362305,400,0.0,0.0
2007-08-07 00:00:00-04:00,19.479341303072392,19.479341303072392,19.401733825019544,19.408201217651367,1200,0.0,0.0
2007-08-08 00:00:00-04:00,19.401729947495763,20.22307014465332,19.078367781704166,20.22307014465332,9700,0.0,0.0
2007-08-09 00:00:00-04:00,19.77683305741553,20.49469757080078,19.77683305741553,20.49469757080078,7600,0.0,0.0
2007-08-10 00:00:00-04:00,20.19720959596001,20.662852112035655,19.51814923805546,20.39122772216797,10900,0.0,0.0
2007-08-13 00:00:00-04:00,20.04199833372695,20.391230264322076,19.76390651496331,20.371828079223633,6900,0.0,0.0
2007-08-14 00:00:00-04:00,19.964383151299664,20.38475377260669,19.964383151299664,20.3394832611084,2400,0.0,0.0
2007-08-15 00:00:00-04:00,20.029057079698987,20.61757626892852,19.77036752952047,20.35888671875,7200,0.0,0.0
2007-08-16 00:00:00-04:00,20.223076204864824,20.572306807138073,19.90618133544922,19.90618133544922,1000,0.0,0.0
2007-08-17 00:00:00-04:00,20.016120197013567,20.371818115136143,19.906177002289137,20.3653507232666,3300,0.0,0.0
2007-08-20 00:00:00-04:00,20.093730868061776,20.44943009823348,20.093730868061776,20.268346786499023,2200,0.0,0.0
2007-08-21 00:00:00-04:00,20.106663322365083,20.501165633030244,20.106663322365083,20.397689819335938,8500,0.0,0.0
2007-08-22 00:00:00-04:00,20.35241755156736,20.682247161865234,20.35241755156736,20.682247161865234,2400,0.0,0.0
2007-08-23 00:00:00-04:00,20.5981735279598,20.682247161865234,20.53350083767079,20.682247161865234,1600,0.0,0.0
2007-08-24 00:00:00-04:00,20.488230178465088,20.669312229748606,20.488230178465088,20.49469757080078,600,0.0,0.0
2007-08-27 00:00:00-04:00,20.49469757080078,20.49469757080078,20.49469757080078,20.49469757080078,0,0.0,0.0
2007-08-28 00:00:00-04:00,20.449429214020647,20.449429214020647,20.294214248657227,20.294214248657227,5400,0.0,0.0
2007-08-29 00:00:00-04:00,20.106667054670453,20.43649673461914,20.048461744471904,20.43649673461914,2000,0.0,0.0
2007-08-30 00:00:00-04:00,20.39122772216797,20.39122772216797,20.39122772216797,20.39122772216797,200,0.0,0.0
2007-08-31 00:00:00-04:00,20.423566818237305,20.423566818237305,20.423566818237305,20.423566818237305,200,0.0,0.0
2007-09-04 00:00:00-04:00,20.268352225757553,20.533509254455566,20.255417435691925,20.371828079223633,1500,0.0,0.0
2007-09-05 00:00:00-04:00,20.24247763854753,20.404158773786822,20.24247763854753,20.27481460571289,2800,0.0,0.0
2007-09-06 00:00:00-04:00,20.151933178182905,20.49469757080078,20.151933178182905,20.49469757080078,1300,0.0,0.0
2007-09-07 00:00:00-04:00,20.30068016052246,20.326549730705267,20.30068016052246,20.30068016052246,1600,0.0,0.0
2007-09-10 00:00:00-04:00,20.268346507769095,20.501167729150335,20.268346507769095,20.410625457763672,1300,0.0,0.0
2007-09-11 00:00:00-04:00,20.468830108642578,20.468830108642578,20.371821680678497,20.468830108642578,1400,0.0,0.0
2007-09-12 00:00:00-04:00,20.42975838959201,20.540471185001117,20.42975838959201,20.50790786743164,1100,0.22,0.0
2007-09-13 00:00:00-04:00,20.18227863601053,20.64466772780187,20.18227863601053,20.612104415893555,2600,0.0,0.0
2007-09-14 00:00:00-04:00,20.429761893521185,20.64467485768544,20.20833626472604,20.3450984954834,1800,0.0,0.0
2007-09-17 00:00:00-04:00,19.902245718151857,20.579547882080078,19.902245718151857,20.579547882080078,4600,0.0,0.0
2007-09-18 00:00:00-04:00,20.44929313659668,20.57954390979982,20.39719307574811,20.44929313659668,1500,0.0,0.0
2007-09-19 00:00:00-04:00,20.481852435300542,21.295916502805916,20.481852435300542,20.866090774536133,12100,0.0,0.0
2007-09-20 00:00:00-04:00,21.002859115600586,21.002859115600586,20.9312210591093,21.002859115600586,500,0.0,0.0
2007-09-21 00:00:00-04:00,20.27997350391181,20.827024922397936,20.27997350391181,20.63816261291504,2900,0.0,0.0
2007-09-24 00:00:00-04:00,20.631646320768965,20.75538444519043,20.208333122884923,20.75538444519043,1900,0.0,0.0
2007-09-25 00:00:00-04:00,20.75538444519043,20.75538444519043,20.75538444519043,20.75538444519043,0,0.0,0.0
2007-09-26 00:00:00-04:00,20.31903888355557,20.83352670960142,20.208326124710794,20.540464401245117,7000,0.0,0.0
2007-09-27 00:00:00-04:00,20.188792847969072,20.560005937072678,20.188792847969072,20.53395652770996,2300,0.0,0.0
2007-09-28 00:00:00-04:00,20.247406521408152,20.70328300719039,20.247406521408152,20.442781448364258,2600,0.0,0.0
2007-10-01 00:00:00-04:00,20.5013961353931,20.514421463012695,20.5013961353931,20.514421463012695,600,0.0,0.0
2007-10-02 00:00:00-04:00,20.533958470433824,20.540471133931526,20.436269760131836,20.436269760131836,1400,0.0,0.0
2007-10-03 00:00:00-04:00,20.42324665400277,20.514421463012695,20.42324665400277,20.514421463012695,800,0.0,0.0
2007-10-04 00:00:00-04:00,19.86317208721816,20.70328717501451,19.66128445643261,20.60559844970703,3600,0.0,0.0
2007-10-05 00:00:00-04:00,20.29950953515451,20.599084632317144,20.240896800115966,20.579547882080078,1200,0.0,0.0
2007-10-08 00:00:00-04:00,20.800970580616955,20.827019991339164,20.586057662963867,20.586057662963867,2300,0.0,0.0
2007-10-09 00:00:00-04:00,20.351608594258625,20.579546858947044,20.123670329570206,20.514421463012695,2400,0.0,0.0
2007-10-10 00:00:00-04:00,20.27345909557869,20.833535795423543,20.234384352522724,20.683748245239258,1000,0.0,0.0
2007-10-11 00:00:00-04:00,20.683748245239258,20.683748245239258,20.683748245239258,20.683748245239258,0,0.0,0.0
2007-10-12 00:00:00-04:00,20.247403205399888,20.664203643798828,20.247403205399888,20.664203643798828,1900,0.0,0.0
2007-10-15 00:00:00-04:00,20.25392422186399,20.64467541512179,20.25392422186399,20.59908676147461,3000,0.0,0.0
2007-10-16 00:00:00-04:00,20.455805815294944,20.540469190591498,20.455805815294944,20.53395652770996,500,0.0,0.0
2007-10-17 00:00:00-04:00,20.35160569351721,20.53395652770996,20.345093030635674,20.53395652770996,2200,0.0,0.0
2007-10-18 00:00:00-04:00,20.39067754005433,20.533953618824484,20.39067754005433,20.45580291748047,900,0.0,0.0
2007-10-19 00:00:00-04:00,20.416733990192974,20.514421463012695,20.358121258068422,20.514421463012695,1300,0.0,0.0
2007-10-22 00:00:00-04:00,20.54697903424027,20.612104415893555,20.54697903424027,20.612104415893555,800,0.0,0.0
2007-10-23 00:00:00-04:00,20.39067754005433,20.514415632947664,20.39067754005433,20.45580291748047,3500,0.0,0.0
2007-10-24 00:00:00-04:00,20.390683334953792,20.625134263452004,20.390683334953792,20.514421463012695,2200,0.0,0.0
2007-10-25 00:00:00-04:00,20.514421463012695,20.514421463012695,20.514421463012695,20.514421463012695,0,0.0,0.0
2007-10-26 00:00:00-04:00,20.2604337852487,20.65118367652758,20.253921121438907,20.514421463012695,11600,0.0,0.0
2007-10-29 00:00:00-04:00,20.455808821729335,20.573034286499023,20.44929615789062,20.573034286499023,900,0.0,0.0
2007-10-30 00:00:00-04:00,20.63163917600088,20.65117591792675,20.540464401245117,20.540464401245117,1200,0.0,0.0
2007-10-31 00:00:00-04:00,20.234380048325768,20.54046898995097,20.234380048325768,20.416730880737305,3000,0.0,0.0
2007-11-01 00:00:00-04:00,20.188795725504555,20.514421463012695,20.188795725504555,20.514421463012695,4900,0.0,0.0
2007-11-02 00:00:00-04:00,20.514421463012695,20.65118367652758,20.514421463012695,20.514421463012695,1400,0.0,0.0
2007-11-05 00:00:00-05:00,20.319044670406015,20.501394271850586,20.188793890376893,20.501394271850586,3500,0.0,0.0
2007-11-06 00:00:00-05:00,20.20833308053578,20.227869829186307,20.052032880513693,20.18879508972168,2200,0.0,0.0
2007-11-07 00:00:00-05:00,19.485440540473853,20.182279289760547,19.485440540473853,19.66779136657715,12800,0.0,0.0
2007-11-08 00:00:00-05:00,19.27052553341134,19.641738565398636,19.27052553341134,19.465900421142578,15200,0.0,0.0
2007-11-09 00:00:00-05:00,19.348675943926544,19.557077407836914,19.277039144053056,19.557077407836914,2200,0.0,0.0
2007-11-12 00:00:00-05:00,19.211916053448398,19.6938419342041,19.211916053448398,19.6938419342041,4500,0.0,0.0
2007-11-13 00:00:00-05:00,19.895730036051862,19.895730036051862,19.5635929107666,19.5635929107666,900,0.0,0.0
2007-11-14 00:00:00-05:00,19.68081912781296,19.68081912781296,19.53754425048828,19.53754425048828,300,0.0,0.0
2007-11-15 00:00:00-05:00,19.277038581539774,19.713376998901367,19.277038581539774,19.713376998901367,500,0.0,0.0
2007-11-16 00:00:00-05:00,19.550569578107872,19.66779504235698,19.53754425048828,19.53754425048828,1400,0.0,0.0
2007-11-19 00:00:00-05:00,19.863169962452695,19.947832107543945,19.863169962452695,19.947832107543945,300,0.0,0.0
2007-11-20 00:00:00-05:00,19.75897182120401,19.75897182120401,19.60918426513672,19.60918426513672,700,0.0,0.0
2007-11-21 00:00:00-05:00,19.60918426513672,19.60918426513672,19.60918426513672,19.60918426513672,0,0.0,0.0
2007-11-23 00:00:00-05:00,19.60918426513672,19.60918426513672,19.60918426513672,19.60918426513672,0,0.0,0.0
2007-11-26 00:00:00-05:00,19.66779136657715,19.687328112191636,19.66779136657715,19.66779136657715,1400,0.0,0.0
2007-11-27 00:00:00-05:00,19.667787267507762,19.928287506103516,19.667787267507762,19.928287506103516,900,0.0,0.0
2007-11-28 00:00:00-05:00,19.967362788900548,19.967362788900548,19.771987915039062,19.771987915039062,1700,0.0,0.0
2007-11-29 00:00:00-05:00,19.7654735784387,19.947823114011243,19.7654735784387,19.791522979736328,8600,0.0,0.0
2007-11-30 00:00:00-05:00,19.465902552695983,19.88270426348018,19.348677110355535,19.66779136657715,4100,0.0,0.0
2007-12-03 00:00:00-05:00,19.778509507768856,19.778509507768856,19.211920130256708,19.44637107849121,2000,0.0,0.0
2007-12-04 00:00:00-05:00,19.65477010967751,19.65477010967751,19.218431562962337,19.27704429626465,1700,0.0,0.0
2007-12-05 00:00:00-05:00,19.62220639568841,19.62220639568841,19.53754425048828,19.53754425048828,300,0.0,0.0
2007-12-06 00:00:00-05:00,19.38775224638254,19.863165415587233,19.32262686543975,19.63522720336914,2400,0.0,0.0
2007-12-07 00:00:00-05:00,19.830610025205146,19.830610025205146,19.557084326851843,19.57010841369629,700,0.0,0.0
2007-12-10 00:00:00-05:00,19.355193390304823,19.550569578107872,19.283556572724287,19.53754425048828,3100,0.0,0.0
2007-12-11 00:00:00-05:00,19.667787169771973,19.667787169771973,19.237961467684144,19.407285690307617,1500,0.0,0.0
2007-12-12 00:00:00-05:00,19.417136693008725,19.69274327801783,19.417136693008725,19.581188201904297,3900,0.225,0.0
2007-12-13 00:00:00-05:00,19.430260635680852,19.430260635680852,19.42369842529297,19.42369842529297,800,0.0,0.0
2007-12-14 00:00:00-05:00,19.25308425235077,19.686180114746094,19.25308425235077,19.686180114746094,4500,0.0,0.0
2007-12-17 00:00:00-05:00,19.489319348629973,19.784611307479725,19.42369849612548,19.548377990722656,4200,0.0,0.0
2007-12-18 00:00:00-05:00,19.42369842529297,19.42369842529297,19.42369842529297,19.42369842529297,300,0.0,0.0
2007-12-19 00:00:00-05:00,19.810860103371695,19.810860103371695,19.246522525395534,19.535253524780273,3600,0.0,0.0
2007-12-20 00:00:00-05:00,19.436819447504636,19.528687873644355,19.2071471305419,19.358074188232422,2300,0.0,0.0
2007-12-21 00:00:00-05:00,19.548374590186537,19.686177230022242,19.364636485458824,19.679615020751953,2800,0.0,0.0
2007-12-24 00:00:00-05:00,19.417128607598936,19.594304463816336,19.417128607598936,19.52212142944336,1200,0.0,0.0
2007-12-26 00:00:00-05:00,19.55492787847689,19.568052291870117,19.55492787847689,19.568052291870117,2800,0.0,0.0
2007-12-27 00:00:00-05:00,19.528687962375678,19.679615020751953,19.456504912015962,19.679615020751953,2500,0.0,0.0
2007-12-28 00:00:00-05:00,19.37776374352931,19.686180114746094,19.37776374352931,19.686180114746094,1200,0.0,0.0
2007-12-31 00:00:00-05:00,19.358080326718817,19.58775271651113,19.358080326718817,19.502445220947266,1800,0.0,0.0
2008-01-02 00:00:00-05:00,19.66649395157645,19.686180582740104,19.42369842529297,19.42369842529297,13800,0.0,0.0
2008-01-03 00:00:00-05:00,19.42369930962782,19.62056062377259,19.27933317774886,19.613998413085938,24100,0.0,0.0
2008-01-04 00:00:00-05:00,18.38033528635041,19.430265426635742,18.288466821495156,19.430265426635742,5500,0.0,0.0
2008-01-07 00:00:00-05:00,19.14152628975063,19.358074188232422,19.14152628975063,19.358074188232422,1800,0.0,0.0
2008-01-08 00:00:00-05:00,18.74780658956373,19.1809024810791,18.74780658956373,19.1809024810791,4700,0.0,0.0
2008-01-09 00:00:00-05:00,18.74124118166658,19.44994354248047,18.74124118166658,19.44994354248047,3300,0.0,0.0
2008-01-10 00:00:00-05:00,18.93154331828813,19.410573397090282,18.93154331828813,19.12840461730957,1700,0.0,0.0
2008-01-11 00:00:00-05:00,18.944671026383723,19.541818488875432,18.944671026383723,19.502445220947266,1100,0.0,0.0
2008-01-14 00:00:00-05:00,19.358066684030234,19.568052291870117,19.35150447733362,19.568052291870117,600,0.0,0.0
2008-01-15 00:00:00-05:00,19.174334964772356,19.174334964772356,19.102153170568663,19.115276336669922,700,0.0,0.0
2008-01-16 00:00:00-05:00,18.98404453761453,18.98404453761453,18.701875686645508,18.701875686645508,1400,0.0,0.0
2008-01-17 00:00:00-05:00,18.65593489448255,19.05622091453727,18.65593489448255,19.029972076416016,5000,0.0,0.0
2008-01-18 00:00:00-05:00,18.728122614153243,19.344955444335938,18.669063965278372,19.344955444335938,1200,0.0,0.0
2008-01-22 00:00:00-05:00,18.86592666680936,19.312147045621682,18.518136959414136,19.062788009643555,2300,0.0,0.0
2008-01-23 00:00:00-05:00,18.564069655511325,19.003726505099447,18.544383023536184,18.957792282104492,1200,0.0,0.0
2008-01-24 00:00:00-05:00,19.0562247869382,19.0562247869382,18.583755617653413,18.833114624023438,3800,0.0,0.0
2008-01-25 00:00:00-05:00,18.616570825663494,18.662505060345215,17.80287401959239,18.406583786010742,2400,0.0,0.0
2008-01-28 00:00:00-05:00,18.518137510020257,18.708437898483616,18.104728177130855,18.701875686645508,1800,0.0,0.0
2008-01-29 00:00:00-05:00,18.235963927120693,19.029972524794527,18.04566360109826,18.66905975341797,8600,0.0,0.0
2008-01-30 00:00:00-05:00,18.439393909727066,19.023417009455077,18.432831697732894,18.74781036376953,3900,0.0,0.0
2008-01-31 00:00:00-05:00,18.49845345438459,19.554944603901873,18.49845345438459,19.29902458190918,6400,0.0,0.0
2008-02-01 00:00:00-05:00,18.68218447831314,19.692742324977978,18.68218447831314,19.686180114746094,28500,0.0,0.0
2008-02-04 00:00:00-05:00,19.804297782400088,19.804297782400088,19.2596468386549,19.60743522644043,5700,0.0,0.0
2008-02-05 00:00:00-05:00,19.35807711283366,20.099589346445768,19.35807711283366,19.686180114746094,800,0.0,0.0
2008-02-06 00:00:00-05:00,19.35807573562234,19.745237350463867,19.292454889585656,19.745237350463867,7300,0.0,0.0
2008-02-07 00:00:00-05:00,20.145526815130815,21.228265326839292,19.69930648803711,19.69930648803711,400,0.0,0.0
2008-02-08 00:00:00-05:00,19.331830188304796,20.276767277937715,19.331830188304796,19.69930648803711,1800,0.0,0.0
2008-02-11 00:00:00-05:00,19.56149775711367,20.040529020937093,19.535250171645963,19.679615020751953,4800,0.0,0.0
2008-02-12 00:00:00-05:00,20.014285470369956,20.014285470369956,19.522130909623154,19.718992233276367,10800,0.0,0.0
2008-02-13 00:00:00-05:00,19.679615020751953,20.00771797458566,19.679615020751953,19.679615020751953,4100,0.0,0.0
2008-02-14 00:00:00-05:00,19.679615020751953,19.679615020751953,19.679615020751953,19.679615020751953,0,0.0,0.0
2008-02-15 00:00:00-05:00,19.358079031834425,19.69930648803711,19.358079031834425,19.69930648803711,29400,0.0,0.0
2008-02-19 00:00:00-05:00,19.522133720461916,19.994601716224846,19.522133720461916,19.935543060302734,700,0.0,0.0
2008-02-20 00:00:00-05:00,19.843659936109738,20.007711358780895,19.68617072053899,19.994586944580078,1600,0.0,0.0
2008-02-21 00:00:00-05:00,19.69274659285283,19.843673706054688,19.686184381198764,19.843673706054688,600,0.0,0.0
2008-02-22 00:00:00-05:00,19.522128613789878,20.007720906426645,19.522128613789878,19.686180114746094,1500,0.0,0.0
2008-02-25 00:00:00-05:00,19.69931255160604,19.86336411932105,19.686188125801447,19.83055305480957,1700,0.0,0.0
2008-02-26 00:00:00-05:00,19.83055305480957,19.83055305480957,19.83055305480957,19.83055305480957,0,0.0,0.0
2008-02-27 00:00:00-05:00,19.371201098989406,19.850231170654297,19.371201098989406,19.850231170654297,400,0.0,0.0
2008-02-28 00:00:00-05:00,19.686180114746094,19.692742324977978,19.686180114746094,19.686180114746094,2400,0.0,0.0
2008-02-29 00:00:00-05:00,19.686176302404405,19.78460693359375,19.686176302404405,19.78460693359375,4700,0.0,0.0
2008-03-03 00:00:00-05:00,19.686180114746094,19.863356036166078,19.515566403557994,19.686180114746094,2700,0.0,0.0
2008-03-04 00:00:00-05:00,19.843676187151353,19.843676187151353,19.686186842604204,19.817428588867188,34300,0.0,0.0
2008-03-05 00:00:00-05:00,19.83054175356959,19.869915008544922,19.58774627262216,19.869915008544922,47300,0.0,0.0
2008-03-06 00:00:00-05:00,20.204582111504507,20.29645054539877,19.78460944595887,20.276763916015625,2300,0.0,0.0
2008-03-07 00:00:00-05:00,20.276765267865752,20.276765267865752,19.686180114746094,19.686180114746094,600,0.0,0.0
2008-03-10 00:00:00-04:00,20.184896827846632,20.184896827846632,19.686180114746094,19.686180114746094,2000,0.0,0.0
2008-03-11 00:00:00-04:00,19.686183489851036,20.26364432150991,19.686183489851036,19.75180435180664,1800,0.0,0.0
2008-03-12 00:00:00-04:00,20.052622235158953,20.052622235158953,19.900558471679688,19.900558471679688,400,0.225,0.0
2008-03-13 00:00:00-04:00,19.83444137724934,19.841053009033203,19.83444137724934,19.841053009033203,400,0.0,0.0
2008-03-14 00:00:00-04:00,19.834447860717773,19.834447860717773,19.834447860717773,19.834447860717773,800,0.0,0.0
2008-03-17 00:00:00-04:00,19.834447860717773,19.847671128607907,19.834447860717773,19.834447860717773,4100,0.0,0.0
2008-03-18 00:00:00-04:00,19.82784080505371,19.834452440525414,19.82784080505371,19.82784080505371,3000,0.0,0.0
2008-03-19 00:00:00-04:00,19.52370576803443,19.933616924185806,19.52370576803443,19.722049713134766,2500,0.0,0.0
2008-03-20 00:00:00-04:00,19.576597689118177,19.927005411649308,19.576597689118177,19.781553268432617,600,0.0,0.0
2008-03-24 00:00:00-04:00,19.246018892440734,19.669153213500977,19.246018892440734,19.669153213500977,3000,0.0,0.0
2008-03-25 00:00:00-04:00,19.629486083984375,19.629486083984375,19.629486083984375,19.629486083984375,100,0.0,0.0
2008-03-26 00:00:00-04:00,19.51047922531601,19.603039549345404,19.503867593451076,19.59642791748047,1300,0.0,0.0
2008-03-27 00:00:00-04:00,19.40470314025879,19.40470314025879,19.40470314025879,19.40470314025879,600,0.0,0.0
2008-03-28 00:00:00-04:00,19.536925257051852,19.622875213623047,19.536925257051852,19.622875213623047,500,0.0,0.0
2008-03-31 00:00:00-04:00,19.30552469096174,19.728659064120386,19.30552469096174,19.576595306396484,1900,0.0,0.0
2008-04-01 00:00:00-04:00,19.814611738943213,19.814611738943213,19.464203988710068,19.603044509887695,2000,0.0,0.0
2008-04-02 00:00:00-04:00,19.62949165075732,19.735275268554688,19.18652227834076,19.735275268554688,1600,0.0,0.0
2008-04-03 00:00:00-04:00,19.66254232354881,19.66254232354881,19.166681299468273,19.331968307495117,2300,0.0,0.0
2008-04-04 00:00:00-04:00,19.550150070619473,19.550150070619473,19.239410902408498,19.27907943725586,1100,0.0,0.0
2008-04-07 00:00:00-04:00,19.17328773350027,19.305517808491913,19.17328773350027,19.239402770996094,1400,0.0,0.0
2008-04-08 00:00:00-04:00,19.62287482845201,19.62287482845201,19.43775291573534,19.444364547729492,1500,0.0,0.0
2008-04-09 00:00:00-04:00,19.444364547729492,19.444364547729492,19.444364547729492,19.444364547729492,0,0.0,0.0
2008-04-10 00:00:00-04:00,18.58487088526423,19.669153213500977,18.287353777618907,19.669153213500977,1500,0.0,0.0
2008-04-11 00:00:00-04:00,19.27247603583576,19.867509356843414,19.27247603583576,19.82784080505371,800,0.0,0.0
2008-04-14 00:00:00-04:00,19.66254077600258,19.814604508769506,19.305521522504595,19.345190048217773,600,0.0,0.0
2008-04-15 00:00:00-04:00,19.384862516649445,19.50386937903367,19.239410385424254,19.371639251708984,2300,0.0,0.0
2008-04-16 00:00:00-04:00,19.06751427051043,19.437756911004193,18.803055241586318,19.173297882080078,9000,0.0,0.0
2008-04-17 00:00:00-04:00,18.915452518076965,19.008012872881594,18.677438735961914,18.677438735961914,2800,0.0,0.0
2008-04-18 00:00:00-04:00,18.842723846435547,19.219578121597838,18.842723846435547,18.842723846435547,1500,0.0,0.0
2008-04-21 00:00:00-04:00,18.5253731358355,19.457592010498047,18.5253731358355,19.457592010498047,1900,0.0,0.0
2008-04-22 00:00:00-04:00,19.55014445318102,19.55014445318102,18.88238488009445,18.902219772338867,2500,0.0,0.0
2008-04-23 00:00:00-04:00,19.484031301505407,19.50386619567871,19.484031301505407,19.50386619567871,300,0.0,0.0
2008-04-24 00:00:00-04:00,19.30552101135254,19.30552101135254,19.30552101135254,19.30552101135254,100,0.0,0.0
2008-04-25 00:00:00-04:00,19.179909515433195,19.179909515433195,19.173297882080078,19.173297882080078,300,0.0,0.0
2008-04-28 00:00:00-04:00,18.518759571215185,19.398086547851562,18.518759571215185,19.398086547851562,200,0.0,0.0
2008-04-29 00:00:00-04:00,18.670815197949086,18.80304527282715,18.452636457127905,18.80304527282715,3800,0.0,0.0
2008-04-30 00:00:00-04:00,18.664209749840666,18.769993340363726,18.18157196044922,18.18157196044922,900,0.0,0.0
2008-05-01 00:00:00-04:00,18.419591480765185,18.928674697875977,18.419591480765185,18.928674697875977,500,0.0,0.0
2008-05-02 00:00:00-04:00,18.657600546613466,18.657600546613466,18.346861366630534,18.584875106811523,600,0.0,0.0
2008-05-05 00:00:00-04:00,18.65760040283203,18.83611070659212,18.51214826330901,18.65760040283203,6300,0.0,0.0
2008-05-06 00:00:00-04:00,18.677426624265152,18.70387314336835,18.57825469970703,18.57825469970703,1700,0.0,0.0
2008-05-07 00:00:00-04:00,18.76338619304646,18.76338619304646,18.51215042076518,18.6113224029541,2300,0.0,0.0
2008-05-08 00:00:00-04:00,18.664210390514715,18.717102187591824,18.360082872581298,18.644376754760742,4300,0.0,0.0
2008-05-09 00:00:00-04:00,18.406366428049044,18.803055609721856,17.85100182591514,18.598098754882812,2100,0.0,0.0
2008-05-12 00:00:00-04:00,18.267526251323797,18.677438735961914,18.267526251323797,18.677438735961914,8600,0.0,0.0
2008-05-13 00:00:00-04:00,18.512144717857673,18.512144717857673,18.446029663085938,18.446029663085938,1000,0.0,0.0
2008-05-14 00:00:00-04:00,18.472476189410543,18.63776319581999,18.446029663085938,18.446029663085938,2700,0.0,0.0
2008-05-15 00:00:00-04:00,18.61131666949538,18.61131666949538,18.022895330210492,18.446029663085938,5100,0.0,0.0
2008-05-16 00:00:00-04:00,17.996451291372868,18.505535644129633,17.7187690317819,18.412975311279297,2900,0.0,0.0
2008-05-19 00:00:00-04:00,18.02950611487378,18.591482162475586,18.00967122106205,18.591482162475586,2000,0.0,0.0
2008-05-20 00:00:00-04:00,17.76504315287522,18.57825469970703,17.76504315287522,18.57825469970703,3400,0.0,0.0
2008-05-21 00:00:00-04:00,18.036119210717807,18.419585028271495,18.036119210717807,18.379915237426758,1500,0.0,0.0
2008-05-22 00:00:00-04:00,17.903889720066218,18.44603093675687,17.877444452955388,18.346858978271484,9900,0.0,0.0
2008-05-23 00:00:00-04:00,17.983238139663086,18.115467071533203,17.983238139663086,18.115467071533203,200,0.0,0.0
2008-05-27 00:00:00-04:00,17.903896630758013,18.43942642211914,17.903896630758013,18.43942642211914,2700,0.0,0.0
2008-05-28 00:00:00-04:00,18.221245749557358,18.67743840347691,18.221245749557358,18.49892807006836,1900,0.0,0.0
2008-05-29 00:00:00-04:00,18.30058409586346,18.49892807006836,18.30058409586346,18.49892807006836,900,0.0,0.0
2008-05-30 00:00:00-04:00,18.49892654399082,18.829500647754944,18.49892654399082,18.512149810791016,1200,0.0,0.0
2008-06-02 00:00:00-04:00,18.353476826837365,18.677439340173954,18.353476826837365,18.386533737182617,500,0.0,0.0
2008-06-03 00:00:00-04:00,18.512149810791016,18.512149810791016,18.512149810791016,18.512149810791016,100,0.0,0.0
2008-06-04 00:00:00-04:00,18.37330856274255,18.45264563831229,18.214631889522913,18.353473663330078,2500,0.0,0.0
2008-06-05 00:00:00-04:00,18.479092904830654,18.512149810791016,18.479092904830654,18.512149810791016,1500,0.0,0.0
2008-06-06 00:00:00-04:00,18.578263310763205,18.829499053494597,18.578263310763205,18.822887420654297,1300,0.0,0.0
2008-06-09 00:00:00-04:00,18.16834695566413,18.57164764404297,18.16834695566413,18.57164764404297,4200,0.0,0.0
2008-06-10 00:00:00-04:00,18.31380055961019,18.51875609161329,18.155123925951276,18.36008071899414,2300,0.0,0.0
2008-06-11 00:00:00-04:00,18.181575244603536,19.047679021346152,18.181575244603536,19.02784538269043,7700,0.0,0.0
2008-06-12 00:00:00-04:00,18.977865617475658,19.317708172397317,18.977865617475658,19.09114646911621,3100,0.225,0.0
2008-06-13 00:00:00-04:00,18.824608405432535,19.231087082138483,18.784627292126324,19.017852783203125,1900,0.0,0.0
2008-06-16 00:00:00-04:00,18.71798880625824,18.931223077286678,18.66468023850113,18.82460594177246,1200,0.0,0.0
2008-06-17 00:00:00-04:00,18.79128265975118,18.984525680541992,18.79128265975118,18.984525680541992,500,0.0,0.0
2008-06-18 00:00:00-04:00,18.991195977252463,19.157785415649414,18.991195977252463,19.157785415649414,1000,0.0,0.0
2008-06-19 00:00:00-04:00,19.157785415649414,19.157785415649414,19.157785415649414,19.157785415649414,0,0.0,0.0
2008-06-20 00:00:00-04:00,19.157783820711334,19.324373245239258,19.157783820711334,19.324373245239258,300,0.0,0.0
2008-06-23 00:00:00-04:00,18.837930390133153,19.32437115202923,18.837930390133153,19.051164627075195,1200,0.0,0.0
2008-06-24 00:00:00-04:00,19.004521855179988,19.424326645760722,18.95121329017011,19.324373245239258,1000,0.0,0.0
2008-06-25 00:00:00-04:00,18.92456156427797,19.264404200155077,18.771299572895153,19.177778244018555,2000,0.0,0.0
2008-06-26 00:00:00-04:00,18.891242568409602,19.19776652499125,18.891242568409602,19.157785415649414,3000,0.0,0.0
2008-06-27 00:00:00-04:00,18.92455946338034,19.004522950994133,18.851260976625596,18.95787811279297,700,0.0,0.0
2008-06-30 00:00:00-04:00,19.064492423775157,19.064492423775157,18.797948351879622,18.97786521911621,700,0.0,0.0
2008-07-01 00:00:00-04:00,18.977868161726324,18.977868161726324,18.66468048095703,18.66468048095703,900,0.0,0.0
2008-07-02 00:00:00-04:00,19.124463823255724,19.124463823255724,18.75130264835056,18.804611206054688,1300,0.0,0.0
2008-07-03 00:00:00-04:00,18.78461789005437,18.85791634926565,18.724645614624023,18.724645614624023,4000,0.0,0.0
2008-07-07 00:00:00-04:00,18.65135773150719,18.85792832754677,18.63136653667361,18.784629821777344,1100,0.0,0.0
2008-07-08 00:00:00-04:00,18.218225344594455,18.784629821777344,18.058299598856376,18.784629821777344,9300,0.0,0.0
2008-07-09 00:00:00-04:00,18.191559022632998,18.491420402413915,18.031633377075195,18.031633377075195,1300,0.0,0.0
2008-07-10 00:00:00-04:00,17.998321796445428,18.46477142818572,17.998321796445428,18.358154296875,9500,0.0,0.0
2008-07-11 00:00:00-04:00,17.918358845731415,18.498090626590905,17.918358845731415,18.364818572998047,2800,0.0,0.0
2008-07-14 00:00:00-04:00,18.044960886714733,18.65800983203492,18.044960886714733,18.464765548706055,1600,0.0,0.0
2008-07-15 00:00:00-04:00,18.058284401217755,18.777950286865234,18.018303316175057,18.777950286865234,3100,0.0,0.0
2008-07-16 00:00:00-04:00,18.22487437086271,19.2244104284496,18.22487437086271,18.924549102783203,1800,0.0,0.0
2008-07-17 00:00:00-04:00,18.55139408039931,19.117798245582794,18.55139408039931,18.99118995666504,3100,0.0,0.0
2008-07-18 00:00:00-04:00,18.458106746708097,19.18443666065213,18.458106746708097,19.051164627075195,1300,0.0,0.0
2008-07-21 00:00:00-04:00,18.80460938725867,19.05782596509418,18.584711449125805,18.99118995666504,1600,0.0,0.0
2008-07-22 00:00:00-04:00,18.76462714489114,19.11113335078534,18.558056675251784,19.031169891357422,3300,0.0,0.0
2008-07-23 00:00:00-04:00,18.724651571134018,19.324373245239258,18.68467046512072,19.324373245239258,1900,0.0,0.0
2008-07-24 00:00:00-04:00,19.3243687278346,19.3243687278346,18.484758071970166,18.99118995666504,1600,0.0,0.0
2008-07-25 00:00:00-04:00,19.06448796318686,19.504283799546986,18.984524506132274,19.317703247070312,1200,0.0,0.0
2008-07-28 00:00:00-04:00,19.244402904877752,19.65754508972168,19.244402904877752,19.65754508972168,1400,0.0,0.0
2008-07-29 00:00:00-04:00,18.83127793641541,19.924104690551758,18.83127793641541,19.924104690551758,400,0.0,0.0
2008-07-30 00:00:00-04:00,19.497626129671957,19.497626129671957,19.344364166259766,19.344364166259766,300,0.0,0.0
2008-07-31 00:00:00-04:00,19.79748962565007,19.85746192932129,19.79748962565007,19.85746192932129,200,0.0,0.0
2008-08-01 00:00:00-04:00,19.65754732272817,19.65754732272817,18.904563865866727,19.39100456237793,600,0.0,0.0
2008-08-04 00:00:00-04:00,19.39100456237793,19.39100456237793,19.39100456237793,19.39100456237793,0,0.0,0.0
2008-08-05 00:00:00-04:00,19.324379405373307,19.92410127065504,19.324379405373307,19.5242862701416,2700,0.0,0.0
2008-08-06 00:00:00-04:00,18.824605687167647,19.364355087280273,18.824605687167647,19.364355087280273,800,0.0,0.0
2008-08-07 00:00:00-04:00,18.991191599483273,19.384342685150674,18.991191599483273,19.01118278503418,700,0.0,0.0
2008-08-08 00:00:00-04:00,18.711330195063514,19.304388332469625,18.711330195063514,19.14446258544922,400,0.0,0.0
2008-08-11 00:00:00-04:00,18.684668333638385,19.151117906519755,16.725576568803,18.484760284423828,6400,0.0,0.0
2008-08-12 00:00:00-04:00,17.41858687465096,18.65801239013672,17.41858687465096,18.65801239013672,3100,0.0,0.0
2008-08-13 00:00:00-04:00,18.65801239013672,18.65801239013672,18.65801239013672,18.65801239013672,0,0.0,0.0
2008-08-14 00:00:00-04:00,18.05163236405417,18.857924667882596,18.05163236405417,18.678009033203125,2200,0.0,0.0
2008-08-15 00:00:00-04:00,18.66467927662585,19.324373245239258,18.66467927662585,19.324373245239258,1500,0.0,0.0
2008-08-18 00:00:00-04:00,19.024508422909786,19.024508422909786,19.004518508911133,19.004518508911133,200,0.0,0.0
2008-08-19 00:00:00-04:00,18.991194038460108,19.01784895595119,18.791287241182676,18.971202850341797,2000,0.0,0.0
2008-08-20 00:00:00-04:00,18.38481120914275,19.057832717895508,18.38481120914275,19.057832717895508,600,0.0,0.0
2008-08-21 00:00:00-04:00,19.31104613286491,19.32437359210071,19.251073837280273,19.251073837280273,1100,0.0,0.0
2008-08-22 00:00:00-04:00,18.997853684605566,19.12446197352332,18.97786250078398,18.99118995666504,3200,0.0,0.0
2008-08-25 00:00:00-04:00,19.197760438916845,19.197760438916845,18.957872587938542,18.99118995666504,7400,0.0,0.0
2008-08-26 00:00:00-04:00,18.844598942023417,18.991197199697567,18.73131806578265,18.73798179626465,700,0.0,0.0
2008-08-27 00:00:00-04:00,19.15778114180192,19.15778114180192,18.904565811157227,18.904565811157227,200,0.0,0.0
2008-08-28 00:00:00-04:00,18.84459195186997,18.99119015516544,18.83126449584961,18.83126449584961,800,0.0,0.0
2008-08-29 00:00:00-04:00,18.911228727326623,18.917892456054688,18.911228727326623,18.917892456054688,200,0.0,0.0
2008-09-02 00:00:00-04:00,18.991192898665414,18.991192898665414,18.658014075881812,18.81793975830078,8200,0.0,0.0
2008-09-03 00:00:00-04:00,18.65801239013672,18.65801239013672,18.65801239013672,18.65801239013672,1600,0.0,0.0
2008-09-04 00:00:00-04:00,18.65801239013672,18.65801239013672,18.331497325826476,18.65801239013672,2500,0.0,0.0
2008-09-05 00:00:00-04:00,18.178235386227506,18.65801239013672,18.158244201115203,18.65801239013672,1900,0.0,0.0
2008-09-08 00:00:00-04:00,18.17157144759848,18.17157144759848,18.144916534423828,18.144916534423828,200,0.0,0.0
2008-09-09 00:00:00-04:00,18.00498457920941,18.478097915649414,18.00498457920941,18.478097915649414,3500,0.0,0.0
2008-09-10 00:00:00-04:00,18.478097915649414,18.478097915649414,18.478097915649414,18.478097915649414,0,0.0,0.0
2008-09-11 00:00:00-04:00,18.454587262143022,18.783773420154105,18.34037971496582,18.34037971496582,3000,0.225,0.0
2008-09-12 00:00:00-04:00,18.481455985030028,18.535200625396367,17.742466218962864,18.306785583496094,900,0.0,0.0
2008-09-15 00:00:00-04:00,18.253044141525937,18.736745989579834,18.253044141525937,18.474740982055664,3300,0.0,0.0
2008-09-16 00:00:00-04:00,18.474738033182632,19.092802047729492,18.45458331221567,19.092802047729492,800,0.0,0.0
2008-09-17 00:00:00-04:00,19.092802047729492,19.092802047729492,19.092802047729492,19.092802047729492,0,0.0,0.0
2008-09-18 00:00:00-04:00,18.931571130761256,20.127389907836914,18.66956612344666,20.127389907836914,5700,0.0,0.0
2008-09-19 00:00:00-04:00,20.160978227184142,20.160978227184142,19.657121727515214,19.71758460998535,1000,0.0,0.0
2008-09-22 00:00:00-04:00,19.71758460998535,19.71758460998535,19.71758460998535,19.71758460998535,0,0.0,0.0
2008-09-23 00:00:00-04:00,19.32121845757677,19.482452392578125,18.95172290199693,19.482452392578125,2400,0.0,0.0
2008-09-24 00:00:00-04:00,19.724303793708252,19.724303793708252,18.1388348555537,18.21273422241211,3200,0.0,0.0
2008-09-25 00:00:00-04:00,18.689713189233995,19.49588394165039,18.642686796928103,19.49588394165039,500,0.0,0.0
2008-09-26 00:00:00-04:00,17.89698359466099,19.778048748363474,16.768344758714186,19.4421443939209,6000,0.0,0.0
2008-09-29 00:00:00-04:00,19.260755571779583,19.482452392578125,18.138834986193427,19.482452392578125,10800,0.0,0.0
2008-09-30 00:00:00-04:00,18.313505532488104,18.609101722770763,18.313505532488104,18.508329391479492,900,0.0,0.0
2008-10-01 00:00:00-04:00,18.31350770795533,18.810646057128906,18.31350770795533,18.810646057128906,2400,0.0,0.0
2008-10-02 00:00:00-04:00,18.810646057128906,18.938290085586882,18.810646057128906,18.810646057128906,2200,0.0,0.0
2008-10-03 00:00:00-04:00,18.81064593987039,18.81064593987039,18.689720153808594,18.689720153808594,500,0.0,0.0
2008-10-06 00:00:00-04:00,19.999747918984212,19.999747918984212,18.32694419124008,18.810646057128906,7600,0.0,0.0
2008-10-07 00:00:00-04:00,18.9382882028382,18.945006443812684,18.326942369268306,18.649410247802734,1400,0.0,0.0
2008-10-08 00:00:00-04:00,18.313508029298383,18.60910425988177,18.313508029298383,18.34037971496582,4700,0.0,0.0
2008-10-09 00:00:00-04:00,17.17142957755109,18.06493507462661,17.13783965595268,17.467025756835938,2700,0.0,0.0
2008-10-10 00:00:00-04:00,16.86239562863903,17.198299918925176,14.141570108497366,16.217458724975586,30200,0.0,0.0
2008-10-13 00:00:00-04:00,17.11096797481046,17.7962131902642,16.808654813668024,17.634979248046875,14300,0.0,0.0
2008-10-14 00:00:00-04:00,17.796207683234066,18.34709046901615,17.796207683234066,18.138830184936523,3900,0.0,0.0
2008-10-15 00:00:00-04:00,18.138833512044627,18.20601463317871,18.138833512044627,18.20601463317871,200,0.0,0.0
2008-10-16 00:00:00-04:00,17.668570812834922,18.16571044921875,17.668570812834922,18.16571044921875,600,0.0,0.0
2008-10-17 00:00:00-04:00,18.266476001380095,18.273194241074485,17.99103458077615,18.23960304260254,900,0.0,0.0
2008-10-20 00:00:00-04:00,18.07165239091054,18.20601463317871,18.07165239091054,18.20601463317871,400,0.0,0.0
2008-10-21 00:00:00-04:00,18.40755586607338,18.40755586607338,17.809646606445312,17.809646606445312,400,0.0,0.0
2008-10-22 00:00:00-04:00,18.098529313379835,18.16571044921875,17.903704147584335,18.16571044921875,1100,0.0,0.0
2008-10-23 00:00:00-04:00,17.863404664557958,18.44787788339238,17.856686419570018,17.8701229095459,3500,0.0,0.0
2008-10-24 00:00:00-04:00,16.311516140937336,17.601388931274414,16.311516140937336,17.601388931274414,1700,0.0,0.0
2008-10-27 00:00:00-04:00,17.903704364535393,18.118682976726095,17.13112449645996,17.13112449645996,800,0.0,0.0
2008-10-28 00:00:00-04:00,17.60138543552165,17.997752603090806,17.60138543552165,17.735746383666992,2100,0.0,0.0
2008-10-29 00:00:00-04:00,17.682005423768437,17.729031829463548,17.614824295043945,17.614824295043945,500,0.0,0.0
2008-10-30 00:00:00-04:00,17.72902910807829,17.72902910807829,17.534205274193287,17.54764175415039,1200,0.0,0.0
2008-10-31 00:00:00-04:00,17.11096319191645,17.70887366872161,17.11096319191645,17.64841079711914,1500,0.0,0.0
2008-11-03 00:00:00-05:00,17.144559980896574,17.265485763549805,17.144559980896574,17.265485763549805,200,0.0,0.0
2008-11-04 00:00:00-05:00,17.35953315410054,17.43343250514903,17.35953315410054,17.39984130859375,3400,0.0,0.0
2008-11-05 00:00:00-05:00,17.80293083190918,17.80293083190918,17.80293083190918,17.80293083190918,200,0.0,0.0
2008-11-06 00:00:00-05:00,17.406559547904806,17.500612335513342,17.39984130859375,17.39984130859375,1200,0.0,0.0
2008-11-07 00:00:00-05:00,17.164713921974236,17.31251267456194,17.164713921974236,17.198305130004883,1100,0.0,0.0
2008-11-10 00:00:00-05:00,17.198305130004883,17.23189505666196,17.198305130004883,17.198305130004883,1200,0.0,0.0
2008-11-11 00:00:00-05:00,17.01691694856195,17.205023874915614,17.01019870675929,17.13112449645996,13700,0.0,0.0
2008-11-12 00:00:00-05:00,16.936292879356188,16.936292879356188,16.79521369934082,16.79521369934082,20300,0.0,0.0
2008-11-13 00:00:00-05:00,16.77506621487194,16.795220941296016,16.66085866121618,16.76163101196289,5400,0.0,0.0
2008-11-14 00:00:00-05:00,16.660855956754514,16.660855956754514,16.298079909624192,16.5264949798584,6000,0.0,0.0
2008-11-17 00:00:00-05:00,16.398853789803088,16.398853789803088,15.800944328308105,15.800944328308105,12500,0.0,0.0
2008-11-18 00:00:00-05:00,15.619551938435634,16.27120590209961,15.350828720500665,16.27120590209961,2400,0.0,0.0
2008-11-19 00:00:00-05:00,15.471757377340644,16.042793841544366,15.471757377340644,15.787507057189941,17000,0.0,0.0
2008-11-20 00:00:00-05:00,14.98133530134812,15.317239691794251,14.013931579452217,14.786511421203613,41700,0.0,0.0
2008-11-21 00:00:00-05:00,14.363266539470375,15.115692695214106,14.363266539470375,14.625272750854492,3200,0.0,0.0
2008-11-24 00:00:00-05:00,14.907436765034022,15.115697122154678,14.625277034165528,14.914155006408691,11100,0.0,0.0
2008-11-25 00:00:00-05:00,14.49091343031709,16.116690532917186,14.49091343031709,15.451600074768066,500,0.0,0.0
2008-11-26 00:00:00-05:00,15.108978655428503,15.821095572666373,14.840255411317372,15.720324516296387,2800,0.0,0.0
2008-11-28 00:00:00-05:00,15.055230293636068,15.176156044006348,15.055230293636068,15.176156044006348,200,0.0,0.0
2008-12-01 00:00:00-05:00,15.344111733323139,15.344111733323139,14.846973419189453,14.846973419189453,19700,0.0,0.0
2008-12-02 00:00:00-05:00,15.397854911734116,15.397854911734116,14.779790878295898,14.779790878295898,16200,0.0,0.0
2008-12-03 00:00:00-05:00,15.055232000347107,15.055232000347107,14.712609429248213,14.806663513183594,1500,0.0,0.0
2008-12-04 00:00:00-05:00,14.605130699522492,14.779801231477592,14.390151977539062,14.390151977539062,34400,0.0,0.0
2008-12-05 00:00:00-05:00,14.255782406770944,14.369989955083906,14.242347204490414,14.363271713256836,13400,0.0,0.0
2008-12-08 00:00:00-05:00,15.56580708080566,15.56580708080566,14.60512046869669,14.779790878295898,4600,0.0,0.0
2008-12-09 00:00:00-05:00,15.243342229690702,15.243342229690702,14.645431518554688,14.645431518554688,11900,0.0,0.0
2008-12-10 00:00:00-05:00,14.470763551940804,15.055236546306844,14.470763551940804,14.947747230529785,1500,0.0,0.0
2008-12-11 00:00:00-05:00,14.692458315746698,15.727043151855469,14.692458315746698,15.727043151855469,300,0.0,0.0
2008-12-12 00:00:00-05:00,15.265677042800537,15.265677042800537,14.65505021990601,14.8110990524292,7500,0.23,0.0
2008-12-15 00:00:00-05:00,14.797533575628599,14.831458088757088,14.587206770583391,14.621129989624023,2400,0.0,0.0
2008-12-16 00:00:00-05:00,14.58720835545545,14.736472347174479,14.485437393188477,14.485437393188477,13300,0.0,0.0
2008-12-17 00:00:00-05:00,14.621129240457305,14.621129240457305,14.159767532340103,14.38366413116455,25700,0.0,0.0
2008-12-18 00:00:00-05:00,14.220829990160501,14.587206972492254,14.15976845385975,14.444727897644043,2900,0.0,0.0
2008-12-19 00:00:00-05:00,14.166548166480176,14.926440238952637,14.166548166480176,14.926440238952637,3900,0.0,0.0
2008-12-22 00:00:00-05:00,14.46507691009635,14.614342136331713,14.363305988446092,14.58041763305664,1600,0.0,0.0
2008-12-23 00:00:00-05:00,14.356525808615224,14.600777136162447,14.356525808615224,14.593992233276367,1600,0.0,0.0
2008-12-24 00:00:00-05:00,14.838238681597277,14.838238681597277,14.30224317663844,14.58041763305664,6300,0.0,0.0
2008-12-26 00:00:00-05:00,14.261539756385929,14.756826020278549,13.59663480260505,14.593992233276367,11500,0.0,0.0
2008-12-29 00:00:00-05:00,14.356526374816895,14.356526374816895,14.356526374816895,14.356526374816895,300,0.0,0.0
2008-12-30 00:00:00-05:00,14.329387491158814,14.811103949279275,14.329387491158814,14.593992233276367,3000,0.0,0.0
2008-12-31 00:00:00-05:00,14.84502183304043,14.892516136169434,13.745893842375144,14.892516136169434,4800,0.0,0.0
2009-01-02 00:00:00-05:00,14.892515098299379,16.24946403503418,14.892515098299379,16.24946403503418,4600,0.0,0.0
2009-01-05 00:00:00-05:00,15.455654984226529,16.066281989084082,15.455654984226529,15.537071228027344,2000,0.0,0.0
2009-01-06 00:00:00-05:00,15.733830849404187,15.944157673389373,15.733830849404187,15.910234451293945,5000,0.0,0.0
2009-01-07 00:00:00-05:00,15.923793332678475,16.894011909222254,15.849162030389314,15.930578231811523,3200,0.0,0.0
2009-01-08 00:00:00-05:00,16.208759325290885,16.500503638160808,16.208759325290885,16.28339195251465,1700,0.0,0.0
2009-01-09 00:00:00-05:00,16.283396998453604,16.283396998453604,15.896666526794432,15.896666526794434,400,0.0,0.0
2009-01-12 00:00:00-05:00,15.94415467914782,16.113773345947266,15.94415467914782,16.113773345947266,1100,0.0,0.0
2009-01-13 00:00:00-05:00,16.28339156459715,16.28339156459715,16.012001964004735,16.1951904296875,2000,0.0,0.0
2009-01-14 00:00:00-05:00,15.77454218178212,16.249475152202255,15.77454218178212,16.012008666992188,2400,0.0,0.0
2009-01-15 00:00:00-05:00,16.11376489779654,16.58869743347168,16.05270210623582,16.58869743347168,7300,0.0,0.0
2009-01-16 00:00:00-05:00,16.880448908288436,16.880448908288436,16.710830243922608,16.792247772216797,2200,0.0,0.0
2009-01-20 00:00:00-05:00,16.765103416180423,16.765103416180423,16.113768550662922,16.391942977905273,6700,0.0,0.0
2009-01-21 00:00:00-05:00,16.8736629486084,16.8736629486084,16.8736629486084,16.8736629486084,400,0.0,0.0
2009-01-22 00:00:00-05:00,16.8736629486084,16.8736629486084,16.8736629486084,16.8736629486084,100,0.0,0.0
2009-01-23 00:00:00-05:00,16.127342506206695,16.64976828967927,16.127342506206695,16.554780960083008,2600,0.0,0.0
2009-01-26 00:00:00-05:00,16.059493896197033,16.446224212646484,16.059493896197033,16.446224212646484,1900,0.0,0.0
2009-01-27 00:00:00-05:00,16.28339195621738,16.765108347093367,16.086633682250977,16.086633682250977,900,0.0,0.0
2009-01-28 00:00:00-05:00,16.344456534078986,16.622631072998047,16.344456534078986,16.622631072998047,800,0.0,0.0
2009-01-29 00:00:00-05:00,16.88723708473423,16.89402198791504,16.88723708473423,16.89402198791504,700,0.0,0.0
2009-01-30 00:00:00-05:00,16.819387558780363,16.819387558780363,16.28339195251465,16.28339195251465,4300,0.0,0.0
2009-02-02 00:00:00-05:00,16.283391362852992,16.554780960083008,16.283391362852992,16.554780960083008,1500,0.0,0.0
2009-02-03 00:00:00-05:00,16.283396207342548,16.283396207342548,15.611706269080234,15.618491172790527,10100,0.0,0.0
2009-02-04 00:00:00-05:00,16.106992358487798,16.106992358487798,15.611706041644403,15.944158554077148,3700,0.0,0.0
2009-02-05 00:00:00-05:00,16.066284230907147,16.066284230907147,15.842387588081499,15.944158554077148,6300,0.0,0.0
2009-02-06 00:00:00-05:00,15.944158554077148,16.066284230907147,15.944158554077148,15.944158554077148,5300,0.0,0.0
2009-02-09 00:00:00-05:00,15.950933443695506,15.950933443695506,15.889870643615723,15.889870643615723,200,0.0,0.0
2009-02-10 00:00:00-05:00,16.113764811527403,16.113764811527403,16.07984161376953,16.07984161376953,300,0.0,0.0
2009-02-11 00:00:00-05:00,16.07984161376953,16.07984161376953,16.07984161376953,16.07984161376953,300,0.0,0.0
2009-02-12 00:00:00-05:00,15.94415722374667,15.94415722374667,15.774538529877024,15.781323432922363,600,0.0,0.0
2009-02-13 00:00:00-05:00,15.604918966487961,16.622631072998047,15.604918966487961,16.622631072998047,1100,0.0,0.0
2009-02-17 00:00:00-05:00,16.290179785287325,16.290179785287325,15.876309751258393,16.17483901977539,1200,0.0,0.0
2009-02-18 00:00:00-05:00,16.17483901977539,16.17483901977539,16.17483901977539,16.17483901977539,0,0.0,0.0
2009-02-19 00:00:00-05:00,16.17483901977539,16.17483901977539,16.17483901977539,16.17483901977539,0,0.0,0.0
2009-02-20 00:00:00-05:00,16.17483901977539,16.17483901977539,16.17483901977539,16.17483901977539,0,0.0,0.0
2009-02-23 00:00:00-05:00,16.15447871979413,16.222326433807513,15.60491469505202,15.679547309875488,18800,0.0,0.0
2009-02-24 00:00:00-05:00,15.360670339325884,15.774540415960345,15.272469177366586,15.693122863769531,5900,0.0,0.0
2009-02-25 00:00:00-05:00,16.018782615438788,16.5547767726299,15.381016252702505,15.496356964111328,9700,0.0,0.0
2009-02-26 00:00:00-05:00,15.99165158526925,16.242687842540693,15.822032877247151,15.944158554077148,2300,0.0,0.0
2009-02-27 00:00:00-05:00,15.944158554077148,15.944158554077148,15.944158554077148,15.944158554077148,0,0.0,0.0
2009-03-02 00:00:00-05:00,15.482796180171635,15.679554511776319,15.476011276245117,15.476011276245117,800,0.0,0.0
2009-03-03 00:00:00-05:00,15.604912757873535,15.604912757873535,15.604912757873535,15.604912757873535,500,0.0,0.0
2009-03-04 00:00:00-05:00,15.476002246659688,15.604912757873535,14.967146395859464,15.604912757873535,3200,0.0,0.0
2009-03-05 00:00:00-05:00,15.509932651833237,15.509932651833237,15.116417362482116,15.231758117675781,5200,0.0,0.0
2009-03-06 00:00:00-05:00,14.763606886902963,15.42851165890376,14.763606886902963,15.197830200195312,5000,0.0,0.0
2009-03-09 00:00:00-04:00,14.926440238952637,15.055350766997186,14.926440238952637,14.926440238952637,300,0.0,0.0
2009-03-10 00:00:00-04:00,15.659190663528731,15.659190663528731,15.265675524006719,15.604912757873535,2300,0.0,0.0
2009-03-11 00:00:00-04:00,15.762540984394079,15.762540984394079,15.543236275495802,15.646035194396973,2500,0.23,0.0
2009-03-12 00:00:00-04:00,15.13889440983702,15.762542735223102,15.022388606898998,15.33078670501709,6100,0.0,0.0
2009-03-13 00:00:00-04:00,15.269105207287751,15.762540796424616,15.269105207287751,15.337636947631836,2800,0.0,0.0
2009-03-16 00:00:00-04:00,15.639185291988513,15.927023114234414,15.426733970642088,15.42673397064209,800,0.0,0.0
2009-03-17 00:00:00-04:00,15.392467543378748,16.105209350585938,14.604340538718152,16.105209350585938,2200,0.0,0.0
2009-03-18 00:00:00-04:00,16.098349364612027,16.105202799258024,14.960705356556307,15.76253890991211,8500,0.0,0.0
2009-03-19 00:00:00-04:00,16.434165437611718,16.44101887460068,15.090923159601765,15.769397735595703,1200,0.0,0.0
2009-03-20 00:00:00-04:00,15.419873713355745,15.817363739013672,15.419873713355745,15.817363739013672,300,0.0,0.0
2009-03-23 00:00:00-04:00,15.831077361336922,16.173741367828374,15.769397735595705,15.769397735595703,3900,0.0,0.0
2009-03-24 00:00:00-04:00,15.76253890991211,15.76253890991211,15.76253890991211,15.76253890991211,2200,0.0,0.0
2009-03-25 00:00:00-04:00,15.76253890991211,15.76253890991211,15.76253890991211,15.76253890991211,0,0.0,0.0
2009-03-26 00:00:00-04:00,16.10520442326864,16.44786834716797,15.41987657546997,16.44786834716797,10100,0.0,0.0
2009-03-27 00:00:00-04:00,14.864760290050556,15.76253933854581,14.864760290050556,15.687152862548828,5800,0.0,0.0
2009-03-30 00:00:00-04:00,14.899025751901322,16.105202799258024,14.837346147246336,15.76253890991211,1400,0.0,0.0
2009-03-31 00:00:00-04:00,15.680299001319128,15.933870854585066,15.570646661301156,15.76253890991211,3000,0.0,0.0
2009-04-01 00:00:00-04:00,15.831077609205604,15.831077609205604,15.351347469742613,15.42673397064209,700,0.0,0.0
2009-04-02 00:00:00-04:00,15.419875020566193,16.23541544321399,14.851053016538334,15.76253890991211,4800,0.0,0.0
2009-04-03 00:00:00-04:00,15.933869848402383,17.04410135492486,15.077210179133438,15.53637981414795,5600,0.0,0.0
2009-04-06 00:00:00-04:00,14.049220406085697,15.604914881843612,14.049220406085697,14.994972229003906,8500,0.0,0.0
2009-04-07 00:00:00-04:00,14.508391268645838,14.857908644226875,14.508391268645838,14.803082466125488,1300,0.0,0.0
2009-04-08 00:00:00-04:00,14.597489524399768,14.734555681510274,13.802508950342226,14.501543998718262,2300,0.0,0.0
2009-04-09 00:00:00-04:00,14.515246256251505,15.21428108215332,14.515246256251505,15.21428108215332,4700,0.0,0.0
2009-04-13 00:00:00-04:00,15.077214284678693,15.077214284678693,14.755110631901532,15.05665397644043,8100,0.0,0.0
2009-04-14 00:00:00-04:00,14.74139947223717,14.74139947223717,14.713985735892711,14.727692604064941,7200,0.0,0.0
2009-04-15 00:00:00-04:00,14.638606667816669,14.734552170636771,14.46727466583252,14.46727466583252,3100,0.0,0.0
2009-04-16 00:00:00-04:00,14.775669590202678,15.200573475781724,14.775669590202678,15.077214241027832,4200,0.0,0.0
2009-04-17 00:00:00-04:00,15.077214241027832,15.077214241027832,15.077214241027832,15.077214241027832,3800,0.0,0.0
2009-04-20 00:00:00-04:00,15.070358276367188,15.070358276367188,15.070358276367188,15.070358276367188,100,0.0,0.0
2009-04-21 00:00:00-04:00,15.063508095884693,15.21428108215332,15.063508095884693,15.21428108215332,1700,0.0,0.0
2009-04-22 00:00:00-04:00,15.07721542488642,15.09092229808184,14.940149307250977,14.940149307250977,2500,0.0,0.0
2009-04-23 00:00:00-04:00,15.077214241027832,15.077214241027832,15.077214241027832,15.077214241027832,100,0.0,0.0
2009-04-24 00:00:00-04:00,15.138897353337216,15.207430422595134,15.077217721721045,15.084071159362793,5800,0.0,0.0
2009-04-27 00:00:00-04:00,15.077213791931513,15.077213791931513,14.94700112499661,14.95385456085205,1700,0.0,0.0
2009-04-28 00:00:00-04:00,14.734549934907943,15.200573118738882,14.734549934907943,15.111479759216309,2900,0.0,0.0
2009-04-29 00:00:00-04:00,15.125190478053716,15.125190478053716,14.994977777179628,15.084071159362793,1700,0.0,0.0
2009-04-30 00:00:00-04:00,15.084067677087411,15.11148011416646,15.022388059710465,15.077214241027832,15700,0.0,0.0
2009-05-01 00:00:00-04:00,15.077207929845699,15.17315338019938,15.04979419708252,15.04979419708252,700,0.0,0.0
2009-05-04 00:00:00-04:00,15.097774549206571,15.097774549206571,14.940148134154779,15.077214241027832,4900,0.0,0.0
2009-05-05 00:00:00-04:00,14.734552404622269,14.912737846374512,14.659165904261082,14.912737846374512,3500,0.0,0.0
2009-05-06 00:00:00-04:00,15.11148011416646,15.11148011416646,14.748257153123632,15.077214241027832,9100,0.0,0.0
2009-05-07 00:00:00-04:00,15.214278230917415,15.41987605545991,14.994972229003906,14.994972229003906,8700,0.0,0.0
2009-05-08 00:00:00-04:00,15.056653644149954,15.200573184323046,15.056653644149954,15.063507080078125,6400,0.0,0.0
2009-05-11 00:00:00-04:00,14.467272810477217,15.310225838416457,14.467272810477217,15.077214241027832,3500,0.0,0.0
2009-05-12 00:00:00-04:00,14.830492360635178,15.351341616938976,14.830492360635178,15.04294490814209,7600,0.0,0.0
2009-05-13 00:00:00-04:00,15.11147975921631,15.18686624694168,14.892175039098042,15.111479759216309,1500,0.0,0.0
2009-05-14 00:00:00-04:00,14.768810931876084,15.296513557434082,14.768810931876084,15.296513557434082,1000,0.0,0.0
2009-05-15 00:00:00-04:00,15.207426911841305,15.207426911841305,15.077214241027832,15.077214241027832,3500,0.0,0.0
2009-05-18 00:00:00-04:00,15.289659130125445,15.289659130125445,15.04294207105045,15.04979419708252,9700,0.0,0.0
2009-05-19 00:00:00-04:00,15.241692784979932,15.337638275495506,14.94700157021436,15.077214241027832,18900,0.0,0.0
2009-05-20 00:00:00-04:00,15.275955223654462,15.275955223654462,15.008676528930664,15.008676528930664,11400,0.0,0.0
2009-05-21 00:00:00-04:00,15.077214241027832,15.317079274476038,15.070360804968251,15.077214241027832,26900,0.0,0.0
2009-05-22 00:00:00-04:00,15.077210334377199,15.289661568538921,15.008677298698242,15.145743370056152,9300,0.0,0.0
2009-05-26 00:00:00-04:00,15.351339934904889,15.652884483337402,15.200568314268045,15.652884483337402,5600,0.0,0.0
2009-05-27 00:00:00-04:00,15.714567092750988,15.714567092750988,15.563794136047363,15.563794136047363,200,0.0,0.0
2009-05-28 00:00:00-04:00,15.762548498513024,15.762548498513024,15.56380269435594,15.741988182067871,1500,0.0,0.0
2009-05-29 00:00:00-04:00,15.76254290760444,16.8864803314209,15.76254290760444,16.8864803314209,5500,0.0,0.0
2009-06-01 00:00:00-04:00,16.907044634164002,17.01669702789283,15.508974653382003,16.077796936035156,4500,0.0,0.0
2009-06-02 00:00:00-04:00,16.009263840830943,16.982429734727198,15.762545321850066,16.105209350585938,9000,0.0,0.0
2009-06-03 00:00:00-04:00,16.53696216961504,17.89391244754158,15.913313865661621,15.913313865661621,37300,0.0,0.0
2009-06-04 00:00:00-04:00,15.673451977055327,16.54381754594121,15.673451977055327,16.51640510559082,6400,0.0,0.0
2009-06-05 00:00:00-04:00,16.58494091423681,16.7699785119389,16.242276856563816,16.406755447387695,1800,0.0,0.0
2009-06-08 00:00:00-04:00,16.578078281393584,16.578078281393584,16.262826843461813,16.30394744873047,1300,0.0,0.0
2009-06-09 00:00:00-04:00,16.016117693442876,16.3382214182269,16.016117693442876,16.22856903076172,2700,0.0,0.0
2009-06-10 00:00:00-04:00,16.09834953166408,16.269681478114943,15.282809100553445,16.11890983581543,1300,0.0,0.0
2009-06-11 00:00:00-04:00,16.23541653689166,16.79053170902213,16.105203884164084,16.619199752807617,11500,0.0,0.0
2009-06-12 00:00:00-04:00,15.69207189470097,16.74374544594703,15.69207189470097,16.598447799682617,2200,0.23,0.0
2009-06-15 00:00:00-04:00,16.743736705197495,16.743736705197495,16.432385711220046,16.480817794799805,2200,0.0,0.0
2009-06-16 00:00:00-04:00,16.466994028812675,16.70915597740507,16.28018458931701,16.2871036529541,5800,0.0,0.0
2009-06-17 00:00:00-04:00,16.12104349171483,16.529258875038067,15.318450847815999,16.328611373901367,10900,0.0,0.0
2009-06-18 00:00:00-04:00,16.390874500234986,16.60536003112793,16.05184855796051,16.60536003112793,3200,0.0,0.0
2009-06-19 00:00:00-04:00,16.875201128759652,17.29725456237793,15.892717016829556,17.29725456237793,4000,0.0,0.0
2009-06-22 00:00:00-04:00,16.847522067062712,17.117358749621584,16.294009265298413,17.07584571838379,5300,0.0,0.0
2009-06-23 00:00:00-04:00,17.158872193613337,17.158872193613337,16.024172968198492,17.117359161376953,1600,0.0,0.0
2009-06-24 00:00:00-04:00,17.15887530713525,17.29725386593301,16.792174369769945,17.08968734741211,4500,0.0,0.0
2009-06-25 00:00:00-04:00,17.29725989214176,17.47023249106318,16.432396897534673,17.020503997802734,22700,0.0,0.0
2009-06-26 00:00:00-04:00,17.22806524212882,18.04449586681733,16.397797816774585,17.65703773498535,433600,0.0,0.0
2009-06-29 00:00:00-04:00,17.643202677811725,17.643202677811725,17.186555184665977,17.470230102539062,12500,0.0,0.0
2009-06-30 00:00:00-04:00,17.71238950417484,18.591090380862056,17.165795609019916,18.48038673400879,13500,0.0,0.0
2009-07-01 00:00:00-04:00,18.611842446542695,19.324489687120032,18.459627107636862,19.199949264526367,8800,0.0,0.0
2009-07-02 00:00:00-04:00,19.289897549811332,19.359086831431096,18.065252939747367,18.8124942779541,2900,0.0,0.0
2009-07-06 00:00:00-04:00,18.874756197626322,19.372916430762867,18.750215809423384,19.241456985473633,13300,0.0,0.0
2009-07-07 00:00:00-04:00,19.372923687640178,19.995624542236328,19.172274916002426,19.995624542236328,13800,0.0,0.0
2009-07-08 00:00:00-04:00,19.995625064783184,19.995625064783184,19.289896795282715,19.40060043334961,7300,0.0,0.0
2009-07-09 00:00:00-04:00,19.511309760237232,19.981794122560615,19.511309760237232,19.81574058532715,9700,0.0,0.0
2009-07-10 00:00:00-04:00,19.829573967777886,19.93335723876953,19.545899077885302,19.93335723876953,2600,0.0,0.0
2009-07-13 00:00:00-04:00,19.92642666665987,20.210101392674655,19.545887786301055,19.753454208374023,16000,0.0,0.0
2009-07-14 00:00:00-04:00,19.7188690566706,19.891841592255428,19.71194999688612,19.725788116455078,6200,0.0,0.0
2009-07-15 00:00:00-04:00,19.718866664582784,19.919515414964913,19.642758335861902,19.884920120239258,13200,0.0,0.0
2009-07-16 00:00:00-04:00,19.808819879697047,19.905685424804688,19.63584729446866,19.905685424804688,6500,0.0,0.0
2009-07-17 00:00:00-04:00,19.92642699753798,19.92642699753798,18.681025805070036,19.843400955200195,7400,0.0,0.0
2009-07-20 00:00:00-04:00,19.78113527888343,19.89183757371966,19.545892572437577,19.87108039855957,21400,0.0,0.0
2009-07-21 00:00:00-04:00,19.926433957523777,19.926433957523777,19.525137760257728,19.8918399810791,17200,0.0,0.0
2009-07-22 00:00:00-04:00,19.718865099902818,20.70134895766745,19.372920098150136,20.05097198486328,22500,0.0,0.0
2009-07-23 00:00:00-04:00,20.466106223060894,20.825889341116365,19.5874056030823,19.87108039855957,23100,0.0,0.0
2009-07-24 00:00:00-04:00,18.632593417699788,20.16858837219509,18.61183624762244,19.753454208374023,14700,0.0,0.0
2009-07-27 00:00:00-04:00,19.608165151270804,19.919516217975332,19.282977285793773,19.8918399810791,9800,0.0,0.0
2009-07-28 00:00:00-04:00,19.725786518728558,19.8918399810791,19.573571174826128,19.8918399810791,7300,0.0,0.0
2009-07-29 00:00:00-04:00,19.739623841418176,19.891839179184387,19.158436086782746,19.884920120239258,10700,0.0,0.0
2009-07-30 00:00:00-04:00,19.884920921855045,19.8918399810791,19.206868954004754,19.8918399810791,5300,0.0,0.0
2009-07-31 00:00:00-04:00,19.78805178885025,19.78805178885025,19.559728170195932,19.718862533569336,8700,0.0,0.0
2009-08-03 00:00:00-04:00,19.891839179184387,19.891839179184387,19.725785723527917,19.884920120239258,25700,0.0,0.0
2009-08-04 00:00:00-04:00,19.56665211560207,19.8918399810791,19.42135451124809,19.8918399810791,9000,0.0,0.0
2009-08-05 00:00:00-04:00,19.89184895143773,19.89184895143773,19.71195728951576,19.81574058532715,4400,0.0,0.0
2009-08-06 00:00:00-04:00,19.649682471960983,19.829574091988746,19.55973732178505,19.80881690979004,6700,0.0,0.0
2009-08-07 00:00:00-04:00,19.86416313092276,19.87800124894365,19.580488309872266,19.635839462280273,14000,0.0,0.0
2009-08-10 00:00:00-04:00,19.58740926352557,19.788058035210106,19.455951088638148,19.559734344482422,5800,0.0,0.0
2009-08-11 00:00:00-04:00,19.628926153297755,19.670439197054584,19.31757502593188,19.45595359802246,7800,0.0,0.0
2009-08-12 00:00:00-04:00,19.455951088638148,19.878003171694957,19.33832971343445,19.559734344482422,21200,0.0,0.0
2009-08-13 00:00:00-04:00,19.545898897472586,19.822654724121094,19.289898933025295,19.822654724121094,5400,0.0,0.0
2009-08-14 00:00:00-04:00,19.51130840778209,19.822658273634584,19.28990238714168,19.421361923217773,11700,0.0,0.0
2009-08-17 00:00:00-04:00,19.545891195773642,19.81572785547228,19.51129722595215,19.51129722595215,1700,0.0,0.0
2009-08-18 00:00:00-04:00,19.559737018723983,19.822654724121094,19.559737018723983,19.822654724121094,4900,0.0,0.0
2009-08-19 00:00:00-04:00,19.82265099990323,20.549136393001117,19.54589522525074,19.801895141601562,8600,0.0,0.0
2009-08-20 00:00:00-04:00,19.843418889946324,20.479958175107654,19.47671646577766,19.92644500732422,4200,0.0,0.0
2009-08-21 00:00:00-04:00,20.244711388421102,20.244711388421102,19.552821052465532,20.03022575378418,10200,0.0,0.0
2009-08-24 00:00:00-04:00,20.0233010888091,20.071733187624737,19.725788116455078,19.725788116455078,4000,0.0,0.0
2009-08-25 00:00:00-04:00,19.940267094728036,19.99561823501771,19.663511393279663,19.718862533569336,4800,0.0,0.0
2009-08-26 00:00:00-04:00,19.92643716510048,20.493788235719702,19.64276228962878,19.919519424438477,32600,0.0,0.0
2009-08-27 00:00:00-04:00,19.90568249739126,20.30697878331775,19.72579087684823,20.04405975341797,27000,0.0,0.0
2009-08-28 00:00:00-04:00,19.83649752983242,19.83649752983242,19.414443969726562,19.414443969726562,5700,0.0,0.0
2009-08-31 00:00:00-04:00,19.400592659108053,19.552807955980974,19.137673768529588,19.241456985473633,14600,0.0,0.0
2009-09-01 00:00:00-04:00,19.27606351528458,19.587413347737602,19.27606351528458,19.310657501220703,7600,0.0,0.0
2009-09-02 00:00:00-04:00,19.30373803718196,19.559738014664227,19.30373803718196,19.345251083374023,4600,0.0,0.0
2009-09-03 00:00:00-04:00,19.289897516738378,19.400601158945666,19.006222650291914,19.248384475708008,8600,0.0,0.0
2009-09-04 00:00:00-04:00,19.220709138816076,19.45595189902186,18.937034278510712,19.386762619018555,5200,0.0,0.0
2009-09-08 00:00:00-04:00,19.36601424079686,19.435203552246094,19.165366689238073,19.435203552246094,2800,0.0,0.0
2009-09-09 00:00:00-04:00,19.44902784891911,19.711945461862665,19.41443255795587,19.594324111938477,7000,0.0,0.0
2009-09-10 00:00:00-04:00,19.49055249602656,19.80882144454472,19.49055249602656,19.76038932800293,2200,0.0,0.0
2009-09-11 00:00:00-04:00,19.635835163297184,19.808807641661826,19.58048402300751,19.718862533569336,2500,0.0,0.0
2009-09-14 00:00:00-04:00,19.656094192915,20.0188045501709,19.656094192915,20.0188045501709,14000,0.23,0.0
2009-09-15 00:00:00-04:00,19.83745211758727,20.088558197021484,19.704923059011115,20.088558197021484,3500,0.0,0.0
2009-09-16 00:00:00-04:00,20.01182164915534,20.01182164915534,19.879292658913894,19.962995529174805,3000,0.0,0.0
2009-09-17 00:00:00-04:00,19.893242685127408,19.914167404174805,19.697936881409404,19.914167404174805,3600,0.0,0.0
2009-09-18 00:00:00-04:00,19.879298379511397,19.879298379511397,19.314308166503906,19.314308166503906,15000,0.0,0.0
2009-09-21 00:00:00-04:00,19.307328671167827,19.949046288749837,19.265477898181114,19.53750991821289,19400,0.0,0.0
2009-09-22 00:00:00-04:00,19.530541911677812,19.865350882293267,19.41893892147266,19.60029411315918,3300,0.0,0.0
2009-09-23 00:00:00-04:00,19.67701551999669,20.004850387573242,19.398008112791732,20.004850387573242,4500,0.0,0.0
2009-09-24 00:00:00-04:00,19.907197463311313,20.018800422468882,19.76071774790937,19.851394653320312,3600,0.0,0.0
2009-09-25 00:00:00-04:00,19.816518090668126,20.053674697875977,19.809542739819406,20.053674697875977,2600,0.0,0.0
2009-09-28 00:00:00-04:00,19.969968544392913,20.095522178263337,19.760713374883483,20.032745361328125,2200,0.0,0.0
2009-09-29 00:00:00-04:00,19.886275821814746,20.214109420776367,19.886275821814746,20.214109420776367,1200,0.0,0.0
2009-09-30 00:00:00-04:00,20.018804121050945,20.667495942099038,20.018804121050945,20.451265335083008,13900,0.0,0.0
2009-10-01 00:00:00-04:00,20.437314946855754,20.437314946855754,20.165282845733888,20.17923355102539,3200,0.0,0.0
2009-10-02 00:00:00-04:00,20.332697054089277,20.353623122046752,19.87930955831558,20.123441696166992,3600,0.0,0.0
2009-10-05 00:00:00-04:00,20.43731264263037,20.43731264263037,19.72584404834131,19.75374412536621,2900,0.0,0.0
2009-10-06 00:00:00-04:00,19.73979937068381,20.437318801879883,19.53054407349008,20.437318801879883,18700,0.0,0.0
2009-10-07 00:00:00-04:00,20.228054733151463,20.674466549806365,19.94904734774215,20.59076499938965,11100,0.0,0.0
2009-10-08 00:00:00-04:00,20.548923406882395,20.758180050807088,20.081586628733437,20.346643447875977,11400,0.0,0.0
2009-10-09 00:00:00-04:00,20.444291737074796,20.67447306892021,20.116458122147257,20.353614807128906,5100,0.0,0.0
2009-10-12 00:00:00-04:00,19.391031344125814,20.283856312342255,19.391031344125814,20.039724349975586,14700,0.0,0.0
2009-10-13 00:00:00-04:00,19.82349810161716,20.290836075045778,19.607267496124056,20.248985290527344,16700,0.0,0.0
2009-10-14 00:00:00-04:00,20.255960608858164,20.458240509033203,19.760721226310743,20.458240509033203,23600,0.0,0.0
2009-10-15 00:00:00-04:00,20.339657267848892,20.465210921296823,19.858368706435883,20.26990509033203,13300,0.0,0.0
2009-10-16 00:00:00-04:00,20.27688044112493,20.423360146951556,19.858368706435883,20.26990509033203,5100,0.0,0.0
2009-10-19 00:00:00-04:00,20.527990331221666,20.75119626303371,19.746768239467222,20.737245559692383,16700,0.0,0.0
2009-10-20 00:00:00-04:00,20.437306623941765,20.73026466369629,20.297803619075577,20.73026466369629,7400,0.0,0.0
2009-10-21 00:00:00-04:00,20.723300110383153,20.897679955123824,20.374540420901813,20.807003021240234,15300,0.0,0.0
2009-10-22 00:00:00-04:00,20.83489925021151,20.83489925021151,20.228056956145725,20.57681655883789,5000,0.0,0.0
2009-10-23 00:00:00-04:00,20.018800125428978,20.472187306580743,20.018800125428978,20.40941047668457,5400,0.0,0.0
2009-10-26 00:00:00-04:00,20.367564161315386,20.925579071044922,20.228059768676758,20.925579071044922,5400,0.0,0.0
2009-10-27 00:00:00-04:00,20.653547770593633,20.653547770593633,20.479167938232422,20.479167938232422,3500,0.0,0.0
2009-10-28 00:00:00-04:00,20.235032756726678,20.6744692804855,20.235032756726678,20.402437210083008,9100,0.0,0.0
2009-10-29 00:00:00-04:00,19.642140468738432,20.43033790588379,19.642140468738432,20.43033790588379,4500,0.0,0.0
2009-10-30 00:00:00-04:00,20.395458221435547,20.604714748626904,20.395458221435547,20.395458221435547,8600,0.0,0.0
2009-11-02 00:00:00-05:00,20.19318162406498,20.4163875579834,20.0048511184167,20.4163875579834,5500,0.0,0.0
2009-11-03 00:00:00-05:00,20.269904245210586,20.618663787841797,20.018798279196325,20.618663787841797,6200,0.0,0.0
2009-11-04 00:00:00-05:00,20.653544555323666,20.876750493132107,20.186206624132623,20.402437210083008,7400,0.0,0.0
2009-11-05 00:00:00-05:00,20.423362897897402,20.66749355647166,20.31873395232294,20.625642776489258,5600,0.0,0.0
2009-11-06 00:00:00-05:00,20.40243811855208,20.59774398803711,20.151330762130243,20.59774398803711,5700,0.0,0.0
2009-11-09 00:00:00-05:00,20.262937842118525,20.583797454833984,20.172260906375936,20.583797454833984,6600,0.0,0.0
2009-11-10 00:00:00-05:00,20.54891947764404,20.576820890330666,20.297813415527344,20.297813415527344,6800,0.0,0.0
2009-11-11 00:00:00-05:00,20.458236607178822,20.541939490522935,20.304782873195503,20.5140380859375,4700,0.0,0.0
2009-11-12 00:00:00-05:00,20.26293682864408,20.437316668237962,20.23503674612361,20.29083824157715,6200,0.0,0.0
2009-11-13 00:00:00-05:00,20.23502967490733,20.479161631108347,20.23502967490733,20.37453269958496,7300,0.0,0.0
2009-11-16 00:00:00-05:00,20.235032307849043,20.57681655883789,20.235032307849043,20.57681655883789,21500,0.0,0.0
2009-11-17 00:00:00-05:00,20.562862572879848,20.576813274059468,20.33965667565429,20.55588722229004,5100,0.0,0.0
2009-11-18 00:00:00-05:00,20.52101735091122,20.576818840312516,20.283860688352586,20.458240509033203,3000,0.0,0.0
2009-11-19 00:00:00-05:00,20.38150410398484,20.611685314025312,20.2210750579834,20.2210750579834,4000,0.0,0.0
2009-11-20 00:00:00-05:00,20.102505179639568,20.430340088510796,20.102505179639568,20.367563247680664,5200,0.0,0.0
2009-11-23 00:00:00-05:00,20.57681655883789,20.57681655883789,20.514039723920316,20.57681655883789,5600,0.0,0.0
2009-11-24 00:00:00-05:00,20.5907678898806,20.5907678898806,20.248983628473677,20.500089645385742,7000,0.0,0.0
2009-11-25 00:00:00-05:00,20.53496396205995,20.55588868490615,20.31175804895259,20.521013259887695,1900,0.0,0.0
2009-11-27 00:00:00-05:00,20.262934395278524,20.43731421393122,19.732820917337264,19.976951599121094,4200,0.0,0.0
2009-11-30 00:00:00-05:00,20.03972537111033,20.493112564086914,19.704916489873362,20.493112564086914,7700,0.0,0.0
2009-12-01 00:00:00-05:00,20.50706630364907,20.521017008369636,20.228058861299832,20.367563247680664,8100,0.0,0.0
2009-12-02 00:00:00-05:00,20.26990998339915,20.458240509033203,20.242009903904727,20.458240509033203,6700,0.0,0.0
2009-12-03 00:00:00-05:00,20.534968472341596,20.56984390502006,20.130407333374023,20.130407333374023,9200,0.0,0.0
2009-12-04 00:00:00-05:00,20.311759846173256,20.57681655883789,20.311759846173256,20.57681655883789,6700,0.0,0.0
2009-12-07 00:00:00-05:00,20.63960140845082,20.63960140845082,20.269915607093637,20.56287384033203,10000,0.0,0.0
2009-12-08 00:00:00-05:00,20.576816298563802,20.576816298563802,20.26990747956131,20.43033790588379,6500,0.0,0.0
2009-12-09 00:00:00-05:00,20.339660906920557,20.82094955444336,20.297810125087558,20.82094955444336,18800,0.0,0.0
2009-12-10 00:00:00-05:00,20.82094828344278,20.82094828344278,20.248982755128328,20.43033790588379,9200,0.0,0.0
2009-12-11 00:00:00-05:00,20.53496396205995,20.66051762078589,20.346633473971046,20.521013259887695,5300,0.0,0.0
2009-12-14 00:00:00-05:00,20.6721863247426,20.756563186645508,20.440151630915505,20.756563186645508,1700,0.235,0.0
2009-12-15 00:00:00-05:00,20.742503810177364,20.876099972944342,20.559688361423856,20.7706298828125,7100,0.0,0.0
2009-12-16 00:00:00-05:00,20.63000344613055,20.756568098372156,20.482344238140332,20.517501831054688,7600,0.0,0.0
2009-12-17 00:00:00-05:00,20.53858828748306,21.241723820903903,20.524526596069336,20.524526596069336,31100,0.0,0.0
2009-12-18 00:00:00-05:00,20.679221796624113,20.932351089619846,20.538594113598712,20.742504119873047,41700,0.0,0.0
2009-12-21 00:00:00-05:00,21.002673703328686,21.002673703328686,20.538602691966105,20.73548126220703,3100,0.0,0.0
2009-12-22 00:00:00-05:00,20.770626237788626,20.770626237788626,20.55968475341797,20.55968475341797,4200,0.0,0.0
2009-12-23 00:00:00-05:00,20.566723738538744,20.742507702116,20.566723738538744,20.608911514282227,1900,0.0,0.0
2009-12-24 00:00:00-05:00,20.735475148772913,20.74250666790044,20.580785751342773,20.580785751342773,700,0.0,0.0
2009-12-28 00:00:00-05:00,20.56672406694068,20.74250803332479,20.503441731752382,20.510473251342773,5600,0.0,0.0
2009-12-29 00:00:00-05:00,20.594847194341234,20.7214105054578,20.405000215978827,20.517501831054688,5100,0.0,0.0
2009-12-30 00:00:00-05:00,20.538595690128346,20.805788040161133,20.327655490523586,20.805788040161133,7500,0.0,0.0
2009-12-31 00:00:00-05:00,20.791725956117013,21.094074572908728,20.56672270858601,20.615942001342773,4500,0.0,0.0
2010-01-04 00:00:00-05:00,20.665152045492768,20.96750052696962,20.665152045492768,20.784685134887695,2100,0.0,0.0
2010-01-05 00:00:00-05:00,20.70735122266836,20.798758292648262,20.40500259399414,20.40500259399414,4500,0.0,0.0
2010-01-06 00:00:00-05:00,20.41906171047685,20.63703340557786,20.257339477539062,20.257339477539062,4200,0.0,0.0
2010-01-07 00:00:00-05:00,20.116715740182556,20.25031057705742,19.87764946002475,19.89874267578125,6700,0.0,0.0
2010-01-08 00:00:00-05:00,20.264367323154076,20.264367323154076,19.891706321827833,19.94092559814453,2800,0.0,0.0
2010-01-11 00:00:00-05:00,20.179999388883758,20.18702956717875,19.540145874023438,19.540145874023438,5600,0.0,0.0
2010-01-12 00:00:00-05:00,19.526069529288147,20.31358039195349,18.703401093479712,19.610445022583008,22900,0.0,0.0
2010-01-13 00:00:00-05:00,19.779203116470754,19.779203116470754,19.343259811401367,19.343259811401367,6400,0.0,0.0
2010-01-14 00:00:00-05:00,19.343265462988736,20.03936972404694,19.301077691716287,19.575300216674805,11600,0.0,0.0
2010-01-15 00:00:00-05:00,19.54014755933977,19.65967937641693,19.139358964572416,19.406551361083984,10900,0.0,0.0
2010-01-19 00:00:00-05:00,19.350292896758987,19.93389541713863,19.350292896758987,19.90576934814453,7200,0.0,0.0
2010-01-20 00:00:00-05:00,19.772175262308924,20.01827166932637,19.589359830578225,19.926864624023438,2700,0.0,0.0
2010-01-21 00:00:00-05:00,20.21515440085183,20.21515440085183,19.20263846578109,19.25185775756836,7900,0.0,0.0
2010-01-22 00:00:00-05:00,19.301075763512294,19.983116918967806,18.984664157766215,19.77217674255371,23800,0.0,0.0
2010-01-25 00:00:00-05:00,19.406544428316412,20.2503064132107,19.371386840742794,19.6948299407959,18200,0.0,0.0
2010-01-26 00:00:00-05:00,19.617486698570726,19.92686679685956,19.181543294783033,19.448734283447266,9000,0.0,0.0
2010-01-27 00:00:00-05:00,19.448733057908044,20.053430179839896,19.448733057908044,19.701862335205078,2000,0.0,0.0
2010-01-28 00:00:00-05:00,19.72295714510977,20.19405814872429,19.448734633242736,19.765146255493164,9900,0.0,0.0
2010-01-29 00:00:00-05:00,20.11671355216066,20.11671355216066,19.497953362184838,19.72998809814453,2500,0.0,0.0
2010-02-01 00:00:00-05:00,19.729984722510807,19.947957725910637,19.44873074842605,19.582326889038086,3300,0.0,0.0
2010-02-02 00:00:00-05:00,19.673737560132746,19.877647567195858,19.216699600219727,19.216699600219727,9300,0.0,0.0
2010-02-03 00:00:00-05:00,19.2799824890712,19.603424293190276,19.2799824890712,19.28701400756836,1900,0.0,0.0
2010-02-04 00:00:00-05:00,19.308104722494015,19.4909201563795,18.323715059447043,18.372934341430664,13500,0.0,0.0
2010-02-05 00:00:00-05:00,18.808874739406217,19.132316427633796,18.569808560662118,19.111223220825195,4400,0.0,0.0
2010-02-08 00:00:00-05:00,19.040919362734005,19.30811040403565,18.35887804960528,18.401065826416016,11400,0.0,0.0
2010-02-09 00:00:00-05:00,18.569812027789435,18.914348328277743,18.569812027789435,18.780752182006836,1800,0.0,0.0
2010-02-10 00:00:00-05:00,18.59794313691098,19.371391472725676,18.56981706012673,18.87216567993164,7800,0.0,0.0
2010-02-11 00:00:00-05:00,19.054977615612533,19.237793057371167,18.57684512810917,18.844036102294922,17300,0.0,0.0
2010-02-12 00:00:00-05:00,18.745603402688953,18.80185422229219,18.696384103176786,18.759666442871094,2300,0.0,0.0
2010-02-16 00:00:00-05:00,19.132326297640144,19.139357817245287,18.71044585033349,19.047950744628906,4000,0.0,0.0
2010-02-17 00:00:00-05:00,18.780760559024728,19.132328533617855,18.780760559024728,19.019826889038086,5000,0.0,0.0
2010-02-18 00:00:00-05:00,18.85106986582208,19.30107767649864,18.822945132037642,19.125293731689453,14200,0.0,0.0
2010-02-19 00:00:00-05:00,19.18857326845544,19.237792551263883,18.98466327839203,19.15341567993164,17000,0.0,0.0
2010-02-22 00:00:00-05:00,18.984664607423507,19.2237308616218,18.984664607423507,19.08310317993164,7600,0.0,0.0
2010-02-23 00:00:00-05:00,19.153420206700147,19.638584313994503,18.949511509569305,19.209671020507812,22800,0.0,0.0
2010-02-24 00:00:00-05:00,19.054977148546875,19.25888579785173,18.879193228986708,18.8862247467041,2000,0.0,0.0
2010-02-25 00:00:00-05:00,18.91435187945378,19.483891475671847,18.91435187945378,19.258888244628906,1400,0.0,0.0
2010-02-26 00:00:00-05:00,19.392485462776268,19.392485462776268,19.00576130618673,19.18154525756836,2500,0.0,0.0
2010-03-01 00:00:00-05:00,19.209664548111082,19.41357451766283,19.153413753256245,19.350292205810547,1700,0.0,0.0
2010-03-02 00:00:00-05:00,19.420607727555655,19.828426361083984,19.420607727555655,19.828426361083984,5800,0.0,0.0
2010-03-03 00:00:00-05:00,19.86358385452193,20.47531251376501,19.589361356132756,20.257339477539062,7300,0.0,0.0
2010-03-04 00:00:00-05:00,19.83545938648254,20.355781035384553,19.512017576698906,19.638582229614258,13200,0.0,0.0
2010-03-05 00:00:00-05:00,19.687803654201605,19.877650654165738,19.687803654201605,19.842493057250977,3600,0.0,0.0
2010-03-08 00:00:00-05:00,19.786236512850383,20.074522018432617,19.765143301935705,20.074522018432617,7500,0.0,0.0
2010-03-09 00:00:00-05:00,20.03233435267671,20.48937225341797,20.018271317915488,20.48937225341797,2900,0.0,0.0
2010-03-10 00:00:00-05:00,20.35823893078066,20.698489085077423,20.13140639593519,20.613426208496094,2300,0.235,0.0
2010-03-11 00:00:00-05:00,20.55671501159668,20.55671501159668,20.046341884245866,20.55671501159668,2700,0.0,0.0
2010-03-12 00:00:00-05:00,20.535449611426003,20.549626981199776,20.216466903686523,20.216466903686523,900,0.0,0.0
2010-03-15 00:00:00-04:00,20.308616026048433,20.322793395070278,19.968367281694114,20.13140296936035,3300,0.0,0.0
2010-03-16 00:00:00-04:00,19.727362234009075,20.20938208223813,19.49344099613658,20.202293395996094,1600,0.0,0.0
2010-03-17 00:00:00-04:00,20.30862422426829,20.613431021141245,19.890401133493146,20.039260864257812,20100,0.0,0.0
2010-03-18 00:00:00-04:00,20.06760106899468,20.393673713620363,20.06760106899468,20.32278823852539,5600,0.0,0.0
2010-03-19 00:00:00-04:00,20.44330662388502,20.44330662388502,20.04634959438082,20.308624267578125,6100,0.0,0.0
2010-03-22 00:00:00-04:00,20.060520755287797,20.471655059925297,20.060520755287797,20.237733840942383,16000,0.0,0.0
2010-03-23 00:00:00-04:00,20.18102152931187,20.251907019303196,20.046340585559435,20.230642318725586,2200,0.0,0.0
2010-03-24 00:00:00-04:00,20.067608809060438,20.19520244303859,20.067608809060438,20.074697494506836,1800,0.0,0.0
2010-03-25 00:00:00-04:00,20.145588470787505,20.173941868248615,20.039260864257812,20.039260864257812,3000,0.0,0.0
2010-03-26 00:00:00-04:00,19.755711782154822,20.09596052009666,19.755711782154822,20.003808975219727,1500,0.0,0.0
2010-03-29 00:00:00-04:00,19.996717855491422,20.188108254285353,19.91165635737954,19.918745040893555,2700,0.0,0.0
2010-03-30 00:00:00-04:00,19.989639978321513,20.032170747492838,19.84078025817871,19.84078025817871,4800,0.0,0.0
2010-03-31 00:00:00-04:00,19.571417346594295,20.0038164387144,19.571417346594295,19.940019607543945,5300,0.0,0.0
2010-04-01 00:00:00-04:00,20.017992534175058,20.273179842557628,19.174457760821678,19.628124237060547,10000,0.0,0.0
2010-04-05 00:00:00-04:00,19.854949905343336,19.86912727355957,19.84786122123522,19.86912727355957,1200,0.0,0.0
2010-04-06 00:00:00-04:00,19.89039577707976,20.06052017211914,19.621032489607863,20.06052017211914,3300,0.0,0.0
2010-04-07 00:00:00-04:00,20.379498892485003,20.379498892485003,19.628116007538658,19.642292022705078,3800,0.0,0.0
2010-04-08 00:00:00-04:00,19.677742129804546,19.81242445987964,19.677742129804546,19.75571632385254,300,0.0,0.0
2010-04-09 00:00:00-04:00,19.585584698502498,19.79824115894195,19.54305394722589,19.691913604736328,1400,0.0,0.0
2010-04-12 00:00:00-04:00,19.791152370668172,19.791152370668172,19.57140857953184,19.599761962890625,3000,0.0,0.0
2010-04-13 00:00:00-04:00,19.86203918561879,19.86203918561879,19.606851958180034,19.734445571899414,5300,0.0,0.0
2010-04-14 00:00:00-04:00,19.71318209323939,20.195201873779297,19.691917389528104,20.195201873779297,1000,0.0,0.0
2010-04-15 00:00:00-04:00,20.032165390538818,20.181023718845505,19.77697813969488,19.954191207885742,4100,0.0,0.0
2010-04-16 00:00:00-04:00,19.92583470109697,20.08178168996477,19.776975044062436,19.911657333374023,4200,0.0,0.0
2010-04-19 00:00:00-04:00,20.195198481079753,20.195198481079753,19.784064270045846,19.791152954101562,4600,0.0,0.0
2010-04-20 00:00:00-04:00,19.925844570355626,20.0534382390028,19.77698483959096,20.039260864257812,1100,0.0,0.0
2010-04-21 00:00:00-04:00,20.003810834883396,20.13849314651679,19.925838003540633,20.017988204956055,1800,0.0,0.0
2010-04-22 00:00:00-04:00,19.92583558645344,19.954188971130947,19.78406460698113,19.932924270629883,2800,0.0,0.0
2010-04-23 00:00:00-04:00,19.812424107769072,19.925840377807617,19.649387036563652,19.925840377807617,4800,0.0,0.0
2010-04-26 00:00:00-04:00,19.606850732144757,19.897480010986328,19.606850732144757,19.897480010986328,1600,0.0,0.0
2010-04-27 00:00:00-04:00,19.78406524658203,19.78406524658203,19.78406524658203,19.78406524658203,1600,0.0,0.0
2010-04-28 00:00:00-04:00,19.791155326197458,19.918748950436793,19.791155326197458,19.89039421081543,1400,0.0,0.0
2010-04-29 00:00:00-04:00,19.897481132182463,20.06760549874711,19.784064887806032,19.968366622924805,3600,0.0,0.0
2010-04-30 00:00:00-04:00,19.95418961623181,19.95418961623181,19.78406524658203,19.78406524658203,5500,0.0,0.0
2010-05-03 00:00:00-04:00,19.840771886736363,20.223552703857422,19.7840637677586,20.223552703857422,4100,0.0,0.0
2010-05-04 00:00:00-04:00,20.11721742523543,20.188102889510358,19.84785428342404,20.04633331298828,8200,0.0,0.0
2010-05-05 00:00:00-04:00,19.847861267047396,20.017985629950125,19.847861267047396,19.854949951171875,6900,0.0,0.0
2010-05-06 00:00:00-04:00,19.84786476740188,20.081785976650835,19.621032243527562,19.71318244934082,7500,0.0,0.0
2010-05-07 00:00:00-04:00,19.989642564939047,19.989642564939047,18.968894508543155,19.153196334838867,5200,0.0,0.0
2010-05-10 00:00:00-04:00,19.543062870135575,19.81242757260559,19.337496351751557,19.798250198364258,9100,0.0,0.0
2010-05-11 00:00:00-04:00,19.266609830660183,20.053436483762383,19.266609830660183,19.996726989746094,4400,0.0,0.0
2010-05-12 00:00:00-04:00,19.86204013913987,20.55671501159668,19.854951454478677,20.55671501159668,8500,0.0,0.0
2010-05-13 00:00:00-04:00,20.422032274166536,20.422032274166536,19.86203971808693,20.13140296936035,3700,0.0,0.0
2010-05-14 00:00:00-04:00,19.819505795203074,20.09595905768772,19.71317824133738,19.911657333374023,3800,0.0,0.0
2010-05-17 00:00:00-04:00,19.925838014635932,20.28026415447917,19.67773944633998,19.706092834472656,8600,0.0,0.0
2010-05-18 00:00:00-04:00,19.876217668360933,20.188111683792464,18.99015235900879,18.99015235900879,2800,0.0,0.0
2010-05-19 00:00:00-04:00,19.16737087282563,19.41546814839006,19.03977721566178,19.14610481262207,4500,0.0,0.0
2010-05-20 00:00:00-04:00,19.004326019541768,19.578497242254915,18.756227493286133,18.756227493286133,19900,0.0,0.0
2010-05-21 00:00:00-04:00,18.614455414519746,19.429635019975446,18.614455414519746,18.890907287597656,9600,0.0,0.0
2010-05-24 00:00:00-04:00,19.14609936042083,19.14609936042083,18.338008231206807,18.366361618041992,5800,0.0,0.0
2010-05-25 00:00:00-04:00,18.330928242254092,18.671177157852604,18.330928242254092,18.437255859375,3800,0.0,0.0
2010-05-26 00:00:00-04:00,18.855467995642197,18.855467995642197,18.39471435546875,18.39471435546875,2200,0.0,0.0
2010-05-27 00:00:00-04:00,18.94053999540356,18.94053999540356,18.50814085138125,18.919275283813477,2800,0.0,0.0
2010-05-28 00:00:00-04:00,18.642818518991934,18.98306871568607,18.63573118441987,18.734970092773438,3600,0.0,0.0
2010-06-01 00:00:00-04:00,18.69952009008751,19.089389603986,18.50813102722168,18.50813102722168,9300,0.0,0.0
2010-06-02 00:00:00-04:00,18.529398032582172,20.081784893126276,18.529398032582172,19.436729431152344,2200,0.0,0.0
2010-06-03 00:00:00-04:00,19.436730931319467,19.54305851035161,18.614462337162404,19.323314666748047,8100,0.0,0.0
2010-06-04 00:00:00-04:00,18.940535171494652,19.63521153380663,18.820030212402344,18.820030212402344,12800,0.0,0.0
2010-06-07 00:00:00-04:00,19.06812362831263,19.372930286140825,18.64281204418092,18.805849075317383,9700,0.0,0.0
2010-06-08 00:00:00-04:00,18.83420521444086,18.88382465864147,18.699522900161735,18.720788955688477,3200,0.0,0.0
2010-06-09 00:00:00-04:00,18.968895838862544,19.004337928238925,18.720797157140716,18.883832931518555,1800,0.0,0.0
2010-06-10 00:00:00-04:00,18.990148783575965,19.44381370389993,18.515217813101273,19.24533462524414,7800,0.0,0.0
2010-06-11 00:00:00-04:00,19.027252197265625,19.027252197265625,18.69833244222544,19.027252197265625,9900,0.235,0.0
2010-06-14 00:00:00-04:00,19.234609584240015,19.29896340662288,19.02724832843197,19.12735366821289,5200,0.0,0.0
2010-06-15 00:00:00-04:00,18.87709334456988,19.613586503195943,18.87709334456988,19.51348114013672,5200,0.0,0.0
2010-06-16 00:00:00-04:00,19.420524238635192,19.420524238635192,19.01295086044892,19.063003540039062,600,0.0,0.0
2010-06-17 00:00:00-04:00,19.134503706754032,19.134503706754032,18.812734603881836,18.812734603881836,2900,0.0,0.0
2010-06-18 00:00:00-04:00,18.90569094657985,19.334715967410887,18.81273482075277,18.99149513244629,14000,0.0,0.0
2010-06-21 00:00:00-04:00,19.30611550467355,19.35616817850941,18.762683941622768,18.769834518432617,3000,0.0,0.0
2010-06-22 00:00:00-04:00,18.79129343238531,19.234618453405282,18.44807243347168,18.44807243347168,4900,0.0,0.0
2010-06-23 00:00:00-04:00,18.576776495729064,18.891395114790296,18.426618446256658,18.684032440185547,5900,0.0,0.0
2010-06-24 00:00:00-04:00,18.440918953384802,18.834191190492422,18.026193618774414,18.026193618774414,22800,0.0,0.0
2010-06-25 00:00:00-04:00,18.162054538713637,19.34187278716515,18.162054538713637,18.319364547729492,340100,0.0,0.0
2010-06-28 00:00:00-04:00,18.169202555059893,18.48382116488415,17.99044219826959,18.090547561645508,20100,0.0,0.0
2010-06-29 00:00:00-04:00,17.876037766718195,18.197806992052502,17.876037766718195,17.947542190551758,6500,0.0,0.0
2010-06-30 00:00:00-04:00,17.87604139742525,18.21926106493572,17.704431563670013,17.818838119506836,3500,0.0,0.0
2010-07-01 00:00:00-04:00,17.761630829138944,17.911788888315602,17.239650865572347,17.525667190551758,10200,0.0,0.0
2010-07-02 00:00:00-04:00,17.532814086179606,18.169200446057452,17.525663509078008,17.911785125732422,13500,0.0,0.0
2010-07-06 00:00:00-04:00,18.37656727866757,18.398017651027942,17.99759478891083,18.04764747619629,1700,0.0,0.0
2010-07-07 00:00:00-04:00,17.597172013984093,18.154903519452294,17.53281816891723,17.947542190551758,4200,0.0,0.0
2010-07-08 00:00:00-04:00,18.06909367509913,18.1191463470459,17.983288120452507,18.1191463470459,2400,0.0,0.0
2010-07-09 00:00:00-04:00,18.319362336161387,18.319362336161387,17.98329198571419,18.019044876098633,1400,0.0,0.0
2010-07-12 00:00:00-04:00,18.333658006076178,18.333658006076178,17.87603202272108,17.89033317565918,3000,0.0,0.0
2010-07-13 00:00:00-04:00,17.997591532112953,18.419466054082548,17.997591532112953,18.369413375854492,1400,0.0,0.0
2010-07-14 00:00:00-04:00,18.05479640264976,18.162052346136463,17.92608872493239,18.019044876098633,10100,0.0,0.0
2010-07-15 00:00:00-04:00,18.01904440975779,18.01904440975779,17.754478483093248,17.91893768310547,3800,0.0,0.0
2010-07-16 00:00:00-04:00,17.7759258077825,17.7759258077825,17.48990821838379,17.48990821838379,3100,0.0,0.0
2010-07-19 00:00:00-04:00,17.489910616879147,18.019042411529984,17.447008518119098,17.804529190063477,6300,0.0,0.0
2010-07-20 00:00:00-04:00,17.754478237895828,17.954690324602172,17.582868462361787,17.7330265045166,3700,0.0,0.0
2010-07-21 00:00:00-04:00,17.883182202255956,17.897483354876627,17.461307746777003,17.482759475708008,8900,0.0,0.0
2010-07-22 00:00:00-04:00,17.56856571808702,17.976139068603516,17.56856571808702,17.976139068603516,2400,0.0,0.0
2010-07-23 00:00:00-04:00,17.940384083356815,17.940384083356815,17.682968811110047,17.904632568359375,1700,0.0,0.0
2010-07-26 00:00:00-04:00,17.79738260560316,18.040496826171875,17.71157838883387,18.040496826171875,700,0.0,0.0
2010-07-27 00:00:00-04:00,18.04763932919261,18.04763932919261,17.590013407638697,17.632915496826172,8800,0.0,0.0
2010-07-28 00:00:00-04:00,17.647224568892433,17.740179364494065,17.59717188173514,17.66152572631836,1900,0.0,0.0
2010-07-29 00:00:00-04:00,17.54711693722967,17.883185910504675,17.525665203850444,17.7330265045166,7100,0.0,0.0
2010-07-30 00:00:00-04:00,17.733024776041876,17.733024776041876,17.59716790271547,17.69727325439453,1400,0.0,0.0
2010-08-02 00:00:00-04:00,17.804534982708507,17.968994217989227,17.361209969009742,17.81168556213379,3600,0.0,0.0
2010-08-03 00:00:00-04:00,17.854578241319977,17.87602996826172,17.46130612755136,17.87602996826172,1700,0.0,0.0
2010-08-04 00:00:00-04:00,17.868887099414827,18.04764747619629,17.775932303575182,18.04764747619629,1300,0.0,0.0
2010-08-05 00:00:00-04:00,18.04764747619629,18.04764747619629,17.675825565170825,18.04764747619629,800,0.0,0.0
2010-08-06 00:00:00-04:00,17.954694451411758,17.954694451411758,17.704429626464844,17.704429626464844,1000,0.0,0.0
2010-08-09 00:00:00-04:00,17.92608653764592,17.990440368652344,17.811680030041863,17.990440368652344,500,0.0,0.0
2010-08-10 00:00:00-04:00,18.040490818403892,18.183499617173105,17.56141311550991,17.85457992553711,1300,0.0,0.0
2010-08-11 00:00:00-04:00,17.80452918316969,17.80452918316969,17.590017325619375,17.69727325439453,3100,0.0,0.0
2010-08-12 00:00:00-04:00,17.668673125344885,18.405166291087493,17.568567761318366,17.94038963317871,24300,0.0,0.0
2010-08-13 00:00:00-04:00,17.904634209591833,18.26930406025847,17.761625408827385,17.825979232788086,9600,0.0,0.0
2010-08-16 00:00:00-04:00,17.997589111328125,17.997589111328125,17.997589111328125,17.997589111328125,100,0.0,0.0
2010-08-17 00:00:00-04:00,17.825977703167226,18.333656311035156,17.825977703167226,18.333656311035156,2500,0.0,0.0
2010-08-18 00:00:00-04:00,18.226400401581795,18.333656311035156,17.697270066290038,18.333656311035156,800,0.0,0.0
2010-08-19 00:00:00-04:00,18.33365846839919,18.33365846839919,18.297906948985396,18.305057525634766,400,0.0,0.0
2010-08-20 00:00:00-04:00,18.133456974592782,18.133456974592782,17.95469655919288,18.11200523376465,700,0.0,0.0
2010-08-23 00:00:00-04:00,18.09054602129903,18.23355484008789,17.87603415694891,18.23355484008789,2300,0.0,0.0
2010-08-24 00:00:00-04:00,18.126300961201704,18.64828089039285,17.911787708719043,18.519573211669922,5700,0.0,0.0
2010-08-25 00:00:00-04:00,18.490974288995904,18.641132354736328,18.305063328674326,18.641132354736328,900,0.0,0.0
2010-08-26 00:00:00-04:00,18.641132354736328,18.641132354736328,18.641132354736328,18.641132354736328,0,0.0,0.0
2010-08-27 00:00:00-04:00,18.54816836442288,18.776981321013636,18.54816836442288,18.66972541809082,1300,0.0,0.0
2010-08-30 00:00:00-04:00,18.61252212524414,18.61252212524414,18.61252212524414,18.61252212524414,200,0.0,0.0
2010-08-31 00:00:00-04:00,18.66972753487781,19.127353499945286,18.583921984511186,19.005796432495117,1500,0.0,0.0
2010-09-01 00:00:00-04:00,18.898540275027695,18.898540275027695,18.87708854675293,18.87708854675293,1000,0.0,0.0
2010-09-02 00:00:00-04:00,19.127355566564635,19.127355566564635,18.891391982352864,19.020099639892578,500,0.0,0.0
2010-09-03 00:00:00-04:00,19.127348211076523,19.306108474731445,18.91283644022365,19.306108474731445,2500,0.0,0.0
2010-09-07 00:00:00-04:00,18.948595234166838,19.041550006927128,18.948595234166838,19.020099639892578,800,0.0,0.0
2010-09-08 00:00:00-04:00,19.120203091966687,19.12735366821289,19.120203091966687,19.12735366821289,1300,0.0,0.0
2010-09-09 00:00:00-04:00,19.284666175304416,19.306117908404833,18.962898361797617,19.027252197265625,2400,0.0,0.0
2010-09-10 00:00:00-04:00,19.03440478571679,19.363323211669922,19.03440478571679,19.363323211669922,1600,0.0,0.0
2010-09-13 00:00:00-04:00,19.563537552658733,19.592138505915923,19.234617725283027,19.44913101196289,2100,0.0,0.0
2010-09-14 00:00:00-04:00,19.806150667644783,20.19563864470915,19.301260526958277,19.892704010009766,4800,0.235,0.0
2010-09-15 00:00:00-04:00,19.625843048095703,19.625843048095703,19.625843048095703,19.625843048095703,200,0.0,0.0
2010-09-16 00:00:00-04:00,18.760313906846097,19.835010684290427,18.760313906846097,19.72681999206543,900,0.0,0.0
2010-09-17 00:00:00-04:00,19.83500644862241,20.058600681569196,19.193073952878887,20.051387786865234,3800,0.0,0.0
2010-09-20 00:00:00-04:00,19.92155935737628,20.195642471313477,19.64747486772012,20.195642471313477,4600,0.0,0.0
2010-09-21 00:00:00-04:00,19.734030068578,20.37596260967938,19.734030068578,20.13072967529297,2500,0.0,0.0
2010-09-22 00:00:00-04:00,20.23891846283641,20.23891846283641,20.195642471313477,20.195642471313477,700,0.0,0.0
2010-09-23 00:00:00-04:00,20.195642471313477,20.26055714645736,20.11630200708896,20.195642471313477,1200,0.0,0.0
2010-09-24 00:00:00-04:00,20.72217210721673,20.751023686374786,19.52485908653752,20.202856063842773,2900,0.0,0.0
2010-09-27 00:00:00-04:00,20.36153426474654,21.053956985473633,20.34710847612914,21.053956985473633,2100,0.0,0.0
2010-09-28 00:00:00-04:00,21.284760093471657,21.284760093471657,20.8447832535021,21.09722900390625,5600,0.0,0.0
2010-09-29 00:00:00-04:00,20.772664342747227,20.852004822499392,20.75102703061063,20.830366134643555,1300,0.0,0.0
2010-09-30 00:00:00-04:00,20.916910807291668,21.169356557695817,20.72937971772626,21.09722900390625,5800,0.0,0.0
2010-10-01 00:00:00-04:00,21.630973034645148,21.796865463256836,20.91691306409506,21.796865463256836,13900,0.0,0.0
2010-10-04 00:00:00-04:00,21.710314527875546,21.782442092895508,21.5227834091112,21.782442092895508,12400,0.0,0.0
2010-10-05 00:00:00-04:00,21.818506938721224,21.861782930919027,21.71752916502003,21.825719833374023,1900,0.0,0.0
2010-10-06 00:00:00-04:00,21.854565138951088,21.854565138951088,21.47950433108461,21.486717224121094,2100,0.0,0.0
2010-10-07 00:00:00-04:00,21.465091188462118,21.969981616940473,21.465091188462118,21.479516983032227,900,0.0,0.0
2010-10-08 00:00:00-04:00,21.48672075693321,21.638187408447266,21.472294968488374,21.638187408447266,3000,0.0,0.0
2010-10-11 00:00:00-04:00,21.457869498132236,21.457869498132236,20.650043217592106,21.183786392211914,3000,0.0,0.0
2010-10-12 00:00:00-04:00,21.183786392211914,21.183786392211914,21.183786392211914,21.183786392211914,0,0.0,0.0
2010-10-13 00:00:00-04:00,20.70054049386654,20.70054049386654,20.224500312538655,20.311052322387695,1700,0.0,0.0
2010-10-14 00:00:00-04:00,20.556278228759766,20.556278228759766,20.556278228759766,20.556278228759766,300,0.0,0.0
2010-10-15 00:00:00-04:00,20.556278228759766,20.556278228759766,20.556278228759766,20.556278228759766,0,0.0,0.0
2010-10-18 00:00:00-04:00,20.55627855419556,20.55627855419556,20.101877212524414,20.101877212524414,2800,0.0,0.0
2010-10-19 00:00:00-04:00,20.231704545190066,20.231704545190066,19.871068090725224,20.2244930267334,2300,0.0,0.0
2010-10-20 00:00:00-04:00,20.56349004943302,20.98904116025393,20.47693669819875,20.823148727416992,500,0.0,0.0
2010-10-21 00:00:00-04:00,20.823148727416992,20.823148727416992,20.823148727416992,20.823148727416992,0,0.0,0.0
2010-10-22 00:00:00-04:00,21.0611684121668,21.0611684121668,20.909700393676758,20.909700393676758,200,0.0,0.0
2010-10-25 00:00:00-04:00,21.039528782918016,21.46507986827393,19.748449739888,20.765445709228516,1600,0.0,0.0
2010-10-26 00:00:00-04:00,20.916910893301534,20.916910893301534,20.650039355898368,20.68610382080078,600,0.0,0.0
2010-10-27 00:00:00-04:00,20.260556973748784,20.80872457266935,20.260556973748784,20.606767654418945,6000,0.0,0.0
2010-10-28 00:00:00-04:00,20.815940726636473,20.815940726636473,20.36153793334961,20.36153793334961,2100,0.0,0.0
2010-10-29 00:00:00-04:00,20.505797122136933,20.51301001916207,20.448095321655273,20.448095321655273,300,0.0,0.0
2010-11-01 00:00:00-04:00,20.85921815146648,20.85921815146648,20.375965118408203,20.375965118408203,700,0.0,0.0
2010-11-02 00:00:00-04:00,20.80872774539611,21.291980743408203,20.563494798600768,21.291980743408203,8300,0.0,0.0
2010-11-03 00:00:00-04:00,20.765445709228516,21.205421205827946,20.765445709228516,20.765445709228516,1000,0.0,0.0
2010-11-04 00:00:00-04:00,20.758234515304007,21.48672030791792,20.64283096159476,21.414592742919922,3300,0.0,0.0
2010-11-05 00:00:00-04:00,21.392964621875677,21.421816212405734,21.364114407065177,21.385751724243164,1200,0.0,0.0
2010-11-08 00:00:00-05:00,20.96018685318349,21.11886774714807,20.924123764038086,20.924123764038086,400,0.0,0.0
2010-11-09 00:00:00-05:00,20.96740405193677,21.19821117158977,20.84478759765625,20.84478759765625,1100,0.0,0.0
2010-11-10 00:00:00-05:00,21.097233646729947,21.183787005468773,20.85921362984688,20.99625587463379,1000,0.0,0.0
2010-11-11 00:00:00-05:00,20.909702972030516,20.938554550812498,20.83036250609906,20.852001190185547,1700,0.0,0.0
2010-11-12 00:00:00-05:00,21.16935934637237,21.16935934637237,20.75823402404785,20.75823402404785,3500,0.0,0.0
2010-11-15 00:00:00-05:00,20.85199371112656,21.046737670898438,20.63561245074792,21.046737670898438,300,0.0,0.0
2010-11-16 00:00:00-05:00,20.931339075095,21.176571961626443,20.851998618946936,20.909700393676758,1600,0.0,0.0
2010-11-17 00:00:00-05:00,20.916913121529824,21.255910873413086,20.85199845350895,21.255910873413086,2900,0.0,0.0
2010-11-18 00:00:00-05:00,20.902493733969997,20.93134531779921,20.787090150091622,20.895280838012695,2800,0.0,0.0
2010-11-19 00:00:00-05:00,20.916921615600586,20.916921615600586,20.916921615600586,20.916921615600586,100,0.0,0.0
2010-11-22 00:00:00-05:00,20.851997263367174,20.989039485335997,20.851997263367174,20.960187911987305,8000,0.0,0.0
2010-11-23 00:00:00-05:00,20.916920016167936,20.916920016167936,20.700538635253906,20.700538635253906,1800,0.0,0.0
2010-11-24 00:00:00-05:00,20.989047601712368,20.989047601712368,20.700538635253906,20.700538635253906,300,0.0,0.0
2010-11-26 00:00:00-05:00,20.563484905382207,21.046737670898438,20.563484905382207,21.046737670898438,700,0.0,0.0
2010-11-29 00:00:00-05:00,20.75102578620233,20.916918255991042,20.57070752537482,20.707748413085938,5500,0.0,0.0
2010-11-30 00:00:00-05:00,20.599557597427548,20.599557597427548,19.6402645111084,19.6402645111084,8400,0.0,0.0
2010-12-01 00:00:00-05:00,20.058600734749096,20.3615354345236,19.950410065340844,20.181217193603516,3100,0.0,0.0
2010-12-02 00:00:00-05:00,19.15700468096649,20.159574782192117,19.15700468096649,20.058595657348633,7600,0.0,0.0
2010-12-03 00:00:00-05:00,20.18842401959042,20.18842401959042,19.589767694723427,19.676321029663086,2300,0.0,0.0
2010-12-06 00:00:00-05:00,19.835004683523948,20.188428238253202,19.835004683523948,19.943195343017578,800,0.0,0.0
2010-12-07 00:00:00-05:00,20.195643495518006,20.195643495518006,19.99368656530397,20.166791915893555,600,0.0,0.0
2010-12-08 00:00:00-05:00,20.159575676571425,20.181212980504597,19.87827834397176,20.087448120117188,1200,0.0,0.0
2010-12-09 00:00:00-05:00,20.087448120117188,20.181212980504597,20.087448120117188,20.087448120117188,2200,0.0,0.0
2010-12-10 00:00:00-05:00,20.181214627888508,20.909700393676758,20.174001734082427,20.909700393676758,16800,0.0,0.0
2010-12-13 00:00:00-05:00,21.245389938253798,21.37220587815722,20.7530460357666,20.7530460357666,5700,0.96,0.0
2010-12-14 00:00:00-05:00,20.80526510321753,21.55870084993885,20.70082894403262,21.551240921020508,9700,0.0,0.0
2010-12-15 00:00:00-05:00,21.588536478052685,21.588536478052685,20.611307317316832,20.6933650970459,1600,0.0,0.0
2010-12-16 00:00:00-05:00,20.797804773718678,21.305068547708192,20.11150697764508,20.94700050354004,14200,0.0,0.0
2010-12-17 00:00:00-05:00,20.39497831362324,20.611310553921978,19.969772338867188,19.969772338867188,8500,0.0,0.0
2010-12-20 00:00:00-05:00,20.14135257357112,20.484500860381626,19.410296414233336,19.71614646911621,3700,0.0,0.0
2010-12-21 00:00:00-05:00,19.604251765634203,20.47704383040509,19.53711380504902,20.215951919555664,28500,0.0,0.0
2010-12-22 00:00:00-05:00,20.215951919555664,20.215951919555664,20.215951919555664,20.215951919555664,200,0.0,0.0
2010-12-23 00:00:00-05:00,19.865334617883523,20.253242369309476,19.768358391444984,19.85041618347168,4500,0.0,0.0
2010-12-27 00:00:00-05:00,20.25324337777897,20.25324337777897,19.98469304812715,20.193565368652344,1000,0.0,0.0
2010-12-28 00:00:00-05:00,19.872794546507397,19.872794546507397,19.85041618347168,19.85041618347168,600,0.0,0.0
2010-12-29 00:00:00-05:00,19.85041618347168,19.85041618347168,19.85041618347168,19.85041618347168,400,0.0,0.0
2010-12-30 00:00:00-05:00,19.768357080086503,19.850414866669794,19.581863145368708,19.79819679260254,2800,0.0,0.0
2010-12-31 00:00:00-05:00,20.238320404720966,20.238320404720966,19.805654549439563,20.05182647705078,1100,0.0,0.0
2011-01-03 00:00:00-05:00,20.081673967005745,20.357685712917544,19.992156221001938,20.133892059326172,1500,0.0,0.0
2011-01-04 00:00:00-05:00,19.962314583615935,20.186106776957693,19.76836068539625,19.99961280822754,4700,0.0,0.0
2011-01-05 00:00:00-05:00,20.111506700652516,20.133886486668263,19.76089859008789,19.76089859008789,2200,0.0,0.0
2011-01-06 00:00:00-05:00,19.783275891480123,19.783275891480123,19.775815963745117,19.775815963745117,700,0.0,0.0
2011-01-07 00:00:00-05:00,19.753441435366746,19.842959169164697,19.581867320326456,19.738521575927734,1200,0.0,0.0
2011-01-10 00:00:00-05:00,19.708680224921338,19.805656450570787,19.58932421358238,19.76835823059082,1300,0.0,0.0
2011-01-11 00:00:00-05:00,19.701217525201315,19.828033447265625,19.6191597453845,19.828033447265625,2100,0.0,0.0
2011-01-12 00:00:00-05:00,20.066747665405273,20.066747665405273,20.066747665405273,20.066747665405273,100,0.0,0.0
2011-01-13 00:00:00-05:00,19.842956537511782,20.12642671507747,19.813116822591223,20.089128494262695,3000,0.0,0.0
2011-01-14 00:00:00-05:00,20.171183624271805,20.260699911542865,19.9548499881679,20.021987915039062,1200,0.0,0.0
2011-01-18 00:00:00-05:00,19.805660060138003,20.14134979248047,19.805660060138003,20.14134979248047,900,0.0,0.0
2011-01-19 00:00:00-05:00,19.805658185342637,19.93247413635254,19.805658185342637,19.93247413635254,800,0.0,0.0
2011-01-20 00:00:00-05:00,19.80565939381803,20.044372874806186,19.58932712468127,19.619165420532227,1500,0.0,0.0
2011-01-21 00:00:00-05:00,19.61916395724384,19.731061471138364,19.61916395724384,19.693761825561523,500,0.0,0.0
2011-01-24 00:00:00-05:00,20.111510410782174,20.111510410782174,19.634086270392572,19.887718200683594,900,0.0,0.0
2011-01-25 00:00:00-05:00,19.969779223898577,19.969779223898577,19.768365348676607,19.939939498901367,600,0.0,0.0
2011-01-26 00:00:00-05:00,19.8802547454834,20.029450474317958,19.86533488803276,19.8802547454834,900,0.0,0.0
2011-01-27 00:00:00-05:00,19.85788071267666,20.11151123046875,19.85788071267666,20.11151123046875,400,0.0,0.0
2011-01-28 00:00:00-05:00,19.880253291551092,20.141345086498795,19.880253291551092,19.954851150512695,1800,0.0,0.0
2011-01-31 00:00:00-05:00,20.141346871394354,20.290542602539062,20.036910713294628,20.290542602539062,1800,0.0,0.0
2011-02-01 00:00:00-05:00,19.91009678782574,20.506876927254265,19.91009678782574,19.99215316772461,1000,0.0,0.0
2011-02-02 00:00:00-05:00,20.350215911865234,20.350215911865234,20.350215911865234,20.350215911865234,300,0.0,0.0
2011-02-03 00:00:00-05:00,20.350215911865234,20.350215911865234,20.350215911865234,20.350215911865234,0,0.0,0.0
2011-02-04 00:00:00-05:00,20.350215911865234,20.350215911865234,20.350215911865234,20.350215911865234,0,0.0,0.0
2011-02-07 00:00:00-05:00,20.148804153587637,20.260700225830078,20.007068369901475,20.260700225830078,1800,0.0,0.0
2011-02-08 00:00:00-05:00,19.85788014071323,20.12643051147461,19.768362401901978,20.12643051147461,4800,0.0,0.0
2011-02-09 00:00:00-05:00,19.85787582397461,19.85787582397461,19.85787582397461,19.85787582397461,300,0.0,0.0
2011-02-10 00:00:00-05:00,20.126428027475686,20.141347885908857,19.731061738848823,19.93247413635254,1000,0.0,0.0
2011-02-11 00:00:00-05:00,20.09659030255857,20.350222211760954,19.775820451341673,20.335302352905273,3000,0.0,0.0
2011-02-14 00:00:00-05:00,20.491953918962793,20.49941384741376,20.30545997619629,20.30545997619629,600,0.0,0.0
2011-02-15 00:00:00-05:00,20.439735437398735,20.678447451753364,20.439735437398735,20.648609161376953,3200,0.0,0.0
2011-02-16 00:00:00-05:00,20.633695171443875,20.745591282132978,20.215949027547655,20.559097290039062,1100,0.0,0.0
2011-02-17 00:00:00-05:00,20.559097290039062,20.559097290039062,20.559097290039062,20.559097290039062,0,0.0,0.0
2011-02-18 00:00:00-05:00,20.700833201408386,20.887327194213867,20.700833201408386,20.887327194213867,500,0.0,0.0
2011-02-22 00:00:00-05:00,20.588936688992888,21.148418656504454,20.16373062133789,20.16373062133789,2400,0.0,0.0
2011-02-23 00:00:00-05:00,20.238317276407994,21.111108779907227,20.238317276407994,21.111108779907227,1900,0.0,0.0
2011-02-24 00:00:00-05:00,21.140953784040118,21.521401603750387,20.74558610720335,20.7530460357666,4400,0.0,0.0
2011-02-25 00:00:00-05:00,20.588931132806184,20.588931132806184,20.417357050551463,20.439735412597656,1500,0.0,0.0
2011-02-28 00:00:00-05:00,20.551631927490234,20.551631927490234,20.551631927490234,20.551631927490234,100,0.0,0.0
2011-03-01 00:00:00-05:00,20.32784157410879,20.32784157410879,19.90263557434082,19.90263557434082,1700,0.0,0.0
2011-03-02 00:00:00-05:00,19.775824415056498,20.574018526950713,19.775824415056498,20.365144729614258,13900,0.0,0.0
2011-03-03 00:00:00-05:00,20.141351990062848,20.350225782180868,20.133892059326172,20.133892059326172,3100,0.0,0.0
2011-03-04 00:00:00-05:00,20.171190434756912,20.447200740341575,20.044374465942383,20.044374465942383,2500,0.0,0.0
2011-03-07 00:00:00-05:00,20.044374465942383,20.044374465942383,20.044374465942383,20.044374465942383,500,0.0,0.0
2011-03-08 00:00:00-05:00,20.044374465942383,20.044374465942383,20.044374465942383,20.044374465942383,600,0.0,0.0
2011-03-09 00:00:00-05:00,19.887715830104305,20.059289932250977,19.887715830104305,20.059289932250977,200,0.0,0.0
2011-03-10 00:00:00-05:00,20.066750934765825,20.1115090892773,19.835498809814453,19.835498809814453,2500,0.0,0.0
2011-03-11 00:00:00-05:00,19.910093307495117,19.910093307495117,19.910093307495117,19.910093307495117,200,0.0,0.0
2011-03-14 00:00:00-04:00,19.95485848948681,20.007076583113896,19.95485848948681,19.962318420410156,800,0.0,0.0
2011-03-15 00:00:00-04:00,19.992154375684773,20.0145341658291,19.835500113183002,19.887718200683594,1700,0.0,0.0
2011-03-16 00:00:00-04:00,20.026952308042254,20.20005226135254,20.026952308042254,20.20005226135254,800,0.235,0.0
2011-03-17 00:00:00-04:00,20.192524823804938,20.192524823804938,20.102210998535156,20.102210998535156,1800,0.0,0.0
2011-03-18 00:00:00-04:00,20.072098691076146,20.072098691076146,19.95920753479004,19.95920753479004,700,0.0,0.0
2011-03-21 00:00:00-04:00,20.094682744937142,20.094682744937142,19.778586563483433,19.929107666015625,2300,0.0,0.0
2011-03-22 00:00:00-04:00,19.94416315832836,20.064580632369676,19.786115761957713,20.019424438476562,8500,0.0,0.0
2011-03-23 00:00:00-04:00,20.026942724986647,20.192516326904297,20.019416456423716,20.192516326904297,1700,0.0,0.0
2011-03-24 00:00:00-04:00,20.139833450317383,20.27530341056551,20.139833450317383,20.139833450317383,400,0.0,0.0
2011-03-25 00:00:00-04:00,20.20758420682753,20.862354278564453,20.20758420682753,20.862354278564453,5700,0.0,0.0
2011-03-28 00:00:00-04:00,20.839761862864023,20.847288131713867,20.54624311967619,20.847288131713867,2900,0.0,0.0
2011-03-29 00:00:00-04:00,20.967710367864804,21.020392826398844,20.96018409729004,20.96018409729004,10300,0.0,0.0
2011-03-30 00:00:00-04:00,21.073075935064114,21.22359848022461,21.073075935064114,21.22359848022461,1600,0.0,0.0
2011-03-31 00:00:00-04:00,21.419272831560566,21.825682786270757,21.359064108880077,21.75042152404785,5200,0.0,0.0
2011-04-01 00:00:00-04:00,21.788055583051104,21.825685501098633,21.59237685112736,21.825685501098633,1000,0.0,0.0
2011-04-04 00:00:00-04:00,21.825687614585693,21.900948893458025,21.441856384277344,21.441856384277344,1800,0.0,0.0
2011-04-05 00:00:00-04:00,21.7504251825172,21.93857765197754,21.7504251825172,21.93857765197754,1000,0.0,0.0
2011-04-06 00:00:00-04:00,21.90847756375378,21.90847756375378,21.66764259338379,21.66764259338379,1500,0.0,0.0
2011-04-07 00:00:00-04:00,21.426799766020103,22.013835906982422,21.426799766020103,22.013835906982422,4800,0.0,0.0
2011-04-08 00:00:00-04:00,21.938574642424808,22.013835906982422,21.938574642424808,22.013835906982422,400,0.0,0.0
2011-04-11 00:00:00-04:00,21.772997406802187,22.051462173461914,21.772997406802187,22.051462173461914,400,0.0,0.0
2011-04-12 00:00:00-04:00,22.028888574735827,22.05146594939158,22.0213623046875,22.0213623046875,1100,0.0,0.0
2011-04-13 00:00:00-04:00,22.096619786019424,22.096619786019424,22.051462173461914,22.051462173461914,200,0.0,0.0
2011-04-14 00:00:00-04:00,21.900941289558688,22.00630618210408,21.84073257446289,21.84073257446289,3600,0.0,0.0
2011-04-15 00:00:00-04:00,21.89341939312596,22.013836847366427,21.89341939312596,21.90094566345215,2100,0.0,0.0
2011-04-18 00:00:00-04:00,21.735374954150675,22.013841270209767,21.735374954150675,21.765480041503906,1200,0.0,0.0
2011-04-19 00:00:00-04:00,21.825688780720796,21.825688780720796,21.765480041503906,21.765480041503906,2600,0.0,0.0
2011-04-20 00:00:00-04:00,21.900950013362667,21.961158752441406,21.825688730641847,21.961158752441406,2000,0.0,0.0
2011-04-21 00:00:00-04:00,21.92352294921875,21.92352294921875,21.92352294921875,21.92352294921875,100,0.0,0.0
2011-04-25 00:00:00-04:00,21.84073257446289,21.84073257446289,21.84073257446289,21.84073257446289,100,0.0,0.0
2011-04-26 00:00:00-04:00,21.712798314503942,21.712798314503942,21.306388234314703,21.411754608154297,1600,0.0,0.0
2011-04-27 00:00:00-04:00,21.487013569715508,21.72784996032715,21.103183757170676,21.72784996032715,5100,0.0,0.0
2011-04-28 00:00:00-04:00,21.697742489633917,21.82568622492374,21.26122882255502,21.502063751220703,19000,0.0,0.0
2011-04-29 00:00:00-04:00,21.291334797024938,21.712795939820104,20.854819676196684,20.99028968811035,2700,0.0,0.0
2011-05-02 00:00:00-04:00,20.63655767637173,20.63655767637173,20.395722806193497,20.531192779541016,2100,0.0,0.0
2011-05-03 00:00:00-04:00,21.09565773433022,21.42680508378606,20.50862144767555,20.74945640563965,4500,0.0,0.0
2011-05-04 00:00:00-04:00,21.24617886531299,21.24617886531299,20.553777643421423,20.74945640563965,1900,0.0,0.0
2011-05-05 00:00:00-04:00,20.73440614260133,20.922558653643044,20.73440614260133,20.772037506103516,1600,0.0,0.0
2011-05-06 00:00:00-04:00,20.568828916599696,21.28380890994362,20.523672723643188,21.012868881225586,4900,0.0,0.0
2011-05-09 00:00:00-04:00,20.56882636894011,20.892448821938366,20.56882636894011,20.719348907470703,2400,0.0,0.0
2011-05-10 00:00:00-04:00,20.68171798930754,21.1558629907911,20.68171798930754,20.997814178466797,1400,0.0,0.0
2011-05-11 00:00:00-04:00,20.930080281684454,20.930080281684454,20.6967716217041,20.6967716217041,1400,0.0,0.0
2011-05-12 00:00:00-04:00,20.621510631073566,20.741928098238333,20.508619435042778,20.516145706176758,1400,0.0,0.0
2011-05-13 00:00:00-04:00,20.621512356305594,20.930082321166992,20.621512356305594,20.930082321166992,1000,0.0,0.0
2011-05-16 00:00:00-04:00,20.696771688332845,21.09565544128418,20.50109294738442,21.09565544128418,7000,0.0,0.0
2011-05-17 00:00:00-04:00,21.080606335147422,21.18597127610506,20.884927562304906,21.07308006286621,2500,0.0,0.0
2011-05-18 00:00:00-04:00,21.073076096256223,21.38917229511964,21.073076096256223,21.261228561401367,1800,0.0,0.0
2011-05-19 00:00:00-04:00,21.020401521255064,21.09566282264441,21.020401521255064,21.080610275268555,4000,0.0,0.0
2011-05-20 00:00:00-04:00,21.088128476678037,21.238649586349155,20.915028554586033,21.22359848022461,1700,0.0,0.0
2011-05-23 00:00:00-04:00,21.050501246022577,21.148341350188662,21.050501246022577,21.07308006286621,900,0.0,0.0
2011-05-24 00:00:00-04:00,20.83976910334766,21.10318286265552,20.83976910334766,21.050498962402344,900,0.0,0.0
2011-05-25 00:00:00-04:00,21.050498962402344,21.050498962402344,21.050498962402344,21.050498962402344,0,0.0,0.0
2011-05-26 00:00:00-04:00,21.005345047824967,21.18597127610506,21.005345047824967,21.07308006286621,2600,0.0,0.0
2011-05-27 00:00:00-04:00,21.058031181668373,21.223606329680017,20.8397749895029,21.03545379638672,2500,0.0,0.0
2011-05-31 00:00:00-04:00,20.967717750949095,21.155870275101936,20.824721430655785,20.945138931274414,4100,0.0,0.0
2011-06-01 00:00:00-04:00,20.741919647632134,21.216064487472092,20.741919647632134,20.832233428955078,800,0.0,0.0
2011-06-02 00:00:00-04:00,20.832233428955078,20.832233428955078,20.832233428955078,20.832233428955078,0,0.0,0.0
2011-06-03 00:00:00-04:00,20.327984952333374,21.185959415201495,20.327984952333374,20.832233428955078,1300,0.0,0.0
2011-06-06 00:00:00-04:00,20.41830669639392,20.486041704691278,20.395729317287813,20.410781860351562,2400,0.0,0.0
2011-06-07 00:00:00-04:00,20.5612972617931,20.5612972617931,20.440879821777344,20.440879821777344,500,0.0,0.0
2011-06-08 00:00:00-04:00,20.486041070329524,20.576354890425886,20.32046740822391,20.373149871826172,1100,0.0,0.0
2011-06-09 00:00:00-04:00,20.320465451759947,20.73440028491488,20.320465451759947,20.53872299194336,7900,0.0,0.0
2011-06-10 00:00:00-04:00,20.388202414423812,20.583881161724705,20.373149871826172,20.373149871826172,1500,0.0,0.0
2011-06-13 00:00:00-04:00,20.47099068387624,20.568829343226238,19.951689429892134,20.019424438476562,4900,0.0,0.0
2011-06-14 00:00:00-04:00,20.079633428348455,20.154894709444378,20.019424690569625,20.03447723388672,4200,0.0,0.0
2011-06-15 00:00:00-04:00,19.99270914486119,20.592567047408767,19.954744078134528,20.16735076904297,10800,0.235,0.0
2011-06-16 00:00:00-04:00,20.076240200258095,20.14457849999023,19.94715690612793,19.94715690612793,1500,0.0,0.0
2011-06-17 00:00:00-04:00,20.425512460144724,20.425512460144724,19.98511112793131,20.417919158935547,1300,0.0,0.0
2011-06-20 00:00:00-04:00,20.121797162604246,20.273660362009295,20.015493791985595,20.068645477294922,1000,0.0,0.0
2011-06-21 00:00:00-04:00,20.569794734326955,20.569794734326955,20.0306816084255,20.395153045654297,900,0.0,0.0
2011-06-22 00:00:00-04:00,20.273654432330652,20.273654432330652,20.07623291015625,20.07623291015625,200,0.0,0.0
2011-06-23 00:00:00-04:00,20.42552099009632,20.42552099009632,20.17494773864746,20.17494773864746,1100,0.0,0.0
2011-06-24 00:00:00-04:00,20.136974334716797,20.136974334716797,20.136974334716797,20.136974334716797,300,0.0,0.0
2011-06-27 00:00:00-04:00,20.121797915465987,20.129391220547824,20.01549454086997,20.03067970275879,1400,0.0,0.0
2011-06-28 00:00:00-04:00,19.97752213003426,20.584973323150987,19.97752213003426,20.114198684692383,2600,0.0,0.0
2011-06-29 00:00:00-04:00,20.402742163392894,20.402742163392894,19.9471540465816,20.04586410522461,3700,0.0,0.0
2011-06-30 00:00:00-04:00,20.07623459044818,20.07623459044818,19.939558029174805,19.939558029174805,3700,0.0,0.0
2011-07-01 00:00:00-04:00,19.96993977139338,19.96993977139338,19.165068056311746,19.218219757080078,14100,0.0,0.0
2011-07-05 00:00:00-04:00,19.20303172404807,19.20303172404807,18.929678505740625,18.975236892700195,2400,0.0,0.0
2011-07-06 00:00:00-04:00,18.92967059978575,19.210615558354288,18.92967059978575,18.990415573120117,5200,0.0,0.0
2011-07-07 00:00:00-04:00,19.21061913973723,19.818070434600756,19.21061913973723,19.423227310180664,6300,0.0,0.0
2011-07-08 00:00:00-04:00,19.514347076416016,19.514347076416016,19.506753771690313,19.514347076416016,2100,0.0,0.0
2011-07-11 00:00:00-04:00,19.294140305283346,19.52193359163056,19.180243662109742,19.271360397338867,4100,0.0,0.0
2011-07-12 00:00:00-04:00,19.286550521850586,19.286550521850586,19.286550521850586,19.286550521850586,100,0.0,0.0
2011-07-13 00:00:00-04:00,19.354890573725875,19.71936051091078,19.354890573725875,19.514347076416016,4200,0.0,0.0
2011-07-14 00:00:00-04:00,19.69657425638989,19.719352713284913,19.07393799783944,19.294137954711914,2800,0.0,0.0
2011-07-15 00:00:00-04:00,19.339701861237355,19.62824161633845,19.12709514513616,19.377668380737305,3500,0.0,0.0
2011-07-18 00:00:00-04:00,19.172654332430202,19.704174041748047,18.960046159048126,19.704174041748047,3900,0.0,0.0
2011-07-19 00:00:00-04:00,19.673800659307688,19.985118888402084,18.92208092698649,19.491565704345703,3400,0.0,0.0
2011-07-20 00:00:00-04:00,19.537120787660957,19.924370544779805,19.537120787660957,19.613052368164062,3000,0.0,0.0
2011-07-21 00:00:00-04:00,19.74213767105269,20.228097519507656,18.61835479736328,18.61835479736328,15100,0.0,0.0
2011-07-22 00:00:00-04:00,18.755037952373097,19.01320457458496,18.755037952373097,19.01320457458496,1600,0.0,0.0
2011-07-25 00:00:00-04:00,18.89929873158226,19.2333968327927,18.89929873158226,18.94485855102539,1400,0.0,0.0
2011-07-26 00:00:00-04:00,19.089132804950662,19.5902793858724,19.089132804950662,19.57509422302246,33700,0.0,0.0
2011-07-27 00:00:00-04:00,18.90688826499716,19.909180920507847,18.86892320463887,19.71935272216797,6200,0.0,0.0
2011-07-28 00:00:00-04:00,19.605465276161034,19.72695526414341,19.127098629514787,19.172657012939453,6200,0.0,0.0
2011-07-29 00:00:00-04:00,19.339705384346498,19.924376856683498,19.172657012939453,19.172657012939453,3600,0.0,0.0
2011-08-01 00:00:00-04:00,19.218219757080078,19.218219757080078,19.218219757080078,19.218219757080078,100,0.0,0.0
2011-08-02 00:00:00-04:00,19.74213757966127,19.749730883292553,19.44600597941422,19.53712272644043,1600,0.0,0.0
2011-08-03 00:00:00-04:00,19.21062028073417,19.931968283642565,19.096723608768308,19.658615112304688,2600,0.0,0.0
2011-08-04 00:00:00-04:00,19.506746857626126,19.742133427592158,19.370070317557374,19.552305221557617,1900,0.0,0.0
2011-08-05 00:00:00-04:00,19.628238677978516,19.628238677978516,19.628238677978516,19.628238677978516,300,0.0,0.0
2011-08-08 00:00:00-04:00,19.590271213394676,19.590271213394676,19.370071237044456,19.453596115112305,2000,0.0,0.0
2011-08-09 00:00:00-04:00,19.408042358585767,19.5902773281177,19.362483978271484,19.362483978271484,18800,0.0,0.0
2011-08-10 00:00:00-04:00,19.294143825884294,19.294143825884294,19.286550521850586,19.286550521850586,400,0.0,0.0
2011-08-11 00:00:00-04:00,19.134682971969546,19.71935272216797,19.134682971969546,19.71935272216797,4100,0.0,0.0
2011-08-12 00:00:00-04:00,19.62065054717709,19.62065054717709,19.248587303348376,19.362483978271484,2800,0.0,0.0
2011-08-15 00:00:00-04:00,19.742132598187894,19.742132598187894,19.32451114176668,19.37006950378418,4400,0.0,0.0
2011-08-16 00:00:00-04:00,19.400447502727367,19.60546237016261,18.724659363708998,19.491565704345703,32600,0.0,0.0
2011-08-17 00:00:00-04:00,19.415635563256693,19.89400362305232,19.415635563256693,19.514347076416016,16400,0.0,0.0
2011-08-18 00:00:00-04:00,19.582682232296133,20.12938705045702,19.575088928787356,20.121793746948242,36300,0.0,0.0
2011-08-19 00:00:00-04:00,20.091423643518983,20.357183514373553,20.083831787109375,20.083831787109375,1000,0.0,0.0
2011-08-22 00:00:00-04:00,20.03826944945996,20.121794342253036,20.03826944945996,20.091421127319336,800,0.0,0.0
2011-08-23 00:00:00-04:00,20.01549039437449,20.121793746948242,20.01549039437449,20.121793746948242,1400,0.0,0.0
2011-08-24 00:00:00-04:00,20.121798690268275,20.35718536376953,20.121798690268275,20.35718536376953,1400,0.0,0.0
2011-08-25 00:00:00-04:00,20.33440469175441,20.37236976623535,20.266066399068915,20.37236976623535,1400,0.0,0.0
2011-08-26 00:00:00-04:00,20.372367443800314,20.372367443800314,19.82566261291504,19.82566261291504,900,0.0,0.0
2011-08-29 00:00:00-04:00,19.82566261291504,19.82566261291504,19.82566261291504,19.82566261291504,0,0.0,0.0
2011-08-30 00:00:00-04:00,20.03067722118493,20.501451940011233,19.962340380464266,20.47867202758789,1900,0.0,0.0
2011-08-31 00:00:00-04:00,20.28884341038416,20.34958839416504,20.205319962857107,20.34958839416504,2000,0.0,0.0
2011-09-01 00:00:00-04:00,20.00789382990203,20.311618679378054,19.893997192382812,19.893997192382812,25000,0.0,0.0
2011-09-02 00:00:00-04:00,19.894002717952386,20.17494773864746,19.894002717952386,20.17494773864746,2100,0.0,0.0
2011-09-06 00:00:00-04:00,19.7573184967041,19.7573184967041,19.7573184967041,19.7573184967041,100,0.0,0.0
2011-09-07 00:00:00-04:00,19.81047612535452,19.83325603654881,19.597867965698242,19.597867965698242,2400,0.0,0.0
2011-09-08 00:00:00-04:00,19.711768502732202,19.878818321135793,19.354891846799337,19.742141723632812,17000,0.0,0.0
2011-09-09 00:00:00-04:00,19.719361807957355,20.076239912165107,19.354891846799337,19.742141723632812,6000,0.0,0.0
2011-09-12 00:00:00-04:00,19.59027309816004,20.38755254702176,19.56749463705865,19.802881240844727,1900,0.0,0.0
2011-09-13 00:00:00-04:00,19.802881240844727,19.802881240844727,19.802881240844727,19.802881240844727,0,0.0,0.0
2011-09-14 00:00:00-04:00,19.98294448852539,19.98294448852539,19.98294448852539,19.98294448852539,0,0.235,0.0
2011-09-15 00:00:00-04:00,19.722439897598466,20.565279509245034,19.722439897598466,20.0595760345459,1000,0.0,0.0
2011-09-16 00:00:00-04:00,20.09788413230926,20.120871182809214,19.959964752197266,19.959964752197266,3400,0.0,0.0
2011-09-19 00:00:00-04:00,19.906326293945312,19.906326293945312,19.906326293945312,19.906326293945312,100,0.0,0.0
2011-09-20 00:00:00-04:00,20.113201141357422,20.113201141357422,20.113201141357422,20.113201141357422,100,0.0,0.0
2011-09-21 00:00:00-04:00,20.113201141357422,20.113201141357422,20.113201141357422,20.113201141357422,0,0.0,0.0
2011-09-22 00:00:00-04:00,20.113201141357422,20.113201141357422,20.113201141357422,20.113201141357422,0,0.0,0.0
2011-09-23 00:00:00-04:00,20.672536192613958,20.672536192613958,20.304752349853516,20.304752349853516,400,0.0,0.0
2011-09-26 00:00:00-04:00,19.875675400811815,20.067229708749437,19.85268835773968,19.921648025512695,13500,0.0,0.0
2011-09-27 00:00:00-04:00,19.929310373203407,19.94463506858483,19.913985677821984,19.921648025512695,4000,0.0,0.0
2011-09-28 00:00:00-04:00,19.91398449917149,20.036579132080078,19.852687182717194,20.036579132080078,1100,0.0,0.0
2011-09-29 00:00:00-04:00,20.53461688621802,20.57292861657416,20.304752349853516,20.304752349853516,500,0.0,0.0
2011-09-30 00:00:00-04:00,19.990603986809933,20.297090530395508,19.852684676835647,20.297090530395508,5100,0.0,0.0
2011-10-03 00:00:00-04:00,20.297090530395508,20.297090530395508,20.297090530395508,20.297090530395508,0,0.0,0.0
2011-10-04 00:00:00-04:00,20.297090530395508,20.297090530395508,20.297090530395508,20.297090530395508,0,0.0,0.0
2011-10-05 00:00:00-04:00,19.56152781769489,19.860352091267377,19.56152781769489,19.852689743041992,700,0.0,0.0
2011-10-06 00:00:00-04:00,20.5422841189252,20.5422841189252,19.85268888434643,19.913986206054688,400,0.0,0.0
2011-10-07 00:00:00-04:00,19.668796064076247,20.38137831135577,19.668796064076247,20.12852668762207,500,0.0,0.0
2011-10-10 00:00:00-04:00,20.159175492887723,20.304757179986122,19.913986206054688,19.913986206054688,1600,0.0,0.0
2011-10-11 00:00:00-04:00,19.913986206054688,19.913986206054688,19.913986206054688,19.913986206054688,0,0.0,0.0
2011-10-12 00:00:00-04:00,20.680200368509094,20.680200368509094,19.783726259056838,20.557605743408203,3200,0.0,0.0
2011-10-13 00:00:00-04:00,20.38137797652653,20.534620540895396,19.93697205540314,20.2587833404541,2600,0.0,0.0
2011-10-14 00:00:00-04:00,20.2587833404541,20.2587833404541,20.2587833404541,20.2587833404541,0,0.0,0.0
2011-10-17 00:00:00-04:00,20.243463324420436,20.496315002441406,20.243463324420436,20.496315002441406,800,0.0,0.0
2011-10-18 00:00:00-04:00,20.013596997963433,20.24346160888672,20.013596997963433,20.24346160888672,1400,0.0,0.0
2011-10-19 00:00:00-04:00,20.24346160888672,20.24346160888672,20.24346160888672,20.24346160888672,0,0.0,0.0
2011-10-20 00:00:00-04:00,20.013597677268983,20.496313961169758,20.013597677268983,20.435016632080078,1400,0.0,0.0
2011-10-21 00:00:00-04:00,20.52695816630129,20.52695816630129,19.952295303344727,19.952295303344727,2500,0.0,0.0
2011-10-24 00:00:00-04:00,20.05956163101758,20.074886322021484,20.05956163101758,20.074886322021484,500,0.0,0.0
2011-10-25 00:00:00-04:00,20.235797882080078,20.235797882080078,20.235797882080078,20.235797882080078,1200,0.0,0.0
2011-10-26 00:00:00-04:00,20.235797882080078,20.235797882080078,20.235797882080078,20.235797882080078,0,0.0,0.0
2011-10-27 00:00:00-04:00,20.235797882080078,20.235797882080078,20.235797882080078,20.235797882080078,0,0.0,0.0
2011-10-28 00:00:00-04:00,19.990605343209733,20.228132247924805,19.952295070703283,20.228132247924805,400,0.0,0.0
2011-10-31 00:00:00-04:00,19.952295303344727,19.952295303344727,19.952295303344727,19.952295303344727,400,0.0,0.0
2011-11-01 00:00:00-04:00,20.25878216666456,20.526958465576172,20.15151077023396,20.526958465576172,1700,0.0,0.0
2011-11-02 00:00:00-04:00,20.511632799245458,20.81045701051209,20.511632799245458,20.534618377685547,1900,0.0,0.0
2011-11-03 00:00:00-04:00,20.56526353293686,20.56526353293686,20.519290924072266,20.519290924072266,500,0.0,0.0
2011-11-04 00:00:00-04:00,20.450342679651108,20.841113726434166,20.450342679651108,20.818126678466797,1100,0.0,0.0
2011-11-07 00:00:00-05:00,20.779811270775536,20.779811270775536,20.21280925223755,20.335405349731445,1600,0.0,0.0
2011-11-08 00:00:00-05:00,20.335405349731445,20.335405349731445,20.335405349731445,20.335405349731445,0,0.0,0.0
2011-11-09 00:00:00-05:00,20.77215003967285,20.77215003967285,20.77215003967285,20.77215003967285,200,0.0,0.0
2011-11-10 00:00:00-05:00,20.43501268722496,20.833445980114547,20.43501268722496,20.687864303588867,500,0.0,0.0
2011-11-11 00:00:00-05:00,20.35072000533125,20.419679641723633,20.35072000533125,20.419679641723633,1100,0.0,0.0
2011-11-14 00:00:00-05:00,20.63422985124375,20.833446502685547,20.63422985124375,20.833446502685547,3200,0.0,0.0
2011-11-15 00:00:00-05:00,20.20514811287352,20.764486315520454,20.20514811287352,20.687864303588867,1100,0.0,0.0
2011-11-16 00:00:00-05:00,20.4580020904541,20.4580020904541,20.4580020904541,20.4580020904541,200,0.0,0.0
2011-11-17 00:00:00-05:00,20.4580020904541,20.4580020904541,20.4580020904541,20.4580020904541,0,0.0,0.0
2011-11-18 00:00:00-05:00,20.212805658441866,20.304752349853516,20.212805658441866,20.304752349853516,400,0.0,0.0
2011-11-21 00:00:00-05:00,20.312419920456534,20.312419920456534,20.074892976926797,20.08255386352539,1100,0.0,0.0
2011-11-22 00:00:00-05:00,20.166832087521875,20.166832087521875,20.021250441955484,20.14384651184082,700,0.0,0.0
2011-11-23 00:00:00-05:00,20.14384651184082,20.14384651184082,20.14384651184082,20.14384651184082,0,0.0,0.0
2011-11-25 00:00:00-05:00,20.14384651184082,20.14384651184082,20.14384651184082,20.14384651184082,0,0.0,0.0
2011-11-28 00:00:00-05:00,20.39670668641189,20.611246611048355,19.959961565308454,20.38138198852539,1500,0.0,0.0
2011-11-29 00:00:00-05:00,20.16683398436179,20.46565818786621,20.113199020803883,20.46565818786621,800,0.0,0.0
2011-11-30 00:00:00-05:00,20.687869283784348,21.025005340576172,20.12853094648777,21.025005340576172,9900,0.0,0.0
2011-12-01 00:00:00-05:00,20.979031245483874,21.025005340576172,20.948383310199347,21.025005340576172,4000,0.0,0.0
2011-12-02 00:00:00-05:00,20.917729074434774,20.994351087086123,20.879418798830766,20.887081146240234,1400,0.0,0.0
2011-12-05 00:00:00-05:00,20.16683663267811,20.2587833404541,20.16683663267811,20.2587833404541,600,0.0,0.0
2011-12-06 00:00:00-05:00,20.2587833404541,20.2587833404541,20.2587833404541,20.2587833404541,0,0.0,0.0
2011-12-07 00:00:00-05:00,20.457995288016857,20.917724336917278,20.32007598876953,20.32007598876953,900,0.0,0.0
2011-12-08 00:00:00-05:00,20.718514212626953,20.833446502685547,20.718514212626953,20.833446502685547,1400,0.0,0.0
2011-12-09 00:00:00-05:00,20.81811819520781,20.917725772922843,20.25111772938867,20.802793502807617,3000,0.0,0.0
2011-12-12 00:00:00-05:00,20.539960122973987,21.03471217766322,20.36215878762972,20.624996185302734,1100,0.24,0.0
2011-12-13 00:00:00-05:00,20.624996185302734,20.624996185302734,20.624996185302734,20.624996185302734,0,0.0,0.0
2011-12-14 00:00:00-05:00,21.06563168651653,21.06563168651653,20.192085039662143,20.485843658447266,3200,0.0,0.0
2011-12-15 00:00:00-05:00,20.331235885620117,20.331235885620117,20.331235885620117,20.331235885620117,100,0.0,0.0
2011-12-16 00:00:00-05:00,20.33123280387964,20.547687530517578,20.315772910494726,20.547687530517578,2300,0.0,0.0
2011-12-19 00:00:00-05:00,20.547687530517578,20.547687530517578,20.547687530517578,20.547687530517578,0,0.0,0.0
2011-12-20 00:00:00-05:00,20.980607329082066,21.150679522423804,20.33124425781621,20.94968605041504,1700,0.0,0.0
2011-12-21 00:00:00-05:00,20.67911469429295,20.926490783691406,20.67911469429295,20.926490783691406,300,0.0,0.0
2011-12-22 00:00:00-05:00,20.87236976623535,20.87236976623535,20.825987135164016,20.87236976623535,1100,0.0,0.0
2011-12-23 00:00:00-05:00,20.81052576664782,20.87236976623535,20.617263083627122,20.87236976623535,3100,0.0,0.0
2011-12-27 00:00:00-05:00,20.795071090453412,20.86464579668975,20.609539031982422,20.609539031982422,2200,0.0,0.0
2011-12-28 00:00:00-05:00,20.362160731116244,20.67911148071289,20.362160731116244,20.67911148071289,900,0.0,0.0
2011-12-29 00:00:00-05:00,20.77187815770471,20.795068740844727,20.516771421821574,20.795068740844727,700,0.0,0.0
2011-12-30 00:00:00-05:00,20.586340346594728,20.87236976623535,20.539957715523393,20.87236976623535,6300,0.0,0.0
2012-01-03 00:00:00-05:00,20.911030852128818,21.112024307250977,20.85691751314937,21.112024307250977,700,0.0,0.0
2012-01-04 00:00:00-05:00,20.570886491136815,20.856914520263672,20.570886491136815,20.856914520263672,400,0.0,0.0
2012-01-05 00:00:00-05:00,20.980603322356963,21.181596755981445,20.980603322356963,21.181596755981445,3200,0.0,0.0
2012-01-06 00:00:00-05:00,21.15840995815753,21.645431518554688,20.941955112159903,21.645431518554688,7000,0.0,0.0
2012-01-09 00:00:00-05:00,21.575847169461735,21.877336502075195,21.56811648471814,21.877336502075195,4800,0.0,0.0
2012-01-10 00:00:00-05:00,21.800038060539443,22.240676879882812,21.730463354908622,22.240676879882812,2700,0.0,0.0
2012-01-11 00:00:00-05:00,22.2947848155837,22.341167449951172,22.039678114846552,22.341167449951172,1200,0.0,0.0
2012-01-12 00:00:00-05:00,22.34117136415382,22.805002212524414,22.34117136415382,22.805002212524414,6300,0.0,0.0
2012-01-13 00:00:00-05:00,22.79727280845528,22.79727280845528,22.147909879112532,22.41847801208496,1600,0.0,0.0
2012-01-17 00:00:00-05:00,22.449398768796826,23.044646839206496,22.078333217432753,22.534433364868164,4900,0.0,0.0
2012-01-18 00:00:00-05:00,22.232935986922328,22.52669457347212,22.232935986922328,22.495773315429688,1800,0.0,0.0
2012-01-19 00:00:00-05:00,22.480321075117782,22.573087835858082,22.480321075117782,22.51124382019043,5200,0.0,0.0
2012-01-20 00:00:00-05:00,22.50350715957142,22.634925842285156,22.449393844538218,22.634925842285156,3700,0.0,0.0
2012-01-23 00:00:00-05:00,22.727690267790653,22.727690267790653,22.534427592937877,22.6503849029541,1700,0.0,0.0
2012-01-24 00:00:00-05:00,22.712227621457014,22.797263665438262,22.642654418945312,22.642654418945312,2300,0.0,0.0
2012-01-25 00:00:00-05:00,22.65038239840216,23.183787734868464,22.642653189802633,22.673574447631836,2100,0.0,0.0
2012-01-26 00:00:00-05:00,22.696773529052734,22.712233425518793,22.696773529052734,22.696773529052734,400,0.0,0.0
2012-01-27 00:00:00-05:00,22.804998271225237,23.18379298082695,22.650387523663273,23.03691291809082,1500,0.0,0.0
2012-01-30 00:00:00-05:00,23.160600662231445,23.160600662231445,23.160600662231445,23.160600662231445,500,0.0,0.0
2012-01-31 00:00:00-05:00,23.27655703110067,24.66031701631838,22.6503849029541,22.6503849029541,3800,0.0,0.0
2012-02-01 00:00:00-05:00,23.12195427312665,23.191528978018926,22.41847801208496,22.41847801208496,7000,0.0,0.0
2012-02-02 00:00:00-05:00,22.42620893673909,22.47259158233373,22.240676879882812,22.240676879882812,1800,0.0,0.0
2012-02-03 00:00:00-05:00,22.805003495051942,22.805003495051942,22.41847801208496,22.41847801208496,14400,0.0,0.0
2012-02-06 00:00:00-05:00,22.526699259502248,22.557621998454305,22.124713974466935,22.34889793395996,700,0.0,0.0
2012-02-07 00:00:00-05:00,22.325702014268916,22.959604782735905,22.325702014268916,22.882299423217773,2800,0.0,0.0
2012-02-08 00:00:00-05:00,23.833162241930637,23.833162241930637,22.263868183034088,22.325712203979492,7500,0.0,0.0
2012-02-09 00:00:00-05:00,23.03690846454214,23.176057815551758,22.5962698359964,23.176057815551758,16100,0.0,0.0
2012-02-10 00:00:00-05:00,23.292025747660507,23.438905849041387,22.735429564053973,23.152877807617188,6900,0.0,0.0
2012-02-13 00:00:00-05:00,23.12194844282605,23.12194844282605,22.44166441311095,23.11421775817871,1700,0.0,0.0
2012-02-14 00:00:00-05:00,23.01372773994882,23.01372773994882,22.727698232164606,22.93642234802246,400,0.0,0.0
2012-02-15 00:00:00-05:00,22.534435313503185,23.183798241446134,22.47259129534089,23.168336868286133,2100,0.0,0.0
2012-02-16 00:00:00-05:00,22.727694183531614,23.06010627746582,22.727694183531614,23.06010627746582,400,0.0,0.0
2012-02-17 00:00:00-05:00,22.967339368322595,24.65259040753203,22.80499940236005,24.289257049560547,4400,0.0,0.0
2012-02-21 00:00:00-05:00,24.28925098232374,24.28925098232374,22.866837697626103,23.06783103942871,9900,0.0,0.0
2012-02-22 00:00:00-05:00,22.8977674533907,23.96457700686152,22.8977674533907,23.315214157104492,3200,0.0,0.0
2012-02-23 00:00:00-05:00,23.69400636219661,23.69400636219661,23.26882901849977,23.508474349975586,3000,0.0,0.0
2012-02-24 00:00:00-05:00,23.191519328235042,23.871803246426683,22.93641267460354,23.701732635498047,2100,0.0,0.0
2012-02-27 00:00:00-05:00,23.585777334163602,23.825422641360465,23.462089338547337,23.469820022583008,1400,0.0,0.0
2012-02-28 00:00:00-05:00,23.19151980480418,23.454357147216797,23.19151980480418,23.454357147216797,800,0.0,0.0
2012-02-29 00:00:00-05:00,22.820462539827634,23.82542810321205,22.820462539827634,23.539400100708008,800,0.0,0.0
2012-03-01 00:00:00-05:00,23.346132405182097,23.346132405182097,23.206983039240228,23.28428840637207,500,0.0,0.0
2012-03-02 00:00:00-05:00,23.191522269578783,23.578047640738433,23.1142169004514,23.261096954345703,2000,0.0,0.0
2012-03-05 00:00:00-05:00,23.152878906683238,23.40798568725586,23.152878906683238,23.40798568725586,1600,0.0,0.0
2012-03-06 00:00:00-05:00,23.183791457647857,23.562586142362694,23.03691140456177,23.322940826416016,700,0.0,0.0
2012-03-07 00:00:00-05:00,22.936412176437173,23.361589431762695,22.936412176437173,23.361589431762695,400,0.0,0.0
2012-03-08 00:00:00-05:00,22.959609748211818,23.825425833529092,22.959609748211818,23.608972549438477,1600,0.0,0.0
2012-03-09 00:00:00-05:00,23.199249507739985,23.369320114974784,23.199249507739985,23.361589431762695,600,0.0,0.0
2012-03-12 00:00:00-04:00,23.19152477837054,23.19152477837054,22.820460735791194,22.89776611328125,900,0.0,0.0
2012-03-13 00:00:00-04:00,23.013727560119246,23.168336868286133,23.013727560119246,23.168336868286133,1100,0.0,0.0
2012-03-14 00:00:00-04:00,23.1915225982666,23.1915225982666,23.1915225982666,23.1915225982666,1700,0.0,0.0
2012-03-15 00:00:00-04:00,23.433098949898103,24.056527821438756,23.183727995829095,23.417512893676758,3200,0.24,0.0
2012-03-16 00:00:00-04:00,23.1681492145799,23.49544906616211,23.1681492145799,23.49544906616211,1800,0.0,0.0
2012-03-19 00:00:00-04:00,23.487650254733765,23.69026454026108,23.168143512347523,23.1915225982666,2400,0.0,0.0
2012-03-20 00:00:00-04:00,23.643515818925582,23.768201346423552,23.448694496413914,23.666894912719727,1600,0.0,0.0
2012-03-21 00:00:00-04:00,22.80187946842973,24.06432034658665,22.80187946842973,24.03314971923828,1800,0.0,0.0
2012-03-22 00:00:00-04:00,23.542201212683995,24.009772551191833,23.542201212683995,23.77598762512207,800,0.0,0.0
2012-03-23 00:00:00-04:00,23.86170522958748,23.86170522958748,23.58116217892649,23.768190383911133,1900,0.0,0.0
2012-03-26 00:00:00-04:00,23.565582811584335,23.9630184173584,23.347382433992163,23.9630184173584,2800,0.0,0.0
2012-03-27 00:00:00-04:00,23.963015254173133,24.150043487548828,23.70585124748552,24.150043487548828,4100,0.0,0.0
2012-03-28 00:00:00-04:00,24.11107752761743,24.142248153686523,23.963012966276867,24.142248153686523,800,0.0,0.0
2012-03-29 00:00:00-04:00,23.00449931914555,24.150048021002505,23.00449931914555,24.12666893005371,2600,0.0,0.0
2012-03-30 00:00:00-04:00,23.394139500078666,24.235767364501953,23.394139500078666,24.235767364501953,1700,0.0,0.0
2012-04-02 00:00:00-04:00,23.82274545855573,24.235767099931586,23.46427502316295,24.06432342529297,2700,0.0,0.0
2012-04-03 00:00:00-04:00,24.06432413448688,24.73450982120316,24.06432413448688,24.29031753540039,5300,0.0,0.0
2012-04-04 00:00:00-04:00,24.290315434013703,24.52410035798957,24.1578369140625,24.1578369140625,1600,0.0,0.0
2012-04-05 00:00:00-04:00,23.900675268941992,24.53189581525262,23.40193325569591,23.955224990844727,4000,0.0,0.0
2012-04-09 00:00:00-04:00,21.79660382928853,23.7526096191864,21.79660382928853,23.45648193359375,1800,0.0,0.0
2012-04-10 00:00:00-04:00,23.78377905618743,23.78377905618743,23.378550490949273,23.48764991760254,800,0.0,0.0
2012-04-11 00:00:00-04:00,23.65130252828408,23.783781051635742,22.622646458197455,23.783781051635742,2000,0.0,0.0
2012-04-12 00:00:00-04:00,23.347380648267485,23.752609252929688,23.347380648267485,23.752609252929688,1400,0.0,0.0
2012-04-13 00:00:00-04:00,23.729229630446277,23.916257858276367,23.729229630446277,23.916257858276367,1000,0.0,0.0
2012-04-16 00:00:00-04:00,23.557787979884594,24.07211602181418,23.1681454337944,23.752609252929688,4000,0.0,0.0
2012-04-17 00:00:00-04:00,23.783781370073715,24.344866101350984,23.386345794697515,23.752609252929688,5500,0.0,0.0
2012-04-18 00:00:00-04:00,23.643508892220957,24.1578369140625,23.113594812416142,24.1578369140625,1400,0.0,0.0
2012-04-19 00:00:00-04:00,23.752605087621312,24.001976035569864,23.752605087621312,23.994184494018555,3000,0.0,0.0
2012-04-20 00:00:00-04:00,23.77599177922943,24.578656075347716,23.77599177922943,24.04094886779785,2700,0.0,0.0
2012-04-23 00:00:00-04:00,23.892880224742175,23.916259312030125,23.79936684832702,23.861709594726562,1900,0.0,0.0
2012-04-24 00:00:00-04:00,23.752603815812762,24.321481446156454,23.752603815812762,23.931838989257812,1500,0.0,0.0
2012-04-25 00:00:00-04:00,23.931846824589876,24.84361053170058,23.931846824589876,24.360454559326172,2800,0.0,0.0
2012-04-26 00:00:00-04:00,24.391629644036065,24.8202374569826,24.391629644036065,24.5942440032959,3000,0.0,0.0
2012-04-27 00:00:00-04:00,24.53189524036441,24.82023138899562,24.157838739195604,24.36824607849121,2800,0.0,0.0
2012-04-30 00:00:00-04:00,24.640995269530002,24.82023048400879,24.602030123098732,24.82023048400879,17000,0.0,0.0
2012-05-01 00:00:00-04:00,24.71892649613848,24.851405042204487,24.508520617631305,24.609827041625977,2700,0.0,0.0
2012-05-02 00:00:00-04:00,24.64099363231581,24.843606434822863,24.516306658388633,24.742300033569336,3300,0.0,0.0
2012-05-03 00:00:00-04:00,24.781274465611197,24.851410268653233,24.555282478540448,24.81244659423828,3800,0.0,0.0
2012-05-04 00:00:00-04:00,24.812435466087102,24.812435466087102,24.492928722799864,24.78126335144043,5200,0.0,0.0
2012-05-07 00:00:00-04:00,24.274739266372297,24.851410268653233,24.274739266372297,24.81244659423828,2600,0.0,0.0
2012-05-08 00:00:00-04:00,24.85139983324569,26.028121926526737,24.789057088538907,25.01504898071289,6400,0.0,0.0
2012-05-09 00:00:00-04:00,24.882571578665186,25.84888336406269,24.54747877346249,24.742300033569336,2700,0.0,0.0
2012-05-10 00:00:00-04:00,25.1241526373711,25.326765452990877,25.085186004638672,25.085186004638672,1800,0.0,0.0
2012-05-11 00:00:00-04:00,25.015045028019333,25.326760188666587,25.015045028019333,25.124147415161133,2100,0.0,0.0
2012-05-14 00:00:00-04:00,25.022839542040362,25.318968647381645,25.022839542040362,25.124147415161133,3800,0.0,0.0
2012-05-15 00:00:00-04:00,25.124152623244157,26.17618630622063,25.03063627202296,25.59172248840332,3100,0.0,0.0
2012-05-16 00:00:00-04:00,25.482621092837263,26.26969766566725,24.563064518994427,25.287799835205078,3600,0.0,0.0
2012-05-17 00:00:00-04:00,25.178702510576517,26.199564083324073,24.781265447063404,24.91374397277832,3600,0.0,0.0
2012-05-18 00:00:00-04:00,25.794333588322512,25.942399648206482,24.570857801919207,24.69554328918457,1900,0.0,0.0
2012-05-21 00:00:00-04:00,24.69555135690112,25.654070424409216,24.69555135690112,25.100778579711914,9000,0.0,0.0
2012-05-22 00:00:00-04:00,25.100779748080516,25.872273532239124,25.100779748080516,25.474836349487305,3200,0.0,0.0
2012-05-23 00:00:00-04:00,25.396903638650805,25.77875467739068,24.93712527252907,25.131946563720703,2400,0.0,0.0
2012-05-24 00:00:00-04:00,25.1241527543764,25.911229391807602,25.1241527543764,25.677444458007812,3500,0.0,0.0
2012-05-25 00:00:00-04:00,25.66185587107265,25.911226838921554,25.52158433006559,25.54496192932129,2800,0.0,0.0
2012-05-29 00:00:00-04:00,25.576143998488927,25.576143998488927,23.643516759055228,24.50852394104004,11600,0.0,0.0
2012-05-30 00:00:00-04:00,23.378557932929446,24.54748582957592,23.378557932929446,24.001985549926758,700,0.0,0.0
2012-05-31 00:00:00-04:00,24.422790839685902,26.57361602783203,23.89287682745322,26.57361602783203,12400,0.0,0.0
2012-06-01 00:00:00-04:00,26.16060796406371,26.54245907900666,23.768202268615518,26.19178009033203,6900,0.0,0.0
2012-06-04 00:00:00-04:00,25.9112265388239,28.05426031271159,25.802127113245625,27.321733474731445,12200,0.0,0.0
2012-06-05 00:00:00-04:00,27.345111508288664,28.05426075855376,27.345111508288664,27.384075164794922,3500,0.0,0.0
2012-06-06 00:00:00-04:00,27.384075164794922,27.430833336244298,27.204839966676982,27.384075164794922,6900,0.0,0.0
2012-06-07 00:00:00-04:00,27.430833477692236,28.054260903216424,27.28276742037393,27.469797134399414,3700,0.0,0.0
2012-06-08 00:00:00-04:00,27.446427623690045,27.843861795609847,26.924304957181867,27.516563415527344,5100,0.0,0.0
2012-06-11 00:00:00-04:00,27.274981910050954,27.594488722087778,26.503488256590895,27.12691879272461,8500,0.0,0.0
2012-06-12 00:00:00-04:00,27.765930160730285,27.820479882299082,25.84888647153796,26.347631454467773,6500,0.0,0.0
2012-06-13 00:00:00-04:00,26.614481177518375,27.195276247748655,25.562773451201654,26.010141372680664,8400,0.24,0.0
2012-06-14 00:00:00-04:00,26.28484290848455,27.462127542306398,25.586318177465614,26.02583885192871,26800,0.0,0.0
2012-06-15 00:00:00-04:00,25.923799922929256,26.64586920037644,25.923799922929256,25.931650161743164,24100,0.0,0.0
2012-06-18 00:00:00-04:00,25.91596164624638,26.842092543506993,25.91596164624638,26.795000076293945,13600,0.0,0.0
2012-06-19 00:00:00-04:00,26.771448135375977,27.305150644209373,26.441806941572246,26.771448135375977,13700,0.0,0.0
2012-06-20 00:00:00-04:00,26.865633301501568,27.179577048449154,25.978744761265684,26.559539794921875,12800,0.0,0.0
2012-06-21 00:00:00-04:00,26.70866368684422,27.469975391484937,26.60663450534844,27.37579345703125,21200,0.0,0.0
2012-06-22 00:00:00-04:00,27.061847394846442,27.41503336166511,26.104321661246825,26.559539794921875,419200,0.0,0.0
2012-06-25 00:00:00-04:00,26.229901067853945,27.234519357697565,23.883181963822214,25.96305274963379,14400,0.0,0.0
2012-06-26 00:00:00-04:00,26.15141745014072,27.101093064250882,26.033687781552917,26.598785400390625,16900,0.0,0.0
2012-06-27 00:00:00-04:00,26.276986397887573,27.234511963005335,26.276986397887573,26.68511199951172,25500,0.0,0.0
2012-06-28 00:00:00-04:00,26.481047321456916,27.07753666690923,26.481047321456916,26.661563873291016,15300,0.0,0.0
2012-06-29 00:00:00-04:00,26.677274681324853,26.904880798818308,26.159269493046217,26.316238403320312,18400,0.0,0.0
2012-07-02 00:00:00-04:00,26.630172302561252,26.842083845365458,26.174954248984303,26.68511199951172,10100,0.0,0.0
2012-07-03 00:00:00-04:00,26.842097300702402,26.842097300702402,26.331939294444304,26.653730392456055,6800,0.0,0.0
2012-07-05 00:00:00-04:00,26.771454998295425,27.265915418762454,26.661575570189388,27.116790771484375,11700,0.0,0.0
2012-07-06 00:00:00-04:00,27.116792871233194,27.116792871233194,26.143572437799957,26.276996612548828,8800,0.0,0.0
2012-07-09 00:00:00-04:00,26.143559996088584,26.72435188293457,26.143559996088584,26.72435188293457,8000,0.0,0.0
2012-07-10 00:00:00-04:00,26.677267117471413,26.677267117471413,26.300533456457423,26.567384719848633,4600,0.0,0.0
2012-07-11 00:00:00-04:00,26.740053601870873,26.834235518498637,26.661569170345928,26.7008113861084,4800,0.0,0.0
2012-07-12 00:00:00-04:00,26.716506967480253,26.74005169646219,26.44965572772558,26.68511199951172,7000,0.0,0.0
2012-07-13 00:00:00-04:00,26.669414515527453,26.76359642544412,26.488897940691782,26.68511199951172,6200,0.0,0.0
2012-07-16 00:00:00-04:00,26.496744135314056,26.677263696982568,26.379017501082338,26.575231552124023,12500,0.0,0.0
2012-07-17 00:00:00-04:00,26.61447962388653,26.865633425003374,26.14356699528982,26.857786178588867,20100,0.0,0.0
2012-07-18 00:00:00-04:00,26.70081033613041,26.92056913094982,26.47320130207372,26.590930938720703,15900,0.0,0.0
2012-07-19 00:00:00-04:00,26.457507179663498,27.234516293495812,26.143566432026045,26.6458740234375,44600,0.0,0.0
2012-07-20 00:00:00-04:00,26.426110345465688,26.959812872248108,26.426110345465688,26.567384719848633,4900,0.0,0.0
2012-07-23 00:00:00-04:00,26.638029902564703,26.68512237282377,26.276996612548828,26.276996612548828,9000,0.0,0.0
2012-07-24 00:00:00-04:00,26.41825993414283,26.66941368206427,26.276985576688418,26.284835815429688,20300,0.0,0.0
2012-07-25 00:00:00-04:00,26.292690294228773,26.64587628503873,26.237750583879407,26.261295318603516,3400,0.0,0.0
2012-07-26 00:00:00-04:00,26.68511199951172,26.81853612239459,26.567382366624184,26.68511199951172,9200,0.0,0.0
2012-07-27 00:00:00-04:00,26.716516484423003,26.842093407041148,26.59093956180486,26.732213973999023,18800,0.0,0.0
2012-07-30 00:00:00-04:00,26.48890215981794,26.63802379043702,26.14356643912613,26.630176544189453,5000,0.0,0.0
2012-07-31 00:00:00-04:00,26.4339571958549,26.763595364490303,26.41041246780632,26.575231552124023,6000,0.0,0.0
2012-08-01 00:00:00-04:00,26.64586917020437,26.64586917020437,26.47319984436035,26.47319984436035,10000,0.0,0.0
2012-08-02 00:00:00-04:00,26.41041567349126,26.63802172489484,26.237746329539625,26.347625732421875,9900,0.0,0.0
2012-08-03 00:00:00-04:00,26.59093431775121,26.66941875616322,26.339780522045483,26.6458740234375,7900,0.0,0.0
2012-08-06 00:00:00-04:00,26.54384336170819,26.84208963374693,26.54384336170819,26.62232780456543,11100,0.0,0.0
2012-08-07 00:00:00-04:00,26.59093582381628,26.763602196900116,26.56738809576745,26.62232780456543,8500,0.0,0.0
2012-08-08 00:00:00-04:00,26.57523922474865,26.583086471700845,26.402569851903603,26.49675178527832,3200,0.0,0.0
2012-08-09 00:00:00-04:00,26.41041205807388,26.78714267095064,26.41041205807388,26.583078384399414,10600,0.0,0.0
2012-08-10 00:00:00-04:00,26.512454073957482,26.85779288218035,26.512454073957482,26.638031005859375,6700,0.0,0.0
2012-08-13 00:00:00-04:00,26.559535969749636,26.60662842320624,26.559535969749636,26.590930938720703,2000,0.0,0.0
2012-08-14 00:00:00-04:00,26.606630325317383,26.66941727375913,26.2612916299254,26.606630325317383,1700,0.0,0.0
2012-08-15 00:00:00-04:00,26.449656572339933,26.590930938720703,26.214200293034988,26.590930938720703,5300,0.0,0.0
2012-08-16 00:00:00-04:00,26.512443516293036,26.732205305101477,26.418261603368865,26.590930938720703,2700,0.0,0.0
2012-08-17 00:00:00-04:00,26.488902336711522,26.842088299998895,26.488902336711522,26.818540573120117,7000,0.0,0.0
2012-08-20 00:00:00-04:00,26.802841632399257,26.802841632399257,26.59093008959505,26.68511199951172,1700,0.0,0.0
2012-08-21 00:00:00-04:00,26.677265606396624,26.70081033613041,26.512443516293036,26.590930938720703,2700,0.0,0.0
2012-08-22 00:00:00-04:00,26.638023631600845,26.638023631600845,26.339780372141032,26.39472007751465,1500,0.0,0.0
2012-08-23 00:00:00-04:00,26.371171951293945,26.371171951293945,26.371171951293945,26.371171951293945,400,0.0,0.0
2012-08-24 00:00:00-04:00,26.363329507476973,26.5516963816367,26.331934529452035,26.528148651123047,3400,0.0,0.0
2012-08-27 00:00:00-04:00,26.512439291436525,26.661563873291016,26.48889456545468,26.661563873291016,1500,0.0,0.0
2012-08-28 00:00:00-04:00,26.496744572797677,26.763595806379858,26.292683273700177,26.47319984436035,7800,0.0,0.0
2012-08-29 00:00:00-04:00,26.379024489070595,26.669420523223362,26.135717923489317,26.410419464111328,7600,0.0,0.0
2012-08-30 00:00:00-04:00,26.40256922335634,26.410419464111328,26.35547975478485,26.410419464111328,2600,0.0,0.0
2012-08-31 00:00:00-04:00,26.51244966156617,26.53599739074707,26.410420479744584,26.53599739074707,900,0.0,0.0
2012-09-04 00:00:00-04:00,26.661568985126273,26.661568985126273,26.355475512720627,26.48105239868164,3400,0.0,0.0
2012-09-05 00:00:00-04:00,26.481052860199732,26.669416695429533,26.324081001515445,26.347625732421875,8800,0.0,0.0
2012-09-06 00:00:00-04:00,26.379020426473485,26.779295817633344,26.34762545626785,26.7008113861084,10600,0.0,0.0
2012-09-07 00:00:00-04:00,26.700812421043327,26.82638931274414,26.51244558649747,26.82638931274414,9500,0.0,0.0
2012-09-10 00:00:00-04:00,26.795000076293945,26.818544812905518,26.60663619542156,26.795000076293945,5300,0.0,0.0
2012-09-11 00:00:00-04:00,26.849929609435716,26.849929609435716,26.543836173597647,26.583078384399414,5000,0.0,0.0
2012-09-12 00:00:00-04:00,26.749075780676492,26.962499618530273,26.749075780676492,26.962499618530273,1900,0.24,0.0
2012-09-13 00:00:00-04:00,26.598889975678073,26.970402864959507,26.519842434608872,26.962499618530273,9000,0.0,0.0
2012-09-14 00:00:00-04:00,26.875553935907476,26.88345718383789,26.662130057514908,26.88345718383789,4900,0.0,0.0
2012-09-17 00:00:00-04:00,26.946691180751728,26.946691180751728,26.709554578834815,26.74907684326172,3200,0.0,0.0
2012-09-18 00:00:00-04:00,26.733275248217605,26.891367368080402,26.717465734695686,26.84393882751465,4900,0.0,0.0
2012-09-19 00:00:00-04:00,26.875552628733963,26.922981160077466,26.598893734286374,26.859743118286133,5200,0.0,0.0
2012-09-20 00:00:00-04:00,26.70956069811414,26.859746543486814,26.638419399704727,26.7016544342041,2800,0.0,0.0
2012-09-21 00:00:00-04:00,26.78860009319705,26.81231284965445,26.543560235522342,26.575176239013672,14100,0.0,0.0
2012-09-24 00:00:00-04:00,26.48822794615671,26.87555342521791,26.48822794615671,26.654226303100586,5200,0.0,0.0
2012-09-25 00:00:00-04:00,26.741177105462643,26.907172447050637,26.551465989822162,26.654226303100586,17800,0.0,0.0
2012-09-26 00:00:00-04:00,26.701658638082364,26.812322227396155,26.670042623533178,26.756990432739258,2300,0.0,0.0
2012-09-27 00:00:00-04:00,26.796509395179537,27.01783652150252,26.61470152386458,26.88345718383789,4000,0.0,0.0
2012-09-28 00:00:00-04:00,26.780703983091804,26.875558049555146,26.551470558395355,26.86765480041504,5200,0.0,0.0
2012-10-01 00:00:00-04:00,26.828127518559036,26.883459304504555,26.57518134984917,26.7016544342041,8800,0.0,0.0
2012-10-02 00:00:00-04:00,26.78860604015835,26.812318801879883,26.717464739637478,26.812318801879883,2300,0.0,0.0
2012-10-03 00:00:00-04:00,26.749074454848426,26.86764425289758,26.646314164229505,26.83602523803711,3300,0.0,0.0
2012-10-04 00:00:00-04:00,26.86765531728698,26.86765531728698,26.48823301342159,26.780704498291016,9400,0.0,0.0
2012-10-05 00:00:00-04:00,26.717464447021484,26.867653310563014,26.614704121759843,26.717464447021484,11500,0.0,0.0
2012-10-08 00:00:00-04:00,26.780699079210887,26.859743617563563,26.764889568469183,26.77279281616211,5700,0.0,0.0
2012-10-09 00:00:00-04:00,26.7727982336424,26.85184580334622,26.60680286029908,26.780704498291016,5400,0.0,0.0
2012-10-10 00:00:00-04:00,26.851847107969427,26.851847107969427,26.756990019716124,26.804418563842773,1800,0.0,0.0
2012-10-11 00:00:00-04:00,26.851840666521305,26.851840666521305,26.575178748518766,26.654226303100586,20800,0.0,0.0
2012-10-12 00:00:00-04:00,26.685842913308125,26.796509492226352,26.306423688799207,26.322233200073242,13700,0.0,0.0
2012-10-15 00:00:00-04:00,26.48032469837647,26.741177105462643,26.464515187460105,26.654226303100586,3600,0.0,0.0
2012-10-16 00:00:00-04:00,26.709562421674104,26.71746567073795,26.535660788705684,26.567279815673828,11800,0.0,0.0
2012-10-17 00:00:00-04:00,26.77279412346556,26.77279412346556,26.306424087558092,26.48032569885254,3100,0.0,0.0
2012-10-18 00:00:00-04:00,26.48033051041194,26.701657681107257,26.48033051041194,26.51194953918457,3800,0.0,0.0
2012-10-19 00:00:00-04:00,26.40128015749696,26.67003581234654,26.40128015749696,26.55146598815918,7500,0.0,0.0
2012-10-22 00:00:00-04:00,26.598894818007757,26.598894818007757,26.33013916015625,26.33013916015625,26600,0.0,0.0
2012-10-23 00:00:00-04:00,26.30642599197604,26.39337680391795,26.187859170073985,26.377567291259766,6200,0.0,0.0
2012-10-24 00:00:00-04:00,26.48032529745761,26.52775383127971,26.07719331371562,26.322233200073242,7600,0.0,0.0
2012-10-25 00:00:00-04:00,26.2115687539329,26.796508589952595,26.2115687539329,26.77279281616211,5000,0.0,0.0
2012-10-26 00:00:00-04:00,26.749074454848426,27.152206340576154,26.749074454848426,26.83602523803711,40300,0.0,0.0
2012-10-31 00:00:00-04:00,26.693762032299023,27.16013228574036,26.67795251341115,26.891376495361328,3500,0.0,0.0
2012-11-01 00:00:00-04:00,26.417087156688787,26.922982469557805,26.417087156688787,26.88345718383789,3500,0.0,0.0
2012-11-02 00:00:00-04:00,26.764891868272574,27.38144776339808,26.496136193282155,26.93088722229004,16900,0.0,0.0
2012-11-05 00:00:00-05:00,27.017840656928364,27.017840656928364,26.709562679405195,26.86765480041504,1600,0.0,0.0
2012-11-06 00:00:00-05:00,26.764895303352684,27.25497817993164,26.764895303352684,27.25497817993164,96000,0.0,0.0
2012-11-07 00:00:00-05:00,27.08107815705547,27.373549662876158,27.033652627192303,27.160125732421875,6100,0.0,0.0
2012-11-08 00:00:00-05:00,27.19965457528134,27.397269038343644,26.875566976473454,26.891376495361328,5700,0.0,0.0
2012-11-09 00:00:00-05:00,26.922982473203227,27.563251093111674,26.922982473203227,27.507919311523438,7000,0.0,0.0
2012-11-12 00:00:00-05:00,27.365640231629644,27.618586412824516,27.357736982685697,27.413068771362305,1600,0.0,0.0
2012-11-13 00:00:00-05:00,27.37355262837619,27.444693946234676,26.89137292015278,27.365646362304688,7900,0.0,0.0
2012-11-14 00:00:00-05:00,27.460498238907917,27.460498238907917,27.27078708892379,27.278690338134766,1500,0.0,0.0
2012-11-15 00:00:00-05:00,27.286594288473875,27.4288768850556,27.27078477603633,27.32611656188965,4000,0.0,0.0
2012-11-16 00:00:00-05:00,27.31030892515047,27.57906462433478,27.31030892515047,27.531639099121094,6700,0.0,0.0
2012-11-19 00:00:00-05:00,27.666005583329706,27.666005583329706,27.278680178406756,27.650196075439453,7900,0.0,0.0
2012-11-20 00:00:00-05:00,27.650202702558083,27.650202702558083,27.59487091935809,27.61858367919922,1000,0.0,0.0
2012-11-21 00:00:00-05:00,27.658104072775146,27.832002639770508,27.634388301773804,27.832002639770508,800,0.0,0.0
2012-11-23 00:00:00-05:00,28.013816565864694,28.013816565864694,27.658113054246748,27.81620216369629,2700,0.0,0.0
2012-11-26 00:00:00-05:00,27.832005146697753,27.887336925092317,27.579059012506658,27.808292388916016,6700,0.0,0.0
2012-11-27 00:00:00-05:00,28.005906744712544,28.02961950249428,27.808292388916016,27.808292388916016,2500,0.0,0.0
2012-11-28 00:00:00-05:00,27.460496085362685,27.666013717651367,27.231262676588088,27.666013717651367,1800,0.0,0.0
2012-11-29 00:00:00-05:00,27.824112706380387,27.934776306152344,27.586975990389483,27.934776306152344,2100,0.0,0.0
2012-11-30 00:00:00-05:00,27.855731739274358,27.934776306152344,27.428883841276566,27.934776306152344,4400,0.0,0.0
2012-12-03 00:00:00-05:00,27.97429217932696,27.982198443417214,27.1838346302514,27.68182373046875,6500,0.0,0.0
2012-12-04 00:00:00-05:00,27.689728098080195,27.863629730817777,27.5711612701416,27.5711612701416,1100,0.0,0.0
2012-12-05 00:00:00-05:00,27.64230085410818,27.99800433116087,27.373545172661043,27.705535888671875,6300,0.0,0.0
2012-12-06 00:00:00-05:00,27.66601588731399,27.66601588731399,27.278690338134766,27.278690338134766,7700,0.0,0.0
2012-12-07 00:00:00-05:00,27.24707218912663,27.666013717651367,26.94669748160668,27.666013717651367,5900,0.0,0.0
2012-12-10 00:00:00-05:00,27.666018309244507,27.78458816528395,27.586973748789344,27.776681900024414,10000,0.0,0.0
2012-12-11 00:00:00-05:00,27.844338269294703,28.584625388412437,27.844338269294703,28.50502586364746,4200,0.245,0.0
2012-12-12 00:00:00-05:00,28.433386352452512,28.48910662959341,27.350815762525304,27.764739990234375,3400,0.0,0.0
2012-12-13 00:00:00-05:00,27.78065414829481,28.24233677278337,27.78065414829481,28.0433349609375,2800,0.0,0.0
2012-12-14 00:00:00-05:00,28.226422150066973,28.226422150066973,27.93985899540196,28.059261322021484,4000,0.0,0.0
2012-12-17 00:00:00-05:00,28.170696529920694,28.560741424560547,27.876174693066147,28.560741424560547,5500,0.0,0.0
2012-12-18 00:00:00-05:00,28.361738081525363,28.54481937763049,27.860252683003857,28.53685760498047,5000,0.0,0.0
2012-12-19 00:00:00-05:00,28.53686669496917,28.616469264192748,27.82046179112217,28.28214454650879,3800,0.0,0.0
2012-12-20 00:00:00-05:00,28.449312457233567,28.84731625019889,28.4333919411316,28.783634185791016,6000,0.0,0.0
2012-12-21 00:00:00-05:00,28.887110168958085,28.910989420008537,27.86821860058008,27.93985939025879,30700,0.0,0.0
2012-12-24 00:00:00-05:00,27.93986420278139,28.457270332529436,27.93986420278139,28.369709014892578,3500,0.0,0.0
2012-12-26 00:00:00-05:00,28.7836273647994,28.7836273647994,28.345823903591484,28.520946502685547,1300,0.0,0.0
2012-12-27 00:00:00-05:00,28.441346549301276,28.489108090668957,27.3985756700633,28.170703887939453,2000,0.0,0.0
2012-12-28 00:00:00-05:00,28.18662285045943,28.497065260945156,28.18662285045943,28.313983917236328,3400,0.0,0.0
2012-12-31 00:00:00-05:00,28.345818090825947,28.76770095319079,27.9239352284611,28.696060180664062,3300,0.0,0.0
2013-01-02 00:00:00-05:00,28.910996466204494,31.10797919411589,28.79955588543892,30.50301170349121,16500,0.0,0.0
2013-01-03 00:00:00-05:00,30.646282707220713,31.020407130140374,30.646282707220713,30.709964752197266,6700,0.0,0.0
2013-01-04 00:00:00-05:00,30.8532523215822,31.115936279296875,30.630371171905214,31.115936279296875,2400,0.0,0.0
2013-01-07 00:00:00-05:00,30.924881383557373,31.880090719763672,30.08111561640534,31.689050674438477,4800,0.0,0.0
2013-01-08 00:00:00-05:00,31.776611057496716,32.524859888752935,31.673132291217133,32.270137786865234,5000,0.0,0.0
2013-01-09 00:00:00-05:00,32.190533962719655,32.23829549363767,31.80845082495606,32.18257522583008,1800,0.0,0.0
2013-01-10 00:00:00-05:00,32.3497403676588,32.3497403676588,31.251249301441145,32.174617767333984,3800,0.0,0.0
2013-01-11 00:00:00-05:00,32.10296785325932,32.445248113217474,32.10296785325932,32.246246337890625,3300,0.0,0.0
2013-01-14 00:00:00-05:00,32.190533206536394,32.63629837505261,31.8402910976123,32.61241912841797,3700,0.0,0.0
2013-01-15 00:00:00-05:00,32.41343382103483,32.63631500056916,32.18259086421522,32.437313079833984,2700,0.0,0.0
2013-01-16 00:00:00-05:00,32.30994060481969,32.63630351854403,31.896016390932928,32.174617767333984,2300,0.0,0.0
2013-01-17 00:00:00-05:00,32.19850607047346,32.56466881545356,32.19850607047346,32.485069274902344,1500,0.0,0.0
2013-01-18 00:00:00-05:00,32.37362445623612,32.59650862719386,31.943782702196458,32.30198669433594,4500,0.0,0.0
2013-01-22 00:00:00-05:00,32.02338000208823,32.31790191436598,31.808457621822573,32.1587028503418,3300,0.0,0.0
2013-01-23 00:00:00-05:00,32.23829549944284,32.29401576726047,31.919891366319085,32.08705520629883,1400,0.0,0.0
2013-01-24 00:00:00-05:00,31.625382511430153,32.278108519657344,31.625382511430153,32.16666793823242,1700,0.0,0.0
2013-01-25 00:00:00-05:00,32.35770421147578,32.45322425570378,31.378612371160802,32.09502029418945,3400,0.0,0.0
2013-01-28 00:00:00-05:00,32.42137934432808,32.45322036743164,31.911935120779454,32.45322036743164,2000,0.0,0.0
2013-01-29 00:00:00-05:00,31.896018158257128,32.46118271685858,31.88009764493389,32.230342864990234,2000,0.0,0.0
2013-01-30 00:00:00-05:00,32.278097024595425,32.57261889012133,32.09501570080759,32.42934036254883,1500,0.0,0.0
2013-01-31 00:00:00-05:00,32.55671580285796,32.771635207456924,31.93582773853622,31.999509811401367,4700,0.0,0.0
2013-02-01 00:00:00-05:00,32.07909165409022,32.62037682847014,31.919889596356118,32.38953399658203,2100,0.0,0.0
2013-02-04 00:00:00-05:00,31.91988540004959,32.2303307382558,31.91988540004959,31.959688186645508,3000,0.0,0.0
2013-02-05 00:00:00-05:00,31.983572391171332,32.126853942871094,31.9278521251244,32.126853942871094,700,0.0,0.0
2013-02-06 00:00:00-05:00,32.11093015740061,32.38157272338867,32.11093015740061,32.38157272338867,300,0.0,0.0
2013-02-07 00:00:00-05:00,32.36566056868726,33.12982693934381,31.673134985062724,31.744775772094727,4300,0.0,0.0
2013-02-08 00:00:00-05:00,31.816411716830864,32.22237409054198,31.251244244470794,31.689050674438477,1700,0.0,0.0
2013-02-11 00:00:00-05:00,31.466164290689743,31.92784993370641,31.466164290689743,31.641286849975586,1700,0.0,0.0
2013-02-12 00:00:00-05:00,31.74477182597519,32.08705520629883,31.330847667525045,32.08705520629883,600,0.0,0.0
2013-02-13 00:00:00-05:00,32.07909869205515,32.540784457122506,31.40249359390042,31.832338333129883,3500,0.0,0.0
2013-02-14 00:00:00-05:00,31.872129346743154,32.22237142521973,31.872129346743154,32.214412689208984,1100,0.0,0.0
2013-02-15 00:00:00-05:00,32.30992451225226,32.524846768370104,31.95968252257453,32.15072250366211,4100,0.0,0.0
2013-02-19 00:00:00-05:00,32.421375048479355,33.20146179199219,31.33880469861611,33.20146179199219,5700,0.0,0.0
2013-02-20 00:00:00-05:00,33.105951434153326,33.59947522479767,32.97062858266181,33.12187194824219,5500,0.0,0.0
2013-02-21 00:00:00-05:00,33.07410177033942,33.50394642892361,31.943772893907042,32.61241912841797,6300,0.0,0.0
2013-02-22 00:00:00-05:00,32.79550768513741,33.48803331932025,32.7318256313366,33.392513275146484,4200,0.0,0.0
2013-02-25 00:00:00-05:00,33.43231201171875,33.57559359183402,32.851226953041206,33.43231201171875,5100,0.0,0.0
2013-02-26 00:00:00-05:00,33.535789990385545,33.57558974996853,32.970622472809865,33.527828216552734,2100,0.0,0.0
2013-02-27 00:00:00-05:00,33.480081290670434,33.822364807128906,33.47211951408597,33.822364807128906,4900,0.0,0.0
2013-02-28 00:00:00-05:00,32.883062485662315,33.51986771505533,32.81938044445959,32.994503021240234,4000,0.0,0.0
2013-03-01 00:00:00-05:00,33.16166002926591,33.43230260034884,33.01837848948515,33.35270309448242,2100,0.0,0.0
2013-03-04 00:00:00-05:00,33.39250122069627,34.602432477388234,33.39250122069627,34.46710968017578,2700,0.0,0.0
2013-03-05 00:00:00-05:00,34.61836111956376,34.98452377319336,34.2283161805047,34.98452377319336,7400,0.0,0.0
2013-03-06 00:00:00-05:00,34.88901565603857,35.024335494734736,34.650210939351986,34.9765739440918,1600,0.0,0.0
2013-03-07 00:00:00-05:00,34.9845212255799,35.26312256424324,34.97655945217417,35.1676025390625,3200,0.0,0.0
2013-03-08 00:00:00-05:00,35.40641372573655,38.19244001430263,34.47508639537774,37.348670959472656,7200,0.0,0.0
2013-03-11 00:00:00-04:00,37.03026817523475,39.36257032455839,37.03026817523475,38.78944396972656,5400,0.0,0.0
2013-03-12 00:00:00-04:00,38.61431760454831,38.757599179346634,38.20835516697123,38.431236267089844,3600,0.0,0.0
2013-03-13 00:00:00-04:00,38.56656575839558,38.56656575839558,37.81035799126473,38.37552261352539,3800,0.0,0.0
2013-03-14 00:00:00-04:00,38.36756043080137,39.004365795670076,38.24019935782763,38.98844528198242,4000,0.0,0.0
2013-03-15 00:00:00-04:00,38.84844084832353,39.200443734230554,38.44043452086149,39.02444076538086,11000,0.245,0.0
2013-03-18 00:00:00-04:00,38.84044007911968,39.184444226383064,38.78443968787145,39.00044250488281,4700,0.0,0.0
2013-03-19 00:00:00-04:00,39.264442268980986,39.264442268980986,38.488432580508636,38.600433349609375,4300,0.0,0.0
2013-03-20 00:00:00-04:00,38.800447015943455,39.088450822286816,38.800447015943455,38.8724479675293,2200,0.0,0.0
2013-03-21 00:00:00-04:00,38.7844435120366,38.920446655472595,38.61644232172691,38.66444396972656,2700,0.0,0.0
2013-03-22 00:00:00-04:00,38.88042815321496,39.32043545381818,38.88042815321496,39.24043273925781,3200,0.0,0.0
2013-03-25 00:00:00-04:00,39.44844757410307,39.50444796377193,39.10444343654158,39.232444763183594,2600,0.0,0.0
2013-03-26 00:00:00-04:00,39.88044928737219,39.88044928737219,38.97644127254346,39.10444259643555,9000,0.0,0.0
2013-03-27 00:00:00-04:00,39.10445137283845,39.2324527254585,38.60044471173756,38.8724479675293,2000,0.0,0.0
2013-03-28 00:00:00-04:00,39.02444009284637,39.27244399451579,38.72043885417169,39.016441345214844,9500,0.0,0.0
2013-04-01 00:00:00-04:00,39.01644053420501,39.20044224382831,38.28843244317703,38.34443283081055,6000,0.0,0.0
2013-04-02 00:00:00-04:00,38.62443923950195,38.84044206757167,38.34443726892598,38.62443923950195,800,0.0,0.0
2013-04-03 00:00:00-04:00,38.88043179977788,38.88043179977788,37.60841751098633,37.60841751098633,2800,0.0,0.0
2013-04-04 00:00:00-04:00,38.09642830752364,38.54443445301331,37.81642637396271,38.40043258666992,1900,0.0,0.0
2013-04-05 00:00:00-04:00,37.92043606718684,38.65644304238436,37.69643142325441,37.8564338684082,5700,0.0,0.0
2013-04-08 00:00:00-04:00,38.17643295561836,38.17643295561836,37.536423272289355,37.96043014526367,3900,0.0,0.0
2013-04-09 00:00:00-04:00,38.304424223338984,38.39242568427751,36.25640048843204,36.58440399169922,4700,0.0,0.0
2013-04-10 00:00:00-04:00,36.75241702390818,36.92042125458387,35.16839936916865,35.40840148925781,7100,0.0,0.0
2013-04-11 00:00:00-04:00,35.45640707221792,35.45640707221792,34.624396781822476,34.80039978027344,5100,0.0,0.0
2013-04-12 00:00:00-04:00,34.896373283877814,37.14439848451336,34.896373283877814,35.2243766784668,1600,0.0,0.0
2013-04-15 00:00:00-04:00,35.10440057749567,35.20040081612864,33.072376707043475,34.10438919067383,13500,0.0,0.0
2013-04-16 00:00:00-04:00,36.80042972104962,36.80042972104962,32.6723816396297,35.21641159057617,4700,0.0,0.0
2013-04-17 00:00:00-04:00,34.896386874245344,35.20039110648485,33.99237902720975,35.0883903503418,6800,0.0,0.0
2013-04-18 00:00:00-04:00,35.16837632220457,35.872384724660385,34.02436381263533,35.2243766784668,15000,0.0,0.0
2013-04-19 00:00:00-04:00,35.27239758043406,36.00040566174431,35.27239758043406,35.9524040222168,2100,0.0,0.0
2013-04-22 00:00:00-04:00,35.81639926666074,36.39240665843002,35.81639926666074,36.03240203857422,1400,0.0,0.0
2013-04-23 00:00:00-04:00,35.71240243037912,37.192420959472656,35.71240243037912,37.192420959472656,3300,0.0,0.0
2013-04-24 00:00:00-04:00,36.91241536824871,36.91241536824871,36.296408062078456,36.70441436767578,1500,0.0,0.0
2013-04-25 00:00:00-04:00,36.37641671861306,37.44042729215837,36.200413730531835,36.44841766357422,32500,0.0,0.0
2013-04-26 00:00:00-04:00,36.464414454108216,36.472413201927125,35.3363987487219,35.9044075012207,19400,0.0,0.0
2013-04-29 00:00:00-04:00,36.112409753144135,36.400413513183594,36.112409753144135,36.400413513183594,2300,0.0,0.0
2013-04-30 00:00:00-04:00,36.480402164786184,36.49640270792464,35.0803866839829,35.464393615722656,19200,0.0,0.0
2013-05-01 00:00:00-04:00,35.44039568232769,36.30440680849936,33.98437964537198,34.59238815307617,10900,0.0,0.0
2013-05-02 00:00:00-04:00,34.824395853863756,36.312413298378765,34.824395853863756,36.288414001464844,2400,0.0,0.0
2013-05-03 00:00:00-04:00,36.60841532564708,36.800418853759766,36.320414611166875,36.800418853759766,2200,0.0,0.0
2013-05-06 00:00:00-04:00,36.72041577730093,36.72041577730093,36.472411878818214,36.5604133605957,1100,0.0,0.0
2013-05-07 00:00:00-04:00,35.608403901374544,37.07242202758789,35.608403901374544,37.07242202758789,3200,0.0,0.0
2013-05-08 00:00:00-04:00,37.28842952578508,38.03243833042784,37.000425723756535,37.928436279296875,3800,0.0,0.0
2013-05-09 00:00:00-04:00,38.73645241896877,38.784454080047944,38.22444690796513,38.41645050048828,1600,0.0,0.0
2013-05-10 00:00:00-04:00,38.27242832710953,38.80043411254883,38.26442958039025,38.80043411254883,1000,0.0,0.0
2013-05-13 00:00:00-04:00,38.53643049407775,38.59243392944336,37.76842261781818,38.59243392944336,1700,0.0,0.0
2013-05-14 00:00:00-04:00,38.80043411254883,38.80043411254883,38.456430019572565,38.80043411254883,3500,0.0,0.0
2013-05-15 00:00:00-04:00,38.84044074840918,39.00844192504883,38.056432205631644,39.00844192504883,2300,0.0,0.0
2013-05-16 00:00:00-04:00,39.63244421802889,39.63244421802889,39.40843963623047,39.40843963623047,1500,0.0,0.0
2013-05-17 00:00:00-04:00,39.528455511979146,39.82445806943013,39.344453757250534,39.448455810546875,4400,0.0,0.0
2013-05-20 00:00:00-04:00,39.86445807731247,39.86445807731247,38.84844607357348,39.032447814941406,3400,0.0,0.0
2013-05-21 00:00:00-04:00,37.85642084993612,39.80844146451074,37.85642084993612,38.7524299621582,1300,0.0,0.0
2013-05-22 00:00:00-04:00,38.57643614712446,39.35244282585502,38.57643614712446,38.8884391784668,2800,0.0,0.0
2013-05-23 00:00:00-04:00,38.88844669954771,38.88844669954771,38.232439416572554,38.43244171142578,4300,0.0,0.0
2013-05-24 00:00:00-04:00,37.72844156931002,39.13645671033834,37.72844156931002,38.38444900512695,4400,0.0,0.0
2013-05-28 00:00:00-04:00,39.024439323253276,39.37644524794447,38.360433418408775,38.40843200683594,5200,0.0,0.0
2013-05-29 00:00:00-04:00,38.240425061939554,38.240425061939554,37.69641876220703,37.69641876220703,1300,0.0,0.0
2013-05-30 00:00:00-04:00,37.368427606630775,39.10444909285146,37.368427606630775,37.67243194580078,1500,0.0,0.0
2013-05-31 00:00:00-04:00,37.37643083713653,38.04843868786563,37.01642608642578,37.01642608642578,11300,0.0,0.0
2013-06-03 00:00:00-04:00,37.08843060057538,37.80843711939289,36.97642978998998,37.10443115234375,8000,0.0,0.0
2013-06-04 00:00:00-04:00,37.28042186798146,38.232434625325006,37.28042186798146,37.84843063354492,3200,0.0,0.0
2013-06-05 00:00:00-04:00,37.90443332405554,38.304437887896334,37.60842774952266,38.04843521118164,1700,0.0,0.0
2013-06-06 00:00:00-04:00,37.62443270878433,38.000438019445234,37.62443270878433,37.99243927001953,1700,0.0,0.0
2013-06-07 00:00:00-04:00,38.27242379216765,38.27242379216765,37.560416398631865,37.76841735839844,5700,0.0,0.0
2013-06-10 00:00:00-04:00,37.21642897978378,37.712433837672386,37.20042842929796,37.29642868041992,1100,0.0,0.0
2013-06-11 00:00:00-04:00,37.11242931321173,37.656435857528045,36.97642920302923,37.61643600463867,1700,0.0,0.0
2013-06-12 00:00:00-04:00,38.1351357152061,38.45681671614868,37.57219856522266,38.304019927978516,2800,0.245,0.0
2013-06-13 00:00:00-04:00,38.27182414774376,38.87497329711914,38.27182414774376,38.87497329711914,1600,0.0,0.0
2013-06-14 00:00:00-04:00,38.94736754856361,39.17254234314769,38.191421404048164,38.42463684082031,3400,0.0,0.0
2013-06-17 00:00:00-04:00,38.7463264465332,39.00367000319396,38.28793304449516,38.7463264465332,1500,0.0,0.0
2013-06-18 00:00:00-04:00,38.400508256417105,39.3977165222168,38.400508256417105,39.3977165222168,1800,0.0,0.0
2013-06-19 00:00:00-04:00,39.413811680123295,39.413811680123295,38.722202765406486,38.987586975097656,1800,0.0,0.0
2013-06-20 00:00:00-04:00,38.28791893617951,38.61764043839154,38.239665886669435,38.2637939453125,2000,0.0,0.0
2013-06-21 00:00:00-04:00,38.440732540866414,39.38164747901178,38.440732540866414,39.19668197631836,11400,0.0,0.0
2013-06-24 00:00:00-04:00,38.94737706128467,39.3414330480532,38.64982414322598,39.12430191040039,3700,0.0,0.0
2013-06-25 00:00:00-04:00,39.40576638567064,39.40576638567064,38.94737302211662,39.38164138793945,2700,0.0,0.0
2013-06-26 00:00:00-04:00,39.413820046716594,40.08934781629759,39.00367961093932,39.91242599487305,5600,0.0,0.0
2013-06-27 00:00:00-04:00,39.984794310663965,41.03025289517104,39.984794310663965,40.44318771362305,6400,0.0,0.0
2013-06-28 00:00:00-04:00,40.39493824931221,43.90124836333125,40.39493824931221,43.66802978515625,53400,0.0,0.0
2013-07-01 00:00:00-04:00,43.772563721984625,45.83131482638419,43.772563721984625,45.03515625,21800,0.0,0.0
2013-07-02 00:00:00-04:00,45.02712951858786,45.831328985792105,43.90928968224085,44.24705505371094,6400,0.0,0.0
2013-07-03 00:00:00-04:00,44.239009693302705,45.23621834531481,43.724322544307064,44.842159271240234,3700,0.0,0.0
2013-07-05 00:00:00-04:00,45.43726778964572,47.045666649456194,44.432018502264185,46.820491790771484,8900,0.0,0.0
2013-07-08 00:00:00-04:00,47.053689046725744,48.25194708242754,46.643548846346626,48.235862731933594,8800,0.0,0.0
2013-07-09 00:00:00-04:00,48.26804037325858,52.14427752698246,48.26804037325858,51.25966262817383,25200,0.0,0.0
2013-07-10 00:00:00-04:00,51.227499649571136,51.227499649571136,49.972947548370996,50.58414077758789,11100,0.0,0.0
2013-07-11 00:00:00-04:00,50.81734921635116,51.48483299484084,47.0617402125759,47.833770751953125,25000,0.0,0.0
2013-07-12 00:00:00-04:00,46.68375119759678,47.1260600327261,41.2232392675714,41.6172981262207,37900,0.0,0.0
2013-07-15 00:00:00-04:00,41.906819650875605,43.91731759560941,41.82639789242041,43.81277084350586,15100,0.0,0.0
2013-07-16 00:00:00-04:00,44.23096725562133,45.26034151188161,43.8047425528468,44.91453552246094,13400,0.0,0.0
2013-07-17 00:00:00-04:00,45.41315195840063,46.12888910469576,44.68133045212632,45.85546112060547,13800,0.0,0.0
2013-07-18 00:00:00-04:00,45.98411198964341,47.51209174620526,45.59809672928366,46.933067321777344,15600,0.0,0.0
2013-07-19 00:00:00-04:00,46.93308185163636,46.93308185163636,45.823285717163564,46.55510711669922,8600,0.0,0.0
2013-07-22 00:00:00-04:00,46.22538846641213,46.89287554668157,45.63832317954862,46.3781852722168,12800,0.0,0.0
2013-07-23 00:00:00-04:00,46.49880759170847,46.64356372455166,45.92782677203651,46.482723236083984,9800,0.0,0.0
2013-07-24 00:00:00-04:00,46.46664560743815,46.8044109888963,46.0323802138171,46.329933166503906,9800,0.0,0.0
2013-07-25 00:00:00-04:00,46.03238578792888,46.80441665649414,46.03238578792888,46.80441665649414,6800,0.0,0.0
2013-07-26 00:00:00-04:00,46.6596664870908,46.80442267703931,46.32190102128483,46.6516227722168,6100,0.0,0.0
2013-07-29 00:00:00-04:00,46.426426759465585,46.804401424680485,46.217336284358026,46.60335159301758,4800,0.0,0.0
2013-07-30 00:00:00-04:00,46.45054937385792,46.79635531199444,45.839359266789195,46.040409088134766,10700,0.0,0.0
2013-07-31 00:00:00-04:00,46.40230320228745,46.764193524073875,44.69740143582114,44.89040756225586,11000,0.0,0.0
2013-08-01 00:00:00-04:00,44.89844145878096,46.48271174906609,44.89844145878096,45.67851257324219,5800,0.0,0.0
2013-08-02 00:00:00-04:00,45.9197822515871,46.2334225790749,45.469432573141845,45.726776123046875,1800,0.0,0.0
2013-08-05 00:00:00-04:00,45.839361287778715,46.136914177511315,44.793902784244416,45.911739349365234,3300,0.0,0.0
2013-08-06 00:00:00-04:00,45.84741390486265,45.895666981114616,45.46139849818018,45.598114013671875,4100,0.0,0.0
2013-08-07 00:00:00-04:00,45.08342680476191,45.839373259376195,44.729577047803005,45.598114013671875,6400,0.0,0.0
2013-08-08 00:00:00-04:00,45.65440061743335,45.9760785389604,44.61698264809305,44.71348571777344,6200,0.0,0.0
2013-08-09 00:00:00-04:00,45.71873805985077,45.807200491268006,44.71348873515944,44.906497955322266,6000,0.0,0.0
2013-08-12 00:00:00-04:00,45.268377725561955,45.59809930414083,45.043199843470866,45.26033401489258,2800,0.0,0.0
2013-08-13 00:00:00-04:00,45.03516253657777,45.3246747865858,44.76173464132319,44.79390335083008,3300,0.0,0.0
2013-08-14 00:00:00-04:00,44.71348816985326,44.71348816985326,43.92537307739258,43.92537307739258,8700,0.0,0.0
2013-08-15 00:00:00-04:00,43.94949650380654,43.94949650380654,38.84282869777856,39.71940612792969,18300,0.0,0.0
2013-08-16 00:00:00-04:00,39.72744773166874,40.46730963533405,39.4138074191738,40.45122528076172,11200,0.0,0.0
2013-08-19 00:00:00-04:00,40.59597822356343,41.64143664664053,40.16975359800952,40.28234100341797,2700,0.0,0.0
2013-08-20 00:00:00-04:00,40.36276622333739,40.99004383274996,39.86416346121126,40.56381607055664,11600,0.0,0.0
2013-08-21 00:00:00-04:00,40.18583752323824,40.85332130581079,40.01695334914791,40.394927978515625,11800,0.0,0.0
2013-08-22 00:00:00-04:00,40.72466332387105,41.175016160819226,40.21801676577657,40.41102600097656,7200,0.0,0.0
2013-08-23 00:00:00-04:00,40.402977024202606,40.85332670050786,39.03583750446791,40.201927185058594,12200,0.0,0.0
2013-08-26 00:00:00-04:00,40.660314877945055,40.97395209223692,40.31450895762924,40.67639923095703,2500,0.0,0.0
2013-08-27 00:00:00-04:00,40.451222709899106,40.917659759521484,39.952620020953304,40.917659759521484,6100,0.0,0.0
2013-08-28 00:00:00-04:00,40.475358378158106,41.30368280105497,40.475358378158106,41.09458923339844,2000,0.0,0.0
2013-08-29 00:00:00-04:00,41.038283758804376,41.4162583604817,40.22604392524569,40.57184982299805,9400,0.0,0.0
2013-08-30 00:00:00-04:00,40.354713251772175,40.85331586158591,40.28233520617209,40.612056732177734,10800,0.0,0.0
2013-09-03 00:00:00-04:00,40.75681568807215,42.091786236923824,40.04911953332655,40.25821304321289,5700,0.0,0.0
2013-09-04 00:00:00-04:00,40.25821262917067,40.84527767080743,40.15366587530273,40.57184982299805,10500,0.0,0.0
2013-09-05 00:00:00-04:00,40.96592362548709,41.10263914307314,39.86417111030026,40.708580017089844,2400,0.0,0.0
2013-09-06 00:00:00-04:00,40.274306212827256,40.94179009950095,40.0812970128122,40.1536750793457,1000,0.0,0.0
2013-09-09 00:00:00-04:00,40.081295393269244,40.99808215379804,39.848076847442925,40.37080764770508,1300,0.0,0.0
2013-09-10 00:00:00-04:00,40.41102104673373,41.61732018245713,40.314517974853516,40.314517974853516,5900,0.0,0.0
2013-09-11 00:00:00-04:00,40.258220745387256,41.20717622805204,40.258220745387256,40.435142517089844,3200,0.0,0.0
2013-09-12 00:00:00-04:00,41.17458880335091,41.17458880335091,40.64121840255525,40.7301139831543,5000,0.245,0.0
2013-09-13 00:00:00-04:00,41.190750160404036,41.20691327280558,40.156332546294465,40.98063278198242,2000,0.0,0.0
2013-09-16 00:00:00-04:00,41.31197510121946,41.31197510121946,40.398782233984626,41.05337142944336,2100,0.0,0.0
2013-09-17 00:00:00-04:00,42.120114840385746,42.120114840385746,41.215001935572616,41.50593185424805,4500,0.0,0.0
2013-09-18 00:00:00-04:00,41.13418705663063,42.160518646240234,40.754361564495476,42.160518646240234,3400,0.0,0.0
2013-09-19 00:00:00-04:00,42.18476801666417,42.7423816483521,42.02313993880125,42.588836669921875,3200,0.0,0.0
2013-09-20 00:00:00-04:00,42.58883940442876,44.277846606804225,42.05546887119437,43.76063919067383,14200,0.0,0.0
2013-09-23 00:00:00-04:00,43.84952616809909,46.063823606676124,43.84952616809909,45.70824432373047,4500,0.0,0.0
2013-09-24 00:00:00-04:00,45.88602037008052,46.34665823851916,44.689977914941764,46.27392578125,3300,0.0,0.0
2013-09-25 00:00:00-04:00,45.86986452820129,46.6941648136115,45.86986452820129,46.47596740722656,1600,0.0,0.0
2013-09-26 00:00:00-04:00,46.40324035953891,46.66184712097647,44.72231644838842,46.05574417114258,3400,0.0,0.0
2013-09-27 00:00:00-04:00,45.813308784191264,47.114410510978416,44.479883903846336,46.92853927612305,4000,0.0,0.0
2013-09-30 00:00:00-04:00,43.000983973806754,48.03567886352539,43.000983973806754,48.03567886352539,6000,0.0,0.0
2013-10-01 00:00:00-04:00,48.47206526641383,49.20746994018555,47.6316019013037,49.20746994018555,4900,0.0,0.0
2013-10-02 00:00:00-04:00,48.682176960331574,48.682176960331574,47.195204673819504,47.60735321044922,2000,0.0,0.0
2013-10-03 00:00:00-04:00,44.12428532080836,46.50829043066634,44.12428532080836,45.91027069091797,2300,0.0,0.0
2013-10-04 00:00:00-04:00,45.83754514887526,47.2356222013815,45.83754514887526,46.50021743774414,3100,0.0,0.0
2013-10-07 00:00:00-04:00,46.61335658872488,46.79114776931316,44.964755867267044,45.33649826049805,2000,0.0,0.0
2013-10-08 00:00:00-04:00,44.92433717587728,45.32840568687355,44.64957046508789,44.64957046508789,3700,0.0,0.0
2013-10-09 00:00:00-04:00,45.255682561193304,45.3445781451863,44.56876718400896,44.93242645263672,3100,0.0,0.0
2013-10-10 00:00:00-04:00,45.65165662030479,46.03147888183594,45.457702400299176,46.03147888183594,3400,0.0,0.0
2013-10-11 00:00:00-04:00,46.0395691306412,46.17695095060851,45.886021116797465,46.063812255859375,12100,0.0,0.0
2013-10-14 00:00:00-04:00,45.021324064870704,46.1446343143727,45.021324064870704,45.958763122558594,1600,0.0,0.0
2013-10-15 00:00:00-04:00,45.58701134802796,45.740556279340154,44.73846805313738,45.48195266723633,1700,0.0,0.0
2013-10-16 00:00:00-04:00,45.48195421699904,45.6355022363415,44.20509922407832,44.85160827636719,4100,0.0,0.0
2013-10-17 00:00:00-04:00,44.39904597449549,45.17485984273926,44.124279269300374,44.132362365722656,12900,0.0,0.0
2013-10-18 00:00:00-04:00,44.681903644976515,45.44963455200195,43.615162856426984,45.44963455200195,4600,0.0,0.0
2013-10-21 00:00:00-04:00,45.06981076566299,45.23143881774623,44.00306993783181,44.60917282104492,8000,0.0,0.0
2013-10-22 00:00:00-04:00,43.84953332082457,45.69208866195211,43.84953332082457,45.15871810913086,3000,0.0,0.0
2013-10-23 00:00:00-04:00,44.89202253051275,45.0455705772744,44.447547670368834,44.46371078491211,3100,0.0,0.0
2013-10-24 00:00:00-04:00,44.528358690208684,46.34666739851156,44.528358690208684,46.01533126831055,4800,0.0,0.0
2013-10-25 00:00:00-04:00,46.06380509896983,46.67798781052509,44.05154278295225,46.03147888183594,4900,0.0,0.0
2013-10-28 00:00:00-04:00,46.241605610406744,46.59718482276852,45.708235250464895,45.780967712402344,2600,0.0,0.0
2013-10-29 00:00:00-04:00,46.06381319489316,46.10421943201323,44.64957331610258,44.689979553222656,3400,0.0,0.0
2013-10-30 00:00:00-04:00,44.28592520167108,45.417318700220044,44.18894958496094,44.18894958496094,5200,0.0,0.0
2013-10-31 00:00:00-04:00,44.019229207305195,45.013237479036285,44.019229207305195,44.98091125488281,4000,0.0,0.0
2013-11-01 00:00:00-04:00,44.706144160885685,46.07189475116307,43.841437709822735,45.5546875,10100,0.0,0.0
2013-11-04 00:00:00-05:00,45.651673997815216,45.651673997815216,43.8495252415766,44.4313850402832,5600,0.0,0.0
2013-11-05 00:00:00-05:00,44.34248540321264,45.24760124809399,43.74446562717176,44.44754409790039,5000,0.0,0.0
2013-11-06 00:00:00-05:00,44.504108396231686,44.689979553222656,44.504108396231686,44.689979553222656,300,0.0,0.0
2013-11-07 00:00:00-05:00,45.094063282763415,45.094063282763415,43.89802038081764,44.14046096801758,4500,0.0,0.0
2013-11-08 00:00:00-05:00,44.10814164899062,44.52029037475586,43.970756685202474,44.52029037475586,1900,0.0,0.0
2013-11-11 00:00:00-05:00,44.30206964417059,45.037474183401955,43.92224427152651,44.52834701538086,3100,0.0,0.0
2013-11-12 00:00:00-05:00,45.25568381025805,47.478061140226075,45.094055751518795,46.9446907043457,2700,0.0,0.0
2013-11-13 00:00:00-05:00,46.84770383997896,46.96084252905813,44.93241689097405,45.22334671020508,3600,0.0,0.0
2013-11-14 00:00:00-05:00,45.25567503982564,45.8213715943831,45.25567503982564,45.49811553955078,500,0.0,0.0
2013-11-15 00:00:00-05:00,45.30417251233622,45.86178607016593,44.285917914631305,45.27992630004883,7400,0.0,0.0
2013-11-18 00:00:00-05:00,46.05573205043135,46.05573205043135,43.978816986083984,43.978816986083984,10600,0.0,0.0
2013-11-19 00:00:00-05:00,43.98691092633115,43.98691092633115,41.86150908780975,43.08987808227539,4500,0.0,0.0
2013-11-20 00:00:00-05:00,44.883938434850094,44.883938434850094,43.24341791001254,43.54243087768555,700,0.0,0.0
2013-11-21 00:00:00-05:00,43.607079718131004,43.63940594388703,42.790862555982265,42.82318878173828,5100,0.0,0.0
2013-11-22 00:00:00-05:00,42.96058209919004,42.96058209919004,40.414948172299006,42.798954010009766,6700,0.0,0.0
2013-11-25 00:00:00-05:00,42.15243844771199,43.31615496716577,42.15243844771199,43.308074951171875,1900,0.0,0.0
2013-11-26 00:00:00-05:00,43.615152111852375,43.615152111852375,43.21916365052186,43.316139221191406,2900,0.0,0.0
2013-11-27 00:00:00-05:00,43.162623164998145,43.31616817810311,41.61908068429081,42.10396194458008,13300,0.0,0.0
2013-11-29 00:00:00-05:00,42.29790186485284,43.000980377197266,42.023135089035655,43.000980377197266,10900,0.0,0.0
2013-12-02 00:00:00-05:00,41.45743392123901,43.33231180575925,41.004879103953876,41.546329498291016,7300,0.0,0.0
2013-12-03 00:00:00-05:00,41.64332550447547,42.394893646240234,41.64332550447547,42.394893646240234,3700,0.0,0.0
2013-12-04 00:00:00-05:00,41.57058603609762,42.54843461632199,41.44128417761829,41.46553039550781,3800,0.0,0.0
2013-12-05 00:00:00-05:00,41.49785354802803,42.18477217597404,41.42512105995844,41.46553039550781,1100,0.0,0.0
2013-12-06 00:00:00-05:00,41.853425765939036,42.45144555954259,41.53016965715963,41.764530181884766,1400,0.0,0.0
2013-12-09 00:00:00-05:00,41.6756310011704,41.73220035290498,40.754355178294716,40.8109245300293,3600,0.0,0.0
2013-12-10 00:00:00-05:00,40.92407738283879,41.109948614630724,39.74419752043803,40.32605743408203,6200,0.0,0.0
2013-12-11 00:00:00-05:00,40.487673977274405,40.487673977274405,39.16232941373488,39.21889877319336,8400,0.0,0.0
2013-12-12 00:00:00-05:00,39.470722316037815,41.590883028372964,39.470722316037815,41.314693450927734,6100,0.25,0.0
2013-12-13 00:00:00-05:00,41.298443231786315,41.34718365864019,40.36427185903977,41.25782775878906,4500,0.0,0.0
2013-12-16 00:00:00-05:00,41.257830756209856,41.58275766255606,39.98248559911701,41.37155532836914,5800,0.0,0.0
2013-12-17 00:00:00-05:00,40.461756415993825,40.648590087890625,39.641309532053285,40.648590087890625,4400,0.0,0.0
2013-12-18 00:00:00-05:00,40.54297343299942,43.72727591278327,39.75502044078993,43.613548278808594,7800,0.0,0.0
2013-12-19 00:00:00-05:00,43.03681897915313,43.37799582885281,42.55754887753006,43.158668518066406,2500,0.0,0.0
2013-12-20 00:00:00-05:00,43.08555329487949,46.10738858384454,43.08555329487949,44.75081253051758,46000,0.0,0.0
2013-12-23 00:00:00-05:00,46.01804391914247,47.439607461761454,45.19759693923817,47.130924224853516,4400,0.0,0.0
2013-12-24 00:00:00-05:00,47.12278177168577,48.251911569229875,47.12278177168577,48.178802490234375,2600,0.0,0.0
2013-12-26 00:00:00-05:00,48.08944586955744,48.56059085017595,47.60205098412013,48.2112922668457,2600,0.0,0.0
2013-12-27 00:00:00-05:00,48.33315397735335,48.33315397735335,47.29338291700746,47.52083206176758,1200,0.0,0.0
2013-12-30 00:00:00-05:00,47.642671596173166,47.8457520324761,46.58665084838867,46.58665084838867,2300,0.0,0.0
2013-12-31 00:00:00-05:00,46.81410423326936,47.504576494732504,45.21382936295206,46.43231201171875,4700,0.0,0.0
2014-01-02 00:00:00-05:00,45.11636316442327,45.11636316442327,41.48528295026583,42.04578399658203,7700,0.0,0.0
2014-01-03 00:00:00-05:00,42.83373058142365,44.515236555280325,42.4925568934003,43.85725784301758,8500,0.0,0.0
2014-01-06 00:00:00-05:00,43.96285536045862,44.523359390920355,43.46733856201172,43.46733856201172,4700,0.0,0.0
2014-01-07 00:00:00-05:00,43.44297264095899,45.05949450358204,43.44297264095899,44.9051513671875,5200,0.0,0.0
2014-01-08 00:00:00-05:00,44.7345583040122,44.7345583040122,43.46733526470673,44.100948333740234,7800,0.0,0.0
2014-01-09 00:00:00-05:00,44.44212528788779,44.44212528788779,43.49983211634118,43.5485725402832,4700,0.0,0.0
2014-01-10 00:00:00-05:00,43.86537069369331,43.86537069369331,43.26425128739884,43.36985397338867,3600,0.0,0.0
2014-01-13 00:00:00-05:00,43.38611049031519,44.466500053305545,42.78499094946699,43.020565032958984,5000,0.0,0.0
2014-01-14 00:00:00-05:00,43.743516639572974,45.86367649775898,43.743516639572974,45.49000930786133,9900,0.0,0.0
2014-01-15 00:00:00-05:00,45.03512066076813,46.2292347297744,44.555850662213935,45.270694732666016,6000,0.0,0.0
2014-01-16 00:00:00-05:00,44.36902400703689,44.78330993652344,43.45922429139387,44.78330993652344,6400,0.0,0.0
2014-01-17 00:00:00-05:00,44.84017704069205,44.84017704069205,43.94662094116211,43.94662094116211,1600,0.0,0.0
2014-01-21 00:00:00-05:00,44.263412270343956,45.49001671473259,40.616086352439815,44.92951583862305,5000,0.0,0.0
2014-01-22 00:00:00-05:00,44.27154342091934,45.88806536066146,43.702917472824836,45.18134307861328,4000,0.0,0.0
2014-01-23 00:00:00-05:00,44.83203886725511,45.07573788539918,44.06845749352068,44.84828567504883,5100,0.0,0.0
2014-01-24 00:00:00-05:00,44.39338648874599,45.85556507207937,43.41859973360318,44.38526153564453,4800,0.0,0.0
2014-01-27 00:00:00-05:00,43.06116609823389,43.06116609823389,39.57630883415158,42.24072265625,26600,0.0,0.0
2014-01-28 00:00:00-05:00,42.08639906522192,43.849136113828024,41.23345858491609,41.42841720581055,9600,0.0,0.0
2014-01-29 00:00:00-05:00,41.02224097445018,41.02224097445018,39.86062083360942,40.136810302734375,23100,0.0,0.0
2014-01-30 00:00:00-05:00,41.82644464157105,43.45108800059673,40.95725759363193,43.36985397338867,9900,0.0,0.0
2014-01-31 00:00:00-05:00,42.61440699909986,43.36174477369255,40.218056725491756,43.21552658081055,11900,0.0,0.0
2014-02-03 00:00:00-05:00,43.296758811538936,44.19031480540082,41.712730407714844,41.712730407714844,9500,0.0,0.0
2014-02-04 00:00:00-05:00,42.40320806582608,42.40320806582608,40.778564102374986,41.37968063354492,4700,0.0,0.0
2014-02-05 00:00:00-05:00,41.27407444503231,41.737097653100705,40.266793984380584,40.68107986450195,6700,0.0,0.0
2014-02-06 00:00:00-05:00,41.7614616192217,42.33820932596926,40.34802039128265,40.74605941772461,11400,0.0,0.0
2014-02-07 00:00:00-05:00,40.97351582407441,43.15866373447492,40.46175525439081,40.754188537597656,10500,0.0,0.0
2014-02-10 00:00:00-05:00,41.030366085513066,42.93119891250421,40.85977927894289,42.80122756958008,16000,0.0,0.0
2014-02-11 00:00:00-05:00,42.321970684609795,43.23177346379936,42.24073973232175,43.13429260253906,5900,0.0,0.0
2014-02-12 00:00:00-05:00,43.10179575797183,43.865377133255755,43.09367080467761,43.621681213378906,4000,0.0,0.0
2014-02-13 00:00:00-05:00,43.72728493132321,44.336526294558176,43.564819948041524,44.00347137451172,5100,0.0,0.0
2014-02-14 00:00:00-05:00,44.133444575209836,44.82391686091467,43.7760210024821,44.25529098510742,6300,0.0,0.0
2014-02-18 00:00:00-05:00,44.5396127348918,45.44941242527565,43.45922308481665,44.97014236450195,10400,0.0,0.0
2014-02-19 00:00:00-05:00,44.84016515894782,45.72559606818313,44.092827471938406,45.270694732666016,11100,0.0,0.0
2014-02-20 00:00:00-05:00,45.46565742449362,48.26816548136868,43.38611225912333,47.707664489746094,8200,0.0,0.0
2014-02-21 00:00:00-05:00,47.951355903767215,47.951355903767215,46.49730220524812,46.611026763916016,5400,0.0,0.0
2014-02-24 00:00:00-05:00,46.14799522769223,47.43146185603323,46.14799522769223,46.75723648071289,7200,0.0,0.0
2014-02-25 00:00:00-05:00,47.49645672780605,47.49645672780605,46.05864676722404,46.09926223754883,7300,0.0,0.0
2014-02-26 00:00:00-05:00,46.32670898414493,46.32670898414493,44.758927739344216,45.213829040527344,3100,0.0,0.0
2014-02-27 00:00:00-05:00,44.68583038529168,44.81580177706196,43.99535794753006,44.531490325927734,3500,0.0,0.0
2014-02-28 00:00:00-05:00,44.490859160142875,45.100100425273766,44.393381425375104,44.66957092285156,5900,0.0,0.0
2014-03-03 00:00:00-05:00,44.157814787896314,44.95388980247338,42.87434482033042,43.33736801147461,6900,0.0,0.0
2014-03-04 00:00:00-05:00,43.72728513133487,46.05864789099117,43.353614738449245,45.270694732666016,12700,0.0,0.0
2014-03-05 00:00:00-05:00,45.44128367009669,45.44128367009669,44.539609009701856,44.9051513671875,12600,0.0,0.0
2014-03-06 00:00:00-05:00,44.90515774234531,45.81496058456176,44.33653483941305,45.09199142456055,11100,0.0,0.0
2014-03-07 00:00:00-05:00,45.44127895525759,45.44127895525759,44.377139413746356,45.083858489990234,4000,0.0,0.0
2014-03-10 00:00:00-04:00,44.73455726067629,45.40066082895539,44.198425044774545,44.92951583862305,7500,0.0,0.0
2014-03-11 00:00:00-04:00,44.84016284771429,45.14884599157454,44.11719695976822,44.38526153564453,4900,0.0,0.0
2014-03-12 00:00:00-04:00,44.58834131768752,45.238198111868364,44.23092085557846,45.14072036743164,6200,0.0,0.0
2014-03-13 00:00:00-04:00,45.16508182067856,46.16424016204924,44.758921001792025,45.018863677978516,8000,0.0,0.0
2014-03-14 00:00:00-04:00,45.9164738059862,45.9164738059862,44.994389853209356,45.50847244262695,6800,0.25,0.0
2014-03-17 00:00:00-04:00,45.655350870338246,45.73694989375633,44.93726763560689,45.54111099243164,7500,0.0,0.0
2014-03-18 00:00:00-04:00,45.687996020089486,46.97727876556313,45.532953503094625,46.51215744018555,10200,0.0,0.0
2014-03-19 00:00:00-04:00,44.52927019799135,46.86303858093023,44.52927019799135,45.61455535888672,15100,0.0,0.0
2014-03-20 00:00:00-04:00,45.61455080470893,46.87119255922476,45.07598916340124,46.72431182861328,5000,0.0,0.0
2014-03-21 00:00:00-04:00,46.72432694173908,46.72432694173908,44.880161668276465,46.5529670715332,10300,0.0,0.0
2014-03-24 00:00:00-04:00,45.37791190737724,46.44687348191966,45.37791190737724,46.087833404541016,6000,0.0,0.0
2014-03-25 00:00:00-04:00,46.495842125232826,46.626402457017676,45.271837847448445,45.843040466308594,4400,0.0,0.0
2014-03-26 00:00:00-04:00,45.843041434717776,46.23472243834637,44.912798661999396,45.12495803833008,7200,0.0,0.0
2014-03-27 00:00:00-04:00,45.288161598076,45.761444780994644,44.406876959318836,44.798561096191406,5300,0.0,0.0
2014-03-28 00:00:00-04:00,45.08414974314233,45.369749446620105,44.79855003966457,45.14126968383789,3900,0.0,0.0
2014-03-31 00:00:00-04:00,45.58192259748698,47.32816830947768,44.91280046696351,47.189449310302734,18300,0.0,0.0
2014-04-01 00:00:00-04:00,47.04255723090005,48.038078415193816,46.26735403788857,46.2755126953125,6800,0.0,0.0
2014-04-02 00:00:00-04:00,46.25104055251403,47.009923431782596,45.40239686409269,45.785919189453125,4400,0.0,0.0
2014-04-03 00:00:00-04:00,45.78591366872503,46.07967514951183,45.353433218013016,45.48399353027344,3700,0.0,0.0
2014-04-04 00:00:00-04:00,46.10416003674638,46.10416003674638,41.41214374982086,42.13838577270508,15800,0.0,0.0
2014-04-07 00:00:00-04:00,41.901745691098405,42.49743051923516,41.852787511605,42.26894760131836,5600,0.0,0.0
2014-04-08 00:00:00-04:00,42.2934189018388,42.8564596105044,42.211816769044674,42.39133834838867,4200,0.0,0.0
2014-04-09 00:00:00-04:00,42.98701858520508,44.0315009503517,42.921736880981925,42.98701858520508,4400,0.0,0.0
2014-04-10 00:00:00-04:00,43.966232822038684,43.966232822038684,42.097585616789495,42.47294616699219,12700,0.0,0.0
2014-04-11 00:00:00-04:00,42.30158042013439,42.92174110730405,41.62429667974332,42.67694091796875,4300,0.0,0.0
2014-04-14 00:00:00-04:00,43.26448087635775,43.26448087635775,41.86095467345434,42.61167907714844,9600,0.0,0.0
2014-04-15 00:00:00-04:00,42.64431032954983,43.20735432466131,41.6161480416832,42.79119110107422,5000,0.0,0.0
2014-04-16 00:00:00-04:00,43.41950722526351,43.55006754569731,42.75854696491894,43.305267333984375,5000,0.0,0.0
2014-04-17 00:00:00-04:00,43.31343292703473,43.900952864429094,43.01150963023629,43.20735168457031,2400,0.0,0.0
2014-04-21 00:00:00-04:00,43.2318229785323,44.055987454536975,41.420295975610166,43.329742431640625,2900,0.0,0.0
2014-04-22 00:00:00-04:00,43.55821883598535,44.30078106343286,42.301574108673314,43.8682975769043,4500,0.0,0.0
2014-04-23 00:00:00-04:00,43.57455360848772,44.56191631384313,43.354232464574686,44.03151321411133,8900,0.0,0.0
2014-04-24 00:00:00-04:00,44.34975018656745,44.945434959783704,40.188137221907596,41.640621185302734,17100,0.0,0.0
2014-04-25 00:00:00-04:00,41.50190131501068,41.86910318349417,40.88173746761555,41.175498962402344,8000,0.0,0.0
2014-04-28 00:00:00-04:00,41.746706620942895,43.37055369861913,41.24078571414288,43.044151306152344,12000,0.0,0.0
2014-04-29 00:00:00-04:00,43.21551534032588,43.78671802597545,42.22815252120265,42.6606330871582,3300,0.0,0.0
2014-04-30 00:00:00-04:00,42.74223074573388,43.639832648026676,41.37950434872862,41.444786071777344,12200,0.0,0.0
2014-05-01 00:00:00-04:00,41.29790630249214,41.787506785935385,40.277902701315405,41.25710678100586,15100,0.0,0.0
2014-05-02 00:00:00-04:00,41.20813806340808,42.36686045144145,40.808295354149436,41.5263786315918,7400,0.0,0.0
2014-05-05 00:00:00-04:00,42.41582968893647,42.42399146097597,41.31422703670642,41.69774627685547,5200,0.0,0.0
2014-05-06 00:00:00-04:00,41.36318259316079,41.518225124033776,40.18813963115368,41.387664794921875,14300,0.0,0.0
2014-05-07 00:00:00-04:00,41.29789927827881,41.363177878993056,40.81645753589795,41.02045822143555,6100,0.0,0.0
2014-05-08 00:00:00-04:00,40.80013778829159,41.11837836499171,39.608774511946315,40.13101577758789,10100,0.0,0.0
2014-05-09 00:00:00-04:00,39.959661749276584,41.110225677490234,38.96413724656551,41.110225677490234,5200,0.0,0.0
2014-05-12 00:00:00-04:00,41.1265396238675,41.452938854429455,40.66141830789405,40.99597930908203,26900,0.0,0.0
2014-05-13 00:00:00-04:00,40.098380895992165,40.7185448259648,40.024940512516565,40.55534362792969,11800,0.0,0.0
2014-05-14 00:00:00-04:00,40.26974575050083,40.26974575050083,38.360298655983456,38.48270034790039,11500,0.0,0.0
2014-05-15 00:00:00-04:00,38.4418963686652,39.380297817714066,38.39293507500892,38.62141799926758,11100,0.0,0.0
2014-05-16 00:00:00-04:00,38.564288479332546,39.1681318821492,38.556129821490615,38.80093002319336,24600,0.0,0.0
2014-05-19 00:00:00-04:00,38.7601413030518,38.78462039619845,38.18893859813017,38.507179260253906,23100,0.0,0.0
2014-05-20 00:00:00-04:00,38.0583695642009,38.50717047539312,36.32844452386548,38.42557144165039,99100,0.0,0.0
2014-05-21 00:00:00-04:00,38.4990098841161,39.30685086113991,38.30316785504167,38.89884948730469,12100,0.0,0.0
2014-05-22 00:00:00-04:00,38.898848507491195,39.89437283067023,38.499008914374066,38.890689849853516,13500,0.0,0.0
2014-05-23 00:00:00-04:00,38.64589407580388,38.98045510768699,38.52349240761095,38.654052734375,10200,0.0,0.0
2014-05-27 00:00:00-04:00,39.176284342425284,39.625088272818296,38.458204279402395,38.73564529418945,16400,0.0,0.0
2014-05-28 00:00:00-04:00,38.88252233102933,40.22892465624906,38.60508134252543,39.84540557861328,9900,0.0,0.0
2014-05-29 00:00:00-04:00,40.34317474400585,42.20366312631338,39.616932796271485,41.82014083862305,9900,0.0,0.0
2014-05-30 00:00:00-04:00,42.04861812807048,44.96174751757286,41.199977685938855,44.7251091003418,14500,0.0,0.0
2014-06-02 00:00:00-04:00,44.6843040043543,45.42686629566265,41.877255992631106,42.464778900146484,20300,0.0,0.0
2014-06-03 00:00:00-04:00,42.171035789579925,42.81567891430467,40.02494700252136,40.84095001220703,8000,0.0,0.0
2014-06-04 00:00:00-04:00,41.044931017140115,41.632453897542916,40.45741124954027,41.077571868896484,7000,0.0,0.0
2014-06-05 00:00:00-04:00,40.832786029042055,41.87726874919017,40.832786029042055,41.43662643432617,7500,0.0,0.0
2014-06-06 00:00:00-04:00,41.771173483411566,42.179174798160744,41.18365370687879,42.048614501953125,6700,0.0,0.0
2014-06-09 00:00:00-04:00,41.689580100911876,42.22814178466797,41.689580100911876,42.22814178466797,5300,0.0,0.0
2014-06-10 00:00:00-04:00,40.63694822955468,42.456634521484375,40.63694822955468,42.456634521484375,6300,0.0,0.0
2014-06-11 00:00:00-04:00,42.383196336181655,43.444002767392334,42.383196336181655,43.05231857299805,6900,0.0,0.0
2014-06-12 00:00:00-04:00,42.48110793836392,43.06046919360769,42.35054761164977,42.47294616699219,2800,0.0,0.0
2014-06-13 00:00:00-04:00,42.750391935829384,43.28895373165239,42.57903207188662,42.74223327636719,4600,0.0,0.0
2014-06-16 00:00:00-04:00,42.75862313963977,44.300063057384854,42.75862313963977,43.225975036621094,7100,0.25,0.0
2014-06-17 00:00:00-04:00,43.324358823239194,43.324358823239194,41.372957990972786,41.8485107421875,9700,0.0,0.0
2014-06-18 00:00:00-04:00,41.63532694946529,42.83240649880332,41.63532694946529,42.66842269897461,4000,0.0,0.0
2014-06-19 00:00:00-04:00,42.963614712877046,42.963614712877046,41.782933257216676,42.438865661621094,4600,0.0,0.0
2014-06-20 00:00:00-04:00,42.693027627473874,42.96360141992456,41.66813258527845,42.2830696105957,16800,0.0,0.0
2014-06-23 00:00:00-04:00,42.30767112715941,43.4555549621582,42.30767112715941,43.4555549621582,3500,0.0,0.0
2014-06-24 00:00:00-04:00,43.29156543978395,44.08688498390365,43.29156543978395,43.92290115356445,4100,0.0,0.0
2014-06-25 00:00:00-04:00,43.11119353337333,43.201381684388245,42.73402971972899,43.19318389892578,3800,0.0,0.0
2014-06-26 00:00:00-04:00,43.34896171224115,43.34896171224115,42.11088982368252,42.95540237426758,5000,0.0,0.0
2014-06-27 00:00:00-04:00,42.67664012081599,43.865519307019994,42.414267171441175,42.89801788330078,49100,0.0,0.0
2014-06-30 00:00:00-04:00,42.23388085109767,43.25877607113504,41.58614944911037,42.17648696899414,4900,0.0,0.0
2014-07-01 00:00:00-04:00,43.414567784038546,43.414567784038546,42.31587984037628,42.84882354736328,9100,0.0,0.0
2014-07-02 00:00:00-04:00,43.41455447927339,43.41455447927339,42.406058136185976,42.68482971191406,4800,0.0,0.0
2014-07-03 00:00:00-04:00,42.717623976400965,42.717623976400965,42.36505983275016,42.69302749633789,2500,0.0,0.0
2014-07-07 00:00:00-04:00,42.71763745492554,42.71763745492554,41.96331596948975,42.23388671875,4300,0.0,0.0
2014-07-08 00:00:00-04:00,41.4221489316543,42.63562400888725,41.4221489316543,41.82390594482422,6400,0.0,0.0
2014-07-09 00:00:00-04:00,41.307377636569086,41.856719970703125,41.307377636569086,41.856719970703125,900,0.0,0.0
2014-07-10 00:00:00-04:00,41.33198536912696,41.51236797699873,40.86463327394359,41.0122184753418,3400,0.0,0.0
2014-07-11 00:00:00-04:00,41.00400246514887,41.00400246514887,40.315272821408634,40.60224533081055,2900,0.0,0.0
2014-07-14 00:00:00-04:00,40.954803889351254,40.954803889351254,39.83971765440425,40.65143585205078,3400,0.0,0.0
2014-07-15 00:00:00-04:00,40.68423802533985,41.15158997531537,38.94601668283911,40.05290222167969,10800,0.0,0.0
2014-07-16 00:00:00-04:00,40.19228950062761,40.39726853533436,39.94631528452588,40.24968338012695,4600,0.0,0.0
2014-07-17 00:00:00-04:00,40.110304971209935,40.864629613876154,39.774139404296875,39.774139404296875,6600,0.0,0.0
2014-07-18 00:00:00-04:00,39.27398756955894,40.20869154517715,39.27398756955894,39.81513214111328,10700,0.0,0.0
2014-07-21 00:00:00-04:00,39.92991044245252,40.43825749454157,39.64293796138007,40.07749557495117,12200,0.0,0.0
2014-07-22 00:00:00-04:00,40.979420963625394,41.315586559784,40.05291456339007,40.69245147705078,7800,0.0,0.0
2014-07-23 00:00:00-04:00,40.471056717482256,42.41425687969144,40.471056717482256,41.88131332397461,8100,0.0,0.0
2014-07-24 00:00:00-04:00,42.05348450865205,42.05348450865205,41.20896906008065,41.82390594482422,4800,0.0,0.0
2014-07-25 00:00:00-04:00,41.40576171875,41.40576171875,41.33196914701326,41.40576171875,4900,0.0,0.0
2014-07-28 00:00:00-04:00,41.40576872979458,42.79962691654202,40.78263378451862,41.91411590576172,6400,0.0,0.0
2014-07-29 00:00:00-04:00,41.651726074600504,42.43064678607462,41.651726074600504,41.971492767333984,12900,0.0,0.0
2014-07-30 00:00:00-04:00,41.40576498398583,42.62744140625,41.40576498398583,42.62744140625,5300,0.0,0.0
2014-07-31 00:00:00-04:00,42.22567356620077,43.44734976985184,42.22567356620077,42.643829345703125,8000,0.0,0.0
2014-08-01 00:00:00-04:00,43.045601351106384,43.48015594482422,42.19288773559066,43.48015594482422,5500,0.0,0.0
2014-08-04 00:00:00-04:00,43.693343994849826,44.103302178788596,42.23389073316956,43.38997268676758,7200,0.0,0.0
2014-08-05 00:00:00-04:00,43.46376528498586,44.013110877884834,42.693045025164764,43.38997268676758,10900,0.0,0.0
2014-08-06 00:00:00-04:00,42.92260063678505,43.86550527223399,42.52084355498008,43.660526275634766,3000,0.0,0.0
2014-08-07 00:00:00-04:00,42.94720536290155,43.51294633497322,41.553347394321,41.83211898803711,5100,0.0,0.0
2014-08-08 00:00:00-04:00,41.80751419067383,41.90590322543545,41.799313279933926,41.80751419067383,2200,0.0,0.0
2014-08-11 00:00:00-04:00,42.68484319868563,43.488360787845785,41.29098487963947,42.75043487548828,10600,0.0,0.0
2014-08-12 00:00:00-04:00,42.73402404785156,43.66053006873701,42.020697953479285,42.73402404785156,32000,0.0,0.0
2014-08-13 00:00:00-04:00,42.717631901753705,43.01280222819898,42.51265285591471,42.799625396728516,3900,0.0,0.0
2014-08-14 00:00:00-04:00,42.64384486372139,43.02920652086887,41.987912457313655,42.23388671875,12200,0.0,0.0
2014-08-15 00:00:00-04:00,42.766828499235714,42.766828499235714,41.741933258046465,42.49625778198242,4000,0.0,0.0
2014-08-18 00:00:00-04:00,42.766829364274685,43.143990070005415,41.83212538584109,42.84062194824219,5200,0.0,0.0
2014-08-19 00:00:00-04:00,42.83241914774889,43.33256534971615,42.39786148071289,42.39786148071289,2700,0.0,0.0
2014-08-20 00:00:00-04:00,42.38966240291912,42.38966240291912,42.1436882019043,42.1436882019043,1300,0.0,0.0
2014-08-21 00:00:00-04:00,42.56183359507334,42.61922745697994,41.31556107074395,41.66812515258789,3600,0.0,0.0
2014-08-22 00:00:00-04:00,41.454964259455714,41.684539794921875,41.42216686075138,41.684539794921875,1700,0.0,0.0
2014-08-25 00:00:00-04:00,41.21718400614517,41.21718400614517,40.954811096191406,40.954811096191406,1200,0.0,0.0
2014-08-26 00:00:00-04:00,41.61894925046447,42.63564682006836,41.33197980180697,42.63564682006836,7800,0.0,0.0
2014-08-27 00:00:00-04:00,42.20927116711957,42.627430037659195,41.372956553771324,42.225669860839844,3700,0.0,0.0
2014-08-28 00:00:00-04:00,42.71762680255771,42.99639839673111,41.52055006840852,42.553646087646484,4300,0.0,0.0
2014-08-29 00:00:00-04:00,42.4880605573299,43.7015362529239,39.63475233346309,42.70943832397461,19800,0.0,0.0
2014-09-02 00:00:00-04:00,42.58645123996636,42.58645123996636,40.99581475351371,41.815731048583984,11700,0.0,0.0
2014-09-03 00:00:00-04:00,41.79112342824228,41.79112342824228,40.99580383300781,40.99580383300781,3200,0.0,0.0
2014-09-04 00:00:00-04:00,41.38115384041299,41.38115384041299,40.995792391063155,41.003990173339844,2000,0.0,0.0
2014-09-05 00:00:00-04:00,41.01221248860251,41.47956451556438,40.60225435072491,41.15979766845703,11800,0.0,0.0
2014-09-08 00:00:00-04:00,40.208678659535096,41.1187858581543,40.18407905434869,41.1187858581543,3200,0.0,0.0
2014-09-09 00:00:00-04:00,40.85641300736878,41.192578419435605,40.55304185599958,41.126983642578125,4100,0.0,0.0
2014-09-10 00:00:00-04:00,40.99581676535293,41.58615752764844,40.84003378762832,41.3565788269043,4500,0.0,0.0
2014-09-11 00:00:00-04:00,41.10241107369233,41.66815227838012,40.995821063162886,41.56976318359375,3100,0.0,0.0
2014-09-12 00:00:00-04:00,41.61894304351401,42.217484594704416,40.74983391277823,41.430362701416016,19400,0.0,0.0
2014-09-15 00:00:00-04:00,41.684533462460685,42.799619827154196,41.684533462460685,41.93050765991211,3800,0.0,0.0
2014-09-16 00:00:00-04:00,41.9140326964239,43.248824312587594,40.89234384057933,42.169456481933594,3300,0.25,0.0
2014-09-17 00:00:00-04:00,41.930510756255885,43.1087509585896,41.07360821945009,42.03762435913086,5300,0.0,0.0
2014-09-18 00:00:00-04:00,42.161225323384976,42.161225323384976,40.60397121004815,42.021156311035156,2900,0.0,0.0
2014-09-19 00:00:00-04:00,42.17770458538457,43.39714168547424,40.93355016384442,42.021156311035156,8300,0.0,0.0
2014-09-22 00:00:00-04:00,41.988175145693276,41.988175145693276,40.96648659742749,41.27958297729492,3900,0.0,0.0
2014-09-23 00:00:00-04:00,41.24663680757015,41.65036759800058,40.53804448123463,40.62043762207031,4400,0.0,0.0
2014-09-24 00:00:00-04:00,40.727544702565176,41.123037372865525,40.28261426981616,40.49684143066406,4100,0.0,0.0
2014-09-25 00:00:00-04:00,40.55453473738839,40.62868984149189,40.12608337402344,40.12608337402344,5200,0.0,0.0
2014-09-26 00:00:00-04:00,40.175506948200685,40.175506948200685,39.203255946683804,39.384521484375,4200,0.0,0.0
2014-09-29 00:00:00-04:00,39.14558147453258,39.994246005928765,39.14558147453258,39.8459358215332,3800,0.0,0.0
2014-09-30 00:00:00-04:00,39.8541651622259,40.34853338311328,39.15381411150607,40.17550277709961,7400,0.0,0.0
2014-10-01 00:00:00-04:00,40.15078579503092,40.61219550968611,38.997266223037755,39.59050369262695,9000,0.0,0.0
2014-10-02 00:00:00-04:00,39.82944972353672,40.16726660929616,39.82944972353672,40.150787353515625,2500,0.0,0.0
2014-10-03 00:00:00-04:00,40.200225866781125,40.38973259712869,40.200225866781125,40.24966049194336,2800,0.0,0.0
2014-10-06 00:00:00-04:00,40.414453415678594,40.414453415678594,39.07966498786068,39.565792083740234,2800,0.0,0.0
2014-10-07 00:00:00-04:00,39.63172224624046,39.977780509995874,39.466935889602745,39.47517395019531,7300,0.0,0.0
2014-10-08 00:00:00-04:00,40.21671601364329,40.99122240085795,39.475165004428945,40.78523635864258,12200,0.0,0.0
2014-10-09 00:00:00-04:00,40.84289592139703,40.982968008689575,40.546275635926996,40.66986846923828,3100,0.0,0.0
2014-10-10 00:00:00-04:00,40.4474136866211,41.3290335718643,39.59051111717628,40.19198989868164,7100,0.0,0.0
2014-10-13 00:00:00-04:00,40.40622223091514,42.639110142997296,39.78826411290069,41.73277282714844,4500,0.0,0.0
2014-10-14 00:00:00-04:00,42.19417734754121,43.40537620159971,39.78826204198263,43.38889694213867,18800,0.0,0.0
2014-10-15 00:00:00-04:00,42.57318708034511,44.616571067497524,40.85114705241007,42.35896301269531,4400,0.0,0.0
2014-10-16 00:00:00-04:00,41.543262148779306,44.91319381672923,41.1972071176776,42.71326446533203,10800,0.0,0.0
2014-10-17 00:00:00-04:00,43.49600610774563,43.49600610774563,39.84593380258367,41.65861129760742,5700,0.0,0.0
2014-10-20 00:00:00-04:00,41.5597405038065,42.845094469403676,41.1889681622992,42.64734649658203,2500,0.0,0.0
2014-10-21 00:00:00-04:00,41.55149546304531,42.84508726954339,41.23015781141923,42.836849212646484,4500,0.0,0.0
2014-10-22 00:00:00-04:00,41.617424288098896,42.84510265086566,41.19721408737083,41.42791748046875,2900,0.0,0.0
2014-10-23 00:00:00-04:00,41.54324663292426,42.84507940031228,41.1971917310695,42.82036209106445,6600,0.0,0.0
2014-10-24 00:00:00-04:00,42.24361613802922,42.31777123583186,41.23840328850396,41.856361389160156,5300,0.0,0.0
2014-10-27 00:00:00-04:00,41.444389781783855,42.8121369340176,40.08488383111817,41.889320373535156,3500,0.0,0.0
2014-10-28 00:00:00-04:00,41.27135607858056,43.66903305053711,41.27135607858056,43.66903305053711,8300,0.0,0.0
2014-10-29 00:00:00-04:00,43.982134860565175,44.534175872802734,41.872836932683114,44.534175872802734,5200,0.0,0.0
2014-10-30 00:00:00-04:00,44.64127474592197,46.13261413574219,43.76789319794109,46.13261413574219,5100,0.0,0.0
2014-10-31 00:00:00-04:00,46.4045180050019,47.063672465252644,44.55888551629982,46.800010681152344,11300,0.0,0.0
2014-11-03 00:00:00-05:00,47.23671702155547,47.6486890738219,46.742348672977364,47.06368637084961,3800,0.0,0.0
2014-11-04 00:00:00-05:00,46.40452936674763,48.08537600925001,46.371570849891384,47.21199417114258,3300,0.0,0.0
2014-11-05 00:00:00-05:00,46.38806065657982,47.99475257305266,46.38806065657982,47.11313247680664,3900,0.0,0.0
2014-11-06 00:00:00-05:00,46.28092382750255,49.04113756801998,46.28092382750255,48.62916564941406,6200,0.0,0.0
2014-11-07 00:00:00-05:00,48.61269586519829,48.61269586519829,47.459173011158214,48.19248580932617,4200,0.0,0.0
2014-11-10 00:00:00-05:00,47.30261677033043,48.200715701431385,46.96479991421519,47.95353317260742,5600,0.0,0.0
2014-11-11 00:00:00-05:00,48.21721025650904,49.39545059899327,45.73713669636075,49.1894645690918,3700,0.0,0.0
2014-11-12 00:00:00-05:00,48.71981456811228,49.584955227712804,47.401502147823486,49.4036865234375,6200,0.0,0.0
2014-11-13 00:00:00-05:00,49.205946246510706,49.36249450541315,48.07714048415386,48.83517074584961,6800,0.0,0.0
2014-11-14 00:00:00-05:00,47.40149084186587,49.395436684016865,47.40149084186587,48.975223541259766,5100,0.0,0.0
2014-11-17 00:00:00-05:00,48.68684379596005,49.39543603275975,48.57973021193077,49.28832244873047,2300,0.0,0.0
2014-11-18 00:00:00-05:00,49.37071868970851,49.387197945451,48.43142311406309,49.238887786865234,2400,0.0,0.0
2014-11-19 00:00:00-05:00,48.12656879090536,49.082343702731386,48.03593444824219,48.03593444824219,2900,0.0,0.0
2014-11-20 00:00:00-05:00,47.62395855002497,48.604453838814216,45.87719829758813,47.57452392578125,4300,0.0,0.0
2014-11-21 00:00:00-05:00,48.34902255056316,48.620922370800535,47.434444427490234,47.434444427490234,3300,0.0,0.0
2014-11-24 00:00:00-05:00,47.516855424113025,48.95051956176758,46.64347667709003,48.95051956176758,2400,0.0,0.0
2014-11-25 00:00:00-05:00,48.464380628371984,48.6126907839062,46.89064788295583,48.06064987182617,2800,0.0,0.0
2014-11-26 00:00:00-05:00,48.077125642347774,48.596211183027314,46.57754798535939,48.489097595214844,3000,0.0,0.0
2014-11-28 00:00:00-05:00,48.200727932531294,48.34079691527251,47.788755898919916,47.846431732177734,2200,0.0,0.0
2014-12-01 00:00:00-05:00,47.459168214974646,47.459168214974646,45.32515335083008,45.32515335083008,9200,0.0,0.0
2014-12-02 00:00:00-05:00,45.39931625185855,45.39931625185855,43.19938712988655,44.1057243347168,7600,0.0,0.0
2014-12-03 00:00:00-05:00,43.73494676885671,47.05543991149239,43.73494676885671,43.75142288208008,1700,0.0,0.0
2014-12-04 00:00:00-05:00,44.19635186128986,46.396283786758566,43.30649405212592,43.397125244140625,2800,0.0,0.0
2014-12-05 00:00:00-05:00,43.41362340131,46.14088012598626,43.166440743540385,45.01207733154297,4400,0.0,0.0
2014-12-08 00:00:00-05:00,44.608329874624964,47.77227511763142,44.608329874624964,46.25621795654297,9300,0.0,0.0
2014-12-09 00:00:00-05:00,45.72065490713013,47.70635986328125,45.08621763657935,47.70635986328125,7700,0.0,0.0
2014-12-10 00:00:00-05:00,48.53030483659692,48.60445992534529,45.33340110614079,47.40974044799805,8700,0.0,0.0
2014-12-11 00:00:00-05:00,47.31910873467122,47.31910873467122,45.341641686735194,46.709388732910156,8500,0.0,0.0
2014-12-12 00:00:00-05:00,46.24175546626567,47.17702008175474,45.455471166776604,45.80309295654297,3400,0.255,0.0
2014-12-15 00:00:00-05:00,44.69401598190513,46.34934990716087,44.69401598190513,46.142433166503906,5900,0.0,0.0
2014-12-16 00:00:00-05:00,46.07621418419442,47.48324852662031,46.07621418419442,46.90388107299805,4400,0.0,0.0
2014-12-17 00:00:00-05:00,47.22668543967583,49.080657958984375,45.25683687527353,49.080657958984375,11200,0.0,0.0
2014-12-18 00:00:00-05:00,49.552411122632876,49.552411122632876,46.43210686426534,48.542659759521484,5900,0.0,0.0
2014-12-19 00:00:00-05:00,48.310930258193295,49.742794036865234,47.40877294593184,49.742794036865234,15100,0.0,0.0
2014-12-22 00:00:00-05:00,49.29584180221054,49.29584180221054,46.09276861935499,47.1770133972168,9000,0.0,0.0
2014-12-23 00:00:00-05:00,47.61567633839635,48.8323477068518,46.89560701049149,48.418514251708984,4700,0.0,0.0
2014-12-24 00:00:00-05:00,47.19358231737274,49.76762771606445,47.19358231737274,49.76762771606445,1700,0.0,0.0
2014-12-26 00:00:00-05:00,49.80899923024505,49.80899923024505,46.68041904856412,49.66001892089844,5800,0.0,0.0
2014-12-29 00:00:00-05:00,49.37861494523247,49.37861494523247,47.68189816307137,48.493011474609375,2800,0.0,0.0
2014-12-30 00:00:00-05:00,48.06262273668475,49.33723068237305,46.68869563442176,49.33723068237305,9700,0.0,0.0
2014-12-31 00:00:00-05:00,49.246169437229554,50.48766950707568,49.246169437229554,49.701385498046875,4500,0.0,0.0
2015-01-02 00:00:00-05:00,49.77589491228542,49.77589491228542,47.26806480996929,47.90536880493164,4600,0.0,0.0
2015-01-05 00:00:00-05:00,47.50808334350586,47.50808334350586,47.50808334350586,47.50808334350586,1300,0.0,0.0
2015-01-06 00:00:00-05:00,47.350824776312706,47.350824776312706,44.81816596611107,46.4652214050293,3600,0.0,0.0
2015-01-07 00:00:00-05:00,47.99640711236408,47.99640711236408,46.11760278467711,47.92191696166992,2100,0.0,0.0
2015-01-08 00:00:00-05:00,47.97157220271807,49.15513610839844,47.96329692302669,49.15513610839844,3400,0.0,0.0
2015-01-09 00:00:00-05:00,48.80753675769867,49.204816642664206,46.69698283020073,48.360595703125,5700,0.0,0.0
2015-01-12 00:00:00-05:00,48.004687398302025,49.18825149536133,48.004687398302025,49.18825149536133,2600,0.0,0.0
2015-01-13 00:00:00-05:00,48.435075186863365,50.39664517252107,47.98813423095174,49.11376190185547,7800,0.0,0.0
2015-01-14 00:00:00-05:00,49.246182055886194,49.65174023849906,47.35082403917686,48.377132415771484,20000,0.0,0.0
2015-01-15 00:00:00-05:00,47.87224937894312,48.95649405846426,46.68041028521407,48.046058654785156,5900,0.0,0.0
2015-01-16 00:00:00-05:00,47.87225741743697,50.32215087790427,47.87225741743697,50.22283172607422,2800,0.0,0.0
2015-01-20 00:00:00-05:00,49.57724104033305,50.07383984196216,48.04605561359662,48.385398864746094,10900,0.0,0.0
2015-01-21 00:00:00-05:00,48.37712869474443,49.65173641943291,47.18528639330126,48.58404541015625,7800,0.0,0.0
2015-01-22 00:00:00-05:00,49.080653053277814,49.080653053277814,47.16046584298499,48.22815704345703,13600,0.0,0.0
2015-01-23 00:00:00-05:00,47.996411608700946,50.073854427989396,47.75638741650095,48.26126480102539,13500,0.0,0.0
2015-01-26 00:00:00-05:00,48.824069196628386,49.18824147643191,48.16193318636963,49.07236862182617,15300,0.0,0.0
2015-01-27 00:00:00-05:00,48.96477719813107,48.96477719813107,48.012958931778684,48.186771392822266,2400,0.0,0.0
2015-01-28 00:00:00-05:00,48.915127419174965,49.99109724259035,48.33576293862775,49.25447082519531,24800,0.0,0.0
2015-01-29 00:00:00-05:00,49.39516362858524,49.39516362858524,46.440392881632874,48.70819854736328,24700,0.0,0.0
2015-01-30 00:00:00-05:00,48.741304726270066,49.53586421681486,46.456945401629106,46.92043685913086,9400,0.0,0.0
2015-02-02 00:00:00-05:00,47.49980974054922,47.615682618103094,45.04163768247383,46.945274353027344,13000,0.0,0.0
2015-02-03 00:00:00-05:00,47.715009886427694,48.21988416856051,47.30945161559375,48.21160888671875,2900,0.0,0.0
2015-02-04 00:00:00-05:00,47.69845319690568,49.1385921025016,44.84300122969408,45.19889831542969,17400,0.0,0.0
2015-02-05 00:00:00-05:00,46.74663982731659,47.09426166894596,45.37271249712345,46.672149658203125,3800,0.0,0.0
2015-02-06 00:00:00-05:00,48.004683427516476,48.766135511208105,47.061143603246904,47.632232666015625,25200,0.0,0.0
2015-02-09 00:00:00-05:00,47.38393768954441,48.54267279989399,46.514887935431815,47.90536880493164,6800,0.0,0.0
2015-02-10 00:00:00-05:00,48.58405788842589,49.370342240398834,47.06942562709175,48.08745574951172,2600,0.0,0.0
2015-02-11 00:00:00-05:00,48.5012814423155,48.58405003073102,47.03631373629705,47.673614501953125,2500,0.0,0.0
2015-02-12 00:00:00-05:00,46.37418998716112,48.973064365665145,46.37418998716112,48.35231399536133,3000,0.0,0.0
2015-02-13 00:00:00-05:00,48.35230898454579,48.41024858448547,47.35083258199192,48.021244049072266,3000,0.0,0.0
2015-02-17 00:00:00-05:00,48.418537172777896,48.418537172777896,46.622500642727665,48.004703521728516,1700,0.0,0.0
2015-02-18 00:00:00-05:00,47.905373600559656,49.941433949971376,46.6307654830387,48.757869720458984,11600,0.0,0.0
2015-02-19 00:00:00-05:00,48.41024032479521,49.1385849529474,48.286089021863084,48.824073791503906,2900,0.0,0.0
2015-02-20 00:00:00-05:00,49.039262995424515,49.039262995424515,46.779732775523826,48.46817398071289,5100,0.0,0.0
2015-02-23 00:00:00-05:00,47.47497155544561,49.46137012342123,47.47497155544561,48.96477127075195,1700,0.0,0.0
2015-02-24 00:00:00-05:00,48.178499623622095,49.436553955078125,48.178499623622095,49.436553955078125,1100,0.0,0.0
2015-02-25 00:00:00-05:00,48.89856975191445,49.85866338246468,47.55774688720703,47.55774688720703,900,0.0,0.0
2015-02-26 00:00:00-05:00,48.0046785667178,50.08212102582474,47.25977711914241,49.2379035949707,7300,0.0,0.0
2015-02-27 00:00:00-05:00,50.29733235527312,50.29733235527312,49.13032181698192,49.163429260253906,2400,0.0,0.0
2015-03-02 00:00:00-05:00,49.24617887447774,49.24617887447774,47.92191314245322,49.2379035949707,2000,0.0,0.0
2015-03-03 00:00:00-05:00,49.57724904172212,50.29731836748747,49.295842166769184,49.527587890625,4100,0.0,0.0
2015-03-04 00:00:00-05:00,49.37861423782274,50.297325134277344,49.37861423782274,50.297325134277344,800,0.0,0.0
2015-03-05 00:00:00-05:00,49.85038259055854,50.28904508634605,49.345505219852676,49.726234436035156,7600,0.0,0.0
2015-03-06 00:00:00-05:00,49.626917281568126,50.09041198227226,49.24619118311438,49.26274490356445,7600,0.0,0.0
2015-03-09 00:00:00-04:00,49.37033674011278,49.76761651260409,49.12203411966911,49.66001892089844,5300,0.0,0.0
2015-03-10 00:00:00-04:00,48.79098278596584,50.04903732726504,47.27635027228132,49.295860290527344,2900,0.0,0.0
2015-03-11 00:00:00-04:00,48.38541679807844,49.35378892465551,48.38541679807844,48.53439712524414,3000,0.0,0.0
2015-03-12 00:00:00-04:00,49.10546177956133,49.65999689606455,48.74956488255573,49.618614196777344,2900,0.0,0.0
2015-03-13 00:00:00-04:00,49.660018662274894,49.660018662274894,47.4998073452981,48.83235168457031,2300,0.0,0.0
2015-03-16 00:00:00-04:00,49.459971376397505,49.792476654052734,49.459971376397505,49.792476654052734,1100,0.255,0.0
2015-03-17 00:00:00-04:00,49.410077944283366,49.875584541566184,49.094201525309856,49.5430793762207,5500,0.0,0.0
2015-03-18 00:00:00-04:00,49.135765075683594,49.135765075683594,49.135765075683594,49.135765075683594,800,0.0,0.0
2015-03-19 00:00:00-04:00,48.005246758641626,49.617889404296875,48.005246758641626,49.617889404296875,2800,0.0,0.0
2015-03-20 00:00:00-04:00,49.61789588436793,53.184001156068035,48.00525302810237,52.11167526245117,38700,0.0,0.0
2015-03-23 00:00:00-04:00,52.11166430069319,52.11166430069319,49.45994726135183,50.10001754760742,11500,0.0,0.0
2015-03-24 00:00:00-04:00,51.93710350842641,51.93710350842641,49.63451385498047,49.63451385498047,5800,0.0,0.0
2015-03-25 00:00:00-04:00,48.64531751386182,51.24716123542988,48.20475089220802,48.47906494140625,9400,0.0,0.0
2015-03-26 00:00:00-04:00,50.174832678771914,50.174832678771914,48.96119435813193,49.06925582885742,2100,0.0,0.0
2015-03-27 00:00:00-04:00,48.9861328678532,50.37433500206975,47.82236805524929,49.659454345703125,3000,0.0,0.0
2015-03-30 00:00:00-04:00,49.185629856676464,49.8340145121213,47.39842358851094,48.545562744140625,9400,0.0,0.0
2015-03-31 00:00:00-04:00,47.98030598147484,51.072589592280345,47.43998596344773,49.75920104980469,11100,0.0,0.0
2015-04-01 00:00:00-04:00,49.052640944924796,49.052640944924796,47.67274976038255,48.213069915771484,7300,0.0,0.0
2015-04-02 00:00:00-04:00,48.25462556308576,49.04432292230678,47.805744558349076,48.462440490722656,4500,0.0,0.0
2015-04-06 00:00:00-04:00,48.46244309255363,50.86478327765126,48.3460672341897,49.08588790893555,6000,0.0,0.0
2015-04-07 00:00:00-04:00,48.31279852557448,49.11912120979053,48.31279852557448,48.80324172973633,4400,0.0,0.0
2015-04-08 00:00:00-04:00,49.43501655472367,49.493204481433445,48.26294047656294,48.48738098144531,3800,0.0,0.0
2015-04-09 00:00:00-04:00,48.50399722662207,48.64531300997684,48.329433468657754,48.545562744140625,2000,0.0,0.0
2015-04-10 00:00:00-04:00,48.67024450616363,49.044311926242436,48.379304941104245,48.87805938720703,2100,0.0,0.0
2015-04-13 00:00:00-04:00,49.0858867526587,49.20226260828126,48.736759185791016,48.736759185791016,1900,0.0,0.0
2015-04-14 00:00:00-04:00,49.027690470690764,49.19394302368164,49.027690470690764,49.19394302368164,1200,0.0,0.0
2015-04-15 00:00:00-04:00,49.210575103759766,49.360202104138075,49.044322528783404,49.210575103759766,2200,0.0,0.0
2015-04-16 00:00:00-04:00,49.376830074425555,49.376830074425555,46.64198475493641,47.381805419921875,16300,0.0,0.0
2015-04-17 00:00:00-04:00,46.72510535261474,47.506491472910106,44.22301513778527,44.68851852416992,19900,0.0,0.0
2015-04-20 00:00:00-04:00,45.02933331603396,46.53391441065037,44.50564202433651,45.69434356689453,6700,0.0,0.0
2015-04-21 00:00:00-04:00,45.361839702941516,45.802406311035156,44.38095304374876,45.802406311035156,1400,0.0,0.0
2015-04-22 00:00:00-04:00,45.2288416452393,46.55054473876953,45.2288416452393,46.55054473876953,2900,0.0,0.0
2015-04-23 00:00:00-04:00,46.88305040123499,48.45413079566607,46.79992252499267,47.548057556152344,4900,0.0,0.0
2015-04-24 00:00:00-04:00,47.506495203533305,47.548057556152344,47.23217796844001,47.548057556152344,2900,0.0,0.0
2015-04-27 00:00:00-04:00,47.19892112708658,47.73092678687561,47.19892112708658,47.43998718261719,3500,0.0,0.0
2015-04-28 00:00:00-04:00,48.15487386446709,48.15487386446709,46.94954668554609,47.79743194580078,2400,0.0,0.0
2015-04-29 00:00:00-04:00,47.090859988227955,47.090859988227955,46.69185256958008,46.69185256958008,1600,0.0,0.0
2015-04-30 00:00:00-04:00,46.72511413168283,46.72511413168283,44.580465426162455,44.81321716308594,5700,0.0,0.0
2015-05-01 00:00:00-04:00,44.58877171468314,45.386780299897936,44.57214613944897,44.829837799072266,4700,0.0,0.0
2015-05-04 00:00:00-04:00,44.68020689218814,45.51146655529862,44.62201896945073,44.85477066040039,4800,0.0,0.0
2015-05-05 00:00:00-04:00,44.6802194258725,44.75503294337928,43.76583480834961,43.76583480834961,3700,0.0,0.0
2015-05-06 00:00:00-04:00,44.05676077534578,44.87139483935058,42.9678095089598,44.55551528930664,10800,0.0,0.0
2015-05-07 00:00:00-04:00,44.40587993041531,45.71096023224637,44.40587993041531,45.51976776123047,2700,0.0,0.0
2015-05-08 00:00:00-04:00,45.918785647363244,46.52560482701743,45.918785647363244,46.484039306640625,2900,0.0,0.0
2015-05-11 00:00:00-04:00,45.444960647918656,46.018531799316406,45.444960647918656,46.018531799316406,2000,0.0,0.0
2015-05-12 00:00:00-04:00,44.88802876147324,45.28703308105469,44.88802876147324,45.28703308105469,1600,0.0,0.0
2015-05-13 00:00:00-04:00,45.278715661269246,45.31196363841583,44.6802076785745,44.979461669921875,3800,0.0,0.0
2015-05-14 00:00:00-04:00,45.137397418637164,45.669403076171875,44.68020525488102,45.669403076171875,2600,0.0,0.0
2015-05-15 00:00:00-04:00,45.719293871903794,45.719293871903794,44.84647162309568,45.3452262878418,2200,0.0,0.0
2015-05-18 00:00:00-04:00,45.15402777495679,46.11828892413317,45.12077662508762,46.10997772216797,4900,0.0,0.0
2015-05-19 00:00:00-04:00,45.72758762869528,46.184782929780404,45.528087107315976,45.719276428222656,3800,0.0,0.0
2015-05-20 00:00:00-04:00,46.55053662102526,46.558847821608836,45.71927703850695,45.89384078979492,2400,0.0,0.0
2015-05-21 00:00:00-04:00,45.15403096560988,49.119140494068816,45.11246861083866,46.301170349121094,3000,0.0,0.0
2015-05-22 00:00:00-04:00,45.386776935500556,46.55054174759196,44.98777267247025,45.029335021972656,4400,0.0,0.0
2015-05-26 00:00:00-04:00,45.27040976820152,46.55055067274306,44.888031005859375,44.888031005859375,2800,0.0,0.0
2015-05-27 00:00:00-04:00,45.29534276094095,45.61953353881836,45.29534276094095,45.61953353881836,1200,0.0,0.0
2015-05-28 00:00:00-04:00,45.619540683818066,45.619540683818066,44.08170808474148,44.64696502685547,2900,0.0,0.0
2015-05-29 00:00:00-04:00,44.30614463195356,45.6112222031862,44.30614463195356,45.49484634399414,2400,0.0,0.0
2015-06-01 00:00:00-04:00,45.30364329843187,45.61120842927423,44.771637719352114,45.311954498291016,3900,0.0,0.0
2015-06-02 00:00:00-04:00,45.49484395513131,45.51978073193326,44.85477359217975,45.187278747558594,2600,0.0,0.0
2015-06-03 00:00:00-04:00,45.55303246398444,45.577972412109375,44.91296209285075,45.577972412109375,2000,0.0,0.0
2015-06-04 00:00:00-04:00,44.888031005859375,45.536412661222535,44.879719802766985,44.888031005859375,2800,0.0,0.0
2015-06-05 00:00:00-04:00,45.453285217285156,45.453285217285156,45.453285217285156,45.453285217285156,600,0.0,0.0
2015-06-08 00:00:00-04:00,45.50315959251419,46.31779375772489,45.46990844185149,45.511470794677734,5300,0.0,0.0
2015-06-09 00:00:00-04:00,46.25960913305684,46.25960913305684,45.336910247802734,45.336910247802734,700,0.0,0.0
2015-06-10 00:00:00-04:00,46.924618910695,46.924618910695,46.30117402659632,46.542240142822266,1600,0.0,0.0
2015-06-11 00:00:00-04:00,48.07175674134882,48.07175674134882,45.885542534659464,47.09086990356445,2500,0.0,0.0
2015-06-12 00:00:00-04:00,47.232175105630986,48.13824829022633,46.82485963524643,47.79743194580078,3800,0.0,0.0
2015-06-15 00:00:00-04:00,46.966184161743705,48.49570249845307,46.66693009158244,47.02437210083008,3400,0.0,0.0
2015-06-16 00:00:00-04:00,47.33192934597005,47.57299543615377,46.750050053808415,47.165679931640625,2400,0.0,0.0
2015-06-17 00:00:00-04:00,47.595711188400706,47.846214294433594,47.595711188400706,47.846214294433594,1500,0.255,0.0
2015-06-18 00:00:00-04:00,47.59569781101091,49.22397232055664,47.59569781101091,49.22397232055664,4200,0.0,0.0
2015-06-19 00:00:00-04:00,48.4724710140329,49.64148969232157,48.09671478277442,49.27408218383789,10400,0.0,0.0
2015-06-22 00:00:00-04:00,48.480829426039485,49.357591959717645,48.22197439081943,48.55598068237305,5100,0.0,0.0
2015-06-23 00:00:00-04:00,48.597719751595584,49.265728999267544,48.47246662407987,48.906673431396484,4000,0.0,0.0
2015-06-24 00:00:00-04:00,48.90667041223085,49.47447903402921,48.43071365356445,48.43071365356445,7200,0.0,0.0
2015-06-25 00:00:00-04:00,48.75637520259147,49.22398330938285,48.51422083378953,49.15718078613281,5000,0.0,0.0
2015-06-26 00:00:00-04:00,49.41603082174779,50.10074068968122,48.514215960380255,50.09239196777344,19200,0.0,0.0
2015-06-29 00:00:00-04:00,49.85024234501911,49.85024234501911,49.02357864379883,49.02357864379883,5000,0.0,0.0
2015-06-30 00:00:00-04:00,49.399329378940585,50.10073986445574,49.399329378940585,49.791786193847656,3000,0.0,0.0
2015-07-01 00:00:00-04:00,50.10073432282099,50.10073432282099,49.48282386463254,49.8669319152832,4300,0.0,0.0
2015-07-02 00:00:00-04:00,50.01723766185291,50.01723766185291,49.123774762507054,49.69993209838867,1600,0.0,0.0
2015-07-06 00:00:00-04:00,49.39934031382929,50.10075095460658,49.39934031382929,49.54129409790039,3200,0.0,0.0
2015-07-07 00:00:00-04:00,48.63947411937644,50.518252089652776,48.63947411937644,49.96714401245117,4900,0.0,0.0
2015-07-08 00:00:00-04:00,49.933748350106725,51.29481965753291,49.26573896727546,49.80849838256836,2000,0.0,0.0
2015-07-09 00:00:00-04:00,50.79380773974102,50.79380773974102,48.73132601452643,49.27408218383789,4000,0.0,0.0
2015-07-10 00:00:00-04:00,48.05496088302699,49.750038146972656,48.05496088302699,49.750038146972656,1700,0.0,0.0
2015-07-13 00:00:00-04:00,49.549627824099325,51.328204836547165,49.26572352720774,49.75838088989258,4500,0.0,0.0
2015-07-14 00:00:00-04:00,51.33657562285424,51.33657562285424,48.44743271495604,48.956790924072266,11700,0.0,0.0
2015-07-15 00:00:00-04:00,48.589374676798684,49.015232821979936,44.53121673204667,47.629112243652344,18200,0.0,0.0
2015-07-16 00:00:00-04:00,47.61241242683983,49.04863492486394,46.760699307219944,48.0299186706543,3200,0.0,0.0
2015-07-17 00:00:00-04:00,48.205278151634325,49.04864268128609,48.205278151634325,48.83988952636719,2600,0.0,0.0
2015-07-20 00:00:00-04:00,49.04864177587274,50.30950940676696,48.39732977853082,49.5162467956543,5300,0.0,0.0
2015-07-21 00:00:00-04:00,49.3492398644638,49.3492398644638,48.614431122328064,48.622779846191406,1400,0.0,0.0
2015-07-22 00:00:00-04:00,48.83151966471585,48.83151966471585,48.681217193603516,48.681217193603516,700,0.0,0.0
2015-07-23 00:00:00-04:00,48.188569282586485,49.165535537030486,47.846214294433594,47.846214294433594,1600,0.0,0.0
2015-07-24 00:00:00-04:00,47.84621464697612,47.971467793575364,46.76069905595541,47.10305404663086,3600,0.0,0.0
2015-07-27 00:00:00-04:00,47.10304636511441,47.67920373780814,46.76904015219904,47.186546325683594,5000,0.0,0.0
2015-07-28 00:00:00-04:00,48.272076980525874,48.272076980525874,44.965424839878224,46.24299621582031,7000,0.0,0.0
2015-07-29 00:00:00-04:00,46.25968927974794,46.25968927974794,45.07396998858066,45.65012741088867,5400,0.0,0.0
2015-07-30 00:00:00-04:00,44.71491389377405,45.99248504638672,44.71491389377405,45.99248504638672,2300,0.0,0.0
2015-07-31 00:00:00-04:00,45.20757184818771,45.84218307031093,45.048920635316705,45.65012741088867,6500,0.0,0.0
2015-08-03 00:00:00-04:00,45.20758502773732,45.20758502773732,44.41432236148003,44.58132553100586,5500,0.0,0.0
2015-08-04 00:00:00-04:00,45.43302611262963,45.43302611262963,44.865217406357104,44.94036865234375,3700,0.0,0.0
2015-08-05 00:00:00-04:00,45.04891586303711,45.04891586303711,45.04891586303711,45.04891586303711,1300,0.0,0.0
2015-08-06 00:00:00-04:00,45.07395270615275,46.259671542687165,43.65443150128129,44.81509780883789,5200,0.0,0.0
2015-08-07 00:00:00-04:00,44.93203159444706,45.54993916824652,43.83816388228794,43.963417053222656,3900,0.0,0.0
2015-08-10 00:00:00-04:00,43.8381531409053,44.99047120107003,43.62105130784337,44.247310638427734,6900,0.0,0.0
2015-08-11 00:00:00-04:00,44.1638111057792,44.20556109417885,42.94469360671792,43.420650482177734,25100,0.0,0.0
2015-08-12 00:00:00-04:00,43.420643513906576,43.612695977979755,42.82778549194336,42.82778549194336,9500,0.0,0.0
2015-08-13 00:00:00-04:00,43.37890382542193,43.42065381702812,43.003147530325926,43.2536506652832,2700,0.0,0.0
2015-08-14 00:00:00-04:00,42.99478333441293,43.25363510041529,42.41862282749098,43.120033264160156,3100,0.0,0.0
2015-08-17 00:00:00-04:00,43.25364726794538,45.925687930029255,43.12004539410719,45.00717544555664,18400,0.0,0.0
2015-08-18 00:00:00-04:00,45.56662214925412,47.72930419029281,45.56662214925412,47.21159744262695,6000,0.0,0.0
2015-08-19 00:00:00-04:00,48.31382421859444,48.31382421859444,45.74198416521043,45.900638580322266,9800,0.0,0.0
2015-08-20 00:00:00-04:00,45.44137243535319,46.34318733956289,44.355856972571466,45.608375549316406,7900,0.0,0.0
2015-08-21 00:00:00-04:00,43.96341739065178,43.96341739065178,43.09500346831761,43.38725662231445,6800,0.0,0.0
2015-08-24 00:00:00-04:00,42.23493242907845,43.428997335420505,42.23493242907845,42.585636138916016,10200,0.0,0.0
2015-08-25 00:00:00-04:00,42.836137584697674,43.136742573098026,41.750622048500595,42.57728576660156,9700,0.0,0.0
2015-08-26 00:00:00-04:00,43.303745467156766,43.43734732958588,42.24327929054833,42.54388427734375,3100,0.0,0.0
2015-08-27 00:00:00-04:00,42.7943983888009,44.648127494408584,41.79238256995024,42.27669143676758,7300,0.0,0.0
2015-08-28 00:00:00-04:00,42.20989228526951,44.18887153632591,42.20989228526951,44.163822174072266,3200,0.0,0.0
2015-08-31 00:00:00-04:00,42.58564577773954,45.05728249369613,42.58564577773954,44.58132553100586,6400,0.0,0.0
2015-09-01 00:00:00-04:00,43.51249085319494,43.99679632404558,43.128385965051486,43.5041389465332,4100,0.0,0.0
2015-09-02 00:00:00-04:00,44.53121144825686,44.53121144825686,43.854850278391005,44.38090896606445,2300,0.0,0.0
2015-09-03 00:00:00-04:00,44.397608697059205,44.397608697059205,43.62939880212824,43.69620132446289,3900,0.0,0.0
2015-09-04 00:00:00-04:00,43.838156895397,44.43101501464844,43.43735127173462,44.43101501464844,2600,0.0,0.0
2015-09-08 00:00:00-04:00,45.09066128534163,45.09066128534163,44.44770147366423,44.76500701904297,2600,0.0,0.0
2015-09-09 00:00:00-04:00,44.765021131757884,44.765021131757884,43.17014736645992,43.420650482177734,2700,0.0,0.0
2015-09-10 00:00:00-04:00,41.79237923022233,44.50617013069547,41.79237923022233,43.437355041503906,3000,0.0,0.0
2015-09-11 00:00:00-04:00,43.40394863257175,43.89660612663975,43.00314302159911,43.662803649902344,2600,0.0,0.0
2015-09-14 00:00:00-04:00,42.577279363267046,43.888248443603516,42.577279363267046,43.888248443603516,1700,0.0,0.0
2015-09-15 00:00:00-04:00,44.046913146972656,44.046913146972656,44.046913146972656,44.046913146972656,600,0.0,0.0
2015-09-16 00:00:00-04:00,42.289049417214166,45.813134201322015,42.289049417214166,43.295928955078125,3100,0.255,0.0
2015-09-17 00:00:00-04:00,43.8581172409877,45.61177078839774,43.7154739108844,44.75592041015625,4400,0.0,0.0
2015-09-18 00:00:00-04:00,44.109833921234966,45.00763702392578,43.92523781387301,45.00763702392578,5900,0.0,0.0
2015-09-21 00:00:00-04:00,45.35165688681715,45.393609676378304,44.8062642209369,44.84821701049805,3600,0.0,0.0
2015-09-22 00:00:00-04:00,44.30282773815321,44.38673653055772,44.26087494234753,44.269264221191406,3000,0.0,0.0
2015-09-23 00:00:00-04:00,44.437078605207276,44.437078605207276,44.26087494234753,44.269264221191406,2100,0.0,0.0
2015-09-24 00:00:00-04:00,44.2776580138622,44.70558166503906,43.88329467984921,44.70558166503906,4300,0.0,0.0
2015-09-25 00:00:00-04:00,44.873391366850136,44.873391366850136,43.874900817871094,43.874900817871094,7500,0.0,0.0
2015-09-28 00:00:00-04:00,44.890176480836665,44.890176480836665,43.22882080078125,43.22882080078125,2200,0.0,0.0
2015-09-29 00:00:00-04:00,42.7924967800693,45.25096792957591,42.7924967800693,44.54615020751953,4400,0.0,0.0
2015-09-30 00:00:00-04:00,44.55454314164576,45.200626373291016,44.55454314164576,45.200626373291016,5300,0.0,0.0
2015-10-01 00:00:00-04:00,45.14190375078939,45.30971816191819,44.218929290771484,44.218929290771484,3300,0.0,0.0
2015-10-02 00:00:00-04:00,43.98396635335798,44.46223831176758,43.98396635335798,44.46223831176758,3600,0.0,0.0
2015-10-05 00:00:00-04:00,44.277645031245115,46.04808007445937,44.277645031245115,45.25935363769531,7100,0.0,0.0
2015-10-06 00:00:00-04:00,45.19222911147981,45.20061838798071,44.25247330455876,45.141883850097656,5000,0.0,0.0
2015-10-07 00:00:00-04:00,45.14189347009423,45.14189347009423,44.369951835816245,44.453857421875,2900,0.0,0.0
2015-10-08 00:00:00-04:00,44.6804056530579,44.6804056530579,44.336387634277344,44.336387634277344,2700,0.0,0.0
2015-10-09 00:00:00-04:00,44.319613931164795,44.58811569213867,44.319613931164795,44.58811569213867,700,0.0,0.0
2015-10-12 00:00:00-04:00,44.227307584656586,44.67201614379883,44.05949321521383,44.67201614379883,2800,0.0,0.0
2015-10-13 00:00:00-04:00,44.68040946263703,45.30971100436432,44.68040946263703,45.05799102783203,1900,0.0,0.0
2015-10-14 00:00:00-04:00,45.29292386777201,45.939007091325045,44.68879343519404,45.47751998901367,8600,0.0,0.0
2015-10-15 00:00:00-04:00,45.52785566673647,46.056469721036166,45.30969926381488,46.04808044433594,8000,0.0,0.0
2015-10-16 00:00:00-04:00,46.006142715265696,46.333379027135926,44.89017970217655,45.9809684753418,18000,0.0,0.0
2015-10-19 00:00:00-04:00,45.30970088470799,45.84670423491848,45.30970088470799,45.821533203125,4700,0.0,0.0
2015-10-20 00:00:00-04:00,45.9390015214104,46.559913635253906,45.9390015214104,46.559913635253906,2100,0.0,0.0
2015-10-21 00:00:00-04:00,46.40889150141775,47.62553857025789,46.40889150141775,46.50118637084961,16200,0.0,0.0
2015-10-22 00:00:00-04:00,46.87036224326462,47.835289001464844,46.820016986005136,47.835289001464844,3400,0.0,0.0
2015-10-23 00:00:00-04:00,47.99472578612256,48.624027252197266,47.99472578612256,48.624027252197266,3000,0.0,0.0
2015-10-26 00:00:00-04:00,48.17093173914186,48.632418862908466,46.392107072597675,47.994728088378906,5600,0.0,0.0
2015-10-27 00:00:00-04:00,47.86046543037383,48.28838893397678,46.43404841704372,47.73460388183594,8300,0.0,0.0
2015-10-28 00:00:00-04:00,47.81852085236372,49.505047327546606,46.97945225359174,48.70793151855469,6500,0.0,0.0
2015-10-29 00:00:00-04:00,47.826908111572266,47.88564265494413,47.474500851341105,47.826908111572266,2000,0.0,0.0
2015-10-30 00:00:00-04:00,48.25482741544383,49.81549531780279,47.122086235108334,49.4798698425293,20300,0.0,0.0
2015-11-02 00:00:00-05:00,49.16941516643045,50.54549026077301,47.21438713253328,48.640804290771484,29900,0.0,0.0
2015-11-03 00:00:00-05:00,47.894036314680235,51.342605506512186,47.894036314680235,50.822383880615234,33800,0.0,0.0
2015-11-04 00:00:00-05:00,50.69651656778835,50.973410705532025,50.058825924512185,50.33572006225586,4500,0.0,0.0
2015-11-05 00:00:00-05:00,50.36928494029805,50.763648190161184,49.723201761055435,50.12595748901367,7700,0.0,0.0
2015-11-06 00:00:00-05:00,49.714818847311555,50.10078966848434,47.994728708786795,48.95965576171875,34900,0.0,0.0
2015-11-09 00:00:00-05:00,48.91769119763019,48.91769119763019,47.55840117142975,47.71782302856445,11300,0.0,0.0
2015-11-10 00:00:00-05:00,47.826901402966726,49.24492592385725,47.30667986287555,48.66596984863281,16000,0.0,0.0
2015-11-11 00:00:00-05:00,48.41426671894176,48.66598669964334,48.24645233154297,48.24645233154297,4500,0.0,0.0
2015-11-12 00:00:00-05:00,47.45772342230725,48.489777465229906,47.40737815163071,47.95277404785156,20700,0.0,0.0
2015-11-13 00:00:00-05:00,47.734605312493656,49.40435299595201,47.734605312493656,48.4981575012207,19700,0.0,0.0
2015-11-16 00:00:00-05:00,47.91921603655159,49.345633528251504,47.91921603655159,48.24645233154297,8100,0.0,0.0
2015-11-17 00:00:00-05:00,48.05344789917815,48.15413521147413,46.68576550392401,47.91919708251953,20100,0.0,0.0
2015-11-18 00:00:00-05:00,47.87724591756486,48.96803423981205,47.58357004567274,48.67435836791992,18400,0.0,0.0
2015-11-19 00:00:00-05:00,48.50655690965166,48.758276849448315,48.50655690965166,48.58207321166992,2700,0.0,0.0
2015-11-20 00:00:00-05:00,49.00159609227512,49.00159609227512,47.071736201718544,47.91919708251953,13100,0.0,0.0
2015-11-23 00:00:00-05:00,47.82691767624327,48.01990310031538,46.35854739670948,46.94589614868164,20700,0.0,0.0
2015-11-24 00:00:00-05:00,46.618652691457065,46.97945244647375,44.70557410186346,46.67738723754883,26400,0.0,0.0
2015-11-25 00:00:00-05:00,46.8955602340889,47.432563817105525,46.48441826618909,47.11371994018555,8100,0.0,0.0
2015-11-27 00:00:00-05:00,47.29828105304873,47.39897155761719,46.820012359119445,47.39897155761719,3800,0.0,0.0
2015-11-30 00:00:00-05:00,46.979437390956996,47.82689499926225,46.979437390956996,47.39897155761719,8700,0.0,0.0
2015-12-01 00:00:00-05:00,47.82691371588388,47.994728088378906,47.00462681153051,47.994728088378906,10700,0.0,0.0
2015-12-02 00:00:00-05:00,47.82691328587024,48.42265126211798,47.575193329787396,48.26322937011719,10900,0.0,0.0
2015-12-03 00:00:00-05:00,48.17093457429955,48.71633051681006,47.4073821752607,47.617149353027344,17300,0.0,0.0
2015-12-04 00:00:00-05:00,48.1877037903821,48.38907843618039,47.90242037484095,48.28839111328125,13000,0.0,0.0
2015-12-07 00:00:00-05:00,48.38907843618039,48.40586019012897,47.91080965141909,48.28839111328125,6900,0.0,0.0
2015-12-08 00:00:00-05:00,48.19608847784184,48.26321548724445,46.62703144216357,46.987831115722656,15500,0.0,0.0
2015-12-09 00:00:00-05:00,46.568323875737754,47.11371994018555,45.91385115903546,47.11371994018555,14200,0.0,0.0
2015-12-10 00:00:00-05:00,46.719338604573316,48.246443158033756,46.719338604573316,47.818519592285156,14700,0.0,0.0
2015-12-11 00:00:00-05:00,47.407392593513826,48.70794874131872,47.02142166979255,47.046592712402344,12900,0.0,0.0
2015-12-14 00:00:00-05:00,47.35004250345515,47.88955078039989,45.88326352016939,47.24888610839844,5700,0.26,0.0
2015-12-15 00:00:00-05:00,46.62508823420348,48.740960414703935,46.62508823420348,47.5439338684082,4600,0.0,0.0
2015-12-16 00:00:00-05:00,47.400634496376725,48.26047211469782,45.26790199788805,47.965431213378906,6600,0.0,0.0
2015-12-17 00:00:00-05:00,48.294184670049276,48.76625004057318,47.9654239396618,48.007572174072266,2900,0.0,0.0
2015-12-18 00:00:00-05:00,47.81368780820993,49.735675598940254,47.392199031947726,49.01914596557617,26400,0.0,0.0
2015-12-21 00:00:00-05:00,48.63981286783143,49.34791424895078,48.47121668838308,48.54708480834961,5100,0.0,0.0
2015-12-22 00:00:00-05:00,48.89268319444318,49.314171842671136,47.931689590995944,49.061279296875,2500,0.0,0.0
2015-12-23 00:00:00-05:00,49.11186319484099,49.769387770733445,49.04442667324136,49.398475646972656,3600,0.0,0.0
2015-12-24 00:00:00-05:00,49.35634353098999,50.57866183514699,48.96014619996055,49.81998062133789,18100,0.0,0.0
2015-12-28 00:00:00-05:00,50.01386374095384,50.01386374095384,48.218320509855516,48.85898208618164,16100,0.0,0.0
2015-12-29 00:00:00-05:00,49.13714640874976,51.59021016421178,49.13714640874976,50.148719787597656,16200,0.0,0.0
2015-12-30 00:00:00-05:00,51.04229849187584,51.04229849187584,48.95171420633445,49.803123474121094,18700,0.0,0.0
2015-12-31 00:00:00-05:00,50.03915324250344,50.165597959125186,48.91799143737115,49.3479118347168,21100,0.0,0.0
2016-01-04 00:00:00-05:00,48.9095572365469,49.617658498483515,47.729387394751164,49.44906234741211,39800,0.0,0.0
2016-01-05 00:00:00-05:00,48.774687910947485,49.42378109488345,48.48807537798491,49.20460510253906,5300,0.0,0.0
2016-01-06 00:00:00-05:00,48.72410853310374,49.36477336112922,48.69038865463828,48.97700119018555,13600,0.0,0.0
2016-01-07 00:00:00-05:00,48.4712107685867,49.567080977605194,48.28575467227283,48.783111572265625,32500,0.0,0.0
2016-01-08 00:00:00-05:00,48.943267821367066,49.8283934268812,48.631363875582174,49.07814407348633,16800,0.0,0.0
2016-01-11 00:00:00-05:00,49.24674291577599,49.8031111405297,48.597653084971114,49.22145462036133,10600,0.0,0.0
2016-01-12 00:00:00-05:00,49.204599286689536,49.204599286689536,48.51335794460698,48.65666580200195,7500,0.0,0.0
2016-01-13 00:00:00-05:00,48.521800083210174,49.583950625322274,48.46279189840977,49.08659362792969,18900,0.0,0.0
2016-01-14 00:00:00-05:00,49.22988134078785,49.76938636111918,49.11186180384974,49.60921859741211,9700,0.0,0.0
2016-01-15 00:00:00-05:00,48.656660555192985,49.12872587993279,48.04971574829456,49.002281188964844,9900,0.0,0.0
2016-01-19 00:00:00-05:00,48.892695312666135,50.24145803500981,48.76624740057592,49.14558792114258,32500,0.0,0.0
2016-01-20 00:00:00-05:00,49.617659852780264,49.73567619704023,48.13401754170132,49.642948150634766,14600,0.0,0.0
2016-01-21 00:00:00-05:00,49.735670611901256,49.735670611901256,46.80210940915154,47.560787200927734,15600,0.0,0.0
2016-01-22 00:00:00-05:00,48.16772802203004,49.853682818548855,48.04971170078629,49.474342346191406,26900,0.0,0.0
2016-01-25 00:00:00-05:00,49.103441511472816,49.74410302443802,46.91170120239258,46.91170120239258,36200,0.0,0.0
2016-01-26 00:00:00-05:00,47.24889064627546,48.075008252605556,46.094012312658336,46.95384979248047,17900,0.0,0.0
2016-01-27 00:00:00-05:00,47.206729565263096,47.88111077305477,46.304744096897366,46.869537353515625,22700,0.0,0.0
2016-01-28 00:00:00-05:00,47.206740509426915,48.93484375993478,46.886408155572965,47.79682540893555,54300,0.0,0.0
2016-01-29 00:00:00-05:00,47.67037863806517,48.30261178503077,46.810541172307474,47.51864242553711,10900,0.0,0.0
2016-02-01 00:00:00-05:00,47.88112114592225,48.8842664245535,47.34161606281164,48.226741790771484,4600,0.0,0.0
2016-02-02 00:00:00-05:00,48.08344166346353,48.88427100308246,47.20674421344482,48.06658172607422,3600,0.0,0.0
2016-02-03 00:00:00-05:00,48.336335534681986,49.297329480631475,48.336335534681986,48.665096282958984,3700,0.0,0.0
2016-02-04 00:00:00-05:00,48.420624677119235,49.06128935455732,48.420624677119235,49.002281188964844,2400,0.0,0.0
2016-02-05 00:00:00-05:00,48.70724037115822,48.89269645570516,46.8021125793457,46.8021125793457,9000,0.0,0.0
2016-02-08 00:00:00-05:00,46.95385630753039,48.698819806562824,46.051870468540855,47.206748962402344,5500,0.0,0.0
2016-02-09 00:00:00-05:00,47.822119630638724,47.822119630638724,45.75682383430761,46.79368591308594,1900,0.0,0.0
2016-02-10 00:00:00-05:00,47.046580532171866,48.884271938621005,45.6893860955489,48.48807144165039,11000,0.0,0.0
2016-02-11 00:00:00-05:00,47.60293196281971,49.91268810002116,46.57449856724195,49.381614685058594,4900,0.0,0.0
2016-02-12 00:00:00-05:00,49.84526717507041,49.971711887643394,48.47121276498745,48.95170974731445,4100,0.0,0.0
2016-02-16 00:00:00-05:00,49.28046742597678,49.28046742597678,47.62823217879981,48.52178955078125,5800,0.0,0.0
2016-02-17 00:00:00-05:00,48.403766836755,49.187736174360886,47.99913801987841,49.010711669921875,5900,0.0,0.0
2016-02-18 00:00:00-05:00,48.57235995280333,49.18773310775256,48.37004716483022,48.69037628173828,4100,0.0,0.0
2016-02-19 00:00:00-05:00,48.77467550474425,49.145584423062246,47.93169805935484,48.94327163696289,5300,0.0,0.0
2016-02-22 00:00:00-05:00,48.85054540713144,51.59865056565763,48.85054540713144,51.00013732910156,34800,0.0,0.0
2016-02-23 00:00:00-05:00,51.16873746731218,51.16873746731218,48.3784806442879,48.63980484008789,27600,0.0,0.0
2016-02-24 00:00:00-05:00,48.47120947757009,50.28361250953482,48.47120947757009,49.73567581176758,18200,0.0,0.0
2016-02-25 00:00:00-05:00,49.56707885045515,49.56707885045515,48.22674442939811,48.63980484008789,24700,0.0,0.0
2016-02-26 00:00:00-05:00,49.078147766654475,51.076003406418565,49.078147766654475,50.56178665161133,21200,0.0,0.0
2016-02-29 00:00:00-05:00,50.5786557740803,50.7472519364681,49.64295012774713,49.9464225769043,16300,0.0,0.0
2016-03-01 00:00:00-05:00,50.11501621271118,50.15716444725712,48.403769591949455,48.99385452270508,35000,0.0,0.0
2016-03-02 00:00:00-05:00,49.01915438151184,50.02229668358856,48.968574562022994,49.81998062133789,21000,0.0,0.0
2016-03-03 00:00:00-05:00,50.31731753692548,50.57864167657435,50.14029306282629,50.570213317871094,5600,0.0,0.0
2016-03-04 00:00:00-05:00,50.494337979436835,50.831526946129614,49.73565717689788,50.61235427856445,3600,0.0,0.0
2016-03-07 00:00:00-05:00,50.38476403025044,52.16344701572863,50.38476403025044,52.07914733886719,11900,0.0,0.0
2016-03-08 00:00:00-05:00,51.69137932993301,52.096008138468804,51.00856640669539,51.084434509277344,12600,0.0,0.0
2016-03-09 00:00:00-05:00,51.00014312949587,52.17188144060301,50.4353496995337,51.30361557006836,23200,0.0,0.0
2016-03-10 00:00:00-05:00,51.12659168631704,51.92741781746398,51.11816010969412,51.413204193115234,9500,0.0,0.0
2016-03-11 00:00:00-05:00,51.74196766342407,51.75039602478701,51.16874261961088,51.666099548339844,15500,0.0,0.0
2016-03-14 00:00:00-04:00,51.84312701146149,52.26461584895305,51.82626707207727,52.12131118774414,4200,0.0,0.0
2016-03-15 00:00:00-04:00,51.4553517903546,52.205601315267565,51.28675563273608,51.30361557006836,7200,0.0,0.0
2016-03-16 00:00:00-04:00,51.00730533388418,53.741804468807906,51.00730533388418,53.13225555419922,44300,0.26,0.0
2016-03-17 00:00:00-04:00,53.674072025571725,53.674072025571725,50.82104732852049,51.972415924072266,36000,0.0,0.0
2016-03-18 00:00:00-04:00,52.40418764891055,53.85186310437408,52.040151847197365,52.60736846923828,33600,0.0,0.0
2016-03-21 00:00:00-04:00,52.82748099268863,52.82748099268863,52.35338706352195,52.48884201049805,5800,0.0,0.0
2016-03-22 00:00:00-04:00,52.4888385228134,52.49730304353042,52.07400595866903,52.31951904296875,9400,0.0,0.0
2016-03-23 00:00:00-04:00,51.85389545553661,51.85389545553661,51.24434658980276,51.36286926269531,4200,0.0,0.0
2016-03-24 00:00:00-04:00,51.218956315248725,52.192541074198495,49.55963222457876,51.93009567260742,30200,0.0,0.0
2016-03-28 00:00:00-04:00,52.226397800707154,52.89520802920002,51.870829768040515,52.505775451660156,35000,0.0,0.0
2016-03-29 00:00:00-04:00,52.251799259021375,52.251799259021375,50.8379851519959,51.65071487426758,35900,0.0,0.0
2016-03-30 00:00:00-04:00,52.04861631081271,53.174588261246555,51.37134152797701,52.785152435302734,22800,0.0,0.0
2016-03-31 00:00:00-04:00,51.85390685624423,53.140730728216894,51.85390685624423,52.946014404296875,21600,0.0,0.0
2016-04-01 00:00:00-04:00,52.58198508002255,53.030679133018154,51.65072918934079,52.751304626464844,8400,0.0,0.0
2016-04-04 00:00:00-04:00,52.49730431650402,53.21691131591797,52.48883979558175,53.21691131591797,13500,0.0,0.0
2016-04-05 00:00:00-04:00,53.013717353811245,53.843379117227975,52.53962676300166,53.123775482177734,5800,0.0,0.0
2016-04-06 00:00:00-04:00,53.10684202594595,54.56298153164271,52.91212579057662,54.51218795776367,10600,0.0,0.0
2016-04-07 00:00:00-04:00,53.961915564726276,54.21589317805308,52.929069610429956,53.80952835083008,5100,0.0,0.0
2016-04-08 00:00:00-04:00,54.28362115697389,54.97782812634344,53.99577577703963,54.85083770751953,8500,0.0,0.0
2016-04-11 00:00:00-04:00,54.055040036697584,54.42754356300698,52.31952251934916,53.606346130371094,6700,0.0,0.0
2016-04-12 00:00:00-04:00,53.7333385708114,53.75027084350586,51.65918199350177,53.75027084350586,1400,0.0,0.0
2016-04-13 00:00:00-04:00,53.547087030674916,55.02015923691137,52.60736688385125,52.99679946899414,19000,0.0,0.0
2016-04-14 00:00:00-04:00,53.00527448214605,53.21692307648172,52.531180468213684,53.1661262512207,5300,0.0,0.0
2016-04-15 00:00:00-04:00,52.81054918100306,53.758733818101504,52.81054918100306,52.96293640136719,4000,0.0,0.0
2016-04-18 00:00:00-04:00,53.013727554066314,54.40214474579369,53.013727554066314,53.34389877319336,20500,0.0,0.0
2016-04-19 00:00:00-04:00,53.614822994233315,54.58840781138804,53.16612578213966,53.57249069213867,25900,0.0,0.0
2016-04-20 00:00:00-04:00,53.377766077732666,55.8752197265625,52.61583320097998,55.02862548828125,58900,0.0,0.0
2016-04-21 00:00:00-04:00,54.91011324102576,56.46784383501102,53.420105290124845,54.01272201538086,32900,0.0,0.0
2016-04-22 00:00:00-04:00,54.097375906703846,54.097375906703846,52.827484483818786,53.53862380981445,25000,0.0,0.0
2016-04-25 00:00:00-04:00,53.25077501642826,53.25077501642826,52.08247414809838,53.03065872192383,22600,0.0,0.0
2016-04-26 00:00:00-04:00,52.86981873290124,53.98732303618792,52.64123786684243,53.623287200927734,25600,0.0,0.0
2016-04-27 00:00:00-04:00,53.4201050030419,54.190509002385454,53.07300143046465,54.00425720214844,16100,0.0,0.0
2016-04-28 00:00:00-04:00,53.7333404161608,55.36726764803041,53.7333404161608,55.24874496459961,22800,0.0,0.0
2016-04-29 00:00:00-04:00,55.087910652095715,57.48377493280215,54.82546839160284,56.63718032836914,54300,0.0,0.0
2016-05-02 00:00:00-04:00,57.001190878159704,57.001190878159704,56.053003018278496,56.60329055786133,6200,0.0,0.0
2016-05-03 00:00:00-04:00,56.41703873339688,56.41703873339688,55.451921831972726,55.72283172607422,18100,0.0,0.0
2016-05-04 00:00:00-04:00,54.61381176851126,55.866767983135595,54.46988579792331,55.68898391723633,12000,0.0,0.0
2016-05-05 00:00:00-04:00,55.40959849167718,57.14511951995836,55.40959849167718,56.62869644165039,27300,0.0,0.0
2016-05-06 00:00:00-04:00,55.89215433360698,56.15460296572274,55.06249551453703,55.28261184692383,25700,0.0,0.0
2016-05-09 00:00:00-04:00,55.341873861699426,58.3303508231145,54.740792660477325,55.824432373046875,15400,0.0,0.0
2016-05-10 00:00:00-04:00,57.297488093382405,57.33135263195832,56.05299375146891,56.2900390625,11200,0.0,0.0
2016-05-11 00:00:00-04:00,56.171526434500656,57.5260759243444,55.993742419490054,56.02760696411133,13400,0.0,0.0
2016-05-12 00:00:00-04:00,56.19693321939552,56.273130073090684,56.06148147583008,56.06148147583008,1500,0.0,0.0
2016-05-13 00:00:00-04:00,56.04452880815423,56.04452880815423,54.66458270184522,55.10480880737305,4900,0.0,0.0
2016-05-16 00:00:00-04:00,55.07095620437873,55.74822770017893,54.36828145659743,55.477317810058594,6700,0.0,0.0
2016-05-17 00:00:00-04:00,54.952436630239305,55.28260787560003,53.86032602800624,53.87725830078125,4800,0.0,0.0
2016-05-18 00:00:00-04:00,54.46987989164678,56.019149173782864,53.78414050339093,54.774654388427734,5500,0.0,0.0
2016-05-19 00:00:00-04:00,54.266701709010945,55.26568339546713,53.885736798846665,54.09738540649414,4300,0.0,0.0
2016-05-20 00:00:00-04:00,54.3174894284457,56.798004345968366,54.3174894284457,55.02862548828125,4600,0.0,0.0
2016-05-23 00:00:00-04:00,54.918592374018374,55.48580918878235,54.64768236853379,55.257225036621094,4400,0.0,0.0
2016-05-24 00:00:00-04:00,54.986288727557714,55.57044077141567,54.6053239348683,55.36725997924805,6700,0.0,0.0
2016-05-25 00:00:00-04:00,55.096364548387314,56.58636602692938,55.096364548387314,55.70591354370117,3800,0.0,0.0
2016-05-26 00:00:00-04:00,55.858287020580086,55.86674831192697,55.02862187951313,55.43498992919922,7300,0.0,0.0
2016-05-27 00:00:00-04:00,55.34187368259732,55.8752257853072,55.028631455226794,55.53658676147461,4400,0.0,0.0
2016-05-31 00:00:00-04:00,55.274132633024124,55.401123046875,54.19049315829809,55.401123046875,7500,0.0,0.0
2016-06-01 00:00:00-04:00,54.83390585868319,55.69743559699398,54.74924772682956,55.44345474243164,7800,0.0,0.0
2016-06-02 00:00:00-04:00,55.06250440363108,56.62870286141254,54.6815330215741,55.60432434082031,15900,0.0,0.0
2016-06-03 00:00:00-04:00,55.384199031869976,55.384199031869976,54.86777597838676,55.28261184692383,3600,0.0,0.0
2016-06-06 00:00:00-04:00,55.22333906097168,55.94294279425446,54.486799827705354,55.341861724853516,9200,0.0,0.0
2016-06-07 00:00:00-04:00,55.04555546015061,55.79056253617334,54.74078747150679,54.859310150146484,8200,0.0,0.0
2016-06-08 00:00:00-04:00,54.84236669401996,55.63816724289788,54.84236669401996,55.10480880737305,12200,0.0,0.0
2016-06-09 00:00:00-04:00,54.79158327465143,55.25720625698622,54.664592839832196,55.24874496459961,4800,0.0,0.0
2016-06-10 00:00:00-04:00,55.113285948466455,55.35879906301943,53.89419135646335,54.18203353881836,11800,0.0,0.0
2016-06-13 00:00:00-04:00,54.18204355775254,54.630737572524716,53.81800769423877,54.09738540649414,5700,0.0,0.0
2016-06-14 00:00:00-04:00,54.18204470379167,55.31647816445584,54.18204470379167,54.715396881103516,5300,0.0,0.0
2016-06-15 00:00:00-04:00,54.93638718987541,55.131893208882815,54.68138695192835,54.98739242553711,5600,0.26,0.0
2016-06-16 00:00:00-04:00,55.31890786141745,55.31890786141745,54.48589136048336,54.74089813232422,2700,0.0,0.0
2016-06-17 00:00:00-04:00,54.91089354989799,54.95339683654038,54.001378987533826,54.40088653564453,14900,0.0,0.0
2016-06-20 00:00:00-04:00,54.32437572059596,54.93638338285698,54.00136960499892,54.6558837890625,5700,0.0,0.0
2016-06-21 00:00:00-04:00,54.42637924720591,54.73238471529526,54.026874990573795,54.128875732421875,3800,0.0,0.0
2016-06-22 00:00:00-04:00,54.19688228478529,54.740893878902526,54.0268821068283,54.3583869934082,3600,0.0,0.0
2016-06-23 00:00:00-04:00,54.647390399242774,54.647390399242774,52.97286210150328,54.621891021728516,5500,0.0,0.0
2016-06-24 00:00:00-04:00,53.32987212898811,56.00741389898742,52.57335705387876,55.98191452026367,30600,0.0,0.0
2016-06-27 00:00:00-04:00,55.3103933567843,55.3103933567843,53.499863197258335,53.64436721801758,12400,0.0,0.0
2016-06-28 00:00:00-04:00,53.899368690054544,53.97587005290219,52.7858495736155,53.05785369873047,9500,0.0,0.0
2016-06-29 00:00:00-04:00,53.134368034347794,54.64739499756878,52.70086236740059,53.023868560791016,10100,0.0,0.0
2016-06-30 00:00:00-04:00,53.14287032754718,55.10640363750281,53.14287032754718,53.55087661743164,11900,0.0,0.0
2016-07-01 00:00:00-04:00,53.54236643212773,53.76336857583823,52.751853401569505,53.363861083984375,2100,0.0,0.0
2016-07-05 00:00:00-04:00,53.38935848894554,54.32437220631695,53.38935848894554,53.53385925292969,6400,0.0,0.0
2016-07-06 00:00:00-04:00,53.27886479510339,54.46888540210841,53.27886479510339,53.88237380981445,4800,0.0,0.0
2016-07-07 00:00:00-04:00,53.95036541840281,54.587875632450256,53.4063572212228,53.559356689453125,3300,0.0,0.0
2016-07-08 00:00:00-04:00,54.67287651545279,55.35289001464844,54.19686771452477,55.35289001464844,8800,0.0,0.0
2016-07-11 00:00:00-04:00,55.378413068176485,55.93092346191406,53.66988312249609,55.93092346191406,2900,0.0,0.0
2016-07-12 00:00:00-04:00,55.888392510342804,56.42389872752092,55.786388546794576,56.01589584350586,6600,0.0,0.0
2016-07-13 00:00:00-04:00,56.16041819008742,58.0474500882722,56.16041819008742,57.894447326660156,8200,0.0,0.0
2016-07-14 00:00:00-04:00,57.91992270645857,58.251427471740904,56.40689962694666,57.460914611816406,4900,0.0,0.0
2016-07-15 00:00:00-04:00,57.37593478452588,57.37593478452588,56.06691267937911,56.47492218017578,2100,0.0,0.0
2016-07-18 00:00:00-04:00,56.13491533361605,58.06444391628699,55.93091382579984,56.100914001464844,11800,0.0,0.0
2016-07-19 00:00:00-04:00,56.72143359418302,57.26544200200651,56.44092743496697,56.84043502807617,5400,0.0,0.0
2016-07-20 00:00:00-04:00,56.69592111408533,56.95092786273098,55.94791126186432,56.568424224853516,5400,0.0,0.0
2016-07-21 00:00:00-04:00,56.7979269895259,57.20593650383832,56.45792014178075,56.78092956542969,2400,0.0,0.0
2016-07-22 00:00:00-04:00,56.82340241408546,57.29941439430042,56.09239026937638,56.67890167236328,4900,0.0,0.0
2016-07-25 00:00:00-04:00,56.35591307074968,56.432411193847656,56.28791041571361,56.432411193847656,2700,0.0,0.0
2016-07-26 00:00:00-04:00,56.52592952529606,56.72143559363606,56.24542335619206,56.34742736816406,5800,0.0,0.0
2016-07-27 00:00:00-04:00,55.94790834668659,56.483414708830566,55.25089728647621,55.692901611328125,8600,0.0,0.0
2016-07-28 00:00:00-04:00,55.45490736711085,56.04992101334757,55.45490736711085,55.8884162902832,5400,0.0,0.0
2016-07-29 00:00:00-04:00,55.84590061336982,55.84590061336982,55.28489491230034,55.310394287109375,6300,0.0,0.0
2016-08-01 00:00:00-04:00,55.42938706000787,55.53988649533386,54.91938018798828,54.91938018798828,4400,0.0,0.0
2016-08-02 00:00:00-04:00,55.029891099164416,55.33589658320793,54.98739430060261,55.01289367675781,2900,0.0,0.0
2016-08-03 00:00:00-04:00,55.0808944102904,55.18289191134415,54.45187955670392,54.61338424682617,3300,0.0,0.0
2016-08-04 00:00:00-04:00,55.13189020543674,55.13189020543674,54.46037859077146,54.723880767822266,1900,0.0,0.0
2016-08-05 00:00:00-04:00,54.58788676324207,54.995889751776666,54.451881443670146,54.825889587402344,4200,0.0,0.0
2016-08-08 00:00:00-04:00,55.148893411286735,55.148893411286735,54.511383056640625,54.511383056640625,1500,0.0,0.0
2016-08-09 00:00:00-04:00,54.63887789044564,55.02988340201254,54.485875169824716,54.73237991333008,17300,0.0,0.0
2016-08-10 00:00:00-04:00,54.596390694186574,54.80039219584175,53.96737903856807,54.37538528442383,5900,0.0,0.0
2016-08-11 00:00:00-04:00,54.42638491865332,54.92789645448326,54.03537933203706,54.672889709472656,5000,0.0,0.0
2016-08-12 00:00:00-04:00,54.511379324988454,54.511379324988454,54.04387565463933,54.128875732421875,1800,0.0,0.0
2016-08-15 00:00:00-04:00,54.33286860296116,54.587875280973925,53.99286510318516,54.307369232177734,4400,0.0,0.0
2016-08-16 00:00:00-04:00,53.97588074287517,54.63038856930928,53.05786420688943,53.27886962890625,18600,0.0,0.0
2016-08-17 00:00:00-04:00,54.069367800448326,54.069367800448326,53.04085208108342,53.23635482788086,1600,0.0,0.0
2016-08-18 00:00:00-04:00,53.32985971149343,54.0778694152832,53.32985971149343,54.0778694152832,4000,0.0,0.0
2016-08-19 00:00:00-04:00,53.91637895480127,54.0778804195537,53.78037686802408,53.788875579833984,4600,0.0,0.0
2016-08-22 00:00:00-04:00,53.6783633009743,54.086369463918004,53.6783633009743,53.958866119384766,2800,0.0,0.0
2016-08-23 00:00:00-04:00,54.06087875366211,54.06087875366211,53.71237321008124,54.06087875366211,3300,0.0,0.0
2016-08-24 00:00:00-04:00,53.89938304547762,54.37539201248028,53.77187965925764,53.84838104248047,1800,0.0,0.0
2016-08-25 00:00:00-04:00,54.5708847267455,54.94489288330078,53.84837427574708,54.94489288330078,3800,0.0,0.0
2016-08-26 00:00:00-04:00,54.859903526455504,55.66741422046999,54.154390360472775,54.22239303588867,4700,0.0,0.0
2016-08-29 00:00:00-04:00,54.34988633713703,56.01591600680059,54.315888246260904,54.57088851928711,17200,0.0,0.0
2016-08-30 00:00:00-04:00,54.4433888193487,55.318902033288744,54.23938407187811,54.48588562011719,6600,0.0,0.0
2016-08-31 00:00:00-04:00,54.55387430949035,55.13188382963027,53.550857979985466,53.559356689453125,9300,0.0,0.0
2016-09-01 00:00:00-04:00,53.652869705245536,54.76638894137105,53.652869705245536,53.97587585449219,1400,0.0,0.0
2016-09-02 00:00:00-04:00,54.281888489276945,55.05539777053907,54.281888489276945,54.392391204833984,2500,0.0,0.0
2016-09-06 00:00:00-04:00,54.290376650422786,54.98739090016572,53.77186775036327,53.984371185302734,4000,0.0,0.0
2016-09-07 00:00:00-04:00,54.043874740421394,55.8544016584143,54.043874740421394,54.256378173828125,5900,0.0,0.0
2016-09-08 00:00:00-04:00,53.55086094492389,54.62187997964746,53.55086094492389,54.20537185668945,3200,0.0,0.0
2016-09-09 00:00:00-04:00,53.76336669921875,54.783380548488125,53.76336669921875,53.76336669921875,2800,0.0,0.0
2016-09-12 00:00:00-04:00,54.043890876741,54.22239303588867,54.01838825218703,54.22239303588867,1500,0.0,0.0
2016-09-13 00:00:00-04:00,54.63887094665065,54.63887094665065,53.04084777832031,53.04084777832031,5700,0.0,0.0
2016-09-14 00:00:00-04:00,52.63113887252285,53.39081583633999,52.35799666656864,52.61406707763672,2100,0.26,0.0
2016-09-15 00:00:00-04:00,52.1190005700552,52.14460663556634,50.26675143676317,50.78742980957031,19300,0.0,0.0
2016-09-16 00:00:00-04:00,50.975220871566584,52.61407433329527,48.83275753152739,50.83864974975586,23200,0.0,0.0
2016-09-19 00:00:00-04:00,50.92400597556361,52.2555768682646,49.7290062060028,51.12886428833008,7600,0.0,0.0
2016-09-20 00:00:00-04:00,51.05204670105415,51.68368697245386,51.05204670105415,51.06911849975586,2400,0.0,0.0
2016-09-21 00:00:00-04:00,51.180076599121094,51.180076599121094,51.180076599121094,51.180076599121094,1000,0.0,0.0
2016-09-22 00:00:00-04:00,50.60818699234991,51.555650604811795,50.57404339677538,51.222755432128906,8900,0.0,0.0
2016-09-23 00:00:00-04:00,52.067787170410156,52.067787170410156,52.067787170410156,52.067787170410156,1500,0.0,0.0
2016-09-26 00:00:00-04:00,51.999501668774556,52.73357265559739,50.81303946007303,51.026432037353516,14400,0.0,0.0
2016-09-27 00:00:00-04:00,51.11178741586383,51.21421493402048,50.78742980957031,50.78742980957031,6900,0.0,0.0
2016-09-28 00:00:00-04:00,51.64099554899063,52.05924636711793,50.74474751713134,51.27396011352539,3800,0.0,0.0
2016-09-29 00:00:00-04:00,51.35933632776144,51.8458745169653,51.325195981805315,51.60687255859375,3200,0.0,0.0
2016-09-30 00:00:00-04:00,51.55565078942882,52.170219231408545,50.74475830024879,51.04350662231445,9500,0.0,0.0
2016-10-03 00:00:00-04:00,51.66661131002139,51.67514883679012,50.727685244431086,51.29957580566406,5200,0.0,0.0
2016-10-04 00:00:00-04:00,50.74475666767264,50.889862060546875,50.72768487037349,50.889862060546875,1500,0.0,0.0
2016-10-05 00:00:00-04:00,51.03496614555556,51.615394177370504,50.87278571377331,51.20568084716797,2300,0.0,0.0
2016-10-06 00:00:00-04:00,51.5300401309911,51.5300401309911,50.830112717883665,51.12886428833008,2100,0.0,0.0
2016-10-07 00:00:00-04:00,53.339609155188384,53.339609155188384,50.7874325410256,50.864253997802734,1700,0.0,0.0
2016-10-10 00:00:00-04:00,51.034975772468705,53.10061460890279,51.034975772468705,51.70929718017578,12300,0.0,0.0
2016-10-11 00:00:00-04:00,51.7775816522038,52.40922519697735,50.92401123046875,50.92401123046875,9700,0.0,0.0
2016-10-12 00:00:00-04:00,51.043505278871436,51.05204280562718,50.22407854039042,50.59111404418945,4700,0.0,0.0
2016-10-13 00:00:00-04:00,50.78743665171426,50.87279238565868,49.49000930786133,49.49000930786133,7900,0.0,0.0
2016-10-14 00:00:00-04:00,49.67779974970601,51.5556553496685,49.199799136007975,50.61672592163086,19100,0.0,0.0
2016-10-17 00:00:00-04:00,50.5313607068869,51.897071838378906,50.06189770894353,51.897071838378906,15500,0.0,0.0
2016-10-18 00:00:00-04:00,52.06778243516654,52.62260437011719,51.21421223131135,52.62260437011719,1500,0.0,0.0
2016-10-19 00:00:00-04:00,52.53724488626878,52.92135212549881,50.9581413269043,50.9581413269043,6300,0.0,0.0
2016-10-20 00:00:00-04:00,50.87279025542669,52.06779001728474,50.87279025542669,52.02511215209961,1500,0.0,0.0
2016-10-21 00:00:00-04:00,51.55564914537392,53.26278980242455,50.98375533208351,52.7933235168457,10100,0.0,0.0
2016-10-24 00:00:00-04:00,52.75064498251613,54.201715173825264,52.7079671178537,53.81760787963867,4400,0.0,0.0
2016-10-25 00:00:00-04:00,53.604210532355836,54.50045863499898,53.54446087592043,53.774925231933594,3900,0.0,0.0
2016-10-26 00:00:00-04:00,54.50046283606886,54.50046283606886,54.24439239501953,54.24439239501953,1600,0.0,0.0
2016-10-27 00:00:00-04:00,54.116360096712754,54.116360096712754,52.067790007103085,53.39082336425781,2000,0.0,0.0
2016-10-28 00:00:00-04:00,54.116348037183485,54.96991817495539,53.30545575507784,54.415096282958984,4400,0.0,0.0
2016-10-31 00:00:00-04:00,54.32975589742117,54.32975589742117,51.64100790253035,53.049400329589844,8800,0.0,0.0
2016-11-01 00:00:00-04:00,54.41511801594855,54.41511801594855,51.55565821481056,52.2385139465332,10700,0.0,0.0
2016-11-02 00:00:00-04:00,52.323862659107085,53.348147747073405,51.85439961015535,52.40922164916992,5000,0.0,0.0
2016-11-03 00:00:00-04:00,52.57992732018846,52.57992732018846,50.36064592102868,50.5313606262207,3600,0.0,0.0
2016-11-04 00:00:00-04:00,50.65940071846476,51.76904481665193,48.05601171233639,49.592437744140625,11600,0.0,0.0
2016-11-07 00:00:00-05:00,51.641011090347924,51.641011090347924,49.60951255227224,50.61672592163086,2500,0.0,0.0
2016-11-08 00:00:00-05:00,48.866909141214485,51.21422792092348,48.653516524877304,49.93387222290039,3700,0.0,0.0
2016-11-09 00:00:00-05:00,49.720465333756046,53.26278305053711,48.44011000327306,53.26278305053711,3900,0.0,0.0
2016-11-10 00:00:00-05:00,53.43348250825967,53.98830432950542,52.19580857120744,53.68955612182617,5000,0.0,0.0
2016-11-11 00:00:00-05:00,53.26279671260138,55.482078552246094,52.49458201481745,55.482078552246094,20300,0.0,0.0
2016-11-14 00:00:00-05:00,56.16492724924613,57.573313006992215,55.652779869457234,57.189208984375,6400,0.0,0.0
2016-11-15 00:00:00-05:00,57.573310463295684,57.61599158046718,55.652777410613446,56.50634765625,6700,0.0,0.0
2016-11-16 00:00:00-05:00,56.50634765625,57.18920645764891,56.16492476777471,56.50634765625,11500,0.0,0.0
2016-11-17 00:00:00-05:00,56.33562242110883,57.01848105534463,55.9088374027671,56.37830352783203,6100,0.0,0.0
2016-11-18 00:00:00-05:00,56.29296228905449,56.76242858904183,56.20760655602725,56.463680267333984,11000,0.0,0.0
2016-11-21 00:00:00-05:00,56.292961986229535,56.762428283691406,55.610109613459954,56.762428283691406,1600,0.0,0.0
2016-11-22 00:00:00-05:00,56.591721162162614,58.042788263869156,56.591721162162614,57.701358795166016,8500,0.0,0.0
2016-11-23 00:00:00-05:00,58.042778103768754,59.40848922729492,58.00009698556743,59.40848922729492,1700,0.0,0.0
2016-11-25 00:00:00-05:00,59.40848922729492,59.40848922729492,59.40848922729492,59.40848922729492,500,0.0,0.0
2016-11-28 00:00:00-05:00,56.38684591139762,60.859558494467976,56.38684591139762,58.04277420043945,6700,0.0,0.0
2016-11-29 00:00:00-05:00,56.975816747644444,58.89634989644145,56.975816747644444,58.25617218017578,1700,0.0,0.0
2016-11-30 00:00:00-05:00,58.46955938566591,59.62187786673426,58.00009316527101,58.21348571777344,4200,0.0,0.0
2016-12-01 00:00:00-05:00,59.49384649339961,59.49384649339961,57.27456504612353,58.25617218017578,2800,0.0,0.0
2016-12-02 00:00:00-05:00,58.12811068018314,58.82803775927951,57.513539291274775,57.87204360961914,1300,0.0,0.0
2016-12-05 00:00:00-05:00,57.82938423709593,58.89634704589844,57.82938423709593,58.89634704589844,5000,0.0,0.0
2016-12-06 00:00:00-05:00,58.853662701034715,58.853662701034715,58.04277361570483,58.46955871582031,6800,0.0,0.0
2016-12-07 00:00:00-05:00,59.340220311868265,59.340220311868265,58.55493698810713,58.76832962036133,5600,0.0,0.0
2016-12-08 00:00:00-05:00,60.176702416461445,62.05455435506419,58.46956192237744,58.89634704589844,8700,0.0,0.0
2016-12-09 00:00:00-05:00,59.06705849041717,59.220701395373695,58.68295448413794,58.89634704589844,9900,0.0,0.0
2016-12-12 00:00:00-05:00,59.56213079663534,59.920628737459175,58.89634704589844,58.89634704589844,6500,0.0,0.0
2016-12-13 00:00:00-05:00,58.89635744342445,59.45117950439453,58.89635744342445,59.45117950439453,1900,0.0,0.0
2016-12-14 00:00:00-05:00,57.83604296177136,59.09558449887421,57.83604296177136,58.435821533203125,4300,0.265,0.0
2016-12-15 00:00:00-05:00,59.549713124749836,59.721076590845485,58.778564453125,58.778564453125,8300,0.0,0.0
2016-12-16 00:00:00-05:00,58.692867279052734,59.12128236868085,56.33658428609806,58.692867279052734,20500,0.0,0.0
2016-12-19 00:00:00-05:00,58.60720518209791,58.77856866045965,56.01957351399092,58.307315826416016,5700,0.0,0.0
2016-12-20 00:00:00-05:00,58.82139795494306,59.97811748472935,58.77855382761556,59.249813079833984,3000,0.0,0.0
2016-12-21 00:00:00-05:00,57.810335854213164,61.86313912456676,57.810335854213164,60.749263763427734,3300,0.0,0.0
2016-12-22 00:00:00-05:00,60.96347131792706,64.2622663497975,59.549700150812356,60.749263763427734,7200,0.0,0.0
2016-12-23 00:00:00-05:00,60.62074572603468,60.83495330810547,60.40653814396388,60.83495330810547,2900,0.0,0.0
2016-12-27 00:00:00-05:00,58.692879716746354,60.74927389015392,58.692879716746354,60.02096939086914,2400,0.0,0.0
2016-12-28 00:00:00-05:00,59.892432915227744,60.70641899892191,59.12128441972523,60.363685607910156,3500,0.0,0.0
2016-12-29 00:00:00-05:00,60.49222206974924,61.82031174173545,60.36369620841237,61.34905242919922,3800,0.0,0.0
2016-12-30 00:00:00-05:00,62.03451089937715,62.805659425480904,61.69177749476482,62.33440017700195,3000,0.0,0.0
2017-01-03 00:00:00-05:00,62.5057834179409,62.54862755850512,60.877810670069195,61.17770004272461,6900,0.0,0.0
2017-01-04 00:00:00-05:00,60.40653991699219,60.44938404950254,59.643961425404996,60.40653991699219,4000,0.0,0.0
2017-01-05 00:00:00-05:00,59.97813107770535,60.192338688697156,59.3783523817673,59.67824172973633,5700,0.0,0.0
2017-01-06 00:00:00-05:00,59.80677218841882,59.892453931964226,59.03562342231409,59.37835693359375,1900,0.0,0.0
2017-01-09 00:00:00-05:00,59.635383878098274,59.635383878098274,58.26445679044811,59.16413116455078,3200,0.0,0.0
2017-01-10 00:00:00-05:00,59.292664284592554,59.97813125665043,59.292664284592554,59.76392364501953,4400,0.0,0.0
2017-01-11 00:00:00-05:00,58.992765877181206,58.992765877181206,58.949928283691406,58.949928283691406,1600,0.0,0.0
2017-01-12 00:00:00-05:00,59.12129551610718,59.12129551610718,58.17878341674805,58.17878341674805,2400,0.0,0.0
2017-01-13 00:00:00-05:00,58.30730927963723,58.5215168720869,57.53616063939906,58.17878341674805,6600,0.0,0.0
2017-01-17 00:00:00-05:00,58.09309072695982,58.09309072695982,57.10773468017579,57.10773468017578,2300,0.0,0.0
2017-01-18 00:00:00-05:00,57.236263275146484,60.49221430063095,56.97921158548633,57.236263275146484,1900,0.0,0.0
2017-01-19 00:00:00-05:00,56.550776188343114,56.63645787514915,56.37941281473106,56.59362030029297,1800,0.0,0.0
2017-01-20 00:00:00-05:00,56.46512955423893,56.59365543278174,55.436929062994196,55.52261734008789,3600,0.0,0.0
2017-01-23 00:00:00-05:00,55.26554916391131,55.522600844628286,54.79429319684335,54.87997817993164,5500,0.0,0.0
2017-01-24 00:00:00-05:00,54.66578367659623,54.66578367659623,53.783249332873325,54.36589431762695,6700,0.0,0.0
2017-01-25 00:00:00-05:00,54.451573144109275,55.22271856957387,53.808950321947755,54.53725814819336,15400,0.0,0.0
2017-01-26 00:00:00-05:00,54.53725501644824,54.86284820762483,51.4098228207656,53.466217041015625,2700,0.0,0.0
2017-01-27 00:00:00-05:00,52.695065469663724,53.16632149901609,52.695065469663724,52.866432189941406,1600,0.0,0.0
2017-01-30 00:00:00-05:00,52.52369296565404,53.449071192124975,52.35232626424669,52.823585510253906,3400,0.0,0.0
2017-01-31 00:00:00-05:00,52.609378225692126,54.32303871162936,52.43801152338881,53.29484176635742,4700,0.0,0.0
2017-02-01 00:00:00-05:00,51.62403952940793,52.48087006101636,51.62403952940793,52.18098068237305,2600,0.0,0.0
2017-02-02 00:00:00-05:00,51.40981750773019,51.49549922949047,50.12457207003693,50.424461364746094,9600,0.0,0.0
2017-02-03 00:00:00-05:00,50.810045567552244,53.63758542868505,50.810045567552244,53.33769607543945,5500,0.0,0.0
2017-02-06 00:00:00-05:00,53.20915488585613,53.509047421343084,51.409812747125876,52.95210647583008,2700,0.0,0.0
2017-02-07 00:00:00-05:00,52.78074533650274,53.50905305489358,52.52369689941406,52.52369689941406,5100,0.0,0.0
2017-02-08 00:00:00-05:00,52.48941897166298,52.823585510253906,52.4808521074392,52.823585510253906,1300,0.0,0.0
2017-02-09 00:00:00-05:00,52.90927960500115,53.2348760869948,51.92392329279217,52.60939025878906,9800,0.0,0.0
2017-02-10 00:00:00-05:00,52.56654430410279,52.56654430410279,51.40982455894596,52.26665496826172,4100,0.0,0.0
2017-02-13 00:00:00-05:00,51.83823020705701,52.6093787406969,51.83823020705701,52.22380447387695,12400,0.0,0.0
2017-02-14 00:00:00-05:00,52.30950330098486,52.780759439659676,51.83824716231004,52.18098068237305,11800,0.0,0.0
2017-02-15 00:00:00-05:00,52.26665344803613,52.42088317871094,52.138127582957615,52.42088317871094,4800,0.0,0.0
2017-02-16 00:00:00-05:00,52.395181568056685,52.48086330276418,51.624032881494564,51.966766357421875,6500,0.0,0.0
2017-02-17 00:00:00-05:00,52.18097167853409,54.622936964836796,51.881079083088224,54.32304763793945,11900,0.0,0.0
2017-02-21 00:00:00-05:00,54.580091183848346,54.70861376870875,52.69506385562842,52.99495315551758,13400,0.0,0.0
2017-02-22 00:00:00-05:00,53.38052320414285,55.1370245393353,52.6093779506317,52.823585510253906,10100,0.0,0.0
2017-02-23 00:00:00-05:00,52.489424751620845,53.59473666543612,52.489424751620845,52.866432189941406,2800,0.0,0.0
2017-02-24 00:00:00-05:00,53.551901511249646,53.551901511249646,52.138130003933185,52.43802261352539,3500,0.0,0.0
2017-02-27 00:00:00-05:00,52.60938773801211,54.06599679959031,52.60938773801211,53.7232666015625,5500,0.0,0.0
2017-02-28 00:00:00-05:00,55.56545074282313,55.56545074282313,53.037803649902344,53.037803649902344,2000,0.0,0.0
2017-03-01 00:00:00-05:00,53.723263227995375,55.05134960762131,53.723263227995375,54.665775299072266,2000,0.0,0.0
2017-03-02 00:00:00-05:00,54.45157131057125,54.45157131057125,53.42337417602539,53.42337417602539,3600,0.0,0.0
2017-03-03 00:00:00-05:00,53.851782431561865,53.894626560910325,53.33768556486198,53.50905227661133,3500,0.0,0.0
2017-03-06 00:00:00-05:00,51.7097053527832,51.7097053527832,51.7097053527832,51.7097053527832,900,0.0,0.0
2017-03-07 00:00:00-05:00,52.095287128318304,52.095287128318304,51.324141737410834,51.62403106689453,2000,0.0,0.0
2017-03-08 00:00:00-05:00,51.7097080933567,52.00960066410076,51.66686723140705,51.838233947753906,2800,0.0,0.0
2017-03-09 00:00:00-05:00,52.40374275967112,52.64365420571269,51.83823487361003,52.00960159301758,2500,0.0,0.0
2017-03-10 00:00:00-05:00,51.83823976360384,52.617955305339244,51.15277608986095,52.26665496826172,10200,0.0,0.0
2017-03-13 00:00:00-04:00,52.30948932374879,52.73790447507933,51.838233310994845,52.52369689941406,2200,0.0,0.0
2017-03-14 00:00:00-04:00,52.52371127408089,52.90928566951185,51.666880736922806,52.35234451293945,5600,0.0,0.0
2017-03-15 00:00:00-04:00,52.79552670575966,53.914260977050645,52.23616285290075,52.9676399230957,20500,0.265,0.0
2017-03-16 00:00:00-04:00,52.967630219946315,53.52699725312126,51.23790074541565,52.4512939453125,21700,0.0,0.0
2017-03-17 00:00:00-04:00,51.977983182096985,53.48396775611552,51.16044804250118,52.15009307861328,21900,0.0,0.0
2017-03-20 00:00:00-04:00,52.06404963556471,52.9676399230957,52.06404963556471,52.9676399230957,3900,0.0,0.0
2017-03-21 00:00:00-04:00,52.967638722516206,52.967638722516206,52.064048455466235,52.537357330322266,4600,0.0,0.0
2017-03-22 00:00:00-04:00,52.49431767705647,52.58037262242915,50.773192507316914,51.0313606262207,9700,0.0,0.0
2017-03-23 00:00:00-04:00,50.9883420011379,51.46165084838867,50.34291995049058,51.46165084838867,3700,0.0,0.0
2017-03-24 00:00:00-04:00,50.90229537243043,52.666448609729315,50.90229537243043,52.36524963378906,5900,0.0,0.0
2017-03-27 00:00:00-04:00,51.71981558141908,53.26883102645262,51.71981558141908,53.096717834472656,4600,0.0,0.0
2017-03-28 00:00:00-04:00,52.83855225674406,53.78516993447634,52.53735333543924,52.666439056396484,6300,0.0,0.0
2017-03-29 00:00:00-04:00,52.79552060446126,53.122535351329724,51.977988661469404,52.92460632324219,8100,0.0,0.0
2017-03-30 00:00:00-04:00,52.580381427966124,53.09672103502985,52.3222132658274,52.8815803527832,4500,0.0,0.0
2017-03-31 00:00:00-04:00,52.83855171344034,54.215450736490695,52.83855171344034,53.61305618286133,7600,0.0,0.0
2017-04-03 00:00:00-04:00,53.35487514651558,53.828183866258236,52.75248073830429,53.656070709228516,3700,0.0,0.0
2017-04-04 00:00:00-04:00,53.397911543069824,53.483969777366106,52.13288668538118,52.4512939453125,14400,0.0,0.0
2017-04-05 00:00:00-04:00,52.537342401989484,53.74213127090985,51.418611756726605,51.9349479675293,11800,0.0,0.0
2017-04-06 00:00:00-04:00,52.45130236499808,53.010666205178296,52.40827488233599,52.537357330322266,6400,0.0,0.0
2017-04-07 00:00:00-04:00,52.36523925223978,53.483973394244586,52.36523925223978,52.92460632324219,28700,0.0,0.0
2017-04-10 00:00:00-04:00,53.01066047968635,53.182773674531894,52.494324177935866,52.83855056762695,6000,0.0,0.0
2017-04-11 00:00:00-04:00,51.76284798535866,53.5270008729095,51.76284798535866,52.92460632324219,2900,0.0,0.0
2017-04-12 00:00:00-04:00,53.311866760253906,53.52700746285155,52.924612839020824,53.311866760253906,4400,0.0,0.0
2017-04-13 00:00:00-04:00,53.09670951947138,53.44093256673951,52.98483546978609,53.225791931152344,3600,0.0,0.0
2017-04-17 00:00:00-04:00,53.03648083433733,53.44094307648898,52.924606762650775,53.26883316040039,6100,0.0,0.0
2017-04-18 00:00:00-04:00,52.494326794482625,53.570030212402344,52.494326794482625,53.570030212402344,3800,0.0,0.0
2017-04-19 00:00:00-04:00,53.139738488919384,53.87121535743396,53.053683545371435,53.18276596069336,4500,0.0,0.0
2017-04-20 00:00:00-04:00,53.311863738125716,53.397918701171875,52.92460983884518,53.397918701171875,6800,0.0,0.0
2017-04-21 00:00:00-04:00,53.35488635253907,54.21544903564453,53.35488635253907,53.7851676940918,4700,0.0,0.0
2017-04-24 00:00:00-04:00,54.21545117859847,54.43059185787862,53.82819729933694,53.95728302001953,4300,0.0,0.0
2017-04-25 00:00:00-04:00,54.602690449050996,54.86085853855773,53.458140765764504,53.699100494384766,13000,0.0,0.0
2017-04-26 00:00:00-04:00,53.613049680175465,54.47361228590151,53.483967258988045,54.17241668701172,10300,0.0,0.0
2017-04-27 00:00:00-04:00,54.0433349609375,54.60270200894638,53.82819429367041,54.0433349609375,2400,0.0,0.0
2017-04-28 00:00:00-04:00,53.91425802847488,54.64573505866529,53.18277771549808,53.8712272644043,4000,0.0,0.0
2017-05-01 00:00:00-04:00,54.637127908867114,54.637127908867114,53.61305618286133,53.61305618286133,2500,0.0,0.0
2017-05-02 00:00:00-04:00,52.96763248858438,54.45640553642251,52.96763248858438,53.7851676940918,6000,0.0,0.0
2017-05-03 00:00:00-04:00,54.12940449747346,55.24813226146269,53.587248983600865,54.989967346191406,12500,0.0,0.0
2017-05-04 00:00:00-04:00,54.94693314870536,55.11904964705256,54.30151105244279,54.73179244995117,6600,0.0,0.0
2017-05-05 00:00:00-04:00,54.946920033726514,55.076005735282884,54.47361126599608,54.559669494628906,2200,0.0,0.0
2017-05-08 00:00:00-04:00,54.4305797184142,54.73177528911731,54.25846655681863,54.54245376586914,2900,0.0,0.0
2017-05-09 00:00:00-04:00,54.64572444047599,55.076005735282884,53.699106905015114,54.559669494628906,11400,0.0,0.0
2017-05-10 00:00:00-04:00,54.5166414420369,55.076008466135455,53.95727770072426,54.00030517578125,13200,0.0,0.0
2017-05-11 00:00:00-04:00,54.30150876678039,54.81784839172857,54.21545380401556,54.68876266479492,8700,0.0,0.0
2017-05-12 00:00:00-04:00,54.21546193682467,55.07602482471077,54.00032121485314,54.90391159057617,11400,0.0,0.0
2017-05-15 00:00:00-04:00,55.162068827600194,55.80749086512806,55.032986389766364,55.46326446533203,9700,0.0,0.0
2017-05-16 00:00:00-04:00,55.635384167915305,55.721439131451625,54.516649945224586,55.24812698364258,11000,0.0,0.0
2017-05-17 00:00:00-04:00,54.7748214014064,55.67840836689703,54.7748214014064,55.24812698364258,6200,0.0,0.0
2017-05-18 00:00:00-04:00,55.50629825206832,56.36686101566628,54.5166497608161,55.37721252441406,21600,0.0,0.0
2017-05-19 00:00:00-04:00,55.03298076077133,55.46325879232643,53.44093792803808,54.47361373901367,18800,0.0,0.0
2017-05-22 00:00:00-04:00,54.602706621003335,55.37721111891233,54.08636700627767,55.07601547241211,8900,0.0,0.0
2017-05-23 00:00:00-04:00,54.731792413420145,56.280808069645644,54.516651714809555,55.893550872802734,20900,0.0,0.0
2017-05-24 00:00:00-04:00,55.76447453127744,56.45292086236609,55.2911623441256,55.93658447265625,9400,0.0,0.0
2017-05-25 00:00:00-04:00,56.108694414035064,56.538975833055495,55.54933382176723,55.93658447265625,7800,0.0,0.0
2017-05-26 00:00:00-04:00,55.0760044752952,57.48558229731791,54.792017251482335,56.84016036987305,20000,0.0,0.0
2017-05-30 00:00:00-04:00,57.27045762753306,57.27045762753306,56.280809082990935,57.05531692504883,15100,0.0,0.0
2017-05-31 00:00:00-04:00,56.84016923881623,58.43220892847672,56.58199780132647,57.829811096191406,11600,0.0,0.0
2017-06-01 00:00:00-04:00,58.26009279088969,59.89516325160426,58.26009279088969,59.464881896972656,13800,0.0,0.0
2017-06-02 00:00:00-04:00,58.948555264184485,60.97087664991407,58.64735957959898,60.45454025268555,26200,0.0,0.0
2017-06-05 00:00:00-04:00,60.66968973112612,61.44419772165964,60.49757976237398,60.884830474853516,16300,0.0,0.0
2017-06-06 00:00:00-04:00,60.84178304652692,60.92784457292105,60.454532440043955,60.5836181640625,5400,0.0,0.0
2017-06-07 00:00:00-04:00,60.23939289742692,60.23939289742692,58.92273293173194,59.2497444152832,8100,0.0,0.0
2017-06-08 00:00:00-04:00,59.378827118022926,60.23938982987833,57.65770169431211,59.33579635620117,14500,0.0,0.0
2017-06-09 00:00:00-04:00,59.37882816662905,60.4545315754448,59.37882816662905,59.895164489746094,10700,0.0,0.0
2017-06-12 00:00:00-04:00,60.06727884364222,60.755725061518454,58.7764347988554,60.66967010498047,9600,0.0,0.0
2017-06-13 00:00:00-04:00,60.583621954644926,61.702349646465706,59.42186349693474,59.981224060058594,9700,0.0,0.0
2017-06-14 00:00:00-04:00,60.16693227123268,61.24674079515779,59.778197248242726,60.64204406738281,9300,0.265,0.0
2017-06-15 00:00:00-04:00,60.21011810119333,61.46269989013672,59.389466294107734,61.46269989013672,19400,0.0,0.0
2017-06-16 00:00:00-04:00,60.642065031490716,61.20356697616999,60.12375807895234,60.81483840942383,13300,0.0,0.0
2017-06-19 00:00:00-04:00,60.46928794220148,62.75848373242498,59.90778609318374,62.456138610839844,11600,0.0,0.0
2017-06-20 00:00:00-04:00,62.24018902240959,62.58572260562281,61.72187546632847,62.32657241821289,3700,0.0,0.0
2017-06-21 00:00:00-04:00,62.32655468003614,63.10401820226057,61.16036269201388,61.24674606323242,23100,0.0,0.0
2017-06-22 00:00:00-04:00,60.9875959405996,61.95510693829381,60.9875959405996,61.59229278564453,8600,0.0,0.0
2017-06-23 00:00:00-04:00,61.33314101905153,62.15379308657557,60.72845071567909,61.549102783203125,40600,0.0,0.0
2017-06-26 00:00:00-04:00,61.592295125819874,61.9378286611117,61.33313838372127,61.50590515136719,4800,0.0,0.0
2017-06-27 00:00:00-04:00,61.76505749392788,62.240175957055946,61.721862509778326,61.93782424926758,3400,0.0,0.0
2017-06-28 00:00:00-04:00,62.28339909708913,62.67213439941406,61.41955165721096,62.67213439941406,14300,0.0,0.0
2017-06-29 00:00:00-04:00,62.02422765872335,62.71530142047275,61.894649268823244,62.41295623779297,10100,0.0,0.0
2017-06-30 00:00:00-04:00,62.2401773067046,63.10402428339375,61.678675453730776,62.54252243041992,7400,0.0,0.0
2017-07-03 00:00:00-04:00,62.4561558827311,63.53596489459968,62.15380408690296,62.58572769165039,10400,0.0,0.0
2017-07-05 00:00:00-04:00,62.19700323287681,63.14723390858611,61.877377371413814,62.36977005004883,20100,0.0,0.0
2017-07-06 00:00:00-04:00,62.28336686394435,63.579137353169116,61.402245831148505,61.67867660522461,19600,0.0,0.0
2017-07-07 00:00:00-04:00,62.02424280322099,62.499354894688864,61.72189095608509,62.110626220703125,9600,0.0,0.0
2017-07-10 00:00:00-04:00,61.89463952709692,62.22289901796514,61.63548278808594,61.63548278808594,6600,0.0,0.0
2017-07-11 00:00:00-04:00,62.06740526246347,62.283367011178115,61.678676751028924,61.981021881103516,6900,0.0,0.0
2017-07-12 00:00:00-04:00,62.02424280322099,62.62893331622821,61.37635728615656,62.110626220703125,13200,0.0,0.0
2017-07-13 00:00:00-04:00,61.93783462717181,62.7844076876929,61.41952768367927,62.28337478637695,30600,0.0,0.0
2017-07-14 00:00:00-04:00,62.067393550407154,62.8016620393553,61.85143184244427,62.19697189331055,13700,0.0,0.0
2017-07-17 00:00:00-04:00,62.024217305013465,62.71529095140186,61.765060568474325,62.067405700683594,9800,0.0,0.0
2017-07-18 00:00:00-04:00,61.63550753860296,62.22292400436667,61.505929117063616,62.110626220703125,6300,0.0,0.0
2017-07-19 00:00:00-04:00,62.326577483180635,62.672117685104816,61.54911367650902,62.58572769165039,12600,0.0,0.0
2017-07-20 00:00:00-04:00,62.62890536870868,63.06082885401012,61.851441777040215,62.456138610839844,22800,0.0,0.0
2017-07-21 00:00:00-04:00,62.844870667827074,62.844870667827074,61.33313838372127,61.50590515136719,15300,0.0,0.0
2017-07-24 00:00:00-04:00,61.6354666103775,62.19696833710192,61.12580017222765,61.46269989013672,12200,0.0,0.0
2017-07-25 00:00:00-04:00,62.02422130058863,63.06083513226425,61.462719395668486,61.549102783203125,12400,0.0,0.0
2017-07-26 00:00:00-04:00,62.15380964628666,62.9744685230898,61.2035789489746,61.20357894897461,14600,0.0,0.0
2017-07-27 00:00:00-04:00,61.03080169876871,61.704601412801445,60.55568313598633,60.55568313598633,7900,0.0,0.0
2017-07-28 00:00:00-04:00,61.1603923622512,61.1603923622512,59.432697737223,59.82142639160156,17000,0.0,0.0
2017-07-31 00:00:00-04:00,59.82141187966314,60.685258982618556,58.827986393138325,59.69183349609375,11800,0.0,0.0
2017-08-01 00:00:00-04:00,60.512506877865626,60.901235532244186,59.73504297847654,59.82142639160156,8100,0.0,0.0
2017-08-02 00:00:00-04:00,59.77821943545207,60.38291638766562,59.43268585205078,59.43268585205078,10500,0.0,0.0
2017-08-03 00:00:00-04:00,59.60544145533449,59.890512539698015,59.17351796652772,59.216712951660156,6400,0.0,0.0
2017-08-04 00:00:00-04:00,59.432675050044885,63.10402472676902,59.432675050044885,62.62890625,10900,0.0,0.0
2017-08-07 00:00:00-04:00,62.84487840011704,63.751920518432804,61.93783628180128,62.974456787109375,11700,0.0,0.0
2017-08-08 00:00:00-04:00,62.32656445472145,63.36317825317382,62.28336946702352,63.36317825317383,7700,0.0,0.0
2017-08-09 00:00:00-04:00,62.84489782544933,63.363204942996624,61.93785542676713,62.758514404296875,14700,0.0,0.0
2017-08-10 00:00:00-04:00,62.8880901593069,62.8880901593069,61.33316228209935,62.110626220703125,7700,0.0,0.0
2017-08-11 00:00:00-04:00,61.808268746329254,61.84281683398702,59.82141758382701,59.8646125793457,11300,0.0,0.0
2017-08-14 00:00:00-04:00,60.29652926354408,61.54910490250077,59.99417751081708,60.85802459716797,15600,0.0,0.0
2017-08-15 00:00:00-04:00,60.98759123549849,61.073974609375,60.21012768935199,61.073974609375,15900,0.0,0.0
2017-08-16 00:00:00-04:00,61.16037436678733,62.153793211375344,61.11717937761828,61.85144805908203,15000,0.0,0.0
2017-08-17 00:00:00-04:00,61.85144454038521,62.19698466218997,61.16037088740533,61.63548278808594,18900,0.0,0.0
2017-08-18 00:00:00-04:00,61.462714141401754,62.888062981079365,61.462714141401754,62.62890625,9600,0.0,0.0
2017-08-21 00:00:00-04:00,62.369764905542894,62.62892170055625,61.333150906751634,61.80826950073242,5900,0.0,0.0
2017-08-22 00:00:00-04:00,62.196985403210306,62.24018039043664,61.40224772703153,61.50590515136719,15900,0.0,0.0
2017-08-23 00:00:00-04:00,61.67868552719794,61.72187392870836,60.81483840942383,60.81483840942383,8500,0.0,0.0
2017-08-24 00:00:00-04:00,60.98759871939744,61.24675546345752,60.642058590860586,60.771636962890625,5000,0.0,0.0
2017-08-25 00:00:00-04:00,61.72185771663637,61.8514360683931,60.68524408384007,60.944400787353516,6300,0.0,0.0
2017-08-28 00:00:00-04:00,61.3590400190974,62.4993175848,60.29651209615752,60.72843551635742,22100,0.0,0.0
2017-08-29 00:00:00-04:00,60.64204640240733,62.45613006495544,60.64204640240733,61.41950988769531,22200,0.0,0.0
2017-08-30 00:00:00-04:00,60.77165530559351,61.72188600290556,60.77165530559351,61.20357894897461,13600,0.0,0.0
2017-08-31 00:00:00-04:00,62.196994029192616,62.58572260562281,61.376341883115245,62.32657241821289,11200,0.0,0.0
2017-09-01 00:00:00-04:00,61.98103559666526,63.88149676964859,61.98103559666526,63.66553497314453,5000,0.0,0.0
2017-09-05 00:00:00-04:00,63.40637250612751,63.924679399347625,63.14721576420259,63.49275588989258,10700,0.0,0.0
2017-09-06 00:00:00-04:00,63.1904229752142,63.9246917652018,62.88807777823471,63.66553497314453,13400,0.0,0.0
2017-09-07 00:00:00-04:00,63.104021219352106,63.8210091663121,63.104021219352106,63.23359298706055,18300,0.0,0.0
2017-09-08 00:00:00-04:00,62.8448936540519,63.795124404921445,62.8448936540519,63.276817321777344,16600,0.0,0.0
2017-09-11 00:00:00-04:00,63.53595959248071,64.09745495929026,62.97445763504054,63.14722442626953,18300,0.0,0.0
2017-09-12 00:00:00-04:00,63.10403537257506,64.44299446735894,63.10403537257506,63.57914733886719,9900,0.0,0.0
2017-09-13 00:00:00-04:00,63.751919541011546,63.83830293413852,63.14722260786185,63.62234115600586,5000,0.0,0.0
2017-09-14 00:00:00-04:00,63.46192784284948,63.76537132661862,63.07179567004296,63.54862976074219,6400,0.265,0.0
2017-09-15 00:00:00-04:00,63.548642700928376,64.06882124206841,63.071808513133085,63.46194076538086,19100,0.0,0.0
2017-09-18 00:00:00-04:00,63.46193358063945,63.46193358063945,62.81170882422131,63.33189392089844,7300,0.0,0.0
2017-09-19 00:00:00-04:00,63.635330817674586,63.635330817674586,62.551622890311016,63.33189392089844,6600,0.0,0.0
2017-09-20 00:00:00-04:00,63.2018624841367,63.2018624841367,61.2511877569376,62.76837921142578,13800,0.0,0.0
2017-09-21 00:00:00-04:00,62.24820173241849,63.722042240508614,62.24820173241849,63.28855895996094,10600,0.0,0.0
2017-09-22 00:00:00-04:00,63.28855758474684,64.02547782277917,62.8984252865032,63.89543151855469,11900,0.0,0.0
2017-09-25 00:00:00-04:00,63.72202170787708,64.155504848747,63.20184326171875,63.20184326171875,8000,0.0,0.0
2017-09-26 00:00:00-04:00,63.5486486970848,64.15552261660515,63.288556094759144,63.98213195800781,2300,0.0,0.0
2017-09-27 00:00:00-04:00,63.09782569180423,64.15552596191762,63.09782569180423,64.11217498779297,9700,0.0,0.0
2017-09-28 00:00:00-04:00,63.591995999416326,65.41262445671894,63.591995999416326,64.71905517578125,2900,0.0,0.0
2017-09-29 00:00:00-04:00,64.8490849712397,64.8490849712397,63.76537704467774,63.765377044677734,3000,0.0,0.0
2017-10-02 00:00:00-04:00,63.37525368199683,65.15253776087425,63.33190932301804,65.02249145507812,15600,0.0,0.0
2017-10-03 00:00:00-04:00,64.71905517578125,64.8924458424082,64.71905517578125,64.71905517578125,4200,0.0,0.0
2017-10-04 00:00:00-04:00,64.76239884348585,65.02249145507812,64.06882956995628,65.02249145507812,21400,0.0,0.0
2017-10-05 00:00:00-04:00,65.19589084263016,65.54267883300781,64.50232147630561,65.54267883300781,23500,0.0,0.0
2017-10-06 00:00:00-04:00,65.02245996358182,67.18987529570123,65.02245996358182,66.49629974365234,15100,0.0,0.0
2017-10-09 00:00:00-04:00,66.06286263298522,66.27960431697065,65.36929321289062,65.36929321289062,7300,0.0,0.0
2017-10-10 00:00:00-04:00,65.54267412874518,66.40964073524823,65.1958861632579,66.27959442138672,24700,0.0,0.0
2017-10-11 00:00:00-04:00,66.27959476957498,66.84312438964844,66.2362504076803,66.84312438964844,20300,0.0,0.0
2017-10-12 00:00:00-04:00,66.58303580526298,67.30261303770209,66.40963852108544,66.66973114013672,6800,0.0,0.0
2017-10-13 00:00:00-04:00,66.27961464233307,66.47901993301375,64.25091533911579,65.28260803222656,43800,0.0,0.0
2017-10-16 00:00:00-04:00,65.45597403879499,66.0628479735152,65.23923240290495,65.325927734375,23600,0.0,0.0
2017-10-17 00:00:00-04:00,65.62936794548972,65.62936794548972,64.19887836945678,64.93579864501953,28500,0.0,0.0
2017-10-18 00:00:00-04:00,64.93580984491977,65.75942559829188,64.93580984491977,65.36929321289062,6600,0.0,0.0
2017-10-19 00:00:00-04:00,65.23921829921083,66.40962155710834,64.50229821938116,65.58600616455078,22600,0.0,0.0
2017-10-20 00:00:00-04:00,65.62936659243024,67.58004137163705,65.23923428236088,66.9731674194336,7600,0.0,0.0
2017-10-23 00:00:00-04:00,66.88645840107029,66.88645840107029,64.54564517627443,64.6323471069336,14100,0.0,0.0
2017-10-24 00:00:00-04:00,64.32888167603589,66.49629691598894,63.895398628045285,65.45594024658203,18600,0.0,0.0
2017-10-25 00:00:00-04:00,63.72200909897058,65.54263660748444,63.72200909897058,64.84906768798828,13500,0.0,0.0
2017-10-26 00:00:00-04:00,65.54269236054444,65.54269236054444,65.06586456298828,65.06586456298828,5500,0.0,0.0
2017-10-27 00:00:00-04:00,64.76241252907266,65.62937926501436,64.63237281022643,65.36929321289062,6500,0.0,0.0
2017-10-30 00:00:00-04:00,65.10917793578523,65.32591954450251,64.06882085971388,64.50230407714844,8200,0.0,0.0
2017-10-31 00:00:00-04:00,64.89245886235018,65.93282291413898,64.12953051591674,65.36929321289062,20100,0.0,0.0
2017-11-01 00:00:00-04:00,65.32595240711728,66.79980005648014,65.06586631447605,65.28260803222656,8800,0.0,0.0
2017-11-02 00:00:00-04:00,65.36926457551685,65.8894430663126,64.58899353210906,65.58600616455078,8700,0.0,0.0
2017-11-03 00:00:00-04:00,65.58601681225221,66.71306928954532,65.41261954421749,66.32293701171875,11000,0.0,0.0
2017-11-06 00:00:00-05:00,67.23325371852138,67.23325371852138,65.97614834360346,66.36628723144531,7600,0.0,0.0
2017-11-07 00:00:00-05:00,66.27957980577855,67.27659250628737,65.19587178662306,65.97614288330078,32400,0.0,0.0
2017-11-08 00:00:00-05:00,65.67271213905484,67.0165128549987,65.67271213905484,66.32293701171875,11300,0.0,0.0
2017-11-09 00:00:00-05:00,66.40962749748077,66.40962749748077,65.54266106379451,65.62935638427734,4800,0.0,0.0
2017-11-10 00:00:00-05:00,65.49929227063085,65.49929227063085,64.76236578542807,64.84906768798828,3700,0.0,0.0
2017-11-13 00:00:00-05:00,64.4589611908148,65.75941100615509,64.4589611908148,65.325927734375,28900,0.0,0.0
2017-11-14 00:00:00-05:00,65.4559490896881,66.75639840935078,64.93577068470849,66.5830078125,15400,0.0,0.0
2017-11-15 00:00:00-05:00,65.95880247467238,66.40962207301668,65.36926508334311,66.1495361328125,7600,0.0,0.0
2017-11-16 00:00:00-05:00,66.32291533667104,67.4499740600586,65.36925382465012,67.4499740600586,9300,0.0,0.0
2017-11-17 00:00:00-05:00,66.92980492274484,68.57704244226508,66.92980492274484,67.4066390991211,11500,0.0,0.0
2017-11-20 00:00:00-05:00,67.40663316249847,69.35730743408203,67.27658688817391,69.35730743408203,12000,0.0,0.0
2017-11-21 00:00:00-05:00,69.74745682764485,69.74745682764485,69.22727821660851,69.57406616210938,4200,0.0,0.0
2017-11-22 00:00:00-05:00,69.57406137797722,69.57406137797722,68.6637439104375,68.88048553466797,4100,0.0,0.0
2017-11-24 00:00:00-05:00,69.01053796355511,69.01053796355511,65.9328105946897,68.96719360351562,11100,0.0,0.0
2017-11-27 00:00:00-05:00,68.88047339561207,69.0885500805924,67.62337484239023,68.49034118652344,5200,0.0,0.0
2017-11-28 00:00:00-05:00,68.3603213486802,69.31398337314626,68.08289227584588,68.9238510131836,5400,0.0,0.0
2017-11-29 00:00:00-05:00,69.05387553023662,69.35731244931662,67.84012123948783,69.18392181396484,14400,0.0,0.0
2017-11-30 00:00:00-05:00,69.48737659536947,71.82818384648694,67.31996002417534,70.78782653808594,33900,0.0,0.0
2017-12-01 00:00:00-05:00,70.70113119812426,72.0882764808024,69.87750893241223,70.78782653808594,10400,0.0,0.0
2017-12-04 00:00:00-05:00,71.43804202706131,71.82817431231958,70.31098291386924,70.83116149902344,7800,0.0,0.0
2017-12-05 00:00:00-05:00,69.96419498562325,71.69812801242362,69.96419498562325,70.83116149902344,15400,0.0,0.0
2017-12-06 00:00:00-05:00,70.74444580078125,71.65476302351126,70.05087675842151,70.74444580078125,9400,0.0,0.0
2017-12-07 00:00:00-05:00,70.65775354037798,71.76746934748894,70.65775354037798,71.22128295898438,8700,0.0,0.0
2017-12-08 00:00:00-05:00,71.39470018976854,71.39470018976854,69.3573299455054,70.22429656982422,5500,0.0,0.0
2017-12-11 00:00:00-05:00,70.26764313602334,70.26764313602334,68.88049133264217,69.83415985107422,12600,0.0,0.0
2017-12-12 00:00:00-05:00,70.05089459307376,70.05089459307376,69.31396778970841,69.79080200195312,7100,0.0,0.0
2017-12-13 00:00:00-05:00,69.57406472280609,70.70112386876052,69.3313151503063,69.92085266113281,19500,0.0,0.0
2017-12-14 00:00:00-05:00,69.24234629426272,70.24270817140177,69.11186315608839,69.4598159790039,9800,0.27,0.0
2017-12-15 00:00:00-05:00,69.5902959975608,73.06981079743883,69.48590816437125,72.28691864013672,29000,0.0,0.0
2017-12-18 00:00:00-05:00,72.89584968625786,73.93970164302931,72.89584968625786,73.11331939697266,6900,0.0,0.0
2017-12-19 00:00:00-05:00,73.28726779184537,73.28726779184537,70.46016250610651,71.85196685791016,7600,0.0,0.0
2017-12-20 00:00:00-05:00,72.2434161871543,72.98281162686435,71.6779938026772,71.85196685791016,5600,0.0,0.0
2017-12-21 00:00:00-05:00,71.76496759415703,72.63484598923772,71.72147101974481,72.15641021728516,3700,0.0,0.0
2017-12-22 00:00:00-05:00,72.15643477980052,72.15643477980052,69.1988525390625,69.1988525390625,8500,0.0,0.0
2017-12-26 00:00:00-05:00,69.1988610964106,70.11222985312465,69.1988610964106,69.72078704833984,3700,0.0,0.0
2017-12-27 00:00:00-05:00,69.93825724198184,70.80813604689045,69.15536499023438,69.15536499023438,5000,0.0,0.0
2017-12-28 00:00:00-05:00,68.72040038367709,69.83384378372645,68.72040038367709,68.85088348388672,3900,0.0,0.0
2017-12-29 00:00:00-05:00,70.24270586781971,71.33005425586646,69.9382496464962,70.8081283569336,7900,0.0,0.0
2018-01-02 00:00:00-05:00,71.37353493911856,72.4173865043424,68.67690622843854,68.98136901855469,13500,0.0,0.0
2018-01-03 00:00:00-05:00,69.0683604128958,70.8516075156106,68.94657794292101,69.41631317138672,9500,0.0,0.0
2018-01-04 00:00:00-05:00,69.54678964875481,70.4601648102126,69.15534694335682,69.41631317138672,6000,0.0,0.0
2018-01-05 00:00:00-05:00,69.76425653116053,71.9563541772121,69.76425653116053,69.85124969482422,10100,0.0,0.0
2018-01-08 00:00:00-05:00,70.32967081153623,72.06942769808826,70.32967081153623,71.33003234863281,6600,0.0,0.0
2018-01-09 00:00:00-05:00,72.11294642258969,72.37390605373218,70.72114181321943,70.8081283569336,5500,0.0,0.0
2018-01-10 00:00:00-05:00,71.1995602971976,71.58230899532646,69.59028625488281,69.59028625488281,6500,0.0,0.0
2018-01-11 00:00:00-05:00,70.06872900283304,71.19956728344695,70.05132771303961,70.72113800048828,4200,0.0,0.0
2018-01-12 00:00:00-05:00,70.63415151573325,72.19993591308594,70.46017842120435,72.19993591308594,10000,0.0,0.0
2018-01-16 00:00:00-05:00,72.19994160194184,74.76608145000199,71.98247189832153,72.98283386230469,15600,0.0,0.0
2018-01-17 00:00:00-05:00,73.06981566560606,74.80957318145383,72.19993690768219,74.2006607055664,11900,0.0,0.0
2018-01-18 00:00:00-05:00,74.0266747678667,74.7660703228041,73.09590484036127,74.15715789794922,10200,0.0,0.0
2018-01-19 00:00:00-05:00,73.72222341468407,78.50655649764292,73.33078063528305,78.07161712646484,15600,0.0,0.0
2018-01-22 00:00:00-05:00,77.68016229328386,77.89763194512771,75.80992196009728,77.07124328613281,10600,0.0,0.0
2018-01-23 00:00:00-05:00,76.81029270032411,77.81064790688934,75.50547463612823,76.8537826538086,5800,0.0,0.0
2018-01-24 00:00:00-05:00,77.5062026977539,78.07162526656856,76.24488104448558,77.5062026977539,7900,0.0,0.0
2018-01-25 00:00:00-05:00,77.44531237582713,77.85415649414062,76.76680793975319,77.85415649414062,6300,0.0,0.0
2018-01-26 00:00:00-05:00,78.15861260072987,80.54207876876627,76.59283466763286,79.68090057373047,26800,0.0,0.0
2018-01-29 00:00:00-05:00,79.50691549465449,79.985344803607,77.73236212822017,78.50655364990234,19300,0.0,0.0
2018-01-30 00:00:00-05:00,77.89763526768834,81.33365325871858,77.89763526768834,79.94184875488281,11500,0.0,0.0
2018-01-31 00:00:00-05:00,79.3329256179387,81.76858835114217,77.33220882112236,78.37606048583984,12700,0.0,0.0
2018-02-01 00:00:00-05:00,78.20209885001941,81.50763402916766,77.72366289572194,78.1151123046875,17600,0.0,0.0
2018-02-02 00:00:00-05:00,77.85412951431162,79.07196080052402,77.50617677015858,78.68051147460938,10800,0.0,0.0
2018-02-05 00:00:00-05:00,78.24557772948057,79.11545633297294,77.02775299390889,77.81063842773438,11600,0.0,0.0
2018-02-06 00:00:00-05:00,77.0712741006161,78.63705887457964,77.0712741006161,77.98464965820312,24200,0.0,0.0
2018-02-07 00:00:00-05:00,77.94112859987217,78.63703420030983,75.72294194219153,76.54932403564453,22600,0.0,0.0
2018-02-08 00:00:00-05:00,76.8537591391503,77.76713415928462,75.20098876953125,75.20098876953125,26500,0.0,0.0
2018-02-09 00:00:00-05:00,75.46197024030863,77.76714990927286,73.59172988108682,74.85305786132812,15300,0.0,0.0
2018-02-12 00:00:00-05:00,75.33148539844098,76.11437746541465,75.02702921590873,75.98389434814453,12800,0.0,0.0
2018-02-13 00:00:00-05:00,75.7229595956838,75.7229595956838,74.80958411175271,75.02705383300781,6600,0.0,0.0
2018-02-14 00:00:00-05:00,74.80956470007183,76.28835576622822,74.20065229321862,75.679443359375,23200,0.0,0.0
2018-02-15 00:00:00-05:00,75.41847092543601,79.8113604495236,75.41847092543601,78.02810668945312,33900,0.0,0.0
2018-02-16 00:00:00-05:00,77.76716140630563,79.20246266797878,77.24523548478308,78.98499298095703,52400,0.0,0.0
2018-02-20 00:00:00-05:00,78.63703721894824,78.98499003252392,76.72330006260594,77.94113159179688,16600,0.0,0.0
2018-02-21 00:00:00-05:00,77.98461396177622,78.89798246463114,76.98425229390462,78.28907012939453,20100,0.0,0.0
2018-02-22 00:00:00-05:00,78.4630642024204,79.9244608350692,78.28909109908183,79.07198333740234,15700,0.0,0.0
2018-02-23 00:00:00-05:00,80.11581871595958,80.11581871595958,77.7236525365997,78.55004119873047,14400,0.0,0.0
2018-02-26 00:00:00-05:00,78.68052291647949,78.85450263217977,77.288718374115,78.59353637695312,11300,0.0,0.0
2018-02-27 00:00:00-05:00,78.55002484270241,78.85448096571452,77.81062286827134,78.20207214355469,4300,0.0,0.0
2018-02-28 00:00:00-05:00,78.28907854285613,78.94148753071326,77.15823364257812,77.15823364257812,14200,0.0,0.0
2018-03-01 00:00:00-05:00,76.20136500960449,77.37569980733056,75.80992228924484,76.15787506103516,13800,0.0,0.0
2018-03-02 00:00:00-05:00,76.15787850384845,77.72365609271712,74.76606735376863,77.15823364257812,25100,0.0,0.0
2018-03-05 00:00:00-05:00,76.94074197422266,78.37604266432908,75.90559118913859,77.89761352539062,24300,0.0,0.0
2018-03-06 00:00:00-05:00,77.9411330129472,78.98499147270759,76.54932836991472,77.72366333007812,15800,0.0,0.0
2018-03-07 00:00:00-05:00,77.37570920032209,80.07233853156782,76.76679675325572,79.76787567138672,18700,0.0,0.0
2018-03-08 00:00:00-05:00,79.89837028415913,80.63776597228679,79.07198803918978,79.68090057373047,12800,0.0,0.0
2018-03-09 00:00:00-05:00,79.63738191467705,82.01214658023967,79.20244265055898,80.94219970703125,9600,0.0,0.0
2018-03-12 00:00:00-04:00,80.81171530628582,82.24701618221874,79.76785710713172,81.50761413574219,9400,0.0,0.0
2018-03-13 00:00:00-04:00,80.81171616051782,82.24701705162279,79.4634017944336,79.4634017944336,24600,0.0,0.0
2018-03-14 00:00:00-04:00,79.72438009790757,81.59462053442138,79.37642730840425,80.28980255126953,15700,0.0,0.0
2018-03-15 00:00:00-04:00,80.56898150385271,82.88092441074458,79.8710408709071,82.27022552490234,15100,0.27,0.0
2018-03-16 00:00:00-04:00,82.18299549339307,84.11107381282135,80.69986549273146,82.793701171875,33700,0.0,0.0
2018-03-19 00:00:00-04:00,82.6192032952617,83.2299089169207,79.82742708691046,81.65953063964844,29600,0.0,0.0
2018-03-20 00:00:00-04:00,81.4850318881751,84.23319003154434,81.13605826334566,82.83729553222656,16400,0.0,0.0
2018-03-21 00:00:00-04:00,82.96816497429728,85.49821554091542,82.16553026260611,84.49491882324219,17000,0.0,0.0
2018-03-22 00:00:00-04:00,83.97145189866946,84.5821507045763,82.48832242368552,83.0553970336914,12200,0.0,0.0
2018-03-23 00:00:00-04:00,83.44801168881595,83.47418354919735,78.78050799742485,79.65293884277344,19600,0.0,0.0
2018-03-26 00:00:00-04:00,80.39449198561326,84.75664557510808,80.30725024504699,83.66610717773438,17900,0.0,0.0
2018-03-27 00:00:00-04:00,83.92782554147122,86.19615054755228,83.40436848472852,84.88750457763672,22300,0.0,0.0
2018-03-28 00:00:00-04:00,85.19285630305215,86.98133518385407,78.93752999321872,86.45787811279297,11900,0.0,0.0
2018-03-29 00:00:00-04:00,86.9377084777781,88.50807952539033,85.06198140280063,86.23976135253906,28500,0.0,0.0
2018-04-02 00:00:00-04:00,86.02165615748736,86.06528035010096,82.96814904581913,83.14263916015625,7900,0.0,0.0
2018-04-03 00:00:00-04:00,83.57885446182314,86.17869393233214,82.57555793676583,83.14263916015625,37900,0.0,0.0
2018-04-04 00:00:00-04:00,82.57557833836762,85.58546200106159,82.00849697487078,85.23648834228516,6700,0.0,0.0
2018-04-05 00:00:00-04:00,84.7130267517104,86.4578882982178,84.7130267517104,85.62908172607422,14100,0.0,0.0
2018-04-06 00:00:00-04:00,85.49822881709326,87.15584887028123,83.75336700449952,84.10234069824219,20400,0.0,0.0
2018-04-09 00:00:00-04:00,83.79698716974792,85.84719836941585,83.62249700323451,84.7130355834961,12200,0.0,0.0
2018-04-10 00:00:00-04:00,85.32372434551615,87.46117687860597,84.52980922080864,86.71961212158203,12200,0.0,0.0
2018-04-11 00:00:00-04:00,86.15254030146187,86.28340625086504,84.60834073563676,85.8471908569336,11200,0.0,0.0
2018-04-12 00:00:00-04:00,82.6017458195729,87.679292650079,82.6017458195729,86.8068618774414,23900,0.0,0.0
2018-04-13 00:00:00-04:00,86.80683692692497,86.80683692692497,84.84386825269802,85.4545669555664,20300,0.0,0.0
2018-04-16 00:00:00-04:00,85.75992420184795,87.4611610816376,83.40435776508143,86.63235473632812,12600,0.0,0.0
2018-04-17 00:00:00-04:00,87.1122061222977,91.0817685635484,87.02496438145972,90.55831146240234,22000,0.0,0.0
2018-04-18 00:00:00-04:00,90.99452465661332,93.26284314499502,90.82003452297289,92.52127838134766,14300,0.0,0.0
2018-04-19 00:00:00-04:00,92.56490595323419,94.04804229736328,90.95091031484203,94.04804229736328,7400,0.0,0.0
2018-04-20 00:00:00-04:00,93.13199473994439,93.43734421114658,91.86697264948418,92.91388702392578,14600,0.0,0.0
2018-04-23 00:00:00-04:00,93.08833022744798,95.66200415574939,92.08504049307793,94.7895736694336,13000,0.0,0.0
2018-04-24 00:00:00-04:00,95.13859202365538,95.13859202365538,92.1810518139671,93.52458953857422,11500,0.0,0.0
2018-04-25 00:00:00-04:00,93.39372790948289,94.78961597942909,91.86697387695312,91.86697387695312,6700,0.0,0.0
2018-04-26 00:00:00-04:00,92.39041726677009,93.55075175559143,91.95420189408101,92.21592712402344,9300,0.0,0.0
2018-04-27 00:00:00-04:00,90.7938597444394,92.21591934321552,88.38594922665236,89.86035919189453,14900,0.0,0.0
2018-04-30 00:00:00-04:00,90.03486545007988,90.55832931051341,87.5484387374985,88.5953598022461,15100,0.0,0.0
2018-05-01 00:00:00-04:00,86.80687056599609,89.38053894042969,85.23649235562083,89.38053894042969,32700,0.0,0.0
2018-05-02 00:00:00-04:00,89.38053894042969,91.86697221621039,88.81346420635123,89.38053894042969,18000,0.0,0.0
2018-05-03 00:00:00-04:00,88.68258731460855,91.73609494807484,88.68258731460855,89.90399169921875,6800,0.0,0.0
2018-05-04 00:00:00-04:00,89.86034163541636,91.16898738738846,89.86034163541636,90.68914794921875,4200,0.0,0.0
2018-05-07 00:00:00-04:00,90.47106093117306,92.65213768126034,89.77312036481594,90.29657745361328,10300,0.0,0.0
2018-05-08 00:00:00-04:00,90.42745525354738,90.68918050422431,88.42086171776317,88.63896942138672,6400,0.0,0.0
2018-05-09 00:00:00-04:00,88.72619809710802,90.7327913372049,88.72619809710802,90.0784683227539,3300,0.0,0.0
2018-05-10 00:00:00-04:00,90.29657711907186,90.51468479327251,87.46117735446332,89.16241455078125,10900,0.0,0.0
2018-05-11 00:00:00-04:00,89.07518311985012,90.73280296681375,88.9879413712981,90.64556121826172,6200,0.0,0.0
2018-05-14 00:00:00-04:00,90.60194143171759,90.60194143171759,87.76654120081187,87.81016540527344,24600,0.0,0.0
2018-05-15 00:00:00-04:00,88.4644673582095,88.55170909012898,87.4175466068232,88.11549377441406,5700,0.0,0.0
2018-05-16 00:00:00-04:00,87.77526935304095,89.68589506631099,87.63567722051016,89.38053894042969,6800,0.0,0.0
2018-05-17 00:00:00-04:00,89.68587862603606,90.29657745361328,89.68587862603606,90.29657745361328,3700,0.0,0.0
2018-05-18 00:00:00-04:00,90.60190691973212,91.60520333510178,90.1220741340277,90.73277282714844,27500,0.0,0.0
2018-05-21 00:00:00-04:00,91.25622910629662,91.34347082520479,89.94758335432454,90.68914794921875,9500,0.0,0.0
2018-05-22 00:00:00-04:00,90.68916674834837,90.68916674834837,89.33690318466716,89.99122619628906,1800,0.0,0.0
2018-05-23 00:00:00-04:00,89.6858775635548,90.29657638389726,89.29327975951927,90.16571044921875,6300,0.0,0.0
2018-05-24 00:00:00-04:00,90.45361417428789,90.68916753181486,89.86036103904752,90.16571044921875,5200,0.0,0.0
2018-05-25 00:00:00-04:00,91.43076527439536,91.43076527439536,88.98795597727705,89.4241714477539,6300,0.0,0.0
2018-05-29 00:00:00-04:00,89.16240334522853,90.29656577098241,88.42083867736659,89.72948455810547,6300,0.0,0.0
2018-05-30 00:00:00-04:00,90.12209649469722,94.00441055590446,90.12209649469722,93.00111389160156,9500,0.0,0.0
2018-05-31 00:00:00-04:00,92.82662706477365,92.82662706477365,89.94760311547763,91.29987335205078,11400,0.0,0.0
2018-06-01 00:00:00-04:00,91.64883095227123,92.47763730339265,90.38380267473399,91.25623321533203,7600,0.0,0.0
2018-06-04 00:00:00-04:00,90.34022326854678,91.93676677299739,90.20935730100307,91.34351348876953,14300,0.0,0.0
2018-06-05 00:00:00-04:00,92.29442464861741,92.4340100693347,90.47104141764515,90.82001495361328,26900,0.0,0.0
2018-06-06 00:00:00-04:00,91.03814260791091,92.12868098763222,89.72949655224535,90.38381958007812,16600,0.0,0.0
2018-06-07 00:00:00-04:00,90.68916566762508,90.68916566762508,89.0751702560816,89.86035919189453,11300,0.0,0.0
2018-06-08 00:00:00-04:00,89.59860982257536,91.45689105029027,88.98791113410164,90.68914794921875,16800,0.0,0.0
2018-06-11 00:00:00-04:00,90.60193550683546,92.1723135790904,89.7207785520636,91.60523223876953,22600,0.0,0.0
2018-06-12 00:00:00-04:00,91.60523596544158,92.30318328286394,90.34021394074733,91.03815460205078,8300,0.0,0.0
2018-06-13 00:00:00-04:00,90.99454645014576,91.60524542385696,89.01412455974587,91.34351348876953,26600,0.0,0.0
2018-06-14 00:00:00-04:00,91.75460655472547,92.30565659549848,90.7924528298861,91.88581085205078,22600,0.27,0.0
2018-06-15 00:00:00-04:00,91.97326744752475,95.64694730481315,91.75459586855932,94.9034652709961,36600,0.0,0.0
2018-06-18 00:00:00-04:00,94.466103515625,99.27687730577257,94.466103515625,98.40219116210938,13900,0.0,0.0
2018-06-19 00:00:00-04:00,97.70244541647575,102.0059065721979,95.95307302460814,98.70833587646484,32300,0.0,0.0
2018-06-20 00:00:00-04:00,98.7520668222308,102.29454169533585,97.39630063203494,101.46359252929688,11000,0.0,0.0
2018-06-21 00:00:00-04:00,101.28868415445606,101.28868415445606,99.05823124516769,99.14569854736328,9600,0.0,0.0
2018-06-22 00:00:00-04:00,99.25941107349574,100.32652282714844,97.35259454167752,100.32652282714844,33700,0.0,0.0
2018-06-25 00:00:00-04:00,100.7638595893959,102.90684503899865,98.79581540465516,99.67050170898438,18500,0.0,0.0
2018-06-26 00:00:00-04:00,99.80171488276937,101.11374445618,96.9152538252625,100.19532775878906,15000,0.0,0.0
2018-06-27 00:00:00-04:00,100.15156547479693,100.5889085554729,98.2709888932251,98.7957992553711,24600,0.0,0.0
2018-06-28 00:00:00-04:00,98.83954582567934,99.1019543688834,95.99681552538324,98.31473541259766,19000,0.0,0.0
2018-06-29 00:00:00-04:00,93.37276026364805,98.79581252297889,93.37276026364805,96.34669494628906,16700,0.0,0.0
2018-07-02 00:00:00-04:00,96.39043320435086,96.87151336669922,95.34081225255274,96.87151336669922,13300,0.0,0.0
2018-07-03 00:00:00-04:00,99.28563710145681,99.75796847247693,96.4778950681648,97.96485900878906,10500,0.0,0.0
2018-07-05 00:00:00-04:00,99.67049527673122,99.80169954857868,97.65872091060035,99.01448059082031,8000,0.0,0.0
2018-07-06 00:00:00-04:00,97.9648715218278,99.91542502499962,96.52163770492113,96.69657897949219,27400,0.0,0.0
2018-07-09 00:00:00-04:00,96.7840493211968,100.7201380328045,96.25923882764795,100.3702621459961,24500,0.0,0.0
2018-07-10 00:00:00-04:00,100.37024951257585,100.37024951257585,98.55090046883228,98.88328552246094,5000,0.0,0.0
2018-07-11 00:00:00-04:00,97.92111989502675,98.57713456160351,96.25922141169333,96.39041900634766,25400,0.0,0.0
2018-07-12 00:00:00-04:00,96.43418107143668,96.43418107143668,93.85385871436664,94.02879333496094,7500,0.0,0.0
2018-07-13 00:00:00-04:00,93.89757134386532,93.89757134386532,87.51236546846432,87.8185043334961,22100,0.0,0.0
2018-07-16 00:00:00-04:00,87.55609437099045,89.26173660301869,87.16248821846752,88.64945220947266,23300,0.0,0.0
2018-07-17 00:00:00-04:00,88.38704324247337,88.38704324247337,84.5821529310943,85.4131088256836,26800,0.0,0.0
2018-07-18 00:00:00-04:00,85.28193896734838,86.55023180060819,82.43920766843677,85.32567596435547,19300,0.0,0.0
2018-07-19 00:00:00-04:00,85.32564702221188,87.20621713571565,84.48594234313644,85.19444274902344,14000,0.0,0.0
2018-07-20 00:00:00-04:00,85.19443464006011,87.33741309596813,83.0951864888349,83.31385803222656,10800,0.0,0.0
2018-07-23 00:00:00-04:00,83.09519848656133,83.53254163649059,80.99595003223546,82.39544677734375,14700,0.0,0.0
2018-07-24 00:00:00-04:00,82.74532820727343,85.41312427092691,79.33405007331028,79.42152404785156,45500,0.0,0.0
2018-07-25 00:00:00-04:00,79.5089847738531,80.9959487915039,78.7655027650277,80.9959487915039,61000,0.0,0.0
2018-07-26 00:00:00-04:00,81.17086599268295,84.31973435590668,80.1212387560585,84.01359558105469,25400,0.0,0.0
2018-07-27 00:00:00-04:00,84.27603171429998,86.06914146977918,82.39545465513758,84.1010971069336,13900,0.0,0.0
2018-07-30 00:00:00-04:00,84.14481435751563,84.14481435751563,81.38955801598382,82.9639892578125,29400,0.0,0.0
2018-07-31 00:00:00-04:00,82.9202816314568,85.10699784881243,82.9202816314568,84.84458923339844,16400,0.0,0.0
2018-08-01 00:00:00-04:00,84.66965413343436,84.71338445354077,83.09521579638213,83.79496765136719,9900,0.0,0.0
2018-08-02 00:00:00-04:00,83.79494726603409,86.55020367559423,83.35760413139576,84.5384292602539,29200,0.0,0.0
2018-08-03 00:00:00-04:00,84.58213586149466,85.63176309441393,83.57625227243526,84.36346435546875,13900,0.0,0.0
2018-08-06 00:00:00-04:00,84.40724132759723,85.35190428291412,81.50328261828555,84.05736541748047,19900,0.0,0.0
2018-08-07 00:00:00-04:00,84.18856306252191,85.41312531446043,82.22051873119023,82.87653350830078,16800,0.0,0.0
2018-08-08 00:00:00-04:00,82.70161352376326,83.75123468336169,79.20286742733039,79.59647369384766,16800,0.0,0.0
2018-08-09 00:00:00-04:00,79.64020634273996,81.82692253366277,78.76551986637084,81.73944854736328,11800,0.0,0.0
2018-08-10 00:00:00-04:00,81.34581156701653,81.34581156701653,79.68390655517578,79.68390655517578,13300,0.0,0.0
2018-08-13 00:00:00-04:00,79.59646655533093,80.73356160402399,78.52934802388963,79.94634246826172,15300,0.0,0.0
2018-08-14 00:00:00-04:00,79.99007315674712,80.38368606311391,76.62253166002506,78.590576171875,29000,0.0,0.0
2018-08-15 00:00:00-04:00,76.09772420483966,77.84709717506585,74.78569447717001,75.22303771972656,20900,0.0,0.0
2018-08-16 00:00:00-04:00,75.57288250126648,77.54092628164673,75.57288250126648,76.22889709472656,20600,0.0,0.0
2018-08-17 00:00:00-04:00,76.27265212255259,77.62841872453755,75.3542353979772,75.92278289794922,8300,0.0,0.0
2018-08-20 00:00:00-04:00,76.3601221567094,77.05986724308987,75.57290309536991,76.01024627685547,12800,0.0,0.0
2018-08-21 00:00:00-04:00,76.01023687790268,76.79745584189956,75.66036104131224,76.31637573242188,11000,0.0,0.0
2018-08-22 00:00:00-04:00,76.09770841680022,77.01613170495443,74.69821166563939,76.75372314453125,20500,0.0,0.0
2018-08-23 00:00:00-04:00,76.62253480502405,78.45937509014546,76.5350674911284,77.62842559814453,10900,0.0,0.0
2018-08-24 00:00:00-04:00,77.67215467006291,78.6343083714425,77.10360717773438,77.10360717773438,11500,0.0,0.0
2018-08-27 00:00:00-04:00,76.97238687696404,79.5964455204969,76.97238687696404,78.28441619873047,7600,0.0,0.0
2018-08-28 00:00:00-04:00,78.54683768905728,80.3836777078598,78.24069212481743,79.42152404785156,15500,0.0,0.0
2018-08-29 00:00:00-04:00,79.59645044113344,80.7597847799484,77.62840633681971,79.07164001464844,9200,0.0,0.0
2018-08-30 00:00:00-04:00,79.33406185746155,81.56451507302576,78.37190805453656,79.85887908935547,18100,0.0,0.0
2018-08-31 00:00:00-04:00,79.72766431881608,83.0952055237993,79.29032113184871,79.46525573730469,3100,0.0,0.0
2018-09-04 00:00:00-04:00,79.07164123746183,79.9900578296819,78.0220136949331,78.4156265258789,18500,0.0,0.0
2018-09-05 00:00:00-04:00,78.45935562264374,80.42739972695747,77.0423681384669,79.07164001464844,24000,0.0,0.0
2018-09-06 00:00:00-04:00,79.07166633441763,80.16502453408233,78.59058605723361,79.33406829833984,8700,0.0,0.0
2018-09-07 00:00:00-04:00,79.33406120276054,81.78318602029313,78.72178333504151,81.38957977294922,25400,0.0,0.0
2018-09-10 00:00:00-04:00,81.69570125019942,82.5703875447983,79.90259167694101,81.17089080810547,5200,0.0,0.0
2018-09-11 00:00:00-04:00,80.04253220178953,82.35170312546693,80.04253220178953,81.91436004638672,12800,0.0,0.0
2018-09-12 00:00:00-04:00,81.34581911206942,83.3576001035264,80.60233715377491,82.57038116455078,11100,0.0,0.0
2018-09-13 00:00:00-04:00,82.98267974223245,83.72829445996072,81.25460381172242,82.80724334716797,11300,0.27,0.0
2018-09-14 00:00:00-04:00,83.50899561989539,83.72829445996072,82.32478322203642,82.80724334716797,5200,0.0,0.0
2018-09-17 00:00:00-04:00,84.03530428427256,85.43881528995065,83.20196481443953,85.3510971069336,18100,0.0,0.0
2018-09-18 00:00:00-04:00,85.52653747609199,90.08795013116274,85.43881928896921,88.50900268554688,13000,0.0,0.0
2018-09-19 00:00:00-04:00,88.37743630242515,88.81603400119648,82.89496506778339,82.93882751464844,13300,0.0,0.0
2018-09-20 00:00:00-04:00,83.3335530342338,84.8686448006539,83.00898836575901,83.46513366699219,12000,0.0,0.0
2018-09-21 00:00:00-04:00,83.46516046985316,85.68446420833091,81.66690686044971,83.8160400390625,48700,0.0,0.0
2018-09-24 00:00:00-04:00,83.37744429591442,84.07919675907593,81.31602928591974,82.58796691894531,19700,0.0,0.0
2018-09-25 00:00:00-04:00,82.80724545649934,82.80724545649934,81.49145238259037,82.28092956542969,14500,0.0,0.0
2018-09-26 00:00:00-04:00,82.41250610351562,83.64058101617357,82.06163329344467,82.41250610351562,13800,0.0,0.0
2018-09-27 00:00:00-04:00,82.41250504574496,82.8949651921049,81.57917209381753,82.45636749267578,9800,0.0,0.0
2018-09-28 00:00:00-04:00,82.3686203905015,82.93879853819419,81.78090128567297,82.63177490234375,26300,0.0,0.0
2018-10-01 00:00:00-04:00,83.14057909770936,85.74585051140872,80.35109745275963,83.62303924560547,13000,0.0,0.0
2018-10-02 00:00:00-04:00,84.03530891489363,84.03530891489363,82.26337073495486,83.07916259765625,6000,0.0,0.0
2018-10-03 00:00:00-04:00,83.76338457573334,84.64935377933601,82.50899492042367,83.00022888183594,11700,0.0,0.0
2018-10-04 00:00:00-04:00,82.93883469601064,85.1932267951959,82.0440915652616,82.71953582763672,10400,0.0,0.0
2018-10-05 00:00:00-04:00,82.19317711381767,82.19317711381767,80.01773704216298,81.22826385498047,4600,0.0,0.0
2018-10-08 00:00:00-04:00,81.27212263145884,81.64931677024198,78.33352055568962,78.51773071289062,4700,0.0,0.0
2018-10-09 00:00:00-04:00,78.59667915611018,82.29844352698564,78.57913819889974,81.93002319335938,10900,0.0,0.0
2018-10-10 00:00:00-04:00,81.90372485058533,82.07038740117218,76.46511015569912,78.14055633544922,19400,0.0,0.0
2018-10-11 00:00:00-04:00,77.69320090456597,79.71952025679883,76.21951227772293,76.93003845214844,9400,0.0,0.0
2018-10-12 00:00:00-04:00,77.9300269520556,77.9300269520556,75.2370376586914,75.2370376586914,9800,0.0,0.0
2018-10-15 00:00:00-04:00,75.32475841509446,77.02651264669237,75.32475841509446,76.78089904785156,6700,0.0,0.0
2018-10-16 00:00:00-04:00,77.08791452057153,78.51774703083002,74.84229686993976,78.00019836425781,8400,0.0,0.0
2018-10-17 00:00:00-04:00,77.54406839819566,78.85986139129015,77.54406839819566,77.96511840820312,10000,0.0,0.0
2018-10-18 00:00:00-04:00,77.64054195574829,78.62299620710385,76.67562866210938,76.67562866210938,6400,0.0,0.0
2018-10-19 00:00:00-04:00,76.61421649556794,77.2808866426217,75.6580770530214,76.26334381103516,5400,0.0,0.0
2018-10-22 00:00:00-04:00,76.13178717333683,77.61424949427618,75.75459289550781,75.75459289550781,3000,0.0,0.0
2018-10-23 00:00:00-04:00,76.74583136281693,76.74583136281693,73.93880847851275,74.7458267211914,5000,0.0,0.0
2018-10-24 00:00:00-04:00,75.46510617130693,76.42125247242852,74.64931432235565,76.31598663330078,13800,0.0,0.0
2018-10-25 00:00:00-04:00,76.58791994084183,78.45635022374233,75.95633825042302,78.05284118652344,14700,0.0,0.0
2018-10-26 00:00:00-04:00,77.14931990579363,78.27213545249245,75.43879183762563,77.01774597167969,10000,0.0,0.0
2018-10-29 00:00:00-04:00,77.90369337931077,77.90369337931077,75.71947949093341,76.27210998535156,3700,0.0,0.0
2018-10-30 00:00:00-04:00,76.3159987225443,77.39495199399796,75.43880333492885,76.88617706298828,8300,0.0,0.0
2018-10-31 00:00:00-04:00,77.34232918170432,77.57917572536792,75.5703971349936,76.47390747070312,10000,0.0,0.0
2018-11-01 00:00:00-04:00,76.84231214875808,77.54407111330067,75.92126103682408,76.71073150634766,5900,0.0,0.0
2018-11-02 00:00:00-04:00,77.5002261073705,77.5002261073705,75.75460882317215,76.6668930053711,8200,0.0,0.0
2018-11-05 00:00:00-05:00,76.67563577866943,76.67563577866943,74.60545456764639,75.02650451660156,14500,0.0,0.0
2018-11-06 00:00:00-05:00,75.48265879485236,77.50897781110382,74.34230221951232,77.09669494628906,12700,0.0,0.0
2018-11-07 00:00:00-05:00,77.34230695175135,78.67564753755228,77.34230695175135,77.85985565185547,6200,0.0,0.0
2018-11-08 00:00:00-05:00,77.75461165309056,78.54408897274041,77.21952184157628,77.88619232177734,1200,0.0,0.0
2018-11-09 00:00:00-05:00,77.80722570565204,78.4212664727442,75.62301113452915,76.71073150634766,4700,0.0,0.0
2018-11-12 00:00:00-05:00,75.40371332305662,77.54407217088016,75.0879224539525,76.22827911376953,11800,0.0,0.0
2018-11-13 00:00:00-05:00,76.28090765411179,77.06161098861895,74.8159930100338,76.71073150634766,15700,0.0,0.0
2018-11-14 00:00:00-05:00,76.97391011176714,78.0704045578037,74.51775987565682,76.6668930053711,14600,0.0,0.0
2018-11-15 00:00:00-05:00,76.49145276614962,78.30724736963536,75.21074800792758,77.0440902709961,37600,0.0,0.0
2018-11-16 00:00:00-05:00,76.85106271706925,78.67563011869436,76.73702976414297,77.90369415283203,7400,0.0,0.0
2018-11-19 00:00:00-05:00,78.00017709058613,80.59667346408105,78.00017709058613,80.3335189819336,19500,0.0,0.0
2018-11-20 00:00:00-05:00,79.73705434155715,80.9826700650054,79.38617488203776,80.86863708496094,4500,0.0,0.0
2018-11-21 00:00:00-05:00,80.75460627730044,83.53532077795813,80.57039604663659,82.45636749267578,17200,0.0,0.0
2018-11-23 00:00:00-05:00,83.07038169701526,84.35985969526301,82.61424314355467,83.76336669921875,4200,0.0,0.0
2018-11-26 00:00:00-05:00,84.21075829039229,84.65812981770154,82.14935044156935,82.45636749267578,11200,0.0,0.0
2018-11-27 00:00:00-05:00,81.70196996690964,82.24583346393128,80.85986327932294,81.31600189208984,9900,0.0,0.0
2018-11-28 00:00:00-05:00,81.55284668038526,83.94758605957031,81.55284668038526,83.94758605957031,7200,0.0,0.0
2018-11-29 00:00:00-05:00,83.34231778427316,87.67565751923084,83.34231778427316,85.63179779052734,6500,0.0,0.0
2018-11-30 00:00:00-05:00,85.61425898008348,86.40373607971169,82.90372874590706,83.237060546875,8400,0.0,0.0
2018-12-03 00:00:00-05:00,83.97391810100578,83.97391810100578,81.72829333911437,81.76338195800781,3500,0.0,0.0
2018-12-04 00:00:00-05:00,81.84232564960321,81.93004384269847,77.07038098956691,78.94757843017578,13200,0.0,0.0
2018-12-06 00:00:00-05:00,78.28966277992113,80.52651296490588,75.83351381964248,79.07913970947266,15600,0.0,0.0
2018-12-07 00:00:00-05:00,77.86861373536802,79.763358549971,77.86861373536802,79.54405975341797,8200,0.0,0.0
2018-12-10 00:00:00-05:00,77.35986829244942,79.77215576171875,75.64933316239456,79.77215576171875,10500,0.0,0.0
2018-12-11 00:00:00-05:00,81.228288862906,81.228288862906,76.33353715602422,77.18441772460938,18100,0.0,0.0
2018-12-12 00:00:00-05:00,78.44757132025556,79.51775059393681,76.3335275595461,77.728271484375,13000,0.0,0.0
2018-12-13 00:00:00-05:00,78.00546341091614,78.9381830877275,76.2632064819336,76.2632064819336,12600,0.275,0.0
2018-12-14 00:00:00-05:00,75.80564520746343,77.12553453766893,74.15137961709112,74.71453857421875,9400,0.0,0.0
2018-12-17 00:00:00-05:00,74.65294764768275,75.4360882684587,71.71399688720703,71.71399688720703,26300,0.0,0.0
2018-12-18 00:00:00-05:00,71.98677376487048,71.98677376487048,70.40291033601922,71.35322570800781,16200,0.0,0.0
2018-12-19 00:00:00-05:00,71.55560708464665,72.15395724250696,69.82215118408203,69.82215118408203,10400,0.0,0.0
2018-12-20 00:00:00-05:00,70.1565068584854,70.3852827977055,68.39665476003734,69.04779815673828,16900,0.0,0.0
2018-12-21 00:00:00-05:00,69.2238128819016,69.80456756692286,68.63426376587536,68.7310562133789,32200,0.0,0.0
2018-12-24 00:00:00-05:00,65.13212439202704,65.7304743848931,65.0969332571259,65.67768096923828,3200,0.0,0.0
2018-12-26 00:00:00-05:00,65.60729043349052,68.94221128850788,65.55449701368298,66.68080139160156,11900,0.0,0.0
2018-12-27 00:00:00-05:00,66.1968634807991,67.51675303005361,66.1968634807991,67.33196258544922,5100,0.0,0.0
2018-12-28 00:00:00-05:00,67.33194318078779,74.52973905022644,66.5048172000087,71.74917602539062,25600,0.0,0.0
2018-12-31 00:00:00-05:00,72.15394148948772,74.81131540512509,70.9484402941546,73.10426330566406,15500,0.0,0.0
2019-01-02 00:00:00-05:00,72.20673997594733,74.59133911132812,72.14514541205573,74.59133911132812,26300,0.0,0.0
2019-01-03 00:00:00-05:00,74.62651782042329,75.1016786399694,72.98985501308738,73.95777893066406,12400,0.0,0.0
2019-01-04 00:00:00-05:00,74.59131051384563,76.12238630924632,73.35061857018108,74.61771392822266,23000,0.0,0.0
2019-01-07 00:00:00-05:00,74.60013530787822,74.60013530787822,72.16274291167092,74.00178527832031,13500,0.0,0.0
2019-01-08 00:00:00-05:00,74.82890753272977,75.42725747876013,72.75228164434813,74.33615112304688,14600,0.0,0.0
2019-01-09 00:00:00-05:00,74.1777880033194,76.1840188452646,74.063393290537,74.3625717163086,4900,0.0,0.0
2019-01-10 00:00:00-05:00,74.02819478271395,74.06339263916016,72.69951094671944,74.06339263916016,4000,0.0,0.0
2019-01-11 00:00:00-05:00,73.91378008459249,75.24247015393301,73.73779757923579,74.44173431396484,4900,0.0,0.0
2019-01-14 00:00:00-05:00,74.01939001532882,76.184007534654,72.4971148248433,73.22745513916016,15400,0.0,0.0
2019-01-15 00:00:00-05:00,73.50901881633602,75.38325877880104,73.50901881633602,74.52093505859375,17400,0.0,0.0
2019-01-16 00:00:00-05:00,74.66173401919383,76.15761253291751,74.10738295009085,74.49455261230469,6600,0.0,0.0
2019-01-17 00:00:00-05:00,75.0488738084153,76.18397891901363,74.93448586888567,76.10478210449219,7800,0.0,0.0
2019-01-18 00:00:00-05:00,76.4127970668094,78.80619768937915,74.5209608826195,75.95523834228516,12400,0.0,0.0
2019-01-22 00:00:00-05:00,75.6120516875678,76.27199627693444,73.85219944925672,74.00178527832031,12800,0.0,0.0
2019-01-23 00:00:00-05:00,74.09858915450879,77.04634076715428,73.32425646662092,76.63277435302734,22000,0.0,0.0
2019-01-24 00:00:00-05:00,76.99353886715889,78.92937373049736,76.86154860072585,77.96145629882812,10600,0.0,0.0
2019-01-25 00:00:00-05:00,79.07016456408725,81.12918853759766,79.07016456408725,81.12918853759766,6800,0.0,0.0
2019-01-28 00:00:00-05:00,81.0851920582676,81.0851920582676,78.10224309423684,80.1524658203125,14600,0.0,0.0
2019-01-29 00:00:00-05:00,80.23165739316967,80.23165739316967,77.09912280789175,79.37812805175781,5900,0.0,0.0
2019-01-30 00:00:00-05:00,79.35173255795216,83.27620198977887,79.35173255795216,82.45787048339844,8100,0.0,0.0
2019-01-31 00:00:00-05:00,82.50188370386675,83.58418918762985,81.1731932410096,82.66027069091797,6100,0.0,0.0
2019-02-01 00:00:00-05:00,82.78345555040654,85.2208480834961,81.63074770453113,85.2208480834961,16100,0.0,0.0
2019-02-04 00:00:00-05:00,85.52001168269305,89.89324505835609,85.26483233233917,87.28865814208984,12300,0.0,0.0
2019-02-05 00:00:00-05:00,87.31508525012586,90.15724329473615,85.63442288044672,86.6463394165039,5000,0.0,0.0
2019-02-06 00:00:00-05:00,86.49674676264415,86.83991743809413,79.96768936090203,82.07951354980469,14800,0.0,0.0
2019-02-07 00:00:00-05:00,81.69234995745322,81.9211326625421,79.47493875778292,80.81242370605469,4900,0.0,0.0
2019-02-08 00:00:00-05:00,78.9733657323735,82.82743954854028,78.9733657323735,82.5546646118164,13800,0.0,0.0
2019-02-11 00:00:00-05:00,83.8393613820026,85.1592505894354,83.37300160283827,83.74256896972656,3700,0.0,0.0
2019-02-12 00:00:00-05:00,84.05054459414814,84.05054459414814,79.70371389027594,80.55724334716797,13900,0.0,0.0
2019-02-13 00:00:00-05:00,79.70369590770926,81.38435101809857,79.63330021897505,80.50442504882812,9100,0.0,0.0
2019-02-14 00:00:00-05:00,80.11730104247222,80.88283271048952,79.86212158203125,79.86212158203125,7700,0.0,0.0
2019-02-15 00:00:00-05:00,80.04689470490668,82.17631468969553,77.75028657878732,78.6830062866211,22000,0.0,0.0
2019-02-19 00:00:00-05:00,77.69748524568584,81.31398242287584,77.69748524568584,79.89730072021484,9200,0.0,0.0
2019-02-20 00:00:00-05:00,80.1084811260445,80.39005723825204,79.29014950098754,79.89730072021484,5200,0.0,0.0
2019-02-21 00:00:00-05:00,78.88539075026027,79.55413658926916,78.44542761915264,78.9997787475586,8300,0.0,0.0
2019-02-22 00:00:00-05:00,78.85018081644348,78.85018081644348,77.98785025770438,78.29582977294922,4200,0.0,0.0
2019-02-25 00:00:00-05:00,78.30461950203475,78.59499671785703,77.2399097573229,77.4334945678711,14000,0.0,0.0
2019-02-26 00:00:00-05:00,76.56235159818621,77.36308064656141,76.55355045978823,76.59754943847656,4800,0.0,0.0
2019-02-27 00:00:00-05:00,75.80564863062399,76.3336030438862,74.88172337243667,75.39208221435547,12200,0.0,0.0
2019-02-28 00:00:00-05:00,75.2776812046651,75.89362679477962,74.27456597887664,74.68812561035156,8700,0.0,0.0
2019-03-01 00:00:00-05:00,77.15191416511954,78.66538800273031,75.24247630145369,78.155029296875,8200,0.0,0.0
2019-03-04 00:00:00-05:00,77.9526429730582,79.04375607260697,77.25750732421875,77.25750732421875,10900,0.0,0.0
2019-03-05 00:00:00-05:00,77.36308179889615,77.86463928222656,76.99351454029514,77.86463928222656,3800,0.0,0.0
2019-03-06 00:00:00-05:00,77.86464324656563,77.86464324656563,76.9055272104168,76.95832061767578,17000,0.0,0.0
2019-03-07 00:00:00-05:00,77.43349530839275,78.5861963289311,77.04632568359375,77.04632568359375,12500,0.0,0.0
2019-03-08 00:00:00-05:00,77.01112167037391,78.30461398304912,76.47437297891612,77.1871109008789,16400,0.0,0.0
2019-03-11 00:00:00-04:00,77.28392277381668,77.35431848375742,74.77613434859099,75.40967559814453,13100,0.0,0.0
2019-03-12 00:00:00-04:00,75.41847674021322,75.63845829879978,74.42416251219164,75.40967559814453,5100,0.0,0.0
2019-03-13 00:00:00-04:00,75.47127857938632,76.37760834097419,74.79373825726303,74.99612426757812,8900,0.0,0.0
2019-03-14 00:00:00-04:00,75.13293336422785,76.05101959292831,74.77099260986947,75.03582763671875,7500,0.275,0.0
2019-03-15 00:00:00-04:00,75.15941860540183,76.58951568603516,73.64987505447293,76.58951568603516,18400,0.0,0.0
2019-03-18 00:00:00-04:00,76.44824830296349,76.44824830296349,73.27026236659951,73.9058609008789,14600,0.0,0.0
2019-03-19 00:00:00-04:00,74.02946765579584,74.76217208292566,73.9500144512104,74.19719696044922,5100,0.0,0.0
2019-03-20 00:00:00-04:00,74.22369419662148,75.1947449647217,74.22369419662148,74.67390441894531,4800,0.0,0.0
2019-03-21 00:00:00-04:00,74.46203819315049,75.55667684118508,73.79112759304856,74.00299835205078,4300,0.0,0.0
2019-03-22 00:00:00-04:00,73.68519070204584,74.15306012283429,70.81617349491238,71.05451965332031,9500,0.0,0.0
2019-03-25 00:00:00-04:00,71.25755969870752,74.1530590209683,71.25755969870752,74.13540649414062,7600,0.0,0.0
2019-03-26 00:00:00-04:00,76.28055592747467,76.5365546329943,73.6587143047569,74.84162902832031,15500,0.0,0.0
2019-03-27 00:00:00-04:00,74.72685338856749,76.66012472098315,74.06477259670487,76.03335571289062,8400,0.0,0.0
2019-03-28 00:00:00-04:00,76.16577862677826,78.55809658304885,75.75087355680995,77.42814636230469,10400,0.0,0.0
2019-03-29 00:00:00-04:00,77.86071239940944,79.27315706350886,77.42815475692252,77.90485382080078,17500,0.0,0.0
2019-04-01 00:00:00-04:00,78.32858870126222,78.92004603272208,76.90732113847729,78.05492401123047,13300,0.0,0.0
2019-04-02 00:00:00-04:00,77.94899096918672,77.94899096918672,76.57185817068493,77.48994445800781,12500,0.0,0.0
2019-04-03 00:00:00-04:00,76.93380521053248,78.70818398407262,76.64248798569065,77.2427749633789,13600,0.0,0.0
2019-04-04 00:00:00-04:00,76.81018806734706,77.55171519187513,75.83030812776856,76.45707702636719,10600,0.0,0.0
2019-04-05 00:00:00-04:00,76.70426298353686,77.684143054044,75.30065499526299,75.7155532836914,12900,0.0,0.0
2019-04-08 00:00:00-04:00,75.5213609811286,77.39283860605029,74.17071034205945,76.10398864746094,12500,0.0,0.0
2019-04-09 00:00:00-04:00,74.49733423213749,78.21381380532522,74.49733423213749,76.09515380859375,5300,0.0,0.0
2019-04-10 00:00:00-04:00,76.66015838035166,77.99315017905799,75.77738360359936,75.84800720214844,8500,0.0,0.0
2019-04-11 00:00:00-04:00,75.83034731473123,76.27173466029423,74.88577866462785,75.16826629638672,13400,0.0,0.0
2019-04-12 00:00:00-04:00,75.48604416992356,76.80137619831493,74.35609396553087,76.4482650756836,11500,0.0,0.0
2019-04-15 00:00:00-04:00,75.92743682861328,76.58068807450532,75.48604957746339,75.92743682861328,12200,0.0,0.0
2019-04-16 00:00:00-04:00,76.20109100599936,76.44826677683118,75.28300476074219,75.28300476074219,5900,0.0,0.0
2019-04-17 00:00:00-04:00,75.83034439048733,75.83034439048733,74.497352772481,75.00053405761719,15200,0.0,0.0
2019-04-18 00:00:00-04:00,74.96520070365676,76.88964917204237,74.96520070365676,76.13046264648438,12200,0.0,0.0
2019-04-22 00:00:00-04:00,75.93626625218185,77.0220819467668,75.34480890120547,76.1834487915039,7900,0.0,0.0
2019-04-23 00:00:00-04:00,76.96028737005712,77.91368552315647,75.91861310686384,77.2427749633789,15600,0.0,0.0
2019-04-24 00:00:00-04:00,76.8013910801349,76.84553250465504,75.64495849609375,75.64495849609375,12400,0.0,0.0
2019-04-25 00:00:00-04:00,74.96520632203695,75.47721713067676,74.70920091771704,75.07997131347656,8000,0.0,0.0
2019-04-26 00:00:00-04:00,76.7042707947795,76.7042707947795,74.70037577307289,75.03582763671875,41000,0.0,0.0
2019-04-29 00:00:00-04:00,75.12410373399034,75.90977244926616,74.00298315506866,75.03582763671875,6700,0.0,0.0
2019-04-30 00:00:00-04:00,75.07996928739068,75.80384406333403,74.1530534255574,74.50616455078125,30500,0.0,0.0
2019-05-01 00:00:00-04:00,74.69156885514047,75.68910185420609,73.56161830238452,74.32962799072266,19700,0.0,0.0
2019-05-02 00:00:00-04:00,74.19718653495015,76.2717049027108,73.09371860156322,73.2967529296875,11800,0.0,0.0
2019-05-03 00:00:00-04:00,73.50861723500597,74.44436262676994,72.92598966563766,73.79993438720703,13600,0.0,0.0
2019-05-06 00:00:00-04:00,73.10254044543689,73.79993297752104,71.53120320847697,71.99024963378906,23100,0.0,0.0
2019-05-07 00:00:00-04:00,71.58417332082504,73.7028332413766,71.07216928417776,72.80240631103516,25400,0.0,0.0
2019-05-08 00:00:00-04:00,74.15307181075717,75.02701684271668,73.2349853515625,73.2349853515625,31200,0.0,0.0
2019-05-09 00:00:00-04:00,72.87303725316147,74.92989670779737,72.81124330791549,74.36492156982422,30100,0.0,0.0
2019-05-10 00:00:00-04:00,73.84407175699323,75.9185900210262,72.57287460608163,75.70672607421875,45000,0.0,0.0
2019-05-13 00:00:00-04:00,74.9740274573829,77.04854587832334,74.762163494551,75.48603820800781,53000,0.0,0.0
2019-05-14 00:00:00-04:00,75.85680781792094,77.4193156116439,74.47085221799641,76.4482650756836,15200,0.0,0.0
2019-05-15 00:00:00-04:00,75.9186078671056,77.26042215901579,75.6537728200668,76.051025390625,18200,0.0,0.0
2019-05-16 00:00:00-04:00,76.05103347359315,76.30703891693047,74.62093619065098,75.67144012451172,18600,0.0,0.0
2019-05-17 00:00:00-04:00,75.50369324426106,75.52135250385444,72.13149531058129,73.71166229248047,18200,0.0,0.0
2019-05-20 00:00:00-04:00,73.18199909319944,73.6586980773136,70.93975130941838,71.94611358642578,19600,0.0,0.0
2019-05-21 00:00:00-04:00,71.97261338011536,74.23251424234246,71.97261338011536,72.14034271240234,38900,0.0,0.0
2019-05-22 00:00:00-04:00,71.9284630988196,72.58171428738652,68.74164688636921,70.1982192993164,44500,0.0,0.0
2019-05-23 00:00:00-04:00,69.8451125960686,70.1276001332252,67.62051734780553,68.64453887939453,50400,0.0,0.0
2019-05-24 00:00:00-04:00,69.03296874563618,73.21732506064106,69.03296874563618,71.6989517211914,39200,0.0,0.0
2019-05-28 00:00:00-04:00,71.76955555311467,73.20847528299622,70.2688351546471,72.89950561523438,24700,0.0,0.0
2019-05-29 00:00:00-04:00,72.09618830854312,73.82642543658122,71.11630812217459,71.98143005371094,20800,0.0,0.0
2019-05-30 00:00:00-04:00,72.07853162054128,73.21731141285879,71.20458684412431,71.91963195800781,12900,0.0,0.0
2019-05-31 00:00:00-04:00,71.15163271145188,71.69895539805293,68.87407258547971,70.40127563476562,14200,0.0,0.0
2019-06-03 00:00:00-04:00,69.90690438863388,72.98778504853274,69.58910507720795,69.8362808227539,13500,0.0,0.0
2019-06-04 00:00:00-04:00,70.26000581271187,71.43409729003906,69.65089610378725,71.43409729003906,10000,0.0,0.0
2019-06-05 00:00:00-04:00,71.25757113078224,72.38752161001572,70.71907805317313,72.2551040649414,12000,0.0,0.0
2019-06-06 00:00:00-04:00,72.32571096978833,73.26144973173106,70.31298630106306,70.97506713867188,9800,0.0,0.0
2019-06-07 00:00:00-04:00,71.2222478639775,73.23497267278282,71.2222478639775,72.34336853027344,12800,0.0,0.0
2019-06-10 00:00:00-04:00,72.66998073361376,74.92105791204999,72.57287502097323,74.39138793945312,7400,0.0,0.0
2019-06-11 00:00:00-04:00,74.50616184774474,74.7003732963237,70.23353018411018,70.80733489990234,13800,0.0,0.0
2019-06-12 00:00:00-04:00,70.68373877173363,72.51108132505178,70.67490914281932,72.24624633789062,8700,0.0,0.0
2019-06-13 00:00:00-04:00,72.45443919844547,73.25160974391035,71.4092526804033,72.05584716796875,8000,0.275,0.0
2019-06-14 00:00:00-04:00,71.82551663312363,72.01153021557691,70.78033735838135,71.40036010742188,6600,0.0,0.0
2019-06-17 00:00:00-04:00,72.0026841245087,72.0026841245087,70.38175852105562,71.19664764404297,4500,0.0,0.0
2019-06-18 00:00:00-04:00,71.91410637678311,76.17456537049252,71.91410637678311,75.5545425415039,32400,0.0,0.0
2019-06-19 00:00:00-04:00,75.28881891861255,78.69009878839587,74.58907496714576,78.0346450805664,16300,0.0,0.0
2019-06-20 00:00:00-04:00,78.1409426314448,79.22155977130133,72.82643742512838,75.4748306274414,17500,0.0,0.0
2019-06-21 00:00:00-04:00,75.0585213174607,75.62540129199546,71.2940803965152,71.94068145751953,14900,0.0,0.0
2019-06-24 00:00:00-04:00,71.92294883902349,76.17455458894473,71.92294883902349,76.16569519042969,21800,0.0,0.0
2019-06-25 00:00:00-04:00,75.77598036873225,76.2099963498101,73.87161487947355,75.16481018066406,9100,0.0,0.0
2019-06-26 00:00:00-04:00,75.16480674974491,75.86455063049726,74.42077262983112,74.6865005493164,7900,0.0,0.0
2019-06-27 00:00:00-04:00,74.7839352301403,81.0107618495721,74.42077418311342,80.17815399169922,20300,0.0,0.0
2019-06-28 00:00:00-04:00,80.426168992014,85.17379344572362,78.22950420807331,84.76634216308594,199500,0.0,0.0
2019-07-01 00:00:00-04:00,83.96918272859757,83.96918272859757,80.73619079589844,80.73619079589844,44000,0.0,0.0
2019-07-02 00:00:00-04:00,80.93105376974786,81.47136230331401,75.07624038752499,76.44915008544922,16400,0.0,0.0
2019-07-03 00:00:00-04:00,76.83000249604878,79.80612494979238,76.83000249604878,78.41549682617188,5900,0.0,0.0
2019-07-05 00:00:00-04:00,75.93542873147581,77.39691233147296,75.48369387375756,76.79460144042969,7000,0.0,0.0
2019-07-08 00:00:00-04:00,76.59972844305481,80.58560684977796,73.88047388922226,74.00447845458984,25000,0.0,0.0
2019-07-09 00:00:00-04:00,73.71219129306684,76.794600653854,73.18074210235282,76.30744171142578,30400,0.0,0.0
2019-07-10 00:00:00-04:00,76.80346069996573,79.21270425969193,75.05853032364594,77.21976470947266,22900,0.0,0.0
2019-07-11 00:00:00-04:00,77.59178422725998,77.59178422725998,73.9070636772702,75.9974365234375,11400,0.0,0.0
2019-07-12 00:00:00-04:00,76.5731759600762,77.65379332782855,75.28883963412125,76.49346160888672,14000,0.0,0.0
2019-07-15 00:00:00-04:00,76.53772729708695,77.83977525278421,74.86365212427773,76.04170227050781,16700,0.0,0.0
2019-07-16 00:00:00-04:00,76.17457451068216,79.70871857546327,74.79280532157074,77.41462707519531,39500,0.0,0.0
2019-07-17 00:00:00-04:00,77.95493126654353,78.20294041396996,76.21886047681615,77.3614730834961,18600,0.0,0.0
2019-07-18 00:00:00-04:00,77.06031391236323,78.03463836890221,76.90973790933504,77.14888763427734,14800,0.0,0.0
2019-07-19 00:00:00-04:00,76.74145776210554,77.30833779989958,76.21000857139153,76.30744171142578,9700,0.0,0.0
2019-07-22 00:00:00-04:00,76.44916087906891,78.53068097820339,76.18343965376515,77.35263061523438,7100,0.0,0.0
2019-07-23 00:00:00-04:00,77.32603040506437,77.90176289126896,75.73167661532953,77.3791732788086,18100,0.0,0.0
2019-07-24 00:00:00-04:00,76.53773080556705,78.30923242718147,76.53773080556705,78.0346450805664,8500,0.0,0.0
2019-07-25 00:00:00-04:00,77.830919953991,77.830919953991,75.8114025903552,76.93630981445312,3000,0.0,0.0
2019-07-26 00:00:00-04:00,76.7591552734375,78.22949785183461,75.65196695083016,76.7591552734375,8900,0.0,0.0
2019-07-29 00:00:00-04:00,76.6085906568834,77.15775862765683,75.45711858349385,75.4748306274414,11600,0.0,0.0
2019-07-30 00:00:00-04:00,75.5545491501951,76.7414520288598,73.9601949394219,76.44029998779297,24300,0.0,0.0
2019-07-31 00:00:00-04:00,76.4402930762328,82.83540786895367,76.17456514588294,80.5944595336914,21000,0.0,0.0
2019-08-01 00:00:00-04:00,80.6564527921264,82.75568428533946,79.22154105046035,80.74503326416016,12100,0.0,0.0
2019-08-02 00:00:00-04:00,80.497026467661,83.2517118661192,80.13387217084635,82.49882507324219,9900,0.0,0.0
2019-08-05 00:00:00-04:00,82.4988453040685,83.26059168349443,80.16932267166908,81.34736633300781,22000,0.0,0.0
2019-08-06 00:00:00-04:00,81.49794775173197,82.02939697637865,79.885881274249,81.53337860107422,6800,0.0,0.0
2019-08-07 00:00:00-04:00,80.9133252004518,86.33412192440724,80.9133252004518,85.55465698242188,21900,0.0,0.0
2019-08-08 00:00:00-04:00,86.4315447213974,88.13218424271564,86.01524086031893,86.80355834960938,15700,0.0,0.0
2019-08-09 00:00:00-04:00,86.89216814624264,87.30847218022332,85.4129656594231,85.47496795654297,6500,0.0,0.0
2019-08-12 00:00:00-04:00,83.74774795205784,87.51218917160394,83.74774795205784,85.97097778320312,7600,0.0,0.0
2019-08-13 00:00:00-04:00,85.91782575074386,87.9816266921817,85.9001137085317,87.49446105957031,7700,0.0,0.0
2019-08-14 00:00:00-04:00,85.926691854714,86.75044041556248,84.45634219992826,85.0320816040039,10100,0.0,0.0
2019-08-15 00:00:00-04:00,84.854934376521,86.35184872205019,84.13747159069779,84.67778015136719,9500,0.0,0.0
2019-08-16 00:00:00-04:00,84.97893359341842,84.97893359341842,82.16224578975046,83.08342742919922,10900,0.0,0.0
2019-08-19 00:00:00-04:00,83.08343861176687,85.12066166362351,82.30397348084502,82.67598724365234,7900,0.0,0.0
2019-08-20 00:00:00-04:00,82.3659492043909,83.33142090526695,82.35709656366305,82.90625762939453,6500,0.0,0.0
2019-08-21 00:00:00-04:00,83.11886140263796,84.09319280106378,82.39254593328431,82.40140533447266,5700,0.0,0.0
2019-08-22 00:00:00-04:00,82.28625680711892,82.90627971025322,81.53336992252933,82.41912078857422,6800,0.0,0.0
2019-08-23 00:00:00-04:00,82.29512505291603,82.48113194384808,79.34557273011438,79.45185852050781,8800,0.0,0.0
2019-08-26 00:00:00-04:00,79.62014930256103,81.12592315673828,78.79640068033054,81.12592315673828,8700,0.0,0.0
2019-08-27 00:00:00-04:00,81.31191989402755,83.88945100991042,81.16133713371615,81.17019653320312,12500,0.0,0.0
2019-08-28 00:00:00-04:00,81.65738378430072,84.42978187734343,81.28536324239361,83.53517150878906,8400,0.0,0.0
2019-08-29 00:00:00-04:00,84.9700747136501,87.72476024873201,84.2260405258786,87.23759460449219,10500,0.0,0.0
2019-08-30 00:00:00-04:00,87.71590314906338,87.99048374243142,85.94440149844635,87.08702087402344,8000,0.0,0.0
2019-09-03 00:00:00-04:00,86.59984993275805,86.59984993275805,83.41114850776772,85.0675048828125,6800,0.0,0.0
2019-09-04 00:00:00-04:00,85.55466520679077,85.55466520679077,83.39343788343825,83.96917724609375,4400,0.0,0.0
2019-09-05 00:00:00-04:00,84.73093938244894,86.43157958984375,83.16315641176976,86.43157958984375,10400,0.0,0.0
2019-09-06 00:00:00-04:00,85.94440267345031,86.38727809215942,85.81153869628906,85.81153869628906,6200,0.0,0.0
2019-09-09 00:00:00-04:00,86.17468961424743,86.36069645722628,84.59805439093368,84.90806579589844,7500,0.0,0.0
2019-09-10 00:00:00-04:00,85.23579294712243,85.55465698242188,83.70344126068977,85.55465698242188,8400,0.0,0.0
2019-09-11 00:00:00-04:00,85.41296073293363,86.74158710122083,85.41296073293363,86.09498596191406,3800,0.0,0.0
2019-09-12 00:00:00-04:00,87.00543027076682,89.14614912843814,86.92548978740872,88.54212951660156,24100,0.275,0.0
2019-09-13 00:00:00-04:00,87.04984304310453,88.2134663274151,86.01057613527382,88.02693176269531,41800,0.0,0.0
2019-09-16 00:00:00-04:00,89.5814222138237,89.71466316797131,86.83668973219874,88.4710922241211,42800,0.0,0.0
2019-09-17 00:00:00-04:00,88.33783024678725,88.55989619187915,88.08911747259071,88.14241790771484,5900,0.0,0.0
2019-09-18 00:00:00-04:00,88.11577406645804,88.82638788026641,88.11577406645804,88.55990600585938,8400,0.0,0.0
2019-09-19 00:00:00-04:00,88.08915941603246,88.67541704313933,83.80772622714332,87.93815612792969,22200,0.0,0.0
2019-09-20 00:00:00-04:00,87.84042871663648,89.68801951144802,85.53982814934955,86.8366928100586,59300,0.0,0.0
2019-09-23 00:00:00-04:00,87.18310820432521,88.38226318359375,85.88624364822803,88.38226318359375,4600,0.0,0.0
2019-09-24 00:00:00-04:00,89.57251618982991,89.62581662485317,87.26303172062791,88.82637786865234,23500,0.0,0.0
2019-09-25 00:00:00-04:00,88.95964608736836,90.99377157794481,86.73898595926089,88.23126983642578,30300,0.0,0.0
2019-09-26 00:00:00-04:00,86.84557071450583,87.62724739348137,85.75300975918017,85.85960388183594,11600,0.0,0.0
2019-09-27 00:00:00-04:00,86.0017144782596,86.77450654645509,84.14524609488399,85.2733383178711,16800,0.0,0.0
2019-09-30 00:00:00-04:00,85.24670425276638,86.48139077328008,84.42061839299878,85.1312255859375,24400,0.0,0.0
2019-10-01 00:00:00-04:00,85.62864162059698,85.62864162059698,82.83060897024055,84.38507080078125,14700,0.0,0.0
2019-10-02 00:00:00-04:00,84.15411922332827,84.38506973276486,81.92458173397871,83.42574310302734,10400,0.0,0.0
2019-10-03 00:00:00-04:00,83.1681439392689,83.36356307551783,81.32056023499617,81.8979263305664,5200,0.0,0.0
2019-10-04 00:00:00-04:00,81.9246020757974,84.42950660191197,81.7114138094219,83.77218627929688,8500,0.0,0.0
2019-10-07 00:00:00-04:00,84.40283412747506,85.64640496247351,83.9231775775951,84.05641174316406,3900,0.0,0.0
2019-10-08 00:00:00-04:00,83.71888070778627,83.71888070778627,82.15553419438014,82.21771240234375,7000,0.0,0.0
2019-10-09 00:00:00-04:00,82.88390047398693,83.12373551665908,81.16955091451445,82.67960357666016,17300,0.0,0.0
2019-10-10 00:00:00-04:00,82.60853903281078,84.3850667539465,82.52859853827908,83.31915283203125,8100,0.0,0.0
2019-10-11 00:00:00-04:00,83.79878458497734,85.10453315838363,82.54633643575383,82.96382141113281,17200,0.0,0.0
2019-10-14 00:00:00-04:00,82.74176641438338,82.74176641438338,81.00964810384346,81.58702087402344,6900,0.0,0.0
2019-10-15 00:00:00-04:00,81.7291579827565,82.50194318790808,81.67585754394531,81.67585754394531,5900,0.0,0.0
2019-10-16 00:00:00-04:00,81.67586041237723,82.98160939000641,81.67586041237723,82.20882415771484,6800,0.0,0.0
2019-10-17 00:00:00-04:00,82.69736448179215,85.05126507958678,81.76469148962742,84.47389221191406,9800,0.0,0.0
2019-10-18 00:00:00-04:00,84.13635625757408,85.12232971191406,83.5056897125584,85.12232971191406,6300,0.0,0.0
2019-10-21 00:00:00-04:00,85.98394560951184,87.84041385099712,85.98394560951184,87.20974731445312,6000,0.0,0.0
2019-10-22 00:00:00-04:00,87.49399690107354,87.49399690107354,83.04379272460938,83.04379272460938,10900,0.0,0.0
2019-10-23 00:00:00-04:00,83.37245089858546,83.47016047056194,82.6085433959961,82.6085433959961,4800,0.0,0.0
2019-10-24 00:00:00-04:00,84.82919926594182,84.82919926594182,80.85865869766928,82.50194549560547,6200,0.0,0.0
2019-10-25 00:00:00-04:00,82.65297282463253,83.94095299043863,82.65297282463253,83.5412368774414,5400,0.0,0.0
2019-10-28 00:00:00-04:00,82.6085455805786,86.70344284452186,82.6085455805786,86.46360778808594,4400,0.0,0.0
2019-10-29 00:00:00-04:00,86.22378540926962,88.89746192201012,86.22378540926962,88.4710922241211,6400,0.0,0.0
2019-10-30 00:00:00-04:00,88.61320216501564,92.0063697470041,87.09427181888911,90.24760437011719,10300,0.0,0.0
2019-10-31 00:00:00-04:00,89.34159778482501,91.02930079760439,89.34159778482501,91.02041625976562,5500,0.0,0.0
2019-11-01 00:00:00-04:00,90.44303220511793,93.25882720947266,90.02554707775687,93.25882720947266,2400,0.0,0.0
2019-11-04 00:00:00-05:00,93.26771884831712,97.70903879347509,92.37945485928553,96.20787048339844,12500,0.0,0.0
2019-11-05 00:00:00-05:00,97.12277299134288,97.12277299134288,94.36915621651558,94.75999450683594,10900,0.0,0.0
2019-11-06 00:00:00-05:00,94.23591936242217,94.23591936242217,90.67398579626006,91.8198471069336,6600,0.0,0.0
2019-11-07 00:00:00-05:00,92.69032364435294,93.21440279604239,92.37943267822266,92.37943267822266,1700,0.0,0.0
2019-11-08 00:00:00-05:00,92.2106760349908,92.53045159066201,89.86565981134585,91.58000946044922,10300,0.0,0.0
2019-11-11 00:00:00-05:00,91.03816820418432,91.2335873529106,90.59403623959402,90.89604949951172,2300,0.0,0.0
2019-11-12 00:00:00-05:00,88.48885620497009,91.52671725545522,87.04986618146428,89.6880111694336,11100,0.0,0.0
2019-11-13 00:00:00-05:00,88.42668491809862,89.11952976168467,86.5524473145945,86.87222290039062,18900,0.0,0.0
2019-11-14 00:00:00-05:00,87.09426639093961,89.19944721355105,85.59309843324483,87.92922973632812,10500,0.0,0.0
2019-11-15 00:00:00-05:00,88.3289595178525,89.1283915622727,87.15645150553213,88.64873504638672,5500,0.0,0.0
2019-11-18 00:00:00-05:00,89.09286148473507,90.81608864135313,89.09286148473507,90.15877532958984,3700,0.0,0.0
2019-11-19 00:00:00-05:00,90.82498487864359,92.37944672253235,88.13354631324557,91.22470092773438,6200,0.0,0.0
2019-11-20 00:00:00-05:00,90.13212879571138,92.48602921914625,89.70575919022166,91.33128356933594,12900,0.0,0.0
2019-11-21 00:00:00-05:00,91.39345341233474,92.5837303185735,89.05732227344188,89.86563873291016,3300,0.0,0.0
2019-11-22 00:00:00-05:00,90.10548823102683,90.4252637631492,90.10548823102683,90.17654418945312,2300,0.0,0.0
2019-11-25 00:00:00-05:00,93.88950454728312,95.39067291519736,93.88950454728312,95.04425048828125,4300,0.0,0.0
2019-11-26 00:00:00-05:00,95.05312362972782,95.94138754648505,93.77402142098433,93.96055603027344,5400,0.0,0.0
2019-11-27 00:00:00-05:00,94.23589462534221,95.88806568360023,94.07601366187953,94.51126098632812,6200,0.0,0.0
2019-11-29 00:00:00-05:00,94.51127681059519,94.88434600830078,93.82730983788612,94.88434600830078,2300,0.0,0.0
2019-12-02 00:00:00-05:00,94.93762457970084,94.93762457970084,89.03067622429614,92.21065521240234,5400,0.0,0.0
2019-12-03 00:00:00-05:00,91.50894127044934,94.23591109114652,91.50894127044934,93.4986572265625,6400,0.0,0.0
2019-12-04 00:00:00-05:00,92.64592071881782,94.57345161467333,92.17513519356983,94.2892074584961,8100,0.0,0.0
2019-12-05 00:00:00-05:00,92.69032364435294,93.62300331965861,91.4911689024705,92.37943267822266,8500,0.0,0.0
2019-12-06 00:00:00-05:00,92.82356511089944,94.9998086634991,92.02412635264749,94.62673950195312,13300,0.0,0.0
2019-12-09 00:00:00-05:00,93.62300640427756,95.51500586927645,91.70435333251953,91.70435333251953,14300,0.0,0.0
2019-12-10 00:00:00-05:00,91.3135362363555,93.2055359990928,90.32756271547261,92.0152587890625,14100,0.0,0.0
2019-12-11 00:00:00-05:00,92.03301570939274,94.02272478545572,90.07883799965957,92.53044128417969,12800,0.0,0.0
2019-12-12 00:00:00-05:00,93.92879299101257,96.19106515356447,92.27216854753112,94.59678649902344,17100,0.28,0.0
2019-12-13 00:00:00-05:00,94.41863966570216,95.80806372377317,93.39438178909695,94.78380584716797,21400,0.0,0.0
2019-12-16 00:00:00-05:00,95.22912806603392,96.45824014953257,94.61457881946419,95.9950942993164,15000,0.0,0.0
2019-12-17 00:00:00-05:00,95.64775203636508,97.384532235985,92.41466628200315,94.86397552490234,21100,0.0,0.0
2019-12-18 00:00:00-05:00,94.84614625973562,96.19104142677885,93.78626810918126,94.42753601074219,17400,0.0,0.0
2019-12-19 00:00:00-05:00,95.07774209715507,97.55377026547725,94.32068415143647,97.34892272949219,17900,0.0,0.0
2019-12-20 00:00:00-05:00,97.61609813011955,99.98525125167053,96.50277582755163,96.80560302734375,34800,0.0,0.0
2019-12-23 00:00:00-05:00,96.94811748134669,97.4736092106683,91.28353231830332,96.26231384277344,22600,0.0,0.0
2019-12-24 00:00:00-05:00,96.32465431121432,97.08171217556564,93.4923618860282,95.90604400634766,13600,0.0,0.0
2019-12-26 00:00:00-05:00,96.19107166034189,96.28013610839844,94.7660201058917,96.28013610839844,12800,0.0,0.0
2019-12-27 00:00:00-05:00,96.53840688154098,97.43797324123923,95.77244056261856,96.51168823242188,7600,0.0,0.0
2019-12-30 00:00:00-05:00,94.69474056075373,96.7788834240836,94.69474056075373,95.79025268554688,5800,0.0,0.0
2019-12-31 00:00:00-05:00,96.19996265970427,97.31328504602328,95.49634209612897,96.10198974609375,9300,0.0,0.0
2020-01-02 00:00:00-05:00,96.4938737234048,96.4938737234048,94.42754766509007,95.08663940429688,5800,0.0,0.0
2020-01-03 00:00:00-05:00,94.26722667534983,97.96345823316426,93.5190773184885,96.65419006347656,8500,0.0,0.0
2020-01-06 00:00:00-05:00,95.59431300826871,97.08171005440575,94.99757385253906,94.99757385253906,7000,0.0,0.0
2020-01-07 00:00:00-05:00,94.5344345007719,95.46962806863327,93.1004746541476,93.42111206054688,8900,0.0,0.0
2020-01-08 00:00:00-05:00,93.25189534359014,93.750668473526,91.16775876321152,91.46167755126953,10800,0.0,0.0
2020-01-09 00:00:00-05:00,91.2745925107384,92.3611890589895,89.86735189235702,91.37255859375,10100,0.0,0.0
2020-01-10 00:00:00-05:00,91.63978508094786,91.63978508094786,87.71198752002688,89.50220489501953,10100,0.0,0.0
2020-01-13 00:00:00-05:00,89.5111203088289,89.81394073773924,88.13950630658537,89.5823745727539,8900,0.0,0.0
2020-01-14 00:00:00-05:00,88.84312908821366,89.71597685510021,88.79859347335527,89.42205810546875,6600,0.0,0.0
2020-01-15 00:00:00-05:00,89.55565644409815,89.60018526292512,87.01727593963763,87.72980499267578,12600,0.0,0.0
2020-01-16 00:00:00-05:00,88.47796173724302,94.78382195669558,88.17514128139793,93.83081817626953,13400,0.0,0.0
2020-01-17 00:00:00-05:00,94.16927644807554,94.23162223833272,91.8802855840882,93.73284912109375,12700,0.0,0.0
2020-01-21 00:00:00-05:00,93.07374194652685,93.07374194652685,92.97576904296875,92.97576904296875,3300,0.0,0.0
2020-01-22 00:00:00-05:00,93.15392581008548,94.18709244994717,92.12967444890299,92.96688842773438,15300,0.0,0.0
2020-01-23 00:00:00-05:00,92.45918971980204,93.17171872161755,90.58880958401151,92.00495910644531,9200,0.0,0.0
2020-01-24 00:00:00-05:00,92.78873783773697,93.49235837553417,91.34586963166397,92.18309020996094,7700,0.0,0.0
2020-01-27 00:00:00-05:00,91.02524069979026,92.7887464486461,89.75159954650022,92.32560729980469,6800,0.0,0.0
2020-01-28 00:00:00-05:00,93.13607887209554,94.28502816313753,92.21870249429391,93.81298065185547,13000,0.0,0.0
2020-01-29 00:00:00-05:00,96.17323075141981,96.17323075141981,91.85353505186183,92.85107421875,32100,0.0,0.0
2020-01-30 00:00:00-05:00,93.51018093724427,93.9644184170771,89.15486388787767,89.5556640625,16300,0.0,0.0
2020-01-31 00:00:00-05:00,89.11922302974072,89.11922302974072,81.23690235142762,82.00286865234375,14700,0.0,0.0
2020-02-03 00:00:00-05:00,82.67978349867983,82.8311937273379,80.92518615722656,80.92518615722656,7100,0.0,0.0
2020-02-04 00:00:00-05:00,81.94053336613551,83.11620161653804,79.91874276100292,79.989990234375,10600,0.0,0.0
2020-02-05 00:00:00-05:00,80.62234587070976,82.17209542759458,80.16811525816986,81.29924774169922,11100,0.0,0.0
2020-02-06 00:00:00-05:00,81.31707763671875,81.79802697411226,80.53329425244232,81.31707763671875,7900,0.0,0.0
2020-02-07 00:00:00-05:00,81.11221501057311,81.30816083659768,80.15921132551037,80.24827575683594,9500,0.0,0.0
2020-02-10 00:00:00-05:00,80.8717516134516,81.04988050087542,80.15922247339327,80.73815155029297,8800,0.0,0.0
2020-02-11 00:00:00-05:00,81.04988629235415,82.21664621726936,81.04988629235415,81.54865264892578,4300,0.0,0.0
2020-02-12 00:00:00-05:00,82.31462269563404,83.97124736008013,81.27255431498699,82.9380874633789,6700,0.0,0.0
2020-02-13 00:00:00-05:00,82.60852214448208,85.32503152067478,82.47492209734166,83.00931549072266,5600,0.0,0.0
2020-02-14 00:00:00-05:00,83.0092957166364,83.18743133544922,83.0092957166364,83.18743133544922,1300,0.0,0.0
2020-02-18 00:00:00-05:00,82.85791516282276,84.06921062313158,82.57290486599608,83.94451904296875,4000,0.0,0.0
2020-02-19 00:00:00-05:00,84.55906072106325,86.81242405476247,84.14045043310863,85.15579986572266,12500,0.0,0.0
2020-02-20 00:00:00-05:00,84.89750446838096,86.88367442815755,84.89750446838096,85.59221649169922,11200,0.0,0.0
2020-02-21 00:00:00-05:00,85.7347351158772,87.01727792739035,85.72582663383605,86.33147430419922,10600,0.0,0.0
2020-02-24 00:00:00-05:00,84.06029260541013,90.90945423046536,84.06029260541013,85.14689636230469,8200,0.0,0.0
2020-02-25 00:00:00-05:00,86.9549242686261,86.9549242686261,83.25869959244005,84.7015609741211,17100,0.0,0.0
2020-02-26 00:00:00-05:00,85.6011325023187,85.6011325023187,83.62387084960938,83.62387084960938,3000,0.0,0.0
2020-02-27 00:00:00-05:00,82.48383277353095,84.2918673134128,80.20375061035156,80.20375061035156,10400,0.0,0.0
2020-02-28 00:00:00-05:00,79.5535674852896,85.23596273595999,75.93749839806127,77.843505859375,11100,0.0,0.0
2020-03-02 00:00:00-05:00,78.30664102412221,78.30664102412221,75.89295892786329,76.65001678466797,16400,0.0,0.0
2020-03-03 00:00:00-05:00,76.97064936117773,79.50902286128613,74.45899450919994,74.85979461669922,27900,0.0,0.0
2020-03-04 00:00:00-05:00,75.794999439525,75.99985378291458,74.05821894305957,75.34967041015625,12100,0.0,0.0
2020-03-05 00:00:00-05:00,74.31649374512956,76.73017572161255,73.39020875864492,73.65740203857422,10900,0.0,0.0
2020-03-06 00:00:00-05:00,72.39268128014018,77.53178175448353,72.39268128014018,76.59658813476562,19500,0.0,0.0
2020-03-09 00:00:00-04:00,74.41447295120135,78.93010839551576,73.52381501902744,74.15618133544922,24600,0.0,0.0
2020-03-10 00:00:00-04:00,75.13590586201934,82.47492553148409,72.66877951366465,76.49861145019531,25100,0.0,0.0
2020-03-11 00:00:00-04:00,75.12699515437366,79.0458914115604,74.82417471938514,78.82322692871094,7600,0.0,0.0
2020-03-12 00:00:00-04:00,76.37507692287252,81.6108911146344,73.19426668187273,79.34144592285156,14500,0.28,0.0
2020-03-13 00:00:00-04:00,81.61984785291003,81.61984785291003,70.00454364041546,77.94762420654297,11500,0.0,0.0
2020-03-16 00:00:00-04:00,75.5709351948451,77.51873205250246,71.65746796871179,71.6664047241211,25200,0.0,0.0
2020-03-17 00:00:00-04:00,72.81005621823586,73.26573526086435,70.5406045762922,72.38118743896484,55500,0.0,0.0
2020-03-18 00:00:00-04:00,70.69251417862031,72.72965826908414,67.30620623932396,70.11174774169922,45700,0.0,0.0
2020-03-19 00:00:00-04:00,69.96878209112096,72.10420989990234,68.3515770252167,72.10420989990234,29800,0.0,0.0
2020-03-20 00:00:00-04:00,71.66639468384618,75.43690056218084,67.97630595943488,68.84298706054688,41600,0.0,0.0
2020-03-23 00:00:00-04:00,69.513112150792,76.09809000472627,69.513112150792,71.56812286376953,13300,0.0,0.0
2020-03-24 00:00:00-04:00,73.5338006986938,76.58058027773338,67.91378057030924,69.6382064819336,39700,0.0,0.0
2020-03-25 00:00:00-04:00,69.67394401076204,73.90905982961826,69.67394401076204,70.93375396728516,16500,0.0,0.0
2020-03-26 00:00:00-04:00,71.23754407048057,75.99088279816576,71.23754407048057,73.71249389648438,30500,0.0,0.0
2020-03-27 00:00:00-04:00,72.72965925464983,74.90975738651912,70.52275085449219,70.52275085449219,8600,0.0,0.0
2020-03-30 00:00:00-04:00,73.2657652760757,79.94903564453125,72.14890909808673,79.94903564453125,11200,0.0,0.0
2020-03-31 00:00:00-04:00,78.82323135107202,87.57044849473631,76.23212402813118,84.0322494506836,38200,0.0,0.0
2020-04-01 00:00:00-04:00,81.70917778731867,81.70917778731867,69.69181060791016,69.69181060791016,9500,0.0,0.0
2020-04-02 00:00:00-04:00,69.03955511493504,79.3414387374424,69.03955511493504,79.15380096435547,20000,0.0,0.0
2020-04-03 00:00:00-04:00,79.52011214407361,82.6562443182195,70.07598224412702,70.48698425292969,17800,0.0,0.0
2020-04-06 00:00:00-04:00,71.70214704317958,74.69531941932735,71.03203351941156,73.73035430908203,20600,0.0,0.0
2020-04-07 00:00:00-04:00,73.72142734620994,74.40047083631575,70.62997098310437,71.83617401123047,18400,0.0,0.0
2020-04-08 00:00:00-04:00,71.630667756491,75.33863067626953,69.92411550052987,75.33863067626953,28700,0.0,0.0
2020-04-09 00:00:00-04:00,78.7964181634876,80.48510370734412,75.24034604507047,79.25209045410156,14200,0.0,0.0
2020-04-13 00:00:00-04:00,78.18884583644538,80.63699193783565,76.2678524213913,80.45829772949219,10000,0.0,0.0
2020-04-14 00:00:00-04:00,81.3071188722541,81.31605562917132,74.44515516069502,74.55237579345703,15700,0.0,0.0
2020-04-15 00:00:00-04:00,73.26573486084375,76.42867106187022,72.21142279383493,73.53378295898438,9700,0.0,0.0
2020-04-16 00:00:00-04:00,73.73929288142884,76.28572297113288,72.40800255676731,73.2657470703125,12300,0.0,0.0
2020-04-17 00:00:00-04:00,75.0973936514995,78.94831062404741,75.0973936514995,78.62665557861328,9000,0.0,0.0
2020-04-20 00:00:00-04:00,77.41150706323282,79.52013131536194,73.498046875,73.498046875,5100,0.0,0.0
2020-04-21 00:00:00-04:00,72.55096660472857,74.114565081699,72.55096660472857,72.72966766357422,10900,0.0,0.0
2020-04-22 00:00:00-04:00,73.88227183285895,74.46303159016801,73.05133056640625,73.05133056640625,6600,0.0,0.0
2020-04-23 00:00:00-04:00,71.56814231716362,73.31044203988476,70.62998722038988,73.25682830810547,8900,0.0,0.0
2020-04-24 00:00:00-04:00,72.25609328488622,74.24855988364332,71.3447352861376,71.71106719970703,8500,0.0,0.0
2020-04-27 00:00:00-04:00,73.39083110416054,79.17167807714183,73.39083110416054,76.47335052490234,7800,0.0,0.0
2020-04-28 00:00:00-04:00,77.74208908019122,78.51941624073795,75.03483210708877,76.35718536376953,6600,0.0,0.0
2020-04-29 00:00:00-04:00,77.59021346602349,83.6123056704262,77.59021346602349,79.74351501464844,12900,0.0,0.0
2020-04-30 00:00:00-04:00,77.63488018424363,79.3414391265952,74.15922546386719,74.15922546386719,7600,0.0,0.0
2020-05-01 00:00:00-04:00,74.15922815510643,74.15922815510643,72.05954052852212,73.02450561523438,9800,0.0,0.0
2020-05-04 00:00:00-04:00,72.37224726756195,75.5083798911785,72.09526924332876,73.98052215576172,5700,0.0,0.0
2020-05-05 00:00:00-04:00,74.4272737294233,75.68708353542131,72.39012301072434,72.47947692871094,4700,0.0,0.0
2020-05-06 00:00:00-04:00,72.83686875050917,72.83686875050917,71.34475095789385,71.47877502441406,5800,0.0,0.0
2020-05-07 00:00:00-04:00,72.01484865479277,72.97087678807098,69.40587557551429,71.71106719970703,9000,0.0,0.0
2020-05-08 00:00:00-04:00,73.10490415544153,78.52835499348589,73.10490415544153,77.01836395263672,7900,0.0,0.0
2020-05-11 00:00:00-04:00,76.48229033343421,79.52013973146903,74.73999786376953,74.73999786376953,12700,0.0,0.0
2020-05-12 00:00:00-04:00,74.7578806512053,74.7578806512053,73.19428206147607,73.58741760253906,10900,0.0,0.0
2020-05-13 00:00:00-04:00,72.39905146209657,73.87330232207766,72.2739641713584,73.3550796508789,7300,0.0,0.0
2020-05-14 00:00:00-04:00,72.39013906014168,73.3193641158939,71.81830930533236,72.72966766357422,7500,0.0,0.0
2020-05-15 00:00:00-04:00,73.2121447350952,76.96477806802127,73.2121447350952,76.19638061523438,10900,0.0,0.0
2020-05-18 00:00:00-04:00,77.73319081731053,80.36003875732422,76.62527138561565,80.36003875732422,17000,0.0,0.0
2020-05-19 00:00:00-04:00,79.08234440976204,79.08234440976204,76.17851870500003,77.28643798828125,13300,0.0,0.0
2020-05-20 00:00:00-04:00,78.42115291922923,80.32427978515625,77.55447844430554,80.32427978515625,8600,0.0,0.0
2020-05-21 00:00:00-04:00,79.58269657658646,82.20060750119669,79.52015290876635,79.87754821777344,7400,0.0,0.0
2020-05-22 00:00:00-04:00,79.01083272132367,81.59300231933594,79.01083272132367,81.59300231933594,2800,0.0,0.0
2020-05-26 00:00:00-04:00,82.20062142866642,82.67416739621683,79.34147210567356,80.98548126220703,8100,0.0,0.0
2020-05-27 00:00:00-04:00,82.14698206719963,86.66801227894864,80.699534459646,86.44464111328125,17100,0.0,0.0
2020-05-28 00:00:00-04:00,87.1594365420085,93.7265478238925,86.33742542473426,89.4914321899414,7900,0.0,0.0
2020-05-29 00:00:00-04:00,90.00072128674633,90.00072128674633,88.88386535644531,88.88386535644531,4200,0.0,0.0
2020-06-01 00:00:00-04:00,90.14367064043026,90.15260739609994,88.27629089355469,88.27629089355469,8400,0.0,0.0
2020-06-02 00:00:00-04:00,88.46392809808071,92.52034973115798,88.45499134178107,91.50177764892578,21900,0.0,0.0
2020-06-03 00:00:00-04:00,93.2261796268242,96.29083206877812,92.65435002979022,94.8880615234375,19600,0.0,0.0
2020-06-04 00:00:00-04:00,93.47636230679313,95.1829143663554,93.45848879722372,94.65576171875,14600,0.0,0.0
2020-06-05 00:00:00-04:00,96.45167445156206,97.38983615035163,94.1018120516882,94.95955657958984,21000,0.0,0.0
2020-06-08 00:00:00-04:00,94.4949668085722,95.10253682530343,90.85848346605191,91.75196838378906,15800,0.0,0.0
2020-06-09 00:00:00-04:00,90.63511494043722,92.95817443250539,90.55469775073243,91.74303436279297,6600,0.0,0.0
2020-06-10 00:00:00-04:00,91.2515964935103,91.7340790840812,87.74020109831194,88.83025360107422,13600,0.0,0.0
2020-06-11 00:00:00-04:00,87.32918124219965,87.74912008692979,82.25418853759766,82.25418853759766,10400,0.0,0.0
2020-06-12 00:00:00-04:00,84.21988518615757,84.21988518615757,80.4315044548813,81.32498931884766,8200,0.0,0.0
2020-06-15 00:00:00-04:00,80.40468299054795,86.59653198365025,80.1723818860066,85.72985076904297,12200,0.0,0.0
2020-06-16 00:00:00-04:00,89.82503802898731,90.48815677381668,87.17258355976567,88.1851806640625,7100,0.28,0.0
2020-06-17 00:00:00-04:00,88.4719202920067,88.4719202920067,84.71726062001983,86.45569610595703,7900,0.0,0.0
2020-06-18 00:00:00-04:00,86.76037630704818,88.71387400817078,84.60973556981344,86.27648162841797,16800,0.0,0.0
2020-06-19 00:00:00-04:00,87.62063004394302,89.82503454772642,84.92336795657664,89.77127075195312,34600,0.0,0.0
2020-06-22 00:00:00-04:00,89.16192024230958,90.41646119094803,88.74075228900183,89.60997009277344,26600,0.0,0.0
2020-06-23 00:00:00-04:00,90.7749169552465,90.7749169552465,89.23362412929787,90.04011535644531,31200,0.0,0.0
2020-06-24 00:00:00-04:00,89.1619218285404,91.39320820927057,84.10791997233086,90.05802154541016,62000,0.0,0.0
2020-06-25 00:00:00-04:00,89.8788082369201,90.23724266986329,84.32298564921908,85.2638931274414,29900,0.0,0.0
2020-06-26 00:00:00-04:00,84.6814158445638,84.6814158445638,76.1774321888401,77.55742645263672,186200,0.0,0.0
2020-06-29 00:00:00-04:00,78.65962597651362,80.8640302893196,78.40871916904432,80.77442169189453,18800,0.0,0.0
2020-06-30 00:00:00-04:00,79.38547241008594,81.08806327752984,77.324447117242,79.41236114501953,19800,0.0,0.0
2020-07-01 00:00:00-04:00,79.9589852666889,81.17767466079496,79.2779475290748,79.52885437011719,10000,0.0,0.0
2020-07-02 00:00:00-04:00,80.90885942214027,81.45548089882547,75.90862042395405,77.40510559082031,21300,0.0,0.0
2020-07-06 00:00:00-04:00,78.73132808924004,79.67223560333477,76.67925874992113,79.05392456054688,21700,0.0,0.0
2020-07-07 00:00:00-04:00,78.32807995417846,79.77079421633029,76.63444519042969,76.63444519042969,8600,0.0,0.0
2020-07-08 00:00:00-04:00,77.0018539428711,80.20092986630492,75.32614490233006,77.0018539428711,12300,0.0,0.0
2020-07-09 00:00:00-04:00,76.88535007282019,77.79936867638544,73.65938597388981,74.77951049804688,11300,0.0,0.0
2020-07-10 00:00:00-04:00,73.48017254877846,75.49639679554373,72.87978741388253,74.26873779296875,8100,0.0,0.0
2020-07-13 00:00:00-04:00,74.24184219896553,74.73469965858646,72.40484232619865,73.8386001586914,23600,0.0,0.0
2020-07-14 00:00:00-04:00,72.9604275166921,80.46078360168443,72.9604275166921,75.54119873046875,26300,0.0,0.0
2020-07-15 00:00:00-04:00,75.98925585131923,80.05754239575074,75.90860332476812,77.34236145019531,12300,0.0,0.0
2020-07-16 00:00:00-04:00,76.4283406957912,76.84054571830784,74.60029657200148,74.65406036376953,11700,0.0,0.0
2020-07-17 00:00:00-04:00,74.83329488926789,81.0253408427128,74.83329488926789,78.85678100585938,13000,0.0,0.0
2020-07-20 00:00:00-04:00,79.07185345938761,80.48769294573485,78.37289662951231,79.6543197631836,6600,0.0,0.0
2020-07-21 00:00:00-04:00,84.07205123870001,84.07205123870001,82.99673461914062,82.99673461914062,5600,0.0,0.0
2020-07-22 00:00:00-04:00,81.07908990596248,82.67414600349362,78.82091522216797,78.82091522216797,15300,0.0,0.0
2020-07-23 00:00:00-04:00,79.08974932738084,79.806624875606,73.87445014532783,77.08248138427734,19900,0.0,0.0
2020-07-24 00:00:00-04:00,79.07185603057842,79.07185603057842,75.2096675140803,75.91758728027344,7500,0.0,0.0
2020-07-27 00:00:00-04:00,76.0878241279676,79.66325979674426,76.0878241279676,79.07183074951172,7400,0.0,0.0
2020-07-28 00:00:00-04:00,76.0788618282876,76.2939238305096,74.45691680908203,74.45691680908203,8500,0.0,0.0
2020-07-29 00:00:00-04:00,76.27601592727568,77.71873712365193,74.88705853009147,74.9139404296875,20700,0.0,0.0
2020-07-30 00:00:00-04:00,74.23289497611904,76.28496408491262,72.68264634226195,72.77225494384766,17300,0.0,0.0
2020-07-31 00:00:00-04:00,73.12173598527728,74.34043215475677,69.779287849058,73.0321273803711,18900,0.0,0.0
2020-08-03 00:00:00-04:00,73.704205838271,73.704205838271,71.56252794200364,72.42278289794922,13900,0.0,0.0
2020-08-04 00:00:00-04:00,71.46396443256144,73.84759336170836,71.46396443256144,72.61993408203125,8500,0.0,0.0
2020-08-05 00:00:00-04:00,72.95147791697066,75.05731078858311,71.99264470026031,72.37796783447266,7300,0.0,0.0
2020-08-06 00:00:00-04:00,72.58407376813422,72.58407376813422,71.75070079584698,72.37796783447266,8400,0.0,0.0
2020-08-07 00:00:00-04:00,71.81341776039744,75.12002730469227,71.81341776039744,72.31523132324219,10800,0.0,0.0
2020-08-10 00:00:00-04:00,72.90668617114743,74.0626558270385,72.13603973388672,72.13603973388672,5800,0.0,0.0
2020-08-11 00:00:00-04:00,73.20239115724117,74.86913724810245,73.20239115724117,73.73108673095703,6800,0.0,0.0
2020-08-12 00:00:00-04:00,75.66669204511044,75.92656188563105,74.0537091855691,75.40682220458984,8000,0.0,0.0
2020-08-13 00:00:00-04:00,75.4963972702783,76.06990051269531,75.4784782850081,76.06990051269531,4700,0.0,0.0
2020-08-14 00:00:00-04:00,76.70612436409546,77.09144746541986,75.05730438232422,75.05730438232422,5900,0.0,0.0
2020-08-17 00:00:00-04:00,75.5860058804043,75.63081359863281,73.93718576740343,75.63081359863281,3800,0.0,0.0
2020-08-18 00:00:00-04:00,74.34937066845394,75.14689861279678,73.96404764077289,74.2866439819336,7100,0.0,0.0
2020-08-19 00:00:00-04:00,74.61822780747347,76.45523514371453,74.58238983154297,74.58238983154297,4200,0.0,0.0
2020-08-20 00:00:00-04:00,74.11640137173406,77.74560769579968,74.11640137173406,75.6218490600586,7600,0.0,0.0
2020-08-21 00:00:00-04:00,75.34407502726718,75.34407502726718,73.71317361706059,74.30459594726562,9300,0.0,0.0
2020-08-24 00:00:00-04:00,74.3224967567105,74.82431030273438,74.3224967567105,74.82431030273438,1800,0.0,0.0
2020-08-25 00:00:00-04:00,74.80640835815655,76.23120364513878,74.80640835815655,75.95341491699219,4400,0.0,0.0
2020-08-26 00:00:00-04:00,75.50537153748007,76.3925084307877,74.58238983154297,74.58238983154297,7200,0.0,0.0
2020-08-27 00:00:00-04:00,74.75264404717068,77.2796452222774,73.75797271728516,73.75797271728516,6800,0.0,0.0
2020-08-28 00:00:00-04:00,73.69523477630094,75.15588161051376,73.69523477630094,75.09315490722656,4700,0.0,0.0
2020-08-31 00:00:00-04:00,74.43004841144007,74.82433451759985,73.6146011352539,73.6146011352539,10200,0.0,0.0
2020-09-01 00:00:00-04:00,73.7669230863069,74.01782989501953,73.30991034946733,74.01782989501953,3500,0.0,0.0
2020-09-02 00:00:00-04:00,74.37626975603726,76.16846902726707,73.08588409300854,75.71145629882812,8200,0.0,0.0
2020-09-03 00:00:00-04:00,75.49640901487193,76.15056488451333,74.91394277085953,75.51432800292969,20800,0.0,0.0
2020-09-04 00:00:00-04:00,75.7204225135146,76.9749634254568,73.85653354929751,75.0035400390625,20300,0.0,0.0
2020-09-08 00:00:00-04:00,75.27240202698995,75.27240202698995,72.59306486911494,72.89773559570312,12000,0.0,0.0
2020-09-09 00:00:00-04:00,73.20239886938417,73.74902032433579,70.80980707611262,72.02850341796875,13900,0.0,0.0
2020-09-10 00:00:00-04:00,71.00693401510915,73.05004011355196,70.47823850573042,70.89940643310547,10900,0.0,0.0
2020-09-11 00:00:00-04:00,71.85823724025434,71.85823724025434,69.19682003332667,70.44239807128906,20900,0.0,0.0
2020-09-14 00:00:00-04:00,71.43162958057903,72.53777516584631,71.43162958057903,71.72840118408203,5100,0.28,0.0
2020-09-15 00:00:00-04:00,71.50357061370097,72.66367209875825,70.82909348479346,70.85607147216797,5700,0.0,0.0
2020-09-16 00:00:00-04:00,71.16182706743388,72.72661885687852,71.08988805893489,71.809326171875,16600,0.0,0.0
2020-09-17 00:00:00-04:00,70.61326200643066,72.03416226161116,70.61326200643066,71.58451080322266,2800,0.0,0.0
2020-09-18 00:00:00-04:00,72.33993771052761,73.34715270996094,70.59528764202686,73.34715270996094,34100,0.0,0.0
2020-09-21 00:00:00-04:00,72.1061319894377,72.75363140144786,70.69422621758072,70.9100570678711,12000,0.0,0.0
2020-09-22 00:00:00-04:00,71.0449349956148,72.07013983779979,69.96577417051604,70.59528350830078,11900,0.0,0.0
2020-09-23 00:00:00-04:00,70.25353756926656,70.51433620595135,70.14561876269963,70.43339538574219,6300,0.0,0.0
2020-09-24 00:00:00-04:00,70.63125966170999,70.94601434491196,70.26254213200374,70.3434829711914,5600,0.0,0.0
2020-09-25 00:00:00-04:00,70.82908373240576,73.25719831769365,70.82908373240576,72.9334487915039,6300,0.0,0.0
2020-09-28 00:00:00-04:00,73.57198449578868,74.6331624293932,72.87052917480469,72.87052917480469,9300,0.0,0.0
2020-09-29 00:00:00-04:00,72.798583984375,72.798583984375,72.798583984375,72.798583984375,1200,0.0,0.0
2020-09-30 00:00:00-04:00,74.10255911543203,74.10255911543203,71.08989582212857,71.82732391357422,12700,0.0,0.0
2020-10-01 00:00:00-04:00,72.3039509180355,72.86151429703764,71.35968017578125,71.35968017578125,6500,0.0,0.0
2020-10-02 00:00:00-04:00,70.95499181613118,72.6276955617985,70.95499181613118,71.79134368896484,8800,0.0,0.0
2020-10-05 00:00:00-04:00,73.36513475970835,74.13853582928097,71.80933767013454,72.7356185913086,15600,0.0,0.0
2020-10-06 00:00:00-04:00,73.56298734670523,75.41554931105125,73.38312263197332,74.21047973632812,13000,0.0,0.0
2020-10-07 00:00:00-04:00,74.82200359826234,74.8579765400328,73.60794597334231,74.46228790283203,15300,0.0,0.0
2020-10-08 00:00:00-04:00,74.15651780557566,75.1637395438893,73.50003051757812,73.50003051757812,9100,0.0,0.0
2020-10-09 00:00:00-04:00,74.28241822798138,75.50547072186365,73.39211027737801,74.8219985961914,7800,0.0,0.0
2020-10-12 00:00:00-04:00,75.28966161787194,75.94614908212817,73.79681507962157,75.57743835449219,9000,0.0,0.0
2020-10-13 00:00:00-04:00,75.10080692349007,75.63139248119617,73.75185221742424,73.86875915527344,10100,0.0,0.0
2020-10-14 00:00:00-04:00,74.22845591992258,74.47126466351457,72.8435287475586,72.8435287475586,26900,0.0,0.0
2020-10-15 00:00:00-04:00,73.51799588594254,74.39931555277133,72.40286245661916,74.3273696899414,22400,0.0,0.0
2020-10-16 00:00:00-04:00,73.7968082799211,75.54145844431831,73.7968082799211,74.30042266845703,6700,0.0,0.0
2020-10-19 00:00:00-04:00,74.64215354004745,75.29864778887863,74.40833282470703,74.40833282470703,8000,0.0,0.0
2020-10-20 00:00:00-04:00,74.74107194732042,75.52346801757812,74.25544751003675,75.52346801757812,5500,0.0,0.0
2020-10-21 00:00:00-04:00,75.49647612148303,77.07025620504932,75.26266230622872,76.09901428222656,13900,0.0,0.0
2020-10-22 00:00:00-04:00,75.99109431675502,76.44074576241628,75.54144287109375,75.54144287109375,6200,0.0,0.0
2020-10-23 00:00:00-04:00,76.79147841627851,76.89040228975277,76.2249200273107,76.36880493164062,6800,0.0,0.0
2020-10-26 00:00:00-04:00,75.90116119384766,77.28608839307613,75.71230842047143,75.90116119384766,5400,0.0,0.0
2020-10-27 00:00:00-04:00,76.48571365143704,76.48571365143704,75.54144287109375,75.54144287109375,7300,0.0,0.0
2020-10-28 00:00:00-04:00,74.5702141675608,75.72132108041806,71.98921856608385,73.30220031738281,16700,0.0,0.0
2020-10-29 00:00:00-04:00,72.74462396149649,73.77882385253906,72.74462396149649,73.77882385253906,8900,0.0,0.0
2020-10-30 00:00:00-04:00,73.2931888534362,75.45151725938439,73.2931888534362,74.64214324951172,10600,0.0,0.0
2020-11-02 00:00:00-05:00,75.0468417032139,75.45153221895556,74.72309203507587,75.27166748046875,3800,0.0,0.0
2020-11-03 00:00:00-05:00,74.29142515233752,80.1638729428318,74.29142515233752,78.2033920288086,24200,0.0,0.0
2020-11-04 00:00:00-05:00,77.49293302530312,78.41921395969173,76.44974517822266,76.44974517822266,5100,0.0,0.0
2020-11-05 00:00:00-05:00,77.32206746420648,77.32206746420648,74.77703857421875,74.77703857421875,8300,0.0,0.0
2020-11-06 00:00:00-05:00,76.52168714854866,76.52168714854866,73.06836700439453,73.06836700439453,8900,0.0,0.0
2020-11-09 00:00:00-05:00,74.88494733468136,77.62782384613993,73.06835854723776,74.37234497070312,10100,0.0,0.0
2020-11-10 00:00:00-05:00,75.79325512780396,78.86886971619867,74.83999615109548,77.34005737304688,11200,0.0,0.0
2020-11-11 00:00:00-05:00,77.52888264529174,78.01450691223144,76.08999974017497,76.44072723388672,19000,0.0,0.0
2020-11-12 00:00:00-05:00,75.12776789676312,76.44074935649112,73.85974746703326,74.59717559814453,8800,0.0,0.0
2020-11-13 00:00:00-05:00,75.07381236547407,75.07381236547407,73.69787310547005,73.9766616821289,5200,0.0,0.0
2020-11-16 00:00:00-05:00,74.86694953667896,75.00184631347656,73.92267896023077,75.00184631347656,15000,0.0,0.0
2020-11-17 00:00:00-05:00,74.08458093447277,74.44430351769559,73.7788211984728,74.01264190673828,5400,0.0,0.0
2020-11-18 00:00:00-05:00,74.42630417920947,74.71408081054688,74.19248352214278,74.71408081054688,5400,0.0,0.0
2020-11-19 00:00:00-05:00,73.66191350972301,76.22492573921294,73.66191350972301,75.93714904785156,9000,0.0,0.0
2020-11-20 00:00:00-05:00,75.06480928672467,78.17639629534881,74.65113080292174,77.14219665527344,12100,0.0,0.0
2020-11-23 00:00:00-05:00,77.59184051419267,78.4551703346614,77.40298775919658,77.7986831665039,10600,0.0,0.0
2020-11-24 00:00:00-05:00,78.4641926361615,81.27002067665624,78.4641926361615,79.903076171875,13900,0.0,0.0
2020-11-25 00:00:00-05:00,79.85810542496928,81.4228906509691,78.31130323923144,80.71244049072266,8300,0.0,0.0
2020-11-27 00:00:00-05:00,81.23402988024137,81.35993173312949,80.08292330461494,81.3419418334961,6700,0.0,0.0
2020-11-30 00:00:00-05:00,81.22504242205981,81.22504242205981,77.25012501737582,77.63682556152344,11900,0.0,0.0
2020-12-01 00:00:00-05:00,78.23934372743534,80.10090025202199,77.60983451086435,78.73396301269531,23600,0.0,0.0
2020-12-02 00:00:00-05:00,79.97499899168477,80.2268026801487,78.65302276611328,78.65302276611328,6000,0.0,0.0
2020-12-03 00:00:00-05:00,78.98576622430225,80.28075758505103,78.98576622430225,79.40843963623047,6300,0.0,0.0
2020-12-04 00:00:00-05:00,80.84732924239388,82.43010421191578,79.7232006568799,81.39590454101562,8900,0.0,0.0
2020-12-07 00:00:00-05:00,81.93549256576752,83.63517459740446,81.83656869208393,81.98944854736328,6000,0.0,0.0
2020-12-08 00:00:00-05:00,82.49307327552069,84.89421081542969,80.97324889818736,84.89421081542969,18000,0.0,0.0
2020-12-09 00:00:00-05:00,85.31687458491525,85.31687458491525,83.09559516813027,83.19451904296875,16700,0.0,0.0
2020-12-10 00:00:00-05:00,83.53625113933832,84.26468433905345,82.89774686310922,83.2125015258789,5700,0.0,0.0
2020-12-11 00:00:00-05:00,82.7718515831824,82.90674840971215,82.04341832551441,82.0614013671875,5900,0.0,0.0
2020-12-14 00:00:00-05:00,83.3559521191256,83.3559521191256,79.9729995727539,79.9729995727539,6600,0.285,0.0
2020-12-15 00:00:00-05:00,81.27204804597397,82.09298116125105,80.28873981704773,80.86609649658203,5200,0.0,0.0
2020-12-16 00:00:00-05:00,80.3067543918535,82.06589328855733,79.74744415283203,79.74744415283203,7800,0.0,0.0
2020-12-17 00:00:00-05:00,79.51288779131391,80.14436928876421,79.37756836110825,79.82862854003906,4800,0.0,0.0
2020-12-18 00:00:00-05:00,80.5413160091238,82.61619588307528,79.06183896048528,79.56702423095703,32700,0.0,0.0
2020-12-21 00:00:00-05:00,78.9716348956535,78.9716348956535,76.41863205102545,77.09522247314453,9500,0.0,0.0
2020-12-22 00:00:00-05:00,76.81556915221587,78.36721765888868,76.81556915221587,78.21385192871094,8000,0.0,0.0
2020-12-23 00:00:00-05:00,78.2138275390845,78.2138275390845,77.21247345186183,77.22149658203125,6600,0.0,0.0
2020-12-24 00:00:00-05:00,77.86201340330824,77.86201340330824,76.79751100293299,77.08618927001953,1900,0.0,0.0
2020-12-28 00:00:00-05:00,76.95088647705091,77.62747689666402,76.03071965210223,76.81556701660156,7200,0.0,0.0
2020-12-29 00:00:00-05:00,76.5629883079355,76.5629883079355,74.4339828491211,74.4339828491211,6600,0.0,0.0
2020-12-30 00:00:00-05:00,74.5061324764799,75.77812574805785,74.5061324764799,75.73301696777344,11300,0.0,0.0
2020-12-31 00:00:00-05:00,75.95855714674141,76.61710825974251,75.46239491118091,76.04877471923828,8200,0.0,0.0
2021-01-04 00:00:00-05:00,77.46507696456506,77.46507696456506,75.507470573448,75.5435562133789,5900,0.0,0.0
2021-01-05 00:00:00-05:00,74.70458508707772,77.13129106694797,74.22646239572012,76.47274017333984,20400,0.0,0.0
2021-01-06 00:00:00-05:00,76.6892830957866,80.27971964912462,76.63515117326912,79.08892059326172,31500,0.0,0.0
2021-01-07 00:00:00-05:00,78.89945739719317,80.27970064860573,78.21384389619855,78.89043426513672,7600,0.0,0.0
2021-01-08 00:00:00-05:00,79.43172419732207,80.30677542670935,78.11462202125551,79.27835845947266,5100,0.0,0.0
2021-01-11 00:00:00-05:00,77.84397329515373,79.68429981161601,77.84397329515373,79.48583221435547,9000,0.0,0.0
2021-01-12 00:00:00-05:00,79.40466326407129,80.02712876737539,78.97164916992188,78.97164916992188,6400,0.0,0.0
2021-01-13 00:00:00-05:00,79.48583540540182,80.31578458850812,78.35818481445312,78.35818481445312,5600,0.0,0.0
2021-01-14 00:00:00-05:00,78.25897010016521,80.44210052490234,78.25897010016521,80.44210052490234,9000,0.0,0.0
2021-01-15 00:00:00-05:00,79.39562841092308,81.96667050080694,78.93554502137546,80.09928131103516,9400,0.0,0.0
2021-01-19 00:00:00-05:00,81.50659995294623,82.99510041296654,80.83000946044922,80.83000946044922,8100,0.0,0.0
2021-01-20 00:00:00-05:00,81.72309025409668,82.79661581820977,79.62115478515625,79.62115478515625,12200,0.0,0.0
2021-01-21 00:00:00-05:00,80.19850894969636,80.19850894969636,77.91614532470703,77.91614532470703,7400,0.0,0.0
2021-01-22 00:00:00-05:00,77.14033748928959,78.69198608398438,77.1313143557946,78.69198608398438,10000,0.0,0.0
2021-01-25 00:00:00-05:00,77.91615402307308,79.124992250852,77.13130667043288,77.58236694335938,7400,0.0,0.0
2021-01-26 00:00:00-05:00,78.48448270935135,78.48448270935135,75.32706099115906,75.86833190917969,18500,0.0,0.0
2021-01-27 00:00:00-05:00,74.5332183417878,76.5539668810679,74.1362830120125,75.5526123046875,23600,0.0,0.0
2021-01-28 00:00:00-05:00,75.63380150573533,77.7808533276826,74.87602336808467,76.6712417602539,22300,0.0,0.0
2021-01-29 00:00:00-05:00,76.2923237006419,78.55664788365732,75.20978194889257,78.18677520751953,28800,0.0,0.0
2021-02-01 00:00:00-05:00,77.90712983368702,78.59274336637255,77.36585889004412,77.60942840576172,8800,0.0,0.0
2021-02-02 00:00:00-05:00,78.22286527295134,80.10830063771951,77.86201570775508,79.83766174316406,18900,0.0,0.0
2021-02-03 00:00:00-05:00,79.0618415106376,81.82232808851694,78.53860995926745,81.64190673828125,10600,0.0,0.0
2021-02-04 00:00:00-05:00,82.89585962751251,84.2580636317962,82.58914193367362,83.82504272460938,7800,0.0,0.0
2021-02-05 00:00:00-05:00,84.79932802547876,85.16017760636916,83.28376529184573,83.36495971679688,9500,0.0,0.0
2021-02-08 00:00:00-05:00,83.51833593367667,86.28784620325422,82.20124053955078,82.20124053955078,7400,0.0,0.0
2021-02-09 00:00:00-05:00,82.9950916444394,83.2567074331477,81.46148944319344,82.18318176269531,9800,0.0,0.0
2021-02-10 00:00:00-05:00,82.48991255538925,83.18454241167333,82.20123422928448,82.45382690429688,9500,0.0,0.0
2021-02-11 00:00:00-05:00,83.44615581056435,83.44615581056435,82.09297490552818,82.2282943725586,7900,0.0,0.0
2021-02-12 00:00:00-05:00,83.02214884708306,83.02214884708306,81.0284633599951,82.62521362304688,4300,0.0,0.0
2021-02-16 00:00:00-05:00,82.74248290417559,82.74248290417559,81.31713104248047,81.31713104248047,5300,0.0,0.0
2021-02-17 00:00:00-05:00,80.51426696777344,81.6780034170893,80.51426696777344,80.51426696777344,2800,0.0,0.0
2021-02-18 00:00:00-05:00,80.64956872985016,81.72308737349047,80.2887191772461,80.2887191772461,3500,0.0,0.0
2021-02-19 00:00:00-05:00,80.21657002701555,82.1290683657532,78.85437274190228,80.37895202636719,12800,0.0,0.0
2021-02-22 00:00:00-05:00,80.93827599983076,80.93827599983076,76.24724390020096,76.6712417602539,9500,0.0,0.0
2021-02-23 00:00:00-05:00,76.50882370803724,78.01536990417773,75.58866399109772,75.8773422241211,15500,0.0,0.0
2021-02-24 00:00:00-05:00,76.79750686997515,78.89042591437756,76.79750686997515,77.28465270996094,12400,0.0,0.0
2021-02-25 00:00:00-05:00,78.25896071262416,79.81060921932931,76.45471954345703,76.45471954345703,8400,0.0,0.0
2021-02-26 00:00:00-05:00,77.3658460649373,78.8723854545016,76.13896179199219,76.13896179199219,10400,0.0,0.0
2021-03-01 00:00:00-05:00,76.38254231342354,80.46914714302314,76.38254231342354,80.09928131103516,13400,0.0,0.0
2021-03-02 00:00:00-05:00,79.6121344349601,80.52327807064482,78.03342355381359,79.38660430908203,11200,0.0,0.0
2021-03-03 00:00:00-05:00,79.21521881552458,80.32483033781517,78.66492462158203,78.66492462158203,4400,0.0,0.0
2021-03-04 00:00:00-05:00,78.75513543202544,80.5052448113668,78.14169311523438,78.14169311523438,9800,0.0,0.0
2021-03-05 00:00:00-05:00,77.35683218193013,79.83766353470341,76.95088071362049,78.89043426513672,21700,0.0,0.0
2021-03-08 00:00:00-05:00,79.2873666740645,80.33382971126593,77.68159335658146,79.34149169921875,5600,0.0,0.0
2021-03-09 00:00:00-05:00,79.48584147850336,80.70370283325181,79.41367018333648,80.0180892944336,7400,0.0,0.0
2021-03-10 00:00:00-05:00,80.57741503297488,83.81603169923451,80.57741503297488,82.27339935302734,15200,0.0,0.0
2021-03-11 00:00:00-05:00,82.59813700413868,83.42809295654297,82.27337312768312,83.42809295654297,7000,0.0,0.0
2021-03-12 00:00:00-05:00,84.7091173129358,84.7091173129358,83.1484458014037,83.58146667480469,9400,0.0,0.0
2021-03-15 00:00:00-04:00,83.5634500616975,83.88821411132812,82.81469500309397,83.88821411132812,5700,0.0,0.0
2021-03-16 00:00:00-04:00,84.35418062384166,84.35418062384166,82.78871169292924,83.15972137451172,5300,0.285,0.0
2021-03-17 00:00:00-04:00,81.70286796393007,82.01052856445312,79.79354135496646,82.01052856445312,7700,0.0,0.0
2021-03-18 00:00:00-04:00,80.91559600904971,81.49472744630371,79.85687199755017,79.96546173095703,6600,0.0,0.0
2021-03-19 00:00:00-04:00,80.87038071769211,81.34997344169804,78.68958282470703,78.68958282470703,33400,0.0,0.0
2021-03-22 00:00:00-04:00,79.0877406007709,80.58081714987082,78.30953117284716,78.3909683227539,9400,0.0,0.0
2021-03-23 00:00:00-04:00,78.73480978324388,78.73480978324388,76.9883645105303,77.35936737060547,10300,0.0,0.0
2021-03-24 00:00:00-04:00,78.5447856991721,79.25060176842912,76.31874084472656,76.31874084472656,18000,0.0,0.0
2021-03-25 00:00:00-04:00,76.21923732077083,78.45432007292219,76.21923732077083,76.90695190429688,11200,0.0,0.0
2021-03-26 00:00:00-04:00,78.02899994578891,78.72576517460824,76.91597746944484,77.60369873046875,7000,0.0,0.0
2021-03-29 00:00:00-04:00,78.49952614728143,79.03341010063065,76.01106854607077,76.91596221923828,8800,0.0,0.0
2021-03-30 00:00:00-04:00,77.51320854470671,79.62160591500859,77.18744621464104,78.53573608398438,13300,0.0,0.0
2021-03-31 00:00:00-04:00,78.6624319703839,79.62161735573918,77.92947007431378,78.36381530761719,36400,0.0,0.0
2021-04-01 00:00:00-04:00,78.57194999715827,81.85671282879248,78.48146197524481,79.84784698486328,17200,0.0,0.0
2021-04-05 00:00:00-04:00,80.32742740920038,80.87941323324637,79.18726608092167,80.47221374511719,9800,0.0,0.0
2021-04-06 00:00:00-04:00,80.84321842443198,81.82955637409405,80.70748986127023,80.88846588134766,8000,0.0,0.0
2021-04-07 00:00:00-04:00,80.63507677835373,81.30469617182439,79.82067108154297,79.82067108154297,6100,0.0,0.0
2021-04-08 00:00:00-04:00,80.63509831762076,81.52189049919079,79.28680830061738,80.0107192993164,21400,0.0,0.0
2021-04-09 00:00:00-04:00,80.62606437479045,81.44047046015079,79.17823516959105,79.21443176269531,11600,0.0,0.0
2021-04-12 00:00:00-04:00,79.17824032793928,80.20076826052258,77.95663457221,79.169189453125,6300,0.0,0.0
2021-04-13 00:00:00-04:00,78.55385302984409,79.1691812816042,78.19190092016848,78.9067611694336,4700,0.0,0.0
2021-04-14 00:00:00-04:00,79.16918076965447,81.17804672281598,79.16918076965447,79.62162780761719,19200,0.0,0.0
2021-04-15 00:00:00-04:00,79.98357798645813,80.63510275378601,79.25061607511081,79.46778869628906,8800,0.0,0.0
2021-04-16 00:00:00-04:00,80.15550980423177,80.15550980423177,78.97914487753596,79.17822265625,5400,0.0,0.0
2021-04-19 00:00:00-04:00,78.72574737347344,79.2596313119568,77.92944344862363,78.87957763671875,5300,0.0,0.0
2021-04-20 00:00:00-04:00,78.72575105576917,79.57635333386071,78.64431393746219,78.76194763183594,5300,0.0,0.0
2021-04-21 00:00:00-04:00,79.16012963284471,80.01072529262588,79.13297701383834,79.27776336669922,5600,0.0,0.0
2021-04-22 00:00:00-04:00,80.96085714191773,80.96085714191773,78.86150360107422,78.86150360107422,5100,0.0,0.0
2021-04-23 00:00:00-04:00,79.44968922457217,80.38172886093282,78.99724226293745,79.72115325927734,3300,0.0,0.0
2021-04-26 00:00:00-04:00,79.33204775379065,80.86132067709218,79.14202086037686,79.54017639160156,5000,0.0,0.0
2021-04-27 00:00:00-04:00,79.44968319962902,79.9926181316595,79.078673405403,79.90213012695312,9800,0.0,0.0
2021-04-28 00:00:00-04:00,79.88402438247182,80.35457302944349,79.52206547798404,79.73019409179688,3500,0.0,0.0
2021-04-29 00:00:00-04:00,79.7482981256198,80.0831113590399,79.41349179599237,79.54017639160156,5800,0.0,0.0
2021-04-30 00:00:00-04:00,79.49492072221605,79.77544250105096,78.95198581086534,78.9610366821289,11900,0.0,0.0
2021-05-03 00:00:00-04:00,79.21439441720023,81.10561891467228,79.21439441720023,80.79795837402344,7700,0.0,0.0
2021-05-04 00:00:00-04:00,80.54460479850725,80.988000858975,79.86593440024768,80.0831069946289,6500,0.0,0.0
2021-05-05 00:00:00-04:00,80.3636237541766,80.3636237541766,79.15106926154566,79.49492645263672,2600,0.0,0.0
2021-05-06 00:00:00-04:00,80.35457892276257,80.35457892276257,78.96104152574534,79.31394958496094,2400,0.0,0.0
2021-05-07 00:00:00-04:00,78.99724149662204,81.44045230423193,78.72577056075752,80.77987670898438,29100,0.0,0.0
2021-05-10 00:00:00-04:00,81.34997540471042,81.44046342776032,79.33205866210895,80.68939971923828,7200,0.0,0.0
2021-05-11 00:00:00-04:00,79.78450699124994,81.26853268577624,79.78450699124994,80.58081817626953,3300,0.0,0.0
2021-05-12 00:00:00-04:00,80.9698957229881,80.9698957229881,79.03341674804688,79.03341674804688,6000,0.0,0.0
2021-05-13 00:00:00-04:00,79.32302670978895,80.08313450311573,79.169189453125,79.169189453125,6600,0.0,0.0
2021-05-14 00:00:00-04:00,80.61699106077279,80.69843509853594,79.63971093416116,80.0831069946289,5700,0.0,0.0
2021-05-17 00:00:00-04:00,79.61255243819274,79.89306728187978,79.17820041538876,79.44062042236328,2700,0.0,0.0
2021-05-18 00:00:00-04:00,79.44063082264222,80.53555153756302,79.08772277832031,79.08772277832031,22100,0.0,0.0
2021-05-19 00:00:00-04:00,79.83879920165543,80.49031707058737,79.26871157362434,79.41349792480469,6700,0.0,0.0
2021-05-20 00:00:00-04:00,79.76641772589542,80.11027500469459,79.17823516959105,79.21443176269531,6000,0.0,0.0
2021-05-21 00:00:00-04:00,79.59447990168741,80.12837098177819,78.45431146430525,78.99725341796875,14500,0.0,0.0
2021-05-24 00:00:00-04:00,78.92484469056146,79.3591898833836,78.33666229248047,78.33666229248047,9600,0.0,0.0
2021-05-25 00:00:00-04:00,78.95198112234657,78.95198112234657,77.52224731445312,77.52224731445312,5600,0.0,0.0
2021-05-26 00:00:00-04:00,77.23268857870605,77.70323724598867,76.39113702355844,77.25983428955078,8700,0.0,0.0
2021-05-27 00:00:00-04:00,77.91137828045458,78.56290311742019,77.62181245333586,77.80279541015625,3500,0.0,0.0
2021-05-28 00:00:00-04:00,77.3684219170049,78.30951232199426,77.3684219170049,77.5584487915039,7300,0.0,0.0
2021-06-01 00:00:00-04:00,77.76656448122881,78.00183186552296,76.91596221923828,76.91596221923828,4400,0.0,0.0
2021-06-02 00:00:00-04:00,77.18744781880858,77.73038274560437,76.01108305759091,77.02456665039062,32300,0.0,0.0
2021-06-03 00:00:00-04:00,77.0969651884074,77.0969651884074,74.83473021335092,75.106201171875,17200,0.0,0.0
2021-06-04 00:00:00-04:00,75.30527907934027,76.41829482279212,75.30527907934027,76.08348846435547,10000,0.0,0.0
2021-06-07 00:00:00-04:00,76.22826778644091,76.4273455688528,74.70804560705122,75.106201171875,18200,0.0,0.0
2021-06-08 00:00:00-04:00,75.33240600081497,75.45003970500083,73.30544589853936,74.56324768066406,20800,0.0,0.0
2021-06-09 00:00:00-04:00,74.83472442626953,75.35956455680633,74.6175518185205,74.83472442626953,8300,0.0,0.0
2021-06-10 00:00:00-04:00,75.19667233264994,75.19667233264994,73.65835565598618,74.60848999023438,18100,0.0,0.0
2021-06-11 00:00:00-04:00,74.22844356964555,76.3458988301985,74.22844356964555,75.3776626586914,13200,0.0,0.0
2021-06-14 00:00:00-04:00,76.27204386550011,76.64432740480275,74.9100430821876,75.8271255493164,11100,0.285,0.0
2021-06-15 00:00:00-04:00,76.12676858032627,76.46273130329224,74.91005107592697,75.99964904785156,8300,0.0,0.0
2021-06-16 00:00:00-04:00,75.40036880834094,76.29928744062306,75.03716719173873,75.15520477294922,9500,0.0,0.0
2021-06-17 00:00:00-04:00,75.72722948188489,76.16306576419474,75.36402796163149,75.67274475097656,7800,0.0,0.0
2021-06-18 00:00:00-04:00,74.91004210984012,77.71576036184786,74.91004210984012,77.14372253417969,20600,0.0,0.0
2021-06-21 00:00:00-04:00,77.34349212621812,77.76117157492102,76.06320794275273,77.20729064941406,10700,0.0,0.0
2021-06-22 00:00:00-04:00,76.84406181210237,77.87010657023704,76.3083449678489,77.08922576904297,9700,0.0,0.0
2021-06-23 00:00:00-04:00,77.21635507962563,77.5432357788086,77.1073925374002,77.5432357788086,7700,0.0,0.0
2021-06-24 00:00:00-04:00,77.18004008927647,77.83380153725524,76.9258010656167,77.78839874267578,13900,0.0,0.0
2021-06-25 00:00:00-04:00,77.2526661944375,79.90402537378772,77.2526661944375,78.99602508544922,104400,0.0,0.0
2021-06-28 00:00:00-04:00,78.89615217292074,78.89615217292074,77.19818897468768,77.61587524414062,7800,0.0,0.0
2021-06-29 00:00:00-04:00,78.08804192413703,78.99604241162699,77.82472095146566,78.4421615600586,5900,0.0,0.0
2021-06-30 00:00:00-04:00,78.42399655725258,78.42399655725258,77.20727242647519,77.21635437011719,7900,0.0,0.0
2021-07-01 00:00:00-04:00,77.3434806264517,78.26963806152344,77.18004026408681,78.26963806152344,5800,0.0,0.0
2021-07-02 00:00:00-04:00,77.70668899209765,78.17884623158294,77.18004700873351,77.4615249633789,3400,0.0,0.0
2021-07-06 00:00:00-04:00,77.6249581580237,78.07895839254074,77.15280096222327,77.57048034667969,5700,0.0,0.0
2021-07-07 00:00:00-04:00,77.29807467595818,78.06079864501953,77.10739541556623,78.06079864501953,4400,0.0,0.0
2021-07-08 00:00:00-04:00,78.39675224532174,78.39675224532174,76.8622362597678,77.08015441894531,3300,0.0,0.0
2021-07-09 00:00:00-04:00,77.06200492612315,77.87012481689453,77.06200492612315,77.87012481689453,5600,0.0,0.0
2021-07-12 00:00:00-04:00,77.51600198722565,78.25148014514471,76.8713224900692,77.9881591796875,5300,0.0,0.0
2021-07-13 00:00:00-04:00,78.042646672454,78.14252728993199,76.8168472813542,77.6976089477539,8000,0.0,0.0
2021-07-14 00:00:00-04:00,77.75207793786628,77.90644328303019,77.32532353504203,77.52507781982422,8200,0.0,0.0
2021-07-15 00:00:00-04:00,77.11648957956534,77.87013172398493,77.08925067054928,77.80657196044922,7400,0.0,0.0
2021-07-16 00:00:00-04:00,77.84287432829252,79.3319943724778,77.49782975604688,78.45123291015625,5900,0.0,0.0
2021-07-19 00:00:00-04:00,78.0608123291276,79.88589546637952,77.61589397688527,79.20489501953125,8200,0.0,0.0
2021-07-20 00:00:00-04:00,79.45005993574901,79.79509770214305,78.197021484375,78.197021484375,9500,0.0,0.0
2021-07-21 00:00:00-04:00,78.58744376931182,79.08683987334783,77.86104061935816,78.26963806152344,5300,0.0,0.0
2021-07-22 00:00:00-04:00,79.15039820484067,79.15039820484067,77.4251959503717,77.55232238769531,5400,0.0,0.0
2021-07-23 00:00:00-04:00,78.4330813141278,78.68732727522618,77.40704323494084,78.4603271484375,4200,0.0,0.0
2021-07-26 00:00:00-04:00,78.92339809892404,79.6407192916085,78.75088272270435,79.4137191772461,5700,0.0,0.0
2021-07-27 00:00:00-04:00,78.99603286979466,80.57595158749247,78.28779368349885,80.53055572509766,10500,0.0,0.0
2021-07-28 00:00:00-04:00,80.3762046543929,80.57596588134766,78.99604688337851,80.57596588134766,5800,0.0,0.0
2021-07-29 00:00:00-04:00,81.02088680378303,81.24788692637546,79.92220011424104,81.20248413085938,4500,0.0,0.0
2021-07-30 00:00:00-04:00,81.65650170479505,82.02877838255252,80.75758296826316,81.17526245117188,3800,0.0,0.0
2021-08-02 00:00:00-04:00,81.90165077320702,81.90165077320702,80.14013433228752,80.80297088623047,5600,0.0,0.0
2021-08-03 00:00:00-04:00,81.24790711110151,81.24790711110151,79.39558481926863,79.45914459228516,6800,0.0,0.0
2021-08-04 00:00:00-04:00,79.49545351619481,79.49545351619481,78.06989288330078,78.06989288330078,3800,0.0,0.0
2021-08-05 00:00:00-04:00,79.4954669192989,81.20250580288533,77.6794654538894,78.36046600341797,5100,0.0,0.0
2021-08-06 00:00:00-04:00,79.22304424925031,79.22304424925031,78.01540191213593,78.4603271484375,6200,0.0,0.0
2021-08-09 00:00:00-04:00,78.09711184229035,79.39555261654978,78.09711184229035,78.58743286132812,3300,0.0,0.0
2021-08-10 00:00:00-04:00,79.01419599295542,79.70427827362354,78.76903891991859,79.61347961425781,5000,0.0,0.0
2021-08-11 00:00:00-04:00,79.67701764007946,80.31261500980132,79.22301753956617,79.25933837890625,6700,0.0,0.0
2021-08-12 00:00:00-04:00,79.2593582679683,80.44883661299919,78.76903720507552,79.85863494873047,6800,0.0,0.0
2021-08-13 00:00:00-04:00,79.44094998266651,79.44094998266651,78.33318842912777,78.45123291015625,4000,0.0,0.0
2021-08-16 00:00:00-04:00,78.45124479783537,79.40464116891941,78.25148357889564,79.35924530029297,7900,0.0,0.0
2021-08-17 00:00:00-04:00,79.35924495136877,79.99484252929688,78.99604336648382,79.99484252929688,4600,0.0,0.0
2021-08-18 00:00:00-04:00,79.9857666402247,80.04025138495352,78.60560882616494,79.38648986816406,5500,0.0,0.0
2021-08-19 00:00:00-04:00,78.54206337896059,78.66918292733959,77.64314459328172,78.36046600341797,5300,0.0,0.0
2021-08-20 00:00:00-04:00,78.03356809237184,78.36952385628493,77.40704550724521,78.1243667602539,5400,0.0,0.0
2021-08-23 00:00:00-04:00,78.52387481968746,79.49543493569136,77.6431133549236,79.19579315185547,3400,0.0,0.0
2021-08-24 00:00:00-04:00,79.35923447836613,79.89495137656522,78.0153908698865,79.4772720336914,6400,0.0,0.0
2021-08-25 00:00:00-04:00,79.94037043697605,80.18552754100854,78.1062054194207,78.68733215332031,3200,0.0,0.0
2021-08-26 00:00:00-04:00,79.01421049450971,79.01421049450971,78.13345571677334,78.54205322265625,5100,0.0,0.0
2021-08-27 00:00:00-04:00,78.33319731318568,80.14919824888251,78.33319731318568,79.9585189819336,12000,0.0,0.0
2021-08-30 00:00:00-04:00,79.90404814087087,81.04813076985904,79.90404814087087,80.6395263671875,5400,0.0,0.0
2021-08-31 00:00:00-04:00,80.31265106226913,81.38409205755157,79.61349364172226,80.4488525390625,5100,0.0,0.0
2021-09-01 00:00:00-04:00,79.08683357401289,79.88587836081606,78.7690348190313,79.18671417236328,11900,0.0,0.0
2021-09-02 00:00:00-04:00,80.80297256641082,80.80297256641082,79.08685196299106,80.07657623291016,5400,0.0,0.0
2021-09-03 00:00:00-04:00,80.85745340913563,80.85745340913563,79.86772918701172,79.86772918701172,2900,0.0,0.0
2021-09-07 00:00:00-04:00,80.08564302143162,82.3011665050498,79.58624689237445,81.76544952392578,15400,0.0,0.0
2021-09-08 00:00:00-04:00,81.7200515367798,81.90164888030814,80.76664816451954,81.24789428710938,3600,0.0,0.0
2021-09-09 00:00:00-04:00,81.54752384144844,83.99004743778875,81.54752384144844,82.1831283569336,13300,0.0,0.0
2021-09-10 00:00:00-04:00,82.61898100097508,83.04574243448829,80.8120615641276,81.72006225585938,8500,0.0,0.0
2021-09-13 00:00:00-04:00,82.31932472317244,82.31932472317244,81.72004109660038,81.8017578125,4200,0.0,0.0
2021-09-14 00:00:00-04:00,82.56450033477894,83.53606076439547,81.72005944343034,82.69161987304688,15200,0.0,0.0
2021-09-15 00:00:00-04:00,82.86012865363458,83.4703972447256,81.52117637668616,81.66691589355469,18500,0.285,0.0
2021-09-16 00:00:00-04:00,81.22969639847462,83.51593446516915,80.26419651539491,81.96748352050781,40300,0.0,0.0
2021-09-17 00:00:00-04:00,82.24983614171839,83.58878108001709,79.0891825185861,81.06572723388672,80800,0.0,0.0
2021-09-20 00:00:00-04:00,80.99287655766999,82.03124623539071,79.33512786611215,79.94539642333984,36000,0.0,0.0
2021-09-21 00:00:00-04:00,80.59211127899852,82.4411379665015,80.04559503998415,81.66691589355469,36200,0.0,0.0
2021-09-22 00:00:00-04:00,82.24074276415746,85.16457382299508,81.90372537136605,84.4358901977539,16700,0.0,0.0
2021-09-23 00:00:00-04:00,84.80933345007004,87.03181201645083,84.39945329772536,86.68568420410156,10800,0.0,0.0
2021-09-24 00:00:00-04:00,86.45798128666597,87.35972884305897,85.74751856895665,86.84964752197266,6900,0.0,0.0
2021-09-27 00:00:00-04:00,87.22309816064707,88.7806526162891,87.22309816064707,88.498291015625,6800,0.0,0.0
2021-09-28 00:00:00-04:00,88.80797132565667,88.80797132565667,87.31417626134905,87.63297271728516,4900,0.0,0.0
2021-09-29 00:00:00-04:00,89.07211533285852,89.07211533285852,87.31417271944585,87.66029357910156,2700,0.0,0.0
2021-09-30 00:00:00-04:00,87.33239591572404,87.62386797289813,84.10798237428708,84.56340789794922,12100,0.0,0.0
2021-10-01 00:00:00-04:00,85.15546818144385,88.25236333995838,84.59984844936142,85.06438446044922,5800,0.0,0.0
2021-10-04 00:00:00-04:00,82.5959763760086,84.56341109910049,82.5959763760086,82.6688461303711,4500,0.0,0.0
2021-10-05 00:00:00-04:00,83.20624001241087,83.34286905645014,82.81457379242728,82.88744354248047,5100,0.0,0.0
2021-10-06 00:00:00-04:00,82.88742975167789,85.50157426864976,82.88742975167789,84.02599334716797,12000,0.0,0.0
2021-10-07 00:00:00-04:00,84.71826412841739,84.9368664501688,81.54849919143071,84.15353393554688,11000,0.0,0.0
2021-10-08 00:00:00-04:00,84.52697230611719,84.52697230611719,81.97658682519243,83.23355865478516,3600,0.0,0.0
2021-10-11 00:00:00-04:00,82.99674539384661,82.99674539384661,81.6669037714069,82.18608856201172,3200,0.0,0.0
2021-10-12 00:00:00-04:00,82.44112272359786,82.75080871582031,82.10410536508398,82.75080871582031,2900,0.0,0.0
2021-10-13 00:00:00-04:00,82.65061311083919,82.65061311083919,81.98569581009185,82.34092712402344,4800,0.0,0.0
2021-10-14 00:00:00-04:00,82.29537730189031,82.33181217174464,82.01301574707031,82.01301574707031,3200,0.0,0.0
2021-10-15 00:00:00-04:00,82.09499091005944,82.58685124072154,81.88549909005435,81.99479675292969,4600,0.0,0.0
2021-10-18 00:00:00-04:00,81.74887167098296,82.06766810937812,80.41903013564806,81.13860321044922,4500,0.0,0.0
2021-10-19 00:00:00-04:00,81.24790507947321,81.24790507947321,80.56476684074701,80.91999816894531,4900,0.0,0.0
2021-10-20 00:00:00-04:00,81.98571159936989,82.5777662196909,81.25702792062981,81.43009185791016,4500,0.0,0.0
2021-10-21 00:00:00-04:00,81.68511479445029,84.04421545745052,81.68511479445029,83.23355865478516,5800,0.0,0.0
2021-10-22 00:00:00-04:00,83.25178072765445,85.8294906616211,83.25178072765445,85.8294906616211,6900,0.0,0.0
2021-10-25 00:00:00-04:00,85.30119380242849,86.68568420410156,85.30119380242849,86.68568420410156,3200,0.0,0.0
2021-10-26 00:00:00-04:00,86.91340894269429,94.55544899692258,86.53085315446114,90.70255279541016,13600,0.0,0.0
2021-10-27 00:00:00-04:00,95.63935120892816,97.06027648884643,87.0864612138976,90.73897552490234,19500,0.0,0.0
2021-10-28 00:00:00-04:00,87.68760780828133,91.0577601050096,87.68760780828133,89.50020599365234,14100,0.0,0.0
2021-10-29 00:00:00-04:00,89.01746775783013,90.6114569446232,88.09750633852197,88.19770050048828,9600,0.0,0.0
2021-11-01 00:00:00-04:00,88.37985819672298,90.75717950702119,88.37985819672298,90.0922622680664,3600,0.0,0.0
2021-11-02 00:00:00-04:00,90.62966121905532,92.46047340655426,90.62966121905532,91.1761703491211,5400,0.0,0.0
2021-11-03 00:00:00-04:00,91.08511015978044,93.45332163408625,90.72076832929284,92.74285888671875,15400,0.0,0.0
2021-11-04 00:00:00-04:00,91.21262746154252,92.90681104237223,91.20351700486816,92.45138549804688,5100,0.0,0.0
2021-11-05 00:00:00-04:00,92.87036923384133,94.8651351928711,92.87036923384133,94.8651351928711,7400,0.0,0.0
2021-11-08 00:00:00-05:00,95.63025288194014,95.63025288194014,91.54053348115687,93.54440307617188,11500,0.0,0.0
2021-11-09 00:00:00-05:00,93.71746589617374,93.99982750369387,91.59518123843021,93.79944610595703,7000,0.0,0.0
2021-11-10 00:00:00-05:00,94.12733805012473,95.31144711781718,94.09091012582667,94.82869720458984,7800,0.0,0.0
2021-11-11 00:00:00-05:00,94.72849382507393,96.36802822866579,94.72849382507393,96.04922485351562,3800,0.0,0.0
2021-11-12 00:00:00-05:00,96.21319415059298,98.82733917236328,96.15854531121364,98.82733917236328,5400,0.0,0.0
2021-11-15 00:00:00-05:00,100.23004324807572,101.38682094164528,97.97112974705126,100.82209777832031,7300,0.0,0.0
2021-11-16 00:00:00-05:00,100.33935109906514,102.19748105342553,99.40116871670995,100.61260223388672,6000,0.0,0.0
2021-11-17 00:00:00-05:00,99.38295738965712,101.5598908162362,98.82733770010428,100.71279907226562,18200,0.0,0.0
2021-11-18 00:00:00-05:00,100.20271449306455,103.51821137983127,99.05504035557108,102.30677795410156,8800,0.0,0.0
2021-11-19 00:00:00-05:00,101.96975582737498,106.7699439785235,100.98604213340158,105.31258392333984,6100,0.0,0.0
2021-11-22 00:00:00-05:00,105.31258503068845,121.93560723863094,105.31258503068845,113.59221649169922,17100,0.0,0.0
2021-11-23 00:00:00-05:00,113.60133491725684,115.77826819546485,110.33137629754715,112.08021545410156,9900,0.0,0.0
2021-11-24 00:00:00-05:00,113.31897927387865,119.75868878875681,111.83428765668833,113.3007583618164,15300,0.0,0.0
2021-11-26 00:00:00-05:00,113.1732255491953,113.32806853605243,106.66064015390046,109.60269165039062,17800,0.0,0.0
2021-11-29 00:00:00-05:00,108.67363219453492,110.13099937549623,101.10446249627394,101.3412857055664,16400,0.0,0.0
2021-11-30 00:00:00-05:00,100.90406224656513,103.80967886022505,99.09147088956054,101.6145248413086,16900,0.0,0.0
2021-12-01 00:00:00-05:00,103.23586410772994,110.06724760715863,103.23586410772994,104.43819427490234,11600,0.0,0.0
2021-12-02 00:00:00-05:00,105.40367361116323,110.10366092476401,103.66394495169718,104.47460174560547,6100,0.0,0.0
2021-12-03 00:00:00-05:00,104.73874839531322,105.29436802863378,100.20271457318555,102.42518615722656,11100,0.0,0.0
2021-12-06 00:00:00-05:00,101.33218243099795,103.33605202297022,100.19361858345864,101.4050521850586,13700,0.0,0.0
2021-12-07 00:00:00-05:00,106.20522520720348,106.20522520720348,92.9978857075701,94.81958770751953,23700,0.0,0.0
2021-12-08 00:00:00-05:00,94.96532744933299,99.15524067022999,93.69924511202535,98.50853729248047,8700,0.0,0.0
2021-12-09 00:00:00-05:00,98.67249171129583,102.22481204483071,95.97637355204786,98.49942779541016,7900,0.0,0.0
2021-12-10 00:00:00-05:00,99.4376008970659,101.16821916768072,97.69787912000623,99.54690551757812,7800,0.0,0.0
2021-12-13 00:00:00-05:00,99.94767546077686,103.39979436510923,99.60154766036743,101.11356353759766,8100,0.0,0.0
2021-12-14 00:00:00-05:00,102.11533489574673,103.27478782394844,98.04333677804142,99.87991333007812,22600,2.0,0.0
2021-12-15 00:00:00-05:00,100.17674157893026,101.11358160666477,93.84148853806742,94.25889587402344,27600,0.0,0.0
2021-12-16 00:00:00-05:00,94.7690319097596,96.42936916063832,90.9010990858503,90.91964721679688,23100,0.0,0.0
2021-12-17 00:00:00-05:00,92.17186839315772,94.61135469703372,87.88652801513672,87.88652801513672,49400,0.0,0.0
2021-12-20 00:00:00-05:00,88.62857003346589,89.12944738824419,83.68466186523438,83.68466186523438,29700,0.0,0.0
2021-12-21 00:00:00-05:00,84.13917609170932,89.0274334168111,84.13917609170932,87.19085693359375,42500,0.0,0.0
2021-12-22 00:00:00-05:00,87.43202962291004,92.52434497381658,86.42098297537198,92.36666107177734,18200,0.0,0.0
2021-12-23 00:00:00-05:00,92.70985638093713,94.50932964970148,90.78980255126953,90.78980255126953,9900,0.0,0.0
2021-12-27 00:00:00-05:00,91.81010915510998,93.67450407140751,91.21646283983883,92.89535522460938,6400,0.0,0.0
2021-12-28 00:00:00-05:00,92.0234472571606,94.2310427993762,92.0234472571606,93.68378448486328,13500,0.0,0.0
2021-12-29 00:00:00-05:00,93.66523990221162,94.79685991221663,92.21823796792634,93.9435043334961,4800,0.0,0.0
2021-12-30 00:00:00-05:00,92.8489943808102,94.34237040381063,92.45014226764722,93.12726593017578,8200,0.0,0.0
2021-12-31 00:00:00-05:00,92.70058936477639,93.2200220489502,92.42231781154639,92.75624084472656,8400,0.0,0.0
2022-01-03 00:00:00-05:00,92.76550890529396,92.83043798413487,89.11091112749085,90.07557678222656,12900,0.0,0.0
2022-01-04 00:00:00-05:00,90.39095085661076,92.7562377499297,90.39095085661076,92.65420532226562,3400,0.0,0.0
2022-01-05 00:00:00-05:00,92.80261251581526,92.80261251581526,89.56541493879348,90.06629943847656,4000,0.0,0.0
2022-01-06 00:00:00-05:00,89.26860201040385,89.26860201040385,86.72708305529714,86.85694122314453,5200,0.0,0.0
2022-01-07 00:00:00-05:00,86.55083188730573,86.55083188730573,84.37106199993265,84.7420883178711,6800,0.0,0.0
2022-01-10 00:00:00-05:00,84.85339682807809,89.04597503906942,84.40816383911789,87.84014129638672,14600,0.0,0.0
2022-01-11 00:00:00-05:00,86.95896993905754,89.88079274435769,86.95896993905754,87.79377746582031,12500,0.0,0.0
2022-01-12 00:00:00-05:00,87.93292932902534,88.89758811793118,85.74388122558594,85.74388122558594,8400,0.0,0.0
2022-01-13 00:00:00-05:00,85.79952641033229,85.79952641033229,83.48989789709807,83.84236907958984,10100,0.0,0.0
2022-01-14 00:00:00-05:00,83.88875487178447,85.98504102921098,83.0168438561131,85.42850494384766,23700,0.0,0.0
2022-01-18 00:00:00-05:00,84.75135768592757,86.38386200343128,83.68465977929134,85.6139907836914,16100,0.0,0.0
2022-01-19 00:00:00-05:00,85.08530801339595,85.79952799755594,84.64007491650788,85.33574676513672,8500,0.0,0.0
2022-01-20 00:00:00-05:00,85.42849131775556,89.60252190732088,85.42849131775556,87.09810638427734,19400,0.0,0.0
2022-01-21 00:00:00-05:00,86.56939545214794,89.1016366937994,86.56939545214794,87.79377746582031,23100,0.0,0.0
2022-01-24 00:00:00-05:00,87.3763835124728,89.97356130878323,86.28185949389429,88.85121154785156,11100,0.0,0.0
2022-01-25 00:00:00-05:00,87.97928594926638,92.46869132495065,86.02212885872731,91.55967712402344,23900,0.0,0.0
2022-01-26 00:00:00-05:00,92.75623788602417,95.52964741732927,88.94395594276942,89.92716979980469,7300,0.0,0.0
2022-01-27 00:00:00-05:00,92.34809771021087,92.34809771021087,85.83661366223551,86.74562072753906,6000,0.0,0.0
2022-01-28 00:00:00-05:00,86.21693076386126,88.76772761577124,86.21693076386126,87.65465545654297,7300,0.0,0.0
2022-01-31 00:00:00-05:00,86.68998468600415,88.94396169548683,86.68998468600415,87.25579833984375,7300,0.0,0.0
2022-02-01 00:00:00-05:00,86.68998119437538,87.86798940724627,84.84413399689033,85.80879974365234,18800,0.0,0.0
2022-02-02 00:00:00-05:00,85.79952344633931,86.51374339261368,84.25049591064453,84.25049591064453,19700,0.0,0.0
2022-02-03 00:00:00-05:00,83.48060737221928,83.52698831812158,82.04288297011333,82.08926391601562,17800,0.0,0.0
2022-02-04 00:00:00-05:00,82.3211571828559,87.85870545182878,82.3211571828559,86.96824645996094,21200,0.0,0.0
2022-02-07 00:00:00-05:00,86.96824193057077,87.42274546929566,85.836614809194,86.55083465576172,8300,0.0,0.0
2022-02-08 00:00:00-05:00,86.71780619450651,89.85297161392737,86.71780619450651,88.53582763671875,27700,0.0,0.0
2022-02-09 00:00:00-05:00,90.00137855096479,93.59104758703943,89.13874523578744,92.44087219238281,14200,0.0,0.0
2022-02-10 00:00:00-05:00,92.52433793024524,92.52433793024524,87.74739074707031,87.74739074707031,13700,0.0,0.0
2022-02-11 00:00:00-05:00,89.05525696577598,89.05525696577598,87.11664811019058,87.74739074707031,11600,0.0,0.0
2022-02-14 00:00:00-05:00,88.58220039530003,89.04598154920212,85.96647497036177,87.19085693359375,19600,0.0,0.0
2022-02-15 00:00:00-05:00,87.65463994433833,89.47266125693815,87.19085878061168,89.02743530273438,15300,0.0,0.0
2022-02-16 00:00:00-05:00,89.02745175390613,89.04599989011753,88.48946380615234,88.48946380615234,5200,0.0,0.0
2022-02-17 00:00:00-05:00,88.67495802475636,88.76771284313251,86.72707853190104,86.95896911621094,5500,0.0,0.0
2022-02-18 00:00:00-05:00,86.23546219754988,87.40419259618452,84.20409863652225,84.26902770996094,26400,0.0,0.0
2022-02-22 00:00:00-05:00,83.94437519795186,88.28536637523588,82.84057396670451,85.79949951171875,12400,0.0,0.0
2022-02-23 00:00:00-05:00,86.93113606832819,86.93113606832819,83.48060333167417,83.71249389648438,7200,0.0,0.0
2022-02-24 00:00:00-05:00,82.83130330670205,86.1983513831292,82.56230943243148,85.456298828125,14300,0.0,0.0
2022-02-25 00:00:00-05:00,85.79952244608552,87.17231791898828,84.43600457871806,86.1427230834961,15500,0.0,0.0
2022-02-28 00:00:00-05:00,86.26329267911255,86.92186105358317,83.48988342285156,83.48988342285156,24400,0.0,0.0
2022-03-01 00:00:00-05:00,84.36177776711192,84.40815870698673,79.66831538268613,79.93730926513672,23400,0.0,0.0
2022-03-02 00:00:00-05:00,80.70719896412822,81.50490312071753,79.26947454599338,81.38431549072266,21600,0.0,0.0
2022-03-03 00:00:00-05:00,81.82955413610256,82.96118136977131,80.70720450770271,82.10781860351562,11700,0.0,0.0
2022-03-04 00:00:00-05:00,82.20985223243365,84.27831947978282,81.6440386073321,83.10031127929688,17900,0.0,0.0
2022-03-07 00:00:00-05:00,83.1095937060263,83.94440132237023,81.1338882446289,81.1338882446289,9000,0.0,0.0
2022-03-08 00:00:00-05:00,80.80923362543764,82.12637045009754,79.77036125679288,79.80746459960938,36100,0.0,0.0
2022-03-09 00:00:00-05:00,81.10606825091178,84.58442766821314,79.7425502270512,83.20235443115234,20100,0.0,0.0
2022-03-10 00:00:00-05:00,81.87592599268153,82.89625024495415,81.16170609282986,81.98723602294922,11300,0.0,0.0
2022-03-11 00:00:00-05:00,82.99827967063648,82.99827967063648,80.34545086407881,81.20808410644531,19400,0.0,0.0
2022-03-14 00:00:00-04:00,80.5773357932268,82.55304085252085,80.5773357932268,80.98545837402344,12200,0.0,0.0
2022-03-15 00:00:00-04:00,82.23766893716103,82.56231429532023,79.79817579569746,80.74429321289062,7000,0.0,0.0
2022-03-16 00:00:00-04:00,81.62548003601178,82.2283969288982,80.20631089039111,81.30083465576172,16400,0.0,0.0
2022-03-17 00:00:00-04:00,82.49206020910576,82.96668935191246,81.73824288247175,82.77125549316406,13100,0.29,0.0
2022-03-18 00:00:00-04:00,81.79407502335795,83.99038937446491,80.91926980378278,83.03182983398438,29700,0.0,0.0
2022-03-21 00:00:00-04:00,83.03183609767576,84.44640805922401,81.56142081774728,82.0174331665039,17000,0.0,0.0
2022-03-22 00:00:00-04:00,82.91084663830337,85.13508632362999,82.82709231261501,83.4785385131836,22400,0.0,0.0
2022-03-23 00:00:00-04:00,82.46413573418842,83.67397240472887,82.25008508623847,82.34315490722656,14200,0.0,0.0
2022-03-24 00:00:00-04:00,81.89644384247558,85.61900947167902,81.89644384247558,85.22814178466797,15300,0.0,0.0
2022-03-25 00:00:00-04:00,85.74000323234345,85.89821769162626,84.17652514821961,84.23236846923828,14700,0.0,0.0
2022-03-28 00:00:00-04:00,84.6790807979467,85.24677276611328,84.120697234241,85.24677276611328,5300,0.0,0.0
2022-03-29 00:00:00-04:00,85.61899704918821,85.62830544997519,83.84146881103516,83.84146881103516,10400,0.0,0.0
2022-03-30 00:00:00-04:00,86.16807879612969,86.16807879612969,82.82707977294922,82.82707977294922,7900,0.0,0.0
2022-03-31 00:00:00-04:00,82.72471806218853,84.59530936791225,82.72471806218853,83.62744140625,19900,0.0,0.0
2022-04-01 00:00:00-04:00,85.40495659002455,85.40495659002455,83.29240377480947,84.01830291748047,12800,0.0,0.0
2022-04-04 00:00:00-04:00,84.38126835230133,84.47433108804674,82.4548406114219,83.29241943359375,11700,0.0,0.0
2022-04-05 00:00:00-04:00,83.05973990701101,83.38546295718858,80.90065227410967,80.97510528564453,10900,0.0,0.0
2022-04-06 00:00:00-04:00,80.03515033975638,82.2407727365974,79.8490249232441,80.6307601928711,17500,0.0,0.0
2022-04-07 00:00:00-04:00,80.97512470535003,81.78477832421794,80.90998007969132,81.43113708496094,6400,0.0,0.0
2022-04-08 00:00:00-04:00,81.33806775257749,82.15702970876693,80.27713702060645,80.6959228515625,10200,0.0,0.0
2022-04-11 00:00:00-04:00,80.06308243064451,81.94298212692597,79.98862941093954,80.5470199584961,13000,0.0,0.0
2022-04-12 00:00:00-04:00,81.27291238916614,81.27291238916614,79.81180572509766,79.81180572509766,7000,0.0,0.0
2022-04-13 00:00:00-04:00,79.9048870959505,80.77038405444121,79.76528943808454,80.6866226196289,7700,0.0,0.0
2022-04-14 00:00:00-04:00,81.06818622853484,83.75773974797922,80.53772082747358,82.67819213867188,19700,0.0,0.0
2022-04-18 00:00:00-04:00,82.54788602857366,82.73401856124536,80.64938389693312,81.57071685791016,8200,0.0,0.0
2022-04-19 00:00:00-04:00,81.58004584869062,83.05976258067194,80.83552973056382,81.39391326904297,6100,0.0,0.0
2022-04-20 00:00:00-04:00,82.03604476569636,83.0969754445757,81.72893138490741,82.91084289550781,6000,0.0,0.0
2022-04-21 00:00:00-04:00,82.64095889452057,85.60970012282365,81.8033802171661,82.45482635498047,15100,0.0,0.0
2022-04-22 00:00:00-04:00,82.38036880288155,85.60969540871761,82.38036880288155,82.82707977294922,11900,0.0,0.0
2022-04-25 00:00:00-04:00,82.2873017354654,82.65025127309522,80.1933588182643,81.23567962646484,8500,0.0,0.0
2022-04-26 00:00:00-04:00,81.61723724669568,82.21284709664248,80.07237641721788,80.22127532958984,6900,0.0,0.0
2022-04-27 00:00:00-04:00,80.03516191123188,82.28731243770191,80.03516191123188,80.267822265625,12300,0.0,0.0
2022-04-28 00:00:00-04:00,80.40741107069833,81.5241778090877,79.84902770150364,80.1840591430664,13100,0.0,0.0
2022-04-29 00:00:00-04:00,80.1468566586758,80.31437242966216,77.90400700826018,78.72296905517578,24200,0.0,0.0
2022-05-02 00:00:00-04:00,78.37861648056497,79.13243371014258,77.6154908493223,77.95982360839844,10800,0.0,0.0
2022-05-03 00:00:00-04:00,78.08080873398308,78.62988370865251,77.67132427814155,77.8946762084961,7500,0.0,0.0
2022-05-04 00:00:00-04:00,77.62481902745358,78.72296929588296,77.15018982483566,78.31349182128906,14300,0.0,0.0
2022-05-05 00:00:00-04:00,77.84816919593578,78.54615037742911,76.90821921679321,78.02498626708984,15000,0.0,0.0
2022-05-06 00:00:00-04:00,77.24323964308512,77.95983042892547,77.24323964308512,77.66202545166016,11500,0.0,0.0
2022-05-09 00:00:00-04:00,78.63919312578842,78.63919312578842,76.63831282739397,77.2618408203125,11200,0.0,0.0
2022-05-10 00:00:00-04:00,77.56895989829167,79.08590993672699,77.44797907139463,78.73226165771484,14100,0.0,0.0
2022-05-11 00:00:00-04:00,78.85324941655666,80.58423589867213,78.68573367954802,79.15105438232422,6900,0.0,0.0
2022-05-12 00:00:00-04:00,79.01146025292317,79.01146025292317,77.24324008396694,78.17388153076172,5600,0.0,0.0
2022-05-13 00:00:00-04:00,78.45307671580476,78.45307671580476,77.51312686754477,78.0715103149414,7200,0.0,0.0
2022-05-16 00:00:00-04:00,79.61639648639064,79.61639648639064,78.32280515296733,78.35072326660156,6500,0.0,0.0
2022-05-17 00:00:00-04:00,78.60197475712489,80.47256602975492,78.28556007729918,78.90908813476562,10600,0.0,0.0
2022-05-18 00:00:00-04:00,78.19247899823178,80.2864219258115,76.96403276472752,77.4107437133789,16600,0.0,0.0
2022-05-19 00:00:00-04:00,77.45729936328988,78.52753146605629,77.05712321261173,77.43868255615234,10200,0.0,0.0
2022-05-20 00:00:00-04:00,77.70857300294891,78.12735887963852,77.24325220652406,77.8016357421875,6800,0.0,0.0
2022-05-23 00:00:00-04:00,78.07152827623412,78.89049038081254,76.63833926804757,78.0343017578125,6800,0.0,0.0
2022-05-24 00:00:00-04:00,77.24323784678076,77.4852066040039,77.12225701828446,77.4852066040039,4000,0.0,0.0
2022-05-25 00:00:00-04:00,77.01057802950656,77.99705566935151,77.01057802950656,77.47589874267578,5800,0.0,0.0
2022-05-26 00:00:00-04:00,77.47589928374062,78.15527065381364,77.1036412905594,77.46659088134766,8900,0.0,0.0
2022-05-27 00:00:00-04:00,77.63409190816486,79.14173329968011,77.63409190816486,79.01144409179688,10500,0.0,0.0
2022-05-31 00:00:00-04:00,78.9369971515435,81.2263739662391,78.62058250815551,80.16544342041016,11900,0.0,0.0
2022-06-01 00:00:00-04:00,79.03938032577183,80.38880761708833,78.73226693663715,79.1789779663086,6400,0.0,0.0
2022-06-02 00:00:00-04:00,78.54614197521356,80.62146849005605,78.54614197521356,80.40742492675781,7500,0.0,0.0
2022-06-03 00:00:00-04:00,79.46747230005944,80.11891847047956,78.6205922785133,79.10452270507812,5800,0.0,0.0
2022-06-06 00:00:00-04:00,79.1696619961165,79.76527191192646,78.65780639648438,78.65780639648438,5300,0.0,0.0
2022-06-07 00:00:00-04:00,78.19247554293544,78.9090732892807,78.19247554293544,78.2855453491211,5100,0.0,0.0
2022-06-08 00:00:00-04:00,77.82954496960085,79.13244447090925,77.55035678375472,77.6155014038086,7400,0.0,0.0
2022-06-09 00:00:00-04:00,78.01566804549451,78.10873076279958,77.42935943603516,77.42935943603516,7400,0.0,0.0
2022-06-10 00:00:00-04:00,77.42936571643057,77.44798252153974,76.4894229651101,76.52664947509766,14200,0.0,0.0
2022-06-13 00:00:00-04:00,76.29398632445323,77.24323744363502,75.56808005657243,75.83796691894531,22200,0.0,0.0
2022-06-14 00:00:00-04:00,76.16368292357517,76.96403503417969,75.38194761567112,76.96403503417969,16700,0.0,0.0
2022-06-15 00:00:00-04:00,77.43867787298075,78.37862777009796,75.94965290244875,77.70856475830078,8900,0.0,0.0
2022-06-16 00:00:00-04:00,77.0454961726321,79.24946487556846,76.79335041105638,79.00665283203125,20100,0.29,0.0
2022-06-17 00:00:00-04:00,79.00666415753425,81.52815775962222,78.11947631835938,78.11947631835938,15900,0.0,0.0
2022-06-21 00:00:00-04:00,78.6050870954107,78.8665737166776,77.2416160523932,77.86731719970703,9500,0.0,0.0
2022-06-22 00:00:00-04:00,77.17626027327664,79.3802295701641,75.00030638800577,78.87593078613281,13600,0.0,0.0
2022-06-23 00:00:00-04:00,79.0906968981596,80.6502826248446,76.89606217051781,79.28681182861328,10400,0.0,0.0
2022-06-24 00:00:00-04:00,77.99805620392635,81.71492088308332,77.99805620392635,81.21996307373047,72200,0.0,0.0
2022-06-27 00:00:00-04:00,81.84565950764895,83.9375593676756,81.2199584306505,83.0970687866211,7300,0.0,0.0
2022-06-28 00:00:00-04:00,82.58342988411029,82.58342988411029,81.44408933315738,81.45343017578125,3600,0.0,0.0
2022-06-29 00:00:00-04:00,81.77096511901522,81.77096511901522,79.04402273575813,80.02460479736328,7800,0.0,0.0
2022-06-30 00:00:00-04:00,79.26816682532692,80.98651915988887,78.66114719421007,80.22073364257812,8500,0.0,0.0
2022-07-01 00:00:00-04:00,79.40823287480573,79.40823287480573,78.05410260329258,79.13740539550781,5700,0.0,0.0
2022-07-05 00:00:00-04:00,78.44632443908645,78.91326684646197,78.44632443908645,78.89459228515625,6000,0.0,0.0
2022-07-06 00:00:00-04:00,78.44633014560233,79.61368624895951,78.19418436226672,78.7918701171875,4500,0.0,0.0
2022-07-07 00:00:00-04:00,77.44706102757299,79.93119070706982,77.44706102757299,79.19342803955078,5400,0.0,0.0
2022-07-08 00:00:00-04:00,78.49302325825447,78.49302325825447,77.34434177582709,77.84864044189453,4800,0.0,0.0
2022-07-11 00:00:00-04:00,77.60583626565943,78.99732281650324,77.60583626565943,77.82063293457031,4200,0.0,0.0
2022-07-12 00:00:00-04:00,78.25021294195999,78.25021294195999,76.65327069314154,76.85872650146484,4500,0.0,0.0
2022-07-13 00:00:00-04:00,77.51244258422204,78.92261070333791,76.14897155761719,76.14897155761719,4400,0.0,0.0
2022-07-14 00:00:00-04:00,78.1288021645163,78.1288021645163,74.80416758572342,76.55987548828125,6700,0.0,0.0
2022-07-15 00:00:00-04:00,77.38168986887274,78.11011882365253,76.01821900800738,77.19491577148438,8300,0.0,0.0
2022-07-18 00:00:00-04:00,76.84938275971463,76.91475441217251,75.28979681895078,75.39252471923828,14900,0.0,0.0
2022-07-19 00:00:00-04:00,76.57855751400902,78.44632720947266,76.57855751400902,78.44632720947266,5500,0.0,0.0
2022-07-20 00:00:00-04:00,77.69921136504647,79.13739479085069,77.69921136504647,78.43698120117188,5400,0.0,0.0
2022-07-21 00:00:00-04:00,78.11014805770436,80.47287618633642,78.11014805770436,80.31411743164062,5900,0.0,0.0
2022-07-22 00:00:00-04:00,82.14451301040269,84.07765442278173,79.94054412841797,79.94054412841797,10700,0.0,0.0
2022-07-25 00:00:00-04:00,79.94055223534703,82.31262092091983,79.94055223534703,80.23939514160156,5400,0.0,0.0
2022-07-26 00:00:00-04:00,82.04180341651177,83.79751193895666,79.38957319108412,80.31411743164062,5800,0.0,0.0
2022-07-27 00:00:00-04:00,80.6222748880947,83.60136249577143,80.51020614933576,83.1157455444336,6600,0.0,0.0
2022-07-28 00:00:00-04:00,82.92897627611443,85.59988747672865,82.92897627611443,83.56401824951172,4200,0.0,0.0
2022-07-29 00:00:00-04:00,86.76723897550741,86.76723897550741,82.94764649189489,85.30103302001953,7400,0.0,0.0
2022-08-01 00:00:00-04:00,87.30890559937463,87.30890559937463,81.28535027219488,85.61857604980469,3500,0.0,0.0
2022-08-02 00:00:00-04:00,83.218483973026,85.07691292822929,83.218483973026,83.81616973876953,3700,0.0,0.0
2022-08-03 00:00:00-04:00,84.14301299813336,86.24425364687963,84.14301299813336,84.55392456054688,4300,0.0,0.0
2022-08-04 00:00:00-04:00,84.51657380362062,84.98351620032571,83.02235955915945,83.35855865478516,4800,0.0,0.0
2022-08-05 00:00:00-04:00,83.1157578506298,84.3298110961914,83.1157578506298,84.3298110961914,2000,0.0,0.0
2022-08-08 00:00:00-04:00,85.20765372939447,86.20691025747186,83.11575361103148,86.0948486328125,7300,0.0,0.0
2022-08-09 00:00:00-04:00,85.95475195621938,85.95475195621938,83.69475260509914,84.4698715209961,3700,0.0,0.0
2022-08-10 00:00:00-04:00,84.46988901644222,85.76798849834394,84.46988901644222,85.63724517822266,3800,0.0,0.0
2022-08-11 00:00:00-04:00,85.72129101336408,87.14079284667969,85.70260932642617,87.14079284667969,2300,0.0,0.0
2022-08-12 00:00:00-04:00,87.38362317195269,89.24205241217686,84.66602140232591,88.9618911743164,5600,0.0,0.0
2022-08-15 00:00:00-04:00,87.86922873004079,90.6148526756841,87.58906752893988,88.78443908691406,3200,0.0,0.0
2022-08-16 00:00:00-04:00,87.78518071584097,89.09262100256153,87.78518071584097,88.27079772949219,3600,0.0,0.0
2022-08-17 00:00:00-04:00,86.29098215422488,87.91594018595038,86.29098215422488,87.0380859375,3000,0.0,0.0
2022-08-18 00:00:00-04:00,86.57112280761372,88.70038625213331,85.5064946478419,86.75790405273438,4500,0.0,0.0
2022-08-19 00:00:00-04:00,85.77731512169653,87.81318421531599,84.5539283469672,86.64582824707031,5900,0.0,0.0
2022-08-22 00:00:00-04:00,88.5976540011473,88.5976540011473,85.076904296875,85.076904296875,4700,0.0,0.0
2022-08-23 00:00:00-04:00,85.08625011860772,85.08625011860772,84.34848022460938,84.34848022460938,3500,0.0,0.0
2022-08-24 00:00:00-04:00,86.17889467294376,86.17889467294376,85.3570785522461,85.3570785522461,1700,0.0,0.0
2022-08-25 00:00:00-04:00,86.90732925223791,87.38361256123777,83.89088492018412,85.63724517822266,5200,0.0,0.0
2022-08-26 00:00:00-04:00,84.99286792539309,84.99286792539309,83.2371597290039,83.2371597290039,2800,0.0,0.0
2022-08-29 00:00:00-04:00,83.12508821846156,84.39517211914062,82.18186257347735,84.39517211914062,3100,0.0,0.0
2022-08-30 00:00:00-04:00,83.11575198703342,84.04963684082031,83.11575198703342,84.04963684082031,2500,0.0,0.0
2022-08-31 00:00:00-04:00,85.44111657633927,86.589797991389,85.31971411986062,85.82401275634766,7700,0.0,0.0
2022-09-01 00:00:00-04:00,83.15308723203322,84.18035888671875,83.15308723203322,84.18035888671875,2300,0.0,0.0
2022-09-02 00:00:00-04:00,84.16169265589521,85.10491108330135,81.74292755126953,81.74292755126953,4400,0.0,0.0
2022-09-06 00:00:00-04:00,83.11575098362052,83.11575098362052,80.06195068359375,80.06195068359375,3000,0.0,0.0
2022-09-07 00:00:00-04:00,80.84639785622164,83.47061157226562,80.84639785622164,83.47061157226562,3700,0.0,0.0
2022-09-08 00:00:00-04:00,82.45268820463798,85.54384455107365,82.45268820463798,83.1157455444336,2900,0.0,0.0
2022-09-09 00:00:00-04:00,82.6488030775267,85.82401275634766,82.6488030775267,85.82401275634766,4300,0.0,0.0
2022-09-12 00:00:00-04:00,86.85128972187759,87.69178749901997,84.85277674343676,87.30889129638672,2200,0.0,0.0
2022-09-13 00:00:00-04:00,85.5158424912938,85.89873873140137,81.80831819063486,82.30327606201172,5400,0.0,0.0
2022-09-14 00:00:00-04:00,81.86434312050314,82.83557702036887,80.70632086493745,81.25731658935547,3200,0.0,0.0
2022-09-15 00:00:00-04:00,82.33489938885609,82.33489938885609,80.69513531207502,82.18497467041016,6000,0.29,0.0
2022-09-16 00:00:00-04:00,82.18497207675618,82.18497207675618,79.69253447608527,81.05119323730469,9700,0.0,0.0
2022-09-19 00:00:00-04:00,82.28803403745106,83.11259842134719,82.11000024765411,82.17559051513672,5200,0.0,0.0
2022-09-20 00:00:00-04:00,81.5196762084961,81.80078139977033,81.14487166973112,81.5196762084961,3500,0.0,0.0
2022-09-21 00:00:00-04:00,81.5196762084961,83.04699630412105,81.42597686100535,81.5196762084961,7300,0.0,0.0
2022-09-22 00:00:00-04:00,80.61078578176694,81.52905663835328,80.61078578176694,81.38850402832031,4100,0.0,0.0
2022-09-23 00:00:00-04:00,80.19850508404267,81.05118572950109,79.54260239430786,79.97362518310547,6200,0.0,0.0
2022-09-26 00:00:00-04:00,80.58267906934569,81.36039733886719,80.53582581501676,81.36039733886719,5100,0.0,0.0
2022-09-27 00:00:00-04:00,85.47385015230273,85.47385015230273,81.5196762084961,81.5196762084961,3800,0.0,0.0
2022-09-28 00:00:00-04:00,79.74873778296998,83.39369770631951,79.7112566115378,82.9251937866211,6900,0.0,0.0
2022-09-29 00:00:00-04:00,80.95749870639291,82.50356345220055,79.70190417477065,81.1448974609375,6000,0.0,0.0
2022-09-30 00:00:00-04:00,81.51968761246002,81.98819156425576,79.93614196777344,79.93614196777344,5200,0.0,0.0
2022-10-03 00:00:00-04:00,80.30156324471042,81.5196762084961,80.30156324471042,81.5196762084961,3600,0.0,0.0
2022-10-04 00:00:00-04:00,81.19173233343452,83.39369937019025,80.98558946084584,81.30416870117188,5500,0.0,0.0
2022-10-05 00:00:00-04:00,79.7112557905007,80.81692531555254,79.28023304667406,80.10479736328125,4000,0.0,0.0
2022-10-06 00:00:00-04:00,80.56393866803869,80.56393866803869,77.78102418971038,78.20267486572266,3800,0.0,0.0
2022-10-07 00:00:00-04:00,78.05276434881618,78.05276434881618,76.30055692548733,77.25630187988281,6800,0.0,0.0
2022-10-10 00:00:00-04:00,75.9351205594565,78.68992605441183,75.59779714583736,77.3968505859375,8500,0.0,0.0
2022-10-11 00:00:00-04:00,77.6779587399441,80.11417792546064,77.6779587399441,78.89606475830078,6700,0.0,0.0
2022-10-12 00:00:00-04:00,79.1584243774414,79.1584243774414,79.1584243774414,79.1584243774414,1500,0.0,0.0
2022-10-13 00:00:00-04:00,78.84921826074418,81.08866662794927,78.84921826074418,79.4582748413086,4600,0.0,0.0
2022-10-14 00:00:00-04:00,78.67118084855507,78.67118084855507,78.24015808105469,78.24015808105469,3000,0.0,0.0
2022-10-17 00:00:00-04:00,78.8211129634967,82.40984805339016,77.81851472213997,81.98819732666016,17900,0.0,0.0
2022-10-18 00:00:00-04:00,82.45671111334434,82.48482021196065,80.20789028958318,81.379150390625,5400,0.0,0.0
2022-10-19 00:00:00-04:00,80.8544212671869,83.39371209213593,80.33906400709603,81.0980453491211,4900,0.0,0.0
2022-10-20 00:00:00-04:00,81.96006729319392,81.98817638128781,80.11416092114409,80.9480972290039,5400,0.0,0.0
2022-10-21 00:00:00-04:00,81.42598819759809,81.66024017333984,81.42598819759809,81.66024017333984,3500,0.0,0.0
2022-10-24 00:00:00-04:00,81.98820415029076,86.34529300060989,81.98820415029076,86.01734161376953,9100,0.0,0.0
2022-10-25 00:00:00-04:00,87.18859478443852,88.92205810546875,86.20473355284659,88.92205810546875,6700,0.0,0.0
2022-10-26 00:00:00-04:00,90.42125965949069,91.82677146766929,89.03448486328125,89.03448486328125,6600,0.0,0.0
2022-10-27 00:00:00-04:00,89.0157416473846,89.59668906117844,87.11361694335938,87.11361694335938,7500,0.0,0.0
2022-10-28 00:00:00-04:00,86.86062570962689,89.86842722934307,84.83669245063577,84.90228271484375,17100,0.0,0.0
2022-10-31 00:00:00-04:00,83.96528343627621,86.48583712334826,82.89709493926648,83.90906524658203,8200,0.0,0.0
2022-11-01 00:00:00-04:00,83.95590414209764,87.01992389565012,83.44055410030204,83.9933853149414,4500,0.0,0.0
2022-11-02 00:00:00-04:00,83.44054541614734,83.87156813578743,82.67219932482335,83.11258697509766,3400,0.0,0.0
2022-11-03 00:00:00-04:00,82.45668013760348,83.86219173085809,81.81014251708984,81.81014251708984,2900,0.0,0.0
2022-11-04 00:00:00-04:00,80.02984429763073,84.32133483886719,80.02984429763073,84.32133483886719,4300,0.0,0.0
2022-11-07 00:00:00-05:00,84.12456077294571,84.63991793246905,83.49676725047354,83.68416595458984,8200,0.0,0.0
2022-11-08 00:00:00-05:00,83.68416885834351,83.86220263759321,82.0818862915039,82.0818862915039,3900,0.0,0.0
2022-11-09 00:00:00-05:00,81.06055251273672,81.06055251273672,79.94551086425781,79.94551086425781,3300,0.0,0.0
2022-11-10 00:00:00-05:00,82.00693851610397,86.9074935913086,81.54780658936214,86.9074935913086,8200,0.0,0.0
2022-11-11 00:00:00-05:00,87.0386705523481,87.8726070813221,85.81119238811065,86.18599700927734,3500,0.0,0.0
2022-11-14 00:00:00-05:00,86.46707608605249,87.60085463270569,81.09802555397737,83.02825927734375,6700,0.0,0.0
2022-11-15 00:00:00-05:00,84.26510789608663,85.2677059103997,84.23699880717722,84.36817932128906,3200,0.0,0.0
2022-11-16 00:00:00-05:00,83.43119295291521,85.13654722236521,83.10324158356016,84.34945678710938,6200,0.0,0.0
2022-11-17 00:00:00-05:00,83.58108705882785,84.33069610595703,83.3936883714464,84.33069610595703,3100,0.0,0.0
2022-11-18 00:00:00-05:00,85.0896944791827,86.86063903324748,84.33072028424172,86.73883056640625,4100,0.0,0.0
2022-11-21 00:00:00-05:00,85.64251877473127,85.9704700919154,85.64251877473127,85.74559020996094,2200,0.0,0.0
2022-11-22 00:00:00-05:00,86.93558502197266,86.93558502197266,86.93558502197266,86.93558502197266,1400,0.0,0.0
2022-11-23 00:00:00-05:00,86.27031443343866,87.05740476278837,85.2677162969975,85.93299102783203,2300,0.0,0.0
2022-11-25 00:00:00-05:00,84.79922488713491,84.79922488713491,84.1526870727539,84.1526870727539,800,0.0,0.0
2022-11-28 00:00:00-05:00,83.76850585268684,83.76850585268684,80.72323024447084,82.85023498535156,6200,0.0,0.0
2022-11-29 00:00:00-05:00,83.04701829254964,83.04701829254964,82.92520982344053,82.9439468383789,2200,0.0,0.0
2022-11-30 00:00:00-05:00,82.97205177605458,83.44992065429688,81.34165289526582,83.44992065429688,3400,0.0,0.0
2022-12-01 00:00:00-05:00,84.01214043564973,85.64253234863281,84.01214043564973,85.64253234863281,3800,0.0,0.0
2022-12-02 00:00:00-05:00,83.30001068115234,83.30001068115234,83.30001068115234,83.30001068115234,1200,0.0,0.0
2022-12-05 00:00:00-05:00,84.12456980870137,96.9803195988502,84.12456980870137,95.46236419677734,26700,0.0,0.0
2022-12-06 00:00:00-05:00,95.99643782199574,102.60234509151822,91.1240005493164,91.1240005493164,27800,0.0,0.0
2022-12-07 00:00:00-05:00,91.10528812649763,96.04331698606366,91.10528812649763,92.67008972167969,5200,0.0,0.0
2022-12-08 00:00:00-05:00,93.23229093994588,95.57481081280885,93.23229093994588,95.15316009521484,4900,0.0,0.0
2022-12-09 00:00:00-05:00,92.7637885566553,96.51182041753026,92.7637885566553,93.81324005126953,5800,0.0,0.0
2022-12-12 00:00:00-05:00,95.47173645217754,96.5586690714324,92.1453554747302,93.1573257446289,11500,0.0,0.0
2022-12-13 00:00:00-05:00,93.79449185012336,96.09953048745695,91.7330772749219,91.8642578125,28200,0.0,0.0
2022-12-14 00:00:00-05:00,91.92985004000771,93.3072528627288,89.81221008300781,89.81221008300781,4700,0.0,0.0
2022-12-15 00:00:00-05:00,92.87158573009066,94.1216553801858,88.82061601397403,91.35834503173828,5700,0.295,0.0
2022-12-16 00:00:00-05:00,90.70039595009251,93.59529113769531,89.68530171482324,93.59529113769531,15600,0.0,0.0
2022-12-19 00:00:00-05:00,90.94478670921961,90.94478670921961,87.53294284261851,89.5725326538086,4200,0.0,0.0
2022-12-20 00:00:00-05:00,87.95590071746295,91.96927316299346,87.95590071746295,89.29055786132812,4700,0.0,0.0
2022-12-21 00:00:00-05:00,89.7605141739076,91.91288757324219,89.7605141739076,91.91288757324219,2900,0.0,0.0
2022-12-22 00:00:00-05:00,90.60643441543263,91.01059202780638,87.66454045645379,89.62893676757812,3300,0.0,0.0
2022-12-23 00:00:00-05:00,88.16269430661143,89.95790103241679,87.90891708528962,87.92771911621094,6100,0.0,0.0
2022-12-27 00:00:00-05:00,88.3882410178269,89.08376535745649,87.90888977050781,87.90888977050781,2800,0.0,0.0
2022-12-28 00:00:00-05:00,90.41844303394595,91.90348783734248,87.46715545654297,87.46715545654297,6900,0.0,0.0
2022-12-29 00:00:00-05:00,88.94279911870113,90.86959838867188,88.91460324552929,90.86959838867188,4100,0.0,0.0
2022-12-30 00:00:00-05:00,90.87899747843902,96.24582940828763,90.87899747843902,94.48821258544922,13300,0.0,0.0
2023-01-03 00:00:00-05:00,94.92996542189279,94.92996542189279,90.4654373451206,91.88468933105469,9200,0.0,0.0
2023-01-04 00:00:00-05:00,94.45060993043107,95.31532393819265,93.26634032938102,94.27203369140625,5100,0.0,0.0
2023-01-05 00:00:00-05:00,94.112241639009,94.112241639009,93.70808410644531,93.70808410644531,1400,0.0,0.0
2023-01-06 00:00:00-05:00,93.70808658968865,94.92055921950998,92.25124496783944,93.2381362915039,3800,0.0,0.0
2023-01-09 00:00:00-05:00,91.6591040118427,94.53520474458958,78.95165096421489,82.86164093017578,68400,0.0,0.0
2023-01-10 00:00:00-05:00,81.57397178663625,84.8260269165039,81.57397178663625,84.8260269165039,3400,0.0,0.0
2023-01-11 00:00:00-05:00,87.16637808868954,87.16637808868954,81.89353524262862,84.07410430908203,3900,0.0,0.0
2023-01-12 00:00:00-05:00,84.46887953047313,86.42386756067876,83.8203457448091,85.67195129394531,4300,0.0,0.0
2023-01-13 00:00:00-05:00,83.93314068733666,86.94082024923084,81.53639088238675,84.6944580078125,10600,0.0,0.0
2023-01-17 00:00:00-05:00,89.76052003608353,89.76052003608353,86.28289019099304,87.4013671875,5300,0.0,0.0
2023-01-18 00:00:00-05:00,86.37687819937855,88.33187343150487,84.64745713376728,85.54036712646484,18800,0.0,0.0
2023-01-19 00:00:00-05:00,87.19459096970294,87.19459096970294,84.87304209953774,86.84683227539062,4600,0.0,0.0
2023-01-20 00:00:00-05:00,87.18519662050522,88.80182707717853,85.44638164638522,88.63264465332031,6900,0.0,0.0
2023-01-23 00:00:00-05:00,87.3637577209209,88.59503238056706,85.14559173583984,85.14559173583984,11400,0.0,0.0
2023-01-24 00:00:00-05:00,84.2715072631836,84.2715072631836,84.2715072631836,84.2715072631836,3200,0.0,0.0
2023-01-25 00:00:00-05:00,84.5816527787857,86.07609845797543,84.02711486816406,84.02711486816406,3100,0.0,0.0
2023-01-26 00:00:00-05:00,83.60416838168494,84.63806493766475,82.51388724657025,83.41619110107422,3500,0.0,0.0
2023-01-27 00:00:00-05:00,82.70185006270526,85.88811245663591,81.77135049594054,83.95191955566406,7500,0.0,0.0
2023-01-30 00:00:00-05:00,84.47826771398802,86.44266379840043,81.7995522996737,83.8767318725586,7000,0.0,0.0
2023-01-31 00:00:00-05:00,85.24898982049936,90.08007879942798,84.61925807842702,86.59304809570312,9100,0.0,0.0
2023-02-01 00:00:00-05:00,86.47085108778751,87.50474026444532,86.47085108778751,87.119384765625,5700,0.0,0.0
2023-02-02 00:00:00-05:00,87.56115678311993,90.67222595214844,87.56115678311993,90.67222595214844,5600,0.0,0.0
2023-02-03 00:00:00-05:00,89.73231969287171,90.41844317836886,88.46345520019531,88.46345520019531,4100,0.0,0.0
2023-02-06 00:00:00-05:00,82.7112719729464,86.77164321932881,82.7112719729464,86.28289794921875,7400,0.0,0.0
2023-02-07 00:00:00-05:00,86.28288727098015,88.28487318377519,85.54036485624793,87.54235076904297,8700,0.0,0.0
2023-02-08 00:00:00-05:00,85.63433808567258,85.92570495605469,84.4312665514693,85.92570495605469,6800,0.0,0.0
2023-02-09 00:00:00-05:00,86.19828643490978,86.19828643490978,84.21509552001953,84.21509552001953,3600,0.0,0.0
2023-02-10 00:00:00-05:00,84.98581394850304,85.7095414552947,84.30908434195028,84.421875,5300,0.0,0.0
2023-02-13 00:00:00-05:00,85.06100472786224,85.06100472786224,83.7733383178711,83.7733383178711,5500,0.0,0.0
2023-02-14 00:00:00-05:00,83.9425298161202,83.9425298161202,82.26010669071414,82.52328491210938,7100,0.0,0.0
2023-02-15 00:00:00-05:00,82.52328327869435,86.04791085886285,81.32960538918832,85.0610122680664,28600,0.0,0.0
2023-02-16 00:00:00-05:00,85.49336910274997,87.95591158426141,84.2527004323345,86.65884399414062,14900,0.0,0.0
2023-02-17 00:00:00-05:00,87.06300847868935,89.57254906329122,85.53097275697468,86.00092315673828,13500,0.0,0.0
2023-02-21 00:00:00-05:00,82.59847326316581,87.22279028740182,82.59847326316581,85.54036712646484,6800,0.0,0.0
2023-02-22 00:00:00-05:00,85.99150538921512,86.03850328838561,83.71694761846716,84.72264099121094,8600,0.0,0.0
2023-02-23 00:00:00-05:00,84.38428497314453,84.38428497314453,84.38428497314453,84.38428497314453,4400,0.0,0.0
2023-02-24 00:00:00-05:00,81.79014818769981,81.90293884277344,81.79014818769981,81.90293884277344,4500,0.0,0.0
2023-02-27 00:00:00-05:00,83.01203301772539,86.42387012026383,83.01203301772539,85.90692901611328,8000,0.0,0.0
2023-02-28 00:00:00-05:00,85.77533866049373,86.97841039191131,83.05902625009436,86.26408386230469,8400,0.0,0.0
2023-03-01 00:00:00-05:00,86.2828814760986,86.38627111999557,85.3617756952545,85.91632080078125,5200,0.0,0.0
2023-03-02 00:00:00-05:00,85.47458200318603,88.73603896302332,85.47458200318603,87.77733612060547,6600,0.0,0.0
2023-03-03 00:00:00-05:00,88.73602255031437,90.23046112060547,88.71722052189216,90.23046112060547,4000,0.0,0.0
2023-03-06 00:00:00-05:00,90.23046728178096,90.40905070962226,87.06299933839573,87.62694549560547,24600,0.0,0.0
2023-03-07 00:00:00-05:00,87.03479372526553,87.97469432093983,79.71296722445805,82.61726379394531,37700,0.0,0.0
2023-03-08 00:00:00-05:00,81.87475736777073,84.16811756140117,75.89698784437654,83.27520751953125,102100,0.0,0.0
2023-03-09 00:00:00-05:00,83.18120574942685,85.75653146760993,83.18120574942685,85.08920288085938,12100,0.0,0.0
2023-03-10 00:00:00-05:00,83.09662826863175,85.85993158144619,83.09662826863175,84.1211166381836,8300,0.0,0.0
2023-03-13 00:00:00-04:00,81.77135236075755,86.41446362856482,81.77135236075755,83.65115356445312,37100,0.0,0.0
2023-03-14 00:00:00-04:00,85.01402190761165,87.95591591155085,84.86364151303701,86.47087097167969,14500,0.0,0.0
2023-03-15 00:00:00-04:00,87.06299264484265,87.1569884443999,85.0704079015889,86.37686920166016,8700,0.0,0.0
2023-03-16 00:00:00-04:00,87.43766390465377,89.16321563720703,87.43766390465377,89.16321563720703,3900,0.295,0.0
2023-03-17 00:00:00-04:00,88.63517818966427,89.31408708853445,86.83418334994113,87.22078704833984,8700,0.0,0.0
2023-03-20 00:00:00-04:00,88.04114041004053,88.04114041004053,88.02227783203125,88.02227783203125,3400,0.0,0.0
2023-03-21 00:00:00-04:00,87.11707195479136,88.48431396484375,86.29672243238034,88.48431396484375,5100,0.0,0.0
2023-03-22 00:00:00-04:00,88.48431140436963,88.48431140436963,85.43865966796875,85.43865966796875,2200,0.0,0.0
2023-03-23 00:00:00-04:00,85.43865673267601,86.77761198375552,84.86347041324676,85.16520690917969,4400,0.0,0.0
2023-03-24 00:00:00-04:00,84.91062571485722,88.35230539395467,84.52402198009575,87.6073989868164,5900,0.0,0.0
2023-03-27 00:00:00-04:00,87.69224113493024,88.61631307782554,85.43864540601211,87.4753646850586,3000,0.0,0.0
2023-03-28 00:00:00-04:00,87.69226961581084,88.59747927760124,85.68383635314777,86.3721694946289,3900,0.0,0.0
2023-03-29 00:00:00-04:00,86.37215227378418,89.04063866197993,86.37215227378418,89.0123519897461,3400,0.0,0.0
2023-03-30 00:00:00-04:00,88.18258029880985,90.94535827636719,87.90913764313778,90.94535827636719,5000,0.0,0.0
2023-03-31 00:00:00-04:00,91.36966896317963,91.42624230663667,89.3612289428711,89.3612289428711,6800,0.0,0.0
2023-04-03 00:00:00-04:00,90.11558814106927,90.11558814106927,88.44660949707031,88.44660949707031,3700,0.0,0.0
2023-04-04 00:00:00-04:00,87.69225996474127,87.69225996474127,85.80640491173608,87.55081939697266,6600,0.0,0.0
2023-04-05 00:00:00-04:00,86.02327759973228,87.53196013655044,85.06148753665923,87.33394622802734,9700,0.0,0.0
2023-04-06 00:00:00-04:00,86.89077604288501,86.89077604288501,86.60789489746094,86.60789489746094,2500,0.0,0.0
2023-04-10 00:00:00-04:00,85.8912561171074,87.9468382015842,85.10863181788068,85.71210479736328,4800,0.0,0.0
2023-04-11 00:00:00-04:00,87.58854078692792,88.65404634372035,85.71211695011066,88.25801849365234,12300,0.0,0.0
2023-04-12 00:00:00-04:00,88.4560231241335,91.46396403732696,88.4560231241335,90.99250030517578,7200,0.0,0.0
2023-04-13 00:00:00-04:00,91.4639683049577,92.51061841468635,90.99250455080843,91.84114074707031,15400,0.0,0.0
2023-04-14 00:00:00-04:00,92.40690094085402,92.40690094085402,91.50169134593386,91.6619873046875,5300,0.0,0.0
2023-04-17 00:00:00-04:00,91.11509280228547,92.87837003128617,91.11509280228547,91.8222885131836,3600,0.0,0.0
2023-04-18 00:00:00-04:00,92.50117738253967,92.50117738253967,89.07835347775514,89.6629638671875,2600,0.0,0.0
2023-04-19 00:00:00-04:00,89.91755654796786,90.84162136218511,89.5781021118164,89.5781021118164,1500,0.0,0.0
2023-04-20 00:00:00-04:00,92.6897624181438,92.6897624181438,90.52102661132812,90.52102661132812,2300,0.0,0.0
2023-04-21 00:00:00-04:00,90.15328649667552,93.34980970813382,87.69224548339844,87.69224548339844,11100,0.0,0.0
2023-04-24 00:00:00-04:00,87.81484364706027,90.35132115988046,87.81484364706027,88.72948455810547,3600,0.0,0.0
2023-04-25 00:00:00-04:00,87.80541471994053,89.26694808399117,85.80640575429828,88.6634750366211,9400,0.0,0.0
2023-04-26 00:00:00-04:00,89.30466674487224,89.43667602539062,88.53146644727894,89.43667602539062,1900,0.0,0.0
2023-04-27 00:00:00-04:00,89.90813826535096,89.90813826535096,86.80590583808306,89.10665130615234,7100,0.0,0.0
2023-04-28 00:00:00-04:00,86.64559789274743,89.42723083496094,86.64559789274743,89.42723083496094,2000,0.0,0.0
2023-05-01 00:00:00-04:00,91.40740219157462,91.44512015816791,87.72055188920343,90.23816680908203,4800,0.0,0.0
2023-05-02 00:00:00-04:00,89.39894749512601,90.5210334408893,88.67289653808032,89.16321563720703,3800,0.0,0.0
2023-05-03 00:00:00-04:00,89.0689229764167,89.51210001358979,87.90912628173828,87.90912628173828,3500,0.0,0.0
2023-05-04 00:00:00-04:00,89.5309594066895,89.5309594066895,86.27786254882812,86.27786254882812,3800,0.0,0.0
2023-05-05 00:00:00-04:00,86.65503299922334,89.52153327429144,86.65503299922334,88.33344268798828,4400,0.0,0.0
2023-05-08 00:00:00-04:00,88.25801849365234,88.25801849365234,88.25801849365234,88.25801849365234,1500,0.0,0.0
2023-05-09 00:00:00-04:00,88.11656447354002,89.51210021972656,87.74882335545705,89.51210021972656,1800,0.0,0.0
2023-05-10 00:00:00-04:00,89.29522377251493,90.09671783447266,89.12549654920174,90.09671783447266,2900,0.0,0.0
2023-05-11 00:00:00-04:00,86.50416037739866,88.63517838261001,86.31557776906436,86.34386444091797,3500,0.0,0.0
2023-05-12 00:00:00-04:00,85.82526256192509,86.4193115234375,85.82526256192509,86.4193115234375,2700,0.0,0.0
2023-05-15 00:00:00-04:00,85.58009572203031,88.53145599365234,85.47637312901804,88.53145599365234,5500,0.0,0.0
2023-05-16 00:00:00-04:00,88.06942080702618,88.06942080702618,86.33443064606205,88.0128402709961,1800,0.0,0.0
2023-05-17 00:00:00-04:00,88.43716001959018,89.0877822152282,87.45651467905063,88.80490112304688,7400,0.0,0.0
2023-05-18 00:00:00-04:00,88.39001016732215,88.63517329926862,87.69224592374448,88.37115478515625,3100,0.0,0.0
2023-05-19 00:00:00-04:00,88.7483346407634,88.87091262006692,87.22078957407098,87.44709014892578,4000,0.0,0.0
2023-05-22 00:00:00-04:00,87.14536617677507,88.75777149305642,86.4098838073099,88.43717956542969,4400,0.0,0.0
2023-05-23 00:00:00-04:00,87.42824767035964,88.38060655465,87.22080244863633,87.56025695800781,5000,0.0,0.0
2023-05-24 00:00:00-04:00,87.22079132503549,88.16371879881966,87.19250465185648,88.06942749023438,6500,0.0,0.0
2023-05-25 00:00:00-04:00,87.5602475152519,88.62575299178108,87.5602475152519,88.15428924560547,2800,0.0,0.0
2023-05-26 00:00:00-04:00,89.03120055219257,89.83268737792969,88.72946408153983,89.83268737792969,4100,0.0,0.0
2023-05-30 00:00:00-04:00,88.38058562941914,88.96519599517092,86.42872625964404,87.69224548339844,11400,0.0,0.0
2023-05-31 00:00:00-04:00,87.51309826304801,88.15428924560547,84.54288241731433,88.15428924560547,18600,0.0,0.0
2023-06-01 00:00:00-04:00,88.95576593382066,88.95576593382066,88.16371038453872,88.55973815917969,3000,0.0,0.0
2023-06-02 00:00:00-04:00,89.10663841649105,90.22872431343421,88.6351747211657,89.5781021118164,7900,0.0,0.0
2023-06-05 00:00:00-04:00,89.57811559849556,90.53047442074798,87.93742370605469,87.93742370605469,13600,0.0,0.0
2023-06-06 00:00:00-04:00,89.21037505737895,90.94535827636719,89.21037505737895,90.94535827636719,5400,0.0,0.0
2023-06-07 00:00:00-04:00,91.4356785879679,94.057015822771,90.34187926163713,94.0475845336914,19400,0.0,0.0
2023-06-08 00:00:00-04:00,93.5478245810352,93.92499697212861,92.3691653550964,93.62326049804688,4300,0.0,0.0
2023-06-09 00:00:00-04:00,93.86842412557488,94.2738831891912,91.57711029052734,91.57711029052734,7200,0.0,0.0
2023-06-12 00:00:00-04:00,92.30318427728587,93.32154783488323,92.30318427728587,92.54834747314453,4600,0.0,0.0
2023-06-13 00:00:00-04:00,93.58555148730834,94.84907084521733,90.97364555824674,94.24559783935547,11200,0.0,0.0
2023-06-14 00:00:00-04:00,94.2927499283148,94.36818585480928,88.64461622191921,90.14386749267578,9300,0.0,0.0
2023-06-15 00:00:00-04:00,90.51748851117942,91.74709159429788,89.93106842041016,89.93106842041016,5500,0.295,0.0
2023-06-16 00:00:00-04:00,89.24058089444107,90.09184385442242,89.0324935913086,89.0324935913086,13700,0.0,0.0
2023-06-20 00:00:00-04:00,89.77973013217441,91.3687522237277,88.40825586735241,89.88377380371094,13800,0.0,0.0
2023-06-21 00:00:00-04:00,90.97147915095401,90.97147915095401,88.65415906788347,88.6730728149414,8600,0.0,0.0
2023-06-22 00:00:00-04:00,88.90954625223446,89.28788619017165,88.40824890136719,88.40824890136719,3600,0.0,0.0
2023-06-23 00:00:00-04:00,88.09610322593184,88.90953143121823,82.79936662646756,83.00745391845703,55100,0.0,0.0
2023-06-26 00:00:00-04:00,83.68846912251485,85.59907513830451,82.90341509929517,85.11669158935547,23400,0.0,0.0
2023-06-27 00:00:00-04:00,86.45034315210968,86.9705542265256,85.6936633141163,86.7435531616211,12500,0.0,0.0
2023-06-28 00:00:00-04:00,86.6395097194184,88.90954202282232,86.6395097194184,87.20701599121094,9700,0.0,0.0
2023-06-29 00:00:00-04:00,87.89749471803896,89.1933067140138,86.12875958406029,87.67994689941406,11500,0.0,0.0
2023-06-30 00:00:00-04:00,88.1528549194336,88.53119480819923,87.72722705471799,88.1528549194336,8800,0.0,0.0
2023-07-03 00:00:00-04:00,88.13394488520743,88.34203219360649,87.4907692120801,87.91639709472656,4200,0.0,0.0
2023-07-05 00:00:00-04:00,87.96368587969818,89.35408077884551,87.5853460025604,88.34202575683594,14000,0.0,0.0
2023-07-06 00:00:00-04:00,87.9258496181555,88.7865730038549,87.17863035846356,88.43660736083984,7600,0.0,0.0
2023-07-07 00:00:00-04:00,88.88116486422052,89.37300169257894,88.37986755371094,88.37986755371094,12600,0.0,0.0
2023-07-10 00:00:00-04:00,88.37987686366317,88.67308689513479,88.20962424817515,88.25691223144531,10700,0.0,0.0
2023-07-11 00:00:00-04:00,88.67307044324413,88.9000714830336,87.44346764660463,88.34202575683594,11900,0.0,0.0
2023-07-12 00:00:00-04:00,89.27840955079195,89.9594198725915,88.90953016252266,88.9284439086914,12500,0.0,0.0
2023-07-13 00:00:00-04:00,89.85538093380924,89.85538093380924,89.34462316571118,89.60945892333984,7000,0.0,0.0
2023-07-14 00:00:00-04:00,89.42976203713141,93.63877478490902,89.38246684014042,93.40231323242188,37800,0.0,0.0
2023-07-17 00:00:00-04:00,93.50633578284443,94.07384193744673,92.39969769893511,93.79009246826172,12100,0.0,0.0
2023-07-18 00:00:00-04:00,93.16585705485976,93.97928541964255,93.01451818874467,93.05235290527344,4800,0.0,0.0
2023-07-19 00:00:00-04:00,92.97669493577239,93.16586131082335,90.6026186828392,90.87691497802734,4900,0.0,0.0
2023-07-20 00:00:00-04:00,90.71611658244632,90.71611658244632,89.49597406366678,89.80809783935547,10700,0.0,0.0
2023-07-21 00:00:00-04:00,89.80809088334604,90.82014599578915,89.76080290462393,90.26210021972656,9400,0.0,0.0
2023-07-24 00:00:00-04:00,89.84592610608078,90.40397910154479,89.84592610608078,90.23372650146484,5200,0.0,0.0
2023-07-25 00:00:00-04:00,88.98519538600621,90.44179912426841,88.98519538600621,90.17695617675781,10000,0.0,0.0
2023-07-26 00:00:00-04:00,90.35668390632061,90.82014651133628,89.2878803268504,90.23372650146484,28600,0.0,0.0
2023-07-27 00:00:00-04:00,90.79177247961601,91.8889575083648,87.86911125744611,89.24058532714844,47300,0.0,0.0
2023-07-28 00:00:00-04:00,89.85538677807651,90.80123295468783,89.44867263348429,90.70664978027344,19800,0.0,0.0
2023-07-31 00:00:00-04:00,90.64988862601658,93.55364314036707,90.32830440918941,93.00505065917969,29600,0.0,0.0
2023-08-01 00:00:00-04:00,92.30512904623265,93.6009409640762,92.30512904623265,92.8631820678711,14400,0.0,0.0
2023-08-02 00:00:00-04:00,92.55104370679703,92.78750524269392,90.56476824850981,90.9052734375,12500,0.0,0.0
2023-08-03 00:00:00-04:00,90.99040642016226,92.22000943242156,90.07294161872773,92.17271423339844,8900,0.0,0.0
2023-08-04 00:00:00-04:00,92.1254258244251,93.47798624515953,91.6997906838886,92.69293212890625,19900,0.0,0.0
2023-08-07 00:00:00-04:00,93.48742701711366,93.49688749885694,92.14432725889544,92.99559020996094,7600,0.0,0.0
2023-08-08 00:00:00-04:00,92.31457832164114,92.31457832164114,91.85111575115367,92.12541198730469,3700,0.0,0.0
2023-08-09 00:00:00-04:00,91.491696492681,91.70923705474394,90.05400637857633,90.1864242553711,5700,0.0,0.0
2023-08-10 00:00:00-04:00,90.04456442235276,91.57683801852001,89.39193538566217,90.47019958496094,5400,0.0,0.0
2023-08-11 00:00:00-04:00,91.28362089815371,91.28362089815371,89.8932257973322,90.41343688964844,3300,0.0,0.0
2023-08-14 00:00:00-04:00,89.41084078797655,91.08499261536136,89.41084078797655,90.99040222167969,9800,0.0,0.0
2023-08-15 00:00:00-04:00,91.27414631090666,91.27414631090666,89.25949676738023,89.85537719726562,8000,0.0,0.0
2023-08-16 00:00:00-04:00,90.58369235357422,90.58369235357422,89.13654874301625,89.27842712402344,8200,0.0,0.0
2023-08-17 00:00:00-04:00,89.5621740431857,89.5621740431857,87.04621982627911,87.95423126220703,9500,0.0,0.0
2023-08-18 00:00:00-04:00,87.30159263495909,87.72722046771642,86.92325277460112,87.12187957763672,5000,0.0,0.0
2023-08-21 00:00:00-04:00,87.5286137872166,88.28528646565643,86.74355965933319,86.82868957519531,9300,0.0,0.0
2023-08-22 00:00:00-04:00,87.49077379850696,87.49077379850696,85.93958660251323,87.14080810546875,10200,0.0,0.0
2023-08-23 00:00:00-04:00,87.49077622608472,87.96369934082031,87.01785311134913,87.96369934082031,9400,0.0,0.0
2023-08-24 00:00:00-04:00,87.78399056707364,87.85019951774481,87.22594472802166,87.67994689941406,7900,0.0,0.0
2023-08-25 00:00:00-04:00,87.963708440546,87.963708440546,86.82869573425867,87.39620208740234,6200,0.0,0.0
2023-08-28 00:00:00-04:00,88.28527728074299,88.28527728074299,87.30160362273284,87.40564727783203,12700,0.0,0.0
2023-08-29 00:00:00-04:00,87.3867281053269,88.15286120291776,87.3867281053269,87.77452850341797,13000,0.0,0.0
2023-08-30 00:00:00-04:00,87.20701559712342,88.8433326765684,87.20701559712342,87.72723388671875,13400,0.0,0.0
2023-08-31 00:00:00-04:00,88.37041918072968,88.4744628499489,86.5638493026818,86.63951873779297,21000,0.0,0.0
2023-09-01 00:00:00-04:00,87.35836366625371,87.50024205258575,85.69367218017578,85.69367218017578,19200,0.0,0.0
2023-09-05 00:00:00-04:00,85.55179511884997,86.39359775022733,84.65324401855469,84.65324401855469,13500,0.0,0.0
2023-09-06 00:00:00-04:00,84.8234888250126,84.8234888250126,83.26284112747278,84.18031311035156,12000,0.0,0.0
2023-09-07 00:00:00-04:00,83.8965569477019,84.61540209647728,82.68587493896484,82.68587493896484,22500,0.0,0.0
2023-09-08 00:00:00-04:00,82.91287680872317,83.78305353310523,82.91287680872317,83.10204315185547,10400,0.0,0.0
2023-09-11 00:00:00-04:00,83.81142460877751,84.9558975389935,82.33590698242188,82.33590698242188,13600,0.0,0.0
2023-09-12 00:00:00-04:00,82.29808363221115,83.19663467665741,82.07107533817984,82.09945678710938,8200,0.0,0.0
2023-09-13 00:00:00-04:00,80.879312730644,81.53194171893837,79.51729185727484,80.74689483642578,16300,0.0,0.0
2023-09-14 00:00:00-04:00,81.83363270221213,82.17531859067171,80.20113506651761,81.15026092529297,8800,0.295,0.0
2023-09-15 00:00:00-04:00,81.14077181846825,81.14077181846825,79.37539705091655,79.61267852783203,23400,0.0,0.0
2023-09-18 00:00:00-04:00,79.71708810182899,82.00448516272327,79.71708810182899,81.29264068603516,13900,0.0,0.0
2023-09-19 00:00:00-04:00,82.16583603059539,82.69734426369175,80.69468786094524,80.96044921875,15300,0.0,0.0
2023-09-20 00:00:00-04:00,81.04586590656479,81.52992217826453,80.67570735798748,81.29264068603516,10600,0.0,0.0
2023-09-21 00:00:00-04:00,81.26416016467435,81.26416016467435,79.59369659423828,79.59369659423828,5900,0.0,0.0
2023-09-22 00:00:00-04:00,80.03978401771796,80.8180669187407,79.62216632991121,79.99232482910156,8100,0.0,0.0
2023-09-25 00:00:00-04:00,80.47639057341264,81.19772832658526,80.20114317758024,80.55232238769531,10800,0.0,0.0
2023-09-26 00:00:00-04:00,80.66620615541177,84.37729180553372,80.56180172977496,83.1718978881836,30000,0.0,0.0
2023-09-27 00:00:00-04:00,83.89323812959134,84.20645141601562,83.35223665361121,84.20645141601562,19500,0.0,0.0
2023-09-28 00:00:00-04:00,84.61457696700893,84.61457696700893,82.81123627606966,83.66545104980469,12600,0.0,0.0
2023-09-29 00:00:00-04:00,84.415256888806,84.415256888806,81.34957715367348,81.62482452392578,14500,0.0,0.0
2023-10-02 00:00:00-04:00,81.89057321643503,82.26073170072135,80.91297479684523,81.4065170288086,12800,0.0,0.0
2023-10-03 00:00:00-04:00,81.94752384275252,82.2892097340136,79.92588835383756,81.62482452392578,9800,0.0,0.0
2023-10-04 00:00:00-04:00,81.86210698284403,82.64988319953684,81.23568042752035,82.336669921875,12200,0.0,0.0
2023-10-05 00:00:00-04:00,82.0139615442628,82.94410074696687,82.0139615442628,82.43157196044922,9100,0.0,0.0
2023-10-06 00:00:00-04:00,82.5739513913905,82.6403899132046,82.14684764276493,82.336669921875,6700,0.0,0.0
2023-10-09 00:00:00-04:00,81.76719236055595,81.87159678199632,80.82755980884828,81.00788879394531,6200,0.0,0.0
2023-10-10 00:00:00-04:00,82.05191768628039,83.51357220124004,82.05191768628039,82.62139892578125,13200,0.0,0.0
2023-10-11 00:00:00-04:00,81.22618697767541,82.57394386375734,81.02687143040316,81.50143432617188,6200,0.0,0.0
2023-10-12 00:00:00-04:00,80.21062163363852,80.73263646748387,79.98282623291016,79.98282623291016,9700,0.0,0.0
2023-10-13 00:00:00-04:00,80.01131746729881,81.58686271949124,79.01473236083984,79.01473236083984,7300,0.0,0.0
2023-10-16 00:00:00-04:00,80.21064813552516,80.91299941669276,79.76455771327768,80.05878448486328,7400,0.0,0.0
2023-10-17 00:00:00-04:00,80.239107510352,81.34008983082289,79.74555796845495,80.02080535888672,10400,0.0,0.0
2023-10-18 00:00:00-04:00,79.82149234507096,80.02080792911184,78.85338704526437,78.96727752685547,7300,0.0,0.0
2023-10-19 00:00:00-04:00,79.06218470390893,79.87843349874802,78.00865445106442,78.44525146484375,13000,0.0,0.0
2023-10-20 00:00:00-04:00,78.78694125860787,78.78694125860787,76.71784655233671,77.08800506591797,8800,0.0,0.0
2023-10-23 00:00:00-04:00,77.23986456442948,78.41678591591204,76.30023193359375,76.30023193359375,8800,0.0,0.0
2023-10-24 00:00:00-04:00,77.0690102252267,77.23036711073192,76.4236044069709,76.8222427368164,5500,0.0,0.0
2023-10-25 00:00:00-04:00,76.34768599079652,76.35717203562974,74.56332475139098,75.45550537109375,9100,0.0,0.0
2023-10-26 00:00:00-04:00,74.3735027305308,75.22771745004415,71.18443927185142,73.81351470947266,15800,0.0,0.0
2023-10-27 00:00:00-04:00,74.03181913890101,74.03181913890101,73.09218653892044,73.14913177490234,7200,0.0,0.0
2023-10-30 00:00:00-04:00,73.87996211996337,75.34161698451385,72.1430670960797,74.9714584350586,7300,0.0,0.0
2023-10-31 00:00:00-04:00,75.83515977594385,76.44259976397409,74.87654060307344,75.4744873046875,7200,0.0,0.0
2023-11-01 00:00:00-04:00,75.96803563308937,75.96803563308937,74.51587420811794,75.15178680419922,5600,0.0,0.0
2023-11-02 00:00:00-04:00,75.73074725670928,75.99650131791762,74.53484674001666,75.83515167236328,10800,0.0,0.0
2023-11-03 00:00:00-04:00,75.93006771770412,77.81882612463046,75.93006771770412,76.86021423339844,7300,0.0,0.0
2023-11-06 00:00:00-05:00,78.71101073253938,80.67570104480377,75.94905090332031,75.94905090332031,12800,0.0,0.0
2023-11-07 00:00:00-05:00,75.49347553701313,77.81883111343947,73.96538224693089,74.33554077148438,10700,0.0,0.0
2023-11-08 00:00:00-05:00,74.9809478884673,75.72126494952461,72.98778489917699,74.86705017089844,16300,0.0,0.0
2023-11-09 00:00:00-05:00,75.49347241304469,76.79377745911485,74.7056962046681,75.1233139038086,14000,0.0,0.0
2023-11-10 00:00:00-05:00,75.49347059783095,76.3571713515292,74.41146771357943,74.98094177246094,6900,0.0,0.0
2023-11-13 00:00:00-05:00,75.43653037347137,77.79985185744994,74.8860356087878,77.28732299804688,22800,0.0,0.0
2023-11-14 00:00:00-05:00,80.20113572408987,82.36514154123954,79.74555212198986,81.62482452392578,14600,0.0,0.0
2023-11-15 00:00:00-05:00,80.84654654663433,83.39020431419861,80.84654654663433,81.39704132080078,9300,0.0,0.0
2023-11-16 00:00:00-05:00,80.77062046911841,82.74480427033528,79.80251514345328,80.62825012207031,11700,0.0,0.0
2023-11-17 00:00:00-05:00,81.45397885921453,81.51092409210521,78.96726656499335,79.72657012939453,10200,0.0,0.0
2023-11-20 00:00:00-05:00,78.98625487319246,81.0743288593158,78.93879568390327,79.6601333618164,14100,0.0,0.0
2023-11-21 00:00:00-05:00,80.09674155475695,80.40995486872488,79.09067032459444,79.10964965820312,3900,0.0,0.0
2023-11-22 00:00:00-05:00,79.10963922437186,79.36590726245774,78.25542449951172,78.25542449951172,9900,0.0,0.0
2023-11-24 00:00:00-05:00,78.44524391283163,78.78692975876538,78.02762626974486,78.654052734375,5100,0.0,0.0
2023-11-27 00:00:00-05:00,78.72998594224686,79.49878280071155,78.54016366975871,79.36590576171875,7700,0.0,0.0
2023-11-28 00:00:00-05:00,79.6411645589097,79.6411645589097,77.94222818359779,77.98019409179688,16600,0.0,0.0
2023-11-29 00:00:00-05:00,77.97069971605822,80.66621398925781,77.86629528028224,80.66621398925781,8300,0.0,0.0
2023-11-30 00:00:00-05:00,80.67569961002302,82.77326693093292,79.72657373225805,80.01131439208984,12200,0.0,0.0
2023-12-01 00:00:00-05:00,80.37197937311173,81.69126375987187,80.05876609650532,80.63773345947266,11100,0.0,0.0
2023-12-04 00:00:00-05:00,80.2390987209395,81.78617122053114,79.75504251897924,79.90690612792969,8400,0.0,0.0
2023-12-05 00:00:00-05:00,80.2011429622269,80.2011429622269,77.57206726074219,77.57206726074219,7400,0.0,0.0
2023-12-06 00:00:00-05:00,77.8757747927528,78.64456437361284,74.57281382233539,77.41069793701172,15800,0.0,0.0
2023-12-07 00:00:00-05:00,77.42019893989257,78.15102269264824,77.41070565339405,77.82832336425781,13000,0.0,0.0
2023-12-08 00:00:00-05:00,77.8283190115959,78.45474554285772,76.24328059401716,76.41412353515625,11300,0.0,0.0
2023-12-11 00:00:00-05:00,77.9801708288131,77.9801708288131,76.35715951281826,77.74288940429688,8600,0.0,0.0
2023-12-12 00:00:00-05:00,78.07510636128292,78.07510636128292,76.12939517540329,77.02157592773438,9600,0.0,0.0
2023-12-13 00:00:00-05:00,77.71442261072833,80.7326431274414,76.41412482026524,80.7326431274414,22100,0.0,0.0
2023-12-14 00:00:00-05:00,81.6565550024918,81.6565550024918,78.62765193869033,80.32307434082031,11300,0.3,0.0
2023-12-15 00:00:00-05:00,80.58024313284207,80.58024313284207,77.6275405883789,77.6275405883789,26700,0.0,0.0
2023-12-18 00:00:00-05:00,78.3419024041291,80.3135463441716,77.16082287069734,78.95149230957031,17700,0.0,0.0
2023-12-19 00:00:00-05:00,79.35153265587338,79.94207604362865,77.25606830829037,79.62775421142578,8300,0.0,0.0
2023-12-20 00:00:00-05:00,79.14197977918504,81.52319241810937,78.78956495943017,80.56118774414062,12000,0.0,0.0
2023-12-21 00:00:00-05:00,81.20890364037932,81.30415072278157,78.48479493573304,80.43738555908203,6900,0.0,0.0
2023-12-22 00:00:00-05:00,80.43737669004108,82.44712115474586,77.49420074707345,81.21841430664062,19300,0.0,0.0
2023-12-26 00:00:00-05:00,81.02791921227625,81.7613296508789,80.49452980238341,81.7613296508789,5400,0.0,0.0
2023-12-27 00:00:00-05:00,81.71370239417013,82.86620856074741,81.53272788915149,82.10421752929688,13700,0.0,0.0
2023-12-28 00:00:00-05:00,81.77085836573016,82.69477023343522,80.8278999901971,81.83753204345703,7500,0.0,0.0
2023-12-29 00:00:00-05:00,82.17089004775737,82.17089004775737,80.21829986572266,80.21829986572266,7000,0.0,0.0
2024-01-02 00:00:00-05:00,80.33258874115452,80.9898057765195,79.1610361537212,79.51345825195312,13500,0.0,0.0
2024-01-03 00:00:00-05:00,79.6658711278285,81.02792541831417,78.06569550870468,78.26571655273438,11200,0.0,0.0
2024-01-04 00:00:00-05:00,78.6181441754189,78.6181441754189,76.62744595147072,76.81794738769531,14100,0.0,0.0
2024-01-05 00:00:00-05:00,76.60838526385366,77.07510097917992,76.60838526385366,77.02748107910156,17800,0.0,0.0
2024-01-08 00:00:00-05:00,77.57039407141616,79.16104255103566,77.38941956487659,77.9704360961914,10600,0.0,0.0
2024-01-09 00:00:00-05:00,77.7608793579721,80.42784042041058,77.7608793579721,79.57060241699219,17000,0.0,0.0
2024-01-10 00:00:00-05:00,79.09437682462496,81.6851378932885,77.00843178081843,80.22783660888672,18400,0.0,0.0
2024-01-11 00:00:00-05:00,80.67547488966257,80.9516964058558,79.54202270507812,79.54202270507812,12400,0.0,0.0
2024-01-12 00:00:00-05:00,80.91361771342176,80.91361771342176,78.71337914850608,79.0562744140625,9900,0.0,0.0
2024-01-16 00:00:00-05:00,78.72289947254201,78.8752933184813,77.6656403696997,78.68479919433594,5500,0.0,0.0
2024-01-17 00:00:00-05:00,78.77051920181488,80.2087738167596,77.20844413312876,77.351318359375,11800,0.0,0.0
2024-01-18 00:00:00-05:00,77.37038576289197,78.00854918341958,76.32264609708689,76.86556243896484,7700,0.0,0.0
2024-01-19 00:00:00-05:00,77.17987426085564,77.91329193115234,76.87507928884392,77.91329193115234,8200,0.0,0.0
2024-01-22 00:00:00-05:00,78.31334298304314,79.9897191554969,77.62755240036269,79.90399169921875,8100,0.0,0.0
2024-01-23 00:00:00-05:00,80.10400244235747,80.10400244235747,78.17045868343793,78.28475952148438,5300,0.0,0.0
2024-01-24 00:00:00-05:00,78.28475833185975,79.05626899301485,76.86555019850255,77.32274627685547,8800,0.0,0.0
2024-01-25 00:00:00-05:00,77.75135376850453,78.55144500732422,77.217964453881,78.55144500732422,4900,0.0,0.0
2024-01-26 00:00:00-05:00,78.9705485845384,79.99922704076914,78.10378359555604,79.88493347167969,8500,0.0,0.0
2024-01-29 00:00:00-05:00,78.10378945342003,79.10390185927297,78.10378945342003,78.81815338134766,9500,0.0,0.0
2024-01-30 00:00:00-05:00,78.39905403902515,78.39905403902515,76.40836347049476,76.5798110961914,10000,0.0,0.0
2024-01-31 00:00:00-05:00,76.40836988909949,78.76100968000122,75.43683083957697,75.44635772705078,13200,0.0,0.0
2024-02-01 00:00:00-05:00,75.44634864197793,75.63685003408474,74.34146963529871,74.72245788574219,9200,0.0,0.0
2024-02-02 00:00:00-05:00,74.72245849359558,75.19870107740915,72.62699403156991,73.32231140136719,20900,0.0,0.0
2024-02-05 00:00:00-05:00,72.76987946125766,76.6369675116655,70.4934401415767,70.63631439208984,14100,0.0,0.0
2024-02-06 00:00:00-05:00,72.35078909911749,72.35078909911749,69.15043761856903,71.37925720214844,50000,0.0,0.0
2024-02-07 00:00:00-05:00,72.48411976741278,72.48411976741278,69.76953849438704,70.41722869873047,30700,0.0,0.0
2024-02-08 00:00:00-05:00,69.84574633767834,71.4363949887076,69.84574633767834,70.65535736083984,22300,0.0,0.0
2024-02-09 00:00:00-05:00,70.4839151084787,72.63653401003342,69.43618268862184,69.89337158203125,34300,0.0,0.0
2024-02-12 00:00:00-05:00,70.28389496382326,72.39841360699386,70.28389496382326,71.4364013671875,19600,0.0,0.0
2024-02-13 00:00:00-05:00,69.89335227750183,71.10301239376615,66.57870828168511,67.89313507080078,27500,0.0,0.0
2024-02-14 00:00:00-05:00,68.10268295027237,69.06469491198986,67.65501380174389,67.89313507080078,37900,0.0,0.0
2024-02-15 00:00:00-05:00,68.76942511721293,70.66487580321633,67.46452510883881,69.62666320800781,32400,0.0,0.0
2024-02-16 00:00:00-05:00,69.57904725766711,70.22673748891228,67.64549618384127,68.95993041992188,12600,0.0,0.0
2024-02-20 00:00:00-05:00,69.00755816798346,69.63620196401608,68.57894268296941,69.3028335571289,4500,0.0,0.0
2024-02-21 00:00:00-05:00,69.24568192707602,69.27426259171482,67.92172787405246,68.15032958984375,38600,0.0,0.0
2024-02-22 00:00:00-05:00,68.63607125402544,68.63607125402544,66.95970277677618,68.26460266113281,36800,0.0,0.0
2024-02-23 00:00:00-05:00,67.63598017605405,67.92172139319896,66.92161623286302,67.19783782958984,104900,0.0,0.0
2024-02-26 00:00:00-05:00,67.03590667788733,67.1978346869376,66.71206519355773,67.15020751953125,30800,0.0,0.0
2024-02-27 00:00:00-05:00,67.2549847856106,67.2549847856106,66.70254159079366,66.78826904296875,23700,0.0,0.0
2024-02-28 00:00:00-05:00,66.75016007854357,67.05495503140467,66.11199678144142,66.5787124633789,41300,0.0,0.0
2024-02-29 00:00:00-05:00,66.95971405079051,67.1502081885428,66.4644176656177,66.84541320800781,35000,0.0,0.0
2024-03-01 00:00:00-05:00,67.29309619409953,67.29309619409953,65.72149380197915,66.35965728759766,31200,0.0,0.0
2024-03-04 00:00:00-05:00,66.67395533593098,67.9026619562907,66.12151224766671,67.89313507080078,57300,0.0,0.0
2024-03-05 00:00:00-05:00,68.18841278650457,68.56940832438849,66.83588553055785,66.978759765625,25900,0.0,0.0
2024-03-06 00:00:00-05:00,67.05495141264863,67.26449929397288,66.01673889160156,66.01673889160156,24700,0.0,0.0
2024-03-07 00:00:00-05:00,65.94056598548624,67.03591835782497,65.94056598548624,66.48348236083984,18000,0.0,0.0
2024-03-08 00:00:00-05:00,66.39773437883797,66.91207719657443,65.85481817126356,66.01673889160156,24000,0.0,0.0
2024-03-11 00:00:00-04:00,66.37870838779908,66.76922361440731,65.72149115088646,66.48348236083984,49300,0.0,0.0
2024-03-12 00:00:00-04:00,66.15009844834151,68.05506896972656,66.15009844834151,68.05506896972656,55200,0.0,0.0
2024-03-13 00:00:00-04:00,68.47416719060408,68.5979876627203,66.59776999909786,66.9025650024414,18500,0.0,0.0
2024-03-14 00:00:00-04:00,67.15126309683664,67.42866948748447,66.3860108828944,66.60601806640625,25000,0.3,0.0
2024-03-15 00:00:00-04:00,66.05121826409767,66.9599576269553,65.94599488969654,66.26165771484375,41100,0.0,0.0
2024-03-18 00:00:00-04:00,65.96511417092451,67.43823391519324,65.62074813730038,65.65901184082031,33800,0.0,0.0
2024-03-19 00:00:00-04:00,65.26683745537652,66.13731320255675,65.1998777825165,65.8981704711914,28100,0.0,0.0
2024-03-20 00:00:00-04:00,65.55379481424299,67.07474615937467,65.05638121653594,67.05561065673828,36800,0.0,0.0
2024-03-21 00:00:00-04:00,67.44782392976579,67.55304732466549,65.47728268732774,65.5538101196289,35300,0.0,0.0
2024-03-22 00:00:00-04:00,65.04681880282483,66.36688396887592,65.04681880282483,65.5920639038086,80700,0.0,0.0
2024-03-25 00:00:00-04:00,65.95555077955997,67.40954241719125,65.63988797625493,66.33818054199219,49200,0.0,0.0
2024-03-26 00:00:00-04:00,66.82603564546969,66.82603564546969,65.04681340095212,65.18073272705078,51200,0.0,0.0
2024-03-27 00:00:00-04:00,65.38162217403067,67.13214874267578,65.38162217403067,67.13214874267578,31800,0.0,0.0
2024-03-28 00:00:00-04:00,67.20866766869378,68.25132635651082,66.91212575264491,68.0217514038086,54800,0.0,0.0
2024-04-01 00:00:00-04:00,68.0217584812599,68.0217584812599,67.30433029362015,67.65826416015625,19300,0.0,0.0
2024-04-02 00:00:00-04:00,67.67738700374707,67.67738700374707,66.36688232421875,66.36688232421875,22600,0.0,0.0
2024-04-03 00:00:00-04:00,66.070352390585,66.92169991572311,65.64945885526033,65.66859436035156,11700,0.0,0.0
2024-04-04 00:00:00-04:00,65.78336116805463,66.69210767514468,65.28594763531073,65.57292175292969,32600,0.0,0.0
2024-04-05 00:00:00-04:00,65.39117912980069,66.17556687778021,65.39117912980069,66.06077575683594,21000,0.0,0.0
2024-04-08 00:00:00-04:00,66.57733871547222,67.3330306650655,66.15645244715935,66.95996856689453,19200,0.0,0.0
2024-04-09 00:00:00-04:00,66.8930043293004,68.44265183777567,66.73038902540213,67.90696716308594,16800,0.0,0.0
2024-04-10 00:00:00-04:00,67.26606323951606,68.11741072937716,66.29992461803472,67.08431243896484,33700,0.0,0.0
2024-04-11 00:00:00-04:00,67.10344646925242,68.1939366524926,67.0173512979143,67.1130142211914,22500,0.0,0.0
2024-04-12 00:00:00-04:00,66.75909186779262,66.75909186779262,65.40076278097315,65.67816925048828,31000,0.0,0.0
2024-04-15 00:00:00-04:00,66.19469120165584,66.19469120165584,65.30508013614379,65.37203979492188,40400,0.0,0.0
2024-04-16 00:00:00-04:00,65.05637484553866,65.67814725532399,65.05637484553866,65.1615982055664,27500,0.0,0.0
2024-04-17 00:00:00-04:00,65.06594156725038,65.53466650637597,64.57809572163039,64.68331909179688,42700,0.0,0.0
2024-04-18 00:00:00-04:00,64.5685278582964,64.62591976990366,64.0328505551462,64.31025695800781,38800,0.0,0.0
2024-04-19 00:00:00-04:00,63.99459183188969,65.73555050076783,63.99459183188969,65.60163116455078,42900,0.0,0.0
2024-04-22 00:00:00-04:00,65.55380291711108,66.26166334297885,65.17117309570312,65.17117309570312,12700,0.0,0.0
2024-04-23 00:00:00-04:00,65.03724122899021,65.72597331528712,64.53025991492594,64.62591552734375,16800,0.0,0.0
2024-04-24 00:00:00-04:00,64.62591621595526,64.97985001353341,63.29628348443035,64.24329376220703,25200,0.0,0.0
2024-04-25 00:00:00-04:00,63.334548180871195,64.2050310623028,63.14323695100225,63.411075592041016,24000,0.0,0.0
2024-04-26 00:00:00-04:00,63.41108181760351,64.21459781960726,63.047587525943186,63.05714797973633,22600,0.0,0.0
2024-04-29 00:00:00-04:00,63.46845937570531,63.91804873619886,63.27714817032939,63.42063522338867,18700,0.0,0.0
2024-04-30 00:00:00-04:00,63.05713924452456,63.47803269091964,63.05713924452456,63.32497787475586,23800,0.0,0.0
2024-05-01 00:00:00-04:00,63.69805320130645,65.72598615167753,63.69805320130645,64.92247009277344,12800,0.0,0.0
2024-05-02 00:00:00-04:00,65.23812856509662,65.23812856509662,64.3676528930664,64.3676528930664,14600,0.0,0.0
2024-05-03 00:00:00-04:00,64.99897946307647,65.59205595464472,64.16676758235894,64.97028350830078,10000,0.0,0.0
2024-05-06 00:00:00-04:00,64.63549095906757,66.70168746349817,64.63549095906757,66.37644958496094,25700,0.0,0.0
2024-05-07 00:00:00-04:00,66.96952919122867,67.73478151455464,66.4529800415039,66.4529800415039,21900,0.0,0.0
2024-05-08 00:00:00-04:00,66.45297740465122,66.4721056103013,65.60162994112426,65.99382019042969,14700,0.0,0.0
2024-05-09 00:00:00-04:00,66.29992617900454,66.43384552001953,65.59206576248866,66.43384552001953,14500,0.0,0.0
2024-05-10 00:00:00-04:00,66.08947514977767,66.08947514977767,65.38161477894619,65.75467681884766,12300,0.0,0.0
2024-05-13 00:00:00-04:00,66.59645672279277,66.72080829015545,65.49639892578125,65.49639892578125,18100,0.0,0.0
2024-05-14 00:00:00-04:00,66.14686681807285,66.14686681807285,64.54939546550447,65.50596618652344,16900,0.0,0.0
2024-05-15 00:00:00-04:00,65.51553542503741,66.74951269639999,65.3050886705026,66.23296356201172,31000,0.0,0.0
2024-05-16 00:00:00-04:00,65.92686665315497,67.46694643217582,65.92686665315497,67.39041900634766,13700,0.0,0.0
2024-05-17 00:00:00-04:00,67.57217460771098,67.6773980011687,66.21384554423899,66.69213104248047,8800,0.0,0.0
2024-05-20 00:00:00-04:00,66.49123217039387,66.77819900488366,65.62074932024755,65.88858795166016,9400,0.0,0.0
2024-05-21 00:00:00-04:00,65.28596754826705,65.74512481689453,64.41548447788936,65.74512481689453,17300,0.0,0.0
2024-05-22 00:00:00-04:00,66.26165772318014,66.26165772318014,64.09981291698121,64.38677978515625,45700,0.0,0.0
2024-05-23 00:00:00-04:00,64.023299572243,64.69289637655528,63.69806162582147,64.15721893310547,49900,0.0,0.0
2024-05-24 00:00:00-04:00,64.20503110517268,64.20503110517268,63.29628451754939,64.09980773925781,16900,0.0,0.0
2024-05-28 00:00:00-04:00,63.80325786301879,66.77819309503062,63.73629821109155,65.8598861694336,26000,0.0,0.0
2024-05-29 00:00:00-04:00,66.28079116435529,66.28079116435529,64.78854306171621,65.04681396484375,15900,0.0,0.0
2024-05-30 00:00:00-04:00,64.88419671574673,64.9320208751443,63.99458561272737,64.20503234863281,13400,0.0,0.0
2024-05-31 00:00:00-04:00,64.92246077818915,65.37204290965988,64.53026325947681,65.32421875,9000,0.0,0.0
2024-06-03 00:00:00-04:00,66.21382964946898,67.28518423759213,65.85989583843214,66.57732391357422,14400,0.0,0.0
2024-06-04 00:00:00-04:00,66.08947091504413,66.19469428345933,64.64505430871873,65.44857025146484,11800,0.0,0.0
2024-06-05 00:00:00-04:00,65.5155326498354,67.85913551017822,64.08067643666651,64.40591430664062,9100,0.0,0.0
2024-06-06 00:00:00-04:00,64.4728744627175,64.55896233309683,64.39634704589844,64.39634704589844,5300,0.0,0.0
2024-06-07 00:00:00-04:00,64.0902406016025,64.73114125608517,64.0902406016025,64.46330261230469,18100,0.0,0.0
2024-06-10 00:00:00-04:00,64.65461557941848,64.87463007017502,64.41547288418809,64.5589599609375,11000,0.0,0.0
2024-06-11 00:00:00-04:00,65.01811302572882,65.02768077638723,63.89892703452405,64.62591552734375,8100,0.0,0.0
2024-06-12 00:00:00-04:00,64.81723939714624,65.09464580468052,63.870229051339386,63.9754524230957,18400,0.0,0.0
2024-06-13 00:00:00-04:00,64.13807385243004,64.6641834036974,63.6119570031068,64.43460845947266,20300,0.0,0.0
2024-06-14 00:00:00-04:00,64.10793207833633,64.51148743797587,64.08871096747393,64.16558074951172,11100,0.3,0.0
2024-06-17 00:00:00-04:00,64.14636696935523,64.59796777544486,64.13675641392402,64.16558074951172,11100,0.0,0.0
2024-06-18 00:00:00-04:00,64.60755860458985,64.6652145954093,63.81005859375,63.81005859375,13900,0.0,0.0
2024-06-20 00:00:00-04:00,63.983008193628805,64.49226493270271,63.90614575269558,64.4057846069336,9900,0.0,0.0
2024-06-21 00:00:00-04:00,64.32891675303708,64.69404451385074,63.91575088154619,64.29048919677734,25700,0.0,0.0
2024-06-24 00:00:00-04:00,64.7612982362951,64.7612982362951,63.70436459194387,63.96379089355469,22800,0.0,0.0
2024-06-25 00:00:00-04:00,64.77090200876633,64.94384797126412,63.79083090372312,64.42499542236328,22800,0.0,0.0
2024-06-26 00:00:00-04:00,64.56911764429083,65.19367161600856,63.81965581051109,64.5499038696289,12100,0.0,0.0
2024-06-27 00:00:00-04:00,64.28087930418172,65.0783867228271,64.23283386230469,64.23283386230469,14300,0.0,0.0
2024-06-28 00:00:00-04:00,64.86699648442959,64.91503459410306,63.78123110979855,64.19439697265625,144100,0.0,0.0
2024-07-01 00:00:00-04:00,64.02143659090808,64.39616752628403,63.80044518322697,63.983001708984375,14100,0.0,0.0
2024-07-02 00:00:00-04:00,63.74279374977685,63.80044974213435,63.49297799547823,63.51219177246094,16900,0.0,0.0
2024-07-03 00:00:00-04:00,63.781227111816406,63.89653176307407,63.2815882844422,63.781227111816406,9000,0.0,0.0
2024-07-05 00:00:00-04:00,63.53142255876627,64.10793125523594,63.050997423257265,63.21434020996094,24300,0.0,0.0
2024-07-08 00:00:00-04:00,63.59867285963553,63.83888539368074,63.39689521072212,63.71397018432617,8800,0.0,0.0
2024-07-09 00:00:00-04:00,63.915747065439966,63.96379250395376,63.24315491047492,63.51219177246094,12500,0.0,0.0
2024-07-10 00:00:00-04:00,63.656330630439484,64.71326446533203,63.51220162324827,64.71326446533203,8400,0.0,0.0
2024-07-11 00:00:00-04:00,65.38584303024915,67.30754295965305,65.38584303024915,66.6445541381836,14800,0.0,0.0
2024-07-12 00:00:00-04:00,66.67339394730396,67.15381904122067,65.57802531963029,65.94314575195312,13600,0.0,0.0
2024-07-15 00:00:00-04:00,67.31714521528845,67.31714521528845,65.77978675996492,66.18334197998047,18000,0.0,0.0
2024-07-16 00:00:00-04:00,66.65417809880273,69.4694693549409,66.65417809880273,69.14277648925781,15000,0.0,0.0
2024-07-17 00:00:00-04:00,69.18121118129767,71.11252204603962,69.18121118129767,69.84420013427734,17200,0.0,0.0
2024-07-18 00:00:00-04:00,70.34383772767369,70.34383772767369,68.2203598022461,68.2203598022461,8000,0.0,0.0
2024-07-19 00:00:00-04:00,68.23957154517164,68.23957154517164,67.17303466796875,67.17303466796875,7700,0.0,0.0
2024-07-22 00:00:00-04:00,66.99047793963062,69.80576935343375,66.97125683019962,69.73851013183594,16000,0.0,0.0
2024-07-23 00:00:00-04:00,69.19081557894025,72.17905988247654,69.19081557894025,72.140625,17400,0.0,0.0
2024-07-24 00:00:00-04:00,71.65059253097178,74.30254089166604,71.5833333163859,72.09258270263672,14400,0.0,0.0
2024-07-25 00:00:00-04:00,71.59294593561705,72.40005653393332,67.53815717464438,67.70149993896484,30000,0.0,0.0
2024-07-26 00:00:00-04:00,68.93137276796463,68.98902874934737,66.30825653220317,66.75985717773438,34700,0.0,0.0
2024-07-29 00:00:00-04:00,66.45239022577361,66.7214270557235,64.75168160248444,66.07765197753906,28400,0.0,0.0
2024-07-30 00:00:00-04:00,66.77907868596496,68.37409329274182,66.76946813283745,66.9135971069336,21700,0.0,0.0
2024-07-31 00:00:00-04:00,66.96164053142803,69.14276686082314,66.74064180035526,66.87516021728516,68100,0.0,0.0
2024-08-01 00:00:00-04:00,66.52925364214116,66.76946614826024,65.17445891959564,65.50114440917969,17100,0.0,0.0
2024-08-02 00:00:00-04:00,64.47302503871117,65.61643873387693,64.37694151751215,64.81893157958984,11000,0.0,0.0
2024-08-05 00:00:00-04:00,63.45454214681562,64.42500281055467,63.175894735219075,63.233543395996094,35300,0.0,0.0
2024-08-06 00:00:00-04:00,63.43532095439944,64.54030004560694,63.416107177734375,63.416107177734375,6600,0.0,0.0
2024-08-07 00:00:00-04:00,63.78122288354791,64.10791570843483,63.060585355046086,63.396888732910156,29400,0.0,0.0
2024-08-08 00:00:00-04:00,64.20400543291962,65.14564178640971,64.04066267008814,64.3385238647461,13200,0.0,0.0
2024-08-09 00:00:00-04:00,64.06948652036203,64.39617204357378,63.886922651093904,64.03105163574219,8500,0.0,0.0
2024-08-12 00:00:00-04:00,64.07910166310384,64.9822958588847,63.89653778076172,63.89653778076172,10800,0.0,0.0
2024-08-13 00:00:00-04:00,64.6555989778188,65.09758910905931,63.90613713220646,64.3096923828125,10500,0.0,0.0
2024-08-14 00:00:00-04:00,64.53070699536018,64.53070699536018,63.425727729961814,63.50259017944336,10300,0.0,0.0
2024-08-15 00:00:00-04:00,63.83888141924948,66.38512825704265,63.83888141924948,65.60684204101562,26900,0.0,0.0
2024-08-16 00:00:00-04:00,65.94314059771554,66.3467032163983,64.67481874213802,65.616455078125,19500,0.0,0.0
2024-08-19 00:00:00-04:00,63.9926145347683,66.30826677065645,63.9926145347683,65.21289825439453,10100,0.0,0.0
2024-08-20 00:00:00-04:00,65.61646095297317,65.61646095297317,64.17518565483387,64.5403060913086,10000,0.0,0.0
2024-08-21 00:00:00-04:00,65.17446545666846,65.28015955641841,64.5883462964932,64.73247528076172,6400,0.0,0.0
2024-08-22 00:00:00-04:00,65.7509813999738,65.7509813999738,64.9150390625,64.9150390625,4400,0.0,0.0
2024-08-23 00:00:00-04:00,65.6356673413338,66.58691420910996,65.6356673413338,65.88549041748047,9500,0.0,0.0
2024-08-26 00:00:00-04:00,66.34669502244635,66.34669502244635,65.24171606313125,65.64527130126953,7600,0.0,0.0
2024-08-27 00:00:00-04:00,64.79013048120518,66.29866502996308,64.79013048120518,65.30899047851562,8600,0.0,0.0
2024-08-28 00:00:00-04:00,65.48195236015852,65.89511830099393,65.12643509409342,65.587646484375,7100,0.0,0.0
2024-08-29 00:00:00-04:00,64.9822931280475,65.82784595329393,64.9822931280475,65.26094055175781,7600,0.0,0.0
2024-08-30 00:00:00-04:00,65.16484330305693,65.58761962679951,64.82854728676323,65.32818603515625,4400,0.0,0.0
2024-09-03 00:00:00-04:00,64.8573868997981,65.14564488496814,64.13674926757812,64.13674926757812,13100,0.0,0.0
2024-09-04 00:00:00-04:00,64.28085781193725,64.49224595639042,63.96377559525749,64.1463394165039,5500,0.0,0.0
2024-09-05 00:00:00-04:00,63.73318481445313,64.18478550547054,63.70436048621015,63.733184814453125,12100,0.0,0.0
2024-09-06 00:00:00-04:00,63.99262672081886,64.16558006320103,63.41611802311354,63.627506256103516,15900,0.0,0.0
2024-09-09 00:00:00-04:00,63.86770847688442,64.232828882445,63.521801848161914,63.541015625,9100,0.0,0.0
2024-09-10 00:00:00-04:00,63.848487369341704,63.848487369341704,63.36806231063875,63.541015625,14800,0.0,0.0
2024-09-11 00:00:00-04:00,63.329634756962584,64.03105123747432,63.10863600444918,63.541015625,28400,0.0,0.0
2024-09-12 00:00:00-04:00,63.4641630332126,63.70437559983232,63.03177601487364,63.32003402709961,42700,0.0,0.0
2024-09-13 00:00:00-04:00,63.83887497631662,65.36662292480469,63.40648808717019,65.36662292480469,27000,0.0,0.0
2024-09-16 00:00:00-04:00,65.38585365616835,65.38585365616835,64.54030085816879,64.73247528076172,13200,0.0,0.0
2024-09-17 00:00:00-04:00,65.43389552520547,65.43389552520547,64.4730453491211,64.4730453491211,12000,0.0,0.0
2024-09-18 00:00:00-04:00,64.67482138361127,65.97197495334143,64.28087663326806,64.58834838867188,23500,0.0,0.0
2024-09-19 00:00:00-04:00,65.33779907226562,66.27943528440493,64.72285566745353,65.33779907226562,9700,0.0,0.0
2024-09-20 00:00:00-04:00,64.95176182510403,65.10617525361255,63.996299743652344,63.996299743652344,66600,0.3,0.0
2024-09-23 00:00:00-04:00,64.17967735015507,64.60432719560971,63.8997951668499,64.08316802978516,14300,0.0,0.0
2024-09-24 00:00:00-04:00,64.1989703488649,64.45955358934216,63.90944241445388,64.40164947509766,26400,0.0,0.0
2024-09-25 00:00:00-04:00,63.89980119387382,64.35340314190422,63.66817733050144,64.34375,26700,0.0,0.0
2024-09-26 00:00:00-04:00,64.46922896301737,65.0289861078648,64.17969356556549,64.58503723144531,15400,0.0,0.0
2024-09-27 00:00:00-04:00,65.00967022162901,65.20268886077312,64.39200174054092,64.41130065917969,9200,0.0,0.0
2024-09-30 00:00:00-04:00,64.31479514021731,65.00967406330177,63.841894292136324,64.57537841796875,12700,0.0,0.0
2024-10-01 00:00:00-04:00,64.76838514485405,64.76838514485405,63.67781597995506,63.70676803588867,16400,0.0,0.0
2024-10-02 00:00:00-04:00,63.61027510635395,63.909456245616774,63.32073974609375,63.32073974609375,27700,0.0,0.0
2024-10-03 00:00:00-04:00,63.349682378655366,63.542701014634225,62.97329088426431,63.021549224853516,28100,0.0,0.0
2024-10-04 00:00:00-04:00,63.38829263086271,63.46550303668391,62.780277252197266,62.780277252197266,16000,0.0,0.0
2024-10-07 00:00:00-04:00,63.0987545888267,63.175964991341864,62.72236308055186,62.82852554321289,17500,0.0,0.0
2024-10-08 00:00:00-04:00,63.089107778363,63.089107778363,62.635505874996824,62.76096725463867,28300,0.0,0.0
2024-10-09 00:00:00-04:00,62.76097254252858,63.53306189371731,62.635511152316056,63.3882942199707,17900,0.0,0.0
2024-10-10 00:00:00-04:00,62.71271945157239,63.67782742651497,62.71271945157239,63.54270553588867,15900,0.0,0.0
2024-10-11 00:00:00-04:00,63.7453731060504,64.11211141913452,63.37862742977811,64.0156021118164,12800,0.0,0.0
2024-10-14 00:00:00-04:00,64.0059559736248,64.65257650289584,64.0059559736248,64.198974609375,16700,0.0,0.0
2024-10-15 00:00:00-04:00,63.812939085914536,64.70083661579017,63.812939085914536,64.22793579101562,29700,0.0,0.0
2024-10-16 00:00:00-04:00,64.7683971693087,64.87455963623344,63.697126721751346,63.95770263671875,26200,0.0,0.0
2024-10-17 00:00:00-04:00,63.98666570955802,64.74909457812252,63.1084138627759,63.39794921875,21300,0.0,0.0
2024-10-18 00:00:00-04:00,63.562002570856386,64.04455648811877,63.12770699059561,63.98665237426758,21800,0.0,0.0
2024-10-21 00:00:00-04:00,63.69711766169544,64.063855991424,63.34967824903111,63.47513961791992,22100,0.0,0.0
2024-10-22 00:00:00-04:00,63.407584725846725,63.4365441473048,62.99258804321289,62.99258804321289,19500,0.0,0.0
2024-10-23 00:00:00-04:00,62.88644206346853,63.301431443049516,62.10469956097148,62.58725357055664,22600,0.0,0.0
2024-10-24 00:00:00-04:00,62.15294971914091,62.78991709902015,61.96957686343544,62.04678726196289,28300,0.0,0.0
2024-10-25 00:00:00-04:00,62.36527873974841,62.45213492141891,61.6317946318214,61.88272476196289,50500,0.0,0.0
2024-10-28 00:00:00-04:00,62.297723639831055,62.89608588061394,61.969583094688204,61.99853515625,17400,0.0,0.0
2024-10-29 00:00:00-04:00,62.51968983795976,62.51968983795976,61.81516518021365,61.91167449951172,10900,0.0,0.0
2024-10-30 00:00:00-04:00,62.1143496456713,62.1143496456713,61.73795812577555,61.78620910644531,13700,0.0,0.0
2024-10-31 00:00:00-04:00,61.82481095263087,61.90202135333837,61.168540954589844,61.168540954589844,27200,0.0,0.0
2024-11-01 00:00:00-04:00,61.63179668124312,61.85376739501953,61.36156762280769,61.85376739501953,18100,0.0,0.0
2024-11-04 00:00:00-05:00,61.64144512479549,62.43283704869726,61.64144512479549,62.384578704833984,26000,0.0,0.0
2024-11-05 00:00:00-05:00,62.635505336926144,63.28212587467715,61.718652078710875,61.76690673828125,63400,0.0,0.0
2024-11-06 00:00:00-05:00,63.48480206483109,65.71419915359665,63.48480206483109,64.82630157470703,74700,0.0,0.0
2024-11-07 00:00:00-05:00,64.66222301457869,66.13883677993582,64.45955125886185,64.88420104980469,16000,0.0,0.0
2024-11-08 00:00:00-05:00,65.01932998220175,66.17745666135426,65.01932998220175,65.54048919677734,21100,0.0,0.0
2024-11-11 00:00:00-05:00,65.96512196556041,66.36081972973246,64.91315791323943,66.12918853759766,13500,0.0,0.0
2024-11-12 00:00:00-05:00,66.26431450511019,66.582794528375,65.78176053649105,65.96512603759766,19300,0.0,0.0
2024-11-13 00:00:00-05:00,65.86862461019844,65.86862461019844,64.60433541712462,64.6236343383789,18600,0.0,0.0
2024-11-14 00:00:00-05:00,64.96141073800955,64.96141073800955,63.610265561380196,64.198974609375,25300,0.0,0.0
2024-11-15 00:00:00-05:00,64.44990505253472,65.24129324421753,63.24352016501891,63.74538040161133,26900,0.0,0.0
2024-11-18 00:00:00-05:00,63.44620260002982,64.28584927353005,63.06981104095495,63.78398895263672,21800,0.0,0.0
2024-11-19 00:00:00-05:00,63.29177623052487,63.52340005890836,62.3459672729101,62.432830810546875,25500,0.0,0.0
2024-11-20 00:00:00-05:00,61.429122020280495,62.08539571578838,61.429122020280495,61.94062805175781,11700,0.0,0.0
2024-11-21 00:00:00-05:00,61.9599278218382,62.317020416259766,61.728303974121445,62.317020416259766,18600,0.0,0.0
2024-11-22 00:00:00-05:00,61.87306288997245,63.49444432107059,61.87306288997245,63.01189041137695,22000,0.0,0.0
2024-11-25 00:00:00-05:00,63.0698013652841,64.81665171481794,63.0698013652841,63.66817092895508,24800,0.0,0.0
2024-11-26 00:00:00-05:00,62.876781098911,63.118058073685646,62.42317920822443,62.896080017089844,17500,0.0,0.0
2024-11-27 00:00:00-05:00,63.6102655328854,63.6102655328854,62.68375546477034,62.87678146362305,10600,0.0,0.0
2024-11-29 00:00:00-05:00,62.5582928047114,63.175961261992505,62.5582928047114,62.973289489746094,8700,0.0,0.0
2024-12-02 00:00:00-05:00,62.423176556527885,63.27246882090924,62.423176556527885,63.108402252197266,13600,0.0,0.0
2024-12-03 00:00:00-05:00,62.73202125520834,63.1084127936844,62.09504642813202,62.152957916259766,10800,0.0,0.0
2024-12-04 00:00:00-05:00,61.95992763162262,62.10469529719717,61.66074652244074,62.02748489379883,14200,0.0,0.0
2024-12-05 00:00:00-05:00,61.65109810818643,61.71865537150816,61.17819358333959,61.51598358154297,18300,0.0,0.0
2024-12-06 00:00:00-05:00,61.52563555431693,61.853768742942194,60.821107149760834,61.61249542236328,17600,0.0,0.0
2024-12-09 00:00:00-05:00,61.390516098450036,62.191557448586636,60.80179967130764,61.40016555786133,18200,0.0,0.0
2024-12-10 00:00:00-05:00,61.6897020610261,62.26876539278294,61.28435846511529,61.46772766113281,17100,0.0,0.0
2024-12-11 00:00:00-05:00,61.42912298157104,62.442481919264324,61.081683527736374,61.71865463256836,18500,0.0,0.0
2024-12-12 00:00:00-05:00,61.52563606854013,62.35562955201013,61.06238466228604,61.42912673950195,14100,0.0,0.0
2024-12-13 00:00:00-05:00,61.68004703770975,61.68004703770975,60.66668445773664,60.71493911743164,13800,0.0,0.0
2024-12-16 00:00:00-05:00,60.85555971667616,61.49563398165122,60.729483417649575,61.049522399902344,25900,0.305,0.0
2024-12-17 00:00:00-05:00,60.85556361985434,61.13680934359442,60.61311117515372,60.64220428466797,33700,0.0,0.0
2024-12-18 00:00:00-05:00,60.85556551717943,61.40835681236903,59.62390661575656,60.12820816040039,35900,0.0,0.0
2024-12-19 00:00:00-05:00,60.516126465218235,60.71978561333952,59.80816213207786,60.205787658691406,28800,0.0,0.0
2024-12-20 00:00:00-05:00,59.79846924570009,61.03982454618231,58.906246048361155,59.177791595458984,50600,0.0,0.0
2024-12-23 00:00:00-05:00,59.39114544474826,60.03121967493802,58.566805010719,59.28446578979492,28600,0.0,0.0
2024-12-24 00:00:00-05:00,59.61420984499483,59.79847237595238,58.98383199248454,59.575416564941406,6400,0.0,0.0
2024-12-26 00:00:00-05:00,59.85665900365683,60.428846904614176,59.67239278330391,59.72088623046875,16200,0.0,0.0
2024-12-27 00:00:00-05:00,60.157295289814236,60.370654610439836,59.44933464354711,60.021522521972656,14600,0.0,0.0
2024-12-30 00:00:00-05:00,59.98273295024127,59.98273295024127,59.00322670779461,59.06141662597656,19200,0.0,0.0
2024-12-31 00:00:00-05:00,58.99353055560782,59.7208878889117,58.92564046759787,59.61420822143555,15300,0.0,0.0
2025-01-02 00:00:00-05:00,59.58510864648461,60.64220140313061,59.36205285190268,59.497825622558594,14700,0.0,0.0
2025-01-03 00:00:00-05:00,59.497825622558594,59.856657887326975,58.925637732272584,59.497825622558594,15500,0.0,0.0
2025-01-06 00:00:00-05:00,59.449341545885005,59.769380563981386,58.80926720922314,59.051719665527344,14200,0.0,0.0
2025-01-07 00:00:00-05:00,58.92564286429145,59.158398848209124,58.683190409995504,58.83835983276367,19100,0.0,0.0
2025-01-08 00:00:00-05:00,58.73167833842317,59.29416605574762,58.673488423032154,59.080806732177734,13100,0.0,0.0
2025-01-10 00:00:00-05:00,58.896547529961055,59.43964233891029,58.35345272101183,59.07111358642578,29500,0.0,0.0
2025-01-13 00:00:00-05:00,58.663793610015055,59.934242019249005,58.26617175910868,59.177791595458984,24000,0.0,0.0
2025-01-14 00:00:00-05:00,59.090507359728186,60.02152381602624,59.090507359728186,59.633602142333984,19200,0.0,0.0
2025-01-15 00:00:00-05:00,60.67130422237904,61.34047167242896,59.53662479891164,60.97194290161133,22700,0.0,0.0
2025-01-16 00:00:00-05:00,60.49673259177086,61.04952384737725,59.84695814248668,60.118507385253906,31300,0.0,0.0
2025-01-17 00:00:00-05:00,60.12820537210758,60.48703394894351,59.759676625893825,60.28337478637695,15700,0.0,0.0
2025-01-21 00:00:00-05:00,60.32216726681803,61.00103483258972,60.1282045766646,60.8846549987793,29300,0.0,0.0
2025-01-22 00:00:00-05:00,60.642205346756256,61.40835597331594,60.61311223673247,60.93315124511719,16500,0.0,0.0
2025-01-23 00:00:00-05:00,60.729484002493635,61.350161635170345,60.35125880130192,60.855560302734375,13000,0.0,0.0
2025-01-24 00:00:00-05:00,60.758586125231,61.02043151855469,60.079718517778254,61.02043151855469,37400,0.0,0.0
2025-01-27 00:00:00-05:00,60.82646774803026,63.221898976738544,60.62280489208733,62.232688903808594,20600,0.0,0.0
2025-01-28 00:00:00-05:00,61.87385803588369,63.58072147776727,61.00103152678985,61.0980110168457,31800,0.0,0.0
2025-01-29 00:00:00-05:00,60.6810003449639,60.6810003449639,59.34266175300642,59.459041595458984,18300,0.0,0.0
2025-01-30 00:00:00-05:00,59.58510932055823,60.04092108394289,59.37175369262695,59.37175369262695,18900,0.0,0.0
2025-01-31 00:00:00-05:00,59.90515265522522,59.90515265522522,58.644400636920835,59.38145446777344,37400,0.0,0.0
2025-02-03 00:00:00-05:00,58.93534059118897,59.14869992597501,58.01402056314916,58.111000061035156,50500,0.0,0.0
2025-02-04 00:00:00-05:00,58.49892492229668,58.68318744642501,57.93643718049245,58.169189453125,35100,0.0,0.0
2025-02-05 00:00:00-05:00,58.062507074177844,58.528015297226375,58.02371749690501,58.18858337402344,35800,0.0,0.0
2025-02-06 00:00:00-05:00,57.936440530928685,58.237079208759084,57.761874466593866,58.091609954833984,19700,0.0,0.0
2025-02-07 00:00:00-05:00,58.033414030522195,58.1400936920841,57.09269741441868,58.05281066894531,28500,0.0,0.0
2025-02-10 00:00:00-05:00,57.90733807513871,58.9547343590371,57.55820598050592,58.6056022644043,24600,0.0,0.0
2025-02-11 00:00:00-05:00,58.68318763655864,59.32326193766802,58.508625281283976,59.19718933105469,13400,0.0,0.0
2025-02-12 00:00:00-05:00,59.061416195621106,59.11960241384838,58.40194525915373,58.712284088134766,18100,0.0,0.0
2025-02-13 00:00:00-05:00,59.13899697679731,59.905147552490234,58.56680908729039,59.905147552490234,36600,0.0,0.0
2025-02-14 00:00:00-05:00,60.0409232936993,60.63250785104862,59.14870007244051,59.206886291503906,29000,0.0,0.0
2025-02-18 00:00:00-05:00,59.47843278216344,59.80816454028593,58.73167884278655,59.294166564941406,15400,0.0,0.0
2025-02-19 00:00:00-05:00,59.177796018066935,59.43964511499349,58.382552256822244,58.98383331298828,16900,0.0,0.0
2025-02-20 00:00:00-05:00,58.93533706665039,59.58510780259558,58.22737641573514,58.93533706665039,16700,0.0,0.0
2025-02-21 00:00:00-05:00,59.23598292508724,59.30386931348058,58.38254928588867,58.38254928588867,14900,0.0,0.0
2025-02-24 00:00:00-05:00,58.18858824650448,59.30387100104147,58.18858824650448,58.27587127685547,15400,0.0,0.0
2025-02-25 00:00:00-05:00,58.07220505168359,58.99352499357738,57.89763901218665,58.14978790283203,20800,0.0,0.0
2025-02-26 00:00:00-05:00,57.946130943298336,58.57650874299579,57.8491514508205,58.18858337402344,17900,0.0,0.0
2025-02-27 00:00:00-05:00,58.130391354063256,58.130391354063256,57.887938932116754,57.946128845214844,11600,0.0,0.0
2025-02-28 00:00:00-05:00,58.334054259965534,58.334054259965534,57.606696993380076,57.81035614013672,22200,0.0,0.0
2025-03-03 00:00:00-05:00,57.8006620830145,58.1691908395857,57.412740386203915,57.44183349609375,23600,0.0,0.0
2025-03-04 00:00:00-05:00,57.57760912224342,57.626098874301285,57.05391462067521,57.218780517578125,22700,0.0,0.0
2025-03-05 00:00:00-05:00,57.053907662263526,58.188583260060064,56.782358424702515,56.8890380859375,25700,0.0,0.0
2025-03-06 00:00:00-05:00,56.976318532770556,57.21877095205894,56.29745101885701,56.569000244140625,22100,0.0,0.0
2025-03-07 00:00:00-05:00,56.355646736794014,57.141190288511744,56.355646736794014,56.94723129272461,29800,0.0,0.0
2025-03-10 00:00:00-04:00,56.96662516364293,58.63469538343478,56.830848693847656,56.830848693847656,19000,0.0,0.0
2025-03-11 00:00:00-04:00,56.44293042749837,56.87934557220549,55.73496972587604,56.41383361816406,19300,0.0,0.0
2025-03-12 00:00:00-04:00,56.08409937410875,56.24896525511631,55.73496727370382,55.95802307128906,14200,0.0,0.0
2025-03-13 00:00:00-04:00,55.764057309233436,56.13258602818905,55.34703884556717,55.424625396728516,18200,0.0,0.0
2025-03-14 00:00:00-04:00,56.42401284167511,56.42401284167511,55.68300444621419,55.868255615234375,13700,0.305,0.0
2025-03-17 00:00:00-04:00,55.59525158879221,56.550764052316076,55.41000042483904,56.482513427734375,13900,0.0,0.0
2025-03-18 00:00:00-04:00,57.32102919010264,57.32102919010264,56.28751381820688,56.365516662597656,14000,0.0,0.0
2025-03-19 00:00:00-04:00,56.91151775725563,56.91151775725563,55.72200421765916,56.209510803222656,10100,0.0,0.0
2025-03-20 00:00:00-04:00,56.989524300080255,56.989524300080255,55.71225562391553,55.97550964355469,10300,0.0,0.0
2025-03-21 00:00:00-04:00,55.54650489769654,55.946260173180995,55.25399795322182,55.3905029296875,41200,0.0,0.0
2025-03-24 00:00:00-04:00,56.05351809583577,56.05351809583577,55.52701000387972,55.61476135253906,10700,0.0,0.0
2025-03-25 00:00:00-04:00,55.41975589253297,56.034015310429744,55.33200454711914,55.33200454711914,12800,0.0,0.0
2025-03-26 00:00:00-04:00,55.35149954968347,55.95600668941048,55.23449900766086,55.30274963378906,9600,0.0,0.0
2025-03-27 00:00:00-04:00,55.331998839449675,56.17051078260207,54.93224357810727,55.30274963378906,13700,0.0,0.0
2025-03-28 00:00:00-04:00,55.08824136546056,55.107742074216404,54.688486134415605,54.756736755371094,14300,0.0,0.0
2025-03-31 00:00:00-04:00,54.98099311854502,55.819505055971355,54.41548740314736,54.639739990234375,21100,0.0,0.0
2025-04-01 00:00:00-04:00,54.600738525390625,55.195497165143024,54.41548735865633,54.600738525390625,12300,0.0,0.0
2025-04-02 00:00:00-04:00,54.678745049742496,55.43925419738426,54.11323557732551,54.38623809814453,20200,0.0,0.0
2025-04-03 00:00:00-04:00,54.132734045794194,54.678742784189346,53.51847468002217,53.69397735595703,11200,0.0,0.0
2025-04-04 00:00:00-04:00,53.22597518689437,53.84023459567784,52.39721538535546,53.45998001098633,26400,0.0,0.0
2025-04-07 00:00:00-04:00,52.82621583166555,54.5617381492292,52.06570672071163,53.030967712402344,35600,0.0,0.0
2025-04-08 00:00:00-04:00,53.63547636640457,53.830479757082784,51.509950938091,52.26070785522461,40200,0.0,0.0
2025-04-09 00:00:00-04:00,52.25095815557819,55.527003141476904,51.67570021199026,53.44047546386719,23800,0.0,0.0
2025-04-10 00:00:00-04:00,52.874966954238765,52.874966954238765,51.334447986732684,51.57820129394531,33900,0.0,0.0
2025-04-11 00:00:00-04:00,51.1881983452672,52.05595958878132,51.13944842405259,51.71470642089844,15900,0.0,0.0
2025-04-14 00:00:00-04:00,51.42220326345436,52.367963638676756,51.40270255105856,51.987709045410156,14500,0.0,0.0
2025-04-15 00:00:00-04:00,52.582461786587274,53.430722222918334,51.67569921970988,51.70494842529297,14100,0.0,0.0
2025-04-16 00:00:00-04:00,51.75369985318741,52.03645084031857,51.06143768907733,51.09069061279297,14000,0.0,0.0
2025-04-17 00:00:00-04:00,50.96394155892332,51.43194745914536,50.96394155892332,50.99319076538086,10900,0.0,0.0
2025-04-21 00:00:00-04:00,50.94444096883138,51.353944737728064,50.41793293506683,51.188194274902344,16800,0.0,0.0
2025-04-22 00:00:00-04:00,52.00720418923648,52.25095748901367,51.02244249466391,52.25095748901367,13400,0.0,0.0
2025-04-23 00:00:00-04:00,52.377711999169804,53.11872041876339,51.53920002477423,51.89020538330078,21400,0.0,0.0
2025-04-24 00:00:00-04:00,51.75370197750925,52.51421107649225,51.188192541274596,51.548946380615234,17300,0.0,0.0
2025-04-25 00:00:00-04:00,51.656202011906984,51.67570272341128,50.70068946447899,51.06144332885742,16200,0.0,0.0
2025-04-28 00:00:00-04:00,50.89569660209828,50.90544509887695,50.17418510091399,50.90544509887695,16100,0.0,0.0
2025-04-29 00:00:00-04:00,50.19368033980718,51.188194274902344,50.10592900084642,51.188194274902344,11900,0.0,0.0
2025-04-30 00:00:00-04:00,50.39842993809093,50.70068536288497,49.97917397311666,50.456932067871094,28200,0.0,0.0
2025-05-01 00:00:00-04:00,50.456934224316036,51.56844870198274,50.456934224316036,50.89569091796875,14500,0.0,0.0
2025-05-02 00:00:00-04:00,51.67570096511262,52.026706321485925,51.080942302300095,51.34419631958008,12200,0.0,0.0
2025-05-05 00:00:00-04:00,50.84693914820242,52.114455546389394,50.50568230140353,50.98344039916992,23700,0.0,0.0
2025-05-06 00:00:00-04:00,50.8079420495802,52.19245910644531,50.73969141829138,52.19245910644531,19400,0.0,0.0
2025-05-07 00:00:00-04:00,51.646454275791726,52.845720155599274,51.441698661673975,52.58246612548828,15600,0.0,0.0
2025-05-08 00:00:00-04:00,51.548946912208294,53.411221977948735,51.548946912208294,52.52396011352539,10000,0.0,0.0
2025-05-09 00:00:00-04:00,52.5044611637273,52.74821447222999,52.16320801957566,52.26070785522461,9400,0.0,0.0
2025-05-12 00:00:00-04:00,52.9724710496966,53.27472277332341,52.26070811231266,52.67021560668945,13600,0.0,0.0
2025-05-13 00:00:00-04:00,53.235715946579234,53.469720736663916,52.26070280675631,53.34296798706055,9300,0.0,0.0
2025-05-14 00:00:00-04:00,53.02122301029448,53.177224985738064,52.16321028566449,53.011470794677734,17300,0.0,0.0
2025-05-15 00:00:00-04:00,53.40147018210929,53.89872524752203,53.011463437933834,53.479469299316406,10500,0.0,0.0
2025-05-16 00:00:00-04:00,53.25521876060532,54.44473602840634,52.650711631448445,53.72322463989258,10000,0.0,0.0
2025-05-19 00:00:00-04:00,53.41122235623553,54.230233599917774,52.65071324402353,53.108970642089844,8300,0.0,0.0
2025-05-20 00:00:00-04:00,53.3527218868264,53.6257243843999,52.58246058938107,52.86521530151367,13900,0.0,0.0
2025-05-21 00:00:00-04:00,52.43621427237176,52.43621427237176,51.65620437344276,51.987709045410156,9900,0.0,0.0
2025-05-22 00:00:00-04:00,51.98770540374428,52.904216505862955,51.98770540374428,52.319210052490234,10000,0.0,0.0
2025-05-23 00:00:00-04:00,51.78295352850451,53.03096927964637,51.753704321643475,52.416709899902344,14800,0.0,0.0
2025-05-27 00:00:00-04:00,53.58672889503464,54.01573711798877,51.753706609363235,53.30397415161133,9600,0.0,0.0
2025-05-28 00:00:00-04:00,53.63547855552443,53.63547855552443,51.90970833394315,52.699466705322266,18300,0.0,0.0
2025-05-29 00:00:00-04:00,52.445967074082205,53.92798775829178,52.445967074082205,53.21622848510742,7900,0.0,0.0
2025-05-30 00:00:00-04:00,53.04072223003626,54.113235316117056,53.04072223003626,53.703731536865234,7100,0.0,0.0
2025-06-02 00:00:00-04:00,53.674480300814274,54.015737180319796,53.177225164720575,53.36247634887695,13500,0.0,0.0
2025-06-03 00:00:00-04:00,54.259485397358986,54.93224315806999,53.99623139028595,54.600738525390625,14400,0.0,0.0
2025-06-04 00:00:00-04:00,54.639741826078286,54.86399442069998,54.36673559487687,54.53248977661133,12000,0.0,0.0
2025-06-05 00:00:00-04:00,54.590990074672874,55.01999453874628,54.53248794437099,54.639739990234375,7200,0.0,0.0
2025-06-06 00:00:00-04:00,55.09798986014854,55.166244200483916,54.27897868930278,54.756736755371094,11800,0.0,0.0
2025-06-09 00:00:00-04:00,54.785992145983556,56.20951429088383,54.34723916725694,55.56600570678711,10900,0.0,0.0
2025-06-10 00:00:00-04:00,55.848753057235044,56.41426247981948,55.33199726854104,55.87800598144531,9500,0.0,0.0
2025-06-11 00:00:00-04:00,56.19000967215408,56.24850808157982,55.47825050889386,55.60499954223633,8300,0.0,0.0
2025-06-12 00:00:00-04:00,56.15100657244335,56.297260030390675,55.634250801288026,55.926753997802734,9500,0.0,0.0
2025-06-13 00:00:00-04:00,55.64400975496526,55.64400975496526,53.06022297477974,53.781734466552734,73600,0.0,0.0
2025-06-16 00:00:00-04:00,54.070958667007055,54.070958667007055,53.46308664604008,53.98271942138672,18400,0.305,0.0
2025-06-17 00:00:00-04:00,53.57093373742067,53.70819395173093,52.374802601184946,52.92384719848633,22600,0.0,0.0
2025-06-18 00:00:00-04:00,52.61990960204806,53.34543266436889,52.374801015327,52.63951873779297,16900,0.0,0.0
2025-06-20 00:00:00-04:00,53.08071707103501,53.08071707103501,50.982588082953875,52.59049987792969,57200,0.0,0.0
2025-06-23 00:00:00-04:00,52.463043328605266,53.825850292236645,51.9532207296211,53.816043853759766,20500,0.0,0.0
2025-06-24 00:00:00-04:00,53.884674272568084,54.75726029900307,53.83565330008329,54.62980651855469,11300,0.0,0.0
2025-06-25 00:00:00-04:00,53.37484720852073,54.97295632231656,53.37484720852073,54.52195739746094,13200,0.0,0.0
2025-06-26 00:00:00-04:00,54.76706246429814,55.53180004756111,54.55136571412237,55.33571243286133,16800,0.0,0.0
2025-06-27 00:00:00-04:00,55.37493246762852,56.85539045271062,54.77686690677154,56.669105529785156,51700,0.0,0.0
2025-06-30 00:00:00-04:00,56.65930462218531,56.65930462218531,55.25728313720203,55.80632400512695,21400,0.0,0.0
2025-07-01 00:00:00-04:00,55.49258445104627,56.85539138185647,55.49258445104627,56.23771667480469,18000,0.0,0.0
2025-07-02 00:00:00-04:00,56.26712765921996,56.865193220814035,55.963195399436955,56.36517333984375,13400,0.0,0.0
2025-07-03 00:00:00-04:00,56.453414639283665,57.32600065829686,55.8847608911274,57.29658508300781,9000,0.0,0.0
2025-07-07 00:00:00-04:00,56.89460613981956,57.96327976860405,55.88475992053103,56.071041107177734,23700,0.0,0.0
2025-07-08 00:00:00-04:00,55.93377942288824,56.62008422207698,55.93377942288824,56.46321487426758,16000,0.0,0.0
2025-07-09 00:00:00-04:00,57.345608912338605,57.345608912338605,55.14943424093951,56.139671325683594,15500,0.0,0.0
2025-07-10 00:00:00-04:00,55.81612822805688,56.953431932265616,55.81612822805688,56.09064865112305,11100,0.0,0.0
2025-07-11 00:00:00-04:00,56.18869577896473,56.18869577896473,54.87491355747944,55.32591247558594,22100,0.0,0.0
2025-07-14 00:00:00-04:00,54.89452093757184,56.07103916628333,54.89452093757184,55.5808219909668,9100,0.0,0.0
2025-07-15 00:00:00-04:00,55.551413848788215,55.551413848788215,54.276849856279526,54.835697174072266,18700,0.0,0.0
2025-07-16 00:00:00-04:00,55.384737316636134,55.6690604317863,54.51214761546711,55.10041046142578,14900,0.0,0.0
2025-07-17 00:00:00-04:00,55.110219951701026,55.87496137169846,54.825893061446344,54.9239387512207,12300,0.0,0.0
2025-07-18 00:00:00-04:00,54.5121486238551,54.88471472584812,54.218019065464915,54.4337158203125,19200,0.0,0.0
2025-07-21 00:00:00-04:00,54.914129883763486,55.48278363912546,54.129783100557724,54.463130950927734,14600,0.0,0.0
2025-07-22 00:00:00-04:00,54.33566896394659,55.76710593321289,54.33566896394659,55.33571243286133,12200,0.0,0.0
2025-07-23 00:00:00-04:00,56.09065297152313,57.090696541227445,55.62985133160585,57.04167556762695,12400,0.0,0.0
2025-07-24 00:00:00-04:00,57.208345808434984,57.58091192807169,56.41419633717885,56.92402267456055,12100,0.0,0.0
2025-07-25 00:00:00-04:00,57.59071530936409,57.59071530936409,56.767150306551954,57.4044303894043,9000,0.0,0.0
2025-07-28 00:00:00-04:00,57.247566333943126,58.326046461616876,56.335762005844835,56.63969802856445,9000,0.0,0.0
2025-07-29 00:00:00-04:00,57.67895529094406,57.67895529094406,55.27689035689593,55.316104888916016,13200,0.0,0.0
2025-07-30 00:00:00-04:00,55.923980182956235,56.08084954046557,54.85530651615496,55.276893615722656,10400,0.0,0.0
2025-07-31 00:00:00-04:00,54.71804770130696,55.21806762244237,54.51215362548828,54.51215362548828,13500,0.0,0.0
2025-08-01 00:00:00-04:00,54.16899603278432,54.41410461211819,53.531712230492225,53.8748664855957,14300,0.0,0.0
2025-08-04 00:00:00-04:00,54.37489419619287,56.09065449936927,54.325873221257105,55.6690673828125,17000,0.0,0.0
2025-08-05 00:00:00-04:00,55.88476319045333,56.32595943733744,54.81608949913873,55.7278938293457,17000,0.0,0.0
2025-08-06 00:00:00-04:00,56.17888847317935,56.17888847317935,55.14943313598633,55.14943313598633,6900,0.0,0.0
2025-08-07 00:00:00-04:00,55.159236013502664,55.66906233473698,54.51214947887072,54.61019515991211,12000,0.0,0.0
2025-08-08 00:00:00-04:00,54.44351824645037,55.77690956056046,54.44351824645037,55.20825958251953,5900,0.0,0.0
2025-08-11 00:00:00-04:00,55.698477727850744,56.52204274561722,54.56117401189326,55.14943313598633,7300,0.0,0.0
2025-08-12 00:00:00-04:00,56.47302031386743,56.522045026236874,56.11026063070831,56.45341491699219,7200,0.0,0.0
2025-08-13 00:00:00-04:00,57.35541196353252,58.2378044128418,56.01221789297097,58.2378044128418,15400,0.0,0.0
2025-08-14 00:00:00-04:00,56.89460504518465,57.32599855973452,54.82588793513226,55.757301330566406,11800,0.0,0.0
2025-08-15 00:00:00-04:00,55.94358497537457,56.7965618068326,54.168997467571806,54.39449691772461,75800,0.0,0.0
2025-08-18 00:00:00-04:00,55.1984545566197,56.92402115080752,54.34547769770818,56.03182601928711,17200,0.0,0.0
2025-08-19 00:00:00-04:00,56.10045598791971,57.5711075465819,56.10045598791971,57.247562408447266,11900,0.0,0.0
2025-08-20 00:00:00-04:00,56.96323680287799,58.16917439890996,56.7181282043457,56.7181282043457,9000,0.0,0.0
2025-08-21 00:00:00-04:00,56.7181265699085,57.237759327063834,56.36517333984375,56.36517333984375,3800,0.0,0.0
2025-08-22 00:00:00-04:00,58.277018783600916,60.492802598994544,58.277018783600916,59.757476806640625,17000,0.0,0.0
2025-08-25 00:00:00-04:00,59.25745050788217,60.49279987790197,54.86510508793888,59.15940856933594,10800,0.0,0.0
2025-08-26 00:00:00-04:00,59.433931332157435,60.08101787622686,59.198629174346934,59.55158615112305,10100,0.0,0.0
2025-08-27 00:00:00-04:00,58.05151903396063,60.25749640004818,58.05151903396063,59.92414855957031,6400,0.0,0.0
2025-08-28 00:00:00-04:00,60.051607133274736,60.845760345458984,59.45354154953776,60.845760345458984,7700,0.0,0.0
2025-08-29 00:00:00-04:00,60.62025837516791,61.86540672319228,60.56143096704806,60.992820739746094,12200,0.0,0.0
2025-09-02 00:00:00-04:00,60.26730835434688,60.77713472997887,59.30648301798454,60.2771110534668,7500,0.0,0.0
2025-09-03 00:00:00-04:00,60.17906080245524,60.424169387316915,59.86532211303711,59.86532211303711,9800,0.0,0.0
2025-09-04 00:00:00-04:00,60.53202165761964,61.52225875854492,59.95356521052651,61.52225875854492,7700,0.0,0.0
2025-09-05 00:00:00-04:00,61.52225823153287,62.894867879336246,61.52225823153287,62.159542083740234,7800,0.0,0.0
2025-09-08 00:00:00-04:00,62.51249737435443,62.51249737435443,60.63986776975102,62.11051940917969,6600,0.0,0.0
2025-09-09 00:00:00-04:00,62.385039939817545,62.385039939817545,61.32616902618519,61.5712776184082,6000,0.0,0.0
2025-09-10 00:00:00-04:00,61.24773383687099,61.24773383687099,59.433928081003685,59.590797424316406,8400,0.0,0.0
2025-09-11 00:00:00-04:00,60.22808532364537,62.081105736080445,59.64962887965226,61.316368103027344,5600,0.0,0.0
2025-09-12 00:00:00-04:00,61.4242177551317,61.55167153656882,60.37515322756487,61.09086990356445,5700,0.0,0.0
2025-09-15 00:00:00-04:00,61.13008528116347,61.28695464053218,60.159457288838496,61.26734924316406,6700,0.0,0.0
2025-09-16 00:00:00-04:00,60.757520172039044,61.434018552790164,60.757520172039044,61.27714920043945,4900,0.0,0.0
2025-09-17 00:00:00-04:00,62.030856165805716,62.030856165805716,60.90768051147461,60.90768051147461,9300,0.305,0.0
2025-09-18 00:00:00-04:00,60.94709551148328,62.50377655029297,60.94709551148328,62.50377655029297,7800,0.0,0.0
2025-09-19 00:00:00-04:00,62.15894023308904,62.15894023308904,61.016059253357035,61.272220611572266,18500,0.0,0.0
2025-09-22 00:00:00-04:00,62.07026874894752,62.828905817998375,61.49882637548012,62.33628463745117,7900,0.0,0.0
2025-09-23 00:00:00-04:00,62.32643067919637,62.70082383218896,61.7057306920787,62.08012008666992,8200,0.0,0.0
2025-09-24 00:00:00-04:00,62.37569732170797,63.27226774997722,61.51853373281647,61.94218826293945,7800,0.0,0.0
2025-09-25 00:00:00-04:00,61.518531799316406,61.90277947798489,61.30178103514599,61.518531799316406,10300,0.0,0.0
2025-09-26 00:00:00-04:00,61.84366511659358,61.89292648429005,61.518533324674266,61.88307571411133,6500,0.0,0.0
2025-09-29 00:00:00-04:00,61.70573111192298,61.794403076171875,61.341188726454504,61.794403076171875,12500,0.0,0.0
2025-09-30 00:00:00-04:00,61.79440366735723,62.365842297004875,61.79440366735723,62.040714263916016,6100,0.0,0.0
2025-10-01 00:00:00-04:00,62.011156188461776,63.06536902924474,62.011156188461776,62.77964782714844,7100,0.0,0.0
2025-10-02 00:00:00-04:00,62.64171176794205,62.95698902606911,62.64171176794205,62.92742919921875,8600,0.0,0.0
2025-10-03 00:00:00-04:00,62.92742875887434,63.27226584143871,62.365840911865234,62.365840911865234,5300,0.0,0.0
2025-10-06 00:00:00-04:00,62.28702426457656,63.50872270711539,61.794403076171875,61.794403076171875,4700,0.0,0.0
2025-10-07 00:00:00-04:00,61.97174439035616,63.08506552313564,61.97174439035616,62.28702163696289,7900,0.0,0.0
2025-10-08 00:00:00-04:00,62.32643383618249,62.53333760076993,61.79440578576188,62.493927001953125,7200,0.0,0.0
2025-10-09 00:00:00-04:00,61.87322206191867,62.26732052587544,61.79440462416821,62.001304626464844,6400,0.0,0.0
2025-10-10 00:00:00-04:00,61.912629613059,61.912629613059,60.4249153137207,60.4249153137207,10600,0.0,0.0
2025-10-13 00:00:00-04:00,62.218060414816286,62.42496042129407,59.42982255821949,59.636722564697266,7200,0.0,0.0
2025-10-14 00:00:00-04:00,59.636722328862376,59.8337715640436,59.262332916259766,59.262332916259766,5800,0.0,0.0
2025-10-15 00:00:00-04:00,59.075136849995346,59.7056914214544,58.63177699243766,59.58746337890625,6700,0.0,0.0
2025-10-16 00:00:00-04:00,59.13424729467644,60.91753733125707,59.13424729467644,59.193363189697266,7800,0.0,0.0
2025-10-17 00:00:00-04:00,58.91749303066467,60.0899338574628,58.46428244204758,58.56280517578125,4400,0.0,0.0
2025-10-20 00:00:00-04:00,58.47413424361671,60.89783337527669,58.47413424361671,59.8731803894043,4600,0.0,0.0
2025-10-21 00:00:00-04:00,59.92244192212576,59.95199799116837,59.42982072660786,59.55790328979492,7700,0.0,0.0
2025-10-22 00:00:00-04:00,59.36085447967798,60.18845824433652,59.36085447967798,60.11949157714844,7100,0.0,0.0
2025-10-23 00:00:00-04:00,60.58255627848851,60.58255627848851,59.33129799086486,59.55790328979492,6100,0.0,0.0
2025-10-24 00:00:00-04:00,59.114542045059004,59.5381965637207,58.690887526397304,59.5381965637207,5300,0.0,0.0
2025-10-27 00:00:00-04:00,59.45937788602892,59.80421498425602,58.35590744018555,58.35590744018555,9400,0.0,0.0
2025-10-28 00:00:00-04:00,58.31649671570753,58.31649671570753,56.75981566705897,57.666236877441406,7400,0.0,0.0
2025-10-29 00:00:00-04:00,56.749962674478105,57.666238438438256,56.178524017333984,56.178524017333984,11600,0.0,0.0
2025-10-30 00:00:00-04:00,56.178520855258256,56.937157937470786,54.8287398494938,55.76471710205078,6000,0.0,0.0
2025-10-31 00:00:00-04:00,56.001176676540005,58.51354397802334,55.508555489645175,57.24258041381836,9300,0.0,0.0
2025-11-03 00:00:00-05:00,57.24257956286721,58.59236430094254,54.82873878968711,57.626827239990234,10400,0.0,0.0
2025-11-04 00:00:00-05:00,56.32630208241373,57.892837534122,55.87309151359278,57.39036560058594,15400,0.0,0.0
2025-11-05 00:00:00-05:00,56.26719310780554,57.82387411894562,56.26719310780554,57.14405822753906,7800,0.0,0.0
2025-11-06 00:00:00-05:00,57.04553461355474,57.5381557975806,56.65143616297351,57.02582931518555,6100,0.0,0.0
2025-11-07 00:00:00-05:00,56.9864151125619,56.9962658819225,56.45438336546261,56.55290985107422,7300,0.0,0.0
2025-11-10 00:00:00-05:00,56.956861943018566,56.956861943018566,56.09969838740562,56.4346809387207,4600,0.0,0.0
2025-11-11 00:00:00-05:00,57.29184525906576,57.29184525906576,56.07014306784423,56.36571502685547,9400,0.0,0.0
2025-11-12 00:00:00-05:00,55.71545788454643,56.03073515705897,55.37062454223633,55.37062454223633,6600,0.0,0.0
2025-11-13 00:00:00-05:00,55.17357083126542,55.61693063426834,54.30655652299319,55.28194808959961,13700,0.0,0.0
2025-11-14 00:00:00-05:00,55.27209317386949,55.54796358180379,53.98142812778155,54.562721252441406,23800,0.0,0.0
2025-11-17 00:00:00-05:00,54.38538159291376,55.15386946732966,53.99128312693552,54.11936569213867,12500,0.0,0.0
2025-11-18 00:00:00-05:00,53.81393697554204,54.58242857669176,53.341021090896795,53.82379150390625,9500,0.0,0.0
2025-11-19 00:00:00-05:00,53.50851388370307,53.754824473514695,52.95677680950054,53.10456466674805,12300,0.0,0.0
2025-11-20 00:00:00-05:00,53.006038665771484,53.58733181343647,52.868105335546126,53.006038665771484,13400,0.0,0.0
2025-11-21 00:00:00-05:00,53.045450497963834,54.52331408491483,53.045450497963834,54.345970153808594,16000,0.0,0.0
2025-11-24 00:00:00-05:00,54.77947592319301,54.90755848751399,53.00604035530863,54.405086517333984,10800,0.0,0.0
2025-11-25 00:00:00-05:00,53.3016112685159,55.15386799575051,53.3016112685159,55.10460662841797,14200,0.0,0.0
2025-11-26 00:00:00-05:00,54.68095267527668,55.05534583603639,53.95187165257635,54.84844207763672,15200,0.0,0.0
2025-11-28 00:00:00-05:00,54.119367274829806,55.518409729003906,53.74497409704171,55.518409729003906,9500,0.0,0.0
2025-12-01 00:00:00-05:00,55.429735280878745,55.429735280878745,54.198182291752914,54.345970153808594,13400,0.0,0.0
2025-12-02 00:00:00-05:00,55.06519583853124,55.08490113707559,53.99128149747297,54.07010269165039,19800,0.0,0.0
2025-12-03 00:00:00-05:00,54.237593853735795,54.80903625488281,53.794234018087515,54.80903625488281,18900,0.0,0.0
2025-12-04 00:00:00-05:00,54.58242983232769,55.53811239356593,54.188331373523305,55.16372299194336,18900,0.0,0.0
2025-12-05 00:00:00-05:00,55.27209405000728,55.961764443173415,55.17357131886981,55.18342208862305,17800,0.0,0.0
2025-12-08 00:00:00-05:00,55.34106603635868,55.567675104893134,54.582432665149646,54.700660705566406,15800,0.0,0.0
2025-12-09 00:00:00-05:00,54.93711649169007,55.32136419818611,54.82874298095703,54.82874298095703,13800,0.0,0.0
2025-12-10 00:00:00-05:00,55.38047325594363,56.71055272345994,55.29180129144254,55.607078552246094,43600,0.0,0.0
2025-12-11 00:00:00-05:00,55.21298560243603,56.878043923638984,55.21298560243603,56.848487854003906,19400,0.0,0.0
2025-12-12 00:00:00-05:00,57.19331904680915,57.68594023370398,56.631731194421164,57.24258041381836,21700,0.0,0.0
2025-12-15 00:00:00-05:00,57.41007029400572,57.43962636084351,56.43467874594559,56.64158248901367,13400,0.0,0.0
2025-12-16 00:00:00-05:00,56.641588079445555,58.77134499006224,56.542531200300566,57.879817962646484,23500,0.31,0.0
2025-12-17 00:00:00-05:00,57.770849843747165,57.770849843747165,56.354314635600474,56.80998229980469,11100,0.0,0.0
2025-12-18 00:00:00-05:00,56.958570386516115,57.62225974068496,56.58214747199102,56.849605560302734,10800,0.0,0.0
2025-12-19 00:00:00-05:00,56.562335219778646,57.01800665375795,55.26467282001775,56.06704330444336,37800,0.0,0.0
2025-12-22 00:00:00-05:00,55.532133511283135,57.285467427225456,55.532133511283135,56.07695388793945,10000,0.0,0.0
2025-12-23 00:00:00-05:00,56.086860190331755,56.74064542286021,55.8194020799186,56.403846740722656,11500,0.0,0.0
2025-12-24 00:00:00-05:00,55.81940041864847,56.136386959605375,55.75996780395508,55.75996780395508,3700,0.0,0.0
2025-12-26 00:00:00-05:00,55.55194402777073,56.5128077910754,55.49250763651145,56.215633392333984,14900,0.0,0.0
2025-12-29 00:00:00-05:00,56.16610631373258,57.68169842910408,55.49250897828355,56.61186981201172,19600,0.0,0.0
2025-12-30 00:00:00-05:00,57.45386656313392,57.45386656313392,55.72034472717729,55.75006103515625,7100,0.0,0.0
2025-12-31 00:00:00-05:00,55.54203596418073,55.96798732042599,55.33401426334768,55.43307113647461,10100,0.0,0.0
2026-01-02 00:00:00-05:00,56.30478571790303,56.80007763879283,55.27457761554567,55.967987060546875,18000,0.0,0.0
2026-01-05 00:00:00-05:00,55.789686234213505,58.20670964567699,55.789686234213505,57.05763244628906,19900,0.0,0.0
2026-01-06 00:00:00-05:00,57.04772594920021,57.13687864978393,56.33450434453043,56.70102310180664,11000,0.0,0.0
2026-01-07 00:00:00-05:00,56.136388505476845,57.45386692286623,56.136388505476845,57.15669250488281,8100,0.0,0.0
2026-01-08 00:00:00-05:00,57.850099795338934,59.09823381482787,57.850099795338934,58.1769905090332,17300,0.0,0.0
2026-01-09 00:00:00-05:00,58.57322560947418,59.99966502966624,58.30576750966737,59.335975646972656,18300,0.0,0.0
2026-01-12 00:00:00-05:00,59.4449352894012,59.5638080723481,58.92983501174136,59.316162109375,13700,0.0,0.0
2026-01-13 00:00:00-05:00,58.53360277044622,59.09823529083817,57.97887442638672,58.00859451293945,7600,0.0,0.0
2026-01-14 00:00:00-05:00,57.711411065064134,58.80105552252105,57.70150688963352,58.365196228027344,7500,0.0,0.0
2026-01-15 00:00:00-05:00,59.32606503173325,59.86098120735952,58.880301552044685,59.70248794555664,8700,0.0,0.0
2026-01-16 00:00:00-05:00,59.76192504251797,61.58459568541732,59.76192504251797,60.57420349121094,14200,0.0,0.0
2026-01-20 00:00:00-05:00,60.45533306950419,61.01006140341943,60.13834652977481,60.74260330200195,14900,0.0,0.0
2026-01-21 00:00:00-05:00,61.37657695172033,62.59499468364647,61.37657695172033,62.178951263427734,8600,0.0,0.0
2026-01-22 00:00:00-05:00,63.41717806666791,63.41717806666791,61.09921536412796,61.5152587890625,8800,0.0,0.0
2026-01-23 00:00:00-05:00,61.049686487844895,61.049686487844895,59.18738770776865,60.67326354980469,13500,0.0,0.0
2026-01-26 00:00:00-05:00,60.56429655560481,62.35725470137491,60.356274852049474,61.88177490234375,36500,0.0,0.0
2026-01-27 00:00:00-05:00,61.614318121220094,62.78320740248128,61.11902618098324,62.27800750732422,17600,0.0,0.0
2026-01-28 00:00:00-05:00,62.33744071693796,63.397365112612256,59.73220418628387,60.267120361328125,10000,0.0,0.0
2026-01-29 00:00:00-05:00,59.7421136383139,61.307234163801716,59.7421136383139,61.069496154785156,11800,0.0,0.0
2026-01-30 00:00:00-05:00,60.435517986745644,61.41619764404652,59.593523240233395,60.485050201416016,17300,0.0,0.0
2026-02-02 00:00:00-05:00,61.53506613429109,61.53506613429109,60.51476600402595,61.1784553527832,9500,0.0,0.0
2026-02-03 00:00:00-05:00,60.485053824598474,61.81243639144037,59.96004179210719,61.42610549926758,9700,0.0,0.0
2026-02-04 00:00:00-05:00,61.65393973523269,61.9114898704316,60.61382368238747,61.29732894897461,8200,0.0,0.0
2026-02-05 00:00:00-05:00,59.940230121157235,62.30772881612588,59.48456243410327,62.268104553222656,10300,0.0,0.0
2026-02-06 00:00:00-05:00,61.6143177157611,61.73318672257799,60.425616311259496,61.05958938598633,12900,0.0,0.0
2026-02-09 00:00:00-05:00,61.614314999256806,62.188851655855736,60.39589734146401,61.80252456665039,13600,0.0,0.0
2026-02-10 00:00:00-05:00,61.80252825102783,64.3879528067975,61.80252825102783,63.90256881713867,20000,0.0,0.0
2026-02-11 00:00:00-05:00,62.83273561268667,63.70444670361961,62.733678736509894,63.595481872558594,7900,0.0,0.0
2026-02-12 00:00:00-05:00,63.555864660113535,63.635105625888436,62.2681026074432,63.12990951538086,12300,0.0,0.0
2026-02-13 00:00:00-05:00,63.40727670648185,63.90256864985294,63.38746457529369,63.49642562866211,5700,0.0,0.0
2026-02-17 00:00:00-05:00,64.37804150100202,65.33890903285435,63.8332249247577,64.74456024169922,14600,0.0,0.0
2026-02-18 00:00:00-05:00,65.29928752480173,65.99270077500584,63.61529795262289,64.00162506103516,29300,0.0,0.0
2026-02-19 00:00:00-05:00,64.85352788280771,66.04222551670205,64.42757651177712,65.94316864013672,14600,0.0,0.0
2026-02-20 00:00:00-05:00,65.81439349047353,68.0630155073162,65.80448553584638,67.181396484375,87200,0.0,0.0
2026-02-23 00:00:00-05:00,65.83420118428143,66.84460093461348,65.64598783602145,66.30968475341797,16700,0.0,0.0
2026-02-24 00:00:00-05:00,65.89363741436098,67.2804563798041,65.89363741436098,66.09175872802734,8500,0.0,0.0
2026-02-25 00:00:00-05:00,66.36911964250064,67.04271697998047,65.45778429107358,67.04271697998047,11000,0.0,0.0
2026-02-26 00:00:00-05:00,67.35970120648975,67.72621994848014,65.80448487799505,65.93325805664062,11200,0.0,0.0
2026-02-27 00:00:00-05:00,65.63608526448843,66.7158179880805,65.4874961817089,65.9827880859375,9300,0.0,0.0
2026-03-02 00:00:00-05:00,65.18042068946656,67.04271561635944,65.18042068946656,66.45826721191406,11600,0.0,0.0
2026-03-03 00:00:00-05:00,65.0219249645804,66.42855225357403,64.784186950644,65.88373565673828,13300,0.0,0.0
2026-03-04 00:00:00-05:00,66.57714440287097,66.62667662192784,65.48750360161976,65.57665252685547,10300,0.0,0.0
2026-03-05 00:00:00-05:00,64.79409390399331,66.86441054356771,63.88275100913912,64.57616424560547,16500,0.0,0.0
2026-03-06 00:00:00-05:00,63.62520168898774,64.57616124337834,62.90207217955226,64.50682067871094,20900,0.0,0.0
2026-03-09 00:00:00-04:00,62.5058376200152,64.72474326387797,62.198759053792905,63.436988830566406,10300,0.0,0.0
2026-03-10 00:00:00-04:00,62.40678154858769,64.14030325827068,61.70346793328004,63.17943572998047,19600,0.0,0.0
2026-03-11 00:00:00-04:00,63.16953136835832,63.31811667577017,62.11951114693839,63.14971923828125,12300,0.0,0.0
2026-03-12 00:00:00-04:00,62.258196424630505,63.05066656537601,62.050174713134766,62.050174713134766,13500,0.0,0.0
2026-03-13 00:00:00-04:00,62.61480250114692,62.90207271652265,61.63412663317789,62.68414306640625,8700,0.0,0.0
2026-03-16 00:00:00-04:00,63.100191174714155,63.77378470742087,62.99122634803621,63.39736557006836,9800,0.0,0.0
2026-03-17 00:00:00-04:00,63.23810317586309,66.60257825253935,63.23810317586309,63.75571823120117,18200,0.31,0.0
2026-03-18 00:00:00-04:00,63.705947029968,65.31850654812672,63.218196702264855,64.10411071777344,19100,0.0,0.0
2026-03-19 00:00:00-04:00,63.7059440612793,65.11941787249725,63.656174551915456,63.7059440612793,11500,0.0,0.0
2026-03-20 00:00:00-04:00,63.9647508350667,64.80088769577883,62.82003314727632,64.33304595947266,31100,0.0,0.0
2026-03-23 00:00:00-04:00,64.94024471080635,65.61712067137505,63.496909950964756,64.83074951171875,32000,0.0,0.0
2026-03-24 00:00:00-04:00,64.18374240138539,65.25877444272432,62.32233160225586,63.50686264038086,13000,0.0,0.0
2026-03-25 00:00:00-04:00,63.75571624602526,63.75571624602526,61.83457980328611,63.417274475097656,15000,0.0,0.0
2026-03-26 00:00:00-04:00,62.869802484446886,63.47700036254768,62.312374114990234,62.312374114990234,6300,0.0,0.0
2026-03-27 00:00:00-04:00,61.625546851765854,62.84989501207205,61.07807465284084,61.25724792480469,15200,0.0,0.0
2026-03-30 00:00:00-04:00,61.52600954393992,64.7610733179574,61.52600954393992,64.49231719970703,20400,0.0,0.0
2026-03-31 00:00:00-04:00,64.53213255038732,64.53213255038732,60.620189106708715,61.70518112182617,26800,0.0,0.0
2026-04-01 00:00:00-04:00,62.24269681711756,63.46704497139831,62.093388289329276,62.58113479614258,9700,0.0,0.0
2026-04-02 00:00:00-04:00,61.73504217226455,64.20364706096366,61.73504217226455,62.829986572265625,9800,0.0,0.0
2026-04-06 00:00:00-04:00,63.49691075437937,63.49691075437937,62.39201016367184,62.64086151123047,6800,0.0,0.0
2026-04-07 00:00:00-04:00,63.45709134297535,63.45709134297535,63.17837905883789,63.17837905883789,9300,0.0,0.0
2026-04-08 00:00:00-04:00,63.5466769327528,64.70134697299953,63.08879138857238,64.23350524902344,13700,0.0,0.0
2026-04-09 00:00:00-04:00,63.52677390684989,65.16919437663512,63.068888322763584,64.56199645996094,10900,0.0,0.0
2026-04-10 00:00:00-04:00,64.04437624298491,65.7664308311017,64.04437624298491,65.59721374511719,9000,0.0,0.0
2026-04-13 00:00:00-04:00,65.19904851283619,67.43871048465117,65.19904851283619,66.84146881103516,7000,0.0,0.0
2026-04-14 00:00:00-04:00,66.79170094301477,68.28480904573942,66.79170094301477,68.05587005615234,13100,0.0,0.0
2026-04-15 00:00:00-04:00,67.23963760195252,68.8721018454092,67.18986429436865,68.48389434814453,12200,0.0,0.0
2026-04-16 00:00:00-04:00,67.8866425496439,69.2304458618164,67.8866425496439,69.2304458618164,14200,0.0,0.0
2026-04-17 00:00:00-04:00,69.91727381371446,71.48006000233839,69.63856151424123,70.32539367675781,21900,0.0,0.0
2026-04-20 00:00:00-04:00,70.60410631737051,71.40043368629071,69.89736938476562,69.89736938476562,13100,0.0,0.0
2026-04-21 00:00:00-04:00,68.2549475791079,69.47929955553012,68.24499139875019,68.92186737060547,9600,0.0,0.0
2026-04-22 00:00:00-04:00,69.24039577973569,69.9272279218977,69.17071770693234,69.31007385253906,9300,0.0,0.0
2026-04-23 00:00:00-04:00,69.67837724909472,69.67837724909472,65.1990529973672,67.55816650390625,21000,0.0,0.0
2026-04-24 00:00:00-04:00,66.58266162527917,67.74728403364979,66.58266162527917,66.86137390136719,9000,0.0,0.0
2026-04-27 00:00:00-04:00,66.87133107447728,67.9364144849736,66.09491612402913,66.4731674194336,12000,0.0,0.0
2026-04-28 00:00:00-04:00,64.91038598293487,66.99078724235841,64.91038598293487,66.303955078125,9600,0.0,0.0
2026-04-29 00:00:00-04:00,65.87592647450967,65.88588265444119,64.40272321259069,64.73120880126953,16400,0.0,0.0
2026-04-30 00:00:00-04:00,64.27332226614988,65.37822279707659,64.27332226614988,65.11941528320312,6800,0.0,0.0
2026-05-01 00:00:00-04:00,64.85066508018431,65.6071753310295,64.85066508018431,65.46781158447266,8800,0.0,0.0
2026-05-04 00:00:00-04:00,65.12937365258209,65.65693728350428,63.95479501239407,64.35295867919922,11200,0.0,0.0
2026-05-05 00:00:00-04:00,63.86521570033845,65.52754093710973,63.86521570033845,64.56199645996094,8900,0.0,0.0
2026-05-06 00:00:00-04:00,65.46781146901436,65.46781146901436,64.11406707763672,64.11406707763672,9800,0.0,0.0
2026-05-07 00:00:00-04:00,65.10946637260035,65.60716903830374,64.10410486146432,65.0995101928711,9900,0.0,0.0
2026-05-08 00:00:00-04:00,65.44789966908158,65.67684623376815,64.41267722687341,65.04973602294922,9100,0.0,0.0
2026-05-11 00:00:00-04:00,63.73580500746357,64.20364674925804,62.192927434163494,63.7059440612793,8900,0.0,0.0
2026-05-12 00:00:00-04:00,62.90962126818388,63.815440019192046,62.829987014518444,63.526771545410156,7400,0.0,0.0
2026-05-13 00:00:00-04:00,62.96934326505456,63.974701037631434,62.222789222976516,63.75571823120117,11600,0.0,0.0
2026-05-14 00:00:00-04:00,63.676081831683646,65.10946797436098,63.0390230114582,63.40732192993164,4800,0.0,0.0
2026-05-15 00:00:00-04:00,62.94943787909757,63.04897689819336,62.94943787909757,63.04897689819336,5100,0.0,0.0
2026-05-18 00:00:00-04:00,62.551273977055416,64.88052270868275,62.352192142429885,63.7059440612793,7400,0.0,0.0
2026-05-19 00:00:00-04:00,63.676083115095025,64.07424678434609,62.99920715567032,63.7059440612793,6700,0.0,0.0
2026-05-20 00:00:00-04:00,63.17837950205337,64.07424584616582,62.84989391015543,63.875160217285156,13400,0.0,0.0
2026-05-21 00:00:00-04:00,63.905019860426755,65.1791450762713,63.25800866701841,64.69139099121094,41200,0.0,0.0
2026-05-22 00:00:00-04:00,63.586493735689444,64.8606151440139,63.586493735689444,64.2136001586914,10400,0.0,0.0
2026-05-26 00:00:00-04:00,64.10410936635883,65.29859281025288,63.85525801601919,64.92034149169922,8400,0.0,0.0
2026-05-27 00:00:00-04:00,65.34836391137816,66.83151578290409,65.2388687133789,65.2388687133789,5900,0.0,0.0
2026-05-28 00:00:00-04:00,64.30318243819649,66.50302729382791,64.30318243819649,65.96550750732422,7000,0.0,0.0
2026-05-29 00:00:00-04:00,66.07500576572302,66.25417903620261,65.83611060319699,66.14468383789062,7700,0.0,0.0
2026-06-01 00:00:00-04:00,66.69216292411704,66.96091904513717,65.23887192694222,65.87593078613281,11200,0.0,0.0
2026-06-02 00:00:00-04:00,65.69675314569804,67.10027833545757,65.30854566647521,66.51298522949219,7100,0.0,0.0
2026-06-03 00:00:00-04:00,67.69752100023139,67.69752100023139,65.05969526410686,65.22891235351562,8200,0.0,0.0
2026-06-04 00:00:00-04:00,65.69675764748919,68.18527119474258,65.69675764748919,67.6776123046875,7900,0.0,0.0
2026-06-05 00:00:00-04:00,67.28939905884575,68.56351667125836,67.28939905884575,67.33917236328125,7100,0.0,0.0
2026-06-08 00:00:00-04:00,68.85219033727672,68.85219033727672,66.74193572998047,66.74193572998047,6800,0.0,0.0
2026-06-09 00:00:00-04:00,66.15463711162253,68.46397716615812,66.15463711162253,67.75724029541016,8000,0.0,0.0
2026-06-10 00:00:00-04:00,67.60792935799385,68.76260320600882,67.60792935799385,68.28480529785156,13000,0.0,0.0
2026-06-11 00:00:00-04:00,67.87669212457355,69.6783733480999,67.69751886076197,69.1209487915039,8800,0.0,0.0
2026-06-12 00:00:00-04:00,68.32462476711859,68.70287607806242,67.5282974243164,67.5282974243164,5000,0.0,0.0
2026-06-15 00:00:00-04:00,67.59797954963175,70.05662433345113,67.59797954963175,69.5489730834961,11700,0.0,0.0
2026-06-16 00:00:00-04:00,69.54897814485528,70.15617604738814,66.97087420561341,67.16000366210938,12900,0.0,0.0
2026-06-17 00:00:00-04:00,66.23999786376953,67.54000091552734,65.30999755859375,65.69999694824219,9600,0.31,0.0
2026-06-18 00:00:00-04:00,66.36000061035156,67.44999694824219,66.16999816894531,67.04000091552734,17600,0.0,0.0
2026-06-22 00:00:00-04:00,67.20999908447266,67.20999908447266,64.7699966430664,66.13999938964844,9700,0.0,0.0
2026-06-23 00:00:00-04:00,64.80999755859375,66.95999908447266,64.80999755859375,65.20999908447266,16500,0.0,0.0
2026-06-24 00:00:00-04:00,65.77999877929688,67.72000122070312,65.55000305175781,66.47000122070312,11300,0.0,0.0
2026-06-25 00:00:00-04:00,66.58999633789062,66.87000274658203,65.04000091552734,66.87000274658203,9700,0.0,0.0
2026-06-26 00:00:00-04:00,69.2699966430664,75.75,68.98999786376953,73.97000122070312,84800,0.0,0.0
2026-06-29 00:00:00-04:00,75.0,75.0,73.06999969482422,73.06999969482422,21800,0.0,0.0
2026-06-30 00:00:00-04:00,71.66000366210938,71.66000366210938,68.58999633789062,68.9800033569336,11700,0.0,0.0
2026-07-01 00:00:00-04:00,70.87999725341797,72.25,70.62999725341797,70.62999725341797,9500,0.0,0.0
2026-07-02 00:00:00-04:00,70.68000030517578,73.76000213623047,70.30999755859375,72.77999877929688,22900,0.0,0.0
2026-07-06 00:00:00-04:00,74.4000015258789,74.4000015258789,71.5,71.80999755859375,22800,0.0,0.0
2026-07-07 00:00:00-04:00,71.52999877929688,71.52999877929688,69.13999938964844,69.33000183105469,10400,0.0,0.0
2026-07-08 00:00:00-04:00,68.20999908447266,69.48999786376953,67.25,68.05999755859375,14900,0.0,0.0
2026-07-09 00:00:00-04:00,66.4000015258789,68.37999725341797,66.4000015258789,68.37999725341797,10600,0.0,0.0
2026-07-10 00:00:00-04:00,68.88999938964844,70.31999969482422,67.87000274658203,67.95999908447266,9700,0.0,0.0
2026-07-13 00:00:00-04:00,68.98999786376953,71.5999984741211,68.98999786376953,70.01000213623047,15500,0.0,0.0
2026-07-14 00:00:00-04:00,69.4800033569336,69.55000305175781,68.12999725341797,68.25,19000,0.0,0.0
2026-07-15 00:00:00-04:00,68.30000305175781,71.5199966430664,68.30000305175781,70.41999816894531,47600,0.0,0.0
2026-07-16 00:00:00-04:00,72.0,72.58999633789062,70.68000030517578,71.73999786376953,36000,0.0,0.0
2026-07-17 00:00:00-04:00,71.02999877929688,71.4800033569336,69.01000213623047,69.80000305175781,14000,0.0,0.0
2026-07-20 00:00:00-04:00,69.75,70.33000183105469,69.05999755859375,69.30000305175781,18900,0.0,0.0
2026-07-21 00:00:00-04:00,68.5199966430664,69.51000213623047,67.33999633789062,69.1500015258789,12800,0.0,0.0
2026-07-22 00:00:00-04:00,68.80000305175781,70.87000274658203,68.23999786376953,69.19000244140625,53700,0.0,0.0
2026-07-23 00:00:00-04:00,68.02999877929688,68.0999984741211,63.790000915527344,64.18000030517578,75800,0.0,0.0
2026-07-24 00:00:00-04:00,64.94999694824219,68.76000213623047,64.94999694824219,67.13999938964844,76000,0.0,0.0
2026-07-27 00:00:00-04:00,68.0,70.0,66.9000015258789,69.0999984741211,63200,0.0,0.0
2026-07-28 00:00:00-04:00,70.16000366210938,73.5,70.16000366210938,70.95999908447266,55700,0.0,0.0
2026-07-29 00:00:00-04:00,70.69999694824219,71.80000305175781,69.8499984741211,70.94000244140625,31300,0.0,0.0
2026-07-30 00:00:00-04:00,71.30000305175781,72.04000091552734,69.43000030517578,69.56999969482422,29600,0.0,0.0
2026-07-31 00:00:00-04:00,70.0199966430664,70.76000213623047,69.41000366210938,70.5199966430664,22500,0.0,0.0
