Date,Open,High,Low,Close,Volume,Dividends,Stock Splits
2020-11-24 00:00:00-05:00,5956200.0,9288000.0,5778000.0,7797600.0,8,0.0,0.0
2020-11-25 00:00:00-05:00,7824600.0,8586000.0,6966000.0,7673400.0,2,0.0,0.0
2020-11-27 00:00:00-05:00,7711200.0,8229060.0,7290000.0,7624800.0,1,0.0,0.0
2020-11-30 00:00:00-05:00,7624800.0,7870500.0,7020000.0,7101000.0,1,0.0,0.0
2020-12-01 00:00:00-05:00,7138800.0,7290000.0,6037200.0,6906600.0,2,0.0,0.0
2020-12-02 00:00:00-05:00,6588000.0,6658200.0,6161400.0,6220800.0,1,0.0,0.0
2020-12-03 00:00:00-05:00,6431400.0,7241400.0,6318000.0,7068600.0,1,0.0,0.0
2020-12-04 00:00:00-05:00,7117200.0,8154000.0,6706800.0,8051400.0,2,0.0,0.0
2020-12-07 00:00:00-05:00,7884000.0,8191800.0,7182000.0,7246800.0,1,0.0,0.0
2020-12-08 00:00:00-05:00,7381800.0,7554600.0,6701400.0,6966000.0,1,0.0,0.0
2020-12-09 00:00:00-05:00,7074000.0,7905600.0,6755400.0,7155000.0,2,0.0,0.0
2020-12-10 00:00:00-05:00,6928200.0,7246800.0,6858000.0,7171200.0,1,0.0,0.0
2020-12-11 00:00:00-05:00,7020000.0,7290000.0,6750000.0,6755400.0,1,0.0,0.0
2020-12-14 00:00:00-05:00,6993000.0,6993000.0,6291000.0,6485400.0,1,0.0,0.0
2020-12-15 00:00:00-05:00,6507000.0,6636600.0,6048000.0,6420600.0,1,0.0,0.0
2020-12-16 00:00:00-05:00,6323400.0,6561000.0,6229440.0,6431400.0,0,0.0,0.0
2020-12-17 00:00:00-05:00,6588000.0,8208000.0,6521580.0,6982200.0,4,0.0,0.0
2020-12-18 00:00:00-05:00,7079400.0,7468200.0,6858000.0,7030800.0,1,0.0,0.0
2020-12-21 00:00:00-05:00,7398000.0,9012600.0,7360200.0,8564400.0,4,0.0,0.0
2020-12-22 00:00:00-05:00,9052020.0,9666000.0,8173440.0,8456400.0,3,0.0,0.0
2020-12-23 00:00:00-05:00,8370000.0,8802000.0,7916400.0,8127000.0,1,0.0,0.0
2020-12-24 00:00:00-05:00,8348400.0,8348400.0,7371000.0,7624800.0,1,0.0,0.0
2020-12-28 00:00:00-05:00,7722000.0,7765200.0,7236000.0,7554600.0,1,0.0,0.0
2020-12-29 00:00:00-05:00,7371000.0,7500600.0,6841800.0,7138800.0,1,0.0,0.0
2020-12-30 00:00:00-05:00,7117200.0,7716600.0,7030800.0,7500600.0,0,0.0,0.0
2020-12-31 00:00:00-05:00,7311600.0,7468200.0,7144200.0,7263000.0,0,0.0,0.0
2021-01-04 00:00:00-05:00,7295400.0,7500600.0,6966000.0,7381800.0,0,0.0,0.0
2021-01-05 00:00:00-05:00,7317000.0,7851600.0,7219800.0,7727400.0,1,0.0,0.0
2021-01-06 00:00:00-05:00,7948800.0,8636220.0,7570800.0,7614000.0,1,0.0,0.0
2021-01-07 00:00:00-05:00,7808400.0,8040600.0,7732800.0,7846200.0,0,0.0,0.0
2021-01-08 00:00:00-05:00,7840800.0,7965000.0,7106400.0,7203600.0,1,0.0,0.0
2021-01-11 00:00:00-05:00,7344000.0,7884000.0,7263000.0,7592400.0,1,0.0,0.0
2021-01-12 00:00:00-05:00,7527600.0,7560000.0,7219800.0,7414200.0,0,0.0,0.0
2021-01-13 00:00:00-05:00,7435800.0,7857000.0,7290000.0,7689600.0,0,0.0,0.0
2021-01-14 00:00:00-05:00,7824600.0,9131400.0,7788420.0,8537400.0,1,0.0,0.0
2021-01-15 00:00:00-05:00,8640000.0,8721000.0,7678800.0,7759800.0,1,0.0,0.0
2021-01-19 00:00:00-05:00,7830000.0,8478000.0,7614000.0,8316000.0,1,0.0,0.0
2021-01-20 00:00:00-05:00,8148600.0,8316000.0,7797600.0,7986600.0,0,0.0,0.0
2021-01-21 00:00:00-05:00,8110800.0,8483400.0,7965000.0,8424000.0,0,0.0,0.0
2021-01-22 00:00:00-05:00,8370000.0,8910000.0,8262000.0,8445600.0,1,0.0,0.0
2021-01-25 00:00:00-05:00,8591400.0,8634600.0,7754400.0,8197200.0,1,0.0,0.0
2021-01-26 00:00:00-05:00,8089200.0,8548200.0,7992000.0,8332200.0,0,0.0,0.0
2021-01-27 00:00:00-05:00,8089200.0,8532000.0,7614000.0,8100000.0,1,0.0,0.0
2021-01-28 00:00:00-05:00,8175600.0,8499600.0,7759800.0,8434800.0,1,0.0,0.0
2021-01-29 00:00:00-05:00,8272800.0,8407800.0,7803000.0,8008200.0,1,0.0,0.0
2021-02-01 00:00:00-05:00,7997400.0,8148600.0,7722000.0,7992000.0,0,0.0,0.0
2021-02-02 00:00:00-05:00,7992000.0,8019540.0,7511400.0,7581600.0,0,0.0,0.0
2021-02-03 00:00:00-05:00,7641000.0,7975800.0,7452000.0,7781400.0,0,0.0,0.0
2021-02-04 00:00:00-05:00,7813800.0,8006580.0,7727400.0,7819200.0,0,0.0,0.0
2021-02-05 00:00:00-05:00,7851600.0,8175600.0,7646400.0,7911000.0,0,0.0,0.0
2021-02-08 00:00:00-05:00,8051400.0,9444600.0,7835400.0,8753400.0,1,0.0,0.0
2021-02-09 00:00:00-05:00,8710200.0,8856000.0,8262000.0,8731800.0,1,0.0,0.0
2021-02-10 00:00:00-05:00,8904600.0,8910000.0,8040600.0,8397000.0,0,0.0,0.0
2021-02-11 00:00:00-05:00,8640000.0,8706960.0,8040600.0,8100000.0,0,0.0,0.0
2021-02-12 00:00:00-05:00,8100000.0,8364600.0,8100000.0,8181000.0,0,0.0,0.0
2021-02-16 00:00:00-05:00,8370000.0,8410500.0,8100000.0,8137800.0,0,0.0,0.0
2021-02-17 00:00:00-05:00,8208000.0,8302500.0,7695000.0,7770600.0,0,0.0,0.0
2021-02-18 00:00:00-05:00,7738200.0,7792200.0,7241400.0,7298100.0,0,0.0,0.0
2021-02-19 00:00:00-05:00,7371000.0,7668000.0,7317000.0,7533000.0,0,0.0,0.0
2021-02-22 00:00:00-05:00,7506000.0,7565400.0,7074000.0,7084800.0,0,0.0,0.0
2021-02-23 00:00:00-05:00,6944400.0,7020000.0,5821740.0,6447600.0,0,0.0,0.0
2021-02-24 00:00:00-05:00,6588000.0,6588000.0,6280200.0,6431400.0,0,0.0,0.0
2021-02-25 00:00:00-05:00,6431400.0,6685200.0,6120900.0,6199200.0,0,0.0,0.0
2021-02-26 00:00:00-05:00,6210000.0,6463800.0,5994000.0,6161400.0,0,0.0,0.0
2021-03-01 00:00:00-05:00,6355800.0,6372000.0,6129000.0,6134400.0,0,0.0,0.0
2021-03-02 00:00:00-05:00,6242400.0,6253200.0,5999400.0,6069600.0,0,0.0,0.0
2021-03-03 00:00:00-05:00,6048000.0,6145200.0,5500980.0,5524200.0,0,0.0,0.0
2021-03-04 00:00:00-05:00,5491800.0,5632200.0,4860000.0,4984200.0,0,0.0,0.0
2021-03-05 00:00:00-05:00,5130000.0,5286600.0,4487400.0,5011200.0,0,0.0,0.0
2021-03-08 00:00:00-05:00,5194800.0,5216400.0,4860000.0,4914000.0,0,0.0,0.0
2021-03-09 00:00:00-05:00,4995000.0,5205600.0,4995000.0,5108400.0,0,0.0,0.0
2021-03-10 00:00:00-05:00,5248800.0,5508000.0,5200200.0,5227200.0,0,0.0,0.0
2021-03-11 00:00:00-05:00,5394600.0,5505300.0,5265000.0,5454000.0,0,0.0,0.0
2021-03-12 00:00:00-05:00,5416200.0,5534460.0,5292000.0,5432400.0,0,0.0,0.0
2021-03-15 00:00:00-04:00,5486400.0,5616000.0,5437800.0,5540400.0,0,0.0,0.0
2021-03-16 00:00:00-04:00,5551200.0,5594400.0,5281200.0,5373000.0,0,0.0,0.0
2021-03-17 00:00:00-04:00,5281200.0,5340600.0,5130000.0,5162400.0,0,0.0,0.0
2021-03-18 00:00:00-04:00,5227200.0,5227200.0,4860000.0,4887000.0,0,0.0,0.0
2021-03-19 00:00:00-04:00,4957200.0,5052240.0,4806000.0,4865400.0,0,0.0,0.0
2021-03-22 00:00:00-04:00,4903200.0,4984200.0,4681800.0,4681800.0,0,0.0,0.0
2021-03-23 00:00:00-04:00,4671000.0,4746600.0,4298400.0,4384800.0,0,0.0,0.0
2021-03-24 00:00:00-04:00,4444200.0,4585680.0,4093200.0,4152600.0,0,0.0,0.0
2021-03-25 00:00:00-04:00,4023000.0,4073760.0,3726000.0,4050000.0,0,0.0,0.0
2021-03-26 00:00:00-04:00,4263840.0,4276800.0,3817800.0,3834000.0,0,0.0,0.0
2021-03-29 00:00:00-04:00,3882600.0,4050000.0,3790800.0,3963600.0,0,0.0,0.0
2021-03-30 00:00:00-04:00,3877200.0,4185000.0,3866400.0,4163400.0,0,0.0,0.0
2021-03-31 00:00:00-04:00,4309200.0,4309200.0,4050000.0,4050000.0,0,0.0,0.0
2021-04-01 00:00:00-04:00,4060800.0,4266000.0,4060800.0,4087800.0,0,0.0,0.0
2021-04-05 00:00:00-04:00,4141800.0,4293000.0,4071600.0,4147200.0,0,0.0,0.0
2021-04-06 00:00:00-04:00,4163400.0,4401000.0,4082400.0,4363200.0,0,0.0,0.0
2021-04-07 00:00:00-04:00,4374000.0,4455000.0,4141800.0,4179600.0,0,0.0,0.0
2021-04-08 00:00:00-04:00,4179600.0,4989600.0,4077000.0,4730400.0,1,0.0,0.0
2021-04-09 00:00:00-04:00,4752000.0,4827060.0,4271400.0,4287600.0,0,0.0,0.0
2021-04-12 00:00:00-04:00,4266000.0,4384800.0,3855600.0,3909600.0,0,0.0,0.0
2021-04-13 00:00:00-04:00,3925800.0,3925800.0,3736800.0,3790800.0,0,0.0,0.0
2021-04-14 00:00:00-04:00,3871800.0,3871800.0,3580200.0,3645000.0,0,0.0,0.0
2021-04-15 00:00:00-04:00,3726000.0,3726000.0,3277800.0,3326400.0,0,0.0,0.0
2021-04-16 00:00:00-04:00,3348000.0,3499200.0,3294000.0,3429000.0,0,0.0,0.0
2021-04-19 00:00:00-04:00,3461400.0,3461400.0,3267000.0,3326400.0,0,0.0,0.0
2021-04-20 00:00:00-04:00,3321000.0,3394980.0,3245400.0,3277800.0,0,0.0,0.0
2021-04-21 00:00:00-04:00,3277800.0,3596400.0,3277800.0,3564000.0,0,0.0,0.0
2021-04-22 00:00:00-04:00,3628800.0,3780000.0,3510000.0,3672000.0,0,0.0,0.0
2021-04-23 00:00:00-04:00,3688200.0,3741120.0,3537000.0,3666600.0,0,0.0,0.0
2021-04-26 00:00:00-04:00,3645000.0,3834000.0,3628800.0,3796200.0,0,0.0,0.0
2021-04-27 00:00:00-04:00,3780000.0,3942000.0,3672000.0,3672000.0,0,0.0,0.0
2021-04-28 00:00:00-04:00,3672000.0,3839400.0,3661200.0,3801600.0,0,0.0,0.0
2021-04-29 00:00:00-04:00,3834000.0,3996000.0,3650400.0,3936600.0,0,0.0,0.0
2021-04-30 00:00:00-04:00,3904200.0,4125600.0,3861000.0,3861000.0,0,0.0,0.0
2021-05-03 00:00:00-04:00,3866400.0,4233600.0,3861000.0,3996000.0,0,0.0,0.0
2021-05-04 00:00:00-04:00,3958200.0,4023000.0,3726000.0,3904200.0,0,0.0,0.0
2021-05-05 00:00:00-04:00,3925800.0,3990600.0,3839400.0,3909600.0,0,0.0,0.0
2021-05-06 00:00:00-04:00,3952800.0,3990600.0,3672000.0,3726000.0,0,0.0,0.0
2021-05-07 00:00:00-04:00,3742200.0,3888000.0,3639600.0,3877200.0,0,0.0,0.0
2021-05-10 00:00:00-04:00,3871800.0,3915000.0,3688200.0,3780000.0,0,0.0,0.0
2021-05-11 00:00:00-04:00,3677400.0,3915000.0,3672000.0,3753000.0,0,0.0,0.0
2021-05-12 00:00:00-04:00,3704400.0,3974400.0,3704400.0,3931200.0,0,0.0,0.0
2021-05-13 00:00:00-04:00,3942000.0,4144500.0,3882600.0,4006800.0,0,0.0,0.0
2021-05-14 00:00:00-04:00,4055400.0,4260600.0,3996000.0,4039200.0,0,0.0,0.0
2021-05-17 00:00:00-04:00,4104000.0,4131000.0,3861000.0,3882600.0,0,0.0,0.0
2021-05-18 00:00:00-04:00,3904200.0,4041900.0,3839400.0,3882600.0,0,0.0,0.0
2021-05-19 00:00:00-04:00,3839400.0,3839400.0,3488400.0,3547800.0,0,0.0,0.0
2021-05-20 00:00:00-04:00,3564000.0,3723300.0,3564000.0,3634200.0,0,0.0,0.0
2021-05-21 00:00:00-04:00,3672000.0,3747600.0,3616380.0,3704400.0,0,0.0,0.0
2021-05-24 00:00:00-04:00,3758400.0,3758400.0,3623400.0,3715200.0,0,0.0,0.0
2021-05-25 00:00:00-04:00,3715200.0,3715200.0,3483000.0,3628800.0,0,0.0,0.0
2021-05-26 00:00:00-04:00,3580200.0,3672000.0,3488400.0,3574800.0,0,0.0,0.0
2021-05-27 00:00:00-04:00,3585600.0,3726000.0,3585600.0,3704400.0,0,0.0,0.0
2021-05-28 00:00:00-04:00,3753000.0,4006800.0,3709800.0,3979800.0,0,0.0,0.0
2021-06-01 00:00:00-04:00,4120200.0,4163400.0,3985200.0,4104000.0,0,0.0,0.0
2021-06-02 00:00:00-04:00,4104000.0,5670000.0,4066200.0,5400000.0,3,0.0,0.0
2021-06-03 00:00:00-04:00,5184000.0,5454000.0,4908600.0,5448600.0,1,0.0,0.0
2021-06-04 00:00:00-04:00,5508000.0,5589000.0,4903200.0,5227200.0,0,0.0,0.0
2021-06-07 00:00:00-04:00,5346000.0,5562000.0,5248800.0,5562000.0,0,0.0,0.0
2021-06-08 00:00:00-04:00,5670000.0,6399000.0,5670000.0,6361200.0,0,0.0,0.0
2021-06-09 00:00:00-04:00,6258600.0,6407640.0,5686200.0,5686200.0,0,0.0,0.0
2021-06-10 00:00:00-04:00,5767200.0,6474600.0,5686200.0,6220800.0,0,0.0,0.0
2021-06-11 00:00:00-04:00,6312600.0,6441120.0,6123600.0,6210000.0,0,0.0,0.0
2021-06-14 00:00:00-04:00,6183000.0,6183000.0,5621400.0,5940000.0,0,0.0,0.0
2021-06-15 00:00:00-04:00,6123600.0,6123600.0,5697000.0,5875200.0,0,0.0,0.0
2021-06-16 00:00:00-04:00,5783400.0,5783400.0,5292000.0,5427000.0,0,0.0,0.0
2021-06-17 00:00:00-04:00,5362200.0,5508000.0,5279580.0,5427000.0,0,0.0,0.0
2021-06-18 00:00:00-04:00,5427000.0,5470200.0,5270400.0,5432400.0,0,0.0,0.0
2021-06-21 00:00:00-04:00,5459400.0,5459400.0,5151600.0,5286600.0,0,0.0,0.0
2021-06-22 00:00:00-04:00,5254200.0,5578200.0,5151600.0,5578200.0,0,0.0,0.0
2021-06-23 00:00:00-04:00,5578200.0,5826600.0,5259600.0,5395140.0,0,0.0,0.0
2021-06-24 00:00:00-04:00,5416200.0,5529600.0,5184000.0,5248800.0,0,0.0,0.0
2021-06-25 00:00:00-04:00,5335200.0,5378400.0,4892400.0,5027400.0,0,0.0,0.0
2021-06-28 00:00:00-04:00,5027400.0,5130000.0,4935600.0,5113800.0,0,0.0,0.0
2021-06-29 00:00:00-04:00,5281200.0,5308200.0,5173200.0,5297400.0,0,0.0,0.0
2021-06-30 00:00:00-04:00,5319000.0,5319000.0,4989600.0,5157000.0,0,0.0,0.0
2021-07-01 00:00:00-04:00,5108400.0,5194800.0,5081400.0,5081400.0,0,0.0,0.0
2021-07-02 00:00:00-04:00,5103000.0,5319000.0,5059800.0,5308200.0,0,0.0,0.0
2021-07-06 00:00:00-04:00,5313600.0,5394600.0,4860000.0,4860000.0,0,0.0,0.0
2021-07-07 00:00:00-04:00,4843800.0,4989600.0,4584600.0,4654800.0,0,0.0,0.0
2021-07-08 00:00:00-04:00,4590000.0,4590000.0,4293000.0,4341600.0,0,0.0,0.0
2021-07-09 00:00:00-04:00,4341600.0,4550580.0,4341600.0,4395600.0,0,0.0,0.0
2021-07-12 00:00:00-04:00,4455000.0,4687200.0,4336200.0,4660200.0,0,0.0,0.0
2021-07-13 00:00:00-04:00,4617000.0,4741200.0,4482000.0,4509000.0,0,0.0,0.0
2021-07-14 00:00:00-04:00,4541400.0,4541400.0,4320000.0,4406400.0,0,0.0,0.0
2021-07-15 00:00:00-04:00,4330800.0,4395600.0,4168800.0,4239000.0,0,0.0,0.0
2021-07-16 00:00:00-04:00,4276800.0,4374000.0,4147200.0,4147200.0,0,0.0,0.0
2021-07-19 00:00:00-04:00,4255200.0,4303800.0,3979800.0,4028400.0,0,0.0,0.0
2021-07-20 00:00:00-04:00,4228200.0,4228200.0,4028400.0,4109400.0,0,0.0,0.0
2021-07-21 00:00:00-04:00,4082400.0,4293000.0,4006800.0,4023000.0,0,0.0,0.0
2021-07-22 00:00:00-04:00,4104000.0,4190400.0,3898800.0,4012200.0,0,0.0,0.0
2021-07-23 00:00:00-04:00,4017600.0,4098600.0,3947400.0,4033800.0,0,0.0,0.0
2021-07-26 00:00:00-04:00,4023000.0,4082400.0,3877200.0,3877200.0,0,0.0,0.0
2021-07-27 00:00:00-04:00,3898800.0,3898800.0,3715200.0,3747600.0,0,0.0,0.0
2021-07-28 00:00:00-04:00,3726000.0,3974400.0,3709800.0,3942000.0,0,0.0,0.0
2021-07-29 00:00:00-04:00,3896100.0,4033800.0,3726000.0,3753000.0,0,0.0,0.0
2021-07-30 00:00:00-04:00,3731400.0,3820500.0,3731400.0,3747600.0,0,0.0,0.0
2021-08-02 00:00:00-04:00,3826440.0,3826440.0,3736800.0,3758400.0,0,0.0,0.0
2021-08-03 00:00:00-04:00,3812400.0,3812400.0,3650400.0,3758400.0,0,0.0,0.0
2021-08-04 00:00:00-04:00,3780000.0,3855600.0,3699000.0,3839400.0,0,0.0,0.0
2021-08-05 00:00:00-04:00,3893400.0,3893400.0,3763800.0,3828600.0,0,0.0,0.0
2021-08-06 00:00:00-04:00,3839400.0,3876660.0,3785400.0,3823200.0,0,0.0,0.0
2021-08-09 00:00:00-04:00,3909600.0,4136400.0,3844800.0,4023000.0,0,0.0,0.0
2021-08-10 00:00:00-04:00,3996000.0,4001400.0,3893400.0,3985200.0,0,0.0,0.0
2021-08-11 00:00:00-04:00,3942000.0,3993300.0,3904200.0,3952800.0,0,0.0,0.0
2021-08-12 00:00:00-04:00,3915000.0,3969000.0,3796200.0,3796200.0,0,0.0,0.0
2021-08-13 00:00:00-04:00,3780000.0,3909600.0,3618000.0,3618000.0,0,0.0,0.0
2021-08-16 00:00:00-04:00,3591000.0,3623400.0,3488400.0,3558600.0,0,0.0,0.0
2021-08-17 00:00:00-04:00,3542400.0,3600180.0,3299400.0,3407400.0,0,0.0,0.0
2021-08-18 00:00:00-04:00,3445200.0,3445200.0,3337200.0,3375000.0,0,0.0,0.0
2021-08-19 00:00:00-04:00,3380400.0,3412800.0,3294000.0,3342600.0,0,0.0,0.0
2021-08-20 00:00:00-04:00,3315600.0,3439800.0,3315600.0,3366900.0,0,0.0,0.0
2021-08-23 00:00:00-04:00,3380400.0,3518100.0,3364200.0,3499200.0,0,0.0,0.0
2021-08-24 00:00:00-04:00,3515400.0,3963600.0,3515400.0,3909600.0,0,0.0,0.0
2021-08-25 00:00:00-04:00,3974400.0,3985200.0,3807000.0,3904200.0,0,0.0,0.0
2021-08-26 00:00:00-04:00,3850200.0,3861000.0,3191400.0,3331800.0,1,0.0,0.0
2021-08-27 00:00:00-04:00,3348000.0,3859920.0,3245400.0,3726000.0,1,0.0,0.0
2021-08-30 00:00:00-04:00,3677400.0,3720600.0,3446820.0,3499200.0,0,0.0,0.0
2021-08-31 00:00:00-04:00,3450600.0,3561300.0,3426300.0,3466800.0,0,0.0,0.0
2021-09-01 00:00:00-04:00,3488400.0,3558600.0,3358800.0,3375000.0,0,0.0,0.0
2021-09-02 00:00:00-04:00,3445200.0,3558600.0,3385800.0,3466800.0,0,0.0,0.0
2021-09-03 00:00:00-04:00,3450600.0,3526200.0,3294000.0,3375000.0,0,0.0,0.0
2021-09-07 00:00:00-04:00,3445200.0,3528360.0,3358800.0,3429000.0,0,0.0,0.0
2021-09-08 00:00:00-04:00,3456000.0,3488400.0,3345300.0,3412800.0,0,0.0,0.0
2021-09-09 00:00:00-04:00,3402000.0,3666600.0,3353400.0,3661200.0,0,0.0,0.0
2021-09-10 00:00:00-04:00,3672000.0,3769200.0,3607740.0,3709800.0,0,0.0,0.0
2021-09-13 00:00:00-04:00,3763800.0,3834000.0,3677400.0,3753000.0,0,0.0,0.0
2021-09-14 00:00:00-04:00,3753000.0,3753000.0,3645000.0,3747600.0,0,0.0,0.0
2021-09-15 00:00:00-04:00,3753000.0,3753000.0,3666600.0,3699000.0,0,0.0,0.0
2021-09-16 00:00:00-04:00,3758400.0,3758400.0,3618000.0,3688200.0,0,0.0,0.0
2021-09-17 00:00:00-04:00,3699000.0,3871800.0,3628800.0,3699000.0,0,0.0,0.0
2021-09-20 00:00:00-04:00,3655800.0,3699000.0,3439800.0,3661200.0,0,0.0,0.0
2021-09-21 00:00:00-04:00,3682800.0,3682800.0,3585600.0,3618000.0,0,0.0,0.0
2021-09-22 00:00:00-04:00,3601800.0,3601800.0,3483000.0,3483000.0,0,0.0,0.0
2021-09-23 00:00:00-04:00,3483000.0,3532680.0,3483000.0,3515400.0,0,0.0,0.0
2021-09-24 00:00:00-04:00,3493800.0,3537000.0,3483000.0,3483000.0,0,0.0,0.0
2021-09-27 00:00:00-04:00,3537000.0,3682800.0,3510000.0,3677400.0,0,0.0,0.0
2021-09-28 00:00:00-04:00,3677400.0,3780000.0,3645000.0,3726000.0,0,0.0,0.0
2021-09-29 00:00:00-04:00,3731400.0,3807000.0,3688200.0,3742200.0,0,0.0,0.0
2021-09-30 00:00:00-04:00,3731400.0,3758400.0,3628800.0,3699000.0,0,0.0,0.0
2021-10-01 00:00:00-04:00,3720600.0,3877200.0,3682800.0,3871800.0,0,0.0,0.0
2021-10-04 00:00:00-04:00,3877200.0,3969000.0,3634200.0,3661200.0,0,0.0,0.0
2021-10-05 00:00:00-04:00,3672000.0,3738420.0,3564000.0,3591000.0,0,0.0,0.0
2021-10-06 00:00:00-04:00,3585600.0,3655800.0,3418200.0,3488400.0,0,0.0,0.0
2021-10-07 00:00:00-04:00,3510000.0,3628800.0,3510000.0,3596400.0,0,0.0,0.0
2021-10-08 00:00:00-04:00,3639600.0,3693600.0,3580200.0,3650400.0,0,0.0,0.0
2021-10-11 00:00:00-04:00,3650400.0,3677400.0,3499200.0,3520800.0,0,0.0,0.0
2021-10-12 00:00:00-04:00,3510000.0,3672000.0,3510000.0,3623400.0,0,0.0,0.0
2021-10-13 00:00:00-04:00,3591000.0,3709260.0,3591000.0,3688200.0,0,0.0,0.0
2021-10-14 00:00:00-04:00,3682800.0,3682800.0,3439800.0,3515400.0,0,0.0,0.0
2021-10-15 00:00:00-04:00,3596400.0,3601800.0,3456000.0,3510000.0,0,0.0,0.0
2021-10-18 00:00:00-04:00,3510000.0,3510000.0,3396600.0,3407400.0,0,0.0,0.0
2021-10-19 00:00:00-04:00,3461400.0,3483000.0,3348000.0,3348000.0,0,0.0,0.0
2021-10-20 00:00:00-04:00,3402000.0,3504600.0,3402000.0,3483000.0,0,0.0,0.0
2021-10-21 00:00:00-04:00,3483000.0,3672000.0,3385800.0,3402000.0,0,0.0,0.0
2021-10-22 00:00:00-04:00,3434400.0,3483000.0,3369600.0,3472200.0,0,0.0,0.0
2021-10-25 00:00:00-04:00,3537000.0,3882600.0,3537000.0,3780000.0,0,0.0,0.0
2021-10-26 00:00:00-04:00,3882600.0,3888000.0,3553200.0,3699000.0,0,0.0,0.0
2021-10-27 00:00:00-04:00,3807000.0,3834000.0,3634200.0,3834000.0,0,0.0,0.0
2021-10-28 00:00:00-04:00,3834000.0,3850200.0,3720600.0,3753000.0,0,0.0,0.0
2021-10-29 00:00:00-04:00,3785400.0,3877200.0,3763800.0,3812400.0,0,0.0,0.0
2021-11-01 00:00:00-04:00,3834000.0,3877200.0,3736800.0,3850200.0,0,0.0,0.0
2021-11-02 00:00:00-04:00,3834000.0,3834000.0,3618000.0,3655800.0,0,0.0,0.0
2021-11-03 00:00:00-04:00,3623400.0,3650400.0,3537000.0,3585600.0,0,0.0,0.0
2021-11-04 00:00:00-04:00,3558600.0,3726000.0,3439800.0,3439800.0,0,0.0,0.0
2021-11-05 00:00:00-04:00,3472200.0,3585600.0,3412800.0,3412800.0,0,0.0,0.0
2021-11-08 00:00:00-05:00,3391200.0,3564000.0,3326400.0,3483000.0,0,0.0,0.0
2021-11-09 00:00:00-05:00,3520800.0,3537000.0,3439800.0,3488400.0,0,0.0,0.0
2021-11-10 00:00:00-05:00,3504600.0,3504600.0,3391200.0,3445200.0,0,0.0,0.0
2021-11-11 00:00:00-05:00,3504600.0,3558600.0,3402000.0,3423600.0,0,0.0,0.0
2021-11-12 00:00:00-05:00,3429000.0,3591000.0,3412800.0,3558600.0,0,0.0,0.0
2021-11-15 00:00:00-05:00,3612600.0,3618000.0,3456000.0,3499200.0,0,0.0,0.0
2021-11-16 00:00:00-05:00,3564000.0,3564000.0,3353400.0,3464100.0,0,0.0,0.0
2021-11-17 00:00:00-05:00,3423600.0,3510000.0,3348000.0,3510000.0,0,0.0,0.0
2021-11-18 00:00:00-05:00,3439800.0,3504600.0,3294000.0,3407400.0,0,0.0,0.0
2021-11-19 00:00:00-05:00,3348000.0,3564000.0,3321000.0,3564000.0,0,0.0,0.0
2021-11-22 00:00:00-05:00,3612600.0,3877200.0,3456000.0,3589380.0,1,0.0,0.0
2021-11-23 00:00:00-05:00,3774600.0,3777840.0,3402000.0,3477600.0,0,0.0,0.0
2021-11-24 00:00:00-05:00,3515400.0,3645000.0,3456000.0,3585600.0,0,0.0,0.0
2021-11-26 00:00:00-05:00,3580200.0,3580200.0,3375000.0,3423600.0,0,0.0,0.0
2021-11-29 00:00:00-05:00,3434400.0,3510000.0,3267000.0,3310200.0,0,0.0,0.0
2021-11-30 00:00:00-05:00,3310200.0,3348000.0,3180600.0,3342600.0,0,0.0,0.0
2021-12-01 00:00:00-05:00,3304800.0,3439800.0,3223800.0,3272400.0,0,0.0,0.0
2021-12-02 00:00:00-05:00,3240000.0,3369600.0,3067200.0,3132000.0,0,0.0,0.0
2021-12-03 00:00:00-05:00,3132000.0,3169800.0,2926800.0,3034800.0,0,0.0,0.0
2021-12-06 00:00:00-05:00,3072600.0,3132000.0,2974860.0,3080700.0,0,0.0,0.0
2021-12-07 00:00:00-05:00,3175200.0,3411180.0,3132000.0,3353400.0,0,0.0,0.0
2021-12-08 00:00:00-05:00,3429000.0,3439800.0,3261600.0,3304800.0,0,0.0,0.0
2021-12-09 00:00:00-05:00,3272400.0,3456000.0,3267000.0,3412800.0,0,0.0,0.0
2021-12-10 00:00:00-05:00,3353400.0,3429000.0,3240000.0,3321000.0,0,0.0,0.0
2021-12-13 00:00:00-05:00,3283200.0,3402000.0,3240000.0,3288600.0,0,0.0,0.0
2021-12-14 00:00:00-05:00,3380400.0,3429000.0,2921400.0,2980800.0,0,0.0,0.0
2021-12-15 00:00:00-05:00,2970000.0,3132000.0,2943000.0,2943000.0,0,0.0,0.0
2021-12-16 00:00:00-05:00,2964600.0,3121200.0,2926800.0,2986200.0,0,0.0,0.0
2021-12-17 00:00:00-05:00,2899800.0,2964600.0,2743200.0,2813400.0,0,0.0,0.0
2021-12-20 00:00:00-05:00,2953800.0,2953800.0,2710800.0,2840400.0,0,0.0,0.0
2021-12-21 00:00:00-05:00,2835000.0,2931120.0,2721600.0,2743200.0,0,0.0,0.0
2021-12-22 00:00:00-05:00,2816100.0,2843100.0,2683800.0,2748600.0,0,0.0,0.0
2021-12-23 00:00:00-05:00,2754000.0,2862000.0,2683800.0,2818800.0,0,0.0,0.0
2021-12-27 00:00:00-05:00,2802600.0,2862000.0,2676240.0,2737800.0,0,0.0,0.0
2021-12-28 00:00:00-05:00,2705400.0,2729700.0,2586600.0,2624400.0,0,0.0,0.0
2021-12-29 00:00:00-05:00,2548800.0,2583900.0,2467800.0,2484000.0,0,0.0,0.0
2021-12-30 00:00:00-05:00,2592000.0,2592000.0,2462400.0,2500200.0,0,0.0,0.0
2021-12-31 00:00:00-05:00,2511000.0,2705400.0,2457000.0,2613600.0,0,0.0,0.0
2022-01-03 00:00:00-05:00,2635200.0,2700000.0,2575800.0,2651400.0,0,0.0,0.0
2022-01-04 00:00:00-05:00,3002400.0,3078000.0,2727000.0,2959200.0,1,0.0,0.0
2022-01-05 00:00:00-05:00,2959200.0,2959200.0,2667600.0,2683800.0,0,0.0,0.0
2022-01-06 00:00:00-05:00,2662200.0,2721600.0,2596860.0,2646000.0,0,0.0,0.0
2022-01-07 00:00:00-05:00,2613600.0,2700000.0,2592000.0,2602800.0,0,0.0,0.0
2022-01-10 00:00:00-05:00,2694600.0,2818800.0,2548800.0,2570400.0,0,0.0,0.0
2022-01-11 00:00:00-05:00,2602800.0,2732400.0,2516400.0,2565000.0,0,0.0,0.0
2022-01-12 00:00:00-05:00,2608200.0,2616300.0,2527200.0,2527200.0,0,0.0,0.0
2022-01-13 00:00:00-05:00,2570400.0,2574180.0,2376000.0,2376000.0,0,0.0,0.0
2022-01-14 00:00:00-05:00,2338200.0,2683800.0,2268000.0,2451600.0,0,0.0,0.0
2022-01-18 00:00:00-05:00,2430000.0,2484000.0,2403000.0,2473200.0,0,0.0,0.0
2022-01-19 00:00:00-05:00,2462400.0,2538000.0,2384100.0,2432700.0,0,0.0,0.0
2022-01-20 00:00:00-05:00,2403000.0,2451600.0,2349000.0,2365200.0,0,0.0,0.0
2022-01-21 00:00:00-05:00,2457000.0,2457000.0,2316600.0,2376000.0,0,0.0,0.0
2022-01-24 00:00:00-05:00,2370600.0,2370600.0,2112480.0,2262600.0,0,0.0,0.0
2022-01-25 00:00:00-05:00,2376000.0,2424600.0,2219400.0,2403000.0,0,0.0,0.0
2022-01-26 00:00:00-05:00,2424600.0,2430000.0,2268000.0,2343600.0,0,0.0,0.0
2022-01-27 00:00:00-05:00,2322000.0,2430000.0,2257200.0,2289600.0,0,0.0,0.0
2022-01-28 00:00:00-05:00,2316600.0,2349000.0,2133000.0,2257200.0,0,0.0,0.0
2022-01-31 00:00:00-05:00,2349000.0,2685420.0,2349000.0,2548800.0,0,0.0,0.0
2022-02-01 00:00:00-05:00,2759400.0,2764800.0,2613600.0,2673000.0,0,0.0,0.0
2022-02-02 00:00:00-05:00,2673000.0,2813400.0,2602800.0,2656800.0,0,0.0,0.0
2022-02-03 00:00:00-05:00,2754000.0,2754000.0,2613600.0,2673000.0,0,0.0,0.0
2022-02-04 00:00:00-05:00,2662200.0,2662200.0,2548800.0,2565000.0,0,0.0,0.0
2022-02-07 00:00:00-05:00,2678400.0,2678400.0,2554200.0,2565000.0,0,0.0,0.0
2022-02-08 00:00:00-05:00,2548800.0,2678400.0,2548800.0,2592000.0,0,0.0,0.0
2022-02-09 00:00:00-05:00,2570400.0,2592000.0,2467800.0,2500200.0,0,0.0,0.0
2022-02-10 00:00:00-05:00,2484000.0,2511000.0,2403000.0,2511000.0,0,0.0,0.0
2022-02-11 00:00:00-05:00,2538000.0,3024000.0,2538000.0,2872800.0,1,0.0,0.0
2022-02-14 00:00:00-05:00,2991600.0,2991600.0,2705940.0,2964600.0,0,0.0,0.0
2022-02-15 00:00:00-05:00,3034800.0,3315600.0,2970000.0,3261600.0,0,0.0,0.0
2022-02-16 00:00:00-05:00,3315600.0,3763800.0,3186000.0,3655800.0,0,0.0,0.0
2022-02-17 00:00:00-05:00,3655800.0,3709800.0,3412800.0,3547800.0,0,0.0,0.0
2022-02-18 00:00:00-05:00,3510000.0,3553200.0,3240000.0,3445200.0,0,0.0,0.0
2022-02-22 00:00:00-05:00,3418200.0,3645000.0,3337200.0,3493800.0,0,0.0,0.0
2022-02-23 00:00:00-05:00,3483000.0,3645000.0,3445200.0,3580200.0,0,0.0,0.0
2022-02-24 00:00:00-05:00,3510000.0,3510000.0,3191400.0,3466800.0,0,0.0,0.0
2022-02-25 00:00:00-05:00,3510000.0,3699000.0,3466800.0,3661200.0,0,0.0,0.0
2022-02-28 00:00:00-05:00,3812400.0,4012200.0,3672000.0,3969000.0,0,0.0,0.0
2022-03-01 00:00:00-05:00,4023000.0,4185000.0,3915000.0,3952800.0,0,0.0,0.0
2022-03-02 00:00:00-05:00,3942000.0,4195800.0,3942000.0,4047300.0,0,0.0,0.0
2022-03-03 00:00:00-05:00,4050000.0,4141800.0,3949020.0,4098600.0,0,0.0,0.0
2022-03-04 00:00:00-05:00,4060800.0,4093200.0,3796200.0,3861000.0,0,0.0,0.0
2022-03-07 00:00:00-05:00,3828600.0,3828600.0,3326400.0,3396600.0,0,0.0,0.0
2022-03-08 00:00:00-05:00,3358800.0,3544560.0,3358800.0,3420900.0,0,0.0,0.0
2022-03-09 00:00:00-05:00,3493800.0,3595320.0,3423600.0,3461400.0,0,0.0,0.0
2022-03-10 00:00:00-05:00,3385800.0,3456000.0,3375000.0,3445200.0,0,0.0,0.0
2022-03-11 00:00:00-05:00,3412800.0,3607200.0,3412800.0,3558600.0,0,0.0,0.0
2022-03-14 00:00:00-04:00,3515400.0,3515400.0,3267000.0,3272400.0,0,0.0,0.0
2022-03-15 00:00:00-04:00,3340440.0,3396600.0,3240000.0,3294000.0,0,0.0,0.0
2022-03-16 00:00:00-04:00,3294000.0,3823200.0,3002400.0,3564000.0,0,0.0,0.0
2022-03-17 00:00:00-04:00,3742200.0,3807000.0,3450600.0,3672000.0,0,0.0,0.0
2022-03-18 00:00:00-04:00,3672000.0,3717900.0,3504600.0,3601800.0,0,0.0,0.0
2022-03-21 00:00:00-04:00,3564000.0,3612600.0,3510000.0,3510000.0,0,0.0,0.0
2022-03-22 00:00:00-04:00,3531600.0,3607200.0,3288600.0,3423600.0,0,0.0,0.0
2022-03-23 00:00:00-04:00,3472200.0,3504600.0,3277800.0,3299400.0,0,0.0,0.0
2022-03-24 00:00:00-04:00,3564000.0,3564000.0,3299400.0,3321000.0,0,0.0,0.0
2022-03-25 00:00:00-04:00,3569400.0,3612600.0,3375000.0,3418200.0,0,0.0,0.0
2022-03-28 00:00:00-04:00,3369600.0,3618000.0,3348000.0,3358800.0,0,0.0,0.0
2022-03-29 00:00:00-04:00,3402000.0,3510000.0,3380400.0,3439800.0,0,0.0,0.0
2022-03-30 00:00:00-04:00,3412800.0,3564000.0,3409560.0,3456000.0,0,0.0,0.0
2022-03-31 00:00:00-04:00,3483000.0,3564000.0,3353400.0,3564000.0,0,0.0,0.0
2022-04-01 00:00:00-04:00,3588300.0,3726000.0,3429000.0,3510000.0,0,0.0,0.0
2022-04-04 00:00:00-04:00,3463020.0,3510000.0,3375000.0,3483000.0,0,0.0,0.0
2022-04-05 00:00:00-04:00,3456000.0,3456000.0,3267000.0,3318300.0,0,0.0,0.0
2022-04-06 00:00:00-04:00,3240000.0,3310200.0,3132000.0,3186000.0,0,0.0,0.0
2022-04-07 00:00:00-04:00,3180600.0,3186000.0,3051000.0,3132000.0,0,0.0,0.0
2022-04-08 00:00:00-04:00,3132000.0,3175200.0,2970000.0,2980800.0,0,0.0,0.0
2022-04-11 00:00:00-04:00,2980800.0,2980800.0,2835000.0,2835000.0,0,0.0,0.0
2022-04-12 00:00:00-04:00,2937600.0,2937600.0,2770200.0,2770200.0,0,0.0,0.0
2022-04-13 00:00:00-04:00,2856600.0,2856600.0,2711340.0,2770200.0,0,0.0,0.0
2022-04-14 00:00:00-04:00,2808000.0,2808000.0,2700000.0,2700000.0,0,0.0,0.0
2022-04-18 00:00:00-04:00,2754000.0,2754000.0,2511000.0,2570400.0,0,0.0,0.0
2022-04-19 00:00:00-04:00,2592000.0,2808000.0,2592000.0,2727000.0,0,0.0,0.0
2022-04-20 00:00:00-04:00,2727000.0,2805300.0,2678400.0,2700000.0,0,0.0,0.0
2022-04-21 00:00:00-04:00,2697300.0,2715660.0,2548800.0,2575800.0,0,0.0,0.0
2022-04-22 00:00:00-04:00,2646000.0,2743200.0,2586600.0,2689200.0,0,0.0,0.0
2022-04-25 00:00:00-04:00,2673000.0,2700000.0,2600640.0,2656800.0,0,0.0,0.0
2022-04-26 00:00:00-04:00,2667600.0,2667600.0,2376000.0,2381400.0,0,0.0,0.0
2022-04-27 00:00:00-04:00,2430000.0,2532600.0,2359800.0,2408400.0,0,0.0,0.0
2022-04-28 00:00:00-04:00,2494800.0,2640600.0,2354400.0,2376000.0,0,0.0,0.0
2022-04-29 00:00:00-04:00,2343600.0,2430000.0,2343600.0,2424600.0,0,0.0,0.0
2022-05-02 00:00:00-04:00,2430000.0,2451600.0,2241000.0,2305800.0,0,0.0,0.0
2022-05-03 00:00:00-04:00,2376000.0,2473200.0,2305800.0,2446200.0,0,0.0,0.0
2022-05-04 00:00:00-04:00,2446200.0,2457000.0,2311740.0,2440800.0,0,0.0,0.0
2022-05-05 00:00:00-04:00,2457000.0,2516400.0,2268000.0,2349000.0,0,0.0,0.0
2022-05-06 00:00:00-04:00,2359800.0,2392200.0,2284740.0,2391660.0,0,0.0,0.0
2022-05-09 00:00:00-04:00,2316600.0,2316600.0,2127600.0,2172960.0,0,0.0,0.0
2022-05-10 00:00:00-04:00,2208600.0,2257740.0,2030400.0,2030400.0,0,0.0,0.0
2022-05-11 00:00:00-04:00,2079000.0,2149200.0,2030400.0,2044980.0,0,0.0,0.0
2022-05-12 00:00:00-04:00,2073600.0,2100600.0,1998000.0,2027160.0,0,0.0,0.0
2022-05-13 00:00:00-04:00,2111400.0,2256660.0,2025000.0,2214000.0,0,0.0,0.0
2022-05-16 00:00:00-04:00,2284200.0,2284200.0,2165400.0,2172960.0,0,0.0,0.0
2022-05-17 00:00:00-04:00,2170800.0,2262600.0,2165400.0,2262600.0,0,0.0,0.0
2022-05-18 00:00:00-04:00,2187000.0,2214000.0,2165400.0,2208600.0,0,0.0,0.0
2022-05-19 00:00:00-04:00,2165400.0,2176200.0,2116800.0,2160000.0,0,0.0,0.0
2022-05-20 00:00:00-04:00,2133000.0,2316600.0,2100600.0,2284200.0,0,0.0,0.0
2022-05-23 00:00:00-04:00,2268000.0,2298780.0,2122200.0,2295000.0,0,0.0,0.0
2022-05-24 00:00:00-04:00,2276640.0,2301480.0,2133000.0,2143800.0,0,0.0,0.0
2022-05-25 00:00:00-04:00,2138400.0,2235600.0,2133000.0,2143800.0,0,0.0,0.0
2022-05-26 00:00:00-04:00,2192400.0,2246400.0,2160000.0,2241000.0,0,0.0,0.0
2022-05-27 00:00:00-04:00,2311200.0,2322000.0,2237220.0,2322000.0,0,0.0,0.0
2022-05-31 00:00:00-04:00,2349000.0,2349000.0,2224800.0,2244240.0,0,0.0,0.0
2022-06-01 00:00:00-04:00,2322000.0,2322000.0,2240460.0,2295000.0,0,0.0,0.0
2022-06-02 00:00:00-04:00,2322000.0,2322000.0,2246400.0,2268000.0,0,0.0,0.0
2022-06-03 00:00:00-04:00,2170800.0,2320920.0,2170800.0,2262600.0,0,0.0,0.0
2022-06-06 00:00:00-04:00,2246400.0,2327400.0,2192400.0,2327400.0,0,0.0,0.0
2022-06-07 00:00:00-04:00,2214000.0,2289600.0,2160000.0,2289600.0,0,0.0,0.0
2022-06-08 00:00:00-04:00,2270700.0,2300400.0,2214000.0,2300400.0,0,0.0,0.0
2022-06-09 00:00:00-04:00,2197800.0,2268000.0,2197800.0,2262600.0,0,0.0,0.0
2022-06-10 00:00:00-04:00,2232900.0,2327400.0,2212380.0,2322000.0,0,0.0,0.0
2022-06-13 00:00:00-04:00,2208600.0,2214000.0,2052000.0,2062800.0,0,0.0,0.0
2022-06-14 00:00:00-04:00,2106000.0,2106000.0,1890000.0,1911600.0,0,0.0,0.0
2022-06-15 00:00:00-04:00,1960200.0,1971000.0,1852200.0,1933200.0,0,0.0,0.0
2022-06-16 00:00:00-04:00,1922400.0,2056860.0,1809000.0,1809000.0,0,0.0,0.0
2022-06-17 00:00:00-04:00,1809000.0,1938060.0,1809000.0,1917000.0,0,0.0,0.0
2022-06-21 00:00:00-04:00,1917000.0,2057400.0,1849500.0,2006100.0,0,0.0,0.0
2022-06-22 00:00:00-04:00,2149200.0,2149200.0,1811160.0,2062800.0,0,0.0,0.0
2022-06-23 00:00:00-04:00,2241000.0,2365200.0,2106000.0,2311200.0,0,0.0,0.0
2022-06-24 00:00:00-04:00,2381400.0,2430000.0,2273400.0,2281500.0,0,0.0,0.0
2022-06-27 00:00:00-04:00,2478600.0,2478600.0,2354400.0,2430000.0,0,0.0,0.0
2022-06-28 00:00:00-04:00,2430000.0,2700000.0,2430000.0,2582280.0,0,0.0,0.0
2022-06-29 00:00:00-04:00,2683800.0,2683800.0,2435940.0,2597400.0,0,0.0,0.0
2022-06-30 00:00:00-04:00,2613600.0,2619000.0,2435400.0,2511000.0,0,0.0,0.0
2022-07-01 00:00:00-04:00,2500200.0,2592000.0,2484000.0,2575800.0,0,0.0,0.0
2022-07-05 00:00:00-04:00,2592000.0,2592000.0,2496960.0,2551500.0,0,0.0,0.0
2022-07-06 00:00:00-04:00,2592000.0,2602800.0,2300400.0,2489400.0,0,0.0,0.0
2022-07-07 00:00:00-04:00,2538000.0,2538000.0,2394900.0,2521800.0,0,0.0,0.0
2022-07-08 00:00:00-04:00,2480220.0,2516400.0,2480220.0,2516400.0,0,0.0,0.0
2022-07-11 00:00:00-04:00,2462400.0,2524500.0,2446200.0,2478600.0,0,0.0,0.0
2022-07-12 00:00:00-04:00,2513160.0,2899800.0,2489400.0,2683800.0,0,0.0,0.0
2022-07-13 00:00:00-04:00,2673000.0,3151980.0,2673000.0,3051000.0,0,0.0,0.0
2022-07-14 00:00:00-04:00,3072600.0,3375000.0,2862000.0,3312900.0,0,0.0,0.0
2022-07-15 00:00:00-04:00,3402000.0,3564000.0,3331800.0,3444120.0,0,0.0,0.0
2022-07-18 00:00:00-04:00,3337200.0,3423600.0,2970000.0,3169800.0,0,0.0,0.0
2022-07-19 00:00:00-04:00,3483000.0,3483000.0,3348000.0,3383100.0,0,0.0,0.0
2022-07-20 00:00:00-04:00,3418200.0,3418200.0,3148200.0,3245400.0,0,0.0,0.0
2022-07-21 00:00:00-04:00,3175200.0,3234060.0,2935980.0,3029400.0,0,0.0,0.0
2022-07-22 00:00:00-04:00,3164400.0,3218400.0,3034800.0,3137400.0,0,0.0,0.0
2022-07-25 00:00:00-04:00,3180600.0,3180600.0,3013200.0,3159000.0,0,0.0,0.0
2022-07-26 00:00:00-04:00,3148200.0,3294000.0,3061800.0,3180600.0,0,0.0,0.0
2022-07-27 00:00:00-04:00,3132000.0,3256200.0,3051000.0,3083400.0,0,0.0,0.0
2022-07-28 00:00:00-04:00,3051000.0,3126060.0,3051000.0,3056400.0,0,0.0,0.0
2022-07-29 00:00:00-04:00,3094200.0,3153600.0,3047760.0,3153600.0,0,0.0,0.0
2022-08-01 00:00:00-04:00,3153600.0,3445200.0,3148200.0,3375000.0,0,0.0,0.0
2022-08-02 00:00:00-04:00,3304800.0,3362040.0,3229200.0,3229200.0,0,0.0,0.0
2022-08-03 00:00:00-04:00,3396600.0,3402000.0,2970000.0,2970000.0,0,0.0,0.0
2022-08-04 00:00:00-04:00,2964600.0,3078000.0,2948400.0,3072600.0,0,0.0,0.0
2022-08-05 00:00:00-04:00,3002400.0,3056400.0,3002400.0,3013200.0,0,0.0,0.0
2022-08-08 00:00:00-04:00,2997000.0,3051000.0,2948400.0,3024000.0,0,0.0,0.0
2022-08-09 00:00:00-04:00,3067200.0,3067200.0,2948400.0,2970000.0,0,0.0,0.0
2022-08-10 00:00:00-04:00,2997000.0,3153600.0,2892780.0,3024000.0,0,0.0,0.0
2022-08-11 00:00:00-04:00,3078000.0,3483000.0,3078000.0,3453300.0,0,0.0,0.0
2022-08-12 00:00:00-04:00,3515400.0,4746600.0,3515400.0,3796200.0,2,0.0,0.0
2022-08-15 00:00:00-04:00,3807000.0,3906900.0,3515400.0,3758400.0,0,0.0,0.0
2022-08-16 00:00:00-04:00,3774600.0,4266000.0,3774600.0,3996000.0,0,0.0,0.0
2022-08-17 00:00:00-04:00,3850200.0,4123440.0,3807000.0,4012200.0,0,0.0,0.0
2022-08-18 00:00:00-04:00,4008420.0,4037580.0,3645000.0,3753000.0,0,0.0,0.0
2022-08-19 00:00:00-04:00,3855600.0,3855600.0,3510000.0,3677400.0,0,0.0,0.0
2022-08-22 00:00:00-04:00,3520800.0,3754620.0,3456000.0,3618000.0,0,0.0,0.0
2022-08-23 00:00:00-04:00,3591000.0,3790800.0,3429000.0,3594780.0,0,0.0,0.0
2022-08-24 00:00:00-04:00,3699000.0,3888000.0,3564000.0,3661200.0,0,0.0,0.0
2022-08-25 00:00:00-04:00,3726000.0,3888000.0,3618000.0,3855600.0,0,0.0,0.0
2022-08-26 00:00:00-04:00,3866400.0,3866400.0,3672000.0,3774600.0,0,0.0,0.0
2022-08-29 00:00:00-04:00,3812400.0,3812400.0,3375000.0,3450600.0,0,0.0,0.0
2022-08-30 00:00:00-04:00,3591000.0,3780000.0,3402000.0,3477600.0,0,0.0,0.0
2022-08-31 00:00:00-04:00,3477600.0,3580200.0,3375000.0,3472200.0,0,0.0,0.0
2022-09-01 00:00:00-04:00,3564000.0,3639600.0,3375000.0,3639600.0,0,0.0,0.0
2022-09-02 00:00:00-04:00,3612600.0,3699000.0,3477600.0,3591000.0,0,0.0,0.0
2022-09-06 00:00:00-04:00,3542400.0,3569940.0,3240000.0,3304800.0,0,0.0,0.0
2022-09-07 00:00:00-04:00,3348000.0,3477600.0,3288600.0,3434400.0,0,0.0,0.0
2022-09-08 00:00:00-04:00,3369600.0,3375000.0,3240000.0,3321000.0,0,0.0,0.0
2022-09-09 00:00:00-04:00,3375000.0,3456000.0,3279960.0,3299400.0,0,0.0,0.0
2022-09-12 00:00:00-04:00,3256200.0,3357720.0,3250800.0,3318300.0,0,0.0,0.0
2022-09-13 00:00:00-04:00,3326400.0,3369600.0,3250800.0,3256200.0,0,0.0,0.0
2022-09-14 00:00:00-04:00,3283200.0,3299400.0,3123900.0,3213000.0,0,0.0,0.0
2022-09-15 00:00:00-04:00,3277800.0,3344220.0,3240000.0,3240000.0,0,0.0,0.0
2022-09-16 00:00:00-04:00,3240000.0,3375000.0,3204900.0,3321000.0,0,0.0,0.0
2022-09-19 00:00:00-04:00,3294000.0,3294000.0,3115800.0,3159000.0,0,0.0,0.0
2022-09-20 00:00:00-04:00,3164400.0,3164400.0,2970000.0,3045600.0,0,0.0,0.0
2022-09-21 00:00:00-04:00,3007800.0,3007800.0,2764800.0,2781000.0,0,0.0,0.0
2022-09-22 00:00:00-04:00,2835000.0,2978100.0,2778300.0,2978100.0,0,0.0,0.0
2022-09-23 00:00:00-04:00,2970000.0,2970000.0,2705400.0,2824200.0,0,0.0,0.0
2022-09-26 00:00:00-04:00,2835000.0,2943000.0,2571480.0,2635200.0,0,0.0,0.0
2022-09-27 00:00:00-04:00,2651400.0,2781000.0,2619000.0,2667600.0,0,0.0,0.0
2022-09-28 00:00:00-04:00,2640600.0,2889000.0,2640600.0,2824200.0,0,0.0,0.0
2022-09-29 00:00:00-04:00,2818800.0,2818800.0,2565000.0,2635200.0,0,0.0,0.0
2022-09-30 00:00:00-04:00,2619000.0,2883600.0,2619000.0,2735100.0,0,0.0,0.0
2022-10-03 00:00:00-04:00,2721600.0,2764800.0,2694600.0,2764800.0,0,0.0,0.0
2022-10-04 00:00:00-04:00,2732400.0,2824200.0,2695680.0,2727000.0,0,0.0,0.0
2022-10-05 00:00:00-04:00,2656800.0,2661660.0,2565000.0,2597400.0,0,0.0,0.0
2022-10-06 00:00:00-04:00,2559600.0,2771280.0,2559600.0,2700000.0,0,0.0,0.0
2022-10-07 00:00:00-04:00,2735640.0,2735640.0,2565000.0,2602800.0,0,0.0,0.0
2022-10-10 00:00:00-04:00,2575800.0,2619000.0,2322000.0,2457000.0,0,0.0,0.0
2022-10-11 00:00:00-04:00,2395440.0,2608200.0,2241000.0,2446200.0,0,0.0,0.0
2022-10-12 00:00:00-04:00,2446200.0,2451600.0,2349000.0,2349000.0,0,0.0,0.0
2022-10-13 00:00:00-04:00,2284200.0,2424600.0,2214000.0,2381400.0,0,0.0,0.0
2022-10-14 00:00:00-04:00,2424600.0,2622780.0,2327400.0,2327400.0,0,0.0,0.0
2022-10-17 00:00:00-04:00,2300400.0,2503980.0,2300400.0,2376000.0,0,0.0,0.0
2022-10-18 00:00:00-04:00,2408400.0,2600640.0,2408400.0,2521260.0,0,0.0,0.0
2022-10-19 00:00:00-04:00,2592000.0,2646000.0,2494800.0,2538000.0,0,0.0,0.0
2022-10-20 00:00:00-04:00,2629800.0,2629800.0,2538000.0,2548800.0,0,0.0,0.0
2022-10-21 00:00:00-04:00,2565000.0,2835000.0,2559600.0,2716200.0,0,0.0,0.0
2022-10-24 00:00:00-04:00,2878200.0,2878200.0,2652480.0,2657880.0,0,0.0,0.0
2022-10-25 00:00:00-04:00,2705400.0,2829060.0,2694600.0,2718360.0,0,0.0,0.0
2022-10-26 00:00:00-04:00,2916000.0,2916000.0,2700000.0,2725920.0,0,0.0,0.0
2022-10-27 00:00:00-04:00,2756700.0,2756700.0,2662200.0,2663820.0,0,0.0,0.0
2022-10-28 00:00:00-04:00,2759400.0,2789640.0,2646000.0,2694600.0,0,0.0,0.0
2022-10-31 00:00:00-04:00,2743200.0,2743200.0,2651400.0,2694600.0,0,0.0,0.0
2022-11-01 00:00:00-04:00,2743200.0,2743200.0,2646000.0,2646000.0,0,0.0,0.0
2022-11-02 00:00:00-04:00,2651400.0,2679480.0,2457000.0,2532600.0,0,0.0,0.0
2022-11-03 00:00:00-04:00,2467800.0,2478600.0,2403540.0,2478060.0,0,0.0,0.0
2022-11-04 00:00:00-04:00,2521800.0,2600640.0,2493720.0,2575260.0,0,0.0,0.0
2022-11-07 00:00:00-05:00,2646000.0,2750760.0,2565000.0,2565000.0,0,0.0,0.0
2022-11-08 00:00:00-05:00,2565000.0,2592000.0,2565000.0,2581200.0,0,0.0,0.0
2022-11-09 00:00:00-05:00,2531520.0,2662200.0,2449980.0,2473200.0,0,0.0,0.0
2022-11-10 00:00:00-05:00,2509380.0,2647620.0,2489400.0,2489400.0,0,0.0,0.0
2022-11-11 00:00:00-05:00,2586600.0,2635200.0,2437560.0,2457000.0,0,0.0,0.0
2022-11-14 00:00:00-05:00,2430000.0,2527200.0,2340360.0,2365200.0,0,0.0,0.0
2022-11-15 00:00:00-05:00,2365200.0,2442960.0,2322000.0,2419200.0,0,0.0,0.0
2022-11-16 00:00:00-05:00,2430000.0,2446200.0,2300400.0,2370600.0,0,0.0,0.0
2022-11-17 00:00:00-05:00,2424600.0,2424600.0,2359800.0,2381400.0,0,0.0,0.0
2022-11-18 00:00:00-05:00,2376000.0,2376540.0,2305800.0,2335500.0,0,0.0,0.0
2022-11-21 00:00:00-05:00,2332800.0,2365200.0,2295000.0,2295000.0,0,0.0,0.0
2022-11-22 00:00:00-05:00,2301480.0,2496960.0,2301480.0,2316600.0,0,0.0,0.0
2022-11-23 00:00:00-05:00,2300400.0,2411100.0,2268000.0,2349000.0,0,0.0,0.0
2022-11-25 00:00:00-05:00,2349000.0,2511000.0,2331720.0,2416500.0,0,0.0,0.0
2022-11-28 00:00:00-05:00,2505600.0,2646000.0,2419200.0,2419200.0,0,0.0,0.0
2022-11-29 00:00:00-05:00,2462400.0,2635200.0,2435400.0,2520180.0,0,0.0,0.0
2022-11-30 00:00:00-05:00,2484000.0,2635200.0,2430000.0,2435400.0,0,0.0,0.0
2022-12-01 00:00:00-05:00,2446200.0,2505600.0,2322000.0,2349000.0,0,0.0,0.0
2022-12-02 00:00:00-05:00,2435400.0,2867400.0,2376000.0,2737800.0,0,0.0,0.0
2022-12-05 00:00:00-05:00,2980800.0,3051000.0,2745360.0,2889000.0,0,0.0,0.0
2022-12-06 00:00:00-05:00,2905200.0,2991600.0,2835000.0,2943000.0,0,0.0,0.0
2022-12-07 00:00:00-05:00,3002400.0,3002400.0,2835000.0,2878200.0,0,0.0,0.0
2022-12-08 00:00:00-05:00,2823660.0,2926800.0,2823660.0,2835000.0,0,0.0,0.0
2022-12-09 00:00:00-05:00,2835000.0,3024000.0,2759400.0,2945700.0,0,0.0,0.0
2022-12-12 00:00:00-05:00,2921400.0,2948400.0,2759400.0,2797200.0,0,0.0,0.0
2022-12-13 00:00:00-05:00,2802600.0,2802600.0,2724300.0,2771820.0,0,0.0,0.0
2022-12-14 00:00:00-05:00,2727000.0,2739960.0,2646000.0,2656800.0,0,0.0,0.0
2022-12-15 00:00:00-05:00,2737800.0,2745900.0,2670300.0,2689200.0,0,0.0,0.0
2022-12-16 00:00:00-05:00,2748600.0,2943000.0,2737800.0,2786400.0,0,0.0,0.0
2022-12-19 00:00:00-05:00,2808000.0,2813400.0,2508300.0,2527200.0,0,0.0,0.0
2022-12-20 00:00:00-05:00,2538000.0,2656800.0,2511000.0,2521800.0,0,0.0,0.0
2022-12-21 00:00:00-05:00,2570400.0,2570400.0,2524500.0,2559600.0,0,0.0,0.0
2022-12-22 00:00:00-05:00,2559600.0,2592000.0,2430000.0,2565000.0,0,0.0,0.0
2022-12-23 00:00:00-05:00,2592000.0,2656260.0,2592000.0,2602800.0,0,0.0,0.0
2022-12-27 00:00:00-05:00,2602800.0,2700000.0,2602800.0,2673000.0,0,0.0,0.0
2022-12-28 00:00:00-05:00,2629800.0,2700000.0,2604960.0,2700000.0,0,0.0,0.0
2022-12-29 00:00:00-05:00,2678400.0,2707020.0,2501820.0,2593080.0,0,0.0,0.0
2022-12-30 00:00:00-05:00,2586600.0,2586600.0,2457000.0,2489400.0,0,0.0,0.0
2023-01-03 00:00:00-05:00,2489400.0,2608200.0,2484000.0,2500200.0,0,0.0,0.0
2023-01-04 00:00:00-05:00,2473200.0,2503980.0,2465100.0,2503980.0,0,0.0,0.0
2023-01-05 00:00:00-05:00,2457000.0,2504520.0,2457000.0,2457000.0,0,0.0,0.0
2023-01-06 00:00:00-05:00,2457000.0,2507220.0,2457000.0,2489400.0,0,0.0,0.0
2023-01-09 00:00:00-05:00,2511000.0,2581200.0,2511000.0,2511000.0,0,0.0,0.0
2023-01-10 00:00:00-05:00,2511000.0,2527200.0,2430000.0,2430000.0,0,0.0,0.0
2023-01-11 00:00:00-05:00,2305800.0,2440800.0,2305800.0,2365200.0,0,0.0,0.0
2023-01-12 00:00:00-05:00,2300400.0,2397600.0,2295000.0,2317680.0,0,0.0,0.0
2023-01-13 00:00:00-05:00,2322000.0,2575800.0,2322000.0,2389500.0,0,0.0,0.0
2023-01-17 00:00:00-05:00,2370600.0,2449980.0,2370600.0,2397600.0,0,0.0,0.0
2023-01-18 00:00:00-05:00,2408400.0,2457000.0,2305800.0,2305800.0,0,0.0,0.0
2023-01-19 00:00:00-05:00,2268000.0,2359800.0,2268000.0,2273400.0,0,0.0,0.0
2023-01-20 00:00:00-05:00,2241000.0,2500200.0,2241000.0,2473200.0,0,0.0,0.0
2023-01-23 00:00:00-05:00,2462400.0,2562840.0,2322000.0,2407860.0,0,0.0,0.0
2023-01-24 00:00:00-05:00,2376000.0,2397600.0,2289600.0,2397600.0,0,0.0,0.0
2023-01-25 00:00:00-05:00,2397600.0,2397600.0,2338200.0,2349000.0,0,0.0,0.0
2023-01-26 00:00:00-05:00,2376000.0,2403000.0,2323620.0,2386800.0,0,0.0,0.0
2023-01-27 00:00:00-05:00,2565000.0,2613600.0,2327400.0,2365200.0,0,0.0,0.0
2023-01-30 00:00:00-05:00,2376000.0,2380860.0,2192400.0,2214000.0,0,0.0,0.0
2023-01-31 00:00:00-05:00,2268000.0,2305800.0,2169180.0,2192400.0,0,0.0,0.0
2023-02-01 00:00:00-05:00,2192400.0,2192400.0,2025000.0,2089800.0,0,0.0,0.0
2023-02-02 00:00:00-05:00,2089800.0,2265840.0,2052000.0,2138400.0,0,0.0,0.0
2023-02-03 00:00:00-05:00,2181600.0,2376000.0,2164860.0,2332800.0,0,0.0,0.0
2023-02-06 00:00:00-05:00,2332800.0,2538000.0,2332800.0,2489400.0,0,0.0,0.0
2023-02-07 00:00:00-05:00,2427300.0,2505600.0,2376000.0,2435400.0,0,0.0,0.0
2023-02-08 00:00:00-05:00,2478600.0,2484000.0,2440800.0,2440800.0,0,0.0,0.0
2023-02-09 00:00:00-05:00,2440800.0,2484000.0,2386800.0,2386800.0,0,0.0,0.0
2023-02-10 00:00:00-05:00,2366280.0,2384100.0,2268000.0,2268000.0,0,0.0,0.0
2023-02-13 00:00:00-05:00,2235600.0,2473200.0,2235600.0,2235600.0,0,0.0,0.0
2023-02-14 00:00:00-05:00,2386800.0,2386800.0,2219400.0,2309040.0,0,0.0,0.0
2023-02-15 00:00:00-05:00,2363580.0,2412720.0,2311200.0,2311200.0,0,0.0,0.0
2023-02-16 00:00:00-05:00,2446200.0,2511000.0,2440800.0,2511000.0,0,0.0,0.0
2023-02-17 00:00:00-05:00,2435400.0,2484000.0,2413800.0,2424600.0,0,0.0,0.0
2023-02-21 00:00:00-05:00,2478600.0,2478600.0,2349000.0,2349000.0,0,0.0,0.0
2023-02-22 00:00:00-05:00,2408400.0,2408400.0,2295000.0,2295000.0,0,0.0,0.0
2023-02-23 00:00:00-05:00,2295000.0,2311200.0,2278800.0,2278800.0,0,0.0,0.0
2023-02-24 00:00:00-05:00,2278800.0,2297700.0,2219400.0,2248560.0,0,0.0,0.0
2023-02-27 00:00:00-05:00,2246400.0,2332800.0,2214000.0,2230200.0,0,0.0,0.0
2023-02-28 00:00:00-05:00,2219400.0,2295000.0,2219400.0,2295000.0,0,0.0,0.0
2023-03-01 00:00:00-05:00,2295000.0,2295000.0,2230200.0,2230200.0,0,0.0,0.0
2023-03-02 00:00:00-05:00,2214000.0,2300400.0,2214000.0,2295000.0,0,0.0,0.0
2023-03-03 00:00:00-05:00,2278800.0,2316600.0,2234520.0,2236140.0,0,0.0,0.0
2023-03-06 00:00:00-05:00,2230200.0,2284200.0,2149200.0,2170800.0,0,0.0,0.0
2023-03-07 00:00:00-05:00,2170800.0,2187000.0,2170800.0,2187000.0,0,0.0,0.0
2023-03-08 00:00:00-05:00,2187000.0,2187000.0,2160000.0,2160000.0,0,0.0,0.0
2023-03-09 00:00:00-05:00,2117340.0,2196180.0,2100600.0,2133000.0,0,0.0,0.0
2023-03-10 00:00:00-05:00,2095200.0,2262600.0,2095200.0,2149200.0,0,0.0,0.0
2023-03-13 00:00:00-04:00,2108160.0,2184300.0,2062800.0,2062800.0,0,0.0,0.0
2023-03-14 00:00:00-04:00,2062800.0,2095200.0,2025000.0,2029320.0,0,0.0,0.0
2023-03-15 00:00:00-04:00,2025000.0,2040660.0,1992060.0,1992060.0,0,0.0,0.0
2023-03-16 00:00:00-04:00,1933200.0,1947240.0,1890000.0,1942920.0,0,0.0,0.0
2023-03-17 00:00:00-04:00,1915380.0,1944000.0,1879200.0,1895400.0,0,0.0,0.0
2023-03-20 00:00:00-04:00,1868400.0,1890000.0,1852200.0,1863000.0,0,0.0,0.0
2023-03-21 00:00:00-04:00,1879200.0,1996380.0,1852200.0,1959660.0,0,0.0,0.0
2023-03-22 00:00:00-04:00,1875420.0,2025000.0,1875420.0,2022300.0,0,0.0,0.0
2023-03-23 00:00:00-04:00,1962900.0,2025000.0,1962900.0,1974240.0,0,0.0,0.0
2023-03-24 00:00:00-04:00,1961280.0,2057400.0,1961280.0,2057400.0,0,0.0,0.0
2023-03-27 00:00:00-04:00,1971000.0,2160000.0,1971000.0,2111400.0,0,0.0,0.0
2023-03-28 00:00:00-04:00,2079000.0,2133000.0,2052000.0,2133000.0,0,0.0,0.0
2023-03-29 00:00:00-04:00,2154600.0,2160000.0,2062800.0,2133000.0,0,0.0,0.0
2023-03-30 00:00:00-04:00,2160000.0,2203200.0,2112480.0,2133000.0,0,0.0,0.0
2023-03-31 00:00:00-04:00,2111400.0,2197800.0,2111400.0,2160000.0,0,0.0,0.0
2023-04-03 00:00:00-04:00,2114100.0,2268000.0,2041200.0,2154600.0,0,0.0,0.0
2023-04-04 00:00:00-04:00,2145420.0,2245860.0,2079000.0,2245860.0,0,0.0,0.0
2023-04-05 00:00:00-04:00,2127600.0,2257200.0,2046600.0,2143800.0,0,0.0,0.0
2023-04-06 00:00:00-04:00,2100060.0,2183760.0,2062800.0,2095200.0,0,0.0,0.0
2023-04-10 00:00:00-04:00,2062800.0,2257200.0,2003400.0,2070360.0,0,0.0,0.0
2023-04-11 00:00:00-04:00,2124900.0,2163780.0,2089800.0,2163780.0,0,0.0,0.0
2023-04-12 00:00:00-04:00,2187000.0,2187000.0,2030400.0,2084400.0,0,0.0,0.0
2023-04-13 00:00:00-04:00,2035800.0,2160000.0,2030400.0,2160000.0,0,0.0,0.0
2023-04-14 00:00:00-04:00,2070360.0,2143800.0,2068200.0,2089800.0,0,0.0,0.0
2023-04-17 00:00:00-04:00,2106000.0,2106000.0,2093040.0,2093040.0,0,0.0,0.0
2023-04-18 00:00:00-04:00,2084400.0,2148660.0,2084400.0,2148660.0,0,0.0,0.0
2023-04-19 00:00:00-04:00,2073600.0,2268000.0,2052000.0,2238300.0,0,0.0,0.0
2023-04-20 00:00:00-04:00,2224800.0,2224800.0,2093580.0,2122200.0,0,0.0,0.0
2023-04-21 00:00:00-04:00,2095200.0,2262600.0,2095200.0,2121660.0,0,0.0,0.0
2023-04-24 00:00:00-04:00,2116800.0,2224800.0,2100060.0,2165400.0,0,0.0,0.0
2023-04-25 00:00:00-04:00,2171880.0,2171880.0,2119500.0,2119500.0,0,0.0,0.0
2023-04-26 00:00:00-04:00,2114100.0,2114100.0,2044440.0,2076300.0,0,0.0,0.0
2023-04-27 00:00:00-04:00,2084400.0,2087100.0,2035800.0,2084400.0,0,0.0,0.0
2023-04-28 00:00:00-04:00,2050380.0,2149200.0,2041200.0,2138400.0,0,0.0,0.0
2023-05-01 00:00:00-04:00,2057400.0,2122200.0,2057400.0,2079000.0,0,0.0,0.0
2023-05-02 00:00:00-04:00,2046600.0,2122200.0,2026620.0,2052000.0,0,0.0,0.0
2023-05-03 00:00:00-04:00,2046600.0,2219400.0,2041740.0,2176200.0,0,0.0,0.0
2023-05-04 00:00:00-04:00,2068740.0,2143800.0,2068740.0,2095200.0,0,0.0,0.0
2023-05-05 00:00:00-04:00,2062800.0,2144880.0,2042820.0,2090880.0,0,0.0,0.0
2023-05-08 00:00:00-04:00,2049300.0,2064960.0,1976400.0,2030400.0,0,0.0,0.0
2023-05-09 00:00:00-04:00,2039580.0,2095200.0,2030400.0,2041200.0,0,0.0,0.0
2023-05-10 00:00:00-04:00,2046600.0,2160000.0,2041200.0,2119500.0,0,0.0,0.0
2023-05-11 00:00:00-04:00,2160000.0,2160000.0,2089800.0,2106000.0,0,0.0,0.0
2023-05-12 00:00:00-04:00,2084940.0,2085480.0,1971000.0,1979100.0,0,0.0,0.0
2023-05-15 00:00:00-04:00,1954800.0,1987200.0,1949400.0,1965600.0,0,0.0,0.0
2023-05-16 00:00:00-04:00,1956420.0,2025540.0,1956420.0,1998000.0,0,0.0,0.0
2023-05-17 00:00:00-04:00,2030400.0,2133000.0,2018520.0,2116800.0,0,0.0,0.0
2023-05-18 00:00:00-04:00,2084400.0,2149200.0,2084400.0,2106000.0,0,0.0,0.0
2023-05-19 00:00:00-04:00,2095200.0,2138400.0,2095200.0,2133000.0,0,0.0,0.0
2023-05-22 00:00:00-04:00,2111400.0,2134620.0,2106000.0,2111400.0,0,0.0,0.0
2023-05-23 00:00:00-04:00,2138400.0,2174580.0,2106000.0,2106000.0,0,0.0,0.0
2023-05-24 00:00:00-04:00,2149200.0,2154600.0,2106000.0,2128140.0,0,0.0,0.0
2023-05-25 00:00:00-04:00,2127600.0,2168100.0,2106000.0,2154600.0,0,0.0,0.0
2023-05-26 00:00:00-04:00,2154600.0,2154600.0,2052000.0,2116800.0,0,0.0,0.0
2023-05-30 00:00:00-04:00,2080080.0,2081700.0,1973700.0,2068200.0,0,0.0,0.0
2023-05-31 00:00:00-04:00,1954800.0,2057400.0,1954800.0,1992600.0,0,0.0,0.0
2023-06-01 00:00:00-04:00,2295000.0,2511000.0,2160000.0,2243700.0,0,0.0,0.0
2023-06-02 00:00:00-04:00,2295000.0,2402460.0,2278800.0,2349000.0,0,0.0,0.0
2023-06-05 00:00:00-04:00,2397600.0,2397600.0,2257200.0,2284200.0,0,0.0,0.0
2023-06-06 00:00:00-04:00,2403000.0,2646000.0,2392200.0,2646000.0,1,0.0,0.0
2023-06-07 00:00:00-04:00,2797200.0,3024000.0,2651400.0,2700000.0,1,0.0,0.0
2023-06-08 00:00:00-04:00,2926800.0,2926800.0,2678400.0,2727000.0,0,0.0,0.0
2023-06-09 00:00:00-04:00,2851200.0,2862000.0,2305800.0,2419200.0,0,0.0,0.0
2023-06-12 00:00:00-04:00,2462400.0,2478600.0,2332800.0,2376000.0,0,0.0,0.0
2023-06-13 00:00:00-04:00,2419200.0,2754000.0,2376540.0,2689200.0,0,0.0,0.0
2023-06-14 00:00:00-04:00,2689200.0,2689200.0,2511000.0,2511000.0,0,0.0,0.0
2023-06-15 00:00:00-04:00,2403000.0,2403000.0,2246400.0,2316600.0,0,0.0,0.0
2023-06-16 00:00:00-04:00,2295000.0,2349000.0,2214000.0,2246400.0,0,0.0,0.0
2023-06-20 00:00:00-04:00,2262600.0,2262600.0,2192400.0,2235600.0,0,0.0,0.0
2023-06-21 00:00:00-04:00,2251800.0,2265840.0,2202660.0,2241000.0,0,0.0,0.0
2023-06-22 00:00:00-04:00,2219400.0,2219400.0,2095200.0,2127600.0,0,0.0,0.0
2023-06-23 00:00:00-04:00,2133000.0,2137320.0,2065500.0,2100600.0,0,0.0,0.0
2023-06-26 00:00:00-04:00,2127600.0,2149200.0,2052000.0,2143800.0,0,0.0,0.0
2023-06-27 00:00:00-04:00,2165400.0,2165400.0,2089800.0,2106000.0,0,0.0,0.0
2023-06-28 00:00:00-04:00,2073600.0,2114100.0,2046600.0,2046600.0,0,0.0,0.0
2023-06-29 00:00:00-04:00,2106000.0,2133000.0,2035800.0,2046600.0,0,0.0,0.0
2023-06-30 00:00:00-04:00,2154600.0,2154600.0,1981800.0,2014200.0,0,0.0,0.0
2023-07-03 00:00:00-04:00,2014200.0,2076300.0,1981800.0,2052000.0,0,0.0,0.0
2023-07-05 00:00:00-04:00,2062800.0,2084400.0,1998000.0,2014200.0,0,0.0,0.0
2023-07-06 00:00:00-04:00,2089800.0,2089800.0,1890000.0,1911600.0,0,0.0,0.0
2023-07-07 00:00:00-04:00,1927800.0,1954800.0,1890000.0,1927800.0,0,0.0,0.0
2023-07-10 00:00:00-04:00,1944000.0,1959120.0,1868400.0,1895400.0,0,0.0,0.0
2023-07-11 00:00:00-04:00,1944000.0,1960200.0,1852200.0,1900800.0,0,0.0,0.0
2023-07-12 00:00:00-04:00,1960200.0,1960200.0,1863000.0,1917000.0,0,0.0,0.0
2023-07-13 00:00:00-04:00,1900800.0,1959660.0,1885140.0,1922400.0,0,0.0,0.0
2023-07-14 00:00:00-04:00,1917000.0,1944000.0,1857600.0,1944000.0,0,0.0,0.0
2023-07-17 00:00:00-04:00,1944000.0,2133000.0,1944000.0,2106000.0,0,0.0,0.0
2023-07-18 00:00:00-04:00,2154600.0,2237220.0,2052000.0,2187000.0,0,0.0,0.0
2023-07-19 00:00:00-04:00,2187000.0,2214000.0,2062800.0,2138400.0,0,0.0,0.0
2023-07-20 00:00:00-04:00,2165400.0,2165400.0,1944000.0,2030400.0,0,0.0,0.0
2023-07-21 00:00:00-04:00,2052000.0,2052000.0,1935900.0,1992600.0,0,0.0,0.0
2023-07-24 00:00:00-04:00,1992600.0,2084400.0,1938600.0,2008800.0,0,0.0,0.0
2023-07-25 00:00:00-04:00,1998000.0,2176200.0,1998000.0,2057400.0,0,0.0,0.0
2023-07-26 00:00:00-04:00,2035800.0,2338200.0,2035800.0,2305800.0,1,0.0,0.0
2023-07-27 00:00:00-04:00,2349000.0,2349000.0,2111400.0,2322000.0,0,0.0,0.0
2023-07-28 00:00:00-04:00,2322000.0,2397600.0,2224800.0,2338200.0,0,0.0,0.0
2023-07-31 00:00:00-04:00,2424600.0,2608200.0,2376000.0,2516400.0,1,0.0,0.0
2023-08-01 00:00:00-04:00,2122200.0,2162700.0,2030400.0,2100600.0,1,0.0,0.0
2023-08-02 00:00:00-04:00,2095200.0,2111400.0,2052000.0,2073600.0,0,0.0,0.0
2023-08-03 00:00:00-04:00,2154600.0,2389500.0,2133000.0,2268000.0,1,0.0,0.0
2023-08-04 00:00:00-04:00,2370600.0,2370600.0,2187000.0,2305800.0,1,0.0,0.0
2023-08-07 00:00:00-04:00,2376000.0,2386800.0,2214000.0,2262600.0,0,0.0,0.0
2023-08-08 00:00:00-04:00,2224800.0,2235600.0,2114100.0,2170800.0,0,0.0,0.0
2023-08-09 00:00:00-04:00,2160000.0,2197800.0,2138400.0,2187000.0,0,0.0,0.0
2023-08-10 00:00:00-04:00,2208600.0,2208600.0,2130300.0,2181600.0,0,0.0,0.0
2023-08-11 00:00:00-04:00,2160000.0,2246400.0,2138400.0,2241000.0,0,0.0,0.0
2023-08-14 00:00:00-04:00,2214000.0,2241000.0,2130840.0,2160000.0,0,0.0,0.0
2023-08-15 00:00:00-04:00,2127600.0,2154600.0,2030400.0,2046600.0,0,0.0,0.0
2023-08-16 00:00:00-04:00,2041200.0,2052000.0,1941300.0,1998000.0,0,0.0,0.0
2023-08-17 00:00:00-04:00,2030400.0,2030400.0,1814400.0,1857600.0,0,0.0,0.0
2023-08-18 00:00:00-04:00,1879200.0,1895400.0,1803600.0,1819800.0,0,0.0,0.0
2023-08-21 00:00:00-04:00,1879200.0,1933200.0,1782000.0,1868400.0,0,0.0,0.0
2023-08-22 00:00:00-04:00,1900800.0,1900800.0,1798200.0,1873800.0,0,0.0,0.0
2023-08-23 00:00:00-04:00,1836000.0,1944000.0,1825200.0,1906200.0,0,0.0,0.0
2023-08-24 00:00:00-04:00,1927800.0,1944000.0,1841400.0,1911600.0,0,0.0,0.0
2023-08-25 00:00:00-04:00,1895400.0,1917000.0,1846800.0,1868400.0,0,0.0,0.0
2023-08-28 00:00:00-04:00,1906200.0,1906200.0,1836000.0,1895400.0,0,0.0,0.0
2023-08-29 00:00:00-04:00,1890000.0,1949400.0,1830600.0,1949400.0,0,0.0,0.0
2023-08-30 00:00:00-04:00,1911600.0,2160000.0,1895400.0,2089800.0,0,0.0,0.0
2023-08-31 00:00:00-04:00,2062800.0,2073600.0,1992600.0,2008800.0,0,0.0,0.0
2023-09-01 00:00:00-04:00,2019600.0,2067120.0,1976400.0,2035800.0,0,0.0,0.0
2023-09-05 00:00:00-04:00,2035800.0,2035800.0,1926180.0,2025000.0,0,0.0,0.0
2023-09-06 00:00:00-04:00,2003400.0,2019600.0,1938600.0,1938600.0,0,0.0,0.0
2023-09-07 00:00:00-04:00,1922400.0,1938600.0,1896480.0,1906200.0,0,0.0,0.0
2023-09-08 00:00:00-04:00,1890000.0,1908900.0,1836000.0,1852200.0,0,0.0,0.0
2023-09-11 00:00:00-04:00,1886220.0,1886220.0,1819800.0,1841400.0,0,0.0,0.0
2023-09-12 00:00:00-04:00,1852200.0,1852200.0,1792800.0,1814400.0,0,0.0,0.0
2023-09-13 00:00:00-04:00,1814400.0,1841400.0,1798200.0,1809000.0,0,0.0,0.0
2023-09-14 00:00:00-04:00,1814400.0,1911600.0,1771200.0,1857600.0,0,0.0,0.0
2023-09-15 00:00:00-04:00,1890000.0,1917000.0,1807920.0,1841400.0,0,0.0,0.0
2023-09-18 00:00:00-04:00,1836000.0,1884600.0,1830600.0,1854360.0,0,0.0,0.0
2023-09-19 00:00:00-04:00,1884600.0,1911600.0,1776600.0,1814400.0,0,0.0,0.0
2023-09-20 00:00:00-04:00,1836000.0,1884600.0,1749600.0,1771200.0,0,0.0,0.0
2023-09-21 00:00:00-04:00,1738800.0,1771200.0,1686960.0,1717200.0,0,0.0,0.0
2023-09-22 00:00:00-04:00,1717200.0,1717200.0,1523340.0,1555200.0,0,0.0,0.0
2023-09-25 00:00:00-04:00,1539000.0,1687500.0,1479600.0,1533600.0,0,0.0,0.0
2023-09-26 00:00:00-04:00,1512000.0,1603800.0,1350000.0,1431000.0,0,0.0,0.0
2023-09-27 00:00:00-04:00,1387800.0,1490400.0,1387800.0,1431000.0,0,0.0,0.0
2023-09-28 00:00:00-04:00,1420200.0,1436400.0,1204200.0,1252800.0,0,0.0,0.0
2023-09-29 00:00:00-04:00,1263600.0,1355400.0,1177200.0,1306800.0,0,0.0,0.0
2023-10-02 00:00:00-04:00,1225800.0,1294380.0,1215000.0,1215000.0,0,0.0,0.0
2023-10-03 00:00:00-04:00,1215000.0,1279800.0,1161000.0,1193400.0,0,0.0,0.0
2023-10-04 00:00:00-04:00,1198800.0,1272240.0,1161000.0,1182600.0,0,0.0,0.0
2023-10-05 00:00:00-04:00,1242000.0,1317600.0,1198800.0,1296000.0,0,0.0,0.0
2023-10-06 00:00:00-04:00,1333800.0,1387800.0,1291140.0,1360800.0,0,0.0,0.0
2023-10-09 00:00:00-04:00,1366200.0,1452600.0,1350000.0,1371600.0,0,0.0,0.0
2023-10-10 00:00:00-04:00,1436400.0,1436400.0,1358100.0,1425600.0,0,0.0,0.0
2023-10-11 00:00:00-04:00,1452600.0,1452600.0,1312200.0,1312200.0,0,0.0,0.0
2023-10-12 00:00:00-04:00,1312200.0,1458000.0,1252800.0,1290600.0,0,0.0,0.0
2023-10-13 00:00:00-04:00,1290600.0,1382400.0,1244160.0,1350000.0,0,0.0,0.0
2023-10-16 00:00:00-04:00,1333800.0,1366200.0,1279800.0,1312200.0,0,0.0,0.0
2023-10-17 00:00:00-04:00,1285200.0,1373760.0,1263600.0,1306800.0,0,0.0,0.0
2023-10-18 00:00:00-04:00,1290600.0,1293300.0,1236600.0,1236600.0,0,0.0,0.0
2023-10-19 00:00:00-04:00,1242000.0,1242000.0,1161000.0,1161000.0,0,0.0,0.0
2023-10-20 00:00:00-04:00,1193400.0,1193400.0,999000.0,999000.0,0,0.0,0.0
2023-10-23 00:00:00-04:00,1031400.0,1269000.0,1026000.0,1053000.0,0,0.0,0.0
2023-10-24 00:00:00-04:00,1053000.0,1235520.0,1053000.0,1063800.0,0,0.0,0.0
2023-10-25 00:00:00-04:00,1042200.0,1065960.0,1026000.0,1026000.0,0,0.0,0.0
2023-10-26 00:00:00-04:00,1026000.0,1069200.0,1004400.0,1069200.0,0,0.0,0.0
2023-10-27 00:00:00-04:00,1015200.0,1117800.0,1015200.0,1058400.0,0,0.0,0.0
2023-10-30 00:00:00-04:00,1053000.0,1107000.0,1020600.0,1026000.0,0,0.0,0.0
2023-10-31 00:00:00-04:00,1015200.0,1026000.0,972000.0,977400.0,0,0.0,0.0
2023-11-01 00:00:00-04:00,1074600.0,1074600.0,945000.0,1036800.0,0,0.0,0.0
2023-11-02 00:00:00-04:00,1031400.0,1074600.0,998460.0,1074600.0,0,0.0,0.0
2023-11-03 00:00:00-04:00,1063800.0,1317600.0,1063800.0,1177200.0,0,0.0,0.0
2023-11-06 00:00:00-05:00,1242000.0,1242000.0,1050300.0,1144800.0,0,0.0,0.0
2023-11-07 00:00:00-05:00,1112400.0,1117800.0,1063800.0,1063800.0,0,0.0,0.0
2023-11-08 00:00:00-05:00,1134000.0,1213920.0,1054620.0,1074600.0,0,0.0,0.0
2023-11-09 00:00:00-05:00,1075140.0,1134000.0,1026000.0,1026000.0,0,0.0,0.0
2023-11-10 00:00:00-05:00,1034640.0,1085400.0,993600.0,1026000.0,0,0.0,0.0
2023-11-13 00:00:00-05:00,1053000.0,1101600.0,1047600.0,1085400.0,0,0.0,0.0
2023-11-14 00:00:00-05:00,993600.0,1063800.0,945000.0,1036800.0,0,0.0,0.0
2023-11-15 00:00:00-05:00,1074600.0,1074600.0,1020600.0,1020600.0,0,0.0,0.0
2023-11-16 00:00:00-05:00,1026000.0,1026000.0,972000.0,993600.0,0,0.0,0.0
2023-11-17 00:00:00-05:00,1090800.0,1090800.0,977400.0,1015200.0,0,0.0,0.0
2023-11-20 00:00:00-05:00,988200.0,1042200.0,956340.0,999000.0,0,0.0,0.0
2023-11-21 00:00:00-05:00,977400.0,999000.0,955800.0,972000.0,0,0.0,0.0
2023-11-22 00:00:00-05:00,988200.0,1025460.0,946080.0,1009800.0,0,0.0,0.0
2023-11-24 00:00:00-05:00,982800.0,1007640.0,972000.0,999000.0,0,0.0,0.0
2023-11-27 00:00:00-05:00,1026000.0,1026000.0,966600.0,977400.0,0,0.0,0.0
2023-11-28 00:00:00-05:00,950400.0,977400.0,874800.0,928800.0,0,0.0,0.0
2023-11-29 00:00:00-05:00,939600.0,939600.0,756000.0,788400.0,0,0.0,0.0
2023-11-30 00:00:00-05:00,804600.0,804600.0,680400.0,712800.0,0,0.0,0.0
2023-12-01 00:00:00-05:00,739800.0,756000.0,545400.0,702000.0,0,0.0,0.0
2023-12-04 00:00:00-05:00,648000.0,680400.0,567000.0,572400.0,1,0.0,0.0
2023-12-05 00:00:00-05:00,572400.0,637200.0,567000.0,604800.0,0,0.0,0.0
2023-12-06 00:00:00-05:00,637200.0,820800.0,623700.0,783000.0,0,0.0,0.0
2023-12-07 00:00:00-05:00,853200.0,904500.0,786780.0,831600.0,0,0.0,0.0
2023-12-08 00:00:00-05:00,815400.0,835920.0,723600.0,766800.0,0,0.0,0.0
2023-12-11 00:00:00-05:00,739800.0,788400.0,691200.0,691200.0,0,0.0,0.0
2023-12-12 00:00:00-05:00,664200.0,685800.0,653400.0,675000.0,0,0.0,0.0
2023-12-13 00:00:00-05:00,669600.0,750600.0,669600.0,739800.0,0,0.0,0.0
2023-12-14 00:00:00-05:00,669600.0,702000.0,599400.0,648000.0,1,0.0,0.0
2023-12-15 00:00:00-05:00,637200.0,648000.0,625860.0,637200.0,0,0.0,0.0
2023-12-18 00:00:00-05:00,631800.0,691200.0,616680.0,631800.0,0,0.0,0.0
2023-12-19 00:00:00-05:00,653400.0,658800.0,615600.0,631800.0,0,0.0,0.0
2023-12-20 00:00:00-05:00,631800.0,631800.0,604800.0,623700.0,0,0.0,0.0
2023-12-21 00:00:00-05:00,621000.0,631800.0,595620.0,604800.0,0,0.0,0.0
2023-12-22 00:00:00-05:00,604800.0,621000.0,599400.0,621000.0,0,0.0,0.0
2023-12-26 00:00:00-05:00,621000.0,648000.0,577800.0,604800.0,0,0.0,0.0
2023-12-27 00:00:00-05:00,599400.0,615600.0,572400.0,610200.0,0,0.0,0.0
2023-12-28 00:00:00-05:00,599400.0,626400.0,588600.0,604800.0,0,0.0,0.0
2023-12-29 00:00:00-05:00,594000.0,610200.0,583200.0,588600.0,0,0.0,0.0
2024-01-02 00:00:00-05:00,594000.0,621000.0,561600.0,572400.0,0,0.0,0.0
2024-01-03 00:00:00-05:00,567000.0,567000.0,540000.0,545400.0,0,0.0,0.0
2024-01-04 00:00:00-05:00,545400.0,545400.0,507600.0,521100.0,0,0.0,0.0
2024-01-05 00:00:00-05:00,505980.0,523800.0,502200.0,513000.0,0,0.0,0.0
2024-01-08 00:00:00-05:00,518400.0,518400.0,432000.0,464400.0,2,0.0,0.0
2024-01-09 00:00:00-05:00,440100.0,461700.0,434700.0,446040.0,0,0.0,0.0
2024-01-10 00:00:00-05:00,433620.0,437400.0,421200.0,429840.0,0,0.0,0.0
2024-01-11 00:00:00-05:00,429300.0,446040.0,415800.0,426600.0,0,0.0,0.0
2024-01-12 00:00:00-05:00,432000.0,447660.0,415800.0,434700.0,0,0.0,0.0
2024-01-16 00:00:00-05:00,432000.0,448200.0,416340.0,431460.0,0,0.0,0.0
2024-01-17 00:00:00-05:00,432000.0,432000.0,406080.0,425520.0,0,0.0,0.0
2024-01-18 00:00:00-05:00,421200.0,437400.0,407700.0,433620.0,0,0.0,0.0
2024-01-19 00:00:00-05:00,426600.0,426600.0,372600.0,405540.0,1,0.0,0.0
2024-01-22 00:00:00-05:00,394200.0,432000.0,393120.0,414720.0,0,0.0,0.0
2024-01-23 00:00:00-05:00,414180.0,432000.0,405000.0,414720.0,0,0.0,0.0
2024-01-24 00:00:00-05:00,430920.0,431460.0,405540.0,430920.0,0,0.0,0.0
2024-01-25 00:00:00-05:00,441720.0,441720.0,410400.0,429840.0,0,0.0,0.0
2024-01-26 00:00:00-05:00,432000.0,432000.0,410400.0,410940.0,0,0.0,0.0
2024-01-29 00:00:00-05:00,405000.0,415800.0,394200.0,406620.0,0,0.0,0.0
2024-01-30 00:00:00-05:00,410400.0,415800.0,387180.0,407700.0,0,0.0,0.0
2024-01-31 00:00:00-05:00,394200.0,415800.0,394200.0,414720.0,0,0.0,0.0
2024-02-01 00:00:00-05:00,405000.0,432000.0,399600.0,407160.0,0,0.0,0.0
2024-02-02 00:00:00-05:00,405000.0,429300.0,405000.0,418500.0,0,0.0,0.0
2024-02-05 00:00:00-05:00,418500.0,426600.0,405000.0,417420.0,0,0.0,0.0
2024-02-06 00:00:00-05:00,432000.0,432000.0,410400.0,429300.0,0,0.0,0.0
2024-02-07 00:00:00-05:00,432000.0,432000.0,410400.0,429840.0,0,0.0,0.0
2024-02-08 00:00:00-05:00,426600.0,442800.0,423900.0,423900.0,0,0.0,0.0
2024-02-09 00:00:00-05:00,432000.0,432000.0,413100.0,428220.0,0,0.0,0.0
2024-02-12 00:00:00-05:00,432000.0,459000.0,421200.0,458460.0,0,0.0,0.0
2024-02-13 00:00:00-05:00,437400.0,459000.0,432000.0,444420.0,0,0.0,0.0
2024-02-14 00:00:00-05:00,486000.0,509220.0,433620.0,486000.0,0,0.0,0.0
2024-02-15 00:00:00-05:00,529200.0,545400.0,459000.0,459000.0,0,0.0,0.0
2024-02-16 00:00:00-05:00,475200.0,499500.0,444420.0,444420.0,0,0.0,0.0
2024-02-20 00:00:00-05:00,442800.0,460620.0,432000.0,453600.0,0,0.0,0.0
2024-02-21 00:00:00-05:00,475740.0,480600.0,432000.0,442800.0,0,0.0,0.0
2024-02-22 00:00:00-05:00,453600.0,453600.0,432000.0,442800.0,0,0.0,0.0
2024-02-23 00:00:00-05:00,437400.0,442800.0,405000.0,425520.0,1,0.0,0.0
2024-02-26 00:00:00-05:00,432000.0,440100.0,413640.0,439020.0,0,0.0,0.0
2024-02-27 00:00:00-05:00,442800.0,442800.0,410400.0,421200.0,0,0.0,0.0
2024-02-28 00:00:00-05:00,415800.0,432000.0,405000.0,432000.0,0,0.0,0.0
2024-02-29 00:00:00-05:00,432000.0,432000.0,421200.0,426600.0,0,0.0,0.0
2024-03-01 00:00:00-05:00,432000.0,432000.0,410400.0,421200.0,0,0.0,0.0
2024-03-04 00:00:00-05:00,432000.0,432000.0,415800.0,416340.0,0,0.0,0.0
2024-03-05 00:00:00-05:00,421200.0,432000.0,405000.0,410400.0,0,0.0,0.0
2024-03-06 00:00:00-05:00,415800.0,416880.0,405000.0,415800.0,0,0.0,0.0
2024-03-07 00:00:00-05:00,417420.0,421200.0,405000.0,409860.0,0,0.0,0.0
2024-03-08 00:00:00-05:00,405000.0,415800.0,405000.0,406080.0,0,0.0,0.0
2024-03-11 00:00:00-04:00,406080.0,421200.0,388800.0,394200.0,0,0.0,0.0
2024-03-12 00:00:00-04:00,394200.0,395280.0,372600.0,372600.0,0,0.0,0.0
2024-03-13 00:00:00-04:00,372600.0,372600.0,336420.0,345600.0,0,0.0,0.0
2024-03-14 00:00:00-04:00,335340.0,351000.0,318600.0,345600.0,0,0.0,0.0
2024-03-15 00:00:00-04:00,334800.0,351000.0,313200.0,350460.0,0,0.0,0.0
2024-03-18 00:00:00-04:00,351000.0,351000.0,318600.0,321300.0,0,0.0,0.0
2024-03-19 00:00:00-04:00,322380.0,337500.0,307800.0,318600.0,0,0.0,0.0
2024-03-20 00:00:00-04:00,337500.0,337500.0,313200.0,318600.0,0,0.0,0.0
2024-03-21 00:00:00-04:00,334800.0,340200.0,318600.0,321300.0,0,0.0,0.0
2024-03-22 00:00:00-04:00,334800.0,340200.0,321300.0,324000.0,0,0.0,0.0
2024-03-25 00:00:00-04:00,324000.0,324000.0,313200.0,324000.0,0,0.0,0.0
2024-03-26 00:00:00-04:00,324000.0,324000.0,313740.0,324000.0,0,0.0,0.0
2024-03-27 00:00:00-04:00,314280.0,324000.0,313740.0,324000.0,0,0.0,0.0
2024-03-28 00:00:00-04:00,324000.0,332100.0,318600.0,321300.0,0,0.0,0.0
2024-04-01 00:00:00-04:00,315360.0,351000.0,310500.0,324000.0,0,0.0,0.0
2024-04-02 00:00:00-04:00,324000.0,334800.0,313200.0,324000.0,0,0.0,0.0
2024-04-03 00:00:00-04:00,318600.0,388800.0,313200.0,331560.0,1,0.0,0.0
2024-04-04 00:00:00-04:00,345600.0,378000.0,324000.0,364500.0,0,0.0,0.0
2024-04-05 00:00:00-04:00,388260.0,388800.0,351000.0,356400.0,0,0.0,0.0
2024-04-08 00:00:00-04:00,378000.0,378000.0,351000.0,351540.0,0,0.0,0.0
2024-04-09 00:00:00-04:00,356400.0,372060.0,345600.0,349920.0,0,0.0,0.0
2024-04-10 00:00:00-04:00,345600.0,349920.0,324540.0,325620.0,0,0.0,0.0
2024-04-11 00:00:00-04:00,326700.0,333180.0,313200.0,326160.0,0,0.0,0.0
2024-04-12 00:00:00-04:00,324000.0,349380.0,321300.0,349380.0,0,0.0,0.0
2024-04-15 00:00:00-04:00,351000.0,351000.0,297540.0,307260.0,0,0.0,0.0
2024-04-16 00:00:00-04:00,318600.0,324000.0,276480.0,276480.0,0,0.0,0.0
2024-04-17 00:00:00-04:00,322920.0,324000.0,276480.0,287820.0,0,0.0,0.0
2024-04-18 00:00:00-04:00,287820.0,301860.0,276480.0,301860.0,0,0.0,0.0
2024-04-19 00:00:00-04:00,302400.0,302400.0,284580.0,288900.0,0,0.0,0.0
2024-04-22 00:00:00-04:00,286200.0,318600.0,280800.0,316980.0,0,0.0,0.0
2024-04-23 00:00:00-04:00,316980.0,316980.0,306180.0,307800.0,0,0.0,0.0
2024-04-24 00:00:00-04:00,301860.0,310500.0,270000.0,292140.0,0,0.0,0.0
2024-04-25 00:00:00-04:00,280800.0,304560.0,280800.0,304020.0,0,0.0,0.0
2024-04-26 00:00:00-04:00,308340.0,323460.0,297000.0,322920.0,0,0.0,0.0
2024-04-29 00:00:00-04:00,329400.0,351000.0,307800.0,348300.0,0,0.0,0.0
2024-04-30 00:00:00-04:00,351000.0,356400.0,329400.0,329400.0,0,0.0,0.0
2024-05-01 00:00:00-04:00,351000.0,351000.0,329400.0,339120.0,0,0.0,0.0
2024-05-02 00:00:00-04:00,345600.0,351000.0,329400.0,329400.0,0,0.0,0.0
2024-05-03 00:00:00-04:00,332640.0,356400.0,308880.0,324000.0,0,0.0,0.0
2024-05-06 00:00:00-04:00,333720.0,346680.0,302400.0,327780.0,0,0.0,0.0
2024-05-07 00:00:00-04:00,321300.0,351000.0,321300.0,351000.0,0,0.0,0.0
2024-05-08 00:00:00-04:00,342900.0,371520.0,334800.0,358560.0,0,0.0,0.0
2024-05-09 00:00:00-04:00,367200.0,415800.0,346140.0,415800.0,1,0.0,0.0
2024-05-10 00:00:00-04:00,410940.0,412020.0,366120.0,378540.0,0,0.0,0.0
2024-05-13 00:00:00-04:00,388800.0,402300.0,367200.0,388800.0,0,0.0,0.0
2024-05-14 00:00:00-04:00,399600.0,405000.0,369360.0,373140.0,0,0.0,0.0
2024-05-15 00:00:00-04:00,372600.0,378000.0,353700.0,377460.0,0,0.0,0.0
2024-05-16 00:00:00-04:00,390960.0,390960.0,367200.0,375300.0,0,0.0,0.0
2024-05-17 00:00:00-04:00,378000.0,378000.0,368280.0,376380.0,0,0.0,0.0
2024-05-20 00:00:00-04:00,386640.0,388800.0,356400.0,356400.0,0,0.0,0.0
2024-05-21 00:00:00-04:00,380700.0,388800.0,324000.0,334800.0,0,0.0,0.0
2024-05-22 00:00:00-04:00,339660.0,372060.0,324000.0,351000.0,0,0.0,0.0
2024-05-23 00:00:00-04:00,340200.0,351000.0,329400.0,329400.0,0,0.0,0.0
2024-05-24 00:00:00-04:00,330480.0,351000.0,329400.0,333720.0,0,0.0,0.0
2024-05-28 00:00:00-04:00,329400.0,333720.0,324000.0,333180.0,0,0.0,0.0
2024-05-29 00:00:00-04:00,340200.0,340200.0,313200.0,324000.0,0,0.0,0.0
2024-05-30 00:00:00-04:00,329400.0,351000.0,324000.0,347220.0,0,0.0,0.0
2024-05-31 00:00:00-04:00,351000.0,351000.0,324540.0,336960.0,0,0.0,0.0
2024-06-03 00:00:00-04:00,351000.0,367200.0,338040.0,338580.0,0,0.0,0.0
2024-06-04 00:00:00-04:00,351000.0,351000.0,324000.0,334800.0,0,0.0,0.0
2024-06-05 00:00:00-04:00,344520.0,351000.0,307800.0,340200.0,0,0.0,0.0
2024-06-06 00:00:00-04:00,329400.0,334800.0,319140.0,319140.0,0,0.0,0.0
2024-06-07 00:00:00-04:00,334800.0,351000.0,334800.0,345600.0,0,0.0,0.0
2024-06-10 00:00:00-04:00,355860.0,378000.0,334800.0,351000.0,0,0.0,0.0
2024-06-11 00:00:00-04:00,340740.0,351000.0,313740.0,351000.0,0,0.0,0.0
2024-06-12 00:00:00-04:00,345600.0,351000.0,313200.0,332640.0,0,0.0,0.0
2024-06-13 00:00:00-04:00,324000.0,349920.0,313200.0,318600.0,0,0.0,0.0
2024-06-14 00:00:00-04:00,324000.0,324000.0,302400.0,305100.0,0,0.0,0.0
2024-06-17 00:00:00-04:00,299700.0,299700.0,286200.0,299700.0,0,0.0,0.0
2024-06-18 00:00:00-04:00,290520.0,296460.0,270000.0,275400.0,0,0.0,0.0
2024-06-20 00:00:00-04:00,275400.0,361800.0,270540.0,340740.0,1,0.0,0.0
2024-06-21 00:00:00-04:00,340200.0,340200.0,291600.0,297540.0,0,0.0,0.0
2024-06-24 00:00:00-04:00,313200.0,318600.0,275400.0,291600.0,0,0.0,0.0
2024-06-25 00:00:00-04:00,297000.0,297000.0,253800.0,270000.0,0,0.0,0.0
2024-06-26 00:00:00-04:00,275400.0,297000.0,259740.0,283500.0,0,0.0,0.0
2024-06-27 00:00:00-04:00,295380.0,318060.0,286200.0,315900.0,0,0.0,0.0
2024-06-28 00:00:00-04:00,325080.0,410400.0,303480.0,378000.0,6,0.0,0.0
2024-07-01 00:00:00-04:00,292680.0,313200.0,264600.0,270000.0,1,0.0,0.0
2024-07-02 00:00:00-04:00,259200.0,259200.0,226800.0,252180.0,1,0.0,0.0
2024-07-03 00:00:00-04:00,248400.0,270000.0,230580.0,245700.0,0,0.0,0.0
2024-07-05 00:00:00-04:00,243540.0,270000.0,233820.0,251100.0,0,0.0,0.0
2024-07-08 00:00:00-04:00,253260.0,270000.0,248400.0,248400.0,0,0.0,0.0
2024-07-09 00:00:00-04:00,253800.0,263520.0,243000.0,248400.0,0,0.0,0.0
2024-07-10 00:00:00-04:00,255420.0,255420.0,240300.0,241380.0,0,0.0,0.0
2024-07-11 00:00:00-04:00,238140.0,261360.0,236520.0,253800.0,0,0.0,0.0
2024-07-12 00:00:00-04:00,253800.0,275400.0,226800.0,253800.0,0,0.0,0.0
2024-07-15 00:00:00-04:00,248940.0,264600.0,243540.0,256500.0,0,0.0,0.0
2024-07-16 00:00:00-04:00,264060.0,264600.0,242460.0,245700.0,0,0.0,0.0
2024-07-17 00:00:00-04:00,245700.0,265140.0,241920.0,249480.0,0,0.0,0.0
2024-07-18 00:00:00-04:00,248400.0,261900.0,237600.0,261360.0,0,0.0,0.0
2024-07-19 00:00:00-04:00,264600.0,264600.0,243000.0,243000.0,0,0.0,0.0
2024-07-22 00:00:00-04:00,243000.0,244080.0,226800.0,237600.0,0,0.0,0.0
2024-07-23 00:00:00-04:00,237060.0,249480.0,229500.0,234900.0,0,0.0,0.0
2024-07-24 00:00:00-04:00,216000.0,253800.0,216000.0,234900.0,0,0.0,0.0
2024-07-25 00:00:00-04:00,234900.0,252720.0,226800.0,243000.0,0,0.0,0.0
2024-07-26 00:00:00-04:00,242460.0,256500.0,239760.0,243000.0,0,0.0,0.0
2024-07-29 00:00:00-04:00,247860.0,247860.0,232740.0,232740.0,0,0.0,0.0
2024-07-30 00:00:00-04:00,238140.0,253800.0,224640.0,224640.0,0,0.0,0.0
2024-07-31 00:00:00-04:00,216000.0,237600.0,216000.0,220320.0,0,0.0,0.0
2024-08-01 00:00:00-04:00,224640.0,234900.0,216540.0,218160.0,0,0.0,0.0
2024-08-02 00:00:00-04:00,216000.0,220320.0,199800.0,210600.0,0,0.0,0.0
2024-08-05 00:00:00-04:00,201960.0,210600.0,199800.0,207360.0,0,0.0,0.0
2024-08-06 00:00:00-04:00,199800.0,210600.0,199800.0,205200.0,0,0.0,0.0
2024-08-07 00:00:00-04:00,207900.0,210600.0,199800.0,200880.0,0,0.0,0.0
2024-08-08 00:00:00-04:00,208980.0,225180.0,199800.0,206280.0,0,0.0,0.0
2024-08-09 00:00:00-04:00,216540.0,221940.0,205200.0,207360.0,0,0.0,0.0
2024-08-12 00:00:00-04:00,205200.0,226800.0,205200.0,205740.0,0,0.0,0.0
2024-08-13 00:00:00-04:00,210600.0,226800.0,199800.0,206280.0,0,0.0,0.0
2024-08-14 00:00:00-04:00,206280.0,270000.0,199800.0,213840.0,0,0.0,0.0
2024-08-15 00:00:00-04:00,224640.0,263520.0,221400.0,227340.0,0,0.0,0.0
2024-08-16 00:00:00-04:00,248400.0,248400.0,226800.0,238140.0,0,0.0,0.0
2024-08-19 00:00:00-04:00,237600.0,244080.0,237600.0,240840.0,0,0.0,0.0
2024-08-20 00:00:00-04:00,199800.0,216000.0,189000.0,189000.0,1,0.0,0.0
2024-08-21 00:00:00-04:00,198720.0,237060.0,189000.0,216000.0,2,0.0,0.0
2024-08-22 00:00:00-04:00,162720.0,169920.0,144360.0,151200.0,8,0.0,0.06666666666666667
2024-08-23 00:00:00-04:00,151200.0,159840.0,120600.0,128160.0,6,0.0,0.0
2024-08-26 00:00:00-04:00,129240.0,129240.0,94320.0,116280.0,6,0.0,0.0
2024-08-27 00:00:00-04:00,106920.0,124920.0,99360.0,105840.0,5,0.0,0.0
2024-08-28 00:00:00-04:00,109800.0,110520.0,95760.0,98640.0,8,0.0,0.0
2024-08-29 00:00:00-04:00,92880.0,114480.0,87120.0,96480.0,9,0.0,0.0
2024-08-30 00:00:00-04:00,98640.0,102960.0,83160.0,88920.0,3,0.0,0.0
2024-09-03 00:00:00-04:00,90360.0,92160.0,76320.0,84240.0,4,0.0,0.0
2024-09-04 00:00:00-04:00,81360.0,83520.0,65880.0,66600.0,4,0.0,0.0
2024-09-05 00:00:00-04:00,66240.0,66600.0,59400.0,65160.0,4,0.0,0.0
2024-09-06 00:00:00-04:00,62640.0,64800.0,55080.0,59760.0,4,0.0,0.0
2024-09-09 00:00:00-04:00,58680.0,70560.0,54720.0,66600.0,9,0.0,0.0
2024-09-10 00:00:00-04:00,65880.0,69480.0,57960.0,60120.0,8,0.0,0.0
2024-09-11 00:00:00-04:00,59760.0,61920.0,52200.0,57240.0,4,0.0,0.0
2024-09-12 00:00:00-04:00,57240.0,57600.0,50760.0,54000.0,10,0.0,0.0
2024-09-13 00:00:00-04:00,88920.0,106920.0,23760.0,28080.0,974,0.0,0.0
2024-09-16 00:00:00-04:00,29520.0,31680.0,26460.0,28656.0,77,0.0,0.0
2024-09-17 00:00:00-04:00,27360.0,28440.0,23760.0,25164.0,28,0.0,0.0
2024-09-18 00:00:00-04:00,24624.0,24804.0,20520.0,21708.0,30,0.0,0.0
2024-09-19 00:00:00-04:00,26676.0,29880.0,25200.0,27036.0,331,0.0,0.0
2024-09-20 00:00:00-04:00,25200.0,26136.0,22320.0,25524.0,30,0.0,0.0
2024-09-23 00:00:00-04:00,23400.0,25200.0,22536.0,23688.0,16,0.0,0.0
2024-09-24 00:00:00-04:00,23040.0,23832.0,20592.0,21024.0,13,0.0,0.0
2024-09-25 00:00:00-04:00,20520.0,22320.0,19764.0,21456.0,10,0.0,0.0
2024-09-26 00:00:00-04:00,21060.0,21600.0,19800.0,20520.0,8,0.0,0.0
2024-09-27 00:00:00-04:00,20340.0,20880.0,19800.0,20268.0,6,0.0,0.0
2024-09-30 00:00:00-04:00,21096.0,21168.0,20160.0,20700.0,3,0.0,0.0
2024-10-01 00:00:00-04:00,21168.0,21168.0,19800.0,20052.0,3,0.0,0.0
2024-10-02 00:00:00-04:00,20160.0,20700.0,19116.0,19260.0,4,0.0,0.0
2024-10-03 00:00:00-04:00,19260.0,19440.0,18180.0,19080.0,4,0.0,0.0
2024-10-04 00:00:00-04:00,18900.0,19800.0,16452.0,17496.0,27,0.0,0.0
2024-10-07 00:00:00-04:00,17460.0,19800.0,16920.0,18108.0,38,0.0,0.0
2024-10-08 00:00:00-04:00,17160.0,19960.0,14404.0,15600.0,146,0.0,0.1111111111111111
2024-10-09 00:00:00-04:00,14560.0,15800.0,12560.0,12784.0,56,0.0,0.0
2024-10-10 00:00:00-04:00,12280.0,15400.0,10760.0,12000.0,61,0.0,0.0
2024-10-11 00:00:00-04:00,12120.0,13600.0,11520.0,12880.0,22,0.0,0.0
2024-10-14 00:00:00-04:00,12880.0,21400.0,12400.0,18560.0,763,0.0,0.0
2024-10-15 00:00:00-04:00,17640.0,20360.0,16320.0,16320.0,99,0.0,0.0
2024-10-16 00:00:00-04:00,16280.0,17600.0,14000.0,16840.0,48,0.0,0.0
2024-10-17 00:00:00-04:00,17560.0,18400.0,16800.0,17200.0,34,0.0,0.0
2024-10-18 00:00:00-04:00,17040.0,17240.0,15400.0,15680.0,31,0.0,0.0
2024-10-21 00:00:00-04:00,15520.0,16480.0,14400.0,14600.0,19,0.0,0.0
2024-10-22 00:00:00-04:00,14680.0,15800.0,14680.0,15200.0,20,0.0,0.0
2024-10-23 00:00:00-04:00,15400.0,16440.0,15248.0,16080.0,21,0.0,0.0
2024-10-24 00:00:00-04:00,16320.0,16720.0,15240.0,15680.0,32,0.0,0.0
2024-10-25 00:00:00-04:00,15680.0,16800.0,14760.0,15800.0,44,0.0,0.0
2024-10-28 00:00:00-04:00,16000.0,16244.0,14840.0,15280.0,13,0.0,0.0
2024-10-29 00:00:00-04:00,15400.0,15560.0,14080.0,14520.0,30,0.0,0.0
2024-10-30 00:00:00-04:00,14520.0,14780.0,13400.0,13800.0,13,0.0,0.0
2024-10-31 00:00:00-04:00,13600.0,14760.0,13400.0,13440.0,12,0.0,0.0
2024-11-01 00:00:00-04:00,13400.0,13840.0,12880.0,12880.0,12,0.0,0.0
2024-11-04 00:00:00-05:00,12920.0,13800.0,12800.0,12800.0,11,0.0,0.0
2024-11-05 00:00:00-05:00,13080.0,13204.0,12360.0,13080.0,26,0.0,0.0
2024-11-06 00:00:00-05:00,13680.0,13680.0,12640.0,12680.0,10,0.0,0.0
2024-11-07 00:00:00-05:00,12920.0,12920.0,11520.0,11960.0,84,0.0,0.0
2024-11-08 00:00:00-05:00,16040.0,16280.0,12860.0,13480.0,6019,0.0,0.0
2024-11-11 00:00:00-05:00,12040.0,13160.0,11400.0,12480.0,98,0.0,0.0
2024-11-12 00:00:00-05:00,11600.0,12680.0,11600.0,12360.0,52,0.0,0.0
2024-11-13 00:00:00-05:00,11560.0,12000.0,11040.0,11400.0,90,0.0,0.0
2024-11-14 00:00:00-05:00,11720.0,12040.0,11240.0,11600.0,55,0.0,0.0
2024-11-15 00:00:00-05:00,11480.0,11880.0,11040.0,11040.0,23,0.0,0.0
2024-11-18 00:00:00-05:00,11280.0,11556.0,10120.0,11120.0,38,0.0,0.0
2024-11-19 00:00:00-05:00,10840.0,11912.0,10600.0,11640.0,32,0.0,0.0
2024-11-20 00:00:00-05:00,11520.0,12000.0,10760.0,10920.0,35,0.0,0.0
2024-11-21 00:00:00-05:00,11320.0,11920.0,10932.0,11080.0,112,0.0,0.0
2024-11-22 00:00:00-05:00,10600.0,11200.0,10200.0,10800.0,42,0.0,0.0
2024-11-25 00:00:00-05:00,10800.0,11160.0,9600.0,9720.0,54,0.0,0.0
2024-11-26 00:00:00-05:00,9720.0,10116.0,8800.0,9200.0,16,0.0,0.0
2024-11-27 00:00:00-05:00,8840.0,9176.0,8320.0,8320.0,52,0.0,0.0
2024-11-29 00:00:00-05:00,8400.0,9400.0,8400.0,8800.0,14,0.0,0.0
2024-12-02 00:00:00-05:00,10880.0,10880.0,7920.0,7960.0,2042,0.0,0.0
2024-12-03 00:00:00-05:00,7320.0,7520.0,6160.0,7200.0,182,0.0,0.0
2024-12-04 00:00:00-05:00,6920.0,7160.0,6480.0,6640.0,82,0.0,0.0
2024-12-05 00:00:00-05:00,6520.0,7196.0,6520.0,7080.0,79,0.0,0.0
2024-12-06 00:00:00-05:00,7080.0,7320.0,6840.0,6880.0,37,0.0,0.0
2024-12-09 00:00:00-05:00,7080.0,7132.0,6400.0,6600.0,92,0.0,0.0
2024-12-10 00:00:00-05:00,6760.0,7200.0,6400.0,6920.0,78,0.0,0.0
2024-12-11 00:00:00-05:00,7200.0,7320.0,6720.0,7040.0,69,0.0,0.0
2024-12-12 00:00:00-05:00,7080.0,7160.0,6720.0,6840.0,53,0.0,0.0
2024-12-13 00:00:00-05:00,6880.0,6988.0,5520.0,5800.0,214,0.0,0.0
2024-12-16 00:00:00-05:00,6080.0,6392.0,5800.0,5880.0,130,0.0,0.0
2024-12-17 00:00:00-05:00,6040.0,6200.0,5200.0,5840.0,97,0.0,0.0
2024-12-18 00:00:00-05:00,6000.0,6160.0,5760.0,6000.0,67,0.0,0.0
2024-12-19 00:00:00-05:00,6160.0,6360.0,5920.0,6000.0,85,0.0,0.0
2024-12-20 00:00:00-05:00,6080.0,6120.0,5680.0,5960.0,47,0.0,0.0
2024-12-23 00:00:00-05:00,6200.0,6920.0,5960.0,6200.0,139,0.0,0.0
2024-12-24 00:00:00-05:00,6560.0,6600.0,5880.0,5960.0,1554,0.0,0.0
2024-12-26 00:00:00-05:00,5880.0,6440.0,5720.0,6280.0,132,0.0,0.0
2024-12-27 00:00:00-05:00,6560.0,7052.0,6080.0,6480.0,221,0.0,0.0
2024-12-30 00:00:00-05:00,6360.0,6480.0,6080.0,6200.0,107,0.0,0.0
2024-12-31 00:00:00-05:00,6280.0,6840.0,6240.0,6360.0,160,0.0,0.0
2025-01-02 00:00:00-05:00,6320.0,6560.0,6000.0,6040.0,54,0.0,0.0
2025-01-03 00:00:00-05:00,6160.0,6460.0,6080.0,6400.0,51,0.0,0.0
2025-01-06 00:00:00-05:00,6480.0,6560.0,6280.0,6320.0,42,0.0,0.0
2025-01-07 00:00:00-05:00,6360.0,6840.0,6244.0,6600.0,52,0.0,0.0
2025-01-08 00:00:00-05:00,6720.0,6720.0,6040.0,6080.0,59,0.0,0.0
2025-01-10 00:00:00-05:00,9200.0,15600.0,8200.0,8600.0,43893,0.0,0.0
2025-01-13 00:00:00-05:00,6680.0,6920.0,6040.0,6560.0,955,0.0,0.0
2025-01-14 00:00:00-05:00,6080.0,6232.0,5600.0,5600.0,2697,0.0,0.0
2025-01-15 00:00:00-05:00,8120.0,10200.0,6800.0,8200.0,16783,0.0,0.0
2025-01-16 00:00:00-05:00,7200.0,7800.0,7080.0,7320.0,455,0.0,0.0
2025-01-17 00:00:00-05:00,7240.0,7880.0,7160.0,7640.0,316,0.0,0.0
2025-01-21 00:00:00-05:00,7840.0,7840.0,7168.0,7360.0,247,0.0,0.0
2025-01-22 00:00:00-05:00,7400.0,7800.0,7400.0,7400.0,269,0.0,0.0
2025-01-23 00:00:00-05:00,7120.0,7240.0,6280.0,6480.0,251,0.0,0.0
2025-01-24 00:00:00-05:00,6560.0,6640.0,6080.0,6200.0,120,0.0,0.0
2025-01-27 00:00:00-05:00,6000.0,6320.0,5760.0,5800.0,203,0.0,0.0
2025-01-28 00:00:00-05:00,5880.0,5920.0,5600.0,5720.0,141,0.0,0.0
2025-01-29 00:00:00-05:00,5800.0,5880.0,5640.0,5640.0,66,0.0,0.0
2025-01-30 00:00:00-05:00,5680.0,5680.0,4840.0,4840.0,229,0.0,0.0
2025-01-31 00:00:00-05:00,5200.0,5200.0,5000.0,5120.0,148,0.0,0.0
2025-02-03 00:00:00-05:00,4800.0,4920.0,4520.0,4640.0,118,0.0,0.0
2025-02-04 00:00:00-05:00,4680.0,5080.0,4480.0,5000.0,394,0.0,0.0
2025-02-05 00:00:00-05:00,4960.0,5244.0,4800.0,4960.0,291,0.0,0.0
2025-02-06 00:00:00-05:00,5000.0,5040.0,4840.0,4880.0,411,0.0,0.0
2025-02-07 00:00:00-05:00,4960.0,4960.0,4560.0,4720.0,187,0.0,0.0
2025-02-10 00:00:00-05:00,4760.0,5000.0,4640.0,4680.0,204,0.0,0.0
2025-02-11 00:00:00-05:00,4560.0,4640.0,4280.0,4360.0,152,0.0,0.0
2025-02-12 00:00:00-05:00,4760.0,4760.0,4520.0,4680.0,179,0.0,0.0
2025-02-13 00:00:00-05:00,4440.0,4720.0,4440.0,4640.0,53,0.0,0.0
2025-02-14 00:00:00-05:00,4520.0,4600.0,4400.0,4440.0,80,0.0,0.0
2025-02-18 00:00:00-05:00,4440.0,4480.0,4360.0,4360.0,113,0.0,0.0
2025-02-19 00:00:00-05:00,4400.0,4440.0,4080.0,4200.0,677,0.0,0.0
2025-02-20 00:00:00-05:00,4240.0,4400.0,3600.0,3920.0,428,0.0,0.0
2025-02-21 00:00:00-05:00,4560.0,4600.0,3320.0,3440.0,4791,0.0,0.0
2025-02-24 00:00:00-05:00,3384.0,3384.0,3000.0,3316.0,215,0.0,0.0
2025-02-25 00:00:00-05:00,3120.0,3160.0,2820.0,3000.0,123,0.0,0.0
2025-02-26 00:00:00-05:00,3080.0,3080.0,2924.0,2924.0,51,0.0,0.0
2025-02-27 00:00:00-05:00,3600.0,4044.0,3144.0,3796.0,6863,0.0,0.0
2025-02-28 00:00:00-05:00,3380.0,3600.0,3000.0,3080.0,324,0.0,0.0
2025-03-03 00:00:00-05:00,2984.0,2984.0,2724.0,2868.0,212,0.0,0.0
2025-03-04 00:00:00-05:00,2692.0,2720.0,2280.0,2628.0,155,0.0,0.0
2025-03-05 00:00:00-05:00,2516.0,2560.0,2416.0,2480.0,61,0.0,0.0
2025-03-06 00:00:00-05:00,2560.0,2664.0,2360.0,2560.0,72,0.0,0.0
2025-03-07 00:00:00-05:00,2500.0,2712.0,2500.0,2636.0,46,0.0,0.0
2025-03-10 00:00:00-04:00,2640.0,2712.0,2400.0,2480.0,76,0.0,0.0
2025-03-11 00:00:00-04:00,2408.0,2564.0,2404.0,2480.0,38,0.0,0.0
2025-03-12 00:00:00-04:00,2512.0,2560.0,2440.0,2540.0,30,0.0,0.0
2025-03-13 00:00:00-04:00,2500.0,2600.0,2480.0,2484.0,17,0.0,0.0
2025-03-14 00:00:00-04:00,2480.0,2600.0,2460.0,2528.0,29,0.0,0.0
2025-03-17 00:00:00-04:00,2480.0,2632.0,2480.0,2584.0,53,0.0,0.0
2025-03-18 00:00:00-04:00,2600.0,2636.0,2488.0,2548.0,49,0.0,0.0
2025-03-19 00:00:00-04:00,2600.0,2940.0,2520.0,2760.0,77,0.0,0.0
2025-03-20 00:00:00-04:00,2796.0,2796.0,2520.0,2548.0,50,0.0,0.0
2025-03-21 00:00:00-04:00,2488.0,2596.0,2488.0,2556.0,49,0.0,0.0
2025-03-24 00:00:00-04:00,2528.0,2568.0,2440.0,2488.0,44,0.0,0.0
2025-03-25 00:00:00-04:00,2440.0,2480.0,2420.0,2440.0,34,0.0,0.0
2025-03-26 00:00:00-04:00,2440.0,2572.0,2440.0,2476.0,39,0.0,0.0
2025-03-27 00:00:00-04:00,2440.0,2508.0,2200.0,2272.0,214,0.0,0.0
2025-03-28 00:00:00-04:00,1872.0,1940.0,1680.0,1920.0,226,0.0,0.0
2025-03-31 00:00:00-04:00,1832.0,2312.0,1614.4000244140625,2094.39990234375,138,0.0,0.1
2025-04-01 00:00:00-04:00,2100.0,2300.0,1746.0,1757.5999755859375,256,0.0,0.0
2025-04-02 00:00:00-04:00,1844.0,3812.0,1844.0,2028.0,4963,0.0,0.0
2025-04-03 00:00:00-04:00,1956.0,3180.0,1720.0,2316.0,2358,0.0,0.0
2025-04-04 00:00:00-04:00,1964.0,2548.0,1960.4000244140625,2064.0,409,0.0,0.0
2025-04-07 00:00:00-04:00,1808.0,2120.0,1800.0,1920.0,191,0.0,0.0
2025-04-08 00:00:00-04:00,1928.0,2140.0,1924.0,1960.0,163,0.0,0.0
2025-04-09 00:00:00-04:00,1912.0,2220.0,1848.0,2200.0,251,0.0,0.0
2025-04-10 00:00:00-04:00,2124.0,2424.0,2101.60009765625,2316.0,273,0.0,0.0
2025-04-11 00:00:00-04:00,2232.0,2760.0,2216.0,2704.0,412,0.0,0.0
2025-04-14 00:00:00-04:00,2736.0,2980.0,2660.0,2780.0,358,0.0,0.0
2025-04-15 00:00:00-04:00,2644.0,2770.800048828125,2500.0,2564.0,180,0.0,0.0
2025-04-16 00:00:00-04:00,2568.0,2888.0,2444.0,2652.0,331,0.0,0.0
2025-04-17 00:00:00-04:00,2692.0,2788.0,2604.0,2788.0,69,0.0,0.0
2025-04-21 00:00:00-04:00,2768.0,2785.60009765625,2604.0,2612.0,81,0.0,0.0
2025-04-22 00:00:00-04:00,2616.0,2716.0,2608.0,2628.0,35,0.0,0.0
2025-04-23 00:00:00-04:00,2640.0,2728.800048828125,2496.0,2576.0,60,0.0,0.0
2025-04-24 00:00:00-04:00,2576.0,2645.199951171875,2332.0,2476.0,93,0.0,0.0
2025-04-25 00:00:00-04:00,2468.0,2581.60009765625,2452.0,2524.0,29,0.0,0.0
2025-04-28 00:00:00-04:00,2504.0,2580.0,2400.0,2436.0,32,0.0,0.0
2025-04-29 00:00:00-04:00,2532.0,2532.0,2200.0,2460.0,85,0.0,0.0
2025-04-30 00:00:00-04:00,2488.0,2682.0,2340.0,2528.0,40,0.0,0.0
2025-05-01 00:00:00-04:00,2528.0,2725.199951171875,2472.0,2593.199951171875,54,0.0,0.0
2025-05-02 00:00:00-04:00,2596.0,2720.0,2500.0,2694.0,63,0.0,0.0
2025-05-05 00:00:00-04:00,2692.0,2764.0,2600.0,2680.0,46,0.0,0.0
2025-05-06 00:00:00-04:00,2728.0,2820.0,2512.0,2540.0,176,0.0,0.0
2025-05-07 00:00:00-04:00,2676.0,2912.0,2588.0,2736.0,242,0.0,0.0
2025-05-08 00:00:00-04:00,2804.0,3045.199951171875,2620.0,2800.0,216,0.0,0.0
2025-05-09 00:00:00-04:00,2800.0,2812.39990234375,2656.0,2682.39990234375,76,0.0,0.0
2025-05-12 00:00:00-04:00,2720.0,2960.0,2686.0,2852.0,197,0.0,0.0
2025-05-13 00:00:00-04:00,2740.0,2880.0,2724.0,2724.0,80,0.0,0.0
2025-05-14 00:00:00-04:00,2808.0,2808.0,2632.0,2704.0,72,0.0,0.0
2025-05-15 00:00:00-04:00,2736.0,2747.60009765625,2500.0,2716.0,75,0.0,0.0
2025-05-16 00:00:00-04:00,2648.0,2716.0,2500.0,2640.0,59,0.0,0.0
2025-05-19 00:00:00-04:00,2600.0,2720.0,2584.0,2618.0,64,0.0,0.0
2025-05-20 00:00:00-04:00,2648.0,2648.0,2500.0,2532.0,27,0.0,0.0
2025-05-21 00:00:00-04:00,2532.0,2636.0,2392.0,2460.0,69,0.0,0.0
2025-05-22 00:00:00-04:00,2444.0,2564.0,2431.60009765625,2484.0,31,0.0,0.0
2025-05-23 00:00:00-04:00,2536.0,2645.199951171875,2528.0,2560.0,58,0.0,0.0
2025-05-27 00:00:00-04:00,2616.0,3192.0,2544.0,3132.0,280,0.0,0.0
2025-05-28 00:00:00-04:00,3120.0,3200.0,2914.0,3000.0,84,0.0,0.0
2025-05-29 00:00:00-04:00,2960.0,3190.0,2960.0,3152.0,26,0.0,0.0
2025-05-30 00:00:00-04:00,3160.0,3552.0,3044.0,3270.0,127,0.0,0.0
2025-06-02 00:00:00-04:00,3264.0,3350.0,3100.0,3154.0,77,0.0,0.0
2025-06-03 00:00:00-04:00,3108.0,3204.0,3060.0,3160.0,22,0.0,0.0
2025-06-04 00:00:00-04:00,3184.0,3268.0,2724.0,2724.0,105,0.0,0.0
2025-06-05 00:00:00-04:00,2800.0,3080.0,2744.0,3000.0,69,0.0,0.0
2025-06-06 00:00:00-04:00,3036.0,3036.0,2756.0,2976.0,30,0.0,0.0
2025-06-09 00:00:00-04:00,3024.0,3244.0,2944.0,3152.0,56,0.0,0.0
2025-06-10 00:00:00-04:00,3120.0,3512.0,3052.0,3402.0,122,0.0,0.0
2025-06-11 00:00:00-04:00,3404.0,3424.800048828125,3200.0,3304.0,98,0.0,0.0
2025-06-12 00:00:00-04:00,3268.0,3360.0,3080.0,3168.0,139,0.0,0.0
2025-06-13 00:00:00-04:00,3088.0,3240.0,3062.0,3240.0,42,0.0,0.0
2025-06-16 00:00:00-04:00,3280.0,3316.0,2947.60009765625,3312.0,27,0.0,0.0
2025-06-17 00:00:00-04:00,3300.0,3320.0,3156.0,3236.0,38,0.0,0.0
2025-06-18 00:00:00-04:00,3156.0,3180.0,3056.0,3136.0,164,0.0,0.0
2025-06-20 00:00:00-04:00,3104.0,3170.0,2968.0,3132.0,32,0.0,0.0
2025-06-23 00:00:00-04:00,3252.0,3252.0,2872.800048828125,2916.0,145,0.0,0.0
2025-06-24 00:00:00-04:00,2920.0,3004.0,2881.60009765625,3000.0,68,0.0,0.0
2025-06-25 00:00:00-04:00,2948.0,2998.800048828125,2732.0,2752.0,108,0.0,0.0
2025-06-26 00:00:00-04:00,2752.0,2821.60009765625,2492.0,2656.0,178,0.0,0.0
2025-06-27 00:00:00-04:00,2756.0,2932.0,2564.0,2884.0,103,0.0,0.0
2025-06-30 00:00:00-04:00,2940.0,3116.0,2880.0,3096.0,206,0.0,0.0
2025-07-01 00:00:00-04:00,3180.0,3180.0,2940.0,3000.0,64,0.0,0.0
2025-07-02 00:00:00-04:00,2992.0,3080.0,2840.0,2992.0,163,0.0,0.0
2025-07-03 00:00:00-04:00,2992.0,2992.0,2686.39990234375,2748.0,206,0.0,0.0
2025-07-07 00:00:00-04:00,2828.0,2948.39990234375,2544.0,2588.0,139,0.0,0.0
2025-07-08 00:00:00-04:00,2744.0,2794.0,2472.0,2616.0,124,0.0,0.0
2025-07-09 00:00:00-04:00,2684.0,2684.0,2520.0,2592.0,102,0.0,0.0
2025-07-10 00:00:00-04:00,2600.0,2640.0,2540.0,2620.0,67,0.0,0.0
2025-07-11 00:00:00-04:00,2628.0,2653.199951171875,2472.0,2552.0,104,0.0,0.0
2025-07-14 00:00:00-04:00,2548.0,2548.0,2356.0,2364.0,115,0.0,0.0
2025-07-15 00:00:00-04:00,2400.0,2408.0,2297.60009765625,2408.0,52,0.0,0.0
2025-07-16 00:00:00-04:00,2408.0,2472.0,2320.0,2396.0,194,0.0,0.0
2025-07-17 00:00:00-04:00,2384.0,2432.0,2340.0,2396.0,53,0.0,0.0
2025-07-18 00:00:00-04:00,2400.0,2452.0,2388.0,2452.0,44,0.0,0.0
2025-07-21 00:00:00-04:00,2428.0,2510.800048828125,2412.0,2440.0,44,0.0,0.0
2025-07-22 00:00:00-04:00,2440.0,2480.0,2416.0,2472.0,26,0.0,0.0
2025-07-23 00:00:00-04:00,2476.0,2680.0,2476.0,2680.0,118,0.0,0.0
2025-07-24 00:00:00-04:00,2676.0,2680.0,2622.39990234375,2644.0,28,0.0,0.0
2025-07-25 00:00:00-04:00,2620.0,2640.0,2540.0,2640.0,26,0.0,0.0
2025-07-28 00:00:00-04:00,2564.0,2636.0,2372.0,2456.0,74,0.0,0.0
2025-07-29 00:00:00-04:00,2440.0,2476.0,2280.0,2378.0,70,0.0,0.0
2025-07-30 00:00:00-04:00,2372.0,2416.0,2200.0,2276.0,33,0.0,0.0
2025-07-31 00:00:00-04:00,2244.0,2336.0,2212.0,2276.0,28,0.0,0.0
2025-08-01 00:00:00-04:00,2236.0,2236.0,2020.0,2144.0,36,0.0,0.0
2025-08-04 00:00:00-04:00,2120.0,2140.0,2060.0,2060.0,27,0.0,0.0
2025-08-05 00:00:00-04:00,2048.0,2124.0,2048.0,2124.0,17,0.0,0.0
2025-08-06 00:00:00-04:00,2136.0,2136.0,2020.0,2020.0,54,0.0,0.0
2025-08-07 00:00:00-04:00,2016.0,2056.0,1960.800048828125,1984.0,57,0.0,0.0
2025-08-08 00:00:00-04:00,1980.0,2033.199951171875,1952.0,1980.0,37,0.0,0.0
2025-08-11 00:00:00-04:00,2020.0,2060.0,1948.0,1948.0,86,0.0,0.0
2025-08-12 00:00:00-04:00,2036.0,2067.60009765625,1984.0,2028.0,81,0.0,0.0
2025-08-13 00:00:00-04:00,1676.0,1700.0,1280.0,1332.0,1065,0.0,0.0
2025-08-14 00:00:00-04:00,1400.0,1440.0,1136.0,1136.0,869,0.0,0.0
2025-08-15 00:00:00-04:00,838.0,860.0,744.0,776.0,62029,0.0,0.0
2025-08-18 00:00:00-04:00,752.0,772.0,740.0,744.0,3025,0.0,0.0
2025-08-19 00:00:00-04:00,730.0,748.0,640.0,640.0,3183,0.0,0.0
2025-08-20 00:00:00-04:00,636.0,660.0,610.0,612.0,1444,0.0,0.0
2025-08-21 00:00:00-04:00,616.0,652.0,612.0,644.0,754,0.0,0.0
2025-08-22 00:00:00-04:00,656.0,656.0,584.0,620.0,1140,0.0,0.0
2025-08-25 00:00:00-04:00,632.0,632.0,608.0,612.0,606,0.0,0.0
2025-08-26 00:00:00-04:00,612.0,628.0,604.0,624.0,498,0.0,0.0
2025-08-27 00:00:00-04:00,612.0,622.4000244140625,564.0,576.0,1125,0.0,0.0
2025-08-28 00:00:00-04:00,596.0,596.0,552.0,552.0,497,0.0,0.0
2025-08-29 00:00:00-04:00,552.0,568.0,520.0,548.0,761,0.0,0.0
2025-09-02 00:00:00-04:00,548.0,580.0,536.0,576.0,467,0.0,0.0
2025-09-03 00:00:00-04:00,578.0,616.0,560.0,600.0,823,0.0,0.0
2025-09-04 00:00:00-04:00,588.0,596.0,532.0,540.0,4299,0.0,0.0
2025-09-05 00:00:00-04:00,536.0,560.0,532.0,540.0,370,0.0,0.0
2025-09-08 00:00:00-04:00,552.0,556.0,500.0,532.0,668,0.0,0.0
2025-09-09 00:00:00-04:00,540.0,548.0,508.0,516.0,623,0.0,0.0
2025-09-10 00:00:00-04:00,544.0,604.0,520.0,552.0,1383,0.0,0.0
2025-09-11 00:00:00-04:00,560.0,620.0,560.0,600.0,796,0.0,0.0
2025-09-12 00:00:00-04:00,608.0,640.7999877929688,588.0,592.0,530,0.0,0.0
2025-09-15 00:00:00-04:00,596.0,604.0,556.0,568.0,446,0.0,0.0
2025-09-16 00:00:00-04:00,572.0,592.0,560.0,576.0,226,0.0,0.0
2025-09-17 00:00:00-04:00,576.0,624.0,572.0,596.0,748,0.0,0.0
2025-09-18 00:00:00-04:00,596.0,596.0,568.0,580.0,335,0.0,0.0
2025-09-19 00:00:00-04:00,576.0,578.0,552.7999877929688,572.0,232,0.0,0.0
2025-09-22 00:00:00-04:00,564.0,575.5999755859375,554.0,560.0,194,0.0,0.0
2025-09-23 00:00:00-04:00,560.0,596.0,552.0,564.0,368,0.0,0.0
2025-09-24 00:00:00-04:00,564.0,576.0,556.0,560.0,235,0.0,0.0
2025-09-25 00:00:00-04:00,560.0,576.0,556.0,568.0,5792,0.0,0.0
2025-09-26 00:00:00-04:00,548.0,574.0,540.0,552.0,917,0.0,0.0
2025-09-29 00:00:00-04:00,552.0,576.0,544.0,572.0,1482,0.0,0.0
2025-09-30 00:00:00-04:00,572.0,572.0,540.0,544.0,485,0.0,0.0
2025-10-01 00:00:00-04:00,544.0,598.0,544.0,576.0,638,0.0,0.0
2025-10-02 00:00:00-04:00,568.0,600.0,564.0,600.0,326,0.0,0.0
2025-10-03 00:00:00-04:00,596.0,626.0,583.5999755859375,604.0,455,0.0,0.0
2025-10-06 00:00:00-04:00,608.0,608.0,584.0,600.0,288,0.0,0.0
2025-10-07 00:00:00-04:00,600.0,612.0,592.0,592.0,317,0.0,0.0
2025-10-08 00:00:00-04:00,616.0,620.0,584.0,608.0,294,0.0,0.0
2025-10-09 00:00:00-04:00,620.0,648.0,600.0,636.0,458,0.0,0.0
2025-10-10 00:00:00-04:00,652.0,680.0,580.0,588.0,1533,0.0,0.0
2025-10-13 00:00:00-04:00,600.0,620.0,570.0,616.0,562,0.0,0.0
2025-10-14 00:00:00-04:00,616.0,638.0,596.0,632.0,406,0.0,0.0
2025-10-15 00:00:00-04:00,656.0,660.0,628.0,656.0,393,0.0,0.0
2025-10-16 00:00:00-04:00,664.0,664.0,607.5999755859375,616.0,438,0.0,0.0
2025-10-17 00:00:00-04:00,612.0,624.0,592.0,604.0,363,0.0,0.0
2025-10-20 00:00:00-04:00,616.0,656.0,612.0,640.0,292,0.0,0.0
2025-10-21 00:00:00-04:00,636.0,648.0,624.4000244140625,636.0,194,0.0,0.0
2025-10-22 00:00:00-04:00,640.0,642.0,596.0,612.0,210,0.0,0.0
2025-10-23 00:00:00-04:00,608.0,668.0,600.0,644.0,482,0.0,0.0
2025-10-24 00:00:00-04:00,648.0,649.2000122070312,620.0,632.0,317,0.0,0.0
2025-10-27 00:00:00-04:00,628.0,636.0,588.0,596.0,252,0.0,0.0
2025-10-28 00:00:00-04:00,596.0,625.5999755859375,587.2000122070312,612.0,254,0.0,0.0
2025-10-29 00:00:00-04:00,612.0,632.0,592.0,600.0,332,0.0,0.0
2025-10-30 00:00:00-04:00,600.0,608.0,580.0,588.0,154,0.0,0.0
2025-10-31 00:00:00-04:00,592.0,592.0,548.0,580.0,232,0.0,0.0
2025-11-03 00:00:00-05:00,576.0,580.0,564.4000244140625,568.0,156,0.0,0.0
2025-11-04 00:00:00-05:00,560.0,576.0,532.0,544.0,261,0.0,0.0
2025-11-05 00:00:00-05:00,544.0,560.0,538.0,556.0,3496,0.0,0.0
2025-11-06 00:00:00-05:00,572.0,576.0,544.0,552.0,827,0.0,0.0
2025-11-07 00:00:00-05:00,532.0,534.7999877929688,460.0,488.0,653,0.0,0.0
2025-11-10 00:00:00-05:00,496.0,544.0,496.0,536.0,478,0.0,0.0
2025-11-11 00:00:00-05:00,532.0,533.5999755859375,512.0,528.0,178,0.0,0.0
2025-11-12 00:00:00-05:00,552.0,632.0,532.0,608.0,3543,0.0,0.0
2025-11-13 00:00:00-05:00,592.0,592.0,512.0,512.0,649,0.0,0.0
2025-11-14 00:00:00-05:00,504.0,504.0,468.0,480.0,322,0.0,0.0
2025-11-17 00:00:00-05:00,484.0,498.79998779296875,472.0,484.0,218,0.0,0.0
2025-11-18 00:00:00-05:00,488.0,492.0,472.0,492.0,393,0.0,0.0
2025-11-19 00:00:00-05:00,484.0,488.0,466.0,476.0,335,0.0,0.0
2025-11-20 00:00:00-05:00,476.0,482.0,440.0,440.0,277,0.0,0.0
2025-11-21 00:00:00-05:00,452.0,468.0,444.0,462.0,141,0.0,0.0
2025-11-24 00:00:00-05:00,468.0,484.0,452.0,476.0,163,0.0,0.0
2025-11-25 00:00:00-05:00,480.0,496.0,480.0,488.0,99,0.0,0.0
2025-11-26 00:00:00-05:00,488.0,500.0,483.6000061035156,492.0,99,0.0,0.0
2025-11-28 00:00:00-05:00,500.0,500.0,484.0,492.0,1576,0.0,0.0
2025-12-01 00:00:00-05:00,532.0,532.0,404.0,432.0,3347,0.0,0.0
2025-12-02 00:00:00-05:00,424.0,424.0,408.0,420.0,541,0.0,0.0
2025-12-03 00:00:00-05:00,408.0,410.0,373.6000061035156,384.0,690,0.0,0.0
2025-12-04 00:00:00-05:00,376.0,408.0,344.0,397.20001220703125,563,0.0,0.0
2025-12-05 00:00:00-05:00,376.0,378.0,322.0,324.79998779296875,1325,0.0,0.0
2025-12-08 00:00:00-05:00,324.0,324.0,264.3999938964844,271.20001220703125,2142,0.0,0.0
2025-12-09 00:00:00-05:00,240.0,240.0,204.0,216.0,4183,0.0,0.0
2025-12-10 00:00:00-05:00,216.0,232.0,216.0,228.0,1886,0.0,0.0
2025-12-11 00:00:00-05:00,252.0,260.0,201.60000610351562,212.0,3716,0.0,0.0
2025-12-12 00:00:00-05:00,222.0,227.60000610351562,177.60000610351562,180.0,2467,0.0,0.0
2025-12-15 00:00:00-05:00,180.0,180.0,148.39999389648438,152.0,2903,0.0,0.0
2025-12-16 00:00:00-05:00,156.0,500.0,155.60000610351562,390.3999938964844,600700,0.0,0.0
2025-12-17 00:00:00-05:00,316.0,316.0,192.0,199.60000610351562,50613,0.0,0.0
2025-12-18 00:00:00-05:00,120.0,120.0,92.80000305175781,96.0,107121,0.0,0.0
2025-12-19 00:00:00-05:00,112.80000305175781,131.60000610351562,96.0,100.0,292698,0.0,0.0
2025-12-22 00:00:00-05:00,119.19999694824219,129.1999969482422,112.4000015258789,116.0,293519,0.0,0.0
2025-12-23 00:00:00-05:00,113.19999694824219,114.4000015258789,104.0,106.80000305175781,70532,0.0,0.0
2025-12-24 00:00:00-05:00,100.0,104.0,92.80000305175781,95.5999984741211,25748,0.0,0.0
2025-12-26 00:00:00-05:00,100.0,100.0,90.0,95.19999694824219,15276,0.0,0.0
2025-12-29 00:00:00-05:00,90.4000015258789,90.4000015258789,78.0,80.4000015258789,19750,0.0,0.0
2025-12-30 00:00:00-05:00,77.19999694824219,87.19999694824219,63.599998474121094,78.0,28208,0.0,0.0
2025-12-31 00:00:00-05:00,76.0,80.0,71.5999984741211,80.0,7697,0.0,0.0
2026-01-02 00:00:00-05:00,78.4000015258789,82.80000305175781,76.0,81.5999984741211,5355,0.0,0.0
2026-01-05 00:00:00-05:00,80.4000015258789,86.4000015258789,78.0,82.80000305175781,5897,0.0,0.0
2026-01-06 00:00:00-05:00,80.80000305175781,84.0,80.0,82.80000305175781,3723,0.0,0.0
2026-01-07 00:00:00-05:00,84.0,84.0,77.5999984741211,80.0,4564,0.0,0.0
2026-01-08 00:00:00-05:00,80.80000305175781,80.80000305175781,74.4000015258789,77.5999984741211,4854,0.0,0.0
2026-01-09 00:00:00-05:00,76.80000305175781,85.19999694824219,76.80000305175781,78.0,8784,0.0,0.0
2026-01-12 00:00:00-05:00,63.599998474121094,65.19999694824219,58.0,59.20000076293945,20302,0.0,0.0
2026-01-13 00:00:00-05:00,56.0,57.599998474121094,49.20000076293945,54.0,17724,0.0,0.0
2026-01-14 00:00:00-05:00,54.70000076293945,61.61000061035156,50.91999816894531,54.79999923706055,26560,0.0,0.025
2026-01-15 00:00:00-05:00,50.29999923706055,57.900001525878906,45.400001525878906,50.70000076293945,25380,0.0,0.0
2026-01-16 00:00:00-05:00,52.900001525878906,59.900001525878906,52.900001525878906,54.0,20900,0.0,0.0
2026-01-20 00:00:00-05:00,52.099998474121094,56.0,50.0,50.70000076293945,9150,0.0,0.0
2026-01-21 00:00:00-05:00,50.400001525878906,51.04999923706055,47.5,48.400001525878906,9100,0.0,0.0
2026-01-22 00:00:00-05:00,49.0,53.900001525878906,48.41999816894531,50.400001525878906,6560,0.0,0.0
2026-01-23 00:00:00-05:00,52.400001525878906,57.400001525878906,51.599998474121094,53.5,13280,0.0,0.0
2026-01-26 00:00:00-05:00,48.5,49.400001525878906,38.400001525878906,40.5,17130,0.0,0.0
2026-01-27 00:00:00-05:00,40.099998474121094,42.099998474121094,40.0,40.75,2670,0.0,0.0
2026-01-28 00:00:00-05:00,40.599998474121094,40.599998474121094,35.0,37.29999923706055,8400,0.0,0.0
2026-01-29 00:00:00-05:00,35.20000076293945,37.97999954223633,31.010000228881836,36.599998474121094,71570,0.0,0.0
2026-01-30 00:00:00-05:00,35.0,36.099998474121094,33.79999923706055,34.0,4800,0.0,0.0
2026-02-02 00:00:00-05:00,33.400001525878906,33.900001525878906,30.860000610351562,31.299999237060547,4020,0.0,0.0
2026-02-03 00:00:00-05:00,32.5,33.5,31.299999237060547,32.79999923706055,2650,0.0,0.0
2026-02-04 00:00:00-05:00,33.400001525878906,33.5,30.229999542236328,32.79999923706055,3690,0.0,0.0
2026-02-05 00:00:00-05:00,32.099998474121094,32.099998474121094,29.5,29.899999618530273,5960,0.0,0.0
2026-02-06 00:00:00-05:00,29.5,30.5,25.0,30.0,22580,0.0,0.0
2026-02-09 00:00:00-05:00,29.399999618530273,30.079999923706055,27.65999984741211,28.700000762939453,5540,0.0,0.0
2026-02-10 00:00:00-05:00,28.700000762939453,28.799999237060547,26.600000381469727,27.100000381469727,7620,0.0,0.0
2026-02-11 00:00:00-05:00,27.399999618530273,29.100000381469727,26.200000762939453,27.100000381469727,7550,0.0,0.0
2026-02-12 00:00:00-05:00,28.200000762939453,28.200000762939453,27.100000381469727,27.5,3580,0.0,0.0
2026-02-13 00:00:00-05:00,26.899999618530273,28.200000762939453,26.010000228881836,27.0,4280,0.0,0.0
2026-02-17 00:00:00-05:00,27.0,27.600000381469727,26.600000381469727,27.299999237060547,2550,0.0,0.0
2026-02-18 00:00:00-05:00,28.200000762939453,30.0,27.0,27.799999237060547,17580,0.0,0.0
2026-02-19 00:00:00-05:00,27.799999237060547,27.799999237060547,26.299999237060547,27.200000762939453,8080,0.0,0.0
2026-02-20 00:00:00-05:00,27.100000381469727,27.100000381469727,25.5,26.200000762939453,5270,0.0,0.0
2026-02-23 00:00:00-05:00,26.5,26.5,25.0,25.799999237060547,1660,0.0,0.0
2026-02-24 00:00:00-05:00,25.5,26.100000381469727,25.25,26.100000381469727,1310,0.0,0.0
2026-02-25 00:00:00-05:00,25.899999618530273,26.700000762939453,25.600000381469727,26.100000381469727,3820,0.0,0.0
2026-02-26 00:00:00-05:00,23.700000762939453,26.200000762939453,23.100000381469727,24.200000762939453,93020,0.0,0.0
2026-02-27 00:00:00-05:00,23.799999237060547,25.0,22.5,24.700000762939453,6350,0.0,0.0
2026-03-02 00:00:00-05:00,24.200000762939453,27.5,22.219999313354492,24.700000762939453,10560,0.0,0.0
2026-03-03 00:00:00-05:00,24.399999618530273,27.799999237060547,24.399999618530273,24.600000381469727,13800,0.0,0.0
2026-03-04 00:00:00-05:00,25.399999618530273,27.0,24.399999618530273,24.700000762939453,22000,0.0,0.0
2026-03-05 00:00:00-05:00,25.0,26.100000381469727,24.0,24.700000762939453,11440,0.0,0.0
2026-03-06 00:00:00-05:00,24.399999618530273,24.600000381469727,23.700000762939453,23.899999618530273,7410,0.0,0.0
2026-03-09 00:00:00-04:00,23.600000381469727,24.799999237060547,23.5,24.600000381469727,2990,0.0,0.0
2026-03-10 00:00:00-04:00,24.5,24.5,23.5,24.0,4140,0.0,0.0
2026-03-11 00:00:00-04:00,24.0,24.5,23.700000762939453,24.100000381469727,7470,0.0,0.0
2026-03-12 00:00:00-04:00,24.100000381469727,24.100000381469727,23.399999618530273,24.0,3270,0.0,0.0
2026-03-13 00:00:00-04:00,23.950000762939453,24.200000762939453,23.309999465942383,23.899999618530273,2460,0.0,0.0
2026-03-16 00:00:00-04:00,23.899999618530273,24.209999084472656,23.40999984741211,23.799999237060547,2840,0.0,0.0
2026-03-17 00:00:00-04:00,23.899999618530273,23.899999618530273,23.200000762939453,23.299999237060547,4810,0.0,0.0
2026-03-18 00:00:00-04:00,23.200000762939453,23.200000762939453,21.5,23.0,46430,0.0,0.0
2026-03-19 00:00:00-04:00,23.899999618530273,23.899999618530273,21.200000762939453,21.399999618530273,9490,0.0,0.0
2026-03-20 00:00:00-04:00,21.799999237060547,21.799999237060547,18.899999618530273,20.899999618530273,11290,0.0,0.0
2026-03-23 00:00:00-04:00,20.399999618530273,21.5,20.200000762939453,21.299999237060547,5020,0.0,0.0
2026-03-24 00:00:00-04:00,20.899999618530273,21.100000381469727,20.399999618530273,20.549999237060547,2910,0.0,0.0
2026-03-25 00:00:00-04:00,20.5,21.100000381469727,19.75,20.0,2830,0.0,0.0
2026-03-26 00:00:00-04:00,20.899999618530273,20.899999618530273,20.0,20.200000762939453,1720,0.0,0.0
2026-03-27 00:00:00-04:00,20.100000381469727,20.600000381469727,19.799999237060547,19.799999237060547,3810,0.0,0.0
2026-03-30 00:00:00-04:00,19.700000762939453,20.299999237060547,19.5,19.899999618530273,6000,0.0,0.0
2026-03-31 00:00:00-04:00,19.799999237060547,20.5,19.600000381469727,20.5,3350,0.0,0.0
2026-04-01 00:00:00-04:00,21.0,21.0,20.100000381469727,20.5,1540,0.0,0.0
2026-04-02 00:00:00-04:00,20.200000762939453,20.59000015258789,19.700000762939453,20.5,1930,0.0,0.0
2026-04-06 00:00:00-04:00,20.0,20.850000381469727,20.0,20.600000381469727,4270,0.0,0.0
2026-04-07 00:00:00-04:00,20.5,21.0,19.899999618530273,20.399999618530273,5200,0.0,0.0
2026-04-08 00:00:00-04:00,20.600000381469727,20.600000381469727,19.799999237060547,20.200000762939453,3040,0.0,0.0
2026-04-09 00:00:00-04:00,19.899999618530273,20.049999237060547,19.299999237060547,19.5,2620,0.0,0.0
2026-04-10 00:00:00-04:00,19.600000381469727,20.899999618530273,19.5,20.899999618530273,6210,0.0,0.0
2026-04-13 00:00:00-04:00,20.799999237060547,21.0,20.0,20.700000762939453,10980,0.0,0.0
2026-04-14 00:00:00-04:00,20.399999618530273,20.899999618530273,18.700000762939453,18.700000762939453,19970,0.0,0.0
2026-04-15 00:00:00-04:00,18.700000762939453,18.799999237060547,16.200000762939453,17.399999618530273,66250,0.0,0.0
2026-04-16 00:00:00-04:00,16.799999237060547,17.399999618530273,14.0,14.399999618530273,29200,0.0,0.0
2026-04-17 00:00:00-04:00,14.600000381469727,15.5,14.050000190734863,15.0,18710,0.0,0.0
2026-04-20 00:00:00-04:00,15.100000381469727,15.100000381469727,13.800000190734863,14.699999809265137,17370,0.0,0.0
2026-04-21 00:00:00-04:00,14.5,14.5,14.0,14.100000381469727,7380,0.0,0.0
2026-04-22 00:00:00-04:00,14.199999809265137,14.279999732971191,13.850000381469727,13.899999618530273,8000,0.0,0.0
2026-04-23 00:00:00-04:00,14.699999809265137,14.770000457763672,13.199999809265137,13.600000381469727,24720,0.0,0.0
2026-04-24 00:00:00-04:00,13.399999618530273,13.449999809265137,12.5,12.699999809265137,15330,0.0,0.0
2026-04-27 00:00:00-04:00,13.0,13.0,11.800000190734863,12.0,13820,0.0,0.0
2026-04-28 00:00:00-04:00,12.5,12.5,11.0,11.199999809265137,17550,0.0,0.0
2026-04-29 00:00:00-04:00,11.300000190734863,11.399999618530273,10.5,11.300000190734863,10250,0.0,0.0
2026-04-30 00:00:00-04:00,11.199999809265137,13.300000190734863,11.0,13.300000190734863,40350,0.0,0.0
2026-05-01 00:00:00-04:00,13.0,13.399999618530273,12.199999809265137,12.5,22750,0.0,0.0
2026-05-04 00:00:00-04:00,12.5,13.399999618530273,12.199999809265137,12.5,48710,0.0,0.0
2026-05-05 00:00:00-04:00,12.199999809265137,12.199999809265137,11.0,11.199999809265137,46590,0.0,0.0
2026-05-06 00:00:00-04:00,9.34000015258789,9.899999618530273,8.899999618530273,9.15999984741211,338760,0.0,0.0
2026-05-07 00:00:00-04:00,9.180000305175781,9.180000305175781,8.40999984741211,8.5,13880,0.0,0.0
2026-05-08 00:00:00-04:00,8.270000457763672,9.100000381469727,8.100000381469727,9.100000381469727,14970,0.0,0.0
2026-05-11 00:00:00-04:00,9.0,9.260000228881836,8.930000305175781,9.260000228881836,5980,0.0,0.0
2026-05-12 00:00:00-04:00,9.300000190734863,9.8100004196167,8.630000114440918,9.630000114440918,84080,0.0,0.0
2026-05-13 00:00:00-04:00,8.899999618530273,9.0,8.699999809265137,8.979999542236328,15690,0.0,0.0
2026-05-14 00:00:00-04:00,8.5600004196167,8.5600004196167,8.010000228881836,8.079999923706055,20780,0.0,0.0
2026-05-15 00:00:00-04:00,8.300000190734863,8.300000190734863,7.409999847412109,7.639999866485596,9370,0.0,0.0
2026-05-18 00:00:00-04:00,7.5,7.570000171661377,7.349999904632568,7.570000171661377,23010,0.0,0.0
2026-05-19 00:00:00-04:00,7.5,7.5,6.650000095367432,6.769999980926514,48060,0.0,0.0
2026-05-20 00:00:00-04:00,6.829999923706055,6.980000019073486,6.559999942779541,6.980000019073486,19200,0.0,0.0
2026-05-21 00:00:00-04:00,6.800000190734863,7.340000152587891,6.630000114440918,7.340000152587891,19580,0.0,0.0
2026-05-22 00:00:00-04:00,6.900000095367432,6.900000095367432,6.300000190734863,6.610000133514404,23720,0.0,0.0
2026-05-26 00:00:00-04:00,6.599999904632568,6.599999904632568,4.699999809265137,5.480000019073486,71260,0.0,0.0
2026-05-27 00:00:00-04:00,4.900000095367432,5.5,4.380000114440918,5.340000152587891,70340,0.0,0.0
2026-05-28 00:00:00-04:00,5.300000190734863,5.800000190734863,5.199999809265137,5.699999809265137,13360,0.0,0.0
2026-05-29 00:00:00-04:00,5.900000095367432,7.130000114440918,5.260000228881836,5.989999771118164,205120,0.0,0.0
2026-06-01 00:00:00-04:00,5.579999923706055,5.800000190734863,5.110000133514404,5.449999809265137,69440,0.0,0.0
2026-06-02 00:00:00-04:00,4.980000019073486,5.199999809265137,4.309999942779541,4.820000171661377,1184070,0.0,0.0
2026-06-03 00:00:00-04:00,4.800000190734863,4.800000190734863,3.609999895095825,4.570000171661377,340350,0.0,0.0
2026-06-04 00:00:00-04:00,4.0,4.480000019073486,4.0,4.199999809265137,178860,0.0,0.0
2026-06-05 00:00:00-04:00,3.9600000381469727,4.260000228881836,3.5,3.880000114440918,198240,0.0,0.0
2026-06-08 00:00:00-04:00,3.6600000858306885,4.550000190734863,3.5799999237060547,4.179999828338623,266200,0.0,0.0
2026-06-09 00:00:00-04:00,3.7699999809265137,3.799999952316284,3.309999942779541,3.5899999141693115,282750,0.0,0.0
2026-06-10 00:00:00-04:00,3.4000000953674316,3.75,3.1700000762939453,3.5199999809265137,247450,0.0,0.0
2026-06-11 00:00:00-04:00,3.430000066757202,3.5,3.009999990463257,3.5,161660,0.0,0.0
2026-06-12 00:00:00-04:00,3.5,3.5,3.1700000762939453,3.25,81020,0.0,0.0
2026-06-15 00:00:00-04:00,3.299999952316284,3.299999952316284,2.109999895095825,2.7200000286102295,417710,0.0,0.0
2026-06-16 00:00:00-04:00,2.6500000953674316,3.319999933242798,2.4100000858306885,2.609999895095825,559130,0.0,0.0
2026-06-17 00:00:00-04:00,2.799999952316284,3.940000057220459,2.799999952316284,3.5,1082900,0.0,0.1
2026-06-18 00:00:00-04:00,3.130000114440918,3.2899999618530273,2.9000000953674316,2.9700000286102295,219100,0.0,0.0
2026-06-22 00:00:00-04:00,3.0399999618530273,3.1600000858306885,2.619999885559082,2.6700000762939453,103800,0.0,0.0
2026-06-23 00:00:00-04:00,2.680000066757202,2.940000057220459,2.5999999046325684,2.7200000286102295,85900,0.0,0.0
2026-06-24 00:00:00-04:00,2.299999952316284,2.299999952316284,1.8200000524520874,1.9600000381469727,1672000,0.0,0.0
2026-06-25 00:00:00-04:00,1.9199999570846558,2.240000009536743,1.8519999980926514,1.909999966621399,171200,0.0,0.0
2026-06-26 00:00:00-04:00,1.909999966621399,2.0999999046325684,1.909999966621399,1.9800000190734863,62200,0.0,0.0
2026-06-29 00:00:00-04:00,2.0,2.1600000858306885,1.930999994277954,1.9600000381469727,69900,0.0,0.0
2026-06-30 00:00:00-04:00,2.0799999237060547,2.0899999141693115,1.8799999952316284,1.8899999856948853,95900,0.0,0.0
2026-07-01 00:00:00-04:00,1.774999976158142,1.7899999618530273,1.5199999809265137,1.5800000429153442,14821200,0.0,0.0
2026-07-02 00:00:00-04:00,1.600000023841858,1.600000023841858,1.409999966621399,1.440000057220459,687600,0.0,0.0
2026-07-06 00:00:00-04:00,1.350000023841858,1.5399999618530273,1.0,1.3700000047683716,564100,0.0,0.0
2026-07-07 00:00:00-04:00,1.3899999856948853,1.4900000095367432,1.309999942779541,1.409999966621399,237000,0.0,0.0
2026-07-08 00:00:00-04:00,1.4600000381469727,1.4600000381469727,1.1100000143051147,1.2799999713897705,2702500,0.0,0.0
2026-07-09 00:00:00-04:00,1.2200000286102295,1.4500000476837158,1.1299999952316284,1.2400000095367432,6796000,0.0,0.0
2026-07-10 00:00:00-04:00,1.190000057220459,1.3899999856948853,1.1299999952316284,1.2699999809265137,902700,0.0,0.0
2026-07-13 00:00:00-04:00,1.2300000190734863,2.0399999618530273,1.159999966621399,1.409999966621399,34492300,0.0,0.0
2026-07-14 00:00:00-04:00,1.809999942779541,2.25,1.2400000095367432,1.3200000524520874,94208800,0.0,0.0
2026-07-15 00:00:00-04:00,1.2699999809265137,1.4700000286102295,1.2300000190734863,1.309999942779541,6329700,0.0,0.0
2026-07-16 00:00:00-04:00,1.190000057220459,1.25,0.906000018119812,0.9959999918937683,3612500,0.0,0.0
2026-07-17 00:00:00-04:00,0.8600000143051147,0.9449999928474426,0.8090000152587891,0.9300000071525574,10397400,0.0,0.0
2026-07-20 00:00:00-04:00,1.1200000047683716,1.1200000047683716,0.8820000290870667,0.9330000281333923,8457400,0.0,0.0
2026-07-21 00:00:00-04:00,0.8399999737739563,0.9300000071525574,0.7519999742507935,0.8320000171661377,3621500,0.0,0.0
2026-07-22 00:00:00-04:00,0.8299999833106995,0.9200000166893005,0.8009999990463257,0.8240000009536743,1876600,0.0,0.0
2026-07-23 00:00:00-04:00,0.8180000185966492,0.8500000238418579,0.7400000095367432,0.8320000171661377,1023000,0.0,0.0
2026-07-24 00:00:00-04:00,0.8299999833106995,0.8299999833106995,0.7200000286102295,0.7289999723434448,863600,0.0,0.0
2026-07-27 00:00:00-04:00,0.75,0.75,0.6510000228881836,0.7099999785423279,1054700,0.0,0.0
2026-07-28 00:00:00-04:00,0.7080000042915344,0.8100000023841858,0.6610000133514404,0.7649999856948853,1466100,0.0,0.0
2026-07-29 00:00:00-04:00,0.7390000224113464,0.796999990940094,0.7210000157356262,0.7630000114440918,504900,0.0,0.0
2026-07-30 00:00:00-04:00,0.7580000162124634,0.828000009059906,0.7549999952316284,0.8149999976158142,1080300,0.0,0.0
2026-07-31 00:00:00-04:00,0.6520000100135803,0.6600000262260437,0.515999972820282,0.5249999761581421,1355800,0.0,0.0
