Date,Open,High,Low,Close,Volume,Dividends,Stock Splits
2007-12-31 00:00:00+08:00,21.769771358102627,23.534889221191406,21.769771358102627,23.534889221191406,122929,0.0,0.0
2008-01-02 00:00:00+08:00,23.279073551219735,23.38139886499756,22.12790955382152,22.409305572509766,107179,0.0,0.0
2008-01-03 00:00:00+08:00,22.102329726448442,23.790702097057718,21.79535190939277,22.84419059753418,109484,0.0,0.0
2008-01-04 00:00:00+08:00,22.844191715076388,23.509307227236302,22.409306765372694,22.997678756713867,60312,0.0,0.0
2008-01-07 00:00:00+08:00,21.41163134476699,23.53488872011124,21.41163134476699,21.590702056884766,105258,0.0,0.0
2008-01-08 00:00:00+08:00,22.000003959872544,23.023258955420676,22.000003959872544,22.869770050048828,86435,0.0,0.0
2008-01-09 00:00:00+08:00,22.383724212646484,22.741863755063253,21.69302692535679,22.383724212646484,40336,0.0,0.0
2008-01-10 00:00:00+08:00,22.639538123498976,22.639538123498976,22.051166160192558,22.51163101196289,14597,0.0,0.0
2008-01-11 00:00:00+08:00,22.511630575135563,22.972095417970795,22.255818231426275,22.537212371826172,54934,0.0,0.0
2008-01-14 00:00:00+08:00,22.920933827657784,22.920933827657784,22.30698007563133,22.639537811279297,16902,0.0,0.0
2008-01-15 00:00:00+08:00,22.000004013318048,22.613955887499067,22.000004013318048,22.537212371826172,69532,0.0,0.0
2008-01-16 00:00:00+08:00,22.051167445001884,22.306981682979053,21.25814480679192,22.0000057220459,66458,0.0,0.0
2008-01-17 00:00:00+08:00,21.616281230135748,22.204655067811892,20.97674754688607,21.744190216064453,53013,0.0,0.0
2008-01-18 00:00:00+08:00,20.720933351935056,21.641864931078175,20.465119128528578,21.411630630493164,38031,0.0,0.0
2008-01-21 00:00:00+08:00,21.360470017463598,21.616282379728652,20.618609106017455,21.130237579345703,77983,0.0,0.0
2008-01-22 00:00:00+08:00,19.672096252441406,20.31163180175583,19.672096252441406,19.672096252441406,441779,0.0,0.0
2008-01-23 00:00:00+08:00,18.316281525741125,19.672096132244043,18.316281525741125,18.469770431518555,271214,0.0,0.0
2008-01-24 00:00:00+08:00,17.39535304434575,18.418608113448936,17.19070053100586,17.19070053100586,88740,0.0,0.0
2008-01-25 00:00:00+08:00,17.651167509170918,18.16279411315918,17.395353269977242,18.16279411315918,49556,0.0,0.0
2008-01-28 00:00:00+08:00,17.906979922639692,17.906979922639692,16.90930663635142,17.395353317260742,49940,0.0,0.0
2008-01-29 00:00:00+08:00,17.523260454509405,17.523260454509405,16.218607454907232,16.627910614013672,74910,0.0,0.0
2008-01-30 00:00:00+08:00,17.395352122725466,17.395352122725466,15.886048585903621,16.47442054748535,83746,0.0,0.0
2008-01-31 00:00:00+08:00,16.372095081085487,16.372095081085487,15.32325734164367,15.604653358459473,148284,0.0,0.0
2008-02-01 00:00:00+08:00,15.60465362416205,16.06511941533765,15.5023283093228,15.809305191040039,34189,0.0,0.0
2008-02-12 00:00:00+08:00,15.809305619631013,15.809305619631013,14.965118469123041,15.016281127929688,28043,0.0,0.0
2008-02-13 00:00:00+08:00,15.041862487792969,15.220932257000038,14.837211858527452,15.041862487792969,47635,0.0,0.0
2008-02-14 00:00:00+08:00,15.348839781927005,15.732562065124512,15.348839781927005,15.732562065124512,48787,0.0,0.0
2008-02-15 00:00:00+08:00,15.732561086306585,16.83255958557129,15.348838826982764,16.83255958557129,97191,0.0,0.0
2008-02-18 00:00:00+08:00,17.037210780598713,18.009305953979492,16.67907124278431,18.009305953979492,196303,0.0,0.0
2008-02-19 00:00:00+08:00,17.26744463084692,18.418606731517215,17.26744463084692,18.03488540649414,72221,0.0,0.0
2008-02-20 00:00:00+08:00,17.906978920648754,18.290700259011032,17.779071807861328,17.779071807861328,24585,0.0,0.0
2008-02-21 00:00:00+08:00,18.162792514835164,18.34186321627217,17.906978298153117,18.03488540649414,59160,0.0,0.0
2008-02-22 00:00:00+08:00,17.779071897457335,18.418607464617345,17.779071897457335,18.213956832885742,20744,0.0,0.0
2008-02-25 00:00:00+08:00,18.418608072423883,19.18605077834119,18.162793837118112,18.725584030151367,77215,0.0,0.0
2008-02-26 00:00:00+08:00,18.674422307729653,19.006980063867527,18.316282753181387,18.725584030151367,58775,0.0,0.0
2008-02-27 00:00:00+08:00,18.725584030151367,19.05814366068831,18.418608072423883,18.725584030151367,68379,0.0,0.0
2008-02-29 00:00:00+08:00,18.725583538563797,18.90465424833646,18.316282272338867,18.316282272338867,84898,0.0,0.0
2008-03-03 00:00:00+08:00,17.906979516979145,18.16279375107301,17.267445806143535,17.855817794799805,74142,0.0,0.0
2008-03-04 00:00:00+08:00,17.34418936867239,18.290700912475586,17.34418936867239,18.290700912475586,158272,0.0,0.0
2008-03-05 00:00:00+08:00,17.3953515978405,18.3930247855151,17.3953515978405,18.265119552612305,84898,0.0,0.0
2008-03-06 00:00:00+08:00,17.93256092945374,18.444189386633912,17.676746700863653,18.316282272338867,115246,0.0,0.0
2008-03-07 00:00:00+08:00,18.29069962317619,18.418606731517215,17.651165955869992,18.03488540649414,44562,0.0,0.0
2008-03-10 00:00:00+08:00,18.418607049371115,18.418607049371115,17.651166260480004,17.906978607177734,89124,0.0,0.0
2008-03-11 00:00:00+08:00,17.779072754368666,18.16279411315918,17.52326038957408,18.16279411315918,95654,0.0,0.0
2008-03-12 00:00:00+08:00,18.367445491793895,18.418607211825112,18.009305953979492,18.009305953979492,107563,0.0,0.0
2008-03-13 00:00:00+08:00,18.060467830873463,18.060467830873463,17.779071807861328,17.779071807861328,138680,0.0,0.0
2008-03-14 00:00:00+08:00,17.779071807861328,17.80465360529861,17.52325945668547,17.779071807861328,24970,0.0,0.0
2008-03-17 00:00:00+08:00,17.651167402688888,17.651167402688888,17.267446046213202,17.293025970458984,23433,0.0,0.0
2008-03-18 00:00:00+08:00,16.883723306325837,17.600002363297303,16.883723306325837,16.934885025024414,24201,0.0,0.0
2008-03-19 00:00:00+08:00,17.139539094296946,17.190700817685816,16.627910614013672,16.627910614013672,41873,0.0,0.0
2008-03-20 00:00:00+08:00,16.295352851589183,16.806981331872457,16.295352851589183,16.627910614013672,67611,0.0,0.0
2008-03-21 00:00:00+08:00,16.653491225039964,16.883723649865498,16.372095206075883,16.80698013305664,81825,0.0,0.0
2008-03-24 00:00:00+08:00,17.39535267349008,17.39535267349008,16.883724212646484,16.883724212646484,57623,0.0,0.0
2008-03-25 00:00:00+08:00,16.934885397905926,16.934885397905926,16.47442054748535,16.47442054748535,70684,0.0,0.0
2008-03-26 00:00:00+08:00,16.34651457497805,17.395353334438585,16.34651457497805,16.627910614013672,86435,0.0,0.0
2008-03-27 00:00:00+08:00,16.75581677996091,17.779071807861328,16.75581677996091,17.779071807861328,75678,0.0,0.0
2008-03-28 00:00:00+08:00,19.00697898864746,19.00697898864746,19.00697898864746,19.00697898864746,90276,0.0,0.0
2008-03-31 00:00:00+08:00,20.33721160888672,20.33721160888672,20.33721160888672,20.33721160888672,39952,0.0,0.0
2008-04-01 00:00:00+08:00,21.744190216064453,21.744190216064453,21.744190216064453,21.744190216064453,84130,0.0,0.0
2008-04-02 00:00:00+08:00,23.25349235534668,23.25349235534668,23.25349235534668,23.25349235534668,75678,0.0,0.0
2008-04-03 00:00:00+08:00,24.865121335169917,24.865121335169917,23.023260009572397,23.688377380371094,1777874,0.0,0.0
2008-04-07 00:00:00+08:00,22.076747475359,23.68837629576605,22.051165678730538,22.869770050048828,304251,0.0,0.0
2008-04-08 00:00:00+08:00,22.844191957610928,22.844191957610928,22.0000057220459,22.0000057220459,212822,0.0,0.0
2008-04-09 00:00:00+08:00,22.000005671269967,23.534889221191406,21.769771358102627,23.534889221191406,553568,0.0,0.0
2008-04-10 00:00:00+08:00,25.06977105508446,25.06977105508446,23.53488761022595,24.506980895996094,692249,0.0,0.0
2008-04-11 00:00:00+08:00,23.790702807742697,23.918609922936955,23.02326011657715,23.02326011657715,324227,0.0,0.0
2008-04-14 00:00:00+08:00,22.844191104359627,23.560468319783386,22.000004900325717,22.486051559448242,235487,0.0,0.0
2008-04-15 00:00:00+08:00,22.48605186867555,22.869771342186848,21.565120258810936,21.590702056884766,251622,0.0,0.0
2008-04-16 00:00:00+08:00,21.872096412269613,22.230237839776258,21.360469818115234,21.360469818115234,262762,0.0,0.0
2008-04-17 00:00:00+08:00,21.488377056019615,21.846516611139972,21.36046993816241,21.46279525756836,118704,0.0,0.0
2008-04-18 00:00:00+08:00,21.488376084012266,22.946516036987305,21.488376084012266,22.946516036987305,361874,0.0,0.0
2008-04-21 00:00:00+08:00,23.43256358178662,23.43256358178662,22.05116709360311,22.127910614013672,269677,0.0,0.0
2008-04-22 00:00:00+08:00,21.76977071373424,22.818609430854927,21.76977071373424,22.588376998901367,172486,0.0,0.0
2008-04-23 00:00:00+08:00,22.255818663289684,22.613956326311964,22.179073271728647,22.51163101196289,120240,0.0,0.0
2008-04-24 00:00:00+08:00,23.48372538472978,23.48372538472978,22.409306723289784,22.562795639038086,76062,0.0,0.0
2008-04-25 00:00:00+08:00,22.639538123498976,23.023259458107244,22.51163101196289,22.51163101196289,96807,0.0,0.0
2008-04-28 00:00:00+08:00,22.588376021725967,22.613955944081646,22.00000406836445,22.204654693603516,101417,0.0,0.0
2008-04-29 00:00:00+08:00,22.179073101499718,22.179073101499718,20.84884027637359,20.874422073364258,150205,0.0,0.0
2008-04-30 00:00:00+08:00,20.82325929434197,20.82325929434197,19.595351734722982,19.620933532714844,137527,0.0,0.0
2008-05-02 00:00:00+08:00,19.646514886852017,20.465119283304393,19.467444179353596,20.413955688476562,66843,0.0,0.0
2008-05-05 00:00:00+08:00,20.38837515185429,20.38837515185429,19.518607186750568,19.56976890563965,84514,0.0,0.0
2008-05-06 00:00:00+08:00,19.18604943585002,19.313956544552955,18.80232810974121,18.80232810974121,73757,0.0,0.0
2008-05-07 00:00:00+08:00,18.0860495911956,19.28837532429067,18.0860495911956,18.879072189331055,148284,0.0,0.0
2008-05-08 00:00:00+08:00,18.62325871090887,18.90465474462503,18.444189870834272,18.725584030151367,87587,0.0,0.0
2008-05-09 00:00:00+08:00,18.80232960634964,20.030237197875977,18.700004286122294,20.030237197875977,250853,0.0,0.0
2008-05-12 00:00:00+08:00,19.825584116794378,19.979073029951227,18.930236184577325,19.186050415039062,139064,0.0,0.0
2008-05-13 00:00:00+08:00,19.44186452106024,19.44186452106024,19.0581431778237,19.083724975585938,34958,0.0,0.0
2008-05-14 00:00:00+08:00,19.31395714366808,20.413955688476562,19.31395714366808,20.413955688476562,297720,0.0,0.0
2008-05-15 00:00:00+08:00,20.413956159567146,20.413956159567146,19.825584177464236,20.388376235961914,154046,0.0,0.0
2008-05-16 00:00:00+08:00,20.413956159567146,20.848841102442535,20.08139840870881,20.388376235961914,206291,0.0,0.0
2008-05-19 00:00:00+08:00,20.695351924970904,21.4627946089205,20.465119494665828,20.9511661529541,228572,0.0,0.0
2008-05-20 00:00:00+08:00,20.90000399333749,20.90000399333749,20.209306716918945,20.209306716918945,170949,0.0,0.0
2008-05-21 00:00:00+08:00,20.33721160888672,20.720932936299473,19.979072078181265,20.33721160888672,138680,0.0,0.0
2008-05-22 00:00:00+08:00,20.31163278991031,20.33721271360818,20.055818557739258,20.055818557739258,72221,0.0,0.0
2008-05-23 00:00:00+08:00,20.18372396471362,20.209307637419084,19.825584411621094,19.825584411621094,78751,0.0,0.0
2008-05-26 00:00:00+08:00,20.20930664028909,20.20930664028909,18.46977068286915,18.674421310424805,58007,0.0,0.0
2008-05-27 00:00:00+08:00,18.93023539011646,19.82558328475771,18.93023539011646,19.672096252441406,37263,0.0,0.0
2008-05-28 00:00:00+08:00,19.211631305098848,19.82558317991523,19.211631305098848,19.237211227416992,46482,0.0,0.0
2008-05-29 00:00:00+08:00,19.237211023662205,19.44186352083232,18.49535017311797,18.700002670288086,61080,0.0,0.0
2008-05-30 00:00:00+08:00,19.953493017591686,19.953493017591686,18.75116539001465,18.75116539001465,55318,0.0,0.0
2008-06-02 00:00:00+08:00,19.186049492614636,19.186049492614636,18.290699729045066,18.469770431518555,53013,0.0,0.0
2008-06-03 00:00:00+08:00,18.648839905587156,19.74884033203125,18.648839905587156,19.74884033203125,189773,0.0,0.0
2008-06-04 00:00:00+08:00,19.74884030895997,19.74884030895997,18.930235908078526,18.98139762878418,94502,0.0,0.0
2008-06-05 00:00:00+08:00,18.70000366878949,19.058143214961685,18.5209348329029,18.75116539001465,57239,0.0,0.0
2008-06-06 00:00:00+08:00,18.930235532068853,19.08372443993507,18.674421310424805,18.674421310424805,43409,0.0,0.0
2008-06-09 00:00:00+08:00,18.67442112685764,18.981397065173585,18.495350423707464,18.904653549194336,24970,0.0,0.0
2008-06-10 00:00:00+08:00,19.186051055406224,19.36512177246584,18.751166099346634,18.93023681640625,59544,0.0,0.0
2008-06-11 00:00:00+08:00,18.70000430645817,18.981398468789614,18.444190068412066,18.495351791381836,34958,0.0,0.0
2008-06-12 00:00:00+08:00,18.36744545643924,18.36744545643924,17.21628145356657,17.241863250732422,91429,0.0,0.0
2008-06-13 00:00:00+08:00,17.523259463305894,17.523259463305894,16.62790967345564,17.01163101196289,47251,0.0,0.0
2008-06-16 00:00:00+08:00,17.36977071501582,17.36977071501582,16.781396865844727,16.781396865844727,63001,0.0,0.0
2008-06-17 00:00:00+08:00,17.088374529904744,17.088374529904744,16.039537704170783,17.01163101196289,19976,0.0,0.0
2008-06-18 00:00:00+08:00,16.627909982224686,17.1139566451463,16.500002867013787,16.883724212646484,24585,0.0,0.0
2008-06-19 00:00:00+08:00,16.755816538918094,16.80698013305664,16.500002317023288,16.80698013305664,21128,0.0,0.0
2008-06-20 00:00:00+08:00,16.883723590287193,17.139537811279297,16.62790936929509,17.139537811279297,47251,0.0,0.0
2008-06-23 00:00:00+08:00,18.316282272338867,18.316282272338867,18.316282272338867,18.316282272338867,174022,0.0,0.0
2008-06-24 00:00:00+08:00,19.18604970481717,19.18604970481717,17.08837421732129,17.139537811279297,157503,0.0,0.0
2008-06-25 00:00:00+08:00,16.653491252870555,16.883723678080845,16.065119291288827,16.47442054748535,116399,0.0,0.0
2008-06-26 00:00:00+08:00,16.47442039957755,16.576747587106954,15.988373756408691,15.988373756408691,61080,0.0,0.0
2008-06-27 00:00:00+08:00,15.60465391972241,15.60465391972241,14.888374827881982,14.913955688476562,147131,0.0,0.0
2008-06-30 00:00:00+08:00,14.913956642150879,14.913956642150879,14.913956642150879,14.913956642150879,0,0.0,0.85
2008-07-01 00:00:00+08:00,14.913956642150879,14.913956642150879,14.913956642150879,14.913956642150879,0,0.0,0.0
2008-07-02 00:00:00+08:00,14.913956642150879,14.913956642150879,14.913956642150879,14.913956642150879,0,0.0,0.0
2008-07-03 00:00:00+08:00,14.913956642150879,14.913956642150879,14.913956642150879,14.913956642150879,0,0.0,0.0
2008-07-04 00:00:00+08:00,14.913956642150879,14.913956642150879,14.913956642150879,14.913956642150879,0,0.0,0.0
2008-07-07 00:00:00+08:00,14.913956642150879,14.913956642150879,14.913956642150879,14.913956642150879,0,0.0,0.0
2008-07-08 00:00:00+08:00,14.913956642150879,14.913956642150879,14.913956642150879,14.913956642150879,0,0.0,0.0
2008-07-09 00:00:00+08:00,14.913956642150879,14.913956642150879,14.913956642150879,14.913956642150879,0,0.0,0.0
2008-07-10 00:00:00+08:00,14.913956642150879,14.913956642150879,14.913956642150879,14.913956642150879,0,0.0,0.0
2008-07-11 00:00:00+08:00,14.913956642150879,14.913956642150879,14.913956642150879,14.913956642150879,0,0.0,0.0
2008-07-14 00:00:00+08:00,14.913956642150879,14.913956642150879,14.913956642150879,14.913956642150879,0,0.0,0.0
2008-07-15 00:00:00+08:00,13.872793197631836,14.459885881588914,13.872793197631836,13.872793197631836,131516,0.0,0.0
2008-07-16 00:00:00+08:00,13.155234506171762,13.263956211557922,12.916049003601074,12.916049003601074,107563,0.0,0.0
2008-07-17 00:00:00+08:00,12.176745428551387,12.807327930878674,12.024536731589166,12.285466194152832,71407,0.0,0.0
2008-07-18 00:00:00+08:00,12.611630032565921,12.611630032565921,11.437443733215332,11.437443733215332,35703,0.0,0.0
2008-07-21 00:00:00+08:00,10.872095108032227,11.306978162593925,10.654651706352404,10.872095108032227,91745,0.0,0.0
2008-07-22 00:00:00+08:00,11.306978162593925,11.306978162593925,10.632908678263702,10.872095108032227,99880,0.0,0.0
2008-07-23 00:00:00+08:00,11.089536756306497,11.63314151763916,11.089536756306497,11.63314151763916,24405,0.0,0.0
2008-07-24 00:00:00+08:00,12.437675476074219,12.437675476074219,12.437675476074219,12.437675476074219,31184,0.0,0.0
2008-07-25 00:00:00+08:00,13.307444166714934,13.307444166714934,11.741862665430741,13.133490562438965,140555,0.0,0.0
2008-07-28 00:00:00+08:00,13.133490562438965,13.133490562438965,13.133490562438965,13.133490562438965,0,0.0,0.0
2008-07-29 00:00:00+08:00,13.133490562438965,13.133490562438965,13.133490562438965,13.133490562438965,0,0.0,0.0
2008-07-30 00:00:00+08:00,13.133490562438965,13.133490562438965,13.133490562438965,13.133490562438965,0,0.0,0.0
2008-07-31 00:00:00+08:00,13.133490562438965,13.133490562438965,13.133490562438965,13.133490562438965,0,0.0,0.0
2008-08-01 00:00:00+08:00,13.133490562438965,13.133490562438965,13.133490562438965,13.133490562438965,0,0.0,0.0
2008-08-04 00:00:00+08:00,13.133490562438965,13.133490562438965,13.133490562438965,13.133490562438965,0,0.0,0.0
2008-08-05 00:00:00+08:00,13.133490562438965,13.133490562438965,13.133490562438965,13.133490562438965,0,0.0,0.0
2008-08-06 00:00:00+08:00,13.133490562438965,13.133490562438965,13.133490562438965,13.133490562438965,0,0.0,0.0
2008-08-07 00:00:00+08:00,13.133490562438965,13.133490562438965,13.133490562438965,13.133490562438965,0,0.0,0.0
2008-08-08 00:00:00+08:00,13.133490562438965,13.133490562438965,13.133490562438965,13.133490562438965,0,0.0,0.0
2008-08-11 00:00:00+08:00,13.133490562438965,13.133490562438965,13.133490562438965,13.133490562438965,0,0.0,0.0
2008-08-12 00:00:00+08:00,13.133490562438965,13.133490562438965,13.133490562438965,13.133490562438965,0,0.0,0.0
2008-08-13 00:00:00+08:00,13.133490562438965,13.133490562438965,13.133490562438965,13.133490562438965,0,0.0,0.0
2008-08-14 00:00:00+08:00,13.133490562438965,13.133490562438965,13.133490562438965,13.133490562438965,0,0.0,0.0
2008-08-15 00:00:00+08:00,13.133490562438965,13.133490562438965,13.133490562438965,13.133490562438965,0,0.0,0.0
2008-08-18 00:00:00+08:00,12.546397829446803,13.00302486839076,12.415932157863223,12.916049003601074,14462,0.0,0.0
2008-08-19 00:00:00+08:00,12.8073278583705,12.85081672668457,12.611630293955933,12.85081672668457,3163,0.0,0.0
2008-08-20 00:00:00+08:00,12.611630365356174,12.807327930878674,12.220234297111666,12.285466194152832,12202,0.0,0.0
2008-08-21 00:00:00+08:00,12.285466194152832,12.285466194152832,12.285466194152832,12.285466194152832,7231,0.0,0.0
2008-08-22 00:00:00+08:00,12.785583027998783,12.785583027998783,12.176745428551387,12.285466194152832,7683,0.0,0.0
2008-08-25 00:00:00+08:00,12.176745386345205,12.176745386345205,11.959303855895996,11.959303855895996,11750,0.0,0.0
2008-08-26 00:00:00+08:00,12.176745386345205,12.176745386345205,11.959303855895996,11.959303855895996,16722,0.0,0.0
2008-08-27 00:00:00+08:00,11.959303855895996,12.0680246211206,11.937559890290975,11.959303855895996,30280,0.0,0.0
2008-08-28 00:00:00+08:00,11.981047821501017,12.0680246211206,11.959303855895996,11.959303855895996,15818,0.0,0.0
2008-08-29 00:00:00+08:00,11.93755981441277,11.93755981441277,11.524419784545898,11.524419784545898,30280,0.0,0.0
2008-09-01 00:00:00+08:00,11.915816191819301,11.915816191819301,11.154768943786621,11.154768943786621,14010,0.0,0.0
2008-09-02 00:00:00+08:00,11.306978162593925,11.306978162593925,10.567675845199652,10.872095108032227,66436,0.0,0.0
2008-09-03 00:00:00+08:00,11.08953647803642,11.08953647803642,10.111047744750977,10.111047744750977,36607,0.0,0.0
2008-09-04 00:00:00+08:00,9.8501176089362,9.8501176089362,9.415233612060547,9.415233612060547,103044,0.0,0.0
2008-09-05 00:00:00+08:00,9.350001335144043,9.393489264463112,8.784652630799396,9.350001335144043,29828,0.0,0.0
2008-09-08 00:00:00+08:00,9.78488450431209,10.002326965332031,9.78488450431209,10.002326965332031,21241,0.0,0.0
2008-09-09 00:00:00+08:00,10.219769152258747,10.698141098022461,9.567443601271949,10.698141098022461,41579,0.0,0.0
2008-09-10 00:00:00+08:00,10.654651877606208,11.372211178445218,10.654651877606208,10.850350379943848,46098,0.0,0.0
2008-09-11 00:00:00+08:00,10.545930793144976,10.545930793144976,10.111047744750977,10.111047744750977,35703,0.0,0.0
2008-09-12 00:00:00+08:00,9.78488498685186,9.78488498685186,9.415233815808104,9.50221061706543,35251,0.0,0.0
2008-09-15 00:00:00+08:00,9.632675253089982,9.632675253089982,8.849884986877441,8.849884986877441,9038,0.0,0.0
2008-09-16 00:00:00+08:00,8.241046905517578,8.241046905517578,8.241046905517578,8.241046905517578,13106,0.0,0.0
2008-09-17 00:00:00+08:00,8.154070697313884,8.241047498903342,7.675698757171631,7.675698757171631,43838,0.0,0.0
2008-09-18 00:00:00+08:00,7.153838157653809,7.153838157653809,7.153838157653809,7.153838157653809,39771,0.0,0.0
2008-09-19 00:00:00+08:00,7.153838353593429,7.65395519265351,7.153838353593429,7.240814685821533,63272,0.0,0.0
2008-09-22 00:00:00+08:00,7.740931034088135,7.740931034088135,7.740931034088135,7.740931034088135,32992,0.0,0.0
2008-09-23 00:00:00+08:00,7.21907077193426,7.675698745271064,7.21907077193426,7.5669779777526855,110727,0.0,0.0
2008-09-24 00:00:00+08:00,7.393023917706015,7.6974427232691145,7.066861614645191,7.675698757171631,71407,0.0,0.0
2008-09-25 00:00:00+08:00,7.610466057582349,7.610466057582349,7.3930235945146014,7.436511993408203,59205,0.0,0.0
2008-09-26 00:00:00+08:00,7.501745509480617,7.523489475250244,7.2843030401858275,7.523489475250244,34800,0.0,0.0
2008-09-29 00:00:00+08:00,7.523489475250244,7.523489475250244,7.523489475250244,7.523489475250244,0,0.0,0.0
2008-09-30 00:00:00+08:00,7.001628875732422,7.001628875732422,7.001628875732422,7.001628875732422,22597,0.0,0.0
2008-10-01 00:00:00+08:00,7.284303144650166,7.284303144650166,6.523256365603227,6.9581403732299805,73667,0.0,0.0
2008-10-02 00:00:00+08:00,7.066861477153067,7.066861477153067,6.523256243495406,6.697210311889648,27568,0.0,0.0
2008-10-03 00:00:00+08:00,6.2405824635454765,6.9581403732299805,6.2405824635454765,6.9581403732299805,30280,0.0,0.0
2008-10-06 00:00:00+08:00,6.63197794626659,6.958140242981633,6.63197794626659,6.697210311889648,15818,0.0,0.0
2008-10-07 00:00:00+08:00,6.914651870727539,6.93639677368857,6.892908373565768,6.914651870727539,11750,0.0,0.0
2008-10-08 00:00:00+08:00,6.5667447930113365,6.5667447930113365,6.436280058793693,6.458024024963379,26664,0.0,0.0
2008-10-09 00:00:00+08:00,6.631977861437101,6.8494193897991735,6.240582266905829,6.262325763702393,32088,0.0,0.0
2008-10-13 00:00:00+08:00,6.262325951598622,6.262325951598622,6.110116783458304,6.131861686706543,8587,0.0,0.0
2008-10-14 00:00:00+08:00,5.936163541977689,6.458023872312098,5.936163541977689,6.088372707366943,37511,0.0,0.0
2008-10-15 00:00:00+08:00,6.392791506745204,6.392791506745204,5.957907507633403,6.088372707366943,28924,0.0,0.0
2008-10-16 00:00:00+08:00,5.892675142066509,6.088372707366943,5.892675142066509,6.088372707366943,17625,0.0,0.0
2008-10-17 00:00:00+08:00,6.066628047519511,6.26232560554279,5.892674922943115,5.892674922943115,28472,0.0,0.0
2008-10-20 00:00:00+08:00,5.892674922943115,5.892674922943115,5.696976896320103,5.892674922943115,17174,0.0,0.0
2008-10-21 00:00:00+08:00,5.892675173462134,5.9361635736050165,5.696977138519287,5.696977138519287,28472,0.0,0.0
2008-10-22 00:00:00+08:00,5.653488505796485,5.653488505796485,5.501278877258301,5.501278877258301,23501,0.0,0.0
2008-10-23 00:00:00+08:00,5.327325820922852,5.327325820922852,5.327325820922852,5.327325820922852,2711,0.0,0.0
2008-10-24 00:00:00+08:00,5.153372764587402,5.218605129551909,5.153372764587402,5.153372764587402,13558,0.0,0.0
2008-10-27 00:00:00+08:00,4.8054656982421875,4.8054656982421875,4.8054656982421875,4.8054656982421875,8587,0.0,0.0
2008-10-28 00:00:00+08:00,4.479302147395914,4.805465364146817,4.479302147395914,4.566279411315918,38867,0.0,0.0
2008-10-29 00:00:00+08:00,4.5880231857299805,4.805465655828712,4.283605320830925,4.5880231857299805,25761,0.0,0.0
2008-10-30 00:00:00+08:00,4.588023113991465,4.71848878145064,4.305349219362331,4.653256416320801,62368,0.0,0.0
2008-10-31 00:00:00+08:00,4.783721403425943,4.783721403425943,4.348837852478027,4.348837852478027,63724,0.0,0.0
2008-11-03 00:00:00+08:00,4.3270933480160725,4.653256591761793,4.3270933480160725,4.631511688232422,91293,0.0,0.0
2008-11-04 00:00:00+08:00,4.457558300396611,4.718488693237305,4.370581502783047,4.718488693237305,44742,0.0,0.0
2008-11-05 00:00:00+08:00,4.501047212509411,5.044651031494141,4.501047212509411,5.044651031494141,96716,0.0,0.0
2008-11-06 00:00:00+08:00,4.892442018499523,4.892442018499523,4.696744918823242,4.696744918823242,69148,0.0,0.0
2008-11-07 00:00:00+08:00,4.5010472917314095,5.022907623181546,4.5010472917314095,4.979418754577637,81350,0.0,0.0
2008-11-10 00:00:00+08:00,5.327325820922852,5.327325820922852,5.30558232436605,5.327325820922852,44742,0.0,0.0
2008-11-11 00:00:00+08:00,5.696977138519287,5.696977138519287,5.696977138519287,5.696977138519287,47002,0.0,0.0
2008-11-12 00:00:00+08:00,6.0883726931726025,6.0883726931726025,5.696977094884476,5.979651927947998,136036,0.0,0.0
2008-11-13 00:00:00+08:00,5.762209688687267,6.371046841556158,5.566512584686279,5.566512584686279,36155,0.0,0.0
2008-11-14 00:00:00+08:00,5.566512535684901,5.870931343739467,5.196860891604475,5.240349292755127,55589,0.0,0.0
2008-11-17 00:00:00+08:00,5.240349292755127,5.370814964806848,5.240349292755127,5.240349292755127,49262,0.0,0.0
2008-11-18 00:00:00+08:00,5.022907481312438,5.544767798022933,4.892441816385141,5.218605041503906,28472,0.0,0.0
2008-11-19 00:00:00+08:00,5.392558225403958,5.544767857039375,5.001163569454901,5.044651031494141,14914,0.0,0.0
2008-11-20 00:00:00+08:00,5.2186049702373545,5.349069696183515,4.696744660653512,4.892441749572754,25761,0.0,0.0
2008-11-21 00:00:00+08:00,4.566279497825607,5.044650943950585,4.566279497825607,5.001163482666016,15366,0.0,0.0
2008-11-24 00:00:00+08:00,5.109884189573142,5.109884189573142,4.783720970153809,4.783720970153809,10846,0.0,0.0
2008-11-25 00:00:00+08:00,4.457558369343244,5.066395962055301,4.457558369343244,4.5445356369018555,47002,0.0,0.0
2008-11-26 00:00:00+08:00,4.348837782945678,4.675000558091633,4.348837782945678,4.631511688232422,15366,0.0,0.0
2008-11-27 00:00:00+08:00,4.696744993021238,4.761977360610523,4.566279789242903,4.631511688232422,6779,0.0,0.0
2008-11-28 00:00:00+08:00,4.783721089521258,4.935930252075195,4.783721089521258,4.935930252075195,27568,0.0,0.0
2008-12-01 00:00:00+08:00,4.783721073699001,5.262093930828486,4.783721073699001,4.82720947265625,56945,0.0,0.0
2008-12-02 00:00:00+08:00,4.501047472879604,4.979418954978267,4.501047472879604,4.957675457000732,90841,0.0,0.0
2008-12-03 00:00:00+08:00,4.935930215160994,5.218605041503906,4.935930215160994,5.218605041503906,27116,0.0,0.0
2008-12-04 00:00:00+08:00,5.414303441121862,5.414303441121862,4.957675457000732,4.957675457000732,30732,0.0,0.0
2008-12-05 00:00:00+08:00,4.892441735878287,5.28383731842041,4.696744647506822,5.28383731842041,90841,0.0,0.0
2008-12-08 00:00:00+08:00,5.653488636016846,5.653488636016846,5.653488636016846,5.653488636016846,40223,0.0,0.0
2008-12-09 00:00:00+08:00,6.044884204864502,6.044884204864502,6.044884204864502,6.044884204864502,3163,0.0,0.0
2008-12-10 00:00:00+08:00,6.458024024963379,6.458024024963379,6.458024024963379,6.458024024963379,10846,0.0,0.0
2008-12-11 00:00:00+08:00,6.892908223040077,6.892908223040077,6.023140708177561,6.044884204864502,198405,0.0,0.0
2008-12-12 00:00:00+08:00,5.653488640809048,6.305814631694502,5.6317446754127385,6.262325763702393,25309,0.0,0.0
2008-12-15 00:00:00+08:00,5.892675142066509,6.088372707366943,5.870931176410795,6.088372707366943,50166,0.0,0.0
2008-12-16 00:00:00+08:00,6.284070582576604,6.284070582576604,5.6752334677946905,5.718721866607666,18981,0.0,0.0
2008-12-17 00:00:00+08:00,5.718721815503392,6.066628065698717,5.457791424957296,6.0013957023620605,47454,0.0,0.0
2008-12-18 00:00:00+08:00,5.653488868680237,5.957907676696777,5.653488868680237,5.957907676696777,9942,0.0,0.0
2008-12-19 00:00:00+08:00,5.544767802756026,6.0883725536183455,5.544767802756026,5.718721866607666,22145,0.0,0.0
2008-12-22 00:00:00+08:00,5.653488880845674,5.653488880845674,5.349070072174072,5.349070072174072,23953,0.0,0.0
2008-12-23 00:00:00+08:00,5.262094185112253,5.349070050030264,5.109884547106679,5.131628513336182,14010,0.0,0.0
2008-12-24 00:00:00+08:00,5.457791614015876,5.4795355796813965,5.37081481415429,5.4795355796813965,25309,0.0,0.0
2008-12-25 00:00:00+08:00,5.849186420440674,5.849186420440674,5.849186420440674,5.849186420440674,24857,0.0,0.0
2008-12-26 00:00:00+08:00,6.240582109295374,6.240582109295374,5.696976896320103,5.892674922943115,56493,0.0,0.0
2008-12-29 00:00:00+08:00,6.131861824202128,6.131861824202128,5.566512602461633,5.675233840942383,19433,0.0,0.0
2008-12-30 00:00:00+08:00,5.675233522903438,5.696977019621454,5.5447678565979,5.5447678565979,27116,0.0,0.0
2008-12-31 00:00:00+08:00,5.8926752665835345,5.8926752665835345,5.631744861602783,5.631744861602783,15818,0.0,0.0
2009-01-02 00:00:00+08:00,5.631744861602783,5.631744861602783,5.631744861602783,5.631744861602783,0,0.0,0.0
2009-01-05 00:00:00+08:00,5.6100011199388495,5.870931044964111,5.6100011199388495,5.827442646026611,4971,0.0,0.0
2009-01-06 00:00:00+08:00,5.65348862038619,5.65348862038619,5.5447678565979,5.5447678565979,2711,0.0,0.0
2009-01-07 00:00:00+08:00,5.1968606241843744,5.870931041633045,5.1968606241843744,5.327325820922852,47454,0.0,0.0
2009-01-08 00:00:00+08:00,5.13162828340742,5.5447678406546315,5.13162828340742,5.436047077178955,14462,0.0,0.0
2009-01-09 00:00:00+08:00,5.240349046883097,5.436047077178955,5.240349046883097,5.436047077178955,11750,0.0,0.0
2009-01-12 00:00:00+08:00,5.262094134813989,5.501279166851536,4.892442026448163,5.414303302764893,36155,0.0,0.0
2009-01-13 00:00:00+08:00,5.392558451089033,5.392558451089033,5.131628513336182,5.131628513336182,7231,0.0,0.0
2009-01-14 00:00:00+08:00,5.392558168007579,5.392558168007579,5.218605041503906,5.218605041503906,19885,0.0,0.0
2009-01-15 00:00:00+08:00,5.305582307655351,5.305582307655351,4.870697851297083,5.218605041503906,35703,0.0,0.0
2009-01-16 00:00:00+08:00,5.153372610584067,5.436046964649068,5.3925580978393555,5.3925580978393555,39319,0.0,0.0
2009-01-19 00:00:00+08:00,5.39255818499222,5.39255818499222,5.327325820922852,5.327325820922852,6779,0.0,0.0
2009-01-20 00:00:00+08:00,5.175116752841406,5.327325917495646,5.175116752841406,5.262094020843506,48358,0.0,0.0
2009-01-21 00:00:00+08:00,5.218605081627858,5.436047077178955,5.218605081627858,5.436047077178955,47454,0.0,0.0
2009-02-02 00:00:00+08:00,5.740465434727847,5.740465434727847,5.653488636016846,5.653488636016846,903,0.0,0.0
2009-02-03 00:00:00+08:00,5.653488581676869,5.91441850670213,5.653488581676869,5.827442646026611,10394,0.0,0.0
2009-02-04 00:00:00+08:00,5.827442677598681,6.044884204864502,5.827442677598681,6.044884204864502,903,0.0,0.0
2009-02-05 00:00:00+08:00,5.718722131862795,5.957907633528842,5.631744861602783,5.631744861602783,60109,0.0,0.0
2009-02-06 00:00:00+08:00,5.240349046883097,5.783954270060709,5.240349046883097,5.436047077178955,81802,0.0,0.0
2009-02-09 00:00:00+08:00,5.26209394933782,5.588256239764851,5.175116682517639,5.436047077178955,19433,0.0,0.0
2009-02-10 00:00:00+08:00,5.436047077178955,5.436047077178955,5.436047077178955,5.436047077178955,1355,0.0,0.0
2009-02-11 00:00:00+08:00,5.392558399543714,5.436047268786553,5.131628464284987,5.414303302764893,12654,0.0,0.0
2009-02-12 00:00:00+08:00,5.088139828468567,5.30558229023356,5.044650961235778,5.109884262084961,30732,0.0,0.0
2009-02-13 00:00:00+08:00,4.761977414806126,5.196860963750179,4.761977414806126,4.957675457000732,13106,0.0,0.0
2009-02-16 00:00:00+08:00,4.935930553223884,4.957675457000732,4.761977414806126,4.957675457000732,44290,0.0,0.0
2009-02-17 00:00:00+08:00,4.935930116228498,5.1968605036537,4.935930116228498,5.175116539001465,14914,0.0,0.0
2009-02-18 00:00:00+08:00,5.436047256377617,5.436047256377617,4.827209648764287,5.305582523345947,94005,0.0,0.0
2009-02-19 00:00:00+08:00,5.175116681431052,5.175116681431052,4.935930252075195,4.935930252075195,80898,0.0,0.0
2009-02-20 00:00:00+08:00,4.609768016700992,4.914186814039653,4.609768016700992,4.653256416320801,46098,0.0,0.0
2009-02-23 00:00:00+08:00,4.653256416320801,4.783721146580479,4.348837618982139,4.653256416320801,88129,0.0,0.0
2009-02-24 00:00:00+08:00,4.740232914602518,4.740232914602518,4.479302507655668,4.522790908813477,11298,0.0,0.0
2009-02-25 00:00:00+08:00,4.675000190734863,4.718488588577034,4.566279430429301,4.675000190734863,17174,0.0,0.0
2009-02-26 00:00:00+08:00,4.675000396232196,4.783721161316759,4.588023128124896,4.761977195739746,43387,0.0,0.0
2009-02-27 00:00:00+08:00,4.783721021646076,5.001163482666016,4.740232623162035,5.001163482666016,49714,0.0,0.0
2009-03-02 00:00:00+08:00,4.892442142052927,4.892442142052927,4.653256635763845,4.848954677581787,33444,0.0,0.0
2009-03-03 00:00:00+08:00,4.675000209413851,4.848954270077298,4.566279448673894,4.783720970153809,16270,0.0,0.0
2009-03-04 00:00:00+08:00,4.56627951347169,5.109884262084961,4.56627951347169,5.109884262084961,39771,0.0,0.0
2009-03-05 00:00:00+08:00,5.45779148626107,5.45779148626107,4.892441831794593,5.327325820922852,43387,0.0,0.0
2009-03-06 00:00:00+08:00,5.109884628841185,5.196860963750179,4.957675457000732,4.957675457000732,18529,0.0,0.0
2009-03-09 00:00:00+08:00,4.9576751011691504,5.196860590751326,4.783721038037208,5.109884262084961,23953,0.0,0.0
2009-03-10 00:00:00+08:00,5.109884278864143,5.327325804143669,4.8489543548087655,5.218605041503906,44290,0.0,0.0
2009-03-11 00:00:00+08:00,5.436047380085852,5.566512584686279,5.305582644085193,5.566512584686279,214223,0.0,0.0
2009-03-12 00:00:00+08:00,5.523024070072715,5.523024070072715,5.327326032878972,5.414303302764893,96716,0.0,0.0
2009-03-13 00:00:00+08:00,5.523023850330438,5.653488578469175,5.327325820922852,5.327325820922852,87677,0.0,0.0
2009-03-16 00:00:00+08:00,5.327325971604666,5.696977138519287,5.2620940742899736,5.696977138519287,145075,0.0,0.0
2009-03-17 00:00:00+08:00,5.849186273555578,6.088372707366943,5.7622094737332175,6.088372707366943,362462,0.0,0.0
2009-03-18 00:00:00+08:00,6.175349870983585,6.479768665195375,6.044884204864502,6.044884204864502,236368,0.0,0.0
2009-03-19 00:00:00+08:00,6.088372645769659,6.088372645769659,5.63174468562194,5.762209415435791,245859,0.0,0.0
2009-03-20 00:00:00+08:00,5.979651773099913,5.979651773099913,5.370814660128923,5.610001087188721,114794,0.0,0.0
2009-03-23 00:00:00+08:00,5.566512406690395,5.827442807547688,5.566512406690395,5.696977138519287,168124,0.0,0.0
2009-03-24 00:00:00+08:00,5.696977138519287,5.696977138519287,5.696977138519287,5.696977138519287,0,0.0,0.9
2009-03-25 00:00:00+08:00,5.696977138519287,5.696977138519287,5.696977138519287,5.696977138519287,0,0.0,0.0
2009-03-26 00:00:00+08:00,5.696977138519287,5.696977138519287,5.696977138519287,5.696977138519287,0,0.0,0.0
2009-03-27 00:00:00+08:00,5.696977138519287,5.696977138519287,5.696977138519287,5.696977138519287,0,0.0,0.0
2009-03-30 00:00:00+08:00,5.696977138519287,5.696977138519287,5.696977138519287,5.696977138519287,0,0.0,0.0
2009-03-31 00:00:00+08:00,5.696977138519287,5.696977138519287,5.696977138519287,5.696977138519287,0,0.0,0.0
2009-04-02 00:00:00+08:00,5.696977138519287,5.696977138519287,5.696977138519287,5.696977138519287,0,0.0,0.0
2009-04-03 00:00:00+08:00,5.696977138519287,5.696977138519287,5.696977138519287,5.696977138519287,0,0.0,0.0
2009-04-06 00:00:00+08:00,5.696977138519287,5.696977138519287,5.696977138519287,5.696977138519287,0,0.0,0.0
2009-04-07 00:00:00+08:00,5.696977138519287,5.696977138519287,5.696977138519287,5.696977138519287,0,0.0,0.0
2009-04-08 00:00:00+08:00,6.086197853088379,6.086197853088379,6.086197853088379,6.086197853088379,64779,0.0,0.0
2009-04-09 00:00:00+08:00,6.497163772583008,6.497163772583008,6.497163772583008,6.497163772583008,44692,0.0,0.0
2009-04-10 00:00:00+08:00,6.947268486022949,6.947268486022949,6.947268486022949,6.947268486022949,27619,0.0,0.0
2009-04-13 00:00:00+08:00,7.416943550109863,7.416943550109863,7.416943550109863,7.416943550109863,29125,0.0,0.0
2009-04-14 00:00:00+08:00,7.925756454467773,7.925756454467773,7.534361328548239,7.925756454467773,818528,0.0,0.0
2009-04-15 00:00:00+08:00,8.473711223445047,8.473711223445047,7.847478237623844,8.317152976989746,260121,0.0,0.0
2009-04-16 00:00:00+08:00,8.278012661207324,8.884675979614258,7.749629402742766,8.884675979614258,787896,0.0,0.0
2009-04-17 00:00:00+08:00,9.002094478795973,9.002094478795973,8.2780122756958,8.2780122756958,434372,0.0,0.0
2009-04-20 00:00:00+08:00,7.749629067047149,8.19973365187117,7.710489273071289,7.710489273071289,129056,0.0,0.0
2009-04-21 00:00:00+08:00,7.319094006951211,7.612639878938402,7.182105433517466,7.2603840827941895,214424,0.0,0.0
2009-04-22 00:00:00+08:00,7.338663213047535,7.63221002272928,7.338663213047535,7.436511993408203,118510,0.0,0.0
2009-04-23 00:00:00+08:00,7.495222290436547,7.749629319467027,7.338663578033447,7.338663578033447,70303,0.0,0.0
2009-04-24 00:00:00+08:00,7.436512359642076,7.534361613421371,7.123396809387289,7.162535667419434,80346,0.0,0.0
2009-04-27 00:00:00+08:00,7.162535604818677,7.162535604818677,6.6732916831970215,6.6732916831970215,85368,0.0,0.0
2009-04-28 00:00:00+08:00,6.6732915565464985,6.6732915565464985,6.22318696975708,6.22318696975708,157177,0.0,0.0
2009-04-29 00:00:00+08:00,6.1644768714904785,6.360174899540774,6.086197753990308,6.1644768714904785,113489,0.0,0.0
2009-04-30 00:00:00+08:00,6.164476853950906,6.5950127018764615,6.164476853950906,6.555872440338135,105454,0.0,0.0
2009-05-04 00:00:00+08:00,7.005977630615234,7.005977630615234,6.555872579561369,7.005977630615234,133073,0.0,0.0
2009-05-05 00:00:00+08:00,7.005977530554673,7.005977530554673,6.516732692718506,6.516732692718506,69800,0.0,0.0
2009-05-06 00:00:00+08:00,6.536302748899572,6.732000306916998,6.105767840101395,6.203616619110107,39671,0.0,0.0
2009-05-07 00:00:00+08:00,6.203616646889497,6.6341515576155805,6.086197736673459,6.555872440338135,167220,0.0,0.0
2009-05-08 00:00:00+08:00,6.555872453864437,6.732000350952148,6.301465907937507,6.732000350952148,61264,0.0,0.0
2009-05-11 00:00:00+08:00,6.477594152751976,6.614581795574304,6.281896114349365,6.281896114349365,34147,0.0,0.0
2009-05-12 00:00:00+08:00,6.281896159319708,6.281896159319708,5.890500548312356,6.066628456115723,142614,0.0,0.0
2009-05-13 00:00:00+08:00,6.242756912232762,6.242756912232762,5.94921010511349,5.988348960876465,39671,0.0,0.0
2009-05-14 00:00:00+08:00,5.988349180026158,6.203616877698211,5.870931202640997,6.0079193115234375,32138,0.0,0.0
2009-05-15 00:00:00+08:00,6.37974489925079,6.37974489925079,6.027489086165756,6.281896114349365,62770,0.0,0.0
2009-05-18 00:00:00+08:00,6.281896159319708,6.301466291319899,6.066628456115723,6.066628456115723,50718,0.0,0.0
2009-05-19 00:00:00+08:00,6.28189586804367,6.477593898773193,6.242757011657355,6.477593898773193,125541,0.0,0.0
2009-05-20 00:00:00+08:00,6.927698612213135,6.927698612213135,6.927698612213135,6.927698612213135,56242,0.0,0.0
2009-05-21 00:00:00+08:00,7.397373199462891,7.397373199462891,7.397373199462891,7.397373199462891,98424,0.0,0.0
2009-05-22 00:00:00+08:00,7.906186948703829,7.906186948703829,7.397373368636525,7.808338165283203,586026,0.0,0.0
2009-05-25 00:00:00+08:00,7.906186926754457,7.906186926754457,7.279954433441162,7.279954433441162,117506,0.0,0.0
2009-05-26 00:00:00+08:00,7.240814850177975,7.240814850177975,6.771141052246094,6.771141052246094,81852,0.0,0.0
2009-05-27 00:00:00+08:00,6.771140760426441,7.103826431056877,6.595012859492785,6.61458158493042,69298,0.0,0.0
2009-06-01 00:00:00+08:00,6.653722071228192,6.868989773277226,6.360175247397669,6.810279846191406,82355,0.0,0.0
2009-06-02 00:00:00+08:00,6.516732721091364,6.692861557006836,6.516732721091364,6.692861557006836,20588,0.0,0.0
2009-06-03 00:00:00+08:00,6.634151667317171,6.8494193605397236,6.45802376768042,6.477593898773193,60761,0.0,0.0
2009-06-04 00:00:00+08:00,6.4384536365876475,6.634151667317171,6.144907761992722,6.477593898773193,38164,0.0,0.0
2009-06-05 00:00:00+08:00,6.614581663310047,6.927698612213135,6.497163686095925,6.927698612213135,159688,0.0,0.0
2009-06-08 00:00:00+08:00,6.692861745775725,6.692861745775725,6.321035806866113,6.360175132751465,73818,0.0,0.0
2009-06-09 00:00:00+08:00,6.555872458991332,6.555872458991332,6.1644768714904785,6.1644768714904785,65783,0.0,0.0
2009-06-10 00:00:00+08:00,6.164476971863123,6.3993147967871025,6.086197853088379,6.086197853088379,33645,0.0,0.0
2009-06-11 00:00:00+08:00,6.105768203735352,6.438453884738446,5.98834928705213,6.105768203735352,13558,0.0,0.0
2009-06-12 00:00:00+08:00,6.125338169651309,6.340604928139759,5.870931148529053,5.870931148529053,87878,0.0,0.0
2009-06-15 00:00:00+08:00,5.968780088188015,6.105768199421983,5.870931303420964,5.929640293121338,191826,0.0,0.0
2009-06-16 00:00:00+08:00,5.929640136680517,5.929640136680517,5.851361017212149,5.870931148529053,162199,0.0,0.0
2009-06-17 00:00:00+08:00,6.125338104471386,6.125338104471386,5.890500279965452,5.910069942474365,27116,0.0,0.0
2009-06-18 00:00:00+08:00,5.910070005363613,6.007919256148884,5.870931148529053,5.870931148529053,33142,0.0,0.0
2009-06-19 00:00:00+08:00,5.870931311483334,6.281896114349365,5.870931311483334,6.281896114349365,76831,0.0,0.0
2009-06-22 00:00:00+08:00,6.281896025352818,6.712430953979492,5.929640217258245,6.712430953979492,149645,0.0,0.0
2009-06-23 00:00:00+08:00,6.712431014494911,6.94726884680813,6.614581761497816,6.849419593811035,119013,0.0,0.0
2009-06-24 00:00:00+08:00,6.438453900579395,6.849419641382032,6.438453900579395,6.810279846191406,73818,0.0,0.0
2009-06-25 00:00:00+08:00,6.5558726387938915,7.240814584255925,6.5558726387938915,7.142966270446777,39168,0.0,0.0
2009-06-26 00:00:00+08:00,7.142966351205921,7.142966351205921,6.673291628013319,6.712430953979492,27116,0.0,0.0
2009-06-29 00:00:00+08:00,6.712431049075491,6.868989760957437,6.281896114349365,6.281896114349365,40173,0.0,0.0
2009-06-30 00:00:00+08:00,6.458024024963379,6.67329172676204,6.399315035145368,6.458024024963379,36658,0.0,0.0
2009-07-01 00:00:00+08:00,6.301465926171368,6.771140632164139,6.301465926171368,6.340604782104492,8536,0.0,0.0
2009-07-02 00:00:00+08:00,6.360175132751465,6.673291614233295,6.340605001209035,6.360175132751465,36658,0.0,0.0
2009-07-03 00:00:00+08:00,6.51673307975726,6.634151997763546,6.418885231018066,6.418885231018066,19082,0.0,0.0
2009-07-06 00:00:00+08:00,6.536303214009547,6.59501314163208,6.418885233163548,6.59501314163208,11549,0.0,0.0
2009-07-07 00:00:00+08:00,6.262325986437388,6.634151931616937,6.22318712849181,6.458024024963379,50718,0.0,0.0
2009-07-08 00:00:00+08:00,6.458024089353883,6.614581865695986,6.360175303415157,6.418885231018066,70805,0.0,0.0
2009-07-09 00:00:00+08:00,6.536302874865928,6.653721786819045,6.30146598815918,6.30146598815918,87878,0.0,0.0
2009-07-10 00:00:00+08:00,6.458024024963379,6.51673301478139,6.301466250182254,6.458024024963379,75324,0.0,0.0
2009-07-13 00:00:00+08:00,6.536303146653823,6.536303146653823,6.262325986437388,6.458024024963379,54233,0.0,0.0
2009-07-14 00:00:00+08:00,6.536303098842052,6.61458175136014,6.497163772583008,6.497163772583008,52727,0.0,0.0
2009-07-15 00:00:00+08:00,6.45802376768042,6.653721798409944,6.45802376768042,6.477593898773193,33142,0.0,0.0
2009-07-16 00:00:00+08:00,6.634151716167296,6.6732915100413015,6.497163609107645,6.61458158493042,37662,0.0,0.0
2009-07-17 00:00:00+08:00,6.497163736044445,7.0646867752075195,6.497163736044445,7.0646867752075195,133073,0.0,0.0
2009-07-20 00:00:00+08:00,6.575442903778546,7.005977836286675,6.575442903778546,6.849419593811035,74822,0.0,0.0
2009-07-21 00:00:00+08:00,6.849419238107357,7.2408143553707855,6.849419238107357,6.947268486022949,82355,0.0,0.0
2009-07-22 00:00:00+08:00,7.045117378234863,7.045117378234863,6.908128335237875,7.045117378234863,32138,0.0,0.0
2009-07-23 00:00:00+08:00,6.849419593811035,7.06468682576522,6.849419593811035,6.849419593811035,69298,0.0,0.0
2009-07-24 00:00:00+08:00,6.849419706168229,6.986407819131734,6.7515709201657925,6.771141052246094,173246,0.0,0.0
2009-07-27 00:00:00+08:00,6.849419588700769,6.849419588700769,6.653722020052107,6.6732916831970215,30632,0.0,0.0
2009-07-28 00:00:00+08:00,6.712430701885465,6.9276983924140225,6.6537217151410974,6.908128261566162,45194,0.0,0.0
2009-07-29 00:00:00+08:00,7.08425637579756,7.08425637579756,6.692861713058089,6.751570701599121,27619,0.0,0.0
2009-07-30 00:00:00+08:00,6.790709656725356,6.790709656725356,6.399314988335639,6.497163772583008,62770,0.0,0.0
2009-07-31 00:00:00+08:00,6.497163499012725,6.829849632605517,6.497163499012725,6.516732692718506,76329,0.0,0.0
2009-08-03 00:00:00+08:00,6.751570663917823,6.966838359832764,6.575442762078212,6.966838359832764,76831,0.0,0.0
2009-08-04 00:00:00+08:00,7.142966147364761,7.240814459487862,6.86898946762085,6.86898946762085,220450,0.0,0.0
2009-08-05 00:00:00+08:00,6.86898946762085,7.064686560466795,6.86898946762085,6.86898946762085,65783,0.0,0.0
2009-08-06 00:00:00+08:00,7.025547348046134,7.025547348046134,6.849419446206523,6.966838359832764,29125,0.0,0.0
2009-08-10 00:00:00+08:00,6.966838453799984,6.966838453799984,6.888558864593506,6.888558864593506,41177,0.0,0.0
2009-08-11 00:00:00+08:00,6.888558920130065,6.888558920130065,6.849419593811035,6.849419593811035,27116,0.0,0.0
2009-08-12 00:00:00+08:00,6.849419347867407,7.045117378234863,6.849419347867407,7.045117378234863,9541,0.0,0.0
2009-08-13 00:00:00+08:00,6.86898967019152,7.103826563411931,6.810279743986784,6.888558864593506,73818,0.0,0.0
2009-08-14 00:00:00+08:00,6.829849709314532,6.927698490540852,6.653721809387207,6.653721809387207,66787,0.0,0.0
2009-08-17 00:00:00+08:00,6.712430998633469,6.712430998633469,6.203616946089845,6.321035861968994,86372,0.0,0.0
2009-08-18 00:00:00+08:00,6.262325978313377,6.301466242007465,6.007919418899175,6.105768203735352,105454,0.0,0.0
2009-08-19 00:00:00+08:00,6.105768203735352,6.105768203735352,6.105768203735352,6.105768203735352,0,0.0,0.6654
2009-08-20 00:00:00+08:00,6.105768203735352,6.105768203735352,6.105768203735352,6.105768203735352,0,0.0,0.0
2009-08-21 00:00:00+08:00,6.105768203735352,6.105768203735352,6.105768203735352,6.105768203735352,0,0.0,0.0
2009-08-24 00:00:00+08:00,6.105768203735352,6.105768203735352,6.105768203735352,6.105768203735352,0,0.0,0.0
2009-08-25 00:00:00+08:00,6.105768203735352,6.105768203735352,6.105768203735352,6.105768203735352,0,0.0,0.0
2009-08-26 00:00:00+08:00,6.105768203735352,6.105768203735352,6.105768203735352,6.105768203735352,0,0.0,0.0
2009-08-27 00:00:00+08:00,6.105768203735352,6.105768203735352,6.105768203735352,6.105768203735352,0,0.0,0.0
2009-08-28 00:00:00+08:00,6.105768203735352,6.105768203735352,6.105768203735352,6.105768203735352,0,0.0,0.0
2009-08-31 00:00:00+08:00,6.105768203735352,6.105768203735352,6.105768203735352,6.105768203735352,0,0.0,0.0
2009-09-01 00:00:00+08:00,6.105768203735352,6.105768203735352,6.105768203735352,6.105768203735352,0,0.0,0.0
2009-09-02 00:00:00+08:00,6.523884296417236,6.523884296417236,6.380645064504413,6.523884296417236,314701,0.0,0.0
2009-09-03 00:00:00+08:00,6.836405638483928,6.8494275571975125,6.250428199768066,6.250428199768066,133578,0.0,0.0
2009-09-04 00:00:00+08:00,6.263449068387172,6.380644928897765,6.159275594955201,6.185319900512695,179614,0.0,0.0
2009-09-07 00:00:00+08:00,6.367622973576868,6.367622973576868,6.159275559318639,6.172297477722168,115466,0.0,0.0
2009-09-08 00:00:00+08:00,6.380644770481006,6.380644770481006,6.172297360190101,6.3676228523254395,38488,0.0,0.0
2009-09-09 00:00:00+08:00,6.22438374553704,6.3415796053695574,6.159275559318639,6.172297477722168,75468,0.0,0.0
2009-09-10 00:00:00+08:00,6.172297450114082,6.315536677513215,6.159275531768799,6.159275531768799,68675,0.0,0.0
2009-09-11 00:00:00+08:00,6.159275559318639,6.3025143187587185,6.159275559318639,6.172297477722168,49808,0.0,0.0
2009-09-14 00:00:00+08:00,6.302514290568185,6.302514290568185,6.159275531768799,6.159275531768799,36979,0.0,0.0
2009-09-15 00:00:00+08:00,6.159275751351221,6.2764716148376465,6.159275751351221,6.2764716148376465,49808,0.0,0.0
2009-09-16 00:00:00+08:00,6.159275656183814,6.510862304011174,6.159275656183814,6.484818935394287,92071,0.0,0.0
2009-09-17 00:00:00+08:00,6.328558444976807,6.432732383456183,6.3025141403074265,6.328558444976807,36224,0.0,0.0
2009-09-18 00:00:00+08:00,6.302514464989566,6.771296977996826,6.211362908448958,6.771296977996826,229423,0.0,0.0
2009-09-21 00:00:00+08:00,7.240079402923584,7.240079402923584,7.240079402923584,7.240079402923584,96599,0.0,0.0
2009-09-22 00:00:00+08:00,7.734904766082764,7.734904766082764,7.734904766082764,7.734904766082764,24904,0.0,0.0
2009-09-23 00:00:00+08:00,8.268796054078111,8.268796054078111,7.266122842696827,7.800013542175293,756945,0.0,0.0
2009-09-24 00:00:00+08:00,7.266122817993164,7.266122817993164,7.266122817993164,7.266122817993164,84524,0.0,0.0
2009-09-25 00:00:00+08:00,6.836405640347994,7.578643760830454,6.836405640347994,7.552600860595703,294325,0.0,0.0
2009-09-28 00:00:00+08:00,7.1619489651609065,7.3182101163031,7.044753101804262,7.057775020599365,79241,0.0,0.0
2009-09-29 00:00:00+08:00,7.057774619221264,7.227057210931639,7.057774619221264,7.096839904785156,27923,0.0,0.0
2009-09-30 00:00:00+08:00,7.083818181978742,7.279144615181897,6.979644240470309,7.201014041900635,87542,0.0,0.0
2009-10-01 00:00:00+08:00,7.161948926618397,7.161948926618397,6.966622488741817,7.031732082366943,25659,0.0,0.0
2009-10-02 00:00:00+08:00,6.901513476965697,7.122883272294506,6.901513476965697,7.096839904785156,35470,0.0,0.0
2009-10-05 00:00:00+08:00,7.161949011748269,7.161949011748269,6.992666877909343,7.083818435668945,27923,0.0,0.0
2009-10-06 00:00:00+08:00,7.096839924410551,7.161948577663842,7.096839924410551,7.109861373901367,67921,0.0,0.0
2009-10-07 00:00:00+08:00,7.135905632484578,7.604687213897705,7.109861794761835,7.604687213897705,225649,0.0,0.0
2009-10-08 00:00:00+08:00,8.125556945800781,8.125556945800781,8.125556945800781,8.125556945800781,184896,0.0,0.0
2009-10-09 00:00:00+08:00,8.685490652952128,8.685490652952128,7.852099595615245,7.943252086639404,641478,0.0,0.0
2009-10-12 00:00:00+08:00,7.43540496295727,7.786991143468588,7.43540496295727,7.539578437805176,144898,0.0,0.0
2009-10-13 00:00:00+08:00,7.552600801701906,7.852099775263215,7.461447839992515,7.786991119384766,113956,0.0,0.0
2009-10-14 00:00:00+08:00,7.800013328143823,8.099512294852904,7.708860837119664,7.943252086639404,247535,0.0,0.0
2009-10-15 00:00:00+08:00,8.073469703732957,8.11253499157806,7.839078913861866,7.852099895477295,151690,0.0,0.0
2009-10-16 00:00:00+08:00,7.747925787858062,8.008360862731934,7.747925787858062,8.008360862731934,96599,0.0,0.0
2009-10-19 00:00:00+08:00,8.008360978080704,8.073469161987305,7.7088606142319,8.073469161987305,138861,0.0,0.0
2009-10-20 00:00:00+08:00,8.060448040533172,8.073469490404294,7.9562736299656995,7.9953389167785645,70185,0.0,0.0
2009-10-21 00:00:00+08:00,8.047426374275894,8.125556945800781,7.969295802751008,8.125556945800781,34715,0.0,0.0
2009-10-22 00:00:00+08:00,8.125556991926768,8.125556991926768,7.878143826426641,7.904186725616455,60374,0.0,0.0
2009-10-23 00:00:00+08:00,8.008361088513452,8.125556945800781,7.708860720534632,8.125556945800781,253572,0.0,0.0
2009-10-26 00:00:00+08:00,8.073469085819546,8.073469085819546,7.917208883598238,8.034403800964355,87542,0.0,0.0
2009-10-27 00:00:00+08:00,7.943251817937045,8.060447673032316,7.891165083627856,8.047426223754883,43771,0.0,0.0
2009-10-28 00:00:00+08:00,8.00836120962798,8.00836120962798,7.904186800286157,7.943252086639404,44526,0.0,0.0
2009-10-29 00:00:00+08:00,7.826056215224518,7.826056215224518,7.4223833084106445,7.4223833084106445,197726,0.0,0.0
2009-10-30 00:00:00+08:00,7.74792606578257,7.74792606578257,7.422383264862122,7.656774044036865,36979,0.0,0.0
2009-11-02 00:00:00+08:00,7.526557445526123,7.904186994206412,7.240079452906804,7.526557445526123,46790,0.0,0.0
2009-11-03 00:00:00+08:00,7.500513197946581,7.943252343253579,7.500513197946581,7.826056480407715,34715,0.0,0.0
2009-11-04 00:00:00+08:00,7.813035386758575,7.813035386758575,7.578643664430165,7.760948181152344,299608,0.0,0.0
2009-11-05 00:00:00+08:00,7.786990931113489,7.786990931113489,7.396339473887586,7.682817459106445,207537,0.0,0.0
2009-11-06 00:00:00+08:00,7.68281745695507,7.68281745695507,7.4223833084106445,7.4223833084106445,62638,0.0,0.0
2009-11-09 00:00:00+08:00,7.656774299908705,7.656774299908705,7.422383512901161,7.539578437805176,19621,0.0,0.0
2009-11-10 00:00:00+08:00,7.813035236314739,7.917209176921527,7.682817459106445,7.682817459106445,75468,0.0,0.0
2009-11-11 00:00:00+08:00,7.7869912554679335,7.7869912554679335,7.591666221618652,7.591666221618652,14338,0.0,0.0
2009-11-12 00:00:00+08:00,7.682817459106445,7.813035236314739,7.552600619097641,7.682817459106445,43771,0.0,0.0
2009-11-13 00:00:00+08:00,7.682817506015253,7.813035284018614,7.682817506015253,7.708860874176025,44526,0.0,0.0
2009-11-16 00:00:00+08:00,7.813035488128662,7.878144144531387,7.734904913005488,7.813035488128662,36979,0.0,0.0
2009-11-17 00:00:00+08:00,7.878144105459899,7.878144105459899,7.474470250325113,7.539578437805176,49054,0.0,0.0
2009-11-18 00:00:00+08:00,7.539578473278809,7.656774335933744,7.4874922042095475,7.552600860595703,40752,0.0,0.0
2009-11-19 00:00:00+08:00,7.617709086575635,7.643752455540721,7.552600898462801,7.578643798828125,47544,0.0,0.0
2009-11-20 00:00:00+08:00,7.656774335933744,7.656774335933744,7.383318260271747,7.552600860595703,69430,0.0,0.0
2009-11-23 00:00:00+08:00,7.513535537692957,7.539578437805176,7.43540496295727,7.539578437805176,24149,0.0,0.0
2009-11-24 00:00:00+08:00,7.4614477897980045,7.500513076782227,7.357274315973084,7.500513076782227,36224,0.0,0.0
2009-11-25 00:00:00+08:00,7.578643564275554,7.578643564275554,7.3182098826848945,7.448426723480225,40752,0.0,0.0
2009-11-26 00:00:00+08:00,7.396339369067002,7.4744699405647665,7.331230715685444,7.370296001434326,41507,0.0,0.0
2009-11-27 00:00:00+08:00,7.227057484376341,7.552600762059882,7.227057484376341,7.240079402923584,33205,0.0,0.0
2009-11-30 00:00:00+08:00,7.422383537415053,7.435404987514168,7.292165756225586,7.292165756225586,8301,0.0,0.0
2009-12-01 00:00:00+08:00,7.305187320412683,7.357274055480957,7.305187320412683,7.357274055480957,52827,0.0,0.0
2009-12-02 00:00:00+08:00,7.357274111057089,7.396339396953258,7.292165457430054,7.383317947387695,30187,0.0,0.0
2009-12-03 00:00:00+08:00,6.966622136669691,7.70886068869115,6.966622136669691,7.357274055480957,67166,0.0,0.0
2009-12-04 00:00:00+08:00,7.292165718055075,7.357274374009121,7.187992243408407,7.266122817993164,33960,0.0,0.0
2009-12-07 00:00:00+08:00,7.448426980914504,7.448426980914504,7.2140352535825665,7.331231117248535,46790,0.0,0.0
2009-12-08 00:00:00+08:00,7.24007930960795,7.448426723480225,7.24007930960795,7.448426723480225,100372,0.0,0.0
2009-12-09 00:00:00+08:00,7.4354049979407675,7.565622779312838,7.409361629106257,7.552600860595703,63393,0.0,0.0
2009-12-10 00:00:00+08:00,7.617708683013916,7.617708683013916,7.448426559408999,7.617708683013916,42262,0.0,0.0
2009-12-11 00:00:00+08:00,7.682817355838556,8.138577461242676,7.682817355838556,8.138577461242676,223385,0.0,0.0
2009-12-14 00:00:00+08:00,8.698512133768492,8.698512133768492,8.151599997266716,8.216708183288574,427149,0.0,0.0
2009-12-15 00:00:00+08:00,8.138577325927445,8.138577325927445,7.826055982103657,8.060447692871094,116220,0.0,0.0
2009-12-16 00:00:00+08:00,8.307861064473396,8.399012149160017,8.086491734578646,8.16462230682373,214329,0.0,0.0
2009-12-17 00:00:00+08:00,8.20368621442074,8.490164684235804,8.20368621442074,8.451099395751953,211310,0.0,0.0
2009-12-18 00:00:00+08:00,8.425056494895747,8.451099395751953,8.08649222336827,8.451099395751953,89807,0.0,0.0
2009-12-21 00:00:00+08:00,8.451098669762608,8.659447481911362,8.268795567831235,8.568294525146484,79241,0.0,0.0
2009-12-22 00:00:00+08:00,8.594337722814366,8.724555969238281,8.372969328052292,8.724555969238281,143389,0.0,0.0
2009-12-23 00:00:00+08:00,8.724555988563056,8.841750911084976,8.385990796389743,8.737577438354492,101881,0.0,0.0
2009-12-24 00:00:00+08:00,8.594337741850708,8.737577438354492,8.503186656111158,8.737577438354492,42262,0.0,0.0
2009-12-25 00:00:00+08:00,8.724556081642358,9.245424388051234,8.594337833540758,8.789664268493652,178859,0.0,0.0
2009-12-28 00:00:00+08:00,8.789664048448035,9.206358870583253,8.789664048448035,9.180315971374512,64902,0.0,0.0
2009-12-29 00:00:00+08:00,9.154273659446803,9.232403299284822,8.958947216852899,8.971969604492188,51318,0.0,0.0
2009-12-30 00:00:00+08:00,8.932904318162334,9.089164535076206,8.802687002134338,8.984990119934082,77732,0.0,0.0
2009-12-31 00:00:00+08:00,8.854773024925956,9.115207635917834,8.815707739557228,9.102185249328613,55846,0.0,0.0
2010-01-04 00:00:00+08:00,9.180316569750143,9.72722873517541,8.919881937490624,9.505860328674316,119239,0.0,0.0
2010-01-05 00:00:00+08:00,9.505860293488242,9.76629398758422,8.998012481302121,9.492837905883789,67921,0.0,0.0
2010-01-06 00:00:00+08:00,9.466794373575135,9.714206600762141,9.180315923380288,9.66211986541748,98108,0.0,0.0
2010-01-07 00:00:00+08:00,9.570968011095802,9.93557703926287,9.505859825079947,9.75327205657959,101881,0.0,0.0
2010-01-08 00:00:00+08:00,9.70118537122169,10.287163734436035,9.557945674276251,10.287163734436035,137351,0.0,0.0
2010-01-11 00:00:00+08:00,10.287163481113554,10.808031770745039,10.287163481113554,10.664793014526367,144898,0.0,0.0
2010-01-12 00:00:00+08:00,10.156945237206338,10.755944098302361,10.156945237206338,10.664793014526367,53582,0.0,0.0
2010-01-13 00:00:00+08:00,10.287163408221838,10.808031694162608,10.287163408221838,10.625727653503418,72449,0.0,0.0
2010-01-14 00:00:00+08:00,10.742923473253583,10.742923473253583,10.15694513061833,10.61270523071289,49808,0.0,0.0
2010-01-15 00:00:00+08:00,10.35227192361748,10.612705606317734,10.30018424987793,10.30018424987793,58110,0.0,0.0
2010-01-18 00:00:00+08:00,10.352271884762084,10.352271884762084,10.065793429067801,10.274141311645508,38488,0.0,0.0
2010-01-19 00:00:00+08:00,10.091837051631693,10.091837051631693,9.636076009591921,9.64909839630127,85278,0.0,0.0
2010-01-20 00:00:00+08:00,9.766293355871184,9.766293355871184,9.505859678620833,9.675141334533691,58110,0.0,0.0
2010-01-21 00:00:00+08:00,9.505859958752835,9.636076332615668,9.115208025565812,9.31053352355957,156218,0.0,0.0
2010-01-22 00:00:00+08:00,9.31053304784251,9.31053304784251,9.063119888305664,9.063119888305664,49054,0.0,0.0
2010-01-25 00:00:00+08:00,8.880815846275583,9.05009937286377,8.880815846275583,9.05009937286377,13584,0.0,0.0
2010-01-26 00:00:00+08:00,9.050100033973674,9.102185834883434,8.867795044791883,8.893838882446289,27168,0.0,0.0
2010-01-27 00:00:00+08:00,8.984989373722064,9.102185229573895,8.971968861560036,9.089163780212402,61129,0.0,0.0
2010-01-28 00:00:00+08:00,9.063120132572193,9.245424176218238,9.011034334044162,9.193337440490723,10565,0.0,0.0
2010-01-29 00:00:00+08:00,9.180316322481106,9.375641822814941,9.050099947058227,9.375641822814941,49808,0.0,0.0
2010-02-01 00:00:00+08:00,9.375641346945871,9.375641346945871,9.11520767211914,9.11520767211914,24904,0.0,0.0
2010-02-02 00:00:00+08:00,9.011034347082438,9.011034347082438,8.685490608215332,8.685490608215332,11320,0.0,0.0
2010-02-03 00:00:00+08:00,8.724555969238281,8.724555969238281,8.594337722814366,8.724555969238281,23395,0.0,0.0
2010-02-04 00:00:00+08:00,8.607360148488697,8.607360148488697,8.229730606079102,8.229730606079102,18867,0.0,0.0
2010-02-05 00:00:00+08:00,8.073469424280894,8.216708183288574,7.669796515386545,8.216708183288574,64902,0.0,0.0
2010-02-08 00:00:00+08:00,8.203685756341153,8.203685756341153,7.682817459106445,7.682817459106445,10565,0.0,0.0
2010-02-09 00:00:00+08:00,7.943251991950502,7.943251991950502,7.865121420175376,7.891165256500244,9810,0.0,0.0
2010-02-10 00:00:00+08:00,7.943252080348473,8.203685760498047,7.904186794026164,8.203685760498047,67166,0.0,0.0
2010-02-22 00:00:00+08:00,8.203685411638368,8.203685411638368,8.008360862731934,8.008360862731934,30187,0.0,0.0
2010-02-23 00:00:00+08:00,8.20368564607206,8.20368564607206,8.138577461242676,8.138577461242676,10565,0.0,0.0
2010-02-24 00:00:00+08:00,8.047426299378968,8.229730339774026,8.047426299378968,8.086491584777832,33960,0.0,0.0
2010-02-25 00:00:00+08:00,8.060448206099442,8.307861381929762,7.826056480407715,7.826056480407715,50563,0.0,0.0
2010-02-26 00:00:00+08:00,8.255773440265894,8.255773440265894,7.8911653505682375,7.943252086639404,8301,0.0,0.0
2010-03-01 00:00:00+08:00,8.125557315738149,8.333904266357422,8.125557315738149,8.333904266357422,39243,0.0,0.0
2010-03-02 00:00:00+08:00,8.711533817254493,8.711533817254493,8.138577828652457,8.333904266357422,14338,0.0,0.0
2010-03-03 00:00:00+08:00,8.333904376979918,8.399012565612793,8.333904376979918,8.399012565612793,12074,0.0,0.0
2010-03-04 00:00:00+08:00,8.151600412708328,8.451099395751953,8.151600412708328,8.451099395751953,52072,0.0,0.0
2010-03-05 00:00:00+08:00,8.594337610422928,8.85477316266545,8.33390393257937,8.65944766998291,80750,0.0,0.0
2010-03-08 00:00:00+08:00,8.659447783225817,8.724555969238281,8.464121350789437,8.724555969238281,29432,0.0,0.0
2010-03-09 00:00:00+08:00,9.323554992675781,9.323554992675781,9.323554992675781,9.323554992675781,164520,0.0,0.0
2010-03-10 00:00:00+08:00,9.97464154932616,9.97464154932616,8.75059901026335,9.323554992675781,252063,0.0,0.0
2010-03-11 00:00:00+08:00,9.245424751990077,9.245424751990077,8.815708452577274,8.984990119934082,50563,0.0,0.0
2010-03-12 00:00:00+08:00,8.880816532631416,8.984990009291183,8.711533930159643,8.919881820678711,46790,0.0,0.0
2010-03-15 00:00:00+08:00,8.919881709222267,8.919881709222267,8.724556208625966,8.85477352142334,19621,0.0,0.0
2010-03-16 00:00:00+08:00,8.789664268493652,8.828729555484232,8.659447894791063,8.789664268493652,33960,0.0,0.0
2010-03-17 00:00:00+08:00,8.789663938486655,9.11520767211914,8.7115333674389,9.11520767211914,34715,0.0,0.0
2010-03-18 00:00:00+08:00,9.115207786153173,9.271467993004075,8.984989541311533,9.180315971374512,86788,0.0,0.0
2010-03-19 00:00:00+08:00,9.180316193569038,9.310533504362892,9.115208006771862,9.29751205444336,63393,0.0,0.0
2010-03-22 00:00:00+08:00,9.29751205444336,9.29751205444336,9.29751205444336,9.29751205444336,0,0.0,0.0
2010-03-23 00:00:00+08:00,9.245424195785118,9.375641503979239,9.193337459947367,9.206358909606934,76977,0.0,0.0
2010-03-24 00:00:00+08:00,9.284489557124314,9.284489557124314,9.154273185075535,9.245424270629883,56601,0.0,0.0
2010-03-25 00:00:00+08:00,9.310533162539055,9.310533162539055,8.98498942890657,9.11520767211914,82260,0.0,0.0
2010-03-26 00:00:00+08:00,9.050099947058227,9.570968260348295,9.050099947058227,9.375641822814941,155464,0.0,0.0
2010-03-29 00:00:00+08:00,9.271468457140674,9.544925472918306,9.271468457140674,9.440750122070312,386396,0.0,0.0
2010-03-30 00:00:00+08:00,9.440749972127989,9.440749972127989,9.297512147185317,9.34959888458252,132823,0.0,0.0
2010-03-31 00:00:00+08:00,9.375641822814941,9.505860072636855,9.349598922610173,9.375641822814941,147162,0.0,0.0
2010-04-01 00:00:00+08:00,9.336576680518105,9.492837832975086,9.336576680518105,9.45377254486084,136597,0.0,0.0
2010-04-02 00:00:00+08:00,9.453772580098391,9.505860255911223,9.388664391131657,9.466794967651367,110183,0.0,0.0
2010-04-06 00:00:00+08:00,9.570968335084764,9.570968335084764,9.375641896026172,9.41470718383789,291306,0.0,0.0
2010-04-07 00:00:00+08:00,9.440750122070312,9.453772509526075,9.34959903307714,9.440750122070312,99617,0.0,0.0
2010-04-08 00:00:00+08:00,9.440749545596653,9.636075973510742,9.440749545596653,9.636075973510742,237724,0.0,0.0
2010-04-09 00:00:00+08:00,9.636076250293407,10.30018424987793,9.597010963588493,10.30018424987793,344134,0.0,0.0
2010-04-12 00:00:00+08:00,11.016380310058594,11.016380310058594,11.016380310058594,11.016380310058594,141125,0.0,0.0
2010-04-13 00:00:00+08:00,11.78466127361363,11.78466127361363,10.391337102523611,11.771639823913574,1836893,0.0,0.0
2010-04-14 00:00:00+08:00,11.459117223868912,11.771639505821184,10.951270390095399,11.10753059387207,630158,0.0,0.0
2010-04-15 00:00:00+08:00,11.107531020279351,11.576313524004398,11.042422833839497,11.328901290893555,311683,0.0,0.0
2010-04-16 00:00:00+08:00,11.2637921672542,11.667466484539393,11.198683980814346,11.328901290893555,272439,0.0,0.0
2010-04-19 00:00:00+08:00,11.26379265284333,11.26379265284333,10.547597885131836,10.547597885131836,275458,0.0,0.0
2010-04-20 00:00:00+08:00,10.547597495758177,10.573640395615648,10.287163811185936,10.339249610900879,110183,0.0,0.0
2010-04-21 00:00:00+08:00,10.521553210693979,10.925227513291407,10.417379741300785,10.61270523071289,163765,0.0,0.0
2010-04-22 00:00:00+08:00,10.586662552709706,10.586662552709706,10.222053527832031,10.222053527832031,123767,0.0,0.0
2010-04-23 00:00:00+08:00,10.40435791015625,10.41738029742519,10.28716392233192,10.40435791015625,140370,0.0,0.0
2010-04-26 00:00:00+08:00,10.547597059881891,11.120553016662598,10.547597059881891,11.120553016662598,145653,0.0,0.0
2010-04-27 00:00:00+08:00,11.888834998469529,11.888834998469529,11.380988140171926,11.394009590148926,588651,0.0,0.0
2010-04-28 00:00:00+08:00,11.394009346548389,11.394009346548389,10.93824923510231,11.263792037963867,197726,0.0,0.0
2010-04-29 00:00:00+08:00,11.39400916702463,11.680486679077148,11.263791860491809,11.680486679077148,316211,0.0,0.0
2010-04-30 00:00:00+08:00,11.719552514690692,11.78466163961205,11.459117889404297,11.459117889404297,282250,0.0,0.0
2010-05-03 00:00:00+08:00,11.068465380689881,11.394009114109814,10.95127046139424,11.133575439453125,342625,0.0,0.0
2010-05-04 00:00:00+08:00,11.06846541973482,11.198683663321724,10.80803174415943,11.159618377685547,239233,0.0,0.0
2010-05-05 00:00:00+08:00,10.808031779093096,11.84976929636017,10.808031779093096,11.172640800476074,273194,0.0,0.0
2010-05-06 00:00:00+08:00,11.042423285761465,11.394009943644402,11.003357997418968,11.068466186523438,194707,0.0,0.0
2010-05-07 00:00:00+08:00,10.417380336869348,11.042423063361557,10.313206861520486,10.938249588012695,191688,0.0,0.0
2010-05-10 00:00:00+08:00,10.938249307419387,11.58933585464658,10.742923811850975,11.302857398986816,249044,0.0,0.0
2010-05-11 00:00:00+08:00,11.32890179053606,11.32890179053606,11.081488609313965,11.081488609313965,159237,0.0,0.0
2010-05-12 00:00:00+08:00,10.534575597267727,11.06846533080745,10.313206271907589,10.61270523071289,563746,0.0,0.0
2010-05-13 00:00:00+08:00,10.482488401322039,10.873140335083008,10.156945591787652,10.873140335083008,348662,0.0,0.0
2010-05-14 00:00:00+08:00,10.677814351983237,10.795009270750715,10.560618496016293,10.61270523071289,153954,0.0,0.0
2010-05-17 00:00:00+08:00,10.417380259188226,10.586662858267447,10.378314971923828,10.378314971923828,86033,0.0,0.0
2010-05-18 00:00:00+08:00,10.37831500744864,10.482488482377276,10.287163919785717,10.391337394714355,107919,0.0,0.0
2010-05-19 00:00:00+08:00,10.287163548370508,10.352271733550314,10.156945303611932,10.19601058959961,130559,0.0,0.0
2010-05-20 00:00:00+08:00,10.222054135155698,10.222054135155698,10.026728630065918,10.026728630065918,127541,0.0,0.0
2010-05-21 00:00:00+08:00,9.33657653530827,9.76629376068213,9.33657653530827,9.375641822814941,160747,0.0,0.0
2010-05-24 00:00:00+08:00,9.375642075345013,9.570968518139425,9.375642075345013,9.505860328674316,129050,0.0,0.0
2010-05-25 00:00:00+08:00,9.375641579878154,9.375641579878154,9.245424270629883,9.245424270629883,79996,0.0,0.0
2010-05-26 00:00:00+08:00,9.245424510192544,9.440750010526381,9.115208134769667,9.375641822814941,69430,0.0,0.0
2010-05-27 00:00:00+08:00,9.245424688445677,9.505860255911223,9.245424688445677,9.466794967651367,95844,0.0,0.0
2010-05-28 00:00:00+08:00,9.505860255911223,9.544925544171077,9.388664391131657,9.466794967651367,123767,0.0,0.0
2010-05-31 00:00:00+08:00,9.440750194823979,9.5058602582055,9.375642005841529,9.479815483093262,61883,0.0,0.0
2010-06-01 00:00:00+08:00,9.375641968632351,9.45377254486084,9.375641968632351,9.45377254486084,47544,0.0,0.0
2010-06-02 00:00:00+08:00,9.375641931217599,9.49283779509265,9.375641931217599,9.427729606628418,71694,0.0,0.0
2010-06-03 00:00:00+08:00,9.46679500507396,9.492837905883789,9.427729716659679,9.492837905883789,67921,0.0,0.0
2010-06-04 00:00:00+08:00,9.505860328674316,9.570968518139425,9.440750264810122,9.505860328674316,36224,0.0,0.0
2010-06-07 00:00:00+08:00,9.375641931217599,9.44075011968183,9.115208240161149,9.427729606628418,17357,0.0,0.0
2010-06-08 00:00:00+08:00,9.427729606628418,9.427729606628418,9.375641931217599,9.427729606628418,14338,0.0,0.0
2010-06-09 00:00:00+08:00,9.427729497623513,9.479815298033051,9.310533635103502,9.375641822814941,36224,0.0,0.0
2010-06-10 00:00:00+08:00,9.466794894586767,9.466794894586767,9.349599030711719,9.427729606628418,52072,0.0,0.0
2010-06-11 00:00:00+08:00,9.505860293488242,9.505860293488242,9.375642040640944,9.492837905883789,24904,0.0,0.0
2010-06-14 00:00:00+08:00,9.505860255911223,9.505860255911223,9.375642003578681,9.466794967651367,35470,0.0,0.0
2010-06-15 00:00:00+08:00,9.440750122070312,9.440750122070312,9.271468457140674,9.440750122070312,47544,0.0,0.0
2010-06-17 00:00:00+08:00,9.440749673298981,9.948597455545654,9.440749673298981,9.70118522644043,177350,0.0,0.0
2010-06-18 00:00:00+08:00,9.70118551280646,10.378314971923828,9.636076388299292,10.378314971923828,282250,0.0,0.0
2010-06-21 00:00:00+08:00,11.094510492490752,11.094510492490752,10.67781472592613,10.808032035827637,837695,0.0,0.0
2010-06-22 00:00:00+08:00,10.67781472592613,11.003357532080148,10.54759741602462,10.808032035827637,538842,0.0,0.0
2010-06-23 00:00:00+08:00,10.612705712575695,10.925228009344076,10.417380214294965,10.873140335083008,596952,0.0,0.0
2010-06-24 00:00:00+08:00,10.912205602936508,10.912205602936508,10.716879167800709,10.860118865966797,314701,0.0,0.0
2010-06-25 00:00:00+08:00,10.781989155383322,10.873140241557383,10.69083619481026,10.821053504943848,369793,0.0,0.0
2010-06-28 00:00:00+08:00,10.821053504943848,10.821053504943848,10.821053504943848,10.821053504943848,0,0.0,0.0
2010-06-29 00:00:00+08:00,10.70385848890309,10.860118697386618,10.573640242700913,10.768966674804688,175840,0.0,0.0
2010-06-30 00:00:00+08:00,10.768966674804688,10.7819890617446,10.573640242700913,10.768966674804688,152445,0.0,0.0
2010-07-01 00:00:00+08:00,10.755944435815332,10.860118846770119,10.755944435815332,10.847097396850586,166784,0.0,0.0
2010-07-02 00:00:00+08:00,10.873140481881965,11.459117921834983,10.847097581599332,10.951271057128906,722229,0.0,0.0
2010-07-05 00:00:00+08:00,10.821053706529248,10.925228118896484,10.690836393969843,10.925228118896484,289042,0.0,0.0
2010-07-06 00:00:00+08:00,10.925228118896484,10.99033630657643,10.808032256433163,10.925228118896484,509409,0.0,0.0
2010-07-07 00:00:00+08:00,10.91220547272008,10.99033604584206,10.79500961303711,10.79500961303711,393188,0.0,0.0
2010-07-08 00:00:00+08:00,10.808032128997086,10.860118865966797,10.755944454827869,10.860118865966797,60374,0.0,0.0
2010-07-09 00:00:00+08:00,10.899184152993957,10.899184152993957,10.79500974185503,10.860118865966797,86033,0.0,0.0
2010-07-12 00:00:00+08:00,10.86011892065777,10.912205657889789,10.834075083442007,10.886162757873535,172821,0.0,0.0
2010-07-13 00:00:00+08:00,10.91220547272008,10.91220547272008,10.651770853779809,10.79500961303711,304136,0.0,0.0
2010-07-14 00:00:00+08:00,10.808032434166284,11.550271034240723,10.755944758526349,11.550271034240723,1238431,0.0,0.0
2010-07-15 00:00:00+08:00,11.550270738670962,11.550270738670962,11.081488230304359,11.394009590148926,716946,0.0,0.0
2010-07-16 00:00:00+08:00,11.459117455952825,11.459117455952825,11.198683777717086,11.224726676940918,323758,0.0,0.0
2010-07-19 00:00:00+08:00,11.19868443684172,11.19868443684172,11.003357995169171,11.055445671081543,190179,0.0,0.0
2010-07-20 00:00:00+08:00,11.016379896630514,11.823726654052734,10.93824932340914,11.823726654052734,2413469,0.0,0.0
2010-07-21 00:00:00+08:00,12.435747979093446,12.644094925814526,11.06846575233922,11.341922760009766,3291163,0.0,0.0
2010-07-22 00:00:00+08:00,10.677815219739168,11.068466230310488,10.560619354248047,10.560619354248047,1134285,0.0,0.0
2010-07-23 00:00:00+08:00,10.56061845662957,10.925227472544842,10.56061845662957,10.586662292480469,409037,0.0,0.0
2010-07-26 00:00:00+08:00,10.808032386106246,10.808032386106246,10.482488632202148,10.482488632202148,292816,0.0,0.0
2010-07-27 00:00:00+08:00,10.43040272026012,10.547597645683583,10.391337432719128,10.417380332946777,302627,0.0,0.0
2010-07-28 00:00:00+08:00,10.417379958516408,10.417379958516408,10.222053527832031,10.222053527832031,422621,0.0,0.0
2010-07-29 00:00:00+08:00,10.235076391410525,10.57364065836741,10.235076391410525,10.482488632202148,219612,0.0,0.0
2010-07-30 00:00:00+08:00,10.417380368379668,10.664793544580984,10.352272180389571,10.430402755737305,172067,0.0,0.0
2010-08-02 00:00:00+08:00,10.417380569438878,10.599684623969111,10.417380569438878,10.547597885131836,112447,0.0,0.0
2010-08-03 00:00:00+08:00,10.547597684067457,10.599684421911824,10.4434232711792,10.4434232711792,310173,0.0,0.0
2010-08-04 00:00:00+08:00,10.547597165476457,11.172640800476074,10.547597165476457,11.172640800476074,735059,0.0,0.0
2010-08-05 00:00:00+08:00,11.19868421358437,11.459117901956525,10.91220575057572,10.938249588012695,512428,0.0,0.0
2010-08-06 00:00:00+08:00,10.938249088952778,11.211705152166688,10.938249088952778,11.185661315917969,217348,0.0,0.0
2010-08-09 00:00:00+08:00,11.328901045972518,11.693509131431988,11.185661351942459,11.198683738708496,449035,0.0,0.0
2010-08-10 00:00:00+08:00,11.19868421358437,11.446096451837796,10.938249588012695,10.938249588012695,206782,0.0,0.0
2010-08-11 00:00:00+08:00,10.742923605715731,11.133575526556218,10.677814483642578,10.677814483642578,95089,0.0,0.0
2010-08-12 00:00:00+08:00,10.482488292474118,10.873140222178641,10.417380106123113,10.808032035827637,73204,0.0,0.0
2010-08-13 00:00:00+08:00,10.80803200002377,10.821053449810934,10.560618830870665,10.79500961303711,135842,0.0,0.0
2010-08-16 00:00:00+08:00,10.612705602375627,10.847097322518039,10.54759741602462,10.808032035827637,78486,0.0,0.0
2010-08-17 00:00:00+08:00,10.742923605715731,10.834074689659086,10.651770647373421,10.677814483642578,79241,0.0,0.0
2010-08-18 00:00:00+08:00,10.677814483642578,10.79500940385509,10.612705361569425,10.677814483642578,70185,0.0,0.0
2010-08-19 00:00:00+08:00,10.677815200824792,10.690836651234227,10.547597885131836,10.547597885131836,138106,0.0,0.0
2010-08-20 00:00:00+08:00,10.482488332710648,10.534576006630786,10.28716377290789,10.313206672668457,262628,0.0,0.0
2010-08-23 00:00:00+08:00,10.742923967694772,10.742923967694772,10.313206746571119,10.352272033691406,111692,0.0,0.0
2010-08-24 00:00:00+08:00,10.352271920793463,10.417380107150892,10.287163734436035,10.287163734436035,50563,0.0,0.0
2010-08-25 00:00:00+08:00,10.313206598203797,10.417380070892902,9.97464140616496,10.274141311645508,158483,0.0,0.0
2010-08-26 00:00:00+08:00,10.40435811423347,10.40435811423347,9.987663269042969,9.987663269042969,143389,0.0,0.0
2010-08-27 00:00:00+08:00,10.352271733550314,10.352271733550314,9.896511625693226,10.19601058959961,151690,0.0,0.0
2010-08-30 00:00:00+08:00,10.20903270581283,10.20903270581283,9.492837064620268,9.54492473602295,145653,0.0,0.0
2010-08-31 00:00:00+08:00,9.440750141177084,9.440750141177084,8.880816532631416,8.919881820678711,161501,0.0,0.0
2010-09-01 00:00:00+08:00,8.919881667042183,8.919881667042183,8.307861330708104,8.320881843566895,581104,0.0,0.0
2010-09-02 00:00:00+08:00,8.46412183714787,8.620382992075923,8.399012710194665,8.477143287658691,199235,0.0,0.0
2010-09-03 00:00:00+08:00,8.464121583031218,8.85477352142334,8.464121583031218,8.85477352142334,124522,0.0,0.0
2010-09-06 00:00:00+08:00,8.854773428416125,8.854773428416125,8.620382642722614,8.80268669128418,50563,0.0,0.0
2010-09-07 00:00:00+08:00,8.932904189272138,8.932904189272138,8.672468623774348,8.9068603515625,132069,0.0,0.0
2010-09-08 00:00:00+08:00,8.98498972690607,9.115207974437507,8.698512206495511,8.76362133026123,99617,0.0,0.0
2010-09-09 00:00:00+08:00,8.685490682751006,8.919881464475168,8.685490682751006,8.724555969238281,42262,0.0,0.0
2010-09-10 00:00:00+08:00,8.72455585821131,8.841750778982245,8.646425286231034,8.672468185424805,68675,0.0,0.0
2010-09-13 00:00:00+08:00,8.763621496185129,8.85477352142334,8.685490921066801,8.85477352142334,46790,0.0,0.0
2010-09-14 00:00:00+08:00,9.375641387304315,9.375641387304315,9.141250610351562,9.141250610351562,67921,0.0,0.0
2010-09-15 00:00:00+08:00,9.375641560226693,9.375641560226693,9.050099693587592,9.232402801513672,58865,0.0,0.0
2010-09-16 00:00:00+08:00,9.050099639293167,9.245424195785118,9.050099639293167,9.206358909606934,31696,0.0,0.0
2010-09-17 00:00:00+08:00,9.063120019488732,9.375641367153879,9.050099507218668,9.128229141235352,38488,0.0,0.0
2010-09-20 00:00:00+08:00,9.12822912156061,9.141250571002079,9.089163836036732,9.11520767211914,56601,0.0,0.0
2010-09-21 00:00:00+08:00,9.245424751990077,9.245424751990077,8.95894721904821,8.984990119934082,52827,0.0,0.0
2010-09-23 00:00:00+08:00,8.984989614414838,9.219381332397461,8.919881428663768,9.219381332397461,31696,0.0,0.0
2010-09-24 00:00:00+08:00,9.063120206125786,9.271468087926221,9.063120206125786,9.232402801513672,22640,0.0,0.0
2010-09-27 00:00:00+08:00,9.063120187075711,9.219381332397461,9.063120187075711,9.219381332397461,4528,0.0,0.0
2010-09-28 00:00:00+08:00,9.115207860315955,9.232402782107776,9.115207860315955,9.219381332397461,38488,0.0,0.0
2010-09-29 00:00:00+08:00,9.232402591491303,9.24542404093277,8.98498942890657,9.11520767211914,27168,0.0,0.0
2010-09-30 00:00:00+08:00,9.115207879475514,9.232402801513672,8.932903834349943,9.232402801513672,48299,0.0,0.0
2010-10-01 00:00:00+08:00,9.180316120129218,9.25844669342041,9.180316120129218,9.25844669342041,47544,0.0,0.0
2010-10-04 00:00:00+08:00,9.180316120129218,9.25844669342041,9.180316120129218,9.25844669342041,28677,0.0,0.0
2010-10-05 00:00:00+08:00,9.180316120129218,9.25844669342041,9.115207933852888,9.25844669342041,63393,0.0,0.0
2010-10-06 00:00:00+08:00,9.297512073613188,9.336576423452334,9.115208025565812,9.31053352355957,42262,0.0,0.0
2010-10-07 00:00:00+08:00,9.297511999421067,9.297511999421067,9.115207952828438,9.271468162536621,31696,0.0,0.0
2010-10-08 00:00:00+08:00,9.258446543399703,9.31053327901667,9.076142500140577,9.180315971374512,49054,0.0,0.0
2010-10-11 00:00:00+08:00,9.245424270629883,9.310533393853765,9.245424270629883,9.245424270629883,22640,0.0,0.0
2010-10-12 00:00:00+08:00,9.245424156595849,9.31053327901667,9.167293584570658,9.180315971374512,39998,0.0,0.0
2010-10-13 00:00:00+08:00,9.11520771135652,9.310533202617234,9.11520771135652,9.141250610351562,27923,0.0,0.0
2010-10-14 00:00:00+08:00,9.310533242467702,9.310533242467702,9.141250649477474,9.167293548583984,18112,0.0,0.0
2010-10-15 00:00:00+08:00,9.102185638419924,9.31053352355957,9.102185638419924,9.31053352355957,24904,0.0,0.0
2010-10-18 00:00:00+08:00,9.31053323932687,9.492837281808853,9.15427303314209,9.15427303314209,19621,0.0,0.0
2010-10-19 00:00:00+08:00,9.792337344352424,9.792337344352424,9.245424270629883,9.245424270629883,57355,0.0,0.0
2010-10-20 00:00:00+08:00,9.258446712694147,9.610033356036931,9.115207952828438,9.271468162536621,15093,0.0,0.0
2010-10-21 00:00:00+08:00,9.271468457140674,9.597011273943245,9.271468457140674,9.440750122070312,10565,0.0,0.0
2010-10-22 00:00:00+08:00,9.14125114297974,9.492837797494309,9.14125114297974,9.440750122070312,32451,0.0,0.0
2010-10-25 00:00:00+08:00,9.505860293488242,9.505860293488242,9.180316535769075,9.492837905883789,83769,0.0,0.0
2010-10-26 00:00:00+08:00,9.310533851416833,9.492837905883789,9.115208346544966,9.492837905883789,81505,0.0,0.0
2010-10-27 00:00:00+08:00,9.49283787064938,9.49283787064938,9.258447078233214,9.479815483093262,26413,0.0,0.0
2010-10-28 00:00:00+08:00,9.258447075998653,9.466794967651367,9.154273598772063,9.466794967651367,93580,0.0,0.0
2010-10-29 00:00:00+08:00,9.24542461708961,9.44075011968183,9.18031642862538,9.427729606628418,79241,0.0,0.0
2010-11-01 00:00:00+08:00,9.310533162539055,9.414706632469748,9.11520767211914,9.11520767211914,98863,0.0,0.0
2010-11-02 00:00:00+08:00,9.310533162539055,9.323554611980525,9.11520767211914,9.11520767211914,46790,0.0,0.0
2010-11-03 00:00:00+08:00,9.115207971750763,9.297512018721838,9.115207971750763,9.284489631652832,47544,0.0,0.0
2010-11-04 00:00:00+08:00,9.375641346945871,9.375641346945871,9.11520767211914,9.11520767211914,12074,0.0,0.0
2010-11-05 00:00:00+08:00,9.11520767211914,9.349598448062933,8.633402796391147,9.11520767211914,17357,0.0,0.0
2010-11-08 00:00:00+08:00,9.284489631652832,9.284489631652832,9.284489631652832,9.284489631652832,0,0.0,0.0
2010-11-09 00:00:00+08:00,9.115207805499193,9.206358890122731,8.984989560381177,9.193337440490723,20376,0.0,0.0
2010-11-10 00:00:00+08:00,9.662119993596448,9.662119993596448,8.698512096738714,8.711533546447754,62638,0.0,0.0
2010-11-11 00:00:00+08:00,8.867794547706772,9.193337345541122,8.789663976322696,9.141250610351562,46035,0.0,0.0
2010-11-12 00:00:00+08:00,8.789663903578253,9.141250534697342,8.789663903578253,9.102185249328613,92071,0.0,0.0
2010-11-15 00:00:00+08:00,9.141250571002079,9.206358755408894,9.11520767211914,9.11520767211914,17357,0.0,0.0
2010-11-16 00:00:00+08:00,9.271468107359334,9.271468107359334,9.115207898581103,9.245424270629883,20376,0.0,0.0
2010-11-17 00:00:00+08:00,9.232403337610766,9.245424788104566,8.919881965362709,8.99801254272461,26413,0.0,0.0
2010-11-18 00:00:00+08:00,8.711533513349071,9.206358909606934,8.594337654814517,9.206358909606934,45280,0.0,0.0
2010-11-19 00:00:00+08:00,8.82872933446063,9.180315971374512,8.82872933446063,9.180315971374512,19621,0.0,0.0
2010-11-22 00:00:00+08:00,9.141251274047496,9.219381851104202,8.94592483140573,8.984990119934082,64147,0.0,0.0
2010-11-23 00:00:00+08:00,9.180315971374512,9.193337420978883,9.115207786153173,9.180315971374512,45280,0.0,0.0
2010-11-24 00:00:00+08:00,8.594337581748322,9.15427303314209,8.594337581748322,9.15427303314209,30187,0.0,0.0
2010-11-25 00:00:00+08:00,9.115207691765816,9.128229141235352,8.854773079178281,9.128229141235352,8301,0.0,0.0
2010-11-26 00:00:00+08:00,8.880815849573024,9.089163724067237,8.867794400291965,9.063119888305664,22640,0.0,0.0
2010-11-29 00:00:00+08:00,9.1152082223104,9.14125112276528,8.893838882446289,8.893838882446289,36979,0.0,0.0
2010-11-30 00:00:00+08:00,9.037077610560912,9.16729398671584,8.867795009480174,8.880816459655762,76222,0.0,0.0
2010-12-01 00:00:00+08:00,9.102185285478201,9.11520767211914,9.102185285478201,9.11520767211914,35470,0.0,0.0
2010-12-02 00:00:00+08:00,9.245424195785118,9.245424195785118,8.984989579396878,9.206358909606934,61883,0.0,0.0
2010-12-03 00:00:00+08:00,9.115207898581103,9.245424270629883,9.115207898581103,9.245424270629883,114711,0.0,0.0
2010-12-06 00:00:00+08:00,9.271468107359334,9.271468107359334,9.245424270629883,9.245424270629883,59619,0.0,0.0
2010-12-07 00:00:00+08:00,9.362620130113175,9.362620130113175,9.232402820864904,9.245424270629883,22640,0.0,0.0
2010-12-08 00:00:00+08:00,9.063120263551816,9.271468146672392,8.607360147850088,8.750598907470703,67921,0.0,0.0
2010-12-09 00:00:00+08:00,9.08916379993886,9.245424004214305,8.789663903578253,9.102185249328613,118484,0.0,0.0
2010-12-10 00:00:00+08:00,8.8026864006965,9.167293548583984,8.8026864006965,9.167293548583984,5282,0.0,0.0
2010-12-13 00:00:00+08:00,9.115208373161622,9.219381851104202,8.984990119934082,8.984990119934082,12074,0.0,0.0
2010-12-14 00:00:00+08:00,9.102185249328613,9.115207635917834,8.984989393222428,9.102185249328613,14338,0.0,0.0
2010-12-15 00:00:00+08:00,8.984989897021194,9.128229597137969,8.737577658745847,8.85477352142334,45280,0.0,0.0
2010-12-16 00:00:00+08:00,8.85477306009294,9.11520767211914,8.85477306009294,9.11520767211914,30941,0.0,0.0
2010-12-17 00:00:00+08:00,9.115208373161622,9.115208373161622,8.984990119934082,8.984990119934082,12829,0.0,0.0
2010-12-20 00:00:00+08:00,9.115207786153173,9.180315971374512,9.050099600931835,9.180315971374512,41507,0.0,0.0
2010-12-21 00:00:00+08:00,9.167293967135521,9.167293967135521,8.854773540391776,8.86779499053955,40752,0.0,0.0
2010-12-22 00:00:00+08:00,9.063119999954324,9.11520767211914,8.893838345616818,9.11520767211914,79,0.0,0.0
2010-12-23 00:00:00+08:00,9.089163760429342,9.102185209762494,8.984989354165746,9.076142311096191,43016,0.0,0.0
2010-12-24 00:00:00+08:00,9.089164535076206,9.115208373161622,8.984990119934082,8.984990119934082,63393,0.0,0.0
2010-12-27 00:00:00+08:00,8.984989354165746,9.089163760429342,8.880815885101612,9.076142311096191,109428,0.0,0.0
2010-12-28 00:00:00+08:00,9.050100183747395,9.089164535076206,8.984990119934082,8.984990119934082,58865,0.0,0.0
2010-12-29 00:00:00+08:00,8.945924365638906,9.245424270629883,8.880816179614516,9.245424270629883,96599,0.0,0.0
2010-12-30 00:00:00+08:00,9.245424156595849,9.245424156595849,8.984989541311533,9.180315971374512,68675,0.0,0.0
2010-12-31 00:00:00+08:00,9.11520767211914,9.11520767211914,9.11520767211914,9.11520767211914,35470,0.0,0.0
2011-01-03 00:00:00+08:00,8.919881244499756,9.232402591491303,8.919881244499756,9.11520767211914,35470,0.0,0.0
2011-01-04 00:00:00+08:00,9.245424269418045,9.75327205657959,9.232402819654773,9.75327205657959,307155,0.0,0.0
2011-01-05 00:00:00+08:00,10.248098290670457,10.248098290670457,9.193337440490723,9.193337440490723,170557,0.0,0.0
2011-01-06 00:00:00+08:00,9.219381064482329,9.831401366675234,9.219381064482329,9.583989143371582,92071,0.0,0.0
2011-01-07 00:00:00+08:00,9.375641370863406,10.156945208935136,9.375641370863406,10.14392375946045,122258,0.0,0.0
2011-01-10 00:00:00+08:00,10.352271657072052,10.612705333066783,9.779315695484692,10.15694522857666,86033,0.0,0.0
2011-01-11 00:00:00+08:00,10.15694522857666,10.417379841770865,10.15694522857666,10.15694522857666,42262,0.0,0.0
2011-01-12 00:00:00+08:00,10.156945487322183,10.599684153591088,10.156945487322183,10.287163734436035,124522,0.0,0.0
2011-01-13 00:00:00+08:00,10.287163846623933,10.41738022075888,10.287163846623933,10.352272033691406,24149,0.0,0.0
2011-01-14 00:00:00+08:00,10.352271657072052,10.352271657072052,10.15694522857666,10.15694522857666,32451,0.0,0.0
2011-01-17 00:00:00+08:00,10.35227192361748,10.86011877638235,10.30018424987793,10.30018424987793,104145,0.0,0.0
2011-01-18 00:00:00+08:00,10.261118924659748,10.417380070892902,10.261118924659748,10.274141311645508,36979,0.0,0.0
2011-01-19 00:00:00+08:00,10.23507642913001,10.326227518431661,9.961620349626454,9.974641799926758,178859,0.0,0.0
2011-01-20 00:00:00+08:00,9.97464118678061,10.417379841770865,9.961619737280742,10.15694522857666,52827,0.0,0.0
2011-01-21 00:00:00+08:00,10.156945454163532,10.18298929094118,9.649098603195128,9.7662935256958,70940,0.0,0.0
2011-01-24 00:00:00+08:00,9.896512251472425,10.026728630065918,9.792337836518273,10.026728630065918,80750,0.0,0.0
2011-01-25 00:00:00+08:00,10.02672780816208,10.156945113281035,9.974641073554393,10.091836929321289,64902,0.0,0.0
2011-01-26 00:00:00+08:00,10.091837051631693,10.417379849774838,9.64909839630127,9.64909839630127,140370,0.0,0.0
2011-01-27 00:00:00+08:00,10.078814486694158,10.091836873173227,10.026727752376265,10.06579303741455,18867,0.0,0.0
2011-01-28 00:00:00+08:00,10.15694522857666,10.15694522857666,10.15694522857666,10.15694522857666,26413,0.0,0.0
2011-02-08 00:00:00+08:00,10.417380569438878,10.547597885131836,10.026728622360007,10.547597885131836,38488,0.0,0.0
2011-02-09 00:00:00+08:00,10.53457581383593,10.53457581383593,10.209033012390137,10.209033012390137,9056,0.0,0.0
2011-02-10 00:00:00+08:00,10.026728181382017,10.41738011127992,9.779315948486328,9.779315948486328,9810,0.0,0.0
2011-02-11 00:00:00+08:00,9.961619958529415,9.961619958529415,9.662120052984204,9.7662935256958,16602,0.0,0.0
2011-02-14 00:00:00+08:00,10.156945720154425,10.156945720154425,9.896512031555176,9.896512031555176,5282,0.0,0.0
2011-02-15 00:00:00+08:00,9.896511523129352,9.896511523129352,9.636075973510742,9.636075973510742,22640,0.0,0.0
2011-02-16 00:00:00+08:00,10.15694522857666,10.15694522857666,10.15694522857666,10.15694522857666,1509,0.0,0.0
2011-02-17 00:00:00+08:00,10.130902554585381,10.143924004374457,9.701185339550927,9.7662935256958,13584,0.0,0.0
2011-02-18 00:00:00+08:00,9.766293638057226,10.078814996987077,9.766293638057226,9.831401824951172,5282,0.0,0.0
2011-02-21 00:00:00+08:00,10.000685245096138,10.000685245096138,9.636076216206558,9.7662935256958,14338,0.0,0.0
2011-02-22 00:00:00+08:00,9.870466749808177,9.870466749808177,9.636075973510742,9.636075973510742,4528,0.0,0.0
2011-02-23 00:00:00+08:00,9.779315894587445,9.779315894587445,9.245424270629883,9.245424270629883,9056,0.0,0.0
2011-02-24 00:00:00+08:00,9.740250532082854,9.740250532082854,9.245424198481206,9.71420669555664,12074,0.0,0.0
2011-02-25 00:00:00+08:00,9.636076123177487,9.870466903115462,9.623054673514124,9.71420669555664,36224,0.0,0.0
2011-03-01 00:00:00+08:00,10.130902554585381,10.130902554585381,9.74025062611765,9.7662935256958,12074,0.0,0.0
2011-03-02 00:00:00+08:00,9.610033461995329,9.857446634927255,9.610033461995329,9.8444242477417,4528,0.0,0.0
2011-03-03 00:00:00+08:00,9.84442428590108,9.870467185974121,9.84442428590108,9.870467185974121,9810,0.0,0.0
2011-03-04 00:00:00+08:00,9.453772652462778,9.88348988941094,9.453772652462778,9.505860328674316,18112,0.0,0.0
2011-03-07 00:00:00+08:00,9.50585984391681,9.89651177238454,9.245424287738826,9.7662935256958,79241,0.0,0.0
2011-03-08 00:00:00+08:00,9.7662935256958,9.89651177238454,9.7662935256958,9.7662935256958,49808,0.0,0.0
2011-03-09 00:00:00+08:00,9.766293561450082,9.896511808615548,9.766293561450082,9.779315948486328,47544,0.0,0.0
2011-03-10 00:00:00+08:00,9.779315912684373,10.156945454163532,9.7662935256958,9.7662935256958,20376,0.0,0.0
2011-03-11 00:00:00+08:00,9.766294023734293,9.766294023734293,9.505860328674316,9.505860328674316,6037,0.0,0.0
2011-03-14 00:00:00+08:00,9.7662935256958,9.7662935256958,9.7662935256958,9.7662935256958,4528,0.0,0.0
2011-03-15 00:00:00+08:00,9.089163780212402,9.727227919718066,9.089163780212402,9.089163780212402,53582,0.0,0.0
2011-03-16 00:00:00+08:00,8.984989373722064,9.271467820071164,8.59433745808209,9.089163780212402,26413,0.0,0.0
2011-03-17 00:00:00+08:00,9.063119884940534,9.076142271416215,9.05009937286377,9.05009937286377,14338,0.0,0.0
2011-03-18 00:00:00+08:00,9.037077343954,9.050099730944932,8.503186656111158,8.737577438354492,41507,0.0,0.0
2011-03-21 00:00:00+08:00,9.310533393853765,9.310533393853765,8.867794729849537,9.245424270629883,5282,0.0,0.0
2011-03-22 00:00:00+08:00,9.479814831179471,9.636075973510742,9.479814831179471,9.636075973510742,45280,0.0,0.0
2011-03-23 00:00:00+08:00,9.636076468556887,9.896512031555176,9.636076468556887,9.896512031555176,52827,0.0,0.0
2011-03-24 00:00:00+08:00,10.28716397025333,10.417380345953195,9.896512031555176,9.896512031555176,56601,0.0,0.0
2011-03-25 00:00:00+08:00,10.261119490329314,10.261119490329314,9.531903266906738,9.531903266906738,5282,0.0,0.0
2011-03-28 00:00:00+08:00,9.544925617233199,10.104859233111577,9.505860328674316,9.505860328674316,11320,0.0,0.0
2011-03-29 00:00:00+08:00,9.505859713971281,9.688163757324219,9.505859713971281,9.688163757324219,11320,0.0,0.0
2011-03-30 00:00:00+08:00,9.453772005971285,9.675141334533691,9.453772005971285,9.675141334533691,33960,0.0,0.0
2011-03-31 00:00:00+08:00,9.67514138996644,9.70118522644043,9.570967918469448,9.70118522644043,28677,0.0,0.0
2011-04-01 00:00:00+08:00,9.70118522644043,9.70118522644043,9.67514138996644,9.70118522644043,9056,0.0,0.0
2011-04-06 00:00:00+08:00,9.701185451163282,9.961620073138075,9.688164001224393,9.831401824951172,26413,0.0,0.0
2011-04-07 00:00:00+08:00,9.818381309509277,9.818381309509277,9.818381309509277,9.818381309509277,10565,0.0,0.0
2011-04-08 00:00:00+08:00,9.805359286937714,10.078815368943223,9.805359286937714,10.026728630065918,52827,0.0,0.0
2011-04-11 00:00:00+08:00,10.026728630065918,10.026728630065918,10.026728630065918,10.026728630065918,11320,0.0,0.0
2011-04-12 00:00:00+08:00,10.02672789213945,10.02672789213945,9.636075973510742,9.636075973510742,15848,0.0,0.0
2011-04-13 00:00:00+08:00,10.013707179646477,10.026728630065918,10.013707179646477,10.026728630065918,6037,0.0,0.0
2011-04-14 00:00:00+08:00,9.96162010921464,10.026728296344379,9.8444242477417,9.8444242477417,15093,0.0,0.0
2011-04-15 00:00:00+08:00,9.8444242477417,9.8444242477417,9.8444242477417,9.8444242477417,0,0.0,0.0
2011-04-18 00:00:00+08:00,9.961620330810547,10.261119310349,9.492837811690244,9.961620330810547,18867,0.0,0.0
2011-04-19 00:00:00+08:00,9.96162044076917,10.026728630065918,9.76629399847985,10.026728630065918,43771,0.0,0.0
2011-04-20 00:00:00+08:00,9.636076636170396,9.636076636170396,9.479815483093262,9.479815483093262,12829,0.0,0.0
2011-04-21 00:00:00+08:00,9.701185593606338,9.896512031555176,9.362620392628033,9.896512031555176,26413,0.0,0.0
2011-04-22 00:00:00+08:00,9.7662935256958,9.7662935256958,9.74025062611765,9.7662935256958,12829,0.0,0.0
2011-04-25 00:00:00+08:00,9.375641822814941,9.818381435490704,9.375641822814941,9.375641822814941,49808,0.0,0.0
2011-04-26 00:00:00+08:00,9.57096769403967,9.76629318281621,9.57096769403967,9.583989143371582,12829,0.0,0.0
2011-04-27 00:00:00+08:00,9.753271713323155,9.753271713323155,9.505859490530932,9.570967674255371,11320,0.0,0.0
2011-04-28 00:00:00+08:00,9.740250551561745,9.740250551561745,9.727228164672852,9.727228164672852,6792,0.0,0.0
2011-04-29 00:00:00+08:00,9.440749692229604,9.71420669555664,9.128229277111963,9.71420669555664,42262,0.0,0.0
2011-05-03 00:00:00+08:00,9.688163645754148,9.688163645754148,9.375641361091605,9.636075973510742,20376,0.0,0.0
2011-05-04 00:00:00+08:00,9.727227994137493,9.727227994137493,9.401685197213308,9.636075973510742,21885,0.0,0.0
2011-05-05 00:00:00+08:00,9.427729068636058,9.64909839630127,9.427729068636058,9.64909839630127,28677,0.0,0.0
2011-05-06 00:00:00+08:00,9.479814831179471,9.636075973510742,9.440749545596653,9.636075973510742,35470,0.0,0.0
2011-05-09 00:00:00+08:00,9.6360767098198,10.02672865829889,9.518880844116211,9.518880844116211,25659,0.0,0.0
2011-05-10 00:00:00+08:00,9.570967674255371,9.61003295936982,9.518880002636466,9.570967674255371,25659,0.0,0.0
2011-05-11 00:00:00+08:00,9.636076216206558,9.831401711840675,9.636076216206558,9.7662935256958,55846,0.0,0.0
2011-05-12 00:00:00+08:00,9.766293733543986,10.417380294846756,9.766293733543986,10.391337394714355,319984,0.0,0.0
2011-05-13 00:00:00+08:00,10.417380462455613,10.417380462455613,9.89651214223248,9.961620330810547,102636,0.0,0.0
2011-05-16 00:00:00+08:00,9.961619956378696,10.352271884762084,9.779315910573013,10.274141311645508,115466,0.0,0.0
2011-05-17 00:00:00+08:00,10.417380294846756,10.417380294846756,10.156945670325648,10.391337394714355,175085,0.0,0.0
2011-05-18 00:00:00+08:00,10.391337059224815,10.391337059224815,10.065793320484016,10.222053527832031,46035,0.0,0.0
2011-05-19 00:00:00+08:00,10.222053562064582,10.222053562064582,9.727228164672852,9.727228164672852,92071,0.0,0.0
2011-05-20 00:00:00+08:00,9.76629318281621,9.896511424933184,9.583989143371582,9.583989143371582,31696,0.0,0.0
2011-05-23 00:00:00+08:00,9.505859604500646,9.870466749808177,9.375641361091605,9.636075973510742,24149,0.0,0.0
2011-05-24 00:00:00+08:00,9.831401346352589,9.831401346352589,9.505859490530932,9.570967674255371,32451,0.0,0.0
2011-05-25 00:00:00+08:00,9.727227917673751,9.727227917673751,9.440749471384859,9.597010612487793,17357,0.0,0.0
2011-05-26 00:00:00+08:00,9.649098435408396,9.675141334533691,9.388663820958566,9.675141334533691,8301,0.0,0.0
2011-05-27 00:00:00+08:00,9.844423984048664,9.844423984048664,9.388663874749971,9.70118522644043,35470,0.0,0.0
2011-05-30 00:00:00+08:00,9.740250512551672,9.740250512551672,9.414706774024477,9.70118522644043,7546,0.0,0.0
2011-05-31 00:00:00+08:00,9.701185762352381,9.701185762352381,9.479815483093262,9.479815483093262,15848,0.0,0.0
2011-06-01 00:00:00+08:00,9.675141163093896,9.688163549625271,9.440749451922693,9.583989143371582,18867,0.0,0.0
2011-06-02 00:00:00+08:00,9.583989838019257,9.961620330810547,9.583989838019257,9.961620330810547,89052,0.0,0.0
2011-06-03 00:00:00+08:00,10.13090237842063,10.13090237842063,9.662119884971043,9.675141334533691,43771,0.0,0.0
2011-06-07 00:00:00+08:00,9.766293890677284,9.961620330810547,9.766293890677284,9.961620330810547,25659,0.0,0.0
2011-06-08 00:00:00+08:00,9.961620330810547,10.0006856188372,9.961620330810547,9.961620330810547,107164,0.0,0.0
2011-06-09 00:00:00+08:00,9.935577319144944,9.961620219405107,9.896512031555176,9.896512031555176,144898,0.0,0.0
2011-06-10 00:00:00+08:00,9.961620294965886,10.586663026744194,9.961620294965886,10.469467163085938,568274,0.0,0.0
2011-06-13 00:00:00+08:00,10.156945833744281,10.156945833744281,9.961620330810547,9.961620330810547,207537,0.0,0.0
2011-06-14 00:00:00+08:00,9.909532173028811,10.222053524832628,9.831401600777987,10.209033012390137,110183,0.0,0.0
2011-06-15 00:00:00+08:00,10.156945660597895,10.912205696105957,10.156945660597895,10.912205696105957,978066,0.0,0.0
2011-06-16 00:00:00+08:00,11.667466163635254,11.667466163635254,11.328900979301373,11.667466163635254,1402951,0.0,0.0
2011-06-17 00:00:00+08:00,11.71955276356583,11.771640439488852,11.068466186523438,11.068466186523438,867128,0.0,0.0
2011-06-20 00:00:00+08:00,11.198684011512169,11.198684011512169,10.326227188110352,10.326227188110352,396207,0.0,0.0
2011-06-21 00:00:00+08:00,10.417380511331103,11.042423248291016,10.417380511331103,11.042423248291016,187160,0.0,0.0
2011-06-22 00:00:00+08:00,11.563291397364559,11.563291397364559,10.677814980964133,10.951271057128906,359228,0.0,0.0
2011-06-23 00:00:00+08:00,10.521553597916645,11.45911766855878,10.521553597916645,10.821053504943848,132823,0.0,0.0
2011-06-24 00:00:00+08:00,10.821053143581272,10.990335734821796,10.612705266885284,10.625727653503418,153200,0.0,0.0
2011-06-27 00:00:00+08:00,10.430402957047852,10.625728461987517,10.417380569438878,10.547597885131836,70940,0.0,0.0
2011-06-28 00:00:00+08:00,10.612705946323882,10.742924197645145,10.469467181949835,10.482488632202148,139615,0.0,0.0
2011-06-29 00:00:00+08:00,10.742923650616405,11.211705207824707,10.547597220780045,11.211705207824707,726757,0.0,0.0
2011-06-30 00:00:00+08:00,10.951270386844747,11.250770282160465,10.951270386844747,11.094510078430176,294325,0.0,0.0
2011-07-01 00:00:00+08:00,11.198683980814346,11.446096213925191,11.133575794374492,11.328901290893555,141880,0.0,0.0
2011-07-04 00:00:00+08:00,11.589335798409195,12.019053011213884,11.589335798409195,11.784661293029785,385641,0.0,0.0
2011-07-05 00:00:00+08:00,11.993008374312396,11.993008374312396,11.328901310139573,11.341922760009766,255836,0.0,0.0
2011-07-06 00:00:00+08:00,11.42005316343532,11.706530679507143,11.224726732295906,11.250770568847656,89807,0.0,0.0
2011-07-07 00:00:00+08:00,11.341922843036071,11.394009580097633,10.873140335083008,10.873140335083008,206027,0.0,0.0
2011-07-08 00:00:00+08:00,11.394009191130792,11.394009191130792,10.938249085901415,11.172640800476074,101127,0.0,0.0
2011-07-11 00:00:00+08:00,11.172641085784086,11.224726885198121,10.742923868623295,10.821053504943848,184896,0.0,0.0
2011-07-12 00:00:00+08:00,10.742924178288535,10.821053816861177,10.417380424971,10.469467163085938,195462,0.0,0.0
2011-07-13 00:00:00+08:00,10.365292695812887,10.65177115975619,10.365292695812887,10.4434232711792,122258,0.0,0.0
2011-07-14 00:00:00+08:00,10.625728295437145,10.625728295437145,10.443423306564869,10.456445693969727,151690,0.0,0.0
2011-07-15 00:00:00+08:00,10.547597645683583,10.547597645683583,10.417380332946777,10.417380332946777,116975,0.0,0.0
2011-07-18 00:00:00+08:00,10.677814351983237,10.677814351983237,10.54759704664201,10.61270523071289,73204,0.0,0.0
2011-07-19 00:00:00+08:00,10.61270586954948,10.61270586954948,10.417380368379668,10.430402755737305,64147,0.0,0.0
2011-07-20 00:00:00+08:00,10.547597903815548,10.612706093177588,10.456445876388967,10.560619354248047,30187,0.0,0.0
2011-07-21 00:00:00+08:00,10.560619131717498,10.560619131717498,10.417380368379668,10.430402755737305,159992,0.0,0.0
2011-07-22 00:00:00+08:00,10.508531871597288,10.664793014526367,10.352271665867686,10.664793014526367,126786,0.0,0.0
2011-07-25 00:00:00+08:00,10.677814958420388,10.74292408338855,10.417380332946777,10.417380332946777,65657,0.0,0.0
2011-07-26 00:00:00+08:00,10.417380368379668,10.482488556369765,10.352272180389571,10.430402755737305,42262,0.0,0.0
2011-07-27 00:00:00+08:00,10.54759775786278,10.54759775786278,10.391337543236418,10.482488632202148,39243,0.0,0.0
2011-07-28 00:00:00+08:00,10.300184323915166,10.404357797744062,10.169967950228799,10.339249610900879,53582,0.0,0.0
2011-07-29 00:00:00+08:00,10.417380268348781,10.417380268348781,9.766293708702134,9.857446670532227,101127,0.0,0.0
2011-08-01 00:00:00+08:00,9.85744626688285,10.15694522857666,9.85744626688285,10.15694522857666,70185,0.0,0.0
2011-08-02 00:00:00+08:00,10.156945607803364,10.156945607803364,9.766293673426405,9.8444242477417,150181,0.0,0.0
2011-08-03 00:00:00+08:00,9.7662935256958,10.026728144674289,9.50585984391681,9.7662935256958,112447,0.0,0.0
2011-08-04 00:00:00+08:00,9.701185375066848,9.896511808615548,9.701185375066848,9.779315948486328,67921,0.0,0.0
2011-08-05 00:00:00+08:00,9.128229235757544,9.31053327901667,9.10218539934932,9.180315971374512,252818,0.0,0.0
2011-08-08 00:00:00+08:00,8.724555754079839,9.180315856525956,8.59433751086727,9.11520767211914,86788,0.0,0.0
2011-08-09 00:00:00+08:00,8.59433745808209,9.102185229573895,8.59433745808209,9.089163780212402,44526,0.0,0.0
2011-08-10 00:00:00+08:00,9.50585982632592,9.50585982632592,9.128229348346082,9.245424270629883,350926,0.0,0.0
2011-08-11 00:00:00+08:00,8.880815987789308,9.115207701693047,8.607359925434423,8.633402824401855,169803,0.0,0.0
2011-08-12 00:00:00+08:00,8.646425633507638,9.076142859458923,8.646425633507638,8.85477352142334,47544,0.0,0.0
2011-08-15 00:00:00+08:00,8.98499011773239,9.102185983288733,8.971969604492188,8.971969604492188,19621,0.0,0.0
2011-08-16 00:00:00+08:00,9.115207614219162,9.597010612487793,9.115207614219162,9.597010612487793,281496,0.0,0.0
2011-08-17 00:00:00+08:00,9.440750122070312,9.636076561911478,9.375641933589609,9.440750122070312,52827,0.0,0.0
2011-08-18 00:00:00+08:00,9.375641464238008,9.375641464238008,9.115207786153173,9.180315971374512,37734,0.0,0.0
2011-08-19 00:00:00+08:00,8.93290413475716,9.115208186013488,8.65944805787267,8.880816459655762,18867,0.0,0.0
2011-08-22 00:00:00+08:00,8.880816179614516,9.401685416607608,8.737577420601266,9.245424270629883,69430,0.0,0.0
2011-08-23 00:00:00+08:00,9.115207614219162,9.610032999046014,9.115207614219162,9.597010612487793,17357,0.0,0.0
2011-08-24 00:00:00+08:00,9.636076275725477,9.636076275725477,9.245424344844816,9.284489631652832,9810,0.0,0.0
2011-08-25 00:00:00+08:00,9.557945625385837,9.557945625385837,9.245424270629883,9.245424270629883,5282,0.0,0.0
2011-08-26 00:00:00+08:00,9.245424724993185,9.492837905883789,9.050100157320855,9.492837905883789,52827,0.0,0.0
2011-08-29 00:00:00+08:00,10.15694522857666,10.15694522857666,10.15694522857666,10.15694522857666,62638,0.0,0.0
2011-08-30 00:00:00+08:00,10.86011893191872,10.86011893191872,10.378314971923828,10.378314971923828,405263,0.0,0.0
2011-08-31 00:00:00+08:00,10.313206254303564,10.469466458126629,10.091836929321289,10.091836929321289,79996,0.0,0.0
2011-09-01 00:00:00+08:00,10.222053469196709,10.48248808381566,10.156945284141711,10.182989120483398,67166,0.0,0.0
2011-09-02 00:00:00+08:00,10.169967729248844,10.287163587659471,10.117880056266687,10.222053527832031,36979,0.0,0.0
2011-09-05 00:00:00+08:00,10.156945056770727,10.274140911885581,9.935576670219547,10.06579303741455,79996,0.0,0.0
2011-09-06 00:00:00+08:00,10.117879923311602,10.71687878274035,9.974641167491626,10.14392375946045,85278,0.0,0.0
2011-09-07 00:00:00+08:00,10.534575970107406,10.534575970107406,10.196010776797827,10.30018424987793,36979,0.0,0.0
2011-09-08 00:00:00+08:00,10.31320681991812,10.391337394714355,10.156945670325648,10.391337394714355,22640,0.0,0.0
2011-09-09 00:00:00+08:00,10.326227146731295,10.352271920793463,10.209033161047524,10.287163734436035,16602,0.0,0.0
2011-09-13 00:00:00+08:00,10.287163472373237,10.287163472373237,10.15694522857666,10.15694522857666,46035,0.0,0.0
2011-09-14 00:00:00+08:00,10.222054135155698,10.287164198851526,10.026728630065918,10.026728630065918,92825,0.0,0.0
2011-09-15 00:00:00+08:00,10.026728630065918,10.222054135155698,10.026728630065918,10.026728630065918,85278,0.0,0.0
2011-09-16 00:00:00+08:00,10.130903080510942,10.143924530976001,10.039751052856445,10.039751052856445,46790,0.0,0.0
2011-09-19 00:00:00+08:00,10.02672802776814,10.02672802776814,9.70118522644043,9.70118522644043,23395,0.0,0.0
2011-09-20 00:00:00+08:00,9.70118505553221,9.70118505553221,9.570967749855301,9.61003303527832,28677,0.0,0.0
2011-09-21 00:00:00+08:00,9.987662643954286,9.987662643954286,9.518880152404641,9.64909839630127,33205,0.0,0.0
2011-09-22 00:00:00+08:00,9.64909885588649,9.896512031555176,9.50586009285702,9.896512031555176,53582,0.0,0.0
2011-09-23 00:00:00+08:00,9.818380793489466,10.143923585159207,9.54492473602295,9.54492473602295,29432,0.0,0.0
2011-09-26 00:00:00+08:00,9.505860204188618,9.57096839280109,8.919881820678711,8.919881820678711,50563,0.0,0.0
2011-09-27 00:00:00+08:00,8.932903851437255,9.232402819173881,8.724555969238281,8.724555969238281,46790,0.0,0.0
2011-09-28 00:00:00+08:00,8.880816179614516,9.297511944088786,8.880816179614516,9.245424270629883,30941,0.0,0.0
2011-09-29 00:00:00+08:00,9.492837571606945,9.492837571606945,9.115208025565812,9.31053352355957,7546,0.0,0.0
2011-09-30 00:00:00+08:00,9.024055064342617,9.31053352355957,9.024055064342617,9.31053352355957,20376,0.0,0.0
2011-10-03 00:00:00+08:00,9.310533504362892,9.310533504362892,9.29751205444336,9.29751205444336,4528,0.0,0.0
2011-10-04 00:00:00+08:00,9.297511999421067,9.297511999421067,9.271468162536621,9.271468162536621,7546,0.0,0.0
2011-10-05 00:00:00+08:00,9.11520824246727,9.701185687591709,9.11520824246727,9.440750122070312,41507,0.0,0.0
2011-10-06 00:00:00+08:00,9.440749897422403,9.440749897422403,9.245424399428646,9.31053352355957,24149,0.0,0.0
2011-10-07 00:00:00+08:00,9.31053352355957,9.440749897422403,9.31053352355957,9.31053352355957,48299,0.0,0.0
2011-10-11 00:00:00+08:00,9.180316562575848,9.180316562575848,8.919881930519855,8.984990119934082,86033,0.0,0.0
2011-10-12 00:00:00+08:00,8.86779447431571,9.297511676172254,8.86779447431571,9.102185249328613,42262,0.0,0.0
2011-10-13 00:00:00+08:00,9.102185985519142,9.232403301547139,8.984990119934082,8.984990119934082,30187,0.0,0.0
2011-10-14 00:00:00+08:00,9.089164423150482,9.089164423150482,8.919881820678711,8.919881820678711,16602,0.0,0.0
2011-10-17 00:00:00+08:00,9.206358870583253,9.206358870583253,8.945924255298937,9.180315971374512,3773,0.0,0.0
2011-10-18 00:00:00+08:00,9.11520826091519,9.141251161480367,8.919881820678711,8.919881820678711,49808,0.0,0.0
2011-10-19 00:00:00+08:00,8.91988183596538,9.466794932365277,8.91988183596538,9.45377254486084,49808,0.0,0.0
2011-10-20 00:00:00+08:00,9.544924954403259,9.544924954403259,9.15427303314209,9.15427303314209,38488,0.0,0.0
2011-10-21 00:00:00+08:00,9.154273185075535,9.297511944088786,9.115207898581103,9.245424270629883,12074,0.0,0.0
2011-10-24 00:00:00+08:00,9.453771917993626,9.453771917993626,9.050099487712325,9.11520767211914,16602,0.0,0.0
2011-10-25 00:00:00+08:00,9.089164535076206,9.245424751990077,8.984990119934082,8.984990119934082,15093,0.0,0.0
2011-10-26 00:00:00+08:00,9.115208373161622,9.180316562575848,8.984990119934082,8.984990119934082,11320,0.0,0.0
2011-10-27 00:00:00+08:00,9.115207786153173,9.180315971374512,9.115207786153173,9.180315971374512,8301,0.0,0.0
2011-10-28 00:00:00+08:00,9.245424751990077,9.245424751990077,8.984990119934082,8.984990119934082,12074,0.0,0.0
2011-10-31 00:00:00+08:00,9.610033278701993,9.610033278701993,9.1282293292132,9.232402801513672,60374,0.0,0.0
2011-11-01 00:00:00+08:00,8.59433751086727,9.479814816876564,8.59433751086727,9.11520767211914,43016,0.0,0.0
2011-11-02 00:00:00+08:00,9.115208240161149,9.544925470503467,9.115208240161149,9.427729606628418,55091,0.0,0.0
2011-11-03 00:00:00+08:00,9.414706750250604,9.414706750250604,9.180315971374512,9.180315971374512,12074,0.0,0.0
2011-11-04 00:00:00+08:00,9.180316084605494,9.245424270629883,9.141250798111061,9.245424270629883,13584,0.0,0.0
2011-11-07 00:00:00+08:00,9.479815108814197,9.479815108814197,9.141250852513386,9.271468162536621,14338,0.0,0.0
2011-11-08 00:00:00+08:00,9.245424380366213,9.29751205444336,8.724556074390296,9.29751205444336,30941,0.0,0.0
2011-11-09 00:00:00+08:00,9.232403226731023,9.232403226731023,8.945924758911133,8.945924758911133,1509,0.0,0.0
2011-11-10 00:00:00+08:00,8.945924628625727,9.20635925477837,8.86779499053955,8.86779499053955,53582,0.0,0.0
2011-11-11 00:00:00+08:00,9.141251161480367,9.154273548962486,8.919881820678711,8.919881820678711,9810,0.0,0.0
2011-11-14 00:00:00+08:00,9.128229141235352,9.258446447529119,8.932903650394437,9.128229141235352,12074,0.0,0.0
2011-11-15 00:00:00+08:00,9.206359386482113,9.206359386482113,8.932904243469238,8.932904243469238,2264,0.0,0.0
2011-11-16 00:00:00+08:00,9.115207747296026,9.206358831337539,8.98498950300949,9.15427303314209,11320,0.0,0.0
2011-11-17 00:00:00+08:00,8.984989935459513,8.984989935459513,8.880816459655762,8.880816459655762,3018,0.0,0.0
2011-11-18 00:00:00+08:00,9.102185723182755,9.102185723182755,8.724556173625,8.841751098632812,8301,0.0,0.0
2011-11-21 00:00:00+08:00,9.10218585418643,9.10218585418643,8.802686875123007,8.9068603515625,5282,0.0,0.0
2011-11-22 00:00:00+08:00,9.089164403931376,9.089164403931376,8.594338047844964,8.9068603515625,23395,0.0,0.0
2011-11-23 00:00:00+08:00,8.294838905334473,8.82872960166591,8.294838905334473,8.294838905334473,54337,0.0,0.0
2011-11-24 00:00:00+08:00,8.828729175227028,8.828729175227028,8.594337463378906,8.594337463378906,5282,0.0,0.0
2011-11-25 00:00:00+08:00,8.594338162059714,8.594338162059714,8.151600412708328,8.451099395751953,21131,0.0,0.0
2011-11-28 00:00:00+08:00,8.529229465743478,8.529229465743478,7.878143862245166,7.917209148406982,89052,0.0,0.0
2011-11-29 00:00:00+08:00,8.177643120504353,8.177643120504353,7.813035488128662,7.813035488128662,24904,0.0,0.0
2011-11-30 00:00:00+08:00,7.8130352341269,7.917209174704517,7.370296103821964,7.4223833084106445,24904,0.0,0.0
2011-12-01 00:00:00+08:00,7.930230617523193,7.930230617523193,7.930230617523193,7.930230617523193,33960,0.0,0.0
2011-12-02 00:00:00+08:00,8.477143141731869,8.477143141731869,8.346925827266586,8.399012565612793,194707,0.0,0.0
2011-12-05 00:00:00+08:00,7.813035488128662,8.164622607583183,7.813035488128662,7.813035488128662,130559,0.0,0.0
2011-12-06 00:00:00+08:00,7.669796430857311,7.930230577873721,7.656774044036865,7.656774044036865,21885,0.0,0.0
2011-12-07 00:00:00+08:00,7.773970017297395,7.786990998511358,7.135905387032833,7.201014041900635,85278,0.0,0.0
2011-12-08 00:00:00+08:00,7.292165492431478,7.292165492431478,6.940578854877865,7.148926734924316,53582,0.0,0.0
2011-12-09 00:00:00+08:00,7.148926868189057,7.148926868189057,6.966622352600098,6.966622352600098,28677,0.0,0.0
2011-12-12 00:00:00+08:00,7.448426723480225,7.448426723480225,7.448426723480225,7.448426723480225,39243,0.0,0.0
2011-12-13 00:00:00+08:00,7.52655711595219,7.52655711595219,6.953601155802227,7.357274055480957,76222,0.0,0.0
2011-12-14 00:00:00+08:00,7.031731727004375,7.357274055480957,6.966622136669691,7.357274055480957,18112,0.0,0.0
2011-12-15 00:00:00+08:00,7.161948912235637,7.513535562507897,7.161948912235637,7.292165756225586,47544,0.0,0.0
2011-12-16 00:00:00+08:00,7.357274242968052,7.461447715759277,7.357274242968052,7.461447715759277,30187,0.0,0.0
2011-12-19 00:00:00+08:00,7.292165756225586,7.292165756225586,7.031732068245687,7.292165756225586,44526,0.0,0.0
2011-12-20 00:00:00+08:00,7.422383537415053,7.422383537415053,6.927558124453969,7.292165756225586,27168,0.0,0.0
2011-12-21 00:00:00+08:00,7.357274055480957,7.370295973547894,7.292165402345746,7.357274055480957,61129,0.0,0.0
2011-12-22 00:00:00+08:00,7.38331802211907,7.46144765750273,7.38331802211907,7.4223833084106445,35470,0.0,0.0
2011-12-23 00:00:00+08:00,7.448426559408999,7.656773968691873,7.448426559408999,7.617708683013916,19621,0.0,0.0
2011-12-26 00:00:00+08:00,7.617708757974494,7.656774044036865,7.552600572670198,7.656774044036865,50563,0.0,0.0
2011-12-27 00:00:00+08:00,7.656774004913298,7.682817372621892,7.174970530804964,7.630731105804443,91316,0.0,0.0
2011-12-28 00:00:00+08:00,7.617708804802171,7.695839377407198,7.617708804802171,7.682817459106445,16602,0.0,0.0
2011-12-29 00:00:00+08:00,7.682817486712272,7.6958394050598145,7.682817486712272,7.6958394050598145,3018,0.0,0.0
2011-12-30 00:00:00+08:00,7.695839498376711,7.747926235198975,7.695839498376711,7.747926235198975,6792,0.0,0.0
2012-01-02 00:00:00+08:00,7.656774091104684,7.682817459106445,7.552600619097641,7.682817459106445,35470,0.0,0.0
2012-01-03 00:00:00+08:00,7.552600619097641,7.682817459106445,7.552600619097641,7.682817459106445,16602,0.0,0.0
2012-01-04 00:00:00+08:00,7.552600887785059,7.813035514267244,7.552600887785059,7.565622806549072,43771,0.0,0.0
2012-01-05 00:00:00+08:00,7.565622490890902,7.682817411878532,7.565622490890902,7.656774044036865,6792,0.0,0.0
2012-01-06 00:00:00+08:00,7.878143764667048,7.878143764667048,7.552600498350304,7.617708683013916,24149,0.0,0.0
2012-01-09 00:00:00+08:00,7.7218828801595665,7.7218828801595665,7.4874920954537405,7.500513076782227,4528,0.0,0.0
2012-01-10 00:00:00+08:00,7.604687134272857,7.617709052997882,7.031732082366943,7.031732082366943,54337,0.0,0.0
2012-01-11 00:00:00+08:00,7.044752868347005,7.487492000911608,7.03173188718293,7.187992095947266,203009,0.0,0.0
2012-01-12 00:00:00+08:00,7.448426916657903,7.630731435698993,7.422383547823393,7.552600860595703,43771,0.0,0.0
2012-01-13 00:00:00+08:00,7.565622526372425,7.904186778501646,7.201013969079911,7.669796466827393,12074,0.0,0.0
2012-01-16 00:00:00+08:00,7.617708822563996,7.617708822563996,7.4354047775268555,7.4354047775268555,1509,0.0,0.0
2012-01-17 00:00:00+08:00,7.370296423191141,7.604687213897705,7.35727450432977,7.604687213897705,16602,0.0,0.0
2012-01-18 00:00:00+08:00,7.6828177898664025,7.6828177898664025,7.422383630036862,7.604687213897705,35470,0.0,0.0
2012-01-30 00:00:00+08:00,7.943252011600658,7.943252011600658,7.8130351726528815,7.904186725616455,47544,0.0,0.0
2012-01-31 00:00:00+08:00,7.943252086639404,7.943252086639404,7.813035246461488,7.943252086639404,34715,0.0,0.0
2012-02-01 00:00:00+08:00,7.943252160943675,8.060448021099713,7.813035319547659,7.9823174476623535,73958,0.0,0.0
2012-02-02 00:00:00+08:00,7.969295923274733,8.125557068687723,7.943252086639404,7.943252086639404,65657,0.0,0.0
2012-02-03 00:00:00+08:00,8.060448040533172,8.099512390146536,7.943252180094579,7.9953389167785645,90561,0.0,0.0
2012-02-06 00:00:00+08:00,8.490164214461812,8.555273337398823,8.203685760498047,8.203685760498047,68675,0.0,0.0
2012-02-07 00:00:00+08:00,7.995338591539814,8.320881385471742,7.813035020561708,8.073469161987305,83769,0.0,0.0
2012-02-08 00:00:00+08:00,8.177642944056252,8.177642944056252,7.813035319547659,7.9823174476623535,109428,0.0,0.0
2012-02-09 00:00:00+08:00,8.047426380076821,8.047426380076821,7.8130351339329405,7.878143787384033,126786,0.0,0.0
2012-02-10 00:00:00+08:00,7.813035153324858,7.891165256500244,7.747926031112426,7.891165256500244,90561,0.0,0.0
2012-02-13 00:00:00+08:00,7.891165311899276,7.99533878353113,7.826056189229753,7.917209148406982,74713,0.0,0.0
2012-02-14 00:00:00+08:00,7.956273461195566,7.956273461195566,7.891165276021548,7.904186725616455,51318,0.0,0.0
2012-02-15 00:00:00+08:00,7.9562736299656995,8.04742659066205,7.891165443410594,7.9953389167785645,113202,0.0,0.0
2012-02-16 00:00:00+08:00,8.047426187382388,8.138577269111895,7.956273231253975,8.034403800964355,101881,0.0,0.0
2012-02-17 00:00:00+08:00,8.125557387048792,8.555273679371911,8.112534999621163,8.372969627380371,149426,0.0,0.0
2012-02-20 00:00:00+08:00,8.359947343029974,8.95894718170166,8.359947343029974,8.95894718170166,182632,0.0,0.0
2012-02-21 00:00:00+08:00,9.479815545960655,9.479815545960655,8.984990119934082,8.984990119934082,323003,0.0,0.0
2012-02-22 00:00:00+08:00,8.984990009291183,9.180316449527663,8.776643055971647,8.919881820678711,96599,0.0,0.0
2012-02-23 00:00:00+08:00,8.998012434659865,9.34959909136637,8.932904245773251,8.945924758911133,51318,0.0,0.0
2012-02-24 00:00:00+08:00,8.958946419658286,9.063119888305664,8.737577095883013,9.063119888305664,36979,0.0,0.0
2012-02-29 00:00:00+08:00,9.245424251251357,9.245424251251357,9.206358964838808,9.232402801513672,35470,0.0,0.0
2012-03-01 00:00:00+08:00,9.219381351775986,9.232402801513672,9.115207879475514,9.232402801513672,40752,0.0,0.0
2012-03-02 00:00:00+08:00,9.180316065363435,9.232402801513672,9.115207879475514,9.232402801513672,19621,0.0,0.0
2012-03-05 00:00:00+08:00,9.063120459961093,9.440750010526381,9.063120459961093,9.375641822814941,22640,0.0,0.0
2012-03-06 00:00:00+08:00,9.11520767211914,9.24542404093277,9.037077101071386,9.11520767211914,64147,0.0,0.0
2012-03-07 00:00:00+08:00,9.11520767211914,9.310533162539055,9.11520767211914,9.11520767211914,25659,0.0,0.0
2012-03-08 00:00:00+08:00,9.12822912156061,9.154272957643018,9.076142386595263,9.11520767211914,37734,0.0,0.0
2012-03-09 00:00:00+08:00,9.115207556444343,9.115207556444343,8.945924029856155,9.05009937286377,68675,0.0,0.0
2012-03-12 00:00:00+08:00,9.115208446388493,9.115208446388493,8.998012579861943,9.024055480957031,35470,0.0,0.0
2012-03-13 00:00:00+08:00,9.037077722871647,9.063120623546478,8.945924758911133,8.945924758911133,109428,0.0,0.0
2012-03-14 00:00:00+08:00,9.115208296944177,9.115208296944177,8.932904243469238,8.932904243469238,33205,0.0,0.0
2012-03-15 00:00:00+08:00,8.932903556833141,9.076142311096191,8.919881170300528,9.076142311096191,8301,0.0,0.0
2012-03-16 00:00:00+08:00,9.011034635509743,9.011034635509743,8.82872964856517,8.841751098632812,41507,0.0,0.0
2012-03-19 00:00:00+08:00,8.802686783744294,9.115208147018087,8.802686783744294,8.85477352142334,18867,0.0,0.0
2012-03-20 00:00:00+08:00,8.867794878399234,8.893838715564963,8.80268669128418,8.80268669128418,30187,0.0,0.0
2012-03-21 00:00:00+08:00,8.802686617080761,8.802686617080761,8.76362133026123,8.76362133026123,16602,0.0,0.0
2012-03-22 00:00:00+08:00,8.789664268493652,8.789664268493652,8.776642818563294,8.789664268493652,9056,0.0,0.0
2012-03-23 00:00:00+08:00,8.84175107955615,8.85477346679521,8.815708179477054,8.828729629516602,43016,0.0,0.0
2012-03-26 00:00:00+08:00,8.85477306009294,9.180315856525956,8.85477306009294,9.11520767211914,101881,0.0,0.0
2012-03-27 00:00:00+08:00,9.753271672835844,9.753271672835844,9.245423905655635,9.54492473602295,71694,0.0,0.0
2012-03-28 00:00:00+08:00,9.505859590158442,9.505859590158442,9.11520767211914,9.11520767211914,55846,0.0,0.0
2012-03-29 00:00:00+08:00,9.115207786153173,9.271467993004075,9.063120113336725,9.180315971374512,116975,0.0,0.0
2012-03-30 00:00:00+08:00,9.115207805499193,9.271468012681739,9.115207805499193,9.193337440490723,15848,0.0,0.0
2012-04-02 00:00:00+08:00,9.193337515101122,9.232402801513672,9.180316065363435,9.232402801513672,26413,0.0,0.0
2012-04-03 00:00:00+08:00,9.180315780160326,9.219381065359242,9.076142311096191,9.076142311096191,79996,0.0,0.0
2012-04-05 00:00:00+08:00,9.076142859458923,9.115208147018087,8.724556208625966,8.85477352142334,143389,0.0,0.0
2012-04-06 00:00:00+08:00,9.11520767211914,9.11520767211914,9.11520767211914,9.11520767211914,754,0.0,0.0
2012-04-09 00:00:00+08:00,9.466794967651367,9.466794967651367,9.466794967651367,9.466794967651367,754,0.0,0.0
2012-04-10 00:00:00+08:00,9.453772304005858,9.453772304005858,8.815708134528142,9.323554992675781,18867,0.0,0.0
2012-04-11 00:00:00+08:00,9.323554992675781,9.323554992675781,9.323554992675781,9.323554992675781,0,0.0,0.0
2012-04-12 00:00:00+08:00,8.867795191548565,9.050100183747395,8.854773741105628,8.984990119934082,5282,0.0,0.0
2012-04-13 00:00:00+08:00,9.11520767211914,9.12822912156061,8.932903631140695,9.11520767211914,24904,0.0,0.0
2012-04-16 00:00:00+08:00,8.984990119934082,8.984990119934082,8.984990119934082,8.984990119934082,6792,0.0,0.0
2012-04-17 00:00:00+08:00,9.115208134769667,9.375641822814941,8.854773509524874,9.375641822814941,9056,0.0,0.0
2012-04-18 00:00:00+08:00,8.99801254272461,8.99801254272461,8.99801254272461,8.99801254272461,754,0.0,0.0
2012-04-19 00:00:00+08:00,8.893838882446289,8.893838882446289,8.893838882446289,8.893838882446289,1509,0.0,0.0
2012-04-20 00:00:00+08:00,9.115207859422892,9.115207859422892,8.711533546447754,8.711533546447754,15093,0.0,0.0
2012-04-23 00:00:00+08:00,8.724556062570366,8.776642799377441,8.724556062570366,8.776642799377441,38488,0.0,0.0
2012-04-24 00:00:00+08:00,8.724555969238281,8.724555969238281,8.724555969238281,8.724555969238281,9056,0.0,0.0
2012-04-25 00:00:00+08:00,9.284489612379094,9.284489612379094,9.271468162536621,9.271468162536621,2264,0.0,0.0
2012-04-26 00:00:00+08:00,9.271468162536621,9.271468162536621,9.271468162536621,9.271468162536621,0,0.0,0.0
2012-04-27 00:00:00+08:00,8.65944766998291,8.65944766998291,8.65944766998291,8.65944766998291,1509,0.0,0.0
2012-04-30 00:00:00+08:00,8.65944766998291,8.65944766998291,8.65944766998291,8.65944766998291,0,0.0,0.0
2012-05-02 00:00:00+08:00,8.22973026472772,9.063119888305664,8.216707878247204,9.063119888305664,8301,0.0,0.0
2012-05-03 00:00:00+08:00,8.8808166882901,8.8808166882901,8.477143287658691,8.477143287658691,8301,0.0,0.0
2012-05-04 00:00:00+08:00,8.867794971543221,8.867794971543221,8.464121583031218,8.85477352142334,40752,0.0,0.0
2012-05-07 00:00:00+08:00,8.516208286545142,8.841751098632812,8.516208286545142,8.841751098632812,1509,0.0,0.0
2012-05-08 00:00:00+08:00,8.789664268493652,8.789664268493652,8.789664268493652,8.789664268493652,2264,0.0,0.0
2012-05-09 00:00:00+08:00,8.789664268493652,8.789664268493652,8.789664268493652,8.789664268493652,9056,0.0,0.0
2012-05-10 00:00:00+08:00,9.154272921286562,9.154272921286562,9.102185249328613,9.102185249328613,1509,0.0,0.0
2012-05-11 00:00:00+08:00,8.52922925551083,9.076142311096191,8.52922925551083,9.076142311096191,2264,0.0,0.0
2012-05-14 00:00:00+08:00,9.05009931546168,9.05009931546168,8.490163879343188,8.529229164123535,5282,0.0,0.0
2012-05-15 00:00:00+08:00,8.4641216914452,8.4641216914452,8.399012565612793,8.399012565612793,18867,0.0,0.0
2012-05-16 00:00:00+08:00,8.399012565612793,8.399012565612793,8.399012565612793,8.399012565612793,3773,0.0,0.0
2012-05-17 00:00:00+08:00,8.399012424337814,8.841751098632812,8.399012424337814,8.841751098632812,11320,0.0,0.0
2012-05-18 00:00:00+08:00,8.594337954631513,8.90686025495946,8.333904266357422,8.333904266357422,12829,0.0,0.0
2012-05-21 00:00:00+08:00,8.724555969238281,8.724555969238281,8.724555969238281,8.724555969238281,754,0.0,0.0
2012-05-22 00:00:00+08:00,8.464121278153474,8.685490608215332,8.33390397004653,8.685490608215332,6037,0.0,0.0
2012-05-23 00:00:00+08:00,8.464121196988026,8.594337566646796,8.138577461242676,8.138577461242676,6792,0.0,0.0
2012-05-24 00:00:00+08:00,8.26879562517289,8.26879562517289,8.086491584777832,8.086491584777832,37734,0.0,0.0
2012-05-25 00:00:00+08:00,8.203685760498047,8.203685760498047,8.203685760498047,8.203685760498047,4528,0.0,0.0
2012-05-28 00:00:00+08:00,8.542251884631506,8.542251884631506,8.190665245056152,8.190665245056152,2264,0.0,0.0
2012-05-29 00:00:00+08:00,8.203685653702943,8.698511982544236,8.07346928392305,8.646425247192383,22640,0.0,0.0
2012-05-30 00:00:00+08:00,8.6203827292582,8.6203827292582,8.229730791047785,8.333904266357422,32451,0.0,0.0
2012-05-31 00:00:00+08:00,8.26879596710205,8.490164364850477,8.26879596710205,8.26879596710205,9056,0.0,0.0
2012-06-01 00:00:00+08:00,8.464121595191392,8.646425645929723,7.826056480407715,7.826056480407715,13584,0.0,0.0
2012-06-04 00:00:00+08:00,7.279144718464751,8.294838905334473,7.279144718464751,8.294838905334473,18867,0.0,0.0
2012-06-05 00:00:00+08:00,8.229730744103726,8.828729629516602,7.813035439442819,8.828729629516602,24149,0.0,0.0
2012-06-06 00:00:00+08:00,8.464121350789437,8.724555969238281,8.268795855552552,8.724555969238281,10565,0.0,0.0
2012-06-07 00:00:00+08:00,8.711533702641807,8.724556089783823,8.268795969800943,8.281816482543945,6792,0.0,0.0
2012-06-08 00:00:00+08:00,8.281816217626902,8.281816217626902,8.138577461242676,8.138577461242676,15093,0.0,0.0
2012-06-11 00:00:00+08:00,8.451099395751953,8.451099395751953,8.451099395751953,8.451099395751953,754,0.0,0.0
2012-06-12 00:00:00+08:00,8.138577936682228,8.399012565612793,7.917209533010734,8.399012565612793,6792,0.0,0.0
2012-06-13 00:00:00+08:00,8.581316947937012,8.581316947937012,8.581316947937012,8.581316947937012,754,0.0,0.0
2012-06-14 00:00:00+08:00,8.203685760498047,8.464121315046599,8.151599961667621,8.203685760498047,20376,0.0,0.0
2012-06-15 00:00:00+08:00,8.58131705432029,8.58131705432029,8.138577461242676,8.138577461242676,273949,0.0,0.0
2012-06-18 00:00:00+08:00,8.542252360347302,8.542252360347302,8.151600412708328,8.451099395751953,4528,0.0,0.0
2012-06-19 00:00:00+08:00,8.203686248501684,8.46412181854248,8.164622834254633,8.46412181854248,5282,0.0,0.0
2012-06-20 00:00:00+08:00,8.46412181854248,8.46412181854248,8.46412181854248,8.46412181854248,2264,0.0,0.0
2012-06-21 00:00:00+08:00,8.542252173623275,8.542252173623275,8.346925735473633,8.346925735473633,17357,0.0,0.0
2012-06-22 00:00:00+08:00,8.464121598363418,8.464121598363418,8.346925735473633,8.346925735473633,14338,0.0,0.0
2012-06-25 00:00:00+08:00,8.503187071863449,8.503187071863449,8.190665701192179,8.451099395751953,3773,0.0,0.0
2012-06-26 00:00:00+08:00,8.46412181854248,8.46412181854248,8.333904502121854,8.46412181854248,9056,0.0,0.0
2012-06-27 00:00:00+08:00,8.399012691732395,8.46412181854248,8.399012691732395,8.46412181854248,18867,0.0,0.0
2012-06-28 00:00:00+08:00,8.46412181854248,8.46412181854248,8.268796312511315,8.46412181854248,27923,0.0,0.0
2012-06-29 00:00:00+08:00,8.46412181854248,8.555273846316963,8.399012691732395,8.46412181854248,9810,0.0,0.0
2012-07-02 00:00:00+08:00,8.46412181854248,8.46412181854248,8.46412181854248,8.46412181854248,0,0.0,0.0
2012-07-03 00:00:00+08:00,8.672468412784125,8.672468412784125,8.26879596710205,8.26879596710205,11320,0.0,0.0
2012-07-04 00:00:00+08:00,8.659447902871772,8.659447902871772,8.281816482543945,8.281816482543945,6037,0.0,0.0
2012-07-05 00:00:00+08:00,8.646425171641848,8.646425171641848,8.607359886169434,8.607359886169434,1509,0.0,0.0
2012-07-06 00:00:00+08:00,8.268795548687761,8.555273056030273,8.268795548687761,8.555273056030273,4528,0.0,0.0
2012-07-09 00:00:00+08:00,8.542251961549624,8.750598907470703,8.542251961549624,8.750598907470703,1509,0.0,0.0
2012-07-10 00:00:00+08:00,8.46412181854248,8.46412181854248,8.46412181854248,8.46412181854248,1509,0.0,0.0
2012-07-11 00:00:00+08:00,8.59433819776356,8.59433819776356,8.46412181854248,8.46412181854248,1509,0.0,0.0
2012-07-12 00:00:00+08:00,8.333903860026822,8.620382308959961,8.333903860026822,8.620382308959961,227913,0.0,0.0
2012-07-13 00:00:00+08:00,8.607359810274444,8.607359810274444,8.073469142191442,8.568294525146484,21885,0.0,0.0
2012-07-16 00:00:00+08:00,8.568294525146484,8.568294525146484,8.568294525146484,8.568294525146484,3018,0.0,0.0
2012-07-17 00:00:00+08:00,8.203686016421099,8.333904266357422,8.073469640883813,8.333904266357422,38488,0.0,0.0
2012-07-18 00:00:00+08:00,8.320881805331416,8.333904192529397,8.294838905334473,8.294838905334473,64902,0.0,0.0
2012-07-19 00:00:00+08:00,8.294838905334473,8.294838905334473,8.294838905334473,8.294838905334473,50563,0.0,0.0
2012-07-20 00:00:00+08:00,8.073469161987305,8.073469161987305,8.073469161987305,8.073469161987305,382623,0.0,0.0
2012-07-23 00:00:00+08:00,8.542252039002525,8.542252039002525,8.26879596710205,8.26879596710205,1509,0.0,0.0
2012-07-24 00:00:00+08:00,8.464121745830075,8.464121745830075,8.425056457519531,8.425056457519531,432432,0.0,0.0
2012-07-25 00:00:00+08:00,8.399012527836575,8.399012527836575,8.372969627380371,8.372969627380371,55846,0.0,0.0
2012-07-26 00:00:00+08:00,8.333904228233516,8.333904228233516,8.307861328125,8.307861328125,53582,0.0,0.0
2012-07-27 00:00:00+08:00,7.852099895477295,7.852099895477295,7.852099895477295,7.852099895477295,754,0.0,0.0
2012-07-30 00:00:00+08:00,8.190665136509383,8.203685648840281,7.878143787384033,7.878143787384033,2264,0.0,0.0
2012-07-31 00:00:00+08:00,7.878143787384033,7.878143787384033,7.878143787384033,7.878143787384033,0,0.0,0.0
2012-08-01 00:00:00+08:00,7.865121394984667,8.190665130605202,7.578643413726312,8.125556945800781,18112,0.0,0.0
2012-08-02 00:00:00+08:00,8.125556945800781,8.125556945800781,8.125556945800781,8.125556945800781,0,0.0,0.0
2012-08-03 00:00:00+08:00,8.060448221985416,8.060448221985416,7.565622806549072,7.565622806549072,50563,0.0,0.0
2012-08-06 00:00:00+08:00,7.565622401553263,7.565622401553263,7.057774625938776,7.357274055480957,33960,0.0,0.0
2012-08-07 00:00:00+08:00,7.057774931500315,7.266122817993164,7.031732031438405,7.266122817993164,7546,0.0,0.0
2012-08-08 00:00:00+08:00,7.187992183304162,7.3442528625673065,6.966622380031641,6.979644298553467,14338,0.0,0.0
2012-08-09 00:00:00+08:00,7.122883319854736,7.122883319854736,7.122883319854736,7.122883319854736,754,0.0,0.0
2012-08-10 00:00:00+08:00,6.7843193753895426,7.031732082366943,6.7843193753895426,7.031732082366943,3018,0.0,0.0
2012-08-13 00:00:00+08:00,7.031732082366943,7.031732082366943,7.031732082366943,7.031732082366943,754,0.0,0.0
2012-08-14 00:00:00+08:00,7.031732082366943,7.031732082366943,7.031732082366943,7.031732082366943,0,0.0,0.0
2012-08-15 00:00:00+08:00,6.979644372198498,7.018709659576416,6.979644372198498,7.018709659576416,1509,0.0,0.0
2012-08-16 00:00:00+08:00,7.018709572602935,7.227057456970215,7.018709572602935,7.227057456970215,24904,0.0,0.0
2012-08-17 00:00:00+08:00,7.227057456970215,7.227057456970215,7.227057456970215,7.227057456970215,0,0.0,0.0
2012-08-20 00:00:00+08:00,7.096839979831116,7.1359052658081055,7.096839979831116,7.1359052658081055,2264,0.0,0.0
2012-08-21 00:00:00+08:00,7.135905642588416,7.135905642588416,6.836405725750695,7.083818435668945,12074,0.0,0.0
2012-08-22 00:00:00+08:00,7.109861373901367,7.109861373901367,7.109861373901367,7.109861373901367,2264,0.0,0.0
2012-08-23 00:00:00+08:00,6.901513667189047,7.227057410127807,6.901513667189047,7.201014041900635,30187,0.0,0.0
2012-08-24 00:00:00+08:00,7.201013967112594,7.201013967112594,7.005687535938053,7.1619486808776855,21131,0.0,0.0
2012-08-27 00:00:00+08:00,7.214035023114598,7.214035023114598,7.201014041900635,7.201014041900635,1509,0.0,0.0
2012-08-28 00:00:00+08:00,6.823383843037384,7.148926639803855,6.823383843037384,7.096839904785156,2264,0.0,0.0
2012-08-29 00:00:00+08:00,7.135905190349048,7.135905190349048,7.096839904785156,7.096839904785156,7546,0.0,0.0
2012-08-30 00:00:00+08:00,7.0577746938541255,7.1359052658081055,7.0577746938541255,7.1359052658081055,5282,0.0,0.0
2012-08-31 00:00:00+08:00,7.135905631892048,7.174970919873153,7.070797443389893,7.070797443389893,113202,0.0,0.0
2012-09-03 00:00:00+08:00,7.070797443389893,7.070797443389893,7.070797443389893,7.070797443389893,3018,0.0,0.0
2012-09-04 00:00:00+08:00,7.070797306665505,7.187992231143153,7.005687713623047,7.005687713623047,5282,0.0,0.0
2012-09-05 00:00:00+08:00,6.966622230519884,6.966622230519884,6.901513576507568,6.901513576507568,4528,0.0,0.0
2012-09-06 00:00:00+08:00,6.901513887672844,7.344253036078008,6.901513887672844,7.331231117248535,27168,0.0,0.0
2012-09-07 00:00:00+08:00,7.318210117504547,7.839078903198242,7.318210117504547,7.839078903198242,293570,0.0,0.0
2012-09-10 00:00:00+08:00,7.839078755261814,8.1255572145967,7.682817607042874,7.760948181152344,24904,0.0,0.0
2012-09-11 00:00:00+08:00,7.930230636921485,7.943252086639404,7.930230636921485,7.943252086639404,3773,0.0,0.0
2012-09-12 00:00:00+08:00,7.422383069045963,8.047426223754883,7.422383069045963,8.047426223754883,27168,0.0,0.0
2012-09-13 00:00:00+08:00,7.878143787384033,7.878143787384033,7.878143787384033,7.878143787384033,12829,0.0,0.0
2012-09-14 00:00:00+08:00,8.125557278567337,8.320881840979743,7.94325229181016,8.307861328125,50563,0.0,0.0
2012-09-17 00:00:00+08:00,8.867794460535048,8.867794460535048,8.073469179404055,8.594337463378906,21131,0.0,0.0
2012-09-18 00:00:00+08:00,8.594337463378906,8.594337463378906,8.594337463378906,8.594337463378906,0,0.0,0.0
2012-09-19 00:00:00+08:00,8.581317684480906,8.581317684480906,8.060448418798405,8.46412181854248,3018,0.0,0.0
2012-09-20 00:00:00+08:00,8.581317648831153,8.581317648831153,7.943252519860966,8.451099395751953,4528,0.0,0.0
2012-09-21 00:00:00+08:00,8.451098610753967,8.464120997172,8.034403800964355,8.034403800964355,7546,0.0,0.0
2012-09-24 00:00:00+08:00,8.346925799527806,8.346925799527806,7.513535645759223,7.591666221618652,6037,0.0,0.0
2012-09-25 00:00:00+08:00,8.112534932701388,8.112534932701388,7.813035488128662,7.813035488128662,7546,0.0,0.0
2012-09-26 00:00:00+08:00,7.604686713635179,8.216707956463226,7.604686713635179,8.099512100219727,6792,0.0,0.0
2012-09-27 00:00:00+08:00,8.047426669365972,8.294838905334473,7.747926290404811,8.294838905334473,33960,0.0,0.0
2012-09-28 00:00:00+08:00,8.294838504683193,8.64642513525591,8.294838504683193,8.594337463378906,52827,0.0,0.0
2012-10-01 00:00:00+08:00,8.802686561710665,8.802686561710665,8.737577438354492,8.737577438354492,23395,0.0,0.0
2012-10-02 00:00:00+08:00,8.216708032797518,8.216708032797518,8.138577461242676,8.138577461242676,55846,0.0,0.0
2012-10-03 00:00:00+08:00,8.138577871676642,8.138577871676642,7.578643798828125,7.578643798828125,41507,0.0,0.0
2012-10-04 00:00:00+08:00,7.591666193602414,7.591666193602414,7.057775020599365,7.057775020599365,202254,0.0,0.0
2012-10-05 00:00:00+08:00,6.9015138694571725,7.331231097898679,6.9015138694571725,7.057775020599365,17357,0.0,0.0
2012-10-08 00:00:00+08:00,7.227057484376341,7.292165671313295,7.031731986365969,7.240079402923584,31696,0.0,0.0
2012-10-09 00:00:00+08:00,6.9015137831532725,6.9015137831532725,6.745254039764404,6.745254039764404,74713,0.0,0.0
2012-10-11 00:00:00+08:00,6.3285587503256195,6.693166381096178,6.3285587503256195,6.497840881347656,26413,0.0,0.0
2012-10-12 00:00:00+08:00,6.667123477689459,6.849427527284929,6.237406253814697,6.237406253814697,7546,0.0,0.0
2012-10-15 00:00:00+08:00,6.263449058940833,6.45877549283057,6.263449058940833,6.445753574371338,5282,0.0,0.0
2012-10-16 00:00:00+08:00,6.4587755667774,6.484818935394287,6.224383843426153,6.484818935394287,6037,0.0,0.0
2012-10-17 00:00:00+08:00,6.289493345338422,6.693166255950928,6.289493345338422,6.693166255950928,7546,0.0,0.0
2012-10-18 00:00:00+08:00,6.6671235959266335,6.6671235959266335,6.302514553070068,6.302514553070068,1509,0.0,0.0
2012-10-19 00:00:00+08:00,6.016036588568582,6.39366755242371,6.016036588568582,6.315536975860596,17357,0.0,0.0
2012-10-22 00:00:00+08:00,6.4587755786526575,6.745254039764404,6.380645004058589,6.745254039764404,51318,0.0,0.0
2012-10-23 00:00:00+08:00,6.719209448218685,7.135905203537338,6.406688100329432,6.849427223205566,30941,0.0,0.0
2012-10-24 00:00:00+08:00,6.4717968243495925,6.888492584228516,6.4717968243495925,6.888492584228516,6792,0.0,0.0
2012-10-25 00:00:00+08:00,6.823384303755335,7.1359056721685805,6.6280583313471135,6.8364057540893555,19621,0.0,0.0
2012-10-26 00:00:00+08:00,6.510862276501065,6.927558047009626,6.471796989440918,6.471796989440918,12829,0.0,0.0
2012-10-29 00:00:00+08:00,6.198340734102716,6.8754706382751465,6.198340734102716,6.8754706382751465,17357,0.0,0.0
2012-10-30 00:00:00+08:00,7.161948926618397,7.161948926618397,6.901513832316211,7.031732082366943,13584,0.0,0.0
2012-10-31 00:00:00+08:00,6.901513670467002,6.901513670467002,6.693166255950928,6.693166255950928,6037,0.0,0.0
2012-11-01 00:00:00+08:00,6.667123254667676,6.940578851313768,6.5238840286343285,6.888492584228516,12829,0.0,0.0
2012-11-02 00:00:00+08:00,6.8754706382751465,6.8754706382751465,6.8754706382751465,6.8754706382751465,754,0.0,0.0
2012-11-05 00:00:00+08:00,6.445753574371338,6.836405504951313,6.406688287593391,6.445753574371338,13584,0.0,0.0
2012-11-06 00:00:00+08:00,6.120210481319841,6.549927711486816,6.02905892378716,6.549927711486816,4528,0.0,0.0
2012-11-07 00:00:00+08:00,6.628057909235197,6.628057909235197,6.510862052094095,6.602014541625977,3018,0.0,0.0
2012-11-08 00:00:00+08:00,6.588992906190235,6.588992906190235,6.497840881347656,6.497840881347656,2264,0.0,0.0
2012-11-09 00:00:00+08:00,6.25042826399446,6.549927711486816,6.25042826399446,6.549927711486816,9810,0.0,0.0
2012-11-12 00:00:00+08:00,6.575971138840557,6.575971138840557,6.289493159472074,6.328558444976807,3018,0.0,0.0
2012-11-13 00:00:00+08:00,6.328558444976807,6.328558444976807,6.328558444976807,6.328558444976807,0,0.0,0.0
2012-11-14 00:00:00+08:00,6.380645091052011,6.5369062423706055,6.380645091052011,6.5369062423706055,6792,0.0,0.0
2012-11-15 00:00:00+08:00,6.5108621259266855,6.641079902648926,6.5108621259266855,6.641079902648926,1509,0.0,0.0
2012-11-16 00:00:00+08:00,6.328558768844989,6.628058212975642,6.328558768844989,6.510862350463867,9810,0.0,0.0
2012-11-19 00:00:00+08:00,6.65410111317858,6.65410111317858,6.510862350463867,6.510862350463867,4528,0.0,0.0
2012-11-20 00:00:00+08:00,6.6671233918738935,6.849427439122846,6.510862244403646,6.706188678741455,6037,0.0,0.0
2012-11-21 00:00:00+08:00,6.510862328207904,6.823384158571256,6.237406253814697,6.237406253814697,9056,0.0,0.0
2012-11-22 00:00:00+08:00,6.56294955666902,6.56294955666902,6.510862350463867,6.510862350463867,8301,0.0,0.0
2012-11-23 00:00:00+08:00,6.654101015668002,6.745253976641064,6.654101015668002,6.719209671020508,5282,0.0,0.0
2012-11-26 00:00:00+08:00,6.693166255950928,6.693166255950928,6.693166255950928,6.693166255950928,754,0.0,0.0
2012-11-27 00:00:00+08:00,6.719209671020508,6.719209671020508,6.719209671020508,6.719209671020508,754,0.0,0.0
2012-11-28 00:00:00+08:00,6.693166255950928,6.693166255950928,6.693166255950928,6.693166255950928,754,0.0,0.0
2012-11-29 00:00:00+08:00,6.706188678741455,6.706188678741455,6.706188678741455,6.706188678741455,754,0.0,0.0
2012-11-30 00:00:00+08:00,6.693166501793003,6.8233842849731445,6.693166501793003,6.8233842849731445,6037,0.0,0.0
2012-12-03 00:00:00+08:00,6.745253945320312,6.953601360321045,6.745253945320312,6.953601360321045,2264,0.0,0.0
2012-12-04 00:00:00+08:00,6.927558175647142,7.057775020599365,6.927558175647142,7.057775020599365,2264,0.0,0.0
2012-12-05 00:00:00+08:00,7.018709510628299,7.018709510628299,6.940578937530518,6.940578937530518,20376,0.0,0.0
2012-12-06 00:00:00+08:00,6.771296742171681,6.992666540859721,6.628057984396779,6.641079902648926,21885,0.0,0.0
2012-12-07 00:00:00+08:00,6.771296865387723,6.810362152255284,6.706188678741455,6.706188678741455,29432,0.0,0.0
2012-12-10 00:00:00+08:00,6.8494275019196795,7.0187096322315385,6.8494275019196795,7.005687713623047,3773,0.0,0.0
2012-12-11 00:00:00+08:00,6.979644109224951,7.018709395130998,6.8754706382751465,6.8754706382751465,10565,0.0,0.0
2012-12-12 00:00:00+08:00,6.927557945251465,6.927557945251465,6.927557945251465,6.927557945251465,754,0.0,0.0
2012-12-13 00:00:00+08:00,7.083818288074486,7.083818288074486,6.510862304096451,7.005687713623047,25659,0.0,0.0
2012-12-14 00:00:00+08:00,6.992666599862084,6.992666599862084,6.927557945251465,6.927557945251465,23395,0.0,0.0
2012-12-17 00:00:00+08:00,6.5108624047509975,6.875470976828113,6.5108624047509975,6.5369062423706055,3773,0.0,0.0
2012-12-18 00:00:00+08:00,6.875470677222332,6.901513576507568,6.836405391094995,6.901513576507568,22640,0.0,0.0
2012-12-19 00:00:00+08:00,6.901513576507568,7.083818088901899,6.536905957518134,6.901513576507568,18112,0.0,0.0
2012-12-20 00:00:00+08:00,6.823383866983108,6.862448215484619,6.810361948882867,6.862448215484619,6792,0.0,0.0
2012-12-21 00:00:00+08:00,6.810362339019775,6.810362339019775,6.810362339019775,6.810362339019775,2264,0.0,0.0
2012-12-24 00:00:00+08:00,6.797340393066406,6.797340393066406,6.797340393066406,6.797340393066406,754,0.0,0.0
2012-12-25 00:00:00+08:00,6.745254050589809,6.758275032043457,6.6671234758703495,6.758275032043457,4528,0.0,0.0
2012-12-26 00:00:00+08:00,6.71920981750024,6.810362311860688,6.602014891350517,6.797340393066406,6037,0.0,0.0
2012-12-27 00:00:00+08:00,6.549927568683625,6.732231616973877,6.549927568683625,6.732231616973877,3018,0.0,0.0
2012-12-28 00:00:00+08:00,6.78431902341555,6.78431902341555,6.575971146222901,6.588992595672607,6792,0.0,0.0
2013-01-02 00:00:00+08:00,6.641079977077362,6.693166244870467,6.549927485490248,6.680145263671875,17357,0.0,0.0
2013-01-03 00:00:00+08:00,6.641080096505565,6.888492801720521,6.628058177873302,6.745254039764404,12074,0.0,0.0
2013-01-04 00:00:00+08:00,6.732231331083959,6.732231331083959,6.5759711265563965,6.5759711265563965,27168,0.0,0.0
2013-01-07 00:00:00+08:00,6.732231652532384,6.745254039764404,6.732231652532384,6.745254039764404,1509,0.0,0.0
2013-01-08 00:00:00+08:00,6.588992818138769,6.706188678741455,6.575971368249417,6.706188678741455,4528,0.0,0.0
2013-01-09 00:00:00+08:00,6.693166217207549,6.693166217207549,6.562949376763605,6.667123317718506,3773,0.0,0.0
2013-01-10 00:00:00+08:00,6.706188717046417,6.745254004137115,6.602014774337807,6.732231616973877,24149,0.0,0.0
2013-01-11 00:00:00+08:00,6.732231763142032,6.849427626958647,6.732231763142032,6.810362339019775,6792,0.0,0.0
2013-01-14 00:00:00+08:00,6.823384159886341,7.1359055217101695,6.6280581915965096,7.018709659576416,22640,0.0,0.0
2013-01-15 00:00:00+08:00,6.9926666581409505,6.9926666581409505,6.966622352600098,6.966622352600098,1509,0.0,0.0
2013-01-16 00:00:00+08:00,6.966622325365729,6.966622325365729,6.693166255950928,6.693166255950928,1509,0.0,0.0
2013-01-17 00:00:00+08:00,6.771296845020685,7.122883488571718,6.706188658570253,6.953601360321045,60374,0.0,0.0
2013-01-18 00:00:00+08:00,6.654100855891522,6.8754706536543715,6.602014588899851,6.628057956695557,7546,0.0,0.0
2013-01-21 00:00:00+08:00,6.771296977996826,6.771296977996826,6.771296977996826,6.771296977996826,1509,0.0,0.0
2013-01-22 00:00:00+08:00,6.615035872945273,6.797340393066406,6.510862396990069,6.797340393066406,24149,0.0,0.0
2013-01-23 00:00:00+08:00,6.536906163737755,6.758275032043457,6.536906163737755,6.758275032043457,3018,0.0,0.0
2013-01-24 00:00:00+08:00,6.745253955998487,7.109861581377155,6.732231568928186,6.966622352600098,20376,0.0,0.0
2013-01-25 00:00:00+08:00,6.9405789169506615,6.9405789169506615,6.667123317718506,6.667123317718506,10565,0.0,0.0
2013-01-28 00:00:00+08:00,6.745253890584618,6.927557935805886,6.667123317718506,6.667123317718506,3773,0.0,0.0
2013-01-29 00:00:00+08:00,6.797340346808394,6.797340346808394,6.771296977996826,6.771296977996826,3018,0.0,0.0
2013-01-30 00:00:00+08:00,6.380645135822585,6.719209872655673,6.380645135822585,6.5629496574401855,6792,0.0,0.0
2013-01-31 00:00:00+08:00,6.641080034357104,6.745253976641064,6.588992828915248,6.719209671020508,8301,0.0,0.0
2013-02-01 00:00:00+08:00,6.628058215233323,6.771296977996826,6.628058215233323,6.771296977996826,22640,0.0,0.0
2013-02-04 00:00:00+08:00,6.758275032043457,6.758275032043457,6.758275032043457,6.758275032043457,754,0.0,0.0
2013-02-05 00:00:00+08:00,6.719209872655673,6.719209872655673,6.5629496574401855,6.5629496574401855,1509,0.0,0.0
2013-02-06 00:00:00+08:00,6.56294933033553,6.641079902648926,6.549927412083384,6.641079902648926,3018,0.0,0.0
2013-02-18 00:00:00+08:00,6.641079902648926,6.641079902648926,6.641079902648926,6.641079902648926,5282,0.0,0.0
2013-02-19 00:00:00+08:00,6.628058105006331,6.888492725990408,6.628058105006331,6.706188678741455,21131,0.0,0.0
2013-02-20 00:00:00+08:00,6.706188678741455,6.823384070744389,6.706188678741455,6.706188678741455,5282,0.0,0.0
2013-02-21 00:00:00+08:00,6.797340346808394,6.797340346808394,6.7582750592911625,6.771296977996826,12074,0.0,0.0
2013-02-22 00:00:00+08:00,6.810362265514057,6.810362265514057,6.771296977996826,6.771296977996826,7546,0.0,0.0
2013-02-25 00:00:00+08:00,6.771296865387723,6.771296865387723,6.523884162892751,6.706188678741455,110938,0.0,0.0
2013-02-26 00:00:00+08:00,6.758274957951962,6.758274957951962,6.615035728736548,6.719209671020508,11320,0.0,0.0
2013-02-27 00:00:00+08:00,6.719209433168343,6.745253737866962,6.588992595672607,6.588992595672607,6792,0.0,0.0
2013-03-01 00:00:00+08:00,6.693166093958383,6.693166093958383,6.602014541625977,6.602014541625977,8301,0.0,0.0
2013-03-04 00:00:00+08:00,6.693166428641786,6.693166428641786,6.523884296417236,6.523884296417236,7546,0.0,0.0
2013-03-05 00:00:00+08:00,6.628057984396779,6.641079902648926,6.575971248587677,6.641079902648926,12829,0.0,0.0
2013-03-06 00:00:00+08:00,6.628057984396779,6.641079902648926,6.628057984396779,6.641079902648926,7546,0.0,0.0
2013-03-07 00:00:00+08:00,6.628057984396779,6.641079902648926,6.628057984396779,6.641079902648926,2264,0.0,0.0
2013-03-08 00:00:00+08:00,6.641080008261076,6.641080008261076,6.445753574371338,6.445753574371338,52827,0.0,0.0
2013-03-11 00:00:00+08:00,6.510862350463867,6.510862350463867,6.510862350463867,6.510862350463867,3018,0.0,0.0
2013-03-12 00:00:00+08:00,6.562949376763605,6.693166217207549,6.562949376763605,6.667123317718506,49054,0.0,0.0
2013-03-13 00:00:00+08:00,7.122883319854736,7.122883319854736,7.122883319854736,7.122883319854736,90561,0.0,0.0
2013-03-14 00:00:00+08:00,7.617708683013916,7.617708683013916,7.617708683013916,7.617708683013916,128600,0.0,0.0
2013-03-15 00:00:00+08:00,8.138577461242676,8.138577461242676,8.138577461242676,8.138577461242676,26451,0.0,0.0
2013-03-18 00:00:00+08:00,8.698512077331543,8.698512077331543,8.464121297094321,8.698512077331543,735111,0.0,0.0
2013-03-19 00:00:00+08:00,8.13857742193644,8.659447584053291,8.09951213634769,8.112534523010254,283760,0.0,0.0
2013-03-20 00:00:00+08:00,7.74792611341072,8.138577570636622,7.617708804802171,7.682817459106445,176799,0.0,0.0
2013-03-21 00:00:00+08:00,8.00836132510955,8.00836132510955,7.708860948282401,7.747926235198975,45280,0.0,0.0
2013-03-22 00:00:00+08:00,7.904187110949614,7.904187110949614,7.227057641011803,7.331231117248535,92414,0.0,0.0
2013-03-25 00:00:00+08:00,7.357274468096985,7.839078903198242,7.357274468096985,7.839078903198242,63393,0.0,0.0
2013-03-26 00:00:00+08:00,8.346925400539874,8.346925400539874,7.552600572670198,7.656774044036865,61129,0.0,0.0
2013-03-27 00:00:00+08:00,7.800013442720377,7.800013442720377,7.487492084503174,7.487492084503174,28866,0.0,0.0
2013-03-28 00:00:00+08:00,7.813035486140325,7.813035486140325,7.552600860595703,7.552600860595703,27182,0.0,0.0
2013-03-29 00:00:00+08:00,7.552600887785059,7.7869912081394554,7.305187711467125,7.565622806549072,66411,0.0,0.0
2013-04-01 00:00:00+08:00,8.086491584777832,8.086491584777832,7.773969770186646,8.086491584777832,202670,0.0,0.0
2013-04-02 00:00:00+08:00,7.943252304601328,7.943252304601328,7.5395784488739155,7.800013542175293,86033,0.0,0.0
2013-04-03 00:00:00+08:00,7.734904969141512,7.852099895477295,7.695839681296409,7.852099895477295,49808,0.0,0.0
2013-04-08 00:00:00+08:00,7.813035295128528,7.813035295128528,7.435404816161219,7.461447715759277,26836,0.0,0.0
2013-04-09 00:00:00+08:00,7.461447632719038,7.9823173338770195,7.461447632719038,7.917209148406982,163011,0.0,0.0
2013-04-10 00:00:00+08:00,7.669796369309178,7.891165228486789,7.370296001434326,7.370296001434326,348662,0.0,0.0
2013-04-11 00:00:00+08:00,7.331230930554104,7.4744701596315775,7.227057456970215,7.227057456970215,29432,0.0,0.0
2013-04-12 00:00:00+08:00,7.318209949255745,7.4223834228396335,7.227057456970215,7.227057456970215,29432,0.0,0.0
2013-04-15 00:00:00+08:00,7.305187467116778,7.305187467116778,7.174970626831055,7.174970626831055,5282,0.0,0.0
2013-04-16 00:00:00+08:00,7.318210089526173,7.344252989821565,7.16194893895573,7.305187702178955,8152,0.0,0.0
2013-04-17 00:00:00+08:00,7.33123104372245,7.33123104372245,7.292165756225586,7.292165756225586,4737,0.0,0.0
2013-04-18 00:00:00+08:00,7.344252876902514,7.38331816394449,7.240079402923584,7.240079402923584,5282,0.0,0.0
2013-04-19 00:00:00+08:00,7.357274055480957,7.357274055480957,6.914535870201153,7.357274055480957,112447,0.0,0.0
2013-04-22 00:00:00+08:00,7.344252989821565,7.344252989821565,6.979644419490135,7.305187702178955,15093,0.0,0.0
2013-04-23 00:00:00+08:00,7.031731841094231,7.253100234426232,7.031731841094231,7.1619486808776855,4528,0.0,0.0
2013-04-24 00:00:00+08:00,7.253100281105068,7.305187485953412,6.927557945251465,6.927557945251465,33960,0.0,0.0
2013-04-25 00:00:00+08:00,7.109861656691714,7.240079436977364,7.005687713623047,7.005687713623047,15848,0.0,0.0
2013-04-26 00:00:00+08:00,7.148926762599468,7.240079253347502,7.0968400266860865,7.1619486808776855,15183,0.0,0.0
2013-04-29 00:00:00+08:00,7.161948708502609,7.174970626831055,7.005687562960249,7.174970626831055,2264,0.0,0.0
2013-04-30 00:00:00+08:00,7.214034920264123,7.214034920264123,7.044752794901091,7.148926734924316,3851,0.0,0.0
2013-05-02 00:00:00+08:00,7.187992295468687,7.187992295468687,6.9405791198915265,7.031732082366943,10565,0.0,0.0
2013-05-03 00:00:00+08:00,6.901513697446844,6.966622352600098,6.901513697446844,6.966622352600098,9056,0.0,0.0
2013-05-06 00:00:00+08:00,7.096839924410551,7.109861373901367,7.096839924410551,7.109861373901367,6046,0.0,0.0
2013-05-07 00:00:00+08:00,6.940579191986523,7.070797443389893,6.940579191986523,7.070797443389893,2264,0.0,0.0
2013-05-08 00:00:00+08:00,7.135905579133514,7.565622806549072,7.135905579133514,7.565622806549072,146819,0.0,0.0
2013-05-09 00:00:00+08:00,7.539578352739706,7.539578352739706,7.357274305212962,7.487492084503174,73820,0.0,0.0
2013-05-10 00:00:00+08:00,7.422383453410732,8.008361353432496,7.422383453410732,7.760948181152344,190823,0.0,0.0
2013-05-13 00:00:00+08:00,7.995339070016628,8.021382907457525,7.526557493676624,7.813035488128662,190934,0.0,0.0
2013-05-14 00:00:00+08:00,7.813035246461488,8.359946912408228,7.813035246461488,7.943252086639404,113202,0.0,0.0
2013-05-15 00:00:00+08:00,7.930230908744323,7.930230908744323,7.552600887785059,7.565622806549072,78690,0.0,0.0
2013-05-16 00:00:00+08:00,7.813035504333372,7.813035504333372,7.292165783431498,7.305187702178955,83016,0.0,0.0
2013-05-17 00:00:00+08:00,7.292165768307103,7.813035488128662,7.292165768307103,7.813035488128662,319246,0.0,0.0
2013-05-20 00:00:00+08:00,8.333904006372068,8.35994690578728,7.734904667629069,8.203685760498047,287533,0.0,0.0
2013-05-21 00:00:00+08:00,8.203685411638368,8.203685411638368,7.917208844255927,8.008360862731934,109427,0.0,0.0
2013-05-22 00:00:00+08:00,8.00836120962798,8.00836120962798,7.826056227579661,7.943252086639404,166784,0.0,0.0
2013-05-23 00:00:00+08:00,7.878143787384033,7.930230522705012,7.7088607260915065,7.878143787384033,64735,0.0,0.0
2013-05-24 00:00:00+08:00,7.695839054043122,8.060447596546872,7.383317713954036,8.008360862731934,83014,0.0,0.0
2013-05-27 00:00:00+08:00,7.682817706723452,8.138577832942767,7.682817706723452,7.813035488128662,122635,0.0,0.0
2013-05-28 00:00:00+08:00,7.578643691143546,8.008361381660556,7.578643691143546,7.773970127105713,45303,0.0,0.0
2013-05-29 00:00:00+08:00,7.578643691143546,8.073469568848271,7.578643691143546,7.773970127105713,95089,0.0,0.0
2013-05-30 00:00:00+08:00,7.773970072209859,8.00836132510955,7.669796598565331,7.747926235198975,47544,0.0,0.0
2013-05-31 00:00:00+08:00,7.813035246461488,7.943252086639404,7.565622547223828,7.943252086639404,63433,0.0,0.0
2013-06-03 00:00:00+08:00,7.813035311917207,7.943252153186049,7.7218828201293945,7.7218828201293945,112144,0.0,0.0
2013-06-04 00:00:00+08:00,7.721882685499588,7.8520995244981195,7.214034904706479,7.396339416503906,105655,0.0,0.0
2013-06-05 00:00:00+08:00,7.669796535740719,7.813035295128528,7.370296161366829,7.461447715759277,40961,0.0,0.0
2013-06-06 00:00:00+08:00,7.617708696844351,7.6437520644770265,7.344252633801651,7.370296001434326,30941,0.0,0.0
2013-06-07 00:00:00+08:00,7.578643639666794,7.578643639666794,6.966622373141583,7.487492084503174,57355,0.0,0.0
2013-06-10 00:00:00+08:00,7.813035525313185,7.813035525313185,7.578643798828125,7.578643798828125,28677,0.0,0.0
2013-06-11 00:00:00+08:00,7.344252661491526,7.708860746923133,7.344252661491526,7.383317947387695,13912,0.0,0.0
2013-06-13 00:00:00+08:00,7.396339518562345,7.448426723480225,7.357274232023872,7.448426723480225,21885,0.0,0.0
2013-06-14 00:00:00+08:00,7.357274185524857,7.4223833084106445,7.357274185524857,7.4223833084106445,6792,0.0,0.0
2013-06-17 00:00:00+08:00,7.305187702178955,7.305187702178955,7.305187702178955,7.305187702178955,8428,0.0,0.0
2013-06-18 00:00:00+08:00,7.305187613734488,7.513535499572754,7.292165695144689,7.513535499572754,5282,0.0,0.0
2013-06-19 00:00:00+08:00,7.513535499572754,7.513535499572754,7.513535499572754,7.513535499572754,5282,0.0,0.0
2013-06-20 00:00:00+08:00,7.240079413835276,7.422383462172912,7.240079413835276,7.253100395202637,6792,0.0,0.0
2013-06-21 00:00:00+08:00,7.253100217874239,7.409361362457275,7.253100217874239,7.409361362457275,22640,0.0,0.0
2013-06-24 00:00:00+08:00,7.2010141997325015,7.396339700017305,7.2010141997325015,7.292165756225586,64165,0.0,0.0
2013-06-25 00:00:00+08:00,7.174970599155903,7.174970599155903,7.1619486808776855,7.1619486808776855,6792,0.0,0.0
2013-06-26 00:00:00+08:00,7.0707970058755425,7.096839904785156,6.901513476965697,7.096839904785156,10565,0.0,0.0
2013-06-27 00:00:00+08:00,7.096840255940783,7.292165756225586,7.096840255940783,7.292165756225586,21138,0.0,0.0
2013-06-28 00:00:00+08:00,7.292165829359879,7.552600925750999,7.227057641011803,7.331231117248535,246780,0.0,0.0
2013-07-01 00:00:00+08:00,7.344252782725704,7.839078652179388,7.344252782725704,7.708860874176025,418847,0.0,0.0
2013-07-02 00:00:00+08:00,7.656774211460137,7.800013440620991,7.44842679557133,7.747926235198975,112447,0.0,0.0
2013-07-03 00:00:00+08:00,7.422383462172912,7.656774247578515,7.240079413835276,7.253100395202637,75468,0.0,0.0
2013-07-04 00:00:00+08:00,7.422383547823393,7.552600860595703,7.2661228662165716,7.552600860595703,37734,0.0,0.0
2013-07-05 00:00:00+08:00,7.552600925750999,7.578643826210419,7.292165829359879,7.331231117248535,95089,0.0,0.0
2013-07-08 00:00:00+08:00,7.4484269700759125,7.4484269700759125,7.305187737559195,7.318210124969482,20376,0.0,0.0
2013-07-09 00:00:00+08:00,7.357274251263662,7.513535397826186,6.966622322056849,7.201014041900635,17357,0.0,0.0
2013-07-10 00:00:00+08:00,7.26612266892918,7.500512982075683,7.0707971736738875,7.187992095947266,32451,0.0,0.0
2013-07-11 00:00:00+08:00,7.20101417780678,7.20101417780678,6.706188766352345,7.018709659576416,35470,0.0,0.0
2013-07-12 00:00:00+08:00,7.083818080984768,7.344252696742962,7.083818080984768,7.148926734924316,3773,0.0,0.0
2013-07-15 00:00:00+08:00,7.318209901822528,7.474470111185555,7.0317319141241486,7.201014041900635,15848,0.0,0.0
2013-07-16 00:00:00+08:00,7.305187375595357,7.539578153772893,7.305187375595357,7.383317947387695,49813,0.0,0.0
2013-07-17 00:00:00+08:00,7.383317891614831,7.539578096819653,7.33123068794682,7.357274055480957,26549,0.0,0.0
2013-07-18 00:00:00+08:00,7.2531005490943805,7.591666221618652,7.2531005490943805,7.591666221618652,14894,0.0,0.0
2013-07-19 00:00:00+08:00,7.487491982251571,7.591665923101257,7.4354047775268555,7.4354047775268555,15477,0.0,0.0
2013-07-22 00:00:00+08:00,7.30518745158155,7.682817459106445,7.30518745158155,7.682817459106445,22640,0.0,0.0
2013-07-23 00:00:00+08:00,7.552600664716235,7.7088608736706306,7.383318068782685,7.448426723480225,28818,0.0,0.0
2013-07-24 00:00:00+08:00,7.461447778885528,7.682817581939112,7.461447778885528,7.487492084503174,6792,0.0,0.0
2013-07-25 00:00:00+08:00,7.2010140927659485,7.747926235198975,7.2010140927659485,7.747926235198975,62638,0.0,0.0
2013-07-26 00:00:00+08:00,7.747926324700502,7.747926324700502,7.513535537692957,7.539578437805176,48299,0.0,0.0
2013-07-29 00:00:00+08:00,7.656774335933744,7.682817704768254,7.526557491761193,7.552600860595703,21885,0.0,0.0
2013-07-30 00:00:00+08:00,7.813035224928197,7.813035224928197,7.383318013426297,7.669796466827393,12486,0.0,0.0
2013-07-31 00:00:00+08:00,7.461447898175519,7.682817704768254,7.461447898175519,7.552600860595703,6792,0.0,0.0
2013-08-01 00:00:00+08:00,7.6958394238909715,7.7088608736706306,7.448426723480225,7.448426723480225,5282,0.0,0.0
2013-08-02 00:00:00+08:00,7.747925989540613,7.813035111403699,7.461447540302089,7.617708683013916,79272,0.0,0.0
2013-08-05 00:00:00+08:00,7.552600498350304,7.9432519493306595,7.552600498350304,7.617708683013916,50563,0.0,0.0
2013-08-06 00:00:00+08:00,7.7218824209505925,8.073469045700746,7.617708484720988,8.008360862731934,52827,0.0,0.0
2013-08-07 00:00:00+08:00,8.008361247599005,8.008361247599005,7.448426723480225,7.448426723480225,186406,0.0,0.0
2013-08-08 00:00:00+08:00,7.409361532439222,7.461447800828934,7.187992197334365,7.240079402923584,26413,0.0,0.0
2013-08-09 00:00:00+08:00,7.35727441252044,7.526557481206772,7.187992281033627,7.292165756225586,33590,0.0,0.0
2013-08-12 00:00:00+08:00,7.4744701596315775,7.4744701596315775,7.227057456970215,7.227057456970215,7738,0.0,0.0
2013-08-13 00:00:00+08:00,7.539578305153518,7.7218828201293945,7.292165603843095,7.7218828201293945,281686,0.0,0.0
2013-08-14 00:00:00+08:00,7.682817607042874,7.878144042316548,7.6177089514849,7.760948181152344,95844,0.0,0.0
2013-08-15 00:00:00+08:00,7.682817411878532,7.878143842190387,7.513535286607827,7.656774044036865,21131,0.0,0.0
2013-08-16 00:00:00+08:00,7.786991053515797,7.813035359126433,7.5526007378156095,7.747926235198975,24149,0.0,0.0
2013-08-19 00:00:00+08:00,7.500513187635967,7.878144144531387,7.500513187635967,7.813035488128662,25659,0.0,0.0
2013-08-20 00:00:00+08:00,7.800013215802827,8.138577463988927,7.800013215802827,7.878143787384033,212217,0.0,0.0
2013-08-22 00:00:00+08:00,7.813035637919981,8.425056457519531,7.643752565707695,8.425056457519531,385417,0.0,0.0
2013-08-23 00:00:00+08:00,9.011034965515137,9.011034965515137,8.88081671127175,9.011034965515137,768509,0.0,0.0
2013-08-26 00:00:00+08:00,9.623054509530602,9.623054509530602,8.945924143382692,9.11520767211914,300126,0.0,0.0
2013-08-27 00:00:00+08:00,9.115208006771862,9.323554954282427,8.932903959100365,9.29751205444336,278696,0.0,0.0
2013-08-28 00:00:00+08:00,9.219381697738394,9.935577392578125,9.115208221528755,9.935577392578125,667155,0.0,0.0
2013-08-29 00:00:00+08:00,10.026728286755514,10.62572810633391,10.026728286755514,10.352272033691406,605266,0.0,0.0
2013-08-30 00:00:00+08:00,10.70385821147802,10.70385821147802,9.662119766456552,10.117879867553711,375838,0.0,0.0
2013-09-02 00:00:00+08:00,10.287163751755486,10.821053504943848,10.104858767808862,10.821053504943848,708917,0.0,0.0
2013-09-03 00:00:00+08:00,10.80803249069616,11.068466184260329,10.716879526449278,11.055445671081543,426435,0.0,0.0
2013-09-04 00:00:00+08:00,10.938249306598316,11.04242277926705,10.57364027785876,10.781989097595215,324142,0.0,0.0
2013-09-05 00:00:00+08:00,10.74292403380893,11.094510682855743,10.690836359194982,10.912205696105957,165292,0.0,0.0
2013-09-06 00:00:00+08:00,10.9122059941923,10.9122059941923,10.547597885131836,10.547597885131836,274275,0.0,0.0
2013-09-09 00:00:00+08:00,10.482488109109518,10.912205317987627,10.31320645267826,10.703858375549316,291700,0.0,0.0
2013-09-10 00:00:00+08:00,10.808032422497199,10.808032422497199,10.417380478816662,10.495511054992676,156535,0.0,0.0
2013-09-11 00:00:00+08:00,10.547597812266856,10.664793676740766,10.365292821796485,10.508532524108887,115466,0.0,0.0
2013-09-12 00:00:00+08:00,10.456445894865594,10.808032554760672,10.443423507210543,10.573640823364258,159648,0.0,0.0
2013-09-13 00:00:00+08:00,10.417379888829428,10.808031810385435,10.417379888829428,10.690835952758789,80016,0.0,0.0
2013-09-16 00:00:00+08:00,10.677815238606957,10.808032554760672,10.391337705388509,10.573640823364258,505713,0.0,0.0
2013-09-17 00:00:00+08:00,10.417380550940212,10.612706055533028,10.417380550940212,10.534576416015625,149165,0.0,0.0
2013-09-18 00:00:00+08:00,10.547597309348747,11.263792037963867,10.547597309348747,11.263792037963867,694188,0.0,0.0
2013-09-23 00:00:00+08:00,11.719552643611022,12.045096397399902,11.45911801545973,12.045096397399902,958571,0.0,0.0
2013-09-24 00:00:00+08:00,12.500856136670128,12.878485679626465,12.370639763871011,12.878485679626465,635291,0.0,0.0
2013-09-25 00:00:00+08:00,13.086833830291814,13.73792039357981,12.956616517634217,13.542593955993652,1478217,0.0,0.0
2013-09-26 00:00:00+08:00,13.73791966019022,13.803027844443504,12.605029194267656,13.151942253112793,784943,0.0,0.0
2013-09-27 00:00:00+08:00,14.063464164733887,14.063464164733887,13.672812226180248,14.063464164733887,699839,0.0,0.0
2013-09-30 00:00:00+08:00,14.974984281029188,15.040092468261719,13.67281210158298,15.040092468261719,2494287,0.0,0.0
2013-10-01 00:00:00+08:00,15.495853663451873,16.01672291467367,14.323897848202828,15.626070976257324,1359357,0.0,0.0
2013-10-02 00:00:00+08:00,15.626070968019926,16.667808532714844,15.235419029809512,16.667808532714844,711147,0.0,0.0
2013-10-03 00:00:00+08:00,17.188677915370906,17.774656295776367,17.188677915370906,17.774656295776367,562641,0.0,0.0
2013-10-04 00:00:00+08:00,19.011719042874464,19.011719042874464,17.188676771870472,18.165306091308594,1702852,0.0,0.0
2013-10-07 00:00:00+08:00,16.92824363708496,16.92824363708496,16.92824363708496,16.92824363708496,58865,0.0,0.0
2013-10-08 00:00:00+08:00,15.756287574768066,15.756287574768066,15.756287574768066,15.756287574768066,3018,0.0,0.0
2013-10-09 00:00:00+08:00,14.71454906463623,14.974983677468664,14.71454906463623,14.71454906463623,724493,0.0,0.0
2013-10-11 00:00:00+08:00,14.714549521637373,14.714549521637373,13.737920161783547,13.933245658874512,611023,0.0,0.0
2013-10-14 00:00:00+08:00,14.323897382532948,14.844766616821289,14.063463702588267,14.844766616821289,199715,0.0,0.0
2013-10-15 00:00:00+08:00,14.714549093032115,15.30052744163564,14.193679866362082,15.235418319702148,237066,0.0,0.0
2013-10-16 00:00:00+08:00,15.105201142358538,15.300527572631836,14.909875649284725,15.300527572631836,70389,0.0,0.0
2013-10-17 00:00:00+08:00,16.21204744508067,16.342263812893872,16.01672195616141,16.14693832397461,166398,0.0,0.0
2013-10-18 00:00:00+08:00,15.756288280756731,16.667808532714844,15.756288280756731,16.667808532714844,148699,0.0,0.0
2013-10-21 00:00:00+08:00,17.25378582291897,17.25378582291897,16.928242092962357,17.123567581176758,159126,0.0,0.0
2013-10-22 00:00:00+08:00,17.12356802282272,17.579328131877457,16.34226417541504,16.34226417541504,716556,0.0,0.0
2013-10-23 00:00:00+08:00,15.62607037348802,16.60269877605657,15.300527572631836,15.300527572631836,607211,0.0,0.0
2013-10-24 00:00:00+08:00,15.300527547851823,15.300527547851823,14.519223702422966,14.779658317565918,335429,0.0,0.0
2013-10-25 00:00:00+08:00,13.803028253061166,14.909875852928744,13.803028253061166,14.389006614685059,653399,0.0,0.0
2013-10-28 00:00:00+08:00,13.672812101250443,14.454115971218872,13.672812101250443,13.9983549118042,379655,0.0,0.0
2013-10-29 00:00:00+08:00,14.193679913690337,14.32389722079205,13.672811622482966,13.737919807434082,312437,0.0,0.0
2013-10-30 00:00:00+08:00,13.803028694749933,14.64944076538086,13.803028694749933,14.64944076538086,230587,0.0,0.0
2013-10-31 00:00:00+08:00,15.626070976257324,15.626070976257324,15.235419037840975,15.626070976257324,382197,0.0,0.0
2013-11-01 00:00:00+08:00,15.62607073486612,15.951613543251007,15.36563611327841,15.495853424072266,600002,0.0,0.0
2013-11-04 00:00:00+08:00,15.365635757923279,16.146938667418016,15.235418450140909,15.300527572631836,356704,0.0,0.0
2013-11-05 00:00:00+08:00,15.62607048938354,15.821396921105535,15.300527686112869,15.365635871887207,220781,0.0,0.0
2013-11-06 00:00:00+08:00,15.495852903133533,15.560961087741905,14.323897145387578,14.71454906463623,424130,0.0,0.0
2013-11-07 00:00:00+08:00,14.389007075124788,15.040092706564254,14.389007075124788,14.64944076538086,211378,0.0,0.0
2013-11-08 00:00:00+08:00,15.49585306570565,15.62607037348802,15.105201142358538,15.300527572631836,507322,0.0,0.0
2013-11-11 00:00:00+08:00,15.300527665423331,15.300527665423331,14.844766616821289,14.844766616821289,198407,0.0,0.0
2013-11-12 00:00:00+08:00,14.84476720457232,15.105201832027916,14.45411620058845,14.64944076538086,125277,0.0,0.0
2013-11-13 00:00:00+08:00,15.300528037291656,15.300528037291656,14.454115979601411,14.519224166870117,73958,0.0,0.0
2013-11-14 00:00:00+08:00,14.844766870102987,15.495853424072266,14.519224061718102,15.495853424072266,197469,0.0,0.0
2013-11-15 00:00:00+08:00,16.53759230072331,16.53759230072331,15.560961978120398,15.691180229187012,257771,0.0,0.0
2013-11-18 00:00:00+08:00,15.365636459483513,15.69118021240277,14.64944076538086,14.64944076538086,251504,0.0,0.0
2013-11-19 00:00:00+08:00,14.389007075124788,15.300528271219376,14.389007075124788,14.64944076538086,127608,0.0,0.0
2013-11-20 00:00:00+08:00,14.714549786619175,15.626070976257324,14.714549786619175,15.626070976257324,571243,0.0,0.0
2013-11-21 00:00:00+08:00,15.495853424072266,15.951613543251007,15.300527926481234,15.495853424072266,344134,0.0,0.0
2013-11-22 00:00:00+08:00,15.495853446355241,16.5375919342041,15.430744322264935,16.5375919342041,671537,0.0,0.0
2013-11-25 00:00:00+08:00,17.058460465762714,17.644436934907905,16.53759124358992,17.188676834106445,647514,0.0,0.0
2013-11-26 00:00:00+08:00,17.12356819681576,17.449111938476562,16.73291720634199,17.449111938476562,268042,0.0,0.0
2013-11-27 00:00:00+08:00,17.449112409135672,17.449112409135672,16.407373907241237,16.667808532714844,228743,0.0,0.0
2013-11-28 00:00:00+08:00,16.14693881047265,16.928242664088874,16.14693881047265,16.407373428344727,283114,0.0,0.0
2013-11-29 00:00:00+08:00,16.342264418524216,16.732917285238933,15.951613426208496,15.951613426208496,153260,0.0,0.0
2013-12-02 00:00:00+08:00,16.667808177618586,17.058461044705926,16.016722565005015,16.472482681274414,595598,0.0,0.0
2013-12-03 00:00:00+08:00,16.277158112985596,17.188678397495462,16.277158112985596,16.99335289001465,277284,0.0,0.0
2013-12-04 00:00:00+08:00,16.732918131053793,17.253787396736296,16.602699877433626,16.92824363708496,191251,0.0,0.0
2013-12-05 00:00:00+08:00,16.667808177618586,16.667808177618586,16.277157184930243,16.472482681274414,78486,0.0,0.0
2013-12-06 00:00:00+08:00,16.472482527646875,16.472482527646875,15.365635871887207,15.365635871887207,335206,0.0,0.0
2013-12-09 00:00:00+08:00,15.365636350646424,15.886504664668703,15.105201725035524,15.626070976257324,209046,0.0,0.0
2013-12-10 00:00:00+08:00,15.626071087098483,15.886504777357208,15.170310020446777,15.170310020446777,38488,0.0,0.0
2013-12-11 00:00:00+08:00,14.649439942828385,15.560961087741905,14.584331758220012,14.71454906463623,75698,0.0,0.0
2013-12-12 00:00:00+08:00,14.714549778862294,15.105201717072708,14.584332466125488,14.584332466125488,167539,0.0,0.0
2013-12-13 00:00:00+08:00,14.323897949807218,15.235419145911102,14.323897949807218,15.170310020446777,241745,0.0,0.0
2013-12-16 00:00:00+08:00,15.495852933037165,15.495852933037165,15.170309197768656,15.235418319702148,53882,0.0,0.0
2013-12-17 00:00:00+08:00,15.235418372859243,16.277156829833984,15.1052010657374,16.277156829833984,407120,0.0,0.0
2013-12-18 00:00:00+08:00,16.277157036811285,16.277157036811285,15.756287801700637,15.886504173278809,224140,0.0,0.0
2013-12-19 00:00:00+08:00,15.756287705108322,15.886504075888215,15.36563578117019,15.821396827697754,82260,0.0,0.0
2013-12-20 00:00:00+08:00,15.365636350646424,16.01672291467367,15.30052816284346,15.626070976257324,52072,0.0,0.0
2013-12-23 00:00:00+08:00,15.886504051853276,15.886504051853276,15.170309327649981,15.300527572631836,26413,0.0,0.0
2013-12-24 00:00:00+08:00,15.10520101303464,15.626070239704674,15.10520101303464,15.235418319702148,125317,0.0,0.0
2013-12-25 00:00:00+08:00,15.30052744163564,15.626070239704674,14.974983706367132,15.235418319702148,132069,0.0,0.0
2013-12-26 00:00:00+08:00,14.974983706367132,15.626070239704674,14.974983706367132,15.235418319702148,34715,0.0,0.0
2013-12-27 00:00:00+08:00,15.105201721191406,15.300528158949632,15.105201721191406,15.105201721191406,38162,0.0,0.0
2013-12-30 00:00:00+08:00,14.974983925393374,15.10520123396546,14.649440185363417,14.844766616821289,123013,0.0,0.0
2013-12-31 00:00:00+08:00,14.714549782874474,15.105201721191406,14.714549782874474,15.105201721191406,74370,0.0,0.0
2014-01-02 00:00:00+08:00,15.10520123396546,15.10520123396546,14.77965843113499,14.844766616821289,61230,0.0,0.0
2014-01-03 00:00:00+08:00,14.323897145387578,15.105200983884881,14.323897145387578,14.71454906463623,98108,0.0,0.0
2014-01-06 00:00:00+08:00,14.714549778862294,14.974984404335903,14.454116090588203,14.584332466125488,52148,0.0,0.0
2014-01-07 00:00:00+08:00,14.584332577116722,14.714549890844522,14.193680635933328,14.64944076538086,106410,0.0,0.0
2014-01-08 00:00:00+08:00,14.323897949661127,15.170310020292051,14.323897949661127,14.64944076538086,123588,0.0,0.0
2014-01-09 00:00:00+08:00,14.714549778862294,14.714549778862294,14.454116090588203,14.584332466125488,100535,0.0,0.0
2014-01-10 00:00:00+08:00,14.649439942828385,14.71454906463623,14.454115389003269,14.71454906463623,77634,0.0,0.0
2014-01-13 00:00:00+08:00,14.844766969003576,14.844766969003576,13.73792028848139,13.9983549118042,432432,0.0,0.0
2014-01-14 00:00:00+08:00,13.933245658874512,14.06346390653449,13.803028348414035,13.933245658874512,76222,0.0,0.0
2014-01-15 00:00:00+08:00,14.063464275649913,14.584332593963241,13.998355150111044,14.128572463989258,54714,0.0,0.0
2014-01-16 00:00:00+08:00,14.128571625096807,14.323897115716795,14.128571625096807,14.193679809570312,89450,0.0,0.0
2014-01-17 00:00:00+08:00,14.258789176163516,14.454115607338057,14.193680053372173,14.323897361755371,46790,0.0,0.0
2014-01-20 00:00:00+08:00,15.300527572631836,15.300527572631836,15.300527572631836,15.300527572631836,144770,0.0,0.0
2014-01-21 00:00:00+08:00,16.34226417541504,16.34226417541504,16.081831434011445,16.34226417541504,875807,0.0,0.0
2014-01-22 00:00:00+08:00,16.081832039676158,16.212048415282087,15.365636350646424,15.626070976257324,277722,0.0,0.0
2014-01-23 00:00:00+08:00,15.691180212562807,15.886504777357208,14.714549890994597,15.170310020446777,236291,0.0,0.0
2014-01-24 00:00:00+08:00,14.454115863444013,15.170309666442286,14.454115863444013,14.974984169006348,66411,0.0,0.0
2014-01-27 00:00:00+08:00,14.584331758220012,14.844766371052447,14.584331758220012,14.71454906463623,72105,0.0,0.0
2014-02-05 00:00:00+08:00,13.737920401936018,14.584332466125488,13.737920401936018,14.584332466125488,63393,0.0,0.0
2014-02-06 00:00:00+08:00,14.584332353915428,15.560961723327637,14.454115979380012,15.560961723327637,112845,0.0,0.0
2014-02-07 00:00:00+08:00,15.756288159318725,16.602699279785156,15.495853535852357,16.602699279785156,790264,0.0,0.0
2014-02-10 00:00:00+08:00,16.6026987912176,16.6026987912176,16.14693868216286,16.34226417541504,146574,0.0,0.0
2014-02-11 00:00:00+08:00,16.27715709265626,17.449111938476562,16.27715709265626,17.449111938476562,610859,0.0,0.0
2014-02-12 00:00:00+08:00,17.83976218391398,17.83976218391398,16.92824199461005,17.058460235595703,221876,0.0,0.0
2014-02-13 00:00:00+08:00,17.44911280635984,17.44911280635984,16.798025290654472,16.863136291503906,204473,0.0,0.0
2014-02-14 00:00:00+08:00,16.863136131457054,17.18867801182096,16.60269962812743,16.798025131225586,114711,0.0,0.0
2014-02-17 00:00:00+08:00,16.6026986171562,17.774655313180503,16.6026986171562,17.253786087036133,262695,0.0,0.0
2014-02-18 00:00:00+08:00,17.058460235595703,17.3188948431681,16.99335111510288,17.058460235595703,97385,0.0,0.0
2014-02-19 00:00:00+08:00,17.058462017307953,17.058462017307953,16.667809127947223,16.99335289001465,96631,0.0,0.0
2014-02-20 00:00:00+08:00,16.99335267000553,17.579329184861464,16.602699785702494,16.863136291503906,172821,0.0,0.0
2014-02-21 00:00:00+08:00,16.863136291503906,17.18867817495751,16.863136291503906,16.863136291503906,227913,0.0,0.0
2014-02-24 00:00:00+08:00,16.79802545046738,18.03508949279785,16.79802545046738,18.03508949279785,736186,0.0,0.0
2014-02-25 00:00:00+08:00,17.839762560649337,17.839762560649337,17.18867696516835,17.253786087036133,386770,0.0,0.0
2014-02-26 00:00:00+08:00,16.7980237536244,17.449111209754843,16.7980237536244,17.058460235595703,173675,0.0,0.0
2014-02-27 00:00:00+08:00,16.732916507530483,17.188676602182447,16.732916507530483,17.058460235595703,59619,0.0,0.0
2014-03-03 00:00:00+08:00,16.7980237536244,17.3188948431681,16.7980237536244,17.058460235595703,118484,0.0,0.0
2014-03-04 00:00:00+08:00,16.928242284107277,18.23041534423828,16.928242284107277,18.23041534423828,425046,0.0,0.0
2014-03-05 00:00:00+08:00,19.011719593460313,19.467479705810547,18.8163922243968,19.467479705810547,836028,0.0,0.0
2014-03-06 00:00:00+08:00,19.597695681145144,20.509215887412655,19.07682645630687,19.272151947021484,620817,0.0,0.0
2014-03-07 00:00:00+08:00,19.662804631033566,19.662804631033566,18.165306091308594,18.165306091308594,338330,0.0,0.0
2014-03-10 00:00:00+08:00,18.165305992108653,18.295524233668715,17.644436774666243,18.10019874572754,105974,0.0,0.0
2014-03-11 00:00:00+08:00,18.88150112589765,19.337263107299805,18.360631896637155,19.337263107299805,235274,0.0,0.0
2014-03-12 00:00:00+08:00,20.183674601929507,20.63943471803,19.40237074244338,20.57432746887207,1300350,0.0,0.0
2014-03-13 00:00:00+08:00,20.379000217799362,21.94160794594208,19.793023725545098,21.68117332458496,528297,0.0,0.0
2014-03-14 00:00:00+08:00,21.095195299310372,22.72291217773309,20.834760673738696,21.87649917602539,286218,0.0,0.0
2014-03-17 00:00:00+08:00,22.592694153954064,23.17867253595712,22.267152274529305,23.04845428466797,396833,0.0,0.0
2014-03-18 00:00:00+08:00,22.788019160195265,23.11356290692916,21.48584792205772,21.746280670166016,400608,0.0,0.0
2014-03-19 00:00:00+08:00,21.746279581347554,22.332257921249305,20.639433896909598,21.160303115844727,373622,0.0,0.0
2014-03-20 00:00:00+08:00,20.183674696223417,21.290520429867136,20.183674696223417,20.639434814453125,188670,0.0,0.0
2014-03-21 00:00:00+08:00,21.160304416335325,21.4858481667771,20.509216915451784,20.834760665893555,155464,0.0,0.0
2014-03-24 00:00:00+08:00,20.83476115489004,20.964979407882616,19.92324088153834,20.053457260131836,209046,0.0,0.0
2014-03-25 00:00:00+08:00,20.05345602032085,21.420738220214844,19.59769591182251,21.420738220214844,397895,0.0,0.0
2014-03-26 00:00:00+08:00,21.681172569994388,22.006714429561388,21.030086976461448,21.29051971435547,205323,0.0,0.0
2014-03-27 00:00:00+08:00,21.290521180511146,21.68117406305208,20.964979298525947,21.030088424682617,156347,0.0,0.0
2014-03-28 00:00:00+08:00,20.834760311637428,20.964978559359633,20.574327564991027,20.639434814453125,81505,0.0,0.0
2014-03-31 00:00:00+08:00,20.964978459347233,22.006715064160296,20.70454383954422,21.616064071655273,172848,0.0,0.0
2014-04-01 00:00:00+08:00,21.095194126031576,21.74627971654897,21.095194126031576,21.225412368774414,98307,0.0,0.0
2014-04-02 00:00:00+08:00,21.03008816955684,21.420739172959536,20.899869918823242,20.899869918823242,38556,0.0,0.0
2014-04-03 00:00:00+08:00,21.225412368774414,22.13693257037855,20.899868636316253,21.225412368774414,128295,0.0,0.0
2014-04-07 00:00:00+08:00,20.899868989245608,21.48584734268574,20.899868989245608,21.420738220214844,75468,0.0,0.0
2014-04-08 00:00:00+08:00,21.095195676440213,21.42073943282448,20.834761046212613,21.030088424682617,67921,0.0,0.0
2014-04-09 00:00:00+08:00,21.290520328301756,21.616064071655273,20.834760212246227,21.616064071655273,198892,0.0,0.0
2014-04-10 00:00:00+08:00,21.746280574124984,21.94160794594208,21.225413205809755,21.68117332458496,132559,0.0,0.0
2014-04-11 00:00:00+08:00,21.68117332458496,22.006715195482105,21.290520455349778,21.68117332458496,187983,0.0,0.0
2014-04-14 00:00:00+08:00,21.68117343379147,21.68117343379147,20.704544067382812,20.704544067382812,107919,0.0,0.0
2014-04-15 00:00:00+08:00,20.70454336975049,21.485847211431462,20.574327000003137,21.355628967285156,92071,0.0,0.0
2014-04-16 00:00:00+08:00,20.96497785478847,21.29051971435547,20.899868733115493,21.29051971435547,74713,0.0,0.0
2014-04-17 00:00:00+08:00,21.290519615746902,21.811388837920386,21.03008687905909,21.225412368774414,140370,0.0,0.0
2014-04-18 00:00:00+08:00,21.55095451160111,22.657802091945037,21.55095451160111,22.397367477416992,1013712,0.0,0.0
2014-04-21 00:00:00+08:00,22.13693334147028,22.918237201945523,21.81138959767251,22.65780258178711,469102,0.0,0.0
2014-04-22 00:00:00+08:00,22.397368911600108,22.788019921207468,21.87649964919091,22.136934280395508,222630,0.0,0.0
2014-04-23 00:00:00+08:00,22.397368418735212,22.397368418735212,20.769651540925395,20.834760665893555,374455,0.0,0.0
2014-04-24 00:00:00+08:00,20.83475973949784,21.87649819507247,20.83475973949784,21.355628967285156,137432,0.0,0.0
2014-04-25 00:00:00+08:00,20.9649776893563,21.355628667513695,20.183673858642578,20.183673858642578,189424,0.0,0.0
2014-04-28 00:00:00+08:00,19.59769645244019,21.09519506418667,19.59769645244019,20.704544067382812,135868,0.0,0.0
2014-04-29 00:00:00+08:00,20.834760665893555,21.160304416335325,20.769651540925395,20.834760665893555,60374,0.0,0.0
2014-04-30 00:00:00+08:00,21.160303957687418,21.61606407378791,19.40237074244338,20.57432746887207,256591,0.0,0.0
2014-05-02 00:00:00+08:00,20.639434554676978,20.834760049402835,19.923239824416175,20.50921630859375,83014,0.0,0.0
2014-05-05 00:00:00+08:00,20.509215715640767,20.70454307911839,20.183673858642578,20.183673858642578,52862,0.0,0.0
2014-05-06 00:00:00+08:00,20.834759817503546,20.834759817503546,20.183674217531202,20.378999710083008,33960,0.0,0.0
2014-05-07 00:00:00+08:00,20.053456354815655,20.57432746887207,20.053456354815655,20.57432746887207,48313,0.0,0.0
2014-05-08 00:00:00+08:00,20.70454367771859,20.834760049402835,20.50921630859375,20.50921630859375,16595,0.0,0.0
2014-05-09 00:00:00+08:00,20.639435165388107,21.095195291367165,20.313891414946337,20.834760665893555,83073,0.0,0.0
2014-05-12 00:00:00+08:00,20.31389022656207,20.9649776893563,20.11856473748337,20.183673858642578,71694,0.0,0.0
2014-05-13 00:00:00+08:00,20.1836748020734,20.379000300282055,19.532589183244877,19.662805557250977,56601,0.0,0.0
2014-05-14 00:00:00+08:00,19.662806032909764,19.923240661621094,19.597696907132164,19.923240661621094,52072,0.0,0.0
2014-05-15 00:00:00+08:00,19.79302380565609,19.79302380565609,19.662805557250977,19.662805557250977,12074,0.0,0.0
2014-05-16 00:00:00+08:00,20.574327672889726,20.574327672889726,19.662805557250977,19.662805557250977,12074,0.0,0.0
2014-05-19 00:00:00+08:00,19.662805296731715,19.793023543411522,18.295524952987677,18.4908504486084,304136,0.0,0.0
2014-05-20 00:00:00+08:00,18.490850088989912,19.011719316781058,18.29552459716797,18.29552459716797,129805,0.0,0.0
2014-05-21 00:00:00+08:00,18.360631713051912,18.62106632507811,17.969980732212083,18.23041534423828,101239,0.0,0.0
2014-05-22 00:00:00+08:00,18.360632072796726,18.81639218417267,18.360632072796726,18.42574119567871,76342,0.0,0.0
2014-05-23 00:00:00+08:00,18.4908504486084,18.555959571948303,18.425741325268493,18.4908504486084,32452,0.0,0.0
2014-05-26 00:00:00+08:00,18.62106632507811,19.402370161156714,18.23041534423828,18.23041534423828,140411,0.0,0.0
2014-05-27 00:00:00+08:00,18.230415112888686,18.49084972160989,18.10019874572754,18.10019874572754,40752,0.0,0.0
2014-05-28 00:00:00+08:00,18.88150166924382,18.88150166924382,18.36063242499446,18.62106704711914,60447,0.0,0.0
2014-05-29 00:00:00+08:00,18.816392316509937,18.946610563189743,18.4908504486084,18.4908504486084,82260,0.0,0.0
2014-05-30 00:00:00+08:00,18.4908504486084,18.75128506756902,18.4908504486084,18.4908504486084,32518,0.0,0.0
2014-06-03 00:00:00+08:00,18.881502151489258,19.141936780265603,18.686176648506766,18.881502151489258,36979,0.0,0.0
2014-06-04 00:00:00+08:00,19.011720274621364,19.20704577628411,18.81639289855957,18.81639289855957,32802,0.0,0.0
2014-06-05 00:00:00+08:00,18.621067302927784,18.881501928630207,18.621067302927784,18.751285552978516,26460,0.0,0.0
2014-06-06 00:00:00+08:00,18.4908504486084,18.68617594422912,18.4908504486084,18.4908504486084,31696,0.0,0.0
2014-06-09 00:00:00+08:00,18.490851412283845,18.621067791351063,17.969982147216797,17.969982147216797,50593,0.0,0.0
2014-06-10 00:00:00+08:00,17.644437917848233,18.36063266963403,17.644437917848233,17.70954704284668,61883,0.0,0.0
2014-06-11 00:00:00+08:00,17.709547535608714,17.969982168449967,16.92824363708496,16.92824363708496,573557,0.0,0.0
2014-06-12 00:00:00+08:00,16.92824242824372,16.92824242824372,16.277156829833984,16.277156829833984,114032,0.0,0.0
2014-06-13 00:00:00+08:00,16.277157056608182,16.798024417953346,16.277157056608182,16.407373428344727,83177,0.0,0.0
2014-06-16 00:00:00+08:00,16.277156698539777,16.537591310682753,16.146938455268817,16.212047576904297,36979,0.0,0.0
2014-06-17 00:00:00+08:00,16.14693868216286,16.34226417541504,16.016722311461063,16.34226417541504,98146,0.0,0.0
2014-06-18 00:00:00+08:00,15.365635771954663,16.99335165212092,15.365635771954663,16.34226417541504,153995,0.0,0.0
2014-06-19 00:00:00+08:00,16.342263577507374,16.53759093801216,16.016721725463867,16.016721725463867,60785,0.0,0.0
2014-06-20 00:00:00+08:00,16.016721725463867,16.53759093801216,16.016721725463867,16.016721725463867,27168,0.0,0.0
2014-06-23 00:00:00+08:00,16.14693832397461,16.14693832397461,16.14693832397461,16.14693832397461,781,0.0,0.0
2014-06-24 00:00:00+08:00,16.081831791244365,16.14693904084204,15.495853424072266,15.495853424072266,67921,0.0,0.0
2014-06-25 00:00:00+08:00,15.626070722458648,15.626070722458648,14.71454954762543,14.974984169006348,166784,0.0,0.0
2014-06-26 00:00:00+08:00,14.974983677468664,14.974983677468664,14.584331758220012,14.71454906463623,91316,0.0,0.0
2014-06-27 00:00:00+08:00,14.974983925393374,14.974983925393374,14.51922381399082,14.844766616821289,46876,0.0,0.0
2014-06-30 00:00:00+08:00,14.844766595288164,14.844766595288164,14.323897361755371,14.323897361755371,109428,0.0,0.0
2014-07-01 00:00:00+08:00,14.389007075124788,14.909876330035981,14.389007075124788,14.64944076538086,36224,0.0,0.0
2014-07-02 00:00:00+08:00,14.454115607338057,14.714549286904965,13.933245436605777,14.323897361755371,130559,0.0,0.0
2014-07-03 00:00:00+08:00,14.323897361755371,14.519223792929912,13.99835455939712,14.323897361755371,95844,0.0,0.0
2014-07-04 00:00:00+08:00,14.06346390653449,14.323897590255942,13.868137472244024,13.933245658874512,113956,0.0,0.0
2014-07-07 00:00:00+08:00,13.93324602552386,13.93324602552386,12.969639027398694,13.086833953857422,246139,0.0,0.0
2014-07-08 00:00:00+08:00,13.021725765513633,13.282160393287848,13.021725765513633,13.086833953857422,81244,0.0,0.0
2014-07-09 00:00:00+08:00,12.891508452121537,12.891508452121537,12.370640133752632,12.565964698791504,178190,0.0,0.0
2014-07-10 00:00:00+08:00,12.500856437461895,12.578987012780917,12.42272586214287,12.526899337768555,116998,0.0,0.0
2014-07-11 00:00:00+08:00,13.021725300071264,13.347268104553223,13.021725300071264,13.347268104553223,146589,0.0,0.0
2014-07-14 00:00:00+08:00,14.2587890625,14.2587890625,14.2587890625,14.2587890625,30187,0.0,0.0
2014-07-15 00:00:00+08:00,15.235418319702148,15.235418319702148,15.235418319702148,15.235418319702148,46790,0.0,0.0
2014-07-16 00:00:00+08:00,16.277156829833984,16.277156829833984,16.277156829833984,16.277156829833984,113346,0.0,0.0
2014-07-17 00:00:00+08:00,17.31889616604106,17.31889616604106,16.537592283645374,16.73291778564453,665409,0.0,0.0
2014-07-18 00:00:00+08:00,16.732916665131327,16.732916665131327,15.75628734613608,16.14693832397461,149687,0.0,0.0
2014-07-21 00:00:00+08:00,15.626070168182334,16.602698557919293,15.626070168182334,16.212047576904297,102636,0.0,0.0
2014-07-22 00:00:00+08:00,16.47248255141249,16.47248255141249,15.821396943931797,16.407373428344727,67166,0.0,0.0
2014-07-23 00:00:00+08:00,16.407373428344727,16.407373428344727,16.407373428344727,16.407373428344727,0,0.0,0.0
2014-07-24 00:00:00+08:00,16.47248232191701,16.53759144407767,16.0167222155903,16.277156829833984,39998,0.0,0.0
2014-07-25 00:00:00+08:00,16.4073740496567,16.53759230072331,15.560961978120398,15.691180229187012,111692,0.0,0.0
2014-07-28 00:00:00+08:00,15.626070239704674,15.626070239704674,15.10520101303464,15.235418319702148,78486,0.0,0.0
2014-07-29 00:00:00+08:00,15.10520123396546,15.6260704682538,14.844766616821289,14.844766616821289,140370,0.0,0.0
2014-07-30 00:00:00+08:00,15.17030935060138,15.821396827697754,15.105201165211433,15.821396827697754,93812,0.0,0.0
2014-07-31 00:00:00+08:00,16.92824363708496,16.92824363708496,15.756288726498877,16.92824363708496,439642,0.0,0.0
2014-08-01 00:00:00+08:00,16.53759144407767,16.732916936160695,15.88650397126898,16.277156829833984,237136,0.0,0.0
2014-08-04 00:00:00+08:00,16.212047576904297,16.407373067411797,16.08183120803228,16.212047576904297,144913,0.0,0.0
2014-08-05 00:00:00+08:00,16.277156331738013,16.407372697675637,15.951612605295605,16.016721725463867,70684,0.0,0.0
2014-08-06 00:00:00+08:00,15.886504419254326,15.951613543251007,15.430744300075585,15.495853424072266,82260,0.0,0.0
2014-08-07 00:00:00+08:00,15.430743811103673,15.560961117771182,15.170309197768656,15.235418319702148,46035,0.0,0.0
2014-08-08 00:00:00+08:00,15.23541856313904,15.365635871887207,15.105201254390874,15.365635871887207,19788,0.0,0.0
2014-08-11 00:00:00+08:00,15.235419033963717,15.235419033963717,14.584332470102163,15.105201721191406,24919,0.0,0.0
2014-08-12 00:00:00+08:00,15.300528028790373,15.365636216022903,14.909876093796658,15.040092468261719,119239,0.0,0.0
2014-08-13 00:00:00+08:00,15.495852933037165,15.495852933037165,15.040091891101149,15.235418319702148,30941,0.0,0.0
2014-08-14 00:00:00+08:00,14.714549782874474,15.300528158949632,14.714549782874474,15.105201721191406,39243,0.0,0.0
2014-08-15 00:00:00+08:00,14.90987598226087,15.170309666442286,14.90987598226087,14.974984169006348,35054,0.0,0.0
2014-08-18 00:00:00+08:00,14.97498381032339,14.97498381032339,14.779658317565918,14.779658317565918,3773,0.0,0.0
2014-08-19 00:00:00+08:00,14.063464044390642,15.170309788355222,14.063464044390642,14.519224166870117,67166,0.0,0.0
2014-08-20 00:00:00+08:00,14.974984404335903,14.974984404335903,14.454116090588203,14.584332466125488,23597,0.0,0.0
2014-08-21 00:00:00+08:00,14.193680053372173,14.323897361755371,14.193680053372173,14.323897361755371,3552,0.0,0.0
2014-08-22 00:00:00+08:00,14.45411620058845,14.64944076538086,14.25878976139699,14.64944076538086,73958,0.0,0.0
2014-08-25 00:00:00+08:00,14.519224166870117,14.519224166870117,14.519224166870117,14.519224166870117,1509,0.0,0.0
2014-08-26 00:00:00+08:00,14.974984289349592,14.974984289349592,14.389006855133195,14.519224166870117,15848,0.0,0.0
2014-08-27 00:00:00+08:00,14.519224278356846,14.974984404335903,14.454116090588203,14.584332466125488,49054,0.0,0.0
2014-08-28 00:00:00+08:00,14.584332354138823,14.584332354138823,14.519224166870117,14.519224166870117,40752,0.0,0.0
2014-08-29 00:00:00+08:00,14.323897361755371,14.714549286904965,13.672811757038868,14.323897361755371,52827,0.0,0.0
2014-09-01 00:00:00+08:00,14.063463440623302,14.323897115716795,14.063463440623302,14.193679809570312,60374,0.0,0.0
2014-09-02 00:00:00+08:00,13.998355039708521,14.128572352559733,13.737920414006094,14.063464164733887,42265,0.0,0.0
2014-09-03 00:00:00+08:00,13.998355150111044,14.584332593963241,13.998355150111044,14.128572463989258,11388,0.0,0.0
2014-09-04 00:00:00+08:00,14.519223543536254,14.519223543536254,14.193679809570312,14.193679809570312,8617,0.0,0.0
2014-09-05 00:00:00+08:00,14.128571867780318,14.454115607338057,14.063463682188463,14.323897361755371,21352,0.0,0.0
2014-09-09 00:00:00+08:00,14.389006614685059,14.714549419987614,14.389006614685059,14.389006614685059,34715,0.0,0.0
2014-09-10 00:00:00+08:00,14.389006965620041,14.584332466125488,14.193680527915076,14.584332466125488,21885,0.0,0.0
2014-09-11 00:00:00+08:00,13.803027891130863,14.58433172800976,13.803027891130863,14.193679809570312,55846,0.0,0.0
2014-09-12 00:00:00+08:00,14.193679809570312,14.519223543536254,14.193679809570312,14.193679809570312,11395,0.0,0.0
2014-09-15 00:00:00+08:00,13.80302871069396,14.128572463989258,13.80302871069396,14.128572463989258,6112,0.0,0.0
2014-09-16 00:00:00+08:00,14.128572343998835,15.105201721191406,14.06346415621244,15.105201721191406,117730,0.0,0.0
2014-09-17 00:00:00+08:00,15.560960920017353,16.14693832397461,15.495852736110752,16.14693832397461,99617,0.0,0.0
2014-09-18 00:00:00+08:00,16.212047634747396,17.253786087036133,16.212047634747396,17.253786087036133,310923,0.0,0.0
2014-09-19 00:00:00+08:00,18.36063202884278,18.36063202884278,17.31889543721973,17.384002685546875,435543,0.0,0.0
2014-09-22 00:00:00+08:00,16.212048281785115,16.928243027717873,16.212048281785115,16.602699279785156,156218,0.0,0.0
2014-09-23 00:00:00+08:00,16.472483032209396,16.667808532714844,16.342264782273073,16.667808532714844,86033,0.0,0.0
2014-09-24 00:00:00+08:00,16.342264999196864,16.863136131457054,16.342264999196864,16.798025131225586,42262,0.0,0.0
2014-09-25 00:00:00+08:00,16.66780802594478,16.66780802594478,15.886504173278809,15.886504173278809,31607,0.0,0.0
2014-09-26 00:00:00+08:00,15.756288289062773,15.821397414065258,15.105201725035524,15.626070976257324,58110,0.0,0.0
2014-09-29 00:00:00+08:00,15.430743392747312,16.08183084563213,15.430743392747312,16.016721725463867,35470,0.0,0.0
2014-09-30 00:00:00+08:00,16.01672232106708,16.01672232106708,15.756287705108322,15.821396827697754,6037,0.0,0.0
2014-10-01 00:00:00+08:00,15.30052816284346,15.756288289062773,15.30052816284346,15.626070976257324,19621,0.0,0.0
2014-10-02 00:00:00+08:00,15.430743740475366,16.212047576904297,15.430743740475366,16.212047576904297,63619,0.0,0.0
2014-10-03 00:00:00+08:00,16.40737319975635,16.667807814000035,16.277156829833984,16.277156829833984,20440,0.0,0.0
2014-10-06 00:00:00+08:00,16.016722438736107,16.407373428344727,16.016722438736107,16.407373428344727,15987,0.0,0.0
2014-10-07 00:00:00+08:00,16.40737319975635,16.40737319975635,16.277156829833984,16.277156829833984,5282,0.0,0.0
2014-10-08 00:00:00+08:00,16.277156927263626,16.40737329796542,16.277156927263626,16.34226417541504,39243,0.0,0.0
2014-10-09 00:00:00+08:00,16.40737346468119,17.449111938476562,16.40737346468119,17.449111938476562,185042,0.0,0.0
2014-10-13 00:00:00+08:00,18.10019920186367,18.62106655803334,17.449111726453395,18.360631942749023,907894,0.0,0.0
2014-10-14 00:00:00+08:00,17.709545895446276,19.272151673374587,17.44911128672507,18.10019874572754,520368,0.0,0.0
2014-10-15 00:00:00+08:00,18.100200144605434,18.751285779528285,17.77465638994448,17.839763641357422,159282,0.0,0.0
2014-10-16 00:00:00+08:00,17.839764047231206,18.360633316779445,16.602700000653915,16.99335289001465,154785,0.0,0.0
2014-10-17 00:00:00+08:00,16.92824253972324,17.318895400860857,15.821396827697754,15.821396827697754,123843,0.0,0.0
2014-10-20 00:00:00+08:00,15.88650361627627,16.40737283312453,15.88650361627627,16.081830978393555,84524,0.0,0.0
2014-10-21 00:00:00+08:00,16.08183217078827,16.212048547455833,15.626071103653706,15.691180229187012,60382,0.0,0.0
2014-10-22 00:00:00+08:00,15.821396827697754,16.277156937025833,15.821396827697754,15.821396827697754,74032,0.0,0.0
2014-10-23 00:00:00+08:00,15.821396924689212,16.01672241925596,15.821396924689212,15.886504173278809,17357,0.0,0.0
2014-10-24 00:00:00+08:00,16.01672185768779,16.472481953830293,15.88650361627627,16.081830978393555,26557,0.0,0.0
2014-10-27 00:00:00+08:00,16.081831673246402,16.081831673246402,15.951613426208496,15.951613426208496,25659,0.0,0.0
2014-10-28 00:00:00+08:00,15.951613426208496,16.081831673246402,15.886504302689545,15.951613426208496,19621,0.0,0.0
2014-10-29 00:00:00+08:00,16.277157056608182,16.993351787156637,16.016722438736107,16.407373428344727,68675,0.0,0.0
2014-10-30 00:00:00+08:00,16.4724818178439,16.667807303949782,15.886503485127344,16.016721725463867,31326,0.0,0.0
2014-10-31 00:00:00+08:00,16.0167220863968,16.277156698539777,16.0167220863968,16.212047576904297,13584,0.0,0.0
2014-11-03 00:00:00+08:00,16.212047345406162,16.277156466111922,16.081830978393555,16.081830978393555,18867,0.0,0.0
2014-11-04 00:00:00+08:00,16.08183120803228,16.667807679554773,16.08183120803228,16.212047576904297,53582,0.0,0.0
2014-11-05 00:00:00+08:00,16.277156566186736,16.407372933999937,16.14693832397461,16.14693832397461,36986,0.0,0.0
2014-11-06 00:00:00+08:00,16.146939157318766,16.602699279785156,16.146939157318766,16.602699279785156,37734,0.0,0.0
2014-11-07 00:00:00+08:00,16.92824328764369,16.92824328764369,16.342264907247163,16.73291778564453,18112,0.0,0.0
2014-11-10 00:00:00+08:00,16.342264782273073,16.928243158188454,16.342264782273073,16.667808532714844,29432,0.0,0.0
2014-11-11 00:00:00+08:00,16.667808532714844,16.928243158188454,16.667808532714844,16.667808532714844,21899,0.0,0.0
2014-11-12 00:00:00+08:00,16.667808046216802,16.798024417953346,16.14693881047265,16.407373428344727,17036,0.0,0.0
2014-11-13 00:00:00+08:00,16.40737319975635,16.40737319975635,15.88650397126898,16.277156829833984,27168,0.0,0.0
2014-11-14 00:00:00+08:00,16.798024417953346,16.798024417953346,15.886504192600578,16.407373428344727,33205,0.0,0.0
2014-11-17 00:00:00+08:00,16.01672195616141,16.342263812893872,16.01672195616141,16.14693832397461,15848,0.0,0.0
2014-11-18 00:00:00+08:00,15.821396924689212,16.14693879083413,15.23541856658999,15.886504173278809,27440,0.0,0.0
2014-11-19 00:00:00+08:00,16.277156937025833,16.277156937025833,15.821396827697754,15.821396827697754,4528,0.0,0.0
2014-11-20 00:00:00+08:00,15.626070492922976,16.277157036811285,15.626070492922976,15.886504173278809,55846,0.0,0.0
2014-11-21 00:00:00+08:00,15.821396827697754,15.951613198477647,15.756287705108322,15.821396827697754,79241,0.0,0.0
2014-11-24 00:00:00+08:00,15.821396924689212,16.34226428540088,15.821396924689212,15.886504173278809,90561,0.0,0.0
2014-11-25 00:00:00+08:00,16.21204744508067,16.277156566186736,15.951612835055345,16.14693832397461,48710,0.0,0.0
2014-11-26 00:00:00+08:00,16.01672195616141,16.14693832397461,16.01672195616141,16.14693832397461,9056,0.0,0.0
2014-11-27 00:00:00+08:00,16.212047707673324,16.277156829833984,15.95161309342964,16.277156829833984,24904,0.0,0.0
2014-11-28 00:00:00+08:00,16.01672241925596,16.01672241925596,15.756287801700637,15.886504173278809,12077,0.0,0.0
2014-12-01 00:00:00+08:00,15.691178936220908,16.277156331738013,15.691178936220908,16.016721725463867,6037,0.0,0.0
2014-12-02 00:00:00+08:00,16.081830978393555,16.081830978393555,16.081830978393555,16.081830978393555,101127,0.0,0.0
2014-12-03 00:00:00+08:00,16.14693832397461,16.14693832397461,16.14693832397461,16.14693832397461,60383,0.0,0.0
2014-12-04 00:00:00+08:00,16.5375919342041,16.5375919342041,16.5375919342041,16.5375919342041,22667,0.0,0.0
2014-12-05 00:00:00+08:00,16.79802503671155,16.79802503671155,16.212048530714075,16.73291778564453,56985,0.0,0.0
2014-12-08 00:00:00+08:00,16.40737329796542,16.40737329796542,16.212047804713244,16.34226417541504,37734,0.0,0.0
2014-12-09 00:00:00+08:00,16.342264305276963,16.407373428344727,16.277157056608182,16.407373428344727,6037,0.0,0.0
2014-12-10 00:00:00+08:00,16.14693832397461,16.14693832397461,16.14693832397461,16.14693832397461,5459,0.0,0.0
2014-12-11 00:00:00+08:00,16.01672241925596,16.537591654366608,15.691179615911551,15.886504173278809,29432,0.0,0.0
2014-12-12 00:00:00+08:00,15.691179519718375,16.277156937025833,15.691179519718375,15.821396827697754,14338,0.0,0.0
2014-12-15 00:00:00+08:00,16.01672291467367,16.01672291467367,15.626070976257324,15.626070976257324,5282,0.0,0.0
2014-12-16 00:00:00+08:00,15.626070976257324,15.821397414065258,15.626070976257324,15.626070976257324,41507,0.0,0.0
2014-12-17 00:00:00+08:00,15.626070976257324,15.626070976257324,15.626070976257324,15.626070976257324,1509,0.0,0.0
2014-12-18 00:00:00+08:00,15.691180101259809,15.691180101259809,15.626070976257324,15.626070976257324,6792,0.0,0.0
2014-12-19 00:00:00+08:00,15.560961610869441,15.62607073486612,15.495853424072266,15.495853424072266,13759,0.0,0.0
2014-12-22 00:00:00+08:00,15.626070847794857,15.756288159529786,15.560961723327637,15.560961723327637,13720,0.0,0.0
2014-12-23 00:00:00+08:00,15.691179389916712,16.342264050028685,15.56096114581505,15.756287574768066,55091,0.0,0.0
2014-12-24 00:00:00+08:00,15.756287705108322,16.081831443656508,15.756287705108322,15.821396827697754,15099,0.0,0.0
2014-12-25 00:00:00+08:00,15.75628828505296,15.75628828505296,15.105201721191406,15.105201721191406,29179,0.0,0.0
2014-12-26 00:00:00+08:00,15.495852933037165,15.756287546372182,14.584331786364606,15.235418319702148,29446,0.0,0.0
2014-12-29 00:00:00+08:00,15.560961366409712,15.821396921105535,15.23541856313904,15.365635871887207,33205,0.0,0.0
2014-12-30 00:00:00+08:00,15.30052770818765,16.407373428344727,15.30052770818765,16.407373428344727,92077,0.0,0.0
2014-12-31 00:00:00+08:00,16.277156466111922,16.277156466111922,15.88650361627627,16.081830978393555,20377,0.0,0.0
2015-01-05 00:00:00+08:00,16.0167220863968,16.342263945776317,16.0167220863968,16.212047576904297,12829,0.0,0.0
2015-01-06 00:00:00+08:00,16.407373250115697,17.31889533996582,16.407373250115697,17.31889533996582,157143,0.0,0.0
2015-01-07 00:00:00+08:00,18.100199330066737,18.490850318560696,17.44911185004483,18.42574119567871,378292,0.0,0.0
2015-01-08 00:00:00+08:00,18.751285316011238,19.662805557250977,18.490850693600027,19.662805557250977,317836,0.0,0.0
2015-01-09 00:00:00+08:00,20.83476028404916,20.83476028404916,19.27215255984585,19.59769630432129,194202,0.0,0.0
2015-01-12 00:00:00+08:00,19.272153286774536,20.183675430807785,18.686176773895028,18.946611404418945,137502,0.0,0.0
2015-01-13 00:00:00+08:00,18.751285774300616,19.01172040307696,18.360632893936568,18.881502151489258,89807,0.0,0.0
2015-01-14 00:00:00+08:00,18.946610793374745,18.946610793374745,18.62106704711914,18.62106704711914,52827,0.0,0.0
2015-01-15 00:00:00+08:00,18.360633017140362,18.946611404418945,18.360633017140362,18.946611404418945,83014,0.0,0.0
2015-01-16 00:00:00+08:00,18.621066257895873,19.20704460144043,18.621066257895873,19.20704460144043,34715,0.0,0.0
2015-01-19 00:00:00+08:00,19.207045215868217,20.118565446631074,18.816392349541992,19.532588958740234,77732,0.0,0.0
2015-01-20 00:00:00+08:00,19.532589532514763,20.899869918823242,19.532589532514763,20.899869918823242,221780,0.0,0.0
2015-01-21 00:00:00+08:00,22.13693307860989,22.332258572809597,21.160303733212363,21.48584747314453,580884,0.0,0.0
2015-01-22 00:00:00+08:00,21.225413299550407,22.527584537687954,20.44410943202847,21.746280670166016,197159,0.0,0.0
2015-01-23 00:00:00+08:00,21.48584734268574,22.136932944197806,21.09519448225933,21.420738220214844,113956,0.0,0.0
2015-01-26 00:00:00+08:00,21.681173675446395,22.657803052740412,21.355629924882045,21.87649917602539,97926,0.0,0.0
2015-01-27 00:00:00+08:00,22.136933801597067,22.527584802755058,21.55095542546104,21.87649917602539,132494,0.0,0.0
2015-01-28 00:00:00+08:00,21.48584782716687,22.332258940778257,21.48584782716687,21.68117332458496,83769,0.0,0.0
2015-01-29 00:00:00+08:00,21.61606429611187,21.94160804284576,21.355629673604554,21.746280670166016,67166,0.0,0.0
2015-01-30 00:00:00+08:00,21.48584792205772,22.136933541126492,21.48584792205772,21.746280670166016,89300,0.0,0.0
2015-02-02 00:00:00+08:00,21.746280926040036,22.202042926589744,21.681173675446395,21.87649917602539,49054,0.0,0.0
2015-02-03 00:00:00+08:00,22.136932788374704,23.37399673461914,21.941607296735885,23.37399673461914,648186,0.0,0.0
2015-02-04 00:00:00+08:00,24.090191318255386,24.35062593044403,23.308887481689453,23.308887481689453,332730,0.0,0.0
2015-02-05 00:00:00+08:00,23.24377870407786,23.24377870407786,21.681172882216533,22.46247673034668,158483,0.0,0.0
2015-02-06 00:00:00+08:00,21.681173895073133,22.267152277145023,21.681173895073133,22.006715774536133,51409,0.0,0.0
2015-02-09 00:00:00+08:00,21.94160804284576,22.202042665353076,21.61606429611187,21.746280670166016,54350,0.0,0.0
2015-02-10 00:00:00+08:00,21.48584747314453,21.746280215811492,20.834759993280198,21.48584747314453,80773,0.0,0.0
2015-02-11 00:00:00+08:00,20.834761138877756,21.48584865454208,20.834761138877756,21.095195770263672,79241,0.0,0.0
2015-02-12 00:00:00+08:00,21.09519542052459,21.355630047592737,20.834760793456443,20.899869918823242,23408,0.0,0.0
2015-02-13 00:00:00+08:00,21.160304285966994,21.160304285966994,20.574327788060845,20.769651412963867,55200,0.0,0.0
2015-02-24 00:00:00+08:00,20.574327564991027,20.834760311637428,20.053456448501212,20.639434814453125,39243,0.0,0.0
2015-02-25 00:00:00+08:00,20.769651540925395,20.834760665893555,20.313891414946337,20.834760665893555,21131,0.0,0.0
2015-02-26 00:00:00+08:00,20.834760420901922,21.095195043313137,19.662805557250977,19.662805557250977,40752,0.0,0.0
2015-03-02 00:00:00+08:00,20.053456553668287,20.24878392627596,19.662805557250977,19.662805557250977,28114,0.0,0.0
2015-03-03 00:00:00+08:00,19.793024399701284,21.030088424682617,19.793024399701284,21.030088424682617,32200,0.0,0.0
2015-03-04 00:00:00+08:00,21.485847388783736,22.46247673034668,21.485847388783736,22.46247673034668,179991,0.0,0.0
2015-03-05 00:00:00+08:00,21.616064550453718,22.26715205158242,21.095195299310372,21.87649917602539,80124,0.0,0.0
2015-03-06 00:00:00+08:00,21.48584760531751,22.592693328857422,21.48584760531751,22.592693328857422,66949,0.0,0.0
2015-03-09 00:00:00+08:00,22.397367607736093,22.592693101168887,22.267151236913886,22.46247673034668,87612,0.0,0.0
2015-03-10 00:00:00+08:00,22.592693328857422,22.65780245212418,22.397367833456144,22.592693328857422,171312,0.0,0.0
2015-03-11 00:00:00+08:00,22.136932635778702,22.592692737927244,22.136932635778702,22.26715087890625,90561,0.0,0.0
2015-03-12 00:00:00+08:00,22.332258224487305,22.397367346338008,22.20204185518484,22.332258224487305,40752,0.0,0.0
2015-03-13 00:00:00+08:00,22.267152405548845,22.267152405548845,22.07182502746582,22.07182502746582,28677,0.0,0.0
2015-03-16 00:00:00+08:00,22.07182502746582,22.07182502746582,22.07182502746582,22.07182502746582,0,0.0,0.0
2015-03-17 00:00:00+08:00,21.225412368774414,21.485846979861158,20.83475951494483,21.225412368774414,39998,0.0,0.0
2015-03-18 00:00:00+08:00,21.095194296735936,21.225412540532513,20.18367408775569,20.31389045715332,48120,0.0,0.0
2015-03-19 00:00:00+08:00,20.964978584452634,21.68117332458496,20.444109341738393,21.68117332458496,44657,0.0,0.0
2015-03-20 00:00:00+08:00,22.00671483287743,22.00671483287743,21.355629227412074,21.48584747314453,16602,0.0,0.0
2015-03-23 00:00:00+08:00,21.485847698953265,22.52758430376633,21.485847698953265,21.616064071655273,21131,0.0,0.0
2015-03-24 00:00:00+08:00,21.61606420064593,21.68117332458496,20.313891093860327,21.68117332458496,39247,0.0,0.0
2015-03-25 00:00:00+08:00,21.94160708066323,21.94160708066323,21.095194126031576,21.225412368774414,48299,0.0,0.0
2015-03-26 00:00:00+08:00,22.527584067009307,22.527584067009307,21.48584747314453,21.48584747314453,27170,0.0,0.0
2015-03-27 00:00:00+08:00,22.397368654050414,22.397368654050414,21.355630141211076,22.006715774536133,43017,0.0,0.0
2015-03-30 00:00:00+08:00,21.68117415948175,21.68117415948175,21.095195770263672,21.095195770263672,21885,0.0,0.0
2015-03-31 00:00:00+08:00,21.22541402315617,21.48584865454208,20.313891876105927,21.095195770263672,23395,0.0,0.0
2015-04-01 00:00:00+08:00,20.834759611442514,21.29051971435547,20.834759611442514,21.29051971435547,6792,0.0,0.0
2015-04-02 00:00:00+08:00,21.355630306667813,21.485848558981147,20.834761046212613,21.030088424682617,23463,0.0,0.0
2015-04-07 00:00:00+08:00,20.964978459347233,21.616064071655273,20.964978459347233,21.616064071655273,15848,0.0,0.0
2015-04-08 00:00:00+08:00,21.35562873711832,21.485846979861158,21.225412368774414,21.225412368774414,3019,0.0,0.0
2015-04-09 00:00:00+08:00,21.225413108115326,22.65780258178711,21.225413108115326,22.65780258178711,57420,0.0,0.0
2015-04-10 00:00:00+08:00,23.178672805213903,23.308889183616664,21.48584863958355,22.136934280395508,72449,0.0,0.0
2015-04-13 00:00:00+08:00,23.634431480278618,23.634431480278618,22.397367527124665,23.439105987548828,125525,0.0,0.0
2015-04-14 00:00:00+08:00,23.243779301487944,23.243779301487944,22.00671531208668,22.78801918029785,102333,0.0,0.0
2015-04-15 00:00:00+08:00,22.78801918029785,23.243779301487944,22.78801918029785,22.78801918029785,74167,0.0,0.0
2015-04-16 00:00:00+08:00,22.136934145147023,23.113563537597656,22.136934145147023,23.113563537597656,48347,0.0,0.0
2015-04-17 00:00:00+08:00,22.592692969713283,22.78801846200958,22.397367477416992,22.397367477416992,18162,0.0,0.0
2015-04-20 00:00:00+08:00,21.87649930358276,22.136933930672978,21.87649930358276,21.941608428955078,62061,0.0,0.0
2015-04-21 00:00:00+08:00,22.462477779702635,22.462477779702635,21.94160852328297,22.006715774536133,74342,0.0,0.0
2015-04-22 00:00:00+08:00,22.267152405548845,22.397368783205128,22.07182502746582,22.07182502746582,12145,0.0,0.0
2015-04-23 00:00:00+08:00,22.332259059107756,23.048453803034906,21.94160806220168,22.78801918029785,41891,0.0,0.0
2015-04-24 00:00:00+08:00,22.657802091945037,22.657802091945037,22.397367477416992,22.397367477416992,9942,0.0,0.0
2015-04-27 00:00:00+08:00,20.83476100493533,22.07182502746582,20.83476100493533,22.07182502746582,35482,0.0,0.0
2015-04-28 00:00:00+08:00,21.09519483204924,21.616064071655273,21.09519483204924,21.616064071655273,16646,0.0,0.0
2015-04-29 00:00:00+08:00,21.355630049402336,22.78801956119899,21.09519542231212,21.941608428955078,39312,0.0,0.0
2015-04-30 00:00:00+08:00,21.48584747314453,21.48584747314453,21.48584747314453,21.48584747314453,8301,0.0,0.0
2015-05-04 00:00:00+08:00,20.83475938541054,21.160303115844727,20.83475938541054,21.160303115844727,1531,0.0,0.0
2015-05-05 00:00:00+08:00,21.095195548879786,21.095195548879786,20.96497917175293,20.96497917175293,3022,0.0,0.0
2015-05-06 00:00:00+08:00,21.48584792205772,21.87649891861918,21.225413299550407,21.746280670166016,17002,0.0,0.0
2015-05-07 00:00:00+08:00,21.746280670166016,21.87649891861918,21.48584792205772,21.746280670166016,15164,0.0,0.0
2015-05-08 00:00:00+08:00,21.290519845212003,22.006714564819823,21.290519845212003,21.355628967285156,10572,0.0,0.0
2015-05-11 00:00:00+08:00,20.834760665893555,21.4858481667771,20.834760665893555,20.834760665893555,21888,0.0,0.0
2015-05-12 00:00:00+08:00,20.183674217531202,21.030087184454313,20.183674217531202,20.378999710083008,9083,0.0,0.0
2015-05-13 00:00:00+08:00,20.83476092022701,20.96497917175293,20.83476092022701,20.96497917175293,12837,0.0,0.0
2015-05-14 00:00:00+08:00,20.83475938541054,21.160303115844727,20.70454301787622,21.160303115844727,14345,0.0,0.0
2015-05-15 00:00:00+08:00,20.899869790861718,20.899869790861718,20.834760665893555,20.834760665893555,15103,0.0,0.0
2015-05-18 00:00:00+08:00,20.574327208478476,20.83475995061209,20.444108963012695,20.444108963012695,41885,0.0,0.0
2015-05-19 00:00:00+08:00,20.57432657644332,20.57432657644332,20.053455484980127,20.11856460571289,10209,0.0,0.0
2015-05-20 00:00:00+08:00,20.118566164554828,20.118566164554828,19.662806032909764,19.923240661621094,23395,0.0,0.0
2015-05-21 00:00:00+08:00,19.532589060861195,19.793023681640626,18.555959701538086,18.555959701538086,78486,0.0,0.0
2015-05-22 00:00:00+08:00,17.318895356010717,18.881501173317655,17.318895356010717,18.360631942749023,52827,0.0,0.0
2015-05-25 00:00:00+08:00,17.7095463253309,17.83976269565294,17.25378621760532,17.31889533996582,39243,0.0,0.0
2015-05-26 00:00:00+08:00,16.92824222302005,17.83976242462297,16.92824222302005,17.188676834106445,42103,0.0,0.0
2015-05-27 00:00:00+08:00,17.188677447334335,17.839763061079164,17.188677447334335,17.51422119140625,9810,0.0,0.0
2015-05-28 00:00:00+08:00,18.165306222631997,18.62106632507811,18.165306222631997,18.23041534423828,21131,0.0,0.0
2015-05-29 00:00:00+08:00,18.230415572306345,19.141935788601973,18.230415572306345,18.360631942749023,15849,0.0,0.0
2015-06-01 00:00:00+08:00,18.49085014115176,19.46747947741545,18.49085014115176,19.337263107299805,6037,0.0,0.0
2015-06-02 00:00:00+08:00,19.272152705504297,20.83476044151776,19.272152705504297,20.704544067382812,56641,0.0,0.0
2015-06-03 00:00:00+08:00,20.70454367771859,20.70454367771859,19.011719599429515,20.50921630859375,42262,0.0,0.0
2015-06-04 00:00:00+08:00,19.53258859967275,19.793023214303,19.337263107299805,19.337263107299805,25093,0.0,0.0
2015-06-05 00:00:00+08:00,18.425741325268493,18.88150143984984,18.230415829647775,18.4908504486084,11320,0.0,0.0
2015-06-08 00:00:00+08:00,18.816392803604842,18.816392803604842,17.96998167587124,18.751285552978516,6039,0.0,0.0
2015-06-09 00:00:00+08:00,18.881500800603284,18.881500800603284,18.165306091308594,18.165306091308594,24149,0.0,0.0
2015-06-10 00:00:00+08:00,18.881502521507795,18.881502521507795,18.03508949279785,18.03508949279785,11320,0.0,0.0
2015-06-11 00:00:00+08:00,18.88150069749224,18.88150069749224,17.83976226260742,18.10019874572754,19621,0.0,0.0
2015-06-12 00:00:00+08:00,18.03508927243654,18.03508927243654,17.83976376801286,17.90487289428711,14338,0.0,0.0
2015-06-15 00:00:00+08:00,17.904872767169426,18.23041652183038,17.839763641357422,17.839763641357422,26915,0.0,0.0
2015-06-16 00:00:00+08:00,17.839763289097082,18.035088788277175,17.57932866539062,17.644437789916992,9810,0.0,0.0
2015-06-17 00:00:00+08:00,17.644437917848233,18.10019991843832,17.644437917848233,17.70954704284668,24149,0.0,0.0
2015-06-18 00:00:00+08:00,17.70954704284668,17.70954704284668,17.70954704284668,17.70954704284668,6037,0.0,0.0
2015-06-22 00:00:00+08:00,18.035088919040835,18.230416294036175,17.70954704284668,17.70954704284668,9056,0.0,0.0
2015-06-23 00:00:00+08:00,18.16530729978064,18.7512856801861,17.774656295776367,17.774656295776367,30941,0.0,0.0
2015-06-24 00:00:00+08:00,17.83976248899951,18.360631713051912,17.774655241792164,18.23041534423828,26413,0.0,0.0
2015-06-25 00:00:00+08:00,18.360631713051912,18.881500937104313,18.23041534423828,18.23041534423828,53582,0.0,0.0
2015-06-26 00:00:00+08:00,18.165306222631997,18.6861754466844,18.10019897542465,18.23041534423828,29432,0.0,0.0
2015-06-29 00:00:00+08:00,18.165306222631997,18.23041534423828,18.165306222631997,18.23041534423828,9056,0.0,0.0
2015-06-30 00:00:00+08:00,18.36063325374769,18.555960634957053,17.969982240127162,18.03508949279785,6793,0.0,0.0
2015-07-01 00:00:00+08:00,18.16530718326828,19.79302406311035,18.16530718326828,19.79302406311035,92076,0.0,0.0
2015-07-02 00:00:00+08:00,19.793023825241132,21.61606430952449,19.793023825241132,20.704544067382812,154709,0.0,0.0
2015-07-03 00:00:00+08:00,20.704544316206526,20.704544316206526,19.662805813011445,19.79302406311035,42262,0.0,0.0
2015-07-06 00:00:00+08:00,18.881502496379373,20.444110297580085,18.881502496379373,19.076828002929688,27168,0.0,0.0
2015-07-07 00:00:00+08:00,19.66280506882282,19.66280506882282,18.881501220996935,19.40237045288086,14329,0.0,0.0
2015-07-08 00:00:00+08:00,17.839763289097082,18.881501783922932,17.57932866539062,17.644437789916992,9810,0.0,0.0
2015-07-09 00:00:00+08:00,18.36063315881754,18.621067791351063,17.969982147216797,17.969982147216797,35470,0.0,0.0
2015-07-10 00:00:00+08:00,17.969982147216797,17.969982147216797,17.969982147216797,17.969982147216797,0,0.0,0.0
2015-07-13 00:00:00+08:00,18.29552459716797,19.662804914320514,18.29552459716797,18.29552459716797,31696,0.0,0.0
2015-07-14 00:00:00+08:00,18.29552459716797,18.62106645873822,18.29552459716797,18.29552459716797,29432,0.0,0.0
2015-07-15 00:00:00+08:00,17.839763641357422,18.295525647642386,17.839763641357422,17.839763641357422,13584,0.0,0.0
2015-07-16 00:00:00+08:00,17.70954704284668,18.10019991843832,17.579328792849786,17.70954704284668,16603,0.0,0.0
2015-07-17 00:00:00+08:00,18.230415417457085,18.230415417457085,17.253786087036133,17.253786087036133,23395,0.0,0.0
2015-07-20 00:00:00+08:00,17.318896523546382,17.579329281988542,16.92824363708496,16.92824363708496,33961,0.0,0.0
2015-07-21 00:00:00+08:00,17.38400232382151,17.44911144519284,17.058460465762714,17.188676834106445,25659,0.0,0.0
2015-07-22 00:00:00+08:00,18.16530767448113,18.16530767448113,16.92824363708496,16.92824363708496,18113,0.0,0.0
2015-07-23 00:00:00+08:00,16.92824242824372,16.92824242824372,15.626070294224771,16.277156829833984,19621,0.0,0.0
2015-07-24 00:00:00+08:00,16.277157056608182,16.863135415420093,16.277157056608182,16.407373428344727,24150,0.0,0.0
2015-07-27 00:00:00+08:00,17.96998088521846,17.96998088521846,16.277156829833984,16.277156829833984,21174,0.0,0.0
2015-07-28 00:00:00+08:00,16.277157056608182,17.123568158893185,16.277157056608182,16.407373428344727,29432,0.0,0.0
2015-07-29 00:00:00+08:00,16.08183133775096,16.277156829833984,16.08183133775096,16.277156829833984,33962,0.0,0.0
2015-07-30 00:00:00+08:00,16.277156331738013,16.407372697675637,16.016721725463867,16.016721725463867,29432,0.0,0.0
2015-07-31 00:00:00+08:00,16.40737319975635,16.99335155040438,16.277156829833984,16.277156829833984,73204,0.0,0.0
2015-08-03 00:00:00+08:00,16.277156466111922,16.66780744154866,16.01672185768779,16.081830978393555,24300,0.0,0.0
2015-08-04 00:00:00+08:00,15.88650361627627,16.79802380856127,15.821396369969424,16.081830978393555,41508,0.0,0.0
2015-08-05 00:00:00+08:00,16.01672185768779,16.602698320842897,16.01672185768779,16.081830978393555,7548,0.0,0.0
2015-08-06 00:00:00+08:00,16.277156566186736,16.537591176212064,16.14693832397461,16.14693832397461,10567,0.0,0.0
2015-08-07 00:00:00+08:00,16.08183120803228,16.277156698539777,16.08183120803228,16.212047576904297,12830,0.0,0.0
2015-08-10 00:00:00+08:00,16.27715774776352,17.05846163455521,16.27715774776352,16.798025131225586,13586,0.0,0.0
2015-08-11 00:00:00+08:00,16.407374371402458,16.92824363708496,16.081832486150212,16.92824363708496,36226,0.0,0.0
2015-08-12 00:00:00+08:00,16.92824328764369,16.92824328764369,16.537592283645374,16.73291778564453,3023,0.0,0.0
2015-08-13 00:00:00+08:00,16.863136291503906,16.92824354355518,16.47248340720087,16.863136291503906,9056,0.0,0.0
2015-08-14 00:00:00+08:00,17.05846094800279,17.449111938476562,17.05846094800279,17.449111938476562,3773,0.0,0.0
2015-08-17 00:00:00+08:00,17.449111938476562,17.449111938476562,17.449111938476562,17.449111938476562,755,0.0,0.0
2015-08-18 00:00:00+08:00,17.449111938476562,17.449111938476562,17.449111938476562,17.449111938476562,1509,0.0,0.0
2015-08-19 00:00:00+08:00,16.863135326934838,17.384002685546875,16.667807958756477,17.384002685546875,6792,0.0,0.0
2015-08-20 00:00:00+08:00,17.384002815264605,17.57932831050149,16.79802445515496,17.449111938476562,12076,0.0,0.0
2015-08-21 00:00:00+08:00,16.667809004243708,16.993352763895047,15.756288726498877,16.92824363708496,29738,0.0,0.0
2015-08-24 00:00:00+08:00,15.235418319702148,15.886503915840215,15.235418319702148,15.235418319702148,41507,0.0,0.0
2015-08-25 00:00:00+08:00,16.016721725463867,16.016721725463867,15.040091483336091,16.016721725463867,7547,0.0,0.0
2015-08-26 00:00:00+08:00,15.62607062021223,16.667808161719982,15.300527814215965,15.951613426208496,26413,0.0,0.0
2015-08-27 00:00:00+08:00,16.277157288835397,16.277157288835397,15.495853424072266,15.495853424072266,3607,0.0,0.0
2015-08-28 00:00:00+08:00,15.886504664668703,15.951613789671187,15.430744538449389,15.626070976257324,10566,0.0,0.0
2015-08-31 00:00:00+08:00,16.277156927263626,16.34226417541504,16.277156927263626,16.34226417541504,1717,0.0,0.0
2015-09-01 00:00:00+08:00,16.34226417541504,16.472482420515803,16.34226417541504,16.34226417541504,4531,0.0,0.0
2015-09-02 00:00:00+08:00,16.40737346468119,17.449111938476562,16.40737346468119,17.449111938476562,30950,0.0,0.0
2015-09-03 00:00:00+08:00,17.44911171028786,17.579328080609898,17.31889533996582,17.31889533996582,14338,0.0,0.0
2015-09-04 00:00:00+08:00,17.318895566451634,17.449111938476562,17.318895566451634,17.449111938476562,12074,0.0,0.0
2015-09-07 00:00:00+08:00,17.38400377595738,17.38400377595738,16.27715799218138,16.92824363708496,10565,0.0,0.0
2015-09-08 00:00:00+08:00,17.51422083264836,17.51422083264836,17.12356797288432,17.31889533996582,6792,0.0,0.0
2015-09-09 00:00:00+08:00,17.57932831050149,17.57932831050149,17.318895566451634,17.449111938476562,4665,0.0,0.0
2015-09-10 00:00:00+08:00,18.035089399550863,18.100200400683104,17.709547514683273,17.969982147216797,11320,0.0,0.0
2015-09-11 00:00:00+08:00,18.10019991843832,18.10019991843832,17.579328792849786,17.70954704284668,4528,0.0,0.0
2015-09-14 00:00:00+08:00,17.579328536987305,17.579328536987305,17.579328536987305,17.579328536987305,754,0.0,0.0
2015-09-15 00:00:00+08:00,18.490851052716902,18.490851052716902,17.058461538835832,17.774656295776367,6792,0.0,0.0
2015-09-16 00:00:00+08:00,18.03508842418722,18.03508842418722,17.449111938476562,17.449111938476562,7546,0.0,0.0
2015-09-17 00:00:00+08:00,17.839763418444534,17.839763418444534,17.25378691665563,17.70954704284668,4528,0.0,0.0
2015-09-18 00:00:00+08:00,17.384003292253485,17.969981668441427,17.188677791657184,17.70954704284668,33205,0.0,0.0
2015-09-21 00:00:00+08:00,17.579328536987305,17.579328536987305,17.579328536987305,17.579328536987305,754,0.0,0.0
2015-09-22 00:00:00+08:00,17.188677447334335,17.644437564395616,17.12356832364015,17.51422119140625,23779,0.0,0.0
2015-09-23 00:00:00+08:00,17.709547535608714,17.709547535608714,16.667809004243708,16.92824363708496,26415,0.0,0.0
2015-09-24 00:00:00+08:00,17.51422202957755,17.51422202957755,16.863136384673965,16.92824363708496,14339,0.0,0.0
2015-09-25 00:00:00+08:00,16.993352763895047,16.993352763895047,16.92824363708496,16.92824363708496,2264,0.0,0.0
2015-09-29 00:00:00+08:00,16.92824363708496,16.92824363708496,16.92824363708496,16.92824363708496,0,0.0,0.0
2015-09-30 00:00:00+08:00,16.40737329796542,17.12356802282272,16.212047804713244,16.34226417541504,19842,0.0,0.0
2015-10-01 00:00:00+08:00,16.798025131225586,16.798025131225586,16.212048621931114,16.798025131225586,13584,0.0,0.0
2015-10-02 00:00:00+08:00,17.18867741746904,17.18867741746904,16.472482681274414,16.472482681274414,37734,0.0,0.0
2015-10-05 00:00:00+08:00,17.058461890705132,17.058461890705132,16.732918131053793,16.92824363708496,6047,0.0,0.0
2015-10-06 00:00:00+08:00,16.53759262502263,16.92824363708496,16.472483498212544,16.92824363708496,7549,0.0,0.0
2015-10-07 00:00:00+08:00,16.732918255240527,17.058462017307953,16.732918255240527,16.99335289001465,25659,0.0,0.0
2015-10-08 00:00:00+08:00,16.863136291503906,16.863136291503906,16.407374280750517,16.863136291503906,22640,0.0,0.0
2015-10-12 00:00:00+08:00,16.667808753959836,16.863136131457054,16.667808753959836,16.798025131225586,3777,0.0,0.0
2015-10-13 00:00:00+08:00,16.798025131225586,16.798025131225586,16.667808753959836,16.798025131225586,6792,0.0,0.0
2015-10-14 00:00:00+08:00,16.73291778564453,16.73291778564453,16.73291778564453,16.73291778564453,1510,0.0,0.0
2015-10-15 00:00:00+08:00,16.602699183895396,16.602699183895396,16.5375919342041,16.5375919342041,2265,0.0,0.0
2015-10-16 00:00:00+08:00,16.5375919342041,17.123568427819826,16.5375919342041,16.5375919342041,12076,0.0,0.0
2015-10-19 00:00:00+08:00,16.53759215717756,16.667808532714844,16.407373907241237,16.667808532714844,11320,0.0,0.0
2015-10-20 00:00:00+08:00,16.863136036576673,16.863136036576673,16.4724831581793,16.73291778564453,12075,0.0,0.0
2015-10-21 00:00:00+08:00,16.537592283645374,16.73291778564453,16.277157656180144,16.73291778564453,45280,0.0,0.0
2015-10-22 00:00:00+08:00,16.537592029717832,16.602699279785156,16.27715740625146,16.602699279785156,58867,0.0,0.0
2015-10-23 00:00:00+08:00,16.798025290654472,16.92824354355518,16.798025290654472,16.863136291503906,83769,0.0,0.0
2015-10-26 00:00:00+08:00,16.863135548361754,16.863135548361754,16.407373557693358,16.472482681274414,25660,0.0,0.0
2015-10-27 00:00:00+08:00,16.60269962812743,16.798025131225586,16.537592376694086,16.798025131225586,9056,0.0,0.0
2015-10-28 00:00:00+08:00,16.53759215717756,16.928243158188454,16.53759215717756,16.667808532714844,27170,0.0,0.0
2015-10-29 00:00:00+08:00,16.6026987912176,16.6026987912176,16.34226417541504,16.34226417541504,43019,0.0,0.0
2015-10-30 00:00:00+08:00,16.407373557693358,16.472482681274414,16.407373557693358,16.472482681274414,3020,0.0,0.0
2015-11-02 00:00:00+08:00,16.472482905251482,16.602699279785156,16.407373780785136,16.602699279785156,27924,0.0,0.0
2015-11-03 00:00:00+08:00,16.60269905403753,16.60269905403753,16.472482681274414,16.472482681274414,7546,0.0,0.0
2015-11-04 00:00:00+08:00,16.537592283645374,16.73291778564453,16.407374032713232,16.73291778564453,27552,0.0,0.0
2015-11-05 00:00:00+08:00,16.537591674480254,16.732917169284566,16.407373428344727,16.407373428344727,39256,0.0,0.0
2015-11-06 00:00:00+08:00,16.537592029717832,16.732917528717852,16.537592029717832,16.602699279785156,22640,0.0,0.0
2015-11-09 00:00:00+08:00,16.53759144407767,16.53759144407767,16.277156829833984,16.277156829833984,29541,0.0,0.0
2015-11-10 00:00:00+08:00,16.27715753170395,16.732917657683007,16.27715753170395,16.667808532714844,27173,0.0,0.0
2015-11-11 00:00:00+08:00,16.407373428344727,16.407373428344727,16.407373428344727,16.407373428344727,755,0.0,0.0
2015-11-12 00:00:00+08:00,16.602699279785156,16.602699279785156,16.342264656318786,16.602699279785156,6794,0.0,0.0
2015-11-13 00:00:00+08:00,16.602699183895396,16.602699183895396,16.277157312241886,16.5375919342041,3018,0.0,0.0
2015-11-16 00:00:00+08:00,16.53759180485547,16.53759180485547,16.277157184930243,16.472482681274414,3773,0.0,0.0
2015-11-17 00:00:00+08:00,16.667808660178462,16.73291778564453,16.407374032713232,16.73291778564453,9059,0.0,0.0
2015-11-18 00:00:00+08:00,16.47248255141249,16.732917169284566,16.407373428344727,16.407373428344727,14369,0.0,0.0
2015-11-19 00:00:00+08:00,16.667808177618586,16.667808177618586,16.407373557693358,16.472482681274414,23395,0.0,0.0
2015-11-20 00:00:00+08:00,16.73291778564453,16.73291778564453,16.73291778564453,16.73291778564453,754,0.0,0.0
2015-11-23 00:00:00+08:00,16.4724831581793,16.4724831581793,16.407374032713232,16.73291778564453,5287,0.0,0.0
2015-11-24 00:00:00+08:00,16.537591674480254,16.863135415420093,16.407373428344727,16.407373428344727,46793,0.0,0.0
2015-11-25 00:00:00+08:00,17.579328547653947,17.579328547653947,16.472482810113796,16.5375919342041,21888,0.0,0.0
2015-11-26 00:00:00+08:00,16.798024681767306,16.798024681767306,16.472482810113796,16.5375919342041,15094,0.0,0.0
2015-11-27 00:00:00+08:00,16.732917036318362,16.798024284469776,16.34226417541504,16.34226417541504,8303,0.0,0.0
2015-11-30 00:00:00+08:00,16.73291743207601,16.73291743207601,16.34226456193318,16.5375919342041,6495,0.0,0.0
2015-12-01 00:00:00+08:00,16.667808532714844,16.667808532714844,16.342264782273073,16.667808532714844,3777,0.0,0.0
2015-12-02 00:00:00+08:00,16.79802490825213,16.79802490825213,16.53759215717756,16.667808532714844,2577,0.0,0.0
2015-12-03 00:00:00+08:00,16.5375919342041,16.5375919342041,16.34226456193318,16.5375919342041,13679,0.0,0.0
2015-12-04 00:00:00+08:00,16.47248255141249,16.732917169284566,16.407373428344727,16.407373428344727,17368,0.0,0.0
2015-12-07 00:00:00+08:00,16.40737329796542,16.40737329796542,16.34226417541504,16.34226417541504,9083,0.0,0.0
2015-12-08 00:00:00+08:00,16.34226417541504,16.34226417541504,16.34226417541504,16.34226417541504,761,0.0,0.0
2015-12-09 00:00:00+08:00,17.318896033598385,17.318896033598385,16.407373907241237,16.667808532714844,24651,0.0,0.0
2015-12-10 00:00:00+08:00,16.277157312241886,16.5375919342041,16.21204818815158,16.5375919342041,6795,0.0,0.0
2015-12-11 00:00:00+08:00,16.602698923149035,16.798024417953346,16.407373428344727,16.407373428344727,3028,0.0,0.0
2015-12-14 00:00:00+08:00,15.88650384312584,16.212047576904297,15.821396595889302,16.212047576904297,10468,0.0,0.0
2015-12-15 00:00:00+08:00,16.342263577507374,16.407372697675637,16.016721725463867,16.016721725463867,4131,0.0,0.0
2015-12-16 00:00:00+08:00,16.667807679554773,16.667807679554773,16.212047576904297,16.212047576904297,6795,0.0,0.0
2015-12-17 00:00:00+08:00,16.277157056608182,16.407373428344727,16.277157056608182,16.407373428344727,11327,0.0,0.0
2015-12-18 00:00:00+08:00,16.14693868216286,16.34226417541504,16.14693868216286,16.34226417541504,4533,0.0,0.0
2015-12-21 00:00:00+08:00,16.342263812893872,16.342263812893872,16.14693832397461,16.14693832397461,2269,0.0,0.0
2015-12-22 00:00:00+08:00,16.407373907241237,16.667808532714844,16.27715753170395,16.667808532714844,42262,0.0,0.0
2015-12-23 00:00:00+08:00,16.667808404251506,16.667808404251506,16.146939157318766,16.602699279785156,31009,0.0,0.0
2015-12-24 00:00:00+08:00,16.277157312241886,16.5375919342041,16.277157312241886,16.5375919342041,3780,0.0,0.0
2015-12-25 00:00:00+08:00,16.53759215717756,16.667808532714844,16.53759215717756,16.667808532714844,2276,0.0,0.0
2015-12-28 00:00:00+08:00,16.667808532714844,16.667808532714844,16.667808532714844,16.667808532714844,1512,0.0,0.0
2015-12-29 00:00:00+08:00,16.667807814000035,16.667807814000035,16.277156829833984,16.277156829833984,38492,0.0,0.0
2015-12-30 00:00:00+08:00,16.14693881047265,16.407373428344727,16.08183156180387,16.407373428344727,20488,0.0,0.0
2015-12-31 00:00:00+08:00,16.277157056608182,16.407373428344727,16.08183156180387,16.407373428344727,30947,0.0,0.0
2016-01-04 00:00:00+08:00,16.277156829833984,16.277156829833984,16.0167222155903,16.277156829833984,30948,0.0,0.0
2016-01-05 00:00:00+08:00,16.0167220863968,16.212047576904297,16.0167220863968,16.212047576904297,11320,0.0,0.0
2016-01-06 00:00:00+08:00,16.407372697675637,16.407372697675637,16.016721725463867,16.016721725463867,31698,0.0,0.0
2016-01-07 00:00:00+08:00,15.691179615911551,16.34226428540088,15.626070492922976,15.886504173278809,15849,0.0,0.0
2016-01-08 00:00:00+08:00,16.277157312241886,16.5375919342041,16.01672269027967,16.5375919342041,9812,0.0,0.0
2016-01-11 00:00:00+08:00,16.14693832397461,16.21204744508067,16.08183107726747,16.14693832397461,21135,0.0,0.0
2016-01-12 00:00:00+08:00,16.407372933999937,16.537591176212064,15.886503713949281,16.14693832397461,27926,0.0,0.0
2016-01-13 00:00:00+08:00,16.016722549727447,16.016722549727447,15.951613426208496,15.951613426208496,7549,0.0,0.0
2016-01-14 00:00:00+08:00,16.14693879083413,16.14693879083413,15.821396924689212,15.886504173278809,6043,0.0,0.0
2016-01-15 00:00:00+08:00,15.821396239357982,16.016721725463867,15.75628711918972,16.016721725463867,27929,0.0,0.0
2016-01-18 00:00:00+08:00,15.691179519718375,15.821396827697754,15.691179519718375,15.821396827697754,4532,0.0,0.0
2016-01-19 00:00:00+08:00,15.886504302689545,16.407373542043167,15.886504302689545,15.951613426208496,101131,0.0,0.0
2016-01-20 00:00:00+08:00,15.821396696818898,15.821396696818898,15.756287574768066,15.756287574768066,15097,0.0,0.0
2016-01-21 00:00:00+08:00,15.691179389916712,15.756287574768066,15.691179389916712,15.756287574768066,2264,0.0,0.0
2016-01-22 00:00:00+08:00,16.798024235480778,17.31889533996582,16.798024235480778,17.31889533996582,372982,0.0,0.0
2016-01-25 00:00:00+08:00,16.732916733304986,17.44911144519284,16.407373000847254,17.188676834106445,241666,0.0,0.0
2016-01-26 00:00:00+08:00,16.863135415420093,16.993351787156637,16.14693881047265,16.407373428344727,64150,0.0,0.0
2016-01-27 00:00:00+08:00,16.537591674480254,16.602698923149035,16.08183156180387,16.407373428344727,46037,0.0,0.0
2016-01-28 00:00:00+08:00,16.7980245503817,16.7980245503817,15.951613441423959,16.472482681274414,83014,0.0,0.0
2016-01-29 00:00:00+08:00,16.47248255141249,16.47248255141249,15.951613315668343,16.407373428344727,16609,0.0,0.0
2016-02-01 00:00:00+08:00,16.407374032713232,17.18867791510892,16.407374032713232,16.73291778564453,46112,0.0,0.0
2016-02-02 00:00:00+08:00,17.18867826992621,17.18867826992621,16.667809004243708,16.92824363708496,41507,0.0,0.0
2016-02-03 00:00:00+08:00,17.18867747384633,18.62106695093369,16.863135603671296,18.555959701538086,318584,0.0,0.0
2016-02-15 00:00:00+08:00,18.490850187590663,19.141935788601973,17.709546341737713,18.360631942749023,151941,0.0,0.0
2016-02-16 00:00:00+08:00,16.993351602562278,18.230415555416982,16.993351602562278,17.31889533996582,95090,0.0,0.0
2016-02-17 00:00:00+08:00,17.83976218391398,17.83976218391398,17.058460235595703,17.058460235595703,61652,0.0,0.0
2016-02-18 00:00:00+08:00,17.38400226087831,18.165306091308594,17.188676771870472,18.165306091308594,63777,0.0,0.0
2016-02-19 00:00:00+08:00,18.165305992108653,18.165305992108653,17.579327653886214,18.10019874572754,49812,0.0,0.0
2016-02-22 00:00:00+08:00,18.10020004871263,18.621067429251973,17.57932891937518,17.774656295776367,50568,0.0,0.0
2016-02-23 00:00:00+08:00,18.10019897542465,18.62106632507811,17.70954612018588,18.23041534423828,64907,0.0,0.0
2016-02-24 00:00:00+08:00,18.62106704711914,18.62106704711914,17.839763180745095,18.62106704711914,30946,0.0,0.0
2016-02-25 00:00:00+08:00,18.881501472996195,20.44410918950309,18.55595960452317,19.532588958740234,86801,0.0,0.0
2016-02-26 00:00:00+08:00,19.532588958740234,19.662805331249643,19.0117197199046,19.532588958740234,43826,0.0,0.0
2016-03-01 00:00:00+08:00,19.532588958740234,19.988349074121665,19.141936092414014,19.532588958740234,65670,0.0,0.0
2016-03-02 00:00:00+08:00,19.793024650946002,20.183675664046635,19.076828002929688,19.076828002929688,58206,0.0,0.0
2016-03-03 00:00:00+08:00,19.532588199655223,19.532588199655223,18.946609860137965,19.141935348510742,34722,0.0,0.0
2016-03-04 00:00:00+08:00,19.141935348510742,19.467479078731323,19.076826227586842,19.141935348510742,42266,0.0,0.0
2016-03-07 00:00:00+08:00,20.834759514932408,20.834759514932408,19.141935480069048,19.20704460144043,73958,0.0,0.0
2016-03-08 00:00:00+08:00,19.532588698051324,19.532588698051324,18.490850234283474,19.40237045288086,58539,0.0,0.0
2016-03-09 00:00:00+08:00,19.40237009115564,19.793022944984987,19.141935480069048,19.20704460144043,28681,0.0,0.0
2016-03-10 00:00:00+08:00,19.27215220771039,19.40237045288086,18.946610343582165,19.40237045288086,43017,0.0,0.0
2016-03-11 00:00:00+08:00,19.40237045288086,19.793023313993288,19.07682671435366,19.40237045288086,32455,0.0,0.0
2016-03-14 00:00:00+08:00,19.532589412924548,21.290520791872613,19.207045662482777,20.834760665893555,237414,0.0,0.0
2016-03-15 00:00:00+08:00,20.834760311637428,20.834760311637428,20.053456448501212,20.639434814453125,127959,0.0,0.0
2016-03-16 00:00:00+08:00,20.574327208478476,20.7696508278792,19.92323972994752,20.444108963012695,66420,0.0,0.0
2016-03-17 00:00:00+08:00,20.44410979005375,21.74628105099543,20.44410979005375,20.899869918823242,57357,0.0,0.0
2016-03-18 00:00:00+08:00,20.964978690051723,20.964978690051723,20.313891196179938,20.704544067382812,79999,0.0,0.0
2016-03-21 00:00:00+08:00,21.095194834130492,21.355629453959203,20.379000098201292,20.57432746887207,47556,0.0,0.0
2016-03-22 00:00:00+08:00,20.574327693247866,20.704544067382812,20.183674822044992,20.704544067382812,49814,0.0,0.0
2016-03-23 00:00:00+08:00,20.574327208478476,20.83475995061209,20.11856522374722,20.444108963012695,62643,0.0,0.0
2016-03-24 00:00:00+08:00,20.379000300282055,20.574327672889726,19.076827188225995,19.662805557250977,90571,0.0,0.0
2016-03-25 00:00:00+08:00,19.59769703179919,20.574328301478634,19.59769703179919,19.98834991455078,55864,0.0,0.0
2016-03-28 00:00:00+08:00,19.727913759325975,20.834759447037882,19.662804638166765,20.183673858642578,36982,0.0,0.0
2016-03-29 00:00:00+08:00,19.53258965575363,20.379000793266158,19.272153152643234,19.923240661621094,58874,0.0,0.0
2016-03-30 00:00:00+08:00,19.532588433839567,20.11856490598342,19.011719209001292,19.272151947021484,102966,0.0,0.0
2016-03-31 00:00:00+08:00,19.0117197199046,19.923239950667462,19.0117197199046,19.532588958740234,37741,0.0,0.0
2016-04-01 00:00:00+08:00,19.272153415209065,19.40237166853837,19.011720657348633,19.011720657348633,38526,0.0,0.0
2016-04-06 00:00:00+08:00,19.14193703627885,19.53258992186767,19.011720657348633,19.011720657348633,53830,0.0,0.0
2016-04-07 00:00:00+08:00,19.20704518215037,19.20704518215037,18.100199457366955,18.4908504486084,62638,0.0,0.0
2016-04-08 00:00:00+08:00,18.68617642795315,19.011720178680942,18.360632677225357,18.751285552978516,62643,0.0,0.0
2016-04-11 00:00:00+08:00,18.946611053655577,18.946611053655577,17.709547050168812,18.751285552978516,48307,0.0,0.0
2016-04-12 00:00:00+08:00,18.36063233015426,18.62106695093369,18.035088585580223,18.555959701538086,30192,0.0,0.0
2016-04-13 00:00:00+08:00,19.076827167237578,19.076827167237578,18.230416051131623,18.62106704711914,24478,0.0,0.0
2016-04-14 00:00:00+08:00,18.621067396896823,18.8815020239135,18.035089017509534,18.81639289855957,40000,0.0,0.0
2016-04-15 00:00:00+08:00,18.230415572306345,18.816392050896837,18.10019920186367,18.360631942749023,27172,0.0,0.0
2016-04-18 00:00:00+08:00,18.49084982929565,20.183673858642578,18.230415219057743,20.183673858642578,88677,0.0,0.0
2016-04-19 00:00:00+08:00,20.834761057447597,20.834761057447597,19.532589780006486,19.98834991455078,70334,0.0,0.0
2016-04-20 00:00:00+08:00,19.532589054945404,20.118565545722394,19.27215255984585,19.59769630432129,26415,0.0,0.0
2016-04-21 00:00:00+08:00,19.337263334167186,19.467479705810547,19.141935965103674,19.467479705810547,13584,0.0,0.0
2016-04-22 00:00:00+08:00,19.27215229554862,19.27215229554862,18.295524824313716,18.42574119567871,24905,0.0,0.0
2016-04-25 00:00:00+08:00,18.946610470439143,20.248783558867654,18.946610470439143,19.467479705810547,63393,0.0,0.0
2016-04-26 00:00:00+08:00,19.858130191957432,19.858130191957432,18.751284500638633,19.20704460144043,47544,0.0,0.0
2016-04-27 00:00:00+08:00,19.141935348510742,19.467479078731323,19.076826227586842,19.141935348510742,21132,0.0,0.0
2016-04-28 00:00:00+08:00,19.011720274621364,19.07682752557625,18.686176522250754,18.81639289855957,18112,0.0,0.0
2016-04-29 00:00:00+08:00,18.81639289855957,19.272153027238996,18.751285647604686,18.81639289855957,29432,0.0,0.0
2016-05-03 00:00:00+08:00,18.816392545112897,18.816392545112897,18.62106704711914,18.62106704711914,27169,0.0,0.0
2016-05-04 00:00:00+08:00,18.49084972160989,18.49084972160989,18.10019874572754,18.10019874572754,23395,0.0,0.0
2016-05-05 00:00:00+08:00,18.10019884457193,18.42574070145202,18.10019884457193,18.165306091308594,26714,0.0,0.0
2016-05-06 00:00:00+08:00,18.490849956264483,18.881500937104313,18.23041534423828,18.23041534423828,11378,0.0,0.0
2016-05-09 00:00:00+08:00,18.555959211063545,18.555959211063545,18.29552459716797,18.29552459716797,22640,0.0,0.0
2016-05-10 00:00:00+08:00,18.035088205043884,18.62106655803334,18.035088205043884,18.360631942749023,17358,0.0,0.0
2016-05-11 00:00:00+08:00,18.686175812807676,18.881501307054656,18.23041570143173,18.42574119567871,28677,0.0,0.0
2016-05-12 00:00:00+08:00,18.4908504486084,18.621066820889215,18.230415829647775,18.4908504486084,15848,0.0,0.0
2016-05-13 00:00:00+08:00,18.36063233015426,18.555959701538086,18.36063233015426,18.555959701538086,21885,0.0,0.0
2016-05-16 00:00:00+08:00,18.490850318560696,18.686175812807676,18.23041570143173,18.42574119567871,38639,0.0,0.0
2016-05-17 00:00:00+08:00,18.29552530136866,18.88150179938891,18.29552530136866,18.686176300048828,58261,0.0,0.0
2016-05-18 00:00:00+08:00,18.360632677225357,19.27215292998433,18.230416301573662,18.751285552978516,30942,0.0,0.0
2016-05-19 00:00:00+08:00,18.751285552978516,18.881501928630207,18.49085092727609,18.751285552978516,24300,0.0,0.0
2016-05-20 00:00:00+08:00,18.88150179938891,18.88150179938891,18.490850800708746,18.686176300048828,17439,0.0,0.0
2016-05-23 00:00:00+08:00,18.88150096559225,19.337262943124948,18.751284596582153,19.272151947021484,37377,0.0,0.0
2016-05-24 00:00:00+08:00,18.816392674809208,19.272152798069076,18.490850800708746,18.686176300048828,94335,0.0,0.0
2016-05-25 00:00:00+08:00,18.816393025695408,18.94661127728311,18.686176648506766,18.881502151489258,14338,0.0,0.0
2016-05-26 00:00:00+08:00,18.88150240401933,19.14193703627885,18.75128602508911,19.011720657348633,17357,0.0,0.0
2016-05-27 00:00:00+08:00,18.8815020239135,19.14193665093018,18.81639289855957,18.81639289855957,26413,0.0,0.0
2016-05-30 00:00:00+08:00,18.75128529538099,18.75128529538099,18.62106704711914,18.62106704711914,46792,0.0,0.0
2016-05-31 00:00:00+08:00,18.751285900125776,19.141936908712115,18.751285900125776,18.946611404418945,27923,0.0,0.0
2016-06-01 00:00:00+08:00,19.141936092414014,20.183674570085277,19.141936092414014,19.532588958740234,163765,0.0,0.0
2016-06-02 00:00:00+08:00,20.053456553668287,20.053456553668287,19.33726368503622,19.662805557250977,53583,0.0,0.0
2016-06-03 00:00:00+08:00,19.59769643304842,19.727914681453534,19.46748005904232,19.662805557250977,45280,0.0,0.0
2016-06-06 00:00:00+08:00,20.83476044151776,20.83476044151776,20.313891196179938,20.704544067382812,76222,0.0,0.0
2016-06-07 00:00:00+08:00,20.704544067382812,20.704544067382812,20.704544067382812,20.704544067382812,0,0.0,0.0
2016-06-08 00:00:00+08:00,20.053457260131836,20.18367551312441,19.92324088153834,20.053457260131836,70940,0.0,0.0
2016-06-13 00:00:00+08:00,20.05345703877723,20.118566164554828,19.858131535843498,19.923240661621094,86038,0.0,0.0
2016-06-14 00:00:00+08:00,20.053457260131836,20.44411014471048,19.92324088153834,20.053457260131836,78486,0.0,0.0
2016-06-15 00:00:00+08:00,20.83476079150575,20.83476079150575,18.230416395467177,19.858131408691406,87543,0.0,0.0
2016-06-16 00:00:00+08:00,19.272153152643234,19.923240661621094,19.1419367754871,19.923240661621094,33960,0.0,0.0
2016-06-17 00:00:00+08:00,19.662805331249643,19.85813082721326,19.0117197199046,19.532588958740234,90561,0.0,0.0
2016-06-20 00:00:00+08:00,19.532588199655223,19.532588199655223,19.141935348510742,19.141935348510742,11320,0.0,0.0
2016-06-21 00:00:00+08:00,19.141935348510742,19.141935348510742,18.881500739214065,19.141935348510742,41021,0.0,0.0
2016-06-22 00:00:00+08:00,19.0768279096142,19.0768279096142,19.011720657348633,19.011720657348633,6792,0.0,0.0
2016-06-23 00:00:00+08:00,19.141936423308696,19.141936423308696,18.686176300048828,18.686176300048828,61513,0.0,0.0
2016-06-24 00:00:00+08:00,18.68617531159545,18.68617531159545,17.25378589300606,18.165306091308594,83769,0.0,0.0
2016-06-27 00:00:00+08:00,18.16530670630787,18.816392316509937,18.16530670630787,18.4908504486084,36980,0.0,0.0
2016-06-28 00:00:00+08:00,18.490851020588007,18.81639289855957,18.425741895234076,18.81639289855957,26414,0.0,0.0
2016-06-29 00:00:00+08:00,18.751284371765184,19.141935348510742,18.490849762468507,19.141935348510742,20376,0.0,0.0
2016-06-30 00:00:00+08:00,19.40237009115564,19.40237009115564,18.88150086898246,19.20704460144043,43772,0.0,0.0
2016-07-01 00:00:00+08:00,19.2070448627852,19.402370355158148,18.946610248154954,19.337263107299805,26416,0.0,0.0
2016-07-04 00:00:00+08:00,19.337262943124948,19.337262943124948,19.011719209001292,19.272151947021484,13584,0.0,0.0
2016-07-05 00:00:00+08:00,19.141935348510742,19.141935348510742,19.141935348510742,19.141935348510742,4157,0.0,0.0
2016-07-06 00:00:00+08:00,19.141937129912826,19.141937129912826,18.881502496379373,19.076828002929688,13584,0.0,0.0
2016-07-07 00:00:00+08:00,19.272151947021484,19.402370190430524,19.011719209001292,19.272151947021484,27168,0.0,0.0
2016-07-08 00:00:00+08:00,19.272151947021484,19.272151947021484,19.272151947021484,19.272151947021484,0,0.0,0.0
2016-07-11 00:00:00+08:00,19.141935348510742,19.141935348510742,18.881500739214065,19.141935348510742,12150,0.0,0.0
2016-07-12 00:00:00+08:00,19.141936058810465,19.141936058810465,18.4908504486084,18.4908504486084,41507,0.0,0.0
2016-07-13 00:00:00+08:00,18.75128493568966,18.75128493568966,18.42574119567871,18.42574119567871,20376,0.0,0.0
2016-07-14 00:00:00+08:00,18.490851020588007,18.81639289855957,18.360632769880144,18.81639289855957,6037,0.0,0.0
2016-07-15 00:00:00+08:00,18.816391618290165,19.467479078731323,18.360631520620707,19.141935348510742,101881,0.0,0.0
2016-07-18 00:00:00+08:00,18.75128529538099,18.75128529538099,18.36063242499446,18.62106704711914,8301,0.0,0.0
2016-07-19 00:00:00+08:00,18.621067302927784,18.751285552978516,18.29552542659903,18.751285552978516,24904,0.0,0.0
2016-07-20 00:00:00+08:00,18.360632893936568,18.881502151489258,18.360632893936568,18.881502151489258,15265,0.0,0.0
2016-07-21 00:00:00+08:00,18.360632677225357,18.751285552978516,18.360632677225357,18.751285552978516,5282,0.0,0.0
2016-07-22 00:00:00+08:00,18.360632551549337,18.686176300048828,18.360632551549337,18.686176300048828,11779,0.0,0.0
2016-07-25 00:00:00+08:00,18.6861754466844,19.141935549130512,18.23041534423828,18.23041534423828,26416,0.0,0.0
2016-07-26 00:00:00+08:00,18.230416051131623,18.62106704711914,17.90487230487602,18.62106704711914,50947,0.0,0.0
2016-07-27 00:00:00+08:00,18.751284330331092,18.751284330331092,17.96998050416748,18.10019874572754,40752,0.0,0.0
2016-07-28 00:00:00+08:00,18.10019884457193,18.42574070145202,17.839762360029578,18.165306091308594,19624,0.0,0.0
2016-07-29 00:00:00+08:00,18.23041534423828,18.425740834658196,18.035087979419426,18.23041534423828,23031,0.0,0.0
2016-08-01 00:00:00+08:00,17.90487242828947,18.88150179938891,17.384003180449895,18.686176300048828,52909,0.0,0.0
2016-08-02 00:00:00+08:00,17.83976226260742,18.10019874572754,17.709545895446276,18.10019874572754,3776,0.0,0.0
2016-08-03 00:00:00+08:00,17.77465638994448,18.23041652183038,17.70954726413248,17.839763641357422,27923,0.0,0.0
2016-08-04 00:00:00+08:00,18.10019897542465,18.23041534423828,17.904871610605795,18.23041534423828,21888,0.0,0.0
2016-08-05 00:00:00+08:00,18.100200144605434,18.165307396018378,17.839763641357422,17.839763641357422,10567,0.0,0.0
2016-08-08 00:00:00+08:00,18.03508949279785,18.03508949279785,17.253787465556794,18.03508949279785,26414,0.0,0.0
2016-08-09 00:00:00+08:00,18.425740600829858,18.751284330331092,18.10019874572754,18.10019874572754,61132,0.0,0.0
2016-08-10 00:00:00+08:00,17.709545895446276,18.10019874572754,17.709545895446276,18.10019874572754,21133,0.0,0.0
2016-08-11 00:00:00+08:00,18.03508949279785,18.03508949279785,17.579329352107536,18.03508949279785,17741,0.0,0.0
2016-08-12 00:00:00+08:00,17.64443743371345,17.64443743371345,17.449111938476562,17.449111938476562,27936,0.0,0.0
2016-08-15 00:00:00+08:00,17.709545934578472,19.141935348510742,17.709545934578472,19.141935348510742,105290,0.0,0.0
2016-08-16 00:00:00+08:00,19.141935348510742,19.402369957807423,18.816391618290165,19.141935348510742,119245,0.0,0.0
2016-08-17 00:00:00+08:00,18.360632072796726,18.881501307054656,18.360632072796726,18.42574119567871,12074,0.0,0.0
2016-08-18 00:00:00+08:00,18.425741325268493,19.01171968652965,18.425741325268493,18.4908504486084,15095,0.0,0.0
2016-08-19 00:00:00+08:00,18.555959077870767,18.751284568290682,18.23041534423828,18.23041534423828,23463,0.0,0.0
2016-08-22 00:00:00+08:00,18.23041534423828,18.29552446584457,18.23041534423828,18.23041534423828,21136,0.0,0.0
2016-08-23 00:00:00+08:00,17.774655241792164,18.360631713051912,17.57932787697331,18.23041534423828,20153,0.0,0.0
2016-08-24 00:00:00+08:00,17.774655241792164,18.23041534423828,17.644436998579597,18.23041534423828,49878,0.0,0.0
2016-08-25 00:00:00+08:00,17.839762617051502,18.490850088989912,17.774655369376823,18.29552459716797,36238,0.0,0.0
2016-08-26 00:00:00+08:00,18.295524233668715,18.36063148004983,17.96998050416748,18.10019874572754,15161,0.0,0.0
2016-08-29 00:00:00+08:00,17.904871481165166,18.230415212444182,17.188676771870472,18.165306091308594,62683,0.0,0.0
2016-08-30 00:00:00+08:00,17.969981538149828,18.165307037329917,17.644437789916992,17.644437789916992,57356,0.0,0.0
2016-08-31 00:00:00+08:00,18.035089399550863,18.165307653017166,17.709547514683273,17.969982147216797,43780,0.0,0.0
2016-09-01 00:00:00+08:00,18.165307746937426,18.165307746937426,17.839763985987588,18.03508949279785,53989,0.0,0.0
2016-09-02 00:00:00+08:00,18.033002853393555,18.033002853393555,18.033002853393555,18.033002853393555,0,0.0,0.754681
2016-09-05 00:00:00+08:00,18.033002853393555,18.033002853393555,18.033002853393555,18.033002853393555,0,0.0,0.0
2016-09-06 00:00:00+08:00,18.033002853393555,18.033002853393555,18.033002853393555,18.033002853393555,0,0.0,0.0
2016-09-07 00:00:00+08:00,18.033002853393555,18.033002853393555,18.033002853393555,18.033002853393555,0,0.0,0.0
2016-09-08 00:00:00+08:00,18.033002853393555,18.033002853393555,18.033002853393555,18.033002853393555,0,0.0,0.0
2016-09-09 00:00:00+08:00,18.033002853393555,18.033002853393555,18.033002853393555,18.033002853393555,0,0.0,0.0
2016-09-12 00:00:00+08:00,18.033002853393555,18.033002853393555,18.033002853393555,18.033002853393555,0,0.0,0.0
2016-09-13 00:00:00+08:00,18.033002853393555,18.033002853393555,18.033002853393555,18.033002853393555,0,0.0,0.0
2016-09-14 00:00:00+08:00,18.033002853393555,18.033002853393555,18.033002853393555,18.033002853393555,0,0.0,0.0
2016-09-19 00:00:00+08:00,18.131274889148628,18.131274889148628,17.689047940867358,17.836456298828125,29361,0.0,0.0
2016-09-20 00:00:00+08:00,18.03300202570846,18.03300202570846,17.738183435387956,17.836456298828125,16257,0.0,0.0
2016-09-21 00:00:00+08:00,17.787320804307523,17.983864656788892,17.787320804307523,17.836456298828125,17101,0.0,0.0
2016-09-22 00:00:00+08:00,17.689047917678447,19.6053621918532,17.63991242322226,19.556224822998047,146245,0.0,0.0
2016-09-23 00:00:00+08:00,19.65449842274928,21.4725399017334,19.65449842274928,21.4725399017334,376460,0.0,0.0
2016-09-26 00:00:00+08:00,23.585397720336914,23.585397720336914,22.45526445445057,23.585397720336914,507617,0.0,0.0
2016-09-27 00:00:00+08:00,23.585397720336914,23.585397720336914,23.585397720336914,23.585397720336914,0,0.0,0.0
2016-09-28 00:00:00+08:00,23.585397720336914,23.585397720336914,23.585397720336914,23.585397720336914,0,0.0,0.0
2016-09-29 00:00:00+08:00,24.56812279973063,25.943937301635742,24.27330607589347,25.943937301635742,736024,0.0,0.0
2016-09-30 00:00:00+08:00,26.1404819422626,26.38616316000116,23.585396902901785,24.076759338378906,449634,0.0,0.0
2016-10-03 00:00:00+08:00,24.5681231521844,25.010350118683334,23.68367109358557,24.51898765563965,293814,0.0,0.0
2016-10-04 00:00:00+08:00,24.371576894588543,24.371576894588543,22.602672815322876,23.585397720336914,298611,0.0,0.0
2016-10-05 00:00:00+08:00,22.799218022066327,23.3397159576416,22.799218022066327,23.3397159576416,81138,0.0,0.0
2016-10-06 00:00:00+08:00,22.799217743050356,23.9293509691311,22.799217743050356,23.388851165771484,114274,0.0,0.0
2016-10-07 00:00:00+08:00,23.19230842590332,23.388852284747156,23.094035559281892,23.19230842590332,50929,0.0,0.0
2016-10-11 00:00:00+08:00,23.094035027817355,23.192307892177226,21.619947685616246,21.914764404296875,121954,0.0,0.0
2016-10-12 00:00:00+08:00,22.209584030703866,23.241444468493587,22.209584030703866,23.094036102294922,88140,0.0,0.0
2016-10-13 00:00:00+08:00,23.48712485495571,23.585397720336914,22.602672815322876,23.585397720336914,91478,0.0,0.0
2016-10-14 00:00:00+08:00,23.58539688961115,23.97848646289155,22.50439915729085,23.388851165771484,78846,0.0,0.0
2016-10-17 00:00:00+08:00,23.38885252908047,23.683671132024607,22.799219071990297,23.487125396728516,75008,0.0,0.0
2016-10-18 00:00:00+08:00,21.177720728333465,23.683670334139318,21.177720728333465,22.946626663208008,94000,0.0,0.0
2016-10-19 00:00:00+08:00,23.094036102294922,23.094036102294922,22.111311161771734,23.094036102294922,66109,0.0,0.0
2016-10-20 00:00:00+08:00,23.388851185740997,23.388851185740997,22.700944900512695,22.700944900512695,21477,0.0,0.0
2016-10-21 00:00:00+08:00,22.602672293290883,22.99576187133789,22.602672293290883,22.99576187133789,23389,0.0,0.0
2016-10-24 00:00:00+08:00,23.487124312496388,23.487124312496388,22.30785557835537,22.99576187133789,36266,0.0,0.0
2016-10-25 00:00:00+08:00,22.45526474734652,22.99576270239464,22.209583517888458,22.84835433959961,35037,0.0,0.0
2016-10-26 00:00:00+08:00,22.6026731200018,23.09403557913227,22.111310660871325,22.5044002532959,85221,0.0,0.0
2016-10-27 00:00:00+08:00,22.50440030784788,22.50440030784788,21.718221121092988,21.81649398803711,55140,0.0,0.0
2016-10-28 00:00:00+08:00,21.81649421498298,22.700946277882494,21.81649421498298,22.455265045166016,66118,0.0,0.0
2016-10-31 00:00:00+08:00,22.455263682702814,22.897488750121234,22.111309602889197,22.700944900512695,107000,0.0,0.0
2016-11-01 00:00:00+08:00,22.602672576904297,22.700945441248894,22.602672576904297,22.602672576904297,12001,0.0,0.0
2016-11-02 00:00:00+08:00,22.602673667863332,22.602673667863332,21.669084223126738,22.4061279296875,57409,0.0,0.0
2016-11-03 00:00:00+08:00,22.406126848215102,22.602672576904297,22.20958299392489,22.602672576904297,28000,0.0,0.0
2016-11-04 00:00:00+08:00,22.60267257522693,23.48712460546471,22.60267257522693,22.946626663208008,106001,0.0,0.0
2016-11-07 00:00:00+08:00,22.602673649677477,22.946627754008905,22.013038310023468,22.75008201599121,21738,0.0,0.0
2016-11-08 00:00:00+08:00,22.946626663208008,23.143170517483632,22.40612684655232,22.946626663208008,52073,0.0,0.0
2016-11-09 00:00:00+08:00,22.799218305593495,22.799218305593495,22.1604456245531,22.602672576904297,21004,0.0,0.0
2016-11-10 00:00:00+08:00,22.5043997125597,23.094035024228305,22.20958299392489,22.602672576904297,43000,0.0,0.0
2016-11-11 00:00:00+08:00,23.14317051920111,23.14317051920111,22.5043997125597,22.602672576904297,13001,0.0,0.0
2016-11-14 00:00:00+08:00,22.602672321381007,22.602672321381007,22.01303701637823,22.3078556060791,16542,0.0,0.0
2016-11-15 00:00:00+08:00,22.455265301430995,22.455265301430995,21.914765458646993,22.4061279296875,15054,0.0,0.0
2016-11-16 00:00:00+08:00,22.602673667863332,22.602673667863332,21.914765458646993,22.4061279296875,34986,0.0,0.0
2016-11-17 00:00:00+08:00,22.30785620980578,22.30785620980578,20.833768844604492,20.833768844604492,47320,0.0,0.0
2016-11-18 00:00:00+08:00,21.619947685616246,22.111310133016616,21.619947685616246,21.914764404296875,22417,0.0,0.0
2016-11-21 00:00:00+08:00,22.406127770143225,22.406127770143225,19.949315432434577,21.079450607299805,117793,0.0,0.0
2016-11-22 00:00:00+08:00,20.932040367518038,21.128586104294353,20.637223636752623,21.079450607299805,31541,0.0,0.0
2016-11-23 00:00:00+08:00,21.816494156812453,23.143171310424805,20.342406764444018,23.143171310424805,129112,0.0,0.0
2016-11-24 00:00:00+08:00,23.536261415946075,23.536261415946075,22.406126314501474,22.700944900512695,34018,0.0,0.0
2016-11-25 00:00:00+08:00,22.111310423090217,22.602672876936666,21.81649370054195,21.865629196166992,12000,0.0,0.0
2016-11-28 00:00:00+08:00,21.71822166442871,22.11131126764028,21.71822166442871,21.71822166442871,16137,0.0,0.0
2016-11-29 00:00:00+08:00,21.61994743347168,22.013037011927736,21.61994743347168,21.61994743347168,16343,0.0,0.0
2016-11-30 00:00:00+08:00,21.61994825414887,21.914764980582195,21.61994825414887,21.81649398803711,7004,0.0,0.0
2016-12-01 00:00:00+08:00,22.209582997376486,22.209582997376486,21.81649341433599,21.914764404296875,5003,0.0,0.0
2016-12-02 00:00:00+08:00,22.5044002532959,22.5044002532959,22.5044002532959,22.5044002532959,1003,0.0,0.0
2016-12-05 00:00:00+08:00,21.669082641601562,21.669082641601562,21.669082641601562,21.669082641601562,1454,0.0,0.0
2016-12-06 00:00:00+08:00,22.40612659491376,22.40612659491376,21.619947437842704,22.3078556060791,7348,0.0,0.0
2016-12-07 00:00:00+08:00,22.406127139314403,22.406127139314403,21.71822082876294,22.209583282470703,9195,0.0,0.0
2016-12-08 00:00:00+08:00,22.30785586173636,22.30785586173636,21.570812190635806,21.914764404296875,25334,0.0,0.0
2016-12-09 00:00:00+08:00,22.307856694922926,22.307856694922926,21.61994849310981,22.111310958862305,17479,0.0,0.0
2016-12-12 00:00:00+08:00,21.865628658727278,22.3078556060791,21.81649316430995,22.3078556060791,5006,0.0,0.0
2016-12-13 00:00:00+08:00,22.4061279296875,22.4061279296875,22.4061279296875,22.4061279296875,1002,0.0,0.0
2016-12-14 00:00:00+08:00,22.4061279296875,22.602673667863332,22.111311196822825,22.4061279296875,55264,0.0,0.0
2016-12-15 00:00:00+08:00,21.718221594870233,22.602673667863332,21.718221594870233,22.4061279296875,14264,0.0,0.0
2016-12-16 00:00:00+08:00,22.209584065910743,22.504400798775418,22.209584065910743,22.4061279296875,8004,0.0,0.0
2016-12-19 00:00:00+08:00,22.455263963730054,22.455263963730054,22.01303701637823,22.3078556060791,4384,0.0,0.0
2016-12-20 00:00:00+08:00,22.406126851697245,22.406126851697245,21.914764404296875,21.914764404296875,3037,0.0,0.0
2016-12-21 00:00:00+08:00,22.307855326896675,24.076759345368234,22.307855326896675,22.700944900512695,213110,0.0,0.0
2016-12-22 00:00:00+08:00,21.914764991605836,22.799218920148782,20.882904574171114,21.4725399017334,109283,0.0,0.0
2016-12-23 00:00:00+08:00,21.325130443082603,22.406126301289504,21.325130443082603,22.013036727905273,24401,0.0,0.0
2016-12-26 00:00:00+08:00,21.423403056220724,21.914765528834955,21.423403056220724,21.71822166442871,35232,0.0,0.0
2016-12-27 00:00:00+08:00,22.111309589851064,22.504399163235295,21.52167429257525,22.013036727905273,32000,0.0,0.0
2016-12-28 00:00:00+08:00,22.01303785859939,22.111310725592944,21.423402531037105,21.4725399017334,23132,0.0,0.0
2016-12-29 00:00:00+08:00,21.963902594016368,22.209583826892615,21.5216756250795,22.111310958862305,44004,0.0,0.0
2016-12-30 00:00:00+08:00,22.6026723168113,22.6026723168113,21.570811939064285,21.61994743347168,86908,0.0,0.0
2017-01-03 00:00:00+08:00,22.553536824719494,22.553536824719494,21.47253907805513,21.96390151977539,60014,0.0,0.0
2017-01-04 00:00:00+08:00,22.504400017842418,22.504400017842418,21.52167510986328,21.52167510986328,44316,0.0,0.0
2017-01-05 00:00:00+08:00,21.619948795026048,22.062175770138488,21.521675925623388,21.71822166442871,43074,0.0,0.0
2017-01-06 00:00:00+08:00,21.619947435691415,21.96390151977539,21.374266214831287,21.96390151977539,49001,0.0,0.0
2017-01-09 00:00:00+08:00,22.30785586173636,22.30785586173636,21.32513096693562,21.914764404296875,59005,0.0,0.0
2017-01-10 00:00:00+08:00,21.767355791092832,21.767355791092832,20.93203926537436,21.61994743347168,56876,0.0,0.0
2017-01-11 00:00:00+08:00,21.619947975541,21.619947975541,20.932039790195997,21.52167510986328,51509,0.0,0.0
2017-01-12 00:00:00+08:00,21.423402542164443,21.423402542164443,21.03031294838509,21.128585815429688,16509,0.0,0.0
2017-01-13 00:00:00+08:00,21.177721553043707,21.81649425891201,20.83376932606731,21.423402786254883,103207,0.0,0.0
2017-01-16 00:00:00+08:00,21.61994743347168,21.61994743347168,21.12858499180187,21.61994743347168,51010,0.0,0.0
2017-01-17 00:00:00+08:00,21.61994743347168,21.81649315989919,21.325130718229378,21.61994743347168,48003,0.0,0.0
2017-01-18 00:00:00+08:00,21.61994743347168,21.767355791092832,21.521674570257925,21.61994743347168,41986,0.0,0.0
2017-01-19 00:00:00+08:00,21.5708132284379,22.4061279296875,21.47254035934998,22.4061279296875,69448,0.0,0.0
2017-01-20 00:00:00+08:00,23.094034480632644,23.683669778422203,22.602672044874502,23.044898986816406,167001,0.0,0.0
2017-01-23 00:00:00+08:00,22.799219369897592,23.487125703624383,22.799219369897592,23.094036102294922,61003,0.0,0.0
2017-01-24 00:00:00+08:00,23.33971649943695,23.33971649943695,22.65180831600973,23.241443634033203,58476,0.0,0.0
2017-02-02 00:00:00+08:00,23.290580463279834,23.38885145200337,22.89748901078986,23.3397159576416,26020,0.0,0.0
2017-02-03 00:00:00+08:00,23.339717337425718,23.388852834692248,23.094036102294922,23.094036102294922,33768,0.0,0.0
2017-02-06 00:00:00+08:00,23.487124860343066,23.487124860343066,22.99576240772334,23.241443634033203,23021,0.0,0.0
2017-02-07 00:00:00+08:00,23.38885119232795,23.38885119232795,23.044898986816406,23.044898986816406,48300,0.0,0.0
2017-02-08 00:00:00+08:00,23.1923081332111,23.585397720336914,22.94662690695759,23.585397720336914,69596,0.0,0.0
2017-02-09 00:00:00+08:00,25.943937626185594,25.943937626185594,24.076760644928118,24.862939834594727,142122,0.0,0.0
2017-02-10 00:00:00+08:00,24.17503220687776,24.862938492091995,23.880213620872567,24.420713424682617,99004,0.0,0.0
2017-02-13 00:00:00+08:00,23.58539853733162,24.420715110408597,23.58539853733162,23.781944274902344,46533,0.0,0.0
2017-02-14 00:00:00+08:00,24.27330534834541,24.27330534834541,23.585397180812137,23.683670043945312,52006,0.0,0.0
2017-02-15 00:00:00+08:00,23.88021389054339,23.978486753654884,22.99576187133789,22.99576187133789,53062,0.0,0.0
2017-02-16 00:00:00+08:00,23.487125396728516,24.862939920604006,23.290581535831475,23.487125396728516,72154,0.0,0.0
2017-02-17 00:00:00+08:00,23.880213614428484,24.27330506232933,23.585396902901785,24.076759338378906,66003,0.0,0.0
2017-02-20 00:00:00+08:00,24.568122323205312,24.862939041324186,24.32244109997326,24.66639518737793,36289,0.0,0.0
2017-02-21 00:00:00+08:00,24.66639518737793,24.764668051550547,23.68367029444972,24.66639518737793,84297,0.0,0.0
2017-02-22 00:00:00+08:00,24.56812340867565,25.157758745363676,24.469850540161133,24.469850540161133,143637,0.0,0.0
2017-02-23 00:00:00+08:00,24.862939893319247,24.862939893319247,24.175033569335938,24.175033569335938,173406,0.0,0.0
2017-02-24 00:00:00+08:00,24.076760423974573,24.469850015200475,23.88021469116211,23.88021469116211,163009,0.0,0.0
2017-03-01 00:00:00+08:00,23.880214733642156,23.880214733642156,23.487125141716994,23.53626251220703,65043,0.0,0.0
2017-03-02 00:00:00+08:00,23.7328063709701,23.7328063709701,23.487125141716994,23.53626251220703,58384,0.0,0.0
2017-03-03 00:00:00+08:00,23.536261395850705,23.536261395850705,23.388851165771484,23.388851165771484,82516,0.0,0.0
2017-03-06 00:00:00+08:00,23.38885252908047,24.07676072821774,23.339717032455972,23.487125396728516,162031,0.0,0.0
2017-03-07 00:00:00+08:00,23.781943456554302,24.322441404676397,23.094035273127087,23.241443634033203,279046,0.0,0.0
2017-03-08 00:00:00+08:00,24.961211945529655,24.961211945529655,23.192307885181492,23.29058074951172,263624,0.0,0.0
2017-03-09 00:00:00+08:00,23.29058074951172,23.48712460377319,22.799218302259565,23.29058074951172,89659,0.0,0.0
2017-03-10 00:00:00+08:00,23.290581535831475,23.929352363945195,23.044900303910886,23.487125396728516,117011,0.0,0.0
2017-03-13 00:00:00+08:00,23.585397720336914,23.880214442081524,23.585397720336914,23.585397720336914,66089,0.0,0.0
2017-03-14 00:00:00+08:00,24.076759880105886,24.076759880105886,23.585397433573114,23.634532928466797,146014,0.0,0.0
2017-03-15 00:00:00+08:00,23.880215172533205,25.550848311918255,23.880215172533205,25.157758712768555,245646,0.0,0.0
2017-03-16 00:00:00+08:00,26.631845420655154,27.663705825805664,26.631845420655154,27.663705825805664,868874,0.0,0.0
2017-03-17 00:00:00+08:00,29.97310965115919,30.41533660888672,29.4817471978615,30.41533660888672,1361544,0.0,0.0
2017-03-20 00:00:00+08:00,30.415337013040173,33.4126472682242,28.00766021012911,32.72473907470703,1584279,0.0,0.0
2017-03-21 00:00:00+08:00,32.42992022700646,35.86945722077987,31.44719537164263,35.181549072265625,1146689,0.0,0.0
2017-03-22 00:00:00+08:00,35.771186280070104,37.048727843901645,35.18154911682628,35.52550506591797,965283,0.0,0.0
2017-03-23 00:00:00+08:00,34.886732386348655,35.132413600337024,33.90400753039517,34.83759689331055,481239,0.0,0.0
2017-03-24 00:00:00+08:00,34.395371549925166,37.24527526358102,34.002280089835395,35.574642181396484,648394,0.0,0.0
2017-03-27 00:00:00+08:00,35.77118962069376,35.77118962069376,34.00228171456418,34.247962951660156,367363,0.0,0.0
2017-03-28 00:00:00+08:00,34.59191903126783,34.59191903126783,30.857563092147373,33.216102600097656,535758,0.0,0.0
2017-03-29 00:00:00+08:00,32.528192788932365,34.051419387581035,32.528192788932365,33.85487365722656,183648,0.0,0.0
2017-03-30 00:00:00+08:00,35.18154960496616,36.852182634140085,34.14968924096981,36.45909118652344,648758,0.0,0.0
2017-03-31 00:00:00+08:00,36.55736805185542,38.8176346352899,36.55736805185542,37.44181823730469,780243,0.0,0.0
2017-04-05 00:00:00+08:00,38.326273155212405,39.80036058425903,38.12972741491321,39.308998107910156,672757,0.0,0.0
2017-04-06 00:00:00+08:00,38.62108777072115,39.800358398968704,37.83490860148877,39.01417922973633,510594,0.0,0.0
2017-04-07 00:00:00+08:00,37.93318047608942,42.89594432944973,37.93318047608942,42.257171630859375,756884,0.0,0.0
2017-04-10 00:00:00+08:00,42.060623713423375,42.158898449765616,40.5865364074707,40.5865364074707,715147,0.0,0.0
2017-04-11 00:00:00+08:00,40.291722148713475,44.615713342240994,39.947769922572974,44.56657409667969,1167872,0.0,0.0
2017-04-12 00:00:00+08:00,43.190760335033445,47.95697462592558,42.551987647108604,46.482887268066406,998307,0.0,0.0
2017-04-13 00:00:00+08:00,46.18807162754428,47.95697574862679,44.91052997058459,46.28634262084961,752722,0.0,0.0
2017-04-14 00:00:00+08:00,45.20534462388248,46.13893401261355,41.864078521728516,41.864078521728516,880479,0.0,0.0
2017-04-17 00:00:00+08:00,44.124350310186855,45.69670867919922,41.27444654895413,45.69670867919922,836412,0.0,0.0
2017-04-18 00:00:00+08:00,45.69670702774027,46.974248624992775,44.71398214542327,45.99152374267578,424303,0.0,0.0
2017-04-19 00:00:00+08:00,45.794980645236166,48.743155461422134,45.794980645236166,47.219932556152344,865350,0.0,0.0
2017-04-20 00:00:00+08:00,47.17079605594758,47.85870424818976,45.008800486957036,45.69670867919922,519449,0.0,0.0
2017-04-21 00:00:00+08:00,45.74584415596686,47.66215849468816,45.74584415596686,46.38461685180664,465700,0.0,0.0
2017-04-24 00:00:00+08:00,46.089799062037066,46.28634104194333,44.222620262543806,44.51743698120117,331323,0.0,0.0
2017-04-25 00:00:00+08:00,44.51743590446755,46.18806893484933,44.51743590446755,44.71398162841797,216006,0.0,0.0
2017-04-26 00:00:00+08:00,47.46561387751036,47.56388862084157,45.20534726406665,46.188072204589844,422288,0.0,0.0
2017-04-27 00:00:00+08:00,45.79497799199801,47.02338409423828,45.20534456244185,47.02338409423828,346435,0.0,0.0
2017-04-28 00:00:00+08:00,46.67943359703146,46.67943359703146,45.54929844200516,45.69670867919922,331000,0.0,0.0
2017-05-02 00:00:00+08:00,45.69670973432825,46.581163680318376,45.69670973432825,46.188072204589844,345001,0.0,0.0
2017-05-03 00:00:00+08:00,46.18806944224626,50.80687713623047,45.89325272748087,50.80687713623047,720428,0.0,0.0
2017-05-04 00:00:00+08:00,54.73777925540433,55.81877517700195,54.73777925540433,55.81877517700195,454026,0.0,0.0
2017-05-05 00:00:00+08:00,60.33931040121931,60.33931040121931,52.575782186334784,54.049869537353516,1379098,0.0,0.0
2017-05-08 00:00:00+08:00,54.04987000582511,58.66867782880977,53.26369082822726,56.01531982421875,553542,0.0,0.0
2017-05-09 00:00:00+08:00,56.015320400370236,56.99804531967497,54.63950401382437,55.917049407958984,401322,0.0,0.0
2017-05-10 00:00:00+08:00,55.917048340371196,55.917048340371196,54.34468625022486,54.73777770996094,338491,0.0,0.0
2017-05-11 00:00:00+08:00,55.130866951143126,56.99804581351902,54.541233493970786,56.506683349609375,464339,0.0,0.0
2017-05-12 00:00:00+08:00,56.506683561537,56.604954555168256,53.06714630126953,53.06714630126953,552802,0.0,0.0
2017-05-15 00:00:00+08:00,50.80687657809384,52.77232632000232,50.80687657809384,51.593055725097656,237759,0.0,0.0
2017-05-16 00:00:00+08:00,51.887872436624356,52.67405158362817,47.66215624128069,48.15351867675781,554416,0.0,0.0
2017-05-17 00:00:00+08:00,46.67943139355629,52.9688720703125,46.67943139355629,52.9688720703125,635019,0.0,0.0
2017-05-18 00:00:00+08:00,55.032594332403825,58.17731475830078,54.54123188300736,58.17731475830078,2092927,0.0,0.0
2017-05-19 00:00:00+08:00,59.946217654571726,62.501300841968735,58.96349277498858,59.061763763427734,1409696,0.0,0.0
2017-05-22 00:00:00+08:00,59.65140371992395,60.732399638315435,56.506683208969505,58.570404052734375,559908,0.0,0.0
2017-05-23 00:00:00+08:00,57.88249913823467,58.76694931467475,57.29286193847656,57.29286193847656,339320,0.0,0.0
2017-05-24 00:00:00+08:00,58.57040295675339,61.9116691400197,58.57040295675339,59.454856872558594,611670,0.0,0.0
2017-05-25 00:00:00+08:00,59.06176709799544,60.33931251262078,58.07904216292864,58.47213363647461,367227,0.0,0.0
2017-05-26 00:00:00+08:00,60.73239909012416,61.12549055624457,57.48940761542396,59.35658645629883,492547,0.0,0.0
2017-05-31 00:00:00+08:00,58.96349452388464,58.96349452388464,57.19459043792771,57.391136169433594,322480,0.0,0.0
2017-06-01 00:00:00+08:00,57.19459092713398,57.980770111083984,56.01532027680995,57.980770111083984,254571,0.0,0.0
2017-06-02 00:00:00+08:00,58.76694709517324,58.76694709517324,56.604951608643546,56.998043060302734,171246,0.0,0.0
2017-06-05 00:00:00+08:00,57.48940550047776,57.48940550047776,56.40840963161187,56.998043060302734,104099,0.0,0.0
2017-06-06 00:00:00+08:00,56.998043633867226,57.19458936167464,56.21186447143555,56.21186447143555,137158,0.0,0.0
2017-06-07 00:00:00+08:00,55.32741057101959,56.21186447175904,55.32741057101959,55.523956298828125,311200,0.0,0.0
2017-06-08 00:00:00+08:00,55.62223001761677,57.98077136945275,55.62223001761677,55.72050476074219,171651,0.0,0.0
2017-06-09 00:00:00+08:00,55.72050430631057,55.91705004216033,54.442962646484375,54.442962646484375,179200,0.0,0.0
2017-06-12 00:00:00+08:00,54.639501325536656,55.42568422133835,54.44295935038411,55.0325927734375,149000,0.0,0.0
2017-06-13 00:00:00+08:00,55.13086715791077,55.42568763640075,52.182692363395795,53.06714630126953,274030,0.0,0.0
2017-06-14 00:00:00+08:00,52.96887486829599,52.96887486829599,50.21724208386653,51.1016960144043,301210,0.0,0.0
2017-06-15 00:00:00+08:00,49.136245020433655,55.42568588256836,49.136245020433655,55.42568588256836,231174,0.0,0.0
2017-06-16 00:00:00+08:00,55.62222787117014,57.685952411587586,54.24641525968983,54.73777770996094,305400,0.0,0.0
2017-06-19 00:00:00+08:00,54.83604976796335,56.21186615502401,54.34468730812713,55.22914123535156,90999,0.0,0.0
2017-06-20 00:00:00+08:00,55.22914123535156,55.91704942888189,54.34468730812713,55.22914123535156,114724,0.0,0.0
2017-06-21 00:00:00+08:00,55.42568748206356,56.015320939805434,54.541233546652656,55.13086700439453,170100,0.0,0.0
2017-06-22 00:00:00+08:00,55.52395736962034,56.50668227881716,55.327411638021374,56.01531982421875,192869,0.0,0.0
2017-06-23 00:00:00+08:00,56.113590240478516,56.801498419625126,56.015319250085284,56.113590240478516,223300,0.0,0.0
2017-06-26 00:00:00+08:00,57.98076852410632,57.98076852410632,56.015318743628136,56.21186447143555,140093,0.0,0.0
2017-06-27 00:00:00+08:00,56.60495328412139,56.80149901576864,55.32741165161133,55.32741165161133,146561,0.0,0.0
2017-06-28 00:00:00+08:00,55.032594928539474,56.01531983797768,54.836049196892226,55.32741165161133,153501,0.0,0.0
2017-06-29 00:00:00+08:00,55.327409457783716,55.72050090549145,53.55850544069466,53.656776428222656,168378,0.0,0.0
2017-06-30 00:00:00+08:00,53.460236104106855,54.73777772541277,53.263690374183334,53.361961364746094,53055,0.0,0.0
2017-07-03 00:00:00+08:00,52.575781118555476,53.46023501072324,51.88787295229143,52.18268966674805,96904,0.0,0.0
2017-07-04 00:00:00+08:00,52.379234885306126,52.77232633330607,52.08441817370511,52.28096389770508,50018,0.0,0.0
2017-07-05 00:00:00+08:00,52.5757805960519,53.26368875547944,50.90514756567011,51.593055725097656,73173,0.0,0.0
2017-07-06 00:00:00+08:00,52.87060062495288,52.87060062495288,51.19996748974695,51.69132995605469,27000,0.0,0.0
2017-07-07 00:00:00+08:00,51.003425502262346,51.69132995605469,50.90515075972193,51.69132995605469,59020,0.0,0.0
2017-07-10 00:00:00+08:00,51.19996541978686,51.593056876460025,49.43106136235353,50.02069854736328,102548,0.0,0.0
2017-07-11 00:00:00+08:00,50.020700694774604,51.10169662383651,49.43106348445146,50.31551742553711,71001,0.0,0.0
2017-07-12 00:00:00+08:00,51.69132888680785,51.69132888680785,50.610332982810725,51.19996643066406,44066,0.0,0.0
2017-07-13 00:00:00+08:00,51.59305789509831,51.88787461902498,50.708603974520265,51.19996643066406,27037,0.0,0.0
2017-07-14 00:00:00+08:00,51.00342559814453,51.396513322650826,50.11897165760866,51.00342559814453,54452,0.0,0.0
2017-07-17 00:00:00+08:00,51.00342285661791,51.00342285661791,50.11896896362305,50.11896896362305,25114,0.0,0.0
2017-07-18 00:00:00+08:00,50.118971367194334,55.13086700439453,50.118971367194334,55.13086700439453,617352,0.0,0.0
2017-07-19 00:00:00+08:00,59.94622121016815,59.94622121016815,55.52395898974591,56.40841293334961,2189653,0.0,0.0
2017-07-20 00:00:00+08:00,56.99804643098745,57.09631742531472,55.22914229150953,55.72050476074219,468652,0.0,0.0
2017-07-21 00:00:00+08:00,55.72050093286504,56.70322580381929,52.08441816057478,55.0325927734375,524000,0.0,0.0
2017-07-24 00:00:00+08:00,55.52395739724022,56.21186558377979,54.639503479003906,54.639503479003906,184656,0.0,0.0
2017-07-25 00:00:00+08:00,54.14814101052588,56.80149901576864,54.14814101052588,55.32741165161133,212000,0.0,0.0
2017-07-26 00:00:00+08:00,54.24641361327764,55.229138483993545,54.24641361327764,54.34468460083008,159791,0.0,0.0
2017-07-27 00:00:00+08:00,54.049870127859215,54.83604930723211,53.26369094848633,53.26369094848633,164400,0.0,0.0
2017-07-28 00:00:00+08:00,53.36196135711851,55.72050261826768,52.674053176883504,54.049869537353516,120100,0.0,0.0
2017-07-31 00:00:00+08:00,54.44296270489576,54.44296270489576,53.06714630126953,53.06714630126953,130302,0.0,0.0
2017-08-01 00:00:00+08:00,53.75505121770756,53.75505121770756,52.87059733388944,52.9688720703125,74150,0.0,0.0
2017-08-02 00:00:00+08:00,53.165414045562855,53.75505121770756,52.9688720703125,52.9688720703125,87768,0.0,0.0
2017-08-03 00:00:00+08:00,52.77232742431092,53.16541513163961,51.29824008703296,52.08441925048828,239300,0.0,0.0
2017-08-04 00:00:00+08:00,52.08442033542894,52.772328523581,51.494786887754614,51.887874603271484,50350,0.0,0.0
2017-08-07 00:00:00+08:00,51.59305789509831,52.28096608345923,51.19996643066406,51.19996643066406,144450,0.0,0.0
2017-08-08 00:00:00+08:00,52.08441869053272,55.42568478529361,52.08441869053272,53.55850601196289,381198,0.0,0.0
2017-08-09 00:00:00+08:00,53.55850768757758,54.24641587552625,52.575782775878906,52.575782775878906,192602,0.0,0.0
2017-08-10 00:00:00+08:00,53.06714649398407,53.06714649398407,48.15352181861517,50.31551742553711,310500,0.0,0.0
2017-08-11 00:00:00+08:00,50.11896896362305,50.905148119175195,47.36734004479156,50.11896896362305,199744,0.0,0.0
2017-08-14 00:00:00+08:00,50.70860184171969,54.83604704948708,48.15351867675781,51.593055725097656,263266,0.0,0.0
2017-08-15 00:00:00+08:00,51.59305787943432,53.165416239097866,51.10169542343971,51.887874603271484,395203,0.0,0.0
2017-08-16 00:00:00+08:00,51.59305905930303,52.18269252046153,50.70860511876716,51.00342559814453,113231,0.0,0.0
2017-08-17 00:00:00+08:00,51.00342285661791,51.00342285661791,49.82415224889073,50.11896896362305,161020,0.0,0.0
2017-08-18 00:00:00+08:00,49.13624675368895,50.31551742553711,49.13624675368895,50.31551742553711,100300,0.0,0.0
2017-08-21 00:00:00+08:00,49.7258785860712,50.41378676784489,49.23451613463256,49.92242431640625,91016,0.0,0.0
2017-08-22 00:00:00+08:00,49.136245710440704,50.70860407365559,49.136245710440704,49.824153900146484,124284,0.0,0.0
2017-08-23 00:00:00+08:00,49.824153900146484,50.11897062464952,49.824153900146484,49.824153900146484,81920,0.0,0.0
2017-08-24 00:00:00+08:00,49.92242535661997,51.88787520332782,49.92242535661997,51.1016960144043,145300,0.0,0.0
2017-08-25 00:00:00+08:00,52.67405326684034,52.67405326684034,51.49478638304979,51.986148834228516,134997,0.0,0.0
2017-08-28 00:00:00+08:00,51.98614826208477,52.674052687125716,51.00342337054288,51.39651107788086,108200,0.0,0.0
2017-08-29 00:00:00+08:00,51.10169492258761,51.986148834228516,49.922424289999064,51.986148834228516,188490,0.0,0.0
2017-08-30 00:00:00+08:00,50.11896953713259,50.80687771191165,49.725878080459424,50.02069854736328,183000,0.0,0.0
2017-08-31 00:00:00+08:00,49.92242380879601,50.11896953713259,49.62760709069012,50.02069854736328,131000,0.0,0.0
2017-09-01 00:00:00+08:00,50.413787332087466,51.39651224596362,50.413787332087466,50.512062072753906,222300,0.0,0.0
2017-09-04 00:00:00+08:00,50.512060996029305,50.512060996029305,49.23451563618426,49.33279037475586,189796,0.0,0.0
2017-09-05 00:00:00+08:00,49.33279252197884,50.41378845173132,49.136246785078896,49.62760925292969,85485,0.0,0.0
2017-09-06 00:00:00+08:00,49.33278980238216,50.217239946477115,49.33278980238216,49.431060791015625,78265,0.0,0.0
2017-09-07 00:00:00+08:00,50.020697457711286,50.020697457711286,48.89056235599329,49.529335021972656,206200,0.0,0.0
2017-09-08 00:00:00+08:00,49.1362463043688,49.43106303243539,48.939700569391704,49.0379753112793,101100,0.0,0.0
2017-09-11 00:00:00+08:00,49.136243521005106,49.136243521005106,48.153518650585006,48.49747085571289,123470,0.0,0.0
2017-09-12 00:00:00+08:00,48.39919989449638,48.79229134239722,48.15351867675781,48.15351867675781,136740,0.0,0.0
2017-09-13 00:00:00+08:00,47.662156846865166,47.662156846865166,43.33816586020771,43.92780303955078,515650,0.0,0.0
2017-09-14 00:00:00+08:00,43.731260143373795,43.731260143373795,39.89863135039031,42.06062698364258,359326,0.0,0.0
2017-09-15 00:00:00+08:00,42.30630653874221,43.239895951082,42.30630653874221,43.04335021972656,100397,0.0,0.0
2017-09-18 00:00:00+08:00,43.14162584272188,47.318206787109375,43.14162584272188,47.318206787109375,269508,0.0,0.0
2017-09-19 00:00:00+08:00,48.153520368110115,49.33279100443568,45.647572608917045,45.794979095458984,261510,0.0,0.0
2017-09-20 00:00:00+08:00,45.69670871968775,45.69670871968775,44.22262134163331,44.320892333984375,117382,0.0,0.0
2017-09-21 00:00:00+08:00,44.320891837430516,44.71398330002688,43.28903143411258,43.731258392333984,67096,0.0,0.0
2017-09-22 00:00:00+08:00,43.23989486694336,44.02607402385547,42.25716998360374,43.23989486694336,132450,0.0,0.0
2017-09-25 00:00:00+08:00,43.23989432198661,43.23989432198661,41.274444580078125,41.274444580078125,90200,0.0,0.0
2017-09-26 00:00:00+08:00,41.47099375360485,41.962356229953734,39.308998107910156,39.308998107910156,89000,0.0,0.0
2017-09-27 00:00:00+08:00,39.308995943390656,41.1761747502209,39.308995943390656,39.70208740234375,132129,0.0,0.0
2017-09-28 00:00:00+08:00,39.702089588508535,39.702089588508535,39.308998107910156,39.308998107910156,139100,0.0,0.0
2017-09-29 00:00:00+08:00,40.29172197172913,40.53740320326407,37.83490965637979,38.81763458251953,159657,0.0,0.0
2017-10-02 00:00:00+08:00,39.25985987816259,39.80035781477651,38.866768424917225,39.112449645996094,106100,0.0,0.0
2017-10-03 00:00:00+08:00,42.69939866414326,42.69939866414326,40.29172185246788,41.225311279296875,142196,0.0,0.0
2017-10-05 00:00:00+08:00,40.83221916488033,44.861393535700024,40.83221916488033,43.731258392333984,200200,0.0,0.0
2017-10-06 00:00:00+08:00,43.23989701522753,45.10707588585887,42.10976184371938,43.53471374511719,126768,0.0,0.0
2017-10-11 00:00:00+08:00,43.73125901333122,43.976940243743186,42.257171630859375,42.257171630859375,88201,0.0,0.0
2017-10-12 00:00:00+08:00,44.124351153383735,44.124351153383735,40.439132641089934,40.783084869384766,69202,0.0,0.0
2017-10-13 00:00:00+08:00,41.274445703424554,41.274445703424554,39.6529481226994,40.04603958129883,87001,0.0,0.0
2017-10-16 00:00:00+08:00,40.340857898149885,40.97963060646673,39.94777017278409,40.783084869384766,34020,0.0,0.0
2017-10-17 00:00:00+08:00,40.29172084197542,40.29172084197542,39.5055416728672,39.70208740234375,61130,0.0,0.0
2017-10-18 00:00:00+08:00,40.19344927188667,40.19344927188667,39.112449649756954,39.800357818603516,62816,0.0,0.0
2017-10-19 00:00:00+08:00,39.308998107910156,40.291723060607914,39.308998107910156,39.308998107910156,44000,0.0,0.0
2017-10-20 00:00:00+08:00,40.6848128229797,40.6848128229797,39.30899644778791,39.60381317138672,32050,0.0,0.0
2017-10-23 00:00:00+08:00,40.58653862737133,40.58653862737133,39.84949493408203,39.84949493408203,46001,0.0,0.0
2017-10-24 00:00:00+08:00,39.84949274110761,40.38999067001578,39.84949274110761,39.89862823486328,26112,0.0,0.0
2017-10-25 00:00:00+08:00,40.095175626984066,40.29172135898261,39.60381317138672,39.60381317138672,42132,0.0,0.0
2017-10-26 00:00:00+08:00,39.60381212314725,39.60381212314725,39.21072441835249,39.45640563964844,36000,0.0,0.0
2017-10-27 00:00:00+08:00,39.702089588508535,39.702089588508535,39.308998107910156,39.308998107910156,40000,0.0,0.0
2017-10-30 00:00:00+08:00,40.4882688009071,40.4882688009071,39.01418137186047,39.308998107910156,32000,0.0,0.0
2017-10-31 00:00:00+08:00,39.30899648828239,39.30899648828239,38.57195280412709,39.25986099243164,71130,0.0,0.0
2017-11-01 00:00:00+08:00,39.30899646292779,39.60381318664014,38.9159049987793,38.9159049987793,35566,0.0,0.0
2017-11-02 00:00:00+08:00,38.91590282787159,38.91590282787159,38.42454039949545,38.62108612060547,42000,0.0,0.0
2017-11-03 00:00:00+08:00,40.38999239219094,40.38999239219094,38.81763403217886,39.25986099243164,49364,0.0,0.0
2017-11-06 00:00:00+08:00,38.81763184171549,38.81763184171549,38.57195062752742,38.62108612060547,19000,0.0,0.0
2017-11-07 00:00:00+08:00,38.62108720383836,39.55467659369764,38.62108720383836,39.112449645996094,61010,0.0,0.0
2017-11-08 00:00:00+08:00,39.11245236761097,39.308998107910156,38.81763563156128,39.308998107910156,34000,0.0,0.0
2017-11-09 00:00:00+08:00,39.30899427009164,40.19344814068783,38.62108612060547,38.62108612060547,72985,0.0,0.0
2017-11-10 00:00:00+08:00,38.6210866919556,38.817632415973264,38.5228157043457,38.5228157043457,17000,0.0,0.0
2017-11-13 00:00:00+08:00,38.6210866919556,38.76849692216832,38.12972425631036,38.5228157043457,49000,0.0,0.0
2017-11-14 00:00:00+08:00,38.52281792694918,38.52281792694918,37.736638734317175,37.78577423095703,59000,0.0,0.0
2017-11-15 00:00:00+08:00,38.522816786668656,38.522816786668656,37.7857731124931,38.326271057128906,20129,0.0,0.0
2017-11-16 00:00:00+08:00,38.326271057128906,38.81763350657928,37.834908607678535,38.326271057128906,38100,0.0,0.0
2017-11-17 00:00:00+08:00,38.32627264058815,39.063316345214844,38.32627264058815,39.063316345214844,16006,0.0,0.0
2017-11-20 00:00:00+08:00,39.2107243837064,39.996903541399185,38.670222698294545,39.112449645996094,56000,0.0,0.0
2017-11-21 00:00:00+08:00,39.30899486459546,39.30899486459546,38.67022219852663,39.210723876953125,38448,0.0,0.0
2017-11-22 00:00:00+08:00,39.210726006762755,39.25986150325282,38.719363544265974,39.16158676147461,14065,0.0,0.0
2017-11-23 00:00:00+08:00,39.1615862266726,39.70208792707628,38.424542542992704,38.9159049987793,34000,0.0,0.0
2017-11-24 00:00:00+08:00,39.80035827497197,42.79766845703125,39.30899582713281,42.79766845703125,333625,0.0,0.0
2017-11-27 00:00:00+08:00,43.04335061538431,47.07252502441406,43.04335061538431,47.07252502441406,646937,0.0,0.0
2017-11-28 00:00:00+08:00,47.662156754027784,51.199964828003466,47.17079431326461,49.431060791015625,830312,0.0,0.0
2017-11-29 00:00:00+08:00,52.08442047119141,52.08442047119141,47.76042934764875,49.13624572753906,516750,0.0,0.0
2017-11-30 00:00:00+08:00,48.84142792614175,51.003423440248234,47.662157304920214,50.02069854736328,416989,0.0,0.0
2017-12-01 00:00:00+08:00,50.61033198809383,50.806877716447964,48.15351975566209,48.64488220214844,280050,0.0,0.0
2017-12-04 00:00:00+08:00,49.1362435738626,50.11896844533985,48.74315212575255,49.529335021972656,238000,0.0,0.0
2017-12-05 00:00:00+08:00,49.62760600960123,49.725876997229804,49.037972586234034,49.529335021972656,169200,0.0,0.0
2017-12-06 00:00:00+08:00,50.0206985495652,50.0206985495652,48.84142792829176,49.33279037475586,115000,0.0,0.0
2017-12-07 00:00:00+08:00,50.02069906528542,50.11897005607224,48.64488270148188,49.23451614379883,110000,0.0,0.0
2017-12-08 00:00:00+08:00,49.52933829140936,49.725880279640265,48.15352188100427,48.939701080322266,81100,0.0,0.0
2017-12-11 00:00:00+08:00,49.234514535288326,49.431060259238755,47.66215624128069,48.15351867675781,146000,0.0,0.0
2017-12-12 00:00:00+08:00,48.1535186902263,48.1535186902263,46.87597710738803,47.12165832519531,92000,0.0,0.0
2017-12-13 00:00:00+08:00,48.1535192078185,48.1535192078185,46.18806944423407,47.02338409423828,65361,0.0,0.0
2017-12-14 00:00:00+08:00,47.072525950541795,50.118971753698325,47.072525950541795,48.939701080322266,260608,0.0,0.0
2017-12-15 00:00:00+08:00,49.136246330195384,49.62760879349734,48.153521403591476,48.350067138671875,56155,0.0,0.0
2017-12-18 00:00:00+08:00,48.35006497042446,48.399200464791576,47.26906535035849,47.367340087890625,41002,0.0,0.0
2017-12-19 00:00:00+08:00,48.89056342766814,49.136244650922755,47.66215731139507,47.956974029541016,82003,0.0,0.0
2017-12-20 00:00:00+08:00,49.03797585636205,49.03797585636205,47.80956968509845,48.251792907714844,46179,0.0,0.0
2017-12-21 00:00:00+08:00,49.23451732333654,49.23451732333654,47.66215894028952,48.350067138671875,42249,0.0,0.0
2017-12-22 00:00:00+08:00,49.08710859316811,53.067143614495706,49.08710859316811,50.80687713623047,524110,0.0,0.0
2017-12-25 00:00:00+08:00,50.70860297557658,50.70860297557658,48.84142792829176,49.33279037475586,192536,0.0,0.0
2017-12-26 00:00:00+08:00,49.431060259238755,49.529334995612906,47.95697295280739,48.15351867675781,95002,0.0,0.0
2017-12-27 00:00:00+08:00,48.350067138671875,48.64488386689343,48.153521403591476,48.350067138671875,32002,0.0,0.0
2017-12-28 00:00:00+08:00,48.25179020763105,48.74315264864073,48.15351921894829,48.399200439453125,38212,0.0,0.0
2017-12-29 00:00:00+08:00,48.251792907714844,48.595748884947525,48.153521913533005,48.251792907714844,37003,0.0,0.0
2018-01-02 00:00:00+08:00,48.251792907714844,49.03797585636205,48.251792907714844,48.251792907714844,61001,0.0,0.0
2018-01-03 00:00:00+08:00,48.39920314778573,49.03797585636205,47.95697617637121,48.251792907714844,63509,0.0,0.0
2018-01-04 00:00:00+08:00,50.2172405668033,50.2172405668033,48.153519789624305,48.30093002319336,84000,0.0,0.0
2018-01-05 00:00:00+08:00,48.64488328767174,48.84142902041184,48.35006656296061,48.44833755493164,32200,0.0,0.0
2018-01-08 00:00:00+08:00,48.93969783696802,49.0379725733687,48.448335401358314,48.841426849365234,51102,0.0,0.0
2018-01-09 00:00:00+08:00,49.136244648634786,49.136244648634786,48.595746707259394,48.64488220214844,28248,0.0,0.0
2018-01-10 00:00:00+08:00,48.64488438203845,48.64488438203845,48.153521913533005,48.251792907714844,40001,0.0,0.0
2018-01-11 00:00:00+08:00,49.136244648634786,49.136244648634786,48.251790745440175,48.64488220214844,16401,0.0,0.0
2018-01-12 00:00:00+08:00,49.136243547712056,49.136243547712056,48.05524768918154,48.15351867675781,41384,0.0,0.0
2018-01-15 00:00:00+08:00,48.15352142963213,48.15352142963213,47.66215896606445,47.66215896606445,29841,0.0,0.0
2018-01-16 00:00:00+08:00,47.563885814156976,47.85870252915755,47.367340087890625,47.367340087890625,32001,0.0,0.0
2018-01-17 00:00:00+08:00,47.46561216241844,47.90783911943436,47.17079544067383,47.17079544067383,39000,0.0,0.0
2018-01-18 00:00:00+08:00,46.188071118563784,47.563887502465754,46.188071118563784,46.38461685180664,63750,0.0,0.0
2018-01-19 00:00:00+08:00,46.679434064911945,47.219932025377624,46.18807160107077,46.97425079345703,35596,0.0,0.0
2018-01-22 00:00:00+08:00,46.28634045227199,46.28634045227199,45.00879885516685,45.30361557006836,91754,0.0,0.0
2018-01-23 00:00:00+08:00,44.3208912491062,45.205345153808594,42.84680390713417,45.205345153808594,139301,0.0,0.0
2018-01-24 00:00:00+08:00,45.20534748050901,45.20534748050901,43.043351851246776,43.43644332885742,60300,0.0,0.0
2018-01-25 00:00:00+08:00,43.43644278149546,43.53471377526068,42.846805572509766,42.846805572509766,54673,0.0,0.0
2018-01-26 00:00:00+08:00,42.94507865255187,46.18807005563471,42.94507865255187,43.82952880859375,109684,0.0,0.0
2018-01-29 00:00:00+08:00,44.026075114882254,44.026075114882254,42.84680447589117,43.731258392333984,60001,0.0,0.0
2018-01-30 00:00:00+08:00,43.239895938487535,43.87866862800713,43.043350207189356,43.731258392333984,35001,0.0,0.0
2018-01-31 00:00:00+08:00,43.04335081841808,43.48557778291924,42.257171630859375,42.257171630859375,85101,0.0,0.0
2018-02-01 00:00:00+08:00,42.7485340261043,43.53471321245696,42.35544255852895,43.289031982421875,52008,0.0,0.0
2018-02-02 00:00:00+08:00,43.28903035676253,43.28903035676253,42.45371570553156,42.55198669433594,45001,0.0,0.0
2018-02-05 00:00:00+08:00,42.25716997449884,42.25716997449884,41.71667203853809,41.864078521728516,23003,0.0,0.0
2018-02-06 00:00:00+08:00,41.71667154981151,41.71667154981151,37.687497326911746,39.210723876953125,256193,0.0,0.0
2018-02-07 00:00:00+08:00,40.29172194577266,40.29172194577266,39.40726801329743,39.50554275512695,43057,0.0,0.0
2018-02-08 00:00:00+08:00,39.21072658565944,39.50554331775049,39.063316345214844,39.063316345214844,12300,0.0,0.0
2018-02-09 00:00:00+08:00,39.063316345214844,39.063316345214844,39.063316345214844,39.063316345214844,0,0.0,0.0
2018-02-12 00:00:00+08:00,37.34354562733926,37.83490806980425,37.29441013285235,37.39268112182617,44000,0.0,0.0
2018-02-21 00:00:00+08:00,38.129726988303354,39.50554340620633,37.83491025555218,38.031455993652344,52069,0.0,0.0
2018-02-22 00:00:00+08:00,38.080588762505414,39.01417813999093,38.080588762505414,38.5228157043457,41200,0.0,0.0
2018-02-23 00:00:00+08:00,39.01417810086752,40.29171968250443,39.01417810086752,39.89862823486328,82700,0.0,0.0
2018-02-26 00:00:00+08:00,41.27444455280941,41.27444455280941,38.9159033645583,39.89862823486328,72002,0.0,0.0
2018-02-27 00:00:00+08:00,39.898630501754006,39.947769747099464,38.81763458251953,38.81763458251953,29094,0.0,0.0
2018-03-01 00:00:00+08:00,38.81763563156128,39.308998107910156,38.76850013368603,39.308998107910156,25218,0.0,0.0
2018-03-02 00:00:00+08:00,39.308998107910156,39.308998107910156,38.031456419162716,39.308998107910156,48101,0.0,0.0
2018-03-05 00:00:00+08:00,39.358132542136765,40.14431173328894,38.81763458251953,38.81763458251953,25067,0.0,0.0
2018-03-06 00:00:00+08:00,39.01418137186047,39.308998107910156,38.12972741491321,39.308998107910156,63100,0.0,0.0
2018-03-07 00:00:00+08:00,38.129724216939145,38.326269940753875,38.129724216939145,38.17885971069336,29000,0.0,0.0
2018-03-08 00:00:00+08:00,38.1788608227746,38.326271057128906,37.884044102863975,38.326271057128906,28300,0.0,0.0
2018-03-09 00:00:00+08:00,38.32627272640351,38.719364202603835,38.031455993652344,38.031455993652344,12000,0.0,0.0
2018-03-12 00:00:00+08:00,38.178862485628855,38.32627272640351,38.031455993652344,38.031455993652344,26008,0.0,0.0
2018-03-13 00:00:00+08:00,38.12972425631036,38.5228157043457,37.93317853229269,38.5228157043457,14222,0.0,0.0
2018-03-14 00:00:00+08:00,37.93318121459708,38.719364166259766,37.93318121459708,38.719364166259766,27030,0.0,0.0
2018-03-15 00:00:00+08:00,38.71936415102404,38.71936415102404,38.326272675347376,38.37540817260742,6103,0.0,0.0
2018-03-16 00:00:00+08:00,38.71936415102404,38.71936415102404,38.37540817260742,38.37540817260742,10100,0.0,0.0
2018-03-19 00:00:00+08:00,39.01417815287057,39.210723876953125,38.67022219852663,39.210723876953125,43000,0.0,0.0
2018-03-20 00:00:00+08:00,39.16158514045228,39.16158514045228,39.112449645996094,39.112449645996094,11234,0.0,0.0
2018-03-21 00:00:00+08:00,39.0141803175071,39.1615868071492,37.392682689857295,38.81763458251953,35003,0.0,0.0
2018-03-22 00:00:00+08:00,38.96504374093358,38.96504374093358,37.44181714859905,38.326271057128906,65000,0.0,0.0
2018-03-23 00:00:00+08:00,37.34354675292969,37.785773714237145,36.8521842956543,36.8521842956543,48434,0.0,0.0
2018-03-26 00:00:00+08:00,36.852182647708766,37.73663653077293,36.852182647708766,37.14699935913086,14096,0.0,0.0
2018-03-27 00:00:00+08:00,38.1297259348107,38.1297259348107,36.8521842956543,36.8521842956543,25940,0.0,0.0
2018-03-28 00:00:00+08:00,36.85218387179905,36.85218387179905,33.16696548461914,33.16696548461914,384093,0.0,0.0
2018-03-29 00:00:00+08:00,33.166964381737095,33.707462310791016,29.87483569044785,33.707462310791016,308793,0.0,0.0
2018-03-30 00:00:00+08:00,32.773873226409506,32.921283457829404,31.05410656196663,31.93855857849121,75312,0.0,0.0
2018-04-02 00:00:00+08:00,31.88942333832715,32.97041921469162,31.88942333832715,32.233375549316406,36202,0.0,0.0
2018-04-03 00:00:00+08:00,32.23337665808708,32.429922392040886,31.938559931555417,32.38078689575195,24200,0.0,0.0
2018-04-09 00:00:00+08:00,32.92128371818204,32.92128371818204,31.545467376708984,31.545467376708984,19754,0.0,0.0
2018-04-10 00:00:00+08:00,32.33165171619286,32.33165171619286,31.25065204325621,31.64374351501465,38100,0.0,0.0
2018-04-11 00:00:00+08:00,32.921283457829404,32.921283457829404,31.447196138822115,31.93855857849121,18100,0.0,0.0
2018-04-12 00:00:00+08:00,31.64374265310849,31.938559374498105,31.64374265310849,31.791149139404297,12000,0.0,0.0
2018-04-13 00:00:00+08:00,31.791148366135417,31.791148366135417,30.562744140625,30.562744140625,80000,0.0,0.0
2018-04-16 00:00:00+08:00,30.513606792012315,30.513606792012315,28.548157030867586,29.18692970275879,65264,0.0,0.0
2018-04-17 00:00:00+08:00,29.48174720953319,30.071382528603653,29.48174720953319,29.727428436279297,34105,0.0,0.0
2018-04-18 00:00:00+08:00,30.071383066310073,30.46447266125288,29.825701835170936,29.97311019897461,18004,0.0,0.0
2018-04-19 00:00:00+08:00,30.661018144652388,30.661018144652388,29.530882991154748,29.678293228149414,27300,0.0,0.0
2018-04-20 00:00:00+08:00,29.088658452857096,29.629156417384213,29.088658452857096,29.236066818237305,18205,0.0,0.0
2018-04-23 00:00:00+08:00,29.236066529858135,29.334339397275283,29.236066529858135,29.285202026367188,25351,0.0,0.0
2018-04-24 00:00:00+08:00,29.13779287433044,29.285201234269582,28.9903845143913,29.08865737915039,7174,0.0,0.0
2018-04-25 00:00:00+08:00,28.793838501440767,29.973109118143714,26.337026278642103,29.481746673583984,59400,0.0,0.0
2018-04-26 00:00:00+08:00,28.695568084716797,28.695568084716797,28.695568084716797,28.695568084716797,1000,0.0,0.0
2018-04-27 00:00:00+08:00,29.481746960628886,29.481746960628886,28.15506797252079,29.4326114654541,15000,0.0,0.0
2018-04-30 00:00:00+08:00,28.449887396883938,28.5972957611084,28.449887396883938,28.5972957611084,24002,0.0,0.0
2018-05-02 00:00:00+08:00,27.811113364146753,28.597294393066164,27.811113364146753,28.499021530151367,28004,0.0,0.0
2018-05-03 00:00:00+08:00,28.5972957611084,28.695568628724388,28.5972957611084,28.5972957611084,3000,0.0,0.0
2018-05-04 00:00:00+08:00,28.5972957611084,28.5972957611084,28.54815839010088,28.5972957611084,14000,0.0,0.0
2018-05-07 00:00:00+08:00,28.5972957611084,28.5972957611084,28.253341661651955,28.5972957611084,12000,0.0,0.0
2018-05-08 00:00:00+08:00,28.695568084716797,28.695568084716797,27.614570310232445,28.695568084716797,17000,0.0,0.0
2018-05-09 00:00:00+08:00,28.449887718330086,28.449887718330086,27.860252380371094,27.860252380371094,2000,0.0,0.0
2018-05-10 00:00:00+08:00,27.909386220435408,28.007659083326875,27.712842369051437,27.811113357543945,26000,0.0,0.0
2018-05-11 00:00:00+08:00,27.90938704630989,28.007659912109375,27.90938704630989,28.007659912109375,9000,0.0,0.0
2018-05-14 00:00:00+08:00,28.007659912109375,28.007659912109375,27.516297457510966,28.007659912109375,30546,0.0,0.0
2018-05-15 00:00:00+08:00,27.614569248693964,27.614569248693964,27.51629638671875,27.51629638671875,6100,0.0,0.0
2018-05-16 00:00:00+08:00,27.516296643268507,28.007659083326875,27.516296643268507,27.811113357543945,24000,0.0,0.0
2018-05-17 00:00:00+08:00,27.811115008808386,27.860252380371094,27.811115008808386,27.860252380371094,12000,0.0,0.0
2018-05-18 00:00:00+08:00,27.860252380371094,27.860252380371094,27.860252380371094,27.860252380371094,0,0.0,0.0
2018-05-21 00:00:00+08:00,27.909386220435408,28.302475797602312,27.811113357543945,27.811113357543945,24001,0.0,0.0
2018-05-22 00:00:00+08:00,27.958524959554808,28.00766045620959,27.81111472079236,27.909387588500977,30120,0.0,0.0
2018-05-23 00:00:00+08:00,28.007659661647182,28.007659661647182,27.467161716182012,27.71284294128418,31000,0.0,0.0
2018-05-24 00:00:00+08:00,27.712843788467502,27.712843788467502,26.73011885801687,27.221481323242188,30300,0.0,0.0
2018-05-25 00:00:00+08:00,27.811114781993325,27.811114781993325,27.221481323242188,27.221481323242188,20000,0.0,0.0
2018-05-28 00:00:00+08:00,27.02493561638726,27.02493561638726,26.435300282604455,26.533573150634766,17000,0.0,0.0
2018-05-29 00:00:00+08:00,26.63184464871822,26.828388500269536,26.04220934526636,26.779253005981445,13060,0.0,0.0
2018-05-30 00:00:00+08:00,26.779253005981445,26.779253005981445,25.84566361931609,26.779253005981445,9000,0.0,0.0
2018-05-31 00:00:00+08:00,25.79652917185811,26.631845729445704,25.79652917185811,26.58270835876465,14024,0.0,0.0
2018-06-01 00:00:00+08:00,25.15775817010953,25.943937351450852,25.15775817010953,25.256031036376953,56154,0.0,0.0
2018-06-04 00:00:00+08:00,25.501711684668475,26.1404824892758,25.501711684668475,26.04220962524414,41000,0.0,0.0
2018-06-05 00:00:00+08:00,25.69825553833282,26.23875535330746,25.64912004351648,26.04220962524414,15060,0.0,0.0
2018-06-06 00:00:00+08:00,25.943937731924862,27.909387588500977,25.943937731924862,27.909387588500977,49000,0.0,0.0
2018-06-07 00:00:00+08:00,29.2852015514989,29.2852015514989,27.663705825805664,27.663705825805664,41000,0.0,0.0
2018-06-08 00:00:00+08:00,26.92666244506836,26.92666244506836,26.680981214959342,26.92666244506836,42000,0.0,0.0
2018-06-11 00:00:00+08:00,26.680980962565528,26.975799560546875,26.48443710497698,26.975799560546875,72100,0.0,0.0
2018-06-12 00:00:00+08:00,27.22148020938239,29.088657125956864,27.22148020938239,28.105932235717773,63241,0.0,0.0
2018-06-13 00:00:00+08:00,28.10593277117276,28.449886864189015,28.10593277117276,28.351613998413086,22000,0.0,0.0
2018-06-14 00:00:00+08:00,28.351614005208067,28.793839089707227,27.663705819010687,28.007659912109375,29000,0.0,0.0
2018-06-15 00:00:00+08:00,27.71284294128418,27.71284294128418,27.516297211442847,27.71284294128418,5000,0.0,0.0
2018-06-19 00:00:00+08:00,27.71284325168015,27.71284325168015,26.631845474243164,26.631845474243164,21000,0.0,0.0
2018-06-20 00:00:00+08:00,27.024934768676758,27.516297219016337,26.680980678559255,27.024934768676758,24000,0.0,0.0
2018-06-21 00:00:00+08:00,27.221481323242188,27.221481323242188,27.221481323242188,27.221481323242188,2000,0.0,0.0
2018-06-22 00:00:00+08:00,27.418025284439544,29.923974990844727,27.418025284439544,29.923974990844727,266048,0.0,0.0
2018-06-25 00:00:00+08:00,30.857563143249457,32.87215042114258,30.808427645368763,32.87215042114258,272100,0.0,0.0
2018-06-26 00:00:00+08:00,34.3462349896103,36.11513900756836,34.3462349896103,36.11513900756836,713362,0.0,0.0
2018-06-27 00:00:00+08:00,33.21610251756101,36.06600636841845,32.72474004319236,34.5919189453125,371600,0.0,0.0
2018-06-28 00:00:00+08:00,33.01955361378299,34.49364089562683,32.2333744798925,33.4617805480957,179986,0.0,0.0
2018-06-29 00:00:00+08:00,33.363511160981815,34.88673400878906,32.52819274529539,34.88673400878906,350436,0.0,0.0
2018-07-02 00:00:00+08:00,35.37809713159719,35.77118859924527,33.01955582330481,33.068695068359375,154000,0.0,0.0
2018-07-03 00:00:00+08:00,33.068694553241585,33.068694553241585,30.562744920816385,31.44719696044922,208064,0.0,0.0
2018-07-04 00:00:00+08:00,31.496332512785752,31.496332512785752,30.071382522583008,30.071382522583008,112241,0.0,0.0
2018-07-05 00:00:00+08:00,31.054107990866616,31.054107990866616,29.97311019897461,29.97311019897461,40100,0.0,0.0
2018-07-06 00:00:00+08:00,30.022245936686495,30.759289636026416,27.61457097681552,30.267927169799805,65000,0.0,0.0
2018-07-09 00:00:00+08:00,30.267926902552254,30.66101837158203,28.990385251402603,30.66101837158203,54240,0.0,0.0
2018-07-10 00:00:00+08:00,30.317062920643124,30.611879634861793,29.97310883778871,30.562744140625,30390,0.0,0.0
2018-07-11 00:00:00+08:00,30.51360840291311,30.51360840291311,29.58002084172198,30.267927169799805,63390,0.0,0.0
2018-07-12 00:00:00+08:00,30.46447127775246,30.66101700349754,30.169654563533793,30.562744140625,35000,0.0,0.0
2018-07-13 00:00:00+08:00,29.825701835170936,30.071383066310073,29.481747736696338,29.97311019897461,49000,0.0,0.0
2018-07-16 00:00:00+08:00,29.973110186941803,30.31706428527832,28.84297689903528,30.31706428527832,78300,0.0,0.0
2018-07-17 00:00:00+08:00,30.46447297074742,30.46447297074742,29.28520229953951,29.580020904541016,148000,0.0,0.0
2018-07-18 00:00:00+08:00,29.678293247297514,29.678293247297514,28.499022596973486,28.990385055541992,70050,0.0,0.0
2018-07-19 00:00:00+08:00,28.94124984741211,29.432612310869708,28.351614516383183,28.94124984741211,81000,0.0,0.0
2018-07-20 00:00:00+08:00,28.94124876713827,28.94124876713827,28.155067730312027,28.449886322021484,35000,0.0,0.0
2018-07-23 00:00:00+08:00,28.74470300628097,28.793838500976562,28.007659339453255,28.793838500976562,14000,0.0,0.0
2018-07-24 00:00:00+08:00,28.20420506703357,28.793838500976562,28.20420506703357,28.793838500976562,6002,0.0,0.0
2018-07-25 00:00:00+08:00,28.449887396883938,28.5972957611084,28.449887396883938,28.5972957611084,6000,0.0,0.0
2018-07-26 00:00:00+08:00,28.49902289349241,28.5972957611084,27.811114694579523,28.5972957611084,37000,0.0,0.0
2018-07-27 00:00:00+08:00,28.597295679475256,30.955835123531156,28.597295679475256,29.97311019897461,78004,0.0,0.0
2018-07-30 00:00:00+08:00,29.874837416919128,29.874837416919128,28.49902289349241,28.5972957611084,47000,0.0,0.0
2018-07-31 00:00:00+08:00,28.499023132571047,29.088658468814398,28.400750264130643,28.892112731933594,23000,0.0,0.0
2018-08-01 00:00:00+08:00,28.892111107411594,28.892111107411594,28.499021530151367,28.499021530151367,13001,0.0,0.0
2018-08-02 00:00:00+08:00,28.59729523250727,28.59729523250727,28.007659912109375,28.007659912109375,35038,0.0,0.0
2018-08-03 00:00:00+08:00,28.007659912109375,28.007659912109375,27.76197868481017,28.007659912109375,26000,0.0,0.0
2018-08-06 00:00:00+08:00,28.007659621818302,28.499022071323886,27.95852412662734,28.40074920654297,21355,0.0,0.0
2018-08-07 00:00:00+08:00,28.49902314858161,28.744704382621105,28.400750280085997,28.548158645629883,15000,0.0,0.0
2018-08-08 00:00:00+08:00,29.186930243909483,29.334338603848625,28.64643042493398,29.08865737915039,49000,0.0,0.0
2018-08-09 00:00:00+08:00,29.088657092347034,29.088657092347034,28.499021784005066,28.793838500976562,30000,0.0,0.0
2018-08-10 00:00:00+08:00,28.499022071323886,28.499022071323886,28.40074920654297,28.40074920654297,6000,0.0,0.0
2018-08-13 00:00:00+08:00,27.02493448188993,27.7128426548249,27.02493448188993,27.41802406311035,47001,0.0,0.0
2018-08-14 00:00:00+08:00,27.172342840547717,27.41802406311035,26.435299172859807,27.41802406311035,40004,0.0,0.0
2018-08-15 00:00:00+08:00,26.484437567122722,27.909387588500977,26.042210599633478,27.909387588500977,32807,0.0,0.0
2018-08-16 00:00:00+08:00,27.761978980746843,27.909387343817905,27.172343654063564,27.61457061767578,32000,0.0,0.0
2018-08-17 00:00:00+08:00,27.81111393180585,27.81111393180585,27.024934761238512,27.71284294128418,18000,0.0,0.0
2018-08-20 00:00:00+08:00,26.877526123232144,27.41802406311035,26.82838875408023,27.41802406311035,34000,0.0,0.0
2018-08-21 00:00:00+08:00,27.17234312511243,27.36888885498047,26.33702658477175,27.36888885498047,8000,0.0,0.0
2018-08-22 00:00:00+08:00,27.36888885498047,27.36888885498047,27.36888885498047,27.36888885498047,0,0.0,0.0
2018-08-23 00:00:00+08:00,26.533571782641385,26.533571782641385,25.94393647925845,26.435298919677734,34062,0.0,0.0
2018-08-24 00:00:00+08:00,26.337025798453574,26.533571522453546,25.55084665125156,26.14048194885254,15000,0.0,0.0
2018-08-27 00:00:00+08:00,25.599983480682383,26.23875617980957,25.599983480682383,26.23875617980957,13000,0.0,0.0
2018-08-28 00:00:00+08:00,26.533572906792088,26.631845773919274,26.23875617980957,26.23875617980957,24000,0.0,0.0
2018-08-29 00:00:00+08:00,26.33702658119284,27.909386796726515,26.33702658119284,27.71284294128418,35000,0.0,0.0
2018-08-30 00:00:00+08:00,27.71284294128418,27.81111393180585,27.71284294128418,27.71284294128418,10003,0.0,0.0
2018-08-31 00:00:00+08:00,27.712843688768118,29.08865821156958,27.712843688768118,28.94124984741211,48192,0.0,0.0
2018-09-03 00:00:00+08:00,28.94124847606847,29.236065190413903,28.302475804321773,28.499021530151367,11254,0.0,0.0
2018-09-04 00:00:00+08:00,28.597294386276705,28.597294386276705,27.712842369051437,27.811113357543945,13050,0.0,0.0
2018-09-05 00:00:00+08:00,27.811113644330774,27.811113644330774,27.41802406311035,27.41802406311035,14135,0.0,0.0
2018-09-06 00:00:00+08:00,27.467161975474014,27.516297471198694,27.319751739501953,27.319751739501953,10000,0.0,0.0
2018-09-07 00:00:00+08:00,27.565432421768136,27.565432421768136,26.730117764574356,27.41802406311035,11000,0.0,0.0
2018-09-10 00:00:00+08:00,27.46716258532413,27.46716258532413,26.337027414574145,26.533573150634766,30009,0.0,0.0
2018-09-11 00:00:00+08:00,26.533573150634766,26.533573150634766,26.533573150634766,26.533573150634766,0,0.0,0.0
2018-09-12 00:00:00+08:00,25.55084717948482,26.04220962524414,25.55084717948482,26.04220962524414,5000,0.0,0.0
2018-09-13 00:00:00+08:00,26.04220962524414,26.04220962524414,26.04220962524414,26.04220962524414,0,0.0,0.0
2018-09-14 00:00:00+08:00,26.0422104455552,26.23875617980957,26.0422104455552,26.23875617980957,9000,0.0,0.0
2018-09-17 00:00:00+08:00,26.23875617980957,26.23875617980957,26.0422104455552,26.23875617980957,14000,0.0,0.0
2018-09-18 00:00:00+08:00,26.23875506500129,26.582707273734353,26.091344833374023,26.091344833374023,7100,0.0,0.0
2018-09-19 00:00:00+08:00,26.435300282604455,26.533573150634766,26.337027414574145,26.533573150634766,14000,0.0,0.0
2018-09-20 00:00:00+08:00,26.631846018665076,26.631846018665076,26.140483552912578,26.533573150634766,13000,0.0,0.0
2018-09-21 00:00:00+08:00,26.533573150634766,26.730118886695386,26.435300282604455,26.533573150634766,8000,0.0,0.0
2018-09-25 00:00:00+08:00,26.680981515480703,26.730118886695386,26.533573150634766,26.533573150634766,7411,0.0,0.0
2018-09-26 00:00:00+08:00,26.533571782641385,26.58270727692373,25.845663616294804,26.435298919677734,21000,0.0,0.0
2018-09-27 00:00:00+08:00,26.435300282604455,26.533573150634766,26.435300282604455,26.533573150634766,2000,0.0,0.0
2018-09-28 00:00:00+08:00,26.533573150634766,26.533573150634766,26.533573150634766,26.533573150634766,1000,0.0,0.0
2018-10-01 00:00:00+08:00,26.238756435573134,26.533573165429395,26.189619064331055,26.189619064331055,8000,0.0,0.0
2018-10-02 00:00:00+08:00,26.04220962524414,26.04220962524414,26.04220962524414,26.04220962524414,5000,0.0,0.0
2018-10-03 00:00:00+08:00,26.04220962524414,26.04220962524414,25.206893092573495,26.04220962524414,5000,0.0,0.0
2018-10-04 00:00:00+08:00,25.74739290754814,26.04220962524414,25.74739290754814,26.04220962524414,4000,0.0,0.0
2018-10-05 00:00:00+08:00,26.533572930556076,26.533572930556076,25.55084800720215,25.55084800720215,24000,0.0,0.0
2018-10-08 00:00:00+08:00,26.18961772661532,26.18961772661532,25.550846928287914,25.747392654418945,15000,0.0,0.0
2018-10-09 00:00:00+08:00,25.698256359164642,25.89480209350586,25.698256359164642,25.89480209350586,3000,0.0,0.0
2018-10-11 00:00:00+08:00,25.108620817012852,25.157758187379805,24.07676040649414,24.56812286376953,39000,0.0,0.0
2018-10-12 00:00:00+08:00,25.550847778320314,25.550847778320314,23.978487540159257,24.56812286376953,18000,0.0,0.0
2018-10-15 00:00:00+08:00,25.45257431667309,25.747392908782203,24.81380351203515,25.35430145263672,21002,0.0,0.0
2018-10-16 00:00:00+08:00,25.35430091429535,25.452573776245117,24.86293847894545,25.452573776245117,7014,0.0,0.0
2018-10-17 00:00:00+08:00,25.74739374163255,25.79652923804063,25.55084800720215,25.55084800720215,5001,0.0,0.0
2018-10-18 00:00:00+08:00,25.059485545525185,25.79652923804063,25.059485545525185,25.55084800720215,12000,0.0,0.0
2018-10-19 00:00:00+08:00,25.501712510794068,25.55084800720215,24.961212678309984,25.55084800720215,7000,0.0,0.0
2018-10-22 00:00:00+08:00,25.55084800720215,25.55084800720215,25.55084800720215,25.55084800720215,9005,0.0,0.0
2018-10-23 00:00:00+08:00,25.55084800720215,25.55084800720215,25.354302272771747,25.55084800720215,7000,0.0,0.0
2018-10-24 00:00:00+08:00,25.55084800720215,25.55084800720215,25.55084800720215,25.55084800720215,0,0.0,0.0
2018-10-25 00:00:00+08:00,24.666395153180083,25.35430145263672,24.27330557143358,25.35430145263672,9000,0.0,0.0
2018-10-26 00:00:00+08:00,24.862939006853846,25.35430145263672,24.568122289143712,25.35430145263672,11000,0.0,0.0
2018-10-29 00:00:00+08:00,24.71553068226475,24.71553068226475,24.66639518737793,24.66639518737793,3220,0.0,0.0
2018-10-30 00:00:00+08:00,24.617257280745587,25.354300934353528,24.617257280745587,24.764667510986328,14000,0.0,0.0
2018-10-31 00:00:00+08:00,24.71553068226475,25.05948476966942,24.66639518737793,24.66639518737793,28000,0.0,0.0
2018-11-01 00:00:00+08:00,25.108620264556237,25.35430148778829,24.66639518737793,24.66639518737793,14000,0.0,0.0
2018-11-02 00:00:00+08:00,24.56812286376953,25.05948532104492,24.371577131099766,24.56812286376953,23000,0.0,0.0
2018-11-05 00:00:00+08:00,24.027625218218915,24.076760714816064,23.831079483032227,23.831079483032227,15220,0.0,0.0
2018-11-06 00:00:00+08:00,23.63453350438905,23.63453350438905,22.013037766198366,23.53626251220703,36062,0.0,0.0
2018-11-07 00:00:00+08:00,23.48712574085643,23.48712574085643,22.4061279296875,22.4061279296875,25000,0.0,0.0
2018-11-08 00:00:00+08:00,22.4061279296875,22.553538170518912,22.4061279296875,22.4061279296875,3384,0.0,0.0
2018-11-09 00:00:00+08:00,22.602672576904297,22.602672576904297,22.602672576904297,22.602672576904297,4000,0.0,0.0
2018-11-12 00:00:00+08:00,22.848353242846102,22.848353242846102,22.013036727905273,22.013036727905273,16000,0.0,0.0
2018-11-13 00:00:00+08:00,22.013036727905273,22.013036727905273,22.013036727905273,22.013036727905273,0,0.0,0.0
2018-11-14 00:00:00+08:00,21.963902830390488,22.4061279296875,21.030313385653894,22.4061279296875,29000,0.0,0.0
2018-11-15 00:00:00+08:00,22.111311196822825,22.4061279296875,22.062175699478406,22.4061279296875,6246,0.0,0.0
2018-11-16 00:00:00+08:00,22.209583282470703,22.209583282470703,22.209583282470703,22.209583282470703,2010,0.0,0.0
2018-11-19 00:00:00+08:00,21.423402231898876,22.406127139314403,21.128585509433822,22.209583282470703,35000,0.0,0.0
2018-11-20 00:00:00+08:00,21.128586381874587,22.111311329868755,20.686359405517578,20.686359405517578,37000,0.0,0.0
2018-11-21 00:00:00+08:00,20.342405858935386,20.342405858935386,20.24413299560547,20.24413299560547,5000,0.0,0.0
2018-11-22 00:00:00+08:00,20.24413440045355,20.440678266353643,19.654499053955078,19.654499053955078,38000,0.0,0.0
2018-11-23 00:00:00+08:00,20.4406773954862,20.4406773954862,20.14586067199707,20.14586067199707,18000,0.0,0.0
2018-11-26 00:00:00+08:00,20.588087631629783,20.588087631629783,20.14586067199707,20.14586067199707,2308,0.0,0.0
2018-11-27 00:00:00+08:00,20.145860960352334,20.145860960352334,20.096725463867188,20.096725463867188,4000,0.0,0.0
2018-11-28 00:00:00+08:00,20.14585985456194,20.637222290039062,20.14585985456194,20.637222290039062,8000,0.0,0.0
2018-11-29 00:00:00+08:00,20.63722254568548,21.07944949285261,20.24413296731412,20.932039260864258,9000,0.0,0.0
2018-11-30 00:00:00+08:00,21.12858527450941,21.226858139038086,21.12858527450941,21.226858139038086,8039,0.0,0.0
2018-12-03 00:00:00+08:00,21.27599334483881,21.27599334483881,20.932039260864258,20.932039260864258,15000,0.0,0.0
2018-12-04 00:00:00+08:00,20.440677101879526,20.538949966430664,20.440677101879526,20.538949966430664,6000,0.0,0.0
2018-12-05 00:00:00+08:00,20.489815058945474,20.489815058945474,20.096725463867188,20.096725463867188,3000,0.0,0.0
2018-12-06 00:00:00+08:00,20.145861530303957,20.145861530303957,19.654499053955078,19.654499053955078,14000,0.0,0.0
2018-12-07 00:00:00+08:00,19.752771082545223,20.244133537959787,19.752771082545223,20.14586067199707,31150,0.0,0.0
2018-12-10 00:00:00+08:00,20.24413440045355,20.24413440045355,19.654499053955078,19.654499053955078,32000,0.0,0.0
2018-12-11 00:00:00+08:00,19.654498510133003,19.752771377563477,19.654498510133003,19.752771377563477,2150,0.0,0.0
2018-12-12 00:00:00+08:00,19.94931563837804,21.71822166442871,19.94931563837804,21.71822166442871,65000,0.0,0.0
2018-12-13 00:00:00+08:00,21.81649316430995,22.3078556060791,21.52167457460908,22.3078556060791,74055,0.0,0.0
2018-12-14 00:00:00+08:00,21.71822166442871,21.71822166442871,21.71822166442871,21.71822166442871,2011,0.0,0.0
2018-12-17 00:00:00+08:00,20.68635832132985,21.226858139038086,20.440677097207647,21.226858139038086,15013,0.0,0.0
2018-12-18 00:00:00+08:00,20.637223119992353,20.637223119992353,20.48981475830078,20.48981475830078,4000,0.0,0.0
2018-12-19 00:00:00+08:00,20.932039291996325,20.932039291996325,20.58808708190918,20.58808708190918,10200,0.0,0.0
2018-12-20 00:00:00+08:00,20.342406650069467,20.440677642822266,20.145860915765798,20.440677642822266,25000,0.0,0.0
2018-12-21 00:00:00+08:00,20.538949711196256,20.538949711196256,20.24413299560547,20.24413299560547,4000,0.0,0.0
2018-12-24 00:00:00+08:00,20.440677642822266,20.440677642822266,20.194996412142196,20.440677642822266,9000,0.0,0.0
2018-12-25 00:00:00+08:00,20.194995880126953,20.24413324960792,20.194995880126953,20.194995880126953,10000,0.0,0.0
2018-12-26 00:00:00+08:00,20.14586067199707,20.14586067199707,20.14586067199707,20.14586067199707,4000,0.0,0.0
2018-12-27 00:00:00+08:00,20.14586067199707,20.14586067199707,20.14586067199707,20.14586067199707,3000,0.0,0.0
2018-12-28 00:00:00+08:00,20.14586067199707,20.14586067199707,20.14586067199707,20.14586067199707,3020,0.0,0.0
2019-01-02 00:00:00+08:00,20.44067656608864,20.637222290039062,20.244132716537155,20.637222290039062,22000,0.0,0.0
2019-01-03 00:00:00+08:00,21.07945062341812,21.619948588367688,20.735496520996094,20.735496520996094,20000,0.0,0.0
2019-01-04 00:00:00+08:00,20.5880870800607,20.83376830118601,20.24413299560547,20.24413299560547,18000,0.0,0.0
2019-01-07 00:00:00+08:00,21.423402786254883,21.423402786254883,21.423402786254883,21.423402786254883,1001,0.0,0.0
2019-01-08 00:00:00+08:00,21.325131008440792,21.325131008440792,20.489814471354588,20.538949966430664,15004,0.0,0.0
2019-01-09 00:00:00+08:00,20.440677101879526,20.538949966430664,20.244133247176233,20.538949966430664,12009,0.0,0.0
2019-01-10 00:00:00+08:00,20.58808708190918,20.58808708190918,20.538949713040324,20.58808708190918,7012,0.0,0.0
2019-01-11 00:00:00+08:00,20.538949966430664,20.538949966430664,20.244133247176233,20.538949966430664,15048,0.0,0.0
2019-01-14 00:00:00+08:00,20.342405578512366,20.637222290039062,20.342405578512366,20.637222290039062,12167,0.0,0.0
2019-01-15 00:00:00+08:00,20.637222290039062,20.637222290039062,20.637222290039062,20.637222290039062,1000,0.0,0.0
2019-01-16 00:00:00+08:00,20.68635804008229,20.932039260864258,20.63722254568548,20.932039260864258,7000,0.0,0.0
2019-01-17 00:00:00+08:00,20.637223377125938,20.637223377125938,20.244133782917633,20.440677642822266,7005,0.0,0.0
2019-01-18 00:00:00+08:00,20.24413299560547,20.24413299560547,20.14586013227555,20.24413299560547,3000,0.0,0.0
2019-01-21 00:00:00+08:00,22.258718490600586,22.258718490600586,22.258718490600586,22.258718490600586,37004,0.0,0.0
2019-01-22 00:00:00+08:00,24.469850540161133,24.469850540161133,24.469850540161133,24.469850540161133,30000,0.0,0.0
2019-01-23 00:00:00+08:00,26.877527236938477,26.877527236938477,25.94393780275634,26.877527236938477,796504,0.0,0.0
2019-01-24 00:00:00+08:00,26.48443603515625,26.48443603515625,24.961211359779785,26.48443603515625,258052,0.0,0.0
2019-01-25 00:00:00+08:00,25.69825637082543,26.238756203309514,25.256031279955586,25.55084800720215,151701,0.0,0.0
2019-01-28 00:00:00+08:00,25.550847760780194,26.680981036857972,25.256031036376953,25.256031036376953,133000,0.0,0.0
2019-01-29 00:00:00+08:00,24.764668596439297,25.599983274288242,24.56812286376953,24.56812286376953,78601,0.0,0.0
2019-01-30 00:00:00+08:00,24.469850006191436,24.666395738931534,23.781943690399128,24.22416877746582,61561,0.0,0.0
2019-02-11 00:00:00+08:00,24.22416795753801,25.15775734485528,24.076759600171854,25.059484481811523,13003,0.0,0.0
2019-02-12 00:00:00+08:00,24.91207720544829,25.0594855692109,24.371577372453338,24.862939834594727,28411,0.0,0.0
2019-02-13 00:00:00+08:00,24.813804711150976,25.0103504487217,23.781944274902344,23.781944274902344,72000,0.0,0.0
2019-02-14 00:00:00+08:00,23.97848675894588,24.17503248521223,23.437988823311855,23.683670043945312,31001,0.0,0.0
2019-02-15 00:00:00+08:00,23.831078946590424,24.322441399097443,23.585397720336914,23.585397720336914,40004,0.0,0.0
2019-02-18 00:00:00+08:00,23.683670874879088,23.831079237551144,23.192308416372878,23.53626251220703,68001,0.0,0.0
2019-02-19 00:00:00+08:00,23.831078385037767,25.845663643085498,23.683670027638975,25.747392654418945,434008,0.0,0.0
2019-02-20 00:00:00+08:00,24.862939737272818,27.71284350605663,24.273306284530403,26.92666244506836,212558,0.0,0.0
2019-02-21 00:00:00+08:00,26.92666135686638,26.92666135686638,25.747392624640955,26.091344833374023,146002,0.0,0.0
2019-02-22 00:00:00+08:00,26.337027196125675,26.337027196125675,25.452575139986948,25.55084800720215,35000,0.0,0.0
2019-02-25 00:00:00+08:00,25.55084746567814,26.533572368204222,25.20689337491421,25.649120330810547,44001,0.0,0.0
2019-02-26 00:00:00+08:00,25.747392362094423,25.796527855869837,25.452573776245117,25.452573776245117,29001,0.0,0.0
2019-02-27 00:00:00+08:00,25.452573776245117,25.550846638194887,25.305165420519934,25.452573776245117,63283,0.0,0.0
2019-03-04 00:00:00+08:00,25.64912087441735,25.99307497247103,25.403439643578867,25.55084800720215,53004,0.0,0.0
2019-03-05 00:00:00+08:00,25.74739290815691,25.74739290815691,25.550847180088944,25.69825553894043,19004,0.0,0.0
2019-03-06 00:00:00+08:00,25.698255539564528,25.747392908782203,25.35430145263672,25.35430145263672,46031,0.0,0.0
2019-03-07 00:00:00+08:00,25.354302591341085,25.354302591341085,24.568123392539448,24.813804626464844,36008,0.0,0.0
2019-03-08 00:00:00+08:00,24.666395974377593,24.862939834594727,24.56812310706951,24.862939834594727,28000,0.0,0.0
2019-03-11 00:00:00+08:00,25.747392648718872,26.82838851900334,25.059484481811523,25.059484481811523,64002,0.0,0.0
2019-03-12 00:00:00+08:00,25.059484481811523,25.059484481811523,24.961211618767763,25.059484481811523,9152,0.0,0.0
2019-03-13 00:00:00+08:00,25.05948531232476,25.05948531232476,24.86293957972339,24.912076950073242,10001,0.0,0.0
2019-03-14 00:00:00+08:00,24.76466884168568,25.10862106566542,24.76466884168568,24.862939834594727,9002,0.0,0.0
2019-03-15 00:00:00+08:00,24.912076410609984,24.912076410609984,24.66639518737793,24.66639518737793,29000,0.0,0.0
2019-03-18 00:00:00+08:00,24.764667510986328,25.15775708469744,24.764667510986328,24.764667510986328,6001,0.0,0.0
2019-03-19 00:00:00+08:00,24.813803004800615,25.30516544053924,24.764667510986328,24.764667510986328,28185,0.0,0.0
2019-03-20 00:00:00+08:00,24.862939588375156,24.862939588375156,24.46984999743465,24.56812286376953,39050,0.0,0.0
2019-03-21 00:00:00+08:00,24.7155301427731,24.961211360642416,24.7155301427731,24.764667510986328,53218,0.0,0.0
2019-03-22 00:00:00+08:00,24.764668579438872,25.45257489451277,24.568122846904032,25.256031036376953,86000,0.0,0.0
2019-03-25 00:00:00+08:00,25.256031517977306,26.33702744433508,25.256031517977306,25.845664978027344,63002,0.0,0.0
2019-03-26 00:00:00+08:00,25.845664978027344,26.28789194746393,25.74739398428504,25.845664978027344,45001,0.0,0.0
2019-03-27 00:00:00+08:00,26.43529946104551,26.43529946104551,25.845664145587453,26.337026596069336,34104,0.0,0.0
2019-03-28 00:00:00+08:00,26.33702688376478,26.33702688376478,25.943937293965114,26.287891387939453,34002,0.0,0.0
2019-03-29 00:00:00+08:00,26.337026342940145,26.533572071003466,26.04220962524414,26.04220962524414,76018,0.0,0.0
2019-04-01 00:00:00+08:00,26.484437275453693,28.64643096923828,26.484437275453693,28.64643096923828,276880,0.0,0.0
2019-04-02 00:00:00+08:00,30.464472441429184,30.464472441429184,28.49902260649827,28.64643096923828,267282,0.0,0.0
2019-04-03 00:00:00+08:00,28.793839649080414,28.793839649080414,27.614570859774176,27.909387588500977,114001,0.0,0.0
2019-04-08 00:00:00+08:00,27.909387588500977,28.449887423698836,27.81111472079236,27.909387588500977,62021,0.0,0.0
2019-04-09 00:00:00+08:00,27.909387053165215,27.909387053165215,27.61457033009336,27.663705825805664,30001,0.0,0.0
2019-04-10 00:00:00+08:00,27.81111472079236,28.00766045620959,27.516297992065564,27.909387588500977,36000,0.0,0.0
2019-04-11 00:00:00+08:00,28.007660746261074,28.007660746261074,27.516298277028422,27.860252380371094,37000,0.0,0.0
2019-04-12 00:00:00+08:00,27.860251757739107,30.21879118246644,27.860251757739107,29.678293228149414,143383,0.0,0.0
2019-04-15 00:00:00+08:00,29.678293542598507,29.678293542598507,28.597295748111982,28.94124984741211,68190,0.0,0.0
2019-04-16 00:00:00+08:00,28.990385065230996,29.481747523963726,28.44988711038461,28.64643096923828,39000,0.0,0.0
2019-04-17 00:00:00+08:00,28.64643071464082,29.08865767332956,28.64643071464082,28.695568084716797,84000,0.0,0.0
2019-04-18 00:00:00+08:00,29.432611766265357,29.48174726194232,28.49902235321091,28.695568084716797,53000,0.0,0.0
2019-04-19 00:00:00+08:00,28.30247686378647,29.13779341823274,28.105933004998484,28.990385055541992,25070,0.0,0.0
2019-04-22 00:00:00+08:00,29.08865683657071,29.08865683657071,28.449886039149856,28.842975616455078,31000,0.0,0.0
2019-04-23 00:00:00+08:00,28.59729546356699,29.0886579221355,28.30247686378647,28.990385055541992,26005,0.0,0.0
2019-04-24 00:00:00+08:00,29.285200979200837,29.285200979200837,28.40074895287042,28.449886322021484,56003,0.0,0.0
2019-04-25 00:00:00+08:00,28.94124902563851,28.94124902563851,28.105932486599215,28.40074920654297,29005,0.0,0.0
2019-04-26 00:00:00+08:00,28.40074920654297,28.548157566514845,28.007659621818302,28.40074920654297,25000,0.0,0.0
2019-04-29 00:00:00+08:00,28.49902290675951,28.49902290675951,28.05679593948121,28.253341674804688,25049,0.0,0.0
2019-04-30 00:00:00+08:00,28.4007495009083,28.499022366707784,27.81111418051041,28.007659912109375,43152,0.0,0.0
2019-05-02 00:00:00+08:00,28.10593359800783,28.351614832475732,28.007660729340856,28.204206466674805,16000,0.0,0.0
2019-05-03 00:00:00+08:00,28.204205351380132,29.874836555059723,28.204205351380132,28.40074920654297,95000,0.0,0.0
2019-05-06 00:00:00+08:00,28.69556780418925,28.69556780418925,28.007659625042642,28.056795120239258,25000,0.0,0.0
2019-05-07 00:00:00+08:00,27.81111442403363,28.548158112385043,27.81111442403363,28.30247688293457,14045,0.0,0.0
2019-05-08 00:00:00+08:00,28.007660746261074,28.302477478041038,27.811115008808386,27.860252380371094,18420,0.0,0.0
2019-05-09 00:00:00+08:00,28.00766045620959,28.00766045620959,27.71284372748279,27.909387588500977,14000,0.0,0.0
2019-05-10 00:00:00+08:00,27.123208157839553,27.66370611389979,27.123208157839553,27.61457061767578,39000,0.0,0.0
2019-05-13 00:00:00+08:00,28.548157017631496,28.548157017631496,27.516296643268507,27.811113357543945,11000,0.0,0.0
2019-05-14 00:00:00+08:00,27.12320845531731,27.712843788467502,27.12320845531731,27.221481323242188,24000,0.0,0.0
2019-05-15 00:00:00+08:00,27.516297215182004,27.516297215182004,27.36888885498047,27.36888885498047,16000,0.0,0.0
2019-05-16 00:00:00+08:00,26.828389035042854,27.860251305251577,26.828389035042854,27.36888885498047,20114,0.0,0.0
2019-05-17 00:00:00+08:00,27.81111393558507,27.81111393558507,27.270615990046448,27.36888885498047,6101,0.0,0.0
2019-05-20 00:00:00+08:00,27.36888831255151,27.36888831255151,27.123207092285156,27.123207092285156,4000,0.0,0.0
2019-05-21 00:00:00+08:00,27.516297215182004,27.516297215182004,27.024934764910896,27.36888885498047,15000,0.0,0.0
2019-05-22 00:00:00+08:00,26.97579845091122,27.17234230041504,26.533571509329487,27.17234230041504,29000,0.0,0.0
2019-05-23 00:00:00+08:00,27.81111367895375,27.81111367895375,26.730117797851562,26.730117797851562,12000,0.0,0.0
2019-05-24 00:00:00+08:00,26.82838933188688,27.36888915780488,26.533572608221796,26.631845474243164,19000,0.0,0.0
2019-05-27 00:00:00+08:00,26.680981515480703,26.680981515480703,26.140483552912578,26.533573150634766,8209,0.0,0.0
2019-05-28 00:00:00+08:00,28.204204826442613,28.204204826442613,26.091344833374023,26.091344833374023,20000,0.0,0.0
2019-05-29 00:00:00+08:00,26.140483336094313,26.189618832502394,25.55084800720215,25.55084800720215,34000,0.0,0.0
2019-05-30 00:00:00+08:00,25.55084746567814,26.484436872837517,25.55084746567814,25.649120330810547,16773,0.0,0.0
2019-05-31 00:00:00+08:00,25.55084800720215,25.55084800720215,25.256031279955586,25.55084800720215,22012,0.0,0.0
2019-06-03 00:00:00+08:00,25.25603159729018,25.50171283121557,24.568123392539448,24.813804626464844,84000,0.0,0.0
2019-06-04 00:00:00+08:00,24.715531209105652,25.256031036376953,24.715531209105652,25.256031036376953,4000,0.0,0.0
2019-06-05 00:00:00+08:00,25.059484196179064,25.15775705810269,24.961211334255434,25.108619689941406,10000,0.0,0.0
2019-06-06 00:00:00+08:00,25.25603075370571,25.25603075370571,24.961212158203125,24.961212158203125,4000,0.0,0.0
2019-06-10 00:00:00+08:00,24.764668596439297,24.96121245471004,24.224168768796954,24.56812286376953,10000,0.0,0.0
2019-06-11 00:00:00+08:00,24.961212975994176,25.550848311918255,24.81380461061292,25.157758712768555,37000,0.0,0.0
2019-06-12 00:00:00+08:00,25.845663640263325,25.845663640263325,24.568122043748012,25.403438568115234,19414,0.0,0.0
2019-06-13 00:00:00+08:00,24.91207720544829,24.91207720544829,24.617258603524032,24.862939834594727,15000,0.0,0.0
2019-06-14 00:00:00+08:00,24.71553147083212,25.550848031352288,24.666395974377593,24.862939834594727,18768,0.0,0.0
2019-06-17 00:00:00+08:00,24.617257280745587,24.764667510986328,24.617257280745587,24.764667510986328,2001,0.0,0.0
2019-06-18 00:00:00+08:00,24.56812286376953,24.56812286376953,24.56812286376953,24.56812286376953,4010,0.0,0.0
2019-06-19 00:00:00+08:00,24.56812340867565,24.617258905733376,24.469850540161133,24.469850540161133,12000,0.0,0.0
2019-06-20 00:00:00+08:00,24.420715043103407,24.617258905733376,24.420715043103407,24.469850540161133,19000,0.0,0.0
2019-06-21 00:00:00+08:00,25.3543017398822,25.3543017398822,25.305166244506836,25.305166244506836,8010,0.0,0.0
2019-06-24 00:00:00+08:00,26.631845797771277,26.631845797771277,25.256031279955586,25.55084800720215,11920,0.0,0.0
2019-06-25 00:00:00+08:00,25.550848311918255,25.698256677299508,25.157758712768555,25.157758712768555,3000,0.0,0.0
2019-06-26 00:00:00+08:00,25.943937626185594,25.943937626185594,24.862939834594727,24.862939834594727,9000,0.0,0.0
2019-06-27 00:00:00+08:00,25.305165705060453,25.403438568115234,25.305165705060453,25.403438568115234,7000,0.0,0.0
2019-06-28 00:00:00+08:00,25.256031036376953,25.256031036376953,25.256031036376953,25.256031036376953,1000,0.0,0.0
2019-07-01 00:00:00+08:00,25.256031036376953,25.84566448518343,25.256031036376953,25.256031036376953,18004,0.0,0.0
2019-07-02 00:00:00+08:00,25.45257431667309,25.943936762455966,25.305165957818023,25.35430145263672,12213,0.0,0.0
2019-07-03 00:00:00+08:00,25.550846638194887,25.94393621159502,25.452573776245117,25.452573776245117,16000,0.0,0.0
2019-07-04 00:00:00+08:00,25.55084800720215,25.55084800720215,25.55084800720215,25.55084800720215,1000,0.0,0.0
2019-07-05 00:00:00+08:00,25.64912058558582,25.845664443403926,25.25603099555059,25.59998321533203,13000,0.0,0.0
2019-07-08 00:00:00+08:00,25.354302272771747,25.55084800720215,25.305166776363667,25.55084800720215,7000,0.0,0.0
2019-07-09 00:00:00+08:00,25.354301979562404,25.943937301635742,25.354301979562404,25.943937301635742,10000,0.0,0.0
2019-07-10 00:00:00+08:00,25.74739290815691,25.84566389779192,25.0103492395005,25.69825553894043,94000,0.0,0.0
2019-07-11 00:00:00+08:00,25.305165957818023,25.35430145263672,25.059484734926585,25.35430145263672,35266,0.0,0.0
2019-07-12 00:00:00+08:00,25.206893666043733,25.45257489451277,25.10862079977631,25.256031036376953,21010,0.0,0.0
2019-07-15 00:00:00+08:00,25.256031036376953,25.30516653231115,25.10862079977631,25.256031036376953,29000,0.0,0.0
2019-07-16 00:00:00+08:00,25.25603074913147,25.305166244506836,25.206893379357105,25.305166244506836,31000,0.0,0.0
2019-07-17 00:00:00+08:00,25.157758712768555,25.256031581155746,25.157758712768555,25.157758712768555,10000,0.0,0.0
2019-07-18 00:00:00+08:00,25.3543014514215,26.09134512006048,25.3543014514215,26.04220962524414,56112,0.0,0.0
2019-07-19 00:00:00+08:00,26.582707273734353,26.63184464240976,25.845663613193857,26.091344833374023,34000,0.0,0.0
2019-07-22 00:00:00+08:00,25.64911951325155,26.14048194885254,25.64911951325155,26.14048194885254,20000,0.0,0.0
2019-07-23 00:00:00+08:00,25.943937589891643,25.943937589891643,25.89480209350586,25.89480209350586,14000,0.0,0.0
2019-07-24 00:00:00+08:00,25.894800724524043,26.1404819422626,25.796527862548828,25.796527862548828,5000,0.0,0.0
2019-07-25 00:00:00+08:00,25.649120330810547,25.649120330810547,25.55084746567814,25.649120330810547,18000,0.0,0.0
2019-07-26 00:00:00+08:00,25.550846928287914,25.747392654418945,24.813803266894993,25.747392654418945,14013,0.0,0.0
2019-07-29 00:00:00+08:00,25.501712510794068,25.59998350361023,25.501712510794068,25.55084800720215,3248,0.0,0.0
2019-07-30 00:00:00+08:00,25.649119520436066,25.649119520436066,24.5681217869313,24.764667510986328,63000,0.0,0.0
2019-07-31 00:00:00+08:00,24.912077181901903,26.533572930556076,24.912077181901903,25.55084800720215,54001,0.0,0.0
2019-08-01 00:00:00+08:00,25.452575139986948,25.55084800720215,25.354302272771747,25.55084800720215,5000,0.0,0.0
2019-08-02 00:00:00+08:00,25.256031291728462,25.403439655420456,25.157758424467453,25.206893920898438,13081,0.0,0.0
2019-08-05 00:00:00+08:00,25.256031036376953,25.993074721784073,25.15775817010953,25.256031036376953,27000,0.0,0.0
2019-08-06 00:00:00+08:00,25.698255830706753,25.698255830706753,25.206893379357105,25.305166244506836,15001,0.0,0.0
2019-08-07 00:00:00+08:00,25.206893909148466,26.189618832502394,25.206893909148466,25.55084800720215,28000,0.0,0.0
2019-08-08 00:00:00+08:00,25.89480155644207,25.94393705180877,25.45257460054573,25.649120330810547,26001,0.0,0.0
2019-08-12 00:00:00+08:00,25.649120862778855,26.533572918516256,25.649120862778855,25.89480209350586,46000,0.0,0.0
2019-08-13 00:00:00+08:00,25.943936224852568,26.14048194885254,25.84566336285258,26.14048194885254,71100,0.0,0.0
2019-08-14 00:00:00+08:00,26.435300268241875,28.744704230903693,26.435300268241875,26.877527236938477,189104,0.0,0.0
2019-08-15 00:00:00+08:00,26.435300063340875,26.435300063340875,25.403439643578867,25.55084800720215,85000,0.0,0.0
2019-08-16 00:00:00+08:00,25.943936218312178,25.943936218312178,25.40343828904692,25.796527862548828,13000,0.0,0.0
2019-08-19 00:00:00+08:00,25.796527862548828,25.796527862548828,25.796527862548828,25.796527862548828,1001,0.0,0.0
2019-08-20 00:00:00+08:00,25.599982961044844,25.649120330810547,25.55084746567814,25.649120330810547,7000,0.0,0.0
2019-08-21 00:00:00+08:00,25.7965284036009,25.7965284036009,25.305165957818023,25.35430145263672,49121,0.0,0.0
2019-08-22 00:00:00+08:00,25.354300907551007,25.354300907551007,24.568121760959865,25.108619689941406,52000,0.0,0.0
2019-08-23 00:00:00+08:00,24.961212158203125,25.10862051875492,24.961212158203125,24.961212158203125,21000,0.0,0.0
2019-08-26 00:00:00+08:00,24.961212975994176,25.354302575143873,24.961212975994176,25.157758712768555,36000,0.0,0.0
2019-08-27 00:00:00+08:00,25.354302272771747,25.84566473444871,25.354302272771747,25.55084800720215,79092,0.0,0.0
2019-08-28 00:00:00+08:00,26.04220908028739,26.04220908028739,25.747392368760693,25.796527862548828,46000,0.0,0.0
2019-08-29 00:00:00+08:00,25.943936506151015,25.943936506151015,25.64911979135343,25.747392654418945,12000,0.0,0.0
2019-08-30 00:00:00+08:00,25.747392908782203,25.747392908782203,24.961211870890217,25.35430145263672,143000,0.0,0.0
2019-09-02 00:00:00+08:00,25.55084746567814,25.649120330810547,25.20689337491421,25.649120330810547,21003,0.0,0.0
2019-09-03 00:00:00+08:00,25.993074131673637,25.993074131673637,25.35430145263672,25.35430145263672,17002,0.0,0.0
2019-09-04 00:00:00+08:00,25.35430202824535,25.35430202824535,24.96121243757469,25.256031036376953,25773,0.0,0.0
2019-09-05 00:00:00+08:00,25.649119788552717,25.649119788552717,25.01034899029506,25.403438568115234,17000,0.0,0.0
2019-09-06 00:00:00+08:00,26.287891711971465,26.287891711971465,25.206893920898438,25.206893920898438,18002,0.0,0.0
2019-09-10 00:00:00+08:00,25.452574609641765,25.452574609641765,24.56812257193201,24.961212158203125,56000,0.0,0.0
2019-09-11 00:00:00+08:00,25.649120044745832,27.418024099804587,24.961211870890217,25.35430145263672,152428,0.0,0.0
2019-09-12 00:00:00+08:00,25.305166244506836,25.305166244506836,25.15775788398174,25.305166244506836,28000,0.0,0.0
2019-09-16 00:00:00+08:00,25.206894194093955,25.501712799072266,25.206894194093955,25.501712799072266,13000,0.0,0.0
2019-09-17 00:00:00+08:00,25.256031565456535,25.599983792999307,25.206894194093955,25.501712799072266,13000,0.0,0.0
2019-09-18 00:00:00+08:00,24.9120758471198,25.452573776245117,24.9120758471198,25.452573776245117,20000,0.0,0.0
2019-09-19 00:00:00+08:00,25.256031565456535,25.550848296035788,25.256031565456535,25.501712799072266,8000,0.0,0.0
2019-09-20 00:00:00+08:00,25.649120330810547,25.698255826177252,25.55084746567814,25.649120330810547,29204,0.0,0.0
2019-09-23 00:00:00+08:00,25.69825637082543,25.69825637082543,25.501712510794068,25.55084800720215,30000,0.0,0.0
2019-09-24 00:00:00+08:00,26.38616426980151,26.38616426980151,25.550847719477257,25.59998321533203,38547,0.0,0.0
2019-09-25 00:00:00+08:00,25.550846925497932,25.550846925497932,25.305165705060453,25.403438568115234,11000,0.0,0.0
2019-09-26 00:00:00+08:00,25.45257460054573,25.94393705180877,25.354301735413323,25.649120330810547,30374,0.0,0.0
2019-09-27 00:00:00+08:00,25.403439357513925,25.64912058558582,25.354301987260133,25.59998321533203,22001,0.0,0.0
2019-10-01 00:00:00+08:00,25.64912087441735,25.99307497247103,25.55084800720215,25.55084800720215,39000,0.0,0.0
2019-10-02 00:00:00+08:00,25.74739374163255,25.74739374163255,25.354302272771747,25.55084800720215,24185,0.0,0.0
2019-10-03 00:00:00+08:00,25.25603074913147,25.501711974806295,25.15775788398174,25.305166244506836,20000,0.0,0.0
2019-10-04 00:00:00+08:00,25.747393493315034,25.747393493315034,25.256031036376953,25.256031036376953,11000,0.0,0.0
2019-10-07 00:00:00+08:00,25.206893666043733,25.256031036376953,25.206893666043733,25.256031036376953,21000,0.0,0.0
2019-10-08 00:00:00+08:00,25.20689284200567,25.50171143117002,25.20689284200567,25.403438568115234,9000,0.0,0.0
2019-10-09 00:00:00+08:00,25.45257460503193,25.45257460503193,25.15775788398174,25.305166244506836,10020,0.0,0.0
2019-10-14 00:00:00+08:00,25.55084800720215,25.74739374163255,25.55084800720215,25.55084800720215,43100,0.0,0.0
2019-10-15 00:00:00+08:00,25.943936727432185,28.105932235717773,25.943936727432185,28.105932235717773,1056868,0.0,0.0
2019-10-16 00:00:00+08:00,28.695568349574547,29.432612037925956,27.81111442403363,28.30247688293457,799497,0.0,0.0
2019-10-17 00:00:00+08:00,28.155068573736017,28.499022670501184,27.516297750828727,27.61457061767578,193006,0.0,0.0
2019-10-18 00:00:00+08:00,27.614570080116025,29.23606579113088,27.024934764910896,27.36888885498047,307576,0.0,0.0
2019-10-21 00:00:00+08:00,27.319751199205502,28.302476089456043,27.319751199205502,27.41802406311035,127040,0.0,0.0
2019-10-22 00:00:00+08:00,27.700000762939453,27.700000762939453,27.200000762939453,27.299999237060547,78179,0.481975,0.0
2019-10-23 00:00:00+08:00,27.350000381469727,27.5,27.0,27.100000381469727,46000,0.0,0.0
2019-10-24 00:00:00+08:00,27.100000381469727,27.149999618530273,26.75,26.850000381469727,74179,0.0,0.0
2019-10-25 00:00:00+08:00,27.299999237060547,29.5,27.0,28.5,400100,0.0,0.0
2019-10-28 00:00:00+08:00,29.0,29.0,28.049999237060547,28.149999618530273,98100,0.0,0.0
2019-10-29 00:00:00+08:00,28.450000762939453,28.899999618530273,28.149999618530273,28.299999237060547,112000,0.0,0.0
2019-10-30 00:00:00+08:00,28.649999618530273,28.850000381469727,28.25,28.25,75000,0.0,0.0
2019-10-31 00:00:00+08:00,28.75,28.75,27.899999618530273,28.5,56000,0.0,0.0
2019-11-01 00:00:00+08:00,28.799999237060547,28.799999237060547,28.100000381469727,28.100000381469727,31000,0.0,0.0
2019-11-04 00:00:00+08:00,27.649999618530273,28.0,27.399999618530273,27.600000381469727,86000,0.0,0.0
2019-11-05 00:00:00+08:00,27.600000381469727,28.100000381469727,27.600000381469727,27.700000762939453,35000,0.0,0.0
2019-11-06 00:00:00+08:00,27.549999237060547,27.700000762939453,27.100000381469727,27.5,38000,0.0,0.0
2019-11-07 00:00:00+08:00,27.5,27.899999618530273,27.5,27.700000762939453,21000,0.0,0.0
2019-11-08 00:00:00+08:00,28.25,28.899999618530273,28.049999237060547,28.200000762939453,106240,0.0,0.0
2019-11-11 00:00:00+08:00,28.899999618530273,28.899999618530273,27.899999618530273,28.0,67000,0.0,0.0
2019-11-12 00:00:00+08:00,28.0,28.200000762939453,27.700000762939453,27.950000762939453,44000,0.0,0.0
2019-11-13 00:00:00+08:00,28.299999237060547,28.299999237060547,27.649999618530273,27.649999618530273,33000,0.0,0.0
2019-11-14 00:00:00+08:00,27.0,27.049999237060547,26.399999618530273,26.549999237060547,92000,0.0,0.0
2019-11-15 00:00:00+08:00,26.600000381469727,26.75,26.399999618530273,26.5,33122,0.0,0.0
2019-11-18 00:00:00+08:00,26.600000381469727,26.600000381469727,26.0,26.0,122000,0.0,0.0
2019-11-19 00:00:00+08:00,26.0,26.0,25.799999237060547,25.799999237060547,29000,0.0,0.0
2019-11-20 00:00:00+08:00,25.600000381469727,25.700000762939453,25.299999237060547,25.399999618530273,46000,0.0,0.0
2019-11-21 00:00:00+08:00,25.100000381469727,25.25,25.100000381469727,25.25,39000,0.0,0.0
2019-11-22 00:00:00+08:00,25.549999237060547,25.549999237060547,25.200000762939453,25.200000762939453,15000,0.0,0.0
2019-11-25 00:00:00+08:00,25.200000762939453,25.600000381469727,25.200000762939453,25.549999237060547,18000,0.0,0.0
2019-11-26 00:00:00+08:00,25.600000381469727,25.75,25.5,25.5,36000,0.0,0.0
2019-11-27 00:00:00+08:00,25.5,25.549999237060547,25.350000381469727,25.450000762939453,22000,0.0,0.0
2019-11-28 00:00:00+08:00,25.5,25.5,25.350000381469727,25.350000381469727,23000,0.0,0.0
2019-11-29 00:00:00+08:00,25.350000381469727,25.350000381469727,25.149999618530273,25.149999618530273,24285,0.0,0.0
2019-12-02 00:00:00+08:00,25.649999618530273,25.649999618530273,24.850000381469727,24.899999618530273,20000,0.0,0.0
2019-12-03 00:00:00+08:00,25.649999618530273,25.649999618530273,24.850000381469727,24.899999618530273,20000,0.0,0.0
2019-12-04 00:00:00+08:00,24.899999618530273,25.0,24.899999618530273,25.0,9000,0.0,0.0
2019-12-05 00:00:00+08:00,25.049999237060547,25.25,25.0,25.200000762939453,25000,0.0,0.0
2019-12-06 00:00:00+08:00,25.5,25.5,25.0,25.0,34516,0.0,0.0
2019-12-09 00:00:00+08:00,25.0,25.0,25.0,25.0,5000,0.0,0.0
2019-12-10 00:00:00+08:00,25.0,25.0,24.899999618530273,24.899999618530273,16000,0.0,0.0
2019-12-11 00:00:00+08:00,25.0,25.0,24.899999618530273,24.899999618530273,16000,0.0,0.0
2019-12-12 00:00:00+08:00,24.899999618530273,24.899999618530273,24.799999237060547,24.850000381469727,25000,0.0,0.0
2019-12-13 00:00:00+08:00,24.850000381469727,25.0,24.350000381469727,24.5,54285,0.0,0.0
2019-12-16 00:00:00+08:00,25.149999618530273,25.149999618530273,24.75,24.75,13000,0.0,0.0
2019-12-17 00:00:00+08:00,24.700000762939453,24.75,24.549999237060547,24.549999237060547,18000,0.0,0.0
2019-12-18 00:00:00+08:00,24.649999618530273,24.799999237060547,24.5,24.799999237060547,14000,0.0,0.0
2019-12-19 00:00:00+08:00,24.5,24.899999618530273,24.5,24.600000381469727,76000,0.0,0.0
2019-12-20 00:00:00+08:00,24.649999618530273,24.649999618530273,24.5,24.5,17000,0.0,0.0
2019-12-23 00:00:00+08:00,24.399999618530273,24.700000762939453,24.399999618530273,24.700000762939453,14000,0.0,0.0
2019-12-24 00:00:00+08:00,24.549999237060547,24.649999618530273,24.549999237060547,24.649999618530273,6000,0.0,0.0
2019-12-25 00:00:00+08:00,24.549999237060547,24.850000381469727,24.5,24.850000381469727,20000,0.0,0.0
2019-12-26 00:00:00+08:00,24.549999237060547,24.799999237060547,24.5,24.549999237060547,23000,0.0,0.0
2019-12-27 00:00:00+08:00,25.5,25.5,24.5,24.5,25000,0.0,0.0
2019-12-30 00:00:00+08:00,24.200000762939453,24.5,24.200000762939453,24.200000762939453,16000,0.0,0.0
2019-12-31 00:00:00+08:00,24.200000762939453,24.5,24.200000762939453,24.200000762939453,16003,0.0,0.0
2020-01-02 00:00:00+08:00,24.850000381469727,24.850000381469727,24.350000381469727,24.350000381469727,22000,0.0,0.0
2020-01-03 00:00:00+08:00,24.399999618530273,24.399999618530273,24.25,24.399999618530273,38000,0.0,0.0
2020-01-06 00:00:00+08:00,24.850000381469727,24.850000381469727,24.299999237060547,24.299999237060547,16000,0.0,0.0
2020-01-07 00:00:00+08:00,24.299999237060547,24.299999237060547,24.049999237060547,24.049999237060547,30000,0.0,0.0
2020-01-08 00:00:00+08:00,24.25,25.399999618530273,24.25,24.399999618530273,57000,0.0,0.0
2020-01-09 00:00:00+08:00,24.600000381469727,24.600000381469727,23.950000762939453,24.149999618530273,50000,0.0,0.0
2020-01-10 00:00:00+08:00,24.200000762939453,24.200000762939453,24.049999237060547,24.049999237060547,4000,0.0,0.0
2020-01-13 00:00:00+08:00,23.950000762939453,24.200000762939453,23.950000762939453,23.950000762939453,15000,0.0,0.0
2020-01-14 00:00:00+08:00,24.0,24.0,23.5,23.700000762939453,73000,0.0,0.0
2020-01-15 00:00:00+08:00,23.700000762939453,23.799999237060547,23.5,23.5,27000,0.0,0.0
2020-01-16 00:00:00+08:00,23.600000381469727,23.600000381469727,23.5,23.5,25000,0.0,0.0
2020-01-17 00:00:00+08:00,23.350000381469727,23.350000381469727,22.850000381469727,23.299999237060547,49488,0.0,0.0
2020-01-20 00:00:00+08:00,23.700000762939453,23.700000762939453,23.299999237060547,23.5,18000,0.0,0.0
2020-01-30 00:00:00+08:00,22.600000381469727,22.600000381469727,22.5,22.5,4000,0.0,0.0
2020-01-31 00:00:00+08:00,22.600000381469727,22.600000381469727,22.5,22.5,4000,0.0,0.0
2020-02-03 00:00:00+08:00,21.799999237060547,22.399999618530273,20.25,20.399999618530273,91000,0.0,0.0
2020-02-04 00:00:00+08:00,20.399999618530273,20.600000381469727,19.600000381469727,20.450000762939453,38000,0.0,0.0
2020-02-05 00:00:00+08:00,21.850000381469727,21.850000381469727,21.5,21.799999237060547,8000,0.0,0.0
2020-02-06 00:00:00+08:00,21.850000381469727,21.850000381469727,21.5,21.799999237060547,8000,0.0,0.0
2020-02-07 00:00:00+08:00,21.799999237060547,21.799999237060547,21.799999237060547,21.799999237060547,0,0.0,0.0
2020-02-10 00:00:00+08:00,21.799999237060547,21.799999237060547,20.399999618530273,20.450000762939453,31000,0.0,0.0
2020-02-11 00:00:00+08:00,20.149999618530273,20.5,20.149999618530273,20.350000381469727,11000,0.0,0.0
2020-02-12 00:00:00+08:00,20.399999618530273,20.649999618530273,20.350000381469727,20.549999237060547,30000,0.0,0.0
2020-02-13 00:00:00+08:00,20.549999237060547,20.600000381469727,20.450000762939453,20.5,22000,0.0,0.0
2020-02-14 00:00:00+08:00,21.100000381469727,21.100000381469727,20.600000381469727,20.600000381469727,12000,0.0,0.0
2020-02-17 00:00:00+08:00,20.75,20.850000381469727,20.75,20.850000381469727,4000,0.0,0.0
2020-02-18 00:00:00+08:00,20.600000381469727,20.700000762939453,20.600000381469727,20.700000762939453,16000,0.0,0.0
2020-02-19 00:00:00+08:00,20.850000381469727,20.850000381469727,20.649999618530273,20.799999237060547,10000,0.0,0.0
2020-02-20 00:00:00+08:00,20.799999237060547,21.350000381469727,20.799999237060547,20.950000762939453,28000,0.0,0.0
2020-02-21 00:00:00+08:00,20.799999237060547,21.350000381469727,20.799999237060547,20.950000762939453,28629,0.0,0.0
2020-02-24 00:00:00+08:00,20.700000762939453,20.700000762939453,20.549999237060547,20.600000381469727,28000,0.0,0.0
2020-02-25 00:00:00+08:00,19.950000762939453,20.5,19.950000762939453,20.5,20000,0.0,0.0
2020-02-26 00:00:00+08:00,20.299999237060547,20.299999237060547,20.299999237060547,20.299999237060547,1000,0.0,0.0
2020-02-27 00:00:00+08:00,20.5,20.5,20.25,20.299999237060547,57000,0.0,0.0
2020-03-02 00:00:00+08:00,19.5,20.0,19.5,20.0,80000,0.0,0.0
2020-03-03 00:00:00+08:00,20.049999237060547,20.200000762939453,20.049999237060547,20.049999237060547,29000,0.0,0.0
2020-03-04 00:00:00+08:00,20.049999237060547,20.149999618530273,20.049999237060547,20.149999618530273,21000,0.0,0.0
2020-03-05 00:00:00+08:00,20.149999618530273,20.700000762939453,20.149999618530273,20.700000762939453,29000,0.0,0.0
2020-03-06 00:00:00+08:00,21.75,21.75,20.799999237060547,21.399999618530273,51000,0.0,0.0
2020-03-09 00:00:00+08:00,21.899999618530273,21.899999618530273,20.700000762939453,20.75,61000,0.0,0.0
2020-03-10 00:00:00+08:00,20.25,21.0,20.049999237060547,21.0,29000,0.0,0.0
2020-03-11 00:00:00+08:00,21.0,21.0,20.600000381469727,20.899999618530273,7000,0.0,0.0
2020-03-12 00:00:00+08:00,21.75,21.75,19.0,19.899999618530273,70000,0.0,0.0
2020-03-13 00:00:00+08:00,19.899999618530273,19.899999618530273,19.899999618530273,19.899999618530273,0,0.0,0.0
2020-03-16 00:00:00+08:00,18.850000381469727,18.899999618530273,17.850000381469727,18.450000762939453,44000,0.0,0.0
2020-03-17 00:00:00+08:00,16.649999618530273,16.799999237060547,16.649999618530273,16.649999618530273,194000,0.0,0.0
2020-03-18 00:00:00+08:00,16.0,16.0,15.0,15.0,181000,0.0,0.0
2020-03-19 00:00:00+08:00,14.800000190734863,14.800000190734863,13.5,13.5,203000,0.0,0.0
2020-03-20 00:00:00+08:00,13.800000190734863,14.649999618530273,13.649999618530273,14.100000381469727,39000,0.0,0.0
2020-03-23 00:00:00+08:00,13.100000381469727,13.100000381469727,12.699999809265137,12.800000190734863,326000,0.0,0.0
2020-03-24 00:00:00+08:00,13.050000190734863,13.449999809265137,12.399999618530273,12.850000381469727,71000,0.0,0.0
2020-03-25 00:00:00+08:00,13.0,14.100000381469727,13.0,13.949999809265137,58000,0.0,0.0
2020-03-26 00:00:00+08:00,14.449999809265137,14.850000381469727,13.699999809265137,14.850000381469727,40000,0.0,0.0
2020-03-27 00:00:00+08:00,14.850000381469727,15.0,14.350000381469727,14.5,30000,0.0,0.0
2020-03-30 00:00:00+08:00,14.5,14.5,13.899999618530273,13.949999809265137,46000,0.0,0.0
2020-03-31 00:00:00+08:00,13.899999618530273,13.899999618530273,13.699999809265137,13.850000381469727,36000,0.0,0.0
2020-04-01 00:00:00+08:00,13.699999809265137,13.699999809265137,13.550000190734863,13.550000190734863,18000,0.0,0.0
2020-04-06 00:00:00+08:00,13.5,13.5,13.0,13.0,27000,0.0,0.0
2020-04-07 00:00:00+08:00,13.25,13.800000190734863,13.0,13.399999618530273,54000,0.0,0.0
2020-04-08 00:00:00+08:00,13.399999618530273,14.699999809265137,13.399999618530273,14.600000381469727,102000,0.0,0.0
2020-04-09 00:00:00+08:00,14.5,15.050000190734863,14.100000381469727,14.949999809265137,56000,0.0,0.0
2020-04-10 00:00:00+08:00,14.949999809265137,15.199999809265137,14.5,15.0,43000,0.0,0.0
2020-04-13 00:00:00+08:00,15.25,16.5,15.25,16.5,126000,0.0,0.0
2020-04-14 00:00:00+08:00,17.0,18.149999618530273,17.0,18.149999618530273,397000,0.0,0.0
2020-04-15 00:00:00+08:00,18.799999237060547,19.100000381469727,17.75,18.399999618530273,238000,0.0,0.0
2020-04-16 00:00:00+08:00,18.399999618530273,18.399999618530273,17.649999618530273,18.399999618530273,80000,0.0,0.0
2020-04-17 00:00:00+08:00,18.399999618530273,18.450000762939453,18.0,18.049999237060547,54000,0.0,0.0
2020-04-20 00:00:00+08:00,18.049999237060547,18.049999237060547,17.200000762939453,17.200000762939453,36000,0.0,0.0
2020-04-21 00:00:00+08:00,17.0,17.0,16.049999237060547,16.350000381469727,71000,0.0,0.0
2020-04-22 00:00:00+08:00,16.0,16.5,16.0,16.200000762939453,51000,0.0,0.0
2020-04-23 00:00:00+08:00,16.399999618530273,17.799999237060547,16.399999618530273,17.799999237060547,19000,0.0,0.0
2020-04-24 00:00:00+08:00,18.0,18.0,16.799999237060547,17.149999618530273,198000,0.0,0.0
2020-04-27 00:00:00+08:00,16.75,17.149999618530273,16.75,17.149999618530273,60000,0.0,0.0
2020-04-28 00:00:00+08:00,17.049999237060547,17.649999618530273,16.799999237060547,17.299999237060547,80000,0.0,0.0
2020-04-29 00:00:00+08:00,18.200000762939453,18.200000762939453,17.350000381469727,17.600000381469727,58000,0.0,0.0
2020-04-30 00:00:00+08:00,17.5,17.600000381469727,17.200000762939453,17.299999237060547,39000,0.0,0.0
2020-05-04 00:00:00+08:00,17.0,17.0,16.549999237060547,16.899999618530273,29000,0.0,0.0
2020-05-05 00:00:00+08:00,16.899999618530273,17.149999618530273,16.649999618530273,16.649999618530273,39000,0.0,0.0
2020-05-06 00:00:00+08:00,16.799999237060547,16.799999237060547,16.5,16.5,37000,0.0,0.0
2020-05-07 00:00:00+08:00,16.350000381469727,16.350000381469727,16.200000762939453,16.299999237060547,37000,0.0,0.0
2020-05-08 00:00:00+08:00,16.299999237060547,16.600000381469727,16.299999237060547,16.5,31000,0.0,0.0
2020-05-11 00:00:00+08:00,16.350000381469727,16.649999618530273,16.299999237060547,16.299999237060547,31000,0.0,0.0
2020-05-12 00:00:00+08:00,16.200000762939453,16.25,16.0,16.25,44000,0.0,0.0
2020-05-13 00:00:00+08:00,16.100000381469727,16.100000381469727,16.0,16.049999237060547,15000,0.0,0.0
2020-05-14 00:00:00+08:00,16.0,16.0,15.75,15.75,24000,0.0,0.0
2020-05-15 00:00:00+08:00,15.75,16.100000381469727,15.5,15.600000381469727,32000,0.0,0.0
2020-05-18 00:00:00+08:00,15.5,15.600000381469727,15.449999809265137,15.5,21000,0.0,0.0
2020-05-19 00:00:00+08:00,15.600000381469727,15.600000381469727,15.350000381469727,15.5,58000,0.0,0.0
2020-05-20 00:00:00+08:00,15.899999618530273,17.049999237060547,15.899999618530273,17.049999237060547,400000,0.0,0.0
2020-05-21 00:00:00+08:00,18.0,18.0,16.549999237060547,16.549999237060547,361000,0.0,0.0
2020-05-22 00:00:00+08:00,16.100000381469727,16.299999237060547,16.049999237060547,16.049999237060547,105000,0.0,0.0
2020-05-25 00:00:00+08:00,16.799999237060547,16.799999237060547,16.100000381469727,16.149999618530273,48000,0.0,0.0
2020-05-26 00:00:00+08:00,15.850000381469727,16.200000762939453,15.850000381469727,15.949999809265137,39000,0.0,0.0
2020-05-27 00:00:00+08:00,15.949999809265137,16.149999618530273,15.899999618530273,15.949999809265137,26000,0.0,0.0
2020-05-28 00:00:00+08:00,15.949999809265137,16.450000762939453,15.949999809265137,16.149999618530273,39000,0.0,0.0
2020-05-29 00:00:00+08:00,16.149999618530273,16.299999237060547,16.149999618530273,16.299999237060547,18000,0.0,0.0
2020-06-01 00:00:00+08:00,16.299999237060547,16.549999237060547,16.200000762939453,16.5,43000,0.0,0.0
2020-06-02 00:00:00+08:00,16.600000381469727,16.950000762939453,16.399999618530273,16.75,79000,0.0,0.0
2020-06-03 00:00:00+08:00,16.75,17.799999237060547,16.75,17.149999618530273,111000,0.0,0.0
2020-06-04 00:00:00+08:00,17.149999618530273,17.399999618530273,16.850000381469727,16.850000381469727,23000,0.0,0.0
2020-06-05 00:00:00+08:00,16.899999618530273,17.299999237060547,16.899999618530273,17.299999237060547,66000,0.0,0.0
2020-06-08 00:00:00+08:00,17.75,17.75,17.149999618530273,17.350000381469727,64000,0.0,0.0
2020-06-09 00:00:00+08:00,17.149999618530273,17.299999237060547,17.100000381469727,17.299999237060547,41000,0.0,0.0
2020-06-10 00:00:00+08:00,17.200000762939453,17.700000762939453,17.200000762939453,17.700000762939453,90000,0.0,0.0
2020-06-11 00:00:00+08:00,17.899999618530273,17.899999618530273,17.100000381469727,17.149999618530273,51000,0.0,0.0
2020-06-12 00:00:00+08:00,16.799999237060547,17.299999237060547,16.799999237060547,17.200000762939453,36000,0.0,0.0
2020-06-15 00:00:00+08:00,17.399999618530273,17.399999618530273,17.0,17.0,64000,0.0,0.0
2020-06-16 00:00:00+08:00,17.200000762939453,17.299999237060547,17.049999237060547,17.299999237060547,52000,0.0,0.0
2020-06-17 00:00:00+08:00,17.100000381469727,17.399999618530273,17.100000381469727,17.399999618530273,34000,0.0,0.0
2020-06-18 00:00:00+08:00,17.399999618530273,18.299999237060547,17.350000381469727,18.299999237060547,50000,0.0,0.0
2020-06-19 00:00:00+08:00,18.899999618530273,20.100000381469727,18.899999618530273,20.100000381469727,297000,0.0,0.0
2020-06-22 00:00:00+08:00,20.350000381469727,22.100000381469727,20.350000381469727,22.100000381469727,852000,0.0,0.0
2020-06-23 00:00:00+08:00,21.950000762939453,22.049999237060547,21.0,21.049999237060547,244000,0.0,0.0
2020-06-24 00:00:00+08:00,21.049999237060547,23.149999618530273,21.049999237060547,23.149999618530273,791000,0.0,0.0
2020-06-29 00:00:00+08:00,22.799999237060547,23.200000762939453,21.700000762939453,22.100000381469727,363000,0.0,0.0
2020-06-30 00:00:00+08:00,22.100000381469727,24.299999237060547,22.100000381469727,23.450000762939453,395000,0.0,0.0
2020-07-01 00:00:00+08:00,23.299999237060547,24.5,22.850000381469727,23.950000762939453,146000,0.0,0.0
2020-07-02 00:00:00+08:00,23.799999237060547,24.850000381469727,23.100000381469727,23.100000381469727,250000,0.0,0.0
2020-07-03 00:00:00+08:00,22.549999237060547,22.700000762939453,21.799999237060547,21.950000762939453,193000,0.0,0.0
2020-07-06 00:00:00+08:00,22.0,22.350000381469727,21.350000381469727,21.350000381469727,193000,0.0,0.0
2020-07-07 00:00:00+08:00,21.450000762939453,21.450000762939453,20.600000381469727,20.799999237060547,124000,0.0,0.0
2020-07-08 00:00:00+08:00,20.799999237060547,21.25,20.5,20.549999237060547,58000,0.0,0.0
2020-07-09 00:00:00+08:00,20.950000762939453,21.0,20.399999618530273,20.549999237060547,77000,0.0,0.0
2020-07-10 00:00:00+08:00,21.100000381469727,21.200000762939453,20.100000381469727,20.299999237060547,50000,0.0,0.0
2020-07-13 00:00:00+08:00,20.299999237060547,20.5,20.149999618530273,20.5,63000,0.0,0.0
2020-07-14 00:00:00+08:00,20.600000381469727,21.799999237060547,20.5,20.700000762939453,84000,0.0,0.0
2020-07-15 00:00:00+08:00,20.5,20.5,20.200000762939453,20.200000762939453,56000,0.0,0.0
2020-07-16 00:00:00+08:00,20.350000381469727,20.549999237060547,20.200000762939453,20.200000762939453,25000,0.0,0.0
2020-07-17 00:00:00+08:00,20.399999618530273,20.399999618530273,19.899999618530273,19.899999618530273,47000,0.0,0.0
2020-07-20 00:00:00+08:00,20.100000381469727,20.799999237060547,20.100000381469727,20.149999618530273,40000,0.0,0.0
2020-07-21 00:00:00+08:00,20.350000381469727,20.450000762939453,20.149999618530273,20.149999618530273,25000,0.0,0.0
2020-07-22 00:00:00+08:00,20.149999618530273,20.399999618530273,20.149999618530273,20.299999237060547,45000,0.0,0.0
2020-07-23 00:00:00+08:00,20.5,21.399999618530273,20.299999237060547,20.399999618530273,82000,0.0,0.0
2020-07-24 00:00:00+08:00,20.799999237060547,20.799999237060547,20.0,20.049999237060547,54000,0.0,0.0
2020-07-27 00:00:00+08:00,22.049999237060547,22.049999237060547,22.049999237060547,22.049999237060547,216000,0.0,0.0
2020-07-28 00:00:00+08:00,21.149999618530273,21.799999237060547,20.25,20.25,149000,0.0,0.0
2020-07-29 00:00:00+08:00,19.899999618530273,20.350000381469727,19.899999618530273,20.149999618530273,20000,0.0,0.0
2020-07-30 00:00:00+08:00,20.049999237060547,20.399999618530273,20.049999237060547,20.399999618530273,13000,0.0,0.0
2020-07-31 00:00:00+08:00,20.049999237060547,20.299999237060547,20.049999237060547,20.299999237060547,21000,0.0,0.0
2020-08-03 00:00:00+08:00,20.0,20.25,20.0,20.25,15000,0.0,0.0
2020-08-04 00:00:00+08:00,20.450000762939453,20.450000762939453,20.25,20.399999618530273,31000,0.0,0.0
2020-08-05 00:00:00+08:00,20.200000762939453,20.200000762939453,20.100000381469727,20.100000381469727,15000,0.0,0.0
2020-08-06 00:00:00+08:00,20.200000762939453,20.200000762939453,20.0,20.100000381469727,30000,0.0,0.0
2020-08-07 00:00:00+08:00,20.0,20.149999618530273,20.0,20.149999618530273,9000,0.0,0.0
2020-08-10 00:00:00+08:00,20.25,20.299999237060547,20.049999237060547,20.299999237060547,52000,0.0,0.0
2020-08-11 00:00:00+08:00,21.0,21.0,19.899999618530273,20.0,36000,0.0,0.0
2020-08-12 00:00:00+08:00,20.0,20.0,19.899999618530273,19.899999618530273,8000,0.0,0.0
2020-08-13 00:00:00+08:00,19.950000762939453,20.5,19.950000762939453,20.25,26000,0.0,0.0
2020-08-14 00:00:00+08:00,20.450000762939453,20.899999618530273,20.299999237060547,20.450000762939453,39000,0.0,0.0
2020-08-17 00:00:00+08:00,20.299999237060547,20.899999618530273,20.25,20.299999237060547,36000,0.0,0.0
2020-08-18 00:00:00+08:00,20.299999237060547,20.549999237060547,20.200000762939453,20.549999237060547,14000,0.0,0.0
2020-08-19 00:00:00+08:00,20.450000762939453,20.549999237060547,20.299999237060547,20.299999237060547,40000,0.0,0.0
2020-08-20 00:00:00+08:00,20.200000762939453,20.200000762939453,19.200000762939453,19.5,37000,0.0,0.0
2020-08-21 00:00:00+08:00,20.0,20.0,19.5,19.549999237060547,16000,0.0,0.0
2020-08-24 00:00:00+08:00,19.799999237060547,19.799999237060547,19.700000762939453,19.700000762939453,13000,0.0,0.0
2020-08-25 00:00:00+08:00,20.200000762939453,20.25,19.899999618530273,19.899999618530273,6000,0.0,0.0
2020-08-26 00:00:00+08:00,20.5,20.799999237060547,19.850000381469727,20.100000381469727,47000,0.0,0.0
2020-08-27 00:00:00+08:00,20.25,20.25,19.850000381469727,20.0,34000,0.0,0.0
2020-08-28 00:00:00+08:00,19.850000381469727,19.899999618530273,19.799999237060547,19.799999237060547,7000,0.0,0.0
2020-08-31 00:00:00+08:00,20.0,20.200000762939453,19.600000381469727,19.600000381469727,59000,0.0,0.0
2020-09-01 00:00:00+08:00,19.5,19.5,19.0,19.350000381469727,60000,0.0,0.0
2020-09-02 00:00:00+08:00,19.049999237060547,19.049999237060547,17.899999618530273,18.25,158000,0.0,0.0
2020-09-03 00:00:00+08:00,18.149999618530273,19.299999237060547,18.149999618530273,18.700000762939453,224000,0.0,0.0
2020-09-04 00:00:00+08:00,18.149999618530273,18.299999237060547,18.0,18.299999237060547,74000,0.0,0.0
2020-09-07 00:00:00+08:00,18.350000381469727,18.350000381469727,17.950000762939453,18.0,53000,0.0,0.0
2020-09-08 00:00:00+08:00,17.899999618530273,18.0,17.799999237060547,17.799999237060547,20000,0.0,0.0
2020-09-09 00:00:00+08:00,17.799999237060547,18.299999237060547,17.649999618530273,17.799999237060547,49000,0.0,0.0
2020-09-10 00:00:00+08:00,17.799999237060547,18.049999237060547,17.600000381469727,17.600000381469727,20000,0.0,0.0
2020-09-11 00:00:00+08:00,17.600000381469727,17.600000381469727,16.299999237060547,17.450000762939453,96000,0.0,0.0
2020-09-14 00:00:00+08:00,17.450000762939453,18.149999618530273,17.25,17.5,97000,0.0,0.0
2020-09-15 00:00:00+08:00,17.5,17.5,17.0,17.200000762939453,49000,0.0,0.0
2020-09-16 00:00:00+08:00,17.299999237060547,17.299999237060547,16.700000762939453,16.850000381469727,104000,0.0,0.0
2020-09-17 00:00:00+08:00,16.700000762939453,16.850000381469727,16.600000381469727,16.700000762939453,34000,0.0,0.0
2020-09-18 00:00:00+08:00,16.899999618530273,16.899999618530273,16.450000762939453,16.600000381469727,86000,0.0,0.0
2020-09-21 00:00:00+08:00,16.75,16.75,16.450000762939453,16.5,60000,0.0,0.0
2020-09-22 00:00:00+08:00,16.600000381469727,18.149999618530273,16.549999237060547,18.149999618530273,420000,0.0,0.0
2020-09-23 00:00:00+08:00,18.5,19.950000762939453,18.399999618530273,19.75,1532000,0.0,0.0
2020-09-24 00:00:00+08:00,18.799999237060547,19.700000762939453,17.799999237060547,17.799999237060547,472000,0.0,0.0
2020-09-25 00:00:00+08:00,17.799999237060547,18.350000381469727,17.049999237060547,17.899999618530273,103000,0.0,0.0
2020-09-28 00:00:00+08:00,17.899999618530273,18.5,17.5,17.5,83000,0.0,0.0
2020-09-29 00:00:00+08:00,17.799999237060547,17.799999237060547,16.799999237060547,16.899999618530273,70000,0.0,0.0
2020-09-30 00:00:00+08:00,16.899999618530273,16.950000762939453,16.75,16.899999618530273,38000,0.0,0.0
2020-10-05 00:00:00+08:00,16.899999618530273,17.0,16.799999237060547,17.0,16000,0.0,0.0
2020-10-06 00:00:00+08:00,17.0,17.0,16.899999618530273,17.0,32000,0.0,0.0
2020-10-07 00:00:00+08:00,17.049999237060547,17.200000762939453,17.049999237060547,17.200000762939453,6000,0.0,0.0
2020-10-08 00:00:00+08:00,17.350000381469727,17.899999618530273,17.149999618530273,17.149999618530273,50000,0.0,0.0
2020-10-12 00:00:00+08:00,17.200000762939453,17.700000762939453,16.799999237060547,17.149999618530273,52000,0.0,0.0
2020-10-13 00:00:00+08:00,16.950000762939453,17.549999237060547,16.850000381469727,17.149999618530273,33000,0.0,0.0
2020-10-14 00:00:00+08:00,17.0,17.5,17.0,17.100000381469727,31000,0.0,0.0
2020-10-15 00:00:00+08:00,17.0,17.0,16.649999618530273,16.75,34000,0.0,0.0
2020-10-16 00:00:00+08:00,16.75,16.899999618530273,16.649999618530273,16.850000381469727,40000,0.0,0.0
2020-10-19 00:00:00+08:00,16.75,16.75,16.649999618530273,16.649999618530273,11000,0.0,0.0
2020-10-20 00:00:00+08:00,16.649999618530273,16.899999618530273,16.5,16.799999237060547,44000,0.0,0.0
2020-10-21 00:00:00+08:00,16.700000762939453,16.850000381469727,16.649999618530273,16.850000381469727,17000,0.0,0.0
2020-10-22 00:00:00+08:00,17.0,18.5,17.0,17.549999237060547,338000,0.0,0.0
2020-10-23 00:00:00+08:00,17.899999618530273,17.899999618530273,16.950000762939453,17.5,170000,0.0,0.0
2020-10-26 00:00:00+08:00,17.049999237060547,17.25,17.0,17.200000762939453,9000,0.0,0.0
2020-10-27 00:00:00+08:00,17.299999237060547,17.299999237060547,16.850000381469727,16.950000762939453,20000,0.0,0.0
2020-10-28 00:00:00+08:00,17.100000381469727,17.100000381469727,16.5,16.850000381469727,45000,0.0,0.0
2020-10-29 00:00:00+08:00,16.700000762939453,17.0,16.700000762939453,17.0,9000,0.0,0.0
2020-10-30 00:00:00+08:00,16.700000762939453,16.799999237060547,16.700000762939453,16.700000762939453,15000,0.0,0.0
2020-11-02 00:00:00+08:00,17.0,17.0,16.350000381469727,16.399999618530273,25000,0.0,0.0
2020-11-03 00:00:00+08:00,16.549999237060547,16.75,16.350000381469727,16.350000381469727,50000,0.0,0.0
2020-11-04 00:00:00+08:00,16.350000381469727,16.350000381469727,16.0,16.299999237060547,60000,0.0,0.0
2020-11-05 00:00:00+08:00,16.399999618530273,16.399999618530273,16.299999237060547,16.299999237060547,4000,0.0,0.0
2020-11-06 00:00:00+08:00,16.350000381469727,16.350000381469727,16.350000381469727,16.350000381469727,2000,0.0,0.0
2020-11-09 00:00:00+08:00,16.350000381469727,16.399999618530273,16.149999618530273,16.399999618530273,26000,0.0,0.0
2020-11-10 00:00:00+08:00,16.299999237060547,16.600000381469727,16.0,16.600000381469727,34000,0.0,0.0
2020-11-11 00:00:00+08:00,16.299999237060547,16.399999618530273,16.200000762939453,16.350000381469727,21000,0.0,0.0
2020-11-12 00:00:00+08:00,16.200000762939453,16.350000381469727,16.200000762939453,16.350000381469727,10000,0.0,0.0
2020-11-13 00:00:00+08:00,16.649999618530273,16.649999618530273,16.200000762939453,16.200000762939453,7000,0.0,0.0
2020-11-16 00:00:00+08:00,16.200000762939453,16.5,16.0,16.049999237060547,75000,0.0,0.0
2020-11-17 00:00:00+08:00,16.100000381469727,16.100000381469727,16.0,16.100000381469727,20000,0.0,0.0
2020-11-18 00:00:00+08:00,16.149999618530273,16.350000381469727,16.100000381469727,16.149999618530273,26000,0.0,0.0
2020-11-19 00:00:00+08:00,16.25,16.350000381469727,16.25,16.350000381469727,18000,0.0,0.0
2020-11-20 00:00:00+08:00,16.149999618530273,16.75,16.149999618530273,16.25,31000,0.0,0.0
2020-11-23 00:00:00+08:00,16.200000762939453,16.5,16.149999618530273,16.299999237060547,33000,0.0,0.0
2020-11-24 00:00:00+08:00,16.299999237060547,16.600000381469727,16.149999618530273,16.450000762939453,22000,0.0,0.0
2020-11-25 00:00:00+08:00,16.399999618530273,16.700000762939453,16.399999618530273,16.600000381469727,142000,0.0,0.0
2020-11-26 00:00:00+08:00,16.700000762939453,16.700000762939453,16.600000381469727,16.700000762939453,36000,0.0,0.0
2020-11-27 00:00:00+08:00,16.799999237060547,16.899999618530273,16.549999237060547,16.899999618530273,74000,0.0,0.0
2020-11-30 00:00:00+08:00,16.700000762939453,17.0,16.700000762939453,17.0,85000,0.0,0.0
2020-12-01 00:00:00+08:00,17.0,17.100000381469727,16.700000762939453,17.0,71000,0.0,0.0
2020-12-02 00:00:00+08:00,17.0,17.200000762939453,16.899999618530273,17.200000762939453,31000,0.0,0.0
2020-12-03 00:00:00+08:00,17.200000762939453,18.299999237060547,17.100000381469727,17.950000762939453,174000,0.0,0.0
2020-12-04 00:00:00+08:00,17.950000762939453,18.450000762939453,17.75,18.049999237060547,93000,0.0,0.0
2020-12-07 00:00:00+08:00,18.200000762939453,18.200000762939453,17.75,18.0,71000,0.0,0.0
2020-12-08 00:00:00+08:00,18.0,18.100000381469727,17.799999237060547,17.950000762939453,36000,0.0,0.0
2020-12-09 00:00:00+08:00,18.100000381469727,18.100000381469727,17.450000762939453,17.75,92000,0.0,0.0
2020-12-10 00:00:00+08:00,17.5,17.5,17.0,17.5,59000,0.0,0.0
2020-12-11 00:00:00+08:00,17.799999237060547,17.799999237060547,17.0,17.450000762939453,99000,0.0,0.0
2020-12-14 00:00:00+08:00,17.450000762939453,17.5,17.25,17.5,38000,0.0,0.0
2020-12-15 00:00:00+08:00,17.200000762939453,17.25,17.0,17.25,27000,0.0,0.0
2020-12-16 00:00:00+08:00,17.25,17.799999237060547,17.25,17.600000381469727,71000,0.0,0.0
2020-12-17 00:00:00+08:00,17.799999237060547,17.799999237060547,17.450000762939453,17.600000381469727,21000,0.0,0.0
2020-12-18 00:00:00+08:00,17.549999237060547,17.549999237060547,17.149999618530273,17.399999618530273,46000,0.0,0.0
2020-12-21 00:00:00+08:00,17.450000762939453,17.450000762939453,17.100000381469727,17.200000762939453,49000,0.0,0.0
2020-12-22 00:00:00+08:00,17.200000762939453,17.200000762939453,17.0,17.149999618530273,47000,0.0,0.0
2020-12-23 00:00:00+08:00,17.100000381469727,17.100000381469727,17.0,17.049999237060547,34000,0.0,0.0
2020-12-24 00:00:00+08:00,17.0,17.049999237060547,16.850000381469727,17.049999237060547,34000,0.0,0.0
2020-12-25 00:00:00+08:00,17.049999237060547,17.049999237060547,16.200000762939453,16.75,112000,0.0,0.0
2020-12-28 00:00:00+08:00,16.700000762939453,16.75,16.549999237060547,16.700000762939453,35000,0.0,0.0
2020-12-29 00:00:00+08:00,16.75,17.649999618530273,16.649999618530273,17.450000762939453,132000,0.0,0.0
2020-12-30 00:00:00+08:00,17.549999237060547,17.899999618530273,17.350000381469727,17.700000762939453,105000,0.0,0.0
2020-12-31 00:00:00+08:00,17.5,17.75,17.5,17.75,52000,0.0,0.0
2021-01-04 00:00:00+08:00,17.75,17.799999237060547,17.200000762939453,17.75,61000,0.0,0.0
2021-01-05 00:00:00+08:00,17.75,17.799999237060547,17.399999618530273,17.799999237060547,24000,0.0,0.0
2021-01-06 00:00:00+08:00,17.899999618530273,17.899999618530273,17.0,17.350000381469727,61000,0.0,0.0
2021-01-07 00:00:00+08:00,17.0,17.399999618530273,16.899999618530273,17.399999618530273,71000,0.0,0.0
2021-01-08 00:00:00+08:00,17.549999237060547,17.549999237060547,17.100000381469727,17.399999618530273,52000,0.0,0.0
2021-01-11 00:00:00+08:00,17.149999618530273,17.549999237060547,17.149999618530273,17.549999237060547,55000,0.0,0.0
2021-01-12 00:00:00+08:00,17.200000762939453,17.25,16.899999618530273,17.100000381469727,61000,0.0,0.0
2021-01-13 00:00:00+08:00,16.899999618530273,17.0,16.899999618530273,16.899999618530273,20000,0.0,0.0
2021-01-14 00:00:00+08:00,17.25,17.25,16.75,17.25,12000,0.0,0.0
2021-01-15 00:00:00+08:00,17.100000381469727,17.100000381469727,16.75,17.0,70000,0.0,0.0
2021-01-18 00:00:00+08:00,17.0,17.0,17.0,17.0,2000,0.0,0.0
2021-01-19 00:00:00+08:00,16.850000381469727,16.899999618530273,16.600000381469727,16.600000381469727,19000,0.0,0.0
2021-01-20 00:00:00+08:00,16.600000381469727,16.600000381469727,16.299999237060547,16.399999618530273,34000,0.0,0.0
2021-01-21 00:00:00+08:00,16.799999237060547,16.799999237060547,16.100000381469727,16.149999618530273,14000,0.0,0.0
2021-01-22 00:00:00+08:00,16.149999618530273,16.149999618530273,15.75,16.0,57000,0.0,0.0
2021-01-25 00:00:00+08:00,16.0,16.0,15.899999618530273,15.949999809265137,32000,0.0,0.0
2021-01-26 00:00:00+08:00,15.949999809265137,15.949999809265137,15.699999809265137,15.800000190734863,136000,0.0,0.0
2021-01-27 00:00:00+08:00,16.049999237060547,16.049999237060547,16.0,16.049999237060547,13000,0.0,0.0
2021-01-28 00:00:00+08:00,15.850000381469727,15.899999618530273,15.5,15.899999618530273,50000,0.0,0.0
2021-01-29 00:00:00+08:00,15.899999618530273,15.949999809265137,15.850000381469727,15.899999618530273,15000,0.0,0.0
2021-02-01 00:00:00+08:00,15.899999618530273,16.0,15.699999809265137,16.0,40000,0.0,0.0
2021-02-02 00:00:00+08:00,16.0,16.049999237060547,15.949999809265137,17.600000381469727,25000,0.0,0.0
2021-02-03 00:00:00+08:00,16.100000381469727,16.100000381469727,15.850000381469727,15.850000381469727,24000,0.0,0.0
2021-02-04 00:00:00+08:00,15.899999618530273,15.899999618530273,15.800000190734863,15.899999618530273,18000,0.0,0.0
2021-02-05 00:00:00+08:00,16.0,16.0,15.600000381469727,16.0,51000,0.0,0.0
2021-02-17 00:00:00+08:00,16.700000762939453,16.700000762939453,16.0,16.100000381469727,57000,0.0,0.0
2021-02-18 00:00:00+08:00,16.0,16.149999618530273,15.75,16.149999618530273,62000,0.0,0.0
2021-02-19 00:00:00+08:00,16.200000762939453,16.200000762939453,15.949999809265137,16.049999237060547,21000,0.0,0.0
2021-02-22 00:00:00+08:00,16.0,16.200000762939453,16.0,16.149999618530273,56000,0.0,0.0
2021-02-23 00:00:00+08:00,16.200000762939453,16.200000762939453,16.0,16.200000762939453,55000,0.0,0.0
2021-02-24 00:00:00+08:00,16.700000762939453,17.799999237060547,16.700000762939453,17.799999237060547,353000,0.0,0.0
2021-02-25 00:00:00+08:00,17.700000762939453,17.799999237060547,17.0,17.299999237060547,314000,0.0,0.0
2021-02-26 00:00:00+08:00,16.899999618530273,17.200000762939453,16.350000381469727,16.5,99000,0.0,0.0
2021-03-02 00:00:00+08:00,16.75,16.799999237060547,16.549999237060547,16.549999237060547,20000,0.0,0.0
2021-03-03 00:00:00+08:00,16.899999618530273,16.899999618530273,16.549999237060547,16.700000762939453,30000,0.0,0.0
2021-03-04 00:00:00+08:00,16.700000762939453,18.200000762939453,16.700000762939453,17.850000381469727,227000,0.0,0.0
2021-03-05 00:00:00+08:00,18.0,18.0,17.149999618530273,17.149999618530273,93000,0.0,0.0
2021-03-08 00:00:00+08:00,17.5,17.700000762939453,17.25,17.299999237060547,42000,0.0,0.0
2021-03-09 00:00:00+08:00,17.299999237060547,17.600000381469727,17.100000381469727,17.200000762939453,53000,0.0,0.0
2021-03-10 00:00:00+08:00,17.399999618530273,17.399999618530273,16.799999237060547,17.200000762939453,76000,0.0,0.0
2021-03-11 00:00:00+08:00,17.049999237060547,17.149999618530273,16.950000762939453,17.100000381469727,47000,0.0,0.0
2021-03-12 00:00:00+08:00,17.25,17.25,17.100000381469727,17.100000381469727,3000,0.0,0.0
2021-03-15 00:00:00+08:00,17.100000381469727,17.100000381469727,16.700000762939453,16.899999618530273,116000,0.0,0.0
2021-03-16 00:00:00+08:00,17.0,17.5,16.799999237060547,16.950000762939453,34000,0.0,0.0
2021-03-17 00:00:00+08:00,17.0,17.0,16.850000381469727,17.0,28000,0.0,0.0
2021-03-18 00:00:00+08:00,17.0,17.200000762939453,16.75,17.200000762939453,23000,0.0,0.0
2021-03-19 00:00:00+08:00,17.149999618530273,17.299999237060547,16.850000381469727,17.200000762939453,32000,0.0,0.0
2021-03-22 00:00:00+08:00,17.299999237060547,17.399999618530273,16.799999237060547,16.850000381469727,54000,0.0,0.0
2021-03-23 00:00:00+08:00,16.799999237060547,16.799999237060547,16.75,16.799999237060547,15000,0.0,0.0
2021-03-24 00:00:00+08:00,16.700000762939453,16.700000762939453,16.600000381469727,16.700000762939453,15000,0.0,0.0
2021-03-25 00:00:00+08:00,17.049999237060547,17.049999237060547,16.600000381469727,16.700000762939453,15000,0.0,0.0
2021-03-26 00:00:00+08:00,16.700000762939453,16.799999237060547,16.649999618530273,16.700000762939453,18000,0.0,0.0
2021-03-29 00:00:00+08:00,16.700000762939453,16.700000762939453,16.549999237060547,16.549999237060547,25000,0.0,0.0
2021-03-30 00:00:00+08:00,16.649999618530273,16.75,16.25,16.600000381469727,41000,0.0,0.0
2021-03-31 00:00:00+08:00,16.75,18.25,16.75,18.25,1272000,0.0,0.0
2021-04-01 00:00:00+08:00,18.350000381469727,18.5,17.299999237060547,17.899999618530273,662000,0.0,0.0
2021-04-07 00:00:00+08:00,18.200000762939453,19.799999237060547,18.200000762939453,19.350000381469727,875000,0.0,0.0
2021-04-08 00:00:00+08:00,19.600000381469727,19.600000381469727,18.549999237060547,18.700000762939453,290000,0.0,0.0
2021-04-09 00:00:00+08:00,18.850000381469727,19.149999618530273,18.549999237060547,18.799999237060547,152000,0.0,0.0
2021-04-12 00:00:00+08:00,18.799999237060547,20.350000381469727,18.799999237060547,19.5,325000,0.0,0.0
2021-04-13 00:00:00+08:00,20.0,20.0,18.100000381469727,18.149999618530273,222000,0.0,0.0
2021-04-14 00:00:00+08:00,18.350000381469727,19.950000762939453,18.299999237060547,19.350000381469727,523000,0.0,0.0
2021-04-15 00:00:00+08:00,19.950000762939453,20.799999237060547,19.200000762939453,19.299999237060547,195000,0.0,0.0
2021-04-16 00:00:00+08:00,19.600000381469727,19.799999237060547,19.100000381469727,19.399999618530273,117000,0.0,0.0
2021-04-19 00:00:00+08:00,19.25,19.700000762939453,19.149999618530273,19.549999237060547,122000,0.0,0.0
2021-04-20 00:00:00+08:00,19.299999237060547,19.549999237060547,19.200000762939453,19.299999237060547,38000,0.0,0.0
2021-04-21 00:00:00+08:00,19.649999618530273,21.200000762939453,19.299999237060547,20.799999237060547,745000,0.0,0.0
2021-04-22 00:00:00+08:00,21.299999237060547,21.299999237060547,19.0,19.200000762939453,369000,0.0,0.0
2021-04-23 00:00:00+08:00,19.600000381469727,20.049999237060547,19.350000381469727,19.700000762939453,147000,0.0,0.0
2021-04-26 00:00:00+08:00,20.049999237060547,20.450000762939453,19.600000381469727,20.100000381469727,133000,0.0,0.0
2021-04-27 00:00:00+08:00,20.399999618530273,20.399999618530273,20.049999237060547,20.049999237060547,126000,0.0,0.0
2021-04-28 00:00:00+08:00,20.049999237060547,21.100000381469727,19.549999237060547,19.700000762939453,390000,0.0,0.0
2021-04-29 00:00:00+08:00,19.950000762939453,19.950000762939453,19.25,19.5,51000,0.0,0.0
2021-05-03 00:00:00+08:00,18.899999618530273,19.5,18.350000381469727,18.350000381469727,67000,0.0,0.0
2021-05-04 00:00:00+08:00,18.299999237060547,18.399999618530273,17.5,18.399999618530273,88000,0.0,0.0
2021-05-05 00:00:00+08:00,18.5,19.850000381469727,18.5,19.049999237060547,68000,0.0,0.0
2021-05-06 00:00:00+08:00,18.850000381469727,19.0,18.25,18.600000381469727,28000,0.0,0.0
2021-05-07 00:00:00+08:00,18.600000381469727,18.600000381469727,18.100000381469727,18.5,82000,0.0,0.0
2021-05-10 00:00:00+08:00,19.0,19.0,18.450000762939453,18.5,30000,0.0,0.0
2021-05-11 00:00:00+08:00,18.049999237060547,18.5,17.5,17.850000381469727,59000,0.0,0.0
2021-05-12 00:00:00+08:00,17.850000381469727,17.850000381469727,16.149999618530273,16.549999237060547,77000,0.0,0.0
2021-05-13 00:00:00+08:00,15.949999809265137,17.450000762939453,15.949999809265137,17.399999618530273,20000,0.0,0.0
2021-05-14 00:00:00+08:00,17.200000762939453,17.950000762939453,17.049999237060547,17.049999237060547,26000,0.0,0.0
2021-05-17 00:00:00+08:00,17.049999237060547,17.049999237060547,15.75,16.299999237060547,25000,0.0,0.0
2021-05-18 00:00:00+08:00,16.799999237060547,17.399999618530273,16.799999237060547,17.100000381469727,34000,0.0,0.0
2021-05-19 00:00:00+08:00,17.299999237060547,17.299999237060547,17.100000381469727,17.5,14000,0.0,0.0
2021-05-20 00:00:00+08:00,16.850000381469727,17.450000762939453,16.799999237060547,17.450000762939453,9000,0.0,0.0
2021-05-21 00:00:00+08:00,17.450000762939453,17.700000762939453,17.25,17.600000381469727,22000,0.0,0.0
2021-05-24 00:00:00+08:00,17.0,17.700000762939453,17.0,17.700000762939453,3000,0.0,0.0
2021-05-25 00:00:00+08:00,17.799999237060547,18.0,17.299999237060547,18.0,17000,0.0,0.0
2021-05-26 00:00:00+08:00,17.299999237060547,17.850000381469727,17.299999237060547,17.350000381469727,8000,0.0,0.0
2021-05-27 00:00:00+08:00,17.850000381469727,17.850000381469727,17.5,17.799999237060547,14000,0.0,0.0
2021-05-28 00:00:00+08:00,17.850000381469727,17.850000381469727,17.299999237060547,17.350000381469727,45000,0.0,0.0
2021-05-31 00:00:00+08:00,17.5,17.5,17.350000381469727,17.350000381469727,3000,0.0,0.0
2021-06-01 00:00:00+08:00,17.450000762939453,17.75,17.25,17.399999618530273,27000,0.0,0.0
2021-06-02 00:00:00+08:00,17.149999618530273,17.350000381469727,17.149999618530273,17.350000381469727,6000,0.0,0.0
2021-06-03 00:00:00+08:00,17.350000381469727,17.450000762939453,17.200000762939453,17.450000762939453,12000,0.0,0.0
2021-06-04 00:00:00+08:00,17.25,17.25,17.0,17.399999618530273,29000,0.0,0.0
2021-06-07 00:00:00+08:00,17.100000381469727,17.100000381469727,17.100000381469727,17.100000381469727,5000,0.0,0.0
2021-06-08 00:00:00+08:00,17.200000762939453,17.299999237060547,17.0,17.100000381469727,14000,0.0,0.0
2021-06-09 00:00:00+08:00,17.200000762939453,17.600000381469727,17.200000762939453,17.299999237060547,5000,0.0,0.0
2021-06-10 00:00:00+08:00,17.100000381469727,17.299999237060547,17.0,17.299999237060547,3000,0.0,0.0
2021-06-11 00:00:00+08:00,17.100000381469727,17.25,17.049999237060547,17.149999618530273,24000,0.0,0.0
2021-06-15 00:00:00+08:00,17.149999618530273,17.149999618530273,16.850000381469727,17.0,17000,0.0,0.0
2021-06-16 00:00:00+08:00,16.850000381469727,17.100000381469727,16.799999237060547,17.049999237060547,27000,0.0,0.0
2021-06-17 00:00:00+08:00,17.100000381469727,17.100000381469727,16.899999618530273,17.0,31000,0.0,0.0
2021-06-18 00:00:00+08:00,17.100000381469727,17.100000381469727,16.700000762939453,16.850000381469727,41000,0.0,0.0
2021-06-21 00:00:00+08:00,16.850000381469727,17.0,16.600000381469727,17.0,20000,0.0,0.0
2021-06-22 00:00:00+08:00,17.149999618530273,17.149999618530273,16.700000762939453,16.799999237060547,21000,0.0,0.0
2021-06-23 00:00:00+08:00,17.0,17.0,16.799999237060547,16.799999237060547,20000,0.0,0.0
2021-06-24 00:00:00+08:00,17.0,17.0,16.75,17.0,20000,0.0,0.0
2021-06-25 00:00:00+08:00,17.149999618530273,17.149999618530273,16.850000381469727,16.75,15000,0.0,0.0
2021-06-28 00:00:00+08:00,16.799999237060547,16.899999618530273,16.600000381469727,16.899999618530273,31000,0.0,0.0
2021-06-29 00:00:00+08:00,16.549999237060547,17.0,16.399999618530273,17.0,176000,0.0,0.0
2021-06-30 00:00:00+08:00,17.0,18.0,17.0,17.149999618530273,112000,0.0,0.0
2021-07-01 00:00:00+08:00,16.649999618530273,16.899999618530273,16.399999618530273,16.700000762939453,47000,0.0,0.0
2021-07-02 00:00:00+08:00,16.950000762939453,16.950000762939453,16.399999618530273,16.799999237060547,20000,0.0,0.0
2021-07-05 00:00:00+08:00,16.899999618530273,17.0,16.799999237060547,16.950000762939453,55000,0.0,0.0
2021-07-06 00:00:00+08:00,17.0,17.149999618530273,16.5,16.799999237060547,80000,0.0,0.0
2021-07-07 00:00:00+08:00,16.799999237060547,16.850000381469727,16.649999618530273,16.700000762939453,7000,0.0,0.0
2021-07-08 00:00:00+08:00,16.700000762939453,16.799999237060547,16.149999618530273,16.600000381469727,102000,0.0,0.0
2021-07-09 00:00:00+08:00,16.399999618530273,16.700000762939453,16.299999237060547,16.299999237060547,18000,0.0,0.0
2021-07-12 00:00:00+08:00,16.299999237060547,16.700000762939453,16.299999237060547,16.700000762939453,35000,0.0,0.0
2021-07-13 00:00:00+08:00,17.0,17.0,16.600000381469727,16.600000381469727,18000,0.0,0.0
2021-07-14 00:00:00+08:00,16.700000762939453,16.899999618530273,16.700000762939453,16.700000762939453,9000,0.0,0.0
2021-07-15 00:00:00+08:00,16.75,16.950000762939453,16.5,16.799999237060547,24000,0.0,0.0
2021-07-16 00:00:00+08:00,16.950000762939453,17.0,16.549999237060547,16.799999237060547,8000,0.0,0.0
2021-07-19 00:00:00+08:00,16.600000381469727,16.850000381469727,16.600000381469727,16.700000762939453,21000,0.0,0.0
2021-07-20 00:00:00+08:00,16.75,16.75,16.100000381469727,16.75,103000,0.0,0.0
2021-07-21 00:00:00+08:00,16.799999237060547,16.799999237060547,16.350000381469727,16.649999618530273,18000,0.0,0.0
2021-07-22 00:00:00+08:00,16.549999237060547,16.549999237060547,16.350000381469727,16.549999237060547,46000,0.0,0.0
2021-07-23 00:00:00+08:00,16.5,16.5,16.299999237060547,16.350000381469727,25000,0.0,0.0
2021-07-26 00:00:00+08:00,16.350000381469727,16.399999618530273,16.149999618530273,16.149999618530273,48000,0.0,0.0
2021-07-27 00:00:00+08:00,16.350000381469727,16.799999237060547,16.25,16.5,27000,0.0,0.0
2021-07-28 00:00:00+08:00,16.200000762939453,16.200000762939453,16.149999618530273,16.600000381469727,11000,0.0,0.0
2021-07-29 00:00:00+08:00,16.149999618530273,16.549999237060547,16.100000381469727,16.299999237060547,18000,0.0,0.0
2021-07-30 00:00:00+08:00,16.399999618530273,16.399999618530273,16.0,16.049999237060547,21000,0.0,0.0
2021-08-02 00:00:00+08:00,16.25,16.25,16.049999237060547,16.100000381469727,34000,0.0,0.0
2021-08-03 00:00:00+08:00,16.25,16.25,16.149999618530273,16.25,11000,0.0,0.0
2021-08-04 00:00:00+08:00,16.200000762939453,16.200000762939453,16.100000381469727,16.200000762939453,31000,0.0,0.0
2021-08-05 00:00:00+08:00,16.200000762939453,16.25,16.100000381469727,16.25,26000,0.0,0.0
2021-08-06 00:00:00+08:00,16.299999237060547,16.299999237060547,16.25,16.299999237060547,6000,0.0,0.0
2021-08-09 00:00:00+08:00,16.549999237060547,17.899999618530273,16.549999237060547,17.899999618530273,1280000,0.0,0.0
2021-08-10 00:00:00+08:00,19.0,19.649999618530273,18.700000762939453,19.649999618530273,2781000,0.0,0.0
2021-08-11 00:00:00+08:00,21.600000381469727,21.600000381469727,18.5,18.5,4484000,0.0,0.0
2021-08-12 00:00:00+08:00,18.100000381469727,18.100000381469727,16.950000762939453,17.049999237060547,1132000,0.0,0.0
2021-08-13 00:00:00+08:00,17.149999618530273,18.600000381469727,17.100000381469727,17.899999618530273,711000,0.0,0.0
2021-08-16 00:00:00+08:00,17.950000762939453,18.149999618530273,17.049999237060547,17.049999237060547,315000,0.0,0.0
2021-08-17 00:00:00+08:00,17.049999237060547,17.049999237060547,17.049999237060547,17.049999237060547,0,0.0,0.0
2021-08-18 00:00:00+08:00,16.25,16.399999618530273,15.800000190734863,16.299999237060547,170000,0.0,0.0
2021-08-19 00:00:00+08:00,16.399999618530273,16.5,16.0,16.149999618530273,62000,0.0,0.0
2021-08-20 00:00:00+08:00,16.149999618530273,16.600000381469727,16.0,16.049999237060547,57000,0.0,0.0
2021-08-23 00:00:00+08:00,16.5,16.5,15.899999618530273,16.049999237060547,134000,0.0,0.0
2021-08-24 00:00:00+08:00,16.450000762939453,16.450000762939453,16.049999237060547,16.100000381469727,88000,0.0,0.0
2021-08-25 00:00:00+08:00,16.799999237060547,17.700000762939453,16.799999237060547,17.700000762939453,331000,0.0,0.0
2021-08-26 00:00:00+08:00,19.25,19.299999237060547,17.700000762939453,18.100000381469727,684000,0.0,0.0
2021-08-27 00:00:00+08:00,19.450000762939453,19.899999618530273,19.100000381469727,19.899999618530273,1229000,0.0,0.0
2021-08-30 00:00:00+08:00,21.850000381469727,21.850000381469727,21.850000381469727,21.850000381469727,580000,0.0,0.0
2021-08-31 00:00:00+08:00,20.5,21.450000762939453,19.850000381469727,19.850000381469727,2151000,0.0,0.0
2021-09-01 00:00:00+08:00,20.25,21.649999618530273,20.0,20.850000381469727,1054000,0.0,0.0
2021-09-02 00:00:00+08:00,21.5,22.899999618530273,21.0,22.899999618530273,647000,0.0,0.0
2021-09-03 00:00:00+08:00,23.100000381469727,24.850000381469727,22.049999237060547,22.200000762939453,3208000,0.0,0.0
2021-09-06 00:00:00+08:00,22.899999618530273,23.5,21.200000762939453,21.549999237060547,950000,0.0,0.0
2021-09-07 00:00:00+08:00,22.0,22.0,19.950000762939453,20.399999618530273,691000,0.0,0.0
2021-09-08 00:00:00+08:00,20.399999618530273,20.5,19.399999618530273,19.399999618530273,346000,0.0,0.0
2021-09-09 00:00:00+08:00,19.399999618530273,21.299999237060547,18.850000381469727,21.299999237060547,853000,0.0,0.0
2021-09-10 00:00:00+08:00,21.25,23.200000762939453,21.0,21.799999237060547,1813000,0.0,0.0
2021-09-13 00:00:00+08:00,21.25,22.350000381469727,21.25,21.950000762939453,708000,0.0,0.0
2021-09-14 00:00:00+08:00,21.649999618530273,22.200000762939453,20.899999618530273,21.299999237060547,326000,0.0,0.0
2021-09-15 00:00:00+08:00,21.299999237060547,22.799999237060547,21.299999237060547,21.899999618530273,541000,0.0,0.0
2021-09-16 00:00:00+08:00,21.899999618530273,22.5,21.600000381469727,22.100000381469727,304000,0.0,0.0
2021-09-17 00:00:00+08:00,22.799999237060547,24.299999237060547,22.75,24.299999237060547,1533000,0.0,0.0
2021-09-22 00:00:00+08:00,23.700000762939453,25.549999237060547,22.5,22.5,5518000,0.0,0.0
2021-09-23 00:00:00+08:00,22.450000762939453,24.75,22.100000381469727,24.75,2164000,0.0,0.0
2021-09-24 00:00:00+08:00,25.549999237060547,27.200000762939453,25.549999237060547,27.200000762939453,5389000,0.0,0.0
2021-09-27 00:00:00+08:00,28.299999237060547,28.399999618530273,25.5,26.25,5778000,0.0,0.0
2021-09-28 00:00:00+08:00,25.600000381469727,26.799999237060547,24.649999618530273,25.200000762939453,1608000,0.0,0.0
2021-09-29 00:00:00+08:00,24.799999237060547,27.700000762939453,24.299999237060547,27.700000762939453,3561000,0.0,0.0
2021-09-30 00:00:00+08:00,28.700000762939453,30.450000762939453,28.5,30.450000762939453,7025000,0.0,0.0
2021-10-01 00:00:00+08:00,30.799999237060547,33.400001525878906,28.100000381469727,28.100000381469727,16126000,0.0,0.0
2021-10-04 00:00:00+08:00,28.549999237060547,29.5,27.200000762939453,28.899999618530273,5724000,0.0,0.0
2021-10-05 00:00:00+08:00,28.5,28.700000762939453,27.25,28.049999237060547,2772000,0.0,0.0
2021-10-06 00:00:00+08:00,27.799999237060547,30.850000381469727,27.799999237060547,30.850000381469727,5236000,0.0,0.0
2021-10-07 00:00:00+08:00,32.0,33.099998474121094,31.200000762939453,32.45000076293945,11353000,0.0,0.0
2021-10-08 00:00:00+08:00,32.54999923706055,35.650001525878906,32.20000076293945,32.79999923706055,12653000,0.0,0.0
2021-10-12 00:00:00+08:00,31.049999237060547,36.04999923706055,30.799999237060547,34.79999923706055,6738000,0.0,0.0
2021-10-13 00:00:00+08:00,36.25,38.25,35.54999923706055,38.25,16643000,0.0,0.0
2021-10-14 00:00:00+08:00,39.79999923706055,41.5,35.79999923706055,35.79999923706055,21389000,0.0,0.0
2021-10-15 00:00:00+08:00,37.400001525878906,39.349998474121094,36.20000076293945,37.5,10857000,0.0,0.0
2021-10-18 00:00:00+08:00,38.0,40.5,37.900001525878906,38.54999923706055,9325000,0.0,0.0
2021-10-19 00:00:00+08:00,37.150001525878906,39.20000076293945,35.25,37.70000076293945,6599000,0.0,0.0
2021-10-20 00:00:00+08:00,37.45000076293945,37.45000076293945,35.849998474121094,36.599998474121094,2888000,0.0,0.0
2021-10-21 00:00:00+08:00,35.650001525878906,36.650001525878906,32.95000076293945,32.95000076293945,4597000,0.0,0.0
2021-10-22 00:00:00+08:00,32.29999923706055,33.79999923706055,30.700000762939453,33.0,5956000,0.0,0.0
2021-10-25 00:00:00+08:00,32.04999923706055,32.29999923706055,30.850000381469727,31.350000381469727,2395000,0.0,0.0
2021-10-26 00:00:00+08:00,31.75,32.5,29.600000381469727,29.700000762939453,2758000,0.0,0.0
2021-10-27 00:00:00+08:00,31.399999618530273,32.0,30.100000381469727,30.700000762939453,3482000,0.0,0.0
2021-10-28 00:00:00+08:00,29.700000762939453,30.100000381469727,28.700000762939453,28.700000762939453,2468000,0.0,0.0
2021-10-29 00:00:00+08:00,29.100000381469727,29.399999618530273,28.200000762939453,28.899999618530273,1575000,0.0,0.0
2021-11-01 00:00:00+08:00,29.25,31.75,28.799999237060547,31.100000381469727,3615000,0.0,0.0
2021-11-02 00:00:00+08:00,30.850000381469727,31.399999618530273,29.100000381469727,29.200000762939453,2464000,0.0,0.0
2021-11-03 00:00:00+08:00,29.600000381469727,30.899999618530273,29.5,29.799999237060547,1412000,0.0,0.0
2021-11-04 00:00:00+08:00,29.899999618530273,31.200000762939453,29.899999618530273,30.200000762939453,1595000,0.0,0.0
2021-11-05 00:00:00+08:00,30.299999237060547,31.049999237060547,29.799999237060547,30.200000762939453,1046000,0.0,0.0
2021-11-08 00:00:00+08:00,30.399999618530273,30.799999237060547,29.450000762939453,29.450000762939453,649000,0.0,0.0
2021-11-09 00:00:00+08:00,29.399999618530273,30.600000381469727,28.600000381469727,30.100000381469727,1291000,0.0,0.0
2021-11-10 00:00:00+08:00,30.399999618530273,30.450000762939453,29.299999237060547,29.350000381469727,638000,0.0,0.0
2021-11-11 00:00:00+08:00,29.299999237060547,30.049999237060547,28.850000381469727,29.0,672000,0.0,0.0
2021-11-12 00:00:00+08:00,29.75,29.75,28.899999618530273,29.299999237060547,307000,0.0,0.0
2021-11-15 00:00:00+08:00,29.399999618530273,29.950000762939453,28.899999618530273,29.75,701000,0.0,0.0
2021-11-16 00:00:00+08:00,29.950000762939453,29.950000762939453,29.0,29.049999237060547,437000,0.0,0.0
2021-11-17 00:00:00+08:00,29.100000381469727,29.200000762939453,28.700000762939453,28.899999618530273,421000,0.0,0.0
2021-11-18 00:00:00+08:00,29.299999237060547,29.299999237060547,27.950000762939453,27.950000762939453,657000,0.0,0.0
2021-11-19 00:00:00+08:00,28.399999618530273,28.399999618530273,26.600000381469727,26.799999237060547,740000,0.0,0.0
2021-11-22 00:00:00+08:00,27.200000762939453,27.200000762939453,26.649999618530273,26.75,393000,0.0,0.0
2021-11-23 00:00:00+08:00,26.700000762939453,27.0,26.100000381469727,26.100000381469727,431000,0.0,0.0
2021-11-24 00:00:00+08:00,25.600000381469727,26.850000381469727,25.600000381469727,26.450000762939453,618000,0.0,0.0
2021-11-25 00:00:00+08:00,26.350000381469727,29.049999237060547,26.350000381469727,29.049999237060547,1848000,0.0,0.0
2021-11-26 00:00:00+08:00,31.450000762939453,31.450000762939453,29.399999618530273,30.049999237060547,7869000,0.0,0.0
2021-11-29 00:00:00+08:00,28.200000762939453,28.850000381469727,27.100000381469727,27.350000381469727,1322000,0.0,0.0
2021-11-30 00:00:00+08:00,27.600000381469727,28.049999237060547,27.100000381469727,27.299999237060547,578000,0.0,0.0
2021-12-01 00:00:00+08:00,27.299999237060547,28.049999237060547,26.700000762939453,26.799999237060547,565000,0.0,0.0
2021-12-02 00:00:00+08:00,26.75,26.75,25.899999618530273,26.100000381469727,537000,0.0,0.0
2021-12-03 00:00:00+08:00,26.899999618530273,27.200000762939453,26.100000381469727,26.75,492000,0.0,0.0
2021-12-06 00:00:00+08:00,26.799999237060547,27.899999618530273,26.799999237060547,27.899999618530273,417000,0.0,0.0
2021-12-07 00:00:00+08:00,28.200000762939453,28.549999237060547,27.5,27.5,373000,0.0,0.0
2021-12-08 00:00:00+08:00,27.649999618530273,30.25,27.549999237060547,30.25,1759000,0.0,0.0
2021-12-09 00:00:00+08:00,30.25,32.79999923706055,29.549999237060547,31.850000381469727,5133000,0.0,0.0
2021-12-10 00:00:00+08:00,31.850000381469727,33.79999923706055,30.549999237060547,31.649999618530273,4456000,0.0,0.0
2021-12-13 00:00:00+08:00,31.0,32.54999923706055,31.0,32.099998474121094,1126000,0.0,0.0
2021-12-14 00:00:00+08:00,32.099998474121094,32.099998474121094,30.049999237060547,30.200000762939453,1042000,0.0,0.0
2021-12-15 00:00:00+08:00,31.200000762939453,32.70000076293945,30.450000762939453,31.899999618530273,792000,0.0,0.0
2021-12-16 00:00:00+08:00,31.899999618530273,33.0,31.700000762939453,32.20000076293945,946000,0.0,0.0
2021-12-17 00:00:00+08:00,32.5,34.150001525878906,32.20000076293945,32.20000076293945,1456000,0.0,0.0
2021-12-20 00:00:00+08:00,32.099998474121094,33.599998474121094,31.700000762939453,32.900001525878906,656000,0.0,0.0
2021-12-21 00:00:00+08:00,33.599998474121094,33.599998474121094,31.700000762939453,32.099998474121094,610000,0.0,0.0
2021-12-22 00:00:00+08:00,32.599998474121094,33.900001525878906,32.400001525878906,32.900001525878906,1111000,0.0,0.0
2021-12-23 00:00:00+08:00,33.400001525878906,33.400001525878906,32.20000076293945,32.29999923706055,496000,0.0,0.0
2021-12-24 00:00:00+08:00,32.849998474121094,32.849998474121094,32.04999923706055,32.099998474121094,338000,0.0,0.0
2021-12-27 00:00:00+08:00,32.099998474121094,32.099998474121094,31.0,31.100000381469727,518000,0.0,0.0
2021-12-28 00:00:00+08:00,31.649999618530273,31.700000762939453,31.200000762939453,31.25,142000,0.0,0.0
2021-12-29 00:00:00+08:00,31.25,32.25,31.200000762939453,32.099998474121094,296000,0.0,0.0
2021-12-30 00:00:00+08:00,32.04999923706055,32.04999923706055,31.25,31.399999618530273,175000,0.0,0.0
2022-01-03 00:00:00+08:00,32.25,33.79999923706055,31.200000762939453,31.25,807000,0.0,0.0
2022-01-04 00:00:00+08:00,31.350000381469727,31.549999237060547,30.600000381469727,30.600000381469727,396000,0.0,0.0
2022-01-05 00:00:00+08:00,30.600000381469727,30.600000381469727,29.299999237060547,29.799999237060547,558000,0.0,0.0
2022-01-06 00:00:00+08:00,29.5,30.950000762939453,29.450000762939453,30.350000381469727,216000,0.0,0.0
2022-01-07 00:00:00+08:00,30.200000762939453,30.200000762939453,28.600000381469727,28.600000381469727,477000,0.0,0.0
2022-01-10 00:00:00+08:00,28.600000381469727,29.5,27.850000381469727,29.049999237060547,169000,0.0,0.0
2022-01-11 00:00:00+08:00,29.5,29.5,28.75,28.799999237060547,170000,0.0,0.0
2022-01-12 00:00:00+08:00,28.799999237060547,28.799999237060547,28.200000762939453,28.600000381469727,167000,0.0,0.0
2022-01-13 00:00:00+08:00,28.600000381469727,28.799999237060547,28.5,28.950000762939453,59000,0.0,0.0
2022-01-14 00:00:00+08:00,28.700000762939453,28.700000762939453,27.200000762939453,27.600000381469727,249000,0.0,0.0
2022-01-17 00:00:00+08:00,27.600000381469727,27.950000762939453,27.25,27.649999618530273,122000,0.0,0.0
2022-01-18 00:00:00+08:00,27.899999618530273,28.049999237060547,27.700000762939453,27.850000381469727,86000,0.0,0.0
2022-01-19 00:00:00+08:00,27.649999618530273,27.700000762939453,27.299999237060547,27.299999237060547,113000,0.0,0.0
2022-01-20 00:00:00+08:00,27.299999237060547,27.549999237060547,27.200000762939453,27.350000381469727,110000,0.0,0.0
2022-01-21 00:00:00+08:00,27.5,27.5,26.450000762939453,26.649999618530273,208000,0.0,0.0
2022-01-24 00:00:00+08:00,26.649999618530273,26.649999618530273,24.799999237060547,26.399999618530273,164000,0.0,0.0
2022-01-25 00:00:00+08:00,26.299999237060547,28.0,26.299999237060547,27.399999618530273,198000,0.0,0.0
2022-01-26 00:00:00+08:00,28.799999237060547,29.049999237060547,27.450000762939453,29.049999237060547,412000,0.0,0.0
2022-02-07 00:00:00+08:00,29.200000762939453,31.950000762939453,29.200000762939453,31.950000762939453,697000,0.0,0.0
2022-02-08 00:00:00+08:00,32.599998474121094,33.45000076293945,31.299999237060547,32.25,1797000,0.0,0.0
2022-02-09 00:00:00+08:00,32.29999923706055,32.29999923706055,31.75,31.799999237060547,355000,0.0,0.0
2022-02-10 00:00:00+08:00,33.0,33.0,31.899999618530273,32.29999923706055,472000,0.0,0.0
2022-02-11 00:00:00+08:00,32.099998474121094,33.400001525878906,31.649999618530273,32.349998474121094,600000,0.0,0.0
2022-02-14 00:00:00+08:00,31.850000381469727,31.899999618530273,31.0,31.0,237000,0.0,0.0
2022-02-15 00:00:00+08:00,31.299999237060547,32.04999923706055,31.25,31.700000762939453,199000,0.0,0.0
2022-02-16 00:00:00+08:00,32.0,32.599998474121094,31.799999237060547,31.799999237060547,212000,0.0,0.0
2022-02-17 00:00:00+08:00,32.349998474121094,32.400001525878906,31.399999618530273,31.399999618530273,171000,0.0,0.0
2022-02-18 00:00:00+08:00,30.549999237060547,32.0,30.549999237060547,31.5,69000,0.0,0.0
2022-02-21 00:00:00+08:00,31.850000381469727,31.850000381469727,31.0,31.049999237060547,88000,0.0,0.0
2022-02-22 00:00:00+08:00,31.049999237060547,31.049999237060547,29.850000381469727,30.0,129000,0.0,0.0
2022-02-23 00:00:00+08:00,30.0,30.450000762939453,28.950000762939453,30.399999618530273,92000,0.0,0.0
2022-02-24 00:00:00+08:00,29.850000381469727,30.149999618530273,28.5,28.700000762939453,160000,0.0,0.0
2022-02-25 00:00:00+08:00,29.0,29.299999237060547,28.600000381469727,28.850000381469727,59000,0.0,0.0
2022-03-01 00:00:00+08:00,29.200000762939453,30.799999237060547,29.200000762939453,30.149999618530273,117000,0.0,0.0
2022-03-02 00:00:00+08:00,30.200000762939453,31.049999237060547,29.649999618530273,29.850000381469727,160000,0.0,0.0
2022-03-03 00:00:00+08:00,29.850000381469727,30.0,29.350000381469727,30.0,176000,0.0,0.0
2022-03-04 00:00:00+08:00,29.850000381469727,29.850000381469727,28.950000762939453,29.0,115000,0.0,0.0
2022-03-07 00:00:00+08:00,29.0,29.0,27.25,27.5,205000,0.0,0.0
2022-03-08 00:00:00+08:00,27.049999237060547,27.450000762939453,26.649999618530273,26.649999618530273,186000,0.0,0.0
2022-03-09 00:00:00+08:00,26.649999618530273,27.899999618530273,26.649999618530273,27.799999237060547,154000,0.0,0.0
2022-03-10 00:00:00+08:00,28.799999237060547,29.100000381469727,28.049999237060547,28.25,120000,0.0,0.0
2022-03-11 00:00:00+08:00,28.200000762939453,28.350000381469727,27.799999237060547,28.0,50000,0.0,0.0
2022-03-14 00:00:00+08:00,27.700000762939453,27.700000762939453,27.200000762939453,27.600000381469727,64000,0.0,0.0
2022-03-15 00:00:00+08:00,27.200000762939453,27.25,26.5,27.0,79000,0.0,0.0
2022-03-16 00:00:00+08:00,26.700000762939453,27.0,26.600000381469727,26.850000381469727,64000,0.0,0.0
2022-03-17 00:00:00+08:00,27.450000762939453,27.799999237060547,27.149999618530273,27.799999237060547,29000,0.0,0.0
2022-03-18 00:00:00+08:00,28.049999237060547,29.200000762939453,28.049999237060547,28.600000381469727,143000,0.0,0.0
2022-03-21 00:00:00+08:00,29.25,29.600000381469727,29.049999237060547,29.350000381469727,68000,0.0,0.0
2022-03-22 00:00:00+08:00,29.799999237060547,30.450000762939453,29.549999237060547,29.549999237060547,114000,0.0,0.0
2022-03-23 00:00:00+08:00,29.700000762939453,30.100000381469727,29.700000762939453,29.950000762939453,82000,0.0,0.0
2022-03-24 00:00:00+08:00,29.350000381469727,29.850000381469727,29.149999618530273,29.149999618530273,86000,0.0,0.0
2022-03-25 00:00:00+08:00,29.149999618530273,29.5,28.049999237060547,28.299999237060547,128000,0.0,0.0
2022-03-28 00:00:00+08:00,27.350000381469727,28.299999237060547,27.350000381469727,27.75,71000,0.0,0.0
2022-03-29 00:00:00+08:00,28.0,28.100000381469727,27.450000762939453,27.549999237060547,89000,0.0,0.0
2022-03-30 00:00:00+08:00,27.700000762939453,27.799999237060547,27.450000762939453,27.5,85000,0.0,0.0
2022-03-31 00:00:00+08:00,27.100000381469727,27.25,27.0,27.149999618530273,100000,0.0,0.0
2022-04-01 00:00:00+08:00,26.950000762939453,27.649999618530273,26.850000381469727,27.25,104000,0.0,0.0
2022-04-06 00:00:00+08:00,27.600000381469727,27.600000381469727,26.899999618530273,26.950000762939453,72000,0.0,0.0
2022-04-07 00:00:00+08:00,26.950000762939453,26.950000762939453,26.600000381469727,26.799999237060547,122000,0.0,0.0
2022-04-08 00:00:00+08:00,26.649999618530273,27.049999237060547,26.600000381469727,26.700000762939453,49000,0.0,0.0
2022-04-11 00:00:00+08:00,26.25,26.25,25.399999618530273,25.399999618530273,194000,0.0,0.0
2022-04-12 00:00:00+08:00,25.0,25.0,24.200000762939453,24.5,187000,0.0,0.0
2022-04-13 00:00:00+08:00,24.5,24.5,23.799999237060547,24.0,267000,0.0,0.0
2022-04-14 00:00:00+08:00,23.899999618530273,24.149999618530273,23.450000762939453,23.549999237060547,323000,0.0,0.0
2022-04-15 00:00:00+08:00,23.399999618530273,23.549999237060547,22.850000381469727,22.850000381469727,247000,0.0,0.0
2022-04-18 00:00:00+08:00,23.049999237060547,23.100000381469727,22.350000381469727,22.350000381469727,218000,0.0,0.0
2022-04-19 00:00:00+08:00,22.049999237060547,22.5,21.850000381469727,21.850000381469727,279000,0.0,0.0
2022-04-20 00:00:00+08:00,22.399999618530273,24.0,22.100000381469727,24.0,1529000,0.0,0.0
2022-04-21 00:00:00+08:00,24.0,26.399999618530273,23.700000762939453,26.399999618530273,2651000,0.0,0.0
2022-04-22 00:00:00+08:00,26.100000381469727,26.25,25.0,26.0,1721000,0.0,0.0
2022-04-25 00:00:00+08:00,25.450000762939453,25.5,24.25,24.549999237060547,461000,0.0,0.0
2022-04-26 00:00:00+08:00,25.049999237060547,25.100000381469727,24.149999618530273,24.149999618530273,229000,0.0,0.0
2022-04-27 00:00:00+08:00,23.399999618530273,24.450000762939453,22.600000381469727,23.200000762939453,712000,0.0,0.0
2022-04-28 00:00:00+08:00,23.350000381469727,23.700000762939453,23.0,23.100000381469727,155000,0.0,0.0
2022-04-29 00:00:00+08:00,23.450000762939453,23.75,23.25,23.350000381469727,82000,0.0,0.0
2022-05-03 00:00:00+08:00,23.200000762939453,23.299999237060547,22.700000762939453,22.75,138000,0.0,0.0
2022-05-04 00:00:00+08:00,22.75,23.100000381469727,22.75,22.899999618530273,128000,0.0,0.0
2022-05-05 00:00:00+08:00,22.950000762939453,23.200000762939453,22.899999618530273,22.950000762939453,102000,0.0,0.0
2022-05-06 00:00:00+08:00,22.649999618530273,24.100000381469727,22.549999237060547,23.549999237060547,198000,0.0,0.0
2022-05-09 00:00:00+08:00,24.850000381469727,25.899999618530273,24.0,25.899999618530273,859000,0.0,0.0
2022-05-10 00:00:00+08:00,25.899999618530273,26.799999237060547,23.600000381469727,23.700000762939453,2041000,0.0,0.0
2022-05-11 00:00:00+08:00,23.850000381469727,24.200000762939453,23.25,24.0,395000,0.0,0.0
2022-05-12 00:00:00+08:00,24.0,26.149999618530273,24.0,24.700000762939453,1044000,0.0,0.0
2022-05-13 00:00:00+08:00,23.549999237060547,24.700000762939453,23.549999237060547,24.700000762939453,350000,0.0,0.0
2022-05-16 00:00:00+08:00,26.0,27.0,25.25,25.450000762939453,1120000,0.0,0.0
2022-05-17 00:00:00+08:00,25.450000762939453,25.899999618530273,25.350000381469727,25.600000381469727,162000,0.0,0.0
2022-05-18 00:00:00+08:00,26.0,26.0,25.350000381469727,25.75,111000,0.0,0.0
2022-05-19 00:00:00+08:00,25.149999618530273,25.700000762939453,24.700000762939453,25.399999618530273,153000,0.0,0.0
2022-05-20 00:00:00+08:00,25.850000381469727,27.899999618530273,25.399999618530273,26.399999618530273,1183000,0.0,0.0
2022-05-23 00:00:00+08:00,26.899999618530273,29.0,26.450000762939453,29.0,2181000,0.0,0.0
2022-05-24 00:00:00+08:00,28.549999237060547,30.5,27.600000381469727,28.0,2243000,0.0,0.0
2022-05-25 00:00:00+08:00,28.149999618530273,30.799999237060547,28.149999618530273,30.799999237060547,3372000,0.0,0.0
2022-05-26 00:00:00+08:00,31.549999237060547,32.45000076293945,29.899999618530273,31.100000381469727,4638000,0.0,0.0
2022-05-27 00:00:00+08:00,31.450000762939453,33.599998474121094,30.950000762939453,32.79999923706055,3324000,0.0,0.0
2022-05-30 00:00:00+08:00,34.20000076293945,34.20000076293945,32.29999923706055,33.20000076293945,1429000,0.0,0.0
2022-05-31 00:00:00+08:00,33.20000076293945,34.0,32.5,33.20000076293945,1503000,0.0,0.0
2022-06-01 00:00:00+08:00,33.25,34.70000076293945,32.79999923706055,33.5,1481000,0.0,0.0
2022-06-02 00:00:00+08:00,33.849998474121094,33.849998474121094,32.0,32.0,671000,0.0,0.0
2022-06-06 00:00:00+08:00,31.600000381469727,31.600000381469727,30.100000381469727,30.799999237060547,837000,0.0,0.0
2022-06-07 00:00:00+08:00,30.799999237060547,31.600000381469727,30.5,31.049999237060547,257000,0.0,0.0
2022-06-08 00:00:00+08:00,31.049999237060547,31.549999237060547,30.299999237060547,31.0,292000,0.0,0.0
2022-06-09 00:00:00+08:00,31.149999618530273,34.099998474121094,31.149999618530273,34.099998474121094,1984000,0.0,0.0
2022-06-10 00:00:00+08:00,35.0,37.5,34.849998474121094,37.5,11804000,0.0,0.0
2022-06-13 00:00:00+08:00,37.5,40.79999923706055,36.650001525878906,39.0,17256000,0.0,0.0
2022-06-14 00:00:00+08:00,39.0,39.95000076293945,35.79999923706055,37.900001525878906,6909000,0.0,0.0
2022-06-15 00:00:00+08:00,37.400001525878906,40.45000076293945,37.150001525878906,38.5,4663000,0.0,0.0
2022-06-16 00:00:00+08:00,37.650001525878906,42.349998474121094,37.650001525878906,42.349998474121094,7974000,0.0,0.0
2022-06-17 00:00:00+08:00,42.400001525878906,44.0,40.150001525878906,41.849998474121094,21509000,0.0,0.0
2022-06-20 00:00:00+08:00,41.79999923706055,41.79999923706055,37.70000076293945,37.70000076293945,6745000,0.0,0.0
2022-06-21 00:00:00+08:00,39.599998474121094,41.400001525878906,38.25,41.29999923706055,11061000,0.0,0.0
2022-06-22 00:00:00+08:00,41.0,44.099998474121094,39.29999923706055,40.0,19562000,0.0,0.0
2022-06-23 00:00:00+08:00,41.5,41.5,39.0,41.20000076293945,5055000,0.0,0.0
2022-06-24 00:00:00+08:00,40.400001525878906,45.29999923706055,40.400001525878906,43.45000076293945,16972000,0.0,0.0
2022-06-27 00:00:00+08:00,43.45000076293945,47.0,43.20000076293945,45.25,12285000,0.0,0.0
2022-06-28 00:00:00+08:00,44.95000076293945,46.29999923706055,44.20000076293945,45.25,5742000,0.0,0.0
2022-06-29 00:00:00+08:00,46.0,46.20000076293945,43.54999923706055,45.900001525878906,4521000,0.0,0.0
2022-06-30 00:00:00+08:00,45.75,46.5,43.849998474121094,44.54999923706055,3513000,0.0,0.0
2022-07-01 00:00:00+08:00,44.54999923706055,44.599998474121094,40.099998474121094,40.099998474121094,4276000,0.0,0.0
2022-07-04 00:00:00+08:00,39.0,41.04999923706055,38.20000076293945,40.29999923706055,3695000,0.0,0.0
2022-07-05 00:00:00+08:00,40.5,41.04999923706055,36.29999923706055,36.29999923706055,6375000,0.0,0.0
2022-07-06 00:00:00+08:00,36.29999923706055,37.79999923706055,35.75,36.04999923706055,5467000,0.0,0.0
2022-07-07 00:00:00+08:00,35.95000076293945,37.70000076293945,33.5,37.349998474121094,5029000,0.0,0.0
2022-07-08 00:00:00+08:00,37.650001525878906,38.95000076293945,37.29999923706055,38.0,2450000,0.0,0.0
2022-07-11 00:00:00+08:00,38.0,40.70000076293945,38.0,39.29999923706055,3066000,0.0,0.0
2022-07-12 00:00:00+08:00,39.04999923706055,39.150001525878906,35.79999923706055,35.79999923706055,2283000,0.0,0.0
2022-07-13 00:00:00+08:00,36.29999923706055,39.349998474121094,36.29999923706055,38.349998474121094,2582000,0.0,0.0
2022-07-14 00:00:00+08:00,37.29999923706055,39.79999923706055,37.099998474121094,39.5,2490000,0.0,0.0
2022-07-15 00:00:00+08:00,40.0,40.45000076293945,38.650001525878906,39.849998474121094,2128000,0.0,0.0
2022-07-18 00:00:00+08:00,40.29999923706055,42.0,40.29999923706055,40.349998474121094,2406000,0.0,0.0
2022-07-19 00:00:00+08:00,40.349998474121094,40.599998474121094,39.150001525878906,40.0,1243000,0.0,0.0
2022-07-20 00:00:00+08:00,41.0,41.349998474121094,39.75,39.75,1088000,0.0,0.0
2022-07-21 00:00:00+08:00,40.5,41.099998474121094,39.150001525878906,40.70000076293945,1293000,0.0,0.0
2022-07-22 00:00:00+08:00,41.29999923706055,41.900001525878906,40.0,40.0,1952000,0.0,0.0
2022-07-25 00:00:00+08:00,40.0,40.599998474121094,39.599998474121094,40.04999923706055,601000,0.0,0.0
2022-07-26 00:00:00+08:00,39.650001525878906,40.20000076293945,37.5,37.599998474121094,1337000,0.0,0.0
2022-07-27 00:00:00+08:00,37.900001525878906,38.70000076293945,36.70000076293945,38.29999923706055,771000,0.0,0.0
2022-07-28 00:00:00+08:00,38.29999923706055,39.04999923706055,37.5,37.5,457000,0.0,0.0
2022-07-29 00:00:00+08:00,38.599998474121094,40.5,38.0,39.79999923706055,1760000,0.0,0.0
2022-08-01 00:00:00+08:00,39.79999923706055,41.5,39.349998474121094,40.04999923706055,2018000,0.0,0.0
2022-08-02 00:00:00+08:00,39.650001525878906,41.599998474121094,39.20000076293945,40.0,2820000,0.0,0.0
2022-08-03 00:00:00+08:00,40.25,41.04999923706055,37.400001525878906,37.400001525878906,2628000,0.0,0.0
2022-08-04 00:00:00+08:00,37.599998474121094,38.099998474121094,35.900001525878906,36.599998474121094,1821000,0.0,0.0
2022-08-05 00:00:00+08:00,36.70000076293945,38.20000076293945,36.70000076293945,37.5,1093000,0.0,0.0
2022-08-08 00:00:00+08:00,38.04999923706055,38.04999923706055,36.0,36.150001525878906,715000,0.0,0.0
2022-08-09 00:00:00+08:00,37.5,37.79999923706055,36.150001525878906,36.150001525878906,893000,0.0,0.0
2022-08-10 00:00:00+08:00,36.150001525878906,36.150001525878906,35.0,35.650001525878906,881000,0.0,0.0
2022-08-11 00:00:00+08:00,36.599998474121094,36.75,35.45000076293945,36.5,778000,0.0,0.0
2022-08-12 00:00:00+08:00,36.650001525878906,36.650001525878906,35.29999923706055,35.400001525878906,507000,0.0,0.0
2022-08-15 00:00:00+08:00,36.0,36.0,34.849998474121094,34.95000076293945,301000,0.0,0.0
2022-08-16 00:00:00+08:00,35.20000076293945,35.29999923706055,34.70000076293945,35.150001525878906,423000,0.0,0.0
2022-08-17 00:00:00+08:00,35.599998474121094,38.650001525878906,35.400001525878906,38.650001525878906,3639000,0.0,0.0
2022-08-18 00:00:00+08:00,39.0,42.5,39.0,39.599998474121094,13460000,0.0,0.0
2022-08-19 00:00:00+08:00,40.0,41.150001525878906,39.5,40.25,3774000,0.0,0.0
2022-08-22 00:00:00+08:00,40.25,40.25,38.79999923706055,39.099998474121094,766000,0.0,0.0
2022-08-23 00:00:00+08:00,38.29999923706055,38.599998474121094,37.099998474121094,38.25,1026000,0.0,0.0
2022-08-24 00:00:00+08:00,38.79999923706055,41.0,37.900001525878906,39.849998474121094,3299000,0.0,0.0
2022-08-25 00:00:00+08:00,40.0,43.79999923706055,40.0,41.29999923706055,8986000,0.0,0.0
2022-08-26 00:00:00+08:00,41.349998474121094,42.0,40.150001525878906,40.599998474121094,2716000,0.0,0.0
2022-08-29 00:00:00+08:00,40.20000076293945,40.20000076293945,38.5,38.5,1360000,0.0,0.0
2022-08-30 00:00:00+08:00,39.29999923706055,39.79999923706055,38.79999923706055,39.349998474121094,1078000,0.0,0.0
2022-08-31 00:00:00+08:00,39.20000076293945,40.75,38.5,40.0,1091000,0.0,0.0
2022-09-01 00:00:00+08:00,39.599998474121094,40.45000076293945,39.099998474121094,39.349998474121094,682000,0.0,0.0
2022-09-02 00:00:00+08:00,39.849998474121094,40.25,39.150001525878906,39.349998474121094,721000,0.0,0.0
2022-09-05 00:00:00+08:00,39.75,39.75,36.900001525878906,37.0,1426000,0.0,0.0
2022-09-06 00:00:00+08:00,37.29999923706055,38.25,36.349998474121094,36.849998474121094,601000,0.0,0.0
2022-09-07 00:00:00+08:00,36.79999923706055,37.849998474121094,36.099998474121094,37.04999923706055,416000,0.0,0.0
2022-09-08 00:00:00+08:00,37.20000076293945,38.650001525878906,37.20000076293945,38.04999923706055,547000,0.0,0.0
2022-09-12 00:00:00+08:00,38.650001525878906,38.95000076293945,37.400001525878906,38.400001525878906,412000,0.0,0.0
2022-09-13 00:00:00+08:00,38.79999923706055,40.400001525878906,38.79999923706055,39.150001525878906,1173000,0.0,0.0
2022-09-14 00:00:00+08:00,43.04999923706055,43.04999923706055,42.54999923706055,43.04999923706055,5631000,0.0,0.0
2022-09-15 00:00:00+08:00,45.650001525878906,47.20000076293945,43.70000076293945,43.70000076293945,16471000,0.0,0.0
2022-09-16 00:00:00+08:00,43.70000076293945,44.5,41.04999923706055,41.29999923706055,5425000,0.0,0.0
2022-09-19 00:00:00+08:00,41.400001525878906,41.849998474121094,38.0,38.150001525878906,2970000,0.0,0.0
2022-09-20 00:00:00+08:00,38.5,38.900001525878906,38.0,38.45000076293945,1684000,0.0,0.0
2022-09-21 00:00:00+08:00,38.04999923706055,38.20000076293945,37.400001525878906,37.650001525878906,998000,0.0,0.0
2022-09-22 00:00:00+08:00,37.04999923706055,39.29999923706055,36.849998474121094,38.849998474121094,1481000,0.0,0.0
2022-09-23 00:00:00+08:00,38.70000076293945,40.29999923706055,37.79999923706055,38.0,1718000,0.0,0.0
2022-09-26 00:00:00+08:00,37.79999923706055,37.79999923706055,36.20000076293945,36.599998474121094,1222000,0.0,0.0
2022-09-27 00:00:00+08:00,37.0,37.29999923706055,35.70000076293945,37.0,754000,0.0,0.0
2022-09-28 00:00:00+08:00,37.0,38.849998474121094,36.5,36.5,1729000,0.0,0.0
2022-09-29 00:00:00+08:00,37.25,37.70000076293945,36.79999923706055,36.79999923706055,634000,0.0,0.0
2022-09-30 00:00:00+08:00,36.900001525878906,37.29999923706055,35.349998474121094,37.150001525878906,697000,0.0,0.0
2022-10-03 00:00:00+08:00,37.29999923706055,38.099998474121094,36.95000076293945,37.099998474121094,495000,0.0,0.0
2022-10-04 00:00:00+08:00,39.0,39.0,37.45000076293945,37.70000076293945,481000,0.0,0.0
2022-10-05 00:00:00+08:00,38.400001525878906,38.599998474121094,37.20000076293945,37.29999923706055,620000,0.0,0.0
2022-10-06 00:00:00+08:00,37.45000076293945,37.650001525878906,37.04999923706055,37.20000076293945,245000,0.0,0.0
2022-10-07 00:00:00+08:00,37.45000076293945,37.45000076293945,36.75,36.900001525878906,294000,0.0,0.0
2022-10-11 00:00:00+08:00,36.29999923706055,36.75,35.20000076293945,35.5,575000,0.0,0.0
2022-10-12 00:00:00+08:00,35.5,35.650001525878906,34.70000076293945,35.29999923706055,436000,0.0,0.0
2022-10-13 00:00:00+08:00,35.29999923706055,35.29999923706055,31.799999237060547,31.950000762939453,882000,0.0,0.0
2022-10-14 00:00:00+08:00,33.400001525878906,33.400001525878906,32.150001525878906,32.150001525878906,545000,0.0,0.0
2022-10-17 00:00:00+08:00,31.950000762939453,32.79999923706055,30.149999618530273,32.5,655000,0.0,0.0
2022-10-18 00:00:00+08:00,33.5,33.54999923706055,32.599998474121094,32.95000076293945,306000,0.0,0.0
2022-10-19 00:00:00+08:00,33.400001525878906,33.650001525878906,32.54999923706055,32.54999923706055,314000,0.0,0.0
2022-10-20 00:00:00+08:00,31.700000762939453,32.29999923706055,31.200000762939453,31.549999237060547,405000,0.0,0.0
2022-10-21 00:00:00+08:00,31.549999237060547,31.600000381469727,31.149999618530273,31.299999237060547,257000,0.0,0.0
2022-10-24 00:00:00+08:00,31.299999237060547,32.29999923706055,31.299999237060547,31.299999237060547,110000,0.0,0.0
2022-10-25 00:00:00+08:00,31.25,31.5,31.200000762939453,31.299999237060547,189000,0.0,0.0
2022-10-26 00:00:00+08:00,31.350000381469727,32.0,31.299999237060547,31.600000381469727,266000,0.0,0.0
2022-10-27 00:00:00+08:00,31.549999237060547,32.0,31.049999237060547,31.799999237060547,262000,0.0,0.0
2022-10-28 00:00:00+08:00,31.350000381469727,32.0,31.200000762939453,31.25,275000,0.0,0.0
2022-10-31 00:00:00+08:00,31.75,31.75,31.200000762939453,31.399999618530273,127000,0.0,0.0
2022-11-01 00:00:00+08:00,31.700000762939453,33.349998474121094,31.549999237060547,32.150001525878906,577000,0.0,0.0
2022-11-02 00:00:00+08:00,32.29999923706055,33.75,32.29999923706055,33.54999923706055,490000,0.0,0.0
2022-11-03 00:00:00+08:00,33.45000076293945,33.54999923706055,32.70000076293945,33.150001525878906,176000,0.0,0.0
2022-11-04 00:00:00+08:00,33.150001525878906,34.25,32.79999923706055,34.04999923706055,383000,0.0,0.0
2022-11-07 00:00:00+08:00,34.400001525878906,37.45000076293945,34.400001525878906,35.5,1454000,0.0,0.0
2022-11-08 00:00:00+08:00,36.099998474121094,36.29999923706055,35.20000076293945,35.599998474121094,371000,0.0,0.0
2022-11-09 00:00:00+08:00,35.79999923706055,35.79999923706055,35.20000076293945,35.400001525878906,223000,0.0,0.0
2022-11-10 00:00:00+08:00,35.400001525878906,35.45000076293945,34.849998474121094,34.849998474121094,176000,0.0,0.0
2022-11-11 00:00:00+08:00,36.20000076293945,36.20000076293945,34.900001525878906,35.45000076293945,232000,0.0,0.0
2022-11-14 00:00:00+08:00,35.900001525878906,36.400001525878906,35.5,36.0,223000,0.0,0.0
2022-11-15 00:00:00+08:00,36.0,36.0,35.54999923706055,35.70000076293945,114000,0.0,0.0
2022-11-16 00:00:00+08:00,35.849998474121094,36.0,35.45000076293945,35.95000076293945,114000,0.0,0.0
2022-11-17 00:00:00+08:00,35.650001525878906,37.29999923706055,35.650001525878906,36.54999923706055,494000,0.0,0.0
2022-11-18 00:00:00+08:00,36.54999923706055,37.54999923706055,36.54999923706055,37.0,414000,0.0,0.0
2022-11-21 00:00:00+08:00,37.20000076293945,37.900001525878906,36.400001525878906,36.400001525878906,236000,0.0,0.0
2022-11-22 00:00:00+08:00,36.400001525878906,36.45000076293945,35.849998474121094,35.900001525878906,107000,0.0,0.0
2022-11-23 00:00:00+08:00,36.25,36.45000076293945,35.95000076293945,36.400001525878906,197000,0.0,0.0
2022-11-24 00:00:00+08:00,36.54999923706055,36.54999923706055,35.95000076293945,36.0,98000,0.0,0.0
2022-11-25 00:00:00+08:00,36.0,36.0,34.70000076293945,34.75,314000,0.0,0.0
2022-11-28 00:00:00+08:00,35.0,35.599998474121094,34.20000076293945,35.5,126000,0.0,0.0
2022-11-29 00:00:00+08:00,35.0,36.0,35.0,35.54999923706055,74000,0.0,0.0
2022-11-30 00:00:00+08:00,36.0,36.0,35.400001525878906,35.900001525878906,65000,0.0,0.0
2022-12-01 00:00:00+08:00,36.20000076293945,37.099998474121094,35.79999923706055,36.5,263000,0.0,0.0
2022-12-02 00:00:00+08:00,36.900001525878906,37.29999923706055,36.650001525878906,37.150001525878906,266000,0.0,0.0
2022-12-05 00:00:00+08:00,37.45000076293945,37.95000076293945,36.900001525878906,37.0,278000,0.0,0.0
2022-12-06 00:00:00+08:00,37.75,37.75,35.849998474121094,35.849998474121094,205000,0.0,0.0
2022-12-07 00:00:00+08:00,36.099998474121094,36.099998474121094,34.900001525878906,35.04999923706055,215000,0.0,0.0
2022-12-08 00:00:00+08:00,34.70000076293945,35.45000076293945,34.650001525878906,35.04999923706055,120000,0.0,0.0
2022-12-09 00:00:00+08:00,35.04999923706055,35.650001525878906,34.900001525878906,35.099998474121094,128000,0.0,0.0
2022-12-12 00:00:00+08:00,35.099998474121094,35.099998474121094,34.45000076293945,34.849998474121094,129000,0.0,0.0
2022-12-13 00:00:00+08:00,35.25,35.5,35.0,35.20000076293945,136000,0.0,0.0
2022-12-14 00:00:00+08:00,35.20000076293945,36.099998474121094,34.79999923706055,35.400001525878906,157000,0.0,0.0
2022-12-15 00:00:00+08:00,35.650001525878906,37.400001525878906,35.650001525878906,36.150001525878906,406000,0.0,0.0
2022-12-16 00:00:00+08:00,36.5,36.54999923706055,35.150001525878906,35.70000076293945,165000,0.0,0.0
2022-12-19 00:00:00+08:00,35.29999923706055,36.099998474121094,35.29999923706055,35.70000076293945,93000,0.0,0.0
2022-12-20 00:00:00+08:00,35.70000076293945,36.79999923706055,35.650001525878906,35.900001525878906,357000,0.0,0.0
2022-12-21 00:00:00+08:00,36.5,36.70000076293945,35.349998474121094,35.5,244000,0.0,0.0
2022-12-22 00:00:00+08:00,35.79999923706055,36.5,35.400001525878906,35.650001525878906,207000,0.0,0.0
2022-12-23 00:00:00+08:00,35.29999923706055,39.099998474121094,35.29999923706055,38.400001525878906,2633000,0.0,0.0
2022-12-26 00:00:00+08:00,39.25,41.29999923706055,38.400001525878906,39.150001525878906,2112000,0.0,0.0
2022-12-27 00:00:00+08:00,39.150001525878906,42.45000076293945,38.5,40.0,3664000,0.0,0.0
2022-12-28 00:00:00+08:00,40.0,40.79999923706055,39.20000076293945,40.70000076293945,757000,0.0,0.0
2022-12-29 00:00:00+08:00,40.70000076293945,41.79999923706055,39.099998474121094,39.099998474121094,2112000,0.0,0.0
2022-12-30 00:00:00+08:00,39.400001525878906,40.349998474121094,39.349998474121094,40.04999923706055,592000,0.0,0.0
2023-01-03 00:00:00+08:00,40.5,40.79999923706055,39.20000076293945,39.650001525878906,567000,0.0,0.0
2023-01-04 00:00:00+08:00,40.25,40.45000076293945,39.400001525878906,39.45000076293945,275000,0.0,0.0
2023-01-05 00:00:00+08:00,39.900001525878906,39.900001525878906,38.400001525878906,38.400001525878906,394000,0.0,0.0
2023-01-06 00:00:00+08:00,38.650001525878906,39.45000076293945,38.45000076293945,38.54999923706055,245000,0.0,0.0
2023-01-09 00:00:00+08:00,38.900001525878906,39.0,38.54999923706055,38.650001525878906,138000,0.0,0.0
2023-01-10 00:00:00+08:00,38.75,39.5,38.400001525878906,38.650001525878906,209000,0.0,0.0
2023-01-11 00:00:00+08:00,38.75,38.75,37.0,37.0,362000,0.0,0.0
2023-01-12 00:00:00+08:00,37.650001525878906,37.900001525878906,36.25,36.29999923706055,356000,0.0,0.0
2023-01-13 00:00:00+08:00,36.54999923706055,37.0,35.79999923706055,35.79999923706055,457000,0.0,0.0
2023-01-16 00:00:00+08:00,36.599998474121094,36.75,35.650001525878906,35.900001525878906,209000,0.0,0.0
2023-01-17 00:00:00+08:00,36.5,36.5,35.79999923706055,35.900001525878906,139000,0.0,0.0
2023-01-30 00:00:00+08:00,36.04999923706055,37.20000076293945,36.04999923706055,36.95000076293945,251000,0.0,0.0
2023-01-31 00:00:00+08:00,37.349998474121094,39.79999923706055,37.29999923706055,37.75,940000,0.0,0.0
2023-02-01 00:00:00+08:00,38.349998474121094,38.349998474121094,37.29999923706055,37.70000076293945,297000,0.0,0.0
2023-02-02 00:00:00+08:00,37.79999923706055,38.79999923706055,37.54999923706055,38.79999923706055,389000,0.0,0.0
2023-02-03 00:00:00+08:00,39.0,39.0,38.0,38.0,201000,0.0,0.0
2023-02-06 00:00:00+08:00,38.599998474121094,39.25,38.04999923706055,39.20000076293945,427000,0.0,0.0
2023-02-07 00:00:00+08:00,39.45000076293945,39.45000076293945,38.650001525878906,39.45000076293945,281000,0.0,0.0
2023-02-08 00:00:00+08:00,39.900001525878906,41.70000076293945,39.900001525878906,41.349998474121094,1930000,0.0,0.0
2023-02-09 00:00:00+08:00,41.599998474121094,43.400001525878906,40.849998474121094,42.0,2598000,0.0,0.0
2023-02-10 00:00:00+08:00,41.95000076293945,43.70000076293945,41.95000076293945,43.650001525878906,2649000,0.0,0.0
2023-02-13 00:00:00+08:00,43.70000076293945,46.5,43.099998474121094,45.099998474121094,3839000,0.0,0.0
2023-02-14 00:00:00+08:00,45.20000076293945,45.95000076293945,43.29999923706055,44.04999923706055,2632000,0.0,0.0
2023-02-15 00:00:00+08:00,43.79999923706055,44.5,42.099998474121094,43.400001525878906,1248000,0.0,0.0
2023-02-16 00:00:00+08:00,44.04999923706055,44.70000076293945,43.349998474121094,44.5,1093000,0.0,0.0
2023-02-17 00:00:00+08:00,44.5,48.75,43.95000076293945,47.70000076293945,3895000,0.0,0.0
2023-02-20 00:00:00+08:00,48.20000076293945,50.599998474121094,47.5,48.150001525878906,4188000,0.0,0.0
2023-02-21 00:00:00+08:00,48.150001525878906,49.400001525878906,46.650001525878906,48.849998474121094,2780000,0.0,0.0
2023-02-22 00:00:00+08:00,48.0,49.849998474121094,47.45000076293945,48.400001525878906,2541000,0.0,0.0
2023-02-23 00:00:00+08:00,48.25,49.29999923706055,47.70000076293945,48.099998474121094,1147000,0.0,0.0
2023-02-24 00:00:00+08:00,49.0,49.45000076293945,46.5,46.5,1248000,0.0,0.0
2023-03-01 00:00:00+08:00,46.45000076293945,47.29999923706055,45.29999923706055,45.29999923706055,1169000,0.0,0.0
2023-03-02 00:00:00+08:00,46.0,46.25,44.150001525878906,45.79999923706055,1107000,0.0,0.0
2023-03-03 00:00:00+08:00,46.400001525878906,46.400001525878906,45.349998474121094,45.849998474121094,624000,0.0,0.0
2023-03-06 00:00:00+08:00,45.849998474121094,47.45000076293945,45.75,46.70000076293945,861000,0.0,0.0
2023-03-07 00:00:00+08:00,46.900001525878906,48.400001525878906,46.400001525878906,46.5,1078000,0.0,0.0
2023-03-08 00:00:00+08:00,46.849998474121094,47.599998474121094,46.0,47.54999923706055,927000,0.0,0.0
2023-03-09 00:00:00+08:00,48.29999923706055,48.349998474121094,46.5,47.599998474121094,918000,0.0,0.0
2023-03-10 00:00:00+08:00,47.599998474121094,47.599998474121094,45.25,45.5,985000,0.0,0.0
2023-03-13 00:00:00+08:00,45.04999923706055,45.150001525878906,43.150001525878906,44.5,827000,0.0,0.0
2023-03-14 00:00:00+08:00,44.5,45.849998474121094,43.20000076293945,44.900001525878906,728000,0.0,0.0
2023-03-15 00:00:00+08:00,45.5,47.0,45.150001525878906,46.20000076293945,706000,0.0,0.0
2023-03-16 00:00:00+08:00,45.54999923706055,46.29999923706055,44.29999923706055,44.54999923706055,377000,0.0,0.0
2023-03-17 00:00:00+08:00,44.70000076293945,45.95000076293945,44.70000076293945,45.099998474121094,237000,0.0,0.0
2023-03-20 00:00:00+08:00,45.849998474121094,46.45000076293945,45.25,45.849998474121094,396000,0.0,0.0
2023-03-21 00:00:00+08:00,46.79999923706055,46.79999923706055,45.900001525878906,45.900001525878906,311000,0.0,0.0
2023-03-22 00:00:00+08:00,46.5,48.20000076293945,46.29999923706055,48.0,1112000,0.0,0.0
2023-03-23 00:00:00+08:00,48.0,48.349998474121094,47.349998474121094,47.349998474121094,799000,0.0,0.0
2023-03-24 00:00:00+08:00,47.45000076293945,47.849998474121094,46.849998474121094,47.70000076293945,429000,0.0,0.0
2023-03-27 00:00:00+08:00,48.20000076293945,49.29999923706055,47.20000076293945,47.29999923706055,710000,0.0,0.0
2023-03-28 00:00:00+08:00,47.29999923706055,47.95000076293945,45.75,46.400001525878906,447000,0.0,0.0
2023-03-29 00:00:00+08:00,46.5,47.400001525878906,46.5,46.849998474121094,276000,0.0,0.0
2023-03-30 00:00:00+08:00,47.5,48.099998474121094,47.0,47.849998474121094,430000,0.0,0.0
2023-03-31 00:00:00+08:00,48.20000076293945,48.79999923706055,47.349998474121094,48.650001525878906,880000,0.0,0.0
2023-04-06 00:00:00+08:00,48.599998474121094,48.599998474121094,47.29999923706055,47.79999923706055,480000,0.0,0.0
2023-04-07 00:00:00+08:00,48.5,48.79999923706055,47.70000076293945,48.45000076293945,407000,0.0,0.0
2023-04-10 00:00:00+08:00,48.70000076293945,53.20000076293945,48.54999923706055,53.20000076293945,3084000,0.0,0.0
2023-04-11 00:00:00+08:00,53.20000076293945,56.900001525878906,52.099998474121094,55.79999923706055,6633000,0.0,0.0
2023-04-12 00:00:00+08:00,56.0,57.20000076293945,55.29999923706055,55.900001525878906,2264000,0.0,0.0
2023-04-13 00:00:00+08:00,55.79999923706055,57.400001525878906,53.0,56.0,2624000,0.0,0.0
2023-04-14 00:00:00+08:00,56.29999923706055,57.0,55.099998474121094,55.70000076293945,1599000,0.0,0.0
2023-04-17 00:00:00+08:00,56.900001525878906,58.0,55.79999923706055,57.20000076293945,1246000,0.0,0.0
2023-04-18 00:00:00+08:00,57.20000076293945,57.70000076293945,56.5,57.29999923706055,973000,0.0,0.0
2023-04-19 00:00:00+08:00,57.900001525878906,59.900001525878906,57.20000076293945,58.099998474121094,1531000,0.0,0.0
2023-04-20 00:00:00+08:00,58.400001525878906,58.900001525878906,57.0,58.900001525878906,1408000,0.0,0.0
2023-04-21 00:00:00+08:00,59.0,59.599998474121094,54.099998474121094,54.5,2360000,0.0,0.0
2023-04-24 00:00:00+08:00,54.900001525878906,56.20000076293945,54.70000076293945,55.400001525878906,741000,0.0,0.0
2023-04-25 00:00:00+08:00,56.29999923706055,57.0,53.099998474121094,54.0,1120000,0.0,0.0
2023-04-26 00:00:00+08:00,54.5,54.5,51.79999923706055,53.20000076293945,623000,0.0,0.0
2023-04-27 00:00:00+08:00,53.29999923706055,53.70000076293945,51.099998474121094,53.0,767000,0.0,0.0
2023-04-28 00:00:00+08:00,54.900001525878906,54.900001525878906,52.29999923706055,52.70000076293945,592000,0.0,0.0
2023-05-02 00:00:00+08:00,53.0,55.900001525878906,51.70000076293945,54.599998474121094,895000,0.0,0.0
2023-05-03 00:00:00+08:00,54.599998474121094,55.900001525878906,53.400001525878906,54.599998474121094,803000,0.0,0.0
2023-05-04 00:00:00+08:00,54.599998474121094,55.099998474121094,52.79999923706055,53.5,726000,0.0,0.0
2023-05-05 00:00:00+08:00,53.5,53.5,52.29999923706055,52.5,404000,0.0,0.0
2023-05-08 00:00:00+08:00,52.599998474121094,57.70000076293945,52.400001525878906,57.70000076293945,1699000,0.0,0.0
2023-05-09 00:00:00+08:00,60.0,63.29999923706055,58.599998474121094,61.5,9702000,0.0,0.0
2023-05-10 00:00:00+08:00,62.0,67.5999984741211,60.0,67.5999984741211,11938000,0.0,0.0
2023-05-11 00:00:00+08:00,68.5999984741211,72.30000305175781,61.5,62.0,27999000,0.0,0.0
2023-05-12 00:00:00+08:00,61.29999923706055,61.70000076293945,57.70000076293945,59.599998474121094,8483000,0.0,0.0
2023-05-15 00:00:00+08:00,59.599998474121094,61.900001525878906,58.400001525878906,59.099998474121094,3508000,0.0,0.0
2023-05-16 00:00:00+08:00,59.400001525878906,62.20000076293945,59.400001525878906,60.70000076293945,2769000,0.0,0.0
2023-05-17 00:00:00+08:00,60.20000076293945,63.20000076293945,59.70000076293945,62.400001525878906,2611000,0.0,0.0
2023-05-18 00:00:00+08:00,62.599998474121094,64.19999694824219,61.0,62.20000076293945,2387000,0.0,0.0
2023-05-19 00:00:00+08:00,63.29999923706055,63.79999923706055,61.20000076293945,62.70000076293945,2069000,0.0,0.0
2023-05-22 00:00:00+08:00,62.0,62.599998474121094,57.20000076293945,60.29999923706055,4469000,0.0,0.0
2023-05-23 00:00:00+08:00,59.79999923706055,61.20000076293945,58.5,60.599998474121094,1315000,0.0,0.0
2023-05-24 00:00:00+08:00,61.0,61.900001525878906,59.29999923706055,59.599998474121094,1079000,0.0,0.0
2023-05-25 00:00:00+08:00,59.900001525878906,60.5,58.70000076293945,58.70000076293945,652000,0.0,0.0
2023-05-26 00:00:00+08:00,59.29999923706055,60.79999923706055,57.599998474121094,59.79999923706055,1521000,0.0,0.0
2023-05-29 00:00:00+08:00,61.20000076293945,62.599998474121094,60.79999923706055,62.0,2091000,0.0,0.0
2023-05-30 00:00:00+08:00,61.599998474121094,64.80000305175781,61.599998474121094,63.20000076293945,3412000,0.0,0.0
2023-05-31 00:00:00+08:00,63.5,66.30000305175781,62.70000076293945,65.5999984741211,2800000,0.0,0.0
2023-06-01 00:00:00+08:00,65.5999984741211,66.69999694824219,64.5999984741211,65.0999984741211,2033000,0.0,0.0
2023-06-02 00:00:00+08:00,65.0999984741211,65.9000015258789,63.099998474121094,63.099998474121094,1361000,0.0,0.0
2023-06-05 00:00:00+08:00,63.099998474121094,64.19999694824219,62.5,62.79999923706055,752000,0.0,0.0
2023-06-06 00:00:00+08:00,63.400001525878906,64.5,62.29999923706055,63.29999923706055,807000,0.0,0.0
2023-06-07 00:00:00+08:00,63.29999923706055,66.80000305175781,63.0,66.0999984741211,2819000,0.0,0.0
2023-06-08 00:00:00+08:00,66.30000305175781,67.5,64.30000305175781,64.5999984741211,2361000,0.0,0.0
2023-06-09 00:00:00+08:00,65.30000305175781,66.0999984741211,64.80000305175781,64.9000015258789,1234000,0.0,0.0
2023-06-12 00:00:00+08:00,65.5999984741211,65.5999984741211,59.0,60.79999923706055,2428000,0.0,0.0
2023-06-13 00:00:00+08:00,60.5,61.599998474121094,59.599998474121094,60.599998474121094,881000,0.0,0.0
2023-06-14 00:00:00+08:00,61.0,62.5,60.5,61.70000076293945,747000,0.0,0.0
2023-06-15 00:00:00+08:00,62.29999923706055,62.599998474121094,61.0,61.099998474121094,813000,0.0,0.0
2023-06-16 00:00:00+08:00,61.099998474121094,62.5,60.20000076293945,60.70000076293945,694000,0.0,0.0
2023-06-19 00:00:00+08:00,61.79999923706055,61.79999923706055,60.599998474121094,60.599998474121094,416000,0.0,0.0
2023-06-20 00:00:00+08:00,60.400001525878906,62.29999923706055,59.20000076293945,61.70000076293945,1186000,0.0,0.0
2023-06-21 00:00:00+08:00,62.5,63.79999923706055,62.0,63.79999923706055,1652000,0.0,0.0
2023-06-26 00:00:00+08:00,64.0,70.0999984741211,62.599998474121094,70.0999984741211,5250000,0.0,0.0
2023-06-27 00:00:00+08:00,71.0,75.5,67.0,67.0,12991000,0.0,0.0
2023-06-28 00:00:00+08:00,68.80000305175781,69.19999694824219,66.0999984741211,66.5,3260000,0.0,0.0
2023-06-29 00:00:00+08:00,66.5,69.30000305175781,66.0999984741211,69.0,1734000,0.0,0.0
2023-06-30 00:00:00+08:00,70.4000015258789,72.19999694824219,69.0,71.9000015258789,3411000,0.0,0.0
2023-07-03 00:00:00+08:00,73.0999984741211,73.0999984741211,69.4000015258789,72.9000015258789,3158000,0.0,0.0
2023-07-04 00:00:00+08:00,75.5999984741211,80.0999984741211,75.5999984741211,80.0999984741211,2277000,0.0,0.0
2023-07-05 00:00:00+08:00,88.0,88.0,76.4000015258789,77.0,9660000,0.0,0.0
2023-07-06 00:00:00+08:00,75.5999984741211,76.5,72.19999694824219,73.5999984741211,3124000,0.0,0.0
2023-07-07 00:00:00+08:00,74.80000305175781,76.69999694824219,73.0,74.19999694824219,3758000,0.0,0.0
2023-07-10 00:00:00+08:00,74.9000015258789,78.80000305175781,74.5,75.0999984741211,3740000,0.0,0.0
2023-07-11 00:00:00+08:00,76.0999984741211,77.0999984741211,72.0999984741211,72.69999694824219,2403000,0.0,0.0
2023-07-12 00:00:00+08:00,72.69999694824219,73.4000015258789,69.80000305175781,70.5999984741211,1623000,0.0,0.0
2023-07-13 00:00:00+08:00,71.19999694824219,72.5,70.69999694824219,71.0,1084000,0.0,0.0
2023-07-14 00:00:00+08:00,71.9000015258789,73.5,69.0999984741211,70.5999984741211,1531000,0.0,0.0
2023-07-17 00:00:00+08:00,71.0,73.80000305175781,69.30000305175781,72.0,1959000,0.0,0.0
2023-07-18 00:00:00+08:00,73.0,73.0,69.19999694824219,70.30000305175781,2067000,0.0,0.0
2023-07-19 00:00:00+08:00,70.80000305175781,73.5,70.4000015258789,70.5,1023000,0.0,0.0
2023-07-20 00:00:00+08:00,70.9000015258789,74.30000305175781,70.80000305175781,74.30000305175781,2154000,0.0,0.0
2023-07-21 00:00:00+08:00,71.19999694824219,73.9000015258789,69.80000305175781,73.0,1503000,0.0,0.0
2023-07-24 00:00:00+08:00,73.0,73.19999694824219,70.19999694824219,70.69999694824219,1258000,0.0,0.0
2023-07-25 00:00:00+08:00,71.5999984741211,73.80000305175781,71.0,73.30000305175781,1492000,0.0,0.0
2023-07-26 00:00:00+08:00,75.0,77.5999984741211,74.19999694824219,76.0,3550000,0.0,0.0
2023-07-27 00:00:00+08:00,76.0,82.0,76.0,77.5,7618000,0.0,0.0
2023-07-28 00:00:00+08:00,79.0999984741211,79.19999694824219,74.4000015258789,75.19999694824219,2241000,0.0,0.0
2023-07-31 00:00:00+08:00,76.0,76.19999694824219,72.0,72.0,1579000,0.0,0.0
2023-08-01 00:00:00+08:00,71.30000305175781,72.9000015258789,67.5,68.80000305175781,2092000,0.0,0.0
2023-08-02 00:00:00+08:00,68.80000305175781,69.19999694824219,64.0999984741211,64.4000015258789,1752000,0.0,0.0
2023-08-04 00:00:00+08:00,64.4000015258789,65.0,62.0,62.29999923706055,937000,0.0,0.0
2023-08-07 00:00:00+08:00,62.599998474121094,64.9000015258789,61.29999923706055,64.9000015258789,748000,0.0,0.0
2023-08-08 00:00:00+08:00,65.0,65.0999984741211,63.5,64.5999984741211,460000,0.0,0.0
2023-08-09 00:00:00+08:00,66.9000015258789,68.9000015258789,64.5,65.5,951000,0.0,0.0
2023-08-10 00:00:00+08:00,65.5,66.19999694824219,61.900001525878906,62.0,661000,0.0,0.0
2023-08-11 00:00:00+08:00,63.70000076293945,64.0,61.900001525878906,62.79999923706055,266000,0.0,0.0
2023-08-14 00:00:00+08:00,61.5,62.79999923706055,60.900001525878906,61.0,359000,0.0,0.0
2023-08-15 00:00:00+08:00,61.400001525878906,63.0,60.5,60.900001525878906,302000,0.0,0.0
2023-08-16 00:00:00+08:00,60.900001525878906,61.20000076293945,59.0,61.20000076293945,397000,0.0,0.0
2023-08-17 00:00:00+08:00,61.099998474121094,62.0,59.29999923706055,61.599998474121094,288000,0.0,0.0
2023-08-18 00:00:00+08:00,61.5,61.900001525878906,59.20000076293945,59.20000076293945,380000,0.0,0.0
2023-08-21 00:00:00+08:00,59.20000076293945,61.0,59.20000076293945,61.0,233000,0.0,0.0
2023-08-22 00:00:00+08:00,60.599998474121094,61.79999923706055,59.29999923706055,59.29999923706055,303000,0.0,0.0
2023-08-23 00:00:00+08:00,59.599998474121094,60.0,57.5,58.20000076293945,688000,0.0,0.0
2023-08-24 00:00:00+08:00,59.70000076293945,60.599998474121094,57.5,57.5,568000,0.0,0.0
2023-08-25 00:00:00+08:00,56.5,58.29999923706055,55.0,57.29999923706055,507000,0.0,0.0
2023-08-28 00:00:00+08:00,57.400001525878906,57.400001525878906,54.79999923706055,55.70000076293945,618000,0.0,0.0
2023-08-29 00:00:00+08:00,55.5,55.79999923706055,53.0,54.599998474121094,849000,0.0,0.0
2023-08-30 00:00:00+08:00,55.5,56.0,54.79999923706055,55.099998474121094,249000,0.0,0.0
2023-08-31 00:00:00+08:00,55.099998474121094,55.099998474121094,54.0,54.29999923706055,176000,0.0,0.0
2023-09-01 00:00:00+08:00,54.70000076293945,54.70000076293945,53.29999923706055,53.599998474121094,288000,0.0,0.0
2023-09-04 00:00:00+08:00,53.70000076293945,53.70000076293945,52.0,53.0,493000,0.0,0.0
2023-09-05 00:00:00+08:00,52.79999923706055,54.20000076293945,52.099998474121094,53.900001525878906,282000,0.0,0.0
2023-09-06 00:00:00+08:00,54.20000076293945,56.79999923706055,53.900001525878906,55.20000076293945,604000,0.0,0.0
2023-09-07 00:00:00+08:00,55.5,55.5,53.70000076293945,54.29999923706055,292000,0.0,0.0
2023-09-08 00:00:00+08:00,53.79999923706055,54.400001525878906,53.20000076293945,54.099998474121094,131000,0.0,0.0
2023-09-11 00:00:00+08:00,53.599998474121094,54.29999923706055,51.5,52.29999923706055,331000,0.0,0.0
2023-09-12 00:00:00+08:00,51.0,52.29999923706055,50.599998474121094,51.0,474000,0.0,0.0
2023-09-13 00:00:00+08:00,51.400001525878906,52.599998474121094,51.0,52.29999923706055,285000,0.0,0.0
2023-09-14 00:00:00+08:00,52.5,53.5,51.70000076293945,52.0,124000,0.0,0.0
2023-09-15 00:00:00+08:00,52.0,52.0,50.900001525878906,51.29999923706055,258000,0.0,0.0
2023-09-18 00:00:00+08:00,50.5,52.79999923706055,50.400001525878906,51.0,182000,0.0,0.0
2023-09-19 00:00:00+08:00,51.20000076293945,51.20000076293945,50.099998474121094,50.20000076293945,233000,0.0,0.0
2023-09-20 00:00:00+08:00,49.599998474121094,50.29999923706055,49.349998474121094,50.29999923706055,239000,0.0,0.0
2023-09-21 00:00:00+08:00,50.0,50.0,48.900001525878906,48.900001525878906,231000,0.0,0.0
2023-09-22 00:00:00+08:00,47.79999923706055,49.900001525878906,47.75,49.900001525878906,222000,0.0,0.0
2023-09-25 00:00:00+08:00,50.20000076293945,51.20000076293945,49.79999923706055,50.900001525878906,167000,0.0,0.0
2023-09-26 00:00:00+08:00,51.0,51.599998474121094,49.900001525878906,49.900001525878906,147000,0.0,0.0
2023-09-27 00:00:00+08:00,50.29999923706055,50.29999923706055,49.20000076293945,49.29999923706055,141000,0.0,0.0
2023-09-28 00:00:00+08:00,49.29999923706055,50.5,49.29999923706055,49.900001525878906,107000,0.0,0.0
2023-10-02 00:00:00+08:00,50.0,51.0,50.0,50.599998474121094,119000,0.0,0.0
2023-10-03 00:00:00+08:00,50.599998474121094,50.70000076293945,48.599998474121094,48.599998474121094,191000,0.0,0.0
2023-10-04 00:00:00+08:00,48.5,48.5,47.0,48.0,228000,0.0,0.0
2023-10-05 00:00:00+08:00,51.79999923706055,52.79999923706055,51.099998474121094,52.79999923706055,464000,0.0,0.0
2023-10-06 00:00:00+08:00,54.5,58.0,54.29999923706055,58.0,5624000,0.0,0.0
2023-10-11 00:00:00+08:00,58.70000076293945,59.79999923706055,56.5,58.400001525878906,4130000,0.0,0.0
2023-10-12 00:00:00+08:00,58.900001525878906,60.20000076293945,57.599998474121094,60.0,3592000,0.0,0.0
2023-10-13 00:00:00+08:00,61.599998474121094,66.0,60.599998474121094,66.0,8626000,0.0,0.0
2023-10-16 00:00:00+08:00,67.4000015258789,69.4000015258789,64.0999984741211,65.19999694824219,13783000,0.0,0.0
2023-10-17 00:00:00+08:00,64.9000015258789,65.80000305175781,61.70000076293945,64.19999694824219,3217000,0.0,0.0
2023-10-18 00:00:00+08:00,64.0,64.0,57.79999923706055,58.20000076293945,2436000,0.0,0.0
2023-10-19 00:00:00+08:00,57.70000076293945,62.400001525878906,57.70000076293945,60.099998474121094,1916000,0.0,0.0
2023-10-20 00:00:00+08:00,59.099998474121094,62.79999923706055,59.099998474121094,60.0,1570000,0.0,0.0
2023-10-23 00:00:00+08:00,60.099998474121094,61.099998474121094,58.70000076293945,58.70000076293945,681000,0.0,0.0
2023-10-24 00:00:00+08:00,58.29999923706055,59.0,56.29999923706055,57.70000076293945,971000,0.0,0.0
2023-10-25 00:00:00+08:00,58.900001525878906,59.5,56.599998474121094,56.599998474121094,590000,0.0,0.0
2023-10-26 00:00:00+08:00,56.0,56.79999923706055,54.29999923706055,54.5,699000,0.0,0.0
2023-10-27 00:00:00+08:00,55.70000076293945,55.79999923706055,53.099998474121094,53.099998474121094,620000,0.0,0.0
2023-10-30 00:00:00+08:00,52.900001525878906,54.0,52.29999923706055,52.400001525878906,413000,0.0,0.0
2023-10-31 00:00:00+08:00,52.5,53.099998474121094,49.04999923706055,49.04999923706055,1097000,0.0,0.0
2023-11-01 00:00:00+08:00,50.29999923706055,51.5,49.45000076293945,51.0,595000,0.0,0.0
2023-11-02 00:00:00+08:00,51.099998474121094,52.5,51.099998474121094,52.099998474121094,597000,0.0,0.0
2023-11-03 00:00:00+08:00,52.5,53.5,52.099998474121094,52.70000076293945,413000,0.0,0.0
2023-11-06 00:00:00+08:00,52.5,53.5,52.20000076293945,53.400001525878906,313000,0.0,0.0
2023-11-07 00:00:00+08:00,54.0,54.0,52.599998474121094,52.79999923706055,267000,0.0,0.0
2023-11-08 00:00:00+08:00,53.0,53.20000076293945,51.70000076293945,52.0,360000,0.0,0.0
2023-11-09 00:00:00+08:00,51.79999923706055,52.099998474121094,50.70000076293945,50.70000076293945,389000,0.0,0.0
2023-11-10 00:00:00+08:00,50.79999923706055,51.70000076293945,50.20000076293945,50.29999923706055,269000,0.0,0.0
2023-11-13 00:00:00+08:00,52.400001525878906,52.70000076293945,51.29999923706055,52.099998474121094,513000,0.0,0.0
2023-11-14 00:00:00+08:00,52.20000076293945,52.79999923706055,50.79999923706055,51.0,402000,0.0,0.0
2023-11-15 00:00:00+08:00,51.900001525878906,52.20000076293945,51.29999923706055,51.599998474121094,226000,0.0,0.0
2023-11-16 00:00:00+08:00,51.599998474121094,53.400001525878906,51.599998474121094,52.5,486000,0.0,0.0
2023-11-17 00:00:00+08:00,52.70000076293945,53.70000076293945,52.400001525878906,52.599998474121094,410000,0.0,0.0
2023-11-20 00:00:00+08:00,53.20000076293945,53.400001525878906,52.0,52.29999923706055,241000,0.0,0.0
2023-11-21 00:00:00+08:00,52.5,52.900001525878906,51.599998474121094,51.599998474121094,338000,0.0,0.0
2023-11-22 00:00:00+08:00,51.20000076293945,52.79999923706055,50.79999923706055,51.099998474121094,711000,0.0,0.0
2023-11-23 00:00:00+08:00,52.099998474121094,52.400001525878906,51.29999923706055,51.5,421000,0.0,0.0
2023-11-24 00:00:00+08:00,52.099998474121094,52.099998474121094,50.79999923706055,51.0,221000,0.0,0.0
2023-11-27 00:00:00+08:00,51.5,52.0,50.79999923706055,50.79999923706055,217000,0.0,0.0
2023-11-28 00:00:00+08:00,51.5,51.5,50.79999923706055,51.5,151000,0.0,0.0
2023-11-29 00:00:00+08:00,51.900001525878906,56.599998474121094,51.20000076293945,56.599998474121094,1466000,0.0,0.0
2023-11-30 00:00:00+08:00,57.70000076293945,59.400001525878906,57.0,57.099998474121094,3630000,0.0,0.0
2023-12-01 00:00:00+08:00,57.20000076293945,57.900001525878906,56.599998474121094,57.400001525878906,787000,0.0,0.0
2023-12-04 00:00:00+08:00,58.20000076293945,60.5,57.20000076293945,58.0,1295000,0.0,0.0
2023-12-05 00:00:00+08:00,58.20000076293945,58.20000076293945,54.5,56.0,868000,0.0,0.0
2023-12-06 00:00:00+08:00,56.20000076293945,56.70000076293945,55.79999923706055,56.099998474121094,322000,0.0,0.0
2023-12-07 00:00:00+08:00,56.20000076293945,58.0,55.70000076293945,55.70000076293945,502000,0.0,0.0
2023-12-08 00:00:00+08:00,56.099998474121094,58.599998474121094,55.400001525878906,57.400001525878906,844000,0.0,0.0
2023-12-11 00:00:00+08:00,58.20000076293945,58.20000076293945,56.099998474121094,56.20000076293945,466000,0.0,0.0
2023-12-12 00:00:00+08:00,57.20000076293945,57.20000076293945,55.400001525878906,55.400001525878906,244000,0.0,0.0
2023-12-13 00:00:00+08:00,55.5,56.20000076293945,55.0,55.400001525878906,246000,0.0,0.0
2023-12-14 00:00:00+08:00,55.70000076293945,56.400001525878906,54.0,54.099998474121094,504000,0.0,0.0
2023-12-15 00:00:00+08:00,55.099998474121094,55.099998474121094,53.5,53.5,259000,0.0,0.0
2023-12-18 00:00:00+08:00,53.599998474121094,53.79999923706055,53.099998474121094,53.79999923706055,120000,0.0,0.0
2023-12-19 00:00:00+08:00,53.400001525878906,53.400001525878906,52.29999923706055,52.5,212000,0.0,0.0
2023-12-20 00:00:00+08:00,52.599998474121094,53.599998474121094,52.5,53.099998474121094,69000,0.0,0.0
2023-12-21 00:00:00+08:00,53.099998474121094,53.5,52.5,52.70000076293945,100000,0.0,0.0
2023-12-22 00:00:00+08:00,53.70000076293945,53.70000076293945,52.099998474121094,52.099998474121094,142000,0.0,0.0
2023-12-25 00:00:00+08:00,52.599998474121094,53.0,51.599998474121094,51.599998474121094,222000,0.0,0.0
2023-12-26 00:00:00+08:00,51.900001525878906,52.29999923706055,51.79999923706055,52.0,204000,0.0,0.0
2023-12-27 00:00:00+08:00,52.0,52.400001525878906,51.900001525878906,51.900001525878906,230000,0.0,0.0
2023-12-28 00:00:00+08:00,52.099998474121094,53.099998474121094,51.70000076293945,52.5,271000,0.0,0.0
2023-12-29 00:00:00+08:00,52.599998474121094,52.900001525878906,51.79999923706055,52.0,133000,0.0,0.0
2024-01-02 00:00:00+08:00,52.099998474121094,54.099998474121094,52.099998474121094,53.20000076293945,278000,0.0,0.0
2024-01-03 00:00:00+08:00,52.599998474121094,53.29999923706055,52.29999923706055,52.29999923706055,179000,0.0,0.0
2024-01-04 00:00:00+08:00,52.900001525878906,53.0,51.79999923706055,51.79999923706055,152000,0.0,0.0
2024-01-05 00:00:00+08:00,52.599998474121094,52.599998474121094,51.5,51.70000076293945,147000,0.0,0.0
2024-01-08 00:00:00+08:00,52.099998474121094,53.29999923706055,52.099998474121094,52.400001525878906,211000,0.0,0.0
2024-01-09 00:00:00+08:00,52.900001525878906,52.900001525878906,51.29999923706055,51.29999923706055,230000,0.0,0.0
2024-01-10 00:00:00+08:00,51.79999923706055,51.79999923706055,50.79999923706055,50.900001525878906,132000,0.0,0.0
2024-01-11 00:00:00+08:00,51.20000076293945,52.20000076293945,51.0,51.70000076293945,174000,0.0,0.0
2024-01-12 00:00:00+08:00,52.29999923706055,56.20000076293945,52.29999923706055,53.099998474121094,1177000,0.0,0.0
2024-01-15 00:00:00+08:00,54.400001525878906,54.400001525878906,52.5,52.79999923706055,277000,0.0,0.0
2024-01-16 00:00:00+08:00,52.70000076293945,52.900001525878906,51.5,51.900001525878906,171000,0.0,0.0
2024-01-17 00:00:00+08:00,51.70000076293945,52.29999923706055,50.900001525878906,51.29999923706055,207000,0.0,0.0
2024-01-18 00:00:00+08:00,51.70000076293945,51.79999923706055,50.099998474121094,51.0,120000,0.0,0.0
2024-01-19 00:00:00+08:00,51.5,52.0,50.599998474121094,50.900001525878906,84000,0.0,0.0
2024-01-22 00:00:00+08:00,51.099998474121094,52.099998474121094,51.099998474121094,51.29999923706055,114000,0.0,0.0
2024-01-23 00:00:00+08:00,51.099998474121094,51.5,50.900001525878906,51.20000076293945,75000,0.0,0.0
2024-01-24 00:00:00+08:00,51.70000076293945,52.599998474121094,51.5,51.900001525878906,146000,0.0,0.0
2024-01-25 00:00:00+08:00,52.400001525878906,52.400001525878906,50.79999923706055,50.900001525878906,126000,0.0,0.0
2024-01-26 00:00:00+08:00,51.099998474121094,51.70000076293945,50.900001525878906,51.20000076293945,61000,0.0,0.0
2024-01-29 00:00:00+08:00,51.79999923706055,51.79999923706055,51.29999923706055,51.70000076293945,44000,0.0,0.0
2024-01-30 00:00:00+08:00,52.400001525878906,52.400001525878906,50.5,51.0,153000,0.0,0.0
2024-01-31 00:00:00+08:00,50.900001525878906,51.29999923706055,50.400001525878906,50.5,177000,0.0,0.0
2024-02-01 00:00:00+08:00,50.599998474121094,51.29999923706055,50.5,51.20000076293945,98000,0.0,0.0
2024-02-02 00:00:00+08:00,51.5,56.29999923706055,51.5,54.5,3159000,0.0,0.0
2024-02-05 00:00:00+08:00,54.79999923706055,56.70000076293945,54.0,56.099998474121094,1134000,0.0,0.0
2024-02-15 00:00:00+08:00,57.0,60.20000076293945,55.5,59.599998474121094,3133000,0.0,0.0
2024-02-16 00:00:00+08:00,60.900001525878906,61.20000076293945,58.599998474121094,60.5,3330000,0.0,0.0
2024-02-19 00:00:00+08:00,61.5,62.900001525878906,59.5,60.5,2402000,0.0,0.0
2024-02-20 00:00:00+08:00,61.099998474121094,62.900001525878906,60.70000076293945,61.0,2154000,0.0,0.0
2024-02-21 00:00:00+08:00,61.599998474121094,61.599998474121094,60.400001525878906,61.29999923706055,857000,0.0,0.0
2024-02-22 00:00:00+08:00,61.70000076293945,62.79999923706055,60.900001525878906,61.29999923706055,1274000,0.0,0.0
2024-02-23 00:00:00+08:00,62.400001525878906,63.79999923706055,60.900001525878906,61.900001525878906,1674000,0.0,0.0
2024-02-26 00:00:00+08:00,62.5,62.79999923706055,60.0,62.599998474121094,1625000,0.0,0.0
2024-02-27 00:00:00+08:00,64.80000305175781,68.80000305175781,64.80000305175781,67.19999694824219,8778000,0.0,0.0
2024-02-29 00:00:00+08:00,67.5999984741211,67.5999984741211,64.5999984741211,65.0,2155000,0.0,0.0
2024-03-01 00:00:00+08:00,64.30000305175781,65.0,62.599998474121094,62.599998474121094,1389000,0.0,0.0
2024-03-04 00:00:00+08:00,62.79999923706055,63.099998474121094,60.79999923706055,60.79999923706055,923000,0.0,0.0
2024-03-05 00:00:00+08:00,60.79999923706055,64.0,60.599998474121094,62.79999923706055,1236000,0.0,0.0
2024-03-06 00:00:00+08:00,62.0,63.5,61.20000076293945,61.599998474121094,1124000,0.0,0.0
2024-03-07 00:00:00+08:00,62.0,63.5,60.900001525878906,60.900001525878906,1058000,0.0,0.0
2024-03-08 00:00:00+08:00,61.0,61.900001525878906,57.400001525878906,59.0,1173000,0.0,0.0
2024-03-11 00:00:00+08:00,58.099998474121094,62.79999923706055,58.099998474121094,62.70000076293945,1223000,0.0,0.0
2024-03-12 00:00:00+08:00,59.29999923706055,62.599998474121094,59.20000076293945,62.0,1098000,0.0,0.0
2024-03-13 00:00:00+08:00,64.5,67.4000015258789,60.0,61.5,3330000,0.0,0.0
2024-03-14 00:00:00+08:00,61.70000076293945,62.099998474121094,59.0,59.0,970000,0.0,0.0
2024-03-15 00:00:00+08:00,59.0,63.29999923706055,58.400001525878906,63.0,1893000,0.0,0.0
2024-03-18 00:00:00+08:00,65.4000015258789,67.9000015258789,63.5,67.0999984741211,11011000,0.0,0.0
2024-03-19 00:00:00+08:00,68.0,70.69999694824219,67.0999984741211,68.5,16149000,0.0,0.0
2024-03-20 00:00:00+08:00,68.5,68.5,68.5,68.5,0,0.0,0.0
2024-03-21 00:00:00+08:00,66.5,67.4000015258789,64.0,64.0,1889000,0.0,0.0
2024-03-22 00:00:00+08:00,64.5,65.4000015258789,62.599998474121094,65.4000015258789,1853000,0.0,0.0
2024-03-25 00:00:00+08:00,65.4000015258789,65.4000015258789,65.4000015258789,65.4000015258789,0,0.0,0.0
2024-03-26 00:00:00+08:00,65.4000015258789,65.4000015258789,65.4000015258789,65.4000015258789,0,0.0,0.0
2024-03-27 00:00:00+08:00,61.29999923706055,65.80000305175781,61.20000076293945,64.19999694824219,2531000,0.0,0.0
2024-03-28 00:00:00+08:00,63.79999923706055,64.5999984741211,62.79999923706055,62.79999923706055,1020000,0.0,0.0
2024-03-29 00:00:00+08:00,62.900001525878906,63.400001525878906,61.70000076293945,63.400001525878906,434000,0.0,0.0
2024-04-01 00:00:00+08:00,63.0,63.0,61.099998474121094,61.900001525878906,657000,0.0,0.0
2024-04-02 00:00:00+08:00,62.29999923706055,62.900001525878906,61.5,61.599998474121094,358000,0.0,0.0
2024-04-03 00:00:00+08:00,61.70000076293945,62.400001525878906,61.20000076293945,61.599998474121094,270000,0.0,0.0
2024-04-08 00:00:00+08:00,61.599998474121094,62.599998474121094,61.400001525878906,61.5,287000,0.0,0.0
2024-04-09 00:00:00+08:00,61.900001525878906,63.29999923706055,61.0,62.29999923706055,595000,0.0,0.0
2024-04-10 00:00:00+08:00,62.599998474121094,62.79999923706055,61.599998474121094,61.599998474121094,376000,0.0,0.0
2024-04-11 00:00:00+08:00,60.599998474121094,60.79999923706055,59.5,59.5,816000,0.0,0.0
2024-04-12 00:00:00+08:00,59.5,60.400001525878906,59.5,59.5,391000,0.0,0.0
2024-04-15 00:00:00+08:00,59.400001525878906,59.70000076293945,59.0,59.599998474121094,225000,0.0,0.0
2024-04-16 00:00:00+08:00,59.20000076293945,59.20000076293945,56.400001525878906,57.099998474121094,567000,0.0,0.0
2024-04-17 00:00:00+08:00,57.900001525878906,58.29999923706055,57.400001525878906,58.0,357000,0.0,0.0
2024-04-18 00:00:00+08:00,58.0,58.29999923706055,57.0,58.0,268000,0.0,0.0
2024-04-19 00:00:00+08:00,58.599998474121094,58.599998474121094,54.599998474121094,56.5,592000,0.0,0.0
2024-04-22 00:00:00+08:00,56.5,56.900001525878906,53.29999923706055,53.79999923706055,431000,0.0,0.0
2024-04-23 00:00:00+08:00,55.20000076293945,55.599998474121094,53.599998474121094,54.70000076293945,305000,0.0,0.0
2024-04-24 00:00:00+08:00,55.599998474121094,55.599998474121094,54.20000076293945,54.900001525878906,262000,0.0,0.0
2024-04-25 00:00:00+08:00,55.20000076293945,55.20000076293945,53.900001525878906,53.900001525878906,163000,0.0,0.0
2024-04-26 00:00:00+08:00,54.79999923706055,56.0,54.099998474121094,54.099998474121094,307000,0.0,0.0
2024-04-29 00:00:00+08:00,54.29999923706055,55.79999923706055,54.29999923706055,55.0,180000,0.0,0.0
2024-04-30 00:00:00+08:00,54.79999923706055,54.900001525878906,54.29999923706055,54.400001525878906,124000,0.0,0.0
2024-05-02 00:00:00+08:00,54.099998474121094,55.29999923706055,53.70000076293945,54.599998474121094,182000,0.0,0.0
2024-05-03 00:00:00+08:00,55.0,55.099998474121094,54.29999923706055,54.29999923706055,182000,0.0,0.0
2024-05-06 00:00:00+08:00,55.0,59.70000076293945,54.29999923706055,59.70000076293945,1289000,0.0,0.0
2024-05-07 00:00:00+08:00,59.70000076293945,59.79999923706055,56.599998474121094,57.400001525878906,1611000,0.0,0.0
2024-05-08 00:00:00+08:00,58.0,59.0,57.400001525878906,58.099998474121094,546000,0.0,0.0
2024-05-09 00:00:00+08:00,58.20000076293945,61.0,57.400001525878906,57.400001525878906,803000,0.0,0.0
2024-05-10 00:00:00+08:00,57.900001525878906,58.0,55.599998474121094,56.400001525878906,351000,0.0,0.0
2024-05-13 00:00:00+08:00,56.400001525878906,56.400001525878906,54.0,55.099998474121094,220000,0.0,0.0
2024-05-14 00:00:00+08:00,55.099998474121094,56.0,55.0,55.79999923706055,95000,0.0,0.0
2024-05-15 00:00:00+08:00,56.099998474121094,56.29999923706055,54.5,54.599998474121094,176000,0.0,0.0
2024-05-16 00:00:00+08:00,54.70000076293945,55.099998474121094,54.099998474121094,54.400001525878906,194000,0.0,0.0
2024-05-17 00:00:00+08:00,54.400001525878906,57.20000076293945,54.099998474121094,55.79999923706055,494000,0.0,0.0
2024-05-20 00:00:00+08:00,56.599998474121094,59.599998474121094,55.400001525878906,57.099998474121094,1367000,0.0,0.0
2024-05-21 00:00:00+08:00,57.20000076293945,60.400001525878906,57.20000076293945,59.20000076293945,1689000,0.0,0.0
2024-05-22 00:00:00+08:00,58.29999923706055,59.5,57.0,57.0,709000,0.0,0.0
2024-05-23 00:00:00+08:00,56.70000076293945,58.29999923706055,56.20000076293945,56.20000076293945,282000,0.0,0.0
2024-05-24 00:00:00+08:00,56.20000076293945,56.599998474121094,55.400001525878906,55.599998474121094,125000,0.0,0.0
2024-05-27 00:00:00+08:00,55.5,61.099998474121094,55.099998474121094,61.099998474121094,2449000,0.0,0.0
2024-05-28 00:00:00+08:00,62.5,63.900001525878906,60.400001525878906,61.5,4185000,0.0,0.0
2024-05-29 00:00:00+08:00,60.79999923706055,63.70000076293945,60.0,61.29999923706055,1594000,0.0,0.0
2024-05-30 00:00:00+08:00,61.0,61.29999923706055,59.0,59.599998474121094,670000,0.0,0.0
2024-05-31 00:00:00+08:00,59.599998474121094,64.30000305175781,59.599998474121094,61.70000076293945,1910000,0.0,0.0
2024-06-03 00:00:00+08:00,62.29999923706055,65.80000305175781,61.29999923706055,62.29999923706055,2565000,0.0,0.0
2024-06-04 00:00:00+08:00,61.599998474121094,61.900001525878906,58.70000076293945,58.70000076293945,766000,0.0,0.0
2024-06-05 00:00:00+08:00,58.70000076293945,60.099998474121094,58.29999923706055,59.0,299000,0.0,0.0
2024-06-06 00:00:00+08:00,59.29999923706055,59.70000076293945,58.29999923706055,58.900001525878906,263000,0.0,0.0
2024-06-07 00:00:00+08:00,59.20000076293945,60.099998474121094,58.79999923706055,59.0,172000,0.0,0.0
2024-06-11 00:00:00+08:00,58.900001525878906,60.0,58.099998474121094,58.099998474121094,298000,0.0,0.0
2024-06-12 00:00:00+08:00,60.20000076293945,60.29999923706055,58.5,58.900001525878906,334000,0.0,0.0
2024-06-13 00:00:00+08:00,59.20000076293945,59.79999923706055,58.400001525878906,59.20000076293945,221000,0.0,0.0
2024-06-14 00:00:00+08:00,59.20000076293945,59.900001525878906,58.599998474121094,59.20000076293945,222000,0.0,0.0
2024-06-17 00:00:00+08:00,59.20000076293945,59.599998474121094,58.599998474121094,59.0,190000,0.0,0.0
2024-06-18 00:00:00+08:00,59.20000076293945,62.900001525878906,59.20000076293945,61.099998474121094,2095000,0.0,0.0
2024-06-19 00:00:00+08:00,61.5,62.400001525878906,60.5,61.79999923706055,1180000,0.0,0.0
2024-06-20 00:00:00+08:00,61.79999923706055,62.0,61.099998474121094,61.20000076293945,447000,0.0,0.0
2024-06-21 00:00:00+08:00,60.20000076293945,64.30000305175781,60.20000076293945,63.400001525878906,1789000,0.0,0.0
2024-06-24 00:00:00+08:00,63.599998474121094,65.5999984741211,61.900001525878906,63.900001525878906,1508000,0.0,0.0
2024-06-25 00:00:00+08:00,63.5,63.70000076293945,61.099998474121094,62.20000076293945,699000,0.0,0.0
2024-06-26 00:00:00+08:00,62.29999923706055,63.099998474121094,61.400001525878906,61.400001525878906,466000,0.0,0.0
2024-06-27 00:00:00+08:00,61.29999923706055,62.0,60.0,60.20000076293945,438000,0.0,0.0
2024-06-28 00:00:00+08:00,62.79999923706055,64.30000305175781,61.400001525878906,62.400001525878906,1701000,0.0,0.0
2024-07-01 00:00:00+08:00,64.0,65.69999694824219,62.20000076293945,62.5,1700000,0.0,0.0
2024-07-02 00:00:00+08:00,62.099998474121094,62.900001525878906,61.400001525878906,61.599998474121094,434000,0.0,0.0
2024-07-03 00:00:00+08:00,62.099998474121094,63.099998474121094,61.900001525878906,62.20000076293945,427000,0.0,0.0
2024-07-04 00:00:00+08:00,62.599998474121094,65.9000015258789,62.599998474121094,64.19999694824219,3845000,0.0,0.0
2024-07-05 00:00:00+08:00,65.19999694824219,67.19999694824219,64.19999694824219,65.19999694824219,3657000,0.0,0.0
2024-07-08 00:00:00+08:00,64.5999984741211,64.69999694824219,62.70000076293945,64.4000015258789,1389000,0.0,0.0
2024-07-09 00:00:00+08:00,64.9000015258789,64.9000015258789,61.5,62.5,845000,0.0,0.0
2024-07-10 00:00:00+08:00,63.0,64.69999694824219,62.5,63.400001525878906,613000,0.0,0.0
2024-07-11 00:00:00+08:00,61.79999923706055,62.0,59.0,60.5,1325000,0.0,0.0
2024-07-12 00:00:00+08:00,60.400001525878906,61.0,59.5,60.599998474121094,262000,0.0,0.0
2024-07-15 00:00:00+08:00,60.599998474121094,61.20000076293945,60.0,60.0,313000,0.0,0.0
2024-07-16 00:00:00+08:00,60.0,60.599998474121094,60.0,60.0,172000,0.0,0.0
2024-07-17 00:00:00+08:00,60.099998474121094,60.599998474121094,59.70000076293945,59.70000076293945,251000,0.0,0.0
2024-07-18 00:00:00+08:00,59.400001525878906,59.400001525878906,58.099998474121094,58.29999923706055,276000,0.0,0.0
2024-07-19 00:00:00+08:00,58.20000076293945,58.79999923706055,56.5,56.79999923706055,337000,0.0,0.0
2024-07-22 00:00:00+08:00,56.599998474121094,56.599998474121094,53.400001525878906,54.599998474121094,351000,0.0,0.0
2024-07-23 00:00:00+08:00,55.0,55.70000076293945,54.70000076293945,55.0,125000,0.0,0.0
2024-07-26 00:00:00+08:00,54.5,54.5,53.20000076293945,53.900001525878906,109000,0.0,0.0
2024-07-29 00:00:00+08:00,54.099998474121094,54.20000076293945,51.5,51.79999923706055,310000,0.0,0.0
2024-07-30 00:00:00+08:00,51.20000076293945,53.5,51.0,53.29999923706055,167000,0.0,0.0
2024-07-31 00:00:00+08:00,53.0,54.0,53.0,53.400001525878906,78000,0.0,0.0
2024-08-01 00:00:00+08:00,54.29999923706055,55.20000076293945,53.79999923706055,54.5,135000,0.0,0.0
2024-08-02 00:00:00+08:00,53.0,54.0,52.099998474121094,52.099998474121094,138000,0.0,0.0
2024-08-05 00:00:00+08:00,50.0,50.099998474121094,46.900001525878906,46.900001525878906,324000,0.0,0.0
2024-08-06 00:00:00+08:00,45.20000076293945,46.400001525878906,42.25,43.0,819000,0.0,0.0
2024-08-07 00:00:00+08:00,43.099998474121094,47.29999923706055,43.099998474121094,47.29999923706055,354000,0.0,0.0
2024-08-08 00:00:00+08:00,47.0,48.099998474121094,45.650001525878906,46.599998474121094,190000,0.0,0.0
2024-08-09 00:00:00+08:00,47.70000076293945,49.0,47.0,47.0,176000,0.0,0.0
2024-08-12 00:00:00+08:00,48.75,48.79999923706055,47.599998474121094,47.849998474121094,145000,0.0,0.0
2024-08-13 00:00:00+08:00,48.54999923706055,48.79999923706055,47.54999923706055,48.099998474121094,135000,0.0,0.0
2024-08-14 00:00:00+08:00,49.45000076293945,49.45000076293945,47.54999923706055,47.849998474121094,129000,0.0,0.0
2024-08-15 00:00:00+08:00,47.900001525878906,48.04999923706055,47.04999923706055,47.150001525878906,122000,0.0,0.0
2024-08-16 00:00:00+08:00,48.400001525878906,48.400001525878906,47.400001525878906,47.70000076293945,124000,0.0,0.0
2024-08-19 00:00:00+08:00,49.0,49.0,47.75,47.900001525878906,142000,0.0,0.0
2024-08-20 00:00:00+08:00,47.900001525878906,48.79999923706055,47.79999923706055,48.20000076293945,95000,0.0,0.0
2024-08-21 00:00:00+08:00,47.650001525878906,48.29999923706055,47.0,47.5,119000,0.0,0.0
2024-08-22 00:00:00+08:00,47.54999923706055,48.0,47.349998474121094,47.400001525878906,73000,0.0,0.0
2024-08-23 00:00:00+08:00,47.099998474121094,48.0,46.849998474121094,47.75,105000,0.0,0.0
2024-08-26 00:00:00+08:00,47.349998474121094,48.5,47.349998474121094,47.54999923706055,77000,0.0,0.0
2024-08-27 00:00:00+08:00,47.349998474121094,48.79999923706055,47.349998474121094,48.79999923706055,191000,0.0,0.0
2024-08-28 00:00:00+08:00,48.849998474121094,49.20000076293945,48.29999923706055,48.95000076293945,113000,0.0,0.0
2024-08-29 00:00:00+08:00,48.599998474121094,48.95000076293945,48.25,48.5,57000,0.0,0.0
2024-08-30 00:00:00+08:00,48.70000076293945,49.099998474121094,48.599998474121094,48.650001525878906,60000,0.0,0.0
2024-09-02 00:00:00+08:00,48.79999923706055,49.5,48.599998474121094,49.150001525878906,94000,0.0,0.0
2024-09-03 00:00:00+08:00,49.0,49.0,47.79999923706055,47.900001525878906,94000,0.0,0.0
2024-09-04 00:00:00+08:00,47.29999923706055,47.29999923706055,43.95000076293945,45.0,202000,0.0,0.0
2024-09-05 00:00:00+08:00,45.0,46.25,45.0,45.20000076293945,83000,0.0,0.0
2024-09-06 00:00:00+08:00,45.75,48.95000076293945,45.0,48.599998474121094,205000,0.0,0.0
2024-09-09 00:00:00+08:00,47.5,49.0,47.5,48.20000076293945,95000,0.0,0.0
2024-09-10 00:00:00+08:00,49.45000076293945,51.29999923706055,47.349998474121094,47.400001525878906,447000,0.0,0.0
2024-09-11 00:00:00+08:00,47.400001525878906,49.400001525878906,47.400001525878906,48.54999923706055,71000,0.0,0.0
2024-09-12 00:00:00+08:00,50.29999923706055,50.29999923706055,48.20000076293945,48.20000076293945,67000,0.0,0.0
2024-09-13 00:00:00+08:00,49.70000076293945,49.70000076293945,48.20000076293945,48.29999923706055,50000,0.0,0.0
2024-09-16 00:00:00+08:00,49.04999923706055,49.5,48.150001525878906,49.5,93000,0.0,0.0
2024-09-18 00:00:00+08:00,49.5,49.70000076293945,48.0,48.150001525878906,101000,0.0,0.0
2024-09-19 00:00:00+08:00,48.95000076293945,49.0,48.349998474121094,48.45000076293945,38000,0.0,0.0
2024-09-20 00:00:00+08:00,49.0,49.400001525878906,48.5,48.75,90000,0.0,0.0
2024-09-23 00:00:00+08:00,51.099998474121094,53.599998474121094,50.29999923706055,53.599998474121094,953000,0.0,0.0
2024-09-24 00:00:00+08:00,53.599998474121094,53.900001525878906,52.0,52.0,610000,0.0,0.0
2024-09-25 00:00:00+08:00,52.900001525878906,52.900001525878906,51.70000076293945,52.29999923706055,135000,0.0,0.0
2024-09-26 00:00:00+08:00,53.20000076293945,53.5,52.099998474121094,52.099998474121094,122000,0.0,0.0
2024-09-27 00:00:00+08:00,51.599998474121094,52.20000076293945,51.29999923706055,52.20000076293945,76000,0.0,0.0
2024-09-30 00:00:00+08:00,52.79999923706055,52.79999923706055,51.20000076293945,51.400001525878906,101000,0.0,0.0
2024-10-01 00:00:00+08:00,51.5,51.5,50.599998474121094,50.599998474121094,87000,0.0,0.0
2024-10-04 00:00:00+08:00,50.099998474121094,51.5,50.099998474121094,50.20000076293945,50000,0.0,0.0
2024-10-07 00:00:00+08:00,50.5,50.900001525878906,50.0,50.599998474121094,120000,0.0,0.0
2024-10-08 00:00:00+08:00,50.099998474121094,51.5,49.04999923706055,50.599998474121094,114000,0.0,0.0
2024-10-09 00:00:00+08:00,51.099998474121094,51.099998474121094,50.0,50.0,51000,0.0,0.0
2024-10-11 00:00:00+08:00,50.5,50.70000076293945,49.599998474121094,49.95000076293945,42000,0.0,0.0
2024-10-14 00:00:00+08:00,50.400001525878906,50.5,49.900001525878906,50.099998474121094,45000,0.0,0.0
2024-10-15 00:00:00+08:00,50.099998474121094,50.099998474121094,49.849998474121094,49.900001525878906,61000,0.0,0.0
2024-10-16 00:00:00+08:00,49.95000076293945,51.70000076293945,49.900001525878906,50.70000076293945,133000,0.0,0.0
2024-10-17 00:00:00+08:00,50.79999923706055,51.0,50.5,50.5,70000,0.0,0.0
2024-10-18 00:00:00+08:00,51.0,51.0,49.5,49.70000076293945,83000,0.0,0.0
2024-10-21 00:00:00+08:00,50.400001525878906,54.599998474121094,50.0,53.0,1013000,0.0,0.0
2024-10-22 00:00:00+08:00,52.900001525878906,53.400001525878906,51.20000076293945,52.5,548000,0.0,0.0
2024-10-23 00:00:00+08:00,52.0,53.20000076293945,52.0,53.0,170000,0.0,0.0
2024-10-24 00:00:00+08:00,53.0,53.5,51.0,51.29999923706055,166000,0.0,0.0
2024-10-25 00:00:00+08:00,50.79999923706055,51.599998474121094,50.70000076293945,51.599998474121094,72000,0.0,0.0
2024-10-28 00:00:00+08:00,51.900001525878906,51.900001525878906,50.0,50.29999923706055,93000,0.0,0.0
2024-10-29 00:00:00+08:00,50.70000076293945,51.0,49.650001525878906,50.0,86000,0.0,0.0
2024-10-30 00:00:00+08:00,50.900001525878906,55.0,50.29999923706055,52.5,1218000,0.0,0.0
2024-11-01 00:00:00+08:00,52.20000076293945,52.20000076293945,50.599998474121094,51.400001525878906,193000,0.0,0.0
2024-11-04 00:00:00+08:00,52.20000076293945,52.20000076293945,50.29999923706055,50.79999923706055,73000,0.0,0.0
2024-11-05 00:00:00+08:00,50.79999923706055,50.79999923706055,50.29999923706055,50.29999923706055,195000,0.0,0.0
2024-11-06 00:00:00+08:00,50.400001525878906,50.5,50.29999923706055,50.29999923706055,42000,0.0,0.0
2024-11-07 00:00:00+08:00,51.5,54.20000076293945,50.599998474121094,53.0,1934000,0.0,0.0
2024-11-08 00:00:00+08:00,53.29999923706055,53.29999923706055,51.20000076293945,51.599998474121094,407000,0.0,0.0
2024-11-11 00:00:00+08:00,51.099998474121094,51.599998474121094,50.70000076293945,50.70000076293945,140000,0.0,0.0
2024-11-12 00:00:00+08:00,50.29999923706055,51.70000076293945,50.29999923706055,51.70000076293945,168000,0.0,0.0
2024-11-13 00:00:00+08:00,51.70000076293945,51.70000076293945,50.0,50.29999923706055,134000,0.0,0.0
2024-11-14 00:00:00+08:00,51.099998474121094,51.099998474121094,49.75,50.0,62000,0.0,0.0
2024-11-15 00:00:00+08:00,50.29999923706055,50.599998474121094,49.900001525878906,50.29999923706055,58000,0.0,0.0
2024-11-18 00:00:00+08:00,50.099998474121094,50.29999923706055,49.75,49.75,107000,0.0,0.0
2024-11-19 00:00:00+08:00,51.099998474121094,52.70000076293945,50.0,50.5,110000,0.0,0.0
2024-11-20 00:00:00+08:00,51.20000076293945,51.20000076293945,50.0,50.0,49202,0.0,0.0
2024-11-21 00:00:00+08:00,50.400001525878906,50.400001525878906,49.95000076293945,49.95000076293945,56000,0.0,0.0
2024-11-22 00:00:00+08:00,51.0,51.20000076293945,50.29999923706055,50.599998474121094,148000,0.0,0.0
2024-11-25 00:00:00+08:00,51.29999923706055,51.29999923706055,50.20000076293945,50.400001525878906,35000,0.0,0.0
2024-11-26 00:00:00+08:00,50.400001525878906,51.0,50.0,50.29999923706055,101000,0.0,0.0
2024-11-27 00:00:00+08:00,50.900001525878906,50.900001525878906,49.650001525878906,49.75,118000,0.0,0.0
2024-11-28 00:00:00+08:00,49.95000076293945,50.400001525878906,48.900001525878906,49.150001525878906,157000,0.0,0.0
2024-11-29 00:00:00+08:00,48.900001525878906,49.150001525878906,48.0,48.70000076293945,158000,0.0,0.0
2024-12-02 00:00:00+08:00,47.088932037353516,48.101078033447266,46.751548767089844,48.101078033447266,151460,0.0,0.0
2024-12-03 00:00:00+08:00,48.19747543334961,49.83618927001953,47.76369857788086,49.16142272949219,255200,0.0,0.0
2024-12-04 00:00:00+08:00,48.77584457397461,50.51095199584961,48.77584457397461,49.73979187011719,219928,0.0,0.0
2024-12-05 00:00:00+08:00,50.12537384033203,51.18571853637695,50.12537384033203,50.70374298095703,392136,0.0,0.0
2024-12-06 00:00:00+08:00,51.08932113647461,51.956878662109375,50.31816482543945,51.76408767700195,449193,0.0,0.0
2024-12-09 00:00:00+08:00,53.20000076293945,53.20000076293945,51.599998474121094,52.400001525878906,388000,0.0,0.0
2024-12-10 00:00:00+08:00,52.400001525878906,52.400001525878906,51.20000076293945,52.099998474121094,170000,0.0,0.0
2024-12-11 00:00:00+08:00,52.20000076293945,52.5,51.70000076293945,52.0,114000,0.0,0.0
2024-12-12 00:00:00+08:00,52.79999923706055,53.29999923706055,52.099998474121094,52.599998474121094,230000,0.0,0.0
2024-12-13 00:00:00+08:00,52.599998474121094,57.5,52.599998474121094,54.29999923706055,2372000,0.0,0.0
2024-12-16 00:00:00+08:00,54.099998474121094,55.599998474121094,53.0,53.599998474121094,644000,0.0,0.0
2024-12-17 00:00:00+08:00,53.20000076293945,56.900001525878906,53.0,55.599998474121094,1228000,0.0,0.0
2024-12-18 00:00:00+08:00,55.599998474121094,56.70000076293945,54.5,55.099998474121094,760000,0.0,0.0
2024-12-19 00:00:00+08:00,54.29999923706055,54.900001525878906,54.0,54.29999923706055,248000,0.0,0.0
2024-12-20 00:00:00+08:00,54.29999923706055,54.900001525878906,52.400001525878906,54.099998474121094,915000,0.0,0.0
2024-12-23 00:00:00+08:00,54.20000076293945,54.20000076293945,52.29999923706055,52.5,507000,0.0,0.0
2024-12-24 00:00:00+08:00,52.29999923706055,52.79999923706055,49.5,50.20000076293945,1061000,0.0,0.0
2024-12-25 00:00:00+08:00,50.20000076293945,51.79999923706055,50.099998474121094,51.29999923706055,497000,0.0,0.0
2024-12-26 00:00:00+08:00,51.70000076293945,51.79999923706055,49.45000076293945,49.79999923706055,452000,0.0,0.0
2024-12-27 00:00:00+08:00,49.79999923706055,51.0,49.75,50.0,200000,0.0,0.0
2024-12-30 00:00:00+08:00,49.900001525878906,49.900001525878906,48.849998474121094,49.0,266000,0.0,0.0
2024-12-31 00:00:00+08:00,48.5,51.0,48.150001525878906,49.20000076293945,593000,0.0,0.0
2025-01-02 00:00:00+08:00,48.75,51.400001525878906,48.400001525878906,50.5,2422000,0.0,0.0
2025-01-03 00:00:00+08:00,51.400001525878906,51.79999923706055,50.099998474121094,50.900001525878906,757000,0.0,0.0
2025-01-06 00:00:00+08:00,50.599998474121094,51.29999923706055,50.29999923706055,50.70000076293945,534000,0.0,0.0
2025-01-07 00:00:00+08:00,53.0,55.70000076293945,52.400001525878906,55.099998474121094,4376000,0.0,0.0
2025-01-08 00:00:00+08:00,55.29999923706055,58.0,54.79999923706055,58.0,5005000,0.0,0.0
2025-01-09 00:00:00+08:00,56.5,57.599998474121094,54.599998474121094,55.20000076293945,1945000,0.0,0.0
2025-01-10 00:00:00+08:00,55.20000076293945,56.400001525878906,54.099998474121094,55.599998474121094,726000,0.0,0.0
2025-01-13 00:00:00+08:00,55.599998474121094,55.599998474121094,52.599998474121094,53.29999923706055,942000,0.0,0.0
2025-01-14 00:00:00+08:00,54.20000076293945,54.20000076293945,53.0,53.5,332000,0.0,0.0
2025-01-15 00:00:00+08:00,53.79999923706055,55.0,52.79999923706055,54.70000076293945,519000,0.0,0.0
2025-01-16 00:00:00+08:00,54.0,56.79999923706055,54.0,56.099998474121094,1019000,0.0,0.0
2025-01-17 00:00:00+08:00,56.099998474121094,58.5,55.900001525878906,56.79999923706055,2131000,0.0,0.0
2025-01-20 00:00:00+08:00,56.79999923706055,56.79999923706055,54.599998474121094,56.099998474121094,799000,0.0,0.0
2025-01-21 00:00:00+08:00,56.0,56.79999923706055,54.900001525878906,55.5,512000,0.0,0.0
2025-01-22 00:00:00+08:00,55.900001525878906,56.0,54.900001525878906,54.900001525878906,472000,0.0,0.0
2025-02-03 00:00:00+08:00,52.599998474121094,53.900001525878906,52.20000076293945,53.0,595271,0.0,0.0
2025-02-04 00:00:00+08:00,53.599998474121094,53.599998474121094,51.29999923706055,52.29999923706055,648005,0.0,0.0
2025-02-05 00:00:00+08:00,52.79999923706055,53.900001525878906,52.5,53.20000076293945,468419,0.0,0.0
2025-02-06 00:00:00+08:00,53.29999923706055,57.900001525878906,53.0,57.0,1386701,0.0,0.0
2025-02-07 00:00:00+08:00,56.5,57.29999923706055,55.29999923706055,57.0,634841,0.0,0.0
2025-02-10 00:00:00+08:00,58.599998474121094,60.0,56.79999923706055,57.400001525878906,2991212,0.0,0.0
2025-02-11 00:00:00+08:00,56.79999923706055,58.0,55.599998474121094,55.599998474121094,1209240,0.0,0.0
2025-02-12 00:00:00+08:00,56.099998474121094,57.20000076293945,54.20000076293945,54.400001525878906,909300,0.0,0.0
2025-02-13 00:00:00+08:00,54.400001525878906,55.099998474121094,54.0,54.29999923706055,384100,0.0,0.0
2025-02-14 00:00:00+08:00,54.5,54.79999923706055,53.400001525878906,54.20000076293945,297200,0.0,0.0
2025-02-17 00:00:00+08:00,54.79999923706055,54.900001525878906,53.599998474121094,54.0,300842,0.0,0.0
2025-02-18 00:00:00+08:00,53.900001525878906,56.0,53.5,55.5,811531,0.0,0.0
2025-02-19 00:00:00+08:00,55.900001525878906,56.29999923706055,54.599998474121094,54.599998474121094,373508,0.0,0.0
2025-02-20 00:00:00+08:00,54.79999923706055,60.0,54.099998474121094,60.0,4784834,0.0,0.0
2025-02-21 00:00:00+08:00,61.0,62.099998474121094,59.5,62.0,11510664,0.0,0.0
2025-02-24 00:00:00+08:00,61.900001525878906,65.0,61.099998474121094,61.70000076293945,7574087,0.0,0.0
2025-02-25 00:00:00+08:00,60.099998474121094,66.5,59.5,63.79999923706055,7594095,0.0,0.0
2025-02-26 00:00:00+08:00,64.0999984741211,65.0999984741211,61.900001525878906,61.900001525878906,4207735,0.0,0.0
2025-02-27 00:00:00+08:00,62.0,62.20000076293945,58.099998474121094,58.20000076293945,3587890,0.0,0.0
2025-03-03 00:00:00+08:00,57.900001525878906,59.400001525878906,57.0,59.0,1684557,0.0,0.0
2025-03-04 00:00:00+08:00,57.599998474121094,59.0,57.29999923706055,58.599998474121094,991055,0.0,0.0
2025-03-05 00:00:00+08:00,59.099998474121094,59.20000076293945,57.599998474121094,58.29999923706055,733235,0.0,0.0
2025-03-06 00:00:00+08:00,59.099998474121094,59.099998474121094,58.0,58.0,537055,0.0,0.0
2025-03-07 00:00:00+08:00,57.79999923706055,60.400001525878906,57.79999923706055,59.0,2126738,0.0,0.0
2025-03-10 00:00:00+08:00,59.79999923706055,60.400001525878906,56.5,56.79999923706055,1675595,0.0,0.0
2025-03-11 00:00:00+08:00,55.0,56.400001525878906,53.0,56.400001525878906,1181150,0.0,0.0
2025-03-12 00:00:00+08:00,57.5,62.0,57.5,61.0,4722680,0.0,0.0
2025-03-13 00:00:00+08:00,61.0,62.400001525878906,59.400001525878906,60.29999923706055,3259896,0.0,0.0
2025-03-14 00:00:00+08:00,60.29999923706055,61.0,59.099998474121094,60.0,1003788,0.0,0.0
2025-03-17 00:00:00+08:00,60.20000076293945,64.5,59.400001525878906,63.099998474121094,3296200,0.0,0.0
2025-03-18 00:00:00+08:00,63.70000076293945,64.19999694824219,61.5,61.900001525878906,2475470,0.0,0.0
2025-03-19 00:00:00+08:00,61.900001525878906,61.900001525878906,58.599998474121094,59.0,1559600,0.0,0.0
2025-03-20 00:00:00+08:00,59.20000076293945,60.0,58.5,58.5,692675,0.0,0.0
2025-03-21 00:00:00+08:00,59.0,59.5,57.29999923706055,57.599998474121094,626535,0.0,0.0
2025-03-24 00:00:00+08:00,58.0,59.900001525878906,57.70000076293945,57.70000076293945,766000,0.0,0.0
2025-03-25 00:00:00+08:00,58.5,59.20000076293945,58.099998474121094,58.400001525878906,362031,0.0,0.0
2025-03-26 00:00:00+08:00,58.400001525878906,59.5,58.20000076293945,58.29999923706055,459000,0.0,0.0
2025-03-27 00:00:00+08:00,58.0,58.20000076293945,56.400001525878906,57.0,561499,0.0,0.0
2025-03-28 00:00:00+08:00,57.0,57.0,53.20000076293945,54.599998474121094,1236100,0.0,0.0
2025-03-31 00:00:00+08:00,52.20000076293945,54.400001525878906,49.5,49.849998474121094,1608643,0.0,0.0
2025-04-01 00:00:00+08:00,50.900001525878906,51.5,49.650001525878906,49.95000076293945,544012,0.0,0.0
2025-04-02 00:00:00+08:00,50.20000076293945,51.0,49.599998474121094,50.20000076293945,407680,0.0,0.0
2025-04-07 00:00:00+08:00,45.20000076293945,45.20000076293945,45.20000076293945,45.20000076293945,16000,0.0,0.0
2025-04-08 00:00:00+08:00,40.70000076293945,40.70000076293945,40.70000076293945,40.70000076293945,215000,0.0,0.0
2025-04-09 00:00:00+08:00,36.650001525878906,36.650001525878906,36.650001525878906,36.650001525878906,206000,0.0,0.0
2025-04-10 00:00:00+08:00,39.099998474121094,40.29999923706055,38.0,39.54999923706055,3481344,0.0,0.0
2025-04-11 00:00:00+08:00,35.599998474121094,38.79999923706055,35.599998474121094,38.29999923706055,2385186,0.0,0.0
2025-04-14 00:00:00+08:00,39.5,41.599998474121094,39.45000076293945,40.900001525878906,1611357,0.0,0.0
2025-04-15 00:00:00+08:00,41.54999923706055,43.0,41.54999923706055,43.0,595000,0.0,0.0
2025-04-16 00:00:00+08:00,42.849998474121094,43.54999923706055,41.95000076293945,43.150001525878906,715030,0.0,0.0
2025-04-17 00:00:00+08:00,43.650001525878906,44.54999923706055,43.0,43.900001525878906,595000,0.0,0.0
2025-04-18 00:00:00+08:00,45.400001525878906,46.95000076293945,44.25,45.5,1139192,0.0,0.0
2025-04-21 00:00:00+08:00,46.5,46.5,44.20000076293945,44.5,556000,0.0,0.0
2025-04-22 00:00:00+08:00,44.5,45.70000076293945,44.0,45.45000076293945,563100,0.0,0.0
2025-04-23 00:00:00+08:00,46.29999923706055,47.900001525878906,46.04999923706055,46.150001525878906,467107,0.0,0.0
2025-04-24 00:00:00+08:00,47.0,47.29999923706055,46.0,46.099998474121094,291010,0.0,0.0
2025-04-25 00:00:00+08:00,46.599998474121094,47.599998474121094,46.54999923706055,47.04999923706055,308271,0.0,0.0
2025-04-28 00:00:00+08:00,47.70000076293945,48.54999923706055,47.400001525878906,47.400001525878906,333000,0.0,0.0
2025-04-29 00:00:00+08:00,47.400001525878906,48.54999923706055,47.400001525878906,48.349998474121094,325032,0.0,0.0
2025-04-30 00:00:00+08:00,49.349998474121094,49.75,48.0,48.70000076293945,383025,0.0,0.0
2025-05-02 00:00:00+08:00,49.400001525878906,52.70000076293945,49.29999923706055,51.599998474121094,762300,0.0,0.0
2025-05-05 00:00:00+08:00,51.599998474121094,51.599998474121094,48.349998474121094,49.70000076293945,542729,0.0,0.0
2025-05-06 00:00:00+08:00,49.25,51.79999923706055,49.25,51.400001525878906,333435,0.0,0.0
2025-05-07 00:00:00+08:00,51.79999923706055,53.400001525878906,51.0,52.5,341045,0.0,0.0
2025-05-08 00:00:00+08:00,53.099998474121094,54.599998474121094,52.900001525878906,54.099998474121094,380330,0.0,0.0
2025-05-09 00:00:00+08:00,54.599998474121094,54.599998474121094,52.0,54.5,372542,0.0,0.0
2025-05-12 00:00:00+08:00,55.0,55.79999923706055,54.20000076293945,54.70000076293945,354032,0.0,0.0
2025-05-13 00:00:00+08:00,57.099998474121094,58.0,55.70000076293945,56.79999923706055,668400,0.0,0.0
2025-05-14 00:00:00+08:00,56.70000076293945,58.099998474121094,56.5,56.70000076293945,397678,0.0,0.0
2025-05-15 00:00:00+08:00,56.5,57.099998474121094,55.79999923706055,56.79999923706055,331571,0.0,0.0
2025-05-16 00:00:00+08:00,57.099998474121094,58.5,56.400001525878906,56.599998474121094,385150,0.0,0.0
2025-05-19 00:00:00+08:00,56.099998474121094,57.20000076293945,55.900001525878906,56.29999923706055,197300,0.0,0.0
2025-05-20 00:00:00+08:00,56.70000076293945,56.70000076293945,55.70000076293945,56.29999923706055,190271,0.0,0.0
2025-05-21 00:00:00+08:00,56.599998474121094,56.900001525878906,55.900001525878906,56.400001525878906,136100,0.0,0.0
2025-05-22 00:00:00+08:00,56.599998474121094,57.400001525878906,56.29999923706055,57.400001525878906,309500,0.0,0.0
2025-05-23 00:00:00+08:00,57.900001525878906,58.900001525878906,56.5,56.79999923706055,119312,0.0,0.0
2025-05-26 00:00:00+08:00,56.79999923706055,57.0,54.5,54.79999923706055,239100,0.0,0.0
2025-05-27 00:00:00+08:00,54.900001525878906,55.79999923706055,54.099998474121094,54.79999923706055,211200,0.0,0.0
2025-05-28 00:00:00+08:00,55.5,55.70000076293945,53.70000076293945,54.0,227536,0.0,0.0
2025-05-29 00:00:00+08:00,55.0,55.0,53.0,53.099998474121094,168024,0.0,0.0
2025-06-02 00:00:00+08:00,52.5,53.0,51.099998474121094,51.79999923706055,205271,0.0,0.0
2025-06-03 00:00:00+08:00,52.79999923706055,54.099998474121094,52.099998474121094,53.5,224977,0.0,0.0
2025-06-04 00:00:00+08:00,54.099998474121094,54.5,53.20000076293945,53.20000076293945,175000,0.0,0.0
2025-06-05 00:00:00+08:00,53.70000076293945,53.70000076293945,53.0,53.20000076293945,106210,0.0,0.0
2025-06-06 00:00:00+08:00,53.20000076293945,54.599998474121094,53.099998474121094,54.20000076293945,154494,0.0,0.0
2025-06-09 00:00:00+08:00,55.0,57.79999923706055,54.599998474121094,57.79999923706055,666686,0.0,0.0
2025-06-10 00:00:00+08:00,57.5,58.29999923706055,56.5,57.70000076293945,406000,0.0,0.0
2025-06-11 00:00:00+08:00,58.5,59.5,55.29999923706055,55.29999923706055,1043055,0.0,0.0
2025-06-12 00:00:00+08:00,55.400001525878906,55.79999923706055,54.5,55.400001525878906,370084,0.0,0.0
2025-06-13 00:00:00+08:00,55.5,55.5,53.099998474121094,53.099998474121094,451317,0.0,0.0
2025-06-16 00:00:00+08:00,53.20000076293945,54.5,53.0,54.0,258322,0.0,0.0
2025-06-17 00:00:00+08:00,54.5,55.0,53.20000076293945,53.70000076293945,246506,0.0,0.0
2025-06-18 00:00:00+08:00,53.70000076293945,55.5,53.0,53.79999923706055,189008,0.0,0.0
2025-06-19 00:00:00+08:00,53.79999923706055,53.900001525878906,52.70000076293945,52.70000076293945,157021,0.0,0.0
2025-06-20 00:00:00+08:00,52.599998474121094,53.099998474121094,51.29999923706055,51.29999923706055,186046,0.0,0.0
2025-06-23 00:00:00+08:00,50.79999923706055,50.79999923706055,49.0,50.29999923706055,497000,0.0,0.0
2025-06-24 00:00:00+08:00,51.29999923706055,52.400001525878906,51.29999923706055,52.0,295279,0.0,0.0
2025-06-25 00:00:00+08:00,51.900001525878906,52.5,51.5,51.70000076293945,142363,0.0,0.0
2025-06-26 00:00:00+08:00,52.099998474121094,52.400001525878906,51.79999923706055,51.900001525878906,180100,0.0,0.0
2025-06-27 00:00:00+08:00,52.599998474121094,52.599998474121094,50.79999923706055,50.79999923706055,222261,0.0,0.0
2025-06-30 00:00:00+08:00,51.29999923706055,52.0,50.0,51.0,203135,0.0,0.0
2025-07-01 00:00:00+08:00,51.20000076293945,51.900001525878906,50.599998474121094,51.0,131004,0.0,0.0
2025-07-02 00:00:00+08:00,50.900001525878906,51.599998474121094,50.79999923706055,51.0,180000,0.0,0.0
2025-07-03 00:00:00+08:00,51.900001525878906,52.099998474121094,51.5,51.900001525878906,116135,0.0,0.0
2025-07-04 00:00:00+08:00,52.0,52.099998474121094,50.29999923706055,50.70000076293945,170021,0.0,0.0
2025-07-07 00:00:00+08:00,50.599998474121094,51.20000076293945,49.20000076293945,51.0,129279,0.0,0.0
2025-07-08 00:00:00+08:00,51.0,51.0,49.95000076293945,50.5,95510,0.0,0.0
2025-07-09 00:00:00+08:00,50.5,52.20000076293945,49.79999923706055,52.099998474121094,359000,0.0,0.0
2025-07-10 00:00:00+08:00,52.0,52.70000076293945,51.5,52.0,240000,0.0,0.0
2025-07-11 00:00:00+08:00,53.79999923706055,54.79999923706055,50.599998474121094,51.0,904114,0.0,0.0
2025-07-14 00:00:00+08:00,50.900001525878906,50.900001525878906,49.599998474121094,49.79999923706055,275250,0.0,0.0
2025-07-15 00:00:00+08:00,50.400001525878906,50.900001525878906,50.20000076293945,50.20000076293945,194004,0.0,0.0
2025-07-16 00:00:00+08:00,50.900001525878906,51.29999923706055,50.0,50.29999923706055,280000,0.0,0.0
2025-07-17 00:00:00+08:00,50.70000076293945,50.70000076293945,50.099998474121094,50.20000076293945,150250,0.0,0.0
2025-07-18 00:00:00+08:00,50.79999923706055,50.79999923706055,48.900001525878906,49.04999923706055,341775,0.0,0.0
2025-07-21 00:00:00+08:00,49.349998474121094,49.349998474121094,48.5,48.650001525878906,181330,0.0,0.0
2025-07-22 00:00:00+08:00,48.150001525878906,48.599998474121094,45.900001525878906,45.900001525878906,417504,0.0,0.0
2025-07-23 00:00:00+08:00,46.650001525878906,46.79999923706055,46.0,46.75,203000,0.0,0.0
2025-07-24 00:00:00+08:00,47.099998474121094,47.150001525878906,46.29999923706055,46.45000076293945,148310,0.0,0.0
2025-07-25 00:00:00+08:00,46.5,47.5,45.04999923706055,47.349998474121094,343260,0.0,0.0
2025-07-28 00:00:00+08:00,47.75,47.75,47.04999923706055,47.400001525878906,127326,0.0,0.0
2025-07-29 00:00:00+08:00,47.400001525878906,47.95000076293945,47.0,47.75,150215,0.0,0.0
2025-07-30 00:00:00+08:00,47.849998474121094,50.599998474121094,47.5,50.5,350350,0.0,0.0
2025-07-31 00:00:00+08:00,51.0,52.099998474121094,50.70000076293945,50.70000076293945,820300,0.0,0.0
2025-08-04 00:00:00+08:00,53.099998474121094,56.29999923706055,52.099998474121094,56.29999923706055,3936444,0.0,0.0
2025-08-05 00:00:00+08:00,56.400001525878906,57.70000076293945,56.0,57.70000076293945,4145707,0.0,0.0
2025-08-06 00:00:00+08:00,56.599998474121094,57.400001525878906,56.5,56.5,1340185,0.0,0.0
2025-08-07 00:00:00+08:00,56.0,57.70000076293945,56.0,57.70000076293945,2108187,0.0,0.0
2025-08-08 00:00:00+08:00,58.0,58.29999923706055,56.099998474121094,56.599998474121094,3504858,0.0,0.0
2025-08-11 00:00:00+08:00,57.400001525878906,59.900001525878906,56.70000076293945,59.5,4454998,0.0,0.0
2025-08-12 00:00:00+08:00,59.79999923706055,59.900001525878906,58.29999923706055,59.70000076293945,2807501,0.0,0.0
2025-08-13 00:00:00+08:00,61.0,62.400001525878906,59.599998474121094,60.599998474121094,4947351,0.0,0.0
2025-08-14 00:00:00+08:00,61.0,61.400001525878906,58.099998474121094,58.400001525878906,2321877,0.0,0.0
2025-08-15 00:00:00+08:00,60.5,60.900001525878906,59.099998474121094,59.70000076293945,3071410,0.0,0.0
2025-08-18 00:00:00+08:00,60.5,61.29999923706055,59.0,60.0,1996710,0.0,0.0
2025-08-19 00:00:00+08:00,60.20000076293945,60.29999923706055,58.5,58.70000076293945,1051132,0.0,0.0
2025-08-20 00:00:00+08:00,58.0,58.0,55.599998474121094,55.79999923706055,1024112,0.0,0.0
2025-08-21 00:00:00+08:00,56.599998474121094,58.20000076293945,56.599998474121094,57.0,562912,0.0,0.0
2025-08-22 00:00:00+08:00,57.20000076293945,60.5,57.0,58.20000076293945,1460066,0.0,0.0
2025-08-25 00:00:00+08:00,59.099998474121094,59.5,57.599998474121094,57.70000076293945,625135,0.0,0.0
2025-08-26 00:00:00+08:00,57.5,57.5,56.0,57.099998474121094,569430,0.0,0.0
2025-08-27 00:00:00+08:00,57.70000076293945,59.599998474121094,57.5,58.79999923706055,1238799,0.0,0.0
2025-08-28 00:00:00+08:00,58.5,58.5,57.29999923706055,58.0,590207,0.0,0.0
2025-08-29 00:00:00+08:00,58.5,59.20000076293945,58.0,58.400001525878906,789071,0.0,0.0
2025-09-01 00:00:00+08:00,57.79999923706055,58.0,55.5,55.5,785500,0.0,0.0
2025-09-02 00:00:00+08:00,57.599998474121094,59.29999923706055,57.20000076293945,57.599998474121094,1276135,0.0,0.0
2025-09-03 00:00:00+08:00,58.400001525878906,61.400001525878906,58.400001525878906,58.900001525878906,3172050,0.0,0.0
2025-09-04 00:00:00+08:00,60.599998474121094,61.79999923706055,56.400001525878906,57.20000076293945,2507252,0.0,0.0
2025-09-05 00:00:00+08:00,57.900001525878906,58.29999923706055,56.0,56.29999923706055,955165,0.0,0.0
2025-09-08 00:00:00+08:00,57.0,57.900001525878906,55.79999923706055,56.79999923706055,565137,0.0,0.0
2025-09-09 00:00:00+08:00,57.400001525878906,57.400001525878906,56.0,56.29999923706055,520000,0.0,0.0
2025-09-10 00:00:00+08:00,56.29999923706055,56.5,55.79999923706055,55.79999923706055,487257,0.0,0.0
2025-09-11 00:00:00+08:00,58.29999923706055,59.599998474121094,56.0,56.099998474121094,1523000,0.0,0.0
2025-09-12 00:00:00+08:00,57.599998474121094,61.400001525878906,57.20000076293945,57.400001525878906,2778300,0.0,0.0
2025-09-15 00:00:00+08:00,57.79999923706055,58.29999923706055,55.900001525878906,56.099998474121094,829756,0.0,0.0
2025-09-16 00:00:00+08:00,56.5,56.5,54.400001525878906,55.0,908000,0.0,0.0
2025-09-17 00:00:00+08:00,55.900001525878906,57.400001525878906,55.20000076293945,55.599998474121094,575000,0.0,0.0
2025-09-18 00:00:00+08:00,55.70000076293945,57.599998474121094,54.900001525878906,56.70000076293945,882000,0.0,0.0
2025-09-19 00:00:00+08:00,57.5,57.5,55.5,55.599998474121094,449025,0.0,0.0
2025-09-22 00:00:00+08:00,56.400001525878906,57.29999923706055,55.5,56.5,454250,0.0,0.0
2025-09-23 00:00:00+08:00,57.20000076293945,57.29999923706055,56.20000076293945,56.599998474121094,441250,0.0,0.0
2025-09-24 00:00:00+08:00,57.29999923706055,57.29999923706055,55.5,56.0,330596,0.0,0.0
2025-09-25 00:00:00+08:00,56.29999923706055,58.20000076293945,55.5,55.900001525878906,668000,0.0,0.0
2025-09-26 00:00:00+08:00,56.0,56.0,53.0,53.0,771026,0.0,0.0
2025-09-30 00:00:00+08:00,52.79999923706055,54.099998474121094,52.400001525878906,54.0,372335,0.0,0.0
2025-10-01 00:00:00+08:00,54.400001525878906,55.099998474121094,53.900001525878906,54.099998474121094,226000,0.0,0.0
2025-10-02 00:00:00+08:00,54.0,54.599998474121094,53.5,53.5,244433,0.0,0.0
2025-10-03 00:00:00+08:00,54.0,54.099998474121094,53.099998474121094,53.5,213268,0.0,0.0
2025-10-07 00:00:00+08:00,54.0,54.099998474121094,53.5,53.5,179000,0.0,0.0
2025-10-08 00:00:00+08:00,53.099998474121094,53.099998474121094,52.0,52.5,294001,0.0,0.0
2025-10-09 00:00:00+08:00,54.79999923706055,55.400001525878906,52.099998474121094,52.400001525878906,565175,0.0,0.0
2025-10-13 00:00:00+08:00,48.45000076293945,51.29999923706055,48.45000076293945,50.599998474121094,470005,0.0,0.0
2025-10-14 00:00:00+08:00,51.400001525878906,51.5,49.599998474121094,49.599998474121094,460000,0.0,0.0
2025-10-15 00:00:00+08:00,51.0,51.0,49.70000076293945,50.5,251000,0.0,0.0
2025-10-16 00:00:00+08:00,51.0,51.20000076293945,50.0,50.70000076293945,178001,0.0,0.0
2025-10-17 00:00:00+08:00,50.29999923706055,50.5,49.95000076293945,49.95000076293945,187000,0.0,0.0
2025-10-20 00:00:00+08:00,50.099998474121094,50.20000076293945,49.5,49.70000076293945,191039,0.0,0.0
2025-10-21 00:00:00+08:00,50.599998474121094,51.20000076293945,49.79999923706055,50.900001525878906,230000,0.0,0.0
2025-10-22 00:00:00+08:00,51.29999923706055,51.5,50.20000076293945,50.79999923706055,115400,0.0,0.0
2025-10-23 00:00:00+08:00,50.5,50.79999923706055,50.0,50.29999923706055,129020,0.0,0.0
2025-10-27 00:00:00+08:00,50.400001525878906,50.70000076293945,49.70000076293945,50.0,224013,0.0,0.0
2025-10-28 00:00:00+08:00,50.099998474121094,50.20000076293945,49.0,49.099998474121094,185005,0.0,0.0
2025-10-29 00:00:00+08:00,49.400001525878906,49.45000076293945,48.79999923706055,49.0,247200,0.0,0.0
2025-10-30 00:00:00+08:00,49.25,49.29999923706055,48.599998474121094,49.099998474121094,173000,0.0,0.0
2025-10-31 00:00:00+08:00,49.75,50.400001525878906,49.25,49.900001525878906,392286,0.0,0.0
2025-11-03 00:00:00+08:00,50.29999923706055,52.099998474121094,50.20000076293945,51.400001525878906,372000,0.0,0.0
2025-11-04 00:00:00+08:00,52.29999923706055,52.400001525878906,50.400001525878906,50.5,221000,0.0,0.0
2025-11-05 00:00:00+08:00,49.849998474121094,51.20000076293945,49.70000076293945,50.900001525878906,196200,0.0,0.0
2025-11-06 00:00:00+08:00,51.599998474121094,54.5,51.099998474121094,52.70000076293945,603039,0.0,0.0
2025-11-07 00:00:00+08:00,54.70000076293945,54.900001525878906,51.5,52.70000076293945,751210,0.0,0.0
2025-11-10 00:00:00+08:00,53.599998474121094,53.79999923706055,50.20000076293945,51.20000076293945,478433,0.0,0.0
2025-11-11 00:00:00+08:00,51.900001525878906,52.099998474121094,50.20000076293945,50.20000076293945,257000,0.0,0.0
2025-11-12 00:00:00+08:00,50.5,51.099998474121094,50.29999923706055,50.29999923706055,137040,0.0,0.0
2025-11-13 00:00:00+08:00,50.599998474121094,50.79999923706055,49.20000076293945,49.5,228300,0.0,0.0
2025-11-14 00:00:00+08:00,48.849998474121094,49.70000076293945,47.79999923706055,47.79999923706055,425160,0.0,0.0
2025-11-17 00:00:00+08:00,47.79999923706055,48.5,47.400001525878906,47.70000076293945,274005,0.0,0.0
2025-11-18 00:00:00+08:00,46.849998474121094,47.45000076293945,46.20000076293945,46.79999923706055,310169,0.0,0.0
2025-11-19 00:00:00+08:00,46.650001525878906,47.0,46.20000076293945,46.25,159000,0.0,0.0
2025-11-20 00:00:00+08:00,47.45000076293945,47.70000076293945,46.599998474121094,47.04999923706055,296000,0.0,0.0
2025-11-21 00:00:00+08:00,46.29999923706055,46.900001525878906,45.0,45.0,306000,0.0,0.0
2025-11-24 00:00:00+08:00,45.75,46.150001525878906,45.400001525878906,46.0,137000,0.0,0.0
2025-11-25 00:00:00+08:00,46.150001525878906,47.0,45.79999923706055,45.849998474121094,314200,0.0,0.0
2025-11-26 00:00:00+08:00,46.0,47.0,46.0,46.599998474121094,308133,0.0,0.0
2025-11-27 00:00:00+08:00,47.400001525878906,47.400001525878906,46.0,47.29999923706055,238000,0.0,0.0
2025-11-28 00:00:00+08:00,47.29999923706055,47.29999923706055,46.650001525878906,47.04999923706055,118010,0.0,0.0
2025-12-01 00:00:00+08:00,46.400001525878906,46.849998474121094,45.849998474121094,45.849998474121094,206485,0.0,0.0
2025-12-02 00:00:00+08:00,46.29999923706055,46.29999923706055,45.599998474121094,45.650001525878906,109000,0.0,0.0
2025-12-03 00:00:00+08:00,45.650001525878906,45.900001525878906,45.5,45.650001525878906,86336,0.0,0.0
2025-12-04 00:00:00+08:00,45.900001525878906,46.400001525878906,45.900001525878906,45.900001525878906,105000,0.0,0.0
2025-12-05 00:00:00+08:00,46.599998474121094,46.599998474121094,45.25,45.5,236919,0.0,0.0
2025-12-08 00:00:00+08:00,45.5,45.79999923706055,45.45000076293945,45.650001525878906,88034,0.0,0.0
2025-12-09 00:00:00+08:00,45.650001525878906,46.29999923706055,45.650001525878906,46.29999923706055,163000,0.0,0.0
2025-12-10 00:00:00+08:00,46.650001525878906,47.0,44.400001525878906,44.5,589134,0.0,0.0
2025-12-11 00:00:00+08:00,41.5,42.29999923706055,41.400001525878906,41.70000076293945,517232,0.0,0.0
2025-12-12 00:00:00+08:00,42.04999923706055,42.04999923706055,40.849998474121094,41.29999923706055,334020,0.0,0.0
2025-12-15 00:00:00+08:00,41.29999923706055,41.75,41.25,41.25,193542,0.0,0.0
2025-12-16 00:00:00+08:00,41.25,41.29999923706055,40.20000076293945,41.29999923706055,234210,0.0,0.0
2025-12-17 00:00:00+08:00,41.54999923706055,41.900001525878906,41.150001525878906,41.25,159000,0.0,0.0
2025-12-18 00:00:00+08:00,41.25,41.25,40.45000076293945,40.5,194239,0.0,0.0
2025-12-19 00:00:00+08:00,40.5,41.45000076293945,40.5,41.25,124000,0.0,0.0
2025-12-22 00:00:00+08:00,41.29999923706055,42.20000076293945,41.29999923706055,41.75,162000,0.0,0.0
2025-12-23 00:00:00+08:00,41.400001525878906,41.75,41.0,41.20000076293945,105000,0.0,0.0
2025-12-24 00:00:00+08:00,41.20000076293945,41.25,40.29999923706055,40.54999923706055,173000,0.0,0.0
2025-12-26 00:00:00+08:00,40.95000076293945,41.0,40.5,41.0,86000,0.0,0.0
2025-12-29 00:00:00+08:00,40.900001525878906,41.25,40.54999923706055,41.04999923706055,99060,0.0,0.0
2025-12-30 00:00:00+08:00,40.54999923706055,40.599998474121094,39.79999923706055,40.04999923706055,359739,0.0,0.0
2025-12-31 00:00:00+08:00,40.04999923706055,40.650001525878906,40.0,40.099998474121094,137824,0.0,0.0
2026-01-02 00:00:00+08:00,40.099998474121094,41.150001525878906,40.099998474121094,40.5,167010,0.0,0.0
2026-01-05 00:00:00+08:00,40.79999923706055,40.79999923706055,39.54999923706055,39.95000076293945,234639,0.0,0.0
2026-01-06 00:00:00+08:00,39.0,40.099998474121094,39.0,39.349998474121094,172010,0.0,0.0
2026-01-07 00:00:00+08:00,39.349998474121094,39.70000076293945,39.0,39.400001525878906,170300,0.0,0.0
2026-01-08 00:00:00+08:00,39.70000076293945,39.79999923706055,39.099998474121094,39.349998474121094,129206,0.0,0.0
2026-01-09 00:00:00+08:00,39.400001525878906,41.5,39.400001525878906,41.5,478232,0.0,0.0
2026-01-12 00:00:00+08:00,40.79999923706055,41.25,40.099998474121094,40.5,318100,0.0,0.0
2026-01-13 00:00:00+08:00,41.5,42.29999923706055,41.0,41.650001525878906,351417,0.0,0.0
2026-01-14 00:00:00+08:00,41.29999923706055,41.849998474121094,41.04999923706055,41.650001525878906,168136,0.0,0.0
2026-01-15 00:00:00+08:00,41.599998474121094,41.599998474121094,40.70000076293945,40.75,126000,0.0,0.0
2026-01-16 00:00:00+08:00,41.25,41.95000076293945,40.25,41.150001525878906,255050,0.0,0.0
2026-01-19 00:00:00+08:00,41.45000076293945,41.849998474121094,40.900001525878906,41.25,131689,0.0,0.0
2026-01-20 00:00:00+08:00,41.29999923706055,41.599998474121094,40.95000076293945,41.099998474121094,175271,0.0,0.0
2026-01-21 00:00:00+08:00,41.0,41.04999923706055,40.29999923706055,40.400001525878906,196000,0.0,0.0
2026-01-22 00:00:00+08:00,41.29999923706055,41.29999923706055,40.5,41.04999923706055,121121,0.0,0.0
2026-01-23 00:00:00+08:00,41.04999923706055,41.849998474121094,40.849998474121094,41.75,193000,0.0,0.0
2026-01-26 00:00:00+08:00,41.95000076293945,42.349998474121094,41.70000076293945,41.70000076293945,170000,0.0,0.0
2026-01-27 00:00:00+08:00,41.900001525878906,42.0,41.0,41.0,187000,0.0,0.0
2026-01-28 00:00:00+08:00,41.0,41.20000076293945,40.150001525878906,40.400001525878906,202000,0.0,0.0
2026-01-29 00:00:00+08:00,41.400001525878906,41.400001525878906,39.54999923706055,40.400001525878906,144000,0.0,0.0
2026-01-30 00:00:00+08:00,40.79999923706055,40.79999923706055,39.0,39.150001525878906,274000,0.0,0.0
2026-02-02 00:00:00+08:00,38.5,38.75,37.95000076293945,38.75,227300,0.0,0.0
2026-02-03 00:00:00+08:00,39.099998474121094,39.25,38.29999923706055,38.29999923706055,130000,0.0,0.0
2026-02-04 00:00:00+08:00,38.54999923706055,39.150001525878906,38.25,38.849998474121094,106100,0.0,0.0
2026-02-05 00:00:00+08:00,38.849998474121094,40.0,36.75,38.900001525878906,144002,0.0,0.0
2026-02-06 00:00:00+08:00,39.0,39.0,37.599998474121094,38.0,142350,0.0,0.0
2026-02-09 00:00:00+08:00,39.04999923706055,39.04999923706055,37.70000076293945,38.150001525878906,96000,0.0,0.0
2026-02-10 00:00:00+08:00,38.70000076293945,38.95000076293945,37.79999923706055,38.349998474121094,117020,0.0,0.0
2026-02-11 00:00:00+08:00,38.45000076293945,38.599998474121094,37.70000076293945,38.45000076293945,138000,0.0,0.0
2026-02-23 00:00:00+08:00,38.349998474121094,39.45000076293945,37.900001525878906,39.349998474121094,188060,0.0,0.0
2026-02-24 00:00:00+08:00,39.45000076293945,39.79999923706055,38.5,39.099998474121094,158337,0.0,0.0
2026-02-25 00:00:00+08:00,39.099998474121094,39.29999923706055,38.29999923706055,38.349998474121094,167135,0.0,0.0
2026-02-26 00:00:00+08:00,38.29999923706055,38.79999923706055,38.29999923706055,38.29999923706055,118630,0.0,0.0
2026-03-02 00:00:00+08:00,37.54999923706055,39.25,37.0,39.04999923706055,157000,0.0,0.0
2026-03-03 00:00:00+08:00,39.70000076293945,39.70000076293945,37.099998474121094,37.599998474121094,322351,0.0,0.0
2026-03-04 00:00:00+08:00,37.0,37.0,34.900001525878906,35.349998474121094,313300,0.0,0.0
2026-03-05 00:00:00+08:00,36.0,36.849998474121094,35.54999923706055,36.70000076293945,237135,0.0,0.0
2026-03-06 00:00:00+08:00,36.70000076293945,37.75,36.20000076293945,37.0,123003,0.0,0.0
2026-03-09 00:00:00+08:00,35.75,35.900001525878906,34.099998474121094,35.900001525878906,233000,0.0,0.0
2026-03-10 00:00:00+08:00,36.54999923706055,36.599998474121094,35.79999923706055,36.0,195201,0.0,0.0
2026-03-11 00:00:00+08:00,35.900001525878906,37.20000076293945,35.79999923706055,37.20000076293945,205803,0.0,0.0
2026-03-12 00:00:00+08:00,37.45000076293945,39.0,37.20000076293945,38.95000076293945,334000,0.0,0.0
2026-03-13 00:00:00+08:00,39.0,39.0,38.150001525878906,38.400001525878906,207000,0.0,0.0
2026-03-16 00:00:00+08:00,37.900001525878906,38.849998474121094,37.75,38.45000076293945,137025,0.0,0.0
2026-03-17 00:00:00+08:00,38.599998474121094,38.849998474121094,38.25,38.45000076293945,163100,0.0,0.0
2026-03-18 00:00:00+08:00,38.45000076293945,38.45000076293945,37.400001525878906,37.599998474121094,247020,0.0,0.0
2026-03-19 00:00:00+08:00,37.29999923706055,37.5,36.400001525878906,36.599998474121094,197020,0.0,0.0
2026-03-20 00:00:00+08:00,36.79999923706055,37.0,35.95000076293945,36.150001525878906,100543,0.0,0.0
2026-03-23 00:00:00+08:00,35.400001525878906,36.150001525878906,35.400001525878906,35.70000076293945,109001,0.0,0.0
2026-03-24 00:00:00+08:00,36.45000076293945,36.70000076293945,35.400001525878906,36.650001525878906,187271,0.0,0.0
2026-03-25 00:00:00+08:00,37.20000076293945,38.70000076293945,37.20000076293945,38.54999923706055,358000,0.0,0.0
2026-03-26 00:00:00+08:00,38.650001525878906,39.0,37.79999923706055,38.099998474121094,151000,0.0,0.0
2026-03-27 00:00:00+08:00,37.54999923706055,38.400001525878906,37.400001525878906,38.25,169050,0.0,0.0
2026-03-30 00:00:00+08:00,38.0,38.45000076293945,37.20000076293945,38.0,129480,0.0,0.0
2026-03-31 00:00:00+08:00,38.04999923706055,39.0,37.79999923706055,38.099998474121094,263000,0.0,0.0
2026-04-01 00:00:00+08:00,38.95000076293945,39.599998474121094,38.5,39.349998474121094,176178,0.0,0.0
2026-04-02 00:00:00+08:00,39.349998474121094,39.79999923706055,38.349998474121094,38.900001525878906,230001,0.0,0.0
2026-04-07 00:00:00+08:00,39.0,39.79999923706055,39.0,39.70000076293945,135301,0.0,0.0
2026-04-08 00:00:00+08:00,40.0,40.5,39.79999923706055,40.20000076293945,117407,0.0,0.0
2026-04-09 00:00:00+08:00,41.150001525878906,41.150001525878906,40.0,40.25,191542,0.0,0.0
2026-04-10 00:00:00+08:00,40.099998474121094,40.650001525878906,40.0,40.29999923706055,185075,0.0,0.0
2026-04-13 00:00:00+08:00,41.75,41.75,41.04999923706055,41.650001525878906,256138,0.0,0.0
2026-04-14 00:00:00+08:00,41.75,42.0,40.849998474121094,41.70000076293945,164135,0.0,0.0
2026-04-15 00:00:00+08:00,41.900001525878906,41.900001525878906,40.75,40.95000076293945,168949,0.0,0.0
2026-04-16 00:00:00+08:00,41.25,41.25,40.650001525878906,40.70000076293945,113000,0.0,0.0
2026-04-17 00:00:00+08:00,41.150001525878906,41.79999923706055,40.5,41.54999923706055,205550,0.0,0.0
2026-04-20 00:00:00+08:00,42.0,44.79999923706055,41.599998474121094,43.79999923706055,499295,0.0,0.0
2026-04-21 00:00:00+08:00,44.79999923706055,45.25,43.95000076293945,44.400001525878906,356592,0.0,0.0
2026-04-22 00:00:00+08:00,44.5,44.849998474121094,43.900001525878906,43.900001525878906,243507,0.0,0.0
2026-04-23 00:00:00+08:00,44.20000076293945,44.79999923706055,41.849998474121094,43.650001525878906,324000,0.0,0.0
2026-04-24 00:00:00+08:00,43.95000076293945,44.900001525878906,43.150001525878906,44.45000076293945,240928,0.0,0.0
2026-04-27 00:00:00+08:00,44.45000076293945,44.79999923706055,43.150001525878906,43.54999923706055,238000,0.0,0.0
2026-04-28 00:00:00+08:00,43.599998474121094,46.45000076293945,43.0,45.20000076293945,424210,0.0,0.0
2026-04-29 00:00:00+08:00,45.20000076293945,45.79999923706055,44.45000076293945,44.599998474121094,207135,0.0,0.0
2026-04-30 00:00:00+08:00,44.599998474121094,45.75,44.400001525878906,44.400001525878906,153000,0.0,0.0
2026-05-04 00:00:00+08:00,44.650001525878906,44.650001525878906,42.599998474121094,42.95000076293945,258617,0.0,0.0
2026-05-05 00:00:00+08:00,42.70000076293945,43.95000076293945,42.54999923706055,43.70000076293945,179000,0.0,0.0
2026-05-06 00:00:00+08:00,43.70000076293945,44.95000076293945,43.599998474121094,44.20000076293945,220542,0.0,0.0
2026-05-07 00:00:00+08:00,44.25,44.25,42.79999923706055,42.95000076293945,160795,0.0,0.0
2026-05-08 00:00:00+08:00,42.5,45.45000076293945,42.25,45.150001525878906,542000,0.0,0.0
2026-05-11 00:00:00+08:00,46.5,48.54999923706055,44.849998474121094,47.0,799735,0.0,0.0
2026-05-12 00:00:00+08:00,47.599998474121094,48.349998474121094,46.5,46.5,781006,0.0,0.0
2026-05-13 00:00:00+08:00,46.5,46.849998474121094,45.0,45.04999923706055,367000,0.0,0.0
2026-05-14 00:00:00+08:00,45.400001525878906,45.599998474121094,43.849998474121094,44.099998474121094,326000,0.0,0.0
2026-05-15 00:00:00+08:00,44.45000076293945,44.79999923706055,43.400001525878906,43.400001525878906,272627,0.0,0.0
2026-05-18 00:00:00+08:00,42.75,44.79999923706055,42.400001525878906,42.70000076293945,252056,0.0,0.0
2026-05-19 00:00:00+08:00,43.0,43.0,42.25,42.599998474121094,113150,0.0,0.0
2026-05-20 00:00:00+08:00,42.54999923706055,42.849998474121094,41.650001525878906,41.900001525878906,137000,0.0,0.0
2026-05-21 00:00:00+08:00,42.54999923706055,43.5,41.79999923706055,42.150001525878906,252251,0.0,0.0
2026-05-22 00:00:00+08:00,42.79999923706055,43.29999923706055,42.5,43.20000076293945,205250,0.0,0.0
2026-05-25 00:00:00+08:00,43.599998474121094,44.400001525878906,42.70000076293945,44.0,353000,0.0,0.0
2026-05-26 00:00:00+08:00,44.0,44.20000076293945,41.650001525878906,41.75,363200,0.0,0.0
2026-05-27 00:00:00+08:00,41.900001525878906,42.25,38.900001525878906,39.099998474121094,481051,0.0,0.0
2026-05-28 00:00:00+08:00,39.099998474121094,39.54999923706055,38.04999923706055,38.5,258086,0.0,0.0
2026-05-29 00:00:00+08:00,39.0,39.0,38.0,38.400001525878906,169300,0.0,0.0
2026-06-01 00:00:00+08:00,39.0,39.70000076293945,38.599998474121094,39.099998474121094,270523,0.0,0.0
2026-06-02 00:00:00+08:00,39.099998474121094,39.099998474121094,38.04999923706055,38.599998474121094,243000,0.0,0.0
2026-06-03 00:00:00+08:00,39.70000076293945,40.70000076293945,39.29999923706055,40.150001525878906,295170,0.0,0.0
2026-06-04 00:00:00+08:00,40.5,41.29999923706055,39.5,40.150001525878906,224050,0.0,0.0
2026-06-05 00:00:00+08:00,39.849998474121094,39.849998474121094,38.75,39.099998474121094,205050,0.0,0.0
2026-06-08 00:00:00+08:00,36.599998474121094,38.5,36.400001525878906,38.20000076293945,180032,0.0,0.0
2026-06-09 00:00:00+08:00,38.20000076293945,38.70000076293945,37.79999923706055,37.849998474121094,120036,0.0,0.0
2026-06-10 00:00:00+08:00,37.79999923706055,38.349998474121094,36.95000076293945,37.0,135047,0.0,0.0
2026-06-11 00:00:00+08:00,37.0,37.54999923706055,36.29999923706055,37.54999923706055,201000,0.0,0.0
2026-06-12 00:00:00+08:00,38.25,38.25,37.70000076293945,37.95000076293945,124357,0.0,0.0
2026-06-15 00:00:00+08:00,38.20000076293945,38.599998474121094,37.70000076293945,37.79999923706055,137010,0.0,0.0
2026-06-16 00:00:00+08:00,38.29999923706055,38.29999923706055,37.5,37.79999923706055,90357,0.0,0.0
2026-06-17 00:00:00+08:00,37.650001525878906,38.5,37.45000076293945,38.25,183000,0.0,0.0
2026-06-18 00:00:00+08:00,38.900001525878906,38.900001525878906,38.25,38.400001525878906,80000,0.0,0.0
2026-06-22 00:00:00+08:00,38.5,38.70000076293945,37.400001525878906,37.70000076293945,211041,0.0,0.0
2026-06-23 00:00:00+08:00,37.70000076293945,37.70000076293945,37.0,37.04999923706055,153000,0.0,0.0
2026-06-24 00:00:00+08:00,36.79999923706055,37.349998474121094,36.79999923706055,37.04999923706055,82100,0.0,0.0
2026-06-25 00:00:00+08:00,37.04999923706055,37.45000076293945,36.75,36.75,100000,0.0,0.0
2026-06-26 00:00:00+08:00,36.650001525878906,37.25,36.0,36.95000076293945,178000,0.0,0.0
2026-06-29 00:00:00+08:00,36.95000076293945,38.79999923706055,36.79999923706055,38.650001525878906,270000,0.0,0.0
2026-06-30 00:00:00+08:00,39.0,42.25,37.70000076293945,41.70000076293945,1451522,0.0,0.0
2026-07-01 00:00:00+08:00,42.29999923706055,42.650001525878906,41.5,42.04999923706055,844376,0.0,0.0
2026-07-02 00:00:00+08:00,41.099998474121094,44.70000076293945,41.099998474121094,44.29999923706055,729100,0.0,0.0
2026-07-03 00:00:00+08:00,44.54999923706055,46.400001525878906,44.349998474121094,45.95000076293945,880005,0.0,0.0
2026-07-06 00:00:00+08:00,46.75,48.04999923706055,45.75,46.099998474121094,940580,0.0,0.0
2026-07-07 00:00:00+08:00,47.099998474121094,47.400001525878906,43.29999923706055,43.29999923706055,604020,0.0,0.0
2026-07-08 00:00:00+08:00,43.29999923706055,44.400001525878906,42.5,43.599998474121094,316000,0.0,0.0
2026-07-09 00:00:00+08:00,43.900001525878906,44.0,42.54999923706055,43.099998474121094,209540,0.0,0.0
2026-07-10 00:00:00+08:00,43.099998474121094,43.099998474121094,43.099998474121094,43.099998474121094,0,0.0,0.0
2026-07-13 00:00:00+08:00,39.95000076293945,40.95000076293945,39.04999923706055,39.75,553000,0.0,0.0
2026-07-14 00:00:00+08:00,39.95000076293945,40.45000076293945,37.099998474121094,39.150001525878906,298136,0.0,0.0
2026-07-15 00:00:00+08:00,39.650001525878906,39.650001525878906,38.45000076293945,39.0,160260,0.0,0.0
2026-07-16 00:00:00+08:00,39.25,39.25,38.25,38.70000076293945,72000,0.0,0.0
2026-07-17 00:00:00+08:00,37.650001525878906,38.0,36.0,36.0,418500,0.0,0.0
2026-07-20 00:00:00+08:00,36.0,36.5,34.849998474121094,35.95000076293945,218000,0.0,0.0
2026-07-21 00:00:00+08:00,35.45000076293945,36.849998474121094,35.45000076293945,36.599998474121094,90000,0.0,0.0
2026-07-22 00:00:00+08:00,36.79999923706055,38.25,36.599998474121094,38.04999923706055,237038,0.0,0.0
2026-07-23 00:00:00+08:00,38.0,38.79999923706055,37.150001525878906,37.150001525878906,147000,0.0,0.0
2026-07-24 00:00:00+08:00,37.29999923706055,37.29999923706055,36.349998474121094,36.45000076293945,147500,0.0,0.0
