Date,Open,High,Low,Close,Volume,Dividends,Stock Splits
2000-01-03 00:00:00+08:00,0.2031030363116405,0.21048860251903534,0.2031030363116405,0.21048860251903534,73750,0.0,0.0
2000-01-04 00:00:00+08:00,0.2104886021362664,0.2104886021362664,0.19941025972366333,0.19941025972366333,146250,0.0,0.0
2000-01-05 00:00:00+08:00,0.1772535737289875,0.18833191692829132,0.1772535737289875,0.18833191692829132,113750,0.0,0.0
2000-01-06 00:00:00+08:00,0.1901783204919337,0.1901783204919337,0.18463914864631503,0.18648554384708405,116250,0.0,0.0
2000-01-07 00:00:00+08:00,0.1864855355661992,0.18833191692829132,0.1846391404474193,0.18833191692829132,31250,0.0,0.0
2000-01-10 00:00:00+08:00,0.19017832742724836,0.19202472269535065,0.18833193215914606,0.19202472269535065,43750,0.0,0.0
2000-01-11 00:00:00+08:00,0.19202472269535065,0.19202472269535065,0.18833193215914606,0.19202472269535065,122500,0.0,0.0
2000-01-12 00:00:00+08:00,0.18833190986116558,0.1901783049106598,0.18833190986116558,0.1901783049106598,15000,0.0,0.0
2000-01-13 00:00:00+08:00,0.18648554384708405,0.18648554384708405,0.18463914864631503,0.18648554384708405,50000,0.0,0.0
2000-01-14 00:00:00+08:00,0.1883319252911647,0.1883319252911647,0.18463914864631503,0.18648554384708405,47500,0.0,0.0
2000-01-17 00:00:00+08:00,0.18648554337334292,0.18648554337334292,0.1827927529811859,0.1827927529811859,46250,0.0,0.0
2000-01-18 00:00:00+08:00,0.18094634340797328,0.18094634340797328,0.17909996211528778,0.17909996211528778,10000,0.0,0.0
2000-01-19 00:00:00+08:00,0.18094634340797328,0.18094634340797328,0.17909996211528778,0.17909996211528778,35000,0.0,0.0
2000-01-20 00:00:00+08:00,0.1827927529811859,0.1827927529811859,0.1827927529811859,0.1827927529811859,13750,0.0,0.0
2000-01-21 00:00:00+08:00,0.18094632029533386,0.18094632029533386,0.18094632029533386,0.18094632029533386,2500,0.0,0.0
2000-01-24 00:00:00+08:00,0.18463910992239185,0.18463910992239185,0.18094632029533386,0.18094632029533386,52500,0.0,0.0
2000-01-25 00:00:00+08:00,0.17909993923849035,0.18279271510886286,0.17909993923849035,0.18094632029533386,62500,0.0,0.0
2000-01-26 00:00:00+08:00,0.18094634340797328,0.18094634340797328,0.17909996211528778,0.17909996211528778,67500,0.0,0.0
2000-01-27 00:00:00+08:00,0.18094632029533386,0.18094632029533386,0.17909993923849035,0.18094632029533386,55000,0.0,0.0
2000-01-28 00:00:00+08:00,0.18094632029533386,0.18094632029533386,0.17725354442496136,0.18094632029533386,48750,0.0,0.0
2000-01-31 00:00:00+08:00,0.1790999541995249,0.18094633541060504,0.17725355923175812,0.17725355923175812,40000,0.0,0.0
2000-02-01 00:00:00+08:00,0.17725355923175812,0.1790999541995249,0.17725355923175812,0.17725355923175812,22500,0.0,0.0
2000-02-02 00:00:00+08:00,0.18094634340797328,0.18094634340797328,0.17909996211528778,0.17909996211528778,0,0.0,0.0
2000-02-03 00:00:00+08:00,0.17909996211528778,0.17909996211528778,0.17909996211528778,0.17909996211528778,36250,0.0,0.0
2000-02-04 00:00:00+08:00,0.18094632029533386,0.18094632029533386,0.18094632029533386,0.18094632029533386,27500,0.0,0.0
2000-02-07 00:00:00+08:00,0.18094632029533386,0.18094632029533386,0.18094632029533386,0.18094632029533386,0,0.0,0.0
2000-02-08 00:00:00+08:00,0.18094632029533386,0.18279271510886286,0.17725354442496136,0.18094632029533386,25000,0.0,0.0
2000-02-09 00:00:00+08:00,0.18279273037837182,0.18279273037837182,0.17725355923175812,0.17725355923175812,80000,0.0,0.0
2000-02-10 00:00:00+08:00,0.17909996211528778,0.17909996211528778,0.17909996211528778,0.17909996211528778,17500,0.0,0.0
2000-02-11 00:00:00+08:00,0.17725354442496136,0.18463910992239185,0.17725354442496136,0.18094632029533386,72500,0.0,0.0
2000-02-14 00:00:00+08:00,0.18279273245805328,0.2197205634500934,0.18279273245805328,0.21418137848377228,1056250,0.0,0.0
2000-02-15 00:00:00+08:00,0.21787416872643015,0.22341333994280455,0.20679582629368132,0.21048860251903534,688750,0.0,0.0
2000-02-16 00:00:00+08:00,0.21418141803468738,0.21418141803468738,0.19387111067771912,0.19387111067771912,156250,0.0,0.0
2000-02-17 00:00:00+08:00,0.19756390896224174,0.19756390896224174,0.19387111816025582,0.19571751356124878,46250,0.0,0.0
2000-02-18 00:00:00+08:00,0.19387110420676407,0.19571749947486639,0.19202472269535065,0.19202472269535065,113750,0.0,0.0
2000-02-21 00:00:00+08:00,0.1938710564766659,0.19571745129019488,0.18094632029533386,0.18094632029533386,160000,0.0,0.0
2000-02-22 00:00:00+08:00,0.18094634261659479,0.18094634261659479,0.17171439492348195,0.17540717124938965,221250,0.0,0.0
2000-02-23 00:00:00+08:00,0.17356079163453436,0.17725358204535208,0.16986801498040505,0.1717144101858139,201250,0.0,0.0
2000-02-24 00:00:00+08:00,0.17540719519195513,0.17540719519195513,0.1661752462387085,0.1661752462387085,160000,0.0,0.0
2000-02-25 00:00:00+08:00,0.1661752462387085,0.17356079989863019,0.1661752462387085,0.1661752462387085,23750,0.0,0.0
2000-02-28 00:00:00+08:00,0.1643288581387406,0.16617525351288995,0.1606360673904419,0.1606360673904419,123750,0.0,0.0
2000-02-29 00:00:00+08:00,0.16617525351288995,0.16617525351288995,0.1606360673904419,0.1606360673904419,17500,0.0,0.0
2000-03-01 00:00:00+08:00,0.15878964960575104,0.15878964960575104,0.15878964960575104,0.15878964960575104,27500,0.0,0.0
2000-03-02 00:00:00+08:00,0.1606360673904419,0.16248246276459125,0.1606360673904419,0.1606360673904419,61250,0.0,0.0
2000-03-03 00:00:00+08:00,0.15694323860348278,0.15694323860348278,0.1550968438386917,0.1550968438386917,25000,0.0,0.0
2000-03-06 00:00:00+08:00,0.15509686578352405,0.15509686578352405,0.15140408948813192,0.15325047075748444,86250,0.0,0.0
2000-03-07 00:00:00+08:00,0.15140408277511597,0.1532504639626029,0.1495576878309426,0.15140408277511597,38750,0.0,0.0
2000-03-08 00:00:00+08:00,0.15140408277511597,0.1550968589067763,0.15140408277511597,0.15140408277511597,37500,0.0,0.0
2000-03-09 00:00:00+08:00,0.1550968950246835,0.16248246276459125,0.1550968950246835,0.1606360673904419,68750,0.0,0.0
2000-03-10 00:00:00+08:00,0.15878968491366952,0.16802163422107697,0.15878968491366952,0.16802163422107697,70000,0.0,0.0
2000-03-13 00:00:00+08:00,0.1717144180668797,0.1717144180668797,0.16248245537281036,0.16248245537281036,128750,0.0,0.0
2000-03-14 00:00:00+08:00,0.16248246382770587,0.16248246382770587,0.1550968960394747,0.15694329142570496,6250,0.0,0.0
2000-03-15 00:00:00+08:00,0.1550968596985524,0.1606360308026638,0.1550968596985524,0.15878964960575104,40000,0.0,0.0
2000-03-16 00:00:00+08:00,0.15878964960575104,0.15878964960575104,0.15878964960575104,0.15878964960575104,0,0.0,0.0
2000-03-17 00:00:00+08:00,0.16617525351288995,0.16617525351288995,0.15878968577298222,0.1606360673904419,42500,0.0,0.0
2000-03-20 00:00:00+08:00,0.15878968681193517,0.16063606844147565,0.15694329142570496,0.15694329142570496,68750,0.0,0.0
2000-03-21 00:00:00+08:00,0.15694328352877276,0.1717144183619943,0.15694328352877276,0.1661752462387085,162500,0.0,0.0
2000-03-22 00:00:00+08:00,0.16986802220344543,0.1735607990145971,0.16986802220344543,0.16986802220344543,256250,0.0,0.0
2000-03-23 00:00:00+08:00,0.16802163422107697,0.16802163422107697,0.16802163422107697,0.16802163422107697,20000,0.0,0.0
2000-03-24 00:00:00+08:00,0.16617524595311373,0.16802162748657634,0.16248245537281036,0.16248245537281036,36250,0.0,0.0
2000-03-27 00:00:00+08:00,0.16248246276459125,0.16248246276459125,0.1606360673904419,0.1606360673904419,26250,0.0,0.0
2000-03-28 00:00:00+08:00,0.15878964960575104,0.1606360308026638,0.15878964960575104,0.15878964960575104,65000,0.0,0.0
2000-03-29 00:00:00+08:00,0.15878964960575104,0.15878964960575104,0.1569432546521517,0.15878964960575104,27500,0.0,0.0
2000-03-30 00:00:00+08:00,0.15878964960575104,0.15878964960575104,0.15878964960575104,0.15878964960575104,8750,0.0,0.0
2000-03-31 00:00:00+08:00,0.1550968438386917,0.1550968438386917,0.1550968438386917,0.1550968438386917,6250,0.0,0.0
2000-04-03 00:00:00+08:00,0.1624824249267834,0.1624824249267834,0.15140408277511597,0.15140408277511597,0,0.0,0.0
2000-04-04 00:00:00+08:00,0.16248244867914144,0.16248244867914144,0.1495577096939087,0.1495577096939087,0,0.0,0.0
2000-04-05 00:00:00+08:00,0.15325048636539443,0.15325048636539443,0.1495577096939087,0.1495577096939087,18750,0.0,0.0
2000-04-06 00:00:00+08:00,0.15140408277511597,0.15140408277511597,0.1495576878309426,0.15140408277511597,17500,0.0,0.0
2000-04-07 00:00:00+08:00,0.15140408277511597,0.15140408277511597,0.15140408277511597,0.15140408277511597,6250,0.0,0.0
2000-04-10 00:00:00+08:00,0.15140408948813192,0.15325047075748444,0.15140408948813192,0.15325047075748444,42500,0.0,0.0
2000-04-11 00:00:00+08:00,0.14771130681037903,0.14771130681037903,0.14771130681037903,0.14771130681037903,2500,0.0,0.0
2000-04-12 00:00:00+08:00,0.1495577019285979,0.1495577019285979,0.14771130681037903,0.14771130681037903,26250,0.0,0.0
2000-04-13 00:00:00+08:00,0.14586492544884794,0.14771130681037903,0.14586492544884794,0.14771130681037903,18750,0.0,0.0
2000-04-14 00:00:00+08:00,0.14401853033062906,0.15325047840834788,0.14401853033062906,0.14771130681037903,55000,0.0,0.0
2000-04-17 00:00:00+08:00,0.1477113144798216,0.1495577096939087,0.1477113144798216,0.1495577096939087,21250,0.0,0.0
2000-04-18 00:00:00+08:00,0.15325047075748444,0.15509686578352405,0.15325047075748444,0.15325047075748444,66250,0.0,0.0
2000-04-19 00:00:00+08:00,0.1477113073385975,0.1477113073385975,0.1440185308456421,0.1440185308456421,13750,0.0,0.0
2000-04-20 00:00:00+08:00,0.14586491882801056,0.14771130010573405,0.14586491882801056,0.14586491882801056,12500,0.0,0.0
2000-04-21 00:00:00+08:00,0.14586491882801056,0.14586491882801056,0.14586491882801056,0.14586491882801056,0,0.0,0.0
2000-04-24 00:00:00+08:00,0.14586491882801056,0.14586491882801056,0.14586491882801056,0.14586491882801056,7500,0.0,0.0
2000-04-25 00:00:00+08:00,0.14771129100447516,0.14771129100447516,0.14032572507858276,0.14032572507858276,0,0.0,0.0
2000-04-26 00:00:00+08:00,0.1477113144798216,0.1495577096939087,0.1477113144798216,0.1495577096939087,38750,0.0,0.0
2000-04-27 00:00:00+08:00,0.14401853033062906,0.14771130681037903,0.14401853033062906,0.14771130681037903,45000,0.0,0.0
2000-04-28 00:00:00+08:00,0.14401851675510888,0.15140408277511597,0.14401851675510888,0.15140408277511597,37500,0.0,0.0
2000-05-01 00:00:00+08:00,0.15140408277511597,0.15140408277511597,0.15140408277511597,0.15140408277511597,0,0.0,0.0
2000-05-02 00:00:00+08:00,0.1514040680657947,0.1550968438386917,0.1514040680657947,0.1550968438386917,31250,0.0,0.0
2000-05-03 00:00:00+08:00,0.16248240914117085,0.16248240914117085,0.1514040680657947,0.1550968438386917,57500,0.0,0.0
2000-05-04 00:00:00+08:00,0.15878968577298222,0.1606360673904419,0.15878968577298222,0.1606360673904419,11250,0.0,0.0
2000-05-05 00:00:00+08:00,0.16248240914117085,0.16248240914117085,0.1550968438386917,0.1550968438386917,16250,0.0,0.0
2000-05-08 00:00:00+08:00,0.16248241867967309,0.16432881355285645,0.16063602380648973,0.16432881355285645,27500,0.0,0.0
2000-05-09 00:00:00+08:00,0.16432881355285645,0.16432881355285645,0.16432881355285645,0.16432881355285645,0,0.0,0.0
2000-05-10 00:00:00+08:00,0.15878967854919607,0.16248245537281036,0.15878967854919607,0.16248245537281036,18750,0.0,0.0
2000-05-11 00:00:00+08:00,0.1495577096939087,0.1495577096939087,0.1495577096939087,0.1495577096939087,2500,0.0,0.0
2000-05-12 00:00:00+08:00,0.15509685693036754,0.15509685693036754,0.14032572507858276,0.14032572507858276,141250,0.0,0.0
2000-05-15 00:00:00+08:00,0.14955768592511984,0.14955768592511984,0.14032572507858276,0.14032572507858276,71250,0.0,0.0
2000-05-16 00:00:00+08:00,0.1477113302410536,0.1495577256521565,0.14217215776443481,0.14217215776443481,27500,0.0,0.0
2000-05-17 00:00:00+08:00,0.14217213572082046,0.1477113073385975,0.14217213572082046,0.1440185308456421,33750,0.0,0.0
2000-05-18 00:00:00+08:00,0.1440185308456421,0.1440185308456421,0.1440185308456421,0.1440185308456421,0,0.0,0.0
2000-05-19 00:00:00+08:00,0.14032573985258023,0.14032573985258023,0.1329401731491089,0.1329401731491089,16250,0.0,0.0
2000-05-22 00:00:00+08:00,0.14401853075284696,0.14586492587647887,0.13663296401500702,0.13663296401500702,127500,0.0,0.0
2000-05-23 00:00:00+08:00,0.13663296401500702,0.13663296401500702,0.13663296401500702,0.13663296401500702,0,0.0,0.0
2000-05-24 00:00:00+08:00,0.14401850276331557,0.1550968438386917,0.14032571323373344,0.1550968438386917,738750,0.0,0.0
2000-05-25 00:00:00+08:00,0.14771129288676918,0.15140408277511597,0.1403257268667621,0.15140408277511597,78750,0.0,0.0
2000-05-26 00:00:00+08:00,0.1403257400941913,0.14771130681037903,0.1384793587326602,0.14771130681037903,178750,0.0,0.0
2000-05-29 00:00:00+08:00,0.14771130681037903,0.14771130681037903,0.13663296361444133,0.14771130681037903,75000,0.0,0.0
2000-05-30 00:00:00+08:00,0.14771130681037903,0.14771130681037903,0.14771130681037903,0.14771130681037903,0,0.0,0.0
2000-05-31 00:00:00+08:00,0.13109379240079902,0.13663296401500702,0.13109379240079902,0.13663296401500702,7500,0.0,0.0
2000-06-01 00:00:00+08:00,0.13663296401500702,0.13663296401500702,0.13663296401500702,0.13663296401500702,6250,0.0,0.0
2000-06-02 00:00:00+08:00,0.14032574050558308,0.14217213562921502,0.13663296401500702,0.13663296401500702,40000,0.0,0.0
2000-06-05 00:00:00+08:00,0.14586492587647887,0.14586492587647887,0.13663296401500702,0.13663296401500702,7500,0.0,0.0
2000-06-06 00:00:00+08:00,0.14032572507858276,0.14032572507858276,0.14032572507858276,0.14032572507858276,6250,0.0,0.0
2000-06-07 00:00:00+08:00,0.14401849061787061,0.14401849061787061,0.13478653132915497,0.13478653132915497,0,0.0,0.0
2000-06-08 00:00:00+08:00,0.14217215776443481,0.14217215776443481,0.14217215776443481,0.14217215776443481,6250,0.0,0.0
2000-06-09 00:00:00+08:00,0.14217213562921502,0.14217213562921502,0.13663296401500702,0.13663296401500702,0,0.0,0.0
2000-06-12 00:00:00+08:00,0.14217213562921502,0.14217213562921502,0.13663296401500702,0.13663296401500702,0,0.0,0.0
2000-06-13 00:00:00+08:00,0.14217213496762002,0.14217213496762002,0.1329401731491089,0.1329401731491089,0,0.0,0.0
2000-06-14 00:00:00+08:00,0.14032574050558308,0.14032574050558308,0.13663296401500702,0.13663296401500702,0,0.0,0.0
2000-06-15 00:00:00+08:00,0.13663296401500702,0.13663296401500702,0.13663296401500702,0.13663296401500702,6250,0.0,0.0
2000-06-16 00:00:00+08:00,0.1403257623533319,0.14401855317553772,0.1403257623533319,0.14217215776443481,26250,0.0,0.0
2000-06-19 00:00:00+08:00,0.13663296401500702,0.13663296401500702,0.13663296401500702,0.13663296401500702,6250,0.0,0.0
2000-06-20 00:00:00+08:00,0.13478653132915497,0.13478653132915497,0.13478653132915497,0.13478653132915497,6250,0.0,0.0
2000-06-21 00:00:00+08:00,0.1310938149690628,0.1310938149690628,0.1310938149690628,0.1310938149690628,32500,0.0,0.0
2000-06-22 00:00:00+08:00,0.13294019665386805,0.13294019665386805,0.1310938149690628,0.1310938149690628,10000,0.0,0.0
2000-06-23 00:00:00+08:00,0.13663294816425306,0.13663294816425306,0.12924738228321075,0.12924738228321075,0,0.0,0.0
2000-06-26 00:00:00+08:00,0.13663294816425306,0.13663294816425306,0.12924738228321075,0.12924738228321075,0,0.0,0.0
2000-06-27 00:00:00+08:00,0.13478655325482092,0.13478655325482092,0.1255546062210327,0.12924738228321075,36250,0.0,0.0
2000-06-28 00:00:00+08:00,0.13663294899397974,0.14032572507858276,0.13663294899397974,0.14032572507858276,7500,0.0,0.0
2000-06-29 00:00:00+08:00,0.14217211999922744,0.1440185149198721,0.14032572507858276,0.14032572507858276,13750,0.0,0.0
2000-06-30 00:00:00+08:00,0.14032572507858276,0.14032572507858276,0.14032572507858276,0.14032572507858276,11250,0.0,0.0
2000-07-03 00:00:00+08:00,0.14217211999922744,0.14217211999922744,0.14032572507858276,0.14032572507858276,21250,0.0,0.0
2000-07-04 00:00:00+08:00,0.1384793519973755,0.1384793519973755,0.1384793519973755,0.1384793519973755,10000,0.0,0.0
2000-07-05 00:00:00+08:00,0.13847938069891894,0.14217215776443481,0.13847938069891894,0.14217215776443481,10000,0.0,0.0
2000-07-06 00:00:00+08:00,0.14217215776443481,0.14217215776443481,0.14217215776443481,0.14217215776443481,6250,0.0,0.0
2000-07-07 00:00:00+08:00,0.14217213572082046,0.1440185308456421,0.14217213572082046,0.1440185308456421,16250,0.0,0.0
2000-07-10 00:00:00+08:00,0.14586494858664062,0.1477113302410536,0.14217215776443481,0.14217215776443481,50000,0.0,0.0
2000-07-11 00:00:00+08:00,0.14032574059599884,0.1440185308456421,0.13663296410304343,0.1440185308456421,42500,0.0,0.0
2000-07-12 00:00:00+08:00,0.14401852379359992,0.14586491882801056,0.14401852379359992,0.14586491882801056,8750,0.0,0.0
2000-07-13 00:00:00+08:00,0.1440185149198721,0.1440185149198721,0.14032572507858276,0.14032572507858276,0,0.0,0.0
2000-07-14 00:00:00+08:00,0.14032573326910328,0.14032573326910328,0.1384793519973755,0.1384793519973755,10000,0.0,0.0
2000-07-17 00:00:00+08:00,0.1384793519973755,0.1384793519973755,0.1384793519973755,0.1384793519973755,18750,0.0,0.0
2000-07-18 00:00:00+08:00,0.14032573985258023,0.14032573985258023,0.1329401731491089,0.1329401731491089,0,0.0,0.0
2000-07-19 00:00:00+08:00,0.14032573985258023,0.14032573985258023,0.1329401731491089,0.1329401731491089,0,0.0,0.0
2000-07-20 00:00:00+08:00,0.14401849061787061,0.14401849061787061,0.13478653132915497,0.13478653132915497,0,0.0,0.0
2000-07-21 00:00:00+08:00,0.1329401731491089,0.1329401731491089,0.1329401731491089,0.1329401731491089,21250,0.0,0.0
2000-07-24 00:00:00+08:00,0.13478656826414867,0.13478656826414867,0.1329401731491089,0.1329401731491089,12500,0.0,0.0
2000-07-25 00:00:00+08:00,0.1329401731491089,0.1329401731491089,0.13109379179075686,0.1329401731491089,15000,0.0,0.0
2000-07-26 00:00:00+08:00,0.13847938297835438,0.13847938297835438,0.1310938149690628,0.1310938149690628,0,0.0,0.0
2000-07-27 00:00:00+08:00,0.1310938149690628,0.1310938149690628,0.1310938149690628,0.1310938149690628,7500,0.0,0.0
2000-07-28 00:00:00+08:00,0.12924741952756735,0.1310938149690628,0.12924741952756735,0.1310938149690628,8750,0.0,0.0
2000-07-31 00:00:00+08:00,0.1310938149690628,0.1310938149690628,0.1310938149690628,0.1310938149690628,25000,0.0,0.0
2000-08-01 00:00:00+08:00,0.1329401731491089,0.1329401731491089,0.1329401731491089,0.1329401731491089,21250,0.0,0.0
2000-08-02 00:00:00+08:00,0.1329401731491089,0.1329401731491089,0.1329401731491089,0.1329401731491089,1250,0.0,0.0
2000-08-03 00:00:00+08:00,0.13478656889137508,0.13663296401500702,0.13478656889137508,0.13663296401500702,40000,0.0,0.0
2000-08-04 00:00:00+08:00,0.1366329259382349,0.1366329259382349,0.13478653132915497,0.13478653132915497,0,0.0,0.0
2000-08-07 00:00:00+08:00,0.13663296401500702,0.13663296401500702,0.13663296401500702,0.13663296401500702,42500,0.0,0.0
2000-08-08 00:00:00+08:00,0.13663298753685893,0.13663298753685893,0.1310938149690628,0.1310938149690628,0,0.0,0.0
2000-08-09 00:00:00+08:00,0.1310938149690628,0.1310938149690628,0.1310938149690628,0.1310938149690628,0,0.0,0.0
2000-08-10 00:00:00+08:00,0.13294017376774314,0.13663296401500702,0.13294017376774314,0.13663296401500702,62500,0.0,0.0
2000-08-11 00:00:00+08:00,0.13109379179075686,0.1329401731491089,0.13109379179075686,0.1329401731491089,22500,0.0,0.0
2000-08-14 00:00:00+08:00,0.13294013672007504,0.13478653132915497,0.13294013672007504,0.13478653132915497,10000,0.0,0.0
2000-08-15 00:00:00+08:00,0.1329401731491089,0.1329401731491089,0.1329401731491089,0.1329401731491089,8750,0.0,0.0
2000-08-16 00:00:00+08:00,0.1329401731491089,0.1329401731491089,0.1329401731491089,0.1329401731491089,1250,0.0,0.0
2000-08-17 00:00:00+08:00,0.12924739667571708,0.1329401731491089,0.12740100156067732,0.1329401731491089,113750,0.0,0.0
2000-08-18 00:00:00+08:00,0.13294013672007504,0.13478653132915497,0.13294013672007504,0.13478653132915497,32500,0.0,0.0
2000-08-21 00:00:00+08:00,0.1310937771926429,0.1310937771926429,0.12924738228321075,0.12924738228321075,0,0.0,0.0
2000-08-22 00:00:00+08:00,0.12740100156067732,0.1329401731491089,0.12740100156067732,0.1329401731491089,32500,0.0,0.0
2000-08-23 00:00:00+08:00,0.12924738228321075,0.12924738228321075,0.12924738228321075,0.12924738228321075,25000,0.0,0.0
2000-08-24 00:00:00+08:00,0.12924738228321075,0.12924738228321075,0.12924738228321075,0.12924738228321075,71250,0.0,0.0
2000-08-25 00:00:00+08:00,0.12924738228321075,0.12924738228321075,0.12740098737377864,0.12924738228321075,37500,0.0,0.0
2000-08-28 00:00:00+08:00,0.12924737419354634,0.12924737419354634,0.1274009793996811,0.1274009793996811,42500,0.0,0.0
2000-08-29 00:00:00+08:00,0.125554621219635,0.125554621219635,0.125554621219635,0.125554621219635,2500,0.0,0.0
2000-08-30 00:00:00+08:00,0.12370821833610535,0.12370821833610535,0.12370821833610535,0.12370821833610535,5000,0.0,0.0
2000-08-31 00:00:00+08:00,0.12370823303802524,0.12370823303802524,0.12186183780431747,0.12186183780431747,45000,0.0,0.0
2000-09-01 00:00:00+08:00,0.12370823283265343,0.12370823283265343,0.11447627043612948,0.12001544237136841,18750,0.0,0.0
2000-09-04 00:00:00+08:00,0.1218618155233871,0.1218618155233871,0.11816903948783875,0.11816903948783875,15000,0.0,0.0
2000-09-05 00:00:00+08:00,0.12001542062726986,0.12001542062726986,0.11816903948783875,0.11816903948783875,0,0.0,0.0
2000-09-06 00:00:00+08:00,0.11816906089741451,0.12001544237136841,0.11816906089741451,0.12001544237136841,23750,0.0,0.0
2000-09-07 00:00:00+08:00,0.11447624117136002,0.11447624117136002,0.11447624117136002,0.11447624117136002,22500,0.0,0.0
2000-09-08 00:00:00+08:00,0.11632263592998915,0.11632263592998915,0.11447624117136002,0.11447624117136002,16250,0.0,0.0
2000-09-11 00:00:00+08:00,0.1181690616496024,0.1181690616496024,0.11078348755836487,0.11078348755836487,0,0.0,0.0
2000-09-12 00:00:00+08:00,0.11816906089741451,0.12186183760201093,0.11816906089741451,0.12001544237136841,42500,0.0,0.0
2000-09-13 00:00:00+08:00,0.11447624969560428,0.11816903948783875,0.11447624969560428,0.11816903948783875,33750,0.0,0.0
2000-09-14 00:00:00+08:00,0.11447624117136002,0.11447624117136002,0.11447624117136002,0.11447624117136002,2500,0.0,0.0
2000-09-15 00:00:00+08:00,0.11447626378576783,0.11447626378576783,0.11262987554073334,0.11262987554073334,12500,0.0,0.0
2000-09-18 00:00:00+08:00,0.11447624117136002,0.11447624117136002,0.11447624117136002,0.11447624117136002,2500,0.0,0.0
2000-09-19 00:00:00+08:00,0.11262987554073334,0.11447626378576783,0.11262987554073334,0.11262987554073334,22500,0.0,0.0
2000-09-20 00:00:00+08:00,0.11632264459172152,0.11816903948783875,0.11632264459172152,0.11816903948783875,21250,0.0,0.0
2000-09-21 00:00:00+08:00,0.11078348755836487,0.11078348755836487,0.11078348755836487,0.11078348755836487,6250,0.0,0.0
2000-09-22 00:00:00+08:00,0.11078348755836487,0.11078348755836487,0.11078348755836487,0.11078348755836487,13750,0.0,0.0
2000-09-25 00:00:00+08:00,0.11262986732986385,0.11262986732986385,0.10709068924188614,0.10709068924188614,0,0.0,0.0
2000-09-26 00:00:00+08:00,0.10155149549245834,0.10155149549245834,0.10155149549245834,0.10155149549245834,1250,0.0,0.0
2000-09-27 00:00:00+08:00,0.10893708423065984,0.11078347234109015,0.10709068924188614,0.10709068924188614,36250,0.0,0.0
2000-09-28 00:00:00+08:00,0.10893707065215769,0.11447624117136002,0.10893707065215769,0.11447624117136002,7500,0.0,0.0
2000-09-29 00:00:00+08:00,0.11078348755836487,0.11447627116481146,0.11078348755836487,0.11078348755836487,23750,0.0,0.0
2000-10-02 00:00:00+08:00,0.10709068924188614,0.10709068924188614,0.10709068924188614,0.10709068924188614,6250,0.0,0.0
2000-10-03 00:00:00+08:00,0.1033979207277298,0.1033979207277298,0.1033979207277298,0.1033979207277298,2500,0.0,0.0
2000-10-04 00:00:00+08:00,0.10893707722425461,0.10893707722425461,0.10893707722425461,0.10893707722425461,3750,0.0,0.0
2000-10-05 00:00:00+08:00,0.10709068924188614,0.10709068924188614,0.10709068924188614,0.10709068924188614,10000,0.0,0.0
2000-10-06 00:00:00+08:00,0.10709068235423377,0.10893707722425461,0.10709068235423377,0.10893707722425461,10000,0.0,0.0
2000-10-09 00:00:00+08:00,0.10709068924188614,0.10709068924188614,0.10709068924188614,0.10709068924188614,3750,0.0,0.0
2000-10-10 00:00:00+08:00,0.11816904453180392,0.11816904453180392,0.0923195630311966,0.0923195630311966,0,0.0,0.0
2000-10-11 00:00:00+08:00,0.0997051235091793,0.11078346521593248,0.0997051235091793,0.10893707722425461,18750,0.0,0.0
2000-10-12 00:00:00+08:00,0.10155149549245834,0.10155149549245834,0.10155149549245834,0.10155149549245834,1250,0.0,0.0
2000-10-13 00:00:00+08:00,0.09970512986183167,0.09970512986183167,0.09970512986183167,0.09970512986183167,6250,0.0,0.0
2000-10-16 00:00:00+08:00,0.09970512986183167,0.09970512986183167,0.09970512986183167,0.09970512986183167,0,0.0,0.0
2000-10-17 00:00:00+08:00,0.11078348014144526,0.11078348014144526,0.09416595846414566,0.09416595846414566,0,0.0,0.0
2000-10-18 00:00:00+08:00,0.09601236134767532,0.09601236134767532,0.09601236134767532,0.09601236134767532,6250,0.0,0.0
2000-10-19 00:00:00+08:00,0.10709068843891457,0.10709068843891457,0.0923195630311966,0.0923195630311966,0,0.0,0.0
2000-10-20 00:00:00+08:00,0.10339792030135735,0.10339792030135735,0.09416595846414566,0.09416595846414566,0,0.0,0.0
2000-10-23 00:00:00+08:00,0.09970513735328632,0.1033979207277298,0.09970513735328632,0.1033979207277298,62500,0.0,0.0
2000-10-24 00:00:00+08:00,0.1075709257057644,0.1075709257057644,0.10015224665403366,0.10015224665403366,0,0.001,0.0
2000-10-25 00:00:00+08:00,0.10757093595689485,0.10757093595689485,0.09829758107662201,0.09829758107662201,0,0.0,0.0
2000-10-26 00:00:00+08:00,0.09829758107662201,0.09829758107662201,0.09829758107662201,0.09829758107662201,0,0.0,0.0
2000-10-27 00:00:00+08:00,0.09829758107662201,0.09829758107662201,0.09829758107662201,0.09829758107662201,0,0.0,0.0
2000-10-30 00:00:00+08:00,0.09829757616840085,0.09829757616840085,0.09644290804862976,0.09644290804862976,22500,0.0,0.0
2000-10-31 00:00:00+08:00,0.12982698199815942,0.12982698199815942,0.09458822757005692,0.09458822757005692,0,0.0,0.0
2000-11-01 00:00:00+08:00,0.1075709257057644,0.1075709257057644,0.10015224665403366,0.10015224665403366,0,0.0,0.0
2000-11-02 00:00:00+08:00,0.1298269781197028,0.1298269781197028,0.10386158525943756,0.10386158525943756,0,0.0,0.0
2000-11-03 00:00:00+08:00,0.14280967454983542,0.14280967454983542,0.10386158525943756,0.10386158525943756,0,0.0,0.0
2000-11-06 00:00:00+08:00,0.10386156437343644,0.10386156437343644,0.10200688987970352,0.10200688987970352,25000,0.0,0.0
2000-11-07 00:00:00+08:00,0.11128024162080741,0.11128024162080741,0.10200688987970352,0.10200688987970352,0,0.0,0.0
2000-11-08 00:00:00+08:00,0.10200688987970352,0.10200688987970352,0.10200688987970352,0.10200688987970352,2500,0.0,0.0
2000-11-09 00:00:00+08:00,0.10015224665403366,0.10015224665403366,0.10015224665403366,0.10015224665403366,18750,0.0,0.0
2000-11-10 00:00:00+08:00,0.09644290249216152,0.09644290249216152,0.09458822757005692,0.09458822757005692,58750,0.0,0.0
2000-11-13 00:00:00+08:00,0.09644288021687857,0.10200688987970352,0.09644288021687857,0.10200688987970352,55000,0.0,0.0
2000-11-14 00:00:00+08:00,0.09829757616840085,0.09829757616840085,0.09644290804862976,0.09644290804862976,16250,0.0,0.0
2000-11-15 00:00:00+08:00,0.09458822757005692,0.09458822757005692,0.09458822757005692,0.09458822757005692,25000,0.0,0.0
2000-11-16 00:00:00+08:00,0.10200691344009834,0.10200691344009834,0.09458822757005692,0.09458822757005692,0,0.0,0.0
2000-11-17 00:00:00+08:00,0.09458822757005692,0.09458822757005692,0.09458822757005692,0.09458822757005692,30000,0.0,0.0
2000-11-20 00:00:00+08:00,0.09829756518909706,0.09829756518909706,0.09273355454206467,0.09273355454206467,0,0.0,0.0
2000-11-21 00:00:00+08:00,0.10015224001089994,0.10015224001089994,0.09273355454206467,0.09273355454206467,0,0.0,0.0
2000-11-22 00:00:00+08:00,0.09829756518909706,0.09829756518909706,0.09273355454206467,0.09273355454206467,0,0.0,0.0
2000-11-23 00:00:00+08:00,0.09458823774267502,0.09829758107662201,0.09273356953029614,0.09829758107662201,60000,0.0,0.0
2000-11-24 00:00:00+08:00,0.10200691265467621,0.10200691265467621,0.08902421593666077,0.08902421593666077,0,0.0,0.0
2000-11-27 00:00:00+08:00,0.10386158836220294,0.10386158836220294,0.09458822757005692,0.09458822757005692,0,0.0,0.0
2000-11-28 00:00:00+08:00,0.09458822757005692,0.09458822757005692,0.0890242166221201,0.09458822757005692,37500,0.0,0.0
2000-11-29 00:00:00+08:00,0.10015224465604047,0.10015224465604047,0.08902421593666077,0.08902421593666077,0,0.0,0.0
2000-11-30 00:00:00+08:00,0.103861601868841,0.103861601868841,0.08531488478183746,0.08531488478183746,0,0.0,0.0
2000-12-01 00:00:00+08:00,0.1075709268992129,0.1075709268992129,0.07418684661388397,0.07418684661388397,0,0.0,0.0
2000-12-04 00:00:00+08:00,0.09273355454206467,0.09273355454206467,0.09273355454206467,0.09273355454206467,5000,0.0,0.0
2000-12-05 00:00:00+08:00,0.08160554136443676,0.08531488478183746,0.07418685452963535,0.08531488478183746,8750,0.0,0.0
2000-12-06 00:00:00+08:00,0.11128028179445301,0.11128028179445301,0.08531488478183746,0.08531488478183746,0,0.0,0.0
2000-12-07 00:00:00+08:00,0.08531488478183746,0.08531488478183746,0.08531488478183746,0.08531488478183746,2500,0.0,0.0
2000-12-08 00:00:00+08:00,0.18546714323327776,0.18546714323327776,0.08531488478183746,0.08531488478183746,0,0.0,0.0
2000-12-11 00:00:00+08:00,0.09644290382939473,0.09644290382939473,0.08716954290866852,0.08716954290866852,0,0.0,0.0
2000-12-12 00:00:00+08:00,0.09644291503403958,0.09644291503403958,0.08531488478183746,0.08531488478183746,0,0.0,0.0
2000-12-13 00:00:00+08:00,0.08531488478183746,0.08531488478183746,0.08531488478183746,0.08531488478183746,2500,0.0,0.0
2000-12-14 00:00:00+08:00,0.09273357161663888,0.09273357161663888,0.08531488478183746,0.08531488478183746,0,0.0,0.0
2000-12-15 00:00:00+08:00,0.08531487303020087,0.09273355884312066,0.08531487303020087,0.08902421593666077,28750,0.0,0.0
2000-12-18 00:00:00+08:00,0.08902421160792587,0.08902421160792587,0.07975085824728012,0.07975085824728012,0,0.0,0.0
2000-12-19 00:00:00+08:00,0.10015225521317826,0.10015225521317826,0.08160553872585297,0.08160553872585297,0,0.0,0.0
2000-12-20 00:00:00+08:00,0.07789618342963811,0.07975085824728012,0.07789618342963811,0.07975085824728012,12500,0.0,0.0
2000-12-21 00:00:00+08:00,0.07975085824728012,0.07975085824728012,0.07975085824728012,0.07975085824728012,50000,0.0,0.0
2000-12-22 00:00:00+08:00,0.10757091051174157,0.10757091051174157,0.07789617776870728,0.07789617776870728,0,0.0,0.0
2000-12-25 00:00:00+08:00,0.07789617776870728,0.07789617776870728,0.07789617776870728,0.07789617776870728,0,0.0,0.0
2000-12-26 00:00:00+08:00,0.07789617776870728,0.07789617776870728,0.07789617776870728,0.07789617776870728,0,0.0,0.0
2000-12-27 00:00:00+08:00,0.07789617776870728,0.07789617776870728,0.07789617776870728,0.07789617776870728,0,0.0,0.0
2000-12-28 00:00:00+08:00,0.07789617776870728,0.07789617776870728,0.07789617776870728,0.07789617776870728,31250,0.0,0.0
2000-12-29 00:00:00+08:00,0.07789618963549703,0.07789618963549703,0.07418684661388397,0.07418684661388397,20000,0.0,0.0
2001-01-01 00:00:00+08:00,0.07418684661388397,0.07418684661388397,0.07418684661388397,0.07418684661388397,0,0.0,0.0
2001-01-02 00:00:00+08:00,0.0816055326571101,0.0816055326571101,0.07418684661388397,0.07418684661388397,0,0.0,0.0
2001-01-03 00:00:00+08:00,0.07418684661388397,0.07418684661388397,0.07418684661388397,0.07418684661388397,6250,0.0,0.0
2001-01-04 00:00:00+08:00,0.07418684661388397,0.07418684661388397,0.07418684661388397,0.07418684661388397,8750,0.0,0.0
2001-01-05 00:00:00+08:00,0.07789618054743343,0.07789618054743343,0.06862282752990723,0.06862282752990723,0,0.0,0.0
2001-01-08 00:00:00+08:00,0.068622825327026,0.07047749310731888,0.068622825327026,0.07047749310731888,26250,0.0,0.0
2001-01-09 00:00:00+08:00,0.06862282752990723,0.06862282752990723,0.06862282752990723,0.06862282752990723,3750,0.0,0.0
2001-01-10 00:00:00+08:00,0.07418684661388397,0.07418684661388397,0.07418684661388397,0.07418684661388397,7500,0.0,0.0
2001-01-11 00:00:00+08:00,0.07604151270760333,0.07604151270760333,0.06862282752990723,0.06862282752990723,0,0.0,0.0
2001-01-12 00:00:00+08:00,0.07789618054743343,0.07789618054743343,0.06862282752990723,0.06862282752990723,0,0.0,0.0
2001-01-15 00:00:00+08:00,0.07789618054743343,0.07789618054743343,0.06862282752990723,0.06862282752990723,0,0.0,0.0
2001-01-16 00:00:00+08:00,0.0704774916054179,0.0704774916054179,0.06491348147392273,0.06491348147392273,26250,0.0,0.0
2001-01-17 00:00:00+08:00,0.07047749310731888,0.07047749310731888,0.07047749310731888,0.07047749310731888,2500,0.0,0.0
2001-01-18 00:00:00+08:00,0.07418684661388397,0.07418684661388397,0.07418684661388397,0.07418684661388397,6250,0.0,0.0
2001-01-19 00:00:00+08:00,0.07418684661388397,0.07418684661388397,0.07418684661388397,0.07418684661388397,25000,0.0,0.0
2001-01-22 00:00:00+08:00,0.0834602104826655,0.0834602104826655,0.07233218103647232,0.07233218103647232,0,0.0,0.0
2001-01-23 00:00:00+08:00,0.07418684661388397,0.07418684661388397,0.07418684661388397,0.07418684661388397,6250,0.0,0.0
2001-01-24 00:00:00+08:00,0.07418684661388397,0.07418684661388397,0.07418684661388397,0.07418684661388397,0,0.0,0.0
2001-01-25 00:00:00+08:00,0.07418684661388397,0.07418684661388397,0.07418684661388397,0.07418684661388397,0,0.0,0.0
2001-01-26 00:00:00+08:00,0.07418684661388397,0.07418684661388397,0.07418684661388397,0.07418684661388397,37500,0.0,0.0
2001-01-29 00:00:00+08:00,0.07418684661388397,0.07418684661388397,0.07418684661388397,0.07418684661388397,1250,0.0,0.0
2001-01-30 00:00:00+08:00,0.07047749310731888,0.07047749310731888,0.07047749310731888,0.07047749310731888,2500,0.0,0.0
2001-01-31 00:00:00+08:00,0.0741868491562434,0.0741868491562434,0.07233218103647232,0.07233218103647232,0,0.0,0.0
2001-02-01 00:00:00+08:00,0.07418684661388397,0.07418684661388397,0.07418684661388397,0.07418684661388397,2500,0.0,0.0
2001-02-02 00:00:00+08:00,0.07233218103647232,0.07233218103647232,0.07233218103647232,0.07233218103647232,12500,0.0,0.0
2001-02-05 00:00:00+08:00,0.07233217855767177,0.07418684661388397,0.07233217855767177,0.07418684661388397,8750,0.0,0.0
2001-02-06 00:00:00+08:00,0.07418684661388397,0.07418684661388397,0.07418684661388397,0.07418684661388397,15000,0.0,0.0
2001-02-07 00:00:00+08:00,0.08531487567872317,0.08531487567872317,0.07418684661388397,0.07418684661388397,0,0.0,0.0
2001-02-08 00:00:00+08:00,0.08531486268176275,0.08531486268176275,0.07789617776870728,0.07789617776870728,0,0.0,0.0
2001-02-09 00:00:00+08:00,0.07047749310731888,0.07047749310731888,0.07047749310731888,0.07047749310731888,12500,0.0,0.0
2001-02-12 00:00:00+08:00,0.07418684661388397,0.07418684661388397,0.07418684661388397,0.07418684661388397,62500,0.0,0.0
2001-02-13 00:00:00+08:00,0.07418684661388397,0.07418684661388397,0.07418684661388397,0.07418684661388397,2500,0.0,0.0
2001-02-14 00:00:00+08:00,0.081605520516639,0.081605520516639,0.07047749310731888,0.07047749310731888,0,0.0,0.0
2001-02-15 00:00:00+08:00,0.07789617804686563,0.07789617804686563,0.07047749310731888,0.07047749310731888,0,0.0,0.0
2001-02-16 00:00:00+08:00,0.081605520516639,0.081605520516639,0.07047749310731888,0.07047749310731888,0,0.0,0.0
2001-02-19 00:00:00+08:00,0.081605520516639,0.081605520516639,0.07047749310731888,0.07047749310731888,0,0.0,0.0
2001-02-20 00:00:00+08:00,0.07047750359227091,0.07418684661388397,0.07047750359227091,0.07418684661388397,6250,0.0,0.0
2001-02-21 00:00:00+08:00,0.07789619542838791,0.08160553872585297,0.07789619542838791,0.08160553872585297,46250,0.0,0.0
2001-02-22 00:00:00+08:00,0.0797508731103311,0.08531488478183746,0.0797508731103311,0.08531488478183746,72500,0.0,0.0
2001-02-23 00:00:00+08:00,0.07789618963549703,0.07789618963549703,0.07418684661388397,0.07418684661388397,0,0.0,0.0
2001-02-26 00:00:00+08:00,0.08160553872585297,0.08160553872585297,0.08160553872585297,0.08160553872585297,2500,0.0,0.0
2001-02-27 00:00:00+08:00,0.08531488478183746,0.08531488478183746,0.08531488478183746,0.08531488478183746,6250,0.0,0.0
2001-02-28 00:00:00+08:00,0.08531487860243658,0.08531487860243658,0.07233218103647232,0.07233218103647232,0,0.0,0.0
2001-03-01 00:00:00+08:00,0.07418684661388397,0.07418684661388397,0.07418684661388397,0.07418684661388397,25000,0.0,0.0
2001-03-02 00:00:00+08:00,0.07418684661388397,0.07418684661388397,0.07418684661388397,0.07418684661388397,6250,0.0,0.0
2001-03-05 00:00:00+08:00,0.07047750600751235,0.0741868491562434,0.07047750600751235,0.07233218103647232,16250,0.0,0.0
2001-03-06 00:00:00+08:00,0.07233218103647232,0.07233218103647232,0.07233218103647232,0.07233218103647232,0,0.0,0.0
2001-03-07 00:00:00+08:00,0.07789619230497447,0.07789619230497447,0.07233218103647232,0.07233218103647232,0,0.0,0.0
2001-03-08 00:00:00+08:00,0.0834601952061195,0.0834601952061195,0.07047749310731888,0.07047749310731888,0,0.0,0.0
2001-03-09 00:00:00+08:00,0.07604151026657276,0.07604151026657276,0.07047749310731888,0.07047749310731888,0,0.0,0.0
2001-03-12 00:00:00+08:00,0.07047749310731888,0.07047749310731888,0.07047749310731888,0.07047749310731888,125000,0.0,0.0
2001-03-13 00:00:00+08:00,0.07047749310731888,0.07047749310731888,0.07047749310731888,0.07047749310731888,13750,0.0,0.0
2001-03-14 00:00:00+08:00,0.07047749310731888,0.07047749310731888,0.07047749310731888,0.07047749310731888,0,0.0,0.0
2001-03-15 00:00:00+08:00,0.07047749310731888,0.07047749310731888,0.07047749310731888,0.07047749310731888,6250,0.0,0.0
2001-03-16 00:00:00+08:00,0.08160551877759573,0.08160551877759573,0.06491348147392273,0.06491348147392273,0,0.0,0.0
2001-03-19 00:00:00+08:00,0.06676815450191498,0.06676815450191498,0.06676815450191498,0.06676815450191498,12500,0.0,0.0
2001-03-20 00:00:00+08:00,0.0741868398708362,0.0741868398708362,0.06676815450191498,0.06676815450191498,0,0.0,0.0
2001-03-21 00:00:00+08:00,0.07789618255529682,0.07789618255529682,0.06676815450191498,0.06676815450191498,0,0.0,0.0
2001-03-22 00:00:00+08:00,0.0890242144835748,0.0890242144835748,0.06120414659380913,0.06120414659380913,0,0.0,0.0
2001-03-23 00:00:00+08:00,0.07789618255529682,0.07789618255529682,0.06676815450191498,0.06676815450191498,0,0.0,0.0
2001-03-26 00:00:00+08:00,0.07789617776870728,0.07789617776870728,0.07789617776870728,0.07789617776870728,6250,0.0,0.0
2001-03-27 00:00:00+08:00,0.07789618255529682,0.07789618255529682,0.06676815450191498,0.06676815450191498,0,0.0,0.0
2001-03-28 00:00:00+08:00,0.07789618255529682,0.07789618255529682,0.06676815450191498,0.06676815450191498,0,0.0,0.0
2001-03-29 00:00:00+08:00,0.06676815450191498,0.06676815450191498,0.06676815450191498,0.06676815450191498,25000,0.0,0.0
2001-03-30 00:00:00+08:00,0.06676814935412052,0.06676814935412052,0.05749479681253433,0.05749479681253433,0,0.0,0.0
2001-04-02 00:00:00+08:00,0.06676815450191498,0.06676815450191498,0.06676815450191498,0.06676815450191498,2500,0.0,0.0
2001-04-03 00:00:00+08:00,0.06676815450191498,0.06676815450191498,0.06676815450191498,0.06676815450191498,0,0.0,0.0
2001-04-04 00:00:00+08:00,0.06676815450191498,0.06676815450191498,0.06676815450191498,0.06676815450191498,0,0.0,0.0
2001-04-05 00:00:00+08:00,0.06676815450191498,0.06676815450191498,0.06676815450191498,0.06676815450191498,0,0.0,0.0
2001-04-06 00:00:00+08:00,0.07233217855767177,0.07233217855767177,0.05564013496041298,0.05564013496041298,0,0.0,0.0
2001-04-09 00:00:00+08:00,0.05564013496041298,0.05564013496041298,0.05564013496041298,0.05564013496041298,18750,0.0,0.0
2001-04-10 00:00:00+08:00,0.05564013496041298,0.05564013496041298,0.05564013496041298,0.05564013496041298,7500,0.0,0.0
2001-04-11 00:00:00+08:00,0.06305881386483604,0.06305881386483604,0.05749479681253433,0.05749479681253433,0,0.0,0.0
2001-04-12 00:00:00+08:00,0.05564013496041298,0.05564013496041298,0.05564013496041298,0.05564013496041298,18750,0.0,0.0
2001-04-13 00:00:00+08:00,0.05564013496041298,0.05564013496041298,0.05564013496041298,0.05564013496041298,0,0.0,0.0
2001-04-16 00:00:00+08:00,0.06676815450191498,0.06676815450191498,0.06676815450191498,0.06676815450191498,3750,0.0,0.0
2001-04-17 00:00:00+08:00,0.06305880844593048,0.06305880844593048,0.06305880844593048,0.06305880844593048,11250,0.0,0.0
2001-04-18 00:00:00+08:00,0.06305880844593048,0.06305880844593048,0.06305880844593048,0.06305880844593048,15000,0.0,0.0
2001-04-19 00:00:00+08:00,0.06305881386483604,0.06305881386483604,0.05749479681253433,0.05749479681253433,11250,0.0,0.0
2001-04-20 00:00:00+08:00,0.059349471466364066,0.059349471466364066,0.05749479681253433,0.05749479681253433,7500,0.0,0.0
2001-04-23 00:00:00+08:00,0.05564012561329835,0.05749479681253433,0.05564012561329835,0.05749479681253433,13750,0.0,0.0
2001-04-24 00:00:00+08:00,0.05749479681253433,0.05749479681253433,0.05749479681253433,0.05749479681253433,6250,0.0,0.0
2001-04-25 00:00:00+08:00,0.06676815450191498,0.06676815450191498,0.06676815450191498,0.06676815450191498,53750,0.0,0.0
2001-04-26 00:00:00+08:00,0.06676815450191498,0.06676815450191498,0.06676815450191498,0.06676815450191498,53750,0.0,0.0
2001-04-27 00:00:00+08:00,0.07047749424569251,0.07047749424569251,0.05934947356581688,0.05934947356581688,0,0.0,0.0
2001-04-30 00:00:00+08:00,0.06305881872664239,0.06676815450191498,0.06305881872664239,0.06676815450191498,21250,0.0,0.0
2001-05-01 00:00:00+08:00,0.06676815450191498,0.06676815450191498,0.06676815450191498,0.06676815450191498,0,0.0,0.0
2001-05-02 00:00:00+08:00,0.06305881872664239,0.06676815450191498,0.06305881872664239,0.06676815450191498,25000,0.0,0.0
2001-05-03 00:00:00+08:00,0.07233217198319991,0.07233217198319991,0.06676815450191498,0.06676815450191498,0,0.0,0.0
2001-05-04 00:00:00+08:00,0.07047749310731888,0.07047749310731888,0.07047749310731888,0.07047749310731888,47500,0.0,0.0
2001-05-07 00:00:00+08:00,0.07047749310731888,0.07047749310731888,0.07047749310731888,0.07047749310731888,0,0.0,0.0
2001-05-08 00:00:00+08:00,0.07047750600751235,0.07233218103647232,0.07047750600751235,0.07233218103647232,18750,0.0,0.0
2001-05-09 00:00:00+08:00,0.07233216779679938,0.07233216779679938,0.07047749310731888,0.07047749310731888,85000,0.0,0.0
2001-05-10 00:00:00+08:00,0.07047749310731888,0.07047749310731888,0.07047749310731888,0.07047749310731888,31250,0.0,0.0
2001-05-11 00:00:00+08:00,0.07604151026657276,0.07604151026657276,0.07047749310731888,0.07047749310731888,0,0.0,0.0
2001-05-14 00:00:00+08:00,0.07418684661388397,0.07418684661388397,0.07418684661388397,0.07418684661388397,2500,0.0,0.0
2001-05-15 00:00:00+08:00,0.07233218103647232,0.07233218103647232,0.07233218103647232,0.07233218103647232,18750,0.0,0.0
2001-05-16 00:00:00+08:00,0.0704774971863756,0.0704774971863756,0.06676815450191498,0.06676815450191498,0,0.0,0.0
2001-05-17 00:00:00+08:00,0.06862282752990723,0.06862282752990723,0.06862282752990723,0.06862282752990723,6250,0.0,0.0
2001-05-18 00:00:00+08:00,0.06862282752990723,0.06862282752990723,0.06862282752990723,0.06862282752990723,12500,0.0,0.0
2001-05-21 00:00:00+08:00,0.07604151466766051,0.07604151466766051,0.06676815450191498,0.06676815450191498,0,0.0,0.0
2001-05-22 00:00:00+08:00,0.07604151466766051,0.07604151466766051,0.06676815450191498,0.06676815450191498,0,0.0,0.0
2001-05-23 00:00:00+08:00,0.07604151270760333,0.07604151270760333,0.06862282752990723,0.06862282752990723,0,0.0,0.0
2001-05-24 00:00:00+08:00,0.07789618054743343,0.07789618054743343,0.06862282752990723,0.06862282752990723,0,0.0,0.0
2001-05-25 00:00:00+08:00,0.07233216779679938,0.07233216779679938,0.07047749310731888,0.07047749310731888,32500,0.0,0.0
2001-05-28 00:00:00+08:00,0.07418684661388397,0.07418684661388397,0.07418684661388397,0.07418684661388397,12500,0.0,0.0
2001-05-29 00:00:00+08:00,0.0741868491562434,0.0741868491562434,0.07233218103647232,0.07233218103647232,0,0.0,0.0
2001-05-30 00:00:00+08:00,0.07047749310731888,0.07233216779679938,0.07047749310731888,0.07047749310731888,31250,0.0,0.0
2001-05-31 00:00:00+08:00,0.07418683795858538,0.07418683795858538,0.06862282752990723,0.06862282752990723,0,0.0,0.0
2001-06-01 00:00:00+08:00,0.07047749536973733,0.07047749536973733,0.06862282752990723,0.06862282752990723,0,0.0,0.0
2001-06-04 00:00:00+08:00,0.06862282752990723,0.06862282752990723,0.06862282752990723,0.06862282752990723,6250,0.0,0.0
2001-06-05 00:00:00+08:00,0.07233217855767177,0.07418684661388397,0.07233217855767177,0.07418684661388397,5000,0.0,0.0
2001-06-06 00:00:00+08:00,0.07418684661388397,0.07418684661388397,0.07418684661388397,0.07418684661388397,25000,0.0,0.0
2001-06-07 00:00:00+08:00,0.07233217855767177,0.07418684661388397,0.07047750359227091,0.07418684661388397,31250,0.0,0.0
2001-06-08 00:00:00+08:00,0.07604151466766051,0.07604151466766051,0.06676815450191498,0.06676815450191498,0,0.0,0.0
2001-06-11 00:00:00+08:00,0.06676815450191498,0.06676815450191498,0.06676815450191498,0.06676815450191498,12500,0.0,0.0
2001-06-12 00:00:00+08:00,0.07604151149481807,0.07604151149481807,0.05934947356581688,0.05934947356581688,0,0.0,0.0
2001-06-13 00:00:00+08:00,0.07418684661388397,0.07418684661388397,0.05564013496041298,0.05564013496041298,0,0.0,0.0
2001-06-14 00:00:00+08:00,0.07233217513155306,0.07233217513155306,0.06120414659380913,0.06120414659380913,0,0.0,0.0
2001-06-15 00:00:00+08:00,0.06676814935412052,0.06676814935412052,0.05749479681253433,0.05749479681253433,0,0.0,0.0
2001-06-18 00:00:00+08:00,0.07604151149481807,0.07604151149481807,0.05934947356581688,0.05934947356581688,0,0.0,0.0
2001-06-19 00:00:00+08:00,0.05934947862544597,0.06120414659380913,0.05934947862544597,0.06120414659380913,3750,0.0,0.0
2001-06-20 00:00:00+08:00,0.06305880844593048,0.06305880844593048,0.06305880844593048,0.06305880844593048,8750,0.0,0.0
2001-06-21 00:00:00+08:00,0.06305880844593048,0.06305880844593048,0.06305880844593048,0.06305880844593048,6250,0.0,0.0
2001-06-22 00:00:00+08:00,0.06305880844593048,0.06305880844593048,0.06305880844593048,0.06305880844593048,1250,0.0,0.0
2001-06-25 00:00:00+08:00,0.0686228292987393,0.0686228292987393,0.06676815450191498,0.06676815450191498,45000,0.0,0.0
2001-06-26 00:00:00+08:00,0.06676815450191498,0.06676815450191498,0.06676815450191498,0.06676815450191498,0,0.0,0.0
2001-06-27 00:00:00+08:00,0.07418684661388397,0.07418684661388397,0.07418684661388397,0.07418684661388397,6250,0.0,0.0
2001-06-28 00:00:00+08:00,0.07418683531217954,0.07789617776870728,0.07418683531217954,0.07789617776870728,95000,0.0,0.0
2001-06-29 00:00:00+08:00,0.0741868491562434,0.09644290804862976,0.0741868491562434,0.09644290804862976,91250,0.0,0.0
2001-07-02 00:00:00+08:00,0.09644290804862976,0.09644290804862976,0.09644290804862976,0.09644290804862976,0,0.0,0.0
2001-07-03 00:00:00+08:00,0.09644290804862976,0.09644290804862976,0.09644290804862976,0.09644290804862976,0,0.0,0.0
2001-07-04 00:00:00+08:00,0.10386159851064332,0.11128027819638427,0.08160553872585297,0.08160553872585297,570000,0.0,0.0
2001-07-05 00:00:00+08:00,0.08346021382918008,0.08531488202331802,0.08160553872585297,0.08160553872585297,76250,0.0,0.0
2001-07-06 00:00:00+08:00,0.07418684661388397,0.07418684661388397,0.07418684661388397,0.07418684661388397,28750,0.0,0.0
2001-07-09 00:00:00+08:00,0.07418683531217954,0.08160552022523501,0.07418683531217954,0.07789617776870728,37500,0.0,0.0
2001-07-10 00:00:00+08:00,0.07418684661388397,0.07604152157928483,0.07418684661388397,0.07418684661388397,30000,0.0,0.0
2001-07-11 00:00:00+08:00,0.0741868491562434,0.0741868491562434,0.07233218103647232,0.07233218103647232,13750,0.0,0.0
2001-07-12 00:00:00+08:00,0.07047750359227091,0.07418684661388397,0.07047750359227091,0.07418684661388397,16250,0.0,0.0
2001-07-13 00:00:00+08:00,0.07233216779679938,0.07233216779679938,0.07047749310731888,0.07047749310731888,25000,0.0,0.0
2001-07-16 00:00:00+08:00,0.06862283788774126,0.07233218103647232,0.06862283788774126,0.07233218103647232,15000,0.0,0.0
2001-07-17 00:00:00+08:00,0.07047749310731888,0.07233216779679938,0.07047749310731888,0.07047749310731888,30000,0.0,0.0
2001-07-18 00:00:00+08:00,0.0686228292987393,0.0686228292987393,0.06676815450191498,0.06676815450191498,50000,0.0,0.0
2001-07-19 00:00:00+08:00,0.06676815278088927,0.06862282752990723,0.06676815278088927,0.06862282752990723,17500,0.0,0.0
2001-07-20 00:00:00+08:00,0.06676815450191498,0.06676815450191498,0.06491348661427868,0.06676815450191498,73750,0.0,0.0
2001-07-23 00:00:00+08:00,0.06305880844593048,0.06305880844593048,0.06305880844593048,0.06305880844593048,2500,0.0,0.0
2001-07-24 00:00:00+08:00,0.06491348147392273,0.06491348147392273,0.06491348147392273,0.06491348147392273,7500,0.0,0.0
2001-07-25 00:00:00+08:00,0.06676815740808693,0.06676815740808693,0.06120414659380913,0.06120414659380913,0,0.0,0.0
2001-07-26 00:00:00+08:00,0.06120414659380913,0.06120414659380913,0.06120414659380913,0.06120414659380913,18750,0.0,0.0
2001-07-27 00:00:00+08:00,0.06491348147392273,0.06491348147392273,0.06491348147392273,0.06491348147392273,7500,0.0,0.0
2001-07-30 00:00:00+08:00,0.06491348147392273,0.06491348147392273,0.06491348147392273,0.06491348147392273,0,0.0,0.0
2001-07-31 00:00:00+08:00,0.0834602165277318,0.08716955303594312,0.07233218627552969,0.08531488478183746,1357500,0.0,0.0
2001-08-01 00:00:00+08:00,0.08531484977394653,0.09458820105764887,0.08160550787862829,0.09087885916233063,993750,0.0,0.0
2001-08-02 00:00:00+08:00,0.08902421593666077,0.09273355884312066,0.08902421593666077,0.08902421593666077,252500,0.0,0.0
2001-08-03 00:00:00+08:00,0.08902421785648919,0.08902421785648919,0.08716954290866852,0.08716954290866852,163750,0.0,0.0
2001-08-06 00:00:00+08:00,0.07789619542838791,0.08531488202331802,0.07789619542838791,0.08160553872585297,90000,0.0,0.0
2001-08-07 00:00:00+08:00,0.08531488202331802,0.08531488202331802,0.08160553872585297,0.08160553872585297,176250,0.0,0.0
2001-08-08 00:00:00+08:00,0.07975085824728012,0.07975085824728012,0.07975085824728012,0.07975085824728012,25000,0.0,0.0
2001-08-09 00:00:00+08:00,0.07975085824728012,0.07975085824728012,0.07975085824728012,0.07975085824728012,0,0.0,0.0
2001-08-10 00:00:00+08:00,0.08160552615573403,0.08160552615573403,0.07975085824728012,0.07975085824728012,31250,0.0,0.0
2001-08-13 00:00:00+08:00,0.07604152723424996,0.08160553872585297,0.07604152723424996,0.08160553872585297,112500,0.0,0.0
2001-08-14 00:00:00+08:00,0.08531486268176275,0.08531486268176275,0.07789617776870728,0.07789617776870728,0,0.0,0.0
2001-08-15 00:00:00+08:00,0.07975086460089789,0.07975086460089789,0.07418684661388397,0.07418684661388397,0,0.0,0.0
2001-08-16 00:00:00+08:00,0.07418684661388397,0.07418684661388397,0.07418684661388397,0.07418684661388397,6250,0.0,0.0
2001-08-17 00:00:00+08:00,0.07418685213092284,0.08160553872585297,0.07418685213092284,0.08160553872585297,6250,0.0,0.0
2001-08-20 00:00:00+08:00,0.07789618963549703,0.07789618963549703,0.05564013496041298,0.05564013496041298,0,0.0,0.0
2001-08-21 00:00:00+08:00,0.07418683557709226,0.07418683557709226,0.07047749310731888,0.07047749310731888,22500,0.0,0.0
2001-08-22 00:00:00+08:00,0.07047749536973733,0.07047749536973733,0.06862282752990723,0.06862282752990723,97500,0.0,0.0
2001-08-23 00:00:00+08:00,0.07047749310731888,0.07047749310731888,0.07047749310731888,0.07047749310731888,12500,0.0,0.0
2001-08-24 00:00:00+08:00,0.06676815450191498,0.06676815450191498,0.06676815450191498,0.06676815450191498,12500,0.0,0.0
2001-08-27 00:00:00+08:00,0.0686228292987393,0.0686228292987393,0.06676815450191498,0.06676815450191498,15000,0.0,0.0
2001-08-28 00:00:00+08:00,0.06862283788774126,0.07233218103647232,0.06862283788774126,0.07233218103647232,26250,0.0,0.0
2001-08-29 00:00:00+08:00,0.0667681506375455,0.07047749310731888,0.0667681506375455,0.07047749310731888,23750,0.0,0.0
2001-08-30 00:00:00+08:00,0.07047749536973733,0.07047749536973733,0.06862282752990723,0.06862282752990723,40000,0.0,0.0
2001-08-31 00:00:00+08:00,0.07047749310731888,0.07047749310731888,0.07047749310731888,0.07047749310731888,12500,0.0,0.0
2001-09-03 00:00:00+08:00,0.07418684661388397,0.07418684661388397,0.07418684661388397,0.07418684661388397,37500,0.0,0.0
2001-09-04 00:00:00+08:00,0.07418682777588194,0.07418682777588194,0.06305880844593048,0.06305880844593048,0,0.0,0.0
2001-09-05 00:00:00+08:00,0.07418682777588194,0.07418682777588194,0.06305880844593048,0.06305880844593048,0,0.0,0.0
2001-09-06 00:00:00+08:00,0.07418682777588194,0.07418682777588194,0.06305880844593048,0.06305880844593048,0,0.0,0.0
2001-09-07 00:00:00+08:00,0.06491348147392273,0.06491348147392273,0.06491348147392273,0.06491348147392273,1250,0.0,0.0
2001-09-10 00:00:00+08:00,0.06305880844593048,0.06305880844593048,0.06305880844593048,0.06305880844593048,12500,0.0,0.0
2001-09-11 00:00:00+08:00,0.06305880844593048,0.06305880844593048,0.06305880844593048,0.06305880844593048,6250,0.0,0.0
2001-09-12 00:00:00+08:00,0.07418684661388397,0.07418684661388397,0.05564013496041298,0.05564013496041298,0,0.0,0.0
2001-09-13 00:00:00+08:00,0.05934947356581688,0.05934947356581688,0.05934947356581688,0.05934947356581688,13750,0.0,0.0
2001-09-14 00:00:00+08:00,0.04822144597675351,0.06676815171600473,0.04822144597675351,0.05934947356581688,57500,0.0,0.0
2001-09-17 00:00:00+08:00,0.05007612388258771,0.059349481436620374,0.05007612388258771,0.05564013496041298,98750,0.0,0.0
2001-09-18 00:00:00+08:00,0.06305882147136062,0.06305882147136062,0.057494803747894487,0.06120414659380913,87500,0.0,0.0
2001-09-19 00:00:00+08:00,0.05934947134242756,0.06491348147392273,0.05934947134242756,0.06491348147392273,112500,0.0,0.0
2001-09-20 00:00:00+08:00,0.05934947134242756,0.06491348147392273,0.05934947134242756,0.06491348147392273,93750,0.0,0.0
2001-09-21 00:00:00+08:00,0.05749479669247085,0.06491348147392273,0.05749479669247085,0.06491348147392273,25000,0.0,0.0
2001-09-24 00:00:00+08:00,0.06491348147392273,0.06491348147392273,0.06491348147392273,0.06491348147392273,0,0.0,0.0
2001-09-25 00:00:00+08:00,0.0630588137331535,0.06676814921469196,0.0630588137331535,0.06491348147392273,55000,0.0,0.0
2001-09-26 00:00:00+08:00,0.06676816057065785,0.07418684661388397,0.06676816057065785,0.07418684661388397,51250,0.0,0.0
2001-09-27 00:00:00+08:00,0.07047750359227091,0.07418684661388397,0.07047750359227091,0.07418684661388397,33750,0.0,0.0
2001-09-28 00:00:00+08:00,0.07418684661388397,0.07418684661388397,0.07418684661388397,0.07418684661388397,0,0.0,0.0
2001-10-01 00:00:00+08:00,0.07047750078935199,0.08346020430326462,0.066768157915261,0.08346020430326462,245000,0.0,0.0
2001-10-02 00:00:00+08:00,0.07418684070354219,0.07975085824728012,0.07418684070354219,0.07975085824728012,32500,0.0,0.0
2001-10-03 00:00:00+08:00,0.07975085824728012,0.07975085824728012,0.07418684070354219,0.07975085824728012,71250,0.0,0.0
2001-10-04 00:00:00+08:00,0.07789618342963811,0.07975085824728012,0.07789618342963811,0.07975085824728012,125000,0.0,0.0
2001-10-05 00:00:00+08:00,0.07604151552118421,0.07975085824728012,0.07604151552118421,0.07975085824728012,77500,0.0,0.0
2001-10-08 00:00:00+08:00,0.07975085245156494,0.07975085245156494,0.07789617776870728,0.07789617776870728,0,0.0,0.0
2001-10-09 00:00:00+08:00,0.07789619542838791,0.08160553872585297,0.07789619542838791,0.08160553872585297,125000,0.0,0.0
2001-10-10 00:00:00+08:00,0.0834602165277318,0.08531488478183746,0.08160554136443676,0.08531488478183746,56250,0.0,0.0
2001-10-11 00:00:00+08:00,0.08160554136443676,0.08531488478183746,0.08160554136443676,0.08531488478183746,212500,0.0,0.0
2001-10-12 00:00:00+08:00,0.08160554136443676,0.08531488478183746,0.08160554136443676,0.08531488478183746,318750,0.0,0.0
2001-10-15 00:00:00+08:00,0.08531487487003643,0.08716954290866852,0.08531487487003643,0.08716954290866852,67500,0.0,0.0
2001-10-16 00:00:00+08:00,0.08902422619634916,0.09829758107662201,0.08902422619634916,0.09829758107662201,265000,0.0,0.0
2001-10-17 00:00:00+08:00,0.09644289961102227,0.10386158525943756,0.0945882247443243,0.10386158525943756,241250,0.0,0.0
2001-10-18 00:00:00+08:00,0.09458823774267502,0.09829758107662201,0.09087889440872804,0.09829758107662201,3240000,0.0,0.0
2001-10-19 00:00:00+08:00,0.09829758107662201,0.102006924410569,0.09644291286424313,0.09829758107662201,7802500,0.0,0.0
2001-10-22 00:00:00+08:00,0.09644289961102227,0.10386158525943756,0.09644289961102227,0.10386158525943756,972500,0.0,0.0
2001-10-23 00:00:00+08:00,0.10757092633389517,0.10757092633389517,0.10386159024096445,0.10571625828742981,620000,0.0,0.0
2001-10-24 00:00:00+08:00,0.10571625007061743,0.11313493549823761,0.10571625007061743,0.11313493549823761,422500,0.0,0.0
2001-10-25 00:00:00+08:00,0.11128027096555242,0.1186989639876157,0.11128027096555242,0.1168442890048027,332500,0.0,0.0
2001-10-26 00:00:00+08:00,0.11869893273243538,0.12611761689186096,0.11684425823798554,0.12611761689186096,635000,0.0,0.0
2001-10-29 00:00:00+08:00,0.12797229309207162,0.1298269678115094,0.11498959769275824,0.11869894713163376,467500,0.0,0.0
2001-10-30 00:00:00+08:00,0.1149896140219897,0.1168442890048027,0.1149896140219897,0.1168442890048027,160000,0.0,0.0
2001-10-31 00:00:00+08:00,0.11869895725089194,0.12240829318761826,0.11869895725089194,0.12240829318761826,158750,0.0,0.0
2001-11-01 00:00:00+08:00,0.12240828275213382,0.12426295747157158,0.11869894713163376,0.11869894713163376,303750,0.0,0.0
2001-11-02 00:00:00+08:00,0.12055360803269605,0.12055360803269605,0.116844272412196,0.11869894713163376,395000,0.0,0.0
2001-11-05 00:00:00+08:00,0.11869895725089194,0.12240829318761826,0.11869895725089194,0.12240829318761826,190000,0.0,0.0
2001-11-06 00:00:00+08:00,0.12055361831006677,0.12240829318761826,0.12055361831006677,0.12240829318761826,78750,0.0,0.0
2001-11-07 00:00:00+08:00,0.12426295747157158,0.12426295747157158,0.11869894713163376,0.11869894713163376,90000,0.0,0.0
2001-11-08 00:00:00+08:00,0.11869894713163376,0.11869894713163376,0.11869894713163376,0.11869894713163376,31250,0.0,0.0
2001-11-09 00:00:00+08:00,0.11869894713163376,0.11869894713163376,0.11869894713163376,0.11869894713163376,0,0.0,0.0
2001-11-12 00:00:00+08:00,0.11313494594836541,0.1168442890048027,0.11313494594836541,0.1168442890048027,136250,0.0,0.0
2001-11-13 00:00:00+08:00,0.11498959769275824,0.11869894713163376,0.11498959769275824,0.11869894713163376,182500,0.0,0.0
2001-11-14 00:00:00+08:00,0.11869894713163376,0.11869894713163376,0.11869894713163376,0.11869894713163376,0,0.0,0.0
2001-11-15 00:00:00+08:00,0.12055360504437439,0.1279722899198532,0.11869894418928603,0.1279722899198532,172500,0.0,0.0
2001-11-16 00:00:00+08:00,0.12611761689186096,0.12611761689186096,0.12426294239741112,0.12611761689186096,225000,0.0,0.0
2001-11-19 00:00:00+08:00,0.12611764294272124,0.12611764294272124,0.12240829318761826,0.12240829318761826,98750,0.0,0.0
2001-11-20 00:00:00+08:00,0.12055362015962601,0.1224082950656323,0.12055362015962601,0.12055362015962601,78750,0.0,0.0
2001-11-21 00:00:00+08:00,0.12055361831006677,0.12240829318761826,0.12055361831006677,0.12240829318761826,28750,0.0,0.0
2001-11-22 00:00:00+08:00,0.1224082950656323,0.1224082950656323,0.12055362015962601,0.12055362015962601,0,0.0,0.0
2001-11-23 00:00:00+08:00,0.12055360803269605,0.12055360803269605,0.11869894713163376,0.11869894713163376,40000,0.0,0.0
2001-11-26 00:00:00+08:00,0.11869894713163376,0.11869894713163376,0.11869894713163376,0.11869894713163376,15000,0.0,0.0
2001-11-27 00:00:00+08:00,0.12240828275213382,0.12240828275213382,0.11869894713163376,0.11869894713163376,0,0.0,0.0
2001-11-28 00:00:00+08:00,0.11869894713163376,0.11869894713163376,0.11869894713163376,0.11869894713163376,25000,0.0,0.0
2001-11-29 00:00:00+08:00,0.11869894713163376,0.11869894713163376,0.11869894713163376,0.11869894713163376,13750,0.0,0.0
2001-11-30 00:00:00+08:00,0.12611763219100933,0.12611763219100933,0.11869894713163376,0.11869894713163376,0,0.0,0.0
2001-12-03 00:00:00+08:00,0.1186989639876157,0.1186989639876157,0.1168442890048027,0.1168442890048027,13750,0.0,0.0
2001-12-04 00:00:00+08:00,0.12426297511767728,0.12426297511767728,0.1168442890048027,0.1168442890048027,0,0.0,0.0
2001-12-05 00:00:00+08:00,0.1168442890048027,0.1168442890048027,0.1168442890048027,0.1168442890048027,10000,0.0,0.0
2001-12-06 00:00:00+08:00,0.12055360803269605,0.12240828275213382,0.11869894713163376,0.11869894713163376,323750,0.0,0.0
2001-12-07 00:00:00+08:00,0.11498959362506866,0.11498959362506866,0.11498959362506866,0.11498959362506866,2500,0.0,0.0
2001-12-10 00:00:00+08:00,0.12611763845116697,0.12611763845116697,0.11313493549823761,0.11313493549823761,0,0.0,0.0
2001-12-11 00:00:00+08:00,0.11869894293272813,0.11869894293272813,0.1112802512265967,0.11498959362506866,475000,0.0,0.0
2001-12-12 00:00:00+08:00,0.1168442890048027,0.1168442890048027,0.1168442890048027,0.1168442890048027,18750,0.0,0.0
2001-12-13 00:00:00+08:00,0.11128026992082596,0.11128026992082596,0.11128026992082596,0.11128026992082596,12500,0.0,0.0
2001-12-14 00:00:00+08:00,0.10757090882812473,0.11498959362506866,0.10757090882812473,0.11498959362506866,32500,0.0,0.0
2001-12-17 00:00:00+08:00,0.11498959362506866,0.11498959362506866,0.11498959362506866,0.11498959362506866,0,0.0,0.0
2001-12-18 00:00:00+08:00,0.10942559689283371,0.10942559689283371,0.10942559689283371,0.10942559689283371,3750,0.0,0.0
2001-12-19 00:00:00+08:00,0.10942560128954916,0.10942560128954916,0.10386159024096445,0.10571625828742981,312500,0.0,0.0
2001-12-20 00:00:00+08:00,0.11128026992082596,0.11128026992082596,0.11128026992082596,0.11128026992082596,2500,0.0,0.0
2001-12-21 00:00:00+08:00,0.10942558348195446,0.1168442682788984,0.10942558348195446,0.11498959362506866,73750,0.0,0.0
2001-12-24 00:00:00+08:00,0.11498960749578897,0.12240829318761826,0.11498960749578897,0.12240829318761826,186250,0.0,0.0
2001-12-25 00:00:00+08:00,0.12240829318761826,0.12240829318761826,0.12240829318761826,0.12240829318761826,0,0.0,0.0
2001-12-26 00:00:00+08:00,0.12611763420245814,0.13910032980883238,0.12426295945344018,0.13724565505981445,501250,0.0,0.0
2001-12-27 00:00:00+08:00,0.14095500409534434,0.14095500409534434,0.13353631821470757,0.1391003429889679,1402500,0.0,0.0
2001-12-28 00:00:00+08:00,0.13910032980883238,0.13910032980883238,0.1353909803107965,0.13724565505981445,771250,0.0,0.0
2001-12-31 00:00:00+08:00,0.1372456829155458,0.1502283811569214,0.1372456829155458,0.1502283811569214,246250,0.0,0.0
2002-01-01 00:00:00+08:00,0.1502283811569214,0.1502283811569214,0.1502283811569214,0.1502283811569214,0,0.0,0.0
2002-01-02 00:00:00+08:00,0.14095500718454182,0.15208304315856966,0.14095500718454182,0.14837369322776794,236250,0.0,0.0
2002-01-03 00:00:00+08:00,0.14837369322776794,0.14837369322776794,0.14837369322776794,0.14837369322776794,0,0.0,0.0
2002-01-04 00:00:00+08:00,0.1576470479667076,0.16692040860652924,0.1576470479667076,0.16692040860652924,211250,0.0,0.0
2002-01-07 00:00:00+08:00,0.16692036456176138,0.18175771832466125,0.16506569015950898,0.18175771832466125,455000,0.0,0.0
2002-01-08 00:00:00+08:00,0.18175771832466125,0.18175771832466125,0.17804838333852957,0.18175771832466125,480000,0.0,0.0
2002-01-09 00:00:00+08:00,0.18175771832466125,0.18361239272691365,0.17990305774078197,0.18175771832466125,391250,0.0,0.0
2002-01-10 00:00:00+08:00,0.1799031067811457,0.1799031067811457,0.17804843187332153,0.17804843187332153,451250,0.0,0.0
2002-01-11 00:00:00+08:00,0.17433909288517557,0.17433909288517557,0.16692042042988864,0.16877508163452148,487500,0.0,0.0
2002-01-14 00:00:00+08:00,0.1706297527103991,0.17248442769050598,0.1706297527103991,0.17248442769050598,23750,0.0,0.0
2002-01-15 00:00:00+08:00,0.17248441946307153,0.17248441946307153,0.16692040860652924,0.16692040860652924,155000,0.0,0.0
2002-01-16 00:00:00+08:00,0.16692040860652924,0.16692040860652924,0.16692040860652924,0.16692040860652924,173750,0.0,0.0
2002-01-17 00:00:00+08:00,0.1613564023483788,0.16506575255503303,0.1613564023483788,0.16321107745170593,102500,0.0,0.0
2002-01-18 00:00:00+08:00,0.16506575789216857,0.17062976956367493,0.16506575789216857,0.17062976956367493,121250,0.0,0.0
2002-01-21 00:00:00+08:00,0.16692041049111656,0.16692041049111656,0.165065735578537,0.165065735578537,0,0.0,0.0
2002-01-22 00:00:00+08:00,0.16692040860652924,0.16692040860652924,0.16506573371488956,0.16692040860652924,167500,0.0,0.0
2002-01-23 00:00:00+08:00,0.16321107745170593,0.16321107745170593,0.16321107745170593,0.16321107745170593,30000,0.0,0.0
2002-01-24 00:00:00+08:00,0.16321109462333452,0.16321109462333452,0.16135641932487488,0.16135641932487488,115000,0.0,0.0
2002-01-25 00:00:00+08:00,0.1613564023483788,0.16321107745170593,0.1613564023483788,0.16321107745170593,57500,0.0,0.0
2002-01-28 00:00:00+08:00,0.16692040232122926,0.1873217839059322,0.16692040232122926,0.18546710908412933,700000,0.0,0.0
2002-01-29 00:00:00+08:00,0.18546706712916605,0.18732174153141845,0.18175771832466125,0.18175771832466125,770000,0.0,0.0
2002-01-30 00:00:00+08:00,0.17990311479479718,0.18361245095729828,0.17990311479479718,0.18361245095729828,62500,0.0,0.0
2002-01-31 00:00:00+08:00,0.18361245095729828,0.18361245095729828,0.18361245095729828,0.18361245095729828,0,0.0,0.0
2002-02-01 00:00:00+08:00,0.18361245095729828,0.18361245095729828,0.17990311479479718,0.18361245095729828,87500,0.0,0.0
2002-02-04 00:00:00+08:00,0.18546706712916605,0.18546706712916605,0.18175771832466125,0.18175771832466125,161250,0.0,0.0
2002-02-05 00:00:00+08:00,0.1817577509166009,0.1817577509166009,0.1799030900001526,0.1799030900001526,146250,0.0,0.0
2002-02-06 00:00:00+08:00,0.1799031067811457,0.1799031067811457,0.17804843187332153,0.17804843187332153,12500,0.0,0.0
2002-02-07 00:00:00+08:00,0.17804838333852957,0.18361239272691365,0.17804838333852957,0.18175771832466125,61250,0.0,0.0
2002-02-08 00:00:00+08:00,0.18546710908412933,0.1873217839059322,0.18361243426232646,0.18546710908412933,410000,0.0,0.0
2002-02-11 00:00:00+08:00,0.18546710908412933,0.18546710908412933,0.18546710908412933,0.18546710908412933,37500,0.0,0.0
2002-02-12 00:00:00+08:00,0.18546710908412933,0.18546710908412933,0.18546710908412933,0.18546710908412933,0,0.0,0.0
2002-02-13 00:00:00+08:00,0.18546710908412933,0.18546710908412933,0.18546710908412933,0.18546710908412933,0,0.0,0.0
2002-02-14 00:00:00+08:00,0.18917646603933957,0.19288581609725952,0.18732180482875738,0.19288581609725952,296250,0.0,0.0
2002-02-15 00:00:00+08:00,0.19288578802598824,0.19288578802598824,0.18917643850790153,0.19103111326694489,187500,0.0,0.0
2002-02-18 00:00:00+08:00,0.18917643850790153,0.19103111326694489,0.18917643850790153,0.19103111326694489,388750,0.0,0.0
2002-02-19 00:00:00+08:00,0.19103111326694489,0.19103111326694489,0.18917643850790153,0.19103111326694489,222500,0.0,0.0
2002-02-20 00:00:00+08:00,0.18917643850790153,0.19103111326694489,0.18917643850790153,0.19103111326694489,292500,0.0,0.0
2002-02-21 00:00:00+08:00,0.19103113006221845,0.19103113006221845,0.18917645514011383,0.18917645514011383,142500,0.0,0.0
2002-02-22 00:00:00+08:00,0.1873217940363862,0.18917645514011383,0.1873217940363862,0.18917645514011383,106250,0.0,0.0
2002-02-25 00:00:00+08:00,0.18546710908412933,0.18546710908412933,0.18546710908412933,0.18546710908412933,20000,0.0,0.0
2002-02-26 00:00:00+08:00,0.18546710908412933,0.18546710908412933,0.18361243426232646,0.18546710908412933,31250,0.0,0.0
2002-02-27 00:00:00+08:00,0.18361245095729828,0.18361245095729828,0.18361245095729828,0.18361245095729828,18750,0.0,0.0
2002-02-28 00:00:00+08:00,0.17804838333852957,0.18546706712916605,0.17804838333852957,0.18175771832466125,173750,0.0,0.0
2002-03-01 00:00:00+08:00,0.18175771832466125,0.18175771832466125,0.18175771832466125,0.18175771832466125,12500,0.0,0.0
2002-03-04 00:00:00+08:00,0.17990311479479718,0.1854671259477376,0.17990311479479718,0.18361245095729828,87500,0.0,0.0
2002-03-05 00:00:00+08:00,0.18917644490935887,0.18917644490935887,0.18546710908412933,0.18546710908412933,318750,0.0,0.0
2002-03-06 00:00:00+08:00,0.18361244993439255,0.18917646105633582,0.17248442769050598,0.17248442769050598,253750,0.0,0.0
2002-03-07 00:00:00+08:00,0.17804838333852957,0.18546706712916605,0.17804838333852957,0.18175771832466125,840000,0.0,0.0
2002-03-08 00:00:00+08:00,0.181757769809788,0.181757769809788,0.17619375884532928,0.17619375884532928,0,0.0,0.0
2002-03-11 00:00:00+08:00,0.17619375542797414,0.17619375542797414,0.16692040860652924,0.16692040860652924,151250,0.0,0.0
2002-03-12 00:00:00+08:00,0.17062974788087057,0.17804843377294122,0.17062974788087057,0.17619375884532928,178750,0.0,0.0
2002-03-13 00:00:00+08:00,0.17248442280848247,0.17619375884532928,0.17248442280848247,0.17619375884532928,81250,0.0,0.0
2002-03-14 00:00:00+08:00,0.17619375884532928,0.17619375884532928,0.17619375884532928,0.17619375884532928,47500,0.0,0.0
2002-03-15 00:00:00+08:00,0.17619375884532928,0.17619375884532928,0.17619375884532928,0.17619375884532928,17500,0.0,0.0
2002-03-18 00:00:00+08:00,0.1761937405305048,0.1799030900001526,0.1761937405305048,0.1799030900001526,70000,0.0,0.0
2002-03-19 00:00:00+08:00,0.1799030900001526,0.1799030900001526,0.1799030900001526,0.1799030900001526,21250,0.0,0.0
2002-03-20 00:00:00+08:00,0.17804843187332153,0.17804843187332153,0.17804843187332153,0.17804843187332153,6250,0.0,0.0
2002-03-21 00:00:00+08:00,0.17804843571297838,0.17804843571297838,0.17433908581733704,0.17433908581733704,110000,0.0,0.0
2002-03-22 00:00:00+08:00,0.17433908581733704,0.17433908581733704,0.17433908581733704,0.17433908581733704,1250,0.0,0.0
2002-03-25 00:00:00+08:00,0.18175771832466125,0.18175771832466125,0.18175771832466125,0.18175771832466125,3750,0.0,0.0
2002-03-26 00:00:00+08:00,0.17248442769050598,0.17248442769050598,0.17248442769050598,0.17248442769050598,1250,0.0,0.0
2002-03-27 00:00:00+08:00,0.17433908205767318,0.1799031067811457,0.17433908205767318,0.17804843187332153,542500,0.0,0.0
2002-03-28 00:00:00+08:00,0.17990311479479718,0.18361245095729828,0.17990311479479718,0.18361245095729828,373750,0.0,0.0
2002-03-29 00:00:00+08:00,0.18361245095729828,0.18361245095729828,0.18361245095729828,0.18361245095729828,0,0.0,0.0
2002-04-01 00:00:00+08:00,0.181757775966859,0.18361245095729828,0.181757775966859,0.18361245095729828,77500,0.0,0.0
2002-04-02 00:00:00+08:00,0.18175771832466125,0.18361239272691365,0.18175771832466125,0.18175771832466125,263750,0.0,0.0
2002-04-03 00:00:00+08:00,0.18175771832466125,0.18175771832466125,0.18175771832466125,0.18175771832466125,205000,0.0,0.0
2002-04-04 00:00:00+08:00,0.1817577509166009,0.1817577509166009,0.1799030900001526,0.1799030900001526,151250,0.0,0.0
2002-04-05 00:00:00+08:00,0.1799031067811457,0.1799031067811457,0.17804843187332153,0.17804843187332153,95000,0.0,0.0
2002-04-08 00:00:00+08:00,0.18175771832466125,0.18175771832466125,0.17804838333852957,0.18175771832466125,83750,0.0,0.0
2002-04-09 00:00:00+08:00,0.1780484152653287,0.1799030900001526,0.1780484152653287,0.1799030900001526,72500,0.0,0.0
2002-04-10 00:00:00+08:00,0.17619376383234236,0.17804843881244925,0.17248442769050598,0.17248442769050598,126250,0.0,0.0
2002-04-11 00:00:00+08:00,0.17619375884532928,0.17619375884532928,0.17619375884532928,0.17619375884532928,31250,0.0,0.0
2002-04-12 00:00:00+08:00,0.17619375884532928,0.17619375884532928,0.17619375884532928,0.17619375884532928,12500,0.0,0.0
2002-04-15 00:00:00+08:00,0.17248442468789354,0.17619376076515772,0.17248442468789354,0.17433908581733704,128750,0.0,0.0
2002-04-16 00:00:00+08:00,0.1724844209682259,0.17804843187332153,0.1724844209682259,0.17804843187332153,66250,0.0,0.0
2002-04-17 00:00:00+08:00,0.17804843187332153,0.17804843187332153,0.17804843187332153,0.17804843187332153,18750,0.0,0.0
2002-04-18 00:00:00+08:00,0.17433908581733704,0.17433908581733704,0.17433908581733704,0.17433908581733704,5000,0.0,0.0
2002-04-19 00:00:00+08:00,0.17619376076515772,0.17619376076515772,0.17433908581733704,0.17433908581733704,33750,0.0,0.0
2002-04-22 00:00:00+08:00,0.17619376076515772,0.17619376076515772,0.17433908581733704,0.17433908581733704,0,0.0,0.0
2002-04-23 00:00:00+08:00,0.17619376383234236,0.17619376383234236,0.17248442769050598,0.17248442769050598,0,0.0,0.0
2002-04-24 00:00:00+08:00,0.17248442769050598,0.17248442769050598,0.17248442769050598,0.17248442769050598,1250,0.0,0.0
2002-04-25 00:00:00+08:00,0.17619377553823906,0.17619377553823906,0.16321107745170593,0.16321107745170593,0,0.0,0.0
2002-04-26 00:00:00+08:00,0.17248442769050598,0.17248442769050598,0.17248442769050598,0.17248442769050598,31250,0.0,0.0
2002-04-29 00:00:00+08:00,0.17248442769050598,0.17248442769050598,0.17248442769050598,0.17248442769050598,13750,0.0,0.0
2002-04-30 00:00:00+08:00,0.17248442769050598,0.17248442769050598,0.1706297527103991,0.17248442769050598,81250,0.0,0.0
2002-05-01 00:00:00+08:00,0.17248442769050598,0.17248442769050598,0.17248442769050598,0.17248442769050598,0,0.0,0.0
2002-05-02 00:00:00+08:00,0.17433908885223548,0.17433908885223548,0.17248442769050598,0.17248442769050598,0,0.0,0.0
2002-05-03 00:00:00+08:00,0.17248442769050598,0.17248442769050598,0.17248442769050598,0.17248442769050598,20000,0.0,0.0
2002-05-06 00:00:00+08:00,0.17248442468789354,0.17433908581733704,0.17248442468789354,0.17433908581733704,295000,0.0,0.0
2002-05-07 00:00:00+08:00,0.17433908885223548,0.17433908885223548,0.17248442769050598,0.17248442769050598,96250,0.0,0.0
2002-05-08 00:00:00+08:00,0.17804845239269831,0.2169965470353578,0.17804845239269831,0.19659516215324402,6858750,0.0,0.0
2002-05-09 00:00:00+08:00,0.1965951351370639,0.20957783156719653,0.19474046027036593,0.20772317051887512,2621250,0.0,0.0
2002-05-10 00:00:00+08:00,0.20772317051887512,0.2114325064338945,0.20586849565217716,0.20772317051887512,1032500,0.0,0.0
2002-05-13 00:00:00+08:00,0.20772312874687288,0.2114324639159649,0.20215910526567413,0.20401377975940704,923750,0.0,0.0
2002-05-14 00:00:00+08:00,0.20215915638717474,0.20401383134991322,0.19844982028007507,0.19844982028007507,666250,0.0,0.0
2002-05-15 00:00:00+08:00,0.19844983727481214,0.20215917369956987,0.19659516215324402,0.19659516215324402,410000,0.0,0.0
2002-05-16 00:00:00+08:00,0.19659515499239905,0.20215916633605957,0.19659515499239905,0.20215916633605957,186250,0.0,0.0
2002-05-17 00:00:00+08:00,0.20030448487045982,0.21328718130059246,0.20030448487045982,0.20772317051887512,4351250,0.0,0.0
2002-05-20 00:00:00+08:00,0.2095778360090292,0.24852593994327724,0.2095778360090292,0.24110724031925201,14852500,0.0,0.0
2002-05-21 00:00:00+08:00,0.23554317928061508,0.24667119805829252,0.22812449548937241,0.2318338304758072,3880000,0.0,0.0
2002-05-22 00:00:00+08:00,0.22812452912330627,0.22997918998078223,0.22441517977160405,0.22812452912330627,812500,0.0,0.0
2002-05-23 00:00:00+08:00,0.23183386190396707,0.24481655684402523,0.22997918725013733,0.22997918725013733,8597500,0.0,0.0
2002-05-24 00:00:00+08:00,0.23183388161259633,0.23368855642409542,0.22441519618497613,0.22626987099647522,1458750,0.0,0.0
2002-05-27 00:00:00+08:00,0.22626987099647522,0.22626987099647522,0.22626987099647522,0.22626987099647522,0,0.0,0.0
2002-05-28 00:00:00+08:00,0.2262698391137745,0.2262698391137745,0.2095777957990384,0.2132871448993683,1381250,0.0,0.0
2002-05-29 00:00:00+08:00,0.20957784161920565,0.21328719153051362,0.20215915561496695,0.21143251657485962,1526250,0.0,0.0
2002-05-30 00:00:00+08:00,0.21143251172189184,0.21885119755585092,0.21143251172189184,0.21514184772968292,1007500,0.0,0.0
2002-05-31 00:00:00+08:00,0.2169965470353578,0.2169965470353578,0.19659516215324402,0.19659516215324402,2527500,0.0,0.0
2002-06-03 00:00:00+08:00,0.20030450239472164,0.2040138386342638,0.19103114106829955,0.19288581609725952,1820000,0.0,0.0
2002-06-04 00:00:00+08:00,0.19103113309806335,0.1947404691828439,0.18732179701328278,0.18732179701328278,637500,0.0,0.0
2002-06-05 00:00:00+08:00,0.18917647548535005,0.20215917369956987,0.18917647548535005,0.19659516215324402,3680000,0.0,0.0
2002-06-06 00:00:00+08:00,0.1965951441344228,0.1965951441344228,0.183612447110125,0.18732179701328278,1806250,0.0,0.0
2002-06-07 00:00:00+08:00,0.18361244277841715,0.18546711768624133,0.17619375696549736,0.17804843187332153,1887500,0.0,0.0
2002-06-10 00:00:00+08:00,0.1780484398043579,0.18361245095729828,0.17619376481391857,0.18361245095729828,1587500,0.0,0.0
2002-06-11 00:00:00+08:00,0.1854671297997974,0.19474047730784172,0.1854671297997974,0.19288581609725952,4735000,0.0,0.0
2002-06-12 00:00:00+08:00,0.19103111973116174,0.19103111973116174,0.18546710908412933,0.18546710908412933,901250,0.0,0.0
2002-06-13 00:00:00+08:00,0.18732177756723392,0.19288578802598824,0.18546710280819056,0.19103111326694489,853750,0.0,0.0
2002-06-14 00:00:00+08:00,0.18917647548535005,0.19659516215324402,0.18917647548535005,0.19659516215324402,1353750,0.0,0.0
2002-06-17 00:00:00+08:00,0.19659516215324402,0.20030451239638022,0.1947404870316759,0.19659516215324402,738750,0.0,0.0
2002-06-18 00:00:00+08:00,0.19844977009658207,0.20401377975940704,0.19288576043375713,0.20401377975940704,2175000,0.0,0.0
2002-06-19 00:00:00+08:00,0.18917647548535005,0.19659516215324402,0.17990312751426643,0.19659516215324402,2910000,0.0,0.0
2002-06-20 00:00:00+08:00,0.1965951453173366,0.20401383134991322,0.1965951453173366,0.19844982028007507,6011250,0.0,0.0
2002-06-21 00:00:00+08:00,0.1984498183632432,0.2021591544345143,0.19659514341841908,0.20030449330806732,1206250,0.0,0.0
2002-06-24 00:00:00+08:00,0.19844983727481214,0.19844983727481214,0.19288582572848625,0.19659516215324402,575000,0.0,0.0
2002-06-25 00:00:00+08:00,0.19474047730784172,0.19474047730784172,0.19288581609725952,0.19288581609725952,193750,0.0,0.0
2002-06-26 00:00:00+08:00,0.19103113710067798,0.19103113710067798,0.181757775966859,0.18361245095729828,585000,0.0,0.0
2002-06-27 00:00:00+08:00,0.18546710038624867,0.18917643603752088,0.1799030900001526,0.1799030900001526,2726250,0.0,0.0
2002-06-28 00:00:00+08:00,0.17990309843709695,0.1873217839059322,0.17990309843709695,0.18546710908412933,581250,0.0,0.0
2002-07-01 00:00:00+08:00,0.18361242565142477,0.18361242565142477,0.1799030900001526,0.1799030900001526,310000,0.0,0.0
2002-07-02 00:00:00+08:00,0.1799030900001526,0.18361242565142477,0.1799030900001526,0.1799030900001526,1163750,0.0,0.0
2002-07-03 00:00:00+08:00,0.18175777215854613,0.18917645814648446,0.18175777215854613,0.18732179701328278,1290000,0.0,0.0
2002-07-04 00:00:00+08:00,0.19103113710067798,0.19103113710067798,0.18361245095729828,0.18361245095729828,468750,0.0,0.0
2002-07-05 00:00:00+08:00,0.18732180482875738,0.19474047730784172,0.1854671297997974,0.19288581609725952,1405000,0.0,0.0
2002-07-08 00:00:00+08:00,0.19474044896665585,0.19474044896665585,0.18917643850790153,0.19103111326694489,1040000,0.0,0.0
2002-07-09 00:00:00+08:00,0.19103112435534658,0.20957783156719653,0.1891764494886486,0.20772317051887512,6037500,0.0,0.0
2002-07-10 00:00:00+08:00,0.20772319149809806,0.2169965391314063,0.20215916633605957,0.20215916633605957,5855000,0.0,0.0
2002-07-11 00:00:00+08:00,0.20030449524281355,0.2058685063126517,0.19474047035459813,0.19844982028007507,1241250,0.0,0.0
2002-07-12 00:00:00+08:00,0.1984498300464119,0.20401384139007242,0.1984498300464119,0.20215916633605957,470000,0.0,0.0
2002-07-15 00:00:00+08:00,0.200304444590315,0.20772312874687288,0.200304444590315,0.20401377975940704,1781250,0.0,0.0
2002-07-16 00:00:00+08:00,0.20401378596691777,0.22070582928165386,0.20401378596691777,0.2132871448993683,7911250,0.0,0.0
2002-07-17 00:00:00+08:00,0.2114325080795112,0.22070586866680064,0.2114325080795112,0.21885119378566742,2153750,0.0,0.0
2002-07-18 00:00:00+08:00,0.22256054193110483,0.2355432529924184,0.22070588076666928,0.2336885780096054,7495000,0.0,0.0
2002-07-19 00:00:00+08:00,0.2299792086288232,0.23368855828130092,0.22441519796848297,0.22441519796848297,1212500,0.0,0.0
2002-07-22 00:00:00+08:00,0.21514179908505696,0.22256048324161481,0.20215910526567413,0.20401377975940704,2181250,0.0,0.0
2002-07-23 00:00:00+08:00,0.20772317237414578,0.21328718320555784,0.20586849749088287,0.20586849749088287,1437500,0.0,0.0
2002-07-24 00:00:00+08:00,0.20772318869218376,0.20772318869218376,0.18732180482875738,0.19288581609725952,1327500,0.0,0.0
2002-07-25 00:00:00+08:00,0.19659514101015527,0.19844981593225985,0.18175776927007242,0.18917645514011383,3395000,0.0,0.0
2002-07-26 00:00:00+08:00,0.18732179989460632,0.18732179989460632,0.17248442769050598,0.17248442769050598,1415000,0.0,0.0
2002-07-29 00:00:00+08:00,0.17804845639847633,0.18175779290668767,0.17062976956367493,0.17062976956367493,920000,0.0,0.0
2002-07-30 00:00:00+08:00,0.17804843571297838,0.17990311066079906,0.17062974974007286,0.17433908581733704,2226250,0.0,0.0
2002-07-31 00:00:00+08:00,0.1724844316805427,0.1724844316805427,0.16692042042988864,0.16877508163452148,990000,0.0,0.0
2002-08-01 00:00:00+08:00,0.16877507115257756,0.1799031067811457,0.16877507115257756,0.17804843187332153,2760000,0.0,0.0
2002-08-02 00:00:00+08:00,0.17619378123518128,0.17804845639847633,0.17062976956367493,0.17062976956367493,840000,0.0,0.0
2002-08-05 00:00:00+08:00,0.16692040860652924,0.17062974457143185,0.16506573371488956,0.16692040860652924,362500,0.0,0.0
2002-08-06 00:00:00+08:00,0.1613564023483788,0.16321107745170593,0.15950174106343004,0.16321107745170593,657500,0.0,0.0
2002-08-07 00:00:00+08:00,0.165065735578537,0.16877507158531924,0.1632110606659574,0.165065735578537,625000,0.0,0.0
2002-08-08 00:00:00+08:00,0.16506575789216857,0.17248444472696997,0.16506575789216857,0.17062976956367493,1905000,0.0,0.0
2002-08-09 00:00:00+08:00,0.17062976956367493,0.17062976956367493,0.17062976956367493,0.17062976956367493,0,0.0,0.0
2002-08-12 00:00:00+08:00,0.17062974457143185,0.17062974457143185,0.16692040860652924,0.16692040860652924,1202500,0.0,0.0
2002-08-13 00:00:00+08:00,0.1669204136628087,0.17619376076515772,0.1669204136628087,0.17433908581733704,1303750,0.0,0.0
2002-08-14 00:00:00+08:00,0.1724844209682259,0.1799031067811457,0.1724844209682259,0.17804843187332153,737500,0.0,0.0
2002-08-15 00:00:00+08:00,0.18175771832466125,0.18732174153141845,0.17990305774078197,0.18175771832466125,2077500,0.0,0.0
2002-08-16 00:00:00+08:00,0.183612444192177,0.19103113006221845,0.183612444192177,0.18917645514011383,1275000,0.0,0.0
2002-08-19 00:00:00+08:00,0.19288580498432303,0.19288580498432303,0.18917645514011383,0.18917645514011383,916250,0.0,0.0
2002-08-20 00:00:00+08:00,0.19288578802598824,0.19288578802598824,0.18917643850790153,0.19103111326694489,657500,0.0,0.0
2002-08-21 00:00:00+08:00,0.1873218141821604,0.19844983727481214,0.17990312751426643,0.19659516215324402,886250,0.0,0.0
2002-08-22 00:00:00+08:00,0.20030449524281355,0.20215915638717474,0.1965951453173366,0.19844982028007507,1612500,0.0,0.0
2002-08-23 00:00:00+08:00,0.19844982028007507,0.19844982028007507,0.19844982028007507,0.19844982028007507,0,0.0,0.0
2002-08-26 00:00:00+08:00,0.18732179701328278,0.18917645814648446,0.1854671220617039,0.18732179701328278,340000,0.0,0.0
2002-08-27 00:00:00+08:00,0.18732180093817688,0.18732180093817688,0.181757775966859,0.18361245095729828,137500,0.0,0.0
2002-08-28 00:00:00+08:00,0.17990310870055312,0.18361244473739993,0.17619375884532928,0.17619375884532928,150000,0.0,0.0
2002-08-29 00:00:00+08:00,0.17804843187332153,0.181757767870593,0.17433908205767318,0.17804843187332153,197500,0.0,0.0
2002-08-30 00:00:00+08:00,0.17990305774078197,0.18175771832466125,0.17619370893627717,0.18175771832466125,82500,0.0,0.0
2002-09-02 00:00:00+08:00,0.17433908581733704,0.17433908581733704,0.17433908581733704,0.17433908581733704,96250,0.0,0.0
2002-09-03 00:00:00+08:00,0.17248444472696997,0.17248444472696997,0.16877509440037988,0.17062976956367493,168750,0.0,0.0
2002-09-04 00:00:00+08:00,0.17062974457143185,0.17062974457143185,0.16692040860652924,0.16692040860652924,0,0.0,0.0
2002-09-05 00:00:00+08:00,0.16692042042988864,0.16877508163452148,0.16692042042988864,0.16877508163452148,37500,0.0,0.0
2002-09-06 00:00:00+08:00,0.16692042042988864,0.16877508163452148,0.16321107038386742,0.16877508163452148,206250,0.0,0.0
2002-09-09 00:00:00+08:00,0.16692040860652924,0.16692040860652924,0.16506573371488956,0.16692040860652924,212500,0.0,0.0
2002-09-10 00:00:00+08:00,0.16692040860652924,0.16692040860652924,0.16321105882324988,0.16692040860652924,381250,0.0,0.0
2002-09-11 00:00:00+08:00,0.16321105882324988,0.16692040860652924,0.16321105882324988,0.16692040860652924,92500,0.0,0.0
2002-09-12 00:00:00+08:00,0.16321105882324988,0.16692040860652924,0.16321105882324988,0.16692040860652924,62500,0.0,0.0
2002-09-13 00:00:00+08:00,0.1613563839316102,0.16692040860652924,0.1613563839316102,0.16692040860652924,18750,0.0,0.0
2002-09-16 00:00:00+08:00,0.16321105231146807,0.16321105231146807,0.15950171649456024,0.15950171649456024,50000,0.0,0.0
2002-09-17 00:00:00+08:00,0.15950174106343004,0.16506575255503303,0.15950174106343004,0.16321107745170593,121250,0.0,0.0
2002-09-18 00:00:00+08:00,0.15950171649456024,0.15950171649456024,0.1539376920416342,0.15950171649456024,101250,0.0,0.0
2002-09-19 00:00:00+08:00,0.15579236685927622,0.15950171649456024,0.15579236685927622,0.15950171649456024,33750,0.0,0.0
2002-09-20 00:00:00+08:00,0.15950174296578046,0.15950174296578046,0.1502283811569214,0.1502283811569214,0,0.0,0.0
2002-09-23 00:00:00+08:00,0.14837368140708437,0.15950171649456024,0.14837368140708437,0.15950171649456024,47500,0.0,0.0
2002-09-24 00:00:00+08:00,0.1409549857113036,0.15950170490312987,0.1409549857113036,0.15579235553741455,55000,0.0,0.0
2002-09-25 00:00:00+08:00,0.14837370603147387,0.1502283811569214,0.14837370603147387,0.1502283811569214,120000,0.0,0.0
2002-09-26 00:00:00+08:00,0.15022836819316882,0.15022836819316882,0.14837369322776794,0.14837369322776794,50000,0.0,0.0
2002-09-27 00:00:00+08:00,0.15208304315856966,0.15208304315856966,0.14837369322776794,0.14837369322776794,33750,0.0,0.0
2002-09-30 00:00:00+08:00,0.1483736711541845,0.1483736711541845,0.14095498621463776,0.14095498621463776,0,0.0,0.0
2002-10-01 00:00:00+08:00,0.1465190149865285,0.1465190149865285,0.13724565505981445,0.13724565505981445,0,0.0,0.0
2002-10-02 00:00:00+08:00,0.1465190320807444,0.14837369322776794,0.14466435711534353,0.14837369322776794,202500,0.0,0.0
2002-10-03 00:00:00+08:00,0.14837368944745866,0.15208303928375244,0.14837368944745866,0.15208303928375244,68750,0.0,0.0
2002-10-04 00:00:00+08:00,0.1539376920416342,0.15950171649456024,0.1539376920416342,0.15950171649456024,136250,0.0,0.0
2002-10-07 00:00:00+08:00,0.1576470302202722,0.15950170490312987,0.15579235553741455,0.15579235553741455,151250,0.0,0.0
2002-10-08 00:00:00+08:00,0.1613563839316102,0.16877506967979217,0.1613563839316102,0.16692040860652924,163750,0.0,0.0
2002-10-09 00:00:00+08:00,0.17062974649789883,0.17062974649789883,0.1632110606659574,0.165065735578537,1530000,0.0,0.0
2002-10-10 00:00:00+08:00,0.16135639457736128,0.16135639457736128,0.1576470583677292,0.1576470583677292,0,0.0,0.0
2002-10-11 00:00:00+08:00,0.14837368119640806,0.15208303082642516,0.1465190201997757,0.1465190201997757,183750,0.0,0.0
2002-10-14 00:00:00+08:00,0.14466436207294464,0.14466436207294464,0.14466436207294464,0.14466436207294464,37500,0.0,0.0
2002-10-15 00:00:00+08:00,0.14466434538476713,0.15393769182305753,0.14466434538476713,0.1465190201997757,1912500,0.0,0.0
2002-10-16 00:00:00+08:00,0.14651903710190461,0.14651903710190461,0.14466436207294464,0.14466436207294464,170000,0.0,0.0
2002-10-17 00:00:00+08:00,0.14280969447350986,0.1520830562823689,0.14280969447350986,0.1502283811569214,5720000,0.0,0.0
2002-10-18 00:00:00+08:00,0.15393771758943792,0.15764706784033294,0.1502283811569214,0.1502283811569214,15441250,0.0,0.0
2002-10-21 00:00:00+08:00,0.15022835601141662,0.15208303082642516,0.1465190201997757,0.1465190201997757,878750,0.0,0.0
2002-10-22 00:00:00+08:00,0.1465190149865285,0.1465190149865285,0.1353909803107965,0.13724565505981445,3972500,0.0,0.0
2002-10-23 00:00:00+08:00,0.1353909803107965,0.14095499073947465,0.12982696988211834,0.13724565505981445,2012500,0.0,0.0
2002-10-24 00:00:00+08:00,0.13910033339430292,0.13910033339430292,0.13353630900382996,0.13353630900382996,1440000,0.0,0.0
2002-10-25 00:00:00+08:00,0.13353630556177853,0.1428096654884926,0.13353630556177853,0.13724565505981445,5471250,0.0,0.0
2002-10-28 00:00:00+08:00,0.14095499073947465,0.1428096654884926,0.13724565505981445,0.13724565505981445,3422500,0.0,0.0
2002-10-29 00:00:00+08:00,0.13724567710037403,0.13724567710037403,0.1316816657781601,0.1316816657781601,1206250,0.0,0.0
2002-10-30 00:00:00+08:00,0.13168163759780216,0.13539097307934064,0.126117627466307,0.12982696294784546,2318750,0.0,0.0
2002-10-31 00:00:00+08:00,0.12982698473126078,0.13168165969240977,0.1242629736661911,0.1242629736661911,1973750,0.0,0.0
2002-11-01 00:00:00+08:00,0.12426295439130136,0.1279722899198532,0.12240827971783788,0.1279722899198532,1822500,0.0,0.0
2002-11-04 00:00:00+08:00,0.1279722899198532,0.1279722899198532,0.1279722899198532,0.1279722899198532,0,0.0,0.0
2002-11-05 00:00:00+08:00,0.1298269678115094,0.1298269678115094,0.11869894713163376,0.11869894713163376,3207500,0.0,0.0
2002-11-06 00:00:00+08:00,0.1186989639876157,0.12055362515205127,0.1149896140219897,0.1168442890048027,2102500,0.0,0.0
2002-11-07 00:00:00+08:00,0.11869895907199657,0.12055362015962601,0.11498960925998397,0.12055362015962601,2163750,0.0,0.0
2002-11-08 00:00:00+08:00,0.12055360803269605,0.12240828275213382,0.11869894713163376,0.11869894713163376,628750,0.0,0.0
2002-11-11 00:00:00+08:00,0.11869896287324075,0.11869896287324075,0.10942560186461375,0.11128026992082596,863750,0.0,0.0
2002-11-12 00:00:00+08:00,0.10942559836034194,0.12055362015962601,0.10757092345433562,0.12055362015962601,4286250,0.0,0.0
2002-11-13 00:00:00+08:00,0.11869895907199657,0.1261176448776449,0.11869895907199657,0.12055362015962601,3928750,0.0,0.0
2002-11-14 00:00:00+08:00,0.1224082950656323,0.12426296997163862,0.12055362015962601,0.12055362015962601,1196250,0.0,0.0
2002-11-15 00:00:00+08:00,0.12101907934566948,0.1284664087992816,0.12101907934566948,0.1266045868396759,2035000,0.001,0.0
2002-11-18 00:00:00+08:00,0.1284664087992816,0.13032824463061704,0.12474275100834042,0.1266045868396759,1462500,0.0,0.0
2002-11-19 00:00:00+08:00,0.12474274155689172,0.1266045772471605,0.12288090586662291,0.12288090586662292,317500,0.0,0.0
2002-11-20 00:00:00+08:00,0.12288091517700495,0.1266045868396759,0.12288091517700495,0.1266045868396759,347500,0.0,0.0
2002-11-21 00:00:00+08:00,0.1266045772471605,0.1266045772471605,0.12288090586662291,0.12288090586662292,76250,0.0,0.0
2002-11-22 00:00:00+08:00,0.12474274155689172,0.12846639906570054,0.12288090586662291,0.12288090586662292,1422500,0.0,0.0
2002-11-25 00:00:00+08:00,0.12474274155689172,0.1266045772471605,0.12288090586662291,0.12288090586662292,817500,0.0,0.0
2002-11-26 00:00:00+08:00,0.12288091059129454,0.12474274635314941,0.12101907482943966,0.12474274635314941,358750,0.0,0.0
2002-11-27 00:00:00+08:00,0.12288090586662291,0.12288090586662291,0.12101907017635412,0.12288090586662292,183750,0.0,0.0
2002-11-28 00:00:00+08:00,0.12101907017635412,0.12474274155689172,0.12101907017635412,0.12288090586662292,410000,0.0,0.0
2002-11-29 00:00:00+08:00,0.11915725097130148,0.12101907283067703,0.11729541524019686,0.12101907283067703,811250,0.0,0.0
2002-12-02 00:00:00+08:00,0.12101907283067703,0.12101907283067703,0.12101907283067703,0.12101907283067703,0,0.0,0.0
2002-12-03 00:00:00+08:00,0.11729542911052704,0.11729542911052704,0.1117099281925853,0.11729542911052704,145000,0.0,0.0
2002-12-04 00:00:00+08:00,0.11357175083461248,0.11543357963183223,0.11170991510152817,0.11170991510152817,582500,0.0,0.0
2002-12-05 00:00:00+08:00,0.10984809917718161,0.11729542911052704,0.10984809917718161,0.11729542911052704,165000,0.0,0.0
2002-12-06 00:00:00+08:00,0.11729542911052704,0.11729542911052704,0.11729542911052704,0.11729542911052704,0,0.0,0.0
2002-12-09 00:00:00+08:00,0.1135717670121562,0.11543359607458115,0.11170993101386573,0.11543359607458115,337500,0.0,0.0
2002-12-10 00:00:00+08:00,0.11170991510152817,0.11357175083461248,0.11170991510152817,0.11170991510152817,206250,0.0,0.0
2002-12-11 00:00:00+08:00,0.11170991510152817,0.11170991510152817,0.10612442177400436,0.11170991510152817,232500,0.0,0.0
2002-12-12 00:00:00+08:00,0.10984808630430841,0.11170991510152817,0.10984808630430841,0.11170991510152817,90000,0.0,0.0
2002-12-13 00:00:00+08:00,0.10798625057122412,0.11170991510152817,0.10798625057122412,0.11170991510152817,51250,0.0,0.0
2002-12-16 00:00:00+08:00,0.10798625057122412,0.11170991510152817,0.10798625057122412,0.11170991510152817,327500,0.0,0.0
2002-12-17 00:00:00+08:00,0.10798624157905579,0.10798624157905579,0.10612441293687315,0.10798624157905579,117500,0.0,0.0
2002-12-18 00:00:00+08:00,0.10612442344427109,0.10798625227079373,0.10612442344427109,0.10612442344427109,27500,0.0,0.0
2002-12-19 00:00:00+08:00,0.10240077183000997,0.11543359607458115,0.10240077183000997,0.11543359607458115,356250,0.0,0.0
2002-12-20 00:00:00+08:00,0.1135717525896141,0.12474274635314941,0.1135717525896141,0.12474274635314941,852500,0.0,0.0
2002-12-23 00:00:00+08:00,0.12474275100834042,0.1266045868396759,0.12474275100834042,0.1266045868396759,127500,0.0,0.0
2002-12-24 00:00:00+08:00,0.12474274635314941,0.12660458211500428,0.12474274635314941,0.12474274635314941,181250,0.0,0.0
2002-12-25 00:00:00+08:00,0.12474274635314941,0.12474274635314941,0.12474274635314941,0.12474274635314941,0,0.0,0.0
2002-12-26 00:00:00+08:00,0.11543357950909224,0.12288090856178165,0.11543357950909224,0.12101907283067703,51250,0.0,0.0
2002-12-27 00:00:00+08:00,0.11915725469589233,0.11915725469589233,0.11915725469589233,0.11915725469589233,3750,0.0,0.0
2002-12-30 00:00:00+08:00,0.1154335831172894,0.11915725469589233,0.1154335831172894,0.11915725469589233,95000,0.0,0.0
2002-12-31 00:00:00+08:00,0.1154335831172894,0.12288091240276577,0.1154335831172894,0.11915725469589233,67500,0.0,0.0
2003-01-01 00:00:00+08:00,0.11915725469589233,0.11915725469589233,0.11915725469589233,0.11915725469589233,0,0.0,0.0
2003-01-02 00:00:00+08:00,0.11543358446319957,0.11543358446319957,0.11357175558805466,0.11357175558805466,48750,0.0,0.0
2003-01-03 00:00:00+08:00,0.1154335831172894,0.12474274819206724,0.11357175426385269,0.11915725469589233,211250,0.0,0.0
2003-01-06 00:00:00+08:00,0.1154335831172894,0.11915725469589233,0.1154335831172894,0.11915725469589233,93750,0.0,0.0
2003-01-07 00:00:00+08:00,0.1135717670121562,0.11543359607458115,0.1135717670121562,0.11543359607458115,175000,0.0,0.0
2003-01-08 00:00:00+08:00,0.1172954320728716,0.11915726807116207,0.11543359607458115,0.11543359607458115,118750,0.0,0.0
2003-01-09 00:00:00+08:00,0.11357174822287207,0.12288090586662291,0.11357174822287207,0.12288090586662292,375000,0.0,0.0
2003-01-10 00:00:00+08:00,0.12288090856178165,0.12474274429288626,0.11915725097130148,0.12101907283067703,188750,0.0,0.0
2003-01-13 00:00:00+08:00,0.12846639906570054,0.12846639906570054,0.12101907017635412,0.12288090586662292,316250,0.0,0.0
2003-01-14 00:00:00+08:00,0.12288090856178165,0.12288090856178165,0.12101907283067703,0.12101907283067703,50000,0.0,0.0
2003-01-15 00:00:00+08:00,0.12101907283067703,0.12288090856178165,0.12101907283067703,0.12101907283067703,168750,0.0,0.0
2003-01-16 00:00:00+08:00,0.1172954320728716,0.1172954320728716,0.11543359607458115,0.11543359607458115,62500,0.0,0.0
2003-01-17 00:00:00+08:00,0.11543359607458115,0.11543359607458115,0.1135717670121562,0.11543359607458115,253750,0.0,0.0
2003-01-20 00:00:00+08:00,0.11170991510152817,0.11170991510152817,0.11170991510152817,0.11170991510152817,106250,0.0,0.0
2003-01-21 00:00:00+08:00,0.11543357963183223,0.11543357963183223,0.11170991510152817,0.11170991510152817,75000,0.0,0.0
2003-01-22 00:00:00+08:00,0.10984809090190001,0.11357175558805466,0.10984809090190001,0.11357175558805466,40000,0.0,0.0
2003-01-23 00:00:00+08:00,0.11357175558805466,0.11357175558805466,0.11357175558805466,0.11357175558805466,50000,0.0,0.0
2003-01-24 00:00:00+08:00,0.11170991510152817,0.11170991510152817,0.11170991510152817,0.11170991510152817,25000,0.0,0.0
2003-01-27 00:00:00+08:00,0.11357174137733161,0.11357174137733161,0.10798624157905579,0.10798624157905579,200000,0.0,0.0
2003-01-28 00:00:00+08:00,0.10612442344427109,0.10612442344427109,0.10612442344427109,0.10612442344427109,37500,0.0,0.0
2003-01-29 00:00:00+08:00,0.10426259297678458,0.11170991510152817,0.10426259297678458,0.11170991510152817,81250,0.0,0.0
2003-01-30 00:00:00+08:00,0.10798625227079373,0.10798625227079373,0.10612442344427109,0.10612442344427109,0,0.0,0.0
2003-01-31 00:00:00+08:00,0.10612442621574536,0.1172954202742093,0.10612442621574536,0.11357175558805466,106250,0.0,0.0
2003-02-03 00:00:00+08:00,0.11357175558805466,0.11357175558805466,0.11357175558805466,0.11357175558805466,0,0.0,0.0
2003-02-04 00:00:00+08:00,0.11170991510152817,0.11357175083461248,0.11170991510152817,0.11170991510152817,250000,0.0,0.0
2003-02-05 00:00:00+08:00,0.11915723964766921,0.11915723964766921,0.1042625829577446,0.1042625829577446,0,0.0,0.0
2003-02-06 00:00:00+08:00,0.10240075329234546,0.10984808206558228,0.10240075329234546,0.10984808206558228,5000,0.0,0.0
2003-02-07 00:00:00+08:00,0.11543357001951425,0.11543357001951425,0.10798624157905579,0.10798624157905579,0,0.0,0.0
2003-02-10 00:00:00+08:00,0.10984807574853439,0.10984807574853439,0.1042625829577446,0.1042625829577446,0,0.0,0.0
2003-02-11 00:00:00+08:00,0.10798624157905579,0.10798624157905579,0.10798624157905579,0.10798624157905579,50000,0.0,0.0
2003-02-12 00:00:00+08:00,0.10798624157905579,0.10798624157905579,0.10798624157905579,0.10798624157905579,0,0.0,0.0
2003-02-13 00:00:00+08:00,0.10612442344427109,0.10612442344427109,0.10612442344427109,0.10612442344427109,18750,0.0,0.0
2003-02-14 00:00:00+08:00,0.1042625829577446,0.1042625829577446,0.1042625829577446,0.1042625829577446,12500,0.0,0.0
2003-02-17 00:00:00+08:00,0.18618318088060226,0.18618318088060226,0.1042625829577446,0.1042625829577446,0,0.0,0.0
2003-02-18 00:00:00+08:00,0.11543356853932418,0.11543356853932418,0.1042625829577446,0.1042625829577446,0,0.0,0.0
2003-02-19 00:00:00+08:00,0.1042625889535868,0.10984808206558228,0.1042625889535868,0.10984808206558228,37500,0.0,0.0
2003-02-20 00:00:00+08:00,0.11170991510152817,0.11170991510152817,0.11170991510152817,0.11170991510152817,8750,0.0,0.0
2003-02-21 00:00:00+08:00,0.10053893002883853,0.10612442344427109,0.10053893002883853,0.10612442344427109,68750,0.0,0.0
2003-02-24 00:00:00+08:00,0.10612441293687315,0.10798624157905579,0.10612441293687315,0.10798624157905579,37500,0.0,0.0
2003-02-25 00:00:00+08:00,0.10798623499297054,0.10798623499297054,0.10240074247121811,0.10240074247121811,0,0.0,0.0
2003-02-26 00:00:00+08:00,0.10612441293687315,0.10798624157905579,0.10612441293687315,0.10798624157905579,31250,0.0,0.0
2003-02-27 00:00:00+08:00,0.10798625227079373,0.10798625227079373,0.10612442344427109,0.10612442344427109,0,0.0,0.0
2003-02-28 00:00:00+08:00,0.10053892844648053,0.11170991510152817,0.10053892844648053,0.11170991510152817,240000,0.0,0.0
2003-03-03 00:00:00+08:00,0.1042625829577446,0.10612441157605323,0.1042625829577446,0.1042625829577446,93750,0.0,0.0
2003-03-04 00:00:00+08:00,0.10240075305754132,0.10240075305754132,0.09867708867946125,0.10053892433643341,98750,0.0,0.0
2003-03-05 00:00:00+08:00,0.10053893805175794,0.10053893805175794,0.09681527316570282,0.09681527316570282,0,0.0,0.0
2003-03-06 00:00:00+08:00,0.09867708323109092,0.10798624019436187,0.09867708323109092,0.1042625829577446,625000,0.0,0.0
2003-03-07 00:00:00+08:00,0.10426258429469051,0.10798624157905579,0.10053892007446129,0.10798624157905579,70000,0.0,0.0
2003-03-10 00:00:00+08:00,0.10053893002883853,0.10798625227079373,0.10053893002883853,0.10612442344427109,163750,0.0,0.0
2003-03-11 00:00:00+08:00,0.10612441157605323,0.10612441157605323,0.10240074740357208,0.1042625829577446,123750,0.0,0.0
2003-03-12 00:00:00+08:00,0.10240074871664392,0.10798624157905579,0.10240074871664392,0.10798624157905579,25000,0.0,0.0
2003-03-13 00:00:00+08:00,0.1061244064643409,0.1061244064643409,0.10240074247121811,0.10240074247121811,0,0.0,0.0
2003-03-14 00:00:00+08:00,0.10240074247121811,0.1061244064643409,0.10240074247121811,0.10240074247121811,33750,0.0,0.0
2003-03-17 00:00:00+08:00,0.10053891878526344,0.1042625829577446,0.10053891878526344,0.1042625829577446,52500,0.0,0.0
2003-03-18 00:00:00+08:00,0.10053891878526344,0.1042625829577446,0.10053891878526344,0.1042625829577446,191250,0.0,0.0
2003-03-19 00:00:00+08:00,0.10240074247121811,0.1061244064643409,0.10240074247121811,0.10240074247121811,36250,0.0,0.0
2003-03-20 00:00:00+08:00,0.10426260782830044,0.11543359607458115,0.10426260782830044,0.11543359607458115,488750,0.0,0.0
2003-03-21 00:00:00+08:00,0.11543357950909224,0.12101907283067703,0.11357175071385216,0.12101907283067703,473750,0.0,0.0
2003-03-24 00:00:00+08:00,0.1172954171774592,0.12474274635314941,0.1172954171774592,0.12474274635314941,668750,0.0,0.0
2003-03-25 00:00:00+08:00,0.12474274819206724,0.12474274819206724,0.11915725469589233,0.11915725469589233,0,0.0,0.0
2003-03-26 00:00:00+08:00,0.12101907017635412,0.12288090586662291,0.12101907017635412,0.12288090586662292,22500,0.0,0.0
2003-03-27 00:00:00+08:00,0.12288091240276577,0.12288091240276577,0.11915725469589233,0.11915725469589233,0,0.0,0.0
2003-03-28 00:00:00+08:00,0.11915725469589233,0.11915725469589233,0.11915725469589233,0.11915725469589233,25000,0.0,0.0
2003-03-31 00:00:00+08:00,0.10612441157605323,0.11543356853932418,0.1042625829577446,0.1042625829577446,35000,0.0,0.0
2003-04-01 00:00:00+08:00,0.10426260782830044,0.11543359607458115,0.10426260782830044,0.11543359607458115,273750,0.0,0.0
2003-04-02 00:00:00+08:00,0.10798625057122412,0.11170991510152817,0.10798625057122412,0.11170991510152817,27500,0.0,0.0
2003-04-03 00:00:00+08:00,0.1135717670121562,0.1172954320728716,0.1135717670121562,0.11543359607458115,131250,0.0,0.0
2003-04-04 00:00:00+08:00,0.1135717670121562,0.1172954320728716,0.11170993101386573,0.11543359607458115,75000,0.0,0.0
2003-04-07 00:00:00+08:00,0.11915725109800084,0.11915725109800084,0.11170991510152817,0.11170991510152817,0,0.0,0.0
2003-04-08 00:00:00+08:00,0.11543358446319957,0.11543358446319957,0.10984809090190001,0.11357175558805466,53750,0.0,0.0
2003-04-09 00:00:00+08:00,0.11357174645220068,0.11357174645220068,0.10984808206558228,0.10984808206558228,0,0.0,0.0
2003-04-10 00:00:00+08:00,0.11357174645220068,0.11357174645220068,0.10984808206558228,0.10984808206558228,0,0.0,0.0
2003-04-11 00:00:00+08:00,0.10984810195144079,0.11543359607458115,0.10984810195144079,0.11543359607458115,20000,0.0,0.0
2003-04-14 00:00:00+08:00,0.11357175262209093,0.11357175262209093,0.10612442344427109,0.10612442344427109,0,0.0,0.0
2003-04-15 00:00:00+08:00,0.10612442621574536,0.11357175558805466,0.10612442621574536,0.11357175558805466,28750,0.0,0.0
2003-04-16 00:00:00+08:00,0.11357175262209093,0.11357175262209093,0.10612442344427109,0.10612442344427109,0,0.0,0.0
2003-04-17 00:00:00+08:00,0.11357175262209093,0.11357175262209093,0.10612442344427109,0.10612442344427109,0,0.0,0.0
2003-04-18 00:00:00+08:00,0.10612442344427109,0.10612442344427109,0.10612442344427109,0.10612442344427109,0,0.0,0.0
2003-04-21 00:00:00+08:00,0.11357173992101555,0.11357173992101555,0.1042625829577446,0.1042625829577446,0,0.0,0.0
2003-04-22 00:00:00+08:00,0.11170990436684303,0.11170990436684303,0.1042625829577446,0.1042625829577446,0,0.0,0.0
2003-04-23 00:00:00+08:00,0.11357173992101555,0.11357173992101555,0.1042625829577446,0.1042625829577446,7500,0.0,0.0
2003-04-24 00:00:00+08:00,0.10612441157605323,0.10612441157605323,0.1042625829577446,0.1042625829577446,36250,0.0,0.0
2003-04-25 00:00:00+08:00,0.10426258871451348,0.10426258871451348,0.09681525995835334,0.10053892433643341,163750,0.0,0.0
2003-04-28 00:00:00+08:00,0.10426258429469051,0.10798624157905579,0.10426258429469051,0.10798624157905579,16250,0.0,0.0
2003-04-29 00:00:00+08:00,0.10984808206558228,0.10984808206558228,0.10612441767896387,0.10984808206558228,48750,0.0,0.0
2003-04-30 00:00:00+08:00,0.10984807715710239,0.10984807715710239,0.10798624157905579,0.10798624157905579,127500,0.0,0.0
2003-05-01 00:00:00+08:00,0.10798624157905579,0.10798624157905579,0.10798624157905579,0.10798624157905579,0,0.0,0.0
2003-05-02 00:00:00+08:00,0.09867709271339624,0.11170991510152817,0.09867709271339624,0.11170991510152817,38750,0.0,0.0
2003-05-05 00:00:00+08:00,0.11170991079095934,0.11170991079095934,0.10798624640434093,0.10984808206558228,112500,0.0,0.0
2003-05-06 00:00:00+08:00,0.1098480704574637,0.1098480704574637,0.10240074247121811,0.10240074247121811,0,0.0,0.0
2003-05-07 00:00:00+08:00,0.10984810195144079,0.11543359607458115,0.10984810195144079,0.11543359607458115,221250,0.0,0.0
2003-05-08 00:00:00+08:00,0.12101907661346431,0.12101907661346431,0.1154335831172894,0.11915725469589233,167500,0.0,0.0
2003-05-09 00:00:00+08:00,0.12101907017635412,0.12846639906570054,0.12101907017635412,0.12288090586662292,1125000,0.0,0.0
2003-05-12 00:00:00+08:00,0.12288091240276577,0.12288091240276577,0.11729541890659087,0.11915725469589233,307500,0.0,0.0
2003-05-13 00:00:00+08:00,0.12288090586662291,0.12288090586662291,0.12288090586662291,0.12288090586662292,6250,0.0,0.0
2003-05-14 00:00:00+08:00,0.11170993101386573,0.11543359607458115,0.11170993101386573,0.11543359607458115,26250,0.0,0.0
2003-05-15 00:00:00+08:00,0.11543359607458115,0.11543359607458115,0.11543359607458115,0.11543359607458115,0,0.0,0.0
2003-05-16 00:00:00+08:00,0.11357175558805466,0.11357175558805466,0.11357175558805466,0.11357175558805466,25000,0.0,0.0
2003-05-19 00:00:00+08:00,0.11170991510152817,0.11170991510152817,0.10426259297678458,0.11170991510152817,443750,0.0,0.0
2003-05-20 00:00:00+08:00,0.10798624640434093,0.10984808206558228,0.10798624640434093,0.10984808206558228,56250,0.0,0.0
2003-05-21 00:00:00+08:00,0.10612442344427109,0.10612442344427109,0.10612442344427109,0.10612442344427109,6250,0.0,0.0
2003-05-22 00:00:00+08:00,0.10798625227079373,0.10798625227079373,0.10612442344427109,0.10612442344427109,31250,0.0,0.0
2003-05-23 00:00:00+08:00,0.10798624640434093,0.10984808206558228,0.10798624640434093,0.10984808206558228,218750,0.0,0.0
2003-05-26 00:00:00+08:00,0.11170991977704492,0.11357175558805466,0.11170991977704492,0.11357175558805466,241250,0.0,0.0
2003-05-27 00:00:00+08:00,0.10798624157905579,0.10798624157905579,0.10798624157905579,0.10798624157905579,17500,0.0,0.0
2003-05-28 00:00:00+08:00,0.10984809090190001,0.11357175558805466,0.10984809090190001,0.11357175558805466,88750,0.0,0.0
2003-05-29 00:00:00+08:00,0.10798625227079373,0.10798625227079373,0.10612442344427109,0.10612442344427109,62500,0.0,0.0
2003-05-30 00:00:00+08:00,0.10984808630430841,0.11170991510152817,0.10984808630430841,0.11170991510152817,130000,0.0,0.0
2003-06-02 00:00:00+08:00,0.11170991977704492,0.11543358446319957,0.10984809090190001,0.11357175558805466,260000,0.0,0.0
2003-06-03 00:00:00+08:00,0.10798624640434093,0.11170991079095934,0.10798624640434093,0.10984808206558228,281250,0.0,0.0
2003-06-04 00:00:00+08:00,0.11170990579928501,0.11170990579928501,0.10798624157905579,0.10798624157905579,0,0.0,0.0
2003-06-05 00:00:00+08:00,0.11357175558805466,0.11915725608521904,0.11357175558805466,0.11357175558805466,858750,0.0,0.0
2003-06-06 00:00:00+08:00,0.11543359607458115,0.11915726807116207,0.11170993101386573,0.11543359607458115,577500,0.0,0.0
2003-06-09 00:00:00+08:00,0.11543358446319957,0.12101907802449913,0.11357175558805466,0.11357175558805466,445000,0.0,0.0
2003-06-10 00:00:00+08:00,0.1135717670121562,0.11543359607458115,0.1135717670121562,0.11543359607458115,256250,0.0,0.0
2003-06-11 00:00:00+08:00,0.1172954320728716,0.12288092619601196,0.1135717670121562,0.11543359607458115,3633750,0.0,0.0
2003-06-12 00:00:00+08:00,0.11729541890659087,0.12101907661346431,0.1154335831172894,0.11915725469589233,3088750,0.0,0.0
2003-06-13 00:00:00+08:00,0.11915726807116207,0.11915726807116207,0.1135717670121562,0.11543359607458115,2121250,0.0,0.0
2003-06-16 00:00:00+08:00,0.11170991510152817,0.11357175083461248,0.10984808630430841,0.11170991510152817,452500,0.0,0.0
2003-06-17 00:00:00+08:00,0.11543357963183223,0.11543357963183223,0.10798625057122412,0.11170991510152817,1621250,0.0,0.0
2003-06-18 00:00:00+08:00,0.10798625227079373,0.10984808803318101,0.10426259461774845,0.10612442344427109,1813750,0.0,0.0
2003-06-19 00:00:00+08:00,0.10612442344427109,0.10612442344427109,0.10426259461774845,0.10612442344427109,2295000,0.0,0.0
2003-06-20 00:00:00+08:00,0.10612441157605323,0.10612441157605323,0.1042625829577446,0.1042625829577446,745000,0.0,0.0
2003-06-23 00:00:00+08:00,0.10426257793571127,0.10426257793571127,0.10240074247121811,0.10240074247121811,866250,0.0,0.0
2003-06-24 00:00:00+08:00,0.10240076350920889,0.10240076350920889,0.09867709875106812,0.09867709875106812,545000,0.0,0.0
2003-06-25 00:00:00+08:00,0.0986770784780953,0.10240074247121811,0.0986770784780953,0.10240074247121811,2343750,0.0,0.0
2003-06-26 00:00:00+08:00,0.10240074247121811,0.10240074247121811,0.10053891394258847,0.10240074247121811,1425000,0.0,0.0
2003-06-27 00:00:00+08:00,0.10240074740357208,0.10612441157605323,0.10053891878526344,0.1042625829577446,3552500,0.0,0.0
2003-06-30 00:00:00+08:00,0.10612441743562138,0.10612441743562138,0.10053892433643341,0.10053892433643341,611250,0.0,0.0
2003-07-01 00:00:00+08:00,0.10240074247121811,0.10240074247121811,0.10053891394258847,0.10240074247121811,147500,0.0,0.0
2003-07-02 00:00:00+08:00,0.10240076350920889,0.10240076350920889,0.09867709875106812,0.09867709875106812,1306250,0.0,0.0
2003-07-03 00:00:00+08:00,0.09867710214079778,0.09867710214079778,0.09681527316570282,0.09681527316570282,540000,0.0,0.0
2003-07-04 00:00:00+08:00,0.09681527316570282,0.09681527316570282,0.09495343725474266,0.09681527316570282,971250,0.0,0.0
2003-07-07 00:00:00+08:00,0.09681525995835334,0.10053892433643341,0.09681525995835334,0.10053892433643341,1342500,0.0,0.0
2003-07-08 00:00:00+08:00,0.10240076350920889,0.10240076350920889,0.09867709875106812,0.09867709875106812,1066250,0.0,0.0
2003-07-09 00:00:00+08:00,0.10053891394258847,0.10240074247121811,0.10053891394258847,0.10240074247121811,1403750,0.0,0.0
2003-07-10 00:00:00+08:00,0.10240074247121811,0.10240074247121811,0.10053891394258847,0.10240074247121811,320000,0.0,0.0
2003-07-11 00:00:00+08:00,0.10053891394258847,0.10426257793571127,0.10053891394258847,0.10240074247121811,500000,0.0,0.0
2003-07-14 00:00:00+08:00,0.10984808630430841,0.11357175083461248,0.10798625057122412,0.11170991510152817,5493750,0.0,0.0
2003-07-15 00:00:00+08:00,0.11170991079095934,0.11170991079095934,0.10984808206558228,0.10984808206558228,1635000,0.0,0.0
2003-07-16 00:00:00+08:00,0.11357175426385269,0.12474274819206724,0.11170991847455122,0.11915725469589233,6451250,0.0,0.0
2003-07-17 00:00:00+08:00,0.11915725608521904,0.11915725608521904,0.11357175558805466,0.11357175558805466,1120000,0.0,0.0
2003-07-18 00:00:00+08:00,0.11357176414385432,0.11729542911052704,0.11357176414385432,0.11729542911052704,1048750,0.0,0.0
2003-07-21 00:00:00+08:00,0.11543357963183223,0.11543357963183223,0.11170991510152817,0.11170991510152817,565000,0.0,0.0
2003-07-22 00:00:00+08:00,0.10984807715710239,0.10984807715710239,0.10612441293687315,0.10798624157905579,802500,0.0,0.0
2003-07-23 00:00:00+08:00,0.10984807574853439,0.10984807574853439,0.1042625829577446,0.1042625829577446,801250,0.0,0.0
2003-07-24 00:00:00+08:00,0.1042625829577446,0.10612441157605323,0.10240074740357208,0.1042625829577446,477500,0.0,0.0
2003-07-25 00:00:00+08:00,0.10612442344427109,0.10798625227079373,0.10426259461774845,0.10612442344427109,272500,0.0,0.0
2003-07-28 00:00:00+08:00,0.10798625227079373,0.10798625227079373,0.10612442344427109,0.10612442344427109,321250,0.0,0.0
2003-07-29 00:00:00+08:00,0.10426259461774845,0.10612442344427109,0.10426259461774845,0.10612442344427109,58750,0.0,0.0
2003-07-30 00:00:00+08:00,0.10426258429469051,0.10798624157905579,0.10426258429469051,0.10798624157905579,268750,0.0,0.0
2003-07-31 00:00:00+08:00,0.10612442344427109,0.10612442344427109,0.10612442344427109,0.10612442344427109,220000,0.0,0.0
2003-08-01 00:00:00+08:00,0.10426259461774845,0.10798625227079373,0.10426259461774845,0.10612442344427109,318750,0.0,0.0
2003-08-04 00:00:00+08:00,0.10612442344427109,0.10612442344427109,0.10426259461774845,0.10612442344427109,70000,0.0,0.0
2003-08-05 00:00:00+08:00,0.1042625829577446,0.1042625829577446,0.10240074740357208,0.1042625829577446,258750,0.0,0.0
2003-08-06 00:00:00+08:00,0.10240074247121811,0.10240074247121811,0.10240074247121811,0.10240074247121811,116250,0.0,0.0
2003-08-07 00:00:00+08:00,0.1042625829577446,0.1042625829577446,0.1042625829577446,0.1042625829577446,125000,0.0,0.0
2003-08-08 00:00:00+08:00,0.10240075305754132,0.10426258871451348,0.10053892433643341,0.10053892433643341,403750,0.0,0.0
2003-08-11 00:00:00+08:00,0.10426257793571127,0.10426257793571127,0.10240074247121811,0.10240074247121811,167500,0.0,0.0
2003-08-12 00:00:00+08:00,0.10426259461774845,0.10612442344427109,0.10426259461774845,0.10612442344427109,633750,0.0,0.0
2003-08-13 00:00:00+08:00,0.10798624640434093,0.10984808206558228,0.10798624640434093,0.10984808206558228,672500,0.0,0.0
2003-08-14 00:00:00+08:00,0.10984808630430841,0.11357175083461248,0.10798625057122412,0.11170991510152817,510000,0.0,0.0
2003-08-15 00:00:00+08:00,0.11170991510152817,0.11170991510152817,0.11170991510152817,0.11170991510152817,0,0.0,0.0
2003-08-18 00:00:00+08:00,0.11170991977704492,0.11357175558805466,0.10798625509089027,0.11357175558805466,760000,0.0,0.0
2003-08-19 00:00:00+08:00,0.11543357517757774,0.11543357517757774,0.10984808206558228,0.10984808206558228,458750,0.0,0.0
2003-08-20 00:00:00+08:00,0.10798625227079373,0.10798625227079373,0.10426259461774845,0.10612442344427109,212500,0.0,0.0
2003-08-21 00:00:00+08:00,0.10798624640434093,0.10984808206558228,0.10798624640434093,0.10984808206558228,238750,0.0,0.0
2003-08-22 00:00:00+08:00,0.10984807715710239,0.10984807715710239,0.10612441293687315,0.10798624157905579,326250,0.0,0.0
2003-08-25 00:00:00+08:00,0.10798625227079373,0.10798625227079373,0.10612442344427109,0.10612442344427109,152500,0.0,0.0
2003-08-26 00:00:00+08:00,0.10798625227079373,0.10798625227079373,0.10426259461774845,0.10612442344427109,283750,0.0,0.0
2003-08-27 00:00:00+08:00,0.10798624019436187,0.10798624019436187,0.1042625829577446,0.1042625829577446,77500,0.0,0.0
2003-08-28 00:00:00+08:00,0.10612441157605323,0.10612441157605323,0.1042625829577446,0.1042625829577446,138750,0.0,0.0
2003-08-29 00:00:00+08:00,0.10426257793571127,0.10426257793571127,0.10240074247121811,0.10240074247121811,265000,0.0,0.0
2003-09-01 00:00:00+08:00,0.10426257793571127,0.10426257793571127,0.10053891394258847,0.10240074247121811,250000,0.0,0.0
2003-09-02 00:00:00+08:00,0.1042625829577446,0.1042625829577446,0.10240074740357208,0.1042625829577446,81250,0.0,0.0
2003-09-03 00:00:00+08:00,0.10240074247121811,0.10426257793571127,0.10240074247121811,0.10240074247121811,62500,0.0,0.0
2003-09-04 00:00:00+08:00,0.10426259461774845,0.10612442344427109,0.10426259461774845,0.10612442344427109,167500,0.0,0.0
2003-09-05 00:00:00+08:00,0.10798624640434093,0.10984808206558228,0.1042625889535868,0.10984808206558228,503750,0.0,0.0
2003-09-08 00:00:00+08:00,0.10798624157905579,0.10798624157905579,0.10612441293687315,0.10798624157905579,260000,0.0,0.0
2003-09-09 00:00:00+08:00,0.10984807574853439,0.10984807574853439,0.1042625829577446,0.1042625829577446,357500,0.0,0.0
2003-09-10 00:00:00+08:00,0.10426257793571127,0.10426257793571127,0.10240074247121811,0.10240074247121811,373750,0.0,0.0
2003-09-11 00:00:00+08:00,0.10240074740357208,0.1042625829577446,0.10240074740357208,0.1042625829577446,511250,0.0,0.0
2003-09-12 00:00:00+08:00,0.1042625829577446,0.1042625829577446,0.10240074740357208,0.1042625829577446,297500,0.0,0.0
2003-09-15 00:00:00+08:00,0.10612441157605323,0.10798624019436187,0.1042625829577446,0.1042625829577446,417500,0.0,0.0
2003-09-16 00:00:00+08:00,0.10426259461774845,0.10612442344427109,0.10240075885536117,0.10612442344427109,81250,0.0,0.0
2003-09-17 00:00:00+08:00,0.10798624640434093,0.11357174645220068,0.10612441767896387,0.10984808206558228,2268750,0.0,0.0
2003-09-18 00:00:00+08:00,0.10798624640434093,0.11357174645220068,0.10798624640434093,0.10984808206558228,542500,0.0,0.0
2003-09-19 00:00:00+08:00,0.11170991079095934,0.11543357517757774,0.10984808206558228,0.10984808206558228,685000,0.0,0.0
2003-09-22 00:00:00+08:00,0.11170990579928501,0.11170990579928501,0.10798624157905579,0.10798624157905579,600000,0.0,0.0
2003-09-23 00:00:00+08:00,0.10798624157905579,0.10798624157905579,0.10426258429469051,0.10798624157905579,187500,0.0,0.0
2003-09-24 00:00:00+08:00,0.10798625227079373,0.10798625227079373,0.10612442344427109,0.10612442344427109,286250,0.0,0.0
2003-09-25 00:00:00+08:00,0.10612441293687315,0.10798624157905579,0.10426258429469051,0.10798624157905579,488750,0.0,0.0
2003-09-26 00:00:00+08:00,0.10798625227079373,0.10798625227079373,0.10612442344427109,0.10612442344427109,100000,0.0,0.0
2003-09-29 00:00:00+08:00,0.10612441157605323,0.10612441157605323,0.1042625829577446,0.1042625829577446,498750,0.0,0.0
2003-09-30 00:00:00+08:00,0.1042625829577446,0.10612441157605323,0.1042625829577446,0.1042625829577446,230000,0.0,0.0
2003-10-01 00:00:00+08:00,0.10426259461774845,0.10612442344427109,0.10426259461774845,0.10612442344427109,275000,0.0,0.0
2003-10-02 00:00:00+08:00,0.10612442344427109,0.10612442344427109,0.10426259461774845,0.10612442344427109,80000,0.0,0.0
2003-10-03 00:00:00+08:00,0.1042625829577446,0.1042625829577446,0.10240074740357208,0.1042625829577446,283750,0.0,0.0
2003-10-06 00:00:00+08:00,0.1042625829577446,0.10612441157605323,0.1042625829577446,0.1042625829577446,272500,0.0,0.0
2003-10-07 00:00:00+08:00,0.10426257793571127,0.1061244064643409,0.10240074247121811,0.10240074247121811,421250,0.0,0.0
2003-10-08 00:00:00+08:00,0.10426258871451348,0.10426258871451348,0.10053892433643341,0.10053892433643341,581250,0.0,0.0
2003-10-09 00:00:00+08:00,0.1042625889535868,0.11170991079095934,0.1042625889535868,0.10984808206558228,2251250,0.0,0.0
2003-10-10 00:00:00+08:00,0.11170991079095934,0.11170991079095934,0.10984808206558228,0.10984808206558228,438750,0.0,0.0
2003-10-13 00:00:00+08:00,0.11729542911052704,0.11915726506179607,0.11357176414385432,0.11729542911052704,2923750,0.0,0.0
2003-10-14 00:00:00+08:00,0.1172954320728716,0.1172954320728716,0.11543359607458115,0.11543359607458115,857500,0.0,0.0
2003-10-15 00:00:00+08:00,0.11357175083461248,0.11357175083461248,0.11170991510152817,0.11170991510152817,203750,0.0,0.0
2003-10-16 00:00:00+08:00,0.11170991977704492,0.11357175558805466,0.11170991977704492,0.11357175558805466,222500,0.0,0.0
2003-10-17 00:00:00+08:00,0.11170991977704492,0.11357175558805466,0.11170991977704492,0.11357175558805466,177500,0.0,0.0
2003-10-20 00:00:00+08:00,0.11170990579928501,0.11170990579928501,0.10798624157905579,0.10798624157905579,600000,0.0,0.0
2003-10-21 00:00:00+08:00,0.10984808630430841,0.11170991510152817,0.10798625057122412,0.11170991510152817,555000,0.0,0.0
2003-10-22 00:00:00+08:00,0.11357175558805466,0.1172954202742093,0.11357175558805466,0.11357175558805466,1718750,0.0,0.0
2003-10-23 00:00:00+08:00,0.11357175083461248,0.11543357963183223,0.10984808630430841,0.11170991510152817,697500,0.0,0.0
2003-10-24 00:00:00+08:00,0.11170991510152817,0.11170991510152817,0.11170991510152817,0.11170991510152817,0,0.0,0.0
2003-10-27 00:00:00+08:00,0.11170991510152817,0.11170991510152817,0.10984808630430841,0.11170991510152817,207500,0.0,0.0
2003-10-28 00:00:00+08:00,0.10984808630430841,0.11170991510152817,0.10798625057122412,0.11170991510152817,347500,0.0,0.0
2003-10-29 00:00:00+08:00,0.11357174137733161,0.11357174137733161,0.10798624157905579,0.10798624157905579,418750,0.0,0.0
2003-10-30 00:00:00+08:00,0.10798624019436187,0.10798624019436187,0.10240074740357208,0.1042625829577446,768750,0.0,0.0
2003-10-31 00:00:00+08:00,0.10426259461774845,0.10612442344427109,0.10053893002883853,0.10612442344427109,375000,0.0,0.0
2003-11-03 00:00:00+08:00,0.10612441293687315,0.10798624157905579,0.10612441293687315,0.10798624157905579,95000,0.0,0.0
2003-11-04 00:00:00+08:00,0.10612441293687315,0.10798624157905579,0.10612441293687315,0.10798624157905579,118750,0.0,0.0
2003-11-05 00:00:00+08:00,0.10612442344427109,0.10612442344427109,0.10612442344427109,0.10612442344427109,96250,0.0,0.0
2003-11-06 00:00:00+08:00,0.10426259461774845,0.10612442344427109,0.10426259461774845,0.10612442344427109,181250,0.0,0.0
2003-11-07 00:00:00+08:00,0.10426259461774845,0.10798625227079373,0.10426259461774845,0.10612442344427109,75000,0.0,0.0
2003-11-10 00:00:00+08:00,0.10426257793571127,0.10426257793571127,0.10240074247121811,0.10240074247121811,350000,0.0,0.0
2003-11-11 00:00:00+08:00,0.10053891394258847,0.10240074247121811,0.10053891394258847,0.10240074247121811,56250,0.0,0.0
2003-11-12 00:00:00+08:00,0.10426258871451348,0.10426258871451348,0.10053892433643341,0.10053892433643341,370000,0.0,0.0
2003-11-13 00:00:00+08:00,0.10240074247121811,0.10240074247121811,0.10240074247121811,0.10240074247121811,75000,0.0,0.0
2003-11-14 00:00:00+08:00,0.10240075305754132,0.10240075305754132,0.10053892433643341,0.10053892433643341,28750,0.0,0.0
2003-11-17 00:00:00+08:00,0.10053892433643341,0.10053892433643341,0.10053892433643341,0.10053892433643341,103750,0.0,0.0
2003-11-18 00:00:00+08:00,0.09867709875106812,0.10053893459807098,0.09867709875106812,0.09867709875106812,240000,0.0,0.0
2003-11-19 00:00:00+08:00,0.09867708867946125,0.10053892433643341,0.09867708867946125,0.10053892433643341,141250,0.0,0.0
2003-11-20 00:00:00+08:00,0.09867709875106812,0.09867709875106812,0.09867709875106812,0.09867709875106812,37500,0.0,0.0
2003-11-21 00:00:00+08:00,0.09797058102013159,0.09797058102013159,0.09420248121023178,0.09420248121023178,137500,0.0025,0.0
2003-11-24 00:00:00+08:00,0.09608652760586585,0.09608652760586585,0.09231842779596604,0.09420248121023178,58750,0.0,0.0
2003-11-25 00:00:00+08:00,0.09420248121023178,0.09420248121023178,0.09420248121023178,0.09420248121023178,0,0.0,0.0
2003-11-26 00:00:00+08:00,0.1017386932418075,0.1017386932418075,0.0960865393280983,0.0960865393280983,0,0.0,0.0
2003-11-27 00:00:00+08:00,0.0960865393280983,0.0960865393280983,0.0960865393280983,0.0960865393280983,0,0.0,0.0
2003-11-28 00:00:00+08:00,0.1017386932418075,0.1017386932418075,0.0960865393280983,0.0960865393280983,0,0.0,0.0
2003-12-01 00:00:00+08:00,0.11681109726315118,0.11681109726315118,0.09985464811325073,0.09985464811325073,416250,0.0,0.0
2003-12-02 00:00:00+08:00,0.099854636563619,0.1017386901504861,0.09797058999538422,0.09797058999538422,67500,0.0,0.0
2003-12-03 00:00:00+08:00,0.10362273671872088,0.10362273671872088,0.09797058999538422,0.09797058999538422,0,0.0,0.0
2003-12-04 00:00:00+08:00,0.10173870191803586,0.10173870191803586,0.09985464811325073,0.09985464811325073,81250,0.0,0.0
2003-12-05 00:00:00+08:00,0.09797058999538422,0.09797058999538422,0.09797058999538422,0.09797058999538422,12500,0.0,0.0
2003-12-08 00:00:00+08:00,0.09797058999538422,0.09797058999538422,0.09797058999538422,0.09797058999538422,21250,0.0,0.0
2003-12-09 00:00:00+08:00,0.09797060132709874,0.09985464811325073,0.09797060132709874,0.09985464811325073,125000,0.0,0.0
2003-12-10 00:00:00+08:00,0.09797058999538422,0.099854636563619,0.09797058999538422,0.09797058999538422,51250,0.0,0.0
2003-12-11 00:00:00+08:00,0.0960865393280983,0.0960865393280983,0.0960865393280983,0.0960865393280983,1250,0.0,0.0
2003-12-12 00:00:00+08:00,0.1017386932418075,0.1017386932418075,0.0960865393280983,0.0960865393280983,12500,0.0,0.0
2003-12-15 00:00:00+08:00,0.09985464811325073,0.09985464811325073,0.09985464811325073,0.09985464811325073,12500,0.0,0.0
2003-12-16 00:00:00+08:00,0.09420248121023178,0.09420248121023178,0.09420248121023178,0.09420248121023178,31250,0.0,0.0
2003-12-17 00:00:00+08:00,0.0960865393280983,0.0960865393280983,0.0960865393280983,0.0960865393280983,12500,0.0,0.0
2003-12-18 00:00:00+08:00,0.1017386932418075,0.1017386932418075,0.0960865393280983,0.0960865393280983,0,0.0,0.0
2003-12-19 00:00:00+08:00,0.09985462741576565,0.09985462741576565,0.09420248121023178,0.09420248121023178,0,0.0,0.0
2003-12-22 00:00:00+08:00,0.0960865393280983,0.0960865393280983,0.0960865393280983,0.0960865393280983,12500,0.0,0.0
2003-12-23 00:00:00+08:00,0.09608652760586585,0.09608652760586585,0.09420248121023178,0.09420248121023178,43750,0.0,0.0
2003-12-24 00:00:00+08:00,0.09420248121023178,0.09420248121023178,0.09420248121023178,0.09420248121023178,37500,0.0,0.0
2003-12-25 00:00:00+08:00,0.09420248121023178,0.09420248121023178,0.09420248121023178,0.09420248121023178,0,0.0,0.0
2003-12-26 00:00:00+08:00,0.09608652760586585,0.09608652760586585,0.09420248121023178,0.09420248121023178,77500,0.0,0.0
2003-12-29 00:00:00+08:00,0.09420248121023178,0.09420248121023178,0.09420248121023178,0.09420248121023178,12500,0.0,0.0
2003-12-30 00:00:00+08:00,0.09985464811325073,0.09985464811325073,0.09985464811325073,0.09985464811325073,12500,0.0,0.0
2003-12-31 00:00:00+08:00,0.0960865393280983,0.0960865393280983,0.0960865393280983,0.0960865393280983,25000,0.0,0.0
2004-01-01 00:00:00+08:00,0.0960865393280983,0.0960865393280983,0.0960865393280983,0.0960865393280983,0,0.0,0.0
2004-01-02 00:00:00+08:00,0.09797058999538422,0.09797058999538422,0.09797058999538422,0.09797058999538422,150000,0.0,0.0
2004-01-05 00:00:00+08:00,0.09797060132709874,0.10173870191803586,0.09797060132709874,0.09985464811325073,436250,0.0,0.0
2004-01-06 00:00:00+08:00,0.099854636563619,0.099854636563619,0.09797058999538422,0.09797058999538422,181250,0.0,0.0
2004-01-07 00:00:00+08:00,0.09797058999538422,0.09797058999538422,0.09608653640851712,0.09797058999538422,57500,0.0,0.0
2004-01-08 00:00:00+08:00,0.09797060132709874,0.09985464811325073,0.09797060132709874,0.09985464811325073,31250,0.0,0.0
2004-01-09 00:00:00+08:00,0.09797058999538422,0.09797058999538422,0.09608653640851712,0.09797058999538422,226250,0.0,0.0
2004-01-12 00:00:00+08:00,0.0960865393280983,0.0960865393280983,0.0960865393280983,0.0960865393280983,18750,0.0,0.0
2004-01-13 00:00:00+08:00,0.0960865393280983,0.0960865393280983,0.0960865393280983,0.0960865393280983,35000,0.0,0.0
2004-01-14 00:00:00+08:00,0.09608653640851712,0.09797058999538422,0.09608653640851712,0.09797058999538422,38750,0.0,0.0
2004-01-15 00:00:00+08:00,0.09608653640851712,0.09797058999538422,0.09420248984028234,0.09797058999538422,80000,0.0,0.0
2004-01-16 00:00:00+08:00,0.09420248121023178,0.09420248121023178,0.09420248121023178,0.09420248121023178,37500,0.0,0.0
2004-01-19 00:00:00+08:00,0.09608653640851712,0.09797058999538422,0.09608653640851712,0.09797058999538422,37500,0.0,0.0
2004-01-20 00:00:00+08:00,0.09608654752231362,0.09985464811325073,0.09608654752231362,0.09985464811325073,125000,0.0,0.0
2004-01-21 00:00:00+08:00,0.09797060132709874,0.09985464811325073,0.09797060132709874,0.09985464811325073,187500,0.0,0.0
2004-01-22 00:00:00+08:00,0.09985464811325073,0.09985464811325073,0.09985464811325073,0.09985464811325073,0,0.0,0.0
2004-01-23 00:00:00+08:00,0.09985464811325073,0.09985464811325073,0.09985464811325073,0.09985464811325073,0,0.0,0.0
2004-01-26 00:00:00+08:00,0.09985463959769358,0.09985463959769358,0.0960865393280983,0.0960865393280983,0,0.0,0.0
2004-01-27 00:00:00+08:00,0.099854636563619,0.099854636563619,0.09797058999538422,0.09797058999538422,141250,0.0,0.0
2004-01-28 00:00:00+08:00,0.09797059297221221,0.09797059297221221,0.0960865393280983,0.0960865393280983,37500,0.0,0.0
2004-01-29 00:00:00+08:00,0.09797059297221221,0.09797059297221221,0.0960865393280983,0.0960865393280983,71250,0.0,0.0
2004-01-30 00:00:00+08:00,0.10362273986728886,0.10362273986728886,0.0960865393280983,0.0960865393280983,0,0.0,0.0
2004-02-02 00:00:00+08:00,0.0960865393280983,0.0960865393280983,0.0960865393280983,0.0960865393280983,0,0.0,0.0
2004-02-03 00:00:00+08:00,0.09608651495559534,0.09608651495559534,0.09231841564178467,0.09231841564178467,258750,0.0,0.0
2004-02-04 00:00:00+08:00,0.09231843905850302,0.1017386932418075,0.09231843905850302,0.0960865393280983,300000,0.0,0.0
2004-02-05 00:00:00+08:00,0.09608652344914263,0.10173867642879486,0.09608652344914263,0.10173867642879486,87500,0.0,0.0
2004-02-06 00:00:00+08:00,0.09797058999538422,0.09797058999538422,0.09797058999538422,0.09797058999538422,12500,0.0,0.0
2004-02-09 00:00:00+08:00,0.09797058102013159,0.09797058102013159,0.09420248121023178,0.09420248121023178,0,0.0,0.0
2004-02-10 00:00:00+08:00,0.0960865393280983,0.0960865393280983,0.0960865393280983,0.0960865393280983,2500,0.0,0.0
2004-02-11 00:00:00+08:00,0.09420248121023178,0.09420248121023178,0.09420248121023178,0.09420248121023178,15000,0.0,0.0
2004-02-12 00:00:00+08:00,0.09797058102013159,0.09797058102013159,0.09420248121023178,0.09420248121023178,0,0.0,0.0
2004-02-13 00:00:00+08:00,0.09985463959769358,0.09985463959769358,0.0960865393280983,0.0960865393280983,0,0.0,0.0
2004-02-16 00:00:00+08:00,0.09420248984028234,0.09797058999538422,0.09231843625341524,0.09797058999538422,172500,0.0,0.0
2004-02-17 00:00:00+08:00,0.09420248121023178,0.09420248121023178,0.09420248121023178,0.09420248121023178,6250,0.0,0.0
2004-02-18 00:00:00+08:00,0.0960865393280983,0.0960865393280983,0.09420249270261694,0.0960865393280983,121250,0.0,0.0
2004-02-19 00:00:00+08:00,0.09420246880800538,0.09420246880800538,0.09231841564178467,0.09231841564178467,23750,0.0,0.0
2004-02-20 00:00:00+08:00,0.09420248121023178,0.09420248121023178,0.09420248121023178,0.09420248121023178,26250,0.0,0.0
2004-02-23 00:00:00+08:00,0.09420248121023178,0.09420248121023178,0.09420248121023178,0.09420248121023178,18750,0.0,0.0
2004-02-24 00:00:00+08:00,0.08855032920837402,0.08855032920837402,0.08855032920837402,0.08855032920837402,10000,0.0,0.0
2004-02-25 00:00:00+08:00,0.09420248251055928,0.09420248251055928,0.08855032920837402,0.08855032920837402,0,0.0,0.0
2004-02-26 00:00:00+08:00,0.09420247962203174,0.09420247962203174,0.09043437987565994,0.09043437987565994,26250,0.0,0.0
2004-02-27 00:00:00+08:00,0.09043436949419471,0.09231841564178467,0.09043436949419471,0.09231841564178467,46250,0.0,0.0
2004-03-01 00:00:00+08:00,0.09420246880800538,0.09420246880800538,0.09231841564178467,0.09231841564178467,51250,0.0,0.0
2004-03-02 00:00:00+08:00,0.09043437987565994,0.09043437987565994,0.09043437987565994,0.09043437987565994,95000,0.0,0.0
2004-03-03 00:00:00+08:00,0.08855032649315826,0.09043437987565994,0.08666628012928815,0.09043437987565994,37500,0.0,0.0
2004-03-04 00:00:00+08:00,0.09043439376744558,0.09043439376744558,0.0866662934422493,0.0866662934422493,0,0.0,0.0
2004-03-05 00:00:00+08:00,0.09043439376744558,0.09043439376744558,0.0866662934422493,0.0866662934422493,0,0.0,0.0
2004-03-08 00:00:00+08:00,0.08855032920837402,0.08855032920837402,0.08855032920837402,0.08855032920837402,18750,0.0,0.0
2004-03-09 00:00:00+08:00,0.09043437987565994,0.09043437987565994,0.09043437987565994,0.09043437987565994,12500,0.0,0.0
2004-03-10 00:00:00+08:00,0.09231844759388742,0.09231844759388742,0.08289819955825806,0.08289819955825806,0,0.0,0.0
2004-03-11 00:00:00+08:00,0.08666630017623644,0.08666630017623644,0.08289819955825806,0.08289819955825806,0,0.0,0.0
2004-03-12 00:00:00+08:00,0.09420249409264186,0.09420249409264186,0.0866662934422493,0.0866662934422493,0,0.0,0.0
2004-03-15 00:00:00+08:00,0.08855032920837402,0.08855032920837402,0.08855032920837402,0.08855032920837402,150000,0.0,0.0
2004-03-16 00:00:00+08:00,0.08666628012928815,0.09043437987565994,0.08666628012928815,0.09043437987565994,326250,0.0,0.0
2004-03-17 00:00:00+08:00,0.09043437987565994,0.09043437987565994,0.09043437987565994,0.09043437987565994,43750,0.0,0.0
2004-03-18 00:00:00+08:00,0.09231842623953006,0.09231842623953006,0.09043437987565994,0.09043437987565994,137500,0.0,0.0
2004-03-19 00:00:00+08:00,0.08855032649315826,0.09043437987565994,0.08855032649315826,0.09043437987565994,60000,0.0,0.0
2004-03-22 00:00:00+08:00,0.08855032920837402,0.08855032920837402,0.08855032920837402,0.08855032920837402,83750,0.0,0.0
2004-03-23 00:00:00+08:00,0.09043439376744558,0.09043439376744558,0.0866662934422493,0.0866662934422493,0,0.0,0.0
2004-03-24 00:00:00+08:00,0.08855032920837402,0.08855032920837402,0.08666628278673345,0.08855032920837402,150000,0.0,0.0
2004-03-25 00:00:00+08:00,0.09043438264864637,0.09043438264864637,0.08855032920837402,0.08855032920837402,0,0.0,0.0
2004-03-26 00:00:00+08:00,0.08478224678896748,0.0866662934422493,0.08478224678896748,0.0866662934422493,228750,0.0,0.0
2004-03-29 00:00:00+08:00,0.09231844759388742,0.09231844759388742,0.08289819955825806,0.08289819955825806,0,0.0,0.0
2004-03-30 00:00:00+08:00,0.08478225022554398,0.08478225022554398,0.08478225022554398,0.08478225022554398,6250,0.0,0.0
2004-03-31 00:00:00+08:00,0.08289819955825806,0.08289819955825806,0.08289819955825806,0.08289819955825806,1250,0.0,0.0
2004-04-01 00:00:00+08:00,0.08478225022554398,0.08478225022554398,0.08478225022554398,0.08478225022554398,16250,0.0,0.0
2004-04-02 00:00:00+08:00,0.0866662934422493,0.0866662934422493,0.0866662934422493,0.0866662934422493,77500,0.0,0.0
2004-04-05 00:00:00+08:00,0.09043439743312708,0.09043439743312708,0.08478225022554398,0.08478225022554398,0,0.0,0.0
2004-04-06 00:00:00+08:00,0.0866662934422493,0.0866662934422493,0.0866662934422493,0.0866662934422493,37500,0.0,0.0
2004-04-07 00:00:00+08:00,0.09043440079421483,0.09043440079421483,0.08289819955825806,0.08289819955825806,0,0.0,0.0
2004-04-08 00:00:00+08:00,0.0866662934422493,0.0866662934422493,0.0866662934422493,0.0866662934422493,25000,0.0,0.0
2004-04-09 00:00:00+08:00,0.0866662934422493,0.0866662934422493,0.0866662934422493,0.0866662934422493,0,0.0,0.0
2004-04-12 00:00:00+08:00,0.0866662934422493,0.0866662934422493,0.0866662934422493,0.0866662934422493,25000,0.0,0.0
2004-04-13 00:00:00+08:00,0.08855034368484409,0.08855034368484409,0.08478225022554398,0.08478225022554398,0,0.0,0.0
2004-04-14 00:00:00+08:00,0.08855034368484409,0.08855034368484409,0.08478225022554398,0.08478225022554398,0,0.0,0.0
2004-04-15 00:00:00+08:00,0.08666628278673345,0.08855032920837402,0.08478223636509288,0.08855032920837402,8750,0.0,0.0
2004-04-16 00:00:00+08:00,0.09043440079421483,0.09043440079421483,0.08289819955825806,0.08289819955825806,0,0.0,0.0
2004-04-19 00:00:00+08:00,0.08478225022554398,0.08478225022554398,0.08478225022554398,0.08478225022554398,12500,0.0,0.0
2004-04-20 00:00:00+08:00,0.08289818035300117,0.08289818035300117,0.08101413398981094,0.08101413398981094,25000,0.0,0.0
2004-04-21 00:00:00+08:00,0.08101413398981094,0.08101413398981094,0.08101413398981094,0.08101413398981094,3750,0.0,0.0
2004-04-22 00:00:00+08:00,0.08101413398981094,0.08101413398981094,0.08101413398981094,0.08101413398981094,30000,0.0,0.0
2004-04-23 00:00:00+08:00,0.08289818038291635,0.09231842623953006,0.08289818038291635,0.09043437987565994,145000,0.0,0.0
2004-04-26 00:00:00+08:00,0.08666628012928815,0.09043437987565994,0.08666628012928815,0.09043437987565994,155000,0.0,0.0
2004-04-27 00:00:00+08:00,0.09043437987565994,0.09043437987565994,0.09043437987565994,0.09043437987565994,981250,0.0,0.0
2004-04-28 00:00:00+08:00,0.09043439376744558,0.09043439376744558,0.0866662934422493,0.0866662934422493,493750,0.0,0.0
2004-04-29 00:00:00+08:00,0.0866662934422493,0.0866662934422493,0.0866662934422493,0.0866662934422493,37500,0.0,0.0
2004-04-30 00:00:00+08:00,0.07913007587194443,0.07913007587194443,0.07913007587194443,0.07913007587194443,6250,0.0,0.0
2004-05-03 00:00:00+08:00,0.09043438264864637,0.09043438264864637,0.08855032920837402,0.08855032920837402,10000,0.0,0.0
2004-05-04 00:00:00+08:00,0.0866662934422493,0.0866662934422493,0.0866662934422493,0.0866662934422493,12500,0.0,0.0
2004-05-05 00:00:00+08:00,0.07536198198795319,0.07536198198795319,0.07536198198795319,0.07536198198795319,2500,0.0,0.0
2004-05-06 00:00:00+08:00,0.0866662934422493,0.0866662934422493,0.0866662934422493,0.0866662934422493,141250,0.0,0.0
2004-05-07 00:00:00+08:00,0.09043439376744558,0.09043439376744558,0.0866662934422493,0.0866662934422493,0,0.0,0.0
2004-05-10 00:00:00+08:00,0.08289819311705302,0.0866662934422493,0.08289819311705302,0.0866662934422493,88750,0.0,0.0
2004-05-11 00:00:00+08:00,0.08289818038291635,0.09043437987565994,0.08289818038291635,0.09043437987565994,2500,0.0,0.0
2004-05-12 00:00:00+08:00,0.09043437443040253,0.09043437443040253,0.07913007587194443,0.07913007587194443,0,0.0,0.0
2004-05-13 00:00:00+08:00,0.08666628012928815,0.09043437987565994,0.08666628012928815,0.09043437987565994,168750,0.0,0.0
2004-05-14 00:00:00+08:00,0.0866662934422493,0.0866662934422493,0.0866662934422493,0.0866662934422493,75000,0.0,0.0
2004-05-17 00:00:00+08:00,0.08666630017623644,0.08666630017623644,0.08289819955825806,0.08289819955825806,118750,0.0,0.0
2004-05-18 00:00:00+08:00,0.08289819647726099,0.08478225022554398,0.08289819647726099,0.08478225022554398,42500,0.0,0.0
2004-05-19 00:00:00+08:00,0.08666629695519402,0.08666629695519402,0.08478225022554398,0.08478225022554398,0,0.0,0.0
2004-05-20 00:00:00+08:00,0.07536199552139491,0.08478225022554398,0.07536199552139491,0.08478225022554398,16250,0.0,0.0
2004-05-21 00:00:00+08:00,0.08478224678896748,0.0866662934422493,0.08478224678896748,0.0866662934422493,53750,0.0,0.0
2004-05-24 00:00:00+08:00,0.0866662934422493,0.0866662934422493,0.0866662934422493,0.0866662934422493,10000,0.0,0.0
2004-05-25 00:00:00+08:00,0.0866662934422493,0.0866662934422493,0.0866662934422493,0.0866662934422493,106250,0.0,0.0
2004-05-26 00:00:00+08:00,0.08855034009553112,0.08855034009553112,0.0866662934422493,0.0866662934422493,0,0.0,0.0
2004-05-27 00:00:00+08:00,0.08666630017623644,0.08666630017623644,0.08289819955825806,0.08289819955825806,0,0.0,0.0
2004-05-28 00:00:00+08:00,0.08289819955825806,0.08289819955825806,0.08289819955825806,0.08289819955825806,12500,0.0,0.0
2004-05-31 00:00:00+08:00,0.0866662934422493,0.0866662934422493,0.0866662934422493,0.0866662934422493,17500,0.0,0.0
2004-06-01 00:00:00+08:00,0.08289819311705302,0.0866662934422493,0.08289819311705302,0.0866662934422493,651250,0.0,0.0
2004-06-02 00:00:00+08:00,0.0866662934422493,0.0866662934422493,0.0866662934422493,0.0866662934422493,0,0.0,0.0
2004-06-03 00:00:00+08:00,0.08289819311705302,0.09043439376744558,0.08289819311705302,0.0866662934422493,52500,0.0,0.0
2004-06-04 00:00:00+08:00,0.08101414646377118,0.0866662934422493,0.08101414646377118,0.0866662934422493,13750,0.0,0.0
2004-06-07 00:00:00+08:00,0.09043437443040253,0.09043437443040253,0.07913007587194443,0.07913007587194443,0,0.0,0.0
2004-06-08 00:00:00+08:00,0.0904343798430252,0.0904343798430252,0.08101413398981094,0.08101413398981094,0,0.0,0.0
2004-06-09 00:00:00+08:00,0.0866662934422493,0.0866662934422493,0.0866662934422493,0.0866662934422493,12500,0.0,0.0
2004-06-10 00:00:00+08:00,0.08666628139173567,0.08666628139173567,0.07536198198795319,0.07536198198795319,0,0.0,0.0
2004-06-11 00:00:00+08:00,0.08666627831460465,0.08666627831460465,0.0772460326552391,0.0772460326552391,0,0.0,0.0
2004-06-14 00:00:00+08:00,0.08666627831460465,0.08666627831460465,0.0772460326552391,0.0772460326552391,0,0.0,0.0
2004-06-15 00:00:00+08:00,0.0753619983223013,0.08289819955825806,0.0753619983223013,0.08289819955825806,18750,0.0,0.0
2004-06-16 00:00:00+08:00,0.09043440079421483,0.09043440079421483,0.08289819955825806,0.08289819955825806,0,0.0,0.0
2004-06-17 00:00:00+08:00,0.08289819955825806,0.08289819955825806,0.08289819955825806,0.08289819955825806,6250,0.0,0.0
2004-06-18 00:00:00+08:00,0.08289819955825806,0.08289819955825806,0.08289819955825806,0.08289819955825806,31250,0.0,0.0
2004-06-21 00:00:00+08:00,0.08289819955825806,0.08289819955825806,0.08289819955825806,0.08289819955825806,25000,0.0,0.0
2004-06-22 00:00:00+08:00,0.08289819955825806,0.08289819955825806,0.08289819955825806,0.08289819955825806,50000,0.0,0.0
2004-06-23 00:00:00+08:00,0.08666628139173567,0.08666628139173567,0.07536198198795319,0.07536198198795319,0,0.0,0.0
2004-06-24 00:00:00+08:00,0.0753619983223013,0.08289819955825806,0.0753619983223013,0.08289819955825806,40000,0.0,0.0
2004-06-25 00:00:00+08:00,0.09231844759388742,0.09231844759388742,0.08289819955825806,0.08289819955825806,0,0.0,0.0
2004-06-28 00:00:00+08:00,0.08101413401904624,0.09043437987565994,0.08101413401904624,0.09043437987565994,17500,0.0,0.0
2004-06-29 00:00:00+08:00,0.08478225337656385,0.08478225337656385,0.08289819955825806,0.08289819955825806,0,0.0,0.0
2004-06-30 00:00:00+08:00,0.08478225022554398,0.08478225022554398,0.08478225022554398,0.08478225022554398,1250,0.0,0.0
2004-07-01 00:00:00+08:00,0.08478225022554398,0.08478225022554398,0.08478225022554398,0.08478225022554398,62500,0.0,0.0
2004-07-02 00:00:00+08:00,0.08289819955825806,0.08289819955825806,0.08289819955825806,0.08289819955825806,162500,0.0,0.0
2004-07-05 00:00:00+08:00,0.08289819955825806,0.08289819955825806,0.08289819955825806,0.08289819955825806,62500,0.0,0.0
2004-07-06 00:00:00+08:00,0.08666630017623644,0.08666630017623644,0.08289819955825806,0.08289819955825806,0,0.0,0.0
2004-07-07 00:00:00+08:00,0.08289819955825806,0.08289819955825806,0.08101415275858546,0.08289819955825806,38750,0.0,0.0
2004-07-08 00:00:00+08:00,0.08101415275858546,0.08289819955825806,0.08101415275858546,0.08289819955825806,18750,0.0,0.0
2004-07-09 00:00:00+08:00,0.08101415275858546,0.08289819955825806,0.08101415275858546,0.08289819955825806,127500,0.0,0.0
2004-07-12 00:00:00+08:00,0.08478225337656385,0.08478225337656385,0.08101415275858546,0.08289819955825806,46250,0.0,0.0
2004-07-13 00:00:00+08:00,0.08289819955825806,0.08289819955825806,0.08101415275858546,0.08289819955825806,7500,0.0,0.0
2004-07-14 00:00:00+08:00,0.07913008060798916,0.08101413398981094,0.07913008060798916,0.08101413398981094,51250,0.0,0.0
2004-07-15 00:00:00+08:00,0.08666630017623644,0.08666630017623644,0.08289819955825806,0.08289819955825806,112500,0.0,0.0
2004-07-16 00:00:00+08:00,0.07913009894027967,0.08289819955825806,0.07913009894027967,0.08289819955825806,18750,0.0,0.0
2004-07-19 00:00:00+08:00,0.07913009279185672,0.0866662934422493,0.07913009279185672,0.0866662934422493,10000,0.0,0.0
2004-07-20 00:00:00+08:00,0.08289817864713214,0.08289817864713214,0.0772460326552391,0.0772460326552391,0,0.0,0.0
2004-07-21 00:00:00+08:00,0.08289817864713214,0.08289817864713214,0.0772460326552391,0.0772460326552391,0,0.0,0.0
2004-07-22 00:00:00+08:00,0.0866662749109165,0.0866662749109165,0.07913007587194443,0.07913007587194443,0,0.0,0.0
2004-07-23 00:00:00+08:00,0.07913009894027967,0.08289819955825806,0.07724605214060708,0.08289819955825806,51250,0.0,0.0
2004-07-26 00:00:00+08:00,0.08101413232271161,0.08101413232271161,0.0772460326552391,0.0772460326552391,0,0.0,0.0
2004-07-27 00:00:00+08:00,0.07913008060798916,0.08101413398981094,0.07724603424479894,0.08101413398981094,106250,0.0,0.0
2004-07-28 00:00:00+08:00,0.08101415275858546,0.08289819955825806,0.08101415275858546,0.08289819955825806,31250,0.0,0.0
2004-07-29 00:00:00+08:00,0.07913009894027967,0.08289819955825806,0.07913009894027967,0.08289819955825806,65000,0.0,0.0
2004-07-30 00:00:00+08:00,0.08289819955825806,0.08289819955825806,0.08289819955825806,0.08289819955825806,57500,0.0,0.0
2004-08-02 00:00:00+08:00,0.08101415275858546,0.08289819955825806,0.08101415275858546,0.08289819955825806,62500,0.0,0.0
2004-08-03 00:00:00+08:00,0.08478225337656385,0.08478225337656385,0.08289819955825806,0.08289819955825806,0,0.0,0.0
2004-08-04 00:00:00+08:00,0.08101415275858546,0.08289819955825806,0.08101415275858546,0.08289819955825806,40000,0.0,0.0
2004-08-05 00:00:00+08:00,0.08101415275858546,0.08289819955825806,0.08101415275858546,0.08289819955825806,46250,0.0,0.0
2004-08-06 00:00:00+08:00,0.08101415275858546,0.08289819955825806,0.08101415275858546,0.08289819955825806,27500,0.0,0.0
2004-08-09 00:00:00+08:00,0.08289819955825806,0.08289819955825806,0.08289819955825806,0.08289819955825806,0,0.0,0.0
2004-08-10 00:00:00+08:00,0.08289817539143046,0.08289817539143046,0.07913007587194443,0.07913007587194443,0,0.0,0.0
2004-08-11 00:00:00+08:00,0.07913009894027967,0.08289819955825806,0.07913009894027967,0.08289819955825806,5000,0.0,0.0
2004-08-12 00:00:00+08:00,0.07913007587194443,0.07913007587194443,0.07913007587194443,0.07913007587194443,15000,0.0,0.0
2004-08-13 00:00:00+08:00,0.08289819311705302,0.0866662934422493,0.08289819311705302,0.0866662934422493,66250,0.0,0.0
2004-08-16 00:00:00+08:00,0.08101415275858546,0.08289819955825806,0.08101415275858546,0.08289819955825806,81250,0.0,0.0
2004-08-17 00:00:00+08:00,0.07913009894027967,0.08289819955825806,0.07913009894027967,0.08289819955825806,53750,0.0,0.0
2004-08-18 00:00:00+08:00,0.07913008060798916,0.08101413398981094,0.07913008060798916,0.08101413398981094,38750,0.0,0.0
2004-08-19 00:00:00+08:00,0.07913009894027967,0.08289819955825806,0.0753619983223013,0.08289819955825806,23750,0.0,0.0
2004-08-20 00:00:00+08:00,0.07913009894027967,0.08478225337656385,0.07913009894027967,0.08289819955825806,68750,0.0,0.0
2004-08-23 00:00:00+08:00,0.07913008060798916,0.08101413398981094,0.07724603424479894,0.08101413398981094,377500,0.0,0.0
2004-08-24 00:00:00+08:00,0.07724603424479894,0.08101413398981094,0.07724603424479894,0.08101413398981094,2500,0.0,0.0
2004-08-25 00:00:00+08:00,0.0772460326552391,0.0772460326552391,0.0772460326552391,0.0772460326552391,25000,0.0,0.0
2004-08-26 00:00:00+08:00,0.0772460326552391,0.0772460326552391,0.0772460326552391,0.0772460326552391,375000,0.0,0.0
2004-08-27 00:00:00+08:00,0.07536198198795319,0.07536198198795319,0.07536198198795319,0.07536198198795319,12500,0.0,0.0
2004-08-30 00:00:00+08:00,0.07913007587194443,0.081014129141003,0.07913007587194443,0.07913007587194443,112500,0.0,0.0
2004-08-31 00:00:00+08:00,0.08289818159047484,0.08289818159047484,0.07536198198795319,0.07536198198795319,0,0.0,0.0
2004-09-01 00:00:00+08:00,0.07913007587194443,0.07913007587194443,0.07913007587194443,0.07913007587194443,30000,0.0,0.0
2004-09-02 00:00:00+08:00,0.07536198198795319,0.07536198198795319,0.07536198198795319,0.07536198198795319,50000,0.0,0.0
2004-09-03 00:00:00+08:00,0.0772460326552391,0.0772460326552391,0.0772460326552391,0.0772460326552391,37500,0.0,0.0
2004-09-06 00:00:00+08:00,0.07724603539789944,0.07724603539789944,0.07536198198795319,0.07536198198795319,0,0.0,0.0
2004-09-07 00:00:00+08:00,0.0772460326552391,0.0772460326552391,0.0772460326552391,0.0772460326552391,37500,0.0,0.0
2004-09-08 00:00:00+08:00,0.07913007587194443,0.07913007587194443,0.07913007587194443,0.07913007587194443,43750,0.0,0.0
2004-09-09 00:00:00+08:00,0.07913007587194443,0.07913007587194443,0.07913007587194443,0.07913007587194443,38750,0.0,0.0
2004-09-10 00:00:00+08:00,0.07913007587194443,0.07913007587194443,0.07913007587194443,0.07913007587194443,43750,0.0,0.0
2004-09-13 00:00:00+08:00,0.08101413398981094,0.08101413398981094,0.08101413398981094,0.08101413398981094,37500,0.0,0.0
2004-09-14 00:00:00+08:00,0.07913007587194443,0.07913007587194443,0.07913007587194443,0.07913007587194443,100000,0.0,0.0
2004-09-15 00:00:00+08:00,0.07913007587194443,0.07913007587194443,0.07913007587194443,0.07913007587194443,76250,0.0,0.0
2004-09-16 00:00:00+08:00,0.07913007587194443,0.07913007587194443,0.07913007587194443,0.07913007587194443,37500,0.0,0.0
2004-09-17 00:00:00+08:00,0.081014129141003,0.081014129141003,0.07913007587194443,0.07913007587194443,0,0.0,0.0
2004-09-20 00:00:00+08:00,0.07913007587194443,0.07913007587194443,0.07913007587194443,0.07913007587194443,31250,0.0,0.0
2004-09-21 00:00:00+08:00,0.07913007587194443,0.07913007587194443,0.07913007587194443,0.07913007587194443,28750,0.0,0.0
2004-09-22 00:00:00+08:00,0.07724603424479894,0.08101413398981094,0.07724603424479894,0.08101413398981094,156250,0.0,0.0
2004-09-23 00:00:00+08:00,0.0772460326552391,0.0772460326552391,0.0772460326552391,0.0772460326552391,12500,0.0,0.0
2004-09-24 00:00:00+08:00,0.07913007587194443,0.07913007587194443,0.07724602962151698,0.07913007587194443,127500,0.0,0.0
2004-09-27 00:00:00+08:00,0.0772460326552391,0.07913007897965965,0.0772460326552391,0.0772460326552391,152500,0.0,0.0
2004-09-28 00:00:00+08:00,0.07724602962151698,0.07913007587194443,0.07724602962151698,0.07913007587194443,115000,0.0,0.0
2004-09-29 00:00:00+08:00,0.07913007587194443,0.07913007587194443,0.07913007587194443,0.07913007587194443,62500,0.0,0.0
2004-09-30 00:00:00+08:00,0.081014129141003,0.081014129141003,0.07913007587194443,0.07913007587194443,0,0.0,0.0
2004-10-01 00:00:00+08:00,0.07913007587194443,0.081014129141003,0.07913007587194443,0.07913007587194443,68750,0.0,0.0
2004-10-04 00:00:00+08:00,0.07913007587194443,0.07913007587194443,0.07913007587194443,0.07913007587194443,6250,0.0,0.0
2004-10-05 00:00:00+08:00,0.08101413398981094,0.08101413398981094,0.08101413398981094,0.08101413398981094,50000,0.0,0.0
2004-10-06 00:00:00+08:00,0.08101413398981094,0.08101413398981094,0.08101413398981094,0.08101413398981094,37500,0.0,0.0
2004-10-07 00:00:00+08:00,0.07913007897965965,0.07913007897965965,0.0772460326552391,0.0772460326552391,5000,0.0,0.0
2004-10-08 00:00:00+08:00,0.08289819955825806,0.08289819955825806,0.08289819955825806,0.08289819955825806,36250,0.0,0.0
2004-10-11 00:00:00+08:00,0.07913007587194443,0.08289817539143046,0.07913007587194443,0.07913007587194443,71250,0.0,0.0
2004-10-12 00:00:00+08:00,0.08101413398981094,0.08101413398981094,0.08101413398981094,0.08101413398981094,12500,0.0,0.0
2004-10-13 00:00:00+08:00,0.08101413398981094,0.08101413398981094,0.08101413398981094,0.08101413398981094,148750,0.0,0.0
2004-10-14 00:00:00+08:00,0.07913007587194443,0.07913007587194443,0.07913007587194443,0.07913007587194443,11250,0.0,0.0
2004-10-15 00:00:00+08:00,0.08289817864713214,0.08289817864713214,0.0772460326552391,0.0772460326552391,0,0.0,0.0
2004-10-18 00:00:00+08:00,0.07913008060798916,0.08101413398981094,0.07724603424479894,0.08101413398981094,71250,0.0,0.0
2004-10-19 00:00:00+08:00,0.08289817864713214,0.08289817864713214,0.0772460326552391,0.0772460326552391,0,0.0,0.0
2004-10-20 00:00:00+08:00,0.07724602962151698,0.07913007587194443,0.07724602962151698,0.07913007587194443,12500,0.0,0.0
2004-10-21 00:00:00+08:00,0.0772460326552391,0.0772460326552391,0.0772460326552391,0.0772460326552391,25000,0.0,0.0
2004-10-22 00:00:00+08:00,0.07536198198795319,0.07536198198795319,0.07536198198795319,0.07536198198795319,100000,0.0,0.0
2004-10-25 00:00:00+08:00,0.07536198524396254,0.07536198524396254,0.07347793877124786,0.07347793877124786,63750,0.0,0.0
2004-10-26 00:00:00+08:00,0.07347793559663861,0.07724603539789944,0.07347793559663861,0.07536198198795319,350000,0.0,0.0
2004-10-27 00:00:00+08:00,0.07724602962151698,0.07913007587194443,0.07724602962151698,0.07913007587194443,77500,0.0,0.0
2004-10-28 00:00:00+08:00,0.07913009894027967,0.08289819955825806,0.07913009894027967,0.08289819955825806,118750,0.0,0.0
2004-10-29 00:00:00+08:00,0.07913008060798916,0.08101413398981094,0.07913008060798916,0.08101413398981094,87500,0.0,0.0
2004-11-01 00:00:00+08:00,0.07913009279185672,0.0866662934422493,0.07913009279185672,0.0866662934422493,91250,0.0,0.0
2004-11-02 00:00:00+08:00,0.08289819311705302,0.08855034009553112,0.08289819311705302,0.0866662934422493,323750,0.0,0.0
2004-11-03 00:00:00+08:00,0.08642078936100006,0.08642078936100006,0.08249257099760227,0.08642078936100006,215000,0.0075,0.0
2004-11-04 00:00:00+08:00,0.08249253301647487,0.08445664495229721,0.08249253301647487,0.08445664495229721,15000,0.0,0.0
2004-11-05 00:00:00+08:00,0.08052842839752485,0.08445664495229721,0.08052842839752485,0.08445664495229721,63750,0.0,0.0
2004-11-08 00:00:00+08:00,0.07856431646170252,0.08445664495229721,0.07856431646170252,0.08445664495229721,5000,0.0,0.0
2004-11-09 00:00:00+08:00,0.08249253301647487,0.08445664495229721,0.08052842839752485,0.08445664495229721,35000,0.0,0.0
2004-11-10 00:00:00+08:00,0.08445664495229721,0.08445664495229721,0.08445664495229721,0.08445664495229721,2500,0.0,0.0
2004-11-11 00:00:00+08:00,0.08445664495229721,0.08445664495229721,0.08445664495229721,0.08445664495229721,0,0.0,0.0
2004-11-12 00:00:00+08:00,0.09034896612601959,0.09034896612601959,0.08445664495229721,0.08445664495229721,0,0.0,0.0
2004-11-15 00:00:00+08:00,0.08445664495229721,0.08445664495229721,0.08445664495229721,0.08445664495229721,0,0.0,0.0
2004-11-16 00:00:00+08:00,0.07856433838605881,0.07856433838605881,0.07856433838605881,0.07856433838605881,6250,0.0,0.0
2004-11-17 00:00:00+08:00,0.07856431646170252,0.09034896612601959,0.07856431646170252,0.08445664495229721,140000,0.0,0.0
2004-11-18 00:00:00+08:00,0.07856433838605881,0.07856433838605881,0.07856433838605881,0.07856433838605881,31250,0.0,0.0
2004-11-19 00:00:00+08:00,0.08052844671866542,0.08838488161563873,0.08052844671866542,0.08838488161563873,37500,0.0,0.0
2004-11-22 00:00:00+08:00,0.08249257099760227,0.0883849022011368,0.08249257099760227,0.08642078936100006,88750,0.0,0.0
2004-11-23 00:00:00+08:00,0.08445666293294012,0.08445666293294012,0.08052844554185867,0.08052844554185867,0,0.0,0.0
2004-11-24 00:00:00+08:00,0.0864207679700439,0.0864207679700439,0.08052844554185867,0.08052844554185867,0,0.0,0.0
2004-11-25 00:00:00+08:00,0.08052846547434121,0.08642078936100006,0.08052846547434121,0.08642078936100006,141250,0.0,0.0
2004-11-26 00:00:00+08:00,0.0864207679700439,0.0864207679700439,0.08052844554185867,0.08052844554185867,0,0.0,0.0
2004-11-29 00:00:00+08:00,0.08052846547434121,0.08642078936100006,0.08052846547434121,0.08642078936100006,62500,0.0,0.0
2004-11-30 00:00:00+08:00,0.08445668383773901,0.08642078936100006,0.08445668383773901,0.08642078936100006,75000,0.0,0.0
2004-12-01 00:00:00+08:00,0.08249257099760227,0.08642078936100006,0.08249257099760227,0.08642078936100006,58750,0.0,0.0
2004-12-02 00:00:00+08:00,0.0844566574741057,0.0844566574741057,0.08249254524707794,0.08249254524707794,0,0.0,0.0
2004-12-03 00:00:00+08:00,0.08642074957124724,0.08642074957124724,0.08445664495229721,0.08445664495229721,0,0.0,0.0
2004-12-06 00:00:00+08:00,0.08249257099760227,0.08642078936100006,0.08249257099760227,0.08642078936100006,86250,0.0,0.0
2004-12-07 00:00:00+08:00,0.08642077368803956,0.08642077368803956,0.07856433838605881,0.07856433838605881,0,0.0,0.0
2004-12-08 00:00:00+08:00,0.08642077368803956,0.08642077368803956,0.07856433838605881,0.07856433838605881,0,0.0,0.0
2004-12-09 00:00:00+08:00,0.08249255057896246,0.08249255057896246,0.08052844554185867,0.08052844554185867,0,0.0,0.0
2004-12-10 00:00:00+08:00,0.08642077368803956,0.08642077368803956,0.07856433838605881,0.07856433838605881,0,0.0,0.0
2004-12-13 00:00:00+08:00,0.09427720899002032,0.09427720899002032,0.07856433838605881,0.07856433838605881,0,0.0,0.0
2004-12-14 00:00:00+08:00,0.08838488617197193,0.08838488617197193,0.07856433838605881,0.07856433838605881,0,0.0,0.0
2004-12-15 00:00:00+08:00,0.08838488032402154,0.08838488032402154,0.08052844554185867,0.08052844554185867,0,0.0,0.0
2004-12-16 00:00:00+08:00,0.08052846547434121,0.08642078936100006,0.08052846547434121,0.08642078936100006,42500,0.0,0.0
2004-12-17 00:00:00+08:00,0.08642077368803956,0.08642077368803956,0.07856433838605881,0.07856433838605881,0,0.0,0.0
2004-12-20 00:00:00+08:00,0.08249257099760227,0.08642078936100006,0.08249257099760227,0.08642078936100006,16250,0.0,0.0
2004-12-21 00:00:00+08:00,0.0864207679700439,0.0864207679700439,0.08052844554185867,0.08052844554185867,0,0.0,0.0
2004-12-22 00:00:00+08:00,0.08445666799139581,0.09231309592723846,0.08445666799139581,0.09231309592723846,490000,0.0,0.0
2004-12-23 00:00:00+08:00,0.09231309072216834,0.09427720308303833,0.09034898567817225,0.09427720308303833,137500,0.0,0.0
2004-12-24 00:00:00+08:00,0.09624129779406483,0.09820540994405746,0.09427719296094532,0.09820540994405746,162500,0.0,0.0
2004-12-27 00:00:00+08:00,0.09624129779406483,0.09820540994405746,0.09427719296094532,0.09820540994405746,65000,0.0,0.0
2004-12-28 00:00:00+08:00,0.09624131124810478,0.10409774631261826,0.09624131124810478,0.10409774631261826,62500,0.0,0.0
2004-12-29 00:00:00+08:00,0.09820544319539436,0.10213366150856018,0.09427722488222853,0.10213366150856018,150000,0.0,0.0
2004-12-30 00:00:00+08:00,0.09820540743753917,0.09820540743753917,0.096241295337677,0.096241295337677,158750,0.0,0.0
2004-12-31 00:00:00+08:00,0.09820544319539436,0.10213366150856018,0.09820544319539436,0.10213366150856018,21250,0.0,0.0
2005-01-03 00:00:00+08:00,0.09820542367267021,0.10409774631261826,0.09820542367267021,0.10409774631261826,97500,0.0,0.0
2005-01-04 00:00:00+08:00,0.10213364120492696,0.1060618587371837,0.10213364120492696,0.10409774631261826,152500,0.0,0.0
2005-01-05 00:00:00+08:00,0.10213364120492696,0.10409774631261826,0.10213364120492696,0.10409774631261826,110000,0.0,0.0
2005-01-06 00:00:00+08:00,0.106061879821726,0.106061879821726,0.10213366150856018,0.10213366150856018,187500,0.0,0.0
2005-01-07 00:00:00+08:00,0.10213364120492696,0.10409774631261826,0.10213364120492696,0.10409774631261826,23750,0.0,0.0
2005-01-10 00:00:00+08:00,0.10016953200101852,0.10016953200101852,0.10016953200101852,0.10016953200101852,71250,0.0,0.0
2005-01-11 00:00:00+08:00,0.10409774965957556,0.10409774965957556,0.10016953200101852,0.10016953200101852,0,0.0,0.0
2005-01-12 00:00:00+08:00,0.09820540994405746,0.09820540994405746,0.09820540994405746,0.09820540994405746,6250,0.0,0.0
2005-01-13 00:00:00+08:00,0.10409774631261826,0.10409774631261826,0.10409774631261826,0.10409774631261826,100000,0.0,0.0
2005-01-14 00:00:00+08:00,0.1040977670067053,0.1040977670067053,0.10213366150856018,0.10213366150856018,25000,0.0,0.0
2005-01-17 00:00:00+08:00,0.10606184825996827,0.10802595317363739,0.10606184825996827,0.10802595317363739,192500,0.0,0.0
2005-01-18 00:00:00+08:00,0.10802594874340128,0.10802594874340128,0.09820540994405746,0.09820540994405746,0,0.0,0.0
2005-01-19 00:00:00+08:00,0.10409774965957556,0.10409774965957556,0.10016953200101852,0.10016953200101852,0,0.0,0.0
2005-01-20 00:00:00+08:00,0.106061879821726,0.106061879821726,0.10213366150856018,0.10213366150856018,87500,0.0,0.0
2005-01-24 00:00:00+08:00,0.10213362692716961,0.10213362692716961,0.09820540994405746,0.09820540994405746,0,0.0,0.0
2005-01-25 00:00:00+08:00,0.09427720308303833,0.09427720308303833,0.09427720308303833,0.09427720308303833,3750,0.0,0.0
2005-01-26 00:00:00+08:00,0.09820544319539436,0.10213366150856018,0.09820544319539436,0.10213366150856018,16250,0.0,0.0
2005-01-27 00:00:00+08:00,0.09820540994405746,0.09820540994405746,0.09820540994405746,0.09820540994405746,25000,0.0,0.0
2005-01-28 00:00:00+08:00,0.09624133038037365,0.10213366150856018,0.09624133038037365,0.10213366150856018,76250,0.0,0.0
2005-01-31 00:00:00+08:00,0.09820540994405746,0.09820540994405746,0.09820540994405746,0.09820540994405746,22500,0.0,0.0
2005-02-01 00:00:00+08:00,0.10213362432039057,0.10213362432039057,0.096241295337677,0.096241295337677,0,0.0,0.0
2005-02-02 00:00:00+08:00,0.09624131434246148,0.10016953200101852,0.09624131434246148,0.10016953200101852,16250,0.0,0.0
2005-02-03 00:00:00+08:00,0.10213362432039057,0.10213362432039057,0.096241295337677,0.096241295337677,0,0.0,0.0
2005-02-04 00:00:00+08:00,0.10016953200101852,0.10016953200101852,0.10016953200101852,0.10016953200101852,343750,0.0,0.0
2005-02-07 00:00:00+08:00,0.10016953200101852,0.10016953200101852,0.10016953200101852,0.10016953200101852,125000,0.0,0.0
2005-02-08 00:00:00+08:00,0.09820542274513275,0.10999007523059845,0.09820542274513275,0.10999007523059845,187500,0.0,0.0
2005-02-11 00:00:00+08:00,0.10802597294840613,0.10802597294840613,0.0903489962220192,0.0903489962220192,0,0.0,0.0
2005-02-14 00:00:00+08:00,0.10606184391028176,0.10606184391028176,0.09820540994405746,0.09820540994405746,0,0.0,0.0
2005-02-15 00:00:00+08:00,0.1099900608933939,0.1099900608933939,0.09820540994405746,0.09820540994405746,0,0.0,0.0
2005-02-16 00:00:00+08:00,0.1099900608933939,0.1099900608933939,0.09820540994405746,0.09820540994405746,0,0.0,0.0
2005-02-17 00:00:00+08:00,0.10802594874340128,0.10802594874340128,0.09820540994405746,0.09820540994405746,0,0.0,0.0
2005-02-18 00:00:00+08:00,0.10213362692716961,0.10213362692716961,0.09820540994405746,0.09820540994405746,0,0.0,0.0
2005-02-21 00:00:00+08:00,0.10606184391028176,0.10606184391028176,0.09820540994405746,0.09820540994405746,0,0.0,0.0
2005-02-22 00:00:00+08:00,0.09820540994405746,0.09820540994405746,0.09820540994405746,0.09820540994405746,6250,0.0,0.0
2005-02-23 00:00:00+08:00,0.10409776833785228,0.10409776833785228,0.08642078936100006,0.08642078936100006,0,0.0,0.0
2005-02-24 00:00:00+08:00,0.1040977488063139,0.1040977488063139,0.09231309592723846,0.09231309592723846,0,0.0,0.0
2005-02-25 00:00:00+08:00,0.08642075899472103,0.09820540994405746,0.08642075899472103,0.09820540994405746,12500,0.0,0.0
2005-02-28 00:00:00+08:00,0.09820540994405746,0.09820540994405746,0.09820540994405746,0.09820540994405746,37500,0.0,0.0
2005-03-01 00:00:00+08:00,0.09427719296094532,0.09820540994405746,0.09427719296094532,0.09820540994405746,66250,0.0,0.0
2005-03-02 00:00:00+08:00,0.096241295337677,0.096241295337677,0.09427719055468776,0.096241295337677,25000,0.0,0.0
2005-03-03 00:00:00+08:00,0.096241295337677,0.09820540743753917,0.096241295337677,0.096241295337677,75000,0.0,0.0
2005-03-04 00:00:00+08:00,0.09427722488222853,0.10213366150856018,0.09427722488222853,0.10213366150856018,65000,0.0,0.0
2005-03-07 00:00:00+08:00,0.10213362432039057,0.10213362432039057,0.096241295337677,0.096241295337677,0,0.0,0.0
2005-03-08 00:00:00+08:00,0.09820540743753917,0.09820540743753917,0.096241295337677,0.096241295337677,0,0.0,0.0
2005-03-09 00:00:00+08:00,0.10213362432039057,0.10213362432039057,0.096241295337677,0.096241295337677,0,0.0,0.0
2005-03-10 00:00:00+08:00,0.10213363093298859,0.10213363093298859,0.08249254524707794,0.08249254524707794,0,0.0,0.0
2005-03-11 00:00:00+08:00,0.08249254201160887,0.09820540994405746,0.08249254201160887,0.09820540994405746,237500,0.0,0.0
2005-03-14 00:00:00+08:00,0.09624129779406483,0.09820540994405746,0.09624129779406483,0.09820540994405746,25000,0.0,0.0
2005-03-15 00:00:00+08:00,0.09427719296094532,0.09820540994405746,0.09231308081095269,0.09820540994405746,40000,0.0,0.0
2005-03-16 00:00:00+08:00,0.09231308081095269,0.10213362692716961,0.09231308081095269,0.09820540994405746,31250,0.0,0.0
2005-03-17 00:00:00+08:00,0.09624129779406483,0.09820540994405746,0.09624129779406483,0.09820540994405746,31250,0.0,0.0
2005-03-18 00:00:00+08:00,0.09820540994405746,0.09820540994405746,0.08642075899472103,0.09820540994405746,88750,0.0,0.0
2005-03-21 00:00:00+08:00,0.09624131355359694,0.09624131355359694,0.09231309592723846,0.09231309592723846,0,0.0,0.0
2005-03-22 00:00:00+08:00,0.09427722608779565,0.09427722608779565,0.08642078936100006,0.08642078936100006,0,0.0,0.0
2005-03-23 00:00:00+08:00,0.09820543194860777,0.09820543194860777,0.0903489962220192,0.0903489962220192,0,0.0,0.0
2005-03-24 00:00:00+08:00,0.10016952664422472,0.10016952664422472,0.08838488161563873,0.08838488161563873,0,0.0,0.0
2005-03-28 00:00:00+08:00,0.08838487114471365,0.09820540994405746,0.08838487114471365,0.09820540994405746,12500,0.0,0.0
2005-03-29 00:00:00+08:00,0.09034897597783317,0.10016951477717699,0.09034897597783317,0.09820540994405746,40000,0.0,0.0
2005-03-30 00:00:00+08:00,0.09820542157841838,0.09820542157841838,0.08838488161563873,0.08838488161563873,0,0.0,0.0
2005-03-31 00:00:00+08:00,0.09820543194860777,0.09820543194860777,0.0903489962220192,0.0903489962220192,0,0.0,0.0
2005-04-01 00:00:00+08:00,0.09820542157841838,0.09820542157841838,0.08838488161563873,0.08838488161563873,0,0.0,0.0
2005-04-04 00:00:00+08:00,0.09427720308303833,0.09427720308303833,0.09427720308303833,0.09427720308303833,37500,0.0,0.0
2005-04-05 00:00:00+08:00,0.0982053992355643,0.0982053992355643,0.08445664495229721,0.08445664495229721,0,0.0,0.0
2005-04-06 00:00:00+08:00,0.09624133038037365,0.10213366150856018,0.09231311206720783,0.10213366150856018,281250,0.0,0.0
2005-04-07 00:00:00+08:00,0.10213362692716961,0.10213362692716961,0.09820540994405746,0.09820540994405746,652500,0.0,0.0
2005-04-08 00:00:00+08:00,0.10016953200101852,0.10016953200101852,0.10016953200101852,0.10016953200101852,12500,0.0,0.0
2005-04-11 00:00:00+08:00,0.08838487114471365,0.09820540994405746,0.08838487114471365,0.09820540994405746,6250,0.0,0.0
2005-04-12 00:00:00+08:00,0.08642075899472103,0.10016951477717699,0.08642075899472103,0.09820540994405746,10000,0.0,0.0
2005-04-13 00:00:00+08:00,0.08838487114471365,0.09820540994405746,0.08838487114471365,0.09820540994405746,83750,0.0,0.0
2005-04-14 00:00:00+08:00,0.09820544319539436,0.10213366150856018,0.09820544319539436,0.10213366150856018,46250,0.0,0.0
2005-04-15 00:00:00+08:00,0.09624133038037365,0.10213366150856018,0.09624133038037365,0.10213366150856018,26250,0.0,0.0
2005-04-18 00:00:00+08:00,0.09034900656906271,0.10213366150856018,0.09034900656906271,0.10213366150856018,11250,0.0,0.0
2005-04-19 00:00:00+08:00,0.09820542048790441,0.09820542048790441,0.09427720308303833,0.09427720308303833,0,0.0,0.0
2005-04-20 00:00:00+08:00,0.09034897367183636,0.1001695122205284,0.09034897367183636,0.096241295337677,32500,0.0,0.0
2005-04-21 00:00:00+08:00,0.09034897597783317,0.09820540994405746,0.09034897597783317,0.09820540994405746,75000,0.0,0.0
2005-04-22 00:00:00+08:00,0.09427719296094532,0.09820540994405746,0.09427719296094532,0.09820540994405746,16250,0.0,0.0
2005-04-25 00:00:00+08:00,0.09034897597783317,0.09820540994405746,0.09034897597783317,0.09820540994405746,50000,0.0,0.0
2005-04-26 00:00:00+08:00,0.10409773176028914,0.10409773176028914,0.09820540994405746,0.09820540994405746,0,0.0,0.0
2005-04-27 00:00:00+08:00,0.10409773176028914,0.10409773176028914,0.09820540994405746,0.09820540994405746,0,0.0,0.0
2005-04-28 00:00:00+08:00,0.10213362692716961,0.10213362692716961,0.09820540994405746,0.09820540994405746,0,0.0,0.0
2005-04-29 00:00:00+08:00,0.09231311206720783,0.10213366150856018,0.09231311206720783,0.10213366150856018,2500,0.0,0.0
2005-05-03 00:00:00+08:00,0.09820540743753917,0.09820540743753917,0.096241295337677,0.096241295337677,0,0.0,0.0
2005-05-04 00:00:00+08:00,0.10213362692716961,0.10213362692716961,0.09820540994405746,0.09820540994405746,0,0.0,0.0
2005-05-05 00:00:00+08:00,0.10213362692716961,0.10213362692716961,0.09820540994405746,0.09820540994405746,0,0.0,0.0
2005-05-06 00:00:00+08:00,0.09427720308303833,0.09427720308303833,0.09427720308303833,0.09427720308303833,88750,0.0,0.0
2005-05-09 00:00:00+08:00,0.09034897597783317,0.09820540994405746,0.09034897597783317,0.09820540994405746,17500,0.0,0.0
2005-05-10 00:00:00+08:00,0.09820540994405746,0.09820540994405746,0.09820540994405746,0.09820540994405746,40000,0.0,0.0
2005-05-11 00:00:00+08:00,0.09820540994405746,0.09820540994405746,0.09427719296094532,0.09820540994405746,51250,0.0,0.0
2005-05-12 00:00:00+08:00,0.09231308081095269,0.09820540994405746,0.09231308081095269,0.09820540994405746,15000,0.0,0.0
2005-05-13 00:00:00+08:00,0.09427719055468776,0.096241295337677,0.09427719055468776,0.096241295337677,32500,0.0,0.0
2005-05-16 00:00:00+08:00,0.09820540994405746,0.09820540994405746,0.09820540994405746,0.09820540994405746,1250,0.0,0.0
2005-05-17 00:00:00+08:00,0.09624131355359694,0.09624131355359694,0.09231309592723846,0.09231309592723846,0,0.0,0.0
2005-05-18 00:00:00+08:00,0.10213362692716961,0.10213362692716961,0.09820540994405746,0.09820540994405746,0,0.0,0.0
2005-05-19 00:00:00+08:00,0.09820542602521333,0.09820542602521333,0.09231309592723846,0.09231309592723846,0,0.0,0.0
2005-05-20 00:00:00+08:00,0.09034897597783317,0.09820540994405746,0.09034897597783317,0.09820540994405746,45000,0.0,0.0
2005-05-24 00:00:00+08:00,0.10213363789277051,0.10213363789277051,0.09427720308303833,0.09427720308303833,0,0.0,0.0
2005-05-25 00:00:00+08:00,0.09427719296094532,0.09820540994405746,0.09427719296094532,0.09820540994405746,5000,0.0,0.0
2005-05-26 00:00:00+08:00,0.1021336436515718,0.1021336436515718,0.09231309592723846,0.09231309592723846,0,0.0,0.0
2005-05-27 00:00:00+08:00,0.09427719296094532,0.09820540994405746,0.09427719296094532,0.09820540994405746,63750,0.0,0.0
2005-05-30 00:00:00+08:00,0.09624131355359694,0.09624131355359694,0.09231309592723846,0.09231309592723846,0,0.0,0.0
2005-05-31 00:00:00+08:00,0.0923130784548256,0.096241295337677,0.09034897367183636,0.096241295337677,126250,0.0,0.0
2005-06-01 00:00:00+08:00,0.0923130784548256,0.096241295337677,0.0923130784548256,0.096241295337677,57500,0.0,0.0
2005-06-02 00:00:00+08:00,0.0923130784548256,0.096241295337677,0.0923130784548256,0.096241295337677,32500,0.0,0.0
2005-06-03 00:00:00+08:00,0.09624131935852326,0.09624131935852326,0.0903489962220192,0.0903489962220192,0,0.0,0.0
2005-06-06 00:00:00+08:00,0.09427720839885485,0.09427720839885485,0.09231309592723846,0.09231309592723846,0,0.0,0.0
2005-06-07 00:00:00+08:00,0.09427720308303833,0.09427720308303833,0.09427720308303833,0.09427720308303833,50000,0.0,0.0
2005-06-08 00:00:00+08:00,0.09427721408531349,0.09427721408531349,0.0903489962220192,0.0903489962220192,0,0.0,0.0
2005-06-09 00:00:00+08:00,0.09034898567817225,0.09427720308303833,0.09034898567817225,0.09427720308303833,16250,0.0,0.0
2005-06-10 00:00:00+08:00,0.09231309072216834,0.09427720308303833,0.09231309072216834,0.09427720308303833,31250,0.0,0.0
2005-06-13 00:00:00+08:00,0.09231309592723846,0.09231309592723846,0.09231309592723846,0.09231309592723846,2500,0.0,0.0
2005-06-14 00:00:00+08:00,0.09427720308303833,0.09427720308303833,0.09427720308303833,0.09427720308303833,2500,0.0,0.0
2005-06-15 00:00:00+08:00,0.0962413316110567,0.0962413316110567,0.08642078936100006,0.08642078936100006,0,0.0,0.0
2005-06-16 00:00:00+08:00,0.0962413316110567,0.0962413316110567,0.08642078936100006,0.08642078936100006,0,0.0,0.0
2005-06-17 00:00:00+08:00,0.08642075678898496,0.096241295337677,0.08642075678898496,0.096241295337677,3750,0.0,0.0
2005-06-20 00:00:00+08:00,0.09820543194860777,0.09820543194860777,0.0903489962220192,0.0903489962220192,0,0.0,0.0
2005-06-21 00:00:00+08:00,0.09624131355359694,0.09624131355359694,0.09231309592723846,0.09231309592723846,0,0.0,0.0
2005-06-22 00:00:00+08:00,0.09231309592723846,0.09231309592723846,0.09034899077249638,0.09231309592723846,31250,0.0,0.0
2005-06-23 00:00:00+08:00,0.09231310149522896,0.09231310149522896,0.0903489962220192,0.0903489962220192,0,0.0,0.0
2005-06-24 00:00:00+08:00,0.09231310149522896,0.09231310149522896,0.0903489962220192,0.0903489962220192,0,0.0,0.0
2005-06-27 00:00:00+08:00,0.09034898567817225,0.09427720308303833,0.09034898567817225,0.09427720308303833,16250,0.0,0.0
2005-06-28 00:00:00+08:00,0.09427721408531349,0.09427721408531349,0.0903489962220192,0.0903489962220192,0,0.0,0.0
2005-06-29 00:00:00+08:00,0.09427721408531349,0.09427721408531349,0.0903489962220192,0.0903489962220192,0,0.0,0.0
2005-06-30 00:00:00+08:00,0.09231309072216834,0.09427720308303833,0.09231309072216834,0.09427720308303833,58750,0.0,0.0
2005-07-01 00:00:00+08:00,0.09427720308303833,0.10606185529763659,0.09427720308303833,0.09427720308303833,255000,0.0,0.0
2005-07-04 00:00:00+08:00,0.09231310149522896,0.09231310149522896,0.0903489962220192,0.0903489962220192,0,0.0,0.0
2005-07-05 00:00:00+08:00,0.09231309072216834,0.09427720308303833,0.09231309072216834,0.09427720308303833,27500,0.0,0.0
2005-07-06 00:00:00+08:00,0.09427721408531349,0.09427721408531349,0.0903489962220192,0.0903489962220192,0,0.0,0.0
2005-07-07 00:00:00+08:00,0.09427720839885485,0.09427720839885485,0.09231309592723846,0.09231309592723846,242500,0.0,0.0
2005-07-08 00:00:00+08:00,0.09231309592723846,0.09231309592723846,0.09231309592723846,0.09231309592723846,25000,0.0,0.0
2005-07-11 00:00:00+08:00,0.0903489962220192,0.0903489962220192,0.0903489962220192,0.0903489962220192,20000,0.0,0.0
2005-07-12 00:00:00+08:00,0.0903489962220192,0.0903489962220192,0.0903489962220192,0.0903489962220192,56250,0.0,0.0
2005-07-13 00:00:00+08:00,0.09427720839885485,0.09427720839885485,0.09231309592723846,0.09231309592723846,262500,0.0,0.0
2005-07-14 00:00:00+08:00,0.09034898567817225,0.09427720308303833,0.09034898567817225,0.09427720308303833,106250,0.0,0.0
2005-07-15 00:00:00+08:00,0.09231309072216834,0.09427720308303833,0.09231309072216834,0.09427720308303833,193750,0.0,0.0
2005-07-18 00:00:00+08:00,0.09427721408531349,0.09427721408531349,0.0903489962220192,0.0903489962220192,0,0.0,0.0
2005-07-19 00:00:00+08:00,0.09034898567817225,0.09427720308303833,0.09034898567817225,0.09427720308303833,75000,0.0,0.0
2005-07-20 00:00:00+08:00,0.08838489094880943,0.09231310149522896,0.08838489094880943,0.0903489962220192,87500,0.0,0.0
2005-07-21 00:00:00+08:00,0.09427720308303833,0.09427720308303833,0.09034898567817225,0.09427720308303833,96250,0.0,0.0
2005-07-22 00:00:00+08:00,0.0903489962220192,0.0903489962220192,0.0903489962220192,0.0903489962220192,6250,0.0,0.0
2005-07-25 00:00:00+08:00,0.09034899077249638,0.09231309592723846,0.09034899077249638,0.09231309592723846,25000,0.0,0.0
2005-07-26 00:00:00+08:00,0.0903489962220192,0.0903489962220192,0.0903489962220192,0.0903489962220192,6250,0.0,0.0
2005-07-27 00:00:00+08:00,0.08838489094880943,0.0903489962220192,0.08838489094880943,0.0903489962220192,27500,0.0,0.0
2005-07-28 00:00:00+08:00,0.08838488161563873,0.08838488161563873,0.08838488161563873,0.08838488161563873,33750,0.0,0.0
2005-07-29 00:00:00+08:00,0.08838488161563873,0.08838488161563873,0.08838488161563873,0.08838488161563873,68750,0.0,0.0
2005-08-01 00:00:00+08:00,0.08838488161563873,0.08838488161563873,0.08838488161563873,0.08838488161563873,12500,0.0,0.0
2005-08-02 00:00:00+08:00,0.09427720412993172,0.09427720412993172,0.08838488161563873,0.08838488161563873,0,0.0,0.0
2005-08-03 00:00:00+08:00,0.08838486888884713,0.09820540743753917,0.08838486888884713,0.096241295337677,171250,0.0,0.0
2005-08-04 00:00:00+08:00,0.09427722488222853,0.10213366150856018,0.09427722488222853,0.10213366150856018,302500,0.0,0.0
2005-08-05 00:00:00+08:00,0.09820542569286929,0.10606186091899872,0.09820542569286929,0.10606186091899872,277500,0.0,0.0
2005-08-08 00:00:00+08:00,0.09820541397154492,0.10802595317363739,0.09820541397154492,0.10802595317363739,137500,0.0,0.0
2005-08-10 00:00:00+08:00,0.10999007726100062,0.11391828751179602,0.10999007726100062,0.11195418238639832,393750,0.0,0.0
2005-08-11 00:00:00+08:00,0.11195417031784906,0.11195417031784906,0.10802595317363739,0.10802595317363739,342500,0.0,0.0
2005-08-12 00:00:00+08:00,0.1001695308409645,0.10606186091899872,0.1001695308409645,0.10606186091899872,20000,0.0,0.0
2005-08-15 00:00:00+08:00,0.10606186091899872,0.10606186091899872,0.10606186091899872,0.10606186091899872,71250,0.0,0.0
2005-08-16 00:00:00+08:00,0.106061879821726,0.106061879821726,0.10213366150856018,0.10213366150856018,0,0.0,0.0
2005-08-17 00:00:00+08:00,0.09820540994405746,0.09820540994405746,0.09820540994405746,0.09820540994405746,70000,0.0,0.0
2005-08-18 00:00:00+08:00,0.096241295337677,0.096241295337677,0.096241295337677,0.096241295337677,16250,0.0,0.0
2005-08-19 00:00:00+08:00,0.09624129779406483,0.09820540994405746,0.09624129779406483,0.09820540994405746,17500,0.0,0.0
2005-08-22 00:00:00+08:00,0.10999007270250269,0.10999007270250269,0.09427720308303833,0.09427720308303833,0,0.0,0.0
2005-08-23 00:00:00+08:00,0.09820540994405746,0.09820540994405746,0.09820540994405746,0.09820540994405746,3750,0.0,0.0
2005-08-24 00:00:00+08:00,0.09427719296094532,0.09820540994405746,0.09427719296094532,0.09820540994405746,85000,0.0,0.0
2005-08-25 00:00:00+08:00,0.09820542048790441,0.09820542048790441,0.09427720308303833,0.09427720308303833,0,0.0,0.0
2005-08-26 00:00:00+08:00,0.1001695033095978,0.11784647405147552,0.1001695033095978,0.11784647405147552,692500,0.0,0.0
2005-08-29 00:00:00+08:00,0.11784649947238444,0.11784649947238444,0.11195417705967108,0.11391828209161758,908750,0.0,0.0
2005-08-30 00:00:00+08:00,0.10999007523059845,0.10999007523059845,0.10999007523059845,0.10999007523059845,70000,0.0,0.0
2005-08-31 00:00:00+08:00,0.10606186091899872,0.10606186091899872,0.10606186091899872,0.10606186091899872,65000,0.0,0.0
2005-09-01 00:00:00+08:00,0.10999009813489181,0.10999009813489181,0.10213366150856018,0.10213366150856018,0,0.0,0.0
2005-09-02 00:00:00+08:00,0.10999007626944043,0.10999007626944043,0.10409774631261826,0.10409774631261826,0,0.0,0.0
2005-09-05 00:00:00+08:00,0.11588237975193401,0.11588237975193401,0.096241295337677,0.096241295337677,0,0.0,0.0
2005-09-06 00:00:00+08:00,0.11391830913118206,0.11391830913118206,0.10213366150856018,0.10213366150856018,0,0.0,0.0
2005-09-07 00:00:00+08:00,0.10213366150856018,0.10213366150856018,0.10213366150856018,0.10213366150856018,12500,0.0,0.0
2005-09-08 00:00:00+08:00,0.10999007523059845,0.10999007523059845,0.10999007523059845,0.10999007523059845,1250,0.0,0.0
2005-09-09 00:00:00+08:00,0.10999007853206343,0.10999007853206343,0.10606186091899872,0.10606186091899872,0,0.0,0.0
2005-09-12 00:00:00+08:00,0.10213366150856018,0.10213366150856018,0.10213366150856018,0.10213366150856018,50000,0.0,0.0
2005-09-13 00:00:00+08:00,0.10409774845402922,0.10606186091899872,0.10409774845402922,0.10606186091899872,90000,0.0,0.0
2005-09-14 00:00:00+08:00,0.1040977670067053,0.1040977670067053,0.10213366150856018,0.10213366150856018,175000,0.0,0.0
2005-09-15 00:00:00+08:00,0.10409774631261826,0.10409774631261826,0.10409774631261826,0.10409774631261826,28750,0.0,0.0
2005-09-16 00:00:00+08:00,0.10213366150856018,0.10213366150856018,0.10213366150856018,0.10213366150856018,18750,0.0,0.0
2005-09-19 00:00:00+08:00,0.10999007270250269,0.10999007270250269,0.09427720308303833,0.09427720308303833,0,0.0,0.0
2005-09-20 00:00:00+08:00,0.10802598531987112,0.10802598531987112,0.10213366150856018,0.10213366150856018,0,0.0,0.0
2005-09-21 00:00:00+08:00,0.1080259459862312,0.1080259459862312,0.096241295337677,0.096241295337677,0,0.0,0.0
2005-09-22 00:00:00+08:00,0.10213366150856018,0.10213366150856018,0.10213366150856018,0.10213366150856018,6250,0.0,0.0
2005-09-23 00:00:00+08:00,0.10213366150856018,0.10213366150856018,0.10213366150856018,0.10213366150856018,88750,0.0,0.0
2005-09-26 00:00:00+08:00,0.10213366150856018,0.10213366150856018,0.10213366150856018,0.10213366150856018,75000,0.0,0.0
2005-09-27 00:00:00+08:00,0.10409774631261826,0.10409774631261826,0.10409774631261826,0.10409774631261826,37500,0.0,0.0
2005-09-28 00:00:00+08:00,0.10016954869353947,0.10213366150856018,0.10016954869353947,0.10213366150856018,50000,0.0,0.0
2005-09-29 00:00:00+08:00,0.10409774845402922,0.10606186091899872,0.102133643305934,0.10606186091899872,92,0.0,0.0
2005-09-30 00:00:00+08:00,0.10606186091899872,0.10606186091899872,0.10606186091899872,0.10606186091899872,13,0.0,0.0
2005-10-03 00:00:00+08:00,0.09820542048790441,0.09820542048790441,0.09427720308303833,0.09427720308303833,31,0.0,0.0
2005-10-04 00:00:00+08:00,0.10409774965957556,0.10409774965957556,0.10016953200101852,0.10016953200101852,106,0.0,0.0
2005-10-05 00:00:00+08:00,0.10409774631261826,0.1060618587371837,0.10409774631261826,0.10409774631261826,292,0.0,0.0
2005-10-06 00:00:00+08:00,0.106061879821726,0.106061879821726,0.10016954869353947,0.10213366150856018,175,0.0,0.0
2005-10-07 00:00:00+08:00,0.10213366150856018,0.10213366150856018,0.10213366150856018,0.10213366150856018,12,0.0,0.0
2005-10-10 00:00:00+08:00,0.10409774631261826,0.10409774631261826,0.10409774631261826,0.10409774631261826,37,0.0,0.0
2005-10-11 00:00:00+08:00,0.1001695308409645,0.10606186091899872,0.1001695308409645,0.10606186091899872,6,0.0,0.0
2005-10-12 00:00:00+08:00,0.10213364120492696,0.10409774631261826,0.10213364120492696,0.10409774631261826,43,0.0,0.0
2005-10-13 00:00:00+08:00,0.1001695308409645,0.10606186091899872,0.1001695308409645,0.10606186091899872,123,0.0,0.0
2005-10-14 00:00:00+08:00,0.10213364024028798,0.10999007523059845,0.10213364024028798,0.10999007523059845,336,0.0,0.0
2005-10-17 00:00:00+08:00,0.106061879821726,0.106061879821726,0.10213366150856018,0.10213366150856018,0,0.0,0.0
2005-10-18 00:00:00+08:00,0.10802598531987112,0.10802598531987112,0.10213366150856018,0.10213366150856018,0,0.0,0.0
2005-10-19 00:00:00+08:00,0.10213363111575659,0.10802595317363739,0.10016951888521405,0.10802595317363739,133,0.0,0.0
2005-10-20 00:00:00+08:00,0.1060618587371837,0.1060618587371837,0.10213364120492696,0.10409774631261826,38,0.0,0.0
2005-10-21 00:00:00+08:00,0.10409774631261826,0.10409774631261826,0.10409774631261826,0.10409774631261826,43,0.0,0.0
2005-10-24 00:00:00+08:00,0.10802596731813259,0.10802596731813259,0.10016953200101852,0.10016953200101852,0,0.0,0.0
2005-10-25 00:00:00+08:00,0.10409774532942856,0.10999007523059845,0.10409774532942856,0.10999007523059845,232,0.0,0.0
2005-10-26 00:00:00+08:00,0.10999006540417994,0.10999006540417994,0.10802595317363739,0.10802595317363739,150,0.0,0.0
2005-10-27 00:00:00+08:00,0.10999009813489181,0.10999009813489181,0.10213366150856018,0.10213366150856018,0,0.0,0.0
2005-10-28 00:00:00+08:00,0.1099900798058483,0.1099900798058483,0.10016953200101852,0.10016953200101852,0,0.0,0.0
2005-10-31 00:00:00+08:00,0.1099900608933939,0.1099900608933939,0.09820540994405746,0.09820540994405746,0,0.0,0.0
2005-11-02 00:00:00+08:00,0.1099900798058483,0.1099900798058483,0.10016953200101852,0.10016953200101852,0,0.0,0.0
2005-11-04 00:00:00+08:00,0.106061879821726,0.106061879821726,0.10213366150856018,0.10213366150856018,75,0.0,0.0
2005-11-07 00:00:00+08:00,0.10991030987801481,0.10991030987801481,0.09746763110160828,0.09746763110160828,0,0.011,0.0
2005-11-08 00:00:00+08:00,0.1057627573609352,0.1057627573609352,0.1057627573609352,0.10576275736093521,25,0.0,0.0
2005-11-09 00:00:00+08:00,0.09746762409294288,0.11405786126852036,0.09746762409294288,0.11405786126852036,333,0.0,0.0
2005-11-10 00:00:00+08:00,0.11613164498790497,0.12235298007726668,0.11613164498790497,0.1223529800772667,1040,0.0,0.0
2005-11-11 00:00:00+08:00,0.12027917874091155,0.12857429611451143,0.12027917874091155,0.12442673742771149,1143,0.0,0.0
2005-11-14 00:00:00+08:00,0.12442676696309417,0.12857432663440704,0.12442676696309417,0.12857432663440704,1386,0.0,0.0
2005-11-15 00:00:00+08:00,0.13064810633659363,0.13272188997153375,0.13064810633659363,0.13064810633659363,1198,0.0,0.0
2005-11-16 00:00:00+08:00,0.12857435313491072,0.13064813726071084,0.12650057673454285,0.12650057673454285,598,0.0,0.0
2005-11-17 00:00:00+08:00,0.12650055066146593,0.1306481103327788,0.12442676696309417,0.12857432663440704,205,0.0,0.0
2005-11-18 00:00:00+08:00,0.1285743044562998,0.13479563902742003,0.1285743044562998,0.13272187113761902,2022,0.0,0.0
2005-11-21 00:00:00+08:00,0.13272188997153375,0.13272188997153375,0.12857432270165353,0.13064810633659363,360,0.0,0.0
2005-11-22 00:00:00+08:00,0.13272187113761902,0.13272187113761902,0.1285743044562998,0.13272187113761902,766,0.0,0.0
2005-11-23 00:00:00+08:00,0.13272191211210416,0.134795680642128,0.13272191211210416,0.134795680642128,653,0.0,0.0
2005-11-24 00:00:00+08:00,0.13479563902742003,0.13479563902742003,0.13272187113761902,0.13272187113761902,156,0.0,0.0
2005-11-25 00:00:00+08:00,0.13064810633659363,0.13272188997153375,0.13064810633659363,0.13064810633659363,198,0.0,0.0
2005-11-28 00:00:00+08:00,0.1285743044562998,0.13272187113761902,0.12442674550040987,0.13272187113761902,213,0.0,0.0
2005-11-29 00:00:00+08:00,0.12857432663440704,0.12857432663440704,0.12857432663440704,0.12857432663440704,2,0.0,0.0
2005-11-30 00:00:00+08:00,0.12857432663440704,0.12857432663440704,0.12857432663440704,0.12857432663440704,200,0.0,0.0
2005-12-01 00:00:00+08:00,0.12650055066146593,0.12857432663440704,0.12650055066146593,0.12857432663440704,56,0.0,0.0
2005-12-02 00:00:00+08:00,0.12857434415032973,0.134795680642128,0.12857434415032973,0.134795680642128,150,0.0,0.0
2005-12-05 00:00:00+08:00,0.13272187113761902,0.13272187113761902,0.13272187113761902,0.13272187113761902,187,0.0,0.0
2005-12-06 00:00:00+08:00,0.13272189403115053,0.13272189403115053,0.12857432663440704,0.12857432663440704,0,0.0,0.0
2005-12-07 00:00:00+08:00,0.12857432663440704,0.12857432663440704,0.12857432663440704,0.12857432663440704,37,0.0,0.0
2005-12-08 00:00:00+08:00,0.12650057673454285,0.12650057673454285,0.12650057673454285,0.12650057673454285,25,0.0,0.0
2005-12-09 00:00:00+08:00,0.1265005288410695,0.13272187113761902,0.1265005288410695,0.13272187113761902,153,0.0,0.0
2005-12-12 00:00:00+08:00,0.12857432663440704,0.12857432663440704,0.12857432663440704,0.12857432663440704,21,0.0,0.0
2005-12-13 00:00:00+08:00,0.12442674550040987,0.13272187113761902,0.12442674550040987,0.13272187113761902,86,0.0,0.0
2005-12-14 00:00:00+08:00,0.13272187113761902,0.13272187113761902,0.13272187113761902,0.13272187113761902,120,0.0,0.0
2005-12-15 00:00:00+08:00,0.13272188997153375,0.1368694417905532,0.13064810633659363,0.13064810633659363,167,0.0,0.0
2005-12-16 00:00:00+08:00,0.1306480877969594,0.13272187113761902,0.1306480877969594,0.13272187113761902,136,0.0,0.0
2005-12-19 00:00:00+08:00,0.13064810633659363,0.13064810633659363,0.13064810633659363,0.13064810633659363,31,0.0,0.0
2005-12-20 00:00:00+08:00,0.13272187113761902,0.13272187113761902,0.13272187113761902,0.13272187113761902,62,0.0,0.0
2005-12-21 00:00:00+08:00,0.13272187113761902,0.13272187113761902,0.1285743044562998,0.13272187113761902,156,0.0,0.0
2005-12-22 00:00:00+08:00,0.13272187113761902,0.13272187113761902,0.13272187113761902,0.13272187113761902,131,0.0,0.0
2005-12-23 00:00:00+08:00,0.1368694417905532,0.1368694417905532,0.13064810633659363,0.13064810633659363,37,0.0,0.0
2005-12-27 00:00:00+08:00,0.13479563902742003,0.13479563902742003,0.13272187113761902,0.13272187113761902,125,0.0,0.0
2005-12-28 00:00:00+08:00,0.13686944544315338,0.13894322913343604,0.13686944544315338,0.13686944544315338,147,0.0,0.0
2005-12-29 00:00:00+08:00,0.1368694417905532,0.1368694417905532,0.13064810633659363,0.13064810633659363,0,0.0,0.0
2005-12-30 00:00:00+08:00,0.13686944544315338,0.13686944544315338,0.13686944544315338,0.13686944544315338,198,0.0,0.0
2006-01-03 00:00:00+08:00,0.13686942236807964,0.13686942236807964,0.13272187113761902,0.13272187113761902,267,0.0,0.0
2006-01-04 00:00:00+08:00,0.13272191211210416,0.134795680642128,0.13272191211210416,0.134795680642128,111,0.0,0.0
2006-01-05 00:00:00+08:00,0.13272187113761902,0.13272187113761902,0.13272187113761902,0.13272187113761902,62,0.0,0.0
2006-01-06 00:00:00+08:00,0.1368694417905532,0.1368694417905532,0.13064810633659363,0.13064810633659363,0,0.0,0.0
2006-01-09 00:00:00+08:00,0.13272187113761902,0.13479563902742003,0.13272187113761902,0.13272187113761902,45,0.0,0.0
2006-01-10 00:00:00+08:00,0.13272187113761902,0.13272187113761902,0.13272187113761902,0.13272187113761902,0,0.0,0.0
2006-01-11 00:00:00+08:00,0.13686944544315338,0.13894322913343604,0.13479566175287072,0.13686944544315338,143,0.0,0.0
2006-01-12 00:00:00+08:00,0.134795680642128,0.134795680642128,0.13272191211210416,0.134795680642128,73,0.0,0.0
2006-01-13 00:00:00+08:00,0.13479563902742003,0.13479563902742003,0.13272187113761902,0.13272187113761902,203,0.0,0.0
2006-01-16 00:00:00+08:00,0.13272187113761902,0.13272187113761902,0.13272187113761902,0.13272187113761902,27,0.0,0.0
2006-01-17 00:00:00+08:00,0.1327218935134493,0.13686944544315338,0.13064810982316663,0.13686944544315338,531,0.0,0.0
2006-01-18 00:00:00+08:00,0.134795680642128,0.134795680642128,0.134795680642128,0.134795680642128,62,0.0,0.0
2006-01-19 00:00:00+08:00,0.1410170128237187,0.1410170128237187,0.1327218935134493,0.13686944544315338,226,0.0,0.0
2006-01-20 00:00:00+08:00,0.14101701560431332,0.15138590335845944,0.1389432318731395,0.15138590335845947,2732,0.0,0.0
2006-01-23 00:00:00+08:00,0.14516454935073853,0.14723833282098236,0.14516454935073853,0.14516454935073853,176,0.0,0.0
2006-01-24 00:00:00+08:00,0.14516456829052593,0.14516456829052593,0.1430907845497131,0.14309078454971313,153,0.0,0.0
2006-01-25 00:00:00+08:00,0.1430907845497131,0.1430907845497131,0.1430907845497131,0.14309078454971313,41,0.0,0.0
2006-01-26 00:00:00+08:00,0.147238340625801,0.1513858923352828,0.147238340625801,0.1493121087551117,332,0.0,0.0
2006-01-27 00:00:00+08:00,0.14723834056874155,0.15760722756385803,0.14723834056874155,0.15760722756385803,980,0.0,0.0
2006-01-30 00:00:00+08:00,0.15760722756385803,0.15760722756385803,0.15760722756385803,0.15760722756385803,0,0.0,0.0
2006-01-31 00:00:00+08:00,0.15760722756385803,0.15760722756385803,0.15760722756385803,0.15760722756385803,0,0.0,0.0
2006-02-01 00:00:00+08:00,0.15760722756385803,0.15760722756385803,0.1534596758559835,0.15760722756385803,183,0.0,0.0
2006-02-02 00:00:00+08:00,0.15760724603554815,0.15760724603554815,0.15553347766399384,0.15553347766399384,153,0.0,0.0
2006-02-03 00:00:00+08:00,0.15760723100808163,0.1721236854791641,0.1555334628342561,0.17212368547916412,413,0.0,0.0
2006-02-06 00:00:00+08:00,0.1762712556267525,0.19493526220321655,0.1762712556267525,0.19493526220321655,1305,0.0,0.0
2006-02-07 00:00:00+08:00,0.19493528777688168,0.1970090717077255,0.19493528777688168,0.19700907170772552,1030,0.0,0.0
2006-02-08 00:00:00+08:00,0.19700904586199955,0.19700904586199955,0.18871392667772854,0.19493526220321655,518,0.0,0.0
2006-02-09 00:00:00+08:00,0.1949352849518842,0.1949352849518842,0.19078773260116577,0.19078773260116577,213,0.0,0.0
2006-02-10 00:00:00+08:00,0.188713937997818,0.188713937997818,0.188713937997818,0.188713937997818,63,0.0,0.0
2006-02-13 00:00:00+08:00,0.18871392650161814,0.18871392650161814,0.1783450391191015,0.1866401582956314,66,0.0,0.0
2006-02-14 00:00:00+08:00,0.19078772964987745,0.19493528193643753,0.18456639349460602,0.18456639349460602,1032,0.0,0.0
2006-02-15 00:00:00+08:00,0.18041882700101353,0.18249261088402177,0.17627127468585968,0.17627127468585968,291,0.0,0.0
2006-02-16 00:00:00+08:00,0.18041883409023285,0.18041883409023285,0.18041883409023285,0.18041883409023285,61,0.0,0.0
2006-02-17 00:00:00+08:00,0.18249261805472655,0.18871395449734435,0.18041883409023285,0.18041883409023285,353,0.0,0.0
2006-02-20 00:00:00+08:00,0.1866401582956314,0.1866401582956314,0.18041880732508825,0.1866401582956314,157,0.0,0.0
2006-02-21 00:00:00+08:00,0.1866401582956314,0.1866401582956314,0.18456637463878367,0.1866401582956314,690,0.0,0.0
2006-02-22 00:00:00+08:00,0.18664018598371393,0.18871395449734435,0.18041883409023285,0.18041883409023285,223,0.0,0.0
2006-02-23 00:00:00+08:00,0.17834500968456268,0.17834500968456268,0.17834500968456268,0.17834500968456268,8,0.0,0.0
2006-02-24 00:00:00+08:00,0.18041883409023285,0.18041883409023285,0.18041883409023285,0.18041883409023285,147,0.0,0.0
2006-02-27 00:00:00+08:00,0.17834500968456268,0.17834500968456268,0.17627122636997772,0.17834500968456268,201,0.0,0.0
2006-02-28 00:00:00+08:00,0.17834505856886793,0.17834505856886793,0.1721237069198432,0.17627127468585968,348,0.0,0.0
2006-03-01 00:00:00+08:00,0.17419747180540607,0.1866401582956314,0.17419747180540607,0.1866401582956314,205,0.0,0.0
2006-03-02 00:00:00+08:00,0.18249260209914037,0.188713937997818,0.18249260209914037,0.188713937997818,483,0.0,0.0
2006-03-03 00:00:00+08:00,0.18871392667772854,0.19493526220321655,0.18871392667772854,0.19493526220321655,616,0.0,0.0
2006-03-06 00:00:00+08:00,0.19286149740219113,0.19493526564674626,0.19286149740219113,0.19286149740219116,100,0.0,0.0
2006-03-07 00:00:00+08:00,0.19078774958427647,0.19078774958427647,0.1824926286935806,0.18249262869358063,106,0.0,0.0
2006-03-08 00:00:00+08:00,0.18249260962589473,0.18456639349460602,0.18249260962589473,0.18456639349460602,225,0.0,0.0
2006-03-09 00:00:00+08:00,0.18456637481102353,0.19493526220321655,0.1824925911522405,0.19493526220321655,1442,0.0,0.0
2006-03-10 00:00:00+08:00,0.1907877027530351,0.2073779404621443,0.18871391917668137,0.19908282160758972,3958,0.0,0.0
2006-03-13 00:00:00+08:00,0.1990828527534654,0.1990828527534654,0.19078773260116577,0.19078773260116577,183,0.0,0.0
2006-03-14 00:00:00+08:00,0.1928614938153136,0.1928614938153136,0.1866401582956314,0.1866401582956314,387,0.0,0.0
2006-03-15 00:00:00+08:00,0.18456639634965674,0.19286151650195638,0.18456639634965674,0.19078773260116577,118,0.0,0.0
2006-03-16 00:00:00+08:00,0.18871394870037517,0.19078773260116577,0.18871394870037517,0.19078773260116577,72,0.0,0.0
2006-03-17 00:00:00+08:00,0.18871392650161814,0.18871392650161814,0.1866401582956314,0.1866401582956314,292,0.0,0.0
2006-03-20 00:00:00+08:00,0.19078771015846588,0.1928614938153136,0.1866401582956314,0.1866401582956314,675,0.0,0.0
2006-03-21 00:00:00+08:00,0.188713937997818,0.19078772178099784,0.188713937997818,0.188713937997818,1103,0.0,0.0
2006-03-22 00:00:00+08:00,0.18871392650161814,0.18871392650161814,0.1866401582956314,0.1866401582956314,210,0.0,0.0
2006-03-23 00:00:00+08:00,0.1866401582956314,0.1866401582956314,0.18456637463878367,0.1866401582956314,222,0.0,0.0
2006-03-24 00:00:00+08:00,0.18664017736331734,0.18664017736331734,0.18456639349460602,0.18456639349460602,210,0.0,0.0
2006-03-27 00:00:00+08:00,0.18456641277897062,0.18456641277897062,0.1824926286935806,0.18249262869358063,50,0.0,0.0
2006-03-28 00:00:00+08:00,0.18249260962589473,0.18456639349460602,0.18249260962589473,0.18456639349460602,140,0.0,0.0
2006-03-29 00:00:00+08:00,0.18249261805472655,0.18249261805472655,0.18041883409023285,0.18041883409023285,90,0.0,0.0
2006-03-30 00:00:00+08:00,0.18249261805472655,0.18249261805472655,0.18041883409023285,0.18041883409023285,115,0.0,0.0
2006-03-31 00:00:00+08:00,0.17834506557660243,0.18041883409023285,0.17834506557660243,0.18041883409023285,323,0.0,0.0
2006-04-03 00:00:00+08:00,0.1804188446081906,0.1824926286935806,0.1804188446081906,0.18249262869358063,37,0.0,0.0
2006-04-04 00:00:00+08:00,0.18041877754828922,0.18041877754828922,0.17834500968456268,0.17834500968456268,140,0.0,0.0
2006-04-05 00:00:00+08:00,0.17834506557660243,0.18041883409023285,0.17834506557660243,0.18041883409023285,330,0.0,0.0
2006-04-06 00:00:00+08:00,0.18041877754828922,0.18041877754828922,0.17834500968456268,0.17834500968456268,337,0.0,0.0
2006-04-07 00:00:00+08:00,0.17834500968456268,0.17834500968456268,0.17834500968456268,0.17834500968456268,17,0.0,0.0
2006-04-10 00:00:00+08:00,0.18041882700101353,0.18041882700101353,0.17627127468585968,0.17627127468585968,0,0.0,0.0
2006-04-11 00:00:00+08:00,0.17627127468585968,0.17627127468585968,0.17627127468585968,0.17627127468585968,12,0.0,0.0
2006-04-12 00:00:00+08:00,0.17834500968456268,0.17834500968456268,0.17834500968456268,0.17834500968456268,18,0.0,0.0
2006-04-13 00:00:00+08:00,0.1741974651813507,0.1741974651813507,0.1741974651813507,0.1741974651813507,62,0.0,0.0
2006-04-14 00:00:00+08:00,0.1741974651813507,0.1741974651813507,0.1741974651813507,0.1741974651813507,0,0.0,0.0
2006-04-17 00:00:00+08:00,0.1741974572943103,0.1741974572943103,0.17004990577697754,0.17004990577697754,293,0.0,0.0
2006-04-18 00:00:00+08:00,0.17004991730533855,0.1721236854791641,0.17004991730533855,0.17212368547916412,475,0.0,0.0
2006-04-19 00:00:00+08:00,0.17212371368312135,0.18041883409023285,0.16590237724050355,0.18041883409023285,170,0.0,0.0
2006-04-20 00:00:00+08:00,0.17419746910385037,0.17419746910385037,0.1721236854791641,0.17212368547916412,65,0.0,0.0
2006-04-21 00:00:00+08:00,0.17004991347623158,0.1741974651813507,0.17004991347623158,0.1741974651813507,8,0.0,0.0
2006-04-24 00:00:00+08:00,0.17004990577697754,0.17004990577697754,0.17004990577697754,0.17004990577697754,20,0.0,0.0
2006-04-25 00:00:00+08:00,0.17834500968456268,0.17834500968456268,0.17004989187708128,0.17834500968456268,52500,0.0,0.0
2006-04-26 00:00:00+08:00,0.17834503635322294,0.17834503635322294,0.1721236854791641,0.17212368547916412,15000,0.0,0.0
2006-04-27 00:00:00+08:00,0.1741974651813507,0.1741974651813507,0.1741974651813507,0.1741974651813507,883,0.0,0.0
2006-04-28 00:00:00+08:00,0.1741974572943103,0.1741974572943103,0.1679761222928813,0.17004990577697754,95,0.0,0.0
2006-05-01 00:00:00+08:00,0.17004990577697754,0.17004990577697754,0.17004990577697754,0.17004990577697754,0,0.0,0.0
2006-05-02 00:00:00+08:00,0.17004990577697754,0.17004990577697754,0.1679761222928813,0.17004990577697754,186,0.0,0.0
2006-05-03 00:00:00+08:00,0.17004990577697754,0.17212367381021407,0.17004990577697754,0.17004990577697754,322,0.0,0.0
2006-05-04 00:00:00+08:00,0.17004991730533855,0.17419746910385037,0.17004991730533855,0.17212368547916412,867,0.0,0.0
2006-05-05 00:00:00+08:00,0.17212371368312135,0.18041883409023285,0.17212371368312135,0.18041883409023285,2565,0.0,0.0
2006-05-08 00:00:00+08:00,0.18456637463878367,0.1928614938153136,0.18456637463878367,0.1866401582956314,2882,0.0,0.0
2006-05-09 00:00:00+08:00,0.1824926286935806,0.1824926286935806,0.1824926286935806,0.18249262869358063,162,0.0,0.0
2006-05-10 00:00:00+08:00,0.1804188446081906,0.1824926286935806,0.1804188446081906,0.18249262869358063,78,0.0,0.0
2006-05-11 00:00:00+08:00,0.18456640201922023,0.18456640201922023,0.17834506557660243,0.18041883409023285,310,0.0,0.0
2006-05-12 00:00:00+08:00,0.18041883409023285,0.18041883409023285,0.18041883409023285,0.18041883409023285,0,0.0,0.0
2006-05-15 00:00:00+08:00,0.17834503635322294,0.18249258815173475,0.1721236854791641,0.17212368547916412,715,0.0,0.0
2006-05-16 00:00:00+08:00,0.17834502426250276,0.17834502426250276,0.17004990577697754,0.17004990577697754,996,0.0,0.0
2006-05-17 00:00:00+08:00,0.17004991730533855,0.1721236854791641,0.17004991730533855,0.17212368547916412,218,0.0,0.0
2006-05-18 00:00:00+08:00,0.1679761222928813,0.18249257577983552,0.16382857077554852,0.17004990577697754,667500,0.0,0.0
2006-05-19 00:00:00+08:00,0.16797612989824182,0.1741974651813507,0.16797612989824182,0.1741974651813507,51250,0.0,0.0
2006-05-22 00:00:00+08:00,0.16797614097595215,0.17419747666934643,0.16797614097595215,0.16797614097595215,295,0.0,0.0
2006-05-23 00:00:00+08:00,0.17834505856886793,0.17834505856886793,0.17004993848769762,0.17627127468585968,196,0.0,0.0
2006-05-24 00:00:00+08:00,0.17627127468585968,0.17627127468585968,0.17627127468585968,0.17627127468585968,125,0.0,0.0
2006-05-25 00:00:00+08:00,0.17419746910385037,0.17419746910385037,0.1721236854791641,0.17212368547916412,10,0.0,0.0
2006-05-26 00:00:00+08:00,0.17212367381021407,0.17212367381021407,0.17004990577697754,0.17004990577697754,91,0.0,0.0
2006-05-29 00:00:00+08:00,0.16382858554038565,0.16382858554038565,0.1617548018693924,0.1617548018693924,250000,0.0,0.0
2006-05-30 00:00:00+08:00,0.17004991347623158,0.1741974651813507,0.17004991347623158,0.1741974651813507,15,0.0,0.0
2006-05-31 00:00:00+08:00,0.16382858157157898,0.16382858157157898,0.16382858157157898,0.16382858157157898,6,0.0,0.0
2006-06-01 00:00:00+08:00,0.17419747299362986,0.17419747299362986,0.1617548018693924,0.1617548018693924,0,0.0,0.0
2006-06-02 00:00:00+08:00,0.17004990577697754,0.17004990577697754,0.17004990577697754,0.17004990577697754,10,0.0,0.0
2006-06-05 00:00:00+08:00,0.16590236127376556,0.16590236127376556,0.16590236127376556,0.16590236127376556,177,0.0,0.0
2006-06-06 00:00:00+08:00,0.16590236127376556,0.16590236127376556,0.16590236127376556,0.16590236127376556,25,0.0,0.0
2006-06-07 00:00:00+08:00,0.16590237336567898,0.16590237336567898,0.159681037068367,0.159681037068367,0,0.0,0.0
2006-06-08 00:00:00+08:00,0.159681037068367,0.16175482098442528,0.15553348468711334,0.159681037068367,415,0.0,0.0
2006-06-09 00:00:00+08:00,0.15968101819839914,0.1617548018693924,0.15968101819839914,0.1617548018693924,81,0.0,0.0
2006-06-12 00:00:00+08:00,0.1617547947225929,0.1617547947225929,0.15760722756385803,0.15760722756385803,0,0.0,0.0
2006-06-13 00:00:00+08:00,0.15760725315230872,0.159681037068367,0.15760725315230872,0.159681037068367,8,0.0,0.0
2006-06-14 00:00:00+08:00,0.1617547947225929,0.1617547947225929,0.15760722756385803,0.15760722756385803,0,0.0,0.0
2006-06-15 00:00:00+08:00,0.15760725315230872,0.159681037068367,0.15760725315230872,0.159681037068367,112,0.0,0.0
2006-06-16 00:00:00+08:00,0.16590234643046742,0.16590234643046742,0.15760722756385803,0.15760722756385803,0,0.0,0.0
2006-06-19 00:00:00+08:00,0.16382857830196038,0.16382857830196038,0.15760722756385803,0.15760722756385803,0,0.0,0.0
2006-06-20 00:00:00+08:00,0.16590235421929153,0.16590235421929153,0.15345968306064606,0.15345968306064606,0,0.0,0.0
2006-06-21 00:00:00+08:00,0.15760723452740585,0.1617548018693924,0.15760723452740585,0.1617548018693924,16,0.0,0.0
2006-06-22 00:00:00+08:00,0.17212370189073928,0.17212370189073928,0.15553347766399384,0.15553347766399384,0,0.0,0.0
2006-06-23 00:00:00+08:00,0.17834503252492598,0.17834503252492598,0.1493121087551117,0.1493121087551117,0,0.0,0.0
2006-06-26 00:00:00+08:00,0.16590234632025205,0.17627124875934044,0.16590234632025205,0.1741974651813507,716,0.0,0.0
2006-06-27 00:00:00+08:00,0.17419746910385037,0.17419746910385037,0.1721236854791641,0.17212368547916412,406,0.0,0.0
2006-06-28 00:00:00+08:00,0.17004990577697754,0.17004990577697754,0.17004990577697754,0.17004990577697754,50,0.0,0.0
2006-06-29 00:00:00+08:00,0.1700499288035837,0.1700499288035837,0.16590236127376556,0.16590236127376556,0,0.0,0.0
2006-06-30 00:00:00+08:00,0.17212369295459454,0.17212369295459454,0.16590235726120026,0.16797614097595215,91,0.0,0.0
2006-07-03 00:00:00+08:00,0.16590237336567898,0.16590237336567898,0.159681037068367,0.159681037068367,65,0.0,0.0
2006-07-04 00:00:00+08:00,0.17004991698298363,0.17004991698298363,0.16382858157157898,0.16382858157157898,0,0.0,0.0
2006-07-05 00:00:00+08:00,0.1700499211025044,0.1700499211025044,0.1617548018693924,0.1617548018693924,0,0.0,0.0
2006-07-06 00:00:00+08:00,0.16590236127376556,0.16590236127376556,0.16590236127376556,0.16590236127376556,25,0.0,0.0
2006-07-07 00:00:00+08:00,0.17004990577697754,0.17004990577697754,0.17004990577697754,0.17004990577697754,43,0.0,0.0
2006-07-10 00:00:00+08:00,0.1617548018693924,0.1617548018693924,0.1617548018693924,0.1617548018693924,62,0.0,0.0
2006-07-11 00:00:00+08:00,0.1700499211025044,0.1700499211025044,0.1617548018693924,0.1617548018693924,0,0.0,0.0
2006-07-12 00:00:00+08:00,0.1617548018693924,0.1617548018693924,0.1617548018693924,0.1617548018693924,118,0.0,0.0
2006-07-13 00:00:00+08:00,0.1617548018693924,0.1617548018693924,0.1617548018693924,0.1617548018693924,150,0.0,0.0
2006-07-14 00:00:00+08:00,0.15968101819839914,0.1617548018693924,0.15968101819839914,0.1617548018693924,22,0.0,0.0
2006-07-17 00:00:00+08:00,0.1617548018693924,0.1617548018693924,0.1617548018693924,0.1617548018693924,125,0.0,0.0
2006-07-18 00:00:00+08:00,0.15760722756385803,0.15760722756385803,0.15760722756385803,0.15760722756385803,25,0.0,0.0
2006-07-19 00:00:00+08:00,0.1617548052825579,0.16797614097595215,0.159681021567806,0.16797614097595215,458,0.0,0.0
2006-07-20 00:00:00+08:00,0.1679761450386746,0.1700499288035837,0.16590236127376556,0.16590236127376556,258,0.0,0.0
2006-07-21 00:00:00+08:00,0.1700499211025044,0.1700499211025044,0.1617548018693924,0.1617548018693924,0,0.0,0.0
2006-07-24 00:00:00+08:00,0.16590236127376556,0.16590236127376556,0.16590236127376556,0.16590236127376556,40,0.0,0.0
2006-07-25 00:00:00+08:00,0.16175480919480922,0.16590236127376556,0.16175480919480922,0.16590236127376556,70,0.0,0.0
2006-07-26 00:00:00+08:00,0.1700499211025044,0.1700499211025044,0.1617548018693924,0.1617548018693924,0,0.0,0.0
2006-07-27 00:00:00+08:00,0.1679761222928813,0.17212367381021407,0.1679761222928813,0.17004990577697754,735000,0.0,0.0
2006-07-28 00:00:00+08:00,0.17004990577697754,0.17004990577697754,0.17004990577697754,0.17004990577697754,125,0.0,0.0
2006-07-31 00:00:00+08:00,0.17212367381021407,0.17212367381021407,0.17004990577697754,0.17004990577697754,181,0.0,0.0
2006-08-01 00:00:00+08:00,0.1741974651813507,0.17627124875934044,0.1741974651813507,0.1741974651813507,633,0.0,0.0
2006-08-02 00:00:00+08:00,0.17419749080285143,0.17627127468585968,0.17419749080285143,0.17627127468585968,380,0.0,0.0
2006-08-03 00:00:00+08:00,0.17834506557660243,0.18041883409023285,0.17834506557660243,0.18041883409023285,683,0.0,0.0
2006-08-04 00:00:00+08:00,0.17834500968456268,0.17834500968456268,0.1679761085624963,0.17834500968456268,157,0.0,0.0
2006-08-07 00:00:00+08:00,0.1783450440988502,0.1783450440988502,0.16797614097595215,0.16797614097595215,0,0.0,0.0
2006-08-08 00:00:00+08:00,0.1679761222928813,0.17004990577697754,0.1679761222928813,0.17004990577697754,101,0.0,0.0
2006-08-09 00:00:00+08:00,0.17004990577697754,0.17004990577697754,0.17004990577697754,0.17004990577697754,0,0.0,0.0
2006-08-10 00:00:00+08:00,0.17004991730533855,0.1721236854791641,0.17004991730533855,0.17212368547916412,137,0.0,0.0
2006-08-11 00:00:00+08:00,0.17004991730533855,0.1721236854791641,0.17004991730533855,0.17212368547916412,208,0.0,0.0
2006-08-14 00:00:00+08:00,0.17212368160336095,0.1741974651813507,0.17212368160336095,0.1741974651813507,413,0.0,0.0
2006-08-15 00:00:00+08:00,0.17627124077840653,0.17627124077840653,0.17004990577697754,0.17004990577697754,267,0.0,0.0
2006-08-16 00:00:00+08:00,0.1741974651813507,0.1741974651813507,0.17212368160336095,0.1741974651813507,102,0.0,0.0
2006-08-17 00:00:00+08:00,0.17212368160336095,0.1741974651813507,0.17212368160336095,0.1741974651813507,156,0.0,0.0
2006-08-18 00:00:00+08:00,0.17004992469070404,0.17004992469070404,0.16797614097595215,0.16797614097595215,5,0.0,0.0
2006-08-21 00:00:00+08:00,0.1721236854791641,0.1721236854791641,0.17004991730533855,0.17212368547916412,41,0.0,0.0
2006-08-22 00:00:00+08:00,0.17627124077840653,0.17627124077840653,0.17004990577697754,0.17004990577697754,0,0.0,0.0
2006-08-23 00:00:00+08:00,0.17004992469070404,0.17004992469070404,0.16797614097595215,0.16797614097595215,165,0.0,0.0
2006-08-24 00:00:00+08:00,0.17004990577697754,0.17004990577697754,0.17004990577697754,0.17004990577697754,342,0.0,0.0
2006-08-25 00:00:00+08:00,0.1721237069198432,0.17627127468585968,0.17004993848769762,0.17627127468585968,26,0.0,0.0
2006-08-28 00:00:00+08:00,0.17627125272853666,0.17627125272853666,0.1721236854791641,0.17212368547916412,32,0.0,0.0
2006-08-29 00:00:00+08:00,0.1824925838984805,0.1990828216075897,0.1824925838984805,0.19908282160758972,3972,0.0,0.0
2006-08-30 00:00:00+08:00,0.20115660518394343,0.20115660518394343,0.19700903803123596,0.19908282160758972,2586,0.0,0.0
2006-08-31 00:00:00+08:00,0.20115661317956557,0.20115661317956557,0.19493526220321655,0.19493526220321655,175,0.0,0.0
2006-09-01 00:00:00+08:00,0.19493526564674626,0.19493526564674626,0.19286149740219113,0.19286149740219116,178,0.0,0.0
2006-09-04 00:00:00+08:00,0.19286149399529454,0.19700904586199955,0.19286149399529454,0.19493526220321655,330,0.0,0.0
2006-09-05 00:00:00+08:00,0.19493526220321655,0.19700904586199955,0.19493526220321655,0.19493526220321655,231,0.0,0.0
2006-09-06 00:00:00+08:00,0.1970090717077255,0.1970090717077255,0.1970090717077255,0.19700907170772552,175,0.0,0.0
2006-09-07 00:00:00+08:00,0.197009063424789,0.21359930327230306,0.197009063424789,0.2011566311120987,1786,0.0,0.0
2006-09-08 00:00:00+08:00,0.20115659805876338,0.20323036611080167,0.20115659805876338,0.2032303661108017,170,0.0,0.0
2006-09-11 00:00:00+08:00,0.20323036611080167,0.2053041496136998,0.20115659805876338,0.2032303661108017,201,0.0,0.0
2006-09-12 00:00:00+08:00,0.20323037330943683,0.20323037330943683,0.1990828216075897,0.19908282160758972,120,0.0,0.0
2006-09-13 00:00:00+08:00,0.19908285421915992,0.2053041905164719,0.19908285421915992,0.20530419051647186,362,0.0,0.0
2006-09-14 00:00:00+08:00,0.2032303995048912,0.2032303995048912,0.2011566311120987,0.2011566311120987,126,0.0,0.0
2006-09-15 00:00:00+08:00,0.2011566311120987,0.20530418334854603,0.2011566311120987,0.2011566311120987,565,0.0,0.0
2006-09-18 00:00:00+08:00,0.2011566381352182,0.2053041905164719,0.2011566381352182,0.20530419051647186,245,0.0,0.0
2006-09-19 00:00:00+08:00,0.20323036611080167,0.20323036611080167,0.20323036611080167,0.2032303661108017,141,0.0,0.0
2006-09-20 00:00:00+08:00,0.20115660518394343,0.20115660518394343,0.1990828216075897,0.19908282160758972,281,0.0,0.0
2006-09-21 00:00:00+08:00,0.20115660518394343,0.20115660518394343,0.1990828216075897,0.19908282160758972,218,0.0,0.0
2006-09-22 00:00:00+08:00,0.1990828216075897,0.1990828216075897,0.1990828216075897,0.19908282160758972,50,0.0,0.0
2006-09-25 00:00:00+08:00,0.19908282952078257,0.19908282952078257,0.19493526220321655,0.19493526220321655,243,0.0,0.0
2006-09-26 00:00:00+08:00,0.1970090717077255,0.1970090717077255,0.19286151929690085,0.19700907170772552,386,0.0,0.0
2006-09-27 00:00:00+08:00,0.1970090717077255,0.19908285563856934,0.1970090717077255,0.19700907170772552,165,0.0,0.0
2006-09-28 00:00:00+08:00,0.19908283204515215,0.21567307062405838,0.19908283204515215,0.20945173501968384,1421,0.0,0.0
2006-09-29 00:00:00+08:00,0.21359926499328785,0.22189438343048093,0.21152548152127468,0.22189438343048096,1962,0.0,0.0
2006-10-02 00:00:00+08:00,0.22811574697438305,0.24677976965904236,0.22396819496160406,0.24677976965904236,8473,0.0,0.0
2006-10-03 00:00:00+08:00,0.24677971134680005,0.2571485966540865,0.2447059281049996,0.2550748288631439,2682,0.0,0.0
2006-10-04 00:00:00+08:00,0.2550749375948858,0.2550749375948858,0.24055846416514953,0.2530011534690857,1763,0.0,0.0
2006-10-05 00:00:00+08:00,0.2530010412676517,0.25714859222902287,0.24470592389405185,0.24885347485542297,4005,0.0,0.0
2006-10-06 00:00:00+08:00,0.24885353794000112,0.24885353794000112,0.24055841846358159,0.24677976965904236,428,0.0,0.0
2006-10-09 00:00:00+08:00,0.2384846287342246,0.2384846287342246,0.23433706164360046,0.23433706164360046,877,0.0,0.0
2006-10-10 00:00:00+08:00,0.23848464739460618,0.24055841565132144,0.23226331172273776,0.2405584156513214,1550,0.0,0.0
2006-10-11 00:00:00+08:00,0.24055839269329388,0.24055839269329388,0.2281157225370407,0.2281157225370407,1576,0.0,0.0
2006-10-12 00:00:00+08:00,0.23018950604670285,0.2343370576151673,0.2281157225370407,0.2281157225370407,1371,0.0,0.0
2006-10-13 00:00:00+08:00,0.23018950604670285,0.23018950604670285,0.22604193902737857,0.2281157225370407,1765,0.0,0.0
2006-10-16 00:00:00+08:00,0.23018957062235076,0.23226335471377668,0.22604200243949893,0.2260420024394989,970,0.0,0.0
2006-10-17 00:00:00+08:00,0.22604193492364769,0.22811571839566086,0.22189438343048093,0.22189438343048096,607,0.0,0.0
2006-10-18 00:00:00+08:00,0.22189440922193465,0.22604196119718384,0.22189440922193465,0.22396819293498993,560,0.0,0.0
2006-10-19 00:00:00+08:00,0.22604195412305944,0.22604195412305944,0.2198206186294556,0.21982061862945557,321,0.0,0.0
2006-10-20 00:00:00+08:00,0.2177468164864546,0.22189438343048093,0.2177468164864546,0.22189438343048096,383,0.0,0.0
2006-10-23 00:00:00+08:00,0.2239681746575664,0.2239681746575664,0.2177468240261078,0.2177468240261078,272,0.0,0.0
2006-10-24 00:00:00+08:00,0.2177468240261078,0.2177468240261078,0.2177468240261078,0.2177468240261078,0,0.0,0.0
2006-10-25 00:00:00+08:00,0.21982066561608538,0.22604200243949893,0.21982066561608538,0.2260420024394989,898,0.0,0.0
2006-10-26 00:00:00+08:00,0.22604194291321228,0.23433706164360046,0.22604194291321228,0.23433706164360046,4608,0.0,0.0
2006-10-27 00:00:00+08:00,0.23433706890873882,0.23433706890873882,0.22811573353078302,0.2301895171403885,1361,0.0,0.0
2006-10-30 00:00:00+08:00,0.22811578653092485,0.22811578653092485,0.22604200243949893,0.2260420024394989,1392,0.0,0.0
2006-10-31 00:00:00+08:00,0.22604193902737857,0.23226328955636502,0.22604193902737857,0.2281157225370407,1555,0.0,0.0
2006-11-01 00:00:00+08:00,0.2301894882020735,0.23848460614681244,0.2301894882020735,0.23848460614681244,3905,0.0,0.0
2006-11-02 00:00:00+08:00,0.23848464739460618,0.24263219935889802,0.2364108636870296,0.2405584156513214,1773,0.0,0.0
2006-11-03 00:00:00+08:00,0.24055841565132144,0.24470598306647462,0.23848464739460618,0.2405584156513214,5696,0.0,0.0
2006-11-06 00:00:00+08:00,0.24711910898004844,0.24930600821971893,0.24493222603401396,0.24930600821971893,1475,0.024,0.0
2006-11-07 00:00:00+08:00,0.25149286097084045,0.26461422139610297,0.24711906329999758,0.2580535411834717,8532,0.0,0.0
2006-11-08 00:00:00+08:00,0.2624273193908076,0.2624273193908076,0.2405583801816485,0.25149285793304443,2427,0.0,0.0
2006-11-09 00:00:00+08:00,0.25367976825641214,0.26024046540260315,0.25367976825641214,0.26024046540260315,2318,0.0,0.0
2006-11-10 00:00:00+08:00,0.2602405354483319,0.262427418792044,0.25586673617362976,0.25586673617362976,1408,0.0,0.0
2006-11-13 00:00:00+08:00,0.2602404796577409,0.2602404796577409,0.2536797821521759,0.2536797821521759,785,0.0,0.0
2006-11-14 00:00:00+08:00,0.2536797821521759,0.2580535804892192,0.25149289927728974,0.2536797821521759,456,0.0,0.0
2006-11-15 00:00:00+08:00,0.25586668132069756,0.2580535804892192,0.2536797821521759,0.2536797821521759,927,0.0,0.0
2006-11-16 00:00:00+08:00,0.2536798365362787,0.2602405354483319,0.2536798365362787,0.25586673617362976,631,0.0,0.0
2006-11-17 00:00:00+08:00,0.2602404400188931,0.2624273225606815,0.2580535411834717,0.2580535411834717,972,0.0,0.0
2006-11-20 00:00:00+08:00,0.26242736253262705,0.26242736253262705,0.2536797821521759,0.2536797821521759,205,0.0,0.0
2006-11-21 00:00:00+08:00,0.25805363581098084,0.2602405354483319,0.25586673617362976,0.25586673617362976,321,0.0,0.0
2006-11-22 00:00:00+08:00,0.2558667029196662,0.2646142840385437,0.2558667029196662,0.2646142840385437,1925,0.0,0.0
2006-11-23 00:00:00+08:00,0.2624273846854151,0.2668011833916723,0.2602405016259234,0.2646142840385437,820,0.0,0.0
2006-11-24 00:00:00+08:00,0.26680121806674617,0.26680121806674617,0.25586673617362976,0.25586673617362976,636,0.0,0.0
2006-11-27 00:00:00+08:00,0.25805363581098084,0.2602405354483319,0.25586673617362976,0.25586673617362976,326,0.0,0.0
2006-11-28 00:00:00+08:00,0.2536797821521759,0.25586668132069756,0.25149289927728974,0.2536797821521759,385,0.0,0.0
2006-11-29 00:00:00+08:00,0.2536797404484174,0.25586663925742315,0.2493059591240387,0.25149285793304443,621250,0.0,0.0
2006-11-30 00:00:00+08:00,0.2536797404484174,0.2536797404484174,0.2493059591240387,0.25149285793304443,366,0.0,0.0
2006-12-01 00:00:00+08:00,0.25149289927728974,0.25586668132069756,0.25149289927728974,0.2536797821521759,522,0.0,0.0
2006-12-04 00:00:00+08:00,0.2558666368315207,0.2711748957621559,0.2536797380432492,0.2689880132675171,2961,0.0,0.0
2006-12-05 00:00:00+08:00,0.2755487263202667,0.2777356253702972,0.2733618272702362,0.2755487263202667,2568750,0.0,0.0
2006-12-06 00:00:00+08:00,0.2777356161762486,0.2799225151538849,0.26898803655933756,0.2799225151538849,4095,0.0,0.0
2006-12-07 00:00:00+08:00,0.2842963156967644,0.2842963156967644,0.2755487512911854,0.2777356505393982,1177500,0.0,0.0
2006-12-08 00:00:00+08:00,0.279922572534369,0.28429633879893856,0.2777356731084468,0.28210943937301636,4753,0.0,0.0
2006-12-11 00:00:00+08:00,0.28429628052188927,0.28429628052188927,0.2799225151538849,0.2799225151538849,656,0.0,0.0
2006-12-12 00:00:00+08:00,0.282109381544253,0.28429628052188927,0.2777356161762486,0.2799225151538849,935,0.0,0.0
2006-12-13 00:00:00+08:00,0.279922549787611,0.279922549787611,0.2733618520429726,0.2777356505393982,140,0.0,0.0
2006-12-14 00:00:00+08:00,0.2777356253702972,0.2777356253702972,0.2733618272702362,0.2755487263202667,468,0.0,0.0
2006-12-15 00:00:00+08:00,0.27554870094981254,0.27773559979848983,0.27117490325245797,0.27336180210113525,1053,0.0,0.0
2006-12-18 00:00:00+08:00,0.2755487263202667,0.2755487263202667,0.2733618272702362,0.2755487263202667,566,0.0,0.0
2006-12-19 00:00:00+08:00,0.2777356897487803,0.2777356897487803,0.2646143087007265,0.26680120825767517,388,0.0,0.0
2006-12-20 00:00:00+08:00,0.2689880546555237,0.27554873573616867,0.2689880546555237,0.27117493748664856,237,0.0,0.0
2006-12-21 00:00:00+08:00,0.2689880132675171,0.2689880132675171,0.2668011144792456,0.2689880132675171,241,0.0,0.0
2006-12-22 00:00:00+08:00,0.2689881078146239,0.2689881078146239,0.26680120825767517,0.26680120825767517,90,0.0,0.0
2006-12-26 00:00:00+08:00,0.26898804546380983,0.2799225244203277,0.26898804546380983,0.2755487263202667,2077,0.0,0.0
2006-12-27 00:00:00+08:00,0.2799225244203277,0.282109390883089,0.2755487263202667,0.2755487263202667,513,0.0,0.0
2006-12-28 00:00:00+08:00,0.2755487512911854,0.279922549787611,0.2755487512911854,0.2777356505393982,1263,0.0,0.0
2006-12-29 00:00:00+08:00,0.2842962899331195,0.2842962899331195,0.2755487263202667,0.2755487263202667,711,0.0,0.0
2007-01-03 00:00:00+08:00,0.2821094164485516,0.2821094164485516,0.2755487512911854,0.2777356505393982,2580,0.0,0.0
2007-01-04 00:00:00+08:00,0.2799225151538849,0.282109381544253,0.2777356161762486,0.2799225151538849,1918,0.0,0.0
2007-01-05 00:00:00+08:00,0.279922572534369,0.28210943937301636,0.2777356731084468,0.28210943937301636,316,0.0,0.0
2007-01-08 00:00:00+08:00,0.279922549787611,0.279922549787611,0.2755487512911854,0.2777356505393982,820,0.0,0.0
2007-01-09 00:00:00+08:00,0.2777356505393982,0.2777356505393982,0.2755487512911854,0.2777356505393982,601,0.0,0.0
2007-01-10 00:00:00+08:00,0.2777355921269704,0.2777355921269704,0.2689880132675171,0.2689880132675171,778,0.0,0.0
2007-01-11 00:00:00+08:00,0.2711748957621559,0.2733617945504274,0.2689880132675171,0.2689880132675171,550,0.0,0.0
2007-01-12 00:00:00+08:00,0.2689880206974138,0.27336180210113525,0.2668011218487365,0.27336180210113525,310,0.0,0.0
2007-01-15 00:00:00+08:00,0.27336180210113525,0.27554870094981254,0.27336180210113525,0.27336180210113525,250,0.0,0.0
2007-01-16 00:00:00+08:00,0.27554870094981254,0.27554870094981254,0.2668011218487365,0.27336180210113525,560,0.0,0.0
2007-01-17 00:00:00+08:00,0.2733618272702362,0.2755487263202667,0.26898804546380983,0.2755487263202667,455,0.0,0.0
2007-01-18 00:00:00+08:00,0.27554875013221686,0.29960457658683354,0.27336185089320225,0.29304391145706177,3987,0.0,0.0
2007-01-19 00:00:00+08:00,0.30179145932197565,0.31053905579966,0.29304389543156156,0.3017914593219757,5507,0.0,0.0
2007-01-22 00:00:00+08:00,0.31053905090394157,0.3236604128263366,0.3061652527340533,0.31928661465644836,3927,0.0,0.0
2007-01-23 00:00:00+08:00,0.314912821122501,0.3192866193567775,0.3039783581240801,0.3170997202396393,2025,0.0,0.0
2007-01-24 00:00:00+08:00,0.3192866054463443,0.3280342015337887,0.3127259409680298,0.32366040349006653,4790,0.0,0.0
2007-01-25 00:00:00+08:00,0.32147352327216866,0.32147352327216866,0.310539060110542,0.3149128258228302,1367,0.0,0.0
2007-01-26 00:00:00+08:00,0.31053905547549476,0.3192866193567775,0.3061652572412183,0.3170997202396393,1907,0.0,0.0
2007-01-29 00:00:00+08:00,0.32366042242194815,0.32366042242194815,0.31272595926032143,0.3149128258228302,733,0.0,0.0
2007-01-30 00:00:00+08:00,0.31709972694787664,0.31928662611127867,0.31053906204494147,0.3127259612083435,1331,0.0,0.0
2007-01-31 00:00:00+08:00,0.3127259612083435,0.3149128277844746,0.31053906204494147,0.3127259612083435,1892,0.0,0.0
2007-02-01 00:00:00+08:00,0.3127259612083435,0.3149128277844746,0.31053906204494147,0.3127259612083435,776,0.0,0.0
2007-02-02 00:00:00+08:00,0.314912821122501,0.32366041759105396,0.31053905547549476,0.3170997202396393,1506,0.0,0.0
2007-02-05 00:00:00+08:00,0.3214735538548533,0.3324080180567064,0.3214735538548533,0.32803425192832947,5515,0.0,0.0
2007-02-06 00:00:00+08:00,0.33022109350386797,0.33240799269483856,0.32366042851822735,0.325847327709198,3142,0.0,0.0
2007-02-07 00:00:00+08:00,0.33022109350386797,0.33240799269483856,0.325847327709198,0.325847327709198,1602,0.0,0.0
2007-02-08 00:00:00+08:00,0.33022110205052996,0.33678179979324346,0.32803423539023097,0.3367817997932434,2192,0.0,0.0
2007-02-09 00:00:00+08:00,0.33678180465557916,0.3433425024930136,0.3324080060972895,0.3345949053764343,4872,0.0,0.0
2007-02-12 00:00:00+08:00,0.33678179107677986,0.3389686902677505,0.325847327709198,0.325847327709198,1353,0.0,0.0
2007-02-13 00:00:00+08:00,0.3324079628461501,0.3411555588245392,0.3258472984496266,0.3411555588245392,10307,0.0,0.0
2007-02-14 00:00:00+08:00,0.3433424783352066,0.34771624399848255,0.334594881834114,0.34552937746047974,4117,0.0,0.0
2007-02-15 00:00:00+08:00,0.3477162423754921,0.34990314149055773,0.33240798115730286,0.33240798115730286,1551,0.0,0.0
2007-02-16 00:00:00+08:00,0.33678177474873167,0.33678177474873167,0.31709971557150424,0.31928661465644836,3028,0.0,0.0
2007-02-21 00:00:00+08:00,0.3236604368950886,0.33678179979324346,0.31709973915237516,0.3367817997932434,9292,0.0,0.0
2007-02-22 00:00:00+08:00,0.34115558786645006,0.3564638495445251,0.3345948903241588,0.35646384954452515,6411,0.0,0.0
2007-02-23 00:00:00+08:00,0.3586507376408441,0.3586507376408441,0.34115557732270996,0.34771624207496643,1487,0.0,0.0
2007-02-26 00:00:00+08:00,0.34990315770480523,0.34990315770480523,0.3367817949936476,0.3389686942100525,2051,0.0,0.0
2007-02-27 00:00:00+08:00,0.34334251260409676,0.34334251260409676,0.328034249786543,0.33022111654281616,1407,0.0,0.0
2007-02-28 00:00:00+08:00,0.3192865788022051,0.3192865788022051,0.2908569590649712,0.3061652183532715,3138,0.0,0.0
2007-03-01 00:00:00+08:00,0.31053904159176826,0.3192866050819608,0.30835214257240295,0.30835214257240295,2822,0.0,0.0
2007-03-02 00:00:00+08:00,0.31272591487137136,0.31272591487137136,0.3061652183532715,0.3061652183532715,1371,0.0,0.0
2007-03-05 00:00:00+08:00,0.3105390677096609,0.3105390677096609,0.28867010826398737,0.29523080587387085,3232,0.0,0.0
2007-03-06 00:00:00+08:00,0.29523079918494377,0.3017914640589134,0.29523079918494377,0.2996045649051666,1647,0.0,0.0
2007-03-07 00:00:00+08:00,0.30397837009977735,0.30616526930307186,0.28648320906069286,0.29523080587387085,2745,0.0,0.0
2007-03-08 00:00:00+08:00,0.2974176843915117,0.2974176843915117,0.2886700881867365,0.2908569872379303,1370,0.0,0.0
2007-03-09 00:00:00+08:00,0.3037964650696917,0.3082971288504185,0.3015461164129583,0.30604681372642517,2857,0.015,0.0
2007-03-12 00:00:00+08:00,0.308297146833942,0.3150481931979429,0.3060468315786838,0.3127978444099426,2456,0.0,0.0
2007-03-13 00:00:00+08:00,0.3105474956219423,0.3150481931979429,0.308297146833942,0.3127978444099426,2268,0.0,0.0
2007-03-14 00:00:00+08:00,0.30604685431678774,0.30604685431678774,0.3015461564064026,0.3015461564064026,1003,0.0,0.0
2007-03-15 00:00:00+08:00,0.3060468073593539,0.3127978196563644,0.3060468073593539,0.31054747104644775,2426,0.0,0.0
2007-03-16 00:00:00+08:00,0.30829715728759766,0.3105475061519022,0.3060468419560364,0.30829715728759766,1483,0.0,0.0
2007-03-19 00:00:00+08:00,0.3060468419560364,0.30829715728759766,0.30379649309173185,0.30829715728759766,1786,0.0,0.0
2007-03-20 00:00:00+08:00,0.3195488686813852,0.32629988104590124,0.31279782278412943,0.32404953241348267,7383,0.0,0.0
2007-03-21 00:00:00+08:00,0.32855022967831987,0.33080057831073845,0.32404953241348267,0.32404953241348267,3363,0.0,0.0
2007-03-22 00:00:00+08:00,0.3285502669128392,0.33080061580028924,0.31954890489578247,0.31954890489578247,2640,0.0,0.0
2007-03-23 00:00:00+08:00,0.3240495494410366,0.3240495494410366,0.3150481879711151,0.3150481879711151,1376,0.0,0.0
2007-03-26 00:00:00+08:00,0.31954890489578247,0.32404956913793903,0.3172985560083324,0.31954890489578247,3085,0.0,0.0
2007-03-27 00:00:00+08:00,0.32179921731380384,0.32404953241348267,0.3195488686813852,0.32404953241348267,3421,0.0,0.0
2007-03-28 00:00:00+08:00,0.32179924845695496,0.32404956377441524,0.31729855075654834,0.32179924845695496,2116,0.0,0.0
2007-03-29 00:00:00+08:00,0.32179925378323254,0.32179925378323254,0.31954890489578247,0.31954890489578247,977,0.0,0.0
2007-03-30 00:00:00+08:00,0.32179924845695496,0.32179924845695496,0.31954889960675165,0.32179924845695496,768,0.0,0.0
2007-04-02 00:00:00+08:00,0.32179923422311235,0.32179923422311235,0.3150481879711151,0.3150481879711151,1735,0.0,0.0
2007-04-03 00:00:00+08:00,0.31954892208651,0.3262999355792999,0.3150482240694864,0.3262999355792999,3340,0.0,0.0
2007-04-04 00:00:00+08:00,0.35105370287644144,0.3668061106863159,0.34880335411321056,0.35780471563339233,25458,0.0,0.0
2007-04-05 00:00:00+08:00,0.36005511879920954,0.3623054679024573,0.34880340681571764,0.3600551187992096,4850,0.0,0.0
2007-04-09 00:00:00+08:00,0.3600550579846798,0.40281161665916443,0.35780470926152363,0.40281161665916443,21018,0.0,0.0
2007-04-10 00:00:00+08:00,0.40056135531412856,0.40281170452817405,0.3915599584579468,0.3915599584579468,6257,0.0,0.0
2007-04-11 00:00:00+08:00,0.38255855441093445,0.38930956780167314,0.37805785646194545,0.38255855441093445,1970,0.0,0.0
2007-04-12 00:00:00+08:00,0.3803082116808787,0.4005613192511286,0.3780578626694348,0.3938102722167969,3955,0.0,0.0
2007-04-13 00:00:00+08:00,0.39155984552591483,0.39831089122094315,0.3848088333636252,0.38705918192863464,2092,0.0,0.0
2007-04-16 00:00:00+08:00,0.3893095698031742,0.41631372410319595,0.3893095698031742,0.4095626771450043,6923,0.0,0.0
2007-04-17 00:00:00+08:00,0.4140634052460094,0.4140634052460094,0.3960606455802918,0.39606064558029175,3493,0.0,0.0
2007-04-18 00:00:00+08:00,0.40281165181989953,0.40281165181989953,0.3983109539807291,0.40056130290031433,386,0.0,0.0
2007-04-19 00:00:00+08:00,0.3960605426559337,0.3960605426559337,0.3848088333636252,0.38705918192863464,1812,0.0,0.0
2007-04-20 00:00:00+08:00,0.3915598742197239,0.3960605716795574,0.38930952548980713,0.38930952548980713,466,0.0,0.0
2007-04-23 00:00:00+08:00,0.3915599112678753,0.3938102602107129,0.3825585490292694,0.38480889797210693,800,0.0,0.0
2007-04-24 00:00:00+08:00,0.38255855441093445,0.38480890338542895,0.37805785646194545,0.38255855441093445,315,0.0,0.0
2007-04-25 00:00:00+08:00,0.38255856069232264,0.3938102722167968,0.38255856069232264,0.3938102722167969,663,0.0,0.0
2007-04-26 00:00:00+08:00,0.3960606568860377,0.3960606568860377,0.38705929356260427,0.3915599584579468,995,0.0,0.0
2007-04-27 00:00:00+08:00,0.3915599584579468,0.3915599584579468,0.38705929356260427,0.3915599584579468,736,0.0,0.0
2007-04-30 00:00:00+08:00,0.38930956780167314,0.38930956780167314,0.38255855441093445,0.38255855441093445,143,0.0,0.0
2007-05-02 00:00:00+08:00,0.38255848479861576,0.38930949696090533,0.38255848479861576,0.38705918192863464,1472,0.0,0.0
2007-05-03 00:00:00+08:00,0.3893095428354193,0.3893095428354193,0.38030818104743963,0.3803081810474396,1005,0.0,0.0
2007-05-04 00:00:00+08:00,0.38255852987762023,0.3848088787078008,0.378057832217259,0.3803081810474396,1781250,0.0,0.0
2007-05-07 00:00:00+08:00,0.38030820543643995,0.38480890338542895,0.38030820543643995,0.38255855441093445,901,0.0,0.0
2007-05-08 00:00:00+08:00,0.3803081736406004,0.3803081736406004,0.36905646324157715,0.36905646324157715,415,0.0,0.0
2007-05-09 00:00:00+08:00,0.3623054239387375,0.38030818104743963,0.3623054239387375,0.3803081810474396,658,0.0,0.0
2007-05-10 00:00:00+08:00,0.3803081615524227,0.3803081615524227,0.37355711540794695,0.3758074641227722,1576,0.0,0.0
2007-05-11 00:00:00+08:00,0.37130677550630725,0.38930949696090533,0.36905642694129775,0.38705918192863464,2825000,0.0,0.0
2007-05-14 00:00:00+08:00,0.39831095501062025,0.39831095501062025,0.3735571503639222,0.3735571503639221,2497,0.0,0.0
2007-05-15 00:00:00+08:00,0.37580747077937854,0.3780578195340638,0.3668061092933792,0.37130680680274963,4733,0.0,0.0
2007-05-16 00:00:00+08:00,0.3690564580480644,0.3713068068027497,0.3690564580480644,0.37130680680274963,1411,0.0,0.0
2007-05-17 00:00:00+08:00,0.37130683497126243,0.375807499289326,0.3668061371204548,0.3735571503639221,972,0.0,0.0
2007-05-18 00:00:00+08:00,0.37130677550630725,0.38930949696090533,0.36905642694129775,0.38705918192863464,3582,0.0,0.0
2007-05-21 00:00:00+08:00,0.3870592275379814,0.3870592275379814,0.378057832217259,0.3803081810474396,3381,0.0,0.0
2007-05-22 00:00:00+08:00,0.3825585128327981,0.3915598742197239,0.3825585128327981,0.38930952548980713,9473,0.0,0.0
2007-05-23 00:00:00+08:00,0.3915599703044124,0.4185641281572077,0.3870593052729044,0.41181308031082153,19207,0.0,0.0
2007-05-24 00:00:00+08:00,0.4118130139654964,0.4118130139654964,0.40056130290031433,0.40056130290031433,6893,0.0,0.0
2007-05-25 00:00:00+08:00,0.4005613147334937,0.41631372410319595,0.3983109657474298,0.4095626771450043,8593,0.0,0.0
2007-05-28 00:00:00+08:00,0.40731233531785205,0.40956268434346804,0.4005613217737497,0.4050620198249817,2283,0.0,0.0
2007-05-29 00:00:00+08:00,0.4050620181005415,0.4073123335838318,0.4028116690845058,0.4073123335838318,2378,0.0,0.0
2007-05-30 00:00:00+08:00,0.4073122805727356,0.4073122805727356,0.40056126793600827,0.40281161665916443,4643,0.0,0.0
2007-06-01 00:00:00+08:00,0.40281161665916443,0.4073122805727356,0.40056126793600827,0.40281161665916443,1786,0.0,0.0
2007-06-04 00:00:00+08:00,0.4005612183769084,0.4005612183769084,0.39606052148744103,0.3983108699321747,1178,0.0,0.0
2007-06-05 00:00:00+08:00,0.4005612183769084,0.4005612183769084,0.39606052148744103,0.3983108699321747,1232,0.0,0.0
2007-06-06 00:00:00+08:00,0.40056130290031433,0.4050620007394848,0.3983109539807291,0.40056130290031433,3937,0.0,0.0
2007-06-07 00:00:00+08:00,0.40056130290031433,0.40281165181989953,0.3960606050611439,0.40056130290031433,2315,0.0,0.0
2007-06-08 00:00:00+08:00,0.40056130290031433,0.4095626650459112,0.40056130290031433,0.40056130290031433,9148,0.0,0.0
2007-06-11 00:00:00+08:00,0.40056130290031433,0.40281165181989953,0.3960606050611439,0.40056130290031433,2018,0.0,0.0
2007-06-12 00:00:00+08:00,0.40281165181989953,0.40281165181989953,0.3983109539807291,0.40056130290031433,3673,0.0,0.0
2007-06-13 00:00:00+08:00,0.4005612183769084,0.4005612183769084,0.3983108699321747,0.3983108699321747,990,0.0,0.0
2007-06-14 00:00:00+08:00,0.40056130290031433,0.4050620007394848,0.40056130290031433,0.40056130290031433,4130,0.0,0.0
2007-06-15 00:00:00+08:00,0.40281165181989953,0.40281165181989953,0.3983109539807291,0.40056130290031433,4530,0.0,0.0
2007-06-18 00:00:00+08:00,0.40056130290031433,0.40056130290031433,0.3960606050611439,0.40056130290031433,2668750,0.0,0.0
2007-06-19 00:00:00+08:00,0.40506191526637575,0.40506191526637575,0.3983108699321747,0.3983108699321747,717,0.0,0.0
2007-06-20 00:00:00+08:00,0.40056134387990805,0.40056134387990805,0.3960606455802918,0.39606064558029175,1560,0.0,0.0
2007-06-21 00:00:00+08:00,0.39831097274813376,0.40956268434346804,0.39606062372251777,0.4050620198249817,6586,0.0,0.0
2007-06-22 00:00:00+08:00,0.40956268434346804,0.40956268434346804,0.4005613217737497,0.4050620198249817,5153,0.0,0.0
2007-06-25 00:00:00+08:00,0.40281156682164204,0.40506191526637575,0.3938101730427073,0.3983108699321747,4626,0.0,0.0
2007-06-26 00:00:00+08:00,0.3960605426559337,0.3960605426559337,0.38255848479861576,0.38705918192863464,1815,0.0,0.0
2007-06-27 00:00:00+08:00,0.40281156682164204,0.4073122301783725,0.3938101730427073,0.3983108699321747,5755,0.0,0.0
2007-06-28 00:00:00+08:00,0.4050620198249817,0.40956268434346804,0.4005613217737497,0.4050620198249817,5310,0.0,0.0
2007-06-29 00:00:00+08:00,0.4050620421795243,0.407312357796585,0.3960606455802918,0.39606064558029175,1075,0.0,0.0
2007-07-02 00:00:00+08:00,0.3983109702396847,0.40281166826257253,0.3938102722167968,0.3938102722167969,892500,0.0,0.0
2007-07-03 00:00:00+08:00,0.39831100610008313,0.39831100610008313,0.3915599584579468,0.3915599584579468,1531,0.0,0.0
2007-07-04 00:00:00+08:00,0.39381029643048365,0.3983109947300999,0.3893095981308674,0.39606064558029175,4165,0.0,0.0
2007-07-05 00:00:00+08:00,0.3960606568860377,0.40281170452817405,0.3915599584579468,0.3915599584579468,1213,0.0,0.0
2007-07-06 00:00:00+08:00,0.3960606568860377,0.39831100610008313,0.3915599584579468,0.3915599584579468,1733,0.0,0.0
2007-07-09 00:00:00+08:00,0.3983109702396847,0.3983109702396847,0.39155992320535293,0.3938102722167969,1671,0.0,0.0
2007-07-10 00:00:00+08:00,0.3938102722167968,0.3983109702396847,0.39155992320535293,0.3938102722167969,1398,0.0,0.0
2007-07-11 00:00:00+08:00,0.3915598742197239,0.39381022294964063,0.38930952548980713,0.38930952548980713,981,0.0,0.0
2007-07-12 00:00:00+08:00,0.3938101730427073,0.40281156682164204,0.3938101730427073,0.3983108699321747,2058,0.0,0.0
2007-07-13 00:00:00+08:00,0.4028116930297162,0.4050620421795243,0.3960606455802918,0.39606064558029175,1615,0.0,0.0
2007-07-16 00:00:00+08:00,0.3983109702396847,0.3983109702396847,0.3938102722167968,0.3938102722167969,551,0.0,0.0
2007-07-17 00:00:00+08:00,0.3960606568860377,0.3960606568860377,0.3893096092439013,0.3915599584579468,1225,0.0,0.0
2007-07-18 00:00:00+08:00,0.3915599082344087,0.3915599082344087,0.3735571503639222,0.3735571503639221,1240,0.0,0.0
2007-07-19 00:00:00+08:00,0.3803081615524227,0.3825585102672479,0.36680610279621223,0.3758074641227722,3412,0.0,0.0
2007-07-20 00:00:00+08:00,0.378057832217259,0.3848088787078008,0.378057832217259,0.3803081810474396,1596,0.0,0.0
2007-07-23 00:00:00+08:00,0.3803082000864318,0.3893095623250378,0.3803082000864318,0.38480889797210693,1243,0.0,0.0
2007-07-24 00:00:00+08:00,0.38480889797210693,0.3893095623250378,0.3825585490292694,0.38480889797210693,1971,0.0,0.0
2007-07-25 00:00:00+08:00,0.3803081362336063,0.38705918192863464,0.3803081362336063,0.38705918192863464,2925,0.0,0.0
2007-07-26 00:00:00+08:00,0.3848088787078008,0.3870592275379814,0.378057832217259,0.3803081810474396,743,0.0,0.0
2007-07-27 00:00:00+08:00,0.37355711540794695,0.3758074641227722,0.36680610279621223,0.3758074641227722,2067,0.0,0.0
2007-07-30 00:00:00+08:00,0.37130683497126243,0.3735571503639222,0.3690564860458586,0.3735571503639221,647,0.0,0.0
2007-07-31 00:00:00+08:00,0.3758074833870784,0.38255852987762023,0.3758074833870784,0.3803081810474396,3247,0.0,0.0
2007-08-01 00:00:00+08:00,0.3780578195340638,0.3938102272841189,0.3668061092933792,0.37130680680274963,4436,0.0,0.0
2007-08-02 00:00:00+08:00,0.3735571434439005,0.3758074923276174,0.3600550836743428,0.3623054325580597,3061,0.0,0.0
2007-08-03 00:00:00+08:00,0.36230540536656175,0.3758074641227722,0.36230540536656175,0.3758074641227722,3435,0.0,0.0
2007-08-06 00:00:00+08:00,0.3690564792092103,0.3690564792092103,0.3600550836743428,0.3623054325580597,1951,0.0,0.0
2007-08-07 00:00:00+08:00,0.36455576880932034,0.36905646642079754,0.35105370950763115,0.35330405831336975,933,0.0,0.0
2007-08-08 00:00:00+08:00,0.3578047696959618,0.3623054679024573,0.3555544541254609,0.3600551187992096,1538,0.0,0.0
2007-08-10 00:00:00+08:00,0.35555445383788525,0.35555445383788525,0.33755169455921086,0.3465530574321747,987500,0.0,0.0
2007-08-13 00:00:00+08:00,0.34655302390478504,0.3668061303254934,0.34655302390478504,0.3623054325580597,1493,0.0,0.0
2007-08-14 00:00:00+08:00,0.3623054450276232,0.3623054450276232,0.35105373375452914,0.3555544316768646,351,0.0,0.0
2007-08-15 00:00:00+08:00,0.3510537112278404,0.3510537112278404,0.33980196714401245,0.33980196714401245,975,0.0,0.0
2007-08-16 00:00:00+08:00,0.3285502635335951,0.3285502635335951,0.3060468419560364,0.30829715728759766,1692500,0.0,0.0
2007-08-17 00:00:00+08:00,0.29704541909949145,0.3150481748206188,0.28354336069183095,0.30604681372642517,3665,0.0,0.0
2007-08-20 00:00:00+08:00,0.31954888547244664,0.32629989819170235,0.3127978392204494,0.3150481879711151,1513,0.0,0.0
2007-08-21 00:00:00+08:00,0.3127978196563644,0.315048168266281,0.31054747104644775,0.31054747104644775,1665,0.0,0.0
2007-08-22 00:00:00+08:00,0.31279785823343226,0.31954890489578247,0.31279785823343226,0.31954890489578247,4602,0.0,0.0
2007-08-23 00:00:00+08:00,0.32629990617724897,0.35330405831336975,0.32629990617724897,0.35330405831336975,3552,0.0,0.0
2007-08-24 00:00:00+08:00,0.3735571798859492,0.3825585762989402,0.3578047696959618,0.3600551187992096,10576,0.0,0.0
2007-08-27 00:00:00+08:00,0.3690564580480644,0.3735571220246933,0.3690564580480644,0.37130680680274963,5372,0.0,0.0
2007-08-28 00:00:00+08:00,0.3690565039912084,0.3690565039912084,0.3600551078519007,0.36455580592155457,1607,0.0,0.0
2007-08-29 00:00:00+08:00,0.3555544541254609,0.3623054679024573,0.3465530577124699,0.3600551187992096,1767,0.0,0.0
2007-08-30 00:00:00+08:00,0.3668061303254934,0.3668061303254934,0.3600550836743428,0.3623054325580597,1260,0.0,0.0
2007-08-31 00:00:00+08:00,0.3645558059215545,0.36680615495638147,0.3623054568867276,0.36455580592155457,903,0.0,0.0
2007-09-03 00:00:00+08:00,0.37130681731722354,0.37130681731722354,0.36230542204358573,0.36680611968040466,1208,0.0,0.0
2007-09-04 00:00:00+08:00,0.36680615495638147,0.36680615495638147,0.3645558059215545,0.36455580592155457,232,0.0,0.0
2007-09-05 00:00:00+08:00,0.3668061144552241,0.36905646324157715,0.364555765668871,0.36905646324157715,475000,0.0,0.0
2007-09-06 00:00:00+08:00,0.364555765668871,0.36905646324157715,0.364555765668871,0.36905646324157715,400,0.0,0.0
2007-09-07 00:00:00+08:00,0.3713067951642392,0.38255850505224204,0.3713067951642392,0.3780578076839447,3766,0.0,0.0
2007-09-10 00:00:00+08:00,0.36905646849881407,0.3735571326028905,0.36680611968040466,0.36680611968040466,1050000,0.0,0.0
2007-09-11 00:00:00+08:00,0.36680611968040466,0.36905646849881407,0.36230542204358573,0.36680611968040466,960,0.0,0.0
2007-09-12 00:00:00+08:00,0.3735571272815412,0.3735571272815412,0.3668061144552241,0.36905646324157715,1626,0.0,0.0
2007-09-13 00:00:00+08:00,0.3735571272815412,0.3735571272815412,0.36905646324157715,0.36905646324157715,542,0.0,0.0
2007-09-14 00:00:00+08:00,0.3735571220246933,0.3735571220246933,0.3690564580480644,0.37130680680274963,1545,0.0,0.0
2007-09-17 00:00:00+08:00,0.3960606455802918,0.3960606455802918,0.3758075367647661,0.39606064558029175,0,0.0,0.0
2007-09-18 00:00:00+08:00,0.3780578076839447,0.38705920242053937,0.375807458999796,0.3780578076839447,4332,0.0,0.0
2007-09-19 00:00:00+08:00,0.38480890338542895,0.38930956780167314,0.38030820543643995,0.38255855441093445,1848,0.0,0.0
2007-09-20 00:00:00+08:00,0.38255855441093445,0.38480890338542895,0.38030820543643995,0.38255855441093445,1006,0.0,0.0
2007-09-21 00:00:00+08:00,0.38030818104743963,0.38255852987762023,0.378057832217259,0.3803081810474396,306,0.0,0.0
2007-09-24 00:00:00+08:00,0.38255855441093445,0.38480890338542895,0.38030820543643995,0.38255855441093445,1542,0.0,0.0
2007-09-25 00:00:00+08:00,0.38255848479861576,0.38705918192863464,0.3803081362336063,0.38705918192863464,1126,0.0,0.0
2007-09-26 00:00:00+08:00,0.3825585128327981,0.3915598742197239,0.3825585128327981,0.38930952548980713,1732,0.0,0.0
2007-09-27 00:00:00+08:00,0.3915599256712858,0.411813033369084,0.3915599256712858,0.4050620198249817,4888,0.0,0.0
2007-09-28 00:00:00+08:00,0.40956268434346804,0.40956268434346804,0.4005613217737497,0.4050620198249817,2247,0.0,0.0
2007-10-01 00:00:00+08:00,0.40506199170604146,0.4253150644651489,0.40506199170604146,0.4185640513896942,4315,0.0,0.0
2007-10-02 00:00:00+08:00,0.4208144413368728,0.42756545507132737,0.4140633940696717,0.41406339406967163,3508,0.0,0.0
2007-10-03 00:00:00+08:00,0.414063380631939,0.41856407866401046,0.4073123335838318,0.4073123335838318,595000,0.0,0.0
2007-10-04 00:00:00+08:00,0.4050620181005415,0.41181303161590327,0.4050620181005415,0.4073123335838318,801,0.0,0.0
2007-10-05 00:00:00+08:00,0.4140633823947,0.4140633823947,0.4028116707993657,0.4050620198249817,1471,0.0,0.0
2007-10-08 00:00:00+08:00,0.41856407308925986,0.41856407308925986,0.4095626771450043,0.4095626771450043,603,0.0,0.0
2007-10-09 00:00:00+08:00,0.4095626825998675,0.41181303161590327,0.4073123335838318,0.4073123335838318,388,0.0,0.0
2007-10-10 00:00:00+08:00,0.40956262929589177,0.40956262929589177,0.40056126793600827,0.40281161665916443,701,0.0,0.0
2007-10-11 00:00:00+08:00,0.4050620007394848,0.4050620007394848,0.40056130290031433,0.40056130290031433,321,0.0,0.0
2007-10-12 00:00:00+08:00,0.4005613192511286,0.4005613192511286,0.39155992320535293,0.3938102722167969,1886250,0.0,0.0
2007-10-15 00:00:00+08:00,0.39606052148744103,0.4005612183769084,0.39606052148744103,0.3983108699321747,1736,0.0,0.0
2007-10-16 00:00:00+08:00,0.3983109702396847,0.3983109702396847,0.3938102722167968,0.3938102722167969,1106,0.0,0.0
2007-10-17 00:00:00+08:00,0.39381019409092427,0.39381019409092427,0.38705918192863464,0.38705918192863464,1290,0.0,0.0
2007-10-18 00:00:00+08:00,0.3893095623250378,0.3960606091535505,0.38480889797210693,0.38480889797210693,1163,0.0,0.0
2007-10-19 00:00:00+08:00,0.38705918192863464,0.38930949696090533,0.3848088333636252,0.38705918192863464,133,0.0,0.0
2007-10-22 00:00:00+08:00,0.38255850505224204,0.38705920242053937,0.37355711031564737,0.3780578076839447,1041,0.0,0.0
2007-10-23 00:00:00+08:00,0.378057832217259,0.3870592275379814,0.378057832217259,0.3803081810474396,182,0.0,0.0
2007-10-24 00:00:00+08:00,0.3848088787078008,0.3893095428354193,0.378057832217259,0.3803081810474396,370,0.0,0.0
2007-10-25 00:00:00+08:00,0.38255855441093445,0.38255855441093445,0.38030820543643995,0.38255855441093445,2691,0.0,0.0
2007-10-26 00:00:00+08:00,0.38480889797210693,0.38705924691494453,0.3825585490292694,0.38480889797210693,782500,0.0,0.0
2007-10-29 00:00:00+08:00,0.38705921029263163,0.38930952548980713,0.38705921029263163,0.38930952548980713,607,0.0,0.0
2007-10-30 00:00:00+08:00,0.39155991677616764,0.39155991677616764,0.37805785646194545,0.38255855441093445,1530,0.0,0.0
2007-10-31 00:00:00+08:00,0.3848088787078008,0.3848088787078008,0.3758074833870784,0.3803081810474396,466,0.0,0.0
2007-11-01 00:00:00+08:00,0.38255852987762023,0.38255852987762023,0.378057832217259,0.3803081810474396,550,0.0,0.0
2007-11-02 00:00:00+08:00,0.38030820543643995,0.38255855441093445,0.38030820543643995,0.38255855441093445,595,0.0,0.0
2007-11-05 00:00:00+08:00,0.38255850505224204,0.3848088537363907,0.375807458999796,0.3780578076839447,657,0.0,0.0
2007-11-06 00:00:00+08:00,0.3780578482147298,0.3780578482147298,0.3735571503639222,0.3735571503639221,1018,0.0,0.0
2007-11-07 00:00:00+08:00,0.375807499289326,0.3780578482147298,0.37130683497126243,0.3735571503639221,922,0.0,0.0
2007-11-09 00:00:00+08:00,0.3690564860458586,0.375807499289326,0.3690564860458586,0.3735571503639221,601,0.0,0.0
2007-11-12 00:00:00+08:00,0.370130009883015,0.370130009883015,0.36099101284494756,0.3632757365703583,575,0.01,0.0
2007-11-13 00:00:00+08:00,0.3678452521121294,0.370130009883015,0.358706255074062,0.3632757365703583,561,0.0,0.0
2007-11-14 00:00:00+08:00,0.37013002492113245,0.3724147827848461,0.3678452670574188,0.3678452670574188,677,0.0,0.0
2007-11-15 00:00:00+08:00,0.37013005898423634,0.37013005898423634,0.36099106073379517,0.36099106073379517,185,0.0,0.0
2007-11-16 00:00:00+08:00,0.36099106073379517,0.36099106073379517,0.36099106073379517,0.36099106073379517,100,0.0,0.0
2007-11-19 00:00:00+08:00,0.35870623818561137,0.35870623818561137,0.3427129685878754,0.34271296858787537,678,0.0,0.0
2007-11-20 00:00:00+08:00,0.3427129374363065,0.3427129374363065,0.32443491183667217,0.3335739076137543,2397,0.0,0.0
2007-11-21 00:00:00+08:00,0.3404282482901126,0.3655605172541665,0.3335739745478377,0.3358587324619293,2962,0.0,0.0
2007-11-22 00:00:00+08:00,0.3358586650693923,0.3381434225250304,0.3335739076137543,0.3335739076137543,351,0.0,0.0
2007-11-23 00:00:00+08:00,0.3381434679031372,0.34271298342763223,0.3358587101408897,0.3381434679031372,340000,0.0,0.0
2007-11-26 00:00:00+08:00,0.3381435049365163,0.3427130209614634,0.3381435049365163,0.34042826294898987,147500,0.0,0.0
2007-11-27 00:00:00+08:00,0.33814347541385587,0.3404282332268516,0.3312892019748688,0.3312892019748688,478,0.0,0.0
2007-11-28 00:00:00+08:00,0.3335739707103997,0.3335739707103997,0.326719731092453,0.326719731092453,582,0.0,0.0
2007-11-29 00:00:00+08:00,0.3404282653092306,0.3587062954902649,0.3404282653092306,0.3587062954902649,606,0.0,0.0
2007-11-30 00:00:00+08:00,0.358706255074062,0.3632757365703583,0.358706255074062,0.3632757365703583,577,0.0,0.0
2007-12-03 00:00:00+08:00,0.3632757365703583,0.3655604943412438,0.3632757365703583,0.3632757365703583,416,0.0,0.0
2007-12-04 00:00:00+08:00,0.3655604726422974,0.37469950318336487,0.3655604726422974,0.37469950318336487,441,0.0,0.0
2007-12-05 00:00:00+08:00,0.37469955549874306,0.37469955549874306,0.3701300395902156,0.37241479754447937,621250,0.0,0.0
2007-12-06 00:00:00+08:00,0.3746995254247861,0.3746995254247861,0.3632757365703583,0.3632757365703583,1256250,0.0,0.0
2007-12-07 00:00:00+08:00,0.3632757513299915,0.37013002492113245,0.3632757513299915,0.3678452670574188,532500,0.0,0.0
2007-12-10 00:00:00+08:00,0.3701300174490679,0.3701300174490679,0.36556050181388855,0.36556050181388855,822500,0.0,0.0
2007-12-11 00:00:00+08:00,0.4013997772711778,0.4013997772711778,0.38993123173713684,0.38993123173713684,1150000,0.13,0.0
2007-12-12 00:00:00+08:00,0.3899313071197202,0.3899313071197202,0.38132986426353455,0.38132986426353455,498750,0.0,0.0
2007-12-13 00:00:00+08:00,0.3841969530859874,0.3841969530859874,0.3641269655500768,0.36699411273002625,883750,0.0,0.0
2007-12-14 00:00:00+08:00,0.3669940970211272,0.3669940970211272,0.3583926558494568,0.3583926558494568,617500,0.0,0.0
2007-12-17 00:00:00+08:00,0.3583926232570137,0.3583926232570137,0.3268540725812914,0.3325883448123932,1167500,0.0,0.0
2007-12-18 00:00:00+08:00,0.3325883675114752,0.3469240811104364,0.3325883675114752,0.3440569341182709,645000,0.0,0.0
2007-12-19 00:00:00+08:00,0.34692409675590596,0.35265839099884033,0.3383226767533718,0.35265839099884033,345000,0.0,0.0
2007-12-21 00:00:00+08:00,0.3440569496344387,0.35552551675844013,0.3440569496344387,0.35265839099884033,765000,0.0,0.0
2007-12-24 00:00:00+08:00,0.3555255316955193,0.3555255316955193,0.3497912585735321,0.3497912585735321,333750,0.0,0.0
2007-12-26 00:00:00+08:00,0.35552552401022836,0.36699411273002625,0.35552552401022836,0.36699411273002625,411250,0.0,0.0
2007-12-27 00:00:00+08:00,0.361259788274765,0.361259788274765,0.3583926413336681,0.361259788274765,283750,0.0,0.0
2007-12-28 00:00:00+08:00,0.3612597874915886,0.3612597874915886,0.35552549362182617,0.35552549362182617,51250,0.0,0.0
2007-12-31 00:00:00+08:00,0.3583926558494568,0.36125980290668025,0.3583926558494568,0.3583926558494568,225000,0.0,0.0
2008-01-02 00:00:00+08:00,0.358392685712462,0.364126980304718,0.358392685712462,0.364126980304718,282500,0.0,0.0
2008-01-03 00:00:00+08:00,0.36125981657953243,0.37272836251875047,0.35839266941379405,0.3698612153530121,2740000,0.0,0.0
2008-01-04 00:00:00+08:00,0.3727283628377586,0.37846265717414324,0.3727283628377586,0.3755955100059509,785000,0.0,0.0
2008-01-07 00:00:00+08:00,0.3727283477783203,0.3727283477783203,0.36986120072597006,0.3727283477783203,890000,0.0,0.0
2008-01-08 00:00:00+08:00,0.37272842140734896,0.3841970118822631,0.36986127378862044,0.38132986426353455,1092500,0.0,0.0
2008-01-09 00:00:00+08:00,0.3784626566506181,0.4013997912406922,0.3784626566506181,0.40139979124069214,2696250,0.0,0.0
2008-01-10 00:00:00+08:00,0.40713408556914454,0.4186026315023138,0.3956654969122398,0.40139979124069214,1758750,0.0,0.0
2008-01-11 00:00:00+08:00,0.4013997772711778,0.40713407140006524,0.38993123173713684,0.38993123173713684,1101250,0.0,0.0
2008-01-14 00:00:00+08:00,0.38993123173713684,0.38993123173713684,0.38419693760824936,0.38993123173713684,1081250,0.0,0.0
2008-01-15 00:00:00+08:00,0.3985326302067341,0.4157354698696625,0.38993123173713684,0.38993123173713684,1620000,0.0,0.0
2008-01-16 00:00:00+08:00,0.37846264243125916,0.3870640836007698,0.37846264243125916,0.37846264243125916,2105000,0.0,0.0
2008-01-17 00:00:00+08:00,0.38132978893537095,0.38132978893537095,0.36986120072597006,0.3727283477783203,2243750,0.0,0.0
2008-01-18 00:00:00+08:00,0.361259816888725,0.37846265717414324,0.361259816888725,0.3755955100059509,1040000,0.0,0.0
2008-01-21 00:00:00+08:00,0.3727283643661895,0.3727283643661895,0.3641269655500768,0.36699411273002625,1140000,0.0,0.0
2008-01-22 00:00:00+08:00,0.3641269344264698,0.36699408136135103,0.35265836804881096,0.35552549362182617,1472500,0.0,0.0
2008-01-23 00:00:00+08:00,0.3583926558494568,0.36986120135461675,0.3555255087922333,0.3583926558494568,2451250,0.0,0.0
2008-01-24 00:00:00+08:00,0.36125981057442774,0.3698612092049291,0.3440569492278228,0.3469240963459015,3306250,0.0,0.0
2008-01-25 00:00:00+08:00,0.3497912585735321,0.3583926789374471,0.3469241113316044,0.3497912585735321,3822500,0.0,0.0
2008-01-28 00:00:00+08:00,0.3497912585735321,0.3526584058154599,0.3411898382096172,0.3497912585735321,2948750,0.0,0.0
2008-01-29 00:00:00+08:00,0.34979122111392974,0.35552549362182617,0.34979122111392974,0.35552549362182617,522500,0.0,0.0
2008-01-30 00:00:00+08:00,0.3555255087922333,0.3641269499639037,0.3555255087922333,0.3583926558494568,1181250,0.0,0.0
2008-01-31 00:00:00+08:00,0.3497912434639802,0.3555255163382703,0.3469240963459015,0.3469240963459015,1227500,0.0,0.0
2008-02-01 00:00:00+08:00,0.35552549362182617,0.35552549362182617,0.34979122111392974,0.35552549362182617,938750,0.0,0.0
2008-02-04 00:00:00+08:00,0.35265836881334034,0.361259788274765,0.35265836881334034,0.361259788274765,1741250,0.0,0.0
2008-02-05 00:00:00+08:00,0.35265836804881096,0.3583926405567074,0.35265836804881096,0.35552549362182617,1820000,0.0,0.0
2008-02-06 00:00:00+08:00,0.3469240811104364,0.34979122810260194,0.3440569341182709,0.3440569341182709,280000,0.0,0.0
2008-02-11 00:00:00+08:00,0.3497912516899312,0.3497912516899312,0.33832268430978035,0.34118983149528503,1132500,0.0,0.0
2008-02-12 00:00:00+08:00,0.3440569341182709,0.3612597947093976,0.3440569341182709,0.3440569341182709,3575000,0.0,0.0
2008-02-13 00:00:00+08:00,0.34979122187224343,0.3641269352158619,0.34979122187224343,0.361259788274765,1343750,0.0,0.0
2008-02-14 00:00:00+08:00,0.3641269352158619,0.37272833331542055,0.361259788274765,0.361259788274765,3137500,0.0,0.0
2008-02-15 00:00:00+08:00,0.3555255007250665,0.3555255007250665,0.33832266149580625,0.3440569341182709,5632500,0.0,0.0
2008-02-18 00:00:00+08:00,0.34405695731892183,0.34405695731892183,0.332588389938771,0.34118983149528503,1445000,0.0,0.0
2008-02-19 00:00:00+08:00,0.33832265395709654,0.33832265395709654,0.3182526681828823,0.3211198151111603,1675000,0.0,0.0
2008-02-20 00:00:00+08:00,0.3211198374595159,0.3239869632254658,0.2924484089050776,0.30678412318229675,2885000,0.0,0.0
2008-02-21 00:00:00+08:00,0.3067841381422967,0.30965128540992737,0.29818271770127314,0.30965128540992737,1171250,0.0,0.0
2008-02-22 00:00:00+08:00,0.30678412318229675,0.3096512703101141,0.3039169760544794,0.30678412318229675,110000,0.0,0.0
2008-02-25 00:00:00+08:00,0.31538555858332024,0.31538555858332024,0.3067841381422967,0.30965128540992737,1042500,0.0,0.0
2008-02-26 00:00:00+08:00,0.31538554320388124,0.31538554320388124,0.3039169760544794,0.30678412318229675,1058750,0.0,0.0
2008-02-27 00:00:00+08:00,0.3096512699014583,0.3153855427876578,0.3010498285293579,0.3010498285293579,1063750,0.0,0.0
2008-02-28 00:00:00+08:00,0.3010498285293579,0.3039169756533914,0.3010498285293579,0.3010498285293579,367500,0.0,0.0
2008-02-29 00:00:00+08:00,0.3039169756533914,0.3039169756533914,0.2981827027671919,0.3010498285293579,1531250,0.0,0.0
2008-03-03 00:00:00+08:00,0.30104983672097146,0.3039169839230204,0.2924484164766925,0.29531556367874146,1361250,0.0,0.0
2008-03-04 00:00:00+08:00,0.3010498285293579,0.3010498285293579,0.3010498285293579,0.3010498285293579,155000,0.0,0.0
2008-03-05 00:00:00+08:00,0.3039169756533914,0.3039169756533914,0.2981827027671919,0.3010498285293579,118750,0.0,0.0
2008-03-06 00:00:00+08:00,0.30471223528976754,0.30471223528976754,0.2929925322532654,0.2929925322532654,512500,0.009,0.0
2008-03-07 00:00:00+08:00,0.2929925632605418,0.2929925632605418,0.26955315470695496,0.26955315470695496,1140000,0.0,0.0
2008-03-10 00:00:00+08:00,0.2754129806038206,0.2783429119673802,0.24611373245716095,0.24611373245716095,1628750,0.0,0.0
2008-03-11 00:00:00+08:00,0.2373239514383913,0.25490349531173706,0.2373239514383913,0.25490349531173706,1215000,0.0,0.0
2008-03-12 00:00:00+08:00,0.26955315470695496,0.27541299593052826,0.2666232231803449,0.26955315470695496,992500,0.0,0.0
2008-03-13 00:00:00+08:00,0.2636933134833816,0.26955315470695496,0.24904367767997818,0.26955315470695496,823750,0.0,0.0
2008-03-14 00:00:00+08:00,0.26955315470695496,0.26955315470695496,0.2549035189035515,0.26955315470695496,647500,0.0,0.0
2008-03-17 00:00:00+08:00,0.2578334400524346,0.26369330286979675,0.2461137362473561,0.26369330286979675,758750,0.0,0.0
2008-03-18 00:00:00+08:00,0.2578334400524346,0.26369330286979675,0.2578334400524346,0.26369330286979675,387500,0.0,0.0
2008-03-19 00:00:00+08:00,0.26662320834278724,0.26662320834278724,0.24611373245716095,0.24611373245716095,195000,0.0,0.0
2008-03-20 00:00:00+08:00,0.24025388599714728,0.24025388599714728,0.23439402340570004,0.23732395470142365,166250,0.0,0.0
2008-03-24 00:00:00+08:00,0.2431838248778281,0.2490436881780624,0.23732398340724145,0.24904368817806244,230000,0.0,0.0
2008-03-25 00:00:00+08:00,0.24904365463050337,0.25490349531173706,0.24318379211962496,0.25490349531173706,1316250,0.0,0.0
2008-03-26 00:00:00+08:00,0.2549035296486491,0.2549035296486491,0.2402539150573586,0.24904368817806244,152500,0.0,0.0
2008-03-27 00:00:00+08:00,0.25197361982817956,0.25197361982817956,0.24611375652794526,0.24904368817806244,463750,0.0,0.0
2008-03-28 00:00:00+08:00,0.254903508776036,0.254903508776036,0.24904366778527876,0.25197359919548035,437500,0.0,0.0
2008-03-31 00:00:00+08:00,0.24611375304843738,0.24904368465713175,0.24318382143974304,0.24318382143974304,397500,0.0,0.0
2008-04-01 00:00:00+08:00,0.24025389552116394,0.24318380510338847,0.24025389552116394,0.24025389552116394,338750,0.0,0.0
2008-04-02 00:00:00+08:00,0.2549035047181943,0.2549035047181943,0.24611373245716095,0.24611373245716095,906250,0.0,0.0
2008-04-03 00:00:00+08:00,0.25197361982817956,0.2549035296486491,0.2431838248778281,0.24904368817806244,1267500,0.0,0.0
2008-04-04 00:00:00+08:00,0.2549035489628411,0.25783348083496094,0.24904370704825077,0.25783348083496094,267500,0.0,0.0
2008-04-07 00:00:00+08:00,0.2578334401862376,0.2578334401862376,0.25197359919548035,0.25197359919548035,587500,0.0,0.0
2008-04-08 00:00:00+08:00,0.25197361982817956,0.25197361982817956,0.24611375652794526,0.24904368817806244,772500,0.0,0.0
2008-04-09 00:00:00+08:00,0.2461137636973901,0.2461137636973901,0.23146414867934736,0.23439405858516693,2586250,0.0,0.0
2008-04-10 00:00:00+08:00,0.23439401219015044,0.23439401219015044,0.22853417170873647,0.23146410286426544,4788750,0.0,0.0
2008-04-11 00:00:00+08:00,0.2314641136102151,0.2314641136102151,0.22267431973555332,0.22560425102710724,1955000,0.0,0.0
2008-04-14 00:00:00+08:00,0.22267431387048925,0.22267431387048925,0.2109546108426062,0.21681447327136993,1040000,0.0,0.0
2008-04-15 00:00:00+08:00,0.21681450215865078,0.22853420674800873,0.21681450215865078,0.22853420674800873,1055000,0.0,0.0
2008-04-16 00:00:00+08:00,0.23146410286426544,0.23439401219015044,0.23146410286426544,0.23146410286426544,4048750,0.0,0.0
2008-04-17 00:00:00+08:00,0.23439405858516693,0.24025392205610266,0.23439405858516693,0.23439405858516693,1466250,0.0,0.0
2008-04-18 00:00:00+08:00,0.23439401219015044,0.23439401219015044,0.2256042405532075,0.23146410286426544,2590000,0.0,0.0
2008-04-21 00:00:00+08:00,0.23439401219015044,0.2373239433456794,0.23146410286426544,0.23146410286426544,2346250,0.0,0.0
2008-04-22 00:00:00+08:00,0.23146410286426544,0.23146410286426544,0.22853417170873647,0.23146410286426544,5122500,0.0,0.0
2008-04-23 00:00:00+08:00,0.23146414867934736,0.23439405858516693,0.2285342169438795,0.23439405858516693,2162500,0.0,0.0
2008-04-24 00:00:00+08:00,0.23439405858516693,0.24025392205610266,0.23146414867934736,0.23439405858516693,4342500,0.0,0.0
2008-04-25 00:00:00+08:00,0.2373239433456794,0.2373239433456794,0.23146410286426544,0.23146410286426544,672500,0.0,0.0
2008-04-28 00:00:00+08:00,0.2314641136102151,0.2314641136102151,0.22560425102710724,0.22560425102710724,1812500,0.0,0.0
2008-04-29 00:00:00+08:00,0.22560428666523827,0.22560428666523827,0.21974444498611123,0.22267435491085052,826250,0.0,0.0
2008-04-30 00:00:00+08:00,0.22267432360391842,0.22853418628882555,0.21681448274865664,0.21974441409111023,2702500,0.0,0.0
2008-05-02 00:00:00+08:00,0.22267435491085052,0.22560428666523827,0.21974444498611123,0.22267435491085052,3563750,0.0,0.0
2008-05-05 00:00:00+08:00,0.22560428666523827,0.22560428666523827,0.21974444498611123,0.22267435491085052,2806250,0.0,0.0
2008-05-06 00:00:00+08:00,0.2197444044857518,0.2197444044857518,0.21681447327136993,0.21681447327136993,2753750,0.0,0.0
2008-05-07 00:00:00+08:00,0.21681447327136993,0.21681447327136993,0.21388454205698806,0.21681447327136993,1121250,0.0,0.0
2008-05-08 00:00:00+08:00,0.21388454205698806,0.21681447327136993,0.21388454205698806,0.21681447327136993,375000,0.0,0.0
2008-05-09 00:00:00+08:00,0.21681448274865664,0.21974441409111023,0.21681448274865664,0.21974441409111023,2101250,0.0,0.0
2008-05-12 00:00:00+08:00,0.21974441027364439,0.22853418231866116,0.21974441027364439,0.22560425102710724,5561250,0.0,0.0
2008-05-13 00:00:00+08:00,0.228534218419626,0.228534218419626,0.21974444498611123,0.22267435491085052,3920000,0.0,0.0
2008-05-14 00:00:00+08:00,0.22267431387048925,0.22267431387048925,0.21681447327136993,0.21681447327136993,1792500,0.0,0.0
2008-05-15 00:00:00+08:00,0.21974441027364439,0.22853418231866116,0.21974441027364439,0.22560425102710724,2585000,0.0,0.0
2008-05-16 00:00:00+08:00,0.22560425102710724,0.22853418231866116,0.22560425102710724,0.22560425102710724,2102500,0.0,0.0
2008-05-20 00:00:00+08:00,0.2314641192986539,0.24611373245716095,0.2314641192986539,0.24611373245716095,6491250,0.0,0.0
2008-05-21 00:00:00+08:00,0.24611375652794526,0.2549035296486491,0.2402539150573586,0.24904368817806244,3315000,0.0,0.0
2008-05-22 00:00:00+08:00,0.24904370704825077,0.25783348083496094,0.24611377517613095,0.25783348083496094,1765000,0.0,0.0
2008-05-23 00:00:00+08:00,0.25783348083496094,0.2695531864937909,0.2549035489628411,0.25783348083496094,4158750,0.0,0.0
2008-05-26 00:00:00+08:00,0.2549035296486491,0.2549035296486491,0.2402539150573586,0.24904368817806244,1377500,0.0,0.0
2008-05-27 00:00:00+08:00,0.25197361982817956,0.25197361982817956,0.2490436881780624,0.24904368817806244,1002500,0.0,0.0
2008-05-28 00:00:00+08:00,0.24611375304843738,0.24904368465713175,0.24318382143974304,0.24318382143974304,480000,0.0,0.0
2008-05-29 00:00:00+08:00,0.2519736162658261,0.2519736162658261,0.240253911660696,0.24318382143974304,502500,0.0,0.0
2008-05-30 00:00:00+08:00,0.24611374142902523,0.26076337695121765,0.24025390031793606,0.26076337695121765,2158750,0.0,0.0
2008-06-02 00:00:00+08:00,0.2578334612987662,0.2578334612987662,0.2490436881780624,0.24904368817806244,216250,0.0,0.0
2008-06-03 00:00:00+08:00,0.24904366778527876,0.2578334401862376,0.24904366778527876,0.25197359919548035,1096250,0.0,0.0
2008-06-04 00:00:00+08:00,0.2549035047181943,0.2549035047181943,0.24611373245716095,0.24611373245716095,268750,0.0,0.0
2008-06-05 00:00:00+08:00,0.24611373245716095,0.24904366382072057,0.24611373245716095,0.24611373245716095,72500,0.0,0.0
2008-06-06 00:00:00+08:00,0.2490436881780624,0.25197361982817956,0.2431838248778281,0.24904368817806244,837500,0.0,0.0
2008-06-09 00:00:00+08:00,0.24318382143974304,0.24318382143974304,0.240253911660696,0.24318382143974304,208750,0.0,0.0
2008-06-10 00:00:00+08:00,0.2431837954632259,0.2431837954632259,0.23732395470142365,0.23732395470142365,1557500,0.0,0.0
2008-06-11 00:00:00+08:00,0.23732395470142365,0.24025388599714728,0.23732395470142365,0.23732395470142365,252500,0.0,0.0
2008-06-12 00:00:00+08:00,0.23439405858516693,0.23439405858516693,0.2285342169438795,0.23439405858516693,758750,0.0,0.0
2008-06-13 00:00:00+08:00,0.23732395470142365,0.23732395470142365,0.23732395470142365,0.23732395470142365,271250,0.0,0.0
2008-06-16 00:00:00+08:00,0.23732395470142365,0.2431837954632259,0.23732395470142365,0.23732395470142365,0,0.0,0.0
2008-06-17 00:00:00+08:00,0.23732395470142365,0.24025388599714728,0.23732395470142365,0.23732395470142365,432500,0.0,0.0
2008-06-18 00:00:00+08:00,0.23732395470142365,0.24025388599714728,0.23732395470142365,0.23732395470142365,1808750,0.0,0.0
2008-06-19 00:00:00+08:00,0.2373239903206348,0.2373239903206348,0.23439405858516693,0.23439405858516693,1578750,0.0,0.0
2008-06-20 00:00:00+08:00,0.2314641139396214,0.24611372675894952,0.2314641139396214,0.23732395470142365,1576250,0.0,0.0
2008-06-23 00:00:00+08:00,0.23146414867934736,0.23439405858516693,0.23146414867934736,0.23439405858516693,233750,0.0,0.0
2008-06-24 00:00:00+08:00,0.23439405858516693,0.23439405858516693,0.23439405858516693,0.23439405858516693,297500,0.0,0.0
2008-06-25 00:00:00+08:00,0.23439405858516693,0.23439405858516693,0.23439405858516693,0.23439405858516693,41250,0.0,0.0
2008-06-26 00:00:00+08:00,0.23439405858516693,0.23439405858516693,0.23146414867934736,0.23439405858516693,575000,0.0,0.0
2008-06-27 00:00:00+08:00,0.23439404812786402,0.23439404812786402,0.22853420674800873,0.22853420674800873,478750,0.0,0.0
2008-06-30 00:00:00+08:00,0.22853417170873647,0.23146410286426544,0.2256042405532075,0.23146410286426544,590000,0.0,0.0
2008-07-01 00:00:00+08:00,0.22853417170873647,0.23146410286426544,0.2256042405532075,0.23146410286426544,488750,0.0,0.0
2008-07-02 00:00:00+08:00,0.2256042405532075,0.23146410286426544,0.2256042405532075,0.23146410286426544,136250,0.0,0.0
2008-07-03 00:00:00+08:00,0.2285342169438795,0.23439405858516693,0.2285342169438795,0.23439405858516693,227500,0.0,0.0
2008-07-04 00:00:00+08:00,0.23439401219015044,0.23439401219015044,0.22853417170873647,0.23146410286426544,235000,0.0,0.0
2008-07-07 00:00:00+08:00,0.22853420674800873,0.22853420674800873,0.2256042751432574,0.22853420674800873,946250,0.0,0.0
2008-07-08 00:00:00+08:00,0.228534218419626,0.228534218419626,0.22267435491085052,0.22267435491085052,732500,0.0,0.0
2008-07-09 00:00:00+08:00,0.2256042751432574,0.22853420674800873,0.2256042751432574,0.22853420674800873,307500,0.0,0.0
2008-07-10 00:00:00+08:00,0.22853420674800873,0.22853420674800873,0.22853420674800873,0.22853420674800873,162500,0.0,0.0
2008-07-11 00:00:00+08:00,0.22853420674800873,0.22853420674800873,0.2256042751432574,0.22853420674800873,200000,0.0,0.0
2008-07-14 00:00:00+08:00,0.2226743435385061,0.23146413835276003,0.2226743435385061,0.22853420674800873,208750,0.0,0.0
2008-07-15 00:00:00+08:00,0.22853420674800873,0.22853420674800873,0.2256042751432574,0.22853420674800873,180000,0.0,0.0
2008-07-16 00:00:00+08:00,0.23146413866426027,0.24318382143974304,0.22853420705556593,0.24318382143974304,398750,0.0,0.0
2008-07-17 00:00:00+08:00,0.23732395470142365,0.24904365805467316,0.23732395470142365,0.23732395470142365,363750,0.0,0.0
2008-07-18 00:00:00+08:00,0.2373239903206348,0.2373239903206348,0.23146414867934736,0.23439405858516693,316250,0.0,0.0
2008-07-21 00:00:00+08:00,0.24025392205610266,0.24025392205610266,0.23146414867934736,0.23439405858516693,261250,0.0,0.0
2008-07-22 00:00:00+08:00,0.23439402340570004,0.23732395470142365,0.2314641139396214,0.23732395470142365,952500,0.0,0.0
2008-07-23 00:00:00+08:00,0.2373239903206348,0.2373239903206348,0.23439405858516693,0.23439405858516693,430000,0.0,0.0
2008-07-24 00:00:00+08:00,0.2373239903206348,0.2373239903206348,0.23439405858516693,0.23439405858516693,317500,0.0,0.0
2008-07-25 00:00:00+08:00,0.2373239903206348,0.2373239903206348,0.23439405858516693,0.23439405858516693,68750,0.0,0.0
2008-07-28 00:00:00+08:00,0.22853417170873647,0.23146410286426544,0.22853417170873647,0.23146410286426544,67500,0.0,0.0
2008-07-29 00:00:00+08:00,0.23439404812786402,0.23439404812786402,0.22853420674800873,0.22853420674800873,25000,0.0,0.0
2008-07-30 00:00:00+08:00,0.2373239903206348,0.2373239903206348,0.23439405858516693,0.23439405858516693,11250,0.0,0.0
2008-07-31 00:00:00+08:00,0.23439405858516693,0.23439405858516693,0.23439405858516693,0.23439405858516693,45000,0.0,0.0
2008-08-01 00:00:00+08:00,0.2373239903206348,0.2373239903206348,0.2285342169438795,0.23439405858516693,57500,0.0,0.0
2008-08-04 00:00:00+08:00,0.23146410286426544,0.23146410286426544,0.23146410286426544,0.23146410286426544,37500,0.0,0.0
2008-08-05 00:00:00+08:00,0.23732397973261535,0.23732397973261535,0.22853420674800873,0.22853420674800873,163750,0.0,0.0
2008-08-06 00:00:00+08:00,0.234394023072124,0.234394023072124,0.22560425102710724,0.22560425102710724,111250,0.0,0.0
2008-08-07 00:00:00+08:00,0.228534218419626,0.228534218419626,0.21974444498611123,0.22267435491085052,123750,0.0,0.0
2008-08-08 00:00:00+08:00,0.23439406009875302,0.23439406009875302,0.21974444498611123,0.22267435491085052,32500,0.0,0.0
2008-08-11 00:00:00+08:00,0.23732394811275417,0.23732394811275417,0.21681447327136993,0.21681447327136993,276250,0.0,0.0
2008-08-12 00:00:00+08:00,0.21681449947227055,0.23146413548486752,0.21095463633537292,0.21095463633537292,530000,0.0,0.0
2008-08-13 00:00:00+08:00,0.20802471591623597,0.20802471591623597,0.20509478449821472,0.20509478449821472,743750,0.0,0.0
2008-08-14 00:00:00+08:00,0.19923494349181814,0.20509478449821472,0.19923494349181814,0.20509478449821472,236250,0.0,0.0
2008-08-15 00:00:00+08:00,0.20216481387615204,0.2050947447259976,0.20216481387615204,0.20216481387615204,88750,0.0,0.0
2008-08-18 00:00:00+08:00,0.19923493266105652,0.20216484209015678,0.19630500140231147,0.19923493266105652,201250,0.0,0.0
2008-08-19 00:00:00+08:00,0.19337507128012366,0.19337507128012366,0.18751523055783728,0.19044514000415802,3008750,0.0,0.0
2008-08-20 00:00:00+08:00,0.1875152344042266,0.19044514391064685,0.18165537173209545,0.184585303068161,865000,0.0,0.0
2008-08-21 00:00:00+08:00,0.18165536224842072,0.18165536224842072,0.17872544198014004,0.18165536224842072,1903750,0.0,0.0
2008-08-22 00:00:00+08:00,0.17579551317103564,0.17579551317103564,0.1523561179637909,0.1523561179637909,5613750,0.0,0.0
2008-08-25 00:00:00+08:00,0.1582159593327028,0.1582159593327028,0.14356632598988964,0.1494261771440506,1191250,0.0,0.0
2008-08-26 00:00:00+08:00,0.1523561326083415,0.1582159847021103,0.13477657632703519,0.1582159847021103,9492500,0.0,0.0
2008-08-27 00:00:00+08:00,0.15821597008568758,0.167005741956906,0.1552860388520666,0.1640758216381073,19948750,0.0,0.0
2008-08-28 00:00:00+08:00,0.1640758216381073,0.167005741956906,0.1640758216381073,0.1640758216381073,8003750,0.0,0.0
2008-08-29 00:00:00+08:00,0.1640758216381073,0.1640758216381073,0.1611458904044863,0.1640758216381073,3787500,0.0,0.0
2008-09-01 00:00:00+08:00,0.16407581806414806,0.1699356585741043,0.16407581806414806,0.1699356585741043,861250,0.0,0.0
2008-09-02 00:00:00+08:00,0.1699356585741043,0.1699356585741043,0.16700573831912618,0.1699356585741043,1696250,0.0,0.0
2008-09-03 00:00:00+08:00,0.17286561472959872,0.17286561472959872,0.16407584177938386,0.1670057624578476,1671250,0.0,0.0
2008-09-04 00:00:00+08:00,0.16993568270908443,0.1728656142950058,0.16700576203798664,0.1728656142950058,5540000,0.0,0.0
2008-09-05 00:00:00+08:00,0.17286558974390448,0.17286558974390448,0.16700573831912618,0.1699356585741043,1503750,0.0,0.0
2008-09-08 00:00:00+08:00,0.1757955104112625,0.1757955104112625,0.1728655901494114,0.1757955104112625,230000,0.0,0.0
2008-09-09 00:00:00+08:00,0.1757955104112625,0.17872544158793569,0.1728655901494114,0.1757955104112625,351250,0.0,0.0
2008-09-10 00:00:00+08:00,0.17579553496610356,0.17579553496610356,0.1728656142950058,0.1728656142950058,2183750,0.0,0.0
2008-09-11 00:00:00+08:00,0.17286560453921024,0.19337508082389832,0.17286560453921024,0.19337508082389832,1476250,0.0,0.0
2008-09-12 00:00:00+08:00,0.184585303068161,0.1875152344042266,0.18165537173209545,0.184585303068161,947500,0.0,0.0
2008-09-15 00:00:00+08:00,0.17872546655202493,0.18165538722312272,0.1728656142950058,0.1728656142950058,415000,0.0,0.0
2008-09-16 00:00:00+08:00,0.1699356585741043,0.17286558974390448,0.16700573831912618,0.1699356585741043,841250,0.0,0.0
2008-09-17 00:00:00+08:00,0.17579553496610356,0.17579553496610356,0.16993568270908443,0.1728656142950058,743750,0.0,0.0
2008-09-18 00:00:00+08:00,0.1699356585741043,0.1699356585741043,0.16407581806414806,0.1699356585741043,1136250,0.0,0.0
2008-09-19 00:00:00+08:00,0.16700576164565759,0.178725466132164,0.16700576164565759,0.178725466132164,475000,0.0,0.0
2008-09-22 00:00:00+08:00,0.1816553618497868,0.1816553618497868,0.1728655901494114,0.1757955104112625,1401250,0.0,0.0
2008-09-23 00:00:00+08:00,0.1728655901494114,0.1757955104112625,0.16993565897273824,0.1757955104112625,565000,0.0,0.0
2008-09-24 00:00:00+08:00,0.1757955345531256,0.178725466132164,0.17286561388891078,0.178725466132164,1552500,0.0,0.0
2008-09-25 00:00:00+08:00,0.1757955104112625,0.1757955104112625,0.1728655901494114,0.1757955104112625,923750,0.0,0.0
2008-09-26 00:00:00+08:00,0.17872544158793569,0.17872544158793569,0.1728655901494114,0.1757955104112625,1693750,0.0,0.0
2008-09-29 00:00:00+08:00,0.1757955104112625,0.1757955104112625,0.1728655901494114,0.1757955104112625,3750000,0.0,0.0
2008-09-30 00:00:00+08:00,0.1728656142950058,0.17579553496610356,0.16700576203798664,0.1728656142950058,1302500,0.0,0.0
2008-10-02 00:00:00+08:00,0.1757955104112625,0.1757955104112625,0.1728655901494114,0.1757955104112625,3026250,0.0,0.0
2008-10-03 00:00:00+08:00,0.17579553496610356,0.17579553496610356,0.1728656142950058,0.1728656142950058,116250,0.0,0.0
2008-10-06 00:00:00+08:00,0.16993568313631136,0.16993568313631136,0.1670057624578476,0.1670057624578476,116250,0.0,0.0
2008-10-07 00:00:00+08:00,0.1670057624578476,0.1670057624578476,0.1670057624578476,0.1670057624578476,310000,0.0,0.0
2008-10-08 00:00:00+08:00,0.16114587945237252,0.16114587945237252,0.14649625702438088,0.1494261771440506,857500,0.0,0.0
2008-10-09 00:00:00+08:00,0.14942618642834712,0.14942618642834712,0.1464962661266327,0.1464962661266327,141250,0.0,0.0
2008-10-10 00:00:00+08:00,0.14356634010102098,0.15821597488374634,0.1318466475555924,0.13770648837089539,912500,0.0,0.0
2008-10-13 00:00:00+08:00,0.13770649242261468,0.13770649242261468,0.1201269476298199,0.13184665143489838,943750,0.0,0.0
2008-10-14 00:00:00+08:00,0.13477656985317343,0.1464962734777664,0.12305686622858047,0.12305686622858047,1463750,0.0,0.0
2008-10-15 00:00:00+08:00,0.1259867975921401,0.1259867975921401,0.12305686622858047,0.12305686622858047,453750,0.0,0.0
2008-10-16 00:00:00+08:00,0.12012694577984362,0.12305686622858047,0.12012694577984362,0.12305686622858047,295000,0.0,0.0
2008-10-17 00:00:00+08:00,0.12305688264332776,0.12305688264332776,0.11133717745542526,0.11133717745542526,1310000,0.0,0.0
2008-10-20 00:00:00+08:00,0.11133717745542526,0.114267109209813,0.10840725661586176,0.11133717745542526,607500,0.0,0.0
2008-10-21 00:00:00+08:00,0.11133715693524462,0.11133715693524462,0.10254738512174344,0.10840723663568497,26823750,0.0,0.0
2008-10-22 00:00:00+08:00,0.11133715693524462,0.11133715693524462,0.1054773054213031,0.10840723663568497,11837500,0.0,0.0
2008-10-23 00:00:00+08:00,0.10547731816768646,0.10547731816768646,0.10254739751406118,0.10547731816768646,515000,0.0,0.0
2008-10-24 00:00:00+08:00,0.10547731284400891,0.11133716477032306,0.09668754041194916,0.09668754041194916,740000,0.0,0.0
2008-10-27 00:00:00+08:00,0.09668754041194916,0.09668754041194916,0.09668754041194916,0.09668754041194916,0,0.0,0.0
2008-10-29 00:00:00+08:00,0.09375762194395065,0.09668754251337573,0.09082769045970236,0.09375762194395065,290000,0.0,0.0
2008-10-30 00:00:00+08:00,0.09375761230731312,0.09961746375869658,0.09082768112421036,0.09082768112421036,621250,0.0,0.0
2008-10-31 00:00:00+08:00,0.09375761990620357,0.09668754041194916,0.09375761990620357,0.09668754041194916,1425000,0.0,0.0
2008-11-03 00:00:00+08:00,0.0996174768604359,0.10547731816768646,0.0996174768604359,0.10547731816768646,1462500,0.0,0.0
2008-11-04 00:00:00+08:00,0.10254739751406118,0.10547731816768646,0.0996174768604359,0.10547731816768646,870000,0.0,0.0
2008-11-05 00:00:00+08:00,0.10840723663568497,0.1142670881496265,0.1054773054213031,0.10840723663568497,740000,0.0,0.0
2008-11-06 00:00:00+08:00,0.10840724973613527,0.10840724973613527,0.10547731816768646,0.10547731816768646,172500,0.0,0.0
2008-11-07 00:00:00+08:00,0.1054773054213031,0.1142670881496265,0.10254738512174344,0.10840723663568497,376250,0.0,0.0
2008-11-10 00:00:00+08:00,0.1054773241803603,0.11719702929258347,0.1054773241803603,0.11719702929258347,608750,0.0,0.0
2008-11-11 00:00:00+08:00,0.114267109209813,0.114267109209813,0.11133717745542526,0.11133717745542526,547500,0.0,0.0
2008-11-12 00:00:00+08:00,0.114267109209813,0.114267109209813,0.10840725661586176,0.11133717745542526,402500,0.0,0.0
2008-11-13 00:00:00+08:00,0.11370603840946945,0.11370603840946945,0.11054754257202147,0.11054754257202148,56250,0.011,0.0
2008-11-14 00:00:00+08:00,0.1105475393047877,0.1105475393047877,0.09475503116846085,0.09475503116846085,281250,0.0,0.0
2008-11-17 00:00:00+08:00,0.1010720506310463,0.1010720506310463,0.1010720506310463,0.1010720506310463,12500,0.0,0.0
2008-11-18 00:00:00+08:00,0.09791353209721415,0.09791353209721415,0.09159652888774872,0.09159652888774872,633750,0.0,0.0
2008-11-19 00:00:00+08:00,0.09159653889812445,0.1010720506310463,0.09159653889812445,0.1010720506310463,101250,0.0,0.0
2008-11-20 00:00:00+08:00,0.09159652954119547,0.09475503116846085,0.09159652954119547,0.09475503116846085,127500,0.0,0.0
2008-11-21 00:00:00+08:00,0.08843803316618272,0.09159652888774872,0.08843803316618272,0.09159652888774872,43750,0.0,0.0
2008-11-24 00:00:00+08:00,0.09159652888774872,0.09159652888774872,0.08843803316618272,0.09159652888774872,157500,0.0,0.0
2008-11-25 00:00:00+08:00,0.09159652981102007,0.09159652981102007,0.08843803405761719,0.08843803405761719,262500,0.0,0.0
2008-11-26 00:00:00+08:00,0.09159652981102007,0.09159652981102007,0.08843803405761719,0.08843803405761719,256250,0.0,0.0
2008-11-27 00:00:00+08:00,0.08843803405761719,0.08843803405761719,0.08843803405761719,0.08843803405761719,87500,0.0,0.0
2008-11-28 00:00:00+08:00,0.08843803405761719,0.08843803405761719,0.08843803405761719,0.08843803405761719,312500,0.0,0.0
2008-12-01 00:00:00+08:00,0.09159652981102007,0.09159652981102007,0.08843803405761719,0.08843803405761719,135000,0.0,0.0
2008-12-02 00:00:00+08:00,0.08843803405761719,0.08843803405761719,0.08843803405761719,0.08843803405761719,0,0.0,0.0
2008-12-03 00:00:00+08:00,0.08843804111614566,0.08843804111614566,0.08527953922748566,0.08527953922748566,407500,0.0,0.0
2008-12-04 00:00:00+08:00,0.08527953922748566,0.08843804111614566,0.08527953922748566,0.08527953922748566,235000,0.0,0.0
2008-12-05 00:00:00+08:00,0.08843803316618272,0.09159652888774872,0.08843803316618272,0.09159652888774872,70000,0.0,0.0
2008-12-09 00:00:00+08:00,0.0852795321698315,0.09475503116846085,0.0852795321698315,0.09475503116846085,573750,0.0,0.0
2008-12-10 00:00:00+08:00,0.09475503116846085,0.09791353279572622,0.09159652954119547,0.09475503116846085,2383750,0.0,0.0
2008-12-11 00:00:00+08:00,0.09475503116846085,0.09475503116846085,0.09159652954119547,0.09475503116846085,1706250,0.0,0.0
2008-12-12 00:00:00+08:00,0.09475503116846085,0.10107204030615835,0.09475503116846085,0.09475503116846085,290000,0.0,0.0
2008-12-15 00:00:00+08:00,0.09475503116846085,0.09475503116846085,0.09475503116846085,0.09475503116846085,0,0.0,0.0
2008-12-16 00:00:00+08:00,0.09475504084804261,0.1010720506310463,0.09159653889812445,0.1010720506310463,51250,0.0,0.0
2008-12-17 00:00:00+08:00,0.09791352981482138,0.1105475359392499,0.09791352981482138,0.10738904029130936,501250,0.0,0.0
2008-12-18 00:00:00+08:00,0.10423054546117783,0.10423054546117783,0.10423054546117783,0.10423054546117783,7500,0.0,0.0
2008-12-19 00:00:00+08:00,0.10107204030615835,0.10423053605025695,0.09475503116846085,0.09475503116846085,125000,0.0,0.0
2008-12-22 00:00:00+08:00,0.09475503180082867,0.09791353344917297,0.09475503180082867,0.09791353344917297,16250,0.0,0.0
2008-12-23 00:00:00+08:00,0.09475503116846085,0.09475503116846085,0.08843803379709687,0.09475503116846085,327500,0.0,0.0
2008-12-24 00:00:00+08:00,0.08843803405761719,0.09475503144758975,0.08843803405761719,0.08843803405761719,57500,0.0,0.0
2008-12-26 00:00:00+08:00,0.09475503116846085,0.09475503116846085,0.09475503116846085,0.09475503116846085,48750,0.0,0.0
2008-12-29 00:00:00+08:00,0.09791354279796077,0.1010720506310463,0.09791354279796077,0.1010720506310463,73750,0.0,0.0
2008-12-30 00:00:00+08:00,0.10423054546117783,0.10423054546117783,0.10107204943190029,0.10423054546117783,50000,0.0,0.0
2008-12-31 00:00:00+08:00,0.10423054546117783,0.10423054546117783,0.10423054546117783,0.10423054546117783,25000,0.0,0.0
2009-01-02 00:00:00+08:00,0.10423054669779709,0.10423054669779709,0.1010720506310463,0.1010720506310463,130000,0.0,0.0
2009-01-05 00:00:00+08:00,0.09791353344917297,0.09791353344917297,0.09791353344917297,0.09791353344917297,7500,0.0,0.0
2009-01-06 00:00:00+08:00,0.1010720506310463,0.1010720506310463,0.1010720506310463,0.1010720506310463,56250,0.0,0.0
2009-01-07 00:00:00+08:00,0.09791354279796077,0.10423054669779709,0.09475504084804261,0.1010720506310463,950000,0.0,0.0
2009-01-08 00:00:00+08:00,0.09791354279796077,0.1010720506310463,0.09791354279796077,0.1010720506310463,63750,0.0,0.0
2009-01-09 00:00:00+08:00,0.10107204098068408,0.10107204098068408,0.09791353344917297,0.09791353344917297,5000,0.0,0.0
2009-01-12 00:00:00+08:00,0.10423054546117783,0.10423054546117783,0.10423054546117783,0.10423054546117783,2500,0.0,0.0
2009-01-13 00:00:00+08:00,0.10423053674586158,0.10423053674586158,0.09791353344917297,0.09791353344917297,107500,0.0,0.0
2009-01-14 00:00:00+08:00,0.09791353344917297,0.09791353344917297,0.09791353344917297,0.09791353344917297,31250,0.0,0.0
2009-01-15 00:00:00+08:00,0.09475503180082867,0.09791353344917297,0.09475503180082867,0.09791353344917297,88750,0.0,0.0
2009-01-16 00:00:00+08:00,0.09475503116846085,0.09475503116846085,0.09475503116846085,0.09475503116846085,2500,0.0,0.0
2009-01-19 00:00:00+08:00,0.09475503116846085,0.09475503116846085,0.09475503116846085,0.09475503116846085,0,0.0,0.0
2009-01-20 00:00:00+08:00,0.09475503116846085,0.09475503116846085,0.09475503116846085,0.09475503116846085,0,0.0,0.0
2009-01-21 00:00:00+08:00,0.09475503144758975,0.09475503144758975,0.08843803405761719,0.08843803405761719,581250,0.0,0.0
2009-01-22 00:00:00+08:00,0.08212102949619293,0.09159652837408697,0.08212102949619293,0.08212102949619293,312500,0.0,0.0
2009-01-23 00:00:00+08:00,0.08527953156145,0.09159652888774872,0.08527953156145,0.09159652888774872,37500,0.0,0.0
2009-01-28 00:00:00+08:00,0.08527953922748566,0.09475503901029841,0.08527953922748566,0.08527953922748566,0,0.0,0.0
2009-01-29 00:00:00+08:00,0.09475503901029841,0.09475503901029841,0.08527953922748566,0.08527953922748566,21250,0.0,0.0
2009-01-30 00:00:00+08:00,0.08843803316618272,0.09159652888774872,0.08843803316618272,0.09159652888774872,21250,0.0,0.0
2009-02-02 00:00:00+08:00,0.0852795321698315,0.09475503116846085,0.0852795321698315,0.09475503116846085,250000,0.0,0.0
2009-02-03 00:00:00+08:00,0.08843803405761719,0.08843803405761719,0.08843803405761719,0.08843803405761719,12500,0.0,0.0
2009-02-04 00:00:00+08:00,0.09475503144758975,0.09475503144758975,0.08843803405761719,0.08843803405761719,23750,0.0,0.0
2009-02-05 00:00:00+08:00,0.08843803405761719,0.08843803405761719,0.08843803405761719,0.08843803405761719,22500,0.0,0.0
2009-02-06 00:00:00+08:00,0.08843803405761719,0.09159652981102007,0.08843803405761719,0.08843803405761719,0,0.0,0.0
2009-02-09 00:00:00+08:00,0.08843803405761719,0.08843803405761719,0.08843803405761719,0.08843803405761719,112500,0.0,0.0
2009-02-10 00:00:00+08:00,0.08843803405761719,0.08843803405761719,0.08843803405761719,0.08843803405761719,81250,0.0,0.0
2009-02-11 00:00:00+08:00,0.09791353308415941,0.09791353308415941,0.08843803405761719,0.08843803405761719,177500,0.0,0.0
2009-02-12 00:00:00+08:00,0.08843804111614566,0.08843804111614566,0.08527953922748566,0.08527953922748566,193750,0.0,0.0
2009-02-13 00:00:00+08:00,0.08527953922748566,0.08527953922748566,0.08527953922748566,0.08527953922748566,63750,0.0,0.0
2009-02-16 00:00:00+08:00,0.08843804111614566,0.08843804111614566,0.08527953922748566,0.08527953922748566,240000,0.0,0.0
2009-02-17 00:00:00+08:00,0.08527953922748566,0.08527953922748566,0.08527953922748566,0.08527953922748566,50000,0.0,0.0
2009-02-18 00:00:00+08:00,0.08212102949619293,0.08212102949619293,0.08212102949619293,0.08212102949619293,195000,0.0,0.0
2009-02-19 00:00:00+08:00,0.08212102949619293,0.08212102949619293,0.08212102949619293,0.08212102949619293,342500,0.0,0.0
2009-02-20 00:00:00+08:00,0.08212102949619293,0.08212102949619293,0.07896252790917269,0.08212102949619293,193750,0.0,0.0
2009-02-23 00:00:00+08:00,0.07580403238534927,0.07896253422500275,0.07580403238534927,0.07580403238534927,336250,0.0,0.0
2009-02-24 00:00:00+08:00,0.07580403238534927,0.07580403238534927,0.07580403238534927,0.07580403238534927,1362500,0.0,0.0
2009-02-25 00:00:00+08:00,0.07896253374559119,0.07896253374559119,0.07264553010463715,0.07264553010463715,511250,0.0,0.0
2009-02-26 00:00:00+08:00,0.07264553741272567,0.07264553741272567,0.06948703527450562,0.06948703527450562,128750,0.0,0.0
2009-02-27 00:00:00+08:00,0.06317003099806552,0.06948703527450562,0.06317003099806552,0.06948703527450562,1038750,0.0,0.0
2009-03-02 00:00:00+08:00,0.06948702731985798,0.06948702731985798,0.06632852554321289,0.06632852554321289,1128750,0.0,0.0
2009-03-03 00:00:00+08:00,0.06948703527450562,0.06948703527450562,0.06948703527450562,0.06948703527450562,198750,0.0,0.0
2009-03-04 00:00:00+08:00,0.06317003071308136,0.06317003071308136,0.06317003071308136,0.06317003071308136,1250,0.0,0.0
2009-03-05 00:00:00+08:00,0.06632852554321289,0.08527953620308346,0.06632852554321289,0.06632852554321289,0,0.0,0.0
2009-03-06 00:00:00+08:00,0.06632852554321289,0.08212103442643837,0.06632852554321289,0.06632852554321289,0,0.0,0.0
2009-03-09 00:00:00+08:00,0.06632852554321289,0.06632852554321289,0.06632852554321289,0.06632852554321289,46250,0.0,0.0
2009-03-10 00:00:00+08:00,0.06317003071308136,0.06317003071308136,0.06317003071308136,0.06317003071308136,2500,0.0,0.0
2009-03-11 00:00:00+08:00,0.06632852554321289,0.06632852554321289,0.06632852554321289,0.06632852554321289,18750,0.0,0.0
2009-03-12 00:00:00+08:00,0.06317003071308136,0.06317003071308136,0.06317003071308136,0.06317003071308136,1250,0.0,0.0
2009-03-13 00:00:00+08:00,0.06317003071308136,0.0663285328370522,0.06317003071308136,0.06317003071308136,1175000,0.0,0.0
2009-03-16 00:00:00+08:00,0.06317003071308136,0.06317003071308136,0.06317003071308136,0.06317003071308136,0,0.0,0.0
2009-03-17 00:00:00+08:00,0.06317003071308136,0.06317003071308136,0.06317003071308136,0.06317003071308136,486250,0.0,0.0
2009-03-18 00:00:00+08:00,0.06317003071308136,0.06317003071308136,0.06317003071308136,0.06317003071308136,0,0.0,0.0
2009-03-19 00:00:00+08:00,0.06632852554321289,0.06632852554321289,0.0631700237665678,0.06632852554321289,260000,0.0,0.0
2009-03-20 00:00:00+08:00,0.0663285328370522,0.0663285328370522,0.06317003071308136,0.06317003071308136,207500,0.0,0.0
2009-03-23 00:00:00+08:00,0.06632853313628558,0.06948703527450562,0.06632853313628558,0.06948703527450562,687500,0.0,0.0
2009-03-24 00:00:00+08:00,0.07264553741272567,0.07264553741272567,0.06948703527450562,0.06948703527450562,687500,0.0,0.0
2009-03-25 00:00:00+08:00,0.06632853313628558,0.06948703527450562,0.06632853313628558,0.06948703527450562,196250,0.0,0.0
2009-03-26 00:00:00+08:00,0.06948703527450562,0.07264553741272567,0.06948703527450562,0.06948703527450562,2942500,0.0,0.0
2009-03-27 00:00:00+08:00,0.07264553010463715,0.07264553010463715,0.06948702828416013,0.07264553010463715,370000,0.0,0.0
2009-03-30 00:00:00+08:00,0.07264553741272567,0.07264553741272567,0.06632853313628558,0.06948703527450562,241250,0.0,0.0
2009-03-31 00:00:00+08:00,0.06632852554321289,0.06632852554321289,0.0631700237665678,0.06632852554321289,287500,0.0,0.0
2009-04-01 00:00:00+08:00,0.06632852554321289,0.06632852554321289,0.06632852554321289,0.06632852554321289,180000,0.0,0.0
2009-04-02 00:00:00+08:00,0.0663285264636831,0.07264553010463715,0.0663285264636831,0.07264553010463715,587500,0.0,0.0
2009-04-03 00:00:00+08:00,0.07580403238534927,0.07580403238534927,0.0726455305456958,0.07580403238534927,160000,0.0,0.0
2009-04-06 00:00:00+08:00,0.0726455305456958,0.07580403238534927,0.0726455305456958,0.07580403238534927,535000,0.0,0.0
2009-04-07 00:00:00+08:00,0.07580402565620825,0.08212102877475337,0.07580402565620825,0.0789625272154808,952500,0.0,0.0
2009-04-08 00:00:00+08:00,0.07580403238534927,0.07580403238534927,0.07580403238534927,0.07580403238534927,62500,0.0,0.0
2009-04-09 00:00:00+08:00,0.07896252790917269,0.08212102949619293,0.07896252790917269,0.08212102949619293,131250,0.0,0.0
2009-04-13 00:00:00+08:00,0.08212103078447786,0.08843803405761719,0.08212103078447786,0.08843803405761719,702500,0.0,0.0
2009-04-14 00:00:00+08:00,0.0852795321698315,0.09791353279572622,0.0852795321698315,0.09475503116846085,1773750,0.0,0.0
2009-04-15 00:00:00+08:00,0.09475503116846085,0.09475503116846085,0.09475503116846085,0.09475503116846085,261250,0.0,0.0
2009-04-16 00:00:00+08:00,0.1010720506310463,0.1105475505976334,0.09791354279796077,0.1010720506310463,896250,0.0,0.0
2009-04-17 00:00:00+08:00,0.1010720506310463,0.1010720506310463,0.09791354279796077,0.1010720506310463,627500,0.0,0.0
2009-04-20 00:00:00+08:00,0.09791354279796077,0.1010720506310463,0.09475504084804261,0.1010720506310463,576250,0.0,0.0
2009-04-21 00:00:00+08:00,0.1010720506310463,0.1010720506310463,0.09475504084804261,0.1010720506310463,1523750,0.0,0.0
2009-04-22 00:00:00+08:00,0.09791353209721415,0.10107203958511361,0.09159652888774872,0.09159652888774872,122500,0.0,0.0
2009-04-23 00:00:00+08:00,0.09159652888774872,0.09159652888774872,0.09159652888774872,0.09159652888774872,265000,0.0,0.0
2009-04-24 00:00:00+08:00,0.09159652888774872,0.09475503049248143,0.09159652888774872,0.09159652888774872,290000,0.0,0.0
2009-04-27 00:00:00+08:00,0.09159652981102007,0.09159652981102007,0.08212103078447786,0.08843803405761719,578750,0.0,0.0
2009-04-28 00:00:00+08:00,0.08843803267023342,0.08843803267023342,0.08212102949619293,0.08212102949619293,83750,0.0,0.0
2009-04-29 00:00:00+08:00,0.08212102949619293,0.08212102949619293,0.08212102949619293,0.08212102949619293,0,0.0,0.0
2009-04-30 00:00:00+08:00,0.08843803316618272,0.09159652888774872,0.08843803316618272,0.09159652888774872,87500,0.0,0.0
2009-05-01 00:00:00+08:00,0.09159652888774872,0.09159652888774872,0.09159652888774872,0.09159652888774872,0,0.0,0.0
2009-05-04 00:00:00+08:00,0.09475504084804261,0.1010720506310463,0.09475504084804261,0.1010720506310463,625000,0.0,0.0
2009-05-05 00:00:00+08:00,0.10107204943190029,0.10423054546117783,0.10107204943190029,0.10423054546117783,663750,0.0,0.0
2009-05-06 00:00:00+08:00,0.1010720372290951,0.11370603158719045,0.09791352981482138,0.10738904029130936,1061250,0.0,0.0
2009-05-07 00:00:00+08:00,0.11370603840946945,0.1200230418506993,0.11054754257202147,0.11054754257202148,717500,0.0,0.0
2009-05-08 00:00:00+08:00,0.10738904091746164,0.1231815427819119,0.10738904091746164,0.11686453968286514,921250,0.0,0.0
2009-05-11 00:00:00+08:00,0.12002305686473846,0.12318156486362744,0.12002305686473846,0.12002305686473846,1116250,0.0,0.0
2009-05-12 00:00:00+08:00,0.12002305686473846,0.12318156486362744,0.11686456063218485,0.12002305686473846,746250,0.0,0.0
2009-05-13 00:00:00+08:00,0.12318156574107872,0.13897407054901123,0.12318156574107872,0.13897407054901123,830000,0.0,0.0
2009-05-14 00:00:00+08:00,0.13265705916958723,0.13265705916958723,0.12318155914545058,0.12318155914545059,433750,0.0,0.0
2009-05-15 00:00:00+08:00,0.12318156486362744,0.12318156486362744,0.11686456063218485,0.12002305686473846,425000,0.0,0.0
2009-05-18 00:00:00+08:00,0.12002304865192265,0.12002304865192265,0.11054754883630637,0.11370604485273361,843750,0.0,0.0
2009-05-19 00:00:00+08:00,0.11686453968286514,0.1200230353492219,0.11054753658381838,0.11686453968286514,690000,0.0,0.0
2009-05-20 00:00:00+08:00,0.11686455263549542,0.11686455263549542,0.11370604485273361,0.11370604485273361,1121250,0.0,0.0
2009-05-21 00:00:00+08:00,0.11370604485273361,0.11370604485273361,0.11054754883630637,0.11370604485273361,213750,0.0,0.0
2009-05-22 00:00:00+08:00,0.11370604485273361,0.11686455263549542,0.11370604485273361,0.11370604485273361,193750,0.0,0.0
2009-05-25 00:00:00+08:00,0.12002305129318182,0.12634005523138453,0.12002305129318182,0.12318155914545059,606250,0.0,0.0
2009-05-26 00:00:00+08:00,0.12634005523138453,0.12634005523138453,0.12318155914545058,0.12318155914545059,405000,0.0,0.0
2009-05-27 00:00:00+08:00,0.12634006142616272,0.12634006142616272,0.12318156518535958,0.12634006142616272,413750,0.0,0.0
2009-05-28 00:00:00+08:00,0.12634005523138453,0.12634005523138453,0.12318155914545058,0.12318155914545059,133750,0.0,0.0
2009-05-29 00:00:00+08:00,0.12634004857054676,0.12949855625629425,0.12634004857054676,0.12949855625629425,355000,0.0,0.0
2009-06-01 00:00:00+08:00,0.13581556063101036,0.1452910602092743,0.1326570529273662,0.1452910602092743,1091250,0.0,0.0
2009-06-02 00:00:00+08:00,0.14529106134105657,0.14844955730297038,0.14213256537914276,0.14213256537914276,593750,0.0,0.0
2009-06-03 00:00:00+08:00,0.14529106003399725,0.15792506730066386,0.14529106003399725,0.15476655960083008,1430000,0.0,0.0
2009-06-04 00:00:00+08:00,0.15476655960083008,0.15792506730066386,0.15160806366733057,0.15476655960083008,345000,0.0,0.0
2009-06-05 00:00:00+08:00,0.15476656072718487,0.15476656072718487,0.1484495570478779,0.15160806477069855,268750,0.0,0.0
2009-06-08 00:00:00+08:00,0.1516080640586467,0.1516080640586467,0.1358155608177185,0.1358155608177185,640000,0.0,0.0
2009-06-09 00:00:00+08:00,0.1358155742939589,0.13897407054901123,0.1358155742939589,0.13897407054901123,35000,0.0,0.0
2009-06-10 00:00:00+08:00,0.13897405656832026,0.1452910602092743,0.13897405656832026,0.1452910602092743,75000,0.0,0.0
2009-06-11 00:00:00+08:00,0.14529106134105657,0.14529106134105657,0.14213256537914276,0.14213256537914276,120000,0.0,0.0
2009-06-12 00:00:00+08:00,0.14213256537914276,0.14213256537914276,0.1358155616889808,0.14213256537914276,146250,0.0,0.0
2009-06-15 00:00:00+08:00,0.13265705108642578,0.13897405463971596,0.13265705108642578,0.13265705108642578,107500,0.0,0.0
2009-06-16 00:00:00+08:00,0.12634006142616272,0.12634006142616272,0.12002305717822104,0.12634006142616272,115000,0.0,0.0
2009-06-17 00:00:00+08:00,0.1263400475331356,0.13265705108642578,0.1263400475331356,0.13265705108642578,100000,0.0,0.0
2009-06-18 00:00:00+08:00,0.12634004857054676,0.13265705217570753,0.12634004857054676,0.12949855625629425,153750,0.0,0.0
2009-06-19 00:00:00+08:00,0.13265705108642578,0.13265705108642578,0.13265705108642578,0.13265705108642578,62500,0.0,0.0
2009-06-22 00:00:00+08:00,0.1358155608177185,0.13897405675937044,0.1358155608177185,0.1358155608177185,215000,0.0,0.0
2009-06-23 00:00:00+08:00,0.1358155608177185,0.1358155608177185,0.1358155608177185,0.1358155608177185,25000,0.0,0.0
2009-06-24 00:00:00+08:00,0.13265705217570753,0.135815559861455,0.12949855625629425,0.12949855625629425,111250,0.0,0.0
2009-06-25 00:00:00+08:00,0.12949855519294773,0.13265705108642578,0.12949855519294773,0.13265705108642578,31250,0.0,0.0
2009-06-26 00:00:00+08:00,0.13265705396073263,0.14213256537914276,0.13265705396073263,0.14213256537914276,140000,0.0,0.0
2009-06-29 00:00:00+08:00,0.14213257857039902,0.14213257857039902,0.13897407054901123,0.13897407054901123,193750,0.0,0.0
2009-06-30 00:00:00+08:00,0.13897407054901123,0.13897407054901123,0.13897407054901123,0.13897407054901123,3453750,0.0,0.0
2009-07-01 00:00:00+08:00,0.13897407054901123,0.13897407054901123,0.13897407054901123,0.13897407054901123,12500,0.0,0.0
2009-07-02 00:00:00+08:00,0.13897407054901123,0.13897407054901123,0.13897407054901123,0.13897407054901123,35000,0.0,0.0
2009-07-03 00:00:00+08:00,0.13897407054901123,0.13897407054901123,0.13897407054901123,0.13897407054901123,150000,0.0,0.0
2009-07-06 00:00:00+08:00,0.1358155608177185,0.1358155608177185,0.1358155608177185,0.1358155608177185,12500,0.0,0.0
2009-07-07 00:00:00+08:00,0.13265705108642578,0.13581555874623794,0.13265705108642578,0.13265705108642578,262500,0.0,0.0
2009-07-08 00:00:00+08:00,0.12949855625629425,0.13265705217570753,0.12949855625629425,0.12949855625629425,113750,0.0,0.0
2009-07-09 00:00:00+08:00,0.1326570531097323,0.1358155608177185,0.12949855716808037,0.1358155608177185,255000,0.0,0.0
2009-07-10 00:00:00+08:00,0.13265705108642578,0.13265705108642578,0.13265705108642578,0.13265705108642578,81250,0.0,0.0
2009-07-13 00:00:00+08:00,0.12634006142616272,0.12634006142616272,0.12634006142616272,0.12634006142616272,37500,0.0,0.0
2009-07-14 00:00:00+08:00,0.12634006142616272,0.1326570656741044,0.12634006142616272,0.12634006142616272,81250,0.0,0.0
2009-07-15 00:00:00+08:00,0.12949855519294773,0.13265705108642578,0.12949855519294773,0.13265705108642578,202500,0.0,0.0
2009-07-16 00:00:00+08:00,0.1326570531097323,0.13897405675937044,0.1326570531097323,0.1358155608177185,230000,0.0,0.0
2009-07-17 00:00:00+08:00,0.1358155608177185,0.13897405675937044,0.1358155608177185,0.1358155608177185,97500,0.0,0.0
2009-07-20 00:00:00+08:00,0.1358155616889808,0.14213256537914276,0.1358155616889808,0.14213256537914276,196250,0.0,0.0
2009-07-21 00:00:00+08:00,0.1421325642719644,0.14844955614658417,0.1421325642719644,0.1452910602092743,251250,0.0,0.0
2009-07-22 00:00:00+08:00,0.14529105912565288,0.15160806271949295,0.14529105912565288,0.14844955503940582,245000,0.0,0.0
2009-07-23 00:00:00+08:00,0.1484495570478779,0.1579250684500055,0.1484495570478779,0.15160806477069855,962500,0.0,0.0
2009-07-24 00:00:00+08:00,0.15476655960083008,0.16108356323416337,0.15476655960083008,0.15476655960083008,595000,0.0,0.0
2009-07-27 00:00:00+08:00,0.15160806477069855,0.1579250684500055,0.15160806477069855,0.15160806477069855,536250,0.0,0.0
2009-07-28 00:00:00+08:00,0.15476655960083008,0.15792506730066386,0.15160806366733057,0.15476655960083008,1201250,0.0,0.0
2009-07-29 00:00:00+08:00,0.15160806477069855,0.15476656072718487,0.1484495570478779,0.15160806477069855,807500,0.0,0.0
2009-07-30 00:00:00+08:00,0.15160806477069855,0.15160806477069855,0.1484495570478779,0.15160806477069855,235000,0.0,0.0
2009-07-31 00:00:00+08:00,0.15160806271949295,0.15476655863324587,0.14844955503940582,0.14844955503940582,683750,0.0,0.0
2009-08-03 00:00:00+08:00,0.15476656072718487,0.1579250684500055,0.1484495570478779,0.15160806477069855,222500,0.0,0.0
2009-08-04 00:00:00+08:00,0.1579250684500055,0.1579250684500055,0.15160806477069855,0.15160806477069855,371250,0.0,0.0
2009-08-05 00:00:00+08:00,0.15160806477069855,0.15160806477069855,0.1484495570478779,0.15160806477069855,287500,0.0,0.0
2009-08-06 00:00:00+08:00,0.1452910602092743,0.1452910602092743,0.1452910602092743,0.1452910602092743,6250,0.0,0.0
2009-08-07 00:00:00+08:00,0.14529106134105657,0.14529106134105657,0.14213256537914276,0.14213256537914276,128750,0.0,0.0
2009-08-11 00:00:00+08:00,0.14213256321189996,0.15160806271949295,0.14213256321189996,0.14844955503940582,341250,0.0,0.0
2009-08-12 00:00:00+08:00,0.14844955503940582,0.14844955503940582,0.14844955503940582,0.14844955503940582,13750,0.0,0.0
2009-08-13 00:00:00+08:00,0.1484495570478779,0.15476656072718487,0.1484495570478779,0.15160806477069855,438750,0.0,0.0
2009-08-14 00:00:00+08:00,0.15160806366733057,0.15476655960083008,0.1484495559674968,0.15476655960083008,156250,0.0,0.0
2009-08-17 00:00:00+08:00,0.15160806503121854,0.15476656099313235,0.14213256537914276,0.14213256537914276,437500,0.0,0.0
2009-08-18 00:00:00+08:00,0.1421325642719644,0.15160806385022832,0.1421325642719644,0.1452910602092743,532500,0.0,0.0
2009-08-19 00:00:00+08:00,0.1452910602092743,0.1452910602092743,0.1452910602092743,0.1452910602092743,263750,0.0,0.0
2009-08-20 00:00:00+08:00,0.1452910602092743,0.1452910602092743,0.1452910602092743,0.1452910602092743,45000,0.0,0.0
2009-08-21 00:00:00+08:00,0.14213256321189996,0.15160806271949295,0.14213256321189996,0.14844955503940582,132500,0.0,0.0
2009-08-24 00:00:00+08:00,0.15160806477069855,0.15476656072718487,0.1484495570478779,0.15160806477069855,685000,0.0,0.0
2009-08-25 00:00:00+08:00,0.1484495559674968,0.15476655960083008,0.14529106003399725,0.15476655960083008,671250,0.0,0.0
2009-08-26 00:00:00+08:00,0.15476656312850404,0.1705590784549713,0.15160806712301128,0.1705590784549713,2216250,0.0,0.0
2009-08-27 00:00:00+08:00,0.17055906216642636,0.17055906216642636,0.16424205899238586,0.16424205899238586,867500,0.0,0.0
2009-08-28 00:00:00+08:00,0.17055907730098024,0.17371757328510284,0.16740056955052324,0.17371757328510284,848750,0.0,0.0
2009-08-31 00:00:00+08:00,0.1674005546962394,0.1674005546962394,0.16424205899238586,0.16424205899238586,500000,0.0,0.0
2009-09-01 00:00:00+08:00,0.16424207275515684,0.1674005687236786,0.16424207275515684,0.1674005687236786,377500,0.0,0.0
2009-09-02 00:00:00+08:00,0.16424205668694458,0.16424205668694458,0.15792505360157494,0.16108354926109314,418750,0.0,0.0
2009-09-03 00:00:00+08:00,0.16424205899238586,0.16424205899238586,0.16108355152219891,0.16424205899238586,206250,0.0,0.0
2009-09-04 00:00:00+08:00,0.1674005546962394,0.1674005546962394,0.16424205899238586,0.16424205899238586,212500,0.0,0.0
2009-09-07 00:00:00+08:00,0.16740057068314404,0.17687608223229132,0.16740057068314404,0.1705590784549713,663750,0.0,0.0
2009-09-08 00:00:00+08:00,0.173717558844466,0.18951006098496287,0.173717558844466,0.18319305777549744,1581250,0.0,0.0
2009-09-09 00:00:00+08:00,0.1863515816101188,0.1863515816101188,0.17687608184789852,0.1800345778465271,317500,0.0,0.0
2009-09-10 00:00:00+08:00,0.1800345778465271,0.1800345778465271,0.1800345778465271,0.1800345778465271,153750,0.0,0.0
2009-09-11 00:00:00+08:00,0.1831930738451557,0.1831930738451557,0.1800345778465271,0.1800345778465271,212500,0.0,0.0
2009-09-14 00:00:00+08:00,0.17687608223229132,0.17687608223229132,0.1705590784549713,0.1705590784549713,258750,0.0,0.0
2009-09-15 00:00:00+08:00,0.17371756059549792,0.18003456386863725,0.17371756059549792,0.17687606811523438,222500,0.0,0.0
2009-09-16 00:00:00+08:00,0.18003457933755843,0.1926685869693756,0.18003457933755843,0.1926685869693756,957500,0.0,0.0
2009-09-17 00:00:00+08:00,0.19582706906321035,0.20214408419606703,0.19582706906321035,0.19898557662963867,1603750,0.0,0.0
2009-09-18 00:00:00+08:00,0.20214409886380058,0.21477810651357992,0.20214409886380058,0.20846109092235565,1411250,0.0,0.0
2009-09-21 00:00:00+08:00,0.20846109092235565,0.20846109092235565,0.20846109092235565,0.20846109092235565,0,0.0,0.0
2009-09-22 00:00:00+08:00,0.21161958586536514,0.2274120768189389,0.21161958586536514,0.22109508514404297,1898750,0.0,0.0
2009-09-23 00:00:00+08:00,0.22109508514404294,0.22425359274782483,0.21793657754026108,0.22109508514404297,1732500,0.0,0.0
2009-09-24 00:00:00+08:00,0.2210951019328741,0.22741209408745014,0.2179365940892513,0.2242536097764969,782500,0.0,0.0
2009-09-25 00:00:00+08:00,0.2242536103903591,0.25268011046276906,0.2242536103903591,0.24636311829090118,3835000,0.0,0.0
2009-09-28 00:00:00+08:00,0.24004608812753664,0.252680095242951,0.23372909633616354,0.2368876039981842,1648750,0.0,0.0
2009-09-29 00:00:00+08:00,0.2432045936584473,0.24952160892713496,0.2368876019224276,0.24320459365844727,807500,0.0,0.0
2009-09-30 00:00:00+08:00,0.2368876130537526,0.2368876130537526,0.22425360545537454,0.22741208970546722,605000,0.0,0.0
2009-10-01 00:00:00+08:00,0.22425359274782483,0.22425359274782483,0.21793657754026108,0.22109508514404297,416250,0.0,0.0
2009-10-02 00:00:00+08:00,0.21477810651357992,0.21477810651357992,0.20214409886380058,0.20846109092235565,946250,0.0,0.0
2009-10-05 00:00:00+08:00,0.20530256459008178,0.20530256459008178,0.18319305908239095,0.1895100623369217,1063750,0.0,0.0
2009-10-06 00:00:00+08:00,0.20214408228598574,0.20530256628990173,0.1895100639059863,0.20530256628990173,693750,0.0,0.0
2009-10-07 00:00:00+08:00,0.21161958136306827,0.21793657290356755,0.20530256628990173,0.20530256628990173,1512500,0.0,0.0
2009-10-08 00:00:00+08:00,0.20846109092235565,0.2116195987179678,0.20214409886380058,0.20846109092235565,1100000,0.0,0.0
2009-10-09 00:00:00+08:00,0.21161960065364838,0.2210951005944878,0.20846109282914543,0.21161960065364838,1225000,0.0,0.0
2009-10-12 00:00:00+08:00,0.22109508514404294,0.22425359274782483,0.21161958586536514,0.22109508514404297,1390000,0.0,0.0
2009-10-13 00:00:00+08:00,0.22741206223323535,0.2337290770356398,0.22741206223323535,0.23057056963443756,1333750,0.0,0.0
2009-10-14 00:00:00+08:00,0.2305705886741429,0.24004608812753664,0.22741208101212226,0.2368876039981842,797500,0.0,0.0
2009-10-15 00:00:00+08:00,0.2432045781311338,0.2432045781311338,0.23057057193304029,0.23372907936573029,990000,0.0,0.0
2009-10-16 00:00:00+08:00,0.2337290770356398,0.2337290770356398,0.2305705696344376,0.23057056963443756,391250,0.0,0.0
2009-10-19 00:00:00+08:00,0.2305705696344376,0.2305705696344376,0.2305705696344376,0.23057056963443756,201250,0.0,0.0
2009-10-20 00:00:00+08:00,0.22741208970546722,0.23057059748822903,0.22741208970546722,0.22741208970546722,467500,0.0,0.0
2009-10-21 00:00:00+08:00,0.22741209408745014,0.23057060193107293,0.2242536097764969,0.2242536097764969,212500,0.0,0.0
2009-10-22 00:00:00+08:00,0.2210950718784998,0.2274120631743809,0.2147780805826187,0.2147780805826187,253750,0.0,0.0
2009-10-23 00:00:00+08:00,0.2210951019328741,0.2242536097764969,0.2210951019328741,0.2242536097764969,320000,0.0,0.0
2009-10-26 00:00:00+08:00,0.23057059748822903,0.23057059748822903,0.22741208970546722,0.22741208970546722,155000,0.0,0.0
2009-10-27 00:00:00+08:00,0.2274120768189389,0.2274120768189389,0.22109508514404294,0.22109508514404297,322500,0.0,0.0
2009-10-28 00:00:00+08:00,0.22109505275145758,0.22109505275145758,0.21161955486103276,0.21793654561042786,147500,0.0,0.0
2009-10-29 00:00:00+08:00,0.214778093469147,0.22109508514404294,0.21161958586536514,0.22109508514404297,306250,0.0,0.0
2009-10-30 00:00:00+08:00,0.22109505275145758,0.22741204350085267,0.21793654561042786,0.21793654561042786,257500,0.0,0.0
2009-11-02 00:00:00+08:00,0.2147780805826187,0.2147780805826187,0.2147780805826187,0.2147780805826187,7500,0.0,0.0
2009-11-03 00:00:00+08:00,0.21558249636743712,0.21558249636743712,0.2027118977803249,0.20914718508720398,196250,0.005,0.0
2009-11-04 00:00:00+08:00,0.20592955342044147,0.20914718508720395,0.2027118977803249,0.20914718508720398,300000,0.0,0.0
2009-11-05 00:00:00+08:00,0.19949426403701642,0.19949426403701642,0.19305896403711154,0.19627662003040314,265000,0.0,0.0
2009-11-06 00:00:00+08:00,0.19949424214020833,0.20914718508720395,0.19949424214020833,0.20914718508720398,180000,0.0,0.0
2009-11-09 00:00:00+08:00,0.20914721128641528,0.21236486732959747,0.20914721128641528,0.21236486732959747,76250,0.0,0.0
2009-11-10 00:00:00+08:00,0.21236484072732054,0.21236484072732054,0.20914718508720395,0.20914718508720398,101250,0.0,0.0
2009-11-11 00:00:00+08:00,0.21236484072732054,0.21236484072732054,0.20914718508720395,0.20914718508720398,57500,0.0,0.0
2009-11-12 00:00:00+08:00,0.20914717912330474,0.20914717912330474,0.20271189199992998,0.20592954754829407,73750,0.0,0.0
2009-11-13 00:00:00+08:00,0.20592954754829407,0.20592954754829407,0.20592954754829407,0.20592954754829407,0,0.0,0.0
2009-11-17 00:00:00+08:00,0.21558249636743712,0.21558249636743712,0.20914718508720395,0.20914718508720398,755000,0.0,0.0
2009-11-18 00:00:00+08:00,0.20914718508720395,0.20914718508720395,0.20914718508720395,0.20914718508720398,81250,0.0,0.0
2009-11-19 00:00:00+08:00,0.20914721128641528,0.21236486732959747,0.20914721128641528,0.21236486732959747,353750,0.0,0.0
2009-11-20 00:00:00+08:00,0.21236486732959747,0.21236486732959747,0.21236486732959747,0.21236486732959747,182500,0.0,0.0
2009-11-23 00:00:00+08:00,0.21558250486850739,0.21558250486850739,0.21558250486850739,0.21558250486850739,37500,0.0,0.0
2009-11-24 00:00:00+08:00,0.21558250486850739,0.21558250486850739,0.21558250486850739,0.21558250486850739,1011250,0.0,0.0
2009-11-25 00:00:00+08:00,0.21558252337277967,0.21558252337277967,0.21236486732959747,0.21236486732959747,765000,0.0,0.0
2009-11-26 00:00:00+08:00,0.2123648491015089,0.21558250486850739,0.2123648491015089,0.21558250486850739,51250,0.0,0.0
2009-11-30 00:00:00+08:00,0.19949424214020833,0.20914718508720395,0.19949424214020833,0.20914718508720398,58750,0.0,0.0
2009-12-01 00:00:00+08:00,0.20592954754829407,0.20914717912330474,0.20592954754829407,0.20592954754829407,92500,0.0,0.0
2009-12-02 00:00:00+08:00,0.20914721128641528,0.2188001794159619,0.20914721128641528,0.21236486732959747,125000,0.0,0.0
2009-12-03 00:00:00+08:00,0.21236486732959747,0.21236486732959747,0.21236486732959747,0.21236486732959747,18750,0.0,0.0
2009-12-04 00:00:00+08:00,0.20592954754829407,0.20592954754829407,0.20592954754829407,0.20592954754829407,10000,0.0,0.0
2009-12-07 00:00:00+08:00,0.20592955342044147,0.20914718508720395,0.20592955342044147,0.20914718508720398,33750,0.0,0.0
2009-12-08 00:00:00+08:00,0.21236484072732054,0.21236484072732054,0.20914718508720395,0.20914718508720398,10000,0.0,0.0
2009-12-09 00:00:00+08:00,0.20592957921659016,0.21558252337277967,0.20592957921659016,0.21236486732959747,15000,0.0,0.0
2009-12-10 00:00:00+08:00,0.21236484072732054,0.21236484072732054,0.2027118977803249,0.20914718508720398,55000,0.0,0.0
2009-12-11 00:00:00+08:00,0.20914721128641528,0.21236486732959747,0.20914721128641528,0.21236486732959747,76250,0.0,0.0
2009-12-14 00:00:00+08:00,0.20914718508720395,0.20914718508720395,0.20914718508720395,0.20914718508720398,2500,0.0,0.0
2009-12-15 00:00:00+08:00,0.20592957921659016,0.21236486732959747,0.20592957921659016,0.21236486732959747,76250,0.0,0.0
2009-12-16 00:00:00+08:00,0.209147218641871,0.21880018711090088,0.209147218641871,0.21880018711090088,42500,0.0,0.0
2009-12-17 00:00:00+08:00,0.2123648491015089,0.21880016063550586,0.2123648491015089,0.21558250486850739,531250,0.0,0.0
2009-12-18 00:00:00+08:00,0.209147218641871,0.21880018711090088,0.209147218641871,0.21880018711090088,155000,0.0,0.0
2009-12-21 00:00:00+08:00,0.21236486732959747,0.21236486732959747,0.21236486732959747,0.21236486732959747,212500,0.0,0.0
2009-12-22 00:00:00+08:00,0.21236486732959747,0.21236486732959747,0.20914721128641528,0.21236486732959747,341250,0.0,0.0
2009-12-23 00:00:00+08:00,0.21236486732959747,0.21236486732959747,0.21236486732959747,0.21236486732959747,18750,0.0,0.0
2009-12-28 00:00:00+08:00,0.21880018711090088,0.21880018711090088,0.2155825309545576,0.21880018711090088,157500,0.0,0.0
2009-12-29 00:00:00+08:00,0.21558250486850739,0.21558250486850739,0.2123648491015089,0.21558250486850739,436250,0.0,0.0
2009-12-30 00:00:00+08:00,0.21558250486850739,0.21558250486850739,0.21558250486850739,0.21558250486850739,420000,0.0,0.0
2010-01-04 00:00:00+08:00,0.2155825309545576,0.21880018711090088,0.2123648747982143,0.21880018711090088,2277500,0.0,0.0
2010-01-05 00:00:00+08:00,0.22523543238639832,0.23810603057762278,0.22201777684525384,0.22523543238639832,13632500,0.0,0.0
2010-01-06 00:00:00+08:00,0.2252354675289692,0.2252354675289692,0.20914721128641528,0.21236486732959747,12367500,0.0,0.0
2010-01-07 00:00:00+08:00,0.21236485353871568,0.21236485353871568,0.19949425417515515,0.20271191000938416,8165000,0.0,0.0
2010-01-08 00:00:00+08:00,0.20271189199992998,0.20592954754829407,0.20271189199992998,0.20592954754829407,3648750,0.0,0.0
2010-01-11 00:00:00+08:00,0.20914718508720395,0.21236484072732054,0.20592955342044147,0.20914718508720398,9331250,0.0,0.0
2010-01-12 00:00:00+08:00,0.20914719770448667,0.20914719770448667,0.20271191000938416,0.20271191000938416,2551250,0.0,0.0
2010-01-13 00:00:00+08:00,0.20271191345828665,0.20271191345828665,0.19949425756931305,0.19949425756931305,1671250,0.0,0.0
2010-01-14 00:00:00+08:00,0.19949425756931305,0.20592956934726028,0.19949425756931305,0.19949425756931305,4470000,0.0,0.0
2010-01-15 00:00:00+08:00,0.20271191345828665,0.20592956934726028,0.19949425756931305,0.19949425756931305,1207500,0.0,0.0
2010-01-18 00:00:00+08:00,0.19949426403701642,0.19949426403701642,0.19627662003040314,0.19627662003040314,1337500,0.0,0.0
2010-01-19 00:00:00+08:00,0.19305896403711154,0.19627662003040314,0.19305896403711154,0.19627662003040314,1406250,0.0,0.0
2010-01-20 00:00:00+08:00,0.19949426403701642,0.19949426403701642,0.19305896403711154,0.19627662003040314,1891250,0.0,0.0
2010-01-21 00:00:00+08:00,0.19305894724934108,0.19305894724934108,0.18662364780902863,0.18662364780902863,2343750,0.0,0.0
2010-01-22 00:00:00+08:00,0.1866236445910867,0.18984130024909973,0.17697070159040193,0.18984130024909973,2641250,0.0,0.0
2010-01-25 00:00:00+08:00,0.1834060102701187,0.18662365410549586,0.1834060102701187,0.1834060102701187,698750,0.0,0.0
2010-01-26 00:00:00+08:00,0.18662364859791072,0.18662364859791072,0.1769707053899765,0.1769707053899765,1745000,0.0,0.0
2010-01-27 00:00:00+08:00,0.17375306164955756,0.18018836111707281,0.17375306164955756,0.1769707053899765,817500,0.0,0.0
2010-01-28 00:00:00+08:00,0.1769707053899765,0.18018836111707281,0.17375306164955756,0.1769707053899765,1013750,0.0,0.0
2010-01-29 00:00:00+08:00,0.17053543031215668,0.17053543031215668,0.1641001299242754,0.17053543031215668,1280000,0.0,0.0
2010-02-01 00:00:00+08:00,0.1705354266343405,0.17375308275222778,0.1705354266343405,0.17375308275222778,528750,0.0,0.0
2010-02-02 00:00:00+08:00,0.17375306246878128,0.17697070622437103,0.16731776297092438,0.16731776297092438,921250,0.0,0.0
2010-02-03 00:00:00+08:00,0.17053543031215668,0.17375308649943685,0.17053543031215668,0.17053543031215668,485000,0.0,0.0
2010-02-04 00:00:00+08:00,0.17053543031215668,0.17053543031215668,0.17053543031215668,0.17053543031215668,12500,0.0,0.0
2010-02-05 00:00:00+08:00,0.16731777287055535,0.16731777287055535,0.1544471731133314,0.16088247299194336,1216250,0.0,0.0
2010-02-08 00:00:00+08:00,0.16088247299194336,0.16088247299194336,0.1576648170592983,0.16088247299194336,327500,0.0,0.0
2010-02-09 00:00:00+08:00,0.16088247299194336,0.1641001169379103,0.16088247299194336,0.16088247299194336,321250,0.0,0.0
2010-02-10 00:00:00+08:00,0.1608824667105147,0.16410011053085327,0.1544471670831599,0.16410011053085327,291250,0.0,0.0
2010-02-11 00:00:00+08:00,0.16410011053085327,0.16410011053085327,0.1608824667105147,0.16410011053085327,153750,0.0,0.0
2010-02-12 00:00:00+08:00,0.16731776218204228,0.18340600485749176,0.16731776218204228,0.1769707053899765,828750,0.0,0.0
2010-02-17 00:00:00+08:00,0.18018835724841495,0.19305894392043563,0.18018835724841495,0.18984130024909973,1145000,0.0,0.0
2010-02-18 00:00:00+08:00,0.18984130992755074,0.18984130992755074,0.1834060102701187,0.1834060102701187,496250,0.0,0.0
2010-02-19 00:00:00+08:00,0.18018836643474156,0.1834060102701187,0.17697071061268668,0.1834060102701187,181250,0.0,0.0
2010-02-22 00:00:00+08:00,0.18340600151176978,0.18340600151176978,0.1801883578300476,0.1801883578300476,146250,0.0,0.0
2010-02-23 00:00:00+08:00,0.18018838300132353,0.18018838300132353,0.17375308275222778,0.17375308275222778,85000,0.0,0.0
2010-02-24 00:00:00+08:00,0.17375306677730953,0.1834060102701187,0.17375306677730953,0.1834060102701187,2411250,0.0,0.0
2010-02-25 00:00:00+08:00,0.18018838300132353,0.18018838300132353,0.17375308275222778,0.17375308275222778,403750,0.0,0.0
2010-02-26 00:00:00+08:00,0.17375308275222778,0.17697072688343624,0.17375308275222778,0.17375308275222778,140000,0.0,0.0
2010-03-01 00:00:00+08:00,0.1737530584799261,0.1801883578300476,0.1737530584799261,0.1801883578300476,338750,0.0,0.0
2010-03-02 00:00:00+08:00,0.1834060102701187,0.1834060102701187,0.18018836643474156,0.1834060102701187,586250,0.0,0.0
2010-03-03 00:00:00+08:00,0.1834060102701187,0.1834060102701187,0.18018836643474156,0.1834060102701187,333750,0.0,0.0
2010-03-04 00:00:00+08:00,0.18340600151176978,0.18340600151176978,0.1801883578300476,0.1801883578300476,605000,0.0,0.0
2010-03-05 00:00:00+08:00,0.18018835724841495,0.18984130024909973,0.18018835724841495,0.18984130024909973,365000,0.0,0.0
2010-03-08 00:00:00+08:00,0.18984130024909973,0.18984130024909973,0.18340600091975082,0.18984130024909973,430000,0.0,0.0
2010-03-09 00:00:00+08:00,0.19305896759033203,0.2027119237611897,0.19305896759033203,0.19305896759033203,5665000,0.0,0.0
2010-03-10 00:00:00+08:00,0.19627659957844862,0.19627659957844862,0.18984130024909973,0.18984130024909973,895000,0.0,0.0
2010-03-11 00:00:00+08:00,0.18984132352449853,0.19305896759033203,0.18984132352449853,0.19305896759033203,272500,0.0,0.0
2010-03-12 00:00:00+08:00,0.19627662364284412,0.19627662364284412,0.19305896759033203,0.19305896759033203,353750,0.0,0.0
2010-03-15 00:00:00+08:00,0.19305894392043563,0.19305894392043563,0.18984130024909973,0.18984130024909973,322500,0.0,0.0
2010-03-16 00:00:00+08:00,0.18662364780902863,0.1898413035225235,0.18662364780902863,0.18662364780902863,523750,0.0,0.0
2010-03-17 00:00:00+08:00,0.18662365410549586,0.18984130992755074,0.1834060102701187,0.1834060102701187,1061250,0.0,0.0
2010-03-18 00:00:00+08:00,0.18662365410549586,0.18662365410549586,0.1834060102701187,0.1834060102701187,527500,0.0,0.0
2010-03-19 00:00:00+08:00,0.1834060102701187,0.1834060102701187,0.1834060102701187,0.1834060102701187,113750,0.0,0.0
2010-03-22 00:00:00+08:00,0.18340600151176978,0.18340600151176978,0.1801883578300476,0.1801883578300476,302500,0.0,0.0
2010-03-23 00:00:00+08:00,0.1834060102701187,0.18662365410549586,0.18018836643474156,0.1834060102701187,456250,0.0,0.0
2010-03-24 00:00:00+08:00,0.18662364859791072,0.18662364859791072,0.1769707053899765,0.1769707053899765,835000,0.0,0.0
2010-03-25 00:00:00+08:00,0.1801883578300476,0.1801883578300476,0.17697070216164829,0.1801883578300476,648750,0.0,0.0
2010-03-26 00:00:00+08:00,0.18018836111707281,0.18018836111707281,0.1769707053899765,0.1769707053899765,520000,0.0,0.0
2010-03-29 00:00:00+08:00,0.1801883578300476,0.1801883578300476,0.17697070216164829,0.1801883578300476,1325000,0.0,0.0
2010-03-30 00:00:00+08:00,0.1801883578300476,0.1801883578300476,0.17697070216164829,0.1801883578300476,672500,0.0,0.0
2010-03-31 00:00:00+08:00,0.17697070216164829,0.1801883578300476,0.1737530584799261,0.1801883578300476,1543750,0.0,0.0
2010-04-01 00:00:00+08:00,0.1801883603553935,0.18662364780902863,0.1801883603553935,0.18662364780902863,8116250,0.0,0.0
2010-04-05 00:00:00+08:00,0.18984130992755074,0.18984130992755074,0.1834060102701187,0.1834060102701187,3485000,0.0,0.0
2010-04-06 00:00:00+08:00,0.18340600091975082,0.18984130024909973,0.18340600091975082,0.18984130024909973,825000,0.0,0.0
2010-04-07 00:00:00+08:00,0.18662365410549586,0.18662365410549586,0.1834060102701187,0.1834060102701187,1450000,0.0,0.0
2010-04-08 00:00:00+08:00,0.1834060102701187,0.18662365410549586,0.1834060102701187,0.1834060102701187,862500,0.0,0.0
2010-04-09 00:00:00+08:00,0.1834060102701187,0.1834060102701187,0.18018836643474156,0.1834060102701187,2087500,0.0,0.0
2010-04-12 00:00:00+08:00,0.18662364519349195,0.18662364519349195,0.1801883578300476,0.1801883578300476,1635000,0.0,0.0
2010-04-13 00:00:00+08:00,0.1801883578300476,0.1801883578300476,0.17697070216164829,0.1801883578300476,920000,0.0,0.0
2010-04-14 00:00:00+08:00,0.1834060102701187,0.1834060102701187,0.18018836643474156,0.1834060102701187,3472500,0.0,0.0
2010-04-15 00:00:00+08:00,0.1834060102701187,0.18662365410549586,0.18018836643474156,0.1834060102701187,1347500,0.0,0.0
2010-04-16 00:00:00+08:00,0.18340600485749176,0.18340600485749176,0.17375306164955756,0.1769707053899765,4293750,0.0,0.0
2010-04-19 00:00:00+08:00,0.17697072688343624,0.17697072688343624,0.1705354266343405,0.17375308275222778,1291250,0.0,0.0
2010-04-20 00:00:00+08:00,0.17697070216164829,0.1801883578300476,0.17697070216164829,0.1801883578300476,7348750,0.0,0.0
2010-04-21 00:00:00+08:00,0.18018836643474156,0.18984130992755074,0.18018836643474156,0.1834060102701187,9611250,0.0,0.0
2010-04-22 00:00:00+08:00,0.18662364780902863,0.1898413035225235,0.18340600408221108,0.18662364780902863,767500,0.0,0.0
2010-04-23 00:00:00+08:00,0.189841293779827,0.20592954754829407,0.189841293779827,0.20592954754829407,22457500,0.0,0.0
2010-04-26 00:00:00+08:00,0.21236484745858217,0.24132370119082286,0.20914719171647655,0.23488838970661163,60546250,0.0,0.0
2010-04-27 00:00:00+08:00,0.24132372015248657,0.24454135217405812,0.22845312014613017,0.23167075216770172,32121250,0.0,0.0
2010-04-28 00:00:00+08:00,0.21880018711090088,0.22845313160657282,0.2155825309545576,0.21880018711090088,7820000,0.0,0.0
2010-04-29 00:00:00+08:00,0.22201781929388623,0.22201781929388623,0.2155825309545576,0.21880018711090088,2098750,0.0,0.0
2010-04-30 00:00:00+08:00,0.22201781929388623,0.22201781929388623,0.2123648747982143,0.21880018711090088,4592500,0.0,0.0
2010-05-03 00:00:00+08:00,0.21558249022003292,0.21558249022003292,0.20592954754829407,0.20592954754829407,6161250,0.0,0.0
2010-05-04 00:00:00+08:00,0.20914720126287795,0.21880016892979878,0.19949425756931305,0.19949425756931305,12331250,0.0,0.0
2010-05-05 00:00:00+08:00,0.19305896403711154,0.20592957602359965,0.18984132003049825,0.19627662003040314,11433750,0.0,0.0
2010-05-06 00:00:00+08:00,0.19949425756931305,0.19949425756931305,0.18984131387574815,0.19949425756931305,3470000,0.0,0.0
2010-05-07 00:00:00+08:00,0.18984132003049825,0.19627662003040314,0.18984132003049825,0.19627662003040314,5036250,0.0,0.0
2010-05-10 00:00:00+08:00,0.1962765984867688,0.20914718508720395,0.1930589428466522,0.20914718508720398,6832500,0.0,0.0
2010-05-11 00:00:00+08:00,0.2123648491015089,0.2220177924291493,0.20914719333451043,0.21558250486850739,15265000,0.0,0.0
2010-05-12 00:00:00+08:00,0.21880014527746275,0.22523543238639832,0.2155824897363183,0.22523543238639832,9663750,0.0,0.0
2010-05-13 00:00:00+08:00,0.2284531235721514,0.2284531235721514,0.20914721128641528,0.21236486732959747,4750000,0.0,0.0
2010-05-14 00:00:00+08:00,0.21236484072732054,0.21236484072732054,0.20592955342044147,0.20914718508720398,2203750,0.0,0.0
2010-05-17 00:00:00+08:00,0.20592954754829407,0.20592954754829407,0.19949423645156586,0.20592954754829407,1937500,0.0,0.0
2010-05-18 00:00:00+08:00,0.20592957921659016,0.21236486732959747,0.20592957921659016,0.21236486732959747,2823750,0.0,0.0
2010-05-19 00:00:00+08:00,0.20914717912330474,0.20914717912330474,0.20271189199992998,0.20592954754829407,3291250,0.0,0.0
2010-05-20 00:00:00+08:00,0.20592954754829407,0.20914717912330474,0.19949423645156586,0.20592954754829407,2633750,0.0,0.0
2010-05-21 00:00:00+08:00,0.1962766136670174,0.20271191345828665,0.1930589577780438,0.19949425756931305,2748750,0.0,0.0
2010-05-24 00:00:00+08:00,0.19949425756931305,0.20271191345828665,0.19949425756931305,0.19949425756931305,1067500,0.0,0.0
2010-05-25 00:00:00+08:00,0.19627660958498278,0.19627660958498278,0.1834060102701187,0.1834060102701187,1431250,0.0,0.0
2010-05-26 00:00:00+08:00,0.18662366403720665,0.19627662003040314,0.18662366403720665,0.19627662003040314,1125000,0.0,0.0
2010-05-27 00:00:00+08:00,0.1930589577780438,0.19949425756931305,0.1930589577780438,0.19949425756931305,523750,0.0,0.0
2010-05-31 00:00:00+08:00,0.19949425756931305,0.19949425756931305,0.19949425756931305,0.19949425756931305,267500,0.0,0.0
2010-06-01 00:00:00+08:00,0.19627662364284412,0.19627662364284412,0.18984132352449853,0.19305896759033203,650000,0.0,0.0
2010-06-02 00:00:00+08:00,0.19627662003040314,0.19627662003040314,0.19305896403711154,0.19627662003040314,476250,0.0,0.0
2010-06-03 00:00:00+08:00,0.19627661032760388,0.2059295658436132,0.19627661032760388,0.20271191000938416,1258750,0.0,0.0
2010-06-04 00:00:00+08:00,0.20271191345828665,0.20271191345828665,0.1962766136670174,0.19949425756931305,450000,0.0,0.0
2010-06-07 00:00:00+08:00,0.19305896759033203,0.19627662364284412,0.19305896759033203,0.19305896759033203,196250,0.0,0.0
2010-06-08 00:00:00+08:00,0.19627662003040314,0.19627662003040314,0.19627662003040314,0.19627662003040314,235000,0.0,0.0
2010-06-09 00:00:00+08:00,0.19627662364284412,0.19627662364284412,0.19305896759033203,0.19305896759033203,398750,0.0,0.0
2010-06-10 00:00:00+08:00,0.19305894392043563,0.19305894392043563,0.18984130024909973,0.18984130024909973,188750,0.0,0.0
2010-06-11 00:00:00+08:00,0.19627662003040314,0.19627662003040314,0.19305896403711154,0.19627662003040314,490000,0.0,0.0
2010-06-14 00:00:00+08:00,0.19627662003040314,0.19627662003040314,0.19305896403711154,0.19627662003040314,253750,0.0,0.0
2010-06-15 00:00:00+08:00,0.19627659288987848,0.20592954754829407,0.19627659288987848,0.20592954754829407,837500,0.0,0.0
2010-06-16 00:00:00+08:00,0.20271191000938416,0.2059295658436132,0.20271191000938416,0.20271191000938416,391250,0.0,0.0
2010-06-17 00:00:00+08:00,0.20271189199992998,0.20592954754829407,0.20271189199992998,0.20592954754829407,166250,0.0,0.0
2010-06-18 00:00:00+08:00,0.20271191345828665,0.20271191345828665,0.19949425756931305,0.19949425756931305,51250,0.0,0.0
2010-06-21 00:00:00+08:00,0.2027118977803249,0.20914718508720395,0.2027118977803249,0.20914718508720398,591250,0.0,0.0
2010-06-22 00:00:00+08:00,0.2059295658436132,0.2059295658436132,0.20271191000938416,0.20271191000938416,146250,0.0,0.0
2010-06-23 00:00:00+08:00,0.19949425417515515,0.20271191000938416,0.19949425417515515,0.20271191000938416,81250,0.0,0.0
2010-06-24 00:00:00+08:00,0.2027118977803249,0.2188001520075537,0.2027118977803249,0.20914718508720398,7483750,0.0,0.0
2010-06-25 00:00:00+08:00,0.20592955342044147,0.20914718508720395,0.20592955342044147,0.20914718508720398,872500,0.0,0.0
2010-06-28 00:00:00+08:00,0.20914718508720395,0.20914718508720395,0.20914718508720395,0.20914718508720398,287500,0.0,0.0
2010-06-29 00:00:00+08:00,0.20914717912330474,0.20914717912330474,0.20271189199992998,0.20592954754829407,1027500,0.0,0.0
2010-06-30 00:00:00+08:00,0.19949425756931305,0.20271191345828665,0.1962766136670174,0.19949425756931305,458750,0.0,0.0
2010-07-01 00:00:00+08:00,0.19949425417515515,0.20271191000938416,0.19949425417515515,0.20271191000938416,1542500,0.0,0.0
2010-07-02 00:00:00+08:00,0.20271191345828665,0.20271191345828665,0.19949425756931305,0.19949425756931305,981250,0.0,0.0
2010-07-05 00:00:00+08:00,0.20271191000938416,0.20271191000938416,0.19949425417515515,0.20271191000938416,391250,0.0,0.0
2010-07-06 00:00:00+08:00,0.19949425417515515,0.20271191000938416,0.19949425417515515,0.20271191000938416,108750,0.0,0.0
2010-07-07 00:00:00+08:00,0.20271191000938416,0.20271191000938416,0.19949425417515515,0.20271191000938416,221250,0.0,0.0
2010-07-08 00:00:00+08:00,0.20271189199992998,0.20592954754829407,0.19949423645156586,0.20592954754829407,252500,0.0,0.0
2010-07-09 00:00:00+08:00,0.20271191000938416,0.2059295658436132,0.20271191000938416,0.20271191000938416,172500,0.0,0.0
2010-07-12 00:00:00+08:00,0.2059295658436132,0.2059295658436132,0.20271191000938416,0.20271191000938416,208750,0.0,0.0
2010-07-13 00:00:00+08:00,0.2059295658436132,0.2059295658436132,0.20271191000938416,0.20271191000938416,648750,0.0,0.0
2010-07-14 00:00:00+08:00,0.20592955342044147,0.20914718508720395,0.20592955342044147,0.20914718508720398,527500,0.0,0.0
2010-07-15 00:00:00+08:00,0.21236484516426918,0.22845309972763062,0.21236484516426918,0.22845309972763062,18905000,0.0,0.0
2010-07-16 00:00:00+08:00,0.22845308792754276,0.23167071949533385,0.22201777684525384,0.22523543238639832,3461250,0.0,0.0
2010-07-19 00:00:00+08:00,0.21880017770400026,0.2220178097486496,0.21880017770400026,0.2220178097486496,1201250,0.0,0.0
2010-07-20 00:00:00+08:00,0.2220178097486496,0.22523546576665582,0.21880017770400026,0.2220178097486496,1895000,0.0,0.0
2010-07-21 00:00:00+08:00,0.22201781929388623,0.22201781929388623,0.21880018711090088,0.21880018711090088,717500,0.0,0.0
2010-07-22 00:00:00+08:00,0.21880018711090088,0.21880018711090088,0.2155825309545576,0.21880018711090088,1806250,0.0,0.0
2010-07-23 00:00:00+08:00,0.21880015657895557,0.23167073146161923,0.21880015657895557,0.22845309972763062,5318750,0.0,0.0
2010-07-26 00:00:00+08:00,0.23167075216770172,0.23810606415755828,0.22845312014613017,0.23167075216770172,4938750,0.0,0.0
2010-07-27 00:00:00+08:00,0.23167075216770172,0.23167075216770172,0.22845312014613017,0.23167075216770172,953750,0.0,0.0
2010-07-28 00:00:00+08:00,0.23167075216770172,0.23488840816263,0.23167075216770172,0.23167075216770172,2572500,0.0,0.0
2010-07-29 00:00:00+08:00,0.22845308792754276,0.22845308792754276,0.22523543238639832,0.22523543238639832,2046250,0.0,0.0
2010-07-30 00:00:00+08:00,0.22523544402028742,0.23167073146161923,0.2220177883129442,0.22845309972763062,2480000,0.0,0.0
2010-08-02 00:00:00+08:00,0.22845309972763062,0.23488838716896246,0.22523544402028742,0.22845309972763062,6991250,0.0,0.0
2010-08-03 00:00:00+08:00,0.2316707597485685,0.23810607194900513,0.2284531276217077,0.23810607194900513,13825000,0.0,0.0
2010-08-04 00:00:00+08:00,0.2381060536351813,0.241323709487915,0.23167074192971387,0.24132370948791504,8615000,0.0,0.0
2010-08-05 00:00:00+08:00,0.24132372804922345,0.24132372804922345,0.2348884158487868,0.23810607194900513,5220000,0.0,0.0
2010-08-06 00:00:00+08:00,0.23810607194900513,0.23810607194900513,0.2316707597485685,0.23810607194900513,3143750,0.0,0.0
2010-08-10 00:00:00+08:00,0.23810604544871725,0.23810604544871725,0.23167073396450605,0.23488838970661163,2613750,0.0,0.0
2010-08-11 00:00:00+08:00,0.23488840816263,0.24132372015248657,0.23167075216770172,0.23167075216770172,7122500,0.0,0.0
2010-08-12 00:00:00+08:00,0.23167073146161923,0.23167073146161923,0.22845309972763062,0.22845309972763062,2927500,0.0,0.0
2010-08-13 00:00:00+08:00,0.22845309972763062,0.23167073146161923,0.22845309972763062,0.22845309972763062,936250,0.0,0.0
2010-08-16 00:00:00+08:00,0.22845309972763062,0.22845309972763062,0.22523544402028742,0.22845309972763062,1562500,0.0,0.0
2010-08-17 00:00:00+08:00,0.22845308792754276,0.22845308792754276,0.21880014527746275,0.22523543238639832,3082500,0.0,0.0
2010-08-18 00:00:00+08:00,0.22523547545022954,0.22523547545022954,0.21880018711090088,0.21880018711090088,4047500,0.0,0.0
2010-08-19 00:00:00+08:00,0.21880015657895557,0.22845309972763062,0.21880015657895557,0.22845309972763062,2560000,0.0,0.0
2010-08-20 00:00:00+08:00,0.22523543238639832,0.22523543238639832,0.22201777684525384,0.22523543238639832,1160000,0.0,0.0
2010-08-23 00:00:00+08:00,0.22523546576665582,0.22523546576665582,0.21880017770400026,0.2220178097486496,1105000,0.0,0.0
2010-08-24 00:00:00+08:00,0.22845309972763062,0.23167073146161923,0.22523544402028742,0.22845309972763062,7878750,0.0,0.0
2010-08-25 00:00:00+08:00,0.2284531021957553,0.23488838970661166,0.2284531021957553,0.23488838970661163,3818750,0.0,0.0
2010-08-26 00:00:00+08:00,0.23488840816263,0.23810606415755828,0.23167075216770172,0.23167075216770172,3227500,0.0,0.0
2010-08-27 00:00:00+08:00,0.22845309972763062,0.23167073146161923,0.22845309972763062,0.22845309972763062,2215000,0.0,0.0
2010-08-30 00:00:00+08:00,0.23167073146161923,0.23167073146161923,0.22845309972763062,0.22845309972763062,911250,0.0,0.0
2010-08-31 00:00:00+08:00,0.22845309972763062,0.22845309972763062,0.22523544402028742,0.22845309972763062,1052500,0.0,0.0
2010-09-01 00:00:00+08:00,0.22845311932770374,0.25741195125824395,0.22845311932770374,0.25419431924819946,33157500,0.0,0.0
2010-09-02 00:00:00+08:00,0.2606296072416451,0.2638472632250462,0.25097666326479834,0.25419431924819946,11310000,0.0,0.0
2010-09-03 00:00:00+08:00,0.25097665190696716,0.25419430774475477,0.25097665190696716,0.25097665190696716,1721250,0.0,0.0
2010-09-06 00:00:00+08:00,0.2509766395981768,0.257411926984787,0.2509766395981768,0.257411926984787,2196250,0.0,0.0
2010-09-07 00:00:00+08:00,0.2541943230278937,0.27028255523740696,0.2509766669966482,0.2670648992061615,9483750,0.0,0.0
2010-09-08 00:00:00+08:00,0.26384726714827306,0.27028255523740696,0.26384726714827306,0.2670648992061615,3582500,0.0,0.0
2010-09-09 00:00:00+08:00,0.26706489365829866,0.27028254962270226,0.2638472616672516,0.2638472616672516,2961250,0.0,0.0
2010-09-13 00:00:00+08:00,0.26706484566440314,0.27671781182289124,0.26384721425159263,0.27671781182289124,14728750,0.0,0.0
2010-09-14 00:00:00+08:00,0.2767178483672677,0.2767178483672677,0.2702825367450714,0.2702825367450714,1381250,0.0,0.0
2010-09-15 00:00:00+08:00,0.27028250105056584,0.28315309862186444,0.27028250105056584,0.27671781182289124,12441250,0.0,0.0
2010-09-16 00:00:00+08:00,0.2767178178785761,0.27993544936180115,0.27028250696542055,0.27993544936180115,5005000,0.0,0.0
2010-09-17 00:00:00+08:00,0.2799354892380581,0.3024590326958313,0.2799354892380581,0.29280608892440796,22812500,0.0,0.0
2010-09-20 00:00:00+08:00,0.29602373911760976,0.29602373911760976,0.2863707955327643,0.28958845138549805,3642500,0.0,0.0
2010-09-21 00:00:00+08:00,0.2895884583659446,0.29280609032288274,0.28315314650535583,0.28315314650535583,2923750,0.0,0.0
2010-09-22 00:00:00+08:00,0.28637076027495667,0.2928060472147595,0.27993544936180115,0.27993544936180115,3356250,0.0,0.0
2010-09-23 00:00:00+08:00,0.28315309862186444,0.28315309862186444,0.27350015643672854,0.27671781182289124,1365000,0.0,0.0
2010-09-24 00:00:00+08:00,0.27350018512302365,0.29602372724185866,0.27350018512302365,0.28637078404426575,13406250,0.0,0.0
2010-09-27 00:00:00+08:00,0.2863707955327643,0.29602373911760976,0.2799354838272969,0.28958845138549805,14791250,0.0,0.0
2010-09-28 00:00:00+08:00,0.2928060472147595,0.2992413581279151,0.27993544936180115,0.27993544936180115,19787500,0.0,0.0
2010-09-29 00:00:00+08:00,0.28637076027495667,0.28637076027495667,0.27993544936180115,0.27993544936180115,1871250,0.0,0.0
2010-09-30 00:00:00+08:00,0.27993549057506145,0.28315314650535583,0.2767178586181233,0.28315314650535583,1726250,0.0,0.0
2010-10-01 00:00:00+08:00,0.27993544936180115,0.2831531048183789,0.2767178178785761,0.27993544936180115,1063750,0.0,0.0
2010-10-04 00:00:00+08:00,0.27993549057506145,0.2895884583659446,0.27993549057506145,0.28315314650535583,2576250,0.0,0.0
2010-10-05 00:00:00+08:00,0.2831531048183789,0.2831531048183789,0.27993544936180115,0.27993544936180115,1791250,0.0,0.0
2010-10-06 00:00:00+08:00,0.28315314650535583,0.2863708024356502,0.27993549057506145,0.28315314650535583,1252500,0.0,0.0
2010-10-07 00:00:00+08:00,0.28637076027495667,0.28637076027495667,0.27993544936180115,0.27993544936180115,1177500,0.0,0.0
2010-10-08 00:00:00+08:00,0.27993544936180115,0.28637076027495667,0.27993544936180115,0.27993544936180115,731250,0.0,0.0
2010-10-11 00:00:00+08:00,0.28315314650535583,0.2863708024356502,0.28315314650535583,0.28315314650535583,1523750,0.0,0.0
2010-10-12 00:00:00+08:00,0.28315314650535583,0.2895884583659446,0.28315314650535583,0.28315314650535583,5066250,0.0,0.0
2010-10-13 00:00:00+08:00,0.28637078404426575,0.28958843976791493,0.28315312832061657,0.28637078404426575,2207500,0.0,0.0
2010-10-14 00:00:00+08:00,0.2863708024356502,0.2863708024356502,0.28315314650535583,0.28315314650535583,925000,0.0,0.0
2010-10-15 00:00:00+08:00,0.28315314650535583,0.28315314650535583,0.27993549057506145,0.28315314650535583,1386250,0.0,0.0
2010-10-18 00:00:00+08:00,0.2831531048183789,0.2831531048183789,0.27993544936180115,0.27993544936180115,821250,0.0,0.0
2010-10-19 00:00:00+08:00,0.2799354802050105,0.2799354802050105,0.2606295932851323,0.2702825367450714,3250000,0.0,0.0
2010-10-20 00:00:00+08:00,0.27028250105056584,0.27671781182289124,0.27028250105056584,0.27671781182289124,1232500,0.0,0.0
2010-10-21 00:00:00+08:00,0.27671786003305077,0.27671786003305077,0.2735002040863037,0.2735002040863037,1043750,0.0,0.0
2010-10-22 00:00:00+08:00,0.2702825367450714,0.2735001925561696,0.2702825367450714,0.2702825367450714,383750,0.0,0.0
2010-10-25 00:00:00+08:00,0.27350015643672854,0.27993544323570174,0.27350015643672854,0.27671781182289124,1425000,0.0,0.0
2010-10-26 00:00:00+08:00,0.2799354725969673,0.2928060715182094,0.27671784084667284,0.28637078404426575,12135000,0.0,0.0
2010-10-27 00:00:00+08:00,0.2895884157315345,0.2895884157315345,0.2767178178785761,0.27993544936180115,1848750,0.0,0.0
2010-10-28 00:00:00+08:00,0.28315309862186444,0.28315309862186444,0.27671781182289124,0.27671781182289124,1092500,0.0,0.0
2010-10-29 00:00:00+08:00,0.28315309862186444,0.28315309862186444,0.27671781182289124,0.27671781182289124,1402500,0.0,0.0
2010-11-01 00:00:00+08:00,0.2767178178785761,0.27993544936180115,0.2735001624219983,0.27993544936180115,1566250,0.0,0.0
2010-11-02 00:00:00+08:00,0.27671781182289124,0.27993544323570174,0.27671781182289124,0.27671781182289124,877500,0.0,0.0
2010-11-03 00:00:00+08:00,0.2767178178785761,0.2831531048183789,0.2767178178785761,0.27993544936180115,2281250,0.0,0.0
2010-11-04 00:00:00+08:00,0.28315314650535583,0.2863708024356502,0.27993549057506145,0.28315314650535583,2927500,0.0,0.0
2010-11-08 00:00:00+08:00,0.2899761308708745,0.29338762164115906,0.2899761308708745,0.29338762164115906,2183750,0.02,0.0
2010-11-09 00:00:00+08:00,0.289976078978202,0.29679903388023376,0.289976078978202,0.29679903388023376,3242500,0.0,0.0
2010-11-10 00:00:00+08:00,0.29338761063745145,0.29338761063745145,0.2899761199951172,0.2899761199951172,681250,0.0,0.0
2010-11-11 00:00:00+08:00,0.29338759937175024,0.29338759937175024,0.2865646183490753,0.2865646183490753,2338750,0.0,0.0
2010-11-12 00:00:00+08:00,0.28656460002824585,0.28656460002824585,0.27974164485931396,0.27974164485931396,1291250,0.0,0.0
2010-11-15 00:00:00+08:00,0.2831531278377379,0.2899761088604128,0.2831531278377379,0.2865646183490753,2387500,0.0,0.0
2010-11-16 00:00:00+08:00,0.2865646372416048,0.2865646372416048,0.28315314650535583,0.28315314650535583,1788750,0.0,0.0
2010-11-18 00:00:00+08:00,0.28315312864006914,0.28315312864006914,0.2763301730155945,0.2763301730155945,1322500,0.0,0.0
2010-11-19 00:00:00+08:00,0.2797416826808163,0.2797416826808163,0.272918701171875,0.272918701171875,865000,0.0,0.0
2010-11-22 00:00:00+08:00,0.27633019045039303,0.28315314650535583,0.27633019045039303,0.28315314650535583,1415000,0.0,0.0
2010-11-23 00:00:00+08:00,0.2797416449928836,0.2831531098702125,0.2660957092309723,0.26950719952583313,1951250,0.0,0.0
2010-11-24 00:00:00+08:00,0.2660957092309723,0.27291866440316204,0.2660957092309723,0.26950719952583313,801250,0.0,0.0
2010-11-25 00:00:00+08:00,0.272918701171875,0.272918701171875,0.272918701171875,0.272918701171875,932500,0.0,0.0
2010-11-26 00:00:00+08:00,0.272918671779744,0.272918671779744,0.2626842260360718,0.2626842260360718,1236250,0.0,0.0
2010-11-29 00:00:00+08:00,0.26268426861346356,0.26268426861346356,0.2524498212109327,0.2558613121509552,1057500,0.0,0.0
2010-11-30 00:00:00+08:00,0.25586127109520235,0.2626842264628925,0.25244978070259094,0.25244978070259094,1975000,0.0,0.0
2010-12-01 00:00:00+08:00,0.2524497983477663,0.2626842448234125,0.2524497983477663,0.2592727541923523,3620000,0.0,0.0
2010-12-02 00:00:00+08:00,0.266095745080469,0.272918701171875,0.26268425432599835,0.272918701171875,2596250,0.0,0.0
2010-12-03 00:00:00+08:00,0.272918701171875,0.272918701171875,0.2695072358349397,0.272918701171875,2420000,0.0,0.0
2010-12-06 00:00:00+08:00,0.27633019045039303,0.28315314650535583,0.27633019045039303,0.28315314650535583,2525000,0.0,0.0
2010-12-07 00:00:00+08:00,0.28315314650535583,0.28997612797785377,0.279741681186642,0.28315314650535583,2780000,0.0,0.0
2010-12-08 00:00:00+08:00,0.28315310973501395,0.28315310973501395,0.27974164485931396,0.27974164485931396,1413750,0.0,0.0
2010-12-09 00:00:00+08:00,0.2797416627439339,0.2899761088604128,0.2797416627439339,0.2865646183490753,2278750,0.0,0.0
2010-12-10 00:00:00+08:00,0.28656460002824585,0.28656460002824585,0.27974164485931396,0.27974164485931396,1156250,0.0,0.0
2010-12-13 00:00:00+08:00,0.279741681186642,0.2865646372416048,0.279741681186642,0.28315314650535583,1813750,0.0,0.0
2010-12-14 00:00:00+08:00,0.2831531387104487,0.29338761063745145,0.2831531387104487,0.2899761199951172,4362500,0.0,0.0
2010-12-15 00:00:00+08:00,0.28997612797785377,0.2967990840328165,0.28315314650535583,0.28315314650535583,2131250,0.0,0.0
2010-12-16 00:00:00+08:00,0.28656460002824585,0.28656460002824585,0.27633015456608206,0.27974164485931396,1171250,0.0,0.0
2010-12-17 00:00:00+08:00,0.2797416635365986,0.2797416635365986,0.2763301730155945,0.2763301730155945,578750,0.0,0.0
2010-12-20 00:00:00+08:00,0.27633019192634567,0.27633019192634567,0.2695072358349397,0.272918701171875,1197500,0.0,0.0
2010-12-21 00:00:00+08:00,0.27291866440316204,0.2763301546980228,0.26950719952583313,0.26950719952583313,1327500,0.0,0.0
2010-12-22 00:00:00+08:00,0.272918701171875,0.27633019192634567,0.2695072358349397,0.272918701171875,1176250,0.0,0.0
2010-12-23 00:00:00+08:00,0.272918701171875,0.27633019192634567,0.272918701171875,0.272918701171875,510000,0.0,0.0
2010-12-24 00:00:00+08:00,0.272918701171875,0.27633019192634567,0.272918701171875,0.272918701171875,0,0.0,0.0
2010-12-27 00:00:00+08:00,0.27633015456608206,0.27974164485931396,0.27291866427285016,0.27974164485931396,1601250,0.0,0.0
2010-12-28 00:00:00+08:00,0.279741681186642,0.28997612797785377,0.279741681186642,0.28315314650535583,2613750,0.0,0.0
2010-12-29 00:00:00+08:00,0.286564629352783,0.29338761063745145,0.286564629352783,0.2899761199951172,1556250,0.0,0.0
2010-12-30 00:00:00+08:00,0.2899761088604128,0.29338759937175024,0.2865646183490753,0.2865646183490753,908750,0.0,0.0
2010-12-31 00:00:00+08:00,0.2831531387104487,0.2899761199951172,0.2831531387104487,0.2899761199951172,0,0.0,0.0
2011-01-03 00:00:00+08:00,0.289976078978202,0.3002105240400151,0.289976078978202,0.29679903388023376,3496250,0.0,0.0
2011-01-04 00:00:00+08:00,0.2967990869939082,0.3002105777641928,0.29338762164115906,0.29338762164115906,3133750,0.0,0.0
2011-01-05 00:00:00+08:00,0.29338762164115906,0.2967990869939082,0.29338762164115906,0.29338762164115906,1388750,0.0,0.0
2011-01-06 00:00:00+08:00,0.293387609488191,0.300210565328598,0.28997611885922026,0.300210565328598,1908750,0.0,0.0
2011-01-07 00:00:00+08:00,0.3002105240400151,0.3002105240400151,0.29679903388023376,0.29679903388023376,2516250,0.0,0.0
2011-01-10 00:00:00+08:00,0.2967990869939082,0.3002105777641928,0.2899761308708745,0.29338762164115906,1705000,0.0,0.0
2011-01-11 00:00:00+08:00,0.2899761199951172,0.29338761063745145,0.2899761199951172,0.2899761199951172,785000,0.0,0.0
2011-01-12 00:00:00+08:00,0.2933875691379833,0.29679903388023376,0.289976078978202,0.29679903388023376,1177500,0.0,0.0
2011-01-13 00:00:00+08:00,0.2967990869939082,0.2967990869939082,0.29338762164115906,0.29338762164115906,891250,0.0,0.0
2011-01-14 00:00:00+08:00,0.2967990869939082,0.2967990869939082,0.2899761308708745,0.29338762164115906,772500,0.0,0.0
2011-01-17 00:00:00+08:00,0.2967990758622512,0.2967990758622512,0.2899761199951172,0.2899761199951172,832500,0.0,0.0
2011-01-18 00:00:00+08:00,0.28997612797785377,0.28997612797785377,0.28315314650535583,0.28315314650535583,1821250,0.0,0.0
2011-01-19 00:00:00+08:00,0.28315314650535583,0.2865646372416048,0.28315314650535583,0.28315314650535583,927500,0.0,0.0
2011-01-20 00:00:00+08:00,0.28315314650535583,0.2865646372416048,0.28315314650535583,0.28315314650535583,882500,0.0,0.0
2011-01-21 00:00:00+08:00,0.2865646372416048,0.2865646372416048,0.28315314650535583,0.28315314650535583,805000,0.0,0.0
2011-01-24 00:00:00+08:00,0.28315314650535583,0.28315314650535583,0.279741681186642,0.28315314650535583,467500,0.0,0.0
2011-01-25 00:00:00+08:00,0.28315310973501395,0.28315310973501395,0.27974164485931396,0.27974164485931396,445000,0.0,0.0
2011-01-26 00:00:00+08:00,0.27974164485931396,0.27974164485931396,0.27633015456608206,0.27974164485931396,412500,0.0,0.0
2011-01-27 00:00:00+08:00,0.27974164485931396,0.27974164485931396,0.27974164485931396,0.27974164485931396,101250,0.0,0.0
2011-01-28 00:00:00+08:00,0.28315312864006914,0.28315312864006914,0.2763301730155945,0.2763301730155945,678750,0.0,0.0
2011-01-31 00:00:00+08:00,0.27633019192634567,0.27633019192634567,0.272918701171875,0.272918701171875,297500,0.0,0.0
2011-02-01 00:00:00+08:00,0.2695071993971501,0.27974164485931396,0.2695071993971501,0.27974164485931396,215000,0.0,0.0
2011-02-02 00:00:00+08:00,0.28315310973501395,0.28315310973501395,0.27974164485931396,0.27974164485931396,307500,0.0,0.0
2011-02-07 00:00:00+08:00,0.28315310973501395,0.28315310973501395,0.27974164485931396,0.27974164485931396,546250,0.0,0.0
2011-02-08 00:00:00+08:00,0.27974164485931396,0.28315310973501395,0.27633015456608206,0.27974164485931396,1017500,0.0,0.0
2011-02-09 00:00:00+08:00,0.2797416635365986,0.28315312864006914,0.2763301730155945,0.2763301730155945,227500,0.0,0.0
2011-02-10 00:00:00+08:00,0.28315314650535583,0.2865646372416048,0.279741681186642,0.28315314650535583,1413750,0.0,0.0
2011-02-11 00:00:00+08:00,0.28315310973501395,0.28315310973501395,0.27633015456608206,0.27974164485931396,585000,0.0,0.0
2011-02-14 00:00:00+08:00,0.2797416635365986,0.28315312864006914,0.2763301730155945,0.2763301730155945,437500,0.0,0.0
2011-02-15 00:00:00+08:00,0.2763301546980228,0.2763301546980228,0.26950719952583313,0.26950719952583313,1026250,0.0,0.0
2011-02-16 00:00:00+08:00,0.25586131016148395,0.26609575748443604,0.23539239009804336,0.26609575748443604,12341250,0.0,0.0
2011-02-17 00:00:00+08:00,0.26609571642314006,0.26609571642314006,0.2626842260360718,0.2626842260360718,636250,0.0,0.0
2011-02-18 00:00:00+08:00,0.26609571642314006,0.272918671779744,0.2626842260360718,0.2626842260360718,1392500,0.0,0.0
2011-02-21 00:00:00+08:00,0.2626842260360718,0.26609571642314006,0.25927273564900355,0.2626842260360718,713750,0.0,0.0
2011-02-22 00:00:00+08:00,0.25927275538145594,0.26268424602816226,0.24903830885887146,0.24903830885887146,1123750,0.0,0.0
2011-02-23 00:00:00+08:00,0.24562679991736816,0.25244978070259094,0.24562679991736816,0.25244978070259094,1673750,0.0,0.0
2011-02-24 00:00:00+08:00,0.2524498035157877,0.2524498035157877,0.24562682211399078,0.24562682211399078,435000,0.0,0.0
2011-02-25 00:00:00+08:00,0.24562683933088764,0.2558613121509552,0.24562683933088764,0.2558613121509552,296250,0.0,0.0
2011-02-28 00:00:00+08:00,0.2558612889788265,0.2592727541923523,0.2524497983477663,0.2592727541923523,753750,0.0,0.0
2011-03-01 00:00:00+08:00,0.25927273564900355,0.26609571642314006,0.25586127067946784,0.2626842260360718,392500,0.0,0.0
2011-03-02 00:00:00+08:00,0.2626842448234125,0.2626842448234125,0.2592727541923523,0.2592727541923523,433750,0.0,0.0
2011-03-03 00:00:00+08:00,0.2626842448234125,0.2626842448234125,0.2592727541923523,0.2592727541923523,198750,0.0,0.0
2011-03-04 00:00:00+08:00,0.26609575748443604,0.26609575748443604,0.26609575748443604,0.26609575748443604,203750,0.0,0.0
2011-03-07 00:00:00+08:00,0.26268426657093985,0.26609575748443604,0.26268426657093985,0.26609575748443604,73750,0.0,0.0
2011-03-08 00:00:00+08:00,0.2626842260360718,0.2626842260360718,0.2626842260360718,0.2626842260360718,132500,0.0,0.0
2011-03-09 00:00:00+08:00,0.2626842260360718,0.272918671779744,0.25586127067946784,0.2626842260360718,1077500,0.0,0.0
2011-03-10 00:00:00+08:00,0.2524497983477663,0.2592727541923523,0.2524497983477663,0.2592727541923523,133750,0.0,0.0
2011-03-11 00:00:00+08:00,0.2558612901522841,0.2558612901522841,0.24903830885887146,0.24903830885887146,285000,0.0,0.0
2011-03-14 00:00:00+08:00,0.24903829030997954,0.25244978070259094,0.24903829030997954,0.25244978070259094,140000,0.0,0.0
2011-03-15 00:00:00+08:00,0.24903827901937248,0.24903827901937248,0.23539234348512303,0.23880383372306824,1942500,0.0,0.0
2011-03-16 00:00:00+08:00,0.23880386612972876,0.24562682211399078,0.23880386612972876,0.24562682211399078,520000,0.0,0.0
2011-03-17 00:00:00+08:00,0.23880383372306827,0.23880383372306827,0.23539234348512303,0.23880383372306824,390000,0.0,0.0
2011-03-18 00:00:00+08:00,0.23880383372306827,0.24221532396101347,0.23880383372306827,0.23880383372306824,330000,0.0,0.0
2011-03-21 00:00:00+08:00,0.24562682211399078,0.24903831281488922,0.24562682211399078,0.24562682211399078,178750,0.0,0.0
2011-03-22 00:00:00+08:00,0.24562679991736816,0.25244978070259094,0.24562679991736816,0.25244978070259094,286250,0.0,0.0
2011-03-23 00:00:00+08:00,0.24903830885887146,0.24903830885887146,0.24562681821216514,0.24903830885887146,277500,0.0,0.0
2011-03-24 00:00:00+08:00,0.25244978070259094,0.25586127109520235,0.25244978070259094,0.25244978070259094,470000,0.0,0.0
2011-03-25 00:00:00+08:00,0.2524497983477663,0.2592727541923523,0.2524497983477663,0.2592727541923523,237500,0.0,0.0
2011-03-28 00:00:00+08:00,0.2558613121509552,0.2558613121509552,0.24903833027091016,0.2558613121509552,241250,0.0,0.0
2011-03-29 00:00:00+08:00,0.2558613121509552,0.2558613121509552,0.2524498212109327,0.2558613121509552,15000,0.0,0.0
2011-03-30 00:00:00+08:00,0.25244978070259094,0.2592727360702811,0.25244978070259094,0.25244978070259094,1395000,0.0,0.0
2011-03-31 00:00:00+08:00,0.2558613121509552,0.2558613121509552,0.2524498212109327,0.2558613121509552,16250,0.0,0.0
2011-04-01 00:00:00+08:00,0.2524498212109327,0.25927277767344103,0.2524498212109327,0.2558613121509552,811250,0.0,0.0
2011-04-04 00:00:00+08:00,0.25927277565744367,0.2695072483979322,0.25927277565744367,0.26609575748443604,4142500,0.0,0.0
2011-04-05 00:00:00+08:00,0.26609571642314006,0.26609571642314006,0.25927273564900355,0.2626842260360718,1615000,0.0,0.0
2011-04-06 00:00:00+08:00,0.25927273564900355,0.2626842260360718,0.25927273564900355,0.2626842260360718,576250,0.0,0.0
2011-04-07 00:00:00+08:00,0.2626842260360718,0.26609571642314006,0.2626842260360718,0.2626842260360718,2243750,0.0,0.0
2011-04-08 00:00:00+08:00,0.2626842260360718,0.26609571642314006,0.2626842260360718,0.2626842260360718,1052500,0.0,0.0
2011-04-11 00:00:00+08:00,0.2626842448234125,0.2626842448234125,0.2592727541923523,0.2592727541923523,673750,0.0,0.0
2011-04-12 00:00:00+08:00,0.25927277767344103,0.25927277767344103,0.2524498212109327,0.2558613121509552,695000,0.0,0.0
2011-04-13 00:00:00+08:00,0.2558612889788265,0.2626842448234125,0.2524497983477663,0.2592727541923523,1158750,0.0,0.0
2011-04-14 00:00:00+08:00,0.25927277767344103,0.25927277767344103,0.2558613121509552,0.2558613121509552,367500,0.0,0.0
2011-04-15 00:00:00+08:00,0.25586127109520235,0.25586127109520235,0.25244978070259094,0.25244978070259094,283750,0.0,0.0
2011-04-18 00:00:00+08:00,0.25586127109520235,0.25586127109520235,0.25244978070259094,0.25244978070259094,257500,0.0,0.0
2011-04-19 00:00:00+08:00,0.24903829030997954,0.25586127109520235,0.24562679991736816,0.25244978070259094,626250,0.0,0.0
2011-04-20 00:00:00+08:00,0.2558613121509552,0.2558613121509552,0.2558613121509552,0.2558613121509552,238750,0.0,0.0
2011-04-21 00:00:00+08:00,0.2558613121509552,0.25927277767344103,0.2558613121509552,0.2558613121509552,418750,0.0,0.0
2011-04-25 00:00:00+08:00,0.2592727541923523,0.2626842448234125,0.2558612889788265,0.2592727541923523,860000,0.0,0.0
2011-04-26 00:00:00+08:00,0.2592727360702811,0.2592727360702811,0.25244978070259094,0.25244978070259094,120000,0.0,0.0
2011-04-27 00:00:00+08:00,0.25586127109520235,0.25586127109520235,0.25244978070259094,0.25244978070259094,145000,0.0,0.0
2011-04-28 00:00:00+08:00,0.25586127109520235,0.25586127109520235,0.25244978070259094,0.25244978070259094,425000,0.0,0.0
2011-04-29 00:00:00+08:00,0.24903829030997954,0.25244978070259094,0.24903829030997954,0.25244978070259094,547500,0.0,0.0
2011-05-03 00:00:00+08:00,0.24903830885887146,0.24903830885887146,0.24903830885887146,0.24903830885887146,106250,0.0,0.0
2011-05-04 00:00:00+08:00,0.24903830606973487,0.24903830606973487,0.2422153502702713,0.2422153502702713,487500,0.0,0.0
2011-05-05 00:00:00+08:00,0.24221535298299332,0.24903830885887146,0.24221535298299332,0.24903830885887146,90000,0.0,0.0
2011-05-06 00:00:00+08:00,0.24562682211399078,0.24562682211399078,0.24562682211399078,0.24562682211399078,2500,0.0,0.0
2011-05-09 00:00:00+08:00,0.24903829030997954,0.25244978070259094,0.24903829030997954,0.25244978070259094,152500,0.0,0.0
2011-05-10 00:00:00+08:00,0.25927277767344103,0.25927277767344103,0.24903833027091016,0.2558613121509552,888750,0.0,0.0
2011-05-11 00:00:00+08:00,0.25586127109520235,0.25586127109520235,0.25244978070259094,0.25244978070259094,527500,0.0,0.0
2011-05-12 00:00:00+08:00,0.24903830885887146,0.24903830885887146,0.24903830885887146,0.24903830885887146,61250,0.0,0.0
2011-05-13 00:00:00+08:00,0.2524497995055778,0.2524497995055778,0.24903830885887146,0.24903830885887146,463750,0.0,0.0
2011-05-16 00:00:00+08:00,0.24903829030997954,0.25244978070259094,0.24903829030997954,0.25244978070259094,160000,0.0,0.0
2011-05-18 00:00:00+08:00,0.24562682211399078,0.2524498035157877,0.24562682211399078,0.24562682211399078,421250,0.0,0.0
2011-05-19 00:00:00+08:00,0.24562682211399078,0.24562682211399078,0.24562682211399078,0.24562682211399078,80000,0.0,0.0
2011-05-20 00:00:00+08:00,0.24562681821216514,0.24903830885887146,0.24562681821216514,0.24903830885887146,153750,0.0,0.0
2011-05-23 00:00:00+08:00,0.245626815461236,0.245626815461236,0.2422153502702713,0.2422153502702713,265000,0.0,0.0
2011-05-24 00:00:00+08:00,0.2422153502702713,0.245626815461236,0.2422153502702713,0.2422153502702713,118750,0.0,0.0
2011-05-25 00:00:00+08:00,0.23880383372306827,0.24221532396101347,0.23880383372306827,0.23880383372306824,203750,0.0,0.0
2011-05-26 00:00:00+08:00,0.2422153502702713,0.2422153502702713,0.2422153502702713,0.2422153502702713,15000,0.0,0.0
2011-05-27 00:00:00+08:00,0.24221535683062723,0.24562682211399078,0.24221535683062723,0.24562682211399078,240000,0.0,0.0
2011-05-30 00:00:00+08:00,0.24562682211399078,0.24903831281488922,0.24562682211399078,0.24562682211399078,97500,0.0,0.0
2011-05-31 00:00:00+08:00,0.24562682211399078,0.24562682211399078,0.23880386612972876,0.24562682211399078,387500,0.0,0.0
2011-06-01 00:00:00+08:00,0.245626815461236,0.245626815461236,0.2422153502702713,0.2422153502702713,207500,0.0,0.0
2011-06-02 00:00:00+08:00,0.24221535683062723,0.24562682211399078,0.24221535683062723,0.24562682211399078,305000,0.0,0.0
2011-06-03 00:00:00+08:00,0.2422153502702713,0.2422153502702713,0.2422153502702713,0.2422153502702713,41250,0.0,0.0
2011-06-06 00:00:00+08:00,0.24221535683062723,0.24562682211399078,0.24221535683062723,0.24562682211399078,578750,0.0,0.0
2011-06-07 00:00:00+08:00,0.24562682211399078,0.24562682211399078,0.24562682211399078,0.24562682211399078,215000,0.0,0.0
2011-06-08 00:00:00+08:00,0.245626815461236,0.245626815461236,0.2422153502702713,0.2422153502702713,500000,0.0,0.0
2011-06-09 00:00:00+08:00,0.2422153502702713,0.2422153502702713,0.2422153502702713,0.2422153502702713,115000,0.0,0.0
2011-06-10 00:00:00+08:00,0.24562681821216514,0.24903830885887146,0.24221535298299332,0.24903830885887146,556250,0.0,0.0
2011-06-13 00:00:00+08:00,0.24221535683062723,0.24562682211399078,0.24221535683062723,0.24562682211399078,137500,0.0,0.0
2011-06-14 00:00:00+08:00,0.245626815461236,0.245626815461236,0.2422153502702713,0.2422153502702713,48750,0.0,0.0
2011-06-15 00:00:00+08:00,0.24221532396101347,0.24221532396101347,0.23880383372306827,0.23880383372306824,282500,0.0,0.0
2011-06-16 00:00:00+08:00,0.23880383372306827,0.23880383372306827,0.23539234348512303,0.23880383372306824,218750,0.0,0.0
2011-06-17 00:00:00+08:00,0.23880387610728623,0.23880387610728623,0.23198091983795163,0.23198091983795166,420000,0.0,0.0
2011-06-20 00:00:00+08:00,0.23539238526385095,0.23539238526385095,0.23198091983795163,0.23198091983795166,126250,0.0,0.0
2011-06-21 00:00:00+08:00,0.23539236187934875,0.2388038523838775,0.23539236187934875,0.23539236187934875,195000,0.0,0.0
2011-06-22 00:00:00+08:00,0.2388038523838775,0.2388038523838775,0.23539236187934875,0.23539236187934875,153750,0.0,0.0
2011-06-23 00:00:00+08:00,0.23880383372306827,0.23880383372306827,0.23880383372306827,0.23880383372306824,171250,0.0,0.0
2011-06-24 00:00:00+08:00,0.23880383372306827,0.23880383372306827,0.23880383372306827,0.23880383372306824,82500,0.0,0.0
2011-06-27 00:00:00+08:00,0.23539234348512303,0.23880383372306827,0.23539234348512303,0.23880383372306824,38750,0.0,0.0
2011-06-28 00:00:00+08:00,0.23880383372306827,0.23880383372306827,0.23539234348512303,0.23880383372306824,121250,0.0,0.0
2011-06-29 00:00:00+08:00,0.24903830885887146,0.2524497995055778,0.24562681821216514,0.24903830885887146,976250,0.0,0.0
2011-06-30 00:00:00+08:00,0.24903830885887146,0.2524497995055778,0.24903830885887146,0.24903830885887146,240000,0.0,0.0
2011-07-01 00:00:00+08:00,0.2524497995055778,0.2558612901522841,0.24903830885887146,0.24903830885887146,918750,0.0,0.0
2011-07-04 00:00:00+08:00,0.2524497995055778,0.2524497995055778,0.24903830885887146,0.24903830885887146,225000,0.0,0.0
2011-07-05 00:00:00+08:00,0.24903831281488922,0.24903831281488922,0.24562682211399078,0.24562682211399078,107500,0.0,0.0
2011-07-06 00:00:00+08:00,0.24562681821216514,0.2524497995055778,0.24562681821216514,0.24903830885887146,610000,0.0,0.0
2011-07-07 00:00:00+08:00,0.24903829030997954,0.25244978070259094,0.24903829030997954,0.25244978070259094,342500,0.0,0.0
2011-07-08 00:00:00+08:00,0.25244978070259094,0.25586127109520235,0.25244978070259094,0.25244978070259094,572500,0.0,0.0
2011-07-11 00:00:00+08:00,0.2524497995055778,0.2524497995055778,0.24903830885887146,0.24903830885887146,516250,0.0,0.0
2011-07-12 00:00:00+08:00,0.24221535298299332,0.24903830885887146,0.24221535298299332,0.24903830885887146,361250,0.0,0.0
2011-07-13 00:00:00+08:00,0.24903829030997954,0.25244978070259094,0.24903829030997954,0.25244978070259094,580000,0.0,0.0
2011-07-14 00:00:00+08:00,0.24903829030997954,0.25244978070259094,0.24903829030997954,0.25244978070259094,437500,0.0,0.0
2011-07-15 00:00:00+08:00,0.24903830885887146,0.24903830885887146,0.24903830885887146,0.24903830885887146,148750,0.0,0.0
2011-07-18 00:00:00+08:00,0.24903830885887146,0.24903830885887146,0.24903830885887146,0.24903830885887146,348750,0.0,0.0
2011-07-19 00:00:00+08:00,0.24903831281488922,0.24903831281488922,0.24562682211399078,0.24562682211399078,52500,0.0,0.0
2011-07-20 00:00:00+08:00,0.24903830771670613,0.2592727541923523,0.24903830771670613,0.2592727541923523,1926250,0.0,0.0
2011-07-21 00:00:00+08:00,0.26268426657093985,0.27633020480738807,0.25927277565744367,0.26609575748443604,6546250,0.0,0.0
2011-07-22 00:00:00+08:00,0.26609571642314006,0.26609571642314006,0.25927273564900355,0.2626842260360718,632500,0.0,0.0
2011-07-25 00:00:00+08:00,0.2660957354544727,0.2660957354544727,0.2592727541923523,0.2592727541923523,427500,0.0,0.0
2011-07-26 00:00:00+08:00,0.2558613121509552,0.26268426861346356,0.2558613121509552,0.2558613121509552,1180000,0.0,0.0
2011-07-27 00:00:00+08:00,0.2558612889788265,0.2592727541923523,0.2558612889788265,0.2592727541923523,245000,0.0,0.0
2011-07-28 00:00:00+08:00,0.2558613121509552,0.25927277767344103,0.2524498212109327,0.2558613121509552,435000,0.0,0.0
2011-07-29 00:00:00+08:00,0.25244978070259094,0.25586127109520235,0.25244978070259094,0.25244978070259094,692500,0.0,0.0
2011-08-01 00:00:00+08:00,0.2558613121509552,0.2558613121509552,0.2558613121509552,0.2558613121509552,535000,0.0,0.0
2011-08-02 00:00:00+08:00,0.25244978070259094,0.25244978070259094,0.25244978070259094,0.25244978070259094,303750,0.0,0.0
2011-08-03 00:00:00+08:00,0.24903829030997954,0.25244978070259094,0.24903829030997954,0.25244978070259094,413750,0.0,0.0
2011-08-04 00:00:00+08:00,0.2524497995055778,0.2524497995055778,0.24903830885887146,0.24903830885887146,415000,0.0,0.0
2011-08-05 00:00:00+08:00,0.24221532396101347,0.24221532396101347,0.23198087866470926,0.23880383372306824,980000,0.0,0.0
2011-08-08 00:00:00+08:00,0.23539234340496093,0.23539234340496093,0.20468899481773845,0.21833494305610657,1786250,0.0,0.0
2011-08-10 00:00:00+08:00,0.225157898112142,0.22856938834892548,0.21151196258253965,0.21833494305610657,1203750,0.0,0.0
2011-08-11 00:00:00+08:00,0.21492346978733068,0.21492346978733068,0.19786604267427688,0.20468901097774506,832500,0.0,0.0
2011-08-12 00:00:00+08:00,0.21833497687881256,0.21833497687881256,0.21151199534828402,0.21492348611354828,1000000,0.0,0.0
2011-08-15 00:00:00+08:00,0.21833497687881256,0.21833497687881256,0.21151199534828402,0.21492348611354828,1018750,0.0,0.0
2011-08-16 00:00:00+08:00,0.22174644222654147,0.22174644222654147,0.21492348611354828,0.21492348611354828,540000,0.0,0.0
2011-08-17 00:00:00+08:00,0.21833497687881256,0.22515793299180575,0.21492348611354828,0.21492348611354828,688750,0.0,0.0
2011-08-18 00:00:00+08:00,0.21833494305610657,0.21833494305610657,0.21833494305610657,0.21833494305610657,166250,0.0,0.0
2011-08-19 00:00:00+08:00,0.21151197928121324,0.21151197928121324,0.20468901097774506,0.20468901097774506,832500,0.0,0.0
2011-08-22 00:00:00+08:00,0.2081005172917874,0.21492348611354828,0.2081005172917874,0.21492348611354828,1401250,0.0,0.0
2011-08-23 00:00:00+08:00,0.21492346686909694,0.2285694032907486,0.21492346686909694,0.2285694032907486,3285000,0.0,0.0
2011-08-24 00:00:00+08:00,0.22856941094919028,0.22856941094919028,0.22174642980098724,0.22174642980098724,948750,0.0,0.0
2011-08-25 00:00:00+08:00,0.22174642980098724,0.22174642980098724,0.2183349646444197,0.22174642980098724,507500,0.0,0.0
2011-08-26 00:00:00+08:00,0.22174640787535857,0.22174640787535857,0.21833494305610657,0.21833494305610657,447500,0.0,0.0
2011-08-29 00:00:00+08:00,0.221746426029785,0.22515791654586792,0.221746426029785,0.22515791654586792,418750,0.0,0.0
2011-08-31 00:00:00+08:00,0.2251579381510811,0.23539238526385095,0.2251579381510811,0.23198091983795166,1853750,0.0,0.0
2011-09-01 00:00:00+08:00,0.2319808937505448,0.2319808937505448,0.2285694032907486,0.2285694032907486,331250,0.0,0.0
2011-09-02 00:00:00+08:00,0.22515791654586792,0.22515791654586792,0.221746426029785,0.22515791654586792,185000,0.0,0.0
2011-09-05 00:00:00+08:00,0.22515791654586792,0.22515791654586792,0.221746426029785,0.22515791654586792,360000,0.0,0.0
2011-09-06 00:00:00+08:00,0.22515791654586792,0.22515791654586792,0.22515791654586792,0.22515791654586792,146250,0.0,0.0
2011-09-07 00:00:00+08:00,0.2251579128309524,0.2285694032907486,0.2251579128309524,0.2285694032907486,272500,0.0,0.0
2011-09-08 00:00:00+08:00,0.2285694070619508,0.2285694070619508,0.221746426029785,0.22515791654586792,280000,0.0,0.0
2011-09-09 00:00:00+08:00,0.22515791654586792,0.2285694070619508,0.22515791654586792,0.22515791654586792,45000,0.0,0.0
2011-09-12 00:00:00+08:00,0.22856941094919028,0.22856941094919028,0.2183349646444197,0.22174642980098724,333750,0.0,0.0
2011-09-13 00:00:00+08:00,0.22515792037508878,0.22515792037508878,0.22174642980098724,0.22174642980098724,72500,0.0,0.0
2011-09-14 00:00:00+08:00,0.2251579128309524,0.2285694032907486,0.2251579128309524,0.2285694032907486,366250,0.0,0.0
2011-09-15 00:00:00+08:00,0.2285694032907486,0.2285694032907486,0.2285694032907486,0.2285694032907486,155000,0.0,0.0
2011-09-16 00:00:00+08:00,0.2285694032907486,0.2319808937505448,0.2285694032907486,0.2285694032907486,235000,0.0,0.0
2011-09-19 00:00:00+08:00,0.2251579128309524,0.2285694032907486,0.2251579128309524,0.2285694032907486,81250,0.0,0.0
2011-09-20 00:00:00+08:00,0.2251579381510811,0.23198091983795163,0.2251579381510811,0.23198091983795166,178750,0.0,0.0
2011-09-21 00:00:00+08:00,0.2319808937505448,0.2319808937505448,0.2285694032907486,0.2285694032907486,176250,0.0,0.0
2011-09-22 00:00:00+08:00,0.2285694032907486,0.2285694032907486,0.2251579128309524,0.2285694032907486,431250,0.0,0.0
2011-09-23 00:00:00+08:00,0.2285694070619508,0.2285694070619508,0.22515791654586792,0.22515791654586792,1652500,0.0,0.0
2011-09-26 00:00:00+08:00,0.22174642980098724,0.22174642980098724,0.22174642980098724,0.22174642980098724,972500,0.0,0.0
2011-09-27 00:00:00+08:00,0.22515791654586792,0.22515791654586792,0.221746426029785,0.22515791654586792,491250,0.0,0.0
2011-09-28 00:00:00+08:00,0.22515791654586792,0.22515791654586792,0.22515791654586792,0.22515791654586792,625000,0.0,0.0
2011-09-29 00:00:00+08:00,0.22515791654586792,0.22515791654586792,0.22515791654586792,0.22515791654586792,3750,0.0,0.0
2011-09-30 00:00:00+08:00,0.22515792037508878,0.22515792037508878,0.22174642980098724,0.22174642980098724,93750,0.0,0.0
2011-10-03 00:00:00+08:00,0.2149234528193231,0.21833494305610657,0.2149234528193231,0.21833494305610657,287500,0.0,0.0
2011-10-04 00:00:00+08:00,0.21492345991577094,0.21492345991577094,0.21151196956634521,0.21151196956634521,250000,0.0,0.0
2011-10-05 00:00:00+08:00,0.21151196956634521,0.21492345991577094,0.20468900157625994,0.21151196956634521,473750,0.0,0.0
2011-10-06 00:00:00+08:00,0.21151196956634521,0.21492345991577094,0.21151196956634521,0.21151196956634521,102500,0.0,0.0
2011-10-07 00:00:00+08:00,0.21151197545831693,0.21151197545831693,0.20810049772262573,0.20810049772262573,195000,0.0,0.0
2011-10-10 00:00:00+08:00,0.21151199534828402,0.21492348611354828,0.21151199534828402,0.21492348611354828,325000,0.0,0.0
2011-10-11 00:00:00+08:00,0.21833494305610657,0.21833494305610657,0.21833494305610657,0.21833494305610657,303750,0.0,0.0
2011-10-12 00:00:00+08:00,0.21833494305610657,0.21833494305610657,0.2149234528193231,0.21833494305610657,318750,0.0,0.0
2011-10-13 00:00:00+08:00,0.2183349646444197,0.22174642980098724,0.2183349646444197,0.22174642980098724,106250,0.0,0.0
2011-10-14 00:00:00+08:00,0.22174642237115622,0.2285694032907486,0.21833495732889313,0.2285694032907486,751250,0.0,0.0
2011-10-17 00:00:00+08:00,0.22856942899451638,0.23198091983795163,0.22856942899451638,0.23198091983795166,615000,0.0,0.0
2011-10-18 00:00:00+08:00,0.22515792037508878,0.22515792037508878,0.22174642980098724,0.22174642980098724,196250,0.0,0.0
2011-10-19 00:00:00+08:00,0.22515791654586792,0.22515791654586792,0.22515791654586792,0.22515791654586792,143750,0.0,0.0
2011-10-20 00:00:00+08:00,0.22515791654586792,0.22515791654586792,0.221746426029785,0.22515791654586792,78750,0.0,0.0
2011-10-21 00:00:00+08:00,0.2251579128309524,0.2285694032907486,0.22174642237115622,0.2285694032907486,53750,0.0,0.0
2011-10-24 00:00:00+08:00,0.23198091983795163,0.23198091983795163,0.22856942899451638,0.23198091983795166,353750,0.0,0.0
2011-10-25 00:00:00+08:00,0.2319808937505448,0.2319808937505448,0.2251579128309524,0.2285694032907486,76250,0.0,0.0
2011-10-27 00:00:00+08:00,0.2251579381510811,0.23198091983795163,0.2251579381510811,0.23198091983795166,568750,0.0,0.0
2011-10-28 00:00:00+08:00,0.23198087866470926,0.24221532396101347,0.22856938842676403,0.23880383372306824,1686250,0.0,0.0
2011-10-31 00:00:00+08:00,0.23880383372306827,0.23880383372306827,0.23198087866470926,0.23880383372306824,247500,0.0,0.0
2011-11-01 00:00:00+08:00,0.23880387610728623,0.23880387610728623,0.23198091983795163,0.23198091983795166,527500,0.0,0.0
2011-11-02 00:00:00+08:00,0.23198091983795163,0.23198091983795163,0.22856942899451638,0.23198091983795166,283750,0.0,0.0
2011-11-03 00:00:00+08:00,0.23539238526385095,0.23539238526385095,0.23198091983795163,0.23198091983795166,393750,0.0,0.0
2011-11-04 00:00:00+08:00,0.23566314892613,0.23934536548066954,0.23198090493679047,0.23198090493679047,621250,0.02,0.0
2011-11-08 00:00:00+08:00,0.23566314892613,0.23566314892613,0.2246164306755114,0.23198090493679047,518750,0.0,0.0
2011-11-09 00:00:00+08:00,0.22829863825400024,0.22829863825400024,0.2246164083480835,0.2246164083480835,186250,0.0,0.0
2011-11-10 00:00:00+08:00,0.2209341824054718,0.22461642632346618,0.2209341824054718,0.2209341824054718,270000,0.0,0.0
2011-11-11 00:00:00+08:00,0.2209341647247681,0.22829863825400024,0.2209341647247681,0.2246164083480835,215000,0.0,0.0
2011-11-14 00:00:00+08:00,0.2246164306755114,0.23198090493679047,0.2246164306755114,0.23198090493679047,527500,0.0,0.0
2011-11-15 00:00:00+08:00,0.22829863825400024,0.22829863825400024,0.2246164083480835,0.2246164083480835,192500,0.0,0.0
2011-11-16 00:00:00+08:00,0.22461642632346618,0.22461642632346618,0.2209341824054718,0.2209341824054718,101250,0.0,0.0
2011-11-17 00:00:00+08:00,0.2209341647247681,0.2246164083480835,0.2209341647247681,0.2246164083480835,138750,0.0,0.0
2011-11-18 00:00:00+08:00,0.2246164083480835,0.2246164083480835,0.2246164083480835,0.2246164083480835,148750,0.0,0.0
2011-11-21 00:00:00+08:00,0.2246164083480835,0.2246164083480835,0.2246164083480835,0.2246164083480835,147500,0.0,0.0
2011-11-22 00:00:00+08:00,0.22461640444870262,0.2282986342906952,0.22461640444870262,0.2282986342906952,411250,0.0,0.0
2011-11-23 00:00:00+08:00,0.2282986342906952,0.2319808778500862,0.22093416088931164,0.2282986342906952,635000,0.0,0.0
2011-11-24 00:00:00+08:00,0.2209341824054718,0.2209341824054718,0.21725195220487714,0.2209341824054718,137500,0.0,0.0
2011-11-25 00:00:00+08:00,0.220934171581901,0.220934171581901,0.2172519415616989,0.2172519415616989,203750,0.0,0.0
2011-11-28 00:00:00+08:00,0.2172519415616989,0.2172519415616989,0.2172519415616989,0.2172519415616989,203750,0.0,0.0
2011-11-29 00:00:00+08:00,0.21725194450542087,0.21725194450542087,0.2098874706478304,0.21356970071792603,605000,0.0,0.0
2011-11-30 00:00:00+08:00,0.21356970926771363,0.21356970926771363,0.20252300489779734,0.20620524883270264,730000,0.0,0.0
2011-12-01 00:00:00+08:00,0.21356970926771363,0.21356970926771363,0.20620524883270264,0.20620524883270264,330000,0.0,0.0
2011-12-02 00:00:00+08:00,0.2062052405777348,0.21356970071792603,0.19884076672014434,0.21356970071792603,4523750,0.0,0.0
2011-12-05 00:00:00+08:00,0.21356970491782182,0.21356970491782182,0.20620524463280684,0.20988747477531433,1766250,0.0,0.0
2011-12-06 00:00:00+08:00,0.20620524883270264,0.20988747905020813,0.20620524883270264,0.20620524883270264,181250,0.0,0.0
2011-12-07 00:00:00+08:00,0.2098874706478304,0.21356970071792603,0.2098874706478304,0.21356970071792603,417500,0.0,0.0
2011-12-08 00:00:00+08:00,0.20988747905020813,0.20988747905020813,0.20620524883270264,0.20620524883270264,285000,0.0,0.0
2011-12-09 00:00:00+08:00,0.20988748225374537,0.20988748225374537,0.20252300798892975,0.20252300798892975,302500,0.0,0.0
2011-12-12 00:00:00+08:00,0.20620525198003758,0.20620525198003758,0.20252300798892975,0.20252300798892975,85000,0.0,0.0
2011-12-13 00:00:00+08:00,0.20620525198003758,0.20620525198003758,0.19884077771522193,0.20252300798892975,107500,0.0,0.0
2011-12-14 00:00:00+08:00,0.20620524883270264,0.20988747905020813,0.20252300489779734,0.20620524883270264,355000,0.0,0.0
2011-12-15 00:00:00+08:00,0.20620524883270264,0.20988747905020813,0.20252300489779734,0.20620524883270264,171250,0.0,0.0
2011-12-16 00:00:00+08:00,0.20620524463280684,0.20988747477531433,0.20620524463280684,0.20988747477531433,57500,0.0,0.0
2011-12-19 00:00:00+08:00,0.20620524883270264,0.20620524883270264,0.20620524883270264,0.20620524883270264,63750,0.0,0.0
2011-12-20 00:00:00+08:00,0.20620524883270264,0.20620524883270264,0.20620524883270264,0.20620524883270264,0,0.0,0.0
2011-12-21 00:00:00+08:00,0.20620524883270264,0.20620524883270264,0.20620524883270264,0.20620524883270264,7500,0.0,0.0
2011-12-22 00:00:00+08:00,0.20620524883270264,0.20988747905020813,0.20620524883270264,0.20620524883270264,33750,0.0,0.0
2011-12-23 00:00:00+08:00,0.20620524463280684,0.20988747477531433,0.20620524463280684,0.20988747477531433,57500,0.0,0.0
2011-12-27 00:00:00+08:00,0.20988747477531433,0.21356970491782182,0.20620524463280684,0.20988747477531433,340000,0.0,0.0
2011-12-28 00:00:00+08:00,0.21356970491782182,0.21356970491782182,0.20988747477531433,0.20988747477531433,57500,0.0,0.0
2011-12-29 00:00:00+08:00,0.20620524463280684,0.20988747477531433,0.20620524463280684,0.20988747477531433,52500,0.0,0.0
2011-12-30 00:00:00+08:00,0.2098874706478304,0.21356970071792603,0.2098874706478304,0.21356970071792603,171250,0.0,0.0
2012-01-03 00:00:00+08:00,0.21356969782409774,0.2282986453397043,0.21356969782409774,0.2172519415616989,8892500,0.0,0.0
2012-01-04 00:00:00+08:00,0.22093417457551648,0.22093417457551648,0.21356970071792603,0.21356970071792603,383750,0.0,0.0
2012-01-05 00:00:00+08:00,0.21356970071792603,0.21356970071792603,0.21356970071792603,0.21356970071792603,266250,0.0,0.0
2012-01-06 00:00:00+08:00,0.2098874706478304,0.21356970071792603,0.2062052405777348,0.21356970071792603,661250,0.0,0.0
2012-01-09 00:00:00+08:00,0.21356970926771363,0.21356970926771363,0.20620524883270264,0.20620524883270264,303750,0.0,0.0
2012-01-10 00:00:00+08:00,0.20988747477531433,0.21356970491782182,0.20988747477531433,0.20988747477531433,450000,0.0,0.0
2012-01-11 00:00:00+08:00,0.21356970491782182,0.21356970491782182,0.20988747477531433,0.20988747477531433,480000,0.0,0.0
2012-01-12 00:00:00+08:00,0.2098874706478304,0.21725194450542087,0.2098874706478304,0.21356970071792603,366250,0.0,0.0
2012-01-13 00:00:00+08:00,0.21725194450542087,0.21725194450542087,0.21356970071792603,0.21356970071792603,386250,0.0,0.0
2012-01-16 00:00:00+08:00,0.21356970071792603,0.21356970071792603,0.2098874706478304,0.21356970071792603,265000,0.0,0.0
2012-01-17 00:00:00+08:00,0.21356969782409774,0.2172519415616989,0.21356969782409774,0.2172519415616989,430000,0.0,0.0
2012-01-18 00:00:00+08:00,0.21356970071792603,0.21725194450542087,0.21356970071792603,0.21356970071792603,558750,0.0,0.0
2012-01-19 00:00:00+08:00,0.21356969782409774,0.2172519415616989,0.21356969782409774,0.2172519415616989,435000,0.0,0.0
2012-01-20 00:00:00+08:00,0.2172519415616989,0.2172519415616989,0.2172519415616989,0.2172519415616989,177500,0.0,0.0
2012-01-25 00:00:00+08:00,0.21725195220487714,0.2209341824054718,0.21725195220487714,0.2209341824054718,696250,0.0,0.0
2012-01-26 00:00:00+08:00,0.2209341824054718,0.2209341824054718,0.2209341824054718,0.2209341824054718,260000,0.0,0.0
2012-01-27 00:00:00+08:00,0.2209341647247681,0.22829863825400024,0.2209341647247681,0.2246164083480835,736250,0.0,0.0
2012-01-30 00:00:00+08:00,0.22829865268842534,0.24302760067814302,0.22829865268842534,0.23934535682201385,2566250,0.0,0.0
2012-01-31 00:00:00+08:00,0.2393453365207943,0.2503920671522005,0.2393453365207943,0.24670982360839844,5627500,0.0,0.0
2012-02-01 00:00:00+08:00,0.24302760067814302,0.24302760067814302,0.2356631404006837,0.23934535682201385,717500,0.0,0.0
2012-02-02 00:00:00+08:00,0.24302760067814302,0.2467098445342722,0.23934535682201385,0.23934535682201385,481250,0.0,0.0
2012-02-03 00:00:00+08:00,0.23934535682201385,0.24302760067814302,0.23934535682201385,0.23934535682201385,418750,0.0,0.0
2012-02-06 00:00:00+08:00,0.24302759766578674,0.2503920852867614,0.24302759766578674,0.24302759766578674,1188750,0.0,0.0
2012-02-07 00:00:00+08:00,0.2467098393059132,0.26143878698349,0.2430275955278194,0.26143878698349,2132500,0.0,0.0
2012-02-08 00:00:00+08:00,0.2651210129261017,0.2724855007489375,0.2577565525380653,0.2651210129261017,9437500,0.0,0.0
2012-02-09 00:00:00+08:00,0.2651210129261017,0.2651210129261017,0.2614387964494832,0.2651210129261017,1211250,0.0,0.0
2012-02-10 00:00:00+08:00,0.2614387930222377,0.2614387930222377,0.2540743052959442,0.2540743052959442,1332500,0.0,0.0
2012-02-13 00:00:00+08:00,0.2540742876314173,0.2577565312385559,0.2503920714590759,0.2577565312385559,450000,0.0,0.0
2012-02-14 00:00:00+08:00,0.2540743052959442,0.2540743052959442,0.2503920888675965,0.2540743052959442,218750,0.0,0.0
2012-02-15 00:00:00+08:00,0.24670986499415373,0.2577565700438559,0.24670986499415373,0.2503921091556549,501250,0.0,0.0
2012-02-16 00:00:00+08:00,0.2503920852867614,0.2503920852867614,0.24302759766578674,0.24302759766578674,420000,0.0,0.0
2012-02-17 00:00:00+08:00,0.24670984147627406,0.2503920852867614,0.24302759766578674,0.24302759766578674,587500,0.0,0.0
2012-02-20 00:00:00+08:00,0.2503921091556549,0.2503921091556549,0.2503921091556549,0.2503921091556549,175000,0.0,0.0
2012-02-21 00:00:00+08:00,0.2540742832612059,0.2540742832612059,0.24670982360839844,0.24670982360839844,263750,0.0,0.0
2012-02-22 00:00:00+08:00,0.24670984147627406,0.24670984147627406,0.24302759766578674,0.24302759766578674,53750,0.0,0.0
2012-02-23 00:00:00+08:00,0.24302759766578674,0.24670984147627406,0.24302759766578674,0.24302759766578674,385000,0.0,0.0
2012-02-24 00:00:00+08:00,0.24302758006459638,0.24670982360839844,0.2393453365207943,0.24670982360839844,88750,0.0,0.0
2012-02-27 00:00:00+08:00,0.2503920671522005,0.26143877034881,0.24670982360839844,0.24670982360839844,941250,0.0,0.0
2012-02-28 00:00:00+08:00,0.24670986499415373,0.2503921091556549,0.24670986499415373,0.2503921091556549,96250,0.0,0.0
2012-02-29 00:00:00+08:00,0.2503921091556549,0.2503921091556549,0.24670986499415373,0.2503921091556549,83750,0.0,0.0
2012-03-01 00:00:00+08:00,0.2503920671522005,0.2503920671522005,0.24302758006459638,0.24670982360839844,233750,0.0,0.0
2012-03-02 00:00:00+08:00,0.24302758006459638,0.24670982360839844,0.24302758006459638,0.24670982360839844,398750,0.0,0.0
2012-03-05 00:00:00+08:00,0.2503920852867614,0.2503920852867614,0.24302759766578674,0.24302759766578674,105000,0.0,0.0
2012-03-06 00:00:00+08:00,0.24302760067814302,0.24302760067814302,0.23934535682201385,0.23934535682201385,167500,0.0,0.0
2012-03-07 00:00:00+08:00,0.23934535682201385,0.23934535682201385,0.23198089654455453,0.23934535682201385,626250,0.0,0.0
2012-03-08 00:00:00+08:00,0.23934535682201385,0.23934535682201385,0.23934535682201385,0.23934535682201385,333750,0.0,0.0
2012-03-09 00:00:00+08:00,0.23934535385529943,0.24670984147627406,0.23934535385529943,0.24302759766578674,423750,0.0,0.0
2012-03-12 00:00:00+08:00,0.23934535385529943,0.24302759766578674,0.23934535385529943,0.24302759766578674,323750,0.0,0.0
2012-03-13 00:00:00+08:00,0.24302759766578674,0.2503920852867614,0.23934535385529943,0.24302759766578674,81250,0.0,0.0
2012-03-14 00:00:00+08:00,0.24670986499415373,0.2503921091556549,0.24670986499415373,0.2503921091556549,447500,0.0,0.0
2012-03-15 00:00:00+08:00,0.2503921091556549,0.2503921091556549,0.24670986499415373,0.2503921091556549,373750,0.0,0.0
2012-03-16 00:00:00+08:00,0.24670982360839844,0.24670982360839844,0.24670982360839844,0.24670982360839844,42500,0.0,0.0
2012-03-19 00:00:00+08:00,0.2503920671522005,0.2503920671522005,0.24670982360839844,0.24670982360839844,156250,0.0,0.0
2012-03-20 00:00:00+08:00,0.2503920671522005,0.2503920671522005,0.24670982360839844,0.24670982360839844,85000,0.0,0.0
2012-03-21 00:00:00+08:00,0.24670986499415373,0.2503921091556549,0.24670986499415373,0.2503921091556549,122500,0.0,0.0
2012-03-22 00:00:00+08:00,0.24670982360839844,0.24670982360839844,0.24302758006459638,0.24670982360839844,73750,0.0,0.0
2012-03-23 00:00:00+08:00,0.24302759766578674,0.24302759766578674,0.24302759766578674,0.24302759766578674,122500,0.0,0.0
2012-03-26 00:00:00+08:00,0.24670984147627406,0.24670984147627406,0.24302759766578674,0.24302759766578674,212500,0.0,0.0
2012-03-27 00:00:00+08:00,0.24302762083265259,0.25407432588235473,0.24302762083265259,0.2503921091556549,293750,0.0,0.0
2012-03-28 00:00:00+08:00,0.25407432588235473,0.25407432588235473,0.2503921091556549,0.2503921091556549,868750,0.0,0.0
2012-03-29 00:00:00+08:00,0.2503920671522005,0.2503920671522005,0.24670982360839844,0.24670982360839844,272500,0.0,0.0
2012-03-30 00:00:00+08:00,0.24670986499415373,0.2503921091556549,0.24670986499415373,0.2503921091556549,201250,0.0,0.0
2012-04-02 00:00:00+08:00,0.2503921091556549,0.2503921091556549,0.2503921091556549,0.2503921091556549,241250,0.0,0.0
2012-04-03 00:00:00+08:00,0.2540743052959442,0.25775654915909096,0.2540743052959442,0.2540743052959442,323750,0.0,0.0
2012-04-04 00:00:00+08:00,0.24670986499415373,0.2503921091556549,0.24670986499415373,0.2503921091556549,132500,0.0,0.0
2012-04-05 00:00:00+08:00,0.24670982360839844,0.24670982360839844,0.24670982360839844,0.24670982360839844,13750,0.0,0.0
2012-04-09 00:00:00+08:00,0.24670982360839844,0.2503920671522005,0.24670982360839844,0.24670982360839844,163750,0.0,0.0
2012-04-10 00:00:00+08:00,0.24302758006459638,0.2503920671522005,0.24302758006459638,0.24670982360839844,211250,0.0,0.0
2012-04-11 00:00:00+08:00,0.24670986499415373,0.2503921091556549,0.24302762083265259,0.2503921091556549,655000,0.0,0.0
2012-04-12 00:00:00+08:00,0.2503921091556549,0.25407432588235473,0.24670986499415373,0.2503921091556549,356250,0.0,0.0
2012-04-13 00:00:00+08:00,0.2503920888675965,0.2614387930222377,0.2503920888675965,0.2540743052959442,1061250,0.0,0.0
2012-04-16 00:00:00+08:00,0.2540743052959442,0.25775654915909096,0.2540743052959442,0.2540743052959442,651250,0.0,0.0
2012-04-17 00:00:00+08:00,0.2540742832612059,0.2540742832612059,0.24670982360839844,0.24670982360839844,1071250,0.0,0.0
2012-04-18 00:00:00+08:00,0.2503920888675965,0.2540743052959442,0.24670984500444976,0.2540743052959442,310000,0.0,0.0
2012-04-19 00:00:00+08:00,0.2503921091556549,0.2503921091556549,0.24670986499415373,0.2503921091556549,162500,0.0,0.0
2012-04-20 00:00:00+08:00,0.2503920888675965,0.2540743052959442,0.2503920888675965,0.2540743052959442,431250,0.0,0.0
2012-04-23 00:00:00+08:00,0.2540743052959442,0.2540743052959442,0.24670984500444976,0.2540743052959442,245000,0.0,0.0
2012-04-24 00:00:00+08:00,0.2503920888675965,0.2540743052959442,0.24670984500444976,0.2540743052959442,140000,0.0,0.0
2012-04-25 00:00:00+08:00,0.2503921091556549,0.25407432588235473,0.2503921091556549,0.2503921091556549,301250,0.0,0.0
2012-04-26 00:00:00+08:00,0.25775654915909096,0.25775654915909096,0.2540743052959442,0.2540743052959442,531250,0.0,0.0
2012-04-27 00:00:00+08:00,0.25407432588235473,0.25407432588235473,0.2503921091556549,0.2503921091556549,381250,0.0,0.0
2012-04-30 00:00:00+08:00,0.2503921091556549,0.25407432588235473,0.2503921091556549,0.2503921091556549,247500,0.0,0.0
2012-05-02 00:00:00+08:00,0.2503921091556549,0.25407432588235473,0.2503921091556549,0.2503921091556549,285000,0.0,0.0
2012-05-03 00:00:00+08:00,0.25407432588235473,0.25407432588235473,0.2503921091556549,0.2503921091556549,153750,0.0,0.0
2012-05-04 00:00:00+08:00,0.2503921091556549,0.25407432588235473,0.2503921091556549,0.2503921091556549,218750,0.0,0.0
2012-05-07 00:00:00+08:00,0.2503920671522005,0.2503920671522005,0.24670982360839844,0.24670982360839844,96250,0.0,0.0
2012-05-08 00:00:00+08:00,0.24670986499415373,0.2503921091556549,0.24670986499415373,0.2503921091556549,128750,0.0,0.0
2012-05-09 00:00:00+08:00,0.24670986499415373,0.2503921091556549,0.24670986499415373,0.2503921091556549,160000,0.0,0.0
2012-05-10 00:00:00+08:00,0.24670984147627406,0.24670984147627406,0.24302759766578674,0.24302759766578674,333750,0.0,0.0
2012-05-11 00:00:00+08:00,0.24302759766578674,0.24670984147627406,0.23934535385529943,0.24302759766578674,551250,0.0,0.0
2012-05-14 00:00:00+08:00,0.24670984147627406,0.24670984147627406,0.24302759766578674,0.24302759766578674,151250,0.0,0.0
2012-05-15 00:00:00+08:00,0.24302760067814302,0.24302760067814302,0.23934535682201385,0.23934535682201385,117500,0.0,0.0
2012-05-16 00:00:00+08:00,0.23934535682201385,0.23934535682201385,0.23934535682201385,0.23934535682201385,0,0.0,0.0
2012-05-17 00:00:00+08:00,0.23934535682201385,0.23934535682201385,0.23934535682201385,0.23934535682201385,27500,0.0,0.0
2012-05-18 00:00:00+08:00,0.23566314892613,0.23934536548066954,0.23198090493679047,0.23198090493679047,258750,0.0,0.0
2012-05-21 00:00:00+08:00,0.23198088717204332,0.23566313087940216,0.22461641347472455,0.23566313087940216,202500,0.0,0.0
2012-05-22 00:00:00+08:00,0.23566313087940216,0.2393453471519631,0.23198088717204332,0.23566313087940216,18750,0.0,0.0
2012-05-23 00:00:00+08:00,0.23566313087940216,0.23566313087940216,0.23566313087940216,0.23566313087940216,0,0.0,0.0
2012-05-24 00:00:00+08:00,0.23198088717204332,0.23566313087940216,0.23198088717204332,0.23566313087940216,130000,0.0,0.0
2012-05-25 00:00:00+08:00,0.23566313087940216,0.23566313087940216,0.23566313087940216,0.23566313087940216,10000,0.0,0.0
2012-05-28 00:00:00+08:00,0.23566313087940216,0.23566313087940216,0.23566313087940216,0.23566313087940216,22500,0.0,0.0
2012-05-29 00:00:00+08:00,0.23566313087940216,0.23566313087940216,0.23566313087940216,0.23566313087940216,272500,0.0,0.0
2012-05-30 00:00:00+08:00,0.23566313087940216,0.23566313087940216,0.23566313087940216,0.23566313087940216,336250,0.0,0.0
2012-05-31 00:00:00+08:00,0.23566313087940216,0.23566313087940216,0.23566313087940216,0.23566313087940216,25000,0.0,0.0
2012-06-01 00:00:00+08:00,0.23198090493679047,0.23198090493679047,0.23198090493679047,0.23198090493679047,40000,0.0,0.0
2012-06-04 00:00:00+08:00,0.22829866094745094,0.23198090493679047,0.22829866094745094,0.23198090493679047,22500,0.0,0.0
2012-06-05 00:00:00+08:00,0.2282986342906952,0.2282986342906952,0.2282986342906952,0.2282986342906952,18750,0.0,0.0
2012-06-06 00:00:00+08:00,0.22829866094745094,0.23198090493679047,0.22829866094745094,0.23198090493679047,53750,0.0,0.0
2012-06-07 00:00:00+08:00,0.2319808818773156,0.2319808818773156,0.2246164083480835,0.2246164083480835,200000,0.0,0.0
2012-06-08 00:00:00+08:00,0.2246164083480835,0.2246164083480835,0.2246164083480835,0.2246164083480835,25000,0.0,0.0
2012-06-11 00:00:00+08:00,0.2319808778500862,0.2319808778500862,0.22461640444870262,0.2282986342906952,31250,0.0,0.0
2012-06-12 00:00:00+08:00,0.2282986342906952,0.2282986342906952,0.2282986342906952,0.2282986342906952,0,0.0,0.0
2012-06-13 00:00:00+08:00,0.2282986342906952,0.2282986342906952,0.2282986342906952,0.2282986342906952,0,0.0,0.0
2012-06-14 00:00:00+08:00,0.23198088717204332,0.23566313087940216,0.23198088717204332,0.23566313087940216,101250,0.0,0.0
2012-06-15 00:00:00+08:00,0.22829866094745094,0.23198090493679047,0.22829866094745094,0.23198090493679047,166250,0.0,0.0
2012-06-18 00:00:00+08:00,0.23198090493679047,0.23198090493679047,0.23198090493679047,0.23198090493679047,1250,0.0,0.0
2012-06-19 00:00:00+08:00,0.23566313087940216,0.23566313087940216,0.23566313087940216,0.23566313087940216,62500,0.0,0.0
2012-06-20 00:00:00+08:00,0.23566312140947718,0.23566312140947718,0.2282986342906952,0.2282986342906952,117500,0.0,0.0
2012-06-21 00:00:00+08:00,0.2319808778500862,0.2319808778500862,0.2282986342906952,0.2282986342906952,81250,0.0,0.0
2012-06-22 00:00:00+08:00,0.2282986342906952,0.2282986342906952,0.2282986342906952,0.2282986342906952,0,0.0,0.0
2012-06-25 00:00:00+08:00,0.2282986342906952,0.2319808778500862,0.2282986342906952,0.2282986342906952,38750,0.0,0.0
2012-06-26 00:00:00+08:00,0.2282986342906952,0.2282986342906952,0.22461640444870262,0.2282986342906952,218750,0.0,0.0
2012-06-27 00:00:00+08:00,0.2503920682122443,0.2503920682122443,0.2282986342906952,0.2282986342906952,71250,0.0,0.0
2012-06-28 00:00:00+08:00,0.23198090493679047,0.23198090493679047,0.23198090493679047,0.23198090493679047,25000,0.0,0.0
2012-06-29 00:00:00+08:00,0.23198088717204332,0.23566313087940216,0.23198088717204332,0.23566313087940216,120000,0.0,0.0
2012-07-02 00:00:00+08:00,0.24302758006459638,0.24670982360839844,0.24302758006459638,0.24670982360839844,387500,0.0,0.0
2012-07-03 00:00:00+08:00,0.24670982360839844,0.2503920671522005,0.24670982360839844,0.24670982360839844,165000,0.0,0.0
2012-07-04 00:00:00+08:00,0.24670984147627406,0.24670984147627406,0.24302759766578674,0.24302759766578674,112500,0.0,0.0
2012-07-05 00:00:00+08:00,0.24670986499415373,0.2503921091556549,0.24670986499415373,0.2503921091556549,38750,0.0,0.0
2012-07-06 00:00:00+08:00,0.24670982360839844,0.24670982360839844,0.24670982360839844,0.24670982360839844,67500,0.0,0.0
2012-07-09 00:00:00+08:00,0.24670986499415373,0.2503921091556549,0.24302762083265259,0.2503921091556549,208750,0.0,0.0
2012-07-10 00:00:00+08:00,0.2503920671522005,0.2503920671522005,0.24670982360839844,0.24670982360839844,201250,0.0,0.0
2012-07-11 00:00:00+08:00,0.24670986499415373,0.2503921091556549,0.24670986499415373,0.2503921091556549,495000,0.0,0.0
2012-07-12 00:00:00+08:00,0.24670982360839844,0.24670982360839844,0.24670982360839844,0.24670982360839844,53750,0.0,0.0
2012-07-13 00:00:00+08:00,0.24670982360839844,0.24670982360839844,0.24670982360839844,0.24670982360839844,1250,0.0,0.0
2012-07-16 00:00:00+08:00,0.2503921091556549,0.2503921091556549,0.2503921091556549,0.2503921091556549,25000,0.0,0.0
2012-07-17 00:00:00+08:00,0.24670982360839844,0.24670982360839844,0.24670982360839844,0.24670982360839844,198750,0.0,0.0
2012-07-18 00:00:00+08:00,0.24302759766578674,0.24302759766578674,0.24302759766578674,0.24302759766578674,213750,0.0,0.0
2012-07-19 00:00:00+08:00,0.24302759766578674,0.24302759766578674,0.24302759766578674,0.24302759766578674,301250,0.0,0.0
2012-07-20 00:00:00+08:00,0.24302760067814302,0.2467098445342722,0.2356631404006837,0.23934535682201385,238750,0.0,0.0
2012-07-23 00:00:00+08:00,0.23934535385529943,0.24302759766578674,0.2356631374796108,0.24302759766578674,460000,0.0,0.0
2012-07-24 00:00:00+08:00,0.23566313087940216,0.23566313087940216,0.23566313087940216,0.23566313087940216,37500,0.0,0.0
2012-07-25 00:00:00+08:00,0.2356631204117889,0.24670982360839844,0.2356631204117889,0.24670982360839844,207500,0.0,0.0
2012-07-26 00:00:00+08:00,0.24670983456668083,0.24670983456668083,0.23566313087940216,0.23566313087940216,555000,0.0,0.0
2012-07-27 00:00:00+08:00,0.2393453471519631,0.2393453471519631,0.23566313087940216,0.23566313087940216,170000,0.0,0.0
2012-07-30 00:00:00+08:00,0.23934535385529943,0.24302759766578674,0.23934535385529943,0.24302759766578674,50000,0.0,0.0
2012-07-31 00:00:00+08:00,0.2503920852867614,0.2503920852867614,0.23934535385529943,0.24302759766578674,40000,0.0,0.0
2012-08-01 00:00:00+08:00,0.24302759766578674,0.24302759766578674,0.24302759766578674,0.24302759766578674,61250,0.0,0.0
2012-08-02 00:00:00+08:00,0.24302759766578674,0.24302759766578674,0.24302759766578674,0.24302759766578674,257500,0.0,0.0
2012-08-03 00:00:00+08:00,0.24302759766578674,0.24302759766578674,0.24302759766578674,0.24302759766578674,22500,0.0,0.0
2012-08-06 00:00:00+08:00,0.23934535385529943,0.24302759766578674,0.23934535385529943,0.24302759766578674,218750,0.0,0.0
2012-08-07 00:00:00+08:00,0.24302759766578674,0.24302759766578674,0.24302759766578674,0.24302759766578674,85000,0.0,0.0
2012-08-08 00:00:00+08:00,0.24302762083265259,0.2503921091556549,0.24302762083265259,0.2503921091556549,555000,0.0,0.0
2012-08-10 00:00:00+08:00,0.2503920888675965,0.2540743052959442,0.2503920888675965,0.2540743052959442,506250,0.0,0.0
2012-08-13 00:00:00+08:00,0.2540742876314173,0.2614387748456945,0.2540742876314173,0.2577565312385559,1886250,0.0,0.0
2012-08-14 00:00:00+08:00,0.2577565312385559,0.2577565312385559,0.2540742876314173,0.2577565312385559,846250,0.0,0.0
2012-08-15 00:00:00+08:00,0.2577565700438559,0.2577565700438559,0.2503921091556549,0.2503921091556549,425000,0.0,0.0
2012-08-16 00:00:00+08:00,0.2503920714590759,0.2577565312385559,0.2503920714590759,0.2577565312385559,390000,0.0,0.0
2012-08-17 00:00:00+08:00,0.2577565432053962,0.26143878698349,0.2577565432053962,0.26143878698349,668750,0.0,0.0
2012-08-21 00:00:00+08:00,0.2614387748456945,0.2614387748456945,0.2577565312385559,0.2577565312385559,385000,0.0,0.0
2012-08-22 00:00:00+08:00,0.2540742832612059,0.2540742832612059,0.24670982360839844,0.24670982360839844,1540000,0.0,0.0
2012-08-23 00:00:00+08:00,0.24670982360839844,0.2503920671522005,0.24670982360839844,0.24670982360839844,550000,0.0,0.0
2012-08-24 00:00:00+08:00,0.24670984147627406,0.24670984147627406,0.24302759766578674,0.24302759766578674,378750,0.0,0.0
2012-08-27 00:00:00+08:00,0.24670984147627406,0.24670984147627406,0.24302759766578674,0.24302759766578674,515000,0.0,0.0
2012-08-28 00:00:00+08:00,0.24302759766578674,0.24302759766578674,0.24302759766578674,0.24302759766578674,137500,0.0,0.0
2012-08-29 00:00:00+08:00,0.24302759766578674,0.24302759766578674,0.24302759766578674,0.24302759766578674,147500,0.0,0.0
2012-08-30 00:00:00+08:00,0.24302759766578674,0.24302759766578674,0.24302759766578674,0.24302759766578674,101250,0.0,0.0
2012-08-31 00:00:00+08:00,0.24302759766578674,0.24302759766578674,0.24302759766578674,0.24302759766578674,151250,0.0,0.0
2012-09-03 00:00:00+08:00,0.24302760067814302,0.24302760067814302,0.23934535682201385,0.23934535682201385,243750,0.0,0.0
2012-09-04 00:00:00+08:00,0.24302759766578674,0.24302759766578674,0.24302759766578674,0.24302759766578674,302500,0.0,0.0
2012-09-05 00:00:00+08:00,0.24302760067814302,0.24302760067814302,0.23934535682201385,0.23934535682201385,75000,0.0,0.0
2012-09-06 00:00:00+08:00,0.23934535385529943,0.24670984147627406,0.23934535385529943,0.24302759766578674,218750,0.0,0.0
2012-09-07 00:00:00+08:00,0.24302758006459638,0.24670982360839844,0.24302758006459638,0.24670982360839844,138750,0.0,0.0
2012-09-10 00:00:00+08:00,0.24670986499415373,0.2503921091556549,0.24670986499415373,0.2503921091556549,121250,0.0,0.0
2012-09-11 00:00:00+08:00,0.2503921091556549,0.2503921091556549,0.2503921091556549,0.2503921091556549,412500,0.0,0.0
2012-09-12 00:00:00+08:00,0.2503920671522005,0.2503920671522005,0.24670982360839844,0.24670982360839844,130000,0.0,0.0
2012-09-13 00:00:00+08:00,0.2503921091556549,0.2503921091556549,0.2503921091556549,0.2503921091556549,101250,0.0,0.0
2012-09-14 00:00:00+08:00,0.25407432588235473,0.25407432588235473,0.2503921091556549,0.2503921091556549,1233750,0.0,0.0
2012-09-17 00:00:00+08:00,0.2503921091556549,0.2503921091556549,0.2503921091556549,0.2503921091556549,251250,0.0,0.0
2012-09-18 00:00:00+08:00,0.2540743052959442,0.2540743052959442,0.2540743052959442,0.2540743052959442,331250,0.0,0.0
2012-09-19 00:00:00+08:00,0.2540742876314173,0.2577565312385559,0.2540742876314173,0.2577565312385559,610000,0.0,0.0
2012-09-20 00:00:00+08:00,0.2577565700438559,0.2577565700438559,0.24670986499415373,0.2503921091556549,416250,0.0,0.0
2012-09-21 00:00:00+08:00,0.2503921091556549,0.25407432588235473,0.2503921091556549,0.2503921091556549,40000,0.0,0.0
2012-09-24 00:00:00+08:00,0.25407432588235473,0.25407432588235473,0.2503921091556549,0.2503921091556549,463750,0.0,0.0
2012-09-25 00:00:00+08:00,0.250392083084007,0.26143878698349,0.2467098393059132,0.26143878698349,862500,0.0,0.0
2012-09-26 00:00:00+08:00,0.2577565312385559,0.2688032346251745,0.2577565312385559,0.2577565312385559,5193750,0.0,0.0
2012-09-27 00:00:00+08:00,0.2577565432053962,0.26512100332678534,0.2577565432053962,0.26143878698349,190000,0.0,0.0
2012-09-28 00:00:00+08:00,0.26143878698349,0.26143878698349,0.26143878698349,0.26143878698349,147500,0.0,0.0
2012-10-01 00:00:00+08:00,0.26143878698349,0.26143878698349,0.26143878698349,0.26143878698349,38750,0.0,0.0
2012-10-02 00:00:00+08:00,0.2614387748456945,0.2614387748456945,0.2577565312385559,0.2577565312385559,213750,0.0,0.0
2012-10-03 00:00:00+08:00,0.2577565700438559,0.2577565700438559,0.2503921091556549,0.2503921091556549,558750,0.0,0.0
2012-10-04 00:00:00+08:00,0.2503921091556549,0.2503921091556549,0.24670986499415373,0.2503921091556549,283750,0.0,0.0
2012-10-05 00:00:00+08:00,0.2503921091556549,0.2503921091556549,0.2503921091556549,0.2503921091556549,12500,0.0,0.0
2012-10-08 00:00:00+08:00,0.2503921091556549,0.25407432588235473,0.2503921091556549,0.2503921091556549,156250,0.0,0.0
2012-10-09 00:00:00+08:00,0.2503921091556549,0.2503921091556549,0.2503921091556549,0.2503921091556549,56250,0.0,0.0
2012-10-10 00:00:00+08:00,0.2503921091556549,0.25407432588235473,0.2503921091556549,0.2503921091556549,126250,0.0,0.0
2012-10-11 00:00:00+08:00,0.2503921091556549,0.2503921091556549,0.2503921091556549,0.2503921091556549,25000,0.0,0.0
2012-10-12 00:00:00+08:00,0.2503921091556549,0.2503921091556549,0.2503921091556549,0.2503921091556549,170000,0.0,0.0
2012-10-15 00:00:00+08:00,0.2503921091556549,0.2503921091556549,0.2503921091556549,0.2503921091556549,388750,0.0,0.0
2012-10-16 00:00:00+08:00,0.2503921091556549,0.2503921091556549,0.2503921091556549,0.2503921091556549,700000,0.0,0.0
2012-10-17 00:00:00+08:00,0.2540742832612059,0.2540742832612059,0.24670982360839844,0.24670982360839844,520000,0.0,0.0
2012-10-18 00:00:00+08:00,0.24670982360839844,0.24670982360839844,0.24670982360839844,0.24670982360839844,645000,0.0,0.0
2012-10-19 00:00:00+08:00,0.24670984147627406,0.24670984147627406,0.24302759766578674,0.24302759766578674,690000,0.0,0.0
2012-10-22 00:00:00+08:00,0.23934535682201385,0.23934535682201385,0.23934535682201385,0.23934535682201385,932500,0.0,0.0
2012-10-23 00:00:00+08:00,0.23934535682201385,0.23934535682201385,0.23934535682201385,0.23934535682201385,618750,0.0,0.0
2012-10-24 00:00:00+08:00,0.23934535682201385,0.23934535682201385,0.23934535682201385,0.23934535682201385,518750,0.0,0.0
2012-10-25 00:00:00+08:00,0.2393453471519631,0.2393453471519631,0.23566313087940216,0.23566313087940216,512500,0.0,0.0
2012-10-29 00:00:00+08:00,0.23566314892613,0.23566314892613,0.23198090493679047,0.23198090493679047,242500,0.0,0.0
2012-10-30 00:00:00+08:00,0.23566314892613,0.23934536548066954,0.23198090493679047,0.23198090493679047,402500,0.0,0.0
2012-10-31 00:00:00+08:00,0.2356631404006837,0.23934535682201385,0.2356631404006837,0.23934535682201385,46250,0.0,0.0
2012-11-01 00:00:00+08:00,0.23934535682201385,0.23934535682201385,0.23934535682201385,0.23934535682201385,0,0.0,0.0
2012-11-02 00:00:00+08:00,0.23934535682201385,0.23934535682201385,0.23934535682201385,0.23934535682201385,13750,0.0,0.0
2012-11-05 00:00:00+08:00,0.24891917407512665,0.24891917407512665,0.24891917407512665,0.24891917407512665,0,0.01,0.0
2012-11-06 00:00:00+08:00,0.24891917407512665,0.24891917407512665,0.24891917407512665,0.24891917407512665,0,0.0,0.0
2012-11-07 00:00:00+08:00,0.237430602312088,0.237430602312088,0.237430602312088,0.237430602312088,33750,0.0,0.0
2012-11-08 00:00:00+08:00,0.23743059771796698,0.24508966490394155,0.23360107839107513,0.23360107839107513,113750,0.0,0.0
2012-11-09 00:00:00+08:00,0.22977154479808784,0.23360107839107513,0.22977154479808784,0.23360107839107513,53750,0.0,0.0
2012-11-12 00:00:00+08:00,0.22977155447006226,0.22977155447006226,0.22977155447006226,0.22977155447006226,12500,0.0,0.0
2012-11-14 00:00:00+08:00,0.22977155447006226,0.22977155447006226,0.22977155447006226,0.22977155447006226,325000,0.0,0.0
2012-11-15 00:00:00+08:00,0.22977155548830525,0.22977155548830525,0.21828298270702362,0.21828298270702362,703750,0.0,0.0
2012-11-16 00:00:00+08:00,0.22211250221208545,0.22211250221208545,0.21828298270702362,0.21828298270702362,343750,0.0,0.0
2012-11-19 00:00:00+08:00,0.21828297821221646,0.21828297821221646,0.21062392509370922,0.21445345878601074,1160000,0.0,0.0
2012-11-20 00:00:00+08:00,0.21445345878601074,0.21445345878601074,0.21445345878601074,0.21445345878601074,338750,0.0,0.0
2012-11-21 00:00:00+08:00,0.21062393046790315,0.21062393046790315,0.20679441094398499,0.20679441094398499,1223750,0.0,0.0
2012-11-22 00:00:00+08:00,0.21062391996383667,0.2144534535628676,0.21062391996383667,0.21062391996383667,426250,0.0,0.0
2012-11-23 00:00:00+08:00,0.21445345878601074,0.21445345878601074,0.21445345878601074,0.21445345878601074,55000,0.0,0.0
2012-11-26 00:00:00+08:00,0.21828297821221646,0.21828297821221646,0.21445345878601074,0.21445345878601074,71250,0.0,0.0
2012-11-27 00:00:00+08:00,0.21445345878601074,0.21445345878601074,0.21445345878601074,0.21445345878601074,35000,0.0,0.0
2012-11-28 00:00:00+08:00,0.21445345878601074,0.21445345878601074,0.21445345878601074,0.21445345878601074,316250,0.0,0.0
2012-11-29 00:00:00+08:00,0.21828298270702362,0.21828298270702362,0.21445346320196176,0.21828298270702362,456250,0.0,0.0
2012-11-30 00:00:00+08:00,0.21828298270702362,0.21828298270702362,0.21445346320196176,0.21828298270702362,425000,0.0,0.0
2012-12-03 00:00:00+08:00,0.21445346320196176,0.21828298270702362,0.21445346320196176,0.21828298270702362,50000,0.0,0.0
2012-12-04 00:00:00+08:00,0.21828297821221646,0.21828297821221646,0.21062392509370922,0.21445345878601074,75000,0.0,0.0
2012-12-05 00:00:00+08:00,0.21828298270702362,0.21828298270702362,0.21828298270702362,0.21828298270702362,112500,0.0,0.0
2012-12-06 00:00:00+08:00,0.21828298270702362,0.21828298270702362,0.21828298270702362,0.21828298270702362,100000,0.0,0.0
2012-12-07 00:00:00+08:00,0.21445346320196176,0.21828298270702362,0.21445346320196176,0.21828298270702362,62500,0.0,0.0
2012-12-10 00:00:00+08:00,0.2182829774570396,0.22594203054904938,0.2182829774570396,0.22594203054904938,295000,0.0,0.0
2012-12-11 00:00:00+08:00,0.22594203054904938,0.22594203054904938,0.22594203054904938,0.22594203054904938,0,0.0,0.0
2012-12-12 00:00:00+08:00,0.22594203054904938,0.22594203054904938,0.22594203054904938,0.22594203054904938,330000,0.0,0.0
2012-12-13 00:00:00+08:00,0.2297715499620064,0.23360108364105917,0.22594203054904938,0.22594203054904938,892500,0.0,0.0
2012-12-14 00:00:00+08:00,0.2221124917268753,0.2259420253172534,0.2221124917268753,0.2221124917268753,25000,0.0,0.0
2012-12-17 00:00:00+08:00,0.2221124917268753,0.2259420253172534,0.2221124917268753,0.2221124917268753,106250,0.0,0.0
2012-12-18 00:00:00+08:00,0.22594203054904938,0.22594203054904938,0.22594203054904938,0.22594203054904938,98750,0.0,0.0
2012-12-19 00:00:00+08:00,0.2297715499620064,0.2297715499620064,0.22594203054904938,0.22594203054904938,25000,0.0,0.0
2012-12-20 00:00:00+08:00,0.2259420349819711,0.22977155447006226,0.2259420349819711,0.22977155447006226,41250,0.0,0.0
2012-12-21 00:00:00+08:00,0.22977155447006226,0.22977155447006226,0.22977155447006226,0.22977155447006226,12500,0.0,0.0
2012-12-24 00:00:00+08:00,0.22977155447006226,0.22977155447006226,0.22977155447006226,0.22977155447006226,0,0.0,0.0
2012-12-26 00:00:00+08:00,0.22977153097012526,0.24508965015411377,0.22977153097012526,0.24508965015411377,846250,0.0,0.0
2012-12-27 00:00:00+08:00,0.24508966964626033,0.24508966964626033,0.237430602312088,0.237430602312088,218750,0.0,0.0
2012-12-28 00:00:00+08:00,0.24126014113426208,0.24126014113426208,0.237430607385349,0.24126014113426208,436250,0.0,0.0
2012-12-31 00:00:00+08:00,0.24126014113426208,0.24126014113426208,0.24126014113426208,0.24126014113426208,302500,0.0,0.0
2013-01-02 00:00:00+08:00,0.24891917407512665,0.24891917407512665,0.24508966895109383,0.24891917407512665,560000,0.0,0.0
2013-01-03 00:00:00+08:00,0.2489191800998963,0.2489191800998963,0.24126014113426208,0.24126014113426208,353750,0.0,0.0
2013-01-04 00:00:00+08:00,0.24126014113426208,0.24126014113426208,0.24126014113426208,0.24126014113426208,218750,0.0,0.0
2013-01-07 00:00:00+08:00,0.24126014113426208,0.24126014113426208,0.237430607385349,0.24126014113426208,291250,0.0,0.0
2013-01-08 00:00:00+08:00,0.237430602312088,0.24126013597917417,0.22977154924401139,0.237430602312088,367500,0.0,0.0
2013-01-09 00:00:00+08:00,0.23360107839107513,0.23743059771796698,0.22977154479808784,0.23360107839107513,887500,0.0,0.0
2013-01-10 00:00:00+08:00,0.23360107839107513,0.23743059771796698,0.23360107839107513,0.23360107839107513,267500,0.0,0.0
2013-01-11 00:00:00+08:00,0.237430607385349,0.24126014113426208,0.237430607385349,0.24126014113426208,355000,0.0,0.0
2013-01-14 00:00:00+08:00,0.24126013597917417,0.24126013597917417,0.237430602312088,0.237430602312088,152500,0.0,0.0
2013-01-15 00:00:00+08:00,0.237430602312088,0.237430602312088,0.237430602312088,0.237430602312088,162500,0.0,0.0
2013-01-16 00:00:00+08:00,0.237430602312088,0.237430602312088,0.237430602312088,0.237430602312088,272500,0.0,0.0
2013-01-17 00:00:00+08:00,0.23360107839107513,0.23743059771796698,0.23360107839107513,0.23360107839107513,62500,0.0,0.0
2013-01-18 00:00:00+08:00,0.23360108291109755,0.237430602312088,0.22977154924401139,0.237430602312088,332500,0.0,0.0
2013-01-21 00:00:00+08:00,0.23360108291109755,0.237430602312088,0.23360108291109755,0.237430602312088,31250,0.0,0.0
2013-01-22 00:00:00+08:00,0.23360108790253187,0.2450896748831752,0.22977155415361875,0.24126014113426208,1230000,0.0,0.0
2013-01-23 00:00:00+08:00,0.24508966895109383,0.25274870773135083,0.24508966895109383,0.24891917407512665,4016250,0.0,0.0
2013-01-24 00:00:00+08:00,0.24508965015411377,0.24508965015411377,0.241260116791593,0.24508965015411377,311250,0.0,0.0
2013-01-25 00:00:00+08:00,0.24126014113426208,0.24126014113426208,0.24126014113426208,0.24126014113426208,402500,0.0,0.0
2013-01-28 00:00:00+08:00,0.237430607385349,0.2450896748831752,0.237430607385349,0.24126014113426208,797500,0.0,0.0
2013-01-29 00:00:00+08:00,0.237430607385349,0.24126014113426208,0.237430607385349,0.24126014113426208,228750,0.0,0.0
2013-01-30 00:00:00+08:00,0.24126014113426208,0.2450896748831752,0.24126014113426208,0.24126014113426208,713750,0.0,0.0
2013-01-31 00:00:00+08:00,0.2450896748831752,0.2450896748831752,0.24126014113426208,0.24126014113426208,922500,0.0,0.0
2013-02-01 00:00:00+08:00,0.24508965015411377,0.2489191549844454,0.241260116791593,0.24508965015411377,662500,0.0,0.0
2013-02-04 00:00:00+08:00,0.2489191549844454,0.2489191549844454,0.241260116791593,0.24508965015411377,262500,0.0,0.0
2013-02-05 00:00:00+08:00,0.24126014113426208,0.24126014113426208,0.24126014113426208,0.24126014113426208,201250,0.0,0.0
2013-02-06 00:00:00+08:00,0.2259420253172534,0.22977154464153607,0.2221124917268753,0.2221124917268753,3332500,0.0,0.0
2013-02-07 00:00:00+08:00,0.2259420359832434,0.2259420359832434,0.21445346320196176,0.21828298270702362,3003750,0.0,0.0
2013-02-08 00:00:00+08:00,0.2221124917268753,0.2221124917268753,0.21828297240259265,0.2221124917268753,1783750,0.0,0.0
2013-02-13 00:00:00+08:00,0.2221124917268753,0.2221124917268753,0.2221124917268753,0.2221124917268753,275000,0.0,0.0
2013-02-14 00:00:00+08:00,0.2221124917268753,0.2221124917268753,0.21828297240259265,0.2221124917268753,218750,0.0,0.0
2013-02-15 00:00:00+08:00,0.22211250221208545,0.22211250221208545,0.21828298270702362,0.21828298270702362,1237500,0.0,0.0
2013-02-18 00:00:00+08:00,0.21828298270702362,0.21828298270702362,0.21445346320196176,0.21828298270702362,1840000,0.0,0.0
2013-02-19 00:00:00+08:00,0.21828298270702362,0.21828298270702362,0.21828298270702362,0.21828298270702362,701250,0.0,0.0
2013-02-20 00:00:00+08:00,0.2182829774570396,0.22594203054904938,0.21445345804408258,0.22594203054904938,1266250,0.0,0.0
2013-02-21 00:00:00+08:00,0.22211250221208545,0.22211250221208545,0.21828298270702362,0.21828298270702362,540000,0.0,0.0
2013-02-22 00:00:00+08:00,0.21828298270702362,0.21828298270702362,0.21445346320196176,0.21828298270702362,512500,0.0,0.0
2013-02-25 00:00:00+08:00,0.21828298270702362,0.21828298270702362,0.21445346320196176,0.21828298270702362,350000,0.0,0.0
2013-02-26 00:00:00+08:00,0.21828298270702362,0.21828298270702362,0.21445346320196176,0.21828298270702362,541250,0.0,0.0
2013-02-27 00:00:00+08:00,0.21445345878601074,0.21828297821221646,0.21445345878601074,0.21445345878601074,396250,0.0,0.0
2013-02-28 00:00:00+08:00,0.21445346320196176,0.21828298270702362,0.21445346320196176,0.21828298270702362,770000,0.0,0.0
2013-03-01 00:00:00+08:00,0.21828297821221646,0.21828297821221646,0.21445345878601074,0.21445345878601074,391250,0.0,0.0
2013-03-04 00:00:00+08:00,0.2144534535628676,0.2144534535628676,0.2067944006309012,0.21062391996383667,821250,0.0,0.0
2013-03-05 00:00:00+08:00,0.21062391996383667,0.2144534535628676,0.21062391996383667,0.21062391996383667,510000,0.0,0.0
2013-03-06 00:00:00+08:00,0.21062391996383667,0.21062391996383667,0.21062391996383667,0.21062391996383667,902500,0.0,0.0
2013-03-07 00:00:00+08:00,0.20679441094398499,0.21062393046790315,0.20679441094398499,0.20679441094398499,342500,0.0,0.0
2013-03-08 00:00:00+08:00,0.20679441094398499,0.21062393046790315,0.20679441094398499,0.20679441094398499,571250,0.0,0.0
2013-03-11 00:00:00+08:00,0.20679440581687863,0.20679440581687863,0.2029648721218109,0.2029648721218109,540000,0.0,0.0
2013-03-12 00:00:00+08:00,0.2029648675433847,0.2029648675433847,0.19913534820079803,0.19913534820079803,888750,0.0,0.0
2013-03-13 00:00:00+08:00,0.20679440581687863,0.20679440581687863,0.2029648721218109,0.2029648721218109,177500,0.0,0.0
2013-03-14 00:00:00+08:00,0.2029648721218109,0.2029648721218109,0.2029648721218109,0.2029648721218109,257500,0.0,0.0
2013-03-15 00:00:00+08:00,0.20679440581687863,0.20679440581687863,0.2029648721218109,0.2029648721218109,187500,0.0,0.0
2013-03-18 00:00:00+08:00,0.199135352692839,0.2029648721218109,0.199135352692839,0.2029648721218109,98750,0.0,0.0
2013-03-19 00:00:00+08:00,0.2029648721218109,0.2029648721218109,0.2029648721218109,0.2029648721218109,217500,0.0,0.0
2013-03-20 00:00:00+08:00,0.2029648721218109,0.2029648721218109,0.199135352692839,0.2029648721218109,126250,0.0,0.0
2013-03-21 00:00:00+08:00,0.2029648721218109,0.2029648721218109,0.2029648721218109,0.2029648721218109,218750,0.0,0.0
2013-03-22 00:00:00+08:00,0.2029648721218109,0.2029648721218109,0.2029648721218109,0.2029648721218109,0,0.0,0.0
2013-03-25 00:00:00+08:00,0.2029648721218109,0.2029648721218109,0.199135352692839,0.2029648721218109,552500,0.0,0.0
2013-03-26 00:00:00+08:00,0.2029648675433847,0.2029648675433847,0.19913534820079803,0.19913534820079803,1241250,0.0,0.0
2013-03-27 00:00:00+08:00,0.199135352692839,0.2029648721218109,0.199135352692839,0.2029648721218109,231250,0.0,0.0
2013-03-28 00:00:00+08:00,0.20296487715397066,0.20679441094398499,0.20296487715397066,0.20679441094398499,307500,0.0,0.0
2013-04-01 00:00:00+08:00,0.2029648721218109,0.20679440581687863,0.2029648721218109,0.2029648721218109,250000,0.0,0.0
2013-04-02 00:00:00+08:00,0.20296487715397066,0.21062393046790315,0.20296487715397066,0.20679441094398499,702500,0.0,0.0
2013-04-03 00:00:00+08:00,0.20679441094398499,0.20679441094398499,0.20679441094398499,0.20679441094398499,185000,0.0,0.0
2013-04-04 00:00:00+08:00,0.20679440581687863,0.20679440581687863,0.2029648721218109,0.2029648721218109,47500,0.0,0.0
2013-04-05 00:00:00+08:00,0.20679441094398499,0.20679441094398499,0.20679441094398499,0.20679441094398499,25000,0.0,0.0
2013-04-08 00:00:00+08:00,0.2029648721218109,0.2029648721218109,0.2029648721218109,0.2029648721218109,80000,0.0,0.0
2013-04-09 00:00:00+08:00,0.2029648721218109,0.2029648721218109,0.2029648721218109,0.2029648721218109,211250,0.0,0.0
2013-04-10 00:00:00+08:00,0.2029648721218109,0.20679440581687863,0.2029648721218109,0.2029648721218109,176250,0.0,0.0
2013-04-11 00:00:00+08:00,0.20679440581687863,0.21062392524585055,0.2029648721218109,0.2029648721218109,43750,0.0,0.0
2013-04-12 00:00:00+08:00,0.2029648721218109,0.2029648721218109,0.2029648721218109,0.2029648721218109,0,0.0,0.0
2013-04-15 00:00:00+08:00,0.2029648721218109,0.2029648721218109,0.2029648721218109,0.2029648721218109,6250,0.0,0.0
2013-04-16 00:00:00+08:00,0.19913534820079803,0.19913534820079803,0.19913534820079803,0.19913534820079803,260000,0.0,0.0
2013-04-17 00:00:00+08:00,0.2029648675433847,0.2029648675433847,0.19913534820079803,0.19913534820079803,128750,0.0,0.0
2013-04-18 00:00:00+08:00,0.20679441094398499,0.20679441094398499,0.20679441094398499,0.20679441094398499,20000,0.0,0.0
2013-04-19 00:00:00+08:00,0.20679441094398499,0.20679441094398499,0.19913535763005247,0.20679441094398499,66250,0.0,0.0
2013-04-22 00:00:00+08:00,0.20679441094398499,0.20679441094398499,0.20296487715397066,0.20679441094398499,137500,0.0,0.0
2013-04-23 00:00:00+08:00,0.20296487715397066,0.20679441094398499,0.20296487715397066,0.20679441094398499,18750,0.0,0.0
2013-04-24 00:00:00+08:00,0.2029648721218109,0.2029648721218109,0.2029648721218109,0.2029648721218109,8750,0.0,0.0
2013-04-25 00:00:00+08:00,0.2029648721218109,0.2029648721218109,0.2029648721218109,0.2029648721218109,32500,0.0,0.0
2013-04-26 00:00:00+08:00,0.2029648675433847,0.2029648675433847,0.19913534820079803,0.19913534820079803,113750,0.0,0.0
2013-04-29 00:00:00+08:00,0.19913534820079803,0.19913534820079803,0.19913534820079803,0.19913534820079803,91250,0.0,0.0
2013-04-30 00:00:00+08:00,0.199135352692839,0.2029648721218109,0.199135352692839,0.2029648721218109,150000,0.0,0.0
2013-05-02 00:00:00+08:00,0.19913534820079803,0.2029648675433847,0.19913534820079803,0.19913534820079803,170000,0.0,0.0
2013-05-03 00:00:00+08:00,0.2029648721218109,0.2029648721218109,0.2029648721218109,0.2029648721218109,0,0.0,0.0
2013-05-06 00:00:00+08:00,0.199135352692839,0.2029648721218109,0.199135352692839,0.2029648721218109,62500,0.0,0.0
2013-05-07 00:00:00+08:00,0.2029648670318703,0.21062391996383667,0.2029648670318703,0.21062391996383667,921250,0.0,0.0
2013-05-08 00:00:00+08:00,0.19913534820079803,0.2029648675433847,0.19530581459211588,0.19913534820079803,868750,0.0,0.0
2013-05-09 00:00:00+08:00,0.19913534288508059,0.20296486212544207,0.19530580937862396,0.19530580937862396,760000,0.0,0.0
2013-05-10 00:00:00+08:00,0.19530581459211588,0.19913534820079803,0.19530581459211588,0.19913534820079803,733750,0.0,0.0
2013-05-13 00:00:00+08:00,0.2029648675433847,0.2029648675433847,0.19913534820079803,0.19913534820079803,268750,0.0,0.0
2013-05-14 00:00:00+08:00,0.19913534820079803,0.2029648675433847,0.19913534820079803,0.19913534820079803,397500,0.0,0.0
2013-05-15 00:00:00+08:00,0.19913535763005247,0.20679441094398499,0.19913535763005247,0.20679441094398499,471250,0.0,0.0
2013-05-16 00:00:00+08:00,0.2029648721218109,0.2029648721218109,0.2029648721218109,0.2029648721218109,50000,0.0,0.0
2013-05-17 00:00:00+08:00,0.2029648721218109,0.20679440581687863,0.2029648721218109,0.2029648721218109,527500,0.0,0.0
2013-05-20 00:00:00+08:00,0.20296487715397066,0.20679441094398499,0.20296487715397066,0.20679441094398499,575000,0.0,0.0
2013-05-21 00:00:00+08:00,0.20679440115206685,0.20679440115206685,0.19913534820079803,0.19913534820079803,300000,0.0,0.0
2013-05-22 00:00:00+08:00,0.20296487715397066,0.20679441094398499,0.20296487715397066,0.20679441094398499,650000,0.0,0.0
2013-05-23 00:00:00+08:00,0.2029648721218109,0.21062392524585055,0.199135352692839,0.2029648721218109,1242500,0.0,0.0
2013-05-27 00:00:00+08:00,0.2029648721218109,0.2029648721218109,0.199135352692839,0.2029648721218109,1082500,0.0,0.0
2013-05-28 00:00:00+08:00,0.2029648721218109,0.2029648721218109,0.2029648721218109,0.2029648721218109,0,0.0,0.0
2013-05-29 00:00:00+08:00,0.2029648721218109,0.2029648721218109,0.2029648721218109,0.2029648721218109,166250,0.0,0.0
2013-05-30 00:00:00+08:00,0.20296487715397066,0.20679441094398499,0.19913535763005247,0.20679441094398499,351250,0.0,0.0
2013-05-31 00:00:00+08:00,0.19913534820079803,0.19913534820079803,0.19913534820079803,0.19913534820079803,437500,0.0,0.0
2013-06-03 00:00:00+08:00,0.19913534820079803,0.19913534820079803,0.19913534820079803,0.19913534820079803,542500,0.0,0.0
2013-06-04 00:00:00+08:00,0.19913534820079803,0.19913534820079803,0.19913534820079803,0.19913534820079803,322500,0.0,0.0
2013-06-05 00:00:00+08:00,0.19913534820079803,0.19913534820079803,0.19530581459211588,0.19913534820079803,441250,0.0,0.0
2013-06-06 00:00:00+08:00,0.19530581459211588,0.19913534820079803,0.19530581459211588,0.19913534820079803,271250,0.0,0.0
2013-06-07 00:00:00+08:00,0.19913534820079803,0.19913534820079803,0.19913534820079803,0.19913534820079803,310000,0.0,0.0
2013-06-10 00:00:00+08:00,0.19913534820079803,0.19913534820079803,0.19913534820079803,0.19913534820079803,300000,0.0,0.0
2013-06-11 00:00:00+08:00,0.19530580937862396,0.19913534288508059,0.19530580937862396,0.19530580937862396,618750,0.0,0.0
2013-06-12 00:00:00+08:00,0.19530580937862396,0.19913534288508059,0.19530580937862396,0.19530580937862396,655000,0.0,0.0
2013-06-13 00:00:00+08:00,0.1953058198035436,0.1953058198035436,0.19147630035877228,0.19147630035877228,603750,0.0,0.0
2013-06-14 00:00:00+08:00,0.18764676664790506,0.19147630035877228,0.18764676664790506,0.19147630035877228,76250,0.0,0.0
2013-06-17 00:00:00+08:00,0.19147630431611998,0.20679441094398499,0.19147630431611998,0.20679441094398499,1596250,0.0,0.0
2013-06-18 00:00:00+08:00,0.20679441094398499,0.20679441094398499,0.20679441094398499,0.20679441094398499,870000,0.0,0.0
2013-06-19 00:00:00+08:00,0.20679441094398499,0.20679441094398499,0.20679441094398499,0.20679441094398499,671250,0.0,0.0
2013-06-20 00:00:00+08:00,0.20679441094398499,0.20679441094398499,0.20679441094398499,0.20679441094398499,0,0.0,0.0
2013-06-21 00:00:00+08:00,0.2029648675433847,0.20679440115206685,0.19530581459211588,0.19913534820079803,751250,0.0,0.0
2013-06-24 00:00:00+08:00,0.19913534288508059,0.19913534288508059,0.19530580937862396,0.19530580937862396,241250,0.0,0.0
2013-06-25 00:00:00+08:00,0.19147629524952922,0.19913534820079803,0.19147629524952922,0.19913534820079803,525000,0.0,0.0
2013-06-26 00:00:00+08:00,0.19530580937862396,0.19530580937862396,0.19530580937862396,0.19530580937862396,45000,0.0,0.0
2013-06-27 00:00:00+08:00,0.19530580937862396,0.19530580937862396,0.19530580937862396,0.19530580937862396,228750,0.0,0.0
2013-06-28 00:00:00+08:00,0.1953058198035436,0.1953058198035436,0.19147630035877228,0.19147630035877228,150000,0.0,0.0
2013-07-01 00:00:00+08:00,0.19147629956879936,0.2029648721218109,0.19147629956879936,0.2029648721218109,2500,0.0,0.0
2013-07-02 00:00:00+08:00,0.19913534820079803,0.19913534820079803,0.19530581459211588,0.19913534820079803,197500,0.0,0.0
2013-07-03 00:00:00+08:00,0.19913534820079803,0.20679440115206685,0.19913534820079803,0.19913534820079803,102500,0.0,0.0
2013-07-04 00:00:00+08:00,0.19913534820079803,0.19913534820079803,0.19913534820079803,0.19913534820079803,0,0.0,0.0
2013-07-05 00:00:00+08:00,0.19530580937862396,0.19530580937862396,0.19530580937862396,0.19530580937862396,375000,0.0,0.0
2013-07-08 00:00:00+08:00,0.19913534820079803,0.19913534820079803,0.19913534820079803,0.19913534820079803,23750,0.0,0.0
2013-07-09 00:00:00+08:00,0.19530580937862396,0.19913534288508059,0.19530580937862396,0.19530580937862396,106250,0.0,0.0
2013-07-10 00:00:00+08:00,0.19913534820079803,0.19913534820079803,0.19913534820079803,0.19913534820079803,15000,0.0,0.0
2013-07-11 00:00:00+08:00,0.19913534820079803,0.2029648675433847,0.19913534820079803,0.19913534820079803,193750,0.0,0.0
2013-07-12 00:00:00+08:00,0.19913534820079803,0.19913534820079803,0.19913534820079803,0.19913534820079803,0,0.0,0.0
2013-07-15 00:00:00+08:00,0.19913534288508059,0.19913534288508059,0.19530580937862396,0.19530580937862396,11250,0.0,0.0
2013-07-16 00:00:00+08:00,0.19530581459211588,0.2029648675433847,0.19530581459211588,0.19913534820079803,101250,0.0,0.0
2013-07-17 00:00:00+08:00,0.2029648675433847,0.2029648675433847,0.19530581459211588,0.19913534820079803,37500,0.0,0.0
2013-07-18 00:00:00+08:00,0.19530581459211588,0.19913534820079803,0.19530581459211588,0.19913534820079803,321250,0.0,0.0
2013-07-19 00:00:00+08:00,0.19913534820079803,0.19913534820079803,0.19913534820079803,0.19913534820079803,130000,0.0,0.0
2013-07-22 00:00:00+08:00,0.19530580937862396,0.19530580937862396,0.19530580937862396,0.19530580937862396,262500,0.0,0.0
2013-07-23 00:00:00+08:00,0.19530581459211588,0.19913534820079803,0.19530581459211588,0.19913534820079803,37500,0.0,0.0
2013-07-24 00:00:00+08:00,0.19530580937862396,0.19530580937862396,0.19530580937862396,0.19530580937862396,43750,0.0,0.0
2013-07-25 00:00:00+08:00,0.19530580937862396,0.19530580937862396,0.19530580937862396,0.19530580937862396,1250,0.0,0.0
2013-07-26 00:00:00+08:00,0.19913534820079803,0.19913534820079803,0.19913534820079803,0.19913534820079803,37500,0.0,0.0
2013-07-29 00:00:00+08:00,0.19530580937862396,0.19530580937862396,0.19530580937862396,0.19530580937862396,285000,0.0,0.0
2013-07-30 00:00:00+08:00,0.19530580937862396,0.19913534288508059,0.19147629013826248,0.19530580937862396,197500,0.0,0.0
2013-07-31 00:00:00+08:00,0.19530580937862396,0.19530580937862396,0.19530580937862396,0.19530580937862396,0,0.0,0.0
2013-08-01 00:00:00+08:00,0.19530580937862396,0.19913534288508059,0.19530580937862396,0.19530580937862396,75000,0.0,0.0
2013-08-02 00:00:00+08:00,0.19530580937862396,0.19530580937862396,0.19530580937862396,0.19530580937862396,8750,0.0,0.0
2013-08-05 00:00:00+08:00,0.19530580937862396,0.19913534288508059,0.19530580937862396,0.19530580937862396,965000,0.0,0.0
2013-08-06 00:00:00+08:00,0.19530580937862396,0.19913534288508059,0.19530580937862396,0.19530580937862396,265000,0.0,0.0
2013-08-07 00:00:00+08:00,0.19530580937862396,0.19530580937862396,0.19530580937862396,0.19530580937862396,0,0.0,0.0
2013-08-12 00:00:00+08:00,0.19530581459211588,0.19913534820079803,0.19530581459211588,0.19913534820079803,16250,0.0,0.0
2013-08-13 00:00:00+08:00,0.19913534820079803,0.19913534820079803,0.19530581459211588,0.19913534820079803,140000,0.0,0.0
2013-08-14 00:00:00+08:00,0.19913534820079803,0.2029648675433847,0.19530581459211588,0.19913534820079803,845000,0.0,0.0
2013-08-15 00:00:00+08:00,0.19913534820079803,0.2029648675433847,0.19913534820079803,0.19913534820079803,205000,0.0,0.0
2013-08-16 00:00:00+08:00,0.2029648721218109,0.2029648721218109,0.199135352692839,0.2029648721218109,775000,0.0,0.0
2013-08-19 00:00:00+08:00,0.2029648675433847,0.2029648675433847,0.19913534820079803,0.19913534820079803,611250,0.0,0.0
2013-08-20 00:00:00+08:00,0.19913534820079803,0.19913534820079803,0.19913534820079803,0.19913534820079803,451250,0.0,0.0
2013-08-21 00:00:00+08:00,0.19913534820079803,0.2029648675433847,0.19913534820079803,0.19913534820079803,288750,0.0,0.0
2013-08-22 00:00:00+08:00,0.19913534820079803,0.19913534820079803,0.19913534820079803,0.19913534820079803,50000,0.0,0.0
2013-08-23 00:00:00+08:00,0.19913534820079803,0.19913534820079803,0.19530581459211588,0.19913534820079803,147500,0.0,0.0
2013-08-26 00:00:00+08:00,0.19530580937862396,0.19530580937862396,0.19530580937862396,0.19530580937862396,12500,0.0,0.0
2013-08-27 00:00:00+08:00,0.1953058198035436,0.19913535351441083,0.19147630035877228,0.19147630035877228,707500,0.0,0.0
2013-08-28 00:00:00+08:00,0.19530580937862396,0.19530580937862396,0.19147629013826248,0.19530580937862396,1533750,0.0,0.0
2013-08-29 00:00:00+08:00,0.19530580937862396,0.19530580937862396,0.19147629013826248,0.19530580937862396,130000,0.0,0.0
2013-08-30 00:00:00+08:00,0.1953058198035436,0.1953058198035436,0.19147630035877228,0.19147630035877228,1316250,0.0,0.0
2013-09-02 00:00:00+08:00,0.19147630035877228,0.1953058198035436,0.19147630035877228,0.19147630035877228,1156250,0.0,0.0
2013-09-03 00:00:00+08:00,0.19147630035877228,0.19147630035877228,0.19147630035877228,0.19147630035877228,1250,0.0,0.0
2013-09-04 00:00:00+08:00,0.19147630035877228,0.1953058198035436,0.19147630035877228,0.19147630035877228,31250,0.0,0.0
2013-09-05 00:00:00+08:00,0.19147630035877228,0.19147630035877228,0.19147630035877228,0.19147630035877228,25000,0.0,0.0
2013-09-06 00:00:00+08:00,0.19147630035877228,0.19147630035877228,0.19147630035877228,0.19147630035877228,1043750,0.0,0.0
2013-09-09 00:00:00+08:00,0.19147630035877228,0.19147630035877228,0.18764676664790506,0.19147630035877228,205000,0.0,0.0
2013-09-10 00:00:00+08:00,0.19147630035877228,0.19147630035877228,0.19147630035877228,0.19147630035877228,315000,0.0,0.0
2013-09-11 00:00:00+08:00,0.19147630035877228,0.1953058198035436,0.19147630035877228,0.19147630035877228,472500,0.0,0.0
2013-09-12 00:00:00+08:00,0.19147630035877228,0.1953058198035436,0.19147630035877228,0.19147630035877228,733750,0.0,0.0
2013-09-13 00:00:00+08:00,0.19147630035877228,0.19147630035877228,0.19147630035877228,0.19147630035877228,858750,0.0,0.0
2013-09-16 00:00:00+08:00,0.19147631034841997,0.19147631034841997,0.1876467764377594,0.1876467764377594,838750,0.0,0.0
2013-09-17 00:00:00+08:00,0.19147631034841997,0.19147631034841997,0.1876467764377594,0.1876467764377594,465000,0.0,0.0
2013-09-18 00:00:00+08:00,0.1876467764377594,0.1876467764377594,0.1876467764377594,0.1876467764377594,207500,0.0,0.0
2013-09-19 00:00:00+08:00,0.18764676664790506,0.19147630035877228,0.18764676664790506,0.19147630035877228,127500,0.0,0.0
2013-09-20 00:00:00+08:00,0.1876467764377594,0.1876467764377594,0.1876467764377594,0.1876467764377594,140000,0.0,0.0
2013-09-23 00:00:00+08:00,0.1876467764377594,0.19147631034841997,0.1876467764377594,0.1876467764377594,323750,0.0,0.0
2013-09-24 00:00:00+08:00,0.1876467764377594,0.1876467764377594,0.1876467764377594,0.1876467764377594,127500,0.0,0.0
2013-09-25 00:00:00+08:00,0.18764676664790506,0.19147630035877228,0.18764676664790506,0.19147630035877228,136250,0.0,0.0
2013-09-26 00:00:00+08:00,0.18764676664790506,0.19147630035877228,0.18764676664790506,0.19147630035877228,280000,0.0,0.0
2013-09-27 00:00:00+08:00,0.19147630035877228,0.19147630035877228,0.19147630035877228,0.19147630035877228,0,0.0,0.0
2013-09-30 00:00:00+08:00,0.18764676664790506,0.19147630035877228,0.18764676664790506,0.19147630035877228,765000,0.0,0.0
2013-10-01 00:00:00+08:00,0.19147630035877228,0.19147630035877228,0.19147630035877228,0.19147630035877228,120000,0.0,0.0
2013-10-02 00:00:00+08:00,0.1876467764377594,0.1876467764377594,0.1876467764377594,0.1876467764377594,37500,0.0,0.0
2013-10-03 00:00:00+08:00,0.19147630035877228,0.19147630035877228,0.19147630035877228,0.19147630035877228,662500,0.0,0.0
2013-10-04 00:00:00+08:00,0.19147631034841997,0.19147631034841997,0.1876467764377594,0.1876467764377594,187500,0.0,0.0
2013-10-07 00:00:00+08:00,0.18764676664790506,0.19147630035877228,0.18764676664790506,0.19147630035877228,6250,0.0,0.0
2013-10-08 00:00:00+08:00,0.19147630035877228,0.19147630035877228,0.19147630035877228,0.19147630035877228,0,0.0,0.0
2013-10-09 00:00:00+08:00,0.1876467764377594,0.1876467764377594,0.1876467764377594,0.1876467764377594,27500,0.0,0.0
2013-10-10 00:00:00+08:00,0.19147631034841997,0.19147631034841997,0.1876467764377594,0.1876467764377594,95000,0.0,0.0
2013-10-11 00:00:00+08:00,0.1876467764377594,0.1876467764377594,0.18381725679319544,0.1876467764377594,806250,0.0,0.0
2013-10-14 00:00:00+08:00,0.1876467568606164,0.1876467568606164,0.18381723761558533,0.18381723761558533,26250,0.0,0.0
2013-10-16 00:00:00+08:00,0.18381723761558533,0.18381723761558533,0.18381723761558533,0.18381723761558533,20000,0.0,0.0
2013-10-17 00:00:00+08:00,0.18381723761558533,0.18381723761558533,0.18381723761558533,0.18381723761558533,540000,0.0,0.0
2013-10-18 00:00:00+08:00,0.1876467568606164,0.1876467568606164,0.18381723761558533,0.18381723761558533,45000,0.0,0.0
2013-10-21 00:00:00+08:00,0.18381723761558533,0.18381723761558533,0.18381723761558533,0.18381723761558533,215000,0.0,0.0
2013-10-22 00:00:00+08:00,0.18381725679319544,0.1876467764377594,0.18381725679319544,0.1876467764377594,80000,0.0,0.0
2013-10-23 00:00:00+08:00,0.18764676664790506,0.19147630035877228,0.18764676664790506,0.19147630035877228,580000,0.0,0.0
2013-10-24 00:00:00+08:00,0.1953058299929839,0.1953058299929839,0.1876467764377594,0.1876467764377594,73750,0.0,0.0
2013-10-25 00:00:00+08:00,0.1876467764377594,0.1876467764377594,0.1876467764377594,0.1876467764377594,0,0.0,0.0
2013-10-28 00:00:00+08:00,0.19147631034841997,0.19147631034841997,0.1876467764377594,0.1876467764377594,23750,0.0,0.0
2013-10-29 00:00:00+08:00,0.18381723761558533,0.18381723761558533,0.18381723761558533,0.18381723761558533,12500,0.0,0.0
2013-10-30 00:00:00+08:00,0.18381725679319544,0.1876467764377594,0.18381725679319544,0.1876467764377594,347500,0.0,0.0
2013-10-31 00:00:00+08:00,0.18381725679319544,0.1876467764377594,0.18381725679319544,0.1876467764377594,150000,0.0,0.0
2013-11-01 00:00:00+08:00,0.1876467764377594,0.1876467764377594,0.1876467764377594,0.1876467764377594,0,0.0,0.0
2013-11-05 00:00:00+08:00,0.1876467764377594,0.1876467764377594,0.1876467764377594,0.1876467764377594,0,0.0,0.0
2013-11-06 00:00:00+08:00,0.1876467764377594,0.1876467764377594,0.1876467764377594,0.1876467764377594,35000,0.0,0.0
2013-11-07 00:00:00+08:00,0.1876467764377594,0.1876467764377594,0.1876467764377594,0.1876467764377594,53750,0.0,0.0
2013-11-08 00:00:00+08:00,0.18862920999526978,0.18862920999526978,0.18862920999526978,0.18862920999526978,93750,0.005,0.0
2013-11-11 00:00:00+08:00,0.18862920999526978,0.18862920999526978,0.18469942685727692,0.18862920999526978,87500,0.0,0.0
2013-11-12 00:00:00+08:00,0.1846994310617447,0.18862921428919446,0.1846994310617447,0.1846994310617447,172500,0.0,0.0
2013-11-13 00:00:00+08:00,0.1846994310617447,0.1846994310617447,0.1846994310617447,0.1846994310617447,125000,0.0,0.0
2013-11-14 00:00:00+08:00,0.18469943571631006,0.18469943571631006,0.1807696670293808,0.1807696670293808,280000,0.0,0.0
2013-11-15 00:00:00+08:00,0.1807696670293808,0.1807696670293808,0.1807696670293808,0.1807696670293808,48750,0.0,0.0
2013-11-18 00:00:00+08:00,0.1846994310617447,0.1846994310617447,0.1846994310617447,0.1846994310617447,1250,0.0,0.0
2013-11-19 00:00:00+08:00,0.1807696670293808,0.1807696670293808,0.17683989834245153,0.1807696670293808,333750,0.0,0.0
2013-11-20 00:00:00+08:00,0.1768398880958557,0.18076965655508323,0.1768398880958557,0.1768398880958557,47500,0.0,0.0
2013-11-21 00:00:00+08:00,0.17683989235577643,0.17683989235577643,0.17291010916233063,0.17291010916233063,237500,0.0,0.0
2013-11-22 00:00:00+08:00,0.1768398880958557,0.1768398880958557,0.1768398880958557,0.1768398880958557,180000,0.0,0.0
2013-11-25 00:00:00+08:00,0.17683989834245153,0.1807696670293808,0.17683989834245153,0.1807696670293808,266250,0.0,0.0
2013-11-26 00:00:00+08:00,0.1768398880958557,0.1768398880958557,0.1768398880958557,0.1768398880958557,2500,0.0,0.0
2013-11-27 00:00:00+08:00,0.1768398880958557,0.1768398880958557,0.1768398880958557,0.1768398880958557,0,0.0,0.0
2013-11-28 00:00:00+08:00,0.1768398880958557,0.1768398880958557,0.1768398880958557,0.1768398880958557,12500,0.0,0.0
2013-11-29 00:00:00+08:00,0.1768398880958557,0.1768398880958557,0.1768398880958557,0.1768398880958557,0,0.0,0.0
2013-12-02 00:00:00+08:00,0.1768398880958557,0.1768398880958557,0.1768398880958557,0.1768398880958557,31250,0.0,0.0
2013-12-03 00:00:00+08:00,0.18076965655508323,0.18469942501431078,0.1768398880958557,0.1768398880958557,237500,0.0,0.0
2013-12-04 00:00:00+08:00,0.1768398880958557,0.1768398880958557,0.1768398880958557,0.1768398880958557,75000,0.0,0.0
2013-12-05 00:00:00+08:00,0.17683989235577643,0.17683989235577643,0.17291010916233063,0.17291010916233063,205000,0.0,0.0
2013-12-06 00:00:00+08:00,0.17291010916233063,0.17291010916233063,0.17291010916233063,0.17291010916233063,141250,0.0,0.0
2013-12-09 00:00:00+08:00,0.17683989235577643,0.17683989235577643,0.17291010916233063,0.17291010916233063,58750,0.0,0.0
2013-12-10 00:00:00+08:00,0.17291010916233063,0.17291010916233063,0.17291010916233063,0.17291010916233063,0,0.0,0.0
2013-12-11 00:00:00+08:00,0.16898034512996674,0.16898034512996674,0.16898034512996674,0.16898034512996674,40000,0.0,0.0
2013-12-12 00:00:00+08:00,0.16898034060843836,0.17291010916233063,0.16898034060843836,0.17291010916233063,98750,0.0,0.0
2013-12-13 00:00:00+08:00,0.16898034512996674,0.16898034512996674,0.16898034512996674,0.16898034512996674,62500,0.0,0.0
2013-12-16 00:00:00+08:00,0.16898033434301854,0.16898033434301854,0.16505055129528046,0.16505055129528046,3750,0.0,0.0
2013-12-17 00:00:00+08:00,0.16898034512996674,0.16898034512996674,0.16898034512996674,0.16898034512996674,61250,0.0,0.0
2013-12-18 00:00:00+08:00,0.16898034060843836,0.17291010916233063,0.16898034060843836,0.17291010916233063,26250,0.0,0.0
2013-12-19 00:00:00+08:00,0.17291010916233063,0.17291010916233063,0.17291010916233063,0.17291010916233063,0,0.0,0.0
2013-12-20 00:00:00+08:00,0.17291010916233063,0.17683989235577643,0.17291010916233063,0.17291010916233063,187500,0.0,0.0
2013-12-23 00:00:00+08:00,0.17291010916233063,0.17291010916233063,0.17291010916233063,0.17291010916233063,0,0.0,0.0
2013-12-24 00:00:00+08:00,0.17291011378901064,0.17291011378901064,0.16898034512996674,0.16898034512996674,20000,0.0,0.0
2013-12-26 00:00:00+08:00,0.16898034512996674,0.16898034512996674,0.16898034512996674,0.16898034512996674,0,0.0,0.0
2013-12-27 00:00:00+08:00,0.172910104997075,0.1768398880958557,0.172910104997075,0.1768398880958557,45000,0.0,0.0
2013-12-30 00:00:00+08:00,0.17291010916233063,0.17683989235577643,0.17291010916233063,0.17291010916233063,50000,0.0,0.0
2013-12-31 00:00:00+08:00,0.17291010916233063,0.17291010916233063,0.17291010916233063,0.17291010916233063,0,0.0,0.0
2014-01-02 00:00:00+08:00,0.16898034512996674,0.16898034512996674,0.16898034512996674,0.16898034512996674,400000,0.0,0.0
2014-01-03 00:00:00+08:00,0.17291011378901064,0.17291011378901064,0.16898034512996674,0.16898034512996674,471250,0.0,0.0
2014-01-06 00:00:00+08:00,0.16898034512996674,0.16898034512996674,0.16898034512996674,0.16898034512996674,13750,0.0,0.0
2014-01-07 00:00:00+08:00,0.16898034512996674,0.16898034512996674,0.16898034512996674,0.16898034512996674,8750,0.0,0.0
2014-01-08 00:00:00+08:00,0.17291010916233063,0.17291010916233063,0.16898034060843836,0.17291010916233063,65000,0.0,0.0
2014-01-09 00:00:00+08:00,0.17291011378901064,0.17291011378901064,0.16898034512996674,0.16898034512996674,87500,0.0,0.0
2014-01-10 00:00:00+08:00,0.16898034512996674,0.16898034512996674,0.16898034512996674,0.16898034512996674,0,0.0,0.0
2014-01-13 00:00:00+08:00,0.17291011378901064,0.17291011378901064,0.16898034512996674,0.16898034512996674,31250,0.0,0.0
2014-01-14 00:00:00+08:00,0.16898034512996674,0.17291011378901064,0.16898034512996674,0.16898034512996674,111250,0.0,0.0
2014-01-15 00:00:00+08:00,0.16898034512996674,0.16898034512996674,0.16898034512996674,0.16898034512996674,487500,0.0,0.0
2014-01-16 00:00:00+08:00,0.16898033434301854,0.16898033434301854,0.16505055129528046,0.16505055129528046,328750,0.0,0.0
2014-01-17 00:00:00+08:00,0.16898033434301854,0.16898033434301854,0.16505055129528046,0.16505055129528046,135000,0.0,0.0
2014-01-20 00:00:00+08:00,0.16505055129528046,0.16505055129528046,0.16505055129528046,0.16505055129528046,0,0.0,0.0
2014-01-21 00:00:00+08:00,0.16898033434301854,0.16898033434301854,0.16505055129528046,0.16505055129528046,198750,0.0,0.0
2014-01-22 00:00:00+08:00,0.16505055129528046,0.16505055129528046,0.16505055129528046,0.16505055129528046,137500,0.0,0.0
2014-01-23 00:00:00+08:00,0.16505055129528046,0.16505055129528046,0.16505055129528046,0.16505055129528046,2500,0.0,0.0
2014-01-24 00:00:00+08:00,0.16898034512996674,0.16898034512996674,0.16898034512996674,0.16898034512996674,37500,0.0,0.0
2014-01-27 00:00:00+08:00,0.16112078726291656,0.16112078726291656,0.16112078726291656,0.16112078726291656,12500,0.0,0.0
2014-01-28 00:00:00+08:00,0.16112078726291656,0.16112078726291656,0.16112078726291656,0.16112078726291656,0,0.0,0.0
2014-01-29 00:00:00+08:00,0.15719100410845094,0.16505055577782882,0.15719100410845094,0.16112078726291656,135000,0.0,0.0
2014-01-30 00:00:00+08:00,0.16112079158938086,0.16112079158938086,0.15719100832939148,0.15719100832939148,162500,0.0,0.0
2014-02-03 00:00:00+08:00,0.16505055577782882,0.16505055577782882,0.16112078726291656,0.16112078726291656,16250,0.0,0.0
2014-02-04 00:00:00+08:00,0.15326123559353869,0.16112078726291656,0.15326123559353869,0.16112078726291656,77500,0.0,0.0
2014-02-05 00:00:00+08:00,0.15719100410845094,0.16112078726291656,0.15719100410845094,0.16112078726291656,112500,0.0,0.0
2014-02-06 00:00:00+08:00,0.16112078726291656,0.16112078726291656,0.16112078726291656,0.16112078726291656,12500,0.0,0.0
2014-02-07 00:00:00+08:00,0.15719100832939148,0.15719100832939148,0.15719100832939148,0.15719100832939148,91250,0.0,0.0
2014-02-10 00:00:00+08:00,0.15719100832939148,0.15719100832939148,0.15719100832939148,0.15719100832939148,25000,0.0,0.0
2014-02-11 00:00:00+08:00,0.15483314715713012,0.15719100832939148,0.15483314715713012,0.15719100832939148,128750,0.0,0.0
2014-02-12 00:00:00+08:00,0.15483314485543934,0.15483314485543934,0.1540471911430359,0.1540471911430359,102500,0.0,0.0
2014-02-13 00:00:00+08:00,0.153261236256239,0.1540471899626199,0.1524752825498581,0.1524752825498581,305000,0.0,0.0
2014-02-14 00:00:00+08:00,0.1532612442970276,0.1532612442970276,0.1532612442970276,0.1532612442970276,338750,0.0,0.0
2014-02-17 00:00:00+08:00,0.15483315179225887,0.15483315179225887,0.15247529054941192,0.1532612442970276,317500,0.0,0.0
2014-02-18 00:00:00+08:00,0.1516893357038498,0.1516893357038498,0.1516893357038498,0.1516893357038498,1250,0.0,0.0
2014-02-19 00:00:00+08:00,0.15247528944577662,0.15326124318770343,0.1516893357038498,0.1516893357038498,243750,0.0,0.0
2014-02-20 00:00:00+08:00,0.15168933431856316,0.15168933431856316,0.14854550474001246,0.1501174122095108,420000,0.0,0.0
2014-02-21 00:00:00+08:00,0.1493314504623413,0.1493314504623413,0.1485454967697627,0.1493314504623413,225000,0.0,0.0
2014-02-24 00:00:00+08:00,0.14540168341549653,0.15326123505737904,0.14540168341549653,0.1509033739566803,22500,0.0,0.0
2014-02-25 00:00:00+08:00,0.15247529054941192,0.1532612442970276,0.15247529054941192,0.1532612442970276,107500,0.0,0.0
2014-02-26 00:00:00+08:00,0.14933144760665046,0.1548331379890442,0.14933144760665046,0.1548331379890442,102500,0.0,0.0
2014-02-27 00:00:00+08:00,0.15483314245784488,0.1556190961580778,0.1509033739566803,0.1509033739566803,36250,0.0,0.0
2014-02-28 00:00:00+08:00,0.15719100478814355,0.15719100478814355,0.1524752825498581,0.1524752825498581,105000,0.0,0.0
2014-03-03 00:00:00+08:00,0.1524752825498581,0.1524752825498581,0.1524752825498581,0.1524752825498581,0,0.0,0.0
2014-03-04 00:00:00+08:00,0.15090338058381397,0.15247528805331234,0.1501174122095108,0.1501174122095108,162500,0.0,0.0
2014-03-05 00:00:00+08:00,0.15090337125332853,0.15090337125332853,0.1477595418691635,0.1477595418691635,395000,0.0,0.0
2014-03-06 00:00:00+08:00,0.1477595418691635,0.1477595418691635,0.1477595418691635,0.1477595418691635,0,0.0,0.0
2014-03-07 00:00:00+08:00,0.14933145847476162,0.1501174122095108,0.1461876435357649,0.1501174122095108,36250,0.0,0.0
2014-03-10 00:00:00+08:00,0.15011741107394058,0.15168933317110206,0.148545503616333,0.148545503616333,328750,0.0,0.0
2014-03-11 00:00:00+08:00,0.148545503616333,0.148545503616333,0.148545503616333,0.148545503616333,0,0.0,0.0
2014-03-12 00:00:00+08:00,0.1477595418691635,0.1485454955553165,0.1477595418691635,0.1477595418691635,163750,0.0,0.0
2014-03-13 00:00:00+08:00,0.1477595418691635,0.1477595418691635,0.1477595418691635,0.1477595418691635,25000,0.0,0.0
2014-03-14 00:00:00+08:00,0.1493314492414695,0.1493314492414695,0.1477595418691635,0.1477595418691635,75000,0.0,0.0
2014-03-17 00:00:00+08:00,0.1493314504623413,0.1493314504623413,0.14775954307718409,0.1493314504623413,88750,0.0,0.0
2014-03-18 00:00:00+08:00,0.1493314504623413,0.1493314504623413,0.1493314504623413,0.1493314504623413,0,0.0,0.0
2014-03-19 00:00:00+08:00,0.1493314504623413,0.1493314504623413,0.1493314504623413,0.1493314504623413,0,0.0,0.0
2014-03-20 00:00:00+08:00,0.1493314504623413,0.1493314504623413,0.1493314504623413,0.1493314504623413,0,0.0,0.0
2014-03-21 00:00:00+08:00,0.1493314504623413,0.1493314504623413,0.1493314504623413,0.1493314504623413,62500,0.0,0.0
2014-03-24 00:00:00+08:00,0.1469735950231552,0.1469735950231552,0.1469735950231552,0.1469735950231552,6250,0.0,0.0
2014-03-25 00:00:00+08:00,0.14540168199944822,0.1493314504623413,0.14540168199944822,0.1493314504623413,188750,0.0,0.0
2014-03-26 00:00:00+08:00,0.1493314504623413,0.1493314504623413,0.1493314504623413,0.1493314504623413,0,0.0,0.0
2014-03-27 00:00:00+08:00,0.1493314504623413,0.1493314504623413,0.1493314504623413,0.1493314504623413,0,0.0,0.0
2014-03-28 00:00:00+08:00,0.1493314504623413,0.1493314504623413,0.1493314504623413,0.1493314504623413,0,0.0,0.0
2014-03-31 00:00:00+08:00,0.1493314504623413,0.1493314504623413,0.1493314504623413,0.1493314504623413,3750,0.0,0.0
2014-04-01 00:00:00+08:00,0.14540168081070456,0.1485454955553165,0.14540168081070456,0.1477595418691635,112500,0.0,0.0
2014-04-02 00:00:00+08:00,0.14775954874588645,0.14775954874588645,0.1469735950231552,0.1469735950231552,212500,0.0,0.0
2014-04-03 00:00:00+08:00,0.1469735950231552,0.1469735950231552,0.1469735950231552,0.1469735950231552,0,0.0,0.0
2014-04-04 00:00:00+08:00,0.1477595418691635,0.1477595418691635,0.1477595418691635,0.1477595418691635,192500,0.0,0.0
2014-04-07 00:00:00+08:00,0.1485454955553165,0.1493314492414695,0.1477595418691635,0.1477595418691635,176250,0.0,0.0
2014-04-08 00:00:00+08:00,0.1477595418691635,0.1477595418691635,0.1477595418691635,0.1477595418691635,0,0.0,0.0
2014-04-09 00:00:00+08:00,0.1493314492414695,0.1493314492414695,0.1477595418691635,0.1477595418691635,145000,0.0,0.0
2014-04-10 00:00:00+08:00,0.14618763327598572,0.14618763327598572,0.14618763327598572,0.14618763327598572,160000,0.0,0.0
2014-04-11 00:00:00+08:00,0.14540168199944822,0.1493314504623413,0.14540168199944822,0.1493314504623413,3750,0.0,0.0
2014-04-14 00:00:00+08:00,0.14618764130042397,0.14933145619134894,0.14618764130042397,0.1469735950231552,25000,0.0,0.0
2014-04-15 00:00:00+08:00,0.14618763569202686,0.1493314504623413,0.14618763569202686,0.1493314504623413,33750,0.0,0.0
2014-04-16 00:00:00+08:00,0.1493314504623413,0.1493314504623413,0.1493314504623413,0.1493314504623413,25000,0.0,0.0
2014-04-17 00:00:00+08:00,0.1493314492414695,0.1493314492414695,0.1477595418691635,0.1477595418691635,137500,0.0,0.0
2014-04-21 00:00:00+08:00,0.14697358938460547,0.1493314504623413,0.14697358938460547,0.1493314504623413,100000,0.0,0.0
2014-04-22 00:00:00+08:00,0.14933145308478102,0.1540471899626199,0.1469735919656383,0.1524752825498581,2470000,0.0,0.0
2014-04-23 00:00:00+08:00,0.15483314299950357,0.17683989060167235,0.15483314299950357,0.16112078726291656,9117500,0.0,0.0
2014-04-24 00:00:00+08:00,0.16112079158938086,0.16505056020981643,0.15719100832939148,0.15719100832939148,338750,0.0,0.0
2014-04-25 00:00:00+08:00,0.15719099983935728,0.16898033434301854,0.1532612314311722,0.16505055129528046,947500,0.0,0.0
2014-04-28 00:00:00+08:00,0.16505055129528046,0.16505055129528046,0.16112078288709536,0.16505055129528046,243750,0.0,0.0
2014-04-29 00:00:00+08:00,0.1650505618313689,0.17291011378901064,0.1650505618313689,0.16898034512996674,2658750,0.0,0.0
2014-04-30 00:00:00+08:00,0.16898034512996674,0.17291011378901064,0.1650505618313689,0.16898034512996674,1911250,0.0,0.0
2014-05-02 00:00:00+08:00,0.16898033434301854,0.16898033434301854,0.16505055129528046,0.16505055129528046,1236250,0.0,0.0
2014-05-05 00:00:00+08:00,0.16898034512996674,0.16898034512996674,0.16898034512996674,0.16898034512996674,385000,0.0,0.0
2014-05-06 00:00:00+08:00,0.16898034512996674,0.16898034512996674,0.16898034512996674,0.16898034512996674,431250,0.0,0.0
2014-05-07 00:00:00+08:00,0.16898034512996674,0.16898034512996674,0.16898034512996674,0.16898034512996674,250000,0.0,0.0
2014-05-08 00:00:00+08:00,0.16505055129528046,0.16505055129528046,0.16112078288709536,0.16505055129528046,756250,0.0,0.0
2014-05-09 00:00:00+08:00,0.15719099983935728,0.16505055129528046,0.15719099983935728,0.16505055129528046,43750,0.0,0.0
2014-05-12 00:00:00+08:00,0.15640505928749018,0.15640505928749018,0.14933146091939511,0.1532612442970276,671250,0.0,0.0
2014-05-14 00:00:00+08:00,0.15404718929652114,0.16112078726291656,0.15326123559353869,0.16112078726291656,371250,0.0,0.0
2014-05-15 00:00:00+08:00,0.15719100410845094,0.16112078726291656,0.15719100410845094,0.16112078726291656,16250,0.0,0.0
2014-05-16 00:00:00+08:00,0.15719100410845094,0.16112078726291656,0.15719100410845094,0.16112078726291656,133750,0.0,0.0
2014-05-19 00:00:00+08:00,0.15719100832939148,0.16112079158938086,0.15719100832939148,0.15719100832939148,155000,0.0,0.0
2014-05-20 00:00:00+08:00,0.1556190928984518,0.15640504658222198,0.1556190928984518,0.15640504658222198,81250,0.0,0.0
2014-05-21 00:00:00+08:00,0.15640505460530438,0.15719100832939148,0.15640505460530438,0.15719100832939148,38750,0.0,0.0
2014-05-22 00:00:00+08:00,0.1540471911430359,0.1540471911430359,0.1540471911430359,0.1540471911430359,6250,0.0,0.0
2014-05-23 00:00:00+08:00,0.15404718553091143,0.15640504658222198,0.15404718553091143,0.15640504658222198,16250,0.0,0.0
2014-05-26 00:00:00+08:00,0.15640504615772027,0.16505055129528046,0.15640504615772027,0.16505055129528046,140000,0.0,0.0
2014-05-27 00:00:00+08:00,0.1611207943156264,0.18862921904279334,0.1611207943156264,0.1807696670293808,1413750,0.0,0.0
2014-05-28 00:00:00+08:00,0.18469942501431078,0.18862920811309147,0.172910104997075,0.1768398880958557,14975000,0.0,0.0
2014-05-29 00:00:00+08:00,0.172910104997075,0.1768398880958557,0.172910104997075,0.1768398880958557,2672500,0.0,0.0
2014-05-30 00:00:00+08:00,0.17291010916233063,0.17683989235577643,0.17291010916233063,0.17291010916233063,467500,0.0,0.0
2014-06-02 00:00:00+08:00,0.16505055741499255,0.17291010916233063,0.1611207888611003,0.17291010916233063,285000,0.0,0.0
2014-06-03 00:00:00+08:00,0.16505055577782882,0.16898033893229444,0.16112078726291656,0.16112078726291656,208750,0.0,0.0
2014-06-04 00:00:00+08:00,0.16112079158938086,0.16505056020981643,0.15719100832939148,0.15719100832939148,447500,0.0,0.0
2014-06-05 00:00:00+08:00,0.15719100410845094,0.16112078726291656,0.15561909670248603,0.16112078726291656,155000,0.0,0.0
2014-06-06 00:00:00+08:00,0.15719100410845094,0.16112078726291656,0.15719100410845094,0.16112078726291656,25000,0.0,0.0
2014-06-09 00:00:00+08:00,0.16112078726291656,0.16505055577782882,0.16112078726291656,0.16112078726291656,101250,0.0,0.0
2014-06-10 00:00:00+08:00,0.16898034512996674,0.16898034512996674,0.16898034512996674,0.16898034512996674,88750,0.0,0.0
2014-06-11 00:00:00+08:00,0.16505055577782882,0.16505055577782882,0.16112078726291656,0.16112078726291656,55000,0.0,0.0
2014-06-12 00:00:00+08:00,0.16112078726291656,0.16112078726291656,0.16112078726291656,0.16112078726291656,12500,0.0,0.0
2014-06-13 00:00:00+08:00,0.16112078726291656,0.16112078726291656,0.16112078726291656,0.16112078726291656,2500,0.0,0.0
2014-06-16 00:00:00+08:00,0.16112078726291656,0.16112078726291656,0.16112078726291656,0.16112078726291656,0,0.0,0.0
2014-06-17 00:00:00+08:00,0.15719100410845094,0.16505055577782882,0.15719100410845094,0.16112078726291656,117500,0.0,0.0
2014-06-18 00:00:00+08:00,0.16112078726291656,0.16112078726291656,0.16112078726291656,0.16112078726291656,0,0.0,0.0
2014-06-19 00:00:00+08:00,0.16898033893229444,0.16898033893229444,0.16112078726291656,0.16112078726291656,156250,0.0,0.0
2014-06-20 00:00:00+08:00,0.16898033893229444,0.16898033893229444,0.16112078726291656,0.16112078726291656,41250,0.0,0.0
2014-06-23 00:00:00+08:00,0.16112079158938086,0.16112079158938086,0.15719100832939148,0.15719100832939148,123750,0.0,0.0
2014-06-24 00:00:00+08:00,0.15719100026599217,0.15719100026599217,0.15640504658222198,0.15640504658222198,478750,0.0,0.0
2014-06-25 00:00:00+08:00,0.15719099902169026,0.15719099902169026,0.1540471843114955,0.1548331379890442,448750,0.0,0.0
2014-06-26 00:00:00+08:00,0.15719100717282225,0.15719100717282225,0.15404719229960512,0.15561909973621368,187500,0.0,0.0
2014-06-27 00:00:00+08:00,0.15561909973621368,0.15561909973621368,0.15561909973621368,0.15561909973621368,0,0.0,0.0
2014-06-30 00:00:00+08:00,0.15483313921468161,0.15640504658222198,0.15483313921468161,0.15640504658222198,83750,0.0,0.0
2014-07-01 00:00:00+08:00,0.15719100832939148,0.15719100832939148,0.15719100832939148,0.15719100832939148,70000,0.0,0.0
2014-07-02 00:00:00+08:00,0.16112078726291656,0.16112078726291656,0.16112078726291656,0.16112078726291656,12500,0.0,0.0
2014-07-03 00:00:00+08:00,0.15719100026599217,0.15719100026599217,0.15640504658222198,0.15640504658222198,78750,0.0,0.0
2014-07-04 00:00:00+08:00,0.15561909973621368,0.15561909973621368,0.15561909973621368,0.15561909973621368,12500,0.0,0.0
2014-07-07 00:00:00+08:00,0.16112078726291656,0.16112078726291656,0.16112078726291656,0.16112078726291656,6250,0.0,0.0
2014-07-08 00:00:00+08:00,0.16112078726291656,0.16112078726291656,0.16112078726291656,0.16112078726291656,0,0.0,0.0
2014-07-09 00:00:00+08:00,0.15719100832939148,0.15719100832939148,0.15719100832939148,0.15719100832939148,12500,0.0,0.0
2014-07-10 00:00:00+08:00,0.15719100410845094,0.16112078726291656,0.15561909670248603,0.16112078726291656,263750,0.0,0.0
2014-07-11 00:00:00+08:00,0.15719100832939148,0.15719100832939148,0.15719100832939148,0.15719100832939148,115000,0.0,0.0
2014-07-14 00:00:00+08:00,0.15719100832939148,0.15719100832939148,0.15719100832939148,0.15719100832939148,0,0.0,0.0
2014-07-15 00:00:00+08:00,0.15719100832939148,0.16112079158938086,0.15719100832939148,0.15719100832939148,75000,0.0,0.0
2014-07-16 00:00:00+08:00,0.1571910059926496,0.1571910059926496,0.1540471911430359,0.1540471911430359,45000,0.0,0.0
2014-07-17 00:00:00+08:00,0.1548331379890442,0.1548331379890442,0.1548331379890442,0.1548331379890442,10000,0.0,0.0
2014-07-18 00:00:00+08:00,0.15561909973621368,0.15561909973621368,0.15561909973621368,0.15561909973621368,171250,0.0,0.0
2014-07-21 00:00:00+08:00,0.15561909973621368,0.15561909973621368,0.1548331460179094,0.15561909973621368,80000,0.0,0.0
2014-07-22 00:00:00+08:00,0.15561909973621368,0.15561909973621368,0.15561909973621368,0.15561909973621368,20000,0.0,0.0
2014-07-23 00:00:00+08:00,0.15561909973621368,0.15561909973621368,0.15561909973621368,0.15561909973621368,10000,0.0,0.0
2014-07-24 00:00:00+08:00,0.1540471911430359,0.1540471911430359,0.1540471911430359,0.1540471911430359,1250,0.0,0.0
2014-07-25 00:00:00+08:00,0.1571910059926496,0.1571910059926496,0.1540471911430359,0.1540471911430359,187500,0.0,0.0
2014-07-29 00:00:00+08:00,0.15561910088121725,0.15719100832939148,0.15404719343304302,0.15719100832939148,192500,0.0,0.0
2014-07-30 00:00:00+08:00,0.15404719804464323,0.15640505928749018,0.1532612442970276,0.1532612442970276,202500,0.0,0.0
2014-07-31 00:00:00+08:00,0.1532612442970276,0.1532612442970276,0.1532612442970276,0.1532612442970276,28750,0.0,0.0
2014-08-01 00:00:00+08:00,0.1532612442970276,0.1532612442970276,0.1532612442970276,0.1532612442970276,0,0.0,0.0
2014-08-04 00:00:00+08:00,0.15247528135714614,0.15247528135714614,0.1509033739566803,0.1509033739566803,152500,0.0,0.0
2014-08-05 00:00:00+08:00,0.1509033739566803,0.1509033739566803,0.1509033739566803,0.1509033739566803,3750,0.0,0.0
2014-08-06 00:00:00+08:00,0.15326124318770343,0.15326124318770343,0.1516893357038498,0.1516893357038498,40000,0.0,0.0
2014-08-07 00:00:00+08:00,0.1516893357038498,0.1516893357038498,0.1516893357038498,0.1516893357038498,0,0.0,0.0
2014-08-08 00:00:00+08:00,0.1516893357038498,0.1516893357038498,0.1516893357038498,0.1516893357038498,0,0.0,0.0
2014-08-11 00:00:00+08:00,0.14933145422906177,0.1540471911430359,0.14933145422906177,0.1540471911430359,106250,0.0,0.0
2014-08-12 00:00:00+08:00,0.15404719343304302,0.16505056020981643,0.15404719343304302,0.15719100832939148,671250,0.0,0.0
2014-08-13 00:00:00+08:00,0.15561909973621368,0.15561909973621368,0.15561909973621368,0.15561909973621368,113750,0.0,0.0
2014-08-14 00:00:00+08:00,0.15168932327884943,0.15640504534414157,0.15168932327884943,0.1548331379890442,215000,0.0,0.0
2014-08-15 00:00:00+08:00,0.1524752825498581,0.1524752825498581,0.1524752825498581,0.1524752825498581,12500,0.0,0.0
2014-08-18 00:00:00+08:00,0.15404719804464323,0.16505056515081654,0.1532612442970276,0.1532612442970276,40000,0.0,0.0
2014-08-19 00:00:00+08:00,0.15719100832939148,0.15719100832939148,0.15719100832939148,0.15719100832939148,313750,0.0,0.0
2014-08-20 00:00:00+08:00,0.15719101303510583,0.1611207964127383,0.1532612442970276,0.1532612442970276,336250,0.0,0.0
2014-08-21 00:00:00+08:00,0.15247528944577662,0.15247528944577662,0.1516893357038498,0.1516893357038498,45000,0.0,0.0
2014-08-22 00:00:00+08:00,0.1516893357038498,0.1516893357038498,0.1516893357038498,0.1516893357038498,0,0.0,0.0
2014-08-25 00:00:00+08:00,0.15168933431856316,0.15168933431856316,0.14933145847476162,0.1501174122095108,432500,0.0,0.0
2014-08-26 00:00:00+08:00,0.15011740415491992,0.15011740415491992,0.1493314504623413,0.1493314504623413,156250,0.0,0.0
2014-08-27 00:00:00+08:00,0.1493314492414695,0.1493314492414695,0.1477595418691635,0.1477595418691635,50000,0.0,0.0
2014-08-28 00:00:00+08:00,0.1493314504623413,0.1493314504623413,0.1493314504623413,0.1493314504623413,87500,0.0,0.0
2014-08-29 00:00:00+08:00,0.14304383099079132,0.14304383099079132,0.14304383099079132,0.14304383099079132,8750,0.0,0.0
2014-09-01 00:00:00+08:00,0.14225787041642377,0.14382977783679962,0.14225787041642377,0.14382977783679962,220000,0.0,0.0
2014-09-02 00:00:00+08:00,0.1485454955553165,0.1493314492414695,0.1477595418691635,0.1477595418691635,181250,0.0,0.0
2014-09-03 00:00:00+08:00,0.14618763327598572,0.14618763327598572,0.14618763327598572,0.14618763327598572,86250,0.0,0.0
2014-09-04 00:00:00+08:00,0.1493314504623413,0.1493314504623413,0.1493314504623413,0.1493314504623413,2500,0.0,0.0
2014-09-05 00:00:00+08:00,0.14540168405845527,0.14540168405845527,0.14147190090036005,0.14225786924362183,95000,0.0,0.0
2014-09-08 00:00:00+08:00,0.14147190320778685,0.14540168642997742,0.14147190320778685,0.14540168642997742,35000,0.0,0.0
2014-09-09 00:00:00+08:00,0.14304383099079132,0.14304383099079132,0.14304383099079132,0.14304383099079132,43750,0.0,0.0
2014-09-10 00:00:00+08:00,0.14304382528039528,0.14540168642997742,0.14304382528039528,0.14540168642997742,43750,0.0,0.0
2014-09-11 00:00:00+08:00,0.14461573271345002,0.14540168642997742,0.14461573271345002,0.14540168642997742,60000,0.0,0.0
2014-09-12 00:00:00+08:00,0.14540168642997742,0.14540168642997742,0.14540168642997742,0.14540168642997742,0,0.0,0.0
2014-09-15 00:00:00+08:00,0.14147190090036005,0.14225786924362183,0.14147190090036005,0.14225786924362183,41250,0.0,0.0
2014-09-16 00:00:00+08:00,0.14225786924362183,0.14225786924362183,0.14225786924362183,0.14225786924362183,0,0.0,0.0
2014-09-17 00:00:00+08:00,0.14147190749645233,0.14147190749645233,0.14147190749645233,0.14147190749645233,75000,0.0,0.0
2014-09-18 00:00:00+08:00,0.14225787587635969,0.14225787587635969,0.14147190749645233,0.14147190749645233,62500,0.0,0.0
2014-09-19 00:00:00+08:00,0.14147190749645233,0.14147190749645233,0.14147190749645233,0.14147190749645233,100000,0.0,0.0
2014-09-22 00:00:00+08:00,0.14147190749645233,0.14147190749645233,0.14147190749645233,0.14147190749645233,0,0.0,0.0
2014-09-23 00:00:00+08:00,0.14147190749645233,0.14147190749645233,0.14147190749645233,0.14147190749645233,0,0.0,0.0
2014-09-24 00:00:00+08:00,0.13911403781926612,0.1493314504623413,0.13911403781926612,0.1493314504623413,11250,0.0,0.0
2014-09-25 00:00:00+08:00,0.14147189774038654,0.1485454955553165,0.14147189774038654,0.1477595418691635,100000,0.0,0.0
2014-09-26 00:00:00+08:00,0.14540168642997742,0.14540168642997742,0.14540168642997742,0.14540168642997742,12500,0.0,0.0
2014-09-29 00:00:00+08:00,0.14540168642997742,0.14540168642997742,0.14540168642997742,0.14540168642997742,0,0.0,0.0
2014-09-30 00:00:00+08:00,0.14225786924362183,0.14225786924362183,0.14225786924362183,0.14225786924362183,16250,0.0,0.0
2014-10-01 00:00:00+08:00,0.14225786924362183,0.14225786924362183,0.14225786924362183,0.14225786924362183,7500,0.0,0.0
2014-10-02 00:00:00+08:00,0.13754212856292725,0.13754212856292725,0.13754212856292725,0.13754212856292725,12500,0.0,0.0
2014-10-03 00:00:00+08:00,0.13754213879468605,0.14147190749645233,0.13754213879468605,0.14147190749645233,65000,0.0,0.0
2014-10-07 00:00:00+08:00,0.14540168642997742,0.14540168642997742,0.14540168642997742,0.14540168642997742,52500,0.0,0.0
2014-10-08 00:00:00+08:00,0.14540168642997742,0.14540168642997742,0.14540168642997742,0.14540168642997742,210000,0.0,0.0
2014-10-09 00:00:00+08:00,0.14540168642997742,0.14540168642997742,0.14540168642997742,0.14540168642997742,0,0.0,0.0
2014-10-10 00:00:00+08:00,0.14382977783679962,0.14382977783679962,0.14382977783679962,0.14382977783679962,2500,0.0,0.0
2014-10-13 00:00:00+08:00,0.14147189697235807,0.14147189697235807,0.13754212856292725,0.13754212856292725,2500,0.0,0.0
2014-10-14 00:00:00+08:00,0.13754212856292725,0.13754212856292725,0.13754212856292725,0.13754212856292725,12500,0.0,0.0
2014-10-15 00:00:00+08:00,0.14147189697235807,0.14147189697235807,0.13754212856292725,0.13754212856292725,100000,0.0,0.0
2014-10-16 00:00:00+08:00,0.13754212856292725,0.13754212856292725,0.13754212856292725,0.13754212856292725,0,0.0,0.0
2014-10-17 00:00:00+08:00,0.13754212856292725,0.13754212856292725,0.13754212856292725,0.13754212856292725,0,0.0,0.0
2014-10-20 00:00:00+08:00,0.13754212856292725,0.13754212856292725,0.13754212856292725,0.13754212856292725,0,0.0,0.0
2014-10-21 00:00:00+08:00,0.13675618055270491,0.13675618055270491,0.13518427312374115,0.13518427312374115,137500,0.0,0.0
2014-10-22 00:00:00+08:00,0.13518427312374115,0.13518427312374115,0.13518427312374115,0.13518427312374115,0,0.0,0.0
2014-10-24 00:00:00+08:00,0.1477595418691635,0.1477595418691635,0.1477595418691635,0.1477595418691635,0,0.0,0.0
2014-10-27 00:00:00+08:00,0.1469735971497594,0.1469735971497594,0.1391140451691711,0.13989999890327454,75000,0.0,0.0
2014-10-28 00:00:00+08:00,0.14239999651908875,0.14239999651908875,0.14239999651908875,0.14239999651908875,0,0.0025,0.0
2014-10-29 00:00:00+08:00,0.14239999651908875,0.14239999651908875,0.14239999651908875,0.14239999651908875,0,0.0,0.0
2014-10-30 00:00:00+08:00,0.14239999651908875,0.14239999651908875,0.14239999651908875,0.14239999651908875,0,0.0,0.0
2014-10-31 00:00:00+08:00,0.14000000059604645,0.14000000059604645,0.13840000331401825,0.13840000331401825,167500,0.0,0.0
2014-11-03 00:00:00+08:00,0.14000000059604645,0.14000000059604645,0.13600000739097595,0.13600000739097595,97500,0.0,0.0
2014-11-04 00:00:00+08:00,0.13600000739097595,0.13600000739097595,0.13600000739097595,0.13600000739097595,0,0.0,0.0
2014-11-05 00:00:00+08:00,0.13600000739097595,0.13600000739097595,0.13600000739097595,0.13600000739097595,0,0.0,0.0
2014-11-06 00:00:00+08:00,0.13279999792575836,0.13279999792575836,0.13279999792575836,0.13279999792575836,1250,0.0,0.0
2014-11-07 00:00:00+08:00,0.14079999923706055,0.14399999380111694,0.13920000195503235,0.14399999380111694,33750,0.0,0.0
2014-11-10 00:00:00+08:00,0.13600000739097595,0.15039999783039093,0.13600000739097595,0.15039999783039093,3750,0.0,0.0
2014-11-11 00:00:00+08:00,0.15039999783039093,0.15039999783039093,0.15039999783039093,0.15039999783039093,0,0.0,0.0
2014-11-12 00:00:00+08:00,0.15039999783039093,0.15039999783039093,0.15039999783039093,0.15039999783039093,0,0.0,0.0
2014-11-13 00:00:00+08:00,0.15039999783039093,0.15039999783039093,0.15039999783039093,0.15039999783039093,0,0.0,0.0
2014-11-14 00:00:00+08:00,0.13600000739097595,0.14319999516010284,0.13519999384880066,0.13680000603199005,76250,0.0,0.0
2014-11-17 00:00:00+08:00,0.15119999647140503,0.15199999511241913,0.13600000739097595,0.13600000739097595,312500,0.0,0.0
2014-11-18 00:00:00+08:00,0.13600000739097595,0.13760000467300415,0.13600000739097595,0.13600000739097595,106250,0.0,0.0
2014-11-19 00:00:00+08:00,0.13760000467300415,0.13760000467300415,0.13279999792575836,0.13600000739097595,242500,0.0,0.0
2014-11-20 00:00:00+08:00,0.13680000603199005,0.13680000603199005,0.13600000739097595,0.13600000739097595,65000,0.0,0.0
2014-11-21 00:00:00+08:00,0.13600000739097595,0.14000000059604645,0.13600000739097595,0.14000000059604645,6250,0.0,0.0
2014-11-24 00:00:00+08:00,0.13120000064373016,0.13600000739097595,0.13120000064373016,0.13600000739097595,28750,0.0,0.0
2014-11-25 00:00:00+08:00,0.13600000739097595,0.13600000739097595,0.13600000739097595,0.13600000739097595,0,0.0,0.0
2014-11-26 00:00:00+08:00,0.13600000739097595,0.13600000739097595,0.13600000739097595,0.13600000739097595,0,0.0,0.0
2014-11-27 00:00:00+08:00,0.13439999520778656,0.13439999520778656,0.12800000607967377,0.12800000607967377,88750,0.0,0.0
2014-11-28 00:00:00+08:00,0.12800000607967377,0.12800000607967377,0.12800000607967377,0.12800000607967377,0,0.0,0.0
2014-12-01 00:00:00+08:00,0.12399999797344208,0.12559999525547028,0.12399999797344208,0.12559999525547028,27500,0.0,0.0
2014-12-02 00:00:00+08:00,0.12639999389648438,0.12800000607967377,0.12639999389648438,0.12800000607967377,75000,0.0,0.0
2014-12-03 00:00:00+08:00,0.12800000607967377,0.12800000607967377,0.12800000607967377,0.12800000607967377,37500,0.0,0.0
2014-12-04 00:00:00+08:00,0.12800000607967377,0.12800000607967377,0.12800000607967377,0.12800000607967377,0,0.0,0.0
2014-12-05 00:00:00+08:00,0.12479999661445618,0.13840000331401825,0.12479999661445618,0.13840000331401825,3750,0.0,0.0
2014-12-08 00:00:00+08:00,0.12399999797344208,0.14399999380111694,0.12399999797344208,0.14399999380111694,125000,0.0,0.0
2014-12-09 00:00:00+08:00,0.14319999516010284,0.14399999380111694,0.12800000607967377,0.12800000607967377,7500,0.0,0.0
2014-12-10 00:00:00+08:00,0.13600000739097595,0.13600000739097595,0.13600000739097595,0.13600000739097595,2500,0.0,0.0
2014-12-11 00:00:00+08:00,0.12960000336170197,0.13600000739097595,0.12960000336170197,0.13600000739097595,22500,0.0,0.0
2014-12-12 00:00:00+08:00,0.12880000472068787,0.13600000739097595,0.12880000472068787,0.13600000739097595,31250,0.0,0.0
2014-12-15 00:00:00+08:00,0.13600000739097595,0.13600000739097595,0.13600000739097595,0.13600000739097595,0,0.0,0.0
2014-12-16 00:00:00+08:00,0.12319999933242798,0.12800000607967377,0.12240000069141388,0.12800000607967377,67500,0.0,0.0
2014-12-17 00:00:00+08:00,0.12800000607967377,0.12800000607967377,0.12800000607967377,0.12800000607967377,0,0.0,0.0
2014-12-18 00:00:00+08:00,0.14239999651908875,0.14399999380111694,0.13600000739097595,0.13600000739097595,131250,0.0,0.0
2014-12-19 00:00:00+08:00,0.13600000739097595,0.13600000739097595,0.13199999928474426,0.13519999384880066,22500,0.0,0.0
2014-12-22 00:00:00+08:00,0.12800000607967377,0.12880000472068787,0.12800000607967377,0.12880000472068787,25000,0.0,0.0
2014-12-23 00:00:00+08:00,0.12880000472068787,0.12880000472068787,0.12880000472068787,0.12880000472068787,0,0.0,0.0
2014-12-24 00:00:00+08:00,0.12880000472068787,0.12880000472068787,0.12880000472068787,0.12880000472068787,0,0.0,0.0
2014-12-26 00:00:00+08:00,0.12880000472068787,0.12880000472068787,0.12880000472068787,0.12880000472068787,0,0.0,0.0
2014-12-29 00:00:00+08:00,0.12880000472068787,0.12880000472068787,0.12880000472068787,0.12880000472068787,0,0.0,0.0
2014-12-30 00:00:00+08:00,0.12960000336170197,0.14319999516010284,0.12960000336170197,0.14319999516010284,18750,0.0,0.0
2014-12-31 00:00:00+08:00,0.14319999516010284,0.14319999516010284,0.14319999516010284,0.14319999516010284,0,0.0,0.0
2015-01-02 00:00:00+08:00,0.14079999923706055,0.14079999923706055,0.14079999923706055,0.14079999923706055,37500,0.0,0.0
2015-01-05 00:00:00+08:00,0.14079999923706055,0.14079999923706055,0.14079999923706055,0.14079999923706055,0,0.0,0.0
2015-01-06 00:00:00+08:00,0.13040000200271606,0.13600000739097595,0.12960000336170197,0.13600000739097595,45000,0.0,0.0
2015-01-07 00:00:00+08:00,0.13600000739097595,0.13600000739097595,0.13600000739097595,0.13600000739097595,0,0.0,0.0
2015-01-08 00:00:00+08:00,0.12960000336170197,0.13439999520778656,0.12960000336170197,0.13439999520778656,25000,0.0,0.0
2015-01-09 00:00:00+08:00,0.13439999520778656,0.13439999520778656,0.13439999520778656,0.13439999520778656,12500,0.0,0.0
2015-01-12 00:00:00+08:00,0.13359999656677246,0.13359999656677246,0.13359999656677246,0.13359999656677246,33750,0.0,0.0
2015-01-13 00:00:00+08:00,0.12880000472068787,0.12960000336170197,0.12880000472068787,0.12960000336170197,61250,0.0,0.0
2015-01-14 00:00:00+08:00,0.12880000472068787,0.12880000472068787,0.12800000607967377,0.12800000607967377,131250,0.0,0.0
2015-01-15 00:00:00+08:00,0.12800000607967377,0.12800000607967377,0.12800000607967377,0.12800000607967377,25000,0.0,0.0
2015-01-16 00:00:00+08:00,0.12800000607967377,0.12800000607967377,0.12639999389648438,0.12639999389648438,243750,0.0,0.0
2015-01-19 00:00:00+08:00,0.12639999389648438,0.12639999389648438,0.12639999389648438,0.12639999389648438,15000,0.0,0.0
2015-01-20 00:00:00+08:00,0.12639999389648438,0.12639999389648438,0.12639999389648438,0.12639999389648438,0,0.0,0.0
2015-01-21 00:00:00+08:00,0.12639999389648438,0.12639999389648438,0.12639999389648438,0.12639999389648438,0,0.0,0.0
2015-01-22 00:00:00+08:00,0.12639999389648438,0.12639999389648438,0.12639999389648438,0.12639999389648438,0,0.0,0.0
2015-01-23 00:00:00+08:00,0.12639999389648438,0.12639999389648438,0.12639999389648438,0.12639999389648438,0,0.0,0.0
2015-01-26 00:00:00+08:00,0.12639999389648438,0.12639999389648438,0.12639999389648438,0.12639999389648438,0,0.0,0.0
2015-01-27 00:00:00+08:00,0.12639999389648438,0.12639999389648438,0.12639999389648438,0.12639999389648438,50000,0.0,0.0
2015-01-28 00:00:00+08:00,0.12800000607967377,0.12800000607967377,0.12639999389648438,0.12800000607967377,107500,0.0,0.0
2015-01-29 00:00:00+08:00,0.12639999389648438,0.12639999389648438,0.12639999389648438,0.12639999389648438,13750,0.0,0.0
2015-01-30 00:00:00+08:00,0.13040000200271606,0.13040000200271606,0.12960000336170197,0.12960000336170197,66250,0.0,0.0
2015-02-02 00:00:00+08:00,0.12240000069141388,0.12319999933242798,0.12160000205039978,0.12160000205039978,37500,0.0,0.0
2015-02-03 00:00:00+08:00,0.12319999933242798,0.12319999933242798,0.12319999933242798,0.12319999933242798,2500,0.0,0.0
2015-02-04 00:00:00+08:00,0.12240000069141388,0.12240000069141388,0.11999999731779099,0.11999999731779099,25000,0.0,0.0
2015-02-05 00:00:00+08:00,0.11999999731779099,0.11999999731779099,0.11999999731779099,0.11999999731779099,0,0.0,0.0
2015-02-06 00:00:00+08:00,0.12240000069141388,0.12720000743865967,0.11999999731779099,0.12720000743865967,80000,0.0,0.0
2015-02-09 00:00:00+08:00,0.12720000743865967,0.12720000743865967,0.12720000743865967,0.12720000743865967,2500,0.0,0.0
2015-02-10 00:00:00+08:00,0.12479999661445618,0.12479999661445618,0.11999999731779099,0.12399999797344208,58750,0.0,0.0
2015-02-11 00:00:00+08:00,0.12479999661445618,0.12479999661445618,0.12479999661445618,0.12479999661445618,2500,0.0,0.0
2015-02-12 00:00:00+08:00,0.12720000743865967,0.12720000743865967,0.12559999525547028,0.12559999525547028,33500,0.0,0.0
2015-02-13 00:00:00+08:00,0.12559999525547028,0.12559999525547028,0.12559999525547028,0.12559999525547028,5000,0.0,0.0
2015-02-16 00:00:00+08:00,0.12559999525547028,0.12559999525547028,0.12559999525547028,0.12559999525547028,0,0.0,0.0
2015-02-17 00:00:00+08:00,0.12559999525547028,0.12559999525547028,0.12559999525547028,0.12559999525547028,12500,0.0,0.0
2015-02-18 00:00:00+08:00,0.14000000059604645,0.14000000059604645,0.14000000059604645,0.14000000059604645,1250,0.0,0.0
2015-02-23 00:00:00+08:00,0.12399999797344208,0.12399999797344208,0.12080000340938568,0.12080000340938568,148750,0.0,0.0
2015-02-24 00:00:00+08:00,0.12720000743865967,0.12720000743865967,0.12720000743865967,0.12720000743865967,5000,0.0,0.0
2015-02-25 00:00:00+08:00,0.12720000743865967,0.12720000743865967,0.12399999797344208,0.12399999797344208,32500,0.0,0.0
2015-02-26 00:00:00+08:00,0.12800000607967377,0.12800000607967377,0.12800000607967377,0.12800000607967377,62500,0.0,0.0
2015-02-27 00:00:00+08:00,0.12160000205039978,0.12240000069141388,0.12080000340938568,0.12080000340938568,81250,0.0,0.0
2015-03-02 00:00:00+08:00,0.12160000205039978,0.12800000607967377,0.12160000205039978,0.12800000607967377,7500,0.0,0.0
2015-03-03 00:00:00+08:00,0.12080000340938568,0.12080000340938568,0.11840000003576279,0.12080000340938568,21750,0.0,0.0
2015-03-04 00:00:00+08:00,0.12080000340938568,0.12080000340938568,0.12080000340938568,0.12080000340938568,0,0.0,0.0
2015-03-05 00:00:00+08:00,0.12399999797344208,0.12399999797344208,0.12399999797344208,0.12399999797344208,4500,0.0,0.0
2015-03-06 00:00:00+08:00,0.11919999867677689,0.11919999867677689,0.11919999867677689,0.11919999867677689,12500,0.0,0.0
2015-03-09 00:00:00+08:00,0.11919999867677689,0.11919999867677689,0.11919999867677689,0.11919999867677689,0,0.0,0.0
2015-03-10 00:00:00+08:00,0.1120000034570694,0.11599999666213989,0.1120000034570694,0.1143999993801117,195000,0.0,0.0
2015-03-11 00:00:00+08:00,0.1120000034570694,0.1143999993801117,0.1088000014424324,0.1136000007390976,287625,0.0,0.0
2015-03-12 00:00:00+08:00,0.1120000034570694,0.1120000034570694,0.1120000034570694,0.1120000034570694,262500,0.0,0.0
2015-03-13 00:00:00+08:00,0.1096000000834465,0.1120000034570694,0.10719999670982361,0.10719999670982361,524375,0.0,0.0
2015-03-16 00:00:00+08:00,0.1120000034570694,0.1120000034570694,0.09839999675750732,0.09839999675750732,331000,0.0,0.0
2015-03-17 00:00:00+08:00,0.09839999675750732,0.09839999675750732,0.09679999947547913,0.09679999947547913,622625,0.0,0.0
2015-03-18 00:00:00+08:00,0.09600000083446503,0.09600000083446503,0.09440000355243683,0.09520000219345093,497500,0.0,0.0
2015-03-19 00:00:00+08:00,0.09359999746084213,0.09359999746084213,0.09279999881982803,0.09279999881982803,25000,0.0,0.0
2015-03-20 00:00:00+08:00,0.09600000083446503,0.09600000083446503,0.09600000083446503,0.09600000083446503,62500,0.0,0.0
2015-03-23 00:00:00+08:00,0.09600000083446503,0.09600000083446503,0.09600000083446503,0.09600000083446503,1250,0.0,0.0
2015-03-24 00:00:00+08:00,0.10400000214576721,0.10400000214576721,0.10400000214576721,0.10400000214576721,28750,0.0,0.0
2015-03-25 00:00:00+08:00,0.09600000083446503,0.09600000083446503,0.09600000083446503,0.09600000083446503,62500,0.0,0.0
2015-03-26 00:00:00+08:00,0.09600000083446503,0.09600000083446503,0.09600000083446503,0.09600000083446503,0,0.0,0.0
2015-03-27 00:00:00+08:00,0.09679999947547913,0.09679999947547913,0.09600000083446503,0.09600000083446503,5000,0.0,0.0
2015-03-30 00:00:00+08:00,0.09679999947547913,0.10239999741315842,0.09520000219345093,0.10239999741315842,51250,0.0,0.0
2015-03-31 00:00:00+08:00,0.09679999947547913,0.10080000013113022,0.09679999947547913,0.10080000013113022,12875,0.0,0.0
2015-04-01 00:00:00+08:00,0.09839999675750732,0.09839999675750732,0.09600000083446503,0.09839999675750732,133750,0.0,0.0
2015-04-02 00:00:00+08:00,0.09839999675750732,0.10000000149011612,0.09839999675750732,0.10000000149011612,12500,0.0,0.0
2015-04-06 00:00:00+08:00,0.09839999675750732,0.09839999675750732,0.09600000083446503,0.09679999947547913,43750,0.0,0.0
2015-04-07 00:00:00+08:00,0.09839999675750732,0.09839999675750732,0.09839999675750732,0.09839999675750732,2500,0.0,0.0
2015-04-08 00:00:00+08:00,0.10239999741315842,0.10480000078678131,0.10239999741315842,0.10320000350475311,93750,0.0,0.0
2015-04-09 00:00:00+08:00,0.10400000214576721,0.10400000214576721,0.10400000214576721,0.10400000214576721,3625,0.0,0.0
2015-04-10 00:00:00+08:00,0.10639999806880951,0.10719999670982361,0.10639999806880951,0.10719999670982361,31250,0.0,0.0
2015-04-13 00:00:00+08:00,0.10719999670982361,0.10719999670982361,0.10719999670982361,0.10719999670982361,0,0.0,0.0
2015-04-14 00:00:00+08:00,0.1080000028014183,0.1080000028014183,0.1080000028014183,0.1080000028014183,1250,0.0,0.0
2015-04-15 00:00:00+08:00,0.09759999811649323,0.10400000214576721,0.09759999811649323,0.10400000214576721,63750,0.0,0.0
2015-04-16 00:00:00+08:00,0.10400000214576721,0.10400000214576721,0.10400000214576721,0.10400000214576721,0,0.0,0.0
2015-04-17 00:00:00+08:00,0.10480000078678131,0.10480000078678131,0.10480000078678131,0.10480000078678131,6250,0.0,0.0
2015-04-20 00:00:00+08:00,0.10559999942779541,0.10559999942779541,0.10559999942779541,0.10559999942779541,25000,0.0,0.0
2015-04-21 00:00:00+08:00,0.10559999942779541,0.10559999942779541,0.10559999942779541,0.10559999942779541,2500,0.0,0.0
2015-04-22 00:00:00+08:00,0.10559999942779541,0.10719999670982361,0.10559999942779541,0.10719999670982361,67500,0.0,0.0
2015-04-23 00:00:00+08:00,0.10719999670982361,0.10719999670982361,0.10719999670982361,0.10719999670982361,0,0.0,0.0
2015-04-24 00:00:00+08:00,0.10719999670982361,0.10719999670982361,0.10719999670982361,0.10719999670982361,0,0.0,0.0
2015-04-27 00:00:00+08:00,0.10719999670982361,0.10719999670982361,0.10719999670982361,0.10719999670982361,0,0.0,0.0
2015-04-28 00:00:00+08:00,0.10719999670982361,0.10719999670982361,0.10719999670982361,0.10719999670982361,0,0.0,0.0
2015-04-29 00:00:00+08:00,0.10719999670982361,0.10719999670982361,0.10719999670982361,0.10719999670982361,0,0.0,0.0
2015-04-30 00:00:00+08:00,0.10159999877214432,0.10320000350475311,0.10159999877214432,0.10320000350475311,625,0.0,0.0
2015-05-04 00:00:00+08:00,0.10320000350475311,0.10320000350475311,0.10320000350475311,0.10320000350475311,0,0.0,0.0
2015-05-05 00:00:00+08:00,0.10000000149011612,0.10639999806880951,0.10000000149011612,0.10639999806880951,25125,0.0,0.0
2015-05-06 00:00:00+08:00,0.10320000350475311,0.10400000214576721,0.10320000350475311,0.10400000214576721,15000,0.0,0.0
2015-05-07 00:00:00+08:00,0.10159999877214432,0.10159999877214432,0.10159999877214432,0.10159999877214432,18750,0.0,0.0
2015-05-08 00:00:00+08:00,0.09279999881982803,0.10400000214576721,0.08799999952316284,0.09120000153779984,69125,0.0,0.0
2015-05-11 00:00:00+08:00,0.09440000355243683,0.10159999877214432,0.09440000355243683,0.09440000355243683,62500,0.0,0.0
2015-05-12 00:00:00+08:00,0.09679999947547913,0.09679999947547913,0.09679999947547913,0.09679999947547913,81250,0.0,0.0
2015-05-13 00:00:00+08:00,0.09520000219345093,0.09759999811649323,0.08959999680519104,0.09440000355243683,318750,0.0,0.0
2015-05-14 00:00:00+08:00,0.09520000219345093,0.09600000083446503,0.09520000219345093,0.09600000083446503,78875,0.0,0.0
2015-05-15 00:00:00+08:00,0.09359999746084213,0.09359999746084213,0.09359999746084213,0.09359999746084213,37500,0.0,0.0
2015-05-18 00:00:00+08:00,0.10080000013113022,0.10320000350475311,0.10080000013113022,0.10080000013113022,37500,0.0,0.0
2015-05-19 00:00:00+08:00,0.09440000355243683,0.09440000355243683,0.09359999746084213,0.09359999746084213,13750,0.0,0.0
2015-05-20 00:00:00+08:00,0.09920000284910202,0.09920000284910202,0.09839999675750732,0.09839999675750732,24750,0.0,0.0
2015-05-21 00:00:00+08:00,0.09839999675750732,0.09839999675750732,0.09440000355243683,0.09440000355243683,45000,0.0,0.0
2015-05-22 00:00:00+08:00,0.09600000083446503,0.09759999811649323,0.09600000083446503,0.09600000083446503,187500,0.0,0.0
2015-05-25 00:00:00+08:00,0.09679999947547913,0.09679999947547913,0.09600000083446503,0.09600000083446503,50000,0.0,0.0
2015-05-26 00:00:00+08:00,0.09600000083446503,0.09600000083446503,0.09600000083446503,0.09600000083446503,0,0.0,0.0
2015-05-27 00:00:00+08:00,0.09600000083446503,0.09600000083446503,0.09520000219345093,0.09520000219345093,125000,0.0,0.0
2015-05-28 00:00:00+08:00,0.09600000083446503,0.09600000083446503,0.09600000083446503,0.09600000083446503,16250,0.0,0.0
2015-05-29 00:00:00+08:00,0.09600000083446503,0.09600000083446503,0.09600000083446503,0.09600000083446503,0,0.0,0.0
2015-06-02 00:00:00+08:00,0.09359999746084213,0.09839999675750732,0.09359999746084213,0.09839999675750732,62500,0.0,0.0
2015-06-03 00:00:00+08:00,0.09839999675750732,0.09839999675750732,0.09839999675750732,0.09839999675750732,37500,0.0,0.0
2015-06-04 00:00:00+08:00,0.09600000083446503,0.09600000083446503,0.09600000083446503,0.09600000083446503,1250,0.0,0.0
2015-06-05 00:00:00+08:00,0.09440000355243683,0.09440000355243683,0.09440000355243683,0.09440000355243683,12500,0.0,0.0
2015-06-08 00:00:00+08:00,0.09440000355243683,0.09440000355243683,0.09440000355243683,0.09440000355243683,0,0.0,0.0
2015-06-09 00:00:00+08:00,0.09279999881982803,0.09279999881982803,0.09279999881982803,0.09279999881982803,62500,0.0,0.0
2015-06-10 00:00:00+08:00,0.09279999881982803,0.09279999881982803,0.09200000017881393,0.09200000017881393,15000,0.0,0.0
2015-06-11 00:00:00+08:00,0.09200000017881393,0.09200000017881393,0.09200000017881393,0.09200000017881393,0,0.0,0.0
2015-06-12 00:00:00+08:00,0.08079999685287476,0.08799999952316284,0.07599999755620956,0.08799999952316284,410000,0.0,0.0
2015-06-15 00:00:00+08:00,0.08799999952316284,0.10400000214576721,0.07919999957084656,0.10320000350475311,184000,0.0,0.0
2015-06-16 00:00:00+08:00,0.10320000350475311,0.10320000350475311,0.10320000350475311,0.10320000350475311,0,0.0,0.0
2015-06-17 00:00:00+08:00,0.10320000350475311,0.10320000350475311,0.10320000350475311,0.10320000350475311,0,0.0,0.0
2015-06-18 00:00:00+08:00,0.10320000350475311,0.10320000350475311,0.10320000350475311,0.10320000350475311,0,0.0,0.0
2015-06-19 00:00:00+08:00,0.10320000350475311,0.10320000350475311,0.10320000350475311,0.10320000350475311,0,0.0,0.0
2015-06-22 00:00:00+08:00,0.08799999952316284,0.09600000083446503,0.08799999952316284,0.09520000219345093,16250,0.0,0.0
2015-06-23 00:00:00+08:00,0.09600000083446503,0.09839999675750732,0.09359999746084213,0.09520000219345093,221625,0.0,0.0
2015-06-24 00:00:00+08:00,0.09520000219345093,0.09520000219345093,0.09520000219345093,0.09520000219345093,0,0.0,0.0
2015-06-25 00:00:00+08:00,0.08959999680519104,0.09600000083446503,0.08959999680519104,0.09359999746084213,97500,0.0,0.0
2015-06-26 00:00:00+08:00,0.09359999746084213,0.09359999746084213,0.09359999746084213,0.09359999746084213,0,0.0,0.0
2015-06-29 00:00:00+08:00,0.09359999746084213,0.09440000355243683,0.09200000017881393,0.09200000017881393,112625,0.0,0.0
2015-06-30 00:00:00+08:00,0.09200000017881393,0.09200000017881393,0.09200000017881393,0.09200000017881393,18750,0.0,0.0
2015-07-01 00:00:00+08:00,0.09200000017881393,0.09200000017881393,0.08799999952316284,0.09200000017881393,53750,0.0,0.0
2015-07-02 00:00:00+08:00,0.09200000017881393,0.09200000017881393,0.09200000017881393,0.09200000017881393,0,0.0,0.0
2015-07-03 00:00:00+08:00,0.09200000017881393,0.09200000017881393,0.09200000017881393,0.09200000017881393,12500,0.0,0.0
2015-07-06 00:00:00+08:00,0.08799999952316284,0.08799999952316284,0.08799999952316284,0.08799999952316284,2500,0.0,0.0
2015-07-07 00:00:00+08:00,0.08799999952316284,0.08959999680519104,0.08799999952316284,0.08959999680519104,19500,0.0,0.0
2015-07-08 00:00:00+08:00,0.08799999952316284,0.08959999680519104,0.08799999952316284,0.08959999680519104,117500,0.0,0.0
2015-07-09 00:00:00+08:00,0.08959999680519104,0.09040000289678574,0.07999999821186066,0.07999999821186066,1250,0.0,0.0
2015-07-10 00:00:00+08:00,0.07999999821186066,0.08160000294446945,0.07999999821186066,0.08160000294446945,19000,0.0,0.0
2015-07-13 00:00:00+08:00,0.08160000294446945,0.08160000294446945,0.08160000294446945,0.08160000294446945,0,0.0,0.0
2015-07-14 00:00:00+08:00,0.08160000294446945,0.08160000294446945,0.08160000294446945,0.08160000294446945,0,0.0,0.0
2015-07-15 00:00:00+08:00,0.08160000294446945,0.08160000294446945,0.08160000294446945,0.08160000294446945,62500,0.0,0.0
2015-07-16 00:00:00+08:00,0.08160000294446945,0.08160000294446945,0.08160000294446945,0.08160000294446945,0,0.0,0.0
2015-07-20 00:00:00+08:00,0.08160000294446945,0.08640000224113464,0.08160000294446945,0.08640000224113464,47375,0.0,0.0
2015-07-21 00:00:00+08:00,0.08959999680519104,0.08959999680519104,0.08959999680519104,0.08959999680519104,12500,0.0,0.0
2015-07-22 00:00:00+08:00,0.08959999680519104,0.08959999680519104,0.08959999680519104,0.08959999680519104,0,0.0,0.0
2015-07-23 00:00:00+08:00,0.08959999680519104,0.08959999680519104,0.08959999680519104,0.08959999680519104,0,0.0,0.0
2015-07-24 00:00:00+08:00,0.08640000224113464,0.08720000088214874,0.08640000224113464,0.08720000088214874,21250,0.0,0.0
2015-07-27 00:00:00+08:00,0.08479999750852585,0.08479999750852585,0.08479999750852585,0.08479999750852585,125000,0.0,0.0
2015-07-28 00:00:00+08:00,0.08479999750852585,0.08479999750852585,0.08320000022649765,0.08320000022649765,125000,0.0,0.0
2015-07-29 00:00:00+08:00,0.08320000022649765,0.08320000022649765,0.08320000022649765,0.08320000022649765,0,0.0,0.0
2015-07-30 00:00:00+08:00,0.08320000022649765,0.08320000022649765,0.08320000022649765,0.08320000022649765,0,0.0,0.0
2015-07-31 00:00:00+08:00,0.08240000158548355,0.08240000158548355,0.08240000158548355,0.08240000158548355,50000,0.0,0.0
2015-08-03 00:00:00+08:00,0.08240000158548355,0.08399999886751175,0.08240000158548355,0.08399999886751175,74000,0.0,0.0
2015-08-04 00:00:00+08:00,0.07999999821186066,0.07999999821186066,0.07999999821186066,0.07999999821186066,1250,0.0,0.0
2015-08-05 00:00:00+08:00,0.07999999821186066,0.07999999821186066,0.07999999821186066,0.07999999821186066,0,0.0,0.0
2015-08-06 00:00:00+08:00,0.07999999821186066,0.07999999821186066,0.07999999821186066,0.07999999821186066,0,0.0,0.0
2015-08-07 00:00:00+08:00,0.07999999821186066,0.07999999821186066,0.07999999821186066,0.07999999821186066,0,0.0,0.0
2015-08-11 00:00:00+08:00,0.09520000219345093,0.09520000219345093,0.06880000233650208,0.07999999821186066,56250,0.0,0.0
2015-08-12 00:00:00+08:00,0.07999999821186066,0.07999999821186066,0.07999999821186066,0.07999999821186066,0,0.0,0.0
2015-08-13 00:00:00+08:00,0.07360000163316727,0.07360000163316727,0.07280000299215317,0.07280000299215317,250,0.0,0.0
2015-08-14 00:00:00+08:00,0.07280000299215317,0.07280000299215317,0.07280000299215317,0.07280000299215317,0,0.0,0.0
2015-08-17 00:00:00+08:00,0.07280000299215317,0.07280000299215317,0.07199999690055847,0.07199999690055847,125000,0.0,0.0
2015-08-18 00:00:00+08:00,0.07199999690055847,0.07199999690055847,0.07199999690055847,0.07199999690055847,37500,0.0,0.0
2015-08-19 00:00:00+08:00,0.07280000299215317,0.08399999886751175,0.07280000299215317,0.07360000163316727,38125,0.0,0.0
2015-08-20 00:00:00+08:00,0.058400001376867294,0.07999999821186066,0.058400001376867294,0.07999999821186066,37500,0.0,0.0
2015-08-21 00:00:00+08:00,0.07599999755620956,0.07599999755620956,0.058400001376867294,0.07519999891519547,107625,0.0,0.0
2015-08-24 00:00:00+08:00,0.05999999865889549,0.05999999865889549,0.05999999865889549,0.05999999865889549,2500,0.0,0.0
2015-08-25 00:00:00+08:00,0.06239999830722809,0.06800000369548798,0.06239999830722809,0.06719999760389328,166250,0.0,0.0
2015-08-26 00:00:00+08:00,0.06719999760389328,0.06719999760389328,0.06719999760389328,0.06719999760389328,0,0.0,0.0
2015-08-27 00:00:00+08:00,0.07199999690055847,0.07199999690055847,0.06639999896287918,0.07119999825954437,70500,0.0,0.0
2015-08-28 00:00:00+08:00,0.06400000303983688,0.07760000228881836,0.06400000303983688,0.07599999755620956,30750,0.0,0.0
2015-08-31 00:00:00+08:00,0.07039999961853027,0.08799999952316284,0.06960000097751617,0.08799999952316284,62500,0.0,0.0
2015-09-01 00:00:00+08:00,0.08799999952316284,0.08799999952316284,0.08799999952316284,0.08799999952316284,0,0.0,0.0
2015-09-02 00:00:00+08:00,0.07199999690055847,0.07519999891519547,0.07199999690055847,0.07519999891519547,12625,0.0,0.0
2015-09-03 00:00:00+08:00,0.07519999891519547,0.07519999891519547,0.07519999891519547,0.07519999891519547,0,0.0,0.0
2015-09-04 00:00:00+08:00,0.08720000088214874,0.08720000088214874,0.08640000224113464,0.08640000224113464,1375,0.0,0.0
2015-09-07 00:00:00+08:00,0.08640000224113464,0.08640000224113464,0.08640000224113464,0.08640000224113464,125,0.0,0.0
2015-09-08 00:00:00+08:00,0.0551999993622303,0.07599999755620956,0.0544000007212162,0.06719999760389328,15000,0.0,0.0
2015-09-09 00:00:00+08:00,0.08720000088214874,0.08720000088214874,0.08720000088214874,0.08720000088214874,125,0.0,0.0
2015-09-10 00:00:00+08:00,0.08720000088214874,0.08720000088214874,0.08720000088214874,0.08720000088214874,0,0.0,0.0
2015-09-14 00:00:00+08:00,0.07119999825954437,0.08720000088214874,0.07119999825954437,0.08399999886751175,1500,0.0,0.0
2015-09-15 00:00:00+08:00,0.07760000228881836,0.07760000228881836,0.07760000228881836,0.07760000228881836,37500,0.0,0.0
2015-09-16 00:00:00+08:00,0.07519999891519547,0.08799999952316284,0.07519999891519547,0.08560000360012054,177375,0.0,0.0
2015-09-17 00:00:00+08:00,0.08560000360012054,0.08560000360012054,0.08560000360012054,0.08560000360012054,0,0.0,0.0
2015-09-18 00:00:00+08:00,0.08560000360012054,0.08560000360012054,0.08560000360012054,0.08560000360012054,0,0.0,0.0
2015-09-21 00:00:00+08:00,0.08560000360012054,0.08560000360012054,0.08560000360012054,0.08560000360012054,0,0.0,0.0
2015-09-22 00:00:00+08:00,0.07199999690055847,0.07199999690055847,0.07199999690055847,0.07199999690055847,2500,0.0,0.0
2015-09-23 00:00:00+08:00,0.07280000299215317,0.07280000299215317,0.07199999690055847,0.07199999690055847,50000,0.0,0.0
2015-09-25 00:00:00+08:00,0.07999999821186066,0.07999999821186066,0.07680000364780426,0.07680000364780426,22375,0.0,0.0
2015-09-28 00:00:00+08:00,0.07680000364780426,0.07680000364780426,0.07680000364780426,0.07680000364780426,0,0.0,0.0
2015-09-29 00:00:00+08:00,0.07919999957084656,0.07919999957084656,0.07919999957084656,0.07919999957084656,12500,0.0,0.0
2015-09-30 00:00:00+08:00,0.07919999957084656,0.07919999957084656,0.07919999957084656,0.07919999957084656,0,0.0,0.0
2015-10-01 00:00:00+08:00,0.07919999957084656,0.07919999957084656,0.07919999957084656,0.07919999957084656,0,0.0,0.0
2015-10-02 00:00:00+08:00,0.07919999957084656,0.07919999957084656,0.07919999957084656,0.07919999957084656,0,0.0,0.0
2015-10-05 00:00:00+08:00,0.07919999957084656,0.07919999957084656,0.07919999957084656,0.07919999957084656,0,0.0,0.0
2015-10-06 00:00:00+08:00,0.07919999957084656,0.07919999957084656,0.07919999957084656,0.07919999957084656,0,0.0,0.0
2015-10-07 00:00:00+08:00,0.07919999957084656,0.07919999957084656,0.07919999957084656,0.07919999957084656,0,0.0,0.0
2015-10-08 00:00:00+08:00,0.07840000092983246,0.07840000092983246,0.07840000092983246,0.07840000092983246,25000,0.0,0.0
2015-10-09 00:00:00+08:00,0.07840000092983246,0.07840000092983246,0.07840000092983246,0.07840000092983246,0,0.0,0.0
2015-10-12 00:00:00+08:00,0.06319999694824219,0.07760000228881836,0.06239999830722809,0.07760000228881836,51250,0.0,0.0
2015-10-13 00:00:00+08:00,0.07760000228881836,0.07760000228881836,0.07760000228881836,0.07760000228881836,2500,0.0,0.0
2015-10-14 00:00:00+08:00,0.07840000092983246,0.07840000092983246,0.07840000092983246,0.07840000092983246,16750,0.0,0.0
2015-10-15 00:00:00+08:00,0.06239999830722809,0.07919999957084656,0.06239999830722809,0.07919999957084656,167500,0.0,0.0
2015-10-16 00:00:00+08:00,0.07039999961853027,0.07760000228881836,0.07039999961853027,0.07760000228881836,37375,0.0,0.0
2015-10-19 00:00:00+08:00,0.07760000228881836,0.07760000228881836,0.07760000228881836,0.07760000228881836,10000,0.0,0.0
2015-10-20 00:00:00+08:00,0.07680000364780426,0.07680000364780426,0.07280000299215317,0.07680000364780426,62500,0.0,0.0
2015-10-21 00:00:00+08:00,0.07680000364780426,0.07680000364780426,0.07680000364780426,0.07680000364780426,0,0.0,0.0
2015-10-22 00:00:00+08:00,0.07680000364780426,0.07680000364780426,0.07680000364780426,0.07680000364780426,0,0.0,0.0
2015-10-23 00:00:00+08:00,0.07680000364780426,0.07680000364780426,0.07680000364780426,0.07680000364780426,0,0.0,0.0
2015-10-26 00:00:00+08:00,0.07680000364780426,0.07680000364780426,0.07680000364780426,0.07680000364780426,0,0.0,0.0
2015-10-27 00:00:00+08:00,0.07680000364780426,0.07680000364780426,0.07680000364780426,0.07680000364780426,0,0.0,0.0
2015-10-28 00:00:00+08:00,0.07680000364780426,0.07680000364780426,0.07680000364780426,0.07680000364780426,0,0.0,0.0
2015-10-29 00:00:00+08:00,0.07680000364780426,0.07680000364780426,0.07680000364780426,0.07680000364780426,0,0.0,0.0
2015-10-30 00:00:00+08:00,0.07119999825954437,0.07599999755620956,0.07119999825954437,0.07599999755620956,103750,0.0,0.0
2015-11-02 00:00:00+08:00,0.07360000163316727,0.07440000027418137,0.06080000102519989,0.06080000102519989,83500,0.0,0.0
2015-11-03 00:00:00+08:00,0.06480000168085098,0.06480000168085098,0.06480000168085098,0.06480000168085098,125,0.0,0.0
2015-11-04 00:00:00+08:00,0.06400000303983688,0.06400000303983688,0.06400000303983688,0.06400000303983688,27500,0.0,0.0
2015-11-05 00:00:00+08:00,0.06400000303983688,0.06400000303983688,0.06400000303983688,0.06400000303983688,0,0.0,0.0
2015-11-06 00:00:00+08:00,0.06400000303983688,0.06400000303983688,0.06319999694824219,0.06319999694824219,31250,0.0,0.0
2015-11-09 00:00:00+08:00,0.06400000303983688,0.07199999690055847,0.06400000303983688,0.06880000233650208,140875,0.0,0.0
2015-11-11 00:00:00+08:00,0.06880000233650208,0.06880000233650208,0.06880000233650208,0.06880000233650208,0,0.0,0.0
2015-11-12 00:00:00+08:00,0.07199999690055847,0.07199999690055847,0.07199999690055847,0.07199999690055847,12500,0.0,0.0
2015-11-13 00:00:00+08:00,0.07039999961853027,0.07039999961853027,0.07039999961853027,0.07039999961853027,37500,0.0,0.0
2015-11-16 00:00:00+08:00,0.07039999961853027,0.07039999961853027,0.07039999961853027,0.07039999961853027,36250,0.0,0.0
2015-11-17 00:00:00+08:00,0.07280000299215317,0.07280000299215317,0.07280000299215317,0.07280000299215317,50000,0.0,0.0
2015-11-18 00:00:00+08:00,0.07360000163316727,0.07360000163316727,0.07360000163316727,0.07360000163316727,62500,0.0,0.0
2015-11-19 00:00:00+08:00,0.07199999690055847,0.07199999690055847,0.07199999690055847,0.07199999690055847,37500,0.0,0.0
2015-11-20 00:00:00+08:00,0.07360000163316727,0.07360000163316727,0.07360000163316727,0.07360000163316727,37500,0.0,0.0
2015-11-23 00:00:00+08:00,0.07360000163316727,0.07360000163316727,0.07360000163316727,0.07360000163316727,0,0.0,0.0
2015-11-24 00:00:00+08:00,0.07360000163316727,0.07360000163316727,0.07360000163316727,0.07360000163316727,0,0.0,0.0
2015-11-25 00:00:00+08:00,0.07360000163316727,0.07360000163316727,0.07360000163316727,0.07360000163316727,0,0.0,0.0
2015-11-26 00:00:00+08:00,0.07360000163316727,0.07360000163316727,0.07360000163316727,0.07360000163316727,0,0.0,0.0
2015-11-27 00:00:00+08:00,0.07199999690055847,0.07199999690055847,0.06159999966621399,0.07039999961853027,81875,0.0,0.0
2015-11-30 00:00:00+08:00,0.06560000032186508,0.06719999760389328,0.06560000032186508,0.06560000032186508,38375,0.0,0.0
2015-12-01 00:00:00+08:00,0.06560000032186508,0.06560000032186508,0.06560000032186508,0.06560000032186508,0,0.0,0.0
2015-12-02 00:00:00+08:00,0.06719999760389328,0.06719999760389328,0.06719999760389328,0.06719999760389328,187500,0.0,0.0
2015-12-03 00:00:00+08:00,0.06880000233650208,0.06880000233650208,0.06880000233650208,0.06880000233650208,111250,0.0,0.0
2015-12-04 00:00:00+08:00,0.06480000168085098,0.06480000168085098,0.06480000168085098,0.06480000168085098,6250,0.0,0.0
2015-12-07 00:00:00+08:00,0.06319999694824219,0.06319999694824219,0.06239999830722809,0.06239999830722809,63750,0.0,0.0
2015-12-08 00:00:00+08:00,0.06159999966621399,0.06400000303983688,0.06159999966621399,0.06400000303983688,28750,0.0,0.0
2015-12-09 00:00:00+08:00,0.06080000102519989,0.06080000102519989,0.05999999865889549,0.05999999865889549,6250,0.0,0.0
2015-12-10 00:00:00+08:00,0.06080000102519989,0.06080000102519989,0.05920000001788139,0.05920000001788139,93750,0.0,0.0
2015-12-11 00:00:00+08:00,0.05999999865889549,0.05999999865889549,0.05999999865889549,0.05999999865889549,12500,0.0,0.0
2015-12-14 00:00:00+08:00,0.06080000102519989,0.06239999830722809,0.06080000102519989,0.06159999966621399,24000,0.0,0.0
2015-12-15 00:00:00+08:00,0.06560000032186508,0.06560000032186508,0.06080000102519989,0.06080000102519989,143750,0.0,0.0
2015-12-16 00:00:00+08:00,0.06080000102519989,0.06080000102519989,0.06080000102519989,0.06080000102519989,0,0.0,0.0
2015-12-17 00:00:00+08:00,0.06319999694824219,0.06400000303983688,0.06239999830722809,0.06319999694824219,177000,0.0,0.0
2015-12-18 00:00:00+08:00,0.06319999694824219,0.06319999694824219,0.06319999694824219,0.06319999694824219,0,0.0,0.0
2015-12-21 00:00:00+08:00,0.06319999694824219,0.06400000303983688,0.04800000041723251,0.06400000303983688,1500,0.0,0.0
2015-12-22 00:00:00+08:00,0.0560000017285347,0.06560000032186508,0.0560000017285347,0.06560000032186508,47500,0.0,0.0
2015-12-23 00:00:00+08:00,0.05920000001788139,0.06400000303983688,0.05920000001788139,0.06400000303983688,65000,0.0,0.0
2015-12-24 00:00:00+08:00,0.06400000303983688,0.06400000303983688,0.06400000303983688,0.06400000303983688,0,0.0,0.0
2015-12-28 00:00:00+08:00,0.06400000303983688,0.06400000303983688,0.06400000303983688,0.06400000303983688,0,0.0,0.0
2015-12-29 00:00:00+08:00,0.06400000303983688,0.07280000299215317,0.06400000303983688,0.07280000299215317,68500,0.0,0.0
2015-12-30 00:00:00+08:00,0.07280000299215317,0.07280000299215317,0.07280000299215317,0.07280000299215317,0,0.0,0.0
2015-12-31 00:00:00+08:00,0.07280000299215317,0.07280000299215317,0.07280000299215317,0.07280000299215317,0,0.0,0.0
2016-01-04 00:00:00+08:00,0.07280000299215317,0.07280000299215317,0.07280000299215317,0.07280000299215317,0,0.0,0.0
2016-01-05 00:00:00+08:00,0.07280000299215317,0.07280000299215317,0.07280000299215317,0.07280000299215317,0,0.0,0.0
2016-01-06 00:00:00+08:00,0.07280000299215317,0.07280000299215317,0.07280000299215317,0.07280000299215317,0,0.0,0.0
2016-01-07 00:00:00+08:00,0.07280000299215317,0.07280000299215317,0.07280000299215317,0.07280000299215317,0,0.0,0.0
2016-01-08 00:00:00+08:00,0.07280000299215317,0.07280000299215317,0.07280000299215317,0.07280000299215317,0,0.0,0.0
2016-01-11 00:00:00+08:00,0.07280000299215317,0.07280000299215317,0.07280000299215317,0.07280000299215317,0,0.0,0.0
2016-01-12 00:00:00+08:00,0.07199999690055847,0.07199999690055847,0.07199999690055847,0.07199999690055847,125,0.0,0.0
2016-01-13 00:00:00+08:00,0.07199999690055847,0.07199999690055847,0.07199999690055847,0.07199999690055847,0,0.0,0.0
2016-01-14 00:00:00+08:00,0.07199999690055847,0.07199999690055847,0.07199999690055847,0.07199999690055847,0,0.0,0.0
2016-01-15 00:00:00+08:00,0.07199999690055847,0.07199999690055847,0.07199999690055847,0.07199999690055847,0,0.0,0.0
2016-01-18 00:00:00+08:00,0.05920000001788139,0.06800000369548798,0.0575999990105629,0.06800000369548798,37625,0.0,0.0
2016-01-19 00:00:00+08:00,0.06800000369548798,0.06800000369548798,0.06800000369548798,0.06800000369548798,0,0.0,0.0
2016-01-20 00:00:00+08:00,0.06800000369548798,0.06800000369548798,0.06800000369548798,0.06800000369548798,0,0.0,0.0
2016-01-21 00:00:00+08:00,0.06800000369548798,0.06800000369548798,0.06800000369548798,0.06800000369548798,0,0.0,0.0
2016-01-22 00:00:00+08:00,0.06800000369548798,0.06800000369548798,0.06800000369548798,0.06800000369548798,0,0.0,0.0
2016-01-25 00:00:00+08:00,0.06800000369548798,0.06800000369548798,0.06800000369548798,0.06800000369548798,0,0.0,0.0
2016-01-26 00:00:00+08:00,0.06800000369548798,0.06800000369548798,0.06800000369548798,0.06800000369548798,0,0.0,0.0
2016-01-27 00:00:00+08:00,0.05999999865889549,0.05999999865889549,0.05999999865889549,0.05999999865889549,25000,0.0,0.0
2016-01-28 00:00:00+08:00,0.05999999865889549,0.05999999865889549,0.05999999865889549,0.05999999865889549,0,0.0,0.0
2016-01-29 00:00:00+08:00,0.06400000303983688,0.06400000303983688,0.06400000303983688,0.06400000303983688,62500,0.0,0.0
2016-02-01 00:00:00+08:00,0.06400000303983688,0.06400000303983688,0.06400000303983688,0.06400000303983688,0,0.0,0.0
2016-02-02 00:00:00+08:00,0.058400001376867294,0.06319999694824219,0.058400001376867294,0.058400001376867294,49875,0.0,0.0
2016-02-03 00:00:00+08:00,0.05920000001788139,0.06239999830722809,0.04879999905824661,0.04879999905824661,97875,0.0,0.0
2016-02-04 00:00:00+08:00,0.06239999830722809,0.06239999830722809,0.0560000017285347,0.0560000017285347,38750,0.0,0.0
2016-02-05 00:00:00+08:00,0.0551999993622303,0.0560000017285347,0.0551999993622303,0.0560000017285347,50000,0.0,0.0
2016-02-10 00:00:00+08:00,0.058400001376867294,0.058400001376867294,0.058400001376867294,0.058400001376867294,625,0.0,0.0
2016-02-11 00:00:00+08:00,0.0575999990105629,0.0575999990105629,0.0575999990105629,0.0575999990105629,140000,0.0,0.0
2016-02-12 00:00:00+08:00,0.058400001376867294,0.06800000369548798,0.058400001376867294,0.07199999690055847,61625,0.0,0.0
2016-02-15 00:00:00+08:00,0.07119999825954437,0.07119999825954437,0.06400000303983688,0.06880000233650208,55250,0.0,0.0
2016-02-16 00:00:00+08:00,0.06880000233650208,0.06880000233650208,0.06880000233650208,0.06880000233650208,0,0.0,0.0
2016-02-17 00:00:00+08:00,0.06880000233650208,0.06880000233650208,0.06880000233650208,0.06880000233650208,0,0.0,0.0
2016-02-18 00:00:00+08:00,0.04960000142455101,0.07039999961853027,0.04879999905824661,0.07039999961853027,1500,0.0,0.0
2016-02-19 00:00:00+08:00,0.07039999961853027,0.07039999961853027,0.07039999961853027,0.07039999961853027,0,0.0,0.0
2016-02-22 00:00:00+08:00,0.07039999961853027,0.07039999961853027,0.07039999961853027,0.07039999961853027,0,0.0,0.0
2016-02-23 00:00:00+08:00,0.07039999961853027,0.07039999961853027,0.07039999961853027,0.07039999961853027,0,0.0,0.0
2016-02-24 00:00:00+08:00,0.07039999961853027,0.07039999961853027,0.07039999961853027,0.07039999961853027,0,0.0,0.0
2016-02-25 00:00:00+08:00,0.07039999961853027,0.07039999961853027,0.07039999961853027,0.07039999961853027,0,0.0,0.0
2016-02-26 00:00:00+08:00,0.07039999961853027,0.07039999961853027,0.07039999961853027,0.07039999961853027,0,0.0,0.0
2016-02-29 00:00:00+08:00,0.07039999961853027,0.07039999961853027,0.07039999961853027,0.07039999961853027,0,0.0,0.0
2016-03-01 00:00:00+08:00,0.07039999961853027,0.07039999961853027,0.07039999961853027,0.07039999961853027,0,0.0,0.0
2016-03-02 00:00:00+08:00,0.07039999961853027,0.07039999961853027,0.07039999961853027,0.07039999961853027,0,0.0,0.0
2016-03-03 00:00:00+08:00,0.06239999830722809,0.06480000168085098,0.06239999830722809,0.06480000168085098,141250,0.0,0.0
2016-03-04 00:00:00+08:00,0.06239999830722809,0.06560000032186508,0.06239999830722809,0.06560000032186508,16250,0.0,0.0
2016-03-07 00:00:00+08:00,0.06560000032186508,0.06560000032186508,0.06560000032186508,0.06560000032186508,0,0.0,0.0
2016-03-08 00:00:00+08:00,0.06719999760389328,0.06719999760389328,0.06639999896287918,0.06639999896287918,139375,0.0,0.0
2016-03-09 00:00:00+08:00,0.06639999896287918,0.06639999896287918,0.06639999896287918,0.06639999896287918,0,0.0,0.0
2016-03-10 00:00:00+08:00,0.05999999865889549,0.06400000303983688,0.05999999865889549,0.06400000303983688,121250,0.0,0.0
2016-03-11 00:00:00+08:00,0.06400000303983688,0.06400000303983688,0.06400000303983688,0.06400000303983688,0,0.0,0.0
2016-03-14 00:00:00+08:00,0.06400000303983688,0.06400000303983688,0.06400000303983688,0.06400000303983688,0,0.0,0.0
2016-03-15 00:00:00+08:00,0.0551999993622303,0.06400000303983688,0.0544000007212162,0.06400000303983688,11250,0.0,0.0
2016-03-16 00:00:00+08:00,0.06400000303983688,0.06400000303983688,0.06400000303983688,0.06400000303983688,0,0.0,0.0
2016-03-17 00:00:00+08:00,0.0560000017285347,0.06400000303983688,0.0560000017285347,0.06400000303983688,8750,0.0,0.0
2016-03-18 00:00:00+08:00,0.06400000303983688,0.06400000303983688,0.05999999865889549,0.05999999865889549,31125,0.0,0.0
2016-03-21 00:00:00+08:00,0.06800000369548798,0.06800000369548798,0.06800000369548798,0.06800000369548798,6250,0.0,0.0
2016-03-22 00:00:00+08:00,0.06800000369548798,0.06800000369548798,0.06800000369548798,0.06800000369548798,0,0.0,0.0
2016-03-23 00:00:00+08:00,0.06800000369548798,0.06800000369548798,0.06800000369548798,0.06800000369548798,0,0.0,0.0
2016-03-24 00:00:00+08:00,0.058400001376867294,0.06639999896287918,0.0568000003695488,0.06639999896287918,50125,0.0,0.0
2016-03-28 00:00:00+08:00,0.06639999896287918,0.06639999896287918,0.06639999896287918,0.06639999896287918,0,0.0,0.0
2016-03-29 00:00:00+08:00,0.06400000303983688,0.06719999760389328,0.05999999865889549,0.06719999760389328,255500,0.0,0.0
2016-03-30 00:00:00+08:00,0.06400000303983688,0.06400000303983688,0.06400000303983688,0.06400000303983688,25125,0.0,0.0
2016-03-31 00:00:00+08:00,0.06400000303983688,0.06400000303983688,0.06400000303983688,0.06400000303983688,0,0.0,0.0
2016-04-01 00:00:00+08:00,0.06400000303983688,0.06400000303983688,0.06400000303983688,0.06400000303983688,0,0.0,0.0
2016-04-04 00:00:00+08:00,0.06319999694824219,0.06319999694824219,0.0568000003695488,0.0568000003695488,102375,0.0,0.0
2016-04-05 00:00:00+08:00,0.05920000001788139,0.05920000001788139,0.05920000001788139,0.05920000001788139,12500,0.0,0.0
2016-04-06 00:00:00+08:00,0.05920000001788139,0.05920000001788139,0.05920000001788139,0.05920000001788139,0,0.0,0.0
2016-04-07 00:00:00+08:00,0.0568000003695488,0.06319999694824219,0.0568000003695488,0.06319999694824219,657875,0.0,0.0
2016-04-08 00:00:00+08:00,0.06400000303983688,0.06400000303983688,0.06400000303983688,0.06400000303983688,1250,0.0,0.0
2016-04-11 00:00:00+08:00,0.06239999830722809,0.06319999694824219,0.05999999865889549,0.06319999694824219,63750,0.0,0.0
2016-04-12 00:00:00+08:00,0.06319999694824219,0.06319999694824219,0.06319999694824219,0.06319999694824219,0,0.0,0.0
2016-04-13 00:00:00+08:00,0.06400000303983688,0.06400000303983688,0.06400000303983688,0.06400000303983688,250000,0.0,0.0
2016-04-14 00:00:00+08:00,0.06400000303983688,0.06400000303983688,0.06400000303983688,0.06400000303983688,125000,0.0,0.0
2016-04-15 00:00:00+08:00,0.05999999865889549,0.06400000303983688,0.05999999865889549,0.06400000303983688,2500,0.0,0.0
2016-04-18 00:00:00+08:00,0.06400000303983688,0.06400000303983688,0.06400000303983688,0.06400000303983688,0,0.0,0.0
2016-04-19 00:00:00+08:00,0.06400000303983688,0.06400000303983688,0.06400000303983688,0.06400000303983688,0,0.0,0.0
2016-04-20 00:00:00+08:00,0.06400000303983688,0.06400000303983688,0.06400000303983688,0.06400000303983688,0,0.0,0.0
2016-04-21 00:00:00+08:00,0.06400000303983688,0.06400000303983688,0.06400000303983688,0.06400000303983688,0,0.0,0.0
2016-04-22 00:00:00+08:00,0.06400000303983688,0.06400000303983688,0.06400000303983688,0.06400000303983688,0,0.0,0.0
2016-04-25 00:00:00+08:00,0.06400000303983688,0.06400000303983688,0.06400000303983688,0.06400000303983688,0,0.0,0.0
2016-04-26 00:00:00+08:00,0.0560000017285347,0.06400000303983688,0.0560000017285347,0.06400000303983688,7500,0.0,0.0
2016-04-27 00:00:00+08:00,0.06400000303983688,0.06400000303983688,0.06400000303983688,0.06400000303983688,0,0.0,0.0
2016-04-28 00:00:00+08:00,0.06400000303983688,0.06400000303983688,0.06400000303983688,0.06400000303983688,0,0.0,0.0
2016-04-29 00:00:00+08:00,0.06400000303983688,0.06400000303983688,0.06400000303983688,0.06400000303983688,0,0.0,0.0
2016-05-03 00:00:00+08:00,0.0544000007212162,0.0575999990105629,0.0544000007212162,0.0560000017285347,12500,0.0,0.0
2016-05-04 00:00:00+08:00,0.0560000017285347,0.0575999990105629,0.0560000017285347,0.0575999990105629,62500,0.0,0.0
2016-05-05 00:00:00+08:00,0.058400001376867294,0.06560000032186508,0.058400001376867294,0.06560000032186508,16875,0.0,0.0
2016-05-06 00:00:00+08:00,0.06560000032186508,0.06560000032186508,0.06560000032186508,0.06560000032186508,0,0.0,0.0
2016-05-09 00:00:00+08:00,0.06560000032186508,0.06560000032186508,0.06560000032186508,0.06560000032186508,0,0.0,0.0
2016-05-10 00:00:00+08:00,0.04879999905824661,0.06159999966621399,0.04800000041723251,0.06159999966621399,15625,0.0,0.0
2016-05-11 00:00:00+08:00,0.06159999966621399,0.06159999966621399,0.06159999966621399,0.06159999966621399,0,0.0,0.0
2016-05-12 00:00:00+08:00,0.0568000003695488,0.0568000003695488,0.0560000017285347,0.0568000003695488,134500,0.0,0.0
2016-05-13 00:00:00+08:00,0.06080000102519989,0.06080000102519989,0.06080000102519989,0.06080000102519989,1125,0.0,0.0
2016-05-16 00:00:00+08:00,0.06080000102519989,0.06080000102519989,0.06080000102519989,0.06080000102519989,0,0.0,0.0
2016-05-17 00:00:00+08:00,0.06080000102519989,0.06080000102519989,0.06080000102519989,0.06080000102519989,0,0.0,0.0
2016-05-18 00:00:00+08:00,0.0560000017285347,0.0560000017285347,0.0560000017285347,0.0560000017285347,5000,0.0,0.0
2016-05-19 00:00:00+08:00,0.0560000017285347,0.06400000303983688,0.0560000017285347,0.06400000303983688,77500,0.0,0.0
2016-05-20 00:00:00+08:00,0.06400000303983688,0.06400000303983688,0.06400000303983688,0.06400000303983688,0,0.0,0.0
2016-05-23 00:00:00+08:00,0.05040000006556511,0.05040000006556511,0.05040000006556511,0.05040000006556511,1125,0.0,0.0
2016-05-24 00:00:00+08:00,0.0575999990105629,0.058400001376867294,0.0575999990105629,0.058400001376867294,25000,0.0,0.0
2016-05-25 00:00:00+08:00,0.0560000017285347,0.0560000017285347,0.0560000017285347,0.0560000017285347,64875,0.0,0.0
2016-05-26 00:00:00+08:00,0.0560000017285347,0.06080000102519989,0.0551999993622303,0.06080000102519989,13750,0.0,0.0
2016-05-27 00:00:00+08:00,0.06080000102519989,0.06080000102519989,0.06080000102519989,0.06080000102519989,0,0.0,0.0
2016-05-30 00:00:00+08:00,0.06080000102519989,0.06080000102519989,0.06080000102519989,0.06080000102519989,125,0.0,0.0
2016-05-31 00:00:00+08:00,0.06080000102519989,0.06080000102519989,0.0551999993622303,0.0560000017285347,63500,0.0,0.0
2016-06-01 00:00:00+08:00,0.052799999713897705,0.0575999990105629,0.052799999713897705,0.0575999990105629,22625,0.0,0.0
2016-06-02 00:00:00+08:00,0.053599998354911804,0.06239999830722809,0.052000001072883606,0.06239999830722809,5875,0.0,0.0
2016-06-03 00:00:00+08:00,0.05119999870657921,0.0560000017285347,0.05119999870657921,0.0560000017285347,93625,0.0,0.0
2016-06-06 00:00:00+08:00,0.0560000017285347,0.0560000017285347,0.053599998354911804,0.0544000007212162,83750,0.0,0.0
2016-06-07 00:00:00+08:00,0.052799999713897705,0.0551999993622303,0.052799999713897705,0.052799999713897705,33625,0.0,0.0
2016-06-08 00:00:00+08:00,0.0551999993622303,0.0551999993622303,0.05119999870657921,0.0551999993622303,481375,0.0,0.0
2016-06-09 00:00:00+08:00,0.05999999865889549,0.05999999865889549,0.053599998354911804,0.0575999990105629,22375,0.0,0.0
2016-06-10 00:00:00+08:00,0.0575999990105629,0.0575999990105629,0.0568000003695488,0.0568000003695488,13875,0.0,0.0
2016-06-13 00:00:00+08:00,0.053599998354911804,0.0568000003695488,0.053599998354911804,0.0568000003695488,28500,0.0,0.0
2016-06-14 00:00:00+08:00,0.0568000003695488,0.0568000003695488,0.0568000003695488,0.0568000003695488,0,0.0,0.0
2016-06-15 00:00:00+08:00,0.0568000003695488,0.0568000003695488,0.0568000003695488,0.0568000003695488,0,0.0,0.0
2016-06-16 00:00:00+08:00,0.0568000003695488,0.0568000003695488,0.0568000003695488,0.0568000003695488,0,0.0,0.0
2016-06-17 00:00:00+08:00,0.0568000003695488,0.0568000003695488,0.0568000003695488,0.0568000003695488,0,0.0,0.0
2016-06-20 00:00:00+08:00,0.05040000006556511,0.05119999870657921,0.04960000142455101,0.05119999870657921,6375,0.0,0.0
2016-06-21 00:00:00+08:00,0.05119999870657921,0.05920000001788139,0.05119999870657921,0.05920000001788139,137375,0.0,0.0
2016-06-22 00:00:00+08:00,0.05920000001788139,0.05920000001788139,0.05920000001788139,0.05920000001788139,0,0.0,0.0
2016-06-23 00:00:00+08:00,0.05119999870657921,0.0575999990105629,0.04879999905824661,0.0575999990105629,7750,0.0,0.0
2016-06-24 00:00:00+08:00,0.0575999990105629,0.0575999990105629,0.0575999990105629,0.0575999990105629,0,0.0,0.0
2016-06-27 00:00:00+08:00,0.0568000003695488,0.0568000003695488,0.04960000142455101,0.0568000003695488,14000,0.0,0.0
2016-06-28 00:00:00+08:00,0.05920000001788139,0.05920000001788139,0.05920000001788139,0.05920000001788139,1250,0.0,0.0
2016-06-29 00:00:00+08:00,0.05920000001788139,0.05999999865889549,0.0568000003695488,0.0575999990105629,74625,0.0,0.0
2016-06-30 00:00:00+08:00,0.052799999713897705,0.058400001376867294,0.052799999713897705,0.058400001376867294,12500,0.0,0.0
2016-07-01 00:00:00+08:00,0.058400001376867294,0.058400001376867294,0.058400001376867294,0.058400001376867294,0,0.0,0.0
2016-07-04 00:00:00+08:00,0.058400001376867294,0.058400001376867294,0.058400001376867294,0.058400001376867294,0,0.0,0.0
2016-07-05 00:00:00+08:00,0.058400001376867294,0.058400001376867294,0.058400001376867294,0.058400001376867294,0,0.0,0.0
2016-07-07 00:00:00+08:00,0.058400001376867294,0.058400001376867294,0.058400001376867294,0.058400001376867294,0,0.0,0.0
2016-07-08 00:00:00+08:00,0.058400001376867294,0.058400001376867294,0.058400001376867294,0.058400001376867294,0,0.0,0.0
2016-07-11 00:00:00+08:00,0.052799999713897705,0.0575999990105629,0.052799999713897705,0.0575999990105629,5625,0.0,0.0
2016-07-12 00:00:00+08:00,0.0575999990105629,0.0575999990105629,0.0575999990105629,0.0575999990105629,0,0.0,0.0
2016-07-13 00:00:00+08:00,0.0575999990105629,0.0575999990105629,0.0575999990105629,0.0575999990105629,0,0.0,0.0
2016-07-14 00:00:00+08:00,0.0575999990105629,0.0575999990105629,0.0575999990105629,0.0575999990105629,0,0.0,0.0
2016-07-15 00:00:00+08:00,0.0575999990105629,0.0575999990105629,0.0575999990105629,0.0575999990105629,0,0.0,0.0
2016-07-18 00:00:00+08:00,0.0575999990105629,0.0575999990105629,0.0575999990105629,0.0575999990105629,0,0.0,0.0
2016-07-19 00:00:00+08:00,0.0575999990105629,0.0575999990105629,0.0575999990105629,0.0575999990105629,0,0.0,0.0
2016-07-20 00:00:00+08:00,0.0575999990105629,0.0575999990105629,0.0575999990105629,0.0575999990105629,0,0.0,0.0
2016-07-21 00:00:00+08:00,0.0575999990105629,0.0575999990105629,0.0575999990105629,0.0575999990105629,0,0.0,0.0
2016-07-22 00:00:00+08:00,0.0575999990105629,0.0575999990105629,0.0575999990105629,0.0575999990105629,0,0.0,0.0
2016-07-25 00:00:00+08:00,0.0575999990105629,0.0575999990105629,0.0575999990105629,0.0575999990105629,0,0.0,0.0
2016-07-26 00:00:00+08:00,0.0575999990105629,0.0575999990105629,0.0575999990105629,0.0575999990105629,0,0.0,0.0
2016-07-27 00:00:00+08:00,0.0575999990105629,0.0575999990105629,0.0575999990105629,0.0575999990105629,0,0.0,0.0
2016-07-28 00:00:00+08:00,0.0575999990105629,0.0575999990105629,0.0575999990105629,0.0575999990105629,0,0.0,0.0
2016-07-29 00:00:00+08:00,0.04800000041723251,0.04800000041723251,0.04399999976158142,0.04560000076889992,46250,0.0,0.0
2016-08-01 00:00:00+08:00,0.05999999865889549,0.05999999865889549,0.04639999940991402,0.0560000017285347,68375,0.0,0.0
2016-08-02 00:00:00+08:00,0.04879999905824661,0.053599998354911804,0.04879999905824661,0.053599998354911804,250,0.0,0.0
2016-08-03 00:00:00+08:00,0.058400001376867294,0.058400001376867294,0.058400001376867294,0.058400001376867294,125,0.0,0.0
2016-08-04 00:00:00+08:00,0.058400001376867294,0.058400001376867294,0.058400001376867294,0.058400001376867294,0,0.0,0.0
2016-08-05 00:00:00+08:00,0.05920000001788139,0.05920000001788139,0.041600000113248825,0.052000001072883606,68750,0.0,0.0
2016-08-08 00:00:00+08:00,0.0575999990105629,0.0575999990105629,0.0568000003695488,0.0568000003695488,2500,0.0,0.0
2016-08-10 00:00:00+08:00,0.0568000003695488,0.0568000003695488,0.041600000113248825,0.04800000041723251,64125,0.0,0.0
2016-08-11 00:00:00+08:00,0.058400001376867294,0.058400001376867294,0.03440000116825104,0.03440000116825104,14000,0.0,0.0
2016-08-12 00:00:00+08:00,0.0551999993622303,0.0551999993622303,0.03999999910593033,0.047200001776218414,83875,0.0,0.0
2016-08-15 00:00:00+08:00,0.053599998354911804,0.053599998354911804,0.04320000112056732,0.05040000006556511,5250,0.0,0.0
2016-08-16 00:00:00+08:00,0.047200001776218414,0.047200001776218414,0.04399999976158142,0.04479999840259552,626875,0.0,0.0
2016-08-17 00:00:00+08:00,0.0560000017285347,0.0560000017285347,0.03999999910593033,0.04960000142455101,480250,0.0,0.0
2016-08-18 00:00:00+08:00,0.04879999905824661,0.04879999905824661,0.03759999945759773,0.03759999945759773,137875,0.0,0.0
2016-08-19 00:00:00+08:00,0.03840000182390213,0.04639999940991402,0.03759999945759773,0.04639999940991402,84500,0.0,0.0
2016-08-22 00:00:00+08:00,0.04960000142455101,0.04960000142455101,0.03759999945759773,0.041600000113248825,100500,0.0,0.0
2016-08-23 00:00:00+08:00,0.047200001776218414,0.047200001776218414,0.04399999976158142,0.04399999976158142,200750,0.0,0.0
2016-08-24 00:00:00+08:00,0.03999999910593033,0.04639999940991402,0.03680000081658363,0.03680000081658363,139125,0.0,0.0
2016-08-25 00:00:00+08:00,0.04399999976158142,0.04399999976158142,0.03680000081658363,0.03680000081658363,35250,0.0,0.0
2016-08-26 00:00:00+08:00,0.04639999940991402,0.04639999940991402,0.04560000076889992,0.04560000076889992,34625,0.0,0.0
2016-08-29 00:00:00+08:00,0.047200001776218414,0.047200001776218414,0.03440000116825104,0.04320000112056732,272500,0.0,0.0
2016-08-30 00:00:00+08:00,0.04479999840259552,0.04479999840259552,0.04479999840259552,0.04479999840259552,2500,0.0,0.0
2016-08-31 00:00:00+08:00,0.04479999840259552,0.04479999840259552,0.03359999880194664,0.040800001472234726,447500,0.0,0.0
2016-09-01 00:00:00+08:00,0.042399998754262924,0.042399998754262924,0.03759999945759773,0.03920000046491623,319875,0.0,0.0
2016-09-02 00:00:00+08:00,0.04320000112056732,0.04320000112056732,0.04320000112056732,0.04320000112056732,2500,0.0,0.0
2016-09-05 00:00:00+08:00,0.04399999976158142,0.04479999840259552,0.04399999976158142,0.04479999840259552,19750,0.0,0.0
2016-09-06 00:00:00+08:00,0.04399999976158142,0.04399999976158142,0.03840000182390213,0.04399999976158142,130875,0.0,0.0
2016-09-07 00:00:00+08:00,0.04399999976158142,0.04399999976158142,0.04399999976158142,0.04399999976158142,2750,0.0,0.0
2016-09-08 00:00:00+08:00,0.031199999153614044,0.04320000112056732,0.031199999153614044,0.04320000112056732,250,0.0,0.0
2016-09-09 00:00:00+08:00,0.04320000112056732,0.04320000112056732,0.03440000116825104,0.03440000116825104,12500,0.0,0.0
2016-09-13 00:00:00+08:00,0.04320000112056732,0.04320000112056732,0.04320000112056732,0.04320000112056732,2500,0.0,0.0
2016-09-14 00:00:00+08:00,0.035999998450279236,0.03999999910593033,0.031199999153614044,0.03999999910593033,70750,0.0,0.0
2016-09-15 00:00:00+08:00,0.03999999910593033,0.03999999910593033,0.03280000016093254,0.03280000016093254,3011250,0.0,0.0
2016-09-16 00:00:00+08:00,0.03280000016093254,0.03920000046491623,0.03200000151991844,0.03920000046491623,53375,0.0,0.0
2016-09-19 00:00:00+08:00,0.03920000046491623,0.03920000046491623,0.03200000151991844,0.03200000151991844,11125,0.0,0.0
2016-09-20 00:00:00+08:00,0.03200000151991844,0.04399999976158142,0.030400000512599945,0.04399999976158142,610375,0.0,0.0
2016-09-21 00:00:00+08:00,0.03840000182390213,0.03840000182390213,0.03680000081658363,0.03840000182390213,58750,0.0,0.0
2016-09-22 00:00:00+08:00,0.03840000182390213,0.03840000182390213,0.03680000081658363,0.03680000081658363,1255125,0.0,0.0
2016-09-23 00:00:00+08:00,0.041600000113248825,0.041600000113248825,0.03200000151991844,0.03519999980926514,370750,0.0,0.0
2016-09-26 00:00:00+08:00,0.04320000112056732,0.04320000112056732,0.03200000151991844,0.03200000151991844,125000,0.0,0.0
2016-09-27 00:00:00+08:00,0.03200000151991844,0.03440000116825104,0.03200000151991844,0.03280000016093254,554500,0.0,0.0
2016-09-28 00:00:00+08:00,0.030400000512599945,0.031199999153614044,0.029600000008940697,0.031199999153614044,1647500,0.0,0.0
2016-09-29 00:00:00+08:00,0.04320000112056732,0.04320000112056732,0.041600000113248825,0.041600000113248825,7500,0.0,0.0
2016-09-30 00:00:00+08:00,0.030400000512599945,0.03920000046491623,0.030400000512599945,0.03920000046491623,28750,0.0,0.0
2016-10-03 00:00:00+08:00,0.03840000182390213,0.03840000182390213,0.035999998450279236,0.03680000081658363,703750,0.0,0.0
2016-10-04 00:00:00+08:00,0.03680000081658363,0.03680000081658363,0.03680000081658363,0.03680000081658363,0,0.0,0.0
2016-10-05 00:00:00+08:00,0.03440000116825104,0.03440000116825104,0.03440000116825104,0.03440000116825104,9375,0.0,0.0
2016-10-06 00:00:00+08:00,0.03440000116825104,0.03440000116825104,0.03440000116825104,0.03440000116825104,0,0.0,0.0
2016-10-07 00:00:00+08:00,0.040800001472234726,0.040800001472234726,0.03280000016093254,0.03280000016093254,19125,0.0,0.0
2016-10-10 00:00:00+08:00,0.03280000016093254,0.03280000016093254,0.03280000016093254,0.03280000016093254,0,0.0,0.0
2016-10-11 00:00:00+08:00,0.03280000016093254,0.03280000016093254,0.03280000016093254,0.03280000016093254,0,0.0,0.0
2016-10-12 00:00:00+08:00,0.03280000016093254,0.03280000016093254,0.03280000016093254,0.03280000016093254,0,0.0,0.0
2016-10-13 00:00:00+08:00,0.031199999153614044,0.031199999153614044,0.031199999153614044,0.031199999153614044,10125,0.0,0.0
2016-10-14 00:00:00+08:00,0.031199999153614044,0.031199999153614044,0.031199999153614044,0.031199999153614044,0,0.0,0.0
2016-10-17 00:00:00+08:00,0.031199999153614044,0.031199999153614044,0.031199999153614044,0.031199999153614044,0,0.0,0.0
2016-10-18 00:00:00+08:00,0.031199999153614044,0.031199999153614044,0.031199999153614044,0.031199999153614044,0,0.0,0.0
2016-10-19 00:00:00+08:00,0.031199999153614044,0.031199999153614044,0.031199999153614044,0.031199999153614044,0,0.0,0.0
2016-10-20 00:00:00+08:00,0.03200000151991844,0.041600000113248825,0.03200000151991844,0.041600000113248825,249250,0.0,0.0
2016-10-21 00:00:00+08:00,0.041600000113248825,0.041600000113248825,0.041600000113248825,0.041600000113248825,0,0.0,0.0
2016-10-24 00:00:00+08:00,0.03999999910593033,0.041600000113248825,0.03999999910593033,0.041600000113248825,112500,0.0,0.0
2016-10-25 00:00:00+08:00,0.041600000113248825,0.041600000113248825,0.041600000113248825,0.041600000113248825,5000,0.0,0.0
2016-10-26 00:00:00+08:00,0.041600000113248825,0.041600000113248825,0.041600000113248825,0.041600000113248825,0,0.0,0.0
2016-10-27 00:00:00+08:00,0.03519999980926514,0.03519999980926514,0.03519999980926514,0.03519999980926514,18750,0.0,0.0
2016-10-28 00:00:00+08:00,0.041600000113248825,0.041600000113248825,0.03519999980926514,0.03519999980926514,51125,0.0,0.0
2016-10-31 00:00:00+08:00,0.03519999980926514,0.03840000182390213,0.03359999880194664,0.03359999880194664,326875,0.0,0.0
2016-11-01 00:00:00+08:00,0.03359999880194664,0.03359999880194664,0.03359999880194664,0.03359999880194664,0,0.0,0.0
2016-11-02 00:00:00+08:00,0.03680000081658363,0.03680000081658363,0.03359999880194664,0.03440000116825104,614750,0.0,0.0
2016-11-03 00:00:00+08:00,0.03440000116825104,0.03440000116825104,0.03359999880194664,0.03359999880194664,404125,0.0,0.0
2016-11-04 00:00:00+08:00,0.03440000116825104,0.03519999980926514,0.03359999880194664,0.03359999880194664,732500,0.0,0.0
2016-11-07 00:00:00+08:00,0.03440000116825104,0.03440000116825104,0.03359999880194664,0.03359999880194664,625000,0.0,0.0
2016-11-08 00:00:00+08:00,0.03359999880194664,0.03999999910593033,0.03359999880194664,0.035999998450279236,589000,0.0,0.0
2016-11-09 00:00:00+08:00,0.03359999880194664,0.03440000116825104,0.03359999880194664,0.03359999880194664,428750,0.0,0.0
2016-11-10 00:00:00+08:00,0.03359999880194664,0.03359999880194664,0.03359999880194664,0.03359999880194664,49500,0.0,0.0
2016-11-11 00:00:00+08:00,0.03359999880194664,0.03359999880194664,0.03359999880194664,0.03359999880194664,37500,0.0,0.0
2016-11-14 00:00:00+08:00,0.03359999880194664,0.03359999880194664,0.03359999880194664,0.03359999880194664,0,0.0,0.0
2016-11-15 00:00:00+08:00,0.041600000113248825,0.05040000006556511,0.041600000113248825,0.04879999905824661,3922875,0.0,0.0
2016-11-16 00:00:00+08:00,0.04879999905824661,0.04960000142455101,0.04560000076889992,0.04560000076889992,521250,0.0,0.0
2016-11-17 00:00:00+08:00,0.04560000076889992,0.04560000076889992,0.04399999976158142,0.04560000076889992,236250,0.0,0.0
2016-11-18 00:00:00+08:00,0.04399999976158142,0.05040000006556511,0.04399999976158142,0.05040000006556511,732500,0.0,0.0
2016-11-21 00:00:00+08:00,0.05119999870657921,0.052000001072883606,0.04560000076889992,0.04560000076889992,226250,0.0,0.0
2016-11-22 00:00:00+08:00,0.04560000076889992,0.04560000076889992,0.04560000076889992,0.04560000076889992,0,0.0,0.0
2016-11-23 00:00:00+08:00,0.04800000041723251,0.04800000041723251,0.04399999976158142,0.04479999840259552,93750,0.0,0.0
2016-11-24 00:00:00+08:00,0.04479999840259552,0.04479999840259552,0.04479999840259552,0.04479999840259552,62500,0.0,0.0
2016-11-25 00:00:00+08:00,0.04560000076889992,0.04560000076889992,0.04479999840259552,0.04479999840259552,231250,0.0,0.0
2016-11-28 00:00:00+08:00,0.04479999840259552,0.04800000041723251,0.04479999840259552,0.04800000041723251,37500,0.0,0.0
2016-11-29 00:00:00+08:00,0.047200001776218414,0.047200001776218414,0.047200001776218414,0.047200001776218414,87500,0.0,0.0
2016-11-30 00:00:00+08:00,0.04320000112056732,0.04320000112056732,0.04320000112056732,0.04320000112056732,25000,0.0,0.0
2016-12-01 00:00:00+08:00,0.04320000112056732,0.047200001776218414,0.04320000112056732,0.047200001776218414,37500,0.0,0.0
2016-12-02 00:00:00+08:00,0.047200001776218414,0.047200001776218414,0.047200001776218414,0.047200001776218414,0,0.0,0.0
2016-12-05 00:00:00+08:00,0.047200001776218414,0.047200001776218414,0.047200001776218414,0.047200001776218414,0,0.0,0.0
2016-12-06 00:00:00+08:00,0.042399998754262924,0.04399999976158142,0.041600000113248825,0.041600000113248825,268875,0.0,0.0
2016-12-07 00:00:00+08:00,0.041600000113248825,0.041600000113248825,0.041600000113248825,0.041600000113248825,0,0.0,0.0
2016-12-08 00:00:00+08:00,0.041600000113248825,0.047200001776218414,0.03999999910593033,0.04560000076889992,551250,0.0,0.0
2016-12-09 00:00:00+08:00,0.04320000112056732,0.04560000076889992,0.041600000113248825,0.041600000113248825,278625,0.0,0.0
2016-12-12 00:00:00+08:00,0.041600000113248825,0.04320000112056732,0.041600000113248825,0.04320000112056732,317500,0.0,0.0
2016-12-13 00:00:00+08:00,0.04320000112056732,0.04320000112056732,0.04320000112056732,0.04320000112056732,0,0.0,0.0
2016-12-14 00:00:00+08:00,0.04320000112056732,0.04320000112056732,0.04320000112056732,0.04320000112056732,0,0.0,0.0
2016-12-15 00:00:00+08:00,0.04320000112056732,0.04479999840259552,0.04320000112056732,0.04479999840259552,193750,0.0,0.0
2016-12-16 00:00:00+08:00,0.04479999840259552,0.04479999840259552,0.04479999840259552,0.04479999840259552,0,0.0,0.0
2016-12-19 00:00:00+08:00,0.04399999976158142,0.04800000041723251,0.04399999976158142,0.04800000041723251,127625,0.0,0.0
2016-12-20 00:00:00+08:00,0.04479999840259552,0.04479999840259552,0.04479999840259552,0.04479999840259552,63750,0.0,0.0
2016-12-21 00:00:00+08:00,0.04479999840259552,0.04479999840259552,0.04479999840259552,0.04479999840259552,84875,0.0,0.0
2016-12-22 00:00:00+08:00,0.04479999840259552,0.04479999840259552,0.04479999840259552,0.04479999840259552,0,0.0,0.0
2016-12-23 00:00:00+08:00,0.04479999840259552,0.04479999840259552,0.04399999976158142,0.04399999976158142,87250,0.0,0.0
2016-12-27 00:00:00+08:00,0.04479999840259552,0.04479999840259552,0.04399999976158142,0.04399999976158142,100000,0.0,0.0
2016-12-28 00:00:00+08:00,0.04399999976158142,0.04399999976158142,0.04399999976158142,0.04399999976158142,15000,0.0,0.0
2016-12-29 00:00:00+08:00,0.04399999976158142,0.04639999940991402,0.04399999976158142,0.04399999976158142,185000,0.0,0.0
2016-12-30 00:00:00+08:00,0.04399999976158142,0.04639999940991402,0.04399999976158142,0.04639999940991402,75000,0.0,0.0
2017-01-03 00:00:00+08:00,0.04479999840259552,0.04639999940991402,0.04479999840259552,0.04479999840259552,63375,0.0,0.0
2017-01-04 00:00:00+08:00,0.04479999840259552,0.04479999840259552,0.04399999976158142,0.04479999840259552,287500,0.0,0.0
2017-01-05 00:00:00+08:00,0.04479999840259552,0.04479999840259552,0.04479999840259552,0.04479999840259552,0,0.0,0.0
2017-01-06 00:00:00+08:00,0.04479999840259552,0.04479999840259552,0.04399999976158142,0.04399999976158142,646250,0.0,0.0
2017-01-09 00:00:00+08:00,0.04399999976158142,0.04399999976158142,0.04399999976158142,0.04399999976158142,0,0.0,0.0
2017-01-10 00:00:00+08:00,0.04399999976158142,0.04399999976158142,0.04399999976158142,0.04399999976158142,0,0.0,0.0
2017-01-11 00:00:00+08:00,0.04479999840259552,0.04479999840259552,0.04399999976158142,0.04399999976158142,68750,0.0,0.0
2017-01-12 00:00:00+08:00,0.042399998754262924,0.04560000076889992,0.042399998754262924,0.04560000076889992,33125,0.0,0.0
2017-01-13 00:00:00+08:00,0.04320000112056732,0.04320000112056732,0.04320000112056732,0.04320000112056732,32500,0.0,0.0
2017-01-16 00:00:00+08:00,0.04320000112056732,0.04320000112056732,0.04320000112056732,0.04320000112056732,177500,0.0,0.0
2017-01-17 00:00:00+08:00,0.04320000112056732,0.04320000112056732,0.04320000112056732,0.04320000112056732,0,0.0,0.0
2017-01-18 00:00:00+08:00,0.05040000006556511,0.05119999870657921,0.047200001776218414,0.047200001776218414,331250,0.0,0.0
2017-01-19 00:00:00+08:00,0.047200001776218414,0.047200001776218414,0.047200001776218414,0.047200001776218414,0,0.0,0.0
2017-01-20 00:00:00+08:00,0.047200001776218414,0.047200001776218414,0.047200001776218414,0.047200001776218414,0,0.0,0.0
2017-01-23 00:00:00+08:00,0.047200001776218414,0.047200001776218414,0.047200001776218414,0.047200001776218414,0,0.0,0.0
2017-01-24 00:00:00+08:00,0.047200001776218414,0.047200001776218414,0.047200001776218414,0.047200001776218414,0,0.0,0.0
2017-01-25 00:00:00+08:00,0.047200001776218414,0.047200001776218414,0.047200001776218414,0.047200001776218414,0,0.0,0.0
2017-01-26 00:00:00+08:00,0.047200001776218414,0.047200001776218414,0.047200001776218414,0.047200001776218414,0,0.0,0.0
2017-01-27 00:00:00+08:00,0.047200001776218414,0.047200001776218414,0.047200001776218414,0.047200001776218414,0,0.0,0.0
2017-01-31 00:00:00+08:00,0.04800000041723251,0.04800000041723251,0.04800000041723251,0.04800000041723251,50000,0.0,0.0
2017-02-01 00:00:00+08:00,0.04800000041723251,0.04960000142455101,0.04399999976158142,0.04479999840259552,166250,0.0,0.0
2017-02-02 00:00:00+08:00,0.04879999905824661,0.04879999905824661,0.04879999905824661,0.04879999905824661,56250,0.0,0.0
2017-02-03 00:00:00+08:00,0.04800000041723251,0.04800000041723251,0.04800000041723251,0.04800000041723251,68750,0.0,0.0
2017-02-06 00:00:00+08:00,0.04800000041723251,0.04800000041723251,0.04800000041723251,0.04800000041723251,75000,0.0,0.0
2017-02-07 00:00:00+08:00,0.03680000081658363,0.04800000041723251,0.03680000081658363,0.04800000041723251,5000,0.0,0.0
2017-02-08 00:00:00+08:00,0.04800000041723251,0.04800000041723251,0.04800000041723251,0.04800000041723251,0,0.0,0.0
2017-02-09 00:00:00+08:00,0.04800000041723251,0.04800000041723251,0.04800000041723251,0.04800000041723251,0,0.0,0.0
2017-02-10 00:00:00+08:00,0.04800000041723251,0.04800000041723251,0.04800000041723251,0.04800000041723251,0,0.0,0.0
2017-02-13 00:00:00+08:00,0.040800001472234726,0.04639999940991402,0.040800001472234726,0.04639999940991402,190125,0.0,0.0
2017-02-14 00:00:00+08:00,0.04320000112056732,0.04320000112056732,0.042399998754262924,0.04320000112056732,187375,0.0,0.0
2017-02-15 00:00:00+08:00,0.04320000112056732,0.04399999976158142,0.04320000112056732,0.04399999976158142,173875,0.0,0.0
2017-02-16 00:00:00+08:00,0.04560000076889992,0.04560000076889992,0.04560000076889992,0.04560000076889992,557500,0.0,0.0
2017-02-17 00:00:00+08:00,0.04639999940991402,0.04639999940991402,0.04639999940991402,0.04639999940991402,25000,0.0,0.0
2017-02-20 00:00:00+08:00,0.04800000041723251,0.04800000041723251,0.04800000041723251,0.04800000041723251,155625,0.0,0.0
2017-02-21 00:00:00+08:00,0.04800000041723251,0.04800000041723251,0.04800000041723251,0.04800000041723251,0,0.0,0.0
2017-02-22 00:00:00+08:00,0.04800000041723251,0.04800000041723251,0.04800000041723251,0.04800000041723251,55000,0.0,0.0
2017-02-23 00:00:00+08:00,0.04800000041723251,0.04800000041723251,0.04800000041723251,0.04800000041723251,62500,0.0,0.0
2017-02-24 00:00:00+08:00,0.04800000041723251,0.04800000041723251,0.04800000041723251,0.04800000041723251,0,0.0,0.0
2017-02-27 00:00:00+08:00,0.03999999910593033,0.04479999840259552,0.03920000046491623,0.04479999840259552,2750,0.0,0.0
2017-02-28 00:00:00+08:00,0.04479999840259552,0.04639999940991402,0.04479999840259552,0.04639999940991402,48750,0.0,0.0
2017-03-01 00:00:00+08:00,0.04639999940991402,0.04639999940991402,0.04639999940991402,0.04639999940991402,0,0.0,0.0
2017-03-02 00:00:00+08:00,0.04639999940991402,0.04639999940991402,0.04639999940991402,0.04639999940991402,45000,0.0,0.0
2017-03-03 00:00:00+08:00,0.04560000076889992,0.04560000076889992,0.04560000076889992,0.04560000076889992,27500,0.0,0.0
2017-03-06 00:00:00+08:00,0.04560000076889992,0.04560000076889992,0.04560000076889992,0.04560000076889992,0,0.0,0.0
2017-03-07 00:00:00+08:00,0.04560000076889992,0.04560000076889992,0.04560000076889992,0.04560000076889992,0,0.0,0.0
2017-03-08 00:00:00+08:00,0.04560000076889992,0.04560000076889992,0.04560000076889992,0.04560000076889992,95000,0.0,0.0
2017-03-09 00:00:00+08:00,0.04399999976158142,0.04399999976158142,0.041600000113248825,0.041600000113248825,147500,0.0,0.0
2017-03-10 00:00:00+08:00,0.041600000113248825,0.041600000113248825,0.041600000113248825,0.041600000113248825,25000,0.0,0.0
2017-03-13 00:00:00+08:00,0.041600000113248825,0.041600000113248825,0.041600000113248825,0.041600000113248825,0,0.0,0.0
2017-03-14 00:00:00+08:00,0.03999999910593033,0.03999999910593033,0.03999999910593033,0.03999999910593033,37500,0.0,0.0
2017-03-15 00:00:00+08:00,0.03999999910593033,0.04800000041723251,0.03999999910593033,0.04800000041723251,221625,0.0,0.0
2017-03-16 00:00:00+08:00,0.040800001472234726,0.042399998754262924,0.040800001472234726,0.042399998754262924,63375,0.0,0.0
2017-03-17 00:00:00+08:00,0.04320000112056732,0.04479999840259552,0.042399998754262924,0.042399998754262924,125875,0.0,0.0
2017-03-20 00:00:00+08:00,0.042399998754262924,0.042399998754262924,0.042399998754262924,0.042399998754262924,0,0.0,0.0
2017-03-21 00:00:00+08:00,0.042399998754262924,0.042399998754262924,0.042399998754262924,0.042399998754262924,125000,0.0,0.0
2017-03-22 00:00:00+08:00,0.041600000113248825,0.04479999840259552,0.041600000113248825,0.042399998754262924,200000,0.0,0.0
2017-03-23 00:00:00+08:00,0.042399998754262924,0.04479999840259552,0.042399998754262924,0.04399999976158142,77375,0.0,0.0
2017-03-24 00:00:00+08:00,0.04399999976158142,0.04399999976158142,0.04399999976158142,0.04399999976158142,5000,0.0,0.0
2017-03-27 00:00:00+08:00,0.042399998754262924,0.042399998754262924,0.041600000113248825,0.041600000113248825,98750,0.0,0.0
2017-03-28 00:00:00+08:00,0.03999999910593033,0.04479999840259552,0.03999999910593033,0.04479999840259552,253750,0.0,0.0
2017-03-29 00:00:00+08:00,0.042399998754262924,0.04639999940991402,0.042399998754262924,0.04479999840259552,572750,0.0,0.0
2017-03-30 00:00:00+08:00,0.04320000112056732,0.04320000112056732,0.04320000112056732,0.04320000112056732,25000,0.0,0.0
2017-03-31 00:00:00+08:00,0.04479999840259552,0.04479999840259552,0.04479999840259552,0.04479999840259552,328125,0.0,0.0
2017-04-03 00:00:00+08:00,0.04479999840259552,0.04479999840259552,0.042399998754262924,0.042399998754262924,80625,0.0,0.0
2017-04-04 00:00:00+08:00,0.042399998754262924,0.042399998754262924,0.042399998754262924,0.042399998754262924,56250,0.0,0.0
2017-04-05 00:00:00+08:00,0.042399998754262924,0.042399998754262924,0.042399998754262924,0.042399998754262924,0,0.0,0.0
2017-04-06 00:00:00+08:00,0.042399998754262924,0.042399998754262924,0.042399998754262924,0.042399998754262924,0,0.0,0.0
2017-04-07 00:00:00+08:00,0.042399998754262924,0.042399998754262924,0.042399998754262924,0.042399998754262924,0,0.0,0.0
2017-04-10 00:00:00+08:00,0.042399998754262924,0.042399998754262924,0.042399998754262924,0.042399998754262924,19500,0.0,0.0
2017-04-11 00:00:00+08:00,0.04399999976158142,0.04479999840259552,0.042399998754262924,0.04479999840259552,168750,0.0,0.0
2017-04-12 00:00:00+08:00,0.04479999840259552,0.04479999840259552,0.04479999840259552,0.04479999840259552,0,0.0,0.0
2017-04-13 00:00:00+08:00,0.04479999840259552,0.04479999840259552,0.04479999840259552,0.04479999840259552,0,0.0,0.0
2017-04-17 00:00:00+08:00,0.04479999840259552,0.04479999840259552,0.04479999840259552,0.04479999840259552,0,0.0,0.0
2017-04-18 00:00:00+08:00,0.04479999840259552,0.04479999840259552,0.04479999840259552,0.04479999840259552,0,0.0,0.0
2017-04-19 00:00:00+08:00,0.04479999840259552,0.04479999840259552,0.041600000113248825,0.041600000113248825,187500,0.0,0.0
2017-04-20 00:00:00+08:00,0.03999999910593033,0.03999999910593033,0.03999999910593033,0.03999999910593033,1250,0.0,0.0
2017-04-21 00:00:00+08:00,0.03920000046491623,0.03920000046491623,0.03920000046491623,0.03920000046491623,62500,0.0,0.0
2017-04-24 00:00:00+08:00,0.03920000046491623,0.03920000046491623,0.03920000046491623,0.03920000046491623,0,0.0,0.0
2017-04-25 00:00:00+08:00,0.04399999976158142,0.04399999976158142,0.03920000046491623,0.04399999976158142,137500,0.0,0.0
2017-04-26 00:00:00+08:00,0.04399999976158142,0.04639999940991402,0.04399999976158142,0.04639999940991402,375000,0.0,0.0
2017-04-27 00:00:00+08:00,0.041600000113248825,0.041600000113248825,0.041600000113248825,0.041600000113248825,12500,0.0,0.0
2017-04-28 00:00:00+08:00,0.041600000113248825,0.041600000113248825,0.041600000113248825,0.041600000113248825,25000,0.0,0.0
2017-05-02 00:00:00+08:00,0.041600000113248825,0.041600000113248825,0.041600000113248825,0.041600000113248825,41500,0.0,0.0
2017-05-03 00:00:00+08:00,0.040800001472234726,0.040800001472234726,0.040800001472234726,0.040800001472234726,1250,0.0,0.0
2017-05-04 00:00:00+08:00,0.041600000113248825,0.041600000113248825,0.040800001472234726,0.040800001472234726,116875,0.0,0.0
2017-05-05 00:00:00+08:00,0.040800001472234726,0.040800001472234726,0.040800001472234726,0.040800001472234726,0,0.0,0.0
2017-05-08 00:00:00+08:00,0.03999999910593033,0.04479999840259552,0.03999999910593033,0.04479999840259552,22250,0.0,0.0
2017-05-09 00:00:00+08:00,0.04479999840259552,0.04479999840259552,0.04479999840259552,0.04479999840259552,25000,0.0,0.0
2017-05-11 00:00:00+08:00,0.04479999840259552,0.04479999840259552,0.04479999840259552,0.04479999840259552,0,0.0,0.0
2017-05-12 00:00:00+08:00,0.04479999840259552,0.04479999840259552,0.04479999840259552,0.04479999840259552,0,0.0,0.0
2017-05-15 00:00:00+08:00,0.04479999840259552,0.04479999840259552,0.04479999840259552,0.04479999840259552,0,0.0,0.0
2017-05-16 00:00:00+08:00,0.04479999840259552,0.04479999840259552,0.04479999840259552,0.04479999840259552,0,0.0,0.0
2017-05-17 00:00:00+08:00,0.04479999840259552,0.04479999840259552,0.04479999840259552,0.04479999840259552,0,0.0,0.0
2017-05-18 00:00:00+08:00,0.04479999840259552,0.04479999840259552,0.04479999840259552,0.04479999840259552,0,0.0,0.0
2017-05-19 00:00:00+08:00,0.04479999840259552,0.04479999840259552,0.04479999840259552,0.04479999840259552,0,0.0,0.0
2017-05-22 00:00:00+08:00,0.042399998754262924,0.04399999976158142,0.035999998450279236,0.04399999976158142,42875,0.0,0.0
2017-05-23 00:00:00+08:00,0.04399999976158142,0.04399999976158142,0.04399999976158142,0.04399999976158142,0,0.0,0.0
2017-05-24 00:00:00+08:00,0.041600000113248825,0.041600000113248825,0.041600000113248825,0.041600000113248825,62500,0.0,0.0
2017-05-25 00:00:00+08:00,0.040800001472234726,0.040800001472234726,0.040800001472234726,0.040800001472234726,82375,0.0,0.0
2017-05-26 00:00:00+08:00,0.040800001472234726,0.040800001472234726,0.040800001472234726,0.040800001472234726,0,0.0,0.0
2017-05-29 00:00:00+08:00,0.040800001472234726,0.040800001472234726,0.040800001472234726,0.040800001472234726,0,0.0,0.0
2017-05-30 00:00:00+08:00,0.03999999910593033,0.041600000113248825,0.03999999910593033,0.040800001472234726,253875,0.0,0.0
2017-05-31 00:00:00+08:00,0.040800001472234726,0.040800001472234726,0.040800001472234726,0.040800001472234726,91250,0.0,0.0
2017-06-01 00:00:00+08:00,0.040800001472234726,0.040800001472234726,0.040800001472234726,0.040800001472234726,0,0.0,0.0
2017-06-02 00:00:00+08:00,0.03840000182390213,0.03840000182390213,0.03840000182390213,0.03840000182390213,25000,0.0,0.0
2017-06-05 00:00:00+08:00,0.02800000086426735,0.03999999910593033,0.02800000086426735,0.03999999910593033,450000,0.0,0.0
2017-06-06 00:00:00+08:00,0.040800001472234726,0.040800001472234726,0.040800001472234726,0.040800001472234726,12500,0.0,0.0
2017-06-07 00:00:00+08:00,0.040800001472234726,0.040800001472234726,0.040800001472234726,0.040800001472234726,0,0.0,0.0
2017-06-08 00:00:00+08:00,0.040800001472234726,0.040800001472234726,0.040800001472234726,0.040800001472234726,0,0.0,0.0
2017-06-09 00:00:00+08:00,0.040800001472234726,0.040800001472234726,0.040800001472234726,0.040800001472234726,0,0.0,0.0
2017-06-12 00:00:00+08:00,0.040800001472234726,0.040800001472234726,0.040800001472234726,0.040800001472234726,0,0.0,0.0
2017-06-13 00:00:00+08:00,0.035999998450279236,0.035999998450279236,0.035999998450279236,0.035999998450279236,97625,0.0,0.0
2017-06-14 00:00:00+08:00,0.03920000046491623,0.03920000046491623,0.03359999880194664,0.035999998450279236,37750,0.0,0.0
2017-06-15 00:00:00+08:00,0.03359999880194664,0.03840000182390213,0.03280000016093254,0.035999998450279236,37625,0.0,0.0
2017-06-16 00:00:00+08:00,0.03840000182390213,0.03840000182390213,0.035999998450279236,0.03840000182390213,50000,0.0,0.0
2017-06-19 00:00:00+08:00,0.03840000182390213,0.03840000182390213,0.03840000182390213,0.03840000182390213,0,0.0,0.0
2017-06-20 00:00:00+08:00,0.03200000151991844,0.03680000081658363,0.031199999153614044,0.03680000081658363,6500,0.0,0.0
2017-06-21 00:00:00+08:00,0.03759999945759773,0.03759999945759773,0.03680000081658363,0.03680000081658363,20750,0.0,0.0
2017-06-22 00:00:00+08:00,0.03440000116825104,0.03440000116825104,0.03440000116825104,0.03440000116825104,50000,0.0,0.0
2017-06-23 00:00:00+08:00,0.03200000151991844,0.03359999880194664,0.03200000151991844,0.03359999880194664,101250,0.0,0.0
2017-06-27 00:00:00+08:00,0.03359999880194664,0.03359999880194664,0.03359999880194664,0.03359999880194664,0,0.0,0.0
2017-06-28 00:00:00+08:00,0.03359999880194664,0.03359999880194664,0.03359999880194664,0.03359999880194664,0,0.0,0.0
2017-06-29 00:00:00+08:00,0.03200000151991844,0.03519999980926514,0.03200000151991844,0.03519999980926514,38750,0.0,0.0
2017-06-30 00:00:00+08:00,0.03519999980926514,0.03519999980926514,0.03519999980926514,0.03519999980926514,0,0.0,0.0
2017-07-03 00:00:00+08:00,0.03519999980926514,0.03519999980926514,0.03519999980926514,0.03519999980926514,0,0.0,0.0
2017-07-04 00:00:00+08:00,0.03200000151991844,0.03200000151991844,0.03200000151991844,0.03200000151991844,38750,0.0,0.0
2017-07-05 00:00:00+08:00,0.03200000151991844,0.03440000116825104,0.03200000151991844,0.03440000116825104,128750,0.0,0.0
2017-07-06 00:00:00+08:00,0.03440000116825104,0.03440000116825104,0.03440000116825104,0.03440000116825104,0,0.0,0.0
2017-07-07 00:00:00+08:00,0.03280000016093254,0.035999998450279236,0.03280000016093254,0.035999998450279236,31250,0.0,0.0
2017-07-10 00:00:00+08:00,0.035999998450279236,0.035999998450279236,0.035999998450279236,0.035999998450279236,0,0.0,0.0
2017-07-11 00:00:00+08:00,0.03280000016093254,0.03280000016093254,0.03280000016093254,0.03280000016093254,50000,0.0,0.0
2017-07-12 00:00:00+08:00,0.03280000016093254,0.03280000016093254,0.03280000016093254,0.03280000016093254,0,0.0,0.0
2017-07-13 00:00:00+08:00,0.03200000151991844,0.03200000151991844,0.03200000151991844,0.03200000151991844,6250,0.0,0.0
2017-07-14 00:00:00+08:00,0.03200000151991844,0.035999998450279236,0.03200000151991844,0.03359999880194664,198750,0.0,0.0
2017-07-17 00:00:00+08:00,0.035999998450279236,0.035999998450279236,0.03200000151991844,0.03200000151991844,60000,0.0,0.0
2017-07-18 00:00:00+08:00,0.03200000151991844,0.03200000151991844,0.03200000151991844,0.03200000151991844,0,0.0,0.0
2017-07-19 00:00:00+08:00,0.030400000512599945,0.03280000016093254,0.030400000512599945,0.03280000016093254,30000,0.0,0.0
2017-07-20 00:00:00+08:00,0.03280000016093254,0.03280000016093254,0.03280000016093254,0.03280000016093254,0,0.0,0.0
2017-07-21 00:00:00+08:00,0.03280000016093254,0.03280000016093254,0.03280000016093254,0.03280000016093254,100000,0.0,0.0
2017-07-24 00:00:00+08:00,0.03200000151991844,0.03200000151991844,0.03200000151991844,0.03200000151991844,47500,0.0,0.0
2017-07-25 00:00:00+08:00,0.03200000151991844,0.03200000151991844,0.03200000151991844,0.03200000151991844,0,0.0,0.0
2017-07-26 00:00:00+08:00,0.03359999880194664,0.035999998450279236,0.03200000151991844,0.035999998450279236,152625,0.0,0.0
2017-07-27 00:00:00+08:00,0.03519999980926514,0.03519999980926514,0.03519999980926514,0.03519999980926514,93750,0.0,0.0
2017-07-28 00:00:00+08:00,0.03519999980926514,0.03519999980926514,0.03519999980926514,0.03519999980926514,0,0.0,0.0
2017-07-31 00:00:00+08:00,0.035999998450279236,0.035999998450279236,0.035999998450279236,0.035999998450279236,72125,0.0,0.0
2017-08-01 00:00:00+08:00,0.035999998450279236,0.035999998450279236,0.035999998450279236,0.035999998450279236,0,0.0,0.0
2017-08-02 00:00:00+08:00,0.035999998450279236,0.035999998450279236,0.035999998450279236,0.035999998450279236,18750,0.0,0.0
2017-08-03 00:00:00+08:00,0.035999998450279236,0.035999998450279236,0.035999998450279236,0.035999998450279236,0,0.0,0.0
2017-08-04 00:00:00+08:00,0.035999998450279236,0.03680000081658363,0.035999998450279236,0.035999998450279236,91375,0.0,0.0
2017-08-07 00:00:00+08:00,0.035999998450279236,0.035999998450279236,0.035999998450279236,0.035999998450279236,31250,0.0,0.0
2017-08-08 00:00:00+08:00,0.035999998450279236,0.035999998450279236,0.035999998450279236,0.035999998450279236,5000,0.0,0.0
2017-08-10 00:00:00+08:00,0.035999998450279236,0.03999999910593033,0.035999998450279236,0.03999999910593033,21125,0.0,0.0
2017-08-11 00:00:00+08:00,0.03999999910593033,0.03999999910593033,0.03999999910593033,0.03999999910593033,0,0.0,0.0
2017-08-14 00:00:00+08:00,0.035999998450279236,0.035999998450279236,0.035999998450279236,0.035999998450279236,12500,0.0,0.0
2017-08-15 00:00:00+08:00,0.03999999910593033,0.03999999910593033,0.03999999910593033,0.03999999910593033,125,0.0,0.0
2017-08-16 00:00:00+08:00,0.035999998450279236,0.035999998450279236,0.035999998450279236,0.035999998450279236,112500,0.0,0.0
2017-08-17 00:00:00+08:00,0.035999998450279236,0.03999999910593033,0.035999998450279236,0.03999999910593033,50000,0.0,0.0
2017-08-18 00:00:00+08:00,0.03999999910593033,0.03999999910593033,0.03999999910593033,0.03999999910593033,0,0.0,0.0
2017-08-21 00:00:00+08:00,0.03999999910593033,0.03999999910593033,0.03999999910593033,0.03999999910593033,0,0.0,0.0
2017-08-22 00:00:00+08:00,0.03359999880194664,0.03359999880194664,0.03359999880194664,0.03359999880194664,12500,0.0,0.0
2017-08-23 00:00:00+08:00,0.03359999880194664,0.03359999880194664,0.03359999880194664,0.03359999880194664,0,0.0,0.0
2017-08-24 00:00:00+08:00,0.03280000016093254,0.03280000016093254,0.03280000016093254,0.03280000016093254,3125,0.0,0.0
2017-08-25 00:00:00+08:00,0.03280000016093254,0.03280000016093254,0.03280000016093254,0.03280000016093254,66250,0.0,0.0
2017-08-28 00:00:00+08:00,0.03280000016093254,0.03280000016093254,0.03280000016093254,0.03280000016093254,0,0.0,0.0
2017-08-29 00:00:00+08:00,0.03359999880194664,0.03440000116825104,0.03359999880194664,0.03440000116825104,12625,0.0,0.0
2017-08-30 00:00:00+08:00,0.03440000116825104,0.03440000116825104,0.03440000116825104,0.03440000116825104,0,0.0,0.0
2017-08-31 00:00:00+08:00,0.03680000081658363,0.03759999945759773,0.03359999880194664,0.03440000116825104,42250,0.0,0.0
2017-09-04 00:00:00+08:00,0.03440000116825104,0.03440000116825104,0.03440000116825104,0.03440000116825104,0,0.0,0.0
2017-09-05 00:00:00+08:00,0.03519999980926514,0.03680000081658363,0.03519999980926514,0.03680000081658363,113875,0.0,0.0
2017-09-06 00:00:00+08:00,0.03680000081658363,0.03680000081658363,0.03680000081658363,0.03680000081658363,0,0.0,0.0
2017-09-07 00:00:00+08:00,0.03680000081658363,0.03680000081658363,0.03680000081658363,0.03680000081658363,0,0.0,0.0
2017-09-08 00:00:00+08:00,0.035999998450279236,0.035999998450279236,0.03200000151991844,0.03200000151991844,89750,0.0,0.0
2017-09-11 00:00:00+08:00,0.03280000016093254,0.03440000116825104,0.03280000016093254,0.03280000016093254,78750,0.0,0.0
2017-09-12 00:00:00+08:00,0.03280000016093254,0.03280000016093254,0.03280000016093254,0.03280000016093254,0,0.0,0.0
2017-09-13 00:00:00+08:00,0.03280000016093254,0.03280000016093254,0.03280000016093254,0.03280000016093254,0,0.0,0.0
2017-09-14 00:00:00+08:00,0.03440000116825104,0.03519999980926514,0.03440000116825104,0.03440000116825104,323750,0.0,0.0
2017-09-15 00:00:00+08:00,0.03280000016093254,0.03359999880194664,0.03280000016093254,0.03359999880194664,396250,0.0,0.0
2017-09-18 00:00:00+08:00,0.03280000016093254,0.03280000016093254,0.03280000016093254,0.03280000016093254,1250,0.0,0.0
2017-09-19 00:00:00+08:00,0.03280000016093254,0.03280000016093254,0.03280000016093254,0.03280000016093254,0,0.0,0.0
2017-09-20 00:00:00+08:00,0.03200000151991844,0.03200000151991844,0.03200000151991844,0.03200000151991844,87500,0.0,0.0
2017-09-21 00:00:00+08:00,0.03200000151991844,0.03280000016093254,0.03200000151991844,0.03280000016093254,50000,0.0,0.0
2017-09-22 00:00:00+08:00,0.03280000016093254,0.03280000016093254,0.03200000151991844,0.03200000151991844,123750,0.0,0.0
2017-09-25 00:00:00+08:00,0.03200000151991844,0.03200000151991844,0.031199999153614044,0.031199999153614044,172500,0.0,0.0
2017-09-26 00:00:00+08:00,0.029600000008940697,0.030400000512599945,0.029600000008940697,0.030400000512599945,700750,0.0,0.0
2017-09-27 00:00:00+08:00,0.030400000512599945,0.030400000512599945,0.030400000512599945,0.030400000512599945,5000,0.0,0.0
2017-09-28 00:00:00+08:00,0.030400000512599945,0.030400000512599945,0.030400000512599945,0.030400000512599945,0,0.0,0.0
2017-09-29 00:00:00+08:00,0.030400000512599945,0.030400000512599945,0.030400000512599945,0.030400000512599945,0,0.0,0.0
2017-10-02 00:00:00+08:00,0.030400000512599945,0.030400000512599945,0.030400000512599945,0.030400000512599945,0,0.0,0.0
2017-10-03 00:00:00+08:00,0.029600000008940697,0.029600000008940697,0.029600000008940697,0.029600000008940697,62500,0.0,0.0
2017-10-04 00:00:00+08:00,0.030400000512599945,0.030400000512599945,0.030400000512599945,0.030400000512599945,58750,0.0,0.0
2017-10-05 00:00:00+08:00,0.030400000512599945,0.030400000512599945,0.030400000512599945,0.030400000512599945,25000,0.0,0.0
2017-10-06 00:00:00+08:00,0.030400000512599945,0.035999998450279236,0.030400000512599945,0.03440000116825104,478000,0.0,0.0
2017-10-09 00:00:00+08:00,0.03280000016093254,0.03280000016093254,0.03280000016093254,0.03280000016093254,212500,0.0,0.0
2017-10-10 00:00:00+08:00,0.03280000016093254,0.03280000016093254,0.03280000016093254,0.03280000016093254,0,0.0,0.0
2017-10-11 00:00:00+08:00,0.030400000512599945,0.030400000512599945,0.030400000512599945,0.030400000512599945,6250,0.0,0.0
2017-10-12 00:00:00+08:00,0.030400000512599945,0.030400000512599945,0.030400000512599945,0.030400000512599945,43750,0.0,0.0
2017-10-13 00:00:00+08:00,0.030400000512599945,0.030400000512599945,0.029600000008940697,0.029600000008940697,108750,0.0,0.0
2017-10-16 00:00:00+08:00,0.035999998450279236,0.035999998450279236,0.035999998450279236,0.035999998450279236,1625,0.0,0.0
2017-10-17 00:00:00+08:00,0.035999998450279236,0.035999998450279236,0.035999998450279236,0.035999998450279236,375000,0.0,0.0
2017-10-19 00:00:00+08:00,0.035999998450279236,0.035999998450279236,0.035999998450279236,0.035999998450279236,0,0.0,0.0
2017-10-20 00:00:00+08:00,0.035999998450279236,0.035999998450279236,0.035999998450279236,0.035999998450279236,0,0.0,0.0
2017-10-23 00:00:00+08:00,0.035999998450279236,0.035999998450279236,0.035999998450279236,0.035999998450279236,0,0.0,0.0
2017-10-24 00:00:00+08:00,0.03840000182390213,0.042399998754262924,0.03280000016093254,0.03280000016093254,2508750,0.0,0.0
2017-10-25 00:00:00+08:00,0.03440000116825104,0.03440000116825104,0.03280000016093254,0.03440000116825104,151500,0.0,0.0
2017-10-26 00:00:00+08:00,0.03440000116825104,0.03440000116825104,0.03280000016093254,0.03359999880194664,371125,0.0,0.0
2017-10-27 00:00:00+08:00,0.03359999880194664,0.03440000116825104,0.03280000016093254,0.03440000116825104,212625,0.0,0.0
2017-10-30 00:00:00+08:00,0.03519999980926514,0.03680000081658363,0.03519999980926514,0.035999998450279236,915375,0.0,0.0
2017-10-31 00:00:00+08:00,0.035999998450279236,0.04800000041723251,0.035999998450279236,0.04639999940991402,4301125,0.0,0.0
2017-11-01 00:00:00+08:00,0.047200001776218414,0.04800000041723251,0.04399999976158142,0.04639999940991402,1178000,0.0,0.0
2017-11-02 00:00:00+08:00,0.04399999976158142,0.04479999840259552,0.042399998754262924,0.042399998754262924,545875,0.0,0.0
2017-11-03 00:00:00+08:00,0.04399999976158142,0.04399999976158142,0.042399998754262924,0.042399998754262924,255125,0.0,0.0
2017-11-06 00:00:00+08:00,0.041600000113248825,0.042399998754262924,0.03999999910593033,0.041600000113248825,787500,0.0,0.0
2017-11-07 00:00:00+08:00,0.03999999910593033,0.042399998754262924,0.03999999910593033,0.041600000113248825,278750,0.0,0.0
2017-11-08 00:00:00+08:00,0.041600000113248825,0.042399998754262924,0.040800001472234726,0.042399998754262924,623750,0.0,0.0
2017-11-09 00:00:00+08:00,0.042399998754262924,0.042399998754262924,0.042399998754262924,0.042399998754262924,0,0.0,0.0
2017-11-10 00:00:00+08:00,0.042399998754262924,0.042399998754262924,0.042399998754262924,0.042399998754262924,0,0.0,0.0
2017-11-13 00:00:00+08:00,0.042399998754262924,0.042399998754262924,0.03840000182390213,0.03999999910593033,238750,0.0,0.0
2017-11-14 00:00:00+08:00,0.03920000046491623,0.03920000046491623,0.03840000182390213,0.03840000182390213,497500,0.0,0.0
2017-11-15 00:00:00+08:00,0.040800001472234726,0.047200001776218414,0.040800001472234726,0.042399998754262924,2121125,0.0,0.0
2017-11-16 00:00:00+08:00,0.042399998754262924,0.042399998754262924,0.042399998754262924,0.042399998754262924,0,0.0,0.0
2017-11-17 00:00:00+08:00,0.041600000113248825,0.04479999840259552,0.041600000113248825,0.04479999840259552,586250,0.0,0.0
2017-11-20 00:00:00+08:00,0.04800000041723251,0.0575999990105629,0.04639999940991402,0.0551999993622303,9092125,0.0,0.0
2017-11-21 00:00:00+08:00,0.06239999830722809,0.08560000360012054,0.06239999830722809,0.07519999891519547,44703250,0.0,0.0
2017-11-22 00:00:00+08:00,0.07519999891519547,0.07760000228881836,0.06800000369548798,0.06960000097751617,7777875,0.0,0.0
2017-11-23 00:00:00+08:00,0.06880000233650208,0.06880000233650208,0.06080000102519989,0.06560000032186508,2326125,0.0,0.0
2017-11-24 00:00:00+08:00,0.06480000168085098,0.06560000032186508,0.06480000168085098,0.06560000032186508,635125,0.0,0.0
2017-11-27 00:00:00+08:00,0.06400000303983688,0.06400000303983688,0.0575999990105629,0.06080000102519989,2004000,0.0,0.0
2017-11-28 00:00:00+08:00,0.05999999865889549,0.07199999690055847,0.0560000017285347,0.06560000032186508,6678375,0.0,0.0
2017-11-29 00:00:00+08:00,0.06639999896287918,0.06960000097751617,0.06080000102519989,0.06080000102519989,1664000,0.0,0.0
2017-11-30 00:00:00+08:00,0.05920000001788139,0.06080000102519989,0.0560000017285347,0.058400001376867294,1063750,0.0,0.0
2017-12-01 00:00:00+08:00,0.06159999966621399,0.06400000303983688,0.06159999966621399,0.06239999830722809,700000,0.0,0.0
2017-12-04 00:00:00+08:00,0.06239999830722809,0.06800000369548798,0.06239999830722809,0.06560000032186508,1794250,0.0,0.0
2017-12-05 00:00:00+08:00,0.06800000369548798,0.06800000369548798,0.06080000102519989,0.06239999830722809,888750,0.0,0.0
2017-12-06 00:00:00+08:00,0.06159999966621399,0.06159999966621399,0.06080000102519989,0.06080000102519989,860625,0.0,0.0
2017-12-07 00:00:00+08:00,0.06080000102519989,0.06159999966621399,0.06080000102519989,0.06159999966621399,295375,0.0,0.0
2017-12-08 00:00:00+08:00,0.06080000102519989,0.06159999966621399,0.06080000102519989,0.06159999966621399,915000,0.0,0.0
2017-12-11 00:00:00+08:00,0.05999999865889549,0.05999999865889549,0.05999999865889549,0.05999999865889549,288750,0.0,0.0
2017-12-12 00:00:00+08:00,0.06319999694824219,0.06400000303983688,0.06159999966621399,0.06319999694824219,455500,0.0,0.0
2017-12-13 00:00:00+08:00,0.06400000303983688,0.06639999896287918,0.06400000303983688,0.06560000032186508,1029750,0.0,0.0
2017-12-14 00:00:00+08:00,0.06400000303983688,0.06400000303983688,0.06239999830722809,0.06239999830722809,472500,0.0,0.0
2017-12-15 00:00:00+08:00,0.06239999830722809,0.06239999830722809,0.06239999830722809,0.06239999830722809,67500,0.0,0.0
2017-12-18 00:00:00+08:00,0.06400000303983688,0.06639999896287918,0.06319999694824219,0.06400000303983688,3094500,0.0,0.0
2017-12-19 00:00:00+08:00,0.06319999694824219,0.06400000303983688,0.06239999830722809,0.06239999830722809,787500,0.0,0.0
2017-12-20 00:00:00+08:00,0.06159999966621399,0.06159999966621399,0.05999999865889549,0.06080000102519989,1040500,0.0,0.0
2017-12-21 00:00:00+08:00,0.05999999865889549,0.06159999966621399,0.05999999865889549,0.06159999966621399,185000,0.0,0.0
2017-12-22 00:00:00+08:00,0.06159999966621399,0.06159999966621399,0.06159999966621399,0.06159999966621399,0,0.0,0.0
2017-12-26 00:00:00+08:00,0.05920000001788139,0.05920000001788139,0.05920000001788139,0.05920000001788139,37250,0.0,0.0
2017-12-27 00:00:00+08:00,0.05920000001788139,0.06480000168085098,0.05920000001788139,0.06400000303983688,1967625,0.0,0.0
2017-12-28 00:00:00+08:00,0.06319999694824219,0.06400000303983688,0.06319999694824219,0.06319999694824219,586375,0.0,0.0
2017-12-29 00:00:00+08:00,0.06319999694824219,0.06319999694824219,0.06319999694824219,0.06319999694824219,0,0.0,0.0
2018-01-02 00:00:00+08:00,0.06319999694824219,0.06480000168085098,0.06319999694824219,0.06319999694824219,2468000,0.0,0.0
2018-01-03 00:00:00+08:00,0.06319999694824219,0.06880000233650208,0.06319999694824219,0.06560000032186508,10599375,0.0,0.0
2018-01-04 00:00:00+08:00,0.06960000097751617,0.07360000163316727,0.06080000102519989,0.06239999830722809,66078250,0.0,0.0
2018-01-05 00:00:00+08:00,0.06239999830722809,0.06239999830722809,0.05920000001788139,0.06159999966621399,2362500,0.0,0.0
2018-01-08 00:00:00+08:00,0.06080000102519989,0.06159999966621399,0.058400001376867294,0.058400001376867294,1720000,0.0,0.0
2018-01-09 00:00:00+08:00,0.058400001376867294,0.06159999966621399,0.058400001376867294,0.05999999865889549,2063750,0.0,0.0
2018-01-10 00:00:00+08:00,0.05999999865889549,0.06080000102519989,0.058400001376867294,0.058400001376867294,1666250,0.0,0.0
2018-01-11 00:00:00+08:00,0.05920000001788139,0.06159999966621399,0.0575999990105629,0.0575999990105629,7771500,0.0,0.0
2018-01-12 00:00:00+08:00,0.0575999990105629,0.06080000102519989,0.0575999990105629,0.0575999990105629,3106375,0.0,0.0
2018-01-15 00:00:00+08:00,0.058400001376867294,0.05920000001788139,0.058400001376867294,0.05920000001788139,1496125,0.0,0.0
2018-01-16 00:00:00+08:00,0.05920000001788139,0.06159999966621399,0.05920000001788139,0.06080000102519989,2921625,0.0,0.0
2018-01-17 00:00:00+08:00,0.06080000102519989,0.06239999830722809,0.05999999865889549,0.06159999966621399,2866375,0.0,0.0
2018-01-18 00:00:00+08:00,0.06159999966621399,0.06639999896287918,0.06159999966621399,0.06480000168085098,16611125,0.0,0.0
2018-01-19 00:00:00+08:00,0.06480000168085098,0.06800000369548798,0.06480000168085098,0.06560000032186508,16857500,0.0,0.0
2018-01-22 00:00:00+08:00,0.06400000303983688,0.06400000303983688,0.06239999830722809,0.06239999830722809,1401750,0.0,0.0
2018-01-23 00:00:00+08:00,0.06319999694824219,0.06480000168085098,0.06319999694824219,0.06400000303983688,1218750,0.0,0.0
2018-01-24 00:00:00+08:00,0.06239999830722809,0.06319999694824219,0.06239999830722809,0.06239999830722809,225000,0.0,0.0
2018-01-25 00:00:00+08:00,0.06239999830722809,0.06239999830722809,0.06080000102519989,0.06080000102519989,1881250,0.0,0.0
2018-01-26 00:00:00+08:00,0.06080000102519989,0.06159999966621399,0.05999999865889549,0.06080000102519989,1400000,0.0,0.0
2018-01-29 00:00:00+08:00,0.06159999966621399,0.06159999966621399,0.06080000102519989,0.06080000102519989,825375,0.0,0.0
2018-01-30 00:00:00+08:00,0.06080000102519989,0.06239999830722809,0.06080000102519989,0.06239999830722809,751250,0.0,0.0
2018-01-31 00:00:00+08:00,0.06239999830722809,0.06480000168085098,0.06239999830722809,0.06400000303983688,2565125,0.0,0.0
2018-02-01 00:00:00+08:00,0.06480000168085098,0.06480000168085098,0.06319999694824219,0.06319999694824219,1073500,0.0,0.0
2018-02-02 00:00:00+08:00,0.06319999694824219,0.06319999694824219,0.06239999830722809,0.06239999830722809,1469875,0.0,0.0
2018-02-05 00:00:00+08:00,0.05920000001788139,0.06159999966621399,0.058400001376867294,0.06159999966621399,2491500,0.0,0.0
2018-02-06 00:00:00+08:00,0.06080000102519989,0.06159999966621399,0.05920000001788139,0.06159999966621399,1783625,0.0,0.0
2018-02-07 00:00:00+08:00,0.06319999694824219,0.06319999694824219,0.06159999966621399,0.06319999694824219,2538500,0.0,0.0
2018-02-08 00:00:00+08:00,0.06239999830722809,0.06480000168085098,0.06159999966621399,0.06319999694824219,2096750,0.0,0.0
2018-02-09 00:00:00+08:00,0.06159999966621399,0.06319999694824219,0.06159999966621399,0.06159999966621399,351250,0.0,0.0
2018-02-12 00:00:00+08:00,0.06319999694824219,0.06319999694824219,0.05999999865889549,0.05999999865889549,801375,0.0,0.0
2018-02-13 00:00:00+08:00,0.06080000102519989,0.06159999966621399,0.06080000102519989,0.06159999966621399,300000,0.0,0.0
2018-02-14 00:00:00+08:00,0.06159999966621399,0.06159999966621399,0.05999999865889549,0.05999999865889549,685000,0.0,0.0
2018-02-15 00:00:00+08:00,0.06239999830722809,0.06319999694824219,0.06239999830722809,0.06239999830722809,513750,0.0,0.0
2018-02-19 00:00:00+08:00,0.06319999694824219,0.06400000303983688,0.06239999830722809,0.06239999830722809,337500,0.0,0.0
2018-02-20 00:00:00+08:00,0.06400000303983688,0.06400000303983688,0.06239999830722809,0.06239999830722809,446250,0.0,0.0
2018-02-21 00:00:00+08:00,0.06159999966621399,0.06239999830722809,0.05999999865889549,0.05999999865889549,523750,0.0,0.0
2018-02-22 00:00:00+08:00,0.06080000102519989,0.06319999694824219,0.06080000102519989,0.06239999830722809,1038750,0.0,0.0
2018-02-23 00:00:00+08:00,0.06239999830722809,0.06239999830722809,0.06239999830722809,0.06239999830722809,208750,0.0,0.0
2018-02-26 00:00:00+08:00,0.06319999694824219,0.06480000168085098,0.06239999830722809,0.06400000303983688,1175000,0.0,0.0
2018-02-27 00:00:00+08:00,0.06400000303983688,0.06400000303983688,0.06239999830722809,0.06239999830722809,962500,0.0,0.0
2018-02-28 00:00:00+08:00,0.06159999966621399,0.06239999830722809,0.06159999966621399,0.06159999966621399,578750,0.0,0.0
2018-03-01 00:00:00+08:00,0.06159999966621399,0.06159999966621399,0.06159999966621399,0.06159999966621399,0,0.0,0.0
2018-03-02 00:00:00+08:00,0.06239999830722809,0.06239999830722809,0.06080000102519989,0.06159999966621399,682500,0.0,0.0
2018-03-05 00:00:00+08:00,0.06239999830722809,0.06239999830722809,0.06159999966621399,0.06239999830722809,1210000,0.0,0.0
2018-03-06 00:00:00+08:00,0.06239999830722809,0.06480000168085098,0.06159999966621399,0.06239999830722809,2470625,0.0,0.0
2018-03-07 00:00:00+08:00,0.06239999830722809,0.06239999830722809,0.058400001376867294,0.05999999865889549,3235250,0.0,0.0
2018-03-08 00:00:00+08:00,0.05400000140070915,0.05400000140070915,0.05000000074505806,0.05299999937415123,1160200,0.0,0.0
2018-03-09 00:00:00+08:00,0.05299999937415123,0.05299999937415123,0.05299999937415123,0.05299999937415123,0,0.0,0.0
2018-03-12 00:00:00+08:00,0.050999999046325684,0.052000001072883606,0.050999999046325684,0.052000001072883606,490000,0.0,0.0
2018-03-13 00:00:00+08:00,0.05000000074505806,0.050999999046325684,0.05000000074505806,0.050999999046325684,80000,0.0,0.0
2018-03-14 00:00:00+08:00,0.04699999839067459,0.04699999839067459,0.04600000008940697,0.04699999839067459,1074700,0.0,0.0
2018-03-15 00:00:00+08:00,0.04699999839067459,0.04699999839067459,0.04699999839067459,0.04699999839067459,0,0.0,0.0
2018-03-16 00:00:00+08:00,0.04399999976158142,0.04899999871850014,0.04399999976158142,0.04899999871850014,1860800,0.0,0.0
2018-03-19 00:00:00+08:00,0.04899999871850014,0.04899999871850014,0.04500000178813934,0.04699999839067459,565000,0.0,0.0
2018-03-20 00:00:00+08:00,0.04500000178813934,0.04699999839067459,0.0430000014603138,0.04500000178813934,1016600,0.0,0.0
2018-03-21 00:00:00+08:00,0.04500000178813934,0.04600000008940697,0.04399999976158142,0.04500000178813934,642400,0.0,0.0
2018-03-22 00:00:00+08:00,0.04500000178813934,0.04600000008940697,0.04399999976158142,0.04500000178813934,631000,0.0,0.0
2018-03-23 00:00:00+08:00,0.04600000008940697,0.04600000008940697,0.0430000014603138,0.04399999976158142,438000,0.0,0.0
2018-03-26 00:00:00+08:00,0.0430000014603138,0.0430000014603138,0.03999999910593033,0.0430000014603138,1089000,0.0,0.0
2018-03-27 00:00:00+08:00,0.041999999433755875,0.041999999433755875,0.04100000113248825,0.041999999433755875,329000,0.0,0.0
2018-03-28 00:00:00+08:00,0.04100000113248825,0.04100000113248825,0.03999999910593033,0.03999999910593033,180000,0.0,0.0
2018-03-29 00:00:00+08:00,0.04100000113248825,0.04100000113248825,0.03999999910593033,0.03999999910593033,378600,0.0,0.0
2018-04-02 00:00:00+08:00,0.03999999910593033,0.0430000014603138,0.03999999910593033,0.0430000014603138,1089200,0.0,0.0
2018-04-03 00:00:00+08:00,0.04100000113248825,0.04600000008940697,0.04100000113248825,0.04399999976158142,2398400,0.0,0.0
2018-04-04 00:00:00+08:00,0.04399999976158142,0.04399999976158142,0.041999999433755875,0.041999999433755875,1295200,0.0,0.0
2018-04-05 00:00:00+08:00,0.04399999976158142,0.04399999976158142,0.04100000113248825,0.04100000113248825,561000,0.0,0.0
2018-04-06 00:00:00+08:00,0.04100000113248825,0.04600000008940697,0.04100000113248825,0.04500000178813934,3924000,0.0,0.0
2018-04-09 00:00:00+08:00,0.041999999433755875,0.0430000014603138,0.03999999910593033,0.041999999433755875,5091300,0.0,0.0
2018-04-10 00:00:00+08:00,0.0430000014603138,0.0430000014603138,0.041999999433755875,0.041999999433755875,2751300,0.0,0.0
2018-04-11 00:00:00+08:00,0.04100000113248825,0.041999999433755875,0.04100000113248825,0.041999999433755875,749300,0.0,0.0
2018-04-12 00:00:00+08:00,0.04100000113248825,0.041999999433755875,0.03999999910593033,0.04100000113248825,2602100,0.0,0.0
2018-04-13 00:00:00+08:00,0.03999999910593033,0.0430000014603138,0.03999999910593033,0.041999999433755875,1509200,0.0,0.0
2018-04-16 00:00:00+08:00,0.041999999433755875,0.0430000014603138,0.04100000113248825,0.041999999433755875,2073800,0.0,0.0
2018-04-17 00:00:00+08:00,0.04100000113248825,0.04100000113248825,0.04100000113248825,0.04100000113248825,124000,0.0,0.0
2018-04-18 00:00:00+08:00,0.04100000113248825,0.04100000113248825,0.04100000113248825,0.04100000113248825,889300,0.0,0.0
2018-04-19 00:00:00+08:00,0.04100000113248825,0.04100000113248825,0.03999999910593033,0.03999999910593033,1347000,0.0,0.0
2018-04-20 00:00:00+08:00,0.03999999910593033,0.03999999910593033,0.039000000804662704,0.03999999910593033,772300,0.0,0.0
2018-04-23 00:00:00+08:00,0.03999999910593033,0.04100000113248825,0.03999999910593033,0.03999999910593033,595200,0.0,0.0
2018-04-24 00:00:00+08:00,0.039000000804662704,0.039000000804662704,0.039000000804662704,0.039000000804662704,418000,0.0,0.0
2018-04-25 00:00:00+08:00,0.03799999877810478,0.03799999877810478,0.03799999877810478,0.03799999877810478,37100,0.0,0.0
2018-04-26 00:00:00+08:00,0.03799999877810478,0.03799999877810478,0.03799999877810478,0.03799999877810478,667300,0.0,0.0
2018-04-27 00:00:00+08:00,0.03799999877810478,0.03999999910593033,0.03799999877810478,0.03999999910593033,2072400,0.0,0.0
2018-04-30 00:00:00+08:00,0.03999999910593033,0.03999999910593033,0.03999999910593033,0.03999999910593033,0,0.0,0.0
2018-05-02 00:00:00+08:00,0.03999999910593033,0.03999999910593033,0.03999999910593033,0.03999999910593033,500000,0.0,0.0
2018-05-03 00:00:00+08:00,0.039000000804662704,0.039000000804662704,0.039000000804662704,0.039000000804662704,436000,0.0,0.0
2018-05-04 00:00:00+08:00,0.03799999877810478,0.03799999877810478,0.03799999877810478,0.03799999877810478,10000,0.0,0.0
2018-05-07 00:00:00+08:00,0.03999999910593033,0.03999999910593033,0.03999999910593033,0.03999999910593033,842900,0.0,0.0
2018-05-08 00:00:00+08:00,0.03999999910593033,0.04100000113248825,0.03999999910593033,0.03999999910593033,125100,0.0,0.0
2018-05-09 00:00:00+08:00,0.03999999910593033,0.04100000113248825,0.03999999910593033,0.04100000113248825,479200,0.0,0.0
2018-05-10 00:00:00+08:00,0.04100000113248825,0.04100000113248825,0.04100000113248825,0.04100000113248825,133100,0.0,0.0
2018-05-11 00:00:00+08:00,0.04100000113248825,0.04500000178813934,0.04100000113248825,0.04399999976158142,2383600,0.0,0.0
2018-05-14 00:00:00+08:00,0.04399999976158142,0.04600000008940697,0.04399999976158142,0.04399999976158142,4120200,0.0,0.0
2018-05-15 00:00:00+08:00,0.0430000014603138,0.0430000014603138,0.04100000113248825,0.04100000113248825,720000,0.0,0.0
2018-05-16 00:00:00+08:00,0.04100000113248825,0.041999999433755875,0.04100000113248825,0.041999999433755875,50700,0.0,0.0
2018-05-17 00:00:00+08:00,0.04100000113248825,0.0430000014603138,0.04100000113248825,0.0430000014603138,675500,0.0,0.0
2018-05-18 00:00:00+08:00,0.04100000113248825,0.04100000113248825,0.04100000113248825,0.04100000113248825,802000,0.0,0.0
2018-05-21 00:00:00+08:00,0.04100000113248825,0.04100000113248825,0.03999999910593033,0.04100000113248825,745000,0.0,0.0
2018-05-22 00:00:00+08:00,0.04100000113248825,0.04100000113248825,0.03999999910593033,0.03999999910593033,600500,0.0,0.0
2018-05-23 00:00:00+08:00,0.04100000113248825,0.04100000113248825,0.039000000804662704,0.03999999910593033,484400,0.0,0.0
2018-05-24 00:00:00+08:00,0.03999999910593033,0.03999999910593033,0.03999999910593033,0.03999999910593033,686400,0.0,0.0
2018-05-25 00:00:00+08:00,0.03999999910593033,0.03999999910593033,0.039000000804662704,0.039000000804662704,952600,0.0,0.0
2018-05-28 00:00:00+08:00,0.039000000804662704,0.039000000804662704,0.03799999877810478,0.03799999877810478,1720800,0.0,0.0
2018-05-30 00:00:00+08:00,0.03799999877810478,0.03799999877810478,0.03799999877810478,0.03799999877810478,0,0.0,0.0
2018-05-31 00:00:00+08:00,0.03799999877810478,0.03799999877810478,0.03799999877810478,0.03799999877810478,0,0.0,0.0
2018-06-01 00:00:00+08:00,0.039000000804662704,0.039000000804662704,0.039000000804662704,0.039000000804662704,200000,0.0,0.0
2018-06-04 00:00:00+08:00,0.039000000804662704,0.039000000804662704,0.039000000804662704,0.039000000804662704,0,0.0,0.0
2018-06-05 00:00:00+08:00,0.03799999877810478,0.03799999877810478,0.03799999877810478,0.03799999877810478,300000,0.0,0.0
2018-06-06 00:00:00+08:00,0.03799999877810478,0.03799999877810478,0.03799999877810478,0.03799999877810478,0,0.0,0.0
2018-06-07 00:00:00+08:00,0.03799999877810478,0.03799999877810478,0.03700000047683716,0.03700000047683716,399400,0.0,0.0
2018-06-08 00:00:00+08:00,0.03700000047683716,0.03700000047683716,0.03700000047683716,0.03700000047683716,0,0.0,0.0
2018-06-11 00:00:00+08:00,0.03700000047683716,0.03700000047683716,0.03700000047683716,0.03700000047683716,0,0.0,0.0
2018-06-12 00:00:00+08:00,0.03799999877810478,0.03999999910593033,0.03799999877810478,0.03999999910593033,891200,0.0,0.0
2018-06-13 00:00:00+08:00,0.03999999910593033,0.03999999910593033,0.03999999910593033,0.03999999910593033,1178700,0.0,0.0
2018-06-14 00:00:00+08:00,0.03999999910593033,0.03999999910593033,0.03999999910593033,0.03999999910593033,0,0.0,0.0
2018-06-18 00:00:00+08:00,0.039000000804662704,0.039000000804662704,0.039000000804662704,0.039000000804662704,140000,0.0,0.0
2018-06-19 00:00:00+08:00,0.039000000804662704,0.039000000804662704,0.039000000804662704,0.039000000804662704,60000,0.0,0.0
2018-06-20 00:00:00+08:00,0.039000000804662704,0.039000000804662704,0.039000000804662704,0.039000000804662704,320000,0.0,0.0
2018-06-21 00:00:00+08:00,0.03799999877810478,0.03799999877810478,0.03799999877810478,0.03799999877810478,344500,0.0,0.0
2018-06-22 00:00:00+08:00,0.039000000804662704,0.04100000113248825,0.039000000804662704,0.039000000804662704,2202200,0.0,0.0
2018-06-25 00:00:00+08:00,0.03999999910593033,0.041999999433755875,0.039000000804662704,0.039000000804662704,2958700,0.0,0.0
2018-06-26 00:00:00+08:00,0.039000000804662704,0.039000000804662704,0.03799999877810478,0.03799999877810478,70700,0.0,0.0
2018-06-27 00:00:00+08:00,0.03799999877810478,0.03799999877810478,0.03799999877810478,0.03799999877810478,367000,0.0,0.0
2018-06-28 00:00:00+08:00,0.03799999877810478,0.03799999877810478,0.03799999877810478,0.03799999877810478,400000,0.0,0.0
2018-06-29 00:00:00+08:00,0.03799999877810478,0.03799999877810478,0.03700000047683716,0.03700000047683716,200000,0.0,0.0
2018-07-02 00:00:00+08:00,0.03700000047683716,0.03700000047683716,0.035999998450279236,0.035999998450279236,624400,0.0,0.0
2018-07-03 00:00:00+08:00,0.035999998450279236,0.035999998450279236,0.035999998450279236,0.035999998450279236,0,0.0,0.0
2018-07-04 00:00:00+08:00,0.035999998450279236,0.035999998450279236,0.035999998450279236,0.035999998450279236,0,0.0,0.0
2018-07-05 00:00:00+08:00,0.035999998450279236,0.035999998450279236,0.035999998450279236,0.035999998450279236,0,0.0,0.0
2018-07-06 00:00:00+08:00,0.035999998450279236,0.03700000047683716,0.035999998450279236,0.035999998450279236,316600,0.0,0.0
2018-07-09 00:00:00+08:00,0.035999998450279236,0.035999998450279236,0.035999998450279236,0.035999998450279236,0,0.0,0.0
2018-07-10 00:00:00+08:00,0.03500000014901161,0.035999998450279236,0.03500000014901161,0.035999998450279236,41000,0.0,0.0
2018-07-11 00:00:00+08:00,0.035999998450279236,0.035999998450279236,0.035999998450279236,0.035999998450279236,0,0.0,0.0
2018-07-12 00:00:00+08:00,0.035999998450279236,0.035999998450279236,0.035999998450279236,0.035999998450279236,6000,0.0,0.0
2018-07-13 00:00:00+08:00,0.035999998450279236,0.035999998450279236,0.035999998450279236,0.035999998450279236,0,0.0,0.0
2018-07-16 00:00:00+08:00,0.03500000014901161,0.03500000014901161,0.03500000014901161,0.03500000014901161,64000,0.0,0.0
2018-07-17 00:00:00+08:00,0.03500000014901161,0.03500000014901161,0.03500000014901161,0.03500000014901161,0,0.0,0.0
2018-07-18 00:00:00+08:00,0.03500000014901161,0.03500000014901161,0.03500000014901161,0.03500000014901161,0,0.0,0.0
2018-07-19 00:00:00+08:00,0.03500000014901161,0.03500000014901161,0.03500000014901161,0.03500000014901161,3000,0.0,0.0
2018-07-20 00:00:00+08:00,0.03500000014901161,0.03500000014901161,0.03500000014901161,0.03500000014901161,0,0.0,0.0
2018-07-23 00:00:00+08:00,0.03500000014901161,0.03500000014901161,0.03500000014901161,0.03500000014901161,0,0.0,0.0
2018-07-24 00:00:00+08:00,0.03500000014901161,0.03500000014901161,0.03500000014901161,0.03500000014901161,0,0.0,0.0
2018-07-25 00:00:00+08:00,0.03500000014901161,0.03500000014901161,0.03500000014901161,0.03500000014901161,0,0.0,0.0
2018-07-26 00:00:00+08:00,0.03500000014901161,0.03500000014901161,0.03500000014901161,0.03500000014901161,0,0.0,0.0
2018-07-27 00:00:00+08:00,0.03500000014901161,0.03700000047683716,0.03500000014901161,0.03700000047683716,88000,0.0,0.0
2018-07-30 00:00:00+08:00,0.03500000014901161,0.03799999877810478,0.03500000014901161,0.03799999877810478,200100,0.0,0.0
2018-07-31 00:00:00+08:00,0.03799999877810478,0.03799999877810478,0.03799999877810478,0.03799999877810478,0,0.0,0.0
2018-08-01 00:00:00+08:00,0.03799999877810478,0.03799999877810478,0.03799999877810478,0.03799999877810478,0,0.0,0.0
2018-08-02 00:00:00+08:00,0.035999998450279236,0.03700000047683716,0.035999998450279236,0.03700000047683716,600000,0.0,0.0
2018-08-03 00:00:00+08:00,0.03700000047683716,0.03799999877810478,0.03700000047683716,0.03799999877810478,242000,0.0,0.0
2018-08-06 00:00:00+08:00,0.03700000047683716,0.03799999877810478,0.03700000047683716,0.03799999877810478,522000,0.0,0.0
2018-08-07 00:00:00+08:00,0.03799999877810478,0.039000000804662704,0.03799999877810478,0.039000000804662704,383000,0.0,0.0
2018-08-08 00:00:00+08:00,0.039000000804662704,0.039000000804662704,0.039000000804662704,0.039000000804662704,0,0.0,0.0
2018-08-10 00:00:00+08:00,0.03700000047683716,0.039000000804662704,0.03700000047683716,0.039000000804662704,151100,0.0,0.0
2018-08-13 00:00:00+08:00,0.039000000804662704,0.039000000804662704,0.039000000804662704,0.039000000804662704,0,0.0,0.0
2018-08-14 00:00:00+08:00,0.039000000804662704,0.039000000804662704,0.039000000804662704,0.039000000804662704,0,0.0,0.0
2018-08-15 00:00:00+08:00,0.03799999877810478,0.03799999877810478,0.03799999877810478,0.03799999877810478,133900,0.0,0.0
2018-08-16 00:00:00+08:00,0.03799999877810478,0.03799999877810478,0.03799999877810478,0.03799999877810478,0,0.0,0.0
2018-08-17 00:00:00+08:00,0.03799999877810478,0.03799999877810478,0.03799999877810478,0.03799999877810478,0,0.0,0.0
2018-08-20 00:00:00+08:00,0.03799999877810478,0.03799999877810478,0.03799999877810478,0.03799999877810478,0,0.0,0.0
2018-08-21 00:00:00+08:00,0.03799999877810478,0.03799999877810478,0.03799999877810478,0.03799999877810478,0,0.0,0.0
2018-08-23 00:00:00+08:00,0.03799999877810478,0.03799999877810478,0.03799999877810478,0.03799999877810478,0,0.0,0.0
2018-08-24 00:00:00+08:00,0.03799999877810478,0.03799999877810478,0.03799999877810478,0.03799999877810478,0,0.0,0.0
2018-08-27 00:00:00+08:00,0.03799999877810478,0.03799999877810478,0.03799999877810478,0.03799999877810478,0,0.0,0.0
2018-08-28 00:00:00+08:00,0.03700000047683716,0.03799999877810478,0.03700000047683716,0.03700000047683716,659000,0.0,0.0
2018-08-29 00:00:00+08:00,0.03700000047683716,0.03700000047683716,0.03700000047683716,0.03700000047683716,0,0.0,0.0
2018-08-30 00:00:00+08:00,0.03799999877810478,0.03799999877810478,0.03700000047683716,0.03700000047683716,467000,0.0,0.0
2018-08-31 00:00:00+08:00,0.03700000047683716,0.03700000047683716,0.03700000047683716,0.03700000047683716,504000,0.0,0.0
2018-09-03 00:00:00+08:00,0.03700000047683716,0.03700000047683716,0.035999998450279236,0.035999998450279236,42000,0.0,0.0
2018-09-04 00:00:00+08:00,0.035999998450279236,0.035999998450279236,0.035999998450279236,0.035999998450279236,0,0.0,0.0
2018-09-05 00:00:00+08:00,0.035999998450279236,0.035999998450279236,0.035999998450279236,0.035999998450279236,145000,0.0,0.0
2018-09-06 00:00:00+08:00,0.035999998450279236,0.035999998450279236,0.035999998450279236,0.035999998450279236,0,0.0,0.0
2018-09-07 00:00:00+08:00,0.03799999877810478,0.03799999877810478,0.03400000184774399,0.03400000184774399,20000,0.0,0.0
2018-09-10 00:00:00+08:00,0.03400000184774399,0.03400000184774399,0.03400000184774399,0.03400000184774399,0,0.0,0.0
2018-09-11 00:00:00+08:00,0.03400000184774399,0.03400000184774399,0.03400000184774399,0.03400000184774399,2000,0.0,0.0
2018-09-12 00:00:00+08:00,0.03400000184774399,0.03400000184774399,0.03400000184774399,0.03400000184774399,0,0.0,0.0
2018-09-13 00:00:00+08:00,0.03400000184774399,0.03400000184774399,0.03400000184774399,0.03400000184774399,0,0.0,0.0
2018-09-14 00:00:00+08:00,0.03400000184774399,0.03400000184774399,0.03400000184774399,0.03400000184774399,0,0.0,0.0
2018-09-17 00:00:00+08:00,0.03400000184774399,0.03400000184774399,0.03400000184774399,0.03400000184774399,0,0.0,0.0
2018-09-18 00:00:00+08:00,0.03400000184774399,0.03400000184774399,0.03400000184774399,0.03400000184774399,0,0.0,0.0
2018-09-19 00:00:00+08:00,0.03400000184774399,0.03400000184774399,0.03400000184774399,0.03400000184774399,0,0.0,0.0
2018-09-20 00:00:00+08:00,0.03400000184774399,0.03400000184774399,0.03400000184774399,0.03400000184774399,0,0.0,0.0
2018-09-21 00:00:00+08:00,0.035999998450279236,0.03799999877810478,0.035999998450279236,0.03799999877810478,109000,0.0,0.0
2018-09-24 00:00:00+08:00,0.035999998450279236,0.035999998450279236,0.03500000014901161,0.035999998450279236,874000,0.0,0.0
2018-09-25 00:00:00+08:00,0.035999998450279236,0.035999998450279236,0.035999998450279236,0.035999998450279236,0,0.0,0.0
2018-09-26 00:00:00+08:00,0.035999998450279236,0.03700000047683716,0.035999998450279236,0.03700000047683716,889000,0.0,0.0
2018-09-27 00:00:00+08:00,0.035999998450279236,0.03799999877810478,0.035999998450279236,0.03799999877810478,6700,0.0,0.0
2018-09-28 00:00:00+08:00,0.03799999877810478,0.03799999877810478,0.03700000047683716,0.03700000047683716,310000,0.0,0.0
2018-10-01 00:00:00+08:00,0.03799999877810478,0.03799999877810478,0.03799999877810478,0.03799999877810478,502000,0.0,0.0
2018-10-02 00:00:00+08:00,0.03799999877810478,0.03799999877810478,0.03799999877810478,0.03799999877810478,0,0.0,0.0
2018-10-03 00:00:00+08:00,0.03700000047683716,0.03700000047683716,0.03700000047683716,0.03700000047683716,5000,0.0,0.0
2018-10-04 00:00:00+08:00,0.03700000047683716,0.03700000047683716,0.03700000047683716,0.03700000047683716,0,0.0,0.0
2018-10-05 00:00:00+08:00,0.03700000047683716,0.03700000047683716,0.03700000047683716,0.03700000047683716,0,0.0,0.0
2018-10-08 00:00:00+08:00,0.03700000047683716,0.03700000047683716,0.03700000047683716,0.03700000047683716,0,0.0,0.0
2018-10-09 00:00:00+08:00,0.03700000047683716,0.03700000047683716,0.03700000047683716,0.03700000047683716,0,0.0,0.0
2018-10-10 00:00:00+08:00,0.03700000047683716,0.03700000047683716,0.03700000047683716,0.03700000047683716,228000,0.0,0.0
2018-10-11 00:00:00+08:00,0.03700000047683716,0.03700000047683716,0.03700000047683716,0.03700000047683716,0,0.0,0.0
2018-10-12 00:00:00+08:00,0.03700000047683716,0.03700000047683716,0.03700000047683716,0.03700000047683716,0,0.0,0.0
2018-10-15 00:00:00+08:00,0.03700000047683716,0.03700000047683716,0.03700000047683716,0.03700000047683716,0,0.0,0.0
2018-10-16 00:00:00+08:00,0.03700000047683716,0.03700000047683716,0.03700000047683716,0.03700000047683716,0,0.0,0.0
2018-10-17 00:00:00+08:00,0.03700000047683716,0.03700000047683716,0.03700000047683716,0.03700000047683716,0,0.0,0.0
2018-10-18 00:00:00+08:00,0.035999998450279236,0.03700000047683716,0.035999998450279236,0.035999998450279236,322000,0.0,0.0
2018-10-19 00:00:00+08:00,0.035999998450279236,0.035999998450279236,0.035999998450279236,0.035999998450279236,0,0.0,0.0
2018-10-22 00:00:00+08:00,0.035999998450279236,0.03700000047683716,0.035999998450279236,0.03700000047683716,15800,0.0,0.0
2018-10-23 00:00:00+08:00,0.03700000047683716,0.03700000047683716,0.03700000047683716,0.03700000047683716,0,0.0,0.0
2018-10-24 00:00:00+08:00,0.03700000047683716,0.03700000047683716,0.03700000047683716,0.03700000047683716,0,0.0,0.0
2018-10-25 00:00:00+08:00,0.03500000014901161,0.03500000014901161,0.029999999329447746,0.032999999821186066,355700,0.0,0.0
2018-10-26 00:00:00+08:00,0.032999999821186066,0.032999999821186066,0.032999999821186066,0.032999999821186066,0,0.0,0.0
2018-10-29 00:00:00+08:00,0.032999999821186066,0.032999999821186066,0.032999999821186066,0.032999999821186066,0,0.0,0.0
2018-10-30 00:00:00+08:00,0.032999999821186066,0.032999999821186066,0.032999999821186066,0.032999999821186066,0,0.0,0.0
2018-10-31 00:00:00+08:00,0.03500000014901161,0.03500000014901161,0.03500000014901161,0.03500000014901161,180000,0.0,0.0
2018-11-01 00:00:00+08:00,0.03500000014901161,0.03500000014901161,0.03500000014901161,0.03500000014901161,25000,0.0,0.0
2018-11-02 00:00:00+08:00,0.03500000014901161,0.03500000014901161,0.03500000014901161,0.03500000014901161,0,0.0,0.0
2018-11-05 00:00:00+08:00,0.03500000014901161,0.03500000014901161,0.03500000014901161,0.03500000014901161,0,0.0,0.0
2018-11-07 00:00:00+08:00,0.032999999821186066,0.032999999821186066,0.032999999821186066,0.032999999821186066,20000,0.0,0.0
2018-11-08 00:00:00+08:00,0.032999999821186066,0.032999999821186066,0.032999999821186066,0.032999999821186066,0,0.0,0.0
2018-11-09 00:00:00+08:00,0.032999999821186066,0.032999999821186066,0.032999999821186066,0.032999999821186066,0,0.0,0.0
2018-11-12 00:00:00+08:00,0.032999999821186066,0.032999999821186066,0.032999999821186066,0.032999999821186066,0,0.0,0.0
2018-11-13 00:00:00+08:00,0.032999999821186066,0.032999999821186066,0.032999999821186066,0.032999999821186066,0,0.0,0.0
2018-11-14 00:00:00+08:00,0.032999999821186066,0.032999999821186066,0.032999999821186066,0.032999999821186066,0,0.0,0.0
2018-11-15 00:00:00+08:00,0.032999999821186066,0.032999999821186066,0.032999999821186066,0.032999999821186066,0,0.0,0.0
2018-11-16 00:00:00+08:00,0.032999999821186066,0.03500000014901161,0.032999999821186066,0.03500000014901161,8000,0.0,0.0
2018-11-19 00:00:00+08:00,0.03500000014901161,0.03500000014901161,0.03500000014901161,0.03500000014901161,0,0.0,0.0
2018-11-20 00:00:00+08:00,0.03500000014901161,0.03500000014901161,0.03500000014901161,0.03500000014901161,0,0.0,0.0
2018-11-21 00:00:00+08:00,0.03500000014901161,0.03500000014901161,0.03500000014901161,0.03500000014901161,0,0.0,0.0
2018-11-22 00:00:00+08:00,0.03500000014901161,0.03500000014901161,0.03500000014901161,0.03500000014901161,0,0.0,0.0
2018-11-23 00:00:00+08:00,0.03500000014901161,0.03500000014901161,0.03500000014901161,0.03500000014901161,0,0.0,0.0
2018-11-26 00:00:00+08:00,0.03500000014901161,0.03500000014901161,0.03500000014901161,0.03500000014901161,0,0.0,0.0
2018-11-27 00:00:00+08:00,0.03500000014901161,0.03500000014901161,0.03500000014901161,0.03500000014901161,0,0.0,0.0
2018-11-28 00:00:00+08:00,0.03500000014901161,0.03500000014901161,0.03500000014901161,0.03500000014901161,0,0.0,0.0
2018-11-29 00:00:00+08:00,0.03500000014901161,0.03500000014901161,0.03500000014901161,0.03500000014901161,0,0.0,0.0
2018-11-30 00:00:00+08:00,0.03500000014901161,0.03500000014901161,0.03500000014901161,0.03500000014901161,42000,0.0,0.0
2018-12-03 00:00:00+08:00,0.03500000014901161,0.03500000014901161,0.03500000014901161,0.03500000014901161,0,0.0,0.0
2018-12-04 00:00:00+08:00,0.03500000014901161,0.03500000014901161,0.03500000014901161,0.03500000014901161,0,0.0,0.0
2018-12-05 00:00:00+08:00,0.03500000014901161,0.03500000014901161,0.03500000014901161,0.03500000014901161,0,0.0,0.0
2018-12-06 00:00:00+08:00,0.03500000014901161,0.03500000014901161,0.03500000014901161,0.03500000014901161,0,0.0,0.0
2018-12-07 00:00:00+08:00,0.03500000014901161,0.03500000014901161,0.03500000014901161,0.03500000014901161,0,0.0,0.0
2018-12-10 00:00:00+08:00,0.03500000014901161,0.03500000014901161,0.03500000014901161,0.03500000014901161,0,0.0,0.0
2018-12-11 00:00:00+08:00,0.032999999821186066,0.035999998450279236,0.032999999821186066,0.035999998450279236,40000,0.0,0.0
2018-12-12 00:00:00+08:00,0.03700000047683716,0.03700000047683716,0.03700000047683716,0.03700000047683716,10000,0.0,0.0
2018-12-13 00:00:00+08:00,0.03700000047683716,0.03700000047683716,0.03700000047683716,0.03700000047683716,0,0.0,0.0
2018-12-14 00:00:00+08:00,0.03700000047683716,0.03700000047683716,0.03700000047683716,0.03700000047683716,0,0.0,0.0
2018-12-17 00:00:00+08:00,0.03700000047683716,0.03700000047683716,0.03700000047683716,0.03700000047683716,0,0.0,0.0
2018-12-18 00:00:00+08:00,0.03700000047683716,0.03700000047683716,0.03700000047683716,0.03700000047683716,0,0.0,0.0
2018-12-19 00:00:00+08:00,0.03500000014901161,0.035999998450279236,0.03500000014901161,0.035999998450279236,234000,0.0,0.0
2018-12-20 00:00:00+08:00,0.03500000014901161,0.03500000014901161,0.03500000014901161,0.03500000014901161,200000,0.0,0.0
2018-12-21 00:00:00+08:00,0.03500000014901161,0.03500000014901161,0.03500000014901161,0.03500000014901161,50000,0.0,0.0
2018-12-24 00:00:00+08:00,0.03400000184774399,0.03400000184774399,0.03400000184774399,0.03400000184774399,200000,0.0,0.0
2018-12-26 00:00:00+08:00,0.03400000184774399,0.03400000184774399,0.03400000184774399,0.03400000184774399,0,0.0,0.0
2018-12-27 00:00:00+08:00,0.03400000184774399,0.035999998450279236,0.03400000184774399,0.03500000014901161,276900,0.0,0.0
2018-12-28 00:00:00+08:00,0.03400000184774399,0.03400000184774399,0.03400000184774399,0.03400000184774399,33600,0.0,0.0
2018-12-31 00:00:00+08:00,0.03400000184774399,0.03400000184774399,0.03400000184774399,0.03400000184774399,0,0.0,0.0
2019-01-01 00:00:00+08:00,0.03400000184774399,0.03400000184774399,0.03400000184774399,0.03400000184774399,0,0.0,0.0
2019-01-02 00:00:00+08:00,0.03400000184774399,0.03400000184774399,0.03400000184774399,0.03400000184774399,1000,0.0,0.0
2019-01-03 00:00:00+08:00,0.03400000184774399,0.03400000184774399,0.03400000184774399,0.03400000184774399,0,0.0,0.0
2019-01-04 00:00:00+08:00,0.03500000014901161,0.03500000014901161,0.03500000014901161,0.03500000014901161,14000,0.0,0.0
2019-01-07 00:00:00+08:00,0.03200000151991844,0.03200000151991844,0.03200000151991844,0.03200000151991844,30000,0.0,0.0
2019-01-08 00:00:00+08:00,0.032999999821186066,0.035999998450279236,0.03200000151991844,0.035999998450279236,100400,0.0,0.0
2019-01-09 00:00:00+08:00,0.03200000151991844,0.032999999821186066,0.03200000151991844,0.032999999821186066,20000,0.0,0.0
2019-01-10 00:00:00+08:00,0.032999999821186066,0.032999999821186066,0.032999999821186066,0.032999999821186066,0,0.0,0.0
2019-01-11 00:00:00+08:00,0.03400000184774399,0.03400000184774399,0.03400000184774399,0.03400000184774399,97000,0.0,0.0
2019-01-14 00:00:00+08:00,0.03400000184774399,0.03400000184774399,0.03400000184774399,0.03400000184774399,0,0.0,0.0
2019-01-15 00:00:00+08:00,0.032999999821186066,0.032999999821186066,0.032999999821186066,0.032999999821186066,50000,0.0,0.0
2019-01-16 00:00:00+08:00,0.03500000014901161,0.035999998450279236,0.03400000184774399,0.035999998450279236,55000,0.0,0.0
2019-01-17 00:00:00+08:00,0.035999998450279236,0.035999998450279236,0.035999998450279236,0.035999998450279236,0,0.0,0.0
2019-01-18 00:00:00+08:00,0.035999998450279236,0.035999998450279236,0.035999998450279236,0.035999998450279236,0,0.0,0.0
2019-01-21 00:00:00+08:00,0.035999998450279236,0.035999998450279236,0.035999998450279236,0.035999998450279236,0,0.0,0.0
2019-01-22 00:00:00+08:00,0.035999998450279236,0.035999998450279236,0.035999998450279236,0.035999998450279236,0,0.0,0.0
2019-01-23 00:00:00+08:00,0.035999998450279236,0.035999998450279236,0.035999998450279236,0.035999998450279236,0,0.0,0.0
2019-01-24 00:00:00+08:00,0.035999998450279236,0.035999998450279236,0.035999998450279236,0.035999998450279236,0,0.0,0.0
2019-01-25 00:00:00+08:00,0.035999998450279236,0.035999998450279236,0.035999998450279236,0.035999998450279236,0,0.0,0.0
2019-01-28 00:00:00+08:00,0.035999998450279236,0.035999998450279236,0.035999998450279236,0.035999998450279236,0,0.0,0.0
2019-01-29 00:00:00+08:00,0.035999998450279236,0.035999998450279236,0.035999998450279236,0.035999998450279236,0,0.0,0.0
2019-01-30 00:00:00+08:00,0.035999998450279236,0.035999998450279236,0.035999998450279236,0.035999998450279236,0,0.0,0.0
2019-01-31 00:00:00+08:00,0.035999998450279236,0.035999998450279236,0.035999998450279236,0.035999998450279236,0,0.0,0.0
2019-02-01 00:00:00+08:00,0.035999998450279236,0.035999998450279236,0.035999998450279236,0.035999998450279236,0,0.0,0.0
2019-02-04 00:00:00+08:00,0.035999998450279236,0.035999998450279236,0.035999998450279236,0.035999998450279236,0,0.0,0.0
2019-02-05 00:00:00+08:00,0.035999998450279236,0.035999998450279236,0.035999998450279236,0.035999998450279236,0,0.0,0.0
2019-02-07 00:00:00+08:00,0.035999998450279236,0.035999998450279236,0.035999998450279236,0.035999998450279236,0,0.0,0.0
2019-02-08 00:00:00+08:00,0.035999998450279236,0.035999998450279236,0.035999998450279236,0.035999998450279236,0,0.0,0.0
2019-02-11 00:00:00+08:00,0.03200000151991844,0.03200000151991844,0.03200000151991844,0.03200000151991844,37900,0.0,0.0
2019-02-12 00:00:00+08:00,0.03200000151991844,0.03200000151991844,0.03200000151991844,0.03200000151991844,0,0.0,0.0
2019-02-13 00:00:00+08:00,0.03200000151991844,0.03200000151991844,0.03200000151991844,0.03200000151991844,0,0.0,0.0
2019-02-14 00:00:00+08:00,0.03200000151991844,0.03200000151991844,0.03200000151991844,0.03200000151991844,0,0.0,0.0
2019-02-15 00:00:00+08:00,0.03200000151991844,0.03200000151991844,0.03200000151991844,0.03200000151991844,0,0.0,0.0
2019-02-18 00:00:00+08:00,0.03200000151991844,0.03200000151991844,0.03200000151991844,0.03200000151991844,0,0.0,0.0
2019-02-19 00:00:00+08:00,0.03200000151991844,0.03200000151991844,0.03200000151991844,0.03200000151991844,0,0.0,0.0
2019-02-20 00:00:00+08:00,0.03200000151991844,0.03200000151991844,0.03200000151991844,0.03200000151991844,0,0.0,0.0
2019-02-21 00:00:00+08:00,0.03200000151991844,0.03200000151991844,0.03200000151991844,0.03200000151991844,0,0.0,0.0
2019-02-22 00:00:00+08:00,0.03200000151991844,0.03200000151991844,0.03200000151991844,0.03200000151991844,0,0.0,0.0
2019-02-25 00:00:00+08:00,0.029999999329447746,0.029999999329447746,0.029999999329447746,0.029999999329447746,14000,0.0,0.0
2019-02-26 00:00:00+08:00,0.029999999329447746,0.029999999329447746,0.029999999329447746,0.029999999329447746,0,0.0,0.0
2019-02-27 00:00:00+08:00,0.029999999329447746,0.029999999329447746,0.029999999329447746,0.029999999329447746,0,0.0,0.0
2019-02-28 00:00:00+08:00,0.029999999329447746,0.029999999329447746,0.029999999329447746,0.029999999329447746,0,0.0,0.0
2019-03-01 00:00:00+08:00,0.029999999329447746,0.029999999329447746,0.029999999329447746,0.029999999329447746,0,0.0,0.0
2019-03-04 00:00:00+08:00,0.029999999329447746,0.029999999329447746,0.029999999329447746,0.029999999329447746,0,0.0,0.0
2019-03-05 00:00:00+08:00,0.029999999329447746,0.029999999329447746,0.029999999329447746,0.029999999329447746,0,0.0,0.0
2019-03-06 00:00:00+08:00,0.029999999329447746,0.029999999329447746,0.029999999329447746,0.029999999329447746,1000,0.0,0.0
2019-03-07 00:00:00+08:00,0.029999999329447746,0.029999999329447746,0.029999999329447746,0.029999999329447746,3000,0.0,0.0
2019-03-08 00:00:00+08:00,0.029999999329447746,0.029999999329447746,0.029999999329447746,0.029999999329447746,0,0.0,0.0
2019-03-11 00:00:00+08:00,0.029999999329447746,0.029999999329447746,0.029999999329447746,0.029999999329447746,0,0.0,0.0
2019-03-12 00:00:00+08:00,0.03200000151991844,0.03400000184774399,0.029999999329447746,0.03400000184774399,112100,0.0,0.0
2019-03-13 00:00:00+08:00,0.03400000184774399,0.03400000184774399,0.029999999329447746,0.03200000151991844,201100,0.0,0.0
2019-03-14 00:00:00+08:00,0.029999999329447746,0.03200000151991844,0.029999999329447746,0.03200000151991844,20700,0.0,0.0
2019-03-15 00:00:00+08:00,0.03200000151991844,0.03200000151991844,0.03200000151991844,0.03200000151991844,0,0.0,0.0
2019-03-18 00:00:00+08:00,0.03200000151991844,0.03200000151991844,0.03200000151991844,0.03200000151991844,0,0.0,0.0
2019-03-19 00:00:00+08:00,0.03099999949336052,0.03200000151991844,0.03099999949336052,0.03099999949336052,38900,0.0,0.0
2019-03-20 00:00:00+08:00,0.03099999949336052,0.03099999949336052,0.03099999949336052,0.03099999949336052,0,0.0,0.0
2019-03-21 00:00:00+08:00,0.03099999949336052,0.03099999949336052,0.03099999949336052,0.03099999949336052,0,0.0,0.0
2019-03-22 00:00:00+08:00,0.03099999949336052,0.03099999949336052,0.03099999949336052,0.03099999949336052,0,0.0,0.0
2019-03-25 00:00:00+08:00,0.03099999949336052,0.03099999949336052,0.03099999949336052,0.03099999949336052,0,0.0,0.0
2019-03-26 00:00:00+08:00,0.03099999949336052,0.03099999949336052,0.029999999329447746,0.03099999949336052,582200,0.0,0.0
2019-03-27 00:00:00+08:00,0.03099999949336052,0.03099999949336052,0.03099999949336052,0.03099999949336052,176600,0.0,0.0
2019-03-28 00:00:00+08:00,0.03099999949336052,0.03099999949336052,0.03099999949336052,0.03099999949336052,0,0.0,0.0
2019-03-29 00:00:00+08:00,0.03099999949336052,0.03099999949336052,0.03099999949336052,0.03099999949336052,0,0.0,0.0
2019-04-01 00:00:00+08:00,0.03099999949336052,0.03200000151991844,0.03099999949336052,0.03200000151991844,512000,0.0,0.0
2019-04-02 00:00:00+08:00,0.03200000151991844,0.03200000151991844,0.03099999949336052,0.03200000151991844,202000,0.0,0.0
2019-04-03 00:00:00+08:00,0.03200000151991844,0.03200000151991844,0.03200000151991844,0.03200000151991844,0,0.0,0.0
2019-04-04 00:00:00+08:00,0.032999999821186066,0.032999999821186066,0.032999999821186066,0.032999999821186066,110000,0.0,0.0
2019-04-05 00:00:00+08:00,0.032999999821186066,0.032999999821186066,0.032999999821186066,0.032999999821186066,0,0.0,0.0
2019-04-08 00:00:00+08:00,0.03099999949336052,0.03099999949336052,0.03099999949336052,0.03099999949336052,30000,0.0,0.0
2019-04-09 00:00:00+08:00,0.03099999949336052,0.03200000151991844,0.03099999949336052,0.03200000151991844,428000,0.0,0.0
2019-04-10 00:00:00+08:00,0.03200000151991844,0.03200000151991844,0.03200000151991844,0.03200000151991844,0,0.0,0.0
2019-04-11 00:00:00+08:00,0.03200000151991844,0.03200000151991844,0.03200000151991844,0.03200000151991844,0,0.0,0.0
2019-04-12 00:00:00+08:00,0.032999999821186066,0.03500000014901161,0.032999999821186066,0.032999999821186066,309400,0.0,0.0
2019-04-15 00:00:00+08:00,0.03400000184774399,0.04100000113248825,0.03400000184774399,0.03700000047683716,3681000,0.0,0.0
2019-04-16 00:00:00+08:00,0.035999998450279236,0.03799999877810478,0.035999998450279236,0.03700000047683716,364000,0.0,0.0
2019-04-17 00:00:00+08:00,0.035999998450279236,0.035999998450279236,0.03500000014901161,0.03500000014901161,744700,0.0,0.0
2019-04-18 00:00:00+08:00,0.03400000184774399,0.03500000014901161,0.03400000184774399,0.03500000014901161,280000,0.0,0.0
2019-04-22 00:00:00+08:00,0.03500000014901161,0.03799999877810478,0.03400000184774399,0.035999998450279236,1663900,0.0,0.0
2019-04-23 00:00:00+08:00,0.035999998450279236,0.035999998450279236,0.03500000014901161,0.03500000014901161,470000,0.0,0.0
2019-04-24 00:00:00+08:00,0.03500000014901161,0.03500000014901161,0.03500000014901161,0.03500000014901161,0,0.0,0.0
2019-04-25 00:00:00+08:00,0.03400000184774399,0.03400000184774399,0.03400000184774399,0.03400000184774399,370000,0.0,0.0
2019-04-26 00:00:00+08:00,0.03400000184774399,0.03400000184774399,0.03400000184774399,0.03400000184774399,615000,0.0,0.0
2019-04-29 00:00:00+08:00,0.03400000184774399,0.03500000014901161,0.032999999821186066,0.032999999821186066,442400,0.0,0.0
2019-04-30 00:00:00+08:00,0.032999999821186066,0.03400000184774399,0.032999999821186066,0.03400000184774399,296400,0.0,0.0
2019-05-02 00:00:00+08:00,0.032999999821186066,0.032999999821186066,0.032999999821186066,0.032999999821186066,14000,0.0,0.0
2019-05-03 00:00:00+08:00,0.03400000184774399,0.03400000184774399,0.032999999821186066,0.032999999821186066,51000,0.0,0.0
2019-05-06 00:00:00+08:00,0.032999999821186066,0.032999999821186066,0.032999999821186066,0.032999999821186066,302000,0.0,0.0
2019-05-07 00:00:00+08:00,0.032999999821186066,0.032999999821186066,0.032999999821186066,0.032999999821186066,0,0.0,0.0
2019-05-08 00:00:00+08:00,0.032999999821186066,0.032999999821186066,0.032999999821186066,0.032999999821186066,0,0.0,0.0
2019-05-09 00:00:00+08:00,0.03200000151991844,0.03200000151991844,0.03200000151991844,0.03200000151991844,201000,0.0,0.0
2019-05-10 00:00:00+08:00,0.03200000151991844,0.03200000151991844,0.029999999329447746,0.029999999329447746,744900,0.0,0.0
2019-05-13 00:00:00+08:00,0.03200000151991844,0.03400000184774399,0.03099999949336052,0.03400000184774399,175000,0.0,0.0
2019-05-14 00:00:00+08:00,0.03400000184774399,0.03400000184774399,0.03400000184774399,0.03400000184774399,0,0.0,0.0
2019-05-15 00:00:00+08:00,0.03400000184774399,0.03400000184774399,0.03400000184774399,0.03400000184774399,0,0.0,0.0
2019-05-16 00:00:00+08:00,0.032999999821186066,0.03500000014901161,0.03099999949336052,0.03500000014901161,11000,0.0,0.0
2019-05-17 00:00:00+08:00,0.03500000014901161,0.03500000014901161,0.03500000014901161,0.03500000014901161,0,0.0,0.0
2019-05-21 00:00:00+08:00,0.03099999949336052,0.03099999949336052,0.03099999949336052,0.03099999949336052,109000,0.0,0.0
2019-05-22 00:00:00+08:00,0.03099999949336052,0.03099999949336052,0.03099999949336052,0.03099999949336052,0,0.0,0.0
2019-05-23 00:00:00+08:00,0.03099999949336052,0.03099999949336052,0.03099999949336052,0.03099999949336052,0,0.0,0.0
2019-05-24 00:00:00+08:00,0.03099999949336052,0.03099999949336052,0.03099999949336052,0.03099999949336052,64000,0.0,0.0
2019-05-27 00:00:00+08:00,0.03099999949336052,0.03099999949336052,0.03099999949336052,0.03099999949336052,0,0.0,0.0
2019-05-28 00:00:00+08:00,0.03099999949336052,0.03099999949336052,0.03099999949336052,0.03099999949336052,0,0.0,0.0
2019-05-29 00:00:00+08:00,0.03099999949336052,0.03099999949336052,0.03099999949336052,0.03099999949336052,0,0.0,0.0
2019-05-30 00:00:00+08:00,0.03099999949336052,0.03099999949336052,0.03099999949336052,0.03099999949336052,0,0.0,0.0
2019-05-31 00:00:00+08:00,0.03099999949336052,0.03099999949336052,0.03099999949336052,0.03099999949336052,0,0.0,0.0
2019-06-03 00:00:00+08:00,0.03099999949336052,0.03099999949336052,0.03099999949336052,0.03099999949336052,0,0.0,0.0
2019-06-04 00:00:00+08:00,0.03099999949336052,0.03099999949336052,0.03099999949336052,0.03099999949336052,0,0.0,0.0
2019-06-06 00:00:00+08:00,0.03099999949336052,0.03099999949336052,0.03099999949336052,0.03099999949336052,0,0.0,0.0
2019-06-07 00:00:00+08:00,0.03200000151991844,0.03200000151991844,0.03200000151991844,0.03200000151991844,4000,0.0,0.0
2019-06-10 00:00:00+08:00,0.03200000151991844,0.03200000151991844,0.03200000151991844,0.03200000151991844,25000,0.0,0.0
2019-06-11 00:00:00+08:00,0.03200000151991844,0.03200000151991844,0.03200000151991844,0.03200000151991844,0,0.0,0.0
2019-06-12 00:00:00+08:00,0.029999999329447746,0.029999999329447746,0.029999999329447746,0.029999999329447746,10000,0.0,0.0
2019-06-13 00:00:00+08:00,0.029999999329447746,0.029999999329447746,0.029999999329447746,0.029999999329447746,0,0.0,0.0
2019-06-14 00:00:00+08:00,0.029999999329447746,0.029999999329447746,0.029999999329447746,0.029999999329447746,0,0.0,0.0
2019-06-17 00:00:00+08:00,0.029999999329447746,0.029999999329447746,0.029999999329447746,0.029999999329447746,23000,0.0,0.0
2019-06-18 00:00:00+08:00,0.029999999329447746,0.029999999329447746,0.029999999329447746,0.029999999329447746,0,0.0,0.0
2019-06-19 00:00:00+08:00,0.029999999329447746,0.029999999329447746,0.029999999329447746,0.029999999329447746,0,0.0,0.0
2019-06-20 00:00:00+08:00,0.029999999329447746,0.029999999329447746,0.029999999329447746,0.029999999329447746,0,0.0,0.0
2019-06-21 00:00:00+08:00,0.029999999329447746,0.03200000151991844,0.029999999329447746,0.03099999949336052,126000,0.0,0.0
2019-06-24 00:00:00+08:00,0.029999999329447746,0.029999999329447746,0.029999999329447746,0.029999999329447746,8000,0.0,0.0
2019-06-25 00:00:00+08:00,0.03400000184774399,0.03400000184774399,0.03099999949336052,0.03099999949336052,11000,0.0,0.0
2019-06-26 00:00:00+08:00,0.03099999949336052,0.03099999949336052,0.03099999949336052,0.03099999949336052,0,0.0,0.0
2019-06-27 00:00:00+08:00,0.029999999329447746,0.029999999329447746,0.029999999329447746,0.029999999329447746,30000,0.0,0.0
2019-06-28 00:00:00+08:00,0.029999999329447746,0.029999999329447746,0.029999999329447746,0.029999999329447746,0,0.0,0.0
2019-07-01 00:00:00+08:00,0.029999999329447746,0.029999999329447746,0.029999999329447746,0.029999999329447746,10000,0.0,0.0
2019-07-02 00:00:00+08:00,0.029999999329447746,0.029999999329447746,0.029999999329447746,0.029999999329447746,0,0.0,0.0
2019-07-03 00:00:00+08:00,0.029999999329447746,0.029999999329447746,0.029999999329447746,0.029999999329447746,2600,0.0,0.0
2019-07-04 00:00:00+08:00,0.03099999949336052,0.03400000184774399,0.03099999949336052,0.03400000184774399,415700,0.0,0.0
2019-07-05 00:00:00+08:00,0.03099999949336052,0.032999999821186066,0.03099999949336052,0.032999999821186066,200100,0.0,0.0
2019-07-08 00:00:00+08:00,0.029999999329447746,0.029999999329447746,0.029999999329447746,0.029999999329447746,10000,0.0,0.0
2019-07-09 00:00:00+08:00,0.03200000151991844,0.035999998450279236,0.03200000151991844,0.035999998450279236,2664600,0.0,0.0
2019-07-10 00:00:00+08:00,0.03700000047683716,0.0430000014603138,0.03700000047683716,0.039000000804662704,23613600,0.0,0.0
2019-07-11 00:00:00+08:00,0.03700000047683716,0.039000000804662704,0.035999998450279236,0.03700000047683716,1123100,0.0,0.0
2019-07-12 00:00:00+08:00,0.03700000047683716,0.03700000047683716,0.03700000047683716,0.03700000047683716,391600,0.0,0.0
2019-07-15 00:00:00+08:00,0.035999998450279236,0.03700000047683716,0.03500000014901161,0.03500000014901161,2023800,0.0,0.0
2019-07-16 00:00:00+08:00,0.03700000047683716,0.03999999910593033,0.03500000014901161,0.03500000014901161,9563400,0.0,0.0
2019-07-17 00:00:00+08:00,0.03500000014901161,0.03500000014901161,0.03400000184774399,0.03500000014901161,973000,0.0,0.0
2019-07-18 00:00:00+08:00,0.03500000014901161,0.035999998450279236,0.03400000184774399,0.035999998450279236,290000,0.0,0.0
2019-07-19 00:00:00+08:00,0.03500000014901161,0.03700000047683716,0.03500000014901161,0.03700000047683716,1851600,0.0,0.0
2019-07-22 00:00:00+08:00,0.03700000047683716,0.039000000804662704,0.035999998450279236,0.035999998450279236,2358200,0.0,0.0
2019-07-23 00:00:00+08:00,0.035999998450279236,0.03799999877810478,0.03500000014901161,0.03700000047683716,2794300,0.0,0.0
2019-07-24 00:00:00+08:00,0.03799999877810478,0.03999999910593033,0.03700000047683716,0.03700000047683716,5105700,0.0,0.0
2019-07-25 00:00:00+08:00,0.03700000047683716,0.03700000047683716,0.03700000047683716,0.03700000047683716,200000,0.0,0.0
2019-07-26 00:00:00+08:00,0.035999998450279236,0.03700000047683716,0.035999998450279236,0.035999998450279236,678100,0.0,0.0
2019-07-29 00:00:00+08:00,0.03500000014901161,0.03500000014901161,0.03400000184774399,0.03400000184774399,1564900,0.0,0.0
2019-07-30 00:00:00+08:00,0.03500000014901161,0.03500000014901161,0.03400000184774399,0.03400000184774399,1381100,0.0,0.0
2019-07-31 00:00:00+08:00,0.03400000184774399,0.03400000184774399,0.03400000184774399,0.03400000184774399,200000,0.0,0.0
2019-08-01 00:00:00+08:00,0.03400000184774399,0.03400000184774399,0.03400000184774399,0.03400000184774399,62400,0.0,0.0
2019-08-02 00:00:00+08:00,0.03400000184774399,0.03400000184774399,0.03400000184774399,0.03400000184774399,228000,0.0,0.0
2019-08-05 00:00:00+08:00,0.032999999821186066,0.032999999821186066,0.032999999821186066,0.032999999821186066,600000,0.0,0.0
2019-08-06 00:00:00+08:00,0.03200000151991844,0.032999999821186066,0.03200000151991844,0.032999999821186066,622800,0.0,0.0
2019-08-07 00:00:00+08:00,0.03200000151991844,0.03400000184774399,0.03200000151991844,0.03400000184774399,201000,0.0,0.0
2019-08-08 00:00:00+08:00,0.03200000151991844,0.032999999821186066,0.03200000151991844,0.032999999821186066,1141600,0.0,0.0
2019-08-13 00:00:00+08:00,0.03200000151991844,0.03200000151991844,0.03200000151991844,0.03200000151991844,50000,0.0,0.0
2019-08-14 00:00:00+08:00,0.03200000151991844,0.03200000151991844,0.03099999949336052,0.03099999949336052,341000,0.0,0.0
2019-08-15 00:00:00+08:00,0.03099999949336052,0.03099999949336052,0.029999999329447746,0.029999999329447746,216000,0.0,0.0
2019-08-16 00:00:00+08:00,0.029999999329447746,0.03099999949336052,0.029999999329447746,0.03099999949336052,421100,0.0,0.0
2019-08-19 00:00:00+08:00,0.03099999949336052,0.03099999949336052,0.03099999949336052,0.03099999949336052,0,0.0,0.0
2019-08-20 00:00:00+08:00,0.03099999949336052,0.03099999949336052,0.03099999949336052,0.03099999949336052,0,0.0,0.0
2019-08-21 00:00:00+08:00,0.029999999329447746,0.029999999329447746,0.029999999329447746,0.029999999329447746,123000,0.0,0.0
2019-08-22 00:00:00+08:00,0.029999999329447746,0.029999999329447746,0.029999999329447746,0.029999999329447746,0,0.0,0.0
2019-08-23 00:00:00+08:00,0.029999999329447746,0.029999999329447746,0.029999999329447746,0.029999999329447746,0,0.0,0.0
2019-08-26 00:00:00+08:00,0.029999999329447746,0.029999999329447746,0.028999999165534973,0.028999999165534973,197800,0.0,0.0
2019-08-27 00:00:00+08:00,0.028999999165534973,0.028999999165534973,0.028999999165534973,0.028999999165534973,0,0.0,0.0
2019-08-28 00:00:00+08:00,0.028999999165534973,0.028999999165534973,0.028999999165534973,0.028999999165534973,0,0.0,0.0
2019-08-29 00:00:00+08:00,0.029999999329447746,0.029999999329447746,0.029999999329447746,0.029999999329447746,2000,0.0,0.0
2019-08-30 00:00:00+08:00,0.029999999329447746,0.029999999329447746,0.029999999329447746,0.029999999329447746,0,0.0,0.0
2019-09-02 00:00:00+08:00,0.03200000151991844,0.03200000151991844,0.029999999329447746,0.029999999329447746,215000,0.0,0.0
2019-09-03 00:00:00+08:00,0.029999999329447746,0.029999999329447746,0.029999999329447746,0.029999999329447746,0,0.0,0.0
2019-09-04 00:00:00+08:00,0.028999999165534973,0.03099999949336052,0.028999999165534973,0.03099999949336052,239600,0.0,0.0
2019-09-05 00:00:00+08:00,0.03099999949336052,0.03200000151991844,0.03099999949336052,0.03099999949336052,351400,0.0,0.0
2019-09-06 00:00:00+08:00,0.029999999329447746,0.03099999949336052,0.029999999329447746,0.03099999949336052,159100,0.0,0.0
2019-09-09 00:00:00+08:00,0.03099999949336052,0.03099999949336052,0.03099999949336052,0.03099999949336052,15000,0.0,0.0
2019-09-10 00:00:00+08:00,0.029999999329447746,0.03099999949336052,0.029999999329447746,0.03099999949336052,219400,0.0,0.0
2019-09-11 00:00:00+08:00,0.03099999949336052,0.03099999949336052,0.03099999949336052,0.03099999949336052,0,0.0,0.0
2019-09-12 00:00:00+08:00,0.03099999949336052,0.03099999949336052,0.03099999949336052,0.03099999949336052,0,0.0,0.0
2019-09-13 00:00:00+08:00,0.029999999329447746,0.03200000151991844,0.029999999329447746,0.03099999949336052,1693200,0.0,0.0
2019-09-16 00:00:00+08:00,0.029999999329447746,0.032999999821186066,0.029999999329447746,0.032999999821186066,222000,0.0,0.0
2019-09-17 00:00:00+08:00,0.03200000151991844,0.032999999821186066,0.03099999949336052,0.03200000151991844,379500,0.0,0.0
2019-09-18 00:00:00+08:00,0.03200000151991844,0.03200000151991844,0.03099999949336052,0.03099999949336052,135000,0.0,0.0
2019-09-19 00:00:00+08:00,0.032999999821186066,0.032999999821186066,0.03200000151991844,0.03200000151991844,273200,0.0,0.0
2019-09-20 00:00:00+08:00,0.03200000151991844,0.03200000151991844,0.03099999949336052,0.03099999949336052,60000,0.0,0.0
2019-09-23 00:00:00+08:00,0.03099999949336052,0.03099999949336052,0.03099999949336052,0.03099999949336052,280000,0.0,0.0
2019-09-24 00:00:00+08:00,0.03099999949336052,0.03099999949336052,0.03099999949336052,0.03099999949336052,30000,0.0,0.0
2019-09-25 00:00:00+08:00,0.03099999949336052,0.03099999949336052,0.03099999949336052,0.03099999949336052,103000,0.0,0.0
2019-09-26 00:00:00+08:00,0.03099999949336052,0.03099999949336052,0.03099999949336052,0.03099999949336052,0,0.0,0.0
2019-09-27 00:00:00+08:00,0.03099999949336052,0.03099999949336052,0.03099999949336052,0.03099999949336052,35000,0.0,0.0
2019-09-30 00:00:00+08:00,0.03099999949336052,0.03099999949336052,0.03099999949336052,0.03099999949336052,230000,0.0,0.0
2019-10-01 00:00:00+08:00,0.03099999949336052,0.03099999949336052,0.03099999949336052,0.03099999949336052,0,0.0,0.0
2019-10-02 00:00:00+08:00,0.03099999949336052,0.03099999949336052,0.03099999949336052,0.03099999949336052,44200,0.0,0.0
2019-10-03 00:00:00+08:00,0.029999999329447746,0.03099999949336052,0.029999999329447746,0.029999999329447746,15800,0.0,0.0
2019-10-04 00:00:00+08:00,0.029999999329447746,0.029999999329447746,0.029999999329447746,0.029999999329447746,0,0.0,0.0
2019-10-07 00:00:00+08:00,0.029999999329447746,0.029999999329447746,0.029999999329447746,0.029999999329447746,0,0.0,0.0
2019-10-08 00:00:00+08:00,0.029999999329447746,0.029999999329447746,0.029999999329447746,0.029999999329447746,0,0.0,0.0
2019-10-09 00:00:00+08:00,0.029999999329447746,0.029999999329447746,0.029999999329447746,0.029999999329447746,0,0.0,0.0
2019-10-10 00:00:00+08:00,0.029999999329447746,0.03200000151991844,0.029999999329447746,0.03200000151991844,211100,0.0,0.0
2019-10-11 00:00:00+08:00,0.03099999949336052,0.03099999949336052,0.029999999329447746,0.029999999329447746,99600,0.0,0.0
2019-10-14 00:00:00+08:00,0.03099999949336052,0.03099999949336052,0.029999999329447746,0.029999999329447746,230000,0.0,0.0
2019-10-15 00:00:00+08:00,0.029999999329447746,0.029999999329447746,0.029999999329447746,0.029999999329447746,0,0.0,0.0
2019-10-16 00:00:00+08:00,0.03099999949336052,0.03500000014901161,0.03099999949336052,0.03500000014901161,2379100,0.0,0.0
2019-10-17 00:00:00+08:00,0.032999999821186066,0.03500000014901161,0.03200000151991844,0.03200000151991844,865000,0.0,0.0
2019-10-18 00:00:00+08:00,0.03099999949336052,0.03099999949336052,0.03099999949336052,0.03099999949336052,350000,0.0,0.0
2019-10-21 00:00:00+08:00,0.03200000151991844,0.03200000151991844,0.03200000151991844,0.03200000151991844,95900,0.0,0.0
2019-10-22 00:00:00+08:00,0.03099999949336052,0.03200000151991844,0.03099999949336052,0.03200000151991844,190000,0.0,0.0
2019-10-23 00:00:00+08:00,0.03099999949336052,0.03200000151991844,0.03099999949336052,0.03099999949336052,225000,0.0,0.0
2019-10-24 00:00:00+08:00,0.03200000151991844,0.032999999821186066,0.03200000151991844,0.032999999821186066,362600,0.0,0.0
2019-10-25 00:00:00+08:00,0.03200000151991844,0.03200000151991844,0.03200000151991844,0.03200000151991844,45500,0.0,0.0
2019-10-29 00:00:00+08:00,0.03099999949336052,0.03099999949336052,0.03099999949336052,0.03099999949336052,600000,0.0,0.0
2019-10-30 00:00:00+08:00,0.029999999329447746,0.03099999949336052,0.029999999329447746,0.03099999949336052,115000,0.0,0.0
2019-10-31 00:00:00+08:00,0.03099999949336052,0.03099999949336052,0.03099999949336052,0.03099999949336052,0,0.0,0.0
2019-11-01 00:00:00+08:00,0.029999999329447746,0.029999999329447746,0.029999999329447746,0.029999999329447746,300000,0.0,0.0
2019-11-04 00:00:00+08:00,0.029999999329447746,0.029999999329447746,0.029999999329447746,0.029999999329447746,0,0.0,0.0
2019-11-05 00:00:00+08:00,0.03099999949336052,0.03200000151991844,0.03099999949336052,0.03200000151991844,400000,0.0,0.0
2019-11-06 00:00:00+08:00,0.03200000151991844,0.03400000184774399,0.03200000151991844,0.03200000151991844,1570000,0.0,0.0
2019-11-07 00:00:00+08:00,0.03200000151991844,0.03200000151991844,0.03200000151991844,0.03200000151991844,141000,0.0,0.0
2019-11-08 00:00:00+08:00,0.03099999949336052,0.03099999949336052,0.03099999949336052,0.03099999949336052,700000,0.0,0.0
2019-11-11 00:00:00+08:00,0.03200000151991844,0.032999999821186066,0.03099999949336052,0.03200000151991844,720000,0.0,0.0
2019-11-12 00:00:00+08:00,0.03099999949336052,0.03400000184774399,0.03099999949336052,0.03400000184774399,706300,0.0,0.0
2019-11-13 00:00:00+08:00,0.032999999821186066,0.032999999821186066,0.03200000151991844,0.032999999821186066,250100,0.0,0.0
2019-11-14 00:00:00+08:00,0.03200000151991844,0.032999999821186066,0.03200000151991844,0.03200000151991844,483000,0.0,0.0
2019-11-15 00:00:00+08:00,0.03200000151991844,0.03200000151991844,0.03200000151991844,0.03200000151991844,424300,0.0,0.0
2019-11-18 00:00:00+08:00,0.03200000151991844,0.03200000151991844,0.03200000151991844,0.03200000151991844,0,0.0,0.0
2019-11-19 00:00:00+08:00,0.03099999949336052,0.03099999949336052,0.03099999949336052,0.03099999949336052,910900,0.0,0.0
2019-11-20 00:00:00+08:00,0.03099999949336052,0.03099999949336052,0.03099999949336052,0.03099999949336052,695000,0.0,0.0
2019-11-21 00:00:00+08:00,0.029999999329447746,0.029999999329447746,0.029999999329447746,0.029999999329447746,101000,0.0,0.0
2019-11-22 00:00:00+08:00,0.029999999329447746,0.03099999949336052,0.029999999329447746,0.03099999949336052,673900,0.0,0.0
2019-11-25 00:00:00+08:00,0.03099999949336052,0.03099999949336052,0.03099999949336052,0.03099999949336052,0,0.0,0.0
2019-11-26 00:00:00+08:00,0.03099999949336052,0.03099999949336052,0.03099999949336052,0.03099999949336052,0,0.0,0.0
2019-11-27 00:00:00+08:00,0.03099999949336052,0.03099999949336052,0.03099999949336052,0.03099999949336052,0,0.0,0.0
2019-11-28 00:00:00+08:00,0.03099999949336052,0.03099999949336052,0.03099999949336052,0.03099999949336052,0,0.0,0.0
2019-11-29 00:00:00+08:00,0.03099999949336052,0.03099999949336052,0.03099999949336052,0.03099999949336052,74500,0.0,0.0
2019-12-02 00:00:00+08:00,0.03099999949336052,0.03099999949336052,0.03099999949336052,0.03099999949336052,0,0.0,0.0
2019-12-03 00:00:00+08:00,0.03099999949336052,0.03099999949336052,0.03099999949336052,0.03099999949336052,0,0.0,0.0
2019-12-04 00:00:00+08:00,0.03099999949336052,0.03099999949336052,0.03099999949336052,0.03099999949336052,100000,0.0,0.0
2019-12-05 00:00:00+08:00,0.03099999949336052,0.03099999949336052,0.03099999949336052,0.03099999949336052,0,0.0,0.0
2019-12-06 00:00:00+08:00,0.03099999949336052,0.03099999949336052,0.03099999949336052,0.03099999949336052,0,0.0,0.0
2019-12-09 00:00:00+08:00,0.029999999329447746,0.03099999949336052,0.029999999329447746,0.03099999949336052,88000,0.0,0.0
2019-12-10 00:00:00+08:00,0.029999999329447746,0.029999999329447746,0.029999999329447746,0.029999999329447746,5000,0.0,0.0
2019-12-11 00:00:00+08:00,0.029999999329447746,0.029999999329447746,0.029999999329447746,0.029999999329447746,0,0.0,0.0
2019-12-12 00:00:00+08:00,0.029999999329447746,0.029999999329447746,0.029999999329447746,0.029999999329447746,0,0.0,0.0
2019-12-13 00:00:00+08:00,0.029999999329447746,0.029999999329447746,0.029999999329447746,0.029999999329447746,200000,0.0,0.0
2019-12-16 00:00:00+08:00,0.029999999329447746,0.029999999329447746,0.029999999329447746,0.029999999329447746,609400,0.0,0.0
2019-12-17 00:00:00+08:00,0.029999999329447746,0.029999999329447746,0.029999999329447746,0.029999999329447746,0,0.0,0.0
2019-12-18 00:00:00+08:00,0.03099999949336052,0.03099999949336052,0.03099999949336052,0.03099999949336052,240000,0.0,0.0
2019-12-19 00:00:00+08:00,0.03099999949336052,0.03099999949336052,0.03099999949336052,0.03099999949336052,239800,0.0,0.0
2019-12-20 00:00:00+08:00,0.03099999949336052,0.03099999949336052,0.03099999949336052,0.03099999949336052,2000,0.0,0.0
2019-12-23 00:00:00+08:00,0.03099999949336052,0.03099999949336052,0.03099999949336052,0.03099999949336052,0,0.0,0.0
2019-12-24 00:00:00+08:00,0.03099999949336052,0.03099999949336052,0.03099999949336052,0.03099999949336052,0,0.0,0.0
2019-12-25 00:00:00+08:00,0.03099999949336052,0.03099999949336052,0.03099999949336052,0.03099999949336052,0,0.0,0.0
2019-12-26 00:00:00+08:00,0.03099999949336052,0.03799999877810478,0.03099999949336052,0.03799999877810478,15440000,0.0,0.0
2019-12-27 00:00:00+08:00,0.03700000047683716,0.03999999910593033,0.03700000047683716,0.03799999877810478,17152000,0.0,0.0
2019-12-30 00:00:00+08:00,0.03700000047683716,0.03700000047683716,0.03500000014901161,0.035999998450279236,1046900,0.0,0.0
2019-12-31 00:00:00+08:00,0.03500000014901161,0.03500000014901161,0.03400000184774399,0.03400000184774399,143100,0.0,0.0
2020-01-02 00:00:00+08:00,0.03500000014901161,0.035999998450279236,0.03400000184774399,0.035999998450279236,5222200,0.0,0.0
2020-01-03 00:00:00+08:00,0.035999998450279236,0.03700000047683716,0.03400000184774399,0.03400000184774399,2777000,0.0,0.0
2020-01-06 00:00:00+08:00,0.03400000184774399,0.03400000184774399,0.03200000151991844,0.032999999821186066,3970000,0.0,0.0
2020-01-07 00:00:00+08:00,0.03400000184774399,0.03500000014901161,0.032999999821186066,0.03400000184774399,1982900,0.0,0.0
2020-01-08 00:00:00+08:00,0.032999999821186066,0.03400000184774399,0.032999999821186066,0.03400000184774399,1530000,0.0,0.0
2020-01-09 00:00:00+08:00,0.03400000184774399,0.04100000113248825,0.03400000184774399,0.035999998450279236,24237500,0.0,0.0
2020-01-10 00:00:00+08:00,0.035999998450279236,0.035999998450279236,0.03400000184774399,0.03500000014901161,1863100,0.0,0.0
2020-01-13 00:00:00+08:00,0.03500000014901161,0.035999998450279236,0.03500000014901161,0.03500000014901161,443000,0.0,0.0
2020-01-14 00:00:00+08:00,0.03400000184774399,0.03400000184774399,0.032999999821186066,0.03400000184774399,2320900,0.0,0.0
2020-01-15 00:00:00+08:00,0.032999999821186066,0.032999999821186066,0.03200000151991844,0.03200000151991844,2837100,0.0,0.0
2020-01-16 00:00:00+08:00,0.032999999821186066,0.03700000047683716,0.032999999821186066,0.03400000184774399,8019600,0.0,0.0
2020-01-17 00:00:00+08:00,0.03500000014901161,0.035999998450279236,0.03400000184774399,0.03500000014901161,2535900,0.0,0.0
2020-01-20 00:00:00+08:00,0.03500000014901161,0.035999998450279236,0.03500000014901161,0.03500000014901161,1387600,0.0,0.0
2020-01-21 00:00:00+08:00,0.03400000184774399,0.03400000184774399,0.032999999821186066,0.032999999821186066,2979700,0.0,0.0
2020-01-22 00:00:00+08:00,0.032999999821186066,0.03400000184774399,0.032999999821186066,0.032999999821186066,470300,0.0,0.0
2020-01-23 00:00:00+08:00,0.032999999821186066,0.032999999821186066,0.03200000151991844,0.032999999821186066,2565800,0.0,0.0
2020-01-24 00:00:00+08:00,0.032999999821186066,0.032999999821186066,0.032999999821186066,0.032999999821186066,0,0.0,0.0
2020-01-28 00:00:00+08:00,0.03099999949336052,0.03099999949336052,0.03099999949336052,0.03099999949336052,541600,0.0,0.0
2020-01-29 00:00:00+08:00,0.03099999949336052,0.03099999949336052,0.03099999949336052,0.03099999949336052,0,0.0,0.0
2020-01-30 00:00:00+08:00,0.03099999949336052,0.032999999821186066,0.03099999949336052,0.032999999821186066,358400,0.0,0.0
2020-01-31 00:00:00+08:00,0.03099999949336052,0.03099999949336052,0.03099999949336052,0.03099999949336052,120000,0.0,0.0
2020-02-03 00:00:00+08:00,0.029999999329447746,0.03099999949336052,0.029999999329447746,0.03099999949336052,855100,0.0,0.0
2020-02-04 00:00:00+08:00,0.029999999329447746,0.03200000151991844,0.029999999329447746,0.03200000151991844,577900,0.0,0.0
2020-02-05 00:00:00+08:00,0.03200000151991844,0.03200000151991844,0.03200000151991844,0.03200000151991844,0,0.0,0.0
2020-02-06 00:00:00+08:00,0.03200000151991844,0.03200000151991844,0.03200000151991844,0.03200000151991844,0,0.0,0.0
2020-02-07 00:00:00+08:00,0.029999999329447746,0.029999999329447746,0.029999999329447746,0.029999999329447746,1006800,0.0,0.0
2020-02-10 00:00:00+08:00,0.028999999165534973,0.029999999329447746,0.028999999165534973,0.029999999329447746,291200,0.0,0.0
2020-02-11 00:00:00+08:00,0.029999999329447746,0.029999999329447746,0.029999999329447746,0.029999999329447746,0,0.0,0.0
2020-02-12 00:00:00+08:00,0.029999999329447746,0.03200000151991844,0.029999999329447746,0.03200000151991844,1472700,0.0,0.0
2020-02-13 00:00:00+08:00,0.029999999329447746,0.029999999329447746,0.029999999329447746,0.029999999329447746,58000,0.0,0.0
2020-02-14 00:00:00+08:00,0.029999999329447746,0.029999999329447746,0.029999999329447746,0.029999999329447746,20000,0.0,0.0
2020-02-17 00:00:00+08:00,0.029999999329447746,0.029999999329447746,0.029999999329447746,0.029999999329447746,0,0.0,0.0
2020-02-18 00:00:00+08:00,0.029999999329447746,0.029999999329447746,0.029999999329447746,0.029999999329447746,180000,0.0,0.0
2020-02-19 00:00:00+08:00,0.03099999949336052,0.032999999821186066,0.03099999949336052,0.032999999821186066,1194500,0.0,0.0
2020-02-20 00:00:00+08:00,0.032999999821186066,0.032999999821186066,0.032999999821186066,0.032999999821186066,0,0.0,0.0
2020-02-21 00:00:00+08:00,0.03200000151991844,0.032999999821186066,0.03099999949336052,0.032999999821186066,413100,0.0,0.0
2020-02-24 00:00:00+08:00,0.029999999329447746,0.029999999329447746,0.029999999329447746,0.029999999329447746,60000,0.0,0.0
2020-02-25 00:00:00+08:00,0.029999999329447746,0.029999999329447746,0.028999999165534973,0.029999999329447746,901500,0.0,0.0
2020-02-26 00:00:00+08:00,0.029999999329447746,0.029999999329447746,0.029999999329447746,0.029999999329447746,0,0.0,0.0
2020-02-27 00:00:00+08:00,0.028999999165534973,0.029999999329447746,0.028999999165534973,0.029999999329447746,115000,0.0,0.0
2020-02-28 00:00:00+08:00,0.029999999329447746,0.029999999329447746,0.02800000086426735,0.02800000086426735,310000,0.0,0.0
2020-03-02 00:00:00+08:00,0.02800000086426735,0.03099999949336052,0.02800000086426735,0.03099999949336052,5000,0.0,0.0
2020-03-03 00:00:00+08:00,0.03099999949336052,0.03099999949336052,0.03099999949336052,0.03099999949336052,0,0.0,0.0
2020-03-04 00:00:00+08:00,0.03099999949336052,0.03099999949336052,0.03099999949336052,0.03099999949336052,0,0.0,0.0
2020-03-05 00:00:00+08:00,0.03099999949336052,0.03099999949336052,0.03099999949336052,0.03099999949336052,0,0.0,0.0
2020-03-06 00:00:00+08:00,0.02800000086426735,0.02800000086426735,0.02800000086426735,0.02800000086426735,50000,0.0,0.0
2020-03-09 00:00:00+08:00,0.026000000536441803,0.026000000536441803,0.02500000037252903,0.02500000037252903,295000,0.0,0.0
2020-03-10 00:00:00+08:00,0.02500000037252903,0.02500000037252903,0.02500000037252903,0.02500000037252903,0,0.0,0.0
2020-03-11 00:00:00+08:00,0.026000000536441803,0.026000000536441803,0.024000000208616257,0.024000000208616257,433000,0.0,0.0
2020-03-12 00:00:00+08:00,0.023000000044703484,0.024000000208616257,0.023000000044703484,0.024000000208616257,127300,0.0,0.0
2020-03-13 00:00:00+08:00,0.023000000044703484,0.023000000044703484,0.023000000044703484,0.023000000044703484,100000,0.0,0.0
2020-03-16 00:00:00+08:00,0.023000000044703484,0.02500000037252903,0.01600000075995922,0.023000000044703484,150000,0.0,0.0
2020-03-17 00:00:00+08:00,0.02800000086426735,0.02800000086426735,0.02800000086426735,0.02800000086426735,50000,0.0,0.0
2020-03-18 00:00:00+08:00,0.02800000086426735,0.02800000086426735,0.02800000086426735,0.02800000086426735,0,0.0,0.0
2020-03-19 00:00:00+08:00,0.01899999938905239,0.020999999716877937,0.017999999225139618,0.019999999552965164,580100,0.0,0.0
2020-03-20 00:00:00+08:00,0.017000000923871994,0.01899999938905239,0.017000000923871994,0.01899999938905239,479000,0.0,0.0
2020-03-23 00:00:00+08:00,0.01899999938905239,0.01899999938905239,0.01899999938905239,0.01899999938905239,0,0.0,0.0
2020-03-24 00:00:00+08:00,0.01899999938905239,0.01899999938905239,0.01899999938905239,0.01899999938905239,0,0.0,0.0
2020-03-25 00:00:00+08:00,0.019999999552965164,0.019999999552965164,0.019999999552965164,0.019999999552965164,50000,0.0,0.0
2020-03-26 00:00:00+08:00,0.019999999552965164,0.019999999552965164,0.019999999552965164,0.019999999552965164,0,0.0,0.0
2020-03-27 00:00:00+08:00,0.017999999225139618,0.01899999938905239,0.017000000923871994,0.017999999225139618,712000,0.0,0.0
2020-03-30 00:00:00+08:00,0.017000000923871994,0.017000000923871994,0.017000000923871994,0.017000000923871994,540000,0.0,0.0
2020-03-31 00:00:00+08:00,0.01899999938905239,0.01899999938905239,0.01600000075995922,0.01600000075995922,200100,0.0,0.0
2020-04-01 00:00:00+08:00,0.01600000075995922,0.01600000075995922,0.01600000075995922,0.01600000075995922,0,0.0,0.0
2020-04-02 00:00:00+08:00,0.017999999225139618,0.017999999225139618,0.01600000075995922,0.01600000075995922,100000,0.0,0.0
2020-04-03 00:00:00+08:00,0.01600000075995922,0.01600000075995922,0.01600000075995922,0.01600000075995922,23000,0.0,0.0
2020-04-06 00:00:00+08:00,0.01600000075995922,0.01600000075995922,0.01600000075995922,0.01600000075995922,0,0.0,0.0
2020-04-07 00:00:00+08:00,0.014000000432133675,0.017999999225139618,0.014000000432133675,0.017999999225139618,220000,0.0,0.0
2020-04-08 00:00:00+08:00,0.017000000923871994,0.017000000923871994,0.017000000923871994,0.017000000923871994,50000,0.0,0.0
2020-04-09 00:00:00+08:00,0.017000000923871994,0.017000000923871994,0.017000000923871994,0.017000000923871994,0,0.0,0.0
2020-04-13 00:00:00+08:00,0.017999999225139618,0.017999999225139618,0.017999999225139618,0.017999999225139618,50000,0.0,0.0
2020-04-14 00:00:00+08:00,0.017999999225139618,0.017999999225139618,0.017999999225139618,0.017999999225139618,100000,0.0,0.0
2020-04-15 00:00:00+08:00,0.017999999225139618,0.017999999225139618,0.017999999225139618,0.017999999225139618,0,0.0,0.0
2020-04-16 00:00:00+08:00,0.01899999938905239,0.027000000700354576,0.01899999938905239,0.02500000037252903,8945200,0.0,0.0
2020-04-17 00:00:00+08:00,0.024000000208616257,0.029999999329447746,0.023000000044703484,0.026000000536441803,16797700,0.0,0.0
2020-04-20 00:00:00+08:00,0.02500000037252903,0.026000000536441803,0.024000000208616257,0.026000000536441803,858200,0.0,0.0
2020-04-21 00:00:00+08:00,0.023000000044703484,0.02500000037252903,0.02199999988079071,0.023000000044703484,1025200,0.0,0.0
2020-04-22 00:00:00+08:00,0.02199999988079071,0.024000000208616257,0.020999999716877937,0.02199999988079071,1035100,0.0,0.0
2020-04-23 00:00:00+08:00,0.02199999988079071,0.02500000037252903,0.02199999988079071,0.02199999988079071,2795900,0.0,0.0
2020-04-24 00:00:00+08:00,0.023000000044703484,0.02500000037252903,0.02199999988079071,0.02199999988079071,2792700,0.0,0.0
2020-04-27 00:00:00+08:00,0.023000000044703484,0.024000000208616257,0.02199999988079071,0.02199999988079071,1282900,0.0,0.0
2020-04-28 00:00:00+08:00,0.02199999988079071,0.023000000044703484,0.020999999716877937,0.020999999716877937,730000,0.0,0.0
2020-04-29 00:00:00+08:00,0.02199999988079071,0.023000000044703484,0.020999999716877937,0.023000000044703484,259000,0.0,0.0
2020-04-30 00:00:00+08:00,0.023000000044703484,0.023000000044703484,0.023000000044703484,0.023000000044703484,0,0.0,0.0
2020-05-04 00:00:00+08:00,0.020999999716877937,0.020999999716877937,0.020999999716877937,0.020999999716877937,330000,0.0,0.0
2020-05-05 00:00:00+08:00,0.020999999716877937,0.020999999716877937,0.020999999716877937,0.020999999716877937,0,0.0,0.0
2020-05-06 00:00:00+08:00,0.020999999716877937,0.020999999716877937,0.020999999716877937,0.020999999716877937,0,0.0,0.0
2020-05-08 00:00:00+08:00,0.020999999716877937,0.020999999716877937,0.020999999716877937,0.020999999716877937,218000,0.0,0.0
2020-05-11 00:00:00+08:00,0.023000000044703484,0.023000000044703484,0.02199999988079071,0.023000000044703484,366100,0.0,0.0
2020-05-12 00:00:00+08:00,0.020999999716877937,0.020999999716877937,0.020999999716877937,0.020999999716877937,15000,0.0,0.0
2020-05-13 00:00:00+08:00,0.023000000044703484,0.024000000208616257,0.023000000044703484,0.024000000208616257,50000,0.0,0.0
2020-05-14 00:00:00+08:00,0.024000000208616257,0.024000000208616257,0.024000000208616257,0.024000000208616257,0,0.0,0.0
2020-05-15 00:00:00+08:00,0.020999999716877937,0.020999999716877937,0.020999999716877937,0.020999999716877937,20000,0.0,0.0
2020-05-18 00:00:00+08:00,0.020999999716877937,0.020999999716877937,0.01899999938905239,0.01899999938905239,1580000,0.0,0.0
2020-05-19 00:00:00+08:00,0.01899999938905239,0.01899999938905239,0.01899999938905239,0.01899999938905239,0,0.0,0.0
2020-05-20 00:00:00+08:00,0.02199999988079071,0.026000000536441803,0.02199999988079071,0.023000000044703484,21110400,0.0,0.0
2020-05-21 00:00:00+08:00,0.023000000044703484,0.023000000044703484,0.02199999988079071,0.02199999988079071,1960000,0.0,0.0
2020-05-22 00:00:00+08:00,0.020999999716877937,0.020999999716877937,0.019999999552965164,0.019999999552965164,3051000,0.0,0.0
2020-05-26 00:00:00+08:00,0.019999999552965164,0.020999999716877937,0.019999999552965164,0.020999999716877937,4329100,0.0,0.0
2020-05-27 00:00:00+08:00,0.020999999716877937,0.02199999988079071,0.020999999716877937,0.020999999716877937,3090000,0.0,0.0
2020-05-28 00:00:00+08:00,0.02199999988079071,0.02199999988079071,0.019999999552965164,0.019999999552965164,12227100,0.0,0.0
2020-05-29 00:00:00+08:00,0.019999999552965164,0.019999999552965164,0.01899999938905239,0.019999999552965164,3466000,0.0,0.0
2020-06-01 00:00:00+08:00,0.01899999938905239,0.019999999552965164,0.01899999938905239,0.01899999938905239,1270100,0.0,0.0
2020-06-02 00:00:00+08:00,0.01899999938905239,0.020999999716877937,0.01899999938905239,0.019999999552965164,3516900,0.0,0.0
2020-06-03 00:00:00+08:00,0.019999999552965164,0.020999999716877937,0.01899999938905239,0.01899999938905239,6225100,0.0,0.0
2020-06-04 00:00:00+08:00,0.01899999938905239,0.01899999938905239,0.01899999938905239,0.01899999938905239,50000,0.0,0.0
2020-06-05 00:00:00+08:00,0.01899999938905239,0.019999999552965164,0.01899999938905239,0.019999999552965164,1450000,0.0,0.0
2020-06-08 00:00:00+08:00,0.019999999552965164,0.023000000044703484,0.01899999938905239,0.019999999552965164,52263900,0.0,0.0
2020-06-09 00:00:00+08:00,0.019999999552965164,0.019999999552965164,0.017999999225139618,0.017999999225139618,8115000,0.0,0.0
2020-06-10 00:00:00+08:00,0.017999999225139618,0.019999999552965164,0.017999999225139618,0.017999999225139618,6110100,0.0,0.0
2020-06-11 00:00:00+08:00,0.017999999225139618,0.017999999225139618,0.017000000923871994,0.017000000923871994,7277500,0.0,0.0
2020-06-12 00:00:00+08:00,0.01600000075995922,0.017000000923871994,0.014999999664723873,0.01600000075995922,2674000,0.0,0.0
2020-06-15 00:00:00+08:00,0.01600000075995922,0.017000000923871994,0.014999999664723873,0.014999999664723873,4415000,0.0,0.0
2020-06-16 00:00:00+08:00,0.01600000075995922,0.017000000923871994,0.01600000075995922,0.017000000923871994,3630500,0.0,0.0
2020-06-17 00:00:00+08:00,0.017000000923871994,0.017000000923871994,0.014999999664723873,0.014999999664723873,1187000,0.0,0.0
2020-06-18 00:00:00+08:00,0.01600000075995922,0.01600000075995922,0.01600000075995922,0.01600000075995922,246100,0.0,0.0
2020-06-19 00:00:00+08:00,0.01600000075995922,0.017000000923871994,0.01600000075995922,0.01600000075995922,2422300,0.0,0.0
2020-06-22 00:00:00+08:00,0.01600000075995922,0.01600000075995922,0.01600000075995922,0.01600000075995922,1650000,0.0,0.0
2020-06-23 00:00:00+08:00,0.01600000075995922,0.017000000923871994,0.01600000075995922,0.017000000923871994,1420000,0.0,0.0
2020-06-24 00:00:00+08:00,0.01600000075995922,0.01600000075995922,0.01600000075995922,0.01600000075995922,50000,0.0,0.0
2020-06-25 00:00:00+08:00,0.01600000075995922,0.01600000075995922,0.014999999664723873,0.014999999664723873,2220500,0.0,0.0
2020-06-26 00:00:00+08:00,0.01600000075995922,0.017999999225139618,0.01600000075995922,0.017999999225139618,2172000,0.0,0.0
2020-06-29 00:00:00+08:00,0.017000000923871994,0.017999999225139618,0.017000000923871994,0.017000000923871994,3130000,0.0,0.0
2020-06-30 00:00:00+08:00,0.017000000923871994,0.017000000923871994,0.017000000923871994,0.017000000923871994,470000,0.0,0.0
2020-07-01 00:00:00+08:00,0.017999999225139618,0.020999999716877937,0.017999999225139618,0.01899999938905239,21889500,0.0,0.0
2020-07-02 00:00:00+08:00,0.01899999938905239,0.01899999938905239,0.01899999938905239,0.01899999938905239,1350000,0.0,0.0
2020-07-03 00:00:00+08:00,0.017999999225139618,0.01899999938905239,0.017999999225139618,0.017999999225139618,440000,0.0,0.0
2020-07-06 00:00:00+08:00,0.017999999225139618,0.01899999938905239,0.017999999225139618,0.01899999938905239,1497000,0.0,0.0
2020-07-07 00:00:00+08:00,0.01899999938905239,0.01899999938905239,0.01899999938905239,0.01899999938905239,2095000,0.0,0.0
2020-07-08 00:00:00+08:00,0.01899999938905239,0.01899999938905239,0.017999999225139618,0.017999999225139618,1020000,0.0,0.0
2020-07-09 00:00:00+08:00,0.017999999225139618,0.019999999552965164,0.017999999225139618,0.01899999938905239,4648100,0.0,0.0
2020-07-13 00:00:00+08:00,0.01899999938905239,0.01899999938905239,0.017999999225139618,0.017999999225139618,3350000,0.0,0.0
2020-07-14 00:00:00+08:00,0.017000000923871994,0.017999999225139618,0.017000000923871994,0.017999999225139618,495000,0.0,0.0
2020-07-15 00:00:00+08:00,0.017000000923871994,0.017000000923871994,0.017000000923871994,0.017000000923871994,650000,0.0,0.0
2020-07-16 00:00:00+08:00,0.017000000923871994,0.017000000923871994,0.01600000075995922,0.017000000923871994,560000,0.0,0.0
2020-07-17 00:00:00+08:00,0.017999999225139618,0.017999999225139618,0.017999999225139618,0.017999999225139618,55600,0.0,0.0
2020-07-20 00:00:00+08:00,0.01600000075995922,0.017000000923871994,0.01600000075995922,0.017000000923871994,200000,0.0,0.0
2020-07-21 00:00:00+08:00,0.017000000923871994,0.017000000923871994,0.017000000923871994,0.017000000923871994,0,0.0,0.0
2020-07-22 00:00:00+08:00,0.017000000923871994,0.017000000923871994,0.017000000923871994,0.017000000923871994,0,0.0,0.0
2020-07-23 00:00:00+08:00,0.01600000075995922,0.01600000075995922,0.01600000075995922,0.01600000075995922,50000,0.0,0.0
2020-07-24 00:00:00+08:00,0.017000000923871994,0.017000000923871994,0.017000000923871994,0.017000000923871994,834000,0.0,0.0
2020-07-27 00:00:00+08:00,0.017000000923871994,0.017000000923871994,0.017000000923871994,0.017000000923871994,0,0.0,0.0
2020-07-28 00:00:00+08:00,0.017000000923871994,0.017000000923871994,0.017000000923871994,0.017000000923871994,0,0.0,0.0
2020-07-29 00:00:00+08:00,0.017000000923871994,0.017000000923871994,0.017000000923871994,0.017000000923871994,548000,0.0,0.0
2020-07-30 00:00:00+08:00,0.01600000075995922,0.01600000075995922,0.01600000075995922,0.01600000075995922,224000,0.0,0.0
2020-08-03 00:00:00+08:00,0.01600000075995922,0.01600000075995922,0.01600000075995922,0.01600000075995922,262000,0.0,0.0
2020-08-04 00:00:00+08:00,0.01600000075995922,0.01600000075995922,0.01600000075995922,0.01600000075995922,11000,0.0,0.0
2020-08-05 00:00:00+08:00,0.01600000075995922,0.01600000075995922,0.01600000075995922,0.01600000075995922,0,0.0,0.0
2020-08-06 00:00:00+08:00,0.01600000075995922,0.01600000075995922,0.01600000075995922,0.01600000075995922,400000,0.0,0.0
2020-08-07 00:00:00+08:00,0.01600000075995922,0.01600000075995922,0.01600000075995922,0.01600000075995922,0,0.0,0.0
2020-08-11 00:00:00+08:00,0.017000000923871994,0.017000000923871994,0.01600000075995922,0.01600000075995922,382500,0.0,0.0
2020-08-12 00:00:00+08:00,0.01600000075995922,0.01600000075995922,0.01600000075995922,0.01600000075995922,352000,0.0,0.0
2020-08-13 00:00:00+08:00,0.017999999225139618,0.017999999225139618,0.017000000923871994,0.017999999225139618,4334700,0.0,0.0
2020-08-14 00:00:00+08:00,0.017999999225139618,0.024000000208616257,0.017999999225139618,0.019999999552965164,54166100,0.0,0.0
2020-08-17 00:00:00+08:00,0.019999999552965164,0.019999999552965164,0.017999999225139618,0.017999999225139618,1614600,0.0,0.0
2020-08-18 00:00:00+08:00,0.017999999225139618,0.017999999225139618,0.017999999225139618,0.017999999225139618,1753000,0.0,0.0
2020-08-19 00:00:00+08:00,0.017999999225139618,0.017999999225139618,0.017999999225139618,0.017999999225139618,2048000,0.0,0.0
2020-08-20 00:00:00+08:00,0.017999999225139618,0.017999999225139618,0.017000000923871994,0.017000000923871994,5605400,0.0,0.0
2020-08-21 00:00:00+08:00,0.017000000923871994,0.017000000923871994,0.017000000923871994,0.017000000923871994,810000,0.0,0.0
2020-08-24 00:00:00+08:00,0.017000000923871994,0.01899999938905239,0.017000000923871994,0.017999999225139618,4251100,0.0,0.0
2020-08-25 00:00:00+08:00,0.019999999552965164,0.019999999552965164,0.017999999225139618,0.017999999225139618,2668000,0.0,0.0
2020-08-26 00:00:00+08:00,0.017999999225139618,0.019999999552965164,0.017999999225139618,0.01899999938905239,2745200,0.0,0.0
2020-08-27 00:00:00+08:00,0.01899999938905239,0.020999999716877937,0.017999999225139618,0.017999999225139618,4380000,0.0,0.0
2020-08-28 00:00:00+08:00,0.017999999225139618,0.017999999225139618,0.017999999225139618,0.017999999225139618,2623100,0.0,0.0
2020-08-31 00:00:00+08:00,0.017000000923871994,0.017000000923871994,0.017000000923871994,0.017000000923871994,4500000,0.0,0.0
2020-09-01 00:00:00+08:00,0.017000000923871994,0.017000000923871994,0.017000000923871994,0.017000000923871994,300000,0.0,0.0
2020-09-02 00:00:00+08:00,0.017000000923871994,0.017999999225139618,0.017000000923871994,0.017999999225139618,912000,0.0,0.0
2020-09-03 00:00:00+08:00,0.017000000923871994,0.017999999225139618,0.01600000075995922,0.01600000075995922,1426000,0.0,0.0
2020-09-04 00:00:00+08:00,0.017000000923871994,0.017000000923871994,0.017000000923871994,0.017000000923871994,1100000,0.0,0.0
2020-09-07 00:00:00+08:00,0.017000000923871994,0.017000000923871994,0.017000000923871994,0.017000000923871994,0,0.0,0.0
2020-09-08 00:00:00+08:00,0.01600000075995922,0.01600000075995922,0.01600000075995922,0.01600000075995922,126000,0.0,0.0
2020-09-09 00:00:00+08:00,0.017000000923871994,0.017000000923871994,0.017000000923871994,0.017000000923871994,450000,0.0,0.0
2020-09-10 00:00:00+08:00,0.017000000923871994,0.017000000923871994,0.017000000923871994,0.017000000923871994,290000,0.0,0.0
2020-09-11 00:00:00+08:00,0.017000000923871994,0.017000000923871994,0.017000000923871994,0.017000000923871994,0,0.0,0.0
2020-09-14 00:00:00+08:00,0.01600000075995922,0.01600000075995922,0.01600000075995922,0.01600000075995922,484000,0.0,0.0
2020-09-15 00:00:00+08:00,0.01600000075995922,0.01600000075995922,0.01600000075995922,0.01600000075995922,451000,0.0,0.0
2020-09-16 00:00:00+08:00,0.017000000923871994,0.017000000923871994,0.017000000923871994,0.017000000923871994,400000,0.0,0.0
2020-09-17 00:00:00+08:00,0.017000000923871994,0.017000000923871994,0.017000000923871994,0.017000000923871994,0,0.0,0.0
2020-09-18 00:00:00+08:00,0.01600000075995922,0.017000000923871994,0.01600000075995922,0.017000000923871994,3015100,0.0,0.0
2020-09-21 00:00:00+08:00,0.01600000075995922,0.01600000075995922,0.01600000075995922,0.01600000075995922,469000,0.0,0.0
2020-09-22 00:00:00+08:00,0.014999999664723873,0.014999999664723873,0.014999999664723873,0.014999999664723873,33200,0.0,0.0
2020-09-23 00:00:00+08:00,0.01600000075995922,0.01600000075995922,0.01600000075995922,0.01600000075995922,100000,0.0,0.0
2020-09-24 00:00:00+08:00,0.01600000075995922,0.01600000075995922,0.01600000075995922,0.01600000075995922,0,0.0,0.0
2020-09-25 00:00:00+08:00,0.01600000075995922,0.01600000075995922,0.01600000075995922,0.01600000075995922,0,0.0,0.0
2020-09-28 00:00:00+08:00,0.01600000075995922,0.01600000075995922,0.01600000075995922,0.01600000075995922,0,0.0,0.0
2020-09-29 00:00:00+08:00,0.014999999664723873,0.01600000075995922,0.014999999664723873,0.01600000075995922,3687900,0.0,0.0
2020-09-30 00:00:00+08:00,0.014999999664723873,0.014999999664723873,0.014999999664723873,0.014999999664723873,100000,0.0,0.0
2020-10-01 00:00:00+08:00,0.014999999664723873,0.014999999664723873,0.014999999664723873,0.014999999664723873,0,0.0,0.0
2020-10-02 00:00:00+08:00,0.014999999664723873,0.014999999664723873,0.014999999664723873,0.014999999664723873,300000,0.0,0.0
2020-10-05 00:00:00+08:00,0.014999999664723873,0.014999999664723873,0.014999999664723873,0.014999999664723873,0,0.0,0.0
2020-10-06 00:00:00+08:00,0.014000000432133675,0.014000000432133675,0.014000000432133675,0.014000000432133675,1275000,0.0,0.0
2020-10-07 00:00:00+08:00,0.014000000432133675,0.014000000432133675,0.014000000432133675,0.014000000432133675,200000,0.0,0.0
2020-10-08 00:00:00+08:00,0.014000000432133675,0.014000000432133675,0.014000000432133675,0.014000000432133675,0,0.0,0.0
2020-10-09 00:00:00+08:00,0.013000000268220901,0.013000000268220901,0.013000000268220901,0.013000000268220901,4000,0.0,0.0
2020-10-12 00:00:00+08:00,0.014000000432133675,0.014000000432133675,0.013000000268220901,0.013000000268220901,300000,0.0,0.0
2020-10-13 00:00:00+08:00,0.014000000432133675,0.014999999664723873,0.014000000432133675,0.014000000432133675,1366800,0.0,0.0
2020-10-14 00:00:00+08:00,0.014000000432133675,0.014000000432133675,0.014000000432133675,0.014000000432133675,55200,0.0,0.0
2020-10-15 00:00:00+08:00,0.014000000432133675,0.014000000432133675,0.014000000432133675,0.014000000432133675,0,0.0,0.0
2020-10-16 00:00:00+08:00,0.014000000432133675,0.014000000432133675,0.014000000432133675,0.014000000432133675,0,0.0,0.0
2020-10-19 00:00:00+08:00,0.013000000268220901,0.013000000268220901,0.013000000268220901,0.013000000268220901,8000,0.0,0.0
2020-10-20 00:00:00+08:00,0.013000000268220901,0.013000000268220901,0.013000000268220901,0.013000000268220901,0,0.0,0.0
2020-10-21 00:00:00+08:00,0.013000000268220901,0.013000000268220901,0.013000000268220901,0.013000000268220901,50000,0.0,0.0
2020-10-22 00:00:00+08:00,0.013000000268220901,0.013000000268220901,0.013000000268220901,0.013000000268220901,0,0.0,0.0
2020-10-23 00:00:00+08:00,0.014000000432133675,0.01600000075995922,0.014000000432133675,0.01600000075995922,2697200,0.0,0.0
2020-10-26 00:00:00+08:00,0.01600000075995922,0.01600000075995922,0.014999999664723873,0.014999999664723873,1775100,0.0,0.0
2020-10-27 00:00:00+08:00,0.014999999664723873,0.014999999664723873,0.014999999664723873,0.014999999664723873,0,0.0,0.0
2020-10-28 00:00:00+08:00,0.014999999664723873,0.014999999664723873,0.014999999664723873,0.014999999664723873,0,0.0,0.0
2020-10-29 00:00:00+08:00,0.014000000432133675,0.014000000432133675,0.014000000432133675,0.014000000432133675,50500,0.0,0.0
2020-10-30 00:00:00+08:00,0.014000000432133675,0.014000000432133675,0.014000000432133675,0.014000000432133675,249500,0.0,0.0
2020-11-02 00:00:00+08:00,0.014000000432133675,0.014000000432133675,0.014000000432133675,0.014000000432133675,0,0.0,0.0
2020-11-03 00:00:00+08:00,0.014000000432133675,0.014000000432133675,0.014000000432133675,0.014000000432133675,0,0.0,0.0
2020-11-04 00:00:00+08:00,0.013000000268220901,0.013000000268220901,0.013000000268220901,0.013000000268220901,776900,0.0,0.0
2020-11-05 00:00:00+08:00,0.013000000268220901,0.014000000432133675,0.013000000268220901,0.014000000432133675,882000,0.0,0.0
2020-11-06 00:00:00+08:00,0.014000000432133675,0.014000000432133675,0.014000000432133675,0.014000000432133675,0,0.0,0.0
2020-11-09 00:00:00+08:00,0.014000000432133675,0.014000000432133675,0.014000000432133675,0.014000000432133675,60600,0.0,0.0
2020-11-10 00:00:00+08:00,0.014000000432133675,0.014000000432133675,0.014000000432133675,0.014000000432133675,0,0.0,0.0
2020-11-11 00:00:00+08:00,0.013000000268220901,0.014000000432133675,0.013000000268220901,0.014000000432133675,218000,0.0,0.0
2020-11-12 00:00:00+08:00,0.014000000432133675,0.014000000432133675,0.014000000432133675,0.014000000432133675,30000,0.0,0.0
2020-11-13 00:00:00+08:00,0.013000000268220901,0.013000000268220901,0.013000000268220901,0.013000000268220901,50000,0.0,0.0
2020-11-16 00:00:00+08:00,0.013000000268220901,0.014000000432133675,0.013000000268220901,0.014000000432133675,1735000,0.0,0.0
2020-11-17 00:00:00+08:00,0.014000000432133675,0.014000000432133675,0.014000000432133675,0.014000000432133675,0,0.0,0.0
2020-11-18 00:00:00+08:00,0.014000000432133675,0.014000000432133675,0.014000000432133675,0.014000000432133675,0,0.0,0.0
2020-11-19 00:00:00+08:00,0.013000000268220901,0.013000000268220901,0.013000000268220901,0.013000000268220901,750000,0.0,0.0
2020-11-20 00:00:00+08:00,0.014000000432133675,0.014000000432133675,0.014000000432133675,0.014000000432133675,365000,0.0,0.0
2020-11-23 00:00:00+08:00,0.014999999664723873,0.014999999664723873,0.014000000432133675,0.014000000432133675,195000,0.0,0.0
2020-11-24 00:00:00+08:00,0.014999999664723873,0.014999999664723873,0.014999999664723873,0.014999999664723873,446500,0.0,0.0
2020-11-25 00:00:00+08:00,0.014000000432133675,0.014000000432133675,0.014000000432133675,0.014000000432133675,772000,0.0,0.0
2020-11-26 00:00:00+08:00,0.014000000432133675,0.014000000432133675,0.014000000432133675,0.014000000432133675,60000,0.0,0.0
2020-11-27 00:00:00+08:00,0.014999999664723873,0.01600000075995922,0.014999999664723873,0.014999999664723873,1116000,0.0,0.0
2020-11-30 00:00:00+08:00,0.01600000075995922,0.01600000075995922,0.01600000075995922,0.01600000075995922,1000,0.0,0.0
2020-12-01 00:00:00+08:00,0.01600000075995922,0.01600000075995922,0.014999999664723873,0.014999999664723873,521000,0.0,0.0
2020-12-02 00:00:00+08:00,0.014999999664723873,0.014999999664723873,0.014999999664723873,0.014999999664723873,215500,0.0,0.0
2020-12-03 00:00:00+08:00,0.014999999664723873,0.014999999664723873,0.014999999664723873,0.014999999664723873,500000,0.0,0.0
2020-12-04 00:00:00+08:00,0.014999999664723873,0.014999999664723873,0.014999999664723873,0.014999999664723873,300000,0.0,0.0
2020-12-07 00:00:00+08:00,0.014999999664723873,0.014999999664723873,0.014999999664723873,0.014999999664723873,350000,0.0,0.0
2020-12-08 00:00:00+08:00,0.014999999664723873,0.017000000923871994,0.014999999664723873,0.014999999664723873,1745100,0.0,0.0
2020-12-09 00:00:00+08:00,0.014999999664723873,0.014999999664723873,0.014999999664723873,0.014999999664723873,0,0.0,0.0
2020-12-10 00:00:00+08:00,0.014999999664723873,0.014999999664723873,0.014999999664723873,0.014999999664723873,620000,0.0,0.0
2020-12-11 00:00:00+08:00,0.01600000075995922,0.01600000075995922,0.014999999664723873,0.014999999664723873,182000,0.0,0.0
2020-12-14 00:00:00+08:00,0.014999999664723873,0.014999999664723873,0.014999999664723873,0.014999999664723873,0,0.0,0.0
2020-12-15 00:00:00+08:00,0.01600000075995922,0.01600000075995922,0.01600000075995922,0.01600000075995922,700000,0.0,0.0
2020-12-16 00:00:00+08:00,0.01600000075995922,0.017999999225139618,0.01600000075995922,0.017000000923871994,8792800,0.0,0.0
2020-12-17 00:00:00+08:00,0.017000000923871994,0.017000000923871994,0.01600000075995922,0.01600000075995922,260000,0.0,0.0
2020-12-18 00:00:00+08:00,0.01600000075995922,0.01600000075995922,0.01600000075995922,0.01600000075995922,670000,0.0,0.0
2020-12-21 00:00:00+08:00,0.01600000075995922,0.01600000075995922,0.01600000075995922,0.01600000075995922,711300,0.0,0.0
2020-12-22 00:00:00+08:00,0.014999999664723873,0.01600000075995922,0.014999999664723873,0.01600000075995922,2255000,0.0,0.0
2020-12-23 00:00:00+08:00,0.01600000075995922,0.01600000075995922,0.01600000075995922,0.01600000075995922,300000,0.0,0.0
2020-12-24 00:00:00+08:00,0.01600000075995922,0.01600000075995922,0.01600000075995922,0.01600000075995922,0,0.0,0.0
2020-12-28 00:00:00+08:00,0.014999999664723873,0.014999999664723873,0.014000000432133675,0.014999999664723873,2272000,0.0,0.0
2020-12-29 00:00:00+08:00,0.014000000432133675,0.014000000432133675,0.014000000432133675,0.014000000432133675,19700,0.0,0.0
2020-12-30 00:00:00+08:00,0.014000000432133675,0.014999999664723873,0.014000000432133675,0.014999999664723873,140000,0.0,0.0
2020-12-31 00:00:00+08:00,0.014999999664723873,0.014999999664723873,0.014999999664723873,0.014999999664723873,0,0.0,0.0
2021-01-04 00:00:00+08:00,0.014999999664723873,0.014999999664723873,0.014999999664723873,0.014999999664723873,1000000,0.0,0.0
2021-01-05 00:00:00+08:00,0.014999999664723873,0.01600000075995922,0.014999999664723873,0.014999999664723873,1021000,0.0,0.0
2021-01-06 00:00:00+08:00,0.014999999664723873,0.017000000923871994,0.014999999664723873,0.017000000923871994,1062000,0.0,0.0
2021-01-07 00:00:00+08:00,0.01600000075995922,0.01600000075995922,0.01600000075995922,0.01600000075995922,48000,0.0,0.0
2021-01-08 00:00:00+08:00,0.014999999664723873,0.014999999664723873,0.014999999664723873,0.014999999664723873,53800,0.0,0.0
2021-01-11 00:00:00+08:00,0.01600000075995922,0.01600000075995922,0.01600000075995922,0.01600000075995922,156500,0.0,0.0
2021-01-12 00:00:00+08:00,0.01600000075995922,0.01600000075995922,0.01600000075995922,0.01600000075995922,0,0.0,0.0
2021-01-13 00:00:00+08:00,0.01600000075995922,0.01600000075995922,0.01600000075995922,0.01600000075995922,270000,0.0,0.0
2021-01-14 00:00:00+08:00,0.01600000075995922,0.01600000075995922,0.01600000075995922,0.01600000075995922,333000,0.0,0.0
2021-01-15 00:00:00+08:00,0.01600000075995922,0.01600000075995922,0.01600000075995922,0.01600000075995922,805000,0.0,0.0
2021-01-18 00:00:00+08:00,0.01600000075995922,0.01600000075995922,0.01600000075995922,0.01600000075995922,0,0.0,0.0
2021-01-19 00:00:00+08:00,0.01600000075995922,0.01600000075995922,0.01600000075995922,0.01600000075995922,303100,0.0,0.0
2021-01-20 00:00:00+08:00,0.01600000075995922,0.01600000075995922,0.01600000075995922,0.01600000075995922,100000,0.0,0.0
2021-01-21 00:00:00+08:00,0.017000000923871994,0.017999999225139618,0.017000000923871994,0.017000000923871994,1350000,0.0,0.0
2021-01-22 00:00:00+08:00,0.01600000075995922,0.017000000923871994,0.01600000075995922,0.01600000075995922,513000,0.0,0.0
2021-01-25 00:00:00+08:00,0.019999999552965164,0.020999999716877937,0.01899999938905239,0.019999999552965164,32491200,0.0,0.0
2021-01-26 00:00:00+08:00,0.019999999552965164,0.019999999552965164,0.017999999225139618,0.01899999938905239,3514000,0.0,0.0
2021-01-27 00:00:00+08:00,0.01899999938905239,0.01899999938905239,0.017999999225139618,0.01899999938905239,2132100,0.0,0.0
2021-01-28 00:00:00+08:00,0.017999999225139618,0.017999999225139618,0.017000000923871994,0.017000000923871994,326500,0.0,0.0
2021-01-29 00:00:00+08:00,0.017000000923871994,0.017000000923871994,0.01600000075995922,0.01600000075995922,1880000,0.0,0.0
2021-02-01 00:00:00+08:00,0.017000000923871994,0.017000000923871994,0.017000000923871994,0.017000000923871994,900,0.0,0.0
2021-02-02 00:00:00+08:00,0.017000000923871994,0.017999999225139618,0.017000000923871994,0.017000000923871994,2319500,0.0,0.0
2021-02-03 00:00:00+08:00,0.017000000923871994,0.017999999225139618,0.017000000923871994,0.017999999225139618,642200,0.0,0.0
2021-02-04 00:00:00+08:00,0.017999999225139618,0.017999999225139618,0.017999999225139618,0.017999999225139618,0,0.0,0.0
2021-02-05 00:00:00+08:00,0.017999999225139618,0.017999999225139618,0.017999999225139618,0.017999999225139618,0,0.0,0.0
2021-02-08 00:00:00+08:00,0.01600000075995922,0.017000000923871994,0.01600000075995922,0.017000000923871994,1301500,0.0,0.0
2021-02-09 00:00:00+08:00,0.01600000075995922,0.01600000075995922,0.01600000075995922,0.01600000075995922,2000,0.0,0.0
2021-02-10 00:00:00+08:00,0.017000000923871994,0.017000000923871994,0.017000000923871994,0.017000000923871994,1165700,0.0,0.0
2021-02-11 00:00:00+08:00,0.017000000923871994,0.017000000923871994,0.017000000923871994,0.017000000923871994,0,0.0,0.0
2021-02-15 00:00:00+08:00,0.017000000923871994,0.017000000923871994,0.017000000923871994,0.017000000923871994,251400,0.0,0.0
2021-02-16 00:00:00+08:00,0.017000000923871994,0.017000000923871994,0.017000000923871994,0.017000000923871994,150000,0.0,0.0
2021-02-17 00:00:00+08:00,0.017000000923871994,0.017000000923871994,0.01600000075995922,0.01600000075995922,522000,0.0,0.0
2021-02-18 00:00:00+08:00,0.01600000075995922,0.01600000075995922,0.01600000075995922,0.01600000075995922,0,0.0,0.0
2021-02-19 00:00:00+08:00,0.017000000923871994,0.017000000923871994,0.017000000923871994,0.017000000923871994,300000,0.0,0.0
2021-02-22 00:00:00+08:00,0.017999999225139618,0.020999999716877937,0.017999999225139618,0.01899999938905239,6006200,0.0,0.0
2021-02-23 00:00:00+08:00,0.01899999938905239,0.019999999552965164,0.017999999225139618,0.017999999225139618,2735600,0.0,0.0
2021-02-24 00:00:00+08:00,0.01899999938905239,0.019999999552965164,0.01899999938905239,0.01899999938905239,4635500,0.0,0.0
2021-02-25 00:00:00+08:00,0.01899999938905239,0.02199999988079071,0.01899999938905239,0.02199999988079071,19938300,0.0,0.0
2021-02-26 00:00:00+08:00,0.020999999716877937,0.02199999988079071,0.01899999938905239,0.019999999552965164,12504900,0.0,0.0
2021-03-01 00:00:00+08:00,0.019999999552965164,0.023000000044703484,0.019999999552965164,0.020999999716877937,12841600,0.0,0.0
2021-03-02 00:00:00+08:00,0.02199999988079071,0.02199999988079071,0.019999999552965164,0.019999999552965164,2788000,0.0,0.0
2021-03-03 00:00:00+08:00,0.019999999552965164,0.04600000008940697,0.01899999938905239,0.04600000008940697,219502000,0.0,0.0
2021-03-04 00:00:00+08:00,0.050999999046325684,0.05400000140070915,0.03799999877810478,0.0430000014603138,183845000,0.0,0.0
2021-03-05 00:00:00+08:00,0.04100000113248825,0.05299999937415123,0.03700000047683716,0.04399999976158142,168481200,0.0,0.0
2021-03-08 00:00:00+08:00,0.04600000008940697,0.04600000008940697,0.04100000113248825,0.04399999976158142,25812300,0.0,0.0
2021-03-09 00:00:00+08:00,0.04500000178813934,0.04800000041723251,0.04399999976158142,0.04500000178813934,30524800,0.0,0.0
2021-03-10 00:00:00+08:00,0.04500000178813934,0.04600000008940697,0.04100000113248825,0.041999999433755875,39352800,0.0,0.0
2021-03-11 00:00:00+08:00,0.04100000113248825,0.0430000014603138,0.039000000804662704,0.03999999910593033,27493900,0.0,0.0
2021-03-12 00:00:00+08:00,0.041999999433755875,0.05299999937415123,0.04100000113248825,0.05000000074505806,185135700,0.0,0.0
2021-03-15 00:00:00+08:00,0.04899999871850014,0.050999999046325684,0.04600000008940697,0.04800000041723251,51879800,0.0,0.0
2021-03-16 00:00:00+08:00,0.04699999839067459,0.04699999839067459,0.04399999976158142,0.04600000008940697,36576700,0.0,0.0
2021-03-17 00:00:00+08:00,0.04399999976158142,0.04500000178813934,0.041999999433755875,0.0430000014603138,32853000,0.0,0.0
2021-03-18 00:00:00+08:00,0.04399999976158142,0.04600000008940697,0.04100000113248825,0.041999999433755875,82338000,0.0,0.0
2021-03-19 00:00:00+08:00,0.041999999433755875,0.0430000014603138,0.04100000113248825,0.04100000113248825,25520100,0.0,0.0
2021-03-22 00:00:00+08:00,0.04100000113248825,0.0430000014603138,0.03999999910593033,0.03999999910593033,22795600,0.0,0.0
2021-03-23 00:00:00+08:00,0.04100000113248825,0.04100000113248825,0.03799999877810478,0.039000000804662704,30977200,0.0,0.0
2021-03-24 00:00:00+08:00,0.03799999877810478,0.04100000113248825,0.03799999877810478,0.03799999877810478,22082500,0.0,0.0
2021-03-25 00:00:00+08:00,0.039000000804662704,0.03999999910593033,0.03799999877810478,0.039000000804662704,17747800,0.0,0.0
2021-03-26 00:00:00+08:00,0.039000000804662704,0.04500000178813934,0.039000000804662704,0.04100000113248825,101003500,0.0,0.0
2021-03-29 00:00:00+08:00,0.04100000113248825,0.0430000014603138,0.03999999910593033,0.03999999910593033,35077700,0.0,0.0
2021-03-30 00:00:00+08:00,0.03999999910593033,0.04100000113248825,0.039000000804662704,0.03999999910593033,10643000,0.0,0.0
2021-03-31 00:00:00+08:00,0.03999999910593033,0.03999999910593033,0.03799999877810478,0.039000000804662704,17639500,0.0,0.0
2021-04-01 00:00:00+08:00,0.039000000804662704,0.03999999910593033,0.03799999877810478,0.03799999877810478,22943900,0.0,0.0
2021-04-05 00:00:00+08:00,0.039000000804662704,0.03999999910593033,0.03799999877810478,0.03999999910593033,14511900,0.0,0.0
2021-04-06 00:00:00+08:00,0.039000000804662704,0.039000000804662704,0.03799999877810478,0.03799999877810478,12923800,0.0,0.0
2021-04-07 00:00:00+08:00,0.03799999877810478,0.03799999877810478,0.03799999877810478,0.03799999877810478,4870200,0.0,0.0
2021-04-08 00:00:00+08:00,0.03999999910593033,0.04399999976158142,0.03999999910593033,0.03999999910593033,67440900,0.0,0.0
2021-04-09 00:00:00+08:00,0.03999999910593033,0.03999999910593033,0.039000000804662704,0.039000000804662704,12165300,0.0,0.0
2021-04-12 00:00:00+08:00,0.039000000804662704,0.039000000804662704,0.03799999877810478,0.03799999877810478,5949000,0.0,0.0
2021-04-13 00:00:00+08:00,0.03799999877810478,0.03999999910593033,0.03799999877810478,0.039000000804662704,12457600,0.0,0.0
2021-04-14 00:00:00+08:00,0.039000000804662704,0.039000000804662704,0.03799999877810478,0.03799999877810478,8606500,0.0,0.0
2021-04-15 00:00:00+08:00,0.03799999877810478,0.039000000804662704,0.03799999877810478,0.03799999877810478,5780200,0.0,0.0
2021-04-16 00:00:00+08:00,0.03799999877810478,0.039000000804662704,0.03799999877810478,0.03799999877810478,5449600,0.0,0.0
2021-04-19 00:00:00+08:00,0.03799999877810478,0.03799999877810478,0.03700000047683716,0.03700000047683716,3956500,0.0,0.0
2021-04-20 00:00:00+08:00,0.03700000047683716,0.03799999877810478,0.03700000047683716,0.03700000047683716,6462100,0.0,0.0
2021-04-21 00:00:00+08:00,0.035999998450279236,0.035999998450279236,0.03500000014901161,0.03500000014901161,3578900,0.0,0.0
2021-04-22 00:00:00+08:00,0.035999998450279236,0.035999998450279236,0.03500000014901161,0.035999998450279236,2526400,0.0,0.0
2021-04-23 00:00:00+08:00,0.035999998450279236,0.035999998450279236,0.03500000014901161,0.035999998450279236,2477500,0.0,0.0
2021-04-26 00:00:00+08:00,0.035999998450279236,0.03700000047683716,0.03500000014901161,0.035999998450279236,2514100,0.0,0.0
2021-04-27 00:00:00+08:00,0.035999998450279236,0.03700000047683716,0.035999998450279236,0.035999998450279236,7240600,0.0,0.0
2021-04-28 00:00:00+08:00,0.035999998450279236,0.035999998450279236,0.03500000014901161,0.03500000014901161,1511000,0.0,0.0
2021-04-29 00:00:00+08:00,0.03500000014901161,0.03700000047683716,0.03500000014901161,0.03700000047683716,2732000,0.0,0.0
2021-04-30 00:00:00+08:00,0.035999998450279236,0.03700000047683716,0.03500000014901161,0.03500000014901161,2603000,0.0,0.0
2021-05-03 00:00:00+08:00,0.03500000014901161,0.035999998450279236,0.03400000184774399,0.03400000184774399,3632300,0.0,0.0
2021-05-04 00:00:00+08:00,0.03400000184774399,0.03500000014901161,0.03400000184774399,0.03500000014901161,461200,0.0,0.0
2021-05-05 00:00:00+08:00,0.03500000014901161,0.03500000014901161,0.032999999821186066,0.03400000184774399,2580600,0.0,0.0
2021-05-06 00:00:00+08:00,0.03400000184774399,0.03400000184774399,0.032999999821186066,0.032999999821186066,1022500,0.0,0.0
2021-05-07 00:00:00+08:00,0.032999999821186066,0.032999999821186066,0.03200000151991844,0.03200000151991844,4668000,0.0,0.0
2021-05-10 00:00:00+08:00,0.032999999821186066,0.032999999821186066,0.03200000151991844,0.03200000151991844,1369000,0.0,0.0
2021-05-11 00:00:00+08:00,0.03200000151991844,0.03200000151991844,0.03099999949336052,0.03099999949336052,1326900,0.0,0.0
2021-05-12 00:00:00+08:00,0.03099999949336052,0.03400000184774399,0.03099999949336052,0.032999999821186066,5194600,0.0,0.0
2021-05-14 00:00:00+08:00,0.03200000151991844,0.032999999821186066,0.02800000086426735,0.029999999329447746,8091600,0.0,0.0
2021-05-17 00:00:00+08:00,0.028999999165534973,0.029999999329447746,0.02800000086426735,0.029999999329447746,3129800,0.0,0.0
2021-05-18 00:00:00+08:00,0.029999999329447746,0.032999999821186066,0.028999999165534973,0.03200000151991844,4435000,0.0,0.0
2021-05-19 00:00:00+08:00,0.03200000151991844,0.035999998450279236,0.03200000151991844,0.032999999821186066,35021200,0.0,0.0
2021-05-20 00:00:00+08:00,0.032999999821186066,0.032999999821186066,0.03200000151991844,0.032999999821186066,2365100,0.0,0.0
2021-05-21 00:00:00+08:00,0.03400000184774399,0.03400000184774399,0.03099999949336052,0.03200000151991844,3789800,0.0,0.0
2021-05-24 00:00:00+08:00,0.03200000151991844,0.03200000151991844,0.029999999329447746,0.03099999949336052,1864400,0.0,0.0
2021-05-25 00:00:00+08:00,0.029999999329447746,0.03200000151991844,0.029999999329447746,0.03099999949336052,5471800,0.0,0.0
2021-05-27 00:00:00+08:00,0.03099999949336052,0.03400000184774399,0.03099999949336052,0.032999999821186066,13531200,0.0,0.0
2021-05-28 00:00:00+08:00,0.03200000151991844,0.03400000184774399,0.03200000151991844,0.03400000184774399,3401100,0.0,0.0
2021-05-31 00:00:00+08:00,0.03400000184774399,0.03400000184774399,0.032999999821186066,0.032999999821186066,1603400,0.0,0.0
2021-06-01 00:00:00+08:00,0.032999999821186066,0.035999998450279236,0.03200000151991844,0.03400000184774399,12923200,0.0,0.0
2021-06-02 00:00:00+08:00,0.03500000014901161,0.03500000014901161,0.032999999821186066,0.03500000014901161,2877900,0.0,0.0
2021-06-03 00:00:00+08:00,0.03500000014901161,0.03799999877810478,0.03400000184774399,0.03700000047683716,34874200,0.0,0.0
2021-06-04 00:00:00+08:00,0.03799999877810478,0.03799999877810478,0.035999998450279236,0.035999998450279236,7450900,0.0,0.0
2021-06-07 00:00:00+08:00,0.035999998450279236,0.03799999877810478,0.03500000014901161,0.03799999877810478,18953000,0.0,0.0
2021-06-08 00:00:00+08:00,0.03700000047683716,0.03700000047683716,0.03200000151991844,0.03400000184774399,18846800,0.0,0.0
2021-06-09 00:00:00+08:00,0.03400000184774399,0.03500000014901161,0.032999999821186066,0.032999999821186066,5002700,0.0,0.0
2021-06-10 00:00:00+08:00,0.03400000184774399,0.03400000184774399,0.032999999821186066,0.032999999821186066,3152900,0.0,0.0
2021-06-11 00:00:00+08:00,0.03400000184774399,0.03400000184774399,0.03200000151991844,0.03400000184774399,4040500,0.0,0.0
2021-06-14 00:00:00+08:00,0.032999999821186066,0.03400000184774399,0.032999999821186066,0.032999999821186066,2216500,0.0,0.0
2021-06-15 00:00:00+08:00,0.039000000804662704,0.041999999433755875,0.035999998450279236,0.035999998450279236,91068800,0.0,0.0
2021-06-16 00:00:00+08:00,0.03799999877810478,0.03799999877810478,0.03500000014901161,0.035999998450279236,10347200,0.0,0.0
2021-06-17 00:00:00+08:00,0.035999998450279236,0.035999998450279236,0.03500000014901161,0.03500000014901161,5458800,0.0,0.0
2021-06-18 00:00:00+08:00,0.03500000014901161,0.03500000014901161,0.03500000014901161,0.03500000014901161,4408600,0.0,0.0
2021-06-21 00:00:00+08:00,0.03400000184774399,0.03400000184774399,0.032999999821186066,0.032999999821186066,5627900,0.0,0.0
2021-06-22 00:00:00+08:00,0.03400000184774399,0.03400000184774399,0.032999999821186066,0.032999999821186066,9507400,0.0,0.0
2021-06-23 00:00:00+08:00,0.03400000184774399,0.03500000014901161,0.03400000184774399,0.03500000014901161,4760100,0.0,0.0
2021-06-24 00:00:00+08:00,0.03500000014901161,0.035999998450279236,0.03400000184774399,0.03500000014901161,11295300,0.0,0.0
2021-06-25 00:00:00+08:00,0.03500000014901161,0.03500000014901161,0.032999999821186066,0.03400000184774399,2379400,0.0,0.0
2021-06-28 00:00:00+08:00,0.03400000184774399,0.03400000184774399,0.032999999821186066,0.032999999821186066,2578100,0.0,0.0
2021-06-29 00:00:00+08:00,0.03400000184774399,0.03400000184774399,0.032999999821186066,0.032999999821186066,2459200,0.0,0.0
2021-06-30 00:00:00+08:00,0.03400000184774399,0.03500000014901161,0.032999999821186066,0.03400000184774399,3758100,0.0,0.0
2021-07-01 00:00:00+08:00,0.03500000014901161,0.03700000047683716,0.03400000184774399,0.03500000014901161,29685400,0.0,0.0
2021-07-02 00:00:00+08:00,0.03400000184774399,0.03500000014901161,0.03400000184774399,0.03400000184774399,2550600,0.0,0.0
2021-07-05 00:00:00+08:00,0.03500000014901161,0.03500000014901161,0.03400000184774399,0.03500000014901161,1598400,0.0,0.0
2021-07-06 00:00:00+08:00,0.032999999821186066,0.03500000014901161,0.032999999821186066,0.03400000184774399,2187200,0.0,0.0
2021-07-07 00:00:00+08:00,0.03500000014901161,0.035999998450279236,0.03400000184774399,0.03400000184774399,5344900,0.0,0.0
2021-07-08 00:00:00+08:00,0.03500000014901161,0.03500000014901161,0.032999999821186066,0.032999999821186066,3659800,0.0,0.0
2021-07-09 00:00:00+08:00,0.03400000184774399,0.03400000184774399,0.03200000151991844,0.032999999821186066,5603100,0.0,0.0
2021-07-12 00:00:00+08:00,0.03400000184774399,0.03400000184774399,0.03200000151991844,0.03200000151991844,2943400,0.0,0.0
2021-07-13 00:00:00+08:00,0.032999999821186066,0.032999999821186066,0.03099999949336052,0.03099999949336052,2965500,0.0,0.0
2021-07-14 00:00:00+08:00,0.032999999821186066,0.032999999821186066,0.03099999949336052,0.03200000151991844,1404200,0.0,0.0
2021-07-15 00:00:00+08:00,0.03099999949336052,0.032999999821186066,0.03099999949336052,0.032999999821186066,713000,0.0,0.0
2021-07-16 00:00:00+08:00,0.032999999821186066,0.032999999821186066,0.03099999949336052,0.03099999949336052,1077200,0.0,0.0
2021-07-19 00:00:00+08:00,0.03099999949336052,0.03200000151991844,0.03099999949336052,0.03200000151991844,534400,0.0,0.0
2021-07-21 00:00:00+08:00,0.03099999949336052,0.03099999949336052,0.029999999329447746,0.029999999329447746,2019200,0.0,0.0
2021-07-22 00:00:00+08:00,0.029999999329447746,0.032999999821186066,0.029999999329447746,0.03099999949336052,1781400,0.0,0.0
2021-07-23 00:00:00+08:00,0.03099999949336052,0.03200000151991844,0.03099999949336052,0.03099999949336052,860100,0.0,0.0
2021-07-26 00:00:00+08:00,0.03200000151991844,0.032999999821186066,0.03200000151991844,0.03200000151991844,3428200,0.0,0.0
2021-07-27 00:00:00+08:00,0.03200000151991844,0.03200000151991844,0.03099999949336052,0.03200000151991844,238100,0.0,0.0
2021-07-28 00:00:00+08:00,0.03200000151991844,0.03200000151991844,0.03099999949336052,0.03200000151991844,350300,0.0,0.0
2021-07-29 00:00:00+08:00,0.03099999949336052,0.03200000151991844,0.03099999949336052,0.03099999949336052,1911700,0.0,0.0
2021-07-30 00:00:00+08:00,0.03099999949336052,0.03099999949336052,0.03099999949336052,0.03099999949336052,829200,0.0,0.0
2021-08-02 00:00:00+08:00,0.029999999329447746,0.03099999949336052,0.029999999329447746,0.029999999329447746,333100,0.0,0.0
2021-08-03 00:00:00+08:00,0.03099999949336052,0.03200000151991844,0.029999999329447746,0.03200000151991844,838300,0.0,0.0
2021-08-04 00:00:00+08:00,0.03099999949336052,0.03200000151991844,0.029999999329447746,0.029999999329447746,797200,0.0,0.0
2021-08-05 00:00:00+08:00,0.029999999329447746,0.03099999949336052,0.029999999329447746,0.029999999329447746,1124000,0.0,0.0
2021-08-06 00:00:00+08:00,0.029999999329447746,0.03099999949336052,0.029999999329447746,0.03099999949336052,620200,0.0,0.0
2021-08-10 00:00:00+08:00,0.029999999329447746,0.03099999949336052,0.029999999329447746,0.03099999949336052,1440600,0.0,0.0
2021-08-11 00:00:00+08:00,0.029999999329447746,0.03200000151991844,0.029999999329447746,0.029999999329447746,603800,0.0,0.0
2021-08-12 00:00:00+08:00,0.029999999329447746,0.03099999949336052,0.029999999329447746,0.029999999329447746,927700,0.0,0.0
2021-08-13 00:00:00+08:00,0.029999999329447746,0.03099999949336052,0.028999999165534973,0.029999999329447746,3540000,0.0,0.0
2021-08-16 00:00:00+08:00,0.029999999329447746,0.029999999329447746,0.028999999165534973,0.028999999165534973,2065100,0.0,0.0
2021-08-17 00:00:00+08:00,0.028999999165534973,0.028999999165534973,0.02800000086426735,0.028999999165534973,1321600,0.0,0.0
2021-08-18 00:00:00+08:00,0.028999999165534973,0.028999999165534973,0.028999999165534973,0.028999999165534973,515100,0.0,0.0
2021-08-19 00:00:00+08:00,0.028999999165534973,0.028999999165534973,0.02800000086426735,0.02800000086426735,650200,0.0,0.0
2021-08-20 00:00:00+08:00,0.02800000086426735,0.02800000086426735,0.02500000037252903,0.02500000037252903,13450300,0.0,0.0
2021-08-23 00:00:00+08:00,0.02500000037252903,0.026000000536441803,0.024000000208616257,0.024000000208616257,815500,0.0,0.0
2021-08-24 00:00:00+08:00,0.026000000536441803,0.026000000536441803,0.02500000037252903,0.026000000536441803,952200,0.0,0.0
2021-08-25 00:00:00+08:00,0.026000000536441803,0.026000000536441803,0.02500000037252903,0.026000000536441803,754700,0.0,0.0
2021-08-26 00:00:00+08:00,0.026000000536441803,0.026000000536441803,0.024000000208616257,0.024000000208616257,2340000,0.0,0.0
2021-08-27 00:00:00+08:00,0.026000000536441803,0.026000000536441803,0.024000000208616257,0.026000000536441803,407100,0.0,0.0
2021-08-30 00:00:00+08:00,0.026000000536441803,0.026000000536441803,0.023000000044703484,0.02500000037252903,1191200,0.0,0.0
2021-08-31 00:00:00+08:00,0.02500000037252903,0.02500000037252903,0.024000000208616257,0.02500000037252903,343500,0.0,0.0
2021-09-01 00:00:00+08:00,0.02500000037252903,0.02500000037252903,0.023000000044703484,0.023000000044703484,1489200,0.0,0.0
2021-09-02 00:00:00+08:00,0.02500000037252903,0.027000000700354576,0.024000000208616257,0.027000000700354576,11591500,0.0,0.0
2021-09-03 00:00:00+08:00,0.027000000700354576,0.02800000086426735,0.027000000700354576,0.027000000700354576,3693000,0.0,0.0
2021-09-06 00:00:00+08:00,0.027000000700354576,0.02800000086426735,0.026000000536441803,0.026000000536441803,2293800,0.0,0.0
2021-09-07 00:00:00+08:00,0.026000000536441803,0.027000000700354576,0.02500000037252903,0.027000000700354576,5368500,0.0,0.0
2021-09-08 00:00:00+08:00,0.027000000700354576,0.027000000700354576,0.02500000037252903,0.026000000536441803,2897600,0.0,0.0
2021-09-09 00:00:00+08:00,0.02500000037252903,0.026000000536441803,0.02500000037252903,0.02500000037252903,2785900,0.0,0.0
2021-09-10 00:00:00+08:00,0.026000000536441803,0.026000000536441803,0.02500000037252903,0.026000000536441803,913500,0.0,0.0
2021-09-13 00:00:00+08:00,0.02500000037252903,0.02500000037252903,0.024000000208616257,0.024000000208616257,1946300,0.0,0.0
2021-09-14 00:00:00+08:00,0.02500000037252903,0.02500000037252903,0.024000000208616257,0.02500000037252903,1200700,0.0,0.0
2021-09-15 00:00:00+08:00,0.02500000037252903,0.02500000037252903,0.023000000044703484,0.023000000044703484,1207200,0.0,0.0
2021-09-16 00:00:00+08:00,0.02500000037252903,0.02500000037252903,0.024000000208616257,0.02500000037252903,1434200,0.0,0.0
2021-09-17 00:00:00+08:00,0.02500000037252903,0.02500000037252903,0.024000000208616257,0.02500000037252903,638200,0.0,0.0
2021-09-20 00:00:00+08:00,0.02500000037252903,0.02500000037252903,0.02199999988079071,0.02199999988079071,2057500,0.0,0.0
2021-09-21 00:00:00+08:00,0.023000000044703484,0.024000000208616257,0.023000000044703484,0.024000000208616257,225600,0.0,0.0
2021-09-22 00:00:00+08:00,0.024000000208616257,0.024000000208616257,0.023000000044703484,0.024000000208616257,654200,0.0,0.0
2021-09-23 00:00:00+08:00,0.024000000208616257,0.026000000536441803,0.024000000208616257,0.02500000037252903,3973800,0.0,0.0
2021-09-24 00:00:00+08:00,0.02500000037252903,0.02500000037252903,0.024000000208616257,0.02500000037252903,700400,0.0,0.0
2021-09-27 00:00:00+08:00,0.026000000536441803,0.026000000536441803,0.024000000208616257,0.026000000536441803,480200,0.0,0.0
2021-09-28 00:00:00+08:00,0.028999999165534973,0.03500000014901161,0.02800000086426735,0.029999999329447746,99123100,0.0,0.0
2021-09-29 00:00:00+08:00,0.028999999165534973,0.029999999329447746,0.02800000086426735,0.028999999165534973,6102100,0.0,0.0
2021-09-30 00:00:00+08:00,0.029999999329447746,0.03099999949336052,0.028999999165534973,0.028999999165534973,4381900,0.0,0.0
2021-10-01 00:00:00+08:00,0.029999999329447746,0.029999999329447746,0.027000000700354576,0.02800000086426735,3095100,0.0,0.0
2021-10-04 00:00:00+08:00,0.02800000086426735,0.02800000086426735,0.027000000700354576,0.027000000700354576,7952300,0.0,0.0
2021-10-05 00:00:00+08:00,0.027000000700354576,0.029999999329447746,0.027000000700354576,0.02800000086426735,20056500,0.0,0.0
2021-10-06 00:00:00+08:00,0.02800000086426735,0.02800000086426735,0.027000000700354576,0.027000000700354576,6219200,0.0,0.0
2021-10-07 00:00:00+08:00,0.027000000700354576,0.02800000086426735,0.026000000536441803,0.026000000536441803,3277400,0.0,0.0
2021-10-08 00:00:00+08:00,0.027000000700354576,0.02800000086426735,0.027000000700354576,0.027000000700354576,9168200,0.0,0.0
2021-10-11 00:00:00+08:00,0.02800000086426735,0.02800000086426735,0.026000000536441803,0.026000000536441803,6946300,0.0,0.0
2021-10-12 00:00:00+08:00,0.027000000700354576,0.027000000700354576,0.026000000536441803,0.026000000536441803,2775500,0.0,0.0
2021-10-13 00:00:00+08:00,0.027000000700354576,0.02800000086426735,0.026000000536441803,0.027000000700354576,4012200,0.0,0.0
2021-10-14 00:00:00+08:00,0.027000000700354576,0.028999999165534973,0.027000000700354576,0.02800000086426735,23925000,0.0,0.0
2021-10-15 00:00:00+08:00,0.02800000086426735,0.028999999165534973,0.027000000700354576,0.027000000700354576,1410100,0.0,0.0
2021-10-18 00:00:00+08:00,0.027000000700354576,0.02800000086426735,0.026000000536441803,0.027000000700354576,7968700,0.0,0.0
2021-10-19 00:00:00+08:00,0.027000000700354576,0.027000000700354576,0.026000000536441803,0.027000000700354576,1500800,0.0,0.0
2021-10-20 00:00:00+08:00,0.026000000536441803,0.027000000700354576,0.026000000536441803,0.026000000536441803,2038900,0.0,0.0
2021-10-21 00:00:00+08:00,0.026000000536441803,0.027000000700354576,0.026000000536441803,0.026000000536441803,6638300,0.0,0.0
2021-10-22 00:00:00+08:00,0.026000000536441803,0.026000000536441803,0.026000000536441803,0.026000000536441803,859700,0.0,0.0
2021-10-25 00:00:00+08:00,0.026000000536441803,0.026000000536441803,0.02500000037252903,0.02500000037252903,230000,0.0,0.0
2021-10-26 00:00:00+08:00,0.026000000536441803,0.027000000700354576,0.02500000037252903,0.026000000536441803,7422100,0.0,0.0
2021-10-27 00:00:00+08:00,0.026000000536441803,0.026000000536441803,0.02500000037252903,0.02500000037252903,3000000,0.0,0.0
2021-10-28 00:00:00+08:00,0.026000000536441803,0.026000000536441803,0.026000000536441803,0.026000000536441803,642700,0.0,0.0
2021-10-29 00:00:00+08:00,0.026000000536441803,0.026000000536441803,0.02500000037252903,0.026000000536441803,2746200,0.0,0.0
2021-11-01 00:00:00+08:00,0.026000000536441803,0.026000000536441803,0.02500000037252903,0.02500000037252903,7646100,0.0,0.0
2021-11-02 00:00:00+08:00,0.02500000037252903,0.02500000037252903,0.024000000208616257,0.02500000037252903,4020600,0.0,0.0
2021-11-03 00:00:00+08:00,0.024000000208616257,0.02500000037252903,0.024000000208616257,0.024000000208616257,333000,0.0,0.0
2021-11-05 00:00:00+08:00,0.024000000208616257,0.024000000208616257,0.024000000208616257,0.024000000208616257,470000,0.0,0.0
2021-11-08 00:00:00+08:00,0.024000000208616257,0.02500000037252903,0.024000000208616257,0.024000000208616257,2242900,0.0,0.0
2021-11-09 00:00:00+08:00,0.024000000208616257,0.02500000037252903,0.024000000208616257,0.02500000037252903,454000,0.0,0.0
2021-11-10 00:00:00+08:00,0.02500000037252903,0.02500000037252903,0.024000000208616257,0.02500000037252903,8509300,0.0,0.0
2021-11-11 00:00:00+08:00,0.024000000208616257,0.024000000208616257,0.024000000208616257,0.024000000208616257,280000,0.0,0.0
2021-11-12 00:00:00+08:00,0.024000000208616257,0.02500000037252903,0.024000000208616257,0.02500000037252903,2680600,0.0,0.0
2021-11-15 00:00:00+08:00,0.024000000208616257,0.02500000037252903,0.024000000208616257,0.02500000037252903,100500,0.0,0.0
2021-11-16 00:00:00+08:00,0.023000000044703484,0.026000000536441803,0.023000000044703484,0.02500000037252903,14850400,0.0,0.0
2021-11-17 00:00:00+08:00,0.02500000037252903,0.026000000536441803,0.024000000208616257,0.024000000208616257,2431500,0.0,0.0
2021-11-18 00:00:00+08:00,0.024000000208616257,0.024000000208616257,0.024000000208616257,0.024000000208616257,630000,0.0,0.0
2021-11-19 00:00:00+08:00,0.024000000208616257,0.024000000208616257,0.024000000208616257,0.024000000208616257,500100,0.0,0.0
2021-11-22 00:00:00+08:00,0.02500000037252903,0.02500000037252903,0.023000000044703484,0.024000000208616257,888000,0.0,0.0
2021-11-23 00:00:00+08:00,0.023000000044703484,0.024000000208616257,0.023000000044703484,0.023000000044703484,3280100,0.0,0.0
2021-11-24 00:00:00+08:00,0.024000000208616257,0.024000000208616257,0.024000000208616257,0.024000000208616257,100,0.0,0.0
2021-11-25 00:00:00+08:00,0.024000000208616257,0.024000000208616257,0.023000000044703484,0.024000000208616257,940100,0.0,0.0
2021-11-26 00:00:00+08:00,0.02500000037252903,0.02500000037252903,0.02199999988079071,0.02199999988079071,5667300,0.0,0.0
2021-11-29 00:00:00+08:00,0.023000000044703484,0.023000000044703484,0.023000000044703484,0.023000000044703484,1306700,0.0,0.0
2021-11-30 00:00:00+08:00,0.023000000044703484,0.023000000044703484,0.02199999988079071,0.023000000044703484,916300,0.0,0.0
2021-12-01 00:00:00+08:00,0.023000000044703484,0.023000000044703484,0.02199999988079071,0.023000000044703484,1227100,0.0,0.0
2021-12-02 00:00:00+08:00,0.023000000044703484,0.023000000044703484,0.020999999716877937,0.02199999988079071,454200,0.0,0.0
2021-12-03 00:00:00+08:00,0.02199999988079071,0.023000000044703484,0.02199999988079071,0.02199999988079071,731400,0.0,0.0
2021-12-06 00:00:00+08:00,0.02199999988079071,0.023000000044703484,0.020999999716877937,0.020999999716877937,2161000,0.0,0.0
2021-12-07 00:00:00+08:00,0.023000000044703484,0.023000000044703484,0.023000000044703484,0.023000000044703484,2000,0.0,0.0
2021-12-08 00:00:00+08:00,0.023000000044703484,0.023000000044703484,0.02199999988079071,0.02199999988079071,115000,0.0,0.0
2021-12-09 00:00:00+08:00,0.02199999988079071,0.024000000208616257,0.02199999988079071,0.024000000208616257,11202500,0.0,0.0
2021-12-10 00:00:00+08:00,0.024000000208616257,0.02500000037252903,0.023000000044703484,0.024000000208616257,10194500,0.0,0.0
2021-12-13 00:00:00+08:00,0.023000000044703484,0.023000000044703484,0.023000000044703484,0.023000000044703484,2736300,0.0,0.0
2021-12-14 00:00:00+08:00,0.023000000044703484,0.023000000044703484,0.023000000044703484,0.023000000044703484,400000,0.0,0.0
2021-12-15 00:00:00+08:00,0.023000000044703484,0.023000000044703484,0.023000000044703484,0.023000000044703484,0,0.0,0.0
2021-12-16 00:00:00+08:00,0.02199999988079071,0.02199999988079071,0.02199999988079071,0.02199999988079071,162500,0.0,0.0
2021-12-17 00:00:00+08:00,0.023000000044703484,0.023000000044703484,0.02199999988079071,0.02199999988079071,1418100,0.0,0.0
2021-12-20 00:00:00+08:00,0.02199999988079071,0.02199999988079071,0.020999999716877937,0.02199999988079071,1322000,0.0,0.0
2021-12-21 00:00:00+08:00,0.020999999716877937,0.020999999716877937,0.020999999716877937,0.020999999716877937,213000,0.0,0.0
2021-12-22 00:00:00+08:00,0.024000000208616257,0.02500000037252903,0.023000000044703484,0.024000000208616257,18553600,0.0,0.0
2021-12-23 00:00:00+08:00,0.023000000044703484,0.024000000208616257,0.023000000044703484,0.024000000208616257,813700,0.0,0.0
2021-12-24 00:00:00+08:00,0.023000000044703484,0.023000000044703484,0.023000000044703484,0.023000000044703484,523600,0.0,0.0
2021-12-27 00:00:00+08:00,0.023000000044703484,0.02500000037252903,0.023000000044703484,0.024000000208616257,5531800,0.0,0.0
2021-12-28 00:00:00+08:00,0.024000000208616257,0.02500000037252903,0.024000000208616257,0.024000000208616257,4565500,0.0,0.0
2021-12-29 00:00:00+08:00,0.02500000037252903,0.026000000536441803,0.024000000208616257,0.02500000037252903,28904400,0.0,0.0
2021-12-30 00:00:00+08:00,0.02500000037252903,0.02500000037252903,0.024000000208616257,0.024000000208616257,900200,0.0,0.0
2021-12-31 00:00:00+08:00,0.024000000208616257,0.02500000037252903,0.024000000208616257,0.02500000037252903,200100,0.0,0.0
2022-01-03 00:00:00+08:00,0.024000000208616257,0.02500000037252903,0.024000000208616257,0.02500000037252903,181300,0.0,0.0
2022-01-04 00:00:00+08:00,0.02500000037252903,0.02500000037252903,0.024000000208616257,0.024000000208616257,5787300,0.0,0.0
2022-01-05 00:00:00+08:00,0.024000000208616257,0.024000000208616257,0.023000000044703484,0.024000000208616257,2903800,0.0,0.0
2022-01-06 00:00:00+08:00,0.023000000044703484,0.024000000208616257,0.02199999988079071,0.023000000044703484,4936600,0.0,0.0
2022-01-07 00:00:00+08:00,0.023000000044703484,0.023000000044703484,0.023000000044703484,0.023000000044703484,943600,0.0,0.0
2022-01-10 00:00:00+08:00,0.023000000044703484,0.023000000044703484,0.02199999988079071,0.02199999988079071,430000,0.0,0.0
2022-01-11 00:00:00+08:00,0.02199999988079071,0.023000000044703484,0.02199999988079071,0.023000000044703484,1572000,0.0,0.0
2022-01-12 00:00:00+08:00,0.023000000044703484,0.023000000044703484,0.02199999988079071,0.023000000044703484,1391100,0.0,0.0
2022-01-13 00:00:00+08:00,0.023000000044703484,0.023000000044703484,0.023000000044703484,0.023000000044703484,0,0.0,0.0
2022-01-14 00:00:00+08:00,0.023000000044703484,0.023000000044703484,0.02199999988079071,0.02199999988079071,946700,0.0,0.0
2022-01-17 00:00:00+08:00,0.02199999988079071,0.023000000044703484,0.02199999988079071,0.02199999988079071,1437600,0.0,0.0
2022-01-18 00:00:00+08:00,0.02199999988079071,0.023000000044703484,0.02199999988079071,0.023000000044703484,502100,0.0,0.0
2022-01-19 00:00:00+08:00,0.023000000044703484,0.023000000044703484,0.02199999988079071,0.023000000044703484,500300,0.0,0.0
2022-01-20 00:00:00+08:00,0.02199999988079071,0.023000000044703484,0.02199999988079071,0.023000000044703484,610800,0.0,0.0
2022-01-21 00:00:00+08:00,0.02199999988079071,0.023000000044703484,0.02199999988079071,0.02199999988079071,584200,0.0,0.0
2022-01-24 00:00:00+08:00,0.02199999988079071,0.023000000044703484,0.02199999988079071,0.02199999988079071,2219500,0.0,0.0
2022-01-25 00:00:00+08:00,0.02199999988079071,0.023000000044703484,0.020999999716877937,0.020999999716877937,4276900,0.0,0.0
2022-01-26 00:00:00+08:00,0.02199999988079071,0.023000000044703484,0.020999999716877937,0.02199999988079071,16926500,0.0,0.0
2022-01-27 00:00:00+08:00,0.020999999716877937,0.020999999716877937,0.020999999716877937,0.020999999716877937,1195000,0.0,0.0
2022-01-28 00:00:00+08:00,0.020999999716877937,0.02199999988079071,0.020999999716877937,0.02199999988079071,2697100,0.0,0.0
2022-01-31 00:00:00+08:00,0.020999999716877937,0.020999999716877937,0.020999999716877937,0.020999999716877937,1850900,0.0,0.0
2022-02-03 00:00:00+08:00,0.020999999716877937,0.02199999988079071,0.020999999716877937,0.020999999716877937,3537600,0.0,0.0
2022-02-04 00:00:00+08:00,0.020999999716877937,0.020999999716877937,0.020999999716877937,0.020999999716877937,703000,0.0,0.0
2022-02-07 00:00:00+08:00,0.020999999716877937,0.023000000044703484,0.020999999716877937,0.023000000044703484,3911100,0.0,0.0
2022-02-08 00:00:00+08:00,0.02199999988079071,0.024000000208616257,0.02199999988079071,0.024000000208616257,6142200,0.0,0.0
2022-02-09 00:00:00+08:00,0.024000000208616257,0.02500000037252903,0.023000000044703484,0.024000000208616257,10023000,0.0,0.0
2022-02-10 00:00:00+08:00,0.024000000208616257,0.024000000208616257,0.024000000208616257,0.024000000208616257,0,0.0,0.0
2022-02-11 00:00:00+08:00,0.023000000044703484,0.023000000044703484,0.02199999988079071,0.02199999988079071,3957000,0.0,0.0
2022-02-14 00:00:00+08:00,0.02199999988079071,0.023000000044703484,0.02199999988079071,0.02199999988079071,1532100,0.0,0.0
2022-02-15 00:00:00+08:00,0.02199999988079071,0.023000000044703484,0.02199999988079071,0.02199999988079071,1995000,0.0,0.0
2022-02-16 00:00:00+08:00,0.023000000044703484,0.023000000044703484,0.02199999988079071,0.023000000044703484,3905800,0.0,0.0
2022-02-17 00:00:00+08:00,0.023000000044703484,0.023000000044703484,0.023000000044703484,0.023000000044703484,200000,0.0,0.0
2022-02-18 00:00:00+08:00,0.02199999988079071,0.02199999988079071,0.02199999988079071,0.02199999988079071,100000,0.0,0.0
2022-02-21 00:00:00+08:00,0.02199999988079071,0.02199999988079071,0.02199999988079071,0.02199999988079071,400000,0.0,0.0
2022-02-22 00:00:00+08:00,0.02199999988079071,0.02199999988079071,0.02199999988079071,0.02199999988079071,2824500,0.0,0.0
2022-02-23 00:00:00+08:00,0.02199999988079071,0.02199999988079071,0.02199999988079071,0.02199999988079071,1450000,0.0,0.0
2022-02-24 00:00:00+08:00,0.020999999716877937,0.020999999716877937,0.020999999716877937,0.020999999716877937,2333600,0.0,0.0
2022-02-25 00:00:00+08:00,0.020999999716877937,0.020999999716877937,0.020999999716877937,0.020999999716877937,0,0.0,0.0
2022-02-28 00:00:00+08:00,0.019999999552965164,0.020999999716877937,0.019999999552965164,0.020999999716877937,832200,0.0,0.0
2022-03-01 00:00:00+08:00,0.020999999716877937,0.020999999716877937,0.020999999716877937,0.020999999716877937,518400,0.0,0.0
2022-03-02 00:00:00+08:00,0.020999999716877937,0.020999999716877937,0.019999999552965164,0.020999999716877937,517400,0.0,0.0
2022-03-03 00:00:00+08:00,0.020999999716877937,0.02199999988079071,0.020999999716877937,0.02199999988079071,2625800,0.0,0.0
2022-03-04 00:00:00+08:00,0.02199999988079071,0.02199999988079071,0.020999999716877937,0.020999999716877937,2461000,0.0,0.0
2022-03-07 00:00:00+08:00,0.02199999988079071,0.02199999988079071,0.020999999716877937,0.02199999988079071,432600,0.0,0.0
2022-03-08 00:00:00+08:00,0.02199999988079071,0.02199999988079071,0.020999999716877937,0.020999999716877937,641300,0.0,0.0
2022-03-09 00:00:00+08:00,0.020999999716877937,0.020999999716877937,0.020999999716877937,0.020999999716877937,155000,0.0,0.0
2022-03-10 00:00:00+08:00,0.02199999988079071,0.023000000044703484,0.020999999716877937,0.020999999716877937,1699100,0.0,0.0
2022-03-11 00:00:00+08:00,0.020999999716877937,0.020999999716877937,0.020999999716877937,0.020999999716877937,0,0.0,0.0
2022-03-14 00:00:00+08:00,0.020999999716877937,0.020999999716877937,0.020999999716877937,0.020999999716877937,1668900,0.0,0.0
2022-03-15 00:00:00+08:00,0.020999999716877937,0.020999999716877937,0.020999999716877937,0.020999999716877937,34600,0.0,0.0
2022-03-16 00:00:00+08:00,0.020999999716877937,0.020999999716877937,0.019999999552965164,0.020999999716877937,880100,0.0,0.0
2022-03-17 00:00:00+08:00,0.020999999716877937,0.020999999716877937,0.020999999716877937,0.020999999716877937,155000,0.0,0.0
2022-03-18 00:00:00+08:00,0.020999999716877937,0.02199999988079071,0.019999999552965164,0.02199999988079071,1030600,0.0,0.0
2022-03-21 00:00:00+08:00,0.02199999988079071,0.02199999988079071,0.02199999988079071,0.02199999988079071,0,0.0,0.0
2022-03-22 00:00:00+08:00,0.020999999716877937,0.02199999988079071,0.020999999716877937,0.02199999988079071,1348900,0.0,0.0
2022-03-23 00:00:00+08:00,0.02199999988079071,0.02199999988079071,0.02199999988079071,0.02199999988079071,0,0.0,0.0
2022-03-24 00:00:00+08:00,0.02199999988079071,0.023000000044703484,0.02199999988079071,0.023000000044703484,10612000,0.0,0.0
2022-03-25 00:00:00+08:00,0.023000000044703484,0.023000000044703484,0.02199999988079071,0.023000000044703484,1438500,0.0,0.0
2022-03-28 00:00:00+08:00,0.02199999988079071,0.02199999988079071,0.02199999988079071,0.02199999988079071,594600,0.0,0.0
2022-03-29 00:00:00+08:00,0.02199999988079071,0.02199999988079071,0.020999999716877937,0.02199999988079071,1529000,0.0,0.0
2022-03-30 00:00:00+08:00,0.02199999988079071,0.02199999988079071,0.02199999988079071,0.02199999988079071,2110500,0.0,0.0
2022-03-31 00:00:00+08:00,0.020999999716877937,0.020999999716877937,0.020999999716877937,0.020999999716877937,1294500,0.0,0.0
2022-04-01 00:00:00+08:00,0.02199999988079071,0.02199999988079071,0.020999999716877937,0.020999999716877937,181200,0.0,0.0
2022-04-04 00:00:00+08:00,0.02199999988079071,0.02199999988079071,0.020999999716877937,0.020999999716877937,3662900,0.0,0.0
2022-04-05 00:00:00+08:00,0.02199999988079071,0.02199999988079071,0.02199999988079071,0.02199999988079071,2468900,0.0,0.0
2022-04-06 00:00:00+08:00,0.02199999988079071,0.02199999988079071,0.02199999988079071,0.02199999988079071,1000000,0.0,0.0
2022-04-07 00:00:00+08:00,0.02199999988079071,0.02199999988079071,0.02199999988079071,0.02199999988079071,1000000,0.0,0.0
2022-04-08 00:00:00+08:00,0.02199999988079071,0.024000000208616257,0.02199999988079071,0.024000000208616257,7423000,0.0,0.0
2022-04-11 00:00:00+08:00,0.024000000208616257,0.024000000208616257,0.02199999988079071,0.023000000044703484,10608800,0.0,0.0
2022-04-12 00:00:00+08:00,0.023000000044703484,0.023000000044703484,0.02199999988079071,0.02199999988079071,372200,0.0,0.0
2022-04-13 00:00:00+08:00,0.02199999988079071,0.02199999988079071,0.02199999988079071,0.02199999988079071,200000,0.0,0.0
2022-04-14 00:00:00+08:00,0.02199999988079071,0.02199999988079071,0.02199999988079071,0.02199999988079071,100000,0.0,0.0
2022-04-18 00:00:00+08:00,0.02199999988079071,0.02199999988079071,0.02199999988079071,0.02199999988079071,800000,0.0,0.0
2022-04-19 00:00:00+08:00,0.02199999988079071,0.024000000208616257,0.02199999988079071,0.023000000044703484,8714500,0.0,0.0
2022-04-20 00:00:00+08:00,0.023000000044703484,0.023000000044703484,0.02199999988079071,0.023000000044703484,1057200,0.0,0.0
2022-04-21 00:00:00+08:00,0.023000000044703484,0.023000000044703484,0.02199999988079071,0.023000000044703484,285100,0.0,0.0
2022-04-22 00:00:00+08:00,0.02199999988079071,0.02199999988079071,0.02199999988079071,0.02199999988079071,350000,0.0,0.0
2022-04-25 00:00:00+08:00,0.02199999988079071,0.023000000044703484,0.02199999988079071,0.02199999988079071,4566800,0.0,0.0
2022-04-26 00:00:00+08:00,0.02199999988079071,0.02199999988079071,0.02199999988079071,0.02199999988079071,865000,0.0,0.0
2022-04-27 00:00:00+08:00,0.02199999988079071,0.02199999988079071,0.02199999988079071,0.02199999988079071,738900,0.0,0.0
2022-04-28 00:00:00+08:00,0.02199999988079071,0.02199999988079071,0.02199999988079071,0.02199999988079071,235000,0.0,0.0
2022-04-29 00:00:00+08:00,0.02199999988079071,0.02199999988079071,0.02199999988079071,0.02199999988079071,825000,0.0,0.0
2022-05-04 00:00:00+08:00,0.02199999988079071,0.02199999988079071,0.02199999988079071,0.02199999988079071,0,0.0,0.0
2022-05-05 00:00:00+08:00,0.02199999988079071,0.023000000044703484,0.020999999716877937,0.023000000044703484,2926000,0.0,0.0
2022-05-06 00:00:00+08:00,0.02199999988079071,0.02199999988079071,0.020999999716877937,0.020999999716877937,335000,0.0,0.0
2022-05-09 00:00:00+08:00,0.020999999716877937,0.020999999716877937,0.020999999716877937,0.020999999716877937,100000,0.0,0.0
2022-05-10 00:00:00+08:00,0.020999999716877937,0.020999999716877937,0.020999999716877937,0.020999999716877937,1139600,0.0,0.0
2022-05-11 00:00:00+08:00,0.020999999716877937,0.020999999716877937,0.020999999716877937,0.020999999716877937,20000,0.0,0.0
2022-05-12 00:00:00+08:00,0.020999999716877937,0.020999999716877937,0.020999999716877937,0.020999999716877937,400000,0.0,0.0
2022-05-13 00:00:00+08:00,0.020999999716877937,0.020999999716877937,0.020999999716877937,0.020999999716877937,2700000,0.0,0.0
2022-05-17 00:00:00+08:00,0.020999999716877937,0.020999999716877937,0.020999999716877937,0.020999999716877937,800000,0.0,0.0
2022-05-18 00:00:00+08:00,0.020999999716877937,0.020999999716877937,0.020999999716877937,0.020999999716877937,100000,0.0,0.0
2022-05-19 00:00:00+08:00,0.020999999716877937,0.020999999716877937,0.019999999552965164,0.019999999552965164,208000,0.0,0.0
2022-05-20 00:00:00+08:00,0.020999999716877937,0.026000000536441803,0.020999999716877937,0.023000000044703484,16341500,0.0,0.0
2022-05-23 00:00:00+08:00,0.023000000044703484,0.023000000044703484,0.02199999988079071,0.02199999988079071,828800,0.0,0.0
2022-05-24 00:00:00+08:00,0.02199999988079071,0.02199999988079071,0.02199999988079071,0.02199999988079071,851200,0.0,0.0
2022-05-25 00:00:00+08:00,0.02199999988079071,0.02199999988079071,0.02199999988079071,0.02199999988079071,538000,0.0,0.0
2022-05-26 00:00:00+08:00,0.02199999988079071,0.02199999988079071,0.020999999716877937,0.02199999988079071,3150800,0.0,0.0
2022-05-27 00:00:00+08:00,0.02199999988079071,0.023000000044703484,0.020999999716877937,0.023000000044703484,1120300,0.0,0.0
2022-05-30 00:00:00+08:00,0.023000000044703484,0.023000000044703484,0.02199999988079071,0.02199999988079071,49800,0.0,0.0
2022-05-31 00:00:00+08:00,0.02199999988079071,0.024000000208616257,0.02199999988079071,0.023000000044703484,2230400,0.0,0.0
2022-06-01 00:00:00+08:00,0.023000000044703484,0.02500000037252903,0.023000000044703484,0.023000000044703484,14291100,0.0,0.0
2022-06-02 00:00:00+08:00,0.023000000044703484,0.023000000044703484,0.02199999988079071,0.02199999988079071,234200,0.0,0.0
2022-06-03 00:00:00+08:00,0.023000000044703484,0.023000000044703484,0.02199999988079071,0.02199999988079071,278500,0.0,0.0
2022-06-06 00:00:00+08:00,0.02199999988079071,0.02199999988079071,0.02199999988079071,0.02199999988079071,502000,0.0,0.0
2022-06-07 00:00:00+08:00,0.02199999988079071,0.023000000044703484,0.02199999988079071,0.02199999988079071,1624700,0.0,0.0
2022-06-08 00:00:00+08:00,0.024000000208616257,0.02500000037252903,0.023000000044703484,0.023000000044703484,9601700,0.0,0.0
2022-06-09 00:00:00+08:00,0.023000000044703484,0.023000000044703484,0.023000000044703484,0.023000000044703484,3222000,0.0,0.0
2022-06-10 00:00:00+08:00,0.023000000044703484,0.024000000208616257,0.023000000044703484,0.024000000208616257,2162900,0.0,0.0
2022-06-13 00:00:00+08:00,0.023000000044703484,0.023000000044703484,0.023000000044703484,0.023000000044703484,1406300,0.0,0.0
2022-06-14 00:00:00+08:00,0.023000000044703484,0.024000000208616257,0.023000000044703484,0.023000000044703484,2499000,0.0,0.0
2022-06-15 00:00:00+08:00,0.023000000044703484,0.024000000208616257,0.023000000044703484,0.023000000044703484,2402100,0.0,0.0
2022-06-16 00:00:00+08:00,0.023000000044703484,0.023000000044703484,0.02199999988079071,0.02199999988079071,1928700,0.0,0.0
2022-06-17 00:00:00+08:00,0.02199999988079071,0.02199999988079071,0.02199999988079071,0.02199999988079071,315000,0.0,0.0
2022-06-20 00:00:00+08:00,0.02199999988079071,0.02199999988079071,0.02199999988079071,0.02199999988079071,1817100,0.0,0.0
2022-06-21 00:00:00+08:00,0.02199999988079071,0.023000000044703484,0.02199999988079071,0.023000000044703484,500100,0.0,0.0
2022-06-22 00:00:00+08:00,0.02199999988079071,0.023000000044703484,0.020999999716877937,0.02199999988079071,1210200,0.0,0.0
2022-06-23 00:00:00+08:00,0.02199999988079071,0.02199999988079071,0.02199999988079071,0.02199999988079071,0,0.0,0.0
2022-06-24 00:00:00+08:00,0.02199999988079071,0.02199999988079071,0.02199999988079071,0.02199999988079071,0,0.0,0.0
2022-06-27 00:00:00+08:00,0.02199999988079071,0.02199999988079071,0.02199999988079071,0.02199999988079071,0,0.0,0.0
2022-06-28 00:00:00+08:00,0.02199999988079071,0.023000000044703484,0.02199999988079071,0.023000000044703484,1500000,0.0,0.0
2022-06-29 00:00:00+08:00,0.023000000044703484,0.024000000208616257,0.02199999988079071,0.023000000044703484,3294100,0.0,0.0
2022-06-30 00:00:00+08:00,0.023000000044703484,0.023000000044703484,0.02199999988079071,0.02199999988079071,310200,0.0,0.0
2022-07-01 00:00:00+08:00,0.02199999988079071,0.02199999988079071,0.02199999988079071,0.02199999988079071,600000,0.0,0.0
2022-07-04 00:00:00+08:00,0.02199999988079071,0.02199999988079071,0.02199999988079071,0.02199999988079071,145000,0.0,0.0
2022-07-05 00:00:00+08:00,0.02199999988079071,0.02199999988079071,0.02199999988079071,0.02199999988079071,1200000,0.0,0.0
2022-07-06 00:00:00+08:00,0.02199999988079071,0.02199999988079071,0.02199999988079071,0.02199999988079071,536800,0.0,0.0
2022-07-07 00:00:00+08:00,0.02199999988079071,0.02199999988079071,0.020999999716877937,0.02199999988079071,1950200,0.0,0.0
2022-07-08 00:00:00+08:00,0.02199999988079071,0.02199999988079071,0.02199999988079071,0.02199999988079071,200000,0.0,0.0
2022-07-12 00:00:00+08:00,0.02199999988079071,0.02199999988079071,0.02199999988079071,0.02199999988079071,449000,0.0,0.0
2022-07-13 00:00:00+08:00,0.02199999988079071,0.023000000044703484,0.02199999988079071,0.023000000044703484,260000,0.0,0.0
2022-07-14 00:00:00+08:00,0.023000000044703484,0.023000000044703484,0.023000000044703484,0.023000000044703484,0,0.0,0.0
2022-07-15 00:00:00+08:00,0.023000000044703484,0.023000000044703484,0.023000000044703484,0.023000000044703484,0,0.0,0.0
2022-07-18 00:00:00+08:00,0.020999999716877937,0.02199999988079071,0.020999999716877937,0.02199999988079071,409900,0.0,0.0
2022-07-19 00:00:00+08:00,0.02199999988079071,0.02199999988079071,0.02199999988079071,0.02199999988079071,0,0.0,0.0
2022-07-20 00:00:00+08:00,0.023000000044703484,0.023000000044703484,0.02199999988079071,0.02199999988079071,810200,0.0,0.0
2022-07-21 00:00:00+08:00,0.02199999988079071,0.023000000044703484,0.020999999716877937,0.023000000044703484,470100,0.0,0.0
2022-07-22 00:00:00+08:00,0.023000000044703484,0.023000000044703484,0.023000000044703484,0.023000000044703484,1000,0.0,0.0
2022-07-25 00:00:00+08:00,0.023000000044703484,0.023000000044703484,0.023000000044703484,0.023000000044703484,0,0.0,0.0
2022-07-26 00:00:00+08:00,0.020999999716877937,0.023000000044703484,0.020999999716877937,0.02199999988079071,715300,0.0,0.0
2022-07-27 00:00:00+08:00,0.02199999988079071,0.02199999988079071,0.02199999988079071,0.02199999988079071,365000,0.0,0.0
2022-07-28 00:00:00+08:00,0.02199999988079071,0.02199999988079071,0.02199999988079071,0.02199999988079071,0,0.0,0.0
2022-07-29 00:00:00+08:00,0.02199999988079071,0.02199999988079071,0.02199999988079071,0.02199999988079071,0,0.0,0.0
2022-08-01 00:00:00+08:00,0.02199999988079071,0.02199999988079071,0.02199999988079071,0.02199999988079071,0,0.0,0.0
2022-08-02 00:00:00+08:00,0.02199999988079071,0.023000000044703484,0.02199999988079071,0.023000000044703484,593600,0.0,0.0
2022-08-03 00:00:00+08:00,0.023000000044703484,0.023000000044703484,0.023000000044703484,0.023000000044703484,1184000,0.0,0.0
2022-08-04 00:00:00+08:00,0.02199999988079071,0.02500000037252903,0.02199999988079071,0.024000000208616257,11192800,0.0,0.0
2022-08-05 00:00:00+08:00,0.024000000208616257,0.026000000536441803,0.023000000044703484,0.02500000037252903,25210700,0.0,0.0
2022-08-08 00:00:00+08:00,0.02500000037252903,0.02500000037252903,0.024000000208616257,0.024000000208616257,2045000,0.0,0.0
2022-08-10 00:00:00+08:00,0.024000000208616257,0.024000000208616257,0.024000000208616257,0.024000000208616257,4003400,0.0,0.0
2022-08-11 00:00:00+08:00,0.024000000208616257,0.026000000536441803,0.024000000208616257,0.024000000208616257,13477900,0.0,0.0
2022-08-12 00:00:00+08:00,0.024000000208616257,0.024000000208616257,0.023000000044703484,0.023000000044703484,5520200,0.0,0.0
2022-08-15 00:00:00+08:00,0.024000000208616257,0.02500000037252903,0.024000000208616257,0.024000000208616257,9675400,0.0,0.0
2022-08-16 00:00:00+08:00,0.023000000044703484,0.024000000208616257,0.023000000044703484,0.024000000208616257,1637800,0.0,0.0
2022-08-17 00:00:00+08:00,0.023000000044703484,0.024000000208616257,0.023000000044703484,0.023000000044703484,5449900,0.0,0.0
2022-08-18 00:00:00+08:00,0.023000000044703484,0.023000000044703484,0.023000000044703484,0.023000000044703484,609900,0.0,0.0
2022-08-19 00:00:00+08:00,0.024000000208616257,0.024000000208616257,0.023000000044703484,0.023000000044703484,1107000,0.0,0.0
2022-08-22 00:00:00+08:00,0.023000000044703484,0.024000000208616257,0.023000000044703484,0.023000000044703484,1838200,0.0,0.0
2022-08-23 00:00:00+08:00,0.024000000208616257,0.02500000037252903,0.024000000208616257,0.02500000037252903,6590600,0.0,0.0
2022-08-24 00:00:00+08:00,0.024000000208616257,0.02500000037252903,0.024000000208616257,0.024000000208616257,1588100,0.0,0.0
2022-08-25 00:00:00+08:00,0.02500000037252903,0.026000000536441803,0.02500000037252903,0.026000000536441803,9945000,0.0,0.0
2022-08-26 00:00:00+08:00,0.029999999329447746,0.03099999949336052,0.027000000700354576,0.02800000086426735,43806000,0.0,0.0
2022-08-29 00:00:00+08:00,0.027000000700354576,0.02800000086426735,0.027000000700354576,0.027000000700354576,10968800,0.0,0.0
2022-08-30 00:00:00+08:00,0.027000000700354576,0.027000000700354576,0.026000000536441803,0.027000000700354576,2161000,0.0,0.0
2022-08-31 00:00:00+08:00,0.027000000700354576,0.028999999165534973,0.027000000700354576,0.027000000700354576,19157700,0.0,0.0
2022-09-01 00:00:00+08:00,0.027000000700354576,0.02800000086426735,0.027000000700354576,0.027000000700354576,11762700,0.0,0.0
2022-09-02 00:00:00+08:00,0.027000000700354576,0.027000000700354576,0.027000000700354576,0.027000000700354576,4715200,0.0,0.0
2022-09-05 00:00:00+08:00,0.027000000700354576,0.027000000700354576,0.027000000700354576,0.027000000700354576,3165000,0.0,0.0
2022-09-06 00:00:00+08:00,0.027000000700354576,0.02800000086426735,0.027000000700354576,0.02800000086426735,7233000,0.0,0.0
2022-09-07 00:00:00+08:00,0.027000000700354576,0.027000000700354576,0.026000000536441803,0.026000000536441803,2753400,0.0,0.0
2022-09-08 00:00:00+08:00,0.027000000700354576,0.02800000086426735,0.026000000536441803,0.02800000086426735,3711000,0.0,0.0
2022-09-09 00:00:00+08:00,0.02800000086426735,0.02800000086426735,0.02800000086426735,0.02800000086426735,120000,0.0,0.0
2022-09-12 00:00:00+08:00,0.02800000086426735,0.02800000086426735,0.027000000700354576,0.027000000700354576,1275100,0.0,0.0
2022-09-13 00:00:00+08:00,0.027000000700354576,0.027000000700354576,0.027000000700354576,0.027000000700354576,700000,0.0,0.0
2022-09-14 00:00:00+08:00,0.027000000700354576,0.027000000700354576,0.027000000700354576,0.027000000700354576,830000,0.0,0.0
2022-09-15 00:00:00+08:00,0.027000000700354576,0.027000000700354576,0.026000000536441803,0.027000000700354576,2970100,0.0,0.0
2022-09-16 00:00:00+08:00,0.027000000700354576,0.027000000700354576,0.027000000700354576,0.027000000700354576,1380200,0.0,0.0
2022-09-19 00:00:00+08:00,0.027000000700354576,0.027000000700354576,0.027000000700354576,0.027000000700354576,500000,0.0,0.0
2022-09-20 00:00:00+08:00,0.027000000700354576,0.027000000700354576,0.026000000536441803,0.026000000536441803,700000,0.0,0.0
2022-09-21 00:00:00+08:00,0.026000000536441803,0.02800000086426735,0.026000000536441803,0.026000000536441803,9025300,0.0,0.0
2022-09-22 00:00:00+08:00,0.026000000536441803,0.026000000536441803,0.026000000536441803,0.026000000536441803,60000,0.0,0.0
2022-09-23 00:00:00+08:00,0.026000000536441803,0.026000000536441803,0.026000000536441803,0.026000000536441803,312000,0.0,0.0
2022-09-26 00:00:00+08:00,0.026000000536441803,0.026000000536441803,0.024000000208616257,0.02500000037252903,3671300,0.0,0.0
2022-09-27 00:00:00+08:00,0.024000000208616257,0.026000000536441803,0.024000000208616257,0.026000000536441803,3240300,0.0,0.0
2022-09-28 00:00:00+08:00,0.02500000037252903,0.02500000037252903,0.023000000044703484,0.024000000208616257,2811900,0.0,0.0
2022-09-29 00:00:00+08:00,0.024000000208616257,0.024000000208616257,0.024000000208616257,0.024000000208616257,0,0.0,0.0
2022-09-30 00:00:00+08:00,0.023000000044703484,0.023000000044703484,0.023000000044703484,0.023000000044703484,1320000,0.0,0.0
2022-10-03 00:00:00+08:00,0.024000000208616257,0.024000000208616257,0.023000000044703484,0.023000000044703484,2243000,0.0,0.0
2022-10-04 00:00:00+08:00,0.023000000044703484,0.024000000208616257,0.023000000044703484,0.024000000208616257,2554900,0.0,0.0
2022-10-05 00:00:00+08:00,0.024000000208616257,0.02500000037252903,0.023000000044703484,0.024000000208616257,6321800,0.0,0.0
2022-10-06 00:00:00+08:00,0.024000000208616257,0.02500000037252903,0.024000000208616257,0.02500000037252903,1002400,0.0,0.0
2022-10-07 00:00:00+08:00,0.023000000044703484,0.023000000044703484,0.023000000044703484,0.023000000044703484,99000,0.0,0.0
2022-10-10 00:00:00+08:00,0.023000000044703484,0.023000000044703484,0.023000000044703484,0.023000000044703484,300000,0.0,0.0
2022-10-11 00:00:00+08:00,0.023000000044703484,0.023000000044703484,0.023000000044703484,0.023000000044703484,1861400,0.0,0.0
2022-10-12 00:00:00+08:00,0.023000000044703484,0.023000000044703484,0.023000000044703484,0.023000000044703484,330000,0.0,0.0
2022-10-13 00:00:00+08:00,0.023000000044703484,0.023000000044703484,0.023000000044703484,0.023000000044703484,1963000,0.0,0.0
2022-10-14 00:00:00+08:00,0.023000000044703484,0.023000000044703484,0.023000000044703484,0.023000000044703484,250000,0.0,0.0
2022-10-17 00:00:00+08:00,0.02199999988079071,0.02199999988079071,0.02199999988079071,0.02199999988079071,150000,0.0,0.0
2022-10-18 00:00:00+08:00,0.023000000044703484,0.023000000044703484,0.02199999988079071,0.023000000044703484,100100,0.0,0.0
2022-10-19 00:00:00+08:00,0.023000000044703484,0.023000000044703484,0.02199999988079071,0.023000000044703484,1415000,0.0,0.0
2022-10-20 00:00:00+08:00,0.023000000044703484,0.023000000044703484,0.023000000044703484,0.023000000044703484,0,0.0,0.0
2022-10-21 00:00:00+08:00,0.023000000044703484,0.024000000208616257,0.02199999988079071,0.023000000044703484,604100,0.0,0.0
2022-10-25 00:00:00+08:00,0.02199999988079071,0.02500000037252903,0.02199999988079071,0.024000000208616257,49200,0.0,0.0
2022-10-26 00:00:00+08:00,0.024000000208616257,0.024000000208616257,0.024000000208616257,0.024000000208616257,0,0.0,0.0
2022-10-27 00:00:00+08:00,0.023000000044703484,0.023000000044703484,0.023000000044703484,0.023000000044703484,304000,0.0,0.0
2022-10-28 00:00:00+08:00,0.023000000044703484,0.024000000208616257,0.023000000044703484,0.024000000208616257,303000,0.0,0.0
2022-10-31 00:00:00+08:00,0.02199999988079071,0.023000000044703484,0.02199999988079071,0.023000000044703484,1373000,0.0,0.0
2022-11-01 00:00:00+08:00,0.023000000044703484,0.023000000044703484,0.023000000044703484,0.023000000044703484,0,0.0,0.0
2022-11-02 00:00:00+08:00,0.023000000044703484,0.023000000044703484,0.023000000044703484,0.023000000044703484,52000,0.0,0.0
2022-11-03 00:00:00+08:00,0.023000000044703484,0.023000000044703484,0.023000000044703484,0.023000000044703484,0,0.0,0.0
2022-11-04 00:00:00+08:00,0.023000000044703484,0.023000000044703484,0.023000000044703484,0.023000000044703484,0,0.0,0.0
2022-11-07 00:00:00+08:00,0.023000000044703484,0.023000000044703484,0.023000000044703484,0.023000000044703484,0,0.0,0.0
2022-11-08 00:00:00+08:00,0.023000000044703484,0.023000000044703484,0.02199999988079071,0.02199999988079071,1220000,0.0,0.0
2022-11-09 00:00:00+08:00,0.02199999988079071,0.02199999988079071,0.02199999988079071,0.02199999988079071,0,0.0,0.0
2022-11-10 00:00:00+08:00,0.02199999988079071,0.023000000044703484,0.02199999988079071,0.023000000044703484,1420000,0.0,0.0
2022-11-11 00:00:00+08:00,0.023000000044703484,0.024000000208616257,0.023000000044703484,0.023000000044703484,2293500,0.0,0.0
2022-11-14 00:00:00+08:00,0.023000000044703484,0.023000000044703484,0.023000000044703484,0.023000000044703484,0,0.0,0.0
2022-11-15 00:00:00+08:00,0.023000000044703484,0.023000000044703484,0.023000000044703484,0.023000000044703484,500000,0.0,0.0
2022-11-16 00:00:00+08:00,0.023000000044703484,0.023000000044703484,0.023000000044703484,0.023000000044703484,0,0.0,0.0
2022-11-17 00:00:00+08:00,0.023000000044703484,0.023000000044703484,0.023000000044703484,0.023000000044703484,0,0.0,0.0
2022-11-18 00:00:00+08:00,0.023000000044703484,0.023000000044703484,0.023000000044703484,0.023000000044703484,600000,0.0,0.0
2022-11-21 00:00:00+08:00,0.023000000044703484,0.023000000044703484,0.023000000044703484,0.023000000044703484,0,0.0,0.0
2022-11-22 00:00:00+08:00,0.02199999988079071,0.023000000044703484,0.02199999988079071,0.023000000044703484,895000,0.0,0.0
2022-11-23 00:00:00+08:00,0.023000000044703484,0.023000000044703484,0.023000000044703484,0.023000000044703484,149000,0.0,0.0
2022-11-24 00:00:00+08:00,0.02199999988079071,0.02199999988079071,0.02199999988079071,0.02199999988079071,5000,0.0,0.0
2022-11-25 00:00:00+08:00,0.02199999988079071,0.02199999988079071,0.02199999988079071,0.02199999988079071,0,0.0,0.0
2022-11-28 00:00:00+08:00,0.02199999988079071,0.02199999988079071,0.02199999988079071,0.02199999988079071,0,0.0,0.0
2022-11-29 00:00:00+08:00,0.02199999988079071,0.02199999988079071,0.02199999988079071,0.02199999988079071,0,0.0,0.0
2022-11-30 00:00:00+08:00,0.023000000044703484,0.023000000044703484,0.023000000044703484,0.023000000044703484,80000,0.0,0.0
2022-12-01 00:00:00+08:00,0.023000000044703484,0.024000000208616257,0.023000000044703484,0.024000000208616257,1911400,0.0,0.0
2022-12-02 00:00:00+08:00,0.024000000208616257,0.024000000208616257,0.024000000208616257,0.024000000208616257,0,0.0,0.0
2022-12-05 00:00:00+08:00,0.024000000208616257,0.024000000208616257,0.024000000208616257,0.024000000208616257,80000,0.0,0.0
2022-12-06 00:00:00+08:00,0.024000000208616257,0.024000000208616257,0.023000000044703484,0.024000000208616257,350100,0.0,0.0
2022-12-07 00:00:00+08:00,0.024000000208616257,0.024000000208616257,0.024000000208616257,0.024000000208616257,911800,0.0,0.0
2022-12-08 00:00:00+08:00,0.024000000208616257,0.024000000208616257,0.024000000208616257,0.024000000208616257,0,0.0,0.0
2022-12-09 00:00:00+08:00,0.024000000208616257,0.024000000208616257,0.024000000208616257,0.024000000208616257,0,0.0,0.0
2022-12-12 00:00:00+08:00,0.023000000044703484,0.023000000044703484,0.023000000044703484,0.023000000044703484,42000,0.0,0.0
2022-12-13 00:00:00+08:00,0.02500000037252903,0.02500000037252903,0.02500000037252903,0.02500000037252903,100,0.0,0.0
2022-12-14 00:00:00+08:00,0.02500000037252903,0.02500000037252903,0.02500000037252903,0.02500000037252903,0,0.0,0.0
2022-12-15 00:00:00+08:00,0.023000000044703484,0.02500000037252903,0.023000000044703484,0.02500000037252903,280100,0.0,0.0
2022-12-16 00:00:00+08:00,0.02500000037252903,0.02500000037252903,0.02500000037252903,0.02500000037252903,0,0.0,0.0
2022-12-19 00:00:00+08:00,0.023000000044703484,0.023000000044703484,0.023000000044703484,0.023000000044703484,8000,0.0,0.0
2022-12-20 00:00:00+08:00,0.023000000044703484,0.023000000044703484,0.023000000044703484,0.023000000044703484,0,0.0,0.0
2022-12-21 00:00:00+08:00,0.023000000044703484,0.023000000044703484,0.023000000044703484,0.023000000044703484,0,0.0,0.0
2022-12-22 00:00:00+08:00,0.023000000044703484,0.023000000044703484,0.023000000044703484,0.023000000044703484,0,0.0,0.0
2022-12-23 00:00:00+08:00,0.023000000044703484,0.023000000044703484,0.023000000044703484,0.023000000044703484,0,0.0,0.0
2022-12-27 00:00:00+08:00,0.023000000044703484,0.023000000044703484,0.023000000044703484,0.023000000044703484,5000,0.0,0.0
2022-12-28 00:00:00+08:00,0.024000000208616257,0.024000000208616257,0.024000000208616257,0.024000000208616257,500000,0.0,0.0
2022-12-29 00:00:00+08:00,0.024000000208616257,0.02500000037252903,0.024000000208616257,0.024000000208616257,1275600,0.0,0.0
2022-12-30 00:00:00+08:00,0.024000000208616257,0.024000000208616257,0.024000000208616257,0.024000000208616257,412100,0.0,0.0
2023-01-03 00:00:00+08:00,0.024000000208616257,0.024000000208616257,0.024000000208616257,0.024000000208616257,600000,0.0,0.0
2023-01-04 00:00:00+08:00,0.024000000208616257,0.024000000208616257,0.024000000208616257,0.024000000208616257,0,0.0,0.0
2023-01-05 00:00:00+08:00,0.02500000037252903,0.026000000536441803,0.02500000037252903,0.02500000037252903,850400,0.0,0.0
2023-01-06 00:00:00+08:00,0.02500000037252903,0.026000000536441803,0.02500000037252903,0.026000000536441803,868000,0.0,0.0
2023-01-09 00:00:00+08:00,0.026000000536441803,0.026000000536441803,0.02500000037252903,0.026000000536441803,666600,0.0,0.0
2023-01-10 00:00:00+08:00,0.02500000037252903,0.02500000037252903,0.02500000037252903,0.02500000037252903,256800,0.0,0.0
2023-01-11 00:00:00+08:00,0.024000000208616257,0.02500000037252903,0.024000000208616257,0.02500000037252903,435000,0.0,0.0
2023-01-12 00:00:00+08:00,0.02500000037252903,0.02500000037252903,0.02500000037252903,0.02500000037252903,300000,0.0,0.0
2023-01-13 00:00:00+08:00,0.02500000037252903,0.02500000037252903,0.02500000037252903,0.02500000037252903,300000,0.0,0.0
2023-01-16 00:00:00+08:00,0.02500000037252903,0.02500000037252903,0.02500000037252903,0.02500000037252903,661600,0.0,0.0
2023-01-17 00:00:00+08:00,0.02500000037252903,0.026000000536441803,0.02500000037252903,0.02500000037252903,210100,0.0,0.0
2023-01-18 00:00:00+08:00,0.024000000208616257,0.02500000037252903,0.024000000208616257,0.02500000037252903,911600,0.0,0.0
2023-01-19 00:00:00+08:00,0.02500000037252903,0.02500000037252903,0.02500000037252903,0.02500000037252903,20000,0.0,0.0
2023-01-20 00:00:00+08:00,0.024000000208616257,0.024000000208616257,0.024000000208616257,0.024000000208616257,511600,0.0,0.0
2023-01-25 00:00:00+08:00,0.024000000208616257,0.024000000208616257,0.024000000208616257,0.024000000208616257,0,0.0,0.0
2023-01-26 00:00:00+08:00,0.024000000208616257,0.024000000208616257,0.024000000208616257,0.024000000208616257,100000,0.0,0.0
2023-01-27 00:00:00+08:00,0.02500000037252903,0.02800000086426735,0.02500000037252903,0.026000000536441803,6220700,0.0,0.0
2023-01-30 00:00:00+08:00,0.026000000536441803,0.02800000086426735,0.026000000536441803,0.026000000536441803,1430000,0.0,0.0
2023-01-31 00:00:00+08:00,0.026000000536441803,0.027000000700354576,0.02500000037252903,0.026000000536441803,375000,0.0,0.0
2023-02-01 00:00:00+08:00,0.026000000536441803,0.026000000536441803,0.026000000536441803,0.026000000536441803,0,0.0,0.0
2023-02-02 00:00:00+08:00,0.02500000037252903,0.026000000536441803,0.02500000037252903,0.02500000037252903,1487400,0.0,0.0
2023-02-03 00:00:00+08:00,0.02500000037252903,0.026000000536441803,0.02500000037252903,0.02500000037252903,1186000,0.0,0.0
2023-02-06 00:00:00+08:00,0.026000000536441803,0.026000000536441803,0.026000000536441803,0.026000000536441803,798200,0.0,0.0
2023-02-07 00:00:00+08:00,0.027000000700354576,0.02800000086426735,0.026000000536441803,0.027000000700354576,2369500,0.0,0.0
2023-02-08 00:00:00+08:00,0.027000000700354576,0.02800000086426735,0.027000000700354576,0.027000000700354576,1440200,0.0,0.0
2023-02-09 00:00:00+08:00,0.02800000086426735,0.02800000086426735,0.026000000536441803,0.027000000700354576,325200,0.0,0.0
2023-02-10 00:00:00+08:00,0.027000000700354576,0.027000000700354576,0.02500000037252903,0.02500000037252903,5763000,0.0,0.0
2023-02-13 00:00:00+08:00,0.02500000037252903,0.02500000037252903,0.024000000208616257,0.02500000037252903,2621100,0.0,0.0
2023-02-14 00:00:00+08:00,0.024000000208616257,0.024000000208616257,0.023000000044703484,0.023000000044703484,13239300,0.0,0.0
2023-02-15 00:00:00+08:00,0.023000000044703484,0.023000000044703484,0.023000000044703484,0.023000000044703484,225000,0.0,0.0
2023-02-16 00:00:00+08:00,0.023000000044703484,0.024000000208616257,0.023000000044703484,0.023000000044703484,7881900,0.0,0.0
2023-02-17 00:00:00+08:00,0.023000000044703484,0.023000000044703484,0.02199999988079071,0.023000000044703484,9154100,0.0,0.0
2023-02-20 00:00:00+08:00,0.023000000044703484,0.023000000044703484,0.02199999988079071,0.023000000044703484,871800,0.0,0.0
2023-02-21 00:00:00+08:00,0.02199999988079071,0.02199999988079071,0.02199999988079071,0.02199999988079071,5183100,0.0,0.0
2023-02-22 00:00:00+08:00,0.02199999988079071,0.023000000044703484,0.020999999716877937,0.020999999716877937,3051500,0.0,0.0
2023-02-23 00:00:00+08:00,0.02199999988079071,0.02199999988079071,0.020999999716877937,0.020999999716877937,2570500,0.0,0.0
2023-02-24 00:00:00+08:00,0.020999999716877937,0.02199999988079071,0.020999999716877937,0.020999999716877937,771300,0.0,0.0
2023-02-27 00:00:00+08:00,0.020999999716877937,0.020999999716877937,0.020999999716877937,0.020999999716877937,0,0.0,0.0
2023-02-28 00:00:00+08:00,0.02199999988079071,0.02199999988079071,0.020999999716877937,0.020999999716877937,1080000,0.0,0.0
2023-03-01 00:00:00+08:00,0.020999999716877937,0.02199999988079071,0.020999999716877937,0.020999999716877937,1199200,0.0,0.0
2023-03-02 00:00:00+08:00,0.02199999988079071,0.02199999988079071,0.020999999716877937,0.020999999716877937,520000,0.0,0.0
2023-03-03 00:00:00+08:00,0.020999999716877937,0.02199999988079071,0.020999999716877937,0.02199999988079071,251900,0.0,0.0
2023-03-06 00:00:00+08:00,0.020999999716877937,0.02199999988079071,0.019999999552965164,0.02199999988079071,1092000,0.0,0.0
2023-03-07 00:00:00+08:00,0.020999999716877937,0.02199999988079071,0.020999999716877937,0.02199999988079071,568000,0.0,0.0
2023-03-08 00:00:00+08:00,0.020999999716877937,0.02199999988079071,0.020999999716877937,0.02199999988079071,360400,0.0,0.0
2023-03-09 00:00:00+08:00,0.020999999716877937,0.020999999716877937,0.020999999716877937,0.020999999716877937,5000,0.0,0.0
2023-03-10 00:00:00+08:00,0.020999999716877937,0.020999999716877937,0.020999999716877937,0.020999999716877937,0,0.0,0.0
2023-03-13 00:00:00+08:00,0.020999999716877937,0.020999999716877937,0.020999999716877937,0.020999999716877937,1149000,0.0,0.0
2023-03-14 00:00:00+08:00,0.020999999716877937,0.020999999716877937,0.020999999716877937,0.020999999716877937,320000,0.0,0.0
2023-03-15 00:00:00+08:00,0.020999999716877937,0.020999999716877937,0.020999999716877937,0.020999999716877937,0,0.0,0.0
2023-03-16 00:00:00+08:00,0.020999999716877937,0.020999999716877937,0.020999999716877937,0.020999999716877937,0,0.0,0.0
2023-03-17 00:00:00+08:00,0.020999999716877937,0.020999999716877937,0.020999999716877937,0.020999999716877937,546000,0.0,0.0
2023-03-20 00:00:00+08:00,0.020999999716877937,0.020999999716877937,0.019999999552965164,0.019999999552965164,205000,0.0,0.0
2023-03-21 00:00:00+08:00,0.020999999716877937,0.020999999716877937,0.020999999716877937,0.020999999716877937,100000,0.0,0.0
2023-03-22 00:00:00+08:00,0.020999999716877937,0.02199999988079071,0.020999999716877937,0.02199999988079071,678800,0.0,0.0
2023-03-23 00:00:00+08:00,0.020999999716877937,0.02199999988079071,0.020999999716877937,0.02199999988079071,1000100,0.0,0.0
2023-03-24 00:00:00+08:00,0.020999999716877937,0.020999999716877937,0.020999999716877937,0.020999999716877937,450000,0.0,0.0
2023-03-27 00:00:00+08:00,0.019999999552965164,0.02199999988079071,0.019999999552965164,0.019999999552965164,700200,0.0,0.0
2023-03-28 00:00:00+08:00,0.020999999716877937,0.02199999988079071,0.020999999716877937,0.02199999988079071,247900,0.0,0.0
2023-03-29 00:00:00+08:00,0.02199999988079071,0.023000000044703484,0.020999999716877937,0.023000000044703484,1623000,0.0,0.0
2023-03-30 00:00:00+08:00,0.023000000044703484,0.023000000044703484,0.020999999716877937,0.020999999716877937,15100,0.0,0.0
2023-03-31 00:00:00+08:00,0.020999999716877937,0.020999999716877937,0.020999999716877937,0.020999999716877937,0,0.0,0.0
2023-04-03 00:00:00+08:00,0.023000000044703484,0.023000000044703484,0.020999999716877937,0.020999999716877937,250100,0.0,0.0
2023-04-04 00:00:00+08:00,0.02199999988079071,0.02199999988079071,0.020999999716877937,0.02199999988079071,2768200,0.0,0.0
2023-04-05 00:00:00+08:00,0.02199999988079071,0.02199999988079071,0.02199999988079071,0.02199999988079071,0,0.0,0.0
2023-04-06 00:00:00+08:00,0.02199999988079071,0.02199999988079071,0.020999999716877937,0.020999999716877937,771100,0.0,0.0
2023-04-10 00:00:00+08:00,0.020999999716877937,0.020999999716877937,0.020999999716877937,0.020999999716877937,0,0.0,0.0
2023-04-11 00:00:00+08:00,0.020999999716877937,0.020999999716877937,0.020999999716877937,0.020999999716877937,220000,0.0,0.0
2023-04-12 00:00:00+08:00,0.020999999716877937,0.020999999716877937,0.020999999716877937,0.020999999716877937,400000,0.0,0.0
2023-04-13 00:00:00+08:00,0.020999999716877937,0.020999999716877937,0.020999999716877937,0.020999999716877937,200100,0.0,0.0
2023-04-14 00:00:00+08:00,0.020999999716877937,0.020999999716877937,0.020999999716877937,0.020999999716877937,10000,0.0,0.0
2023-04-17 00:00:00+08:00,0.024000000208616257,0.024000000208616257,0.02199999988079071,0.023000000044703484,12572900,0.0,0.0
2023-04-18 00:00:00+08:00,0.02199999988079071,0.02199999988079071,0.02199999988079071,0.02199999988079071,600000,0.0,0.0
2023-04-19 00:00:00+08:00,0.02199999988079071,0.023000000044703484,0.02199999988079071,0.02199999988079071,559900,0.0,0.0
2023-04-20 00:00:00+08:00,0.02199999988079071,0.02199999988079071,0.02199999988079071,0.02199999988079071,1500000,0.0,0.0
2023-04-21 00:00:00+08:00,0.02199999988079071,0.02199999988079071,0.02199999988079071,0.02199999988079071,0,0.0,0.0
2023-04-24 00:00:00+08:00,0.02199999988079071,0.02199999988079071,0.02199999988079071,0.02199999988079071,1331500,0.0,0.0
2023-04-25 00:00:00+08:00,0.02199999988079071,0.02199999988079071,0.02199999988079071,0.02199999988079071,769300,0.0,0.0
2023-04-26 00:00:00+08:00,0.02199999988079071,0.024000000208616257,0.02199999988079071,0.023000000044703484,4643700,0.0,0.0
2023-04-27 00:00:00+08:00,0.023000000044703484,0.024000000208616257,0.02199999988079071,0.023000000044703484,3932500,0.0,0.0
2023-04-28 00:00:00+08:00,0.023000000044703484,0.023000000044703484,0.023000000044703484,0.023000000044703484,1000,0.0,0.0
2023-05-02 00:00:00+08:00,0.02199999988079071,0.023000000044703484,0.02199999988079071,0.02199999988079071,3492500,0.0,0.0
2023-05-03 00:00:00+08:00,0.02199999988079071,0.02199999988079071,0.02199999988079071,0.02199999988079071,350200,0.0,0.0
2023-05-04 00:00:00+08:00,0.02199999988079071,0.023000000044703484,0.02199999988079071,0.023000000044703484,1756400,0.0,0.0
2023-05-05 00:00:00+08:00,0.02199999988079071,0.02199999988079071,0.020999999716877937,0.02199999988079071,1506700,0.0,0.0
2023-05-08 00:00:00+08:00,0.02199999988079071,0.02199999988079071,0.02199999988079071,0.02199999988079071,0,0.0,0.0
2023-05-09 00:00:00+08:00,0.02199999988079071,0.023000000044703484,0.020999999716877937,0.020999999716877937,1728800,0.0,0.0
2023-05-10 00:00:00+08:00,0.02199999988079071,0.023000000044703484,0.020999999716877937,0.02199999988079071,1649600,0.0,0.0
2023-05-11 00:00:00+08:00,0.020999999716877937,0.02199999988079071,0.020999999716877937,0.020999999716877937,197000,0.0,0.0
2023-05-12 00:00:00+08:00,0.02199999988079071,0.02199999988079071,0.020999999716877937,0.020999999716877937,390000,0.0,0.0
2023-05-15 00:00:00+08:00,0.020999999716877937,0.020999999716877937,0.020999999716877937,0.020999999716877937,543100,0.0,0.0
2023-05-16 00:00:00+08:00,0.020999999716877937,0.020999999716877937,0.020999999716877937,0.020999999716877937,725700,0.0,0.0
2023-05-17 00:00:00+08:00,0.020999999716877937,0.020999999716877937,0.020999999716877937,0.020999999716877937,622100,0.0,0.0
2023-05-18 00:00:00+08:00,0.020999999716877937,0.020999999716877937,0.020999999716877937,0.020999999716877937,100000,0.0,0.0
2023-05-19 00:00:00+08:00,0.020999999716877937,0.020999999716877937,0.020999999716877937,0.020999999716877937,0,0.0,0.0
2023-05-22 00:00:00+08:00,0.020999999716877937,0.020999999716877937,0.020999999716877937,0.020999999716877937,322100,0.0,0.0
2023-05-23 00:00:00+08:00,0.02199999988079071,0.02199999988079071,0.02199999988079071,0.02199999988079071,2061300,0.0,0.0
2023-05-24 00:00:00+08:00,0.020999999716877937,0.020999999716877937,0.020999999716877937,0.020999999716877937,50000,0.0,0.0
2023-05-25 00:00:00+08:00,0.020999999716877937,0.020999999716877937,0.020999999716877937,0.020999999716877937,1582100,0.0,0.0
2023-05-26 00:00:00+08:00,0.020999999716877937,0.020999999716877937,0.020999999716877937,0.020999999716877937,0,0.0,0.0
2023-05-29 00:00:00+08:00,0.020999999716877937,0.020999999716877937,0.020999999716877937,0.020999999716877937,918900,0.0,0.0
2023-05-30 00:00:00+08:00,0.019999999552965164,0.020999999716877937,0.019999999552965164,0.020999999716877937,200000,0.0,0.0
2023-05-31 00:00:00+08:00,0.020999999716877937,0.020999999716877937,0.020999999716877937,0.020999999716877937,549000,0.0,0.0
2023-06-01 00:00:00+08:00,0.019999999552965164,0.019999999552965164,0.019999999552965164,0.019999999552965164,15100,0.0,0.0
2023-06-05 00:00:00+08:00,0.020999999716877937,0.020999999716877937,0.020999999716877937,0.020999999716877937,870000,0.0,0.0
2023-06-06 00:00:00+08:00,0.020999999716877937,0.020999999716877937,0.020999999716877937,0.020999999716877937,225600,0.0,0.0
2023-06-07 00:00:00+08:00,0.020999999716877937,0.02199999988079071,0.020999999716877937,0.02199999988079071,100000,0.0,0.0
2023-06-08 00:00:00+08:00,0.020999999716877937,0.020999999716877937,0.020999999716877937,0.020999999716877937,500000,0.0,0.0
2023-06-09 00:00:00+08:00,0.02199999988079071,0.02199999988079071,0.02199999988079071,0.02199999988079071,1000,0.0,0.0
2023-06-12 00:00:00+08:00,0.020999999716877937,0.020999999716877937,0.020999999716877937,0.020999999716877937,42400,0.0,0.0
2023-06-13 00:00:00+08:00,0.019999999552965164,0.020999999716877937,0.019999999552965164,0.020999999716877937,121100,0.0,0.0
2023-06-14 00:00:00+08:00,0.020999999716877937,0.020999999716877937,0.020999999716877937,0.020999999716877937,0,0.0,0.0
2023-06-15 00:00:00+08:00,0.020999999716877937,0.020999999716877937,0.020999999716877937,0.020999999716877937,100200,0.0,0.0
2023-06-16 00:00:00+08:00,0.020999999716877937,0.020999999716877937,0.020999999716877937,0.020999999716877937,120000,0.0,0.0
2023-06-19 00:00:00+08:00,0.019999999552965164,0.020999999716877937,0.019999999552965164,0.019999999552965164,1249400,0.0,0.0
2023-06-20 00:00:00+08:00,0.020999999716877937,0.020999999716877937,0.019999999552965164,0.019999999552965164,60000,0.0,0.0
2023-06-21 00:00:00+08:00,0.020999999716877937,0.020999999716877937,0.019999999552965164,0.020999999716877937,755600,0.0,0.0
2023-06-22 00:00:00+08:00,0.020999999716877937,0.020999999716877937,0.020999999716877937,0.020999999716877937,0,0.0,0.0
2023-06-23 00:00:00+08:00,0.02199999988079071,0.02199999988079071,0.02199999988079071,0.02199999988079071,10000,0.0,0.0
2023-06-26 00:00:00+08:00,0.020999999716877937,0.020999999716877937,0.019999999552965164,0.019999999552965164,1715200,0.0,0.0
2023-06-27 00:00:00+08:00,0.019999999552965164,0.020999999716877937,0.019999999552965164,0.020999999716877937,61100,0.0,0.0
2023-06-28 00:00:00+08:00,0.019999999552965164,0.020999999716877937,0.01899999938905239,0.019999999552965164,6008100,0.0,0.0
2023-06-30 00:00:00+08:00,0.019999999552965164,0.019999999552965164,0.019999999552965164,0.019999999552965164,1348000,0.0,0.0
2023-07-03 00:00:00+08:00,0.019999999552965164,0.019999999552965164,0.019999999552965164,0.019999999552965164,895000,0.0,0.0
2023-07-04 00:00:00+08:00,0.019999999552965164,0.019999999552965164,0.019999999552965164,0.019999999552965164,0,0.0,0.0
2023-07-05 00:00:00+08:00,0.01899999938905239,0.019999999552965164,0.01899999938905239,0.019999999552965164,541000,0.0,0.0
2023-07-06 00:00:00+08:00,0.01899999938905239,0.01899999938905239,0.01899999938905239,0.01899999938905239,503000,0.0,0.0
2023-07-07 00:00:00+08:00,0.01899999938905239,0.019999999552965164,0.01899999938905239,0.019999999552965164,649000,0.0,0.0
2023-07-10 00:00:00+08:00,0.019999999552965164,0.019999999552965164,0.019999999552965164,0.019999999552965164,0,0.0,0.0
2023-07-11 00:00:00+08:00,0.01899999938905239,0.01899999938905239,0.017999999225139618,0.01899999938905239,1850000,0.0,0.0
2023-07-12 00:00:00+08:00,0.01899999938905239,0.01899999938905239,0.01899999938905239,0.01899999938905239,333000,0.0,0.0
2023-07-13 00:00:00+08:00,0.01899999938905239,0.01899999938905239,0.01899999938905239,0.01899999938905239,0,0.0,0.0
2023-07-14 00:00:00+08:00,0.01899999938905239,0.019999999552965164,0.01899999938905239,0.019999999552965164,1247500,0.0,0.0
2023-07-17 00:00:00+08:00,0.019999999552965164,0.019999999552965164,0.01899999938905239,0.01899999938905239,415500,0.0,0.0
2023-07-18 00:00:00+08:00,0.01899999938905239,0.01899999938905239,0.01899999938905239,0.01899999938905239,150000,0.0,0.0
2023-07-19 00:00:00+08:00,0.01899999938905239,0.01899999938905239,0.01899999938905239,0.01899999938905239,700000,0.0,0.0
2023-07-20 00:00:00+08:00,0.01899999938905239,0.019999999552965164,0.01899999938905239,0.01899999938905239,1175300,0.0,0.0
2023-07-21 00:00:00+08:00,0.01899999938905239,0.01899999938905239,0.01899999938905239,0.01899999938905239,487000,0.0,0.0
2023-07-24 00:00:00+08:00,0.01899999938905239,0.019999999552965164,0.01899999938905239,0.01899999938905239,19600,0.0,0.0
2023-07-25 00:00:00+08:00,0.01899999938905239,0.01899999938905239,0.01899999938905239,0.01899999938905239,0,0.0,0.0
2023-07-26 00:00:00+08:00,0.01899999938905239,0.01899999938905239,0.01899999938905239,0.01899999938905239,216900,0.0,0.0
2023-07-27 00:00:00+08:00,0.01899999938905239,0.01899999938905239,0.01899999938905239,0.01899999938905239,285600,0.0,0.0
2023-07-28 00:00:00+08:00,0.01899999938905239,0.01899999938905239,0.017999999225139618,0.01899999938905239,250000,0.0,0.0
2023-07-31 00:00:00+08:00,0.017999999225139618,0.01899999938905239,0.017999999225139618,0.017999999225139618,700300,0.0,0.0
2023-08-01 00:00:00+08:00,0.01899999938905239,0.01899999938905239,0.017999999225139618,0.01899999938905239,1037300,0.0,0.0
2023-08-02 00:00:00+08:00,0.01899999938905239,0.019999999552965164,0.01899999938905239,0.01899999938905239,715600,0.0,0.0
2023-08-03 00:00:00+08:00,0.01899999938905239,0.01899999938905239,0.01899999938905239,0.01899999938905239,0,0.0,0.0
2023-08-04 00:00:00+08:00,0.017999999225139618,0.019999999552965164,0.017999999225139618,0.01899999938905239,1370400,0.0,0.0
2023-08-07 00:00:00+08:00,0.01899999938905239,0.01899999938905239,0.01899999938905239,0.01899999938905239,600100,0.0,0.0
2023-08-08 00:00:00+08:00,0.019999999552965164,0.019999999552965164,0.01899999938905239,0.01899999938905239,631000,0.0,0.0
2023-08-10 00:00:00+08:00,0.01899999938905239,0.019999999552965164,0.01899999938905239,0.019999999552965164,90400,0.0,0.0
2023-08-11 00:00:00+08:00,0.01899999938905239,0.019999999552965164,0.01899999938905239,0.019999999552965164,629900,0.0,0.0
2023-08-14 00:00:00+08:00,0.01899999938905239,0.01899999938905239,0.01899999938905239,0.01899999938905239,500000,0.0,0.0
2023-08-15 00:00:00+08:00,0.017999999225139618,0.019999999552965164,0.017999999225139618,0.01899999938905239,893800,0.0,0.0
2023-08-16 00:00:00+08:00,0.01899999938905239,0.01899999938905239,0.01899999938905239,0.01899999938905239,0,0.0,0.0
2023-08-17 00:00:00+08:00,0.01899999938905239,0.01899999938905239,0.01899999938905239,0.01899999938905239,302000,0.0,0.0
2023-08-18 00:00:00+08:00,0.01899999938905239,0.01899999938905239,0.01899999938905239,0.01899999938905239,71800,0.0,0.0
2023-08-21 00:00:00+08:00,0.01899999938905239,0.01899999938905239,0.017999999225139618,0.017999999225139618,1414400,0.0,0.0
2023-08-22 00:00:00+08:00,0.017999999225139618,0.017999999225139618,0.017999999225139618,0.017999999225139618,0,0.0,0.0
2023-08-23 00:00:00+08:00,0.017999999225139618,0.01899999938905239,0.017999999225139618,0.01899999938905239,1387000,0.0,0.0
2023-08-24 00:00:00+08:00,0.01899999938905239,0.01899999938905239,0.01899999938905239,0.01899999938905239,0,0.0,0.0
2023-08-25 00:00:00+08:00,0.01899999938905239,0.019999999552965164,0.01899999938905239,0.019999999552965164,1671800,0.0,0.0
2023-08-28 00:00:00+08:00,0.01899999938905239,0.019999999552965164,0.017999999225139618,0.019999999552965164,239100,0.0,0.0
2023-08-29 00:00:00+08:00,0.01899999938905239,0.01899999938905239,0.01899999938905239,0.01899999938905239,945000,0.0,0.0
2023-08-30 00:00:00+08:00,0.01899999938905239,0.01899999938905239,0.01899999938905239,0.01899999938905239,20000,0.0,0.0
2023-08-31 00:00:00+08:00,0.017999999225139618,0.017999999225139618,0.017999999225139618,0.017999999225139618,500000,0.0,0.0
2023-09-04 00:00:00+08:00,0.01899999938905239,0.019999999552965164,0.01899999938905239,0.019999999552965164,755200,0.0,0.0
2023-09-05 00:00:00+08:00,0.019999999552965164,0.019999999552965164,0.01899999938905239,0.019999999552965164,1394000,0.0,0.0
2023-09-06 00:00:00+08:00,0.019999999552965164,0.019999999552965164,0.019999999552965164,0.019999999552965164,30000,0.0,0.0
2023-09-07 00:00:00+08:00,0.019999999552965164,0.019999999552965164,0.019999999552965164,0.019999999552965164,0,0.0,0.0
2023-09-08 00:00:00+08:00,0.01899999938905239,0.019999999552965164,0.01899999938905239,0.01899999938905239,619000,0.0,0.0
2023-09-11 00:00:00+08:00,0.01899999938905239,0.01899999938905239,0.01899999938905239,0.01899999938905239,0,0.0,0.0
2023-09-12 00:00:00+08:00,0.01899999938905239,0.01899999938905239,0.01899999938905239,0.01899999938905239,0,0.0,0.0
2023-09-13 00:00:00+08:00,0.01899999938905239,0.01899999938905239,0.01899999938905239,0.01899999938905239,380000,0.0,0.0
2023-09-14 00:00:00+08:00,0.01899999938905239,0.01899999938905239,0.01899999938905239,0.01899999938905239,0,0.0,0.0
2023-09-15 00:00:00+08:00,0.01899999938905239,0.01899999938905239,0.01899999938905239,0.01899999938905239,0,0.0,0.0
2023-09-18 00:00:00+08:00,0.01899999938905239,0.01899999938905239,0.01899999938905239,0.01899999938905239,0,0.0,0.0
2023-09-19 00:00:00+08:00,0.017999999225139618,0.017999999225139618,0.017999999225139618,0.017999999225139618,9000,0.0,0.0
2023-09-20 00:00:00+08:00,0.01899999938905239,0.01899999938905239,0.017999999225139618,0.017999999225139618,62400,0.0,0.0
2023-09-21 00:00:00+08:00,0.017999999225139618,0.017999999225139618,0.017999999225139618,0.017999999225139618,0,0.0,0.0
2023-09-22 00:00:00+08:00,0.017999999225139618,0.017999999225139618,0.017999999225139618,0.017999999225139618,0,0.0,0.0
2023-09-25 00:00:00+08:00,0.017999999225139618,0.017999999225139618,0.017999999225139618,0.017999999225139618,0,0.0,0.0
2023-09-26 00:00:00+08:00,0.017999999225139618,0.017999999225139618,0.017999999225139618,0.017999999225139618,150000,0.0,0.0
2023-09-27 00:00:00+08:00,0.017999999225139618,0.017999999225139618,0.017999999225139618,0.017999999225139618,187000,0.0,0.0
2023-09-28 00:00:00+08:00,0.017999999225139618,0.017999999225139618,0.017999999225139618,0.017999999225139618,20000,0.0,0.0
2023-09-29 00:00:00+08:00,0.017999999225139618,0.01899999938905239,0.017999999225139618,0.017999999225139618,1362500,0.0,0.0
2023-10-02 00:00:00+08:00,0.017999999225139618,0.017999999225139618,0.017999999225139618,0.017999999225139618,0,0.0,0.0
2023-10-03 00:00:00+08:00,0.017999999225139618,0.017999999225139618,0.017999999225139618,0.017999999225139618,150000,0.0,0.0
2023-10-04 00:00:00+08:00,0.017000000923871994,0.017999999225139618,0.017000000923871994,0.017999999225139618,609500,0.0,0.0
2023-10-05 00:00:00+08:00,0.017000000923871994,0.017999999225139618,0.017000000923871994,0.017999999225139618,2456200,0.0,0.0
2023-10-06 00:00:00+08:00,0.017999999225139618,0.017999999225139618,0.017999999225139618,0.017999999225139618,0,0.0,0.0
2023-10-09 00:00:00+08:00,0.017000000923871994,0.017000000923871994,0.017000000923871994,0.017000000923871994,1200000,0.0,0.0
2023-10-10 00:00:00+08:00,0.017000000923871994,0.017000000923871994,0.017000000923871994,0.017000000923871994,0,0.0,0.0
2023-10-11 00:00:00+08:00,0.01600000075995922,0.017000000923871994,0.01600000075995922,0.017000000923871994,400,0.0,0.0
2023-10-12 00:00:00+08:00,0.017000000923871994,0.017000000923871994,0.017000000923871994,0.017000000923871994,401300,0.0,0.0
2023-10-13 00:00:00+08:00,0.017000000923871994,0.017000000923871994,0.017000000923871994,0.017000000923871994,0,0.0,0.0
2023-10-16 00:00:00+08:00,0.017999999225139618,0.017999999225139618,0.017999999225139618,0.017999999225139618,2000,0.0,0.0
2023-10-17 00:00:00+08:00,0.017999999225139618,0.017999999225139618,0.017999999225139618,0.017999999225139618,0,0.0,0.0
2023-10-18 00:00:00+08:00,0.017999999225139618,0.017999999225139618,0.017999999225139618,0.017999999225139618,0,0.0,0.0
2023-10-19 00:00:00+08:00,0.017999999225139618,0.017999999225139618,0.017999999225139618,0.017999999225139618,0,0.0,0.0
2023-10-20 00:00:00+08:00,0.017999999225139618,0.017999999225139618,0.017999999225139618,0.017999999225139618,0,0.0,0.0
2023-10-23 00:00:00+08:00,0.017999999225139618,0.017999999225139618,0.017999999225139618,0.017999999225139618,0,0.0,0.0
2023-10-24 00:00:00+08:00,0.017999999225139618,0.017999999225139618,0.017999999225139618,0.017999999225139618,0,0.0,0.0
2023-10-25 00:00:00+08:00,0.01600000075995922,0.017000000923871994,0.01600000075995922,0.017000000923871994,272100,0.0,0.0
2023-10-26 00:00:00+08:00,0.017000000923871994,0.017000000923871994,0.017000000923871994,0.017000000923871994,42600,0.0,0.0
2023-10-27 00:00:00+08:00,0.017000000923871994,0.017000000923871994,0.017000000923871994,0.017000000923871994,0,0.0,0.0
2023-10-30 00:00:00+08:00,0.017000000923871994,0.017000000923871994,0.017000000923871994,0.017000000923871994,0,0.0,0.0
2023-10-31 00:00:00+08:00,0.01600000075995922,0.01600000075995922,0.01600000075995922,0.01600000075995922,3000,0.0,0.0
2023-11-01 00:00:00+08:00,0.017000000923871994,0.017000000923871994,0.017000000923871994,0.017000000923871994,500000,0.0,0.0
2023-11-02 00:00:00+08:00,0.017000000923871994,0.017000000923871994,0.017000000923871994,0.017000000923871994,0,0.0,0.0
2023-11-03 00:00:00+08:00,0.01600000075995922,0.017000000923871994,0.01600000075995922,0.017000000923871994,254000,0.0,0.0
2023-11-06 00:00:00+08:00,0.017000000923871994,0.017000000923871994,0.017000000923871994,0.017000000923871994,0,0.0,0.0
2023-11-07 00:00:00+08:00,0.017000000923871994,0.017000000923871994,0.017000000923871994,0.017000000923871994,0,0.0,0.0
2023-11-08 00:00:00+08:00,0.01600000075995922,0.01600000075995922,0.01600000075995922,0.01600000075995922,68000,0.0,0.0
2023-11-09 00:00:00+08:00,0.01600000075995922,0.01600000075995922,0.01600000075995922,0.01600000075995922,2000,0.0,0.0
2023-11-10 00:00:00+08:00,0.01600000075995922,0.01600000075995922,0.01600000075995922,0.01600000075995922,0,0.0,0.0
2023-11-14 00:00:00+08:00,0.01600000075995922,0.01600000075995922,0.01600000075995922,0.01600000075995922,8000,0.0,0.0
2023-11-15 00:00:00+08:00,0.01600000075995922,0.017000000923871994,0.01600000075995922,0.017000000923871994,360000,0.0,0.0
2023-11-16 00:00:00+08:00,0.017000000923871994,0.017000000923871994,0.017000000923871994,0.017000000923871994,0,0.0,0.0
2023-11-17 00:00:00+08:00,0.01600000075995922,0.017000000923871994,0.01600000075995922,0.017000000923871994,1585000,0.0,0.0
2023-11-20 00:00:00+08:00,0.01600000075995922,0.017000000923871994,0.01600000075995922,0.017000000923871994,428800,0.0,0.0
2023-11-21 00:00:00+08:00,0.01600000075995922,0.01600000075995922,0.01600000075995922,0.01600000075995922,7200,0.0,0.0
2023-11-22 00:00:00+08:00,0.01600000075995922,0.017000000923871994,0.014999999664723873,0.014999999664723873,103100,0.0,0.0
2023-11-23 00:00:00+08:00,0.014999999664723873,0.014999999664723873,0.014999999664723873,0.014999999664723873,0,0.0,0.0
2023-11-24 00:00:00+08:00,0.01600000075995922,0.01600000075995922,0.01600000075995922,0.01600000075995922,2700,0.0,0.0
2023-11-27 00:00:00+08:00,0.01600000075995922,0.01600000075995922,0.01600000075995922,0.01600000075995922,0,0.0,0.0
2023-11-28 00:00:00+08:00,0.01600000075995922,0.01600000075995922,0.01600000075995922,0.01600000075995922,0,0.0,0.0
2023-11-29 00:00:00+08:00,0.01600000075995922,0.01600000075995922,0.01600000075995922,0.01600000075995922,34600,0.0,0.0
2023-11-30 00:00:00+08:00,0.01600000075995922,0.01600000075995922,0.01600000075995922,0.01600000075995922,0,0.0,0.0
2023-12-01 00:00:00+08:00,0.01600000075995922,0.01600000075995922,0.01600000075995922,0.01600000075995922,300000,0.0,0.0
2023-12-04 00:00:00+08:00,0.01600000075995922,0.01600000075995922,0.01600000075995922,0.01600000075995922,2000,0.0,0.0
2023-12-05 00:00:00+08:00,0.01600000075995922,0.01600000075995922,0.01600000075995922,0.01600000075995922,5000,0.0,0.0
2023-12-06 00:00:00+08:00,0.017000000923871994,0.017000000923871994,0.017000000923871994,0.017000000923871994,100000,0.0,0.0
2023-12-07 00:00:00+08:00,0.014999999664723873,0.014999999664723873,0.014999999664723873,0.014999999664723873,2000,0.0,0.0
2023-12-08 00:00:00+08:00,0.01600000075995922,0.017000000923871994,0.01600000075995922,0.017000000923871994,750000,0.0,0.0
2023-12-11 00:00:00+08:00,0.017000000923871994,0.017000000923871994,0.017000000923871994,0.017000000923871994,0,0.0,0.0
2023-12-12 00:00:00+08:00,0.017000000923871994,0.017000000923871994,0.017000000923871994,0.017000000923871994,0,0.0,0.0
2023-12-13 00:00:00+08:00,0.017000000923871994,0.017000000923871994,0.017000000923871994,0.017000000923871994,0,0.0,0.0
2023-12-14 00:00:00+08:00,0.017000000923871994,0.017000000923871994,0.017000000923871994,0.017000000923871994,500000,0.0,0.0
2023-12-15 00:00:00+08:00,0.017000000923871994,0.017000000923871994,0.017000000923871994,0.017000000923871994,0,0.0,0.0
2023-12-18 00:00:00+08:00,0.01600000075995922,0.01600000075995922,0.01600000075995922,0.01600000075995922,39000,0.0,0.0
2023-12-19 00:00:00+08:00,0.01600000075995922,0.01600000075995922,0.01600000075995922,0.01600000075995922,0,0.0,0.0
2023-12-20 00:00:00+08:00,0.017000000923871994,0.017000000923871994,0.01600000075995922,0.01600000075995922,2096200,0.0,0.0
2023-12-21 00:00:00+08:00,0.01600000075995922,0.01600000075995922,0.01600000075995922,0.01600000075995922,0,0.0,0.0
2023-12-22 00:00:00+08:00,0.01600000075995922,0.01600000075995922,0.01600000075995922,0.01600000075995922,0,0.0,0.0
2023-12-26 00:00:00+08:00,0.01600000075995922,0.01600000075995922,0.01600000075995922,0.01600000075995922,0,0.0,0.0
2023-12-27 00:00:00+08:00,0.01600000075995922,0.01600000075995922,0.01600000075995922,0.01600000075995922,15000,0.0,0.0
2023-12-28 00:00:00+08:00,0.017000000923871994,0.017999999225139618,0.017000000923871994,0.017000000923871994,748700,0.0,0.0
2023-12-29 00:00:00+08:00,0.017000000923871994,0.017999999225139618,0.017000000923871994,0.017000000923871994,169000,0.0,0.0
2024-01-02 00:00:00+08:00,0.017000000923871994,0.017000000923871994,0.017000000923871994,0.017000000923871994,0,0.0,0.0
2024-01-03 00:00:00+08:00,0.017000000923871994,0.017000000923871994,0.017000000923871994,0.017000000923871994,0,0.0,0.0
2024-01-04 00:00:00+08:00,0.017000000923871994,0.017000000923871994,0.017000000923871994,0.017000000923871994,0,0.0,0.0
2024-01-05 00:00:00+08:00,0.017000000923871994,0.017000000923871994,0.017000000923871994,0.017000000923871994,0,0.0,0.0
2024-01-08 00:00:00+08:00,0.017000000923871994,0.017000000923871994,0.017000000923871994,0.017000000923871994,8000,0.0,0.0
2024-01-09 00:00:00+08:00,0.017000000923871994,0.017000000923871994,0.017000000923871994,0.017000000923871994,0,0.0,0.0
2024-01-10 00:00:00+08:00,0.017000000923871994,0.017000000923871994,0.017000000923871994,0.017000000923871994,400000,0.0,0.0
2024-01-11 00:00:00+08:00,0.017000000923871994,0.017000000923871994,0.017000000923871994,0.017000000923871994,113900,0.0,0.0
2024-01-12 00:00:00+08:00,0.017000000923871994,0.017000000923871994,0.017000000923871994,0.017000000923871994,0,0.0,0.0
2024-01-15 00:00:00+08:00,0.017000000923871994,0.017000000923871994,0.017000000923871994,0.017000000923871994,205000,0.0,0.0
2024-01-16 00:00:00+08:00,0.017000000923871994,0.017000000923871994,0.017000000923871994,0.017000000923871994,0,0.0,0.0
2024-01-17 00:00:00+08:00,0.017000000923871994,0.017000000923871994,0.017000000923871994,0.017000000923871994,150000,0.0,0.0
2024-01-18 00:00:00+08:00,0.017999999225139618,0.017999999225139618,0.017999999225139618,0.017999999225139618,150000,0.0,0.0
2024-01-19 00:00:00+08:00,0.017999999225139618,0.017999999225139618,0.017000000923871994,0.017999999225139618,206400,0.0,0.0
2024-01-22 00:00:00+08:00,0.017000000923871994,0.017000000923871994,0.017000000923871994,0.017000000923871994,921900,0.0,0.0
2024-01-23 00:00:00+08:00,0.01600000075995922,0.01600000075995922,0.01600000075995922,0.01600000075995922,1217100,0.0,0.0
2024-01-24 00:00:00+08:00,0.01600000075995922,0.01600000075995922,0.01600000075995922,0.01600000075995922,0,0.0,0.0
2024-01-25 00:00:00+08:00,0.01600000075995922,0.01600000075995922,0.01600000075995922,0.01600000075995922,200000,0.0,0.0
2024-01-26 00:00:00+08:00,0.017000000923871994,0.017000000923871994,0.017000000923871994,0.017000000923871994,100000,0.0,0.0
2024-01-29 00:00:00+08:00,0.017000000923871994,0.017000000923871994,0.017000000923871994,0.017000000923871994,0,0.0,0.0
2024-01-30 00:00:00+08:00,0.017000000923871994,0.017000000923871994,0.017000000923871994,0.017000000923871994,100,0.0,0.0
2024-01-31 00:00:00+08:00,0.01600000075995922,0.01600000075995922,0.01600000075995922,0.01600000075995922,413000,0.0,0.0
2024-02-01 00:00:00+08:00,0.01600000075995922,0.01600000075995922,0.01600000075995922,0.01600000075995922,150000,0.0,0.0
2024-02-02 00:00:00+08:00,0.01600000075995922,0.01600000075995922,0.01600000075995922,0.01600000075995922,100000,0.0,0.0
2024-02-05 00:00:00+08:00,0.01600000075995922,0.017000000923871994,0.01600000075995922,0.01600000075995922,156000,0.0,0.0
2024-02-06 00:00:00+08:00,0.01600000075995922,0.01600000075995922,0.01600000075995922,0.01600000075995922,0,0.0,0.0
2024-02-07 00:00:00+08:00,0.017000000923871994,0.017000000923871994,0.01600000075995922,0.01600000075995922,6890800,0.0,0.0
2024-02-08 00:00:00+08:00,0.01600000075995922,0.01600000075995922,0.01600000075995922,0.01600000075995922,40000,0.0,0.0
2024-02-09 00:00:00+08:00,0.01600000075995922,0.01600000075995922,0.014000000432133675,0.014000000432133675,5082000,0.0,0.0
2024-02-13 00:00:00+08:00,0.014999999664723873,0.014999999664723873,0.014000000432133675,0.014000000432133675,1420300,0.0,0.0
2024-02-14 00:00:00+08:00,0.014000000432133675,0.014999999664723873,0.014000000432133675,0.014000000432133675,768200,0.0,0.0
2024-02-15 00:00:00+08:00,0.014999999664723873,0.014999999664723873,0.014999999664723873,0.014999999664723873,105000,0.0,0.0
2024-02-16 00:00:00+08:00,0.014999999664723873,0.014999999664723873,0.014999999664723873,0.014999999664723873,220000,0.0,0.0
2024-02-19 00:00:00+08:00,0.014000000432133675,0.014999999664723873,0.014000000432133675,0.014999999664723873,450000,0.0,0.0
2024-02-20 00:00:00+08:00,0.014000000432133675,0.014000000432133675,0.014000000432133675,0.014000000432133675,310000,0.0,0.0
2024-02-21 00:00:00+08:00,0.014000000432133675,0.014000000432133675,0.014000000432133675,0.014000000432133675,0,0.0,0.0
2024-02-22 00:00:00+08:00,0.014000000432133675,0.014000000432133675,0.014000000432133675,0.014000000432133675,0,0.0,0.0
2024-02-23 00:00:00+08:00,0.014000000432133675,0.014000000432133675,0.013000000268220901,0.013000000268220901,81600,0.0,0.0
2024-02-26 00:00:00+08:00,0.013000000268220901,0.013000000268220901,0.013000000268220901,0.013000000268220901,1023800,0.0,0.0
2024-02-27 00:00:00+08:00,0.013000000268220901,0.013000000268220901,0.013000000268220901,0.013000000268220901,1708900,0.0,0.0
2024-02-28 00:00:00+08:00,0.013000000268220901,0.013000000268220901,0.013000000268220901,0.013000000268220901,250000,0.0,0.0
2024-02-29 00:00:00+08:00,0.013000000268220901,0.013000000268220901,0.013000000268220901,0.013000000268220901,0,0.0,0.0
2024-03-01 00:00:00+08:00,0.012000000104308128,0.013000000268220901,0.012000000104308128,0.013000000268220901,1519100,0.0,0.0
2024-03-04 00:00:00+08:00,0.013000000268220901,0.013000000268220901,0.013000000268220901,0.013000000268220901,1019000,0.0,0.0
2024-03-05 00:00:00+08:00,0.013000000268220901,0.014000000432133675,0.013000000268220901,0.014000000432133675,250000,0.0,0.0
2024-03-06 00:00:00+08:00,0.014000000432133675,0.014000000432133675,0.014000000432133675,0.014000000432133675,0,0.0,0.0
2024-03-07 00:00:00+08:00,0.012000000104308128,0.014000000432133675,0.012000000104308128,0.014000000432133675,5000,0.0,0.0
2024-03-08 00:00:00+08:00,0.014000000432133675,0.014000000432133675,0.014000000432133675,0.014000000432133675,0,0.0,0.0
2024-03-11 00:00:00+08:00,0.014000000432133675,0.014000000432133675,0.014000000432133675,0.014000000432133675,0,0.0,0.0
2024-03-12 00:00:00+08:00,0.014000000432133675,0.014000000432133675,0.014000000432133675,0.014000000432133675,13500,0.0,0.0
2024-03-13 00:00:00+08:00,0.014000000432133675,0.014000000432133675,0.014000000432133675,0.014000000432133675,30000,0.0,0.0
2024-03-14 00:00:00+08:00,0.012000000104308128,0.013000000268220901,0.012000000104308128,0.012000000104308128,63500,0.0,0.0
2024-03-15 00:00:00+08:00,0.012000000104308128,0.012000000104308128,0.012000000104308128,0.012000000104308128,0,0.0,0.0
2024-03-18 00:00:00+08:00,0.012000000104308128,0.012000000104308128,0.012000000104308128,0.012000000104308128,20000,0.0,0.0
2024-03-19 00:00:00+08:00,0.012000000104308128,0.012000000104308128,0.012000000104308128,0.012000000104308128,900000,0.0,0.0
2024-03-20 00:00:00+08:00,0.012000000104308128,0.012000000104308128,0.012000000104308128,0.012000000104308128,0,0.0,0.0
2024-03-21 00:00:00+08:00,0.012000000104308128,0.012000000104308128,0.012000000104308128,0.012000000104308128,0,0.0,0.0
2024-03-22 00:00:00+08:00,0.012000000104308128,0.012000000104308128,0.012000000104308128,0.012000000104308128,0,0.0,0.0
2024-03-25 00:00:00+08:00,0.013000000268220901,0.013000000268220901,0.013000000268220901,0.013000000268220901,500000,0.0,0.0
2024-03-26 00:00:00+08:00,0.013000000268220901,0.013000000268220901,0.013000000268220901,0.013000000268220901,20000,0.0,0.0
2024-03-27 00:00:00+08:00,0.013000000268220901,0.014000000432133675,0.013000000268220901,0.014000000432133675,2414800,0.0,0.0
2024-03-28 00:00:00+08:00,0.014000000432133675,0.014000000432133675,0.014000000432133675,0.014000000432133675,2100000,0.0,0.0
2024-04-01 00:00:00+08:00,0.014000000432133675,0.014000000432133675,0.014000000432133675,0.014000000432133675,135000,0.0,0.0
2024-04-02 00:00:00+08:00,0.013000000268220901,0.014999999664723873,0.013000000268220901,0.014999999664723873,3100,0.0,0.0
2024-04-03 00:00:00+08:00,0.014000000432133675,0.014000000432133675,0.014000000432133675,0.014000000432133675,3000,0.0,0.0
2024-04-04 00:00:00+08:00,0.014000000432133675,0.014000000432133675,0.014000000432133675,0.014000000432133675,490000,0.0,0.0
2024-04-05 00:00:00+08:00,0.014000000432133675,0.014000000432133675,0.014000000432133675,0.014000000432133675,0,0.0,0.0
2024-04-08 00:00:00+08:00,0.014999999664723873,0.014999999664723873,0.014000000432133675,0.014000000432133675,135000,0.0,0.0
2024-04-09 00:00:00+08:00,0.014000000432133675,0.014000000432133675,0.014000000432133675,0.014000000432133675,8000,0.0,0.0
2024-04-11 00:00:00+08:00,0.014000000432133675,0.014000000432133675,0.014000000432133675,0.014000000432133675,0,0.0,0.0
2024-04-12 00:00:00+08:00,0.014000000432133675,0.014000000432133675,0.013000000268220901,0.014000000432133675,624800,0.0,0.0
2024-04-15 00:00:00+08:00,0.013000000268220901,0.013000000268220901,0.013000000268220901,0.013000000268220901,500000,0.0,0.0
2024-04-16 00:00:00+08:00,0.013000000268220901,0.013000000268220901,0.012000000104308128,0.012000000104308128,895300,0.0,0.0
2024-04-17 00:00:00+08:00,0.013000000268220901,0.013000000268220901,0.013000000268220901,0.013000000268220901,153000,0.0,0.0
2024-04-18 00:00:00+08:00,0.013000000268220901,0.014000000432133675,0.013000000268220901,0.013000000268220901,314000,0.0,0.0
2024-04-19 00:00:00+08:00,0.013000000268220901,0.013000000268220901,0.013000000268220901,0.013000000268220901,0,0.0,0.0
2024-04-22 00:00:00+08:00,0.013000000268220901,0.013000000268220901,0.013000000268220901,0.013000000268220901,169800,0.0,0.0
2024-04-23 00:00:00+08:00,0.013000000268220901,0.013000000268220901,0.013000000268220901,0.013000000268220901,0,0.0,0.0
2024-04-24 00:00:00+08:00,0.013000000268220901,0.013000000268220901,0.013000000268220901,0.013000000268220901,380000,0.0,0.0
2024-04-25 00:00:00+08:00,0.013000000268220901,0.013000000268220901,0.013000000268220901,0.013000000268220901,251000,0.0,0.0
2024-04-26 00:00:00+08:00,0.013000000268220901,0.013000000268220901,0.013000000268220901,0.013000000268220901,788000,0.0,0.0
2024-04-29 00:00:00+08:00,0.013000000268220901,0.013000000268220901,0.013000000268220901,0.013000000268220901,1000,0.0,0.0
2024-04-30 00:00:00+08:00,0.013000000268220901,0.013000000268220901,0.013000000268220901,0.013000000268220901,25000,0.0,0.0
2024-05-02 00:00:00+08:00,0.013000000268220901,0.013000000268220901,0.012000000104308128,0.012000000104308128,38000,0.0,0.0
2024-05-03 00:00:00+08:00,0.012000000104308128,0.012000000104308128,0.012000000104308128,0.012000000104308128,0,0.0,0.0
2024-05-06 00:00:00+08:00,0.012000000104308128,0.012000000104308128,0.012000000104308128,0.012000000104308128,0,0.0,0.0
2024-05-07 00:00:00+08:00,0.013000000268220901,0.013000000268220901,0.013000000268220901,0.013000000268220901,1516800,0.0,0.0
2024-05-08 00:00:00+08:00,0.012000000104308128,0.014000000432133675,0.012000000104308128,0.013000000268220901,19100,0.0,0.0
2024-05-09 00:00:00+08:00,0.013000000268220901,0.013000000268220901,0.013000000268220901,0.013000000268220901,512000,0.0,0.0
2024-05-10 00:00:00+08:00,0.013000000268220901,0.014000000432133675,0.013000000268220901,0.014000000432133675,10600,0.0,0.0
2024-05-13 00:00:00+08:00,0.014000000432133675,0.014000000432133675,0.014000000432133675,0.014000000432133675,0,0.0,0.0
2024-05-14 00:00:00+08:00,0.014000000432133675,0.014000000432133675,0.014000000432133675,0.014000000432133675,0,0.0,0.0
2024-05-15 00:00:00+08:00,0.014000000432133675,0.014000000432133675,0.014000000432133675,0.014000000432133675,0,0.0,0.0
2024-05-16 00:00:00+08:00,0.014000000432133675,0.014000000432133675,0.014000000432133675,0.014000000432133675,0,0.0,0.0
2024-05-17 00:00:00+08:00,0.014000000432133675,0.014000000432133675,0.014000000432133675,0.014000000432133675,0,0.0,0.0
2024-05-20 00:00:00+08:00,0.013000000268220901,0.013000000268220901,0.013000000268220901,0.013000000268220901,125000,0.0,0.0
2024-05-21 00:00:00+08:00,0.013000000268220901,0.013000000268220901,0.013000000268220901,0.013000000268220901,0,0.0,0.0
2024-05-23 00:00:00+08:00,0.014999999664723873,0.014999999664723873,0.014999999664723873,0.014999999664723873,100,0.0,0.0
2024-05-24 00:00:00+08:00,0.013000000268220901,0.014000000432133675,0.013000000268220901,0.014000000432133675,1259400,0.0,0.0
2024-05-27 00:00:00+08:00,0.014000000432133675,0.014000000432133675,0.014000000432133675,0.014000000432133675,2000,0.0,0.0
2024-05-28 00:00:00+08:00,0.014000000432133675,0.014999999664723873,0.014000000432133675,0.014999999664723873,589800,0.0,0.0
2024-05-29 00:00:00+08:00,0.014000000432133675,0.014999999664723873,0.014000000432133675,0.014999999664723873,100500,0.0,0.0
2024-05-30 00:00:00+08:00,0.014999999664723873,0.014999999664723873,0.014999999664723873,0.014999999664723873,0,0.0,0.0
2024-05-31 00:00:00+08:00,0.014999999664723873,0.014999999664723873,0.014999999664723873,0.014999999664723873,0,0.0,0.0
2024-06-03 00:00:00+08:00,0.014999999664723873,0.014999999664723873,0.014999999664723873,0.014999999664723873,0,0.0,0.0
2024-06-04 00:00:00+08:00,0.014999999664723873,0.014999999664723873,0.014999999664723873,0.014999999664723873,0,0.0,0.0
2024-06-05 00:00:00+08:00,0.014999999664723873,0.014999999664723873,0.014999999664723873,0.014999999664723873,0,0.0,0.0
2024-06-06 00:00:00+08:00,0.014999999664723873,0.014999999664723873,0.014999999664723873,0.014999999664723873,1100,0.0,0.0
2024-06-07 00:00:00+08:00,0.014999999664723873,0.014999999664723873,0.014999999664723873,0.014999999664723873,0,0.0,0.0
2024-06-10 00:00:00+08:00,0.014999999664723873,0.014999999664723873,0.014999999664723873,0.014999999664723873,0,0.0,0.0
2024-06-11 00:00:00+08:00,0.014999999664723873,0.014999999664723873,0.014999999664723873,0.014999999664723873,0,0.0,0.0
2024-06-12 00:00:00+08:00,0.014000000432133675,0.014000000432133675,0.014000000432133675,0.014000000432133675,709500,0.0,0.0
2024-06-13 00:00:00+08:00,0.014000000432133675,0.014999999664723873,0.014000000432133675,0.014999999664723873,8200,0.0,0.0
2024-06-14 00:00:00+08:00,0.014999999664723873,0.014999999664723873,0.014999999664723873,0.014999999664723873,0,0.0,0.0
2024-06-18 00:00:00+08:00,0.014999999664723873,0.014999999664723873,0.014999999664723873,0.014999999664723873,866600,0.0,0.0
2024-06-19 00:00:00+08:00,0.014999999664723873,0.014999999664723873,0.014999999664723873,0.014999999664723873,753700,0.0,0.0
2024-06-20 00:00:00+08:00,0.01600000075995922,0.01600000075995922,0.014000000432133675,0.014000000432133675,700200,0.0,0.0
2024-06-21 00:00:00+08:00,0.01600000075995922,0.01600000075995922,0.014000000432133675,0.014999999664723873,236200,0.0,0.0
2024-06-24 00:00:00+08:00,0.014999999664723873,0.014999999664723873,0.014999999664723873,0.014999999664723873,200000,0.0,0.0
2024-06-25 00:00:00+08:00,0.014000000432133675,0.014000000432133675,0.014000000432133675,0.014000000432133675,80000,0.0,0.0
2024-06-26 00:00:00+08:00,0.014999999664723873,0.014999999664723873,0.014999999664723873,0.014999999664723873,1175500,0.0,0.0
2024-06-27 00:00:00+08:00,0.014000000432133675,0.014000000432133675,0.014000000432133675,0.014000000432133675,500000,0.0,0.0
2024-06-28 00:00:00+08:00,0.014000000432133675,0.014000000432133675,0.014000000432133675,0.014000000432133675,3000,0.0,0.0
2024-07-01 00:00:00+08:00,0.014000000432133675,0.014000000432133675,0.014000000432133675,0.014000000432133675,0,0.0,0.0
2024-07-02 00:00:00+08:00,0.014000000432133675,0.014000000432133675,0.014000000432133675,0.014000000432133675,618000,0.0,0.0
2024-07-03 00:00:00+08:00,0.014000000432133675,0.014000000432133675,0.014000000432133675,0.014000000432133675,10000,0.0,0.0
2024-07-04 00:00:00+08:00,0.014000000432133675,0.014000000432133675,0.014000000432133675,0.014000000432133675,20000,0.0,0.0
2024-07-05 00:00:00+08:00,0.014000000432133675,0.014000000432133675,0.014000000432133675,0.014000000432133675,597900,0.0,0.0
2024-07-08 00:00:00+08:00,0.014999999664723873,0.014999999664723873,0.014999999664723873,0.014999999664723873,1075000,0.0,0.0
2024-07-09 00:00:00+08:00,0.014999999664723873,0.014999999664723873,0.014000000432133675,0.014000000432133675,140600,0.0,0.0
2024-07-10 00:00:00+08:00,0.014000000432133675,0.014000000432133675,0.014000000432133675,0.014000000432133675,0,0.0,0.0
2024-07-11 00:00:00+08:00,0.014000000432133675,0.014000000432133675,0.014000000432133675,0.014000000432133675,0,0.0,0.0
2024-07-12 00:00:00+08:00,0.014000000432133675,0.014999999664723873,0.014000000432133675,0.014999999664723873,550600,0.0,0.0
2024-07-15 00:00:00+08:00,0.014999999664723873,0.014999999664723873,0.014999999664723873,0.014999999664723873,200000,0.0,0.0
2024-07-16 00:00:00+08:00,0.014000000432133675,0.014999999664723873,0.014000000432133675,0.014999999664723873,10100,0.0,0.0
2024-07-17 00:00:00+08:00,0.014999999664723873,0.014999999664723873,0.014999999664723873,0.014999999664723873,0,0.0,0.0
2024-07-18 00:00:00+08:00,0.014000000432133675,0.01600000075995922,0.014000000432133675,0.01600000075995922,2100,0.0,0.0
2024-07-19 00:00:00+08:00,0.01600000075995922,0.01600000075995922,0.01600000075995922,0.01600000075995922,0,0.0,0.0
2024-07-22 00:00:00+08:00,0.014000000432133675,0.014999999664723873,0.014000000432133675,0.014000000432133675,297300,0.0,0.0
2024-07-23 00:00:00+08:00,0.014999999664723873,0.014999999664723873,0.014999999664723873,0.014999999664723873,622100,0.0,0.0
2024-07-24 00:00:00+08:00,0.014999999664723873,0.014999999664723873,0.014999999664723873,0.014999999664723873,100000,0.0,0.0
2024-07-25 00:00:00+08:00,0.014999999664723873,0.014999999664723873,0.014999999664723873,0.014999999664723873,0,0.0,0.0
2024-07-26 00:00:00+08:00,0.014999999664723873,0.014999999664723873,0.014999999664723873,0.014999999664723873,0,0.0,0.0
2024-07-29 00:00:00+08:00,0.014999999664723873,0.014999999664723873,0.014999999664723873,0.014999999664723873,365100,0.0,0.0
2024-07-30 00:00:00+08:00,0.014999999664723873,0.014999999664723873,0.014999999664723873,0.014999999664723873,0,0.0,0.0
2024-07-31 00:00:00+08:00,0.014999999664723873,0.014999999664723873,0.014999999664723873,0.014999999664723873,0,0.0,0.0
2024-08-01 00:00:00+08:00,0.014999999664723873,0.014999999664723873,0.014999999664723873,0.014999999664723873,0,0.0,0.0
2024-08-02 00:00:00+08:00,0.014999999664723873,0.014999999664723873,0.014999999664723873,0.014999999664723873,0,0.0,0.0
2024-08-05 00:00:00+08:00,0.014000000432133675,0.014000000432133675,0.014000000432133675,0.014000000432133675,800000,0.0,0.0
2024-08-06 00:00:00+08:00,0.014000000432133675,0.014000000432133675,0.014000000432133675,0.014000000432133675,0,0.0,0.0
2024-08-07 00:00:00+08:00,0.014000000432133675,0.014000000432133675,0.014000000432133675,0.014000000432133675,16000,0.0,0.0
2024-08-08 00:00:00+08:00,0.014000000432133675,0.014000000432133675,0.014000000432133675,0.014000000432133675,1380000,0.0,0.0
