Date,Open,High,Low,Close,Volume,Dividends,Stock Splits
2000-09-01 00:00:00+08:00,0.16407051661910305,0.16407051661910305,0.13930515944957733,0.13930515944957733,17173000,0.0,0.0
2000-09-04 00:00:00+08:00,0.13930513995071045,0.1424008160829544,0.1331138061378527,0.1424008160829544,2512000,0.0,0.0
2000-09-05 00:00:00+08:00,0.14240084720814286,0.1454965147912056,0.13620950281620026,0.13620950281620026,580000,0.0,0.0
2000-09-06 00:00:00+08:00,0.13620950281620026,0.13620950281620026,0.13001815842425765,0.13620950281620026,2422000,0.0,0.0
2000-09-07 00:00:00+08:00,0.13311380413142365,0.13311380413142365,0.12382679432630539,0.12382679432630539,4559000,0.0,0.0
2000-09-08 00:00:00+08:00,0.12692246118607314,0.13001812804584092,0.12382679432630539,0.12382679432630539,4281000,0.0,0.0
2000-09-11 00:00:00+08:00,0.12692247331142426,0.13001814046693203,0.1238268061559165,0.12692247331142426,1173000,0.0,0.0
2000-09-12 00:00:00+08:00,0.12692247331142426,0.1362094840037634,0.12692247331142426,0.12692247331142426,2444000,0.0,0.0
2000-09-13 00:00:00+08:00,0.12692246118607314,0.13001812804584092,0.12382679432630539,0.12382679432630539,790000,0.0,0.0
2000-09-14 00:00:00+08:00,0.12692246118607314,0.12692246118607314,0.12382679432630539,0.12382679432630539,573000,0.0,0.0
2000-09-15 00:00:00+08:00,0.12692247331142426,0.13001814046693203,0.1238268061559165,0.12692247331142426,594000,0.0,0.0
2000-09-18 00:00:00+08:00,0.12692247380316654,0.12692247380316654,0.12073113024234772,0.12073113024234772,499000,0.0,0.0
2000-09-19 00:00:00+08:00,0.11763546307484626,0.12073113024234772,0.1145397959073448,0.12073113024234772,958000,0.0,0.0
2000-09-20 00:00:00+08:00,0.12073113674279105,0.12073113674279105,0.11453980207443237,0.11453980207443237,372000,0.0,0.0
2000-09-21 00:00:00+08:00,0.11453980294667941,0.11453980294667941,0.10834845900535582,0.10834845900535583,1272000,0.0,0.0
2000-09-22 00:00:00+08:00,0.10834845470572464,0.11144413116644782,0.10525278747081757,0.10525278747081757,1918000,0.0,0.0
2000-09-25 00:00:00+08:00,0.11144415289163591,0.11144415289163591,0.1083484758274341,0.1114441528916359,347000,0.0,0.0
2000-09-26 00:00:00+08:00,0.11144413474025303,0.11453980207443237,0.10834845818025729,0.11453980207443237,646000,0.0,0.0
2000-09-27 00:00:00+08:00,0.11144415289163591,0.11144415289163591,0.11144415289163591,0.1114441528916359,78000,0.0,0.0
2000-09-28 00:00:00+08:00,0.11453980207443237,0.12692248063696612,0.11453980207443237,0.11453980207443237,1278000,0.0,0.0
2000-09-29 00:00:00+08:00,0.1176354694086117,0.1176354694086117,0.11144413474025303,0.11453980207443237,190000,0.0,0.0
2000-10-02 00:00:00+08:00,0.11144415289163591,0.11144415289163591,0.1083484758274341,0.1114441528916359,483000,0.0,0.0
2000-10-03 00:00:00+08:00,0.11144415289163591,0.11144415289163591,0.11144415289163591,0.1114441528916359,150000,0.0,0.0
2000-10-04 00:00:00+08:00,0.11144413558892585,0.11144413558892585,0.10834845900535582,0.10834845900535583,145000,0.0,0.0
2000-10-05 00:00:00+08:00,0.11144413558892585,0.11144413558892585,0.10834845900535582,0.10834845900535583,265000,0.0,0.0
2000-10-06 00:00:00+08:00,0.10525278747081757,0.10525278747081757,0.10525278747081757,0.10525278747081757,277000,0.0,0.0
2000-10-09 00:00:00+08:00,0.10215712856545575,0.10215712856545575,0.09906145185232162,0.09906145185232162,212000,0.0,0.0
2000-10-10 00:00:00+08:00,0.10215713828802109,0.10215713828802109,0.10215713828802109,0.10215713828802109,426000,0.0,0.0
2000-10-11 00:00:00+08:00,0.10215712856545575,0.10215712856545575,0.09906145185232162,0.09906145185232162,198000,0.0,0.0
2000-10-12 00:00:00+08:00,0.09906146128026319,0.10215713828802109,0.095965793498323,0.10215713828802109,122000,0.0,0.0
2000-10-13 00:00:00+08:00,0.09596578436500434,0.10215712856545575,0.09287011687768705,0.09906145185232162,150000,0.0,0.0
2000-10-16 00:00:00+08:00,0.09906145185232162,0.09906145185232162,0.09906145185232162,0.09906145185232162,0,0.0,0.0
2000-10-17 00:00:00+08:00,0.09287010575078194,0.09906143998362359,0.09287010575078194,0.09596577286720276,334000,0.0,0.0
2000-10-18 00:00:00+08:00,0.09287011687768705,0.09906145185232162,0.08977444016455292,0.09906145185232162,389000,0.0,0.0
2000-10-19 00:00:00+08:00,0.09287011687768705,0.09906145185232162,0.09287011687768705,0.09906145185232162,110000,0.0,0.0
2000-10-20 00:00:00+08:00,0.10525279084607794,0.12073113674279105,0.09906144695190287,0.11453980207443237,1776000,0.0,0.0
2000-10-23 00:00:00+08:00,0.11144413116644782,0.11453979840135489,0.10525278747081757,0.10525278747081757,365000,0.0,0.0
2000-10-24 00:00:00+08:00,0.10215714015066625,0.12073115640678767,0.10215714015066625,0.1114441528916359,692000,0.0,0.0
2000-10-25 00:00:00+08:00,0.11144413558892585,0.11144413558892585,0.10834845900535582,0.10834845900535583,62000,0.0,0.0
2000-10-26 00:00:00+08:00,0.10834845900535582,0.10834845900535582,0.10834845900535582,0.10834845900535583,0,0.0,0.0
2000-10-27 00:00:00+08:00,0.10834845900535582,0.10834845900535582,0.10834845900535582,0.10834845900535583,0,0.0,0.0
2000-10-30 00:00:00+08:00,0.11144415289163591,0.11453982073001982,0.11144415289163591,0.1114441528916359,299000,0.0,0.0
2000-10-31 00:00:00+08:00,0.11144412873984334,0.12073113024234772,0.10834845234652599,0.12073113024234772,347000,0.0,0.0
2000-11-01 00:00:00+08:00,0.12692247380316654,0.12692247380316654,0.11763546307484626,0.12073113024234772,1321000,0.0,0.0
2000-11-02 00:00:00+08:00,0.11763545870780945,0.11763545870780945,0.11453979165522989,0.11763545870780945,210000,0.0,0.0
2000-11-03 00:00:00+08:00,0.12073113024234772,0.12692247380316654,0.12073113024234772,0.12073113024234772,1198000,0.0,0.0
2000-11-06 00:00:00+08:00,0.1176354694086117,0.1176354694086117,0.11453980207443237,0.11453980207443237,189000,0.0,0.0
2000-11-07 00:00:00+08:00,0.11453980207443237,0.11453980207443237,0.11144413474025303,0.11453980207443237,494000,0.0,0.0
2000-11-08 00:00:00+08:00,0.11453980207443237,0.11453980207443237,0.11144413474025303,0.11453980207443237,129000,0.0,0.0
2000-11-09 00:00:00+08:00,0.11144413558892585,0.11453980294667941,0.10834845900535582,0.10834845900535583,345000,0.0,0.0
2000-11-10 00:00:00+08:00,0.10834845900535582,0.10834845900535582,0.10834845900535582,0.10834845900535583,224000,0.0,0.0
2000-11-13 00:00:00+08:00,0.10215713828802109,0.10525280606996128,0.10215713828802109,0.10215713828802109,393000,0.0,0.0
2000-11-14 00:00:00+08:00,0.10525278747081757,0.10525278747081757,0.10525278747081757,0.10525278747081757,27000,0.0,0.0
2000-11-15 00:00:00+08:00,0.10834845470572464,0.10834845470572464,0.10525278747081757,0.10525278747081757,128000,0.0,0.0
2000-11-16 00:00:00+08:00,0.10525278747081757,0.11144413116644782,0.10215712023591049,0.10525278747081757,269000,0.0,0.0
2000-11-17 00:00:00+08:00,0.10525280606996128,0.10525280606996128,0.10215713828802109,0.10215713828802109,240000,0.0,0.0
2000-11-20 00:00:00+08:00,0.09906145185232162,0.09906145185232162,0.09906145185232162,0.09906145185232162,40000,0.0,0.0
2000-11-21 00:00:00+08:00,0.09906145185232162,0.09906145185232162,0.09906145185232162,0.09906145185232162,320000,0.0,0.0
2000-11-22 00:00:00+08:00,0.09906145185232162,0.10525279605277305,0.09906145185232162,0.09906145185232162,204000,0.0,0.0
2000-11-23 00:00:00+08:00,0.10215713828802109,0.10215713828802109,0.09906146128026319,0.10215713828802109,155000,0.0,0.0
2000-11-24 00:00:00+08:00,0.09906145185232162,0.09906145185232162,0.09596578436500434,0.09906145185232162,82000,0.0,0.0
2000-11-27 00:00:00+08:00,0.09596577286720276,0.09596577286720276,0.09596577286720276,0.09596577286720276,8000,0.0,0.0
2000-11-28 00:00:00+08:00,0.09596578436500434,0.09906145185232162,0.09287011687768705,0.09906145185232162,101000,0.0,0.0
2000-11-29 00:00:00+08:00,0.09287010878324509,0.09287010878324509,0.09287010878324509,0.09287010878324509,100000,0.0,0.0
2000-11-30 00:00:00+08:00,0.09287010575078194,0.09596577286720276,0.09287010575078194,0.09596577286720276,223000,0.0,0.0
2000-12-01 00:00:00+08:00,0.09287010878324509,0.09287010878324509,0.09287010878324509,0.09287010878324509,11000,0.0,0.0
2000-12-04 00:00:00+08:00,0.09287010615379664,0.09287010615379664,0.08977442979812622,0.08977442979812622,55000,0.0,0.0
2000-12-05 00:00:00+08:00,0.09287010615379664,0.09287010615379664,0.08977442979812622,0.08977442979812622,24000,0.0,0.0
2000-12-06 00:00:00+08:00,0.09287010615379664,0.09596577328365126,0.08977442979812622,0.08977442979812622,199000,0.0,0.0
2000-12-07 00:00:00+08:00,0.08977442979812622,0.08977442979812622,0.08977442979812622,0.08977442979812622,0,0.0,0.0
2000-12-08 00:00:00+08:00,0.08667878443874279,0.08667878443874279,0.08358311653137207,0.08358311653137207,42000,0.0,0.0
2000-12-11 00:00:00+08:00,0.08667875826358795,0.08667875826358795,0.08667875826358795,0.08667875826358795,167000,0.0,0.0
2000-12-12 00:00:00+08:00,0.0897744252361326,0.0897744252361326,0.08667875826358795,0.08667875826358795,91000,0.0,0.0
2000-12-13 00:00:00+08:00,0.0866787626682716,0.08977442979812622,0.0866787626682716,0.08977442979812622,25000,0.0,0.0
2000-12-14 00:00:00+08:00,0.08977442979812622,0.08977442979812622,0.08977442979812622,0.08977442979812622,48000,0.0,0.0
2000-12-15 00:00:00+08:00,0.08667875826358795,0.08667875826358795,0.08667875826358795,0.08667875826358795,5000,0.0,0.0
2000-12-18 00:00:00+08:00,0.08667875826358795,0.08667875826358795,0.08667875826358795,0.08667875826358795,26000,0.0,0.0
2000-12-19 00:00:00+08:00,0.08358311653137207,0.08358311653137207,0.08358311653137207,0.08358311653137207,2000,0.0,0.0
2000-12-20 00:00:00+08:00,0.08667875826358795,0.08667875826358795,0.08667875826358795,0.08667875826358795,20000,0.0,0.0
2000-12-21 00:00:00+08:00,0.08048742264509201,0.08048742264509201,0.08048742264509201,0.08048742264509201,10000,0.0,0.0
2000-12-22 00:00:00+08:00,0.0897744523461135,0.0897744523461135,0.08358311653137207,0.08358311653137207,59000,0.0,0.0
2000-12-25 00:00:00+08:00,0.08358311653137207,0.08358311653137207,0.08358311653137207,0.08358311653137207,0,0.0,0.0
2000-12-26 00:00:00+08:00,0.08048741918274656,0.08977442979812622,0.08048741918274656,0.08977442979812622,128000,0.0,0.0
2000-12-27 00:00:00+08:00,0.08977442979812622,0.08977442979812622,0.08977442979812622,0.08977442979812622,0,0.0,0.0
2000-12-28 00:00:00+08:00,0.08977442979812622,0.08977442979812622,0.08977442979812622,0.08977442979812622,0,0.0,0.0
2000-12-29 00:00:00+08:00,0.08048741918274656,0.08977442979812622,0.08048741918274656,0.08977442979812622,13000,0.0,0.0
2001-01-01 00:00:00+08:00,0.08977442979812622,0.08977442979812622,0.08977442979812622,0.08977442979812622,0,0.0,0.0
2001-01-02 00:00:00+08:00,0.08977442979812622,0.08977442979812622,0.08977442979812622,0.08977442979812622,0,0.0,0.0
2001-01-03 00:00:00+08:00,0.08977442979812622,0.08977442979812622,0.08977442979812622,0.08977442979812622,0,0.0,0.0
2001-01-04 00:00:00+08:00,0.0773917481201387,0.08667875826358795,0.0773917481201387,0.08667875826358795,108000,0.0,0.0
2001-01-05 00:00:00+08:00,0.08048741509268335,0.08667875826358795,0.08048741509268335,0.08667875826358795,6000,0.0,0.0
2001-01-08 00:00:00+08:00,0.08667876639695146,0.08667876639695146,0.08048742264509201,0.08048742264509201,90000,0.0,0.0
2001-01-09 00:00:00+08:00,0.07739175171704638,0.09596577286720276,0.07429607998771769,0.09596577286720276,480000,0.0,0.0
2001-01-10 00:00:00+08:00,0.08667876639695146,0.08667876639695146,0.08048742264509201,0.08048742264509201,10000,0.0,0.0
2001-01-11 00:00:00+08:00,0.08048742595131841,0.08667876995750312,0.07739175856113434,0.07739175856113434,77000,0.0,0.0
2001-01-12 00:00:00+08:00,0.08358309913392982,0.08358309913392982,0.08048742264509201,0.08048742264509201,60000,0.0,0.0
2001-01-15 00:00:00+08:00,0.07739175856113434,0.08048742595131841,0.07739175856113434,0.07739175856113434,102000,0.0,0.0
2001-01-16 00:00:00+08:00,0.08977442979812622,0.08977442979812622,0.08977442979812622,0.08977442979812622,15000,0.0,0.0
2001-01-17 00:00:00+08:00,0.08358311653137207,0.08358311653137207,0.08358311653137207,0.08358311653137207,30000,0.0,0.0
2001-01-18 00:00:00+08:00,0.08358311653137207,0.08358311653137207,0.08358311653137207,0.08358311653137207,0,0.0,0.0
2001-01-19 00:00:00+08:00,0.09287010878324509,0.0959657760007479,0.0866787651224234,0.09287010878324509,209000,0.0,0.0
2001-01-22 00:00:00+08:00,0.08667876229212457,0.09596577286720276,0.08667876229212457,0.09596577286720276,253000,0.0,0.0
2001-01-23 00:00:00+08:00,0.09596577286720276,0.09596577286720276,0.09596577286720276,0.09596577286720276,0,0.0,0.0
2001-01-24 00:00:00+08:00,0.09596577286720276,0.09596577286720276,0.09596577286720276,0.09596577286720276,0,0.0,0.0
2001-01-25 00:00:00+08:00,0.09596577286720276,0.09596577286720276,0.09596577286720276,0.09596577286720276,0,0.0,0.0
2001-01-26 00:00:00+08:00,0.08977442979812622,0.08977442979812622,0.08977442979812622,0.08977442979812622,5000,0.0,0.0
2001-01-29 00:00:00+08:00,0.0866787651224234,0.09287010878324509,0.0866787651224234,0.09287010878324509,195000,0.0,0.0
2001-01-30 00:00:00+08:00,0.08977442979812622,0.08977442979812622,0.0866787626682716,0.08977442979812622,63000,0.0,0.0
2001-01-31 00:00:00+08:00,0.08977443233992621,0.09287010878324509,0.08358309790492058,0.09287010878324509,57000,0.0,0.0
2001-02-01 00:00:00+08:00,0.09287010575078194,0.09906143998362359,0.09287010575078194,0.09596577286720276,289000,0.0,0.0
2001-02-02 00:00:00+08:00,0.095965793498323,0.10525280606996128,0.095965793498323,0.10215713828802109,539000,0.0,0.0
2001-02-05 00:00:00+08:00,0.1021571242898487,0.11453980294667941,0.09906144770627867,0.10834845900535583,1384000,0.0,0.0
2001-02-06 00:00:00+08:00,0.11453979840135489,0.11453979840135489,0.10525278747081757,0.10525278747081757,609000,0.0,0.0
2001-02-07 00:00:00+08:00,0.10525280606996128,0.10834847385190147,0.09906146128026319,0.10215713828802109,311000,0.0,0.0
2001-02-08 00:00:00+08:00,0.09596578436500434,0.09906145185232162,0.09596578436500434,0.09906145185232162,300000,0.0,0.0
2001-02-09 00:00:00+08:00,0.09596577286720276,0.09906143998362359,0.09287010575078194,0.09596577286720276,292000,0.0,0.0
2001-02-12 00:00:00+08:00,0.09596577328365126,0.09596577328365126,0.08977442979812622,0.08977442979812622,444000,0.0,0.0
2001-02-13 00:00:00+08:00,0.09596577286720276,0.09596577286720276,0.09287010575078194,0.09596577286720276,252000,0.0,0.0
2001-02-14 00:00:00+08:00,0.09287010615379664,0.09287010615379664,0.08977442979812622,0.08977442979812622,126000,0.0,0.0
2001-02-15 00:00:00+08:00,0.09287010878324509,0.09287010878324509,0.08977443233992621,0.09287010878324509,150000,0.0,0.0
2001-02-16 00:00:00+08:00,0.09287010878324509,0.09287010878324509,0.09287010878324509,0.09287010878324509,0,0.0,0.0
2001-02-19 00:00:00+08:00,0.0897744294085454,0.09596577286720276,0.08667876229212457,0.09596577286720276,428000,0.0,0.0
2001-02-20 00:00:00+08:00,0.09287010878324509,0.0959657760007479,0.09287010878324509,0.09287010878324509,99000,0.0,0.0
2001-02-21 00:00:00+08:00,0.09287010878324509,0.09287010878324509,0.09287010878324509,0.09287010878324509,0,0.0,0.0
2001-02-22 00:00:00+08:00,0.09287010878324509,0.09287010878324509,0.09287010878324509,0.09287010878324509,49000,0.0,0.0
2001-02-23 00:00:00+08:00,0.09287010575078194,0.09596577286720276,0.09287010575078194,0.09596577286720276,62000,0.0,0.0
2001-02-26 00:00:00+08:00,0.09287010615379664,0.09287010615379664,0.08977442979812622,0.08977442979812622,65000,0.0,0.0
2001-02-27 00:00:00+08:00,0.09287010615379664,0.09287010615379664,0.08977442979812622,0.08977442979812622,55000,0.0,0.0
2001-02-28 00:00:00+08:00,0.08358309129104331,0.08667875826358795,0.08358309129104331,0.08667875826358795,58000,0.0,0.0
2001-03-01 00:00:00+08:00,0.08667878443874279,0.08667878443874279,0.08358311653137207,0.08358311653137207,52000,0.0,0.0
2001-03-02 00:00:00+08:00,0.08667875826358795,0.08667875826358795,0.08667875826358795,0.08667875826358795,55000,0.0,0.0
2001-03-05 00:00:00+08:00,0.08667878443874279,0.08667878443874279,0.08358311653137207,0.08358311653137207,55000,0.0,0.0
2001-03-06 00:00:00+08:00,0.08358311653137207,0.08358311653137207,0.08358311653137207,0.08358311653137207,0,0.0,0.0
2001-03-07 00:00:00+08:00,0.08358311653137207,0.08358311653137207,0.08358311653137207,0.08358311653137207,0,0.0,0.0
2001-03-08 00:00:00+08:00,0.08667875826358795,0.08667875826358795,0.08667875826358795,0.08667875826358795,89000,0.0,0.0
2001-03-09 00:00:00+08:00,0.08358309129104331,0.08667875826358795,0.08358309129104331,0.08667875826358795,113000,0.0,0.0
2001-03-12 00:00:00+08:00,0.08358311653137207,0.08358311653137207,0.08048743939818327,0.08358311653137207,111000,0.0,0.0
2001-03-13 00:00:00+08:00,0.08358311653137207,0.08358311653137207,0.08358311653137207,0.08358311653137207,0,0.0,0.0
2001-03-14 00:00:00+08:00,0.08358311653137207,0.08358311653137207,0.08358311653137207,0.08358311653137207,0,0.0,0.0
2001-03-15 00:00:00+08:00,0.07739175856113434,0.07739175856113434,0.07739175856113434,0.07739175856113434,50000,0.0,0.0
2001-03-16 00:00:00+08:00,0.08048743939818327,0.08358311653137207,0.07739177149081256,0.08358311653137207,28000,0.0,0.0
2001-03-19 00:00:00+08:00,0.07739175856113434,0.07739175856113434,0.07739175856113434,0.07739175856113434,52000,0.0,0.0
2001-03-20 00:00:00+08:00,0.07739175856113434,0.07739175856113434,0.07739175856113434,0.07739175856113434,70000,0.0,0.0
2001-03-21 00:00:00+08:00,0.07429608655804198,0.07739175856113434,0.07429608655804198,0.07739175856113434,80000,0.0,0.0
2001-03-22 00:00:00+08:00,0.06810475140810013,0.06810475140810013,0.06810475140810013,0.06810475140810013,16000,0.0,0.0
2001-03-23 00:00:00+08:00,0.07429607957601547,0.07429607957601547,0.07429607957601547,0.07429607957601547,29000,0.0,0.0
2001-03-26 00:00:00+08:00,0.071200416243119,0.08048742264509201,0.071200416243119,0.08048742264509201,42000,0.0,0.0
2001-03-27 00:00:00+08:00,0.0712004080414772,0.0712004080414772,0.0712004080414772,0.0712004080414772,11000,0.0,0.0
2001-03-28 00:00:00+08:00,0.07429607494790608,0.07429607494790608,0.0712004080414772,0.0712004080414772,27000,0.0,0.0
2001-03-29 00:00:00+08:00,0.07120042432849813,0.07120042432849813,0.06500907987356186,0.06500907987356186,107000,0.0,0.0
2001-03-30 00:00:00+08:00,0.06810474716476556,0.07739175856113434,0.06810474716476556,0.07739175856113434,251000,0.0,0.0
2001-04-02 00:00:00+08:00,0.06810475140810013,0.06810475140810013,0.06810475140810013,0.06810475140810013,10000,0.0,0.0
2001-04-03 00:00:00+08:00,0.06810475210103,0.06810475210103,0.06500907987356186,0.06500907987356186,40000,0.0,0.0
2001-04-04 00:00:00+08:00,0.06810475140810013,0.06810475140810013,0.06810475140810013,0.06810475140810013,154000,0.0,0.0
2001-04-05 00:00:00+08:00,0.0712004124767489,0.07429607957601547,0.0712004124767489,0.07429607957601547,10000,0.0,0.0
2001-04-06 00:00:00+08:00,0.07120042360407143,0.07429609118713416,0.06810475140810013,0.06810475140810013,115000,0.0,0.0
2001-04-09 00:00:00+08:00,0.06810475140810013,0.06810475140810013,0.06810475140810013,0.06810475140810013,61000,0.0,0.0
2001-04-10 00:00:00+08:00,0.06810475140810013,0.06810475140810013,0.06810475140810013,0.06810475140810013,0,0.0,0.0
2001-04-11 00:00:00+08:00,0.07120042360407143,0.07429609118713416,0.06810475140810013,0.06810475140810013,134000,0.0,0.0
2001-04-12 00:00:00+08:00,0.0712004080414772,0.0712004080414772,0.0712004080414772,0.0712004080414772,125000,0.0,0.0
2001-04-13 00:00:00+08:00,0.0712004080414772,0.0712004080414772,0.0712004080414772,0.0712004080414772,0,0.0,0.0
2001-04-16 00:00:00+08:00,0.0712004080414772,0.0712004080414772,0.0712004080414772,0.0712004080414772,0,0.0,0.0
2001-04-17 00:00:00+08:00,0.06810475140810013,0.06810475140810013,0.06810475140810013,0.06810475140810013,11000,0.0,0.0
2001-04-18 00:00:00+08:00,0.06810474076457448,0.07429607957601547,0.06810474076457448,0.07429607957601547,31000,0.0,0.0
2001-04-19 00:00:00+08:00,0.0773917512881899,0.08048741838745647,0.07429607957601547,0.07429607957601547,174000,0.0,0.0
2001-04-20 00:00:00+08:00,0.0742960989705328,0.08358311653137207,0.0742960989705328,0.08358311653137207,276000,0.0,0.0
2001-04-23 00:00:00+08:00,0.08358311653137207,0.08358311653137207,0.08358311653137207,0.08358311653137207,0,0.0,0.0
2001-04-24 00:00:00+08:00,0.07739177149081256,0.08358311653137207,0.07739177149081256,0.08358311653137207,51000,0.0,0.0
2001-04-25 00:00:00+08:00,0.08358309553841697,0.08977442979812622,0.08358309553841697,0.08977442979812622,355000,0.0,0.0
2001-04-26 00:00:00+08:00,0.08358309553841697,0.08977442979812622,0.08358309553841697,0.08977442979812622,355000,0.0,0.0
2001-04-27 00:00:00+08:00,0.0866787651224234,0.09287010878324509,0.0866787651224234,0.09287010878324509,110000,0.0,0.0
2001-04-30 00:00:00+08:00,0.08977442979812622,0.09287010615379664,0.08977442979812622,0.08977442979812622,187000,0.0,0.0
2001-05-01 00:00:00+08:00,0.08977442979812622,0.08977442979812622,0.08977442979812622,0.08977442979812622,0,0.0,0.0
2001-05-02 00:00:00+08:00,0.0897744294085454,0.09906143998362359,0.0897744294085454,0.09596577286720276,605000,0.0,0.0
2001-05-03 00:00:00+08:00,0.0959657760007479,0.0959657760007479,0.08977443233992621,0.09287010878324509,517000,0.0,0.0
2001-05-04 00:00:00+08:00,0.08977443233992621,0.09287010878324509,0.08977443233992621,0.09287010878324509,201000,0.0,0.0
2001-05-07 00:00:00+08:00,0.09287010878324509,0.09287010878324509,0.09287010878324509,0.09287010878324509,0,0.0,0.0
2001-05-08 00:00:00+08:00,0.08977442979812622,0.08977442979812622,0.08977442979812622,0.08977442979812622,81000,0.0,0.0
2001-05-09 00:00:00+08:00,0.08977442979812622,0.08977442979812622,0.08977442979812622,0.08977442979812622,14000,0.0,0.0
2001-05-10 00:00:00+08:00,0.0866787626682716,0.08977442979812622,0.0866787626682716,0.08977442979812622,42000,0.0,0.0
2001-05-11 00:00:00+08:00,0.08977443233992621,0.09287010878324509,0.08977443233992621,0.09287010878324509,25000,0.0,0.0
2001-05-14 00:00:00+08:00,0.09287011687768705,0.09906145185232162,0.08977444016455292,0.09906145185232162,98000,0.0,0.0
2001-05-15 00:00:00+08:00,0.08667876229212457,0.09596577286720276,0.08667876229212457,0.09596577286720276,16000,0.0,0.0
2001-05-16 00:00:00+08:00,0.08667875826358795,0.08667875826358795,0.08667875826358795,0.08667875826358795,1000,0.0,0.0
2001-05-17 00:00:00+08:00,0.09287010878324509,0.0959657760007479,0.09287010878324509,0.09287010878324509,65000,0.0,0.0
2001-05-18 00:00:00+08:00,0.09287010575078194,0.09596577286720276,0.0897744294085454,0.09596577286720276,12000,0.0,0.0
2001-05-21 00:00:00+08:00,0.09287010878324509,0.09287010878324509,0.09287010878324509,0.09287010878324509,11000,0.0,0.0
2001-05-22 00:00:00+08:00,0.09287010575078194,0.09596577286720276,0.09287010575078194,0.09596577286720276,70000,0.0,0.0
2001-05-23 00:00:00+08:00,0.09287010575078194,0.09906143998362359,0.09287010575078194,0.09596577286720276,62000,0.0,0.0
2001-05-24 00:00:00+08:00,0.09287011687768705,0.09906145185232162,0.08977444016455292,0.09906145185232162,118000,0.0,0.0
2001-05-25 00:00:00+08:00,0.09596577654028025,0.10525278747081757,0.09596577654028025,0.10525278747081757,509000,0.0,0.0
2001-05-28 00:00:00+08:00,0.09596577286720276,0.09596577286720276,0.09596577286720276,0.09596577286720276,5000,0.0,0.0
2001-05-29 00:00:00+08:00,0.09906143998362359,0.09906143998362359,0.09596577286720276,0.09596577286720276,20000,0.0,0.0
2001-05-30 00:00:00+08:00,0.0959657760007479,0.0959657760007479,0.09287010878324509,0.09287010878324509,67000,0.0,0.0
2001-05-31 00:00:00+08:00,0.0866787651224234,0.09287010878324509,0.0866787651224234,0.09287010878324509,55000,0.0,0.0
2001-06-01 00:00:00+08:00,0.0866787651224234,0.09287010878324509,0.0866787651224234,0.09287010878324509,25000,0.0,0.0
2001-06-04 00:00:00+08:00,0.0866787626682716,0.08977442979812622,0.0866787626682716,0.08977442979812622,14000,0.0,0.0
2001-06-05 00:00:00+08:00,0.08977442979812622,0.08977442979812622,0.08977442979812622,0.08977442979812622,14000,0.0,0.0
2001-06-06 00:00:00+08:00,0.08667875826358795,0.08667875826358795,0.08667875826358795,0.08667875826358795,13000,0.0,0.0
2001-06-07 00:00:00+08:00,0.08977443233992621,0.09287010878324509,0.08977443233992621,0.09287010878324509,94000,0.0,0.0
2001-06-08 00:00:00+08:00,0.09287010878324509,0.0959657760007479,0.09287010878324509,0.09287010878324509,105000,0.0,0.0
2001-06-11 00:00:00+08:00,0.09287011687768705,0.09906145185232162,0.09287011687768705,0.09906145185232162,19000,0.0,0.0
2001-06-12 00:00:00+08:00,0.09287010575078194,0.09596577286720276,0.0897744294085454,0.09596577286720276,126000,0.0,0.0
2001-06-13 00:00:00+08:00,0.08977442979812622,0.08977442979812622,0.08977442979812622,0.08977442979812622,50000,0.0,0.0
2001-06-14 00:00:00+08:00,0.08977443233992621,0.09287010878324509,0.08977443233992621,0.09287010878324509,40000,0.0,0.0
2001-06-15 00:00:00+08:00,0.09287010878324509,0.09287010878324509,0.09287010878324509,0.09287010878324509,0,0.0,0.0
2001-06-18 00:00:00+08:00,0.09287010878324509,0.09287010878324509,0.09287010878324509,0.09287010878324509,0,0.0,0.0
2001-06-19 00:00:00+08:00,0.08977442979812622,0.08977442979812622,0.08977442979812622,0.08977442979812622,5000,0.0,0.0
2001-06-20 00:00:00+08:00,0.08977442979812622,0.08977442979812622,0.08977442979812622,0.08977442979812622,0,0.0,0.0
2001-06-21 00:00:00+08:00,0.08977442979812622,0.08977442979812622,0.08977442979812622,0.08977442979812622,0,0.0,0.0
2001-06-22 00:00:00+08:00,0.08977442979812622,0.08977442979812622,0.08977442979812622,0.08977442979812622,0,0.0,0.0
2001-06-25 00:00:00+08:00,0.09287010878324509,0.09287010878324509,0.09287010878324509,0.09287010878324509,20000,0.0,0.0
2001-06-26 00:00:00+08:00,0.08977442979812622,0.08977442979812622,0.08977442979812622,0.08977442979812622,2000,0.0,0.0
2001-06-27 00:00:00+08:00,0.09287011687768705,0.10215712856545575,0.09287011687768705,0.09906145185232162,397000,0.0,0.0
2001-06-28 00:00:00+08:00,0.09906146128026319,0.11144415085965938,0.09906146128026319,0.10215713828802109,1261000,0.0,0.0
2001-06-29 00:00:00+08:00,0.10525279605277305,0.10525279605277305,0.09906145185232162,0.09906145185232162,235000,0.0,0.0
2001-07-02 00:00:00+08:00,0.09906145185232162,0.09906145185232162,0.09906145185232162,0.09906145185232162,30000,0.0,0.0
2001-07-03 00:00:00+08:00,0.09287010878324509,0.09287010878324509,0.09287010878324509,0.09287010878324509,195000,0.0,0.0
2001-07-04 00:00:00+08:00,0.08977443233992621,0.09287010878324509,0.08977443233992621,0.09287010878324509,331000,0.0,0.0
2001-07-05 00:00:00+08:00,0.08977443233992621,0.09287010878324509,0.08977443233992621,0.09287010878324509,119000,0.0,0.0
2001-07-06 00:00:00+08:00,0.08977442979812622,0.08977442979812622,0.08977442979812622,0.08977442979812622,17000,0.0,0.0
2001-07-09 00:00:00+08:00,0.08977442979812622,0.08977442979812622,0.08977442979812622,0.08977442979812622,0,0.0,0.0
2001-07-10 00:00:00+08:00,0.08977442979812622,0.08977442979812622,0.08977442979812622,0.08977442979812622,90000,0.0,0.0
2001-07-11 00:00:00+08:00,0.08667875826358795,0.08667875826358795,0.08667875826358795,0.08667875826358795,27000,0.0,0.0
2001-07-12 00:00:00+08:00,0.08667875826358795,0.08667875826358795,0.08667875826358795,0.08667875826358795,0,0.0,0.0
2001-07-13 00:00:00+08:00,0.08667875826358795,0.08667875826358795,0.08667875826358795,0.08667875826358795,0,0.0,0.0
2001-07-16 00:00:00+08:00,0.08667875826358795,0.08667875826358795,0.08667875826358795,0.08667875826358795,10000,0.0,0.0
2001-07-17 00:00:00+08:00,0.08358311653137207,0.08358311653137207,0.08358311653137207,0.08358311653137207,50000,0.0,0.0
2001-07-18 00:00:00+08:00,0.08358311653137207,0.08358311653137207,0.08358311653137207,0.08358311653137207,0,0.0,0.0
2001-07-19 00:00:00+08:00,0.08977443233992621,0.09287010878324509,0.08977443233992621,0.09287010878324509,55000,0.0,0.0
2001-07-20 00:00:00+08:00,0.08048742264509201,0.08048742264509201,0.08048742264509201,0.08048742264509201,20000,0.0,0.0
2001-07-23 00:00:00+08:00,0.08048742264509201,0.08048742264509201,0.08048742264509201,0.08048742264509201,32000,0.0,0.0
2001-07-24 00:00:00+08:00,0.07739175538207037,0.08048742264509201,0.07739175538207037,0.08048742264509201,6000,0.0,0.0
2001-07-25 00:00:00+08:00,0.08048742264509201,0.08048742264509201,0.08048742264509201,0.08048742264509201,0,0.0,0.0
2001-07-26 00:00:00+08:00,0.08358309913392982,0.08358309913392982,0.08048742264509201,0.08048742264509201,60000,0.0,0.0
2001-07-27 00:00:00+08:00,0.08358309913392982,0.08358309913392982,0.08048742264509201,0.08048742264509201,20000,0.0,0.0
2001-07-30 00:00:00+08:00,0.08048742264509201,0.08048742264509201,0.08048742264509201,0.08048742264509201,0,0.0,0.0
2001-07-31 00:00:00+08:00,0.08048742264509201,0.08048742264509201,0.08048742264509201,0.08048742264509201,0,0.0,0.0
2001-08-01 00:00:00+08:00,0.08048741918274656,0.08977442979812622,0.08048741918274656,0.08977442979812622,27000,0.0,0.0
2001-08-02 00:00:00+08:00,0.08977442979812622,0.08977442979812622,0.08977442979812622,0.08977442979812622,0,0.0,0.0
2001-08-03 00:00:00+08:00,0.08667875826358795,0.08667875826358795,0.08667875826358795,0.08667875826358795,12000,0.0,0.0
2001-08-06 00:00:00+08:00,0.08358311653137207,0.08358311653137207,0.08358311653137207,0.08358311653137207,100000,0.0,0.0
2001-08-07 00:00:00+08:00,0.08048743939818327,0.08358311653137207,0.08048743939818327,0.08358311653137207,78000,0.0,0.0
2001-08-08 00:00:00+08:00,0.08358309913392982,0.08358309913392982,0.08048742264509201,0.08048742264509201,37000,0.0,0.0
2001-08-09 00:00:00+08:00,0.08048742264509201,0.08048742264509201,0.08048742264509201,0.08048742264509201,0,0.0,0.0
2001-08-10 00:00:00+08:00,0.08048742264509201,0.08048742264509201,0.07739175538207037,0.08048742264509201,80000,0.0,0.0
2001-08-13 00:00:00+08:00,0.07739175205289194,0.08977442979812622,0.07739175205289194,0.08977442979812622,33000,0.0,0.0
2001-08-14 00:00:00+08:00,0.08977442979812622,0.08977442979812622,0.08977442979812622,0.08977442979812622,0,0.0,0.0
2001-08-15 00:00:00+08:00,0.08977442979812622,0.08977442979812622,0.08977442979812622,0.08977442979812622,0,0.0,0.0
2001-08-16 00:00:00+08:00,0.08358309129104331,0.08667875826358795,0.08358309129104331,0.08667875826358795,41000,0.0,0.0
2001-08-17 00:00:00+08:00,0.08667875826358795,0.08667875826358795,0.08667875826358795,0.08667875826358795,0,0.0,0.0
2001-08-20 00:00:00+08:00,0.08667875826358795,0.08667875826358795,0.08667875826358795,0.08667875826358795,0,0.0,0.0
2001-08-21 00:00:00+08:00,0.08667875826358795,0.08667875826358795,0.08667875826358795,0.08667875826358795,0,0.0,0.0
2001-08-22 00:00:00+08:00,0.08667875826358795,0.08667875826358795,0.08667875826358795,0.08667875826358795,0,0.0,0.0
2001-08-23 00:00:00+08:00,0.08667875826358795,0.08667875826358795,0.08667875826358795,0.08667875826358795,0,0.0,0.0
2001-08-24 00:00:00+08:00,0.07739175538207037,0.08048742264509201,0.07739175538207037,0.08048742264509201,41000,0.0,0.0
2001-08-27 00:00:00+08:00,0.08048742264509201,0.08048742264509201,0.07739175538207037,0.08048742264509201,46000,0.0,0.0
2001-08-28 00:00:00+08:00,0.07739175856113434,0.07739175856113434,0.07739175856113434,0.07739175856113434,110000,0.0,0.0
2001-08-29 00:00:00+08:00,0.07429607957601547,0.07429607957601547,0.07429607957601547,0.07429607957601547,5000,0.0,0.0
2001-08-30 00:00:00+08:00,0.07429607957601547,0.0773917512881899,0.0712004124767489,0.07429607957601547,232000,0.0,0.0
2001-08-31 00:00:00+08:00,0.0773917512881899,0.0773917512881899,0.07429607957601547,0.07429607957601547,79000,0.0,0.0
2001-09-03 00:00:00+08:00,0.07429607957601547,0.07429607957601547,0.07429607957601547,0.07429607957601547,0,0.0,0.0
2001-09-04 00:00:00+08:00,0.07739175856113434,0.07739175856113434,0.07739175856113434,0.07739175856113434,20000,0.0,0.0
2001-09-05 00:00:00+08:00,0.07739177149081256,0.08358311653137207,0.07739177149081256,0.08358311653137207,50000,0.0,0.0
2001-09-06 00:00:00+08:00,0.07739175856113434,0.07739175856113434,0.07739175856113434,0.07739175856113434,10000,0.0,0.0
2001-09-07 00:00:00+08:00,0.0712004124767489,0.07429607957601547,0.0712004124767489,0.07429607957601547,70000,0.0,0.0
2001-09-10 00:00:00+08:00,0.0712004080414772,0.0712004080414772,0.0712004080414772,0.0712004080414772,200000,0.0,0.0
2001-09-11 00:00:00+08:00,0.0712004080414772,0.0712004080414772,0.0712004080414772,0.0712004080414772,0,0.0,0.0
2001-09-12 00:00:00+08:00,0.06810475140810013,0.06810475140810013,0.06810475140810013,0.06810475140810013,42000,0.0,0.0
2001-09-13 00:00:00+08:00,0.06810475210103,0.06810475210103,0.06500907987356186,0.06500907987356186,11000,0.0,0.0
2001-09-14 00:00:00+08:00,0.06191340101939204,0.06191340101939204,0.058817729353904724,0.058817729353904724,24000,0.0,0.0
2001-09-17 00:00:00+08:00,0.05572206558322391,0.05572206558322391,0.049530721887593665,0.05262639373540878,272000,0.0,0.0
2001-09-18 00:00:00+08:00,0.05262640018950656,0.06500907987356186,0.04953072796203843,0.06500907987356186,123000,0.0,0.0
2001-09-19 00:00:00+08:00,0.04953073154323222,0.058817744284201876,0.04953073154323222,0.05572207644581795,145000,0.0,0.0
2001-09-20 00:00:00+08:00,0.055722076445817954,0.055722076445817954,0.055722076445817954,0.05572207644581795,0,0.0,0.0
2001-09-21 00:00:00+08:00,0.05572206558322391,0.05572206558322391,0.049530721887593665,0.05262639373540878,283000,0.0,0.0
2001-09-24 00:00:00+08:00,0.05262639373540878,0.05262639373540878,0.05262639373540878,0.05262639373540878,0,0.0,0.0
2001-09-25 00:00:00+08:00,0.058817744284201876,0.058817744284201876,0.055722076445817954,0.05572207644581795,120000,0.0,0.0
2001-09-26 00:00:00+08:00,0.05262639373540878,0.05262639373540878,0.05262639373540878,0.05262639373540878,180000,0.0,0.0
2001-09-27 00:00:00+08:00,0.05262639373540878,0.05262639373540878,0.05262639373540878,0.05262639373540878,0,0.0,0.0
2001-09-28 00:00:00+08:00,0.05262639373540878,0.05262639373540878,0.05262639373540878,0.05262639373540878,0,0.0,0.0
2001-10-01 00:00:00+08:00,0.05572206558322391,0.05572206558322391,0.05262639373540878,0.05262639373540878,84000,0.0,0.0
2001-10-02 00:00:00+08:00,0.05262639373540878,0.05262639373540878,0.05262639373540878,0.05262639373540878,210000,0.0,0.0
2001-10-03 00:00:00+08:00,0.055722076445817954,0.055722076445817954,0.055722076445817954,0.05572207644581795,1000,0.0,0.0
2001-10-04 00:00:00+08:00,0.055722076445817954,0.055722076445817954,0.055722076445817954,0.05572207644581795,232000,0.0,0.0
2001-10-05 00:00:00+08:00,0.055722076445817954,0.055722076445817954,0.055722076445817954,0.05572207644581795,70000,0.0,0.0
2001-10-08 00:00:00+08:00,0.05262639373540878,0.05262639373540878,0.05262639373540878,0.05262639373540878,30000,0.0,0.0
2001-10-09 00:00:00+08:00,0.058817729353904724,0.058817729353904724,0.058817729353904724,0.058817729353904724,77000,0.0,0.0
2001-10-10 00:00:00+08:00,0.05881772569047744,0.061913397163152695,0.05881772569047744,0.061913397163152695,49000,0.0,0.0
2001-10-11 00:00:00+08:00,0.061913397163152695,0.061913397163152695,0.061913397163152695,0.061913397163152695,13000,0.0,0.0
2001-10-12 00:00:00+08:00,0.061913397163152695,0.061913397163152695,0.061913397163152695,0.061913397163152695,89000,0.0,0.0
2001-10-15 00:00:00+08:00,0.061913397163152695,0.061913397163152695,0.061913397163152695,0.061913397163152695,0,0.0,0.0
2001-10-16 00:00:00+08:00,0.061913397163152695,0.061913397163152695,0.061913397163152695,0.061913397163152695,40000,0.0,0.0
2001-10-17 00:00:00+08:00,0.055722059670610224,0.0712004080414772,0.055722059670610224,0.0712004080414772,416000,0.0,0.0
2001-10-18 00:00:00+08:00,0.06810475210103,0.06810475210103,0.06500907987356186,0.06500907987356186,317000,0.0,0.0
2001-10-19 00:00:00+08:00,0.06500907987356186,0.06500907987356186,0.06500907987356186,0.06500907987356186,70000,0.0,0.0
2001-10-22 00:00:00+08:00,0.055722058830709666,0.061913397163152695,0.055722058830709666,0.061913397163152695,262000,0.0,0.0
2001-10-23 00:00:00+08:00,0.06191341225900234,0.06500907987356186,0.05881774003153421,0.06500907987356186,255000,0.0,0.0
2001-10-24 00:00:00+08:00,0.06500907987356186,0.06500907987356186,0.06500907987356186,0.06500907987356186,50000,0.0,0.0
2001-10-25 00:00:00+08:00,0.06500907987356186,0.06500907987356186,0.06191341225900234,0.06500907987356186,37000,0.0,0.0
2001-10-26 00:00:00+08:00,0.06500907921212883,0.07120042360407143,0.06500907921212883,0.06810475140810013,143000,0.0,0.0
2001-10-29 00:00:00+08:00,0.06500906500280437,0.0712004080414772,0.06500906500280437,0.0712004080414772,140000,0.0,0.0
2001-10-30 00:00:00+08:00,0.0712004080414772,0.0712004080414772,0.0712004080414772,0.0712004080414772,0,0.0,0.0
2001-10-31 00:00:00+08:00,0.0712004080414772,0.0712004080414772,0.0712004080414772,0.0712004080414772,0,0.0,0.0
2001-11-01 00:00:00+08:00,0.0712004080414772,0.0712004080414772,0.0712004080414772,0.0712004080414772,0,0.0,0.0
2001-11-02 00:00:00+08:00,0.061913397163152695,0.061913397163152695,0.05881772569047744,0.061913397163152695,115000,0.0,0.0
2001-11-05 00:00:00+08:00,0.061913397163152695,0.061913397163152695,0.061913397163152695,0.061913397163152695,30000,0.0,0.0
2001-11-06 00:00:00+08:00,0.061913397163152695,0.061913397163152695,0.061913397163152695,0.061913397163152695,0,0.0,0.0
2001-11-07 00:00:00+08:00,0.058817729353904724,0.058817729353904724,0.058817729353904724,0.058817729353904724,15000,0.0,0.0
2001-11-08 00:00:00+08:00,0.058817729353904724,0.058817729353904724,0.058817729353904724,0.058817729353904724,21000,0.0,0.0
2001-11-09 00:00:00+08:00,0.058817729353904724,0.058817729353904724,0.058817729353904724,0.058817729353904724,0,0.0,0.0
2001-11-12 00:00:00+08:00,0.058817729353904724,0.058817729353904724,0.058817729353904724,0.058817729353904724,31000,0.0,0.0
2001-11-13 00:00:00+08:00,0.058817729353904724,0.058817729353904724,0.058817729353904724,0.058817729353904724,0,0.0,0.0
2001-11-14 00:00:00+08:00,0.058817729353904724,0.058817729353904724,0.058817729353904724,0.058817729353904724,0,0.0,0.0
2001-11-15 00:00:00+08:00,0.058817729353904724,0.058817729353904724,0.058817729353904724,0.058817729353904724,0,0.0,0.0
2001-11-16 00:00:00+08:00,0.058817729353904724,0.058817729353904724,0.058817729353904724,0.058817729353904724,0,0.0,0.0
2001-11-19 00:00:00+08:00,0.055722072416974695,0.06500907987356186,0.055722072416974695,0.06500907987356186,68000,0.0,0.0
2001-11-20 00:00:00+08:00,0.06500907987356186,0.06500907987356186,0.06500907987356186,0.06500907987356186,130000,0.0,0.0
2001-11-21 00:00:00+08:00,0.06500907987356186,0.06500907987356186,0.06500907987356186,0.06500907987356186,0,0.0,0.0
2001-11-22 00:00:00+08:00,0.06500907987356186,0.06500907987356186,0.06500907987356186,0.06500907987356186,0,0.0,0.0
2001-11-23 00:00:00+08:00,0.06500907987356186,0.06500907987356186,0.06500907987356186,0.06500907987356186,4000,0.0,0.0
2001-11-26 00:00:00+08:00,0.06500907987356186,0.06500907987356186,0.06500907987356186,0.06500907987356186,0,0.0,0.0
2001-11-27 00:00:00+08:00,0.061913397163152695,0.061913397163152695,0.061913397163152695,0.061913397163152695,25000,0.0,0.0
2001-11-28 00:00:00+08:00,0.06191340101939204,0.0650090680719716,0.058817729353904724,0.058817729353904724,80000,0.0,0.0
2001-11-29 00:00:00+08:00,0.06191341225900234,0.06500907987356186,0.06191341225900234,0.06500907987356186,30000,0.0,0.0
2001-11-30 00:00:00+08:00,0.06500907987356186,0.06500907987356186,0.06500907987356186,0.06500907987356186,5000,0.0,0.0
2001-12-03 00:00:00+08:00,0.06500907987356186,0.06500907987356186,0.06500907987356186,0.06500907987356186,0,0.0,0.0
2001-12-04 00:00:00+08:00,0.06500907987356186,0.06500907987356186,0.06500907987356186,0.06500907987356186,0,0.0,0.0
2001-12-05 00:00:00+08:00,0.06500906500280437,0.0712004080414772,0.06500906500280437,0.0712004080414772,338000,0.0,0.0
2001-12-06 00:00:00+08:00,0.07429607494790608,0.07429607494790608,0.0712004080414772,0.0712004080414772,439000,0.0,0.0
2001-12-07 00:00:00+08:00,0.0712004080414772,0.0712004080414772,0.0712004080414772,0.0712004080414772,12000,0.0,0.0
2001-12-10 00:00:00+08:00,0.07429607957601547,0.07429607957601547,0.07429607957601547,0.07429607957601547,35000,0.0,0.0
2001-12-11 00:00:00+08:00,0.07429607957601547,0.07429607957601547,0.07429607957601547,0.07429607957601547,0,0.0,0.0
2001-12-12 00:00:00+08:00,0.06810475140810013,0.06810475140810013,0.06810475140810013,0.06810475140810013,41000,0.0,0.0
2001-12-13 00:00:00+08:00,0.0712004080414772,0.0712004080414772,0.0712004080414772,0.0712004080414772,1000,0.0,0.0
2001-12-14 00:00:00+08:00,0.0712004080414772,0.0712004080414772,0.0712004080414772,0.0712004080414772,0,0.0,0.0
2001-12-17 00:00:00+08:00,0.0712004080414772,0.0712004080414772,0.0712004080414772,0.0712004080414772,0,0.0,0.0
2001-12-18 00:00:00+08:00,0.0712004080414772,0.0712004080414772,0.0712004080414772,0.0712004080414772,25000,0.0,0.0
2001-12-19 00:00:00+08:00,0.07120042360407143,0.07120042360407143,0.06810475140810013,0.06810475140810013,61000,0.0,0.0
2001-12-20 00:00:00+08:00,0.06810475140810013,0.06810475140810013,0.06810475140810013,0.06810475140810013,0,0.0,0.0
2001-12-21 00:00:00+08:00,0.061913397163152695,0.061913397163152695,0.061913397163152695,0.061913397163152695,5000,0.0,0.0
2001-12-24 00:00:00+08:00,0.061913397163152695,0.061913397163152695,0.061913397163152695,0.061913397163152695,0,0.0,0.0
2001-12-25 00:00:00+08:00,0.061913397163152695,0.061913397163152695,0.061913397163152695,0.061913397163152695,0,0.0,0.0
2001-12-26 00:00:00+08:00,0.06810473652214079,0.0712004080414772,0.06810473652214079,0.0712004080414772,33000,0.0,0.0
2001-12-27 00:00:00+08:00,0.06500907987356186,0.06500907987356186,0.06500907987356186,0.06500907987356186,1000,0.0,0.0
2001-12-28 00:00:00+08:00,0.07429607957601547,0.07429607957601547,0.07429607957601547,0.07429607957601547,19000,0.0,0.0
2001-12-31 00:00:00+08:00,0.07429607957601547,0.07429607957601547,0.07429607957601547,0.07429607957601547,0,0.0,0.0
2002-01-01 00:00:00+08:00,0.07429607957601547,0.07429607957601547,0.07429607957601547,0.07429607957601547,0,0.0,0.0
2002-01-02 00:00:00+08:00,0.07429607957601547,0.07429607957601547,0.07429607957601547,0.07429607957601547,0,0.0,0.0
2002-01-03 00:00:00+08:00,0.07429607957601547,0.07429607957601547,0.07429607957601547,0.07429607957601547,0,0.0,0.0
2002-01-04 00:00:00+08:00,0.08358311653137207,0.08358311653137207,0.08048743939818327,0.08358311653137207,295000,0.0,0.0
2002-01-07 00:00:00+08:00,0.08358309129104331,0.0897744252361326,0.08358309129104331,0.08667875826358795,580000,0.0,0.0
2002-01-08 00:00:00+08:00,0.0897744252361326,0.09287010143449256,0.08667875826358795,0.08667875826358795,479000,0.0,0.0
2002-01-09 00:00:00+08:00,0.08667875826358795,0.08667875826358795,0.08667875826358795,0.08667875826358795,140000,0.0,0.0
2002-01-10 00:00:00+08:00,0.0866787651224234,0.09287010878324509,0.0866787651224234,0.09287010878324509,532000,0.0,0.0
2002-01-11 00:00:00+08:00,0.09287010878324509,0.09287010878324509,0.08977443233992621,0.09287010878324509,461000,0.0,0.0
2002-01-14 00:00:00+08:00,0.09287010575078194,0.09596577286720276,0.09287010575078194,0.09596577286720276,507000,0.0,0.0
2002-01-15 00:00:00+08:00,0.09287010615379664,0.09596577328365126,0.08977442979812622,0.08977442979812622,443000,0.0,0.0
2002-01-16 00:00:00+08:00,0.0897744252361326,0.0897744252361326,0.08667875826358795,0.08667875826358795,529000,0.0,0.0
2002-01-17 00:00:00+08:00,0.0866787626682716,0.08977442979812622,0.0866787626682716,0.08977442979812622,364000,0.0,0.0
2002-01-18 00:00:00+08:00,0.08977442979812622,0.08977442979812622,0.0866787626682716,0.08977442979812622,405000,0.0,0.0
2002-01-21 00:00:00+08:00,0.0866787626682716,0.08977442979812622,0.0866787626682716,0.08977442979812622,110000,0.0,0.0
2002-01-22 00:00:00+08:00,0.0897744252361326,0.0897744252361326,0.08667875826358795,0.08667875826358795,150000,0.0,0.0
2002-01-23 00:00:00+08:00,0.08667875826358795,0.08667875826358795,0.08667875826358795,0.08667875826358795,70000,0.0,0.0
2002-01-24 00:00:00+08:00,0.08977442979812622,0.08977442979812622,0.08977442979812622,0.08977442979812622,30000,0.0,0.0
2002-01-25 00:00:00+08:00,0.08977442979812622,0.08977442979812622,0.08977442979812622,0.08977442979812622,160000,0.0,0.0
2002-01-28 00:00:00+08:00,0.08977443233992621,0.09287010878324509,0.08977443233992621,0.09287010878324509,347000,0.0,0.0
2002-01-29 00:00:00+08:00,0.08977443233992621,0.09287010878324509,0.08977443233992621,0.09287010878324509,228000,0.0,0.0
2002-01-30 00:00:00+08:00,0.08977443233992621,0.09287010878324509,0.08977443233992621,0.09287010878324509,159000,0.0,0.0
2002-01-31 00:00:00+08:00,0.09287010878324509,0.09287010878324509,0.09287010878324509,0.09287010878324509,0,0.0,0.0
2002-02-01 00:00:00+08:00,0.09287010615379664,0.09287010615379664,0.08977442979812622,0.08977442979812622,67000,0.0,0.0
2002-02-04 00:00:00+08:00,0.0897744252361326,0.0897744252361326,0.08667875826358795,0.08667875826358795,112000,0.0,0.0
2002-02-05 00:00:00+08:00,0.0866787626682716,0.08977442979812622,0.0866787626682716,0.08977442979812622,79000,0.0,0.0
2002-02-06 00:00:00+08:00,0.0866787626682716,0.08977442979812622,0.0866787626682716,0.08977442979812622,74000,0.0,0.0
2002-02-07 00:00:00+08:00,0.08667875826358795,0.08667875826358795,0.08358309129104331,0.08667875826358795,134000,0.0,0.0
2002-02-08 00:00:00+08:00,0.08667875826358795,0.08667875826358795,0.08667875826358795,0.08667875826358795,55000,0.0,0.0
2002-02-11 00:00:00+08:00,0.0897744252361326,0.0897744252361326,0.08667875826358795,0.08667875826358795,50000,0.0,0.0
2002-02-12 00:00:00+08:00,0.08667875826358795,0.08667875826358795,0.08667875826358795,0.08667875826358795,0,0.0,0.0
2002-02-13 00:00:00+08:00,0.08667875826358795,0.08667875826358795,0.08667875826358795,0.08667875826358795,0,0.0,0.0
2002-02-14 00:00:00+08:00,0.08667875826358795,0.0897744252361326,0.08667875826358795,0.08667875826358795,57000,0.0,0.0
2002-02-15 00:00:00+08:00,0.0866787626682716,0.08977442979812622,0.0866787626682716,0.08977442979812622,60000,0.0,0.0
2002-02-18 00:00:00+08:00,0.08977442979812622,0.08977442979812622,0.08977442979812622,0.08977442979812622,28000,0.0,0.0
2002-02-19 00:00:00+08:00,0.08977443233992621,0.09287010878324509,0.08977443233992621,0.09287010878324509,366000,0.0,0.0
2002-02-20 00:00:00+08:00,0.09287010575078194,0.09596577286720276,0.09287010575078194,0.09596577286720276,451000,0.0,0.0
2002-02-21 00:00:00+08:00,0.09906143998362359,0.09906143998362359,0.09596577286720276,0.09596577286720276,205000,0.0,0.0
2002-02-22 00:00:00+08:00,0.08977442979812622,0.08977442979812622,0.0866787626682716,0.08977442979812622,410000,0.0,0.0
2002-02-25 00:00:00+08:00,0.08977442979812622,0.08977442979812622,0.08977442979812622,0.08977442979812622,0,0.0,0.0
2002-02-26 00:00:00+08:00,0.08667875826358795,0.08667875826358795,0.08667875826358795,0.08667875826358795,60000,0.0,0.0
2002-02-27 00:00:00+08:00,0.08977442979812622,0.08977442979812622,0.08977442979812622,0.08977442979812622,30000,0.0,0.0
2002-02-28 00:00:00+08:00,0.08667875826358795,0.0897744252361326,0.08667875826358795,0.08667875826358795,83000,0.0,0.0
2002-03-01 00:00:00+08:00,0.08667875826358795,0.08667875826358795,0.08667875826358795,0.08667875826358795,64000,0.0,0.0
2002-03-04 00:00:00+08:00,0.08977443233992621,0.09287010878324509,0.08977443233992621,0.09287010878324509,234000,0.0,0.0
2002-03-05 00:00:00+08:00,0.0897744252361326,0.0897744252361326,0.08667875826358795,0.08667875826358795,97000,0.0,0.0
2002-03-06 00:00:00+08:00,0.0866787651224234,0.0959657760007479,0.0866787651224234,0.09287010878324509,490000,0.0,0.0
2002-03-07 00:00:00+08:00,0.09596578436500434,0.09906145185232162,0.09287011687768705,0.09906145185232162,1241000,0.0,0.0
2002-03-08 00:00:00+08:00,0.09596577286720276,0.09596577286720276,0.09596577286720276,0.09596577286720276,105000,0.0,0.0
2002-03-11 00:00:00+08:00,0.09906143998362359,0.09906143998362359,0.09596577286720276,0.09596577286720276,138000,0.0,0.0
2002-03-12 00:00:00+08:00,0.09287010878324509,0.09287010878324509,0.09287010878324509,0.09287010878324509,70000,0.0,0.0
2002-03-13 00:00:00+08:00,0.0897744294085454,0.09596577286720276,0.0897744294085454,0.09596577286720276,230000,0.0,0.0
2002-03-14 00:00:00+08:00,0.09287010878324509,0.0959657760007479,0.09287010878324509,0.09287010878324509,472000,0.0,0.0
2002-03-15 00:00:00+08:00,0.095965793498323,0.10215713828802109,0.095965793498323,0.10215713828802109,882000,0.0,0.0
2002-03-18 00:00:00+08:00,0.10215713276445361,0.13001815974712372,0.10215713276445361,0.13001815974712372,11571000,0.0,0.0
2002-03-19 00:00:00+08:00,0.13001814046693203,0.13311381684825563,0.1238268061559165,0.12692247331142426,3317000,0.0,0.0
2002-03-20 00:00:00+08:00,0.1269224921325642,0.13001815974712372,0.12073114767762794,0.13001815974712372,1902000,0.0,0.0
2002-03-21 00:00:00+08:00,0.1269224728654255,0.13620948352513054,0.1269224728654255,0.1331138163805008,5424000,0.0,0.0
2002-03-22 00:00:00+08:00,0.13001815974712372,0.13001815974712372,0.1269224921325642,0.13001815974712372,647000,0.0,0.0
2002-03-25 00:00:00+08:00,0.13001814046693203,0.13311381684825563,0.12692247331142426,0.12692247331142426,1848000,0.0,0.0
2002-03-26 00:00:00+08:00,0.12692247100553355,0.14859215915203094,0.12692247100553355,0.14859215915203094,13088000,0.0,0.0
2002-03-27 00:00:00+08:00,0.1516878260280561,0.1516878260280561,0.13930513995071045,0.1424008160829544,4108000,0.0,0.0
2002-03-28 00:00:00+08:00,0.14549648298938328,0.14549648298938328,0.13930513995071045,0.1424008160829544,1428000,0.0,0.0
2002-03-29 00:00:00+08:00,0.1424008160829544,0.1424008160829544,0.1424008160829544,0.1424008160829544,0,0.0,0.0
2002-04-01 00:00:00+08:00,0.1393051506697603,0.1393051506697603,0.13001814001005524,0.1331138163805008,1540000,0.0,0.0
2002-04-02 00:00:00+08:00,0.13620947304428158,0.14549648298938328,0.13620947304428158,0.1424008160829544,3497000,0.0,0.0
2002-04-03 00:00:00+08:00,0.1424008497808245,0.14859218505880561,0.13620950527702613,0.14549651741981506,6526000,0.0,0.0
2002-04-04 00:00:00+08:00,0.13930515944957733,0.14549650335486694,0.13930515944957733,0.13930515944957733,1463000,0.0,0.0
2002-04-05 00:00:00+08:00,0.13930513995071045,0.14549648298938328,0.13930513995071045,0.1424008160829544,1170000,0.0,0.0
2002-04-08 00:00:00+08:00,0.1424008249534978,0.15168783547711323,0.1424008249534978,0.14859215915203094,5654000,0.0,0.0
2002-04-09 00:00:00+08:00,0.14859214989581215,0.14859214989581215,0.13930513995071045,0.1424008160829544,1561000,0.0,0.0
2002-04-10 00:00:00+08:00,0.139305170399263,0.139305170399263,0.13620950281620026,0.13620950281620026,1757000,0.0,0.0
2002-04-11 00:00:00+08:00,0.13930513995071045,0.14549648298938328,0.13930513995071045,0.1424008160829544,1922000,0.0,0.0
2002-04-12 00:00:00+08:00,0.13930513995071045,0.14549648298938328,0.13930513995071045,0.1424008160829544,1665000,0.0,0.0
2002-04-15 00:00:00+08:00,0.14240083601513034,0.14549650335486694,0.13930515944957733,0.13930515944957733,1281000,0.0,0.0
2002-04-16 00:00:00+08:00,0.13930514862841553,0.15168783547711323,0.13930514862841553,0.14859215915203094,7052000,0.0,0.0
2002-04-17 00:00:00+08:00,0.1516878497320846,0.15787918451245275,0.1454965057258999,0.15478351712226868,12012000,0.0,0.0
2002-04-18 00:00:00+08:00,0.15478351712226868,0.15787918451245275,0.1516878497320846,0.15478351712226868,2592000,0.0,0.0
2002-04-19 00:00:00+08:00,0.15787918865680695,0.16407052359969865,0.15787918865680695,0.15787918865680695,10127000,0.0,0.0
2002-04-22 00:00:00+08:00,0.15787918451245275,0.15787918451245275,0.1516878497320846,0.15478351712226868,1840000,0.0,0.0
2002-04-23 00:00:00+08:00,0.1516878497320846,0.15478351712226868,0.1516878497320846,0.15478351712226868,1517000,0.0,0.0
2002-04-24 00:00:00+08:00,0.1516878604888916,0.1516878604888916,0.14859218365336385,0.1516878604888916,1645000,0.0,0.0
2002-04-25 00:00:00+08:00,0.1516878604888916,0.16407053092773374,0.1516878604888916,0.1516878604888916,8269000,0.0,0.0
2002-04-26 00:00:00+08:00,0.15168783547711323,0.1547835025763798,0.14859215915203094,0.14859215915203094,1849000,0.0,0.0
2002-04-29 00:00:00+08:00,0.14859214989581215,0.14859214989581215,0.1424008160829544,0.1424008160829544,1110000,0.0,0.0
2002-04-30 00:00:00+08:00,0.1424008249534978,0.14859215915203094,0.1424008249534978,0.14859215915203094,1237000,0.0,0.0
2002-05-01 00:00:00+08:00,0.14859215915203094,0.14859215915203094,0.14859215915203094,0.14859215915203094,0,0.0,0.0
2002-05-02 00:00:00+08:00,0.14859218505880561,0.154783529562604,0.14549651741981506,0.14549651741981506,3006000,0.0,0.0
2002-05-03 00:00:00+08:00,0.14549649205276438,0.15168783547711323,0.14549649205276438,0.14859215915203094,4812000,0.0,0.0
2002-05-06 00:00:00+08:00,0.14859218505880561,0.14859218505880561,0.14549651741981506,0.14549651741981506,561000,0.0,0.0
2002-05-07 00:00:00+08:00,0.14549649205276438,0.15168783547711323,0.14549649205276438,0.14859215915203094,743000,0.0,0.0
2002-05-08 00:00:00+08:00,0.14859215915203094,0.14859215915203094,0.1424008249534978,0.14859215915203094,1334000,0.0,0.0
2002-05-09 00:00:00+08:00,0.15168786192361344,0.15168786192361344,0.14549651741981506,0.14549651741981506,1627000,0.0,0.0
2002-05-10 00:00:00+08:00,0.14859215915203094,0.1547835025763798,0.14549649205276438,0.14859215915203094,4766000,0.0,0.0
2002-05-13 00:00:00+08:00,0.14859218505880561,0.14859218505880561,0.14549651741981506,0.14549651741981506,332000,0.0,0.0
2002-05-14 00:00:00+08:00,0.14859217311608397,0.15478351712226868,0.14859217311608397,0.15478351712226868,3831000,0.0,0.0
2002-05-15 00:00:00+08:00,0.15787919570831266,0.15787919570831266,0.14859218365336385,0.1516878604888916,2626000,0.0,0.0
2002-05-16 00:00:00+08:00,0.14859218365336385,0.1516878604888916,0.14859218365336385,0.1516878604888916,2382000,0.0,0.0
2002-05-17 00:00:00+08:00,0.14859215915203094,0.14859215915203094,0.14549649205276438,0.14859215915203094,1125000,0.0,0.0
2002-05-20 00:00:00+08:00,0.14859218505880561,0.14859218505880561,0.14549651741981506,0.14549651741981506,1046000,0.0,0.0
2002-05-21 00:00:00+08:00,0.14549651741981506,0.14549651741981506,0.1424008497808245,0.14549651741981506,1300000,0.0,0.0
2002-05-22 00:00:00+08:00,0.1454965057258999,0.15478351712226868,0.1454965057258999,0.15478351712226868,5792000,0.0,0.0
2002-05-23 00:00:00+08:00,0.154783529562604,0.154783529562604,0.14549651741981506,0.14549651741981506,2361000,0.0,0.0
2002-05-24 00:00:00+08:00,0.14549649205276438,0.14859215915203094,0.14549649205276438,0.14859215915203094,1017000,0.0,0.0
2002-05-27 00:00:00+08:00,0.14859215915203094,0.14859215915203094,0.14859215915203094,0.14859215915203094,0,0.0,0.0
2002-05-28 00:00:00+08:00,0.1424008160829544,0.1424008160829544,0.13930513995071045,0.1424008160829544,534000,0.0,0.0
2002-05-29 00:00:00+08:00,0.13930514862841553,0.14859215915203094,0.13620948152914897,0.14859215915203094,2629000,0.0,0.0
2002-05-30 00:00:00+08:00,0.1424008497808245,0.14549651741981506,0.1424008497808245,0.14549651741981506,867000,0.0,0.0
2002-05-31 00:00:00+08:00,0.14240083601513034,0.14240083601513034,0.13930515944957733,0.13930515944957733,2158000,0.0,0.0
2002-06-03 00:00:00+08:00,0.139305170399263,0.139305170399263,0.13620950281620026,0.13620950281620026,846000,0.0,0.0
2002-06-04 00:00:00+08:00,0.13620950281620026,0.13620950281620026,0.13311383523313752,0.13620950281620026,275000,0.0,0.0
2002-06-05 00:00:00+08:00,0.13809255995080028,0.14750796219078036,0.13809255995080028,0.14436949789524078,4202000,0.003,0.0
2002-06-06 00:00:00+08:00,0.14750798046588898,0.14750798046588898,0.1443695157815177,0.14750798046588898,1060000,0.0,0.0
2002-06-07 00:00:00+08:00,0.14436950400753087,0.14436950400753087,0.14123103022575378,0.14123103022575378,478000,0.0,0.0
2002-06-10 00:00:00+08:00,0.14123103022575378,0.14123103022575378,0.14123103022575378,0.14123103022575378,33000,0.0,0.0
2002-06-11 00:00:00+08:00,0.14123103022575378,0.14123103022575378,0.13809256579733847,0.14123103022575378,509000,0.0,0.0
2002-06-12 00:00:00+08:00,0.1412310116711978,0.1412310116711978,0.1380925476551056,0.1380925476551056,717000,0.0,0.0
2002-06-13 00:00:00+08:00,0.1412310116711978,0.1412310116711978,0.1380925476551056,0.1380925476551056,482000,0.0,0.0
2002-06-14 00:00:00+08:00,0.1380925476551056,0.1412310116711978,0.1380925476551056,0.1380925476551056,223000,0.0,0.0
2002-06-17 00:00:00+08:00,0.1380925476551056,0.1380925476551056,0.1380925476551056,0.1380925476551056,211000,0.0,0.0
2002-06-18 00:00:00+08:00,0.1412310116711978,0.1412310116711978,0.1380925476551056,0.1380925476551056,308000,0.0,0.0
2002-06-19 00:00:00+08:00,0.1380925591644477,0.1380925591644477,0.13181562125575053,0.13495409488677979,685000,0.0,0.0
2002-06-20 00:00:00+08:00,0.1349541009902638,0.1349541009902638,0.13181562721729279,0.13181562721729279,191000,0.0,0.0
2002-06-21 00:00:00+08:00,0.13181562721729279,0.13181562721729279,0.13181562721729279,0.13181562721729279,117000,0.0,0.0
2002-06-24 00:00:00+08:00,0.12867715613543435,0.12867715613543435,0.1255386918783188,0.1255386918783188,245000,0.0,0.0
2002-06-25 00:00:00+08:00,0.12553869837807421,0.13181562721729279,0.12553869837807421,0.13181562721729279,486000,0.0,0.0
2002-06-26 00:00:00+08:00,0.13181562388814985,0.13181562388814985,0.12553869520746175,0.1286771595478058,200000,0.0,0.0
2002-06-27 00:00:00+08:00,0.1286771627976835,0.13181562721729279,0.1286771627976835,0.13181562721729279,240000,0.0,0.0
2002-06-28 00:00:00+08:00,0.13495409488677979,0.14123102344211563,0.13495409488677979,0.13495409488677979,819000,0.0,0.0
2002-07-01 00:00:00+08:00,0.13181562721729279,0.13181562721729279,0.13181562721729279,0.13181562721729279,50000,0.0,0.0
2002-07-02 00:00:00+08:00,0.1286771595478058,0.1286771595478058,0.1286771595478058,0.1286771595478058,70000,0.0,0.0
2002-07-03 00:00:00+08:00,0.13181562125575053,0.13495409488677979,0.13181562125575053,0.13495409488677979,385000,0.0,0.0
2002-07-04 00:00:00+08:00,0.1380925476551056,0.1412310116711978,0.13495408363901337,0.1380925476551056,721000,0.0,0.0
2002-07-05 00:00:00+08:00,0.14123102424633985,0.14436949789524078,0.14123102424633985,0.14436949789524078,676000,0.0,0.0
2002-07-08 00:00:00+08:00,0.14436948504065059,0.14436948504065059,0.1380925476551056,0.1380925476551056,306000,0.0,0.0
2002-07-09 00:00:00+08:00,0.13809255995080028,0.14436949789524078,0.13809255995080028,0.14436949789524078,1057000,0.0,0.0
2002-07-10 00:00:00+08:00,0.14436949707314492,0.14436949707314492,0.13495409488677979,0.13495409488677979,225000,0.0,0.0
2002-07-11 00:00:00+08:00,0.13495409488677979,0.13495409488677979,0.13495409488677979,0.13495409488677979,390000,0.0,0.0
2002-07-12 00:00:00+08:00,0.13495409488677979,0.1380925591644477,0.13495409488677979,0.13495409488677979,325000,0.0,0.0
2002-07-15 00:00:00+08:00,0.13495408363901337,0.1380925476551056,0.1318156102695606,0.1380925476551056,126000,0.0,0.0
2002-07-16 00:00:00+08:00,0.1349541009902638,0.1380925654098731,0.13181562721729279,0.13181562721729279,191000,0.0,0.0
2002-07-17 00:00:00+08:00,0.1286771627976835,0.13181562721729279,0.1286771627976835,0.13181562721729279,68000,0.0,0.0
2002-07-18 00:00:00+08:00,0.1286771595478058,0.1286771595478058,0.1286771595478058,0.1286771595478058,34000,0.0,0.0
2002-07-19 00:00:00+08:00,0.12867715613543435,0.12867715613543435,0.1255386918783188,0.1255386918783188,223000,0.0,0.0
2002-07-22 00:00:00+08:00,0.125538697971642,0.125538697971642,0.12240022420883179,0.12240022420883179,114000,0.0,0.0
2002-07-23 00:00:00+08:00,0.12240021826784195,0.1255386918783188,0.12240021826784195,0.1255386918783188,207000,0.0,0.0
2002-07-24 00:00:00+08:00,0.12553869454002242,0.12553869454002242,0.1192617565393448,0.11926175653934479,185000,0.0,0.0
2002-07-25 00:00:00+08:00,0.1224002330429471,0.12553870703227357,0.11612330377101898,0.11612330377101898,378000,0.0,0.0
2002-07-26 00:00:00+08:00,0.1098463621964702,0.11298483610153198,0.1098463621964702,0.11298483610153198,180000,0.0,0.0
2002-07-29 00:00:00+08:00,0.1098463621964702,0.11298483610153198,0.1098463621964702,0.11298483610153198,95000,0.0,0.0
2002-07-30 00:00:00+08:00,0.11612328361614024,0.11612328361614024,0.10984634608030319,0.10984634608030319,313000,0.0,0.0
2002-07-31 00:00:00+08:00,0.1098463621964702,0.11298483610153198,0.1098463621964702,0.11298483610153198,151000,0.0,0.0
2002-08-01 00:00:00+08:00,0.10670788198906507,0.10984634608030319,0.10670788198906507,0.10984634608030319,62000,0.0,0.0
2002-08-02 00:00:00+08:00,0.10984634608030319,0.10984634608030319,0.10984634608030319,0.10984634608030319,80000,0.0,0.0
2002-08-05 00:00:00+08:00,0.10670789331197739,0.10670789331197739,0.10670789331197739,0.10670789331197739,30000,0.0,0.0
2002-08-06 00:00:00+08:00,0.10043095511008632,0.10670789331197739,0.10043095511008632,0.10670789331197739,150000,0.0,0.0
2002-08-07 00:00:00+08:00,0.10984635773624203,0.10984635773624203,0.10670789331197739,0.10670789331197739,88000,0.0,0.0
2002-08-08 00:00:00+08:00,0.10984634608030319,0.10984634608030319,0.10984634608030319,0.10984634608030319,30000,0.0,0.0
2002-08-09 00:00:00+08:00,0.10984634608030319,0.10984634608030319,0.10984634608030319,0.10984634608030319,0,0.0,0.0
2002-08-12 00:00:00+08:00,0.10984634608030319,0.10984634608030319,0.10984634608030319,0.10984634608030319,0,0.0,0.0
2002-08-13 00:00:00+08:00,0.11298483913505493,0.11612330377101898,0.11298483913505493,0.11612330377101898,77000,0.0,0.0
2002-08-14 00:00:00+08:00,0.11612330377101898,0.11612330377101898,0.11612330377101898,0.11612330377101898,0,0.0,0.0
2002-08-15 00:00:00+08:00,0.11298483913505493,0.11612330377101898,0.11298483913505493,0.11612330377101898,117000,0.0,0.0
2002-08-16 00:00:00+08:00,0.11612330377101898,0.11612330377101898,0.11612330377101898,0.11612330377101898,0,0.0,0.0
2002-08-19 00:00:00+08:00,0.11612330377101898,0.11612330377101898,0.11612330377101898,0.11612330377101898,0,0.0,0.0
2002-08-20 00:00:00+08:00,0.11612329538993481,0.125538697971642,0.11298483098048633,0.12240022420883179,576000,0.0,0.0
2002-08-21 00:00:00+08:00,0.1192617565393448,0.1192617565393448,0.1192617565393448,0.11926175653934479,50000,0.0,0.0
2002-08-22 00:00:00+08:00,0.1192617597993833,0.12240022420883179,0.1192617597993833,0.12240022420883179,139000,0.0,0.0
2002-08-23 00:00:00+08:00,0.12240022420883179,0.12240022420883179,0.12240022420883179,0.12240022420883179,0,0.0,0.0
2002-08-26 00:00:00+08:00,0.11298482789202863,0.1192617565393448,0.11298482789202863,0.11926175653934479,50000,0.0,0.0
2002-08-27 00:00:00+08:00,0.1192617565393448,0.1192617565393448,0.1192617565393448,0.11926175653934479,0,0.0,0.0
2002-08-28 00:00:00+08:00,0.11298483610153198,0.11298483610153198,0.11298483610153198,0.11298483610153198,110000,0.0,0.0
2002-08-29 00:00:00+08:00,0.10356941261821563,0.10356941261821563,0.0972924754023552,0.0972924754023552,215000,0.0,0.0
2002-08-30 00:00:00+08:00,0.10356943184009614,0.10356943184009614,0.10043095797300337,0.10043095797300339,34000,0.0,0.0
2002-09-02 00:00:00+08:00,0.0972924946363096,0.0972924946363096,0.09415403008460999,0.09415403008460999,55000,0.0,0.0
2002-09-03 00:00:00+08:00,0.10984636086755757,0.10984636086755757,0.10043095797300337,0.10043095797300339,26000,0.0,0.0
2002-09-04 00:00:00+08:00,0.10043095797300337,0.10043095797300337,0.10043095797300337,0.10043095797300339,26000,0.0,0.0
2002-09-05 00:00:00+08:00,0.0972924754023552,0.0972924754023552,0.0972924754023552,0.0972924754023552,20000,0.0,0.0
2002-09-06 00:00:00+08:00,0.0972924754023552,0.0972924754023552,0.0972924754023552,0.0972924754023552,60000,0.0,0.0
2002-09-09 00:00:00+08:00,0.09415403008460999,0.09415403008460999,0.09415403008460999,0.09415403008460999,50000,0.0,0.0
2002-09-10 00:00:00+08:00,0.08787707425524467,0.0972924754023552,0.08787707425524467,0.0972924754023552,93000,0.0,0.0
2002-09-11 00:00:00+08:00,0.0972924946363096,0.0972924946363096,0.09415403008460999,0.09415403008460999,120000,0.0,0.0
2002-09-12 00:00:00+08:00,0.09415403008460999,0.09415403008460999,0.09415403008460999,0.09415403008460999,40000,0.0,0.0
2002-09-13 00:00:00+08:00,0.09415403008460999,0.09415403008460999,0.09415403008460999,0.09415403008460999,0,0.0,0.0
2002-09-16 00:00:00+08:00,0.09415402112020962,0.09415402112020962,0.09101554751396179,0.09101554751396179,55000,0.0,0.0
2002-09-17 00:00:00+08:00,0.09415402894554195,0.10043095797300337,0.09415402894554195,0.10043095797300339,78000,0.0,0.0
2002-09-18 00:00:00+08:00,0.09415403008460999,0.09415403008460999,0.09415403008460999,0.09415403008460999,15000,0.0,0.0
2002-09-19 00:00:00+08:00,0.09415403008460999,0.09415403008460999,0.09415403008460999,0.09415403008460999,0,0.0,0.0
2002-09-20 00:00:00+08:00,0.09415403008460999,0.09415403008460999,0.09415403008460999,0.09415403008460999,0,0.0,0.0
2002-09-23 00:00:00+08:00,0.08787708326107523,0.09101554751396179,0.08787708326107523,0.09101554751396179,50000,0.0,0.0
2002-09-24 00:00:00+08:00,0.09415401745956617,0.09415401745956617,0.08787707984447479,0.08787707984447479,100000,0.0,0.0
2002-09-25 00:00:00+08:00,0.08473861571360955,0.08787707984447479,0.08473861571360955,0.08787707984447479,82000,0.0,0.0
2002-09-26 00:00:00+08:00,0.08473863452672958,0.08473863452672958,0.08473863452672958,0.08473863452672958,10000,0.0,0.0
2002-09-27 00:00:00+08:00,0.08473863452672958,0.08473863452672958,0.08473863452672958,0.08473863452672958,1000,0.0,0.0
2002-09-30 00:00:00+08:00,0.08473863452672958,0.08473863452672958,0.08473863452672958,0.08473863452672958,0,0.0,0.0
2002-10-01 00:00:00+08:00,0.08473863452672958,0.08473863452672958,0.08473863452672958,0.08473863452672958,0,0.0,0.0
2002-10-02 00:00:00+08:00,0.07846169551807307,0.08473863452672958,0.07846169551807307,0.08473863452672958,167000,0.0,0.0
2002-10-03 00:00:00+08:00,0.08473863452672958,0.08473863452672958,0.08473863452672958,0.08473863452672958,15000,0.0,0.0
2002-10-04 00:00:00+08:00,0.08473863452672958,0.08473863452672958,0.08473863452672958,0.08473863452672958,0,0.0,0.0
2002-10-07 00:00:00+08:00,0.08473863452672958,0.08473863452672958,0.08473863452672958,0.08473863452672958,0,0.0,0.0
2002-10-08 00:00:00+08:00,0.08473863452672958,0.08473863452672958,0.08473863452672958,0.08473863452672958,0,0.0,0.0
2002-10-09 00:00:00+08:00,0.07532321661710739,0.07532321661710739,0.07532321661710739,0.07532321661710739,42000,0.0,0.0
2002-10-10 00:00:00+08:00,0.0690462738275528,0.0690462738275528,0.0690462738275528,0.0690462738275528,2000,0.0,0.0
2002-10-11 00:00:00+08:00,0.0690462738275528,0.0690462738275528,0.0690462738275528,0.0690462738275528,0,0.0,0.0
2002-10-14 00:00:00+08:00,0.0690462738275528,0.0690462738275528,0.0690462738275528,0.0690462738275528,0,0.0,0.0
2002-10-15 00:00:00+08:00,0.07218474516010724,0.08787707984447479,0.07218474516010724,0.08787707984447479,160000,0.0,0.0
2002-10-16 00:00:00+08:00,0.08473863452672958,0.08473863452672958,0.08473863452672958,0.08473863452672958,50000,0.0,0.0
2002-10-17 00:00:00+08:00,0.08473861900818866,0.09101554751396179,0.08473861900818866,0.09101554751396179,46000,0.0,0.0
2002-10-18 00:00:00+08:00,0.09101555617954821,0.1004309591880092,0.09101555617954821,0.09415403008460999,660000,0.0,0.0
2002-10-21 00:00:00+08:00,0.09415403008460999,0.09415403008460999,0.09415403008460999,0.09415403008460999,100000,0.0,0.0
2002-10-22 00:00:00+08:00,0.09101554751396179,0.09101554751396179,0.09101554751396179,0.09101554751396179,5000,0.0,0.0
2002-10-23 00:00:00+08:00,0.09415403008460999,0.09415403008460999,0.0878770916278486,0.09415403008460999,153000,0.0,0.0
2002-10-24 00:00:00+08:00,0.09101554751396179,0.09415402112020962,0.09101554751396179,0.09101554751396179,114000,0.0,0.0
2002-10-25 00:00:00+08:00,0.09101553818649474,0.0972924754023552,0.09101553818649474,0.0972924754023552,648000,0.0,0.0
2002-10-28 00:00:00+08:00,0.0972924754023552,0.0972924754023552,0.0972924754023552,0.0972924754023552,260000,0.0,0.0
2002-10-29 00:00:00+08:00,0.0972924754023552,0.0972924754023552,0.0972924754023552,0.0972924754023552,0,0.0,0.0
2002-10-30 00:00:00+08:00,0.09415403008460999,0.09415403008460999,0.09415403008460999,0.09415403008460999,23000,0.0,0.0
2002-10-31 00:00:00+08:00,0.09415402112020962,0.09415402112020962,0.09101554751396179,0.09101554751396179,205000,0.0,0.0
2002-11-01 00:00:00+08:00,0.09101555617954821,0.09415403008460999,0.09101555617954821,0.09415403008460999,139000,0.0,0.0
2002-11-04 00:00:00+08:00,0.09415403008460999,0.09415403008460999,0.09415403008460999,0.09415403008460999,0,0.0,0.0
2002-11-05 00:00:00+08:00,0.09415403008460999,0.09415403008460999,0.09415403008460999,0.09415403008460999,0,0.0,0.0
2002-11-06 00:00:00+08:00,0.0878770916278486,0.09415403008460999,0.0878770916278486,0.09415403008460999,19000,0.0,0.0
2002-11-07 00:00:00+08:00,0.09415403008460999,0.09415403008460999,0.09415403008460999,0.09415403008460999,0,0.0,0.0
2002-11-08 00:00:00+08:00,0.09415403008460999,0.09415403008460999,0.09415403008460999,0.09415403008460999,0,0.0,0.0
2002-11-11 00:00:00+08:00,0.09415403008460999,0.09415403008460999,0.09415403008460999,0.09415403008460999,0,0.0,0.0
2002-11-12 00:00:00+08:00,0.08160015317108721,0.09415403008460999,0.08160015317108721,0.09415403008460999,14000,0.0,0.0
2002-11-13 00:00:00+08:00,0.09415403008460999,0.09415403008460999,0.09415403008460999,0.09415403008460999,0,0.0,0.0
2002-11-14 00:00:00+08:00,0.09415403008460999,0.09415403008460999,0.09415403008460999,0.09415403008460999,0,0.0,0.0
2002-11-15 00:00:00+08:00,0.09415403008460999,0.09415403008460999,0.09415403008460999,0.09415403008460999,0,0.0,0.0
2002-11-18 00:00:00+08:00,0.09415403008460999,0.09415403008460999,0.09415403008460999,0.09415403008460999,0,0.0,0.0
2002-11-19 00:00:00+08:00,0.09415403008460999,0.09415403008460999,0.09415403008460999,0.09415403008460999,0,0.0,0.0
2002-11-20 00:00:00+08:00,0.09415403008460999,0.09415403008460999,0.09415403008460999,0.09415403008460999,0,0.0,0.0
2002-11-21 00:00:00+08:00,0.08473861032399461,0.0972924754023552,0.08473861032399461,0.0972924754023552,6000,0.0,0.0
2002-11-22 00:00:00+08:00,0.0972924754023552,0.0972924754023552,0.0972924754023552,0.0972924754023552,0,0.0,0.0
2002-11-25 00:00:00+08:00,0.0972924754023552,0.0972924754023552,0.0972924754023552,0.0972924754023552,0,0.0,0.0
2002-11-26 00:00:00+08:00,0.0972924754023552,0.0972924754023552,0.0972924754023552,0.0972924754023552,0,0.0,0.0
2002-11-27 00:00:00+08:00,0.0972924754023552,0.0972924754023552,0.0972924754023552,0.0972924754023552,0,0.0,0.0
2002-11-28 00:00:00+08:00,0.09415403008460999,0.09415403008460999,0.09101555617954821,0.09415403008460999,112000,0.0,0.0
2002-11-29 00:00:00+08:00,0.09415401147110512,0.0972924754023552,0.09415401147110512,0.0972924754023552,30000,0.0,0.0
2002-12-02 00:00:00+08:00,0.09101554751396179,0.09101554751396179,0.09101554751396179,0.09101554751396179,10000,0.0,0.0
2002-12-03 00:00:00+08:00,0.09101554751396179,0.09101554751396179,0.09101554751396179,0.09101554751396179,0,0.0,0.0
2002-12-04 00:00:00+08:00,0.09101554751396179,0.09101554751396179,0.09101554751396179,0.09101554751396179,0,0.0,0.0
2002-12-05 00:00:00+08:00,0.09101554751396179,0.09101554751396179,0.09101554751396179,0.09101554751396179,0,0.0,0.0
2002-12-06 00:00:00+08:00,0.09101554751396179,0.09101554751396179,0.09101554751396179,0.09101554751396179,0,0.0,0.0
2002-12-09 00:00:00+08:00,0.09101554751396179,0.09101554751396179,0.09101554751396179,0.09101554751396179,0,0.0,0.0
2002-12-10 00:00:00+08:00,0.09101554751396179,0.09101554751396179,0.09101554751396179,0.09101554751396179,0,0.0,0.0
2002-12-11 00:00:00+08:00,0.09101554751396179,0.09101554751396179,0.09101554751396179,0.09101554751396179,0,0.0,0.0
2002-12-12 00:00:00+08:00,0.0972924754023552,0.0972924754023552,0.0972924754023552,0.0972924754023552,1000,0.0,0.0
2002-12-13 00:00:00+08:00,0.08787709031938074,0.09415402868268008,0.08160015195608139,0.08160015195608139,71000,0.0,0.0
2002-12-16 00:00:00+08:00,0.08787707984447479,0.08787707984447479,0.08787707984447479,0.08787707984447479,4000,0.0,0.0
2002-12-17 00:00:00+08:00,0.08787707984447479,0.08787707984447479,0.08787707984447479,0.08787707984447479,0,0.0,0.0
2002-12-18 00:00:00+08:00,0.08787707984447479,0.08787707984447479,0.08787707984447479,0.08787707984447479,0,0.0,0.0
2002-12-19 00:00:00+08:00,0.08787707984447479,0.08787707984447479,0.08787707984447479,0.08787707984447479,0,0.0,0.0
2002-12-20 00:00:00+08:00,0.08787707984447479,0.08787707984447479,0.08787707984447479,0.08787707984447479,0,0.0,0.0
2002-12-23 00:00:00+08:00,0.06904627635256155,0.08787707984447479,0.06904627635256155,0.08787707984447479,2000,0.0,0.0
2002-12-24 00:00:00+08:00,0.08787707984447479,0.08787707984447479,0.08787707984447479,0.08787707984447479,0,0.0,0.0
2002-12-25 00:00:00+08:00,0.08787707984447479,0.08787707984447479,0.08787707984447479,0.08787707984447479,0,0.0,0.0
2002-12-26 00:00:00+08:00,0.08787707984447479,0.08787707984447479,0.08787707984447479,0.08787707984447479,0,0.0,0.0
2002-12-27 00:00:00+08:00,0.08787707984447479,0.08787707984447479,0.08787707984447479,0.08787707984447479,0,0.0,0.0
2002-12-30 00:00:00+08:00,0.08787707984447479,0.08787707984447479,0.08787707984447479,0.08787707984447479,0,0.0,0.0
2002-12-31 00:00:00+08:00,0.08473863452672958,0.08473863452672958,0.08473863452672958,0.08473863452672958,4000,0.0,0.0
2003-01-01 00:00:00+08:00,0.08473863452672958,0.08473863452672958,0.08473863452672958,0.08473863452672958,0,0.0,0.0
2003-01-02 00:00:00+08:00,0.08473863452672958,0.08473863452672958,0.08473863452672958,0.08473863452672958,0,0.0,0.0
2003-01-03 00:00:00+08:00,0.08160014222938342,0.08787707984447479,0.08160014222938342,0.08787707984447479,24000,0.0,0.0
2003-01-06 00:00:00+08:00,0.08787707984447479,0.08787707984447479,0.08787707984447479,0.08787707984447479,0,0.0,0.0
2003-01-07 00:00:00+08:00,0.08787707984447479,0.08787707984447479,0.08787707984447479,0.08787707984447479,0,0.0,0.0
2003-01-08 00:00:00+08:00,0.08787707984447479,0.08787707984447479,0.08787707984447479,0.08787707984447479,0,0.0,0.0
2003-01-09 00:00:00+08:00,0.08787707984447479,0.08787707984447479,0.08787707984447479,0.08787707984447479,0,0.0,0.0
2003-01-10 00:00:00+08:00,0.09101554751396179,0.09101554751396179,0.09101554751396179,0.09101554751396179,70000,0.0,0.0
2003-01-13 00:00:00+08:00,0.08473861900818866,0.09415402112020962,0.08473861900818866,0.09101554751396179,155000,0.0,0.0
2003-01-14 00:00:00+08:00,0.09415403008460999,0.09415403008460999,0.09415403008460999,0.09415403008460999,57000,0.0,0.0
2003-01-15 00:00:00+08:00,0.09415403008460999,0.09415403008460999,0.09415403008460999,0.09415403008460999,0,0.0,0.0
2003-01-16 00:00:00+08:00,0.09415403008460999,0.09415403008460999,0.09415403008460999,0.09415403008460999,0,0.0,0.0
2003-01-17 00:00:00+08:00,0.07532321523152552,0.09101555115350823,0.07532321523152552,0.07846168428659439,4000,0.0,0.0
2003-01-20 00:00:00+08:00,0.07218474894762039,0.07218474894762039,0.07218474894762039,0.07218474894762039,5000,0.0,0.0
2003-01-21 00:00:00+08:00,0.09101555617954821,0.09415403008460999,0.0753232193910069,0.09415403008460999,502000,0.0,0.0
2003-01-22 00:00:00+08:00,0.09415403008460999,0.09415403008460999,0.09415403008460999,0.09415403008460999,0,0.0,0.0
2003-01-23 00:00:00+08:00,0.09415403008460999,0.09415403008460999,0.09415403008460999,0.09415403008460999,0,0.0,0.0
2003-01-24 00:00:00+08:00,0.09415403008460999,0.09415403008460999,0.09415403008460999,0.09415403008460999,0,0.0,0.0
2003-01-27 00:00:00+08:00,0.09415403008460999,0.09415403008460999,0.09415403008460999,0.09415403008460999,0,0.0,0.0
2003-01-28 00:00:00+08:00,0.09415403008460999,0.09415403008460999,0.09415403008460999,0.09415403008460999,0,0.0,0.0
2003-01-29 00:00:00+08:00,0.07846167310813416,0.0972924754023552,0.07846167310813416,0.0972924754023552,5000,0.0,0.0
2003-01-30 00:00:00+08:00,0.0972924754023552,0.0972924754023552,0.0972924754023552,0.0972924754023552,0,0.0,0.0
2003-01-31 00:00:00+08:00,0.0972924754023552,0.0972924754023552,0.0972924754023552,0.0972924754023552,0,0.0,0.0
2003-02-03 00:00:00+08:00,0.0972924754023552,0.0972924754023552,0.0972924754023552,0.0972924754023552,0,0.0,0.0
2003-02-04 00:00:00+08:00,0.09415403008460999,0.09415403008460999,0.09415403008460999,0.09415403008460999,10000,0.0,0.0
2003-02-05 00:00:00+08:00,0.09415403008460999,0.09415403008460999,0.09415403008460999,0.09415403008460999,0,0.0,0.0
2003-02-06 00:00:00+08:00,0.09415403008460999,0.09415403008460999,0.09415403008460999,0.09415403008460999,0,0.0,0.0
2003-02-07 00:00:00+08:00,0.09415403008460999,0.09415403008460999,0.09415403008460999,0.09415403008460999,0,0.0,0.0
2003-02-10 00:00:00+08:00,0.09415403008460999,0.09415403008460999,0.09415403008460999,0.09415403008460999,0,0.0,0.0
2003-02-11 00:00:00+08:00,0.08160014540194083,0.09101554751396179,0.08160014540194083,0.09101554751396179,101000,0.0,0.0
2003-02-12 00:00:00+08:00,0.09101554751396179,0.09101554751396179,0.09101554751396179,0.09101554751396179,0,0.0,0.0
2003-02-13 00:00:00+08:00,0.09101554751396179,0.09101554751396179,0.09101554751396179,0.09101554751396179,0,0.0,0.0
2003-02-14 00:00:00+08:00,0.08787708326107523,0.09101554751396179,0.08787708326107523,0.09101554751396179,52000,0.0,0.0
2003-02-17 00:00:00+08:00,0.09101554751396179,0.09101554751396179,0.09101554751396179,0.09101554751396179,0,0.0,0.0
2003-02-18 00:00:00+08:00,0.09101554751396179,0.09101554751396179,0.09101554751396179,0.09101554751396179,0,0.0,0.0
2003-02-19 00:00:00+08:00,0.09101554751396179,0.09101554751396179,0.09101554751396179,0.09101554751396179,0,0.0,0.0
2003-02-20 00:00:00+08:00,0.09101554751396179,0.09101554751396179,0.09101554751396179,0.09101554751396179,0,0.0,0.0
2003-02-21 00:00:00+08:00,0.09101554751396179,0.09101554751396179,0.09101554751396179,0.09101554751396179,0,0.0,0.0
2003-02-24 00:00:00+08:00,0.09101554751396179,0.09101554751396179,0.09101554751396179,0.09101554751396179,0,0.0,0.0
2003-02-25 00:00:00+08:00,0.07846169551807307,0.08473863452672958,0.0753232260137448,0.08473863452672958,62000,0.0,0.0
2003-02-26 00:00:00+08:00,0.09101554751396179,0.09101554751396179,0.09101554751396179,0.09101554751396179,1000,0.0,0.0
2003-02-27 00:00:00+08:00,0.09101554751396179,0.09101554751396179,0.09101554751396179,0.09101554751396179,0,0.0,0.0
2003-02-28 00:00:00+08:00,0.09101554751396179,0.09101554751396179,0.09101554751396179,0.09101554751396179,0,0.0,0.0
2003-03-03 00:00:00+08:00,0.09101554751396179,0.09101554751396179,0.09101554751396179,0.09101554751396179,0,0.0,0.0
2003-03-04 00:00:00+08:00,0.09101554751396179,0.09101554751396179,0.09101554751396179,0.09101554751396179,0,0.0,0.0
2003-03-05 00:00:00+08:00,0.09101554751396179,0.09101554751396179,0.09101554751396179,0.09101554751396179,0,0.0,0.0
2003-03-06 00:00:00+08:00,0.09101554751396179,0.09101554751396179,0.09101554751396179,0.09101554751396179,0,0.0,0.0
2003-03-07 00:00:00+08:00,0.09101554751396179,0.09101554751396179,0.09101554751396179,0.09101554751396179,0,0.0,0.0
2003-03-10 00:00:00+08:00,0.07218474894762039,0.0878770844553603,0.06904627997540014,0.07218474894762039,13000,0.0,0.0
2003-03-11 00:00:00+08:00,0.07218474894762039,0.07218474894762039,0.07218474894762039,0.07218474894762039,0,0.0,0.0
2003-03-12 00:00:00+08:00,0.07218474894762039,0.07218474894762039,0.07218474894762039,0.07218474894762039,0,0.0,0.0
2003-03-13 00:00:00+08:00,0.08787707984447479,0.08787707984447479,0.08787707984447479,0.08787707984447479,1000,0.0,0.0
2003-03-14 00:00:00+08:00,0.08787707984447479,0.08787707984447479,0.08787707984447479,0.08787707984447479,0,0.0,0.0
2003-03-17 00:00:00+08:00,0.08787707984447479,0.08787707984447479,0.08787707984447479,0.08787707984447479,0,0.0,0.0
2003-03-18 00:00:00+08:00,0.08787707984447479,0.08787707984447479,0.08787707984447479,0.08787707984447479,0,0.0,0.0
2003-03-19 00:00:00+08:00,0.07532321826946306,0.08160015195608139,0.07532321826946306,0.08160015195608139,207000,0.0,0.0
2003-03-20 00:00:00+08:00,0.07532321523152552,0.07846168428659439,0.07532321523152552,0.07846168428659439,148000,0.0,0.0
2003-03-21 00:00:00+08:00,0.07846168428659439,0.07846168428659439,0.07846168428659439,0.07846168428659439,50000,0.0,0.0
2003-03-24 00:00:00+08:00,0.06276934836461168,0.07846168428659439,0.06276934836461168,0.07846168428659439,31000,0.0,0.0
2003-03-25 00:00:00+08:00,0.07846168428659439,0.07846168428659439,0.07846168428659439,0.07846168428659439,0,0.0,0.0
2003-03-26 00:00:00+08:00,0.07532321324315996,0.07532321324315996,0.07218474894762039,0.07218474894762039,30000,0.0,0.0
2003-03-27 00:00:00+08:00,0.07218474894762039,0.07218474894762039,0.07218474894762039,0.07218474894762039,0,0.0,0.0
2003-03-28 00:00:00+08:00,0.06590781395538385,0.07532321661710739,0.06590781395538385,0.07532321661710739,11000,0.0,0.0
2003-03-31 00:00:00+08:00,0.06590781100317988,0.07218474894762039,0.06590781100317988,0.07218474894762039,51000,0.0,0.0
2003-04-01 00:00:00+08:00,0.07218474894762039,0.07218474894762039,0.07218474894762039,0.07218474894762039,0,0.0,0.0
2003-04-02 00:00:00+08:00,0.07218474894762039,0.07218474894762039,0.07218474894762039,0.07218474894762039,11000,0.0,0.0
2003-04-03 00:00:00+08:00,0.0690462738275528,0.0690462738275528,0.0690462738275528,0.0690462738275528,9000,0.0,0.0
2003-04-04 00:00:00+08:00,0.0690462738275528,0.0690462738275528,0.0690462738275528,0.0690462738275528,50000,0.0,0.0
2003-04-07 00:00:00+08:00,0.06904628306818533,0.07532321661710739,0.06904628306818533,0.07532321661710739,7000,0.0,0.0
2003-04-08 00:00:00+08:00,0.07218474894762039,0.07532321324315996,0.07218474894762039,0.07218474894762039,119000,0.0,0.0
2003-04-09 00:00:00+08:00,0.06904628306818533,0.07532321661710739,0.06904628306818533,0.07532321661710739,71000,0.0,0.0
2003-04-10 00:00:00+08:00,0.07532321661710739,0.07532321661710739,0.07532321661710739,0.07532321661710739,0,0.0,0.0
2003-04-11 00:00:00+08:00,0.07532321661710739,0.07532321661710739,0.07532321661710739,0.07532321661710739,0,0.0,0.0
2003-04-14 00:00:00+08:00,0.07532321661710739,0.07532321661710739,0.07532321661710739,0.07532321661710739,0,0.0,0.0
2003-04-15 00:00:00+08:00,0.07532321661710739,0.07532321661710739,0.07532321661710739,0.07532321661710739,0,0.0,0.0
2003-04-16 00:00:00+08:00,0.07532321661710739,0.07532321661710739,0.07532321661710739,0.07532321661710739,0,0.0,0.0
2003-04-17 00:00:00+08:00,0.07532321661710739,0.07532321661710739,0.07532321661710739,0.07532321661710739,0,0.0,0.0
2003-04-18 00:00:00+08:00,0.07532321661710739,0.07532321661710739,0.07532321661710739,0.07532321661710739,0,0.0,0.0
2003-04-21 00:00:00+08:00,0.07532321661710739,0.07532321661710739,0.07532321661710739,0.07532321661710739,0,0.0,0.0
2003-04-22 00:00:00+08:00,0.07532321661710739,0.07532321661710739,0.07532321661710739,0.07532321661710739,0,0.0,0.0
2003-04-23 00:00:00+08:00,0.07532321661710739,0.07532321661710739,0.07532321661710739,0.07532321661710739,0,0.0,0.0
2003-04-24 00:00:00+08:00,0.07532321661710739,0.07532321661710739,0.07532321661710739,0.07532321661710739,0,0.0,0.0
2003-04-25 00:00:00+08:00,0.07532321661710739,0.07532321661710739,0.07532321661710739,0.07532321661710739,0,0.0,0.0
2003-04-28 00:00:00+08:00,0.07532321661710739,0.07532321661710739,0.07532321661710739,0.07532321661710739,0,0.0,0.0
2003-04-29 00:00:00+08:00,0.07532321661710739,0.07532321661710739,0.07532321661710739,0.07532321661710739,0,0.0,0.0
2003-04-30 00:00:00+08:00,0.0690462738275528,0.0690462738275528,0.06276934111868808,0.0690462738275528,202000,0.0,0.0
2003-05-01 00:00:00+08:00,0.0690462738275528,0.0690462738275528,0.0690462738275528,0.0690462738275528,0,0.0,0.0
2003-05-02 00:00:00+08:00,0.06590781395538385,0.07846168572990887,0.06276934951926327,0.07532321661710739,296000,0.0,0.0
2003-05-05 00:00:00+08:00,0.07532321661710739,0.07532321661710739,0.07532321661710739,0.07532321661710739,100000,0.0,0.0
2003-05-06 00:00:00+08:00,0.07218474894762039,0.07218474894762039,0.07218474894762039,0.07218474894762039,20000,0.0,0.0
2003-05-07 00:00:00+08:00,0.07218474894762039,0.07218474894762039,0.07218474894762039,0.07218474894762039,0,0.0,0.0
2003-05-08 00:00:00+08:00,0.07846168428659439,0.08160014866498244,0.07846168428659439,0.07846168428659439,310000,0.0,0.0
2003-05-09 00:00:00+08:00,0.08160015195608139,0.08160015195608139,0.08160015195608139,0.08160015195608139,140000,0.0,0.0
2003-05-12 00:00:00+08:00,0.08160015195608139,0.08160015195608139,0.07846168745111273,0.08160015195608139,359000,0.0,0.0
2003-05-13 00:00:00+08:00,0.08160014866498244,0.08160014866498244,0.07846168428659439,0.07846168428659439,50000,0.0,0.0
2003-05-14 00:00:00+08:00,0.07532321661710739,0.07532321661710739,0.07532321661710739,0.07532321661710739,20000,0.0,0.0
2003-05-15 00:00:00+08:00,0.07532321661710739,0.07532321661710739,0.07532321661710739,0.07532321661710739,0,0.0,0.0
2003-05-16 00:00:00+08:00,0.07532321661710739,0.07532321661710739,0.07532321661710739,0.07532321661710739,0,0.0,0.0
2003-05-19 00:00:00+08:00,0.06904628306818533,0.07532321661710739,0.06904628306818533,0.07532321661710739,65000,0.0,0.0
2003-05-20 00:00:00+08:00,0.08160014866498244,0.08160014866498244,0.07846168428659439,0.07846168428659439,180000,0.0,0.0
2003-05-21 00:00:00+08:00,0.07846168428659439,0.07846168428659439,0.07846168428659439,0.07846168428659439,0,0.0,0.0
2003-05-22 00:00:00+08:00,0.07846168428659439,0.07846168428659439,0.07846168428659439,0.07846168428659439,0,0.0,0.0
2003-05-23 00:00:00+08:00,0.07846168428659439,0.07846168428659439,0.07846168428659439,0.07846168428659439,0,0.0,0.0
2003-05-26 00:00:00+08:00,0.08160015195608139,0.08160015195608139,0.08160015195608139,0.08160015195608139,33000,0.0,0.0
2003-05-27 00:00:00+08:00,0.08160015195608139,0.08160015195608139,0.08160015195608139,0.08160015195608139,50000,0.0,0.0
2003-05-28 00:00:00+08:00,0.08160016034571983,0.08473863452672958,0.08160016034571983,0.08473863452672958,407000,0.0,0.0
2003-05-29 00:00:00+08:00,0.08160015195608139,0.08160015195608139,0.08160015195608139,0.08160015195608139,5000,0.0,0.0
2003-05-30 00:00:00+08:00,0.08473863452672958,0.08473863452672958,0.08473863452672958,0.08473863452672958,100000,0.0,0.0
2003-06-02 00:00:00+08:00,0.08473863452672958,0.08473863452672958,0.08473863452672958,0.08473863452672958,250000,0.0,0.0
2003-06-03 00:00:00+08:00,0.08160014222938342,0.08787707984447479,0.08160014222938342,0.08787707984447479,31000,0.0,0.0
2003-06-04 00:00:00+08:00,0.08787707984447479,0.08787707984447479,0.08787707984447479,0.08787707984447479,0,0.0,0.0
2003-06-05 00:00:00+08:00,0.08160014222938342,0.09101554397534002,0.08160014222938342,0.08787707984447479,378000,0.0,0.0
2003-06-06 00:00:00+08:00,0.08787709935437636,0.08787709935437636,0.08473863452672958,0.08473863452672958,150000,0.0,0.0
2003-06-09 00:00:00+08:00,0.08473861571360955,0.08787707984447479,0.08473861571360955,0.08787707984447479,110000,0.0,0.0
2003-06-10 00:00:00+08:00,0.09101555617954821,0.09415403008460999,0.09101555617954821,0.09415403008460999,560000,0.0,0.0
2003-06-11 00:00:00+08:00,0.09415403008460999,0.09415403008460999,0.09415403008460999,0.09415403008460999,821000,0.0,0.0
2003-06-12 00:00:00+08:00,0.09415403008460999,0.09415403008460999,0.09415403008460999,0.09415403008460999,150000,0.0,0.0
2003-06-13 00:00:00+08:00,0.09415403008460999,0.09415403008460999,0.09415403008460999,0.09415403008460999,10000,0.0,0.0
2003-06-16 00:00:00+08:00,0.08473861571360955,0.08787707984447479,0.08473861571360955,0.08787707984447479,224000,0.0,0.0
2003-06-17 00:00:00+08:00,0.08787707984447479,0.08787707984447479,0.08787707984447479,0.08787707984447479,60000,0.0,0.0
2003-06-18 00:00:00+08:00,0.08473863452672958,0.08473863452672958,0.08473863452672958,0.08473863452672958,15000,0.0,0.0
2003-06-19 00:00:00+08:00,0.08473863452672958,0.08473863452672958,0.08473863452672958,0.08473863452672958,48000,0.0,0.0
2003-06-20 00:00:00+08:00,0.08473863452672958,0.08473863452672958,0.08473863452672958,0.08473863452672958,0,0.0,0.0
2003-06-23 00:00:00+08:00,0.08787708326107523,0.09101554751396179,0.08787708326107523,0.09101554751396179,141000,0.0,0.0
2003-06-24 00:00:00+08:00,0.08473863452672958,0.08473863452672958,0.08473863452672958,0.08473863452672958,23000,0.0,0.0
2003-06-25 00:00:00+08:00,0.08473863452672958,0.08473863452672958,0.08473863452672958,0.08473863452672958,0,0.0,0.0
2003-06-26 00:00:00+08:00,0.08473863452672958,0.08473863452672958,0.08473863452672958,0.08473863452672958,0,0.0,0.0
2003-06-27 00:00:00+08:00,0.08473863452672958,0.08473863452672958,0.08473863452672958,0.08473863452672958,0,0.0,0.0
2003-06-30 00:00:00+08:00,0.08473863452672958,0.08473863452672958,0.08473863452672958,0.08473863452672958,0,0.0,0.0
2003-07-01 00:00:00+08:00,0.08473863452672958,0.08473863452672958,0.08473863452672958,0.08473863452672958,0,0.0,0.0
2003-07-02 00:00:00+08:00,0.08473862581441208,0.08473862581441208,0.08160015195608139,0.08160015195608139,87000,0.0,0.0
2003-07-03 00:00:00+08:00,0.08787707984447479,0.09101554397534002,0.08787707984447479,0.08787707984447479,226000,0.0,0.0
2003-07-04 00:00:00+08:00,0.08473863452672958,0.08473863452672958,0.08473863452672958,0.08473863452672958,55000,0.0,0.0
2003-07-07 00:00:00+08:00,0.09101554751396179,0.09101554751396179,0.09101554751396179,0.09101554751396179,150000,0.0,0.0
2003-07-08 00:00:00+08:00,0.09415402112020962,0.09415402112020962,0.09101554751396179,0.09101554751396179,672000,0.0,0.0
2003-07-09 00:00:00+08:00,0.09415401147110512,0.10043093933360525,0.09415401147110512,0.0972924754023552,1363000,0.0,0.0
2003-07-10 00:00:00+08:00,0.0972924946363096,0.0972924946363096,0.09415403008460999,0.09415403008460999,143000,0.0,0.0
2003-07-11 00:00:00+08:00,0.09415401147110512,0.0972924754023552,0.09415401147110512,0.0972924754023552,304000,0.0,0.0
2003-07-14 00:00:00+08:00,0.09729249345927267,0.10356943184009614,0.09729249345927267,0.10043095797300339,960000,0.0,0.0
2003-07-15 00:00:00+08:00,0.10356943184009614,0.10356943184009614,0.09729249345927267,0.10043095797300339,199000,0.0,0.0
2003-07-16 00:00:00+08:00,0.09729249068582169,0.10670789331197739,0.09729249068582169,0.10670789331197739,772000,0.0,0.0
2003-07-17 00:00:00+08:00,0.10356943184009614,0.10670789635382685,0.10043095797300337,0.10043095797300339,1507000,0.0,0.0
2003-07-18 00:00:00+08:00,0.10043095511008632,0.10670789331197739,0.10043095511008632,0.10670789331197739,400000,0.0,0.0
2003-07-21 00:00:00+08:00,0.10356944054365158,0.10356944054365158,0.10356944054365158,0.10356944054365158,50000,0.0,0.0
2003-07-22 00:00:00+08:00,0.10043095797300337,0.10043095797300337,0.10043095797300337,0.10043095797300339,182000,0.0,0.0
2003-07-23 00:00:00+08:00,0.10043093933360525,0.10043093933360525,0.0972924754023552,0.0972924754023552,200000,0.0,0.0
2003-07-24 00:00:00+08:00,0.09729250163533963,0.10356944054365158,0.09729250163533963,0.10356944054365158,96000,0.0,0.0
2003-07-25 00:00:00+08:00,0.10043095797300337,0.10043095797300337,0.09729249345927267,0.10043095797300339,209000,0.0,0.0
2003-07-28 00:00:00+08:00,0.0972924754023552,0.0972924754023552,0.0972924754023552,0.0972924754023552,75000,0.0,0.0
2003-07-29 00:00:00+08:00,0.0972924946363096,0.0972924946363096,0.09415403008460999,0.09415403008460999,105000,0.0,0.0
2003-07-30 00:00:00+08:00,0.09415403008460999,0.0972924946363096,0.09415403008460999,0.09415403008460999,198000,0.0,0.0
2003-07-31 00:00:00+08:00,0.0972924754023552,0.0972924754023552,0.0972924754023552,0.0972924754023552,181000,0.0,0.0
2003-08-01 00:00:00+08:00,0.0972924754023552,0.0972924754023552,0.0972924754023552,0.0972924754023552,12000,0.0,0.0
2003-08-04 00:00:00+08:00,0.1004309591880092,0.1004309591880092,0.09415403008460999,0.09415403008460999,40000,0.0,0.0
2003-08-05 00:00:00+08:00,0.0972924754023552,0.0972924754023552,0.0972924754023552,0.0972924754023552,15000,0.0,0.0
2003-08-06 00:00:00+08:00,0.09415403008460999,0.09415403008460999,0.09415403008460999,0.09415403008460999,88000,0.0,0.0
2003-08-07 00:00:00+08:00,0.09415403008460999,0.09415403008460999,0.09415403008460999,0.09415403008460999,136000,0.0,0.0
2003-08-08 00:00:00+08:00,0.09415403008460999,0.09415403008460999,0.09415403008460999,0.09415403008460999,0,0.0,0.0
2003-08-11 00:00:00+08:00,0.09415403008460999,0.09415403008460999,0.09101555617954821,0.09415403008460999,240000,0.0,0.0
2003-08-12 00:00:00+08:00,0.09415401147110512,0.0972924754023552,0.09415401147110512,0.0972924754023552,145000,0.0,0.0
2003-08-13 00:00:00+08:00,0.09415403008460999,0.0972924946363096,0.09415403008460999,0.09415403008460999,228000,0.0,0.0
2003-08-14 00:00:00+08:00,0.09415401147110512,0.0972924754023552,0.09415401147110512,0.0972924754023552,332000,0.0,0.0
2003-08-15 00:00:00+08:00,0.0972924754023552,0.0972924754023552,0.0972924754023552,0.0972924754023552,453000,0.0,0.0
2003-08-18 00:00:00+08:00,0.10043095797300337,0.10356943184009614,0.10043095797300337,0.10043095797300339,308000,0.0,0.0
2003-08-19 00:00:00+08:00,0.10356941261821563,0.10356941261821563,0.0972924754023552,0.0972924754023552,801000,0.0,0.0
2003-08-20 00:00:00+08:00,0.0972924946363096,0.0972924946363096,0.09415403008460999,0.09415403008460999,161000,0.0,0.0
2003-08-21 00:00:00+08:00,0.09729249345927267,0.10043095797300337,0.09729249345927267,0.10043095797300339,776000,0.0,0.0
2003-08-22 00:00:00+08:00,0.10043095797300337,0.10043095797300337,0.10043095797300337,0.10043095797300339,239000,0.0,0.0
2003-08-25 00:00:00+08:00,0.10043095797300337,0.10043095797300337,0.10043095797300337,0.10043095797300339,114000,0.0,0.0
2003-08-26 00:00:00+08:00,0.10043093933360525,0.10043093933360525,0.0972924754023552,0.0972924754023552,117000,0.0,0.0
2003-08-27 00:00:00+08:00,0.0972924946363096,0.0972924946363096,0.09415403008460999,0.09415403008460999,241000,0.0,0.0
2003-08-28 00:00:00+08:00,0.09415403008460999,0.0972924946363096,0.09415403008460999,0.09415403008460999,103000,0.0,0.0
2003-08-29 00:00:00+08:00,0.09415403008460999,0.09415403008460999,0.09415403008460999,0.09415403008460999,120000,0.0,0.0
2003-09-01 00:00:00+08:00,0.09415401147110512,0.0972924754023552,0.09415401147110512,0.0972924754023552,50000,0.0,0.0
2003-09-02 00:00:00+08:00,0.0972924754023552,0.0972924754023552,0.0972924754023552,0.0972924754023552,50000,0.0,0.0
2003-09-03 00:00:00+08:00,0.0972924754023552,0.0972924754023552,0.0972924754023552,0.0972924754023552,80000,0.0,0.0
2003-09-04 00:00:00+08:00,0.10043093933360525,0.10043093933360525,0.0972924754023552,0.0972924754023552,390000,0.0,0.0
2003-09-05 00:00:00+08:00,0.10043095797300337,0.10043095797300337,0.10043095797300337,0.10043095797300339,150000,0.0,0.0
2003-09-08 00:00:00+08:00,0.10043093933360525,0.10356941261821563,0.0972924754023552,0.0972924754023552,185000,0.0,0.0
2003-09-09 00:00:00+08:00,0.10043093933360525,0.10356941261821563,0.0972924754023552,0.0972924754023552,870000,0.0,0.0
2003-09-10 00:00:00+08:00,0.0972924946363096,0.0972924946363096,0.09415403008460999,0.09415403008460999,94000,0.0,0.0
2003-09-11 00:00:00+08:00,0.09415402626155704,0.10670789331197739,0.09415402626155704,0.10670789331197739,58000,0.0,0.0
2003-09-12 00:00:00+08:00,0.10356943184009614,0.10356943184009614,0.10043095797300337,0.10043095797300339,971000,0.0,0.0
2003-09-15 00:00:00+08:00,0.10356943184009614,0.10356943184009614,0.09729249345927267,0.10043095797300339,25000,0.0,0.0
2003-09-16 00:00:00+08:00,0.10043095511008632,0.10670789331197739,0.09729249068582169,0.10670789331197739,761000,0.0,0.0
2003-09-17 00:00:00+08:00,0.1067078976447706,0.11298483610153198,0.10356943309307098,0.11298483610153198,1351000,0.0,0.0
2003-09-18 00:00:00+08:00,0.11298483098048633,0.125538697971642,0.11298483098048633,0.12240022420883179,3654000,0.0,0.0
2003-09-19 00:00:00+08:00,0.12240022975663081,0.1255387036616926,0.11298483610153198,0.11298483610153198,1060000,0.0,0.0
2003-09-22 00:00:00+08:00,0.11926176840698305,0.11926176840698305,0.11298483913505493,0.11612330377101898,401000,0.0,0.0
2003-09-23 00:00:00+08:00,0.11298483913505493,0.11612330377101898,0.11298483913505493,0.11612330377101898,110000,0.0,0.0
2003-09-24 00:00:00+08:00,0.11612329221568671,0.1192617565393448,0.11612329221568671,0.11926175653934479,456000,0.0,0.0
2003-09-25 00:00:00+08:00,0.11612330065323159,0.11612330065323159,0.11298483610153198,0.11298483610153198,705000,0.0,0.0
2003-09-26 00:00:00+08:00,0.11612328975361084,0.1255386918783188,0.11612328975361084,0.1255386918783188,2452000,0.0,0.0
2003-09-29 00:00:00+08:00,0.12553869520746175,0.1286771595478058,0.12553869520746175,0.1286771595478058,1698000,0.0,0.0
2003-09-30 00:00:00+08:00,0.12867715613543435,0.12867715613543435,0.1255386918783188,0.1255386918783188,835000,0.0,0.0
2003-10-01 00:00:00+08:00,0.12240022420883179,0.12240022420883179,0.1192617597993833,0.12240022420883179,481000,0.0,0.0
2003-10-02 00:00:00+08:00,0.12240022086300288,0.12240022086300288,0.1192617565393448,0.11926175653934479,120000,0.0,0.0
2003-10-03 00:00:00+08:00,0.1192617565393448,0.1192617565393448,0.11612329221568671,0.11926175653934479,355000,0.0,0.0
2003-10-06 00:00:00+08:00,0.1192617597993833,0.125538697971642,0.11612329538993481,0.12240022420883179,853000,0.0,0.0
2003-10-07 00:00:00+08:00,0.12553869270041465,0.1380925591644477,0.12553869270041465,0.13495409488677979,4037000,0.0,0.0
2003-10-08 00:00:00+08:00,0.13809256064086475,0.15692336521492461,0.13809256064086475,0.15378490090370178,24685000,0.0,0.0
2003-10-09 00:00:00+08:00,0.15378490090370178,0.16006182952614745,0.15378490090370178,0.15378490090370178,5689000,0.0,0.0
2003-10-10 00:00:00+08:00,0.15378490702369718,0.15378490702369718,0.14750796879809422,0.15064643323421478,3132000,0.0,0.0
2003-10-13 00:00:00+08:00,0.15064643046305104,0.16006183295157683,0.147507966084663,0.15692336857318878,8460000,0.0,0.0
2003-10-14 00:00:00+08:00,0.16320030068559513,0.16320030068559513,0.16006183624267578,0.16006183624267578,6006000,0.0,0.0
2003-10-15 00:00:00+08:00,0.1600618203279016,0.17889262381981483,0.1537848920661711,0.17575415968894958,12507000,0.0,0.0
2003-10-16 00:00:00+08:00,0.17889265716075897,0.18830807001486485,0.17889265716075897,0.17889265716075897,7820000,0.0,0.0
2003-10-17 00:00:00+08:00,0.1788926340758206,0.18830804571492846,0.1757541697650256,0.18516956269741058,6062000,0.0,0.0
2003-10-20 00:00:00+08:00,0.1851695717152384,0.20086191274015916,0.1788926427879596,0.19772344827651978,7632000,0.0,0.0
2003-10-21 00:00:00+08:00,0.19458500327067926,0.21027734586477773,0.19458500327067926,0.20713888108730316,12163000,0.0,0.0
2003-10-22 00:00:00+08:00,0.210277299886892,0.22596963904980422,0.20400035299769417,0.21969269216060638,15417000,0.0,0.0
2003-10-23 00:00:00+08:00,0.21341578982214496,0.23224659535664963,0.20713886087955136,0.21655425429344177,22188000,0.0,0.0
2003-10-24 00:00:00+08:00,0.21655425429344177,0.21655425429344177,0.21655425429344177,0.21655425429344177,0,0.0,0.0
2003-10-27 00:00:00+08:00,0.2165542323601533,0.22283116066700004,0.21027730405330658,0.21027730405330658,5354000,0.0,0.0
2003-10-28 00:00:00+08:00,0.21341578982214496,0.21655425429344177,0.21341578982214496,0.21655425429344177,3493000,0.0,0.0
2003-10-29 00:00:00+08:00,0.2196927182287193,0.2196927182287193,0.19772344827651975,0.19772344827651978,4801000,0.0,0.0
2003-10-30 00:00:00+08:00,0.20086189144259328,0.20400035557345852,0.16633874858963205,0.17575415968894958,10301000,0.0,0.0
2003-10-31 00:00:00+08:00,0.17261570692062378,0.18516956427045042,0.17261570692062378,0.17261570692062378,6906000,0.0,0.0
2003-11-03 00:00:00+08:00,0.178892630775037,0.18516955928081014,0.17575416652215045,0.18203109502792358,5587000,0.0,0.0
2003-11-04 00:00:00+08:00,0.18516958659234603,0.18830807001486485,0.17889265716075897,0.17889265716075897,3365000,0.0,0.0
2003-11-05 00:00:00+08:00,0.17889262381981483,0.17889262381981483,0.17261569555808434,0.17575415968894958,1784000,0.0,0.0
2003-11-06 00:00:00+08:00,0.1757541839824037,0.1757541839824037,0.1632003070169733,0.16633877158164978,4291000,0.0,0.0
2003-11-07 00:00:00+08:00,0.16633876841713147,0.16947725162882415,0.15692337490222547,0.16320030391216278,3087000,0.0,0.0
2003-11-10 00:00:00+08:00,0.1632003003320589,0.1632003003320589,0.15064643323421478,0.15064643323421478,1876000,0.0,0.0
2003-11-11 00:00:00+08:00,0.15378490664613859,0.15378490664613859,0.13809256579733847,0.14123103022575378,2878000,0.0,0.0
2003-11-12 00:00:00+08:00,0.14436950170627494,0.15692336857318878,0.13495409921774915,0.15692336857318878,3911000,0.0,0.0
2003-11-13 00:00:00+08:00,0.16006183940719412,0.16633876841713147,0.15692337490222547,0.16320030391216278,4584000,0.0,0.0
2003-11-14 00:00:00+08:00,0.1632003070169733,0.1663387715816498,0.15692337788762029,0.16633877158164978,1189000,0.0,0.0
2003-11-17 00:00:00+08:00,0.1632003003320589,0.1632003003320589,0.15064643323421478,0.15064643323421478,1332000,0.0,0.0
2003-11-18 00:00:00+08:00,0.15378490419480073,0.16006183295157683,0.15378490419480073,0.15692336857318878,1049000,0.0,0.0
2003-11-19 00:00:00+08:00,0.15378490090370178,0.15378490090370178,0.1506464272391175,0.15378490090370178,328000,0.0,0.0
2003-11-20 00:00:00+08:00,0.15378490013522086,0.15378490013522086,0.14436949789524078,0.14436949789524078,566000,0.0,0.0
2003-11-21 00:00:00+08:00,0.14123102424633985,0.14436949789524078,0.13809255995080028,0.14436949789524078,1097000,0.0,0.0
2003-11-24 00:00:00+08:00,0.14436948504065059,0.14436948504065059,0.1380925476551056,0.1380925476551056,346000,0.0,0.0
2003-11-25 00:00:00+08:00,0.1380925476551056,0.1380925476551056,0.1380925476551056,0.1380925476551056,0,0.0,0.0
2003-11-26 00:00:00+08:00,0.1443695157815177,0.15064644515026027,0.1443695157815177,0.14750798046588898,794000,0.0,0.0
2003-11-27 00:00:00+08:00,0.15064643323421478,0.15064643323421478,0.15064643323421478,0.15064643323421478,659000,0.0,0.0
2003-11-28 00:00:00+08:00,0.1506464520274896,0.16947726905345917,0.1506464520274896,0.16947726905345917,2265000,0.0,0.0
2003-12-01 00:00:00+08:00,0.1726157194177272,0.1726157194177272,0.1632003070169733,0.16633877158164978,1834000,0.0,0.0
2003-12-02 00:00:00+08:00,0.16947724827815747,0.16947724827815747,0.16006183624267578,0.16006183624267578,753000,0.0,0.0
2003-12-03 00:00:00+08:00,0.16006183940719412,0.16633876841713147,0.16006183940719412,0.16320030391216278,655000,0.0,0.0
2003-12-04 00:00:00+08:00,0.1663387715816498,0.1663387715816498,0.1632003070169733,0.16633877158164978,662000,0.0,0.0
2003-12-05 00:00:00+08:00,0.16320029732996488,0.16320029732996488,0.15692336857318878,0.15692336857318878,323000,0.0,0.0
2003-12-08 00:00:00+08:00,0.1569233838723654,0.1569233838723654,0.1443695157815177,0.14750798046588898,1183000,0.0,0.0
2003-12-09 00:00:00+08:00,0.14750796879809422,0.15064643323421478,0.14750796879809422,0.15064643323421478,1188000,0.0,0.0
2003-12-10 00:00:00+08:00,0.14750798046588898,0.14750798046588898,0.1443695157815177,0.14750798046588898,592000,0.0,0.0
2003-12-11 00:00:00+08:00,0.14750798046588898,0.14750798046588898,0.1443695157815177,0.14750798046588898,744000,0.0,0.0
2003-12-12 00:00:00+08:00,0.14750796879809422,0.15378490702369718,0.14750796879809422,0.15064643323421478,862000,0.0,0.0
2003-12-15 00:00:00+08:00,0.15378490419480073,0.15692336857318878,0.15064643046305104,0.15692336857318878,1609000,0.0,0.0
2003-12-16 00:00:00+08:00,0.15378490702369718,0.15378490702369718,0.14750796879809422,0.15064643323421478,400000,0.0,0.0
2003-12-17 00:00:00+08:00,0.15064642648631993,0.15064642648631993,0.14123102424633985,0.14436949789524078,501000,0.0,0.0
2003-12-18 00:00:00+08:00,0.1443695157815177,0.14750798046588898,0.1443695157815177,0.14750798046588898,291000,0.0,0.0
2003-12-19 00:00:00+08:00,0.14750796219078036,0.14750796219078036,0.14436949789524078,0.14436949789524078,162000,0.0,0.0
2003-12-22 00:00:00+08:00,0.14436950400753087,0.14436950400753087,0.14123103022575378,0.14123103022575378,275000,0.0,0.0
2003-12-23 00:00:00+08:00,0.14436949789524078,0.14436949789524078,0.14436949789524078,0.14436949789524078,160000,0.0,0.0
2003-12-24 00:00:00+08:00,0.14436949789524078,0.14436949789524078,0.14436949789524078,0.14436949789524078,70000,0.0,0.0
2003-12-25 00:00:00+08:00,0.14436949789524078,0.14436949789524078,0.14436949789524078,0.14436949789524078,0,0.0,0.0
2003-12-26 00:00:00+08:00,0.14436950436197363,0.15064643323421478,0.14436950436197363,0.15064643323421478,206000,0.0,0.0
2003-12-29 00:00:00+08:00,0.1506464272391175,0.15378490090370178,0.14750796292789467,0.15378490090370178,245000,0.0,0.0
2003-12-30 00:00:00+08:00,0.15692336521492461,0.15692336521492461,0.15378490090370178,0.15378490090370178,426000,0.0,0.0
2003-12-31 00:00:00+08:00,0.15378490090370178,0.15378490090370178,0.15378490090370178,0.15378490090370178,15000,0.0,0.0
2004-01-01 00:00:00+08:00,0.15378490090370178,0.15378490090370178,0.15378490090370178,0.15378490090370178,0,0.0,0.0
2004-01-02 00:00:00+08:00,0.15378491332294378,0.1663387715816498,0.15378491332294378,0.16633877158164978,1124000,0.0,0.0
2004-01-05 00:00:00+08:00,0.1663387715816498,0.16947725485305068,0.1600618424522968,0.16633877158164978,1961000,0.0,0.0
2004-01-06 00:00:00+08:00,0.16947725162882415,0.16947725162882415,0.16320030391216278,0.16320030391216278,495000,0.0,0.0
2004-01-07 00:00:00+08:00,0.1632003070169733,0.1663387715816498,0.1632003070169733,0.16633877158164978,1157000,0.0,0.0
2004-01-08 00:00:00+08:00,0.17261569555808434,0.17889262381981483,0.1694772314272191,0.17575415968894958,4039000,0.0,0.0
2004-01-09 00:00:00+08:00,0.1788926635363995,0.1788926635363995,0.16320032069143967,0.16947726905345917,954000,0.0,0.0
2004-01-12 00:00:00+08:00,0.1663387715816498,0.1726157194177272,0.1632003070169733,0.16633877158164978,950000,0.0,0.0
2004-01-13 00:00:00+08:00,0.16947725485305068,0.16947725485305068,0.1663387715816498,0.16633877158164978,481000,0.0,0.0
2004-01-14 00:00:00+08:00,0.1726157194177272,0.1726157194177272,0.1663387715816498,0.16633877158164978,864000,0.0,0.0
2004-01-15 00:00:00+08:00,0.16320029732996488,0.16320029732996488,0.15692336857318878,0.15692336857318878,772000,0.0,0.0
2004-01-16 00:00:00+08:00,0.16006182952614745,0.16006182952614745,0.15378490090370178,0.15378490090370178,380000,0.0,0.0
2004-01-19 00:00:00+08:00,0.15692336857318878,0.16006183295157683,0.15378490419480073,0.15692336857318878,293000,0.0,0.0
2004-01-20 00:00:00+08:00,0.16006183940719412,0.16633876841713147,0.15692337490222547,0.16320030391216278,1092000,0.0,0.0
2004-01-21 00:00:00+08:00,0.16320030068559513,0.16633876512851445,0.16006183624267578,0.16006183624267578,290000,0.0,0.0
2004-01-22 00:00:00+08:00,0.16006183624267578,0.16006183624267578,0.16006183624267578,0.16006183624267578,0,0.0,0.0
2004-01-23 00:00:00+08:00,0.16006183624267578,0.16006183624267578,0.16006183624267578,0.16006183624267578,0,0.0,0.0
2004-01-26 00:00:00+08:00,0.16320029732996488,0.16320029732996488,0.15692336857318878,0.15692336857318878,550000,0.0,0.0
2004-01-27 00:00:00+08:00,0.16006183295157683,0.16006183295157683,0.15378490419480073,0.15692336857318878,325000,0.0,0.0
2004-01-28 00:00:00+08:00,0.15378490090370178,0.15692336521492461,0.15378490090370178,0.15378490090370178,389000,0.0,0.0
2004-01-29 00:00:00+08:00,0.1506464272391175,0.15378490090370178,0.1506464272391175,0.15378490090370178,686000,0.0,0.0
2004-01-30 00:00:00+08:00,0.15378490090370178,0.15378490090370178,0.15378490090370178,0.15378490090370178,1468000,0.0,0.0
2004-02-02 00:00:00+08:00,0.15378490090370178,0.15378490090370178,0.15378490090370178,0.15378490090370178,0,0.0,0.0
2004-02-03 00:00:00+08:00,0.1537849191879941,0.1537849191879941,0.14750798046588898,0.14750798046588898,262000,0.0,0.0
2004-02-04 00:00:00+08:00,0.15064642648631993,0.15064642648631993,0.14123102424633985,0.14436949789524078,997000,0.0,0.0
2004-02-05 00:00:00+08:00,0.14750798046588898,0.14750798046588898,0.1443695157815177,0.14750798046588898,2089000,0.0,0.0
2004-02-06 00:00:00+08:00,0.15064643323421478,0.15378490702369718,0.15064643323421478,0.15064643323421478,1405000,0.0,0.0
2004-02-09 00:00:00+08:00,0.1537849073568371,0.16320030068559513,0.1506464335605559,0.16006183624267578,3206000,0.0,0.0
2004-02-10 00:00:00+08:00,0.16320030068559513,0.16633876512851445,0.16006183624267578,0.16006183624267578,2629000,0.0,0.0
2004-02-11 00:00:00+08:00,0.16006183295157683,0.16006183295157683,0.15692336857318878,0.15692336857318878,368000,0.0,0.0
2004-02-12 00:00:00+08:00,0.15692336521492461,0.15692336521492461,0.15378490090370178,0.15378490090370178,460000,0.0,0.0
2004-02-13 00:00:00+08:00,0.15378490702369718,0.15378490702369718,0.15064643323421478,0.15064643323421478,195000,0.0,0.0
2004-02-16 00:00:00+08:00,0.15064643323421478,0.15064643323421478,0.15064643323421478,0.15064643323421478,255000,0.0,0.0
2004-02-17 00:00:00+08:00,0.1506464272391175,0.15378490090370178,0.1506464272391175,0.15378490090370178,1260000,0.0,0.0
2004-02-18 00:00:00+08:00,0.15378490702369718,0.15378490702369718,0.15064643323421478,0.15064643323421478,208000,0.0,0.0
2004-02-19 00:00:00+08:00,0.15378490702369718,0.15378490702369718,0.15064643323421478,0.15064643323421478,288000,0.0,0.0
2004-02-20 00:00:00+08:00,0.15064643323421478,0.15064643323421478,0.14750796879809422,0.15064643323421478,245000,0.0,0.0
2004-02-23 00:00:00+08:00,0.15064644515026027,0.15064644515026027,0.14750798046588898,0.14750798046588898,200000,0.0,0.0
2004-02-24 00:00:00+08:00,0.14750796843594619,0.14750796843594619,0.14123103022575378,0.14123103022575378,905000,0.0,0.0
2004-02-25 00:00:00+08:00,0.1412310116711978,0.14436948504065059,0.1380925476551056,0.1380925476551056,1273000,0.0,0.0
2004-02-26 00:00:00+08:00,0.14123102424633985,0.14436949789524078,0.14123102424633985,0.14436949789524078,790000,0.0,0.0
2004-02-27 00:00:00+08:00,0.14123103022575378,0.14123103022575378,0.13809256579733847,0.14123103022575378,706000,0.0,0.0
2004-03-01 00:00:00+08:00,0.1412310116711978,0.1412310116711978,0.1380925476551056,0.1380925476551056,265000,0.0,0.0
2004-03-02 00:00:00+08:00,0.1380925654098731,0.1380925654098731,0.13181562721729279,0.13181562721729279,696000,0.0,0.0
2004-03-03 00:00:00+08:00,0.13181562721729279,0.1349541009902638,0.12553869837807421,0.13181562721729279,364000,0.0,0.0
2004-03-04 00:00:00+08:00,0.1286771627976835,0.13181562721729279,0.1286771627976835,0.13181562721729279,228000,0.0,0.0
2004-03-05 00:00:00+08:00,0.13181562388814985,0.13181562388814985,0.1286771595478058,0.1286771595478058,751000,0.0,0.0
2004-03-08 00:00:00+08:00,0.1286771627976835,0.13181562721729279,0.1286771627976835,0.13181562721729279,82000,0.0,0.0
2004-03-09 00:00:00+08:00,0.13181562039254988,0.13181562039254988,0.1255386918783188,0.1255386918783188,155000,0.0,0.0
2004-03-10 00:00:00+08:00,0.12867715613543435,0.12867715613543435,0.1255386918783188,0.1255386918783188,116000,0.0,0.0
2004-03-11 00:00:00+08:00,0.13181562388814985,0.13181562388814985,0.1286771595478058,0.1286771595478058,15000,0.0,0.0
2004-03-12 00:00:00+08:00,0.1286771595478058,0.1286771595478058,0.1286771595478058,0.1286771595478058,55000,0.0,0.0
2004-03-15 00:00:00+08:00,0.131815626790539,0.131815626790539,0.12240022420883179,0.12240022420883179,74000,0.0,0.0
2004-03-16 00:00:00+08:00,0.1255386918783188,0.1255386918783188,0.12240021826784195,0.1255386918783188,155000,0.0,0.0
2004-03-17 00:00:00+08:00,0.1255386918783188,0.1255386918783188,0.1255386918783188,0.1255386918783188,466000,0.0,0.0
2004-03-18 00:00:00+08:00,0.12867715613543435,0.12867715613543435,0.1255386918783188,0.1255386918783188,891000,0.0,0.0
2004-03-19 00:00:00+08:00,0.1255386918783188,0.1255386918783188,0.1255386918783188,0.1255386918783188,860000,0.0,0.0
2004-03-22 00:00:00+08:00,0.1255386918783188,0.1255386918783188,0.1255386918783188,0.1255386918783188,610000,0.0,0.0
2004-03-23 00:00:00+08:00,0.1255386918783188,0.1255386918783188,0.1255386918783188,0.1255386918783188,200000,0.0,0.0
2004-03-24 00:00:00+08:00,0.12553869520746175,0.1286771595478058,0.12553869520746175,0.1286771595478058,273000,0.0,0.0
2004-03-25 00:00:00+08:00,0.12867715613543435,0.12867715613543435,0.1255386918783188,0.1255386918783188,409000,0.0,0.0
2004-03-26 00:00:00+08:00,0.12553869520746175,0.1286771595478058,0.12553869520746175,0.1286771595478058,195000,0.0,0.0
2004-03-29 00:00:00+08:00,0.13181562388814985,0.13181562388814985,0.1286771595478058,0.1286771595478058,142000,0.0,0.0
2004-03-30 00:00:00+08:00,0.13181562721729279,0.13181562721729279,0.13181562721729279,0.13181562721729279,481000,0.0,0.0
2004-03-31 00:00:00+08:00,0.13181562721729279,0.13181562721729279,0.13181562721729279,0.13181562721729279,32000,0.0,0.0
2004-04-01 00:00:00+08:00,0.13495408363901337,0.1380925476551056,0.13495408363901337,0.1380925476551056,418000,0.0,0.0
2004-04-02 00:00:00+08:00,0.13809255995080028,0.14750796219078036,0.1349540956552607,0.14436949789524078,1270000,0.0,0.0
2004-04-05 00:00:00+08:00,0.15064642648631993,0.15064642648631993,0.14436949789524078,0.14436949789524078,1638000,0.0,0.0
2004-04-06 00:00:00+08:00,0.14750798046588898,0.14750798046588898,0.14750798046588898,0.14750798046588898,470000,0.0,0.0
2004-04-07 00:00:00+08:00,0.14436949789524078,0.14436949789524078,0.14436949789524078,0.14436949789524078,344000,0.0,0.0
2004-04-08 00:00:00+08:00,0.14123102424633985,0.14436949789524078,0.14123102424633985,0.14436949789524078,230000,0.0,0.0
2004-04-09 00:00:00+08:00,0.14436949789524078,0.14436949789524078,0.14436949789524078,0.14436949789524078,0,0.0,0.0
2004-04-12 00:00:00+08:00,0.1380925476551056,0.1412310116711978,0.1380925476551056,0.1380925476551056,577000,0.0,0.0
2004-04-13 00:00:00+08:00,0.14123102344211563,0.14123102344211563,0.13495409488677979,0.13495409488677979,269000,0.0,0.0
2004-04-14 00:00:00+08:00,0.13495409488677979,0.13495409488677979,0.13495409488677979,0.13495409488677979,100000,0.0,0.0
2004-04-15 00:00:00+08:00,0.1318156102695606,0.1380925476551056,0.1318156102695606,0.1380925476551056,141000,0.0,0.0
2004-04-16 00:00:00+08:00,0.1380925591644477,0.1380925591644477,0.13495409488677979,0.13495409488677979,111000,0.0,0.0
2004-04-19 00:00:00+08:00,0.1380925591644477,0.1380925591644477,0.13495409488677979,0.13495409488677979,132000,0.0,0.0
2004-04-20 00:00:00+08:00,0.14123102344211563,0.14123102344211563,0.13495409488677979,0.13495409488677979,65000,0.0,0.0
2004-04-21 00:00:00+08:00,0.13495409488677979,0.13495409488677979,0.13495409488677979,0.13495409488677979,57000,0.0,0.0
2004-04-22 00:00:00+08:00,0.1380925476551056,0.1412310116711978,0.13495408363901337,0.1380925476551056,150000,0.0,0.0
2004-04-23 00:00:00+08:00,0.13495409488677979,0.1380925591644477,0.13495409488677979,0.13495409488677979,193000,0.0,0.0
2004-04-26 00:00:00+08:00,0.1380925591644477,0.1380925591644477,0.13181562125575053,0.13495409488677979,486000,0.0,0.0
2004-04-27 00:00:00+08:00,0.13495409488677979,0.13495409488677979,0.13495409488677979,0.13495409488677979,306000,0.0,0.0
2004-04-28 00:00:00+08:00,0.13495409488677979,0.13495409488677979,0.13181562125575053,0.13495409488677979,888000,0.0,0.0
2004-04-29 00:00:00+08:00,0.1380925654098731,0.14436950360245343,0.13181562721729279,0.13181562721729279,2721000,0.0,0.0
2004-04-30 00:00:00+08:00,0.13495408363901337,0.1380925476551056,0.1318156102695606,0.1380925476551056,1182000,0.0,0.0
2004-05-03 00:00:00+08:00,0.13495409488677979,0.13495409488677979,0.13495409488677979,0.13495409488677979,78000,0.0,0.0
2004-05-04 00:00:00+08:00,0.13495409488677979,0.13495409488677979,0.13495409488677979,0.13495409488677979,166000,0.0,0.0
2004-05-05 00:00:00+08:00,0.13495409488677979,0.13495409488677979,0.13495409488677979,0.13495409488677979,274000,0.0,0.0
2004-05-06 00:00:00+08:00,0.1349541009902638,0.1349541009902638,0.13181562721729279,0.13181562721729279,308000,0.0,0.0
2004-05-07 00:00:00+08:00,0.13181562125575053,0.13495409488677979,0.13181562125575053,0.13495409488677979,417000,0.0,0.0
2004-05-10 00:00:00+08:00,0.13181562039254988,0.13181562039254988,0.1255386918783188,0.1255386918783188,735000,0.0,0.0
2004-05-11 00:00:00+08:00,0.12240022151375617,0.1286771595478058,0.12240022151375617,0.1286771595478058,357000,0.0,0.0
2004-05-12 00:00:00+08:00,0.1255386918783188,0.1255386918783188,0.1255386918783188,0.1255386918783188,314000,0.0,0.0
2004-05-13 00:00:00+08:00,0.1255386918783188,0.1255386918783188,0.12240021826784195,0.1255386918783188,329000,0.0,0.0
2004-05-14 00:00:00+08:00,0.12240022086300288,0.12240022086300288,0.1192617565393448,0.11926175653934479,344000,0.0,0.0
2004-05-17 00:00:00+08:00,0.11298481952490211,0.11298481952490211,0.10670788198906507,0.10984634608030319,459000,0.0,0.0
2004-05-18 00:00:00+08:00,0.11298483610153198,0.11298483610153198,0.11298483610153198,0.11298483610153198,220000,0.0,0.0
2004-05-19 00:00:00+08:00,0.11612330377101898,0.11612330377101898,0.11612330377101898,0.11612330377101898,120000,0.0,0.0
2004-05-20 00:00:00+08:00,0.11612330377101898,0.11612330377101898,0.11612330377101898,0.11612330377101898,60000,0.0,0.0
2004-05-21 00:00:00+08:00,0.1192617565393448,0.1192617565393448,0.1192617565393448,0.11926175653934479,125000,0.0,0.0
2004-05-24 00:00:00+08:00,0.11612330377101898,0.11612330377101898,0.11612330377101898,0.11612330377101898,30000,0.0,0.0
2004-05-25 00:00:00+08:00,0.1192617565393448,0.1192617565393448,0.1192617565393448,0.11926175653934479,100000,0.0,0.0
2004-05-26 00:00:00+08:00,0.12240021826784195,0.12867715613543435,0.12240021826784195,0.1255386918783188,435000,0.0,0.0
2004-05-27 00:00:00+08:00,0.12240022086300288,0.12240022086300288,0.1192617565393448,0.11926175653934479,270000,0.0,0.0
2004-05-28 00:00:00+08:00,0.12240022086300288,0.12240022086300288,0.1192617565393448,0.11926175653934479,276000,0.0,0.0
2004-05-31 00:00:00+08:00,0.1192617565393448,0.1192617565393448,0.1192617565393448,0.11926175653934479,19000,0.0,0.0
2004-06-01 00:00:00+08:00,0.11612329221568671,0.1192617565393448,0.11612329221568671,0.11926175653934479,13000,0.0,0.0
2004-06-02 00:00:00+08:00,0.1192617565393448,0.1192617565393448,0.1192617565393448,0.11926175653934479,0,0.0,0.0
2004-06-03 00:00:00+08:00,0.11612329221568671,0.1192617565393448,0.11612329221568671,0.11926175653934479,155000,0.0,0.0
2004-06-04 00:00:00+08:00,0.1192617565393448,0.1192617565393448,0.1192617565393448,0.11926175653934479,68000,0.0,0.0
2004-06-07 00:00:00+08:00,0.1192617565393448,0.1192617565393448,0.1192617565393448,0.11926175653934479,0,0.0,0.0
2004-06-08 00:00:00+08:00,0.12248505944500962,0.12248505944500962,0.11926177144050598,0.11926177144050598,53000,0.005,0.0
2004-06-09 00:00:00+08:00,0.1160384863615036,0.11926177444727107,0.1128151886695799,0.1160384863615036,115000,0.0,0.0
2004-06-10 00:00:00+08:00,0.1160384863615036,0.1160384863615036,0.1160384863615036,0.1160384863615036,1000,0.0,0.0
2004-06-11 00:00:00+08:00,0.1160384863615036,0.1160384863615036,0.1160384863615036,0.1160384863615036,0,0.0,0.0
2004-06-14 00:00:00+08:00,0.12248504161834717,0.12248504161834717,0.12248504161834717,0.12248504161834717,10000,0.0,0.0
2004-06-15 00:00:00+08:00,0.11926177444727107,0.11926177444727107,0.1160384863615036,0.1160384863615036,246000,0.0,0.0
2004-06-16 00:00:00+08:00,0.11926175627561796,0.11926175627561796,0.11281517148017883,0.11281517148017883,131000,0.0,0.0
2004-06-17 00:00:00+08:00,0.11281517148017883,0.11603846868097578,0.11281517148017883,0.11281517148017883,172000,0.0,0.0
2004-06-18 00:00:00+08:00,0.1128151886695799,0.1160384863615036,0.10959190058381243,0.1160384863615036,282000,0.0,0.0
2004-06-21 00:00:00+08:00,0.1160384863615036,0.1160384863615036,0.1160384863615036,0.1160384863615036,0,0.0,0.0
2004-06-22 00:00:00+08:00,0.1160384863615036,0.1160384863615036,0.1160384863615036,0.1160384863615036,0,0.0,0.0
2004-06-23 00:00:00+08:00,0.10959188388553665,0.11281517148017883,0.10959188388553665,0.11281517148017883,229000,0.0,0.0
2004-06-24 00:00:00+08:00,0.10959189385175705,0.10959189385175705,0.10636860596399102,0.10959189385175705,300000,0.0,0.0
2004-06-25 00:00:00+08:00,0.11281518471851465,0.11281518471851465,0.10636860877275467,0.10636860877275467,217000,0.0,0.0
2004-06-28 00:00:00+08:00,0.10636860877275467,0.10636860877275467,0.10636860877275467,0.10636860877275467,0,0.0,0.0
2004-06-29 00:00:00+08:00,0.11281517148017883,0.11281517148017883,0.10959188388553665,0.11281517148017883,199000,0.0,0.0
2004-06-30 00:00:00+08:00,0.1160384863615036,0.1160384863615036,0.1160384863615036,0.1160384863615036,335000,0.0,0.0
2004-07-01 00:00:00+08:00,0.1160384863615036,0.1160384863615036,0.1160384863615036,0.1160384863615036,70000,0.0,0.0
2004-07-02 00:00:00+08:00,0.1128151886695799,0.1160384863615036,0.1128151886695799,0.1160384863615036,20000,0.0,0.0
2004-07-05 00:00:00+08:00,0.1160384863615036,0.1160384863615036,0.1160384863615036,0.1160384863615036,48000,0.0,0.0
2004-07-06 00:00:00+08:00,0.11926177144050598,0.12248505944500962,0.11926177144050598,0.11926177144050598,290000,0.0,0.0
2004-07-07 00:00:00+08:00,0.11926177144050598,0.11926177144050598,0.11603848343600236,0.11926177144050598,170000,0.0,0.0
2004-07-08 00:00:00+08:00,0.12248504161834717,0.12248504161834717,0.12248504161834717,0.12248504161834717,110000,0.0,0.0
2004-07-09 00:00:00+08:00,0.12248505944500962,0.12248505944500962,0.11926177144050598,0.11926177144050598,110000,0.0,0.0
2004-07-12 00:00:00+08:00,0.11926177144050598,0.11926177144050598,0.11926177144050598,0.11926177144050598,45000,0.0,0.0
2004-07-13 00:00:00+08:00,0.1160384863615036,0.1160384863615036,0.1160384863615036,0.1160384863615036,35000,0.0,0.0
2004-07-14 00:00:00+08:00,0.11603847923344475,0.11603847923344475,0.10959189385175705,0.10959189385175705,422000,0.0,0.0
2004-07-15 00:00:00+08:00,0.10959189385175705,0.10959189385175705,0.10959189385175705,0.10959189385175705,370000,0.0,0.0
2004-07-16 00:00:00+08:00,0.10959189385175705,0.10959189385175705,0.10959189385175705,0.10959189385175705,70000,0.0,0.0
2004-07-19 00:00:00+08:00,0.10959189385175705,0.10959189385175705,0.10959189385175705,0.10959189385175705,0,0.0,0.0
2004-07-20 00:00:00+08:00,0.10959188627819427,0.10959188627819427,0.1031453013420105,0.1031453013420105,102000,0.0,0.0
2004-07-21 00:00:00+08:00,0.10636860877275467,0.10959189674563466,0.10636860877275467,0.10636860877275467,88000,0.0,0.0
2004-07-22 00:00:00+08:00,0.10636859861317988,0.10636859861317988,0.1031453013420105,0.1031453013420105,233000,0.0,0.0
2004-07-23 00:00:00+08:00,0.1031453013420105,0.1031453013420105,0.1031453013420105,0.1031453013420105,119000,0.0,0.0
2004-07-26 00:00:00+08:00,0.1031453013420105,0.1031453013420105,0.1031453013420105,0.1031453013420105,30000,0.0,0.0
2004-07-27 00:00:00+08:00,0.09992200881242752,0.09992200881242752,0.09992200881242752,0.09992200881242752,200000,0.0,0.0
2004-07-28 00:00:00+08:00,0.1031453013420105,0.1031453013420105,0.1031453013420105,0.1031453013420105,103000,0.0,0.0
2004-07-29 00:00:00+08:00,0.09992200881242752,0.09992200881242752,0.09992200881242752,0.09992200881242752,1000,0.0,0.0
2004-07-30 00:00:00+08:00,0.1031453013420105,0.1031453013420105,0.1031453013420105,0.1031453013420105,85000,0.0,0.0
2004-08-02 00:00:00+08:00,0.1031453013420105,0.1031453013420105,0.1031453013420105,0.1031453013420105,30000,0.0,0.0
2004-08-03 00:00:00+08:00,0.1031453013420105,0.1031453013420105,0.1031453013420105,0.1031453013420105,66000,0.0,0.0
2004-08-04 00:00:00+08:00,0.1031453013420105,0.1031453013420105,0.1031453013420105,0.1031453013420105,25000,0.0,0.0
2004-08-05 00:00:00+08:00,0.10636859861317988,0.10636859861317988,0.1031453013420105,0.1031453013420105,97000,0.0,0.0
2004-08-06 00:00:00+08:00,0.1031453013420105,0.1031453013420105,0.1031453013420105,0.1031453013420105,102000,0.0,0.0
2004-08-09 00:00:00+08:00,0.1031453013420105,0.1031453013420105,0.1031453013420105,0.1031453013420105,0,0.0,0.0
2004-08-10 00:00:00+08:00,0.10636860877275467,0.10636860877275467,0.10636860877275467,0.10636860877275467,100000,0.0,0.0
2004-08-11 00:00:00+08:00,0.10636860877275467,0.10636860877275467,0.10636860877275467,0.10636860877275467,10000,0.0,0.0
2004-08-12 00:00:00+08:00,0.10636860877275467,0.10636860877275467,0.10636860877275467,0.10636860877275467,0,0.0,0.0
2004-08-13 00:00:00+08:00,0.09992200881242752,0.09992200881242752,0.09992200881242752,0.09992200881242752,65000,0.0,0.0
2004-08-16 00:00:00+08:00,0.09992200881242752,0.09992200881242752,0.09992200881242752,0.09992200881242752,92000,0.0,0.0
2004-08-17 00:00:00+08:00,0.09992200881242752,0.09992200881242752,0.09992200881242752,0.09992200881242752,0,0.0,0.0
2004-08-18 00:00:00+08:00,0.09992203441928683,0.09992203441928683,0.09669874608516693,0.09669874608516693,63000,0.0,0.0
2004-08-19 00:00:00+08:00,0.09992203441928683,0.09992203441928683,0.09669874608516693,0.09669874608516693,19000,0.0,0.0
2004-08-20 00:00:00+08:00,0.0966987260119817,0.1031453013420105,0.0966987260119817,0.1031453013420105,244000,0.0,0.0
2004-08-23 00:00:00+08:00,0.1031453013420105,0.1031453013420105,0.1031453013420105,0.1031453013420105,0,0.0,0.0
2004-08-24 00:00:00+08:00,0.1031453013420105,0.1031453013420105,0.1031453013420105,0.1031453013420105,114000,0.0,0.0
2004-08-25 00:00:00+08:00,0.10636859629089446,0.11281517148017883,0.10636859629089446,0.11281517148017883,240000,0.0,0.0
2004-08-26 00:00:00+08:00,0.11281518173952308,0.11281518173952308,0.10959189385175705,0.10959189385175705,160000,0.0,0.0
2004-08-27 00:00:00+08:00,0.10959189674563466,0.11281518471851465,0.10636860877275467,0.10636860877275467,172000,0.0,0.0
2004-08-30 00:00:00+08:00,0.10959189674563466,0.10959189674563466,0.10636860877275467,0.10636860877275467,194000,0.0,0.0
2004-08-31 00:00:00+08:00,0.10636860877275467,0.10636860877275467,0.10636860877275467,0.10636860877275467,0,0.0,0.0
2004-09-01 00:00:00+08:00,0.10636860596399102,0.10959189385175705,0.10636860596399102,0.10959189385175705,280000,0.0,0.0
2004-09-02 00:00:00+08:00,0.10959189385175705,0.10959189385175705,0.10959189385175705,0.10959189385175705,30000,0.0,0.0
2004-09-03 00:00:00+08:00,0.10636860877275467,0.10636860877275467,0.10636860877275467,0.10636860877275467,2000,0.0,0.0
2004-09-06 00:00:00+08:00,0.10636860596399102,0.10959189385175705,0.10636860596399102,0.10959189385175705,70000,0.0,0.0
2004-09-07 00:00:00+08:00,0.10959188388553665,0.11281517148017883,0.10959188388553665,0.11281517148017883,80000,0.0,0.0
2004-09-08 00:00:00+08:00,0.11281517148017883,0.11281517148017883,0.11281517148017883,0.11281517148017883,179000,0.0,0.0
2004-09-09 00:00:00+08:00,0.11281517148017883,0.11281517148017883,0.11281517148017883,0.11281517148017883,130000,0.0,0.0
2004-09-10 00:00:00+08:00,0.11281517148017883,0.11281517148017883,0.11281517148017883,0.11281517148017883,38000,0.0,0.0
2004-09-13 00:00:00+08:00,0.11281517148017883,0.11281517148017883,0.11281517148017883,0.11281517148017883,0,0.0,0.0
2004-09-14 00:00:00+08:00,0.1160384863615036,0.1160384863615036,0.1160384863615036,0.1160384863615036,220000,0.0,0.0
2004-09-15 00:00:00+08:00,0.1160384863615036,0.11926177444727107,0.1160384863615036,0.1160384863615036,147000,0.0,0.0
2004-09-16 00:00:00+08:00,0.1192617540829658,0.12570832915372854,0.1192617540829658,0.12248504161834717,390000,0.0,0.0
2004-09-17 00:00:00+08:00,0.12570832669734955,0.12570832669734955,0.11926175175255484,0.12570832669734955,535000,0.0,0.0
2004-09-20 00:00:00+08:00,0.12893165036365897,0.1386015243810873,0.12893165036365897,0.13537822663784027,2414000,0.0,0.0
2004-09-21 00:00:00+08:00,0.13215493850074964,0.13537822663784027,0.13215493850074964,0.13537822663784027,335000,0.0,0.0
2004-09-22 00:00:00+08:00,0.13215493850074964,0.13537822663784027,0.12893165036365897,0.13537822663784027,735000,0.0,0.0
2004-09-23 00:00:00+08:00,0.1321549415588379,0.1321549415588379,0.1321549415588379,0.1321549415588379,205000,0.0,0.0
2004-09-24 00:00:00+08:00,0.13215492642553991,0.14182479955941626,0.13215492642553991,0.13860151171684265,2026000,0.0,0.0
2004-09-27 00:00:00+08:00,0.1386015243810873,0.1386015243810873,0.13537822663784027,0.13537822663784027,213000,0.0,0.0
2004-09-28 00:00:00+08:00,0.13537822663784027,0.13537822663784027,0.13537822663784027,0.13537822663784027,205000,0.0,0.0
2004-09-29 00:00:00+08:00,0.13537822977051597,0.13537822977051597,0.1321549415588379,0.1321549415588379,545000,0.0,0.0
2004-09-30 00:00:00+08:00,0.13215489894876084,0.13215489894876084,0.12893161177635193,0.12893161177635193,360000,0.0,0.0
2004-10-01 00:00:00+08:00,0.12893165334715978,0.1321549415588379,0.12893165334715978,0.1321549415588379,301000,0.0,0.0
2004-10-04 00:00:00+08:00,0.1321549415588379,0.1321549415588379,0.1321549415588379,0.1321549415588379,386000,0.0,0.0
2004-10-05 00:00:00+08:00,0.13537822977051597,0.13537822977051597,0.1321549415588379,0.1321549415588379,170000,0.0,0.0
2004-10-06 00:00:00+08:00,0.1321549415588379,0.1321549415588379,0.1321549415588379,0.1321549415588379,22000,0.0,0.0
2004-10-07 00:00:00+08:00,0.13215489894876084,0.13215489894876084,0.12893161177635193,0.12893161177635193,156000,0.0,0.0
2004-10-08 00:00:00+08:00,0.1321549415588379,0.1321549415588379,0.1321549415588379,0.1321549415588379,76000,0.0,0.0
2004-10-11 00:00:00+08:00,0.12893161177635193,0.12893161177635193,0.12893161177635193,0.12893161177635193,30000,0.0,0.0
2004-10-12 00:00:00+08:00,0.12570832669734955,0.12570832669734955,0.12570832669734955,0.12570832669734955,95000,0.0,0.0
2004-10-13 00:00:00+08:00,0.1224850392249522,0.12570832669734955,0.1224850392249522,0.12570832669734955,190000,0.0,0.0
2004-10-14 00:00:00+08:00,0.12248505944500962,0.12248505944500962,0.11926177144050598,0.11926177144050598,111000,0.0,0.0
2004-10-15 00:00:00+08:00,0.11926175175255484,0.12570832669734955,0.11926175175255484,0.12570832669734955,100000,0.0,0.0
2004-10-18 00:00:00+08:00,0.12570832915372854,0.12570832915372854,0.12248504161834717,0.12248504161834717,595000,0.0,0.0
2004-10-19 00:00:00+08:00,0.12570832669734955,0.12570832669734955,0.12570832669734955,0.12570832669734955,100000,0.0,0.0
2004-10-20 00:00:00+08:00,0.12248504161834717,0.12248504161834717,0.12248504161834717,0.12248504161834717,12000,0.0,0.0
2004-10-21 00:00:00+08:00,0.12570832915372854,0.12570832915372854,0.12248504161834717,0.12248504161834717,31000,0.0,0.0
2004-10-22 00:00:00+08:00,0.12893165334715978,0.13537822977051597,0.12570835552932508,0.1321549415588379,388000,0.0,0.0
2004-10-25 00:00:00+08:00,0.12893161177635193,0.12893161177635193,0.12893161177635193,0.12893161177635193,10000,0.0,0.0
2004-10-26 00:00:00+08:00,0.12893165334715978,0.13537822977051597,0.12893165334715978,0.1321549415588379,123000,0.0,0.0
2004-10-27 00:00:00+08:00,0.13537818612116975,0.13537818612116975,0.12893161177635193,0.12893161177635193,55000,0.0,0.0
2004-10-28 00:00:00+08:00,0.1321549415588379,0.1321549415588379,0.12570835552932508,0.1321549415588379,169000,0.0,0.0
2004-10-29 00:00:00+08:00,0.1289316262952645,0.1289316262952645,0.12248504161834717,0.12248504161834717,434000,0.0,0.0
2004-11-01 00:00:00+08:00,0.12248505944500962,0.12248505944500962,0.11926177144050598,0.11926177144050598,30000,0.0,0.0
2004-11-02 00:00:00+08:00,0.12248505944500962,0.12248505944500962,0.11926177144050598,0.11926177144050598,290000,0.0,0.0
2004-11-03 00:00:00+08:00,0.12248505944500962,0.12248505944500962,0.11926177144050598,0.11926177144050598,144000,0.0,0.0
2004-11-04 00:00:00+08:00,0.12248504161834717,0.12248504161834717,0.12248504161834717,0.12248504161834717,10000,0.0,0.0
2004-11-05 00:00:00+08:00,0.1192617540829658,0.12248504161834717,0.1192617540829658,0.12248504161834717,240000,0.0,0.0
2004-11-08 00:00:00+08:00,0.11926177144050598,0.11926177144050598,0.11926177144050598,0.11926177144050598,70000,0.0,0.0
2004-11-09 00:00:00+08:00,0.11926177144050598,0.11926177144050598,0.11926177144050598,0.11926177144050598,75000,0.0,0.0
2004-11-10 00:00:00+08:00,0.1160384863615036,0.1160384863615036,0.1160384863615036,0.1160384863615036,90000,0.0,0.0
2004-11-11 00:00:00+08:00,0.1160384863615036,0.1160384863615036,0.1160384863615036,0.1160384863615036,0,0.0,0.0
2004-11-12 00:00:00+08:00,0.11281517148017883,0.11281517148017883,0.11281517148017883,0.11281517148017883,2000,0.0,0.0
2004-11-15 00:00:00+08:00,0.11281517148017883,0.11281517148017883,0.11281517148017883,0.11281517148017883,0,0.0,0.0
2004-11-16 00:00:00+08:00,0.1128151886695799,0.1160384863615036,0.1128151886695799,0.1160384863615036,32000,0.0,0.0
2004-11-17 00:00:00+08:00,0.1160384863615036,0.1160384863615036,0.1160384863615036,0.1160384863615036,0,0.0,0.0
2004-11-18 00:00:00+08:00,0.1160384863615036,0.1160384863615036,0.1160384863615036,0.1160384863615036,0,0.0,0.0
2004-11-19 00:00:00+08:00,0.11926177444727107,0.11926177444727107,0.1160384863615036,0.1160384863615036,94000,0.0,0.0
2004-11-22 00:00:00+08:00,0.11281517148017883,0.11281517148017883,0.11281517148017883,0.11281517148017883,30000,0.0,0.0
2004-11-23 00:00:00+08:00,0.1160384863615036,0.1160384863615036,0.1160384863615036,0.1160384863615036,50000,0.0,0.0
2004-11-24 00:00:00+08:00,0.11926177144050598,0.11926177144050598,0.11926177144050598,0.11926177144050598,90000,0.0,0.0
2004-11-25 00:00:00+08:00,0.1160384863615036,0.1160384863615036,0.1160384863615036,0.1160384863615036,54000,0.0,0.0
2004-11-26 00:00:00+08:00,0.1160384863615036,0.1160384863615036,0.1160384863615036,0.1160384863615036,137000,0.0,0.0
2004-11-29 00:00:00+08:00,0.1160384863615036,0.1160384863615036,0.1160384863615036,0.1160384863615036,60000,0.0,0.0
2004-11-30 00:00:00+08:00,0.11281517148017883,0.11281517148017883,0.11281517148017883,0.11281517148017883,175000,0.0,0.0
2004-12-01 00:00:00+08:00,0.11281517148017883,0.11281517148017883,0.11281517148017883,0.11281517148017883,0,0.0,0.0
2004-12-02 00:00:00+08:00,0.10959188388553665,0.11281517148017883,0.10959188388553665,0.11281517148017883,22000,0.0,0.0
2004-12-03 00:00:00+08:00,0.11281517148017883,0.11281517148017883,0.11281517148017883,0.11281517148017883,87000,0.0,0.0
2004-12-06 00:00:00+08:00,0.11281517148017883,0.11281517148017883,0.11281517148017883,0.11281517148017883,39000,0.0,0.0
2004-12-07 00:00:00+08:00,0.11281517148017883,0.11281517148017883,0.11281517148017883,0.11281517148017883,0,0.0,0.0
2004-12-08 00:00:00+08:00,0.11281517148017883,0.11281517148017883,0.11281517148017883,0.11281517148017883,20000,0.0,0.0
2004-12-09 00:00:00+08:00,0.10636860877275467,0.10636860877275467,0.10636860877275467,0.10636860877275467,50000,0.0,0.0
2004-12-10 00:00:00+08:00,0.10959189385175705,0.10959189385175705,0.10959189385175705,0.10959189385175705,8000,0.0,0.0
2004-12-13 00:00:00+08:00,0.10959188627819427,0.10959188627819427,0.1031453013420105,0.1031453013420105,208000,0.0,0.0
2004-12-14 00:00:00+08:00,0.1031453013420105,0.1031453013420105,0.1031453013420105,0.1031453013420105,99000,0.0,0.0
2004-12-15 00:00:00+08:00,0.10314529632052051,0.10314529632052051,0.09992200881242752,0.09992200881242752,50000,0.0,0.0
2004-12-16 00:00:00+08:00,0.10314531119371878,0.10636860877275467,0.09992202322083878,0.10636860877275467,118000,0.0,0.0
2004-12-17 00:00:00+08:00,0.10636860877275467,0.10636860877275467,0.10636860877275467,0.10636860877275467,0,0.0,0.0
2004-12-20 00:00:00+08:00,0.10636860877275467,0.10636860877275467,0.10636860877275467,0.10636860877275467,0,0.0,0.0
2004-12-21 00:00:00+08:00,0.10636860877275467,0.10636860877275467,0.10636860877275467,0.10636860877275467,31000,0.0,0.0
2004-12-22 00:00:00+08:00,0.10959189385175705,0.10959189385175705,0.10959189385175705,0.10959189385175705,60000,0.0,0.0
2004-12-23 00:00:00+08:00,0.10636860877275467,0.10636860877275467,0.10636860877275467,0.10636860877275467,130000,0.0,0.0
2004-12-24 00:00:00+08:00,0.10636860877275467,0.10636860877275467,0.10636860877275467,0.10636860877275467,0,0.0,0.0
2004-12-27 00:00:00+08:00,0.10959189385175705,0.10959189385175705,0.10959189385175705,0.10959189385175705,50000,0.0,0.0
2004-12-28 00:00:00+08:00,0.10959189385175705,0.10959189385175705,0.10959189385175705,0.10959189385175705,155000,0.0,0.0
2004-12-29 00:00:00+08:00,0.1128151886695799,0.1160384863615036,0.1128151886695799,0.1160384863615036,205000,0.0,0.0
2004-12-30 00:00:00+08:00,0.10959188388553665,0.11281517148017883,0.10959188388553665,0.11281517148017883,247000,0.0,0.0
2004-12-31 00:00:00+08:00,0.11281517148017883,0.11281517148017883,0.11281517148017883,0.11281517148017883,51000,0.0,0.0
2005-01-03 00:00:00+08:00,0.1160384863615036,0.1160384863615036,0.1128151886695799,0.1160384863615036,350000,0.0,0.0
2005-01-04 00:00:00+08:00,0.11281517148017883,0.11603846868097578,0.11281517148017883,0.11281517148017883,192000,0.0,0.0
2005-01-05 00:00:00+08:00,0.11281518582534275,0.12248505944500962,0.11281518582534275,0.11926177144050598,635000,0.0,0.0
2005-01-06 00:00:00+08:00,0.11926177444727107,0.11926177444727107,0.1160384863615036,0.1160384863615036,330000,0.0,0.0
2005-01-07 00:00:00+08:00,0.1160384863615036,0.11926177444727107,0.1128151886695799,0.1160384863615036,160000,0.0,0.0
2005-01-10 00:00:00+08:00,0.11281517148017883,0.11281517148017883,0.11281517148017883,0.11281517148017883,56000,0.0,0.0
2005-01-11 00:00:00+08:00,0.10959189385175705,0.10959189385175705,0.10959189385175705,0.10959189385175705,10000,0.0,0.0
2005-01-12 00:00:00+08:00,0.11281517148017883,0.11603846868097578,0.11281517148017883,0.11281517148017883,88000,0.0,0.0
2005-01-13 00:00:00+08:00,0.1128151886695799,0.1160384863615036,0.1128151886695799,0.1160384863615036,100000,0.0,0.0
2005-01-14 00:00:00+08:00,0.11603846654758443,0.12248504161834717,0.11603846654758443,0.12248504161834717,606000,0.0,0.0
2005-01-17 00:00:00+08:00,0.1224850392249522,0.12570832669734955,0.1224850392249522,0.12570832669734955,567000,0.0,0.0
2005-01-18 00:00:00+08:00,0.1289316237759013,0.13215491124829865,0.12570832669734955,0.12570832669734955,491000,0.0,0.0
2005-01-19 00:00:00+08:00,0.12570832669734955,0.12570832669734955,0.1224850392249522,0.12570832669734955,270000,0.0,0.0
2005-01-20 00:00:00+08:00,0.12248504161834717,0.12248504161834717,0.12248504161834717,0.12248504161834717,60000,0.0,0.0
2005-01-24 00:00:00+08:00,0.12248505944500962,0.12248505944500962,0.11926177144050598,0.11926177144050598,140000,0.0,0.0
2005-01-25 00:00:00+08:00,0.12248506253303854,0.12248506253303854,0.1160384863615036,0.1160384863615036,151000,0.0,0.0
2005-01-26 00:00:00+08:00,0.11603846868097578,0.11603846868097578,0.11281517148017883,0.11281517148017883,295000,0.0,0.0
2005-01-27 00:00:00+08:00,0.11281517148017883,0.11281517148017883,0.11281517148017883,0.11281517148017883,143000,0.0,0.0
2005-01-28 00:00:00+08:00,0.11281518582534275,0.11926177144050598,0.11281518582534275,0.11926177144050598,86000,0.0,0.0
2005-01-31 00:00:00+08:00,0.1160384863615036,0.1160384863615036,0.1160384863615036,0.1160384863615036,30000,0.0,0.0
2005-02-01 00:00:00+08:00,0.1160384863615036,0.1160384863615036,0.1128151886695799,0.1160384863615036,141000,0.0,0.0
2005-02-02 00:00:00+08:00,0.11281517148017883,0.11281517148017883,0.11281517148017883,0.11281517148017883,62000,0.0,0.0
2005-02-03 00:00:00+08:00,0.11281517148017883,0.11281517148017883,0.11281517148017883,0.11281517148017883,50000,0.0,0.0
2005-02-04 00:00:00+08:00,0.1160384863615036,0.1160384863615036,0.1160384863615036,0.1160384863615036,60000,0.0,0.0
2005-02-07 00:00:00+08:00,0.11603846868097578,0.11603846868097578,0.11281517148017883,0.11281517148017883,70000,0.0,0.0
2005-02-08 00:00:00+08:00,0.10959189385175705,0.10959189385175705,0.10959189385175705,0.10959189385175705,2000,0.0,0.0
2005-02-11 00:00:00+08:00,0.10959189385175705,0.10959189385175705,0.10959189385175705,0.10959189385175705,0,0.0,0.0
2005-02-14 00:00:00+08:00,0.1160384863615036,0.1160384863615036,0.10959190058381243,0.1160384863615036,60000,0.0,0.0
2005-02-15 00:00:00+08:00,0.10959189385175705,0.11281518173952308,0.10959189385175705,0.10959189385175705,116000,0.0,0.0
2005-02-16 00:00:00+08:00,0.10959189385175705,0.10959189385175705,0.10959189385175705,0.10959189385175705,70000,0.0,0.0
2005-02-17 00:00:00+08:00,0.10959189385175705,0.10959189385175705,0.10959189385175705,0.10959189385175705,51000,0.0,0.0
2005-02-18 00:00:00+08:00,0.10959189385175705,0.10959189385175705,0.10959189385175705,0.10959189385175705,14000,0.0,0.0
2005-02-21 00:00:00+08:00,0.11281517148017883,0.11281517148017883,0.11281517148017883,0.11281517148017883,20000,0.0,0.0
2005-02-22 00:00:00+08:00,0.10959189385175705,0.10959189385175705,0.10959189385175705,0.10959189385175705,155000,0.0,0.0
2005-02-23 00:00:00+08:00,0.10636860877275467,0.10636860877275467,0.10636860877275467,0.10636860877275467,134000,0.0,0.0
2005-02-24 00:00:00+08:00,0.10636860877275467,0.10636860877275467,0.10314531119371878,0.10636860877275467,294000,0.0,0.0
2005-02-25 00:00:00+08:00,0.10636860877275467,0.10636860877275467,0.10636860877275467,0.10636860877275467,65000,0.0,0.0
2005-02-28 00:00:00+08:00,0.1031453013420105,0.1031453013420105,0.1031453013420105,0.1031453013420105,177000,0.0,0.0
2005-03-01 00:00:00+08:00,0.1031453013420105,0.1031453013420105,0.1031453013420105,0.1031453013420105,0,0.0,0.0
2005-03-02 00:00:00+08:00,0.10636860596399102,0.10959189385175705,0.10314530847006935,0.10959189385175705,286000,0.0,0.0
2005-03-03 00:00:00+08:00,0.1031453013420105,0.1031453013420105,0.1031453013420105,0.1031453013420105,125000,0.0,0.0
2005-03-04 00:00:00+08:00,0.1031453013420105,0.1031453013420105,0.1031453013420105,0.1031453013420105,80000,0.0,0.0
2005-03-07 00:00:00+08:00,0.10636860877275467,0.10959189674563466,0.10636860877275467,0.10636860877275467,245000,0.0,0.0
2005-03-08 00:00:00+08:00,0.10636860877275467,0.10636860877275467,0.10636860877275467,0.10636860877275467,42000,0.0,0.0
2005-03-09 00:00:00+08:00,0.10636860877275467,0.10636860877275467,0.10636860877275467,0.10636860877275467,125000,0.0,0.0
2005-03-10 00:00:00+08:00,0.1031453013420105,0.1031453013420105,0.1031453013420105,0.1031453013420105,10000,0.0,0.0
2005-03-11 00:00:00+08:00,0.10636860877275467,0.10636860877275467,0.10636860877275467,0.10636860877275467,70000,0.0,0.0
2005-03-14 00:00:00+08:00,0.10314531119371878,0.10636860877275467,0.10314531119371878,0.10636860877275467,31000,0.0,0.0
2005-03-15 00:00:00+08:00,0.10636860877275467,0.10636860877275467,0.10636860877275467,0.10636860877275467,0,0.0,0.0
2005-03-16 00:00:00+08:00,0.1031453013420105,0.1031453013420105,0.1031453013420105,0.1031453013420105,50000,0.0,0.0
2005-03-17 00:00:00+08:00,0.1031453013420105,0.10636859861317988,0.1031453013420105,0.1031453013420105,76000,0.0,0.0
2005-03-18 00:00:00+08:00,0.1031453013420105,0.1031453013420105,0.1031453013420105,0.1031453013420105,50000,0.0,0.0
2005-03-21 00:00:00+08:00,0.1031453013420105,0.1031453013420105,0.0999220136769961,0.1031453013420105,51000,0.0,0.0
2005-03-22 00:00:00+08:00,0.09992200881242752,0.09992200881242752,0.09992200881242752,0.09992200881242752,100000,0.0,0.0
2005-03-23 00:00:00+08:00,0.09992200881242752,0.09992200881242752,0.09669872130433455,0.09992200881242752,100000,0.0,0.0
2005-03-24 00:00:00+08:00,0.09992200881242752,0.09992200881242752,0.09992200881242752,0.09992200881242752,0,0.0,0.0
2005-03-28 00:00:00+08:00,0.09992200881242752,0.09992200881242752,0.09992200881242752,0.09992200881242752,100000,0.0,0.0
2005-03-29 00:00:00+08:00,0.09992203441928683,0.09992203441928683,0.09669874608516693,0.09669874608516693,155000,0.0,0.0
2005-03-30 00:00:00+08:00,0.09669874608516693,0.09669874608516693,0.09669874608516693,0.09669874608516693,219000,0.0,0.0
2005-03-31 00:00:00+08:00,0.09669872855994378,0.09669872855994378,0.09347543120384216,0.09347543120384216,62000,0.0,0.0
2005-04-01 00:00:00+08:00,0.09347544814489006,0.09669874608516693,0.09347544814489006,0.09669874608516693,71000,0.0,0.0
2005-04-04 00:00:00+08:00,0.09669874608516693,0.09669874608516693,0.09669874608516693,0.09669874608516693,0,0.0,0.0
2005-04-05 00:00:00+08:00,0.09669874608516693,0.09669874608516693,0.09669874608516693,0.09669874608516693,47000,0.0,0.0
2005-04-06 00:00:00+08:00,0.09669874608516693,0.09669874608516693,0.09669874608516693,0.09669874608516693,15000,0.0,0.0
2005-04-07 00:00:00+08:00,0.09669874608516693,0.09669874608516693,0.09669874608516693,0.09669874608516693,0,0.0,0.0
2005-04-08 00:00:00+08:00,0.09669874608516693,0.09669874608516693,0.09669874608516693,0.09669874608516693,37000,0.0,0.0
2005-04-11 00:00:00+08:00,0.09669874608516693,0.09669874608516693,0.09669874608516693,0.09669874608516693,7000,0.0,0.0
2005-04-12 00:00:00+08:00,0.09992203441928683,0.09992203441928683,0.09669874608516693,0.09669874608516693,28000,0.0,0.0
2005-04-13 00:00:00+08:00,0.09669874608516693,0.09669874608516693,0.09669874608516693,0.09669874608516693,0,0.0,0.0
2005-04-14 00:00:00+08:00,0.09669874608516693,0.09669874608516693,0.09669874608516693,0.09669874608516693,0,0.0,0.0
2005-04-15 00:00:00+08:00,0.09669874608516693,0.09669874608516693,0.09669874608516693,0.09669874608516693,0,0.0,0.0
2005-04-18 00:00:00+08:00,0.09347544814489006,0.09669874608516693,0.09347544814489006,0.09669874608516693,94000,0.0,0.0
2005-04-19 00:00:00+08:00,0.09669874608516693,0.09669874608516693,0.09669874608516693,0.09669874608516693,0,0.0,0.0
2005-04-20 00:00:00+08:00,0.09669874608516693,0.09669874608516693,0.09669874608516693,0.09669874608516693,40000,0.0,0.0
2005-04-21 00:00:00+08:00,0.09669874608516693,0.09669874608516693,0.09669874608516693,0.09669874608516693,20000,0.0,0.0
2005-04-22 00:00:00+08:00,0.09025213867425919,0.09025213867425919,0.09025213867425919,0.09025213867425919,10000,0.0,0.0
2005-04-25 00:00:00+08:00,0.09347543120384216,0.09347543120384216,0.09347543120384216,0.09347543120384216,140000,0.0,0.0
2005-04-26 00:00:00+08:00,0.09347543120384216,0.09347543120384216,0.09347543120384216,0.09347543120384216,30000,0.0,0.0
2005-04-27 00:00:00+08:00,0.09347543120384216,0.09347543120384216,0.09347543120384216,0.09347543120384216,0,0.0,0.0
2005-04-28 00:00:00+08:00,0.09025213867425919,0.09025213867425919,0.09025213867425919,0.09025213867425919,30000,0.0,0.0
2005-04-29 00:00:00+08:00,0.09025214345389579,0.09347543120384216,0.09025214345389579,0.09347543120384216,47000,0.0,0.0
2005-05-03 00:00:00+08:00,0.09025213867425919,0.09025213867425919,0.09025213867425919,0.09025213867425919,55000,0.0,0.0
2005-05-04 00:00:00+08:00,0.09025213867425919,0.09025213867425919,0.09025213867425919,0.09025213867425919,0,0.0,0.0
2005-05-05 00:00:00+08:00,0.09025213867425919,0.09025213867425919,0.09025213867425919,0.09025213867425919,20000,0.0,0.0
2005-05-06 00:00:00+08:00,0.09025213867425919,0.09025213867425919,0.09025213867425919,0.09025213867425919,125000,0.0,0.0
2005-05-09 00:00:00+08:00,0.09025213867425919,0.09025213867425919,0.09025213867425919,0.09025213867425919,0,0.0,0.0
2005-05-10 00:00:00+08:00,0.09025213867425919,0.09025213867425919,0.09025213867425919,0.09025213867425919,0,0.0,0.0
2005-05-11 00:00:00+08:00,0.09025213867425919,0.09025213867425919,0.09025213867425919,0.09025213867425919,0,0.0,0.0
2005-05-12 00:00:00+08:00,0.09025213867425919,0.09025213867425919,0.09025213867425919,0.09025213867425919,0,0.0,0.0
2005-05-13 00:00:00+08:00,0.09025213867425919,0.09025213867425919,0.09025213867425919,0.09025213867425919,0,0.0,0.0
2005-05-16 00:00:00+08:00,0.09025213867425919,0.09025213867425919,0.09025213867425919,0.09025213867425919,0,0.0,0.0
2005-05-17 00:00:00+08:00,0.0870288557039494,0.09347543120384216,0.0870288557039494,0.09347543120384216,21000,0.0,0.0
2005-05-18 00:00:00+08:00,0.09347543120384216,0.09347543120384216,0.09347543120384216,0.09347543120384216,0,0.0,0.0
2005-05-19 00:00:00+08:00,0.08702887147665024,0.09669874608516693,0.08702887147665024,0.09669874608516693,11000,0.0,0.0
2005-05-20 00:00:00+08:00,0.0838055583478478,0.09347543120384216,0.0805822705979014,0.09347543120384216,107000,0.0,0.0
2005-05-24 00:00:00+08:00,0.087028868496418,0.087028868496418,0.087028868496418,0.087028868496418,9000,0.0,0.0
2005-05-25 00:00:00+08:00,0.08380555390961399,0.09025213867425919,0.07735897394804615,0.09025213867425919,91000,0.0,0.0
2005-05-26 00:00:00+08:00,0.08702885852630741,0.08702885852630741,0.08380556106567383,0.08380556106567383,90000,0.0,0.0
2005-05-27 00:00:00+08:00,0.08058228244277926,0.087028868496418,0.08058228244277926,0.087028868496418,559000,0.0,0.0
2005-05-30 00:00:00+08:00,0.08058227321119577,0.08380556106567383,0.08058227321119577,0.08380556106567383,99000,0.0,0.0
2005-05-31 00:00:00+08:00,0.08380556106567383,0.08380556106567383,0.08380556106567383,0.08380556106567383,0,0.0,0.0
2005-06-01 00:00:00+08:00,0.08380556106567383,0.08380556106567383,0.08380556106567383,0.08380556106567383,50000,0.0,0.0
2005-06-02 00:00:00+08:00,0.08058227598667145,0.08058227598667145,0.07735898321809653,0.08058227598667145,61000,0.0,0.0
2005-06-03 00:00:00+08:00,0.08058227598667145,0.08058227598667145,0.08058227598667145,0.08058227598667145,110000,0.0,0.0
2005-06-06 00:00:00+08:00,0.08380556395216843,0.08380556395216843,0.08058227598667145,0.08058227598667145,50000,0.0,0.0
2005-06-07 00:00:00+08:00,0.08058227598667145,0.08058227598667145,0.08058227598667145,0.08058227598667145,0,0.0,0.0
2005-06-08 00:00:00+08:00,0.08058227598667145,0.08058227598667145,0.08058227598667145,0.08058227598667145,4000,0.0,0.0
2005-06-09 00:00:00+08:00,0.08058227598667145,0.08058227598667145,0.08058227598667145,0.08058227598667145,0,0.0,0.0
2005-06-10 00:00:00+08:00,0.08380556106567383,0.08380556106567383,0.08380556106567383,0.08380556106567383,2000,0.0,0.0
2005-06-13 00:00:00+08:00,0.08380556106567383,0.08380556106567383,0.08380556106567383,0.08380556106567383,50000,0.0,0.0
2005-06-14 00:00:00+08:00,0.08380556106567383,0.08380556106567383,0.08380556106567383,0.08380556106567383,34000,0.0,0.0
2005-06-15 00:00:00+08:00,0.08380556106567383,0.08380556106567383,0.08380556106567383,0.08380556106567383,0,0.0,0.0
2005-06-16 00:00:00+08:00,0.08058227321119577,0.08380556106567383,0.08058227321119577,0.08380556106567383,115000,0.0,0.0
2005-06-17 00:00:00+08:00,0.08380556106567383,0.08380556106567383,0.08380556106567383,0.08380556106567383,0,0.0,0.0
2005-06-20 00:00:00+08:00,0.08380556106567383,0.08380556106567383,0.08380556106567383,0.08380556106567383,0,0.0,0.0
2005-06-21 00:00:00+08:00,0.08380556395216843,0.08380556395216843,0.08058227598667145,0.08058227598667145,32000,0.0,0.0
2005-06-22 00:00:00+08:00,0.08058227598667145,0.08058227598667145,0.08058227598667145,0.08058227598667145,25000,0.0,0.0
2005-06-23 00:00:00+08:00,0.08058227598667145,0.08058227598667145,0.08058227598667145,0.08058227598667145,60000,0.0,0.0
2005-06-24 00:00:00+08:00,0.08058227598667145,0.08058227598667145,0.08058227598667145,0.08058227598667145,0,0.0,0.0
2005-06-27 00:00:00+08:00,0.08058227598667145,0.08058227598667145,0.08058227598667145,0.08058227598667145,20000,0.0,0.0
2005-06-28 00:00:00+08:00,0.08058227598667145,0.08058227598667145,0.08058227598667145,0.08058227598667145,10000,0.0,0.0
2005-06-29 00:00:00+08:00,0.08058227598667145,0.08058227598667145,0.08058227598667145,0.08058227598667145,0,0.0,0.0
2005-06-30 00:00:00+08:00,0.08058227598667145,0.08058227598667145,0.08058227598667145,0.08058227598667145,0,0.0,0.0
2005-07-01 00:00:00+08:00,0.08058227598667145,0.08058227598667145,0.08058227598667145,0.08058227598667145,20000,0.0,0.0
2005-07-04 00:00:00+08:00,0.08058227598667145,0.08058227598667145,0.08058227598667145,0.08058227598667145,0,0.0,0.0
2005-07-05 00:00:00+08:00,0.08058227598667145,0.08058227598667145,0.08058227598667145,0.08058227598667145,50000,0.0,0.0
2005-07-06 00:00:00+08:00,0.08058227598667145,0.08058227598667145,0.08058227598667145,0.08058227598667145,0,0.0,0.0
2005-07-07 00:00:00+08:00,0.08058227321119577,0.08380556106567383,0.07735898055363993,0.08380556106567383,101000,0.0,0.0
2005-07-08 00:00:00+08:00,0.08380556106567383,0.08380556106567383,0.08380556106567383,0.08380556106567383,0,0.0,0.0
2005-07-11 00:00:00+08:00,0.08380556106567383,0.08380556106567383,0.08380556106567383,0.08380556106567383,30000,0.0,0.0
2005-07-12 00:00:00+08:00,0.08380556106567383,0.08380556106567383,0.08380556106567383,0.08380556106567383,0,0.0,0.0
2005-07-13 00:00:00+08:00,0.08058227321119577,0.08380556106567383,0.08058227321119577,0.08380556106567383,34000,0.0,0.0
2005-07-14 00:00:00+08:00,0.08380556106567383,0.08380556106567383,0.08380556106567383,0.08380556106567383,0,0.0,0.0
2005-07-15 00:00:00+08:00,0.08380556106567383,0.08380556106567383,0.08380556106567383,0.08380556106567383,0,0.0,0.0
2005-07-18 00:00:00+08:00,0.09025215981077014,0.09669874608516693,0.09025215981077014,0.09669874608516693,580000,0.0,0.0
2005-07-19 00:00:00+08:00,0.0966987260119817,0.1031453013420105,0.0966987260119817,0.1031453013420105,294000,0.0,0.0
2005-07-20 00:00:00+08:00,0.09669874608516693,0.09669874608516693,0.09669874608516693,0.09669874608516693,4000,0.0,0.0
2005-07-21 00:00:00+08:00,0.09669874608516693,0.09669874608516693,0.09669874608516693,0.09669874608516693,18000,0.0,0.0
2005-07-22 00:00:00+08:00,0.09669874608516693,0.09669874608516693,0.09669874608516693,0.09669874608516693,0,0.0,0.0
2005-07-25 00:00:00+08:00,0.09025213867425919,0.09025213867425919,0.09025213867425919,0.09025213867425919,10000,0.0,0.0
2005-07-26 00:00:00+08:00,0.09025213867425919,0.09025213867425919,0.09025213867425919,0.09025213867425919,0,0.0,0.0
2005-07-27 00:00:00+08:00,0.09025213867425919,0.09025213867425919,0.09025213867425919,0.09025213867425919,5000,0.0,0.0
2005-07-28 00:00:00+08:00,0.09025213867425919,0.09025213867425919,0.09025213867425919,0.09025213867425919,0,0.0,0.0
2005-07-29 00:00:00+08:00,0.09347543120384216,0.09347543120384216,0.09347543120384216,0.09347543120384216,6000,0.0,0.0
2005-08-01 00:00:00+08:00,0.09347543120384216,0.09347543120384216,0.09347543120384216,0.09347543120384216,0,0.0,0.0
2005-08-02 00:00:00+08:00,0.08702885341078354,0.1031453013420105,0.08702885341078354,0.1031453013420105,14000,0.0,0.0
2005-08-03 00:00:00+08:00,0.1031453013420105,0.1031453013420105,0.1031453013420105,0.1031453013420105,0,0.0,0.0
2005-08-04 00:00:00+08:00,0.1031453013420105,0.1031453013420105,0.1031453013420105,0.1031453013420105,0,0.0,0.0
2005-08-05 00:00:00+08:00,0.1031453013420105,0.1031453013420105,0.1031453013420105,0.1031453013420105,0,0.0,0.0
2005-08-08 00:00:00+08:00,0.1031453013420105,0.1031453013420105,0.1031453013420105,0.1031453013420105,0,0.0,0.0
2005-08-10 00:00:00+08:00,0.1031453013420105,0.1031453013420105,0.1031453013420105,0.1031453013420105,0,0.0,0.0
2005-08-11 00:00:00+08:00,0.1031453013420105,0.1031453013420105,0.1031453013420105,0.1031453013420105,0,0.0,0.0
2005-08-12 00:00:00+08:00,0.1031453013420105,0.1031453013420105,0.1031453013420105,0.1031453013420105,0,0.0,0.0
2005-08-15 00:00:00+08:00,0.1031453013420105,0.1031453013420105,0.1031453013420105,0.1031453013420105,0,0.0,0.0
2005-08-16 00:00:00+08:00,0.1031453013420105,0.1031453013420105,0.1031453013420105,0.1031453013420105,0,0.0,0.0
2005-08-17 00:00:00+08:00,0.1031453013420105,0.1031453013420105,0.1031453013420105,0.1031453013420105,0,0.0,0.0
2005-08-18 00:00:00+08:00,0.1031453013420105,0.1031453013420105,0.1031453013420105,0.1031453013420105,0,0.0,0.0
2005-08-19 00:00:00+08:00,0.1031453013420105,0.1031453013420105,0.1031453013420105,0.1031453013420105,0,0.0,0.0
2005-08-22 00:00:00+08:00,0.1031453013420105,0.1031453013420105,0.1031453013420105,0.1031453013420105,0,0.0,0.0
2005-08-23 00:00:00+08:00,0.1031453013420105,0.1031453013420105,0.1031453013420105,0.1031453013420105,0,0.0,0.0
2005-08-24 00:00:00+08:00,0.1031453013420105,0.1031453013420105,0.1031453013420105,0.1031453013420105,0,0.0,0.0
2005-08-25 00:00:00+08:00,0.1031453013420105,0.1031453013420105,0.1031453013420105,0.1031453013420105,0,0.0,0.0
2005-08-26 00:00:00+08:00,0.1031453013420105,0.1031453013420105,0.1031453013420105,0.1031453013420105,0,0.0,0.0
2005-08-29 00:00:00+08:00,0.1031453013420105,0.1031453013420105,0.1031453013420105,0.1031453013420105,0,0.0,0.0
2005-08-30 00:00:00+08:00,0.08380556106567383,0.08380556106567383,0.08380556106567383,0.08380556106567383,85000,0.0,0.0
2005-08-31 00:00:00+08:00,0.08380556106567383,0.08380556106567383,0.08380556106567383,0.08380556106567383,20000,0.0,0.0
2005-09-01 00:00:00+08:00,0.08380556106567383,0.08380556106567383,0.08380556106567383,0.08380556106567383,112000,0.0,0.0
2005-09-02 00:00:00+08:00,0.087028868496418,0.087028868496418,0.087028868496418,0.087028868496418,20000,0.0,0.0
2005-09-05 00:00:00+08:00,0.08058228244277926,0.087028868496418,0.08058228244277926,0.087028868496418,22000,0.0,0.0
2005-09-06 00:00:00+08:00,0.087028868496418,0.087028868496418,0.087028868496418,0.087028868496418,63000,0.0,0.0
2005-09-07 00:00:00+08:00,0.087028868496418,0.087028868496418,0.087028868496418,0.087028868496418,0,0.0,0.0
2005-09-08 00:00:00+08:00,0.08380556106567383,0.08380556106567383,0.08380556106567383,0.08380556106567383,20000,0.0,0.0
2005-09-09 00:00:00+08:00,0.08380556106567383,0.08380556106567383,0.08380556106567383,0.08380556106567383,0,0.0,0.0
2005-09-12 00:00:00+08:00,0.08380556106567383,0.08380556106567383,0.08380556106567383,0.08380556106567383,0,0.0,0.0
2005-09-13 00:00:00+08:00,0.08380556106567383,0.08380556106567383,0.08380556106567383,0.08380556106567383,0,0.0,0.0
2005-09-14 00:00:00+08:00,0.08380556106567383,0.08380556106567383,0.08380556106567383,0.08380556106567383,50000,0.0,0.0
2005-09-15 00:00:00+08:00,0.08380556106567383,0.08702885852630741,0.08380556106567383,0.08380556106567383,220000,0.0,0.0
2005-09-16 00:00:00+08:00,0.08702885109501395,0.09025213867425919,0.08702885109501395,0.09025213867425919,363000,0.0,0.0
2005-09-19 00:00:00+08:00,0.09347544494390009,0.09347544494390009,0.087028868496418,0.087028868496418,180000,0.0,0.0
2005-09-20 00:00:00+08:00,0.087028868496418,0.087028868496418,0.087028868496418,0.087028868496418,0,0.0,0.0
2005-09-21 00:00:00+08:00,0.087028868496418,0.087028868496418,0.087028868496418,0.087028868496418,0,0.0,0.0
2005-09-22 00:00:00+08:00,0.08380556106567383,0.08380556106567383,0.08380556106567383,0.08380556106567383,110000,0.0,0.0
2005-09-23 00:00:00+08:00,0.09025214638078548,0.09025214638078548,0.08380556106567383,0.08380556106567383,80000,0.0,0.0
2005-09-26 00:00:00+08:00,0.08702885109501395,0.09347542625350443,0.08702885109501395,0.09025213867425919,79000,0.0,0.0
2005-09-27 00:00:00+08:00,0.09347544494390009,0.09347544494390009,0.087028868496418,0.087028868496418,3000,0.0,0.0
2005-09-28 00:00:00+08:00,0.087028868496418,0.09025215672015904,0.087028868496418,0.087028868496418,33000,0.0,0.0
2005-09-29 00:00:00+08:00,0.08702887147665024,0.09669874608516693,0.08702887147665024,0.09669874608516693,86,0.0,0.0
2005-09-30 00:00:00+08:00,0.09347543120384216,0.10314530405983655,0.09025214345389579,0.09347543120384216,29,0.0,0.0
2005-10-03 00:00:00+08:00,0.09992203441928683,0.09992203441928683,0.08380557353637336,0.09669874608516693,34,0.0,0.0
2005-10-04 00:00:00+08:00,0.087028868496418,0.09669874277379777,0.087028868496418,0.087028868496418,20,0.0,0.0
2005-10-05 00:00:00+08:00,0.09347543120384216,0.10314530405983655,0.09347543120384216,0.09347543120384216,147,0.0,0.0
2005-10-06 00:00:00+08:00,0.09992201630989016,0.09992201630989016,0.09025214345389579,0.09347543120384216,56,0.0,0.0
2005-10-07 00:00:00+08:00,0.09025215981077014,0.09669874608516693,0.08702887147665024,0.09669874608516693,63,0.0,0.0
2005-10-10 00:00:00+08:00,0.09025215981077014,0.09669874608516693,0.09025215981077014,0.09669874608516693,27,0.0,0.0
2005-10-11 00:00:00+08:00,0.09025213867425919,0.09025213867425919,0.09025213867425919,0.09025213867425919,20,0.0,0.0
2005-10-12 00:00:00+08:00,0.09025213867425919,0.09025213867425919,0.09025213867425919,0.09025213867425919,0,0.0,0.0
2005-10-13 00:00:00+08:00,0.09025215981077014,0.09669874608516693,0.09025215981077014,0.09669874608516693,31,0.0,0.0
2005-10-14 00:00:00+08:00,0.09025215981077014,0.09669874608516693,0.09025215981077014,0.09669874608516693,26,0.0,0.0
2005-10-17 00:00:00+08:00,0.09669874608516693,0.09669874608516693,0.09669874608516693,0.09669874608516693,0,0.0,0.0
2005-10-18 00:00:00+08:00,0.08380556106567383,0.08380556106567383,0.08380556106567383,0.08380556106567383,9000,0.0,0.0
2005-10-19 00:00:00+08:00,0.08380555390961399,0.09025213867425919,0.08380555390961399,0.09025213867425919,41,0.0,0.0
2005-10-20 00:00:00+08:00,0.09347543120384216,0.09347543120384216,0.09347543120384216,0.09347543120384216,1,0.0,0.0
2005-10-21 00:00:00+08:00,0.07413570373093516,0.09669874608516693,0.07413570373093516,0.09669874608516693,15000,0.0,0.0
2005-10-24 00:00:00+08:00,0.09669874608516693,0.09669874608516693,0.09669874608516693,0.09669874608516693,0,0.0,0.0
2005-10-25 00:00:00+08:00,0.09669874608516693,0.09669874608516693,0.09669874608516693,0.09669874608516693,0,0.0,0.0
2005-10-26 00:00:00+08:00,0.09669874608516693,0.09669874608516693,0.09669874608516693,0.09669874608516693,0,0.0,0.0
2005-10-27 00:00:00+08:00,0.09669874608516693,0.09669874608516693,0.09669874608516693,0.09669874608516693,40,0.0,0.0
2005-10-28 00:00:00+08:00,0.087028868496418,0.087028868496418,0.087028868496418,0.087028868496418,50,0.0,0.0
2005-10-31 00:00:00+08:00,0.087028868496418,0.087028868496418,0.087028868496418,0.087028868496418,0,0.0,0.0
2005-11-02 00:00:00+08:00,0.08380556106567383,0.08380556106567383,0.08380556106567383,0.08380556106567383,36,0.0,0.0
2005-11-04 00:00:00+08:00,0.08380556106567383,0.08380556106567383,0.08380556106567383,0.08380556106567383,0,0.0,0.0
2005-11-07 00:00:00+08:00,0.08380556106567383,0.08380556106567383,0.08380556106567383,0.08380556106567383,0,0.0,0.0
2005-11-08 00:00:00+08:00,0.08380557066652031,0.087028868496418,0.08380557066652031,0.087028868496418,2,0.0,0.0
2005-11-09 00:00:00+08:00,0.09347543120384216,0.09347543120384216,0.09347543120384216,0.09347543120384216,1,0.0,0.0
2005-11-10 00:00:00+08:00,0.09347543120384216,0.09347543120384216,0.09347543120384216,0.09347543120384216,0,0.0,0.0
2005-11-11 00:00:00+08:00,0.09347543120384216,0.09347543120384216,0.09347543120384216,0.09347543120384216,0,0.0,0.0
2005-11-14 00:00:00+08:00,0.07735897600650787,0.07735897600650787,0.07735897600650787,0.07735897600650787,15,0.0,0.0
2005-11-15 00:00:00+08:00,0.0773589780448774,0.09347543120384216,0.0773589780448774,0.09347543120384216,7000,0.0,0.0
2005-11-16 00:00:00+08:00,0.09347543120384216,0.09347543120384216,0.09347543120384216,0.09347543120384216,0,0.0,0.0
2005-11-17 00:00:00+08:00,0.09347543120384216,0.09347543120384216,0.09347543120384216,0.09347543120384216,0,0.0,0.0
2005-11-18 00:00:00+08:00,0.09347543120384216,0.09347543120384216,0.09347543120384216,0.09347543120384216,0,0.0,0.0
2005-11-21 00:00:00+08:00,0.09347543120384216,0.09347543120384216,0.09347543120384216,0.09347543120384216,0,0.0,0.0
2005-11-22 00:00:00+08:00,0.09347543120384216,0.09347543120384216,0.09347543120384216,0.09347543120384216,0,0.0,0.0
2005-11-23 00:00:00+08:00,0.09347543120384216,0.09347543120384216,0.09347543120384216,0.09347543120384216,0,0.0,0.0
2005-11-24 00:00:00+08:00,0.07413569269916188,0.08380556106567383,0.07413569269916188,0.08380556106567383,84,0.0,0.0
2005-11-25 00:00:00+08:00,0.07735898055363993,0.08380556106567383,0.07735898055363993,0.08380556106567383,4,0.0,0.0
2005-11-28 00:00:00+08:00,0.07735898055363993,0.08380556106567383,0.07735898055363993,0.08380556106567383,167,0.0,0.0
2005-11-29 00:00:00+08:00,0.08380556106567383,0.08380556106567383,0.08380556106567383,0.08380556106567383,0,0.0,0.0
2005-11-30 00:00:00+08:00,0.08702885852630741,0.08702885852630741,0.08380556106567383,0.08380556106567383,14,0.0,0.0
2005-12-01 00:00:00+08:00,0.07735897600650787,0.07735897600650787,0.07735897600650787,0.07735897600650787,8,0.0,0.0
2005-12-02 00:00:00+08:00,0.07735897600650787,0.07735897600650787,0.07735897600650787,0.07735897600650787,0,0.0,0.0
2005-12-05 00:00:00+08:00,0.07735897600650787,0.07735897600650787,0.07735897600650787,0.07735897600650787,0,0.0,0.0
2005-12-06 00:00:00+08:00,0.07735897600650787,0.07735897600650787,0.07735897600650787,0.07735897600650787,0,0.0,0.0
2005-12-07 00:00:00+08:00,0.087028868496418,0.087028868496418,0.087028868496418,0.087028868496418,1,0.0,0.0
2005-12-08 00:00:00+08:00,0.07735898321809653,0.08058227598667145,0.07735898321809653,0.08058227598667145,59,0.0,0.0
2005-12-09 00:00:00+08:00,0.08058227598667145,0.08058227598667145,0.08058227598667145,0.08058227598667145,75,0.0,0.0
2005-12-12 00:00:00+08:00,0.08058227598667145,0.08058227598667145,0.08058227598667145,0.08058227598667145,0,0.0,0.0
2005-12-13 00:00:00+08:00,0.08058227598667145,0.08058227598667145,0.08058227598667145,0.08058227598667145,100,0.0,0.0
2005-12-14 00:00:00+08:00,0.08058226847459976,0.08058226847459976,0.07735897600650787,0.07735897600650787,60,0.0,0.0
2005-12-15 00:00:00+08:00,0.07735898055363993,0.08380556106567383,0.07413569269916188,0.08380556106567383,93,0.0,0.0
2005-12-16 00:00:00+08:00,0.08058226847459976,0.08058226847459976,0.07735897600650787,0.07735897600650787,20,0.0,0.0
2005-12-19 00:00:00+08:00,0.07735897600650787,0.07735897600650787,0.07735897600650787,0.07735897600650787,0,0.0,0.0
2005-12-20 00:00:00+08:00,0.07735897600650787,0.07735897600650787,0.07735897600650787,0.07735897600650787,20,0.0,0.0
2005-12-21 00:00:00+08:00,0.0773589894159599,0.087028868496418,0.0773589894159599,0.087028868496418,11,0.0,0.0
2005-12-22 00:00:00+08:00,0.087028868496418,0.087028868496418,0.087028868496418,0.087028868496418,0,0.0,0.0
2005-12-23 00:00:00+08:00,0.087028868496418,0.087028868496418,0.087028868496418,0.087028868496418,0,0.0,0.0
2005-12-27 00:00:00+08:00,0.087028868496418,0.087028868496418,0.087028868496418,0.087028868496418,0,0.0,0.0
2005-12-28 00:00:00+08:00,0.087028868496418,0.087028868496418,0.087028868496418,0.087028868496418,0,0.0,0.0
2005-12-29 00:00:00+08:00,0.087028868496418,0.087028868496418,0.087028868496418,0.087028868496418,0,0.0,0.0
2005-12-30 00:00:00+08:00,0.08380556106567383,0.08380556106567383,0.07735898055363993,0.08380556106567383,264,0.0,0.0
2006-01-03 00:00:00+08:00,0.08380556106567383,0.08380556106567383,0.08058227321119577,0.08380556106567383,260,0.0,0.0
2006-01-04 00:00:00+08:00,0.08380556106567383,0.08380556106567383,0.08380556106567383,0.08380556106567383,124,0.0,0.0
2006-01-05 00:00:00+08:00,0.07918636500835419,0.07918636500835419,0.07918636500835419,0.07918636500835419,29,0.003,0.0
2006-01-06 00:00:00+08:00,0.07918636500835419,0.07918636500835419,0.07918636500835419,0.07918636500835419,50,0.0,0.0
2006-01-09 00:00:00+08:00,0.08578522752991619,0.08908466616550229,0.07918636500835419,0.07918636500835419,90,0.0,0.0
2006-01-10 00:00:00+08:00,0.07918636500835419,0.07918636500835419,0.07918636500835419,0.07918636500835419,0,0.0,0.0
2006-01-11 00:00:00+08:00,0.08248579502105713,0.08248579502105713,0.08248579502105713,0.08248579502105713,100,0.0,0.0
2006-01-12 00:00:00+08:00,0.08248579632725335,0.08578522503376007,0.08248579632725335,0.08578522503376007,151,0.0,0.0
2006-01-13 00:00:00+08:00,0.08578522503376007,0.08578522503376007,0.08578522503376007,0.08578522503376007,0,0.0,0.0
2006-01-16 00:00:00+08:00,0.08248579502105713,0.08248579502105713,0.08248579502105713,0.08248579502105713,10,0.0,0.0
2006-01-17 00:00:00+08:00,0.08248579502105713,0.08578522367531605,0.08248579502105713,0.08248579502105713,220,0.0,0.0
2006-01-18 00:00:00+08:00,0.08248579502105713,0.08248579502105713,0.08248579502105713,0.08248579502105713,0,0.0,0.0
2006-01-19 00:00:00+08:00,0.08248579872740355,0.08248579872740355,0.07918636500835419,0.07918636500835419,60,0.0,0.0
2006-01-20 00:00:00+08:00,0.07918636500835419,0.07918636500835419,0.07918636500835419,0.07918636500835419,20,0.0,0.0
2006-01-23 00:00:00+08:00,0.07918636500835419,0.07918636500835419,0.07918636500835419,0.07918636500835419,50,0.0,0.0
2006-01-24 00:00:00+08:00,0.07918636500835419,0.07918636500835419,0.07918636500835419,0.07918636500835419,0,0.0,0.0
2006-01-25 00:00:00+08:00,0.08248579872740355,0.08248579872740355,0.07918636500835419,0.07918636500835419,60,0.0,0.0
2006-01-26 00:00:00+08:00,0.08578522367531605,0.08578522367531605,0.08248579502105713,0.08248579502105713,25,0.0,0.0
2006-01-27 00:00:00+08:00,0.08248579502105713,0.08248579502105713,0.08248579502105713,0.08248579502105713,0,0.0,0.0
2006-01-30 00:00:00+08:00,0.08248579502105713,0.08248579502105713,0.08248579502105713,0.08248579502105713,0,0.0,0.0
2006-01-31 00:00:00+08:00,0.08248579502105713,0.08248579502105713,0.08248579502105713,0.08248579502105713,0,0.0,0.0
2006-02-01 00:00:00+08:00,0.08248579502105713,0.08248579502105713,0.08248579502105713,0.08248579502105713,15,0.0,0.0
2006-02-02 00:00:00+08:00,0.08248579502105713,0.08248579502105713,0.08248579502105713,0.08248579502105713,6,0.0,0.0
2006-02-03 00:00:00+08:00,0.0923840908169069,0.0923840908169069,0.08248579502105713,0.08248579502105713,104,0.0,0.0
2006-02-06 00:00:00+08:00,0.08908466379502913,0.09238409250974655,0.08578522524723851,0.09238409250974655,596,0.0,0.0
2006-02-07 00:00:00+08:00,0.092384093762974,0.09898296111499834,0.092384093762974,0.0956835225224495,497,0.0,0.0
2006-02-08 00:00:00+08:00,0.09238409250974655,0.09568352122446397,0.09238409250974655,0.09238409250974655,283,0.0,0.0
2006-02-09 00:00:00+08:00,0.08908466249704361,0.08908466249704361,0.08908466249704361,0.08908466249704361,100,0.0,0.0
2006-02-10 00:00:00+08:00,0.08908466249704361,0.08908466249704361,0.08908466249704361,0.08908466249704361,30,0.0,0.0
2006-02-13 00:00:00+08:00,0.08578522399732662,0.08908466249704361,0.08578522399732662,0.08908466249704361,81,0.0,0.0
2006-02-14 00:00:00+08:00,0.08578522399732662,0.08908466249704361,0.08578522399732662,0.08908466249704361,79,0.0,0.0
2006-02-15 00:00:00+08:00,0.08578522503376007,0.08578522503376007,0.08578522503376007,0.08578522503376007,40,0.0,0.0
2006-02-16 00:00:00+08:00,0.08248579502105713,0.08248579502105713,0.08248579502105713,0.08248579502105713,20,0.0,0.0
2006-02-17 00:00:00+08:00,0.08248579632725335,0.08578522503376007,0.08248579632725335,0.08578522503376007,55,0.0,0.0
2006-02-20 00:00:00+08:00,0.08578522367531605,0.08578522367531605,0.08248579502105713,0.08248579502105713,100,0.0,0.0
2006-02-21 00:00:00+08:00,0.08248579502105713,0.08248579502105713,0.08248579502105713,0.08248579502105713,140,0.0,0.0
2006-02-22 00:00:00+08:00,0.08248579632725335,0.08578522503376007,0.08248579632725335,0.08578522503376007,41,0.0,0.0
2006-02-23 00:00:00+08:00,0.08578522503376007,0.08578522503376007,0.08578522503376007,0.08578522503376007,0,0.0,0.0
2006-02-24 00:00:00+08:00,0.0791863614502617,0.08248579502105713,0.0791863614502617,0.08248579502105713,20,0.0,0.0
2006-02-27 00:00:00+08:00,0.08248579502105713,0.08248579502105713,0.08248579502105713,0.08248579502105713,0,0.0,0.0
2006-02-28 00:00:00+08:00,0.08248579502105713,0.08908466216264799,0.08248579502105713,0.08248579502105713,98,0.0,0.0
2006-03-01 00:00:00+08:00,0.08248579502105713,0.08248579502105713,0.08248579502105713,0.08248579502105713,20,0.0,0.0
2006-03-02 00:00:00+08:00,0.08248579632725335,0.08578522503376007,0.08248579632725335,0.08578522503376007,46,0.0,0.0
2006-03-03 00:00:00+08:00,0.08578522503376007,0.08578522503376007,0.08578522503376007,0.08578522503376007,0,0.0,0.0
2006-03-06 00:00:00+08:00,0.08578522503376007,0.08578522503376007,0.08578522503376007,0.08578522503376007,0,0.0,0.0
2006-03-07 00:00:00+08:00,0.08578522503376007,0.08578522503376007,0.08578522503376007,0.08578522503376007,0,0.0,0.0
2006-03-08 00:00:00+08:00,0.0791863614502617,0.08248579502105713,0.0791863614502617,0.08248579502105713,5,0.0,0.0
2006-03-09 00:00:00+08:00,0.0791863614502617,0.08248579502105713,0.0791863614502617,0.08248579502105713,36,0.0,0.0
2006-03-10 00:00:00+08:00,0.07918636500835419,0.07918636500835419,0.07918636500835419,0.07918636500835419,15,0.0,0.0
2006-03-13 00:00:00+08:00,0.08248579502105713,0.08248579502105713,0.08248579502105713,0.08248579502105713,10,0.0,0.0
2006-03-14 00:00:00+08:00,0.08248579502105713,0.08248579502105713,0.08248579502105713,0.08248579502105713,0,0.0,0.0
2006-03-15 00:00:00+08:00,0.07588693399770333,0.08578522503376007,0.07588693399770333,0.08578522503376007,6,0.0,0.0
2006-03-16 00:00:00+08:00,0.08578522503376007,0.08578522503376007,0.08578522503376007,0.08578522503376007,0,0.0,0.0
2006-03-17 00:00:00+08:00,0.08578522503376007,0.08578522503376007,0.08578522503376007,0.08578522503376007,0,0.0,0.0
2006-03-20 00:00:00+08:00,0.0791863614502617,0.08248579502105713,0.0791863614502617,0.08248579502105713,9,0.0,0.0
2006-03-21 00:00:00+08:00,0.08248579502105713,0.08248579502105713,0.08248579502105713,0.08248579502105713,0,0.0,0.0
2006-03-22 00:00:00+08:00,0.07588693399770333,0.08578522503376007,0.07588693399770333,0.08578522503376007,2,0.0,0.0
2006-03-23 00:00:00+08:00,0.08578522503376007,0.08578522503376007,0.08578522503376007,0.08578522503376007,0,0.0,0.0
2006-03-24 00:00:00+08:00,0.08248579872740355,0.08248579872740355,0.07918636500835419,0.07918636500835419,48,0.0,0.0
2006-03-27 00:00:00+08:00,0.07918636270421005,0.08578522503376007,0.07918636270421005,0.08578522503376007,30,0.0,0.0
2006-03-28 00:00:00+08:00,0.07588693279600278,0.08248579502105713,0.07588693279600278,0.08248579502105713,5,0.0,0.0
2006-03-29 00:00:00+08:00,0.08248579502105713,0.08248579502105713,0.08248579502105713,0.08248579502105713,0,0.0,0.0
2006-03-30 00:00:00+08:00,0.07918636500835419,0.07918636500835419,0.07918636500835419,0.07918636500835419,20,0.0,0.0
2006-03-31 00:00:00+08:00,0.07918636500835419,0.07918636500835419,0.07918636500835419,0.07918636500835419,0,0.0,0.0
2006-04-03 00:00:00+08:00,0.07918636500835419,0.07918636500835419,0.07918636500835419,0.07918636500835419,0,0.0,0.0
2006-04-04 00:00:00+08:00,0.07918636500835419,0.07918636500835419,0.07918636500835419,0.07918636500835419,69,0.0,0.0
2006-04-05 00:00:00+08:00,0.08248579533068269,0.08908466249704361,0.08248579533068269,0.08908466249704361,607,0.0,0.0
2006-04-06 00:00:00+08:00,0.08908466357333997,0.08908466357333997,0.08578522503376007,0.08578522503376007,423,0.0,0.0
2006-04-07 00:00:00+08:00,0.07918636500835419,0.07918636500835419,0.07918636500835419,0.07918636500835419,19,0.0,0.0
2006-04-10 00:00:00+08:00,0.07918636500835419,0.07918636500835419,0.07918636500835419,0.07918636500835419,13,0.0,0.0
2006-04-11 00:00:00+08:00,0.07918636500835419,0.07918636500835419,0.07918636500835419,0.07918636500835419,0,0.0,0.0
2006-04-12 00:00:00+08:00,0.09238409496801492,0.10888125864672502,0.09238409496801492,0.10558182001113892,2597,0.0,0.0
2006-04-13 00:00:00+08:00,0.10888125747442245,0.11218068624141081,0.10558181887436074,0.10888125747442245,892,0.0,0.0
2006-04-14 00:00:00+08:00,0.10888125747442245,0.10888125747442245,0.10888125747442245,0.10888125747442245,0,0.0,0.0
2006-04-17 00:00:00+08:00,0.10888125864672502,0.10888125864672502,0.10558182001113892,0.10558182001113892,375,0.0,0.0
2006-04-18 00:00:00+08:00,0.10558179900986521,0.1121806651353836,0.10558179900986521,0.1121806651353836,442,0.0,0.0
2006-04-19 00:00:00+08:00,0.10888125747442245,0.11218068624141081,0.10888125747442245,0.10888125747442245,820,0.0,0.0
2006-04-20 00:00:00+08:00,0.10888123698916016,0.11877953126090199,0.10888123698916016,0.1121806651353836,1083,0.0,0.0
2006-04-21 00:00:00+08:00,0.11548011632542089,0.1286778413769644,0.11548011632542089,0.11877955496311188,2752,0.0,0.0
2006-04-24 00:00:00+08:00,0.11877953126090199,0.12207895940712543,0.1121806651353836,0.1121806651353836,428,0.0,0.0
2006-04-25 00:00:00+08:00,0.10888123698916016,0.1121806651353836,0.10558179900986521,0.1121806651353836,748000,0.0,0.0
2006-04-26 00:00:00+08:00,0.11218068624141081,0.11218068624141081,0.10888125747442245,0.10888125747442245,325000,0.0,0.0
2006-04-27 00:00:00+08:00,0.10888125747442245,0.10888125747442245,0.10888125747442245,0.10888125747442245,59,0.0,0.0
2006-04-28 00:00:00+08:00,0.10558182001113892,0.10888125864672502,0.10558182001113892,0.10558182001113892,479,0.0,0.0
2006-05-01 00:00:00+08:00,0.10558182001113892,0.10558182001113892,0.10558182001113892,0.10558182001113892,0,0.0,0.0
2006-05-02 00:00:00+08:00,0.10888125864672502,0.10888125864672502,0.10558182001113892,0.10558182001113892,325,0.0,0.0
2006-05-03 00:00:00+08:00,0.10558182001113892,0.10558182001113892,0.10558182001113892,0.10558182001113892,167,0.0,0.0
2006-05-04 00:00:00+08:00,0.10228239744901657,0.10558182645283193,0.10228239744901657,0.10228239744901657,325,0.0,0.0
2006-05-05 00:00:00+08:00,0.10558182645283193,0.10558182645283193,0.10228239744901657,0.10228239744901657,293,0.0,0.0
2006-05-08 00:00:00+08:00,0.10228239744901657,0.10228239744901657,0.10228239744901657,0.10228239744901657,0,0.0,0.0
2006-05-09 00:00:00+08:00,0.10228239640649943,0.10228239640649943,0.09898296743631363,0.09898296743631363,305,0.0,0.0
2006-05-10 00:00:00+08:00,0.10558182001113892,0.10558182001113892,0.10558182001113892,0.10558182001113892,308,0.0,0.0
2006-05-11 00:00:00+08:00,0.10558182645283193,0.10558182645283193,0.10228239744901657,0.10228239744901657,308,0.0,0.0
2006-05-12 00:00:00+08:00,0.10228239744901657,0.10228239744901657,0.10228239744901657,0.10228239744901657,0,0.0,0.0
2006-05-15 00:00:00+08:00,0.10228239744901657,0.10888126528972134,0.09898296844520121,0.10228239744901657,452,0.0,0.0
2006-05-16 00:00:00+08:00,0.09898296844520121,0.10228239744901657,0.09898296844520121,0.10228239744901657,111,0.0,0.0
2006-05-17 00:00:00+08:00,0.10228239744901657,0.10228239744901657,0.10228239744901657,0.10228239744901657,0,0.0,0.0
2006-05-18 00:00:00+08:00,0.09568352960831181,0.10888126528972134,0.09568352960831181,0.10228239744901657,720000,0.0,0.0
2006-05-19 00:00:00+08:00,0.10228239744901657,0.10228239744901657,0.10228239744901657,0.10228239744901657,72000,0.0,0.0
2006-05-22 00:00:00+08:00,0.09898296111499834,0.09898296111499834,0.0956835225224495,0.0956835225224495,180,0.0,0.0
2006-05-23 00:00:00+08:00,0.0956835225224495,0.0956835225224495,0.092384093762974,0.0956835225224495,92,0.0,0.0
2006-05-24 00:00:00+08:00,0.09238409250974655,0.09238409250974655,0.09238409250974655,0.09238409250974655,60,0.0,0.0
2006-05-25 00:00:00+08:00,0.09238409116368754,0.09238409116368754,0.08578522399732662,0.08908466249704361,616,0.0,0.0
2006-05-26 00:00:00+08:00,0.08908466357333997,0.08908466357333997,0.08578522503376007,0.08578522503376007,250,0.0,0.0
2006-05-29 00:00:00+08:00,0.08578522503376007,0.08578522503376007,0.08578522503376007,0.08578522503376007,10000,0.0,0.0
2006-05-30 00:00:00+08:00,0.08578522399732662,0.08908466249704361,0.08578522399732662,0.08908466249704361,450,0.0,0.0
2006-05-31 00:00:00+08:00,0.08248579632725335,0.08578522503376007,0.08248579632725335,0.08578522503376007,136,0.0,0.0
2006-06-01 00:00:00+08:00,0.08578522503376007,0.08578522503376007,0.08578522503376007,0.08578522503376007,15,0.0,0.0
2006-06-02 00:00:00+08:00,0.08578522503376007,0.08908466357333997,0.08578522503376007,0.08578522503376007,251,0.0,0.0
2006-06-05 00:00:00+08:00,0.08578522503376007,0.08578522503376007,0.08578522503376007,0.08578522503376007,140,0.0,0.0
2006-06-06 00:00:00+08:00,0.08578522503376007,0.08578522503376007,0.08578522503376007,0.08578522503376007,0,0.0,0.0
2006-06-07 00:00:00+08:00,0.08248579632725335,0.08578522503376007,0.07918636270421005,0.08578522503376007,495,0.0,0.0
2006-06-08 00:00:00+08:00,0.0791863614502617,0.08248579502105713,0.0791863614502617,0.08248579502105713,14,0.0,0.0
2006-06-09 00:00:00+08:00,0.08578522503376007,0.08578522503376007,0.08578522503376007,0.08578522503376007,1,0.0,0.0
2006-06-12 00:00:00+08:00,0.08578522752991619,0.08578522752991619,0.07918636500835419,0.07918636500835419,520,0.0,0.0
2006-06-13 00:00:00+08:00,0.07918636500835419,0.07918636500835419,0.07918636500835419,0.07918636500835419,0,0.0,0.0
2006-06-14 00:00:00+08:00,0.07918636500835419,0.07918636500835419,0.07918636500835419,0.07918636500835419,1,0.0,0.0
2006-06-15 00:00:00+08:00,0.07918636500835419,0.07918636500835419,0.07918636500835419,0.07918636500835419,0,0.0,0.0
2006-06-16 00:00:00+08:00,0.08578522367531605,0.0923840908169069,0.08248579502105713,0.08248579502105713,93,0.0,0.0
2006-06-19 00:00:00+08:00,0.08248579502105713,0.08248579502105713,0.08248579502105713,0.08248579502105713,0,0.0,0.0
2006-06-20 00:00:00+08:00,0.08248579502105713,0.08248579502105713,0.08248579502105713,0.08248579502105713,0,0.0,0.0
2006-06-21 00:00:00+08:00,0.08908466616550229,0.08908466616550229,0.07918636500835419,0.07918636500835419,13,0.0,0.0
2006-06-22 00:00:00+08:00,0.07918636500835419,0.07918636500835419,0.07918636500835419,0.07918636500835419,0,0.0,0.0
2006-06-23 00:00:00+08:00,0.07918636500835419,0.07918636500835419,0.07918636500835419,0.07918636500835419,0,0.0,0.0
2006-06-26 00:00:00+08:00,0.07918636500835419,0.07918636500835419,0.07918636500835419,0.07918636500835419,0,0.0,0.0
2006-06-27 00:00:00+08:00,0.08578522503376007,0.08578522503376007,0.08578522503376007,0.08578522503376007,30,0.0,0.0
2006-06-28 00:00:00+08:00,0.0824857965325211,0.09238409250974655,0.0824857965325211,0.09238409250974655,17,0.0,0.0
2006-06-29 00:00:00+08:00,0.09238409250974655,0.09238409250974655,0.09238409250974655,0.09238409250974655,0,0.0,0.0
2006-06-30 00:00:00+08:00,0.09238409250974655,0.09238409250974655,0.09238409250974655,0.09238409250974655,0,0.0,0.0
2006-07-03 00:00:00+08:00,0.09238409250974655,0.09238409250974655,0.09238409250974655,0.09238409250974655,0,0.0,0.0
2006-07-04 00:00:00+08:00,0.10228239744901657,0.10228239744901657,0.10228239744901657,0.10228239744901657,4,0.0,0.0
2006-07-05 00:00:00+08:00,0.09238409250974655,0.09238409250974655,0.09238409250974655,0.09238409250974655,30,0.0,0.0
2006-07-06 00:00:00+08:00,0.08908466249704361,0.08908466249704361,0.08908466249704361,0.08908466249704361,12,0.0,0.0
2006-07-07 00:00:00+08:00,0.08908466249704361,0.08908466249704361,0.08908466249704361,0.08908466249704361,0,0.0,0.0
2006-07-10 00:00:00+08:00,0.09238409966286806,0.10228239640649943,0.09238409966286806,0.09898296743631363,50,0.0,0.0
2006-07-11 00:00:00+08:00,0.0956835225224495,0.0956835225224495,0.0956835225224495,0.0956835225224495,30,0.0,0.0
2006-07-12 00:00:00+08:00,0.0956835225224495,0.0956835225224495,0.0956835225224495,0.0956835225224495,0,0.0,0.0
2006-07-13 00:00:00+08:00,0.0956835225224495,0.0956835225224495,0.0956835225224495,0.0956835225224495,0,0.0,0.0
2006-07-14 00:00:00+08:00,0.0956835225224495,0.0956835225224495,0.0956835225224495,0.0956835225224495,0,0.0,0.0
2006-07-17 00:00:00+08:00,0.08908466249704361,0.08908466249704361,0.08908466249704361,0.08908466249704361,127,0.0,0.0
2006-07-18 00:00:00+08:00,0.08908466249704361,0.08908466249704361,0.08908466249704361,0.08908466249704361,0,0.0,0.0
2006-07-19 00:00:00+08:00,0.08908466249704361,0.08908466249704361,0.08908466249704361,0.08908466249704361,30,0.0,0.0
2006-07-20 00:00:00+08:00,0.09238409116368754,0.09238409116368754,0.08908466249704361,0.08908466249704361,138,0.0,0.0
2006-07-21 00:00:00+08:00,0.08908466249704361,0.08908466249704361,0.08908466249704361,0.08908466249704361,0,0.0,0.0
2006-07-24 00:00:00+08:00,0.08908466249704361,0.08908466249704361,0.08908466249704361,0.08908466249704361,15,0.0,0.0
2006-07-25 00:00:00+08:00,0.08908466249704361,0.08908466249704361,0.08908466249704361,0.08908466249704361,0,0.0,0.0
2006-07-26 00:00:00+08:00,0.08908466249704361,0.08908466249704361,0.08908466249704361,0.08908466249704361,0,0.0,0.0
2006-07-27 00:00:00+08:00,0.09898296743631363,0.09898296743631363,0.09898296743631363,0.09898296743631363,5000,0.0,0.0
2006-07-28 00:00:00+08:00,0.09238409250974655,0.09238409250974655,0.09238409250974655,0.09238409250974655,50,0.0,0.0
2006-07-31 00:00:00+08:00,0.09238409250974655,0.09238409250974655,0.09238409250974655,0.09238409250974655,75,0.0,0.0
2006-08-01 00:00:00+08:00,0.09238409250974655,0.09238409250974655,0.09238409250974655,0.09238409250974655,107,0.0,0.0
2006-08-02 00:00:00+08:00,0.0956835225224495,0.0956835225224495,0.0956835225224495,0.0956835225224495,17,0.0,0.0
2006-08-03 00:00:00+08:00,0.0956835225224495,0.0956835225224495,0.0956835225224495,0.0956835225224495,0,0.0,0.0
2006-08-04 00:00:00+08:00,0.0956835225224495,0.0956835225224495,0.0956835225224495,0.0956835225224495,0,0.0,0.0
2006-08-07 00:00:00+08:00,0.09238409250974655,0.09238409250974655,0.09238409250974655,0.09238409250974655,100,0.0,0.0
2006-08-08 00:00:00+08:00,0.08908466249704361,0.08908466249704361,0.08908466249704361,0.08908466249704361,19,0.0,0.0
2006-08-09 00:00:00+08:00,0.08908466249704361,0.08908466249704361,0.08908466249704361,0.08908466249704361,0,0.0,0.0
2006-08-10 00:00:00+08:00,0.08578522503376007,0.08578522503376007,0.08578522503376007,0.08578522503376007,3,0.0,0.0
2006-08-11 00:00:00+08:00,0.08578522503376007,0.08578522503376007,0.08578522503376007,0.08578522503376007,0,0.0,0.0
2006-08-14 00:00:00+08:00,0.09238409250974655,0.09238409250974655,0.09238409250974655,0.09238409250974655,30,0.0,0.0
2006-08-15 00:00:00+08:00,0.09238409966286806,0.09898296743631363,0.08908467069268226,0.09898296743631363,104,0.0,0.0
2006-08-16 00:00:00+08:00,0.09898296743631363,0.09898296743631363,0.09898296743631363,0.09898296743631363,0,0.0,0.0
2006-08-17 00:00:00+08:00,0.09568352863305386,0.09898296743631363,0.09568352863305386,0.09898296743631363,50,0.0,0.0
2006-08-18 00:00:00+08:00,0.09898296743631363,0.09898296743631363,0.09898296743631363,0.09898296743631363,0,0.0,0.0
2006-08-21 00:00:00+08:00,0.09898296743631363,0.09898296743631363,0.09898296743631363,0.09898296743631363,0,0.0,0.0
2006-08-22 00:00:00+08:00,0.08908466249704361,0.08908466249704361,0.08908466249704361,0.08908466249704361,3,0.0,0.0
2006-08-23 00:00:00+08:00,0.08908466249704361,0.08908466249704361,0.08908466249704361,0.08908466249704361,50,0.0,0.0
2006-08-24 00:00:00+08:00,0.09238409250974655,0.09238409250974655,0.09238409250974655,0.09238409250974655,80,0.0,0.0
2006-08-25 00:00:00+08:00,0.09238409116368754,0.09898295833004846,0.08908466249704361,0.08908466249704361,59,0.0,0.0
2006-08-28 00:00:00+08:00,0.08908466249704361,0.08908466249704361,0.08908466249704361,0.08908466249704361,0,0.0,0.0
2006-08-29 00:00:00+08:00,0.08908466249704361,0.08908466249704361,0.08908466249704361,0.08908466249704361,40,0.0,0.0
2006-08-30 00:00:00+08:00,0.08908466249704361,0.08908466249704361,0.08908466249704361,0.08908466249704361,0,0.0,0.0
2006-08-31 00:00:00+08:00,0.0956835225224495,0.0956835225224495,0.0956835225224495,0.0956835225224495,50,0.0,0.0
2006-09-01 00:00:00+08:00,0.09238409250974655,0.09238409250974655,0.09238409250974655,0.09238409250974655,40,0.0,0.0
2006-09-04 00:00:00+08:00,0.09238409250974655,0.09238409250974655,0.09238409250974655,0.09238409250974655,0,0.0,0.0
2006-09-05 00:00:00+08:00,0.09568352122446397,0.09568352122446397,0.09238409250974655,0.09238409250974655,290,0.0,0.0
2006-09-06 00:00:00+08:00,0.09568352122446397,0.09568352122446397,0.09238409250974655,0.09238409250974655,200,0.0,0.0
2006-09-07 00:00:00+08:00,0.09238409250974655,0.09238409250974655,0.09238409250974655,0.09238409250974655,150,0.0,0.0
2006-09-08 00:00:00+08:00,0.09238409250974655,0.09238409250974655,0.09238409250974655,0.09238409250974655,28,0.0,0.0
2006-09-11 00:00:00+08:00,0.09568352863305386,0.10558182537668521,0.09568352863305386,0.09898296743631363,423,0.0,0.0
2006-09-12 00:00:00+08:00,0.09898296743631363,0.09898296743631363,0.09898296743631363,0.09898296743631363,40,0.0,0.0
2006-09-13 00:00:00+08:00,0.09898296844520121,0.10228239744901657,0.09898296844520121,0.10228239744901657,220,0.0,0.0
2006-09-14 00:00:00+08:00,0.10228239120862628,0.10888125864672502,0.10228239120862628,0.10558182001113892,454,0.0,0.0
2006-09-15 00:00:00+08:00,0.10228239744901657,0.10558182645283193,0.09898296844520121,0.10228239744901657,182,0.0,0.0
2006-09-18 00:00:00+08:00,0.10228239120862628,0.10558182001113892,0.10228239120862628,0.10558182001113892,31,0.0,0.0
2006-09-19 00:00:00+08:00,0.10228239744901657,0.10228239744901657,0.10228239744901657,0.10228239744901657,40,0.0,0.0
2006-09-20 00:00:00+08:00,0.10228239744901657,0.10228239744901657,0.09898296844520121,0.10228239744901657,269,0.0,0.0
2006-09-21 00:00:00+08:00,0.10228239744901657,0.10228239744901657,0.10228239744901657,0.10228239744901657,70,0.0,0.0
2006-09-22 00:00:00+08:00,0.10228239744901657,0.10228239744901657,0.10228239744901657,0.10228239744901657,50,0.0,0.0
2006-09-25 00:00:00+08:00,0.10228239744901657,0.10228239744901657,0.10228239744901657,0.10228239744901657,150,0.0,0.0
2006-09-26 00:00:00+08:00,0.09898296743631363,0.09898296743631363,0.09898296743631363,0.09898296743631363,23,0.0,0.0
2006-09-27 00:00:00+08:00,0.09898296743631363,0.09898296743631363,0.09898296743631363,0.09898296743631363,30,0.0,0.0
2006-09-28 00:00:00+08:00,0.10228239744901657,0.10228239744901657,0.10228239744901657,0.10228239744901657,100,0.0,0.0
2006-09-29 00:00:00+08:00,0.10228239744901657,0.10228239744901657,0.10228239744901657,0.10228239744901657,64,0.0,0.0
2006-10-02 00:00:00+08:00,0.09898296743631363,0.09898296743631363,0.09898296743631363,0.09898296743631363,1,0.0,0.0
2006-10-03 00:00:00+08:00,0.10228239120862628,0.10558182001113892,0.10228239120862628,0.10558182001113892,183,0.0,0.0
2006-10-04 00:00:00+08:00,0.10558181887436074,0.10888125747442245,0.1022823901073724,0.10888125747442245,221,0.0,0.0
2006-10-05 00:00:00+08:00,0.10558182001113892,0.10888125864672502,0.10558182001113892,0.10558182001113892,215,0.0,0.0
2006-10-06 00:00:00+08:00,0.10558182001113892,0.10558182001113892,0.10558182001113892,0.10558182001113892,182,0.0,0.0
2006-10-09 00:00:00+08:00,0.10228239744901657,0.10228239744901657,0.10228239744901657,0.10228239744901657,374,0.0,0.0
2006-10-10 00:00:00+08:00,0.10558182001113892,0.10558182001113892,0.10228239120862628,0.10558182001113892,81,0.0,0.0
2006-10-11 00:00:00+08:00,0.10558182001113892,0.10558182001113892,0.10558182001113892,0.10558182001113892,139,0.0,0.0
2006-10-12 00:00:00+08:00,0.10558182796419821,0.11548012495040894,0.10558182796419821,0.11548012495040894,1759,0.0,0.0
2006-10-13 00:00:00+08:00,0.11548009328160704,0.11548009328160704,0.1121806651353836,0.1121806651353836,263,0.0,0.0
2006-10-16 00:00:00+08:00,0.11218069589936343,0.11548012495040894,0.11218069589936343,0.11548012495040894,527,0.0,0.0
2006-10-17 00:00:00+08:00,0.11548012495040894,0.11548012495040894,0.11548012495040894,0.11548012495040894,444,0.0,0.0
2006-10-18 00:00:00+08:00,0.11877955496311186,0.11877955496311186,0.11548011632542089,0.11877955496311188,691,0.0,0.0
2006-10-19 00:00:00+08:00,0.12207900062934261,0.12537842988967896,0.12207900062934261,0.12537842988967896,978000,0.0,0.0
2006-10-20 00:00:00+08:00,0.12537840616113582,0.12537840616113582,0.11877954888933265,0.12207897752523422,702,0.0,0.0
2006-10-23 00:00:00+08:00,0.12207898376772937,0.12207898376772937,0.11877955496311186,0.11877955496311188,750,0.0,0.0
2006-10-24 00:00:00+08:00,0.11877955496311186,0.11877955496311186,0.11877955496311186,0.11877955496311188,0,0.0,0.0
2006-10-25 00:00:00+08:00,0.12207897306912678,0.1286778301000595,0.12207897306912678,0.1286778301000595,1605,0.0,0.0
2006-10-26 00:00:00+08:00,0.1253784125723469,0.13197728001465536,0.11877955496311186,0.11877955496311188,4554,0.0,0.0
2006-10-27 00:00:00+08:00,0.12207897752523424,0.1286778347970374,0.12207897752523424,0.12207897752523422,4763,0.0,0.0
2006-10-30 00:00:00+08:00,0.12207898376772937,0.12207898376772937,0.11877955496311186,0.11877955496311188,485,0.0,0.0
2006-10-31 00:00:00+08:00,0.11877955496311186,0.11877955496311186,0.11877955496311186,0.11877955496311188,390,0.0,0.0
2006-11-01 00:00:00+08:00,0.11877955496311186,0.11877955496311186,0.11877955496311186,0.11877955496311188,160,0.0,0.0
2006-11-02 00:00:00+08:00,0.11877955496311186,0.12207898376772937,0.11548011632542089,0.11877955496311188,1081,0.0,0.0
2006-11-03 00:00:00+08:00,0.11877954455366041,0.1286778301000595,0.11877954455366041,0.1286778301000595,3386,0.0,0.0
2006-11-06 00:00:00+08:00,0.12867785194360024,0.13857614900334442,0.12867785194360024,0.13527671992778778,2946,0.0,0.0
2006-11-07 00:00:00+08:00,0.13857613503932953,0.14187557361548322,0.13527670629624913,0.13857613503932953,1581,0.0,0.0
2006-11-08 00:00:00+08:00,0.13527671992778778,0.13527671992778778,0.13197729085223114,0.13527671992778778,988,0.0,0.0
2006-11-09 00:00:00+08:00,0.13527671992778778,0.13527671992778778,0.13527671992778778,0.13527671992778778,124000,0.0,0.0
2006-11-10 00:00:00+08:00,0.13197728991508484,0.13197728991508484,0.13197728991508484,0.13197728991508484,318000,0.0,0.0
2006-11-13 00:00:00+08:00,0.13527671896721283,0.13527671896721283,0.13197728991508484,0.13197728991508484,280,0.0,0.0
2006-11-14 00:00:00+08:00,0.13527671992778778,0.13527671992778778,0.13527671992778778,0.13527671992778778,430,0.0,0.0
2006-11-15 00:00:00+08:00,0.13527671896721283,0.13527671896721283,0.13197728991508484,0.13197728991508484,210,0.0,0.0
2006-11-16 00:00:00+08:00,0.13527671896721283,0.13527671896721283,0.13197728991508484,0.13197728991508484,420,0.0,0.0
2006-11-17 00:00:00+08:00,0.13527671992778778,0.13857614900334442,0.13527671992778778,0.13527671992778778,240,0.0,0.0
2006-11-20 00:00:00+08:00,0.13857614122965106,0.14187557995319366,0.1352767123391822,0.14187557995319366,764,0.0,0.0
2006-11-21 00:00:00+08:00,0.14187557361548322,0.14187557361548322,0.13857613503932953,0.13857613503932953,477,0.0,0.0
2006-11-22 00:00:00+08:00,0.13857613503932953,0.13857613503932953,0.13857613503932953,0.13857613503932953,233,0.0,0.0
2006-11-23 00:00:00+08:00,0.13857613503932953,0.14187557361548322,0.13857613503932953,0.13857613503932953,373,0.0,0.0
2006-11-24 00:00:00+08:00,0.13857614900334442,0.13857614900334442,0.13527671992778778,0.13527671992778778,280,0.0,0.0
2006-11-27 00:00:00+08:00,0.13857614230087448,0.1451750099658966,0.13857614230087448,0.1451750099658966,872,0.0,0.0
2006-11-28 00:00:00+08:00,0.13857613503932953,0.13857613503932953,0.13527670629624913,0.13857613503932953,325,0.0,0.0
2006-11-29 00:00:00+08:00,0.14187557995319366,0.14517500884366252,0.13857614122965106,0.14187557995319366,267,0.0,0.0
2006-11-30 00:00:00+08:00,0.14187557361548322,0.14187557361548322,0.13857613503932953,0.13857613503932953,283,0.0,0.0
2006-12-01 00:00:00+08:00,0.13857614900334442,0.13857614900334442,0.13527671992778778,0.13527671992778778,100,0.0,0.0
2006-12-04 00:00:00+08:00,0.13527671896721283,0.13527671896721283,0.13197728991508484,0.13197728991508484,185,0.0,0.0
2006-12-05 00:00:00+08:00,0.13527671992778778,0.13527671992778778,0.13527671992778778,0.13527671992778778,93,0.0,0.0
2006-12-06 00:00:00+08:00,0.1352767275037628,0.1352767275037628,0.12537842988967896,0.12537842988967896,757,0.0,0.0
2006-12-07 00:00:00+08:00,0.1286778301000595,0.1286778301000595,0.1286778301000595,0.1286778301000595,153000,0.0,0.0
2006-12-08 00:00:00+08:00,0.1286778301000595,0.1286778301000595,0.1286778301000595,0.1286778301000595,209,0.0,0.0
2006-12-11 00:00:00+08:00,0.12867785915001528,0.12867785915001528,0.12537842988967896,0.12537842988967896,216000,0.0,0.0
2006-12-12 00:00:00+08:00,0.12537840158459315,0.1286778301000595,0.12537840158459315,0.1286778301000595,165,0.0,0.0
2006-12-13 00:00:00+08:00,0.12867785915001528,0.12867785915001528,0.12537842988967896,0.12537842988967896,162,0.0,0.0
2006-12-14 00:00:00+08:00,0.12537842988967896,0.12537842988967896,0.12537842988967896,0.12537842988967896,60,0.0,0.0
2006-12-15 00:00:00+08:00,0.12207900062934261,0.12537842988967896,0.12207900062934261,0.12537842988967896,104,0.0,0.0
2006-12-18 00:00:00+08:00,0.12207900062934261,0.12537842988967896,0.12207900062934261,0.12537842988967896,315,0.0,0.0
2006-12-19 00:00:00+08:00,0.12537842988967896,0.12537842988967896,0.12537842988967896,0.12537842988967896,88,0.0,0.0
2006-12-20 00:00:00+08:00,0.12537840158459315,0.1286778301000595,0.12537840158459315,0.1286778301000595,166,0.0,0.0
2006-12-21 00:00:00+08:00,0.1286778301000595,0.1286778301000595,0.1286778301000595,0.1286778301000595,60,0.0,0.0
2006-12-22 00:00:00+08:00,0.12867785915001528,0.13197729824342647,0.12537842988967896,0.12537842988967896,101,0.0,0.0
2006-12-26 00:00:00+08:00,0.12867785102988263,0.13197728991508484,0.12867785102988263,0.13197728991508484,25,0.0,0.0
2006-12-27 00:00:00+08:00,0.1286778301000595,0.1286778301000595,0.1286778301000595,0.1286778301000595,20,0.0,0.0
2006-12-28 00:00:00+08:00,0.1286778301000595,0.13197726844859847,0.1286778301000595,0.1286778301000595,215,0.0,0.0
2006-12-29 00:00:00+08:00,0.13197728991508484,0.13197728991508484,0.13197728991508484,0.13197728991508484,69,0.0,0.0
2007-01-03 00:00:00+08:00,0.13527671992778778,0.13857614900334442,0.13527671992778778,0.13527671992778778,393,0.0,0.0
2007-01-04 00:00:00+08:00,0.13197728991508484,0.13527671896721283,0.13197728991508484,0.13197728991508484,151,0.0,0.0
2007-01-05 00:00:00+08:00,0.13527671896721283,0.13857614801934084,0.13197728991508484,0.13197728991508484,212,0.0,0.0
2007-01-08 00:00:00+08:00,0.1346707046031952,0.1346707046031952,0.1346707046031952,0.1346707046031952,100,0.004,0.0
2007-01-09 00:00:00+08:00,0.13130391699693653,0.13130391699693653,0.12793715298175812,0.12793715298175812,101,0.0,0.0
2007-01-10 00:00:00+08:00,0.12793715962822055,0.14140422642230988,0.12793715962822055,0.14140422642230988,800,0.0,0.0
2007-01-11 00:00:00+08:00,0.14140420688594477,0.14813774436956018,0.13467067943607672,0.13803744316101074,2210,0.0,0.0
2007-01-12 00:00:00+08:00,0.13803746223222474,0.14140422642230988,0.13803746223222474,0.14140422642230988,416,0.0,0.0
2007-01-15 00:00:00+08:00,0.1414042138058724,0.15823805332183838,0.1414042138058724,0.15823805332183838,2756,0.0,0.0
2007-01-16 00:00:00+08:00,0.1582380639793102,0.1582380639793102,0.15150452571266454,0.15487129986286163,1529,0.0,0.0
2007-01-17 00:00:00+08:00,0.15487129054929022,0.15487129054929022,0.1515045166015625,0.1515045166015625,423,0.0,0.0
2007-01-18 00:00:00+08:00,0.15487130624859002,0.1683383733034134,0.15487130624859002,0.1683383733034134,3906,0.0,0.0
2007-01-19 00:00:00+08:00,0.1683383733034134,0.1683383733034134,0.16160483475912724,0.1683383733034134,1458,0.0,0.0
2007-01-22 00:00:00+08:00,0.1683383561282458,0.18517219575456956,0.1683383561282458,0.18180543184280396,30678,0.0,0.0
2007-01-23 00:00:00+08:00,0.16497159004211426,0.16833835390950508,0.15823805227358487,0.16497159004211426,26691,0.0,0.0
2007-01-24 00:00:00+08:00,0.16160483475912724,0.171705137558682,0.16160483475912724,0.1683383733034134,9498,0.0,0.0
2007-01-25 00:00:00+08:00,0.1750719018139506,0.1750719018139506,0.16160483475912724,0.1683383733034134,1123,0.0,0.0
2007-01-26 00:00:00+08:00,0.16160482168197632,0.16160482168197632,0.15823805769914812,0.16160482168197632,1785,0.0,0.0
2007-01-29 00:00:00+08:00,0.16160482809575877,0.16160482809575877,0.15487129986286163,0.15487129986286163,800,0.0,0.0
2007-01-30 00:00:00+08:00,0.1515045166015625,0.15487129054929022,0.1515045166015625,0.1515045166015625,1388,0.0,0.0
2007-01-31 00:00:00+08:00,0.1515044968145318,0.1515044968145318,0.1414041963579799,0.14813773334026337,1157,0.0,0.0
2007-02-01 00:00:00+08:00,0.15150451550870242,0.16160481721153244,0.15150451550870242,0.15823805332183838,2899,0.0,0.0
2007-02-02 00:00:00+08:00,0.16160482809575877,0.16160482809575877,0.148137761596216,0.15487129986286163,1489,0.0,0.0
2007-02-05 00:00:00+08:00,0.15487129054929022,0.15487129054929022,0.1515045166015625,0.1515045166015625,429,0.0,0.0
2007-02-06 00:00:00+08:00,0.1515045166015625,0.1515045166015625,0.14813775268758267,0.1515045166015625,1102,0.0,0.0
2007-02-07 00:00:00+08:00,0.1515045166015625,0.15487129054929022,0.1515045166015625,0.1515045166015625,600,0.0,0.0
2007-02-08 00:00:00+08:00,0.1515044968145318,0.1515044968145318,0.14813773334026337,0.14813773334026337,5314,0.0,0.0
2007-02-09 00:00:00+08:00,0.14813775268758267,0.1515045166015625,0.14477098877360287,0.1515045166015625,1729,0.0,0.0
2007-02-12 00:00:00+08:00,0.14477096986599494,0.1515044968145318,0.14477096986599494,0.14813773334026337,275,0.0,0.0
2007-02-13 00:00:00+08:00,0.1515045166015625,0.1515045166015625,0.14813775268758267,0.1515045166015625,1160,0.0,0.0
2007-02-14 00:00:00+08:00,0.15487128840619405,0.16833835390950508,0.15487128840619405,0.16497159004211426,6364,0.0,0.0
2007-02-15 00:00:00+08:00,0.16497159004211426,0.16497159004211426,0.15823805227358487,0.16497159004211426,1795,0.0,0.0
2007-02-16 00:00:00+08:00,0.16160483475912724,0.1683383733034134,0.15823807050385863,0.1683383733034134,2584,0.0,0.0
2007-02-21 00:00:00+08:00,0.16497159288025673,0.18180543257431278,0.16497159288025673,0.17843864858150482,10965,0.0,0.0
2007-02-22 00:00:00+08:00,0.18517218985737469,0.1919057174664626,0.18517218985737469,0.18853895366191864,7076,0.0,0.0
2007-02-23 00:00:00+08:00,0.18853895966633513,0.18853895966633513,0.17843864786354255,0.18180543184280396,3563000,0.0,0.0
2007-02-26 00:00:00+08:00,0.18517220863143735,0.195272501069108,0.1818054444855471,0.19190573692321777,9045,0.0,0.0
2007-02-27 00:00:00+08:00,0.1919057235781007,0.19527248748986628,0.18180543184280396,0.18180543184280396,7260,0.0,0.0
2007-02-28 00:00:00+08:00,0.16833836017222056,0.1851722002029419,0.1616048221531824,0.1851722002029419,9871,0.0,0.0
2007-03-01 00:00:00+08:00,0.19190573692321777,0.20200604942838568,0.18853897277732756,0.19190573692321777,14005000,0.0,0.0
2007-03-02 00:00:00+08:00,0.1919057235781007,0.1919057235781007,0.18180543184280396,0.18180543184280396,3575,0.0,0.0
2007-03-05 00:00:00+08:00,0.1818054503919857,0.1818054503919857,0.16497160904814478,0.1683383733034134,6079,0.0,0.0
2007-03-06 00:00:00+08:00,0.17170512073088076,0.17843864858150482,0.16833835680556875,0.17843864858150482,1940,0.0,0.0
2007-03-07 00:00:00+08:00,0.18180543896061718,0.18180543896061718,0.17170512676239014,0.17170512676239014,2433,0.0,0.0
2007-03-08 00:00:00+08:00,0.17170512676239014,0.17507189080596694,0.17170512676239014,0.17170512676239014,876,0.0,0.0
2007-03-09 00:00:00+08:00,0.1750718846561928,0.17843864858150482,0.1750718846561928,0.17843864858150482,1362,0.0,0.0
2007-03-12 00:00:00+08:00,0.17843864858150482,0.18180543257431278,0.1750718846561928,0.17843864858150482,1646,0.0,0.0
2007-03-13 00:00:00+08:00,0.17843864786354255,0.18853895966633513,0.17843864786354255,0.18180543184280396,2842,0.0,0.0
2007-03-14 00:00:00+08:00,0.17843864786354255,0.18180543184280396,0.17843864786354255,0.18180543184280396,2341,0.0,0.0
2007-03-15 00:00:00+08:00,0.18180543621029688,0.1851722002029419,0.18180543621029688,0.1851722002029419,1441,0.0,0.0
2007-03-16 00:00:00+08:00,0.18517219575456956,0.18517219575456956,0.17843864786354255,0.18180543184280396,737,0.0,0.0
2007-03-19 00:00:00+08:00,0.18180543257431278,0.18180543257431278,0.17843864858150482,0.17843864858150482,109,0.0,0.0
2007-03-20 00:00:00+08:00,0.18180543257431278,0.18180543257431278,0.17843864858150482,0.17843864858150482,694,0.0,0.0
2007-03-21 00:00:00+08:00,0.18180543184280396,0.18180543184280396,0.18180543184280396,0.18180543184280396,770,0.0,0.0
2007-03-22 00:00:00+08:00,0.1851722002029419,0.1851722002029419,0.18180543621029688,0.1851722002029419,1772,0.0,0.0
2007-03-23 00:00:00+08:00,0.18517219575456956,0.18517219575456956,0.18180543184280396,0.18180543184280396,857,0.0,0.0
2007-03-26 00:00:00+08:00,0.1851722002029419,0.1851722002029419,0.18180543621029688,0.1851722002029419,276,0.0,0.0
2007-03-27 00:00:00+08:00,0.18517220863143735,0.19190573692321777,0.18517220863143735,0.19190573692321777,3641,0.0,0.0
2007-03-28 00:00:00+08:00,0.18853894807159946,0.19527247548103333,0.18517218436688254,0.19527247548103333,3072,0.0,0.0
2007-03-29 00:00:00+08:00,0.19527250829630102,0.20873958544578655,0.19527250829630102,0.20200605690479279,7313,0.0,0.0
2007-03-30 00:00:00+08:00,0.20873955931158628,0.20873955931158628,0.2020060316136304,0.20537279546260834,2184,0.0,0.0
2007-04-02 00:00:00+08:00,0.2087395340204239,0.21210629746148024,0.20537277057936754,0.2087395340204239,4489,0.0,0.0
2007-04-03 00:00:00+08:00,0.21210633218288422,0.21547309617507343,0.208739568190695,0.21210633218288422,2552,0.0,0.0
2007-04-04 00:00:00+08:00,0.21210629746148024,0.2154730609025366,0.20200600713831118,0.2087395340204239,5278,0.0,0.0
2007-04-05 00:00:00+08:00,0.208739568190695,0.21210633218288422,0.208739568190695,0.21210633218288422,2086,0.0,0.0
2007-04-09 00:00:00+08:00,0.21210633648258378,0.2222066487313956,0.21210633648258378,0.21547310054302216,5389,0.0,0.0
2007-04-10 00:00:00+08:00,0.21883986798450777,0.22220665216445923,0.21547310387205335,0.22220665216445923,4511,0.0,0.0
2007-04-11 00:00:00+08:00,0.2222066857062566,0.22894021494758254,0.21883990101809359,0.22557345032691956,6458,0.0,0.0
2007-04-12 00:00:00+08:00,0.22894014206856858,0.26597458124160767,0.22894014206856858,0.26597458124160767,25027,0.0,0.0
2007-04-13 00:00:00+08:00,0.27270814776420593,0.2794416758354837,0.2659746196929281,0.27270814776420593,8934,0.0,0.0
2007-04-16 00:00:00+08:00,0.2794416758354837,0.2794416758354837,0.26934138372856703,0.27270814776420593,7864,0.0,0.0
2007-04-17 00:00:00+08:00,0.2760749379146131,0.2760749379146131,0.265974644852279,0.2693414092063904,6304,0.0,0.0
2007-04-18 00:00:00+08:00,0.19190571177631638,0.21210631407211256,0.1818054206621656,0.19527247548103333,7077,0.0,0.0
2007-04-19 00:00:00+08:00,0.19863925617352188,0.19863925617352188,0.18180543621029688,0.1851722002029419,2893,0.0,0.0
2007-04-20 00:00:00+08:00,0.19190572818823187,0.19190572818823187,0.1851722002029419,0.1851722002029419,1877,0.0,0.0
2007-04-23 00:00:00+08:00,0.19190572818823187,0.19190572818823187,0.1851722002029419,0.1851722002029419,1503,0.0,0.0
2007-04-24 00:00:00+08:00,0.18853895966633513,0.18853895966633513,0.18180543184280396,0.18180543184280396,948,0.0,0.0
2007-04-25 00:00:00+08:00,0.18180543257431278,0.1851721964996248,0.17843864858150482,0.17843864858150482,1273,0.0,0.0
2007-04-26 00:00:00+08:00,0.17843865484954374,0.17843865484954374,0.16833836271881333,0.17170512676239014,2154,0.0,0.0
2007-04-27 00:00:00+08:00,0.17170512676239014,0.17507189080596694,0.17170512676239014,0.17170512676239014,1137,0.0,0.0
2007-04-30 00:00:00+08:00,0.17170512073088076,0.17843864858150482,0.17170512073088076,0.17843864858150482,1509,0.0,0.0
2007-05-02 00:00:00+08:00,0.17170512676239014,0.17507189080596694,0.17170512676239014,0.17170512676239014,359,0.0,0.0
2007-05-03 00:00:00+08:00,0.17507189080596694,0.17507189080596694,0.17170512676239014,0.17170512676239014,912,0.0,0.0
2007-05-04 00:00:00+08:00,0.17170512073088076,0.17843864858150482,0.17170512073088076,0.17843864858150482,1078,0.0,0.0
2007-05-07 00:00:00+08:00,0.17507189080596694,0.17507189080596694,0.17170512676239014,0.17170512676239014,583,0.0,0.0
2007-05-08 00:00:00+08:00,0.1683383596813809,0.1683383596813809,0.16160482168197632,0.16160482168197632,657,0.0,0.0
2007-05-09 00:00:00+08:00,0.16160483475912724,0.1683383733034134,0.16160483475912724,0.1683383733034134,108,0.0,0.0
2007-05-10 00:00:00+08:00,0.1683383733034134,0.1683383733034134,0.1683383733034134,0.1683383733034134,108,0.0,0.0
2007-05-11 00:00:00+08:00,0.1649715956985527,0.1649715956985527,0.16160482168197632,0.16160482168197632,280000,0.0,0.0
2007-05-14 00:00:00+08:00,0.16497159004211426,0.1717051177768959,0.16497159004211426,0.16497159004211426,492,0.0,0.0
2007-05-15 00:00:00+08:00,0.1649715956985527,0.1649715956985527,0.16160482168197632,0.16160482168197632,82,0.0,0.0
2007-05-16 00:00:00+08:00,0.15487128840619405,0.16833835390950508,0.15487128840619405,0.16497159004211426,372,0.0,0.0
2007-05-17 00:00:00+08:00,0.1649715956985527,0.1649715956985527,0.16160482168197632,0.16160482168197632,110,0.0,0.0
2007-05-18 00:00:00+08:00,0.16160481614097566,0.16833835390950508,0.16160481614097566,0.16497159004211426,245,0.0,0.0
2007-05-21 00:00:00+08:00,0.16497159004211426,0.16833835390950508,0.16497159004211426,0.16497159004211426,273,0.0,0.0
2007-05-22 00:00:00+08:00,0.1649715956985527,0.1649715956985527,0.16160482168197632,0.16160482168197632,279,0.0,0.0
2007-05-23 00:00:00+08:00,0.1616048245979114,0.17170512676239014,0.1616048245979114,0.17170512676239014,721,0.0,0.0
2007-05-24 00:00:00+08:00,0.1683383733034134,0.171705137558682,0.16497160904814478,0.1683383733034134,637,0.0,0.0
2007-05-25 00:00:00+08:00,0.15823805769914812,0.16160482168197632,0.15823805769914812,0.16160482168197632,926,0.0,0.0
2007-05-28 00:00:00+08:00,0.16160481721153244,0.16497159113497434,0.15823805332183838,0.15823805332183838,1009,0.0,0.0
2007-05-29 00:00:00+08:00,0.1582380639793102,0.1582380639793102,0.15487129986286163,0.15487129986286163,618,0.0,0.0
2007-05-30 00:00:00+08:00,0.1582380639793102,0.1582380639793102,0.15487129986286163,0.15487129986286163,699,0.0,0.0
2007-06-01 00:00:00+08:00,0.15487129986286163,0.15487129986286163,0.15150452571266454,0.15487129986286163,915,0.0,0.0
2007-06-04 00:00:00+08:00,0.1515045166015625,0.1515045166015625,0.14813775268758267,0.1515045166015625,782,0.0,0.0
2007-06-05 00:00:00+08:00,0.1515045166015625,0.1515045166015625,0.1515045166015625,0.1515045166015625,729,0.0,0.0
2007-06-06 00:00:00+08:00,0.14813775571691534,0.1649715956985527,0.14813775571691534,0.16160482168197632,4122,0.0,0.0
2007-06-07 00:00:00+08:00,0.16160483475912724,0.1683383733034134,0.16160483475912724,0.1683383733034134,1797,0.0,0.0
2007-06-08 00:00:00+08:00,0.16497158870128592,0.17507188022136688,0.16497158870128592,0.17507188022136688,4441,0.0,0.0
2007-06-11 00:00:00+08:00,0.1784386440613939,0.1851721918089433,0.17507188022136688,0.17507188022136688,3856,0.0,0.0
2007-06-12 00:00:00+08:00,0.17507189080596694,0.17507189080596694,0.16833836271881333,0.17170512676239014,1204,0.0,0.0
2007-06-13 00:00:00+08:00,0.16497159004211426,0.16833835390950508,0.16497159004211426,0.16497159004211426,946,0.0,0.0
2007-06-14 00:00:00+08:00,0.1683383733034134,0.1750719018139506,0.1683383733034134,0.1683383733034134,2349,0.0,0.0
2007-06-15 00:00:00+08:00,0.17170512676239014,0.17170512676239014,0.16833836271881333,0.17170512676239014,2012,0.0,0.0
2007-06-18 00:00:00+08:00,0.17170512676239014,0.17170512676239014,0.17170512676239014,0.17170512676239014,1369,0.0,0.0
2007-06-19 00:00:00+08:00,0.171705137558682,0.171705137558682,0.1683383733034134,0.1683383733034134,1018,0.0,0.0
2007-06-20 00:00:00+08:00,0.16833836271881333,0.17507189080596694,0.16833836271881333,0.17170512676239014,781,0.0,0.0
2007-06-21 00:00:00+08:00,0.171705137558682,0.1750719018139506,0.1683383733034134,0.1683383733034134,1100,0.0,0.0
2007-06-22 00:00:00+08:00,0.1717051177768959,0.1717051177768959,0.16497159004211426,0.16497159004211426,835,0.0,0.0
2007-06-25 00:00:00+08:00,0.1649715956985527,0.1683383596813809,0.16160482168197632,0.16160482168197632,1579,0.0,0.0
2007-06-26 00:00:00+08:00,0.16497159004211426,0.16833835390950508,0.16160481614097566,0.16497159004211426,1864,0.0,0.0
2007-06-27 00:00:00+08:00,0.1649715956985527,0.1649715956985527,0.16160482168197632,0.16160482168197632,1334,0.0,0.0
2007-06-28 00:00:00+08:00,0.16497159004211426,0.16497159004211426,0.16497159004211426,0.16497159004211426,1064000,0.0,0.0
2007-06-29 00:00:00+08:00,0.16497159004211426,0.16497159004211426,0.16160481614097566,0.16497159004211426,965,0.0,0.0
2007-07-02 00:00:00+08:00,0.1649715956985527,0.1649715956985527,0.16160482168197632,0.16160482168197632,483,0.0,0.0
2007-07-03 00:00:00+08:00,0.16160481614097566,0.16497159004211426,0.16160481614097566,0.16497159004211426,1104,0.0,0.0
2007-07-04 00:00:00+08:00,0.16497158870128592,0.1784386440613939,0.1616048148275112,0.17507188022136688,8763,0.0,0.0
2007-07-05 00:00:00+08:00,0.17843866027215965,0.19863926521499822,0.17843866027215965,0.19190573692321777,20376,0.0,0.0
2007-07-06 00:00:00+08:00,0.1952724921808769,0.1952724921808769,0.1851722002029419,0.1851722002029419,2609,0.0,0.0
2007-07-09 00:00:00+08:00,0.18853896419558688,0.19190572818823187,0.1851722002029419,0.1851722002029419,2573,0.0,0.0
2007-07-10 00:00:00+08:00,0.18517219575456956,0.18517219575456956,0.18180543184280396,0.18180543184280396,2296,0.0,0.0
2007-07-11 00:00:00+08:00,0.1851722002029419,0.19190572818823187,0.17843865215015556,0.1851722002029419,6061,0.0,0.0
2007-07-12 00:00:00+08:00,0.18853895966633513,0.18853895966633513,0.18180543184280396,0.18180543184280396,3863,0.0,0.0
2007-07-13 00:00:00+08:00,0.18853895366191864,0.18853895366191864,0.1818054260528307,0.18853895366191864,2832,0.0,0.0
2007-07-16 00:00:00+08:00,0.18853895966633513,0.18853895966633513,0.18180543184280396,0.18180543184280396,2192,0.0,0.0
2007-07-17 00:00:00+08:00,0.18517219575456956,0.18517219575456956,0.18180543184280396,0.18180543184280396,1961000,0.0,0.0
2007-07-18 00:00:00+08:00,0.1851721933139547,0.1851721933139547,0.16497159004211426,0.16497159004211426,3767,0.0,0.0
2007-07-19 00:00:00+08:00,0.16497159288025673,0.18180543257431278,0.16497159288025673,0.17843864858150482,2739000,0.0,0.0
2007-07-20 00:00:00+08:00,0.18180543257431278,0.18180543257431278,0.1750718846561928,0.17843864858150482,875,0.0,0.0
2007-07-23 00:00:00+08:00,0.1818054279689163,0.1818054279689163,0.17507188022136688,0.17507188022136688,1343,0.0,0.0
2007-07-24 00:00:00+08:00,0.17843864858150482,0.18180543257431278,0.17843864858150482,0.17843864858150482,973,0.0,0.0
2007-07-25 00:00:00+08:00,0.17507188022136688,0.1784386440613939,0.17507188022136688,0.17507188022136688,639,0.0,0.0
2007-07-26 00:00:00+08:00,0.1784386440613939,0.1784386440613939,0.1717051163813399,0.17507188022136688,1028000,0.0,0.0
2007-07-27 00:00:00+08:00,0.16833836271881333,0.17170512676239014,0.16497159867523653,0.17170512676239014,2896,0.0,0.0
2007-07-30 00:00:00+08:00,0.1683383733034134,0.171705137558682,0.1683383733034134,0.1683383733034134,612,0.0,0.0
2007-07-31 00:00:00+08:00,0.16833835390950508,0.16833835390950508,0.16160481614097566,0.16497159004211426,2038000,0.0,0.0
2007-08-01 00:00:00+08:00,0.16160481837724985,0.16160481837724985,0.1346706869979155,0.1515045166015625,4020,0.0,0.0
2007-08-02 00:00:00+08:00,0.15823803379681528,0.1616047972710837,0.13803743288371148,0.14813773334026337,2533,0.0,0.0
2007-08-03 00:00:00+08:00,0.1515045166015625,0.1515045166015625,0.14477098877360287,0.1515045166015625,867,0.0,0.0
2007-08-06 00:00:00+08:00,0.14140420688594477,0.14140420688594477,0.13467067943607672,0.13803744316101074,1896,0.0,0.0
2007-08-07 00:00:00+08:00,0.14140422375540718,0.14813776204233078,0.13130392134189606,0.13130392134189606,1569,0.0,0.0
2007-08-08 00:00:00+08:00,0.13803744316101074,0.14140420688594477,0.13467067943607672,0.13803744316101074,909,0.0,0.0
2007-08-10 00:00:00+08:00,0.1346707046031952,0.1346707046031952,0.13130393021533457,0.1346707046031952,1086,0.0,0.0
2007-08-13 00:00:00+08:00,0.1346707046031952,0.1346707046031952,0.13130393021533457,0.1346707046031952,859,0.0,0.0
2007-08-14 00:00:00+08:00,0.13467069804213957,0.14140422642230988,0.13467069804213957,0.14140422642230988,811,0.0,0.0
2007-08-15 00:00:00+08:00,0.1346707046031952,0.13803746895730656,0.1346707046031952,0.1346707046031952,965,0.0,0.0
2007-08-16 00:00:00+08:00,0.13130391699693653,0.13130391699693653,0.12457038896657971,0.12793715298175812,1185,0.0,0.0
2007-08-17 00:00:00+08:00,0.12793715298175812,0.13803745506104156,0.11783685090247467,0.12793715298175812,2698,0.0,0.0
2007-08-20 00:00:00+08:00,0.13130392134189606,0.13467069550223212,0.13130392134189606,0.13130392134189606,809,0.0,0.0
2007-08-21 00:00:00+08:00,0.13130389671048595,0.13130389671048595,0.124570369720459,0.12457036972045898,671,0.0,0.0
2007-08-22 00:00:00+08:00,0.12793715298175812,0.13130391699693653,0.12793715298175812,0.12793715298175812,683,0.0,0.0
2007-08-23 00:00:00+08:00,0.13467069804213957,0.14140422642230988,0.1313039238183057,0.14140422642230988,1139,0.0,0.0
2007-08-24 00:00:00+08:00,0.13803746895730656,0.13803746895730656,0.1346707046031952,0.1346707046031952,242,0.0,0.0
2007-08-27 00:00:00+08:00,0.13803746895730656,0.14140423331141794,0.1346707046031952,0.1346707046031952,875,0.0,0.0
2007-08-28 00:00:00+08:00,0.13467067943607672,0.13803744316101074,0.13467067943607672,0.13803744316101074,309,0.0,0.0
2007-08-29 00:00:00+08:00,0.13803746895730656,0.13803746895730656,0.1346707046031952,0.1346707046031952,477,0.0,0.0
2007-08-30 00:00:00+08:00,0.1346707046031952,0.13803746895730656,0.1346707046031952,0.1346707046031952,667,0.0,0.0
2007-08-31 00:00:00+08:00,0.1346707046031952,0.1346707046031952,0.1346707046031952,0.1346707046031952,701,0.0,0.0
2007-09-03 00:00:00+08:00,0.13803744316101074,0.13803744316101074,0.13803744316101074,0.13803744316101074,600,0.0,0.0
2007-09-04 00:00:00+08:00,0.14140422642230988,0.14477100064614376,0.14140422642230988,0.14140422642230988,861,0.0,0.0
2007-09-05 00:00:00+08:00,0.14477096986599494,0.14813773334026337,0.14477096986599494,0.14813773334026337,361,0.0,0.0
2007-09-06 00:00:00+08:00,0.14477099747976743,0.15487129986286163,0.14477099747976743,0.15487129986286163,586,0.0,0.0
2007-09-07 00:00:00+08:00,0.15487129054929022,0.15823805446327005,0.1515045166015625,0.1515045166015625,522,0.0,0.0
2007-09-10 00:00:00+08:00,0.14477098877360287,0.1515045166015625,0.14477098877360287,0.1515045166015625,450000,0.0,0.0
2007-09-11 00:00:00+08:00,0.15150452288988833,0.15150452288988833,0.14477099478244781,0.14477099478244781,228,0.0,0.0
2007-09-12 00:00:00+08:00,0.1515044968145318,0.1515044968145318,0.14813773334026337,0.14813773334026337,533,0.0,0.0
2007-09-13 00:00:00+08:00,0.1515045166015625,0.1515045166015625,0.1515045166015625,0.1515045166015625,303,0.0,0.0
2007-09-14 00:00:00+08:00,0.1515045166015625,0.1515045166015625,0.1515045166015625,0.1515045166015625,195,0.0,0.0
2007-09-17 00:00:00+08:00,0.1515045166015625,0.1515045166015625,0.14813775268758267,0.1515045166015625,539,0.0,0.0
2007-09-18 00:00:00+08:00,0.15487129054929022,0.15487129054929022,0.14813775268758267,0.1515045166015625,535,0.0,0.0
2007-09-19 00:00:00+08:00,0.15487129054929022,0.15487129054929022,0.1515045166015625,0.1515045166015625,672,0.0,0.0
2007-09-20 00:00:00+08:00,0.15150452288988833,0.15150452288988833,0.14477099478244781,0.14477099478244781,628000,0.0,0.0
2007-09-21 00:00:00+08:00,0.1481377588361681,0.1481377588361681,0.14477099478244781,0.14477099478244781,766,0.0,0.0
2007-09-24 00:00:00+08:00,0.14813773334026337,0.14813773334026337,0.14477096986599494,0.14813773334026337,424,0.0,0.0
2007-09-25 00:00:00+08:00,0.14813773334026337,0.14813773334026337,0.14813773334026337,0.14813773334026337,137000,0.0,0.0
2007-09-26 00:00:00+08:00,0.14813776770430387,0.1683383733034134,0.14813776770430387,0.1683383733034134,1430000,0.0,0.0
2007-09-27 00:00:00+08:00,0.16833835390950508,0.1750718816442867,0.16160481614097566,0.16497159004211426,5154,0.0,0.0
2007-09-28 00:00:00+08:00,0.16497159004211426,0.16497159004211426,0.15823805227358487,0.16497159004211426,828,0.0,0.0
2007-10-01 00:00:00+08:00,0.16160481614097566,0.16497159004211426,0.16160481614097566,0.16497159004211426,264,0.0,0.0
2007-10-02 00:00:00+08:00,0.1649715956985527,0.1649715956985527,0.16160482168197632,0.16160482168197632,1311000,0.0,0.0
2007-10-03 00:00:00+08:00,0.16160481721153244,0.16160481721153244,0.15823805332183838,0.15823805332183838,441000,0.0,0.0
2007-10-04 00:00:00+08:00,0.15823805332183838,0.15823805332183838,0.15487128943214432,0.15823805332183838,560,0.0,0.0
2007-10-05 00:00:00+08:00,0.15823805332183838,0.15823805332183838,0.15487128943214432,0.15823805332183838,426,0.0,0.0
2007-10-08 00:00:00+08:00,0.16160481721153244,0.16160481721153244,0.15823805332183838,0.15823805332183838,463000,0.0,0.0
2007-10-09 00:00:00+08:00,0.15823805332183838,0.16160481721153244,0.15823805332183838,0.15823805332183838,607000,0.0,0.0
2007-10-10 00:00:00+08:00,0.16160482168197632,0.1649715956985527,0.16160482168197632,0.16160482168197632,1523000,0.0,0.0
2007-10-11 00:00:00+08:00,0.16160481614097566,0.16497159004211426,0.16160481614097566,0.16497159004211426,500,0.0,0.0
2007-10-12 00:00:00+08:00,0.16160482168197632,0.16160482168197632,0.16160482168197632,0.16160482168197632,526,0.0,0.0
2007-10-15 00:00:00+08:00,0.16160482168197632,0.16160482168197632,0.16160482168197632,0.16160482168197632,732,0.0,0.0
2007-10-16 00:00:00+08:00,0.16160481721153244,0.16160481721153244,0.15823805332183838,0.15823805332183838,728,0.0,0.0
2007-10-17 00:00:00+08:00,0.1582380639793102,0.1582380639793102,0.15487129986286163,0.15487129986286163,646,0.0,0.0
2007-10-18 00:00:00+08:00,0.16160481721153244,0.16160481721153244,0.15487128943214432,0.15823805332183838,289,0.0,0.0
2007-10-19 00:00:00+08:00,0.15823805769914812,0.16160482168197632,0.15823805769914812,0.16160482168197632,1023,0.0,0.0
2007-10-22 00:00:00+08:00,0.15487129986286163,0.15487129986286163,0.15150452571266454,0.15487129986286163,797,0.0,0.0
2007-10-23 00:00:00+08:00,0.15487128840619405,0.16497159004211426,0.15487128840619405,0.16497159004211426,1753,0.0,0.0
2007-10-24 00:00:00+08:00,0.16833835390950508,0.1717051177768959,0.16497159004211426,0.16497159004211426,2036,0.0,0.0
2007-10-25 00:00:00+08:00,0.16497159004211426,0.16833835390950508,0.16497159004211426,0.16497159004211426,1312000,0.0,0.0
2007-10-26 00:00:00+08:00,0.1683383525413129,0.1784386440613939,0.1683383525413129,0.17507188022136688,9389,0.0,0.0
2007-10-29 00:00:00+08:00,0.17507189080596694,0.17843865484954374,0.17170512676239014,0.17170512676239014,4888,0.0,0.0
2007-10-30 00:00:00+08:00,0.17170512676239014,0.17507189080596694,0.17170512676239014,0.17170512676239014,2763,0.0,0.0
2007-10-31 00:00:00+08:00,0.17170512676239014,0.17170512676239014,0.16833836271881333,0.17170512676239014,1582,0.0,0.0
2007-11-01 00:00:00+08:00,0.1750719018139506,0.1750719018139506,0.16497160904814478,0.1683383733034134,1422,0.0,0.0
2007-11-02 00:00:00+08:00,0.1649715956985527,0.1649715956985527,0.16160482168197632,0.16160482168197632,1544,0.0,0.0
2007-11-05 00:00:00+08:00,0.16160482809575877,0.16497160224595583,0.15487129986286163,0.15487129986286163,2086,0.0,0.0
2007-11-06 00:00:00+08:00,0.15487129371631989,0.16160482168197632,0.15487129371631989,0.16160482168197632,606,0.0,0.0
2007-11-07 00:00:00+08:00,0.1582380639793102,0.1582380639793102,0.15487129986286163,0.15487129986286163,470,0.0,0.0
2007-11-09 00:00:00+08:00,0.15487127032254686,0.15487127032254686,0.14813773334026337,0.14813773334026337,846,0.0,0.0
2007-11-12 00:00:00+08:00,0.14140422069497924,0.14477099478244781,0.13803745664125897,0.14477099478244781,2336,0.0,0.0
2007-11-13 00:00:00+08:00,0.14477099478244781,0.1481377588361681,0.14477099478244781,0.14477099478244781,645,0.0,0.0
2007-11-14 00:00:00+08:00,0.1481377588361681,0.1481377588361681,0.14477099478244781,0.14477099478244781,578,0.0,0.0
2007-11-15 00:00:00+08:00,0.14477100064614376,0.14477100064614376,0.13803746223222474,0.14140422642230988,432,0.0,0.0
2007-11-16 00:00:00+08:00,0.13803745664125897,0.14477099478244781,0.13803745664125897,0.14477099478244781,151,0.0,0.0
2007-11-19 00:00:00+08:00,0.14477100064614376,0.14477100064614376,0.14140422642230988,0.14140422642230988,356,0.0,0.0
2007-11-20 00:00:00+08:00,0.13467067943607672,0.13803744316101074,0.13467067943607672,0.13803744316101074,354,0.0,0.0
2007-11-21 00:00:00+08:00,0.13803746895730656,0.13803746895730656,0.1346707046031952,0.1346707046031952,1766,0.0,0.0
2007-11-22 00:00:00+08:00,0.13130390567739533,0.13803744316101074,0.13130390567739533,0.13803744316101074,173,0.0,0.0
2007-11-23 00:00:00+08:00,0.13803744316101074,0.13803744316101074,0.13467067943607672,0.13803744316101074,736,0.0,0.0
2007-11-26 00:00:00+08:00,0.14140423331141794,0.14140423331141794,0.1346707046031952,0.1346707046031952,248000,0.0,0.0
2007-11-27 00:00:00+08:00,0.1346707046031952,0.13803746895730656,0.1346707046031952,0.1346707046031952,213,0.0,0.0
2007-11-28 00:00:00+08:00,0.13803744316101074,0.13803744316101074,0.13803744316101074,0.13803744316101074,100,0.0,0.0
2007-11-29 00:00:00+08:00,0.13803744316101074,0.13803744316101074,0.13467067943607672,0.13803744316101074,295,0.0,0.0
2007-11-30 00:00:00+08:00,0.14140420688594477,0.14477098064462615,0.13803744316101074,0.13803744316101074,305,0.0,0.0
2007-12-03 00:00:00+08:00,0.13803746223222474,0.14140422642230988,0.13803746223222474,0.14140422642230988,407,0.0,0.0
2007-12-04 00:00:00+08:00,0.14140420688594477,0.14140420688594477,0.13803744316101074,0.13803744316101074,101,0.0,0.0
2007-12-05 00:00:00+08:00,0.14140422642230988,0.14140422642230988,0.14140422642230988,0.14140422642230988,234000,0.0,0.0
2007-12-06 00:00:00+08:00,0.14477098877360287,0.15487129054929022,0.14477098877360287,0.1515045166015625,1633000,0.0,0.0
2007-12-07 00:00:00+08:00,0.15487129054929022,0.15487129054929022,0.1515045166015625,0.1515045166015625,125000,0.0,0.0
2007-12-10 00:00:00+08:00,0.1515045166015625,0.1515045166015625,0.1515045166015625,0.1515045166015625,5000,0.0,0.0
2007-12-11 00:00:00+08:00,0.1515045166015625,0.1515045166015625,0.1515045166015625,0.1515045166015625,130000,0.0,0.0
2007-12-12 00:00:00+08:00,0.14813773334026337,0.14813773334026337,0.14813773334026337,0.14813773334026337,140000,0.0,0.0
2007-12-13 00:00:00+08:00,0.15487127032254686,0.15487127032254686,0.14813773334026337,0.14813773334026337,103000,0.0,0.0
2007-12-14 00:00:00+08:00,0.14813773334026337,0.14813773334026337,0.14477096986599494,0.14813773334026337,142000,0.0,0.0
2007-12-17 00:00:00+08:00,0.1481377588361681,0.1481377588361681,0.14140422069497924,0.14477099478244781,105000,0.0,0.0
2007-12-18 00:00:00+08:00,0.14140422069497924,0.14477099478244781,0.14140422069497924,0.14477099478244781,77000,0.0,0.0
2007-12-19 00:00:00+08:00,0.14477096986599494,0.15487127032254686,0.14477096986599494,0.14813773334026337,387000,0.0,0.0
2007-12-21 00:00:00+08:00,0.15150452571266454,0.15487129986286163,0.15150452571266454,0.15487129986286163,270000,0.0,0.0
2007-12-24 00:00:00+08:00,0.15487129054929022,0.15487129054929022,0.1515045166015625,0.1515045166015625,105000,0.0,0.0
2007-12-26 00:00:00+08:00,0.15487129986286163,0.1582380639793102,0.15150452571266454,0.15487129986286163,415000,0.0,0.0
2007-12-27 00:00:00+08:00,0.15487127032254686,0.15487127032254686,0.14813773334026337,0.14813773334026337,64000,0.0,0.0
2007-12-28 00:00:00+08:00,0.14813775268758267,0.1515045166015625,0.14813775268758267,0.1515045166015625,118000,0.0,0.0
2007-12-31 00:00:00+08:00,0.15487129986286163,0.1582380639793102,0.15487129986286163,0.15487129986286163,165000,0.0,0.0
2008-01-02 00:00:00+08:00,0.1515045166015625,0.15487129054929022,0.1515045166015625,0.1515045166015625,261000,0.0,0.0
2008-01-03 00:00:00+08:00,0.1515045166015625,0.1515045166015625,0.1515045166015625,0.1515045166015625,120000,0.0,0.0
2008-01-04 00:00:00+08:00,0.1515045166015625,0.1515045166015625,0.14813775268758267,0.1515045166015625,181000,0.0,0.0
2008-01-07 00:00:00+08:00,0.14813773334026337,0.14813773334026337,0.1414041963579799,0.14813773334026337,185000,0.0,0.0
2008-01-08 00:00:00+08:00,0.14402280093318376,0.15088103344221435,0.14402280093318376,0.14745192229747772,153000,0.004,0.0
2008-01-09 00:00:00+08:00,0.14059369617831774,0.14402280747890472,0.14059369617831774,0.14402280747890472,174000,0.0,0.0
2008-01-10 00:00:00+08:00,0.14402280747890472,0.14402280747890472,0.14402280747890472,0.14402280747890472,90000,0.0,0.0
2008-01-11 00:00:00+08:00,0.14402280009113444,0.14402280009113444,0.13716457784175873,0.13716457784175873,279000,0.0,0.0
2008-01-14 00:00:00+08:00,0.13716457784175873,0.13716457784175873,0.1337354564975136,0.13716457784175873,211000,0.0,0.0
2008-01-15 00:00:00+08:00,0.13716459981799917,0.13716459981799917,0.13030636625025357,0.13373547792434692,502000,0.0,0.0
2008-01-16 00:00:00+08:00,0.13373545558881558,0.13373545558881558,0.12687723338603973,0.12687723338603973,307000,0.0,0.0
2008-01-17 00:00:00+08:00,0.12687722249637848,0.13030633330345154,0.12001899066267607,0.13030633330345154,776000,0.0,0.0
2008-01-18 00:00:00+08:00,0.12687722249637848,0.13030633330345154,0.12344811168930545,0.13030633330345154,130000,0.0,0.0
2008-01-21 00:00:00+08:00,0.12687724488068156,0.12687724488068156,0.12344813346862793,0.12344813346862793,144000,0.0,0.0
2008-01-22 00:00:00+08:00,0.11658989638090134,0.1200190076740121,0.10630255228201128,0.11658989638090134,969000,0.0,0.0
2008-01-23 00:00:00+08:00,0.11658989638090134,0.1200190076740121,0.10973166357512204,0.11658989638090134,333000,0.0,0.0
2008-01-24 00:00:00+08:00,0.11658991428105031,0.1234481481397801,0.11658991428105031,0.12001902610063553,606000,0.0,0.0
2008-01-25 00:00:00+08:00,0.12344814290206692,0.13373547792434692,0.12001902100841468,0.13373547792434692,227000,0.0,0.0
2008-01-28 00:00:00+08:00,0.12344813346862793,0.12344813346862793,0.12344813346862793,0.12344813346862793,79000,0.0,0.0
2008-01-29 00:00:00+08:00,0.12344813346862793,0.12687724488068156,0.12344813346862793,0.12344813346862793,118000,0.0,0.0
2008-01-30 00:00:00+08:00,0.12344813346862793,0.12344813346862793,0.12344813346862793,0.12344813346862793,74000,0.0,0.0
2008-01-31 00:00:00+08:00,0.1200190076740121,0.1200190076740121,0.11658989638090134,0.11658989638090134,283000,0.0,0.0
2008-02-01 00:00:00+08:00,0.11658989638090134,0.11658989638090134,0.11658989638090134,0.11658989638090134,86000,0.0,0.0
2008-02-04 00:00:00+08:00,0.1234481481397801,0.1234481481397801,0.12001902610063553,0.12001902610063553,50000,0.0,0.0
2008-02-05 00:00:00+08:00,0.12001902610063553,0.12001902610063553,0.12001902610063553,0.12001902610063553,0,0.0,0.0
2008-02-06 00:00:00+08:00,0.12001901183701619,0.12344813346862793,0.12001901183701619,0.12344813346862793,70000,0.0,0.0
2008-02-11 00:00:00+08:00,0.12344813346862793,0.12344813346862793,0.12344813346862793,0.12344813346862793,51000,0.0,0.0
2008-02-12 00:00:00+08:00,0.12687722249637848,0.13030633330345154,0.12344811168930545,0.13030633330345154,81000,0.0,0.0
2008-02-13 00:00:00+08:00,0.13030634448742767,0.13030634448742767,0.12687723338603973,0.12687723338603973,174000,0.0,0.0
2008-02-14 00:00:00+08:00,0.12687723338603973,0.12687723338603973,0.12687723338603973,0.12687723338603973,109000,0.0,0.0
2008-02-15 00:00:00+08:00,0.12687723338603973,0.12687723338603973,0.12687723338603973,0.12687723338603973,10000,0.0,0.0
2008-02-18 00:00:00+08:00,0.13030636625025357,0.13373547792434692,0.13030636625025357,0.13373547792434692,148000,0.0,0.0
2008-02-19 00:00:00+08:00,0.13373544411052457,0.13373544411052457,0.13030633330345154,0.13030633330345154,60000,0.0,0.0
2008-02-20 00:00:00+08:00,0.12687723338603973,0.12687723338603973,0.12687723338603973,0.12687723338603973,19000,0.0,0.0
2008-02-21 00:00:00+08:00,0.12687723338603973,0.12687723338603973,0.12687723338603973,0.12687723338603973,80000,0.0,0.0
2008-02-22 00:00:00+08:00,0.12687723338603973,0.12687723338603973,0.12687723338603973,0.12687723338603973,90000,0.0,0.0
2008-02-25 00:00:00+08:00,0.12344813346862793,0.12344813346862793,0.12344813346862793,0.12344813346862793,10000,0.0,0.0
2008-02-26 00:00:00+08:00,0.1234481481397801,0.1234481481397801,0.12001902610063553,0.12001902610063553,110000,0.0,0.0
2008-02-27 00:00:00+08:00,0.12344813346862793,0.12687724488068156,0.12344813346862793,0.12344813346862793,125000,0.0,0.0
2008-02-28 00:00:00+08:00,0.12344813346862793,0.12344813346862793,0.12344813346862793,0.12344813346862793,15000,0.0,0.0
2008-02-29 00:00:00+08:00,0.12344813346862793,0.12344813346862793,0.12344813346862793,0.12344813346862793,0,0.0,0.0
2008-03-03 00:00:00+08:00,0.12001901183701619,0.12344813346862793,0.11658990042496256,0.12344813346862793,129000,0.0,0.0
2008-03-04 00:00:00+08:00,0.12344813346862793,0.12344813346862793,0.12344813346862793,0.12344813346862793,110000,0.0,0.0
2008-03-05 00:00:00+08:00,0.11658989638090134,0.11658989638090134,0.11658989638090134,0.11658989638090134,25000,0.0,0.0
2008-03-06 00:00:00+08:00,0.11658989638090134,0.11658989638090134,0.11658989638090134,0.11658989638090134,0,0.0,0.0
2008-03-07 00:00:00+08:00,0.11658991577767364,0.11658991577767364,0.11316080391407013,0.11316080391407013,122000,0.0,0.0
2008-03-10 00:00:00+08:00,0.11316080246146508,0.12001902610063553,0.11316080246146508,0.12001902610063553,21000,0.0,0.0
2008-03-11 00:00:00+08:00,0.11316080246146508,0.12001902610063553,0.11316080246146508,0.12001902610063553,70000,0.0,0.0
2008-03-12 00:00:00+08:00,0.11316080391407013,0.11658991577767364,0.11316080391407013,0.11316080391407013,178000,0.0,0.0
2008-03-13 00:00:00+08:00,0.11316078835544387,0.11316078835544387,0.10973166674375534,0.10973166674375534,117000,0.0,0.0
2008-03-14 00:00:00+08:00,0.11316078835544387,0.11316078835544387,0.10973166674375534,0.10973166674375534,305000,0.0,0.0
2008-03-17 00:00:00+08:00,0.10973166674375534,0.11316078835544387,0.10973166674375534,0.10973166674375534,91000,0.0,0.0
2008-03-18 00:00:00+08:00,0.10973166674375534,0.10973166674375534,0.10287344395949442,0.10973166674375534,342000,0.0,0.0
2008-03-19 00:00:00+08:00,0.10973165551586082,0.10973165551586082,0.10630254447460175,0.10630254447460175,217000,0.0,0.0
2008-03-20 00:00:00+08:00,0.10287345931265925,0.10287345931265925,0.09944433718919754,0.09944433718919754,165000,0.0,0.0
2008-03-24 00:00:00+08:00,0.09944431217252656,0.10630254447460175,0.09944431217252656,0.10630254447460175,138000,0.0,0.0
2008-03-25 00:00:00+08:00,0.10630255535162489,0.10973166674375534,0.10287344395949442,0.10973166674375534,198000,0.0,0.0
2008-03-26 00:00:00+08:00,0.10630254447460175,0.10630254447460175,0.10630254447460175,0.10630254447460175,149000,0.0,0.0
2008-03-27 00:00:00+08:00,0.10973166674375534,0.10973166674375534,0.10973166674375534,0.10973166674375534,2000,0.0,0.0
2008-03-28 00:00:00+08:00,0.10973166674375534,0.10973166674375534,0.10973166674375534,0.10973166674375534,0,0.0,0.0
2008-03-31 00:00:00+08:00,0.10973166674375534,0.10973166674375534,0.10973166674375534,0.10973166674375534,38000,0.0,0.0
2008-04-01 00:00:00+08:00,0.10973166674375534,0.10973166674375534,0.10973166674375534,0.10973166674375534,167000,0.0,0.0
2008-04-02 00:00:00+08:00,0.1097316673812972,0.1097316673812972,0.10287344455718994,0.10287344455718994,68000,0.0,0.0
2008-04-03 00:00:00+08:00,0.10973166674375534,0.10973166674375534,0.10973166674375534,0.10973166674375534,2000,0.0,0.0
2008-04-04 00:00:00+08:00,0.11316080391407013,0.11658991577767364,0.10287345810370012,0.11316080391407013,429000,0.0,0.0
2008-04-07 00:00:00+08:00,0.10630255228201128,0.11658989638090134,0.10630255228201128,0.11658989638090134,141000,0.0,0.0
2008-04-08 00:00:00+08:00,0.11316080391407013,0.11316080391407013,0.11316080391407013,0.11316080391407013,93000,0.0,0.0
2008-04-09 00:00:00+08:00,0.10973166674375534,0.10973166674375534,0.10973166674375534,0.10973166674375534,85000,0.0,0.0
2008-04-10 00:00:00+08:00,0.11316080391407013,0.11316080391407013,0.11316080391407013,0.11316080391407013,275000,0.0,0.0
2008-04-11 00:00:00+08:00,0.11316080524392517,0.11316080524392517,0.09944433718919754,0.09944433718919754,1174000,0.0,0.0
2008-04-14 00:00:00+08:00,0.096015210826941,0.096015210826941,0.08229874994747272,0.08915697783231735,1237000,0.0,0.0
2008-04-15 00:00:00+08:00,0.0891569784698592,0.09258610010147095,0.0891569784698592,0.09258610010147095,578000,0.0,0.0
2008-04-16 00:00:00+08:00,0.09258609620184034,0.09601520746946335,0.09258609620184034,0.09601520746946335,439000,0.0,0.0
2008-04-17 00:00:00+08:00,0.09601520746946335,0.09601520746946335,0.09258609620184034,0.09601520746946335,737000,0.0,0.0
2008-04-18 00:00:00+08:00,0.0891569784698592,0.09258610010147095,0.0891569784698592,0.09258610010147095,550000,0.0,0.0
2008-04-21 00:00:00+08:00,0.09258610010147095,0.09258610010147095,0.0891569784698592,0.09258610010147095,140000,0.0,0.0
2008-04-22 00:00:00+08:00,0.0891569784698592,0.09258610010147095,0.0891569784698592,0.09258610010147095,670000,0.0,0.0
2008-04-23 00:00:00+08:00,0.09258610010147095,0.09258610010147095,0.09258610010147095,0.09258610010147095,0,0.0,0.0
2008-04-24 00:00:00+08:00,0.08915697783231735,0.08915697783231735,0.08572786644478454,0.08915697783231735,427000,0.0,0.0
2008-04-25 00:00:00+08:00,0.08915697783231735,0.08915697783231735,0.08572786644478454,0.08915697783231735,368000,0.0,0.0
2008-04-28 00:00:00+08:00,0.08915697783231735,0.09258609943940821,0.08915697783231735,0.08915697783231735,941000,0.0,0.0
2008-04-29 00:00:00+08:00,0.09258609943940821,0.09258609943940821,0.08915697783231735,0.08915697783231735,141000,0.0,0.0
2008-04-30 00:00:00+08:00,0.09258609943940821,0.09258609943940821,0.08915697783231735,0.08915697783231735,50000,0.0,0.0
2008-05-02 00:00:00+08:00,0.08915697783231735,0.08915697783231735,0.08915697783231735,0.08915697783231735,289000,0.0,0.0
2008-05-05 00:00:00+08:00,0.0891569784698592,0.09258610010147095,0.0891569784698592,0.09258610010147095,1001000,0.0,0.0
2008-05-06 00:00:00+08:00,0.09258610010147095,0.09258610010147095,0.0891569784698592,0.09258610010147095,1520000,0.0,0.0
2008-05-07 00:00:00+08:00,0.08915697471465965,0.09601520746946335,0.08915697471465965,0.09601520746946335,2405000,0.0,0.0
2008-05-08 00:00:00+08:00,0.09601521151352457,0.09601521151352457,0.09258610010147095,0.09258610010147095,659000,0.0,0.0
2008-05-09 00:00:00+08:00,0.09258610010147095,0.09258610010147095,0.09258610010147095,0.09258610010147095,630000,0.0,0.0
2008-05-12 00:00:00+08:00,0.0891569784698592,0.09258610010147095,0.0891569784698592,0.09258610010147095,362000,0.0,0.0
2008-05-13 00:00:00+08:00,0.09258610010147095,0.09601521151352457,0.09258610010147095,0.09258610010147095,125000,0.0,0.0
2008-05-14 00:00:00+08:00,0.09258609943940821,0.09258609943940821,0.08915697783231735,0.08915697783231735,399000,0.0,0.0
2008-05-15 00:00:00+08:00,0.08915697783231735,0.08915697783231735,0.08915697783231735,0.08915697783231735,168000,0.0,0.0
2008-05-16 00:00:00+08:00,0.09258610010147095,0.09258610010147095,0.0891569784698592,0.09258610010147095,283000,0.0,0.0
2008-05-20 00:00:00+08:00,0.09258609943940821,0.09258609943940821,0.08915697783231735,0.08915697783231735,82000,0.0,0.0
2008-05-21 00:00:00+08:00,0.0891569784698592,0.09258610010147095,0.0891569784698592,0.09258610010147095,68000,0.0,0.0
2008-05-22 00:00:00+08:00,0.08915697783231735,0.08915697783231735,0.08915697783231735,0.08915697783231735,117000,0.0,0.0
2008-05-23 00:00:00+08:00,0.08915697783231735,0.08915697783231735,0.08915697783231735,0.08915697783231735,102000,0.0,0.0
2008-05-26 00:00:00+08:00,0.09258609943940821,0.09258609943940821,0.08915697783231735,0.08915697783231735,55000,0.0,0.0
2008-05-27 00:00:00+08:00,0.08915697783231735,0.08915697783231735,0.08915697783231735,0.08915697783231735,210000,0.0,0.0
2008-05-28 00:00:00+08:00,0.09258610010147095,0.09258610010147095,0.08572786705780558,0.09258610010147095,133000,0.0,0.0
2008-05-29 00:00:00+08:00,0.09258610010147095,0.09258610010147095,0.0891569784698592,0.09258610010147095,122000,0.0,0.0
2008-05-30 00:00:00+08:00,0.09258610010147095,0.09258610010147095,0.09258610010147095,0.09258610010147095,0,0.0,0.0
2008-06-02 00:00:00+08:00,0.08572785556316376,0.08572785556316376,0.08572785556316376,0.08572785556316376,46000,0.0,0.0
2008-06-03 00:00:00+08:00,0.08572786644478454,0.08915697783231735,0.08572786644478454,0.08915697783231735,32000,0.0,0.0
2008-06-04 00:00:00+08:00,0.08915697783231735,0.08915697783231735,0.08915697783231735,0.08915697783231735,15000,0.0,0.0
2008-06-05 00:00:00+08:00,0.08915697783231735,0.08915697783231735,0.08915697783231735,0.08915697783231735,0,0.0,0.0
2008-06-06 00:00:00+08:00,0.08915697783231735,0.08915697783231735,0.08915697783231735,0.08915697783231735,60000,0.0,0.0
2008-06-09 00:00:00+08:00,0.08572785556316376,0.08915696651543215,0.08572785556316376,0.08572785556316376,39000,0.0,0.0
2008-06-10 00:00:00+08:00,0.08572785556316376,0.08572785556316376,0.08572785556316376,0.08572785556316376,50000,0.0,0.0
2008-06-11 00:00:00+08:00,0.08572785556316376,0.08915696651543215,0.08572785556316376,0.08572785556316376,60000,0.0,0.0
2008-06-12 00:00:00+08:00,0.08572785556316376,0.08572785556316376,0.08572785556316376,0.08572785556316376,0,0.0,0.0
2008-06-13 00:00:00+08:00,0.08572785556316376,0.08572785556316376,0.08572785556316376,0.08572785556316376,0,0.0,0.0
2008-06-16 00:00:00+08:00,0.08572787238049222,0.08572787238049222,0.08229875564575195,0.08229875564575195,123000,0.0,0.0
2008-06-17 00:00:00+08:00,0.08229875564575195,0.08229875564575195,0.08229875564575195,0.08229875564575195,0,0.0,0.0
2008-06-18 00:00:00+08:00,0.08229875564575195,0.08229875564575195,0.08229875564575195,0.08229875564575195,0,0.0,0.0
2008-06-19 00:00:00+08:00,0.08572787238049222,0.08572787238049222,0.08229875564575195,0.08229875564575195,113000,0.0,0.0
2008-06-20 00:00:00+08:00,0.08572785556316376,0.08572785556316376,0.08572785556316376,0.08572785556316376,3000,0.0,0.0
2008-06-23 00:00:00+08:00,0.08572785556316376,0.08572785556316376,0.08572785556316376,0.08572785556316376,0,0.0,0.0
2008-06-24 00:00:00+08:00,0.08572785556316376,0.08572785556316376,0.08572785556316376,0.08572785556316376,0,0.0,0.0
2008-06-25 00:00:00+08:00,0.08572785556316376,0.08572785556316376,0.08572785556316376,0.08572785556316376,0,0.0,0.0
2008-06-26 00:00:00+08:00,0.08572785556316376,0.08572785556316376,0.08572785556316376,0.08572785556316376,40000,0.0,0.0
2008-06-27 00:00:00+08:00,0.08572785556316376,0.08572785556316376,0.08572785556316376,0.08572785556316376,0,0.0,0.0
2008-06-30 00:00:00+08:00,0.08572785556316376,0.08572785556316376,0.08572785556316376,0.08572785556316376,20000,0.0,0.0
2008-07-01 00:00:00+08:00,0.08229873950111699,0.08572785556316376,0.07544051248680184,0.08572785556316376,61000,0.0,0.0
2008-07-02 00:00:00+08:00,0.08572785556316376,0.08572785556316376,0.08572785556316376,0.08572785556316376,0,0.0,0.0
2008-07-03 00:00:00+08:00,0.08572785556316376,0.08572785556316376,0.08572785556316376,0.08572785556316376,0,0.0,0.0
2008-07-04 00:00:00+08:00,0.08229873950111699,0.08572785556316376,0.08229873950111699,0.08572785556316376,72000,0.0,0.0
2008-07-07 00:00:00+08:00,0.08229875564575195,0.08229875564575195,0.08229875564575195,0.08229875564575195,30000,0.0,0.0
2008-07-08 00:00:00+08:00,0.0754405272860508,0.08229875564575195,0.0754405272860508,0.08229875564575195,105000,0.0,0.0
2008-07-09 00:00:00+08:00,0.08229875564575195,0.08229875564575195,0.08229875564575195,0.08229875564575195,0,0.0,0.0
2008-07-10 00:00:00+08:00,0.06858229892634965,0.08229875564575195,0.06858229892634965,0.08229875564575195,153000,0.0,0.0
2008-07-11 00:00:00+08:00,0.07544051855802536,0.08229874612426981,0.07544051855802536,0.07544051855802536,142000,0.0,0.0
2008-07-14 00:00:00+08:00,0.0754405272860508,0.08229875564575195,0.0754405272860508,0.08229875564575195,177000,0.0,0.0
2008-07-15 00:00:00+08:00,0.08229875564575195,0.08229875564575195,0.08229875564575195,0.08229875564575195,0,0.0,0.0
2008-07-16 00:00:00+08:00,0.07544052423129145,0.07886964082717896,0.07544052423129145,0.07886964082717896,177000,0.0,0.0
2008-07-17 00:00:00+08:00,0.07886964082717896,0.07886964082717896,0.07886964082717896,0.07886964082717896,0,0.0,0.0
2008-07-18 00:00:00+08:00,0.07886964082717896,0.07886964082717896,0.07886964082717896,0.07886964082717896,35000,0.0,0.0
2008-07-21 00:00:00+08:00,0.07201140763540397,0.07886964082717896,0.07201140763540397,0.07886964082717896,34000,0.0,0.0
2008-07-22 00:00:00+08:00,0.07886964082717896,0.07886964082717896,0.07886964082717896,0.07886964082717896,0,0.0,0.0
2008-07-23 00:00:00+08:00,0.07886964082717896,0.07886964082717896,0.07201140763540397,0.07886964082717896,101000,0.0,0.0
2008-07-24 00:00:00+08:00,0.07886964082717896,0.07886964082717896,0.07886964082717896,0.07886964082717896,0,0.0,0.0
2008-07-25 00:00:00+08:00,0.07886964082717896,0.07886964082717896,0.07886964082717896,0.07886964082717896,0,0.0,0.0
2008-07-28 00:00:00+08:00,0.07544052423129145,0.07886964082717896,0.07544052423129145,0.07886964082717896,51000,0.0,0.0
2008-07-29 00:00:00+08:00,0.07886964082717896,0.07886964082717896,0.07886964082717896,0.07886964082717896,0,0.0,0.0
2008-07-30 00:00:00+08:00,0.07886964082717896,0.07886964082717896,0.07886964082717896,0.07886964082717896,0,0.0,0.0
2008-07-31 00:00:00+08:00,0.07886964082717896,0.07886964082717896,0.07886964082717896,0.07886964082717896,0,0.0,0.0
2008-08-01 00:00:00+08:00,0.07544051855802536,0.07544051855802536,0.07544051855802536,0.07544051855802536,8000,0.0,0.0
2008-08-04 00:00:00+08:00,0.06858229614929565,0.07886964082717896,0.06858229614929565,0.07886964082717896,36000,0.0,0.0
2008-08-05 00:00:00+08:00,0.07886964082717896,0.07886964082717896,0.07886964082717896,0.07886964082717896,0,0.0,0.0
2008-08-06 00:00:00+08:00,0.07886964082717896,0.07886964082717896,0.07886964082717896,0.07886964082717896,0,0.0,0.0
2008-08-07 00:00:00+08:00,0.07886964082717896,0.07886964082717896,0.07886964082717896,0.07886964082717896,0,0.0,0.0
2008-08-08 00:00:00+08:00,0.07886964082717896,0.07886964082717896,0.07886964082717896,0.07886964082717896,0,0.0,0.0
2008-08-11 00:00:00+08:00,0.07544051855802536,0.07544051855802536,0.07544051855802536,0.07544051855802536,20000,0.0,0.0
2008-08-12 00:00:00+08:00,0.0754405272860508,0.08229875564575195,0.0754405272860508,0.08229875564575195,78000,0.0,0.0
2008-08-13 00:00:00+08:00,0.08229875564575195,0.08229875564575195,0.08229875564575195,0.08229875564575195,0,0.0,0.0
2008-08-14 00:00:00+08:00,0.08229875564575195,0.08229875564575195,0.08229875564575195,0.08229875564575195,0,0.0,0.0
2008-08-15 00:00:00+08:00,0.08229875564575195,0.08229875564575195,0.08229875564575195,0.08229875564575195,0,0.0,0.0
2008-08-18 00:00:00+08:00,0.0754405272860508,0.08229875564575195,0.0754405272860508,0.08229875564575195,54000,0.0,0.0
2008-08-19 00:00:00+08:00,0.08229875564575195,0.08229875564575195,0.08229875564575195,0.08229875564575195,0,0.0,0.0
2008-08-20 00:00:00+08:00,0.07201141055131054,0.08229875564575195,0.07201141055131054,0.08229875564575195,66000,0.0,0.0
2008-08-21 00:00:00+08:00,0.08229875564575195,0.08229875564575195,0.08229875564575195,0.08229875564575195,1000,0.0,0.0
2008-08-22 00:00:00+08:00,0.07201140373945236,0.07201140373945236,0.06858229243886538,0.07201140373945236,733000,0.0,0.0
2008-08-25 00:00:00+08:00,0.07201140004556722,0.0754405162800337,0.06858228892087936,0.06858228892087936,472000,0.0,0.0
2008-08-26 00:00:00+08:00,0.06858228892087936,0.06858228892087936,0.06515317268641287,0.06858228892087936,181000,0.0,0.0
2008-08-27 00:00:00+08:00,0.06858228892087936,0.06858228892087936,0.06858228892087936,0.06858228892087936,0,0.0,0.0
2008-08-28 00:00:00+08:00,0.061724066734313965,0.061724066734313965,0.061724066734313965,0.061724066734313965,100000,0.0,0.0
2008-08-29 00:00:00+08:00,0.06172405584465272,0.06515316665172577,0.06172405584465272,0.06515316665172577,131000,0.0,0.0
2008-09-01 00:00:00+08:00,0.06172405584465272,0.06515316665172577,0.06172405584465272,0.06515316665172577,268000,0.0,0.0
2008-09-02 00:00:00+08:00,0.06515316665172577,0.06515316665172577,0.06172405584465272,0.06515316665172577,269000,0.0,0.0
2008-09-03 00:00:00+08:00,0.061724066734313965,0.061724066734313965,0.061724066734313965,0.061724066734313965,35000,0.0,0.0
2008-09-04 00:00:00+08:00,0.061724066734313965,0.061724066734313965,0.061724066734313965,0.061724066734313965,20000,0.0,0.0
2008-09-05 00:00:00+08:00,0.06172405584465272,0.06515316665172577,0.06172405584465272,0.06515316665172577,51000,0.0,0.0
2008-09-08 00:00:00+08:00,0.06515317268641287,0.06858228892087936,0.06172406156172502,0.06858228892087936,392000,0.0,0.0
2008-09-09 00:00:00+08:00,0.06172406156172502,0.06858228892087936,0.06172406156172502,0.06858228892087936,162000,0.0,0.0
2008-09-10 00:00:00+08:00,0.06858228892087936,0.06858228892087936,0.06858228892087936,0.06858228892087936,0,0.0,0.0
2008-09-11 00:00:00+08:00,0.06172406156172502,0.06858228892087936,0.06172406156172502,0.06858228892087936,202000,0.0,0.0
2008-09-12 00:00:00+08:00,0.06172405584465272,0.06515316665172577,0.06172405584465272,0.06515316665172577,121000,0.0,0.0
2008-09-15 00:00:00+08:00,0.061724066734313965,0.061724066734313965,0.05829495021248128,0.061724066734313965,160000,0.0,0.0
2008-09-16 00:00:00+08:00,0.0548658336906486,0.061724066734313965,0.0548658336906486,0.061724066734313965,152000,0.0,0.0
2008-09-17 00:00:00+08:00,0.061724066734313965,0.061724066734313965,0.061724066734313965,0.061724066734313965,40000,0.0,0.0
2008-09-18 00:00:00+08:00,0.06172406472791251,0.07201140373945236,0.054865831907180744,0.07201140373945236,408000,0.0,0.0
2008-09-19 00:00:00+08:00,0.06858229243886538,0.07201140373945236,0.06858229243886538,0.07201140373945236,262000,0.0,0.0
2008-09-22 00:00:00+08:00,0.07201140373945236,0.07201140373945236,0.07201140373945236,0.07201140373945236,30000,0.0,0.0
2008-09-23 00:00:00+08:00,0.07201140373945236,0.07201140373945236,0.07201140373945236,0.07201140373945236,0,0.0,0.0
2008-09-24 00:00:00+08:00,0.07201140373945236,0.07201140373945236,0.07201140373945236,0.07201140373945236,10000,0.0,0.0
2008-09-25 00:00:00+08:00,0.07201140373945236,0.07201140373945236,0.07201140373945236,0.07201140373945236,0,0.0,0.0
2008-09-26 00:00:00+08:00,0.07201140373945236,0.07201140373945236,0.07201140373945236,0.07201140373945236,0,0.0,0.0
2008-09-29 00:00:00+08:00,0.07201140373945236,0.07201140373945236,0.07201140373945236,0.07201140373945236,0,0.0,0.0
2008-09-30 00:00:00+08:00,0.054865829092792036,0.07201140004556722,0.054865829092792036,0.06858228892087936,133000,0.0,0.0
2008-10-02 00:00:00+08:00,0.06515317268641287,0.06858228892087936,0.06515317268641287,0.06858228892087936,47000,0.0,0.0
2008-10-03 00:00:00+08:00,0.06858228892087936,0.06858228892087936,0.06858228892087936,0.06858228892087936,0,0.0,0.0
2008-10-06 00:00:00+08:00,0.054865829092792036,0.06858228892087936,0.054865829092792036,0.06858228892087936,81000,0.0,0.0
2008-10-07 00:00:00+08:00,0.061724064593340316,0.061724064593340316,0.05829494819045067,0.05829494819045067,30000,0.0,0.0
2008-10-08 00:00:00+08:00,0.058294949873787166,0.058294949873787166,0.05486583337187767,0.05486583337187767,20000,0.0,0.0
2008-10-09 00:00:00+08:00,0.0548658336906486,0.0548658336906486,0.04114937526798645,0.05143672227859497,425000,0.0,0.0
2008-10-10 00:00:00+08:00,0.04457849200272655,0.04800760873746682,0.04114937782287598,0.04114937782287598,130000,0.0,0.0
2008-10-13 00:00:00+08:00,0.04114937782287598,0.04114937782287598,0.04114937782287598,0.04114937782287598,120000,0.0,0.0
2008-10-14 00:00:00+08:00,0.051436721910782336,0.051436721910782336,0.044578488916158676,0.044578488916158676,581000,0.0,0.0
2008-10-15 00:00:00+08:00,0.044578487357329825,0.048007603734731674,0.041149373534817395,0.048007603734731674,260000,0.0,0.0
2008-10-16 00:00:00+08:00,0.044578487357329825,0.048007603734731674,0.041149373534817395,0.048007603734731674,229000,0.0,0.0
2008-10-17 00:00:00+08:00,0.04114937782287598,0.04114937782287598,0.04114937782287598,0.04114937782287598,220000,0.0,0.0
2008-10-20 00:00:00+08:00,0.044578488916158676,0.044578488916158676,0.044578488916158676,0.044578488916158676,130000,0.0,0.0
2008-10-21 00:00:00+08:00,0.04457849200272655,0.04457849200272655,0.0377202636430254,0.04114937782287598,579000,0.0,0.0
2008-10-22 00:00:00+08:00,0.041149373062134904,0.041149373062134904,0.03772025927901268,0.03772025927901268,240000,0.0,0.0
2008-10-23 00:00:00+08:00,0.03772026103131404,0.044578488916158676,0.03772026103131404,0.044578488916158676,113000,0.0,0.0
2008-10-24 00:00:00+08:00,0.044578488916158676,0.044578488916158676,0.04114937497373636,0.044578488916158676,718000,0.0,0.0
2008-10-27 00:00:00+08:00,0.044578488916158676,0.044578488916158676,0.044578488916158676,0.044578488916158676,0,0.0,0.0
2008-10-29 00:00:00+08:00,0.04800760873746682,0.04800760873746682,0.04114937782287598,0.04114937782287598,582000,0.0,0.0
2008-10-30 00:00:00+08:00,0.044578488916158676,0.044578488916158676,0.044578488916158676,0.044578488916158676,351000,0.0,0.0
2008-10-31 00:00:00+08:00,0.0480076054134705,0.0480076054134705,0.044578488916158676,0.044578488916158676,163000,0.0,0.0
2008-11-03 00:00:00+08:00,0.0480076054134705,0.0480076054134705,0.044578488916158676,0.044578488916158676,310000,0.0,0.0
2008-11-04 00:00:00+08:00,0.04800760575676229,0.05143672227859497,0.04800760575676229,0.05143672227859497,120000,0.0,0.0
2008-11-05 00:00:00+08:00,0.05143672011213352,0.05143672011213352,0.048007603734731674,0.048007603734731674,356000,0.0,0.0
2008-11-06 00:00:00+08:00,0.05143672011213352,0.05143672011213352,0.048007603734731674,0.048007603734731674,82000,0.0,0.0
2008-11-07 00:00:00+08:00,0.048007603734731674,0.048007603734731674,0.044578487357329825,0.048007603734731674,1987000,0.0,0.0
2008-11-10 00:00:00+08:00,0.048007603734731674,0.048007603734731674,0.048007603734731674,0.048007603734731674,90000,0.0,0.0
2008-11-11 00:00:00+08:00,0.048007603734731674,0.048007603734731674,0.048007603734731674,0.048007603734731674,350000,0.0,0.0
2008-11-12 00:00:00+08:00,0.048007603734731674,0.048007603734731674,0.048007603734731674,0.048007603734731674,0,0.0,0.0
2008-11-13 00:00:00+08:00,0.044578488916158676,0.044578488916158676,0.044578488916158676,0.044578488916158676,260000,0.0,0.0
2008-11-14 00:00:00+08:00,0.04800760575676229,0.05143672227859497,0.04800760575676229,0.05143672227859497,130000,0.0,0.0
2008-11-17 00:00:00+08:00,0.048007603734731674,0.048007603734731674,0.044578487357329825,0.048007603734731674,701000,0.0,0.0
2008-11-18 00:00:00+08:00,0.04800760873746682,0.04800760873746682,0.04114937782287598,0.04114937782287598,397000,0.0,0.0
2008-11-19 00:00:00+08:00,0.044578488916158676,0.044578488916158676,0.044578488916158676,0.044578488916158676,337000,0.0,0.0
2008-11-20 00:00:00+08:00,0.044578488916158676,0.044578488916158676,0.04114937497373636,0.044578488916158676,290000,0.0,0.0
2008-11-21 00:00:00+08:00,0.044578488916158676,0.044578488916158676,0.044578488916158676,0.044578488916158676,0,0.0,0.0
2008-11-24 00:00:00+08:00,0.044578488916158676,0.044578488916158676,0.044578488916158676,0.044578488916158676,100000,0.0,0.0
2008-11-25 00:00:00+08:00,0.044578488916158676,0.044578488916158676,0.044578488916158676,0.044578488916158676,0,0.0,0.0
2008-11-26 00:00:00+08:00,0.044578488916158676,0.044578488916158676,0.044578488916158676,0.044578488916158676,0,0.0,0.0
2008-11-27 00:00:00+08:00,0.0480076054134705,0.0480076054134705,0.044578488916158676,0.044578488916158676,155000,0.0,0.0
2008-11-28 00:00:00+08:00,0.044578487357329825,0.048007603734731674,0.044578487357329825,0.048007603734731674,100000,0.0,0.0
2008-12-01 00:00:00+08:00,0.048007603734731674,0.048007603734731674,0.048007603734731674,0.048007603734731674,0,0.0,0.0
2008-12-02 00:00:00+08:00,0.044578488916158676,0.044578488916158676,0.044578488916158676,0.044578488916158676,40000,0.0,0.0
2008-12-03 00:00:00+08:00,0.044578488916158676,0.044578488916158676,0.044578488916158676,0.044578488916158676,0,0.0,0.0
2008-12-04 00:00:00+08:00,0.044578488916158676,0.044578488916158676,0.044578488916158676,0.044578488916158676,30000,0.0,0.0
2008-12-05 00:00:00+08:00,0.044578488916158676,0.044578488916158676,0.044578488916158676,0.044578488916158676,65000,0.0,0.0
2008-12-09 00:00:00+08:00,0.044578488916158676,0.044578488916158676,0.044578488916158676,0.044578488916158676,48000,0.0,0.0
2008-12-10 00:00:00+08:00,0.048007603734731674,0.048007603734731674,0.048007603734731674,0.048007603734731674,130000,0.0,0.0
2008-12-11 00:00:00+08:00,0.048007603734731674,0.048007603734731674,0.048007603734731674,0.048007603734731674,0,0.0,0.0
2008-12-12 00:00:00+08:00,0.048007603734731674,0.048007603734731674,0.048007603734731674,0.048007603734731674,0,0.0,0.0
2008-12-15 00:00:00+08:00,0.048007603734731674,0.048007603734731674,0.048007603734731674,0.048007603734731674,250000,0.0,0.0
2008-12-16 00:00:00+08:00,0.048007603734731674,0.048007603734731674,0.048007603734731674,0.048007603734731674,16000,0.0,0.0
2008-12-17 00:00:00+08:00,0.048007603734731674,0.048007603734731674,0.048007603734731674,0.048007603734731674,0,0.0,0.0
2008-12-18 00:00:00+08:00,0.048007603734731674,0.048007603734731674,0.048007603734731674,0.048007603734731674,0,0.0,0.0
2008-12-19 00:00:00+08:00,0.048007603734731674,0.048007603734731674,0.048007603734731674,0.048007603734731674,0,0.0,0.0
2008-12-22 00:00:00+08:00,0.048007603734731674,0.048007603734731674,0.048007603734731674,0.048007603734731674,136000,0.0,0.0
2008-12-23 00:00:00+08:00,0.048007603734731674,0.048007603734731674,0.048007603734731674,0.048007603734731674,0,0.0,0.0
2008-12-24 00:00:00+08:00,0.044578488916158676,0.044578488916158676,0.044578488916158676,0.044578488916158676,4000,0.0,0.0
2008-12-26 00:00:00+08:00,0.044578488916158676,0.044578488916158676,0.044578488916158676,0.044578488916158676,0,0.0,0.0
2008-12-29 00:00:00+08:00,0.044578488916158676,0.044578488916158676,0.044578488916158676,0.044578488916158676,0,0.0,0.0
2008-12-30 00:00:00+08:00,0.044578488916158676,0.044578488916158676,0.044578488916158676,0.044578488916158676,0,0.0,0.0
2008-12-31 00:00:00+08:00,0.05143672227859497,0.05143672227859497,0.05143672227859497,0.05143672227859497,100000,0.0,0.0
2009-01-02 00:00:00+08:00,0.05143672227859497,0.0548658336906486,0.05143672227859497,0.05143672227859497,289000,0.0,0.0
2009-01-05 00:00:00+08:00,0.05143672227859497,0.0548658336906486,0.05143672227859497,0.05143672227859497,207000,0.0,0.0
2009-01-06 00:00:00+08:00,0.05143672227859497,0.05143672227859497,0.05143672227859497,0.05143672227859497,80000,0.0,0.0
2009-01-07 00:00:00+08:00,0.05143672227859497,0.05143672227859497,0.05143672227859497,0.05143672227859497,400000,0.0,0.0
2009-01-08 00:00:00+08:00,0.053579919040203094,0.053579919040203094,0.053579919040203094,0.053579919040203094,100000,0.003,0.0
2009-01-09 00:00:00+08:00,0.057151909917593,0.057151909917593,0.057151909917593,0.057151909917593,50000,0.0,0.0
2009-01-12 00:00:00+08:00,0.0464359261427085,0.057151909917593,0.0464359261427085,0.057151909917593,63000,0.0,0.0
2009-01-13 00:00:00+08:00,0.053579919040203094,0.053579919040203094,0.053579919040203094,0.053579919040203094,76000,0.0,0.0
2009-01-14 00:00:00+08:00,0.046435926286385,0.053579919040203094,0.046435926286385,0.053579919040203094,25000,0.0,0.0
2009-01-15 00:00:00+08:00,0.053579919040203094,0.053579919040203094,0.053579919040203094,0.053579919040203094,0,0.0,0.0
2009-01-16 00:00:00+08:00,0.05000792071223259,0.05000792071223259,0.05000792071223259,0.05000792071223259,50000,0.0,0.0
2009-01-19 00:00:00+08:00,0.04643592610955238,0.04643592610955238,0.04643592610955238,0.04643592610955238,68000,0.0,0.0
2009-01-20 00:00:00+08:00,0.04643592610955238,0.04643592610955238,0.04643592610955238,0.04643592610955238,100000,0.0,0.0
2009-01-21 00:00:00+08:00,0.042863935232162476,0.042863935232162476,0.042863935232162476,0.042863935232162476,30000,0.0,0.0
2009-01-22 00:00:00+08:00,0.042863935232162476,0.042863935232162476,0.042863935232162476,0.042863935232162476,0,0.0,0.0
2009-01-23 00:00:00+08:00,0.042863935232162476,0.042863935232162476,0.042863935232162476,0.042863935232162476,0,0.0,0.0
2009-01-28 00:00:00+08:00,0.042863935232162476,0.042863935232162476,0.042863935232162476,0.042863935232162476,0,0.0,0.0
2009-01-29 00:00:00+08:00,0.042863935232162476,0.042863935232162476,0.042863935232162476,0.042863935232162476,200000,0.0,0.0
2009-01-30 00:00:00+08:00,0.04643592610955238,0.04643592610955238,0.04643592610955238,0.04643592610955238,90000,0.0,0.0
2009-02-02 00:00:00+08:00,0.04643592610955238,0.04643592610955238,0.04643592610955238,0.04643592610955238,0,0.0,0.0
2009-02-03 00:00:00+08:00,0.04643592610955238,0.04643592610955238,0.04643592610955238,0.04643592610955238,0,0.0,0.0
2009-02-04 00:00:00+08:00,0.050007922472858915,0.050007922472858915,0.04643592610955238,0.04643592610955238,188000,0.0,0.0
2009-02-05 00:00:00+08:00,0.04643592610955238,0.04643592610955238,0.04643592610955238,0.04643592610955238,0,0.0,0.0
2009-02-06 00:00:00+08:00,0.05000792071223259,0.05000792071223259,0.05000792071223259,0.05000792071223259,28000,0.0,0.0
2009-02-09 00:00:00+08:00,0.046435926286385,0.053579919040203094,0.046435926286385,0.053579919040203094,616000,0.0,0.0
2009-02-10 00:00:00+08:00,0.053579919040203094,0.053579919040203094,0.053579919040203094,0.053579919040203094,0,0.0,0.0
2009-02-11 00:00:00+08:00,0.053579919040203094,0.053579919040203094,0.053579919040203094,0.053579919040203094,0,0.0,0.0
2009-02-12 00:00:00+08:00,0.053579919040203094,0.053579919040203094,0.053579919040203094,0.053579919040203094,0,0.0,0.0
2009-02-13 00:00:00+08:00,0.053579919040203094,0.053579919040203094,0.053579919040203094,0.053579919040203094,0,0.0,0.0
2009-02-16 00:00:00+08:00,0.053579919040203094,0.053579919040203094,0.053579919040203094,0.053579919040203094,0,0.0,0.0
2009-02-17 00:00:00+08:00,0.053579919040203094,0.053579919040203094,0.053579919040203094,0.053579919040203094,0,0.0,0.0
2009-02-18 00:00:00+08:00,0.053579919040203094,0.053579919040203094,0.053579919040203094,0.053579919040203094,0,0.0,0.0
2009-02-19 00:00:00+08:00,0.05000792071223259,0.05000792071223259,0.05000792071223259,0.05000792071223259,30000,0.0,0.0
2009-02-20 00:00:00+08:00,0.053579919040203094,0.053579919040203094,0.053579919040203094,0.053579919040203094,37000,0.0,0.0
2009-02-23 00:00:00+08:00,0.053579919040203094,0.053579919040203094,0.053579919040203094,0.053579919040203094,0,0.0,0.0
2009-02-24 00:00:00+08:00,0.053579919040203094,0.053579919040203094,0.053579919040203094,0.053579919040203094,0,0.0,0.0
2009-02-25 00:00:00+08:00,0.050007919788045536,0.06786789000034332,0.050007919788045536,0.06786789000034332,51000,0.0,0.0
2009-02-26 00:00:00+08:00,0.06786789000034332,0.06786789000034332,0.06786789000034332,0.06786789000034332,0,0.0,0.0
2009-02-27 00:00:00+08:00,0.06786789000034332,0.06786789000034332,0.06786789000034332,0.06786789000034332,0,0.0,0.0
2009-03-02 00:00:00+08:00,0.06786789000034332,0.06786789000034332,0.06786789000034332,0.06786789000034332,0,0.0,0.0
2009-03-03 00:00:00+08:00,0.06786789000034332,0.06786789000034332,0.06786789000034332,0.06786789000034332,0,0.0,0.0
2009-03-04 00:00:00+08:00,0.06786789000034332,0.06786789000034332,0.06786789000034332,0.06786789000034332,0,0.0,0.0
2009-03-05 00:00:00+08:00,0.06786789000034332,0.06786789000034332,0.06786789000034332,0.06786789000034332,0,0.0,0.0
2009-03-06 00:00:00+08:00,0.06786789000034332,0.06786789000034332,0.06786789000034332,0.06786789000034332,0,0.0,0.0
2009-03-09 00:00:00+08:00,0.06786789000034332,0.06786789000034332,0.06786789000034332,0.06786789000034332,0,0.0,0.0
2009-03-10 00:00:00+08:00,0.0464359261427085,0.057151909917593,0.0464359261427085,0.057151909917593,38000,0.0,0.0
2009-03-11 00:00:00+08:00,0.057151909917593,0.057151909917593,0.057151909917593,0.057151909917593,0,0.0,0.0
2009-03-12 00:00:00+08:00,0.057151909917593,0.057151909917593,0.057151909917593,0.057151909917593,0,0.0,0.0
2009-03-13 00:00:00+08:00,0.050007922472858915,0.050007922472858915,0.04643592610955238,0.04643592610955238,68000,0.0,0.0
2009-03-16 00:00:00+08:00,0.04643592610955238,0.04643592610955238,0.04643592610955238,0.04643592610955238,0,0.0,0.0
2009-03-17 00:00:00+08:00,0.05000792071223259,0.05000792071223259,0.05000792071223259,0.05000792071223259,49000,0.0,0.0
2009-03-18 00:00:00+08:00,0.05000792071223259,0.05000792071223259,0.05000792071223259,0.05000792071223259,0,0.0,0.0
2009-03-19 00:00:00+08:00,0.05000792071223259,0.05000792071223259,0.05000792071223259,0.05000792071223259,0,0.0,0.0
2009-03-20 00:00:00+08:00,0.05000792071223259,0.05000792071223259,0.05000792071223259,0.05000792071223259,0,0.0,0.0
2009-03-23 00:00:00+08:00,0.04643592610955238,0.04643592610955238,0.04643592610955238,0.04643592610955238,13000,0.0,0.0
2009-03-24 00:00:00+08:00,0.05000792071223259,0.05000792071223259,0.05000792071223259,0.05000792071223259,123000,0.0,0.0
2009-03-25 00:00:00+08:00,0.05000792071223259,0.05000792071223259,0.05000792071223259,0.05000792071223259,27000,0.0,0.0
2009-03-26 00:00:00+08:00,0.05000792071223259,0.05000792071223259,0.05000792071223259,0.05000792071223259,275000,0.0,0.0
2009-03-27 00:00:00+08:00,0.05000792266329405,0.053579919040203094,0.05000792266329405,0.053579919040203094,85000,0.0,0.0
2009-03-30 00:00:00+08:00,0.05000792071223259,0.05000792071223259,0.05000792071223259,0.05000792071223259,90000,0.0,0.0
2009-03-31 00:00:00+08:00,0.05000792071223259,0.05000792071223259,0.05000792071223259,0.05000792071223259,0,0.0,0.0
2009-04-01 00:00:00+08:00,0.04643592447468515,0.05000792071223259,0.04643592447468515,0.05000792071223259,95000,0.0,0.0
2009-04-02 00:00:00+08:00,0.05000792071223259,0.05000792071223259,0.05000792071223259,0.05000792071223259,163000,0.0,0.0
2009-04-03 00:00:00+08:00,0.05000792071223259,0.05000792071223259,0.05000792071223259,0.05000792071223259,0,0.0,0.0
2009-04-06 00:00:00+08:00,0.05000792071223259,0.05000792071223259,0.05000792071223259,0.05000792071223259,70000,0.0,0.0
2009-04-07 00:00:00+08:00,0.05000792071223259,0.05000792071223259,0.05000792071223259,0.05000792071223259,0,0.0,0.0
2009-04-08 00:00:00+08:00,0.05000792071223259,0.05000792071223259,0.05000792071223259,0.05000792071223259,120000,0.0,0.0
2009-04-09 00:00:00+08:00,0.05000792071223259,0.05000792071223259,0.05000792071223259,0.05000792071223259,0,0.0,0.0
2009-04-13 00:00:00+08:00,0.05000792071223259,0.05000792071223259,0.05000792071223259,0.05000792071223259,0,0.0,0.0
2009-04-14 00:00:00+08:00,0.053579919040203094,0.06429590284824371,0.053579919040203094,0.06429590284824371,641000,0.0,0.0
2009-04-15 00:00:00+08:00,0.06072390452027321,0.06072390452027321,0.06072390452027321,0.06072390452027321,89000,0.0,0.0
2009-04-16 00:00:00+08:00,0.06072390628345001,0.06072390628345001,0.057151909917593,0.057151909917593,103000,0.0,0.0
2009-04-17 00:00:00+08:00,0.057151909917593,0.057151909917593,0.057151909917593,0.057151909917593,50000,0.0,0.0
2009-04-20 00:00:00+08:00,0.06072390452027321,0.06072390452027321,0.06072390452027321,0.06072390452027321,170000,0.0,0.0
2009-04-21 00:00:00+08:00,0.053579919040203094,0.053579919040203094,0.053579919040203094,0.053579919040203094,50000,0.0,0.0
2009-04-22 00:00:00+08:00,0.05715191009442562,0.05715191009442562,0.053579919040203094,0.053579919040203094,50000,0.0,0.0
2009-04-23 00:00:00+08:00,0.053579919040203094,0.053579919040203094,0.053579919040203094,0.053579919040203094,31000,0.0,0.0
2009-04-24 00:00:00+08:00,0.053579919040203094,0.053579919040203094,0.053579919040203094,0.053579919040203094,0,0.0,0.0
2009-04-27 00:00:00+08:00,0.053579919040203094,0.053579919040203094,0.053579919040203094,0.053579919040203094,0,0.0,0.0
2009-04-28 00:00:00+08:00,0.053579919040203094,0.053579919040203094,0.053579919040203094,0.053579919040203094,50000,0.0,0.0
2009-04-29 00:00:00+08:00,0.05357991887442251,0.057151909917593,0.05357991887442251,0.057151909917593,255000,0.0,0.0
2009-04-30 00:00:00+08:00,0.057151909917593,0.057151909917593,0.05357991887442251,0.057151909917593,101000,0.0,0.0
2009-05-01 00:00:00+08:00,0.057151909917593,0.057151909917593,0.057151909917593,0.057151909917593,0,0.0,0.0
2009-05-04 00:00:00+08:00,0.06072390452027321,0.06072390452027321,0.06072390452027321,0.06072390452027321,5000,0.0,0.0
2009-05-05 00:00:00+08:00,0.057151909917593,0.057151909917593,0.057151909917593,0.057151909917593,80000,0.0,0.0
2009-05-06 00:00:00+08:00,0.060723902979961455,0.06786789000034332,0.060723902979961455,0.06786789000034332,145000,0.0,0.0
2009-05-07 00:00:00+08:00,0.06429590284824371,0.06429590284824371,0.06429590284824371,0.06429590284824371,250000,0.0,0.0
2009-05-08 00:00:00+08:00,0.0642958991514955,0.07143988617187737,0.0642958991514955,0.06786789000034332,738000,0.0,0.0
2009-05-11 00:00:00+08:00,0.07143988617187737,0.0750118770207252,0.06786789000034332,0.06786789000034332,634000,0.0,0.0
2009-05-12 00:00:00+08:00,0.06786789871823032,0.07501188665628433,0.06786789871823032,0.07501188665628433,123000,0.0,0.0
2009-05-13 00:00:00+08:00,0.07143989534860078,0.07501188665628433,0.07143989534860078,0.07501188665628433,554000,0.0,0.0
2009-05-14 00:00:00+08:00,0.06786789390246624,0.06786789390246624,0.06429590284824371,0.06429590284824371,250000,0.0,0.0
2009-05-15 00:00:00+08:00,0.06786788850993221,0.07501187537342874,0.06786788850993221,0.07143988460302353,194000,0.0,0.0
2009-05-18 00:00:00+08:00,0.06786789871823032,0.07501188665628433,0.06429590741054678,0.07501188665628433,795000,0.0,0.0
2009-05-19 00:00:00+08:00,0.07858387380838394,0.08572786088477714,0.07858387380838394,0.07858387380838394,3928000,0.0,0.0
2009-05-20 00:00:00+08:00,0.07858387380838394,0.07858387380838394,0.07858387380838394,0.07858387380838394,290000,0.0,0.0
2009-05-21 00:00:00+08:00,0.07501188665628433,0.07501188665628433,0.07501188665628433,0.07501188665628433,45000,0.0,0.0
2009-05-22 00:00:00+08:00,0.07501187537342874,0.07501187537342874,0.07143988460302353,0.07143988460302353,250000,0.0,0.0
2009-05-25 00:00:00+08:00,0.07501188665628433,0.07858388328665479,0.07143989534860078,0.07501188665628433,580000,0.0,0.0
2009-05-26 00:00:00+08:00,0.07501187537342874,0.07501187537342874,0.07143988460302353,0.07143988460302353,221000,0.0,0.0
2009-05-27 00:00:00+08:00,0.07501187760884422,0.07858387380838394,0.07501187760884422,0.07858387380838394,421000,0.0,0.0
2009-05-28 00:00:00+08:00,0.07858387380838394,0.07858387380838394,0.07858387380838394,0.07858387380838394,0,0.0,0.0
2009-05-29 00:00:00+08:00,0.07501187760884422,0.08215587000792367,0.07501187760884422,0.07858387380838394,559000,0.0,0.0
2009-06-01 00:00:00+08:00,0.07858388258963625,0.08572787046432495,0.07858388258963625,0.08572787046432495,1363000,0.0,0.0
2009-06-02 00:00:00+08:00,0.08215588331222534,0.08572787476752614,0.07858388653423741,0.08215588331222534,1857000,0.0,0.0
2009-06-03 00:00:00+08:00,0.07858388653423741,0.08215588331222534,0.07858388653423741,0.08215588331222534,217000,0.0,0.0
2009-06-04 00:00:00+08:00,0.07858387380838394,0.07858387380838394,0.07858387380838394,0.07858387380838394,160000,0.0,0.0
2009-06-05 00:00:00+08:00,0.07858387380838394,0.07858387380838394,0.07858387380838394,0.07858387380838394,375000,0.0,0.0
2009-06-08 00:00:00+08:00,0.07858387380838394,0.07858387380838394,0.07501187760884422,0.07858387380838394,232000,0.0,0.0
2009-06-09 00:00:00+08:00,0.07143989534860078,0.07501188665628433,0.07143989534860078,0.07501188665628433,306000,0.0,0.0
2009-06-10 00:00:00+08:00,0.07858387427663871,0.09287184851456232,0.07858387427663871,0.08929985761642456,2032000,0.0,0.0
2009-06-11 00:00:00+08:00,0.08929986706301273,0.09287185833901365,0.08572787046432495,0.08572787046432495,749000,0.0,0.0
2009-06-12 00:00:00+08:00,0.08572787046432495,0.08572787046432495,0.08572787046432495,0.08572787046432495,280000,0.0,0.0
2009-06-15 00:00:00+08:00,0.08215587000792367,0.08215587000792367,0.07858387380838394,0.07858387380838394,197000,0.0,0.0
2009-06-16 00:00:00+08:00,0.07858387380838394,0.07858387380838394,0.07858387380838394,0.07858387380838394,0,0.0,0.0
2009-06-17 00:00:00+08:00,0.07858387380838394,0.07858387380838394,0.07858387380838394,0.07858387380838394,40000,0.0,0.0
2009-06-18 00:00:00+08:00,0.07143988460302353,0.07143988460302353,0.07143988460302353,0.07143988460302353,7000,0.0,0.0
2009-06-19 00:00:00+08:00,0.07143988460302353,0.07143988460302353,0.07143988460302353,0.07143988460302353,2000,0.0,0.0
2009-06-22 00:00:00+08:00,0.07501188665628433,0.07858388328665479,0.07501188665628433,0.07501188665628433,290000,0.0,0.0
2009-06-23 00:00:00+08:00,0.07143988460302353,0.07143988460302353,0.07143988460302353,0.07143988460302353,38000,0.0,0.0
2009-06-24 00:00:00+08:00,0.07143988460302353,0.07143988460302353,0.07143988460302353,0.07143988460302353,0,0.0,0.0
2009-06-25 00:00:00+08:00,0.07501188665628433,0.07501188665628433,0.07501188665628433,0.07501188665628433,10000,0.0,0.0
2009-06-26 00:00:00+08:00,0.07501188665628433,0.07501188665628433,0.07501188665628433,0.07501188665628433,0,0.0,0.0
2009-06-29 00:00:00+08:00,0.07858388328665479,0.07858388328665479,0.07501188665628433,0.07501188665628433,176000,0.0,0.0
2009-06-30 00:00:00+08:00,0.07501188665628433,0.07501188665628433,0.07501188665628433,0.07501188665628433,0,0.0,0.0
2009-07-01 00:00:00+08:00,0.07501188665628433,0.07501188665628433,0.07501188665628433,0.07501188665628433,0,0.0,0.0
2009-07-02 00:00:00+08:00,0.07501188665628433,0.07501188665628433,0.07501188665628433,0.07501188665628433,0,0.0,0.0
2009-07-03 00:00:00+08:00,0.07143988460302353,0.07143988460302353,0.07143988460302353,0.07143988460302353,10000,0.0,0.0
2009-07-06 00:00:00+08:00,0.07501188665628433,0.07501188665628433,0.07501188665628433,0.07501188665628433,53000,0.0,0.0
2009-07-07 00:00:00+08:00,0.07501188665628433,0.07501188665628433,0.07501188665628433,0.07501188665628433,15000,0.0,0.0
2009-07-08 00:00:00+08:00,0.07501187760884422,0.07858387380838394,0.07501187760884422,0.07858387380838394,126000,0.0,0.0
2009-07-09 00:00:00+08:00,0.08215587918832402,0.08572787046432495,0.08215587918832402,0.08572787046432495,35000,0.0,0.0
2009-07-10 00:00:00+08:00,0.08215587918832402,0.08572787046432495,0.08215587918832402,0.08572787046432495,155000,0.0,0.0
2009-07-13 00:00:00+08:00,0.08215588331222534,0.08215588331222534,0.07858388653423741,0.08215588331222534,115000,0.0,0.0
2009-07-14 00:00:00+08:00,0.08215588331222534,0.08215588331222534,0.08215588331222534,0.08215588331222534,50000,0.0,0.0
2009-07-15 00:00:00+08:00,0.07858388258963625,0.08572787046432495,0.07858388258963625,0.08572787046432495,613000,0.0,0.0
2009-07-16 00:00:00+08:00,0.08215587000792367,0.08215587000792367,0.07858387380838394,0.07858387380838394,100000,0.0,0.0
2009-07-17 00:00:00+08:00,0.07858387380838394,0.07858387380838394,0.07858387380838394,0.07858387380838394,99000,0.0,0.0
2009-07-20 00:00:00+08:00,0.08572787476752614,0.08572787476752614,0.08215588331222534,0.08215588331222534,150000,0.0,0.0
2009-07-21 00:00:00+08:00,0.08215588331222534,0.08215588331222534,0.08215588331222534,0.08215588331222534,196000,0.0,0.0
2009-07-22 00:00:00+08:00,0.08215587918832402,0.09287185833901365,0.08215587918832402,0.08572787046432495,1415000,0.0,0.0
2009-07-23 00:00:00+08:00,0.08929985761642456,0.09644385005807266,0.08929985761642456,0.08929985761642456,1026000,0.0,0.0
2009-07-24 00:00:00+08:00,0.09287184851456232,0.09287184851456232,0.08929985761642456,0.08929985761642456,366000,0.0,0.0
2009-07-27 00:00:00+08:00,0.09287185221910477,0.09287185221910477,0.08929986117848474,0.09287185221910477,370000,0.0,0.0
2009-07-28 00:00:00+08:00,0.08929986117848474,0.09287185221910477,0.0857278648151782,0.09287185221910477,697000,0.0,0.0
2009-07-29 00:00:00+08:00,0.08929985761642456,0.08929985761642456,0.08572786139560051,0.08929985761642456,53000,0.0,0.0
2009-07-30 00:00:00+08:00,0.08572786139560051,0.08929985761642456,0.08572786139560051,0.08929985761642456,265000,0.0,0.0
2009-07-31 00:00:00+08:00,0.08929985761642456,0.08929985761642456,0.08929985761642456,0.08929985761642456,244000,0.0,0.0
2009-08-03 00:00:00+08:00,0.08929986151854748,0.09644385427236557,0.08929986151854748,0.09644385427236557,1059000,0.0,0.0
2009-08-04 00:00:00+08:00,0.0964438539050978,0.0964438539050978,0.09287185221910477,0.09287185221910477,1852000,0.0,0.0
2009-08-05 00:00:00+08:00,0.0928718489493703,0.10001584142446518,0.0928718489493703,0.10001584142446518,3313000,0.0,0.0
2009-08-06 00:00:00+08:00,0.1000158453265881,0.10715983808040619,0.09644385427236557,0.10715983808040619,1862000,0.0,0.0
2009-08-07 00:00:00+08:00,0.10715985312954097,0.10715985312954097,0.10001585937244674,0.10358785092830658,1035000,0.0,0.0
2009-08-11 00:00:00+08:00,0.10358783638081062,0.10715983808040619,0.10358783638081062,0.10715983808040619,369000,0.0,0.0
2009-08-12 00:00:00+08:00,0.1035878323393263,0.1035878323393263,0.10001584142446518,0.10001584142446518,469000,0.0,0.0
2009-08-13 00:00:00+08:00,0.10358783638081062,0.11073182913462871,0.10358783638081062,0.10715983808040619,1093000,0.0,0.0
2009-08-14 00:00:00+08:00,0.1107318177819252,0.1107318177819252,0.10358782576053997,0.1107318177819252,579000,0.0,0.0
2009-08-17 00:00:00+08:00,0.10715983389956006,0.10715983389956006,0.10001584142446518,0.10001584142446518,255000,0.0,0.0
2009-08-18 00:00:00+08:00,0.10358785092830658,0.10358785092830658,0.10358785092830658,0.10358785092830658,149000,0.0,0.0
2009-08-19 00:00:00+08:00,0.1035878323393263,0.1035878323393263,0.10001584142446518,0.10001584142446518,155000,0.0,0.0
2009-08-20 00:00:00+08:00,0.10358785092830658,0.10358785092830658,0.10358785092830658,0.10358785092830658,100000,0.0,0.0
2009-08-21 00:00:00+08:00,0.10358783638081062,0.10715983808040619,0.10358783638081062,0.10715983808040619,50000,0.0,0.0
2009-08-24 00:00:00+08:00,0.1107318177819252,0.1107318177819252,0.10715982709391857,0.1107318177819252,485000,0.0,0.0
2009-08-25 00:00:00+08:00,0.10715983808040619,0.10715983808040619,0.10715983808040619,0.10715983808040619,232000,0.0,0.0
2009-08-26 00:00:00+08:00,0.10715983808040619,0.10715983808040619,0.10715983808040619,0.10715983808040619,160000,0.0,0.0
2009-08-27 00:00:00+08:00,0.10715982709391857,0.1107318177819252,0.10715982709391857,0.1107318177819252,1341000,0.0,0.0
2009-08-28 00:00:00+08:00,0.11073182913462871,0.11073182913462871,0.10715983808040619,0.10715983808040619,351000,0.0,0.0
2009-08-31 00:00:00+08:00,0.10715982709391857,0.1107318177819252,0.10715982709391857,0.1107318177819252,700000,0.0,0.0
2009-09-01 00:00:00+08:00,0.11073182557681077,0.13216379250428206,0.11073182557681077,0.12144780904054642,14976000,0.0,0.0
2009-09-02 00:00:00+08:00,0.12144780904054642,0.12144780904054642,0.12144780904054642,0.12144780904054642,3213000,0.0,0.0
2009-09-03 00:00:00+08:00,0.12501980030569462,0.13216379284858704,0.12501980030569462,0.13216379284858704,5051000,0.0,0.0
2009-09-04 00:00:00+08:00,0.13216379284858704,0.13216379284858704,0.1285918018998272,0.13216379284858704,1221000,0.0,0.0
2009-09-07 00:00:00+08:00,0.12859180569648743,0.12859180569648743,0.12144781294266933,0.12859180569648743,1793000,0.0,0.0
2009-09-08 00:00:00+08:00,0.12501981980115282,0.12501981980115282,0.117875836789608,0.117875836789608,2282000,0.0,0.0
2009-09-09 00:00:00+08:00,0.12144780904054642,0.12144780904054642,0.12144780904054642,0.12144780904054642,720000,0.0,0.0
2009-09-10 00:00:00+08:00,0.117875836789608,0.12144782829538041,0.117875836789608,0.117875836789608,866000,0.0,0.0
2009-09-11 00:00:00+08:00,0.117875836789608,0.117875836789608,0.117875836789608,0.117875836789608,169000,0.0,0.0
2009-09-14 00:00:00+08:00,0.114303819835186,0.11787582152372952,0.114303819835186,0.114303819835186,769000,0.0,0.0
2009-09-15 00:00:00+08:00,0.11430380846993184,0.11430380846993184,0.1107318177819252,0.1107318177819252,741000,0.0,0.0
2009-09-16 00:00:00+08:00,0.114303819835186,0.114303819835186,0.11073182879201551,0.114303819835186,138000,0.0,0.0
2009-09-17 00:00:00+08:00,0.1178758181010921,0.12501979998000073,0.11430381651626509,0.12144780904054642,3214000,0.0,0.0
2009-09-18 00:00:00+08:00,0.117875836789608,0.117875836789608,0.117875836789608,0.117875836789608,250000,0.0,0.0
2009-09-21 00:00:00+08:00,0.117875836789608,0.117875836789608,0.117875836789608,0.117875836789608,0,0.0,0.0
2009-09-22 00:00:00+08:00,0.1178758181010921,0.12144780904054642,0.1178758181010921,0.12144780904054642,453000,0.0,0.0
2009-09-23 00:00:00+08:00,0.12144780329287139,0.14287976920604706,0.12144780329287139,0.14287976920604706,9644000,0.0,0.0
2009-09-24 00:00:00+08:00,0.1428797802137113,0.153595763995874,0.1428797802137113,0.14645177125930786,11628000,0.0,0.0
2009-09-25 00:00:00+08:00,0.13930776779026963,0.15002375074685748,0.13930776779026963,0.14287976920604706,6010000,0.0,0.0
2009-09-28 00:00:00+08:00,0.13930777084953447,0.13930777084953447,0.13573578000068665,0.13573578000068665,1626000,0.0,0.0
2009-09-29 00:00:00+08:00,0.13573578000068665,0.13930777084953447,0.13573578000068665,0.13573578000068665,774000,0.0,0.0
2009-09-30 00:00:00+08:00,0.13216381212949185,0.13216381212949185,0.12501981854438782,0.12501981854438782,1307000,0.0,0.0
2009-10-01 00:00:00+08:00,0.12501981854438782,0.13216381212949185,0.12144782707452294,0.12501981854438782,3815000,0.0,0.0
2009-10-02 00:00:00+08:00,0.12501981854438782,0.12501981854438782,0.11787583560465806,0.12501981854438782,1922000,0.0,0.0
2009-10-05 00:00:00+08:00,0.12144780049131707,0.12144780049131707,0.1107318177819252,0.1107318177819252,1378000,0.0,0.0
2009-10-06 00:00:00+08:00,0.1143038346384612,0.117875836789608,0.1143038346384612,0.117875836789608,350000,0.0,0.0
2009-10-07 00:00:00+08:00,0.117875836789608,0.117875836789608,0.1143038346384612,0.117875836789608,1293000,0.0,0.0
2009-10-08 00:00:00+08:00,0.11430381651626509,0.12501979998000073,0.11430381651626509,0.12144780904054642,3251000,0.0,0.0
2009-10-09 00:00:00+08:00,0.12144780904054642,0.12144780904054642,0.12144780904054642,0.12144780904054642,863000,0.0,0.0
2009-10-12 00:00:00+08:00,0.12859180156482775,0.12859180156482775,0.12144780904054642,0.12144780904054642,555000,0.0,0.0
2009-10-13 00:00:00+08:00,0.12144782707452294,0.12501981854438782,0.12144782707452294,0.12501981854438782,481000,0.0,0.0
2009-10-14 00:00:00+08:00,0.12501980399689186,0.12859180569648743,0.12144781294266933,0.12859180569648743,2145000,0.0,0.0
2009-10-15 00:00:00+08:00,0.12859180156482775,0.12859180156482775,0.12144780904054642,0.12144780904054642,1183000,0.0,0.0
2009-10-16 00:00:00+08:00,0.12144780904054642,0.12144780904054642,0.12144780904054642,0.12144780904054642,1070000,0.0,0.0
2009-10-19 00:00:00+08:00,0.12144780904054642,0.12501979998000073,0.12144780904054642,0.12144780904054642,408000,0.0,0.0
2009-10-20 00:00:00+08:00,0.12501979998000073,0.12501979998000073,0.12144780904054642,0.12144780904054642,420000,0.0,0.0
2009-10-21 00:00:00+08:00,0.12144782829538041,0.12144782829538041,0.117875836789608,0.117875836789608,500000,0.0,0.0
2009-10-22 00:00:00+08:00,0.11787580980331043,0.11787580980331043,0.1107318177819252,0.1107318177819252,385000,0.0,0.0
2009-10-23 00:00:00+08:00,0.1143038346384612,0.117875836789608,0.1143038346384612,0.117875836789608,811000,0.0,0.0
2009-10-26 00:00:00+08:00,0.1178758181010921,0.12859180156482775,0.1178758181010921,0.12144780904054642,3382000,0.0,0.0
2009-10-27 00:00:00+08:00,0.12144782829538041,0.12144782829538041,0.117875836789608,0.117875836789608,330000,0.0,0.0
2009-10-28 00:00:00+08:00,0.117875836789608,0.117875836789608,0.117875836789608,0.117875836789608,200000,0.0,0.0
2009-10-29 00:00:00+08:00,0.114303819835186,0.114303819835186,0.11073182879201551,0.114303819835186,998000,0.0,0.0
2009-10-30 00:00:00+08:00,0.11430380846993184,0.11787580980331043,0.1107318177819252,0.1107318177819252,1508000,0.0,0.0
2009-11-02 00:00:00+08:00,0.11430380846993184,0.11430380846993184,0.1107318177819252,0.1107318177819252,128000,0.0,0.0
2009-11-03 00:00:00+08:00,0.10715982709391857,0.1107318177819252,0.10715982709391857,0.1107318177819252,70000,0.0,0.0
2009-11-04 00:00:00+08:00,0.1107318177819252,0.1107318177819252,0.1107318177819252,0.1107318177819252,51000,0.0,0.0
2009-11-05 00:00:00+08:00,0.11073182913462871,0.11073182913462871,0.10715983808040619,0.10715983808040619,230000,0.0,0.0
2009-11-06 00:00:00+08:00,0.11073182879201551,0.114303819835186,0.11073182879201551,0.114303819835186,1316000,0.0,0.0
2009-11-09 00:00:00+08:00,0.11073182879201551,0.114303819835186,0.11073182879201551,0.114303819835186,200000,0.0,0.0
2009-11-10 00:00:00+08:00,0.114303819835186,0.114303819835186,0.114303819835186,0.114303819835186,130000,0.0,0.0
2009-11-11 00:00:00+08:00,0.1107318177819252,0.1107318177819252,0.1107318177819252,0.1107318177819252,160000,0.0,0.0
2009-11-12 00:00:00+08:00,0.10715982709391857,0.1107318177819252,0.10715982709391857,0.1107318177819252,100000,0.0,0.0
2009-11-13 00:00:00+08:00,0.11073182879201551,0.114303819835186,0.11073182879201551,0.114303819835186,1614000,0.0,0.0
2009-11-17 00:00:00+08:00,0.11787582152372952,0.11787582152372952,0.114303819835186,0.114303819835186,120000,0.0,0.0
2009-11-18 00:00:00+08:00,0.1107318177819252,0.1107318177819252,0.1107318177819252,0.1107318177819252,120000,0.0,0.0
2009-11-19 00:00:00+08:00,0.1107318177819252,0.1107318177819252,0.1107318177819252,0.1107318177819252,50000,0.0,0.0
2009-11-20 00:00:00+08:00,0.11073182879201551,0.114303819835186,0.11073182879201551,0.114303819835186,2101000,0.0,0.0
2009-11-23 00:00:00+08:00,0.114303819835186,0.114303819835186,0.114303819835186,0.114303819835186,0,0.0,0.0
2009-11-24 00:00:00+08:00,0.11430380846993184,0.11430380846993184,0.1107318177819252,0.1107318177819252,55000,0.0,0.0
2009-11-25 00:00:00+08:00,0.1107318177819252,0.1107318177819252,0.1107318177819252,0.1107318177819252,50000,0.0,0.0
2009-11-26 00:00:00+08:00,0.1107318177819252,0.1107318177819252,0.1107318177819252,0.1107318177819252,30000,0.0,0.0
2009-11-30 00:00:00+08:00,0.1107318177819252,0.11430380846993184,0.10715982709391857,0.1107318177819252,2077000,0.0,0.0
2009-12-01 00:00:00+08:00,0.1107318177819252,0.1107318177819252,0.1107318177819252,0.1107318177819252,0,0.0,0.0
2009-12-02 00:00:00+08:00,0.1107318177819252,0.1107318177819252,0.1107318177819252,0.1107318177819252,50000,0.0,0.0
2009-12-03 00:00:00+08:00,0.1107318177819252,0.1107318177819252,0.1107318177819252,0.1107318177819252,20000,0.0,0.0
2009-12-04 00:00:00+08:00,0.11430380846993184,0.11430380846993184,0.1107318177819252,0.1107318177819252,62000,0.0,0.0
2009-12-07 00:00:00+08:00,0.1107318177819252,0.1107318177819252,0.10715982709391857,0.1107318177819252,2098000,0.0,0.0
2009-12-08 00:00:00+08:00,0.11073182879201551,0.114303819835186,0.11073182879201551,0.114303819835186,70000,0.0,0.0
2009-12-09 00:00:00+08:00,0.1143038346384612,0.117875836789608,0.1143038346384612,0.117875836789608,235000,0.0,0.0
2009-12-10 00:00:00+08:00,0.11787582152372952,0.11787582152372952,0.114303819835186,0.114303819835186,172000,0.0,0.0
2009-12-11 00:00:00+08:00,0.11430380846993184,0.11430380846993184,0.1107318177819252,0.1107318177819252,80000,0.0,0.0
2009-12-14 00:00:00+08:00,0.114303819835186,0.114303819835186,0.114303819835186,0.114303819835186,1867000,0.0,0.0
2009-12-15 00:00:00+08:00,0.117875836789608,0.117875836789608,0.1143038346384612,0.117875836789608,165000,0.0,0.0
2009-12-16 00:00:00+08:00,0.1143038346384612,0.117875836789608,0.1143038346384612,0.117875836789608,50000,0.0,0.0
2009-12-17 00:00:00+08:00,0.1143038346384612,0.117875836789608,0.1143038346384612,0.117875836789608,51000,0.0,0.0
2009-12-18 00:00:00+08:00,0.117875836789608,0.117875836789608,0.117875836789608,0.117875836789608,30000,0.0,0.0
2009-12-21 00:00:00+08:00,0.117875836789608,0.117875836789608,0.117875836789608,0.117875836789608,2505000,0.0,0.0
2009-12-22 00:00:00+08:00,0.117875836789608,0.117875836789608,0.117875836789608,0.117875836789608,0,0.0,0.0
2009-12-23 00:00:00+08:00,0.114303819835186,0.114303819835186,0.114303819835186,0.114303819835186,180000,0.0,0.0
2009-12-28 00:00:00+08:00,0.1143038346384612,0.117875836789608,0.1143038346384612,0.117875836789608,61000,0.0,0.0
2009-12-29 00:00:00+08:00,0.11787583560465806,0.12859182065962696,0.11787583560465806,0.12501981854438782,7496000,0.0,0.0
2009-12-30 00:00:00+08:00,0.12859182195229962,0.12859182195229962,0.117875836789608,0.117875836789608,507000,0.0,0.0
2010-01-04 00:00:00+08:00,0.12144782707452294,0.12501981854438782,0.11787583560465806,0.12501981854438782,810000,0.0,0.0
2010-01-05 00:00:00+08:00,0.12501981854438782,0.12501981854438782,0.12144782707452294,0.12501981854438782,1424000,0.0,0.0
2010-01-06 00:00:00+08:00,0.12859180569648743,0.13216379675070997,0.12859180569648743,0.12859180569648743,4394000,0.0,0.0
2010-01-07 00:00:00+08:00,0.12859180156482775,0.12859180156482775,0.12144780904054642,0.12144780904054642,350000,0.0,0.0
2010-01-08 00:00:00+08:00,0.12362951040267944,0.12362951040267944,0.12362951040267944,0.12362951040267944,206000,0.003,0.0
2010-01-11 00:00:00+08:00,0.12726569175720215,0.13090186180965427,0.12726569175720215,0.12726569175720215,1761000,0.0,0.0
2010-01-12 00:00:00+08:00,0.13090183836869845,0.13090183836869845,0.12362951040267944,0.12362951040267944,326000,0.0,0.0
2010-01-13 00:00:00+08:00,0.12362953254135929,0.12726569175720215,0.12362953254135929,0.12726569175720215,4090000,0.0,0.0
2010-01-14 00:00:00+08:00,0.13090186180965427,0.13453802102549714,0.12726569175720215,0.12726569175720215,4696000,0.0,0.0
2010-01-15 00:00:00+08:00,0.12726569175720215,0.12726569175720215,0.12726569175720215,0.12726569175720215,402000,0.0,0.0
2010-01-18 00:00:00+08:00,0.12362951040267944,0.12362951040267944,0.12362951040267944,0.12362951040267944,758000,0.0,0.0
2010-01-19 00:00:00+08:00,0.12362951040267944,0.12362951040267944,0.12362951040267944,0.12362951040267944,656000,0.0,0.0
2010-01-20 00:00:00+08:00,0.12362951040267944,0.12362951040267944,0.11999335183797359,0.12362951040267944,3316000,0.0,0.0
2010-01-21 00:00:00+08:00,0.11999337375164033,0.11999337375164033,0.11999337375164033,0.11999337375164032,155000,0.0,0.0
2010-01-22 00:00:00+08:00,0.11635720368627533,0.11999337375164033,0.11635720368627533,0.11999337375164032,256000,0.0,0.0
2010-01-25 00:00:00+08:00,0.11999335442628399,0.11999335442628399,0.11272102630339759,0.11635718494653702,155000,0.0,0.0
2010-01-26 00:00:00+08:00,0.11272104469843874,0.11272104469843874,0.10544871538877487,0.10544871538877487,1224000,0.0,0.0
2010-01-27 00:00:00+08:00,0.10908486176405838,0.10908486176405838,0.10181253403425217,0.10181253403425217,2278000,0.0,0.0
2010-01-28 00:00:00+08:00,0.10181255615224759,0.10544871538877487,0.10181255615224759,0.10544871538877487,942000,0.0,0.0
2010-01-29 00:00:00+08:00,0.10181253403425217,0.10544869248085179,0.10181253403425217,0.10181253403425217,51000,0.0,0.0
2010-02-01 00:00:00+08:00,0.10181253403425217,0.10181253403425217,0.10181253403425217,0.10181253403425217,65000,0.0,0.0
2010-02-02 00:00:00+08:00,0.10544869248085179,0.10544869248085179,0.10181253403425217,0.10181253403425217,185000,0.0,0.0
2010-02-03 00:00:00+08:00,0.10544869087417467,0.1127210184931755,0.10544869087417467,0.1127210184931755,2227000,0.0,0.0
2010-02-04 00:00:00+08:00,0.10908486694097519,0.10908486694097519,0.10908486694097519,0.10908486694097519,140000,0.0,0.0
2010-02-05 00:00:00+08:00,0.10908486694097519,0.10908486694097519,0.10908486694097519,0.10908486694097519,0,0.0,0.0
2010-02-08 00:00:00+08:00,0.10908486694097519,0.10908486694097519,0.10908486694097519,0.10908486694097519,0,0.0,0.0
2010-02-09 00:00:00+08:00,0.10544869248085179,0.10544869248085179,0.10181253403425217,0.10181253403425217,130000,0.0,0.0
2010-02-10 00:00:00+08:00,0.10544871538877487,0.10544871538877487,0.10544871538877487,0.10544871538877487,1872000,0.0,0.0
2010-02-11 00:00:00+08:00,0.10908486694097519,0.10908486694097519,0.10908486694097519,0.10908486694097519,164000,0.0,0.0
2010-02-12 00:00:00+08:00,0.10544871538877487,0.10544871538877487,0.10544871538877487,0.10544871538877487,10000,0.0,0.0
2010-02-17 00:00:00+08:00,0.10908486694097519,0.10908486694097519,0.10908486694097519,0.10908486694097519,50000,0.0,0.0
2010-02-18 00:00:00+08:00,0.10908486694097519,0.10908486694097519,0.10908486694097519,0.10908486694097519,0,0.0,0.0
2010-02-19 00:00:00+08:00,0.10544869748520437,0.10908486694097519,0.10181253886604102,0.10908486694097519,2297000,0.0,0.0
2010-02-22 00:00:00+08:00,0.10181253886604102,0.10908486694097519,0.10181253886604102,0.10908486694097519,153000,0.0,0.0
2010-02-23 00:00:00+08:00,0.10544871538877487,0.10544871538877487,0.10544871538877487,0.10544871538877487,50000,0.0,0.0
2010-02-24 00:00:00+08:00,0.10181253403425217,0.10181253403425217,0.10181253403425217,0.10181253403425217,273000,0.0,0.0
2010-02-25 00:00:00+08:00,0.10181253403425217,0.10181253403425217,0.10181253403425217,0.10181253403425217,84000,0.0,0.0
2010-02-26 00:00:00+08:00,0.10544869748520437,0.10908486694097519,0.10544869748520437,0.10908486694097519,2249000,0.0,0.0
2010-03-01 00:00:00+08:00,0.10544871538877487,0.10544871538877487,0.10544871538877487,0.10544871538877487,50000,0.0,0.0
2010-03-02 00:00:00+08:00,0.10181253403425217,0.10181253403425217,0.10181253403425217,0.10181253403425217,200000,0.0,0.0
2010-03-03 00:00:00+08:00,0.10181253403425217,0.10181253403425217,0.10181253403425217,0.10181253403425217,205000,0.0,0.0
2010-03-04 00:00:00+08:00,0.10181255615224759,0.10544871538877487,0.10181255615224759,0.10544871538877487,59000,0.0,0.0
2010-03-05 00:00:00+08:00,0.10544869748520437,0.10908486694097519,0.10544869748520437,0.10908486694097519,3222000,0.0,0.0
2010-03-08 00:00:00+08:00,0.10544871538877487,0.10544871538877487,0.10544871538877487,0.10544871538877487,475000,0.0,0.0
2010-03-09 00:00:00+08:00,0.10544871538877487,0.10544871538877487,0.10544871538877487,0.10544871538877487,60000,0.0,0.0
2010-03-10 00:00:00+08:00,0.10544871538877487,0.10544871538877487,0.10544871538877487,0.10544871538877487,235000,0.0,0.0
2010-03-11 00:00:00+08:00,0.10544871538877487,0.10544871538877487,0.10544871538877487,0.10544871538877487,168000,0.0,0.0
2010-03-12 00:00:00+08:00,0.10908486694097519,0.10908486694097519,0.10544869748520437,0.10908486694097519,3887000,0.0,0.0
2010-03-15 00:00:00+08:00,0.10908488546191146,0.10908488546191146,0.10544871538877487,0.10544871538877487,110000,0.0,0.0
2010-03-16 00:00:00+08:00,0.10544871538877487,0.10544871538877487,0.10544871538877487,0.10544871538877487,150000,0.0,0.0
2010-03-17 00:00:00+08:00,0.10908486010197849,0.11999334611217634,0.10908486010197849,0.1127210184931755,5974000,0.0,0.0
2010-03-18 00:00:00+08:00,0.10908486694097519,0.11272102556013854,0.10908486694097519,0.10908486694097519,2117000,0.0,0.0
2010-03-19 00:00:00+08:00,0.1127210184931755,0.1127210184931755,0.10908486010197849,0.1127210184931755,3144000,0.0,0.0
2010-03-22 00:00:00+08:00,0.10908486694097519,0.10908486694097519,0.10544869748520437,0.10908486694097519,551000,0.0,0.0
2010-03-23 00:00:00+08:00,0.10908486694097519,0.10908486694097519,0.10908486694097519,0.10908486694097519,250000,0.0,0.0
2010-03-24 00:00:00+08:00,0.11272102556013854,0.11272102556013854,0.10908486694097519,0.10908486694097519,580000,0.0,0.0
2010-03-25 00:00:00+08:00,0.1127210184931755,0.1127210184931755,0.1127210184931755,0.1127210184931755,1800000,0.0,0.0
2010-03-26 00:00:00+08:00,0.1127210184931755,0.11635717688437251,0.1127210184931755,0.1127210184931755,2869000,0.0,0.0
2010-03-29 00:00:00+08:00,0.1127210184931755,0.1127210184931755,0.1127210184931755,0.1127210184931755,413000,0.0,0.0
2010-03-30 00:00:00+08:00,0.1127210184931755,0.1127210184931755,0.1127210184931755,0.1127210184931755,345000,0.0,0.0
2010-03-31 00:00:00+08:00,0.1127210184931755,0.1127210184931755,0.1127210184931755,0.1127210184931755,197000,0.0,0.0
2010-04-01 00:00:00+08:00,0.10908486694097519,0.10908486694097519,0.10908486694097519,0.10908486694097519,10000,0.0,0.0
2010-04-05 00:00:00+08:00,0.10908486766025817,0.11635718494653702,0.10908486766025817,0.11635718494653702,2934000,0.0,0.0
2010-04-06 00:00:00+08:00,0.11635718494653702,0.11635718494653702,0.11635718494653702,0.11635718494653702,448000,0.0,0.0
2010-04-07 00:00:00+08:00,0.11635718243666043,0.12362951040267944,0.11635718243666043,0.12362951040267944,2773000,0.0,0.0
2010-04-08 00:00:00+08:00,0.11999335183797359,0.12362951040267944,0.11999335183797359,0.12362951040267944,448000,0.0,0.0
2010-04-09 00:00:00+08:00,0.12362951040267944,0.1272656689673853,0.12362951040267944,0.12362951040267944,1297000,0.0,0.0
2010-04-12 00:00:00+08:00,0.12726569175720215,0.12726569175720215,0.12362953254135929,0.12726569175720215,1269000,0.0,0.0
2010-04-13 00:00:00+08:00,0.12362951040267944,0.12362951040267944,0.11999335183797359,0.12362951040267944,2055000,0.0,0.0
2010-04-14 00:00:00+08:00,0.12362953254135929,0.13090186180965427,0.12362953254135929,0.12726569175720215,4485000,0.0,0.0
2010-04-15 00:00:00+08:00,0.12726569220915174,0.12726569220915174,0.11999337375164033,0.11999337375164032,1135000,0.0,0.0
2010-04-16 00:00:00+08:00,0.11999337375164033,0.11999337375164033,0.11999337375164033,0.11999337375164032,762000,0.0,0.0
2010-04-19 00:00:00+08:00,0.11635718494653702,0.11635718494653702,0.11272102630339759,0.11635718494653702,1271000,0.0,0.0
2010-04-20 00:00:00+08:00,0.11635718243666043,0.1272656689673853,0.11635718243666043,0.12362951040267944,5834000,0.0,0.0
2010-04-21 00:00:00+08:00,0.11999335442628399,0.11999335442628399,0.11635718494653702,0.11635718494653702,1112000,0.0,0.0
2010-04-22 00:00:00+08:00,0.11635720368627533,0.11999337375164033,0.11635720368627533,0.11999337375164032,538000,0.0,0.0
2010-04-23 00:00:00+08:00,0.11635720368627533,0.12362953298039603,0.11635720368627533,0.11999337375164032,969000,0.0,0.0
2010-04-26 00:00:00+08:00,0.11999335442628399,0.11999335442628399,0.11635718494653702,0.11635718494653702,1622000,0.0,0.0
2010-04-27 00:00:00+08:00,0.11635717688437251,0.11635717688437251,0.1127210184931755,0.1127210184931755,496000,0.0,0.0
2010-04-28 00:00:00+08:00,0.11272102556013854,0.11272102556013854,0.10908486694097519,0.10908486694097519,901000,0.0,0.0
2010-04-29 00:00:00+08:00,0.1127210184931755,0.1127210184931755,0.1127210184931755,0.1127210184931755,600000,0.0,0.0
2010-04-30 00:00:00+08:00,0.1127210184931755,0.1127210184931755,0.1127210184931755,0.1127210184931755,250000,0.0,0.0
2010-05-03 00:00:00+08:00,0.10908486010197849,0.1127210184931755,0.10908486010197849,0.1127210184931755,338000,0.0,0.0
2010-05-04 00:00:00+08:00,0.10908486694097519,0.10908486694097519,0.10908486694097519,0.10908486694097519,128000,0.0,0.0
2010-05-05 00:00:00+08:00,0.10908488546191146,0.10908488546191146,0.10544871538877487,0.10544871538877487,271000,0.0,0.0
2010-05-06 00:00:00+08:00,0.10908488546191146,0.10908488546191146,0.10544871538877487,0.10544871538877487,940000,0.0,0.0
2010-05-07 00:00:00+08:00,0.10181253886604102,0.10908486694097519,0.10181253886604102,0.10908486694097519,422000,0.0,0.0
2010-05-10 00:00:00+08:00,0.10908486694097519,0.10908486694097519,0.10908486694097519,0.10908486694097519,0,0.0,0.0
2010-05-11 00:00:00+08:00,0.10908486694097519,0.10908486694097519,0.10908486694097519,0.10908486694097519,306000,0.0,0.0
2010-05-12 00:00:00+08:00,0.11272102630339759,0.11635718494653702,0.11272102630339759,0.11635718494653702,5051000,0.0,0.0
2010-05-13 00:00:00+08:00,0.10908486694097519,0.10908486694097519,0.10908486694097519,0.10908486694097519,150000,0.0,0.0
2010-05-14 00:00:00+08:00,0.10908486694097519,0.10908486694097519,0.10908486694097519,0.10908486694097519,191000,0.0,0.0
2010-05-17 00:00:00+08:00,0.10544869748520437,0.10908486694097519,0.10544869748520437,0.10908486694097519,390000,0.0,0.0
2010-05-18 00:00:00+08:00,0.10544869748520437,0.10908486694097519,0.10544869748520437,0.10908486694097519,151000,0.0,0.0
2010-05-19 00:00:00+08:00,0.10544869748520437,0.10908486694097519,0.10544869748520437,0.10908486694097519,432000,0.0,0.0
2010-05-20 00:00:00+08:00,0.10544871538877487,0.10544871538877487,0.10181255615224759,0.10544871538877487,421000,0.0,0.0
2010-05-21 00:00:00+08:00,0.09817637558765253,0.10181253403425217,0.09817637558765253,0.10181253403425217,289000,0.0,0.0
2010-05-24 00:00:00+08:00,0.09817637558765253,0.10181253403425217,0.09817637558765253,0.10181253403425217,52000,0.0,0.0
2010-05-25 00:00:00+08:00,0.09817638248205185,0.09817638248205185,0.09454021294349664,0.09817638248205185,151000,0.0,0.0
2010-05-26 00:00:00+08:00,0.09454022684258372,0.10544871538877487,0.09454022684258372,0.10544871538877487,126000,0.0,0.0
2010-05-27 00:00:00+08:00,0.10544871538877487,0.10544871538877487,0.10544871538877487,0.10544871538877487,0,0.0,0.0
2010-05-31 00:00:00+08:00,0.10544871538877487,0.10544871538877487,0.10544871538877487,0.10544871538877487,0,0.0,0.0
2010-06-01 00:00:00+08:00,0.09817638248205185,0.09817638248205185,0.09817638248205185,0.09817638248205185,150000,0.0,0.0
2010-06-02 00:00:00+08:00,0.10181253403425217,0.10181253403425217,0.10181253403425217,0.10181253403425217,30000,0.0,0.0
2010-06-03 00:00:00+08:00,0.10181253403425217,0.10181253403425217,0.10181253403425217,0.10181253403425217,0,0.0,0.0
2010-06-04 00:00:00+08:00,0.10181253403425217,0.10181253403425217,0.10181253403425217,0.10181253403425217,60000,0.0,0.0
2010-06-07 00:00:00+08:00,0.09817638248205185,0.09817638248205185,0.09817638248205185,0.09817638248205185,20000,0.0,0.0
2010-06-08 00:00:00+08:00,0.09817639691572032,0.10544871538877487,0.09817639691572032,0.10544871538877487,61000,0.0,0.0
2010-06-09 00:00:00+08:00,0.09817638248205185,0.09817638248205185,0.09817638248205185,0.09817638248205185,170000,0.0,0.0
2010-06-10 00:00:00+08:00,0.09454021294349664,0.09817638248205185,0.09454021294349664,0.09817638248205185,105000,0.0,0.0
2010-06-11 00:00:00+08:00,0.09817637558765253,0.10181253403425217,0.09817637558765253,0.10181253403425217,60000,0.0,0.0
2010-06-14 00:00:00+08:00,0.10181253403425217,0.10181253403425217,0.10181253403425217,0.10181253403425217,18000,0.0,0.0
2010-06-15 00:00:00+08:00,0.10181255615224759,0.10544871538877487,0.10181255615224759,0.10544871538877487,136000,0.0,0.0
2010-06-16 00:00:00+08:00,0.10181253886604102,0.10908486694097519,0.10181253886604102,0.10908486694097519,838000,0.0,0.0
2010-06-17 00:00:00+08:00,0.10908486010197849,0.11999334611217634,0.10908486010197849,0.1127210184931755,6885000,0.0,0.0
2010-06-18 00:00:00+08:00,0.10908486694097519,0.10908486694097519,0.10908486694097519,0.10908486694097519,200000,0.0,0.0
2010-06-21 00:00:00+08:00,0.10908486694097519,0.10908486694097519,0.10908486694097519,0.10908486694097519,86000,0.0,0.0
2010-06-22 00:00:00+08:00,0.10908488546191146,0.10908488546191146,0.10544871538877487,0.10544871538877487,121000,0.0,0.0
2010-06-23 00:00:00+08:00,0.10544869087417467,0.1127210184931755,0.10544869087417467,0.1127210184931755,1226000,0.0,0.0
2010-06-24 00:00:00+08:00,0.10908488546191146,0.11272104469843874,0.10544871538877487,0.10544871538877487,766000,0.0,0.0
2010-06-25 00:00:00+08:00,0.10544871538877487,0.10544871538877487,0.10181255615224759,0.10544871538877487,648000,0.0,0.0
2010-06-28 00:00:00+08:00,0.10544869748520437,0.10908486694097519,0.10544869748520437,0.10908486694097519,72000,0.0,0.0
2010-06-29 00:00:00+08:00,0.10544871538877487,0.10544871538877487,0.10544871538877487,0.10544871538877487,308000,0.0,0.0
2010-06-30 00:00:00+08:00,0.10181253403425217,0.10544869248085179,0.10181253403425217,0.10181253403425217,575000,0.0,0.0
2010-07-01 00:00:00+08:00,0.10181253403425217,0.10181253403425217,0.10181253403425217,0.10181253403425217,839000,0.0,0.0
2010-07-02 00:00:00+08:00,0.10181253403425217,0.10181253403425217,0.10181253403425217,0.10181253403425217,338000,0.0,0.0
2010-07-05 00:00:00+08:00,0.10181253403425217,0.10181253403425217,0.10181253403425217,0.10181253403425217,517000,0.0,0.0
2010-07-06 00:00:00+08:00,0.10181255615224759,0.10544871538877487,0.10181255615224759,0.10544871538877487,272000,0.0,0.0
2010-07-07 00:00:00+08:00,0.10181253403425217,0.10181253403425217,0.10181253403425217,0.10181253403425217,50000,0.0,0.0
2010-07-08 00:00:00+08:00,0.10544871538877487,0.10544871538877487,0.10181255615224759,0.10544871538877487,971000,0.0,0.0
2010-07-09 00:00:00+08:00,0.10544869087417467,0.1127210184931755,0.10544869087417467,0.1127210184931755,519000,0.0,0.0
2010-07-12 00:00:00+08:00,0.10908486694097519,0.10908486694097519,0.10908486694097519,0.10908486694097519,170000,0.0,0.0
2010-07-13 00:00:00+08:00,0.10908488546191146,0.11272104469843874,0.10181255615224759,0.10544871538877487,1116000,0.0,0.0
2010-07-14 00:00:00+08:00,0.10544871538877487,0.10544871538877487,0.10544871538877487,0.10544871538877487,842000,0.0,0.0
2010-07-15 00:00:00+08:00,0.10544871538877487,0.10544871538877487,0.10544871538877487,0.10544871538877487,347000,0.0,0.0
2010-07-16 00:00:00+08:00,0.10544871538877487,0.10908488546191146,0.10544871538877487,0.10544871538877487,256000,0.0,0.0
2010-07-19 00:00:00+08:00,0.10544871538877487,0.10544871538877487,0.10544871538877487,0.10544871538877487,0,0.0,0.0
2010-07-20 00:00:00+08:00,0.10544871538877487,0.10544871538877487,0.10544871538877487,0.10544871538877487,50000,0.0,0.0
2010-07-21 00:00:00+08:00,0.10181253403425217,0.10544869248085179,0.10181253403425217,0.10181253403425217,560000,0.0,0.0
2010-07-22 00:00:00+08:00,0.10181253403425217,0.10181253403425217,0.10181253403425217,0.10181253403425217,206000,0.0,0.0
2010-07-23 00:00:00+08:00,0.10181253403425217,0.10181253403425217,0.10181253403425217,0.10181253403425217,50000,0.0,0.0
2010-07-26 00:00:00+08:00,0.10181253403425217,0.10181253403425217,0.10181253403425217,0.10181253403425217,440000,0.0,0.0
2010-07-27 00:00:00+08:00,0.10181253403425217,0.10181253403425217,0.10181253403425217,0.10181253403425217,12000,0.0,0.0
2010-07-28 00:00:00+08:00,0.10181253403425217,0.10181253403425217,0.10181253403425217,0.10181253403425217,242000,0.0,0.0
2010-07-29 00:00:00+08:00,0.10181253403425217,0.10181253403425217,0.10181253403425217,0.10181253403425217,13000,0.0,0.0
2010-07-30 00:00:00+08:00,0.10181253403425217,0.10181253403425217,0.10181253403425217,0.10181253403425217,130000,0.0,0.0
2010-08-02 00:00:00+08:00,0.10181253403425217,0.10181253403425217,0.10181253403425217,0.10181253403425217,165000,0.0,0.0
2010-08-03 00:00:00+08:00,0.10181253403425217,0.10181253403425217,0.09817637558765253,0.10181253403425217,254000,0.0,0.0
2010-08-04 00:00:00+08:00,0.10181253403425217,0.10181253403425217,0.10181253403425217,0.10181253403425217,130000,0.0,0.0
2010-08-05 00:00:00+08:00,0.10544871538877487,0.10544871538877487,0.10544871538877487,0.10544871538877487,767000,0.0,0.0
2010-08-06 00:00:00+08:00,0.10544871538877487,0.10544871538877487,0.10544871538877487,0.10544871538877487,204000,0.0,0.0
2010-08-10 00:00:00+08:00,0.10544871538877487,0.10544871538877487,0.10544871538877487,0.10544871538877487,488000,0.0,0.0
2010-08-11 00:00:00+08:00,0.10544869248085179,0.10544869248085179,0.10181253403425217,0.10181253403425217,200000,0.0,0.0
2010-08-12 00:00:00+08:00,0.10181253403425217,0.10181253403425217,0.10181253403425217,0.10181253403425217,0,0.0,0.0
2010-08-13 00:00:00+08:00,0.10544871538877487,0.10544871538877487,0.10544871538877487,0.10544871538877487,310000,0.0,0.0
2010-08-16 00:00:00+08:00,0.10544871538877487,0.10544871538877487,0.10544871538877487,0.10544871538877487,270000,0.0,0.0
2010-08-17 00:00:00+08:00,0.10544869248085179,0.10544869248085179,0.10181253403425217,0.10181253403425217,210000,0.0,0.0
2010-08-18 00:00:00+08:00,0.10181253886604102,0.10908486694097519,0.10181253886604102,0.10908486694097519,430000,0.0,0.0
2010-08-19 00:00:00+08:00,0.10908488546191146,0.10908488546191146,0.10544871538877487,0.10544871538877487,541000,0.0,0.0
2010-08-20 00:00:00+08:00,0.10544871538877487,0.10544871538877487,0.10544871538877487,0.10544871538877487,152000,0.0,0.0
2010-08-23 00:00:00+08:00,0.10544871538877487,0.10544871538877487,0.10544871538877487,0.10544871538877487,1075000,0.0,0.0
2010-08-24 00:00:00+08:00,0.10544871538877487,0.10544871538877487,0.10544871538877487,0.10544871538877487,0,0.0,0.0
2010-08-25 00:00:00+08:00,0.10544871538877487,0.10544871538877487,0.10544871538877487,0.10544871538877487,0,0.0,0.0
2010-08-26 00:00:00+08:00,0.10181253403425217,0.10181253403425217,0.10181253403425217,0.10181253403425217,100000,0.0,0.0
2010-08-27 00:00:00+08:00,0.10181253403425217,0.10181253403425217,0.10181253403425217,0.10181253403425217,0,0.0,0.0
2010-08-30 00:00:00+08:00,0.10544869248085179,0.10544869248085179,0.10181253403425217,0.10181253403425217,100000,0.0,0.0
2010-08-31 00:00:00+08:00,0.10181253403425217,0.10181253403425217,0.10181253403425217,0.10181253403425217,190000,0.0,0.0
2010-09-01 00:00:00+08:00,0.10181253403425217,0.10181253403425217,0.10181253403425217,0.10181253403425217,124000,0.0,0.0
2010-09-02 00:00:00+08:00,0.10181253403425217,0.10181253403425217,0.10181253403425217,0.10181253403425217,100000,0.0,0.0
2010-09-03 00:00:00+08:00,0.10181253403425217,0.10181253403425217,0.10181253403425217,0.10181253403425217,60000,0.0,0.0
2010-09-06 00:00:00+08:00,0.10181253403425217,0.10181253403425217,0.10181253403425217,0.10181253403425217,4000,0.0,0.0
2010-09-07 00:00:00+08:00,0.10181253403425217,0.10181253403425217,0.10181253403425217,0.10181253403425217,15000,0.0,0.0
2010-09-08 00:00:00+08:00,0.10544869087417467,0.1127210184931755,0.10544869087417467,0.1127210184931755,1636000,0.0,0.0
2010-09-09 00:00:00+08:00,0.11272102387195457,0.12362951040267944,0.11272102387195457,0.12362951040267944,12888000,0.0,0.0
2010-09-13 00:00:00+08:00,0.12362953298039603,0.12726569220915174,0.11999337375164033,0.11999337375164032,1596000,0.0,0.0
2010-09-14 00:00:00+08:00,0.11635718494653702,0.11635718494653702,0.11635718494653702,0.11635718494653702,341000,0.0,0.0
2010-09-15 00:00:00+08:00,0.11635720368627533,0.11999337375164033,0.11635720368627533,0.11999337375164032,466000,0.0,0.0
2010-09-16 00:00:00+08:00,0.11999335442628399,0.11999335442628399,0.11635718494653702,0.11635718494653702,768000,0.0,0.0
2010-09-17 00:00:00+08:00,0.11635718494653702,0.11635718494653702,0.11635718494653702,0.11635718494653702,245000,0.0,0.0
2010-09-20 00:00:00+08:00,0.11635718494653702,0.11635718494653702,0.11635718494653702,0.11635718494653702,163000,0.0,0.0
2010-09-21 00:00:00+08:00,0.11999337375164033,0.11999337375164033,0.11999337375164033,0.11999337375164032,160000,0.0,0.0
2010-09-22 00:00:00+08:00,0.11999337375164033,0.11999337375164033,0.11999337375164033,0.11999337375164032,273000,0.0,0.0
2010-09-23 00:00:00+08:00,0.12362953298039603,0.12362953298039603,0.11999337375164033,0.11999337375164032,299000,0.0,0.0
2010-09-24 00:00:00+08:00,0.11635718494653702,0.11635718494653702,0.11635718494653702,0.11635718494653702,415000,0.0,0.0
2010-09-27 00:00:00+08:00,0.11999337375164033,0.11999337375164033,0.11635720368627533,0.11999337375164032,1219000,0.0,0.0
2010-09-28 00:00:00+08:00,0.11635718494653702,0.11635718494653702,0.11635718494653702,0.11635718494653702,447000,0.0,0.0
2010-09-29 00:00:00+08:00,0.11635718494653702,0.11635718494653702,0.11635718494653702,0.11635718494653702,30000,0.0,0.0
2010-09-30 00:00:00+08:00,0.11635718494653702,0.11635718494653702,0.11635718494653702,0.11635718494653702,0,0.0,0.0
2010-10-01 00:00:00+08:00,0.11635718494653702,0.11635718494653702,0.11635718494653702,0.11635718494653702,382000,0.0,0.0
2010-10-04 00:00:00+08:00,0.11635717688437251,0.11635717688437251,0.1127210184931755,0.1127210184931755,424000,0.0,0.0
2010-10-05 00:00:00+08:00,0.11272102630339759,0.11635718494653702,0.11272102630339759,0.11635718494653702,251000,0.0,0.0
2010-10-06 00:00:00+08:00,0.11635718494653702,0.11635718494653702,0.11635718494653702,0.11635718494653702,303000,0.0,0.0
2010-10-07 00:00:00+08:00,0.1127210184931755,0.1127210184931755,0.1127210184931755,0.1127210184931755,314000,0.0,0.0
2010-10-08 00:00:00+08:00,0.11635718494653702,0.11635718494653702,0.11272102630339759,0.11635718494653702,72000,0.0,0.0
2010-10-11 00:00:00+08:00,0.11635718494653702,0.11635718494653702,0.11272102630339759,0.11635718494653702,430000,0.0,0.0
2010-10-12 00:00:00+08:00,0.1127210184931755,0.1127210184931755,0.1127210184931755,0.1127210184931755,299000,0.0,0.0
2010-10-13 00:00:00+08:00,0.1127210184931755,0.1127210184931755,0.1127210184931755,0.1127210184931755,396000,0.0,0.0
2010-10-14 00:00:00+08:00,0.10908486942450206,0.10908486942450206,0.09454021294349664,0.09817638248205185,6575000,0.0,0.0
2010-10-15 00:00:00+08:00,0.09817638248205185,0.09817638248205185,0.09817638248205185,0.09817638248205185,433000,0.0,0.0
2010-10-18 00:00:00+08:00,0.09817637794876512,0.09817637794876512,0.09454020857810974,0.09454020857810974,651000,0.0,0.0
2010-10-19 00:00:00+08:00,0.09454021294349664,0.09817638248205185,0.09454021294349664,0.09817638248205185,345000,0.0,0.0
2010-10-20 00:00:00+08:00,0.09817637794876512,0.09817637794876512,0.09454020857810974,0.09454020857810974,222000,0.0,0.0
2010-10-21 00:00:00+08:00,0.09817638248205185,0.09817638248205185,0.09817638248205185,0.09817638248205185,220000,0.0,0.0
2010-10-22 00:00:00+08:00,0.09817637794876512,0.09817637794876512,0.09454020857810974,0.09454020857810974,104000,0.0,0.0
2010-10-25 00:00:00+08:00,0.09454020857810974,0.09454020857810974,0.09454020857810974,0.09454020857810974,150000,0.0,0.0
2010-10-26 00:00:00+08:00,0.09454020857810974,0.09454020857810974,0.09454020857810974,0.09454020857810974,0,0.0,0.0
2010-10-27 00:00:00+08:00,0.09454020857810974,0.09454020857810974,0.09454020857810974,0.09454020857810974,815000,0.0,0.0
2010-10-28 00:00:00+08:00,0.09454020857810974,0.09454020857810974,0.09454020857810974,0.09454020857810974,271000,0.0,0.0
2010-10-29 00:00:00+08:00,0.09454020857810974,0.09454020857810974,0.09454020857810974,0.09454020857810974,215000,0.0,0.0
2010-11-01 00:00:00+08:00,0.09454021294349664,0.09817638248205185,0.09454021294349664,0.09817638248205185,60000,0.0,0.0
2010-11-02 00:00:00+08:00,0.09817638248205185,0.09817638248205185,0.09817638248205185,0.09817638248205185,0,0.0,0.0
2010-11-03 00:00:00+08:00,0.09817638248205185,0.09817638248205185,0.09817638248205185,0.09817638248205185,409000,0.0,0.0
2010-11-04 00:00:00+08:00,0.09817637558765253,0.10181253403425217,0.09817637558765253,0.10181253403425217,145000,0.0,0.0
2010-11-08 00:00:00+08:00,0.09817638248205185,0.09817638248205185,0.09817638248205185,0.09817638248205185,75000,0.0,0.0
2010-11-09 00:00:00+08:00,0.09817637558765253,0.10181253403425217,0.09817637558765253,0.10181253403425217,123000,0.0,0.0
2010-11-10 00:00:00+08:00,0.10181253403425217,0.10181253403425217,0.10181253403425217,0.10181253403425217,0,0.0,0.0
2010-11-11 00:00:00+08:00,0.10181253403425217,0.10181253403425217,0.10181253403425217,0.10181253403425217,2000,0.0,0.0
2010-11-12 00:00:00+08:00,0.09817637558765253,0.10181253403425217,0.09817637558765253,0.10181253403425217,135000,0.0,0.0
2010-11-15 00:00:00+08:00,0.09817638248205185,0.09817638248205185,0.09817638248205185,0.09817638248205185,120000,0.0,0.0
2010-11-16 00:00:00+08:00,0.09817637794876512,0.09817637794876512,0.09454020857810974,0.09454020857810974,400000,0.0,0.0
2010-11-18 00:00:00+08:00,0.09454020857810974,0.09454020857810974,0.09454020857810974,0.09454020857810974,0,0.0,0.0
2010-11-19 00:00:00+08:00,0.09454020857810974,0.09454020857810974,0.09454020857810974,0.09454020857810974,180000,0.0,0.0
2010-11-22 00:00:00+08:00,0.09454020857810974,0.09454020857810974,0.09454020857810974,0.09454020857810974,0,0.0,0.0
2010-11-23 00:00:00+08:00,0.09090405004406159,0.09454020857810974,0.09090405004406159,0.09454020857810974,306000,0.0,0.0
2010-11-24 00:00:00+08:00,0.09454020857810974,0.09454020857810974,0.09454020857810974,0.09454020857810974,0,0.0,0.0
2010-11-25 00:00:00+08:00,0.09454020857810974,0.09454020857810974,0.09454020857810974,0.09454020857810974,219000,0.0,0.0
2010-11-26 00:00:00+08:00,0.09454020809062769,0.09454020809062769,0.09090404957532883,0.09090404957532883,166000,0.0,0.0
2010-11-29 00:00:00+08:00,0.09090404957532883,0.09090404957532883,0.09090404957532883,0.09090404957532883,5000,0.0,0.0
2010-11-30 00:00:00+08:00,0.09090405004406159,0.09454020857810974,0.09090405004406159,0.09454020857810974,706000,0.0,0.0
2010-12-01 00:00:00+08:00,0.09454020857810974,0.09454020857810974,0.09454020857810974,0.09454020857810974,0,0.0,0.0
2010-12-02 00:00:00+08:00,0.09090404957532883,0.09090404957532883,0.09090404957532883,0.09090404957532883,50000,0.0,0.0
2010-12-03 00:00:00+08:00,0.09090404957532883,0.09090404957532883,0.09090404957532883,0.09090404957532883,0,0.0,0.0
2010-12-06 00:00:00+08:00,0.09090404957532883,0.09090404957532883,0.09090404957532883,0.09090404957532883,127000,0.0,0.0
2010-12-07 00:00:00+08:00,0.09090404957532883,0.09090404957532883,0.09090404957532883,0.09090404957532883,10000,0.0,0.0
2010-12-08 00:00:00+08:00,0.09090404957532883,0.09090404957532883,0.09090404957532883,0.09090404957532883,0,0.0,0.0
2010-12-09 00:00:00+08:00,0.09454020857810974,0.09454020857810974,0.09454020857810974,0.09454020857810974,1000,0.0,0.0
2010-12-10 00:00:00+08:00,0.09454020857810974,0.09454020857810974,0.09454020857810974,0.09454020857810974,0,0.0,0.0
2010-12-13 00:00:00+08:00,0.09090404957532883,0.09090404957532883,0.09090404957532883,0.09090404957532883,1000,0.0,0.0
2010-12-14 00:00:00+08:00,0.09454020630444594,0.10181253403425217,0.09454020630444594,0.10181253403425217,1051000,0.0,0.0
2010-12-15 00:00:00+08:00,0.10181253403425217,0.10544869248085179,0.09817637558765253,0.10181253403425217,3878000,0.0,0.0
2010-12-16 00:00:00+08:00,0.10181253403425217,0.10181253403425217,0.10181253403425217,0.10181253403425217,0,0.0,0.0
2010-12-17 00:00:00+08:00,0.09817637794876512,0.09817637794876512,0.09454020857810974,0.09454020857810974,155000,0.0,0.0
2010-12-20 00:00:00+08:00,0.09454020857810974,0.09454020857810974,0.09454020857810974,0.09454020857810974,100000,0.0,0.0
2010-12-21 00:00:00+08:00,0.09454020857810974,0.09454020857810974,0.09454020857810974,0.09454020857810974,65000,0.0,0.0
2010-12-22 00:00:00+08:00,0.09454020809062769,0.09454020809062769,0.09090404957532883,0.09090404957532883,275000,0.0,0.0
2010-12-23 00:00:00+08:00,0.09454020857810974,0.09454020857810974,0.09454020857810974,0.09454020857810974,175000,0.0,0.0
2010-12-24 00:00:00+08:00,0.09454020857810974,0.09454020857810974,0.09454020857810974,0.09454020857810974,0,0.0,0.0
2010-12-27 00:00:00+08:00,0.09454020857810974,0.09454020857810974,0.09454020857810974,0.09454020857810974,60000,0.0,0.0
2010-12-28 00:00:00+08:00,0.09454020857810974,0.09454020857810974,0.09454020857810974,0.09454020857810974,30000,0.0,0.0
2010-12-29 00:00:00+08:00,0.09454020857810974,0.09454020857810974,0.09454020857810974,0.09454020857810974,41000,0.0,0.0
2010-12-30 00:00:00+08:00,0.09454020857810974,0.09454020857810974,0.09454020857810974,0.09454020857810974,50000,0.0,0.0
2010-12-31 00:00:00+08:00,0.09454020857810974,0.09454020857810974,0.09454020857810974,0.09454020857810974,0,0.0,0.0
2011-01-03 00:00:00+08:00,0.09454020857810974,0.09454020857810974,0.09454020857810974,0.09454020857810974,405000,0.0,0.0
2011-01-04 00:00:00+08:00,0.09454020857810974,0.09817637794876512,0.09090405004406159,0.09454020857810974,691000,0.0,0.0
2011-01-05 00:00:00+08:00,0.09090404957532883,0.09454020809062769,0.09090404957532883,0.09090404957532883,482000,0.0,0.0
2011-01-06 00:00:00+08:00,0.09454021294349664,0.09817638248205185,0.09454021294349664,0.09817638248205185,448000,0.0,0.0
2011-01-07 00:00:00+08:00,0.09454020857810974,0.09454020857810974,0.09454020857810974,0.09454020857810974,251000,0.0,0.0
2011-01-10 00:00:00+08:00,0.09305138885974884,0.09305138885974884,0.09305138885974884,0.09305138885974884,2000,0.003,0.0
2011-01-11 00:00:00+08:00,0.09305138885974884,0.09305138885974884,0.09305138885974884,0.09305138885974884,100000,0.0,0.0
2011-01-12 00:00:00+08:00,0.09305138885974884,0.09305138885974884,0.09305138885974884,0.09305138885974884,100000,0.0,0.0
2011-01-13 00:00:00+08:00,0.09305138885974884,0.09305138885974884,0.09305138885974884,0.09305138885974884,100000,0.0,0.0
2011-01-14 00:00:00+08:00,0.09305138885974884,0.09305138885974884,0.09305138885974884,0.09305138885974884,224000,0.0,0.0
2011-01-17 00:00:00+08:00,0.09305139341909678,0.09677344560623169,0.09305139341909678,0.09677344560623169,255000,0.0,0.0
2011-01-18 00:00:00+08:00,0.09677344648959417,0.10049550980329514,0.09677344648959417,0.10049550980329514,950000,0.0,0.0
2011-01-19 00:00:00+08:00,0.10049550888595711,0.10421756107309202,0.09677344560623169,0.09677344560623169,2742000,0.0,0.0
2011-01-20 00:00:00+08:00,0.09677344086451001,0.09677344086451001,0.09305138885974884,0.09305138885974884,123000,0.0,0.0
2011-01-21 00:00:00+08:00,0.09305138885974884,0.09305138885974884,0.09305138885974884,0.09305138885974884,161000,0.0,0.0
2011-01-24 00:00:00+08:00,0.09305138885974884,0.09305138885974884,0.09305138885974884,0.09305138885974884,50000,0.0,0.0
2011-01-25 00:00:00+08:00,0.09305138885974884,0.09305138885974884,0.0893293313086927,0.09305138885974884,953000,0.0,0.0
2011-01-26 00:00:00+08:00,0.08932933956384659,0.09305139745886767,0.08932933956384659,0.08932933956384659,241000,0.0,0.0
2011-01-27 00:00:00+08:00,0.09305139745886767,0.09305139745886767,0.08932933956384659,0.08932933956384659,292000,0.0,0.0
2011-01-28 00:00:00+08:00,0.08932933956384659,0.08932933956384659,0.08932933956384659,0.08932933956384659,0,0.0,0.0
2011-01-31 00:00:00+08:00,0.08932933956384659,0.08932933956384659,0.08932933956384659,0.08932933956384659,447000,0.0,0.0
2011-02-01 00:00:00+08:00,0.08932933956384659,0.08932933956384659,0.08932933956384659,0.08932933956384659,200000,0.0,0.0
2011-02-02 00:00:00+08:00,0.08932933956384659,0.08932933956384659,0.08932933956384659,0.08932933956384659,126000,0.0,0.0
2011-02-07 00:00:00+08:00,0.08932933956384659,0.08932933956384659,0.08932933956384659,0.08932933956384659,110000,0.0,0.0
2011-02-08 00:00:00+08:00,0.08932933956384659,0.08932933956384659,0.08932933956384659,0.08932933956384659,0,0.0,0.0
2011-02-09 00:00:00+08:00,0.085607287215121,0.08932933956384659,0.085607287215121,0.08932933956384659,301000,0.0,0.0
2011-02-10 00:00:00+08:00,0.08560729026794434,0.08560729026794434,0.08560729026794434,0.08560729026794434,85000,0.0,0.0
2011-02-11 00:00:00+08:00,0.08560729026794434,0.08560729026794434,0.08188523224019173,0.08560729026794434,254000,0.0,0.0
2011-02-14 00:00:00+08:00,0.08188523224019173,0.08560729026794434,0.08188523224019173,0.08560729026794434,275000,0.0,0.0
2011-02-15 00:00:00+08:00,0.08560729026794434,0.08560729026794434,0.08560729026794434,0.08560729026794434,0,0.0,0.0
2011-02-16 00:00:00+08:00,0.08560729026794434,0.08560729026794434,0.08560729026794434,0.08560729026794434,30000,0.0,0.0
2011-02-17 00:00:00+08:00,0.08188522607088089,0.08188522607088089,0.08188522607088089,0.08188522607088089,25000,0.0,0.0
2011-02-18 00:00:00+08:00,0.08560729026794434,0.08560729026794434,0.08560729026794434,0.08560729026794434,253000,0.0,0.0
2011-02-21 00:00:00+08:00,0.08188523224019173,0.08560729026794434,0.08188523224019173,0.08560729026794434,373000,0.0,0.0
2011-02-22 00:00:00+08:00,0.081885234924757,0.081885234924757,0.07816317677497864,0.07816317677497864,565000,0.0,0.0
2011-02-23 00:00:00+08:00,0.0744411161225177,0.08188522607088089,0.0744411161225177,0.08188522607088089,108000,0.0,0.0
2011-02-24 00:00:00+08:00,0.08188522607088089,0.08188522607088089,0.08188522607088089,0.08188522607088089,0,0.0,0.0
2011-02-25 00:00:00+08:00,0.07816316832355166,0.08188522607088089,0.07816316832355166,0.08188522607088089,51000,0.0,0.0
2011-02-28 00:00:00+08:00,0.07816316832355166,0.08188522607088089,0.07816316832355166,0.08188522607088089,48000,0.0,0.0
2011-03-01 00:00:00+08:00,0.08188523224019173,0.08560729026794434,0.08188523224019173,0.08560729026794434,217000,0.0,0.0
2011-03-02 00:00:00+08:00,0.07816316832355166,0.08188522607088089,0.07816316832355166,0.08188522607088089,151000,0.0,0.0
2011-03-03 00:00:00+08:00,0.07816317677497864,0.07816317677497864,0.07816317677497864,0.07816317677497864,26000,0.0,0.0
2011-03-04 00:00:00+08:00,0.07816317677497864,0.07816317677497864,0.07444112417149615,0.07816317677497864,259000,0.0,0.0
2011-03-07 00:00:00+08:00,0.07444112417149615,0.07816317677497864,0.07444112417149615,0.07816317677497864,317000,0.0,0.0
2011-03-08 00:00:00+08:00,0.07444112417149615,0.07816317677497864,0.07071906602171778,0.07816317677497864,123000,0.0,0.0
2011-03-09 00:00:00+08:00,0.07444111257791519,0.07444111257791519,0.07444111257791519,0.07444111257791519,85000,0.0,0.0
2011-03-10 00:00:00+08:00,0.07071905500781618,0.07444111257791519,0.07071905500781618,0.07444111257791519,51000,0.0,0.0
2011-03-11 00:00:00+08:00,0.07444111257791519,0.07444111257791519,0.07444111257791519,0.07444111257791519,40000,0.0,0.0
2011-03-14 00:00:00+08:00,0.07071905500781618,0.07444111257791519,0.07071905500781618,0.07444111257791519,133000,0.0,0.0
2011-03-15 00:00:00+08:00,0.07071905583143234,0.07071905583143234,0.06699700376428017,0.07071905583143234,209000,0.0,0.0
2011-03-16 00:00:00+08:00,0.06699700376428017,0.07071905583143234,0.06699700376428017,0.07071905583143234,174000,0.0,0.0
2011-03-17 00:00:00+08:00,0.06699700653553009,0.06699700653553009,0.06699700653553009,0.06699700653553009,249000,0.0,0.0
2011-03-18 00:00:00+08:00,0.07071905583143234,0.07071905583143234,0.07071905583143234,0.07071905583143234,10000,0.0,0.0
2011-03-21 00:00:00+08:00,0.0632749461508329,0.07071905583143234,0.0632749461508329,0.07071905583143234,3000,0.0,0.0
2011-03-22 00:00:00+08:00,0.07071905583143234,0.07071905583143234,0.07071905583143234,0.07071905583143234,0,0.0,0.0
2011-03-23 00:00:00+08:00,0.07071905583143234,0.07071905583143234,0.07071905583143234,0.07071905583143234,0,0.0,0.0
2011-03-24 00:00:00+08:00,0.06699700376428017,0.07071905583143234,0.06699700376428017,0.07071905583143234,337000,0.0,0.0
2011-03-25 00:00:00+08:00,0.07071905583143234,0.07071905583143234,0.07071905583143234,0.07071905583143234,85000,0.0,0.0
2011-03-28 00:00:00+08:00,0.07071905583143234,0.07071905583143234,0.07071905583143234,0.07071905583143234,99000,0.0,0.0
2011-03-29 00:00:00+08:00,0.06699700376428017,0.07071905583143234,0.06699700376428017,0.07071905583143234,377000,0.0,0.0
2011-03-30 00:00:00+08:00,0.07071905583143234,0.07071905583143234,0.07071905583143234,0.07071905583143234,0,0.0,0.0
2011-03-31 00:00:00+08:00,0.07444112417149615,0.07816317677497864,0.07444112417149615,0.07816317677497864,754000,0.0,0.0
2011-04-01 00:00:00+08:00,0.07816316832355166,0.08188522607088089,0.07816316832355166,0.08188522607088089,247000,0.0,0.0
2011-04-04 00:00:00+08:00,0.07816316832355166,0.08188522607088089,0.07816316832355166,0.08188522607088089,121000,0.0,0.0
2011-04-05 00:00:00+08:00,0.07816316832355166,0.08188522607088089,0.07816316832355166,0.08188522607088089,32000,0.0,0.0
2011-04-06 00:00:00+08:00,0.08188522607088089,0.08560728381821013,0.08188522607088089,0.08188522607088089,101000,0.0,0.0
2011-04-07 00:00:00+08:00,0.07816317142507884,0.08932933956384659,0.07816317142507884,0.08932933956384659,365000,0.0,0.0
2011-04-08 00:00:00+08:00,0.085607287215121,0.08932933956384659,0.085607287215121,0.08932933956384659,327000,0.0,0.0
2011-04-11 00:00:00+08:00,0.08560729026794434,0.08560729026794434,0.08560729026794434,0.08560729026794434,268000,0.0,0.0
2011-04-12 00:00:00+08:00,0.085607287215121,0.08932933956384659,0.085607287215121,0.08932933956384659,254000,0.0,0.0
2011-04-13 00:00:00+08:00,0.08188523224019173,0.08560729026794434,0.07816317421243912,0.08560729026794434,609000,0.0,0.0
2011-04-14 00:00:00+08:00,0.07816317677497864,0.07816317677497864,0.07816317677497864,0.07816317677497864,837000,0.0,0.0
2011-04-15 00:00:00+08:00,0.07816317677497864,0.07816317677497864,0.07816317677497864,0.07816317677497864,0,0.0,0.0
2011-04-18 00:00:00+08:00,0.07444112417149615,0.07816317677497864,0.07444112417149615,0.07816317677497864,190000,0.0,0.0
2011-04-19 00:00:00+08:00,0.07444112417149615,0.07816317677497864,0.07444112417149615,0.07816317677497864,81000,0.0,0.0
2011-04-20 00:00:00+08:00,0.07816317677497864,0.07816317677497864,0.07444112417149615,0.07816317677497864,98000,0.0,0.0
2011-04-21 00:00:00+08:00,0.08188522607088089,0.08188522607088089,0.08188522607088089,0.08188522607088089,941000,0.0,0.0
2011-04-25 00:00:00+08:00,0.081885234924757,0.081885234924757,0.07816317677497864,0.07816317677497864,242000,0.0,0.0
2011-04-26 00:00:00+08:00,0.07816317677497864,0.07816317677497864,0.07816317677497864,0.07816317677497864,62000,0.0,0.0
2011-04-27 00:00:00+08:00,0.07816317677497864,0.07816317677497864,0.07816317677497864,0.07816317677497864,41000,0.0,0.0
2011-04-28 00:00:00+08:00,0.07444111257791519,0.07444111257791519,0.07444111257791519,0.07444111257791519,100000,0.0,0.0
2011-04-29 00:00:00+08:00,0.0781631646017192,0.0781631646017192,0.07444111257791519,0.07444111257791519,229000,0.0,0.0
2011-05-03 00:00:00+08:00,0.07816317677497864,0.07816317677497864,0.07816317677497864,0.07816317677497864,52000,0.0,0.0
2011-05-04 00:00:00+08:00,0.07444111257791519,0.07444111257791519,0.07444111257791519,0.07444111257791519,200000,0.0,0.0
2011-05-05 00:00:00+08:00,0.07444111257791519,0.07444111257791519,0.07444111257791519,0.07444111257791519,1000,0.0,0.0
2011-05-06 00:00:00+08:00,0.07816317677497864,0.07816317677497864,0.07816317677497864,0.07816317677497864,1000,0.0,0.0
2011-05-09 00:00:00+08:00,0.07816317677497864,0.07816317677497864,0.07816317677497864,0.07816317677497864,0,0.0,0.0
2011-05-10 00:00:00+08:00,0.07816317677497864,0.07816317677497864,0.07816317677497864,0.07816317677497864,0,0.0,0.0
2011-05-11 00:00:00+08:00,0.07816317677497864,0.07816317677497864,0.07816317677497864,0.07816317677497864,0,0.0,0.0
2011-05-12 00:00:00+08:00,0.07816317677497864,0.07816317677497864,0.07816317677497864,0.07816317677497864,79000,0.0,0.0
2011-05-13 00:00:00+08:00,0.07816317677497864,0.07816317677497864,0.07816317677497864,0.07816317677497864,106000,0.0,0.0
2011-05-16 00:00:00+08:00,0.07816317677497864,0.07816317677497864,0.07816317677497864,0.07816317677497864,195000,0.0,0.0
2011-05-18 00:00:00+08:00,0.07816317677497864,0.07816317677497864,0.07816317677497864,0.07816317677497864,60000,0.0,0.0
2011-05-19 00:00:00+08:00,0.07816317677497864,0.07816317677497864,0.07816317677497864,0.07816317677497864,0,0.0,0.0
2011-05-20 00:00:00+08:00,0.07816317677497864,0.07816317677497864,0.07816317677497864,0.07816317677497864,0,0.0,0.0
2011-05-23 00:00:00+08:00,0.07444112417149615,0.07816317677497864,0.07444112417149615,0.07816317677497864,281000,0.0,0.0
2011-05-24 00:00:00+08:00,0.07444111257791519,0.0781631646017192,0.07444111257791519,0.07444111257791519,80000,0.0,0.0
2011-05-25 00:00:00+08:00,0.07444111257791519,0.07444111257791519,0.07444111257791519,0.07444111257791519,0,0.0,0.0
2011-05-26 00:00:00+08:00,0.08188522607088089,0.08188522607088089,0.08188522607088089,0.08188522607088089,1000,0.0,0.0
2011-05-27 00:00:00+08:00,0.08188522607088089,0.08188522607088089,0.08188522607088089,0.08188522607088089,0,0.0,0.0
2011-05-30 00:00:00+08:00,0.08188522607088089,0.08188522607088089,0.08188522607088089,0.08188522607088089,0,0.0,0.0
2011-05-31 00:00:00+08:00,0.07444111257791519,0.07444111257791519,0.07444111257791519,0.07444111257791519,16000,0.0,0.0
2011-06-01 00:00:00+08:00,0.07444111257791519,0.07444111257791519,0.07444111257791519,0.07444111257791519,100000,0.0,0.0
2011-06-02 00:00:00+08:00,0.07816317677497864,0.07816317677497864,0.07816317677497864,0.07816317677497864,1000,0.0,0.0
2011-06-03 00:00:00+08:00,0.07816317677497864,0.07816317677497864,0.07444112417149615,0.07816317677497864,37000,0.0,0.0
2011-06-06 00:00:00+08:00,0.07444111257791519,0.07444111257791519,0.07444111257791519,0.07444111257791519,299000,0.0,0.0
2011-06-07 00:00:00+08:00,0.07444111257791519,0.07444111257791519,0.07444111257791519,0.07444111257791519,42000,0.0,0.0
2011-06-08 00:00:00+08:00,0.07444111257791519,0.07444111257791519,0.07444111257791519,0.07444111257791519,0,0.0,0.0
2011-06-09 00:00:00+08:00,0.07071905500781618,0.07444111257791519,0.07071905500781618,0.07444111257791519,101000,0.0,0.0
2011-06-10 00:00:00+08:00,0.07071905500781618,0.07444111257791519,0.07071905500781618,0.07444111257791519,21000,0.0,0.0
2011-06-13 00:00:00+08:00,0.07071905583143234,0.07071905583143234,0.07071905583143234,0.07071905583143234,228000,0.0,0.0
2011-06-14 00:00:00+08:00,0.06327494541391315,0.07444111257791519,0.06327494541391315,0.07444111257791519,362000,0.0,0.0
2011-06-15 00:00:00+08:00,0.07071905583143234,0.07071905583143234,0.07071905583143234,0.07071905583143234,48000,0.0,0.0
2011-06-16 00:00:00+08:00,0.06699700376428017,0.07071905583143234,0.06699700376428017,0.07071905583143234,60000,0.0,0.0
2011-06-17 00:00:00+08:00,0.07071905583143234,0.07071905583143234,0.06699700376428017,0.07071905583143234,210000,0.0,0.0
2011-06-20 00:00:00+08:00,0.07071905583143234,0.07071905583143234,0.07071905583143234,0.07071905583143234,0,0.0,0.0
2011-06-21 00:00:00+08:00,0.07071905500781618,0.07444111257791519,0.07071905500781618,0.07444111257791519,156000,0.0,0.0
2011-06-22 00:00:00+08:00,0.07444111257791519,0.07444111257791519,0.07444111257791519,0.07444111257791519,0,0.0,0.0
2011-06-23 00:00:00+08:00,0.07444111257791519,0.07444111257791519,0.07444111257791519,0.07444111257791519,0,0.0,0.0
2011-06-24 00:00:00+08:00,0.07071905500781618,0.07444111257791519,0.07071905500781618,0.07444111257791519,81000,0.0,0.0
2011-06-27 00:00:00+08:00,0.07071905583143234,0.07071905583143234,0.07071905583143234,0.07071905583143234,130000,0.0,0.0
2011-06-28 00:00:00+08:00,0.07444111257791519,0.07444111257791519,0.07444111257791519,0.07444111257791519,1000,0.0,0.0
2011-06-29 00:00:00+08:00,0.07444111257791519,0.07444111257791519,0.07444111257791519,0.07444111257791519,0,0.0,0.0
2011-06-30 00:00:00+08:00,0.07071905583143234,0.07071905583143234,0.07071905583143234,0.07071905583143234,40000,0.0,0.0
2011-07-01 00:00:00+08:00,0.07071905500781618,0.07444111257791519,0.07071905500781618,0.07444111257791519,164000,0.0,0.0
2011-07-04 00:00:00+08:00,0.07071905500781618,0.07444111257791519,0.07071905500781618,0.07444111257791519,66000,0.0,0.0
2011-07-05 00:00:00+08:00,0.07444111257791519,0.07444111257791519,0.07444111257791519,0.07444111257791519,0,0.0,0.0
2011-07-06 00:00:00+08:00,0.07444111257791519,0.07444111257791519,0.07444111257791519,0.07444111257791519,0,0.0,0.0
2011-07-07 00:00:00+08:00,0.06848583217670377,0.07369671016931534,0.06848583217670377,0.07369671016931534,30000,0.0,0.0
2011-07-08 00:00:00+08:00,0.06848583217670377,0.07369671016931534,0.06848583217670377,0.07369671016931534,41000,0.0,0.0
2011-07-11 00:00:00+08:00,0.07369671016931534,0.07369671016931534,0.06923024490316136,0.07369671016931534,42000,0.0,0.0
2011-07-12 00:00:00+08:00,0.06923024490316136,0.07369671016931534,0.06923024490316136,0.07369671016931534,36000,0.0,0.0
2011-07-13 00:00:00+08:00,0.07369671016931534,0.07369671016931534,0.07369671016931534,0.07369671016931534,0,0.0,0.0
2011-07-14 00:00:00+08:00,0.07369671016931534,0.07369671016931534,0.07369671016931534,0.07369671016931534,0,0.0,0.0
2011-07-15 00:00:00+08:00,0.06848582087958781,0.0729522854089737,0.06848582087958781,0.0729522854089737,10000,0.0,0.0
2011-07-18 00:00:00+08:00,0.06848582087958781,0.0729522854089737,0.06699700121855746,0.0729522854089737,445000,0.0,0.0
2011-07-19 00:00:00+08:00,0.06699700653553009,0.06699700653553009,0.06699700653553009,0.06699700653553009,300000,0.0,0.0
2011-07-20 00:00:00+08:00,0.06550817773745456,0.07444111257791519,0.06550817773745456,0.07444111257791519,3000,0.0,0.0
2011-07-21 00:00:00+08:00,0.06550817936658859,0.06550817936658859,0.06550817936658859,0.06550817936658859,100000,0.0,0.0
2011-07-22 00:00:00+08:00,0.06550817936658859,0.06550817936658859,0.06550817936658859,0.06550817936658859,0,0.0,0.0
2011-07-25 00:00:00+08:00,0.06550817936658859,0.06550817936658859,0.06550817936658859,0.06550817936658859,0,0.0,0.0
2011-07-26 00:00:00+08:00,0.06699700653553009,0.06699700653553009,0.06699700653553009,0.06699700653553009,20000,0.0,0.0
2011-07-27 00:00:00+08:00,0.06699700653553009,0.06699700653553009,0.06699700653553009,0.06699700653553009,0,0.0,0.0
2011-07-28 00:00:00+08:00,0.06699700653553009,0.06699700653553009,0.06699700653553009,0.06699700653553009,0,0.0,0.0
2011-07-29 00:00:00+08:00,0.06699700653553009,0.06699700653553009,0.06699700653553009,0.06699700653553009,0,0.0,0.0
2011-08-01 00:00:00+08:00,0.06699700653553009,0.06699700653553009,0.06699700653553009,0.06699700653553009,0,0.0,0.0
2011-08-02 00:00:00+08:00,0.06699700653553009,0.06699700653553009,0.06699700653553009,0.06699700653553009,0,0.0,0.0
2011-08-03 00:00:00+08:00,0.05955288853738565,0.0744411134448796,0.05955288853738565,0.07071905583143234,22000,0.0,0.0
2011-08-04 00:00:00+08:00,0.06029730116867301,0.07071905583065698,0.06029730116867301,0.06923023611307144,18000,0.0,0.0
2011-08-05 00:00:00+08:00,0.06923023611307144,0.06923023611307144,0.06923023611307144,0.06923023611307144,0,0.0,0.0
2011-08-08 00:00:00+08:00,0.06923023611307144,0.06923023611307144,0.06923023611307144,0.06923023611307144,0,0.0,0.0
2011-08-10 00:00:00+08:00,0.06923023611307144,0.06923023611307144,0.06923023611307144,0.06923023611307144,0,0.0,0.0
2011-08-11 00:00:00+08:00,0.05434201345412802,0.06699700653553009,0.05434201345412802,0.06699700653553009,201000,0.0,0.0
2011-08-12 00:00:00+08:00,0.06699700653553009,0.06699700653553009,0.06699700653553009,0.06699700653553009,0,0.0,0.0
2011-08-15 00:00:00+08:00,0.06699700653553009,0.06699700653553009,0.06699700653553009,0.06699700653553009,0,0.0,0.0
2011-08-16 00:00:00+08:00,0.06699700653553009,0.06699700653553009,0.06699700653553009,0.06699700653553009,102000,0.0,0.0
2011-08-17 00:00:00+08:00,0.06699700653553009,0.06699700653553009,0.06699700653553009,0.06699700653553009,0,0.0,0.0
2011-08-18 00:00:00+08:00,0.06699700653553009,0.06699700653553009,0.06699700653553009,0.06699700653553009,0,0.0,0.0
2011-08-19 00:00:00+08:00,0.05583084574052041,0.061786131146052733,0.05583084574052041,0.06104172393679619,200000,0.0,0.0
2011-08-22 00:00:00+08:00,0.05583083807431753,0.06029730290174484,0.05583083807431753,0.06029730290174484,157000,0.0,0.0
2011-08-23 00:00:00+08:00,0.05583084080140634,0.05806407332420349,0.05583084080140634,0.05806407332420349,48000,0.0,0.0
2011-08-24 00:00:00+08:00,0.05583084355840364,0.05806407619148063,0.05583084355840364,0.05731966346502304,143000,0.0,0.0
2011-08-25 00:00:00+08:00,0.05731966346502304,0.05731966346502304,0.05731966346502304,0.05731966346502304,0,0.0,0.0
2011-08-26 00:00:00+08:00,0.05731966346502304,0.05731966346502304,0.05731966346502304,0.05731966346502304,0,0.0,0.0
2011-08-29 00:00:00+08:00,0.05731966346502304,0.05731966346502304,0.05731966346502304,0.05731966346502304,0,0.0,0.0
2011-08-31 00:00:00+08:00,0.05285319452771378,0.06327494978904724,0.05285319452771378,0.06327494978904724,22000,0.0,0.0
2011-09-01 00:00:00+08:00,0.06327494978904724,0.06327494978904724,0.06327494978904724,0.06327494978904724,0,0.0,0.0
2011-09-02 00:00:00+08:00,0.06327494978904724,0.06327494978904724,0.06327494978904724,0.06327494978904724,0,0.0,0.0
2011-09-05 00:00:00+08:00,0.06327494978904724,0.06327494978904724,0.06327494978904724,0.06327494978904724,0,0.0,0.0
2011-09-06 00:00:00+08:00,0.06327494978904724,0.06327494978904724,0.06327494978904724,0.06327494978904724,0,0.0,0.0
2011-09-07 00:00:00+08:00,0.06327494978904724,0.06327494978904724,0.06327494978904724,0.06327494978904724,0,0.0,0.0
2011-09-08 00:00:00+08:00,0.06327494978904724,0.06327494978904724,0.06327494978904724,0.06327494978904724,0,0.0,0.0
2011-09-09 00:00:00+08:00,0.05880848318338394,0.05880848318338394,0.05880848318338394,0.05880848318338394,51000,0.0,0.0
2011-09-12 00:00:00+08:00,0.05880848318338394,0.05880848318338394,0.05880848318338394,0.05880848318338394,0,0.0,0.0
2011-09-13 00:00:00+08:00,0.054342012806470275,0.05880848318338394,0.054342012806470275,0.05880848318338394,31000,0.0,0.0
2011-09-14 00:00:00+08:00,0.05880848318338394,0.05880848318338394,0.05880848318338394,0.05880848318338394,0,0.0,0.0
2011-09-15 00:00:00+08:00,0.05583084355840364,0.05731966346502304,0.05583084355840364,0.05731966346502304,40000,0.0,0.0
2011-09-16 00:00:00+08:00,0.05657525294977696,0.06104172393679619,0.05657525294977696,0.06104172393679619,15000,0.0,0.0
2011-09-19 00:00:00+08:00,0.06104172393679619,0.06104172393679619,0.06104172393679619,0.06104172393679619,0,0.0,0.0
2011-09-20 00:00:00+08:00,0.06104172393679619,0.06104172393679619,0.06104172393679619,0.06104172393679619,0,0.0,0.0
2011-09-21 00:00:00+08:00,0.06104172393679619,0.06104172393679619,0.06104172393679619,0.06104172393679619,0,0.0,0.0
2011-09-22 00:00:00+08:00,0.06104172393679619,0.06104172393679619,0.06104172393679619,0.06104172393679619,0,0.0,0.0
2011-09-23 00:00:00+08:00,0.06104172393679619,0.06104172393679619,0.06104172393679619,0.06104172393679619,0,0.0,0.0
2011-09-26 00:00:00+08:00,0.05210878289921408,0.06327495105949535,0.05210878289921408,0.05806407332420349,47000,0.0,0.0
2011-09-27 00:00:00+08:00,0.05806407332420349,0.05806407332420349,0.05806407332420349,0.05806407332420349,0,0.0,0.0
2011-09-28 00:00:00+08:00,0.05210878289921408,0.05806407332420349,0.05210878289921408,0.05806407332420349,79000,0.0,0.0
2011-09-29 00:00:00+08:00,0.05806407332420349,0.05806407332420349,0.05806407332420349,0.05806407332420349,0,0.0,0.0
2011-09-30 00:00:00+08:00,0.05806407332420349,0.05806407332420349,0.05806407332420349,0.05806407332420349,0,0.0,0.0
2011-10-03 00:00:00+08:00,0.0521087856481194,0.05583084374666214,0.0521087856481194,0.05583084374666214,51000,0.0,0.0
2011-10-04 00:00:00+08:00,0.05583084374666214,0.05583084374666214,0.05583084374666214,0.05583084374666214,0,0.0,0.0
2011-10-05 00:00:00+08:00,0.04838672754957666,0.05583084374666214,0.04838672754957666,0.05583084374666214,21000,0.0,0.0
2011-10-06 00:00:00+08:00,0.047642319525871786,0.055830842761076645,0.04689790681004524,0.04689790681004524,178000,0.0,0.0
2011-10-07 00:00:00+08:00,0.04689790681004524,0.04689790681004524,0.046153494094218706,0.04689790681004524,128000,0.0,0.0
2011-10-10 00:00:00+08:00,0.046153496317954436,0.05061996728181839,0.046153496317954436,0.05061996728181839,86000,0.0,0.0
2011-10-11 00:00:00+08:00,0.05061996728181839,0.05061996728181839,0.05061996728181839,0.05061996728181839,32000,0.0,0.0
2011-10-12 00:00:00+08:00,0.05061996728181839,0.05061996728181839,0.05061996728181839,0.05061996728181839,52000,0.0,0.0
2011-10-13 00:00:00+08:00,0.05061996728181839,0.05061996728181839,0.05061996728181839,0.05061996728181839,0,0.0,0.0
2011-10-14 00:00:00+08:00,0.048386722803115845,0.048386722803115845,0.048386722803115845,0.048386722803115845,49000,0.0,0.0
2011-10-17 00:00:00+08:00,0.048386722803115845,0.048386722803115845,0.048386722803115845,0.048386722803115845,80000,0.0,0.0
2011-10-18 00:00:00+08:00,0.049131136387586594,0.049131136387586594,0.049131136387586594,0.049131136387586594,49000,0.0,0.0
2011-10-19 00:00:00+08:00,0.049131136387586594,0.049131136387586594,0.049131136387586594,0.049131136387586594,0,0.0,0.0
2011-10-20 00:00:00+08:00,0.049131136387586594,0.049131136387586594,0.049131136387586594,0.049131136387586594,0,0.0,0.0
2011-10-21 00:00:00+08:00,0.049131136387586594,0.049131136387586594,0.049131136387586594,0.049131136387586594,0,0.0,0.0
2011-10-24 00:00:00+08:00,0.049131136387586594,0.049131136387586594,0.049131136387586594,0.049131136387586594,0,0.0,0.0
2011-10-25 00:00:00+08:00,0.049131136387586594,0.049131136387586594,0.049131136387586594,0.049131136387586594,0,0.0,0.0
2011-10-27 00:00:00+08:00,0.04987554997205734,0.04987554997205734,0.04987554997205734,0.04987554997205734,25000,0.0,0.0
2011-10-28 00:00:00+08:00,0.04987554997205734,0.04987554997205734,0.04987554997205734,0.04987554997205734,0,0.0,0.0
2011-10-31 00:00:00+08:00,0.051364373415708535,0.052108786151872734,0.051364373415708535,0.05136437341570854,120000,0.0,0.0
2011-11-01 00:00:00+08:00,0.04987554997205734,0.04987554997205734,0.04987554997205734,0.04987554997205734,20000,0.0,0.0
2011-11-02 00:00:00+08:00,0.04987554997205734,0.04987554997205734,0.04987554997205734,0.04987554997205734,0,0.0,0.0
2011-11-03 00:00:00+08:00,0.04987554997205734,0.04987554997205734,0.04987554997205734,0.04987554997205734,0,0.0,0.0
2011-11-04 00:00:00+08:00,0.04987554997205734,0.04987554997205734,0.04987554997205734,0.04987554997205734,0,0.0,0.0
2011-11-08 00:00:00+08:00,0.04838672801734759,0.052108786151872734,0.04838672801734759,0.05136437341570854,9000,0.0,0.0
2011-11-09 00:00:00+08:00,0.048386722749631246,0.05285319313406945,0.048386722749631246,0.05285319313406944,71000,0.0,0.0
2011-11-10 00:00:00+08:00,0.05285319313406945,0.05285319313406945,0.05285319313406945,0.05285319313406944,0,0.0,0.0
2011-11-11 00:00:00+08:00,0.05285319313406945,0.05285319313406945,0.05285319313406945,0.05285319313406944,0,0.0,0.0
2011-11-14 00:00:00+08:00,0.05285319313406945,0.05285319313406945,0.05285319313406945,0.05285319313406944,0,0.0,0.0
2011-11-15 00:00:00+08:00,0.05285319313406945,0.05285319313406945,0.05285319313406945,0.05285319313406944,0,0.0,0.0
2011-11-16 00:00:00+08:00,0.05285319313406945,0.05285319313406945,0.05285319313406945,0.05285319313406944,0,0.0,0.0
2011-11-17 00:00:00+08:00,0.049131136387586594,0.049131136387586594,0.049131136387586594,0.049131136387586594,53000,0.0,0.0
2011-11-18 00:00:00+08:00,0.049131136387586594,0.049131136387586594,0.049131136387586594,0.049131136387586594,80000,0.0,0.0
2011-11-21 00:00:00+08:00,0.049131136387586594,0.049131136387586594,0.049131136387586594,0.049131136387586594,0,0.0,0.0
2011-11-22 00:00:00+08:00,0.049131136387586594,0.049131136387586594,0.049131136387586594,0.049131136387586594,0,0.0,0.0
2011-11-23 00:00:00+08:00,0.049131136387586594,0.049131136387586594,0.049131136387586594,0.049131136387586594,0,0.0,0.0
2011-11-24 00:00:00+08:00,0.0468979050735655,0.05955289304256439,0.0468979050735655,0.05955289304256439,48000,0.0,0.0
2011-11-25 00:00:00+08:00,0.05955289304256439,0.05955289304256439,0.05955289304256439,0.05955289304256439,0,0.0,0.0
2011-11-28 00:00:00+08:00,0.05955289304256439,0.05955289304256439,0.05955289304256439,0.05955289304256439,0,0.0,0.0
2011-11-29 00:00:00+08:00,0.05955289304256439,0.05955289304256439,0.05955289304256439,0.05955289304256439,0,0.0,0.0
2011-11-30 00:00:00+08:00,0.05955289304256439,0.05955289304256439,0.05955289304256439,0.05955289304256439,0,0.0,0.0
2011-12-01 00:00:00+08:00,0.04838672523258924,0.05359760299324989,0.04838672523258924,0.05359760299324989,301000,0.0,0.0
2011-12-02 00:00:00+08:00,0.046153492385302176,0.05955289304256439,0.046153492385302176,0.05955289304256439,11000,0.0,0.0
2011-12-05 00:00:00+08:00,0.05955289304256439,0.05955289304256439,0.05955289304256439,0.05955289304256439,0,0.0,0.0
2011-12-06 00:00:00+08:00,0.05955289304256439,0.05955289304256439,0.05955289304256439,0.05955289304256439,0,0.0,0.0
2011-12-07 00:00:00+08:00,0.052108786151872734,0.05880848968475882,0.04615349535515085,0.05136437341570854,193000,0.0,0.0
2011-12-08 00:00:00+08:00,0.04987555348967599,0.051364373415708535,0.04987555348967599,0.05136437341570854,111000,0.0,0.0
2011-12-09 00:00:00+08:00,0.048386722803115845,0.05136436788060093,0.048386722803115845,0.048386722803115845,79000,0.0,0.0
2011-12-12 00:00:00+08:00,0.048386722803115845,0.048386722803115845,0.048386722803115845,0.048386722803115845,0,0.0,0.0
2011-12-13 00:00:00+08:00,0.05583084374666214,0.05583084374666214,0.05583084374666214,0.05583084374666214,1000,0.0,0.0
2011-12-14 00:00:00+08:00,0.05583084374666214,0.05583084374666214,0.05583084374666214,0.05583084374666214,0,0.0,0.0
2011-12-15 00:00:00+08:00,0.046153490291840904,0.054342012852430344,0.046153490291840904,0.054342012852430344,52000,0.0,0.0
2011-12-16 00:00:00+08:00,0.04838672270903889,0.054342012852430344,0.04838672270903889,0.054342012852430344,151000,0.0,0.0
2011-12-19 00:00:00+08:00,0.045409079638724294,0.052108779549598694,0.045409079638724294,0.052108779549598694,31000,0.0,0.0
2011-12-20 00:00:00+08:00,0.052108779549598694,0.052108779549598694,0.052108779549598694,0.052108779549598694,0,0.0,0.0
2011-12-21 00:00:00+08:00,0.044664669781923294,0.05955289304256439,0.044664669781923294,0.05955289304256439,4000,0.0,0.0
2011-12-22 00:00:00+08:00,0.05955289304256439,0.05955289304256439,0.05955289304256439,0.05955289304256439,3000,0.0,0.0
2011-12-23 00:00:00+08:00,0.05955289304256439,0.05955289304256439,0.05955289304256439,0.05955289304256439,0,0.0,0.0
2011-12-27 00:00:00+08:00,0.05955289304256439,0.05955289304256439,0.05955289304256439,0.05955289304256439,0,0.0,0.0
2011-12-28 00:00:00+08:00,0.044664667686306406,0.06029730290174484,0.044664667686306406,0.06029730290174484,18000,0.0,0.0
2011-12-29 00:00:00+08:00,0.06029730290174484,0.06029730290174484,0.06029730290174484,0.06029730290174484,0,0.0,0.0
2011-12-30 00:00:00+08:00,0.06029730290174484,0.06029730290174484,0.06029730290174484,0.06029730290174484,0,0.0,0.0
2012-01-03 00:00:00+08:00,0.06029730290174484,0.06029730290174484,0.06029730290174484,0.06029730290174484,0,0.0,0.0
2012-01-04 00:00:00+08:00,0.06029730290174484,0.06029730290174484,0.06029730290174484,0.06029730290174484,0,0.0,0.0
2012-01-05 00:00:00+08:00,0.06029730290174484,0.06029730290174484,0.06029730290174484,0.06029730290174484,0,0.0,0.0
2012-01-06 00:00:00+08:00,0.06029730290174484,0.06029730290174484,0.06029730290174484,0.06029730290174484,0,0.0,0.0
2012-01-09 00:00:00+08:00,0.06029730290174484,0.06029730290174484,0.06029730290174484,0.06029730290174484,0,0.0,0.0
2012-01-10 00:00:00+08:00,0.04913114177843175,0.05210878723890906,0.04913114177843175,0.05061996728181839,90000,0.0,0.0
2012-01-11 00:00:00+08:00,0.052108779549598694,0.052108779549598694,0.052108779549598694,0.052108779549598694,15000,0.0,0.0
2012-01-12 00:00:00+08:00,0.052108779549598694,0.052108779549598694,0.052108779549598694,0.052108779549598694,0,0.0,0.0
2012-01-13 00:00:00+08:00,0.04689790214926834,0.052108779549598694,0.04615348950742253,0.052108779549598694,204000,0.0,0.0
2012-01-16 00:00:00+08:00,0.052108779549598694,0.052108779549598694,0.052108779549598694,0.052108779549598694,0,0.0,0.0
2012-01-17 00:00:00+08:00,0.052108779549598694,0.052108779549598694,0.052108779549598694,0.052108779549598694,0,0.0,0.0
2012-01-18 00:00:00+08:00,0.052108779549598694,0.052108779549598694,0.052108779549598694,0.052108779549598694,0,0.0,0.0
2012-01-19 00:00:00+08:00,0.052108779549598694,0.052108779549598694,0.052108779549598694,0.052108779549598694,120000,0.0,0.0
2012-01-20 00:00:00+08:00,0.052108779549598694,0.052108779549598694,0.052108779549598694,0.052108779549598694,0,0.0,0.0
2012-01-25 00:00:00+08:00,0.052108779549598694,0.052108779549598694,0.052108779549598694,0.052108779549598694,0,0.0,0.0
2012-01-26 00:00:00+08:00,0.052108779549598694,0.052108779549598694,0.052108779549598694,0.052108779549598694,50000,0.0,0.0
2012-01-27 00:00:00+08:00,0.04838672754957666,0.05583084374666214,0.04838672754957666,0.05583084374666214,162000,0.0,0.0
2012-01-30 00:00:00+08:00,0.0513643755950343,0.05508643388748169,0.050619968373581695,0.05508643388748169,95000,0.0,0.0
2012-01-31 00:00:00+08:00,0.05508643388748169,0.05508643388748169,0.05508643388748169,0.05508643388748169,0,0.0,0.0
2012-02-01 00:00:00+08:00,0.05508643388748169,0.05508643388748169,0.05508643388748169,0.05508643388748169,0,0.0,0.0
2012-02-02 00:00:00+08:00,0.05285319313406945,0.05285319313406945,0.05285319313406945,0.05285319313406944,8000,0.0,0.0
2012-02-03 00:00:00+08:00,0.054342015686571564,0.054342015686571564,0.05210878315290208,0.05359760299324989,91000,0.0,0.0
2012-02-06 00:00:00+08:00,0.05210878289921408,0.05806407332420349,0.05210878289921408,0.05806407332420349,291000,0.0,0.0
2012-02-07 00:00:00+08:00,0.05583084374666214,0.05583084374666214,0.05583084374666214,0.05583084374666214,50000,0.0,0.0
2012-02-08 00:00:00+08:00,0.05583084374666214,0.05583084374666214,0.05583084374666214,0.05583084374666214,0,0.0,0.0
2012-02-09 00:00:00+08:00,0.05583084374666214,0.05583084374666214,0.05583084374666214,0.05583084374666214,25000,0.0,0.0
2012-02-10 00:00:00+08:00,0.05583084374666214,0.05583084374666214,0.05583084374666214,0.05583084374666214,0,0.0,0.0
2012-02-13 00:00:00+08:00,0.05583084080140634,0.05806407332420349,0.05583084080140634,0.05806407332420349,100000,0.0,0.0
2012-02-14 00:00:00+08:00,0.05583084374666214,0.05583084374666214,0.05583084374666214,0.05583084374666214,100000,0.0,0.0
2012-02-15 00:00:00+08:00,0.05583084374666214,0.05583084374666214,0.05583084374666214,0.05583084374666214,0,0.0,0.0
2012-02-16 00:00:00+08:00,0.06401935964822769,0.06401935964822769,0.06401935964822769,0.06401935964822769,1000,0.0,0.0
2012-02-17 00:00:00+08:00,0.049131136700253805,0.06327494978904724,0.049131136700253805,0.06327494978904724,6000,0.0,0.0
2012-02-20 00:00:00+08:00,0.06327494978904724,0.06327494978904724,0.06327494978904724,0.06327494978904724,0,0.0,0.0
2012-02-21 00:00:00+08:00,0.06327494978904724,0.06327494978904724,0.06327494978904724,0.06327494978904724,0,0.0,0.0
2012-02-22 00:00:00+08:00,0.06327494978904724,0.06327494978904724,0.06327494978904724,0.06327494978904724,0,0.0,0.0
2012-02-23 00:00:00+08:00,0.04913113798658154,0.06625259667634964,0.04913113798658154,0.06625259667634964,2000,0.0,0.0
2012-02-24 00:00:00+08:00,0.06625259667634964,0.06625259667634964,0.06625259667634964,0.06625259667634964,0,0.0,0.0
2012-02-27 00:00:00+08:00,0.06625259667634964,0.06625259667634964,0.06625259667634964,0.06625259667634964,0,0.0,0.0
2012-02-28 00:00:00+08:00,0.06625259667634964,0.06625259667634964,0.06625259667634964,0.06625259667634964,0,0.0,0.0
2012-02-29 00:00:00+08:00,0.05210877954581321,0.06550817936658859,0.05210877954581321,0.06550817936658859,31000,0.0,0.0
2012-03-01 00:00:00+08:00,0.06550817936658859,0.06550817936658859,0.06550817936658859,0.06550817936658859,0,0.0,0.0
2012-03-02 00:00:00+08:00,0.050619963375063394,0.06625259667634964,0.050619963375063394,0.06625259667634964,12000,0.0,0.0
2012-03-05 00:00:00+08:00,0.06625259667634964,0.06625259667634964,0.06625259667634964,0.06625259667634964,0,0.0,0.0
2012-03-06 00:00:00+08:00,0.06625259667634964,0.06625259667634964,0.06625259667634964,0.06625259667634964,0,0.0,0.0
2012-03-07 00:00:00+08:00,0.06625259667634964,0.06625259667634964,0.06625259667634964,0.06625259667634964,0,0.0,0.0
2012-03-08 00:00:00+08:00,0.06625259667634964,0.06625259667634964,0.06625259667634964,0.06625259667634964,0,0.0,0.0
2012-03-09 00:00:00+08:00,0.06625259667634964,0.06625259667634964,0.06625259667634964,0.06625259667634964,0,0.0,0.0
2012-03-12 00:00:00+08:00,0.06625259667634964,0.06625259667634964,0.06625259667634964,0.06625259667634964,0,0.0,0.0
2012-03-13 00:00:00+08:00,0.06625259667634964,0.06625259667634964,0.06625259667634964,0.06625259667634964,0,0.0,0.0
2012-03-14 00:00:00+08:00,0.05955289196158727,0.06327494978904724,0.05955289196158727,0.06327494978904724,21000,0.0,0.0
2012-03-15 00:00:00+08:00,0.06327494978904724,0.06327494978904724,0.06327494978904724,0.06327494978904724,0,0.0,0.0
2012-03-16 00:00:00+08:00,0.05955289304256439,0.05955289304256439,0.05955289304256439,0.05955289304256439,30000,0.0,0.0
2012-03-19 00:00:00+08:00,0.05955289304256439,0.05955289304256439,0.05955289304256439,0.05955289304256439,0,0.0,0.0
2012-03-20 00:00:00+08:00,0.05955289304256439,0.05955289304256439,0.05955289304256439,0.05955289304256439,0,0.0,0.0
2012-03-21 00:00:00+08:00,0.05955289304256439,0.05955289304256439,0.05955289304256439,0.05955289304256439,0,0.0,0.0
2012-03-22 00:00:00+08:00,0.05955289304256439,0.05955289304256439,0.05955289304256439,0.05955289304256439,0,0.0,0.0
2012-03-23 00:00:00+08:00,0.05955289304256439,0.05955289304256439,0.05955289304256439,0.05955289304256439,0,0.0,0.0
2012-03-26 00:00:00+08:00,0.05955289304256439,0.05955289304256439,0.05955289304256439,0.05955289304256439,0,0.0,0.0
2012-03-27 00:00:00+08:00,0.05955289304256439,0.05955289304256439,0.05955289304256439,0.05955289304256439,0,0.0,0.0
2012-03-28 00:00:00+08:00,0.05955289304256439,0.05955289304256439,0.05955289304256439,0.05955289304256439,0,0.0,0.0
2012-03-29 00:00:00+08:00,0.05955289304256439,0.05955289304256439,0.05955289304256439,0.05955289304256439,0,0.0,0.0
2012-03-30 00:00:00+08:00,0.05955289304256439,0.05955289304256439,0.05955289304256439,0.05955289304256439,0,0.0,0.0
2012-04-02 00:00:00+08:00,0.05657524680887837,0.06327494978904724,0.05657524680887837,0.06327494978904724,21000,0.0,0.0
2012-04-03 00:00:00+08:00,0.06327494978904724,0.06327494978904724,0.06327494978904724,0.06327494978904724,0,0.0,0.0
2012-04-04 00:00:00+08:00,0.048386722749631246,0.05955289039128388,0.048386722749631246,0.05285319313406944,475000,0.0,0.0
2012-04-05 00:00:00+08:00,0.05359760024289644,0.05434201289801868,0.048386722749631246,0.05285319313406944,376000,0.0,0.0
2012-04-09 00:00:00+08:00,0.05136436788060093,0.05136436788060093,0.048386722803115845,0.048386722803115845,47000,0.0,0.0
2012-04-10 00:00:00+08:00,0.048386721886664805,0.052108779549598694,0.048386721886664805,0.052108779549598694,201000,0.0,0.0
2012-04-11 00:00:00+08:00,0.04764231862920674,0.04913113848654339,0.040198205476784495,0.04615349322557449,736000,0.0,0.0
2012-04-12 00:00:00+08:00,0.044664669781923294,0.04540908247018661,0.040942614660049954,0.044664669781923294,1204000,0.0,0.0
2012-04-13 00:00:00+08:00,0.045409081428799306,0.04764231666922569,0.045409081428799306,0.04764231666922569,577000,0.0,0.0
2012-04-16 00:00:00+08:00,0.04689790399803433,0.04764231666922569,0.04615349132684298,0.04764231666922569,2019000,0.0,0.0
2012-04-17 00:00:00+08:00,0.04615349132684298,0.04764231666922569,0.04615349132684298,0.04764231666922569,287000,0.0,0.0
2012-04-18 00:00:00+08:00,0.04689790681004524,0.04689790681004524,0.04689790681004524,0.04689790681004524,104000,0.0,0.0
2012-04-19 00:00:00+08:00,0.04689790681004524,0.04689790681004524,0.04689790681004524,0.04689790681004524,0,0.0,0.0
2012-04-20 00:00:00+08:00,0.04689790681004524,0.04689790681004524,0.04689790681004524,0.04689790681004524,0,0.0,0.0
2012-04-23 00:00:00+08:00,0.04615349125382722,0.049131136387586594,0.04615349125382722,0.049131136387586594,161000,0.0,0.0
2012-04-24 00:00:00+08:00,0.04615349132684298,0.04764231666922569,0.04615349132684298,0.04764231666922569,14000,0.0,0.0
2012-04-25 00:00:00+08:00,0.04764231666922569,0.04764231666922569,0.04764231666922569,0.04764231666922569,110000,0.0,0.0
2012-04-26 00:00:00+08:00,0.04764231666922569,0.04764231666922569,0.04764231666922569,0.04764231666922569,0,0.0,0.0
2012-04-27 00:00:00+08:00,0.05061996728181839,0.05061996728181839,0.05061996728181839,0.05061996728181839,1000,0.0,0.0
2012-04-30 00:00:00+08:00,0.04838672371757291,0.049131136387586594,0.04838672371757291,0.049131136387586594,116000,0.0,0.0
2012-05-02 00:00:00+08:00,0.049131136387586594,0.049131136387586594,0.049131136387586594,0.049131136387586594,0,0.0,0.0
2012-05-03 00:00:00+08:00,0.049131136387586594,0.049131136387586594,0.049131136387586594,0.049131136387586594,0,0.0,0.0
2012-05-04 00:00:00+08:00,0.049131136387586594,0.049131136387586594,0.049131136387586594,0.049131136387586594,0,0.0,0.0
2012-05-07 00:00:00+08:00,0.04317584717854441,0.044664669781923294,0.04317584717854441,0.044664669781923294,224000,0.0,0.0
2012-05-08 00:00:00+08:00,0.044664669781923294,0.044664669781923294,0.04317584717854441,0.044664669781923294,279000,0.0,0.0
2012-05-09 00:00:00+08:00,0.04317584877720824,0.04689790681004524,0.042431438834529545,0.04689790681004524,124000,0.0,0.0
2012-05-10 00:00:00+08:00,0.04689790681004524,0.04689790681004524,0.04689790681004524,0.04689790681004524,0,0.0,0.0
2012-05-11 00:00:00+08:00,0.043920259922742844,0.043920259922742844,0.043920259922742844,0.043920259922742844,51000,0.0,0.0
2012-05-14 00:00:00+08:00,0.040942614660049954,0.044664669781923294,0.040942614660049954,0.044664669781923294,11000,0.0,0.0
2012-05-15 00:00:00+08:00,0.041687026537015816,0.043175846338272095,0.040198203962611846,0.043175846338272095,162000,0.0,0.0
2012-05-16 00:00:00+08:00,0.03870938060556102,0.040942613035440445,0.03722055806125885,0.040942613035440445,223000,0.0,0.0
2012-05-17 00:00:00+08:00,0.040198206029124196,0.040198206029124196,0.037220560727241246,0.039453793317079544,146000,0.0,0.0
2012-05-18 00:00:00+08:00,0.03647614542648662,0.040198203176259995,0.03647614542648662,0.040198203176259995,140000,0.0,0.0
2012-05-21 00:00:00+08:00,0.040198203176259995,0.040198203176259995,0.040198203176259995,0.040198203176259995,0,0.0,0.0
2012-05-22 00:00:00+08:00,0.040198203176259995,0.040198203176259995,0.040198203176259995,0.040198203176259995,0,0.0,0.0
2012-05-23 00:00:00+08:00,0.040198203176259995,0.040198203176259995,0.040198203176259995,0.040198203176259995,0,0.0,0.0
2012-05-24 00:00:00+08:00,0.040198203176259995,0.040198203176259995,0.040198203176259995,0.040198203176259995,0,0.0,0.0
2012-05-25 00:00:00+08:00,0.040198203176259995,0.040198203176259995,0.040198203176259995,0.040198203176259995,0,0.0,0.0
2012-05-28 00:00:00+08:00,0.040198203176259995,0.040198203176259995,0.040198203176259995,0.040198203176259995,0,0.0,0.0
2012-05-29 00:00:00+08:00,0.040198203176259995,0.040198203176259995,0.040198203176259995,0.040198203176259995,0,0.0,0.0
2012-05-30 00:00:00+08:00,0.040198203176259995,0.040198203176259995,0.040198203176259995,0.040198203176259995,0,0.0,0.0
2012-05-31 00:00:00+08:00,0.040198203176259995,0.040198203176259995,0.040198203176259995,0.040198203176259995,0,0.0,0.0
2012-06-01 00:00:00+08:00,0.037964966139088896,0.0387093787623677,0.037220556288957596,0.037220556288957596,561000,0.0,0.0
2012-06-04 00:00:00+08:00,0.040198203176259995,0.040198203176259995,0.040198203176259995,0.040198203176259995,3000,0.0,0.0
2012-06-05 00:00:00+08:00,0.040198203176259995,0.040198203176259995,0.040198203176259995,0.040198203176259995,0,0.0,0.0
2012-06-06 00:00:00+08:00,0.040198203176259995,0.040198203176259995,0.040198203176259995,0.040198203176259995,115000,0.0,0.0
2012-06-07 00:00:00+08:00,0.040198203176259995,0.040198203176259995,0.040198203176259995,0.040198203176259995,0,0.0,0.0
2012-06-08 00:00:00+08:00,0.040198203176259995,0.040198203176259995,0.040198203176259995,0.040198203176259995,0,0.0,0.0
2012-06-11 00:00:00+08:00,0.040198203176259995,0.040198203176259995,0.040198203176259995,0.040198203176259995,0,0.0,0.0
2012-06-12 00:00:00+08:00,0.040198203176259995,0.040198203176259995,0.040198203176259995,0.040198203176259995,0,0.0,0.0
2012-06-13 00:00:00+08:00,0.040198203176259995,0.040198203176259995,0.040198203176259995,0.040198203176259995,0,0.0,0.0
2012-06-14 00:00:00+08:00,0.040198203176259995,0.040198203176259995,0.040198203176259995,0.040198203176259995,0,0.0,0.0
2012-06-15 00:00:00+08:00,0.040198203176259995,0.040198203176259995,0.040198203176259995,0.040198203176259995,0,0.0,0.0
2012-06-18 00:00:00+08:00,0.040198203176259995,0.040198203176259995,0.040198203176259995,0.040198203176259995,0,0.0,0.0
2012-06-19 00:00:00+08:00,0.040198203176259995,0.040198203176259995,0.040198203176259995,0.040198203176259995,0,0.0,0.0
2012-06-20 00:00:00+08:00,0.034987322986125946,0.034987322986125946,0.034987322986125946,0.034987322986125946,80000,0.0,0.0
2012-06-21 00:00:00+08:00,0.034987322986125946,0.034987322986125946,0.034987322986125946,0.034987322986125946,0,0.0,0.0
2012-06-22 00:00:00+08:00,0.034987322986125946,0.034987322986125946,0.034987322986125946,0.034987322986125946,0,0.0,0.0
2012-06-25 00:00:00+08:00,0.033498503267765045,0.033498503267765045,0.033498503267765045,0.033498503267765045,15000,0.0,0.0
2012-06-26 00:00:00+08:00,0.033498503267765045,0.033498503267765045,0.033498503267765045,0.033498503267765045,0,0.0,0.0
2012-06-27 00:00:00+08:00,0.033498503267765045,0.033498503267765045,0.033498503267765045,0.033498503267765045,0,0.0,0.0
2012-06-28 00:00:00+08:00,0.033498503267765045,0.033498503267765045,0.033498503267765045,0.033498503267765045,30000,0.0,0.0
2012-06-29 00:00:00+08:00,0.037964969873428345,0.037964969873428345,0.037220559950074825,0.037964969873428345,298000,0.0,0.0
2012-07-02 00:00:00+08:00,0.037964969873428345,0.037964969873428345,0.037964969873428345,0.037964969873428345,0,0.0,0.0
2012-07-03 00:00:00+08:00,0.03870938256992964,0.03870938256992964,0.037964969873428345,0.037964969873428345,180000,0.0,0.0
2012-07-04 00:00:00+08:00,0.037964969873428345,0.037964969873428345,0.037964969873428345,0.037964969873428345,0,0.0,0.0
2012-07-05 00:00:00+08:00,0.03498732543630645,0.038709383457899094,0.03498732543630645,0.038709383457899094,120000,0.0,0.0
2012-07-06 00:00:00+08:00,0.03870938063098017,0.040198203176259995,0.03647614542648662,0.040198203176259995,234000,0.0,0.0
2012-07-09 00:00:00+08:00,0.040198203176259995,0.040198203176259995,0.040198203176259995,0.040198203176259995,0,0.0,0.0
2012-07-10 00:00:00+08:00,0.040198203176259995,0.040198203176259995,0.040198203176259995,0.040198203176259995,0,0.0,0.0
2012-07-11 00:00:00+08:00,0.040198203176259995,0.040198203176259995,0.040198203176259995,0.040198203176259995,0,0.0,0.0
2012-07-12 00:00:00+08:00,0.037220556288957596,0.037220556288957596,0.037220556288957596,0.037220556288957596,40000,0.0,0.0
2012-07-13 00:00:00+08:00,0.037220556288957596,0.037220556288957596,0.037220556288957596,0.037220556288957596,0,0.0,0.0
2012-07-16 00:00:00+08:00,0.03945379339832892,0.04019820611190659,0.038709383457899094,0.038709383457899094,689000,0.0,0.0
2012-07-17 00:00:00+08:00,0.037220556288957596,0.037220556288957596,0.037220556288957596,0.037220556288957596,5000,0.0,0.0
2012-07-18 00:00:00+08:00,0.037220559950074825,0.037964969873428345,0.037220559950074825,0.037964969873428345,155000,0.0,0.0
2012-07-19 00:00:00+08:00,0.037964969873428345,0.037964969873428345,0.037964969873428345,0.037964969873428345,0,0.0,0.0
2012-07-20 00:00:00+08:00,0.03796497074432143,0.038709383457899094,0.03796497074432143,0.038709383457899094,230000,0.0,0.0
2012-07-23 00:00:00+08:00,0.037220556288957596,0.037220556288957596,0.037220556288957596,0.037220556288957596,190000,0.0,0.0
2012-07-24 00:00:00+08:00,0.037220556288957596,0.037220556288957596,0.037220556288957596,0.037220556288957596,0,0.0,0.0
2012-07-25 00:00:00+08:00,0.034987322986125946,0.034987322986125946,0.034987322986125946,0.034987322986125946,51000,0.0,0.0
2012-07-26 00:00:00+08:00,0.034987322986125946,0.034987322986125946,0.034987322986125946,0.034987322986125946,0,0.0,0.0
2012-07-27 00:00:00+08:00,0.034987322986125946,0.034987322986125946,0.034987322986125946,0.034987322986125946,0,0.0,0.0
2012-07-30 00:00:00+08:00,0.034987322986125946,0.034987322986125946,0.034987322986125946,0.034987322986125946,0,0.0,0.0
2012-07-31 00:00:00+08:00,0.034987322986125946,0.034987322986125946,0.034987322986125946,0.034987322986125946,0,0.0,0.0
2012-08-01 00:00:00+08:00,0.037220556288957596,0.037220556288957596,0.037220556288957596,0.037220556288957596,230000,0.0,0.0
2012-08-02 00:00:00+08:00,0.037220556288957596,0.037220556288957596,0.037220556288957596,0.037220556288957596,0,0.0,0.0
2012-08-03 00:00:00+08:00,0.037220556288957596,0.037220556288957596,0.037220556288957596,0.037220556288957596,0,0.0,0.0
2012-08-06 00:00:00+08:00,0.037220556288957596,0.037220556288957596,0.037220556288957596,0.037220556288957596,140000,0.0,0.0
2012-08-07 00:00:00+08:00,0.037220556288957596,0.037220556288957596,0.037220556288957596,0.037220556288957596,0,0.0,0.0
2012-08-08 00:00:00+08:00,0.035731732845306396,0.03647614267522438,0.035731732845306396,0.035731732845306396,75000,0.0,0.0
2012-08-10 00:00:00+08:00,0.035731732845306396,0.035731732845306396,0.035731732845306396,0.035731732845306396,3000,0.0,0.0
2012-08-13 00:00:00+08:00,0.035731732845306396,0.035731732845306396,0.035731732845306396,0.035731732845306396,7000,0.0,0.0
2012-08-14 00:00:00+08:00,0.035731732845306396,0.035731732845306396,0.035731732845306396,0.035731732845306396,0,0.0,0.0
2012-08-15 00:00:00+08:00,0.037220556288957596,0.037220556288957596,0.037220556288957596,0.037220556288957596,60000,0.0,0.0
2012-08-16 00:00:00+08:00,0.037220556288957596,0.037220556288957596,0.037220556288957596,0.037220556288957596,0,0.0,0.0
2012-08-17 00:00:00+08:00,0.037220556288957596,0.037220556288957596,0.037220556288957596,0.037220556288957596,248000,0.0,0.0
2012-08-21 00:00:00+08:00,0.037220556288957596,0.037220556288957596,0.037220556288957596,0.037220556288957596,0,0.0,0.0
2012-08-22 00:00:00+08:00,0.037220556288957596,0.0387093787623677,0.037220556288957596,0.037220556288957596,16000,0.0,0.0
2012-08-23 00:00:00+08:00,0.037220556288957596,0.037220556288957596,0.037220556288957596,0.037220556288957596,0,0.0,0.0
2012-08-24 00:00:00+08:00,0.037964969873428345,0.037964969873428345,0.037964969873428345,0.037964969873428345,14000,0.0,0.0
2012-08-27 00:00:00+08:00,0.03870937771127317,0.03870937771127317,0.035731732845306396,0.035731732845306396,156000,0.0,0.0
2012-08-28 00:00:00+08:00,0.035731732845306396,0.035731732845306396,0.035731732845306396,0.035731732845306396,76000,0.0,0.0
2012-08-29 00:00:00+08:00,0.035731732845306396,0.035731732845306396,0.035731732845306396,0.035731732845306396,0,0.0,0.0
2012-08-30 00:00:00+08:00,0.035731732845306396,0.035731732845306396,0.035731732845306396,0.035731732845306396,0,0.0,0.0
2012-08-31 00:00:00+08:00,0.035731732845306396,0.035731732845306396,0.035731732845306396,0.035731732845306396,0,0.0,0.0
2012-09-03 00:00:00+08:00,0.035731732845306396,0.035731732845306396,0.035731732845306396,0.035731732845306396,0,0.0,0.0
2012-09-04 00:00:00+08:00,0.035731732845306396,0.035731732845306396,0.035731732845306396,0.035731732845306396,0,0.0,0.0
2012-09-05 00:00:00+08:00,0.037220556288957596,0.037220556288957596,0.037220556288957596,0.037220556288957596,15000,0.0,0.0
2012-09-06 00:00:00+08:00,0.037220556288957596,0.037220556288957596,0.037220556288957596,0.037220556288957596,0,0.0,0.0
2012-09-07 00:00:00+08:00,0.037220556288957596,0.037220556288957596,0.037220556288957596,0.037220556288957596,30000,0.0,0.0
2012-09-10 00:00:00+08:00,0.037220556288957596,0.037220556288957596,0.037220556288957596,0.037220556288957596,0,0.0,0.0
2012-09-11 00:00:00+08:00,0.0401982012357778,0.0401982012357778,0.037220556288957596,0.037220556288957596,85000,0.0,0.0
2012-09-12 00:00:00+08:00,0.037964969873428345,0.037964969873428345,0.037964969873428345,0.037964969873428345,19000,0.0,0.0
2012-09-13 00:00:00+08:00,0.03870938063098017,0.040198203176259995,0.03870938063098017,0.040198203176259995,25000,0.0,0.0
2012-09-14 00:00:00+08:00,0.03796497066613806,0.04094261596802102,0.03796497066613806,0.039453793317079544,53000,0.0,0.0
2012-09-17 00:00:00+08:00,0.040198204001878075,0.042431436479091644,0.040198204001878075,0.042431436479091644,235000,0.0,0.0
2012-09-18 00:00:00+08:00,0.042431436479091644,0.042431436479091644,0.042431436479091644,0.042431436479091644,0,0.0,0.0
2012-09-19 00:00:00+08:00,0.042431436479091644,0.042431436479091644,0.042431436479091644,0.042431436479091644,0,0.0,0.0
2012-09-20 00:00:00+08:00,0.042431436479091644,0.042431436479091644,0.042431436479091644,0.042431436479091644,0,0.0,0.0
2012-09-21 00:00:00+08:00,0.042431436479091644,0.042431436479091644,0.042431436479091644,0.042431436479091644,0,0.0,0.0
2012-09-24 00:00:00+08:00,0.038709383457899094,0.040942616052336414,0.038709383457899094,0.038709383457899094,18000,0.0,0.0
2012-09-25 00:00:00+08:00,0.038709383457899094,0.038709383457899094,0.038709383457899094,0.038709383457899094,0,0.0,0.0
2012-09-26 00:00:00+08:00,0.038709383457899094,0.0424314387063439,0.038709383457899094,0.038709383457899094,116000,0.0,0.0
2012-09-27 00:00:00+08:00,0.038709383457899094,0.038709383457899094,0.038709383457899094,0.038709383457899094,0,0.0,0.0
2012-09-28 00:00:00+08:00,0.039453793317079544,0.042431438618962494,0.039453793317079544,0.039453793317079544,23000,0.0,0.0
2012-10-01 00:00:00+08:00,0.039453793317079544,0.039453793317079544,0.039453793317079544,0.039453793317079544,0,0.0,0.0
2012-10-02 00:00:00+08:00,0.039453793317079544,0.039453793317079544,0.039453793317079544,0.039453793317079544,0,0.0,0.0
2012-10-03 00:00:00+08:00,0.039453790491138285,0.040942613035440445,0.039453790491138285,0.040942613035440445,300000,0.0,0.0
2012-10-04 00:00:00+08:00,0.038709383457899094,0.038709383457899094,0.038709383457899094,0.038709383457899094,50000,0.0,0.0
2012-10-05 00:00:00+08:00,0.038709383457899094,0.038709383457899094,0.038709383457899094,0.038709383457899094,0,0.0,0.0
2012-10-08 00:00:00+08:00,0.038709383457899094,0.038709383457899094,0.038709383457899094,0.038709383457899094,0,0.0,0.0
2012-10-09 00:00:00+08:00,0.038709383457899094,0.038709383457899094,0.038709383457899094,0.038709383457899094,0,0.0,0.0
2012-10-10 00:00:00+08:00,0.037964969873428345,0.037964969873428345,0.037964969873428345,0.037964969873428345,30000,0.0,0.0
2012-10-11 00:00:00+08:00,0.037964969873428345,0.037964969873428345,0.037964969873428345,0.037964969873428345,0,0.0,0.0
2012-10-12 00:00:00+08:00,0.037964969873428345,0.037964969873428345,0.037964969873428345,0.037964969873428345,45000,0.0,0.0
2012-10-15 00:00:00+08:00,0.037964966139088896,0.037964966139088896,0.037220556288957596,0.037220556288957596,200000,0.0,0.0
2012-10-16 00:00:00+08:00,0.0342429094016552,0.0342429094016552,0.0342429094016552,0.0342429094016552,3000,0.0,0.0
2012-10-17 00:00:00+08:00,0.037220556288957596,0.037220556288957596,0.037220556288957596,0.037220556288957596,149000,0.0,0.0
2012-10-18 00:00:00+08:00,0.034987322986125946,0.034987322986125946,0.034987322986125946,0.034987322986125946,21000,0.0,0.0
2012-10-19 00:00:00+08:00,0.034987322986125946,0.034987322986125946,0.034987322986125946,0.034987322986125946,0,0.0,0.0
2012-10-22 00:00:00+08:00,0.034987322986125946,0.034987322986125946,0.034987322986125946,0.034987322986125946,1000,0.0,0.0
2012-10-23 00:00:00+08:00,0.034987322986125946,0.034987322986125946,0.034987322986125946,0.034987322986125946,0,0.0,0.0
2012-10-24 00:00:00+08:00,0.03498732024224099,0.035731732845306396,0.03498732024224099,0.035731732845306396,20000,0.0,0.0
2012-10-25 00:00:00+08:00,0.035731732845306396,0.035731732845306396,0.035731732845306396,0.035731732845306396,0,0.0,0.0
2012-10-29 00:00:00+08:00,0.03647614270448685,0.03647614270448685,0.03647614270448685,0.03647614270448685,50000,0.0,0.0
2012-10-30 00:00:00+08:00,0.0342429094016552,0.0342429094016552,0.0342429094016552,0.0342429094016552,50000,0.0,0.0
2012-10-31 00:00:00+08:00,0.03870938256992964,0.03870938256992964,0.037964969873428345,0.037964969873428345,416000,0.0,0.0
2012-11-01 00:00:00+08:00,0.037964969873428345,0.037964969873428345,0.037964969873428345,0.037964969873428345,0,0.0,0.0
2012-11-02 00:00:00+08:00,0.037964969873428345,0.037964969873428345,0.037964969873428345,0.037964969873428345,0,0.0,0.0
2012-11-05 00:00:00+08:00,0.0342429094016552,0.0342429094016552,0.0342429094016552,0.0342429094016552,115000,0.0,0.0
2012-11-06 00:00:00+08:00,0.0342429094016552,0.0342429094016552,0.0342429094016552,0.0342429094016552,0,0.0,0.0
2012-11-07 00:00:00+08:00,0.0342429094016552,0.0342429094016552,0.0342429094016552,0.0342429094016552,0,0.0,0.0
2012-11-08 00:00:00+08:00,0.032754089683294296,0.032754089683294296,0.032754089683294296,0.032754089683294296,7000,0.0,0.0
2012-11-09 00:00:00+08:00,0.037220556288957596,0.037964966139088896,0.037220556288957596,0.037220556288957596,590000,0.0,0.0
2012-11-12 00:00:00+08:00,0.037220556288957596,0.037220556288957596,0.037220556288957596,0.037220556288957596,0,0.0,0.0
2012-11-14 00:00:00+08:00,0.037220556288957596,0.037220556288957596,0.037220556288957596,0.037220556288957596,0,0.0,0.0
2012-11-15 00:00:00+08:00,0.037220556288957596,0.037220556288957596,0.037220556288957596,0.037220556288957596,0,0.0,0.0
2012-11-16 00:00:00+08:00,0.037220556288957596,0.037220556288957596,0.037220556288957596,0.037220556288957596,50000,0.0,0.0
2012-11-19 00:00:00+08:00,0.037220556288957596,0.037220556288957596,0.037220556288957596,0.037220556288957596,0,0.0,0.0
2012-11-20 00:00:00+08:00,0.037220556288957596,0.037220556288957596,0.037220556288957596,0.037220556288957596,0,0.0,0.0
2012-11-21 00:00:00+08:00,0.037220556288957596,0.037220556288957596,0.037220556288957596,0.037220556288957596,0,0.0,0.0
2012-11-22 00:00:00+08:00,0.032009679824113846,0.032009679824113846,0.032009679824113846,0.032009679824113846,120000,0.0,0.0
2012-11-23 00:00:00+08:00,0.032754089683294296,0.032754089683294296,0.032754089683294296,0.032754089683294296,181000,0.0,0.0
2012-11-26 00:00:00+08:00,0.032754089683294296,0.032754089683294296,0.032754089683294296,0.032754089683294296,0,0.0,0.0
2012-11-27 00:00:00+08:00,0.032754089683294296,0.032754089683294296,0.032754089683294296,0.032754089683294296,0,0.0,0.0
2012-11-28 00:00:00+08:00,0.032009679824113846,0.032009679824113846,0.032009679824113846,0.032009679824113846,8000,0.0,0.0
2012-11-29 00:00:00+08:00,0.032754089683294296,0.032754089683294296,0.032754089683294296,0.032754089683294296,5000,0.0,0.0
2012-11-30 00:00:00+08:00,0.032754089683294296,0.032754089683294296,0.032754089683294296,0.032754089683294296,0,0.0,0.0
2012-12-03 00:00:00+08:00,0.032009679824113846,0.032009679824113846,0.032009679824113846,0.032009679824113846,2000,0.0,0.0
2012-12-04 00:00:00+08:00,0.03498732024224099,0.035731732845306396,0.03424291041232301,0.035731732845306396,212000,0.0,0.0
2012-12-05 00:00:00+08:00,0.032754089683294296,0.032754089683294296,0.032754089683294296,0.032754089683294296,50000,0.0,0.0
2012-12-06 00:00:00+08:00,0.032754089683294296,0.032754089683294296,0.032754089683294296,0.032754089683294296,0,0.0,0.0
2012-12-07 00:00:00+08:00,0.033498503267765045,0.033498503267765045,0.033498503267765045,0.033498503267765045,100000,0.0,0.0
2012-12-10 00:00:00+08:00,0.032754089683294296,0.032754089683294296,0.032754089683294296,0.032754089683294296,20000,0.0,0.0
2012-12-11 00:00:00+08:00,0.032754089683294296,0.032754089683294296,0.032754089683294296,0.032754089683294296,0,0.0,0.0
2012-12-12 00:00:00+08:00,0.033498503267765045,0.033498503267765045,0.033498503267765045,0.033498503267765045,153000,0.0,0.0
2012-12-13 00:00:00+08:00,0.0342429094016552,0.0342429094016552,0.0342429094016552,0.0342429094016552,120000,0.0,0.0
2012-12-14 00:00:00+08:00,0.03349850060927873,0.03647614270448685,0.03349850060927873,0.03647614270448685,104000,0.0,0.0
2012-12-17 00:00:00+08:00,0.03647614270448685,0.03647614270448685,0.03647614270448685,0.03647614270448685,0,0.0,0.0
2012-12-18 00:00:00+08:00,0.037220556288957596,0.037220556288957596,0.037220556288957596,0.037220556288957596,10000,0.0,0.0
2012-12-19 00:00:00+08:00,0.0342429094016552,0.0342429094016552,0.0342429094016552,0.0342429094016552,100000,0.0,0.0
2012-12-20 00:00:00+08:00,0.0342429094016552,0.0342429094016552,0.0342429094016552,0.0342429094016552,102000,0.0,0.0
2012-12-21 00:00:00+08:00,0.0342429094016552,0.0342429094016552,0.0342429094016552,0.0342429094016552,140000,0.0,0.0
2012-12-24 00:00:00+08:00,0.0342429094016552,0.0342429094016552,0.0342429094016552,0.0342429094016552,10000,0.0,0.0
2012-12-26 00:00:00+08:00,0.0342429094016552,0.0342429094016552,0.0342429094016552,0.0342429094016552,0,0.0,0.0
2012-12-27 00:00:00+08:00,0.03424291041232301,0.035731732845306396,0.03424291041232301,0.035731732845306396,148000,0.0,0.0
2012-12-28 00:00:00+08:00,0.035731732845306396,0.035731732845306396,0.035731732845306396,0.035731732845306396,0,0.0,0.0
2012-12-31 00:00:00+08:00,0.035731732845306396,0.035731732845306396,0.035731732845306396,0.035731732845306396,10000,0.0,0.0
2013-01-02 00:00:00+08:00,0.037220559950074825,0.037964969873428345,0.03573173733022001,0.037964969873428345,444000,0.0,0.0
2013-01-03 00:00:00+08:00,0.037220559950074825,0.037964969873428345,0.037220559950074825,0.037964969873428345,378000,0.0,0.0
2013-01-04 00:00:00+08:00,0.03870938060556102,0.040942613035440445,0.03870938060556102,0.040942613035440445,111000,0.0,0.0
2013-01-07 00:00:00+08:00,0.040942613035440445,0.040942613035440445,0.040942613035440445,0.040942613035440445,0,0.0,0.0
2013-01-08 00:00:00+08:00,0.038709383457899094,0.038709383457899094,0.038709383457899094,0.038709383457899094,100000,0.0,0.0
2013-01-09 00:00:00+08:00,0.03945379351751908,0.05210878472823964,0.03945379351751908,0.04689790681004524,1477000,0.0,0.0
2013-01-10 00:00:00+08:00,0.04615349038157585,0.048386722803115845,0.04466466784283331,0.048386722803115845,460000,0.0,0.0
2013-01-11 00:00:00+08:00,0.04764231746736583,0.050619962655719664,0.04689790478370351,0.04987554997205734,377000,0.0,0.0
2013-01-14 00:00:00+08:00,0.04987554997205734,0.04987554997205734,0.04987554997205734,0.04987554997205734,0,0.0,0.0
2013-01-15 00:00:00+08:00,0.04987554997205734,0.04987554997205734,0.04987554997205734,0.04987554997205734,0,0.0,0.0
2013-01-16 00:00:00+08:00,0.04987554997205734,0.04987554997205734,0.04987554997205734,0.04987554997205734,0,0.0,0.0
2013-01-17 00:00:00+08:00,0.04987554997205734,0.04987554997205734,0.04987554997205734,0.04987554997205734,0,0.0,0.0
2013-01-18 00:00:00+08:00,0.04987554997205734,0.04987554997205734,0.04987554997205734,0.04987554997205734,0,0.0,0.0
2013-01-21 00:00:00+08:00,0.04987554997205734,0.04987554997205734,0.04987554997205734,0.04987554997205734,0,0.0,0.0
2013-01-22 00:00:00+08:00,0.04987554997205734,0.04987554997205734,0.04987554997205734,0.04987554997205734,0,0.0,0.0
2013-01-23 00:00:00+08:00,0.04987554997205734,0.04987554997205734,0.04987554997205734,0.04987554997205734,0,0.0,0.0
2013-01-24 00:00:00+08:00,0.04987554997205734,0.04987554997205734,0.04987554997205734,0.04987554997205734,0,0.0,0.0
2013-01-25 00:00:00+08:00,0.04764231776182881,0.04764231776182881,0.04317584717854441,0.044664669781923294,505000,0.0,0.0
2013-01-28 00:00:00+08:00,0.044664669781923294,0.044664669781923294,0.044664669781923294,0.044664669781923294,0,0.0,0.0
2013-01-29 00:00:00+08:00,0.0468979050735655,0.0468979050735655,0.040942614660049954,0.044664669781923294,108000,0.0,0.0
2013-01-30 00:00:00+08:00,0.044664669781923294,0.044664669781923294,0.044664669781923294,0.044664669781923294,100000,0.0,0.0
2013-01-31 00:00:00+08:00,0.044664669781923294,0.044664669781923294,0.044664669781923294,0.044664669781923294,200000,0.0,0.0
2013-02-01 00:00:00+08:00,0.044664669781923294,0.044664669781923294,0.044664669781923294,0.044664669781923294,0,0.0,0.0
2013-02-04 00:00:00+08:00,0.04466467059509004,0.04764231862920674,0.04466467059509004,0.04615349322557449,173000,0.0,0.0
2013-02-05 00:00:00+08:00,0.044664669781923294,0.044664669781923294,0.044664669781923294,0.044664669781923294,4450000,0.0,0.0
2013-02-06 00:00:00+08:00,0.044664669781923294,0.044664669781923294,0.044664669781923294,0.044664669781923294,0,0.0,0.0
2013-02-07 00:00:00+08:00,0.04168703034520149,0.04168703034520149,0.04168703034520149,0.04168703034520149,5000,0.0,0.0
2013-02-08 00:00:00+08:00,0.04168703034520149,0.04168703034520149,0.04168703034520149,0.04168703034520149,0,0.0,0.0
2013-02-13 00:00:00+08:00,0.04168703034520149,0.04168703034520149,0.04168703034520149,0.04168703034520149,20000,0.0,0.0
2013-02-14 00:00:00+08:00,0.04168703034520149,0.04168703034520149,0.04168703034520149,0.04168703034520149,0,0.0,0.0
2013-02-15 00:00:00+08:00,0.042431435421293316,0.048386722803115845,0.042431435421293316,0.048386722803115845,51000,0.0,0.0
2013-02-18 00:00:00+08:00,0.048386722803115845,0.048386722803115845,0.048386722803115845,0.048386722803115845,0,0.0,0.0
2013-02-19 00:00:00+08:00,0.048386722803115845,0.048386722803115845,0.048386722803115845,0.048386722803115845,0,0.0,0.0
2013-02-20 00:00:00+08:00,0.04317584618837291,0.04764231666922569,0.04317584618837291,0.04764231666922569,50000,0.0,0.0
2013-02-21 00:00:00+08:00,0.04764231666922569,0.04764231666922569,0.04764231666922569,0.04764231666922569,0,0.0,0.0
2013-02-22 00:00:00+08:00,0.042431436479091644,0.042431436479091644,0.042431436479091644,0.042431436479091644,10000,0.0,0.0
2013-02-25 00:00:00+08:00,0.043175846338272095,0.043175846338272095,0.043175846338272095,0.043175846338272095,50000,0.0,0.0
2013-02-26 00:00:00+08:00,0.043175846338272095,0.043175846338272095,0.043175846338272095,0.043175846338272095,0,0.0,0.0
2013-02-27 00:00:00+08:00,0.043175846338272095,0.043175846338272095,0.043175846338272095,0.043175846338272095,0,0.0,0.0
2013-02-28 00:00:00+08:00,0.043175846338272095,0.043175846338272095,0.043175846338272095,0.043175846338272095,0,0.0,0.0
2013-03-01 00:00:00+08:00,0.043175846338272095,0.043175846338272095,0.043175846338272095,0.043175846338272095,80000,0.0,0.0
2013-03-04 00:00:00+08:00,0.04466467120880079,0.04466467120880079,0.039453793317079544,0.039453793317079544,270000,0.0,0.0
2013-03-05 00:00:00+08:00,0.04094261760342221,0.04243144031383283,0.04094261760342221,0.04168703034520149,473000,0.0,0.0
2013-03-06 00:00:00+08:00,0.04168703034520149,0.04168703034520149,0.04168703034520149,0.04168703034520149,0,0.0,0.0
2013-03-07 00:00:00+08:00,0.04168703034520149,0.04168703034520149,0.04168703034520149,0.04168703034520149,0,0.0,0.0
2013-03-08 00:00:00+08:00,0.045409079641103745,0.045409079641103745,0.045409079641103745,0.045409079641103745,100000,0.0,0.0
2013-03-11 00:00:00+08:00,0.04168703034520149,0.04168703034520149,0.04168703034520149,0.04168703034520149,66000,0.0,0.0
2013-03-12 00:00:00+08:00,0.041687024751122397,0.045409079641103745,0.041687024751122397,0.045409079641103745,81000,0.0,0.0
2013-03-13 00:00:00+08:00,0.045409079641103745,0.045409079641103745,0.045409079641103745,0.045409079641103745,0,0.0,0.0
2013-03-14 00:00:00+08:00,0.04466466699921893,0.045409079641103745,0.04466466699921893,0.045409079641103745,220000,0.0,0.0
2013-03-15 00:00:00+08:00,0.04168703034520149,0.04168703034520149,0.04168703034520149,0.04168703034520149,16000,0.0,0.0
2013-03-18 00:00:00+08:00,0.04168703034520149,0.04168703034520149,0.04168703034520149,0.04168703034520149,500000,0.0,0.0
2013-03-19 00:00:00+08:00,0.04540908573465407,0.04540908573465407,0.04168703034520149,0.04168703034520149,110000,0.0,0.0
2013-03-20 00:00:00+08:00,0.04168703034520149,0.04168703034520149,0.04168703034520149,0.04168703034520149,100000,0.0,0.0
2013-03-21 00:00:00+08:00,0.04168702734831327,0.044664669781923294,0.04168702734831327,0.044664669781923294,109000,0.0,0.0
2013-03-22 00:00:00+08:00,0.042431436479091644,0.042431436479091644,0.042431436479091644,0.042431436479091644,33000,0.0,0.0
2013-03-25 00:00:00+08:00,0.042431436479091644,0.042431436479091644,0.042431436479091644,0.042431436479091644,0,0.0,0.0
2013-03-26 00:00:00+08:00,0.042431436479091644,0.042431436479091644,0.042431436479091644,0.042431436479091644,0,0.0,0.0
2013-03-27 00:00:00+08:00,0.042431436479091644,0.042431436479091644,0.042431436479091644,0.042431436479091644,0,0.0,0.0
2013-03-28 00:00:00+08:00,0.04168703034520149,0.04168703034520149,0.04168703034520149,0.04168703034520149,1000,0.0,0.0
2013-04-01 00:00:00+08:00,0.045409081428799306,0.048386723794121685,0.045409081428799306,0.04764231666922569,354000,0.0,0.0
2013-04-02 00:00:00+08:00,0.04689790592739061,0.04689790592739061,0.04615349322557449,0.04615349322557449,110000,0.0,0.0
2013-04-03 00:00:00+08:00,0.04615349322557449,0.04615349322557449,0.04615349322557449,0.04615349322557449,0,0.0,0.0
2013-04-04 00:00:00+08:00,0.045409079641103745,0.045409079641103745,0.045409079641103745,0.045409079641103745,100000,0.0,0.0
2013-04-05 00:00:00+08:00,0.04689790681004524,0.04689790681004524,0.04689790681004524,0.04689790681004524,300000,0.0,0.0
2013-04-08 00:00:00+08:00,0.04689790681004524,0.04689790681004524,0.04689790681004524,0.04689790681004524,0,0.0,0.0
2013-04-09 00:00:00+08:00,0.04317584717854441,0.044664669781923294,0.04317584717854441,0.044664669781923294,200000,0.0,0.0
2013-04-10 00:00:00+08:00,0.04466466699921893,0.045409079641103745,0.04466466699921893,0.045409079641103745,208000,0.0,0.0
2013-04-11 00:00:00+08:00,0.045409079641103745,0.045409079641103745,0.045409079641103745,0.045409079641103745,0,0.0,0.0
2013-04-12 00:00:00+08:00,0.04243143461985963,0.045409079641103745,0.04243143461985963,0.045409079641103745,5000,0.0,0.0
2013-04-15 00:00:00+08:00,0.045409079641103745,0.045409079641103745,0.045409079641103745,0.045409079641103745,0,0.0,0.0
2013-04-16 00:00:00+08:00,0.04317584546531988,0.044664668009622044,0.040942613035440445,0.040942613035440445,300000,0.0,0.0
2013-04-17 00:00:00+08:00,0.039453793317079544,0.039453793317079544,0.039453793317079544,0.039453793317079544,5000,0.0,0.0
2013-04-18 00:00:00+08:00,0.039453793317079544,0.039453793317079544,0.039453793317079544,0.039453793317079544,10000,0.0,0.0
2013-04-19 00:00:00+08:00,0.039453793317079544,0.039453793317079544,0.039453793317079544,0.039453793317079544,3000,0.0,0.0
2013-04-22 00:00:00+08:00,0.046153492385302176,0.046153492385302176,0.044664669781923294,0.044664669781923294,60000,0.0,0.0
2013-04-23 00:00:00+08:00,0.044664669781923294,0.044664669781923294,0.044664669781923294,0.044664669781923294,0,0.0,0.0
2013-04-24 00:00:00+08:00,0.041687025694165346,0.041687025694165346,0.040942613035440445,0.040942613035440445,81000,0.0,0.0
2013-04-25 00:00:00+08:00,0.040942613035440445,0.040942613035440445,0.040942613035440445,0.040942613035440445,201000,0.0,0.0
2013-04-26 00:00:00+08:00,0.040942613035440445,0.040942613035440445,0.040942613035440445,0.040942613035440445,0,0.0,0.0
2013-04-29 00:00:00+08:00,0.04540908573465407,0.04540908573465407,0.04094261760342221,0.04168703034520149,69000,0.0,0.0
2013-04-30 00:00:00+08:00,0.04392025603272931,0.04392025603272931,0.037220556288957596,0.037220556288957596,180000,0.0,0.0
2013-05-02 00:00:00+08:00,0.042431436479091644,0.042431436479091644,0.042431436479091644,0.042431436479091644,120000,0.0,0.0
2013-05-03 00:00:00+08:00,0.037220556288957596,0.037220556288957596,0.037220556288957596,0.037220556288957596,0,0.0,0.0
2013-05-06 00:00:00+08:00,0.04094261596802102,0.04094261596802102,0.039453793317079544,0.039453793317079544,62000,0.0,0.0
2013-05-07 00:00:00+08:00,0.039453793317079544,0.039453793317079544,0.039453793317079544,0.039453793317079544,0,0.0,0.0
2013-05-08 00:00:00+08:00,0.039453793317079544,0.039453793317079544,0.039453793317079544,0.039453793317079544,30000,0.0,0.0
2013-05-09 00:00:00+08:00,0.039453793317079544,0.039453793317079544,0.039453793317079544,0.039453793317079544,0,0.0,0.0
2013-05-10 00:00:00+08:00,0.039453793317079544,0.039453793317079544,0.039453793317079544,0.039453793317079544,0,0.0,0.0
2013-05-13 00:00:00+08:00,0.039453793317079544,0.039453793317079544,0.039453793317079544,0.039453793317079544,0,0.0,0.0
2013-05-14 00:00:00+08:00,0.038709383457899094,0.038709383457899094,0.038709383457899094,0.038709383457899094,75000,0.0,0.0
2013-05-15 00:00:00+08:00,0.038709383457899094,0.038709383457899094,0.038709383457899094,0.038709383457899094,40000,0.0,0.0
2013-05-16 00:00:00+08:00,0.040942613035440445,0.04243143557974261,0.040942613035440445,0.040942613035440445,228000,0.0,0.0
2013-05-17 00:00:00+08:00,0.03945379128883601,0.043175846338272095,0.03945379128883601,0.043175846338272095,200000,0.0,0.0
2013-05-20 00:00:00+08:00,0.042431437263428844,0.04540908247018661,0.042431437263428844,0.044664669781923294,331000,0.0,0.0
2013-05-21 00:00:00+08:00,0.04019820479612924,0.043920259922742844,0.04019820479612924,0.043920259922742844,76000,0.0,0.0
2013-05-22 00:00:00+08:00,0.042431436479091644,0.042431436479091644,0.042431436479091644,0.042431436479091644,15000,0.0,0.0
2013-05-23 00:00:00+08:00,0.042431436479091644,0.04392025905494992,0.041687026577736354,0.042431436479091644,200000,0.0,0.0
2013-05-27 00:00:00+08:00,0.040198203962611846,0.043175846338272095,0.040198203962611846,0.043175846338272095,121000,0.0,0.0
2013-05-28 00:00:00+08:00,0.040198203176259995,0.040198203176259995,0.040198203176259995,0.040198203176259995,60000,0.0,0.0
2013-05-29 00:00:00+08:00,0.040198203176259995,0.040198203176259995,0.040198203176259995,0.040198203176259995,0,0.0,0.0
2013-05-30 00:00:00+08:00,0.042431436479091644,0.042431436479091644,0.042431436479091644,0.042431436479091644,100000,0.0,0.0
2013-05-31 00:00:00+08:00,0.042431436479091644,0.042431436479091644,0.042431436479091644,0.042431436479091644,0,0.0,0.0
2013-06-03 00:00:00+08:00,0.042431436479091644,0.042431436479091644,0.042431436479091644,0.042431436479091644,0,0.0,0.0
2013-06-04 00:00:00+08:00,0.042431436479091644,0.042431436479091644,0.042431436479091644,0.042431436479091644,0,0.0,0.0
2013-06-05 00:00:00+08:00,0.042431436479091644,0.042431436479091644,0.042431436479091644,0.042431436479091644,0,0.0,0.0
2013-06-06 00:00:00+08:00,0.042431436479091644,0.042431436479091644,0.042431436479091644,0.042431436479091644,0,0.0,0.0
2013-06-07 00:00:00+08:00,0.042431436479091644,0.042431436479091644,0.042431436479091644,0.042431436479091644,0,0.0,0.0
2013-06-10 00:00:00+08:00,0.042431436479091644,0.042431436479091644,0.042431436479091644,0.042431436479091644,0,0.0,0.0
2013-06-11 00:00:00+08:00,0.041687026537015816,0.043175846338272095,0.041687026537015816,0.043175846338272095,100000,0.0,0.0
2013-06-12 00:00:00+08:00,0.040942613035440445,0.040942613035440445,0.040942613035440445,0.040942613035440445,118000,0.0,0.0
2013-06-13 00:00:00+08:00,0.040942613035440445,0.040942613035440445,0.040942613035440445,0.040942613035440445,0,0.0,0.0
2013-06-14 00:00:00+08:00,0.040942613035440445,0.040942613035440445,0.040942613035440445,0.040942613035440445,0,0.0,0.0
2013-06-17 00:00:00+08:00,0.040942613035440445,0.040942613035440445,0.040942613035440445,0.040942613035440445,0,0.0,0.0
2013-06-18 00:00:00+08:00,0.042431436479091644,0.042431436479091644,0.042431436479091644,0.042431436479091644,45000,0.0,0.0
2013-06-19 00:00:00+08:00,0.040942613035440445,0.040942613035440445,0.040942613035440445,0.040942613035440445,50000,0.0,0.0
2013-06-20 00:00:00+08:00,0.040942613035440445,0.040942613035440445,0.040942613035440445,0.040942613035440445,0,0.0,0.0
2013-06-21 00:00:00+08:00,0.040942613035440445,0.040942613035440445,0.040942613035440445,0.040942613035440445,0,0.0,0.0
2013-06-24 00:00:00+08:00,0.039453793317079544,0.039453793317079544,0.039453793317079544,0.039453793317079544,45000,0.0,0.0
2013-06-25 00:00:00+08:00,0.039453793317079544,0.039453793317079544,0.039453793317079544,0.039453793317079544,0,0.0,0.0
2013-06-26 00:00:00+08:00,0.041687025721539823,0.041687025721539823,0.040198203176259995,0.040198203176259995,16000,0.0,0.0
2013-06-27 00:00:00+08:00,0.037964968751516816,0.042431436479091644,0.037964968751516816,0.042431436479091644,120000,0.0,0.0
2013-06-28 00:00:00+08:00,0.042431436479091644,0.042431436479091644,0.042431436479091644,0.042431436479091644,0,0.0,0.0
2013-07-01 00:00:00+08:00,0.042431436479091644,0.042431436479091644,0.042431436479091644,0.042431436479091644,0,0.0,0.0
2013-07-02 00:00:00+08:00,0.042431436479091644,0.042431436479091644,0.042431436479091644,0.042431436479091644,0,0.0,0.0
2013-07-03 00:00:00+08:00,0.042431436479091644,0.042431436479091644,0.042431436479091644,0.042431436479091644,0,0.0,0.0
2013-07-04 00:00:00+08:00,0.042431436479091644,0.042431436479091644,0.042431436479091644,0.042431436479091644,0,0.0,0.0
2013-07-05 00:00:00+08:00,0.043175846338272095,0.043175846338272095,0.043175846338272095,0.043175846338272095,60000,0.0,0.0
2013-07-08 00:00:00+08:00,0.043175846338272095,0.043175846338272095,0.043175846338272095,0.043175846338272095,0,0.0,0.0
2013-07-09 00:00:00+08:00,0.043175846338272095,0.043175846338272095,0.043175846338272095,0.043175846338272095,0,0.0,0.0
2013-07-10 00:00:00+08:00,0.043175846338272095,0.043175846338272095,0.043175846338272095,0.043175846338272095,0,0.0,0.0
2013-07-11 00:00:00+08:00,0.04243143731746785,0.044664669838806466,0.04243143731746785,0.043920259922742844,439000,0.0,0.0
2013-07-12 00:00:00+08:00,0.043920259922742844,0.043920259922742844,0.043920259922742844,0.043920259922742844,0,0.0,0.0
2013-07-15 00:00:00+08:00,0.042431436479091644,0.042431436479091644,0.042431436479091644,0.042431436479091644,52000,0.0,0.0
2013-07-16 00:00:00+08:00,0.042431436479091644,0.042431436479091644,0.042431436479091644,0.042431436479091644,0,0.0,0.0
2013-07-17 00:00:00+08:00,0.042431436479091644,0.042431436479091644,0.042431436479091644,0.042431436479091644,51000,0.0,0.0
2013-07-18 00:00:00+08:00,0.042431436479091644,0.042431436479091644,0.042431436479091644,0.042431436479091644,64000,0.0,0.0
2013-07-19 00:00:00+08:00,0.042431436479091644,0.042431436479091644,0.042431436479091644,0.042431436479091644,0,0.0,0.0
2013-07-22 00:00:00+08:00,0.042431436479091644,0.042431436479091644,0.042431436479091644,0.042431436479091644,0,0.0,0.0
2013-07-23 00:00:00+08:00,0.042431436479091644,0.042431436479091644,0.042431436479091644,0.042431436479091644,0,0.0,0.0
2013-07-24 00:00:00+08:00,0.042431436479091644,0.042431436479091644,0.042431436479091644,0.042431436479091644,0,0.0,0.0
2013-07-25 00:00:00+08:00,0.04466467143571347,0.04689790681004524,0.043920261493034775,0.04689790681004524,453000,0.0,0.0
2013-07-26 00:00:00+08:00,0.04689790681004524,0.04689790681004524,0.04689790681004524,0.04689790681004524,0,0.0,0.0
2013-07-29 00:00:00+08:00,0.04689790681004524,0.04689790681004524,0.04689790681004524,0.04689790681004524,0,0.0,0.0
2013-07-30 00:00:00+08:00,0.04689790681004524,0.04689790681004524,0.04689790681004524,0.04689790681004524,0,0.0,0.0
2013-07-31 00:00:00+08:00,0.04689790681004524,0.04689790681004524,0.04689790681004524,0.04689790681004524,0,0.0,0.0
2013-08-01 00:00:00+08:00,0.04689790681004524,0.04689790681004524,0.04689790681004524,0.04689790681004524,0,0.0,0.0
2013-08-02 00:00:00+08:00,0.043175846338272095,0.043175846338272095,0.043175846338272095,0.043175846338272095,100000,0.0,0.0
2013-08-05 00:00:00+08:00,0.04392025901204793,0.04392025901204793,0.043175846338272095,0.043175846338272095,50000,0.0,0.0
2013-08-06 00:00:00+08:00,0.043175846338272095,0.043175846338272095,0.043175846338272095,0.043175846338272095,0,0.0,0.0
2013-08-07 00:00:00+08:00,0.043175846380446935,0.043175846380446935,0.042431436479091644,0.042431436479091644,15000,0.0,0.0
2013-08-12 00:00:00+08:00,0.042431436479091644,0.042431436479091644,0.042431436479091644,0.042431436479091644,0,0.0,0.0
2013-08-13 00:00:00+08:00,0.042431436479091644,0.042431436479091644,0.042431436479091644,0.042431436479091644,100000,0.0,0.0
2013-08-14 00:00:00+08:00,0.042431436479091644,0.042431436479091644,0.042431436479091644,0.042431436479091644,0,0.0,0.0
2013-08-15 00:00:00+08:00,0.04243143803593727,0.04615349322557449,0.04243143803593727,0.04615349322557449,230000,0.0,0.0
2013-08-16 00:00:00+08:00,0.04615349322557449,0.04615349322557449,0.04615349322557449,0.04615349322557449,0,0.0,0.0
2013-08-19 00:00:00+08:00,0.04615349322557449,0.04615349322557449,0.04615349322557449,0.04615349322557449,0,0.0,0.0
2013-08-20 00:00:00+08:00,0.043175846338272095,0.043175846338272095,0.043175846338272095,0.043175846338272095,65000,0.0,0.0
2013-08-21 00:00:00+08:00,0.043175846338272095,0.043175846338272095,0.043175846338272095,0.043175846338272095,0,0.0,0.0
2013-08-22 00:00:00+08:00,0.043175846338272095,0.043175846338272095,0.043175846338272095,0.043175846338272095,0,0.0,0.0
2013-08-23 00:00:00+08:00,0.043175846338272095,0.043175846338272095,0.043175846338272095,0.043175846338272095,0,0.0,0.0
2013-08-26 00:00:00+08:00,0.043175850282464165,0.043175850282464165,0.04168703034520149,0.04168703034520149,170000,0.0,0.0
2013-08-27 00:00:00+08:00,0.04168703034520149,0.04168703034520149,0.04168703034520149,0.04168703034520149,50000,0.0,0.0
2013-08-28 00:00:00+08:00,0.04168703034520149,0.04168703034520149,0.04168703034520149,0.04168703034520149,0,0.0,0.0
2013-08-29 00:00:00+08:00,0.04168703034520149,0.04168703034520149,0.04168703034520149,0.04168703034520149,0,0.0,0.0
2013-08-30 00:00:00+08:00,0.04168703034520149,0.04168703034520149,0.04168703034520149,0.04168703034520149,0,0.0,0.0
2013-09-02 00:00:00+08:00,0.04168703034520149,0.04168703034520149,0.04168703034520149,0.04168703034520149,0,0.0,0.0
2013-09-03 00:00:00+08:00,0.04168703034520149,0.04168703034520149,0.04168703034520149,0.04168703034520149,0,0.0,0.0
2013-09-04 00:00:00+08:00,0.04168703034520149,0.04168703034520149,0.04168703034520149,0.04168703034520149,0,0.0,0.0
2013-09-05 00:00:00+08:00,0.041687026537015816,0.043175846338272095,0.041687026537015816,0.043175846338272095,143000,0.0,0.0
2013-09-06 00:00:00+08:00,0.04615349033055977,0.05285319313406945,0.04615349033055977,0.05285319313406944,1022000,0.0,0.0
2013-09-09 00:00:00+08:00,0.050619964798096016,0.05880848802605605,0.050619964798096016,0.05657524988055229,1900000,0.0,0.0
2013-09-10 00:00:00+08:00,0.055086432984967876,0.06327495665715781,0.055086432984967876,0.06104172393679619,816000,0.0,0.0
2013-09-11 00:00:00+08:00,0.05880848310137591,0.06178612262010574,0.05880848310137591,0.06178612262010574,110000,0.0,0.0
2013-09-12 00:00:00+08:00,0.06178612262010574,0.06178612262010574,0.06178612262010574,0.06178612262010574,0,0.0,0.0
2013-09-13 00:00:00+08:00,0.06178612262010574,0.06178612262010574,0.06178612262010574,0.06178612262010574,0,0.0,0.0
2013-09-16 00:00:00+08:00,0.06178612262010574,0.06178612262010574,0.06178612262010574,0.06178612262010574,0,0.0,0.0
2013-09-17 00:00:00+08:00,0.058808488917938224,0.058808488917938224,0.05731966346502304,0.05731966346502304,536000,0.0,0.0
2013-09-18 00:00:00+08:00,0.06029730290174484,0.06104171555508114,0.05806407048803119,0.06029730290174484,432000,0.0,0.0
2013-09-19 00:00:00+08:00,0.05955289464308307,0.06253053992986679,0.05806407477283903,0.06253053992986679,952000,0.0,0.0
2013-09-20 00:00:00+08:00,0.05731965783469489,0.06029730290174484,0.05731965783469489,0.06029730290174484,311000,0.0,0.0
2013-09-23 00:00:00+08:00,0.06029730290174484,0.06029730290174484,0.06029730290174484,0.06029730290174484,0,0.0,0.0
2013-09-24 00:00:00+08:00,0.057319665705329495,0.06253054390160527,0.057319665705329495,0.06104172393679619,45000,0.0,0.0
2013-09-25 00:00:00+08:00,0.05508642811170878,0.06029730584700064,0.05508642811170878,0.05806407332420349,335000,0.0,0.0
2013-09-26 00:00:00+08:00,0.05657524988055229,0.060297307910096194,0.05657524988055229,0.05657524988055229,226000,0.0,0.0
2013-09-27 00:00:00+08:00,0.05806407332420349,0.05806407332420349,0.05806407332420349,0.05806407332420349,150000,0.0,0.0
2013-09-30 00:00:00+08:00,0.057319660634505935,0.05955289315730309,0.057319660634505935,0.05806407332420349,178000,0.0,0.0
2013-10-01 00:00:00+08:00,0.05955289304256439,0.06104171841909102,0.05955289304256439,0.05955289304256439,350000,0.0,0.0
2013-10-02 00:00:00+08:00,0.05955289304256439,0.05955289304256439,0.05955289304256439,0.05955289304256439,0,0.0,0.0
2013-10-03 00:00:00+08:00,0.05955289304256439,0.05955289304256439,0.05955289304256439,0.05955289304256439,0,0.0,0.0
2013-10-04 00:00:00+08:00,0.052108779549598694,0.052108779549598694,0.052108779549598694,0.052108779549598694,10000,0.0,0.0
2013-10-07 00:00:00+08:00,0.055830837212532576,0.055830837212532576,0.052108779549598694,0.052108779549598694,384000,0.0,0.0
2013-10-08 00:00:00+08:00,0.05583084374666214,0.05583084374666214,0.05285319837708711,0.05583084374666214,322000,0.0,0.0
2013-10-09 00:00:00+08:00,0.05583084374666214,0.05583084374666214,0.05583084374666214,0.05583084374666214,0,0.0,0.0
2013-10-10 00:00:00+08:00,0.05583084374666214,0.05583084374666214,0.05583084374666214,0.05583084374666214,0,0.0,0.0
2013-10-11 00:00:00+08:00,0.05731966052406994,0.05955289304256439,0.05731966052406994,0.05955289304256439,128000,0.0,0.0
2013-10-14 00:00:00+08:00,0.05955289304256439,0.05955289304256439,0.05955289304256439,0.05955289304256439,0,0.0,0.0
2013-10-16 00:00:00+08:00,0.05955289304256439,0.05955289304256439,0.05955289304256439,0.05955289304256439,0,0.0,0.0
2013-10-17 00:00:00+08:00,0.05806407332420349,0.05806407332420349,0.05806407332420349,0.05806407332420349,99000,0.0,0.0
2013-10-18 00:00:00+08:00,0.05806407332420349,0.05806407332420349,0.05806407332420349,0.05806407332420349,0,0.0,0.0
2013-10-21 00:00:00+08:00,0.05806407332420349,0.05806407332420349,0.05806407332420349,0.05806407332420349,0,0.0,0.0
2013-10-22 00:00:00+08:00,0.05806407332420349,0.05806407332420349,0.05806407332420349,0.05806407332420349,0,0.0,0.0
2013-10-23 00:00:00+08:00,0.05806407332420349,0.05806407332420349,0.05806407332420349,0.05806407332420349,0,0.0,0.0
2013-10-24 00:00:00+08:00,0.05806407332420349,0.05806407332420349,0.05806407332420349,0.05806407332420349,50000,0.0,0.0
2013-10-25 00:00:00+08:00,0.05806407332420349,0.05806407332420349,0.05806407332420349,0.05806407332420349,100000,0.0,0.0
2013-10-28 00:00:00+08:00,0.05806407332420349,0.05806407332420349,0.05806407332420349,0.05806407332420349,100000,0.0,0.0
2013-10-29 00:00:00+08:00,0.0468979050735655,0.05955289304256439,0.0468979050735655,0.05955289304256439,40000,0.0,0.0
2013-10-30 00:00:00+08:00,0.05955289304256439,0.05955289304256439,0.05955289304256439,0.05955289304256439,0,0.0,0.0
2013-10-31 00:00:00+08:00,0.054342012852430344,0.054342012852430344,0.054342012852430344,0.054342012852430344,46000,0.0,0.0
2013-11-01 00:00:00+08:00,0.05583084374666214,0.05583084374666214,0.05583084374666214,0.05583084374666214,50000,0.0,0.0
2013-11-05 00:00:00+08:00,0.05285319313406945,0.05285319313406945,0.05285319313406945,0.05285319313406944,49000,0.0,0.0
2013-11-06 00:00:00+08:00,0.05285319313406945,0.05285319313406945,0.05285319313406945,0.05285319313406944,0,0.0,0.0
2013-11-07 00:00:00+08:00,0.05285319313406945,0.05285319313406945,0.05285319313406945,0.05285319313406944,0,0.0,0.0
2013-11-08 00:00:00+08:00,0.05285319313406945,0.05285319313406945,0.05285319313406945,0.05285319313406944,0,0.0,0.0
2013-11-11 00:00:00+08:00,0.05285319313406945,0.05285319313406945,0.05285319313406945,0.05285319313406944,0,0.0,0.0
2013-11-12 00:00:00+08:00,0.05285319313406945,0.05285319313406945,0.05285319313406945,0.05285319313406944,0,0.0,0.0
2013-11-13 00:00:00+08:00,0.05285319313406945,0.05285319313406945,0.05285319313406945,0.05285319313406944,0,0.0,0.0
2013-11-14 00:00:00+08:00,0.05285319313406945,0.05285319313406945,0.05285319313406945,0.05285319313406944,0,0.0,0.0
2013-11-15 00:00:00+08:00,0.05285319313406945,0.05285319313406945,0.05285319313406945,0.05285319313406944,0,0.0,0.0
2013-11-18 00:00:00+08:00,0.05285319313406945,0.05285319313406945,0.05285319313406945,0.05285319313406944,0,0.0,0.0
2013-11-19 00:00:00+08:00,0.05285319313406945,0.05285319313406945,0.05285319313406945,0.05285319313406944,0,0.0,0.0
2013-11-20 00:00:00+08:00,0.05285319313406945,0.05285319313406945,0.05285319313406945,0.05285319313406944,0,0.0,0.0
2013-11-21 00:00:00+08:00,0.04540908049877839,0.048386722803115845,0.04540908049877839,0.048386722803115845,24000,0.0,0.0
2013-11-22 00:00:00+08:00,0.048386722803115845,0.048386722803115845,0.048386722803115845,0.048386722803115845,0,0.0,0.0
2013-11-25 00:00:00+08:00,0.049131136387586594,0.049131136387586594,0.049131136387586594,0.049131136387586594,50000,0.0,0.0
2013-11-26 00:00:00+08:00,0.049131136387586594,0.049131136387586594,0.049131136387586594,0.049131136387586594,0,0.0,0.0
2013-11-27 00:00:00+08:00,0.049131136387586594,0.049131136387586594,0.049131136387586594,0.049131136387586594,0,0.0,0.0
2013-11-28 00:00:00+08:00,0.049131136387586594,0.049131136387586594,0.049131136387586594,0.049131136387586594,0,0.0,0.0
2013-11-29 00:00:00+08:00,0.049131136387586594,0.049131136387586594,0.049131136387586594,0.049131136387586594,0,0.0,0.0
2013-12-02 00:00:00+08:00,0.04540908247018661,0.04540908247018661,0.044664669781923294,0.044664669781923294,57000,0.0,0.0
2013-12-03 00:00:00+08:00,0.04466467143571347,0.04913113941122917,0.04466467143571347,0.04689790681004524,110000,0.0,0.0
2013-12-04 00:00:00+08:00,0.04689790681004524,0.04689790681004524,0.04689790681004524,0.04689790681004524,50000,0.0,0.0
2013-12-05 00:00:00+08:00,0.04689790681004524,0.04689790681004524,0.04689790681004524,0.04689790681004524,0,0.0,0.0
2013-12-06 00:00:00+08:00,0.04689790681004524,0.04689790681004524,0.04689790681004524,0.04689790681004524,0,0.0,0.0
2013-12-09 00:00:00+08:00,0.037220556288957596,0.037220556288957596,0.037220556288957596,0.037220556288957596,45000,0.0,0.0
2013-12-10 00:00:00+08:00,0.040942614660049954,0.044664669781923294,0.040942614660049954,0.044664669781923294,45000,0.0,0.0
2013-12-11 00:00:00+08:00,0.044664669781923294,0.044664669781923294,0.044664669781923294,0.044664669781923294,0,0.0,0.0
2013-12-12 00:00:00+08:00,0.044664669781923294,0.044664669781923294,0.044664669781923294,0.044664669781923294,0,0.0,0.0
2013-12-13 00:00:00+08:00,0.037220556288957596,0.037220556288957596,0.037220556288957596,0.037220556288957596,36000,0.0,0.0
2013-12-16 00:00:00+08:00,0.040942614660049954,0.044664669781923294,0.040942614660049954,0.044664669781923294,77000,0.0,0.0
2013-12-17 00:00:00+08:00,0.044664669781923294,0.044664669781923294,0.044664669781923294,0.044664669781923294,25000,0.0,0.0
2013-12-18 00:00:00+08:00,0.05136436690775288,0.052108779549598694,0.05136436690775288,0.052108779549598694,13000,0.0,0.0
2013-12-19 00:00:00+08:00,0.04913113452851061,0.052108779549598694,0.03722055721730586,0.052108779549598694,38000,0.0,0.0
2013-12-20 00:00:00+08:00,0.052108779549598694,0.052108779549598694,0.052108779549598694,0.052108779549598694,0,0.0,0.0
2013-12-23 00:00:00+08:00,0.04689790681004524,0.04689790681004524,0.04689790681004524,0.04689790681004524,50000,0.0,0.0
2013-12-24 00:00:00+08:00,0.048386722803115845,0.048386722803115845,0.048386722803115845,0.048386722803115845,15000,0.0,0.0
2013-12-26 00:00:00+08:00,0.049131136387586594,0.049131136387586594,0.049131136387586594,0.049131136387586594,70000,0.0,0.0
2013-12-27 00:00:00+08:00,0.049131136387586594,0.049131136387586594,0.049131136387586594,0.049131136387586594,0,0.0,0.0
2013-12-30 00:00:00+08:00,0.049131136387586594,0.049131136387586594,0.049131136387586594,0.049131136387586594,0,0.0,0.0
2013-12-31 00:00:00+08:00,0.049131136387586594,0.049131136387586594,0.049131136387586594,0.049131136387586594,0,0.0,0.0
2014-01-02 00:00:00+08:00,0.049131136387586594,0.049131136387586594,0.049131136387586594,0.049131136387586594,0,0.0,0.0
2014-01-03 00:00:00+08:00,0.049131136387586594,0.049131136387586594,0.049131136387586594,0.049131136387586594,0,0.0,0.0
2014-01-06 00:00:00+08:00,0.04913113452851061,0.052108779549598694,0.04913113452851061,0.052108779549598694,169000,0.0,0.0
2014-01-07 00:00:00+08:00,0.05289831385016441,0.05289831385016441,0.05289831385016441,0.05289831385016441,20000,0.004,0.0
2014-01-08 00:00:00+08:00,0.05289831385016441,0.05289831385016441,0.05289831385016441,0.05289831385016441,0,0.0,0.0
2014-01-09 00:00:00+08:00,0.05289831385016441,0.05289831385016441,0.05289831385016441,0.05289831385016441,0,0.0,0.0
2014-01-10 00:00:00+08:00,0.05289831385016441,0.05289831385016441,0.05289831385016441,0.05289831385016441,0,0.0,0.0
2014-01-13 00:00:00+08:00,0.05289831385016441,0.05289831385016441,0.05289831385016441,0.05289831385016441,0,0.0,0.0
2014-01-14 00:00:00+08:00,0.043423984199762344,0.043423984199762344,0.043423984199762344,0.043423984199762344,30000,0.0,0.0
2014-01-15 00:00:00+08:00,0.043423984199762344,0.043423984199762344,0.043423984199762344,0.043423984199762344,0,0.0,0.0
2014-01-16 00:00:00+08:00,0.043423984199762344,0.043423984199762344,0.043423984199762344,0.043423984199762344,0,0.0,0.0
2014-01-17 00:00:00+08:00,0.043423984199762344,0.043423984199762344,0.043423984199762344,0.043423984199762344,0,0.0,0.0
2014-01-20 00:00:00+08:00,0.043423984199762344,0.043423984199762344,0.043423984199762344,0.043423984199762344,0,0.0,0.0
2014-01-21 00:00:00+08:00,0.04342398743857694,0.04342398743857694,0.041055407375097275,0.041055407375097275,384000,0.0,0.0
2014-01-22 00:00:00+08:00,0.04342398743857694,0.04342398743857694,0.041055407375097275,0.041055407375097275,75000,0.0,0.0
2014-01-23 00:00:00+08:00,0.041055404841101956,0.0418449304997921,0.041055404841101956,0.0418449304997921,875000,0.0,0.0
2014-01-24 00:00:00+08:00,0.0418449304997921,0.0418449304997921,0.0418449304997921,0.0418449304997921,0,0.0,0.0
2014-01-27 00:00:00+08:00,0.040265873074531555,0.040265873074531555,0.040265873074531555,0.040265873074531555,30000,0.0,0.0
2014-01-28 00:00:00+08:00,0.040265873074531555,0.040265873074531555,0.040265873074531555,0.040265873074531555,67000,0.0,0.0
2014-01-29 00:00:00+08:00,0.040265873074531555,0.040265873074531555,0.040265873074531555,0.040265873074531555,0,0.0,0.0
2014-01-30 00:00:00+08:00,0.040265873074531555,0.040265873074531555,0.040265873074531555,0.040265873074531555,0,0.0,0.0
2014-02-03 00:00:00+08:00,0.040265873074531555,0.040265873074531555,0.040265873074531555,0.040265873074531555,0,0.0,0.0
2014-02-04 00:00:00+08:00,0.040265873074531555,0.040265873074531555,0.040265873074531555,0.040265873074531555,0,0.0,0.0
2014-02-05 00:00:00+08:00,0.041055407375097275,0.041055407375097275,0.041055407375097275,0.041055407375097275,50000,0.0,0.0
2014-02-06 00:00:00+08:00,0.0394763505825044,0.0418449304997921,0.0394763505825044,0.0418449304997921,112000,0.0,0.0
2014-02-07 00:00:00+08:00,0.0418449304997921,0.0418449304997921,0.0418449304997921,0.0418449304997921,0,0.0,0.0
2014-02-10 00:00:00+08:00,0.0418449304997921,0.0418449304997921,0.0418449304997921,0.0418449304997921,0,0.0,0.0
2014-02-11 00:00:00+08:00,0.0418449304997921,0.0418449304997921,0.0418449304997921,0.0418449304997921,0,0.0,0.0
2014-02-12 00:00:00+08:00,0.043423984199762344,0.043423984199762344,0.043423984199762344,0.043423984199762344,47000,0.0,0.0
2014-02-13 00:00:00+08:00,0.0418449304997921,0.0418449304997921,0.0418449304997921,0.0418449304997921,50000,0.0,0.0
2014-02-14 00:00:00+08:00,0.041055407375097275,0.041055407375097275,0.041055407375097275,0.041055407375097275,7000,0.0,0.0
2014-02-17 00:00:00+08:00,0.04263445855122904,0.043423984199762344,0.04263445855122904,0.043423984199762344,60000,0.0,0.0
2014-02-18 00:00:00+08:00,0.043423984199762344,0.043423984199762344,0.043423984199762344,0.043423984199762344,0,0.0,0.0
2014-02-19 00:00:00+08:00,0.043423984199762344,0.043423984199762344,0.043423984199762344,0.043423984199762344,0,0.0,0.0
2014-02-20 00:00:00+08:00,0.043423984199762344,0.043423984199762344,0.043423984199762344,0.043423984199762344,0,0.0,0.0
2014-02-21 00:00:00+08:00,0.043423984199762344,0.043423984199762344,0.043423984199762344,0.043423984199762344,0,0.0,0.0
2014-02-24 00:00:00+08:00,0.043423984199762344,0.043423984199762344,0.043423984199762344,0.043423984199762344,0,0.0,0.0
2014-02-25 00:00:00+08:00,0.043423984199762344,0.043423984199762344,0.043423984199762344,0.043423984199762344,0,0.0,0.0
2014-02-26 00:00:00+08:00,0.04105540161234741,0.04105540161234741,0.040265873074531555,0.040265873074531555,50000,0.0,0.0
2014-02-27 00:00:00+08:00,0.040265873074531555,0.040265873074531555,0.040265873074531555,0.040265873074531555,0,0.0,0.0
2014-02-28 00:00:00+08:00,0.040265873074531555,0.040265873074531555,0.040265873074531555,0.040265873074531555,2000,0.0,0.0
2014-03-03 00:00:00+08:00,0.040265873074531555,0.040265873074531555,0.040265873074531555,0.040265873074531555,0,0.0,0.0
2014-03-04 00:00:00+08:00,0.040265873074531555,0.040265873074531555,0.040265873074531555,0.040265873074531555,0,0.0,0.0
2014-03-05 00:00:00+08:00,0.040265873074531555,0.040265873074531555,0.040265873074531555,0.040265873074531555,50000,0.0,0.0
2014-03-06 00:00:00+08:00,0.04105540161234741,0.04105540161234741,0.040265873074531555,0.040265873074531555,22000,0.0,0.0
2014-03-07 00:00:00+08:00,0.040265873074531555,0.040265873074531555,0.040265873074531555,0.040265873074531555,86000,0.0,0.0
2014-03-10 00:00:00+08:00,0.041055407375097275,0.041055407375097275,0.041055407375097275,0.041055407375097275,46000,0.0,0.0
2014-03-11 00:00:00+08:00,0.041055407375097275,0.041055407375097275,0.041055407375097275,0.041055407375097275,150000,0.0,0.0
2014-03-12 00:00:00+08:00,0.04263445734977722,0.04263445734977722,0.04263445734977722,0.04263445734977722,30000,0.0,0.0
2014-03-13 00:00:00+08:00,0.041055407375097275,0.041055407375097275,0.041055407375097275,0.041055407375097275,100000,0.0,0.0
2014-03-14 00:00:00+08:00,0.0418449304997921,0.0418449304997921,0.0418449304997921,0.0418449304997921,4000,0.0,0.0
2014-03-17 00:00:00+08:00,0.0418449304997921,0.0418449304997921,0.0418449304997921,0.0418449304997921,0,0.0,0.0
2014-03-18 00:00:00+08:00,0.04737161673639704,0.04816114529967308,0.04737161673639704,0.04816114529967308,183000,0.0,0.0
2014-03-19 00:00:00+08:00,0.047371622174978256,0.047371622174978256,0.047371622174978256,0.047371622174978256,10100000,0.0,0.0
2014-03-20 00:00:00+08:00,0.047371622174978256,0.047371622174978256,0.047371622174978256,0.047371622174978256,296000,0.0,0.0
2014-03-21 00:00:00+08:00,0.047371622174978256,0.047371622174978256,0.045003042095655456,0.047371622174978256,107000,0.0,0.0
2014-03-24 00:00:00+08:00,0.044213514775037766,0.044213514775037766,0.044213514775037766,0.044213514775037766,10000,0.0,0.0
2014-03-25 00:00:00+08:00,0.043423984199762344,0.043423984199762344,0.043423984199762344,0.043423984199762344,50000,0.0,0.0
2014-03-26 00:00:00+08:00,0.043423984199762344,0.043423984199762344,0.043423984199762344,0.043423984199762344,20000,0.0,0.0
2014-03-27 00:00:00+08:00,0.043423984199762344,0.043423984199762344,0.043423984199762344,0.043423984199762344,63000,0.0,0.0
2014-03-28 00:00:00+08:00,0.043423984199762344,0.043423984199762344,0.043423984199762344,0.043423984199762344,81000,0.0,0.0
2014-03-31 00:00:00+08:00,0.043423984199762344,0.043423984199762344,0.043423984199762344,0.043423984199762344,0,0.0,0.0
2014-04-01 00:00:00+08:00,0.043423984199762344,0.043423984199762344,0.043423984199762344,0.043423984199762344,60000,0.0,0.0
2014-04-02 00:00:00+08:00,0.043423984199762344,0.043423984199762344,0.043423984199762344,0.043423984199762344,5000,0.0,0.0
2014-04-03 00:00:00+08:00,0.043423984199762344,0.043423984199762344,0.043423984199762344,0.043423984199762344,0,0.0,0.0
2014-04-04 00:00:00+08:00,0.04263445734977722,0.04263445734977722,0.04263445734977722,0.04263445734977722,16000,0.0,0.0
2014-04-07 00:00:00+08:00,0.0418449304997921,0.0418449304997921,0.0418449304997921,0.0418449304997921,100000,0.0,0.0
2014-04-08 00:00:00+08:00,0.045792567808357235,0.047371622174978256,0.045792567808357235,0.047371622174978256,150000,0.0,0.0
2014-04-09 00:00:00+08:00,0.04263446201633266,0.047371622174978256,0.04263446201633266,0.047371622174978256,95000,0.0,0.0
2014-04-10 00:00:00+08:00,0.047371622174978256,0.047371622174978256,0.047371622174978256,0.047371622174978256,0,0.0,0.0
2014-04-11 00:00:00+08:00,0.044213514775037766,0.044213514775037766,0.044213514775037766,0.044213514775037766,9000,0.0,0.0
2014-04-14 00:00:00+08:00,0.044213514775037766,0.044213514775037766,0.044213514775037766,0.044213514775037766,0,0.0,0.0
2014-04-15 00:00:00+08:00,0.04421351130694428,0.04816114529967308,0.04421351130694428,0.04816114529967308,38000,0.0,0.0
2014-04-16 00:00:00+08:00,0.04895067411023009,0.049740202724933624,0.04895067411023009,0.049740202724933624,30000,0.0,0.0
2014-04-17 00:00:00+08:00,0.049740202724933624,0.049740202724933624,0.049740202724933624,0.049740202724933624,90000,0.0,0.0
2014-04-21 00:00:00+08:00,0.049740202724933624,0.049740202724933624,0.049740202724933624,0.049740202724933624,0,0.0,0.0
2014-04-22 00:00:00+08:00,0.049740202724933624,0.049740202724933624,0.049740202724933624,0.049740202724933624,0,0.0,0.0
2014-04-23 00:00:00+08:00,0.04579256718471619,0.0489506758749485,0.04579256718471619,0.0489506758749485,127000,0.0,0.0
2014-04-24 00:00:00+08:00,0.047371622174978256,0.047371622174978256,0.047371622174978256,0.047371622174978256,200000,0.0,0.0
2014-04-25 00:00:00+08:00,0.047371622174978256,0.047371622174978256,0.047371622174978256,0.047371622174978256,0,0.0,0.0
2014-04-28 00:00:00+08:00,0.04658209335090169,0.047371619010868386,0.04579256474971771,0.04579256474971771,492000,0.0,0.0
2014-04-29 00:00:00+08:00,0.047371622174978256,0.047371622174978256,0.047371622174978256,0.047371622174978256,50000,0.0,0.0
2014-04-30 00:00:00+08:00,0.04737162166007636,0.050529733300209045,0.04737162166007636,0.050529733300209045,211000,0.0,0.0
2014-05-02 00:00:00+08:00,0.046582095324993134,0.046582095324993134,0.046582095324993134,0.046582095324993134,1000,0.0,0.0
2014-05-05 00:00:00+08:00,0.046582095324993134,0.046582095324993134,0.046582095324993134,0.046582095324993134,0,0.0,0.0
2014-05-06 00:00:00+08:00,0.04579256474971771,0.04579256474971771,0.04579256474971771,0.04579256474971771,3000,0.0,0.0
2014-05-07 00:00:00+08:00,0.04579256474971771,0.04579256474971771,0.04579256474971771,0.04579256474971771,0,0.0,0.0
2014-05-08 00:00:00+08:00,0.047371622174978256,0.047371622174978256,0.047371622174978256,0.047371622174978256,66000,0.0,0.0
2014-05-09 00:00:00+08:00,0.047371622174978256,0.047371622174978256,0.047371622174978256,0.047371622174978256,0,0.0,0.0
2014-05-12 00:00:00+08:00,0.04579256474971771,0.04579256474971771,0.04579256474971771,0.04579256474971771,30000,0.0,0.0
2014-05-14 00:00:00+08:00,0.046582095324993134,0.046582095324993134,0.046582095324993134,0.046582095324993134,1000,0.0,0.0
2014-05-15 00:00:00+08:00,0.0489506758749485,0.0489506758749485,0.0489506758749485,0.0489506758749485,60000,0.0,0.0
2014-05-16 00:00:00+08:00,0.0489506758749485,0.0489506758749485,0.0489506758749485,0.0489506758749485,0,0.0,0.0
2014-05-19 00:00:00+08:00,0.0489506758749485,0.0489506758749485,0.0489506758749485,0.0489506758749485,0,0.0,0.0
2014-05-20 00:00:00+08:00,0.0489506758749485,0.0489506758749485,0.0489506758749485,0.0489506758749485,0,0.0,0.0
2014-05-21 00:00:00+08:00,0.0489506758749485,0.0489506758749485,0.0489506758749485,0.0489506758749485,0,0.0,0.0
2014-05-22 00:00:00+08:00,0.0489506758749485,0.0489506758749485,0.0489506758749485,0.0489506758749485,0,0.0,0.0
2014-05-23 00:00:00+08:00,0.05052972998845676,0.05131925269961357,0.05052972998845676,0.05131925269961357,249000,0.0,0.0
2014-05-26 00:00:00+08:00,0.05131925269961357,0.05131925269961357,0.05131925269961357,0.05131925269961357,0,0.0,0.0
2014-05-27 00:00:00+08:00,0.05131925269961357,0.05131925269961357,0.05131925269961357,0.05131925269961357,0,0.0,0.0
2014-05-28 00:00:00+08:00,0.05131925269961357,0.05131925269961357,0.05131925269961357,0.05131925269961357,0,0.0,0.0
2014-05-29 00:00:00+08:00,0.048161145537385285,0.052108779549598694,0.048161145537385285,0.052108779549598694,203000,0.0,0.0
2014-05-30 00:00:00+08:00,0.055266886949539185,0.055266886949539185,0.055266886949539185,0.055266886949539185,100000,0.0,0.0
2014-06-02 00:00:00+08:00,0.0489506758749485,0.0489506758749485,0.0489506758749485,0.0489506758749485,50000,0.0,0.0
2014-06-03 00:00:00+08:00,0.0489506758749485,0.0489506758749485,0.0489506758749485,0.0489506758749485,0,0.0,0.0
2014-06-04 00:00:00+08:00,0.0489506758749485,0.0489506758749485,0.0489506758749485,0.0489506758749485,80000,0.0,0.0
2014-06-05 00:00:00+08:00,0.049740201394865464,0.05131925269961357,0.049740201394865464,0.05131925269961357,276000,0.0,0.0
2014-06-06 00:00:00+08:00,0.0489506758749485,0.0489506758749485,0.0489506758749485,0.0489506758749485,16000,0.0,0.0
2014-06-09 00:00:00+08:00,0.0489506758749485,0.0489506758749485,0.0489506758749485,0.0489506758749485,0,0.0,0.0
2014-06-10 00:00:00+08:00,0.05131925269961357,0.05131925269961357,0.05131925269961357,0.05131925269961357,91000,0.0,0.0
2014-06-11 00:00:00+08:00,0.05131925482144476,0.053687840700149536,0.05131925482144476,0.053687840700149536,220000,0.0,0.0
2014-06-12 00:00:00+08:00,0.053687840700149536,0.053687840700149536,0.053687840700149536,0.053687840700149536,0,0.0,0.0
2014-06-13 00:00:00+08:00,0.050529733300209045,0.05210878470844923,0.050529733300209045,0.050529733300209045,235000,0.0,0.0
2014-06-16 00:00:00+08:00,0.050529733300209045,0.050529733300209045,0.050529733300209045,0.050529733300209045,0,0.0,0.0
2014-06-17 00:00:00+08:00,0.050529733300209045,0.050529733300209045,0.050529733300209045,0.050529733300209045,0,0.0,0.0
2014-06-18 00:00:00+08:00,0.050529733300209045,0.050529733300209045,0.050529733300209045,0.050529733300209045,0,0.0,0.0
2014-06-19 00:00:00+08:00,0.049740202724933624,0.049740202724933624,0.049740202724933624,0.049740202724933624,2000,0.0,0.0
2014-06-20 00:00:00+08:00,0.049740201394865464,0.05131925269961357,0.049740201394865464,0.05131925269961357,80000,0.0,0.0
2014-06-23 00:00:00+08:00,0.047371622174978256,0.047371622174978256,0.047371622174978256,0.047371622174978256,20000,0.0,0.0
2014-06-24 00:00:00+08:00,0.049740202724933624,0.049740202724933624,0.049740202724933624,0.049740202724933624,200000,0.0,0.0
2014-06-25 00:00:00+08:00,0.049740202724933624,0.049740202724933624,0.049740202724933624,0.049740202724933624,0,0.0,0.0
2014-06-26 00:00:00+08:00,0.049740202724933624,0.049740202724933624,0.049740202724933624,0.049740202724933624,0,0.0,0.0
2014-06-27 00:00:00+08:00,0.05131925407190604,0.05131925407190604,0.049740202724933624,0.049740202724933624,100000,0.0,0.0
2014-06-30 00:00:00+08:00,0.049740202724933624,0.049740202724933624,0.049740202724933624,0.049740202724933624,0,0.0,0.0
2014-07-01 00:00:00+08:00,0.049740202724933624,0.049740202724933624,0.049740202724933624,0.049740202724933624,400000,0.0,0.0
2014-07-02 00:00:00+08:00,0.049740201394865464,0.05131925269961357,0.049740201394865464,0.05131925269961357,510000,0.0,0.0
2014-07-03 00:00:00+08:00,0.05131925269961357,0.05131925269961357,0.05131925269961357,0.05131925269961357,0,0.0,0.0
2014-07-04 00:00:00+08:00,0.05131925269961357,0.05131925269961357,0.05131925269961357,0.05131925269961357,100000,0.0,0.0
2014-07-07 00:00:00+08:00,0.0513192560631117,0.0513192560631117,0.050529733300209045,0.050529733300209045,234000,0.0,0.0
2014-07-08 00:00:00+08:00,0.049740204654871514,0.050529733300209045,0.049740204654871514,0.050529733300209045,500000,0.0,0.0
2014-07-09 00:00:00+08:00,0.049740202724933624,0.05052973133963716,0.049740202724933624,0.049740202724933624,500000,0.0,0.0
2014-07-10 00:00:00+08:00,0.049740202724933624,0.049740202724933624,0.049740202724933624,0.049740202724933624,0,0.0,0.0
2014-07-11 00:00:00+08:00,0.04737161855530881,0.05131925269961357,0.04737161855530881,0.05131925269961357,130000,0.0,0.0
2014-07-14 00:00:00+08:00,0.05131925269961357,0.05131925269961357,0.05131925269961357,0.05131925269961357,0,0.0,0.0
2014-07-15 00:00:00+08:00,0.052108784435334586,0.05921453044125969,0.052108784435334586,0.05842500180006027,383000,0.0,0.0
2014-07-16 00:00:00+08:00,0.05684594064950943,0.05684594064950943,0.05684594064950943,0.05684594064950943,16000,0.0,0.0
2014-07-17 00:00:00+08:00,0.05684594451766142,0.05921453044125969,0.05605642175889685,0.05842500180006027,459000,0.0,0.0
2014-07-18 00:00:00+08:00,0.05966807859264852,0.05966807859264852,0.057181909680366516,0.057181909680366516,271000,0.0035,0.0
2014-07-21 00:00:00+08:00,0.058010636717174414,0.058010636717174414,0.05635319277644158,0.056353192776441574,360000,0.0,0.0
2014-07-22 00:00:00+08:00,0.05635319277644158,0.05635319277644158,0.05635319277644158,0.056353192776441574,0,0.0,0.0
2014-07-23 00:00:00+08:00,0.058010637760162354,0.058839362832663784,0.058010637760162354,0.058010637760162354,32000,0.0,0.0
2014-07-24 00:00:00+08:00,0.056353193789629906,0.058839362832663784,0.056353193789629906,0.058010637760162354,187000,0.0,0.0
2014-07-25 00:00:00+08:00,0.05635319310197186,0.05966808100258634,0.05635319310197186,0.05883936211466789,98000,0.0,0.0
2014-07-29 00:00:00+08:00,0.058010637760162354,0.058839362832663784,0.058010637760162354,0.058010637760162354,88000,0.0,0.0
2014-07-30 00:00:00+08:00,0.058010637760162354,0.058010637760162354,0.057181912687660916,0.058010637760162354,276000,0.0,0.0
2014-07-31 00:00:00+08:00,0.057181909680366516,0.057181909680366516,0.056353190825919254,0.057181909680366516,251000,0.0,0.0
2014-08-01 00:00:00+08:00,0.057181909680366516,0.057181909680366516,0.057181909680366516,0.057181909680366516,24000,0.0,0.0
2014-08-04 00:00:00+08:00,0.05386701573916714,0.057181909680366516,0.05386701573916714,0.057181909680366516,101000,0.0,0.0
2014-08-05 00:00:00+08:00,0.057181909680366516,0.057181909680366516,0.057181909680366516,0.057181909680366516,0,0.0,0.0
2014-08-06 00:00:00+08:00,0.057181909680366516,0.057181909680366516,0.057181909680366516,0.057181909680366516,0,0.0,0.0
2014-08-07 00:00:00+08:00,0.05220957100391388,0.05469573987562978,0.05220957100391388,0.05220957100391388,20000,0.0,0.0
2014-08-08 00:00:00+08:00,0.05220957100391388,0.05220957100391388,0.05220957100391388,0.05220957100391388,100000,0.0,0.0
2014-08-11 00:00:00+08:00,0.05220957100391388,0.05220957100391388,0.05220957100391388,0.05220957100391388,0,0.0,0.0
2014-08-12 00:00:00+08:00,0.05220957100391388,0.05220957100391388,0.05220957100391388,0.05220957100391388,0,0.0,0.0
2014-08-13 00:00:00+08:00,0.05220957500517829,0.054695744067430496,0.05220957500517829,0.054695744067430496,41000,0.0,0.0
2014-08-14 00:00:00+08:00,0.054695744067430496,0.054695744067430496,0.054695744067430496,0.054695744067430496,0,0.0,0.0
2014-08-15 00:00:00+08:00,0.049723402855690844,0.054695744067430496,0.049723402855690844,0.054695744067430496,7000,0.0,0.0
2014-08-18 00:00:00+08:00,0.05552446989302942,0.05552446989302942,0.05386701971292496,0.05386701971292496,80000,0.0,0.0
2014-08-19 00:00:00+08:00,0.05386701971292496,0.05635319498308165,0.05386701971292496,0.05386701971292496,45000,0.0,0.0
2014-08-20 00:00:00+08:00,0.05386701971292496,0.05386701971292496,0.05386701971292496,0.05386701971292496,0,0.0,0.0
2014-08-21 00:00:00+08:00,0.05386701971292496,0.05386701971292496,0.053038300797343285,0.05386701971292496,227000,0.0,0.0
2014-08-22 00:00:00+08:00,0.05386701971292496,0.05386701971292496,0.05386701971292496,0.05386701971292496,0,0.0,0.0
2014-08-25 00:00:00+08:00,0.05386701971292496,0.05386701971292496,0.05386701971292496,0.05386701971292496,0,0.0,0.0
2014-08-26 00:00:00+08:00,0.05386701971292496,0.05386701971292496,0.05386701971292496,0.05386701971292496,0,0.0,0.0
2014-08-27 00:00:00+08:00,0.05635319277644158,0.05883936177477599,0.055524467718839995,0.056353192776441574,454000,0.0,0.0
2014-08-28 00:00:00+08:00,0.059668081730694794,0.059668081730694794,0.058010637760162354,0.058010637760162354,52000,0.0,0.0
2014-08-29 00:00:00+08:00,0.054695744067430496,0.054695744067430496,0.054695744067430496,0.054695744067430496,55000,0.0,0.0
2014-09-01 00:00:00+08:00,0.05469574076808451,0.057181909680366516,0.05469574076808451,0.057181909680366516,226000,0.0,0.0
2014-09-02 00:00:00+08:00,0.057181909680366516,0.057181909680366516,0.057181909680366516,0.057181909680366516,0,0.0,0.0
2014-09-03 00:00:00+08:00,0.05469574364462704,0.058010637760162354,0.0538670185721256,0.058010637760162354,466000,0.0,0.0
2014-09-04 00:00:00+08:00,0.057181909680366516,0.05801063470928389,0.05469574076808451,0.057181909680366516,258000,0.0,0.0
2014-09-05 00:00:00+08:00,0.057181909680366516,0.057181909680366516,0.057181909680366516,0.057181909680366516,0,0.0,0.0
2014-09-08 00:00:00+08:00,0.05883936750533057,0.060496811607487204,0.0580106423670168,0.05966808646917343,465000,0.0,0.0
2014-09-09 00:00:00+08:00,0.0580106423670168,0.060496811607487204,0.05718191722870302,0.05966808646917343,1382000,0.0,0.0
2014-09-10 00:00:00+08:00,0.057181909680366516,0.057181909680366516,0.057181909680366516,0.057181909680366516,50000,0.0,0.0
2014-09-11 00:00:00+08:00,0.057181909680366516,0.057181909680366516,0.057181909680366516,0.057181909680366516,0,0.0,0.0
2014-09-12 00:00:00+08:00,0.05635319310197186,0.05966808100258634,0.05552446803958306,0.05883936211466789,365000,0.0,0.0
2014-09-15 00:00:00+08:00,0.05883936211466789,0.05883936211466789,0.05883936211466789,0.05883936211466789,0,0.0,0.0
2014-09-16 00:00:00+08:00,0.05635319498308165,0.05635319498308165,0.05386701971292496,0.05386701971292496,1500000,0.0,0.0
2014-09-17 00:00:00+08:00,0.05386701971292496,0.05386701971292496,0.05386701971292496,0.05386701971292496,0,0.0,0.0
2014-09-18 00:00:00+08:00,0.05386701971292496,0.05386701971292496,0.05386701971292496,0.05386701971292496,0,0.0,0.0
2014-09-19 00:00:00+08:00,0.05386701971292496,0.05386701971292496,0.05386701971292496,0.05386701971292496,0,0.0,0.0
2014-09-22 00:00:00+08:00,0.05386701971292496,0.05386701971292496,0.05386701971292496,0.05386701971292496,0,0.0,0.0
2014-09-23 00:00:00+08:00,0.05386701971292496,0.05386701971292496,0.05386701971292496,0.05386701971292496,0,0.0,0.0
2014-09-24 00:00:00+08:00,0.05220957460159316,0.058010637760162354,0.05220957460159316,0.058010637760162354,702000,0.0,0.0
2014-09-25 00:00:00+08:00,0.055524468717128475,0.058010637760162354,0.055524468717128475,0.058010637760162354,149000,0.0,0.0
2014-09-26 00:00:00+08:00,0.058010637760162354,0.058010637760162354,0.058010637760162354,0.058010637760162354,0,0.0,0.0
2014-09-29 00:00:00+08:00,0.058010637760162354,0.058010637760162354,0.058010637760162354,0.058010637760162354,0,0.0,0.0
2014-09-30 00:00:00+08:00,0.058010637760162354,0.058010637760162354,0.058010637760162354,0.058010637760162354,0,0.0,0.0
2014-10-01 00:00:00+08:00,0.05303830008408585,0.05635319422524562,0.051380849926270726,0.054695744067430496,860000,0.0,0.0
2014-10-02 00:00:00+08:00,0.052209574324024156,0.055524468421936035,0.050552127275068214,0.055524468421936035,86000,0.0,0.0
2014-10-03 00:00:00+08:00,0.055524468421936035,0.055524468421936035,0.055524468421936035,0.055524468421936035,0,0.0,0.0
2014-10-07 00:00:00+08:00,0.05635319277644158,0.058010636717174414,0.055524467718839995,0.056353192776441574,430000,0.0,0.0
2014-10-08 00:00:00+08:00,0.05469574076808451,0.057181909680366516,0.05469574076808451,0.057181909680366516,100000,0.0,0.0
2014-10-09 00:00:00+08:00,0.051380848605302426,0.05635319277644158,0.051380848605302426,0.056353192776441574,101000,0.0,0.0
2014-10-10 00:00:00+08:00,0.054695744067430496,0.054695744067430496,0.054695744067430496,0.054695744067430496,100000,0.0,0.0
2014-10-13 00:00:00+08:00,0.052209573028005586,0.05386701694858295,0.04889467901238061,0.0505521260201931,534000,0.0,0.0
2014-10-14 00:00:00+08:00,0.05055212861442187,0.05386701971292496,0.05055212861442187,0.05386701971292496,6000,0.0,0.0
2014-10-15 00:00:00+08:00,0.05386701971292496,0.05386701971292496,0.05386701971292496,0.05386701971292496,0,0.0,0.0
2014-10-16 00:00:00+08:00,0.04806595620460803,0.05138085037469864,0.04806595620460803,0.05138085037469864,301000,0.0,0.0
2014-10-17 00:00:00+08:00,0.05386701971292496,0.05386701971292496,0.05386701971292496,0.05386701971292496,150000,0.0,0.0
2014-10-20 00:00:00+08:00,0.04889467798681783,0.0538670158187257,0.04806595295667648,0.04806595295667648,373000,0.0,0.0
2014-10-21 00:00:00+08:00,0.055524468099069316,0.055524468099069316,0.05303829908370972,0.05303829908370972,21000,0.0,0.0
2014-10-22 00:00:00+08:00,0.05303829908370972,0.05303829908370972,0.05303829908370972,0.05303829908370972,0,0.0,0.0
2014-10-24 00:00:00+08:00,0.04889467731118202,0.04889467731118202,0.04889467731118202,0.04889467731118202,23000,0.0,0.0
2014-10-27 00:00:00+08:00,0.0480659539648568,0.05303829807552939,0.0480659539648568,0.0505521260201931,183000,0.0,0.0
2014-10-28 00:00:00+08:00,0.0505521260201931,0.0505521260201931,0.0480659539648568,0.0505521260201931,511000,0.0,0.0
2014-10-29 00:00:00+08:00,0.0505521260201931,0.05138084798048178,0.0505521260201931,0.0505521260201931,197000,0.0,0.0
2014-10-30 00:00:00+08:00,0.05138084798048178,0.05138084798048178,0.0505521260201931,0.0505521260201931,60000,0.0,0.0
2014-10-31 00:00:00+08:00,0.05386702173508383,0.05386702173508383,0.04972340539097786,0.04972340539097786,60000,0.0,0.0
2014-11-03 00:00:00+08:00,0.05138085037469864,0.05138085037469864,0.05138085037469864,0.05138085037469864,7000,0.0,0.0
2014-11-04 00:00:00+08:00,0.05138084798048178,0.05138084798048178,0.0505521260201931,0.0505521260201931,39000,0.0,0.0
2014-11-05 00:00:00+08:00,0.0505521260201931,0.0505521260201931,0.0505521260201931,0.0505521260201931,0,0.0,0.0
2014-11-06 00:00:00+08:00,0.05138085037469864,0.05138085037469864,0.05138085037469864,0.05138085037469864,88000,0.0,0.0
2014-11-07 00:00:00+08:00,0.0505521260201931,0.0505521260201931,0.04972340097266929,0.0505521260201931,338000,0.0,0.0
2014-11-10 00:00:00+08:00,0.05138084798048178,0.05138084798048178,0.0480659539648568,0.0505521260201931,266000,0.0,0.0
2014-11-11 00:00:00+08:00,0.0505521260201931,0.0505521260201931,0.0505521260201931,0.0505521260201931,0,0.0,0.0
2014-11-12 00:00:00+08:00,0.0505521260201931,0.0505521260201931,0.0505521260201931,0.0505521260201931,0,0.0,0.0
2014-11-13 00:00:00+08:00,0.0505521260201931,0.0505521260201931,0.0505521260201931,0.0505521260201931,0,0.0,0.0
2014-11-14 00:00:00+08:00,0.0505521260201931,0.0505521260201931,0.0505521260201931,0.0505521260201931,0,0.0,0.0
2014-11-17 00:00:00+08:00,0.0505521260201931,0.0505521260201931,0.0505521260201931,0.0505521260201931,0,0.0,0.0
2014-11-18 00:00:00+08:00,0.0505521260201931,0.0505521260201931,0.0505521260201931,0.0505521260201931,0,0.0,0.0
2014-11-19 00:00:00+08:00,0.04806595823588839,0.04972340539097786,0.04806595823588839,0.04972340539097786,250000,0.0,0.0
2014-11-20 00:00:00+08:00,0.04972340539097786,0.04972340539097786,0.04972340539097786,0.04972340539097786,0,0.0,0.0
2014-11-21 00:00:00+08:00,0.04972340539097786,0.04972340539097786,0.04972340539097786,0.04972340539097786,30000,0.0,0.0
2014-11-24 00:00:00+08:00,0.04972340539097786,0.04972340539097786,0.04972340539097786,0.04972340539097786,0,0.0,0.0
2014-11-25 00:00:00+08:00,0.04972340539097786,0.04972340539097786,0.04972340539097786,0.04972340539097786,0,0.0,0.0
2014-11-26 00:00:00+08:00,0.04972340539097786,0.04972340539097786,0.04972340539097786,0.04972340539097786,0,0.0,0.0
2014-11-27 00:00:00+08:00,0.04972340539097786,0.04972340539097786,0.04972340539097786,0.04972340539097786,0,0.0,0.0
2014-11-28 00:00:00+08:00,0.04972340539097786,0.04972340539097786,0.04972340539097786,0.04972340539097786,0,0.0,0.0
2014-12-01 00:00:00+08:00,0.04806595823588839,0.04972340539097786,0.04806595823588839,0.04972340539097786,261000,0.0,0.0
2014-12-02 00:00:00+08:00,0.04806595229249215,0.053038296230161354,0.04723723036103729,0.04889467731118202,281000,0.0,0.0
2014-12-03 00:00:00+08:00,0.046408511698246,0.0480659556778935,0.046408511698246,0.046408511698246,178000,0.0,0.0
2014-12-04 00:00:00+08:00,0.04723723200456812,0.0505521260201931,0.046408510044279434,0.0505521260201931,546000,0.0,0.0
2014-12-05 00:00:00+08:00,0.0505521279345984,0.05883936328749783,0.0505521279345984,0.054695744067430496,1376000,0.0,0.0
2014-12-08 00:00:00+08:00,0.04972340191783828,0.05386701797251601,0.04972340191783828,0.05303829908370972,251000,0.0,0.0
2014-12-09 00:00:00+08:00,0.048894680754952485,0.05138084981165896,0.046408511698246,0.046408511698246,194000,0.0,0.0
2014-12-10 00:00:00+08:00,0.050552124959865476,0.050552124959865476,0.04806595295667648,0.04806595295667648,63000,0.0,0.0
2014-12-11 00:00:00+08:00,0.04972340539097786,0.04972340539097786,0.04972340539097786,0.04972340539097786,120000,0.0,0.0
2014-12-12 00:00:00+08:00,0.04972340539097786,0.04972340539097786,0.04972340539097786,0.04972340539097786,0,0.0,0.0
2014-12-15 00:00:00+08:00,0.046408514021442214,0.04723723605275154,0.04226489460318943,0.04723723605275154,151000,0.0,0.0
2014-12-16 00:00:00+08:00,0.043093614280223846,0.043093614280223846,0.043093614280223846,0.043093614280223846,2000,0.0,0.0
2014-12-17 00:00:00+08:00,0.043093614280223846,0.043093614280223846,0.043093614280223846,0.043093614280223846,20000,0.0,0.0
2014-12-18 00:00:00+08:00,0.042264889266323775,0.043093614280223846,0.042264889266323775,0.043093614280223846,10084000,0.0,0.0
2014-12-19 00:00:00+08:00,0.04060744274537332,0.04972339946906335,0.04060744274537332,0.045579783618450165,34000,0.0,0.0
2014-12-22 00:00:00+08:00,0.045579783618450165,0.045579783618450165,0.045579783618450165,0.045579783618450165,0,0.0,0.0
2014-12-23 00:00:00+08:00,0.04889467896077525,0.04889467896077525,0.044751062989234924,0.044751062989234924,21000,0.0,0.0
2014-12-24 00:00:00+08:00,0.044751062989234924,0.044751062989234924,0.044751062989234924,0.044751062989234924,0,0.0,0.0
2014-12-26 00:00:00+08:00,0.044751062989234924,0.044751062989234924,0.044751062989234924,0.044751062989234924,0,0.0,0.0
2014-12-29 00:00:00+08:00,0.04723723620196135,0.0580106411664252,0.04723723620196135,0.04972340539097786,1026000,0.0,0.0
2014-12-30 00:00:00+08:00,0.049723403289653335,0.05138085037469864,0.049723403289653335,0.05138085037469864,190000,0.0,0.0
2014-12-31 00:00:00+08:00,0.053038302788392194,0.053038302788392194,0.04972340539097786,0.04972340539097786,189000,0.0,0.0
2015-01-02 00:00:00+08:00,0.0480659556778935,0.0480659556778935,0.046408511698246,0.046408511698246,1400000,0.0,0.0
2015-01-05 00:00:00+08:00,0.046408511698246,0.046408511698246,0.046408511698246,0.046408511698246,0,0.0,0.0
2015-01-06 00:00:00+08:00,0.046408509995298074,0.046408509995298074,0.044751062989234924,0.044751062989234924,119000,0.0,0.0
2015-01-07 00:00:00+08:00,0.04557978494864894,0.04557978494864894,0.044751062989234924,0.044751062989234924,84000,0.0,0.0
2015-01-08 00:00:00+08:00,0.04475106586339667,0.04557978787603582,0.042264893651008606,0.042264893651008606,466000,0.0,0.0
2015-01-09 00:00:00+08:00,0.045579783618450165,0.045579783618450165,0.045579783618450165,0.045579783618450165,400000,0.0,0.0
2015-01-12 00:00:00+08:00,0.045579783618450165,0.045579783618450165,0.045579783618450165,0.045579783618450165,100000,0.0,0.0
2015-01-13 00:00:00+08:00,0.045579783618450165,0.045579783618450165,0.045579783618450165,0.045579783618450165,0,0.0,0.0
2015-01-14 00:00:00+08:00,0.045579783618450165,0.045579783618450165,0.045579783618450165,0.045579783618450165,100000,0.0,0.0
2015-01-15 00:00:00+08:00,0.045579783618450165,0.045579783618450165,0.045579783618450165,0.045579783618450165,0,0.0,0.0
2015-01-16 00:00:00+08:00,0.04226489460318943,0.04723723605275154,0.04226489460318943,0.04723723605275154,105000,0.0,0.0
2015-01-19 00:00:00+08:00,0.04723723605275154,0.04723723605275154,0.04723723605275154,0.04723723605275154,0,0.0,0.0
2015-01-20 00:00:00+08:00,0.045579783618450165,0.045579783618450165,0.045579783618450165,0.045579783618450165,820000,0.0,0.0
2015-01-21 00:00:00+08:00,0.0422648897030656,0.045579783618450165,0.0422648897030656,0.045579783618450165,360000,0.0,0.0
2015-01-22 00:00:00+08:00,0.045579783618450165,0.045579783618450165,0.045579783618450165,0.045579783618450165,60000,0.0,0.0
2015-01-23 00:00:00+08:00,0.04309361472552926,0.045579783618450165,0.04309361472552926,0.045579783618450165,11500,0.0,0.0
2015-01-26 00:00:00+08:00,0.04806595229249215,0.04889467731118202,0.04806595229249215,0.04889467731118202,2200,0.0,0.0
2015-01-27 00:00:00+08:00,0.04557978566691118,0.04972340170374805,0.0422648916025476,0.043922338634729385,611600,0.0,0.0
2015-01-28 00:00:00+08:00,0.043922337942585786,0.04557978494864894,0.04143616897710861,0.044751062989234924,642600,0.0,0.0
2015-01-29 00:00:00+08:00,0.042264889266323775,0.04392233620688892,0.04060744232575862,0.043093614280223846,492200,0.0,0.0
2015-01-30 00:00:00+08:00,0.043922338634729385,0.043922338634729385,0.043922338634729385,0.043922338634729385,300,0.0,0.0
2015-02-02 00:00:00+08:00,0.04060744274537332,0.045579783618450165,0.04060744274537332,0.045579783618450165,1200,0.0,0.0
2015-02-03 00:00:00+08:00,0.04143617257188011,0.04723723605275154,0.039778725422026075,0.04723723605275154,141300,0.0,0.0
2015-02-04 00:00:00+08:00,0.048894677533834724,0.048894677533834724,0.03977872081014469,0.045579783618450165,87300,0.0,0.0
2015-02-05 00:00:00+08:00,0.03895000138334665,0.03895000138334665,0.03646383213325575,0.03812127932906151,38100,0.0,0.0
2015-02-06 00:00:00+08:00,0.04309361512476861,0.04806595295667648,0.040607443121579614,0.04806595295667648,75800,0.0,0.0
2015-02-09 00:00:00+08:00,0.04143617257188011,0.04723723605275154,0.04143617257188011,0.04723723605275154,202100,0.0,0.0
2015-02-10 00:00:00+08:00,0.04723723605275154,0.04723723605275154,0.04723723605275154,0.04723723605275154,0,0.0,0.0
2015-02-11 00:00:00+08:00,0.041436172702765915,0.055524471977408695,0.041436172702765915,0.04972340539097786,304600,0.0,0.0
2015-02-12 00:00:00+08:00,0.04972340539097786,0.04972340539097786,0.04972340539097786,0.04972340539097786,0,0.0,0.0
2015-02-13 00:00:00+08:00,0.04972340539097786,0.04972340539097786,0.04972340539097786,0.04972340539097786,0,0.0,0.0
2015-02-16 00:00:00+08:00,0.04889468335705082,0.04972340539097786,0.04889468335705082,0.04972340539097786,73000,0.0,0.0
2015-02-17 00:00:00+08:00,0.04640851416803432,0.05138085254606733,0.04060744758160348,0.04972340539097786,175200,0.0,0.0
2015-02-18 00:00:00+08:00,0.04972340539097786,0.04972340539097786,0.04972340539097786,0.04972340539097786,0,0.0,0.0
2015-02-23 00:00:00+08:00,0.04060744232575862,0.04475106122078899,0.039778720399093546,0.043093614280223846,80500,0.0,0.0
2015-02-24 00:00:00+08:00,0.05386701971292496,0.05386701971292496,0.05386701971292496,0.05386701971292496,100,0.0,0.0
2015-02-25 00:00:00+08:00,0.05220957121147148,0.0538670150743812,0.04557978341089256,0.04889467731118202,145600,0.0,0.0
2015-02-26 00:00:00+08:00,0.04806595808406086,0.04806595808406086,0.04723723605275154,0.04723723605275154,200,0.0,0.0
2015-02-27 00:00:00+08:00,0.04889467798681783,0.04889467798681783,0.03977872117867332,0.04806595295667648,69400,0.0,0.0
2015-03-02 00:00:00+08:00,0.04557978566691118,0.04557978566691118,0.0422648916025476,0.043922338634729385,69400,0.0,0.0
2015-03-03 00:00:00+08:00,0.04640850816135414,0.05303829592361473,0.042264889266323775,0.043093614280223846,384600,0.0,0.0
2015-03-04 00:00:00+08:00,0.04143616897710861,0.044751062989234924,0.04143616897710861,0.044751062989234924,2000,0.0,0.0
2015-03-05 00:00:00+08:00,0.045579783618450165,0.045579783618450165,0.045579783618450165,0.045579783618450165,2021100,0.0,0.0
2015-03-06 00:00:00+08:00,0.04143617049759781,0.046408511698246,0.04143617049759781,0.046408511698246,2002200,0.0,0.0
2015-03-09 00:00:00+08:00,0.040607443121579614,0.04806595295667648,0.03977872117867332,0.04806595295667648,1622400,0.0,0.0
2015-03-10 00:00:00+08:00,0.04143616776783698,0.045579783618450165,0.04060744274537332,0.045579783618450165,82400,0.0,0.0
2015-03-11 00:00:00+08:00,0.045579783618450165,0.045579783618450165,0.045579783618450165,0.045579783618450165,0,0.0,0.0
2015-03-12 00:00:00+08:00,0.04475106369443786,0.04475106369443786,0.043922338634729385,0.043922338634729385,200,0.0,0.0
2015-03-13 00:00:00+08:00,0.044751062989234924,0.044751062989234924,0.044751062989234924,0.044751062989234924,300,0.0,0.0
2015-03-16 00:00:00+08:00,0.04557978662118702,0.046408511698246,0.04557978662118702,0.046408511698246,110000,0.0,0.0
2015-03-17 00:00:00+08:00,0.045579783618450165,0.045579783618450165,0.045579783618450165,0.045579783618450165,900,0.0,0.0
2015-03-18 00:00:00+08:00,0.045579783618450165,0.045579783618450165,0.045579783618450165,0.045579783618450165,0,0.0,0.0
2015-03-19 00:00:00+08:00,0.045579783618450165,0.045579783618450165,0.045579783618450165,0.045579783618450165,1000,0.0,0.0
2015-03-20 00:00:00+08:00,0.03894999921734687,0.03977872431278229,0.03894999921734687,0.03977872431278229,25100,0.0,0.0
2015-03-23 00:00:00+08:00,0.03977872431278229,0.03977872431278229,0.03977872431278229,0.03977872431278229,0,0.0,0.0
2015-03-24 00:00:00+08:00,0.04475106122078899,0.04475106122078899,0.043093614280223846,0.043093614280223846,20000,0.0,0.0
2015-03-25 00:00:00+08:00,0.043093614280223846,0.043093614280223846,0.043093614280223846,0.043093614280223846,0,0.0,0.0
2015-03-26 00:00:00+08:00,0.04309361684780095,0.05303829908370972,0.04309361684780095,0.05303829908370972,56000,0.0,0.0
2015-03-27 00:00:00+08:00,0.05303829908370972,0.05303829908370972,0.05303829908370972,0.05303829908370972,0,0.0,0.0
2015-03-30 00:00:00+08:00,0.05303829908370972,0.05303829908370972,0.05303829908370972,0.05303829908370972,0,0.0,0.0
2015-03-31 00:00:00+08:00,0.05303829908370972,0.05303829908370972,0.05303829908370972,0.05303829908370972,0,0.0,0.0
2015-04-01 00:00:00+08:00,0.05303829908370972,0.05303829908370972,0.05303829908370972,0.05303829908370972,0,0.0,0.0
2015-04-02 00:00:00+08:00,0.049723400920189266,0.049723400920189266,0.038949996924396324,0.044751062989234924,296100,0.0,0.0
2015-04-06 00:00:00+08:00,0.04060744424346603,0.04143616929650307,0.04060744424346603,0.04143616929650307,11000,0.0,0.0
2015-04-07 00:00:00+08:00,0.04143616929650307,0.04143616929650307,0.04143616929650307,0.04143616929650307,1000,0.0,0.0
2015-04-08 00:00:00+08:00,0.04557978494864894,0.046408509995298074,0.044751062989234924,0.044751062989234924,140200,0.0,0.0
2015-04-09 00:00:00+08:00,0.044751062989234924,0.044751062989234924,0.044751062989234924,0.044751062989234924,0,0.0,0.0
2015-04-10 00:00:00+08:00,0.04475106369443786,0.04475106369443786,0.043922338634729385,0.043922338634729385,100000,0.0,0.0
2015-04-13 00:00:00+08:00,0.043922338634729385,0.043922338634729385,0.043922338634729385,0.043922338634729385,0,0.0,0.0
2015-04-14 00:00:00+08:00,0.04806595295667648,0.04806595295667648,0.04806595295667648,0.04806595295667648,100,0.0,0.0
2015-04-15 00:00:00+08:00,0.04806595295667648,0.04806595295667648,0.04806595295667648,0.04806595295667648,0,0.0,0.0
2015-04-16 00:00:00+08:00,0.045579783618450165,0.045579783618450165,0.045579783618450165,0.045579783618450165,50000,0.0,0.0
2015-04-17 00:00:00+08:00,0.04972339946906335,0.04972339946906335,0.045579783618450165,0.045579783618450165,200,0.0,0.0
2015-04-20 00:00:00+08:00,0.045579783618450165,0.045579783618450165,0.045579783618450165,0.045579783618450165,0,0.0,0.0
2015-04-21 00:00:00+08:00,0.04060744274537332,0.045579783618450165,0.03977872081014469,0.045579783618450165,20200,0.0,0.0
2015-04-22 00:00:00+08:00,0.043922337942585786,0.044751062989234924,0.04226489093652263,0.044751062989234924,253100,0.0,0.0
2015-04-23 00:00:00+08:00,0.044751062989234924,0.044751062989234924,0.044751062989234924,0.044751062989234924,0,0.0,0.0
2015-04-24 00:00:00+08:00,0.044751062989234924,0.044751062989234924,0.044751062989234924,0.044751062989234924,0,0.0,0.0
2015-04-27 00:00:00+08:00,0.044751062989234924,0.044751062989234924,0.044751062989234924,0.044751062989234924,0,0.0,0.0
2015-04-28 00:00:00+08:00,0.04143616897710861,0.044751062989234924,0.04143616897710861,0.044751062989234924,9100,0.0,0.0
2015-04-29 00:00:00+08:00,0.04226489126230496,0.04226489126230496,0.04143616929650307,0.04143616929650307,60000,0.0,0.0
2015-04-30 00:00:00+08:00,0.04226489198934796,0.04226489198934796,0.04060744494199753,0.04060744494199753,44000,0.0,0.0
2015-05-04 00:00:00+08:00,0.04060744494199753,0.04060744494199753,0.04060744494199753,0.04060744494199753,0,0.0,0.0
2015-05-05 00:00:00+08:00,0.05303830008408585,0.054695744067430496,0.05303830008408585,0.054695744067430496,1003000,0.0,0.0
2015-05-06 00:00:00+08:00,0.054695744067430496,0.054695744067430496,0.054695744067430496,0.054695744067430496,0,0.0,0.0
2015-05-07 00:00:00+08:00,0.043922338634729385,0.043922338634729385,0.043922338634729385,0.043922338634729385,39700,0.0,0.0
2015-05-08 00:00:00+08:00,0.043922338634729385,0.043922338634729385,0.043922338634729385,0.043922338634729385,0,0.0,0.0
2015-05-11 00:00:00+08:00,0.043922338634729385,0.043922338634729385,0.043922338634729385,0.043922338634729385,15000,0.0,0.0
2015-05-12 00:00:00+08:00,0.04143616963007429,0.043922338634729385,0.04143616963007429,0.043922338634729385,25000,0.0,0.0
2015-05-13 00:00:00+08:00,0.043922338634729385,0.043922338634729385,0.043922338634729385,0.043922338634729385,0,0.0,0.0
2015-05-14 00:00:00+08:00,0.04143617257188011,0.04723723605275154,0.04143617257188011,0.04723723605275154,16200,0.0,0.0
2015-05-15 00:00:00+08:00,0.045579785299982835,0.045579785299982835,0.04143616929650307,0.04143616929650307,128900,0.0,0.0
2015-05-18 00:00:00+08:00,0.04226489126230496,0.04226489126230496,0.04143616929650307,0.04143616929650307,121000,0.0,0.0
2015-05-19 00:00:00+08:00,0.04060744393045948,0.044751062989234924,0.03977872197104546,0.044751062989234924,103300,0.0,0.0
2015-05-20 00:00:00+08:00,0.044751062989234924,0.044751062989234924,0.044751062989234924,0.044751062989234924,0,0.0,0.0
2015-05-21 00:00:00+08:00,0.040607446538495004,0.042264893651008606,0.040607446538495004,0.042264893651008606,88200,0.0,0.0
2015-05-22 00:00:00+08:00,0.045579789046871884,0.04972340539097786,0.045579789046871884,0.04972340539097786,64000,0.0,0.0
2015-05-25 00:00:00+08:00,0.04723723101377019,0.04806595295667648,0.04723723101377019,0.04806595295667648,77000,0.0,0.0
2015-05-26 00:00:00+08:00,0.04143617257188011,0.04723723605275154,0.04143617257188011,0.04723723605275154,6100,0.0,0.0
2015-05-27 00:00:00+08:00,0.04806595295667648,0.04806595295667648,0.04806595295667648,0.04806595295667648,70200,0.0,0.0
2015-05-28 00:00:00+08:00,0.04806595295667648,0.04806595295667648,0.04806595295667648,0.04806595295667648,0,0.0,0.0
2015-05-29 00:00:00+08:00,0.04806595428462366,0.049723401303462596,0.03977872227766414,0.04143616929650307,153600,0.0,0.0
2015-06-02 00:00:00+08:00,0.04143617163836947,0.04806595700118856,0.04143617163836947,0.042264893651008606,211500,0.0,0.0
2015-06-03 00:00:00+08:00,0.0422648895106031,0.04889467731118202,0.0422648895106031,0.04889467731118202,69000,0.0,0.0
2015-06-04 00:00:00+08:00,0.04889467731118202,0.04889467731118202,0.04889467731118202,0.04889467731118202,0,0.0,0.0
2015-06-05 00:00:00+08:00,0.04806595823588839,0.04972340539097786,0.04806595823588839,0.04972340539097786,59600,0.0,0.0
2015-06-08 00:00:00+08:00,0.04972340539097786,0.04972340539097786,0.04972340539097786,0.04972340539097786,0,0.0,0.0
2015-06-09 00:00:00+08:00,0.050552124060358285,0.05469573987562978,0.04309361435797558,0.05220957100391388,313000,0.0,0.0
2015-06-10 00:00:00+08:00,0.05220957570729105,0.05386701971292496,0.05220957570729105,0.05386701971292496,66000,0.0,0.0
2015-06-11 00:00:00+08:00,0.05138084619278161,0.05138084619278161,0.04889467731118202,0.04889467731118202,199800,0.0,0.0
2015-06-12 00:00:00+08:00,0.04889467731118202,0.04889467731118202,0.04889467731118202,0.04889467731118202,0,0.0,0.0
2015-06-15 00:00:00+08:00,0.04889467731118202,0.04889467731118202,0.04889467731118202,0.04889467731118202,0,0.0,0.0
2015-06-16 00:00:00+08:00,0.04889467731118202,0.04889467731118202,0.04889467731118202,0.04889467731118202,0,0.0,0.0
2015-06-17 00:00:00+08:00,0.04226489473669295,0.05220957766722976,0.03977872554767645,0.04972340539097786,202600,0.0,0.0
2015-06-18 00:00:00+08:00,0.04972340539097786,0.04972340539097786,0.04972340539097786,0.04972340539097786,0,0.0,0.0
2015-06-19 00:00:00+08:00,0.04972340539097786,0.04972340539097786,0.04972340539097786,0.04972340539097786,0,0.0,0.0
2015-06-22 00:00:00+08:00,0.04972340539097786,0.04972340539097786,0.04972340539097786,0.04972340539097786,0,0.0,0.0
2015-06-23 00:00:00+08:00,0.04143616963007429,0.04806595467156627,0.03729255359323742,0.043922338634729385,22400,0.0,0.0
2015-06-24 00:00:00+08:00,0.043922338634729385,0.043922338634729385,0.043922338634729385,0.043922338634729385,0,0.0,0.0
2015-06-25 00:00:00+08:00,0.04060744494199753,0.04060744494199753,0.04060744494199753,0.04060744494199753,100,0.0,0.0
2015-06-26 00:00:00+08:00,0.04060744494199753,0.04060744494199753,0.04060744494199753,0.04060744494199753,0,0.0,0.0
2015-06-29 00:00:00+08:00,0.04060744494199753,0.04060744494199753,0.04060744494199753,0.04060744494199753,0,0.0,0.0
2015-06-30 00:00:00+08:00,0.04060744494199753,0.04060744494199753,0.04060744494199753,0.04060744494199753,0,0.0,0.0
2015-07-01 00:00:00+08:00,0.04060744494199753,0.04060744494199753,0.04060744494199753,0.04060744494199753,0,0.0,0.0
2015-07-02 00:00:00+08:00,0.038949996965505676,0.05138084798048178,0.038949996965505676,0.0505521260201931,17200,0.0,0.0
2015-07-03 00:00:00+08:00,0.0505521260201931,0.0505521260201931,0.0505521260201931,0.0505521260201931,0,0.0,0.0
2015-07-06 00:00:00+08:00,0.049723398578452586,0.07458510249853134,0.049723398578452586,0.07458510249853134,1175500,0.0,0.0
2015-07-07 00:00:00+08:00,0.05220957460159316,0.0621542569481991,0.05220957460159316,0.058010637760162354,4500,0.0,0.0
2015-07-08 00:00:00+08:00,0.058010637760162354,0.058010637760162354,0.058010637760162354,0.058010637760162354,0,0.0,0.0
2015-07-09 00:00:00+08:00,0.058010637760162354,0.058010637760162354,0.058010637760162354,0.058010637760162354,0,0.0,0.0
2015-07-10 00:00:00+08:00,0.058010637760162354,0.058010637760162354,0.058010637760162354,0.058010637760162354,0,0.0,0.0
2015-07-13 00:00:00+08:00,0.058010637760162354,0.058010637760162354,0.058010637760162354,0.058010637760162354,0,0.0,0.0
2015-07-14 00:00:00+08:00,0.058010637760162354,0.058010637760162354,0.058010637760162354,0.058010637760162354,0,0.0,0.0
2015-07-15 00:00:00+08:00,0.04640851180176631,0.05635319422524562,0.04640851180176631,0.054695744067430496,19000,0.0,0.0
2015-07-16 00:00:00+08:00,0.05635319277644158,0.05635319277644158,0.05635319277644158,0.056353192776441574,15000,0.0,0.0
2015-07-20 00:00:00+08:00,0.05635319277644158,0.05635319277644158,0.05635319277644158,0.056353192776441574,0,0.0,0.0
2015-07-21 00:00:00+08:00,0.04889467731118202,0.04889467731118202,0.04889467731118202,0.04889467731118202,10000,0.0,0.0
2015-07-22 00:00:00+08:00,0.04972340539097786,0.05883936628758763,0.04889468335705082,0.04972340539097786,706600,0.0,0.0
2015-07-23 00:00:00+08:00,0.050552126981114935,0.05303829908370972,0.050552126981114935,0.05303829908370972,46000,0.0,0.0
2015-07-24 00:00:00+08:00,0.049723399856285454,0.05801063470928389,0.04557978397340376,0.057181909680366516,121200,0.0,0.0
2015-07-27 00:00:00+08:00,0.057181909680366516,0.057181909680366516,0.057181909680366516,0.057181909680366516,0,0.0,0.0
2015-07-28 00:00:00+08:00,0.0629829689860344,0.0629829689860344,0.0629829689860344,0.0629829689860344,200,0.0,0.0
2015-07-29 00:00:00+08:00,0.0629829689860344,0.0629829689860344,0.0629829689860344,0.0629829689860344,0,0.0,0.0
2015-07-30 00:00:00+08:00,0.04640851119629596,0.055524468421936035,0.041436170049428137,0.055524468421936035,50200,0.0,0.0
2015-07-31 00:00:00+08:00,0.055524468421936035,0.055524468421936035,0.055524468421936035,0.055524468421936035,0,0.0,0.0
2015-08-03 00:00:00+08:00,0.04392233798894314,0.05303829807552939,0.04143616902084197,0.0505521260201931,20600,0.0,0.0
2015-08-04 00:00:00+08:00,0.0505521260201931,0.0505521260201931,0.0505521260201931,0.0505521260201931,0,0.0,0.0
2015-08-05 00:00:00+08:00,0.0505521260201931,0.0505521260201931,0.0505521260201931,0.0505521260201931,0,0.0,0.0
2015-08-06 00:00:00+08:00,0.0505521260201931,0.0505521260201931,0.0505521260201931,0.0505521260201931,0,0.0,0.0
2015-08-07 00:00:00+08:00,0.0505521260201931,0.0505521260201931,0.0505521260201931,0.0505521260201931,0,0.0,0.0
2015-08-11 00:00:00+08:00,0.0505521260201931,0.0505521260201931,0.0505521260201931,0.0505521260201931,0,0.0,0.0
2015-08-12 00:00:00+08:00,0.0505521260201931,0.0505521260201931,0.0505521260201931,0.0505521260201931,0,0.0,0.0
2015-08-13 00:00:00+08:00,0.0505521260201931,0.0505521260201931,0.0505521260201931,0.0505521260201931,0,0.0,0.0
2015-08-14 00:00:00+08:00,0.058010638208590266,0.058010638208590266,0.054695744067430496,0.054695744067430496,300,0.0,0.0
2015-08-17 00:00:00+08:00,0.054695744067430496,0.054695744067430496,0.054695744067430496,0.054695744067430496,0,0.0,0.0
2015-08-18 00:00:00+08:00,0.042264890981130655,0.0505521260201931,0.04143616902084197,0.0505521260201931,100600,0.0,0.0
2015-08-19 00:00:00+08:00,0.05801063470928389,0.05801063470928389,0.057181909680366516,0.057181909680366516,90000,0.0,0.0
2015-08-20 00:00:00+08:00,0.057181909680366516,0.057181909680366516,0.057181909680366516,0.057181909680366516,0,0.0,0.0
2015-08-21 00:00:00+08:00,0.057181909680366516,0.057181909680366516,0.057181909680366516,0.057181909680366516,0,0.0,0.0
2015-08-24 00:00:00+08:00,0.057181909680366516,0.057181909680366516,0.057181909680366516,0.057181909680366516,0,0.0,0.0
2015-08-25 00:00:00+08:00,0.057181909680366516,0.057181909680366516,0.057181909680366516,0.057181909680366516,0,0.0,0.0
2015-08-26 00:00:00+08:00,0.05801063898871555,0.05801063898871555,0.05386701971292496,0.05386701971292496,3919500,0.0,0.0
2015-08-27 00:00:00+08:00,0.05386701971292496,0.05386701971292496,0.05386701971292496,0.05386701971292496,0,0.0,0.0
2015-08-28 00:00:00+08:00,0.05386701971292496,0.05386701971292496,0.05386701971292496,0.05386701971292496,0,0.0,0.0
2015-08-31 00:00:00+08:00,0.0397787227691647,0.05303829908370972,0.0397787227691647,0.05303829908370972,50200,0.0,0.0
2015-09-01 00:00:00+08:00,0.05303829908370972,0.05303829908370972,0.05303829908370972,0.05303829908370972,0,0.0,0.0
2015-09-02 00:00:00+08:00,0.05303829908370972,0.05303829908370972,0.05303829908370972,0.05303829908370972,0,0.0,0.0
2015-09-03 00:00:00+08:00,0.05303829908370972,0.05303829908370972,0.05303829908370972,0.05303829908370972,0,0.0,0.0
2015-09-04 00:00:00+08:00,0.05303829908370972,0.05303829908370972,0.05303829908370972,0.05303829908370972,0,0.0,0.0
2015-09-07 00:00:00+08:00,0.05303829908370972,0.05303829908370972,0.05303829908370972,0.05303829908370972,0,0.0,0.0
2015-09-08 00:00:00+08:00,0.05303829908370972,0.05303829908370972,0.05303829908370972,0.05303829908370972,0,0.0,0.0
2015-09-09 00:00:00+08:00,0.05303829908370972,0.05303829908370972,0.05303829908370972,0.05303829908370972,0,0.0,0.0
2015-09-10 00:00:00+08:00,0.05303829908370972,0.05303829908370972,0.05303829908370972,0.05303829908370972,0,0.0,0.0
2015-09-14 00:00:00+08:00,0.04557978341089256,0.04889467731118202,0.04557978341089256,0.04889467731118202,100200,0.0,0.0
2015-09-15 00:00:00+08:00,0.045579783618450165,0.045579783618450165,0.045579783618450165,0.045579783618450165,110000,0.0,0.0
2015-09-16 00:00:00+08:00,0.045579783618450165,0.045579783618450165,0.045579783618450165,0.045579783618450165,0,0.0,0.0
2015-09-17 00:00:00+08:00,0.045579783618450165,0.045579783618450165,0.045579783618450165,0.045579783618450165,0,0.0,0.0
2015-09-18 00:00:00+08:00,0.045579783618450165,0.045579783618450165,0.045579783618450165,0.045579783618450165,0,0.0,0.0
2015-09-21 00:00:00+08:00,0.04475106701294485,0.04972340539097786,0.04475106701294485,0.04972340539097786,112800,0.0,0.0
2015-09-22 00:00:00+08:00,0.045579789046871884,0.0580106411664252,0.045579789046871884,0.04972340539097786,4751300,0.0,0.0
2015-09-23 00:00:00+08:00,0.04475106333418094,0.045579785299982835,0.04143616929650307,0.04143616929650307,463100,0.0,0.0
2015-09-25 00:00:00+08:00,0.04226489126230496,0.0439223382811439,0.04143616929650307,0.04143616929650307,75500,0.0,0.0
2015-09-28 00:00:00+08:00,0.03977872081014469,0.045579783618450165,0.03977872081014469,0.045579783618450165,1200,0.0,0.0
2015-09-29 00:00:00+08:00,0.040607445420538825,0.046408511698246,0.03977872343071508,0.046408511698246,26000,0.0,0.0
2015-09-30 00:00:00+08:00,0.03977872259789251,0.04475106369443786,0.03977872259789251,0.043922338634729385,100300,0.0,0.0
2015-10-01 00:00:00+08:00,0.04060744393045948,0.044751062989234924,0.04060744393045948,0.044751062989234924,50100,0.0,0.0
2015-10-02 00:00:00+08:00,0.04060744457036582,0.043922338634729385,0.04060744457036582,0.043922338634729385,64800,0.0,0.0
2015-10-05 00:00:00+08:00,0.043093617327488655,0.058010637760162354,0.043093617327488655,0.058010637760162354,61900,0.0,0.0
2015-10-06 00:00:00+08:00,0.04972340170374805,0.04972340170374805,0.04143616963007429,0.043922338634729385,69800,0.0,0.0
2015-10-07 00:00:00+08:00,0.043922338634729385,0.043922338634729385,0.043922338634729385,0.043922338634729385,0,0.0,0.0
2015-10-08 00:00:00+08:00,0.043922338634729385,0.043922338634729385,0.043922338634729385,0.043922338634729385,0,0.0,0.0
2015-10-09 00:00:00+08:00,0.042264893651008606,0.042264893651008606,0.042264893651008606,0.042264893651008606,1000,0.0,0.0
2015-10-12 00:00:00+08:00,0.042264893651008606,0.042264893651008606,0.042264893651008606,0.042264893651008606,10000,0.0,0.0
2015-10-13 00:00:00+08:00,0.043093614280223846,0.04392233620688892,0.0414361673396587,0.043093614280223846,152100,0.0,0.0
2015-10-14 00:00:00+08:00,0.04226489473669295,0.054695746856246265,0.03729255635865994,0.04972340539097786,257900,0.0,0.0
2015-10-15 00:00:00+08:00,0.04972340539097786,0.04972340539097786,0.04972340539097786,0.04972340539097786,0,0.0,0.0
2015-10-16 00:00:00+08:00,0.04972340539097786,0.04972340539097786,0.04972340539097786,0.04972340539097786,0,0.0,0.0
2015-10-19 00:00:00+08:00,0.045579783618450165,0.045579783618450165,0.045579783618450165,0.045579783618450165,100000,0.0,0.0
2015-10-20 00:00:00+08:00,0.045579783618450165,0.045579783618450165,0.045579783618450165,0.045579783618450165,0,0.0,0.0
2015-10-21 00:00:00+08:00,0.045579783618450165,0.045579783618450165,0.045579783618450165,0.045579783618450165,0,0.0,0.0
2015-10-22 00:00:00+08:00,0.045579783618450165,0.045579783618450165,0.045579783618450165,0.045579783618450165,0,0.0,0.0
2015-10-23 00:00:00+08:00,0.056353193052434115,0.06464042514562607,0.056353193052434115,0.06464042514562607,2100,0.0,0.0
2015-10-26 00:00:00+08:00,0.04972340539097786,0.04972340539097786,0.04972340539097786,0.04972340539097786,100000,0.0,0.0
2015-10-27 00:00:00+08:00,0.04972340539097786,0.04972340539097786,0.04972340539097786,0.04972340539097786,0,0.0,0.0
2015-10-28 00:00:00+08:00,0.04972340539097786,0.04972340539097786,0.04972340539097786,0.04972340539097786,0,0.0,0.0
2015-10-29 00:00:00+08:00,0.04972340539097786,0.04972340539097786,0.04972340539097786,0.04972340539097786,0,0.0,0.0
2015-10-30 00:00:00+08:00,0.050552124261326756,0.050552124261326756,0.04889467731118202,0.04889467731118202,32000,0.0,0.0
2015-11-02 00:00:00+08:00,0.049723399929724126,0.05635319090914975,0.0439223370676749,0.04806595295667648,8565400,0.0,0.0
2015-11-03 00:00:00+08:00,0.04806595295667648,0.04806595295667648,0.04806595295667648,0.04806595295667648,0,0.0,0.0
2015-11-04 00:00:00+08:00,0.04806595295667648,0.04806595295667648,0.04806595295667648,0.04806595295667648,0,0.0,0.0
2015-11-05 00:00:00+08:00,0.04806595295667648,0.04806595295667648,0.04806595295667648,0.04806595295667648,60500,0.0,0.0
2015-11-06 00:00:00+08:00,0.044751062989234924,0.044751062989234924,0.044751062989234924,0.044751062989234924,88000,0.0,0.0
2015-11-09 00:00:00+08:00,0.042264889266323775,0.04475106122078899,0.042264889266323775,0.043093614280223846,108000,0.0,0.0
2015-11-11 00:00:00+08:00,0.042264893651008606,0.042264893651008606,0.042264893651008606,0.042264893651008606,28600,0.0,0.0
2015-11-12 00:00:00+08:00,0.042264893651008606,0.042264893651008606,0.042264893651008606,0.042264893651008606,0,0.0,0.0
2015-11-13 00:00:00+08:00,0.042264893651008606,0.042264893651008606,0.042264893651008606,0.042264893651008606,0,0.0,0.0
2015-11-16 00:00:00+08:00,0.042264893651008606,0.042264893651008606,0.042264893651008606,0.042264893651008606,0,0.0,0.0
2015-11-17 00:00:00+08:00,0.042264893651008606,0.042264893651008606,0.042264893651008606,0.042264893651008606,0,0.0,0.0
2015-11-18 00:00:00+08:00,0.042264893651008606,0.042264893651008606,0.042264893651008606,0.042264893651008606,0,0.0,0.0
2015-11-19 00:00:00+08:00,0.042264893651008606,0.042264893651008606,0.042264893651008606,0.042264893651008606,0,0.0,0.0
2015-11-20 00:00:00+08:00,0.042264893651008606,0.042264893651008606,0.042264893651008606,0.042264893651008606,0,0.0,0.0
2015-11-23 00:00:00+08:00,0.042264893651008606,0.042264893651008606,0.042264893651008606,0.042264893651008606,0,0.0,0.0
2015-11-24 00:00:00+08:00,0.035635108097311095,0.03977872431278229,0.034806383001875676,0.03977872431278229,16600,0.0,0.0
2015-11-25 00:00:00+08:00,0.03977872431278229,0.03977872431278229,0.03977872431278229,0.03977872431278229,0,0.0,0.0
2015-11-26 00:00:00+08:00,0.03977872431278229,0.03977872431278229,0.03977872431278229,0.03977872431278229,0,0.0,0.0
2015-11-27 00:00:00+08:00,0.03977872431278229,0.03977872431278229,0.03977872431278229,0.03977872431278229,0,0.0,0.0
2015-11-30 00:00:00+08:00,0.03977872431278229,0.03977872431278229,0.03977872431278229,0.03977872431278229,0,0.0,0.0
2015-12-01 00:00:00+08:00,0.03977872431278229,0.03977872431278229,0.03977872431278229,0.03977872431278229,0,0.0,0.0
2015-12-02 00:00:00+08:00,0.03894999921734687,0.03977872431278229,0.03894999921734687,0.03977872431278229,15100,0.0,0.0
2015-12-03 00:00:00+08:00,0.03977872431278229,0.03977872431278229,0.03977872431278229,0.03977872431278229,0,0.0,0.0
2015-12-04 00:00:00+08:00,0.03977872431278229,0.03977872431278229,0.03977872431278229,0.03977872431278229,0,0.0,0.0
2015-12-07 00:00:00+08:00,0.03977872431278229,0.03977872431278229,0.03977872431278229,0.03977872431278229,0,0.0,0.0
2015-12-08 00:00:00+08:00,0.03977872431278229,0.03977872431278229,0.03977872431278229,0.03977872431278229,0,0.0,0.0
2015-12-09 00:00:00+08:00,0.045579783618450165,0.045579783618450165,0.045579783618450165,0.045579783618450165,200,0.0,0.0
2015-12-10 00:00:00+08:00,0.045579783618450165,0.045579783618450165,0.045579783618450165,0.045579783618450165,0,0.0,0.0
2015-12-11 00:00:00+08:00,0.045579783618450165,0.045579783618450165,0.045579783618450165,0.045579783618450165,0,0.0,0.0
2015-12-14 00:00:00+08:00,0.045579783618450165,0.045579783618450165,0.045579783618450165,0.045579783618450165,0,0.0,0.0
2015-12-15 00:00:00+08:00,0.03977872081014469,0.045579783618450165,0.035635104959531504,0.045579783618450165,211600,0.0,0.0
2015-12-16 00:00:00+08:00,0.045579783618450165,0.045579783618450165,0.045579783618450165,0.045579783618450165,0,0.0,0.0
2015-12-17 00:00:00+08:00,0.045579783618450165,0.045579783618450165,0.045579783618450165,0.045579783618450165,0,0.0,0.0
2015-12-18 00:00:00+08:00,0.04143616929650307,0.04143616929650307,0.04143616929650307,0.04143616929650307,198200,0.0,0.0
2015-12-21 00:00:00+08:00,0.04143616929650307,0.04143616929650307,0.04143616929650307,0.04143616929650307,0,0.0,0.0
2015-12-22 00:00:00+08:00,0.04143616929650307,0.04143616929650307,0.04143616929650307,0.04143616929650307,0,0.0,0.0
2015-12-23 00:00:00+08:00,0.04143616929650307,0.04143616929650307,0.04143616929650307,0.04143616929650307,0,0.0,0.0
2015-12-24 00:00:00+08:00,0.04143616929650307,0.04143616929650307,0.04143616929650307,0.04143616929650307,0,0.0,0.0
2015-12-28 00:00:00+08:00,0.03563510698050242,0.03563510698050242,0.03480638191103935,0.03480638191103935,6000,0.0,0.0
2015-12-29 00:00:00+08:00,0.03480638191103935,0.03480638191103935,0.03480638191103935,0.03480638191103935,10000,0.0,0.0
2015-12-30 00:00:00+08:00,0.03480638191103935,0.03480638191103935,0.03480638191103935,0.03480638191103935,0,0.0,0.0
2015-12-31 00:00:00+08:00,0.03480638191103935,0.03480638191103935,0.03480638191103935,0.03480638191103935,0,0.0,0.0
2016-01-04 00:00:00+08:00,0.03480638191103935,0.03480638191103935,0.03480638191103935,0.03480638191103935,0,0.0,0.0
2016-01-05 00:00:00+08:00,0.03480638191103935,0.03480638191103935,0.03480638191103935,0.03480638191103935,0,0.0,0.0
2016-01-06 00:00:00+08:00,0.03480638191103935,0.03480638191103935,0.03480638191103935,0.03480638191103935,0,0.0,0.0
2016-01-07 00:00:00+08:00,0.03480638191103935,0.03480638191103935,0.03480638191103935,0.03480638191103935,0,0.0,0.0
2016-01-08 00:00:00+08:00,0.033977658390297164,0.03894999623298645,0.033977658390297164,0.03894999623298645,55000,0.0,0.0
2016-01-11 00:00:00+08:00,0.03894999623298645,0.03894999623298645,0.03894999623298645,0.03894999623298645,0,0.0,0.0
2016-01-12 00:00:00+08:00,0.04143616963007429,0.043922338634729385,0.04060744457036582,0.043922338634729385,8000,0.0,0.0
2016-01-13 00:00:00+08:00,0.043922338634729385,0.043922338634729385,0.043922338634729385,0.043922338634729385,0,0.0,0.0
2016-01-14 00:00:00+08:00,0.043922338634729385,0.043922338634729385,0.043922338634729385,0.043922338634729385,0,0.0,0.0
2016-01-15 00:00:00+08:00,0.043922338634729385,0.043922338634729385,0.043922338634729385,0.043922338634729385,0,0.0,0.0
2016-01-18 00:00:00+08:00,0.03480638191103935,0.03480638191103935,0.03480638191103935,0.03480638191103935,200000,0.0,0.0
2016-01-19 00:00:00+08:00,0.03480638191103935,0.03480638191103935,0.03480638191103935,0.03480638191103935,0,0.0,0.0
2016-01-20 00:00:00+08:00,0.03480638191103935,0.03480638191103935,0.03480638191103935,0.03480638191103935,10000,0.0,0.0
2016-01-21 00:00:00+08:00,0.03563510698050242,0.03563510698050242,0.03480638191103935,0.03480638191103935,236000,0.0,0.0
2016-01-22 00:00:00+08:00,0.03563510698050242,0.03563510698050242,0.03480638191103935,0.03480638191103935,92000,0.0,0.0
2016-01-25 00:00:00+08:00,0.03480638191103935,0.03480638191103935,0.03480638191103935,0.03480638191103935,0,0.0,0.0
2016-01-26 00:00:00+08:00,0.03480638191103935,0.03480638191103935,0.03480638191103935,0.03480638191103935,0,0.0,0.0
2016-01-27 00:00:00+08:00,0.03480638191103935,0.03480638191103935,0.03480638191103935,0.03480638191103935,13000,0.0,0.0
2016-01-28 00:00:00+08:00,0.03480638191103935,0.03480638191103935,0.03480638191103935,0.03480638191103935,0,0.0,0.0
2016-01-29 00:00:00+08:00,0.03480638191103935,0.03480638191103935,0.03480638191103935,0.03480638191103935,65800,0.0,0.0
2016-02-01 00:00:00+08:00,0.03480638191103935,0.03480638191103935,0.03480638191103935,0.03480638191103935,0,0.0,0.0
2016-02-02 00:00:00+08:00,0.03480638191103935,0.03480638191103935,0.03480638191103935,0.03480638191103935,0,0.0,0.0
2016-02-03 00:00:00+08:00,0.03480638191103935,0.03480638191103935,0.03480638191103935,0.03480638191103935,0,0.0,0.0
2016-02-04 00:00:00+08:00,0.03480638191103935,0.03480638191103935,0.03480638191103935,0.03480638191103935,0,0.0,0.0
2016-02-05 00:00:00+08:00,0.03480638191103935,0.03480638191103935,0.03480638191103935,0.03480638191103935,0,0.0,0.0
2016-02-10 00:00:00+08:00,0.03480638191103935,0.03480638191103935,0.03480638191103935,0.03480638191103935,0,0.0,0.0
2016-02-11 00:00:00+08:00,0.03480638191103935,0.03480638191103935,0.03480638191103935,0.03480638191103935,0,0.0,0.0
2016-02-12 00:00:00+08:00,0.03480638191103935,0.03480638191103935,0.03480638191103935,0.03480638191103935,0,0.0,0.0
2016-02-15 00:00:00+08:00,0.03480638191103935,0.03480638191103935,0.03480638191103935,0.03480638191103935,0,0.0,0.0
2016-02-16 00:00:00+08:00,0.03480638191103935,0.03480638191103935,0.03480638191103935,0.03480638191103935,0,0.0,0.0
2016-02-17 00:00:00+08:00,0.03480638191103935,0.03480638191103935,0.03397765992881148,0.03480638191103935,31000,0.0,0.0
2016-02-18 00:00:00+08:00,0.03480638191103935,0.03480638191103935,0.03480638191103935,0.03480638191103935,70000,0.0,0.0
2016-02-19 00:00:00+08:00,0.03480637931364031,0.03729255124926567,0.03480637931364031,0.03729255124926567,15000,0.0,0.0
2016-02-22 00:00:00+08:00,0.03729255124926567,0.03729255124926567,0.03729255124926567,0.03729255124926567,0,0.0,0.0
2016-02-23 00:00:00+08:00,0.03729255124926567,0.03729255124926567,0.03729255124926567,0.03729255124926567,0,0.0,0.0
2016-02-24 00:00:00+08:00,0.03480638493744999,0.03812127932906151,0.03480638493744999,0.03812127932906151,393800,0.0,0.0
2016-02-25 00:00:00+08:00,0.03563510999083519,0.03563510999083519,0.03563510999083519,0.03563510999083519,50000,0.0,0.0
2016-02-26 00:00:00+08:00,0.03563510698050242,0.03563510698050242,0.03480638191103935,0.03480638191103935,60000,0.0,0.0
2016-02-29 00:00:00+08:00,0.03480638191103935,0.03480638191103935,0.03480638191103935,0.03480638191103935,205000,0.0,0.0
2016-03-01 00:00:00+08:00,0.03480638098959202,0.0505521260201931,0.024861700486334647,0.0505521260201931,295100,0.0,0.0
2016-03-02 00:00:00+08:00,0.0505521260201931,0.0505521260201931,0.0505521260201931,0.0505521260201931,0,0.0,0.0
2016-03-03 00:00:00+08:00,0.037292557182541625,0.037292557182541625,0.03480638485136424,0.03563510999083519,213000,0.0,0.0
2016-03-04 00:00:00+08:00,0.03563510999083519,0.03563510999083519,0.03563510999083519,0.03563510999083519,0,0.0,0.0
2016-03-07 00:00:00+08:00,0.03563510999083519,0.03563510999083519,0.03563510999083519,0.03563510999083519,0,0.0,0.0
2016-03-08 00:00:00+08:00,0.03563510999083519,0.03563510999083519,0.03563510999083519,0.03563510999083519,0,0.0,0.0
2016-03-09 00:00:00+08:00,0.03563510999083519,0.03563510999083519,0.03563510999083519,0.03563510999083519,0,0.0,0.0
2016-03-10 00:00:00+08:00,0.03563510999083519,0.03563510999083519,0.03563510999083519,0.03563510999083519,0,0.0,0.0
2016-03-11 00:00:00+08:00,0.03563510999083519,0.03563510999083519,0.03563510999083519,0.03563510999083519,0,0.0,0.0
2016-03-14 00:00:00+08:00,0.03563510999083519,0.03563510999083519,0.03563510999083519,0.03563510999083519,0,0.0,0.0
2016-03-15 00:00:00+08:00,0.03563510999083519,0.03563510999083519,0.03563510999083519,0.03563510999083519,0,0.0,0.0
2016-03-16 00:00:00+08:00,0.03563510999083519,0.03563510999083519,0.03563510999083519,0.03563510999083519,0,0.0,0.0
2016-03-17 00:00:00+08:00,0.03563510999083519,0.03563510999083519,0.03563510999083519,0.03563510999083519,0,0.0,0.0
2016-03-18 00:00:00+08:00,0.03563510999083519,0.03563510999083519,0.03563510999083519,0.03563510999083519,0,0.0,0.0
2016-03-21 00:00:00+08:00,0.03563510999083519,0.03563510999083519,0.03563510999083519,0.03563510999083519,0,0.0,0.0
2016-03-22 00:00:00+08:00,0.03563510999083519,0.03563510999083519,0.03563510999083519,0.03563510999083519,0,0.0,0.0
2016-03-23 00:00:00+08:00,0.03563510999083519,0.03563510999083519,0.03563510999083519,0.03563510999083519,0,0.0,0.0
2016-03-24 00:00:00+08:00,0.03563510999083519,0.03563510999083519,0.03563510999083519,0.03563510999083519,0,0.0,0.0
2016-03-28 00:00:00+08:00,0.03563510999083519,0.03563510999083519,0.03563510999083519,0.03563510999083519,0,0.0,0.0
2016-03-29 00:00:00+08:00,0.03563510999083519,0.03563510999083519,0.03563510999083519,0.03563510999083519,0,0.0,0.0
2016-03-30 00:00:00+08:00,0.03563510999083519,0.03563510999083519,0.03563510999083519,0.03563510999083519,0,0.0,0.0
2016-03-31 00:00:00+08:00,0.03563510999083519,0.03563510999083519,0.03563510999083519,0.03563510999083519,0,0.0,0.0
2016-04-01 00:00:00+08:00,0.03563510999083519,0.03563510999083519,0.03563510999083519,0.03563510999083519,30000,0.0,0.0
2016-04-04 00:00:00+08:00,0.03563510999083519,0.03563510999083519,0.03563510999083519,0.03563510999083519,0,0.0,0.0
2016-04-05 00:00:00+08:00,0.0314914844930172,0.0314914844930172,0.0314914844930172,0.0314914844930172,200,0.0,0.0
2016-04-06 00:00:00+08:00,0.0314914844930172,0.0314914844930172,0.0314914844930172,0.0314914844930172,0,0.0,0.0
2016-04-07 00:00:00+08:00,0.032320212572813034,0.032320212572813034,0.032320212572813034,0.032320212572813034,20000,0.0,0.0
2016-04-08 00:00:00+08:00,0.032320212572813034,0.032320212572813034,0.032320212572813034,0.032320212572813034,0,0.0,0.0
2016-04-11 00:00:00+08:00,0.032320212572813034,0.032320212572813034,0.032320212572813034,0.032320212572813034,0,0.0,0.0
2016-04-12 00:00:00+08:00,0.032320212572813034,0.032320212572813034,0.032320212572813034,0.032320212572813034,0,0.0,0.0
2016-04-13 00:00:00+08:00,0.032320212572813034,0.032320212572813034,0.032320212572813034,0.032320212572813034,0,0.0,0.0
2016-04-14 00:00:00+08:00,0.032320212572813034,0.032320212572813034,0.032320212572813034,0.032320212572813034,0,0.0,0.0
2016-04-15 00:00:00+08:00,0.029834037615781038,0.039778718879197976,0.02569042196630809,0.0314914844930172,246000,0.0,0.0
2016-04-18 00:00:00+08:00,0.0314914844930172,0.0314914844930172,0.0314914844930172,0.0314914844930172,0,0.0,0.0
2016-04-19 00:00:00+08:00,0.033148933202028275,0.035635105198883174,0.033148933202028275,0.033148933202028275,84000,0.0,0.0
2016-04-20 00:00:00+08:00,0.033148933202028275,0.033148933202028275,0.033148933202028275,0.033148933202028275,0,0.0,0.0
2016-04-21 00:00:00+08:00,0.033148933202028275,0.033148933202028275,0.033148933202028275,0.033148933202028275,0,0.0,0.0
2016-04-22 00:00:00+08:00,0.033148933202028275,0.033148933202028275,0.033148933202028275,0.033148933202028275,0,0.0,0.0
2016-04-25 00:00:00+08:00,0.033148933202028275,0.033148933202028275,0.033148933202028275,0.033148933202028275,0,0.0,0.0
2016-04-26 00:00:00+08:00,0.033148933202028275,0.033148933202028275,0.033148933202028275,0.033148933202028275,0,0.0,0.0
2016-04-27 00:00:00+08:00,0.033148933202028275,0.033148933202028275,0.033148933202028275,0.033148933202028275,0,0.0,0.0
2016-04-28 00:00:00+08:00,0.033148933202028275,0.033148933202028275,0.033148933202028275,0.033148933202028275,0,0.0,0.0
2016-04-29 00:00:00+08:00,0.033148933202028275,0.033148933202028275,0.033148933202028275,0.033148933202028275,0,0.0,0.0
2016-05-03 00:00:00+08:00,0.033148933202028275,0.033148933202028275,0.033148933202028275,0.033148933202028275,0,0.0,0.0
2016-05-04 00:00:00+08:00,0.029834043234586716,0.029834043234586716,0.029834043234586716,0.029834043234586716,31000,0.0,0.0
2016-05-05 00:00:00+08:00,0.029005318358587207,0.029005318358587207,0.02817659638822079,0.028176596388220787,80000,0.0,0.0
2016-05-06 00:00:00+08:00,0.0290053157207804,0.0314914844930172,0.027347868843544246,0.0314914844930172,148900,0.0,0.0
2016-05-09 00:00:00+08:00,0.0314914844930172,0.0314914844930172,0.0314914844930172,0.0314914844930172,175000,0.0,0.0
2016-05-10 00:00:00+08:00,0.0314914844930172,0.0314914844930172,0.0314914844930172,0.0314914844930172,0,0.0,0.0
2016-05-11 00:00:00+08:00,0.0314914844930172,0.0314914844930172,0.0314914844930172,0.0314914844930172,0,0.0,0.0
2016-05-12 00:00:00+08:00,0.0314914844930172,0.0314914844930172,0.0314914844930172,0.0314914844930172,0,0.0,0.0
2016-05-13 00:00:00+08:00,0.0314914844930172,0.0314914844930172,0.0314914844930172,0.0314914844930172,0,0.0,0.0
2016-05-16 00:00:00+08:00,0.0314914844930172,0.0314914844930172,0.0314914844930172,0.0314914844930172,51700,0.0,0.0
2016-05-17 00:00:00+08:00,0.0314914844930172,0.0314914844930172,0.0314914844930172,0.0314914844930172,0,0.0,0.0
2016-05-18 00:00:00+08:00,0.0314914844930172,0.0314914844930172,0.0314914844930172,0.0314914844930172,0,0.0,0.0
2016-05-19 00:00:00+08:00,0.029005318880081177,0.029005318880081177,0.029005318880081177,0.029005318880081177,53000,0.0,0.0
2016-05-20 00:00:00+08:00,0.029005318880081177,0.029005318880081177,0.029005318880081177,0.029005318880081177,0,0.0,0.0
2016-05-23 00:00:00+08:00,0.029005318880081177,0.029005318880081177,0.029005318880081177,0.029005318880081177,0,0.0,0.0
2016-05-24 00:00:00+08:00,0.029005318880081177,0.029005318880081177,0.029005318880081177,0.029005318880081177,0,0.0,0.0
2016-05-25 00:00:00+08:00,0.029005318880081177,0.029005318880081177,0.029005318880081177,0.029005318880081177,0,0.0,0.0
2016-05-26 00:00:00+08:00,0.028176596894814953,0.029005318880081177,0.028176596894814953,0.029005318880081177,151100,0.0,0.0
2016-05-27 00:00:00+08:00,0.029005318880081177,0.029005318880081177,0.029005318880081177,0.029005318880081177,0,0.0,0.0
2016-05-30 00:00:00+08:00,0.029834043234586716,0.029834043234586716,0.029834043234586716,0.029834043234586716,40000,0.0,0.0
2016-05-31 00:00:00+08:00,0.029834043234586716,0.029834043234586716,0.029834043234586716,0.029834043234586716,0,0.0,0.0
2016-06-01 00:00:00+08:00,0.029834040659659243,0.030662765726447105,0.02900531868010657,0.030662765726447105,126000,0.0,0.0
2016-06-02 00:00:00+08:00,0.030662765726447105,0.030662765726447105,0.030662765726447105,0.030662765726447105,0,0.0,0.0
2016-06-03 00:00:00+08:00,0.0314914844930172,0.0314914844930172,0.0314914844930172,0.0314914844930172,30000,0.0,0.0
2016-06-06 00:00:00+08:00,0.02817659638822079,0.02817659638822079,0.02817659638822079,0.028176596388220787,5000,0.0,0.0
2016-06-07 00:00:00+08:00,0.02817659638822079,0.02817659638822079,0.02817659638822079,0.028176596388220787,56000,0.0,0.0
2016-06-08 00:00:00+08:00,0.02817659638822079,0.02817659638822079,0.02817659638822079,0.028176596388220787,0,0.0,0.0
2016-06-09 00:00:00+08:00,0.03149149042397881,0.03149149042397881,0.029834043234586716,0.029834043234586716,153400,0.0,0.0
2016-06-10 00:00:00+08:00,0.029834040328953624,0.029834040328953624,0.02817659638822079,0.028176596388220787,1206000,0.0,0.0
2016-06-13 00:00:00+08:00,0.026519149654213366,0.030662765726447105,0.026519149654213366,0.030662765726447105,1127500,0.0,0.0
2016-06-14 00:00:00+08:00,0.027347873428123132,0.027347873428123132,0.02486170269548893,0.02486170269548893,150600,0.0,0.0
2016-06-15 00:00:00+08:00,0.02486170269548893,0.02486170269548893,0.02486170269548893,0.02486170269548893,0,0.0,0.0
2016-06-16 00:00:00+08:00,0.02486170269548893,0.02486170269548893,0.02486170269548893,0.02486170269548893,320000,0.0,0.0
2016-06-17 00:00:00+08:00,0.02569042518734932,0.02569042518734932,0.02569042518734932,0.02569042518734932,10000,0.0,0.0
2016-06-20 00:00:00+08:00,0.025690426273033664,0.025690426273033664,0.02486170269548893,0.02486170269548893,45000,0.0,0.0
2016-06-21 00:00:00+08:00,0.02486170269548893,0.02486170269548893,0.02486170269548893,0.02486170269548893,0,0.0,0.0
2016-06-22 00:00:00+08:00,0.02486170269548893,0.02486170269548893,0.02486170269548893,0.02486170269548893,0,0.0,0.0
2016-06-23 00:00:00+08:00,0.02486170269548893,0.02486170269548893,0.02486170269548893,0.02486170269548893,0,0.0,0.0
2016-06-24 00:00:00+08:00,0.02486170269548893,0.02486170269548893,0.02486170269548893,0.02486170269548893,0,0.0,0.0
2016-06-27 00:00:00+08:00,0.02817659638822079,0.02817659638822079,0.02817659638822079,0.028176596388220787,100,0.0,0.0
2016-06-28 00:00:00+08:00,0.02817659638822079,0.02817659638822079,0.02817659638822079,0.028176596388220787,0,0.0,0.0
2016-06-29 00:00:00+08:00,0.029005318880081177,0.029005318880081177,0.029005318880081177,0.029005318880081177,100,0.0,0.0
2016-06-30 00:00:00+08:00,0.02983404053325593,0.02983404053325593,0.02651914954185486,0.02651914954185486,49000,0.0,0.0
2016-07-01 00:00:00+08:00,0.02651914954185486,0.02651914954185486,0.02651914954185486,0.02651914954185486,0,0.0,0.0
2016-07-04 00:00:00+08:00,0.02900531935743993,0.02900531935743993,0.02569042518734932,0.02569042518734932,63100,0.0,0.0
2016-07-05 00:00:00+08:00,0.02817659638822079,0.029005318358587207,0.024861700788667215,0.028176596388220787,312100,0.0,0.0
2016-07-07 00:00:00+08:00,0.02486170269548893,0.02486170269548893,0.02486170269548893,0.02486170269548893,58000,0.0,0.0
2016-07-08 00:00:00+08:00,0.02486170269548893,0.02486170269548893,0.02486170269548893,0.02486170269548893,0,0.0,0.0
2016-07-11 00:00:00+08:00,0.02486170095891914,0.02651914954185486,0.02486170095891914,0.02651914954185486,100100,0.0,0.0
2016-07-12 00:00:00+08:00,0.02569042518734932,0.02569042518734932,0.02569042518734932,0.02569042518734932,50000,0.0,0.0
2016-07-13 00:00:00+08:00,0.025690423451385884,0.025690423451385884,0.02403297647833824,0.02403297647833824,185000,0.0,0.0
2016-07-14 00:00:00+08:00,0.02403297647833824,0.02403297647833824,0.02403297647833824,0.02403297647833824,0,0.0,0.0
2016-07-15 00:00:00+08:00,0.02403297647833824,0.02403297647833824,0.02403297647833824,0.02403297647833824,0,0.0,0.0
2016-07-18 00:00:00+08:00,0.023204255849123,0.023204255849123,0.023204255849123,0.023204255849123,25000,0.0,0.0
2016-07-19 00:00:00+08:00,0.02817659638822079,0.02817659638822079,0.02817659638822079,0.028176596388220787,80100,0.0,0.0
2016-07-20 00:00:00+08:00,0.023204255304316797,0.02817659638822079,0.0223755317903328,0.028176596388220787,204200,0.0,0.0
2016-07-21 00:00:00+08:00,0.02486170269548893,0.02486170269548893,0.02486170269548893,0.02486170269548893,100,0.0,0.0
2016-07-22 00:00:00+08:00,0.02486170269548893,0.02486170269548893,0.02486170269548893,0.02486170269548893,0,0.0,0.0
2016-07-25 00:00:00+08:00,0.02486170269548893,0.02486170269548893,0.02486170269548893,0.02486170269548893,0,0.0,0.0
2016-07-26 00:00:00+08:00,0.022375530610394496,0.022375530610394496,0.021546807140111923,0.021546807140111923,22000,0.0,0.0
2016-07-27 00:00:00+08:00,0.021546807140111923,0.021546807140111923,0.021546807140111923,0.021546807140111923,0,0.0,0.0
2016-07-28 00:00:00+08:00,0.021546807140111923,0.021546807140111923,0.021546807140111923,0.021546807140111923,3000,0.0,0.0
2016-07-29 00:00:00+08:00,0.021546807140111923,0.021546807140111923,0.021546807140111923,0.021546807140111923,45000,0.0,0.0
2016-08-01 00:00:00+08:00,0.020718084075860482,0.02403297647833824,0.01988936058933666,0.02403297647833824,664100,0.0,0.0
2016-08-02 00:00:00+08:00,0.020718086860336514,0.020718086860336514,0.019060639664530754,0.019060639664530754,15000,0.0,0.0
2016-08-03 00:00:00+08:00,0.019060639664530754,0.019060639664530754,0.019060639664530754,0.019060639664530754,0,0.0,0.0
2016-08-04 00:00:00+08:00,0.018231913447380066,0.018231913447380066,0.018231913447380066,0.018231913447380066,60000,0.0,0.0
2016-08-05 00:00:00+08:00,0.018231915618748755,0.02486170269548893,0.01740319204120402,0.02486170269548893,33200,0.0,0.0
2016-08-08 00:00:00+08:00,0.020718084075860482,0.02403297647833824,0.020718084075860482,0.02403297647833824,38200,0.0,0.0
2016-08-10 00:00:00+08:00,0.02403297647833824,0.02403297647833824,0.02403297647833824,0.02403297647833824,0,0.0,0.0
2016-08-11 00:00:00+08:00,0.02403297647833824,0.02403297647833824,0.02403297647833824,0.02403297647833824,0,0.0,0.0
2016-08-12 00:00:00+08:00,0.02403297647833824,0.02403297647833824,0.02403297647833824,0.02403297647833824,0,0.0,0.0
2016-08-15 00:00:00+08:00,0.019889360199546773,0.021546807140111923,0.019889360199546773,0.021546807140111923,50100,0.0,0.0
2016-08-16 00:00:00+08:00,0.021546807140111923,0.021546807140111923,0.021546807140111923,0.021546807140111923,0,0.0,0.0
2016-08-17 00:00:00+08:00,0.019889362156391144,0.019889362156391144,0.019889362156391144,0.019889362156391144,69900,0.0,0.0
2016-08-18 00:00:00+08:00,0.021546807140111923,0.021546807140111923,0.021546807140111923,0.021546807140111923,50000,0.0,0.0
2016-08-19 00:00:00+08:00,0.021546807140111923,0.021546807140111923,0.021546807140111923,0.021546807140111923,0,0.0,0.0
2016-08-22 00:00:00+08:00,0.021546807140111923,0.021546807140111923,0.021546807140111923,0.021546807140111923,0,0.0,0.0
2016-08-23 00:00:00+08:00,0.021546807140111923,0.021546807140111923,0.021546807140111923,0.021546807140111923,0,0.0,0.0
2016-08-24 00:00:00+08:00,0.021546807140111923,0.021546807140111923,0.021546807140111923,0.021546807140111923,0,0.0,0.0
2016-08-25 00:00:00+08:00,0.020718084648251534,0.020718084648251534,0.020718084648251534,0.020718084648251534,150000,0.0,0.0
2016-08-26 00:00:00+08:00,0.020718084648251534,0.020718084648251534,0.020718084648251534,0.020718084648251534,0,0.0,0.0
2016-08-29 00:00:00+08:00,0.020718084648251534,0.020718084648251534,0.020718084648251534,0.020718084648251534,0,0.0,0.0
2016-08-30 00:00:00+08:00,0.020718084648251534,0.020718084648251534,0.020718084648251534,0.020718084648251534,0,0.0,0.0
2016-08-31 00:00:00+08:00,0.02486170269548893,0.02486170269548893,0.02486170269548893,0.02486170269548893,35100,0.0,0.0
2016-09-01 00:00:00+08:00,0.02486169947762472,0.02486169947762472,0.021546807140111923,0.021546807140111923,1405000,0.0,0.0
2016-09-02 00:00:00+08:00,0.021546808423900474,0.02651914954185486,0.01988936138458235,0.02651914954185486,590100,0.0,0.0
2016-09-05 00:00:00+08:00,0.022375531494617462,0.024861700460094633,0.021546807991585884,0.022375531494617462,500100,0.0,0.0
2016-09-06 00:00:00+08:00,0.02403297647833824,0.02403297647833824,0.02403297647833824,0.02403297647833824,100000,0.0,0.0
2016-09-07 00:00:00+08:00,0.02403297647833824,0.02403297647833824,0.021546807562384303,0.02403297647833824,570100,0.0,0.0
2016-09-08 00:00:00+08:00,0.022375533506472426,0.02486170269548893,0.020718086351382958,0.02486170269548893,2395200,0.0,0.0
2016-09-09 00:00:00+08:00,0.024861700651731298,0.024861700651731298,0.020718084648251534,0.020718084648251534,154800,0.0,0.0
2016-09-13 00:00:00+08:00,0.02403297647833824,0.02403297647833824,0.02403297647833824,0.02403297647833824,100,0.0,0.0
2016-09-14 00:00:00+08:00,0.02403297647833824,0.02403297647833824,0.02403297647833824,0.02403297647833824,0,0.0,0.0
2016-09-15 00:00:00+08:00,0.020718086351382958,0.02486170269548893,0.01906063919629349,0.02486170269548893,1224100,0.0,0.0
2016-09-16 00:00:00+08:00,0.02486170269548893,0.02486170269548893,0.02486170269548893,0.02486170269548893,0,0.0,0.0
2016-09-19 00:00:00+08:00,0.02486170269548893,0.02486170269548893,0.02486170269548893,0.02486170269548893,0,0.0,0.0
2016-09-20 00:00:00+08:00,0.020718084488554306,0.022375531494617462,0.01988936098552273,0.022375531494617462,199300,0.0,0.0
2016-09-21 00:00:00+08:00,0.022375531494617462,0.022375531494617462,0.022375531494617462,0.022375531494617462,100000,0.0,0.0
2016-09-22 00:00:00+08:00,0.022375531494617462,0.022375531494617462,0.021546807991585884,0.022375531494617462,397800,0.0,0.0
2016-09-23 00:00:00+08:00,0.022375531494617462,0.022375531494617462,0.022375531494617462,0.022375531494617462,0,0.0,0.0
2016-09-26 00:00:00+08:00,0.022375531494617462,0.022375531494617462,0.022375531494617462,0.022375531494617462,0,0.0,0.0
2016-09-27 00:00:00+08:00,0.020718084023076434,0.033148933202028275,0.019060637054251515,0.033148933202028275,2133100,0.0,0.0
2016-09-28 00:00:00+08:00,0.033148933202028275,0.033148933202028275,0.033148933202028275,0.033148933202028275,0,0.0,0.0
2016-09-29 00:00:00+08:00,0.021546807140111923,0.021546807140111923,0.02071808366982935,0.021546807140111923,380100,0.0,0.0
2016-09-30 00:00:00+08:00,0.021546807140111923,0.021546807140111923,0.021546807140111923,0.021546807140111923,385100,0.0,0.0
2016-10-03 00:00:00+08:00,0.021546807140111923,0.021546807140111923,0.021546807140111923,0.021546807140111923,0,0.0,0.0
2016-10-04 00:00:00+08:00,0.021546807140111923,0.021546807140111923,0.021546807140111923,0.021546807140111923,0,0.0,0.0
2016-10-05 00:00:00+08:00,0.022375531494617462,0.022375531494617462,0.021546807991585884,0.022375531494617462,350000,0.0,0.0
2016-10-06 00:00:00+08:00,0.022375531494617462,0.022375531494617462,0.022375531494617462,0.022375531494617462,0,0.0,0.0
2016-10-07 00:00:00+08:00,0.022375531494617462,0.022375531494617462,0.022375531494617462,0.022375531494617462,0,0.0,0.0
2016-10-10 00:00:00+08:00,0.022375531494617462,0.022375531494617462,0.022375531494617462,0.022375531494617462,0,0.0,0.0
2016-10-11 00:00:00+08:00,0.022375531494617462,0.022375531494617462,0.022375531494617462,0.022375531494617462,0,0.0,0.0
2016-10-12 00:00:00+08:00,0.020718084648251534,0.020718084648251534,0.020718084648251534,0.020718084648251534,50000,0.0,0.0
2016-10-13 00:00:00+08:00,0.020718084648251534,0.020718084648251534,0.020718084648251534,0.020718084648251534,0,0.0,0.0
2016-10-14 00:00:00+08:00,0.020718084648251534,0.020718084648251534,0.020718084648251534,0.020718084648251534,4500,0.0,0.0
2016-10-17 00:00:00+08:00,0.020718084648251534,0.020718084648251534,0.020718084648251534,0.020718084648251534,0,0.0,0.0
2016-10-18 00:00:00+08:00,0.020718084648251534,0.020718084648251534,0.020718084648251534,0.020718084648251534,0,0.0,0.0
2016-10-19 00:00:00+08:00,0.023204255849123,0.023204255849123,0.023204255849123,0.023204255849123,40000,0.0,0.0
2016-10-20 00:00:00+08:00,0.023204255849123,0.023204255849123,0.02154680878224027,0.023204255849123,115100,0.0,0.0
2016-10-21 00:00:00+08:00,0.021546807140111923,0.021546807140111923,0.021546807140111923,0.021546807140111923,30000,0.0,0.0
2016-10-24 00:00:00+08:00,0.024861701064255233,0.030662765726447105,0.024861701064255233,0.030662765726447105,1479900,0.0,0.0
2016-10-25 00:00:00+08:00,0.029834040865347397,0.029834040865347397,0.029005318880081177,0.029005318880081177,226000,0.0,0.0
2016-10-26 00:00:00+08:00,0.03066276408645466,0.03729255191722378,0.03066276408645466,0.03646382689476013,1795500,0.0,0.0
2016-10-27 00:00:00+08:00,0.03646382689476013,0.043922336660757885,0.03480637993706785,0.03646382689476013,1718400,0.0,0.0
2016-10-28 00:00:00+08:00,0.03480638493744999,0.03812127932906151,0.033977662883164846,0.03812127932906151,319600,0.0,0.0
2016-10-31 00:00:00+08:00,0.03397766128182411,0.03729255551720725,0.03397766128182411,0.03397766128182411,197000,0.0,0.0
2016-11-01 00:00:00+08:00,0.03563510432126042,0.03729255124926567,0.03563510432126042,0.03729255124926567,510000,0.0,0.0
2016-11-02 00:00:00+08:00,0.03563510999083519,0.03563510999083519,0.03480638485136424,0.03563510999083519,311100,0.0,0.0
2016-11-03 00:00:00+08:00,0.03563510999083519,0.03563510999083519,0.03480638485136424,0.03563510999083519,257000,0.0,0.0
2016-11-04 00:00:00+08:00,0.033148937659657804,0.03563510999083519,0.033148937659657804,0.03563510999083519,99900,0.0,0.0
2016-11-07 00:00:00+08:00,0.03563510999083519,0.03563510999083519,0.03563510999083519,0.03563510999083519,0,0.0,0.0
2016-11-08 00:00:00+08:00,0.03314893238563506,0.03729255124926567,0.03314893238563506,0.03729255124926567,110000,0.0,0.0
2016-11-09 00:00:00+08:00,0.033148932979375566,0.03646382689476013,0.033148932979375566,0.03646382689476013,80100,0.0,0.0
2016-11-10 00:00:00+08:00,0.036463832043070674,0.038121279234777115,0.03563510999083519,0.03563510999083519,117900,0.0,0.0
2016-11-11 00:00:00+08:00,0.03480638329705223,0.03480638329705223,0.03397766128182411,0.03397766128182411,116000,0.0,0.0
2016-11-14 00:00:00+08:00,0.03397766128182411,0.03397766128182411,0.03397766128182411,0.03397766128182411,0,0.0,0.0
2016-11-15 00:00:00+08:00,0.033977658001839224,0.03646382689476013,0.033977658001839224,0.03646382689476013,54000,0.0,0.0
2016-11-16 00:00:00+08:00,0.03646382689476013,0.03646382689476013,0.03646382689476013,0.03646382689476013,0,0.0,0.0
2016-11-17 00:00:00+08:00,0.03646382689476013,0.03646382689476013,0.03646382689476013,0.03646382689476013,0,0.0,0.0
2016-11-18 00:00:00+08:00,0.03480638191103935,0.03480638191103935,0.03480638191103935,0.03480638191103935,100000,0.0,0.0
2016-11-21 00:00:00+08:00,0.03480638191103935,0.03480638191103935,0.03480638191103935,0.03480638191103935,100000,0.0,0.0
2016-11-22 00:00:00+08:00,0.03397765992881148,0.037292554032193365,0.03397765992881148,0.03480638191103935,151000,0.0,0.0
2016-11-23 00:00:00+08:00,0.03480638191103935,0.03480638191103935,0.03480638191103935,0.03480638191103935,45000,0.0,0.0
2016-11-24 00:00:00+08:00,0.03480638191103935,0.03480638191103935,0.03480638191103935,0.03480638191103935,0,0.0,0.0
2016-11-25 00:00:00+08:00,0.03480638191103935,0.03480638191103935,0.03480638191103935,0.03480638191103935,0,0.0,0.0
2016-11-28 00:00:00+08:00,0.03397766128182411,0.03812127753243536,0.03397766128182411,0.03397766128182411,130100,0.0,0.0
2016-11-29 00:00:00+08:00,0.03812127385245241,0.03812127385245241,0.033148932979375566,0.03646382689476013,20200,0.0,0.0
2016-11-30 00:00:00+08:00,0.03646382689476013,0.03646382689476013,0.03646382689476013,0.03646382689476013,0,0.0,0.0
2016-12-01 00:00:00+08:00,0.03314893485934841,0.03480638191103935,0.03314893485934841,0.03480638191103935,180100,0.0,0.0
2016-12-02 00:00:00+08:00,0.03480638191103935,0.03480638191103935,0.03480638191103935,0.03480638191103935,0,0.0,0.0
2016-12-05 00:00:00+08:00,0.03812127316965081,0.038949995090035945,0.036463826241645556,0.03729255124926567,165000,0.0,0.0
2016-12-06 00:00:00+08:00,0.03397766128182411,0.03397766128182411,0.03397766128182411,0.03397766128182411,12900,0.0,0.0
2016-12-07 00:00:00+08:00,0.04143616929650307,0.04143616929650307,0.04143616929650307,0.04143616929650307,10000,0.0,0.0
2016-12-08 00:00:00+08:00,0.035635108097311095,0.03977872431278229,0.034806383001875676,0.03977872431278229,65000,0.0,0.0
2016-12-09 00:00:00+08:00,0.03729255124926567,0.03729255124926567,0.03729255124926567,0.03729255124926567,250000,0.0,0.0
2016-12-12 00:00:00+08:00,0.03729255124926567,0.03729255124926567,0.03729255124926567,0.03729255124926567,0,0.0,0.0
2016-12-13 00:00:00+08:00,0.03563510999083519,0.03563510999083519,0.03563510999083519,0.03563510999083519,80000,0.0,0.0
2016-12-14 00:00:00+08:00,0.03812127932906151,0.03812127932906151,0.03646383213325575,0.03812127932906151,280000,0.0,0.0
2016-12-15 00:00:00+08:00,0.037292553293023306,0.04143616929650307,0.037292553293023306,0.04143616929650307,1280900,0.0,0.0
2016-12-16 00:00:00+08:00,0.042264889266323775,0.04972339895524944,0.042264889266323775,0.043093614280223846,1920100,0.0,0.0
2016-12-19 00:00:00+08:00,0.045579783618450165,0.046408508640913816,0.04475106168322154,0.045579783618450165,909900,0.0,0.0
2016-12-20 00:00:00+08:00,0.04557978494864894,0.04557978494864894,0.04309361598317177,0.044751062989234924,480900,0.0,0.0
2016-12-21 00:00:00+08:00,0.046408509995298074,0.046408509995298074,0.044751062989234924,0.044751062989234924,301000,0.0,0.0
2016-12-22 00:00:00+08:00,0.044751062989234924,0.04557978494864894,0.043922337942585786,0.044751062989234924,527700,0.0,0.0
2016-12-23 00:00:00+08:00,0.04475106811228454,0.04475106811228454,0.03812127932906151,0.03812127932906151,349300,0.0,0.0
2016-12-27 00:00:00+08:00,0.04475106333418094,0.04475106333418094,0.03977872227766414,0.04143616929650307,389500,0.0,0.0
2016-12-28 00:00:00+08:00,0.04226489126230496,0.04226489126230496,0.04143616929650307,0.04143616929650307,385500,0.0,0.0
2016-12-29 00:00:00+08:00,0.04143616929650307,0.043093616315342004,0.03563510627418437,0.04143616929650307,529200,0.0,0.0
2016-12-30 00:00:00+08:00,0.04226489126230496,0.04226489126230496,0.04060744424346603,0.04143616929650307,692000,0.0,0.0
2017-01-03 00:00:00+08:00,0.0406074432096279,0.04143616824156616,0.03894999623298645,0.03894999623298645,1106000,0.0,0.0
2017-01-04 00:00:00+08:00,0.04257325083017349,0.04257325083017349,0.04257325083017349,0.04257325083017349,50000,0.004,0.0
2017-01-05 00:00:00+08:00,0.04257325083017349,0.04257325083017349,0.04257325083017349,0.04257325083017349,0,0.0,0.0
2017-01-06 00:00:00+08:00,0.04076162789230214,0.04710232466459274,0.04076162789230214,0.04710232466459274,145000,0.0,0.0
2017-01-09 00:00:00+08:00,0.0434790700674057,0.0434790700674057,0.04076162945360032,0.0434790700674057,732000,0.0,0.0
2017-01-10 00:00:00+08:00,0.0434790700674057,0.0434790700674057,0.0434790700674057,0.0434790700674057,0,0.0,0.0
2017-01-11 00:00:00+08:00,0.04529069924860802,0.04529069924860802,0.04166744276881218,0.04166744276881218,481100,0.0,0.0
2017-01-12 00:00:00+08:00,0.04166743849044242,0.04619650693793712,0.04166743849044242,0.04257325083017349,468800,0.0,0.0
2017-01-13 00:00:00+08:00,0.04257325083017349,0.04257325083017349,0.04257325083017349,0.04257325083017349,0,0.0,0.0
2017-01-16 00:00:00+08:00,0.04529069736599922,0.04529069736599922,0.04529069736599922,0.04529069736599922,300000,0.0,0.0
2017-01-17 00:00:00+08:00,0.04347906862876072,0.047102324910227415,0.04347906862876072,0.04619650915265083,951700,0.0,0.0
2017-01-18 00:00:00+08:00,0.04619650976108607,0.04619650976108607,0.04529069736599922,0.04529069736599922,1194800,0.0,0.0
2017-01-19 00:00:00+08:00,0.0434790700674057,0.0434790700674057,0.0434790700674057,0.0434790700674057,84000,0.0,0.0
2017-01-20 00:00:00+08:00,0.04529069676949407,0.04619650915265083,0.04529069676949407,0.04619650915265083,38000,0.0,0.0
2017-01-23 00:00:00+08:00,0.04438488248053419,0.046196510681211084,0.0434790700674057,0.0434790700674057,1165800,0.0,0.0
2017-01-24 00:00:00+08:00,0.04257325083017349,0.04257325083017349,0.04257325083017349,0.04257325083017349,37000,0.0,0.0
2017-01-25 00:00:00+08:00,0.04529069676949407,0.04619650915265083,0.04529069676949407,0.04619650915265083,111000,0.0,0.0
2017-01-26 00:00:00+08:00,0.04619650915265083,0.04619650915265083,0.04619650915265083,0.04619650915265083,0,0.0,0.0
2017-01-27 00:00:00+08:00,0.04619650915265083,0.04619650915265083,0.04619650915265083,0.04619650915265083,0,0.0,0.0
2017-01-31 00:00:00+08:00,0.04619650915265083,0.04619650915265083,0.04619650915265083,0.04619650915265083,0,0.0,0.0
2017-02-01 00:00:00+08:00,0.04529069676949407,0.04619650915265083,0.04529069676949407,0.04619650915265083,200000,0.0,0.0
2017-02-02 00:00:00+08:00,0.04710232580392687,0.048008138204270134,0.04438488185405731,0.04438488185405731,239000,0.0,0.0
2017-02-03 00:00:00+08:00,0.04438488185405731,0.04438488185405731,0.04438488185405731,0.04438488185405731,0,0.0,0.0
2017-02-06 00:00:00+08:00,0.0434790700674057,0.0434790700674057,0.0434790700674057,0.0434790700674057,100000,0.0,0.0
2017-02-07 00:00:00+08:00,0.04619651002916372,0.04710232580392687,0.04438488185405731,0.04438488185405731,520000,0.0,0.0
2017-02-08 00:00:00+08:00,0.04438488185405731,0.04438488185405731,0.04438488185405731,0.04438488185405731,0,0.0,0.0
2017-02-09 00:00:00+08:00,0.04257325287118414,0.047102324910227415,0.04257325287118414,0.04619650915265083,416000,0.0,0.0
2017-02-10 00:00:00+08:00,0.04438488185405731,0.04438488185405731,0.04438488185405731,0.04438488185405731,9000,0.0,0.0
2017-02-13 00:00:00+08:00,0.04438488081610192,0.05434883385896683,0.04438488081610192,0.05434883385896683,249100,0.0,0.0
2017-02-14 00:00:00+08:00,0.04710232466459274,0.04710232466459274,0.04619650891173992,0.04710232466459274,95000,0.0,0.0
2017-02-15 00:00:00+08:00,0.04710232408397699,0.049819764560198834,0.04529069597502251,0.048008136451244354,809100,0.0,0.0
2017-02-16 00:00:00+08:00,0.046196510225324706,0.054348835360710245,0.046196510225324706,0.051631394773721695,4812900,0.0,0.0
2017-02-17 00:00:00+08:00,0.05434883446151826,0.05978371891999604,0.050725581530286244,0.053443022072315216,3769600,0.0,0.0
2017-02-20 00:00:00+08:00,0.054348835360710245,0.054348835360710245,0.050725582369532146,0.051631394773721695,560000,0.0,0.0
2017-02-21 00:00:00+08:00,0.051631391829324684,0.051631391829324684,0.048913951397304326,0.049819763749837875,542900,0.0,0.0
2017-02-22 00:00:00+08:00,0.049819767197433154,0.050725582987070084,0.049819767197433154,0.050725582987070084,280000,0.0,0.0
2017-02-23 00:00:00+08:00,0.049819767197433154,0.050725582987070084,0.048913954782216156,0.050725582987070084,586200,0.0,0.0
2017-02-24 00:00:00+08:00,0.051631391829324684,0.054348832261345036,0.049819763749837875,0.049819763749837875,987300,0.0,0.0
2017-02-27 00:00:00+08:00,0.04891395219293147,0.04891395219293147,0.048008136451244354,0.048008136451244354,300000,0.0,0.0
2017-02-28 00:00:00+08:00,0.04800813704302578,0.04800813704302578,0.04710232466459274,0.04710232466459274,823000,0.0,0.0
2017-03-01 00:00:00+08:00,0.046196507590864265,0.049819763749837875,0.046196507590864265,0.049819763749837875,87000,0.0,0.0
2017-03-02 00:00:00+08:00,0.047102324910227415,0.048008137293384184,0.04619650915265083,0.04619650915265083,450000,0.0,0.0
2017-03-03 00:00:00+08:00,0.04619650915265083,0.04619650915265083,0.04619650915265083,0.04619650915265083,0,0.0,0.0
2017-03-06 00:00:00+08:00,0.048008137293384184,0.048008137293384184,0.04619650915265083,0.04619650915265083,547300,0.0,0.0
2017-03-07 00:00:00+08:00,0.0480081384081237,0.051631394773721695,0.0480081384081237,0.051631394773721695,499100,0.0,0.0
2017-03-08 00:00:00+08:00,0.05163139440316163,0.05978371948003769,0.05163139440316163,0.05978371948003769,14136800,0.0,0.0
2017-03-09 00:00:00+08:00,0.06431278586387634,0.07065348220623666,0.06159534553841323,0.06431278586387634,25619800,0.0,0.0
2017-03-10 00:00:00+08:00,0.06340697581963146,0.06340697581963146,0.05978371948003769,0.05978371948003769,974000,0.0,0.0
2017-03-13 00:00:00+08:00,0.058877905820947436,0.06250116229057312,0.057066280960554584,0.06250116229057312,857300,0.0,0.0
2017-03-14 00:00:00+08:00,0.05978372074030122,0.060689536531504544,0.05797209590673447,0.05797209590673447,565000,0.0,0.0
2017-03-15 00:00:00+08:00,0.057066278912552296,0.05978371948003769,0.057066278912552296,0.05978371948003769,474000,0.0,0.0
2017-03-16 00:00:00+08:00,0.058877904949097906,0.06431279294747794,0.057066280115531144,0.05797209590673447,4926000,0.0,0.0
2017-03-17 00:00:00+08:00,0.0579720949408246,0.061595351296428624,0.05706627916471365,0.05887790396809578,1475000,0.0,0.0
2017-03-20 00:00:00+08:00,0.058877904949097906,0.058877904949097906,0.05797209590673447,0.05797209590673447,560000,0.0,0.0
2017-03-21 00:00:00+08:00,0.05706627916471365,0.060689535520317674,0.05706627916471365,0.05887790396809578,1249400,0.0,0.0
2017-03-22 00:00:00+08:00,0.0579720924060066,0.05887790139367146,0.056160460932997924,0.05706627666950226,1080000,0.0,0.0
2017-03-23 00:00:00+08:00,0.05797209068878001,0.06340697144913718,0.05797209068878001,0.06159534677863121,4422700,0.0,0.0
2017-03-24 00:00:00+08:00,0.06159534425120934,0.07065348072973812,0.05978371290620018,0.06793604046106339,5161100,0.0,0.0
2017-03-27 00:00:00+08:00,0.06703022867441177,0.07155930055065343,0.06431278824820252,0.06703022867441177,3686400,0.0,0.0
2017-03-28 00:00:00+08:00,0.06703023266672668,0.06884185747581993,0.06612441688776016,0.06612441688776016,2980100,0.0,0.0
2017-03-29 00:00:00+08:00,0.06703023096584218,0.07065348724092875,0.06703023096584218,0.0697476714849472,3627100,0.0,0.0
2017-03-30 00:00:00+08:00,0.07065348895631152,0.07880581071155528,0.07065348895631152,0.07427674531936646,13328100,0.0,0.0
2017-03-31 00:00:00+08:00,0.07427674586473161,0.07518255490051626,0.07155930525969798,0.07246511429548264,1515600,0.0,0.0
2017-04-03 00:00:00+08:00,0.07155930525969798,0.07427674586473161,0.07155930525969798,0.07246511429548264,592300,0.0,0.0
2017-04-04 00:00:00+08:00,0.07246511609823683,0.08695814201742019,0.07246511609823683,0.08333488553762436,20252500,0.0,0.0
2017-04-05 00:00:00+08:00,0.0869581401348114,0.09420465293751899,0.08514650855971458,0.0869581401348114,19603900,0.0,0.0
2017-04-06 00:00:00+08:00,0.08514650814509718,0.08514650814509718,0.08061744272708893,0.08061744272708893,3896400,0.0,0.0
2017-04-07 00:00:00+08:00,0.0806174410174052,0.08695813786721912,0.07790000047446204,0.08424069732427597,5325700,0.0,0.0
2017-04-10 00:00:00+08:00,0.08061743723518192,0.08061743723518192,0.07427674068284619,0.07518254965543747,6372900,0.0,0.0
2017-04-11 00:00:00+08:00,0.07427673934312998,0.07518254829938334,0.06884185186141362,0.07065348327159882,4664700,0.0,0.0
2017-04-12 00:00:00+08:00,0.07065348072973812,0.07065348072973812,0.06521859344354966,0.06793604046106339,5013500,0.0,0.0
2017-04-13 00:00:00+08:00,0.06521859722437935,0.06793604439942798,0.06431278824820252,0.06703022867441177,2600600,0.0,0.0
2017-04-17 00:00:00+08:00,0.06340697609981075,0.06340697609981075,0.0579720949408246,0.05887790396809578,2570000,0.0,0.0
2017-04-18 00:00:00+08:00,0.06159535102425445,0.06521860061500849,0.05978371948003769,0.05978371948003769,5730300,0.0,0.0
2017-04-19 00:00:00+08:00,0.05978371783719707,0.06340697407722473,0.05797209309160301,0.06340697407722473,6234400,0.0,0.0
2017-04-20 00:00:00+08:00,0.06159534425120934,0.07065348072973812,0.06159534425120934,0.06793604046106339,11766100,0.0,0.0
2017-04-21 00:00:00+08:00,0.07246511034686755,0.07518255080382819,0.07065348562517362,0.07337092608213425,15132400,0.0,0.0
2017-04-24 00:00:00+08:00,0.07337092608213425,0.07337092608213425,0.06974766988990692,0.07337092608213425,3707100,0.0,0.0
2017-04-25 00:00:00+08:00,0.07337092608213425,0.07789999800962827,0.07246511034686755,0.07337092608213425,6601800,0.0,0.0
2017-04-26 00:00:00+08:00,0.07155929897669142,0.07427673934312998,0.07065348327159882,0.07065348327159882,895300,0.0,0.0
2017-04-27 00:00:00+08:00,0.06974766505723355,0.07065348072973812,0.06703022478855881,0.06793604046106339,2975900,0.0,0.0
2017-04-28 00:00:00+08:00,0.06703023096584218,0.0697476714849472,0.06703023096584218,0.0697476714849472,3060900,0.0,0.0
2017-05-02 00:00:00+08:00,0.07065348528729824,0.07065348528729824,0.06521859765052795,0.06521859765052795,2262200,0.0,0.0
2017-05-03 00:00:00+08:00,0.06612441457003558,0.06703023031725239,0.06340697407722473,0.06340697407722473,4686600,0.0,0.0
2017-05-04 00:00:00+08:00,0.06521860321429687,0.06974767550650528,0.06521860321429687,0.0688418596982956,5017900,0.0,0.0
2017-05-05 00:00:00+08:00,0.07155930299691031,0.07337092776003379,0.06884185572896566,0.0697476714849472,7630600,0.0,0.0
2017-05-08 00:00:00+08:00,0.07155930026739364,0.07518254965543747,0.07155930026739364,0.07518254965543747,7763200,0.0,0.0
2017-05-09 00:00:00+08:00,0.07608836389026491,0.0806174356600904,0.07518254818653197,0.07880580425262451,19377000,0.0,0.0
2017-05-11 00:00:00+08:00,0.07880581129017437,0.07880581129017437,0.07246511429548264,0.07246511429548264,4204000,0.0,0.0
2017-05-12 00:00:00+08:00,0.07337093008010712,0.07337093008010712,0.07246511429548264,0.07246511429548264,1432600,0.0,0.0
2017-05-15 00:00:00+08:00,0.07155930481271949,0.07155930481271949,0.06521860110879364,0.06612441688776016,1081000,0.0,0.0
2017-05-16 00:00:00+08:00,0.06703023483071624,0.0688418596982956,0.06703023483071624,0.0688418596982956,1636400,0.0,0.0
2017-05-17 00:00:00+08:00,0.06884185525942108,0.07337092725959808,0.0661244147588507,0.07155930250883102,8939500,0.0,0.0
2017-05-18 00:00:00+08:00,0.06884184938472897,0.0715592964022427,0.06793604046106339,0.06793604046106339,2747600,0.0,0.0
2017-05-19 00:00:00+08:00,0.0688418533756048,0.0688418533756048,0.06612441294939556,0.06703022867441177,640000,0.0,0.0
2017-05-22 00:00:00+08:00,0.06703022478855881,0.06884184938472897,0.06703022478855881,0.06793604046106339,666500,0.0,0.0
2017-05-23 00:00:00+08:00,0.06703023483071624,0.06974767550650528,0.06612441902250656,0.0688418596982956,2791000,0.0,0.0
2017-05-24 00:00:00+08:00,0.06793605063892592,0.073370931990504,0.06703023483071624,0.0688418596982956,7569100,0.0,0.0
2017-05-25 00:00:00+08:00,0.06974766988990692,0.07518255080382819,0.06974766988990692,0.07337092608213425,15530700,0.0,0.0
2017-05-26 00:00:00+08:00,0.07337092954139278,0.07518255434850035,0.07246511376341909,0.07427674531936646,4352100,0.0,0.0
2017-05-29 00:00:00+08:00,0.07518255434850035,0.0779000016824214,0.07246511376341909,0.07427674531936646,14361800,0.0,0.0
2017-05-30 00:00:00+08:00,0.07337092363803738,0.07427673934312998,0.06974766756650622,0.07065348327159882,3808200,0.0,0.0
2017-05-31 00:00:00+08:00,0.07246510793294478,0.07246510793294478,0.06521859578988246,0.07065348327159882,11061700,0.0,0.0
2017-06-01 00:00:00+08:00,0.07155930299691031,0.07337092776003379,0.0697476714849472,0.0697476714849472,8109600,0.0,0.0
2017-06-02 00:00:00+08:00,0.06974766505723355,0.07065348072973812,0.06793604046106339,0.06793604046106339,2453000,0.0,0.0
2017-06-05 00:00:00+08:00,0.0688418596982956,0.07065349131471496,0.06793605063892592,0.0688418596982956,2677000,0.0,0.0
2017-06-06 00:00:00+08:00,0.0688418533756048,0.0688418533756048,0.06521859722437935,0.06703022867441177,5180400,0.0,0.0
2017-06-07 00:00:00+08:00,0.06793604046106339,0.06974766505723355,0.06793604046106339,0.06793604046106339,2150000,0.0,0.0
2017-06-08 00:00:00+08:00,0.06703023483071624,0.0688418596982956,0.06703023483071624,0.0688418596982956,1940300,0.0,0.0
2017-06-09 00:00:00+08:00,0.06884185525942108,0.07246511150979476,0.06884185525942108,0.07155930250883102,7813300,0.0,0.0
2017-06-12 00:00:00+08:00,0.07155930712292463,0.07155930712292463,0.06793605063892592,0.0688418596982956,3215400,0.0,0.0
2017-06-13 00:00:00+08:00,0.06974766505723355,0.06974766505723355,0.06703022478855881,0.06793604046106339,1822900,0.0,0.0
2017-06-14 00:00:00+08:00,0.0679360484456932,0.0679360484456932,0.06612441688776016,0.06612441688776016,3490200,0.0,0.0
2017-06-15 00:00:00+08:00,0.06340697017244226,0.06431278586387634,0.06250115448100818,0.06431278586387634,7897200,0.0,0.0
2017-06-16 00:00:00+08:00,0.06340697407722473,0.06340697407722473,0.06250115833000792,0.06340697407722473,2335400,0.0,0.0
2017-06-19 00:00:00+08:00,0.06340697407722473,0.06340697407722473,0.06340697407722473,0.06340697407722473,0,0.0,0.0
2017-06-20 00:00:00+08:00,0.06703022618933946,0.06703022618933946,0.06431278586387634,0.06431278586387634,5931000,0.0,0.0
2017-06-21 00:00:00+08:00,0.06431278586387634,0.0652185948064713,0.06340697017244226,0.06431278586387634,5847700,0.0,0.0
2017-06-22 00:00:00+08:00,0.06431278982444154,0.06431278982444154,0.06340697407722473,0.06340697407722473,3919200,0.0,0.0
2017-06-23 00:00:00+08:00,0.06340697407722473,0.06340697407722473,0.061595349331630675,0.06340697407722473,4124000,0.0,0.0
2017-06-27 00:00:00+08:00,0.06431279131604105,0.06612441610365191,0.0606895349919796,0.0606895349919796,19576300,0.0,0.0
2017-06-28 00:00:00+08:00,0.058877904949097906,0.05978372074030122,0.057066280115531144,0.05797209590673447,11630100,0.0,0.0
2017-06-29 00:00:00+08:00,0.05978371948003769,0.06068953525214607,0.058877903707929315,0.05978371948003769,3563600,0.0,0.0
2017-06-30 00:00:00+08:00,0.05978371974420673,0.05978371974420673,0.05887790396809578,0.05887790396809578,2977600,0.0,0.0
2017-07-03 00:00:00+08:00,0.06068953525214607,0.06068953525214607,0.05978371948003769,0.05978371948003769,2153400,0.0,0.0
2017-07-04 00:00:00+08:00,0.0597837171301758,0.0597837171301758,0.05706627666950226,0.05706627666950226,3606200,0.0,0.0
2017-07-05 00:00:00+08:00,0.0579720949408246,0.05978371974420673,0.0579720949408246,0.05887790396809578,5366500,0.0,0.0
2017-07-06 00:00:00+08:00,0.05978371535928597,0.06340697144913718,0.05978371535928597,0.06159534677863121,15264000,0.0,0.0
2017-07-07 00:00:00+08:00,0.06068953358441387,0.06431278982444154,0.06068953358441387,0.06340697407722473,5967400,0.0,0.0
2017-07-10 00:00:00+08:00,0.06431279207866691,0.0679360484456932,0.06431279207866691,0.06612441688776016,23292200,0.0,0.0
2017-07-11 00:00:00+08:00,0.06612441338146291,0.06612441338146291,0.06431278866843243,0.06521859765052795,3014500,0.0,0.0
2017-07-12 00:00:00+08:00,0.06521860110879364,0.06703023266672668,0.06521860110879364,0.06612441688776016,5263100,0.0,0.0
2017-07-13 00:00:00+08:00,0.06612441457003558,0.06703023031725239,0.06340697407722473,0.06340697407722473,3317800,0.0,0.0
2017-07-14 00:00:00+08:00,0.06431278982444154,0.06431278982444154,0.06340697407722473,0.06340697407722473,1541400,0.0,0.0
2017-07-17 00:00:00+08:00,0.06431278982444154,0.06703023031725239,0.06250115833000792,0.06340697407722473,13196500,0.0,0.0
2017-07-18 00:00:00+08:00,0.06431278982444154,0.06612441457003558,0.06340697407722473,0.06340697407722473,6001400,0.0,0.0
2017-07-19 00:00:00+08:00,0.06431278866843243,0.06521859765052795,0.06340697293749747,0.06521859765052795,1275500,0.0,0.0
2017-07-20 00:00:00+08:00,0.06521859722437935,0.07065348482563723,0.06521859722437935,0.06703022867441177,22815000,0.0,0.0
2017-07-21 00:00:00+08:00,0.06703023266672668,0.06703023266672668,0.06612441688776016,0.06612441688776016,1792800,0.0,0.0
2017-07-24 00:00:00+08:00,0.06612441688776016,0.06612441688776016,0.06431279207866691,0.06612441688776016,2836800,0.0,0.0
2017-07-25 00:00:00+08:00,0.0643127871588098,0.06521859611964315,0.06159534677863121,0.06159534677863121,6566300,0.0,0.0
2017-07-26 00:00:00+08:00,0.06250116229057312,0.06431279389980596,0.06250116229057312,0.06250116229057312,3998400,0.0,0.0
2017-07-27 00:00:00+08:00,0.06250116004752308,0.06340697581963146,0.05978371948003769,0.05978371948003769,7466900,0.0,0.0
2017-07-28 00:00:00+08:00,0.05978371948003769,0.06159535102425445,0.05978371948003769,0.05978371948003769,4739700,0.0,0.0
2017-07-31 00:00:00+08:00,0.060689531068958594,0.06250115573946456,0.060689531068958594,0.06159534677863121,3435000,0.0,0.0
2017-08-01 00:00:00+08:00,0.06159535076020489,0.06340697554781576,0.0606895349919796,0.0606895349919796,3668600,0.0,0.0
2017-08-02 00:00:00+08:00,0.06159535076020489,0.06159535076020489,0.05978371922375431,0.0606895349919796,2683800,0.0,0.0
2017-08-03 00:00:00+08:00,0.0606895349919796,0.06159535076020489,0.0606895349919796,0.0606895349919796,1806400,0.0,0.0
2017-08-04 00:00:00+08:00,0.06068953525214607,0.06068953525214607,0.05978371948003769,0.05978371948003769,890000,0.0,0.0
2017-08-07 00:00:00+08:00,0.060689535520317674,0.060689535520317674,0.05887790396809578,0.05887790396809578,2140000,0.0,0.0
2017-08-08 00:00:00+08:00,0.05978371948003769,0.06068953525214607,0.05978371948003769,0.05978371948003769,1710000,0.0,0.0
2017-08-10 00:00:00+08:00,0.06068953525214607,0.06250116004752308,0.05978371948003769,0.05978371948003769,5637500,0.0,0.0
2017-08-11 00:00:00+08:00,0.05978371974420673,0.05978371974420673,0.05887790396809578,0.05887790396809578,1654800,0.0,0.0
2017-08-14 00:00:00+08:00,0.05978371922375431,0.0606895349919796,0.05978371922375431,0.0606895349919796,1459000,0.0,0.0
2017-08-15 00:00:00+08:00,0.05978371974420673,0.05978371974420673,0.05887790396809578,0.05887790396809578,1512000,0.0,0.0
2017-08-16 00:00:00+08:00,0.0606895349919796,0.06250115977959048,0.05978371922375431,0.0606895349919796,6421300,0.0,0.0
2017-08-17 00:00:00+08:00,0.06159535102425445,0.06159535102425445,0.05978371948003769,0.05978371948003769,1730800,0.0,0.0
2017-08-18 00:00:00+08:00,0.060689531068958594,0.06340697144913718,0.060689531068958594,0.06159534677863121,4060300,0.0,0.0
2017-08-21 00:00:00+08:00,0.06159534677863121,0.06159534677863121,0.06159534677863121,0.06159534677863121,615000,0.0,0.0
2017-08-22 00:00:00+08:00,0.061595351490607145,0.06612441688776016,0.061595351490607145,0.06612441688776016,6997900,0.0,0.0
2017-08-23 00:00:00+08:00,0.06612441049790538,0.06703022618933946,0.06431278586387634,0.06431278586387634,4211000,0.0,0.0
2017-08-24 00:00:00+08:00,0.06340697809518954,0.06521860295558239,0.06250116229057312,0.06250116229057312,1633700,0.0,0.0
2017-08-25 00:00:00+08:00,0.06340697407722473,0.06340697407722473,0.06250115833000792,0.06340697407722473,743100,0.0,0.0
2017-08-28 00:00:00+08:00,0.06340697407722473,0.06431278982444154,0.06340697407722473,0.06340697407722473,193100,0.0,0.0
2017-08-29 00:00:00+08:00,0.06340697809518954,0.06431279389980596,0.06159535323479669,0.06250116229057312,1562400,0.0,0.0
2017-08-30 00:00:00+08:00,0.06250115573946456,0.06340697144913718,0.06159534677863121,0.06159534677863121,1423000,0.0,0.0
2017-08-31 00:00:00+08:00,0.06159535076020489,0.06159535076020489,0.0606895349919796,0.0606895349919796,900000,0.0,0.0
2017-09-04 00:00:00+08:00,0.06159535102425445,0.06159535102425445,0.05978371948003769,0.05978371948003769,1361700,0.0,0.0
2017-09-05 00:00:00+08:00,0.05978371922375431,0.06159535076020489,0.05978371922375431,0.0606895349919796,352700,0.0,0.0
2017-09-06 00:00:00+08:00,0.05978371535928597,0.06159534677863121,0.05978371535928597,0.06159534677863121,806000,0.0,0.0
2017-09-07 00:00:00+08:00,0.060689535520317674,0.060689535520317674,0.05887790396809578,0.05887790396809578,3958300,0.0,0.0
2017-09-08 00:00:00+08:00,0.058877904949097906,0.05978372074030122,0.05797209590673447,0.05797209590673447,1884600,0.0,0.0
2017-09-11 00:00:00+08:00,0.05978371922375431,0.0606895349919796,0.05978371922375431,0.0606895349919796,403200,0.0,0.0
2017-09-12 00:00:00+08:00,0.05978371948003769,0.05978371948003769,0.058877903707929315,0.05978371948003769,1337800,0.0,0.0
2017-09-13 00:00:00+08:00,0.05978371535928597,0.06159534677863121,0.05978371535928597,0.06159534677863121,1679100,0.0,0.0
2017-09-14 00:00:00+08:00,0.06159535102425445,0.06159535102425445,0.05978371948003769,0.05978371948003769,1215400,0.0,0.0
2017-09-15 00:00:00+08:00,0.05978371974420673,0.05978371974420673,0.0579720949408246,0.05887790396809578,2350000,0.0,0.0
2017-09-18 00:00:00+08:00,0.058877903707929315,0.05978371948003769,0.058877903707929315,0.05978371948003769,515000,0.0,0.0
2017-09-19 00:00:00+08:00,0.05978371922375431,0.0606895349919796,0.05978371922375431,0.0606895349919796,391000,0.0,0.0
2017-09-20 00:00:00+08:00,0.05978371535928597,0.0643127871588098,0.05978371535928597,0.06159534677863121,9695400,0.0,0.0
2017-09-21 00:00:00+08:00,0.06250116229057312,0.06340697809518954,0.06159535323479669,0.06250116229057312,1426300,0.0,0.0
2017-09-22 00:00:00+08:00,0.06340697407722473,0.06340697407722473,0.06068953358441387,0.06340697407722473,1375500,0.0,0.0
2017-09-25 00:00:00+08:00,0.06340697809518954,0.06521860295558239,0.06250116229057312,0.06250116229057312,2940200,0.0,0.0
2017-09-26 00:00:00+08:00,0.06250115448100818,0.0652185948064713,0.06159534553841323,0.06431278586387634,5023800,0.0,0.0
2017-09-27 00:00:00+08:00,0.06431278586387634,0.06703022618933946,0.06431278586387634,0.06431278586387634,9643300,0.0,0.0
2017-09-28 00:00:00+08:00,0.06521859882281879,0.06521859882281879,0.06250115833000792,0.06340697407722473,2395300,0.0,0.0
2017-09-29 00:00:00+08:00,0.06431278982444154,0.06612441457003558,0.06340697407722473,0.06340697407722473,1643600,0.0,0.0
2017-10-02 00:00:00+08:00,0.06431278866843243,0.06521859765052795,0.06340697293749747,0.06521859765052795,1998200,0.0,0.0
2017-10-03 00:00:00+08:00,0.06521859765052795,0.06612441338146291,0.06431278866843243,0.06521859765052795,1630600,0.0,0.0
2017-10-04 00:00:00+08:00,0.06521859344354966,0.06884184938472897,0.06521859344354966,0.06793604046106339,22050000,0.0,0.0
2017-10-05 00:00:00+08:00,0.06884185186141362,0.07065348327159882,0.06793604290516025,0.07065348327159882,15820500,0.0,0.0
2017-10-06 00:00:00+08:00,0.07065348724092875,0.07065348724092875,0.06884185572896566,0.0697476714849472,5042300,0.0,0.0
2017-10-09 00:00:00+08:00,0.0688418596982956,0.06974767550650528,0.06793605063892592,0.0688418596982956,1694000,0.0,0.0
2017-10-10 00:00:00+08:00,0.0688418596982956,0.07246511618229431,0.0688418596982956,0.0688418596982956,18724000,0.0,0.0
2017-10-11 00:00:00+08:00,0.06974767325478645,0.06974767325478645,0.06612441688776016,0.06612441688776016,8640100,0.0,0.0
2017-10-12 00:00:00+08:00,0.06793604046106339,0.06884184938472897,0.06703022478855881,0.06793604046106339,5433000,0.0,0.0
2017-10-13 00:00:00+08:00,0.06793604439942798,0.0688418533756048,0.06703022867441177,0.06703022867441177,1287800,0.0,0.0
2017-10-16 00:00:00+08:00,0.06884184938472897,0.06884184938472897,0.06521859344354966,0.06793604046106339,3130000,0.0,0.0
2017-10-17 00:00:00+08:00,0.0679360484456932,0.0679360484456932,0.06612441688776016,0.06612441688776016,4013500,0.0,0.0
2017-10-19 00:00:00+08:00,0.06703022618933946,0.06793604188077354,0.06340697017244226,0.06431278586387634,6865300,0.0,0.0
2017-10-20 00:00:00+08:00,0.06521859765052795,0.06612441338146291,0.06340697293749747,0.06521859765052795,2461300,0.0,0.0
2017-10-23 00:00:00+08:00,0.06612441338146291,0.06703022911239785,0.06431278866843243,0.06521859765052795,2350200,0.0,0.0
2017-10-24 00:00:00+08:00,0.06521859765052795,0.06612441338146291,0.06521859765052795,0.06521859765052795,2475100,0.0,0.0
2017-10-25 00:00:00+08:00,0.06521859722437935,0.06793604439942798,0.06521859722437935,0.06703022867441177,3934600,0.0,0.0
2017-10-26 00:00:00+08:00,0.06703022478855881,0.06884184938472897,0.06703022478855881,0.06793604046106339,5350100,0.0,0.0
2017-10-27 00:00:00+08:00,0.06793605033486637,0.07790000393405744,0.06793605033486637,0.07699418812990189,40183800,0.0,0.0
2017-10-30 00:00:00+08:00,0.07427674586473161,0.07518255490051626,0.07155930525969798,0.07246511429548264,21723700,0.0,0.0
2017-10-31 00:00:00+08:00,0.07246510782417237,0.0806174356600904,0.07155929886927866,0.07880580425262451,43123600,0.0,0.0
2017-11-01 00:00:00+08:00,0.078805812989373,0.078805812989373,0.0751825565215908,0.07699418812990189,10449000,0.0,0.0
2017-11-02 00:00:00+08:00,0.07608836889266968,0.07699418465595517,0.07427674411493834,0.07608836889266968,6872900,0.0,0.0
2017-11-03 00:00:00+08:00,0.07608837012647403,0.0779000016824214,0.07427674531936646,0.07427674531936646,6303400,0.0,0.0
2017-11-06 00:00:00+08:00,0.07608836889266968,0.07608836889266968,0.07427674411493834,0.07608836889266968,4550600,0.0,0.0
2017-11-07 00:00:00+08:00,0.07608837068514075,0.07608837068514075,0.07246511429548264,0.07246511429548264,11807600,0.0,0.0
2017-11-08 00:00:00+08:00,0.07246511034686755,0.07427674181740095,0.07246511034686755,0.07337092608213425,8824200,0.0,0.0
2017-11-09 00:00:00+08:00,0.07337092725959808,0.0742767430094014,0.07155930250883102,0.07155930250883102,6386400,0.0,0.0
2017-11-10 00:00:00+08:00,0.07155930250883102,0.07337092725959808,0.07155930250883102,0.07155930250883102,2375600,0.0,0.0
2017-11-13 00:00:00+08:00,0.07246511034686755,0.07427674181740095,0.07246511034686755,0.07337092608213425,8326500,0.0,0.0
2017-11-14 00:00:00+08:00,0.07246510793294478,0.07337092363803738,0.06884185186141362,0.07065348327159882,7366600,0.0,0.0
2017-11-15 00:00:00+08:00,0.06974767325478645,0.06974767325478645,0.06612441688776016,0.06612441688776016,4657900,0.0,0.0
2017-11-16 00:00:00+08:00,0.06612441688776016,0.06884185747581993,0.06612441688776016,0.06612441688776016,3320600,0.0,0.0
2017-11-17 00:00:00+08:00,0.06793604046106339,0.06884184938472897,0.06703022478855881,0.06793604046106339,913000,0.0,0.0
2017-11-20 00:00:00+08:00,0.06703022867441177,0.06703022867441177,0.06703022867441177,0.06703022867441177,1385000,0.0,0.0
2017-11-21 00:00:00+08:00,0.06793604046106339,0.07065348072973812,0.06793604046106339,0.06793604046106339,5050200,0.0,0.0
2017-11-22 00:00:00+08:00,0.06974766756650622,0.07337092363803738,0.06884185186141362,0.07065348327159882,12442400,0.0,0.0
2017-11-23 00:00:00+08:00,0.0715592964022427,0.0715592964022427,0.06793604046106339,0.06793604046106339,2455700,0.0,0.0
2017-11-24 00:00:00+08:00,0.06703022867441177,0.0688418533756048,0.06703022867441177,0.06703022867441177,160200,0.0,0.0
2017-11-27 00:00:00+08:00,0.06974766910062101,0.06974766910062101,0.06612441294939556,0.06703022867441177,523100,0.0,0.0
2017-11-28 00:00:00+08:00,0.06703022867441177,0.0688418533756048,0.06612441294939556,0.06703022867441177,2136800,0.0,0.0
2017-11-29 00:00:00+08:00,0.0679360484456932,0.0679360484456932,0.06521860110879364,0.06612441688776016,2910600,0.0,0.0
2017-11-30 00:00:00+08:00,0.06612441338146291,0.06793604484333281,0.06521859765052795,0.06521859765052795,2236600,0.0,0.0
2017-12-01 00:00:00+08:00,0.06703022618933946,0.06703022618933946,0.06250115448100818,0.06431278586387634,6780900,0.0,0.0
2017-12-04 00:00:00+08:00,0.0652185948064713,0.0652185948064713,0.06431278586387634,0.06431278586387634,759100,0.0,0.0
2017-12-05 00:00:00+08:00,0.06431278586387634,0.06612441049790538,0.06340697017244226,0.06431278586387634,2953100,0.0,0.0
2017-12-06 00:00:00+08:00,0.06431278866843243,0.06521859765052795,0.06340697293749747,0.06521859765052795,1236200,0.0,0.0
2017-12-07 00:00:00+08:00,0.06340697293749747,0.06521859765052795,0.06340697293749747,0.06521859765052795,1335800,0.0,0.0
2017-12-08 00:00:00+08:00,0.06340697407722473,0.06431278982444154,0.06340697407722473,0.06340697407722473,692500,0.0,0.0
2017-12-11 00:00:00+08:00,0.06431278586387634,0.06703022618933946,0.06431278586387634,0.06431278586387634,1322300,0.0,0.0
2017-12-12 00:00:00+08:00,0.06612441688776016,0.0679360484456932,0.06612441688776016,0.06612441688776016,900900,0.0,0.0
2017-12-13 00:00:00+08:00,0.06703023483071624,0.0688418596982956,0.06703023483071624,0.0688418596982956,1395000,0.0,0.0
2017-12-14 00:00:00+08:00,0.06884184938472897,0.06974766505723355,0.06703022478855881,0.06793604046106339,774600,0.0,0.0
2017-12-15 00:00:00+08:00,0.06884184938472897,0.06884184938472897,0.06612440911605423,0.06793604046106339,322800,0.0,0.0
2017-12-18 00:00:00+08:00,0.06793604046106339,0.06793604046106339,0.06793604046106339,0.06793604046106339,0,0.0,0.0
2017-12-19 00:00:00+08:00,0.06703022867441177,0.0688418533756048,0.06703022867441177,0.06703022867441177,552300,0.0,0.0
2017-12-20 00:00:00+08:00,0.06793605063892592,0.07065349131471496,0.06793605063892592,0.0688418596982956,3463400,0.0,0.0
2017-12-21 00:00:00+08:00,0.0688418596982956,0.0688418596982956,0.0688418596982956,0.0688418596982956,0,0.0,0.0
2017-12-22 00:00:00+08:00,0.06793604046106339,0.06793604046106339,0.06793604046106339,0.06793604046106339,318000,0.0,0.0
2017-12-26 00:00:00+08:00,0.0679360484456932,0.0679360484456932,0.06612441688776016,0.06612441688776016,551200,0.0,0.0
2017-12-27 00:00:00+08:00,0.06703022478855881,0.06793604046106339,0.06703022478855881,0.06793604046106339,200400,0.0,0.0
2017-12-28 00:00:00+08:00,0.06793604046106339,0.06974766505723355,0.06793604046106339,0.06793604046106339,1778000,0.0,0.0
2017-12-29 00:00:00+08:00,0.06793604046106339,0.06793604046106339,0.06703022478855881,0.06793604046106339,1791100,0.0,0.0
2018-01-02 00:00:00+08:00,0.06884185415464023,0.07427674181740095,0.06884185415464023,0.07337092608213425,12099800,0.0,0.0
2018-01-03 00:00:00+08:00,0.07337092608213425,0.07518255080382819,0.07337092608213425,0.07337092608213425,9620800,0.0,0.0
2018-01-04 00:00:00+08:00,0.07427674586473161,0.07518255490051626,0.07246511429548264,0.07246511429548264,3544000,0.0,0.0
2018-01-05 00:00:00+08:00,0.07337092725959808,0.07337092725959808,0.07155930250883102,0.07155930250883102,2527100,0.0,0.0
2018-01-08 00:00:00+08:00,0.07155930250883102,0.07155930250883102,0.07155930250883102,0.07155930250883102,1021100,0.0,0.0
2018-01-09 00:00:00+08:00,0.07155930525969798,0.07337093008010712,0.0706534894750735,0.07246511429548264,4346800,0.0,0.0
2018-01-10 00:00:00+08:00,0.07341860460443479,0.07341860460443479,0.07246511429548264,0.07246511429548264,1940900,0.004,0.0
2018-01-11 00:00:00+08:00,0.07246511429548264,0.07341860460443479,0.07246511429548264,0.07246511429548264,1546500,0.0,0.0
2018-01-12 00:00:00+08:00,0.07532558522233913,0.0762790684272493,0.07246511429548264,0.07246511429548264,2843200,0.0,0.0
2018-01-15 00:00:00+08:00,0.07341860234737396,0.0743720926270136,0.07246511206773433,0.07341860234737396,1127500,0.0,0.0
2018-01-16 00:00:00+08:00,0.07246511429548264,0.07246511429548264,0.07246511429548264,0.07246511429548264,1580000,0.0,0.0
2018-01-17 00:00:00+08:00,0.07341860460443479,0.07341860460443479,0.07151163109057247,0.07246511429548264,1754700,0.0,0.0
2018-01-18 00:00:00+08:00,0.0734186052666329,0.07723255943279947,0.0734186052666329,0.07532558590173721,13539600,0.0,0.0
2018-01-19 00:00:00+08:00,0.07532558590173721,0.0762790691152473,0.07437209558418505,0.07532558590173721,3031100,0.0,0.0
2018-01-22 00:00:00+08:00,0.07532558590173721,0.0762790691152473,0.07437209558418505,0.07532558590173721,2051600,0.0,0.0
2018-01-23 00:00:00+08:00,0.07532558332219016,0.07627906650304794,0.07437209303729057,0.07627906650304794,3436200,0.0,0.0
2018-01-24 00:00:00+08:00,0.07532558332219016,0.07723255678794755,0.07437209303729057,0.07627906650304794,4123100,0.0,0.0
2018-01-25 00:00:00+08:00,0.07627906608225106,0.07723255636189069,0.07341860234737396,0.07341860234737396,4815700,0.0,0.0
2018-01-26 00:00:00+08:00,0.0743720926270136,0.0743720926270136,0.07341860234737396,0.07341860234737396,1510000,0.0,0.0
2018-01-29 00:00:00+08:00,0.07341860014818659,0.07532558065034398,0.07341860014818659,0.07437209039926529,1799100,0.0,0.0
2018-01-30 00:00:00+08:00,0.07341860234737396,0.07341860234737396,0.07246511206773433,0.07341860234737396,3295400,0.0,0.0
2018-01-31 00:00:00+08:00,0.07151162624359131,0.07246510938387542,0.07151162624359131,0.07151162624359131,2729900,0.0,0.0
2018-02-01 00:00:00+08:00,0.07151162624359131,0.07246510938387542,0.07151162624359131,0.07151162624359131,2549000,0.0,0.0
2018-02-02 00:00:00+08:00,0.072465113948944,0.072465113948944,0.06960465013980865,0.06960465013980865,2018900,0.0,0.0
2018-02-05 00:00:00+08:00,0.067697674036026,0.06865115719977048,0.067697674036026,0.067697674036026,2207900,0.0,0.0
2018-02-06 00:00:00+08:00,0.06674418598413467,0.06674418598413467,0.06388372218985097,0.06674418598413467,6147200,0.0,0.0
2018-02-07 00:00:00+08:00,0.06674418826425849,0.06769767859627362,0.06579069793224335,0.06579069793224335,6191700,0.0,0.0
2018-02-08 00:00:00+08:00,0.06483720988035202,0.0657906930373854,0.06483720988035202,0.06483720988035202,944300,0.0,0.0
2018-02-09 00:00:00+08:00,0.06293023153441271,0.06483721212250868,0.06293023153441271,0.0638837218284607,2165900,0.0,0.0
2018-02-12 00:00:00+08:00,0.0648372144326096,0.0648372144326096,0.06293023377656937,0.06293023377656937,237700,0.0,0.0
2018-02-13 00:00:00+08:00,0.0638837218284607,0.0638837218284607,0.0638837218284607,0.0638837218284607,693000,0.0,0.0
2018-02-14 00:00:00+08:00,0.0638837218284607,0.0638837218284607,0.0638837218284607,0.0638837218284607,420000,0.0,0.0
2018-02-15 00:00:00+08:00,0.063883719619277,0.06483720988035202,0.063883719619277,0.06483720988035202,235000,0.0,0.0
2018-02-19 00:00:00+08:00,0.06579069350045366,0.067697674036026,0.06579069350045366,0.067697674036026,1277800,0.0,0.0
2018-02-20 00:00:00+08:00,0.067697674036026,0.06960464746755665,0.067697674036026,0.067697674036026,909000,0.0,0.0
2018-02-21 00:00:00+08:00,0.06674418598413467,0.06674418598413467,0.06674418598413467,0.06674418598413467,235000,0.0,0.0
2018-02-22 00:00:00+08:00,0.06674418598413467,0.06674418598413467,0.06674418598413467,0.06674418598413467,0,0.0,0.0
2018-02-23 00:00:00+08:00,0.06674418598413467,0.06674418598413467,0.06674418598413467,0.06674418598413467,0,0.0,0.0
2018-02-26 00:00:00+08:00,0.06579069793224335,0.06579069793224335,0.06579069793224335,0.06579069793224335,120000,0.0,0.0
2018-02-27 00:00:00+08:00,0.06579069793224335,0.06579069793224335,0.06579069793224335,0.06579069793224335,50000,0.0,0.0
2018-02-28 00:00:00+08:00,0.06674418127698468,0.07055813510173022,0.06674418127698468,0.06865115463733673,1600700,0.0,0.0
2018-03-01 00:00:00+08:00,0.06865115463733673,0.06865115463733673,0.06865115463733673,0.06865115463733673,0,0.0,0.0
2018-03-02 00:00:00+08:00,0.06674418826425849,0.06674418826425849,0.06483721470427038,0.06579069793224335,118000,0.0,0.0
2018-03-05 00:00:00+08:00,0.06483721470427038,0.06579069793224335,0.06483721470427038,0.06579069793224335,190000,0.0,0.0
2018-03-06 00:00:00+08:00,0.06483721470427038,0.06579069793224335,0.06483721470427038,0.06579069793224335,435800,0.0,0.0
2018-03-07 00:00:00+08:00,0.06579069531251477,0.06579069531251477,0.0638837218284607,0.0638837218284607,970000,0.0,0.0
2018-03-08 00:00:00+08:00,0.0638837218284607,0.0638837218284607,0.0638837218284607,0.0638837218284607,600000,0.0,0.0
2018-03-09 00:00:00+08:00,0.06483720988035202,0.06483720988035202,0.063883719619277,0.06483720988035202,441400,0.0,0.0
2018-03-12 00:00:00+08:00,0.06483720988035202,0.06483720988035202,0.06483720988035202,0.06483720988035202,318600,0.0,0.0
2018-03-13 00:00:00+08:00,0.06483721470427038,0.06579069793224335,0.06483721470427038,0.06579069793224335,581900,0.0,0.0
2018-03-14 00:00:00+08:00,0.063883719619277,0.06674418329846042,0.063883719619277,0.06483720988035202,260100,0.0,0.0
2018-03-15 00:00:00+08:00,0.0657906956846928,0.06769767628357655,0.0657906956846928,0.06674418598413467,720000,0.0,0.0
2018-03-16 00:00:00+08:00,0.067697674036026,0.07055813773534282,0.067697674036026,0.067697674036026,4198700,0.0,0.0
2018-03-19 00:00:00+08:00,0.06769767663506575,0.06960465013980865,0.06769767663506575,0.06960465013980865,1017000,0.0,0.0
2018-03-20 00:00:00+08:00,0.06865115463733673,0.06865115463733673,0.06865115463733673,0.06865115463733673,529000,0.0,0.0
2018-03-21 00:00:00+08:00,0.06960465013980865,0.07151163074859353,0.06960465013980865,0.06960465013980865,1967900,0.0,0.0
2018-03-22 00:00:00+08:00,0.06865115463733673,0.06865115463733673,0.06865115463733673,0.06865115463733673,90400,0.0,0.0
2018-03-23 00:00:00+08:00,0.06769767628357655,0.06769767628357655,0.0657906956846928,0.06674418598413467,3050400,0.0,0.0
2018-03-26 00:00:00+08:00,0.06674418376823983,0.067697674036026,0.06579069350045366,0.067697674036026,1312600,0.0,0.0
2018-03-27 00:00:00+08:00,0.067697674036026,0.06865115719977048,0.06674418376823983,0.067697674036026,780000,0.0,0.0
2018-03-28 00:00:00+08:00,0.06674418376823983,0.06960464746755665,0.06674418376823983,0.067697674036026,1060500,0.0,0.0
2018-03-29 00:00:00+08:00,0.06674418376823983,0.067697674036026,0.06674418376823983,0.067697674036026,227000,0.0,0.0
2018-04-02 00:00:00+08:00,0.06865115719977048,0.06865115719977048,0.067697674036026,0.067697674036026,467800,0.0,0.0
2018-04-03 00:00:00+08:00,0.06769767447388221,0.07341860190951777,0.06769767447388221,0.07055813819169998,7052900,0.0,0.0
2018-04-04 00:00:00+08:00,0.06960464977841838,0.06960464977841838,0.06674418598413467,0.06674418598413467,1943100,0.0,0.0
2018-04-05 00:00:00+08:00,0.067697674036026,0.067697674036026,0.06674418376823983,0.067697674036026,253800,0.0,0.0
2018-04-06 00:00:00+08:00,0.067697674036026,0.067697674036026,0.067697674036026,0.067697674036026,170000,0.0,0.0
2018-04-09 00:00:00+08:00,0.06674418127698468,0.06865115463733673,0.06674418127698468,0.06865115463733673,300000,0.0,0.0
2018-04-10 00:00:00+08:00,0.06769767150918142,0.06865115463733673,0.06769767150918142,0.06865115463733673,549700,0.0,0.0
2018-04-11 00:00:00+08:00,0.06865115463733673,0.07151162533392695,0.06865115463733673,0.06865115463733673,1023200,0.0,0.0
2018-04-12 00:00:00+08:00,0.06865115463733673,0.06960464486953347,0.06769767150918142,0.06865115463733673,715000,0.0,0.0
2018-04-13 00:00:00+08:00,0.06865115463733673,0.06960464486953347,0.06769767150918142,0.06865115463733673,1234200,0.0,0.0
2018-04-16 00:00:00+08:00,0.06865115463733673,0.06865115463733673,0.06865115463733673,0.06865115463733673,0,0.0,0.0
2018-04-17 00:00:00+08:00,0.06769767628357655,0.06769767628357655,0.06674418598413467,0.06674418598413467,190000,0.0,0.0
2018-04-18 00:00:00+08:00,0.067697674036026,0.06865115719977048,0.067697674036026,0.067697674036026,649800,0.0,0.0
2018-04-19 00:00:00+08:00,0.067697674036026,0.06865115719977048,0.06674418376823983,0.067697674036026,1879800,0.0,0.0
2018-04-20 00:00:00+08:00,0.06865115719977048,0.07055813773534282,0.067697674036026,0.067697674036026,3564300,0.0,0.0
2018-04-23 00:00:00+08:00,0.06865115719977048,0.06865115719977048,0.067697674036026,0.067697674036026,236000,0.0,0.0
2018-04-24 00:00:00+08:00,0.067697674036026,0.06865115719977048,0.067697674036026,0.067697674036026,261000,0.0,0.0
2018-04-25 00:00:00+08:00,0.06865115719977048,0.06865115719977048,0.067697674036026,0.067697674036026,519000,0.0,0.0
2018-04-26 00:00:00+08:00,0.06769767628357655,0.0686511594789765,0.06674418598413467,0.06674418598413467,372200,0.0,0.0
2018-04-27 00:00:00+08:00,0.06674418826425849,0.06674418826425849,0.06579069793224335,0.06579069793224335,937600,0.0,0.0
2018-04-30 00:00:00+08:00,0.06674418598413467,0.06674418598413467,0.0657906956846928,0.06674418598413467,211000,0.0,0.0
2018-05-02 00:00:00+08:00,0.06674418598413467,0.06674418598413467,0.06674418598413467,0.06674418598413467,0,0.0,0.0
2018-05-03 00:00:00+08:00,0.06674418826425849,0.06674418826425849,0.06579069793224335,0.06579069793224335,424000,0.0,0.0
2018-05-04 00:00:00+08:00,0.06769767859627362,0.06769767859627362,0.06483721470427038,0.06579069793224335,176900,0.0,0.0
2018-05-07 00:00:00+08:00,0.06579069793224335,0.06579069793224335,0.06579069793224335,0.06579069793224335,240000,0.0,0.0
2018-05-08 00:00:00+08:00,0.06483720988035202,0.06674418329846042,0.063883719619277,0.06483720988035202,1471000,0.0,0.0
2018-05-09 00:00:00+08:00,0.06483720988035202,0.06483720988035202,0.06483720988035202,0.06483720988035202,0,0.0,0.0
2018-05-10 00:00:00+08:00,0.06579069531251477,0.06579069531251477,0.0638837218284607,0.0638837218284607,5789700,0.0,0.0
2018-05-11 00:00:00+08:00,0.06293022935820197,0.06483720988035202,0.06293022935820197,0.06483720988035202,1407800,0.0,0.0
2018-05-14 00:00:00+08:00,0.06483721212250868,0.06674418560656274,0.06293023153441271,0.0638837218284607,6479700,0.0,0.0
2018-05-15 00:00:00+08:00,0.0638837218284607,0.0638837218284607,0.06293023153441271,0.0638837218284607,1227000,0.0,0.0
2018-05-16 00:00:00+08:00,0.0648372144326096,0.0648372144326096,0.06293023377656937,0.06293023377656937,1030300,0.0,0.0
2018-05-17 00:00:00+08:00,0.06293022958510215,0.06483721011412798,0.06006976589560509,0.06006976589560509,5328700,0.0,0.0
2018-05-18 00:00:00+08:00,0.06006976589560509,0.06006976589560509,0.059116275631092174,0.06006976589560509,4390900,0.0,0.0
2018-05-21 00:00:00+08:00,0.05911627784371376,0.05911627784371376,0.05911627784371376,0.05911627784371376,1226400,0.0,0.0
2018-05-22 00:00:00+08:00,0.05911627784371376,0.05911627784371376,0.0581627910955343,0.05911627784371376,1296800,0.0,0.0
2018-05-23 00:00:00+08:00,0.058162789791822433,0.058162789791822433,0.058162789791822433,0.058162789791822433,2164000,0.0,0.0
2018-05-24 00:00:00+08:00,0.05816278826849626,0.05816278826849626,0.05625581131280615,0.05720929801464081,6364100,0.0,0.0
2018-05-25 00:00:00+08:00,0.057209300430132566,0.057209300430132566,0.05530232339392605,0.05625581368803978,2846100,0.0,0.0
2018-05-28 00:00:00+08:00,0.05625581131280615,0.05816278826849626,0.05625581131280615,0.05720929801464081,4123400,0.0,0.0
2018-05-30 00:00:00+08:00,0.057209300430132566,0.057209300430132566,0.05625581368803978,0.05625581368803978,1186300,0.0,0.0
2018-05-31 00:00:00+08:00,0.057209300430132566,0.057209300430132566,0.05625581368803978,0.05625581368803978,687600,0.0,0.0
2018-06-01 00:00:00+08:00,0.057209300430132566,0.057209300430132566,0.05625581368803978,0.05625581368803978,3155900,0.0,0.0
2018-06-04 00:00:00+08:00,0.05720929801464081,0.05720929801464081,0.05625581131280615,0.05720929801464081,1858000,0.0,0.0
2018-06-05 00:00:00+08:00,0.05625581368803978,0.05625581368803978,0.05625581368803978,0.05625581368803978,1173000,0.0,0.0
2018-06-06 00:00:00+08:00,0.057209300430132566,0.057209300430132566,0.05625581368803978,0.05625581368803978,1008000,0.0,0.0
2018-06-07 00:00:00+08:00,0.05625581368803978,0.05625581368803978,0.05625581368803978,0.05625581368803978,1810000,0.0,0.0
2018-06-08 00:00:00+08:00,0.05625581368803978,0.05625581368803978,0.05530232339392605,0.05625581368803978,1525700,0.0,0.0
2018-06-11 00:00:00+08:00,0.057209300430132566,0.057209300430132566,0.05625581368803978,0.05625581368803978,2300100,0.0,0.0
2018-06-12 00:00:00+08:00,0.05720929801464081,0.05720929801464081,0.05720929801464081,0.05720929801464081,958000,0.0,0.0
2018-06-13 00:00:00+08:00,0.05720929889592438,0.05720929889592438,0.055302321910858154,0.055302321910858154,991200,0.0,0.0
2018-06-14 00:00:00+08:00,0.05530232339392605,0.05625581368803978,0.05530232339392605,0.05625581368803978,466900,0.0,0.0
2018-06-18 00:00:00+08:00,0.055302324342708195,0.055302324342708195,0.054348837584257126,0.054348837584257126,1981800,0.0,0.0
2018-06-19 00:00:00+08:00,0.05434883626771976,0.05434883626771976,0.0533953495323658,0.0533953495323658,1433000,0.0,0.0
2018-06-20 00:00:00+08:00,0.0533953495323658,0.05434883626771976,0.05244185924499092,0.0533953495323658,1977000,0.0,0.0
2018-06-21 00:00:00+08:00,0.052441857755184174,0.052441857755184174,0.05148837104691756,0.052441857755184174,1560000,0.0,0.0
2018-06-22 00:00:00+08:00,0.050534880786630126,0.054348834723738214,0.050534880786630126,0.052441857755184174,3062800,0.0,0.0
2018-06-25 00:00:00+08:00,0.05148837104691756,0.052441857755184174,0.05148837104691756,0.052441857755184174,160000,0.0,0.0
2018-06-26 00:00:00+08:00,0.05053488312419071,0.052441860180954605,0.05053488312419071,0.051488373428583145,578700,0.0,0.0
2018-06-27 00:00:00+08:00,0.051488373428583145,0.051488373428583145,0.051488373428583145,0.051488373428583145,510000,0.0,0.0
2018-06-28 00:00:00+08:00,0.05053488312419071,0.051488373428583145,0.05053488312419071,0.051488373428583145,139100,0.0,0.0
2018-06-29 00:00:00+08:00,0.050534880298568105,0.0514883705496468,0.04958139359951019,0.04958139359951019,1377300,0.0,0.0
2018-07-02 00:00:00+08:00,0.050534880298568105,0.050534880298568105,0.0486279033484315,0.04958139359951019,514100,0.0,0.0
2018-07-03 00:00:00+08:00,0.04958139447971831,0.04958139447971831,0.04767441749572754,0.04767441749572754,300000,0.0,0.0
2018-07-04 00:00:00+08:00,0.04767441749572754,0.04767441749572754,0.04767441749572754,0.04767441749572754,0,0.0,0.0
2018-07-05 00:00:00+08:00,0.04958139359951019,0.04958139359951019,0.04958139359951019,0.04958139359951019,165000,0.0,0.0
2018-07-06 00:00:00+08:00,0.0486279033484315,0.04958139359951019,0.0486279033484315,0.04958139359951019,853300,0.0,0.0
2018-07-09 00:00:00+08:00,0.04958139447971831,0.04958139447971831,0.04767441749572754,0.04767441749572754,618200,0.0,0.0
2018-07-10 00:00:00+08:00,0.04958139492681849,0.05053488165140152,0.04958139492681849,0.05053488165140152,75000,0.0,0.0
2018-07-11 00:00:00+08:00,0.05053488312419071,0.051488373428583145,0.049581396371819256,0.051488373428583145,2520100,0.0,0.0
2018-07-12 00:00:00+08:00,0.05148837104691756,0.052441857755184174,0.05148837104691756,0.052441857755184174,1086300,0.0,0.0
2018-07-13 00:00:00+08:00,0.05244185924499092,0.05434883626771976,0.05244185924499092,0.0533953495323658,1109000,0.0,0.0
2018-07-16 00:00:00+08:00,0.053395348015471605,0.053395348015471605,0.05148837104691756,0.052441857755184174,529000,0.0,0.0
2018-07-17 00:00:00+08:00,0.052441857755184174,0.052441857755184174,0.052441857755184174,0.052441857755184174,0,0.0,0.0
2018-07-18 00:00:00+08:00,0.052441857755184174,0.052441857755184174,0.052441857755184174,0.052441857755184174,0,0.0,0.0
2018-07-19 00:00:00+08:00,0.05148837104691756,0.052441857755184174,0.05148837104691756,0.052441857755184174,213100,0.0,0.0
2018-07-20 00:00:00+08:00,0.05148837192800542,0.05148837192800542,0.05053488165140152,0.05053488165140152,100000,0.0,0.0
2018-07-23 00:00:00+08:00,0.05053488165140152,0.05053488165140152,0.05053488165140152,0.05053488165140152,0,0.0,0.0
2018-07-24 00:00:00+08:00,0.05148837104691756,0.054348834723738214,0.05148837104691756,0.052441857755184174,614300,0.0,0.0
2018-07-25 00:00:00+08:00,0.052441857755184174,0.052441857755184174,0.052441857755184174,0.052441857755184174,100000,0.0,0.0
2018-07-26 00:00:00+08:00,0.052441857755184174,0.052441857755184174,0.052441857755184174,0.052441857755184174,0,0.0,0.0
2018-07-27 00:00:00+08:00,0.052441857755184174,0.052441857755184174,0.052441857755184174,0.052441857755184174,0,0.0,0.0
2018-07-30 00:00:00+08:00,0.053395348015471605,0.053395348015471605,0.052441857755184174,0.052441857755184174,103600,0.0,0.0
2018-07-31 00:00:00+08:00,0.05339535082580606,0.056255814653180275,0.05339535082580606,0.054348837584257126,1279000,0.0,0.0
2018-08-01 00:00:00+08:00,0.054348837584257126,0.054348837584257126,0.054348837584257126,0.054348837584257126,0,0.0,0.0
2018-08-02 00:00:00+08:00,0.054348837584257126,0.054348837584257126,0.054348837584257126,0.054348837584257126,0,0.0,0.0
2018-08-03 00:00:00+08:00,0.054348837584257126,0.054348837584257126,0.054348837584257126,0.054348837584257126,120000,0.0,0.0
2018-08-06 00:00:00+08:00,0.05244185865258845,0.05244185865258845,0.05053488165140152,0.05053488165140152,2443900,0.0,0.0
2018-08-07 00:00:00+08:00,0.05053488165140152,0.05053488165140152,0.05053488165140152,0.05053488165140152,0,0.0,0.0
2018-08-08 00:00:00+08:00,0.05053488165140152,0.05053488165140152,0.05053488165140152,0.05053488165140152,0,0.0,0.0
2018-08-10 00:00:00+08:00,0.052441857755184174,0.052441857755184174,0.052441857755184174,0.052441857755184174,100,0.0,0.0
2018-08-13 00:00:00+08:00,0.052441860180954605,0.052441860180954605,0.051488373428583145,0.051488373428583145,245000,0.0,0.0
2018-08-14 00:00:00+08:00,0.05244185865258845,0.05244185865258845,0.05053488165140152,0.05053488165140152,578800,0.0,0.0
2018-08-15 00:00:00+08:00,0.05053488165140152,0.05053488165140152,0.05053488165140152,0.05053488165140152,0,0.0,0.0
2018-08-16 00:00:00+08:00,0.050534880298568105,0.050534880298568105,0.04958139359951019,0.04958139359951019,130000,0.0,0.0
2018-08-17 00:00:00+08:00,0.04958139359951019,0.04958139359951019,0.04958139359951019,0.04958139359951019,0,0.0,0.0
2018-08-20 00:00:00+08:00,0.04958139359951019,0.04958139359951019,0.04958139359951019,0.04958139359951019,125000,0.0,0.0
2018-08-21 00:00:00+08:00,0.04958139359951019,0.04958139359951019,0.04958139359951019,0.04958139359951019,0,0.0,0.0
2018-08-23 00:00:00+08:00,0.04958139359951019,0.04958139359951019,0.04958139359951019,0.04958139359951019,0,0.0,0.0
2018-08-24 00:00:00+08:00,0.04958139359951019,0.04958139359951019,0.04958139359951019,0.04958139359951019,0,0.0,0.0
2018-08-27 00:00:00+08:00,0.04958139359951019,0.04958139359951019,0.04958139359951019,0.04958139359951019,0,0.0,0.0
2018-08-28 00:00:00+08:00,0.05053488312419071,0.051488373428583145,0.05053488312419071,0.051488373428583145,151000,0.0,0.0
2018-08-29 00:00:00+08:00,0.05148837192800542,0.05148837192800542,0.04958139492681849,0.05053488165140152,100300,0.0,0.0
2018-08-30 00:00:00+08:00,0.05053488165140152,0.05053488165140152,0.05053488165140152,0.05053488165140152,0,0.0,0.0
2018-08-31 00:00:00+08:00,0.05053488165140152,0.05053488165140152,0.05053488165140152,0.05053488165140152,0,0.0,0.0
2018-09-03 00:00:00+08:00,0.05244185924499092,0.05434883626771976,0.05244185924499092,0.0533953495323658,880500,0.0,0.0
2018-09-04 00:00:00+08:00,0.05244185924499092,0.0533953495323658,0.05244185924499092,0.0533953495323658,225000,0.0,0.0
2018-09-05 00:00:00+08:00,0.0533953495323658,0.0533953495323658,0.0533953495323658,0.0533953495323658,0,0.0,0.0
2018-09-06 00:00:00+08:00,0.0533953495323658,0.0533953495323658,0.0533953495323658,0.0533953495323658,0,0.0,0.0
2018-09-07 00:00:00+08:00,0.051488373428583145,0.051488373428583145,0.051488373428583145,0.051488373428583145,35000,0.0,0.0
2018-09-10 00:00:00+08:00,0.051488373428583145,0.051488373428583145,0.051488373428583145,0.051488373428583145,0,0.0,0.0
2018-09-11 00:00:00+08:00,0.051488373428583145,0.051488373428583145,0.051488373428583145,0.051488373428583145,69000,0.0,0.0
2018-09-12 00:00:00+08:00,0.051488373428583145,0.051488373428583145,0.051488373428583145,0.051488373428583145,0,0.0,0.0
2018-09-13 00:00:00+08:00,0.051488373428583145,0.051488373428583145,0.051488373428583145,0.051488373428583145,187000,0.0,0.0
2018-09-14 00:00:00+08:00,0.052441860180954605,0.052441860180954605,0.051488373428583145,0.051488373428583145,157000,0.0,0.0
2018-09-17 00:00:00+08:00,0.051488373428583145,0.051488373428583145,0.051488373428583145,0.051488373428583145,0,0.0,0.0
2018-09-18 00:00:00+08:00,0.052441860180954605,0.052441860180954605,0.051488373428583145,0.051488373428583145,475000,0.0,0.0
2018-09-19 00:00:00+08:00,0.05148837104691756,0.052441857755184174,0.05148837104691756,0.052441857755184174,235000,0.0,0.0
2018-09-20 00:00:00+08:00,0.051488373428583145,0.051488373428583145,0.051488373428583145,0.051488373428583145,161000,0.0,0.0
2018-09-21 00:00:00+08:00,0.051488373428583145,0.05339535048534704,0.051488373428583145,0.051488373428583145,1067000,0.0,0.0
2018-09-24 00:00:00+08:00,0.051488373428583145,0.051488373428583145,0.051488373428583145,0.051488373428583145,100000,0.0,0.0
2018-09-25 00:00:00+08:00,0.051488373428583145,0.051488373428583145,0.051488373428583145,0.051488373428583145,1308000,0.0,0.0
2018-09-26 00:00:00+08:00,0.051488373428583145,0.051488373428583145,0.051488373428583145,0.051488373428583145,0,0.0,0.0
2018-09-27 00:00:00+08:00,0.050534880298568105,0.050534880298568105,0.04958139359951019,0.04958139359951019,236000,0.0,0.0
2018-09-28 00:00:00+08:00,0.05053488312419071,0.052441860180954605,0.05053488312419071,0.051488373428583145,213500,0.0,0.0
2018-10-01 00:00:00+08:00,0.051488373428583145,0.051488373428583145,0.051488373428583145,0.051488373428583145,107000,0.0,0.0
2018-10-02 00:00:00+08:00,0.052441857755184174,0.052441857755184174,0.05148837104691756,0.052441857755184174,485000,0.0,0.0
2018-10-03 00:00:00+08:00,0.052441857755184174,0.052441857755184174,0.052441857755184174,0.052441857755184174,1000000,0.0,0.0
2018-10-04 00:00:00+08:00,0.05244185924499092,0.0533953495323658,0.05244185924499092,0.0533953495323658,143000,0.0,0.0
2018-10-05 00:00:00+08:00,0.0533953495323658,0.0533953495323658,0.0533953495323658,0.0533953495323658,0,0.0,0.0
2018-10-08 00:00:00+08:00,0.052441857755184174,0.052441857755184174,0.052441857755184174,0.052441857755184174,100000,0.0,0.0
2018-10-09 00:00:00+08:00,0.052441857755184174,0.052441857755184174,0.052441857755184174,0.052441857755184174,160000,0.0,0.0
2018-10-10 00:00:00+08:00,0.052441860180954605,0.05339535048534704,0.051488373428583145,0.051488373428583145,426500,0.0,0.0
2018-10-11 00:00:00+08:00,0.04958139407836351,0.052441857755184174,0.04958139407836351,0.052441857755184174,450200,0.0,0.0
2018-10-12 00:00:00+08:00,0.050534880786630126,0.052441857755184174,0.050534880786630126,0.052441857755184174,249800,0.0,0.0
2018-10-15 00:00:00+08:00,0.04767441975706894,0.04767441975706894,0.04481395236939177,0.04672092944383621,1491400,0.0,0.0
2018-10-16 00:00:00+08:00,0.0457674426826245,0.04672092944383621,0.0457674426826245,0.04672092944383621,504000,0.0,0.0
2018-10-17 00:00:00+08:00,0.04672092944383621,0.04672092944383621,0.04672092944383621,0.04672092944383621,0,0.0,0.0
2018-10-18 00:00:00+08:00,0.04576743986938674,0.04576743986938674,0.04481394961476326,0.04481394961476326,150000,0.0,0.0
2018-10-19 00:00:00+08:00,0.043860463961689404,0.043860463961689404,0.042906977236270905,0.042906977236270905,67800,0.0,0.0
2018-10-22 00:00:00+08:00,0.04386046437127877,0.045767441391944885,0.04386046437127877,0.045767441391944885,430000,0.0,0.0
2018-10-23 00:00:00+08:00,0.04576743986938674,0.04576743986938674,0.04481394961476326,0.04481394961476326,240000,0.0,0.0
2018-10-24 00:00:00+08:00,0.04481394961476326,0.04481394961476326,0.04481394961476326,0.04481394961476326,0,0.0,0.0
2018-10-25 00:00:00+08:00,0.04481394961476326,0.04481394961476326,0.04481394961476326,0.04481394961476326,0,0.0,0.0
2018-10-26 00:00:00+08:00,0.04481394961476326,0.04481394961476326,0.04481394961476326,0.04481394961476326,375000,0.0,0.0
2018-10-29 00:00:00+08:00,0.04481394961476326,0.04481394961476326,0.04481394961476326,0.04481394961476326,0,0.0,0.0
2018-10-30 00:00:00+08:00,0.0448139506871079,0.0448139506871079,0.042906977236270905,0.042906977236270905,216000,0.0,0.0
2018-10-31 00:00:00+08:00,0.042906977236270905,0.042906977236270905,0.042906977236270905,0.042906977236270905,0,0.0,0.0
2018-11-01 00:00:00+08:00,0.042906977236270905,0.042906977236270905,0.042906977236270905,0.042906977236270905,100000,0.0,0.0
2018-11-02 00:00:00+08:00,0.04290697620955787,0.04481394961476326,0.04290697620955787,0.04481394961476326,365000,0.0,0.0
2018-11-05 00:00:00+08:00,0.043860462912160565,0.04481394961476326,0.04290697620955787,0.04481394961476326,275000,0.0,0.0
2018-11-07 00:00:00+08:00,0.04481394961476326,0.04481394961476326,0.04481394961476326,0.04481394961476326,0,0.0,0.0
2018-11-08 00:00:00+08:00,0.04481394961476326,0.04481394961476326,0.04481394961476326,0.04481394961476326,0,0.0,0.0
2018-11-09 00:00:00+08:00,0.04481394961476326,0.04481394961476326,0.04481394961476326,0.04481394961476326,0,0.0,0.0
2018-11-12 00:00:00+08:00,0.04386046528816223,0.04386046528816223,0.04386046528816223,0.04386046528816223,279900,0.0,0.0
2018-11-13 00:00:00+08:00,0.042906977236270905,0.042906977236270905,0.042906977236270905,0.042906977236270905,55700,0.0,0.0
2018-11-14 00:00:00+08:00,0.0410000014733768,0.04576744234869285,0.0410000014733768,0.04386046528816223,328800,0.0,0.0
2018-11-15 00:00:00+08:00,0.04386046528816223,0.04386046528816223,0.04386046528816223,0.04386046528816223,0,0.0,0.0
2018-11-16 00:00:00+08:00,0.04100000023341303,0.042906977236270905,0.04100000023341303,0.042906977236270905,370000,0.0,0.0
2018-11-19 00:00:00+08:00,0.04100000113248825,0.04100000113248825,0.04100000113248825,0.04100000113248825,110000,0.0,0.0
2018-11-20 00:00:00+08:00,0.04290697817716359,0.04290697817716359,0.04100000113248825,0.04100000113248825,291200,0.0,0.0
2018-11-21 00:00:00+08:00,0.04099999876775577,0.04195348545908928,0.04004650852440152,0.04195348545908928,535000,0.0,0.0
2018-11-22 00:00:00+08:00,0.04195348545908928,0.04195348545908928,0.04195348545908928,0.04195348545908928,0,0.0,0.0
2018-11-23 00:00:00+08:00,0.04195348545908928,0.04195348545908928,0.04195348545908928,0.04195348545908928,0,0.0,0.0
2018-11-26 00:00:00+08:00,0.04195348545908928,0.04195348545908928,0.04195348545908928,0.04195348545908928,0,0.0,0.0
2018-11-27 00:00:00+08:00,0.040046509355306625,0.040046509355306625,0.040046509355306625,0.040046509355306625,81000,0.0,0.0
2018-11-28 00:00:00+08:00,0.040999999618444374,0.040999999618444374,0.040046509355306625,0.040046509355306625,185000,0.0,0.0
2018-11-29 00:00:00+08:00,0.040046509355306625,0.040046509355306625,0.040046509355306625,0.040046509355306625,0,0.0,0.0
2018-11-30 00:00:00+08:00,0.040046509355306625,0.040046509355306625,0.040046509355306625,0.040046509355306625,0,0.0,0.0
2018-12-03 00:00:00+08:00,0.04004651179798135,0.04004651179798135,0.0390930250287056,0.0390930250287056,75000,0.0,0.0
2018-12-04 00:00:00+08:00,0.0390930250287056,0.0390930250287056,0.0390930250287056,0.0390930250287056,0,0.0,0.0
2018-12-05 00:00:00+08:00,0.0390930250287056,0.0390930250287056,0.0390930250287056,0.0390930250287056,0,0.0,0.0
2018-12-06 00:00:00+08:00,0.0390930250287056,0.0390930250287056,0.0390930250287056,0.0390930250287056,0,0.0,0.0
2018-12-07 00:00:00+08:00,0.0390930226441897,0.040046509355306625,0.0390930226441897,0.040046509355306625,115000,0.0,0.0
2018-12-10 00:00:00+08:00,0.040046509355306625,0.040046509355306625,0.040046509355306625,0.040046509355306625,0,0.0,0.0
2018-12-11 00:00:00+08:00,0.040046509355306625,0.040046509355306625,0.040046509355306625,0.040046509355306625,0,0.0,0.0
2018-12-12 00:00:00+08:00,0.0390930250287056,0.0390930250287056,0.0390930250287056,0.0390930250287056,123000,0.0,0.0
2018-12-13 00:00:00+08:00,0.0390930250287056,0.0390930250287056,0.0390930250287056,0.0390930250287056,1620000,0.0,0.0
2018-12-14 00:00:00+08:00,0.0390930226441897,0.040046509355306625,0.0390930226441897,0.040046509355306625,1485900,0.0,0.0
2018-12-17 00:00:00+08:00,0.040046509355306625,0.040046509355306625,0.040046509355306625,0.040046509355306625,0,0.0,0.0
2018-12-18 00:00:00+08:00,0.040046509355306625,0.040046509355306625,0.040046509355306625,0.040046509355306625,0,0.0,0.0
2018-12-19 00:00:00+08:00,0.0390930250287056,0.0390930250287056,0.0390930250287056,0.0390930250287056,50000,0.0,0.0
2018-12-20 00:00:00+08:00,0.0390930250287056,0.0390930250287056,0.0390930250287056,0.0390930250287056,0,0.0,0.0
2018-12-21 00:00:00+08:00,0.040046509355306625,0.040046509355306625,0.040046509355306625,0.040046509355306625,1430000,0.0,0.0
2018-12-24 00:00:00+08:00,0.0390930226441897,0.040046509355306625,0.0390930226441897,0.040046509355306625,1251300,0.0,0.0
2018-12-26 00:00:00+08:00,0.04004651179798135,0.04004651179798135,0.0390930250287056,0.0390930250287056,58000,0.0,0.0
2018-12-27 00:00:00+08:00,0.0390930250287056,0.0390930250287056,0.0390930250287056,0.0390930250287056,0,0.0,0.0
2018-12-28 00:00:00+08:00,0.04100000113248825,0.04100000113248825,0.04100000113248825,0.04100000113248825,20000,0.0,0.0
2018-12-31 00:00:00+08:00,0.04100000113248825,0.04100000113248825,0.04100000113248825,0.04100000113248825,0,0.0,0.0
2019-01-01 00:00:00+08:00,0.04100000113248825,0.04100000113248825,0.04100000113248825,0.04100000113248825,0,0.0,0.0
2019-01-02 00:00:00+08:00,0.04386046492349077,0.04386046492349077,0.04100000113248825,0.04100000113248825,172900,0.0,0.0
2019-01-03 00:00:00+08:00,0.04100000113248825,0.04100000113248825,0.04100000113248825,0.04100000113248825,0,0.0,0.0
2019-01-04 00:00:00+08:00,0.04100000113248825,0.04100000113248825,0.04100000113248825,0.04100000113248825,0,0.0,0.0
2019-01-07 00:00:00+08:00,0.04100000113248825,0.04100000113248825,0.04100000113248825,0.04100000113248825,20100,0.002,0.0
2019-01-08 00:00:00+08:00,0.04100000113248825,0.04100000113248825,0.04100000113248825,0.04100000113248825,0,0.0,0.0
2019-01-09 00:00:00+08:00,0.0430000014603138,0.0430000014603138,0.0430000014603138,0.0430000014603138,130000,0.0,0.0
2019-01-10 00:00:00+08:00,0.0430000014603138,0.0430000014603138,0.0430000014603138,0.0430000014603138,0,0.0,0.0
2019-01-11 00:00:00+08:00,0.0430000014603138,0.0430000014603138,0.0430000014603138,0.0430000014603138,0,0.0,0.0
2019-01-14 00:00:00+08:00,0.0430000014603138,0.0430000014603138,0.0430000014603138,0.0430000014603138,0,0.0,0.0
2019-01-15 00:00:00+08:00,0.0430000014603138,0.0430000014603138,0.0430000014603138,0.0430000014603138,0,0.0,0.0
2019-01-16 00:00:00+08:00,0.0430000014603138,0.0430000014603138,0.0430000014603138,0.0430000014603138,0,0.0,0.0
2019-01-17 00:00:00+08:00,0.0430000014603138,0.04600000008940697,0.0430000014603138,0.04600000008940697,458400,0.0,0.0
2019-01-18 00:00:00+08:00,0.04399999976158142,0.04399999976158142,0.0430000014603138,0.0430000014603138,44000,0.0,0.0
2019-01-21 00:00:00+08:00,0.0430000014603138,0.0430000014603138,0.0430000014603138,0.0430000014603138,0,0.0,0.0
2019-01-22 00:00:00+08:00,0.04100000113248825,0.04100000113248825,0.04100000113248825,0.04100000113248825,100000,0.0,0.0
2019-01-23 00:00:00+08:00,0.04100000113248825,0.04100000113248825,0.04100000113248825,0.04100000113248825,0,0.0,0.0
2019-01-24 00:00:00+08:00,0.0430000014603138,0.0430000014603138,0.041999999433755875,0.041999999433755875,104400,0.0,0.0
2019-01-25 00:00:00+08:00,0.0430000014603138,0.0430000014603138,0.0430000014603138,0.0430000014603138,18400,0.0,0.0
2019-01-28 00:00:00+08:00,0.0430000014603138,0.0430000014603138,0.0430000014603138,0.0430000014603138,0,0.0,0.0
2019-01-29 00:00:00+08:00,0.0430000014603138,0.0430000014603138,0.0430000014603138,0.0430000014603138,0,0.0,0.0
2019-01-30 00:00:00+08:00,0.0430000014603138,0.0430000014603138,0.0430000014603138,0.0430000014603138,0,0.0,0.0
2019-01-31 00:00:00+08:00,0.04500000178813934,0.04500000178813934,0.0430000014603138,0.0430000014603138,82100,0.0,0.0
2019-02-01 00:00:00+08:00,0.0430000014603138,0.0430000014603138,0.0430000014603138,0.0430000014603138,0,0.0,0.0
2019-02-04 00:00:00+08:00,0.0430000014603138,0.0430000014603138,0.0430000014603138,0.0430000014603138,0,0.0,0.0
2019-02-05 00:00:00+08:00,0.0430000014603138,0.0430000014603138,0.0430000014603138,0.0430000014603138,0,0.0,0.0
2019-02-07 00:00:00+08:00,0.04399999976158142,0.04399999976158142,0.0430000014603138,0.0430000014603138,79000,0.0,0.0
2019-02-08 00:00:00+08:00,0.0430000014603138,0.0430000014603138,0.0430000014603138,0.0430000014603138,0,0.0,0.0
2019-02-11 00:00:00+08:00,0.0430000014603138,0.0430000014603138,0.0430000014603138,0.0430000014603138,0,0.0,0.0
2019-02-12 00:00:00+08:00,0.0430000014603138,0.0430000014603138,0.0430000014603138,0.0430000014603138,0,0.0,0.0
2019-02-13 00:00:00+08:00,0.04800000041723251,0.04800000041723251,0.04500000178813934,0.04500000178813934,135000,0.0,0.0
2019-02-14 00:00:00+08:00,0.04500000178813934,0.04500000178813934,0.04500000178813934,0.04500000178813934,0,0.0,0.0
2019-02-15 00:00:00+08:00,0.04699999839067459,0.04699999839067459,0.04699999839067459,0.04699999839067459,14300,0.0,0.0
2019-02-18 00:00:00+08:00,0.04800000041723251,0.04800000041723251,0.04699999839067459,0.04699999839067459,162000,0.0,0.0
2019-02-19 00:00:00+08:00,0.04699999839067459,0.04699999839067459,0.04699999839067459,0.04699999839067459,0,0.0,0.0
2019-02-20 00:00:00+08:00,0.04699999839067459,0.04699999839067459,0.04699999839067459,0.04699999839067459,0,0.0,0.0
2019-02-21 00:00:00+08:00,0.04500000178813934,0.04500000178813934,0.04500000178813934,0.04500000178813934,10000,0.0,0.0
2019-02-22 00:00:00+08:00,0.04500000178813934,0.04500000178813934,0.04500000178813934,0.04500000178813934,0,0.0,0.0
2019-02-25 00:00:00+08:00,0.04500000178813934,0.04500000178813934,0.04500000178813934,0.04500000178813934,0,0.0,0.0
2019-02-26 00:00:00+08:00,0.04500000178813934,0.04500000178813934,0.04500000178813934,0.04500000178813934,0,0.0,0.0
2019-02-27 00:00:00+08:00,0.04800000041723251,0.04800000041723251,0.04800000041723251,0.04800000041723251,50000,0.0,0.0
2019-02-28 00:00:00+08:00,0.0430000014603138,0.0430000014603138,0.0430000014603138,0.0430000014603138,60000,0.0,0.0
2019-03-01 00:00:00+08:00,0.0430000014603138,0.0430000014603138,0.0430000014603138,0.0430000014603138,0,0.0,0.0
2019-03-04 00:00:00+08:00,0.04399999976158142,0.04399999976158142,0.04399999976158142,0.04399999976158142,75000,0.0,0.0
2019-03-05 00:00:00+08:00,0.04600000008940697,0.04600000008940697,0.04500000178813934,0.04600000008940697,117000,0.0,0.0
2019-03-06 00:00:00+08:00,0.04399999976158142,0.04399999976158142,0.0430000014603138,0.0430000014603138,108700,0.0,0.0
2019-03-07 00:00:00+08:00,0.0430000014603138,0.0430000014603138,0.0430000014603138,0.0430000014603138,0,0.0,0.0
2019-03-08 00:00:00+08:00,0.04500000178813934,0.04500000178813934,0.04399999976158142,0.04399999976158142,150600,0.0,0.0
2019-03-11 00:00:00+08:00,0.0430000014603138,0.0430000014603138,0.0430000014603138,0.0430000014603138,30000,0.0,0.0
2019-03-12 00:00:00+08:00,0.0430000014603138,0.04500000178813934,0.041999999433755875,0.0430000014603138,304800,0.0,0.0
2019-03-13 00:00:00+08:00,0.0430000014603138,0.0430000014603138,0.0430000014603138,0.0430000014603138,0,0.0,0.0
2019-03-14 00:00:00+08:00,0.0430000014603138,0.0430000014603138,0.0430000014603138,0.0430000014603138,10100,0.0,0.0
2019-03-15 00:00:00+08:00,0.0430000014603138,0.0430000014603138,0.0430000014603138,0.0430000014603138,0,0.0,0.0
2019-03-18 00:00:00+08:00,0.04399999976158142,0.04399999976158142,0.04399999976158142,0.04399999976158142,3071100,0.0,0.0
2019-03-19 00:00:00+08:00,0.04500000178813934,0.04500000178813934,0.04500000178813934,0.04500000178813934,15000,0.0,0.0
2019-03-20 00:00:00+08:00,0.04500000178813934,0.04500000178813934,0.04500000178813934,0.04500000178813934,0,0.0,0.0
2019-03-21 00:00:00+08:00,0.04399999976158142,0.04500000178813934,0.0430000014603138,0.04500000178813934,609000,0.0,0.0
2019-03-22 00:00:00+08:00,0.04500000178813934,0.04500000178813934,0.04500000178813934,0.04500000178813934,0,0.0,0.0
2019-03-25 00:00:00+08:00,0.04500000178813934,0.04500000178813934,0.04500000178813934,0.04500000178813934,0,0.0,0.0
2019-03-26 00:00:00+08:00,0.0430000014603138,0.0430000014603138,0.0430000014603138,0.0430000014603138,2000,0.0,0.0
2019-03-27 00:00:00+08:00,0.0430000014603138,0.0430000014603138,0.0430000014603138,0.0430000014603138,0,0.0,0.0
2019-03-28 00:00:00+08:00,0.0430000014603138,0.0430000014603138,0.0430000014603138,0.0430000014603138,0,0.0,0.0
2019-03-29 00:00:00+08:00,0.0430000014603138,0.0430000014603138,0.041999999433755875,0.041999999433755875,95000,0.0,0.0
2019-04-01 00:00:00+08:00,0.041999999433755875,0.041999999433755875,0.041999999433755875,0.041999999433755875,0,0.0,0.0
2019-04-02 00:00:00+08:00,0.0430000014603138,0.0430000014603138,0.0430000014603138,0.0430000014603138,248000,0.0,0.0
2019-04-03 00:00:00+08:00,0.04399999976158142,0.04500000178813934,0.0430000014603138,0.04500000178813934,594000,0.0,0.0
2019-04-04 00:00:00+08:00,0.04600000008940697,0.052000001072883606,0.04600000008940697,0.05000000074505806,2811100,0.0,0.0
2019-04-05 00:00:00+08:00,0.050999999046325684,0.050999999046325684,0.04899999871850014,0.05000000074505806,939300,0.0,0.0
2019-04-08 00:00:00+08:00,0.04800000041723251,0.04899999871850014,0.04699999839067459,0.04699999839067459,492500,0.0,0.0
2019-04-09 00:00:00+08:00,0.04899999871850014,0.04899999871850014,0.04600000008940697,0.04800000041723251,255100,0.0,0.0
2019-04-10 00:00:00+08:00,0.04699999839067459,0.04699999839067459,0.04600000008940697,0.04600000008940697,473500,0.0,0.0
2019-04-11 00:00:00+08:00,0.04800000041723251,0.050999999046325684,0.04800000041723251,0.04800000041723251,699200,0.0,0.0
2019-04-12 00:00:00+08:00,0.04899999871850014,0.057999998331069946,0.04899999871850014,0.0560000017285347,20767700,0.0,0.0
2019-04-15 00:00:00+08:00,0.0560000017285347,0.0560000017285347,0.052000001072883606,0.05400000140070915,6146000,0.0,0.0
2019-04-16 00:00:00+08:00,0.05299999937415123,0.05700000002980232,0.052000001072883606,0.05400000140070915,5865500,0.0,0.0
2019-04-17 00:00:00+08:00,0.054999999701976776,0.054999999701976776,0.052000001072883606,0.052000001072883606,2868000,0.0,0.0
2019-04-18 00:00:00+08:00,0.052000001072883606,0.05400000140070915,0.052000001072883606,0.052000001072883606,2407200,0.0,0.0
2019-04-22 00:00:00+08:00,0.052000001072883606,0.05700000002980232,0.052000001072883606,0.0560000017285347,19848600,0.0,0.0
2019-04-23 00:00:00+08:00,0.0560000017285347,0.05900000035762787,0.05400000140070915,0.05400000140070915,15808900,0.0,0.0
2019-04-24 00:00:00+08:00,0.05400000140070915,0.054999999701976776,0.052000001072883606,0.05299999937415123,4094100,0.0,0.0
2019-04-25 00:00:00+08:00,0.05299999937415123,0.05299999937415123,0.052000001072883606,0.052000001072883606,1396500,0.0,0.0
2019-04-26 00:00:00+08:00,0.052000001072883606,0.052000001072883606,0.04899999871850014,0.050999999046325684,3562500,0.0,0.0
2019-04-29 00:00:00+08:00,0.05000000074505806,0.05000000074505806,0.04800000041723251,0.04800000041723251,1815000,0.0,0.0
2019-04-30 00:00:00+08:00,0.04800000041723251,0.04800000041723251,0.04699999839067459,0.04699999839067459,909300,0.0,0.0
2019-05-02 00:00:00+08:00,0.05000000074505806,0.05000000074505806,0.04699999839067459,0.04800000041723251,1501200,0.0,0.0
2019-05-03 00:00:00+08:00,0.04800000041723251,0.04800000041723251,0.04699999839067459,0.04699999839067459,220900,0.0,0.0
2019-05-06 00:00:00+08:00,0.04699999839067459,0.04699999839067459,0.04500000178813934,0.04699999839067459,2065900,0.0,0.0
2019-05-07 00:00:00+08:00,0.04600000008940697,0.04800000041723251,0.04500000178813934,0.04699999839067459,1525600,0.0,0.0
2019-05-08 00:00:00+08:00,0.04800000041723251,0.04899999871850014,0.04600000008940697,0.04899999871850014,718100,0.0,0.0
2019-05-09 00:00:00+08:00,0.04899999871850014,0.05400000140070915,0.04899999871850014,0.04899999871850014,11880600,0.0,0.0
2019-05-10 00:00:00+08:00,0.04899999871850014,0.05000000074505806,0.04800000041723251,0.04899999871850014,1236100,0.0,0.0
2019-05-13 00:00:00+08:00,0.04800000041723251,0.04899999871850014,0.04600000008940697,0.04600000008940697,1047000,0.0,0.0
2019-05-14 00:00:00+08:00,0.04600000008940697,0.04899999871850014,0.04600000008940697,0.04899999871850014,1341700,0.0,0.0
2019-05-15 00:00:00+08:00,0.04899999871850014,0.052000001072883606,0.04899999871850014,0.05000000074505806,7467000,0.0,0.0
2019-05-16 00:00:00+08:00,0.050999999046325684,0.05299999937415123,0.050999999046325684,0.052000001072883606,9529400,0.0,0.0
2019-05-17 00:00:00+08:00,0.05299999937415123,0.054999999701976776,0.050999999046325684,0.050999999046325684,7681000,0.0,0.0
2019-05-21 00:00:00+08:00,0.052000001072883606,0.05299999937415123,0.052000001072883606,0.052000001072883606,866900,0.0,0.0
2019-05-22 00:00:00+08:00,0.050999999046325684,0.052000001072883606,0.04899999871850014,0.04899999871850014,1378500,0.0,0.0
2019-05-23 00:00:00+08:00,0.04899999871850014,0.04899999871850014,0.04600000008940697,0.04600000008940697,2372200,0.0,0.0
2019-05-24 00:00:00+08:00,0.04600000008940697,0.04800000041723251,0.04600000008940697,0.04600000008940697,1622000,0.0,0.0
2019-05-27 00:00:00+08:00,0.04600000008940697,0.04699999839067459,0.04500000178813934,0.04600000008940697,445900,0.0,0.0
2019-05-28 00:00:00+08:00,0.04600000008940697,0.04600000008940697,0.04500000178813934,0.04500000178813934,611900,0.0,0.0
2019-05-29 00:00:00+08:00,0.04399999976158142,0.04500000178813934,0.04399999976158142,0.04500000178813934,848400,0.0,0.0
2019-05-30 00:00:00+08:00,0.04399999976158142,0.04399999976158142,0.0430000014603138,0.0430000014603138,1031800,0.0,0.0
2019-05-31 00:00:00+08:00,0.0430000014603138,0.04399999976158142,0.0430000014603138,0.0430000014603138,290000,0.0,0.0
2019-06-03 00:00:00+08:00,0.0430000014603138,0.04399999976158142,0.0430000014603138,0.04399999976158142,480000,0.0,0.0
2019-06-04 00:00:00+08:00,0.04399999976158142,0.04399999976158142,0.04100000113248825,0.04100000113248825,2549300,0.0,0.0
2019-06-06 00:00:00+08:00,0.041999999433755875,0.0430000014603138,0.041999999433755875,0.041999999433755875,699800,0.0,0.0
2019-06-07 00:00:00+08:00,0.041999999433755875,0.04399999976158142,0.041999999433755875,0.04399999976158142,559100,0.0,0.0
2019-06-10 00:00:00+08:00,0.04399999976158142,0.04399999976158142,0.0430000014603138,0.0430000014603138,230000,0.0,0.0
2019-06-11 00:00:00+08:00,0.0430000014603138,0.0430000014603138,0.0430000014603138,0.0430000014603138,0,0.0,0.0
2019-06-12 00:00:00+08:00,0.0430000014603138,0.0430000014603138,0.041999999433755875,0.0430000014603138,475000,0.0,0.0
2019-06-13 00:00:00+08:00,0.04100000113248825,0.04100000113248825,0.03999999910593033,0.04100000113248825,2201100,0.0,0.0
2019-06-14 00:00:00+08:00,0.04100000113248825,0.041999999433755875,0.04100000113248825,0.04100000113248825,2020000,0.0,0.0
2019-06-17 00:00:00+08:00,0.04100000113248825,0.04100000113248825,0.03999999910593033,0.03999999910593033,80000,0.0,0.0
2019-06-18 00:00:00+08:00,0.04100000113248825,0.0430000014603138,0.04100000113248825,0.0430000014603138,1504900,0.0,0.0
2019-06-19 00:00:00+08:00,0.0430000014603138,0.04600000008940697,0.0430000014603138,0.04500000178813934,2908300,0.0,0.0
2019-06-20 00:00:00+08:00,0.04500000178813934,0.04699999839067459,0.04500000178813934,0.04600000008940697,5708000,0.0,0.0
2019-06-21 00:00:00+08:00,0.04600000008940697,0.04600000008940697,0.04399999976158142,0.04399999976158142,1000000,0.0,0.0
2019-06-24 00:00:00+08:00,0.04399999976158142,0.04500000178813934,0.0430000014603138,0.04399999976158142,731000,0.0,0.0
2019-06-25 00:00:00+08:00,0.0430000014603138,0.0430000014603138,0.0430000014603138,0.0430000014603138,769900,0.0,0.0
2019-06-26 00:00:00+08:00,0.0430000014603138,0.04500000178813934,0.0430000014603138,0.04399999976158142,2520500,0.0,0.0
2019-06-27 00:00:00+08:00,0.04399999976158142,0.04500000178813934,0.04399999976158142,0.04399999976158142,1896000,0.0,0.0
2019-06-28 00:00:00+08:00,0.04399999976158142,0.04500000178813934,0.04399999976158142,0.04500000178813934,349100,0.0,0.0
2019-07-01 00:00:00+08:00,0.04600000008940697,0.04800000041723251,0.04600000008940697,0.04699999839067459,6947300,0.0,0.0
2019-07-02 00:00:00+08:00,0.04699999839067459,0.04800000041723251,0.04600000008940697,0.04699999839067459,1784900,0.0,0.0
2019-07-03 00:00:00+08:00,0.04800000041723251,0.04800000041723251,0.04399999976158142,0.04500000178813934,1677800,0.0,0.0
2019-07-04 00:00:00+08:00,0.04500000178813934,0.04600000008940697,0.04399999976158142,0.04600000008940697,527500,0.0,0.0
2019-07-05 00:00:00+08:00,0.04399999976158142,0.04500000178813934,0.0430000014603138,0.0430000014603138,2898400,0.0,0.0
2019-07-08 00:00:00+08:00,0.04399999976158142,0.04500000178813934,0.0430000014603138,0.04399999976158142,3399000,0.0,0.0
2019-07-09 00:00:00+08:00,0.04399999976158142,0.04500000178813934,0.0430000014603138,0.04399999976158142,2890100,0.0,0.0
2019-07-10 00:00:00+08:00,0.04399999976158142,0.04399999976158142,0.0430000014603138,0.0430000014603138,1950000,0.0,0.0
2019-07-11 00:00:00+08:00,0.04399999976158142,0.04500000178813934,0.0430000014603138,0.04399999976158142,1481500,0.0,0.0
2019-07-12 00:00:00+08:00,0.0430000014603138,0.04399999976158142,0.041999999433755875,0.041999999433755875,1450500,0.0,0.0
2019-07-15 00:00:00+08:00,0.0430000014603138,0.04500000178813934,0.041999999433755875,0.041999999433755875,4392500,0.0,0.0
2019-07-16 00:00:00+08:00,0.0430000014603138,0.04399999976158142,0.041999999433755875,0.041999999433755875,576200,0.0,0.0
2019-07-17 00:00:00+08:00,0.041999999433755875,0.04500000178813934,0.041999999433755875,0.0430000014603138,6337700,0.0,0.0
2019-07-18 00:00:00+08:00,0.0430000014603138,0.04500000178813934,0.0430000014603138,0.0430000014603138,3635000,0.0,0.0
2019-07-19 00:00:00+08:00,0.0430000014603138,0.04399999976158142,0.0430000014603138,0.0430000014603138,1490000,0.0,0.0
2019-07-22 00:00:00+08:00,0.0430000014603138,0.04399999976158142,0.0430000014603138,0.0430000014603138,1156800,0.0,0.0
2019-07-23 00:00:00+08:00,0.0430000014603138,0.04699999839067459,0.0430000014603138,0.04500000178813934,18255900,0.0,0.0
2019-07-24 00:00:00+08:00,0.04600000008940697,0.04699999839067459,0.04399999976158142,0.04399999976158142,3316100,0.0,0.0
2019-07-25 00:00:00+08:00,0.04399999976158142,0.04399999976158142,0.04399999976158142,0.04399999976158142,722000,0.0,0.0
2019-07-26 00:00:00+08:00,0.0430000014603138,0.04399999976158142,0.0430000014603138,0.0430000014603138,3443000,0.0,0.0
2019-07-29 00:00:00+08:00,0.0430000014603138,0.04399999976158142,0.041999999433755875,0.041999999433755875,4636200,0.0,0.0
2019-07-30 00:00:00+08:00,0.041999999433755875,0.0430000014603138,0.041999999433755875,0.041999999433755875,2456100,0.0,0.0
2019-07-31 00:00:00+08:00,0.041999999433755875,0.041999999433755875,0.041999999433755875,0.041999999433755875,1759000,0.0,0.0
2019-08-01 00:00:00+08:00,0.041999999433755875,0.041999999433755875,0.041999999433755875,0.041999999433755875,470000,0.0,0.0
2019-08-02 00:00:00+08:00,0.041999999433755875,0.041999999433755875,0.04100000113248825,0.04100000113248825,1955000,0.0,0.0
2019-08-05 00:00:00+08:00,0.04100000113248825,0.04100000113248825,0.04100000113248825,0.04100000113248825,1229600,0.0,0.0
2019-08-06 00:00:00+08:00,0.03999999910593033,0.04100000113248825,0.03799999877810478,0.04100000113248825,2829500,0.0,0.0
2019-08-07 00:00:00+08:00,0.04100000113248825,0.04100000113248825,0.039000000804662704,0.039000000804662704,158100,0.0,0.0
2019-08-08 00:00:00+08:00,0.039000000804662704,0.039000000804662704,0.039000000804662704,0.039000000804662704,0,0.0,0.0
2019-08-13 00:00:00+08:00,0.03799999877810478,0.03799999877810478,0.03700000047683716,0.03799999877810478,734000,0.0,0.0
2019-08-14 00:00:00+08:00,0.03799999877810478,0.03999999910593033,0.03799999877810478,0.03799999877810478,1411800,0.0,0.0
2019-08-15 00:00:00+08:00,0.035999998450279236,0.03700000047683716,0.035999998450279236,0.035999998450279236,202500,0.0,0.0
2019-08-16 00:00:00+08:00,0.03799999877810478,0.03799999877810478,0.03799999877810478,0.03799999877810478,50000,0.0,0.0
2019-08-19 00:00:00+08:00,0.03799999877810478,0.039000000804662704,0.03799999877810478,0.03799999877810478,476000,0.0,0.0
2019-08-20 00:00:00+08:00,0.03799999877810478,0.039000000804662704,0.03799999877810478,0.039000000804662704,293200,0.0,0.0
2019-08-21 00:00:00+08:00,0.03700000047683716,0.03999999910593033,0.03700000047683716,0.03999999910593033,121000,0.0,0.0
2019-08-22 00:00:00+08:00,0.03999999910593033,0.03999999910593033,0.03999999910593033,0.03999999910593033,0,0.0,0.0
2019-08-23 00:00:00+08:00,0.03999999910593033,0.03999999910593033,0.03999999910593033,0.03999999910593033,0,0.0,0.0
2019-08-26 00:00:00+08:00,0.03999999910593033,0.03999999910593033,0.03999999910593033,0.03999999910593033,0,0.0,0.0
2019-08-27 00:00:00+08:00,0.035999998450279236,0.035999998450279236,0.035999998450279236,0.035999998450279236,10000,0.0,0.0
2019-08-28 00:00:00+08:00,0.035999998450279236,0.035999998450279236,0.035999998450279236,0.035999998450279236,194800,0.0,0.0
2019-08-29 00:00:00+08:00,0.035999998450279236,0.035999998450279236,0.035999998450279236,0.035999998450279236,0,0.0,0.0
2019-08-30 00:00:00+08:00,0.035999998450279236,0.035999998450279236,0.035999998450279236,0.035999998450279236,0,0.0,0.0
2019-09-02 00:00:00+08:00,0.035999998450279236,0.035999998450279236,0.035999998450279236,0.035999998450279236,0,0.0,0.0
2019-09-03 00:00:00+08:00,0.03500000014901161,0.039000000804662704,0.03500000014901161,0.039000000804662704,25000,0.0,0.0
2019-09-04 00:00:00+08:00,0.03500000014901161,0.039000000804662704,0.03500000014901161,0.039000000804662704,1000,0.0,0.0
2019-09-05 00:00:00+08:00,0.039000000804662704,0.039000000804662704,0.039000000804662704,0.039000000804662704,600,0.0,0.0
2019-09-06 00:00:00+08:00,0.035999998450279236,0.03799999877810478,0.035999998450279236,0.03799999877810478,380000,0.0,0.0
2019-09-09 00:00:00+08:00,0.03700000047683716,0.039000000804662704,0.03700000047683716,0.039000000804662704,20000,0.0,0.0
2019-09-10 00:00:00+08:00,0.035999998450279236,0.035999998450279236,0.035999998450279236,0.035999998450279236,30000,0.0,0.0
2019-09-11 00:00:00+08:00,0.039000000804662704,0.039000000804662704,0.03799999877810478,0.03799999877810478,600000,0.0,0.0
2019-09-12 00:00:00+08:00,0.03799999877810478,0.03799999877810478,0.03799999877810478,0.03799999877810478,350000,0.0,0.0
2019-09-13 00:00:00+08:00,0.03700000047683716,0.03700000047683716,0.03700000047683716,0.03700000047683716,584100,0.0,0.0
2019-09-16 00:00:00+08:00,0.035999998450279236,0.035999998450279236,0.035999998450279236,0.035999998450279236,205000,0.0,0.0
2019-09-17 00:00:00+08:00,0.035999998450279236,0.03799999877810478,0.035999998450279236,0.03799999877810478,1394300,0.0,0.0
2019-09-18 00:00:00+08:00,0.03700000047683716,0.03700000047683716,0.03700000047683716,0.03700000047683716,1000,0.0,0.0
2019-09-19 00:00:00+08:00,0.03700000047683716,0.03700000047683716,0.035999998450279236,0.035999998450279236,235000,0.0,0.0
2019-09-20 00:00:00+08:00,0.03799999877810478,0.03799999877810478,0.035999998450279236,0.035999998450279236,165300,0.0,0.0
2019-09-23 00:00:00+08:00,0.035999998450279236,0.035999998450279236,0.035999998450279236,0.035999998450279236,780000,0.0,0.0
2019-09-24 00:00:00+08:00,0.035999998450279236,0.035999998450279236,0.035999998450279236,0.035999998450279236,735000,0.0,0.0
2019-09-25 00:00:00+08:00,0.035999998450279236,0.035999998450279236,0.035999998450279236,0.035999998450279236,600000,0.0,0.0
2019-09-26 00:00:00+08:00,0.035999998450279236,0.035999998450279236,0.035999998450279236,0.035999998450279236,990000,0.0,0.0
2019-09-27 00:00:00+08:00,0.035999998450279236,0.035999998450279236,0.032999999821186066,0.032999999821186066,680000,0.0,0.0
2019-09-30 00:00:00+08:00,0.03099999949336052,0.032999999821186066,0.03099999949336052,0.03200000151991844,1658000,0.0,0.0
2019-10-01 00:00:00+08:00,0.032999999821186066,0.032999999821186066,0.032999999821186066,0.032999999821186066,347000,0.0,0.0
2019-10-02 00:00:00+08:00,0.032999999821186066,0.032999999821186066,0.032999999821186066,0.032999999821186066,0,0.0,0.0
2019-10-03 00:00:00+08:00,0.03200000151991844,0.03200000151991844,0.03200000151991844,0.03200000151991844,130000,0.0,0.0
2019-10-04 00:00:00+08:00,0.03200000151991844,0.03200000151991844,0.03200000151991844,0.03200000151991844,253000,0.0,0.0
2019-10-07 00:00:00+08:00,0.03200000151991844,0.03200000151991844,0.03200000151991844,0.03200000151991844,0,0.0,0.0
2019-10-08 00:00:00+08:00,0.03200000151991844,0.03200000151991844,0.03200000151991844,0.03200000151991844,0,0.0,0.0
2019-10-09 00:00:00+08:00,0.03200000151991844,0.03200000151991844,0.03200000151991844,0.03200000151991844,0,0.0,0.0
2019-10-10 00:00:00+08:00,0.03200000151991844,0.03200000151991844,0.03200000151991844,0.03200000151991844,0,0.0,0.0
2019-10-11 00:00:00+08:00,0.03500000014901161,0.03999999910593033,0.03500000014901161,0.03700000047683716,1210500,0.0,0.0
2019-10-14 00:00:00+08:00,0.035999998450279236,0.035999998450279236,0.035999998450279236,0.035999998450279236,100000,0.0,0.0
2019-10-15 00:00:00+08:00,0.03500000014901161,0.03700000047683716,0.03500000014901161,0.035999998450279236,140000,0.0,0.0
2019-10-16 00:00:00+08:00,0.03799999877810478,0.03799999877810478,0.03799999877810478,0.03799999877810478,238700,0.0,0.0
2019-10-17 00:00:00+08:00,0.035999998450279236,0.035999998450279236,0.03500000014901161,0.03500000014901161,123000,0.0,0.0
2019-10-18 00:00:00+08:00,0.03500000014901161,0.03500000014901161,0.03500000014901161,0.03500000014901161,0,0.0,0.0
2019-10-21 00:00:00+08:00,0.03400000184774399,0.03400000184774399,0.028999999165534973,0.03200000151991844,4526500,0.0,0.0
2019-10-22 00:00:00+08:00,0.03200000151991844,0.03200000151991844,0.03200000151991844,0.03200000151991844,250000,0.0,0.0
2019-10-23 00:00:00+08:00,0.029999999329447746,0.03099999949336052,0.029999999329447746,0.029999999329447746,325100,0.0,0.0
2019-10-24 00:00:00+08:00,0.03099999949336052,0.03099999949336052,0.029999999329447746,0.029999999329447746,405000,0.0,0.0
2019-10-25 00:00:00+08:00,0.029999999329447746,0.03099999949336052,0.029999999329447746,0.029999999329447746,820000,0.0,0.0
2019-10-29 00:00:00+08:00,0.029999999329447746,0.029999999329447746,0.029999999329447746,0.029999999329447746,90000,0.0,0.0
2019-10-30 00:00:00+08:00,0.03099999949336052,0.03099999949336052,0.03099999949336052,0.03099999949336052,310000,0.0,0.0
2019-10-31 00:00:00+08:00,0.029999999329447746,0.029999999329447746,0.02800000086426735,0.029999999329447746,3186100,0.0,0.0
2019-11-01 00:00:00+08:00,0.029999999329447746,0.029999999329447746,0.029999999329447746,0.029999999329447746,25000,0.0,0.0
2019-11-04 00:00:00+08:00,0.029999999329447746,0.029999999329447746,0.028999999165534973,0.029999999329447746,570000,0.0,0.0
2019-11-05 00:00:00+08:00,0.029999999329447746,0.029999999329447746,0.028999999165534973,0.028999999165534973,26000,0.0,0.0
2019-11-06 00:00:00+08:00,0.028999999165534973,0.03200000151991844,0.028999999165534973,0.03200000151991844,2116300,0.0,0.0
2019-11-07 00:00:00+08:00,0.03200000151991844,0.03200000151991844,0.03099999949336052,0.03099999949336052,341300,0.0,0.0
2019-11-08 00:00:00+08:00,0.03099999949336052,0.03099999949336052,0.028999999165534973,0.029999999329447746,2485000,0.0,0.0
2019-11-11 00:00:00+08:00,0.029999999329447746,0.029999999329447746,0.029999999329447746,0.029999999329447746,0,0.0,0.0
2019-11-12 00:00:00+08:00,0.029999999329447746,0.03700000047683716,0.029999999329447746,0.03500000014901161,9157000,0.0,0.0
2019-11-13 00:00:00+08:00,0.03400000184774399,0.035999998450279236,0.032999999821186066,0.03400000184774399,1126400,0.0,0.0
2019-11-14 00:00:00+08:00,0.03200000151991844,0.035999998450279236,0.03200000151991844,0.03500000014901161,1233200,0.0,0.0
2019-11-15 00:00:00+08:00,0.03400000184774399,0.03400000184774399,0.03200000151991844,0.03200000151991844,1467000,0.0,0.0
2019-11-18 00:00:00+08:00,0.032999999821186066,0.03500000014901161,0.032999999821186066,0.03500000014901161,1005000,0.0,0.0
2019-11-19 00:00:00+08:00,0.03500000014901161,0.03500000014901161,0.03400000184774399,0.03400000184774399,741000,0.0,0.0
2019-11-20 00:00:00+08:00,0.03400000184774399,0.03400000184774399,0.032999999821186066,0.032999999821186066,20000,0.0,0.0
2019-11-21 00:00:00+08:00,0.032999999821186066,0.032999999821186066,0.032999999821186066,0.032999999821186066,50000,0.0,0.0
2019-11-22 00:00:00+08:00,0.03400000184774399,0.03500000014901161,0.03400000184774399,0.03500000014901161,330000,0.0,0.0
2019-11-25 00:00:00+08:00,0.03500000014901161,0.03500000014901161,0.03400000184774399,0.03500000014901161,759400,0.0,0.0
2019-11-26 00:00:00+08:00,0.03400000184774399,0.03400000184774399,0.03400000184774399,0.03400000184774399,9900,0.0,0.0
2019-11-27 00:00:00+08:00,0.03400000184774399,0.03400000184774399,0.03400000184774399,0.03400000184774399,0,0.0,0.0
2019-11-28 00:00:00+08:00,0.03400000184774399,0.03400000184774399,0.03400000184774399,0.03400000184774399,0,0.0,0.0
2019-11-29 00:00:00+08:00,0.032999999821186066,0.032999999821186066,0.032999999821186066,0.032999999821186066,142000,0.0,0.0
2019-12-02 00:00:00+08:00,0.032999999821186066,0.03500000014901161,0.032999999821186066,0.03500000014901161,300000,0.0,0.0
2019-12-03 00:00:00+08:00,0.03500000014901161,0.03500000014901161,0.03500000014901161,0.03500000014901161,10000,0.0,0.0
2019-12-04 00:00:00+08:00,0.03400000184774399,0.03400000184774399,0.03400000184774399,0.03400000184774399,10000,0.0,0.0
2019-12-05 00:00:00+08:00,0.03400000184774399,0.03500000014901161,0.03400000184774399,0.03400000184774399,131000,0.0,0.0
2019-12-06 00:00:00+08:00,0.03500000014901161,0.03500000014901161,0.03400000184774399,0.03400000184774399,565000,0.0,0.0
2019-12-09 00:00:00+08:00,0.03200000151991844,0.03200000151991844,0.029999999329447746,0.03099999949336052,1926300,0.0,0.0
2019-12-10 00:00:00+08:00,0.03099999949336052,0.03099999949336052,0.029999999329447746,0.029999999329447746,1190000,0.0,0.0
2019-12-11 00:00:00+08:00,0.029999999329447746,0.029999999329447746,0.029999999329447746,0.029999999329447746,0,0.0,0.0
2019-12-12 00:00:00+08:00,0.03099999949336052,0.03099999949336052,0.029999999329447746,0.029999999329447746,120000,0.0,0.0
2019-12-13 00:00:00+08:00,0.029999999329447746,0.029999999329447746,0.029999999329447746,0.029999999329447746,0,0.0,0.0
2019-12-16 00:00:00+08:00,0.029999999329447746,0.029999999329447746,0.029999999329447746,0.029999999329447746,31100,0.0,0.0
2019-12-17 00:00:00+08:00,0.03099999949336052,0.03099999949336052,0.029999999329447746,0.03099999949336052,373700,0.0,0.0
2019-12-18 00:00:00+08:00,0.029999999329447746,0.03200000151991844,0.029999999329447746,0.03200000151991844,247200,0.0,0.0
2019-12-19 00:00:00+08:00,0.03200000151991844,0.03200000151991844,0.03200000151991844,0.03200000151991844,0,0.0,0.0
2019-12-20 00:00:00+08:00,0.029999999329447746,0.03200000151991844,0.029999999329447746,0.03200000151991844,889500,0.0,0.0
2019-12-23 00:00:00+08:00,0.03099999949336052,0.03099999949336052,0.03099999949336052,0.03099999949336052,70000,0.0,0.0
2019-12-24 00:00:00+08:00,0.03099999949336052,0.03099999949336052,0.03099999949336052,0.03099999949336052,0,0.0,0.0
2019-12-25 00:00:00+08:00,0.03099999949336052,0.03099999949336052,0.03099999949336052,0.03099999949336052,0,0.0,0.0
2019-12-26 00:00:00+08:00,0.03200000151991844,0.03500000014901161,0.03200000151991844,0.03500000014901161,1891000,0.0,0.0
2019-12-27 00:00:00+08:00,0.03500000014901161,0.03999999910593033,0.03500000014901161,0.03799999877810478,8543500,0.0,0.0
2019-12-30 00:00:00+08:00,0.03700000047683716,0.03799999877810478,0.03700000047683716,0.03700000047683716,934000,0.0,0.0
2019-12-31 00:00:00+08:00,0.03700000047683716,0.03700000047683716,0.03700000047683716,0.03700000047683716,0,0.0,0.0
2020-01-02 00:00:00+08:00,0.035999998450279236,0.03799999877810478,0.035999998450279236,0.03799999877810478,640100,0.0,0.0
2020-01-03 00:00:00+08:00,0.035999998450279236,0.035999998450279236,0.03400000184774399,0.03500000014901161,645900,0.0,0.0
2020-01-06 00:00:00+08:00,0.03400000184774399,0.03400000184774399,0.03200000151991844,0.03200000151991844,696100,0.0,0.0
2020-01-07 00:00:00+08:00,0.032999999821186066,0.03400000184774399,0.03200000151991844,0.03200000151991844,650000,0.0,0.0
2020-01-08 00:00:00+08:00,0.03200000151991844,0.03200000151991844,0.03200000151991844,0.03200000151991844,100000,0.0,0.0
2020-01-09 00:00:00+08:00,0.032999999821186066,0.035999998450279236,0.032999999821186066,0.03500000014901161,1333000,0.0,0.0
2020-01-10 00:00:00+08:00,0.032999999821186066,0.032999999821186066,0.032999999821186066,0.032999999821186066,149000,0.0,0.0
2020-01-13 00:00:00+08:00,0.032999999821186066,0.032999999821186066,0.032999999821186066,0.032999999821186066,100000,0.0,0.0
2020-01-14 00:00:00+08:00,0.03200000151991844,0.032999999821186066,0.03200000151991844,0.032999999821186066,189200,0.0,0.0
2020-01-15 00:00:00+08:00,0.03200000151991844,0.032999999821186066,0.03200000151991844,0.03200000151991844,660300,0.0,0.0
2020-01-16 00:00:00+08:00,0.03200000151991844,0.03200000151991844,0.03200000151991844,0.03200000151991844,540000,0.0,0.0
2020-01-17 00:00:00+08:00,0.03200000151991844,0.03200000151991844,0.03200000151991844,0.03200000151991844,0,0.0,0.0
2020-01-20 00:00:00+08:00,0.03200000151991844,0.03200000151991844,0.03200000151991844,0.03200000151991844,993200,0.0,0.0
2020-01-21 00:00:00+08:00,0.03200000151991844,0.03200000151991844,0.03200000151991844,0.03200000151991844,0,0.0,0.0
2020-01-22 00:00:00+08:00,0.03200000151991844,0.03200000151991844,0.03200000151991844,0.03200000151991844,150000,0.0,0.0
2020-01-23 00:00:00+08:00,0.03099999949336052,0.03200000151991844,0.03099999949336052,0.03200000151991844,906500,0.0,0.0
2020-01-24 00:00:00+08:00,0.03200000151991844,0.03200000151991844,0.03200000151991844,0.03200000151991844,0,0.0,0.0
2020-01-28 00:00:00+08:00,0.029999999329447746,0.029999999329447746,0.028999999165534973,0.028999999165534973,837000,0.0,0.0
2020-01-29 00:00:00+08:00,0.029999999329447746,0.03099999949336052,0.029999999329447746,0.029999999329447746,195000,0.0,0.0
2020-01-30 00:00:00+08:00,0.029999999329447746,0.029999999329447746,0.029999999329447746,0.029999999329447746,0,0.0,0.0
2020-01-31 00:00:00+08:00,0.029999999329447746,0.029999999329447746,0.028999999165534973,0.028999999165534973,608000,0.0,0.0
2020-02-03 00:00:00+08:00,0.028999999165534973,0.028999999165534973,0.02800000086426735,0.02800000086426735,296000,0.0,0.0
2020-02-04 00:00:00+08:00,0.028999999165534973,0.029999999329447746,0.028999999165534973,0.029999999329447746,238000,0.0,0.0
2020-02-05 00:00:00+08:00,0.029999999329447746,0.029999999329447746,0.029999999329447746,0.029999999329447746,0,0.0,0.0
2020-02-06 00:00:00+08:00,0.029999999329447746,0.029999999329447746,0.029999999329447746,0.029999999329447746,0,0.0,0.0
2020-02-07 00:00:00+08:00,0.029999999329447746,0.029999999329447746,0.029999999329447746,0.029999999329447746,0,0.0,0.0
2020-02-10 00:00:00+08:00,0.02800000086426735,0.028999999165534973,0.02800000086426735,0.028999999165534973,192300,0.0,0.0
2020-02-11 00:00:00+08:00,0.028999999165534973,0.028999999165534973,0.028999999165534973,0.028999999165534973,108800,0.0,0.0
2020-02-12 00:00:00+08:00,0.028999999165534973,0.028999999165534973,0.028999999165534973,0.028999999165534973,0,0.0,0.0
2020-02-13 00:00:00+08:00,0.028999999165534973,0.028999999165534973,0.028999999165534973,0.028999999165534973,0,0.0,0.0
2020-02-14 00:00:00+08:00,0.028999999165534973,0.03099999949336052,0.028999999165534973,0.03099999949336052,237000,0.0,0.0
2020-02-17 00:00:00+08:00,0.02800000086426735,0.02800000086426735,0.027000000700354576,0.02800000086426735,1663900,0.0,0.0
2020-02-18 00:00:00+08:00,0.02800000086426735,0.02800000086426735,0.026000000536441803,0.027000000700354576,1841400,0.0,0.0
2020-02-19 00:00:00+08:00,0.027000000700354576,0.02800000086426735,0.026000000536441803,0.027000000700354576,1148400,0.0,0.0
2020-02-20 00:00:00+08:00,0.02800000086426735,0.032999999821186066,0.02800000086426735,0.03099999949336052,18368200,0.0,0.0
2020-02-21 00:00:00+08:00,0.03200000151991844,0.03200000151991844,0.028999999165534973,0.03099999949336052,1221200,0.0,0.0
2020-02-24 00:00:00+08:00,0.028999999165534973,0.029999999329447746,0.02800000086426735,0.02800000086426735,243800,0.0,0.0
2020-02-25 00:00:00+08:00,0.028999999165534973,0.028999999165534973,0.02800000086426735,0.02800000086426735,350200,0.0,0.0
2020-02-26 00:00:00+08:00,0.02800000086426735,0.029999999329447746,0.027000000700354576,0.028999999165534973,2010800,0.0,0.0
2020-02-27 00:00:00+08:00,0.028999999165534973,0.03200000151991844,0.02800000086426735,0.028999999165534973,2070800,0.0,0.0
2020-02-28 00:00:00+08:00,0.02800000086426735,0.02800000086426735,0.02800000086426735,0.02800000086426735,405000,0.0,0.0
2020-03-02 00:00:00+08:00,0.028999999165534973,0.03099999949336052,0.028999999165534973,0.029999999329447746,2304700,0.0,0.0
2020-03-03 00:00:00+08:00,0.03099999949336052,0.03200000151991844,0.028999999165534973,0.029999999329447746,1807700,0.0,0.0
2020-03-04 00:00:00+08:00,0.028999999165534973,0.028999999165534973,0.02800000086426735,0.02800000086426735,497100,0.0,0.0
2020-03-05 00:00:00+08:00,0.02800000086426735,0.028999999165534973,0.02800000086426735,0.028999999165534973,309100,0.0,0.0
2020-03-06 00:00:00+08:00,0.02800000086426735,0.02800000086426735,0.027000000700354576,0.027000000700354576,1890000,0.0,0.0
2020-03-09 00:00:00+08:00,0.026000000536441803,0.026000000536441803,0.020999999716877937,0.024000000208616257,2525000,0.0,0.0
2020-03-10 00:00:00+08:00,0.024000000208616257,0.024000000208616257,0.020999999716877937,0.024000000208616257,378800,0.0,0.0
2020-03-11 00:00:00+08:00,0.024000000208616257,0.024000000208616257,0.02199999988079071,0.02199999988079071,133300,0.0,0.0
2020-03-12 00:00:00+08:00,0.02199999988079071,0.02199999988079071,0.02199999988079071,0.02199999988079071,0,0.0,0.0
2020-03-13 00:00:00+08:00,0.02199999988079071,0.023000000044703484,0.020999999716877937,0.02199999988079071,131400,0.0,0.0
2020-03-16 00:00:00+08:00,0.023000000044703484,0.023000000044703484,0.023000000044703484,0.023000000044703484,560000,0.0,0.0
2020-03-17 00:00:00+08:00,0.02199999988079071,0.02199999988079071,0.02199999988079071,0.02199999988079071,347300,0.0,0.0
2020-03-18 00:00:00+08:00,0.02199999988079071,0.02199999988079071,0.02199999988079071,0.02199999988079071,0,0.0,0.0
2020-03-19 00:00:00+08:00,0.02199999988079071,0.02199999988079071,0.02199999988079071,0.02199999988079071,64600,0.0,0.0
2020-03-20 00:00:00+08:00,0.023000000044703484,0.02500000037252903,0.023000000044703484,0.023000000044703484,399800,0.0,0.0
2020-03-23 00:00:00+08:00,0.023000000044703484,0.023000000044703484,0.023000000044703484,0.023000000044703484,0,0.0,0.0
2020-03-24 00:00:00+08:00,0.020999999716877937,0.02500000037252903,0.020999999716877937,0.02500000037252903,37900,0.0,0.0
2020-03-25 00:00:00+08:00,0.02500000037252903,0.02500000037252903,0.02500000037252903,0.02500000037252903,0,0.0,0.0
2020-03-26 00:00:00+08:00,0.02199999988079071,0.02500000037252903,0.02199999988079071,0.02500000037252903,137000,0.0,0.0
2020-03-27 00:00:00+08:00,0.02500000037252903,0.02500000037252903,0.02500000037252903,0.02500000037252903,0,0.0,0.0
2020-03-30 00:00:00+08:00,0.02500000037252903,0.02500000037252903,0.02500000037252903,0.02500000037252903,0,0.0,0.0
2020-03-31 00:00:00+08:00,0.02500000037252903,0.02500000037252903,0.02500000037252903,0.02500000037252903,0,0.0,0.0
2020-04-01 00:00:00+08:00,0.023000000044703484,0.023000000044703484,0.023000000044703484,0.023000000044703484,20000,0.0,0.0
2020-04-02 00:00:00+08:00,0.023000000044703484,0.023000000044703484,0.023000000044703484,0.023000000044703484,0,0.0,0.0
2020-04-03 00:00:00+08:00,0.023000000044703484,0.023000000044703484,0.023000000044703484,0.023000000044703484,0,0.0,0.0
2020-04-06 00:00:00+08:00,0.020999999716877937,0.02500000037252903,0.020999999716877937,0.02500000037252903,200000,0.0,0.0
2020-04-07 00:00:00+08:00,0.02500000037252903,0.02500000037252903,0.02500000037252903,0.02500000037252903,0,0.0,0.0
2020-04-08 00:00:00+08:00,0.02500000037252903,0.02500000037252903,0.02500000037252903,0.02500000037252903,0,0.0,0.0
2020-04-09 00:00:00+08:00,0.02500000037252903,0.026000000536441803,0.023000000044703484,0.026000000536441803,500000,0.0,0.0
2020-04-13 00:00:00+08:00,0.026000000536441803,0.026000000536441803,0.026000000536441803,0.026000000536441803,0,0.0,0.0
2020-04-14 00:00:00+08:00,0.026000000536441803,0.026000000536441803,0.026000000536441803,0.026000000536441803,0,0.0,0.0
2020-04-15 00:00:00+08:00,0.026000000536441803,0.027000000700354576,0.026000000536441803,0.027000000700354576,724600,0.0,0.0
2020-04-16 00:00:00+08:00,0.027000000700354576,0.027000000700354576,0.027000000700354576,0.027000000700354576,0,0.0,0.0
2020-04-17 00:00:00+08:00,0.027000000700354576,0.027000000700354576,0.027000000700354576,0.027000000700354576,0,0.0,0.0
2020-04-20 00:00:00+08:00,0.027000000700354576,0.027000000700354576,0.027000000700354576,0.027000000700354576,0,0.0,0.0
2020-04-21 00:00:00+08:00,0.027000000700354576,0.027000000700354576,0.027000000700354576,0.027000000700354576,0,0.0,0.0
2020-04-22 00:00:00+08:00,0.027000000700354576,0.027000000700354576,0.027000000700354576,0.027000000700354576,0,0.0,0.0
2020-04-23 00:00:00+08:00,0.02500000037252903,0.027000000700354576,0.02500000037252903,0.027000000700354576,250000,0.0,0.0
2020-04-24 00:00:00+08:00,0.024000000208616257,0.024000000208616257,0.024000000208616257,0.024000000208616257,181000,0.0,0.0
2020-04-27 00:00:00+08:00,0.026000000536441803,0.02800000086426735,0.02500000037252903,0.026000000536441803,390000,0.0,0.0
2020-04-28 00:00:00+08:00,0.026000000536441803,0.026000000536441803,0.026000000536441803,0.026000000536441803,0,0.0,0.0
2020-04-29 00:00:00+08:00,0.023000000044703484,0.023000000044703484,0.023000000044703484,0.023000000044703484,240000,0.0,0.0
2020-04-30 00:00:00+08:00,0.024000000208616257,0.028999999165534973,0.024000000208616257,0.026000000536441803,13149400,0.0,0.0
2020-05-04 00:00:00+08:00,0.024000000208616257,0.028999999165534973,0.024000000208616257,0.02800000086426735,8402600,0.0,0.0
2020-05-05 00:00:00+08:00,0.02800000086426735,0.02800000086426735,0.027000000700354576,0.027000000700354576,457000,0.0,0.0
2020-05-06 00:00:00+08:00,0.026000000536441803,0.026000000536441803,0.024000000208616257,0.026000000536441803,680400,0.0,0.0
2020-05-08 00:00:00+08:00,0.02500000037252903,0.02800000086426735,0.02500000037252903,0.027000000700354576,1228800,0.0,0.0
2020-05-11 00:00:00+08:00,0.026000000536441803,0.03200000151991844,0.026000000536441803,0.03099999949336052,15389600,0.0,0.0
2020-05-12 00:00:00+08:00,0.03099999949336052,0.03099999949336052,0.028999999165534973,0.029999999329447746,6578900,0.0,0.0
2020-05-13 00:00:00+08:00,0.02800000086426735,0.029999999329447746,0.02800000086426735,0.029999999329447746,2188300,0.0,0.0
2020-05-14 00:00:00+08:00,0.029999999329447746,0.032999999821186066,0.029999999329447746,0.029999999329447746,13333500,0.0,0.0
2020-05-15 00:00:00+08:00,0.03099999949336052,0.03099999949336052,0.029999999329447746,0.029999999329447746,1130000,0.0,0.0
2020-05-18 00:00:00+08:00,0.028999999165534973,0.029999999329447746,0.028999999165534973,0.028999999165534973,1287000,0.0,0.0
2020-05-19 00:00:00+08:00,0.028999999165534973,0.028999999165534973,0.027000000700354576,0.02800000086426735,2220000,0.0,0.0
2020-05-20 00:00:00+08:00,0.027000000700354576,0.029999999329447746,0.027000000700354576,0.029999999329447746,1782000,0.0,0.0
2020-05-21 00:00:00+08:00,0.028999999165534973,0.029999999329447746,0.02800000086426735,0.028999999165534973,1867000,0.0,0.0
2020-05-22 00:00:00+08:00,0.02800000086426735,0.02800000086426735,0.027000000700354576,0.027000000700354576,914000,0.0,0.0
2020-05-26 00:00:00+08:00,0.028999999165534973,0.028999999165534973,0.02800000086426735,0.02800000086426735,189000,0.0,0.0
2020-05-27 00:00:00+08:00,0.027000000700354576,0.027000000700354576,0.027000000700354576,0.027000000700354576,290000,0.0,0.0
2020-05-28 00:00:00+08:00,0.027000000700354576,0.028999999165534973,0.027000000700354576,0.028999999165534973,60100,0.0,0.0
2020-05-29 00:00:00+08:00,0.027000000700354576,0.027000000700354576,0.027000000700354576,0.027000000700354576,460000,0.0,0.0
2020-06-01 00:00:00+08:00,0.02800000086426735,0.028999999165534973,0.02800000086426735,0.028999999165534973,1540000,0.0,0.0
2020-06-02 00:00:00+08:00,0.02800000086426735,0.02800000086426735,0.02800000086426735,0.02800000086426735,130000,0.0,0.0
2020-06-03 00:00:00+08:00,0.02800000086426735,0.029999999329447746,0.02800000086426735,0.029999999329447746,1000000,0.0,0.0
2020-06-04 00:00:00+08:00,0.028999999165534973,0.028999999165534973,0.027000000700354576,0.02800000086426735,602000,0.0,0.0
2020-06-05 00:00:00+08:00,0.028999999165534973,0.028999999165534973,0.028999999165534973,0.028999999165534973,150000,0.0,0.0
2020-06-08 00:00:00+08:00,0.028999999165534973,0.029999999329447746,0.02800000086426735,0.028999999165534973,1253000,0.0,0.0
2020-06-09 00:00:00+08:00,0.02800000086426735,0.02800000086426735,0.02800000086426735,0.02800000086426735,522000,0.0,0.0
2020-06-10 00:00:00+08:00,0.02800000086426735,0.02800000086426735,0.02800000086426735,0.02800000086426735,0,0.0,0.0
2020-06-11 00:00:00+08:00,0.028999999165534973,0.028999999165534973,0.02800000086426735,0.02800000086426735,390000,0.0,0.0
2020-06-12 00:00:00+08:00,0.02800000086426735,0.02800000086426735,0.02800000086426735,0.02800000086426735,499100,0.0,0.0
2020-06-15 00:00:00+08:00,0.027000000700354576,0.027000000700354576,0.026000000536441803,0.026000000536441803,742000,0.0,0.0
2020-06-16 00:00:00+08:00,0.026000000536441803,0.026000000536441803,0.026000000536441803,0.026000000536441803,0,0.0,0.0
2020-06-17 00:00:00+08:00,0.028999999165534973,0.028999999165534973,0.028999999165534973,0.028999999165534973,50000,0.0,0.0
2020-06-18 00:00:00+08:00,0.028999999165534973,0.029999999329447746,0.028999999165534973,0.028999999165534973,1183400,0.0,0.0
2020-06-19 00:00:00+08:00,0.028999999165534973,0.029999999329447746,0.028999999165534973,0.029999999329447746,202700,0.0,0.0
2020-06-22 00:00:00+08:00,0.028999999165534973,0.028999999165534973,0.028999999165534973,0.028999999165534973,36300,0.0,0.0
2020-06-23 00:00:00+08:00,0.02800000086426735,0.02800000086426735,0.02800000086426735,0.02800000086426735,135000,0.0,0.0
2020-06-24 00:00:00+08:00,0.028999999165534973,0.028999999165534973,0.02800000086426735,0.02800000086426735,150000,0.0,0.0
2020-06-25 00:00:00+08:00,0.029999999329447746,0.029999999329447746,0.029999999329447746,0.029999999329447746,65000,0.0,0.0
2020-06-26 00:00:00+08:00,0.028999999165534973,0.029999999329447746,0.028999999165534973,0.028999999165534973,69100,0.0,0.0
2020-06-29 00:00:00+08:00,0.02800000086426735,0.02800000086426735,0.02800000086426735,0.02800000086426735,5000,0.0,0.0
2020-06-30 00:00:00+08:00,0.02800000086426735,0.032999999821186066,0.02800000086426735,0.03200000151991844,4624600,0.0,0.0
2020-07-01 00:00:00+08:00,0.03400000184774399,0.04500000178813934,0.03400000184774399,0.039000000804662704,64858500,0.0,0.0
2020-07-02 00:00:00+08:00,0.039000000804662704,0.039000000804662704,0.032999999821186066,0.035999998450279236,7110900,0.0,0.0
2020-07-03 00:00:00+08:00,0.03500000014901161,0.03999999910593033,0.03500000014901161,0.03700000047683716,5184900,0.0,0.0
2020-07-06 00:00:00+08:00,0.035999998450279236,0.03700000047683716,0.03500000014901161,0.03500000014901161,2238200,0.0,0.0
2020-07-07 00:00:00+08:00,0.03500000014901161,0.03500000014901161,0.03099999949336052,0.03400000184774399,5272400,0.0,0.0
2020-07-08 00:00:00+08:00,0.03200000151991844,0.03400000184774399,0.03200000151991844,0.032999999821186066,4418100,0.0,0.0
2020-07-09 00:00:00+08:00,0.032999999821186066,0.032999999821186066,0.03200000151991844,0.03200000151991844,1537800,0.0,0.0
2020-07-13 00:00:00+08:00,0.03200000151991844,0.032999999821186066,0.03099999949336052,0.03200000151991844,1641000,0.0,0.0
2020-07-14 00:00:00+08:00,0.03099999949336052,0.03099999949336052,0.028999999165534973,0.028999999165534973,3330000,0.0,0.0
2020-07-15 00:00:00+08:00,0.029999999329447746,0.03500000014901161,0.028999999165534973,0.032999999821186066,10060400,0.0,0.0
2020-07-16 00:00:00+08:00,0.03099999949336052,0.03099999949336052,0.02800000086426735,0.029999999329447746,2194800,0.0,0.0
2020-07-17 00:00:00+08:00,0.028999999165534973,0.029999999329447746,0.028999999165534973,0.028999999165534973,264700,0.0,0.0
2020-07-20 00:00:00+08:00,0.029999999329447746,0.03200000151991844,0.028999999165534973,0.028999999165534973,9968500,0.0,0.0
2020-07-21 00:00:00+08:00,0.03099999949336052,0.03400000184774399,0.029999999329447746,0.03200000151991844,9616000,0.0,0.0
2020-07-22 00:00:00+08:00,0.03200000151991844,0.03200000151991844,0.029999999329447746,0.029999999329447746,310000,0.0,0.0
2020-07-23 00:00:00+08:00,0.03099999949336052,0.03099999949336052,0.03099999949336052,0.03099999949336052,400000,0.0,0.0
2020-07-24 00:00:00+08:00,0.029999999329447746,0.029999999329447746,0.029999999329447746,0.029999999329447746,723000,0.0,0.0
2020-07-27 00:00:00+08:00,0.029999999329447746,0.029999999329447746,0.029999999329447746,0.029999999329447746,250000,0.0,0.0
2020-07-28 00:00:00+08:00,0.029999999329447746,0.029999999329447746,0.029999999329447746,0.029999999329447746,530000,0.0,0.0
2020-07-29 00:00:00+08:00,0.029999999329447746,0.029999999329447746,0.029999999329447746,0.029999999329447746,300,0.0,0.0
2020-07-30 00:00:00+08:00,0.028999999165534973,0.028999999165534973,0.028999999165534973,0.028999999165534973,340000,0.0,0.0
2020-08-03 00:00:00+08:00,0.03099999949336052,0.03099999949336052,0.029999999329447746,0.029999999329447746,35400,0.0,0.0
2020-08-04 00:00:00+08:00,0.028999999165534973,0.028999999165534973,0.02800000086426735,0.02800000086426735,625000,0.0,0.0
2020-08-05 00:00:00+08:00,0.028999999165534973,0.029999999329447746,0.028999999165534973,0.029999999329447746,660100,0.0,0.0
2020-08-06 00:00:00+08:00,0.029999999329447746,0.029999999329447746,0.029999999329447746,0.029999999329447746,470000,0.0,0.0
2020-08-07 00:00:00+08:00,0.029999999329447746,0.03200000151991844,0.029999999329447746,0.03099999949336052,1084800,0.0,0.0
2020-08-11 00:00:00+08:00,0.029999999329447746,0.029999999329447746,0.029999999329447746,0.029999999329447746,360000,0.0,0.0
2020-08-12 00:00:00+08:00,0.028999999165534973,0.03099999949336052,0.028999999165534973,0.03099999949336052,702100,0.0,0.0
2020-08-13 00:00:00+08:00,0.03099999949336052,0.03500000014901161,0.03099999949336052,0.032999999821186066,11079800,0.0,0.0
2020-08-14 00:00:00+08:00,0.03200000151991844,0.032999999821186066,0.03099999949336052,0.03099999949336052,670000,0.0,0.0
2020-08-17 00:00:00+08:00,0.029999999329447746,0.03099999949336052,0.029999999329447746,0.029999999329447746,812000,0.0,0.0
2020-08-18 00:00:00+08:00,0.028999999165534973,0.03099999949336052,0.028999999165534973,0.03099999949336052,1500600,0.0,0.0
2020-08-19 00:00:00+08:00,0.03099999949336052,0.03099999949336052,0.028999999165534973,0.028999999165534973,2449300,0.0,0.0
2020-08-20 00:00:00+08:00,0.029999999329447746,0.032999999821186066,0.029999999329447746,0.03099999949336052,6730200,0.0,0.0
2020-08-21 00:00:00+08:00,0.03099999949336052,0.03400000184774399,0.03099999949336052,0.03200000151991844,4504100,0.0,0.0
2020-08-24 00:00:00+08:00,0.03200000151991844,0.039000000804662704,0.03200000151991844,0.039000000804662704,8971500,0.0,0.0
2020-08-25 00:00:00+08:00,0.041999999433755875,0.0430000014603138,0.03400000184774399,0.03400000184774399,13939700,0.0,0.0
2020-08-26 00:00:00+08:00,0.03500000014901161,0.03700000047683716,0.03400000184774399,0.035999998450279236,3087100,0.0,0.0
2020-08-27 00:00:00+08:00,0.03500000014901161,0.039000000804662704,0.032999999821186066,0.035999998450279236,7118100,0.0,0.0
2020-08-28 00:00:00+08:00,0.03799999877810478,0.039000000804662704,0.03500000014901161,0.03700000047683716,4970900,0.0,0.0
2020-08-31 00:00:00+08:00,0.03999999910593033,0.0430000014603138,0.03799999877810478,0.03799999877810478,22309100,0.0,0.0
2020-09-01 00:00:00+08:00,0.03799999877810478,0.039000000804662704,0.035999998450279236,0.03700000047683716,2695800,0.0,0.0
2020-09-02 00:00:00+08:00,0.03799999877810478,0.041999999433755875,0.03700000047683716,0.04100000113248825,16156200,0.0,0.0
2020-09-03 00:00:00+08:00,0.04100000113248825,0.0430000014603138,0.03700000047683716,0.03700000047683716,21365700,0.0,0.0
2020-09-04 00:00:00+08:00,0.03700000047683716,0.03999999910593033,0.03500000014901161,0.03700000047683716,3728800,0.0,0.0
2020-09-07 00:00:00+08:00,0.03700000047683716,0.039000000804662704,0.03700000047683716,0.03799999877810478,3017500,0.0,0.0
2020-09-08 00:00:00+08:00,0.03700000047683716,0.03700000047683716,0.03500000014901161,0.03500000014901161,3217000,0.0,0.0
2020-09-09 00:00:00+08:00,0.035999998450279236,0.039000000804662704,0.035999998450279236,0.03799999877810478,9244700,0.0,0.0
2020-09-10 00:00:00+08:00,0.03799999877810478,0.03799999877810478,0.03400000184774399,0.035999998450279236,3380000,0.0,0.0
2020-09-11 00:00:00+08:00,0.03700000047683716,0.03700000047683716,0.03400000184774399,0.03400000184774399,918900,0.0,0.0
2020-09-14 00:00:00+08:00,0.03400000184774399,0.03700000047683716,0.03400000184774399,0.03400000184774399,213500,0.0,0.0
2020-09-15 00:00:00+08:00,0.035999998450279236,0.035999998450279236,0.03400000184774399,0.03400000184774399,1445700,0.0,0.0
2020-09-16 00:00:00+08:00,0.035999998450279236,0.035999998450279236,0.03500000014901161,0.035999998450279236,929800,0.0,0.0
2020-09-17 00:00:00+08:00,0.03400000184774399,0.03500000014901161,0.032999999821186066,0.032999999821186066,1279700,0.0,0.0
2020-09-18 00:00:00+08:00,0.03400000184774399,0.03799999877810478,0.032999999821186066,0.03500000014901161,6707100,0.0,0.0
2020-09-21 00:00:00+08:00,0.035999998450279236,0.03700000047683716,0.03500000014901161,0.03500000014901161,828800,0.0,0.0
2020-09-22 00:00:00+08:00,0.03500000014901161,0.03500000014901161,0.03500000014901161,0.03500000014901161,0,0.0,0.0
2020-09-23 00:00:00+08:00,0.03700000047683716,0.03700000047683716,0.03400000184774399,0.03500000014901161,338400,0.0,0.0
2020-09-24 00:00:00+08:00,0.03400000184774399,0.03500000014901161,0.03400000184774399,0.03400000184774399,677500,0.0,0.0
2020-09-25 00:00:00+08:00,0.03400000184774399,0.035999998450279236,0.03400000184774399,0.035999998450279236,400,0.0,0.0
2020-09-28 00:00:00+08:00,0.032999999821186066,0.035999998450279236,0.032999999821186066,0.035999998450279236,300,0.0,0.0
2020-09-29 00:00:00+08:00,0.03700000047683716,0.03700000047683716,0.035999998450279236,0.035999998450279236,400,0.0,0.0
2020-09-30 00:00:00+08:00,0.03700000047683716,0.03700000047683716,0.03500000014901161,0.03500000014901161,105000,0.0,0.0
2020-10-01 00:00:00+08:00,0.035999998450279236,0.03700000047683716,0.03500000014901161,0.035999998450279236,1147600,0.0,0.0
2020-10-02 00:00:00+08:00,0.03700000047683716,0.03700000047683716,0.035999998450279236,0.035999998450279236,45800,0.0,0.0
2020-10-05 00:00:00+08:00,0.035999998450279236,0.035999998450279236,0.035999998450279236,0.035999998450279236,100,0.0,0.0
2020-10-06 00:00:00+08:00,0.035999998450279236,0.03700000047683716,0.03400000184774399,0.03400000184774399,1280100,0.0,0.0
2020-10-07 00:00:00+08:00,0.032999999821186066,0.03400000184774399,0.03200000151991844,0.032999999821186066,2811500,0.0,0.0
2020-10-08 00:00:00+08:00,0.03400000184774399,0.03400000184774399,0.03200000151991844,0.03400000184774399,135800,0.0,0.0
2020-10-09 00:00:00+08:00,0.03400000184774399,0.03400000184774399,0.03200000151991844,0.03400000184774399,335300,0.0,0.0
2020-10-12 00:00:00+08:00,0.03200000151991844,0.032999999821186066,0.03200000151991844,0.03200000151991844,1200300,0.0,0.0
2020-10-13 00:00:00+08:00,0.03200000151991844,0.03500000014901161,0.03200000151991844,0.03400000184774399,4222000,0.0,0.0
2020-10-14 00:00:00+08:00,0.035999998450279236,0.035999998450279236,0.032999999821186066,0.03500000014901161,30300,0.0,0.0
2020-10-15 00:00:00+08:00,0.035999998450279236,0.035999998450279236,0.035999998450279236,0.035999998450279236,100,0.0,0.0
2020-10-16 00:00:00+08:00,0.035999998450279236,0.03799999877810478,0.03500000014901161,0.03700000047683716,6940200,0.0,0.0
2020-10-19 00:00:00+08:00,0.03700000047683716,0.03700000047683716,0.03500000014901161,0.035999998450279236,382800,0.0,0.0
2020-10-20 00:00:00+08:00,0.03400000184774399,0.03700000047683716,0.03400000184774399,0.03700000047683716,906100,0.0,0.0
2020-10-21 00:00:00+08:00,0.03500000014901161,0.035999998450279236,0.03400000184774399,0.03400000184774399,370400,0.0,0.0
2020-10-22 00:00:00+08:00,0.03500000014901161,0.03700000047683716,0.03400000184774399,0.03400000184774399,1254400,0.0,0.0
2020-10-23 00:00:00+08:00,0.03400000184774399,0.035999998450279236,0.03400000184774399,0.035999998450279236,200,0.0,0.0
2020-10-26 00:00:00+08:00,0.03400000184774399,0.03500000014901161,0.03400000184774399,0.03400000184774399,100100,0.0,0.0
2020-10-27 00:00:00+08:00,0.035999998450279236,0.035999998450279236,0.032999999821186066,0.032999999821186066,101900,0.0,0.0
2020-10-28 00:00:00+08:00,0.032999999821186066,0.035999998450279236,0.032999999821186066,0.03400000184774399,1298900,0.0,0.0
2020-10-29 00:00:00+08:00,0.03400000184774399,0.03400000184774399,0.03400000184774399,0.03400000184774399,0,0.0,0.0
2020-10-30 00:00:00+08:00,0.03500000014901161,0.03500000014901161,0.032999999821186066,0.032999999821186066,152800,0.0,0.0
2020-11-02 00:00:00+08:00,0.029999999329447746,0.03099999949336052,0.02800000086426735,0.028999999165534973,4219500,0.0,0.0
2020-11-03 00:00:00+08:00,0.028999999165534973,0.029999999329447746,0.02800000086426735,0.028999999165534973,600000,0.0,0.0
2020-11-04 00:00:00+08:00,0.029999999329447746,0.029999999329447746,0.029999999329447746,0.029999999329447746,560000,0.0,0.0
2020-11-05 00:00:00+08:00,0.029999999329447746,0.03099999949336052,0.029999999329447746,0.029999999329447746,517900,0.0,0.0
2020-11-06 00:00:00+08:00,0.029999999329447746,0.03200000151991844,0.029999999329447746,0.03200000151991844,2248100,0.0,0.0
2020-11-09 00:00:00+08:00,0.03200000151991844,0.035999998450279236,0.03200000151991844,0.03400000184774399,7418300,0.0,0.0
2020-11-10 00:00:00+08:00,0.032999999821186066,0.032999999821186066,0.03200000151991844,0.032999999821186066,1201000,0.0,0.0
2020-11-11 00:00:00+08:00,0.032999999821186066,0.032999999821186066,0.032999999821186066,0.032999999821186066,390000,0.0,0.0
2020-11-12 00:00:00+08:00,0.03200000151991844,0.03200000151991844,0.03099999949336052,0.03200000151991844,1014800,0.0,0.0
2020-11-13 00:00:00+08:00,0.03200000151991844,0.03400000184774399,0.03200000151991844,0.032999999821186066,3131300,0.0,0.0
2020-11-16 00:00:00+08:00,0.03400000184774399,0.03400000184774399,0.03200000151991844,0.03200000151991844,1440000,0.0,0.0
2020-11-17 00:00:00+08:00,0.03200000151991844,0.032999999821186066,0.03200000151991844,0.03200000151991844,1107500,0.0,0.0
2020-11-18 00:00:00+08:00,0.03200000151991844,0.03200000151991844,0.03200000151991844,0.03200000151991844,645100,0.0,0.0
2020-11-19 00:00:00+08:00,0.03200000151991844,0.03200000151991844,0.03099999949336052,0.03099999949336052,980400,0.0,0.0
2020-11-20 00:00:00+08:00,0.03099999949336052,0.03200000151991844,0.03099999949336052,0.03099999949336052,1866600,0.0,0.0
2020-11-23 00:00:00+08:00,0.03099999949336052,0.03200000151991844,0.03099999949336052,0.03099999949336052,2976600,0.0,0.0
2020-11-24 00:00:00+08:00,0.03200000151991844,0.03500000014901161,0.03200000151991844,0.03400000184774399,9393300,0.0,0.0
2020-11-25 00:00:00+08:00,0.03500000014901161,0.03500000014901161,0.03200000151991844,0.032999999821186066,2604400,0.0,0.0
2020-11-26 00:00:00+08:00,0.03400000184774399,0.03700000047683716,0.03400000184774399,0.03500000014901161,10443500,0.0,0.0
2020-11-27 00:00:00+08:00,0.03500000014901161,0.03500000014901161,0.03400000184774399,0.03400000184774399,1603800,0.0,0.0
2020-11-30 00:00:00+08:00,0.03400000184774399,0.035999998450279236,0.03400000184774399,0.03400000184774399,1001500,0.0,0.0
2020-12-01 00:00:00+08:00,0.03400000184774399,0.03700000047683716,0.03400000184774399,0.03500000014901161,3900300,0.0,0.0
2020-12-02 00:00:00+08:00,0.03500000014901161,0.035999998450279236,0.03500000014901161,0.035999998450279236,2423000,0.0,0.0
2020-12-03 00:00:00+08:00,0.03700000047683716,0.03799999877810478,0.035999998450279236,0.035999998450279236,7602800,0.0,0.0
2020-12-04 00:00:00+08:00,0.035999998450279236,0.03700000047683716,0.035999998450279236,0.03700000047683716,660600,0.0,0.0
2020-12-07 00:00:00+08:00,0.03500000014901161,0.03700000047683716,0.03500000014901161,0.035999998450279236,892600,0.0,0.0
2020-12-08 00:00:00+08:00,0.035999998450279236,0.035999998450279236,0.03400000184774399,0.035999998450279236,1334200,0.0,0.0
2020-12-09 00:00:00+08:00,0.03400000184774399,0.03400000184774399,0.03400000184774399,0.03400000184774399,195000,0.0,0.0
2020-12-10 00:00:00+08:00,0.03500000014901161,0.03500000014901161,0.032999999821186066,0.032999999821186066,1475400,0.0,0.0
2020-12-11 00:00:00+08:00,0.032999999821186066,0.03500000014901161,0.032999999821186066,0.03500000014901161,35500,0.0,0.0
2020-12-14 00:00:00+08:00,0.03400000184774399,0.03400000184774399,0.032999999821186066,0.03400000184774399,445900,0.0,0.0
2020-12-15 00:00:00+08:00,0.032999999821186066,0.03400000184774399,0.032999999821186066,0.03400000184774399,276000,0.0,0.0
2020-12-16 00:00:00+08:00,0.03400000184774399,0.03400000184774399,0.032999999821186066,0.03400000184774399,32700,0.0,0.0
2020-12-17 00:00:00+08:00,0.03400000184774399,0.03400000184774399,0.03400000184774399,0.03400000184774399,100,0.0,0.0
2020-12-18 00:00:00+08:00,0.032999999821186066,0.03400000184774399,0.032999999821186066,0.032999999821186066,900300,0.0,0.0
2020-12-21 00:00:00+08:00,0.03200000151991844,0.032999999821186066,0.03200000151991844,0.03200000151991844,1082600,0.0,0.0
2020-12-22 00:00:00+08:00,0.03400000184774399,0.03400000184774399,0.03200000151991844,0.032999999821186066,250200,0.0,0.0
2020-12-23 00:00:00+08:00,0.032999999821186066,0.03400000184774399,0.03200000151991844,0.03200000151991844,290800,0.0,0.0
2020-12-24 00:00:00+08:00,0.03200000151991844,0.032999999821186066,0.03200000151991844,0.032999999821186066,385300,0.0,0.0
2020-12-28 00:00:00+08:00,0.032999999821186066,0.032999999821186066,0.032999999821186066,0.032999999821186066,0,0.0,0.0
2020-12-29 00:00:00+08:00,0.03200000151991844,0.032999999821186066,0.03200000151991844,0.032999999821186066,438000,0.0,0.0
2020-12-30 00:00:00+08:00,0.03400000184774399,0.03400000184774399,0.03400000184774399,0.03400000184774399,480000,0.0,0.0
2020-12-31 00:00:00+08:00,0.032999999821186066,0.03400000184774399,0.032999999821186066,0.03400000184774399,1500800,0.0,0.0
2021-01-04 00:00:00+08:00,0.03400000184774399,0.03500000014901161,0.032999999821186066,0.03400000184774399,1506500,0.0,0.0
2021-01-05 00:00:00+08:00,0.032999999821186066,0.032999999821186066,0.03200000151991844,0.03200000151991844,1423700,0.0,0.0
2021-01-06 00:00:00+08:00,0.032999999821186066,0.032999999821186066,0.03200000151991844,0.032999999821186066,1364800,0.0,0.0
2021-01-07 00:00:00+08:00,0.03200000151991844,0.03200000151991844,0.03200000151991844,0.03200000151991844,1250000,0.0,0.0
2021-01-08 00:00:00+08:00,0.03200000151991844,0.03200000151991844,0.03200000151991844,0.03200000151991844,400000,0.0,0.0
2021-01-11 00:00:00+08:00,0.03200000151991844,0.032999999821186066,0.03200000151991844,0.032999999821186066,1546400,0.0,0.0
2021-01-12 00:00:00+08:00,0.03200000151991844,0.03200000151991844,0.03200000151991844,0.03200000151991844,250000,0.0,0.0
2021-01-13 00:00:00+08:00,0.032999999821186066,0.03400000184774399,0.032999999821186066,0.03400000184774399,5455800,0.0,0.0
2021-01-14 00:00:00+08:00,0.03400000184774399,0.03500000014901161,0.032999999821186066,0.03500000014901161,821500,0.0,0.0
2021-01-15 00:00:00+08:00,0.03500000014901161,0.035999998450279236,0.03400000184774399,0.03400000184774399,6589800,0.0,0.0
2021-01-18 00:00:00+08:00,0.03400000184774399,0.03400000184774399,0.032999999821186066,0.03400000184774399,931000,0.0,0.0
2021-01-19 00:00:00+08:00,0.03400000184774399,0.03799999877810478,0.03400000184774399,0.035999998450279236,18439900,0.0,0.0
2021-01-20 00:00:00+08:00,0.035999998450279236,0.035999998450279236,0.03500000014901161,0.03500000014901161,1400000,0.0,0.0
2021-01-21 00:00:00+08:00,0.035999998450279236,0.035999998450279236,0.03500000014901161,0.03500000014901161,2160200,0.0,0.0
2021-01-22 00:00:00+08:00,0.03400000184774399,0.03500000014901161,0.03400000184774399,0.03500000014901161,345000,0.0,0.0
2021-01-25 00:00:00+08:00,0.03500000014901161,0.035999998450279236,0.03400000184774399,0.03400000184774399,3979000,0.0,0.0
2021-01-26 00:00:00+08:00,0.035999998450279236,0.03700000047683716,0.03500000014901161,0.035999998450279236,3315400,0.0,0.0
2021-01-27 00:00:00+08:00,0.035999998450279236,0.035999998450279236,0.03500000014901161,0.035999998450279236,3598000,0.0,0.0
2021-01-28 00:00:00+08:00,0.035999998450279236,0.039000000804662704,0.03500000014901161,0.035999998450279236,3865000,0.0,0.0
2021-01-29 00:00:00+08:00,0.035999998450279236,0.03700000047683716,0.03500000014901161,0.03500000014901161,1578900,0.0,0.0
2021-02-01 00:00:00+08:00,0.03500000014901161,0.035999998450279236,0.03400000184774399,0.035999998450279236,339800,0.0,0.0
2021-02-02 00:00:00+08:00,0.03400000184774399,0.03500000014901161,0.03400000184774399,0.03400000184774399,450000,0.0,0.0
2021-02-03 00:00:00+08:00,0.03400000184774399,0.03400000184774399,0.03400000184774399,0.03400000184774399,100000,0.0,0.0
2021-02-04 00:00:00+08:00,0.032999999821186066,0.03400000184774399,0.032999999821186066,0.03400000184774399,859000,0.0,0.0
2021-02-05 00:00:00+08:00,0.03400000184774399,0.035999998450279236,0.03400000184774399,0.035999998450279236,1201000,0.0,0.0
2021-02-08 00:00:00+08:00,0.03500000014901161,0.03500000014901161,0.03400000184774399,0.03400000184774399,198000,0.0,0.0
2021-02-09 00:00:00+08:00,0.03400000184774399,0.03400000184774399,0.03400000184774399,0.03400000184774399,0,0.0,0.0
2021-02-10 00:00:00+08:00,0.03400000184774399,0.03400000184774399,0.03400000184774399,0.03400000184774399,180000,0.0,0.0
2021-02-11 00:00:00+08:00,0.03400000184774399,0.03400000184774399,0.03400000184774399,0.03400000184774399,240000,0.0,0.0
2021-02-15 00:00:00+08:00,0.03500000014901161,0.03500000014901161,0.03400000184774399,0.03400000184774399,106000,0.0,0.0
2021-02-16 00:00:00+08:00,0.03500000014901161,0.03700000047683716,0.03500000014901161,0.035999998450279236,1601200,0.0,0.0
2021-02-17 00:00:00+08:00,0.035999998450279236,0.035999998450279236,0.035999998450279236,0.035999998450279236,1095400,0.0,0.0
2021-02-18 00:00:00+08:00,0.035999998450279236,0.035999998450279236,0.035999998450279236,0.035999998450279236,103000,0.0,0.0
2021-02-19 00:00:00+08:00,0.035999998450279236,0.035999998450279236,0.03500000014901161,0.03500000014901161,1062000,0.0,0.0
2021-02-22 00:00:00+08:00,0.03500000014901161,0.035999998450279236,0.03500000014901161,0.035999998450279236,767000,0.0,0.0
2021-02-23 00:00:00+08:00,0.035999998450279236,0.035999998450279236,0.035999998450279236,0.035999998450279236,300000,0.0,0.0
2021-02-24 00:00:00+08:00,0.03500000014901161,0.035999998450279236,0.03400000184774399,0.03400000184774399,565400,0.0,0.0
2021-02-25 00:00:00+08:00,0.03500000014901161,0.03500000014901161,0.03500000014901161,0.03500000014901161,100000,0.0,0.0
2021-02-26 00:00:00+08:00,0.035999998450279236,0.035999998450279236,0.035999998450279236,0.035999998450279236,250000,0.0,0.0
2021-03-01 00:00:00+08:00,0.03500000014901161,0.035999998450279236,0.03500000014901161,0.035999998450279236,400000,0.0,0.0
2021-03-02 00:00:00+08:00,0.035999998450279236,0.035999998450279236,0.03500000014901161,0.035999998450279236,867000,0.0,0.0
2021-03-03 00:00:00+08:00,0.03500000014901161,0.03500000014901161,0.03400000184774399,0.03500000014901161,450000,0.0,0.0
2021-03-04 00:00:00+08:00,0.03500000014901161,0.03500000014901161,0.03500000014901161,0.03500000014901161,400000,0.0,0.0
2021-03-05 00:00:00+08:00,0.03500000014901161,0.03500000014901161,0.03400000184774399,0.03500000014901161,529300,0.0,0.0
2021-03-08 00:00:00+08:00,0.03500000014901161,0.035999998450279236,0.03500000014901161,0.03500000014901161,284000,0.0,0.0
2021-03-09 00:00:00+08:00,0.03500000014901161,0.035999998450279236,0.03400000184774399,0.03400000184774399,461300,0.0,0.0
2021-03-10 00:00:00+08:00,0.03400000184774399,0.03400000184774399,0.03400000184774399,0.03400000184774399,0,0.0,0.0
2021-03-11 00:00:00+08:00,0.03400000184774399,0.03500000014901161,0.03400000184774399,0.03500000014901161,104700,0.0,0.0
2021-03-12 00:00:00+08:00,0.03500000014901161,0.035999998450279236,0.03500000014901161,0.035999998450279236,1236400,0.0,0.0
2021-03-15 00:00:00+08:00,0.035999998450279236,0.035999998450279236,0.035999998450279236,0.035999998450279236,0,0.0,0.0
2021-03-16 00:00:00+08:00,0.03400000184774399,0.03500000014901161,0.03400000184774399,0.03500000014901161,1902100,0.0,0.0
2021-03-17 00:00:00+08:00,0.03400000184774399,0.03400000184774399,0.032999999821186066,0.032999999821186066,577900,0.0,0.0
2021-03-18 00:00:00+08:00,0.032999999821186066,0.035999998450279236,0.032999999821186066,0.03500000014901161,2190100,0.0,0.0
2021-03-19 00:00:00+08:00,0.035999998450279236,0.03999999910593033,0.035999998450279236,0.03700000047683716,32801000,0.0,0.0
2021-03-22 00:00:00+08:00,0.03700000047683716,0.03799999877810478,0.035999998450279236,0.03700000047683716,4181500,0.0,0.0
2021-03-23 00:00:00+08:00,0.035999998450279236,0.035999998450279236,0.035999998450279236,0.035999998450279236,1507600,0.0,0.0
2021-03-24 00:00:00+08:00,0.035999998450279236,0.03700000047683716,0.03500000014901161,0.035999998450279236,1136000,0.0,0.0
2021-03-25 00:00:00+08:00,0.035999998450279236,0.035999998450279236,0.03500000014901161,0.03500000014901161,2496000,0.0,0.0
2021-03-26 00:00:00+08:00,0.035999998450279236,0.03700000047683716,0.03500000014901161,0.03500000014901161,2117300,0.0,0.0
2021-03-29 00:00:00+08:00,0.03500000014901161,0.035999998450279236,0.03500000014901161,0.035999998450279236,1925000,0.0,0.0
2021-03-30 00:00:00+08:00,0.03500000014901161,0.035999998450279236,0.03500000014901161,0.03500000014901161,855700,0.0,0.0
2021-03-31 00:00:00+08:00,0.03500000014901161,0.03500000014901161,0.03500000014901161,0.03500000014901161,118400,0.0,0.0
2021-04-01 00:00:00+08:00,0.03500000014901161,0.03500000014901161,0.03500000014901161,0.03500000014901161,1000000,0.0,0.0
2021-04-05 00:00:00+08:00,0.03500000014901161,0.03500000014901161,0.03500000014901161,0.03500000014901161,326000,0.0,0.0
2021-04-06 00:00:00+08:00,0.035999998450279236,0.03700000047683716,0.035999998450279236,0.03700000047683716,3281000,0.0,0.0
2021-04-07 00:00:00+08:00,0.03700000047683716,0.03700000047683716,0.03700000047683716,0.03700000047683716,80000,0.0,0.0
2021-04-08 00:00:00+08:00,0.03700000047683716,0.03700000047683716,0.035999998450279236,0.035999998450279236,878800,0.0,0.0
2021-04-09 00:00:00+08:00,0.035999998450279236,0.035999998450279236,0.035999998450279236,0.035999998450279236,297300,0.0,0.0
2021-04-12 00:00:00+08:00,0.035999998450279236,0.035999998450279236,0.03500000014901161,0.035999998450279236,1139400,0.0,0.0
2021-04-13 00:00:00+08:00,0.03500000014901161,0.03500000014901161,0.03500000014901161,0.03500000014901161,655000,0.0,0.0
2021-04-14 00:00:00+08:00,0.03500000014901161,0.03500000014901161,0.03500000014901161,0.03500000014901161,152500,0.0,0.0
2021-04-15 00:00:00+08:00,0.035999998450279236,0.035999998450279236,0.035999998450279236,0.035999998450279236,223000,0.0,0.0
2021-04-16 00:00:00+08:00,0.035999998450279236,0.035999998450279236,0.035999998450279236,0.035999998450279236,0,0.0,0.0
2021-04-19 00:00:00+08:00,0.03500000014901161,0.03500000014901161,0.03500000014901161,0.03500000014901161,1200000,0.0,0.0
2021-04-20 00:00:00+08:00,0.03500000014901161,0.03500000014901161,0.03500000014901161,0.03500000014901161,0,0.0,0.0
2021-04-21 00:00:00+08:00,0.03500000014901161,0.03500000014901161,0.03500000014901161,0.03500000014901161,502000,0.0,0.0
2021-04-22 00:00:00+08:00,0.03500000014901161,0.03500000014901161,0.03500000014901161,0.03500000014901161,100000,0.0,0.0
2021-04-23 00:00:00+08:00,0.03400000184774399,0.03400000184774399,0.03400000184774399,0.03400000184774399,16000,0.0,0.0
2021-04-26 00:00:00+08:00,0.03400000184774399,0.03400000184774399,0.03400000184774399,0.03400000184774399,0,0.0,0.0
2021-04-27 00:00:00+08:00,0.03400000184774399,0.03400000184774399,0.03400000184774399,0.03400000184774399,0,0.0,0.0
2021-04-28 00:00:00+08:00,0.03400000184774399,0.03400000184774399,0.03400000184774399,0.03400000184774399,0,0.0,0.0
2021-04-29 00:00:00+08:00,0.03400000184774399,0.03400000184774399,0.03400000184774399,0.03400000184774399,0,0.0,0.0
2021-04-30 00:00:00+08:00,0.03400000184774399,0.03400000184774399,0.03400000184774399,0.03400000184774399,30500,0.0,0.0
2021-05-03 00:00:00+08:00,0.03500000014901161,0.03500000014901161,0.03400000184774399,0.03500000014901161,1080000,0.0,0.0
2021-05-04 00:00:00+08:00,0.03500000014901161,0.03500000014901161,0.03500000014901161,0.03500000014901161,0,0.0,0.0
2021-05-05 00:00:00+08:00,0.03500000014901161,0.03500000014901161,0.03500000014901161,0.03500000014901161,0,0.0,0.0
2021-05-06 00:00:00+08:00,0.03500000014901161,0.03500000014901161,0.03500000014901161,0.03500000014901161,200000,0.0,0.0
2021-05-07 00:00:00+08:00,0.03500000014901161,0.03500000014901161,0.03500000014901161,0.03500000014901161,0,0.0,0.0
2021-05-10 00:00:00+08:00,0.03500000014901161,0.03500000014901161,0.03400000184774399,0.03500000014901161,208000,0.0,0.0
2021-05-11 00:00:00+08:00,0.03500000014901161,0.03500000014901161,0.03500000014901161,0.03500000014901161,0,0.0,0.0
2021-05-12 00:00:00+08:00,0.03400000184774399,0.03400000184774399,0.03400000184774399,0.03400000184774399,300000,0.0,0.0
2021-05-14 00:00:00+08:00,0.032999999821186066,0.032999999821186066,0.032999999821186066,0.032999999821186066,480000,0.0,0.0
2021-05-17 00:00:00+08:00,0.032999999821186066,0.032999999821186066,0.03200000151991844,0.03200000151991844,299000,0.0,0.0
2021-05-18 00:00:00+08:00,0.032999999821186066,0.032999999821186066,0.032999999821186066,0.032999999821186066,100000,0.0,0.0
2021-05-19 00:00:00+08:00,0.032999999821186066,0.032999999821186066,0.032999999821186066,0.032999999821186066,0,0.0,0.0
2021-05-20 00:00:00+08:00,0.032999999821186066,0.032999999821186066,0.032999999821186066,0.032999999821186066,0,0.0,0.0
2021-05-21 00:00:00+08:00,0.032999999821186066,0.032999999821186066,0.032999999821186066,0.032999999821186066,300000,0.0,0.0
2021-05-24 00:00:00+08:00,0.03200000151991844,0.03200000151991844,0.03200000151991844,0.03200000151991844,51000,0.0,0.0
2021-05-25 00:00:00+08:00,0.03200000151991844,0.03200000151991844,0.03200000151991844,0.03200000151991844,0,0.0,0.0
2021-05-27 00:00:00+08:00,0.03200000151991844,0.03200000151991844,0.03200000151991844,0.03200000151991844,4000,0.0,0.0
2021-05-28 00:00:00+08:00,0.03400000184774399,0.03400000184774399,0.032999999821186066,0.032999999821186066,78100,0.0,0.0
2021-05-31 00:00:00+08:00,0.032999999821186066,0.03500000014901161,0.032999999821186066,0.03500000014901161,1473000,0.0,0.0
2021-06-01 00:00:00+08:00,0.035999998450279236,0.03799999877810478,0.035999998450279236,0.03700000047683716,5874000,0.0,0.0
2021-06-02 00:00:00+08:00,0.035999998450279236,0.035999998450279236,0.035999998450279236,0.035999998450279236,821000,0.0,0.0
2021-06-03 00:00:00+08:00,0.035999998450279236,0.035999998450279236,0.03500000014901161,0.03500000014901161,799900,0.0,0.0
2021-06-04 00:00:00+08:00,0.03500000014901161,0.03500000014901161,0.03500000014901161,0.03500000014901161,495600,0.0,0.0
2021-06-07 00:00:00+08:00,0.03500000014901161,0.03799999877810478,0.03500000014901161,0.035999998450279236,8662000,0.0,0.0
2021-06-08 00:00:00+08:00,0.03700000047683716,0.03999999910593033,0.035999998450279236,0.03700000047683716,8869900,0.0,0.0
2021-06-09 00:00:00+08:00,0.035999998450279236,0.041999999433755875,0.035999998450279236,0.04100000113248825,46687500,0.0,0.0
2021-06-10 00:00:00+08:00,0.04500000178813934,0.04600000008940697,0.039000000804662704,0.04100000113248825,43395700,0.0,0.0
2021-06-11 00:00:00+08:00,0.04100000113248825,0.04100000113248825,0.03799999877810478,0.039000000804662704,4850400,0.0,0.0
2021-06-14 00:00:00+08:00,0.03999999910593033,0.03999999910593033,0.039000000804662704,0.03999999910593033,5308300,0.0,0.0
2021-06-15 00:00:00+08:00,0.039000000804662704,0.03999999910593033,0.039000000804662704,0.039000000804662704,1490000,0.0,0.0
2021-06-16 00:00:00+08:00,0.039000000804662704,0.039000000804662704,0.03700000047683716,0.03799999877810478,6815700,0.0,0.0
2021-06-17 00:00:00+08:00,0.03700000047683716,0.03799999877810478,0.03700000047683716,0.03700000047683716,2060300,0.0,0.0
2021-06-18 00:00:00+08:00,0.03700000047683716,0.03700000047683716,0.03700000047683716,0.03700000047683716,100000,0.0,0.0
2021-06-21 00:00:00+08:00,0.03700000047683716,0.03700000047683716,0.035999998450279236,0.03700000047683716,1446400,0.0,0.0
2021-06-22 00:00:00+08:00,0.03700000047683716,0.03700000047683716,0.035999998450279236,0.035999998450279236,793100,0.0,0.0
2021-06-23 00:00:00+08:00,0.035999998450279236,0.039000000804662704,0.035999998450279236,0.03700000047683716,2760500,0.0,0.0
2021-06-24 00:00:00+08:00,0.03799999877810478,0.03799999877810478,0.03700000047683716,0.03700000047683716,560000,0.0,0.0
2021-06-25 00:00:00+08:00,0.03700000047683716,0.03700000047683716,0.035999998450279236,0.03700000047683716,1596400,0.0,0.0
2021-06-28 00:00:00+08:00,0.03700000047683716,0.03799999877810478,0.03700000047683716,0.03799999877810478,508200,0.0,0.0
2021-06-29 00:00:00+08:00,0.03700000047683716,0.03799999877810478,0.03700000047683716,0.03799999877810478,427000,0.0,0.0
2021-06-30 00:00:00+08:00,0.03700000047683716,0.03700000047683716,0.035999998450279236,0.035999998450279236,612900,0.0,0.0
2021-07-01 00:00:00+08:00,0.03700000047683716,0.03799999877810478,0.03700000047683716,0.03799999877810478,262500,0.0,0.0
2021-07-02 00:00:00+08:00,0.03700000047683716,0.03700000047683716,0.03700000047683716,0.03700000047683716,101300,0.0,0.0
2021-07-05 00:00:00+08:00,0.03700000047683716,0.03700000047683716,0.035999998450279236,0.03700000047683716,1488000,0.0,0.0
2021-07-06 00:00:00+08:00,0.03700000047683716,0.03700000047683716,0.03700000047683716,0.03700000047683716,308500,0.0,0.0
2021-07-07 00:00:00+08:00,0.03700000047683716,0.03700000047683716,0.03700000047683716,0.03700000047683716,200000,0.0,0.0
2021-07-08 00:00:00+08:00,0.03700000047683716,0.03700000047683716,0.03700000047683716,0.03700000047683716,300000,0.0,0.0
2021-07-09 00:00:00+08:00,0.03700000047683716,0.03700000047683716,0.03700000047683716,0.03700000047683716,0,0.0,0.0
2021-07-12 00:00:00+08:00,0.03700000047683716,0.03700000047683716,0.035999998450279236,0.035999998450279236,152000,0.0,0.0
2021-07-13 00:00:00+08:00,0.035999998450279236,0.035999998450279236,0.035999998450279236,0.035999998450279236,16000,0.0,0.0
2021-07-14 00:00:00+08:00,0.03700000047683716,0.03799999877810478,0.03700000047683716,0.03799999877810478,869700,0.0,0.0
2021-07-15 00:00:00+08:00,0.03799999877810478,0.04399999976158142,0.03799999877810478,0.039000000804662704,30612900,0.0,0.0
2021-07-16 00:00:00+08:00,0.03799999877810478,0.039000000804662704,0.03799999877810478,0.039000000804662704,1524000,0.0,0.0
2021-07-19 00:00:00+08:00,0.03700000047683716,0.03799999877810478,0.03700000047683716,0.03700000047683716,780000,0.0,0.0
2021-07-21 00:00:00+08:00,0.03799999877810478,0.03799999877810478,0.03700000047683716,0.03700000047683716,1550000,0.0,0.0
2021-07-22 00:00:00+08:00,0.03700000047683716,0.03799999877810478,0.03700000047683716,0.03700000047683716,4070000,0.0,0.0
2021-07-23 00:00:00+08:00,0.03799999877810478,0.03799999877810478,0.03700000047683716,0.03700000047683716,1370000,0.0,0.0
2021-07-26 00:00:00+08:00,0.03799999877810478,0.039000000804662704,0.03700000047683716,0.039000000804662704,1258000,0.0,0.0
2021-07-27 00:00:00+08:00,0.03799999877810478,0.041999999433755875,0.03799999877810478,0.03799999877810478,11994200,0.0,0.0
2021-07-28 00:00:00+08:00,0.03799999877810478,0.03799999877810478,0.03700000047683716,0.03799999877810478,1250300,0.0,0.0
2021-07-29 00:00:00+08:00,0.03799999877810478,0.03799999877810478,0.03799999877810478,0.03799999877810478,968800,0.0,0.0
2021-07-30 00:00:00+08:00,0.03799999877810478,0.03799999877810478,0.03700000047683716,0.03700000047683716,415100,0.0,0.0
2021-08-02 00:00:00+08:00,0.03799999877810478,0.03799999877810478,0.03700000047683716,0.03700000047683716,1565500,0.0,0.0
2021-08-03 00:00:00+08:00,0.03700000047683716,0.03799999877810478,0.03700000047683716,0.03700000047683716,917800,0.0,0.0
2021-08-04 00:00:00+08:00,0.035999998450279236,0.03700000047683716,0.035999998450279236,0.035999998450279236,867100,0.0,0.0
2021-08-05 00:00:00+08:00,0.03700000047683716,0.03799999877810478,0.03700000047683716,0.03799999877810478,670500,0.0,0.0
2021-08-06 00:00:00+08:00,0.03700000047683716,0.03700000047683716,0.03700000047683716,0.03700000047683716,245000,0.0,0.0
2021-08-10 00:00:00+08:00,0.03700000047683716,0.03700000047683716,0.035999998450279236,0.03700000047683716,776900,0.0,0.0
2021-08-11 00:00:00+08:00,0.03700000047683716,0.03700000047683716,0.035999998450279236,0.035999998450279236,349900,0.0,0.0
2021-08-12 00:00:00+08:00,0.03700000047683716,0.03700000047683716,0.03700000047683716,0.03700000047683716,180000,0.0,0.0
2021-08-13 00:00:00+08:00,0.03700000047683716,0.03700000047683716,0.03700000047683716,0.03700000047683716,516500,0.0,0.0
2021-08-16 00:00:00+08:00,0.035999998450279236,0.035999998450279236,0.035999998450279236,0.035999998450279236,540000,0.0,0.0
2021-08-17 00:00:00+08:00,0.035999998450279236,0.035999998450279236,0.035999998450279236,0.035999998450279236,986000,0.0,0.0
2021-08-18 00:00:00+08:00,0.035999998450279236,0.035999998450279236,0.035999998450279236,0.035999998450279236,450000,0.0,0.0
2021-08-19 00:00:00+08:00,0.035999998450279236,0.035999998450279236,0.035999998450279236,0.035999998450279236,300000,0.0,0.0
2021-08-20 00:00:00+08:00,0.035999998450279236,0.035999998450279236,0.035999998450279236,0.035999998450279236,0,0.0,0.0
2021-08-23 00:00:00+08:00,0.03500000014901161,0.035999998450279236,0.03500000014901161,0.035999998450279236,45000,0.0,0.0
2021-08-24 00:00:00+08:00,0.03500000014901161,0.03500000014901161,0.03500000014901161,0.03500000014901161,112000,0.0,0.0
2021-08-25 00:00:00+08:00,0.03500000014901161,0.03500000014901161,0.03500000014901161,0.03500000014901161,0,0.0,0.0
2021-08-26 00:00:00+08:00,0.03500000014901161,0.03500000014901161,0.03500000014901161,0.03500000014901161,0,0.0,0.0
2021-08-27 00:00:00+08:00,0.03500000014901161,0.03700000047683716,0.03500000014901161,0.035999998450279236,320000,0.0,0.0
2021-08-30 00:00:00+08:00,0.035999998450279236,0.035999998450279236,0.035999998450279236,0.035999998450279236,0,0.0,0.0
2021-08-31 00:00:00+08:00,0.03500000014901161,0.03500000014901161,0.03500000014901161,0.03500000014901161,590500,0.0,0.0
2021-09-01 00:00:00+08:00,0.03500000014901161,0.03500000014901161,0.03500000014901161,0.03500000014901161,300000,0.0,0.0
2021-09-02 00:00:00+08:00,0.03500000014901161,0.035999998450279236,0.03500000014901161,0.035999998450279236,1529100,0.0,0.0
2021-09-03 00:00:00+08:00,0.03700000047683716,0.03799999877810478,0.03700000047683716,0.03799999877810478,1388300,0.0,0.0
2021-09-06 00:00:00+08:00,0.03799999877810478,0.039000000804662704,0.03700000047683716,0.03700000047683716,1730800,0.0,0.0
2021-09-07 00:00:00+08:00,0.03799999877810478,0.039000000804662704,0.03799999877810478,0.03799999877810478,1450000,0.0,0.0
2021-09-08 00:00:00+08:00,0.03799999877810478,0.03799999877810478,0.03700000047683716,0.03700000047683716,1251100,0.0,0.0
2021-09-09 00:00:00+08:00,0.03099999949336052,0.03400000184774399,0.029999999329447746,0.03099999949336052,17270600,0.0,0.0
2021-09-10 00:00:00+08:00,0.03099999949336052,0.03099999949336052,0.029999999329447746,0.03099999949336052,520000,0.0,0.0
2021-09-13 00:00:00+08:00,0.029999999329447746,0.03099999949336052,0.029999999329447746,0.03099999949336052,1207000,0.0,0.0
2021-09-14 00:00:00+08:00,0.03099999949336052,0.03099999949336052,0.029999999329447746,0.03099999949336052,1869000,0.0,0.0
2021-09-15 00:00:00+08:00,0.029999999329447746,0.029999999329447746,0.028999999165534973,0.029999999329447746,1492000,0.0,0.0
2021-09-16 00:00:00+08:00,0.029999999329447746,0.029999999329447746,0.029999999329447746,0.029999999329447746,583800,0.0,0.0
2021-09-17 00:00:00+08:00,0.029999999329447746,0.03099999949336052,0.029999999329447746,0.03099999949336052,300100,0.0,0.0
2021-09-20 00:00:00+08:00,0.029999999329447746,0.029999999329447746,0.029999999329447746,0.029999999329447746,615800,0.0,0.0
2021-09-21 00:00:00+08:00,0.03200000151991844,0.03700000047683716,0.03099999949336052,0.03200000151991844,13778400,0.0,0.0
2021-09-22 00:00:00+08:00,0.03200000151991844,0.032999999821186066,0.03099999949336052,0.03200000151991844,620900,0.0,0.0
2021-09-23 00:00:00+08:00,0.03099999949336052,0.03099999949336052,0.029999999329447746,0.029999999329447746,1090800,0.0,0.0
2021-09-24 00:00:00+08:00,0.029999999329447746,0.03099999949336052,0.029999999329447746,0.029999999329447746,651300,0.0,0.0
2021-09-27 00:00:00+08:00,0.03099999949336052,0.03099999949336052,0.028999999165534973,0.029999999329447746,3919600,0.0,0.0
2021-09-28 00:00:00+08:00,0.029999999329447746,0.029999999329447746,0.028999999165534973,0.029999999329447746,836000,0.0,0.0
2021-09-29 00:00:00+08:00,0.029999999329447746,0.03099999949336052,0.028999999165534973,0.028999999165534973,765000,0.0,0.0
2021-09-30 00:00:00+08:00,0.028999999165534973,0.028999999165534973,0.028999999165534973,0.028999999165534973,821000,0.0,0.0
2021-10-01 00:00:00+08:00,0.028999999165534973,0.029999999329447746,0.028999999165534973,0.029999999329447746,1537600,0.0,0.0
2021-10-04 00:00:00+08:00,0.029999999329447746,0.029999999329447746,0.029999999329447746,0.029999999329447746,120000,0.0,0.0
2021-10-05 00:00:00+08:00,0.028999999165534973,0.028999999165534973,0.028999999165534973,0.028999999165534973,29700,0.0,0.0
2021-10-06 00:00:00+08:00,0.028999999165534973,0.028999999165534973,0.028999999165534973,0.028999999165534973,597000,0.0,0.0
2021-10-07 00:00:00+08:00,0.028999999165534973,0.03099999949336052,0.028999999165534973,0.03099999949336052,1696500,0.0,0.0
2021-10-08 00:00:00+08:00,0.03099999949336052,0.03099999949336052,0.03099999949336052,0.03099999949336052,1166000,0.0,0.0
2021-10-11 00:00:00+08:00,0.029999999329447746,0.029999999329447746,0.029999999329447746,0.029999999329447746,539100,0.0,0.0
2021-10-12 00:00:00+08:00,0.029999999329447746,0.029999999329447746,0.029999999329447746,0.029999999329447746,284300,0.0,0.0
2021-10-13 00:00:00+08:00,0.028999999165534973,0.029999999329447746,0.028999999165534973,0.029999999329447746,1100200,0.0,0.0
2021-10-14 00:00:00+08:00,0.029999999329447746,0.03099999949336052,0.029999999329447746,0.03099999949336052,305000,0.0,0.0
2021-10-15 00:00:00+08:00,0.03099999949336052,0.03200000151991844,0.03099999949336052,0.03200000151991844,2398300,0.0,0.0
2021-10-18 00:00:00+08:00,0.03099999949336052,0.03099999949336052,0.03099999949336052,0.03099999949336052,1200000,0.0,0.0
2021-10-19 00:00:00+08:00,0.029999999329447746,0.03200000151991844,0.029999999329447746,0.03099999949336052,12554700,0.0,0.0
2021-10-20 00:00:00+08:00,0.029999999329447746,0.029999999329447746,0.028999999165534973,0.029999999329447746,2604400,0.0,0.0
2021-10-21 00:00:00+08:00,0.028999999165534973,0.028999999165534973,0.028999999165534973,0.028999999165534973,2981700,0.0,0.0
2021-10-22 00:00:00+08:00,0.028999999165534973,0.029999999329447746,0.028999999165534973,0.029999999329447746,2174900,0.0,0.0
2021-10-25 00:00:00+08:00,0.029999999329447746,0.029999999329447746,0.02800000086426735,0.02800000086426735,1351100,0.0,0.0
2021-10-26 00:00:00+08:00,0.02800000086426735,0.028999999165534973,0.02800000086426735,0.028999999165534973,1428100,0.0,0.0
2021-10-27 00:00:00+08:00,0.028999999165534973,0.028999999165534973,0.02800000086426735,0.02800000086426735,1205600,0.0,0.0
2021-10-28 00:00:00+08:00,0.02800000086426735,0.02800000086426735,0.02800000086426735,0.02800000086426735,2346000,0.0,0.0
2021-10-29 00:00:00+08:00,0.02800000086426735,0.02800000086426735,0.02800000086426735,0.02800000086426735,1122000,0.0,0.0
2021-11-01 00:00:00+08:00,0.027000000700354576,0.02800000086426735,0.027000000700354576,0.02800000086426735,5152600,0.0,0.0
2021-11-02 00:00:00+08:00,0.027000000700354576,0.027000000700354576,0.027000000700354576,0.027000000700354576,2003500,0.0,0.0
2021-11-03 00:00:00+08:00,0.027000000700354576,0.027000000700354576,0.026000000536441803,0.027000000700354576,1802100,0.0,0.0
2021-11-05 00:00:00+08:00,0.027000000700354576,0.027000000700354576,0.027000000700354576,0.027000000700354576,0,0.0,0.0
2021-11-08 00:00:00+08:00,0.027000000700354576,0.027000000700354576,0.026000000536441803,0.026000000536441803,1298300,0.0,0.0
2021-11-09 00:00:00+08:00,0.026000000536441803,0.026000000536441803,0.02500000037252903,0.02500000037252903,1650700,0.0,0.0
2021-11-10 00:00:00+08:00,0.02500000037252903,0.026000000536441803,0.02500000037252903,0.026000000536441803,560200,0.0,0.0
2021-11-11 00:00:00+08:00,0.026000000536441803,0.026000000536441803,0.026000000536441803,0.026000000536441803,280000,0.0,0.0
2021-11-12 00:00:00+08:00,0.026000000536441803,0.026000000536441803,0.026000000536441803,0.026000000536441803,349700,0.0,0.0
2021-11-15 00:00:00+08:00,0.026000000536441803,0.026000000536441803,0.026000000536441803,0.026000000536441803,598100,0.0,0.0
2021-11-16 00:00:00+08:00,0.026000000536441803,0.026000000536441803,0.026000000536441803,0.026000000536441803,0,0.0,0.0
2021-11-17 00:00:00+08:00,0.026000000536441803,0.026000000536441803,0.026000000536441803,0.026000000536441803,210600,0.0,0.0
2021-11-18 00:00:00+08:00,0.026000000536441803,0.026000000536441803,0.02500000037252903,0.02500000037252903,380600,0.0,0.0
2021-11-19 00:00:00+08:00,0.02500000037252903,0.02500000037252903,0.02500000037252903,0.02500000037252903,0,0.0,0.0
2021-11-22 00:00:00+08:00,0.02500000037252903,0.02500000037252903,0.02500000037252903,0.02500000037252903,0,0.0,0.0
2021-11-23 00:00:00+08:00,0.02500000037252903,0.026000000536441803,0.02500000037252903,0.026000000536441803,30100,0.0,0.0
2021-11-24 00:00:00+08:00,0.02500000037252903,0.026000000536441803,0.02500000037252903,0.026000000536441803,110100,0.0,0.0
2021-11-25 00:00:00+08:00,0.026000000536441803,0.026000000536441803,0.026000000536441803,0.026000000536441803,0,0.0,0.0
2021-11-26 00:00:00+08:00,0.02500000037252903,0.02500000037252903,0.02500000037252903,0.02500000037252903,300800,0.0,0.0
2021-11-29 00:00:00+08:00,0.02500000037252903,0.027000000700354576,0.02500000037252903,0.02500000037252903,370800,0.0,0.0
2021-11-30 00:00:00+08:00,0.02500000037252903,0.02500000037252903,0.02500000037252903,0.02500000037252903,244300,0.0,0.0
2021-12-01 00:00:00+08:00,0.024000000208616257,0.02500000037252903,0.024000000208616257,0.02500000037252903,312100,0.0,0.0
2021-12-02 00:00:00+08:00,0.02500000037252903,0.02500000037252903,0.02500000037252903,0.02500000037252903,0,0.0,0.0
2021-12-03 00:00:00+08:00,0.024000000208616257,0.026000000536441803,0.023000000044703484,0.026000000536441803,860100,0.0,0.0
2021-12-06 00:00:00+08:00,0.024000000208616257,0.024000000208616257,0.024000000208616257,0.024000000208616257,10000,0.0,0.0
2021-12-07 00:00:00+08:00,0.024000000208616257,0.02500000037252903,0.024000000208616257,0.024000000208616257,250000,0.0,0.0
2021-12-08 00:00:00+08:00,0.024000000208616257,0.026000000536441803,0.024000000208616257,0.024000000208616257,324100,0.0,0.0
2021-12-09 00:00:00+08:00,0.024000000208616257,0.02500000037252903,0.024000000208616257,0.02500000037252903,4900,0.0,0.0
2021-12-10 00:00:00+08:00,0.024000000208616257,0.024000000208616257,0.024000000208616257,0.024000000208616257,95800,0.0,0.0
2021-12-13 00:00:00+08:00,0.024000000208616257,0.027000000700354576,0.02199999988079071,0.027000000700354576,2085100,0.0,0.0
2021-12-14 00:00:00+08:00,0.024000000208616257,0.02500000037252903,0.024000000208616257,0.024000000208616257,1309700,0.0,0.0
2021-12-15 00:00:00+08:00,0.023000000044703484,0.02500000037252903,0.02199999988079071,0.02500000037252903,538100,0.0,0.0
2021-12-16 00:00:00+08:00,0.023000000044703484,0.023000000044703484,0.023000000044703484,0.023000000044703484,254800,0.0,0.0
2021-12-17 00:00:00+08:00,0.023000000044703484,0.023000000044703484,0.023000000044703484,0.023000000044703484,152500,0.0,0.0
2021-12-20 00:00:00+08:00,0.023000000044703484,0.023000000044703484,0.02199999988079071,0.02199999988079071,400500,0.0,0.0
2021-12-21 00:00:00+08:00,0.02199999988079071,0.02199999988079071,0.02199999988079071,0.02199999988079071,360000,0.0,0.0
2021-12-22 00:00:00+08:00,0.023000000044703484,0.023000000044703484,0.02199999988079071,0.02199999988079071,2025000,0.0,0.0
2021-12-23 00:00:00+08:00,0.02199999988079071,0.023000000044703484,0.02199999988079071,0.023000000044703484,53900,0.0,0.0
2021-12-24 00:00:00+08:00,0.023000000044703484,0.023000000044703484,0.023000000044703484,0.023000000044703484,0,0.0,0.0
2021-12-27 00:00:00+08:00,0.023000000044703484,0.023000000044703484,0.023000000044703484,0.023000000044703484,404400,0.0,0.0
2021-12-28 00:00:00+08:00,0.023000000044703484,0.023000000044703484,0.023000000044703484,0.023000000044703484,307600,0.0,0.0
2021-12-29 00:00:00+08:00,0.023000000044703484,0.023000000044703484,0.02199999988079071,0.023000000044703484,1701000,0.0,0.0
2021-12-30 00:00:00+08:00,0.023000000044703484,0.023000000044703484,0.02199999988079071,0.023000000044703484,1900000,0.0,0.0
2021-12-31 00:00:00+08:00,0.023000000044703484,0.023000000044703484,0.02199999988079071,0.02199999988079071,1338000,0.0,0.0
2022-01-03 00:00:00+08:00,0.023000000044703484,0.023000000044703484,0.02199999988079071,0.02199999988079071,520700,0.0,0.0
2022-01-04 00:00:00+08:00,0.020999999716877937,0.02199999988079071,0.020999999716877937,0.020999999716877937,766000,0.0,0.0
2022-01-05 00:00:00+08:00,0.02199999988079071,0.02199999988079071,0.020999999716877937,0.020999999716877937,455000,0.0,0.0
2022-01-06 00:00:00+08:00,0.02199999988079071,0.023000000044703484,0.020999999716877937,0.020999999716877937,873200,0.0,0.0
2022-01-07 00:00:00+08:00,0.020999999716877937,0.020999999716877937,0.020999999716877937,0.020999999716877937,4000,0.0,0.0
2022-01-10 00:00:00+08:00,0.020999999716877937,0.020999999716877937,0.019999999552965164,0.019999999552965164,1335100,0.0,0.0
2022-01-11 00:00:00+08:00,0.019999999552965164,0.019999999552965164,0.019999999552965164,0.019999999552965164,304000,0.0,0.0
2022-01-12 00:00:00+08:00,0.019999999552965164,0.020999999716877937,0.019999999552965164,0.019999999552965164,55000,0.0,0.0
2022-01-13 00:00:00+08:00,0.019999999552965164,0.020999999716877937,0.019999999552965164,0.020999999716877937,400900,0.0,0.0
2022-01-14 00:00:00+08:00,0.019999999552965164,0.020999999716877937,0.01899999938905239,0.020999999716877937,290100,0.0,0.0
2022-01-17 00:00:00+08:00,0.020999999716877937,0.020999999716877937,0.020999999716877937,0.020999999716877937,0,0.0,0.0
2022-01-18 00:00:00+08:00,0.020999999716877937,0.020999999716877937,0.020999999716877937,0.020999999716877937,0,0.0,0.0
2022-01-19 00:00:00+08:00,0.020999999716877937,0.020999999716877937,0.020999999716877937,0.020999999716877937,0,0.0,0.0
2022-01-20 00:00:00+08:00,0.020999999716877937,0.020999999716877937,0.020999999716877937,0.020999999716877937,0,0.0,0.0
2022-01-21 00:00:00+08:00,0.020999999716877937,0.020999999716877937,0.020999999716877937,0.020999999716877937,0,0.0,0.0
2022-01-24 00:00:00+08:00,0.01899999938905239,0.020999999716877937,0.01899999938905239,0.020999999716877937,5300,0.0,0.0
2022-01-25 00:00:00+08:00,0.020999999716877937,0.020999999716877937,0.020999999716877937,0.020999999716877937,0,0.0,0.0
2022-01-26 00:00:00+08:00,0.019999999552965164,0.019999999552965164,0.019999999552965164,0.019999999552965164,183000,0.0,0.0
2022-01-27 00:00:00+08:00,0.019999999552965164,0.019999999552965164,0.019999999552965164,0.019999999552965164,0,0.0,0.0
2022-01-28 00:00:00+08:00,0.019999999552965164,0.019999999552965164,0.019999999552965164,0.019999999552965164,0,0.0,0.0
2022-01-31 00:00:00+08:00,0.019999999552965164,0.019999999552965164,0.019999999552965164,0.019999999552965164,0,0.0,0.0
2022-02-03 00:00:00+08:00,0.020999999716877937,0.020999999716877937,0.019999999552965164,0.020999999716877937,152900,0.0,0.0
2022-02-04 00:00:00+08:00,0.020999999716877937,0.020999999716877937,0.020999999716877937,0.020999999716877937,0,0.0,0.0
2022-02-07 00:00:00+08:00,0.020999999716877937,0.020999999716877937,0.020999999716877937,0.020999999716877937,64700,0.0,0.0
2022-02-08 00:00:00+08:00,0.019999999552965164,0.019999999552965164,0.019999999552965164,0.019999999552965164,265200,0.0,0.0
2022-02-09 00:00:00+08:00,0.020999999716877937,0.023000000044703484,0.020999999716877937,0.02199999988079071,22018200,0.0,0.0
2022-02-10 00:00:00+08:00,0.02199999988079071,0.023000000044703484,0.020999999716877937,0.020999999716877937,18921400,0.0,0.0
2022-02-11 00:00:00+08:00,0.020999999716877937,0.02199999988079071,0.020999999716877937,0.020999999716877937,745000,0.0,0.0
2022-02-14 00:00:00+08:00,0.019999999552965164,0.020999999716877937,0.019999999552965164,0.020999999716877937,1019000,0.0,0.0
2022-02-15 00:00:00+08:00,0.019999999552965164,0.019999999552965164,0.019999999552965164,0.019999999552965164,2650000,0.0,0.0
2022-02-16 00:00:00+08:00,0.019999999552965164,0.019999999552965164,0.01899999938905239,0.01899999938905239,2603000,0.0,0.0
2022-02-17 00:00:00+08:00,0.019999999552965164,0.020999999716877937,0.01899999938905239,0.020999999716877937,5045600,0.0,0.0
2022-02-18 00:00:00+08:00,0.020999999716877937,0.020999999716877937,0.01899999938905239,0.019999999552965164,1060400,0.0,0.0
2022-02-21 00:00:00+08:00,0.019999999552965164,0.020999999716877937,0.01899999938905239,0.01899999938905239,250100,0.0,0.0
2022-02-22 00:00:00+08:00,0.01899999938905239,0.01899999938905239,0.01899999938905239,0.01899999938905239,900000,0.0,0.0
2022-02-23 00:00:00+08:00,0.01899999938905239,0.01899999938905239,0.01899999938905239,0.01899999938905239,1598900,0.0,0.0
2022-02-24 00:00:00+08:00,0.01899999938905239,0.01899999938905239,0.017999999225139618,0.017999999225139618,2618100,0.0,0.0
2022-02-25 00:00:00+08:00,0.017999999225139618,0.017999999225139618,0.017999999225139618,0.017999999225139618,0,0.0,0.0
2022-02-28 00:00:00+08:00,0.017999999225139618,0.017999999225139618,0.017999999225139618,0.017999999225139618,220000,0.0,0.0
2022-03-01 00:00:00+08:00,0.017999999225139618,0.017999999225139618,0.017999999225139618,0.017999999225139618,74000,0.0,0.0
2022-03-02 00:00:00+08:00,0.017999999225139618,0.017999999225139618,0.017999999225139618,0.017999999225139618,1100000,0.0,0.0
2022-03-03 00:00:00+08:00,0.017999999225139618,0.017999999225139618,0.017999999225139618,0.017999999225139618,1000000,0.0,0.0
2022-03-04 00:00:00+08:00,0.017999999225139618,0.01899999938905239,0.017999999225139618,0.01899999938905239,2510100,0.0,0.0
2022-03-07 00:00:00+08:00,0.01899999938905239,0.01899999938905239,0.01899999938905239,0.01899999938905239,0,0.0,0.0
2022-03-08 00:00:00+08:00,0.017999999225139618,0.017999999225139618,0.017999999225139618,0.017999999225139618,354000,0.0,0.0
2022-03-09 00:00:00+08:00,0.01899999938905239,0.019999999552965164,0.01899999938905239,0.019999999552965164,1509600,0.0,0.0
2022-03-10 00:00:00+08:00,0.01899999938905239,0.01899999938905239,0.017999999225139618,0.01899999938905239,268600,0.0,0.0
2022-03-11 00:00:00+08:00,0.01899999938905239,0.01899999938905239,0.01899999938905239,0.01899999938905239,0,0.0,0.0
2022-03-14 00:00:00+08:00,0.017999999225139618,0.017999999225139618,0.017000000923871994,0.017000000923871994,244100,0.0,0.0
2022-03-15 00:00:00+08:00,0.017000000923871994,0.017000000923871994,0.017000000923871994,0.017000000923871994,90000,0.0,0.0
2022-03-16 00:00:00+08:00,0.017000000923871994,0.017000000923871994,0.017000000923871994,0.017000000923871994,40000,0.0,0.0
2022-03-17 00:00:00+08:00,0.017999999225139618,0.017999999225139618,0.017999999225139618,0.017999999225139618,94100,0.0,0.0
2022-03-18 00:00:00+08:00,0.017999999225139618,0.017999999225139618,0.017999999225139618,0.017999999225139618,0,0.0,0.0
2022-03-21 00:00:00+08:00,0.017999999225139618,0.017999999225139618,0.017999999225139618,0.017999999225139618,0,0.0,0.0
2022-03-22 00:00:00+08:00,0.017999999225139618,0.017999999225139618,0.017999999225139618,0.017999999225139618,0,0.0,0.0
2022-03-23 00:00:00+08:00,0.017999999225139618,0.017999999225139618,0.017999999225139618,0.017999999225139618,0,0.0,0.0
2022-03-24 00:00:00+08:00,0.017999999225139618,0.017999999225139618,0.017999999225139618,0.017999999225139618,0,0.0,0.0
2022-03-25 00:00:00+08:00,0.017999999225139618,0.017999999225139618,0.017999999225139618,0.017999999225139618,0,0.0,0.0
2022-03-28 00:00:00+08:00,0.019999999552965164,0.019999999552965164,0.019999999552965164,0.019999999552965164,18800,0.0,0.0
2022-03-29 00:00:00+08:00,0.019999999552965164,0.020999999716877937,0.019999999552965164,0.020999999716877937,300000,0.0,0.0
2022-03-30 00:00:00+08:00,0.017999999225139618,0.017999999225139618,0.017999999225139618,0.017999999225139618,2000,0.0,0.0
2022-03-31 00:00:00+08:00,0.019999999552965164,0.019999999552965164,0.01899999938905239,0.01899999938905239,1861000,0.0,0.0
2022-04-01 00:00:00+08:00,0.01899999938905239,0.019999999552965164,0.01899999938905239,0.019999999552965164,1359600,0.0,0.0
2022-04-04 00:00:00+08:00,0.019999999552965164,0.020999999716877937,0.019999999552965164,0.020999999716877937,550000,0.0,0.0
2022-04-05 00:00:00+08:00,0.020999999716877937,0.020999999716877937,0.020999999716877937,0.020999999716877937,0,0.0,0.0
2022-04-06 00:00:00+08:00,0.019999999552965164,0.020999999716877937,0.019999999552965164,0.020999999716877937,482000,0.0,0.0
2022-04-07 00:00:00+08:00,0.020999999716877937,0.020999999716877937,0.020999999716877937,0.020999999716877937,1200000,0.0,0.0
2022-04-08 00:00:00+08:00,0.019999999552965164,0.020999999716877937,0.019999999552965164,0.020999999716877937,3100,0.0,0.0
2022-04-11 00:00:00+08:00,0.019999999552965164,0.019999999552965164,0.019999999552965164,0.019999999552965164,779000,0.0,0.0
2022-04-12 00:00:00+08:00,0.01899999938905239,0.01899999938905239,0.01899999938905239,0.01899999938905239,251000,0.0,0.0
2022-04-13 00:00:00+08:00,0.019999999552965164,0.019999999552965164,0.019999999552965164,0.019999999552965164,101000,0.0,0.0
2022-04-14 00:00:00+08:00,0.019999999552965164,0.019999999552965164,0.01899999938905239,0.01899999938905239,61000,0.0,0.0
2022-04-18 00:00:00+08:00,0.019999999552965164,0.019999999552965164,0.019999999552965164,0.019999999552965164,1214600,0.0,0.0
2022-04-19 00:00:00+08:00,0.019999999552965164,0.019999999552965164,0.01899999938905239,0.01899999938905239,33800,0.0,0.0
2022-04-20 00:00:00+08:00,0.019999999552965164,0.020999999716877937,0.019999999552965164,0.020999999716877937,35000,0.0,0.0
2022-04-21 00:00:00+08:00,0.01899999938905239,0.019999999552965164,0.01899999938905239,0.019999999552965164,356200,0.0,0.0
2022-04-22 00:00:00+08:00,0.019999999552965164,0.019999999552965164,0.019999999552965164,0.019999999552965164,0,0.0,0.0
2022-04-25 00:00:00+08:00,0.01899999938905239,0.01899999938905239,0.01899999938905239,0.01899999938905239,167200,0.0,0.0
2022-04-26 00:00:00+08:00,0.019999999552965164,0.019999999552965164,0.019999999552965164,0.019999999552965164,5100,0.0,0.0
2022-04-27 00:00:00+08:00,0.019999999552965164,0.019999999552965164,0.019999999552965164,0.019999999552965164,0,0.0,0.0
2022-04-28 00:00:00+08:00,0.019999999552965164,0.019999999552965164,0.019999999552965164,0.019999999552965164,0,0.0,0.0
2022-04-29 00:00:00+08:00,0.019999999552965164,0.019999999552965164,0.019999999552965164,0.019999999552965164,0,0.0,0.0
2022-05-04 00:00:00+08:00,0.019999999552965164,0.019999999552965164,0.019999999552965164,0.019999999552965164,0,0.0,0.0
2022-05-05 00:00:00+08:00,0.01899999938905239,0.01899999938905239,0.017999999225139618,0.017999999225139618,100000,0.0,0.0
2022-05-06 00:00:00+08:00,0.017999999225139618,0.017999999225139618,0.017999999225139618,0.017999999225139618,0,0.0,0.0
2022-05-09 00:00:00+08:00,0.017999999225139618,0.017999999225139618,0.017999999225139618,0.017999999225139618,0,0.0,0.0
2022-05-10 00:00:00+08:00,0.017999999225139618,0.017999999225139618,0.017999999225139618,0.017999999225139618,0,0.0,0.0
2022-05-11 00:00:00+08:00,0.017999999225139618,0.017999999225139618,0.017999999225139618,0.017999999225139618,100000,0.0,0.0
2022-05-12 00:00:00+08:00,0.017000000923871994,0.017000000923871994,0.017000000923871994,0.017000000923871994,200000,0.0,0.0
2022-05-13 00:00:00+08:00,0.017000000923871994,0.017000000923871994,0.017000000923871994,0.017000000923871994,0,0.0,0.0
2022-05-17 00:00:00+08:00,0.017000000923871994,0.017000000923871994,0.017000000923871994,0.017000000923871994,0,0.0,0.0
2022-05-18 00:00:00+08:00,0.017999999225139618,0.017999999225139618,0.017999999225139618,0.017999999225139618,100000,0.0,0.0
2022-05-19 00:00:00+08:00,0.017000000923871994,0.017000000923871994,0.017000000923871994,0.017000000923871994,249000,0.0,0.0
2022-05-20 00:00:00+08:00,0.017999999225139618,0.02500000037252903,0.017999999225139618,0.02199999988079071,8051900,0.0,0.0
2022-05-23 00:00:00+08:00,0.02199999988079071,0.023000000044703484,0.020999999716877937,0.02199999988079071,3419300,0.0,0.0
2022-05-24 00:00:00+08:00,0.020999999716877937,0.020999999716877937,0.019999999552965164,0.019999999552965164,1511400,0.0,0.0
2022-05-25 00:00:00+08:00,0.020999999716877937,0.020999999716877937,0.019999999552965164,0.019999999552965164,700000,0.0,0.0
2022-05-26 00:00:00+08:00,0.019999999552965164,0.020999999716877937,0.01899999938905239,0.019999999552965164,1544000,0.0,0.0
2022-05-27 00:00:00+08:00,0.019999999552965164,0.019999999552965164,0.019999999552965164,0.019999999552965164,1160400,0.0,0.0
2022-05-30 00:00:00+08:00,0.019999999552965164,0.019999999552965164,0.019999999552965164,0.019999999552965164,0,0.0,0.0
2022-05-31 00:00:00+08:00,0.019999999552965164,0.019999999552965164,0.019999999552965164,0.019999999552965164,759000,0.0,0.0
2022-06-01 00:00:00+08:00,0.019999999552965164,0.019999999552965164,0.019999999552965164,0.019999999552965164,12000,0.0,0.0
2022-06-02 00:00:00+08:00,0.019999999552965164,0.019999999552965164,0.019999999552965164,0.019999999552965164,6900,0.0,0.0
2022-06-03 00:00:00+08:00,0.020999999716877937,0.020999999716877937,0.019999999552965164,0.019999999552965164,561100,0.0,0.0
2022-06-06 00:00:00+08:00,0.020999999716877937,0.020999999716877937,0.020999999716877937,0.020999999716877937,100000,0.0,0.0
2022-06-07 00:00:00+08:00,0.019999999552965164,0.019999999552965164,0.019999999552965164,0.019999999552965164,100000,0.0,0.0
2022-06-08 00:00:00+08:00,0.019999999552965164,0.019999999552965164,0.019999999552965164,0.019999999552965164,327100,0.0,0.0
2022-06-09 00:00:00+08:00,0.019999999552965164,0.019999999552965164,0.019999999552965164,0.019999999552965164,0,0.0,0.0
2022-06-10 00:00:00+08:00,0.020999999716877937,0.020999999716877937,0.019999999552965164,0.019999999552965164,3379000,0.0,0.0
2022-06-13 00:00:00+08:00,0.019999999552965164,0.019999999552965164,0.01899999938905239,0.01899999938905239,1309000,0.0,0.0
2022-06-14 00:00:00+08:00,0.019999999552965164,0.019999999552965164,0.019999999552965164,0.019999999552965164,176800,0.0,0.0
2022-06-15 00:00:00+08:00,0.019999999552965164,0.023000000044703484,0.019999999552965164,0.02199999988079071,28229000,0.0,0.0
2022-06-16 00:00:00+08:00,0.023000000044703484,0.024000000208616257,0.020999999716877937,0.020999999716877937,11744900,0.0,0.0
2022-06-17 00:00:00+08:00,0.020999999716877937,0.02199999988079071,0.019999999552965164,0.019999999552965164,750300,0.0,0.0
2022-06-20 00:00:00+08:00,0.019999999552965164,0.02199999988079071,0.019999999552965164,0.02199999988079071,2097900,0.0,0.0
2022-06-21 00:00:00+08:00,0.020999999716877937,0.02199999988079071,0.019999999552965164,0.019999999552965164,1450900,0.0,0.0
2022-06-22 00:00:00+08:00,0.020999999716877937,0.020999999716877937,0.017999999225139618,0.01899999938905239,7672200,0.0,0.0
2022-06-23 00:00:00+08:00,0.019999999552965164,0.019999999552965164,0.01899999938905239,0.019999999552965164,862700,0.0,0.0
2022-06-24 00:00:00+08:00,0.019999999552965164,0.019999999552965164,0.01899999938905239,0.019999999552965164,1683900,0.0,0.0
2022-06-27 00:00:00+08:00,0.019999999552965164,0.020999999716877937,0.019999999552965164,0.020999999716877937,1202100,0.0,0.0
2022-06-28 00:00:00+08:00,0.019999999552965164,0.019999999552965164,0.019999999552965164,0.019999999552965164,1510000,0.0,0.0
2022-06-29 00:00:00+08:00,0.019999999552965164,0.020999999716877937,0.019999999552965164,0.020999999716877937,1890000,0.0,0.0
2022-06-30 00:00:00+08:00,0.019999999552965164,0.020999999716877937,0.019999999552965164,0.020999999716877937,281100,0.0,0.0
2022-07-01 00:00:00+08:00,0.020999999716877937,0.020999999716877937,0.019999999552965164,0.019999999552965164,300500,0.0,0.0
2022-07-04 00:00:00+08:00,0.020999999716877937,0.020999999716877937,0.020999999716877937,0.020999999716877937,2321900,0.0,0.0
2022-07-05 00:00:00+08:00,0.020999999716877937,0.020999999716877937,0.020999999716877937,0.020999999716877937,290000,0.0,0.0
2022-07-06 00:00:00+08:00,0.019999999552965164,0.019999999552965164,0.019999999552965164,0.019999999552965164,570000,0.0,0.0
2022-07-07 00:00:00+08:00,0.019999999552965164,0.019999999552965164,0.019999999552965164,0.019999999552965164,0,0.0,0.0
2022-07-08 00:00:00+08:00,0.019999999552965164,0.019999999552965164,0.019999999552965164,0.019999999552965164,0,0.0,0.0
2022-07-12 00:00:00+08:00,0.019999999552965164,0.020999999716877937,0.019999999552965164,0.020999999716877937,10100,0.0,0.0
2022-07-13 00:00:00+08:00,0.019999999552965164,0.020999999716877937,0.019999999552965164,0.019999999552965164,330900,0.0,0.0
2022-07-14 00:00:00+08:00,0.01899999938905239,0.01899999938905239,0.01899999938905239,0.01899999938905239,14000,0.0,0.0
2022-07-15 00:00:00+08:00,0.019999999552965164,0.019999999552965164,0.019999999552965164,0.019999999552965164,200000,0.0,0.0
2022-07-18 00:00:00+08:00,0.01899999938905239,0.01899999938905239,0.017000000923871994,0.017999999225139618,2568300,0.0,0.0
2022-07-19 00:00:00+08:00,0.017999999225139618,0.01899999938905239,0.017999999225139618,0.01899999938905239,500000,0.0,0.0
2022-07-20 00:00:00+08:00,0.017999999225139618,0.017999999225139618,0.017999999225139618,0.017999999225139618,50000,0.0,0.0
2022-07-21 00:00:00+08:00,0.017999999225139618,0.017999999225139618,0.017999999225139618,0.017999999225139618,0,0.0,0.0
2022-07-22 00:00:00+08:00,0.017999999225139618,0.017999999225139618,0.017999999225139618,0.017999999225139618,0,0.0,0.0
2022-07-25 00:00:00+08:00,0.017999999225139618,0.017999999225139618,0.017999999225139618,0.017999999225139618,0,0.0,0.0
2022-07-26 00:00:00+08:00,0.017000000923871994,0.017000000923871994,0.017000000923871994,0.017000000923871994,20000,0.0,0.0
2022-07-27 00:00:00+08:00,0.017000000923871994,0.017000000923871994,0.017000000923871994,0.017000000923871994,0,0.0,0.0
2022-07-28 00:00:00+08:00,0.017999999225139618,0.019999999552965164,0.017999999225139618,0.017999999225139618,748000,0.0,0.0
2022-07-29 00:00:00+08:00,0.017000000923871994,0.017999999225139618,0.017000000923871994,0.017999999225139618,860000,0.0,0.0
2022-08-01 00:00:00+08:00,0.017999999225139618,0.017999999225139618,0.017999999225139618,0.017999999225139618,0,0.0,0.0
2022-08-02 00:00:00+08:00,0.017999999225139618,0.017999999225139618,0.017999999225139618,0.017999999225139618,0,0.0,0.0
2022-08-03 00:00:00+08:00,0.017999999225139618,0.017999999225139618,0.017999999225139618,0.017999999225139618,0,0.0,0.0
2022-08-04 00:00:00+08:00,0.017999999225139618,0.017999999225139618,0.017999999225139618,0.017999999225139618,0,0.0,0.0
2022-08-05 00:00:00+08:00,0.017000000923871994,0.01899999938905239,0.017000000923871994,0.01899999938905239,525000,0.0,0.0
2022-08-08 00:00:00+08:00,0.01899999938905239,0.01899999938905239,0.01899999938905239,0.01899999938905239,0,0.0,0.0
2022-08-10 00:00:00+08:00,0.01899999938905239,0.01899999938905239,0.01899999938905239,0.01899999938905239,0,0.0,0.0
2022-08-11 00:00:00+08:00,0.017000000923871994,0.01899999938905239,0.017000000923871994,0.01899999938905239,200000,0.0,0.0
2022-08-12 00:00:00+08:00,0.01899999938905239,0.01899999938905239,0.01899999938905239,0.01899999938905239,0,0.0,0.0
2022-08-15 00:00:00+08:00,0.01899999938905239,0.01899999938905239,0.01899999938905239,0.01899999938905239,0,0.0,0.0
2022-08-16 00:00:00+08:00,0.01899999938905239,0.01899999938905239,0.01899999938905239,0.01899999938905239,0,0.0,0.0
2022-08-17 00:00:00+08:00,0.01899999938905239,0.01899999938905239,0.01899999938905239,0.01899999938905239,0,0.0,0.0
2022-08-18 00:00:00+08:00,0.01899999938905239,0.01899999938905239,0.01899999938905239,0.01899999938905239,0,0.0,0.0
2022-08-19 00:00:00+08:00,0.017999999225139618,0.01899999938905239,0.017999999225139618,0.01899999938905239,50000,0.0,0.0
2022-08-22 00:00:00+08:00,0.01899999938905239,0.019999999552965164,0.01899999938905239,0.01899999938905239,323500,0.0,0.0
2022-08-23 00:00:00+08:00,0.01899999938905239,0.01899999938905239,0.01899999938905239,0.01899999938905239,530000,0.0,0.0
2022-08-24 00:00:00+08:00,0.017999999225139618,0.019999999552965164,0.017999999225139618,0.019999999552965164,50100,0.0,0.0
2022-08-25 00:00:00+08:00,0.019999999552965164,0.023000000044703484,0.019999999552965164,0.023000000044703484,18605500,0.0,0.0
2022-08-26 00:00:00+08:00,0.02199999988079071,0.02199999988079071,0.020999999716877937,0.020999999716877937,803000,0.0,0.0
2022-08-29 00:00:00+08:00,0.019999999552965164,0.019999999552965164,0.019999999552965164,0.019999999552965164,810000,0.0,0.0
2022-08-30 00:00:00+08:00,0.019999999552965164,0.019999999552965164,0.019999999552965164,0.019999999552965164,304500,0.0,0.0
2022-08-31 00:00:00+08:00,0.01899999938905239,0.019999999552965164,0.01899999938905239,0.01899999938905239,3280000,0.0,0.0
2022-09-01 00:00:00+08:00,0.019999999552965164,0.024000000208616257,0.019999999552965164,0.02199999988079071,22623300,0.0,0.0
2022-09-02 00:00:00+08:00,0.02199999988079071,0.02199999988079071,0.020999999716877937,0.02199999988079071,595000,0.0,0.0
2022-09-05 00:00:00+08:00,0.020999999716877937,0.020999999716877937,0.020999999716877937,0.020999999716877937,2727000,0.0,0.0
2022-09-06 00:00:00+08:00,0.020999999716877937,0.02199999988079071,0.020999999716877937,0.02199999988079071,3438000,0.0,0.0
2022-09-07 00:00:00+08:00,0.020999999716877937,0.02199999988079071,0.019999999552965164,0.020999999716877937,1614000,0.0,0.0
2022-09-08 00:00:00+08:00,0.020999999716877937,0.020999999716877937,0.020999999716877937,0.020999999716877937,1178000,0.0,0.0
2022-09-09 00:00:00+08:00,0.019999999552965164,0.020999999716877937,0.019999999552965164,0.020999999716877937,500000,0.0,0.0
2022-09-12 00:00:00+08:00,0.020999999716877937,0.020999999716877937,0.019999999552965164,0.020999999716877937,1840000,0.0,0.0
2022-09-13 00:00:00+08:00,0.020999999716877937,0.020999999716877937,0.019999999552965164,0.019999999552965164,3889900,0.0,0.0
2022-09-14 00:00:00+08:00,0.019999999552965164,0.019999999552965164,0.019999999552965164,0.019999999552965164,3288900,0.0,0.0
2022-09-15 00:00:00+08:00,0.019999999552965164,0.019999999552965164,0.019999999552965164,0.019999999552965164,65000,0.0,0.0
2022-09-16 00:00:00+08:00,0.020999999716877937,0.020999999716877937,0.019999999552965164,0.019999999552965164,12800,0.0,0.0
2022-09-19 00:00:00+08:00,0.01899999938905239,0.020999999716877937,0.01899999938905239,0.020999999716877937,3014600,0.0,0.0
2022-09-20 00:00:00+08:00,0.019999999552965164,0.020999999716877937,0.019999999552965164,0.020999999716877937,398400,0.0,0.0
2022-09-21 00:00:00+08:00,0.01899999938905239,0.019999999552965164,0.01899999938905239,0.019999999552965164,62000,0.0,0.0
2022-09-22 00:00:00+08:00,0.01899999938905239,0.019999999552965164,0.01899999938905239,0.019999999552965164,261900,0.0,0.0
2022-09-23 00:00:00+08:00,0.01899999938905239,0.01899999938905239,0.01899999938905239,0.01899999938905239,300000,0.0,0.0
2022-09-26 00:00:00+08:00,0.01899999938905239,0.019999999552965164,0.01899999938905239,0.019999999552965164,846100,0.0,0.0
2022-09-27 00:00:00+08:00,0.019999999552965164,0.019999999552965164,0.019999999552965164,0.019999999552965164,0,0.0,0.0
2022-09-28 00:00:00+08:00,0.019999999552965164,0.019999999552965164,0.019999999552965164,0.019999999552965164,0,0.0,0.0
2022-09-29 00:00:00+08:00,0.01899999938905239,0.01899999938905239,0.01899999938905239,0.01899999938905239,311000,0.0,0.0
2022-09-30 00:00:00+08:00,0.017999999225139618,0.017999999225139618,0.017999999225139618,0.017999999225139618,30000,0.0,0.0
2022-10-03 00:00:00+08:00,0.017999999225139618,0.017999999225139618,0.017000000923871994,0.017000000923871994,300000,0.0,0.0
2022-10-04 00:00:00+08:00,0.017000000923871994,0.017000000923871994,0.017000000923871994,0.017000000923871994,300000,0.0,0.0
2022-10-05 00:00:00+08:00,0.01899999938905239,0.01899999938905239,0.017999999225139618,0.017999999225139618,440000,0.0,0.0
2022-10-06 00:00:00+08:00,0.017999999225139618,0.017999999225139618,0.017999999225139618,0.017999999225139618,0,0.0,0.0
2022-10-07 00:00:00+08:00,0.017999999225139618,0.017999999225139618,0.017999999225139618,0.017999999225139618,0,0.0,0.0
2022-10-10 00:00:00+08:00,0.017999999225139618,0.017999999225139618,0.017999999225139618,0.017999999225139618,200000,0.0,0.0
2022-10-11 00:00:00+08:00,0.017999999225139618,0.017999999225139618,0.017999999225139618,0.017999999225139618,0,0.0,0.0
2022-10-12 00:00:00+08:00,0.017000000923871994,0.017000000923871994,0.017000000923871994,0.017000000923871994,309900,0.0,0.0
2022-10-13 00:00:00+08:00,0.01600000075995922,0.01600000075995922,0.01600000075995922,0.01600000075995922,482400,0.0,0.0
2022-10-14 00:00:00+08:00,0.017000000923871994,0.017000000923871994,0.017000000923871994,0.017000000923871994,385000,0.0,0.0
2022-10-17 00:00:00+08:00,0.017000000923871994,0.017000000923871994,0.017000000923871994,0.017000000923871994,0,0.0,0.0
2022-10-18 00:00:00+08:00,0.017000000923871994,0.017000000923871994,0.017000000923871994,0.017000000923871994,221200,0.0,0.0
2022-10-19 00:00:00+08:00,0.01600000075995922,0.017999999225139618,0.01600000075995922,0.017999999225139618,17000,0.0,0.0
2022-10-20 00:00:00+08:00,0.017999999225139618,0.017999999225139618,0.017999999225139618,0.017999999225139618,0,0.0,0.0
2022-10-21 00:00:00+08:00,0.017999999225139618,0.017999999225139618,0.017999999225139618,0.017999999225139618,0,0.0,0.0
2022-10-25 00:00:00+08:00,0.017999999225139618,0.017999999225139618,0.017999999225139618,0.017999999225139618,0,0.0,0.0
2022-10-26 00:00:00+08:00,0.01600000075995922,0.01899999938905239,0.01600000075995922,0.01899999938905239,30100,0.0,0.0
2022-10-27 00:00:00+08:00,0.01899999938905239,0.01899999938905239,0.01899999938905239,0.01899999938905239,0,0.0,0.0
2022-10-28 00:00:00+08:00,0.01899999938905239,0.01899999938905239,0.01899999938905239,0.01899999938905239,0,0.0,0.0
2022-10-31 00:00:00+08:00,0.01899999938905239,0.01899999938905239,0.01899999938905239,0.01899999938905239,0,0.0,0.0
2022-11-01 00:00:00+08:00,0.017000000923871994,0.017000000923871994,0.017000000923871994,0.017000000923871994,100000,0.0,0.0
2022-11-02 00:00:00+08:00,0.017999999225139618,0.017999999225139618,0.017999999225139618,0.017999999225139618,300000,0.0,0.0
2022-11-03 00:00:00+08:00,0.017000000923871994,0.017000000923871994,0.01600000075995922,0.01600000075995922,400000,0.0,0.0
2022-11-04 00:00:00+08:00,0.017000000923871994,0.017000000923871994,0.017000000923871994,0.017000000923871994,200000,0.0,0.0
2022-11-07 00:00:00+08:00,0.017000000923871994,0.017000000923871994,0.017000000923871994,0.017000000923871994,200000,0.0,0.0
2022-11-08 00:00:00+08:00,0.017000000923871994,0.017000000923871994,0.017000000923871994,0.017000000923871994,100000,0.0,0.0
2022-11-09 00:00:00+08:00,0.01600000075995922,0.017000000923871994,0.01600000075995922,0.017000000923871994,460000,0.0,0.0
2022-11-10 00:00:00+08:00,0.017000000923871994,0.017999999225139618,0.017000000923871994,0.017999999225139618,60100,0.0,0.0
2022-11-11 00:00:00+08:00,0.017999999225139618,0.017999999225139618,0.017999999225139618,0.017999999225139618,0,0.0,0.0
2022-11-14 00:00:00+08:00,0.017999999225139618,0.017999999225139618,0.017999999225139618,0.017999999225139618,0,0.0,0.0
2022-11-15 00:00:00+08:00,0.01600000075995922,0.017000000923871994,0.01600000075995922,0.017000000923871994,966700,0.0,0.0
2022-11-16 00:00:00+08:00,0.017000000923871994,0.017000000923871994,0.017000000923871994,0.017000000923871994,48300,0.0,0.0
2022-11-17 00:00:00+08:00,0.017999999225139618,0.017999999225139618,0.017999999225139618,0.017999999225139618,200100,0.0,0.0
2022-11-18 00:00:00+08:00,0.017999999225139618,0.017999999225139618,0.017999999225139618,0.017999999225139618,0,0.0,0.0
2022-11-21 00:00:00+08:00,0.017999999225139618,0.017999999225139618,0.017999999225139618,0.017999999225139618,0,0.0,0.0
2022-11-22 00:00:00+08:00,0.017999999225139618,0.017999999225139618,0.017999999225139618,0.017999999225139618,0,0.0,0.0
2022-11-23 00:00:00+08:00,0.017999999225139618,0.017999999225139618,0.017000000923871994,0.017000000923871994,50000,0.0,0.0
2022-11-24 00:00:00+08:00,0.017000000923871994,0.017000000923871994,0.017000000923871994,0.017000000923871994,0,0.0,0.0
2022-11-25 00:00:00+08:00,0.017000000923871994,0.017000000923871994,0.017000000923871994,0.017000000923871994,30000,0.0,0.0
2022-11-28 00:00:00+08:00,0.017000000923871994,0.017000000923871994,0.017000000923871994,0.017000000923871994,0,0.0,0.0
2022-11-29 00:00:00+08:00,0.017000000923871994,0.017000000923871994,0.017000000923871994,0.017000000923871994,0,0.0,0.0
2022-11-30 00:00:00+08:00,0.017000000923871994,0.017000000923871994,0.017000000923871994,0.017000000923871994,100000,0.0,0.0
2022-12-01 00:00:00+08:00,0.017000000923871994,0.017000000923871994,0.017000000923871994,0.017000000923871994,0,0.0,0.0
2022-12-02 00:00:00+08:00,0.017000000923871994,0.017000000923871994,0.017000000923871994,0.017000000923871994,0,0.0,0.0
2022-12-05 00:00:00+08:00,0.017000000923871994,0.017000000923871994,0.017000000923871994,0.017000000923871994,0,0.0,0.0
2022-12-06 00:00:00+08:00,0.017000000923871994,0.017000000923871994,0.017000000923871994,0.017000000923871994,0,0.0,0.0
2022-12-07 00:00:00+08:00,0.017000000923871994,0.017000000923871994,0.017000000923871994,0.017000000923871994,0,0.0,0.0
2022-12-08 00:00:00+08:00,0.017999999225139618,0.01899999938905239,0.017999999225139618,0.01899999938905239,362000,0.0,0.0
2022-12-09 00:00:00+08:00,0.01899999938905239,0.01899999938905239,0.01899999938905239,0.01899999938905239,0,0.0,0.0
2022-12-12 00:00:00+08:00,0.01899999938905239,0.01899999938905239,0.017999999225139618,0.01899999938905239,10200,0.0,0.0
2022-12-13 00:00:00+08:00,0.01899999938905239,0.01899999938905239,0.01899999938905239,0.01899999938905239,0,0.0,0.0
2022-12-14 00:00:00+08:00,0.01899999938905239,0.01899999938905239,0.01899999938905239,0.01899999938905239,0,0.0,0.0
2022-12-15 00:00:00+08:00,0.01899999938905239,0.01899999938905239,0.01899999938905239,0.01899999938905239,0,0.0,0.0
2022-12-16 00:00:00+08:00,0.01899999938905239,0.01899999938905239,0.01899999938905239,0.01899999938905239,0,0.0,0.0
2022-12-19 00:00:00+08:00,0.017000000923871994,0.017999999225139618,0.017000000923871994,0.017999999225139618,147000,0.0,0.0
2022-12-20 00:00:00+08:00,0.017000000923871994,0.017000000923871994,0.017000000923871994,0.017000000923871994,31000,0.0,0.0
2022-12-21 00:00:00+08:00,0.017000000923871994,0.017000000923871994,0.017000000923871994,0.017000000923871994,0,0.0,0.0
2022-12-22 00:00:00+08:00,0.017000000923871994,0.017000000923871994,0.017000000923871994,0.017000000923871994,98000,0.0,0.0
2022-12-23 00:00:00+08:00,0.017000000923871994,0.017000000923871994,0.017000000923871994,0.017000000923871994,0,0.0,0.0
2022-12-27 00:00:00+08:00,0.017000000923871994,0.017000000923871994,0.017000000923871994,0.017000000923871994,0,0.0,0.0
2022-12-28 00:00:00+08:00,0.017000000923871994,0.017000000923871994,0.017000000923871994,0.017000000923871994,0,0.0,0.0
2022-12-29 00:00:00+08:00,0.017000000923871994,0.017000000923871994,0.017000000923871994,0.017000000923871994,0,0.0,0.0
2022-12-30 00:00:00+08:00,0.017000000923871994,0.017000000923871994,0.017000000923871994,0.017000000923871994,0,0.0,0.0
2023-01-03 00:00:00+08:00,0.017000000923871994,0.017000000923871994,0.017000000923871994,0.017000000923871994,0,0.0,0.0
2023-01-04 00:00:00+08:00,0.017000000923871994,0.017000000923871994,0.017000000923871994,0.017000000923871994,0,0.0,0.0
2023-01-05 00:00:00+08:00,0.017000000923871994,0.017000000923871994,0.017000000923871994,0.017000000923871994,0,0.0,0.0
2023-01-06 00:00:00+08:00,0.017000000923871994,0.017000000923871994,0.017000000923871994,0.017000000923871994,0,0.0,0.0
2023-01-09 00:00:00+08:00,0.017000000923871994,0.017000000923871994,0.017000000923871994,0.017000000923871994,250000,0.0,0.0
2023-01-10 00:00:00+08:00,0.017000000923871994,0.017000000923871994,0.017000000923871994,0.017000000923871994,0,0.0,0.0
2023-01-11 00:00:00+08:00,0.017000000923871994,0.017000000923871994,0.017000000923871994,0.017000000923871994,0,0.0,0.0
2023-01-12 00:00:00+08:00,0.01600000075995922,0.017000000923871994,0.01600000075995922,0.017000000923871994,180800,0.0,0.0
2023-01-13 00:00:00+08:00,0.017000000923871994,0.017000000923871994,0.017000000923871994,0.017000000923871994,0,0.0,0.0
2023-01-16 00:00:00+08:00,0.017000000923871994,0.017000000923871994,0.017000000923871994,0.017000000923871994,0,0.0,0.0
2023-01-17 00:00:00+08:00,0.017000000923871994,0.017000000923871994,0.017000000923871994,0.017000000923871994,0,0.0,0.0
2023-01-18 00:00:00+08:00,0.017000000923871994,0.017000000923871994,0.017000000923871994,0.017000000923871994,0,0.0,0.0
2023-01-19 00:00:00+08:00,0.017000000923871994,0.017000000923871994,0.017000000923871994,0.017000000923871994,0,0.0,0.0
2023-01-20 00:00:00+08:00,0.017000000923871994,0.017000000923871994,0.017000000923871994,0.017000000923871994,0,0.0,0.0
2023-01-25 00:00:00+08:00,0.017000000923871994,0.017000000923871994,0.017000000923871994,0.017000000923871994,0,0.0,0.0
2023-01-26 00:00:00+08:00,0.017999999225139618,0.01899999938905239,0.017999999225139618,0.01899999938905239,251000,0.0,0.0
2023-01-27 00:00:00+08:00,0.01899999938905239,0.01899999938905239,0.01899999938905239,0.01899999938905239,0,0.0,0.0
2023-01-30 00:00:00+08:00,0.01899999938905239,0.01899999938905239,0.01899999938905239,0.01899999938905239,0,0.0,0.0
2023-01-31 00:00:00+08:00,0.017000000923871994,0.017000000923871994,0.017000000923871994,0.017000000923871994,200000,0.0,0.0
2023-02-01 00:00:00+08:00,0.017000000923871994,0.017000000923871994,0.017000000923871994,0.017000000923871994,0,0.0,0.0
2023-02-02 00:00:00+08:00,0.017000000923871994,0.017000000923871994,0.017000000923871994,0.017000000923871994,0,0.0,0.0
2023-02-03 00:00:00+08:00,0.017000000923871994,0.017000000923871994,0.017000000923871994,0.017000000923871994,0,0.0,0.0
2023-02-06 00:00:00+08:00,0.017000000923871994,0.017000000923871994,0.017000000923871994,0.017000000923871994,24000,0.0,0.0
2023-02-07 00:00:00+08:00,0.017000000923871994,0.017000000923871994,0.017000000923871994,0.017000000923871994,0,0.0,0.0
2023-02-08 00:00:00+08:00,0.017000000923871994,0.017000000923871994,0.017000000923871994,0.017000000923871994,250000,0.0,0.0
2023-02-09 00:00:00+08:00,0.017000000923871994,0.017000000923871994,0.017000000923871994,0.017000000923871994,41000,0.0,0.0
2023-02-10 00:00:00+08:00,0.017000000923871994,0.017000000923871994,0.017000000923871994,0.017000000923871994,0,0.0,0.0
2023-02-13 00:00:00+08:00,0.017000000923871994,0.017000000923871994,0.017000000923871994,0.017000000923871994,0,0.0,0.0
2023-02-14 00:00:00+08:00,0.017000000923871994,0.017000000923871994,0.017000000923871994,0.017000000923871994,0,0.0,0.0
2023-02-15 00:00:00+08:00,0.017000000923871994,0.017000000923871994,0.017000000923871994,0.017000000923871994,0,0.0,0.0
2023-02-16 00:00:00+08:00,0.017999999225139618,0.01899999938905239,0.017000000923871994,0.017999999225139618,895000,0.0,0.0
2023-02-17 00:00:00+08:00,0.017999999225139618,0.017999999225139618,0.017999999225139618,0.017999999225139618,0,0.0,0.0
2023-02-20 00:00:00+08:00,0.017000000923871994,0.017000000923871994,0.017000000923871994,0.017000000923871994,40000,0.0,0.0
2023-02-21 00:00:00+08:00,0.017000000923871994,0.017000000923871994,0.017000000923871994,0.017000000923871994,277000,0.0,0.0
2023-02-22 00:00:00+08:00,0.017000000923871994,0.017000000923871994,0.017000000923871994,0.017000000923871994,0,0.0,0.0
2023-02-23 00:00:00+08:00,0.017999999225139618,0.01899999938905239,0.017999999225139618,0.017999999225139618,755000,0.0,0.0
2023-02-24 00:00:00+08:00,0.017999999225139618,0.017999999225139618,0.017999999225139618,0.017999999225139618,0,0.0,0.0
2023-02-27 00:00:00+08:00,0.017999999225139618,0.017999999225139618,0.017999999225139618,0.017999999225139618,0,0.0,0.0
2023-02-28 00:00:00+08:00,0.017000000923871994,0.017000000923871994,0.017000000923871994,0.017000000923871994,380000,0.0,0.0
2023-03-01 00:00:00+08:00,0.017999999225139618,0.017999999225139618,0.017000000923871994,0.017000000923871994,30200,0.0,0.0
2023-03-02 00:00:00+08:00,0.017000000923871994,0.017000000923871994,0.017000000923871994,0.017000000923871994,551600,0.0,0.0
2023-03-03 00:00:00+08:00,0.017000000923871994,0.017000000923871994,0.017000000923871994,0.017000000923871994,183000,0.0,0.0
2023-03-06 00:00:00+08:00,0.017000000923871994,0.017000000923871994,0.017000000923871994,0.017000000923871994,0,0.0,0.0
2023-03-07 00:00:00+08:00,0.017000000923871994,0.017000000923871994,0.017000000923871994,0.017000000923871994,0,0.0,0.0
2023-03-08 00:00:00+08:00,0.017000000923871994,0.017000000923871994,0.017000000923871994,0.017000000923871994,0,0.0,0.0
2023-03-09 00:00:00+08:00,0.017000000923871994,0.017000000923871994,0.017000000923871994,0.017000000923871994,0,0.0,0.0
2023-03-10 00:00:00+08:00,0.017000000923871994,0.017000000923871994,0.017000000923871994,0.017000000923871994,0,0.0,0.0
2023-03-13 00:00:00+08:00,0.017000000923871994,0.017000000923871994,0.017000000923871994,0.017000000923871994,0,0.0,0.0
2023-03-14 00:00:00+08:00,0.017000000923871994,0.017000000923871994,0.017000000923871994,0.017000000923871994,0,0.0,0.0
2023-03-15 00:00:00+08:00,0.01600000075995922,0.017000000923871994,0.01600000075995922,0.017000000923871994,406000,0.0,0.0
2023-03-16 00:00:00+08:00,0.017000000923871994,0.017000000923871994,0.017000000923871994,0.017000000923871994,0,0.0,0.0
2023-03-17 00:00:00+08:00,0.017000000923871994,0.017999999225139618,0.017000000923871994,0.017999999225139618,73000,0.0,0.0
2023-03-20 00:00:00+08:00,0.017999999225139618,0.017999999225139618,0.017999999225139618,0.017999999225139618,0,0.0,0.0
2023-03-21 00:00:00+08:00,0.017999999225139618,0.017999999225139618,0.017999999225139618,0.017999999225139618,0,0.0,0.0
2023-03-22 00:00:00+08:00,0.017999999225139618,0.017999999225139618,0.017999999225139618,0.017999999225139618,0,0.0,0.0
2023-03-23 00:00:00+08:00,0.01600000075995922,0.017999999225139618,0.01600000075995922,0.017999999225139618,472000,0.0,0.0
2023-03-24 00:00:00+08:00,0.017000000923871994,0.017000000923871994,0.017000000923871994,0.017000000923871994,39000,0.0,0.0
2023-03-27 00:00:00+08:00,0.017000000923871994,0.017000000923871994,0.017000000923871994,0.017000000923871994,0,0.0,0.0
2023-03-28 00:00:00+08:00,0.017000000923871994,0.019999999552965164,0.017000000923871994,0.019999999552965164,5433400,0.0,0.0
2023-03-29 00:00:00+08:00,0.019999999552965164,0.020999999716877937,0.01899999938905239,0.020999999716877937,1037600,0.0,0.0
2023-03-30 00:00:00+08:00,0.019999999552965164,0.020999999716877937,0.019999999552965164,0.019999999552965164,279100,0.0,0.0
2023-03-31 00:00:00+08:00,0.019999999552965164,0.020999999716877937,0.01899999938905239,0.019999999552965164,436100,0.0,0.0
2023-04-03 00:00:00+08:00,0.019999999552965164,0.020999999716877937,0.019999999552965164,0.019999999552965164,497900,0.0,0.0
2023-04-04 00:00:00+08:00,0.020999999716877937,0.020999999716877937,0.019999999552965164,0.020999999716877937,6944300,0.0,0.0
2023-04-05 00:00:00+08:00,0.020999999716877937,0.020999999716877937,0.019999999552965164,0.020999999716877937,636200,0.0,0.0
2023-04-06 00:00:00+08:00,0.019999999552965164,0.02199999988079071,0.019999999552965164,0.02199999988079071,1145100,0.0,0.0
2023-04-10 00:00:00+08:00,0.02199999988079071,0.02199999988079071,0.019999999552965164,0.020999999716877937,2540600,0.0,0.0
2023-04-11 00:00:00+08:00,0.020999999716877937,0.020999999716877937,0.019999999552965164,0.020999999716877937,1337300,0.0,0.0
2023-04-12 00:00:00+08:00,0.019999999552965164,0.019999999552965164,0.01899999938905239,0.019999999552965164,1731700,0.0,0.0
2023-04-13 00:00:00+08:00,0.017999999225139618,0.019999999552965164,0.017999999225139618,0.01899999938905239,1276000,0.0,0.0
2023-04-14 00:00:00+08:00,0.01899999938905239,0.01899999938905239,0.017999999225139618,0.017999999225139618,2777500,0.0,0.0
2023-04-17 00:00:00+08:00,0.01899999938905239,0.019999999552965164,0.01899999938905239,0.01899999938905239,4459200,0.0,0.0
2023-04-18 00:00:00+08:00,0.01899999938905239,0.01899999938905239,0.017999999225139618,0.01899999938905239,2070900,0.0,0.0
2023-04-19 00:00:00+08:00,0.01899999938905239,0.01899999938905239,0.017999999225139618,0.01899999938905239,829200,0.0,0.0
2023-04-20 00:00:00+08:00,0.017999999225139618,0.017999999225139618,0.017999999225139618,0.017999999225139618,5000,0.0,0.0
2023-04-21 00:00:00+08:00,0.017999999225139618,0.017999999225139618,0.017999999225139618,0.017999999225139618,691100,0.0,0.0
2023-04-24 00:00:00+08:00,0.017999999225139618,0.017999999225139618,0.017999999225139618,0.017999999225139618,2000,0.0,0.0
2023-04-25 00:00:00+08:00,0.01899999938905239,0.019999999552965164,0.017999999225139618,0.019999999552965164,4497400,0.0,0.0
2023-04-26 00:00:00+08:00,0.019999999552965164,0.019999999552965164,0.01899999938905239,0.019999999552965164,3718500,0.0,0.0
2023-04-27 00:00:00+08:00,0.019999999552965164,0.019999999552965164,0.019999999552965164,0.019999999552965164,3037500,0.0,0.0
2023-04-28 00:00:00+08:00,0.01899999938905239,0.01899999938905239,0.01899999938905239,0.01899999938905239,786600,0.0,0.0
2023-05-02 00:00:00+08:00,0.01899999938905239,0.01899999938905239,0.017999999225139618,0.017999999225139618,1203400,0.0,0.0
2023-05-03 00:00:00+08:00,0.01899999938905239,0.01899999938905239,0.017999999225139618,0.017999999225139618,2209300,0.0,0.0
2023-05-04 00:00:00+08:00,0.017999999225139618,0.017999999225139618,0.017999999225139618,0.017999999225139618,1154800,0.0,0.0
2023-05-05 00:00:00+08:00,0.017999999225139618,0.017999999225139618,0.017999999225139618,0.017999999225139618,243000,0.0,0.0
2023-05-08 00:00:00+08:00,0.017999999225139618,0.017999999225139618,0.017999999225139618,0.017999999225139618,250000,0.0,0.0
2023-05-09 00:00:00+08:00,0.017999999225139618,0.017999999225139618,0.017999999225139618,0.017999999225139618,300000,0.0,0.0
2023-05-10 00:00:00+08:00,0.017999999225139618,0.017999999225139618,0.017999999225139618,0.017999999225139618,0,0.0,0.0
2023-05-11 00:00:00+08:00,0.017999999225139618,0.017999999225139618,0.017999999225139618,0.017999999225139618,500000,0.0,0.0
2023-05-12 00:00:00+08:00,0.017999999225139618,0.017999999225139618,0.017999999225139618,0.017999999225139618,510000,0.0,0.0
2023-05-15 00:00:00+08:00,0.017999999225139618,0.01899999938905239,0.017999999225139618,0.01899999938905239,638000,0.0,0.0
2023-05-16 00:00:00+08:00,0.017999999225139618,0.017999999225139618,0.017000000923871994,0.017000000923871994,2100000,0.0,0.0
2023-05-17 00:00:00+08:00,0.017000000923871994,0.017000000923871994,0.017000000923871994,0.017000000923871994,100000,0.0,0.0
2023-05-18 00:00:00+08:00,0.017000000923871994,0.017000000923871994,0.017000000923871994,0.017000000923871994,0,0.0,0.0
2023-05-19 00:00:00+08:00,0.017000000923871994,0.017000000923871994,0.017000000923871994,0.017000000923871994,75000,0.0,0.0
2023-05-22 00:00:00+08:00,0.017000000923871994,0.017000000923871994,0.01600000075995922,0.01600000075995922,2639500,0.0,0.0
2023-05-23 00:00:00+08:00,0.01600000075995922,0.01600000075995922,0.01600000075995922,0.01600000075995922,20000,0.0,0.0
2023-05-24 00:00:00+08:00,0.01600000075995922,0.01600000075995922,0.01600000075995922,0.01600000075995922,20000,0.0,0.0
2023-05-25 00:00:00+08:00,0.01600000075995922,0.01600000075995922,0.01600000075995922,0.01600000075995922,0,0.0,0.0
2023-05-26 00:00:00+08:00,0.01600000075995922,0.01600000075995922,0.01600000075995922,0.01600000075995922,20000,0.0,0.0
2023-05-29 00:00:00+08:00,0.017000000923871994,0.017000000923871994,0.01600000075995922,0.01600000075995922,978000,0.0,0.0
2023-05-30 00:00:00+08:00,0.01600000075995922,0.01600000075995922,0.01600000075995922,0.01600000075995922,0,0.0,0.0
2023-05-31 00:00:00+08:00,0.01600000075995922,0.01600000075995922,0.01600000075995922,0.01600000075995922,20000,0.0,0.0
2023-06-01 00:00:00+08:00,0.01600000075995922,0.01600000075995922,0.01600000075995922,0.01600000075995922,0,0.0,0.0
2023-06-05 00:00:00+08:00,0.017000000923871994,0.017000000923871994,0.017000000923871994,0.017000000923871994,800100,0.0,0.0
2023-06-06 00:00:00+08:00,0.017000000923871994,0.017000000923871994,0.017000000923871994,0.017000000923871994,0,0.0,0.0
2023-06-07 00:00:00+08:00,0.017000000923871994,0.017000000923871994,0.017000000923871994,0.017000000923871994,0,0.0,0.0
2023-06-08 00:00:00+08:00,0.017000000923871994,0.017000000923871994,0.017000000923871994,0.017000000923871994,0,0.0,0.0
2023-06-09 00:00:00+08:00,0.01600000075995922,0.01600000075995922,0.01600000075995922,0.01600000075995922,100000,0.0,0.0
2023-06-12 00:00:00+08:00,0.01600000075995922,0.01600000075995922,0.01600000075995922,0.01600000075995922,205000,0.0,0.0
2023-06-13 00:00:00+08:00,0.01600000075995922,0.017000000923871994,0.01600000075995922,0.01600000075995922,500100,0.0,0.0
2023-06-14 00:00:00+08:00,0.01600000075995922,0.01600000075995922,0.01600000075995922,0.01600000075995922,216900,0.0,0.0
2023-06-15 00:00:00+08:00,0.01600000075995922,0.01600000075995922,0.01600000075995922,0.01600000075995922,0,0.0,0.0
2023-06-16 00:00:00+08:00,0.01600000075995922,0.017000000923871994,0.01600000075995922,0.017000000923871994,105400,0.0,0.0
2023-06-19 00:00:00+08:00,0.017000000923871994,0.017000000923871994,0.01600000075995922,0.01600000075995922,80100,0.0,0.0
2023-06-20 00:00:00+08:00,0.01600000075995922,0.01600000075995922,0.01600000075995922,0.01600000075995922,0,0.0,0.0
2023-06-21 00:00:00+08:00,0.01600000075995922,0.01600000075995922,0.01600000075995922,0.01600000075995922,400100,0.0,0.0
2023-06-22 00:00:00+08:00,0.01600000075995922,0.01600000075995922,0.01600000075995922,0.01600000075995922,0,0.0,0.0
2023-06-23 00:00:00+08:00,0.01600000075995922,0.01600000075995922,0.01600000075995922,0.01600000075995922,240000,0.0,0.0
2023-06-26 00:00:00+08:00,0.01600000075995922,0.01600000075995922,0.01600000075995922,0.01600000075995922,0,0.0,0.0
2023-06-27 00:00:00+08:00,0.01600000075995922,0.017000000923871994,0.014999999664723873,0.014999999664723873,183300,0.0,0.0
2023-06-28 00:00:00+08:00,0.01600000075995922,0.01600000075995922,0.01600000075995922,0.01600000075995922,210000,0.0,0.0
2023-06-30 00:00:00+08:00,0.01600000075995922,0.01600000075995922,0.01600000075995922,0.01600000075995922,0,0.0,0.0
2023-07-03 00:00:00+08:00,0.01600000075995922,0.01600000075995922,0.01600000075995922,0.01600000075995922,0,0.0,0.0
2023-07-04 00:00:00+08:00,0.01600000075995922,0.01600000075995922,0.01600000075995922,0.01600000075995922,0,0.0,0.0
2023-07-05 00:00:00+08:00,0.01600000075995922,0.01600000075995922,0.01600000075995922,0.01600000075995922,0,0.0,0.0
2023-07-06 00:00:00+08:00,0.017000000923871994,0.017000000923871994,0.017000000923871994,0.017000000923871994,52000,0.0,0.0
2023-07-07 00:00:00+08:00,0.017000000923871994,0.017000000923871994,0.017000000923871994,0.017000000923871994,0,0.0,0.0
2023-07-10 00:00:00+08:00,0.017000000923871994,0.017000000923871994,0.017000000923871994,0.017000000923871994,0,0.0,0.0
2023-07-11 00:00:00+08:00,0.017000000923871994,0.017000000923871994,0.017000000923871994,0.017000000923871994,0,0.0,0.0
2023-07-12 00:00:00+08:00,0.017000000923871994,0.017000000923871994,0.017000000923871994,0.017000000923871994,398000,0.0,0.0
2023-07-13 00:00:00+08:00,0.017000000923871994,0.017000000923871994,0.01600000075995922,0.017000000923871994,300300,0.0,0.0
2023-07-14 00:00:00+08:00,0.01600000075995922,0.01600000075995922,0.01600000075995922,0.01600000075995922,332000,0.0,0.0
2023-07-17 00:00:00+08:00,0.017000000923871994,0.017000000923871994,0.01600000075995922,0.01600000075995922,250000,0.0,0.0
2023-07-18 00:00:00+08:00,0.017000000923871994,0.017000000923871994,0.01600000075995922,0.01600000075995922,2100,0.0,0.0
2023-07-19 00:00:00+08:00,0.01600000075995922,0.01600000075995922,0.01600000075995922,0.01600000075995922,0,0.0,0.0
2023-07-20 00:00:00+08:00,0.01600000075995922,0.01600000075995922,0.01600000075995922,0.01600000075995922,200000,0.0,0.0
2023-07-21 00:00:00+08:00,0.01600000075995922,0.01600000075995922,0.01600000075995922,0.01600000075995922,1478000,0.0,0.0
2023-07-24 00:00:00+08:00,0.01600000075995922,0.01600000075995922,0.01600000075995922,0.01600000075995922,966000,0.0,0.0
2023-07-25 00:00:00+08:00,0.01600000075995922,0.017000000923871994,0.01600000075995922,0.017000000923871994,5200100,0.0,0.0
2023-07-26 00:00:00+08:00,0.01600000075995922,0.01600000075995922,0.01600000075995922,0.01600000075995922,412300,0.0,0.0
2023-07-27 00:00:00+08:00,0.01600000075995922,0.01600000075995922,0.01600000075995922,0.01600000075995922,612000,0.0,0.0
2023-07-28 00:00:00+08:00,0.01600000075995922,0.01600000075995922,0.01600000075995922,0.01600000075995922,452000,0.0,0.0
2023-07-31 00:00:00+08:00,0.01600000075995922,0.01600000075995922,0.01600000075995922,0.01600000075995922,2350000,0.0,0.0
2023-08-01 00:00:00+08:00,0.01600000075995922,0.01600000075995922,0.01600000075995922,0.01600000075995922,2797500,0.0,0.0
2023-08-02 00:00:00+08:00,0.01600000075995922,0.017999999225139618,0.01600000075995922,0.017000000923871994,12399000,0.0,0.0
2023-08-03 00:00:00+08:00,0.01600000075995922,0.017000000923871994,0.014999999664723873,0.017000000923871994,1812900,0.0,0.0
2023-08-04 00:00:00+08:00,0.01600000075995922,0.01600000075995922,0.01600000075995922,0.01600000075995922,1044800,0.0,0.0
2023-08-07 00:00:00+08:00,0.01600000075995922,0.01600000075995922,0.014999999664723873,0.014999999664723873,819100,0.0,0.0
2023-08-08 00:00:00+08:00,0.01600000075995922,0.01600000075995922,0.014999999664723873,0.014999999664723873,1446100,0.0,0.0
2023-08-10 00:00:00+08:00,0.014999999664723873,0.014999999664723873,0.014999999664723873,0.014999999664723873,3113900,0.0,0.0
2023-08-11 00:00:00+08:00,0.014999999664723873,0.014999999664723873,0.014999999664723873,0.014999999664723873,44800,0.0,0.0
2023-08-14 00:00:00+08:00,0.014999999664723873,0.01600000075995922,0.014999999664723873,0.01600000075995922,391100,0.0,0.0
2023-08-15 00:00:00+08:00,0.01600000075995922,0.01600000075995922,0.01600000075995922,0.01600000075995922,0,0.0,0.0
2023-08-16 00:00:00+08:00,0.01600000075995922,0.01600000075995922,0.01600000075995922,0.01600000075995922,0,0.0,0.0
2023-08-17 00:00:00+08:00,0.01600000075995922,0.01600000075995922,0.014999999664723873,0.014999999664723873,461200,0.0,0.0
2023-08-18 00:00:00+08:00,0.014999999664723873,0.014999999664723873,0.014999999664723873,0.014999999664723873,109400,0.0,0.0
2023-08-21 00:00:00+08:00,0.014000000432133675,0.01600000075995922,0.014000000432133675,0.014999999664723873,222600,0.0,0.0
2023-08-22 00:00:00+08:00,0.014000000432133675,0.01600000075995922,0.014000000432133675,0.014999999664723873,259400,0.0,0.0
2023-08-23 00:00:00+08:00,0.014999999664723873,0.014999999664723873,0.014999999664723873,0.014999999664723873,0,0.0,0.0
2023-08-24 00:00:00+08:00,0.014999999664723873,0.014999999664723873,0.014999999664723873,0.014999999664723873,319400,0.0,0.0
2023-08-25 00:00:00+08:00,0.014999999664723873,0.014999999664723873,0.014000000432133675,0.014000000432133675,500100,0.0,0.0
2023-08-28 00:00:00+08:00,0.014999999664723873,0.01600000075995922,0.014999999664723873,0.01600000075995922,2000,0.0,0.0
2023-08-29 00:00:00+08:00,0.01600000075995922,0.01600000075995922,0.01600000075995922,0.01600000075995922,0,0.0,0.0
2023-08-30 00:00:00+08:00,0.014999999664723873,0.014999999664723873,0.014000000432133675,0.014999999664723873,419300,0.0,0.0
2023-08-31 00:00:00+08:00,0.014999999664723873,0.014999999664723873,0.014999999664723873,0.014999999664723873,0,0.0,0.0
2023-09-04 00:00:00+08:00,0.014999999664723873,0.014999999664723873,0.014999999664723873,0.014999999664723873,299400,0.0,0.0
2023-09-05 00:00:00+08:00,0.014000000432133675,0.014000000432133675,0.014000000432133675,0.014000000432133675,670000,0.0,0.0
2023-09-06 00:00:00+08:00,0.014000000432133675,0.014000000432133675,0.014000000432133675,0.014000000432133675,0,0.0,0.0
2023-09-07 00:00:00+08:00,0.014000000432133675,0.014000000432133675,0.013000000268220901,0.014000000432133675,1608000,0.0,0.0
2023-09-08 00:00:00+08:00,0.014000000432133675,0.014999999664723873,0.013000000268220901,0.014000000432133675,698900,0.0,0.0
2023-09-11 00:00:00+08:00,0.013000000268220901,0.013000000268220901,0.012000000104308128,0.013000000268220901,1426000,0.0,0.0
2023-09-12 00:00:00+08:00,0.013000000268220901,0.013000000268220901,0.013000000268220901,0.013000000268220901,100000,0.0,0.0
2023-09-13 00:00:00+08:00,0.013000000268220901,0.013000000268220901,0.013000000268220901,0.013000000268220901,0,0.0,0.0
2023-09-14 00:00:00+08:00,0.013000000268220901,0.013000000268220901,0.013000000268220901,0.013000000268220901,226000,0.0,0.0
2023-09-15 00:00:00+08:00,0.013000000268220901,0.013000000268220901,0.013000000268220901,0.013000000268220901,15000,0.0,0.0
2023-09-18 00:00:00+08:00,0.013000000268220901,0.013000000268220901,0.013000000268220901,0.013000000268220901,0,0.0,0.0
2023-09-19 00:00:00+08:00,0.013000000268220901,0.013000000268220901,0.013000000268220901,0.013000000268220901,0,0.0,0.0
2023-09-20 00:00:00+08:00,0.013000000268220901,0.013000000268220901,0.013000000268220901,0.013000000268220901,0,0.0,0.0
2023-09-21 00:00:00+08:00,0.013000000268220901,0.013000000268220901,0.013000000268220901,0.013000000268220901,250000,0.0,0.0
2023-09-22 00:00:00+08:00,0.013000000268220901,0.013000000268220901,0.013000000268220901,0.013000000268220901,72300,0.0,0.0
2023-09-25 00:00:00+08:00,0.013000000268220901,0.013000000268220901,0.013000000268220901,0.013000000268220901,0,0.0,0.0
2023-09-26 00:00:00+08:00,0.013000000268220901,0.013000000268220901,0.013000000268220901,0.013000000268220901,0,0.0,0.0
2023-09-27 00:00:00+08:00,0.013000000268220901,0.013000000268220901,0.013000000268220901,0.013000000268220901,0,0.0,0.0
2023-09-28 00:00:00+08:00,0.013000000268220901,0.013000000268220901,0.013000000268220901,0.013000000268220901,31700,0.0,0.0
2023-09-29 00:00:00+08:00,0.012000000104308128,0.012000000104308128,0.012000000104308128,0.012000000104308128,50000,0.0,0.0
2023-10-02 00:00:00+08:00,0.012000000104308128,0.012000000104308128,0.012000000104308128,0.012000000104308128,0,0.0,0.0
2023-10-03 00:00:00+08:00,0.012000000104308128,0.012000000104308128,0.012000000104308128,0.012000000104308128,0,0.0,0.0
2023-10-04 00:00:00+08:00,0.012000000104308128,0.012000000104308128,0.012000000104308128,0.012000000104308128,0,0.0,0.0
2023-10-05 00:00:00+08:00,0.012000000104308128,0.012000000104308128,0.012000000104308128,0.012000000104308128,0,0.0,0.0
2023-10-06 00:00:00+08:00,0.014000000432133675,0.014000000432133675,0.014000000432133675,0.014000000432133675,200,0.0,0.0
2023-10-09 00:00:00+08:00,0.014000000432133675,0.014000000432133675,0.012000000104308128,0.012000000104308128,4700,0.0,0.0
2023-10-10 00:00:00+08:00,0.012000000104308128,0.012000000104308128,0.012000000104308128,0.012000000104308128,0,0.0,0.0
2023-10-11 00:00:00+08:00,0.012000000104308128,0.012000000104308128,0.012000000104308128,0.012000000104308128,0,0.0,0.0
2023-10-12 00:00:00+08:00,0.012000000104308128,0.012000000104308128,0.012000000104308128,0.012000000104308128,0,0.0,0.0
2023-10-13 00:00:00+08:00,0.012000000104308128,0.012000000104308128,0.012000000104308128,0.012000000104308128,0,0.0,0.0
2023-10-16 00:00:00+08:00,0.012000000104308128,0.012000000104308128,0.012000000104308128,0.012000000104308128,643900,0.0,0.0
2023-10-17 00:00:00+08:00,0.010999999940395355,0.010999999940395355,0.010999999940395355,0.010999999940395355,30000,0.0,0.0
2023-10-18 00:00:00+08:00,0.014000000432133675,0.014000000432133675,0.014000000432133675,0.014000000432133675,10000,0.0,0.0
2023-10-19 00:00:00+08:00,0.012000000104308128,0.012000000104308128,0.012000000104308128,0.012000000104308128,300000,0.0,0.0
2023-10-20 00:00:00+08:00,0.012000000104308128,0.012000000104308128,0.012000000104308128,0.012000000104308128,958000,0.0,0.0
2023-10-23 00:00:00+08:00,0.012000000104308128,0.012000000104308128,0.012000000104308128,0.012000000104308128,650000,0.0,0.0
2023-10-24 00:00:00+08:00,0.012000000104308128,0.012000000104308128,0.012000000104308128,0.012000000104308128,0,0.0,0.0
2023-10-25 00:00:00+08:00,0.012000000104308128,0.012000000104308128,0.012000000104308128,0.012000000104308128,0,0.0,0.0
2023-10-26 00:00:00+08:00,0.012000000104308128,0.012000000104308128,0.012000000104308128,0.012000000104308128,0,0.0,0.0
2023-10-27 00:00:00+08:00,0.012000000104308128,0.012000000104308128,0.012000000104308128,0.012000000104308128,0,0.0,0.0
2023-10-30 00:00:00+08:00,0.012000000104308128,0.012000000104308128,0.012000000104308128,0.012000000104308128,0,0.0,0.0
2023-10-31 00:00:00+08:00,0.012000000104308128,0.012000000104308128,0.012000000104308128,0.012000000104308128,0,0.0,0.0
2023-11-01 00:00:00+08:00,0.012000000104308128,0.012000000104308128,0.012000000104308128,0.012000000104308128,0,0.0,0.0
2023-11-02 00:00:00+08:00,0.012000000104308128,0.012000000104308128,0.012000000104308128,0.012000000104308128,0,0.0,0.0
2023-11-03 00:00:00+08:00,0.012000000104308128,0.012000000104308128,0.012000000104308128,0.012000000104308128,0,0.0,0.0
2023-11-06 00:00:00+08:00,0.012000000104308128,0.012000000104308128,0.012000000104308128,0.012000000104308128,0,0.0,0.0
2023-11-07 00:00:00+08:00,0.013000000268220901,0.013000000268220901,0.013000000268220901,0.013000000268220901,50000,0.0,0.0
2023-11-08 00:00:00+08:00,0.013000000268220901,0.013000000268220901,0.013000000268220901,0.013000000268220901,0,0.0,0.0
2023-11-09 00:00:00+08:00,0.013000000268220901,0.013000000268220901,0.013000000268220901,0.013000000268220901,0,0.0,0.0
2023-11-10 00:00:00+08:00,0.013000000268220901,0.013000000268220901,0.013000000268220901,0.013000000268220901,0,0.0,0.0
2023-11-14 00:00:00+08:00,0.013000000268220901,0.013000000268220901,0.013000000268220901,0.013000000268220901,0,0.0,0.0
2023-11-15 00:00:00+08:00,0.013000000268220901,0.013000000268220901,0.013000000268220901,0.013000000268220901,0,0.0,0.0
2023-11-16 00:00:00+08:00,0.012000000104308128,0.012000000104308128,0.012000000104308128,0.012000000104308128,15000,0.0,0.0
2023-11-17 00:00:00+08:00,0.012000000104308128,0.012000000104308128,0.012000000104308128,0.012000000104308128,1900,0.0,0.0
2023-11-20 00:00:00+08:00,0.013000000268220901,0.013000000268220901,0.013000000268220901,0.013000000268220901,300,0.0,0.0
2023-11-21 00:00:00+08:00,0.013000000268220901,0.013000000268220901,0.013000000268220901,0.013000000268220901,0,0.0,0.0
2023-11-22 00:00:00+08:00,0.013000000268220901,0.013000000268220901,0.013000000268220901,0.013000000268220901,0,0.0,0.0
2023-11-23 00:00:00+08:00,0.013000000268220901,0.013000000268220901,0.013000000268220901,0.013000000268220901,0,0.0,0.0
2023-11-24 00:00:00+08:00,0.013000000268220901,0.013000000268220901,0.013000000268220901,0.013000000268220901,0,0.0,0.0
2023-11-27 00:00:00+08:00,0.013000000268220901,0.013000000268220901,0.013000000268220901,0.013000000268220901,0,0.0,0.0
2023-11-28 00:00:00+08:00,0.013000000268220901,0.013000000268220901,0.013000000268220901,0.013000000268220901,0,0.0,0.0
2023-11-29 00:00:00+08:00,0.010999999940395355,0.010999999940395355,0.008999999612569809,0.009999999776482582,4656100,0.0,0.0
2023-11-30 00:00:00+08:00,0.008999999612569809,0.009999999776482582,0.00800000037997961,0.008999999612569809,7311700,0.0,0.0
2023-12-01 00:00:00+08:00,0.008999999612569809,0.008999999612569809,0.008999999612569809,0.008999999612569809,200300,0.0,0.0
2023-12-04 00:00:00+08:00,0.00800000037997961,0.008999999612569809,0.00800000037997961,0.008999999612569809,1922000,0.0,0.0
2023-12-05 00:00:00+08:00,0.008999999612569809,0.008999999612569809,0.00800000037997961,0.008999999612569809,1439100,0.0,0.0
2023-12-06 00:00:00+08:00,0.008999999612569809,0.008999999612569809,0.008999999612569809,0.008999999612569809,0,0.0,0.0
2023-12-07 00:00:00+08:00,0.008999999612569809,0.008999999612569809,0.008999999612569809,0.008999999612569809,0,0.0,0.0
2023-12-08 00:00:00+08:00,0.008999999612569809,0.008999999612569809,0.008999999612569809,0.008999999612569809,0,0.0,0.0
2023-12-11 00:00:00+08:00,0.008999999612569809,0.008999999612569809,0.008999999612569809,0.008999999612569809,311700,0.0,0.0
2023-12-12 00:00:00+08:00,0.008999999612569809,0.008999999612569809,0.008999999612569809,0.008999999612569809,0,0.0,0.0
2023-12-13 00:00:00+08:00,0.009999999776482582,0.009999999776482582,0.008999999612569809,0.008999999612569809,20100,0.0,0.0
2023-12-14 00:00:00+08:00,0.008999999612569809,0.008999999612569809,0.008999999612569809,0.008999999612569809,100,0.0,0.0
2023-12-15 00:00:00+08:00,0.008999999612569809,0.008999999612569809,0.00800000037997961,0.00800000037997961,115900,0.0,0.0
2023-12-18 00:00:00+08:00,0.00800000037997961,0.008999999612569809,0.00800000037997961,0.00800000037997961,459500,0.0,0.0
2023-12-19 00:00:00+08:00,0.008999999612569809,0.008999999612569809,0.008999999612569809,0.008999999612569809,24300,0.0,0.0
2023-12-20 00:00:00+08:00,0.008999999612569809,0.008999999612569809,0.008999999612569809,0.008999999612569809,0,0.0,0.0
2023-12-21 00:00:00+08:00,0.008999999612569809,0.008999999612569809,0.008999999612569809,0.008999999612569809,200000,0.0,0.0
2023-12-22 00:00:00+08:00,0.00800000037997961,0.00800000037997961,0.00800000037997961,0.00800000037997961,14300,0.0,0.0
2023-12-26 00:00:00+08:00,0.00800000037997961,0.008999999612569809,0.00800000037997961,0.008999999612569809,11300,0.0,0.0
2023-12-27 00:00:00+08:00,0.008999999612569809,0.008999999612569809,0.008999999612569809,0.008999999612569809,659000,0.0,0.0
2023-12-28 00:00:00+08:00,0.008999999612569809,0.008999999612569809,0.008999999612569809,0.008999999612569809,16000,0.0,0.0
2023-12-29 00:00:00+08:00,0.008999999612569809,0.008999999612569809,0.00800000037997961,0.00800000037997961,123000,0.0,0.0
2024-01-02 00:00:00+08:00,0.008999999612569809,0.008999999612569809,0.008999999612569809,0.008999999612569809,870100,0.0,0.0
2024-01-03 00:00:00+08:00,0.008999999612569809,0.008999999612569809,0.008999999612569809,0.008999999612569809,2500,0.0,0.0
2024-01-04 00:00:00+08:00,0.008999999612569809,0.008999999612569809,0.008999999612569809,0.008999999612569809,1351800,0.0,0.0
2024-01-05 00:00:00+08:00,0.008999999612569809,0.008999999612569809,0.008999999612569809,0.008999999612569809,0,0.0,0.0
2024-01-08 00:00:00+08:00,0.008999999612569809,0.008999999612569809,0.008999999612569809,0.008999999612569809,0,0.0,0.0
2024-01-09 00:00:00+08:00,0.00800000037997961,0.00800000037997961,0.00800000037997961,0.00800000037997961,16000,0.0,0.0
2024-01-10 00:00:00+08:00,0.00800000037997961,0.00800000037997961,0.00800000037997961,0.00800000037997961,200000,0.0,0.0
2024-01-11 00:00:00+08:00,0.00800000037997961,0.00800000037997961,0.00800000037997961,0.00800000037997961,0,0.0,0.0
2024-01-12 00:00:00+08:00,0.00800000037997961,0.00800000037997961,0.00800000037997961,0.00800000037997961,0,0.0,0.0
2024-01-15 00:00:00+08:00,0.00800000037997961,0.009999999776482582,0.00800000037997961,0.009999999776482582,9100,0.0,0.0
2024-01-16 00:00:00+08:00,0.009999999776482582,0.009999999776482582,0.009999999776482582,0.009999999776482582,0,0.0,0.0
2024-01-17 00:00:00+08:00,0.009999999776482582,0.009999999776482582,0.009999999776482582,0.009999999776482582,0,0.0,0.0
2024-01-18 00:00:00+08:00,0.00800000037997961,0.009999999776482582,0.00800000037997961,0.008999999612569809,30000,0.0,0.0
2024-01-19 00:00:00+08:00,0.008999999612569809,0.008999999612569809,0.00800000037997961,0.00800000037997961,584400,0.0,0.0
2024-01-22 00:00:00+08:00,0.00800000037997961,0.00800000037997961,0.00800000037997961,0.00800000037997961,1900000,0.0,0.0
2024-01-23 00:00:00+08:00,0.00800000037997961,0.00800000037997961,0.007000000216066837,0.007000000216066837,565900,0.0,0.0
2024-01-24 00:00:00+08:00,0.007000000216066837,0.007000000216066837,0.007000000216066837,0.007000000216066837,0,0.0,0.0
2024-01-25 00:00:00+08:00,0.007000000216066837,0.007000000216066837,0.007000000216066837,0.007000000216066837,0,0.0,0.0
2024-01-26 00:00:00+08:00,0.007000000216066837,0.007000000216066837,0.007000000216066837,0.007000000216066837,0,0.0,0.0
2024-01-29 00:00:00+08:00,0.007000000216066837,0.007000000216066837,0.007000000216066837,0.007000000216066837,0,0.0,0.0
2024-01-30 00:00:00+08:00,0.007000000216066837,0.008999999612569809,0.007000000216066837,0.008999999612569809,100100,0.0,0.0
2024-01-31 00:00:00+08:00,0.00800000037997961,0.00800000037997961,0.00800000037997961,0.00800000037997961,100100,0.0,0.0
2024-02-01 00:00:00+08:00,0.00800000037997961,0.00800000037997961,0.00800000037997961,0.00800000037997961,0,0.0,0.0
2024-02-02 00:00:00+08:00,0.00800000037997961,0.00800000037997961,0.00800000037997961,0.00800000037997961,0,0.0,0.0
2024-02-05 00:00:00+08:00,0.00800000037997961,0.00800000037997961,0.00800000037997961,0.00800000037997961,0,0.0,0.0
2024-02-06 00:00:00+08:00,0.00800000037997961,0.00800000037997961,0.007000000216066837,0.007000000216066837,1785800,0.0,0.0
2024-02-07 00:00:00+08:00,0.007000000216066837,0.007000000216066837,0.007000000216066837,0.007000000216066837,0,0.0,0.0
2024-02-08 00:00:00+08:00,0.007000000216066837,0.007000000216066837,0.006000000052154064,0.007000000216066837,70100,0.0,0.0
2024-02-09 00:00:00+08:00,0.007000000216066837,0.007000000216066837,0.007000000216066837,0.007000000216066837,0,0.0,0.0
2024-02-13 00:00:00+08:00,0.006000000052154064,0.007000000216066837,0.006000000052154064,0.007000000216066837,30200,0.0,0.0
2024-02-14 00:00:00+08:00,0.007000000216066837,0.007000000216066837,0.007000000216066837,0.007000000216066837,0,0.0,0.0
2024-02-15 00:00:00+08:00,0.007000000216066837,0.007000000216066837,0.007000000216066837,0.007000000216066837,0,0.0,0.0
2024-02-16 00:00:00+08:00,0.007000000216066837,0.007000000216066837,0.007000000216066837,0.007000000216066837,0,0.0,0.0
2024-02-19 00:00:00+08:00,0.00800000037997961,0.00800000037997961,0.007000000216066837,0.007000000216066837,77300,0.0,0.0
2024-02-20 00:00:00+08:00,0.007000000216066837,0.007000000216066837,0.007000000216066837,0.007000000216066837,183900,0.0,0.0
2024-02-21 00:00:00+08:00,0.007000000216066837,0.007000000216066837,0.007000000216066837,0.007000000216066837,0,0.0,0.0
2024-02-22 00:00:00+08:00,0.007000000216066837,0.007000000216066837,0.007000000216066837,0.007000000216066837,300,0.0,0.0
2024-02-23 00:00:00+08:00,0.007000000216066837,0.007000000216066837,0.007000000216066837,0.007000000216066837,0,0.0,0.0
2024-02-26 00:00:00+08:00,0.007000000216066837,0.007000000216066837,0.007000000216066837,0.007000000216066837,0,0.0,0.0
2024-02-27 00:00:00+08:00,0.007000000216066837,0.007000000216066837,0.007000000216066837,0.007000000216066837,0,0.0,0.0
2024-02-28 00:00:00+08:00,0.007000000216066837,0.007000000216066837,0.007000000216066837,0.007000000216066837,0,0.0,0.0
2024-02-29 00:00:00+08:00,0.007000000216066837,0.007000000216066837,0.006000000052154064,0.006000000052154064,570000,0.0,0.0
2024-03-01 00:00:00+08:00,0.006000000052154064,0.006000000052154064,0.006000000052154064,0.006000000052154064,0,0.0,0.0
2024-03-04 00:00:00+08:00,0.006000000052154064,0.006000000052154064,0.006000000052154064,0.006000000052154064,0,0.0,0.0
2024-03-05 00:00:00+08:00,0.006000000052154064,0.006000000052154064,0.006000000052154064,0.006000000052154064,0,0.0,0.0
2024-03-06 00:00:00+08:00,0.006000000052154064,0.006000000052154064,0.006000000052154064,0.006000000052154064,70100,0.0,0.0
2024-03-07 00:00:00+08:00,0.006000000052154064,0.006000000052154064,0.006000000052154064,0.006000000052154064,200000,0.0,0.0
2024-03-08 00:00:00+08:00,0.006000000052154064,0.006000000052154064,0.006000000052154064,0.006000000052154064,7000,0.0,0.0
2024-03-11 00:00:00+08:00,0.006000000052154064,0.006000000052154064,0.006000000052154064,0.006000000052154064,0,0.0,0.0
2024-03-12 00:00:00+08:00,0.006000000052154064,0.006000000052154064,0.006000000052154064,0.006000000052154064,0,0.0,0.0
2024-03-13 00:00:00+08:00,0.006000000052154064,0.006000000052154064,0.006000000052154064,0.006000000052154064,0,0.0,0.0
2024-03-14 00:00:00+08:00,0.004999999888241291,0.004999999888241291,0.004999999888241291,0.004999999888241291,20000,0.0,0.0
2024-03-15 00:00:00+08:00,0.004999999888241291,0.004999999888241291,0.004999999888241291,0.004999999888241291,1100,0.0,0.0
2024-03-18 00:00:00+08:00,0.004999999888241291,0.004999999888241291,0.004999999888241291,0.004999999888241291,15000,0.0,0.0
2024-03-19 00:00:00+08:00,0.004999999888241291,0.004999999888241291,0.004999999888241291,0.004999999888241291,0,0.0,0.0
2024-03-20 00:00:00+08:00,0.007000000216066837,0.007000000216066837,0.007000000216066837,0.007000000216066837,482000,0.0,0.0
2024-03-21 00:00:00+08:00,0.007000000216066837,0.007000000216066837,0.007000000216066837,0.007000000216066837,0,0.0,0.0
2024-03-22 00:00:00+08:00,0.006000000052154064,0.007000000216066837,0.006000000052154064,0.007000000216066837,87000,0.0,0.0
2024-03-25 00:00:00+08:00,0.007000000216066837,0.007000000216066837,0.007000000216066837,0.007000000216066837,0,0.0,0.0
2024-03-26 00:00:00+08:00,0.007000000216066837,0.00800000037997961,0.007000000216066837,0.00800000037997961,971900,0.0,0.0
2024-03-27 00:00:00+08:00,0.007000000216066837,0.00800000037997961,0.007000000216066837,0.00800000037997961,131000,0.0,0.0
2024-03-28 00:00:00+08:00,0.00800000037997961,0.00800000037997961,0.00800000037997961,0.00800000037997961,0,0.0,0.0
2024-04-01 00:00:00+08:00,0.007000000216066837,0.007000000216066837,0.007000000216066837,0.007000000216066837,250000,0.0,0.0
2024-04-02 00:00:00+08:00,0.007000000216066837,0.007000000216066837,0.007000000216066837,0.007000000216066837,0,0.0,0.0
2024-04-03 00:00:00+08:00,0.007000000216066837,0.007000000216066837,0.007000000216066837,0.007000000216066837,0,0.0,0.0
2024-04-04 00:00:00+08:00,0.007000000216066837,0.007000000216066837,0.007000000216066837,0.007000000216066837,600000,0.0,0.0
2024-04-05 00:00:00+08:00,0.007000000216066837,0.00800000037997961,0.007000000216066837,0.007000000216066837,700100,0.0,0.0
2024-04-08 00:00:00+08:00,0.007000000216066837,0.00800000037997961,0.007000000216066837,0.007000000216066837,15800,0.0,0.0
2024-04-09 00:00:00+08:00,0.007000000216066837,0.007000000216066837,0.007000000216066837,0.007000000216066837,0,0.0,0.0
2024-04-11 00:00:00+08:00,0.007000000216066837,0.007000000216066837,0.007000000216066837,0.007000000216066837,318500,0.0,0.0
2024-04-12 00:00:00+08:00,0.00800000037997961,0.008999999612569809,0.00800000037997961,0.008999999612569809,3483000,0.0,0.0
2024-04-15 00:00:00+08:00,0.00800000037997961,0.00800000037997961,0.00800000037997961,0.00800000037997961,103800,0.0,0.0
2024-04-16 00:00:00+08:00,0.007000000216066837,0.007000000216066837,0.007000000216066837,0.007000000216066837,530000,0.0,0.0
2024-04-17 00:00:00+08:00,0.007000000216066837,0.007000000216066837,0.007000000216066837,0.007000000216066837,0,0.0,0.0
2024-04-18 00:00:00+08:00,0.007000000216066837,0.007000000216066837,0.007000000216066837,0.007000000216066837,150000,0.0,0.0
2024-04-19 00:00:00+08:00,0.007000000216066837,0.007000000216066837,0.007000000216066837,0.007000000216066837,0,0.0,0.0
2024-04-22 00:00:00+08:00,0.007000000216066837,0.007000000216066837,0.007000000216066837,0.007000000216066837,0,0.0,0.0
2024-04-23 00:00:00+08:00,0.007000000216066837,0.007000000216066837,0.007000000216066837,0.007000000216066837,0,0.0,0.0
2024-04-24 00:00:00+08:00,0.007000000216066837,0.007000000216066837,0.007000000216066837,0.007000000216066837,203500,0.0,0.0
2024-04-25 00:00:00+08:00,0.007000000216066837,0.007000000216066837,0.007000000216066837,0.007000000216066837,0,0.0,0.0
2024-04-26 00:00:00+08:00,0.007000000216066837,0.007000000216066837,0.007000000216066837,0.007000000216066837,0,0.0,0.0
2024-04-29 00:00:00+08:00,0.007000000216066837,0.007000000216066837,0.007000000216066837,0.007000000216066837,0,0.0,0.0
2024-04-30 00:00:00+08:00,0.007000000216066837,0.007000000216066837,0.007000000216066837,0.007000000216066837,0,0.0,0.0
2024-05-02 00:00:00+08:00,0.007000000216066837,0.007000000216066837,0.007000000216066837,0.007000000216066837,100000,0.0,0.0
2024-05-03 00:00:00+08:00,0.007000000216066837,0.007000000216066837,0.007000000216066837,0.007000000216066837,0,0.0,0.0
2024-05-06 00:00:00+08:00,0.007000000216066837,0.007000000216066837,0.007000000216066837,0.007000000216066837,0,0.0,0.0
2024-05-07 00:00:00+08:00,0.007000000216066837,0.007000000216066837,0.007000000216066837,0.007000000216066837,0,0.0,0.0
2024-05-08 00:00:00+08:00,0.005998999811708927,0.006856999825686216,0.005998999811708927,0.006856999825686216,12016,0.0,0.0
2024-05-09 00:00:00+08:00,0.006856999825686216,0.006856999825686216,0.006856999825686216,0.006856999825686216,0,0.0,0.0
2024-05-10 00:00:00+08:00,0.005998999811708927,0.005998999811708927,0.005142000038176775,0.005142000038176775,1543383,0.0,0.0
2024-05-13 00:00:00+08:00,0.005142000038176775,0.005142000038176775,0.005142000038176775,0.005142000038176775,0,0.0,0.0
2024-05-14 00:00:00+08:00,0.005142000038176775,0.005142000038176775,0.005142000038176775,0.005142000038176775,0,0.0,0.0
2024-05-15 00:00:00+08:00,0.005142000038176775,0.006856999825686216,0.005142000038176775,0.005998999811708927,3990233,0.0,0.0
2024-05-16 00:00:00+08:00,0.005998999811708927,0.005998999811708927,0.005142000038176775,0.005142000038176775,60200,0.0,0.0
2024-05-17 00:00:00+08:00,0.006000000052154064,0.006000000052154064,0.006000000052154064,0.006000000052154064,313700,0.0,0.0
2024-05-20 00:00:00+08:00,0.004999999888241291,0.004999999888241291,0.004999999888241291,0.004999999888241291,220000,0.0,0.0
2024-05-21 00:00:00+08:00,0.004999999888241291,0.006000000052154064,0.004999999888241291,0.004999999888241291,1427000,0.0,0.0
2024-05-23 00:00:00+08:00,0.004999999888241291,0.004999999888241291,0.004999999888241291,0.004999999888241291,0,0.0,0.0
2024-05-24 00:00:00+08:00,0.004999999888241291,0.004999999888241291,0.004999999888241291,0.004999999888241291,253000,0.0,0.0
2024-05-27 00:00:00+08:00,0.004999999888241291,0.006000000052154064,0.004000000189989805,0.006000000052154064,2864300,0.0,0.0
2024-05-28 00:00:00+08:00,0.004000000189989805,0.004999999888241291,0.004000000189989805,0.004999999888241291,2040000,0.0,0.0
2024-05-29 00:00:00+08:00,0.004999999888241291,0.004999999888241291,0.004000000189989805,0.004000000189989805,209600,0.0,0.0
2024-05-30 00:00:00+08:00,0.004000000189989805,0.004000000189989805,0.004000000189989805,0.004000000189989805,1022000,0.0,0.0
2024-05-31 00:00:00+08:00,0.004000000189989805,0.004000000189989805,0.004000000189989805,0.004000000189989805,236000,0.0,0.0
2024-06-03 00:00:00+08:00,0.004999999888241291,0.004999999888241291,0.004999999888241291,0.004999999888241291,4672600,0.0,0.0
2024-06-04 00:00:00+08:00,0.004999999888241291,0.004999999888241291,0.004999999888241291,0.004999999888241291,0,0.0,0.0
2024-06-05 00:00:00+08:00,0.004999999888241291,0.004999999888241291,0.004999999888241291,0.004999999888241291,2206000,0.0,0.0
2024-06-06 00:00:00+08:00,0.004000000189989805,0.004000000189989805,0.004000000189989805,0.004000000189989805,15000,0.0,0.0
2024-06-07 00:00:00+08:00,0.004999999888241291,0.004999999888241291,0.004999999888241291,0.004999999888241291,2239100,0.0,0.0
2024-06-10 00:00:00+08:00,0.004000000189989805,0.006000000052154064,0.004000000189989805,0.006000000052154064,403500,0.0,0.0
2024-06-11 00:00:00+08:00,0.004999999888241291,0.004999999888241291,0.004999999888241291,0.004999999888241291,456000,0.0,0.0
2024-06-12 00:00:00+08:00,0.004999999888241291,0.004999999888241291,0.004999999888241291,0.004999999888241291,595500,0.0,0.0
2024-06-13 00:00:00+08:00,0.004999999888241291,0.004999999888241291,0.004999999888241291,0.004999999888241291,200000,0.0,0.0
2024-06-14 00:00:00+08:00,0.004999999888241291,0.004999999888241291,0.004999999888241291,0.004999999888241291,393300,0.0,0.0
2024-06-18 00:00:00+08:00,0.004999999888241291,0.004999999888241291,0.004000000189989805,0.004999999888241291,1807700,0.0,0.0
2024-06-19 00:00:00+08:00,0.004000000189989805,0.004999999888241291,0.004000000189989805,0.004999999888241291,200,0.0,0.0
2024-06-20 00:00:00+08:00,0.004999999888241291,0.004999999888241291,0.004999999888241291,0.004999999888241291,0,0.0,0.0
2024-06-21 00:00:00+08:00,0.004000000189989805,0.004999999888241291,0.004000000189989805,0.004000000189989805,1400100,0.0,0.0
2024-06-24 00:00:00+08:00,0.004000000189989805,0.004000000189989805,0.004000000189989805,0.004000000189989805,0,0.0,0.0
2024-06-25 00:00:00+08:00,0.004000000189989805,0.004000000189989805,0.004000000189989805,0.004000000189989805,0,0.0,0.0
2024-06-26 00:00:00+08:00,0.004000000189989805,0.004999999888241291,0.004000000189989805,0.004000000189989805,1800,0.0,0.0
2024-06-27 00:00:00+08:00,0.004000000189989805,0.004000000189989805,0.004000000189989805,0.004000000189989805,0,0.0,0.0
2024-06-28 00:00:00+08:00,0.004000000189989805,0.004999999888241291,0.004000000189989805,0.004999999888241291,335100,0.0,0.0
2024-07-01 00:00:00+08:00,0.004999999888241291,0.004999999888241291,0.004999999888241291,0.004999999888241291,0,0.0,0.0
2024-07-02 00:00:00+08:00,0.004999999888241291,0.004999999888241291,0.004999999888241291,0.004999999888241291,100000,0.0,0.0
2024-07-03 00:00:00+08:00,0.004999999888241291,0.004999999888241291,0.004999999888241291,0.004999999888241291,0,0.0,0.0
2024-07-04 00:00:00+08:00,0.004999999888241291,0.004999999888241291,0.004999999888241291,0.004999999888241291,0,0.0,0.0
2024-07-05 00:00:00+08:00,0.004000000189989805,0.004999999888241291,0.004000000189989805,0.004999999888241291,4800,0.0,0.0
2024-07-08 00:00:00+08:00,0.004999999888241291,0.004999999888241291,0.004999999888241291,0.004999999888241291,10000,0.0,0.0
2024-07-09 00:00:00+08:00,0.004999999888241291,0.004999999888241291,0.004999999888241291,0.004999999888241291,0,0.0,0.0
2024-07-10 00:00:00+08:00,0.004000000189989805,0.004000000189989805,0.004000000189989805,0.004000000189989805,5385100,0.0,0.0
2024-07-11 00:00:00+08:00,0.004000000189989805,0.004000000189989805,0.004000000189989805,0.004000000189989805,722000,0.0,0.0
2024-07-12 00:00:00+08:00,0.004000000189989805,0.004000000189989805,0.004000000189989805,0.004000000189989805,0,0.0,0.0
2024-07-15 00:00:00+08:00,0.004000000189989805,0.004000000189989805,0.004000000189989805,0.004000000189989805,1336700,0.0,0.0
2024-07-16 00:00:00+08:00,0.004000000189989805,0.004000000189989805,0.004000000189989805,0.004000000189989805,2022800,0.0,0.0
2024-07-17 00:00:00+08:00,0.004000000189989805,0.004000000189989805,0.004000000189989805,0.004000000189989805,0,0.0,0.0
2024-07-18 00:00:00+08:00,0.004000000189989805,0.004000000189989805,0.004000000189989805,0.004000000189989805,120000,0.0,0.0
2024-07-19 00:00:00+08:00,0.004000000189989805,0.004000000189989805,0.004000000189989805,0.004000000189989805,800000,0.0,0.0
2024-07-22 00:00:00+08:00,0.004000000189989805,0.004000000189989805,0.004000000189989805,0.004000000189989805,200000,0.0,0.0
2024-07-23 00:00:00+08:00,0.004000000189989805,0.004000000189989805,0.004000000189989805,0.004000000189989805,0,0.0,0.0
2024-07-24 00:00:00+08:00,0.004000000189989805,0.004000000189989805,0.004000000189989805,0.004000000189989805,0,0.0,0.0
2024-07-25 00:00:00+08:00,0.004000000189989805,0.004000000189989805,0.004000000189989805,0.004000000189989805,1829500,0.0,0.0
2024-07-26 00:00:00+08:00,0.004000000189989805,0.004000000189989805,0.004000000189989805,0.004000000189989805,376000,0.0,0.0
2024-07-29 00:00:00+08:00,0.004000000189989805,0.004000000189989805,0.004000000189989805,0.004000000189989805,397100,0.0,0.0
2024-07-30 00:00:00+08:00,0.004000000189989805,0.004000000189989805,0.004000000189989805,0.004000000189989805,0,0.0,0.0
2024-07-31 00:00:00+08:00,0.004000000189989805,0.004000000189989805,0.004000000189989805,0.004000000189989805,0,0.0,0.0
2024-08-01 00:00:00+08:00,0.004000000189989805,0.004000000189989805,0.004000000189989805,0.004000000189989805,686900,0.0,0.0
2024-08-02 00:00:00+08:00,0.004000000189989805,0.004000000189989805,0.004000000189989805,0.004000000189989805,0,0.0,0.0
2024-08-05 00:00:00+08:00,0.004000000189989805,0.004000000189989805,0.004000000189989805,0.004000000189989805,0,0.0,0.0
2024-08-06 00:00:00+08:00,0.004000000189989805,0.004000000189989805,0.004000000189989805,0.004000000189989805,2000000,0.0,0.0
2024-08-07 00:00:00+08:00,0.004000000189989805,0.004000000189989805,0.004000000189989805,0.004000000189989805,100,0.0,0.0
2024-08-08 00:00:00+08:00,0.004000000189989805,0.004000000189989805,0.004000000189989805,0.004000000189989805,0,0.0,0.0
