Date,Open,High,Low,Close,Volume,Dividends,Stock Splits,Capital Gains
2020-06-04 00:00:00-04:00,25.3700008392334,25.3700008392334,25.26799964904785,25.26799964904785,4400,0.0,0.0,0.0
2020-06-05 00:00:00-04:00,25.649999618530273,25.65999984741211,25.56599998474121,25.56599998474121,400,0.0,0.0,0.0
2020-06-08 00:00:00-04:00,25.719999313354492,25.719999313354492,25.694000244140625,25.694000244140625,600,0.0,0.0,0.0
2020-06-09 00:00:00-04:00,25.639999389648438,25.709999084472656,25.6200008392334,25.64900016784668,8600,0.0,0.0,0.0
2020-06-10 00:00:00-04:00,25.579999923706055,25.59000015258789,25.493999481201172,25.493999481201172,2500,0.0,0.0,0.0
2020-06-11 00:00:00-04:00,25.030000686645508,25.030000686645508,24.6560001373291,24.6560001373291,1100,0.0,0.0,0.0
2020-06-12 00:00:00-04:00,24.770000457763672,24.770000457763672,24.761999130249023,24.761999130249023,300,0.0,0.0,0.0
2020-06-15 00:00:00-04:00,24.780000686645508,24.93400001525879,24.780000686645508,24.93400001525879,200,0.0,0.0,0.0
2020-06-16 00:00:00-04:00,25.15999984741211,25.15999984741211,25.010000228881836,25.010000228881836,300,0.0,0.0,0.0
2020-06-17 00:00:00-04:00,25.075000762939453,25.075000762939453,25.075000762939453,25.075000762939453,100,0.0,0.0,0.0
2020-06-18 00:00:00-04:00,25.070999145507812,25.070999145507812,25.070999145507812,25.070999145507812,100,0.0,0.0,0.0
2020-06-19 00:00:00-04:00,25.0310001373291,25.0310001373291,25.0310001373291,25.0310001373291,0,0.0,0.0,0.0
2020-06-22 00:00:00-04:00,25.049999237060547,25.12299919128418,25.049999237060547,25.12299919128418,200,0.0,0.0,0.0
2020-06-23 00:00:00-04:00,25.261999130249023,25.261999130249023,25.261999130249023,25.261999130249023,0,0.0,0.0,0.0
2020-06-24 00:00:00-04:00,24.802000045776367,24.802000045776367,24.802000045776367,24.802000045776367,100,0.0,0.0,0.0
2020-06-25 00:00:00-04:00,25.062000274658203,25.062000274658203,25.062000274658203,25.062000274658203,100,0.0,0.0,0.0
2020-06-26 00:00:00-04:00,24.70800018310547,24.70800018310547,24.70800018310547,24.70800018310547,100,0.0,0.0,0.0
2020-06-29 00:00:00-04:00,24.929000854492188,24.929000854492188,24.929000854492188,24.929000854492188,100,0.0,0.0,0.0
2020-06-30 00:00:00-04:00,25.20400047302246,25.20400047302246,25.20400047302246,25.20400047302246,0,0.0,0.0,0.0
2020-07-01 00:00:00-04:00,25.264999389648438,25.264999389648438,25.264999389648438,25.264999389648438,100,0.0,0.0,0.0
2020-07-02 00:00:00-04:00,25.395000457763672,25.395000457763672,25.395000457763672,25.395000457763672,100,0.0,0.0,0.0
2020-07-06 00:00:00-04:00,25.51099967956543,25.55900001525879,25.510000228881836,25.55900001525879,6600,0.0,0.0,0.0
2020-07-07 00:00:00-04:00,25.42099952697754,25.42099952697754,25.42099952697754,25.42099952697754,100,0.0,0.0,0.0
2020-07-08 00:00:00-04:00,25.5049991607666,25.5049991607666,25.5049991607666,25.5049991607666,0,0.0,0.0,0.0
2020-07-09 00:00:00-04:00,25.43000030517578,25.43000030517578,25.43000030517578,25.43000030517578,100,0.0,0.0,0.0
2020-07-10 00:00:00-04:00,25.55699920654297,25.55699920654297,25.55699920654297,25.55699920654297,0,0.0,0.0,0.0
2020-07-13 00:00:00-04:00,25.44300079345703,25.44300079345703,25.44300079345703,25.44300079345703,0,0.0,0.0,0.0
2020-07-14 00:00:00-04:00,25.56399917602539,25.56399917602539,25.56399917602539,25.56399917602539,0,0.0,0.0,0.0
2020-07-15 00:00:00-04:00,25.645999908447266,25.645999908447266,25.645999908447266,25.645999908447266,0,0.0,0.0,0.0
2020-07-16 00:00:00-04:00,25.63599967956543,25.63599967956543,25.63599967956543,25.63599967956543,0,0.0,0.0,0.0
2020-07-17 00:00:00-04:00,25.722999572753906,25.722999572753906,25.722999572753906,25.722999572753906,0,0.0,0.0,0.0
2020-07-20 00:00:00-04:00,25.847999572753906,25.847999572753906,25.847999572753906,25.847999572753906,0,0.0,0.0,0.0
2020-07-21 00:00:00-04:00,25.878000259399414,25.878000259399414,25.878000259399414,25.878000259399414,0,0.0,0.0,0.0
2020-07-22 00:00:00-04:00,25.924999237060547,25.924999237060547,25.924999237060547,25.924999237060547,0,0.0,0.0,0.0
2020-07-23 00:00:00-04:00,25.768999099731445,25.768999099731445,25.768999099731445,25.768999099731445,0,0.0,0.0,0.0
2020-07-24 00:00:00-04:00,25.68899917602539,25.68899917602539,25.68899917602539,25.68899917602539,100,0.0,0.0,0.0
2020-07-27 00:00:00-04:00,25.799999237060547,25.799999237060547,25.799999237060547,25.799999237060547,0,0.0,0.0,0.0
2020-07-28 00:00:00-04:00,25.75,25.75,25.75,25.75,200,0.0,0.0,0.0
2020-07-29 00:00:00-04:00,25.868000030517578,25.868000030517578,25.868000030517578,25.868000030517578,0,0.0,0.0,0.0
2020-07-30 00:00:00-04:00,25.763999938964844,25.763999938964844,25.763999938964844,25.763999938964844,0,0.0,0.0,0.0
2020-07-31 00:00:00-04:00,25.8700008392334,25.8700008392334,25.8700008392334,25.8700008392334,100,0.0,0.0,0.0
2020-08-03 00:00:00-04:00,25.989999771118164,25.989999771118164,25.989999771118164,25.989999771118164,100,0.0,0.0,0.0
2020-08-04 00:00:00-04:00,26.027999877929688,26.027999877929688,26.027999877929688,26.027999877929688,0,0.0,0.0,0.0
2020-08-05 00:00:00-04:00,26.14900016784668,26.14900016784668,26.106000900268555,26.106000900268555,300,0.0,0.0,0.0
2020-08-06 00:00:00-04:00,26.174999237060547,26.174999237060547,26.174999237060547,26.174999237060547,0,0.0,0.0,0.0
2020-08-07 00:00:00-04:00,26.177000045776367,26.177000045776367,26.177000045776367,26.177000045776367,0,0.0,0.0,0.0
2020-08-10 00:00:00-04:00,26.204999923706055,26.204999923706055,26.204999923706055,26.204999923706055,0,0.0,0.0,0.0
2020-08-11 00:00:00-04:00,26.13599967956543,26.13599967956543,26.13599967956543,26.13599967956543,100,0.0,0.0,0.0
2020-08-12 00:00:00-04:00,26.263999938964844,26.263999938964844,26.263999938964844,26.263999938964844,0,0.0,0.0,0.0
2020-08-13 00:00:00-04:00,26.239999771118164,26.239999771118164,26.239999771118164,26.239999771118164,0,0.0,0.0,0.0
2020-08-14 00:00:00-04:00,26.264999389648438,26.264999389648438,26.264999389648438,26.264999389648438,0,0.0,0.0,0.0
2020-08-17 00:00:00-04:00,26.264999389648438,26.264999389648438,26.264999389648438,26.264999389648438,0,0.0,0.0,0.0
2020-08-18 00:00:00-04:00,26.30500030517578,26.30500030517578,26.30500030517578,26.30500030517578,0,0.0,0.0,0.0
2020-08-19 00:00:00-04:00,26.266000747680664,26.266000747680664,26.266000747680664,26.266000747680664,0,0.0,0.0,0.0
2020-08-20 00:00:00-04:00,26.28499984741211,26.28499984741211,26.28499984741211,26.28499984741211,100,0.0,0.0,0.0
2020-08-21 00:00:00-04:00,26.31999969482422,26.31999969482422,26.31999969482422,26.31999969482422,0,0.0,0.0,0.0
2020-08-24 00:00:00-04:00,26.410999298095703,26.410999298095703,26.410999298095703,26.410999298095703,0,0.0,0.0,0.0
2020-08-25 00:00:00-04:00,26.434999465942383,26.434999465942383,26.434999465942383,26.434999465942383,0,0.0,0.0,0.0
2020-08-26 00:00:00-04:00,26.489999771118164,26.489999771118164,26.489999771118164,26.489999771118164,0,0.0,0.0,0.0
2020-08-27 00:00:00-04:00,26.423999786376953,26.423999786376953,26.423999786376953,26.423999786376953,100,0.0,0.0,0.0
2020-08-28 00:00:00-04:00,26.514999389648438,26.514999389648438,26.514999389648438,26.514999389648438,0,0.0,0.0,0.0
2020-08-31 00:00:00-04:00,26.493999481201172,26.493999481201172,26.493999481201172,26.493999481201172,0,0.0,0.0,0.0
2020-09-01 00:00:00-04:00,26.479000091552734,26.479000091552734,26.479000091552734,26.479000091552734,100,0.0,0.0,0.0
2020-09-02 00:00:00-04:00,26.5310001373291,26.5310001373291,26.5310001373291,26.5310001373291,0,0.0,0.0,0.0
2020-09-03 00:00:00-04:00,26.176000595092773,26.176000595092773,26.176000595092773,26.176000595092773,100,0.0,0.0,0.0
2020-09-04 00:00:00-04:00,26.187000274658203,26.187000274658203,26.187000274658203,26.187000274658203,0,0.0,0.0,0.0
2020-09-08 00:00:00-04:00,26.02199935913086,26.02199935913086,26.02199935913086,26.02199935913086,100,0.0,0.0,0.0
2020-09-09 00:00:00-04:00,26.270999908447266,26.270999908447266,26.270999908447266,26.270999908447266,100,0.0,0.0,0.0
2020-09-10 00:00:00-04:00,26.10700035095215,26.10700035095215,26.10700035095215,26.10700035095215,0,0.0,0.0,0.0
2020-09-11 00:00:00-04:00,26.1560001373291,26.1560001373291,26.1560001373291,26.1560001373291,0,0.0,0.0,0.0
2020-09-14 00:00:00-04:00,26.29199981689453,26.29199981689453,26.29199981689453,26.29199981689453,0,0.0,0.0,0.0
2020-09-15 00:00:00-04:00,26.334999084472656,26.334999084472656,26.334999084472656,26.334999084472656,0,0.0,0.0,0.0
2020-09-16 00:00:00-04:00,26.350000381469727,26.350000381469727,26.283000946044922,26.283000946044922,7800,0.0,0.0,0.0
2020-09-17 00:00:00-04:00,26.197999954223633,26.197999954223633,26.197999954223633,26.197999954223633,0,0.0,0.0,0.0
2020-09-18 00:00:00-04:00,26.107999801635742,26.107999801635742,26.107999801635742,26.107999801635742,0,0.0,0.0,0.0
2020-09-21 00:00:00-04:00,25.986000061035156,25.986000061035156,25.986000061035156,25.986000061035156,0,0.0,0.0,0.0
2020-09-22 00:00:00-04:00,26.038999557495117,26.086999893188477,26.01099967956543,26.086999893188477,900,0.0,0.0,0.0
2020-09-23 00:00:00-04:00,25.819000244140625,25.819000244140625,25.819000244140625,25.819000244140625,0,0.0,0.0,0.0
2020-09-24 00:00:00-04:00,25.850000381469727,25.86400032043457,25.850000381469727,25.86400032043457,2800,0.0,0.0,0.0
2020-09-25 00:00:00-04:00,26.041000366210938,26.041000366210938,26.041000366210938,26.041000366210938,0,0.0,0.0,0.0
2020-09-28 00:00:00-04:00,26.219999313354492,26.219999313354492,26.190000534057617,26.190000534057617,100,0.0,0.0,0.0
2020-09-29 00:00:00-04:00,26.15999984741211,26.15999984741211,26.15999984741211,26.15999984741211,200,0.0,0.0,0.0
2020-09-30 00:00:00-04:00,26.26799964904785,26.26799964904785,26.26799964904785,26.26799964904785,0,0.0,0.0,0.0
2020-10-01 00:00:00-04:00,26.253000259399414,26.253000259399414,26.253000259399414,26.253000259399414,0,0.0,0.0,0.0
2020-10-02 00:00:00-04:00,26.17099952697754,26.17099952697754,26.17099952697754,26.17099952697754,100,0.0,0.0,0.0
2020-10-05 00:00:00-04:00,26.33799934387207,26.33799934387207,26.33799934387207,26.33799934387207,0,0.0,0.0,0.0
2020-10-06 00:00:00-04:00,26.229999542236328,26.229999542236328,26.229999542236328,26.229999542236328,0,0.0,0.0,0.0
2020-10-07 00:00:00-04:00,26.415000915527344,26.415000915527344,26.415000915527344,26.415000915527344,0,0.0,0.0,0.0
2020-10-08 00:00:00-04:00,26.489999771118164,26.489999771118164,26.489999771118164,26.489999771118164,0,0.0,0.0,0.0
2020-10-09 00:00:00-04:00,26.60700035095215,26.60700035095215,26.60700035095215,26.60700035095215,0,0.0,0.0,0.0
2020-10-12 00:00:00-04:00,26.770000457763672,26.780000686645508,26.756000518798828,26.756000518798828,17600,0.0,0.0,0.0
2020-10-13 00:00:00-04:00,26.75,26.75,26.7189998626709,26.7189998626709,16600,0.0,0.0,0.0
2020-10-14 00:00:00-04:00,26.650999069213867,26.673999786376953,26.649999618530273,26.673999786376953,400,0.0,0.0,0.0
2020-10-15 00:00:00-04:00,26.6560001373291,26.6560001373291,26.6560001373291,26.6560001373291,0,0.0,0.0,0.0
2020-10-16 00:00:00-04:00,26.700000762939453,26.700000762939453,26.670000076293945,26.670000076293945,3400,0.0,0.0,0.0
2020-10-19 00:00:00-04:00,26.690000534057617,26.690000534057617,26.496999740600586,26.496999740600586,400,0.0,0.0,0.0
2020-10-20 00:00:00-04:00,26.54599952697754,26.54599952697754,26.54599952697754,26.54599952697754,0,0.0,0.0,0.0
2020-10-21 00:00:00-04:00,26.55900001525879,26.55900001525879,26.55900001525879,26.55900001525879,0,0.0,0.0,0.0
2020-10-22 00:00:00-04:00,26.628000259399414,26.628000259399414,26.628000259399414,26.628000259399414,0,0.0,0.0,0.0
2020-10-23 00:00:00-04:00,26.652000427246094,26.652000427246094,26.652000427246094,26.652000427246094,100,0.0,0.0,0.0
2020-10-26 00:00:00-04:00,26.450000762939453,26.450000762939453,26.450000762939453,26.450000762939453,0,0.0,0.0,0.0
2020-10-27 00:00:00-04:00,26.42300033569336,26.42300033569336,26.42300033569336,26.42300033569336,0,0.0,0.0,0.0
2020-10-28 00:00:00-04:00,25.992000579833984,25.992000579833984,25.992000579833984,25.992000579833984,0,0.0,0.0,0.0
2020-10-29 00:00:00-04:00,26.19499969482422,26.19499969482422,26.19499969482422,26.19499969482422,0,0.0,0.0,0.0
2020-10-30 00:00:00-04:00,25.999000549316406,25.999000549316406,25.999000549316406,25.999000549316406,100,0.0,0.0,0.0
2020-11-02 00:00:00-05:00,26.17799949645996,26.17799949645996,26.17799949645996,26.17799949645996,0,0.0,0.0,0.0
2020-11-03 00:00:00-05:00,26.41699981689453,26.41699981689453,26.41699981689453,26.41699981689453,0,0.0,0.0,0.0
2020-11-04 00:00:00-05:00,26.64699935913086,26.64699935913086,26.64699935913086,26.64699935913086,0,0.0,0.0,0.0
2020-11-05 00:00:00-05:00,26.790000915527344,26.790000915527344,26.790000915527344,26.790000915527344,100,0.0,0.0,0.0
2020-11-06 00:00:00-05:00,26.826000213623047,26.826000213623047,26.826000213623047,26.826000213623047,0,0.0,0.0,0.0
2020-11-09 00:00:00-05:00,26.95400047302246,26.95400047302246,26.95400047302246,26.95400047302246,0,0.0,0.0,0.0
2020-11-10 00:00:00-05:00,26.94099998474121,26.94099998474121,26.94099998474121,26.94099998474121,100,0.0,0.0,0.0
2020-11-11 00:00:00-05:00,27.020999908447266,27.020999908447266,27.020999908447266,27.020999908447266,0,0.0,0.0,0.0
2020-11-12 00:00:00-05:00,26.913000106811523,26.913000106811523,26.913000106811523,26.913000106811523,0,0.0,0.0,0.0
2020-11-13 00:00:00-05:00,27.049999237060547,27.049999237060547,27.049999237060547,27.049999237060547,0,0.0,0.0,0.0
2020-11-16 00:00:00-05:00,27.097999572753906,27.097999572753906,27.097999572753906,27.097999572753906,0,0.0,0.0,0.0
2020-11-17 00:00:00-05:00,27.100000381469727,27.100000381469727,27.100000381469727,27.100000381469727,100,0.0,0.0,0.0
2020-11-18 00:00:00-05:00,27.035999298095703,27.035999298095703,27.035999298095703,27.035999298095703,100,0.0,0.0,0.0
2020-11-19 00:00:00-05:00,27.06100082397461,27.06100082397461,27.06100082397461,27.06100082397461,0,0.0,0.0,0.0
2020-11-20 00:00:00-05:00,27.034000396728516,27.034000396728516,27.034000396728516,27.034000396728516,0,0.0,0.0,0.0
2020-11-23 00:00:00-05:00,27.079999923706055,27.079999923706055,27.079999923706055,27.079999923706055,0,0.0,0.0,0.0
2020-11-24 00:00:00-05:00,27.173999786376953,27.173999786376953,27.173999786376953,27.173999786376953,0,0.0,0.0,0.0
2020-11-25 00:00:00-05:00,27.174999237060547,27.174999237060547,27.174999237060547,27.174999237060547,0,0.0,0.0,0.0
2020-11-27 00:00:00-05:00,27.204999923706055,27.204999923706055,27.204999923706055,27.204999923706055,0,0.0,0.0,0.0
2020-11-30 00:00:00-05:00,27.16900062561035,27.16900062561035,27.16900062561035,27.16900062561035,100,0.0,0.0,0.0
2020-12-01 00:00:00-05:00,27.2450008392334,27.2450008392334,27.2450008392334,27.2450008392334,0,0.0,0.0,0.0
2020-12-02 00:00:00-05:00,27.260000228881836,27.260000228881836,27.260000228881836,27.260000228881836,0,0.0,0.0,0.0
2020-12-03 00:00:00-05:00,27.236000061035156,27.236000061035156,27.236000061035156,27.236000061035156,0,0.0,0.0,0.0
2020-12-04 00:00:00-05:00,27.29199981689453,27.29199981689453,27.29199981689453,27.29199981689453,0,0.0,0.0,0.0
2020-12-07 00:00:00-05:00,27.27199935913086,27.27199935913086,27.27199935913086,27.27199935913086,0,0.0,0.0,0.0
2020-12-08 00:00:00-05:00,27.295000076293945,27.295000076293945,27.295000076293945,27.295000076293945,0,0.0,0.0,0.0
2020-12-09 00:00:00-05:00,27.329999923706055,27.329999923706055,27.263999938964844,27.263999938964844,900,0.0,0.0,0.0
2020-12-10 00:00:00-05:00,27.2549991607666,27.2549991607666,27.2549991607666,27.2549991607666,0,0.0,0.0,0.0
2020-12-11 00:00:00-05:00,27.204999923706055,27.204999923706055,27.204999923706055,27.204999923706055,0,0.0,0.0,0.0
2020-12-14 00:00:00-05:00,27.19700050354004,27.19700050354004,27.19700050354004,27.19700050354004,0,0.0,0.0,0.0
2020-12-15 00:00:00-05:00,26.033000946044922,26.033000946044922,26.033000946044922,26.033000946044922,0,0.0,0.0,0.0
2020-12-16 00:00:00-05:00,26.05500030517578,26.05500030517578,26.05500030517578,26.05500030517578,100,0.0,0.0,0.0
2020-12-17 00:00:00-05:00,26.094999313354492,26.094999313354492,26.094999313354492,26.094999313354492,100,0.0,0.0,0.0
2020-12-18 00:00:00-05:00,26.06999969482422,26.091999053955078,26.06999969482422,26.091999053955078,1300,0.0,0.0,0.0
2020-12-21 00:00:00-05:00,26.025999069213867,26.025999069213867,26.025999069213867,26.025999069213867,100,0.0,0.0,0.0
2020-12-22 00:00:00-05:00,26.02899932861328,26.02899932861328,26.02899932861328,26.02899932861328,0,0.0,0.0,0.0
2020-12-23 00:00:00-05:00,26.073999404907227,26.073999404907227,26.073999404907227,26.073999404907227,100,0.0,0.0,0.0
2020-12-24 00:00:00-05:00,26.094999313354492,26.094999313354492,26.094999313354492,26.094999313354492,100,0.0,0.0,0.0
2020-12-28 00:00:00-05:00,26.155000686645508,26.155000686645508,26.155000686645508,26.155000686645508,0,0.0,0.0,0.0
2020-12-29 00:00:00-05:00,26.121000289916992,26.121000289916992,26.121000289916992,26.121000289916992,0,0.0,0.0,0.0
2020-12-30 00:00:00-05:00,26.143999099731445,26.143999099731445,26.143999099731445,26.143999099731445,0,0.0,0.0,0.0
2020-12-31 00:00:00-05:00,26.17799949645996,26.17799949645996,26.17799949645996,26.17799949645996,0,0.0,0.0,0.0
2021-01-04 00:00:00-05:00,26.072999954223633,26.072999954223633,26.072999954223633,26.072999954223633,100,0.0,0.0,0.0
2021-01-05 00:00:00-05:00,26.145000457763672,26.145000457763672,26.145000457763672,26.145000457763672,0,0.0,0.0,0.0
2021-01-06 00:00:00-05:00,26.14699935913086,26.14699935913086,26.14699935913086,26.14699935913086,100,0.0,0.0,0.0
2021-01-07 00:00:00-05:00,26.236000061035156,26.236000061035156,26.236000061035156,26.236000061035156,0,0.0,0.0,0.0
2021-01-08 00:00:00-05:00,26.260000228881836,26.264999389648438,26.260000228881836,26.264999389648438,9500,0.0,0.0,0.0
2021-01-11 00:00:00-05:00,26.239999771118164,26.260000228881836,26.236000061035156,26.236000061035156,9500,0.0,0.0,0.0
2021-01-12 00:00:00-05:00,26.268999099731445,26.270000457763672,26.2549991607666,26.2549991607666,9500,0.0,0.0,0.0
2021-01-13 00:00:00-05:00,26.280000686645508,26.280000686645508,26.280000686645508,26.280000686645508,100,0.0,0.0,0.0
2021-01-14 00:00:00-05:00,26.270000457763672,26.270000457763672,26.270000457763672,26.270000457763672,100,0.0,0.0,0.0
2021-01-15 00:00:00-05:00,26.235000610351562,26.235000610351562,26.235000610351562,26.235000610351562,0,0.0,0.0,0.0
2021-01-19 00:00:00-05:00,26.270999908447266,26.299999237060547,26.270000457763672,26.28499984741211,1000,0.0,0.0,0.0
2021-01-20 00:00:00-05:00,26.31999969482422,26.34000015258789,26.309999465942383,26.34000015258789,2000,0.0,0.0,0.0
2021-01-21 00:00:00-05:00,26.31999969482422,26.334999084472656,26.31999969482422,26.334999084472656,1000,0.0,0.0,0.0
2021-01-22 00:00:00-05:00,26.31999969482422,26.334999084472656,26.31999969482422,26.334999084472656,1000,0.0,0.0,0.0
2021-01-25 00:00:00-05:00,26.309999465942383,26.31999969482422,26.309999465942383,26.31999969482422,200,0.0,0.0,0.0
2021-01-26 00:00:00-05:00,26.360000610351562,26.360000610351562,26.333999633789062,26.333999633789062,1200,0.0,0.0,0.0
2021-01-27 00:00:00-05:00,26.25,26.25,26.177000045776367,26.177000045776367,3300,0.0,0.0,0.0
2021-01-28 00:00:00-05:00,26.15999984741211,26.19499969482422,26.110000610351562,26.19499969482422,10700,0.0,0.0,0.0
2021-01-29 00:00:00-05:00,26.101999282836914,26.101999282836914,26.101999282836914,26.101999282836914,0,0.0,0.0,0.0
2021-02-01 00:00:00-05:00,26.184999465942383,26.184999465942383,26.184999465942383,26.184999465942383,100,0.0,0.0,0.0
2021-02-02 00:00:00-05:00,26.28499984741211,26.28499984741211,26.28499984741211,26.28499984741211,0,0.0,0.0,0.0
2021-02-03 00:00:00-05:00,26.31999969482422,26.31999969482422,26.31999969482422,26.31999969482422,0,0.0,0.0,0.0
2021-02-04 00:00:00-05:00,26.365999221801758,26.365999221801758,26.365999221801758,26.365999221801758,0,0.0,0.0,0.0
2021-02-05 00:00:00-05:00,26.375,26.375,26.375,26.375,0,0.0,0.0,0.0
2021-02-08 00:00:00-05:00,26.395000457763672,26.395000457763672,26.395000457763672,26.395000457763672,0,0.0,0.0,0.0
2021-02-09 00:00:00-05:00,26.395999908447266,26.395999908447266,26.395999908447266,26.395999908447266,0,0.0,0.0,0.0
2021-02-10 00:00:00-05:00,26.399999618530273,26.399999618530273,26.399999618530273,26.399999618530273,100,0.0,0.0,0.0
2021-02-11 00:00:00-05:00,26.399999618530273,26.399999618530273,26.399999618530273,26.399999618530273,0,0.0,0.0,0.0
2021-02-12 00:00:00-05:00,26.434999465942383,26.434999465942383,26.434999465942383,26.434999465942383,0,0.0,0.0,0.0
2021-02-16 00:00:00-05:00,26.434999465942383,26.434999465942383,26.434999465942383,26.434999465942383,0,0.0,0.0,0.0
2021-02-17 00:00:00-05:00,26.434999465942383,26.434999465942383,26.434999465942383,26.434999465942383,0,0.0,0.0,0.0
2021-02-18 00:00:00-05:00,26.43000030517578,26.43000030517578,26.43000030517578,26.43000030517578,0,0.0,0.0,0.0
2021-02-19 00:00:00-05:00,26.434999465942383,26.434999465942383,26.434999465942383,26.434999465942383,0,0.0,0.0,0.0
2021-02-22 00:00:00-05:00,26.434999465942383,26.434999465942383,26.434999465942383,26.434999465942383,0,0.0,0.0,0.0
2021-02-23 00:00:00-05:00,26.450000762939453,26.450000762939453,26.434999465942383,26.434999465942383,6000,0.0,0.0,0.0
2021-02-24 00:00:00-05:00,26.459999084472656,26.46500015258789,26.454999923706055,26.46500015258789,5300,0.0,0.0,0.0
2021-02-25 00:00:00-05:00,26.399999618530273,26.399999618530273,26.3799991607666,26.3799991607666,400,0.0,0.0,0.0
2021-02-26 00:00:00-05:00,26.398000717163086,26.398000717163086,26.398000717163086,26.398000717163086,0,0.0,0.0,0.0
2021-03-01 00:00:00-05:00,26.46500015258789,26.46500015258789,26.46500015258789,26.46500015258789,0,0.0,0.0,0.0
2021-03-02 00:00:00-05:00,26.459999084472656,26.459999084472656,26.459999084472656,26.459999084472656,0,0.0,0.0,0.0
2021-03-03 00:00:00-05:00,26.440000534057617,26.440000534057617,26.440000534057617,26.440000534057617,100,0.0,0.0,0.0
2021-03-04 00:00:00-05:00,26.386999130249023,26.386999130249023,26.386999130249023,26.386999130249023,100,0.0,0.0,0.0
2021-03-05 00:00:00-05:00,26.448999404907227,26.448999404907227,26.448999404907227,26.448999404907227,0,0.0,0.0,0.0
2021-03-08 00:00:00-05:00,26.459999084472656,26.459999084472656,26.459999084472656,26.459999084472656,0,0.0,0.0,0.0
2021-03-09 00:00:00-05:00,26.520000457763672,26.520000457763672,26.479999542236328,26.479999542236328,4500,0.0,0.0,0.0
2021-03-10 00:00:00-05:00,26.510000228881836,26.549999237060547,26.510000228881836,26.514999389648438,9000,0.0,0.0,0.0
2021-03-11 00:00:00-05:00,26.4950008392334,26.4950008392334,26.4950008392334,26.4950008392334,300,0.0,0.0,0.0
2021-03-12 00:00:00-05:00,26.5049991607666,26.5049991607666,26.5049991607666,26.5049991607666,600,0.0,0.0,0.0
2021-03-15 00:00:00-04:00,26.510000228881836,26.510000228881836,26.510000228881836,26.510000228881836,100,0.0,0.0,0.0
2021-03-16 00:00:00-04:00,26.540000915527344,26.540000915527344,26.510000228881836,26.510000228881836,300,0.0,0.0,0.0
2021-03-17 00:00:00-04:00,26.540000915527344,26.540000915527344,26.510000228881836,26.510000228881836,1300,0.0,0.0,0.0
2021-03-18 00:00:00-04:00,26.540000915527344,26.540000915527344,26.5,26.5,376800,0.0,0.0,0.0
2021-03-19 00:00:00-04:00,26.524999618530273,26.524999618530273,26.524999618530273,26.524999618530273,0,0.0,0.0,0.0
2021-03-22 00:00:00-04:00,26.514999389648438,26.514999389648438,26.514999389648438,26.514999389648438,0,0.0,0.0,0.0
2021-03-23 00:00:00-04:00,26.53700065612793,26.549999237060547,26.514999389648438,26.514999389648438,12900,0.0,0.0,0.0
2021-03-24 00:00:00-04:00,26.514999389648438,26.514999389648438,26.514999389648438,26.514999389648438,24700,0.0,0.0,0.0
2021-03-25 00:00:00-04:00,26.510000228881836,26.549999237060547,26.5,26.520000457763672,5700,0.0,0.0,0.0
2021-03-26 00:00:00-04:00,26.520000457763672,26.548999786376953,26.520000457763672,26.520000457763672,1700,0.0,0.0,0.0
2021-03-29 00:00:00-04:00,26.510000228881836,26.549999237060547,26.489999771118164,26.496999740600586,28700,0.0,0.0,0.0
2021-03-30 00:00:00-04:00,26.548999786376953,26.549999237060547,26.450000762939453,26.54400062561035,9000,0.0,0.0,0.0
2021-03-31 00:00:00-04:00,26.670000076293945,26.670000076293945,26.469999313354492,26.59000015258789,67700,0.0,0.0,0.0
2021-04-01 00:00:00-04:00,26.719999313354492,26.719999313354492,26.56999969482422,26.648000717163086,79700,0.0,0.0,0.0
2021-04-05 00:00:00-04:00,26.920000076293945,26.920000076293945,26.84000015258789,26.850000381469727,18100,0.0,0.0,0.0
2021-04-06 00:00:00-04:00,26.929000854492188,26.93000030517578,26.840999603271484,26.840999603271484,3000,0.0,0.0,0.0
2021-04-07 00:00:00-04:00,26.90999984741211,26.920000076293945,26.829999923706055,26.84000015258789,9000,0.0,0.0,0.0
2021-04-08 00:00:00-04:00,26.889999389648438,26.959999084472656,26.889999389648438,26.910999298095703,15300,0.0,0.0,0.0
2021-04-09 00:00:00-04:00,26.969999313354492,27.06999969482422,26.969999313354492,27.041000366210938,24400,0.0,0.0,0.0
2021-04-12 00:00:00-04:00,27.09000015258789,27.100000381469727,27.010000228881836,27.065000534057617,21300,0.0,0.0,0.0
2021-04-13 00:00:00-04:00,27.1200008392334,27.190000534057617,27.100000381469727,27.13599967956543,9600,0.0,0.0,0.0
2021-04-14 00:00:00-04:00,27.16900062561035,27.16900062561035,27.040000915527344,27.072999954223633,5700,0.0,0.0,0.0
2021-04-15 00:00:00-04:00,27.18000030517578,27.23200035095215,27.18000030517578,27.23200035095215,5000,0.0,0.0,0.0
2021-04-16 00:00:00-04:00,27.30900001525879,27.329999923706055,27.290000915527344,27.290000915527344,2500,0.0,0.0,0.0
2021-04-19 00:00:00-04:00,27.309999465942383,27.309999465942383,27.200000762939453,27.242000579833984,7200,0.0,0.0,0.0
2021-04-20 00:00:00-04:00,27.209999084472656,27.2189998626709,27.06999969482422,27.128000259399414,97100,0.0,0.0,0.0
2021-04-21 00:00:00-04:00,27.149999618530273,27.32200050354004,27.139999389648438,27.32200050354004,10600,0.0,0.0,0.0
2021-04-22 00:00:00-04:00,27.295000076293945,27.389999389648438,27.110000610351562,27.200000762939453,28700,0.0,0.0,0.0
2021-04-23 00:00:00-04:00,27.239999771118164,27.371999740600586,27.239999771118164,27.371999740600586,5900,0.0,0.0,0.0
2021-04-26 00:00:00-04:00,27.389999389648438,27.40999984741211,27.360000610351562,27.381999969482422,3100,0.0,0.0,0.0
2021-04-27 00:00:00-04:00,27.40399932861328,27.420000076293945,27.3799991607666,27.417999267578125,5700,0.0,0.0,0.0
2021-04-28 00:00:00-04:00,27.40999984741211,27.450000762939453,27.350000381469727,27.360000610351562,10000,0.0,0.0,0.0
2021-04-29 00:00:00-04:00,27.440000534057617,27.469999313354492,27.360000610351562,27.409000396728516,16500,0.0,0.0,0.0
2021-04-30 00:00:00-04:00,27.375,27.375,27.309999465942383,27.32200050354004,10700,0.0,0.0,0.0
2021-05-03 00:00:00-04:00,27.459999084472656,27.4689998626709,27.3700008392334,27.440000534057617,10000,0.0,0.0,0.0
2021-05-04 00:00:00-04:00,27.260000228881836,27.290000915527344,27.209999084472656,27.23699951171875,11500,0.0,0.0,0.0
2021-05-05 00:00:00-04:00,27.3799991607666,27.399999618530273,27.280000686645508,27.319000244140625,10300,0.0,0.0,0.0
2021-05-06 00:00:00-04:00,27.3799991607666,27.416000366210938,27.280000686645508,27.416000366210938,6300,0.0,0.0,0.0
2021-05-07 00:00:00-04:00,27.510000228881836,27.548999786376953,27.510000228881836,27.548999786376953,5600,0.0,0.0,0.0
2021-05-10 00:00:00-04:00,27.59000015258789,27.59000015258789,27.402999877929688,27.402999877929688,12200,0.0,0.0,0.0
2021-05-11 00:00:00-04:00,27.260000228881836,27.260000228881836,27.1299991607666,27.222999572753906,16400,0.0,0.0,0.0
2021-05-12 00:00:00-04:00,27.1299991607666,27.139999389648438,26.86199951171875,26.86199951171875,8900,0.0,0.0,0.0
2021-05-13 00:00:00-04:00,27.200000762939453,27.200000762939453,27.03499984741211,27.114999771118164,3100,0.0,0.0,0.0
2021-05-14 00:00:00-04:00,27.389999389648438,27.389999389648438,27.288999557495117,27.37700080871582,7900,0.0,0.0,0.0
2021-05-17 00:00:00-04:00,27.329999923706055,27.329999923706055,27.25,27.28700065612793,7400,0.0,0.0,0.0
2021-05-18 00:00:00-04:00,27.31999969482422,27.32900047302246,27.190000534057617,27.190000534057617,20200,0.0,0.0,0.0
2021-05-19 00:00:00-04:00,26.940000534057617,27.108999252319336,26.90999984741211,27.091999053955078,12800,0.0,0.0,0.0
2021-05-20 00:00:00-04:00,27.23900032043457,27.259000778198242,27.219999313354492,27.253999710083008,13000,0.0,0.0,0.0
2021-05-21 00:00:00-04:00,27.334999084472656,27.368999481201172,27.264999389648438,27.264999389648438,9900,0.0,0.0,0.0
2021-05-24 00:00:00-04:00,27.469999313354492,27.469999313354492,27.43000030517578,27.43000030517578,700,0.0,0.0,0.0
2021-05-25 00:00:00-04:00,27.559999465942383,27.559999465942383,27.41200065612793,27.41200065612793,2500,0.0,0.0,0.0
2021-05-26 00:00:00-04:00,27.4950008392334,27.4950008392334,27.448999404907227,27.448999404907227,2700,0.0,0.0,0.0
2021-05-27 00:00:00-04:00,27.55900001525879,27.55900001525879,27.489999771118164,27.513999938964844,6900,0.0,0.0,0.0
2021-05-28 00:00:00-04:00,27.55900001525879,27.55900001525879,27.5,27.520999908447266,2000,0.0,0.0,0.0
2021-06-01 00:00:00-04:00,27.549999237060547,27.549999237060547,27.469999313354492,27.4950008392334,7400,0.0,0.0,0.0
2021-06-02 00:00:00-04:00,27.469999313354492,27.559999465942383,27.469999313354492,27.499000549316406,1600,0.0,0.0,0.0
2021-06-03 00:00:00-04:00,27.368999481201172,27.48900032043457,27.334999084472656,27.440000534057617,2300,0.0,0.0,0.0
2021-06-04 00:00:00-04:00,27.53499984741211,27.593000411987305,27.53499984741211,27.593000411987305,2300,0.0,0.0,0.0
2021-06-07 00:00:00-04:00,27.608999252319336,27.608999252319336,27.586999893188477,27.586999893188477,400,0.0,0.0,0.0
2021-06-08 00:00:00-04:00,27.600000381469727,27.6299991607666,27.590999603271484,27.590999603271484,6400,0.0,0.0,0.0
2021-06-09 00:00:00-04:00,27.639999389648438,27.639999389648438,27.530000686645508,27.545000076293945,7000,0.0,0.0,0.0
2021-06-10 00:00:00-04:00,27.638999938964844,27.638999938964844,27.638999938964844,27.638999938964844,300,0.0,0.0,0.0
2021-06-11 00:00:00-04:00,27.643999099731445,27.684999465942383,27.643999099731445,27.684999465942383,5800,0.0,0.0,0.0
2021-06-14 00:00:00-04:00,27.670000076293945,27.73900032043457,27.670000076293945,27.715999603271484,4100,0.0,0.0,0.0
2021-06-15 00:00:00-04:00,27.719999313354492,27.749000549316406,27.68000030517578,27.700000762939453,8700,0.0,0.0,0.0
2021-06-16 00:00:00-04:00,27.655000686645508,27.655000686645508,27.56999969482422,27.6299991607666,6400,0.0,0.0,0.0
2021-06-17 00:00:00-04:00,27.618999481201172,27.6200008392334,27.540000915527344,27.6200008392334,6900,0.0,0.0,0.0
2021-06-18 00:00:00-04:00,27.459999084472656,27.459999084472656,27.420000076293945,27.420000076293945,10700,0.0,0.0,0.0
2021-06-21 00:00:00-04:00,27.599000930786133,27.618000030517578,27.579999923706055,27.618000030517578,3000,0.0,0.0,0.0
2021-06-22 00:00:00-04:00,27.56999969482422,27.739999771118164,27.56999969482422,27.739999771118164,6100,0.0,0.0,0.0
2021-06-23 00:00:00-04:00,27.770000457763672,27.780000686645508,27.700000762939453,27.75,6900,0.0,0.0,0.0
2021-06-24 00:00:00-04:00,27.81999969482422,27.850000381469727,27.790000915527344,27.80299949645996,8000,0.0,0.0,0.0
2021-06-25 00:00:00-04:00,27.84000015258789,27.847000122070312,27.809999465942383,27.847000122070312,5300,0.0,0.0,0.0
2021-06-28 00:00:00-04:00,27.84000015258789,27.8799991607666,27.84000015258789,27.8799991607666,5300,0.0,0.0,0.0
2021-06-29 00:00:00-04:00,27.8700008392334,27.899999618530273,27.860000610351562,27.8799991607666,8500,0.0,0.0,0.0
2021-06-30 00:00:00-04:00,27.854000091552734,27.89299964904785,27.850000381469727,27.89299964904785,5500,0.0,0.0,0.0
2021-07-01 00:00:00-04:00,27.90999984741211,27.989999771118164,27.90999984741211,27.934999465942383,6700,0.0,0.0,0.0
2021-07-02 00:00:00-04:00,28.041000366210938,28.041000366210938,28.041000366210938,28.041000366210938,300,0.0,0.0,0.0
2021-07-06 00:00:00-04:00,28.009000778198242,28.009000778198242,28.009000778198242,28.009000778198242,100,0.0,0.0,0.0
2021-07-07 00:00:00-04:00,28.049999237060547,28.06999969482422,28.010000228881836,28.027999877929688,7800,0.0,0.0,0.0
2021-07-08 00:00:00-04:00,27.84000015258789,27.959999084472656,27.834999084472656,27.905000686645508,19000,0.0,0.0,0.0
2021-07-09 00:00:00-04:00,28.149999618530273,28.149999618530273,28.040000915527344,28.084999084472656,5600,0.0,0.0,0.0
2021-07-12 00:00:00-04:00,28.113000869750977,28.113000869750977,28.113000869750977,28.113000869750977,600,0.0,0.0,0.0
2021-07-13 00:00:00-04:00,28.100000381469727,28.100000381469727,28.059999465942383,28.062000274658203,5700,0.0,0.0,0.0
2021-07-14 00:00:00-04:00,28.16900062561035,28.16900062561035,28.107999801635742,28.107999801635742,400,0.0,0.0,0.0
2021-07-15 00:00:00-04:00,28.09000015258789,28.09000015258789,28.0,28.047000885009766,5900,0.0,0.0,0.0
2021-07-16 00:00:00-04:00,28.024999618530273,28.06999969482422,27.969999313354492,27.979999542236328,5500,0.0,0.0,0.0
2021-07-19 00:00:00-04:00,27.950000762939453,27.950000762939453,27.697999954223633,27.697999954223633,700,0.0,0.0,0.0
2021-07-20 00:00:00-04:00,27.959999084472656,27.959999084472656,27.952999114990234,27.952999114990234,5300,0.0,0.0,0.0
2021-07-21 00:00:00-04:00,28.020000457763672,28.062999725341797,28.020000457763672,28.062999725341797,5400,0.0,0.0,0.0
2021-07-22 00:00:00-04:00,28.128999710083008,28.128999710083008,28.059999465942383,28.10099983215332,5700,0.0,0.0,0.0
2021-07-23 00:00:00-04:00,28.25,28.25,28.149999618530273,28.20800018310547,6000,0.0,0.0,0.0
2021-07-26 00:00:00-04:00,28.209999084472656,28.226999282836914,28.209999084472656,28.226999282836914,5500,0.0,0.0,0.0
2021-07-27 00:00:00-04:00,28.1200008392334,28.158000946044922,28.1200008392334,28.158000946044922,5100,0.0,0.0,0.0
2021-07-28 00:00:00-04:00,28.2189998626709,28.2189998626709,28.15999984741211,28.17300033569336,5400,0.0,0.0,0.0
2021-07-29 00:00:00-04:00,28.211000442504883,28.299999237060547,28.200000762939453,28.239999771118164,10400,0.0,0.0,0.0
2021-07-30 00:00:00-04:00,28.17099952697754,28.17099952697754,28.17099952697754,28.17099952697754,100,0.0,0.0,0.0
2021-08-02 00:00:00-04:00,28.170000076293945,28.170000076293945,28.148000717163086,28.148000717163086,300,0.0,0.0,0.0
2021-08-03 00:00:00-04:00,28.225000381469727,28.2549991607666,28.225000381469727,28.2549991607666,300,0.0,0.0,0.0
2021-08-04 00:00:00-04:00,28.211999893188477,28.211999893188477,28.211999893188477,28.211999893188477,300,0.0,0.0,0.0
2021-08-05 00:00:00-04:00,28.30900001525879,28.30900001525879,28.285999298095703,28.285999298095703,600,0.0,0.0,0.0
2021-08-06 00:00:00-04:00,28.316999435424805,28.316999435424805,28.316999435424805,28.316999435424805,200,0.0,0.0,0.0
2021-08-09 00:00:00-04:00,28.270000457763672,28.350000381469727,28.270000457763672,28.31599998474121,1100,0.0,0.0,0.0
2021-08-10 00:00:00-04:00,28.349000930786133,28.349000930786133,28.312999725341797,28.312999725341797,400,0.0,0.0,0.0
2021-08-11 00:00:00-04:00,28.3700008392334,28.3700008392334,28.35300064086914,28.35300064086914,500,0.0,0.0,0.0
2021-08-12 00:00:00-04:00,28.3700008392334,28.395000457763672,28.34000015258789,28.395000457763672,400,0.0,0.0,0.0
2021-08-13 00:00:00-04:00,28.410999298095703,28.410999298095703,28.410999298095703,28.410999298095703,100,0.0,0.0,0.0
2021-08-16 00:00:00-04:00,28.43000030517578,28.43000030517578,28.43000030517578,28.43000030517578,200,0.0,0.0,0.0
2021-08-17 00:00:00-04:00,28.31100082397461,28.336000442504883,28.309999465942383,28.336000442504883,1100,0.0,0.0,0.0
2021-08-18 00:00:00-04:00,28.31999969482422,28.31999969482422,28.238000869750977,28.238000869750977,300,0.0,0.0,0.0
2021-08-19 00:00:00-04:00,28.21500015258789,28.21500015258789,28.21500015258789,28.21500015258789,100,0.0,0.0,0.0
2021-08-20 00:00:00-04:00,28.312000274658203,28.312000274658203,28.312000274658203,28.312000274658203,100,0.0,0.0,0.0
2021-08-23 00:00:00-04:00,28.43600082397461,28.43600082397461,28.43600082397461,28.43600082397461,500,0.0,0.0,0.0
2021-08-24 00:00:00-04:00,28.450000762939453,28.450000762939453,28.450000762939453,28.450000762939453,300,0.0,0.0,0.0
2021-08-25 00:00:00-04:00,28.483999252319336,28.483999252319336,28.483999252319336,28.483999252319336,100,0.0,0.0,0.0
2021-08-26 00:00:00-04:00,28.399999618530273,28.399999618530273,28.399999618530273,28.399999618530273,600,0.0,0.0,0.0
2021-08-27 00:00:00-04:00,28.514999389648438,28.559999465942383,28.514999389648438,28.549999237060547,700,0.0,0.0,0.0
2021-08-30 00:00:00-04:00,28.559999465942383,28.56599998474121,28.520000457763672,28.56599998474121,900,0.0,0.0,0.0
2021-08-31 00:00:00-04:00,28.589000701904297,28.589000701904297,28.541000366210938,28.541000366210938,500,0.0,0.0,0.0
2021-09-01 00:00:00-04:00,28.55500030517578,28.55500030517578,28.55500030517578,28.55500030517578,300,0.0,0.0,0.0
2021-09-02 00:00:00-04:00,28.638999938964844,28.638999938964844,28.599000930786133,28.599000930786133,500,0.0,0.0,0.0
2021-09-03 00:00:00-04:00,28.610000610351562,28.610000610351562,28.577999114990234,28.577999114990234,500,0.0,0.0,0.0
2021-09-07 00:00:00-04:00,28.579999923706055,28.589000701904297,28.545000076293945,28.545000076293945,400,0.0,0.0,0.0
2021-09-08 00:00:00-04:00,28.5,28.514999389648438,28.5,28.514999389648438,300,0.0,0.0,0.0
2021-09-09 00:00:00-04:00,28.510000228881836,28.510000228881836,28.5049991607666,28.5049991607666,1400,0.0,0.0,0.0
2021-09-10 00:00:00-04:00,28.489999771118164,28.489999771118164,28.43000030517578,28.43000030517578,1000,0.0,0.0,0.0
2021-09-13 00:00:00-04:00,28.5,28.5,28.31999969482422,28.40399932861328,9200,0.0,0.0,0.0
2021-09-14 00:00:00-04:00,28.43000030517578,28.43000030517578,28.350000381469727,28.38599967956543,3300,0.0,0.0,0.0
2021-09-15 00:00:00-04:00,28.46500015258789,28.46500015258789,28.46500015258789,28.46500015258789,300,0.0,0.0,0.0
2021-09-16 00:00:00-04:00,28.450000762939453,28.468000411987305,28.450000762939453,28.468000411987305,700,0.0,0.0,0.0
2021-09-17 00:00:00-04:00,28.33099937438965,28.33099937438965,28.33099937438965,28.33099937438965,400,0.0,0.0,0.0
2021-09-20 00:00:00-04:00,28.139999389648438,28.139999389648438,28.09000015258789,28.09000015258789,600,0.0,0.0,0.0
2021-09-21 00:00:00-04:00,28.170000076293945,28.170000076293945,28.059999465942383,28.10700035095215,1000,0.0,0.0,0.0
2021-09-22 00:00:00-04:00,28.219999313354492,28.260000228881836,28.219999313354492,28.260000228881836,1000,0.0,0.0,0.0
2021-09-23 00:00:00-04:00,28.459999084472656,28.459999084472656,28.415000915527344,28.415000915527344,500,0.0,0.0,0.0
2021-09-24 00:00:00-04:00,28.40999984741211,28.459999084472656,28.40999984741211,28.44700050354004,800,0.0,0.0,0.0
2021-09-27 00:00:00-04:00,28.469999313354492,28.5,28.42300033569336,28.42300033569336,1200,0.0,0.0,0.0
2021-09-28 00:00:00-04:00,28.159000396728516,28.159000396728516,28.14299964904785,28.14299964904785,400,0.0,0.0,0.0
2021-09-29 00:00:00-04:00,28.25,28.268999099731445,28.1299991607666,28.156999588012695,1100,0.0,0.0,0.0
2021-09-30 00:00:00-04:00,28.04400062561035,28.04400062561035,28.04400062561035,28.04400062561035,200,0.0,0.0,0.0
2021-10-01 00:00:00-04:00,28.06999969482422,28.299999237060547,28.06999969482422,28.20199966430664,400,0.0,0.0,0.0
2021-10-04 00:00:00-04:00,28.02400016784668,28.02400016784668,28.02400016784668,28.02400016784668,200,0.0,0.0,0.0
2021-10-05 00:00:00-04:00,28.270000457763672,28.270000457763672,28.174999237060547,28.174999237060547,300,0.0,0.0,0.0
2021-10-06 00:00:00-04:00,28.215999603271484,28.215999603271484,28.215999603271484,28.215999603271484,300,0.0,0.0,0.0
2021-10-07 00:00:00-04:00,28.3700008392334,28.3700008392334,28.32699966430664,28.32699966430664,94800,0.0,0.0,0.0
2021-10-08 00:00:00-04:00,28.31100082397461,28.32699966430664,28.309999465942383,28.32699966430664,400,0.0,0.0,0.0
2021-10-11 00:00:00-04:00,28.257999420166016,28.257999420166016,28.257999420166016,28.257999420166016,0,0.0,0.0,0.0
2021-10-12 00:00:00-04:00,28.240999221801758,28.240999221801758,28.240999221801758,28.240999221801758,0,0.0,0.0,0.0
2021-10-13 00:00:00-04:00,28.200000762939453,28.30500030517578,28.200000762939453,28.30500030517578,200,0.0,0.0,0.0
2021-10-14 00:00:00-04:00,28.513999938964844,28.513999938964844,28.513999938964844,28.513999938964844,0,0.0,0.0,0.0
2021-10-15 00:00:00-04:00,28.615999221801758,28.615999221801758,28.615999221801758,28.615999221801758,0,0.0,0.0,0.0
2021-10-18 00:00:00-04:00,28.635000228881836,28.635000228881836,28.635000228881836,28.635000228881836,0,0.0,0.0,0.0
2021-10-19 00:00:00-04:00,28.670000076293945,28.708999633789062,28.670000076293945,28.708999633789062,100,0.0,0.0,0.0
2021-10-20 00:00:00-04:00,28.746000289916992,28.746000289916992,28.746000289916992,28.746000289916992,0,0.0,0.0,0.0
2021-10-21 00:00:00-04:00,28.792999267578125,28.792999267578125,28.792999267578125,28.792999267578125,100,0.0,0.0,0.0
2021-10-22 00:00:00-04:00,28.784000396728516,28.784000396728516,28.784000396728516,28.784000396728516,100,0.0,0.0,0.0
2021-10-25 00:00:00-04:00,28.827999114990234,28.827999114990234,28.827999114990234,28.827999114990234,100,0.0,0.0,0.0
2021-10-26 00:00:00-04:00,28.841999053955078,28.841999053955078,28.841999053955078,28.841999053955078,0,0.0,0.0,0.0
2021-10-27 00:00:00-04:00,28.781999588012695,28.781999588012695,28.781999588012695,28.781999588012695,100,0.0,0.0,0.0
2021-10-28 00:00:00-04:00,28.875,28.875,28.875,28.875,100,0.0,0.0,0.0
2021-10-29 00:00:00-04:00,28.885000228881836,28.885000228881836,28.885000228881836,28.885000228881836,0,0.0,0.0,0.0
2021-11-01 00:00:00-04:00,28.884000778198242,28.884000778198242,28.884000778198242,28.884000778198242,100,0.0,0.0,0.0
2021-11-02 00:00:00-04:00,28.933000564575195,28.933000564575195,28.933000564575195,28.933000564575195,0,0.0,0.0,0.0
2021-11-03 00:00:00-04:00,28.959999084472656,29.0049991607666,28.959999084472656,28.993000030517578,1200,0.0,0.0,0.0
2021-11-04 00:00:00-04:00,29.023000717163086,29.023000717163086,29.023000717163086,29.023000717163086,100,0.0,0.0,0.0
2021-11-05 00:00:00-04:00,29.04599952697754,29.04599952697754,29.03499984741211,29.03499984741211,100,0.0,0.0,0.0
2021-11-08 00:00:00-05:00,29.020000457763672,29.03499984741211,29.010000228881836,29.03499984741211,200,0.0,0.0,0.0
2021-11-09 00:00:00-05:00,29.00200080871582,29.00200080871582,29.00200080871582,29.00200080871582,100,0.0,0.0,0.0
2021-11-10 00:00:00-05:00,28.899999618530273,28.954999923706055,28.899999618530273,28.954999923706055,400,0.0,0.0,0.0
2021-11-11 00:00:00-05:00,28.96500015258789,28.96500015258789,28.96500015258789,28.96500015258789,100,0.0,0.0,0.0
2021-11-12 00:00:00-05:00,29.03499984741211,29.03499984741211,29.03499984741211,29.03499984741211,100,0.0,0.0,0.0
2021-11-15 00:00:00-05:00,29.027000427246094,29.027000427246094,29.027000427246094,29.027000427246094,100,0.0,0.0,0.0
2021-11-16 00:00:00-05:00,29.07200050354004,29.07200050354004,29.07200050354004,29.07200050354004,0,0.0,0.0,0.0
2021-11-17 00:00:00-05:00,29.04599952697754,29.04599952697754,29.04599952697754,29.04599952697754,0,0.0,0.0,0.0
2021-11-18 00:00:00-05:00,29.09000015258789,29.09000015258789,29.062999725341797,29.062999725341797,200,0.0,0.0,0.0
2021-11-19 00:00:00-05:00,29.03499984741211,29.03499984741211,29.03499984741211,29.03499984741211,100,0.0,0.0,0.0
2021-11-22 00:00:00-05:00,29.025999069213867,29.025999069213867,29.025999069213867,29.025999069213867,0,0.0,0.0,0.0
2021-11-23 00:00:00-05:00,28.950000762939453,28.989999771118164,28.950000762939453,28.989999771118164,200,0.0,0.0,0.0
2021-11-24 00:00:00-05:00,29.045000076293945,29.045000076293945,29.045000076293945,29.045000076293945,100,0.0,0.0,0.0
2021-11-26 00:00:00-05:00,28.75,28.75,28.75,28.75,100,0.0,0.0,0.0
2021-11-29 00:00:00-05:00,28.84000015258789,28.957000732421875,28.84000015258789,28.957000732421875,1700,0.0,0.0,0.0
2021-11-30 00:00:00-05:00,28.75,28.75,28.700000762939453,28.700000762939453,200,0.0,0.0,0.0
2021-12-01 00:00:00-05:00,28.621000289916992,28.621000289916992,28.621000289916992,28.621000289916992,0,0.0,0.0,0.0
2021-12-02 00:00:00-05:00,28.540000915527344,28.697999954223633,28.540000915527344,28.697999954223633,100,0.0,0.0,0.0
2021-12-03 00:00:00-05:00,28.56599998474121,28.56599998474121,28.56599998474121,28.56599998474121,100,0.0,0.0,0.0
2021-12-06 00:00:00-05:00,28.700000762939453,28.759000778198242,28.700000762939453,28.759000778198242,200,0.0,0.0,0.0
2021-12-07 00:00:00-05:00,28.993999481201172,28.993999481201172,28.993999481201172,28.993999481201172,0,0.0,0.0,0.0
2021-12-08 00:00:00-05:00,29.069000244140625,29.069000244140625,29.069000244140625,29.069000244140625,0,0.0,0.0,0.0
2021-12-09 00:00:00-05:00,29.0,29.020000457763672,29.0,29.0,300,0.0,0.0,0.0
2021-12-10 00:00:00-05:00,29.111000061035156,29.111000061035156,29.111000061035156,29.111000061035156,0,0.0,0.0,0.0
2021-12-13 00:00:00-05:00,29.045000076293945,29.045000076293945,29.045000076293945,29.045000076293945,0,0.0,0.0,0.0
2021-12-14 00:00:00-05:00,28.94099998474121,28.94099998474121,28.94099998474121,28.94099998474121,100,0.0,0.0,0.0
2021-12-15 00:00:00-05:00,29.113000869750977,29.113000869750977,29.113000869750977,29.113000869750977,0,0.0,0.0,0.0
2021-12-16 00:00:00-05:00,29.02899932861328,29.02899932861328,29.02899932861328,29.02899932861328,100,0.0,0.0,0.0
2021-12-17 00:00:00-05:00,28.93899917602539,28.93899917602539,28.93899917602539,28.93899917602539,0,0.0,0.0,0.0
2021-12-20 00:00:00-05:00,28.801000595092773,28.801000595092773,28.801000595092773,28.801000595092773,100,0.0,0.0,0.0
2021-12-21 00:00:00-05:00,29.027999877929688,29.027999877929688,29.027999877929688,29.027999877929688,100,0.0,0.0,0.0
2021-12-22 00:00:00-05:00,29.110000610351562,29.110000610351562,29.110000610351562,29.110000610351562,0,0.0,0.0,0.0
2021-12-23 00:00:00-05:00,29.149999618530273,29.184999465942383,29.149999618530273,29.184999465942383,200,0.0,0.0,0.0
2021-12-27 00:00:00-05:00,29.284000396728516,29.284000396728516,29.284000396728516,29.284000396728516,100,0.0,0.0,0.0
2021-12-28 00:00:00-05:00,29.274999618530273,29.274999618530273,29.274999618530273,29.274999618530273,100,0.0,0.0,0.0
2021-12-29 00:00:00-05:00,29.30299949645996,29.30299949645996,29.30299949645996,29.30299949645996,100,0.0,0.0,0.0
2021-12-30 00:00:00-05:00,29.301000595092773,29.301000595092773,29.301000595092773,29.301000595092773,0,0.0,0.0,0.0
2021-12-31 00:00:00-05:00,29.29199981689453,29.29199981689453,29.29199981689453,29.29199981689453,100,0.0,0.0,0.0
2022-01-03 00:00:00-05:00,29.5,29.5,29.3799991607666,29.469999313354492,13400,0.0,0.0,0.0
2022-01-04 00:00:00-05:00,29.270000457763672,29.34000015258789,29.260000228881836,29.34000015258789,4900,0.0,0.0,0.0
2022-01-05 00:00:00-05:00,29.19099998474121,29.19099998474121,29.19099998474121,29.19099998474121,100,0.0,0.0,0.0
2022-01-06 00:00:00-05:00,29.163000106811523,29.163000106811523,29.163000106811523,29.163000106811523,0,0.0,0.0,0.0
2022-01-07 00:00:00-05:00,29.17799949645996,29.17799949645996,29.17799949645996,29.17799949645996,100,0.0,0.0,0.0
2022-01-10 00:00:00-05:00,29.1560001373291,29.1560001373291,29.1560001373291,29.1560001373291,100,0.0,0.0,0.0
2022-01-11 00:00:00-05:00,29.25200080871582,29.25200080871582,29.25200080871582,29.25200080871582,100,0.0,0.0,0.0
2022-01-12 00:00:00-05:00,29.285999298095703,29.285999298095703,29.285999298095703,29.285999298095703,0,0.0,0.0,0.0
2022-01-13 00:00:00-05:00,29.25,29.25,29.150999069213867,29.150999069213867,6300,0.0,0.0,0.0
2022-01-14 00:00:00-05:00,29.1200008392334,29.155000686645508,29.1200008392334,29.155000686645508,300,0.0,0.0,0.0
2022-01-18 00:00:00-05:00,29.010000228881836,29.010000228881836,28.950000762939453,28.985000610351562,8600,0.0,0.0,0.0
2022-01-19 00:00:00-05:00,29.0,29.0,28.91900062561035,28.91900062561035,2000,0.0,0.0,0.0
2022-01-20 00:00:00-05:00,28.959999084472656,28.959999084472656,28.780000686645508,28.780000686645508,200,0.0,0.0,0.0
2022-01-21 00:00:00-05:00,28.65999984741211,28.65999984741211,28.545000076293945,28.545000076293945,400,0.0,0.0,0.0
2022-01-24 00:00:00-05:00,28.110000610351562,28.52899932861328,28.110000610351562,28.52899932861328,200,0.0,0.0,0.0
2022-01-25 00:00:00-05:00,28.38800048828125,28.38800048828125,28.38800048828125,28.38800048828125,0,0.0,0.0,0.0
2022-01-26 00:00:00-05:00,28.610000610351562,28.6299991607666,28.37700080871582,28.37700080871582,3100,0.0,0.0,0.0
2022-01-27 00:00:00-05:00,28.368999481201172,28.368999481201172,28.368999481201172,28.368999481201172,0,0.0,0.0,0.0
2022-01-28 00:00:00-05:00,28.674999237060547,28.674999237060547,28.674999237060547,28.674999237060547,0,0.0,0.0,0.0
2022-01-31 00:00:00-05:00,28.94099998474121,28.94099998474121,28.94099998474121,28.94099998474121,100,0.0,0.0,0.0
2022-02-01 00:00:00-05:00,29.04599952697754,29.04599952697754,29.04599952697754,29.04599952697754,100,0.0,0.0,0.0
2022-02-02 00:00:00-05:00,29.15999984741211,29.15999984741211,29.15999984741211,29.15999984741211,100,0.0,0.0,0.0
2022-02-03 00:00:00-05:00,28.868999481201172,28.868999481201172,28.868999481201172,28.868999481201172,300,0.0,0.0,0.0
2022-02-04 00:00:00-05:00,28.93600082397461,28.93600082397461,28.93600082397461,28.93600082397461,100,0.0,0.0,0.0
2022-02-07 00:00:00-05:00,28.886999130249023,28.886999130249023,28.886999130249023,28.886999130249023,0,0.0,0.0,0.0
2022-02-08 00:00:00-05:00,28.950000762939453,29.034000396728516,28.950000762939453,29.034000396728516,600,0.0,0.0,0.0
2022-02-09 00:00:00-05:00,29.180999755859375,29.180999755859375,29.180999755859375,29.180999755859375,0,0.0,0.0,0.0
2022-02-10 00:00:00-05:00,28.961000442504883,28.961000442504883,28.961000442504883,28.961000442504883,0,0.0,0.0,0.0
2022-02-11 00:00:00-05:00,28.73900032043457,28.73900032043457,28.708999633789062,28.708999633789062,300,0.0,0.0,0.0
2022-02-14 00:00:00-05:00,28.67099952697754,28.67099952697754,28.67099952697754,28.67099952697754,100,0.0,0.0,0.0
2022-02-15 00:00:00-05:00,28.891000747680664,28.891000747680664,28.891000747680664,28.891000747680664,0,0.0,0.0,0.0
2022-02-16 00:00:00-05:00,28.959999084472656,28.959999084472656,28.959999084472656,28.959999084472656,0,0.0,0.0,0.0
2022-02-17 00:00:00-05:00,28.649999618530273,28.649999618530273,28.649999618530273,28.649999618530273,100,0.0,0.0,0.0
2022-02-18 00:00:00-05:00,28.531999588012695,28.531999588012695,28.531999588012695,28.531999588012695,100,0.0,0.0,0.0
2022-02-22 00:00:00-05:00,28.40999984741211,28.40999984741211,28.35700035095215,28.35700035095215,2000,0.0,0.0,0.0
2022-02-23 00:00:00-05:00,28.058000564575195,28.058000564575195,28.058000564575195,28.058000564575195,200,0.0,0.0,0.0
2022-02-24 00:00:00-05:00,27.75,28.31100082397461,27.75,28.31100082397461,400,0.0,0.0,0.0
2022-02-25 00:00:00-05:00,28.610000610351562,28.69700050354004,28.610000610351562,28.69700050354004,900,0.0,0.0,0.0
2022-02-28 00:00:00-05:00,28.642000198364258,28.642000198364258,28.642000198364258,28.642000198364258,100,0.0,0.0,0.0
2022-03-01 00:00:00-05:00,28.378999710083008,28.378999710083008,28.378999710083008,28.378999710083008,0,0.0,0.0,0.0
2022-03-02 00:00:00-05:00,28.709999084472656,28.75,28.68000030517578,28.732999801635742,14900,0.0,0.0,0.0
2022-03-03 00:00:00-05:00,28.621000289916992,28.621000289916992,28.621000289916992,28.621000289916992,100,0.0,0.0,0.0
2022-03-04 00:00:00-05:00,28.50200080871582,28.50200080871582,28.50200080871582,28.50200080871582,100,0.0,0.0,0.0
2022-03-07 00:00:00-05:00,27.986000061035156,27.986000061035156,27.986000061035156,27.986000061035156,0,0.0,0.0,0.0
2022-03-08 00:00:00-05:00,28.170000076293945,28.170000076293945,27.832000732421875,27.832000732421875,300,0.0,0.0,0.0
2022-03-09 00:00:00-05:00,28.295000076293945,28.295000076293945,28.295000076293945,28.295000076293945,0,0.0,0.0,0.0
2022-03-10 00:00:00-05:00,28.238000869750977,28.238000869750977,28.238000869750977,28.238000869750977,100,0.0,0.0,0.0
2022-03-11 00:00:00-05:00,27.968000411987305,27.968000411987305,27.968000411987305,27.968000411987305,0,0.0,0.0,0.0
2022-03-14 00:00:00-04:00,27.79800033569336,27.79800033569336,27.79800033569336,27.79800033569336,100,0.0,0.0,0.0
2022-03-15 00:00:00-04:00,28.231000900268555,28.231000900268555,28.231000900268555,28.231000900268555,100,0.0,0.0,0.0
2022-03-16 00:00:00-04:00,28.360000610351562,28.684999465942383,28.360000610351562,28.684999465942383,1400,0.0,0.0,0.0
2022-03-17 00:00:00-04:00,28.95599937438965,28.95599937438965,28.95599937438965,28.95599937438965,0,0.0,0.0,0.0
2022-03-18 00:00:00-04:00,29.0310001373291,29.246999740600586,29.0310001373291,29.246999740600586,100,0.0,0.0,0.0
2022-03-21 00:00:00-04:00,29.280000686645508,29.31999969482422,29.229000091552734,29.229000091552734,1200,0.0,0.0,0.0
2022-03-22 00:00:00-04:00,29.459999084472656,29.510000228881836,29.441999435424805,29.441999435424805,700,0.0,0.0,0.0
2022-03-23 00:00:00-04:00,29.34000015258789,29.360000610351562,29.260000228881836,29.275999069213867,2500,0.0,0.0,0.0
2022-03-24 00:00:00-04:00,29.510000228881836,29.510000228881836,29.510000228881836,29.510000228881836,100,0.0,0.0,0.0
2022-03-25 00:00:00-04:00,29.535999298095703,29.60700035095215,29.535999298095703,29.60700035095215,200,0.0,0.0,0.0
2022-03-28 00:00:00-04:00,29.614999771118164,29.709999084472656,29.614999771118164,29.709999084472656,400,0.0,0.0,0.0
2022-03-29 00:00:00-04:00,29.798999786376953,29.799999237060547,29.700000762939453,29.711000442504883,7700,0.0,0.0,0.0
2022-03-30 00:00:00-04:00,29.739999771118164,29.790000915527344,29.71500015258789,29.71500015258789,7900,0.0,0.0,0.0
2022-03-31 00:00:00-04:00,29.780000686645508,29.80900001525879,29.690000534057617,29.799999237060547,88200,0.0,0.0,0.0
2022-04-01 00:00:00-04:00,29.829999923706055,29.829999923706055,29.677000045776367,29.77199935913086,107800,0.0,0.0,0.0
2022-04-04 00:00:00-04:00,29.770000457763672,29.860000610351562,29.743000030517578,29.770000457763672,9700,0.0,0.0,0.0
2022-04-05 00:00:00-04:00,29.950000762939453,29.950000762939453,29.673999786376953,29.673999786376953,10000,0.0,0.0,0.0
2022-04-06 00:00:00-04:00,29.486000061035156,29.559999465942383,29.3799991607666,29.479999542236328,18700,0.0,0.0,0.0
2022-04-07 00:00:00-04:00,29.5,29.614999771118164,29.389999389648438,29.613000869750977,4200,0.0,0.0,0.0
2022-04-08 00:00:00-04:00,29.510000228881836,29.659000396728516,29.510000228881836,29.530000686645508,7800,0.0,0.0,0.0
2022-04-11 00:00:00-04:00,29.5,29.5,29.211000442504883,29.211000442504883,13500,0.0,0.0,0.0
2022-04-12 00:00:00-04:00,29.489999771118164,29.489999771118164,29.1299991607666,29.170000076293945,37300,0.0,0.0,0.0
2022-04-13 00:00:00-04:00,29.200000762939453,29.368999481201172,29.155000686645508,29.358999252319336,25400,0.0,0.0,0.0
2022-04-14 00:00:00-04:00,29.229999542236328,29.40999984741211,29.1200008392334,29.1200008392334,11800,0.0,0.0,0.0
2022-04-18 00:00:00-04:00,29.219999313354492,29.229999542236328,29.065000534057617,29.1299991607666,7800,0.0,0.0,0.0
2022-04-19 00:00:00-04:00,29.204999923706055,29.510000228881836,29.204999923706055,29.43000030517578,31600,0.0,0.0,0.0
2022-04-20 00:00:00-04:00,29.510000228881836,29.57900047302246,29.420000076293945,29.420000076293945,9100,0.0,0.0,0.0
2022-04-21 00:00:00-04:00,29.75,29.75,29.149999618530273,29.15999984741211,20900,0.0,0.0,0.0
2022-04-22 00:00:00-04:00,29.18000030517578,29.18000030517578,28.59000015258789,28.59000015258789,6700,0.0,0.0,0.0
2022-04-25 00:00:00-04:00,28.559999465942383,28.559999465942383,28.315000534057617,28.40999984741211,9400,0.0,0.0,0.0
2022-04-26 00:00:00-04:00,28.469999313354492,28.489999771118164,28.160999298095703,28.160999298095703,5600,0.0,0.0,0.0
2022-04-27 00:00:00-04:00,28.364999771118164,28.420000076293945,28.1299991607666,28.15999984741211,4600,0.0,0.0,0.0
2022-04-28 00:00:00-04:00,28.25,28.760000228881836,28.209999084472656,28.618000030517578,14800,0.0,0.0,0.0
2022-04-29 00:00:00-04:00,28.520000457763672,28.520000457763672,27.889999389648438,27.889999389648438,6200,0.0,0.0,0.0
2022-05-02 00:00:00-04:00,28.024999618530273,28.024999618530273,27.6299991607666,28.013999938964844,1500,0.0,0.0,0.0
2022-05-03 00:00:00-04:00,28.100000381469727,28.280000686645508,28.065000534057617,28.134000778198242,6200,0.0,0.0,0.0
2022-05-04 00:00:00-04:00,28.239999771118164,28.740999221801758,28.239999771118164,28.740999221801758,200,0.0,0.0,0.0
2022-05-05 00:00:00-04:00,28.329999923706055,28.34000015258789,27.920000076293945,27.94099998474121,7100,0.0,0.0,0.0
2022-05-06 00:00:00-04:00,27.799999237060547,27.860000610351562,27.799999237060547,27.860000610351562,400,0.0,0.0,0.0
2022-05-09 00:00:00-04:00,27.56999969482422,27.56999969482422,27.266000747680664,27.266000747680664,1100,0.0,0.0,0.0
2022-05-10 00:00:00-04:00,27.34000015258789,27.360000610351562,27.31999969482422,27.31999969482422,2500,0.0,0.0,0.0
2022-05-11 00:00:00-04:00,27.235000610351562,27.450000762939453,27.0,27.0,3100,0.0,0.0,0.0
2022-05-12 00:00:00-04:00,26.809999465942383,26.917999267578125,26.809999465942383,26.917999267578125,1000,0.0,0.0,0.0
2022-05-13 00:00:00-04:00,27.510000228881836,27.510000228881836,27.31999969482422,27.440000534057617,2500,0.0,0.0,0.0
2022-05-16 00:00:00-04:00,27.3700008392334,27.56999969482422,27.34000015258789,27.35700035095215,6600,0.0,0.0,0.0
2022-05-17 00:00:00-04:00,27.700000762939453,27.770000457763672,27.700000762939453,27.711000442504883,1000,0.0,0.0,0.0
2022-05-18 00:00:00-04:00,27.40999984741211,27.40999984741211,26.934999465942383,26.934999465942383,700,0.0,0.0,0.0
2022-05-19 00:00:00-04:00,27.079999923706055,27.079999923706055,26.889999389648438,26.889999389648438,300,0.0,0.0,0.0
2022-05-20 00:00:00-04:00,27.148000717163086,27.148000717163086,26.6200008392334,26.885000228881836,4000,0.0,0.0,0.0
2022-05-23 00:00:00-04:00,27.329999923706055,27.34000015258789,27.201000213623047,27.201000213623047,3000,0.0,0.0,0.0
2022-05-24 00:00:00-04:00,26.989999771118164,27.170000076293945,26.989999771118164,27.170000076293945,900,0.0,0.0,0.0
2022-05-25 00:00:00-04:00,27.170000076293945,27.277999877929688,27.170000076293945,27.277999877929688,400,0.0,0.0,0.0
2022-05-26 00:00:00-04:00,27.440000534057617,27.658000946044922,27.440000534057617,27.658000946044922,1400,0.0,0.0,0.0
2022-05-27 00:00:00-04:00,28.049999237060547,28.08099937438965,28.049999237060547,28.08099937438965,6600,0.0,0.0,0.0
2022-05-31 00:00:00-04:00,28.049999237060547,28.079999923706055,27.959999084472656,28.003999710083008,2400,0.0,0.0,0.0
2022-06-01 00:00:00-04:00,27.959999084472656,27.959999084472656,27.860000610351562,27.874000549316406,600,0.0,0.0,0.0
2022-06-02 00:00:00-04:00,27.989999771118164,28.179000854492188,27.989999771118164,28.179000854492188,3200,0.0,0.0,0.0
2022-06-03 00:00:00-04:00,27.94499969482422,27.94499969482422,27.886999130249023,27.886999130249023,1100,0.0,0.0,0.0
2022-06-06 00:00:00-04:00,27.94499969482422,27.94499969482422,27.94499969482422,27.94499969482422,0,0.0,0.0,0.0
2022-06-07 00:00:00-04:00,28.038999557495117,28.1299991607666,28.038999557495117,28.1299991607666,500,0.0,0.0,0.0
2022-06-08 00:00:00-04:00,28.020000457763672,28.100000381469727,27.90999984741211,27.90999984741211,5500,0.0,0.0,0.0
2022-06-09 00:00:00-04:00,27.920000076293945,27.959999084472656,27.489999771118164,27.489999771118164,3700,0.0,0.0,0.0
2022-06-10 00:00:00-04:00,27.239999771118164,27.239999771118164,26.889999389648438,26.93899917602539,8200,0.0,0.0,0.0
2022-06-13 00:00:00-04:00,26.131999969482422,26.131999969482422,26.131999969482422,26.131999969482422,100,0.0,0.0,0.0
2022-06-14 00:00:00-04:00,26.094999313354492,26.094999313354492,26.094999313354492,26.094999313354492,100,0.0,0.0,0.0
2022-06-15 00:00:00-04:00,26.239999771118164,26.398000717163086,26.190000534057617,26.398000717163086,3300,0.0,0.0,0.0
2022-06-16 00:00:00-04:00,25.739999771118164,25.739999771118164,25.739999771118164,25.739999771118164,0,0.0,0.0,0.0
2022-06-17 00:00:00-04:00,25.87700080871582,25.87700080871582,25.87700080871582,25.87700080871582,0,0.0,0.0,0.0
2022-06-21 00:00:00-04:00,26.389999389648438,26.399999618530273,26.336999893188477,26.336999893188477,4900,0.0,0.0,0.0
2022-06-22 00:00:00-04:00,26.229999542236328,26.399999618530273,26.229999542236328,26.34000015258789,6300,0.0,0.0,0.0
2022-06-23 00:00:00-04:00,26.450000762939453,26.450000762939453,26.450000762939453,26.450000762939453,0,0.0,0.0,0.0
2022-06-24 00:00:00-04:00,26.961999893188477,26.961999893188477,26.961999893188477,26.961999893188477,0,0.0,0.0,0.0
2022-06-27 00:00:00-04:00,26.93000030517578,27.059999465942383,26.90399932861328,26.90399932861328,1300,0.0,0.0,0.0
2022-06-28 00:00:00-04:00,27.049999237060547,27.049999237060547,26.59000015258789,26.59000015258789,600,0.0,0.0,0.0
2022-06-29 00:00:00-04:00,26.593000411987305,26.593000411987305,26.593000411987305,26.593000411987305,0,0.0,0.0,0.0
2022-06-30 00:00:00-04:00,26.459999084472656,26.459999084472656,26.368999481201172,26.368999481201172,200,0.0,0.0,0.0
2022-07-01 00:00:00-04:00,26.600000381469727,26.600000381469727,26.600000381469727,26.600000381469727,100,0.0,0.0,0.0
2022-07-05 00:00:00-04:00,26.309999465942383,26.719999313354492,26.309999465942383,26.719999313354492,2000,0.0,0.0,0.0
2022-07-06 00:00:00-04:00,26.695999145507812,26.695999145507812,26.695999145507812,26.695999145507812,100,0.0,0.0,0.0
2022-07-07 00:00:00-04:00,26.985000610351562,26.985000610351562,26.985000610351562,26.985000610351562,100,0.0,0.0,0.0
2022-07-08 00:00:00-04:00,27.100000381469727,27.110000610351562,26.993999481201172,26.993999481201172,200,0.0,0.0,0.0
2022-07-11 00:00:00-04:00,26.834999084472656,26.834999084472656,26.731000900268555,26.731000900268555,600,0.0,0.0,0.0
2022-07-12 00:00:00-04:00,26.709999084472656,26.709999084472656,26.594999313354492,26.594999313354492,200,0.0,0.0,0.0
2022-07-13 00:00:00-04:00,26.520000457763672,26.540000915527344,26.520000457763672,26.53499984741211,200,0.0,0.0,0.0
2022-07-14 00:00:00-04:00,26.329999923706055,26.469999313354492,26.31999969482422,26.469999313354492,3700,0.0,0.0,0.0
2022-07-15 00:00:00-04:00,26.79599952697754,26.79599952697754,26.79599952697754,26.79599952697754,400,0.0,0.0,0.0
2022-07-18 00:00:00-04:00,26.6560001373291,26.6560001373291,26.6560001373291,26.6560001373291,100,0.0,0.0,0.0
2022-07-19 00:00:00-04:00,27.114999771118164,27.155000686645508,27.114999771118164,27.155000686645508,2700,0.0,0.0,0.0
2022-07-20 00:00:00-04:00,27.26799964904785,27.26799964904785,27.26799964904785,27.26799964904785,100,0.0,0.0,0.0
2022-07-21 00:00:00-04:00,27.424999237060547,27.424999237060547,27.424999237060547,27.424999237060547,500,0.0,0.0,0.0
2022-07-22 00:00:00-04:00,27.25,27.268999099731445,27.219999313354492,27.268999099731445,200,0.0,0.0,0.0
2022-07-25 00:00:00-04:00,27.312000274658203,27.312000274658203,27.312000274658203,27.312000274658203,100,0.0,0.0,0.0
2022-07-26 00:00:00-04:00,27.125,27.125,27.125,27.125,0,0.0,0.0,0.0
2022-07-27 00:00:00-04:00,27.61400032043457,27.61400032043457,27.61400032043457,27.61400032043457,0,0.0,0.0,0.0
2022-07-28 00:00:00-04:00,27.729999542236328,27.829999923706055,27.70599937438965,27.816999435424805,3500,0.0,0.0,0.0
2022-07-29 00:00:00-04:00,28.100000381469727,28.139999389648438,28.100000381469727,28.10300064086914,800,0.0,0.0,0.0
2022-08-01 00:00:00-04:00,27.8700008392334,28.20800018310547,27.8700008392334,27.950000762939453,2700,0.0,0.0,0.0
2022-08-02 00:00:00-04:00,28.05500030517578,28.260000228881836,27.889999389648438,27.927000045776367,5200,0.0,0.0,0.0
2022-08-03 00:00:00-04:00,28.174999237060547,28.299999237060547,28.148000717163086,28.218000411987305,2300,0.0,0.0,0.0
2022-08-04 00:00:00-04:00,28.18000030517578,28.18199920654297,28.18000030517578,28.18199920654297,200,0.0,0.0,0.0
2022-08-05 00:00:00-04:00,28.149999618530273,28.155000686645508,28.149999618530273,28.155000686645508,800,0.0,0.0,0.0
2022-08-08 00:00:00-04:00,28.13599967956543,28.13599967956543,28.13599967956543,28.13599967956543,400,0.0,0.0,0.0
2022-08-09 00:00:00-04:00,28.042999267578125,28.042999267578125,28.042999267578125,28.042999267578125,0,0.0,0.0,0.0
2022-08-10 00:00:00-04:00,28.459999084472656,28.459999084472656,28.454999923706055,28.454999923706055,100,0.0,0.0,0.0
2022-08-11 00:00:00-04:00,28.444000244140625,28.444000244140625,28.444000244140625,28.444000244140625,100,0.0,0.0,0.0
2022-08-12 00:00:00-04:00,28.770000457763672,28.770000457763672,28.770000457763672,28.770000457763672,100,0.0,0.0,0.0
2022-08-15 00:00:00-04:00,28.839000701904297,28.839000701904297,28.839000701904297,28.839000701904297,0,0.0,0.0,0.0
2022-08-16 00:00:00-04:00,28.878000259399414,28.878000259399414,28.878000259399414,28.878000259399414,100,0.0,0.0,0.0
2022-08-17 00:00:00-04:00,28.740999221801758,28.740999221801758,28.740999221801758,28.740999221801758,0,0.0,0.0,0.0
2022-08-18 00:00:00-04:00,28.809999465942383,28.850000381469727,28.719999313354492,28.850000381469727,1200,0.0,0.0,0.0
2022-08-19 00:00:00-04:00,28.56999969482422,28.56999969482422,28.54199981689453,28.54199981689453,4000,0.0,0.0,0.0
2022-08-22 00:00:00-04:00,28.350000381469727,28.350000381469727,28.190000534057617,28.190000534057617,500,0.0,0.0,0.0
2022-08-23 00:00:00-04:00,28.159000396728516,28.15999984741211,28.08799934387207,28.08799934387207,2500,0.0,0.0,0.0
2022-08-24 00:00:00-04:00,28.09000015258789,28.22800064086914,28.09000015258789,28.200000762939453,900,0.0,0.0,0.0
2022-08-25 00:00:00-04:00,28.392000198364258,28.392000198364258,28.392000198364258,28.392000198364258,0,0.0,0.0,0.0
2022-08-26 00:00:00-04:00,28.34000015258789,28.34000015258789,27.788000106811523,27.788000106811523,400,0.0,0.0,0.0
2022-08-29 00:00:00-04:00,27.65999984741211,27.760000228881836,27.65999984741211,27.67799949645996,3200,0.0,0.0,0.0
2022-08-30 00:00:00-04:00,27.6299991607666,27.6299991607666,27.43600082397461,27.43600082397461,1000,0.0,0.0,0.0
2022-08-31 00:00:00-04:00,27.565000534057617,27.56999969482422,27.37700080871582,27.37700080871582,2500,0.0,0.0,0.0
2022-09-01 00:00:00-04:00,27.350000381469727,27.3700008392334,27.28499984741211,27.3700008392334,700,0.0,0.0,0.0
2022-09-02 00:00:00-04:00,27.21500015258789,27.22599983215332,27.19300079345703,27.19300079345703,400,0.0,0.0,0.0
2022-09-06 00:00:00-04:00,27.270000457763672,27.270000457763672,27.143999099731445,27.143999099731445,100,0.0,0.0,0.0
2022-09-07 00:00:00-04:00,27.490999221801758,27.490999221801758,27.490999221801758,27.490999221801758,100,0.0,0.0,0.0
2022-09-08 00:00:00-04:00,27.479999542236328,27.6299991607666,27.450000762939453,27.60300064086914,5400,0.0,0.0,0.0
2022-09-09 00:00:00-04:00,27.990999221801758,27.990999221801758,27.990999221801758,27.990999221801758,100,0.0,0.0,0.0
2022-09-12 00:00:00-04:00,28.084999084472656,28.084999084472656,28.084999084472656,28.084999084472656,100,0.0,0.0,0.0
2022-09-13 00:00:00-04:00,27.31999969482422,27.31999969482422,27.2810001373291,27.2810001373291,400,0.0,0.0,0.0
2022-09-14 00:00:00-04:00,27.290000915527344,27.320999145507812,27.290000915527344,27.320999145507812,1900,0.0,0.0,0.0
2022-09-15 00:00:00-04:00,27.309999465942383,27.34000015258789,27.14299964904785,27.14299964904785,200,0.0,0.0,0.0
2022-09-16 00:00:00-04:00,26.948999404907227,27.010000228881836,26.87299919128418,27.010000228881836,300,0.0,0.0,0.0
2022-09-19 00:00:00-04:00,27.190000534057617,27.190000534057617,27.18400001525879,27.18400001525879,1000,0.0,0.0,0.0
2022-09-20 00:00:00-04:00,26.94099998474121,26.94099998474121,26.94099998474121,26.94099998474121,100,0.0,0.0,0.0
2022-09-21 00:00:00-04:00,27.110000610351562,27.110000610351562,26.694000244140625,26.694000244140625,2100,0.0,0.0,0.0
2022-09-22 00:00:00-04:00,26.56999969482422,26.649999618530273,26.527000427246094,26.527000427246094,200,0.0,0.0,0.0
2022-09-23 00:00:00-04:00,26.510000228881836,26.510000228881836,26.156999588012695,26.156999588012695,200,0.0,0.0,0.0
2022-09-26 00:00:00-04:00,26.1299991607666,26.170000076293945,26.030000686645508,26.034000396728516,1100,0.0,0.0,0.0
2022-09-27 00:00:00-04:00,25.8700008392334,25.959999084472656,25.8700008392334,25.959999084472656,800,0.0,0.0,0.0
2022-09-28 00:00:00-04:00,26.354000091552734,26.354000091552734,26.354000091552734,26.354000091552734,0,0.0,0.0,0.0
2022-09-29 00:00:00-04:00,25.933000564575195,25.933000564575195,25.933000564575195,25.933000564575195,0,0.0,0.0,0.0
2022-09-30 00:00:00-04:00,25.697999954223633,25.697999954223633,25.697999954223633,25.697999954223633,0,0.0,0.0,0.0
2022-10-03 00:00:00-04:00,26.049999237060547,26.155000686645508,26.049999237060547,26.155000686645508,600,0.0,0.0,0.0
2022-10-04 00:00:00-04:00,26.674999237060547,26.674999237060547,26.674999237060547,26.674999237060547,0,0.0,0.0,0.0
2022-10-05 00:00:00-04:00,26.3799991607666,26.639999389648438,26.3799991607666,26.639999389648438,3400,0.0,0.0,0.0
2022-10-06 00:00:00-04:00,26.530000686645508,26.53499984741211,26.492000579833984,26.492000579833984,1000,0.0,0.0,0.0
2022-10-07 00:00:00-04:00,25.972999572753906,25.972999572753906,25.972999572753906,25.972999572753906,100,0.0,0.0,0.0
2022-10-10 00:00:00-04:00,25.84000015258789,25.84000015258789,25.84000015258789,25.84000015258789,0,0.0,0.0,0.0
2022-10-11 00:00:00-04:00,25.799999237060547,25.799999237060547,25.760000228881836,25.760000228881836,2500,0.0,0.0,0.0
2022-10-12 00:00:00-04:00,25.655000686645508,25.655000686645508,25.655000686645508,25.655000686645508,100,0.0,0.0,0.0
2022-10-13 00:00:00-04:00,26.131000518798828,26.131000518798828,26.131000518798828,26.131000518798828,0,0.0,0.0,0.0
2022-10-14 00:00:00-04:00,25.895000457763672,25.895000457763672,25.684999465942383,25.684999465942383,100,0.0,0.0,0.0
2022-10-17 00:00:00-04:00,26.149999618530273,26.190000534057617,26.1299991607666,26.159000396728516,9800,0.0,0.0,0.0
2022-10-18 00:00:00-04:00,26.5,26.5,26.31999969482422,26.31999969482422,1500,0.0,0.0,0.0
2022-10-19 00:00:00-04:00,26.23699951171875,26.23699951171875,26.23699951171875,26.23699951171875,100,0.0,0.0,0.0
2022-10-20 00:00:00-04:00,26.128000259399414,26.128000259399414,26.128000259399414,26.128000259399414,0,0.0,0.0,0.0
2022-10-21 00:00:00-04:00,26.548999786376953,26.548999786376953,26.548999786376953,26.548999786376953,0,0.0,0.0,0.0
2022-10-24 00:00:00-04:00,26.743999481201172,26.743999481201172,26.743999481201172,26.743999481201172,100,0.0,0.0,0.0
2022-10-25 00:00:00-04:00,27.048999786376953,27.048999786376953,27.048999786376953,27.048999786376953,0,0.0,0.0,0.0
2022-10-26 00:00:00-04:00,26.8799991607666,27.1299991607666,26.8799991607666,26.95400047302246,900,0.0,0.0,0.0
2022-10-27 00:00:00-04:00,26.840999603271484,26.840999603271484,26.840999603271484,26.840999603271484,0,0.0,0.0,0.0
2022-10-28 00:00:00-04:00,27.270000457763672,27.29800033569336,27.270000457763672,27.29800033569336,24400,0.0,0.0,0.0
2022-10-31 00:00:00-04:00,27.260000228881836,27.260000228881836,27.19099998474121,27.19099998474121,100,0.0,0.0,0.0
2022-11-01 00:00:00-04:00,27.25,27.25,27.143999099731445,27.143999099731445,400,0.0,0.0,0.0
2022-11-02 00:00:00-04:00,27.049999237060547,27.1299991607666,26.704999923706055,26.704999923706055,300,0.0,0.0,0.0
2022-11-03 00:00:00-04:00,26.350000381469727,26.559999465942383,26.350000381469727,26.493000030517578,3000,0.0,0.0,0.0
2022-11-04 00:00:00-04:00,26.74799919128418,26.74799919128418,26.74799919128418,26.74799919128418,100,0.0,0.0,0.0
2022-11-07 00:00:00-05:00,26.934999465942383,26.934999465942383,26.934999465942383,26.934999465942383,100,0.0,0.0,0.0
2022-11-08 00:00:00-05:00,27.042999267578125,27.042999267578125,27.042999267578125,27.042999267578125,100,0.0,0.0,0.0
2022-11-09 00:00:00-05:00,26.655000686645508,26.655000686645508,26.655000686645508,26.655000686645508,100,0.0,0.0,0.0
2022-11-10 00:00:00-05:00,27.62299919128418,27.62299919128418,27.62299919128418,27.62299919128418,0,0.0,0.0,0.0
2022-11-11 00:00:00-05:00,27.791000366210938,27.791000366210938,27.791000366210938,27.791000366210938,100,0.0,0.0,0.0
2022-11-14 00:00:00-05:00,27.649999618530273,27.649999618530273,27.649999618530273,27.649999618530273,0,0.0,0.0,0.0
2022-11-15 00:00:00-05:00,27.770000457763672,27.770000457763672,27.770000457763672,27.770000457763672,100,0.0,0.0,0.0
2022-11-16 00:00:00-05:00,27.700000762939453,27.700000762939453,27.670000076293945,27.670000076293945,200,0.0,0.0,0.0
2022-11-17 00:00:00-05:00,27.589000701904297,27.589000701904297,27.589000701904297,27.589000701904297,100,0.0,0.0,0.0
2022-11-18 00:00:00-05:00,27.614999771118164,27.68400001525879,27.614999771118164,27.68400001525879,200,0.0,0.0,0.0
2022-11-21 00:00:00-05:00,27.665000915527344,27.665000915527344,27.665000915527344,27.665000915527344,100,0.0,0.0,0.0
2022-11-22 00:00:00-05:00,27.829999923706055,27.89699935913086,27.690000534057617,27.89699935913086,5100,0.0,0.0,0.0
2022-11-23 00:00:00-05:00,28.0,28.020000457763672,28.0,28.0,400,0.0,0.0,0.0
2022-11-25 00:00:00-05:00,27.889999389648438,28.010000228881836,27.889999389648438,28.010000228881836,300,0.0,0.0,0.0
2022-11-28 00:00:00-05:00,27.829999923706055,27.829999923706055,27.742000579833984,27.742000579833984,500,0.0,0.0,0.0
2022-11-29 00:00:00-05:00,27.700000762939453,27.729999542236328,27.670000076293945,27.729999542236328,1000,0.0,0.0,0.0
2022-11-30 00:00:00-05:00,27.670000076293945,28.204999923706055,27.6299991607666,28.204999923706055,1400,0.0,0.0,0.0
2022-12-01 00:00:00-05:00,28.219999313354492,28.235000610351562,28.219999313354492,28.233999252319336,200,0.0,0.0,0.0
2022-12-02 00:00:00-05:00,28.22100067138672,28.22100067138672,28.22100067138672,28.22100067138672,100,0.0,0.0,0.0
2022-12-05 00:00:00-05:00,27.959999084472656,27.959999084472656,27.924999237060547,27.924999237060547,1700,0.0,0.0,0.0
2022-12-06 00:00:00-05:00,27.70400047302246,27.70400047302246,27.70400047302246,27.70400047302246,0,0.0,0.0,0.0
2022-12-07 00:00:00-05:00,27.65999984741211,27.665000915527344,27.65999984741211,27.665000915527344,200,0.0,0.0,0.0
2022-12-08 00:00:00-05:00,27.709999084472656,27.783000946044922,27.709999084472656,27.783000946044922,200,0.0,0.0,0.0
2022-12-09 00:00:00-05:00,27.697999954223633,27.697999954223633,27.697999954223633,27.697999954223633,100,0.0,0.0,0.0
2022-12-12 00:00:00-05:00,27.81999969482422,27.89699935913086,27.75,27.89699935913086,9900,0.0,0.0,0.0
2022-12-13 00:00:00-05:00,28.25,28.25,28.034000396728516,28.034000396728516,700,0.0,0.0,0.0
2022-12-14 00:00:00-05:00,27.98200035095215,27.98200035095215,27.98200035095215,27.98200035095215,0,0.0,0.0,0.0
2022-12-15 00:00:00-05:00,27.547000885009766,27.547000885009766,27.547000885009766,27.547000885009766,0,0.0,0.0,0.0
2022-12-16 00:00:00-05:00,27.39299964904785,27.39299964904785,27.39299964904785,27.39299964904785,200,0.0,0.0,0.0
2022-12-19 00:00:00-05:00,27.30500030517578,27.30500030517578,27.253000259399414,27.253000259399414,500,0.0,0.0,0.0
2022-12-20 00:00:00-05:00,27.299999237060547,27.299999237060547,27.256999969482422,27.256999969482422,1800,0.0,0.0,0.0
2022-12-21 00:00:00-05:00,27.54199981689453,27.54199981689453,27.54199981689453,27.54199981689453,100,0.0,0.0,0.0
2022-12-22 00:00:00-05:00,27.273000717163086,27.273000717163086,27.273000717163086,27.273000717163086,100,0.0,0.0,0.0
2022-12-23 00:00:00-05:00,27.219999313354492,27.40999984741211,27.219999313354492,27.40999984741211,200,0.0,0.0,0.0
2022-12-27 00:00:00-05:00,27.347999572753906,27.347999572753906,27.347999572753906,27.347999572753906,100,0.0,0.0,0.0
2022-12-28 00:00:00-05:00,27.155000686645508,27.155000686645508,27.155000686645508,27.155000686645508,0,0.0,0.0,0.0
2022-12-29 00:00:00-05:00,27.510000228881836,27.510000228881836,27.476999282836914,27.476999282836914,800,0.0,0.0,0.0
2022-12-30 00:00:00-05:00,27.290000915527344,27.415000915527344,27.290000915527344,27.415000915527344,1100,0.0,0.0,0.0
2023-01-03 00:00:00-05:00,27.3700008392334,27.385000228881836,27.28499984741211,27.363000869750977,2200,0.0,0.0,0.0
2023-01-04 00:00:00-05:00,27.479999542236328,27.549999237060547,27.479999542236328,27.496000289916992,600,0.0,0.0,0.0
2023-01-05 00:00:00-05:00,27.3700008392334,27.3700008392334,27.316999435424805,27.316999435424805,200,0.0,0.0,0.0
2023-01-06 00:00:00-05:00,27.719999313354492,27.75,27.719999313354492,27.75,1200,0.0,0.0,0.0
2023-01-09 00:00:00-05:00,27.750999450683594,27.750999450683594,27.750999450683594,27.750999450683594,100,0.0,0.0,0.0
2023-01-10 00:00:00-05:00,27.868000030517578,27.868000030517578,27.868000030517578,27.868000030517578,100,0.0,0.0,0.0
2023-01-11 00:00:00-05:00,28.089000701904297,28.089000701904297,28.089000701904297,28.089000701904297,0,0.0,0.0,0.0
2023-01-12 00:00:00-05:00,28.139999389648438,28.174999237060547,28.139999389648438,28.174999237060547,900,0.0,0.0,0.0
2023-01-13 00:00:00-05:00,28.170000076293945,28.304000854492188,28.170000076293945,28.304000854492188,100,0.0,0.0,0.0
2023-01-17 00:00:00-05:00,28.261999130249023,28.261999130249023,28.261999130249023,28.261999130249023,0,0.0,0.0,0.0
2023-01-18 00:00:00-05:00,28.209999084472656,28.209999084472656,28.02199935913086,28.02199935913086,200,0.0,0.0,0.0
2023-01-19 00:00:00-05:00,28.030000686645508,28.030000686645508,27.90399932861328,27.90399932861328,200,0.0,0.0,0.0
2023-01-20 00:00:00-05:00,27.889999389648438,28.233999252319336,27.889999389648438,28.233999252319336,3400,0.0,0.0,0.0
2023-01-23 00:00:00-05:00,28.410999298095703,28.410999298095703,28.410999298095703,28.410999298095703,0,0.0,0.0,0.0
2023-01-24 00:00:00-05:00,28.43000030517578,28.43000030517578,28.43000030517578,28.43000030517578,100,0.0,0.0,0.0
2023-01-25 00:00:00-05:00,28.42799949645996,28.42799949645996,28.42799949645996,28.42799949645996,100,0.0,0.0,0.0
2023-01-26 00:00:00-05:00,28.58099937438965,28.58099937438965,28.58099937438965,28.58099937438965,100,0.0,0.0,0.0
2023-01-27 00:00:00-05:00,28.649999618530273,28.649999618530273,28.649999618530273,28.649999618530273,100,0.0,0.0,0.0
2023-01-30 00:00:00-05:00,28.450000762939453,28.450000762939453,28.450000762939453,28.450000762939453,100,0.0,0.0,0.0
2023-01-31 00:00:00-05:00,28.450000762939453,28.656999588012695,28.399999618530273,28.656999588012695,2200,0.0,0.0,0.0
2023-02-01 00:00:00-05:00,28.610000610351562,28.791000366210938,28.549999237060547,28.791000366210938,1600,0.0,0.0,0.0
2023-02-02 00:00:00-05:00,28.937000274658203,28.937000274658203,28.937000274658203,28.937000274658203,100,0.0,0.0,0.0
2023-02-03 00:00:00-05:00,28.899999618530273,28.94700050354004,28.84000015258789,28.84000015258789,300,0.0,0.0,0.0
2023-02-06 00:00:00-05:00,28.777000427246094,28.777000427246094,28.777000427246094,28.777000427246094,0,0.0,0.0,0.0
2023-02-07 00:00:00-05:00,28.709999084472656,28.94300079345703,28.709999084472656,28.94300079345703,200,0.0,0.0,0.0
2023-02-08 00:00:00-05:00,28.780000686645508,28.79599952697754,28.780000686645508,28.79599952697754,100,0.0,0.0,0.0
2023-02-09 00:00:00-05:00,28.680999755859375,28.680999755859375,28.680999755859375,28.680999755859375,0,0.0,0.0,0.0
2023-02-10 00:00:00-05:00,28.610000610351562,28.719999313354492,28.610000610351562,28.719999313354492,500,0.0,0.0,0.0
2023-02-13 00:00:00-05:00,28.809999465942383,28.856000900268555,28.780000686645508,28.856000900268555,800,0.0,0.0,0.0
2023-02-14 00:00:00-05:00,28.92799949645996,28.92799949645996,28.92799949645996,28.92799949645996,0,0.0,0.0,0.0
2023-02-15 00:00:00-05:00,28.93000030517578,28.97599983215332,28.93000030517578,28.97599983215332,2200,0.0,0.0,0.0
2023-02-16 00:00:00-05:00,28.920000076293945,28.950000762939453,28.816999435424805,28.816999435424805,16000,0.0,0.0,0.0
2023-02-17 00:00:00-05:00,28.65999984741211,28.775999069213867,28.65999984741211,28.775999069213867,300,0.0,0.0,0.0
2023-02-21 00:00:00-05:00,28.579999923706055,28.579999923706055,28.520999908447266,28.520999908447266,1300,0.0,0.0,0.0
2023-02-22 00:00:00-05:00,28.459999084472656,28.549999237060547,28.459999084472656,28.503000259399414,3100,0.0,0.0,0.0
2023-02-23 00:00:00-05:00,28.600000381469727,28.639999389648438,28.5,28.639999389648438,3500,0.0,0.0,0.0
2023-02-24 00:00:00-05:00,28.399999618530273,28.496999740600586,28.309999465942383,28.45199966430664,7100,0.0,0.0,0.0
2023-02-27 00:00:00-05:00,28.538999557495117,28.538999557495117,28.538999557495117,28.538999557495117,0,0.0,0.0,0.0
2023-02-28 00:00:00-05:00,28.54800033569336,28.54800033569336,28.54800033569336,28.54800033569336,0,0.0,0.0,0.0
2023-03-01 00:00:00-05:00,28.399999618530273,28.434999465942383,28.399999618530273,28.434999465942383,900,0.0,0.0,0.0
2023-03-02 00:00:00-05:00,28.459999084472656,28.577999114990234,28.459999084472656,28.577999114990234,200,0.0,0.0,0.0
2023-03-03 00:00:00-05:00,28.59000015258789,28.857999801635742,28.59000015258789,28.857999801635742,300,0.0,0.0,0.0
2023-03-06 00:00:00-05:00,28.950000762939453,28.950000762939453,28.89299964904785,28.89299964904785,100,0.0,0.0,0.0
2023-03-07 00:00:00-05:00,28.780000686645508,28.798999786376953,28.639999389648438,28.655000686645508,900,0.0,0.0,0.0
2023-03-08 00:00:00-05:00,28.69499969482422,28.69499969482422,28.69499969482422,28.69499969482422,0,0.0,0.0,0.0
2023-03-09 00:00:00-05:00,28.649999618530273,28.75,28.349000930786133,28.349000930786133,700,0.0,0.0,0.0
2023-03-10 00:00:00-05:00,28.09000015258789,28.381999969482422,27.993999481201172,27.993999481201172,300,0.0,0.0,0.0
2023-03-13 00:00:00-04:00,28.170000076293945,28.207000732421875,27.979000091552734,27.979000091552734,1100,0.0,0.0,0.0
2023-03-14 00:00:00-04:00,28.349000930786133,28.349000930786133,28.349000930786133,28.349000930786133,0,0.0,0.0,0.0
2023-03-15 00:00:00-04:00,28.0,28.16200065612793,27.8700008392334,28.16200065612793,2000,0.0,0.0,0.0
2023-03-16 00:00:00-04:00,28.594999313354492,28.594999313354492,28.594999313354492,28.594999313354492,0,0.0,0.0,0.0
2023-03-17 00:00:00-04:00,28.368999481201172,28.368999481201172,28.368999481201172,28.368999481201172,100,0.0,0.0,0.0
2023-03-20 00:00:00-04:00,28.584999084472656,28.584999084472656,28.584999084472656,28.584999084472656,0,0.0,0.0,0.0
2023-03-21 00:00:00-04:00,28.895000457763672,28.895000457763672,28.885000228881836,28.885000228881836,400,0.0,0.0,0.0
2023-03-22 00:00:00-04:00,28.889999389648438,29.010000228881836,28.632999420166016,28.632999420166016,9700,0.0,0.0,0.0
2023-03-23 00:00:00-04:00,28.650999069213867,28.650999069213867,28.650999069213867,28.650999069213867,100,0.0,0.0,0.0
2023-03-24 00:00:00-04:00,28.746999740600586,28.746999740600586,28.746999740600586,28.746999740600586,100,0.0,0.0,0.0
2023-03-27 00:00:00-04:00,28.81999969482422,28.940000534057617,28.81999969482422,28.844999313354492,2400,0.0,0.0,0.0
2023-03-28 00:00:00-04:00,28.829999923706055,28.850000381469727,28.801000595092773,28.801000595092773,800,0.0,0.0,0.0
2023-03-29 00:00:00-04:00,29.09000015258789,29.156999588012695,29.06599998474121,29.156999588012695,28700,0.0,0.0,0.0
2023-03-30 00:00:00-04:00,29.3700008392334,29.389999389648438,29.260000228881836,29.302000045776367,5900,0.0,0.0,0.0
2023-03-31 00:00:00-04:00,29.549999237060547,29.559999465942383,29.399999618530273,29.538999557495117,62300,0.0,0.0,0.0
2023-04-03 00:00:00-04:00,29.549999237060547,29.610000610351562,29.399999618530273,29.59000015258789,220600,0.0,0.0,0.0
2023-04-04 00:00:00-04:00,29.639999389648438,29.649999618530273,29.440000534057617,29.458999633789062,41100,0.0,0.0,0.0
2023-04-05 00:00:00-04:00,29.5,29.530000686645508,29.31999969482422,29.399999618530273,195600,0.0,0.0,0.0
2023-04-06 00:00:00-04:00,29.329999923706055,29.549999237060547,29.329999923706055,29.530000686645508,23500,0.0,0.0,0.0
2023-04-10 00:00:00-04:00,29.43000030517578,29.5,29.34000015258789,29.441999435424805,21200,0.0,0.0,0.0
2023-04-11 00:00:00-04:00,29.549999237060547,29.600000381469727,29.5,29.506000518798828,17200,0.0,0.0,0.0
2023-04-12 00:00:00-04:00,29.729999542236328,29.729999542236328,29.424999237060547,29.424999237060547,11800,0.0,0.0,0.0
2023-04-13 00:00:00-04:00,29.43000030517578,29.690000534057617,29.43000030517578,29.690000534057617,11000,0.0,0.0,0.0
2023-04-14 00:00:00-04:00,29.788999557495117,29.788999557495117,29.594999313354492,29.631999969482422,10800,0.0,0.0,0.0
2023-04-17 00:00:00-04:00,29.600000381469727,29.75,29.600000381469727,29.725000381469727,23700,0.0,0.0,0.0
2023-04-18 00:00:00-04:00,29.780000686645508,29.790000915527344,29.68000030517578,29.780000686645508,8400,0.0,0.0,0.0
2023-04-19 00:00:00-04:00,29.719999313354492,29.80500030517578,29.65999984741211,29.729000091552734,43300,0.0,0.0,0.0
2023-04-20 00:00:00-04:00,29.719999313354492,29.719999313354492,29.579999923706055,29.60099983215332,14800,0.0,0.0,0.0
2023-04-21 00:00:00-04:00,29.709999084472656,29.725000381469727,29.559999465942383,29.625,24500,0.0,0.0,0.0
2023-04-24 00:00:00-04:00,29.690000534057617,29.709999084472656,29.559999465942383,29.64900016784668,42000,0.0,0.0,0.0
2023-04-25 00:00:00-04:00,29.489999771118164,29.625,29.350000381469727,29.382999420166016,9600,0.0,0.0,0.0
2023-04-26 00:00:00-04:00,29.450000762939453,29.451000213623047,29.200000762939453,29.28499984741211,9100,0.0,0.0,0.0
2023-04-27 00:00:00-04:00,29.459999084472656,29.760000228881836,29.450000762939453,29.726999282836914,14800,0.0,0.0,0.0
2023-04-28 00:00:00-04:00,29.719999313354492,29.889999389648438,29.719999313354492,29.87299919128418,2200,0.0,0.0,0.0
2023-05-01 00:00:00-04:00,29.770000457763672,30.0,29.770000457763672,29.905000686645508,18600,0.0,0.0,0.0
2023-05-02 00:00:00-04:00,29.809999465942383,29.809999465942383,29.540000915527344,29.670000076293945,60100,0.0,0.0,0.0
2023-05-03 00:00:00-04:00,29.719999313354492,29.719999313354492,29.514999389648438,29.527000427246094,37900,0.0,0.0,0.0
2023-05-04 00:00:00-04:00,29.3799991607666,29.420000076293945,29.280000686645508,29.36199951171875,14500,0.0,0.0,0.0
2023-05-05 00:00:00-04:00,29.440000534057617,29.850000381469727,29.440000534057617,29.750999450683594,22800,0.0,0.0,0.0
2023-05-08 00:00:00-04:00,29.649999618530273,29.790000915527344,29.649999618530273,29.753000259399414,7100,0.0,0.0,0.0
2023-05-09 00:00:00-04:00,29.540000915527344,29.760000228881836,29.540000915527344,29.68000030517578,23600,0.0,0.0,0.0
2023-05-10 00:00:00-04:00,29.719999313354492,29.826000213623047,29.549999237060547,29.791000366210938,15500,0.0,0.0,0.0
2023-05-11 00:00:00-04:00,29.639999389648438,29.739999771118164,29.639999389648438,29.722999572753906,3300,0.0,0.0,0.0
2023-05-12 00:00:00-04:00,29.709999084472656,29.770000457763672,29.610000610351562,29.70800018310547,2600,0.0,0.0,0.0
2023-05-15 00:00:00-04:00,29.670000076293945,29.809999465942383,29.649999618530273,29.770000457763672,17000,0.0,0.0,0.0
2023-05-16 00:00:00-04:00,29.6200008392334,29.790000915527344,29.59000015258789,29.649999618530273,11500,0.0,0.0,0.0
2023-05-17 00:00:00-04:00,29.729999542236328,29.9060001373291,29.670000076293945,29.9060001373291,1100,0.0,0.0,0.0
2023-05-18 00:00:00-04:00,29.829999923706055,30.104999542236328,29.829999923706055,30.104999542236328,3100,0.0,0.0,0.0
2023-05-19 00:00:00-04:00,30.172000885009766,30.172000885009766,30.030000686645508,30.084999084472656,1900,0.0,0.0,0.0
2023-05-22 00:00:00-04:00,30.09000015258789,30.139999389648438,30.059999465942383,30.079999923706055,6700,0.0,0.0,0.0
2023-05-23 00:00:00-04:00,29.979999542236328,30.010000228881836,29.84000015258789,29.84000015258789,1400,0.0,0.0,0.0
2023-05-24 00:00:00-04:00,29.780000686645508,29.780000686645508,29.6299991607666,29.67099952697754,2600,0.0,0.0,0.0
2023-05-25 00:00:00-04:00,29.795000076293945,29.860000610351562,29.770000457763672,29.850000381469727,3900,0.0,0.0,0.0
2023-05-26 00:00:00-04:00,30.100000381469727,30.155000686645508,30.100000381469727,30.155000686645508,600,0.0,0.0,0.0
2023-05-30 00:00:00-04:00,30.1299991607666,30.219999313354492,30.12700080871582,30.12700080871582,4400,0.0,0.0,0.0
2023-05-31 00:00:00-04:00,30.010000228881836,30.062000274658203,29.95800018310547,30.02199935913086,12300,0.0,0.0,0.0
2023-06-01 00:00:00-04:00,30.048999786376953,30.25200080871582,30.010000228881836,30.229999542236328,10200,0.0,0.0,0.0
2023-06-02 00:00:00-04:00,30.459999084472656,30.579999923706055,30.40999984741211,30.540000915527344,2100,0.0,0.0,0.0
2023-06-05 00:00:00-04:00,30.59000015258789,30.59000015258789,30.46500015258789,30.4950008392334,22100,0.0,0.0,0.0
2023-06-06 00:00:00-04:00,30.3799991607666,30.53499984741211,30.3799991607666,30.53499984741211,1200,0.0,0.0,0.0
2023-06-07 00:00:00-04:00,30.510000228881836,30.56999969482422,30.468000411987305,30.468000411987305,600,0.0,0.0,0.0
2023-06-08 00:00:00-04:00,30.5,30.62299919128418,30.489999771118164,30.62299919128418,3100,0.0,0.0,0.0
2023-06-09 00:00:00-04:00,30.770000457763672,30.770000457763672,30.6299991607666,30.66900062561035,4600,0.0,0.0,0.0
2023-06-12 00:00:00-04:00,30.649999618530273,30.836000442504883,30.649999618530273,30.836000442504883,5800,0.0,0.0,0.0
2023-06-13 00:00:00-04:00,31.0,31.0,30.934999465942383,30.969999313354492,7200,0.0,0.0,0.0
2023-06-14 00:00:00-04:00,31.020000457763672,31.059999465942383,30.90999984741211,30.94099998474121,5900,0.0,0.0,0.0
2023-06-15 00:00:00-04:00,30.860000610351562,31.270000457763672,30.860000610351562,31.257999420166016,6800,0.0,0.0,0.0
2023-06-16 00:00:00-04:00,31.209999084472656,31.280000686645508,31.139999389648438,31.158000946044922,7300,0.0,0.0,0.0
2023-06-20 00:00:00-04:00,30.969999313354492,31.100000381469727,30.969999313354492,31.06999969482422,4700,0.0,0.0,0.0
2023-06-21 00:00:00-04:00,30.969999313354492,31.059999465942383,30.969999313354492,30.983999252319336,9100,0.0,0.0,0.0
2023-06-22 00:00:00-04:00,30.84000015258789,31.059999465942383,30.84000015258789,31.048999786376953,5300,0.0,0.0,0.0
2023-06-23 00:00:00-04:00,30.979999542236328,31.0,30.93000030517578,30.950000762939453,5700,0.0,0.0,0.0
2023-06-26 00:00:00-04:00,30.81999969482422,31.020000457763672,30.799999237060547,30.819000244140625,10100,0.0,0.0,0.0
2023-06-27 00:00:00-04:00,30.93000030517578,31.1299991607666,30.8700008392334,31.086999893188477,82900,0.0,0.0,0.0
2023-06-28 00:00:00-04:00,30.940000534057617,31.1200008392334,30.940000534057617,31.05500030517578,13800,0.0,0.0,0.0
2023-06-29 00:00:00-04:00,31.049999237060547,31.18000030517578,31.049999237060547,31.1560001373291,1000,0.0,0.0,0.0
2023-06-30 00:00:00-04:00,31.364999771118164,31.405000686645508,31.364999771118164,31.40399932861328,53000,0.0,0.0,0.0
2023-07-03 00:00:00-04:00,31.450000762939453,31.450000762939453,31.360000610351562,31.427000045776367,2200,0.0,0.0,0.0
2023-07-05 00:00:00-04:00,31.260000228881836,31.389999389648438,31.059999465942383,31.3799991607666,6400,0.0,0.0,0.0
2023-07-06 00:00:00-04:00,31.15999984741211,31.229999542236328,31.049999237060547,31.229999542236328,2500,0.0,0.0,0.0
2023-07-07 00:00:00-04:00,31.280000686645508,31.290000915527344,31.204999923706055,31.204999923706055,800,0.0,0.0,0.0
2023-07-10 00:00:00-04:00,31.1200008392334,31.290000915527344,31.1200008392334,31.231000900268555,4900,0.0,0.0,0.0
2023-07-11 00:00:00-04:00,31.28499984741211,31.357999801635742,31.229999542236328,31.350000381469727,9700,0.0,0.0,0.0
2023-07-12 00:00:00-04:00,31.559999465942383,31.575000762939453,31.489999771118164,31.554000854492188,9500,0.0,0.0,0.0
2023-07-13 00:00:00-04:00,31.399999618530273,31.700000762939453,31.399999618530273,31.700000762939453,8700,0.0,0.0,0.0
2023-07-14 00:00:00-04:00,31.729999542236328,31.75,31.6299991607666,31.68000030517578,4200,0.0,0.0,0.0
2023-07-17 00:00:00-04:00,31.6200008392334,31.777000427246094,31.6200008392334,31.777000427246094,10300,0.0,0.0,0.0
2023-07-18 00:00:00-04:00,31.809999465942383,31.881000518798828,31.780000686645508,31.881000518798828,2300,0.0,0.0,0.0
2023-07-19 00:00:00-04:00,31.899999618530273,31.979999542236328,31.889999389648438,31.889999389648438,800,0.0,0.0,0.0
2023-07-20 00:00:00-04:00,31.75,31.8700008392334,31.75,31.773000717163086,2200,0.0,0.0,0.0
2023-07-21 00:00:00-04:00,31.780000686645508,31.81800079345703,31.739999771118164,31.739999771118164,162800,0.0,0.0,0.0
2023-07-24 00:00:00-04:00,31.770000457763672,31.860000610351562,31.770000457763672,31.860000610351562,3400,0.0,0.0,0.0
2023-07-25 00:00:00-04:00,31.92799949645996,31.92799949645996,31.92799949645996,31.92799949645996,100,0.0,0.0,0.0
2023-07-26 00:00:00-04:00,31.860000610351562,31.920000076293945,31.860000610351562,31.878000259399414,1200,0.0,0.0,0.0
2023-07-27 00:00:00-04:00,32.130001068115234,32.130001068115234,31.770000457763672,31.770000457763672,37300,0.0,0.0,0.0
2023-07-28 00:00:00-04:00,32.0099983215332,32.02000045776367,31.989999771118164,31.989999771118164,500,0.0,0.0,0.0
2023-07-31 00:00:00-04:00,31.920000076293945,32.029998779296875,31.920000076293945,31.985000610351562,500,0.0,0.0,0.0
2023-08-01 00:00:00-04:00,31.934999465942383,31.959999084472656,31.934999465942383,31.959999084472656,300,0.0,0.0,0.0
2023-08-02 00:00:00-04:00,31.690000534057617,31.72599983215332,31.639999389648438,31.700000762939453,14300,0.0,0.0,0.0
2023-08-03 00:00:00-04:00,31.6200008392334,31.66200065612793,31.6200008392334,31.66200065612793,1600,0.0,0.0,0.0
2023-08-04 00:00:00-04:00,31.729999542236328,31.81999969482422,31.542999267578125,31.542999267578125,14300,0.0,0.0,0.0
2023-08-07 00:00:00-04:00,31.68000030517578,31.708999633789062,31.65999984741211,31.708999633789062,1600,0.0,0.0,0.0
2023-08-08 00:00:00-04:00,31.625,31.6299991607666,31.625,31.6299991607666,200,0.0,0.0,0.0
2023-08-09 00:00:00-04:00,31.6200008392334,31.6200008392334,31.520000457763672,31.555999755859375,2100,0.0,0.0,0.0
2023-08-10 00:00:00-04:00,31.760000228881836,31.829999923706055,31.535999298095703,31.549999237060547,3800,0.0,0.0,0.0
2023-08-11 00:00:00-04:00,31.520000457763672,31.53499984741211,31.510000228881836,31.520999908447266,900,0.0,0.0,0.0
2023-08-14 00:00:00-04:00,31.579999923706055,31.618000030517578,31.56999969482422,31.618000030517578,1200,0.0,0.0,0.0
2023-08-15 00:00:00-04:00,31.354999542236328,31.408000946044922,30.889999389648438,31.408000946044922,300,0.0,0.0,0.0
2023-08-16 00:00:00-04:00,31.364999771118164,31.389999389648438,31.274999618530273,31.274999618530273,1700,0.0,0.0,0.0
2023-08-17 00:00:00-04:00,31.229999542236328,31.270000457763672,31.06999969482422,31.107999801635742,3100,0.0,0.0,0.0
2023-08-18 00:00:00-04:00,30.8700008392334,31.094999313354492,30.8700008392334,31.094999313354492,3900,0.0,0.0,0.0
2023-08-21 00:00:00-04:00,31.277999877929688,31.277999877929688,31.277999877929688,31.277999877929688,0,0.0,0.0,0.0
2023-08-22 00:00:00-04:00,31.229999542236328,31.229999542236328,31.18000030517578,31.208999633789062,600,0.0,0.0,0.0
2023-08-23 00:00:00-04:00,31.3700008392334,31.40999984741211,31.329999923706055,31.395999908447266,13600,0.0,0.0,0.0
2023-08-24 00:00:00-04:00,31.2810001373291,31.2810001373291,31.18000030517578,31.18000030517578,200,0.0,0.0,0.0
2023-08-25 00:00:00-04:00,31.260000228881836,31.30299949645996,31.145000457763672,31.30299949645996,1000,0.0,0.0,0.0
2023-08-28 00:00:00-04:00,31.309999465942383,31.408000946044922,31.309999465942383,31.408000946044922,2500,0.0,0.0,0.0
2023-08-29 00:00:00-04:00,31.520000457763672,31.73699951171875,31.520000457763672,31.73699951171875,6600,0.0,0.0,0.0
2023-08-30 00:00:00-04:00,31.700000762939453,31.81599998474121,31.700000762939453,31.81599998474121,300,0.0,0.0,0.0
2023-08-31 00:00:00-04:00,31.799999237060547,31.829999923706055,31.799999237060547,31.81399917602539,800,0.0,0.0,0.0
2023-09-01 00:00:00-04:00,31.8700008392334,31.8700008392334,31.75,31.854999542236328,30100,0.0,0.0,0.0
2023-09-05 00:00:00-04:00,31.75,31.795000076293945,31.739999771118164,31.767000198364258,3500,0.0,0.0,0.0
2023-09-06 00:00:00-04:00,31.559999465942383,31.576000213623047,31.541000366210938,31.576000213623047,4500,0.0,0.0,0.0
2023-09-07 00:00:00-04:00,31.459999084472656,31.549999237060547,31.459999084472656,31.549999237060547,3200,0.0,0.0,0.0
2023-09-08 00:00:00-04:00,31.610000610351562,31.610000610351562,31.530000686645508,31.59000015258789,3200,0.0,0.0,0.0
2023-09-11 00:00:00-04:00,31.65999984741211,31.714000701904297,31.6299991607666,31.709999084472656,3200,0.0,0.0,0.0
2023-09-12 00:00:00-04:00,31.624000549316406,31.624000549316406,31.624000549316406,31.624000549316406,0,0.0,0.0,0.0
2023-09-13 00:00:00-04:00,31.649999618530273,31.673999786376953,31.6200008392334,31.673999786376953,600,0.0,0.0,0.0
2023-09-14 00:00:00-04:00,31.719999313354492,31.860000610351562,31.719999313354492,31.860000610351562,1000,0.0,0.0,0.0
2023-09-15 00:00:00-04:00,31.65999984741211,31.67799949645996,31.59000015258789,31.604999542236328,1000,0.0,0.0,0.0
2023-09-18 00:00:00-04:00,31.559999465942383,31.5939998626709,31.559999465942383,31.5939998626709,800,0.0,0.0,0.0
2023-09-19 00:00:00-04:00,31.540000915527344,31.590999603271484,31.5049991607666,31.590999603271484,1600,0.0,0.0,0.0
2023-09-20 00:00:00-04:00,31.6299991607666,31.6299991607666,31.4060001373291,31.4060001373291,20800,0.0,0.0,0.0
2023-09-21 00:00:00-04:00,31.170000076293945,31.170000076293945,31.025999069213867,31.025999069213867,200,0.0,0.0,0.0
2023-09-22 00:00:00-04:00,31.079999923706055,31.1200008392334,30.96500015258789,30.96500015258789,300,0.0,0.0,0.0
2023-09-25 00:00:00-04:00,30.989999771118164,31.033000946044922,30.90999984741211,31.033000946044922,1800,0.0,0.0,0.0
2023-09-26 00:00:00-04:00,30.68000030517578,30.725000381469727,30.68000030517578,30.725000381469727,500,0.0,0.0,0.0
2023-09-27 00:00:00-04:00,30.639999389648438,30.760000228881836,30.639999389648438,30.7189998626709,300,0.0,0.0,0.0
2023-09-28 00:00:00-04:00,30.924999237060547,30.924999237060547,30.86400032043457,30.86400032043457,100,0.0,0.0,0.0
2023-09-29 00:00:00-04:00,30.93000030517578,30.96299934387207,30.79400062561035,30.79400062561035,300,0.0,0.0,0.0
2023-10-02 00:00:00-04:00,30.701000213623047,30.790000915527344,30.670000076293945,30.790000915527344,800,0.0,0.0,0.0
2023-10-03 00:00:00-04:00,30.479000091552734,30.479000091552734,30.479000091552734,30.479000091552734,100,0.0,0.0,0.0
2023-10-04 00:00:00-04:00,30.520000457763672,30.684999465942383,30.479999542236328,30.684999465942383,1300,0.0,0.0,0.0
2023-10-05 00:00:00-04:00,30.610000610351562,30.648000717163086,30.579999923706055,30.648000717163086,800,0.0,0.0,0.0
2023-10-06 00:00:00-04:00,30.889999389648438,30.93600082397461,30.889999389648438,30.93600082397461,600,0.0,0.0,0.0
2023-10-09 00:00:00-04:00,30.780000686645508,31.065000534057617,30.780000686645508,31.05299949645996,1500,0.0,0.0,0.0
2023-10-10 00:00:00-04:00,31.170000076293945,31.200000762939453,31.15999984741211,31.191999435424805,1500,0.0,0.0,0.0
2023-10-11 00:00:00-04:00,31.15999984741211,31.26099967956543,31.09000015258789,31.26099967956543,12400,0.0,0.0,0.0
2023-10-12 00:00:00-04:00,31.270000457763672,31.270000457763672,31.06999969482422,31.145000457763672,600,0.0,0.0,0.0
2023-10-13 00:00:00-04:00,31.084999084472656,31.084999084472656,30.969999313354492,30.993000030517578,700,0.0,0.0,0.0
2023-10-16 00:00:00-04:00,31.1200008392334,31.30299949645996,31.1200008392334,31.30299949645996,2600,0.0,0.0,0.0
2023-10-17 00:00:00-04:00,31.263999938964844,31.263999938964844,31.263999938964844,31.263999938964844,100,0.0,0.0,0.0
2023-10-18 00:00:00-04:00,31.09000015258789,31.11400032043457,30.9689998626709,30.9689998626709,7200,0.0,0.0,0.0
2023-10-19 00:00:00-04:00,30.860000610351562,31.030000686645508,30.729999542236328,30.78700065612793,13700,0.0,0.0,0.0
2023-10-20 00:00:00-04:00,30.59000015258789,30.639999389648438,30.496999740600586,30.496999740600586,4400,0.0,0.0,0.0
2023-10-23 00:00:00-04:00,30.459999084472656,30.510000228881836,30.420000076293945,30.420000076293945,1700,0.0,0.0,0.0
2023-10-24 00:00:00-04:00,30.510000228881836,30.641000747680664,30.510000228881836,30.641000747680664,2800,0.0,0.0,0.0
2023-10-25 00:00:00-04:00,30.43000030517578,30.43000030517578,30.239999771118164,30.29599952697754,700,0.0,0.0,0.0
2023-10-26 00:00:00-04:00,29.979999542236328,30.1200008392334,29.969999313354492,30.023000717163086,900,0.0,0.0,0.0
2023-10-27 00:00:00-04:00,30.040000915527344,30.049999237060547,29.799999237060547,29.864999771118164,28900,0.0,0.0,0.0
2023-10-30 00:00:00-04:00,30.010000228881836,30.260000228881836,30.010000228881836,30.23699951171875,33000,0.0,0.0,0.0
2023-10-31 00:00:00-04:00,30.170000076293945,30.33300018310547,30.15999984741211,30.33300018310547,4500,0.0,0.0,0.0
2023-11-01 00:00:00-04:00,30.40999984741211,30.569000244140625,30.399999618530273,30.569000244140625,1600,0.0,0.0,0.0
2023-11-02 00:00:00-04:00,30.84000015258789,30.999000549316406,30.84000015258789,30.999000549316406,800,0.0,0.0,0.0
2023-11-03 00:00:00-04:00,31.219999313354492,31.239999771118164,31.200000762939453,31.23200035095215,1200,0.0,0.0,0.0
2023-11-06 00:00:00-05:00,31.209999084472656,31.242000579833984,31.200000762939453,31.242000579833984,1200,0.0,0.0,0.0
2023-11-07 00:00:00-05:00,31.219999313354492,31.334999084472656,31.219999313354492,31.320999145507812,1200,0.0,0.0,0.0
2023-11-08 00:00:00-05:00,31.290000915527344,31.3700008392334,31.290000915527344,31.344999313354492,2300,0.0,0.0,0.0
2023-11-09 00:00:00-05:00,31.155000686645508,31.155000686645508,31.155000686645508,31.155000686645508,100,0.0,0.0,0.0
2023-11-10 00:00:00-05:00,31.260000228881836,31.566999435424805,31.260000228881836,31.566999435424805,400,0.0,0.0,0.0
2023-11-13 00:00:00-05:00,31.510000228881836,31.538999557495117,31.510000228881836,31.5310001373291,800,0.0,0.0,0.0
2023-11-14 00:00:00-05:00,32.0099983215332,32.029998779296875,31.98699951171875,31.98699951171875,9200,0.0,0.0,0.0
2023-11-15 00:00:00-05:00,32.04199981689453,32.04199981689453,32.04199981689453,32.04199981689453,100,0.0,0.0,0.0
2023-11-16 00:00:00-05:00,31.979999542236328,32.07099914550781,31.969999313354492,32.07099914550781,4600,0.0,0.0,0.0
2023-11-17 00:00:00-05:00,32.04999923706055,32.11899948120117,32.04999923706055,32.11899948120117,1100,0.0,0.0,0.0
2023-11-20 00:00:00-05:00,32.060001373291016,32.29600143432617,32.060001373291016,32.29600143432617,1300,0.0,0.0,0.0
2023-11-21 00:00:00-05:00,32.15999984741211,32.25199890136719,32.15999984741211,32.25199890136719,2100,0.0,0.0,0.0
2023-11-22 00:00:00-05:00,32.29999923706055,32.36000061035156,32.29999923706055,32.36000061035156,200,0.0,0.0,0.0
2023-11-24 00:00:00-05:00,32.369998931884766,32.369998931884766,32.369998931884766,32.369998931884766,100,0.0,0.0,0.0
2023-11-27 00:00:00-05:00,32.34000015258789,32.35300064086914,32.310001373291016,32.35300064086914,1300,0.0,0.0,0.0
2023-11-28 00:00:00-05:00,32.349998474121094,32.375,32.349998474121094,32.375,200,0.0,0.0,0.0
2023-11-29 00:00:00-05:00,32.400001525878906,32.400001525878906,32.310001373291016,32.34000015258789,1900,0.0,0.0,0.0
2023-11-30 00:00:00-05:00,32.290000915527344,32.446998596191406,32.290000915527344,32.446998596191406,1900,0.0,0.0,0.0
2023-12-01 00:00:00-05:00,32.59299850463867,32.59299850463867,32.59299850463867,32.59299850463867,100,0.0,0.0,0.0
2023-12-04 00:00:00-05:00,32.369998931884766,32.46500015258789,32.369998931884766,32.46500015258789,500,0.0,0.0,0.0
2023-12-05 00:00:00-05:00,32.38999938964844,32.4379997253418,32.38999938964844,32.4379997253418,3000,0.0,0.0,0.0
2023-12-06 00:00:00-05:00,32.42399978637695,32.42399978637695,32.36000061035156,32.36000061035156,1500,0.0,0.0,0.0
2023-12-07 00:00:00-05:00,32.459999084472656,32.560001373291016,32.459999084472656,32.560001373291016,1700,0.0,0.0,0.0
2023-12-08 00:00:00-05:00,32.52000045776367,32.67499923706055,32.52000045776367,32.67499923706055,2500,0.0,0.0,0.0
2023-12-11 00:00:00-05:00,32.66999816894531,32.76100158691406,32.66999816894531,32.76100158691406,500,0.0,0.0,0.0
2023-12-12 00:00:00-05:00,32.8650016784668,32.8650016784668,32.8650016784668,32.8650016784668,100,0.0,0.0,0.0
2023-12-13 00:00:00-05:00,32.86000061035156,33.13999938964844,32.86000061035156,33.13800048828125,9800,0.0,0.0,0.0
2023-12-14 00:00:00-05:00,33.16999816894531,33.2400016784668,33.16999816894531,33.20500183105469,1600,0.0,0.0,0.0
2023-12-15 00:00:00-05:00,33.209999084472656,33.266998291015625,33.20000076293945,33.266998291015625,1000,0.0,0.0,0.0
2023-12-18 00:00:00-05:00,33.310001373291016,33.310001373291016,33.310001373291016,33.310001373291016,100,0.0,0.0,0.0
2023-12-19 00:00:00-05:00,33.375999450683594,33.375999450683594,33.375999450683594,33.375999450683594,200,0.0,0.0,0.0
2023-12-20 00:00:00-05:00,33.22999954223633,33.22999954223633,33.159000396728516,33.159000396728516,200,0.0,0.0,0.0
2023-12-21 00:00:00-05:00,33.33000183105469,33.34000015258789,33.2130012512207,33.310001373291016,1900,0.0,0.0,0.0
2023-12-22 00:00:00-05:00,33.33000183105469,33.400001525878906,33.29999923706055,33.29999923706055,2900,0.0,0.0,0.0
2023-12-26 00:00:00-05:00,33.33000183105469,33.43000030517578,33.33000183105469,33.43000030517578,5500,0.0,0.0,0.0
2023-12-27 00:00:00-05:00,33.529998779296875,33.529998779296875,33.52000045776367,33.52000045776367,400,0.0,0.0,0.0
2023-12-28 00:00:00-05:00,33.51499938964844,33.51499938964844,33.51499938964844,33.51499938964844,0,0.0,0.0,0.0
2023-12-29 00:00:00-05:00,33.45000076293945,33.499000549316406,33.400001525878906,33.481998443603516,1500,0.0,0.0,0.0
2024-01-02 00:00:00-05:00,33.310001373291016,33.40999984741211,33.29999923706055,33.369998931884766,9700,0.0,0.0,0.0
2024-01-03 00:00:00-05:00,33.2400016784668,33.279998779296875,33.220001220703125,33.220001220703125,1300,0.0,0.0,0.0
2024-01-04 00:00:00-05:00,33.22999954223633,33.27000045776367,33.16400146484375,33.16400146484375,1700,0.0,0.0,0.0
2024-01-05 00:00:00-05:00,33.16999816894531,33.19499969482422,33.16999816894531,33.19499969482422,400,0.0,0.0,0.0
2024-01-08 00:00:00-05:00,33.47999954223633,33.486000061035156,33.47999954223633,33.486000061035156,200,0.0,0.0,0.0
2024-01-09 00:00:00-05:00,33.459999084472656,33.4900016784668,33.45000076293945,33.4640007019043,1200,0.0,0.0,0.0
2024-01-10 00:00:00-05:00,33.41999816894531,33.56999969482422,33.41999816894531,33.56999969482422,700,0.0,0.0,0.0
2024-01-11 00:00:00-05:00,33.560001373291016,33.619998931884766,33.560001373291016,33.611000061035156,800,0.0,0.0,0.0
2024-01-12 00:00:00-05:00,33.59000015258789,33.612998962402344,33.59000015258789,33.612998962402344,1900,0.0,0.0,0.0
2024-01-16 00:00:00-05:00,33.58000183105469,33.58000183105469,33.52000045776367,33.52399826049805,3000,0.0,0.0,0.0
2024-01-17 00:00:00-05:00,33.369998931884766,33.47999954223633,33.369998931884766,33.459999084472656,1600,0.0,0.0,0.0
2024-01-18 00:00:00-05:00,33.4900016784668,33.645999908447266,33.4900016784668,33.645999908447266,300,0.0,0.0,0.0
2024-01-19 00:00:00-05:00,33.68000030517578,33.82600021362305,33.650001525878906,33.82600021362305,3300,0.0,0.0,0.0
2024-01-22 00:00:00-05:00,33.88999938964844,33.88999938964844,33.88999938964844,33.88999938964844,30800,0.0,0.0,0.0
2024-01-23 00:00:00-05:00,33.869998931884766,34.0,33.869998931884766,34.0,800,0.0,0.0,0.0
2024-01-24 00:00:00-05:00,34.125999450683594,34.125999450683594,34.01900100708008,34.01900100708008,200,0.0,0.0,0.0
2024-01-25 00:00:00-05:00,34.05500030517578,34.05500030517578,34.05500030517578,34.05500030517578,0,0.0,0.0,0.0
2024-01-26 00:00:00-05:00,34.084999084472656,34.084999084472656,34.084999084472656,34.084999084472656,100,0.0,0.0,0.0
2024-01-29 00:00:00-05:00,34.10100173950195,34.15700149536133,34.099998474121094,34.15700149536133,3000,0.0,0.0,0.0
2024-01-30 00:00:00-05:00,34.130001068115234,34.1609992980957,34.130001068115234,34.1609992980957,500,0.0,0.0,0.0
2024-01-31 00:00:00-05:00,34.040000915527344,34.04999923706055,33.965999603271484,33.965999603271484,5100,0.0,0.0,0.0
2024-02-01 00:00:00-05:00,33.95399856567383,34.119998931884766,33.95399856567383,34.119998931884766,1500,0.0,0.0,0.0
2024-02-02 00:00:00-05:00,34.130001068115234,34.249000549316406,34.130001068115234,34.249000549316406,19000,0.0,0.0,0.0
2024-02-05 00:00:00-05:00,34.209999084472656,34.249000549316406,34.209999084472656,34.249000549316406,1700,0.0,0.0,0.0
2024-02-06 00:00:00-05:00,34.262001037597656,34.262001037597656,34.262001037597656,34.262001037597656,100,0.0,0.0,0.0
2024-02-07 00:00:00-05:00,34.349998474121094,34.35900115966797,34.349998474121094,34.35900115966797,100,0.0,0.0,0.0
2024-02-08 00:00:00-05:00,34.34000015258789,34.3650016784668,34.34000015258789,34.3650016784668,1100,0.0,0.0,0.0
2024-02-09 00:00:00-05:00,34.41999816894531,34.42499923706055,34.41999816894531,34.42499923706055,1200,0.0,0.0,0.0
2024-02-12 00:00:00-05:00,34.43000030517578,34.43000030517578,34.38999938964844,34.39500045776367,500,0.0,0.0,0.0
2024-02-13 00:00:00-05:00,34.349998474121094,34.36000061035156,34.220001220703125,34.270999908447266,6300,0.0,0.0,0.0
2024-02-14 00:00:00-05:00,34.33000183105469,34.40399932861328,34.33000183105469,34.40399932861328,1900,0.0,0.0,0.0
2024-02-15 00:00:00-05:00,34.43000030517578,34.43000030517578,34.400001525878906,34.42499923706055,600,0.0,0.0,0.0
2024-02-16 00:00:00-05:00,34.40999984741211,34.470001220703125,34.40999984741211,34.4379997253418,3700,0.0,0.0,0.0
2024-02-20 00:00:00-05:00,34.3650016784668,34.39500045776367,34.33000183105469,34.39500045776367,400,0.0,0.0,0.0
2024-02-21 00:00:00-05:00,34.38999938964844,34.42499923706055,34.38999938964844,34.42499923706055,200,0.0,0.0,0.0
2024-02-22 00:00:00-05:00,34.58000183105469,34.58000183105469,34.58000183105469,34.58000183105469,100,0.0,0.0,0.0
2024-02-23 00:00:00-05:00,34.56999969482422,34.59000015258789,34.560001373291016,34.58000183105469,2700,0.0,0.0,0.0
2024-02-26 00:00:00-05:00,34.529998779296875,34.57500076293945,34.529998779296875,34.57500076293945,900,0.0,0.0,0.0
2024-02-27 00:00:00-05:00,34.599998474121094,34.599998474121094,34.5989990234375,34.5989990234375,2200,0.0,0.0,0.0
2024-02-28 00:00:00-05:00,34.6150016784668,34.6150016784668,34.611000061035156,34.611000061035156,200,0.0,0.0,0.0
2024-02-29 00:00:00-05:00,34.625999450683594,34.650001525878906,34.619998931884766,34.650001525878906,1200,0.0,0.0,0.0
2024-03-01 00:00:00-05:00,34.65999984741211,34.678001403808594,34.650001525878906,34.65999984741211,3400,0.0,0.0,0.0
2024-03-04 00:00:00-05:00,34.63999938964844,34.69200134277344,34.63999938964844,34.69200134277344,3500,0.0,0.0,0.0
2024-03-05 00:00:00-05:00,34.619998931884766,34.650001525878906,34.619998931884766,34.650001525878906,2900,0.0,0.0,0.0
2024-03-06 00:00:00-05:00,34.65999984741211,34.65999984741211,34.64500045776367,34.64500045776367,1600,0.0,0.0,0.0
2024-03-07 00:00:00-05:00,34.77000045776367,34.77000045776367,34.694000244140625,34.71500015258789,4900,0.0,0.0,0.0
2024-03-08 00:00:00-05:00,34.72999954223633,34.72999954223633,34.685001373291016,34.685001373291016,300,0.0,0.0,0.0
2024-03-11 00:00:00-04:00,34.685001373291016,34.70199966430664,34.6609992980957,34.70199966430664,900,0.0,0.0,0.0
2024-03-12 00:00:00-04:00,34.755001068115234,34.755001068115234,34.755001068115234,34.755001068115234,300,0.0,0.0,0.0
2024-03-13 00:00:00-04:00,34.7400016784668,34.7400016784668,34.7400016784668,34.7400016784668,100,0.0,0.0,0.0
2024-03-14 00:00:00-04:00,34.72999954223633,34.744998931884766,34.72999954223633,34.744998931884766,1400,0.0,0.0,0.0
2024-03-15 00:00:00-04:00,34.72999954223633,34.742000579833984,34.71699905395508,34.742000579833984,3200,0.0,0.0,0.0
2024-03-18 00:00:00-04:00,34.75,34.779998779296875,34.75,34.7599983215332,2100,0.0,0.0,0.0
2024-03-19 00:00:00-04:00,34.779998779296875,34.79999923706055,34.77000045776367,34.7760009765625,2600,0.0,0.0,0.0
2024-03-20 00:00:00-04:00,34.79499816894531,34.84000015258789,34.7599983215332,34.814998626708984,4800,0.0,0.0,0.0
2024-03-21 00:00:00-04:00,34.880001068115234,34.880001068115234,34.8120002746582,34.82600021362305,11800,0.0,0.0,0.0
2024-03-22 00:00:00-04:00,34.84000015258789,34.880001068115234,34.83000183105469,34.84000015258789,10900,0.0,0.0,0.0
2024-03-25 00:00:00-04:00,34.845001220703125,34.845001220703125,34.845001220703125,34.845001220703125,100,0.0,0.0,0.0
2024-03-26 00:00:00-04:00,34.88999938964844,34.88999938964844,34.84000015258789,34.849998474121094,4000,0.0,0.0,0.0
2024-03-27 00:00:00-04:00,34.900001525878906,34.900001525878906,34.85499954223633,34.85499954223633,1100,0.0,0.0,0.0
2024-03-28 00:00:00-04:00,34.85499954223633,34.91999816894531,34.85499954223633,34.85499954223633,1202800,0.0,0.0,0.0
2024-04-01 00:00:00-04:00,35.279998779296875,35.279998779296875,34.7599983215332,34.89899826049805,190100,0.0,0.0,0.0
2024-04-02 00:00:00-04:00,34.77000045776367,34.77000045776367,34.569000244140625,34.691001892089844,33600,0.0,0.0,0.0
2024-04-03 00:00:00-04:00,34.599998474121094,34.810001373291016,34.599998474121094,34.69300079345703,84200,0.0,0.0,0.0
2024-04-04 00:00:00-04:00,34.91999816894531,34.93000030517578,34.45600128173828,34.4640007019043,114600,0.0,0.0,0.0
2024-04-05 00:00:00-04:00,34.529998779296875,34.77000045776367,34.5,34.694000244140625,41200,0.0,0.0,0.0
2024-04-08 00:00:00-04:00,34.720001220703125,34.7400016784668,34.63999938964844,34.698001861572266,20100,0.0,0.0,0.0
2024-04-09 00:00:00-04:00,34.79999923706055,34.79999923706055,34.52000045776367,34.75,100100,0.0,0.0,0.0
2024-04-10 00:00:00-04:00,34.45000076293945,34.59000015258789,34.369998931884766,34.540000915527344,43300,0.0,0.0,0.0
2024-04-11 00:00:00-04:00,34.529998779296875,34.77000045776367,34.380001068115234,34.71699905395508,35200,0.0,0.0,0.0
2024-04-12 00:00:00-04:00,34.54499816894531,34.54999923706055,34.25,34.28099822998047,26400,0.0,0.0,0.0
2024-04-15 00:00:00-04:00,34.470001220703125,34.52000045776367,34.0,34.05699920654297,56000,0.0,0.0,0.0
2024-04-16 00:00:00-04:00,33.99399948120117,34.119998931884766,33.91999816894531,34.025001525878906,31700,0.0,0.0,0.0
2024-04-17 00:00:00-04:00,34.18000030517578,34.18000030517578,33.810001373291016,33.810001373291016,30600,0.0,0.0,0.0
2024-04-18 00:00:00-04:00,33.959999084472656,34.040000915527344,33.779998779296875,33.82500076293945,38300,0.0,0.0,0.0
2024-04-19 00:00:00-04:00,33.84000015258789,33.87900161743164,33.571998596191406,33.63600158691406,33500,0.0,0.0,0.0
2024-04-22 00:00:00-04:00,33.77000045776367,34.0,33.689998626708984,33.85900115966797,13700,0.0,0.0,0.0
2024-04-23 00:00:00-04:00,33.97999954223633,34.18000030517578,33.97999954223633,34.13999938964844,17700,0.0,0.0,0.0
2024-04-24 00:00:00-04:00,34.209999084472656,34.209999084472656,34.029998779296875,34.15999984741211,48300,0.0,0.0,0.0
2024-04-25 00:00:00-04:00,33.790000915527344,34.06999969482422,33.75,33.9900016784668,31000,0.0,0.0,0.0
2024-04-26 00:00:00-04:00,34.20000076293945,34.33000183105469,34.20000076293945,34.24399948120117,7100,0.0,0.0,0.0
2024-04-29 00:00:00-04:00,34.33000183105469,34.380001068115234,34.25,34.369998931884766,26300,0.0,0.0,0.0
2024-04-30 00:00:00-04:00,34.349998474121094,34.349998474121094,34.0,34.0,27600,0.0,0.0,0.0
2024-05-01 00:00:00-04:00,33.95000076293945,34.2599983215332,33.840999603271484,33.92900085449219,11100,0.0,0.0,0.0
2024-05-02 00:00:00-04:00,33.970001220703125,34.130001068115234,33.85100173950195,34.060001373291016,13900,0.0,0.0,0.0
2024-05-03 00:00:00-04:00,34.400001525878906,34.5,34.31999969482422,34.45000076293945,16400,0.0,0.0,0.0
2024-05-06 00:00:00-04:00,34.529998779296875,34.630001068115234,34.52000045776367,34.6150016784668,9800,0.0,0.0,0.0
2024-05-07 00:00:00-04:00,34.685001373291016,34.7599983215332,34.68000030517578,34.72200012207031,12400,0.0,0.0,0.0
2024-05-08 00:00:00-04:00,34.65999984741211,34.724998474121094,34.650001525878906,34.689998626708984,13200,0.0,0.0,0.0
2024-05-09 00:00:00-04:00,34.720001220703125,34.86800003051758,34.685001373291016,34.856998443603516,10600,0.0,0.0,0.0
2024-05-10 00:00:00-04:00,34.91999816894531,34.939998626708984,34.814998626708984,34.90800094604492,26300,0.0,0.0,0.0
2024-05-13 00:00:00-04:00,34.935001373291016,34.95000076293945,34.856998443603516,34.869998931884766,7900,0.0,0.0,0.0
2024-05-14 00:00:00-04:00,34.90999984741211,35.00600051879883,34.869998931884766,35.005001068115234,15500,0.0,0.0,0.0
2024-05-15 00:00:00-04:00,35.13999938964844,35.33000183105469,35.13999938964844,35.31700134277344,11300,0.0,0.0,0.0
2024-05-16 00:00:00-04:00,35.349998474121094,35.38999938964844,35.279998779296875,35.290000915527344,16900,0.0,0.0,0.0
2024-05-17 00:00:00-04:00,35.29999923706055,35.29999923706055,35.22999954223633,35.27299880981445,5200,0.0,0.0,0.0
2024-05-20 00:00:00-04:00,35.400001525878906,35.43000030517578,35.32500076293945,35.32600021362305,10700,0.0,0.0,0.0
2024-05-21 00:00:00-04:00,35.33000183105469,35.400001525878906,35.33000183105469,35.400001525878906,8100,0.0,0.0,0.0
2024-05-22 00:00:00-04:00,35.42399978637695,35.439998626708984,35.2400016784668,35.29600143432617,11700,0.0,0.0,0.0
2024-05-23 00:00:00-04:00,35.42100143432617,35.44499969482422,35.08000183105469,35.15999984741211,12600,0.0,0.0,0.0
2024-05-24 00:00:00-04:00,35.2599983215332,35.36000061035156,35.209999084472656,35.33000183105469,9100,0.0,0.0,0.0
2024-05-28 00:00:00-04:00,35.380001068115234,35.400001525878906,35.29100036621094,35.34000015258789,180600,0.0,0.0,0.0
2024-05-29 00:00:00-04:00,35.209999084472656,35.2400016784668,35.154998779296875,35.17499923706055,160800,0.0,0.0,0.0
2024-05-30 00:00:00-04:00,35.060001373291016,35.2599983215332,34.9900016784668,35.060001373291016,310700,0.0,0.0,0.0
2024-05-31 00:00:00-04:00,34.981998443603516,35.2400016784668,34.849998474121094,35.220001220703125,68400,0.0,0.0,0.0
2024-06-03 00:00:00-04:00,35.2599983215332,35.34000015258789,35.0,35.27000045776367,48400,0.0,0.0,0.0
2024-06-04 00:00:00-04:00,35.20000076293945,35.290000915527344,35.18000030517578,35.2760009765625,40900,0.0,0.0,0.0
2024-06-05 00:00:00-04:00,35.34000015258789,35.59400177001953,35.33000183105469,35.59400177001953,19200,0.0,0.0,0.0
2024-06-06 00:00:00-04:00,35.63199996948242,35.63999938964844,35.4900016784668,35.555999755859375,10200,0.0,0.0,0.0
2024-06-07 00:00:00-04:00,35.4900016784668,35.68000030517578,35.4900016784668,35.54199981689453,6000,0.0,0.0,0.0
2024-06-10 00:00:00-04:00,35.52000045776367,35.619998931884766,35.52000045776367,35.60599899291992,10900,0.0,0.0,0.0
2024-06-11 00:00:00-04:00,35.5099983215332,35.69900131225586,35.46900177001953,35.672000885009766,16700,0.0,0.0,0.0
2024-06-12 00:00:00-04:00,35.93000030517578,36.029998779296875,35.880001068115234,35.935001373291016,7400,0.0,0.0,0.0
2024-06-13 00:00:00-04:00,35.88999938964844,35.97999954223633,35.840999603271484,35.97700119018555,17600,0.0,0.0,0.0
2024-06-14 00:00:00-04:00,35.85200119018555,35.959999084472656,35.849998474121094,35.95899963378906,8700,0.0,0.0,0.0
2024-06-17 00:00:00-04:00,35.900001525878906,36.209999084472656,35.900001525878906,36.124000549316406,9600,0.0,0.0,0.0
2024-06-18 00:00:00-04:00,36.209999084472656,36.22999954223633,36.165000915527344,36.21500015258789,10200,0.0,0.0,0.0
2024-06-20 00:00:00-04:00,36.2599983215332,36.2599983215332,36.09700012207031,36.11899948120117,12200,0.0,0.0,0.0
2024-06-21 00:00:00-04:00,36.08000183105469,36.150001525878906,36.04999923706055,36.10599899291992,5600,0.0,0.0,0.0
2024-06-24 00:00:00-04:00,36.18000030517578,36.20000076293945,36.060001373291016,36.060001373291016,8000,0.0,0.0,0.0
2024-06-25 00:00:00-04:00,36.119998931884766,36.189998626708984,36.08000183105469,36.18000030517578,7600,0.0,0.0,0.0
2024-06-26 00:00:00-04:00,36.08000183105469,36.21200180053711,36.08000183105469,36.21200180053711,11200,0.0,0.0,0.0
2024-06-27 00:00:00-04:00,36.13999938964844,36.25,36.1349983215332,36.220001220703125,7800,0.0,0.0,0.0
2024-06-28 00:00:00-04:00,36.38999938964844,36.38999938964844,36.14899826049805,36.14899826049805,3300,0.0,0.0,0.0
2024-07-01 00:00:00-04:00,36.06100082397461,36.20100021362305,36.060001373291016,36.20100021362305,33500,0.0,0.0,0.0
2024-07-02 00:00:00-04:00,36.220001220703125,36.34000015258789,36.220001220703125,36.3390007019043,2400,0.0,0.0,0.0
2024-07-03 00:00:00-04:00,36.36000061035156,36.45100021362305,36.34000015258789,36.45100021362305,5200,0.0,0.0,0.0
2024-07-05 00:00:00-04:00,36.474998474121094,36.60499954223633,36.474998474121094,36.60499954223633,3900,0.0,0.0,0.0
2024-07-08 00:00:00-04:00,36.60599899291992,36.63999938964844,36.5880012512207,36.637001037597656,2100,0.0,0.0,0.0
2024-07-09 00:00:00-04:00,36.709999084472656,36.709999084472656,36.63600158691406,36.63600158691406,7200,0.0,0.0,0.0
2024-07-10 00:00:00-04:00,36.7400016784668,36.86199951171875,36.65999984741211,36.86199951171875,5400,0.0,0.0,0.0
2024-07-11 00:00:00-04:00,36.83000183105469,36.83000183105469,36.64500045776367,36.678001403808594,36900,0.0,0.0,0.0
2024-07-12 00:00:00-04:00,36.849998474121094,36.959999084472656,36.77000045776367,36.779998779296875,8800,0.0,0.0,0.0
2024-07-15 00:00:00-04:00,36.900001525878906,36.95500183105469,36.79999923706055,36.79999923706055,8700,0.0,0.0,0.0
2024-07-16 00:00:00-04:00,36.93000030517578,37.02000045776367,36.86000061035156,37.02000045776367,5000,0.0,0.0,0.0
2024-07-17 00:00:00-04:00,36.630001068115234,36.77000045776367,36.630001068115234,36.694000244140625,6900,0.0,0.0,0.0
2024-07-18 00:00:00-04:00,36.65999984741211,36.810001373291016,36.400001525878906,36.48899841308594,11300,0.0,0.0,0.0
2024-07-19 00:00:00-04:00,36.41999816894531,36.47999954223633,36.33000183105469,36.33300018310547,5000,0.0,0.0,0.0
2024-07-22 00:00:00-04:00,36.439998626708984,36.63999938964844,36.439998626708984,36.61000061035156,11800,0.0,0.0,0.0
2024-07-23 00:00:00-04:00,36.66999816894531,36.66999816894531,36.54999923706055,36.560001373291016,5600,0.0,0.0,0.0
2024-07-24 00:00:00-04:00,36.43000030517578,36.43000030517578,35.98500061035156,35.98500061035156,6200,0.0,0.0,0.0
2024-07-25 00:00:00-04:00,35.8849983215332,36.2400016784668,35.8849983215332,35.89099884033203,10300,0.0,0.0,0.0
2024-07-26 00:00:00-04:00,36.040000915527344,36.279998779296875,36.040000915527344,36.13999938964844,8200,0.0,0.0,0.0
2024-07-29 00:00:00-04:00,36.22999954223633,36.25,36.150001525878906,36.172000885009766,3900,0.0,0.0,0.0
2024-07-30 00:00:00-04:00,36.16999816894531,36.16999816894531,35.95000076293945,36.0890007019043,10500,0.0,0.0,0.0
2024-07-31 00:00:00-04:00,36.369998931884766,36.540000915527344,36.369998931884766,36.470001220703125,4000,0.0,0.0,0.0
2024-08-01 00:00:00-04:00,36.599998474121094,36.599998474121094,35.970001220703125,36.07400131225586,1355200,0.0,0.0,0.0
2024-08-02 00:00:00-04:00,35.52000045776367,35.63999938964844,35.43000030517578,35.599998474121094,17400,0.0,0.0,0.0
2024-08-05 00:00:00-04:00,34.849998474121094,35.08000183105469,34.72999954223633,34.84000015258789,55200,0.0,0.0,0.0
2024-08-06 00:00:00-04:00,35.11899948120117,35.47999954223633,35.11000061035156,35.15999984741211,4800,0.0,0.0,0.0
2024-08-07 00:00:00-04:00,35.41999816894531,35.56999969482422,34.959999084472656,34.97999954223633,1700,0.0,0.0,0.0
2024-08-08 00:00:00-04:00,35.209999084472656,35.573001861572266,35.209999084472656,35.560001373291016,7400,0.0,0.0,0.0
2024-08-09 00:00:00-04:00,35.48500061035156,35.720001220703125,35.48500061035156,35.720001220703125,4000,0.0,0.0,0.0
2024-08-12 00:00:00-04:00,35.68000030517578,35.810001373291016,35.63999938964844,35.66999816894531,2500,0.0,0.0,0.0
2024-08-13 00:00:00-04:00,35.86000061035156,36.06999969482422,35.86000061035156,36.064998626708984,2700,0.0,0.0,0.0
2024-08-14 00:00:00-04:00,36.130001068115234,36.22100067138672,36.130001068115234,36.22100067138672,800,0.0,0.0,0.0
2024-08-15 00:00:00-04:00,36.46799850463867,36.61399841308594,36.46799850463867,36.59700012207031,2500,0.0,0.0,0.0
2024-08-16 00:00:00-04:00,36.69300079345703,36.69300079345703,36.69300079345703,36.69300079345703,400,0.0,0.0,0.0
2024-08-19 00:00:00-04:00,36.7599983215332,36.90999984741211,36.75,36.900001525878906,4800,0.0,0.0,0.0
2024-08-20 00:00:00-04:00,36.95000076293945,36.95000076293945,36.83000183105469,36.85499954223633,8000,0.0,0.0,0.0
2024-08-21 00:00:00-04:00,36.959999084472656,37.0099983215332,36.90999984741211,37.0,3700,0.0,0.0,0.0
2024-08-22 00:00:00-04:00,36.880001068115234,36.939998626708984,36.74800109863281,36.7599983215332,5700,0.0,0.0,0.0
2024-08-23 00:00:00-04:00,36.849998474121094,37.09000015258789,36.849998474121094,37.0880012512207,14100,0.0,0.0,0.0
2024-08-26 00:00:00-04:00,37.130001068115234,37.130001068115234,36.939998626708984,36.9900016784668,2500,0.0,0.0,0.0
2024-08-27 00:00:00-04:00,36.939998626708984,37.08000183105469,36.939998626708984,37.06999969482422,8200,0.0,0.0,0.0
2024-08-28 00:00:00-04:00,37.0,37.0,36.77000045776367,36.94300079345703,1500,0.0,0.0,0.0
2024-08-29 00:00:00-04:00,37.0099983215332,37.13999938964844,36.909000396728516,36.909000396728516,2100,0.0,0.0,0.0
2024-08-30 00:00:00-04:00,37.09000015258789,37.18600082397461,36.90999984741211,37.18600082397461,8600,0.0,0.0,0.0
2024-09-03 00:00:00-04:00,36.86000061035156,36.86000061035156,36.553001403808594,36.553001403808594,2600,0.0,0.0,0.0
2024-09-04 00:00:00-04:00,35.880001068115234,36.60100173950195,35.880001068115234,36.595001220703125,1600,0.0,0.0,0.0
2024-09-05 00:00:00-04:00,36.5,36.5,36.44499969482422,36.44499969482422,1300,0.0,0.0,0.0
2024-09-06 00:00:00-04:00,36.11000061035156,36.150001525878906,36.0620002746582,36.0620002746582,3600,0.0,0.0,0.0
