Date,Open,High,Low,Close,Volume,Dividends,Stock Splits
2017-05-10 00:00:00-04:00,15.199999809265137,15.59000015258789,14.899999618530273,15.039999961853027,5481400,0.0,0.0
2017-05-11 00:00:00-04:00,15.09000015258789,15.25,14.779999732971191,15.210000038146973,492300,0.0,0.0
2017-05-12 00:00:00-04:00,15.119999885559082,15.979999542236328,15.050000190734863,15.960000038146973,249200,0.0,0.0
2017-05-15 00:00:00-04:00,16.15999984741211,16.739999771118164,16.0,16.450000762939453,982400,0.0,0.0
2017-05-16 00:00:00-04:00,16.559999465942383,16.559999465942383,15.850000381469727,16.1200008392334,383100,0.0,0.0
2017-05-17 00:00:00-04:00,16.18000030517578,16.232999801635742,15.680000305175781,16.0,356600,0.0,0.0
2017-05-18 00:00:00-04:00,16.0,16.083999633789062,15.85099983215332,15.930000305175781,160100,0.0,0.0
2017-05-19 00:00:00-04:00,16.030000686645508,16.100000381469727,15.859999656677246,16.0,107900,0.0,0.0
2017-05-22 00:00:00-04:00,16.139999389648438,16.170000076293945,15.8100004196167,15.8100004196167,35800,0.0,0.0
2017-05-23 00:00:00-04:00,15.699999809265137,16.209999084472656,15.406999588012695,15.979999542236328,145500,0.0,0.0
2017-05-24 00:00:00-04:00,16.049999237060547,16.479999542236328,15.609999656677246,15.65999984741211,264000,0.0,0.0
2017-05-25 00:00:00-04:00,15.75,16.09000015258789,15.600000381469727,16.030000686645508,113500,0.0,0.0
2017-05-26 00:00:00-04:00,15.949999809265137,16.0,15.380000114440918,15.720000267028809,189300,0.0,0.0
2017-05-30 00:00:00-04:00,15.65999984741211,15.970000267028809,15.640000343322754,15.6899995803833,52900,0.0,0.0
2017-05-31 00:00:00-04:00,15.720000267028809,16.239999771118164,15.609999656677246,15.609999656677246,91800,0.0,0.0
2017-06-01 00:00:00-04:00,15.600000381469727,15.8100004196167,15.28499984741211,15.649999618530273,89400,0.0,0.0
2017-06-02 00:00:00-04:00,15.739999771118164,15.949999809265137,15.600000381469727,15.699999809265137,127000,0.0,0.0
2017-06-05 00:00:00-04:00,15.779999732971191,15.779999732971191,15.279999732971191,15.5,391400,0.0,0.0
2017-06-06 00:00:00-04:00,15.680000305175781,15.6899995803833,15.199999809265137,15.369999885559082,102800,0.0,0.0
2017-06-07 00:00:00-04:00,15.239999771118164,15.5,15.050000190734863,15.140000343322754,103600,0.0,0.0
2017-06-08 00:00:00-04:00,15.010000228881836,15.199999809265137,14.90999984741211,14.979999542236328,97300,0.0,0.0
2017-06-09 00:00:00-04:00,15.0,15.5,14.789999961853027,15.25,304200,0.0,0.0
2017-06-12 00:00:00-04:00,15.119999885559082,15.35099983215332,14.59000015258789,14.850000381469727,146300,0.0,0.0
2017-06-13 00:00:00-04:00,14.8100004196167,14.859999656677246,14.25,14.720000267028809,80600,0.0,0.0
2017-06-14 00:00:00-04:00,14.65999984741211,14.710000038146973,14.380000114440918,14.470000267028809,292600,0.0,0.0
2017-06-15 00:00:00-04:00,14.399999618530273,14.5600004196167,14.300000190734863,14.380000114440918,279500,0.0,0.0
2017-06-16 00:00:00-04:00,14.260000228881836,14.430000305175781,14.010000228881836,14.25,167500,0.0,0.0
2017-06-19 00:00:00-04:00,14.25,14.579999923706055,14.130000114440918,14.550000190734863,106800,0.0,0.0
2017-06-20 00:00:00-04:00,14.529999732971191,14.779999732971191,14.529999732971191,14.609999656677246,116600,0.0,0.0
2017-06-21 00:00:00-04:00,14.729999542236328,14.920000076293945,14.5,14.5600004196167,109200,0.0,0.0
2017-06-22 00:00:00-04:00,14.59000015258789,14.59000015258789,14.25,14.550000190734863,59000,0.0,0.0
2017-06-23 00:00:00-04:00,14.59000015258789,14.59000015258789,14.25,14.510000228881836,30700,0.0,0.0
2017-06-26 00:00:00-04:00,14.569999694824219,14.640000343322754,14.270000457763672,14.529999732971191,388500,0.0,0.0
2017-06-27 00:00:00-04:00,14.539999961853027,14.609999656677246,14.140000343322754,14.329999923706055,75000,0.0,0.0
2017-06-28 00:00:00-04:00,14.380000114440918,14.890000343322754,14.279999732971191,14.859999656677246,171500,0.0,0.0
2017-06-29 00:00:00-04:00,14.84000015258789,15.0,14.630000114440918,14.729999542236328,105800,0.0,0.0
2017-06-30 00:00:00-04:00,14.829999923706055,14.949999809265137,14.649999618530273,14.760000228881836,24000,0.0,0.0
2017-07-03 00:00:00-04:00,14.859999656677246,14.9399995803833,14.614999771118164,14.789999961853027,80400,0.0,0.0
2017-07-05 00:00:00-04:00,14.670000076293945,14.899999618530273,14.199999809265137,14.369999885559082,98100,0.0,0.0
2017-07-06 00:00:00-04:00,14.220000267028809,14.510000228881836,14.050000190734863,14.100000381469727,83100,0.0,0.0
2017-07-07 00:00:00-04:00,14.140000343322754,14.260000228881836,13.800000190734863,14.010000228881836,222700,0.0,0.0
2017-07-10 00:00:00-04:00,14.0,14.6899995803833,13.920000076293945,14.520000457763672,119900,0.0,0.0
2017-07-11 00:00:00-04:00,14.479999542236328,14.6899995803833,14.055000305175781,14.300000190734863,52700,0.0,0.0
2017-07-12 00:00:00-04:00,14.239999771118164,14.420000076293945,14.010000228881836,14.350000381469727,92100,0.0,0.0
2017-07-13 00:00:00-04:00,14.399999618530273,14.65999984741211,14.25,14.539999961853027,69700,0.0,0.0
2017-07-14 00:00:00-04:00,14.510000228881836,14.583000183105469,14.199999809265137,14.25,41800,0.0,0.0
2017-07-17 00:00:00-04:00,14.199999809265137,14.720000267028809,14.199999809265137,14.420000076293945,54100,0.0,0.0
2017-07-18 00:00:00-04:00,14.5,14.6850004196167,14.350000381469727,14.510000228881836,227100,0.0,0.0
2017-07-19 00:00:00-04:00,14.539999961853027,14.550000190734863,14.25,14.470000267028809,72300,0.0,0.0
2017-07-20 00:00:00-04:00,14.539999961853027,14.600000381469727,14.100000381469727,14.550000190734863,15900,0.0,0.0
2017-07-21 00:00:00-04:00,14.5,14.75,14.390000343322754,14.569999694824219,82100,0.0,0.0
2017-07-24 00:00:00-04:00,14.539999961853027,14.539999961853027,14.180000305175781,14.300000190734863,30000,0.0,0.0
2017-07-25 00:00:00-04:00,14.210000038146973,14.625,14.032999992370605,14.529999732971191,15700,0.0,0.0
2017-07-26 00:00:00-04:00,14.529999732971191,14.789999961853027,14.5,14.649999618530273,89900,0.0,0.0
2017-07-27 00:00:00-04:00,14.600000381469727,14.850000381469727,14.529999732971191,14.649999618530273,62600,0.0,0.0
2017-07-28 00:00:00-04:00,14.600000381469727,14.725000381469727,14.4399995803833,14.619999885559082,28900,0.0,0.0
2017-07-31 00:00:00-04:00,14.600000381469727,15.4399995803833,14.510000228881836,14.899999618530273,62100,0.0,0.0
2017-08-01 00:00:00-04:00,15.140000343322754,15.140000343322754,14.675000190734863,15.0,130800,0.0,0.0
2017-08-02 00:00:00-04:00,15.0,15.449999809265137,14.579999923706055,14.899999618530273,219300,0.0,0.0
2017-08-03 00:00:00-04:00,15.0,15.069999694824219,14.75,14.770000457763672,33000,0.0,0.0
2017-08-04 00:00:00-04:00,14.75,15.119999885559082,14.720000267028809,15.109999656677246,27300,0.0,0.0
2017-08-07 00:00:00-04:00,15.0,15.359999656677246,14.59000015258789,15.0,47400,0.0,0.0
2017-08-08 00:00:00-04:00,14.890000343322754,15.199999809265137,14.699999809265137,15.0,148300,0.0,0.0
2017-08-09 00:00:00-04:00,14.859999656677246,14.920000076293945,14.40999984741211,14.529999732971191,94600,0.0,0.0
2017-08-10 00:00:00-04:00,14.380000114440918,14.529999732971191,13.800000190734863,13.8100004196167,338100,0.0,0.0
2017-08-11 00:00:00-04:00,13.649999618530273,13.890000343322754,13.5,13.75,224200,0.0,0.0
2017-08-14 00:00:00-04:00,13.880000114440918,14.074999809265137,13.670000076293945,14.010000228881836,87200,0.0,0.0
2017-08-15 00:00:00-04:00,13.960000038146973,14.0649995803833,13.904999732971191,14.050000190734863,34700,0.0,0.0
2017-08-16 00:00:00-04:00,13.984999656677246,14.3100004196167,13.885000228881836,14.25,75600,0.0,0.0
2017-08-17 00:00:00-04:00,14.149999618530273,14.289999961853027,14.079999923706055,14.109999656677246,54500,0.0,0.0
2017-08-18 00:00:00-04:00,14.045000076293945,14.329999923706055,13.90999984741211,14.109999656677246,49100,0.0,0.0
2017-08-21 00:00:00-04:00,14.09000015258789,14.350000381469727,13.90999984741211,14.100000381469727,49700,0.0,0.0
2017-08-22 00:00:00-04:00,14.071999549865723,14.149999618530273,13.9350004196167,14.020000457763672,109400,0.0,0.0
2017-08-23 00:00:00-04:00,14.109999656677246,14.600000381469727,13.9350004196167,14.460000038146973,80800,0.0,0.0
2017-08-24 00:00:00-04:00,14.350000381469727,14.539999961853027,14.100000381469727,14.279999732971191,126300,0.0,0.0
2017-08-25 00:00:00-04:00,14.319999694824219,14.640000343322754,13.899999618530273,13.989999771118164,124300,0.0,0.0
2017-08-28 00:00:00-04:00,13.989999771118164,14.5,13.920000076293945,14.350000381469727,156000,0.0,0.0
2017-08-29 00:00:00-04:00,14.350000381469727,14.5600004196167,14.024999618530273,14.380000114440918,97800,0.0,0.0
2017-08-30 00:00:00-04:00,14.300000190734863,14.579999923706055,14.09000015258789,14.420000076293945,352200,0.0,0.0
2017-08-31 00:00:00-04:00,14.369999885559082,14.5,14.050000190734863,14.149999618530273,296000,0.0,0.0
2017-09-01 00:00:00-04:00,14.319999694824219,14.479999542236328,14.0,14.260000228881836,137000,0.0,0.0
2017-09-05 00:00:00-04:00,14.3100004196167,14.369999885559082,13.510000228881836,13.729999542236328,131700,0.0,0.0
2017-09-06 00:00:00-04:00,13.729999542236328,13.880000114440918,13.25,13.449999809265137,125800,0.0,0.0
2017-09-07 00:00:00-04:00,13.449999809265137,13.520000457763672,13.180000305175781,13.260000228881836,119000,0.0,0.0
2017-09-08 00:00:00-04:00,13.270000457763672,13.600000381469727,13.119999885559082,13.369999885559082,55400,0.0,0.0
2017-09-11 00:00:00-04:00,13.510000228881836,13.5600004196167,13.199999809265137,13.420000076293945,69300,0.0,0.0
2017-09-12 00:00:00-04:00,13.449999809265137,13.640000343322754,13.279999732971191,13.430000305175781,113900,0.0,0.0
2017-09-13 00:00:00-04:00,13.350000381469727,13.579999923706055,13.300000190734863,13.40999984741211,84100,0.0,0.0
2017-09-14 00:00:00-04:00,13.420000076293945,13.479999542236328,13.220000267028809,13.350000381469727,43900,0.0,0.0
2017-09-15 00:00:00-04:00,13.399999618530273,13.6899995803833,13.270000457763672,13.369999885559082,100700,0.0,0.0
2017-09-18 00:00:00-04:00,13.34000015258789,13.9399995803833,13.300000190734863,13.569999694824219,52300,0.0,0.0
2017-09-19 00:00:00-04:00,13.619999885559082,13.84000015258789,13.404000282287598,13.529999732971191,22700,0.0,0.0
2017-09-20 00:00:00-04:00,13.539999961853027,13.819999694824219,13.279999732971191,13.600000381469727,206300,0.0,0.0
2017-09-21 00:00:00-04:00,13.5,13.579999923706055,13.199999809265137,13.350000381469727,320000,0.0,0.0
2017-09-22 00:00:00-04:00,13.369999885559082,13.600000381469727,13.010000228881836,13.0600004196167,101500,0.0,0.0
2017-09-25 00:00:00-04:00,13.199999809265137,13.550000190734863,13.0,13.170000076293945,99400,0.0,0.0
2017-09-26 00:00:00-04:00,13.229999542236328,13.779999732971191,13.229999542236328,13.579999923706055,334000,0.0,0.0
2017-09-27 00:00:00-04:00,13.579999923706055,13.623000144958496,13.369999885559082,13.5,24100,0.0,0.0
2017-09-28 00:00:00-04:00,13.4399995803833,13.84000015258789,13.3100004196167,13.529999732971191,63000,0.0,0.0
2017-09-29 00:00:00-04:00,13.595000267028809,13.899999618530273,13.444999694824219,13.640000343322754,127800,0.0,0.0
2017-10-02 00:00:00-04:00,13.609999656677246,13.8100004196167,13.479999542236328,13.550000190734863,30700,0.0,0.0
2017-10-03 00:00:00-04:00,13.630000114440918,13.869999885559082,13.399999618530273,13.510000228881836,196900,0.0,0.0
2017-10-04 00:00:00-04:00,13.630000114440918,13.649999618530273,13.529999732971191,13.579999923706055,16200,0.0,0.0
2017-10-05 00:00:00-04:00,13.65999984741211,13.970000267028809,13.630000114440918,13.8100004196167,48300,0.0,0.0
2017-10-06 00:00:00-04:00,13.789999961853027,13.859999656677246,13.64799976348877,13.710000038146973,17900,0.0,0.0
2017-10-09 00:00:00-04:00,13.789999961853027,13.920000076293945,13.699999809265137,13.699999809265137,18700,0.0,0.0
2017-10-10 00:00:00-04:00,13.8100004196167,13.880000114440918,13.59000015258789,13.640000343322754,16000,0.0,0.0
2017-10-11 00:00:00-04:00,13.520000457763672,13.989999771118164,13.520000457763672,13.75,14200,0.0,0.0
2017-10-12 00:00:00-04:00,13.720000267028809,13.949999809265137,13.600000381469727,13.6899995803833,11800,0.0,0.0
2017-10-13 00:00:00-04:00,13.800000190734863,13.800000190734863,13.600000381469727,13.609999656677246,15500,0.0,0.0
2017-10-16 00:00:00-04:00,13.609999656677246,13.795000076293945,13.220000267028809,13.270000457763672,27400,0.0,0.0
2017-10-17 00:00:00-04:00,13.380000114440918,13.470000267028809,13.199999809265137,13.460000038146973,40500,0.0,0.0
2017-10-18 00:00:00-04:00,13.600000381469727,13.711999893188477,13.029999732971191,13.100000381469727,76100,0.0,0.0
2017-10-19 00:00:00-04:00,13.09000015258789,13.300000190734863,12.800000190734863,13.069999694824219,148200,0.0,0.0
2017-10-20 00:00:00-04:00,13.100000381469727,13.460000038146973,12.800000190734863,13.229999542236328,258500,0.0,0.0
2017-10-23 00:00:00-04:00,13.380000114440918,13.380000114440918,12.699999809265137,13.09000015258789,110300,0.0,0.0
2017-10-24 00:00:00-04:00,13.119999885559082,13.380000114440918,13.0,13.0,60800,0.0,0.0
2017-10-25 00:00:00-04:00,13.020000457763672,13.220000267028809,12.899999618530273,13.039999961853027,85200,0.0,0.0
2017-10-26 00:00:00-04:00,13.170000076293945,13.5,12.819999694824219,12.829999923706055,134000,0.0,0.0
2017-10-27 00:00:00-04:00,12.979999542236328,13.15999984741211,12.859999656677246,13.079999923706055,54100,0.0,0.0
2017-10-30 00:00:00-04:00,13.010000228881836,13.100000381469727,12.75,12.829999923706055,67100,0.0,0.0
2017-10-31 00:00:00-04:00,13.0,13.140000343322754,12.779999732971191,12.850000381469727,126400,0.0,0.0
2017-11-01 00:00:00-04:00,12.84000015258789,12.979999542236328,12.609999656677246,12.8100004196167,220200,0.0,0.0
2017-11-02 00:00:00-04:00,12.8100004196167,13.199999809265137,12.0,12.25,190400,0.0,0.0
2017-11-03 00:00:00-04:00,12.130000114440918,12.630000114440918,12.0,12.630000114440918,179000,0.0,0.0
2017-11-06 00:00:00-05:00,12.529999732971191,12.920000076293945,12.279999732971191,12.720000267028809,257800,0.0,0.0
2017-11-07 00:00:00-05:00,12.800000190734863,12.920000076293945,12.25,12.619999885559082,258000,0.0,0.0
2017-11-08 00:00:00-05:00,12.630000114440918,13.460000038146973,12.25,13.300000190734863,263100,0.0,0.0
2017-11-09 00:00:00-05:00,13.0,14.460000038146973,12.989999771118164,13.25,153500,0.0,0.0
2017-11-10 00:00:00-05:00,13.25,13.760000228881836,13.180000305175781,13.739999771118164,121900,0.0,0.0
2017-11-13 00:00:00-05:00,13.75,13.880000114440918,13.579999923706055,13.760000228881836,110700,0.0,0.0
2017-11-14 00:00:00-05:00,13.760000228881836,14.399999618530273,13.649999618530273,14.199999809265137,100400,0.0,0.0
2017-11-15 00:00:00-05:00,14.09000015258789,14.220000267028809,13.479999542236328,13.829999923706055,280900,0.0,0.0
2017-11-16 00:00:00-05:00,13.829999923706055,14.270000457763672,13.619999885559082,14.010000228881836,111200,0.0,0.0
2017-11-17 00:00:00-05:00,13.920000076293945,13.930000305175781,13.640000343322754,13.84000015258789,75300,0.0,0.0
2017-11-20 00:00:00-05:00,13.899999618530273,13.989999771118164,13.550000190734863,13.949999809265137,72400,0.0,0.0
2017-11-21 00:00:00-05:00,13.989999771118164,14.109999656677246,13.829999923706055,13.899999618530273,86000,0.0,0.0
2017-11-22 00:00:00-05:00,13.920000076293945,14.0,13.600000381469727,13.890000343322754,176900,0.0,0.0
2017-11-24 00:00:00-05:00,13.84000015258789,13.930000305175781,13.739999771118164,13.90999984741211,33600,0.0,0.0
2017-11-27 00:00:00-05:00,13.84000015258789,13.90999984741211,13.539999961853027,13.640000343322754,84600,0.0,0.0
2017-11-28 00:00:00-05:00,13.600000381469727,13.899999618530273,13.520000457763672,13.850000381469727,81900,0.0,0.0
2017-11-29 00:00:00-05:00,13.800000190734863,13.930000305175781,13.789999961853027,13.899999618530273,57000,0.0,0.0
2017-11-30 00:00:00-05:00,13.899999618530273,14.5,13.880000114440918,14.0,530200,0.0,0.0
2017-12-01 00:00:00-05:00,14.020000457763672,14.430000305175781,14.020000457763672,14.350000381469727,168200,0.0,0.0
2017-12-04 00:00:00-05:00,14.350000381469727,14.75,14.050000190734863,14.1899995803833,51400,0.0,0.0
2017-12-05 00:00:00-05:00,14.199999809265137,14.239999771118164,14.0,14.050000190734863,65800,0.0,0.0
2017-12-06 00:00:00-05:00,14.0,14.079999923706055,13.970000267028809,14.0,166800,0.0,0.0
2017-12-07 00:00:00-05:00,13.989999771118164,14.100000381469727,13.899999618530273,14.0600004196167,82700,0.0,0.0
2017-12-08 00:00:00-05:00,14.109999656677246,14.199999809265137,14.015000343322754,14.130000114440918,20600,0.0,0.0
2017-12-11 00:00:00-05:00,14.15999984741211,14.460000038146973,14.130000114440918,14.199999809265137,59800,0.0,0.0
2017-12-12 00:00:00-05:00,14.159000396728516,14.220000267028809,13.78499984741211,14.0,291100,0.0,0.0
2017-12-13 00:00:00-05:00,13.949999809265137,14.270000457763672,13.65999984741211,14.029999732971191,83800,0.0,0.0
2017-12-14 00:00:00-05:00,14.050000190734863,14.460000038146973,13.9399995803833,14.069999694824219,80900,0.0,0.0
2017-12-15 00:00:00-05:00,14.100000381469727,14.319999694824219,13.949999809265137,14.130000114440918,178200,0.0,0.0
2017-12-18 00:00:00-05:00,14.119999885559082,14.390000343322754,13.9399995803833,14.100000381469727,46300,0.0,0.0
2017-12-19 00:00:00-05:00,14.09000015258789,14.149999618530273,13.880000114440918,13.979999542236328,60700,0.0,0.0
2017-12-20 00:00:00-05:00,14.069999694824219,14.140000343322754,13.899999618530273,14.0,192900,0.0,0.0
2017-12-21 00:00:00-05:00,14.0,14.359999656677246,13.920000076293945,14.020000457763672,465900,0.0,0.0
2017-12-22 00:00:00-05:00,13.960000038146973,13.970000267028809,13.729999542236328,13.8100004196167,91400,0.0,0.0
2017-12-26 00:00:00-05:00,13.75,13.829999923706055,13.5600004196167,13.800000190734863,162900,0.0,0.0
2017-12-27 00:00:00-05:00,13.75,13.890000343322754,13.579999923706055,13.710000038146973,107200,0.0,0.0
2017-12-28 00:00:00-05:00,13.739999771118164,14.140000343322754,13.670000076293945,14.0600004196167,179700,0.0,0.0
2017-12-29 00:00:00-05:00,13.904999732971191,14.25,13.904999732971191,14.100000381469727,97200,0.0,0.0
2018-01-02 00:00:00-05:00,14.109999656677246,14.1899995803833,14.0,14.069999694824219,112600,0.0,0.0
2018-01-03 00:00:00-05:00,14.079999923706055,14.779999732971191,14.079999923706055,14.630000114440918,465700,0.0,0.0
2018-01-04 00:00:00-05:00,14.739999771118164,14.880000114440918,14.3100004196167,14.40999984741211,220500,0.0,0.0
2018-01-05 00:00:00-05:00,14.513999938964844,14.550000190734863,14.149999618530273,14.220000267028809,161100,0.0,0.0
2018-01-08 00:00:00-05:00,14.300000190734863,14.5,14.0,14.09000015258789,499100,0.0,0.0
2018-01-09 00:00:00-05:00,14.100000381469727,14.229999542236328,13.741000175476074,14.039999961853027,138300,0.0,0.0
2018-01-10 00:00:00-05:00,13.970000267028809,14.65999984741211,13.899999618530273,14.5600004196167,3070400,0.0,0.0
2018-01-11 00:00:00-05:00,14.579999923706055,15.039999961853027,14.579999923706055,14.949999809265137,276200,0.0,0.0
2018-01-12 00:00:00-05:00,14.949999809265137,14.979999542236328,14.789999961853027,14.829999923706055,95800,0.0,0.0
2018-01-16 00:00:00-05:00,14.869999885559082,14.949999809265137,14.59000015258789,14.59000015258789,118500,0.0,0.0
2018-01-17 00:00:00-05:00,14.619999885559082,14.890000343322754,14.550000190734863,14.8100004196167,101200,0.0,0.0
2018-01-18 00:00:00-05:00,14.800000190734863,15.020000457763672,14.710000038146973,15.0,422800,0.0,0.0
2018-01-19 00:00:00-05:00,14.930000305175781,15.029999732971191,14.869999885559082,14.949999809265137,106700,0.0,0.0
2018-01-22 00:00:00-05:00,14.960000038146973,14.979999542236328,14.520000457763672,14.619999885559082,51200,0.0,0.0
2018-01-23 00:00:00-05:00,14.569999694824219,14.789999961853027,14.270000457763672,14.649999618530273,94000,0.0,0.0
2018-01-24 00:00:00-05:00,14.600000381469727,14.609999656677246,14.279999732971191,14.359999656677246,42000,0.0,0.0
2018-01-25 00:00:00-05:00,14.394000053405762,14.394000053405762,14.069999694824219,14.1899995803833,68000,0.0,0.0
2018-01-26 00:00:00-05:00,13.949999809265137,14.09000015258789,13.859999656677246,14.010000228881836,89000,0.0,0.0
2018-01-29 00:00:00-05:00,13.930000305175781,13.970000267028809,13.069999694824219,13.710000038146973,264200,0.0,0.0
2018-01-30 00:00:00-05:00,13.670000076293945,13.779999732971191,13.430000305175781,13.6899995803833,84200,0.0,0.0
2018-01-31 00:00:00-05:00,13.720000267028809,13.979999542236328,13.59000015258789,13.800000190734863,96200,0.0,0.0
2018-02-01 00:00:00-05:00,13.850000381469727,14.0,13.529999732971191,13.9399995803833,83600,0.0,0.0
2018-02-02 00:00:00-05:00,13.850000381469727,13.930000305175781,13.420000076293945,13.619999885559082,80800,0.0,0.0
2018-02-05 00:00:00-05:00,13.479999542236328,13.569999694824219,12.84000015258789,13.149999618530273,125100,0.0,0.0
2018-02-06 00:00:00-05:00,12.970000267028809,13.260000228881836,12.880000114440918,13.109999656677246,113700,0.0,0.0
2018-02-07 00:00:00-05:00,13.140000343322754,13.199999809265137,12.770000457763672,12.90999984741211,129600,0.0,0.0
2018-02-08 00:00:00-05:00,12.930000305175781,12.989999771118164,12.760000228881836,12.859999656677246,118600,0.0,0.0
2018-02-09 00:00:00-05:00,12.9399995803833,12.979999542236328,12.37600040435791,12.8100004196167,78700,0.0,0.0
2018-02-12 00:00:00-05:00,12.84000015258789,13.210000038146973,12.75,13.15999984741211,572300,0.0,0.0
2018-02-13 00:00:00-05:00,13.149999618530273,13.3100004196167,12.8100004196167,13.199999809265137,183700,0.0,0.0
2018-02-14 00:00:00-05:00,12.984999656677246,13.635000228881836,12.984999656677246,13.260000228881836,173500,0.0,0.0
2018-02-15 00:00:00-05:00,13.289999961853027,13.520000457763672,13.119999885559082,13.430000305175781,348300,0.0,0.0
2018-02-16 00:00:00-05:00,13.399999618530273,13.800000190734863,13.369999885559082,13.739999771118164,70700,0.0,0.0
2018-02-20 00:00:00-05:00,13.710000038146973,14.020000457763672,13.569999694824219,13.670000076293945,260600,0.0,0.0
2018-02-21 00:00:00-05:00,13.720000267028809,13.875,13.510000228881836,13.640000343322754,152100,0.0,0.0
2018-02-22 00:00:00-05:00,13.609999656677246,13.744999885559082,13.4399995803833,13.649999618530273,188000,0.0,0.0
2018-02-23 00:00:00-05:00,13.65999984741211,13.760000228881836,13.4399995803833,13.720000267028809,220300,0.0,0.0
2018-02-26 00:00:00-05:00,13.770000457763672,13.859999656677246,13.5600004196167,13.779999732971191,67000,0.0,0.0
2018-02-27 00:00:00-05:00,13.8100004196167,14.050000190734863,13.460000038146973,13.670000076293945,206500,0.0,0.0
2018-02-28 00:00:00-05:00,13.710000038146973,13.779999732971191,13.359999656677246,13.510000228881836,330800,0.0,0.0
2018-03-01 00:00:00-05:00,13.59000015258789,13.59000015258789,13.350000381469727,13.550000190734863,212500,0.0,0.0
2018-03-02 00:00:00-05:00,13.449999809265137,14.050000190734863,13.390000343322754,13.989999771118164,134400,0.0,0.0
2018-03-05 00:00:00-05:00,13.9399995803833,14.260000228881836,13.649999618530273,14.25,130100,0.0,0.0
2018-03-06 00:00:00-05:00,14.1899995803833,14.425000190734863,13.989999771118164,14.1899995803833,123900,0.0,0.0
2018-03-07 00:00:00-05:00,14.079999923706055,14.270000457763672,13.979999542236328,14.15999984741211,154300,0.0,0.0
2018-03-08 00:00:00-05:00,14.229999542236328,14.229999542236328,14.050000190734863,14.180000305175781,114000,0.0,0.0
2018-03-09 00:00:00-05:00,14.229999542236328,14.260000228881836,13.795000076293945,14.25,104500,0.0,0.0
2018-03-12 00:00:00-04:00,14.220000267028809,14.5600004196167,14.164999961853027,14.270000457763672,244800,0.0,0.0
2018-03-13 00:00:00-04:00,14.3100004196167,14.789999961853027,14.3100004196167,14.760000228881836,94900,0.0,0.0
2018-03-14 00:00:00-04:00,14.789999961853027,14.850000381469727,14.520000457763672,14.539999961853027,119200,0.0,0.0
2018-03-15 00:00:00-04:00,14.5600004196167,14.609999656677246,14.289999961853027,14.329999923706055,72000,0.0,0.0
2018-03-16 00:00:00-04:00,14.300000190734863,14.479999542236328,13.96500015258789,14.229999542236328,83400,0.0,0.0
2018-03-19 00:00:00-04:00,14.140000343322754,14.390000343322754,14.119999885559082,14.359999656677246,75900,0.0,0.0
2018-03-20 00:00:00-04:00,14.359999656677246,14.550000190734863,14.260000228881836,14.34000015258789,100900,0.0,0.0
2018-03-21 00:00:00-04:00,14.350000381469727,14.760000228881836,14.140000343322754,14.420000076293945,185300,0.0,0.0
2018-03-22 00:00:00-04:00,14.390000343322754,14.680000305175781,14.272000312805176,14.399999618530273,89900,0.0,0.0
2018-03-23 00:00:00-04:00,14.40999984741211,14.430000305175781,14.3100004196167,14.369999885559082,119100,0.0,0.0
2018-03-26 00:00:00-04:00,14.5,14.699999809265137,14.300000190734863,14.640000343322754,82000,0.0,0.0
2018-03-27 00:00:00-04:00,14.6899995803833,14.739999771118164,14.470000267028809,14.630000114440918,149100,0.0,0.0
2018-03-28 00:00:00-04:00,14.630000114440918,14.729999542236328,14.229999542236328,14.25,228700,0.0,0.0
2018-03-29 00:00:00-04:00,14.3100004196167,14.619999885559082,14.210000038146973,14.260000228881836,149400,0.0,0.0
2018-04-02 00:00:00-04:00,14.550000190734863,14.65999984741211,14.140000343322754,14.229999542236328,465100,0.0,0.0
2018-04-03 00:00:00-04:00,14.25,14.4399995803833,14.0,14.319999694824219,307700,0.0,0.0
2018-04-04 00:00:00-04:00,14.170000076293945,14.755000114440918,14.170000076293945,14.710000038146973,354000,0.0,0.0
2018-04-05 00:00:00-04:00,14.739999771118164,14.989999771118164,14.699999809265137,14.930000305175781,174100,0.0,0.0
2018-04-06 00:00:00-04:00,14.859999656677246,14.949999809265137,14.630000114440918,14.720000267028809,117700,0.0,0.0
2018-04-09 00:00:00-04:00,14.779999732971191,14.899999618530273,14.529999732971191,14.579999923706055,130900,0.0,0.0
2018-04-10 00:00:00-04:00,14.699999809265137,14.8100004196167,14.319999694824219,14.34000015258789,268100,0.0,0.0
2018-04-11 00:00:00-04:00,14.319999694824219,14.720000267028809,14.319999694824219,14.529999732971191,91300,0.0,0.0
2018-04-12 00:00:00-04:00,14.59000015258789,14.59000015258789,14.329999923706055,14.449999809265137,120900,0.0,0.0
2018-04-13 00:00:00-04:00,14.430000305175781,14.430000305175781,14.100000381469727,14.170000076293945,72300,0.0,0.0
2018-04-16 00:00:00-04:00,14.229999542236328,14.279999732971191,13.899999618530273,13.920000076293945,82300,0.0,0.0
2018-04-17 00:00:00-04:00,13.979999542236328,14.1899995803833,13.880000114440918,14.069999694824219,118600,0.0,0.0
2018-04-18 00:00:00-04:00,14.119999885559082,14.359999656677246,14.079999923706055,14.210000038146973,110100,0.0,0.0
2018-04-19 00:00:00-04:00,14.239999771118164,14.25,13.90999984741211,14.039999961853027,79500,0.0,0.0
2018-04-20 00:00:00-04:00,14.039999961853027,14.229999542236328,13.9399995803833,14.109999656677246,124900,0.0,0.0
2018-04-23 00:00:00-04:00,14.140000343322754,14.140000343322754,13.890000343322754,14.029999732971191,85800,0.0,0.0
2018-04-24 00:00:00-04:00,14.050000190734863,14.149999618530273,13.619999885559082,13.770000457763672,214000,0.0,0.0
2018-04-25 00:00:00-04:00,13.75,13.75,13.359999656677246,13.430000305175781,108300,0.0,0.0
2018-04-26 00:00:00-04:00,13.489999771118164,13.600000381469727,13.369999885559082,13.40999984741211,108400,0.0,0.0
2018-04-27 00:00:00-04:00,13.4399995803833,13.510000228881836,13.319999694824219,13.390000343322754,65000,0.0,0.0
2018-04-30 00:00:00-04:00,13.40999984741211,13.510000228881836,13.300000190734863,13.300000190734863,106200,0.0,0.0
2018-05-01 00:00:00-04:00,13.350000381469727,13.59000015258789,13.260000228881836,13.59000015258789,151300,0.0,0.0
2018-05-02 00:00:00-04:00,13.550000190734863,13.59000015258789,13.270000457763672,13.34000015258789,102800,0.0,0.0
2018-05-03 00:00:00-04:00,13.34000015258789,13.40999984741211,13.010000228881836,13.050000190734863,94300,0.0,0.0
2018-05-04 00:00:00-04:00,13.010000228881836,13.399999618530273,13.010000228881836,13.220000267028809,161700,0.0,0.0
2018-05-07 00:00:00-04:00,13.289999961853027,13.380000114440918,13.130000114440918,13.210000038146973,41500,0.0,0.0
2018-05-08 00:00:00-04:00,13.15999984741211,13.350000381469727,13.079999923706055,13.239999771118164,226800,0.0,0.0
2018-05-09 00:00:00-04:00,13.270000457763672,13.270000457763672,13.010000228881836,13.0600004196167,67600,0.0,0.0
2018-05-10 00:00:00-04:00,13.079999923706055,13.149999618530273,12.949999809265137,13.029999732971191,222100,0.0,0.0
2018-05-11 00:00:00-04:00,13.039999961853027,13.569999694824219,13.039999961853027,13.260000228881836,1471700,0.0,0.0
2018-05-14 00:00:00-04:00,13.319999694824219,13.5,13.039999961853027,13.09000015258789,115300,0.0,0.0
2018-05-15 00:00:00-04:00,13.020000457763672,13.020000457763672,12.045000076293945,12.359999656677246,784300,0.0,0.0
2018-05-16 00:00:00-04:00,12.4399995803833,12.510000228881836,12.199999809265137,12.300000190734863,227500,0.0,0.0
2018-05-17 00:00:00-04:00,12.289999961853027,12.329999923706055,12.0600004196167,12.260000228881836,661000,0.0,0.0
2018-05-18 00:00:00-04:00,12.1899995803833,12.300000190734863,11.84000015258789,11.869999885559082,170800,0.0,0.0
2018-05-21 00:00:00-04:00,11.8100004196167,11.989999771118164,11.420000076293945,11.470000267028809,228200,0.0,0.0
2018-05-22 00:00:00-04:00,11.529999732971191,11.720000267028809,11.319999694824219,11.65999984741211,762600,0.0,0.0
2018-05-23 00:00:00-04:00,11.649999618530273,11.6899995803833,11.34000015258789,11.600000381469727,289600,0.0,0.0
2018-05-24 00:00:00-04:00,11.600000381469727,11.649999618530273,11.329999923706055,11.470000267028809,353300,0.0,0.0
2018-05-25 00:00:00-04:00,11.470000267028809,11.5600004196167,11.149999618530273,11.460000038146973,89800,0.0,0.0
2018-05-29 00:00:00-04:00,11.380000114440918,12.029999732971191,11.180000305175781,11.779999732971191,428700,0.0,0.0
2018-05-30 00:00:00-04:00,11.770000457763672,11.770000457763672,11.170000076293945,11.180000305175781,173800,0.0,0.0
2018-05-31 00:00:00-04:00,11.1899995803833,11.199999809265137,11.0,11.15999984741211,325200,0.0,0.0
2018-06-01 00:00:00-04:00,11.210000038146973,11.34000015258789,11.020000457763672,11.119999885559082,337600,0.0,0.0
2018-06-04 00:00:00-04:00,11.15999984741211,11.210000038146973,10.970000267028809,11.079999923706055,237100,0.0,0.0
2018-06-05 00:00:00-04:00,11.100000381469727,11.6899995803833,11.0,11.5600004196167,790300,0.0,0.0
2018-06-06 00:00:00-04:00,11.569999694824219,11.699999809265137,11.289999961853027,11.569999694824219,132300,0.0,0.0
2018-06-07 00:00:00-04:00,11.569999694824219,11.670000076293945,11.40999984741211,11.4399995803833,60500,0.0,0.0
2018-06-08 00:00:00-04:00,11.449999809265137,11.579999923706055,11.25,11.460000038146973,93600,0.0,0.0
2018-06-11 00:00:00-04:00,11.470000267028809,11.51200008392334,11.050000190734863,11.229999542236328,139600,0.0,0.0
2018-06-12 00:00:00-04:00,11.220000267028809,11.40999984741211,11.109999656677246,11.380000114440918,294700,0.0,0.0
2018-06-13 00:00:00-04:00,11.350000381469727,11.350000381469727,10.880000114440918,11.010000228881836,387600,0.0,0.0
2018-06-14 00:00:00-04:00,10.979999542236328,11.050000190734863,10.899999618530273,10.960000038146973,108200,0.0,0.0
2018-06-15 00:00:00-04:00,10.850000381469727,10.949999809265137,10.680000305175781,10.699999809265137,430000,0.0,0.0
2018-06-18 00:00:00-04:00,10.680000305175781,10.779999732971191,10.550000190734863,10.670000076293945,83400,0.0,0.0
2018-06-19 00:00:00-04:00,10.399999618530273,10.800000190734863,10.25,10.670000076293945,388100,0.0,0.0
2018-06-20 00:00:00-04:00,10.609999656677246,10.90999984741211,10.380000114440918,10.619999885559082,677000,0.0,0.0
2018-06-21 00:00:00-04:00,10.6899995803833,11.270000457763672,10.6899995803833,11.069999694824219,252800,0.0,0.0
2018-06-22 00:00:00-04:00,11.069999694824219,11.100000381469727,10.930000305175781,11.050000190734863,200000,0.0,0.0
2018-06-25 00:00:00-04:00,10.979999542236328,11.050000190734863,10.90999984741211,11.0,245300,0.0,0.0
2018-06-26 00:00:00-04:00,11.0,11.239999771118164,10.9399995803833,11.239999771118164,279900,0.0,0.0
2018-06-27 00:00:00-04:00,11.229999542236328,11.229999542236328,10.994999885559082,11.010000228881836,137900,0.0,0.0
2018-06-28 00:00:00-04:00,11.010000228881836,11.449999809265137,10.90999984741211,11.279999732971191,515500,0.0,0.0
2018-06-29 00:00:00-04:00,11.279999732971191,11.354999542236328,11.149999618530273,11.25,475700,0.0,0.0
2018-07-02 00:00:00-04:00,11.25,11.404999732971191,10.979999542236328,11.1899995803833,108300,0.0,0.0
2018-07-03 00:00:00-04:00,11.1899995803833,11.34000015258789,11.0600004196167,11.229999542236328,443000,0.0,0.0
2018-07-05 00:00:00-04:00,11.289999961853027,11.739999771118164,11.168999671936035,11.720000267028809,162800,0.0,0.0
2018-07-06 00:00:00-04:00,11.640000343322754,11.760000228881836,11.569999694824219,11.680000305175781,66400,0.0,0.0
2018-07-09 00:00:00-04:00,11.65999984741211,11.90999984741211,11.65999984741211,11.8100004196167,88800,0.0,0.0
2018-07-10 00:00:00-04:00,11.789999961853027,12.140000343322754,11.704999923706055,12.119999885559082,260600,0.0,0.0
2018-07-11 00:00:00-04:00,12.010000228881836,12.100000381469727,11.75,12.050000190734863,170300,0.0,0.0
2018-07-12 00:00:00-04:00,12.050000190734863,12.229999542236328,12.020000457763672,12.180000305175781,166600,0.0,0.0
2018-07-13 00:00:00-04:00,12.239999771118164,12.319999694824219,12.140000343322754,12.289999961853027,120500,0.0,0.0
2018-07-16 00:00:00-04:00,12.279999732971191,12.300000190734863,12.1899995803833,12.25,106100,0.0,0.0
2018-07-17 00:00:00-04:00,12.270000457763672,12.390000343322754,12.199999809265137,12.359999656677246,289200,0.0,0.0
2018-07-18 00:00:00-04:00,12.390000343322754,12.390000343322754,12.119999885559082,12.229999542236328,120600,0.0,0.0
2018-07-19 00:00:00-04:00,12.239999771118164,12.279999732971191,12.149999618530273,12.199999809265137,175700,0.0,0.0
2018-07-20 00:00:00-04:00,12.1899995803833,12.1899995803833,12.039999961853027,12.100000381469727,347700,0.0,0.0
2018-07-23 00:00:00-04:00,12.199999809265137,12.199999809265137,11.734999656677246,11.779999732971191,620400,0.0,0.0
2018-07-24 00:00:00-04:00,12.0,12.020000457763672,11.789999961853027,11.869999885559082,340900,0.0,0.0
2018-07-25 00:00:00-04:00,11.819999694824219,11.819999694824219,11.270000457763672,11.380000114440918,215500,0.0,0.0
2018-07-26 00:00:00-04:00,11.380000114440918,11.385000228881836,11.109999656677246,11.140000343322754,295000,0.0,0.0
2018-07-27 00:00:00-04:00,11.109999656677246,11.34000015258789,11.0,11.140000343322754,424500,0.0,0.0
2018-07-30 00:00:00-04:00,11.170000076293945,11.385000228881836,11.164999961853027,11.279999732971191,63800,0.0,0.0
2018-07-31 00:00:00-04:00,11.199999809265137,11.40999984741211,11.170999526977539,11.1899995803833,85900,0.0,0.0
2018-08-01 00:00:00-04:00,11.1899995803833,11.220000267028809,11.050000190734863,11.210000038146973,152600,0.0,0.0
2018-08-02 00:00:00-04:00,11.130000114440918,11.175000190734863,10.949999809265137,11.020000457763672,163500,0.0,0.0
2018-08-03 00:00:00-04:00,11.020000457763672,11.130000114440918,10.899999618530273,11.050000190734863,517400,0.0,0.0
2018-08-06 00:00:00-04:00,11.069999694824219,11.154999732971191,11.0,11.039999961853027,42700,0.0,0.0
2018-08-07 00:00:00-04:00,11.050000190734863,11.170000076293945,10.970000267028809,11.149999618530273,270800,0.0,0.0
2018-08-08 00:00:00-04:00,11.229999542236328,11.366999626159668,11.210000038146973,11.319999694824219,123000,0.0,0.0
2018-08-09 00:00:00-04:00,11.260000228881836,11.4399995803833,11.260000228881836,11.40999984741211,93600,0.0,0.0
2018-08-10 00:00:00-04:00,11.34000015258789,11.40999984741211,10.979999542236328,11.0600004196167,293100,0.0,0.0
2018-08-13 00:00:00-04:00,11.0600004196167,11.1899995803833,10.989999771118164,11.020000457763672,267900,0.0,0.0
2018-08-14 00:00:00-04:00,11.029999732971191,11.079999923706055,10.569999694824219,10.960000038146973,375600,0.0,0.0
2018-08-15 00:00:00-04:00,10.859999656677246,10.960000038146973,10.460000038146973,10.649999618530273,603100,0.0,0.0
2018-08-16 00:00:00-04:00,10.699999809265137,10.930000305175781,10.609999656677246,10.869999885559082,299800,0.0,0.0
2018-08-17 00:00:00-04:00,10.880000114440918,10.880000114440918,10.710000038146973,10.710000038146973,179800,0.0,0.0
2018-08-20 00:00:00-04:00,10.699999809265137,10.789999961853027,10.649999618530273,10.770000457763672,97200,0.0,0.0
2018-08-21 00:00:00-04:00,10.890000343322754,11.210000038146973,10.819999694824219,11.170000076293945,103900,0.0,0.0
2018-08-22 00:00:00-04:00,11.170000076293945,11.350000381469727,11.170000076293945,11.34000015258789,26600,0.0,0.0
2018-08-23 00:00:00-04:00,11.3100004196167,11.529999732971191,11.119999885559082,11.140000343322754,399800,0.0,0.0
2018-08-24 00:00:00-04:00,11.140000343322754,11.34000015258789,10.899999618530273,10.979999542236328,115000,0.0,0.0
2018-08-27 00:00:00-04:00,10.960000038146973,11.079999923706055,10.859999656677246,10.989999771118164,89000,0.0,0.0
2018-08-28 00:00:00-04:00,10.920000076293945,11.119999885559082,10.90999984741211,11.0,620700,0.0,0.0
2018-08-29 00:00:00-04:00,11.069999694824219,11.25,11.0,11.010000228881836,273400,0.0,0.0
2018-08-30 00:00:00-04:00,11.010000228881836,11.109999656677246,10.925000190734863,11.050000190734863,204700,0.0,0.0
2018-08-31 00:00:00-04:00,11.039999961853027,11.079999923706055,10.880000114440918,10.9399995803833,391300,0.0,0.0
2018-09-04 00:00:00-04:00,10.9399995803833,10.989999771118164,10.5600004196167,10.649999618530273,89700,0.0,0.0
2018-09-05 00:00:00-04:00,10.649999618530273,10.65999984741211,10.40999984741211,10.510000228881836,141800,0.0,0.0
2018-09-06 00:00:00-04:00,10.550000190734863,10.6899995803833,10.479999542236328,10.5600004196167,137400,0.0,0.0
2018-09-07 00:00:00-04:00,10.539999961853027,10.550000190734863,10.380000114440918,10.399999618530273,137500,0.0,0.0
2018-09-10 00:00:00-04:00,10.4399995803833,10.4399995803833,10.25,10.289999961853027,74300,0.0,0.0
2018-09-11 00:00:00-04:00,10.270000457763672,10.34000015258789,10.0,10.220000267028809,243100,0.0,0.0
2018-09-12 00:00:00-04:00,10.180000305175781,10.229999542236328,10.100000381469727,10.149999618530273,96500,0.0,0.0
2018-09-13 00:00:00-04:00,10.229999542236328,10.229999542236328,10.0,10.09000015258789,147600,0.0,0.0
2018-09-14 00:00:00-04:00,10.079999923706055,10.3100004196167,10.010000228881836,10.289999961853027,160900,0.0,0.0
2018-09-17 00:00:00-04:00,10.270000457763672,10.289999961853027,10.069999694824219,10.170000076293945,69200,0.0,0.0
2018-09-18 00:00:00-04:00,10.140000343322754,10.170000076293945,10.100000381469727,10.109999656677246,68900,0.0,0.0
2018-09-19 00:00:00-04:00,10.100000381469727,10.180000305175781,10.069999694824219,10.09000015258789,65200,0.0,0.0
2018-09-20 00:00:00-04:00,10.100000381469727,10.229999542236328,10.0600004196167,10.09000015258789,48300,0.0,0.0
2018-09-21 00:00:00-04:00,10.09000015258789,10.170000076293945,9.949999809265137,9.970000267028809,137400,0.0,0.0
2018-09-24 00:00:00-04:00,9.949999809265137,10.0,9.84000015258789,9.859999656677246,170200,0.0,0.0
2018-09-25 00:00:00-04:00,9.859999656677246,9.888999938964844,9.739999771118164,9.75,583900,0.0,0.0
2018-09-26 00:00:00-04:00,10.020000457763672,10.020000457763672,9.670000076293945,9.729999542236328,817800,0.0,0.0
2018-09-27 00:00:00-04:00,9.729999542236328,9.739999771118164,9.529999732971191,9.550000190734863,79700,0.0,0.0
2018-09-28 00:00:00-04:00,9.550000190734863,9.609999656677246,9.260000228881836,9.40999984741211,194500,0.0,0.0
2018-10-01 00:00:00-04:00,9.489999771118164,9.489999771118164,9.149999618530273,9.239999771118164,779000,0.0,0.0
2018-10-02 00:00:00-04:00,9.220000267028809,9.369999885559082,9.079999923706055,9.109999656677246,205100,0.0,0.0
2018-10-03 00:00:00-04:00,9.199999809265137,9.399999618530273,9.100000381469727,9.350000381469727,430300,0.0,0.0
2018-10-04 00:00:00-04:00,9.34000015258789,9.350000381469727,9.100000381469727,9.109999656677246,129800,0.0,0.0
2018-10-05 00:00:00-04:00,9.079999923706055,9.130000114440918,9.0,9.010000228881836,198500,0.0,0.0
2018-10-08 00:00:00-04:00,8.979999542236328,9.300000190734863,8.949999809265137,9.180000305175781,175500,0.0,0.0
2018-10-09 00:00:00-04:00,9.1899995803833,9.220000267028809,8.880000114440918,9.050000190734863,902900,0.0,0.0
2018-10-10 00:00:00-04:00,9.0600004196167,9.0600004196167,8.369999885559082,8.390000343322754,351000,0.0,0.0
2018-10-11 00:00:00-04:00,8.449999809265137,8.524999618530273,8.239999771118164,8.319999694824219,643400,0.0,0.0
2018-10-12 00:00:00-04:00,8.470000267028809,8.5,8.079999923706055,8.319999694824219,274200,0.0,0.0
2018-10-15 00:00:00-04:00,8.279999732971191,8.420000076293945,8.279999732971191,8.319999694824219,93500,0.0,0.0
2018-10-16 00:00:00-04:00,8.380000114440918,8.670000076293945,8.28499984741211,8.5600004196167,281000,0.0,0.0
2018-10-17 00:00:00-04:00,8.550000190734863,8.550000190734863,8.210000038146973,8.3100004196167,102200,0.0,0.0
2018-10-18 00:00:00-04:00,8.229999542236328,8.279999732971191,7.889999866485596,7.989999771118164,483200,0.0,0.0
2018-10-19 00:00:00-04:00,8.039999961853027,8.149999618530273,7.920000076293945,7.940000057220459,152100,0.0,0.0
2018-10-22 00:00:00-04:00,8.029999732971191,8.029999732971191,7.730000019073486,7.860000133514404,237600,0.0,0.0
2018-10-23 00:00:00-04:00,7.75,7.909999847412109,7.570000171661377,7.679999828338623,440300,0.0,0.0
2018-10-24 00:00:00-04:00,7.650000095367432,7.789999961853027,7.329999923706055,7.329999923706055,258100,0.0,0.0
2018-10-25 00:00:00-04:00,7.409999847412109,7.590000152587891,7.409999847412109,7.440000057220459,201600,0.0,0.0
2018-10-26 00:00:00-04:00,7.360000133514404,7.769999980926514,7.340000152587891,7.53000020980835,1015500,0.0,0.0
2018-10-29 00:00:00-04:00,7.650000095367432,8.069999694824219,7.599999904632568,7.690000057220459,397200,0.0,0.0
2018-10-30 00:00:00-04:00,7.739999771118164,7.849999904632568,7.429999828338623,7.440000057220459,302400,0.0,0.0
2018-10-31 00:00:00-04:00,7.5,7.730000019073486,7.25,7.599999904632568,1676600,0.0,0.0
2018-11-01 00:00:00-04:00,7.630000114440918,8.25,7.550000190734863,8.100000381469727,366900,0.0,0.0
2018-11-02 00:00:00-04:00,8.109999656677246,8.279999732971191,7.940000057220459,8.010000228881836,228600,0.0,0.0
2018-11-05 00:00:00-05:00,8.039999961853027,8.170000076293945,7.880000114440918,7.949999809265137,179100,0.0,0.0
2018-11-06 00:00:00-05:00,8.180000305175781,8.260000228881836,8.0600004196167,8.15999984741211,298100,0.0,0.0
2018-11-07 00:00:00-05:00,8.149999618530273,8.270000457763672,8.010000228881836,8.109999656677246,362100,0.0,0.0
2018-11-08 00:00:00-05:00,8.029999732971191,8.088000297546387,7.710000038146973,7.769999980926514,110600,0.0,0.0
2018-11-09 00:00:00-05:00,7.71999979019165,7.860000133514404,7.519999980926514,7.539999961853027,72500,0.0,0.0
2018-11-12 00:00:00-05:00,7.539999961853027,7.730000019073486,7.389999866485596,7.610000133514404,100400,0.0,0.0
2018-11-13 00:00:00-05:00,7.690000057220459,7.940000057220459,7.679999828338623,7.730000019073486,108900,0.0,0.0
2018-11-14 00:00:00-05:00,7.849999904632568,8.0600004196167,7.135000228881836,7.260000228881836,385300,0.0,0.0
2018-11-15 00:00:00-05:00,7.139999866485596,7.519999980926514,6.96999979019165,7.519999980926514,331400,0.0,0.0
2018-11-16 00:00:00-05:00,7.5,7.800000190734863,7.449999809265137,7.590000152587891,240600,0.0,0.0
2018-11-19 00:00:00-05:00,7.519999980926514,7.53000020980835,7.019999980926514,7.119999885559082,271800,0.0,0.0
2018-11-20 00:00:00-05:00,6.989999771118164,7.210000038146973,6.989999771118164,7.150000095367432,165900,0.0,0.0
2018-11-21 00:00:00-05:00,7.159999847412109,7.619999885559082,7.159999847412109,7.519999980926514,335500,0.0,0.0
2018-11-23 00:00:00-05:00,7.519999980926514,7.599999904632568,7.409999847412109,7.510000228881836,150900,0.0,0.0
2018-11-26 00:00:00-05:00,7.559999942779541,7.76200008392334,7.349999904632568,7.519999980926514,163500,0.0,0.0
2018-11-27 00:00:00-05:00,7.510000228881836,7.670000076293945,7.460000038146973,7.570000171661377,197600,0.0,0.0
2018-11-28 00:00:00-05:00,7.570000171661377,7.849999904632568,7.519999980926514,7.840000152587891,127100,0.0,0.0
2018-11-29 00:00:00-05:00,7.789999961853027,7.929999828338623,7.739999771118164,7.800000190734863,137900,0.0,0.0
2018-11-30 00:00:00-05:00,7.800000190734863,7.800000190734863,7.650000095367432,7.670000076293945,157500,0.0,0.0
2018-12-03 00:00:00-05:00,7.78000020980835,7.869999885559082,7.605000019073486,7.820000171661377,119700,0.0,0.0
2018-12-04 00:00:00-05:00,7.75,7.789999961853027,7.550000190734863,7.599999904632568,134900,0.0,0.0
2018-12-06 00:00:00-05:00,7.559999942779541,8.020000457763672,7.5,7.980000019073486,170300,0.0,0.0
2018-12-07 00:00:00-05:00,7.960000038146973,8.170000076293945,7.920000076293945,8.130000114440918,135000,0.0,0.0
2018-12-10 00:00:00-05:00,8.199999809265137,8.369999885559082,8.050000190734863,8.210000038146973,128700,0.0,0.0
2018-12-11 00:00:00-05:00,8.300000190734863,8.375,8.149999618530273,8.1899995803833,120000,0.0,0.0
2018-12-12 00:00:00-05:00,8.3100004196167,8.435999870300293,8.039999961853027,8.079999923706055,144500,0.0,0.0
2018-12-13 00:00:00-05:00,8.149999618530273,8.270000457763672,7.929999828338623,7.989999771118164,131700,0.0,0.0
2018-12-14 00:00:00-05:00,8.0,8.029999732971191,7.880000114440918,7.929999828338623,74700,0.0,0.0
2018-12-17 00:00:00-05:00,7.929999828338623,8.020000457763672,7.710000038146973,7.71999979019165,169900,0.0,0.0
2018-12-18 00:00:00-05:00,7.820000171661377,7.869999885559082,7.750999927520752,7.820000171661377,82900,0.0,0.0
2018-12-19 00:00:00-05:00,7.78000020980835,8.039999961853027,7.650000095367432,7.690000057220459,279400,0.0,0.0
2018-12-20 00:00:00-05:00,7.630000114440918,7.764999866485596,7.309999942779541,7.440000057220459,267100,0.0,0.0
2018-12-21 00:00:00-05:00,7.489999771118164,7.519999980926514,7.110000133514404,7.210000038146973,375000,0.0,0.0
2018-12-24 00:00:00-05:00,7.190000057220459,7.204999923706055,6.920000076293945,7.039999961853027,198200,0.0,0.0
2018-12-26 00:00:00-05:00,7.010000228881836,7.260000228881836,6.900000095367432,7.21999979019165,185700,0.0,0.0
2018-12-27 00:00:00-05:00,7.110000133514404,7.159999847412109,6.949999809265137,7.119999885559082,110400,0.0,0.0
2018-12-28 00:00:00-05:00,7.119999885559082,7.150000095367432,6.909999847412109,6.929999828338623,243600,0.0,0.0
2018-12-31 00:00:00-05:00,6.929999828338623,7.0,6.880000114440918,6.940000057220459,191500,0.0,0.0
2019-01-02 00:00:00-05:00,6.789999961853027,6.965000152587891,6.639999866485596,6.900000095367432,424500,0.0,0.0
2019-01-03 00:00:00-05:00,6.920000076293945,7.239999771118164,6.869999885559082,7.179999828338623,265100,0.0,0.0
2019-01-04 00:00:00-05:00,7.179999828338623,7.329999923706055,7.179999828338623,7.28000020980835,171300,0.0,0.0
2019-01-07 00:00:00-05:00,7.320000171661377,7.739999771118164,7.25,7.699999809265137,103800,0.0,0.0
2019-01-08 00:00:00-05:00,7.769999980926514,7.929999828338623,7.539999961853027,7.920000076293945,85000,0.0,0.0
2019-01-09 00:00:00-05:00,7.949999809265137,8.180000305175781,7.820000171661377,8.0600004196167,166200,0.0,0.0
2019-01-10 00:00:00-05:00,8.050000190734863,8.239999771118164,7.994999885559082,8.079999923706055,132500,0.0,0.0
2019-01-11 00:00:00-05:00,8.100000381469727,8.135000228881836,7.659999847412109,7.71999979019165,94100,0.0,0.0
2019-01-14 00:00:00-05:00,7.659999847412109,7.840000152587891,7.625,7.679999828338623,125900,0.0,0.0
2019-01-15 00:00:00-05:00,7.78000020980835,7.789999961853027,7.599999904632568,7.599999904632568,79000,0.0,0.0
2019-01-16 00:00:00-05:00,7.610000133514404,7.699999809265137,7.380000114440918,7.400000095367432,399600,0.0,0.0
2019-01-17 00:00:00-05:00,7.389999866485596,7.489999771118164,7.239999771118164,7.340000152587891,217200,0.0,0.0
2019-01-18 00:00:00-05:00,7.329999923706055,7.5279998779296875,6.949999809265137,7.099999904632568,232400,0.0,0.0
2019-01-22 00:00:00-05:00,7.070000171661377,7.21999979019165,6.869999885559082,7.050000190734863,247000,0.0,0.0
2019-01-23 00:00:00-05:00,7.059999942779541,7.199999809265137,7.0,7.070000171661377,113800,0.0,0.0
2019-01-24 00:00:00-05:00,7.050000190734863,7.179999828338623,6.994999885559082,7.130000114440918,771800,0.0,0.0
2019-01-25 00:00:00-05:00,7.170000076293945,7.320000171661377,7.03000020980835,7.119999885559082,391000,0.0,0.0
2019-01-28 00:00:00-05:00,7.110000133514404,7.360000133514404,6.929999828338623,7.289999961853027,391700,0.0,0.0
2019-01-29 00:00:00-05:00,7.309999942779541,7.46999979019165,7.119999885559082,7.460000038146973,248100,0.0,0.0
2019-01-30 00:00:00-05:00,7.46999979019165,7.699999809265137,7.349999904632568,7.46999979019165,198400,0.0,0.0
2019-01-31 00:00:00-05:00,7.46999979019165,7.75,7.389999866485596,7.670000076293945,448800,0.0,0.0
2019-02-01 00:00:00-05:00,7.690000057220459,7.699999809265137,7.239999771118164,7.340000152587891,157700,0.0,0.0
2019-02-04 00:00:00-05:00,7.309999942779541,7.480000019073486,7.130000114440918,7.429999828338623,102600,0.0,0.0
2019-02-05 00:00:00-05:00,7.369999885559082,7.670000076293945,7.264999866485596,7.46999979019165,166700,0.0,0.0
2019-02-06 00:00:00-05:00,7.53000020980835,7.53000020980835,7.190000057220459,7.289999961853027,76300,0.0,0.0
2019-02-07 00:00:00-05:00,7.230000019073486,7.460000038146973,7.159999847412109,7.400000095367432,547800,0.0,0.0
2019-02-08 00:00:00-05:00,7.380000114440918,7.820000171661377,7.380000114440918,7.71999979019165,331900,0.0,0.0
2019-02-11 00:00:00-05:00,7.730000019073486,7.894999980926514,7.619999885559082,7.639999866485596,230600,0.0,0.0
2019-02-12 00:00:00-05:00,7.679999828338623,7.880000114440918,7.650000095367432,7.789999961853027,95900,0.0,0.0
2019-02-13 00:00:00-05:00,7.789999961853027,7.949999809265137,7.710000038146973,7.75,262600,0.0,0.0
2019-02-14 00:00:00-05:00,7.78000020980835,7.824999809265137,7.53000020980835,7.539999961853027,117800,0.0,0.0
2019-02-15 00:00:00-05:00,7.590000152587891,7.840000152587891,7.369999885559082,7.699999809265137,116300,0.0,0.0
2019-02-19 00:00:00-05:00,7.730000019073486,8.0,7.574999809265137,7.929999828338623,336600,0.0,0.0
2019-02-20 00:00:00-05:00,7.900000095367432,8.149999618530273,7.900000095367432,8.020000457763672,266100,0.0,0.0
2019-02-21 00:00:00-05:00,8.0,8.239999771118164,7.929999828338623,8.149999618530273,226000,0.0,0.0
2019-02-22 00:00:00-05:00,8.180000305175781,8.260000228881836,7.949999809265137,8.050000190734863,240100,0.0,0.0
2019-02-25 00:00:00-05:00,8.069999694824219,8.25,8.045000076293945,8.100000381469727,266500,0.0,0.0
2019-02-26 00:00:00-05:00,8.119999885559082,8.180000305175781,7.920000076293945,7.989999771118164,174600,0.0,0.0
2019-02-27 00:00:00-05:00,8.0,8.020000457763672,7.789999961853027,7.949999809265137,79200,0.0,0.0
2019-02-28 00:00:00-05:00,7.96999979019165,7.96999979019165,7.760000228881836,7.829999923706055,139800,0.0,0.0
2019-03-01 00:00:00-05:00,7.860000133514404,7.900000095367432,7.730000019073486,7.78000020980835,55800,0.0,0.0
2019-03-04 00:00:00-05:00,7.820000171661377,7.920000076293945,7.730000019073486,7.800000190734863,116600,0.0,0.0
2019-03-05 00:00:00-05:00,7.769999980926514,7.909999847412109,7.769999980926514,7.800000190734863,114300,0.0,0.0
2019-03-06 00:00:00-05:00,7.820000171661377,7.860000133514404,7.670000076293945,7.690000057220459,98400,0.0,0.0
2019-03-07 00:00:00-05:00,7.670000076293945,7.699999809265137,7.489999771118164,7.5,148000,0.0,0.0
2019-03-08 00:00:00-05:00,7.440000057220459,7.510000228881836,7.380000114440918,7.420000076293945,99200,0.0,0.0
2019-03-11 00:00:00-04:00,7.5,7.630000114440918,7.380000114440918,7.539999961853027,279600,0.0,0.0
2019-03-12 00:00:00-04:00,7.610000133514404,7.809999942779541,7.599999904632568,7.75,160100,0.0,0.0
2019-03-13 00:00:00-04:00,7.829999923706055,7.920000076293945,7.684999942779541,7.710000038146973,115900,0.0,0.0
2019-03-14 00:00:00-04:00,7.559999942779541,7.579999923706055,7.119999885559082,7.440000057220459,182100,0.0,0.0
2019-03-15 00:00:00-04:00,7.440000057220459,7.449999809265137,7.340000152587891,7.420000076293945,148000,0.0,0.0
2019-03-18 00:00:00-04:00,7.420000076293945,7.5,7.110000133514404,7.139999866485596,114900,0.0,0.0
2019-03-19 00:00:00-04:00,7.099999904632568,7.320000171661377,7.099999904632568,7.28000020980835,217700,0.0,0.0
2019-03-20 00:00:00-04:00,7.269999980926514,7.300000190734863,7.059999942779541,7.110000133514404,158000,0.0,0.0
2019-03-21 00:00:00-04:00,7.059999942779541,7.309999942779541,7.059999942779541,7.269999980926514,122600,0.0,0.0
2019-03-22 00:00:00-04:00,7.25,7.340000152587891,7.039999961853027,7.090000152587891,97600,0.0,0.0
2019-03-25 00:00:00-04:00,7.099999904632568,7.159999847412109,6.949999809265137,7.119999885559082,43300,0.0,0.0
2019-03-26 00:00:00-04:00,7.150000095367432,7.25,7.090000152587891,7.130000114440918,56600,0.0,0.0
2019-03-27 00:00:00-04:00,7.139999866485596,7.360000133514404,7.119999885559082,7.260000228881836,105700,0.0,0.0
2019-03-28 00:00:00-04:00,7.199999809265137,7.269999980926514,7.079999923706055,7.199999809265137,43500,0.0,0.0
2019-03-29 00:00:00-04:00,7.269999980926514,7.309999942779541,7.179999828338623,7.210000038146973,88600,0.0,0.0
2019-04-01 00:00:00-04:00,7.25,7.559999942779541,7.25,7.539999961853027,78800,0.0,0.0
2019-04-02 00:00:00-04:00,7.639999866485596,7.690000057220459,7.5,7.550000190734863,59700,0.0,0.0
2019-04-03 00:00:00-04:00,7.559999942779541,7.71999979019165,7.550000190734863,7.610000133514404,54100,0.0,0.0
2019-04-04 00:00:00-04:00,7.630000114440918,7.789999961853027,7.604000091552734,7.75,57600,0.0,0.0
2019-04-05 00:00:00-04:00,7.760000228881836,7.900000095367432,7.730000019073486,7.880000114440918,32100,0.0,0.0
2019-04-08 00:00:00-04:00,7.860000133514404,7.861999988555908,7.710000038146973,7.78000020980835,55900,0.0,0.0
2019-04-09 00:00:00-04:00,7.760000228881836,7.78000020980835,7.659999847412109,7.670000076293945,38900,0.0,0.0
2019-04-10 00:00:00-04:00,7.650000095367432,8.029999732971191,7.650000095367432,8.0,106400,0.0,0.0
2019-04-11 00:00:00-04:00,8.0,8.09000015258789,7.909999847412109,8.020000457763672,66500,0.0,0.0
2019-04-12 00:00:00-04:00,8.0600004196167,8.180999755859375,7.889999866485596,8.069999694824219,163200,0.0,0.0
2019-04-15 00:00:00-04:00,8.109999656677246,8.369999885559082,8.0600004196167,8.300000190734863,104500,0.0,0.0
2019-04-16 00:00:00-04:00,8.34000015258789,8.520000457763672,8.34000015258789,8.489999771118164,85600,0.0,0.0
2019-04-17 00:00:00-04:00,8.4399995803833,8.574999809265137,8.350000381469727,8.369999885559082,60800,0.0,0.0
2019-04-18 00:00:00-04:00,8.350000381469727,8.609999656677246,8.350000381469727,8.539999961853027,43000,0.0,0.0
2019-04-22 00:00:00-04:00,8.600000381469727,8.600000381469727,8.270999908447266,8.279999732971191,80200,0.0,0.0
2019-04-23 00:00:00-04:00,8.300000190734863,8.479999542236328,8.270000457763672,8.399999618530273,38100,0.0,0.0
2019-04-24 00:00:00-04:00,8.399999618530273,8.489999771118164,8.300000190734863,8.359999656677246,51700,0.0,0.0
2019-04-25 00:00:00-04:00,8.350000381469727,8.350000381469727,8.100000381469727,8.329999923706055,29000,0.0,0.0
2019-04-26 00:00:00-04:00,8.359999656677246,8.489999771118164,8.319999694824219,8.470000267028809,29800,0.0,0.0
2019-04-29 00:00:00-04:00,8.460000038146973,8.739999771118164,8.428999900817871,8.680000305175781,64400,0.0,0.0
2019-04-30 00:00:00-04:00,8.609999656677246,8.640000343322754,8.430000305175781,8.510000228881836,52900,0.0,0.0
2019-05-01 00:00:00-04:00,8.59000015258789,8.739999771118164,8.5,8.65999984741211,44700,0.0,0.0
2019-05-02 00:00:00-04:00,8.670000076293945,8.84000015258789,8.600000381469727,8.670000076293945,38600,0.0,0.0
2019-05-03 00:00:00-04:00,8.699999809265137,8.75,8.545000076293945,8.630000114440918,58700,0.0,0.0
2019-05-06 00:00:00-04:00,8.5600004196167,8.979999542236328,8.40999984741211,8.930000305175781,43200,0.0,0.0
2019-05-07 00:00:00-04:00,8.880000114440918,8.949999809265137,8.640000343322754,8.800000190734863,65200,0.0,0.0
2019-05-08 00:00:00-04:00,9.0,9.399999618530273,8.779999732971191,9.170000076293945,87300,0.0,0.0
2019-05-09 00:00:00-04:00,9.109999656677246,9.149999618530273,8.90999984741211,9.0,63400,0.0,0.0
2019-05-10 00:00:00-04:00,8.989999771118164,8.989999771118164,8.369999885559082,8.649999618530273,168500,0.0,0.0
2019-05-13 00:00:00-04:00,8.550000190734863,8.75,8.399999618530273,8.65999984741211,125800,0.0,0.0
2019-05-14 00:00:00-04:00,8.699999809265137,8.699999809265137,8.420000076293945,8.460000038146973,93200,0.0,0.0
2019-05-15 00:00:00-04:00,8.420000076293945,8.640000343322754,8.295000076293945,8.449999809265137,267000,0.0,0.0
2019-05-16 00:00:00-04:00,8.449999809265137,8.699999809265137,8.449999809265137,8.619999885559082,83700,0.0,0.0
2019-05-17 00:00:00-04:00,8.600000381469727,8.699999809265137,8.260000228881836,8.34000015258789,198300,0.0,0.0
2019-05-20 00:00:00-04:00,8.270000457763672,8.34000015258789,7.840000152587891,7.960000038146973,321300,0.0,0.0
2019-05-21 00:00:00-04:00,7.989999771118164,8.119999885559082,7.880000114440918,7.989999771118164,82200,0.0,0.0
2019-05-22 00:00:00-04:00,7.96999979019165,8.119999885559082,7.890999794006348,7.96999979019165,48400,0.0,0.0
2019-05-23 00:00:00-04:00,7.920000076293945,7.920000076293945,7.699999809265137,7.769999980926514,76600,0.0,0.0
2019-05-24 00:00:00-04:00,7.769999980926514,7.920000076293945,7.75,7.860000133514404,61800,0.0,0.0
2019-05-28 00:00:00-04:00,7.889999866485596,8.100000381469727,7.889999866485596,8.050000190734863,430700,0.0,0.0
2019-05-29 00:00:00-04:00,8.020000457763672,8.020000457763672,7.789999961853027,7.820000171661377,68900,0.0,0.0
2019-05-30 00:00:00-04:00,7.829999923706055,7.920000076293945,7.809999942779541,7.840000152587891,63200,0.0,0.0
2019-05-31 00:00:00-04:00,7.78000020980835,7.800000190734863,7.550000190734863,7.760000228881836,1166900,0.0,0.0
2019-06-03 00:00:00-04:00,7.769999980926514,8.079999923706055,7.699999809265137,7.800000190734863,86600,0.0,0.0
2019-06-04 00:00:00-04:00,7.869999885559082,7.869999885559082,7.610000133514404,7.739999771118164,80500,0.0,0.0
2019-06-05 00:00:00-04:00,7.71999979019165,7.71999979019165,7.480000019073486,7.670000076293945,74100,0.0,0.0
2019-06-06 00:00:00-04:00,7.639999866485596,7.769999980926514,7.480000019073486,7.659999847412109,36700,0.0,0.0
2019-06-07 00:00:00-04:00,7.699999809265137,7.775000095367432,7.650000095367432,7.670000076293945,60900,0.0,0.0
2019-06-10 00:00:00-04:00,7.730000019073486,7.889999866485596,7.690000057220459,7.789999961853027,114800,0.0,0.0
2019-06-11 00:00:00-04:00,7.820000171661377,7.840000152587891,7.519999980926514,7.559999942779541,88400,0.0,0.0
2019-06-12 00:00:00-04:00,7.519999980926514,7.559999942779541,7.260000228881836,7.269999980926514,107200,0.0,0.0
2019-06-13 00:00:00-04:00,7.289999961853027,7.289999961853027,7.010000228881836,7.03000020980835,86500,0.0,0.0
2019-06-14 00:00:00-04:00,6.989999771118164,7.159999847412109,6.923999786376953,7.070000171661377,84000,0.0,0.0
2019-06-17 00:00:00-04:00,7.130000114440918,7.260000228881836,7.039999961853027,7.050000190734863,48800,0.0,0.0
2019-06-18 00:00:00-04:00,7.079999923706055,7.139999866485596,7.039999961853027,7.070000171661377,71900,0.0,0.0
2019-06-19 00:00:00-04:00,7.059999942779541,7.059999942779541,6.880000114440918,7.0,66600,0.0,0.0
2019-06-20 00:00:00-04:00,7.050000190734863,7.090000152587891,6.989999771118164,7.0,40800,0.0,0.0
2019-06-21 00:00:00-04:00,7.0,7.03000020980835,6.966000080108643,7.0,98900,0.0,0.0
2019-06-24 00:00:00-04:00,7.0,7.03000020980835,6.949999809265137,6.960000038146973,101200,0.0,0.0
2019-06-25 00:00:00-04:00,7.010000228881836,7.039999961853027,6.949999809265137,7.0,162900,0.0,0.0
2019-06-26 00:00:00-04:00,6.989999771118164,7.052999973297119,6.900000095367432,6.909999847412109,221900,0.0,0.0
2019-06-27 00:00:00-04:00,6.940000057220459,7.130000114440918,6.900000095367432,7.079999923706055,105500,0.0,0.0
2019-06-28 00:00:00-04:00,7.079999923706055,7.570000171661377,7.03000020980835,7.519999980926514,196800,0.0,0.0
2019-07-01 00:00:00-04:00,7.570000171661377,7.704999923706055,7.449999809265137,7.670000076293945,152700,0.0,0.0
2019-07-02 00:00:00-04:00,7.670000076293945,7.840000152587891,7.639999866485596,7.789999961853027,53900,0.0,0.0
2019-07-03 00:00:00-04:00,7.800000190734863,7.900000095367432,7.710000038146973,7.800000190734863,75500,0.0,0.0
2019-07-05 00:00:00-04:00,7.699999809265137,8.09000015258789,7.699999809265137,8.050000190734863,63000,0.0,0.0
2019-07-08 00:00:00-04:00,8.039999961853027,8.170000076293945,7.940000057220459,8.109999656677246,67300,0.0,0.0
2019-07-09 00:00:00-04:00,8.119999885559082,8.1899995803833,8.079999923706055,8.140000343322754,116700,0.0,0.0
2019-07-10 00:00:00-04:00,8.140000343322754,8.194999694824219,8.010000228881836,8.130000114440918,99600,0.0,0.0
2019-07-11 00:00:00-04:00,8.09000015258789,8.130000114440918,7.96999979019165,7.980000019073486,354100,0.0,0.0
2019-07-12 00:00:00-04:00,8.0,8.039999961853027,7.800000190734863,7.820000171661377,65500,0.0,0.0
2019-07-15 00:00:00-04:00,7.840000152587891,7.840000152587891,7.670000076293945,7.789999961853027,51000,0.0,0.0
2019-07-16 00:00:00-04:00,7.800000190734863,7.85099983215332,7.670000076293945,7.670000076293945,41400,0.0,0.0
2019-07-17 00:00:00-04:00,7.679999828338623,7.679999828338623,7.369999885559082,7.380000114440918,82800,0.0,0.0
2019-07-18 00:00:00-04:00,7.369999885559082,7.394999980926514,7.25,7.380000114440918,59100,0.0,0.0
2019-07-19 00:00:00-04:00,7.369999885559082,7.53000020980835,7.320000171661377,7.46999979019165,34800,0.0,0.0
2019-07-22 00:00:00-04:00,7.53000020980835,7.590000152587891,7.46999979019165,7.539999961853027,69800,0.0,0.0
2019-07-23 00:00:00-04:00,7.559999942779541,7.659999847412109,7.320000171661377,7.349999904632568,425100,0.0,0.0
2019-07-24 00:00:00-04:00,7.380000114440918,7.409999847412109,7.210000038146973,7.380000114440918,101600,0.0,0.0
2019-07-25 00:00:00-04:00,7.380000114440918,7.440000057220459,7.269999980926514,7.389999866485596,48500,0.0,0.0
2019-07-26 00:00:00-04:00,7.400000095367432,7.599999904632568,7.400000095367432,7.53000020980835,40900,0.0,0.0
2019-07-29 00:00:00-04:00,7.570000171661377,7.579999923706055,7.46999979019165,7.510000228881836,45800,0.0,0.0
2019-07-30 00:00:00-04:00,7.46999979019165,7.590000152587891,7.449999809265137,7.590000152587891,46400,0.0,0.0
2019-07-31 00:00:00-04:00,7.590000152587891,7.889999866485596,7.550000190734863,7.809999942779541,84700,0.0,0.0
2019-08-01 00:00:00-04:00,7.6479997634887695,7.840000152587891,7.6479997634887695,7.699999809265137,45100,0.0,0.0
2019-08-02 00:00:00-04:00,7.690000057220459,7.730000019073486,7.320000171661377,7.329999923706055,157000,0.0,0.0
2019-08-05 00:00:00-04:00,7.300000190734863,7.300000190734863,6.670000076293945,6.889999866485596,299300,0.0,0.0
2019-08-06 00:00:00-04:00,6.889999866485596,7.019999980926514,6.710000038146973,6.760000228881836,39000,0.0,0.0
2019-08-07 00:00:00-04:00,6.650000095367432,6.800000190734863,6.449999809265137,6.690000057220459,239100,0.0,0.0
2019-08-08 00:00:00-04:00,6.760000228881836,7.010000228881836,6.659999847412109,6.920000076293945,46600,0.0,0.0
2019-08-09 00:00:00-04:00,6.71999979019165,7.079999923706055,6.650000095367432,6.829999923706055,63400,0.0,0.0
2019-08-12 00:00:00-04:00,6.78000020980835,6.829999923706055,6.670000076293945,6.769999980926514,58100,0.0,0.0
2019-08-13 00:00:00-04:00,6.75,6.940000057220459,6.690000057220459,6.829999923706055,97700,0.0,0.0
2019-08-14 00:00:00-04:00,6.840000152587891,6.949999809265137,6.440000057220459,6.570000171661377,313000,0.0,0.0
2019-08-15 00:00:00-04:00,6.599999904632568,6.769999980926514,6.570000171661377,6.690000057220459,45000,0.0,0.0
2019-08-16 00:00:00-04:00,6.670000076293945,6.880000114440918,6.670000076293945,6.860000133514404,356800,0.0,0.0
2019-08-19 00:00:00-04:00,6.960000038146973,6.989999771118164,6.840000152587891,6.920000076293945,126800,0.0,0.0
2019-08-20 00:00:00-04:00,6.889999866485596,7.360000133514404,6.889999866485596,7.329999923706055,743300,0.0,0.0
2019-08-21 00:00:00-04:00,7.340000152587891,7.420000076293945,7.139999866485596,7.409999847412109,104600,0.0,0.0
2019-08-22 00:00:00-04:00,7.440000057220459,7.659999847412109,7.28000020980835,7.28000020980835,107800,0.0,0.0
2019-08-23 00:00:00-04:00,7.25,7.260000228881836,6.980000019073486,7.019999980926514,91900,0.0,0.0
2019-08-26 00:00:00-04:00,7.010000228881836,7.050000190734863,6.849999904632568,6.989999771118164,70000,0.0,0.0
2019-08-27 00:00:00-04:00,7.130000114440918,7.130000114440918,6.795000076293945,6.840000152587891,189600,0.0,0.0
2019-08-28 00:00:00-04:00,6.809999942779541,7.050000190734863,6.699999809265137,7.010000228881836,63800,0.0,0.0
2019-08-29 00:00:00-04:00,7.03000020980835,7.179999828338623,6.949999809265137,6.980000019073486,31200,0.0,0.0
2019-08-30 00:00:00-04:00,7.090000152587891,7.139999866485596,6.949999809265137,7.019999980926514,60100,0.0,0.0
2019-09-03 00:00:00-04:00,7.010000228881836,7.090000152587891,6.849999904632568,7.019999980926514,49200,0.0,0.0
2019-09-04 00:00:00-04:00,7.050000190734863,7.070000171661377,6.929999828338623,6.980000019073486,40900,0.0,0.0
2019-09-05 00:00:00-04:00,7.03000020980835,7.260000228881836,7.019999980926514,7.260000228881836,60900,0.0,0.0
2019-09-06 00:00:00-04:00,7.269999980926514,7.440000057220459,7.269999980926514,7.369999885559082,36300,0.0,0.0
2019-09-09 00:00:00-04:00,7.409999847412109,7.619999885559082,7.329999923706055,7.590000152587891,25200,0.0,0.0
2019-09-10 00:00:00-04:00,7.579999923706055,7.71999979019165,7.510000228881836,7.599999904632568,128000,0.0,0.0
2019-09-11 00:00:00-04:00,7.559999942779541,7.559999942779541,7.409999847412109,7.489999771118164,76700,0.0,0.0
2019-09-12 00:00:00-04:00,7.53000020980835,7.579999923706055,7.369999885559082,7.579999923706055,38800,0.0,0.0
2019-09-13 00:00:00-04:00,7.539999961853027,7.764999866485596,7.534999847412109,7.619999885559082,81100,0.0,0.0
2019-09-16 00:00:00-04:00,7.599999904632568,7.599999904632568,7.289999961853027,7.460000038146973,73300,0.0,0.0
2019-09-17 00:00:00-04:00,7.440000057220459,7.650000095367432,7.420000076293945,7.429999828338623,55100,0.0,0.0
2019-09-18 00:00:00-04:00,7.480000019073486,7.480000019073486,7.28000020980835,7.429999828338623,28500,0.0,0.0
2019-09-19 00:00:00-04:00,7.489999771118164,7.539999961853027,7.349999904632568,7.489999771118164,58500,0.0,0.0
2019-09-20 00:00:00-04:00,7.519999980926514,7.71999979019165,7.429999828338623,7.630000114440918,226500,0.0,0.0
2019-09-23 00:00:00-04:00,7.619999885559082,7.789999961853027,7.519999980926514,7.679999828338623,40500,0.0,0.0
2019-09-24 00:00:00-04:00,7.71999979019165,7.809999942779541,7.5,7.579999923706055,57700,0.0,0.0
2019-09-25 00:00:00-04:00,7.570000171661377,7.789999961853027,7.460000038146973,7.769999980926514,43900,0.0,0.0
2019-09-26 00:00:00-04:00,7.75,7.900000095367432,7.690000057220459,7.869999885559082,65700,0.0,0.0
2019-09-27 00:00:00-04:00,7.909999847412109,7.920000076293945,7.739999771118164,7.75,503600,0.0,0.0
2019-09-30 00:00:00-04:00,7.71999979019165,7.71999979019165,7.489999771118164,7.5,252100,0.0,0.0
2019-10-01 00:00:00-04:00,7.539999961853027,7.619999885559082,7.179999828338623,7.179999828338623,41800,0.0,0.0
2019-10-02 00:00:00-04:00,7.099999904632568,7.190000057220459,7.050000190734863,7.170000076293945,177700,0.0,0.0
2019-10-03 00:00:00-04:00,7.159999847412109,7.164999961853027,6.980000019073486,7.079999923706055,51700,0.0,0.0
2019-10-04 00:00:00-04:00,7.090000152587891,7.210000038146973,7.025000095367432,7.199999809265137,74500,0.0,0.0
2019-10-07 00:00:00-04:00,7.150000095367432,7.21999979019165,7.019999980926514,7.170000076293945,53400,0.0,0.0
2019-10-08 00:00:00-04:00,7.070000171661377,7.159999847412109,6.96999979019165,6.989999771118164,363800,0.0,0.0
2019-10-09 00:00:00-04:00,6.980000019073486,7.130000114440918,6.929999828338623,6.96999979019165,127200,0.0,0.0
2019-10-10 00:00:00-04:00,6.940000057220459,6.96999979019165,6.730000019073486,6.730000019073486,347700,0.0,0.0
2019-10-11 00:00:00-04:00,6.800000190734863,7.019999980926514,6.800000190734863,6.820000171661377,124500,0.0,0.0
2019-10-14 00:00:00-04:00,6.800000190734863,6.889999866485596,6.710000038146973,6.860000133514404,40900,0.0,0.0
2019-10-15 00:00:00-04:00,6.880000114440918,6.96999979019165,6.800000190734863,6.940000057220459,184700,0.0,0.0
2019-10-16 00:00:00-04:00,6.940000057220459,6.989999771118164,6.820000171661377,6.840000152587891,206400,0.0,0.0
2019-10-17 00:00:00-04:00,6.920000076293945,7.139999866485596,6.835000038146973,6.949999809265137,1335000,0.0,0.0
2019-10-18 00:00:00-04:00,6.949999809265137,7.050000190734863,6.860000133514404,6.900000095367432,227100,0.0,0.0
2019-10-21 00:00:00-04:00,6.960000038146973,7.03000020980835,6.929999828338623,6.929999828338623,246900,0.0,0.0
2019-10-22 00:00:00-04:00,6.940000057220459,7.010000228881836,6.889999866485596,6.949999809265137,217800,0.0,0.0
2019-10-23 00:00:00-04:00,6.929999828338623,7.010000228881836,6.849999904632568,6.869999885559082,623700,0.0,0.0
2019-10-24 00:00:00-04:00,6.929999828338623,6.929999828338623,6.75,6.75,121400,0.0,0.0
2019-10-25 00:00:00-04:00,6.690000057220459,6.829999923706055,6.659999847412109,6.730000019073486,243000,0.0,0.0
2019-10-28 00:00:00-04:00,6.800000190734863,6.869999885559082,6.690000057220459,6.730000019073486,265600,0.0,0.0
2019-10-29 00:00:00-04:00,6.730000019073486,6.75,6.619999885559082,6.639999866485596,71700,0.0,0.0
2019-10-30 00:00:00-04:00,6.630000114440918,6.639999866485596,6.5,6.639999866485596,99400,0.0,0.0
2019-10-31 00:00:00-04:00,6.630000114440918,6.679999828338623,6.53000020980835,6.610000133514404,128700,0.0,0.0
2019-11-01 00:00:00-04:00,6.639999866485596,6.849999904632568,6.620999813079834,6.75,82500,0.0,0.0
2019-11-04 00:00:00-05:00,6.789999961853027,6.920000076293945,6.78000020980835,6.78000020980835,184400,0.0,0.0
2019-11-05 00:00:00-05:00,6.800000190734863,6.900000095367432,6.730000019073486,6.829999923706055,145300,0.0,0.0
2019-11-06 00:00:00-05:00,6.829999923706055,7.059999942779541,6.75,6.869999885559082,1054700,0.0,0.0
2019-11-07 00:00:00-05:00,6.920000076293945,6.929999828338623,6.610000133514404,6.619999885559082,139900,0.0,0.0
2019-11-08 00:00:00-05:00,6.550000190734863,6.829999923706055,6.46999979019165,6.630000114440918,252300,0.0,0.0
2019-11-11 00:00:00-05:00,6.590000152587891,6.860000133514404,6.489999771118164,6.829999923706055,193700,0.0,0.0
2019-11-12 00:00:00-05:00,6.900000095367432,7.050000190734863,6.849999904632568,6.900000095367432,503600,0.0,0.0
2019-11-13 00:00:00-05:00,6.909999847412109,6.96999979019165,6.789999961853027,6.840000152587891,361000,0.0,0.0
2019-11-14 00:00:00-05:00,6.880000114440918,6.929999828338623,6.800000190734863,6.849999904632568,329600,0.0,0.0
2019-11-15 00:00:00-05:00,6.849999904632568,6.989999771118164,6.769999980926514,6.960000038146973,134100,0.0,0.0
2019-11-18 00:00:00-05:00,6.949999809265137,7.0,6.829999923706055,6.900000095367432,398900,0.0,0.0
2019-11-19 00:00:00-05:00,6.840000152587891,6.929999828338623,6.650000095367432,6.730000019073486,401600,0.0,0.0
2019-11-20 00:00:00-05:00,6.679999828338623,6.829999923706055,6.610000133514404,6.659999847412109,171300,0.0,0.0
2019-11-21 00:00:00-05:00,6.670000076293945,6.690000057220459,6.559999942779541,6.670000076293945,123000,0.0,0.0
2019-11-22 00:00:00-05:00,6.639999866485596,6.739999771118164,6.519999980926514,6.670000076293945,175100,0.0,0.0
2019-11-25 00:00:00-05:00,6.710000038146973,6.96999979019165,6.699999809265137,6.889999866485596,254300,0.0,0.0
2019-11-26 00:00:00-05:00,6.869999885559082,6.900000095367432,6.809999942779541,6.829999923706055,111800,0.0,0.0
2019-11-27 00:00:00-05:00,6.829999923706055,6.900000095367432,6.820000171661377,6.900000095367432,214900,0.0,0.0
2019-11-29 00:00:00-05:00,6.869999885559082,7.050000190734863,6.829999923706055,7.03000020980835,34300,0.0,0.0
2019-12-02 00:00:00-05:00,6.980000019073486,7.010000228881836,6.855000019073486,6.940000057220459,223800,0.0,0.0
2019-12-03 00:00:00-05:00,6.860000133514404,6.925000190734863,6.849999904632568,6.900000095367432,157400,0.0,0.0
2019-12-04 00:00:00-05:00,6.909999847412109,7.010000228881836,6.869999885559082,6.980000019073486,123700,0.0,0.0
2019-12-05 00:00:00-05:00,6.96999979019165,7.170000076293945,6.96999979019165,7.150000095367432,122800,0.0,0.0
2019-12-06 00:00:00-05:00,7.179999828338623,7.179999828338623,6.909999847412109,7.010000228881836,181500,0.0,0.0
2019-12-09 00:00:00-05:00,6.989999771118164,7.0,6.909999847412109,6.949999809265137,172600,0.0,0.0
2019-12-10 00:00:00-05:00,6.920000076293945,7.0,6.75,6.820000171661377,199000,0.0,0.0
2019-12-11 00:00:00-05:00,6.809999942779541,6.809999942779541,6.71999979019165,6.800000190734863,105000,0.0,0.0
2019-12-12 00:00:00-05:00,6.75,6.849999904632568,6.710000038146973,6.769999980926514,119400,0.0,0.0
2019-12-13 00:00:00-05:00,6.71999979019165,6.800000190734863,6.639999866485596,6.739999771118164,203200,0.0,0.0
2019-12-16 00:00:00-05:00,6.730000019073486,6.75,6.300000190734863,6.300000190734863,608200,0.0,0.0
2019-12-17 00:00:00-05:00,6.28000020980835,6.389999866485596,6.28000020980835,6.329999923706055,232300,0.0,0.0
2019-12-18 00:00:00-05:00,6.349999904632568,6.440000057220459,6.269999980926514,6.28000020980835,414300,0.0,0.0
2019-12-19 00:00:00-05:00,6.300000190734863,6.539999961853027,6.119999885559082,6.5,780900,0.0,0.0
2019-12-20 00:00:00-05:00,6.5,6.789999961853027,6.5,6.710000038146973,507900,0.0,0.0
2019-12-23 00:00:00-05:00,6.739999771118164,6.809999942779541,6.659999847412109,6.78000020980835,113000,0.0,0.0
2019-12-24 00:00:00-05:00,6.800000190734863,6.940000057220459,6.769999980926514,6.900000095367432,56800,0.0,0.0
2019-12-26 00:00:00-05:00,6.920000076293945,6.9629998207092285,6.84499979019165,6.860000133514404,75400,0.0,0.0
2019-12-27 00:00:00-05:00,6.840000152587891,6.929999828338623,6.775000095367432,6.909999847412109,123300,0.0,0.0
2019-12-30 00:00:00-05:00,6.900000095367432,7.050000190734863,6.894999980926514,6.989999771118164,123700,0.0,0.0
2019-12-31 00:00:00-05:00,6.980000019073486,7.0,6.929999828338623,6.949999809265137,210800,0.0,0.0
2020-01-02 00:00:00-05:00,6.980000019073486,7.010000228881836,6.789999961853027,6.789999961853027,117600,0.0,0.0
2020-01-03 00:00:00-05:00,6.75,6.8520002365112305,6.690000057220459,6.769999980926514,43700,0.0,0.0
2020-01-06 00:00:00-05:00,6.75,6.869999885559082,6.71999979019165,6.809999942779541,177500,0.0,0.0
2020-01-07 00:00:00-05:00,6.820000171661377,6.900000095367432,6.679999828338623,6.699999809265137,148000,0.0,0.0
2020-01-08 00:00:00-05:00,6.730000019073486,6.760000228881836,6.639999866485596,6.679999828338623,309800,0.0,0.0
2020-01-09 00:00:00-05:00,6.730000019073486,6.820000171661377,6.659999847412109,6.699999809265137,126400,0.0,0.0
2020-01-10 00:00:00-05:00,6.699999809265137,6.78000020980835,6.639999866485596,6.679999828338623,127500,0.0,0.0
2020-01-13 00:00:00-05:00,6.659999847412109,6.670000076293945,6.579999923706055,6.590000152587891,218500,0.0,0.0
2020-01-14 00:00:00-05:00,6.590000152587891,7.329999923706055,6.550000190734863,7.309999942779541,473600,0.0,0.0
2020-01-15 00:00:00-05:00,7.440000057220459,8.09000015258789,7.349999904632568,8.09000015258789,510900,0.0,0.0
2020-01-16 00:00:00-05:00,8.220000267028809,8.670000076293945,8.1899995803833,8.579999923706055,652600,0.0,0.0
2020-01-17 00:00:00-05:00,8.649999618530273,8.890000343322754,8.649999618530273,8.869999885559082,516800,0.0,0.0
2020-01-21 00:00:00-05:00,8.770000457763672,8.890000343322754,8.550000190734863,8.869999885559082,500100,0.0,0.0
2020-01-22 00:00:00-05:00,8.869999885559082,8.899999618530273,8.5600004196167,8.600000381469727,391000,0.0,0.0
2020-01-23 00:00:00-05:00,8.600000381469727,8.800000190734863,8.579999923706055,8.649999618530273,206600,0.0,0.0
2020-01-24 00:00:00-05:00,8.649999618530273,8.829999923706055,8.609999656677246,8.800000190734863,109600,0.0,0.0
2020-01-27 00:00:00-05:00,8.640000343322754,8.885000228881836,8.640000343322754,8.6899995803833,119000,0.0,0.0
2020-01-28 00:00:00-05:00,8.699999809265137,8.869999885559082,8.609999656677246,8.859999656677246,106700,0.0,0.0
2020-01-29 00:00:00-05:00,8.859999656677246,8.880000114440918,8.5600004196167,8.59000015258789,65900,0.0,0.0
2020-01-30 00:00:00-05:00,8.470000267028809,8.539999961853027,8.260000228881836,8.359999656677246,102900,0.0,0.0
2020-01-31 00:00:00-05:00,8.319999694824219,8.319999694824219,8.09000015258789,8.109999656677246,61800,0.0,0.0
2020-02-03 00:00:00-05:00,8.149999618530273,8.369999885559082,8.114999771118164,8.3100004196167,255800,0.0,0.0
2020-02-04 00:00:00-05:00,8.399999618530273,8.508999824523926,8.25,8.279999732971191,309100,0.0,0.0
2020-02-05 00:00:00-05:00,8.369999885559082,8.569999694824219,8.239999771118164,8.449999809265137,248800,0.0,0.0
2020-02-06 00:00:00-05:00,8.470000267028809,8.569999694824219,8.329999923706055,8.479999542236328,151800,0.0,0.0
2020-02-07 00:00:00-05:00,8.420000076293945,8.649999618530273,8.375,8.5600004196167,126100,0.0,0.0
2020-02-10 00:00:00-05:00,8.529999732971191,8.65999984741211,8.369999885559082,8.420000076293945,322400,0.0,0.0
2020-02-11 00:00:00-05:00,8.460000038146973,9.239999771118164,8.390000343322754,9.029999732971191,1946400,0.0,0.0
2020-02-12 00:00:00-05:00,9.039999961853027,9.25,8.869999885559082,9.15999984741211,213400,0.0,0.0
2020-02-13 00:00:00-05:00,9.15999984741211,9.3100004196167,8.869999885559082,9.09000015258789,221400,0.0,0.0
2020-02-14 00:00:00-05:00,9.0600004196167,9.279999732971191,8.949999809265137,9.020000457763672,147800,0.0,0.0
2020-02-18 00:00:00-05:00,9.010000228881836,9.170000076293945,8.694999694824219,8.789999961853027,275900,0.0,0.0
2020-02-19 00:00:00-05:00,8.710000038146973,9.100000381469727,8.710000038146973,9.0,164000,0.0,0.0
2020-02-20 00:00:00-05:00,8.90999984741211,8.984999656677246,8.670000076293945,8.920000076293945,396500,0.0,0.0
2020-02-21 00:00:00-05:00,8.90999984741211,9.130000114440918,8.850000381469727,8.970000267028809,128300,0.0,0.0
2020-02-24 00:00:00-05:00,8.720000267028809,8.84000015258789,8.569999694824219,8.609999656677246,120800,0.0,0.0
2020-02-25 00:00:00-05:00,8.65999984741211,8.8149995803833,8.130000114440918,8.199999809265137,155100,0.0,0.0
2020-02-26 00:00:00-05:00,8.220000267028809,8.399999618530273,8.0,8.09000015258789,273500,0.0,0.0
2020-02-27 00:00:00-05:00,7.909999847412109,8.020000457763672,7.489999771118164,7.519999980926514,196200,0.0,0.0
2020-02-28 00:00:00-05:00,7.300000190734863,7.579999923706055,7.182000160217285,7.489999771118164,254800,0.0,0.0
2020-03-02 00:00:00-05:00,7.5,7.760000228881836,7.289999961853027,7.730000019073486,295500,0.0,0.0
2020-03-03 00:00:00-05:00,7.71999979019165,7.989999771118164,7.579999923706055,7.710000038146973,132700,0.0,0.0
2020-03-04 00:00:00-05:00,7.900000095367432,8.050000190734863,7.610000133514404,8.039999961853027,284700,0.0,0.0
2020-03-05 00:00:00-05:00,7.829999923706055,7.829999923706055,7.394999980926514,7.510000228881836,140700,0.0,0.0
2020-03-06 00:00:00-05:00,7.25,7.420000076293945,6.980000019073486,7.179999828338623,223500,0.0,0.0
2020-03-09 00:00:00-04:00,6.539999961853027,6.920000076293945,6.420000076293945,6.440000057220459,248000,0.0,0.0
2020-03-10 00:00:00-04:00,6.71999979019165,6.75,6.119999885559082,6.679999828338623,321500,0.0,0.0
2020-03-11 00:00:00-04:00,6.46999979019165,6.480000019073486,5.940000057220459,6.070000171661377,213700,0.0,0.0
2020-03-12 00:00:00-04:00,5.639999866485596,5.660999774932861,4.965000152587891,5.070000171661377,296500,0.0,0.0
2020-03-13 00:00:00-04:00,5.46999979019165,6.039999961853027,4.940000057220459,5.869999885559082,369600,0.0,0.0
2020-03-16 00:00:00-04:00,4.699999809265137,4.949999809265137,4.5,4.579999923706055,572800,0.0,0.0
2020-03-17 00:00:00-04:00,4.739999771118164,5.03000020980835,4.369999885559082,4.610000133514404,316600,0.0,0.0
2020-03-18 00:00:00-04:00,4.329999923706055,4.375999927520752,3.619999885559082,3.8299999237060547,1487500,0.0,0.0
2020-03-19 00:00:00-04:00,4.019999980926514,5.78000020980835,3.8499999046325684,4.900000095367432,2167700,0.0,0.0
2020-03-20 00:00:00-04:00,5.019999980926514,5.150000095367432,3.950000047683716,4.130000114440918,678600,0.0,0.0
2020-03-23 00:00:00-04:00,4.130000114440918,4.130000114440918,3.7799999713897705,3.8499999046325684,539400,0.0,0.0
2020-03-24 00:00:00-04:00,4.050000190734863,4.519999980926514,4.019999980926514,4.460000038146973,388500,0.0,0.0
2020-03-25 00:00:00-04:00,4.480000019073486,4.949999809265137,4.010000228881836,4.630000114440918,317300,0.0,0.0
2020-03-26 00:00:00-04:00,4.670000076293945,5.150000095367432,4.670000076293945,5.019999980926514,273100,0.0,0.0
2020-03-27 00:00:00-04:00,4.829999923706055,5.119999885559082,4.53000020980835,4.949999809265137,166700,0.0,0.0
2020-03-30 00:00:00-04:00,4.949999809265137,5.159999847412109,4.861000061035156,5.099999904632568,195000,0.0,0.0
2020-03-31 00:00:00-04:00,5.019999980926514,5.239999771118164,4.889999866485596,5.070000171661377,360300,0.0,0.0
2020-04-01 00:00:00-04:00,4.840000152587891,5.039999961853027,4.679999828338623,4.949999809265137,1059200,0.0,0.0
2020-04-02 00:00:00-04:00,4.980000019073486,5.119999885559082,4.730000019073486,4.900000095367432,211900,0.0,0.0
2020-04-03 00:00:00-04:00,4.900000095367432,4.929999828338623,4.480000019073486,4.610000133514404,342600,0.0,0.0
2020-04-06 00:00:00-04:00,4.800000190734863,5.230000019073486,4.75,5.119999885559082,121300,0.0,0.0
2020-04-07 00:00:00-04:00,5.400000095367432,5.659999847412109,5.190000057220459,5.5,202600,0.0,0.0
2020-04-08 00:00:00-04:00,5.489999771118164,5.820000171661377,5.489999771118164,5.630000114440918,229100,0.0,0.0
2020-04-09 00:00:00-04:00,5.78000020980835,6.170000076293945,5.239999771118164,5.389999866485596,223100,0.0,0.0
2020-04-13 00:00:00-04:00,5.369999885559082,5.369999885559082,4.849999904632568,4.869999885559082,162000,0.0,0.0
2020-04-14 00:00:00-04:00,5.0,5.389999866485596,4.949999809265137,5.019999980926514,148400,0.0,0.0
2020-04-15 00:00:00-04:00,4.900000095367432,4.900000095367432,4.550000190734863,4.659999847412109,764800,0.0,0.0
2020-04-16 00:00:00-04:00,4.71999979019165,4.760000228881836,4.480000019073486,4.679999828338623,122100,0.0,0.0
2020-04-17 00:00:00-04:00,4.860000133514404,4.949999809265137,4.670000076293945,4.78000020980835,238200,0.0,0.0
2020-04-20 00:00:00-04:00,4.760000228881836,4.809999942779541,4.5,4.550000190734863,247100,0.0,0.0
2020-04-21 00:00:00-04:00,4.519999980926514,4.59499979019165,4.409999847412109,4.5,120700,0.0,0.0
2020-04-22 00:00:00-04:00,4.599999904632568,4.599999904632568,4.349999904632568,4.380000114440918,390900,0.0,0.0
2020-04-23 00:00:00-04:00,4.449999809265137,4.474999904632568,4.199999809265137,4.25,453500,0.0,0.0
2020-04-24 00:00:00-04:00,4.269999980926514,4.289999961853027,4.139999866485596,4.190000057220459,266100,0.0,0.0
2020-04-27 00:00:00-04:00,4.309999942779541,4.849999904632568,4.236000061035156,4.809999942779541,1573600,0.0,0.0
2020-04-28 00:00:00-04:00,4.809999942779541,5.360000133514404,4.789999961853027,5.269999980926514,373000,0.0,0.0
2020-04-29 00:00:00-04:00,5.269999980926514,5.639999866485596,5.269999980926514,5.579999923706055,246200,0.0,0.0
2020-04-30 00:00:00-04:00,5.679999828338623,5.679999828338623,5.306000232696533,5.639999866485596,204100,0.0,0.0
2020-05-01 00:00:00-04:00,5.480000019073486,5.630000114440918,5.181000232696533,5.579999923706055,181200,0.0,0.0
2020-05-04 00:00:00-04:00,5.429999828338623,5.519999980926514,5.099999904632568,5.159999847412109,174100,0.0,0.0
2020-05-05 00:00:00-04:00,5.210000038146973,5.400000095367432,5.059999942779541,5.239999771118164,107100,0.0,0.0
2020-05-06 00:00:00-04:00,5.179999828338623,5.199999809265137,4.849999904632568,4.860000133514404,129700,0.0,0.0
2020-05-07 00:00:00-04:00,4.980000019073486,5.179999828338623,4.869999885559082,4.949999809265137,73100,0.0,0.0
2020-05-08 00:00:00-04:00,5.139999866485596,5.320000171661377,5.050000190734863,5.309999942779541,146100,0.0,0.0
2020-05-11 00:00:00-04:00,5.320000171661377,5.400000095367432,5.090000152587891,5.260000228881836,121100,0.0,0.0
2020-05-12 00:00:00-04:00,5.340000152587891,5.489999771118164,5.25,5.400000095367432,208600,0.0,0.0
2020-05-13 00:00:00-04:00,5.289999961853027,5.300000190734863,4.679999828338623,4.730000019073486,180800,0.0,0.0
2020-05-14 00:00:00-04:00,4.610000133514404,4.869999885559082,4.460000038146973,4.860000133514404,126700,0.0,0.0
2020-05-15 00:00:00-04:00,4.840000152587891,4.989999771118164,4.820000171661377,4.929999828338623,65000,0.0,0.0
2020-05-18 00:00:00-04:00,5.159999847412109,5.449999809265137,5.010000228881836,5.420000076293945,254100,0.0,0.0
2020-05-19 00:00:00-04:00,5.360000133514404,5.440000057220459,5.230000019073486,5.329999923706055,167000,0.0,0.0
2020-05-20 00:00:00-04:00,5.360000133514404,5.485000133514404,5.179999828338623,5.300000190734863,88500,0.0,0.0
2020-05-21 00:00:00-04:00,5.269999980926514,5.389999866485596,5.214000225067139,5.349999904632568,98100,0.0,0.0
2020-05-22 00:00:00-04:00,5.349999904632568,5.349999904632568,5.039999961853027,5.090000152587891,89900,0.0,0.0
2020-05-26 00:00:00-04:00,5.340000152587891,5.460000038146973,5.275000095367432,5.360000133514404,130400,0.0,0.0
2020-05-27 00:00:00-04:00,5.400000095367432,5.420000076293945,5.130000114440918,5.210000038146973,234800,0.0,0.0
2020-05-28 00:00:00-04:00,5.369999885559082,5.420000076293945,5.079999923706055,5.079999923706055,548100,0.0,0.0
2020-05-29 00:00:00-04:00,5.050000190734863,5.079999923706055,4.920000076293945,5.010000228881836,294700,0.0,0.0
2020-06-01 00:00:00-04:00,5.010000228881836,5.105000019073486,4.949999809265137,5.03000020980835,352700,0.0,0.0
2020-06-02 00:00:00-04:00,5.099999904632568,5.269999980926514,5.03000020980835,5.269999980926514,519800,0.0,0.0
2020-06-03 00:00:00-04:00,5.380000114440918,5.769999980926514,5.380000114440918,5.679999828338623,531000,0.0,0.0
2020-06-04 00:00:00-04:00,5.619999885559082,5.619999885559082,5.360000133514404,5.449999809265137,303300,0.0,0.0
2020-06-05 00:00:00-04:00,5.760000228881836,5.880000114440918,5.559999942779541,5.590000152587891,175500,0.0,0.0
2020-06-08 00:00:00-04:00,5.590000152587891,5.840000152587891,5.590000152587891,5.769999980926514,366300,0.0,0.0
2020-06-09 00:00:00-04:00,5.650000095367432,5.6579999923706055,5.440000057220459,5.53000020980835,129400,0.0,0.0
2020-06-10 00:00:00-04:00,5.46999979019165,5.46999979019165,5.159999847412109,5.179999828338623,125800,0.0,0.0
2020-06-11 00:00:00-04:00,5.0,5.059999942779541,4.78000020980835,4.789999961853027,274200,0.0,0.0
2020-06-12 00:00:00-04:00,5.03000020980835,5.066999912261963,4.78000020980835,4.869999885559082,126000,0.0,0.0
2020-06-15 00:00:00-04:00,4.78000020980835,5.050000190734863,4.699999809265137,5.019999980926514,131100,0.0,0.0
2020-06-16 00:00:00-04:00,5.199999809265137,5.309999942779541,5.039999961853027,5.159999847412109,198000,0.0,0.0
2020-06-17 00:00:00-04:00,5.199999809265137,5.21999979019165,4.940000057220459,5.090000152587891,119000,0.0,0.0
2020-06-18 00:00:00-04:00,5.059999942779541,5.099999904632568,4.989999771118164,5.010000228881836,69600,0.0,0.0
2020-06-19 00:00:00-04:00,5.099999904632568,5.099999904632568,4.650000095367432,4.690000057220459,186000,0.0,0.0
2020-06-22 00:00:00-04:00,4.690000057220459,4.840000152587891,4.599999904632568,4.789999961853027,135900,0.0,0.0
2020-06-23 00:00:00-04:00,4.869999885559082,4.900000095367432,4.599999904632568,4.619999885559082,248900,0.0,0.0
2020-06-24 00:00:00-04:00,4.659999847412109,4.659999847412109,4.360000133514404,4.440000057220459,158300,0.0,0.0
2020-06-25 00:00:00-04:00,4.400000095367432,4.505000114440918,4.340000152587891,4.480000019073486,150200,0.0,0.0
2020-06-26 00:00:00-04:00,4.449999809265137,4.494999885559082,4.320000171661377,4.46999979019165,114400,0.0,0.0
2020-06-29 00:00:00-04:00,4.5,4.699999809265137,4.380000114440918,4.699999809265137,169900,0.0,0.0
2020-06-30 00:00:00-04:00,4.690000057220459,4.789999961853027,4.590000152587891,4.599999904632568,212400,0.0,0.0
2020-07-01 00:00:00-04:00,4.659999847412109,4.739999771118164,4.449999809265137,4.539999961853027,107700,0.0,0.0
2020-07-02 00:00:00-04:00,4.610000133514404,4.675000190734863,4.460000038146973,4.46999979019165,93200,0.0,0.0
2020-07-06 00:00:00-04:00,4.559999942779541,4.570000171661377,4.389999866485596,4.510000228881836,216500,0.0,0.0
2020-07-07 00:00:00-04:00,4.480000019073486,4.5,4.394999980926514,4.46999979019165,81600,0.0,0.0
2020-07-08 00:00:00-04:00,4.489999771118164,4.599999904632568,4.369999885559082,4.449999809265137,190300,0.0,0.0
2020-07-09 00:00:00-04:00,4.5,4.5,4.179999828338623,4.28000020980835,140700,0.0,0.0
2020-07-10 00:00:00-04:00,4.300000190734863,4.409999847412109,4.199999809265137,4.28000020980835,58200,0.0,0.0
2020-07-13 00:00:00-04:00,4.289999961853027,4.570000171661377,4.289999961853027,4.360000133514404,80200,0.0,0.0
2020-07-14 00:00:00-04:00,4.369999885559082,4.474999904632568,4.269999980926514,4.400000095367432,85900,0.0,0.0
2020-07-15 00:00:00-04:00,4.539999961853027,4.679999828338623,4.539999961853027,4.670000076293945,98300,0.0,0.0
2020-07-16 00:00:00-04:00,4.679999828338623,4.679999828338623,4.559999942779541,4.650000095367432,161300,0.0,0.0
2020-07-17 00:00:00-04:00,4.650000095367432,4.71999979019165,4.590000152587891,4.650000095367432,68300,0.0,0.0
2020-07-20 00:00:00-04:00,4.650000095367432,4.664999961853027,4.449999809265137,4.46999979019165,36200,0.0,0.0
2020-07-21 00:00:00-04:00,4.559999942779541,4.679999828338623,4.480000019073486,4.599999904632568,71900,0.0,0.0
2020-07-22 00:00:00-04:00,4.570000171661377,4.724999904632568,4.570000171661377,4.670000076293945,126100,0.0,0.0
2020-07-23 00:00:00-04:00,4.670000076293945,4.71999979019165,4.599999904632568,4.690000057220459,82600,0.0,0.0
2020-07-24 00:00:00-04:00,4.679999828338623,4.820000171661377,4.644999980926514,4.809999942779541,192100,0.0,0.0
2020-07-27 00:00:00-04:00,4.800000190734863,4.909999847412109,4.699999809265137,4.869999885559082,85900,0.0,0.0
2020-07-28 00:00:00-04:00,4.849999904632568,4.9679999351501465,4.800000190734863,4.920000076293945,69700,0.0,0.0
2020-07-29 00:00:00-04:00,5.090000152587891,5.099999904632568,5.0,5.010000228881836,68900,0.0,0.0
2020-07-30 00:00:00-04:00,4.949999809265137,5.190000057220459,4.869999885559082,5.190000057220459,99200,0.0,0.0
2020-07-31 00:00:00-04:00,5.119999885559082,5.170000076293945,4.760000228881836,4.800000190734863,159200,0.0,0.0
2020-08-03 00:00:00-04:00,4.809999942779541,5.03000020980835,4.784999847412109,5.0,109200,0.0,0.0
2020-08-04 00:00:00-04:00,4.989999771118164,5.070000171661377,4.96999979019165,4.989999771118164,56200,0.0,0.0
2020-08-05 00:00:00-04:00,5.019999980926514,5.170000076293945,4.940000057220459,5.150000095367432,83800,0.0,0.0
2020-08-06 00:00:00-04:00,5.190000057220459,5.230000019073486,5.110000133514404,5.170000076293945,79200,0.0,0.0
2020-08-07 00:00:00-04:00,5.199999809265137,5.375,5.170000076293945,5.320000171661377,72900,0.0,0.0
2020-08-10 00:00:00-04:00,5.380000114440918,5.599999904632568,5.309999942779541,5.5,164100,0.0,0.0
2020-08-11 00:00:00-04:00,5.590000152587891,5.59499979019165,5.269999980926514,5.300000190734863,145400,0.0,0.0
2020-08-12 00:00:00-04:00,5.340000152587891,5.364999771118164,5.144999980926514,5.170000076293945,93400,0.0,0.0
2020-08-13 00:00:00-04:00,5.159999847412109,5.175000190734863,5.059999942779541,5.070000171661377,101300,0.0,0.0
2020-08-14 00:00:00-04:00,5.300000190734863,5.480000019073486,5.210000038146973,5.449999809265137,236500,0.0,0.0
2020-08-17 00:00:00-04:00,5.519999980926514,5.559999942779541,5.170000076293945,5.360000133514404,269300,0.0,0.0
2020-08-18 00:00:00-04:00,5.349999904632568,5.429999828338623,5.190000057220459,5.199999809265137,62400,0.0,0.0
2020-08-19 00:00:00-04:00,5.239999771118164,5.320000171661377,5.159999847412109,5.260000228881836,78100,0.0,0.0
2020-08-20 00:00:00-04:00,5.199999809265137,5.300000190734863,5.164999961853027,5.179999828338623,63800,0.0,0.0
2020-08-21 00:00:00-04:00,5.179999828338623,5.179999828338623,4.920000076293945,4.989999771118164,75300,0.0,0.0
2020-08-24 00:00:00-04:00,5.010000228881836,5.119999885559082,4.960000038146973,5.019999980926514,34400,0.0,0.0
2020-08-25 00:00:00-04:00,5.039999961853027,5.070000171661377,4.925000190734863,4.96999979019165,33200,0.0,0.0
2020-08-26 00:00:00-04:00,4.940000057220459,5.0,4.900000095367432,4.949999809265137,27400,0.0,0.0
2020-08-27 00:00:00-04:00,4.96999979019165,5.025000095367432,4.940000057220459,5.0,38400,0.0,0.0
2020-08-28 00:00:00-04:00,4.989999771118164,5.239999771118164,4.980000019073486,5.190000057220459,119600,0.0,0.0
2020-08-31 00:00:00-04:00,5.199999809265137,5.260000228881836,5.170000076293945,5.199999809265137,167000,0.0,0.0
2020-09-01 00:00:00-04:00,5.170000076293945,5.170000076293945,4.940000057220459,5.03000020980835,98000,0.0,0.0
2020-09-02 00:00:00-04:00,5.010000228881836,5.099999904632568,4.949999809265137,5.070000171661377,75300,0.0,0.0
2020-09-03 00:00:00-04:00,5.039999961853027,5.179999828338623,5.010000228881836,5.03000020980835,43700,0.0,0.0
2020-09-04 00:00:00-04:00,5.179999828338623,5.239999771118164,4.960000038146973,5.03000020980835,92300,0.0,0.0
2020-09-08 00:00:00-04:00,5.03000020980835,5.03000020980835,4.880000114440918,4.880000114440918,57700,0.0,0.0
2020-09-09 00:00:00-04:00,5.03000020980835,5.03000020980835,4.880000114440918,4.900000095367432,41900,0.0,0.0
2020-09-10 00:00:00-04:00,4.929999828338623,4.945000171661377,4.840000152587891,4.860000133514404,32700,0.0,0.0
2020-09-11 00:00:00-04:00,4.909999847412109,4.909999847412109,4.690000057220459,4.760000228881836,34800,0.0,0.0
2020-09-14 00:00:00-04:00,4.800000190734863,4.929999828338623,4.75,4.900000095367432,185400,0.0,0.0
2020-09-15 00:00:00-04:00,4.900000095367432,4.96999979019165,4.864999771118164,4.889999866485596,59200,0.0,0.0
2020-09-16 00:00:00-04:00,4.909999847412109,5.099999904632568,4.889999866485596,5.090000152587891,119300,0.0,0.0
2020-09-17 00:00:00-04:00,5.010000228881836,5.079999923706055,4.949999809265137,5.019999980926514,51500,0.0,0.0
2020-09-18 00:00:00-04:00,4.96999979019165,5.010000228881836,4.835000038146973,4.889999866485596,50000,0.0,0.0
2020-09-21 00:00:00-04:00,4.820000171661377,4.820000171661377,4.610000133514404,4.659999847412109,77200,0.0,0.0
2020-09-22 00:00:00-04:00,4.739999771118164,4.760000228881836,4.570000171661377,4.679999828338623,59400,0.0,0.0
2020-09-23 00:00:00-04:00,4.71999979019165,4.769999980926514,4.539999961853027,4.570000171661377,84500,0.0,0.0
2020-09-24 00:00:00-04:00,4.550000190734863,4.590000152587891,4.420000076293945,4.46999979019165,96800,0.0,0.0
2020-09-25 00:00:00-04:00,4.5,4.570000171661377,4.420000076293945,4.449999809265137,57400,0.0,0.0
2020-09-28 00:00:00-04:00,4.449999809265137,4.599999904632568,4.449999809265137,4.5,78200,0.0,0.0
2020-09-29 00:00:00-04:00,4.550000190734863,4.550000190734863,4.289999961853027,4.320000171661377,100800,0.0,0.0
2020-09-30 00:00:00-04:00,4.320000171661377,4.409999847412109,4.139999866485596,4.170000076293945,611300,0.0,0.0
2020-10-01 00:00:00-04:00,4.210000038146973,4.360000133514404,4.139999866485596,4.340000152587891,971900,0.0,0.0
2020-10-02 00:00:00-04:00,4.289999961853027,4.840000152587891,4.289999961853027,4.809999942779541,254500,0.0,0.0
2020-10-05 00:00:00-04:00,4.880000114440918,4.909999847412109,4.650000095367432,4.789999961853027,70900,0.0,0.0
2020-10-06 00:00:00-04:00,4.789999961853027,4.849999904632568,4.550000190734863,4.670000076293945,64500,0.0,0.0
2020-10-07 00:00:00-04:00,4.679999828338623,4.760000228881836,4.5,4.5,84400,0.0,0.0
2020-10-08 00:00:00-04:00,4.519999980926514,4.695000171661377,4.48799991607666,4.570000171661377,77900,0.0,0.0
2020-10-09 00:00:00-04:00,4.610000133514404,4.650000095367432,4.5,4.579999923706055,71100,0.0,0.0
2020-10-12 00:00:00-04:00,4.630000114440918,4.71999979019165,4.550000190734863,4.610000133514404,63100,0.0,0.0
2020-10-13 00:00:00-04:00,4.650000095367432,4.650000095367432,4.440000057220459,4.480000019073486,107600,0.0,0.0
2020-10-14 00:00:00-04:00,4.519999980926514,4.690000057220459,4.414000034332275,4.570000171661377,429200,0.0,0.0
2020-10-15 00:00:00-04:00,4.519999980926514,4.579999923706055,4.519999980926514,4.559999942779541,28900,0.0,0.0
2020-10-16 00:00:00-04:00,4.559999942779541,4.610000133514404,4.449999809265137,4.489999771118164,35000,0.0,0.0
2020-10-19 00:00:00-04:00,4.489999771118164,4.619999885559082,4.489999771118164,4.550000190734863,28100,0.0,0.0
2020-10-20 00:00:00-04:00,4.559999942779541,4.570000171661377,4.420000076293945,4.519999980926514,172700,0.0,0.0
2020-10-21 00:00:00-04:00,4.499000072479248,4.53000020980835,4.460000038146973,4.53000020980835,44000,0.0,0.0
2020-10-22 00:00:00-04:00,4.53000020980835,4.550000190734863,4.480000019073486,4.489999771118164,67500,0.0,0.0
2020-10-23 00:00:00-04:00,4.482999801635742,4.482999801635742,4.360000133514404,4.440000057220459,56100,0.0,0.0
2020-10-26 00:00:00-04:00,4.409999847412109,4.429999828338623,4.190000057220459,4.28000020980835,71800,0.0,0.0
2020-10-27 00:00:00-04:00,4.269999980926514,4.269999980926514,4.059999942779541,4.090000152587891,68100,0.0,0.0
2020-10-28 00:00:00-04:00,4.059999942779541,4.409999847412109,4.0,4.300000190734863,213400,0.0,0.0
2020-10-29 00:00:00-04:00,4.380000114440918,4.380000114440918,4.110000133514404,4.179999828338623,84300,0.0,0.0
2020-10-30 00:00:00-04:00,4.159999847412109,4.21999979019165,4.090000152587891,4.190000057220459,135600,0.0,0.0
2020-11-02 00:00:00-05:00,4.289999961853027,4.309999942779541,4.21999979019165,4.28000020980835,99900,0.0,0.0
2020-11-03 00:00:00-05:00,4.380000114440918,4.428999900817871,4.320000171661377,4.409999847412109,100900,0.0,0.0
2020-11-04 00:00:00-05:00,4.409999847412109,4.53000020980835,4.315000057220459,4.489999771118164,146100,0.0,0.0
2020-11-05 00:00:00-05:00,4.489999771118164,4.619999885559082,4.489999771118164,4.599999904632568,57900,0.0,0.0
2020-11-06 00:00:00-05:00,4.659999847412109,4.71999979019165,4.480000019073486,4.519999980926514,79400,0.0,0.0
2020-11-09 00:00:00-05:00,4.820000171661377,4.938000202178955,4.730000019073486,4.800000190734863,227000,0.0,0.0
2020-11-10 00:00:00-05:00,4.860000133514404,4.989999771118164,4.769999980926514,4.880000114440918,108300,0.0,0.0
2020-11-11 00:00:00-05:00,5.0,5.0,4.670000076293945,4.739999771118164,88000,0.0,0.0
2020-11-12 00:00:00-05:00,4.75,4.75,4.519999980926514,4.590000152587891,84900,0.0,0.0
2020-11-13 00:00:00-05:00,4.630000114440918,4.75,4.610000133514404,4.739999771118164,91900,0.0,0.0
2020-11-16 00:00:00-05:00,4.949999809265137,4.949999809265137,4.739999771118164,4.840000152587891,136700,0.0,0.0
2020-11-17 00:00:00-05:00,4.809999942779541,4.829999923706055,4.659999847412109,4.71999979019165,174400,0.0,0.0
2020-11-18 00:00:00-05:00,4.760000228881836,5.610000133514404,4.760000228881836,5.400000095367432,1227300,0.0,0.0
2020-11-19 00:00:00-05:00,5.409999847412109,5.800000190734863,5.400000095367432,5.730000019073486,596100,0.0,0.0
2020-11-20 00:00:00-05:00,5.699999809265137,5.880000114440918,5.619999885559082,5.75,323500,0.0,0.0
2020-11-23 00:00:00-05:00,5.730000019073486,6.110000133514404,5.730000019073486,6.050000190734863,309000,0.0,0.0
2020-11-24 00:00:00-05:00,6.239999771118164,6.239999771118164,5.760000228881836,5.809999942779541,241900,0.0,0.0
2020-11-25 00:00:00-05:00,5.739999771118164,5.829999923706055,5.53000020980835,5.590000152587891,269000,0.0,0.0
2020-11-27 00:00:00-05:00,5.599999904632568,5.679999828338623,5.519999980926514,5.570000171661377,739500,0.0,0.0
2020-11-30 00:00:00-05:00,5.639999866485596,5.860000133514404,5.619999885559082,5.639999866485596,410200,0.0,0.0
2020-12-01 00:00:00-05:00,5.679999828338623,5.940000057220459,5.639999866485596,5.699999809265137,202800,0.0,0.0
2020-12-02 00:00:00-05:00,5.730000019073486,5.829999923706055,5.599999904632568,5.619999885559082,101800,0.0,0.0
2020-12-03 00:00:00-05:00,5.630000114440918,5.75,5.570000171661377,5.599999904632568,106500,0.0,0.0
2020-12-04 00:00:00-05:00,5.599999904632568,5.78000020980835,5.590000152587891,5.690000057220459,124500,0.0,0.0
2020-12-07 00:00:00-05:00,5.639999866485596,5.650000095367432,5.559999942779541,5.630000114440918,105000,0.0,0.0
2020-12-08 00:00:00-05:00,5.610000133514404,5.71999979019165,5.449999809265137,5.5,106100,0.0,0.0
2020-12-09 00:00:00-05:00,5.510000228881836,5.619999885559082,5.429999828338623,5.510000228881836,159100,0.0,0.0
2020-12-10 00:00:00-05:00,5.46999979019165,5.506999969482422,5.409999847412109,5.440000057220459,77700,0.0,0.0
2020-12-11 00:00:00-05:00,5.400000095367432,5.550000190734863,5.349999904632568,5.460000038146973,219100,0.0,0.0
2020-12-14 00:00:00-05:00,5.5,5.619999885559082,5.414999961853027,5.460000038146973,144700,0.0,0.0
2020-12-15 00:00:00-05:00,5.46999979019165,5.550000190734863,5.340000152587891,5.449999809265137,134800,0.0,0.0
2020-12-16 00:00:00-05:00,5.5,5.539999961853027,5.409999847412109,5.420000076293945,146900,0.0,0.0
2020-12-17 00:00:00-05:00,5.5,5.590000152587891,5.369999885559082,5.400000095367432,171600,0.0,0.0
2020-12-18 00:00:00-05:00,5.429999828338623,5.46999979019165,5.320000171661377,5.360000133514404,177200,0.0,0.0
2020-12-21 00:00:00-05:00,5.300000190734863,5.389999866485596,5.150000095367432,5.239999771118164,202800,0.0,0.0
2020-12-22 00:00:00-05:00,5.25,5.260000228881836,5.150000095367432,5.170000076293945,61100,0.0,0.0
2020-12-23 00:00:00-05:00,5.170000076293945,5.320000171661377,5.170000076293945,5.230000019073486,523500,0.0,0.0
2020-12-24 00:00:00-05:00,5.230000019073486,5.335000038146973,5.190000057220459,5.309999942779541,62500,0.0,0.0
2020-12-28 00:00:00-05:00,5.320000171661377,5.432000160217285,5.300000190734863,5.329999923706055,70900,0.0,0.0
2020-12-29 00:00:00-05:00,5.380000114440918,5.380000114440918,5.170000076293945,5.170000076293945,195600,0.0,0.0
2020-12-30 00:00:00-05:00,5.190000057220459,5.579999923706055,5.179999828338623,5.440000057220459,225900,0.0,0.0
2020-12-31 00:00:00-05:00,5.480000019073486,5.619999885559082,5.360000133514404,5.460000038146973,207700,0.0,0.0
2021-01-04 00:00:00-05:00,5.510000228881836,5.510000228881836,5.289999961853027,5.300000190734863,86500,0.0,0.0
2021-01-05 00:00:00-05:00,5.25,5.460000038146973,5.25,5.429999828338623,131000,0.0,0.0
2021-01-06 00:00:00-05:00,5.5,5.679999828338623,5.389999866485596,5.639999866485596,153800,0.0,0.0
2021-01-07 00:00:00-05:00,5.639999866485596,5.829999923706055,5.639999866485596,5.800000190734863,192100,0.0,0.0
2021-01-08 00:00:00-05:00,5.849999904632568,5.889999866485596,5.820000171661377,5.840000152587891,113400,0.0,0.0
2021-01-11 00:00:00-05:00,5.789999961853027,5.820000171661377,5.71999979019165,5.78000020980835,137000,0.0,0.0
2021-01-12 00:00:00-05:00,5.789999961853027,6.059999942779541,5.789999961853027,6.050000190734863,96600,0.0,0.0
2021-01-13 00:00:00-05:00,6.090000152587891,6.170000076293945,6.050000190734863,6.159999847412109,54700,0.0,0.0
2021-01-14 00:00:00-05:00,6.210000038146973,6.489999771118164,6.190000057220459,6.269999980926514,58300,0.0,0.0
2021-01-15 00:00:00-05:00,6.21999979019165,6.380000114440918,6.151000022888184,6.300000190734863,65400,0.0,0.0
2021-01-19 00:00:00-05:00,6.400000095367432,6.409999847412109,6.260000228881836,6.320000171661377,54200,0.0,0.0
2021-01-20 00:00:00-05:00,6.329999923706055,6.75,6.320000171661377,6.699999809265137,98700,0.0,0.0
2021-01-21 00:00:00-05:00,6.659999847412109,6.809999942779541,6.440000057220459,6.46999979019165,83600,0.0,0.0
2021-01-22 00:00:00-05:00,6.460000038146973,6.505000114440918,6.309999942779541,6.46999979019165,54400,0.0,0.0
2021-01-25 00:00:00-05:00,6.449999809265137,6.559999942779541,6.349999904632568,6.429999828338623,44400,0.0,0.0
2021-01-26 00:00:00-05:00,6.429999828338623,6.610000133514404,6.320000171661377,6.380000114440918,54100,0.0,0.0
2021-01-27 00:00:00-05:00,6.309999942779541,6.429999828338623,6.28000020980835,6.320000171661377,45700,0.0,0.0
2021-01-28 00:00:00-05:00,6.260000228881836,6.380000114440918,6.179999828338623,6.21999979019165,83900,0.0,0.0
2021-01-29 00:00:00-05:00,6.239999771118164,6.349999904632568,6.110000133514404,6.300000190734863,91900,0.0,0.0
2021-02-01 00:00:00-05:00,6.300000190734863,6.380000114440918,6.25,6.329999923706055,42300,0.0,0.0
2021-02-02 00:00:00-05:00,6.349999904632568,6.510000228881836,6.28000020980835,6.460000038146973,66700,0.0,0.0
2021-02-03 00:00:00-05:00,6.53000020980835,6.678999900817871,6.420000076293945,6.650000095367432,63000,0.0,0.0
2021-02-04 00:00:00-05:00,6.650000095367432,6.760000228881836,6.579999923706055,6.679999828338623,50800,0.0,0.0
2021-02-05 00:00:00-05:00,6.75,6.769999980926514,6.639999866485596,6.650000095367432,43200,0.0,0.0
2021-02-08 00:00:00-05:00,6.800000190734863,7.110000133514404,6.739999771118164,7.110000133514404,107100,0.0,0.0
2021-02-09 00:00:00-05:00,7.070000171661377,7.090000152587891,6.820000171661377,6.840000152587891,76600,0.0,0.0
2021-02-10 00:00:00-05:00,6.869999885559082,6.949999809265137,6.78000020980835,6.809999942779541,56100,0.0,0.0
2021-02-11 00:00:00-05:00,6.800000190734863,6.880000114440918,6.679999828338623,6.679999828338623,38100,0.0,0.0
2021-02-12 00:00:00-05:00,6.710000038146973,6.78000020980835,6.599999904632568,6.650000095367432,81200,0.0,0.0
2021-02-16 00:00:00-05:00,6.78000020980835,6.829999923706055,6.570000171661377,6.630000114440918,61000,0.0,0.0
2021-02-17 00:00:00-05:00,6.630000114440918,6.659999847412109,6.409999847412109,6.449999809265137,90400,0.0,0.0
2021-02-18 00:00:00-05:00,6.449999809265137,6.5,6.364999771118164,6.369999885559082,28200,0.0,0.0
2021-02-19 00:00:00-05:00,6.46999979019165,6.525000095367432,6.369999885559082,6.46999979019165,47600,0.0,0.0
2021-02-22 00:00:00-05:00,6.369999885559082,6.639999866485596,6.369999885559082,6.570000171661377,56900,0.0,0.0
2021-02-23 00:00:00-05:00,6.570000171661377,6.630000114440918,6.465000152587891,6.559999942779541,39200,0.0,0.0
2021-02-24 00:00:00-05:00,6.590000152587891,6.729000091552734,6.539999961853027,6.699999809265137,46400,0.0,0.0
2021-02-25 00:00:00-05:00,6.739999771118164,6.860000133514404,6.591000080108643,6.670000076293945,95300,0.0,0.0
2021-02-26 00:00:00-05:00,6.650000095367432,6.789999961853027,6.510000228881836,6.559999942779541,186100,0.0,0.0
2021-03-01 00:00:00-05:00,6.570000171661377,6.710000038146973,6.489999771118164,6.5,37300,0.0,0.0
2021-03-02 00:00:00-05:00,6.510000228881836,6.539999961853027,6.456999778747559,6.510000228881836,33700,0.0,0.0
2021-03-03 00:00:00-05:00,6.510000228881836,6.639999866485596,6.465000152587891,6.559999942779541,69700,0.0,0.0
2021-03-04 00:00:00-05:00,6.559999942779541,6.699999809265137,6.449999809265137,6.460000038146973,55100,0.0,0.0
2021-03-05 00:00:00-05:00,6.53000020980835,6.570000171661377,6.329999923706055,6.519999980926514,98300,0.0,0.0
2021-03-08 00:00:00-05:00,6.559999942779541,6.75,6.519999980926514,6.739999771118164,49900,0.0,0.0
2021-03-09 00:00:00-05:00,6.730000019073486,6.829999923706055,6.619999885559082,6.650000095367432,69800,0.0,0.0
2021-03-10 00:00:00-05:00,6.650000095367432,6.889999866485596,6.550000190734863,6.849999904632568,60100,0.0,0.0
2021-03-11 00:00:00-05:00,6.840000152587891,7.03000020980835,6.840000152587891,7.019999980926514,62500,0.0,0.0
2021-03-12 00:00:00-05:00,7.039999961853027,7.199999809265137,7.0,7.199999809265137,80900,0.0,0.0
2021-03-15 00:00:00-04:00,7.199999809265137,7.300000190734863,7.150000095367432,7.21999979019165,64700,0.0,0.0
2021-03-16 00:00:00-04:00,7.25,7.25,7.130000114440918,7.130000114440918,41500,0.0,0.0
2021-03-17 00:00:00-04:00,7.130000114440918,7.320000171661377,7.03000020980835,7.320000171661377,122900,0.0,0.0
2021-03-18 00:00:00-04:00,7.25,7.820000171661377,7.25,7.699999809265137,977500,0.0,0.0
2021-03-19 00:00:00-04:00,7.71999979019165,8.34000015258789,7.71999979019165,7.880000114440918,375000,0.0,0.0
2021-03-22 00:00:00-04:00,8.010000228881836,8.350000381469727,7.949999809265137,8.270000457763672,354200,0.0,0.0
2021-03-23 00:00:00-04:00,8.350000381469727,8.5600004196167,7.539999961853027,7.650000095367432,509600,0.0,0.0
2021-03-24 00:00:00-04:00,7.769999980926514,8.074999809265137,7.510000228881836,7.510000228881836,204100,0.0,0.0
2021-03-25 00:00:00-04:00,7.650000095367432,8.149999618530273,7.619999885559082,7.639999866485596,244800,0.0,0.0
2021-03-26 00:00:00-04:00,7.650000095367432,7.96999979019165,7.619999885559082,7.699999809265137,109500,0.0,0.0
2021-03-29 00:00:00-04:00,7.75,8.029999732971191,7.639999866485596,7.650000095367432,145400,0.0,0.0
2021-03-30 00:00:00-04:00,7.690000057220459,7.739999771118164,7.510000228881836,7.579999923706055,257100,0.0,0.0
2021-03-31 00:00:00-04:00,7.659999847412109,7.71999979019165,7.5,7.559999942779541,153600,0.0,0.0
2021-04-01 00:00:00-04:00,7.550000190734863,7.730000019073486,7.449999809265137,7.599999904632568,132000,0.0,0.0
2021-04-05 00:00:00-04:00,7.699999809265137,7.75,7.550000190734863,7.699999809265137,131800,0.0,0.0
2021-04-06 00:00:00-04:00,7.730000019073486,7.840000152587891,7.610000133514404,7.650000095367432,86800,0.0,0.0
2021-04-07 00:00:00-04:00,7.650000095367432,7.75,7.480000019073486,7.5,257400,0.0,0.0
2021-04-08 00:00:00-04:00,7.489999771118164,7.565000057220459,7.409999847412109,7.510000228881836,69600,0.0,0.0
2021-04-09 00:00:00-04:00,7.489999771118164,7.570000171661377,7.449999809265137,7.53000020980835,120700,0.0,0.0
2021-04-12 00:00:00-04:00,7.480000019073486,7.519999980926514,7.380000114440918,7.449999809265137,50900,0.0,0.0
2021-04-13 00:00:00-04:00,7.400000095367432,7.460000038146973,7.329999923706055,7.389999866485596,74100,0.0,0.0
2021-04-14 00:00:00-04:00,7.329999923706055,7.514999866485596,7.329999923706055,7.349999904632568,47200,0.0,0.0
2021-04-15 00:00:00-04:00,7.329999923706055,7.429999828338623,7.150000095367432,7.239999771118164,146400,0.0,0.0
2021-04-16 00:00:00-04:00,7.21999979019165,7.400000095367432,7.21999979019165,7.380000114440918,64100,0.0,0.0
2021-04-19 00:00:00-04:00,7.420000076293945,7.460000038146973,7.309999942779541,7.400000095367432,68700,0.0,0.0
2021-04-20 00:00:00-04:00,7.389999866485596,7.389999866485596,7.190000057220459,7.28000020980835,56500,0.0,0.0
2021-04-21 00:00:00-04:00,7.21999979019165,7.360000133514404,7.190000057220459,7.300000190734863,66300,0.0,0.0
2021-04-22 00:00:00-04:00,7.28000020980835,7.380000114440918,7.199999809265137,7.369999885559082,88600,0.0,0.0
2021-04-23 00:00:00-04:00,7.420000076293945,7.420000076293945,7.329999923706055,7.380000114440918,67000,0.0,0.0
2021-04-26 00:00:00-04:00,7.400000095367432,7.539999961853027,7.340000152587891,7.380000114440918,42800,0.0,0.0
2021-04-27 00:00:00-04:00,7.400000095367432,7.489999771118164,7.230000019073486,7.25,58600,0.0,0.0
2021-04-28 00:00:00-04:00,7.21999979019165,7.25,7.170000076293945,7.170000076293945,42200,0.0,0.0
2021-04-29 00:00:00-04:00,7.239999771118164,7.349999904632568,7.09499979019165,7.179999828338623,58300,0.0,0.0
2021-04-30 00:00:00-04:00,7.199999809265137,7.309999942779541,7.139999866485596,7.179999828338623,88000,0.0,0.0
2021-05-03 00:00:00-04:00,7.179999828338623,7.340000152587891,7.179999828338623,7.25,39100,0.0,0.0
2021-05-04 00:00:00-04:00,7.260000228881836,7.269999980926514,7.159999847412109,7.199999809265137,55000,0.0,0.0
2021-05-05 00:00:00-04:00,7.190000057220459,7.260000228881836,7.159999847412109,7.199999809265137,66100,0.0,0.0
2021-05-06 00:00:00-04:00,7.210000038146973,7.28000020980835,7.164999961853027,7.199999809265137,128400,0.0,0.0
2021-05-07 00:00:00-04:00,7.230000019073486,7.489999771118164,7.179999828338623,7.480000019073486,288600,0.0,0.0
2021-05-10 00:00:00-04:00,7.5,7.590000152587891,7.349999904632568,7.380000114440918,175500,0.0,0.0
2021-05-11 00:00:00-04:00,7.289999961853027,7.294000148773193,6.909999847412109,6.980000019073486,162800,0.0,0.0
2021-05-12 00:00:00-04:00,6.949999809265137,7.010000228881836,6.579999923706055,6.599999904632568,170400,0.0,0.0
2021-05-13 00:00:00-04:00,6.650000095367432,6.800000190734863,6.610000133514404,6.75,70700,0.0,0.0
2021-05-14 00:00:00-04:00,6.730000019073486,6.920000076293945,6.730000019073486,6.860000133514404,84700,0.0,0.0
2021-05-17 00:00:00-04:00,6.909999847412109,7.034999847412109,6.860000133514404,7.0,51600,0.0,0.0
2021-05-18 00:00:00-04:00,7.039999961853027,7.179999828338623,7.039999961853027,7.059999942779541,92600,0.0,0.0
2021-05-19 00:00:00-04:00,7.0,7.0,6.827000141143799,6.889999866485596,68800,0.0,0.0
2021-05-20 00:00:00-04:00,6.889999866485596,6.940000057220459,6.800000190734863,6.889999866485596,62400,0.0,0.0
2021-05-21 00:00:00-04:00,6.909999847412109,7.429999828338623,6.900000095367432,7.349999904632568,382000,0.0,0.0
2021-05-24 00:00:00-04:00,7.349999904632568,7.420000076293945,7.28000020980835,7.329999923706055,106100,0.0,0.0
2021-05-25 00:00:00-04:00,7.309999942779541,7.5,7.2820000648498535,7.369999885559082,102800,0.0,0.0
2021-05-26 00:00:00-04:00,7.329999923706055,7.5,7.320000171661377,7.400000095367432,139600,0.0,0.0
2021-05-27 00:00:00-04:00,7.380000114440918,7.519999980926514,7.369999885559082,7.510000228881836,538300,0.0,0.0
2021-05-28 00:00:00-04:00,7.590000152587891,8.039999961853027,7.559999942779541,8.020000457763672,361600,0.0,0.0
2021-06-01 00:00:00-04:00,8.079999923706055,8.579999923706055,8.050999641418457,8.569999694824219,248000,0.0,0.0
2021-06-02 00:00:00-04:00,8.619999885559082,8.729999542236328,8.460000038146973,8.5,426200,0.0,0.0
2021-06-03 00:00:00-04:00,8.510000228881836,8.510000228881836,8.180000305175781,8.369999885559082,96900,0.0,0.0
2021-06-04 00:00:00-04:00,8.420000076293945,8.420000076293945,8.039999961853027,8.130000114440918,80700,0.0,0.0
2021-06-07 00:00:00-04:00,8.119999885559082,8.300000190734863,8.069999694824219,8.239999771118164,57100,0.0,0.0
2021-06-08 00:00:00-04:00,8.239999771118164,8.390000343322754,8.144000053405762,8.210000038146973,50500,0.0,0.0
2021-06-09 00:00:00-04:00,8.270000457763672,8.279999732971191,8.140000343322754,8.229999542236328,72400,0.0,0.0
2021-06-10 00:00:00-04:00,8.260000228881836,8.260000228881836,7.949999809265137,8.010000228881836,141200,0.0,0.0
2021-06-11 00:00:00-04:00,8.09000015258789,8.1899995803833,8.0600004196167,8.140000343322754,76700,0.0,0.0
2021-06-14 00:00:00-04:00,8.09000015258789,8.130000114440918,7.860000133514404,7.960000038146973,75200,0.0,0.0
2021-06-15 00:00:00-04:00,7.929999828338623,7.960000038146973,7.769999980926514,7.800000190734863,79900,0.0,0.0
2021-06-16 00:00:00-04:00,7.75,7.940000057220459,7.75,7.889999866485596,56100,0.0,0.0
2021-06-17 00:00:00-04:00,7.849999904632568,7.849999904632568,7.630000114440918,7.710000038146973,60100,0.0,0.0
2021-06-18 00:00:00-04:00,7.670000076293945,8.199999809265137,7.550000190734863,8.039999961853027,558600,0.0,0.0
2021-06-21 00:00:00-04:00,8.039999961853027,8.12600040435791,7.949999809265137,8.010000228881836,52300,0.0,0.0
2021-06-22 00:00:00-04:00,8.050000190734863,8.050000190734863,7.869999885559082,8.020000457763672,48000,0.0,0.0
2021-06-23 00:00:00-04:00,8.079999923706055,8.199999809265137,7.999000072479248,8.079999923706055,59500,0.0,0.0
2021-06-24 00:00:00-04:00,8.09000015258789,8.09000015258789,8.010000228881836,8.050000190734863,38000,0.0,0.0
2021-06-25 00:00:00-04:00,8.119999885559082,8.119999885559082,7.989999771118164,8.020000457763672,42900,0.0,0.0
2021-06-28 00:00:00-04:00,8.0,8.180000305175781,7.908999919891357,8.180000305175781,146900,0.0,0.0
2021-06-29 00:00:00-04:00,8.140000343322754,8.305999755859375,8.130000114440918,8.260000228881836,98300,0.0,0.0
2021-06-30 00:00:00-04:00,8.210000038146973,8.279999732971191,8.029999732971191,8.079999923706055,52800,0.0,0.0
2021-07-01 00:00:00-04:00,8.130000114440918,8.3100004196167,8.050000190734863,8.289999961853027,36400,0.0,0.0
2021-07-02 00:00:00-04:00,8.350000381469727,8.350000381469727,8.210000038146973,8.289999961853027,40600,0.0,0.0
2021-07-06 00:00:00-04:00,8.319999694824219,8.319999694824219,8.020000457763672,8.199999809265137,35600,0.0,0.0
2021-07-07 00:00:00-04:00,8.239999771118164,8.289999961853027,8.079999923706055,8.279999732971191,40300,0.0,0.0
2021-07-08 00:00:00-04:00,8.170000076293945,8.274999618530273,8.109999656677246,8.170000076293945,62900,0.0,0.0
2021-07-09 00:00:00-04:00,8.1850004196167,8.380000114440918,8.152000427246094,8.359999656677246,25300,0.0,0.0
2021-07-12 00:00:00-04:00,8.399999618530273,8.489999771118164,8.350000381469727,8.380000114440918,24700,0.0,0.0
2021-07-13 00:00:00-04:00,8.380000114440918,8.930000305175781,8.319999694824219,8.729999542236328,368200,0.0,0.0
2021-07-14 00:00:00-04:00,8.770000457763672,8.770000457763672,8.510000228881836,8.65999984741211,219900,0.0,0.0
2021-07-15 00:00:00-04:00,8.670000076293945,8.670000076293945,8.40999984741211,8.510000228881836,30000,0.0,0.0
2021-07-16 00:00:00-04:00,8.739999771118164,8.739999771118164,8.15999984741211,8.229999542236328,52600,0.0,0.0
2021-07-19 00:00:00-04:00,7.989999771118164,8.017999649047852,7.610000133514404,7.75,250100,0.0,0.0
2021-07-20 00:00:00-04:00,7.840000152587891,8.140000343322754,7.804999828338623,8.109999656677246,60900,0.0,0.0
2021-07-21 00:00:00-04:00,8.170000076293945,8.282999992370605,8.100000381469727,8.109999656677246,29100,0.0,0.0
2021-07-22 00:00:00-04:00,8.1899995803833,8.244999885559082,7.900000095367432,8.010000228881836,53200,0.0,0.0
2021-07-23 00:00:00-04:00,8.109999656677246,8.260000228881836,8.050000190734863,8.149999618530273,35900,0.0,0.0
2021-07-26 00:00:00-04:00,8.199999809265137,8.430000305175781,8.1899995803833,8.329999923706055,33400,0.0,0.0
2021-07-27 00:00:00-04:00,8.369999885559082,8.369999885559082,7.840000152587891,8.100000381469727,133100,0.0,0.0
2021-07-28 00:00:00-04:00,8.180000305175781,8.380000114440918,7.96999979019165,8.260000228881836,40100,0.0,0.0
2021-07-29 00:00:00-04:00,8.220000267028809,8.550000190734863,8.210000038146973,8.4399995803833,24700,0.0,0.0
2021-07-30 00:00:00-04:00,8.34000015258789,8.5,8.260000228881836,8.369999885559082,54700,0.0,0.0
2021-08-02 00:00:00-04:00,8.479999542236328,8.479999542236328,8.220000267028809,8.359999656677246,50900,0.0,0.0
2021-08-03 00:00:00-04:00,8.270000457763672,8.34000015258789,8.069999694824219,8.289999961853027,71500,0.0,0.0
2021-08-04 00:00:00-04:00,8.210000038146973,8.430000305175781,8.050000190734863,8.100000381469727,65300,0.0,0.0
2021-08-05 00:00:00-04:00,8.0,8.145999908447266,7.96999979019165,8.09000015258789,71600,0.0,0.0
2021-08-06 00:00:00-04:00,8.15999984741211,8.510000228881836,8.119999885559082,8.449999809265137,91200,0.0,0.0
2021-08-09 00:00:00-04:00,8.520000457763672,8.520000457763672,8.38599967956543,8.420000076293945,59800,0.0,0.0
2021-08-10 00:00:00-04:00,8.479999542236328,8.489999771118164,8.34000015258789,8.420000076293945,58900,0.0,0.0
2021-08-11 00:00:00-04:00,8.40999984741211,8.51099967956543,8.329999923706055,8.470000267028809,61700,0.0,0.0
2021-08-12 00:00:00-04:00,8.449999809265137,8.449999809265137,8.180000305175781,8.3100004196167,58300,0.0,0.0
2021-08-13 00:00:00-04:00,8.229999542236328,8.34000015258789,8.210000038146973,8.220000267028809,22100,0.0,0.0
2021-08-16 00:00:00-04:00,8.199999809265137,8.319999694824219,8.020000457763672,8.0600004196167,57500,0.0,0.0
2021-08-17 00:00:00-04:00,8.005999565124512,8.279999732971191,7.96999979019165,8.039999961853027,75500,0.0,0.0
2021-08-18 00:00:00-04:00,8.0,8.119999885559082,7.949999809265137,8.0,55700,0.0,0.0
2021-08-19 00:00:00-04:00,7.909999847412109,8.039999961853027,7.632999897003174,7.789999961853027,73100,0.0,0.0
2021-08-20 00:00:00-04:00,7.699999809265137,7.989999771118164,7.699999809265137,7.940000057220459,34600,0.0,0.0
2021-08-23 00:00:00-04:00,8.020000457763672,8.15999984741211,7.849999904632568,8.039999961853027,59500,0.0,0.0
2021-08-24 00:00:00-04:00,7.949999809265137,8.029999732971191,7.920000076293945,8.010000228881836,155000,0.0,0.0
2021-08-25 00:00:00-04:00,8.0600004196167,8.15999984741211,8.0600004196167,8.149999618530273,41600,0.0,0.0
2021-08-26 00:00:00-04:00,8.1899995803833,8.1899995803833,7.889999866485596,8.0,54200,0.0,0.0
2021-08-27 00:00:00-04:00,8.050000190734863,8.260000228881836,8.050000190734863,8.229999542236328,38500,0.0,0.0
2021-08-30 00:00:00-04:00,8.25,8.25,7.979000091552734,8.130000114440918,60500,0.0,0.0
2021-08-31 00:00:00-04:00,8.130000114440918,8.140000343322754,7.980000019073486,7.989999771118164,84400,0.0,0.0
2021-09-01 00:00:00-04:00,8.069999694824219,8.180000305175781,7.960000038146973,8.050000190734863,33500,0.0,0.0
2021-09-02 00:00:00-04:00,8.140000343322754,8.140000343322754,7.980000019073486,8.079999923706055,63700,0.0,0.0
2021-09-03 00:00:00-04:00,8.100000381469727,8.138999938964844,7.980000019073486,8.09000015258789,28500,0.0,0.0
2021-09-07 00:00:00-04:00,8.039999961853027,8.244999885559082,7.960000038146973,8.140000343322754,66600,0.0,0.0
2021-09-08 00:00:00-04:00,8.5,8.5,7.889999866485596,7.949999809265137,25200,0.0,0.0
2021-09-09 00:00:00-04:00,7.889999866485596,8.038999557495117,7.800000190734863,7.949999809265137,93300,0.0,0.0
2021-09-10 00:00:00-04:00,7.949999809265137,8.0,7.860000133514404,7.860000133514404,31800,0.0,0.0
2021-09-13 00:00:00-04:00,7.869999885559082,8.010000228881836,7.849999904632568,8.010000228881836,68600,0.0,0.0
2021-09-14 00:00:00-04:00,7.989999771118164,8.03499984741211,7.769999980926514,7.820000171661377,21500,0.0,0.0
2021-09-15 00:00:00-04:00,7.78000020980835,7.929999828338623,7.78000020980835,7.840000152587891,23100,0.0,0.0
2021-09-16 00:00:00-04:00,7.710000038146973,8.09000015258789,7.710000038146973,8.0,30200,0.0,0.0
2021-09-17 00:00:00-04:00,7.889999866485596,7.980000019073486,7.769999980926514,7.849999904632568,26200,0.0,0.0
2021-09-20 00:00:00-04:00,7.670000076293945,7.880000114440918,7.630000114440918,7.800000190734863,56700,0.0,0.0
2021-09-21 00:00:00-04:00,7.829999923706055,7.914999961853027,7.630000114440918,7.699999809265137,62900,0.0,0.0
2021-09-22 00:00:00-04:00,7.75,8.050000190734863,7.75,7.840000152587891,46200,0.0,0.0
2021-09-23 00:00:00-04:00,7.869999885559082,8.039999961853027,7.809999942779541,7.900000095367432,37500,0.0,0.0
2021-09-24 00:00:00-04:00,7.789999961853027,7.980000019073486,7.789999961853027,7.96999979019165,24300,0.0,0.0
2021-09-27 00:00:00-04:00,8.069999694824219,8.170000076293945,7.980000019073486,8.0,37100,0.0,0.0
2021-09-28 00:00:00-04:00,8.015000343322754,8.015000343322754,7.829999923706055,7.889999866485596,32900,0.0,0.0
2021-09-29 00:00:00-04:00,7.949999809265137,7.96999979019165,7.849999904632568,7.889999866485596,29700,0.0,0.0
2021-09-30 00:00:00-04:00,7.880000114440918,7.880000114440918,7.769999980926514,7.829999923706055,27400,0.0,0.0
2021-10-01 00:00:00-04:00,7.829999923706055,7.909999847412109,7.760000228881836,7.800000190734863,66400,0.0,0.0
2021-10-04 00:00:00-04:00,7.840000152587891,7.840000152587891,7.760000228881836,7.789999961853027,20900,0.0,0.0
2021-10-05 00:00:00-04:00,7.829999923706055,7.829999923706055,7.539999961853027,7.670000076293945,36500,0.0,0.0
2021-10-06 00:00:00-04:00,7.550000190734863,7.699999809265137,7.5,7.599999904632568,96300,0.0,0.0
2021-10-07 00:00:00-04:00,7.650000095367432,7.789999961853027,7.650000095367432,7.679999828338623,33600,0.0,0.0
2021-10-08 00:00:00-04:00,7.730000019073486,7.920000076293945,7.510000228881836,7.510000228881836,155200,0.0,0.0
2021-10-11 00:00:00-04:00,7.5,7.679999828338623,7.389999866485596,7.519999980926514,172400,0.0,0.0
2021-10-12 00:00:00-04:00,7.519999980926514,7.829999923706055,7.5,7.769999980926514,46000,0.0,0.0
2021-10-13 00:00:00-04:00,7.739999771118164,7.949999809265137,7.550000190734863,7.599999904632568,490600,0.0,0.0
2021-10-14 00:00:00-04:00,7.800000190734863,7.885000228881836,7.710000038146973,7.75,85200,0.0,0.0
2021-10-15 00:00:00-04:00,7.789999961853027,7.900000095367432,7.440000057220459,7.5,245600,0.0,0.0
2021-10-18 00:00:00-04:00,7.519999980926514,7.639999866485596,7.5,7.570000171661377,79700,0.0,0.0
2021-10-19 00:00:00-04:00,7.610000133514404,7.855000019073486,7.610000133514404,7.739999771118164,110400,0.0,0.0
2021-10-20 00:00:00-04:00,7.75,7.940000057220459,7.75,7.880000114440918,115600,0.0,0.0
2021-10-21 00:00:00-04:00,7.880000114440918,8.0600004196167,7.789999961853027,7.820000171661377,89600,0.0,0.0
2021-10-22 00:00:00-04:00,7.769999980926514,8.199999809265137,7.769999980926514,7.949999809265137,92200,0.0,0.0
2021-10-25 00:00:00-04:00,7.949999809265137,8.020000457763672,7.800000190734863,7.860000133514404,58700,0.0,0.0
2021-10-26 00:00:00-04:00,7.829999923706055,7.989999771118164,7.690000057220459,7.710000038146973,63200,0.0,0.0
2021-10-27 00:00:00-04:00,7.639999866485596,7.670000076293945,7.369999885559082,7.480000019073486,271800,0.0,0.0
2021-10-28 00:00:00-04:00,7.510000228881836,7.710000038146973,7.440000057220459,7.550000190734863,140200,0.0,0.0
2021-10-29 00:00:00-04:00,7.489999771118164,7.78000020980835,7.329999923706055,7.360000133514404,203600,0.0,0.0
2021-11-01 00:00:00-04:00,7.420000076293945,7.699999809265137,7.420000076293945,7.639999866485596,75500,0.0,0.0
2021-11-02 00:00:00-04:00,7.590000152587891,7.760000228881836,7.340000152587891,7.420000076293945,55100,0.0,0.0
2021-11-03 00:00:00-04:00,7.46999979019165,7.869999885559082,7.46999979019165,7.699999809265137,159000,0.0,0.0
2021-11-04 00:00:00-04:00,7.650000095367432,7.98799991607666,7.340000152587891,7.429999828338623,192300,0.0,0.0
2021-11-05 00:00:00-04:00,7.440000057220459,7.630000114440918,7.190999984741211,7.369999885559082,222800,0.0,0.0
2021-11-08 00:00:00-05:00,7.380000114440918,7.494999885559082,7.070000171661377,7.150000095367432,189500,0.0,0.0
2021-11-09 00:00:00-05:00,7.159999847412109,7.170000076293945,6.909999847412109,7.070000171661377,205000,0.0,0.0
2021-11-10 00:00:00-05:00,7.039999961853027,7.070000171661377,6.75,6.769999980926514,156600,0.0,0.0
2021-11-11 00:00:00-05:00,6.829999923706055,6.829999923706055,6.380000114440918,6.659999847412109,193500,0.0,0.0
2021-11-12 00:00:00-05:00,6.619999885559082,6.849999904632568,6.559999942779541,6.840000152587891,129400,0.0,0.0
2021-11-15 00:00:00-05:00,6.840000152587891,6.840000152587891,6.519999980926514,6.559999942779541,122900,0.0,0.0
2021-11-16 00:00:00-05:00,6.599999904632568,6.829999923706055,6.420000076293945,6.440000057220459,90000,0.0,0.0
2021-11-17 00:00:00-05:00,6.420000076293945,6.5,6.21999979019165,6.420000076293945,111100,0.0,0.0
2021-11-18 00:00:00-05:00,6.400000095367432,6.489999771118164,6.199999809265137,6.300000190734863,166500,0.0,0.0
2021-11-19 00:00:00-05:00,6.260000228881836,6.550000190734863,6.039999961853027,6.449999809265137,782700,0.0,0.0
2021-11-22 00:00:00-05:00,6.480000019073486,6.539999961853027,6.144999980926514,6.210000038146973,522200,0.0,0.0
2021-11-23 00:00:00-05:00,6.170000076293945,6.329999923706055,5.949999809265137,6.230000019073486,305500,0.0,0.0
2021-11-24 00:00:00-05:00,6.21999979019165,6.380000114440918,6.079999923706055,6.239999771118164,444100,0.0,0.0
2021-11-26 00:00:00-05:00,6.119999885559082,6.199999809265137,5.800000190734863,5.989999771118164,413200,0.0,0.0
2021-11-29 00:00:00-05:00,6.050000190734863,6.119999885559082,5.659999847412109,5.75,411800,0.0,0.0
2021-11-30 00:00:00-05:00,5.71999979019165,5.760000228881836,5.389999866485596,5.389999866485596,4157000,0.0,0.0
2021-12-01 00:00:00-05:00,5.559999942779541,6.039999961853027,5.519999980926514,5.769999980926514,335700,0.0,0.0
2021-12-02 00:00:00-05:00,5.75,5.945000171661377,5.710000038146973,5.909999847412109,222700,0.0,0.0
2021-12-03 00:00:00-05:00,5.900000095367432,5.979000091552734,5.809999942779541,5.840000152587891,129400,0.0,0.0
2021-12-06 00:00:00-05:00,5.900000095367432,6.03000020980835,5.800000190734863,5.929999828338623,177700,0.0,0.0
2021-12-07 00:00:00-05:00,6.010000228881836,6.050000190734863,5.619999885559082,5.630000114440918,356500,0.0,0.0
2021-12-08 00:00:00-05:00,5.610000133514404,5.78000020980835,5.570000171661377,5.630000114440918,191800,0.0,0.0
2021-12-09 00:00:00-05:00,5.630000114440918,5.760000228881836,5.559999942779541,5.659999847412109,131800,0.0,0.0
2021-12-10 00:00:00-05:00,5.699999809265137,5.78000020980835,5.590000152587891,5.75,159300,0.0,0.0
2021-12-13 00:00:00-05:00,5.75,5.820000171661377,5.579999923706055,5.670000076293945,128400,0.0,0.0
2021-12-14 00:00:00-05:00,5.679999828338623,5.739999771118164,5.5,5.599999904632568,180300,0.0,0.0
2021-12-15 00:00:00-05:00,5.550000190734863,5.820000171661377,5.5,5.800000190734863,124100,0.0,0.0
2021-12-16 00:00:00-05:00,5.809999942779541,5.96999979019165,5.736999988555908,5.800000190734863,156100,0.0,0.0
2021-12-17 00:00:00-05:00,5.769999980926514,5.9079999923706055,5.71999979019165,5.840000152587891,142200,0.0,0.0
2021-12-20 00:00:00-05:00,5.820000171661377,5.820000171661377,5.550000190734863,5.659999847412109,75800,0.0,0.0
2021-12-21 00:00:00-05:00,5.670000076293945,5.889999866485596,5.659999847412109,5.840000152587891,69100,0.0,0.0
2021-12-22 00:00:00-05:00,5.789999961853027,6.010000228881836,5.789999961853027,5.929999828338623,66500,0.0,0.0
2021-12-23 00:00:00-05:00,5.889999866485596,6.300000190734863,5.866000175476074,6.260000228881836,193300,0.0,0.0
2021-12-27 00:00:00-05:00,6.329999923706055,6.449999809265137,6.139999866485596,6.420000076293945,150400,0.0,0.0
2021-12-28 00:00:00-05:00,6.389999866485596,6.519999980926514,6.369999885559082,6.389999866485596,84900,0.0,0.0
2021-12-29 00:00:00-05:00,6.360000133514404,6.480000019073486,6.28000020980835,6.389999866485596,75300,0.0,0.0
2021-12-30 00:00:00-05:00,6.440000057220459,6.75,6.431000232696533,6.659999847412109,193700,0.0,0.0
2021-12-31 00:00:00-05:00,6.630000114440918,6.730000019073486,6.53000020980835,6.539999961853027,174100,0.0,0.0
2022-01-03 00:00:00-05:00,6.590000152587891,6.690000057220459,6.460000038146973,6.619999885559082,125400,0.0,0.0
2022-01-04 00:00:00-05:00,6.610000133514404,6.860000133514404,6.610000133514404,6.730000019073486,455700,0.0,0.0
2022-01-05 00:00:00-05:00,6.699999809265137,6.900000095367432,6.559999942779541,6.610000133514404,125500,0.0,0.0
2022-01-06 00:00:00-05:00,6.619999885559082,6.630000114440918,6.400000095367432,6.440000057220459,153300,0.0,0.0
2022-01-07 00:00:00-05:00,6.389999866485596,6.639999866485596,6.320000171661377,6.519999980926514,96500,0.0,0.0
2022-01-10 00:00:00-05:00,6.539999961853027,6.539999961853027,6.329999923706055,6.380000114440918,43900,0.0,0.0
2022-01-11 00:00:00-05:00,6.35699987411499,6.53000020980835,6.320000171661377,6.510000228881836,67300,0.0,0.0
2022-01-12 00:00:00-05:00,6.510000228881836,6.650000095367432,6.454999923706055,6.550000190734863,52600,0.0,0.0
2022-01-13 00:00:00-05:00,6.510000228881836,6.789999961853027,6.489999771118164,6.619999885559082,84300,0.0,0.0
2022-01-14 00:00:00-05:00,6.599999904632568,6.630000114440918,6.480000019073486,6.550000190734863,48300,0.0,0.0
2022-01-18 00:00:00-05:00,6.460000038146973,6.53000020980835,6.360000133514404,6.360000133514404,51600,0.0,0.0
2022-01-19 00:00:00-05:00,6.369999885559082,6.420000076293945,6.210000038146973,6.230000019073486,61500,0.0,0.0
2022-01-20 00:00:00-05:00,6.21999979019165,6.275000095367432,5.960000038146973,5.960000038146973,102600,0.0,0.0
2022-01-21 00:00:00-05:00,5.900000095367432,6.068999767303467,5.800000190734863,5.860000133514404,82300,0.0,0.0
2022-01-24 00:00:00-05:00,5.630000114440918,5.820000171661377,5.510000228881836,5.789999961853027,99000,0.0,0.0
2022-01-25 00:00:00-05:00,5.679999828338623,5.89300012588501,5.599999904632568,5.789999961853027,112700,0.0,0.0
2022-01-26 00:00:00-05:00,5.78000020980835,5.929999828338623,5.46999979019165,5.519999980926514,152000,0.0,0.0
2022-01-27 00:00:00-05:00,5.550000190734863,5.670000076293945,5.420000076293945,5.429999828338623,234600,0.0,0.0
2022-01-28 00:00:00-05:00,5.420000076293945,5.579999923706055,5.260000228881836,5.539999961853027,139200,0.0,0.0
2022-01-31 00:00:00-05:00,5.579999923706055,5.789999961853027,5.520999908447266,5.789999961853027,91700,0.0,0.0
2022-02-01 00:00:00-05:00,5.840000152587891,5.849999904632568,5.670000076293945,5.739999771118164,107000,0.0,0.0
2022-02-02 00:00:00-05:00,5.809999942779541,5.840000152587891,5.710000038146973,5.75,51500,0.0,0.0
2022-02-03 00:00:00-05:00,5.75,5.78000020980835,5.599999904632568,5.679999828338623,77800,0.0,0.0
2022-02-04 00:00:00-05:00,5.619999885559082,5.679999828338623,5.53000020980835,5.639999866485596,66600,0.0,0.0
2022-02-07 00:00:00-05:00,5.64300012588501,5.800000190734863,5.630000114440918,5.769999980926514,66300,0.0,0.0
2022-02-08 00:00:00-05:00,5.769999980926514,5.840000152587891,5.710000038146973,5.809999942779541,135000,0.0,0.0
2022-02-09 00:00:00-05:00,5.900000095367432,5.960000038146973,5.86299991607666,5.900000095367432,83400,0.0,0.0
2022-02-10 00:00:00-05:00,5.940000057220459,6.440000057220459,5.920000076293945,6.28000020980835,180300,0.0,0.0
2022-02-11 00:00:00-05:00,6.28000020980835,6.443999767303467,6.159999847412109,6.210000038146973,129000,0.0,0.0
2022-02-14 00:00:00-05:00,6.210000038146973,6.269999980926514,6.099999904632568,6.159999847412109,142500,0.0,0.0
2022-02-15 00:00:00-05:00,6.289999961853027,6.440000057220459,6.159999847412109,6.329999923706055,156800,0.0,0.0
2022-02-16 00:00:00-05:00,6.329999923706055,6.460000038146973,6.329999923706055,6.400000095367432,61800,0.0,0.0
2022-02-17 00:00:00-05:00,6.380000114440918,6.449999809265137,6.269999980926514,6.349999904632568,161900,0.0,0.0
2022-02-18 00:00:00-05:00,6.389999866485596,6.389999866485596,6.21999979019165,6.289999961853027,125200,0.0,0.0
2022-02-22 00:00:00-05:00,6.199999809265137,6.255000114440918,5.920000076293945,5.989999771118164,116500,0.0,0.0
2022-02-23 00:00:00-05:00,5.99399995803833,6.03000020980835,5.849999904632568,5.880000114440918,203600,0.0,0.0
2022-02-24 00:00:00-05:00,5.75,5.900000095367432,5.659999847412109,5.820000171661377,125600,0.0,0.0
2022-02-25 00:00:00-05:00,5.920000076293945,5.96999979019165,5.822999954223633,5.869999885559082,115200,0.0,0.0
2022-02-28 00:00:00-05:00,5.78000020980835,5.960000038146973,5.78000020980835,5.920000076293945,87700,0.0,0.0
2022-03-01 00:00:00-05:00,5.860000133514404,5.940000057220459,5.718999862670898,5.900000095367432,145400,0.0,0.0
2022-03-02 00:00:00-05:00,5.96999979019165,6.059999942779541,5.889999866485596,6.019999980926514,54400,0.0,0.0
2022-03-03 00:00:00-05:00,6.070000171661377,6.090000152587891,5.909999847412109,6.010000228881836,60500,0.0,0.0
2022-03-04 00:00:00-05:00,5.989999771118164,6.03000020980835,5.829999923706055,5.96999979019165,117200,0.0,0.0
2022-03-07 00:00:00-05:00,5.909999847412109,6.0,5.820000171661377,5.860000133514404,126900,0.0,0.0
2022-03-08 00:00:00-05:00,5.860000133514404,5.989999771118164,5.820000171661377,5.889999866485596,120500,0.0,0.0
2022-03-09 00:00:00-05:00,5.960000038146973,6.420000076293945,5.960000038146973,6.329999923706055,91200,0.0,0.0
2022-03-10 00:00:00-05:00,6.21999979019165,6.340000152587891,6.119999885559082,6.130000114440918,55600,0.0,0.0
2022-03-11 00:00:00-05:00,6.190000057220459,6.300000190734863,5.960000038146973,6.170000076293945,226200,0.0,0.0
2022-03-14 00:00:00-04:00,6.21999979019165,6.269999980926514,6.050000190734863,6.210000038146973,159900,0.0,0.0
2022-03-15 00:00:00-04:00,6.239999771118164,6.400000095367432,6.179999828338623,6.320000171661377,65900,0.0,0.0
2022-03-16 00:00:00-04:00,6.320000171661377,6.46999979019165,6.230000019073486,6.380000114440918,108500,0.0,0.0
2022-03-17 00:00:00-04:00,6.380000114440918,6.489999771118164,6.309999942779541,6.46999979019165,62300,0.0,0.0
2022-03-18 00:00:00-04:00,6.449999809265137,6.539999961853027,6.434999942779541,6.53000020980835,97800,0.0,0.0
2022-03-21 00:00:00-04:00,6.5,6.5,6.239999771118164,6.25,71900,0.0,0.0
2022-03-22 00:00:00-04:00,6.25,6.449999809265137,6.25,6.300000190734863,57400,0.0,0.0
2022-03-23 00:00:00-04:00,6.309999942779541,6.309999942779541,6.150000095367432,6.199999809265137,107100,0.0,0.0
2022-03-24 00:00:00-04:00,6.150000095367432,6.269999980926514,6.099999904632568,6.139999866485596,162700,0.0,0.0
2022-03-25 00:00:00-04:00,6.099999904632568,6.25,6.099999904632568,6.179999828338623,93900,0.0,0.0
2022-03-28 00:00:00-04:00,6.139999866485596,6.179999828338623,6.045000076293945,6.119999885559082,64800,0.0,0.0
2022-03-29 00:00:00-04:00,6.190000057220459,6.340000152587891,6.125,6.260000228881836,80400,0.0,0.0
2022-03-30 00:00:00-04:00,6.179999828338623,6.309999942779541,6.105000019073486,6.170000076293945,68300,0.0,0.0
2022-03-31 00:00:00-04:00,6.119999885559082,6.224999904632568,6.059999942779541,6.110000133514404,83700,0.0,0.0
2022-04-01 00:00:00-04:00,6.110000133514404,6.239999771118164,6.110000133514404,6.239999771118164,51200,0.0,0.0
2022-04-04 00:00:00-04:00,6.179999828338623,6.269999980926514,6.050000190734863,6.239999771118164,165900,0.0,0.0
2022-04-05 00:00:00-04:00,6.260000228881836,6.369999885559082,6.119999885559082,6.159999847412109,236500,0.0,0.0
2022-04-06 00:00:00-04:00,6.159999847412109,6.159999847412109,5.945000171661377,6.139999866485596,201100,0.0,0.0
2022-04-07 00:00:00-04:00,6.03000020980835,6.150000095367432,5.965000152587891,6.070000171661377,204900,0.0,0.0
2022-04-08 00:00:00-04:00,6.03000020980835,6.110000133514404,5.960000038146973,5.96999979019165,192700,0.0,0.0
2022-04-11 00:00:00-04:00,5.989999771118164,6.010000228881836,5.909999847412109,5.960000038146973,103500,0.0,0.0
2022-04-12 00:00:00-04:00,6.001999855041504,6.059000015258789,5.869999885559082,5.900000095367432,231400,0.0,0.0
2022-04-13 00:00:00-04:00,5.949999809265137,6.11899995803833,5.880000114440918,6.110000133514404,227000,0.0,0.0
2022-04-14 00:00:00-04:00,6.139999866485596,6.175000190734863,5.960000038146973,5.980000019073486,179800,0.0,0.0
2022-04-18 00:00:00-04:00,5.940000057220459,5.960000038146973,5.78000020980835,5.809999942779541,216800,0.0,0.0
2022-04-19 00:00:00-04:00,5.820000171661377,6.110000133514404,5.739999771118164,6.059999942779541,145000,0.0,0.0
2022-04-20 00:00:00-04:00,6.119999885559082,6.159999847412109,5.949999809265137,6.039999961853027,170500,0.0,0.0
2022-04-21 00:00:00-04:00,6.119999885559082,6.119999885559082,5.960000038146973,5.989999771118164,160200,0.0,0.0
2022-04-22 00:00:00-04:00,6.0,6.039999961853027,5.909999847412109,5.960000038146973,126800,0.0,0.0
2022-04-25 00:00:00-04:00,5.800000190734863,5.920000076293945,5.550000190734863,5.900000095367432,203600,0.0,0.0
2022-04-26 00:00:00-04:00,5.829999923706055,5.929999828338623,5.829999923706055,5.920000076293945,75200,0.0,0.0
2022-04-27 00:00:00-04:00,5.949999809265137,5.96999979019165,5.789999961853027,5.849999904632568,88000,0.0,0.0
2022-04-28 00:00:00-04:00,5.881999969482422,5.980000019073486,5.800000190734863,5.949999809265137,51100,0.0,0.0
2022-04-29 00:00:00-04:00,5.849999904632568,6.050000190734863,5.849999904632568,5.849999904632568,107200,0.0,0.0
2022-05-02 00:00:00-04:00,5.849999904632568,5.909999847412109,5.730000019073486,5.900000095367432,117700,0.0,0.0
2022-05-03 00:00:00-04:00,5.829999923706055,5.920000076293945,5.78000020980835,5.860000133514404,74800,0.0,0.0
2022-05-04 00:00:00-04:00,6.019999980926514,6.019999980926514,5.739999771118164,5.920000076293945,128700,0.0,0.0
2022-05-05 00:00:00-04:00,5.900000095367432,5.929999828338623,5.630000114440918,5.789999961853027,131700,0.0,0.0
2022-05-06 00:00:00-04:00,5.730000019073486,5.889999866485596,5.550000190734863,5.639999866485596,102700,0.0,0.0
2022-05-09 00:00:00-04:00,5.599999904632568,5.699999809265137,5.449999809265137,5.519999980926514,206100,0.0,0.0
2022-05-10 00:00:00-04:00,5.570000171661377,5.579999923706055,5.28000020980835,5.380000114440918,151300,0.0,0.0
2022-05-11 00:00:00-04:00,5.400000095367432,5.510000228881836,5.179999828338623,5.199999809265137,111700,0.0,0.0
2022-05-12 00:00:00-04:00,5.199999809265137,5.300000190734863,5.090000152587891,5.300000190734863,147000,0.0,0.0
2022-05-13 00:00:00-04:00,5.239999771118164,5.420000076293945,5.150000095367432,5.190000057220459,122100,0.0,0.0
2022-05-16 00:00:00-04:00,5.130000114440918,5.25,5.059999942779541,5.139999866485596,198800,0.0,0.0
2022-05-17 00:00:00-04:00,5.150000095367432,5.210000038146973,5.019999980926514,5.070000171661377,401700,0.0,0.0
2022-05-18 00:00:00-04:00,5.079999923706055,5.119999885559082,4.929999828338623,4.989999771118164,362900,0.0,0.0
2022-05-19 00:00:00-04:00,5.050000190734863,5.079999923706055,4.840000152587891,4.949999809265137,281700,0.0,0.0
2022-05-20 00:00:00-04:00,4.929999828338623,4.960000038146973,4.670000076293945,4.840000152587891,187400,0.0,0.0
2022-05-23 00:00:00-04:00,4.880000114440918,4.960000038146973,4.829999923706055,4.849999904632568,163000,0.0,0.0
2022-05-24 00:00:00-04:00,4.849999904632568,4.860000133514404,4.690000057220459,4.75,180500,0.0,0.0
2022-05-25 00:00:00-04:00,4.75,4.915999889373779,4.739999771118164,4.869999885559082,118900,0.0,0.0
2022-05-26 00:00:00-04:00,4.920000076293945,5.209000110626221,4.920000076293945,5.03000020980835,101300,0.0,0.0
2022-05-27 00:00:00-04:00,5.03000020980835,5.079999923706055,4.940000057220459,4.989999771118164,73300,0.0,0.0
2022-05-31 00:00:00-04:00,5.010000228881836,5.010000228881836,4.840000152587891,4.860000133514404,567300,0.0,0.0
2022-06-01 00:00:00-04:00,4.849999904632568,4.929999828338623,4.739999771118164,4.849999904632568,88200,0.0,0.0
2022-06-02 00:00:00-04:00,4.840000152587891,4.889999866485596,4.78000020980835,4.849999904632568,56100,0.0,0.0
2022-06-03 00:00:00-04:00,4.840000152587891,4.840000152587891,4.730000019073486,4.789999961853027,92700,0.0,0.0
2022-06-06 00:00:00-04:00,4.789999961853027,4.880000114440918,4.71999979019165,4.860000133514404,254500,0.0,0.0
2022-06-07 00:00:00-04:00,4.800000190734863,4.909999847412109,4.760000228881836,4.78000020980835,70700,0.0,0.0
2022-06-08 00:00:00-04:00,4.800000190734863,4.829999923706055,4.670000076293945,4.800000190734863,159500,0.0,0.0
2022-06-09 00:00:00-04:00,4.78000020980835,4.880000114440918,4.71999979019165,4.78000020980835,121500,0.0,0.0
2022-06-10 00:00:00-04:00,4.710000038146973,4.71999979019165,4.610000133514404,4.639999866485596,155700,0.0,0.0
2022-06-13 00:00:00-04:00,4.599999904632568,4.599999904632568,4.21999979019165,4.25,134200,0.0,0.0
2022-06-14 00:00:00-04:00,4.300000190734863,4.309999942779541,4.050000190734863,4.070000171661377,150000,0.0,0.0
2022-06-15 00:00:00-04:00,4.099999904632568,4.170000076293945,4.019999980926514,4.070000171661377,73400,0.0,0.0
2022-06-16 00:00:00-04:00,4.0,4.0,3.809999942779541,3.859999895095825,124200,0.0,0.0
2022-06-17 00:00:00-04:00,3.8499999046325684,4.0,3.799999952316284,3.940000057220459,98200,0.0,0.0
2022-06-21 00:00:00-04:00,3.9800000190734863,4.079999923706055,3.890000104904175,3.9100000858306885,132400,0.0,0.0
2022-06-22 00:00:00-04:00,3.8499999046325684,4.159999847412109,3.8399999141693115,4.010000228881836,111100,0.0,0.0
2022-06-23 00:00:00-04:00,4.039999961853027,4.039999961853027,3.9000000953674316,3.930000066757202,28000,0.0,0.0
2022-06-24 00:00:00-04:00,3.994999885559082,4.0,3.940000057220459,3.940000057220459,241100,0.0,0.0
2022-06-27 00:00:00-04:00,3.9700000286102295,3.9700000286102295,3.819999933242798,3.8499999046325684,125900,0.0,0.0
2022-06-28 00:00:00-04:00,3.859999895095825,3.8949999809265137,3.759999990463257,3.8499999046325684,287400,0.0,0.0
2022-06-29 00:00:00-04:00,3.859999895095825,3.990000009536743,3.809999942779541,3.9000000953674316,48500,0.0,0.0
2022-06-30 00:00:00-04:00,3.859999895095825,3.990000009536743,3.7799999713897705,3.9100000858306885,62000,0.0,0.0
2022-07-01 00:00:00-04:00,3.890000104904175,4.010000228881836,3.869999885559082,3.9800000190734863,22500,0.0,0.0
2022-07-05 00:00:00-04:00,3.9200000762939453,3.9700000286102295,3.7799999713897705,3.940000057220459,109900,0.0,0.0
2022-07-06 00:00:00-04:00,3.9600000381469727,3.9600000381469727,3.859999895095825,3.940000057220459,271500,0.0,0.0
2022-07-07 00:00:00-04:00,3.9800000190734863,4.090000152587891,3.9600000381469727,4.090000152587891,57200,0.0,0.0
2022-07-08 00:00:00-04:00,4.113999843597412,4.113999843597412,4.019999980926514,4.03000020980835,33700,0.0,0.0
2022-07-11 00:00:00-04:00,3.990000009536743,4.110000133514404,3.8499999046325684,3.869999885559082,74200,0.0,0.0
2022-07-12 00:00:00-04:00,3.8399999141693115,3.9800000190734863,3.809999942779541,3.890000104904175,59800,0.0,0.0
2022-07-13 00:00:00-04:00,3.890000104904175,3.9200000762939453,3.809999942779541,3.880000114440918,32000,0.0,0.0
2022-07-14 00:00:00-04:00,3.8499999046325684,3.869999885559082,3.7699999809265137,3.809999942779541,43300,0.0,0.0
2022-07-15 00:00:00-04:00,3.869999885559082,3.869999885559082,3.809999942779541,3.869999885559082,22800,0.0,0.0
2022-07-18 00:00:00-04:00,3.869999885559082,3.869999885559082,3.7799999713897705,3.7899999618530273,10700,0.0,0.0
2022-07-19 00:00:00-04:00,3.809999942779541,3.9700000286102295,3.809999942779541,3.9200000762939453,45800,0.0,0.0
2022-07-20 00:00:00-04:00,3.930000066757202,4.079999923706055,3.930000066757202,4.039999961853027,36900,0.0,0.0
2022-07-21 00:00:00-04:00,4.03000020980835,4.039000034332275,3.9660000801086426,4.019999980926514,18900,0.0,0.0
2022-07-22 00:00:00-04:00,4.034999847412109,4.034999847412109,3.9600000381469727,3.9600000381469727,18700,0.0,0.0
2022-07-25 00:00:00-04:00,3.9700000286102295,4.0,3.940000057220459,3.9600000381469727,27300,0.0,0.0
2022-07-26 00:00:00-04:00,3.990000009536743,4.099999904632568,3.9210000038146973,4.03000020980835,42100,0.0,0.0
2022-07-27 00:00:00-04:00,4.079999923706055,4.239999771118164,4.045000076293945,4.199999809265137,23000,0.0,0.0
2022-07-28 00:00:00-04:00,4.210000038146973,4.559999942779541,4.199999809265137,4.5,65600,0.0,0.0
2022-07-29 00:00:00-04:00,4.5,4.5,4.21999979019165,4.21999979019165,24800,0.0,0.0
2022-08-01 00:00:00-04:00,4.190000057220459,4.190000057220459,4.010000228881836,4.019999980926514,25300,0.0,0.0
2022-08-02 00:00:00-04:00,4.050000190734863,4.050000190734863,3.9000000953674316,3.950000047683716,27900,0.0,0.0
2022-08-03 00:00:00-04:00,3.8499999046325684,4.111000061035156,3.7920000553131104,3.8299999237060547,785100,0.0,0.0
2022-08-04 00:00:00-04:00,3.880000114440918,3.9700000286102295,3.809999942779541,3.880000114440918,147300,0.0,0.0
2022-08-05 00:00:00-04:00,3.8499999046325684,4.0,3.809999942779541,3.8499999046325684,343800,0.0,0.0
2022-08-08 00:00:00-04:00,3.8299999237060547,3.940000057220459,3.8299999237060547,3.940000057220459,109200,0.0,0.0
2022-08-09 00:00:00-04:00,3.8350000381469727,4.2129998207092285,3.7899999618530273,3.809999942779541,52000,0.0,0.0
2022-08-10 00:00:00-04:00,3.9100000858306885,3.940000057220459,3.8499999046325684,3.890000104904175,240600,0.0,0.0
2022-08-11 00:00:00-04:00,3.950000047683716,4.050000190734863,3.9000000953674316,3.950000047683716,53300,0.0,0.0
2022-08-12 00:00:00-04:00,3.9700000286102295,4.059999942779541,3.882999897003174,4.03000020980835,274400,0.0,0.0
2022-08-15 00:00:00-04:00,4.039999961853027,4.039999961853027,3.950000047683716,3.9700000286102295,146700,0.0,0.0
2022-08-16 00:00:00-04:00,3.9700000286102295,3.9800000190734863,3.9200000762939453,3.9700000286102295,75000,0.0,0.0
2022-08-17 00:00:00-04:00,3.940000057220459,3.9800000190734863,3.9049999713897705,3.9200000762939453,19800,0.0,0.0
2022-08-18 00:00:00-04:00,3.9000000953674316,3.930000066757202,3.8499999046325684,3.8499999046325684,46900,0.0,0.0
2022-08-19 00:00:00-04:00,3.8499999046325684,3.880000114440918,3.75,3.799999952316284,167400,0.0,0.0
2022-08-22 00:00:00-04:00,3.75,3.809999942779541,3.6700000762939453,3.7100000381469727,87500,0.0,0.0
2022-08-23 00:00:00-04:00,3.8299999237060547,3.8299999237060547,3.680000066757202,3.680000066757202,60600,0.0,0.0
2022-08-24 00:00:00-04:00,3.680000066757202,3.7200000286102295,3.680000066757202,3.690000057220459,87400,0.0,0.0
2022-08-25 00:00:00-04:00,3.744999885559082,3.75,3.700000047683716,3.7300000190734863,157200,0.0,0.0
2022-08-26 00:00:00-04:00,3.753999948501587,3.753999948501587,3.630000114440918,3.6600000858306885,54200,0.0,0.0
2022-08-29 00:00:00-04:00,3.6600000858306885,3.680000066757202,3.5799999237060547,3.619999885559082,66000,0.0,0.0
2022-08-30 00:00:00-04:00,3.640000104904175,3.6700000762939453,3.609999895095825,3.630000114440918,72500,0.0,0.0
2022-08-31 00:00:00-04:00,3.680000066757202,3.687999963760376,3.619999885559082,3.6500000953674316,227600,0.0,0.0
2022-09-01 00:00:00-04:00,3.630000114440918,3.640000104904175,3.5199999809265137,3.559999942779541,215200,0.0,0.0
2022-09-02 00:00:00-04:00,3.559999942779541,3.559999942779541,3.490000009536743,3.5199999809265137,145700,0.0,0.0
2022-09-06 00:00:00-04:00,3.5350000858306885,3.575000047683716,3.390000104904175,3.440000057220459,121600,0.0,0.0
2022-09-07 00:00:00-04:00,3.430000066757202,3.4549999237060547,3.4200000762939453,3.440000057220459,67700,0.0,0.0
2022-09-08 00:00:00-04:00,3.4200000762939453,3.4700000286102295,3.4000000953674316,3.440000057220459,91800,0.0,0.0
2022-09-09 00:00:00-04:00,3.4800000190734863,3.4800000190734863,3.4200000762939453,3.450000047683716,65800,0.0,0.0
2022-09-12 00:00:00-04:00,3.494999885559082,3.690000057220459,3.4839999675750732,3.5399999618530273,159500,0.0,0.0
2022-09-13 00:00:00-04:00,3.490000009536743,3.515000104904175,3.390000104904175,3.4000000953674316,126300,0.0,0.0
2022-09-14 00:00:00-04:00,3.390000104904175,3.4200000762939453,3.312999963760376,3.359999895095825,58400,0.0,0.0
2022-09-15 00:00:00-04:00,3.3989999294281006,3.4100000858306885,3.3299999237060547,3.3299999237060547,75100,0.0,0.0
2022-09-16 00:00:00-04:00,3.319999933242798,3.319999933242798,3.259000062942505,3.299999952316284,49300,0.0,0.0
2022-09-19 00:00:00-04:00,3.2799999713897705,3.3299999237060547,3.259999990463257,3.2799999713897705,18900,0.0,0.0
2022-09-20 00:00:00-04:00,3.2699999809265137,3.2950000762939453,3.190000057220459,3.200000047683716,175400,0.0,0.0
2022-09-21 00:00:00-04:00,3.200000047683716,3.2829999923706055,3.0299999713897705,3.0299999713897705,262000,0.0,0.0
2022-09-22 00:00:00-04:00,3.049999952316284,3.109999895095825,2.881999969482422,2.9100000858306885,217600,0.0,0.0
2022-09-23 00:00:00-04:00,2.859999895095825,2.859999895095825,2.752000093460083,2.7899999618530273,115800,0.0,0.0
2022-09-26 00:00:00-04:00,2.809999942779541,2.809999942779541,2.5,2.5299999713897705,129300,0.0,0.0
2022-09-27 00:00:00-04:00,2.5999999046325684,2.609999895095825,2.549999952316284,2.559999942779541,157100,0.0,0.0
2022-09-28 00:00:00-04:00,2.549999952316284,2.6989998817443848,2.5199999809265137,2.680000066757202,253300,0.0,0.0
2022-09-29 00:00:00-04:00,2.5329999923706055,2.619999885559082,2.509999990463257,2.5899999141693115,112500,0.0,0.0
2022-09-30 00:00:00-04:00,2.609999895095825,2.6500000953674316,2.559999942779541,2.5999999046325684,215900,0.0,0.0
2022-10-03 00:00:00-04:00,2.609999895095825,2.7100000381469727,2.609999895095825,2.619999885559082,71400,0.0,0.0
2022-10-04 00:00:00-04:00,2.6600000858306885,2.740000009536743,2.5829999446868896,2.7100000381469727,215900,0.0,0.0
2022-10-05 00:00:00-04:00,2.690000057220459,2.75,2.609999895095825,2.640000104904175,40000,0.0,0.0
2022-10-06 00:00:00-04:00,2.609999895095825,2.700000047683716,2.490000009536743,2.5399999618530273,236100,0.0,0.0
2022-10-07 00:00:00-04:00,2.5199999809265137,2.5850000381469727,2.5,2.569999933242798,152300,0.0,0.0
2022-10-10 00:00:00-04:00,2.5899999141693115,2.5899999141693115,2.450000047683716,2.450000047683716,203100,0.0,0.0
2022-10-11 00:00:00-04:00,2.4600000381469727,2.4700000286102295,2.380000114440918,2.450000047683716,131600,0.0,0.0
2022-10-12 00:00:00-04:00,2.490000009536743,2.490000009536743,2.369999885559082,2.369999885559082,177400,0.0,0.0
2022-10-13 00:00:00-04:00,2.369999885559082,2.369999885559082,2.299999952316284,2.3499999046325684,148400,0.0,0.0
2022-10-14 00:00:00-04:00,2.359999895095825,2.359999895095825,2.240000009536743,2.259999990463257,110100,0.0,0.0
2022-10-17 00:00:00-04:00,2.3299999237060547,2.3299999237060547,2.2300000190734863,2.25,179100,0.0,0.0
2022-10-18 00:00:00-04:00,2.2699999809265137,2.309000015258789,2.2300000190734863,2.240000009536743,84600,0.0,0.0
2022-10-19 00:00:00-04:00,2.2300000190734863,2.359999895095825,2.140000104904175,2.3499999046325684,325100,0.0,0.0
2022-10-20 00:00:00-04:00,2.3499999046325684,2.390000104904175,2.2850000858306885,2.319999933242798,79800,0.0,0.0
2022-10-21 00:00:00-04:00,2.3919999599456787,2.3919999599456787,2.2799999713897705,2.2899999618530273,22000,0.0,0.0
2022-10-24 00:00:00-04:00,2.319999933242798,2.450000047683716,2.319999933242798,2.380000114440918,120700,0.0,0.0
2022-10-25 00:00:00-04:00,2.380000114440918,2.4600000381469727,2.380000114440918,2.440000057220459,97700,0.0,0.0
2022-10-26 00:00:00-04:00,2.4700000286102295,2.4700000286102295,2.390000104904175,2.4000000953674316,82700,0.0,0.0
2022-10-27 00:00:00-04:00,2.390000104904175,2.4739999771118164,2.380000114440918,2.4100000858306885,62700,0.0,0.0
2022-10-28 00:00:00-04:00,2.2899999618530273,2.509999990463257,2.2899999618530273,2.3499999046325684,174100,0.0,0.0
2022-10-31 00:00:00-04:00,2.3499999046325684,2.4200000762939453,2.2300000190734863,2.2799999713897705,143400,0.0,0.0
2022-11-01 00:00:00-04:00,2.2699999809265137,2.5799999237060547,2.240000009536743,2.5399999618530273,130300,0.0,0.0
2022-11-02 00:00:00-04:00,2.509999990463257,2.640000104904175,2.4200000762939453,2.430000066757202,87400,0.0,0.0
2022-11-03 00:00:00-04:00,2.380000114440918,2.5,2.299999952316284,2.4000000953674316,104300,0.0,0.0
2022-11-04 00:00:00-04:00,2.440000057220459,2.5799999237060547,2.3399999141693115,2.3499999046325684,101300,0.0,0.0
2022-11-07 00:00:00-05:00,2.430000066757202,2.559999942779541,2.369999885559082,2.4600000381469727,92100,0.0,0.0
2022-11-08 00:00:00-05:00,2.440000057220459,2.5,2.200000047683716,2.200000047683716,191400,0.0,0.0
2022-11-09 00:00:00-05:00,2.25,2.3499999046325684,2.0399999618530273,2.0399999618530273,189000,0.0,0.0
2022-11-10 00:00:00-05:00,2.0899999141693115,2.309999942779541,2.0,2.0399999618530273,200300,0.0,0.0
2022-11-11 00:00:00-05:00,2.049999952316284,2.180000066757202,2.009999990463257,2.119999885559082,201100,0.0,0.0
2022-11-14 00:00:00-05:00,2.140000104904175,2.259999990463257,2.069999933242798,2.109999895095825,1588700,0.0,0.0
2022-11-15 00:00:00-05:00,2.109999895095825,2.4600000381469727,2.0999999046325684,2.4600000381469727,205900,0.0,0.0
2022-11-16 00:00:00-05:00,2.4200000762939453,2.4800000190734863,2.190000057220459,2.3499999046325684,146400,0.0,0.0
2022-11-17 00:00:00-05:00,2.319999933242798,2.390000104904175,2.200000047683716,2.2300000190734863,152000,0.0,0.0
2022-11-18 00:00:00-05:00,2.2300000190734863,2.359999895095825,2.1500000953674316,2.2100000381469727,136300,0.0,0.0
2022-11-21 00:00:00-05:00,2.200000047683716,2.319999933242798,2.130000114440918,2.190000057220459,127200,0.0,0.0
2022-11-22 00:00:00-05:00,2.180000066757202,2.240000009536743,2.140000104904175,2.140000104904175,72800,0.0,0.0
2022-11-23 00:00:00-05:00,2.140000104904175,2.2100000381469727,2.0799999237060547,2.1600000858306885,111700,0.0,0.0
2022-11-25 00:00:00-05:00,2.180000066757202,2.2100000381469727,2.130000114440918,2.140000104904175,35200,0.0,0.0
2022-11-28 00:00:00-05:00,2.130000114440918,2.4000000953674316,2.130000114440918,2.2899999618530273,152900,0.0,0.0
2022-11-29 00:00:00-05:00,2.309999942779541,2.390000104904175,2.2699999809265137,2.2699999809265137,128700,0.0,0.0
2022-11-30 00:00:00-05:00,2.240000009536743,2.319999933242798,2.119999885559082,2.1600000858306885,1045300,0.0,0.0
2022-12-01 00:00:00-05:00,2.1700000762939453,2.450000047683716,2.1700000762939453,2.390000104904175,146200,0.0,0.0
2022-12-02 00:00:00-05:00,2.319999933242798,2.4700000286102295,2.319999933242798,2.430000066757202,57400,0.0,0.0
2022-12-05 00:00:00-05:00,2.440000057220459,2.5,2.2699999809265137,2.369999885559082,102600,0.0,0.0
2022-12-06 00:00:00-05:00,2.3399999141693115,2.4200000762939453,2.190000057220459,2.200000047683716,83300,0.0,0.0
2022-12-07 00:00:00-05:00,2.2100000381469727,2.2799999713897705,2.130000114440918,2.2100000381469727,119500,0.0,0.0
2022-12-08 00:00:00-05:00,2.200000047683716,2.240000009536743,2.0,2.0799999237060547,211000,0.0,0.0
2022-12-09 00:00:00-05:00,2.059999942779541,2.0999999046325684,2.0,2.069999933242798,94000,0.0,0.0
2022-12-12 00:00:00-05:00,2.0399999618530273,2.0799999237060547,2.0399999618530273,2.0399999618530273,81200,0.0,0.0
2022-12-13 00:00:00-05:00,2.049999952316284,2.1700000762939453,2.0299999713897705,2.0399999618530273,87200,0.0,0.0
2022-12-14 00:00:00-05:00,2.009999990463257,2.062999963760376,2.0,2.0299999713897705,114400,0.0,0.0
2022-12-15 00:00:00-05:00,2.009999990463257,2.0899999141693115,1.9700000286102295,2.0899999141693115,146800,0.0,0.0
2022-12-16 00:00:00-05:00,2.049999952316284,2.059999942779541,1.9900000095367432,2.049999952316284,126600,0.0,0.0
2022-12-19 00:00:00-05:00,2.059999942779541,2.0999999046325684,1.9900000095367432,2.0299999713897705,189900,0.0,0.0
2022-12-20 00:00:00-05:00,2.0299999713897705,2.055000066757202,2.0,2.0199999809265137,154600,0.0,0.0
2022-12-21 00:00:00-05:00,2.009999990463257,2.049999952316284,1.9800000190734863,2.009999990463257,65100,0.0,0.0
2022-12-22 00:00:00-05:00,1.9700000286102295,2.059999942779541,1.9700000286102295,2.049999952316284,331700,0.0,0.0
2022-12-23 00:00:00-05:00,2.009999990463257,2.1600000858306885,1.9900000095367432,2.0799999237060547,405100,0.0,0.0
2022-12-27 00:00:00-05:00,2.119999885559082,2.134999990463257,1.9700000286102295,2.009999990463257,171600,0.0,0.0
2022-12-28 00:00:00-05:00,2.0,2.0,1.8799999952316284,1.9800000190734863,457300,0.0,0.0
2022-12-29 00:00:00-05:00,1.9800000190734863,2.180000066757202,1.9600000381469727,2.1500000953674316,302600,0.0,0.0
2022-12-30 00:00:00-05:00,2.1600000858306885,2.390000104904175,2.115000009536743,2.3299999237060547,240100,0.0,0.0
2023-01-03 00:00:00-05:00,2.390000104904175,2.444999933242798,2.25,2.299999952316284,85700,0.0,0.0
2023-01-04 00:00:00-05:00,2.2699999809265137,2.309999942779541,2.2100000381469727,2.2200000286102295,35300,0.0,0.0
2023-01-05 00:00:00-05:00,2.1700000762939453,2.200000047683716,2.059999942779541,2.1700000762939453,30800,0.0,0.0
2023-01-06 00:00:00-05:00,2.180000066757202,2.2300000190734863,2.0,2.200000047683716,124300,0.0,0.0
2023-01-09 00:00:00-05:00,2.190000057220459,2.4700000286102295,2.190000057220459,2.309999942779541,62000,0.0,0.0
2023-01-10 00:00:00-05:00,2.2799999713897705,2.4000000953674316,2.2799999713897705,2.3499999046325684,37500,0.0,0.0
2023-01-11 00:00:00-05:00,2.4000000953674316,2.494999885559082,2.380000114440918,2.4600000381469727,99100,0.0,0.0
2023-01-12 00:00:00-05:00,2.4600000381469727,2.4679999351501465,2.2799999713897705,2.3399999141693115,114600,0.0,0.0
2023-01-13 00:00:00-05:00,2.3499999046325684,2.5,2.309999942779541,2.4100000858306885,68000,0.0,0.0
2023-01-17 00:00:00-05:00,2.450000047683716,2.490000009536743,2.2100000381469727,2.2100000381469727,87900,0.0,0.0
2023-01-18 00:00:00-05:00,2.200000047683716,2.4700000286102295,2.200000047683716,2.259999990463257,126800,0.0,0.0
2023-01-19 00:00:00-05:00,2.25,2.440000057220459,2.25,2.4100000858306885,102200,0.0,0.0
2023-01-20 00:00:00-05:00,2.450000047683716,2.865999937057495,2.450000047683716,2.75,335200,0.0,0.0
2023-01-23 00:00:00-05:00,2.75,3.069999933242798,2.75,2.7699999809265137,400200,0.0,0.0
2023-01-24 00:00:00-05:00,2.8299999237060547,2.8299999237060547,2.609999895095825,2.630000114440918,102200,0.0,0.0
2023-01-25 00:00:00-05:00,2.5999999046325684,2.740000009536743,2.5899999141693115,2.6500000953674316,30800,0.0,0.0
2023-01-26 00:00:00-05:00,2.680000066757202,2.7699999809265137,2.6600000858306885,2.7200000286102295,47600,0.0,0.0
2023-01-27 00:00:00-05:00,2.700000047683716,2.700000047683716,2.609999895095825,2.640000104904175,23300,0.0,0.0
2023-01-30 00:00:00-05:00,2.630000114440918,2.6700000762939453,2.5,2.5899999141693115,43100,0.0,0.0
2023-01-31 00:00:00-05:00,2.549999952316284,2.609999895095825,2.549999952316284,2.5799999237060547,26800,0.0,0.0
2023-02-01 00:00:00-05:00,2.609999895095825,2.7200000286102295,2.5899999141693115,2.6700000762939453,49000,0.0,0.0
2023-02-02 00:00:00-05:00,2.7300000190734863,2.7899999618530273,2.6700000762939453,2.700000047683716,105900,0.0,0.0
2023-02-03 00:00:00-05:00,2.7100000381469727,2.7100000381469727,2.5399999618530273,2.5899999141693115,130300,0.0,0.0
2023-02-06 00:00:00-05:00,2.549999952316284,2.6019999980926514,2.4800000190734863,2.5,58400,0.0,0.0
2023-02-07 00:00:00-05:00,2.5199999809265137,2.61899995803833,2.489000082015991,2.5,94200,0.0,0.0
2023-02-08 00:00:00-05:00,2.5,2.549999952316284,2.450000047683716,2.490000009536743,97900,0.0,0.0
2023-02-09 00:00:00-05:00,2.5,2.680000066757202,2.450000047683716,2.4600000381469727,87400,0.0,0.0
2023-02-10 00:00:00-05:00,2.440000057220459,2.509999990463257,2.4000000953674316,2.430000066757202,104100,0.0,0.0
2023-02-13 00:00:00-05:00,2.4000000953674316,2.450000047683716,2.380000114440918,2.4000000953674316,118300,0.0,0.0
2023-02-14 00:00:00-05:00,2.4000000953674316,2.4000000953674316,2.3299999237060547,2.3399999141693115,183200,0.0,0.0
2023-02-15 00:00:00-05:00,2.3299999237060547,2.369999885559082,2.240000009536743,2.319999933242798,89200,0.0,0.0
2023-02-16 00:00:00-05:00,2.319999933242798,2.3519999980926514,2.1600000858306885,2.190000057220459,186500,0.0,0.0
2023-02-17 00:00:00-05:00,2.1600000858306885,2.259999990463257,2.1600000858306885,2.2300000190734863,52600,0.0,0.0
2023-02-21 00:00:00-05:00,2.25,2.2880001068115234,2.1600000858306885,2.2200000286102295,35100,0.0,0.0
2023-02-22 00:00:00-05:00,2.2200000286102295,2.256999969482422,2.180000066757202,2.200000047683716,58500,0.0,0.0
2023-02-23 00:00:00-05:00,2.25,2.25,2.180000066757202,2.2200000286102295,231700,0.0,0.0
2023-02-24 00:00:00-05:00,2.180000066757202,2.25,2.180000066757202,2.180000066757202,15200,0.0,0.0
2023-02-27 00:00:00-05:00,2.2200000286102295,2.2200000286102295,2.174999952316284,2.190000057220459,21700,0.0,0.0
2023-02-28 00:00:00-05:00,2.190000057220459,2.2200000286102295,2.1700000762939453,2.190000057220459,64200,0.0,0.0
2023-03-01 00:00:00-05:00,2.1600000858306885,2.2079999446868896,2.130000114440918,2.1500000953674316,24300,0.0,0.0
2023-03-02 00:00:00-05:00,2.119999885559082,2.240000009536743,2.109999895095825,2.200000047683716,432900,0.0,0.0
2023-03-03 00:00:00-05:00,2.2300000190734863,2.299999952316284,2.180000066757202,2.2899999618530273,30400,0.0,0.0
2023-03-06 00:00:00-05:00,2.299999952316284,2.5999999046325684,2.2899999618530273,2.430000066757202,91500,0.0,0.0
2023-03-07 00:00:00-05:00,2.4000000953674316,2.489000082015991,2.380000114440918,2.450000047683716,30800,0.0,0.0
2023-03-08 00:00:00-05:00,2.430000066757202,2.4760000705718994,2.25,2.2699999809265137,73900,0.0,0.0
2023-03-09 00:00:00-05:00,2.259999990463257,2.3399999141693115,2.200000047683716,2.2300000190734863,39100,0.0,0.0
2023-03-10 00:00:00-05:00,2.2100000381469727,2.247999906539917,2.130000114440918,2.1700000762939453,59800,0.0,0.0
2023-03-13 00:00:00-04:00,2.190000057220459,2.190000057220459,2.0999999046325684,2.119999885559082,39000,0.0,0.0
2023-03-14 00:00:00-04:00,2.130000114440918,2.305000066757202,2.0899999141693115,2.25,116000,0.0,0.0
2023-03-15 00:00:00-04:00,2.190000057220459,2.240000009536743,2.1600000858306885,2.1700000762939453,13800,0.0,0.0
2023-03-16 00:00:00-04:00,2.130000114440918,2.240000009536743,2.130000114440918,2.2200000286102295,16800,0.0,0.0
2023-03-17 00:00:00-04:00,2.190000057220459,2.190000057220459,2.0999999046325684,2.0999999046325684,18000,0.0,0.0
2023-03-20 00:00:00-04:00,2.0799999237060547,2.0999999046325684,2.049999952316284,2.049999952316284,59400,0.0,0.0
2023-03-21 00:00:00-04:00,2.049999952316284,2.119999885559082,2.049999952316284,2.069999933242798,27500,0.0,0.0
2023-03-22 00:00:00-04:00,2.049999952316284,2.0999999046325684,2.0299999713897705,2.0299999713897705,39600,0.0,0.0
2023-03-23 00:00:00-04:00,2.049999952316284,2.25,2.049999952316284,2.130000114440918,169000,0.0,0.0
2023-03-24 00:00:00-04:00,2.0999999046325684,2.3299999237060547,2.0999999046325684,2.25,106600,0.0,0.0
2023-03-27 00:00:00-04:00,2.2300000190734863,2.4100000858306885,2.1700000762939453,2.2899999618530273,69100,0.0,0.0
2023-03-28 00:00:00-04:00,2.25,2.3499999046325684,2.247999906539917,2.2899999618530273,49400,0.0,0.0
2023-03-29 00:00:00-04:00,2.3399999141693115,2.3499999046325684,2.299999952316284,2.3399999141693115,62500,0.0,0.0
2023-03-30 00:00:00-04:00,2.3499999046325684,2.3550000190734863,2.299999952316284,2.3299999237060547,35200,0.0,0.0
2023-03-31 00:00:00-04:00,2.319999933242798,2.440000057220459,2.2799999713897705,2.359999895095825,104800,0.0,0.0
2023-04-03 00:00:00-04:00,2.359999895095825,2.4000000953674316,2.299999952316284,2.369999885559082,79500,0.0,0.0
2023-04-04 00:00:00-04:00,2.3499999046325684,2.374000072479248,2.2799999713897705,2.319999933242798,59900,0.0,0.0
2023-04-05 00:00:00-04:00,2.299999952316284,2.3499999046325684,2.2899999618530273,2.309999942779541,70300,0.0,0.0
2023-04-06 00:00:00-04:00,2.319999933242798,2.3299999237060547,2.25,2.299999952316284,63700,0.0,0.0
2023-04-10 00:00:00-04:00,2.2899999618530273,2.3299999237060547,2.259999990463257,2.299999952316284,29100,0.0,0.0
2023-04-11 00:00:00-04:00,2.299999952316284,2.3299999237060547,2.240000009536743,2.240000009536743,91100,0.0,0.0
2023-04-12 00:00:00-04:00,2.2799999713897705,2.2990000247955322,2.2200000286102295,2.259999990463257,42700,0.0,0.0
2023-04-13 00:00:00-04:00,2.2300000190734863,2.3450000286102295,2.2300000190734863,2.319999933242798,20400,0.0,0.0
2023-04-14 00:00:00-04:00,2.3499999046325684,2.3499999046325684,2.2950000762939453,2.319999933242798,23200,0.0,0.0
2023-04-17 00:00:00-04:00,2.309999942779541,2.309999942779541,2.259999990463257,2.2899999618530273,19100,0.0,0.0
2023-04-18 00:00:00-04:00,2.2699999809265137,2.319999933242798,2.2699999809265137,2.2799999713897705,214800,0.0,0.0
2023-04-19 00:00:00-04:00,2.25,2.299999952316284,2.25,2.2799999713897705,6200,0.0,0.0
2023-04-20 00:00:00-04:00,2.2699999809265137,2.359999895095825,2.2699999809265137,2.299999952316284,107800,0.0,0.0
2023-04-21 00:00:00-04:00,2.4000000953674316,2.5299999713897705,2.309000015258789,2.450000047683716,112500,0.0,0.0
2023-04-24 00:00:00-04:00,2.440000057220459,2.440000057220459,2.3499999046325684,2.4100000858306885,37100,0.0,0.0
2023-04-25 00:00:00-04:00,2.4000000953674316,2.440000057220459,2.2760000228881836,2.3499999046325684,69200,0.0,0.0
2023-04-26 00:00:00-04:00,2.359999895095825,2.4800000190734863,2.3580000400543213,2.450000047683716,96500,0.0,0.0
2023-04-27 00:00:00-04:00,2.450000047683716,2.4600000381469727,2.369999885559082,2.450000047683716,44800,0.0,0.0
2023-04-28 00:00:00-04:00,2.440000057220459,2.5160000324249268,2.4000000953674316,2.450000047683716,51800,0.0,0.0
2023-05-01 00:00:00-04:00,2.4600000381469727,2.4700000286102295,2.4100000858306885,2.4200000762939453,33900,0.0,0.0
2023-05-02 00:00:00-04:00,2.390000104904175,2.444999933242798,2.2300000190734863,2.3399999141693115,47800,0.0,0.0
2023-05-03 00:00:00-04:00,2.3299999237060547,2.3499999046325684,2.25,2.309999942779541,99500,0.0,0.0
2023-05-04 00:00:00-04:00,2.2799999713897705,2.3499999046325684,2.200000047683716,2.259999990463257,161600,0.0,0.0
2023-05-05 00:00:00-04:00,2.2899999618530273,2.3499999046325684,2.2899999618530273,2.3299999237060547,25400,0.0,0.0
2023-05-08 00:00:00-04:00,2.3299999237060547,2.4000000953674316,2.3299999237060547,2.369999885559082,42000,0.0,0.0
2023-05-09 00:00:00-04:00,2.3499999046325684,2.359999895095825,2.312000036239624,2.3299999237060547,12600,0.0,0.0
2023-05-10 00:00:00-04:00,2.3499999046325684,2.3499999046325684,2.309999942779541,2.3299999237060547,39900,0.0,0.0
2023-05-11 00:00:00-04:00,2.3499999046325684,2.3499999046325684,2.2100000381469727,2.2899999618530273,83700,0.0,0.0
2023-05-12 00:00:00-04:00,2.2899999618530273,2.3299999237060547,2.240000009536743,2.3299999237060547,42100,0.0,0.0
2023-05-15 00:00:00-04:00,2.3399999141693115,2.3499999046325684,2.240000009536743,2.25,74600,0.0,0.0
2023-05-16 00:00:00-04:00,2.25,2.322000026702881,2.2200000286102295,2.25,56800,0.0,0.0
2023-05-17 00:00:00-04:00,2.240000009536743,2.4000000953674316,2.240000009536743,2.369999885559082,95000,0.0,0.0
2023-05-18 00:00:00-04:00,2.359999895095825,2.6500000953674316,2.3499999046325684,2.5,141600,0.0,0.0
2023-05-19 00:00:00-04:00,2.5,2.5280001163482666,2.2799999713897705,2.2799999713897705,48800,0.0,0.0
2023-05-22 00:00:00-04:00,2.2899999618530273,2.380000114440918,2.2899999618530273,2.3299999237060547,8700,0.0,0.0
2023-05-23 00:00:00-04:00,2.3399999141693115,2.380000114440918,2.312999963760376,2.369999885559082,8100,0.0,0.0
2023-05-24 00:00:00-04:00,2.3499999046325684,2.430000066757202,2.3499999046325684,2.369999885559082,10700,0.0,0.0
2023-05-25 00:00:00-04:00,2.369999885559082,2.380000114440918,2.309999942779541,2.3299999237060547,48700,0.0,0.0
2023-05-26 00:00:00-04:00,2.309999942779541,2.3550000190734863,2.306999921798706,2.309999942779541,15100,0.0,0.0
2023-05-30 00:00:00-04:00,2.309999942779541,2.359999895095825,2.2809998989105225,2.3399999141693115,27000,0.0,0.0
2023-05-31 00:00:00-04:00,2.3399999141693115,2.3399999141693115,2.2699999809265137,2.3299999237060547,24600,0.0,0.0
2023-06-01 00:00:00-04:00,2.319999933242798,2.380000114440918,2.319999933242798,2.359999895095825,17100,0.0,0.0
2023-06-02 00:00:00-04:00,2.4000000953674316,2.450000047683716,2.369999885559082,2.380000114440918,36200,0.0,0.0
2023-06-05 00:00:00-04:00,2.359999895095825,2.4189999103546143,2.190000057220459,2.25,41900,0.0,0.0
2023-06-06 00:00:00-04:00,2.259999990463257,2.372999906539917,2.259999990463257,2.3399999141693115,18700,0.0,0.0
2023-06-07 00:00:00-04:00,2.369999885559082,2.4210000038146973,2.3299999237060547,2.4100000858306885,7700,0.0,0.0
2023-06-08 00:00:00-04:00,2.430000066757202,2.490000009536743,2.369999885559082,2.390000104904175,56200,0.0,0.0
2023-06-09 00:00:00-04:00,2.369999885559082,2.450000047683716,2.369999885559082,2.450000047683716,17500,0.0,0.0
2023-06-12 00:00:00-04:00,2.450000047683716,2.450000047683716,2.4000000953674316,2.430000066757202,5800,0.0,0.0
2023-06-13 00:00:00-04:00,2.430000066757202,2.4809999465942383,2.359999895095825,2.4000000953674316,47800,0.0,0.0
2023-06-14 00:00:00-04:00,2.4600000381469727,2.4600000381469727,2.390000104904175,2.4100000858306885,40100,0.0,0.0
2023-06-15 00:00:00-04:00,2.4100000858306885,2.4800000190734863,2.3910000324249268,2.4700000286102295,16300,0.0,0.0
2023-06-16 00:00:00-04:00,2.4800000190734863,2.5,2.259999990463257,2.2799999713897705,46600,0.0,0.0
2023-06-20 00:00:00-04:00,2.2899999618530273,2.447999954223633,2.2899999618530273,2.440000057220459,56600,0.0,0.0
2023-06-21 00:00:00-04:00,2.450000047683716,2.5399999618530273,2.450000047683716,2.5299999713897705,97300,0.0,0.0
2023-06-22 00:00:00-04:00,2.549999952316284,2.5899999141693115,2.493000030517578,2.569999933242798,24400,0.0,0.0
2023-06-23 00:00:00-04:00,2.5199999809265137,2.6700000762939453,2.4709999561309814,2.6700000762939453,63900,0.0,0.0
2023-06-26 00:00:00-04:00,2.619999885559082,2.890000104904175,2.5799999237060547,2.799999952316284,71300,0.0,0.0
2023-06-27 00:00:00-04:00,2.809999942779541,2.9800000190734863,2.7899999618530273,2.9600000381469727,72600,0.0,0.0
2023-06-28 00:00:00-04:00,2.9700000286102295,3.0,2.8550000190734863,2.869999885559082,40000,0.0,0.0
2023-06-29 00:00:00-04:00,2.8399999141693115,2.9000000953674316,2.819999933242798,2.8299999237060547,31700,0.0,0.0
2023-06-30 00:00:00-04:00,2.880000114440918,2.9200000762939453,2.859999895095825,2.890000104904175,31000,0.0,0.0
2023-07-03 00:00:00-04:00,2.859999895095825,2.9000000953674316,2.859999895095825,2.880000114440918,10200,0.0,0.0
2023-07-05 00:00:00-04:00,2.8399999141693115,2.9100000858306885,2.809999942779541,2.809999942779541,40100,0.0,0.0
2023-07-06 00:00:00-04:00,2.7799999713897705,2.8399999141693115,2.740000009536743,2.759999990463257,32700,0.0,0.0
2023-07-07 00:00:00-04:00,2.759999990463257,2.890000104904175,2.759999990463257,2.8299999237060547,17500,0.0,0.0
2023-07-10 00:00:00-04:00,2.859999895095825,2.940000057220459,2.7300000190734863,2.7899999618530273,75600,0.0,0.0
2023-07-11 00:00:00-04:00,2.7899999618530273,2.940000057220459,2.759999990463257,2.799999952316284,41700,0.0,0.0
2023-07-12 00:00:00-04:00,2.8299999237060547,2.930000066757202,2.75,2.869999885559082,81800,0.0,0.0
2023-07-13 00:00:00-04:00,2.859999895095825,3.140000104904175,2.859999895095825,2.990000009536743,124800,0.0,0.0
2023-07-14 00:00:00-04:00,3.059999942779541,3.109999895095825,2.869999885559082,3.0,79200,0.0,0.0
2023-07-17 00:00:00-04:00,3.0199999809265137,3.0899999141693115,2.9200000762939453,3.0299999713897705,57000,0.0,0.0
2023-07-18 00:00:00-04:00,3.009999990463257,3.309999942779541,3.009999990463257,3.200000047683716,81400,0.0,0.0
2023-07-19 00:00:00-04:00,3.259999990463257,3.309999942779541,3.119999885559082,3.180000066757202,96200,0.0,0.0
2023-07-20 00:00:00-04:00,3.180000066757202,3.25,3.049999952316284,3.130000114440918,64400,0.0,0.0
2023-07-21 00:00:00-04:00,3.299999952316284,3.740000009536743,3.25,3.5,361700,0.0,0.0
2023-07-24 00:00:00-04:00,3.509999990463257,3.7100000381469727,3.509999990463257,3.5399999618530273,115800,0.0,0.0
2023-07-25 00:00:00-04:00,3.5199999809265137,3.630000114440918,3.4700000286102295,3.4800000190734863,89400,0.0,0.0
2023-07-26 00:00:00-04:00,3.509999990463257,3.5899999141693115,3.390000104904175,3.5,32800,0.0,0.0
2023-07-27 00:00:00-04:00,3.4800000190734863,3.5399999618530273,3.359999895095825,3.4000000953674316,51900,0.0,0.0
2023-07-28 00:00:00-04:00,3.4100000858306885,3.559999942779541,3.4100000858306885,3.5299999713897705,53800,0.0,0.0
2023-07-31 00:00:00-04:00,3.5999999046325684,3.5999999046325684,3.430000066757202,3.450000047683716,87700,0.0,0.0
2023-08-01 00:00:00-04:00,3.450000047683716,3.5,3.390000104904175,3.4200000762939453,64700,0.0,0.0
2023-08-02 00:00:00-04:00,3.390000104904175,3.430000066757202,3.1700000762939453,3.3299999237060547,86800,0.0,0.0
2023-08-03 00:00:00-04:00,3.299999952316284,3.4100000858306885,3.2100000381469727,3.3399999141693115,37200,0.0,0.0
2023-08-04 00:00:00-04:00,3.3299999237060547,3.450000047683716,3.309999942779541,3.309999942779541,33200,0.0,0.0
2023-08-07 00:00:00-04:00,3.319999933242798,3.440000057220459,3.299999952316284,3.390000104904175,45200,0.0,0.0
2023-08-08 00:00:00-04:00,3.4000000953674316,3.4600000381469727,3.3499999046325684,3.450000047683716,37500,0.0,0.0
2023-08-09 00:00:00-04:00,3.450000047683716,3.450000047683716,3.311000108718872,3.319999933242798,14600,0.0,0.0
2023-08-10 00:00:00-04:00,3.319999933242798,3.4000000953674316,3.2699999809265137,3.2899999618530273,22500,0.0,0.0
2023-08-11 00:00:00-04:00,3.309999942779541,3.319999933242798,3.190000057220459,3.200000047683716,88200,0.0,0.0
2023-08-14 00:00:00-04:00,3.200000047683716,3.2799999713897705,3.1500000953674316,3.190000057220459,45200,0.0,0.0
2023-08-15 00:00:00-04:00,3.2100000381469727,3.25,3.0399999618530273,3.140000104904175,48900,0.0,0.0
2023-08-16 00:00:00-04:00,3.140000104904175,3.180000066757202,3.0799999237060547,3.109999895095825,44800,0.0,0.0
2023-08-17 00:00:00-04:00,3.119999885559082,3.119999885559082,2.9200000762939453,2.950000047683716,45600,0.0,0.0
2023-08-18 00:00:00-04:00,2.8399999141693115,2.990000009536743,2.819999933242798,2.9100000858306885,115200,0.0,0.0
2023-08-21 00:00:00-04:00,2.9100000858306885,2.930000066757202,2.819999933242798,2.930000066757202,45200,0.0,0.0
2023-08-22 00:00:00-04:00,2.940000057220459,3.049999952316284,2.8350000381469727,3.0399999618530273,84300,0.0,0.0
2023-08-23 00:00:00-04:00,3.059999942779541,3.059999942779541,2.9700000286102295,2.9700000286102295,27300,0.0,0.0
2023-08-24 00:00:00-04:00,2.990000009536743,3.119999885559082,2.944999933242798,3.0,75300,0.0,0.0
2023-08-25 00:00:00-04:00,2.9800000190734863,3.0299999713897705,2.9560000896453857,2.990000009536743,20800,0.0,0.0
2023-08-28 00:00:00-04:00,2.990000009536743,3.0999999046325684,2.990000009536743,3.0799999237060547,27800,0.0,0.0
2023-08-29 00:00:00-04:00,3.0999999046325684,3.180000066757202,3.049999952316284,3.109999895095825,92700,0.0,0.0
2023-08-30 00:00:00-04:00,3.0799999237060547,3.1600000858306885,3.0399999618530273,3.0399999618530273,41100,0.0,0.0
2023-08-31 00:00:00-04:00,3.0899999141693115,3.0999999046325684,3.0199999809265137,3.049999952316284,32100,0.0,0.0
2023-09-01 00:00:00-04:00,3.059999942779541,3.0999999046325684,2.9700000286102295,3.0199999809265137,70000,0.0,0.0
2023-09-05 00:00:00-04:00,2.9800000190734863,3.049999952316284,2.8989999294281006,2.9000000953674316,23800,0.0,0.0
2023-09-06 00:00:00-04:00,2.930000066757202,3.049999952316284,2.927000045776367,3.0299999713897705,96600,0.0,0.0
2023-09-07 00:00:00-04:00,3.059999942779541,3.0799999237060547,2.9800000190734863,3.059999942779541,82600,0.0,0.0
2023-09-08 00:00:00-04:00,3.059999942779541,3.1500000953674316,3.059999942779541,3.0899999141693115,71700,0.0,0.0
2023-09-11 00:00:00-04:00,3.0999999046325684,3.180000066757202,3.0999999046325684,3.1500000953674316,19400,0.0,0.0
2023-09-12 00:00:00-04:00,3.130000114440918,3.2699999809265137,3.130000114440918,3.2300000190734863,84900,0.0,0.0
2023-09-13 00:00:00-04:00,3.2200000286102295,3.299999952316284,3.049999952316284,3.130000114440918,79600,0.0,0.0
2023-09-14 00:00:00-04:00,3.0999999046325684,3.2300000190734863,3.049999952316284,3.069999933242798,68100,0.0,0.0
2023-09-15 00:00:00-04:00,3.0999999046325684,3.2300000190734863,2.9700000286102295,3.0999999046325684,92200,0.0,0.0
2023-09-18 00:00:00-04:00,3.0999999046325684,3.240000009536743,3.069999933242798,3.109999895095825,46800,0.0,0.0
2023-09-19 00:00:00-04:00,3.119999885559082,3.1500000953674316,2.9800000190734863,3.059999942779541,35200,0.0,0.0
2023-09-20 00:00:00-04:00,3.0299999713897705,3.109999895095825,2.990000009536743,3.0399999618530273,78900,0.0,0.0
2023-09-21 00:00:00-04:00,3.0399999618530273,3.0799999237060547,2.9000000953674316,2.990000009536743,169800,0.0,0.0
2023-09-22 00:00:00-04:00,2.9600000381469727,3.109999895095825,2.880000114440918,2.940000057220459,95000,0.0,0.0
2023-09-25 00:00:00-04:00,2.940000057220459,3.0199999809265137,2.8499999046325684,2.890000104904175,99500,0.0,0.0
2023-09-26 00:00:00-04:00,2.880000114440918,2.9700000286102295,2.759999990463257,2.8399999141693115,55700,0.0,0.0
2023-09-27 00:00:00-04:00,2.8499999046325684,2.9100000858306885,2.799999952316284,2.859999895095825,87700,0.0,0.0
2023-09-28 00:00:00-04:00,2.859999895095825,2.9600000381469727,2.859999895095825,2.9000000953674316,34000,0.0,0.0
2023-09-29 00:00:00-04:00,2.940000057220459,3.0139999389648438,2.890000104904175,2.9700000286102295,49400,0.0,0.0
2023-10-02 00:00:00-04:00,2.9700000286102295,2.9700000286102295,2.869999885559082,2.9200000762939453,63300,0.0,0.0
2023-10-03 00:00:00-04:00,2.9000000953674316,2.9100000858306885,2.811000108718872,2.8299999237060547,26700,0.0,0.0
2023-10-04 00:00:00-04:00,2.8499999046325684,2.8499999046325684,2.743000030517578,2.7899999618530273,21600,0.0,0.0
2023-10-05 00:00:00-04:00,2.7200000286102295,2.7799999713897705,2.7009999752044678,2.759999990463257,30300,0.0,0.0
2023-10-06 00:00:00-04:00,2.75,2.819999933242798,2.5999999046325684,2.799999952316284,102000,0.0,0.0
2023-10-09 00:00:00-04:00,2.7699999809265137,2.8399999141693115,2.740000009536743,2.7799999713897705,68600,0.0,0.0
2023-10-10 00:00:00-04:00,2.7899999618530273,2.8499999046325684,2.7209999561309814,2.7300000190734863,45200,0.0,0.0
2023-10-11 00:00:00-04:00,2.75,2.809999942779541,2.7019999027252197,2.759999990463257,82700,0.0,0.0
2023-10-12 00:00:00-04:00,2.7300000190734863,2.75,2.5799999237060547,2.630000114440918,126200,0.0,0.0
2023-10-13 00:00:00-04:00,2.6500000953674316,2.7200000286102295,2.619999885559082,2.630000114440918,78900,0.0,0.0
2023-10-16 00:00:00-04:00,2.6600000858306885,2.6700000762939453,2.4600000381469727,2.549999952316284,333300,0.0,0.0
2023-10-17 00:00:00-04:00,2.5399999618530273,2.6500000953674316,2.5,2.559999942779541,176100,0.0,0.0
2023-10-18 00:00:00-04:00,2.509999990463257,2.634999990463257,2.509999990463257,2.5399999618530273,92000,0.0,0.0
2023-10-19 00:00:00-04:00,2.5799999237060547,2.609999895095825,2.5399999618530273,2.549999952316284,158600,0.0,0.0
2023-10-20 00:00:00-04:00,2.7300000190734863,2.819999933242798,2.490000009536743,2.490000009536743,192400,0.0,0.0
2023-10-23 00:00:00-04:00,2.4800000190734863,2.5199999809265137,2.359999895095825,2.369999885559082,101700,0.0,0.0
2023-10-24 00:00:00-04:00,2.359999895095825,2.5299999713897705,2.3399999141693115,2.380000114440918,138800,0.0,0.0
2023-10-25 00:00:00-04:00,2.359999895095825,2.4000000953674316,2.2699999809265137,2.319999933242798,88000,0.0,0.0
2023-10-26 00:00:00-04:00,2.240000009536743,2.2980000972747803,2.200000047683716,2.2100000381469727,169500,0.0,0.0
2023-10-27 00:00:00-04:00,2.2200000286102295,2.2200000286102295,2.1500000953674316,2.1500000953674316,135500,0.0,0.0
2023-10-30 00:00:00-04:00,2.1600000858306885,2.2100000381469727,2.130000114440918,2.190000057220459,163400,0.0,0.0
2023-10-31 00:00:00-04:00,2.190000057220459,2.440000057220459,2.180000066757202,2.430000066757202,176900,0.0,0.0
2023-11-01 00:00:00-04:00,2.4000000953674316,2.4700000286102295,2.359999895095825,2.430000066757202,113700,0.0,0.0
2023-11-02 00:00:00-04:00,2.4800000190734863,2.5799999237060547,2.4800000190734863,2.569999933242798,52000,0.0,0.0
2023-11-03 00:00:00-04:00,2.5899999141693115,2.680000066757202,2.5439999103546143,2.630000114440918,362900,0.0,0.0
2023-11-06 00:00:00-05:00,2.5999999046325684,2.6500000953674316,2.559999942779541,2.569999933242798,34300,0.0,0.0
2023-11-07 00:00:00-05:00,2.549999952316284,2.5980000495910645,2.5299999713897705,2.549999952316284,60500,0.0,0.0
2023-11-08 00:00:00-05:00,2.559999942779541,2.569999933242798,2.5,2.5299999713897705,46700,0.0,0.0
2023-11-09 00:00:00-05:00,2.5450000762939453,2.569999933242798,2.424999952316284,2.4800000190734863,89400,0.0,0.0
2023-11-10 00:00:00-05:00,2.4800000190734863,2.5199999809265137,2.4600000381469727,2.490000009536743,86200,0.0,0.0
2023-11-13 00:00:00-05:00,2.4800000190734863,2.4800000190734863,2.3970000743865967,2.430000066757202,139800,0.0,0.0
2023-11-14 00:00:00-05:00,2.490000009536743,2.5999999046325684,2.48799991607666,2.569999933242798,126700,0.0,0.0
2023-11-15 00:00:00-05:00,2.5999999046325684,2.5999999046325684,2.5399999618530273,2.569999933242798,27500,0.0,0.0
2023-11-16 00:00:00-05:00,2.5999999046325684,2.5999999046325684,2.559999942779541,2.569999933242798,56900,0.0,0.0
2023-11-17 00:00:00-05:00,2.5799999237060547,2.5899999141693115,2.490000009536743,2.509999990463257,36100,0.0,0.0
2023-11-20 00:00:00-05:00,2.4800000190734863,2.4820001125335693,2.427999973297119,2.4600000381469727,85800,0.0,0.0
2023-11-21 00:00:00-05:00,2.430000066757202,2.4800000190734863,2.380000114440918,2.4200000762939453,87400,0.0,0.0
2023-11-22 00:00:00-05:00,2.430000066757202,2.5799999237060547,2.430000066757202,2.5799999237060547,58800,0.0,0.0
2023-11-24 00:00:00-05:00,2.559999942779541,2.6600000858306885,2.549999952316284,2.6600000858306885,45100,0.0,0.0
2023-11-27 00:00:00-05:00,2.640000104904175,2.680000066757202,2.490000009536743,2.5199999809265137,167500,0.0,0.0
2023-11-28 00:00:00-05:00,2.5,2.700000047683716,2.5,2.6500000953674316,47800,0.0,0.0
2023-11-29 00:00:00-05:00,2.7100000381469727,2.7100000381469727,2.5799999237060547,2.640000104904175,125400,0.0,0.0
2023-11-30 00:00:00-05:00,2.690000057220459,2.690000057220459,2.4700000286102295,2.549999952316284,90300,0.0,0.0
2023-12-01 00:00:00-05:00,2.5199999809265137,2.5929999351501465,2.5199999809265137,2.5399999618530273,87200,0.0,0.0
2023-12-04 00:00:00-05:00,2.559999942779541,2.609999895095825,2.4700000286102295,2.5299999713897705,183600,0.0,0.0
2023-12-05 00:00:00-05:00,2.5299999713897705,2.549999952316284,2.380000114440918,2.450000047683716,92700,0.0,0.0
2023-12-06 00:00:00-05:00,2.4600000381469727,2.6700000762939453,2.4100000858306885,2.640000104904175,709700,0.0,0.0
2023-12-07 00:00:00-05:00,2.640000104904175,2.640000104904175,2.5199999809265137,2.559999942779541,70800,0.0,0.0
2023-12-08 00:00:00-05:00,2.559999942779541,2.5799999237060547,2.4800000190734863,2.5,128600,0.0,0.0
2023-12-11 00:00:00-05:00,2.490000009536743,2.569999933242798,2.450000047683716,2.5199999809265137,251700,0.0,0.0
2023-12-12 00:00:00-05:00,2.490000009536743,2.8299999237060547,2.490000009536743,2.7699999809265137,320800,0.0,0.0
2023-12-13 00:00:00-05:00,2.799999952316284,2.8570001125335693,2.75,2.8399999141693115,180200,0.0,0.0
2023-12-14 00:00:00-05:00,2.9000000953674316,3.009999990463257,2.8239998817443848,2.880000114440918,232200,0.0,0.0
2023-12-15 00:00:00-05:00,2.8299999237060547,2.880000114440918,2.569999933242798,2.700000047683716,149100,0.0,0.0
2023-12-18 00:00:00-05:00,2.7300000190734863,2.740000009536743,2.6500000953674316,2.7200000286102295,79300,0.0,0.0
2023-12-19 00:00:00-05:00,2.700000047683716,2.859999895095825,2.6649999618530273,2.740000009536743,107800,0.0,0.0
2023-12-20 00:00:00-05:00,2.700000047683716,2.799999952316284,2.700000047683716,2.7799999713897705,182000,0.0,0.0
2023-12-21 00:00:00-05:00,2.819999933242798,2.819999933242798,2.740000009536743,2.7799999713897705,80900,0.0,0.0
2023-12-22 00:00:00-05:00,2.799999952316284,2.940000057220459,2.700000047683716,2.9100000858306885,1635100,0.0,0.0
2023-12-26 00:00:00-05:00,2.940000057220459,3.2200000286102295,2.930000066757202,3.0899999141693115,255500,0.0,0.0
2023-12-27 00:00:00-05:00,3.130000114440918,3.2300000190734863,3.0889999866485596,3.2200000286102295,107400,0.0,0.0
2023-12-28 00:00:00-05:00,3.25,3.259999990463257,3.1500000953674316,3.190000057220459,99400,0.0,0.0
2023-12-29 00:00:00-05:00,3.200000047683716,3.200000047683716,3.0199999809265137,3.069999933242798,144700,0.0,0.0
2024-01-02 00:00:00-05:00,3.0399999618530273,3.200000047683716,3.0399999618530273,3.130000114440918,103500,0.0,0.0
2024-01-03 00:00:00-05:00,3.069999933242798,3.0789999961853027,2.990000009536743,3.0399999618530273,85400,0.0,0.0
2024-01-04 00:00:00-05:00,3.049999952316284,3.0899999141693115,3.0299999713897705,3.059999942779541,38700,0.0,0.0
2024-01-05 00:00:00-05:00,3.049999952316284,3.059999942779541,3.005000114440918,3.0299999713897705,30800,0.0,0.0
2024-01-08 00:00:00-05:00,3.009999990463257,3.059999942779541,2.9600000381469727,2.990000009536743,40100,0.0,0.0
2024-01-09 00:00:00-05:00,2.6500000953674316,2.859999895095825,2.5999999046325684,2.859999895095825,823300,0.0,0.0
2024-01-10 00:00:00-05:00,2.8399999141693115,2.859999895095825,2.799999952316284,2.8299999237060547,31700,0.0,0.0
2024-01-11 00:00:00-05:00,2.819999933242798,2.819999933242798,2.7699999809265137,2.799999952316284,53300,0.0,0.0
2024-01-12 00:00:00-05:00,2.799999952316284,2.8499999046325684,2.7669999599456787,2.799999952316284,59600,0.0,0.0
2024-01-16 00:00:00-05:00,2.740000009536743,2.799999952316284,2.7269999980926514,2.7799999713897705,109900,0.0,0.0
2024-01-17 00:00:00-05:00,2.759999990463257,2.950000047683716,2.740000009536743,2.930000066757202,290700,0.0,0.0
2024-01-18 00:00:00-05:00,2.9000000953674316,3.059999942779541,2.9000000953674316,2.9700000286102295,127800,0.0,0.0
2024-01-19 00:00:00-05:00,3.299999952316284,3.4000000953674316,3.0299999713897705,3.069999933242798,321000,0.0,0.0
2024-01-22 00:00:00-05:00,3.069999933242798,3.2750000953674316,3.059999942779541,3.200000047683716,119300,0.0,0.0
2024-01-23 00:00:00-05:00,3.2100000381469727,3.259999990463257,3.171999931335449,3.240000009536743,79200,0.0,0.0
2024-01-24 00:00:00-05:00,3.299999952316284,3.4200000762939453,3.2699999809265137,3.390000104904175,226900,0.0,0.0
2024-01-25 00:00:00-05:00,3.4200000762939453,3.4200000762939453,3.319999933242798,3.4100000858306885,53500,0.0,0.0
2024-01-26 00:00:00-05:00,3.4100000858306885,3.4200000762939453,3.3259999752044678,3.3499999046325684,35800,0.0,0.0
2024-01-29 00:00:00-05:00,3.3399999141693115,3.559999942779541,3.325000047683716,3.490000009536743,117500,0.0,0.0
2024-01-30 00:00:00-05:00,3.5,3.569999933242798,3.4000000953674316,3.4200000762939453,146100,0.0,0.0
2024-01-31 00:00:00-05:00,3.440000057220459,3.5399999618530273,3.390000104904175,3.490000009536743,131400,0.0,0.0
2024-02-01 00:00:00-05:00,3.5399999618530273,3.5799999237060547,3.4800000190734863,3.509999990463257,209000,0.0,0.0
2024-02-02 00:00:00-05:00,3.4749999046325684,3.5999999046325684,3.4200000762939453,3.569999933242798,76700,0.0,0.0
2024-02-05 00:00:00-05:00,3.5299999713897705,3.549999952316284,3.1500000953674316,3.2799999713897705,153400,0.0,0.0
2024-02-06 00:00:00-05:00,3.2799999713897705,3.4000000953674316,3.2039999961853027,3.4000000953674316,126100,0.0,0.0
2024-02-07 00:00:00-05:00,3.4000000953674316,3.5,3.359999895095825,3.4200000762939453,178000,0.0,0.0
2024-02-08 00:00:00-05:00,3.390000104904175,3.5,3.3399999141693115,3.4700000286102295,72700,0.0,0.0
2024-02-09 00:00:00-05:00,3.5,3.5,3.2200000286102295,3.25,78300,0.0,0.0
2024-02-12 00:00:00-05:00,3.2899999618530273,3.3499999046325684,3.1600000858306885,3.1600000858306885,78200,0.0,0.0
2024-02-13 00:00:00-05:00,3.119999885559082,3.240000009536743,3.1080000400543213,3.180000066757202,60200,0.0,0.0
2024-02-14 00:00:00-05:00,3.1700000762939453,3.2200000286102295,3.140000104904175,3.180000066757202,56500,0.0,0.0
2024-02-15 00:00:00-05:00,3.2300000190734863,3.2799999713897705,3.1700000762939453,3.2699999809265137,23700,0.0,0.0
2024-02-16 00:00:00-05:00,3.2699999809265137,3.299999952316284,3.180000066757202,3.180000066757202,71400,0.0,0.0
2024-02-20 00:00:00-05:00,3.180000066757202,3.2200000286102295,3.0999999046325684,3.0999999046325684,23900,0.0,0.0
2024-02-21 00:00:00-05:00,3.0999999046325684,3.2100000381469727,3.0999999046325684,3.1600000858306885,27700,0.0,0.0
2024-02-22 00:00:00-05:00,3.1600000858306885,3.2100000381469727,3.0799999237060547,3.130000114440918,34900,0.0,0.0
2024-02-23 00:00:00-05:00,3.140000104904175,3.190000057220459,3.059999942779541,3.0899999141693115,55500,0.0,0.0
2024-02-26 00:00:00-05:00,3.0799999237060547,3.0999999046325684,3.0199999809265137,3.059999942779541,43900,0.0,0.0
2024-02-27 00:00:00-05:00,3.059999942779541,3.1050000190734863,3.0399999618530273,3.049999952316284,45300,0.0,0.0
2024-02-28 00:00:00-05:00,3.0399999618530273,3.0899999141693115,3.0199999809265137,3.049999952316284,57400,0.0,0.0
2024-02-29 00:00:00-05:00,3.119999885559082,3.2899999618530273,3.0999999046325684,3.2699999809265137,64300,0.0,0.0
2024-03-01 00:00:00-05:00,3.240000009536743,3.2820000648498535,3.1549999713897705,3.180000066757202,24200,0.0,0.0
2024-03-04 00:00:00-05:00,3.1500000953674316,3.2799999713897705,3.130000114440918,3.1500000953674316,97400,0.0,0.0
2024-03-05 00:00:00-05:00,3.1500000953674316,3.197999954223633,3.049999952316284,3.0899999141693115,77800,0.0,0.0
2024-03-06 00:00:00-05:00,3.0899999141693115,3.190000057220459,3.059999942779541,3.0999999046325684,47600,0.0,0.0
2024-03-07 00:00:00-05:00,3.1600000858306885,3.1619999408721924,3.0799999237060547,3.109999895095825,39600,0.0,0.0
2024-03-08 00:00:00-05:00,3.140000104904175,3.1600000858306885,3.0,3.0199999809265137,103100,0.0,0.0
2024-03-11 00:00:00-04:00,3.0299999713897705,3.068000078201294,3.0199999809265137,3.0199999809265137,57000,0.0,0.0
2024-03-12 00:00:00-04:00,3.0399999618530273,3.190000057220459,3.0399999618530273,3.180000066757202,31100,0.0,0.0
2024-03-13 00:00:00-04:00,3.1700000762939453,3.2100000381469727,3.1050000190734863,3.1700000762939453,30900,0.0,0.0
2024-03-14 00:00:00-04:00,3.180000066757202,3.180000066757202,3.0799999237060547,3.140000104904175,26700,0.0,0.0
2024-03-15 00:00:00-04:00,3.119999885559082,3.1600000858306885,3.119999885559082,3.1500000953674316,27600,0.0,0.0
2024-03-18 00:00:00-04:00,3.130000114440918,3.1689999103546143,3.069999933242798,3.109999895095825,86500,0.0,0.0
2024-03-19 00:00:00-04:00,3.140000104904175,3.1659998893737793,3.0799999237060547,3.109999895095825,56900,0.0,0.0
2024-03-20 00:00:00-04:00,3.119999885559082,3.1500000953674316,3.109999895095825,3.140000104904175,35100,0.0,0.0
2024-03-21 00:00:00-04:00,3.1519999504089355,3.180000066757202,3.109999895095825,3.1600000858306885,124700,0.0,0.0
2024-03-22 00:00:00-04:00,3.200000047683716,3.200000047683716,3.0999999046325684,3.140000104904175,43400,0.0,0.0
2024-03-25 00:00:00-04:00,3.200000047683716,3.259999990463257,3.1449999809265137,3.2200000286102295,47100,0.0,0.0
2024-03-26 00:00:00-04:00,3.2300000190734863,3.2300000190734863,3.0999999046325684,3.200000047683716,56400,0.0,0.0
2024-03-27 00:00:00-04:00,3.2170000076293945,3.2200000286102295,3.049999952316284,3.0899999141693115,199700,0.0,0.0
2024-03-28 00:00:00-04:00,3.0899999141693115,3.2200000286102295,3.0899999141693115,3.130000114440918,98800,0.0,0.0
2024-04-01 00:00:00-04:00,3.140000104904175,3.1700000762939453,3.109999895095825,3.1600000858306885,24400,0.0,0.0
2024-04-02 00:00:00-04:00,3.140000104904175,3.1700000762939453,3.0999999046325684,3.0999999046325684,45300,0.0,0.0
2024-04-03 00:00:00-04:00,3.0899999141693115,3.140000104904175,3.0799999237060547,3.0799999237060547,42300,0.0,0.0
2024-04-04 00:00:00-04:00,3.109999895095825,3.1700000762939453,3.0899999141693115,3.140000104904175,14600,0.0,0.0
2024-04-05 00:00:00-04:00,3.119999885559082,3.1500000953674316,3.0999999046325684,3.140000104904175,28200,0.0,0.0
2024-04-08 00:00:00-04:00,3.1480000019073486,3.2200000286102295,3.119999885559082,3.140000104904175,40100,0.0,0.0
2024-04-09 00:00:00-04:00,3.1700000762939453,3.1700000762939453,3.0799999237060547,3.0899999141693115,44300,0.0,0.0
2024-04-10 00:00:00-04:00,3.049999952316284,3.180000066757202,3.049999952316284,3.0899999141693115,117300,0.0,0.0
2024-04-11 00:00:00-04:00,3.119999885559082,3.140000104904175,3.0799999237060547,3.119999885559082,24900,0.0,0.0
2024-04-12 00:00:00-04:00,3.1070001125335693,3.2100000381469727,3.0899999141693115,3.1700000762939453,39200,0.0,0.0
2024-04-15 00:00:00-04:00,3.200000047683716,3.200000047683716,3.069999933242798,3.0999999046325684,37300,0.0,0.0
2024-04-16 00:00:00-04:00,3.0799999237060547,3.0799999237060547,3.0199999809265137,3.059999942779541,102300,0.0,0.0
2024-04-17 00:00:00-04:00,3.0799999237060547,3.115000009536743,3.049999952316284,3.0899999141693115,21400,0.0,0.0
2024-04-18 00:00:00-04:00,3.109999895095825,3.130000114440918,3.061000108718872,3.0999999046325684,50900,0.0,0.0
2024-04-19 00:00:00-04:00,3.049999952316284,3.1600000858306885,3.0399999618530273,3.0899999141693115,117800,0.0,0.0
2024-04-22 00:00:00-04:00,3.130000114440918,3.130000114440918,2.9800000190734863,3.0,250400,0.0,0.0
2024-04-23 00:00:00-04:00,3.0,3.069999933242798,2.9749999046325684,3.0,247500,0.0,0.0
2024-04-24 00:00:00-04:00,2.9800000190734863,3.0199999809265137,2.9200000762939453,2.950000047683716,90400,0.0,0.0
2024-04-25 00:00:00-04:00,2.930000066757202,2.940000057220459,2.880000114440918,2.9200000762939453,68700,0.0,0.0
2024-04-26 00:00:00-04:00,2.950000047683716,2.950000047683716,2.890000104904175,2.890000104904175,135200,0.0,0.0
2024-04-29 00:00:00-04:00,2.9100000858306885,2.930000066757202,2.890000104904175,2.930000066757202,60700,0.0,0.0
2024-04-30 00:00:00-04:00,2.9200000762939453,2.940000057220459,2.8299999237060547,2.8399999141693115,75500,0.0,0.0
2024-05-01 00:00:00-04:00,2.869999885559082,3.01200008392334,2.869999885559082,2.9100000858306885,158800,0.0,0.0
2024-05-02 00:00:00-04:00,2.940000057220459,3.0399999618530273,2.9159998893737793,3.0399999618530273,77700,0.0,0.0
2024-05-03 00:00:00-04:00,3.0399999618530273,3.069999933242798,2.9700000286102295,2.990000009536743,39300,0.0,0.0
2024-05-06 00:00:00-04:00,2.9800000190734863,3.1500000953674316,2.9800000190734863,3.1500000953674316,239000,0.0,0.0
2024-05-07 00:00:00-04:00,3.130000114440918,3.1500000953674316,3.1050000190734863,3.109999895095825,50900,0.0,0.0
2024-05-08 00:00:00-04:00,3.0799999237060547,3.140000104904175,3.0799999237060547,3.109999895095825,27800,0.0,0.0
2024-05-09 00:00:00-04:00,3.0999999046325684,3.119999885559082,3.002000093460083,3.059999942779541,74700,0.0,0.0
2024-05-10 00:00:00-04:00,3.0799999237060547,3.1600000858306885,3.049999952316284,3.0799999237060547,21800,0.0,0.0
2024-05-13 00:00:00-04:00,3.0899999141693115,3.130000114440918,3.0899999141693115,3.0899999141693115,23500,0.0,0.0
2024-05-14 00:00:00-04:00,3.130000114440918,3.25,3.119999885559082,3.2300000190734863,106900,0.0,0.0
2024-05-15 00:00:00-04:00,3.25,3.25,3.190000057220459,3.240000009536743,40600,0.0,0.0
2024-05-16 00:00:00-04:00,3.240000009536743,3.240000009536743,3.1500000953674316,3.1700000762939453,53700,0.0,0.0
2024-05-17 00:00:00-04:00,3.200000047683716,3.25,3.1600000858306885,3.180000066757202,49600,0.0,0.0
2024-05-20 00:00:00-04:00,3.1700000762939453,3.180000066757202,3.109999895095825,3.109999895095825,22200,0.0,0.0
2024-05-21 00:00:00-04:00,3.0799999237060547,3.2100000381469727,3.0799999237060547,3.180000066757202,100000,0.0,0.0
2024-05-22 00:00:00-04:00,3.200000047683716,3.309999942779541,3.1689999103546143,3.2300000190734863,53800,0.0,0.0
2024-05-23 00:00:00-04:00,3.259999990463257,3.259999990463257,3.0999999046325684,3.0999999046325684,52200,0.0,0.0
2024-05-24 00:00:00-04:00,3.1600000858306885,3.2300000190734863,3.130000114440918,3.1700000762939453,39900,0.0,0.0
2024-05-28 00:00:00-04:00,3.2100000381469727,3.2300000190734863,3.1500000953674316,3.2100000381469727,37100,0.0,0.0
2024-05-29 00:00:00-04:00,3.180000066757202,3.25,3.1700000762939453,3.240000009536743,81300,0.0,0.0
2024-05-30 00:00:00-04:00,3.240000009536743,3.3529999256134033,3.109999895095825,3.309999942779541,143700,0.0,0.0
2024-05-31 00:00:00-04:00,3.299999952316284,3.359999895095825,3.200000047683716,3.259999990463257,40700,0.0,0.0
2024-06-03 00:00:00-04:00,3.2699999809265137,3.319999933242798,3.2309999465942383,3.2899999618530273,31700,0.0,0.0
2024-06-04 00:00:00-04:00,3.2799999713897705,3.319999933242798,3.0,3.109999895095825,112100,0.0,0.0
2024-06-05 00:00:00-04:00,3.119999885559082,3.2780001163482666,3.109999895095825,3.130000114440918,53100,0.0,0.0
2024-06-06 00:00:00-04:00,3.119999885559082,3.190000057220459,3.0390000343322754,3.069999933242798,93600,0.0,0.0
2024-06-07 00:00:00-04:00,3.0899999141693115,3.130000114440918,3.059999942779541,3.069999933242798,45900,0.0,0.0
2024-06-10 00:00:00-04:00,3.059999942779541,3.1700000762939453,3.059999942779541,3.109999895095825,16100,0.0,0.0
2024-06-11 00:00:00-04:00,3.0899999141693115,3.1600000858306885,3.059999942779541,3.059999942779541,36900,0.0,0.0
2024-06-12 00:00:00-04:00,3.119999885559082,3.190000057220459,3.0999999046325684,3.109999895095825,35400,0.0,0.0
2024-06-13 00:00:00-04:00,3.0999999046325684,3.1600000858306885,3.0899999141693115,3.0899999141693115,20100,0.0,0.0
2024-06-14 00:00:00-04:00,3.0299999713897705,3.0799999237060547,3.009999990463257,3.0399999618530273,74000,0.0,0.0
2024-06-17 00:00:00-04:00,3.0299999713897705,3.0899999141693115,2.990000009536743,3.049999952316284,38700,0.0,0.0
2024-06-18 00:00:00-04:00,3.049999952316284,3.069999933242798,3.0199999809265137,3.0399999618530273,55800,0.0,0.0
2024-06-20 00:00:00-04:00,3.0399999618530273,3.049999952316284,3.0199999809265137,3.0399999618530273,60600,0.0,0.0
2024-06-21 00:00:00-04:00,3.0299999713897705,3.0399999618530273,3.009999990463257,3.0299999713897705,20300,0.0,0.0
2024-06-24 00:00:00-04:00,3.0399999618530273,3.0399999618530273,3.009999990463257,3.0199999809265137,34900,0.0,0.0
2024-06-25 00:00:00-04:00,3.0199999809265137,3.0299999713897705,2.990000009536743,3.0,36300,0.0,0.0
2024-06-26 00:00:00-04:00,3.0,3.0199999809265137,2.950000047683716,2.9700000286102295,56800,0.0,0.0
2024-06-27 00:00:00-04:00,2.9600000381469727,3.0299999713897705,2.930000066757202,2.9700000286102295,37000,0.0,0.0
2024-06-28 00:00:00-04:00,2.9800000190734863,2.990000009536743,2.9200000762939453,2.930000066757202,80600,0.0,0.0
2024-07-01 00:00:00-04:00,2.940000057220459,2.950000047683716,2.9200000762939453,2.930000066757202,28900,0.0,0.0
2024-07-02 00:00:00-04:00,2.930000066757202,2.9800000190734863,2.930000066757202,2.9800000190734863,23800,0.0,0.0
2024-07-03 00:00:00-04:00,2.9700000286102295,3.0,2.950000047683716,2.9600000381469727,17100,0.0,0.0
2024-07-05 00:00:00-04:00,2.950000047683716,2.9800000190734863,2.950000047683716,2.9700000286102295,40900,0.0,0.0
2024-07-08 00:00:00-04:00,2.9800000190734863,3.00600004196167,2.9700000286102295,2.9700000286102295,12700,0.0,0.0
2024-07-09 00:00:00-04:00,2.9600000381469727,2.9800000190734863,2.9600000381469727,2.9700000286102295,55000,0.0,0.0
2024-07-10 00:00:00-04:00,2.9700000286102295,2.9749999046325684,2.890000104904175,2.950000047683716,76000,0.0,0.0
2024-07-11 00:00:00-04:00,2.9800000190734863,2.994999885559082,2.9100000858306885,2.9800000190734863,75500,0.0,0.0
2024-07-12 00:00:00-04:00,3.009999990463257,3.0250000953674316,2.9100000858306885,2.990000009536743,122500,0.0,0.0
2024-07-15 00:00:00-04:00,3.0199999809265137,3.0199999809265137,2.880000114440918,2.990000009536743,87800,0.0,0.0
2024-07-16 00:00:00-04:00,2.9700000286102295,3.005000114440918,2.940000057220459,2.9700000286102295,77900,0.0,0.0
2024-07-17 00:00:00-04:00,2.990000009536743,3.0199999809265137,2.930000066757202,3.0,72000,0.0,0.0
2024-07-18 00:00:00-04:00,3.0,3.0399999618530273,3.0,3.009999990463257,197900,0.0,0.0
2024-07-19 00:00:00-04:00,3.0399999618530273,3.1600000858306885,3.0399999618530273,3.119999885559082,230400,0.0,0.0
2024-07-22 00:00:00-04:00,3.119999885559082,3.1579999923706055,3.0999999046325684,3.109999895095825,237200,0.0,0.0
2024-07-23 00:00:00-04:00,3.109999895095825,3.2699999809265137,3.109999895095825,3.25,117800,0.0,0.0
2024-07-24 00:00:00-04:00,3.259999990463257,3.259999990463257,3.200000047683716,3.200000047683716,145300,0.0,0.0
2024-07-25 00:00:00-04:00,3.200000047683716,3.240000009536743,3.184999942779541,3.2100000381469727,92300,0.0,0.0
2024-07-26 00:00:00-04:00,3.240000009536743,3.369999885559082,3.2300000190734863,3.3499999046325684,128500,0.0,0.0
2024-07-29 00:00:00-04:00,3.380000114440918,3.390000104904175,3.3399999141693115,3.3499999046325684,118800,0.0,0.0
2024-07-30 00:00:00-04:00,3.3499999046325684,3.390000104904175,3.3299999237060547,3.3299999237060547,77300,0.0,0.0
2024-07-31 00:00:00-04:00,3.380000114440918,3.380000114440918,3.3399999141693115,3.3499999046325684,88200,0.0,0.0
2024-08-01 00:00:00-04:00,3.3499999046325684,3.368000030517578,3.259999990463257,3.259999990463257,151200,0.0,0.0
2024-08-02 00:00:00-04:00,3.190000057220459,3.2100000381469727,3.1500000953674316,3.1500000953674316,82900,0.0,0.0
2024-08-05 00:00:00-04:00,3.109999895095825,3.1500000953674316,2.890000104904175,3.0199999809265137,398800,0.0,0.0
2024-08-06 00:00:00-04:00,3.0299999713897705,3.049999952316284,2.9549999237060547,3.0199999809265137,48700,0.0,0.0
2024-08-07 00:00:00-04:00,3.049999952316284,3.0899999141693115,2.9600000381469727,2.9600000381469727,53900,0.0,0.0
2024-08-08 00:00:00-04:00,2.9700000286102295,3.0199999809265137,2.9600000381469727,2.9800000190734863,40000,0.0,0.0
2024-08-09 00:00:00-04:00,3.0,3.0299999713897705,2.9800000190734863,2.9800000190734863,33200,0.0,0.0
2024-08-12 00:00:00-04:00,2.9800000190734863,3.049999952316284,2.9700000286102295,2.9800000190734863,72800,0.0,0.0
2024-08-13 00:00:00-04:00,2.990000009536743,3.0269999504089355,2.9700000286102295,2.9700000286102295,18100,0.0,0.0
2024-08-14 00:00:00-04:00,3.0,3.009999990463257,2.9800000190734863,3.0,35600,0.0,0.0
2024-08-15 00:00:00-04:00,3.0199999809265137,3.0250000953674316,2.990000009536743,2.990000009536743,53200,0.0,0.0
2024-08-16 00:00:00-04:00,2.9800000190734863,3.0399999618530273,2.9800000190734863,3.0299999713897705,45500,0.0,0.0
2024-08-19 00:00:00-04:00,3.009999990463257,3.0399999618530273,2.990000009536743,3.0,75700,0.0,0.0
2024-08-20 00:00:00-04:00,2.990000009536743,3.049999952316284,2.990000009536743,3.0,93100,0.0,0.0
2024-08-21 00:00:00-04:00,3.0,3.0399999618530273,2.9800000190734863,3.0199999809265137,95900,0.0,0.0
2024-08-22 00:00:00-04:00,3.0399999618530273,3.1500000953674316,3.0299999713897705,3.0999999046325684,59700,0.0,0.0
2024-08-23 00:00:00-04:00,3.0899999141693115,3.174999952316284,3.068000078201294,3.1600000858306885,94000,0.0,0.0
2024-08-26 00:00:00-04:00,3.180000066757202,3.180000066757202,3.130000114440918,3.1500000953674316,51800,0.0,0.0
2024-08-27 00:00:00-04:00,3.1500000953674316,3.1700000762939453,3.0850000381469727,3.140000104904175,46000,0.0,0.0
2024-08-28 00:00:00-04:00,3.119999885559082,3.1600000858306885,3.109999895095825,3.1500000953674316,26200,0.0,0.0
2024-08-29 00:00:00-04:00,3.140000104904175,3.190000057220459,3.0999999046325684,3.190000057220459,159800,0.0,0.0
2024-08-30 00:00:00-04:00,3.200000047683716,3.3499999046325684,3.190000057220459,3.2899999618530273,98600,0.0,0.0
2024-09-03 00:00:00-04:00,3.2799999713897705,3.299999952316284,3.180000066757202,3.2100000381469727,29500,0.0,0.0
2024-09-04 00:00:00-04:00,3.190000057220459,3.3299999237060547,3.190000057220459,3.2899999618530273,69000,0.0,0.0
2024-09-05 00:00:00-04:00,3.309999942779541,3.3299999237060547,3.259999990463257,3.2799999713897705,50000,0.0,0.0
2024-09-06 00:00:00-04:00,3.2799999713897705,3.3299999237060547,3.25600004196167,3.2899999618530273,41000,0.0,0.0
