Date,Open,High,Low,Close,Volume,Dividends,Stock Splits
2008-09-18 00:00:00-04:00,0.9863119721412659,0.9863119721412659,0.9863119721412659,0.9863119721412659,0,0.0,0.0
2008-09-19 00:00:00-04:00,1.0265699625015259,1.0668280124664307,1.0265699625015259,1.0265699625015259,12221,0.0,0.0
2008-09-22 00:00:00-04:00,0.9661840200424194,0.9661840200424194,0.905797004699707,0.9661840200424194,845,0.0,0.0
2008-09-23 00:00:00-04:00,1.0869569778442383,1.0869569778442383,0.9661840200424194,1.0869569778442383,22356,0.0,0.0
2008-09-24 00:00:00-04:00,1.0668280124664307,1.0869569778442383,0.905797004699707,1.0668280124664307,8297,0.0,0.0
2008-09-25 00:00:00-04:00,0.9661840200424194,0.9661840200424194,0.9661840200424194,0.9661840200424194,745,0.0,0.0
2008-09-26 00:00:00-04:00,1.0668280124664307,1.0869569778442383,0.9863119721412659,1.0668280124664307,2683,0.0,0.0
2008-09-29 00:00:00-04:00,0.9661840200424194,0.9661840200424194,0.905797004699707,0.9661840200424194,18829,0.0,0.0
2008-09-30 00:00:00-04:00,0.9863119721412659,0.9863119721412659,0.9661840200424194,0.9863119721412659,6707,0.0,0.0
2008-10-01 00:00:00-04:00,0.9863119721412659,0.9863119721412659,0.9661840200424194,0.9863119721412659,105371,0.0,0.0
2008-10-02 00:00:00-04:00,0.9863119721412659,0.9863119721412659,0.9863119721412659,0.9863119721412659,19872,0.0,0.0
2008-10-03 00:00:00-04:00,0.9863119721412659,1.0265699625015259,0.905797004699707,0.9863119721412659,73974,0.0,0.0
2008-10-06 00:00:00-04:00,0.9259260296821594,0.9863119721412659,0.865539014339447,0.9259260296821594,214816,0.0,0.0
2008-10-07 00:00:00-04:00,0.905797004699707,0.905797004699707,0.8454110026359558,0.905797004699707,29758,0.0,0.0
2008-10-08 00:00:00-04:00,0.8856679797172546,0.905797004699707,0.865539014339447,0.8856679797172546,108899,0.0,0.0
2008-10-09 00:00:00-04:00,0.8856679797172546,0.8856679797172546,0.8856679797172546,0.8856679797172546,0,0.0,0.0
2008-10-10 00:00:00-04:00,0.865539014339447,0.8856679797172546,0.8454110026359558,0.865539014339447,25585,0.0,0.0
2008-10-13 00:00:00-04:00,0.865539014339447,0.865539014339447,0.865539014339447,0.865539014339447,0,0.0,0.0
2008-10-14 00:00:00-04:00,0.8856679797172546,0.946054995059967,0.865539014339447,0.8856679797172546,5465,0.0,0.0
2008-10-15 00:00:00-04:00,0.8051530122756958,0.8051530122756958,0.8051530122756958,0.8051530122756958,1739,0.0,0.0
2008-10-16 00:00:00-04:00,0.6038650274276733,0.6642510294914246,0.6038650274276733,0.6038650274276733,1192,0.0,0.0
2008-10-17 00:00:00-04:00,0.6038650274276733,0.6038650274276733,0.6038650274276733,0.6038650274276733,0,0.0,0.0
2008-10-20 00:00:00-04:00,0.6038650274276733,0.6038650274276733,0.6038650274276733,0.6038650274276733,0,0.0,0.0
2008-10-21 00:00:00-04:00,0.583736002445221,0.583736002445221,0.5636069774627686,0.583736002445221,546,0.0,0.0
2008-10-22 00:00:00-04:00,0.583736002445221,0.583736002445221,0.583736002445221,0.583736002445221,0,0.0,0.0
2008-10-23 00:00:00-04:00,0.4025759994983673,0.4227049946784973,0.4025759994983673,0.4025759994983673,11824,0.0,0.0
2008-10-24 00:00:00-04:00,0.4025759994983673,0.4025759994983673,0.4025759994983673,0.4025759994983673,0,0.0,0.0
2008-10-27 00:00:00-04:00,0.4025759994983673,0.4025759994983673,0.4025759994983673,0.4025759994983673,0,0.0,0.0
2008-10-28 00:00:00-04:00,0.4025759994983673,0.4025759994983673,0.3824479877948761,0.3824479877948761,7949,0.0,0.0
2008-10-29 00:00:00-04:00,0.3824479877948761,0.3824479877948761,0.3824479877948761,0.3824479877948761,0,0.0,0.0
2008-10-30 00:00:00-04:00,0.3824479877948761,0.3824479877948761,0.3824479877948761,0.3824479877948761,0,0.0,0.0
2008-10-31 00:00:00-04:00,0.4629630148410797,0.4629630148410797,0.4629630148410797,0.4629630148410797,497,0.0,0.0
2008-11-03 00:00:00-05:00,0.4428339898586273,0.5032209753990173,0.4428339898586273,0.4428339898586273,646,0.0,0.0
2008-11-04 00:00:00-05:00,0.4830920100212097,0.4830920100212097,0.4629630148410797,0.4629630148410797,745,0.0,0.0
2008-11-05 00:00:00-05:00,0.4830920100212097,0.4830920100212097,0.4830920100212097,0.4830920100212097,745,0.0,0.0
2008-11-06 00:00:00-05:00,0.4629630148410797,0.4629630148410797,0.4629630148410797,0.4629630148410797,248,0.0,0.0
2008-11-07 00:00:00-05:00,0.4629630148410797,0.4629630148410797,0.4025759994983673,0.4629630148410797,5316,0.0,0.0
2008-11-10 00:00:00-05:00,0.3824479877948761,0.3824479877948761,0.3824479877948761,0.3824479877948761,497,0.0,0.0
2008-11-11 00:00:00-05:00,0.3824479877948761,0.3824479877948761,0.3824479877948761,0.3824479877948761,0,0.0,0.0
2008-11-12 00:00:00-05:00,0.3824479877948761,0.3824479877948761,0.3824479877948761,0.3824479877948761,248,0.0,0.0
2008-11-13 00:00:00-05:00,0.4025759994983673,0.4025759994983673,0.22141699492931366,0.28180399537086487,6806,0.0,0.0
2008-11-14 00:00:00-05:00,0.28180399537086487,0.28180399537086487,0.28180399537086487,0.28180399537086487,0,0.0,0.0
2008-11-17 00:00:00-05:00,0.18115900456905365,0.3019320070743561,0.18115900456905365,0.3019320070743561,9439,0.0,0.0
2008-11-18 00:00:00-05:00,0.3019320070743561,0.3019320070743561,0.3019320070743561,0.3019320070743561,38750,0.0,0.0
2008-11-19 00:00:00-05:00,0.18115900456905365,0.18115900456905365,0.18115900456905365,0.18115900456905365,4173,0.0,0.0
2008-11-20 00:00:00-05:00,0.26167500019073486,0.26167500019073486,0.26167500019073486,0.26167500019073486,2484,0.0,0.0
2008-11-21 00:00:00-05:00,0.20128799974918365,0.20128799974918365,0.20128799974918365,0.20128799974918365,199,0.0,0.0
2008-11-24 00:00:00-05:00,0.20128799974918365,0.20128799974918365,0.20128799974918365,0.20128799974918365,0,0.0,0.0
2008-11-25 00:00:00-05:00,0.20128799974918365,0.28180399537086487,0.18115900456905365,0.20128799974918365,2385,0.0,0.0
2008-11-26 00:00:00-05:00,0.20128799974918365,0.20128799974918365,0.20128799974918365,0.20128799974918365,0,0.0,0.0
2008-11-28 00:00:00-05:00,0.20128799974918365,0.20128799974918365,0.20128799974918365,0.20128799974918365,0,0.0,0.0
2008-12-01 00:00:00-05:00,0.22141699492931366,0.22141699492931366,0.22141699492931366,0.22141699492931366,248,0.0,0.0
2008-12-02 00:00:00-05:00,0.22141699492931366,0.22141699492931366,0.22141699492931366,0.22141699492931366,0,0.0,0.0
2008-12-03 00:00:00-05:00,0.22141699492931366,0.22141699492931366,0.16103099286556244,0.16103099286556244,7551,0.0,0.0
2008-12-04 00:00:00-05:00,0.16103099286556244,0.16103099286556244,0.16103099286556244,0.16103099286556244,0,0.0,0.0
2008-12-05 00:00:00-05:00,0.16103099286556244,0.16103099286556244,0.16103099286556244,0.16103099286556244,0,0.0,0.0
2008-12-08 00:00:00-05:00,0.18115900456905365,0.18115900456905365,0.14090199768543243,0.14090199768543243,348,0.0,0.0
2008-12-09 00:00:00-05:00,0.28180399537086487,0.28180399537086487,0.28180399537086487,0.28180399537086487,497,0.0,0.0
2008-12-10 00:00:00-05:00,0.22141699492931366,0.22141699492931366,0.22141699492931366,0.22141699492931366,6458,0.0,0.0
2008-12-11 00:00:00-05:00,0.22141699492931366,0.22141699492931366,0.22141699492931366,0.22141699492931366,0,0.0,0.0
2008-12-12 00:00:00-05:00,0.18115900456905365,0.18115900456905365,0.18115900456905365,0.18115900456905365,199,0.0,0.0
2008-12-15 00:00:00-05:00,0.20128799974918365,0.20128799974918365,0.18115900456905365,0.18115900456905365,348,0.0,0.0
2008-12-16 00:00:00-05:00,0.18115900456905365,0.18115900456905365,0.18115900456905365,0.18115900456905365,0,0.0,0.0
2008-12-17 00:00:00-05:00,0.18115900456905365,0.18115900456905365,0.18115900456905365,0.18115900456905365,0,0.0,0.0
2008-12-18 00:00:00-05:00,0.18115900456905365,0.18115900456905365,0.18115900456905365,0.18115900456905365,0,0.0,0.0
2008-12-19 00:00:00-05:00,0.18115900456905365,0.18115900456905365,0.18115900456905365,0.18115900456905365,0,0.0,0.0
2008-12-22 00:00:00-05:00,0.18115900456905365,0.18115900456905365,0.18115900456905365,0.18115900456905365,0,0.0,0.0
2008-12-23 00:00:00-05:00,0.3623189926147461,0.3623189926147461,0.3623189926147461,0.3623189926147461,248,0.0,0.0
2008-12-24 00:00:00-05:00,0.3220610022544861,0.3220610022544861,0.3220610022544861,0.3220610022544861,4968,0.0,0.0
2008-12-26 00:00:00-05:00,0.3220610022544861,0.3220610022544861,0.3220610022544861,0.3220610022544861,0,0.0,0.0
2008-12-29 00:00:00-05:00,0.3421899974346161,0.4830920100212097,0.3421899974346161,0.4830920100212097,11923,0.0,0.0
2008-12-30 00:00:00-05:00,0.4428339898586273,0.4629630148410797,0.4227049946784973,0.4227049946784973,27672,0.0,0.0
2008-12-31 00:00:00-05:00,0.3824479877948761,0.4428339898586273,0.3824479877948761,0.4428339898586273,23350,0.0,0.0
2009-01-02 00:00:00-05:00,0.4830920100212097,0.5032209753990173,0.4830920100212097,0.5032209753990173,10433,0.0,0.0
2009-01-05 00:00:00-05:00,0.623993992805481,0.7045090198516846,0.583736002445221,0.6642510294914246,1043,0.0,0.0
2009-01-06 00:00:00-05:00,0.6642510294914246,0.6642510294914246,0.6642510294914246,0.6642510294914246,0,0.0,0.0
2009-01-07 00:00:00-05:00,0.7648950219154358,0.7648950219154358,0.7648950219154358,0.7648950219154358,29311,0.0,0.0
2009-01-08 00:00:00-05:00,0.7648950219154358,0.7648950219154358,0.7648950219154358,0.7648950219154358,0,0.0,0.0
2009-01-09 00:00:00-05:00,0.8252819776535034,0.9863119721412659,0.8252819776535034,0.9863119721412659,2583,0.0,0.0
2009-01-12 00:00:00-05:00,0.865539014339447,0.905797004699707,0.7850239872932434,0.905797004699707,15252,0.0,0.0
2009-01-13 00:00:00-05:00,0.8856679797172546,0.8856679797172546,0.8454110026359558,0.8454110026359558,73526,0.0,0.0
2009-01-14 00:00:00-05:00,0.8856679797172546,0.8856679797172546,0.8856679797172546,0.8856679797172546,9439,0.0,0.0
2009-01-15 00:00:00-05:00,0.865539014339447,0.946054995059967,0.865539014339447,0.946054995059967,4173,0.0,0.0
2009-01-16 00:00:00-05:00,0.9863119721412659,0.9863119721412659,0.905797004699707,0.905797004699707,40986,0.0,0.0
2009-01-20 00:00:00-05:00,0.905797004699707,0.905797004699707,0.905797004699707,0.905797004699707,0,0.0,0.0
2009-01-21 00:00:00-05:00,1.127213954925537,1.127213954925537,0.946054995059967,1.0668280124664307,40390,0.0,0.0
2009-01-22 00:00:00-05:00,1.1070849895477295,1.167472004890442,0.9661840200424194,0.9661840200424194,13960,0.0,0.0
2009-01-23 00:00:00-05:00,1.0869569778442383,1.1070849895477295,1.0869569778442383,1.1070849895477295,12420,0.0,0.0
2009-01-26 00:00:00-05:00,1.1876009702682495,1.2681159973144531,1.127213954925537,1.2681159973144531,16842,0.0,0.0
2009-01-27 00:00:00-05:00,1.1876009702682495,1.2681159973144531,1.1876009702682495,1.2681159973144531,9042,0.0,0.0
2009-01-28 00:00:00-05:00,1.2882449626922607,1.2882449626922607,1.2479870319366455,1.2479870319366455,5962,0.0,0.0
2009-01-29 00:00:00-05:00,1.2278579473495483,1.2278579473495483,1.2077289819717407,1.2077289819717407,1987,0.0,0.0
2009-01-30 00:00:00-05:00,1.388888955116272,1.4895329475402832,1.3486310243606567,1.4895329475402832,22803,0.0,0.0
2009-02-02 00:00:00-05:00,1.4694039821624756,1.4694039821624756,1.4694039821624756,1.4694039821624756,6210,0.0,0.0
2009-02-03 00:00:00-05:00,1.529790997505188,1.5700479745864868,1.4694039821624756,1.529790997505188,16444,0.0,0.0
2009-02-04 00:00:00-05:00,1.4694039821624756,1.4694039821624756,1.4090180397033691,1.4694039821624756,12966,0.0,0.0
2009-02-05 00:00:00-05:00,1.4895329475402832,1.4895329475402832,1.4090180397033691,1.4090180397033691,29460,0.0,0.0
2009-02-06 00:00:00-05:00,1.388888955116272,1.4090180397033691,1.2882449626922607,1.4090180397033691,19375,0.0,0.0
2009-02-09 00:00:00-05:00,1.4090180397033691,1.4090180397033691,1.2681159973144531,1.4090180397033691,16494,0.0,0.0
2009-02-10 00:00:00-05:00,1.388888955116272,1.388888955116272,1.2479870319366455,1.2479870319366455,6657,0.0,0.0
2009-02-11 00:00:00-05:00,1.3285020589828491,1.3687599897384644,1.308374047279358,1.308374047279358,9588,0.0,0.0
2009-02-12 00:00:00-05:00,1.3687599897384644,1.388888955116272,1.2479870319366455,1.2479870319366455,24443,0.0,0.0
2009-02-13 00:00:00-05:00,1.308374047279358,1.308374047279358,1.2278579473495483,1.2479870319366455,6458,0.0,0.0
2009-02-17 00:00:00-05:00,1.2077289819717407,1.2681159973144531,1.1473430395126343,1.2077289819717407,32689,0.0,0.0
2009-02-18 00:00:00-05:00,1.2077289819717407,1.2882449626922607,1.2077289819717407,1.2882449626922607,4223,0.0,0.0
2009-02-19 00:00:00-05:00,1.1876009702682495,1.2882449626922607,1.1876009702682495,1.2479870319366455,6409,0.0,0.0
2009-02-20 00:00:00-05:00,1.2882449626922607,1.2882449626922607,1.0869569778442383,1.2479870319366455,15997,0.0,0.0
2009-02-23 00:00:00-05:00,1.167472004890442,1.2278579473495483,1.167472004890442,1.2077289819717407,23350,0.0,0.0
2009-02-24 00:00:00-05:00,1.167472004890442,1.2077289819717407,1.1473430395126343,1.2077289819717407,3974,0.0,0.0
2009-02-25 00:00:00-05:00,1.1473430395126343,1.2479870319366455,1.1473430395126343,1.2278579473495483,994,0.0,0.0
2009-02-26 00:00:00-05:00,1.167472004890442,1.2077289819717407,1.167472004890442,1.2077289819717407,11923,0.0,0.0
2009-02-27 00:00:00-05:00,1.127213954925537,1.2077289819717407,1.0265699625015259,1.0265699625015259,18878,0.0,0.0
2009-03-02 00:00:00-05:00,1.1070849895477295,1.1070849895477295,1.0668280124664307,1.0668280124664307,12420,0.0,0.0
2009-03-03 00:00:00-05:00,1.0265699625015259,1.0869569778442383,0.9863119721412659,0.9863119721412659,56635,0.0,0.0
2009-03-04 00:00:00-05:00,1.0869569778442383,1.0869569778442383,1.046699047088623,1.0869569778442383,8992,0.0,0.0
2009-03-05 00:00:00-05:00,1.1070849895477295,1.1070849895477295,0.9863119721412659,0.9863119721412659,16444,0.0,0.0
2009-03-06 00:00:00-05:00,0.9661840200424194,0.9863119721412659,0.865539014339447,0.9259260296821594,64981,0.0,0.0
2009-03-09 00:00:00-04:00,0.9259260296821594,0.9259260296821594,0.865539014339447,0.865539014339447,36117,0.0,0.0
2009-03-10 00:00:00-04:00,0.865539014339447,0.865539014339447,0.8454110026359558,0.8454110026359558,7949,0.0,0.0
2009-03-11 00:00:00-04:00,0.865539014339447,0.9863119721412659,0.8454110026359558,0.865539014339447,16593,0.0,0.0
2009-03-12 00:00:00-04:00,0.865539014339447,0.865539014339447,0.8454110026359558,0.8454110026359558,15152,0.0,0.0
2009-03-13 00:00:00-04:00,0.865539014339447,1.0064409971237183,0.865539014339447,0.946054995059967,14109,0.0,0.0
2009-03-16 00:00:00-04:00,0.946054995059967,0.9661840200424194,0.946054995059967,0.946054995059967,8197,0.0,0.0
2009-03-17 00:00:00-04:00,0.8856679797172546,0.8856679797172546,0.8856679797172546,0.8856679797172546,14904,0.0,0.0
2009-03-18 00:00:00-04:00,0.8856679797172546,0.8856679797172546,0.8856679797172546,0.8856679797172546,0,0.0,0.0
2009-03-19 00:00:00-04:00,0.946054995059967,0.946054995059967,0.8454110026359558,0.865539014339447,53803,0.0,0.0
2009-03-20 00:00:00-04:00,0.8252819776535034,0.8252819776535034,0.8252819776535034,0.8252819776535034,497,0.0,0.0
2009-03-23 00:00:00-04:00,0.8051530122756958,0.8051530122756958,0.7850239872932434,0.8051530122756958,41234,0.0,0.0
2009-03-24 00:00:00-04:00,0.7850239872932434,0.8051530122756958,0.7850239872932434,0.7850239872932434,20319,0.0,0.0
2009-03-25 00:00:00-04:00,0.7648950219154358,0.7648950219154358,0.7648950219154358,0.7648950219154358,149,0.0,0.0
2009-03-26 00:00:00-04:00,0.7648950219154358,0.7648950219154358,0.7648950219154358,0.7648950219154358,0,0.0,0.0
2009-03-27 00:00:00-04:00,0.7648950219154358,0.7648950219154358,0.7648950219154358,0.7648950219154358,0,0.0,0.0
2009-03-30 00:00:00-04:00,0.905797004699707,0.905797004699707,0.905797004699707,0.905797004699707,4968,0.0,0.0
2009-03-31 00:00:00-04:00,0.8856679797172546,0.905797004699707,0.8856679797172546,0.8856679797172546,7204,0.0,0.0
2009-04-01 00:00:00-04:00,1.167472004890442,1.2077289819717407,1.167472004890442,1.2077289819717407,7949,0.0,0.0
2009-04-02 00:00:00-04:00,1.2479870319366455,1.3687599897384644,1.2278579473495483,1.2681159973144531,34875,0.0,0.0
2009-04-03 00:00:00-04:00,1.2882449626922607,1.2882449626922607,1.2077289819717407,1.2278579473495483,16295,0.0,0.0
2009-04-06 00:00:00-04:00,1.2077289819717407,1.2077289819717407,1.0668280124664307,1.127213954925537,12172,0.0,0.0
2009-04-07 00:00:00-04:00,1.0668280124664307,1.0668280124664307,1.0265699625015259,1.0265699625015259,9191,0.0,0.0
2009-04-08 00:00:00-04:00,1.0064409971237183,1.046699047088623,1.0064409971237183,1.046699047088623,2484,0.0,0.0
2009-04-09 00:00:00-04:00,1.0668280124664307,1.1070849895477295,0.9863119721412659,1.0064409971237183,16792,0.0,0.0
2009-04-13 00:00:00-04:00,0.9863119721412659,1.2077289819717407,0.9863119721412659,1.2077289819717407,2683,0.0,0.0
2009-04-14 00:00:00-04:00,1.1473430395126343,1.1876009702682495,1.0869569778442383,1.0869569778442383,8098,0.0,0.0
2009-04-15 00:00:00-04:00,1.0265699625015259,1.0869569778442383,1.0265699625015259,1.0869569778442383,7651,0.0,0.0
2009-04-16 00:00:00-04:00,1.1070849895477295,1.1070849895477295,1.046699047088623,1.0668280124664307,3229,0.0,0.0
2009-04-17 00:00:00-04:00,1.0668280124664307,1.1070849895477295,1.0668280124664307,1.0869569778442383,7005,0.0,0.0
2009-04-20 00:00:00-04:00,1.2077289819717407,1.2077289819717407,1.1070849895477295,1.1070849895477295,298,0.0,0.0
2009-04-21 00:00:00-04:00,0.9863119721412659,1.0064409971237183,0.9661840200424194,0.9661840200424194,7949,0.0,0.0
2009-04-22 00:00:00-04:00,0.905797004699707,0.905797004699707,0.905797004699707,0.905797004699707,4968,0.0,0.0
2009-04-23 00:00:00-04:00,0.905797004699707,0.905797004699707,0.905797004699707,0.905797004699707,497,0.0,0.0
2009-04-24 00:00:00-04:00,0.946054995059967,0.946054995059967,0.905797004699707,0.905797004699707,20965,0.0,0.0
2009-04-27 00:00:00-04:00,0.905797004699707,0.905797004699707,0.905797004699707,0.905797004699707,0,0.0,0.0
2009-04-28 00:00:00-04:00,0.905797004699707,0.905797004699707,0.905797004699707,0.905797004699707,0,0.0,0.0
2009-04-29 00:00:00-04:00,0.9259260296821594,0.9259260296821594,0.9259260296821594,0.9259260296821594,20617,0.0,0.0
2009-04-30 00:00:00-04:00,0.9863119721412659,1.0064409971237183,0.8252819776535034,0.8252819776535034,10582,0.0,0.0
2009-05-01 00:00:00-04:00,0.9661840200424194,1.0064409971237183,0.946054995059967,0.946054995059967,3329,0.0,0.0
2009-05-04 00:00:00-04:00,0.946054995059967,1.0869569778442383,0.905797004699707,1.0869569778442383,11675,0.0,0.0
2009-05-05 00:00:00-04:00,1.046699047088623,1.046699047088623,1.0265699625015259,1.0265699625015259,9439,0.0,0.0
2009-05-06 00:00:00-04:00,1.046699047088623,1.1876009702682495,1.0064409971237183,1.1876009702682495,1938,0.0,0.0
2009-05-07 00:00:00-04:00,1.2077289819717407,1.2077289819717407,1.127213954925537,1.127213954925537,3726,0.0,0.0
2009-05-08 00:00:00-04:00,0.9661840200424194,1.1070849895477295,0.9661840200424194,1.1070849895477295,4223,0.0,0.0
2009-05-11 00:00:00-04:00,1.0869569778442383,1.0869569778442383,1.0869569778442383,1.0869569778442383,50,0.0,0.0
2009-05-12 00:00:00-04:00,1.0265699625015259,1.0265699625015259,0.946054995059967,0.946054995059967,2484,0.0,0.0
2009-05-13 00:00:00-04:00,0.946054995059967,0.946054995059967,0.946054995059967,0.946054995059967,0,0.0,0.0
2009-05-14 00:00:00-04:00,0.946054995059967,0.946054995059967,0.946054995059967,0.946054995059967,0,0.0,0.0
2009-05-15 00:00:00-04:00,1.046699047088623,1.046699047088623,0.9863119721412659,0.9863119721412659,2335,0.0,0.0
2009-05-18 00:00:00-04:00,0.9863119721412659,0.9863119721412659,0.9863119721412659,0.9863119721412659,0,0.0,0.0
2009-05-19 00:00:00-04:00,1.0265699625015259,1.0265699625015259,0.9661840200424194,1.0064409971237183,1788,0.0,0.0
2009-05-20 00:00:00-04:00,0.9863119721412659,1.0668280124664307,0.9661840200424194,0.9661840200424194,6309,0.0,0.0
2009-05-21 00:00:00-04:00,0.9661840200424194,0.9661840200424194,0.9661840200424194,0.9661840200424194,0,0.0,0.0
2009-05-22 00:00:00-04:00,1.1070849895477295,1.1070849895477295,0.9863119721412659,0.9863119721412659,4869,0.0,0.0
2009-05-26 00:00:00-04:00,1.0668280124664307,1.2077289819717407,1.0668280124664307,1.2077289819717407,17636,0.0,0.0
2009-05-27 00:00:00-04:00,1.1876009702682495,1.1876009702682495,1.0869569778442383,1.0869569778442383,2981,0.0,0.0
2009-05-28 00:00:00-04:00,1.1473430395126343,1.1473430395126343,1.127213954925537,1.127213954925537,14407,0.0,0.0
2009-05-29 00:00:00-04:00,1.2479870319366455,1.3486310243606567,1.2479870319366455,1.308374047279358,40191,0.0,0.0
2009-06-01 00:00:00-04:00,1.2882449626922607,1.3687599897384644,1.2882449626922607,1.3687599897384644,3180,0.0,0.0
2009-06-02 00:00:00-04:00,1.308374047279358,1.3687599897384644,1.2882449626922607,1.308374047279358,5216,0.0,0.0
2009-06-03 00:00:00-04:00,1.308374047279358,1.308374047279358,1.2882449626922607,1.2882449626922607,22853,0.0,0.0
2009-06-04 00:00:00-04:00,1.2681159973144531,1.2681159973144531,1.2681159973144531,1.2681159973144531,10930,0.0,0.0
2009-06-05 00:00:00-04:00,1.3285020589828491,1.3486310243606567,1.308374047279358,1.308374047279358,1987,0.0,0.0
2009-06-08 00:00:00-04:00,1.308374047279358,1.308374047279358,1.308374047279358,1.308374047279358,0,0.0,0.0
2009-06-09 00:00:00-04:00,1.2479870319366455,1.2479870319366455,1.2479870319366455,1.2479870319366455,1490,0.0,0.0
2009-06-10 00:00:00-04:00,1.2681159973144531,1.2681159973144531,1.2479870319366455,1.2681159973144531,4819,0.0,0.0
2009-06-11 00:00:00-04:00,1.2882449626922607,1.3687599897384644,1.2882449626922607,1.2882449626922607,41234,0.0,0.0
2009-06-12 00:00:00-04:00,1.2681159973144531,1.2681159973144531,1.2681159973144531,1.2681159973144531,497,0.0,0.0
2009-06-15 00:00:00-04:00,1.4090180397033691,1.4090180397033691,1.3486310243606567,1.388888955116272,16394,0.0,0.0
2009-06-16 00:00:00-04:00,1.4090180397033691,1.4291470050811768,1.4090180397033691,1.4090180397033691,2236,0.0,0.0
2009-06-17 00:00:00-04:00,1.2479870319366455,1.2681159973144531,1.2479870319366455,1.2681159973144531,1490,0.0,0.0
2009-06-18 00:00:00-04:00,1.2681159973144531,1.2681159973144531,1.2681159973144531,1.2681159973144531,0,0.0,0.0
2009-06-19 00:00:00-04:00,1.2882449626922607,1.308374047279358,1.2882449626922607,1.308374047279358,2236,0.0,0.0
2009-06-22 00:00:00-04:00,1.1473430395126343,1.1876009702682495,1.1473430395126343,1.1876009702682495,12172,0.0,0.0
2009-06-23 00:00:00-04:00,1.167472004890442,1.2077289819717407,1.167472004890442,1.1876009702682495,17239,0.0,0.0
2009-06-24 00:00:00-04:00,1.167472004890442,1.2077289819717407,1.1473430395126343,1.2077289819717407,30504,0.0,0.0
2009-06-25 00:00:00-04:00,1.127213954925537,1.127213954925537,1.0064409971237183,1.0668280124664307,28417,0.0,0.0
2009-06-26 00:00:00-04:00,1.0869569778442383,1.0869569778442383,1.0869569778442383,1.0869569778442383,7452,0.0,0.0
2009-06-29 00:00:00-04:00,1.046699047088623,1.046699047088623,1.046699047088623,1.046699047088623,497,0.0,0.0
2009-06-30 00:00:00-04:00,1.0668280124664307,1.0668280124664307,1.0064409971237183,1.0064409971237183,6210,0.0,0.0
2009-07-01 00:00:00-04:00,1.0064409971237183,1.0064409971237183,1.0064409971237183,1.0064409971237183,0,0.0,0.0
2009-07-02 00:00:00-04:00,1.0064409971237183,1.0668280124664307,1.0064409971237183,1.046699047088623,4074,0.0,0.0
2009-07-06 00:00:00-04:00,1.0668280124664307,1.0869569778442383,1.0265699625015259,1.046699047088623,28963,0.0,0.0
2009-07-07 00:00:00-04:00,1.0064409971237183,1.0265699625015259,0.9863119721412659,1.0265699625015259,11178,0.0,0.0
2009-07-08 00:00:00-04:00,0.9661840200424194,0.9661840200424194,0.946054995059967,0.946054995059967,13414,0.0,0.0
2009-07-09 00:00:00-04:00,0.9661840200424194,1.0064409971237183,0.9661840200424194,1.0064409971237183,10930,0.0,0.0
2009-07-10 00:00:00-04:00,0.9661840200424194,1.0064409971237183,0.9661840200424194,1.0064409971237183,9489,0.0,0.0
2009-07-13 00:00:00-04:00,0.9863119721412659,1.0064409971237183,0.9863119721412659,0.9863119721412659,795,0.0,0.0
2009-07-14 00:00:00-04:00,1.0064409971237183,1.0668280124664307,1.0064409971237183,1.0668280124664307,11675,0.0,0.0
2009-07-15 00:00:00-04:00,1.0668280124664307,1.0668280124664307,1.0668280124664307,1.0668280124664307,8942,0.0,0.0
2009-07-16 00:00:00-04:00,0.9863119721412659,1.0668280124664307,0.9863119721412659,1.0668280124664307,4620,0.0,0.0
2009-07-17 00:00:00-04:00,1.0265699625015259,1.0668280124664307,1.0265699625015259,1.0668280124664307,19574,0.0,0.0
2009-07-20 00:00:00-04:00,1.0668280124664307,1.0668280124664307,1.0265699625015259,1.0265699625015259,596,0.0,0.0
2009-07-21 00:00:00-04:00,1.0265699625015259,1.0265699625015259,1.0265699625015259,1.0265699625015259,0,0.0,0.0
2009-07-22 00:00:00-04:00,1.1070849895477295,1.1070849895477295,1.0869569778442383,1.0869569778442383,2732,0.0,0.0
2009-07-23 00:00:00-04:00,1.2077289819717407,1.2077289819717407,1.2077289819717407,1.2077289819717407,12420,0.0,0.0
2009-07-24 00:00:00-04:00,1.2077289819717407,1.2077289819717407,1.1876009702682495,1.1876009702682495,745,0.0,0.0
2009-07-27 00:00:00-04:00,1.0869569778442383,1.1070849895477295,1.0869569778442383,1.0869569778442383,6657,0.0,0.0
2009-07-28 00:00:00-04:00,1.0869569778442383,1.0869569778442383,1.0869569778442383,1.0869569778442383,994,0.0,0.0
2009-07-29 00:00:00-04:00,1.0869569778442383,1.0869569778442383,1.0869569778442383,1.0869569778442383,248,0.0,0.0
2009-07-30 00:00:00-04:00,1.1070849895477295,1.1070849895477295,1.1070849895477295,1.1070849895477295,3478,0.0,0.0
2009-07-31 00:00:00-04:00,1.0869569778442383,1.1473430395126343,1.0869569778442383,1.1473430395126343,13314,0.0,0.0
2009-08-03 00:00:00-04:00,1.1473430395126343,1.1473430395126343,1.1473430395126343,1.1473430395126343,0,0.0,0.0
2009-08-04 00:00:00-04:00,1.2077289819717407,1.2278579473495483,1.167472004890442,1.2278579473495483,14407,0.0,0.0
2009-08-05 00:00:00-04:00,1.2681159973144531,1.3486310243606567,1.2479870319366455,1.3486310243606567,5067,0.0,0.0
2009-08-06 00:00:00-04:00,1.3687599897384644,1.3687599897384644,1.2479870319366455,1.2681159973144531,36167,0.0,0.0
2009-08-07 00:00:00-04:00,1.2278579473495483,1.2681159973144531,1.2077289819717407,1.2077289819717407,20766,0.0,0.0
2009-08-10 00:00:00-04:00,1.2882449626922607,1.2882449626922607,1.2681159973144531,1.2882449626922607,2186,0.0,0.0
2009-08-11 00:00:00-04:00,1.2882449626922607,1.308374047279358,1.2882449626922607,1.2882449626922607,11923,0.0,0.0
2009-08-12 00:00:00-04:00,1.2882449626922607,1.5096620321273804,1.2882449626922607,1.449275016784668,49630,0.0,0.0
2009-08-13 00:00:00-04:00,1.590177059173584,2.0128819942474365,1.590177059173584,1.8317229747772217,60709,0.0,0.0
2009-08-14 00:00:00-04:00,2.0732688903808594,2.2141709327697754,1.8317229747772217,2.093398094177246,217549,0.0,0.0
2009-08-17 00:00:00-04:00,1.9726250171661377,1.9927539825439453,1.7914650440216064,1.932366967201233,63739,0.0,0.0
2009-08-18 00:00:00-04:00,1.892109990119934,1.932366967201233,1.8518520593643188,1.8518520593643188,46898,0.0,0.0
2009-08-19 00:00:00-04:00,1.811594009399414,2.0732688903808594,1.670691967010498,2.033010959625244,121915,0.0,0.0
2009-08-20 00:00:00-04:00,2.033010959625244,2.2946860790252686,2.0128819942474365,2.17391300201416,112227,0.0,0.0
2009-08-21 00:00:00-04:00,2.2946860790252686,2.4758450984954834,2.254427909851074,2.2946860790252686,127230,0.0,0.0
2009-08-24 00:00:00-04:00,2.3752009868621826,2.455717086791992,2.093398094177246,2.133655071258545,113718,0.0,0.0
2009-08-25 00:00:00-04:00,2.17391300201416,2.254427909851074,2.093398094177246,2.093398094177246,64485,0.0,0.0
2009-08-26 00:00:00-04:00,2.1135270595550537,2.234299898147583,2.033010959625244,2.0531399250030518,101894,0.0,0.0
2009-08-27 00:00:00-04:00,2.1135270595550537,2.1940419673919678,2.0732688903808594,2.1537840366363525,112227,0.0,0.0
2009-08-28 00:00:00-04:00,2.17391300201416,2.2141709327697754,2.1135270595550537,2.133655071258545,37608,0.0,0.0
2009-08-31 00:00:00-04:00,2.093398094177246,2.093398094177246,1.811594009399414,1.811594009399414,82220,0.0,0.0
2009-09-01 00:00:00-04:00,1.8317229747772217,1.9726250171661377,1.751207947731018,1.751207947731018,62845,0.0,0.0
2009-09-02 00:00:00-04:00,1.751207947731018,1.7713370323181152,1.6103060245513916,1.6304349899291992,75613,0.0,0.0
2009-09-03 00:00:00-04:00,1.6908210515975952,1.8317229747772217,1.6505639553070068,1.751207947731018,137365,0.0,0.0
2009-09-04 00:00:00-04:00,1.7914650440216064,2.033010959625244,1.7310789823532104,1.932366967201233,73377,0.0,0.0
2009-09-08 00:00:00-04:00,2.0531399250030518,2.133655071258545,1.9726250171661377,1.9726250171661377,142830,0.0,0.0
2009-09-09 00:00:00-04:00,2.0128819942474365,2.033010959625244,1.8317229747772217,1.8518520593643188,52214,0.0,0.0
2009-09-10 00:00:00-04:00,1.9122380018234253,1.9122380018234253,1.751207947731018,1.7914650440216064,64236,0.0,0.0
2009-09-11 00:00:00-04:00,1.8518520593643188,2.033010959625244,1.811594009399414,1.95249605178833,231260,0.0,0.0
2009-09-14 00:00:00-04:00,2.0128819942474365,2.2946860790252686,2.0128819942474365,2.093398094177246,198174,0.0,0.0
2009-09-15 00:00:00-04:00,2.234299898147583,2.234299898147583,1.9726250171661377,2.0128819942474365,100403,0.0,0.0
2009-09-16 00:00:00-04:00,2.0531399250030518,2.17391300201416,2.0531399250030518,2.1135270595550537,45755,0.0,0.0
2009-09-17 00:00:00-04:00,2.1940419673919678,2.1940419673919678,1.9726250171661377,2.033010959625244,79140,0.0,0.0
2009-09-18 00:00:00-04:00,2.093398094177246,2.093398094177246,1.9927539825439453,2.033010959625244,25138,0.0,0.0
2009-09-21 00:00:00-04:00,2.133655071258545,2.133655071258545,2.0128819942474365,2.0128819942474365,34379,0.0,0.0
2009-09-22 00:00:00-04:00,2.1537840366363525,2.1537840366363525,1.95249605178833,2.0531399250030518,99459,0.0,0.0
2009-09-23 00:00:00-04:00,2.0531399250030518,2.1940419673919678,2.0531399250030518,2.133655071258545,117593,0.0,0.0
2009-09-24 00:00:00-04:00,2.1537840366363525,2.1537840366363525,2.0128819942474365,2.0128819942474365,85450,0.0,0.0
2009-09-25 00:00:00-04:00,1.9927539825439453,2.093398094177246,1.9726250171661377,1.9726250171661377,81127,0.0,0.0
2009-09-28 00:00:00-04:00,2.0128819942474365,2.033010959625244,1.9726250171661377,2.0128819942474365,62746,0.0,0.0
2009-09-29 00:00:00-04:00,2.0531399250030518,2.0531399250030518,1.932366967201233,2.0128819942474365,68906,0.0,0.0
2009-09-30 00:00:00-04:00,2.0732688903808594,2.1135270595550537,2.0128819942474365,2.0732688903808594,40638,0.0,0.0
2009-10-01 00:00:00-04:00,2.0732688903808594,2.0732688903808594,1.7914650440216064,1.811594009399414,89921,0.0,0.0
2009-10-02 00:00:00-04:00,1.8317229747772217,1.8719810247421265,1.7713370323181152,1.811594009399414,54350,0.0,0.0
2009-10-05 00:00:00-04:00,1.8518520593643188,1.932366967201233,1.8518520593643188,1.932366967201233,29063,0.0,0.0
2009-10-06 00:00:00-04:00,1.95249605178833,1.95249605178833,1.8518520593643188,1.8518520593643188,30454,0.0,0.0
2009-10-07 00:00:00-04:00,1.8317229747772217,1.9122380018234253,1.7914650440216064,1.892109990119934,45308,0.0,0.0
2009-10-08 00:00:00-04:00,1.95249605178833,2.0531399250030518,1.932366967201233,2.0128819942474365,98615,0.0,0.0
2009-10-09 00:00:00-04:00,2.033010959625244,2.093398094177246,1.95249605178833,1.95249605178833,77401,0.0,0.0
2009-10-12 00:00:00-04:00,1.95249605178833,1.95249605178833,1.95249605178833,1.95249605178833,0,0.0,0.0
2009-10-13 00:00:00-04:00,2.0128819942474365,2.1940419673919678,1.9726250171661377,2.1537840366363525,86046,0.0,0.0
2009-10-14 00:00:00-04:00,2.254427909851074,2.3752009868621826,2.1940419673919678,2.3752009868621826,126634,0.0,0.0
2009-10-15 00:00:00-04:00,2.415458917617798,2.717391014099121,2.355072021484375,2.636876106262207,176960,0.0,0.0
2009-10-16 00:00:00-04:00,2.6972620487213135,2.8784220218658447,2.556360960006714,2.7375199794769287,192162,0.0,0.0
2009-10-19 00:00:00-04:00,2.8784220218658447,3.079710006713867,2.7576489448547363,2.9790658950805664,303346,0.0,0.0
2009-10-20 00:00:00-04:00,3.1199679374694824,3.14009690284729,2.777777910232544,2.858293056488037,179544,0.0,0.0
2009-10-21 00:00:00-04:00,2.7979071140289307,2.8180348873138428,2.556360960006714,2.6167469024658203,159721,0.0,0.0
2009-10-22 00:00:00-04:00,2.7576489448547363,2.777777910232544,2.556360960006714,2.6972620487213135,62597,0.0,0.0
2009-10-23 00:00:00-04:00,2.717391014099121,2.717391014099121,2.4758450984954834,2.6167469024658203,59268,0.0,0.0
2009-10-26 00:00:00-04:00,2.717391014099121,2.858293056488037,2.5966179370880127,2.7375199794769287,80631,0.0,0.0
2009-10-27 00:00:00-04:00,2.8180348873138428,2.8784220218658447,2.6972620487213135,2.8180348873138428,69502,0.0,0.0
2009-10-28 00:00:00-04:00,2.8381640911102295,2.858293056488037,2.415458917617798,2.495974063873291,135130,0.0,0.0
2009-10-29 00:00:00-04:00,2.5161030292510986,2.6167469024658203,2.4355878829956055,2.6167469024658203,76507,0.0,0.0
2009-10-30 00:00:00-04:00,2.636876106262207,2.6570050716400146,2.3752009868621826,2.3953299522399902,49879,0.0,0.0
2009-11-02 00:00:00-05:00,2.5362319946289062,2.5362319946289062,2.274557113647461,2.2946860790252686,102639,0.0,0.0
2009-11-03 00:00:00-05:00,2.274557113647461,2.5161030292510986,2.274557113647461,2.4758450984954834,18928,0.0,0.0
2009-11-04 00:00:00-05:00,2.4758450984954834,2.556360960006714,2.334944009780884,2.334944009780884,36962,0.0,0.0
2009-11-05 00:00:00-05:00,2.415458917617798,2.4758450984954834,2.355072021484375,2.3752009868621826,78693,0.0,0.0
2009-11-06 00:00:00-05:00,2.415458917617798,2.4758450984954834,2.355072021484375,2.4355878829956055,25436,0.0,0.0
2009-11-09 00:00:00-05:00,2.495974063873291,2.5966179370880127,2.455717086791992,2.556360960006714,112575,0.0,0.0
2009-11-10 00:00:00-05:00,2.5966179370880127,2.636876106262207,2.5161030292510986,2.5966179370880127,63938,0.0,0.0
2009-11-11 00:00:00-05:00,2.5764899253845215,2.6167469024658203,2.495974063873291,2.495974063873291,44712,0.0,0.0
2009-11-12 00:00:00-05:00,2.556360960006714,2.5966179370880127,2.4758450984954834,2.495974063873291,33981,0.0,0.0
2009-11-13 00:00:00-05:00,2.5362319946289062,2.6167469024658203,2.495974063873291,2.5161030292510986,30404,0.0,0.0
2009-11-16 00:00:00-05:00,2.4758450984954834,2.556360960006714,2.415458917617798,2.4758450984954834,112028,0.0,0.0
2009-11-17 00:00:00-05:00,2.455717086791992,2.6167469024658203,2.3752009868621826,2.5764899253845215,79538,0.0,0.0
2009-11-18 00:00:00-05:00,2.636876106262207,2.7979071140289307,2.5966179370880127,2.7375199794769287,67018,0.0,0.0
2009-11-19 00:00:00-05:00,2.7979071140289307,2.938807964324951,2.7375199794769287,2.8784220218658447,144867,0.0,0.0
2009-11-20 00:00:00-05:00,2.8985509872436523,2.999195098876953,2.8381640911102295,2.958936929702759,69502,0.0,0.0
2009-11-23 00:00:00-05:00,3.039452075958252,3.099838972091675,2.938807964324951,2.958936929702759,113519,0.0,0.0
2009-11-24 00:00:00-05:00,2.938807964324951,3.0193240642547607,2.8180348873138428,2.9790658950805664,48587,0.0,0.0
2009-11-25 00:00:00-05:00,2.938807964324951,3.079710006713867,2.91867995262146,3.039452075958252,53307,0.0,0.0
2009-11-27 00:00:00-05:00,2.8381640911102295,2.8381640911102295,2.5764899253845215,2.7979071140289307,169210,0.0,0.0
2009-11-30 00:00:00-05:00,2.7979071140289307,2.958936929702759,2.6771340370178223,2.8985509872436523,87636,0.0,0.0
2009-12-01 00:00:00-05:00,2.8985509872436523,3.079710006713867,2.8985509872436523,2.9790658950805664,54002,0.0,0.0
2009-12-02 00:00:00-05:00,3.0193240642547607,3.0193240642547607,2.777777910232544,2.8985509872436523,72135,0.0,0.0
2009-12-03 00:00:00-05:00,2.91867995262146,3.039452075958252,2.8381640911102295,3.039452075958252,30901,0.0,0.0
2009-12-04 00:00:00-05:00,3.039452075958252,3.079710006713867,2.938807964324951,2.958936929702759,47345,0.0,0.0
2009-12-07 00:00:00-05:00,3.0595810413360596,3.0595810413360596,2.8985509872436523,2.9790658950805664,44762,0.0,0.0
2009-12-08 00:00:00-05:00,2.9790658950805664,3.0193240642547607,2.938807964324951,2.938807964324951,44414,0.0,0.0
2009-12-09 00:00:00-05:00,2.999195098876953,3.079710006713867,2.8381640911102295,2.91867995262146,93299,0.0,0.0
2009-12-10 00:00:00-05:00,2.8985509872436523,2.958936929702759,2.7576489448547363,2.858293056488037,29411,0.0,0.0
2009-12-11 00:00:00-05:00,2.8180348873138428,2.8381640911102295,2.636876106262207,2.717391014099121,65826,0.0,0.0
2009-12-14 00:00:00-05:00,2.6771340370178223,2.7979071140289307,2.5362319946289062,2.556360960006714,135130,0.0,0.0
2009-12-15 00:00:00-05:00,2.6167469024658203,2.6570050716400146,2.5161030292510986,2.6167469024658203,42476,0.0,0.0
2009-12-16 00:00:00-05:00,2.6771340370178223,2.7576489448547363,2.5362319946289062,2.636876106262207,35521,0.0,0.0
2009-12-17 00:00:00-05:00,2.6167469024658203,2.7375199794769287,2.6167469024658203,2.6972620487213135,45457,0.0,0.0
2009-12-18 00:00:00-05:00,2.7375199794769287,2.7375199794769287,2.5764899253845215,2.6167469024658203,42576,0.0,0.0
2009-12-21 00:00:00-05:00,2.717391014099121,2.7576489448547363,2.5161030292510986,2.6167469024658203,26678,0.0,0.0
2009-12-22 00:00:00-05:00,2.6167469024658203,2.6570050716400146,2.455717086791992,2.455717086791992,47693,0.0,0.0
2009-12-23 00:00:00-05:00,2.5966179370880127,2.6570050716400146,2.5362319946289062,2.5764899253845215,22257,0.0,0.0
2009-12-24 00:00:00-05:00,2.636876106262207,2.717391014099121,2.5362319946289062,2.6570050716400146,16096,0.0,0.0
2009-12-28 00:00:00-05:00,2.6771340370178223,2.8784220218658447,2.6167469024658203,2.8180348873138428,31398,0.0,0.0
2009-12-29 00:00:00-05:00,2.6771340370178223,2.7576489448547363,2.5966179370880127,2.717391014099121,31845,0.0,0.0
2009-12-30 00:00:00-05:00,2.7576489448547363,2.777777910232544,2.6972620487213135,2.717391014099121,8545,0.0,0.0
2009-12-31 00:00:00-05:00,2.7576489448547363,2.8381640911102295,2.717391014099121,2.777777910232544,37061,0.0,0.0
2010-01-04 00:00:00-05:00,2.8381640911102295,2.938807964324951,2.7375199794769287,2.938807964324951,64683,0.0,0.0
2010-01-05 00:00:00-05:00,2.958936929702759,3.321255922317505,2.91867995262146,3.2608699798583984,207215,0.0,0.0
2010-01-06 00:00:00-05:00,3.361514091491699,3.864733934402466,3.2608699798583984,3.864733934402466,210246,0.0,0.0
2010-01-07 00:00:00-05:00,4.1666669845581055,4.629630088806152,3.7842190265655518,4.227053165435791,412195,0.0,0.0
2010-01-08 00:00:00-05:00,4.367955207824707,4.629630088806152,4.1666669845581055,4.528985977172852,202148,0.0,0.0
2010-01-11 00:00:00-05:00,4.730274200439453,4.891304016113281,4.086151123046875,4.1062798500061035,315071,0.0,0.0
2010-01-12 00:00:00-05:00,4.005636215209961,4.46859884262085,3.623188018798828,4.367955207824707,348058,0.0,0.0
2010-01-13 00:00:00-05:00,4.528985977172852,4.750402927398682,4.186795234680176,4.267311096191406,155151,0.0,0.0
2010-01-14 00:00:00-05:00,4.327696800231934,4.488728046417236,4.1062798500061035,4.206923961639404,100006,0.0,0.0
2010-01-15 00:00:00-05:00,4.267311096191406,4.307568073272705,3.985507011413574,4.12640905380249,116400,0.0,0.0
2010-01-19 00:00:00-05:00,3.9653780460357666,4.12640905380249,3.9452500343322754,4.0257649421691895,94839,0.0,0.0
2010-01-20 00:00:00-05:00,4.005636215209961,4.045894145965576,3.8848628997802734,4.0257649421691895,97174,0.0,0.0
2010-01-21 00:00:00-05:00,4.005636215209961,4.146537780761719,3.864733934402466,3.864733934402466,100205,0.0,0.0
2010-01-22 00:00:00-05:00,3.864733934402466,3.9653780460357666,3.764090061187744,3.90499210357666,73824,0.0,0.0
2010-01-25 00:00:00-05:00,3.8848628997802734,3.9452500343322754,3.321255922317505,3.8848628997802734,58573,0.0,0.0
2010-01-26 00:00:00-05:00,3.824476957321167,3.90499210357666,3.603060007095337,3.7439610958099365,170353,0.0,0.0
2010-01-27 00:00:00-05:00,3.6433169841766357,3.7238330841064453,3.039452075958252,3.3011269569396973,340109,0.0,0.0
2010-01-28 00:00:00-05:00,3.3011269569396973,3.3413848876953125,3.1199679374694824,3.220612049102783,122262,0.0,0.0
2010-01-29 00:00:00-05:00,3.079710006713867,3.220612049102783,2.8381640911102295,2.91867995262146,192311,0.0,0.0
2010-02-01 00:00:00-05:00,2.8381640911102295,3.321255922317505,2.8180348873138428,3.2608699798583984,148444,0.0,0.0
2010-02-02 00:00:00-05:00,3.381643056869507,3.7439610958099365,3.2608699798583984,3.683574914932251,120077,0.0,0.0
2010-02-03 00:00:00-05:00,3.7238330841064453,3.8043479919433594,3.381643056869507,3.4822869300842285,93448,0.0,0.0
2010-02-04 00:00:00-05:00,3.381643056869507,3.462157964706421,3.1199679374694824,3.1602249145507812,144420,0.0,0.0
2010-02-05 00:00:00-05:00,3.0193240642547607,3.240741014480591,2.8381640911102295,3.1602249145507812,108551,0.0,0.0
2010-02-08 00:00:00-05:00,3.2608699798583984,3.4822869300842285,3.240741014480591,3.3413848876953125,90865,0.0,0.0
2010-02-09 00:00:00-05:00,3.401771068572998,3.5225439071655273,3.2608699798583984,3.321255922317505,58771,0.0,0.0
2010-02-10 00:00:00-05:00,3.381643056869507,3.4219000339508057,3.240741014480591,3.2608699798583984,35770,0.0,0.0
2010-02-11 00:00:00-05:00,3.381643056869507,3.4420289993286133,3.2004830837249756,3.361514091491699,46401,0.0,0.0
2010-02-12 00:00:00-05:00,3.3011269569396973,3.4219000339508057,3.2004830837249756,3.2608699798583984,43967,0.0,0.0
2010-02-16 00:00:00-05:00,3.381643056869507,3.381643056869507,2.958936929702759,3.039452075958252,127230,0.0,0.0
2010-02-17 00:00:00-05:00,3.0595810413360596,3.099838972091675,2.7375199794769287,2.777777910232544,157585,0.0,0.0
2010-02-18 00:00:00-05:00,2.777777910232544,2.8180348873138428,2.556360960006714,2.5966179370880127,174576,0.0,0.0
2010-02-19 00:00:00-05:00,2.6570050716400146,2.8381640911102295,2.5966179370880127,2.8180348873138428,110290,0.0,0.0
2010-02-22 00:00:00-05:00,3.0193240642547607,3.1199679374694824,2.777777910232544,2.8180348873138428,154803,0.0,0.0
2010-02-23 00:00:00-05:00,2.8381640911102295,2.8784220218658447,2.717391014099121,2.777777910232544,61852,0.0,0.0
2010-02-24 00:00:00-05:00,2.777777910232544,2.999195098876953,2.7576489448547363,2.938807964324951,81276,0.0,0.0
2010-02-25 00:00:00-05:00,2.8985509872436523,2.938807964324951,2.777777910232544,2.8985509872436523,11675,0.0,0.0
2010-02-26 00:00:00-05:00,2.938807964324951,2.999195098876953,2.8381640911102295,2.8381640911102295,22306,0.0,0.0
2010-03-01 00:00:00-05:00,2.999195098876953,2.999195098876953,2.7979071140289307,2.7979071140289307,32540,0.0,0.0
2010-03-02 00:00:00-05:00,2.8180348873138428,2.91867995262146,2.777777910232544,2.7979071140289307,59765,0.0,0.0
2010-03-03 00:00:00-05:00,2.858293056488037,2.858293056488037,2.717391014099121,2.717391014099121,57828,0.0,0.0
2010-03-04 00:00:00-05:00,2.717391014099121,2.858293056488037,2.6972620487213135,2.7979071140289307,30851,0.0,0.0
2010-03-05 00:00:00-05:00,2.777777910232544,2.91867995262146,2.777777910232544,2.8180348873138428,48140,0.0,0.0
2010-03-08 00:00:00-05:00,2.938807964324951,2.938807964324951,2.777777910232544,2.8180348873138428,26976,0.0,0.0
2010-03-09 00:00:00-05:00,2.717391014099121,2.8381640911102295,2.717391014099121,2.8180348873138428,23350,0.0,0.0
2010-03-10 00:00:00-05:00,2.8784220218658447,2.91867995262146,2.8381640911102295,2.8985509872436523,34230,0.0,0.0
2010-03-11 00:00:00-05:00,2.8985509872436523,2.938807964324951,2.8180348873138428,2.8180348873138428,51618,0.0,0.0
2010-03-12 00:00:00-05:00,2.8180348873138428,2.91867995262146,2.777777910232544,2.8381640911102295,68161,0.0,0.0
2010-03-15 00:00:00-04:00,2.8381640911102295,2.8784220218658447,2.7979071140289307,2.8381640911102295,26330,0.0,0.0
2010-03-16 00:00:00-04:00,2.8985509872436523,3.0595810413360596,2.8381640911102295,3.039452075958252,85748,0.0,0.0
2010-03-17 00:00:00-04:00,3.099838972091675,3.220612049102783,3.0193240642547607,3.0193240642547607,74570,0.0,0.0
2010-03-18 00:00:00-04:00,3.0193240642547607,3.099838972091675,2.91867995262146,2.91867995262146,33832,0.0,0.0
2010-03-19 00:00:00-04:00,2.958936929702759,2.9790658950805664,2.8784220218658447,2.91867995262146,44762,0.0,0.0
2010-03-22 00:00:00-04:00,2.858293056488037,2.999195098876953,2.858293056488037,2.938807964324951,32838,0.0,0.0
2010-03-23 00:00:00-04:00,2.9790658950805664,2.999195098876953,2.8985509872436523,2.938807964324951,27026,0.0,0.0
2010-03-24 00:00:00-04:00,2.958936929702759,2.9790658950805664,2.777777910232544,2.777777910232544,127230,0.0,0.0
2010-03-25 00:00:00-04:00,2.8381640911102295,2.8985509872436523,2.7375199794769287,2.7979071140289307,41632,0.0,0.0
2010-03-26 00:00:00-04:00,2.8180348873138428,2.8180348873138428,2.6167469024658203,2.6771340370178223,76308,0.0,0.0
2010-03-29 00:00:00-04:00,2.6570050716400146,2.8180348873138428,2.636876106262207,2.7576489448547363,105024,0.0,0.0
2010-03-30 00:00:00-04:00,2.7576489448547363,2.8180348873138428,2.6771340370178223,2.717391014099121,41334,0.0,0.0
2010-03-31 00:00:00-04:00,2.6972620487213135,2.777777910232544,2.6771340370178223,2.717391014099121,29609,0.0,0.0
2010-04-01 00:00:00-04:00,2.7979071140289307,2.8180348873138428,2.7375199794769287,2.777777910232544,43768,0.0,0.0
2010-04-05 00:00:00-04:00,2.8180348873138428,2.8381640911102295,2.6972620487213135,2.777777910232544,56983,0.0,0.0
2010-04-06 00:00:00-04:00,2.717391014099121,2.8180348873138428,2.6570050716400146,2.6570050716400146,39048,0.0,0.0
2010-04-07 00:00:00-04:00,2.6771340370178223,2.717391014099121,2.415458917617798,2.4758450984954834,159622,0.0,0.0
2010-04-08 00:00:00-04:00,2.3752009868621826,2.415458917617798,2.17391300201416,2.3953299522399902,206420,0.0,0.0
2010-04-09 00:00:00-04:00,2.3752009868621826,2.6771340370178223,2.3752009868621826,2.6570050716400146,93647,0.0,0.0
2010-04-12 00:00:00-04:00,2.6771340370178223,2.8180348873138428,2.5764899253845215,2.636876106262207,52661,0.0,0.0
2010-04-13 00:00:00-04:00,2.717391014099121,2.7375199794769287,2.5764899253845215,2.5764899253845215,37856,0.0,0.0
2010-04-14 00:00:00-04:00,2.6570050716400146,2.6570050716400146,2.5362319946289062,2.5764899253845215,49730,0.0,0.0
2010-04-15 00:00:00-04:00,2.636876106262207,2.636876106262207,2.455717086791992,2.455717086791992,46401,0.0,0.0
2010-04-16 00:00:00-04:00,2.5161030292510986,2.5161030292510986,2.3752009868621826,2.4355878829956055,60808,0.0,0.0
2010-04-19 00:00:00-04:00,2.355072021484375,2.4355878829956055,2.355072021484375,2.3752009868621826,42774,0.0,0.0
2010-04-20 00:00:00-04:00,2.415458917617798,2.5161030292510986,2.3953299522399902,2.455717086791992,35273,0.0,0.0
2010-04-21 00:00:00-04:00,2.495974063873291,2.5966179370880127,2.4355878829956055,2.495974063873291,47196,0.0,0.0
2010-04-22 00:00:00-04:00,2.495974063873291,2.5161030292510986,2.415458917617798,2.495974063873291,48786,0.0,0.0
2010-04-23 00:00:00-04:00,2.495974063873291,2.5764899253845215,2.495974063873291,2.5161030292510986,18133,0.0,0.0
2010-04-26 00:00:00-04:00,2.5764899253845215,2.5764899253845215,2.5161030292510986,2.556360960006714,40986,0.0,0.0
2010-04-27 00:00:00-04:00,2.5764899253845215,2.5966179370880127,2.5362319946289062,2.5764899253845215,33633,0.0,0.0
2010-04-28 00:00:00-04:00,2.5161030292510986,2.5966179370880127,2.4355878829956055,2.4355878829956055,40887,0.0,0.0
2010-04-29 00:00:00-04:00,2.5764899253845215,2.6771340370178223,2.556360960006714,2.6167469024658203,67913,0.0,0.0
2010-04-30 00:00:00-04:00,2.6771340370178223,2.6771340370178223,2.4758450984954834,2.495974063873291,27572,0.0,0.0
2010-05-03 00:00:00-04:00,2.5362319946289062,2.5966179370880127,2.4758450984954834,2.5161030292510986,22257,0.0,0.0
2010-05-04 00:00:00-04:00,2.5764899253845215,2.5764899253845215,2.3752009868621826,2.3752009868621826,47494,0.0,0.0
2010-05-05 00:00:00-04:00,2.3752009868621826,2.4355878829956055,2.314815044403076,2.3752009868621826,25635,0.0,0.0
2010-05-06 00:00:00-04:00,2.415458917617798,2.4758450984954834,2.254427909851074,2.334944009780884,46699,0.0,0.0
2010-05-07 00:00:00-04:00,2.234299898147583,2.274557113647461,2.0531399250030518,2.17391300201416,62001,0.0,0.0
2010-05-10 00:00:00-04:00,2.1537840366363525,2.3752009868621826,2.1537840366363525,2.2946860790252686,28069,0.0,0.0
2010-05-11 00:00:00-04:00,2.334944009780884,2.334944009780884,2.17391300201416,2.17391300201416,36614,0.0,0.0
2010-05-12 00:00:00-04:00,2.254427909851074,2.2946860790252686,2.093398094177246,2.133655071258545,73427,0.0,0.0
2010-05-13 00:00:00-04:00,2.17391300201416,2.1940419673919678,2.093398094177246,2.133655071258545,37061,0.0,0.0
2010-05-14 00:00:00-04:00,2.133655071258545,2.17391300201416,2.1135270595550537,2.133655071258545,22108,0.0,0.0
2010-05-17 00:00:00-04:00,2.1135270595550537,2.274557113647461,2.1135270595550537,2.1537840366363525,53903,0.0,0.0
2010-05-18 00:00:00-04:00,2.2141709327697754,2.2946860790252686,2.093398094177246,2.093398094177246,65031,0.0,0.0
2010-05-19 00:00:00-04:00,1.9927539825439453,2.0732688903808594,1.9726250171661377,2.0128819942474365,87288,0.0,0.0
2010-05-20 00:00:00-04:00,1.95249605178833,1.9726250171661377,1.7713370323181152,1.7914650440216064,88182,0.0,0.0
2010-05-21 00:00:00-04:00,1.6505639553070068,1.7914650440216064,1.6103060245513916,1.7713370323181152,120921,0.0,0.0
2010-05-24 00:00:00-04:00,1.7914650440216064,1.9122380018234253,1.7713370323181152,1.8518520593643188,36465,0.0,0.0
2010-05-25 00:00:00-04:00,1.811594009399414,1.811594009399414,1.6505639553070068,1.7914650440216064,25635,0.0,0.0
2010-05-26 00:00:00-04:00,1.9122380018234253,2.093398094177246,1.8719810247421265,2.0732688903808594,46351,0.0,0.0
2010-05-27 00:00:00-04:00,2.17391300201416,2.274557113647461,2.1135270595550537,2.1537840366363525,48637,0.0,0.0
2010-05-28 00:00:00-04:00,2.254427909851074,2.2946860790252686,2.2141709327697754,2.2946860790252686,24641,0.0,0.0
2010-06-01 00:00:00-04:00,2.355072021484375,2.3752009868621826,2.314815044403076,2.3752009868621826,28516,0.0,0.0
2010-06-02 00:00:00-04:00,2.3752009868621826,2.4355878829956055,2.355072021484375,2.415458917617798,18630,0.0,0.0
2010-06-03 00:00:00-04:00,2.4355878829956055,2.455717086791992,2.415458917617798,2.415458917617798,9688,0.0,0.0
2010-06-04 00:00:00-04:00,2.3953299522399902,2.3953299522399902,2.1135270595550537,2.1135270595550537,9588,0.0,0.0
2010-06-07 00:00:00-04:00,2.133655071258545,2.2141709327697754,2.093398094177246,2.1135270595550537,15947,0.0,0.0
2010-06-08 00:00:00-04:00,1.892109990119934,1.9122380018234253,1.8518520593643188,1.9122380018234253,43669,0.0,0.0
2010-06-09 00:00:00-04:00,1.932366967201233,2.033010959625244,1.892109990119934,1.932366967201233,31298,0.0,0.0
2010-06-10 00:00:00-04:00,1.9726250171661377,2.0732688903808594,1.932366967201233,1.95249605178833,47941,0.0,0.0
2010-06-11 00:00:00-04:00,1.95249605178833,2.0128819942474365,1.9122380018234253,1.9927539825439453,13861,0.0,0.0
2010-06-14 00:00:00-04:00,2.0531399250030518,2.0732688903808594,1.932366967201233,1.9726250171661377,43818,0.0,0.0
2010-06-15 00:00:00-04:00,1.9726250171661377,1.9726250171661377,1.9122380018234253,1.9726250171661377,17785,0.0,0.0
2010-06-16 00:00:00-04:00,1.9726250171661377,1.9726250171661377,1.932366967201233,1.932366967201233,14358,0.0,0.0
2010-06-17 00:00:00-04:00,1.932366967201233,1.9726250171661377,1.932366967201233,1.932366967201233,5465,0.0,0.0
2010-06-18 00:00:00-04:00,1.9726250171661377,1.9726250171661377,1.892109990119934,1.9726250171661377,47892,0.0,0.0
2010-06-21 00:00:00-04:00,2.0128819942474365,2.0128819942474365,1.95249605178833,2.0128819942474365,27572,0.0,0.0
2010-06-22 00:00:00-04:00,1.9927539825439453,2.033010959625244,1.9122380018234253,1.9122380018234253,17984,0.0,0.0
2010-06-23 00:00:00-04:00,1.95249605178833,1.95249605178833,1.9122380018234253,1.9122380018234253,19425,0.0,0.0
2010-06-24 00:00:00-04:00,1.9122380018234253,1.932366967201233,1.9122380018234253,1.9122380018234253,6806,0.0,0.0
2010-06-25 00:00:00-04:00,1.892109990119934,1.932366967201233,1.892109990119934,1.9122380018234253,15699,0.0,0.0
2010-06-28 00:00:00-04:00,1.932366967201233,1.95249605178833,1.8518520593643188,1.892109990119934,24542,0.0,0.0
2010-06-29 00:00:00-04:00,1.8719810247421265,1.8719810247421265,1.7109500169754028,1.7109500169754028,55145,0.0,0.0
2010-06-30 00:00:00-04:00,1.6908210515975952,1.751207947731018,1.5700479745864868,1.5700479745864868,32640,0.0,0.0
2010-07-01 00:00:00-04:00,1.5499190092086792,1.7109500169754028,1.5499190092086792,1.6103060245513916,26330,0.0,0.0
2010-07-02 00:00:00-04:00,1.6103060245513916,1.6103060245513916,1.5499190092086792,1.5700479745864868,57828,0.0,0.0
2010-07-06 00:00:00-04:00,1.5096620321273804,1.6103060245513916,1.4291470050811768,1.6103060245513916,63839,0.0,0.0
2010-07-07 00:00:00-04:00,1.6103060245513916,1.670691967010498,1.5096620321273804,1.670691967010498,20369,0.0,0.0
2010-07-08 00:00:00-04:00,1.7310789823532104,1.811594009399414,1.7109500169754028,1.751207947731018,19027,0.0,0.0
2010-07-09 00:00:00-04:00,1.7914650440216064,1.8317229747772217,1.7310789823532104,1.751207947731018,26728,0.0,0.0
2010-07-12 00:00:00-04:00,1.751207947731018,1.811594009399414,1.6103060245513916,1.6103060245513916,9091,0.0,0.0
2010-07-13 00:00:00-04:00,1.7109500169754028,1.7713370323181152,1.6505639553070068,1.7310789823532104,16941,0.0,0.0
2010-07-14 00:00:00-04:00,1.7310789823532104,1.7310789823532104,1.6304349899291992,1.6505639553070068,5216,0.0,0.0
2010-07-15 00:00:00-04:00,1.6304349899291992,1.7310789823532104,1.6304349899291992,1.7310789823532104,5763,0.0,0.0
2010-07-16 00:00:00-04:00,1.6908210515975952,1.7109500169754028,1.6103060245513916,1.6505639553070068,8744,0.0,0.0
2010-07-19 00:00:00-04:00,1.6505639553070068,1.6908210515975952,1.6304349899291992,1.6304349899291992,30404,0.0,0.0
2010-07-20 00:00:00-04:00,1.6505639553070068,1.6505639553070068,1.5700479745864868,1.5700479745864868,15500,0.0,0.0
2010-07-21 00:00:00-04:00,1.6103060245513916,1.6304349899291992,1.5700479745864868,1.590177059173584,13960,0.0,0.0
2010-07-22 00:00:00-04:00,1.6304349899291992,1.6505639553070068,1.590177059173584,1.6304349899291992,17934,0.0,0.0
2010-07-23 00:00:00-04:00,1.670691967010498,1.670691967010498,1.590177059173584,1.6103060245513916,22406,0.0,0.0
2010-07-26 00:00:00-04:00,1.6505639553070068,1.670691967010498,1.6103060245513916,1.670691967010498,16643,0.0,0.0
2010-07-27 00:00:00-04:00,1.670691967010498,1.670691967010498,1.6103060245513916,1.6103060245513916,9638,0.0,0.0
2010-07-28 00:00:00-04:00,1.6505639553070068,1.670691967010498,1.6103060245513916,1.6103060245513916,4422,0.0,0.0
2010-07-29 00:00:00-04:00,1.6505639553070068,1.670691967010498,1.6103060245513916,1.6103060245513916,8148,0.0,0.0
2010-07-30 00:00:00-04:00,1.590177059173584,1.6103060245513916,1.5700479745864868,1.6103060245513916,5266,0.0,0.0
2010-08-02 00:00:00-04:00,1.5499190092086792,1.6304349899291992,1.4291470050811768,1.529790997505188,10731,0.0,0.0
2010-08-03 00:00:00-04:00,1.6103060245513916,1.6304349899291992,1.529790997505188,1.5700479745864868,8644,0.0,0.0
2010-08-04 00:00:00-04:00,1.5096620321273804,1.5499190092086792,1.5096620321273804,1.5499190092086792,7601,0.0,0.0
2010-08-05 00:00:00-04:00,1.5499190092086792,1.5499190092086792,1.4895329475402832,1.5096620321273804,20717,0.0,0.0
2010-08-06 00:00:00-04:00,1.5499190092086792,1.8719810247421265,1.529790997505188,1.8719810247421265,33385,0.0,0.0
2010-08-09 00:00:00-04:00,1.9122380018234253,1.932366967201233,1.6908210515975952,1.811594009399414,41632,0.0,0.0
2010-08-10 00:00:00-04:00,1.7713370323181152,1.7713370323181152,1.670691967010498,1.7713370323181152,23250,0.0,0.0
2010-08-11 00:00:00-04:00,1.7109500169754028,1.7109500169754028,1.6103060245513916,1.6103060245513916,20170,0.0,0.0
2010-08-12 00:00:00-04:00,1.6103060245513916,1.670691967010498,1.6103060245513916,1.670691967010498,11774,0.0,0.0
2010-08-13 00:00:00-04:00,1.670691967010498,1.6908210515975952,1.6505639553070068,1.6908210515975952,14208,0.0,0.0
2010-08-16 00:00:00-04:00,1.7914650440216064,1.8719810247421265,1.7713370323181152,1.811594009399414,23250,0.0,0.0
2010-08-17 00:00:00-04:00,1.811594009399414,1.8317229747772217,1.7310789823532104,1.751207947731018,12221,0.0,0.0
2010-08-18 00:00:00-04:00,1.7310789823532104,1.7713370323181152,1.6908210515975952,1.6908210515975952,23399,0.0,0.0
2010-08-19 00:00:00-04:00,1.670691967010498,1.670691967010498,1.6505639553070068,1.670691967010498,4968,0.0,0.0
2010-08-20 00:00:00-04:00,1.670691967010498,1.670691967010498,1.6103060245513916,1.6103060245513916,7651,0.0,0.0
2010-08-23 00:00:00-04:00,1.6103060245513916,1.6103060245513916,1.5096620321273804,1.590177059173584,29560,0.0,0.0
2010-08-24 00:00:00-04:00,1.5700479745864868,1.5700479745864868,1.529790997505188,1.529790997505188,17636,0.0,0.0
2010-08-25 00:00:00-04:00,1.5499190092086792,1.5700479745864868,1.529790997505188,1.5700479745864868,18531,0.0,0.0
2010-08-26 00:00:00-04:00,1.5700479745864868,1.5700479745864868,1.5096620321273804,1.529790997505188,13414,0.0,0.0
2010-08-27 00:00:00-04:00,1.529790997505188,1.5700479745864868,1.4895329475402832,1.529790997505188,51916,0.0,0.0
2010-08-30 00:00:00-04:00,1.5096620321273804,1.5499190092086792,1.449275016784668,1.5096620321273804,44116,0.0,0.0
2010-08-31 00:00:00-04:00,1.5096620321273804,1.5096620321273804,1.4291470050811768,1.4694039821624756,37508,0.0,0.0
2010-09-01 00:00:00-04:00,1.4291470050811768,1.529790997505188,1.4291470050811768,1.5096620321273804,7899,0.0,0.0
2010-09-02 00:00:00-04:00,1.5096620321273804,1.5096620321273804,1.4694039821624756,1.5096620321273804,9837,0.0,0.0
2010-09-03 00:00:00-04:00,1.5096620321273804,1.5700479745864868,1.5096620321273804,1.529790997505188,13513,0.0,0.0
2010-09-07 00:00:00-04:00,1.529790997505188,1.6103060245513916,1.4895329475402832,1.5700479745864868,36962,0.0,0.0
2010-09-08 00:00:00-04:00,1.5700479745864868,1.6103060245513916,1.5700479745864868,1.5700479745864868,24343,0.0,0.0
2010-09-09 00:00:00-04:00,1.6103060245513916,1.6103060245513916,1.5499190092086792,1.5700479745864868,7700,0.0,0.0
2010-09-10 00:00:00-04:00,1.5700479745864868,1.5700479745864868,1.529790997505188,1.5700479745864868,3378,0.0,0.0
2010-09-13 00:00:00-04:00,1.529790997505188,1.5499190092086792,1.529790997505188,1.5499190092086792,21164,0.0,0.0
2010-09-14 00:00:00-04:00,1.529790997505188,1.6103060245513916,1.529790997505188,1.6103060245513916,30106,0.0,0.0
2010-09-15 00:00:00-04:00,1.6103060245513916,1.6103060245513916,1.5700479745864868,1.6103060245513916,49730,0.0,0.0
2010-09-16 00:00:00-04:00,1.6103060245513916,1.6505639553070068,1.6103060245513916,1.6103060245513916,7005,0.0,0.0
2010-09-17 00:00:00-04:00,1.6103060245513916,1.6908210515975952,1.6103060245513916,1.6505639553070068,32093,0.0,0.0
2010-09-20 00:00:00-04:00,1.751207947731018,2.0128819942474365,1.7310789823532104,2.0128819942474365,69105,0.0,0.0
2010-09-21 00:00:00-04:00,2.0531399250030518,2.0531399250030518,1.8518520593643188,1.892109990119934,24939,0.0,0.0
2010-09-22 00:00:00-04:00,1.8518520593643188,1.932366967201233,1.8317229747772217,1.8518520593643188,41483,0.0,0.0
2010-09-23 00:00:00-04:00,1.7914650440216064,1.95249605178833,1.7914650440216064,1.892109990119934,9191,0.0,0.0
2010-09-24 00:00:00-04:00,1.9927539825439453,2.033010959625244,1.932366967201233,1.9726250171661377,30553,0.0,0.0
2010-09-27 00:00:00-04:00,1.9927539825439453,2.274557113647461,1.9726250171661377,2.254427909851074,90070,0.0,0.0
2010-09-28 00:00:00-04:00,2.2946860790252686,2.355072021484375,2.1537840366363525,2.334944009780884,91312,0.0,0.0
2010-09-29 00:00:00-04:00,2.355072021484375,2.355072021484375,2.1537840366363525,2.1940419673919678,32739,0.0,0.0
2010-09-30 00:00:00-04:00,2.254427909851074,2.314815044403076,2.0531399250030518,2.133655071258545,38502,0.0,0.0
2010-10-01 00:00:00-04:00,2.234299898147583,2.274557113647461,2.1135270595550537,2.17391300201416,28963,0.0,0.0
2010-10-04 00:00:00-04:00,2.1940419673919678,2.274557113647461,2.0531399250030518,2.0732688903808594,39943,0.0,0.0
2010-10-05 00:00:00-04:00,2.17391300201416,2.234299898147583,2.133655071258545,2.2141709327697754,19624,0.0,0.0
2010-10-06 00:00:00-04:00,2.1537840366363525,2.495974063873291,2.1135270595550537,2.4355878829956055,155449,0.0,0.0
2010-10-07 00:00:00-04:00,2.495974063873291,2.5764899253845215,2.4355878829956055,2.5161030292510986,105421,0.0,0.0
2010-10-08 00:00:00-04:00,2.5161030292510986,2.5966179370880127,2.455717086791992,2.495974063873291,57877,0.0,0.0
2010-10-11 00:00:00-04:00,2.5764899253845215,2.6771340370178223,2.4758450984954834,2.4758450984954834,28020,0.0,0.0
2010-10-12 00:00:00-04:00,2.5362319946289062,2.5764899253845215,2.495974063873291,2.556360960006714,23052,0.0,0.0
2010-10-13 00:00:00-04:00,2.556360960006714,2.5966179370880127,2.455717086791992,2.495974063873291,61603,0.0,0.0
2010-10-14 00:00:00-04:00,2.5161030292510986,2.556360960006714,2.415458917617798,2.415458917617798,25536,0.0,0.0
2010-10-15 00:00:00-04:00,2.495974063873291,2.5161030292510986,2.3752009868621826,2.3752009868621826,23449,0.0,0.0
2010-10-18 00:00:00-04:00,2.314815044403076,2.334944009780884,2.254427909851074,2.2946860790252686,58374,0.0,0.0
2010-10-19 00:00:00-04:00,2.1940419673919678,2.234299898147583,2.133655071258545,2.1537840366363525,73924,0.0,0.0
2010-10-20 00:00:00-04:00,2.234299898147583,2.355072021484375,2.234299898147583,2.334944009780884,51369,0.0,0.0
2010-10-21 00:00:00-04:00,2.2946860790252686,2.355072021484375,2.133655071258545,2.133655071258545,31149,0.0,0.0
2010-10-22 00:00:00-04:00,2.1940419673919678,2.2141709327697754,2.1537840366363525,2.1940419673919678,12072,0.0,0.0
2010-10-25 00:00:00-04:00,2.234299898147583,2.234299898147583,2.17391300201416,2.234299898147583,25188,0.0,0.0
2010-10-26 00:00:00-04:00,2.133655071258545,2.2141709327697754,2.1135270595550537,2.1135270595550537,31348,0.0,0.0
2010-10-27 00:00:00-04:00,2.093398094177246,2.133655071258545,2.0128819942474365,2.0531399250030518,31398,0.0,0.0
2010-10-28 00:00:00-04:00,2.0531399250030518,2.0732688903808594,1.9927539825439453,2.0732688903808594,52313,0.0,0.0
2010-10-29 00:00:00-04:00,2.033010959625244,2.133655071258545,2.0128819942474365,2.0128819942474365,22505,0.0,0.0
2010-11-01 00:00:00-04:00,2.0128819942474365,2.1135270595550537,1.95249605178833,1.95249605178833,57380,0.0,0.0
2010-11-02 00:00:00-04:00,1.9927539825439453,2.0128819942474365,1.8719810247421265,1.95249605178833,44762,0.0,0.0
2010-11-03 00:00:00-04:00,1.95249605178833,1.9927539825439453,1.9122380018234253,1.9726250171661377,18580,0.0,0.0
2010-11-04 00:00:00-04:00,2.0128819942474365,2.133655071258545,2.0128819942474365,2.1135270595550537,59964,0.0,0.0
2010-11-05 00:00:00-04:00,2.1537840366363525,2.1940419673919678,2.1135270595550537,2.1135270595550537,39744,0.0,0.0
2010-11-08 00:00:00-05:00,2.274557113647461,2.334944009780884,2.2141709327697754,2.314815044403076,116351,0.0,0.0
2010-11-09 00:00:00-05:00,2.415458917617798,2.455717086791992,2.334944009780884,2.334944009780884,89523,0.0,0.0
2010-11-10 00:00:00-05:00,2.3752009868621826,2.3953299522399902,2.2141709327697754,2.2141709327697754,26380,0.0,0.0
2010-11-11 00:00:00-05:00,2.234299898147583,2.355072021484375,2.2141709327697754,2.314815044403076,7800,0.0,0.0
2010-11-12 00:00:00-05:00,2.314815044403076,2.355072021484375,2.2141709327697754,2.234299898147583,14904,0.0,0.0
2010-11-15 00:00:00-05:00,2.2946860790252686,2.2946860790252686,2.1940419673919678,2.2141709327697754,16196,0.0,0.0
2010-11-16 00:00:00-05:00,2.1135270595550537,2.17391300201416,1.95249605178833,2.1135270595550537,48339,0.0,0.0
2010-11-17 00:00:00-05:00,2.033010959625244,2.093398094177246,2.033010959625244,2.0531399250030518,6409,0.0,0.0
2010-11-18 00:00:00-05:00,2.1135270595550537,2.2141709327697754,2.0732688903808594,2.1537840366363525,25784,0.0,0.0
2010-11-19 00:00:00-05:00,2.1537840366363525,2.1940419673919678,2.1135270595550537,2.17391300201416,6756,0.0,0.0
2010-11-22 00:00:00-05:00,2.17391300201416,2.254427909851074,2.133655071258545,2.254427909851074,19027,0.0,0.0
2010-11-23 00:00:00-05:00,2.254427909851074,2.314815044403076,2.2141709327697754,2.234299898147583,49928,0.0,0.0
2010-11-24 00:00:00-05:00,2.314815044403076,2.3953299522399902,2.314815044403076,2.3752009868621826,21412,0.0,0.0
2010-11-26 00:00:00-05:00,2.3752009868621826,2.495974063873291,2.3752009868621826,2.3953299522399902,28665,0.0,0.0
2010-11-29 00:00:00-05:00,2.314815044403076,2.4355878829956055,2.2946860790252686,2.314815044403076,75911,0.0,0.0
2010-11-30 00:00:00-05:00,2.314815044403076,2.334944009780884,2.2141709327697754,2.2141709327697754,35968,0.0,0.0
2010-12-01 00:00:00-05:00,2.254427909851074,2.274557113647461,2.1940419673919678,2.234299898147583,56933,0.0,0.0
2010-12-02 00:00:00-05:00,2.254427909851074,2.314815044403076,2.254427909851074,2.314815044403076,19226,0.0,0.0
2010-12-03 00:00:00-05:00,2.2946860790252686,2.355072021484375,2.2141709327697754,2.334944009780884,14656,0.0,0.0
2010-12-06 00:00:00-05:00,2.274557113647461,2.3752009868621826,2.234299898147583,2.3752009868621826,32938,0.0,0.0
2010-12-07 00:00:00-05:00,2.3752009868621826,2.3953299522399902,2.334944009780884,2.3752009868621826,30802,0.0,0.0
2010-12-08 00:00:00-05:00,2.415458917617798,2.415458917617798,2.314815044403076,2.334944009780884,13314,0.0,0.0
2010-12-09 00:00:00-05:00,2.3953299522399902,2.3953299522399902,2.254427909851074,2.314815044403076,9439,0.0,0.0
2010-12-10 00:00:00-05:00,2.2946860790252686,2.314815044403076,2.2141709327697754,2.234299898147583,44563,0.0,0.0
2010-12-13 00:00:00-05:00,2.3752009868621826,2.415458917617798,2.234299898147583,2.234299898147583,46650,0.0,0.0
2010-12-14 00:00:00-05:00,2.2946860790252686,2.3752009868621826,2.2141709327697754,2.254427909851074,46749,0.0,0.0
2010-12-15 00:00:00-05:00,2.2141709327697754,2.2946860790252686,2.0531399250030518,2.234299898147583,31199,0.0,0.0
2010-12-16 00:00:00-05:00,2.1940419673919678,2.314815044403076,2.1940419673919678,2.274557113647461,14556,0.0,0.0
2010-12-17 00:00:00-05:00,2.234299898147583,2.455717086791992,2.234299898147583,2.3752009868621826,87785,0.0,0.0
2010-12-20 00:00:00-05:00,2.3752009868621826,2.495974063873291,2.3752009868621826,2.4355878829956055,64038,0.0,0.0
2010-12-21 00:00:00-05:00,2.4758450984954834,2.556360960006714,2.455717086791992,2.5362319946289062,25486,0.0,0.0
2010-12-22 00:00:00-05:00,2.5362319946289062,2.5764899253845215,2.495974063873291,2.556360960006714,67664,0.0,0.0
2010-12-23 00:00:00-05:00,2.556360960006714,2.556360960006714,2.4758450984954834,2.5161030292510986,37459,0.0,0.0
2010-12-27 00:00:00-05:00,2.254427909851074,2.556360960006714,2.254427909851074,2.2946860790252686,12966,0.0,0.0
2010-12-28 00:00:00-05:00,2.495974063873291,2.556360960006714,2.2946860790252686,2.455717086791992,20568,0.0,0.0
2010-12-29 00:00:00-05:00,2.5362319946289062,2.5764899253845215,2.495974063873291,2.5764899253845215,42377,0.0,0.0
2010-12-30 00:00:00-05:00,2.5966179370880127,2.5966179370880127,2.495974063873291,2.5161030292510986,34428,0.0,0.0
2010-12-31 00:00:00-05:00,2.5362319946289062,2.91867995262146,2.5362319946289062,2.91867995262146,160715,0.0,0.0
2011-01-03 00:00:00-05:00,3.0193240642547607,3.361514091491699,3.0193240642547607,3.220612049102783,106415,0.0,0.0
2011-01-04 00:00:00-05:00,3.220612049102783,3.220612049102783,2.938807964324951,3.0193240642547607,87785,0.0,0.0
2011-01-05 00:00:00-05:00,3.0595810413360596,3.0595810413360596,2.91867995262146,2.958936929702759,45308,0.0,0.0
2011-01-06 00:00:00-05:00,2.958936929702759,2.958936929702759,2.6570050716400146,2.6570050716400146,70397,0.0,0.0
2011-01-07 00:00:00-05:00,2.6570050716400146,2.938807964324951,2.6570050716400146,2.91867995262146,57529,0.0,0.0
2011-01-10 00:00:00-05:00,2.91867995262146,2.938807964324951,2.7979071140289307,2.8784220218658447,56735,0.0,0.0
2011-01-11 00:00:00-05:00,2.8381640911102295,2.858293056488037,2.7375199794769287,2.8180348873138428,30156,0.0,0.0
2011-01-12 00:00:00-05:00,2.8381640911102295,3.039452075958252,2.777777910232544,3.039452075958252,33286,0.0,0.0
2011-01-13 00:00:00-05:00,3.039452075958252,3.0595810413360596,2.958936929702759,2.9790658950805664,37508,0.0,0.0
2011-01-14 00:00:00-05:00,2.999195098876953,3.0193240642547607,2.858293056488037,2.8784220218658447,21164,0.0,0.0
2011-01-18 00:00:00-05:00,2.8180348873138428,2.938807964324951,2.8180348873138428,2.8985509872436523,18829,0.0,0.0
2011-01-19 00:00:00-05:00,2.958936929702759,3.0193240642547607,2.8985509872436523,2.958936929702759,28268,0.0,0.0
2011-01-20 00:00:00-05:00,2.958936929702759,2.958936929702759,2.7576489448547363,2.8784220218658447,77352,0.0,0.0
2011-01-21 00:00:00-05:00,2.8180348873138428,3.0193240642547607,2.8180348873138428,2.9790658950805664,30156,0.0,0.0
2011-01-24 00:00:00-05:00,3.0193240642547607,3.0193240642547607,2.858293056488037,2.858293056488037,15749,0.0,0.0
2011-01-25 00:00:00-05:00,2.8381640911102295,2.8381640911102295,2.717391014099121,2.7375199794769287,34428,0.0,0.0
2011-01-26 00:00:00-05:00,2.717391014099121,2.717391014099121,2.5966179370880127,2.717391014099121,74669,0.0,0.0
2011-01-27 00:00:00-05:00,2.6771340370178223,2.6972620487213135,2.5362319946289062,2.6167469024658203,128721,0.0,0.0
2011-01-28 00:00:00-05:00,2.6167469024658203,2.6167469024658203,2.5764899253845215,2.5764899253845215,12718,0.0,0.0
2011-01-31 00:00:00-05:00,2.5966179370880127,2.6771340370178223,2.5966179370880127,2.636876106262207,28268,0.0,0.0
2011-02-01 00:00:00-05:00,2.777777910232544,2.8985509872436523,2.7576489448547363,2.858293056488037,29262,0.0,0.0
2011-02-02 00:00:00-05:00,2.858293056488037,2.91867995262146,2.777777910232544,2.91867995262146,21114,0.0,0.0
2011-02-03 00:00:00-05:00,2.8985509872436523,2.958936929702759,2.8180348873138428,2.91867995262146,51667,0.0,0.0
2011-02-04 00:00:00-05:00,2.938807964324951,2.958936929702759,2.858293056488037,2.8784220218658447,29262,0.0,0.0
2011-02-07 00:00:00-05:00,2.8985509872436523,2.938807964324951,2.8180348873138428,2.8180348873138428,51916,0.0,0.0
2011-02-08 00:00:00-05:00,2.7979071140289307,2.8381640911102295,2.717391014099121,2.717391014099121,18829,0.0,0.0
2011-02-09 00:00:00-05:00,2.717391014099121,2.7375199794769287,2.6167469024658203,2.636876106262207,41284,0.0,0.0
2011-02-10 00:00:00-05:00,2.6167469024658203,2.636876106262207,2.556360960006714,2.5966179370880127,32988,0.0,0.0
2011-02-11 00:00:00-05:00,2.5966179370880127,2.6972620487213135,2.5362319946289062,2.6972620487213135,52959,0.0,0.0
2011-02-14 00:00:00-05:00,2.717391014099121,3.1199679374694824,2.636876106262207,3.079710006713867,374339,0.0,0.0
2011-02-15 00:00:00-05:00,3.1602249145507812,3.361514091491699,3.0193240642547607,3.1199679374694824,193901,0.0,0.0
2011-02-16 00:00:00-05:00,3.180354118347168,3.2004830837249756,3.0595810413360596,3.1199679374694824,114960,0.0,0.0
2011-02-17 00:00:00-05:00,3.1199679374694824,3.1199679374694824,3.0193240642547607,3.0595810413360596,66223,0.0,0.0
2011-02-18 00:00:00-05:00,3.0193240642547607,3.0595810413360596,2.938807964324951,2.999195098876953,140644,0.0,0.0
2011-02-22 00:00:00-05:00,3.0193240642547607,3.0595810413360596,2.8985509872436523,2.91867995262146,107408,0.0,0.0
2011-02-23 00:00:00-05:00,2.91867995262146,3.039452075958252,2.91867995262146,2.9790658950805664,31547,0.0,0.0
2011-02-24 00:00:00-05:00,2.9790658950805664,2.999195098876953,2.858293056488037,2.91867995262146,30553,0.0,0.0
2011-02-25 00:00:00-05:00,2.91867995262146,3.039452075958252,2.858293056488037,3.0193240642547607,30056,0.0,0.0
2011-02-28 00:00:00-05:00,3.039452075958252,3.099838972091675,2.999195098876953,3.0193240642547607,30156,0.0,0.0
2011-03-01 00:00:00-05:00,3.079710006713867,3.079710006713867,2.938807964324951,2.999195098876953,50723,0.0,0.0
2011-03-02 00:00:00-05:00,2.91867995262146,2.958936929702759,2.8784220218658447,2.8985509872436523,61852,0.0,0.0
2011-03-03 00:00:00-05:00,2.8985509872436523,3.0193240642547607,2.8985509872436523,3.0193240642547607,27274,0.0,0.0
2011-03-04 00:00:00-05:00,3.0193240642547607,3.039452075958252,2.9790658950805664,3.0193240642547607,27572,0.0,0.0
2011-03-07 00:00:00-05:00,3.0193240642547607,3.079710006713867,2.958936929702759,3.0193240642547607,28218,0.0,0.0
2011-03-08 00:00:00-05:00,2.9790658950805664,3.039452075958252,2.9790658950805664,2.9790658950805664,51916,0.0,0.0
2011-03-09 00:00:00-05:00,2.999195098876953,3.0595810413360596,2.938807964324951,2.999195098876953,46699,0.0,0.0
2011-03-10 00:00:00-05:00,2.938807964324951,2.9790658950805664,2.7979071140289307,2.8180348873138428,28367,0.0,0.0
2011-03-11 00:00:00-05:00,2.777777910232544,2.8381640911102295,2.5362319946289062,2.8180348873138428,119182,0.0,0.0
2011-03-14 00:00:00-04:00,2.636876106262207,2.6771340370178223,2.3953299522399902,2.6167469024658203,62746,0.0,0.0
2011-03-15 00:00:00-04:00,2.495974063873291,2.556360960006714,2.1135270595550537,2.415458917617798,116400,0.0,0.0
2011-03-16 00:00:00-04:00,2.3953299522399902,2.455717086791992,2.234299898147583,2.314815044403076,51170,0.0,0.0
2011-03-17 00:00:00-04:00,2.274557113647461,2.3752009868621826,2.234299898147583,2.3752009868621826,55095,0.0,0.0
2011-03-18 00:00:00-04:00,2.4355878829956055,2.6771340370178223,2.415458917617798,2.6167469024658203,43172,0.0,0.0
2011-03-21 00:00:00-04:00,2.7375199794769287,2.7576489448547363,2.556360960006714,2.6167469024658203,42327,0.0,0.0
2011-03-22 00:00:00-04:00,2.6972620487213135,2.6972620487213135,2.6167469024658203,2.6167469024658203,4024,0.0,0.0
2011-03-23 00:00:00-04:00,2.6167469024658203,2.6167469024658203,2.4758450984954834,2.495974063873291,23995,0.0,0.0
2011-03-24 00:00:00-04:00,2.5161030292510986,2.636876106262207,2.495974063873291,2.495974063873291,44315,0.0,0.0
2011-03-25 00:00:00-04:00,2.5362319946289062,2.636876106262207,2.4758450984954834,2.5966179370880127,17040,0.0,0.0
2011-03-28 00:00:00-04:00,2.556360960006714,2.556360960006714,2.4758450984954834,2.556360960006714,14954,0.0,0.0
2011-03-29 00:00:00-04:00,2.5161030292510986,2.556360960006714,2.4355878829956055,2.4355878829956055,36962,0.0,0.0
2011-03-30 00:00:00-04:00,2.495974063873291,2.6972620487213135,2.455717086791992,2.5161030292510986,39595,0.0,0.0
2011-03-31 00:00:00-04:00,2.5966179370880127,2.5966179370880127,2.4758450984954834,2.495974063873291,11874,0.0,0.0
2011-04-01 00:00:00-04:00,2.455717086791992,2.556360960006714,2.4355878829956055,2.455717086791992,6061,0.0,0.0
2011-04-04 00:00:00-04:00,2.5161030292510986,2.636876106262207,2.5161030292510986,2.556360960006714,15699,0.0,0.0
2011-04-05 00:00:00-04:00,2.5966179370880127,2.7375199794769287,2.5966179370880127,2.6972620487213135,57033,0.0,0.0
2011-04-06 00:00:00-04:00,2.7375199794769287,2.8180348873138428,2.6570050716400146,2.717391014099121,35024,0.0,0.0
2011-04-07 00:00:00-04:00,2.717391014099121,2.777777910232544,2.717391014099121,2.717391014099121,30354,0.0,0.0
2011-04-08 00:00:00-04:00,2.7979071140289307,2.7979071140289307,2.6570050716400146,2.6570050716400146,17040,0.0,0.0
2011-04-11 00:00:00-04:00,2.6570050716400146,2.7375199794769287,2.5161030292510986,2.5362319946289062,50624,0.0,0.0
2011-04-12 00:00:00-04:00,2.5362319946289062,2.5966179370880127,2.5161030292510986,2.5362319946289062,39595,0.0,0.0
2011-04-13 00:00:00-04:00,2.5764899253845215,2.636876106262207,2.5161030292510986,2.556360960006714,31795,0.0,0.0
2011-04-14 00:00:00-04:00,2.556360960006714,2.556360960006714,2.4758450984954834,2.5362319946289062,18431,0.0,0.0
2011-04-15 00:00:00-04:00,2.5764899253845215,2.5966179370880127,2.5362319946289062,2.5362319946289062,35322,0.0,0.0
2011-04-18 00:00:00-04:00,2.556360960006714,2.556360960006714,2.3953299522399902,2.415458917617798,61057,0.0,0.0
2011-04-19 00:00:00-04:00,2.415458917617798,2.4758450984954834,2.314815044403076,2.3752009868621826,37608,0.0,0.0
2011-04-20 00:00:00-04:00,2.334944009780884,2.4355878829956055,2.334944009780884,2.355072021484375,30901,0.0,0.0
2011-04-21 00:00:00-04:00,2.355072021484375,2.455717086791992,2.355072021484375,2.415458917617798,6707,0.0,0.0
2011-04-25 00:00:00-04:00,2.415458917617798,2.415458917617798,2.334944009780884,2.415458917617798,24393,0.0,0.0
2011-04-26 00:00:00-04:00,2.4355878829956055,2.495974063873291,2.3953299522399902,2.415458917617798,35869,0.0,0.0
2011-04-27 00:00:00-04:00,2.334944009780884,2.355072021484375,2.274557113647461,2.314815044403076,29709,0.0,0.0
2011-04-28 00:00:00-04:00,2.2141709327697754,2.3752009868621826,2.1135270595550537,2.3752009868621826,136173,0.0,0.0
2011-04-29 00:00:00-04:00,2.455717086791992,2.5966179370880127,2.3752009868621826,2.4758450984954834,162950,0.0,0.0
2011-05-02 00:00:00-04:00,2.495974063873291,2.5161030292510986,2.274557113647461,2.334944009780884,45706,0.0,0.0
2011-05-03 00:00:00-04:00,2.234299898147583,2.3953299522399902,2.2141709327697754,2.254427909851074,23598,0.0,0.0
2011-05-04 00:00:00-04:00,2.254427909851074,2.314815044403076,2.2141709327697754,2.254427909851074,31696,0.0,0.0
2011-05-05 00:00:00-04:00,2.2946860790252686,2.2946860790252686,2.133655071258545,2.234299898147583,37707,0.0,0.0
2011-05-06 00:00:00-04:00,2.274557113647461,2.274557113647461,2.1537840366363525,2.1940419673919678,27324,0.0,0.0
2011-05-09 00:00:00-04:00,2.133655071258545,2.274557113647461,2.133655071258545,2.254427909851074,17239,0.0,0.0
2011-05-10 00:00:00-04:00,2.254427909851074,2.2946860790252686,2.1940419673919678,2.234299898147583,6111,0.0,0.0
2011-05-11 00:00:00-04:00,2.2141709327697754,2.2141709327697754,2.0128819942474365,2.0128819942474365,61007,0.0,0.0
2011-05-12 00:00:00-04:00,1.9927539825439453,2.0531399250030518,1.892109990119934,2.033010959625244,89424,0.0,0.0
2011-05-13 00:00:00-04:00,2.1135270595550537,2.133655071258545,1.9927539825439453,1.9927539825439453,31944,0.0,0.0
2011-05-16 00:00:00-04:00,2.033010959625244,2.033010959625244,1.7914650440216064,1.8317229747772217,100900,0.0,0.0
2011-05-17 00:00:00-04:00,1.811594009399414,1.8317229747772217,1.6103060245513916,1.7109500169754028,60162,0.0,0.0
2011-05-18 00:00:00-04:00,1.751207947731018,1.7914650440216064,1.7310789823532104,1.751207947731018,55344,0.0,0.0
2011-05-19 00:00:00-04:00,1.751207947731018,1.8719810247421265,1.751207947731018,1.7713370323181152,15103,0.0,0.0
2011-05-20 00:00:00-04:00,1.751207947731018,1.751207947731018,1.670691967010498,1.7310789823532104,21313,0.0,0.0
2011-05-23 00:00:00-04:00,1.7109500169754028,1.7713370323181152,1.6103060245513916,1.7713370323181152,15252,0.0,0.0
2011-05-24 00:00:00-04:00,1.7109500169754028,1.751207947731018,1.6304349899291992,1.6505639553070068,19276,0.0,0.0
2011-05-25 00:00:00-04:00,1.6505639553070068,1.751207947731018,1.6505639553070068,1.751207947731018,10632,0.0,0.0
2011-05-26 00:00:00-04:00,1.7310789823532104,1.811594009399414,1.7109500169754028,1.7713370323181152,8694,0.0,0.0
2011-05-27 00:00:00-04:00,1.7914650440216064,1.7914650440216064,1.7310789823532104,1.7914650440216064,41483,0.0,0.0
2011-05-31 00:00:00-04:00,1.8518520593643188,1.8719810247421265,1.7914650440216064,1.8518520593643188,47047,0.0,0.0
2011-06-01 00:00:00-04:00,1.932366967201233,1.932366967201233,1.8518520593643188,1.8518520593643188,17140,0.0,0.0
2011-06-02 00:00:00-04:00,1.8719810247421265,1.8719810247421265,1.811594009399414,1.811594009399414,6806,0.0,0.0
2011-06-03 00:00:00-04:00,1.811594009399414,1.8317229747772217,1.7310789823532104,1.7713370323181152,6856,0.0,0.0
2011-06-06 00:00:00-04:00,1.751207947731018,1.7713370323181152,1.7109500169754028,1.7310789823532104,11575,0.0,0.0
2011-06-07 00:00:00-04:00,1.7310789823532104,1.7310789823532104,1.670691967010498,1.7310789823532104,18680,0.0,0.0
2011-06-08 00:00:00-04:00,1.6908210515975952,1.7109500169754028,1.6304349899291992,1.670691967010498,26579,0.0,0.0
2011-06-09 00:00:00-04:00,1.6304349899291992,1.7109500169754028,1.6103060245513916,1.670691967010498,15351,0.0,0.0
2011-06-10 00:00:00-04:00,1.7109500169754028,1.7109500169754028,1.6505639553070068,1.7109500169754028,23747,0.0,0.0
2011-06-13 00:00:00-04:00,1.670691967010498,1.670691967010498,1.6103060245513916,1.6103060245513916,37161,0.0,0.0
2011-06-14 00:00:00-04:00,1.6103060245513916,1.6505639553070068,1.590177059173584,1.6103060245513916,9886,0.0,0.0
2011-06-15 00:00:00-04:00,1.6103060245513916,1.670691967010498,1.590177059173584,1.6103060245513916,24741,0.0,0.0
2011-06-16 00:00:00-04:00,1.6103060245513916,1.6103060245513916,1.4291470050811768,1.449275016784668,61802,0.0,0.0
2011-06-17 00:00:00-04:00,1.449275016784668,1.4895329475402832,1.4090180397033691,1.449275016784668,17934,0.0,0.0
2011-06-20 00:00:00-04:00,1.4291470050811768,1.4291470050811768,1.2479870319366455,1.308374047279358,20021,0.0,0.0
2011-06-21 00:00:00-04:00,1.308374047279358,1.3486310243606567,1.2278579473495483,1.2882449626922607,49581,0.0,0.0
2011-06-22 00:00:00-04:00,1.2882449626922607,1.3687599897384644,1.2681159973144531,1.3486310243606567,96926,0.0,0.0
2011-06-23 00:00:00-04:00,1.4090180397033691,1.4090180397033691,1.3285020589828491,1.3285020589828491,10731,0.0,0.0
2011-06-24 00:00:00-04:00,1.4090180397033691,1.4291470050811768,1.2479870319366455,1.2681159973144531,26529,0.0,0.0
2011-06-27 00:00:00-04:00,1.2479870319366455,1.2882449626922607,1.2278579473495483,1.2882449626922607,11128,0.0,0.0
2011-06-28 00:00:00-04:00,1.2278579473495483,1.2882449626922607,1.2278579473495483,1.2479870319366455,12370,0.0,0.0
2011-06-29 00:00:00-04:00,1.2479870319366455,1.308374047279358,1.2479870319366455,1.2882449626922607,15401,0.0,0.0
2011-06-30 00:00:00-04:00,1.308374047279358,1.3687599897384644,1.308374047279358,1.3486310243606567,10184,0.0,0.0
2011-07-01 00:00:00-04:00,1.3486310243606567,1.4090180397033691,1.3285020589828491,1.4090180397033691,28020,0.0,0.0
2011-07-05 00:00:00-04:00,1.4694039821624756,1.4895329475402832,1.4291470050811768,1.449275016784668,25685,0.0,0.0
2011-07-06 00:00:00-04:00,1.4291470050811768,1.4694039821624756,1.4291470050811768,1.4291470050811768,11923,0.0,0.0
2011-07-07 00:00:00-04:00,1.4895329475402832,1.5700479745864868,1.4694039821624756,1.529790997505188,77948,0.0,0.0
2011-07-08 00:00:00-04:00,1.5700479745864868,1.5700479745864868,1.5096620321273804,1.529790997505188,78743,0.0,0.0
2011-07-11 00:00:00-04:00,1.5499190092086792,1.5700479745864868,1.449275016784668,1.4895329475402832,13712,0.0,0.0
2011-07-12 00:00:00-04:00,1.4694039821624756,1.4895329475402832,1.4291470050811768,1.449275016784668,69800,0.0,0.0
2011-07-13 00:00:00-04:00,1.449275016784668,1.529790997505188,1.449275016784668,1.529790997505188,30752,0.0,0.0
2011-07-14 00:00:00-04:00,1.449275016784668,1.5700479745864868,1.449275016784668,1.5499190092086792,4968,0.0,0.0
2011-07-15 00:00:00-04:00,1.590177059173584,1.7914650440216064,1.590177059173584,1.7914650440216064,40539,0.0,0.0
2011-07-18 00:00:00-04:00,1.7713370323181152,1.7713370323181152,1.670691967010498,1.6908210515975952,15749,0.0,0.0
2011-07-19 00:00:00-04:00,1.7310789823532104,1.7914650440216064,1.670691967010498,1.751207947731018,21561,0.0,0.0
2011-07-20 00:00:00-04:00,1.7713370323181152,1.7713370323181152,1.7310789823532104,1.7713370323181152,11277,0.0,0.0
2011-07-21 00:00:00-04:00,1.811594009399414,1.811594009399414,1.7109500169754028,1.7109500169754028,12668,0.0,0.0
2011-07-22 00:00:00-04:00,1.7310789823532104,1.7310789823532104,1.6908210515975952,1.7109500169754028,21064,0.0,0.0
2011-07-25 00:00:00-04:00,1.751207947731018,1.7713370323181152,1.6908210515975952,1.7109500169754028,40887,0.0,0.0
2011-07-26 00:00:00-04:00,1.7310789823532104,1.7310789823532104,1.6304349899291992,1.670691967010498,18630,0.0,0.0
2011-07-27 00:00:00-04:00,1.670691967010498,1.670691967010498,1.590177059173584,1.6103060245513916,24492,0.0,0.0
2011-07-28 00:00:00-04:00,1.5700479745864868,1.6505639553070068,1.5499190092086792,1.5499190092086792,8744,0.0,0.0
2011-07-29 00:00:00-04:00,1.529790997505188,1.590177059173584,1.5096620321273804,1.5096620321273804,12768,0.0,0.0
2011-08-01 00:00:00-04:00,1.529790997505188,1.529790997505188,1.4291470050811768,1.4291470050811768,22207,0.0,0.0
2011-08-02 00:00:00-04:00,1.5096620321273804,1.5700479745864868,1.4895329475402832,1.5096620321273804,31348,0.0,0.0
2011-08-03 00:00:00-04:00,1.4694039821624756,1.4694039821624756,1.3486310243606567,1.388888955116272,12619,0.0,0.0
2011-08-04 00:00:00-04:00,1.4291470050811768,1.4291470050811768,1.308374047279358,1.3285020589828491,20369,0.0,0.0
2011-08-05 00:00:00-04:00,1.2882449626922607,1.308374047279358,1.2278579473495483,1.2681159973144531,23350,0.0,0.0
2011-08-08 00:00:00-04:00,1.1473430395126343,1.1876009702682495,1.0064409971237183,1.0265699625015259,65031,0.0,0.0
2011-08-09 00:00:00-04:00,1.0064409971237183,1.1473430395126343,0.9863119721412659,1.046699047088623,55890,0.0,0.0
2011-08-10 00:00:00-04:00,1.0668280124664307,1.167472004890442,1.0668280124664307,1.167472004890442,9986,0.0,0.0
2011-08-11 00:00:00-04:00,1.167472004890442,1.3285020589828491,1.167472004890442,1.308374047279358,42228,0.0,0.0
2011-08-12 00:00:00-04:00,1.4694039821624756,1.4694039821624756,1.3285020589828491,1.3285020589828491,16991,0.0,0.0
2011-08-15 00:00:00-04:00,1.308374047279358,1.4291470050811768,1.308374047279358,1.3486310243606567,25883,0.0,0.0
2011-08-16 00:00:00-04:00,1.3285020589828491,1.388888955116272,1.308374047279358,1.3285020589828491,7750,0.0,0.0
2011-08-17 00:00:00-04:00,1.308374047279358,1.3486310243606567,1.2278579473495483,1.2278579473495483,38254,0.0,0.0
2011-08-18 00:00:00-04:00,1.308374047279358,1.308374047279358,1.2278579473495483,1.2681159973144531,7005,0.0,0.0
2011-08-19 00:00:00-04:00,1.2882449626922607,1.2882449626922607,1.2278579473495483,1.2479870319366455,3875,0.0,0.0
2011-08-22 00:00:00-04:00,1.308374047279358,1.4291470050811768,1.2479870319366455,1.2681159973144531,17587,0.0,0.0
2011-08-23 00:00:00-04:00,1.3687599897384644,1.3687599897384644,1.2681159973144531,1.308374047279358,5465,0.0,0.0
2011-08-24 00:00:00-04:00,1.308374047279358,1.3687599897384644,1.2681159973144531,1.308374047279358,21313,0.0,0.0
2011-08-25 00:00:00-04:00,1.3486310243606567,1.3687599897384644,1.308374047279358,1.3486310243606567,11476,0.0,0.0
2011-08-26 00:00:00-04:00,1.2882449626922607,1.388888955116272,1.2882449626922607,1.308374047279358,11377,0.0,0.0
2011-08-29 00:00:00-04:00,1.3486310243606567,1.3687599897384644,1.3486310243606567,1.3486310243606567,7204,0.0,0.0
2011-08-30 00:00:00-04:00,1.3687599897384644,1.3687599897384644,1.2681159973144531,1.2882449626922607,19276,0.0,0.0
2011-08-31 00:00:00-04:00,1.308374047279358,1.3285020589828491,1.2882449626922607,1.2882449626922607,7402,0.0,0.0
2011-09-01 00:00:00-04:00,1.2882449626922607,1.3285020589828491,1.2882449626922607,1.3285020589828491,2981,0.0,0.0
2011-09-02 00:00:00-04:00,1.2479870319366455,1.2479870319366455,1.1473430395126343,1.2278579473495483,31547,0.0,0.0
2011-09-06 00:00:00-04:00,1.1876009702682495,1.2278579473495483,1.1473430395126343,1.1876009702682495,15500,0.0,0.0
2011-09-07 00:00:00-04:00,1.1876009702682495,1.2278579473495483,1.167472004890442,1.2278579473495483,16295,0.0,0.0
2011-09-08 00:00:00-04:00,1.167472004890442,1.2077289819717407,1.167472004890442,1.2077289819717407,3925,0.0,0.0
2011-09-09 00:00:00-04:00,1.2077289819717407,1.2077289819717407,1.127213954925537,1.1876009702682495,26032,0.0,0.0
2011-09-12 00:00:00-04:00,1.167472004890442,1.167472004890442,1.046699047088623,1.1070849895477295,21511,0.0,0.0
2011-09-13 00:00:00-04:00,1.127213954925537,1.1473430395126343,1.0668280124664307,1.0668280124664307,9588,0.0,0.0
2011-09-14 00:00:00-04:00,1.1473430395126343,1.1473430395126343,1.0668280124664307,1.0668280124664307,10930,0.0,0.0
2011-09-15 00:00:00-04:00,1.0869569778442383,1.0869569778442383,1.0265699625015259,1.0668280124664307,9638,0.0,0.0
2011-09-16 00:00:00-04:00,1.0869569778442383,1.0869569778442383,1.0869569778442383,1.0869569778442383,994,0.0,0.0
2011-09-19 00:00:00-04:00,1.0265699625015259,1.0668280124664307,1.0064409971237183,1.0265699625015259,33087,0.0,0.0
2011-09-20 00:00:00-04:00,1.046699047088623,1.046699047088623,1.0265699625015259,1.0265699625015259,7849,0.0,0.0
2011-09-21 00:00:00-04:00,1.046699047088623,1.0869569778442383,1.046699047088623,1.0869569778442383,43818,0.0,0.0
2011-09-22 00:00:00-04:00,0.9863119721412659,1.0265699625015259,0.9863119721412659,1.0064409971237183,10880,0.0,0.0
2011-09-23 00:00:00-04:00,1.0668280124664307,1.0668280124664307,0.865539014339447,0.9661840200424194,61454,0.0,0.0
2011-09-26 00:00:00-04:00,0.9661840200424194,0.9661840200424194,0.8252819776535034,0.865539014339447,32491,0.0,0.0
2011-09-27 00:00:00-04:00,0.9863119721412659,0.9863119721412659,0.946054995059967,0.946054995059967,6707,0.0,0.0
2011-09-28 00:00:00-04:00,0.905797004699707,0.946054995059967,0.8252819776535034,0.8454110026359558,32838,0.0,0.0
2011-09-29 00:00:00-04:00,0.865539014339447,0.905797004699707,0.7850239872932434,0.865539014339447,35571,0.0,0.0
2011-09-30 00:00:00-04:00,0.8051530122756958,0.8454110026359558,0.7447670102119446,0.7850239872932434,22853,0.0,0.0
2011-10-03 00:00:00-04:00,0.7246379852294922,0.7850239872932434,0.7246379852294922,0.7648950219154358,82369,0.0,0.0
2011-10-04 00:00:00-04:00,0.7447670102119446,0.7850239872932434,0.7246379852294922,0.7246379852294922,3627,0.0,0.0
2011-10-05 00:00:00-04:00,0.8051530122756958,0.9661840200424194,0.7850239872932434,0.905797004699707,32590,0.0,0.0
2011-10-06 00:00:00-04:00,0.9661840200424194,0.9863119721412659,0.946054995059967,0.946054995059967,16394,0.0,0.0
2011-10-07 00:00:00-04:00,0.9863119721412659,0.9863119721412659,0.905797004699707,0.9259260296821594,5862,0.0,0.0
2011-10-10 00:00:00-04:00,0.946054995059967,0.9863119721412659,0.946054995059967,0.9863119721412659,15699,0.0,0.0
2011-10-11 00:00:00-04:00,0.905797004699707,0.9259260296821594,0.8856679797172546,0.8856679797172546,9688,0.0,0.0
2011-10-12 00:00:00-04:00,0.946054995059967,0.9863119721412659,0.8252819776535034,0.865539014339447,12966,0.0,0.0
2011-10-13 00:00:00-04:00,0.9259260296821594,0.946054995059967,0.8856679797172546,0.905797004699707,1838,0.0,0.0
2011-10-14 00:00:00-04:00,0.9863119721412659,1.0064409971237183,0.946054995059967,0.946054995059967,8942,0.0,0.0
2011-10-17 00:00:00-04:00,0.9661840200424194,0.9863119721412659,0.9259260296821594,0.9259260296821594,18878,0.0,0.0
2011-10-18 00:00:00-04:00,0.905797004699707,0.9661840200424194,0.8454110026359558,0.8856679797172546,12569,0.0,0.0
2011-10-19 00:00:00-04:00,0.905797004699707,0.9259260296821594,0.865539014339447,0.8856679797172546,20617,0.0,0.0
2011-10-20 00:00:00-04:00,0.865539014339447,0.865539014339447,0.865539014339447,0.865539014339447,3577,0.0,0.0
2011-10-21 00:00:00-04:00,0.865539014339447,0.8856679797172546,0.8252819776535034,0.8856679797172546,15848,0.0,0.0
2011-10-24 00:00:00-04:00,0.8856679797172546,0.8856679797172546,0.8454110026359558,0.8454110026359558,4720,0.0,0.0
2011-10-25 00:00:00-04:00,0.8856679797172546,0.8856679797172546,0.8051530122756958,0.8252819776535034,20369,0.0,0.0
2011-10-26 00:00:00-04:00,0.865539014339447,0.865539014339447,0.8252819776535034,0.8454110026359558,6508,0.0,0.0
2011-10-27 00:00:00-04:00,0.865539014339447,0.905797004699707,0.865539014339447,0.865539014339447,18580,0.0,0.0
2011-10-28 00:00:00-04:00,0.905797004699707,0.905797004699707,0.865539014339447,0.905797004699707,23399,0.0,0.0
2011-10-31 00:00:00-04:00,0.905797004699707,0.905797004699707,0.865539014339447,0.865539014339447,9737,0.0,0.0
2011-11-01 00:00:00-04:00,0.8454110026359558,0.865539014339447,0.7850239872932434,0.7850239872932434,10284,0.0,0.0
2011-11-02 00:00:00-04:00,0.8051530122756958,0.865539014339447,0.7447670102119446,0.7648950219154358,27473,0.0,0.0
2011-11-03 00:00:00-04:00,0.8051530122756958,0.8051530122756958,0.7850239872932434,0.7850239872932434,14407,0.0,0.0
2011-11-04 00:00:00-04:00,0.8051530122756958,0.8252819776535034,0.7648950219154358,0.8051530122756958,25088,0.0,0.0
2011-11-07 00:00:00-05:00,0.8252819776535034,0.8454110026359558,0.7447670102119446,0.7648950219154358,29560,0.0,0.0
2011-11-08 00:00:00-05:00,0.7850239872932434,0.8454110026359558,0.7850239872932434,0.8454110026359558,18481,0.0,0.0
2011-11-09 00:00:00-05:00,0.8252819776535034,0.8252819776535034,0.7850239872932434,0.8051530122756958,12470,0.0,0.0
2011-11-10 00:00:00-05:00,0.8051530122756958,0.8051530122756958,0.7447670102119446,0.7447670102119446,16394,0.0,0.0
2011-11-11 00:00:00-05:00,0.7648950219154358,0.7850239872932434,0.7447670102119446,0.7447670102119446,26778,0.0,0.0
2011-11-14 00:00:00-05:00,0.7648950219154358,0.7850239872932434,0.7447670102119446,0.7850239872932434,33782,0.0,0.0
2011-11-15 00:00:00-05:00,0.7850239872932434,0.7850239872932434,0.7648950219154358,0.7648950219154358,14308,0.0,0.0
2011-11-16 00:00:00-05:00,0.7648950219154358,0.8051530122756958,0.7648950219154358,0.7648950219154358,5564,0.0,0.0
2011-11-17 00:00:00-05:00,0.7850239872932434,0.8051530122756958,0.7045090198516846,0.7648950219154358,32441,0.0,0.0
2011-11-18 00:00:00-05:00,0.7447670102119446,0.7648950219154358,0.7045090198516846,0.7045090198516846,19773,0.0,0.0
2011-11-21 00:00:00-05:00,0.7045090198516846,0.7246379852294922,0.6441220045089722,0.6642510294914246,28566,0.0,0.0
2011-11-22 00:00:00-05:00,0.6642510294914246,0.6642510294914246,0.623993992805481,0.6441220045089722,21959,0.0,0.0
2011-11-23 00:00:00-05:00,0.6441220045089722,0.6642510294914246,0.623993992805481,0.623993992805481,13712,0.0,0.0
2011-11-25 00:00:00-05:00,0.623993992805481,0.6642510294914246,0.6038650274276733,0.6642510294914246,7204,0.0,0.0
2011-11-28 00:00:00-05:00,0.623993992805481,0.6441220045089722,0.6038650274276733,0.623993992805481,22902,0.0,0.0
2011-11-29 00:00:00-05:00,0.6038650274276733,0.6038650274276733,0.583736002445221,0.6038650274276733,14407,0.0,0.0
2011-11-30 00:00:00-05:00,0.583736002445221,0.583736002445221,0.5233489871025085,0.5434780120849609,29609,0.0,0.0
2011-12-01 00:00:00-05:00,0.5434780120849609,0.6038650274276733,0.5434780120849609,0.6038650274276733,6955,0.0,0.0
2011-12-02 00:00:00-05:00,0.583736002445221,0.6038650274276733,0.5636069774627686,0.583736002445221,26380,0.0,0.0
2011-12-05 00:00:00-05:00,0.583736002445221,0.623993992805481,0.5434780120849609,0.5636069774627686,94044,0.0,0.0
2011-12-06 00:00:00-05:00,0.583736002445221,0.6038650274276733,0.5636069774627686,0.6038650274276733,25138,0.0,0.0
2011-12-07 00:00:00-05:00,0.6038650274276733,0.6038650274276733,0.583736002445221,0.583736002445221,11724,0.0,0.0
2011-12-08 00:00:00-05:00,0.6038650274276733,0.6038650274276733,0.5636069774627686,0.583736002445221,25337,0.0,0.0
2011-12-09 00:00:00-05:00,0.5636069774627686,0.623993992805481,0.5636069774627686,0.623993992805481,2285,0.0,0.0
2011-12-12 00:00:00-05:00,0.6441220045089722,0.6441220045089722,0.5434780120849609,0.5636069774627686,30454,0.0,0.0
2011-12-13 00:00:00-05:00,0.5636069774627686,0.583736002445221,0.5434780120849609,0.5434780120849609,47593,0.0,0.0
2011-12-14 00:00:00-05:00,0.583736002445221,0.583736002445221,0.5032209753990173,0.5032209753990173,60063,0.0,0.0
2011-12-15 00:00:00-05:00,0.5434780120849609,0.5636069774627686,0.5032209753990173,0.5233489871025085,29709,0.0,0.0
2011-12-16 00:00:00-05:00,0.5233489871025085,0.5434780120849609,0.5032209753990173,0.5434780120849609,39048,0.0,0.0
2011-12-19 00:00:00-05:00,0.5233489871025085,0.5233489871025085,0.4428339898586273,0.4830920100212097,84456,0.0,0.0
2011-12-20 00:00:00-05:00,0.4830920100212097,0.4830920100212097,0.3824479877948761,0.4227049946784973,170303,0.0,0.0
2011-12-21 00:00:00-05:00,0.4428339898586273,0.5032209753990173,0.4227049946784973,0.4830920100212097,38105,0.0,0.0
2011-12-22 00:00:00-05:00,0.5032209753990173,0.5233489871025085,0.4629630148410797,0.4830920100212097,37558,0.0,0.0
2011-12-23 00:00:00-05:00,0.5233489871025085,0.583736002445221,0.5233489871025085,0.5434780120849609,30901,0.0,0.0
2011-12-27 00:00:00-05:00,0.5233489871025085,0.583736002445221,0.5233489871025085,0.5636069774627686,48289,0.0,0.0
2011-12-28 00:00:00-05:00,0.583736002445221,0.6038650274276733,0.5233489871025085,0.5233489871025085,79736,0.0,0.0
2011-12-29 00:00:00-05:00,0.5233489871025085,0.5233489871025085,0.5032209753990173,0.5233489871025085,27324,0.0,0.0
2011-12-30 00:00:00-05:00,0.5233489871025085,0.5434780120849609,0.5233489871025085,0.5233489871025085,42625,0.0,0.0
2012-01-03 00:00:00-05:00,0.5233489871025085,0.5636069774627686,0.5233489871025085,0.5636069774627686,5465,0.0,0.0
2012-01-04 00:00:00-05:00,0.583736002445221,0.6038650274276733,0.583736002445221,0.583736002445221,2087,0.0,0.0
2012-01-05 00:00:00-05:00,0.6038650274276733,0.6843799948692322,0.6038650274276733,0.6642510294914246,8744,0.0,0.0
2012-01-06 00:00:00-05:00,0.6843799948692322,0.7045090198516846,0.6843799948692322,0.6843799948692322,41831,0.0,0.0
2012-01-09 00:00:00-05:00,0.6843799948692322,0.7045090198516846,0.6843799948692322,0.7045090198516846,21611,0.0,0.0
2012-01-10 00:00:00-05:00,0.7045090198516846,0.7045090198516846,0.7045090198516846,0.7045090198516846,9191,0.0,0.0
2012-01-11 00:00:00-05:00,0.7045090198516846,0.7045090198516846,0.6642510294914246,0.6642510294914246,7253,0.0,0.0
2012-01-12 00:00:00-05:00,0.6441220045089722,0.6642510294914246,0.623993992805481,0.6642510294914246,10582,0.0,0.0
2012-01-13 00:00:00-05:00,0.6441220045089722,0.6441220045089722,0.6038650274276733,0.623993992805481,6011,0.0,0.0
2012-01-17 00:00:00-05:00,0.623993992805481,0.7045090198516846,0.623993992805481,0.6843799948692322,17785,0.0,0.0
2012-01-18 00:00:00-05:00,0.7447670102119446,0.7447670102119446,0.6843799948692322,0.6843799948692322,1987,0.0,0.0
2012-01-19 00:00:00-05:00,0.6843799948692322,0.7045090198516846,0.6642510294914246,0.6843799948692322,47395,0.0,0.0
2012-01-20 00:00:00-05:00,0.7045090198516846,0.7045090198516846,0.6441220045089722,0.6843799948692322,14606,0.0,0.0
2012-01-23 00:00:00-05:00,0.7045090198516846,0.7045090198516846,0.6843799948692322,0.6843799948692322,28516,0.0,0.0
2012-01-24 00:00:00-05:00,0.6843799948692322,0.6843799948692322,0.6441220045089722,0.6441220045089722,745,0.0,0.0
2012-01-25 00:00:00-05:00,0.6441220045089722,0.6441220045089722,0.6441220045089722,0.6441220045089722,0,0.0,0.0
2012-01-26 00:00:00-05:00,0.7246379852294922,0.7246379852294922,0.6642510294914246,0.6843799948692322,7800,0.0,0.0
2012-01-27 00:00:00-05:00,0.6642510294914246,0.6642510294914246,0.6642510294914246,0.6642510294914246,13116,0.0,0.0
2012-01-30 00:00:00-05:00,0.7246379852294922,0.7246379852294922,0.7246379852294922,0.7246379852294922,1739,0.0,0.0
2012-01-31 00:00:00-05:00,0.7246379852294922,0.7246379852294922,0.6843799948692322,0.7045090198516846,12718,0.0,0.0
2012-02-01 00:00:00-05:00,0.7045090198516846,0.865539014339447,0.7045090198516846,0.8454110026359558,67565,0.0,0.0
2012-02-02 00:00:00-05:00,0.8454110026359558,0.8454110026359558,0.8051530122756958,0.8454110026359558,65677,0.0,0.0
2012-02-03 00:00:00-05:00,0.8856679797172546,0.946054995059967,0.8454110026359558,0.946054995059967,33882,0.0,0.0
2012-02-06 00:00:00-05:00,0.9259260296821594,0.9259260296821594,0.8856679797172546,0.905797004699707,26330,0.0,0.0
2012-02-07 00:00:00-05:00,0.8856679797172546,0.9259260296821594,0.8856679797172546,0.8856679797172546,18332,0.0,0.0
2012-02-08 00:00:00-05:00,0.946054995059967,0.946054995059967,0.905797004699707,0.9259260296821594,4968,0.0,0.0
2012-02-09 00:00:00-05:00,0.9259260296821594,0.9259260296821594,0.9259260296821594,0.9259260296821594,10582,0.0,0.0
2012-02-10 00:00:00-05:00,0.905797004699707,0.905797004699707,0.7850239872932434,0.8454110026359558,17438,0.0,0.0
2012-02-13 00:00:00-05:00,0.8252819776535034,0.8252819776535034,0.7648950219154358,0.7648950219154358,20766,0.0,0.0
2012-02-14 00:00:00-05:00,0.7850239872932434,0.8051530122756958,0.7246379852294922,0.7246379852294922,7998,0.0,0.0
2012-02-15 00:00:00-05:00,0.7447670102119446,0.7850239872932434,0.7246379852294922,0.7447670102119446,11824,0.0,0.0
2012-02-16 00:00:00-05:00,0.7246379852294922,0.7447670102119446,0.7045090198516846,0.7246379852294922,16643,0.0,0.0
2012-02-17 00:00:00-05:00,0.7045090198516846,0.7045090198516846,0.7045090198516846,0.7045090198516846,3825,0.0,0.0
2012-02-21 00:00:00-05:00,0.7246379852294922,0.7648950219154358,0.7045090198516846,0.7045090198516846,23499,0.0,0.0
2012-02-22 00:00:00-05:00,0.6843799948692322,0.7246379852294922,0.6441220045089722,0.6441220045089722,18382,0.0,0.0
2012-02-23 00:00:00-05:00,0.6441220045089722,0.7246379852294922,0.6441220045089722,0.6642510294914246,13712,0.0,0.0
2012-02-24 00:00:00-05:00,0.6843799948692322,0.6843799948692322,0.6441220045089722,0.6642510294914246,10830,0.0,0.0
2012-02-27 00:00:00-05:00,0.6642510294914246,0.6642510294914246,0.6441220045089722,0.6441220045089722,18282,0.0,0.0
2012-02-28 00:00:00-05:00,0.6441220045089722,0.6642510294914246,0.6441220045089722,0.6642510294914246,7949,0.0,0.0
2012-02-29 00:00:00-05:00,0.6843799948692322,0.6843799948692322,0.6441220045089722,0.6441220045089722,8396,0.0,0.0
2012-03-01 00:00:00-05:00,0.6642510294914246,0.6642510294914246,0.623993992805481,0.6441220045089722,7651,0.0,0.0
2012-03-02 00:00:00-05:00,0.6441220045089722,0.6441220045089722,0.6441220045089722,0.6441220045089722,0,0.0,0.0
2012-03-05 00:00:00-05:00,0.6441220045089722,0.6441220045089722,0.6038650274276733,0.6038650274276733,19475,0.0,0.0
2012-03-06 00:00:00-05:00,0.6038650274276733,0.6441220045089722,0.583736002445221,0.583736002445221,30702,0.0,0.0
2012-03-07 00:00:00-05:00,0.5636069774627686,0.6038650274276733,0.5636069774627686,0.6038650274276733,8893,0.0,0.0
2012-03-08 00:00:00-05:00,0.6038650274276733,0.6038650274276733,0.583736002445221,0.583736002445221,14010,0.0,0.0
2012-03-09 00:00:00-05:00,0.5636069774627686,0.583736002445221,0.5636069774627686,0.583736002445221,8297,0.0,0.0
2012-03-12 00:00:00-04:00,0.5636069774627686,0.583736002445221,0.5233489871025085,0.5434780120849609,17239,0.0,0.0
2012-03-13 00:00:00-04:00,0.5636069774627686,0.5636069774627686,0.5434780120849609,0.5434780120849609,5862,0.0,0.0
2012-03-14 00:00:00-04:00,0.5636069774627686,0.5636069774627686,0.5434780120849609,0.5434780120849609,40738,0.0,0.0
2012-03-15 00:00:00-04:00,0.5636069774627686,0.5636069774627686,0.5233489871025085,0.5233489871025085,1689,0.0,0.0
2012-03-16 00:00:00-04:00,0.5434780120849609,0.5636069774627686,0.5233489871025085,0.5636069774627686,13066,0.0,0.0
2012-03-19 00:00:00-04:00,0.5636069774627686,0.5636069774627686,0.5636069774627686,0.5636069774627686,7949,0.0,0.0
2012-03-20 00:00:00-04:00,0.5636069774627686,0.583736002445221,0.5434780120849609,0.5636069774627686,3776,0.0,0.0
2012-03-21 00:00:00-04:00,0.5434780120849609,0.5636069774627686,0.5233489871025085,0.5636069774627686,2285,0.0,0.0
2012-03-22 00:00:00-04:00,0.5636069774627686,0.5636069774627686,0.5636069774627686,0.5636069774627686,944,0.0,0.0
2012-03-23 00:00:00-04:00,0.5636069774627686,0.5636069774627686,0.5233489871025085,0.5233489871025085,10482,0.0,0.0
2012-03-26 00:00:00-04:00,0.5233489871025085,0.5233489871025085,0.5233489871025085,0.5233489871025085,5564,0.0,0.0
2012-03-27 00:00:00-04:00,0.5636069774627686,0.5636069774627686,0.5233489871025085,0.5434780120849609,6607,0.0,0.0
2012-03-28 00:00:00-04:00,0.5233489871025085,0.583736002445221,0.5233489871025085,0.583736002445221,6210,0.0,0.0
2012-03-29 00:00:00-04:00,0.6038650274276733,0.6038650274276733,0.5032209753990173,0.583736002445221,11476,0.0,0.0
2012-03-30 00:00:00-04:00,0.5434780120849609,0.583736002445221,0.5434780120849609,0.5434780120849609,4819,0.0,0.0
2012-04-02 00:00:00-04:00,0.583736002445221,0.583736002445221,0.5233489871025085,0.5233489871025085,10284,0.0,0.0
2012-04-03 00:00:00-04:00,0.5233489871025085,0.5636069774627686,0.5233489871025085,0.5434780120849609,6955,0.0,0.0
2012-04-04 00:00:00-04:00,0.5434780120849609,0.5636069774627686,0.5233489871025085,0.5636069774627686,17090,0.0,0.0
2012-04-05 00:00:00-04:00,0.5434780120849609,0.5636069774627686,0.5233489871025085,0.5233489871025085,9390,0.0,0.0
2012-04-09 00:00:00-04:00,0.5032209753990173,0.5434780120849609,0.5032209753990173,0.5032209753990173,9886,0.0,0.0
2012-04-10 00:00:00-04:00,0.5032209753990173,0.5233489871025085,0.5032209753990173,0.5233489871025085,21511,0.0,0.0
2012-04-11 00:00:00-04:00,0.5434780120849609,0.5636069774627686,0.5434780120849609,0.5636069774627686,7502,0.0,0.0
2012-04-12 00:00:00-04:00,0.5434780120849609,0.5636069774627686,0.5233489871025085,0.5636069774627686,26579,0.0,0.0
2012-04-13 00:00:00-04:00,0.5434780120849609,0.5636069774627686,0.5434780120849609,0.5636069774627686,43818,0.0,0.0
2012-04-16 00:00:00-04:00,0.5434780120849609,0.5434780120849609,0.5032209753990173,0.5032209753990173,37210,0.0,0.0
2012-04-17 00:00:00-04:00,0.5032209753990173,0.5233489871025085,0.4830920100212097,0.5233489871025085,22853,0.0,0.0
2012-04-18 00:00:00-04:00,0.5032209753990173,0.5233489871025085,0.5032209753990173,0.5233489871025085,2087,0.0,0.0
2012-04-19 00:00:00-04:00,0.5032209753990173,0.5233489871025085,0.4629630148410797,0.5233489871025085,14358,0.0,0.0
2012-04-20 00:00:00-04:00,0.4629630148410797,0.4830920100212097,0.4629630148410797,0.4629630148410797,50872,0.0,0.0
2012-04-23 00:00:00-04:00,0.4830920100212097,0.4830920100212097,0.4428339898586273,0.4428339898586273,2583,0.0,0.0
2012-04-24 00:00:00-04:00,0.4629630148410797,0.5032209753990173,0.4629630148410797,0.4629630148410797,16643,0.0,0.0
2012-04-25 00:00:00-04:00,0.5032209753990173,0.5032209753990173,0.4629630148410797,0.4629630148410797,16941,0.0,0.0
2012-04-26 00:00:00-04:00,0.5032209753990173,0.5032209753990173,0.5032209753990173,0.5032209753990173,1987,0.0,0.0
2012-04-27 00:00:00-04:00,0.4830920100212097,0.4830920100212097,0.4629630148410797,0.4830920100212097,12420,0.0,0.0
2012-04-30 00:00:00-04:00,0.4629630148410797,0.5032209753990173,0.4629630148410797,0.5032209753990173,2484,0.0,0.0
2012-05-01 00:00:00-04:00,0.5032209753990173,0.5032209753990173,0.5032209753990173,0.5032209753990173,3080,0.0,0.0
2012-05-02 00:00:00-04:00,0.5032209753990173,0.5032209753990173,0.4830920100212097,0.5032209753990173,9191,0.0,0.0
2012-05-03 00:00:00-04:00,0.5233489871025085,0.5233489871025085,0.4830920100212097,0.5032209753990173,16096,0.0,0.0
2012-05-04 00:00:00-04:00,0.4629630148410797,0.4629630148410797,0.4629630148410797,0.4629630148410797,4968,0.0,0.0
2012-05-07 00:00:00-04:00,0.5032209753990173,0.5032209753990173,0.4629630148410797,0.4629630148410797,10482,0.0,0.0
2012-05-08 00:00:00-04:00,0.4629630148410797,0.4830920100212097,0.4227049946784973,0.4428339898586273,85847,0.0,0.0
2012-05-09 00:00:00-04:00,0.4227049946784973,0.4629630148410797,0.4025759994983673,0.4428339898586273,6955,0.0,0.0
2012-05-10 00:00:00-04:00,0.4428339898586273,0.4629630148410797,0.4227049946784973,0.4227049946784973,8247,0.0,0.0
2012-05-11 00:00:00-04:00,0.4629630148410797,0.5233489871025085,0.4428339898586273,0.4830920100212097,83462,0.0,0.0
2012-05-14 00:00:00-04:00,0.5032209753990173,0.5032209753990173,0.5032209753990173,0.5032209753990173,3180,0.0,0.0
2012-05-15 00:00:00-04:00,0.4227049946784973,0.4428339898586273,0.4227049946784973,0.4227049946784973,11625,0.0,0.0
2012-05-16 00:00:00-04:00,0.4227049946784973,0.4428339898586273,0.4025759994983673,0.4227049946784973,6458,0.0,0.0
2012-05-17 00:00:00-04:00,0.4025759994983673,0.4428339898586273,0.4025759994983673,0.4025759994983673,4571,0.0,0.0
2012-05-18 00:00:00-04:00,0.4227049946784973,0.4227049946784973,0.4025759994983673,0.4025759994983673,5465,0.0,0.0
2012-05-21 00:00:00-04:00,0.3824479877948761,0.4428339898586273,0.3623189926147461,0.4227049946784973,38353,0.0,0.0
2012-05-22 00:00:00-04:00,0.3824479877948761,0.4227049946784973,0.3824479877948761,0.4227049946784973,4918,0.0,0.0
2012-05-23 00:00:00-04:00,0.4227049946784973,0.4227049946784973,0.4227049946784973,0.4227049946784973,0,0.0,0.0
2012-05-24 00:00:00-04:00,0.4428339898586273,0.4428339898586273,0.4227049946784973,0.4227049946784973,3130,0.0,0.0
2012-05-25 00:00:00-04:00,0.4227049946784973,0.4227049946784973,0.4025759994983673,0.4227049946784973,7353,0.0,0.0
2012-05-29 00:00:00-04:00,0.4428339898586273,0.4428339898586273,0.4025759994983673,0.4227049946784973,13314,0.0,0.0
2012-05-30 00:00:00-04:00,0.4227049946784973,0.4227049946784973,0.3824479877948761,0.3824479877948761,3229,0.0,0.0
2012-05-31 00:00:00-04:00,0.4227049946784973,0.4227049946784973,0.4227049946784973,0.4227049946784973,2683,0.0,0.0
2012-06-01 00:00:00-04:00,0.3824479877948761,0.4025759994983673,0.3824479877948761,0.3824479877948761,3130,0.0,0.0
2012-06-04 00:00:00-04:00,0.4025759994983673,0.4025759994983673,0.3623189926147461,0.3623189926147461,5018,0.0,0.0
2012-06-05 00:00:00-04:00,0.4025759994983673,0.4025759994983673,0.3623189926147461,0.3623189926147461,6906,0.0,0.0
2012-06-06 00:00:00-04:00,0.3421899974346161,0.3623189926147461,0.3421899974346161,0.3623189926147461,17686,0.0,0.0
2012-06-07 00:00:00-04:00,0.3623189926147461,0.3623189926147461,0.3421899974346161,0.3421899974346161,5465,0.0,0.0
2012-06-08 00:00:00-04:00,0.3623189926147461,0.3623189926147461,0.3220610022544861,0.3623189926147461,19276,0.0,0.0
2012-06-11 00:00:00-04:00,0.3623189926147461,0.3623189926147461,0.3421899974346161,0.3421899974346161,7154,0.0,0.0
2012-06-12 00:00:00-04:00,0.3421899974346161,0.3421899974346161,0.3421899974346161,0.3421899974346161,15898,0.0,0.0
2012-06-13 00:00:00-04:00,0.3220610022544861,0.3421899974346161,0.3220610022544861,0.3421899974346161,13861,0.0,0.0
2012-06-14 00:00:00-04:00,0.3220610022544861,0.3220610022544861,0.3220610022544861,0.3220610022544861,7502,0.0,0.0
2012-06-15 00:00:00-04:00,0.3019320070743561,0.3019320070743561,0.3019320070743561,0.3019320070743561,13910,0.0,0.0
2012-06-18 00:00:00-04:00,0.3019320070743561,0.3220610022544861,0.3019320070743561,0.3220610022544861,14805,0.0,0.0
2012-06-19 00:00:00-04:00,0.3220610022544861,0.3421899974346161,0.3019320070743561,0.3019320070743561,15003,0.0,0.0
2012-06-20 00:00:00-04:00,0.3421899974346161,0.3421899974346161,0.3220610022544861,0.3421899974346161,51468,0.0,0.0
2012-06-21 00:00:00-04:00,0.3623189926147461,0.3623189926147461,0.28180399537086487,0.28180399537086487,110041,0.0,0.0
2012-06-22 00:00:00-04:00,0.3019320070743561,0.3220610022544861,0.3019320070743561,0.3220610022544861,8942,0.0,0.0
2012-06-25 00:00:00-04:00,0.3421899974346161,0.3421899974346161,0.3019320070743561,0.3019320070743561,18531,0.0,0.0
2012-06-26 00:00:00-04:00,0.28180399537086487,0.3421899974346161,0.28180399537086487,0.3019320070743561,17736,0.0,0.0
2012-06-27 00:00:00-04:00,0.28180399537086487,0.3220610022544861,0.28180399537086487,0.28180399537086487,4521,0.0,0.0
2012-06-28 00:00:00-04:00,0.28180399537086487,0.28180399537086487,0.28180399537086487,0.28180399537086487,4471,0.0,0.0
2012-06-29 00:00:00-04:00,0.3220610022544861,0.3421899974346161,0.28180399537086487,0.3421899974346161,21114,0.0,0.0
2012-07-02 00:00:00-04:00,0.3019320070743561,0.3220610022544861,0.3019320070743561,0.3220610022544861,15500,0.0,0.0
2012-07-03 00:00:00-04:00,0.4227049946784973,0.4227049946784973,0.4227049946784973,0.4227049946784973,2484,0.0,0.0
2012-07-05 00:00:00-04:00,0.3824479877948761,0.4227049946784973,0.3824479877948761,0.4227049946784973,30156,0.0,0.0
2012-07-06 00:00:00-04:00,0.4428339898586273,0.4629630148410797,0.4025759994983673,0.4025759994983673,14805,0.0,0.0
2012-07-09 00:00:00-04:00,0.3824479877948761,0.3824479877948761,0.3220610022544861,0.3421899974346161,10532,0.0,0.0
2012-07-10 00:00:00-04:00,0.3421899974346161,0.3421899974346161,0.3421899974346161,0.3421899974346161,994,0.0,0.0
2012-07-11 00:00:00-04:00,0.3421899974346161,0.3421899974346161,0.3421899974346161,0.3421899974346161,2583,0.0,0.0
2012-07-12 00:00:00-04:00,0.3421899974346161,0.3623189926147461,0.3421899974346161,0.3623189926147461,5564,0.0,0.0
2012-07-13 00:00:00-04:00,0.3421899974346161,0.3623189926147461,0.3220610022544861,0.3421899974346161,29907,0.0,0.0
2012-07-16 00:00:00-04:00,0.3220610022544861,0.3220610022544861,0.3019320070743561,0.3220610022544861,37012,0.0,0.0
2012-07-17 00:00:00-04:00,0.3220610022544861,0.3220610022544861,0.28180399537086487,0.28180399537086487,22704,0.0,0.0
2012-07-18 00:00:00-04:00,0.3019320070743561,0.3019320070743561,0.26167500019073486,0.28180399537086487,49680,0.0,0.0
2012-07-19 00:00:00-04:00,0.26167500019073486,0.28180399537086487,0.26167500019073486,0.26167500019073486,10035,0.0,0.0
2012-07-20 00:00:00-04:00,0.26167500019073486,0.28180399537086487,0.26167500019073486,0.28180399537086487,11923,0.0,0.0
2012-07-23 00:00:00-04:00,0.3019320070743561,0.3019320070743561,0.3019320070743561,0.3019320070743561,10433,0.0,0.0
2012-07-24 00:00:00-04:00,0.24154600501060486,0.26167500019073486,0.24154600501060486,0.24154600501060486,6210,0.0,0.0
2012-07-25 00:00:00-04:00,0.24154600501060486,0.26167500019073486,0.24154600501060486,0.26167500019073486,3974,0.0,0.0
2012-07-26 00:00:00-04:00,0.26167500019073486,0.26167500019073486,0.26167500019073486,0.26167500019073486,5365,0.0,0.0
2012-07-27 00:00:00-04:00,0.26167500019073486,0.26167500019073486,0.24154600501060486,0.26167500019073486,1888,0.0,0.0
2012-07-30 00:00:00-04:00,0.24154600501060486,0.26167500019073486,0.24154600501060486,0.24154600501060486,15848,0.0,0.0
2012-07-31 00:00:00-04:00,0.24154600501060486,0.26167500019073486,0.24154600501060486,0.26167500019073486,8446,0.0,0.0
2012-08-01 00:00:00-04:00,0.26167500019073486,0.26167500019073486,0.26167500019073486,0.26167500019073486,0,0.0,0.0
2012-08-02 00:00:00-04:00,0.26167500019073486,0.26167500019073486,0.24154600501060486,0.24154600501060486,27324,0.0,0.0
2012-08-03 00:00:00-04:00,0.26167500019073486,0.26167500019073486,0.24154600501060486,0.24154600501060486,2037,0.0,0.0
2012-08-06 00:00:00-04:00,0.26167500019073486,0.28180399537086487,0.24154600501060486,0.24154600501060486,12867,0.0,0.0
2012-08-07 00:00:00-04:00,0.24154600501060486,0.26167500019073486,0.24154600501060486,0.26167500019073486,3577,0.0,0.0
2012-08-08 00:00:00-04:00,0.26167500019073486,0.28180399537086487,0.26167500019073486,0.26167500019073486,15252,0.0,0.0
2012-08-09 00:00:00-04:00,0.26167500019073486,0.28180399537086487,0.24154600501060486,0.28180399537086487,15152,0.0,0.0
2012-08-10 00:00:00-04:00,0.28180399537086487,0.28180399537086487,0.28180399537086487,0.28180399537086487,0,0.0,0.0
2012-08-13 00:00:00-04:00,0.28180399537086487,0.3220610022544861,0.28180399537086487,0.3220610022544861,4521,0.0,0.0
2012-08-14 00:00:00-04:00,0.3220610022544861,0.3220610022544861,0.3019320070743561,0.3019320070743561,4521,0.0,0.0
2012-08-15 00:00:00-04:00,0.3019320070743561,0.3220610022544861,0.3019320070743561,0.3019320070743561,4471,0.0,0.0
2012-08-16 00:00:00-04:00,0.3019320070743561,0.3019320070743561,0.3019320070743561,0.3019320070743561,1987,0.0,0.0
2012-08-17 00:00:00-04:00,0.3019320070743561,0.3019320070743561,0.3019320070743561,0.3019320070743561,497,0.0,0.0
2012-08-20 00:00:00-04:00,0.3019320070743561,0.3220610022544861,0.3019320070743561,0.3019320070743561,15003,0.0,0.0
2012-08-21 00:00:00-04:00,0.3019320070743561,0.3019320070743561,0.28180399537086487,0.28180399537086487,14904,0.0,0.0
2012-08-22 00:00:00-04:00,0.3019320070743561,0.3019320070743561,0.28180399537086487,0.28180399537086487,5216,0.0,0.0
2012-08-23 00:00:00-04:00,0.3220610022544861,0.3421899974346161,0.3019320070743561,0.3421899974346161,17090,0.0,0.0
2012-08-24 00:00:00-04:00,0.3421899974346161,0.3421899974346161,0.3220610022544861,0.3421899974346161,9688,0.0,0.0
2012-08-27 00:00:00-04:00,0.3421899974346161,0.3421899974346161,0.3019320070743561,0.3019320070743561,12867,0.0,0.0
2012-08-28 00:00:00-04:00,0.3019320070743561,0.3019320070743561,0.3019320070743561,0.3019320070743561,22853,0.0,0.0
2012-08-29 00:00:00-04:00,0.28180399537086487,0.28180399537086487,0.28180399537086487,0.28180399537086487,6458,0.0,0.0
2012-08-30 00:00:00-04:00,0.3220610022544861,0.3220610022544861,0.28180399537086487,0.3220610022544861,27821,0.0,0.0
2012-08-31 00:00:00-04:00,0.28180399537086487,0.3220610022544861,0.28180399537086487,0.3220610022544861,248,0.0,0.0
2012-09-04 00:00:00-04:00,0.28180399537086487,0.3019320070743561,0.28180399537086487,0.28180399537086487,8644,0.0,0.0
2012-09-05 00:00:00-04:00,0.28180399537086487,0.3220610022544861,0.28180399537086487,0.3220610022544861,1739,0.0,0.0
2012-09-06 00:00:00-04:00,0.3019320070743561,0.3019320070743561,0.3019320070743561,0.3019320070743561,497,0.0,0.0
2012-09-07 00:00:00-04:00,0.3220610022544861,0.3220610022544861,0.3019320070743561,0.3019320070743561,5316,0.0,0.0
2012-09-10 00:00:00-04:00,0.3421899974346161,0.3623189926147461,0.3220610022544861,0.3220610022544861,5465,0.0,0.0
2012-09-11 00:00:00-04:00,0.3220610022544861,0.3220610022544861,0.3019320070743561,0.3019320070743561,2236,0.0,0.0
2012-09-12 00:00:00-04:00,0.3220610022544861,0.3220610022544861,0.3220610022544861,0.3220610022544861,2484,0.0,0.0
2012-09-13 00:00:00-04:00,0.3421899974346161,0.3421899974346161,0.3019320070743561,0.3220610022544861,20568,0.0,0.0
2012-09-14 00:00:00-04:00,0.3220610022544861,0.3220610022544861,0.3019320070743561,0.3220610022544861,44861,0.0,0.0
2012-09-17 00:00:00-04:00,0.3220610022544861,0.3421899974346161,0.3220610022544861,0.3220610022544861,90467,0.0,0.0
2012-09-18 00:00:00-04:00,0.3019320070743561,0.3019320070743561,0.3019320070743561,0.3019320070743561,4720,0.0,0.0
2012-09-19 00:00:00-04:00,0.3019320070743561,0.3421899974346161,0.3019320070743561,0.3220610022544861,62895,0.0,0.0
2012-09-20 00:00:00-04:00,0.3220610022544861,0.3220610022544861,0.3019320070743561,0.3019320070743561,83661,0.0,0.0
2012-09-21 00:00:00-04:00,0.3220610022544861,0.3220610022544861,0.3220610022544861,0.3220610022544861,28616,0.0,0.0
2012-09-24 00:00:00-04:00,0.3220610022544861,0.3421899974346161,0.3220610022544861,0.3220610022544861,33286,0.0,0.0
2012-09-25 00:00:00-04:00,0.3220610022544861,0.3220610022544861,0.3220610022544861,0.3220610022544861,1490,0.0,0.0
2012-09-26 00:00:00-04:00,0.3220610022544861,0.3220610022544861,0.3220610022544861,0.3220610022544861,2484,0.0,0.0
2012-09-27 00:00:00-04:00,0.3220610022544861,0.3421899974346161,0.3220610022544861,0.3421899974346161,31348,0.0,0.0
2012-09-28 00:00:00-04:00,0.3421899974346161,0.3623189926147461,0.3421899974346161,0.3623189926147461,24542,0.0,0.0
2012-10-01 00:00:00-04:00,0.3421899974346161,0.3623189926147461,0.3220610022544861,0.3220610022544861,17885,0.0,0.0
2012-10-02 00:00:00-04:00,0.3421899974346161,0.3421899974346161,0.3220610022544861,0.3220610022544861,3577,0.0,0.0
2012-10-03 00:00:00-04:00,0.3421899974346161,0.3421899974346161,0.3220610022544861,0.3220610022544861,73228,0.0,0.0
2012-10-04 00:00:00-04:00,0.3421899974346161,0.3421899974346161,0.3421899974346161,0.3421899974346161,80730,0.0,0.0
2012-10-05 00:00:00-04:00,0.3421899974346161,0.3623189926147461,0.3421899974346161,0.3623189926147461,11426,0.0,0.0
2012-10-08 00:00:00-04:00,0.3824479877948761,0.3824479877948761,0.3623189926147461,0.3824479877948761,25834,0.0,0.0
2012-10-09 00:00:00-04:00,0.3623189926147461,0.3623189926147461,0.3421899974346161,0.3623189926147461,4272,0.0,0.0
2012-10-10 00:00:00-04:00,0.3421899974346161,0.3623189926147461,0.3421899974346161,0.3623189926147461,3676,0.0,0.0
2012-10-11 00:00:00-04:00,0.3623189926147461,0.3623189926147461,0.3623189926147461,0.3623189926147461,13960,0.0,0.0
2012-10-12 00:00:00-04:00,0.3623189926147461,0.3824479877948761,0.3623189926147461,0.3824479877948761,10731,0.0,0.0
2012-10-15 00:00:00-04:00,0.3623189926147461,0.3623189926147461,0.3623189926147461,0.3623189926147461,2782,0.0,0.0
2012-10-16 00:00:00-04:00,0.3623189926147461,0.3623189926147461,0.3623189926147461,0.3623189926147461,13414,0.0,0.0
2012-10-17 00:00:00-04:00,0.3623189926147461,0.3623189926147461,0.3421899974346161,0.3623189926147461,9638,0.0,0.0
2012-10-18 00:00:00-04:00,0.3623189926147461,0.3623189926147461,0.3421899974346161,0.3421899974346161,3974,0.0,0.0
2012-10-19 00:00:00-04:00,0.3421899974346161,0.3824479877948761,0.3421899974346161,0.3824479877948761,5912,0.0,0.0
2012-10-22 00:00:00-04:00,0.3421899974346161,0.3421899974346161,0.3421899974346161,0.3421899974346161,46202,0.0,0.0
2012-10-23 00:00:00-04:00,0.3421899974346161,0.3623189926147461,0.3421899974346161,0.3623189926147461,1093,0.0,0.0
2012-10-24 00:00:00-04:00,0.3623189926147461,0.3623189926147461,0.3623189926147461,0.3623189926147461,1490,0.0,0.0
2012-10-25 00:00:00-04:00,0.3220610022544861,0.3220610022544861,0.3220610022544861,0.3220610022544861,5614,0.0,0.0
2012-10-26 00:00:00-04:00,0.3220610022544861,0.3220610022544861,0.3019320070743561,0.3019320070743561,994,0.0,0.0
2012-10-31 00:00:00-04:00,0.3220610022544861,0.3421899974346161,0.3220610022544861,0.3421899974346161,5465,0.0,0.0
2012-11-01 00:00:00-04:00,0.3019320070743561,0.3220610022544861,0.3019320070743561,0.3019320070743561,17785,0.0,0.0
2012-11-02 00:00:00-04:00,0.3019320070743561,0.3019320070743561,0.3019320070743561,0.3019320070743561,745,0.0,0.0
2012-11-05 00:00:00-05:00,0.3421899974346161,0.3421899974346161,0.3019320070743561,0.3019320070743561,3925,0.0,0.0
2012-11-06 00:00:00-05:00,0.3220610022544861,0.3220610022544861,0.3019320070743561,0.3019320070743561,6955,0.0,0.0
2012-11-07 00:00:00-05:00,0.3019320070743561,0.3019320070743561,0.3019320070743561,0.3019320070743561,10184,0.0,0.0
2012-11-08 00:00:00-05:00,0.3019320070743561,0.3019320070743561,0.3019320070743561,0.3019320070743561,2832,0.0,0.0
2012-11-09 00:00:00-05:00,0.3019320070743561,0.3220610022544861,0.28180399537086487,0.3019320070743561,18680,0.0,0.0
2012-11-12 00:00:00-05:00,0.3019320070743561,0.3421899974346161,0.28180399537086487,0.3019320070743561,54400,0.0,0.0
2012-11-13 00:00:00-05:00,0.3220610022544861,0.3220610022544861,0.3019320070743561,0.3019320070743561,14954,0.0,0.0
2012-11-14 00:00:00-05:00,0.3019320070743561,0.3220610022544861,0.28180399537086487,0.3019320070743561,23648,0.0,0.0
2012-11-15 00:00:00-05:00,0.3019320070743561,0.3019320070743561,0.3019320070743561,0.3019320070743561,6111,0.0,0.0
2012-11-16 00:00:00-05:00,0.3019320070743561,0.3220610022544861,0.28180399537086487,0.28180399537086487,12917,0.0,0.0
2012-11-19 00:00:00-05:00,0.3019320070743561,0.3019320070743561,0.3019320070743561,0.3019320070743561,7452,0.0,0.0
2012-11-20 00:00:00-05:00,0.3220610022544861,0.3220610022544861,0.3019320070743561,0.3019320070743561,4272,0.0,0.0
2012-11-21 00:00:00-05:00,0.3019320070743561,0.3220610022544861,0.3019320070743561,0.3220610022544861,16643,0.0,0.0
2012-11-23 00:00:00-05:00,0.28180399537086487,0.28180399537086487,0.28180399537086487,0.28180399537086487,199,0.0,0.0
2012-11-26 00:00:00-05:00,0.3019320070743561,0.3220610022544861,0.28180399537086487,0.28180399537086487,11675,0.0,0.0
2012-11-27 00:00:00-05:00,0.3220610022544861,0.3220610022544861,0.28180399537086487,0.3220610022544861,55592,0.0,0.0
2012-11-28 00:00:00-05:00,0.3220610022544861,0.3220610022544861,0.3019320070743561,0.3019320070743561,5067,0.0,0.0
2012-11-29 00:00:00-05:00,0.3220610022544861,0.3220610022544861,0.3019320070743561,0.3019320070743561,23052,0.0,0.0
2012-11-30 00:00:00-05:00,0.3019320070743561,0.3019320070743561,0.3019320070743561,0.3019320070743561,7452,0.0,0.0
2012-12-03 00:00:00-05:00,0.3019320070743561,0.3019320070743561,0.3019320070743561,0.3019320070743561,0,0.0,0.0
2012-12-04 00:00:00-05:00,0.28180399537086487,0.3019320070743561,0.28180399537086487,0.28180399537086487,7700,0.0,0.0
2012-12-05 00:00:00-05:00,0.28180399537086487,0.28180399537086487,0.28180399537086487,0.28180399537086487,0,0.0,0.0
2012-12-06 00:00:00-05:00,0.3019320070743561,0.3220610022544861,0.28180399537086487,0.3019320070743561,9936,0.0,0.0
2012-12-07 00:00:00-05:00,0.3019320070743561,0.3019320070743561,0.28180399537086487,0.3019320070743561,12966,0.0,0.0
2012-12-10 00:00:00-05:00,0.28180399537086487,0.28180399537086487,0.28180399537086487,0.28180399537086487,64038,0.0,0.0
2012-12-11 00:00:00-05:00,0.28180399537086487,0.28180399537086487,0.26167500019073486,0.26167500019073486,37161,0.0,0.0
2012-12-12 00:00:00-05:00,0.24154600501060486,0.28180399537086487,0.24154600501060486,0.28180399537086487,31348,0.0,0.0
2012-12-13 00:00:00-05:00,0.26167500019073486,0.26167500019073486,0.26167500019073486,0.26167500019073486,5067,0.0,0.0
2012-12-14 00:00:00-05:00,0.24154600501060486,0.28180399537086487,0.24154600501060486,0.26167500019073486,29907,0.0,0.0
2012-12-17 00:00:00-05:00,0.26167500019073486,0.26167500019073486,0.24154600501060486,0.24154600501060486,13910,0.0,0.0
2012-12-18 00:00:00-05:00,0.24154600501060486,0.24154600501060486,0.24154600501060486,0.24154600501060486,23598,0.0,0.0
2012-12-19 00:00:00-05:00,0.24154600501060486,0.24154600501060486,0.24154600501060486,0.24154600501060486,7899,0.0,0.0
2012-12-20 00:00:00-05:00,0.24154600501060486,0.3220610022544861,0.24154600501060486,0.26167500019073486,57331,0.0,0.0
2012-12-21 00:00:00-05:00,0.26167500019073486,0.26167500019073486,0.26167500019073486,0.26167500019073486,1739,0.0,0.0
2012-12-24 00:00:00-05:00,0.28180399537086487,0.28180399537086487,0.28180399537086487,0.28180399537086487,199,0.0,0.0
2012-12-26 00:00:00-05:00,0.28180399537086487,0.3019320070743561,0.28180399537086487,0.28180399537086487,5862,0.0,0.0
2012-12-27 00:00:00-05:00,0.3019320070743561,0.3220610022544861,0.28180399537086487,0.28180399537086487,8297,0.0,0.0
2012-12-28 00:00:00-05:00,0.28180399537086487,0.3019320070743561,0.28180399537086487,0.28180399537086487,43172,0.0,0.0
2012-12-31 00:00:00-05:00,0.28180399537086487,0.28180399537086487,0.28180399537086487,0.28180399537086487,33782,0.0,0.0
2013-01-02 00:00:00-05:00,0.28180399537086487,0.28180399537086487,0.28180399537086487,0.28180399537086487,0,0.0,0.0
2013-01-03 00:00:00-05:00,0.28180399537086487,0.3019320070743561,0.28180399537086487,0.3019320070743561,1739,0.0,0.0
2013-01-04 00:00:00-05:00,0.3019320070743561,0.3019320070743561,0.28180399537086487,0.28180399537086487,37359,0.0,0.0
2013-01-07 00:00:00-05:00,0.28180399537086487,0.28180399537086487,0.28180399537086487,0.28180399537086487,0,0.0,0.0
2013-01-08 00:00:00-05:00,0.28180399537086487,0.3220610022544861,0.28180399537086487,0.3220610022544861,4769,0.0,0.0
2013-01-09 00:00:00-05:00,0.3220610022544861,0.3220610022544861,0.3220610022544861,0.3220610022544861,994,0.0,0.0
2013-01-10 00:00:00-05:00,0.3220610022544861,0.3220610022544861,0.3019320070743561,0.3019320070743561,5962,0.0,0.0
2013-01-11 00:00:00-05:00,0.3019320070743561,0.3019320070743561,0.3019320070743561,0.3019320070743561,0,0.0,0.0
2013-01-14 00:00:00-05:00,0.28180399537086487,0.3220610022544861,0.28180399537086487,0.3220610022544861,158976,0.0,0.0
2013-01-15 00:00:00-05:00,0.3220610022544861,0.3220610022544861,0.3220610022544861,0.3220610022544861,2434,0.0,0.0
2013-01-16 00:00:00-05:00,0.28180399537086487,0.28180399537086487,0.28180399537086487,0.28180399537086487,546,0.0,0.0
2013-01-17 00:00:00-05:00,0.3220610022544861,0.3220610022544861,0.28180399537086487,0.28180399537086487,1242,0.0,0.0
2013-01-18 00:00:00-05:00,0.3220610022544861,0.3220610022544861,0.3220610022544861,0.3220610022544861,12817,0.0,0.0
2013-01-22 00:00:00-05:00,0.3220610022544861,0.3220610022544861,0.3019320070743561,0.3019320070743561,19574,0.0,0.0
2013-01-23 00:00:00-05:00,0.3019320070743561,0.3623189926147461,0.3019320070743561,0.3623189926147461,29311,0.0,0.0
2013-01-24 00:00:00-05:00,0.3421899974346161,0.3421899974346161,0.3220610022544861,0.3220610022544861,21561,0.0,0.0
2013-01-25 00:00:00-05:00,0.3421899974346161,0.3421899974346161,0.3019320070743561,0.3220610022544861,22902,0.0,0.0
2013-01-28 00:00:00-05:00,0.3220610022544861,0.3623189926147461,0.3220610022544861,0.3421899974346161,13364,0.0,0.0
2013-01-29 00:00:00-05:00,0.3623189926147461,0.3623189926147461,0.3623189926147461,0.3623189926147461,3279,0.0,0.0
2013-01-30 00:00:00-05:00,0.3220610022544861,0.3220610022544861,0.3220610022544861,0.3220610022544861,14904,0.0,0.0
2013-01-31 00:00:00-05:00,0.3220610022544861,0.3220610022544861,0.3019320070743561,0.3019320070743561,4272,0.0,0.0
2013-02-01 00:00:00-05:00,0.3220610022544861,0.3220610022544861,0.3220610022544861,0.3220610022544861,994,0.0,0.0
2013-02-04 00:00:00-05:00,0.3019320070743561,0.3220610022544861,0.3019320070743561,0.3220610022544861,3329,0.0,0.0
2013-02-05 00:00:00-05:00,0.3220610022544861,0.3623189926147461,0.3220610022544861,0.3220610022544861,21015,0.0,0.0
2013-02-06 00:00:00-05:00,0.3421899974346161,0.3824479877948761,0.3421899974346161,0.3824479877948761,34577,0.0,0.0
2013-02-07 00:00:00-05:00,0.4025759994983673,0.4629630148410797,0.3824479877948761,0.4428339898586273,28169,0.0,0.0
2013-02-08 00:00:00-05:00,0.4629630148410797,0.4830920100212097,0.4227049946784973,0.4629630148410797,69055,0.0,0.0
2013-02-11 00:00:00-05:00,0.4629630148410797,0.4629630148410797,0.4428339898586273,0.4428339898586273,9091,0.0,0.0
2013-02-12 00:00:00-05:00,0.4629630148410797,0.4629630148410797,0.4428339898586273,0.4428339898586273,20170,0.0,0.0
2013-02-13 00:00:00-05:00,0.4025759994983673,0.4227049946784973,0.3623189926147461,0.4025759994983673,22356,0.0,0.0
2013-02-14 00:00:00-05:00,0.3623189926147461,0.3824479877948761,0.3623189926147461,0.3623189926147461,10184,0.0,0.0
2013-02-15 00:00:00-05:00,0.3623189926147461,0.4025759994983673,0.3421899974346161,0.3623189926147461,16295,0.0,0.0
2013-02-19 00:00:00-05:00,0.3623189926147461,0.4025759994983673,0.3421899974346161,0.3623189926147461,75365,0.0,0.0
2013-02-20 00:00:00-05:00,0.3623189926147461,0.3824479877948761,0.3421899974346161,0.3421899974346161,22207,0.0,0.0
2013-02-21 00:00:00-05:00,0.3623189926147461,0.3623189926147461,0.3220610022544861,0.3623189926147461,41383,0.0,0.0
2013-02-22 00:00:00-05:00,0.3623189926147461,0.3623189926147461,0.3220610022544861,0.3421899974346161,16891,0.0,0.0
2013-02-25 00:00:00-05:00,0.3220610022544861,0.3421899974346161,0.3220610022544861,0.3421899974346161,9141,0.0,0.0
2013-02-26 00:00:00-05:00,0.3623189926147461,0.3623189926147461,0.3623189926147461,0.3623189926147461,1391,0.0,0.0
2013-02-27 00:00:00-05:00,0.3220610022544861,0.3623189926147461,0.3220610022544861,0.3623189926147461,5912,0.0,0.0
2013-02-28 00:00:00-05:00,0.3421899974346161,0.3421899974346161,0.3421899974346161,0.3421899974346161,12470,0.0,0.0
2013-03-01 00:00:00-05:00,0.3220610022544861,0.3220610022544861,0.3220610022544861,0.3220610022544861,5962,0.0,0.0
2013-03-04 00:00:00-05:00,0.3220610022544861,0.3421899974346161,0.3220610022544861,0.3421899974346161,13513,0.0,0.0
2013-03-05 00:00:00-05:00,0.3220610022544861,0.3421899974346161,0.3220610022544861,0.3421899974346161,16941,0.0,0.0
2013-03-06 00:00:00-05:00,0.3019320070743561,0.3220610022544861,0.3019320070743561,0.3019320070743561,2087,0.0,0.0
2013-03-07 00:00:00-05:00,0.3421899974346161,0.3421899974346161,0.3421899974346161,0.3421899974346161,4968,0.0,0.0
2013-03-08 00:00:00-05:00,0.3220610022544861,0.3623189926147461,0.3019320070743561,0.3421899974346161,7204,0.0,0.0
2013-03-11 00:00:00-04:00,0.3623189926147461,0.3623189926147461,0.3623189926147461,0.3623189926147461,1987,0.0,0.0
2013-03-12 00:00:00-04:00,0.3623189926147461,0.3623189926147461,0.3421899974346161,0.3623189926147461,12668,0.0,0.0
2013-03-13 00:00:00-04:00,0.3623189926147461,0.3623189926147461,0.3421899974346161,0.3421899974346161,5415,0.0,0.0
2013-03-14 00:00:00-04:00,0.3220610022544861,0.3421899974346161,0.3220610022544861,0.3421899974346161,1441,0.0,0.0
2013-03-15 00:00:00-04:00,0.3220610022544861,0.3623189926147461,0.3220610022544861,0.3623189926147461,5962,0.0,0.0
2013-03-18 00:00:00-04:00,0.3824479877948761,0.3824479877948761,0.3421899974346161,0.3623189926147461,3974,0.0,0.0
2013-03-19 00:00:00-04:00,0.3824479877948761,0.3824479877948761,0.3421899974346161,0.3421899974346161,6359,0.0,0.0
2013-03-20 00:00:00-04:00,0.3220610022544861,0.3623189926147461,0.3220610022544861,0.3421899974346161,14556,0.0,0.0
2013-03-21 00:00:00-04:00,0.3824479877948761,0.3824479877948761,0.3421899974346161,0.3623189926147461,8495,0.0,0.0
2013-03-22 00:00:00-04:00,0.3623189926147461,0.3824479877948761,0.3623189926147461,0.3824479877948761,1093,0.0,0.0
2013-03-25 00:00:00-04:00,0.3824479877948761,0.3824479877948761,0.3623189926147461,0.3824479877948761,696,0.0,0.0
2013-03-26 00:00:00-04:00,0.3623189926147461,0.3824479877948761,0.3421899974346161,0.3623189926147461,18133,0.0,0.0
2013-03-27 00:00:00-04:00,0.3623189926147461,0.3623189926147461,0.3623189926147461,0.3623189926147461,248,0.0,0.0
2013-03-28 00:00:00-04:00,0.3623189926147461,0.3623189926147461,0.3421899974346161,0.3421899974346161,22108,0.0,0.0
2013-04-01 00:00:00-04:00,0.3421899974346161,0.3824479877948761,0.3421899974346161,0.3623189926147461,33286,0.0,0.0
2013-04-02 00:00:00-04:00,0.3824479877948761,0.3824479877948761,0.3824479877948761,0.3824479877948761,17388,0.0,0.0
2013-04-03 00:00:00-04:00,0.3824479877948761,0.4025759994983673,0.3623189926147461,0.3623189926147461,20468,0.0,0.0
2013-04-04 00:00:00-04:00,0.3421899974346161,0.3623189926147461,0.3421899974346161,0.3623189926147461,30752,0.0,0.0
2013-04-05 00:00:00-04:00,0.3824479877948761,0.4025759994983673,0.3623189926147461,0.4025759994983673,2732,0.0,0.0
2013-04-08 00:00:00-04:00,0.3623189926147461,0.3824479877948761,0.3623189926147461,0.3824479877948761,7949,0.0,0.0
2013-04-09 00:00:00-04:00,0.3623189926147461,0.3824479877948761,0.3623189926147461,0.3824479877948761,6607,0.0,0.0
2013-04-10 00:00:00-04:00,0.3623189926147461,0.3824479877948761,0.3421899974346161,0.3421899974346161,1043,0.0,0.0
2013-04-11 00:00:00-04:00,0.3421899974346161,0.3421899974346161,0.3421899974346161,0.3421899974346161,1888,0.0,0.0
2013-04-12 00:00:00-04:00,0.3421899974346161,0.3421899974346161,0.3220610022544861,0.3220610022544861,30504,0.0,0.0
2013-04-15 00:00:00-04:00,0.3019320070743561,0.3623189926147461,0.3019320070743561,0.3220610022544861,6558,0.0,0.0
2013-04-16 00:00:00-04:00,0.3220610022544861,0.3623189926147461,0.3220610022544861,0.3623189926147461,8744,0.0,0.0
2013-04-17 00:00:00-04:00,0.3623189926147461,0.3623189926147461,0.3421899974346161,0.3421899974346161,14358,0.0,0.0
2013-04-18 00:00:00-04:00,0.3421899974346161,0.3623189926147461,0.3220610022544861,0.3220610022544861,18382,0.0,0.0
2013-04-19 00:00:00-04:00,0.3220610022544861,0.3220610022544861,0.3220610022544861,0.3220610022544861,1341,0.0,0.0
2013-04-22 00:00:00-04:00,0.3220610022544861,0.3220610022544861,0.3220610022544861,0.3220610022544861,7452,0.0,0.0
2013-04-23 00:00:00-04:00,0.3019320070743561,0.3220610022544861,0.3019320070743561,0.3019320070743561,5117,0.0,0.0
2013-04-24 00:00:00-04:00,0.3019320070743561,0.3019320070743561,0.3019320070743561,0.3019320070743561,2484,0.0,0.0
2013-04-25 00:00:00-04:00,0.3019320070743561,0.3421899974346161,0.3019320070743561,0.3019320070743561,27026,0.0,0.0
2013-04-26 00:00:00-04:00,0.3220610022544861,0.3220610022544861,0.3220610022544861,0.3220610022544861,497,0.0,0.0
2013-04-29 00:00:00-04:00,0.3019320070743561,0.3019320070743561,0.3019320070743561,0.3019320070743561,2981,0.0,0.0
2013-04-30 00:00:00-04:00,0.3019320070743561,0.3019320070743561,0.28180399537086487,0.3019320070743561,27076,0.0,0.0
2013-05-01 00:00:00-04:00,0.3019320070743561,0.3220610022544861,0.3019320070743561,0.3220610022544861,7651,0.0,0.0
2013-05-02 00:00:00-04:00,0.3019320070743561,0.3220610022544861,0.28180399537086487,0.3220610022544861,10930,0.0,0.0
2013-05-03 00:00:00-04:00,0.28180399537086487,0.3220610022544861,0.28180399537086487,0.3220610022544861,5316,0.0,0.0
2013-05-06 00:00:00-04:00,0.3220610022544861,0.3220610022544861,0.3019320070743561,0.3019320070743561,25685,0.0,0.0
2013-05-07 00:00:00-04:00,0.3019320070743561,0.3019320070743561,0.28180399537086487,0.28180399537086487,182624,0.0,0.0
2013-05-08 00:00:00-04:00,0.28180399537086487,0.28180399537086487,0.26167500019073486,0.26167500019073486,43023,0.0,0.0
2013-05-09 00:00:00-04:00,0.26167500019073486,0.28180399537086487,0.26167500019073486,0.26167500019073486,71589,0.0,0.0
2013-05-10 00:00:00-04:00,0.28180399537086487,0.3019320070743561,0.26167500019073486,0.3019320070743561,24592,0.0,0.0
2013-05-13 00:00:00-04:00,0.3220610022544861,0.3421899974346161,0.3220610022544861,0.3421899974346161,76010,0.0,0.0
2013-05-14 00:00:00-04:00,0.3421899974346161,0.3421899974346161,0.3220610022544861,0.3220610022544861,8148,0.0,0.0
2013-05-15 00:00:00-04:00,0.3421899974346161,0.3421899974346161,0.3421899974346161,0.3421899974346161,15898,0.0,0.0
2013-05-16 00:00:00-04:00,0.3421899974346161,0.3623189926147461,0.3421899974346161,0.3421899974346161,8744,0.0,0.0
2013-05-17 00:00:00-04:00,0.3421899974346161,0.3421899974346161,0.3220610022544861,0.3421899974346161,16245,0.0,0.0
2013-05-20 00:00:00-04:00,0.3220610022544861,0.3421899974346161,0.3220610022544861,0.3421899974346161,15649,0.0,0.0
2013-05-21 00:00:00-04:00,0.3421899974346161,0.3421899974346161,0.3421899974346161,0.3421899974346161,6111,0.0,0.0
2013-05-22 00:00:00-04:00,0.3220610022544861,0.3421899974346161,0.3220610022544861,0.3421899974346161,2236,0.0,0.0
2013-05-23 00:00:00-04:00,0.3421899974346161,0.3421899974346161,0.3220610022544861,0.3220610022544861,2434,0.0,0.0
2013-05-24 00:00:00-04:00,0.3019320070743561,0.3220610022544861,0.28180399537086487,0.3220610022544861,8992,0.0,0.0
2013-05-28 00:00:00-04:00,0.3421899974346161,0.3421899974346161,0.3019320070743561,0.3019320070743561,6458,0.0,0.0
2013-05-29 00:00:00-04:00,0.28180399537086487,0.28180399537086487,0.28180399537086487,0.28180399537086487,3726,0.0,0.0
2013-05-30 00:00:00-04:00,0.28180399537086487,0.3220610022544861,0.28180399537086487,0.3220610022544861,7402,0.0,0.0
2013-05-31 00:00:00-04:00,0.3019320070743561,0.3421899974346161,0.3019320070743561,0.3421899974346161,2981,0.0,0.0
2013-06-03 00:00:00-04:00,0.28180399537086487,0.3421899974346161,0.28180399537086487,0.3421899974346161,3925,0.0,0.0
2013-06-04 00:00:00-04:00,0.3421899974346161,0.3421899974346161,0.3421899974346161,0.3421899974346161,0,0.0,0.0
2013-06-05 00:00:00-04:00,0.3220610022544861,0.3220610022544861,0.3220610022544861,0.3220610022544861,248,0.0,0.0
2013-06-06 00:00:00-04:00,0.3019320070743561,0.3421899974346161,0.3019320070743561,0.3421899974346161,7055,0.0,0.0
2013-06-07 00:00:00-04:00,0.3019320070743561,0.3220610022544861,0.26167500019073486,0.3019320070743561,61554,0.0,0.0
2013-06-10 00:00:00-04:00,0.3019320070743561,0.3019320070743561,0.3019320070743561,0.3019320070743561,0,0.0,0.0
2013-06-11 00:00:00-04:00,0.3220610022544861,0.3220610022544861,0.3019320070743561,0.3220610022544861,5664,0.0,0.0
2013-06-12 00:00:00-04:00,0.3220610022544861,0.3220610022544861,0.3019320070743561,0.3019320070743561,10383,0.0,0.0
2013-06-13 00:00:00-04:00,0.3019320070743561,0.3220610022544861,0.3019320070743561,0.3220610022544861,7700,0.0,0.0
2013-06-14 00:00:00-04:00,0.3019320070743561,0.3220610022544861,0.28180399537086487,0.3220610022544861,23449,0.0,0.0
2013-06-17 00:00:00-04:00,0.3220610022544861,0.3220610022544861,0.3220610022544861,0.3220610022544861,9688,0.0,0.0
2013-06-18 00:00:00-04:00,0.3019320070743561,0.3220610022544861,0.3019320070743561,0.3019320070743561,6409,0.0,0.0
2013-06-19 00:00:00-04:00,0.3220610022544861,0.3220610022544861,0.3220610022544861,0.3220610022544861,5465,0.0,0.0
2013-06-20 00:00:00-04:00,0.3220610022544861,0.3220610022544861,0.28180399537086487,0.28180399537086487,41483,0.0,0.0
2013-06-21 00:00:00-04:00,0.28180399537086487,0.28180399537086487,0.28180399537086487,0.28180399537086487,0,0.0,0.0
2013-06-24 00:00:00-04:00,0.28180399537086487,0.3220610022544861,0.28180399537086487,0.3019320070743561,9787,0.0,0.0
2013-06-25 00:00:00-04:00,0.3019320070743561,0.3019320070743561,0.3019320070743561,0.3019320070743561,3726,0.0,0.0
2013-06-26 00:00:00-04:00,0.3019320070743561,0.3019320070743561,0.3019320070743561,0.3019320070743561,2534,0.0,0.0
2013-06-27 00:00:00-04:00,0.3019320070743561,0.3019320070743561,0.28180399537086487,0.3019320070743561,6111,0.0,0.0
2013-06-28 00:00:00-04:00,0.3019320070743561,0.3019320070743561,0.3019320070743561,0.3019320070743561,24790,0.0,0.0
2013-07-01 00:00:00-04:00,0.3019320070743561,0.3019320070743561,0.28180399537086487,0.28180399537086487,2683,0.0,0.0
2013-07-02 00:00:00-04:00,0.3019320070743561,0.3220610022544861,0.3019320070743561,0.3220610022544861,15947,0.0,0.0
2013-07-03 00:00:00-04:00,0.3019320070743561,0.3019320070743561,0.3019320070743561,0.3019320070743561,10383,0.0,0.0
2013-07-05 00:00:00-04:00,0.3019320070743561,0.3019320070743561,0.26167500019073486,0.26167500019073486,18133,0.0,0.0
2013-07-08 00:00:00-04:00,0.3019320070743561,0.3019320070743561,0.26167500019073486,0.26167500019073486,32838,0.0,0.0
2013-07-09 00:00:00-04:00,0.3019320070743561,0.3019320070743561,0.3019320070743561,0.3019320070743561,5713,0.0,0.0
2013-07-10 00:00:00-04:00,0.28180399537086487,0.28180399537086487,0.28180399537086487,0.28180399537086487,2136,0.0,0.0
2013-07-11 00:00:00-04:00,0.28180399537086487,0.28180399537086487,0.28180399537086487,0.28180399537086487,497,0.0,0.0
2013-07-12 00:00:00-04:00,0.28180399537086487,0.3019320070743561,0.28180399537086487,0.3019320070743561,7949,0.0,0.0
2013-07-15 00:00:00-04:00,0.3019320070743561,0.3220610022544861,0.28180399537086487,0.28180399537086487,6806,0.0,0.0
2013-07-16 00:00:00-04:00,0.28180399537086487,0.3220610022544861,0.28180399537086487,0.3019320070743561,10532,0.0,0.0
2013-07-17 00:00:00-04:00,0.3019320070743561,0.3019320070743561,0.3019320070743561,0.3019320070743561,8942,0.0,0.0
2013-07-18 00:00:00-04:00,0.3220610022544861,0.3220610022544861,0.3220610022544861,0.3220610022544861,15401,0.0,0.0
2013-07-19 00:00:00-04:00,0.3220610022544861,0.3220610022544861,0.3019320070743561,0.3220610022544861,31944,0.0,0.0
2013-07-22 00:00:00-04:00,0.3220610022544861,0.3421899974346161,0.3220610022544861,0.3220610022544861,55443,0.0,0.0
2013-07-23 00:00:00-04:00,0.3421899974346161,0.3421899974346161,0.3220610022544861,0.3220610022544861,5763,0.0,0.0
2013-07-24 00:00:00-04:00,0.3019320070743561,0.3019320070743561,0.28180399537086487,0.28180399537086487,38800,0.0,0.0
2013-07-25 00:00:00-04:00,0.3220610022544861,0.3220610022544861,0.3220610022544861,0.3220610022544861,5862,0.0,0.0
2013-07-26 00:00:00-04:00,0.3220610022544861,0.3421899974346161,0.3220610022544861,0.3421899974346161,39446,0.0,0.0
2013-07-29 00:00:00-04:00,0.3421899974346161,0.3421899974346161,0.3019320070743561,0.3019320070743561,3527,0.0,0.0
2013-07-30 00:00:00-04:00,0.3220610022544861,0.3421899974346161,0.3220610022544861,0.3421899974346161,17984,0.0,0.0
2013-07-31 00:00:00-04:00,0.3019320070743561,0.3421899974346161,0.3019320070743561,0.3421899974346161,5365,0.0,0.0
2013-08-01 00:00:00-04:00,0.3220610022544861,0.3421899974346161,0.3220610022544861,0.3220610022544861,3130,0.0,0.0
2013-08-02 00:00:00-04:00,0.3220610022544861,0.3421899974346161,0.3220610022544861,0.3220610022544861,2931,0.0,0.0
2013-08-05 00:00:00-04:00,0.28180399537086487,0.3421899974346161,0.28180399537086487,0.3220610022544861,34279,0.0,0.0
2013-08-06 00:00:00-04:00,0.3421899974346161,0.3421899974346161,0.28180399537086487,0.3220610022544861,38701,0.0,0.0
2013-08-07 00:00:00-04:00,0.3220610022544861,0.3220610022544861,0.3019320070743561,0.3019320070743561,1391,0.0,0.0
2013-08-08 00:00:00-04:00,0.28180399537086487,0.3421899974346161,0.28180399537086487,0.3421899974346161,5167,0.0,0.0
2013-08-09 00:00:00-04:00,0.3019320070743561,0.3019320070743561,0.28180399537086487,0.28180399537086487,9340,0.0,0.0
2013-08-12 00:00:00-04:00,0.3220610022544861,0.3220610022544861,0.28180399537086487,0.3019320070743561,25386,0.0,0.0
2013-08-13 00:00:00-04:00,0.3220610022544861,0.3220610022544861,0.28180399537086487,0.28180399537086487,9588,0.0,0.0
2013-08-14 00:00:00-04:00,0.3220610022544861,0.3220610022544861,0.28180399537086487,0.28180399537086487,30354,0.0,0.0
2013-08-15 00:00:00-04:00,0.28180399537086487,0.28180399537086487,0.28180399537086487,0.28180399537086487,0,0.0,0.0
2013-08-16 00:00:00-04:00,0.28180399537086487,0.3019320070743561,0.28180399537086487,0.3019320070743561,5564,0.0,0.0
2013-08-19 00:00:00-04:00,0.3019320070743561,0.3019320070743561,0.28180399537086487,0.3019320070743561,51319,0.0,0.0
2013-08-20 00:00:00-04:00,0.3019320070743561,0.3019320070743561,0.3019320070743561,0.3019320070743561,8942,0.0,0.0
2013-08-21 00:00:00-04:00,0.3019320070743561,0.3019320070743561,0.28180399537086487,0.28180399537086487,16444,0.0,0.0
2013-08-22 00:00:00-04:00,0.28180399537086487,0.3019320070743561,0.28180399537086487,0.3019320070743561,16394,0.0,0.0
2013-08-23 00:00:00-04:00,0.28180399537086487,0.3019320070743561,0.28180399537086487,0.28180399537086487,18183,0.0,0.0
2013-08-26 00:00:00-04:00,0.28180399537086487,0.28180399537086487,0.28180399537086487,0.28180399537086487,2981,0.0,0.0
2013-08-27 00:00:00-04:00,0.28180399537086487,0.28180399537086487,0.28180399537086487,0.28180399537086487,0,0.0,0.0
2013-08-28 00:00:00-04:00,0.3019320070743561,0.3019320070743561,0.26167500019073486,0.28180399537086487,18481,0.0,0.0
2013-08-29 00:00:00-04:00,0.3220610022544861,0.3220610022544861,0.3220610022544861,0.3220610022544861,3577,0.0,0.0
2013-08-30 00:00:00-04:00,0.28180399537086487,0.3019320070743561,0.28180399537086487,0.28180399537086487,16146,0.0,0.0
2013-09-03 00:00:00-04:00,0.3019320070743561,0.3019320070743561,0.28180399537086487,0.28180399537086487,2981,0.0,0.0
2013-09-04 00:00:00-04:00,0.28180399537086487,0.3019320070743561,0.28180399537086487,0.3019320070743561,8197,0.0,0.0
2013-09-05 00:00:00-04:00,0.3019320070743561,0.3019320070743561,0.28180399537086487,0.3019320070743561,33534,0.0,0.0
2013-09-06 00:00:00-04:00,0.28180399537086487,0.28180399537086487,0.28180399537086487,0.28180399537086487,32441,0.0,0.0
2013-09-09 00:00:00-04:00,0.28180399537086487,0.3019320070743561,0.28180399537086487,0.28180399537086487,32640,0.0,0.0
2013-09-10 00:00:00-04:00,0.3019320070743561,0.3019320070743561,0.28180399537086487,0.28180399537086487,3577,0.0,0.0
2013-09-11 00:00:00-04:00,0.3019320070743561,0.3019320070743561,0.3019320070743561,0.3019320070743561,5117,0.0,0.0
2013-09-12 00:00:00-04:00,0.28180399537086487,0.3019320070743561,0.28180399537086487,0.3019320070743561,11774,0.0,0.0
2013-09-13 00:00:00-04:00,0.3220610022544861,0.8856679797172546,0.3019320070743561,0.8856679797172546,58324,0.0,0.0
2013-09-16 00:00:00-04:00,0.5434780120849609,0.5434780120849609,0.4025759994983673,0.4025759994983673,142929,0.0,0.0
2013-09-17 00:00:00-04:00,0.4025759994983673,0.4830920100212097,0.4025759994983673,0.4830920100212097,31596,0.0,0.0
2013-09-18 00:00:00-04:00,0.4830920100212097,0.6642510294914246,0.4629630148410797,0.6038650274276733,21015,0.0,0.0
2013-09-19 00:00:00-04:00,0.623993992805481,0.623993992805481,0.5636069774627686,0.583736002445221,38055,0.0,0.0
2013-09-20 00:00:00-04:00,0.4830920100212097,0.5032209753990173,0.4629630148410797,0.5032209753990173,46451,0.0,0.0
2013-09-23 00:00:00-04:00,0.5233489871025085,0.5636069774627686,0.4830920100212097,0.5032209753990173,24989,0.0,0.0
2013-09-24 00:00:00-04:00,0.5032209753990173,0.583736002445221,0.5032209753990173,0.5636069774627686,34478,0.0,0.0
2013-09-25 00:00:00-04:00,0.5636069774627686,0.583736002445221,0.5636069774627686,0.5636069774627686,5365,0.0,0.0
2013-09-26 00:00:00-04:00,0.583736002445221,0.583736002445221,0.5434780120849609,0.5434780120849609,3974,0.0,0.0
2013-09-27 00:00:00-04:00,0.5636069774627686,0.5636069774627686,0.5032209753990173,0.5233489871025085,15500,0.0,0.0
2013-09-30 00:00:00-04:00,0.5032209753990173,0.5233489871025085,0.4830920100212097,0.4830920100212097,21561,0.0,0.0
2013-10-01 00:00:00-04:00,0.5233489871025085,0.5434780120849609,0.5233489871025085,0.5434780120849609,23499,0.0,0.0
2013-10-02 00:00:00-04:00,0.5434780120849609,0.5434780120849609,0.4830920100212097,0.4830920100212097,14258,0.0,0.0
2013-10-03 00:00:00-04:00,0.5233489871025085,0.5434780120849609,0.5032209753990173,0.5233489871025085,13165,0.0,0.0
2013-10-04 00:00:00-04:00,0.5636069774627686,0.5636069774627686,0.5032209753990173,0.5233489871025085,15152,0.0,0.0
2013-10-07 00:00:00-04:00,0.5434780120849609,0.5434780120849609,0.4830920100212097,0.5032209753990173,48388,0.0,0.0
2013-10-08 00:00:00-04:00,0.5032209753990173,0.5032209753990173,0.4830920100212097,0.5032209753990173,52412,0.0,0.0
2013-10-09 00:00:00-04:00,0.5233489871025085,0.5233489871025085,0.5032209753990173,0.5032209753990173,12718,0.0,0.0
2013-10-10 00:00:00-04:00,0.5032209753990173,0.5434780120849609,0.5032209753990173,0.5233489871025085,2981,0.0,0.0
2013-10-11 00:00:00-04:00,0.5233489871025085,0.5233489871025085,0.5032209753990173,0.5032209753990173,13811,0.0,0.0
2013-10-14 00:00:00-04:00,0.5032209753990173,0.5032209753990173,0.5032209753990173,0.5032209753990173,1739,0.0,0.0
2013-10-15 00:00:00-04:00,0.5032209753990173,0.5434780120849609,0.4629630148410797,0.5032209753990173,12023,0.0,0.0
2013-10-16 00:00:00-04:00,0.5434780120849609,0.5434780120849609,0.5032209753990173,0.5434780120849609,4918,0.0,0.0
2013-10-17 00:00:00-04:00,0.5434780120849609,0.5636069774627686,0.5233489871025085,0.5233489871025085,12569,0.0,0.0
2013-10-18 00:00:00-04:00,0.5032209753990173,0.5233489871025085,0.5032209753990173,0.5233489871025085,3030,0.0,0.0
2013-10-21 00:00:00-04:00,0.5032209753990173,0.5434780120849609,0.5032209753990173,0.5032209753990173,14109,0.0,0.0
2013-10-22 00:00:00-04:00,0.5434780120849609,0.5434780120849609,0.5233489871025085,0.5233489871025085,6707,0.0,0.0
2013-10-23 00:00:00-04:00,0.5233489871025085,0.5233489871025085,0.5233489871025085,0.5233489871025085,0,0.0,0.0
2013-10-24 00:00:00-04:00,0.4830920100212097,0.5032209753990173,0.4629630148410797,0.4830920100212097,24294,0.0,0.0
2013-10-25 00:00:00-04:00,0.5032209753990173,0.5032209753990173,0.4629630148410797,0.4629630148410797,23548,0.0,0.0
2013-10-28 00:00:00-04:00,0.5032209753990173,0.5032209753990173,0.4629630148410797,0.4830920100212097,18481,0.0,0.0
2013-10-29 00:00:00-04:00,0.4830920100212097,0.4830920100212097,0.4629630148410797,0.4830920100212097,23300,0.0,0.0
2013-10-30 00:00:00-04:00,0.4629630148410797,0.4830920100212097,0.4629630148410797,0.4629630148410797,2335,0.0,0.0
2013-10-31 00:00:00-04:00,0.4629630148410797,0.4629630148410797,0.4629630148410797,0.4629630148410797,17040,0.0,0.0
2013-11-01 00:00:00-04:00,0.4629630148410797,0.4629630148410797,0.3824479877948761,0.3824479877948761,11476,0.0,0.0
2013-11-04 00:00:00-05:00,0.3824479877948761,0.4025759994983673,0.3824479877948761,0.3824479877948761,22257,0.0,0.0
2013-11-05 00:00:00-05:00,0.3623189926147461,0.4025759994983673,0.3623189926147461,0.3824479877948761,9936,0.0,0.0
2013-11-06 00:00:00-05:00,0.4227049946784973,0.4227049946784973,0.4025759994983673,0.4025759994983673,31845,0.0,0.0
2013-11-07 00:00:00-05:00,0.4227049946784973,0.4227049946784973,0.4227049946784973,0.4227049946784973,58573,0.0,0.0
2013-11-08 00:00:00-05:00,0.4227049946784973,0.4428339898586273,0.4025759994983673,0.4428339898586273,19673,0.0,0.0
2013-11-11 00:00:00-05:00,0.4227049946784973,0.4629630148410797,0.4025759994983673,0.4227049946784973,18729,0.0,0.0
2013-11-12 00:00:00-05:00,0.4428339898586273,0.4629630148410797,0.4227049946784973,0.4629630148410797,19425,0.0,0.0
2013-11-13 00:00:00-05:00,0.4629630148410797,0.4830920100212097,0.4428339898586273,0.4830920100212097,7800,0.0,0.0
2013-11-14 00:00:00-05:00,0.4629630148410797,0.4830920100212097,0.4629630148410797,0.4830920100212097,67962,0.0,0.0
2013-11-15 00:00:00-05:00,0.4428339898586273,0.4830920100212097,0.4428339898586273,0.4428339898586273,23697,0.0,0.0
2013-11-18 00:00:00-05:00,0.4629630148410797,0.4629630148410797,0.4025759994983673,0.4227049946784973,11923,0.0,0.0
2013-11-19 00:00:00-05:00,0.4227049946784973,0.4227049946784973,0.4227049946784973,0.4227049946784973,0,0.0,0.0
2013-11-20 00:00:00-05:00,0.4428339898586273,0.4830920100212097,0.4428339898586273,0.4428339898586273,4471,0.0,0.0
2013-11-21 00:00:00-05:00,0.4428339898586273,0.4428339898586273,0.4428339898586273,0.4428339898586273,745,0.0,0.0
2013-11-22 00:00:00-05:00,0.4629630148410797,0.4830920100212097,0.4629630148410797,0.4830920100212097,4123,0.0,0.0
2013-11-25 00:00:00-05:00,0.4830920100212097,0.4830920100212097,0.4025759994983673,0.4025759994983673,71688,0.0,0.0
2013-11-26 00:00:00-05:00,0.4428339898586273,0.4428339898586273,0.4025759994983673,0.4025759994983673,8048,0.0,0.0
2013-11-27 00:00:00-05:00,0.4025759994983673,0.4428339898586273,0.4025759994983673,0.4227049946784973,51965,0.0,0.0
2013-11-29 00:00:00-05:00,0.4428339898586273,0.4428339898586273,0.4025759994983673,0.4227049946784973,7253,0.0,0.0
2013-12-02 00:00:00-05:00,0.4227049946784973,0.4629630148410797,0.3824479877948761,0.4629630148410797,9588,0.0,0.0
2013-12-03 00:00:00-05:00,0.4025759994983673,0.4629630148410797,0.4025759994983673,0.4428339898586273,17388,0.0,0.0
2013-12-04 00:00:00-05:00,0.4629630148410797,0.4629630148410797,0.4428339898586273,0.4428339898586273,17984,0.0,0.0
2013-12-05 00:00:00-05:00,0.4428339898586273,0.4428339898586273,0.4025759994983673,0.4227049946784973,4720,0.0,0.0
2013-12-06 00:00:00-05:00,0.4025759994983673,0.4025759994983673,0.4025759994983673,0.4025759994983673,20866,0.0,0.0
2013-12-09 00:00:00-05:00,0.4025759994983673,0.4629630148410797,0.4025759994983673,0.4227049946784973,51717,0.0,0.0
2013-12-10 00:00:00-05:00,0.4025759994983673,0.4629630148410797,0.4025759994983673,0.4227049946784973,23697,0.0,0.0
2013-12-11 00:00:00-05:00,0.4629630148410797,0.4629630148410797,0.4428339898586273,0.4428339898586273,26032,0.0,0.0
2013-12-12 00:00:00-05:00,0.4227049946784973,0.4227049946784973,0.4227049946784973,0.4227049946784973,7104,0.0,0.0
2013-12-13 00:00:00-05:00,0.4227049946784973,0.4629630148410797,0.4025759994983673,0.4227049946784973,9787,0.0,0.0
2013-12-16 00:00:00-05:00,0.4227049946784973,0.4428339898586273,0.4227049946784973,0.4227049946784973,23002,0.0,0.0
2013-12-17 00:00:00-05:00,0.4428339898586273,0.4428339898586273,0.4227049946784973,0.4227049946784973,2236,0.0,0.0
2013-12-18 00:00:00-05:00,0.4227049946784973,0.4227049946784973,0.4227049946784973,0.4227049946784973,8346,0.0,0.0
2013-12-19 00:00:00-05:00,0.4428339898586273,0.4428339898586273,0.4227049946784973,0.4227049946784973,14159,0.0,0.0
2013-12-20 00:00:00-05:00,0.4428339898586273,0.4629630148410797,0.4428339898586273,0.4428339898586273,49382,0.0,0.0
2013-12-23 00:00:00-05:00,0.4428339898586273,0.4629630148410797,0.4227049946784973,0.4428339898586273,36564,0.0,0.0
2013-12-24 00:00:00-05:00,0.4227049946784973,0.4428339898586273,0.4227049946784973,0.4428339898586273,7204,0.0,0.0
2013-12-26 00:00:00-05:00,0.4428339898586273,0.4629630148410797,0.4428339898586273,0.4629630148410797,6160,0.0,0.0
2013-12-27 00:00:00-05:00,0.4428339898586273,0.4629630148410797,0.4428339898586273,0.4428339898586273,35472,0.0,0.0
2013-12-30 00:00:00-05:00,0.4629630148410797,0.4830920100212097,0.4428339898586273,0.4629630148410797,27125,0.0,0.0
2013-12-31 00:00:00-05:00,0.4629630148410797,0.4629630148410797,0.4227049946784973,0.4629630148410797,34031,0.0,0.0
2014-01-02 00:00:00-05:00,0.4428339898586273,0.4830920100212097,0.4227049946784973,0.4629630148410797,12023,0.0,0.0
2014-01-03 00:00:00-05:00,0.4629630148410797,0.4830920100212097,0.4629630148410797,0.4629630148410797,50624,0.0,0.0
2014-01-06 00:00:00-05:00,0.4830920100212097,0.4830920100212097,0.4428339898586273,0.4428339898586273,12519,0.0,0.0
2014-01-07 00:00:00-05:00,0.4428339898586273,0.4830920100212097,0.4428339898586273,0.4428339898586273,9837,0.0,0.0
2014-01-08 00:00:00-05:00,0.4428339898586273,0.4629630148410797,0.4428339898586273,0.4629630148410797,52263,0.0,0.0
2014-01-09 00:00:00-05:00,0.4830920100212097,0.5233489871025085,0.4830920100212097,0.5032209753990173,13016,0.0,0.0
2014-01-10 00:00:00-05:00,0.5032209753990173,0.5434780120849609,0.4830920100212097,0.5434780120849609,115456,0.0,0.0
2014-01-13 00:00:00-05:00,0.5434780120849609,0.6441220045089722,0.5434780120849609,0.6038650274276733,63839,0.0,0.0
2014-01-14 00:00:00-05:00,0.623993992805481,0.623993992805481,0.583736002445221,0.583736002445221,18878,0.0,0.0
2014-01-15 00:00:00-05:00,0.5636069774627686,0.623993992805481,0.5434780120849609,0.583736002445221,34677,0.0,0.0
2014-01-16 00:00:00-05:00,0.6038650274276733,0.6038650274276733,0.5636069774627686,0.5636069774627686,22902,0.0,0.0
2014-01-17 00:00:00-05:00,0.583736002445221,0.583736002445221,0.5434780120849609,0.583736002445221,15053,0.0,0.0
2014-01-21 00:00:00-05:00,0.5636069774627686,0.6038650274276733,0.5636069774627686,0.5636069774627686,72483,0.0,0.0
2014-01-22 00:00:00-05:00,0.5636069774627686,0.5636069774627686,0.5233489871025085,0.5233489871025085,16295,0.0,0.0
2014-01-23 00:00:00-05:00,0.5434780120849609,0.5636069774627686,0.5233489871025085,0.5434780120849609,18779,0.0,0.0
2014-01-24 00:00:00-05:00,0.5434780120849609,0.5434780120849609,0.5032209753990173,0.5032209753990173,71738,0.0,0.0
2014-01-27 00:00:00-05:00,0.5233489871025085,0.5233489871025085,0.4830920100212097,0.4830920100212097,26827,0.0,0.0
2014-01-28 00:00:00-05:00,0.4830920100212097,0.5434780120849609,0.4830920100212097,0.5434780120849609,41532,0.0,0.0
2014-01-29 00:00:00-05:00,0.5636069774627686,0.5636069774627686,0.5233489871025085,0.5434780120849609,10135,0.0,0.0
2014-01-30 00:00:00-05:00,0.5032209753990173,0.5434780120849609,0.4629630148410797,0.5434780120849609,58324,0.0,0.0
2014-01-31 00:00:00-05:00,0.5434780120849609,0.623993992805481,0.5434780120849609,0.583736002445221,108203,0.0,0.0
2014-02-03 00:00:00-05:00,0.6038650274276733,0.623993992805481,0.5636069774627686,0.583736002445221,48686,0.0,0.0
2014-02-04 00:00:00-05:00,0.583736002445221,0.6038650274276733,0.5636069774627686,0.583736002445221,12221,0.0,0.0
2014-02-05 00:00:00-05:00,0.583736002445221,0.6038650274276733,0.5636069774627686,0.5636069774627686,27771,0.0,0.0
2014-02-06 00:00:00-05:00,0.583736002445221,0.623993992805481,0.5233489871025085,0.5636069774627686,61852,0.0,0.0
2014-02-07 00:00:00-05:00,0.5636069774627686,0.6038650274276733,0.5636069774627686,0.583736002445221,12867,0.0,0.0
2014-02-10 00:00:00-05:00,0.5434780120849609,0.6038650274276733,0.5434780120849609,0.6038650274276733,22207,0.0,0.0
2014-02-11 00:00:00-05:00,0.6038650274276733,0.6038650274276733,0.6038650274276733,0.6038650274276733,22008,0.0,0.0
2014-02-12 00:00:00-05:00,0.6038650274276733,0.6038650274276733,0.5636069774627686,0.6038650274276733,7949,0.0,0.0
2014-02-13 00:00:00-05:00,0.6038650274276733,0.6441220045089722,0.6038650274276733,0.6441220045089722,98714,0.0,0.0
2014-02-14 00:00:00-05:00,0.6642510294914246,0.7045090198516846,0.6441220045089722,0.6642510294914246,66571,0.0,0.0
2014-02-18 00:00:00-05:00,0.623993992805481,0.7246379852294922,0.6038650274276733,0.7246379852294922,54300,0.0,0.0
2014-02-19 00:00:00-05:00,0.7045090198516846,0.7246379852294922,0.6642510294914246,0.7045090198516846,77153,0.0,0.0
2014-02-20 00:00:00-05:00,0.7045090198516846,0.7447670102119446,0.7045090198516846,0.7045090198516846,81078,0.0,0.0
2014-02-21 00:00:00-05:00,0.7246379852294922,0.7246379852294922,0.7045090198516846,0.7246379852294922,48686,0.0,0.0
2014-02-24 00:00:00-05:00,0.7648950219154358,0.8252819776535034,0.7447670102119446,0.8252819776535034,187691,0.0,0.0
2014-02-25 00:00:00-05:00,0.8051530122756958,1.0668280124664307,0.8051530122756958,0.9661840200424194,340109,0.0,0.0
2014-02-26 00:00:00-05:00,1.0668280124664307,1.4090180397033691,1.046699047088623,1.2479870319366455,1544054,0.0,0.0
2014-02-27 00:00:00-05:00,1.308374047279358,1.7310789823532104,1.2882449626922607,1.5499190092086792,1558660,0.0,0.0
2014-02-28 00:00:00-05:00,1.6304349899291992,1.670691967010498,1.308374047279358,1.3687599897384644,821260,0.0,0.0
2014-03-03 00:00:00-05:00,1.2479870319366455,1.308374047279358,0.9863119721412659,1.1070849895477295,739536,0.0,0.0
2014-03-04 00:00:00-05:00,1.2077289819717407,1.2882449626922607,1.0064409971237183,1.1070849895477295,504749,0.0,0.0
2014-03-05 00:00:00-05:00,1.127213954925537,1.1876009702682495,1.0869569778442383,1.1473430395126343,170055,0.0,0.0
2014-03-06 00:00:00-05:00,1.2077289819717407,1.2479870319366455,1.0064409971237183,1.046699047088623,353175,0.0,0.0
2014-03-07 00:00:00-05:00,0.9863119721412659,1.0668280124664307,0.9661840200424194,1.0668280124664307,258386,0.0,0.0
2014-03-10 00:00:00-04:00,1.1070849895477295,1.1876009702682495,1.0668280124664307,1.167472004890442,107905,0.0,0.0
2014-03-11 00:00:00-04:00,1.167472004890442,1.2077289819717407,0.9661840200424194,1.0668280124664307,267328,0.0,0.0
2014-03-12 00:00:00-04:00,1.0869569778442383,1.1070849895477295,1.046699047088623,1.046699047088623,75017,0.0,0.0
2014-03-13 00:00:00-04:00,1.127213954925537,1.127213954925537,1.046699047088623,1.0869569778442383,71887,0.0,0.0
2014-03-14 00:00:00-04:00,1.0668280124664307,1.0869569778442383,1.0265699625015259,1.046699047088623,71688,0.0,0.0
2014-03-17 00:00:00-04:00,1.0869569778442383,1.0869569778442383,1.0064409971237183,1.0265699625015259,108352,0.0,0.0
2014-03-18 00:00:00-04:00,1.0265699625015259,1.0668280124664307,1.0064409971237183,1.0064409971237183,69403,0.0,0.0
2014-03-19 00:00:00-04:00,1.046699047088623,1.0869569778442383,1.0064409971237183,1.046699047088623,155300,0.0,0.0
2014-03-20 00:00:00-04:00,1.0869569778442383,1.1070849895477295,1.046699047088623,1.0869569778442383,60610,0.0,0.0
2014-03-21 00:00:00-04:00,1.167472004890442,1.1876009702682495,1.0668280124664307,1.1473430395126343,125243,0.0,0.0
2014-03-24 00:00:00-04:00,1.1876009702682495,1.2681159973144531,1.167472004890442,1.2681159973144531,207116,0.0,0.0
2014-03-25 00:00:00-04:00,1.2681159973144531,1.4291470050811768,1.2479870319366455,1.4090180397033691,190672,0.0,0.0
2014-03-26 00:00:00-04:00,1.3687599897384644,1.4090180397033691,1.308374047279358,1.3486310243606567,246264,0.0,0.0
2014-03-27 00:00:00-04:00,1.308374047279358,1.3687599897384644,1.2479870319366455,1.2882449626922607,166428,0.0,0.0
2014-03-28 00:00:00-04:00,1.2882449626922607,1.4090180397033691,1.2681159973144531,1.3687599897384644,169906,0.0,0.0
2014-03-31 00:00:00-04:00,1.388888955116272,1.751207947731018,1.3486310243606567,1.670691967010498,562080,0.0,0.0
2014-04-01 00:00:00-04:00,1.6908210515975952,1.7310789823532104,1.4291470050811768,1.4895329475402832,412344,0.0,0.0
2014-04-02 00:00:00-04:00,1.4895329475402832,1.5096620321273804,1.3687599897384644,1.4694039821624756,287647,0.0,0.0
2014-04-03 00:00:00-04:00,1.449275016784668,1.4694039821624756,1.3486310243606567,1.4090180397033691,191566,0.0,0.0
2014-04-04 00:00:00-04:00,1.388888955116272,1.4090180397033691,1.2882449626922607,1.4090180397033691,312885,0.0,0.0
2014-04-07 00:00:00-04:00,1.4090180397033691,1.4090180397033691,1.2077289819717407,1.2077289819717407,209749,0.0,0.0
2014-04-08 00:00:00-04:00,1.2278579473495483,1.3486310243606567,1.2077289819717407,1.308374047279358,189827,0.0,0.0
2014-04-09 00:00:00-04:00,1.308374047279358,1.3687599897384644,1.308374047279358,1.3486310243606567,45408,0.0,0.0
2014-04-10 00:00:00-04:00,1.3486310243606567,1.3486310243606567,1.2681159973144531,1.2882449626922607,82866,0.0,0.0
2014-04-11 00:00:00-04:00,1.3285020589828491,1.3285020589828491,1.2077289819717407,1.2479870319366455,110488,0.0,0.0
2014-04-14 00:00:00-04:00,1.2479870319366455,1.2882449626922607,1.1876009702682495,1.2479870319366455,201502,0.0,0.0
2014-04-15 00:00:00-04:00,1.2681159973144531,1.2882449626922607,1.1876009702682495,1.2077289819717407,93100,0.0,0.0
2014-04-16 00:00:00-04:00,1.2278579473495483,1.3687599897384644,1.2278579473495483,1.308374047279358,156740,0.0,0.0
2014-04-17 00:00:00-04:00,1.1473430395126343,1.2479870319366455,1.0869569778442383,1.1876009702682495,214965,0.0,0.0
2014-04-21 00:00:00-04:00,1.1876009702682495,1.2681159973144531,1.1876009702682495,1.2681159973144531,41980,0.0,0.0
2014-04-22 00:00:00-04:00,1.2681159973144531,1.2681159973144531,1.1876009702682495,1.2278579473495483,130857,0.0,0.0
2014-04-23 00:00:00-04:00,1.2278579473495483,1.2479870319366455,1.1473430395126343,1.2278579473495483,199416,0.0,0.0
2014-04-24 00:00:00-04:00,1.2077289819717407,1.2278579473495483,1.1876009702682495,1.2077289819717407,33782,0.0,0.0
2014-04-25 00:00:00-04:00,1.2077289819717407,1.2077289819717407,1.167472004890442,1.167472004890442,58970,0.0,0.0
2014-04-28 00:00:00-04:00,1.1876009702682495,1.1876009702682495,1.046699047088623,1.1070849895477295,222467,0.0,0.0
2014-04-29 00:00:00-04:00,1.0869569778442383,1.1070849895477295,0.9863119721412659,1.0869569778442383,290032,0.0,0.0
2014-04-30 00:00:00-04:00,1.0869569778442383,1.0869569778442383,1.0064409971237183,1.046699047088623,81773,0.0,0.0
2014-05-01 00:00:00-04:00,1.0668280124664307,1.0668280124664307,0.905797004699707,0.9259260296821594,223659,0.0,0.0
2014-05-02 00:00:00-04:00,0.905797004699707,0.9863119721412659,0.865539014339447,0.9661840200424194,119580,0.0,0.0
2014-05-05 00:00:00-04:00,0.9661840200424194,1.0265699625015259,0.9661840200424194,0.9863119721412659,100205,0.0,0.0
2014-05-06 00:00:00-04:00,0.9863119721412659,1.0064409971237183,0.9259260296821594,0.946054995059967,68956,0.0,0.0
2014-05-07 00:00:00-04:00,1.0064409971237183,1.0064409971237183,0.946054995059967,0.9863119721412659,29361,0.0,0.0
2014-05-08 00:00:00-04:00,1.0064409971237183,1.0265699625015259,0.9863119721412659,0.9863119721412659,23250,0.0,0.0
2014-05-09 00:00:00-04:00,0.9863119721412659,1.0064409971237183,0.905797004699707,0.9259260296821594,74222,0.0,0.0
2014-05-12 00:00:00-04:00,0.905797004699707,0.9863119721412659,0.905797004699707,0.9661840200424194,38353,0.0,0.0
2014-05-13 00:00:00-04:00,0.9863119721412659,1.0064409971237183,0.9259260296821594,0.9661840200424194,81873,0.0,0.0
2014-05-14 00:00:00-04:00,0.9863119721412659,0.9863119721412659,0.9259260296821594,0.9259260296821594,139800,0.0,0.0
2014-05-15 00:00:00-04:00,0.9661840200424194,1.0064409971237183,0.946054995059967,0.9863119721412659,68310,0.0,0.0
2014-05-16 00:00:00-04:00,0.9863119721412659,0.9863119721412659,0.9259260296821594,0.9259260296821594,29162,0.0,0.0
2014-05-19 00:00:00-04:00,0.9863119721412659,0.9863119721412659,0.946054995059967,0.9661840200424194,21710,0.0,0.0
2014-05-20 00:00:00-04:00,0.9863119721412659,0.9863119721412659,0.905797004699707,0.9259260296821594,83711,0.0,0.0
2014-05-21 00:00:00-04:00,0.905797004699707,0.946054995059967,0.8856679797172546,0.8856679797172546,90964,0.0,0.0
2014-05-22 00:00:00-04:00,0.9259260296821594,0.9661840200424194,0.905797004699707,0.9661840200424194,93995,0.0,0.0
2014-05-23 00:00:00-04:00,0.9863119721412659,1.0064409971237183,0.9259260296821594,0.946054995059967,99658,0.0,0.0
2014-05-27 00:00:00-04:00,0.9259260296821594,0.9661840200424194,0.9259260296821594,0.946054995059967,32193,0.0,0.0
2014-05-28 00:00:00-04:00,0.946054995059967,0.9863119721412659,0.9259260296821594,0.9259260296821594,106713,0.0,0.0
2014-05-29 00:00:00-04:00,0.946054995059967,0.9661840200424194,0.905797004699707,0.905797004699707,113817,0.0,0.0
2014-05-30 00:00:00-04:00,0.9661840200424194,0.9661840200424194,0.9259260296821594,0.9259260296821594,53903,0.0,0.0
2014-06-02 00:00:00-04:00,0.946054995059967,0.9661840200424194,0.905797004699707,0.905797004699707,25039,0.0,0.0
2014-06-03 00:00:00-04:00,0.9259260296821594,0.9863119721412659,0.905797004699707,0.9863119721412659,114761,0.0,0.0
2014-06-04 00:00:00-04:00,0.9863119721412659,0.9863119721412659,0.9259260296821594,0.9661840200424194,14954,0.0,0.0
2014-06-05 00:00:00-04:00,0.9259260296821594,0.946054995059967,0.905797004699707,0.905797004699707,30007,0.0,0.0
2014-06-06 00:00:00-04:00,0.946054995059967,0.946054995059967,0.8856679797172546,0.9259260296821594,36763,0.0,0.0
2014-06-09 00:00:00-04:00,0.9259260296821594,0.9661840200424194,0.8856679797172546,0.905797004699707,34975,0.0,0.0
2014-06-10 00:00:00-04:00,0.8856679797172546,0.946054995059967,0.8856679797172546,0.905797004699707,37359,0.0,0.0
2014-06-11 00:00:00-04:00,0.905797004699707,0.946054995059967,0.865539014339447,0.8856679797172546,134235,0.0,0.0
2014-06-12 00:00:00-04:00,0.8856679797172546,0.905797004699707,0.865539014339447,0.8856679797172546,45706,0.0,0.0
2014-06-13 00:00:00-04:00,0.905797004699707,0.9259260296821594,0.865539014339447,0.865539014339447,35621,0.0,0.0
2014-06-16 00:00:00-04:00,0.8856679797172546,0.9259260296821594,0.8454110026359558,0.8856679797172546,86095,0.0,0.0
2014-06-17 00:00:00-04:00,0.946054995059967,0.946054995059967,0.905797004699707,0.946054995059967,104229,0.0,0.0
2014-06-18 00:00:00-04:00,0.946054995059967,0.946054995059967,0.905797004699707,0.946054995059967,19475,0.0,0.0
2014-06-19 00:00:00-04:00,0.9661840200424194,0.9661840200424194,0.905797004699707,0.9259260296821594,28218,0.0,0.0
2014-06-20 00:00:00-04:00,0.9259260296821594,0.946054995059967,0.905797004699707,0.946054995059967,15500,0.0,0.0
2014-06-23 00:00:00-04:00,0.9661840200424194,0.9661840200424194,0.905797004699707,0.9259260296821594,44762,0.0,0.0
2014-06-24 00:00:00-04:00,0.946054995059967,0.946054995059967,0.9259260296821594,0.946054995059967,38850,0.0,0.0
2014-06-25 00:00:00-04:00,0.905797004699707,0.946054995059967,0.905797004699707,0.946054995059967,21660,0.0,0.0
2014-06-26 00:00:00-04:00,0.905797004699707,0.946054995059967,0.905797004699707,0.905797004699707,24691,0.0,0.0
2014-06-27 00:00:00-04:00,0.905797004699707,0.905797004699707,0.8856679797172546,0.905797004699707,12569,0.0,0.0
2014-06-30 00:00:00-04:00,0.8856679797172546,0.946054995059967,0.865539014339447,0.946054995059967,75712,0.0,0.0
2014-07-01 00:00:00-04:00,0.946054995059967,0.946054995059967,0.905797004699707,0.946054995059967,30603,0.0,0.0
2014-07-02 00:00:00-04:00,0.946054995059967,0.946054995059967,0.905797004699707,0.9259260296821594,45855,0.0,0.0
2014-07-03 00:00:00-04:00,0.946054995059967,0.946054995059967,0.905797004699707,0.9259260296821594,57927,0.0,0.0
2014-07-07 00:00:00-04:00,0.9259260296821594,0.946054995059967,0.9259260296821594,0.9259260296821594,37310,0.0,0.0
2014-07-08 00:00:00-04:00,0.946054995059967,0.946054995059967,0.905797004699707,0.9259260296821594,30653,0.0,0.0
2014-07-09 00:00:00-04:00,0.905797004699707,0.946054995059967,0.905797004699707,0.905797004699707,109246,0.0,0.0
2014-07-10 00:00:00-04:00,0.9259260296821594,0.9259260296821594,0.905797004699707,0.9259260296821594,40837,0.0,0.0
2014-07-11 00:00:00-04:00,0.905797004699707,0.9259260296821594,0.8856679797172546,0.905797004699707,27622,0.0,0.0
2014-07-14 00:00:00-04:00,0.9259260296821594,0.9259260296821594,0.8856679797172546,0.8856679797172546,37806,0.0,0.0
2014-07-15 00:00:00-04:00,0.9259260296821594,0.946054995059967,0.8856679797172546,0.905797004699707,24741,0.0,0.0
2014-07-16 00:00:00-04:00,0.946054995059967,0.946054995059967,0.905797004699707,0.9259260296821594,65180,0.0,0.0
2014-07-17 00:00:00-04:00,0.905797004699707,0.9661840200424194,0.905797004699707,0.9259260296821594,37657,0.0,0.0
2014-07-18 00:00:00-04:00,0.9259260296821594,0.946054995059967,0.9259260296821594,0.9259260296821594,21362,0.0,0.0
2014-07-21 00:00:00-04:00,0.946054995059967,0.946054995059967,0.905797004699707,0.9259260296821594,42327,0.0,0.0
2014-07-22 00:00:00-04:00,0.9259260296821594,0.9259260296821594,0.905797004699707,0.9259260296821594,9141,0.0,0.0
2014-07-23 00:00:00-04:00,0.9259260296821594,1.0064409971237183,0.9259260296821594,1.0064409971237183,139551,0.0,0.0
2014-07-24 00:00:00-04:00,1.0064409971237183,1.0869569778442383,0.9863119721412659,1.0668280124664307,194050,0.0,0.0
2014-07-25 00:00:00-04:00,1.0869569778442383,1.1070849895477295,1.0265699625015259,1.046699047088623,223113,0.0,0.0
2014-07-28 00:00:00-04:00,1.0869569778442383,1.0869569778442383,1.0265699625015259,1.0869569778442383,163745,0.0,0.0
2014-07-29 00:00:00-04:00,1.1070849895477295,1.1473430395126343,1.1070849895477295,1.127213954925537,229820,0.0,0.0
2014-07-30 00:00:00-04:00,1.127213954925537,1.127213954925537,0.9863119721412659,1.1070849895477295,216953,0.0,0.0
2014-07-31 00:00:00-04:00,1.127213954925537,1.1473430395126343,1.0869569778442383,1.127213954925537,127429,0.0,0.0
2014-08-01 00:00:00-04:00,1.127213954925537,1.308374047279358,1.127213954925537,1.2681159973144531,242389,0.0,0.0
2014-08-04 00:00:00-04:00,1.2882449626922607,1.4694039821624756,1.2278579473495483,1.4694039821624756,605351,0.0,0.0
2014-08-05 00:00:00-04:00,1.3687599897384644,1.449275016784668,1.308374047279358,1.4090180397033691,395801,0.0,0.0
2014-08-06 00:00:00-04:00,1.388888955116272,1.5499190092086792,1.2882449626922607,1.5096620321273804,174874,0.0,0.0
2014-08-07 00:00:00-04:00,1.4291470050811768,1.449275016784668,1.308374047279358,1.3285020589828491,317455,0.0,0.0
2014-08-08 00:00:00-04:00,1.308374047279358,1.4291470050811768,1.308374047279358,1.388888955116272,93498,0.0,0.0
2014-08-11 00:00:00-04:00,1.3687599897384644,1.388888955116272,1.2681159973144531,1.2882449626922607,208159,0.0,0.0
2014-08-12 00:00:00-04:00,1.2882449626922607,1.2882449626922607,1.2278579473495483,1.2681159973144531,74371,0.0,0.0
2014-08-13 00:00:00-04:00,1.2681159973144531,1.2882449626922607,1.2278579473495483,1.2479870319366455,31746,0.0,0.0
2014-08-14 00:00:00-04:00,1.2278579473495483,1.2681159973144531,1.1473430395126343,1.1473430395126343,169160,0.0,0.0
2014-08-15 00:00:00-04:00,1.167472004890442,1.167472004890442,1.046699047088623,1.127213954925537,162106,0.0,0.0
2014-08-18 00:00:00-04:00,1.0869569778442383,1.127213954925537,1.0668280124664307,1.1070849895477295,129565,0.0,0.0
2014-08-19 00:00:00-04:00,1.1070849895477295,1.127213954925537,1.046699047088623,1.0668280124664307,43569,0.0,0.0
2014-08-20 00:00:00-04:00,1.0869569778442383,1.1070849895477295,1.046699047088623,1.046699047088623,83910,0.0,0.0
2014-08-21 00:00:00-04:00,1.046699047088623,1.0668280124664307,1.046699047088623,1.0668280124664307,49283,0.0,0.0
2014-08-22 00:00:00-04:00,1.0869569778442383,1.127213954925537,1.0869569778442383,1.1070849895477295,69651,0.0,0.0
2014-08-25 00:00:00-04:00,1.0869569778442383,1.1070849895477295,1.046699047088623,1.0668280124664307,113767,0.0,0.0
2014-08-26 00:00:00-04:00,1.1070849895477295,1.1070849895477295,1.0668280124664307,1.0668280124664307,42029,0.0,0.0
2014-08-27 00:00:00-04:00,1.0668280124664307,1.1070849895477295,1.0668280124664307,1.0869569778442383,75464,0.0,0.0
2014-08-28 00:00:00-04:00,1.0869569778442383,1.0869569778442383,1.046699047088623,1.0869569778442383,52313,0.0,0.0
2014-08-29 00:00:00-04:00,1.0869569778442383,1.0869569778442383,1.046699047088623,1.0869569778442383,79836,0.0,0.0
2014-09-02 00:00:00-04:00,1.0668280124664307,1.1876009702682495,1.046699047088623,1.167472004890442,177010,0.0,0.0
2014-09-03 00:00:00-04:00,1.2077289819717407,1.670691967010498,1.1876009702682495,1.6304349899291992,874269,0.0,0.0
2014-09-04 00:00:00-04:00,1.7713370323181152,1.892109990119934,1.388888955116272,1.590177059173584,2547044,0.0,0.0
2014-09-05 00:00:00-04:00,1.6505639553070068,1.6505639553070068,1.388888955116272,1.4090180397033691,880081,0.0,0.0
2014-09-08 00:00:00-04:00,1.388888955116272,1.6505639553070068,1.3687599897384644,1.590177059173584,524223,0.0,0.0
2014-09-09 00:00:00-04:00,1.6103060245513916,1.7109500169754028,1.5096620321273804,1.6103060245513916,550504,0.0,0.0
2014-09-10 00:00:00-04:00,1.6103060245513916,1.670691967010498,1.6103060245513916,1.6505639553070068,354020,0.0,0.0
2014-09-11 00:00:00-04:00,1.5700479745864868,1.670691967010498,1.529790997505188,1.5700479745864868,252126,0.0,0.0
2014-09-12 00:00:00-04:00,1.6103060245513916,1.6505639553070068,1.5499190092086792,1.590177059173584,227187,0.0,0.0
2014-09-15 00:00:00-04:00,1.590177059173584,1.590177059173584,1.4694039821624756,1.4694039821624756,322821,0.0,0.0
2014-09-16 00:00:00-04:00,1.4694039821624756,1.4895329475402832,1.4090180397033691,1.4291470050811768,110538,0.0,0.0
2014-09-17 00:00:00-04:00,1.4090180397033691,1.4895329475402832,1.4090180397033691,1.4090180397033691,210047,0.0,0.0
2014-09-18 00:00:00-04:00,1.449275016784668,1.5096620321273804,1.4090180397033691,1.5096620321273804,92554,0.0,0.0
2014-09-19 00:00:00-04:00,1.5499190092086792,1.5499190092086792,1.449275016784668,1.4694039821624756,160367,0.0,0.0
2014-09-22 00:00:00-04:00,1.4694039821624756,1.6103060245513916,1.4090180397033691,1.590177059173584,178401,0.0,0.0
2014-09-23 00:00:00-04:00,1.5700479745864868,1.6103060245513916,1.4895329475402832,1.4895329475402832,77700,0.0,0.0
2014-09-24 00:00:00-04:00,1.4895329475402832,1.529790997505188,1.4694039821624756,1.4895329475402832,114115,0.0,0.0
2014-09-25 00:00:00-04:00,1.4895329475402832,1.5096620321273804,1.449275016784668,1.449275016784668,187989,0.0,0.0
2014-09-26 00:00:00-04:00,1.4895329475402832,1.590177059173584,1.449275016784668,1.5499190092086792,105222,0.0,0.0
2014-09-29 00:00:00-04:00,1.590177059173584,1.590177059173584,1.4895329475402832,1.5096620321273804,72781,0.0,0.0
2014-09-30 00:00:00-04:00,1.590177059173584,1.6103060245513916,1.4694039821624756,1.5096620321273804,269017,0.0,0.0
2014-10-01 00:00:00-04:00,1.5096620321273804,1.5499190092086792,1.449275016784668,1.5096620321273804,308612,0.0,0.0
2014-10-02 00:00:00-04:00,1.4694039821624756,1.5096620321273804,1.4291470050811768,1.4895329475402832,163646,0.0,0.0
2014-10-03 00:00:00-04:00,1.4694039821624756,1.4895329475402832,1.4291470050811768,1.4694039821624756,92951,0.0,0.0
2014-10-06 00:00:00-04:00,1.4895329475402832,1.4895329475402832,1.4291470050811768,1.4291470050811768,92951,0.0,0.0
2014-10-07 00:00:00-04:00,1.4694039821624756,1.4895329475402832,1.4090180397033691,1.4291470050811768,99161,0.0,0.0
2014-10-08 00:00:00-04:00,1.4291470050811768,1.449275016784668,1.388888955116272,1.4291470050811768,123008,0.0,0.0
2014-10-09 00:00:00-04:00,1.4090180397033691,1.449275016784668,1.388888955116272,1.4291470050811768,67962,0.0,0.0
2014-10-10 00:00:00-04:00,1.4291470050811768,1.449275016784668,1.3486310243606567,1.3687599897384644,183766,0.0,0.0
2014-10-13 00:00:00-04:00,1.4694039821624756,1.5096620321273804,1.3687599897384644,1.4895329475402832,193056,0.0,0.0
2014-10-14 00:00:00-04:00,1.3687599897384644,1.449275016784668,1.3687599897384644,1.3687599897384644,112476,0.0,0.0
2014-10-15 00:00:00-04:00,1.3687599897384644,1.4090180397033691,1.3486310243606567,1.3687599897384644,117543,0.0,0.0
2014-10-16 00:00:00-04:00,1.3687599897384644,1.388888955116272,1.308374047279358,1.3486310243606567,133639,0.0,0.0
2014-10-17 00:00:00-04:00,1.3486310243606567,1.3486310243606567,1.2681159973144531,1.3285020589828491,78643,0.0,0.0
2014-10-20 00:00:00-04:00,1.388888955116272,1.4291470050811768,1.3687599897384644,1.4090180397033691,40738,0.0,0.0
2014-10-21 00:00:00-04:00,1.4090180397033691,1.529790997505188,1.388888955116272,1.529790997505188,128125,0.0,0.0
2014-10-22 00:00:00-04:00,1.529790997505188,1.5499190092086792,1.388888955116272,1.388888955116272,103831,0.0,0.0
2014-10-23 00:00:00-04:00,1.4291470050811768,1.4895329475402832,1.4090180397033691,1.4291470050811768,40042,0.0,0.0
2014-10-24 00:00:00-04:00,1.4090180397033691,1.4694039821624756,1.388888955116272,1.449275016784668,74868,0.0,0.0
2014-10-27 00:00:00-04:00,1.449275016784668,1.4694039821624756,1.388888955116272,1.388888955116272,55493,0.0,0.0
2014-10-28 00:00:00-04:00,1.449275016784668,1.449275016784668,1.4090180397033691,1.4090180397033691,26877,0.0,0.0
2014-10-29 00:00:00-04:00,1.449275016784668,1.5096620321273804,1.4291470050811768,1.4694039821624756,84704,0.0,0.0
2014-10-30 00:00:00-04:00,1.4291470050811768,1.4694039821624756,1.4090180397033691,1.449275016784668,43967,0.0,0.0
2014-10-31 00:00:00-04:00,1.4090180397033691,1.449275016784668,1.388888955116272,1.4090180397033691,27672,0.0,0.0
2014-11-03 00:00:00-05:00,1.4291470050811768,1.449275016784668,1.4090180397033691,1.449275016784668,104179,0.0,0.0
2014-11-04 00:00:00-05:00,1.4895329475402832,1.529790997505188,1.4090180397033691,1.4090180397033691,86841,0.0,0.0
2014-11-05 00:00:00-05:00,1.4090180397033691,1.449275016784668,1.388888955116272,1.4291470050811768,63143,0.0,0.0
2014-11-06 00:00:00-05:00,1.388888955116272,1.4291470050811768,1.3687599897384644,1.4291470050811768,46302,0.0,0.0
2014-11-07 00:00:00-05:00,1.3687599897384644,1.4291470050811768,1.3687599897384644,1.388888955116272,54698,0.0,0.0
2014-11-10 00:00:00-05:00,1.4291470050811768,1.4291470050811768,1.3687599897384644,1.4090180397033691,36117,0.0,0.0
2014-11-11 00:00:00-05:00,1.3687599897384644,1.388888955116272,1.3486310243606567,1.3486310243606567,196385,0.0,0.0
2014-11-12 00:00:00-05:00,1.3687599897384644,1.4291470050811768,1.3486310243606567,1.388888955116272,40589,0.0,0.0
2014-11-13 00:00:00-05:00,1.388888955116272,1.388888955116272,1.3486310243606567,1.3486310243606567,62994,0.0,0.0
2014-11-14 00:00:00-05:00,1.388888955116272,1.388888955116272,1.3285020589828491,1.3486310243606567,34180,0.0,0.0
2014-11-17 00:00:00-05:00,1.3486310243606567,1.3687599897384644,1.2882449626922607,1.308374047279358,110290,0.0,0.0
2014-11-18 00:00:00-05:00,1.3486310243606567,1.3687599897384644,1.2882449626922607,1.3285020589828491,137266,0.0,0.0
2014-11-19 00:00:00-05:00,1.3687599897384644,1.3687599897384644,1.2882449626922607,1.3285020589828491,66820,0.0,0.0
2014-11-20 00:00:00-05:00,1.2882449626922607,1.3687599897384644,1.2882449626922607,1.3486310243606567,46202,0.0,0.0
2014-11-21 00:00:00-05:00,1.3687599897384644,1.3687599897384644,1.308374047279358,1.3687599897384644,47494,0.0,0.0
2014-11-24 00:00:00-05:00,1.388888955116272,1.388888955116272,1.308374047279358,1.3687599897384644,18878,0.0,0.0
2014-11-25 00:00:00-05:00,1.3285020589828491,1.3687599897384644,1.308374047279358,1.308374047279358,35273,0.0,0.0
2014-11-26 00:00:00-05:00,1.3486310243606567,1.3486310243606567,1.308374047279358,1.308374047279358,37409,0.0,0.0
2014-11-28 00:00:00-05:00,1.2681159973144531,1.3285020589828491,1.2077289819717407,1.2077289819717407,124448,0.0,0.0
2014-12-01 00:00:00-05:00,1.2278579473495483,1.308374047279358,1.0668280124664307,1.2077289819717407,260671,0.0,0.0
2014-12-02 00:00:00-05:00,1.2077289819717407,1.2882449626922607,1.167472004890442,1.2278579473495483,74967,0.0,0.0
2014-12-03 00:00:00-05:00,1.2278579473495483,1.2681159973144531,1.2077289819717407,1.2479870319366455,52412,0.0,0.0
2014-12-04 00:00:00-05:00,1.2278579473495483,1.2278579473495483,1.127213954925537,1.127213954925537,144569,0.0,0.0
2014-12-05 00:00:00-05:00,1.127213954925537,1.1473430395126343,1.0869569778442383,1.127213954925537,230863,0.0,0.0
2014-12-08 00:00:00-05:00,1.1473430395126343,1.167472004890442,0.9661840200424194,1.046699047088623,245469,0.0,0.0
2014-12-09 00:00:00-05:00,0.9863119721412659,1.0265699625015259,0.8856679797172546,0.905797004699707,524770,0.0,0.0
2014-12-10 00:00:00-05:00,0.9259260296821594,1.0064409971237183,0.905797004699707,1.0064409971237183,61653,0.0,0.0
2014-12-11 00:00:00-05:00,0.9661840200424194,1.1473430395126343,0.946054995059967,1.0668280124664307,90517,0.0,0.0
2014-12-12 00:00:00-05:00,1.1473430395126343,1.1473430395126343,0.9661840200424194,1.0064409971237183,143824,0.0,0.0
2014-12-15 00:00:00-05:00,1.046699047088623,1.046699047088623,0.9259260296821594,0.9661840200424194,116202,0.0,0.0
2014-12-16 00:00:00-05:00,0.9863119721412659,1.0265699625015259,0.9259260296821594,0.946054995059967,48587,0.0,0.0
2014-12-17 00:00:00-05:00,0.946054995059967,1.0064409971237183,0.9259260296821594,0.9259260296821594,90666,0.0,0.0
2014-12-18 00:00:00-05:00,0.9661840200424194,0.9863119721412659,0.9259260296821594,0.9661840200424194,54449,0.0,0.0
2014-12-19 00:00:00-05:00,0.9661840200424194,0.9661840200424194,0.8856679797172546,0.9259260296821594,187641,0.0,0.0
2014-12-22 00:00:00-05:00,0.946054995059967,0.946054995059967,0.8856679797172546,0.8856679797172546,138905,0.0,0.0
2014-12-23 00:00:00-05:00,0.905797004699707,0.946054995059967,0.8856679797172546,0.905797004699707,120027,0.0,0.0
2014-12-24 00:00:00-05:00,0.905797004699707,0.905797004699707,0.865539014339447,0.905797004699707,35223,0.0,0.0
2014-12-26 00:00:00-05:00,0.8856679797172546,0.9259260296821594,0.8856679797172546,0.905797004699707,57728,0.0,0.0
2014-12-29 00:00:00-05:00,0.905797004699707,0.9259260296821594,0.8856679797172546,0.8856679797172546,50326,0.0,0.0
2014-12-30 00:00:00-05:00,0.8856679797172546,0.9259260296821594,0.8856679797172546,0.8856679797172546,71986,0.0,0.0
2014-12-31 00:00:00-05:00,0.8856679797172546,0.905797004699707,0.865539014339447,0.905797004699707,148891,0.0,0.0
2015-01-02 00:00:00-05:00,0.946054995059967,0.9863119721412659,0.905797004699707,0.9863119721412659,73179,0.0,0.0
2015-01-05 00:00:00-05:00,0.9661840200424194,0.9863119721412659,0.905797004699707,0.946054995059967,52959,0.0,0.0
2015-01-06 00:00:00-05:00,0.946054995059967,0.9863119721412659,0.9259260296821594,0.9661840200424194,105719,0.0,0.0
2015-01-07 00:00:00-05:00,0.9863119721412659,0.9863119721412659,0.8856679797172546,0.9863119721412659,76607,0.0,0.0
2015-01-08 00:00:00-05:00,1.0064409971237183,1.0064409971237183,0.9259260296821594,0.9661840200424194,59815,0.0,0.0
2015-01-09 00:00:00-05:00,0.9259260296821594,0.9863119721412659,0.9259260296821594,0.9863119721412659,26579,0.0,0.0
2015-01-12 00:00:00-05:00,0.9661840200424194,0.9863119721412659,0.8856679797172546,0.8856679797172546,77898,0.0,0.0
2015-01-13 00:00:00-05:00,0.905797004699707,0.9259260296821594,0.865539014339447,0.905797004699707,64932,0.0,0.0
2015-01-14 00:00:00-05:00,0.905797004699707,0.905797004699707,0.865539014339447,0.865539014339447,26479,0.0,0.0
2015-01-15 00:00:00-05:00,0.9259260296821594,0.9259260296821594,0.8454110026359558,0.865539014339447,97969,0.0,0.0
2015-01-16 00:00:00-05:00,0.8856679797172546,0.8856679797172546,0.8454110026359558,0.865539014339447,66621,0.0,0.0
2015-01-20 00:00:00-05:00,0.865539014339447,0.8856679797172546,0.8252819776535034,0.8856679797172546,48587,0.0,0.0
2015-01-21 00:00:00-05:00,0.905797004699707,0.905797004699707,0.8454110026359558,0.865539014339447,46252,0.0,0.0
2015-01-22 00:00:00-05:00,0.8454110026359558,0.865539014339447,0.8252819776535034,0.865539014339447,101049,0.0,0.0
2015-01-23 00:00:00-05:00,0.8856679797172546,0.8856679797172546,0.8454110026359558,0.8856679797172546,16692,0.0,0.0
2015-01-26 00:00:00-05:00,0.8856679797172546,0.905797004699707,0.8252819776535034,0.8454110026359558,70297,0.0,0.0
2015-01-27 00:00:00-05:00,0.8454110026359558,0.8856679797172546,0.8454110026359558,0.8454110026359558,30454,0.0,0.0
2015-01-28 00:00:00-05:00,0.905797004699707,0.905797004699707,0.8454110026359558,0.8856679797172546,43520,0.0,0.0
2015-01-29 00:00:00-05:00,0.8856679797172546,0.8856679797172546,0.8454110026359558,0.865539014339447,13463,0.0,0.0
2015-01-30 00:00:00-05:00,0.865539014339447,0.865539014339447,0.8454110026359558,0.8454110026359558,70446,0.0,0.0
2015-02-02 00:00:00-05:00,0.905797004699707,0.905797004699707,0.8454110026359558,0.8856679797172546,62448,0.0,0.0
2015-02-03 00:00:00-05:00,0.905797004699707,0.905797004699707,0.865539014339447,0.8856679797172546,56735,0.0,0.0
2015-02-04 00:00:00-05:00,0.905797004699707,0.905797004699707,0.8856679797172546,0.8856679797172546,19226,0.0,0.0
2015-02-05 00:00:00-05:00,0.905797004699707,0.9259260296821594,0.8856679797172546,0.9259260296821594,22853,0.0,0.0
2015-02-06 00:00:00-05:00,0.8856679797172546,0.9259260296821594,0.865539014339447,0.8856679797172546,99807,0.0,0.0
2015-02-09 00:00:00-05:00,0.905797004699707,0.905797004699707,0.865539014339447,0.865539014339447,25784,0.0,0.0
2015-02-10 00:00:00-05:00,0.8856679797172546,0.905797004699707,0.865539014339447,0.865539014339447,12122,0.0,0.0
2015-02-11 00:00:00-05:00,0.905797004699707,0.905797004699707,0.8051530122756958,0.8252819776535034,149586,0.0,0.0
2015-02-12 00:00:00-05:00,0.8051530122756958,0.8454110026359558,0.8051530122756958,0.8252819776535034,23052,0.0,0.0
2015-02-13 00:00:00-05:00,0.8454110026359558,0.8454110026359558,0.8252819776535034,0.8454110026359558,29957,0.0,0.0
2015-02-17 00:00:00-05:00,0.865539014339447,0.8856679797172546,0.8252819776535034,0.8252819776535034,47345,0.0,0.0
2015-02-18 00:00:00-05:00,0.8252819776535034,0.865539014339447,0.8252819776535034,0.8454110026359558,34528,0.0,0.0
2015-02-19 00:00:00-05:00,0.8454110026359558,0.8454110026359558,0.8252819776535034,0.8454110026359558,92305,0.0,0.0
2015-02-20 00:00:00-05:00,0.8454110026359558,0.865539014339447,0.8252819776535034,0.865539014339447,120027,0.0,0.0
2015-02-23 00:00:00-05:00,0.865539014339447,0.865539014339447,0.8051530122756958,0.865539014339447,93696,0.0,0.0
2015-02-24 00:00:00-05:00,0.865539014339447,1.167472004890442,0.865539014339447,1.167472004890442,680368,0.0,0.0
2015-02-25 00:00:00-05:00,1.2278579473495483,1.308374047279358,1.0869569778442383,1.1070849895477295,557658,0.0,0.0
2015-02-26 00:00:00-05:00,1.0869569778442383,1.127213954925537,1.046699047088623,1.0869569778442383,125988,0.0,0.0
2015-02-27 00:00:00-05:00,1.1070849895477295,1.167472004890442,1.0668280124664307,1.1070849895477295,69651,0.0,0.0
2015-03-02 00:00:00-05:00,1.1473430395126343,1.1876009702682495,1.0869569778442383,1.127213954925537,194149,0.0,0.0
2015-03-03 00:00:00-05:00,1.167472004890442,1.1876009702682495,1.0265699625015259,1.1070849895477295,86493,0.0,0.0
2015-03-04 00:00:00-05:00,1.1070849895477295,1.1473430395126343,1.0869569778442383,1.1473430395126343,31994,0.0,0.0
2015-03-05 00:00:00-05:00,1.127213954925537,1.1876009702682495,1.0668280124664307,1.0668280124664307,268173,0.0,0.0
2015-03-06 00:00:00-05:00,1.1070849895477295,1.127213954925537,1.0668280124664307,1.0869569778442383,107110,0.0,0.0
2015-03-09 00:00:00-04:00,1.1070849895477295,1.1070849895477295,1.0668280124664307,1.1070849895477295,63839,0.0,0.0
2015-03-10 00:00:00-04:00,1.127213954925537,1.127213954925537,1.046699047088623,1.0869569778442383,41781,0.0,0.0
2015-03-11 00:00:00-04:00,1.0668280124664307,1.1070849895477295,1.046699047088623,1.1070849895477295,28914,0.0,0.0
2015-03-12 00:00:00-04:00,1.1473430395126343,1.1473430395126343,1.0668280124664307,1.1070849895477295,32838,0.0,0.0
2015-03-13 00:00:00-04:00,1.127213954925537,1.127213954925537,1.0265699625015259,1.0668280124664307,36962,0.0,0.0
2015-03-16 00:00:00-04:00,1.0869569778442383,1.127213954925537,1.046699047088623,1.0668280124664307,35819,0.0,0.0
2015-03-17 00:00:00-04:00,1.0668280124664307,1.0668280124664307,1.046699047088623,1.046699047088623,10681,0.0,0.0
2015-03-18 00:00:00-04:00,1.0668280124664307,1.0869569778442383,1.0265699625015259,1.0668280124664307,12271,0.0,0.0
2015-03-19 00:00:00-04:00,1.046699047088623,1.0869569778442383,1.0265699625015259,1.046699047088623,39893,0.0,0.0
2015-03-20 00:00:00-04:00,1.0265699625015259,1.1070849895477295,1.0265699625015259,1.0668280124664307,51419,0.0,0.0
2015-03-23 00:00:00-04:00,1.1070849895477295,1.1070849895477295,1.0265699625015259,1.0869569778442383,17636,0.0,0.0
2015-03-24 00:00:00-04:00,1.0668280124664307,1.1070849895477295,1.0668280124664307,1.0668280124664307,19872,0.0,0.0
2015-03-25 00:00:00-04:00,1.0668280124664307,1.0668280124664307,1.0064409971237183,1.0064409971237183,99559,0.0,0.0
2015-03-26 00:00:00-04:00,1.0064409971237183,1.0064409971237183,0.9661840200424194,1.0064409971237183,26976,0.0,0.0
2015-03-27 00:00:00-04:00,1.0064409971237183,1.0265699625015259,0.946054995059967,0.9661840200424194,57678,0.0,0.0
2015-03-30 00:00:00-04:00,0.9863119721412659,1.0064409971237183,0.946054995059967,0.946054995059967,81724,0.0,0.0
2015-03-31 00:00:00-04:00,0.9661840200424194,1.0064409971237183,0.946054995059967,1.0064409971237183,44116,0.0,0.0
2015-04-01 00:00:00-04:00,1.0265699625015259,1.0668280124664307,0.9661840200424194,0.9863119721412659,83910,0.0,0.0
2015-04-02 00:00:00-04:00,1.0064409971237183,1.1070849895477295,0.9863119721412659,1.0668280124664307,163099,0.0,0.0
2015-04-06 00:00:00-04:00,1.0869569778442383,1.1070849895477295,1.046699047088623,1.1070849895477295,66522,0.0,0.0
2015-04-07 00:00:00-04:00,1.0869569778442383,1.1070849895477295,1.046699047088623,1.1070849895477295,89126,0.0,0.0
2015-04-08 00:00:00-04:00,1.1070849895477295,1.127213954925537,1.0668280124664307,1.0668280124664307,46451,0.0,0.0
2015-04-09 00:00:00-04:00,1.0668280124664307,1.1070849895477295,1.0668280124664307,1.0668280124664307,100105,0.0,0.0
2015-04-10 00:00:00-04:00,1.0869569778442383,1.1070849895477295,1.0869569778442383,1.0869569778442383,46202,0.0,0.0
2015-04-13 00:00:00-04:00,1.1070849895477295,1.127213954925537,1.0869569778442383,1.1070849895477295,47991,0.0,0.0
2015-04-14 00:00:00-04:00,1.127213954925537,1.127213954925537,1.0869569778442383,1.1070849895477295,17090,0.0,0.0
2015-04-15 00:00:00-04:00,1.1070849895477295,1.127213954925537,1.0869569778442383,1.127213954925537,36614,0.0,0.0
2015-04-16 00:00:00-04:00,1.0869569778442383,1.127213954925537,1.0869569778442383,1.0869569778442383,24840,0.0,0.0
2015-04-17 00:00:00-04:00,1.0869569778442383,1.127213954925537,1.0668280124664307,1.0869569778442383,40638,0.0,0.0
2015-04-20 00:00:00-04:00,1.127213954925537,1.127213954925537,1.0869569778442383,1.0869569778442383,34180,0.0,0.0
2015-04-21 00:00:00-04:00,1.0869569778442383,1.1070849895477295,1.0668280124664307,1.0869569778442383,21064,0.0,0.0
2015-04-22 00:00:00-04:00,1.0869569778442383,1.1070849895477295,1.0668280124664307,1.0869569778442383,95634,0.0,0.0
2015-04-23 00:00:00-04:00,1.1070849895477295,1.127213954925537,1.0869569778442383,1.1070849895477295,17487,0.0,0.0
2015-04-24 00:00:00-04:00,1.1070849895477295,1.127213954925537,1.0869569778442383,1.1070849895477295,14308,0.0,0.0
2015-04-27 00:00:00-04:00,1.1070849895477295,1.127213954925537,1.0668280124664307,1.1070849895477295,35919,0.0,0.0
2015-04-28 00:00:00-04:00,1.1070849895477295,1.167472004890442,1.1070849895477295,1.167472004890442,82121,0.0,0.0
2015-04-29 00:00:00-04:00,1.167472004890442,1.1876009702682495,1.127213954925537,1.127213954925537,47295,0.0,0.0
2015-04-30 00:00:00-04:00,1.127213954925537,1.2479870319366455,1.127213954925537,1.2479870319366455,158380,0.0,0.0
2015-05-01 00:00:00-04:00,1.2479870319366455,1.2479870319366455,1.167472004890442,1.1876009702682495,88331,0.0,0.0
2015-05-04 00:00:00-04:00,1.1876009702682495,1.2479870319366455,1.1876009702682495,1.2077289819717407,123803,0.0,0.0
2015-05-05 00:00:00-04:00,1.2077289819717407,1.2681159973144531,1.2077289819717407,1.2278579473495483,144917,0.0,0.0
2015-05-06 00:00:00-04:00,1.2278579473495483,1.3486310243606567,1.2278579473495483,1.2882449626922607,118586,0.0,0.0
2015-05-07 00:00:00-04:00,1.2882449626922607,1.3285020589828491,1.2278579473495483,1.2681159973144531,210892,0.0,0.0
2015-05-08 00:00:00-04:00,1.3285020589828491,1.4090180397033691,1.2681159973144531,1.3486310243606567,372997,0.0,0.0
2015-05-11 00:00:00-04:00,1.3285020589828491,1.4291470050811768,1.3285020589828491,1.4291470050811768,369619,0.0,0.0
2015-05-12 00:00:00-04:00,1.4291470050811768,1.529790997505188,1.4090180397033691,1.529790997505188,577729,0.0,0.0
2015-05-13 00:00:00-04:00,1.5499190092086792,1.6304349899291992,1.4090180397033691,1.449275016784668,651354,0.0,0.0
2015-05-14 00:00:00-04:00,1.4291470050811768,1.4895329475402832,1.3285020589828491,1.4090180397033691,338172,0.0,0.0
2015-05-15 00:00:00-04:00,1.4090180397033691,1.4291470050811768,1.3486310243606567,1.4090180397033691,219486,0.0,0.0
2015-05-18 00:00:00-04:00,1.388888955116272,1.4694039821624756,1.388888955116272,1.449275016784668,125194,0.0,0.0
2015-05-19 00:00:00-04:00,1.4090180397033691,1.4291470050811768,1.3687599897384644,1.388888955116272,164391,0.0,0.0
2015-05-20 00:00:00-04:00,1.2681159973144531,1.308374047279358,1.1473430395126343,1.2882449626922607,526658,0.0,0.0
2015-05-21 00:00:00-04:00,1.3687599897384644,1.3687599897384644,1.2278579473495483,1.2681159973144531,103632,0.0,0.0
2015-05-22 00:00:00-04:00,1.2681159973144531,1.2882449626922607,1.2278579473495483,1.2278579473495483,120424,0.0,0.0
2015-05-26 00:00:00-04:00,1.2077289819717407,1.308374047279358,1.1876009702682495,1.308374047279358,81177,0.0,0.0
2015-05-27 00:00:00-04:00,1.2681159973144531,1.308374047279358,1.2479870319366455,1.2681159973144531,117742,0.0,0.0
2015-05-28 00:00:00-04:00,1.2479870319366455,1.2882449626922607,1.2278579473495483,1.2479870319366455,50574,0.0,0.0
2015-05-29 00:00:00-04:00,1.2479870319366455,1.308374047279358,1.2077289819717407,1.308374047279358,78544,0.0,0.0
2015-06-01 00:00:00-04:00,1.308374047279358,1.308374047279358,1.2077289819717407,1.2278579473495483,106067,0.0,0.0
2015-06-02 00:00:00-04:00,1.2479870319366455,1.2479870319366455,1.2278579473495483,1.2278579473495483,74917,0.0,0.0
2015-06-03 00:00:00-04:00,1.2077289819717407,1.2479870319366455,1.2077289819717407,1.2077289819717407,41085,0.0,0.0
2015-06-04 00:00:00-04:00,1.1876009702682495,1.2077289819717407,1.1070849895477295,1.1070849895477295,430527,0.0,0.0
2015-06-05 00:00:00-04:00,1.127213954925537,1.1473430395126343,1.0869569778442383,1.1473430395126343,86692,0.0,0.0
2015-06-08 00:00:00-04:00,1.1473430395126343,1.1473430395126343,1.0668280124664307,1.0668280124664307,115357,0.0,0.0
2015-06-09 00:00:00-04:00,1.0668280124664307,1.1070849895477295,1.0668280124664307,1.1070849895477295,47991,0.0,0.0
2015-06-10 00:00:00-04:00,1.1473430395126343,1.2278579473495483,1.1070849895477295,1.1876009702682495,97721,0.0,0.0
2015-06-11 00:00:00-04:00,1.2278579473495483,1.2278579473495483,1.167472004890442,1.1876009702682495,31447,0.0,0.0
2015-06-12 00:00:00-04:00,1.1876009702682495,1.1876009702682495,1.1070849895477295,1.127213954925537,84506,0.0,0.0
2015-06-15 00:00:00-04:00,1.127213954925537,1.1473430395126343,1.127213954925537,1.1473430395126343,28566,0.0,0.0
2015-06-16 00:00:00-04:00,1.1473430395126343,1.1876009702682495,1.127213954925537,1.127213954925537,23250,0.0,0.0
2015-06-17 00:00:00-04:00,1.127213954925537,1.1473430395126343,1.1070849895477295,1.1473430395126343,44166,0.0,0.0
2015-06-18 00:00:00-04:00,1.1473430395126343,1.1473430395126343,1.1070849895477295,1.127213954925537,52114,0.0,0.0
2015-06-19 00:00:00-04:00,1.1473430395126343,1.1473430395126343,1.1070849895477295,1.1070849895477295,23499,0.0,0.0
2015-06-22 00:00:00-04:00,1.127213954925537,1.1473430395126343,1.1070849895477295,1.127213954925537,32193,0.0,0.0
2015-06-23 00:00:00-04:00,1.127213954925537,1.127213954925537,1.1070849895477295,1.127213954925537,33633,0.0,0.0
2015-06-24 00:00:00-04:00,1.1070849895477295,1.127213954925537,1.0869569778442383,1.0869569778442383,68856,0.0,0.0
2015-06-25 00:00:00-04:00,1.0869569778442383,1.127213954925537,1.0668280124664307,1.127213954925537,136123,0.0,0.0
2015-06-26 00:00:00-04:00,1.1070849895477295,1.127213954925537,1.0869569778442383,1.0869569778442383,57430,0.0,0.0
2015-06-29 00:00:00-04:00,1.0869569778442383,1.127213954925537,1.046699047088623,1.046699047088623,114363,0.0,0.0
2015-06-30 00:00:00-04:00,1.046699047088623,1.046699047088623,0.905797004699707,0.9661840200424194,312785,0.0,0.0
2015-07-01 00:00:00-04:00,0.9661840200424194,1.0265699625015259,0.9661840200424194,1.0265699625015259,138756,0.0,0.0
2015-07-02 00:00:00-04:00,1.0064409971237183,1.046699047088623,0.9863119721412659,0.9863119721412659,95833,0.0,0.0
2015-07-06 00:00:00-04:00,0.9661840200424194,0.9661840200424194,0.905797004699707,0.946054995059967,164441,0.0,0.0
2015-07-07 00:00:00-04:00,0.946054995059967,0.946054995059967,0.8252819776535034,0.905797004699707,208507,0.0,0.0
2015-07-08 00:00:00-04:00,0.865539014339447,0.905797004699707,0.8252819776535034,0.8252819776535034,176712,0.0,0.0
2015-07-09 00:00:00-04:00,0.8454110026359558,0.9259260296821594,0.8252819776535034,0.8856679797172546,187741,0.0,0.0
2015-07-10 00:00:00-04:00,0.865539014339447,0.9661840200424194,0.865539014339447,0.9661840200424194,102788,0.0,0.0
2015-07-13 00:00:00-04:00,0.9661840200424194,0.9661840200424194,0.905797004699707,0.9661840200424194,85797,0.0,0.0
2015-07-14 00:00:00-04:00,0.946054995059967,0.946054995059967,0.865539014339447,0.8856679797172546,80134,0.0,0.0
2015-07-15 00:00:00-04:00,0.8856679797172546,0.946054995059967,0.8856679797172546,0.946054995059967,66223,0.0,0.0
2015-07-16 00:00:00-04:00,0.9259260296821594,0.9661840200424194,0.905797004699707,0.946054995059967,62398,0.0,0.0
2015-07-17 00:00:00-04:00,0.9259260296821594,0.9863119721412659,0.9259260296821594,0.9259260296821594,70049,0.0,0.0
2015-07-20 00:00:00-04:00,0.9259260296821594,0.9661840200424194,0.905797004699707,0.9259260296821594,45855,0.0,0.0
2015-07-21 00:00:00-04:00,0.905797004699707,0.946054995059967,0.905797004699707,0.905797004699707,54102,0.0,0.0
2015-07-22 00:00:00-04:00,0.946054995059967,0.946054995059967,0.8856679797172546,0.905797004699707,65329,0.0,0.0
2015-07-23 00:00:00-04:00,0.8856679797172546,0.8856679797172546,0.8252819776535034,0.8454110026359558,100751,0.0,0.0
2015-07-24 00:00:00-04:00,0.8454110026359558,0.865539014339447,0.8051530122756958,0.8252819776535034,83959,0.0,0.0
2015-07-27 00:00:00-04:00,0.8252819776535034,0.946054995059967,0.8252819776535034,0.8856679797172546,128820,0.0,0.0
2015-07-28 00:00:00-04:00,0.905797004699707,0.9259260296821594,0.865539014339447,0.905797004699707,153213,0.0,0.0
2015-07-29 00:00:00-04:00,0.905797004699707,0.905797004699707,0.8454110026359558,0.865539014339447,89225,0.0,0.0
2015-07-30 00:00:00-04:00,0.865539014339447,0.865539014339447,0.8051530122756958,0.8051530122756958,127578,0.0,0.0
2015-07-31 00:00:00-04:00,0.8252819776535034,0.8856679797172546,0.7850239872932434,0.865539014339447,234887,0.0,0.0
2015-08-03 00:00:00-04:00,0.865539014339447,0.865539014339447,0.8252819776535034,0.865539014339447,134186,0.0,0.0
2015-08-04 00:00:00-04:00,0.905797004699707,0.946054995059967,0.865539014339447,0.8856679797172546,97770,0.0,0.0
2015-08-05 00:00:00-04:00,0.8856679797172546,0.905797004699707,0.8252819776535034,0.8454110026359558,79786,0.0,0.0
2015-08-06 00:00:00-04:00,0.8856679797172546,0.8856679797172546,0.8454110026359558,0.8454110026359558,35571,0.0,0.0
2015-08-07 00:00:00-04:00,0.8454110026359558,0.8856679797172546,0.8454110026359558,0.865539014339447,43271,0.0,0.0
2015-08-10 00:00:00-04:00,0.865539014339447,0.8856679797172546,0.8252819776535034,0.8252819776535034,27026,0.0,0.0
2015-08-11 00:00:00-04:00,0.7850239872932434,0.8252819776535034,0.7648950219154358,0.8051530122756958,137912,0.0,0.0
2015-08-12 00:00:00-04:00,0.8252819776535034,0.8252819776535034,0.7850239872932434,0.7850239872932434,55393,0.0,0.0
2015-08-13 00:00:00-04:00,0.8252819776535034,0.8252819776535034,0.7850239872932434,0.8252819776535034,36714,0.0,0.0
2015-08-14 00:00:00-04:00,0.8252819776535034,0.8454110026359558,0.8051530122756958,0.8454110026359558,34726,0.0,0.0
2015-08-17 00:00:00-04:00,0.8454110026359558,0.8454110026359558,0.7850239872932434,0.7850239872932434,64435,0.0,0.0
2015-08-18 00:00:00-04:00,0.8051530122756958,0.8051530122756958,0.7648950219154358,0.7648950219154358,99658,0.0,0.0
2015-08-19 00:00:00-04:00,0.7648950219154358,0.7850239872932434,0.7045090198516846,0.7246379852294922,100503,0.0,0.0
2015-08-20 00:00:00-04:00,0.7246379852294922,0.7447670102119446,0.7045090198516846,0.7246379852294922,87735,0.0,0.0
2015-08-21 00:00:00-04:00,0.7246379852294922,0.7447670102119446,0.623993992805481,0.623993992805481,301260,0.0,0.0
2015-08-24 00:00:00-04:00,0.583736002445221,0.6843799948692322,0.5032209753990173,0.623993992805481,300912,0.0,0.0
2015-08-25 00:00:00-04:00,0.7045090198516846,0.7045090198516846,0.6038650274276733,0.623993992805481,173135,0.0,0.0
2015-08-26 00:00:00-04:00,0.6441220045089722,0.6843799948692322,0.623993992805481,0.6441220045089722,112774,0.0,0.0
2015-08-27 00:00:00-04:00,0.6642510294914246,0.7246379852294922,0.6642510294914246,0.6843799948692322,169856,0.0,0.0
2015-08-28 00:00:00-04:00,0.7045090198516846,0.7246379852294922,0.6642510294914246,0.6843799948692322,153710,0.0,0.0
2015-08-31 00:00:00-04:00,0.6843799948692322,0.7045090198516846,0.6642510294914246,0.6843799948692322,69651,0.0,0.0
2015-09-01 00:00:00-04:00,0.6843799948692322,0.6843799948692322,0.583736002445221,0.6038650274276733,298626,0.0,0.0
2015-09-02 00:00:00-04:00,0.623993992805481,0.6441220045089722,0.5636069774627686,0.6441220045089722,188585,0.0,0.0
2015-09-03 00:00:00-04:00,0.6441220045089722,0.6441220045089722,0.6038650274276733,0.6038650274276733,79538,0.0,0.0
2015-09-04 00:00:00-04:00,0.623993992805481,0.623993992805481,0.583736002445221,0.583736002445221,93100,0.0,0.0
2015-09-08 00:00:00-04:00,0.6038650274276733,0.6441220045089722,0.6038650274276733,0.623993992805481,71390,0.0,0.0
2015-09-09 00:00:00-04:00,0.6441220045089722,0.6441220045089722,0.583736002445221,0.583736002445221,95584,0.0,0.0
2015-09-10 00:00:00-04:00,0.6038650274276733,0.623993992805481,0.583736002445221,0.583736002445221,43768,0.0,0.0
2015-09-11 00:00:00-04:00,0.623993992805481,0.623993992805481,0.5434780120849609,0.5434780120849609,161808,0.0,0.0
2015-09-14 00:00:00-04:00,0.5434780120849609,0.5636069774627686,0.5233489871025085,0.5233489871025085,93995,0.0,0.0
2015-09-15 00:00:00-04:00,0.5233489871025085,0.5636069774627686,0.5233489871025085,0.5434780120849609,41532,0.0,0.0
2015-09-16 00:00:00-04:00,0.5434780120849609,0.5636069774627686,0.5233489871025085,0.5636069774627686,120375,0.0,0.0
2015-09-17 00:00:00-04:00,0.5636069774627686,0.5636069774627686,0.5233489871025085,0.5233489871025085,145662,0.0,0.0
2015-09-18 00:00:00-04:00,0.5434780120849609,0.5434780120849609,0.5032209753990173,0.5434780120849609,112674,0.0,0.0
2015-09-21 00:00:00-04:00,0.5233489871025085,0.5434780120849609,0.5233489871025085,0.5233489871025085,318399,0.0,0.0
2015-09-22 00:00:00-04:00,0.5434780120849609,0.5434780120849609,0.5032209753990173,0.5032209753990173,167869,0.0,0.0
2015-09-23 00:00:00-04:00,0.5434780120849609,0.5434780120849609,0.5032209753990173,0.5032209753990173,89722,0.0,0.0
2015-09-24 00:00:00-04:00,0.5233489871025085,0.5233489871025085,0.5032209753990173,0.5032209753990173,67664,0.0,0.0
2015-09-25 00:00:00-04:00,0.5233489871025085,0.5233489871025085,0.4629630148410797,0.4629630148410797,250785,0.0,0.0
2015-09-28 00:00:00-04:00,0.4629630148410797,0.4629630148410797,0.4227049946784973,0.4428339898586273,170005,0.0,0.0
2015-09-29 00:00:00-04:00,0.4428339898586273,0.4629630148410797,0.4227049946784973,0.4227049946784973,66273,0.0,0.0
2015-09-30 00:00:00-04:00,0.4428339898586273,0.4629630148410797,0.4227049946784973,0.4629630148410797,148792,0.0,0.0
2015-10-01 00:00:00-04:00,0.4629630148410797,0.5032209753990173,0.4629630148410797,0.4629630148410797,110538,0.0,0.0
2015-10-02 00:00:00-04:00,0.4830920100212097,0.4830920100212097,0.4227049946784973,0.4830920100212097,123157,0.0,0.0
2015-10-05 00:00:00-04:00,0.4830920100212097,0.4830920100212097,0.4227049946784973,0.4428339898586273,79786,0.0,0.0
2015-10-06 00:00:00-04:00,0.4428339898586273,0.4629630148410797,0.4227049946784973,0.4428339898586273,192113,0.0,0.0
2015-10-07 00:00:00-04:00,0.4227049946784973,0.4629630148410797,0.4025759994983673,0.4227049946784973,182077,0.0,0.0
2015-10-08 00:00:00-04:00,0.4227049946784973,0.4428339898586273,0.4025759994983673,0.4428339898586273,236775,0.0,0.0
2015-10-09 00:00:00-04:00,0.4428339898586273,0.4428339898586273,0.4227049946784973,0.4428339898586273,46650,0.0,0.0
2015-10-12 00:00:00-04:00,0.4428339898586273,0.4830920100212097,0.4227049946784973,0.4629630148410797,82767,0.0,0.0
2015-10-13 00:00:00-04:00,0.4428339898586273,0.4629630148410797,0.4428339898586273,0.4428339898586273,114810,0.0,0.0
2015-10-14 00:00:00-04:00,0.4428339898586273,0.4629630148410797,0.4428339898586273,0.4428339898586273,55691,0.0,0.0
2015-10-15 00:00:00-04:00,0.4428339898586273,0.4629630148410797,0.4227049946784973,0.4428339898586273,122561,0.0,0.0
2015-10-16 00:00:00-04:00,0.4428339898586273,0.4629630148410797,0.4428339898586273,0.4428339898586273,74371,0.0,0.0
2015-10-19 00:00:00-04:00,0.4629630148410797,0.4629630148410797,0.4227049946784973,0.4428339898586273,197925,0.0,0.0
2015-10-20 00:00:00-04:00,0.4428339898586273,0.4629630148410797,0.4227049946784973,0.4428339898586273,46302,0.0,0.0
2015-10-21 00:00:00-04:00,0.4025759994983673,0.4428339898586273,0.4025759994983673,0.4227049946784973,202893,0.0,0.0
2015-10-22 00:00:00-04:00,0.4025759994983673,0.4227049946784973,0.4025759994983673,0.4025759994983673,50276,0.0,0.0
2015-10-23 00:00:00-04:00,0.3824479877948761,0.4227049946784973,0.3824479877948761,0.4227049946784973,27374,0.0,0.0
2015-10-26 00:00:00-04:00,0.4227049946784973,0.4629630148410797,0.4025759994983673,0.4428339898586273,77749,0.0,0.0
2015-10-27 00:00:00-04:00,0.4428339898586273,0.4830920100212097,0.4428339898586273,0.4629630148410797,98615,0.0,0.0
2015-10-28 00:00:00-04:00,0.4629630148410797,0.5032209753990173,0.4428339898586273,0.5032209753990173,116649,0.0,0.0
2015-10-29 00:00:00-04:00,0.5032209753990173,0.5434780120849609,0.5032209753990173,0.5434780120849609,116649,0.0,0.0
2015-10-30 00:00:00-04:00,0.5636069774627686,0.623993992805481,0.5434780120849609,0.583736002445221,344779,0.0,0.0
2015-11-02 00:00:00-05:00,0.623993992805481,0.6441220045089722,0.6038650274276733,0.6038650274276733,272644,0.0,0.0
2015-11-03 00:00:00-05:00,0.623993992805481,0.6441220045089722,0.583736002445221,0.6038650274276733,229720,0.0,0.0
2015-11-04 00:00:00-05:00,0.583736002445221,0.6038650274276733,0.5032209753990173,0.5233489871025085,174228,0.0,0.0
2015-11-05 00:00:00-05:00,0.5233489871025085,0.5434780120849609,0.4830920100212097,0.4830920100212097,134732,0.0,0.0
2015-11-06 00:00:00-05:00,0.5032209753990173,0.5434780120849609,0.5032209753990173,0.5434780120849609,87884,0.0,0.0
2015-11-09 00:00:00-05:00,0.5434780120849609,0.5434780120849609,0.5032209753990173,0.5233489871025085,106911,0.0,0.0
2015-11-10 00:00:00-05:00,0.5434780120849609,0.5434780120849609,0.4629630148410797,0.5233489871025085,59368,0.0,0.0
2015-11-11 00:00:00-05:00,0.5233489871025085,0.5233489871025085,0.4830920100212097,0.4830920100212097,61454,0.0,0.0
2015-11-12 00:00:00-05:00,0.5233489871025085,0.5233489871025085,0.4830920100212097,0.4830920100212097,67018,0.0,0.0
2015-11-13 00:00:00-05:00,0.5032209753990173,0.5032209753990173,0.4830920100212097,0.4830920100212097,101248,0.0,0.0
2015-11-16 00:00:00-05:00,0.4830920100212097,0.5233489871025085,0.4830920100212097,0.5233489871025085,150282,0.0,0.0
2015-11-17 00:00:00-05:00,0.5434780120849609,0.5434780120849609,0.5032209753990173,0.5032209753990173,154803,0.0,0.0
2015-11-18 00:00:00-05:00,0.5032209753990173,0.5434780120849609,0.5032209753990173,0.5233489871025085,75116,0.0,0.0
2015-11-19 00:00:00-05:00,0.5434780120849609,0.5434780120849609,0.5032209753990173,0.5032209753990173,102639,0.0,0.0
2015-11-20 00:00:00-05:00,0.4830920100212097,0.5233489871025085,0.4830920100212097,0.5032209753990173,57927,0.0,0.0
2015-11-23 00:00:00-05:00,0.5032209753990173,0.5032209753990173,0.4428339898586273,0.4629630148410797,216505,0.0,0.0
2015-11-24 00:00:00-05:00,0.4629630148410797,0.4629630148410797,0.4227049946784973,0.4629630148410797,165832,0.0,0.0
2015-11-25 00:00:00-05:00,0.4830920100212097,0.4830920100212097,0.4428339898586273,0.4428339898586273,105272,0.0,0.0
2015-11-27 00:00:00-05:00,0.4227049946784973,0.4629630148410797,0.4227049946784973,0.4428339898586273,17835,0.0,0.0
2015-11-30 00:00:00-05:00,0.4629630148410797,0.4629630148410797,0.4227049946784973,0.4428339898586273,169608,0.0,0.0
2015-12-01 00:00:00-05:00,0.4428339898586273,0.4830920100212097,0.4428339898586273,0.4428339898586273,103831,0.0,0.0
2015-12-02 00:00:00-05:00,0.4428339898586273,0.4629630148410797,0.4227049946784973,0.4227049946784973,152965,0.0,0.0
2015-12-03 00:00:00-05:00,0.4629630148410797,0.4629630148410797,0.4227049946784973,0.4227049946784973,59119,0.0,0.0
2015-12-04 00:00:00-05:00,0.4428339898586273,0.4428339898586273,0.4227049946784973,0.4428339898586273,86443,0.0,0.0
2015-12-07 00:00:00-05:00,0.4428339898586273,0.4629630148410797,0.4025759994983673,0.4025759994983673,286356,0.0,0.0
2015-12-08 00:00:00-05:00,0.4025759994983673,0.4025759994983673,0.3824479877948761,0.3824479877948761,116351,0.0,0.0
2015-12-09 00:00:00-05:00,0.4025759994983673,0.4227049946784973,0.3824479877948761,0.4025759994983673,127280,0.0,0.0
2015-12-10 00:00:00-05:00,0.4227049946784973,0.4629630148410797,0.4025759994983673,0.4428339898586273,214816,0.0,0.0
2015-12-11 00:00:00-05:00,0.4428339898586273,0.4428339898586273,0.4025759994983673,0.4227049946784973,152170,0.0,0.0
2015-12-14 00:00:00-05:00,0.4025759994983673,0.4025759994983673,0.3824479877948761,0.3824479877948761,260373,0.0,0.0
2015-12-15 00:00:00-05:00,0.4025759994983673,0.4025759994983673,0.3824479877948761,0.3824479877948761,173085,0.0,0.0
2015-12-16 00:00:00-05:00,0.3623189926147461,0.4227049946784973,0.3623189926147461,0.4227049946784973,204483,0.0,0.0
2015-12-17 00:00:00-05:00,0.4227049946784973,0.4428339898586273,0.3623189926147461,0.4227049946784973,256150,0.0,0.0
2015-12-18 00:00:00-05:00,0.4428339898586273,0.5233489871025085,0.4227049946784973,0.5032209753990173,318896,0.0,0.0
2015-12-21 00:00:00-05:00,0.5233489871025085,0.5636069774627686,0.4629630148410797,0.4629630148410797,289088,0.0,0.0
2015-12-22 00:00:00-05:00,0.4830920100212097,0.4830920100212097,0.4428339898586273,0.4629630148410797,152120,0.0,0.0
2015-12-23 00:00:00-05:00,0.4428339898586273,0.4629630148410797,0.4227049946784973,0.4428339898586273,119778,0.0,0.0
2015-12-24 00:00:00-05:00,0.4428339898586273,0.4830920100212097,0.4428339898586273,0.4830920100212097,40787,0.0,0.0
2015-12-28 00:00:00-05:00,0.4830920100212097,0.5032209753990173,0.4629630148410797,0.5032209753990173,164689,0.0,0.0
2015-12-29 00:00:00-05:00,0.4830920100212097,0.5434780120849609,0.4629630148410797,0.5233489871025085,172390,0.0,0.0
2015-12-30 00:00:00-05:00,0.5434780120849609,0.5434780120849609,0.4830920100212097,0.5032209753990173,229869,0.0,0.0
2015-12-31 00:00:00-05:00,0.5233489871025085,0.5434780120849609,0.5032209753990173,0.5233489871025085,195143,0.0,0.0
2016-01-04 00:00:00-05:00,0.5233489871025085,0.5233489871025085,0.4830920100212097,0.4830920100212097,195839,0.0,0.0
2016-01-05 00:00:00-05:00,0.5032209753990173,0.5032209753990173,0.4830920100212097,0.5032209753990173,96926,0.0,0.0
2016-01-06 00:00:00-05:00,0.5032209753990173,0.5032209753990173,0.4629630148410797,0.4830920100212097,169458,0.0,0.0
2016-01-07 00:00:00-05:00,0.4830920100212097,0.4830920100212097,0.4629630148410797,0.4830920100212097,114810,0.0,0.0
2016-01-08 00:00:00-05:00,0.4830920100212097,0.4830920100212097,0.4428339898586273,0.4428339898586273,151375,0.0,0.0
2016-01-11 00:00:00-05:00,0.4428339898586273,0.4428339898586273,0.4227049946784973,0.4227049946784973,148643,0.0,0.0
2016-01-12 00:00:00-05:00,0.4227049946784973,0.4428339898586273,0.4025759994983673,0.4227049946784973,119580,0.0,0.0
2016-01-13 00:00:00-05:00,0.4227049946784973,0.4629630148410797,0.4227049946784973,0.4227049946784973,122859,0.0,0.0
2016-01-14 00:00:00-05:00,0.4629630148410797,0.4629630148410797,0.4227049946784973,0.4629630148410797,50624,0.0,0.0
2016-01-15 00:00:00-05:00,0.4830920100212097,0.4830920100212097,0.4428339898586273,0.4428339898586273,63441,0.0,0.0
2016-01-19 00:00:00-05:00,0.4428339898586273,0.4830920100212097,0.4428339898586273,0.4629630148410797,121865,0.0,0.0
2016-01-20 00:00:00-05:00,0.4830920100212097,0.4830920100212097,0.4428339898586273,0.4830920100212097,82270,0.0,0.0
2016-01-21 00:00:00-05:00,0.5032209753990173,0.5233489871025085,0.4830920100212097,0.5032209753990173,138508,0.0,0.0
2016-01-22 00:00:00-05:00,0.5032209753990173,0.5434780120849609,0.5032209753990173,0.5434780120849609,316114,0.0,0.0
2016-01-25 00:00:00-05:00,0.5636069774627686,0.6642510294914246,0.5434780120849609,0.5636069774627686,342295,0.0,0.0
2016-01-26 00:00:00-05:00,0.583736002445221,0.6642510294914246,0.583736002445221,0.623993992805481,244227,0.0,0.0
2016-01-27 00:00:00-05:00,0.6642510294914246,0.6642510294914246,0.623993992805481,0.623993992805481,115804,0.0,0.0
2016-01-28 00:00:00-05:00,0.6441220045089722,0.6441220045089722,0.583736002445221,0.583736002445221,138607,0.0,0.0
2016-01-29 00:00:00-05:00,0.5636069774627686,0.623993992805481,0.5434780120849609,0.6038650274276733,133440,0.0,0.0
2016-02-01 00:00:00-05:00,0.6038650274276733,0.6843799948692322,0.6038650274276733,0.6441220045089722,277562,0.0,0.0
2016-02-02 00:00:00-05:00,0.6642510294914246,0.6642510294914246,0.583736002445221,0.623993992805481,94740,0.0,0.0
2016-02-03 00:00:00-05:00,0.6441220045089722,0.6642510294914246,0.623993992805481,0.6441220045089722,95535,0.0,0.0
2016-02-04 00:00:00-05:00,0.6441220045089722,0.6843799948692322,0.6441220045089722,0.6441220045089722,149487,0.0,0.0
2016-02-05 00:00:00-05:00,0.623993992805481,0.6642510294914246,0.623993992805481,0.623993992805481,122113,0.0,0.0
2016-02-08 00:00:00-05:00,0.583736002445221,0.623993992805481,0.583736002445221,0.6038650274276733,55642,0.0,0.0
2016-02-09 00:00:00-05:00,0.6038650274276733,0.623993992805481,0.5636069774627686,0.583736002445221,70049,0.0,0.0
2016-02-10 00:00:00-05:00,0.5636069774627686,0.583736002445221,0.5434780120849609,0.5636069774627686,64882,0.0,0.0
2016-02-11 00:00:00-05:00,0.583736002445221,0.583736002445221,0.5233489871025085,0.5434780120849609,64485,0.0,0.0
2016-02-12 00:00:00-05:00,0.5636069774627686,0.583736002445221,0.5434780120849609,0.5636069774627686,103732,0.0,0.0
2016-02-16 00:00:00-05:00,0.5636069774627686,0.583736002445221,0.5434780120849609,0.5434780120849609,72881,0.0,0.0
2016-02-17 00:00:00-05:00,0.5636069774627686,0.5636069774627686,0.5233489871025085,0.5636069774627686,59566,0.0,0.0
2016-02-18 00:00:00-05:00,0.5636069774627686,0.6038650274276733,0.5636069774627686,0.583736002445221,50376,0.0,0.0
2016-02-19 00:00:00-05:00,0.583736002445221,0.6038650274276733,0.583736002445221,0.6038650274276733,47792,0.0,0.0
2016-02-22 00:00:00-05:00,0.623993992805481,0.6441220045089722,0.6038650274276733,0.6038650274276733,123057,0.0,0.0
2016-02-23 00:00:00-05:00,0.6038650274276733,0.623993992805481,0.5636069774627686,0.583736002445221,28119,0.0,0.0
2016-02-24 00:00:00-05:00,0.6038650274276733,0.6038650274276733,0.5636069774627686,0.583736002445221,119282,0.0,0.0
2016-02-25 00:00:00-05:00,0.583736002445221,0.583736002445221,0.5434780120849609,0.5434780120849609,77004,0.0,0.0
2016-02-26 00:00:00-05:00,0.583736002445221,0.583736002445221,0.5636069774627686,0.5636069774627686,124200,0.0,0.0
2016-02-29 00:00:00-05:00,0.5636069774627686,0.583736002445221,0.5434780120849609,0.583736002445221,93746,0.0,0.0
2016-03-01 00:00:00-05:00,0.583736002445221,0.6038650274276733,0.5636069774627686,0.6038650274276733,54449,0.0,0.0
2016-03-02 00:00:00-05:00,0.5636069774627686,0.6038650274276733,0.5636069774627686,0.6038650274276733,60262,0.0,0.0
2016-03-03 00:00:00-05:00,0.583736002445221,0.6038650274276733,0.583736002445221,0.6038650274276733,91014,0.0,0.0
2016-03-04 00:00:00-05:00,0.583736002445221,0.623993992805481,0.583736002445221,0.623993992805481,182872,0.0,0.0
2016-03-07 00:00:00-05:00,0.623993992805481,0.6642510294914246,0.6038650274276733,0.6642510294914246,423373,0.0,0.0
2016-03-08 00:00:00-05:00,0.6642510294914246,0.7246379852294922,0.6441220045089722,0.6642510294914246,330471,0.0,0.0
2016-03-09 00:00:00-05:00,0.6642510294914246,0.7045090198516846,0.6642510294914246,0.6843799948692322,151325,0.0,0.0
2016-03-10 00:00:00-05:00,0.6843799948692322,0.7045090198516846,0.6642510294914246,0.6843799948692322,107756,0.0,0.0
2016-03-11 00:00:00-05:00,0.7045090198516846,0.7246379852294922,0.6843799948692322,0.7246379852294922,110041,0.0,0.0
2016-03-14 00:00:00-04:00,0.7246379852294922,0.7850239872932434,0.6843799948692322,0.7850239872932434,218940,0.0,0.0
2016-03-15 00:00:00-04:00,0.8051530122756958,0.8454110026359558,0.7648950219154358,0.8454110026359558,507531,0.0,0.0
2016-03-16 00:00:00-04:00,0.8454110026359558,0.865539014339447,0.7447670102119446,0.7850239872932434,306078,0.0,0.0
2016-03-17 00:00:00-04:00,0.7850239872932434,0.8252819776535034,0.7648950219154358,0.7850239872932434,165981,0.0,0.0
2016-03-18 00:00:00-04:00,0.7850239872932434,0.8252819776535034,0.7648950219154358,0.7648950219154358,113121,0.0,0.0
2016-03-21 00:00:00-04:00,0.7850239872932434,0.8051530122756958,0.7246379852294922,0.7648950219154358,212531,0.0,0.0
2016-03-22 00:00:00-04:00,0.7850239872932434,0.8051530122756958,0.7246379852294922,0.7447670102119446,173731,0.0,0.0
2016-03-23 00:00:00-04:00,0.7447670102119446,0.7648950219154358,0.583736002445221,0.623993992805481,1177565,0.0,0.0
2016-03-24 00:00:00-04:00,0.623993992805481,0.7648950219154358,0.623993992805481,0.7045090198516846,463713,0.0,0.0
2016-03-28 00:00:00-04:00,0.7850239872932434,0.8454110026359558,0.7045090198516846,0.7447670102119446,742815,0.0,0.0
2016-03-29 00:00:00-04:00,0.7648950219154358,0.7850239872932434,0.6843799948692322,0.7246379852294922,436439,0.0,0.0
2016-03-30 00:00:00-04:00,0.7246379852294922,0.7447670102119446,0.6843799948692322,0.7045090198516846,78196,0.0,0.0
2016-03-31 00:00:00-04:00,0.7246379852294922,0.8051530122756958,0.7246379852294922,0.7850239872932434,199068,0.0,0.0
2016-04-01 00:00:00-04:00,0.7648950219154358,0.8252819776535034,0.7648950219154358,0.8252819776535034,193007,0.0,0.0
2016-04-04 00:00:00-04:00,0.8252819776535034,0.946054995059967,0.8252819776535034,0.9259260296821594,383331,0.0,0.0
2016-04-05 00:00:00-04:00,0.8856679797172546,0.9259260296821594,0.865539014339447,0.905797004699707,415126,0.0,0.0
2016-04-06 00:00:00-04:00,0.905797004699707,0.9259260296821594,0.905797004699707,0.905797004699707,150878,0.0,0.0
2016-04-07 00:00:00-04:00,0.905797004699707,1.0869569778442383,0.8856679797172546,1.0668280124664307,407575,0.0,0.0
2016-04-08 00:00:00-04:00,1.127213954925537,1.2278579473495483,1.1070849895477295,1.1876009702682495,753745,0.0,0.0
2016-04-11 00:00:00-04:00,1.2479870319366455,1.3687599897384644,1.1473430395126343,1.167472004890442,984409,0.0,0.0
2016-04-12 00:00:00-04:00,1.2278579473495483,1.2479870319366455,1.046699047088623,1.127213954925537,736655,0.0,0.0
2016-04-13 00:00:00-04:00,1.127213954925537,1.2278579473495483,1.0869569778442383,1.167472004890442,449356,0.0,0.0
2016-04-14 00:00:00-04:00,1.1876009702682495,1.2479870319366455,1.1473430395126343,1.2479870319366455,347363,0.0,0.0
2016-04-15 00:00:00-04:00,1.2882449626922607,1.3486310243606567,1.2479870319366455,1.2681159973144531,407674,0.0,0.0
2016-04-18 00:00:00-04:00,1.3285020589828491,1.4291470050811768,1.2681159973144531,1.4090180397033691,718820,0.0,0.0
2016-04-19 00:00:00-04:00,1.4694039821624756,1.6103060245513916,1.449275016784668,1.529790997505188,888726,0.0,0.0
2016-04-20 00:00:00-04:00,1.529790997505188,1.5499190092086792,1.388888955116272,1.449275016784668,976113,0.0,0.0
2016-04-21 00:00:00-04:00,1.4090180397033691,1.4291470050811768,1.2882449626922607,1.308374047279358,824092,0.0,0.0
2016-04-22 00:00:00-04:00,1.308374047279358,1.4090180397033691,1.2882449626922607,1.3285020589828491,375432,0.0,0.0
2016-04-25 00:00:00-04:00,1.3285020589828491,1.3486310243606567,1.1473430395126343,1.2479870319366455,591738,0.0,0.0
2016-04-26 00:00:00-04:00,1.2077289819717407,1.2278579473495483,1.127213954925537,1.167472004890442,523578,0.0,0.0
2016-04-27 00:00:00-04:00,1.1876009702682495,1.2681159973144531,1.1473430395126343,1.2479870319366455,352380,0.0,0.0
2016-04-28 00:00:00-04:00,1.2278579473495483,1.2681159973144531,1.2077289819717407,1.2278579473495483,192162,0.0,0.0
2016-04-29 00:00:00-04:00,1.2077289819717407,1.2077289819717407,1.1070849895477295,1.1473430395126343,576934,0.0,0.0
2016-05-02 00:00:00-04:00,1.1473430395126343,1.2681159973144531,1.046699047088623,1.2479870319366455,509617,0.0,0.0
2016-05-03 00:00:00-04:00,1.2479870319366455,1.2681159973144531,1.1070849895477295,1.1473430395126343,344630,0.0,0.0
2016-05-04 00:00:00-04:00,1.1070849895477295,1.1473430395126343,1.0668280124664307,1.1070849895477295,296838,0.0,0.0
2016-05-05 00:00:00-04:00,1.127213954925537,1.1473430395126343,1.0869569778442383,1.0869569778442383,240749,0.0,0.0
2016-05-06 00:00:00-04:00,1.0869569778442383,1.127213954925537,1.046699047088623,1.0869569778442383,179544,0.0,0.0
2016-05-09 00:00:00-04:00,1.127213954925537,1.127213954925537,1.1070849895477295,1.1070849895477295,112625,0.0,0.0
2016-05-10 00:00:00-04:00,1.0869569778442383,1.127213954925537,1.0869569778442383,1.0869569778442383,265838,0.0,0.0
2016-05-11 00:00:00-04:00,1.127213954925537,1.1876009702682495,1.127213954925537,1.1473430395126343,188436,0.0,0.0
2016-05-12 00:00:00-04:00,1.167472004890442,1.1876009702682495,1.127213954925537,1.127213954925537,150481,0.0,0.0
2016-05-13 00:00:00-04:00,1.127213954925537,1.1473430395126343,1.0869569778442383,1.127213954925537,157883,0.0,0.0
2016-05-16 00:00:00-04:00,1.1473430395126343,1.167472004890442,1.1070849895477295,1.1070849895477295,119778,0.0,0.0
2016-05-17 00:00:00-04:00,1.0869569778442383,1.1473430395126343,1.0869569778442383,1.127213954925537,139253,0.0,0.0
2016-05-18 00:00:00-04:00,1.127213954925537,1.2077289819717407,1.1070849895477295,1.1876009702682495,257094,0.0,0.0
2016-05-19 00:00:00-04:00,1.1876009702682495,1.2882449626922607,1.167472004890442,1.2479870319366455,650560,0.0,0.0
2016-05-20 00:00:00-04:00,1.2681159973144531,1.3687599897384644,1.2278579473495483,1.3285020589828491,441655,0.0,0.0
2016-05-23 00:00:00-04:00,1.3486310243606567,1.4090180397033691,1.2882449626922607,1.3687599897384644,432663,0.0,0.0
2016-05-24 00:00:00-04:00,1.3687599897384644,1.4090180397033691,1.1876009702682495,1.2077289819717407,589105,0.0,0.0
2016-05-25 00:00:00-04:00,1.2278579473495483,1.308374047279358,1.1876009702682495,1.308374047279358,158131,0.0,0.0
2016-05-26 00:00:00-04:00,1.3285020589828491,1.388888955116272,1.308374047279358,1.3486310243606567,171048,0.0,0.0
2016-05-27 00:00:00-04:00,1.3285020589828491,1.3486310243606567,1.2882449626922607,1.2882449626922607,185207,0.0,0.0
2016-05-31 00:00:00-04:00,1.308374047279358,1.3285020589828491,1.2479870319366455,1.308374047279358,134682,0.0,0.0
2016-06-01 00:00:00-04:00,1.2882449626922607,1.308374047279358,1.2278579473495483,1.2882449626922607,213525,0.0,0.0
2016-06-02 00:00:00-04:00,1.2479870319366455,1.2882449626922607,1.2077289819717407,1.2479870319366455,145513,0.0,0.0
2016-06-03 00:00:00-04:00,1.2278579473495483,1.2681159973144531,1.2077289819717407,1.2278579473495483,190324,0.0,0.0
2016-06-06 00:00:00-04:00,1.2479870319366455,1.2681159973144531,1.2278579473495483,1.2479870319366455,158827,0.0,0.0
2016-06-07 00:00:00-04:00,1.2479870319366455,1.3285020589828491,1.2278579473495483,1.2681159973144531,288045,0.0,0.0
2016-06-08 00:00:00-04:00,1.3285020589828491,1.3687599897384644,1.2882449626922607,1.3486310243606567,273936,0.0,0.0
2016-06-09 00:00:00-04:00,1.3486310243606567,1.3687599897384644,1.2882449626922607,1.308374047279358,111532,0.0,0.0
2016-06-10 00:00:00-04:00,1.308374047279358,1.308374047279358,1.2681159973144531,1.2681159973144531,117990,0.0,0.0
2016-06-13 00:00:00-04:00,1.2681159973144531,1.2882449626922607,1.2278579473495483,1.2479870319366455,169260,0.0,0.0
2016-06-14 00:00:00-04:00,1.2479870319366455,1.2681159973144531,1.2077289819717407,1.2077289819717407,172141,0.0,0.0
2016-06-15 00:00:00-04:00,1.2077289819717407,1.2278579473495483,1.1876009702682495,1.2077289819717407,139998,0.0,0.0
2016-06-16 00:00:00-04:00,1.1876009702682495,1.2479870319366455,1.1876009702682495,1.2278579473495483,279400,0.0,0.0
2016-06-17 00:00:00-04:00,1.2479870319366455,1.2479870319366455,1.2077289819717407,1.2479870319366455,93051,0.0,0.0
2016-06-20 00:00:00-04:00,1.308374047279358,1.4291470050811768,1.2681159973144531,1.4291470050811768,1035878,0.0,0.0
2016-06-21 00:00:00-04:00,1.449275016784668,1.5700479745864868,1.4090180397033691,1.5499190092086792,1116359,0.0,0.0
2016-06-22 00:00:00-04:00,1.5096620321273804,1.529790997505188,1.4090180397033691,1.4895329475402832,743710,0.0,0.0
2016-06-23 00:00:00-04:00,1.5096620321273804,1.529790997505188,1.4694039821624756,1.4895329475402832,236477,0.0,0.0
2016-06-24 00:00:00-04:00,1.3687599897384644,1.449275016784668,1.3486310243606567,1.4090180397033691,427546,0.0,0.0
2016-06-27 00:00:00-04:00,1.388888955116272,1.4090180397033691,1.3285020589828491,1.388888955116272,260919,0.0,0.0
2016-06-28 00:00:00-04:00,1.449275016784668,1.4694039821624756,1.388888955116272,1.4090180397033691,184859,0.0,0.0
2016-06-29 00:00:00-04:00,1.4291470050811768,1.529790997505188,1.4090180397033691,1.5096620321273804,550703,0.0,0.0
2016-06-30 00:00:00-04:00,1.529790997505188,1.751207947731018,1.4895329475402832,1.7109500169754028,716584,0.0,0.0
2016-07-01 00:00:00-04:00,1.670691967010498,1.7109500169754028,1.6103060245513916,1.6908210515975952,324510,0.0,0.0
2016-07-05 00:00:00-04:00,1.670691967010498,1.7109500169754028,1.6505639553070068,1.6505639553070068,195540,0.0,0.0
2016-07-06 00:00:00-04:00,1.670691967010498,1.6908210515975952,1.5499190092086792,1.5499190092086792,272346,0.0,0.0
2016-07-07 00:00:00-04:00,1.590177059173584,1.590177059173584,1.5096620321273804,1.5096620321273804,215363,0.0,0.0
2016-07-08 00:00:00-04:00,1.529790997505188,1.5499190092086792,1.5096620321273804,1.529790997505188,89871,0.0,0.0
2016-07-11 00:00:00-04:00,1.5499190092086792,1.6304349899291992,1.529790997505188,1.5499190092086792,131900,0.0,0.0
2016-07-12 00:00:00-04:00,1.590177059173584,1.6103060245513916,1.5499190092086792,1.5700479745864868,79985,0.0,0.0
2016-07-13 00:00:00-04:00,1.5700479745864868,1.6103060245513916,1.5499190092086792,1.5499190092086792,40141,0.0,0.0
2016-07-14 00:00:00-04:00,1.590177059173584,1.6304349899291992,1.5499190092086792,1.5700479745864868,165732,0.0,0.0
2016-07-15 00:00:00-04:00,1.5700479745864868,1.590177059173584,1.4895329475402832,1.4895329475402832,159672,0.0,0.0
2016-07-18 00:00:00-04:00,1.5096620321273804,1.5499190092086792,1.4291470050811768,1.4694039821624756,282928,0.0,0.0
2016-07-19 00:00:00-04:00,1.449275016784668,1.449275016784668,1.4291470050811768,1.4291470050811768,171396,0.0,0.0
2016-07-20 00:00:00-04:00,1.4090180397033691,1.449275016784668,1.388888955116272,1.388888955116272,212630,0.0,0.0
2016-07-21 00:00:00-04:00,1.4090180397033691,1.449275016784668,1.388888955116272,1.388888955116272,141042,0.0,0.0
2016-07-22 00:00:00-04:00,1.4291470050811768,1.449275016784668,1.388888955116272,1.449275016784668,57629,0.0,0.0
2016-07-25 00:00:00-04:00,1.4291470050811768,1.4694039821624756,1.4090180397033691,1.4291470050811768,84655,0.0,0.0
2016-07-26 00:00:00-04:00,1.4291470050811768,1.449275016784668,1.388888955116272,1.4090180397033691,99807,0.0,0.0
2016-07-27 00:00:00-04:00,1.4291470050811768,1.4291470050811768,1.3687599897384644,1.388888955116272,97422,0.0,0.0
2016-07-28 00:00:00-04:00,1.388888955116272,1.4291470050811768,1.3285020589828491,1.4090180397033691,140743,0.0,0.0
2016-07-29 00:00:00-04:00,1.449275016784668,1.4895329475402832,1.449275016784668,1.4895329475402832,71291,0.0,0.0
2016-08-01 00:00:00-04:00,1.4694039821624756,1.4895329475402832,1.4291470050811768,1.449275016784668,111631,0.0,0.0
2016-08-02 00:00:00-04:00,1.5096620321273804,1.5096620321273804,1.4090180397033691,1.4090180397033691,115456,0.0,0.0
2016-08-03 00:00:00-04:00,1.449275016784668,1.4895329475402832,1.4291470050811768,1.4694039821624756,107905,0.0,0.0
2016-08-04 00:00:00-04:00,1.449275016784668,1.4694039821624756,1.4291470050811768,1.449275016784668,63392,0.0,0.0
2016-08-05 00:00:00-04:00,1.449275016784668,1.5096620321273804,1.4090180397033691,1.4694039821624756,78991,0.0,0.0
2016-08-08 00:00:00-04:00,1.4895329475402832,1.5096620321273804,1.4895329475402832,1.5096620321273804,105818,0.0,0.0
2016-08-09 00:00:00-04:00,1.5096620321273804,1.5096620321273804,1.4291470050811768,1.4895329475402832,134384,0.0,0.0
2016-08-10 00:00:00-04:00,1.4694039821624756,1.5096620321273804,1.449275016784668,1.4694039821624756,39595,0.0,0.0
2016-08-11 00:00:00-04:00,1.449275016784668,1.4895329475402832,1.449275016784668,1.4895329475402832,123753,0.0,0.0
2016-08-12 00:00:00-04:00,1.4895329475402832,1.4895329475402832,1.4090180397033691,1.4291470050811768,135030,0.0,0.0
2016-08-15 00:00:00-04:00,1.449275016784668,1.4694039821624756,1.4291470050811768,1.449275016784668,69651,0.0,0.0
2016-08-16 00:00:00-04:00,1.449275016784668,1.4694039821624756,1.4291470050811768,1.4291470050811768,85102,0.0,0.0
2016-08-17 00:00:00-04:00,1.449275016784668,1.449275016784668,1.4090180397033691,1.4291470050811768,101943,0.0,0.0
2016-08-18 00:00:00-04:00,1.4291470050811768,1.449275016784668,1.3687599897384644,1.4291470050811768,83661,0.0,0.0
2016-08-19 00:00:00-04:00,1.4291470050811768,1.4291470050811768,1.3486310243606567,1.3687599897384644,487510,0.0,0.0
2016-08-22 00:00:00-04:00,1.3486310243606567,1.3486310243606567,1.2681159973144531,1.2882449626922607,335539,0.0,0.0
2016-08-23 00:00:00-04:00,1.2681159973144531,1.3687599897384644,1.2681159973144531,1.3687599897384644,133093,0.0,0.0
2016-08-24 00:00:00-04:00,1.3687599897384644,1.388888955116272,1.3285020589828491,1.3285020589828491,56039,0.0,0.0
2016-08-25 00:00:00-04:00,1.3285020589828491,1.449275016784668,1.3285020589828491,1.449275016784668,251629,0.0,0.0
2016-08-26 00:00:00-04:00,1.449275016784668,1.449275016784668,1.3687599897384644,1.4291470050811768,176761,0.0,0.0
2016-08-29 00:00:00-04:00,1.4291470050811768,1.4291470050811768,1.3687599897384644,1.388888955116272,80333,0.0,0.0
2016-08-30 00:00:00-04:00,1.4090180397033691,1.4090180397033691,1.3486310243606567,1.3486310243606567,79935,0.0,0.0
2016-08-31 00:00:00-04:00,1.3687599897384644,1.388888955116272,1.3285020589828491,1.3687599897384644,82668,0.0,0.0
2016-09-01 00:00:00-04:00,1.3285020589828491,1.4090180397033691,1.3285020589828491,1.3687599897384644,113221,0.0,0.0
2016-09-02 00:00:00-04:00,1.388888955116272,1.388888955116272,1.3486310243606567,1.3687599897384644,92604,0.0,0.0
2016-09-06 00:00:00-04:00,1.388888955116272,1.449275016784668,1.3687599897384644,1.4291470050811768,198968,0.0,0.0
2016-09-07 00:00:00-04:00,1.449275016784668,1.449275016784668,1.4090180397033691,1.4090180397033691,87486,0.0,0.0
2016-09-08 00:00:00-04:00,1.4090180397033691,1.449275016784668,1.4090180397033691,1.4090180397033691,64137,0.0,0.0
2016-09-09 00:00:00-04:00,1.449275016784668,1.449275016784668,1.4090180397033691,1.4090180397033691,57678,0.0,0.0
2016-09-12 00:00:00-04:00,1.4090180397033691,1.529790997505188,1.388888955116272,1.4694039821624756,270210,0.0,0.0
2016-09-13 00:00:00-04:00,1.4694039821624756,1.4694039821624756,1.4090180397033691,1.4694039821624756,40241,0.0,0.0
2016-09-14 00:00:00-04:00,1.449275016784668,1.449275016784668,1.388888955116272,1.388888955116272,39943,0.0,0.0
2016-09-15 00:00:00-04:00,1.4291470050811768,1.449275016784668,1.4090180397033691,1.4291470050811768,24641,0.0,0.0
2016-09-16 00:00:00-04:00,1.4090180397033691,1.5499190092086792,1.388888955116272,1.5499190092086792,292864,0.0,0.0
2016-09-19 00:00:00-04:00,1.4694039821624756,1.4694039821624756,1.4090180397033691,1.4291470050811768,79339,0.0,0.0
2016-09-20 00:00:00-04:00,1.4291470050811768,1.4291470050811768,1.4090180397033691,1.4090180397033691,135577,0.0,0.0
2016-09-21 00:00:00-04:00,1.4090180397033691,1.4291470050811768,1.388888955116272,1.388888955116272,61355,0.0,0.0
2016-09-22 00:00:00-04:00,1.4090180397033691,1.4090180397033691,1.388888955116272,1.4090180397033691,43470,0.0,0.0
2016-09-23 00:00:00-04:00,1.388888955116272,1.388888955116272,1.3687599897384644,1.3687599897384644,78544,0.0,0.0
2016-09-26 00:00:00-04:00,1.388888955116272,1.388888955116272,1.3687599897384644,1.3687599897384644,72682,0.0,0.0
2016-09-27 00:00:00-04:00,1.3687599897384644,1.388888955116272,1.3486310243606567,1.3687599897384644,53903,0.0,0.0
2016-09-28 00:00:00-04:00,1.3486310243606567,1.388888955116272,1.3486310243606567,1.3486310243606567,67962,0.0,0.0
2016-09-29 00:00:00-04:00,1.3486310243606567,1.388888955116272,1.3486310243606567,1.388888955116272,45706,0.0,0.0
2016-09-30 00:00:00-04:00,1.3687599897384644,1.388888955116272,1.3687599897384644,1.388888955116272,54499,0.0,0.0
2016-10-03 00:00:00-04:00,1.388888955116272,1.449275016784668,1.3687599897384644,1.449275016784668,45408,0.0,0.0
2016-10-04 00:00:00-04:00,1.4291470050811768,1.4291470050811768,1.388888955116272,1.4291470050811768,17487,0.0,0.0
2016-10-05 00:00:00-04:00,1.4090180397033691,1.4291470050811768,1.388888955116272,1.388888955116272,23002,0.0,0.0
2016-10-06 00:00:00-04:00,1.3687599897384644,1.4090180397033691,1.3285020589828491,1.3486310243606567,134832,0.0,0.0
2016-10-07 00:00:00-04:00,1.3486310243606567,1.3687599897384644,1.308374047279358,1.3285020589828491,170899,0.0,0.0
2016-10-10 00:00:00-04:00,1.2882449626922607,1.3687599897384644,1.2882449626922607,1.3285020589828491,72086,0.0,0.0
2016-10-11 00:00:00-04:00,1.3285020589828491,1.3486310243606567,1.2882449626922607,1.308374047279358,142929,0.0,0.0
2016-10-12 00:00:00-04:00,1.2882449626922607,1.308374047279358,1.1876009702682495,1.2278579473495483,397241,0.0,0.0
2016-10-13 00:00:00-04:00,1.2278579473495483,1.2278579473495483,1.1876009702682495,1.1876009702682495,151176,0.0,0.0
2016-10-14 00:00:00-04:00,1.2077289819717407,1.2479870319366455,1.1876009702682495,1.2278579473495483,55691,0.0,0.0
2016-10-17 00:00:00-04:00,1.2681159973144531,1.2882449626922607,1.2278579473495483,1.2681159973144531,113270,0.0,0.0
2016-10-18 00:00:00-04:00,1.2882449626922607,1.2882449626922607,1.2479870319366455,1.2681159973144531,127529,0.0,0.0
2016-10-19 00:00:00-04:00,1.2681159973144531,1.308374047279358,1.2681159973144531,1.2681159973144531,68707,0.0,0.0
2016-10-20 00:00:00-04:00,1.308374047279358,1.308374047279358,1.2681159973144531,1.2882449626922607,26330,0.0,0.0
2016-10-21 00:00:00-04:00,1.2681159973144531,1.2681159973144531,1.2278579473495483,1.2278579473495483,24194,0.0,0.0
2016-10-24 00:00:00-04:00,1.2278579473495483,1.2479870319366455,1.2077289819717407,1.2077289819717407,101745,0.0,0.0
2016-10-25 00:00:00-04:00,1.2278579473495483,1.2278579473495483,1.1876009702682495,1.2077289819717407,88381,0.0,0.0
2016-10-26 00:00:00-04:00,1.1876009702682495,1.2077289819717407,1.1473430395126343,1.167472004890442,127827,0.0,0.0
2016-10-27 00:00:00-04:00,1.1473430395126343,1.167472004890442,1.0869569778442383,1.1070849895477295,148494,0.0,0.0
2016-10-28 00:00:00-04:00,1.0668280124664307,1.0869569778442383,0.9863119721412659,1.0869569778442383,245071,0.0,0.0
2016-10-31 00:00:00-04:00,1.0668280124664307,1.1473430395126343,1.0668280124664307,1.1473430395126343,59318,0.0,0.0
2016-11-01 00:00:00-04:00,1.127213954925537,1.1473430395126343,1.0869569778442383,1.1070849895477295,48190,0.0,0.0
2016-11-02 00:00:00-04:00,1.0869569778442383,1.1070849895477295,1.046699047088623,1.046699047088623,87039,0.0,0.0
2016-11-03 00:00:00-04:00,1.0869569778442383,1.0869569778442383,1.0265699625015259,1.046699047088623,117493,0.0,0.0
2016-11-04 00:00:00-04:00,1.0064409971237183,1.046699047088623,1.0064409971237183,1.0265699625015259,101596,0.0,0.0
2016-11-07 00:00:00-05:00,1.0265699625015259,1.0668280124664307,0.9259260296821594,0.9259260296821594,334396,0.0,0.0
2016-11-08 00:00:00-05:00,0.9259260296821594,0.9259260296821594,0.8252819776535034,0.8454110026359558,287697,0.0,0.0
2016-11-09 00:00:00-05:00,0.8051530122756958,0.9259260296821594,0.7648950219154358,0.8856679797172546,651603,0.0,0.0
2016-11-10 00:00:00-05:00,0.865539014339447,1.0265699625015259,0.865539014339447,1.0064409971237183,411350,0.0,0.0
2016-11-11 00:00:00-05:00,1.0064409971237183,1.0668280124664307,0.9661840200424194,1.0265699625015259,93647,0.0,0.0
2016-11-14 00:00:00-05:00,1.046699047088623,1.0668280124664307,0.9259260296821594,0.9661840200424194,116947,0.0,0.0
2016-11-15 00:00:00-05:00,0.9661840200424194,0.9863119721412659,0.946054995059967,0.9661840200424194,115158,0.0,0.0
2016-11-16 00:00:00-05:00,0.946054995059967,0.9863119721412659,0.905797004699707,0.905797004699707,269862,0.0,0.0
2016-11-17 00:00:00-05:00,0.9259260296821594,0.9259260296821594,0.8856679797172546,0.9259260296821594,161907,0.0,0.0
2016-11-18 00:00:00-05:00,0.946054995059967,0.9661840200424194,0.9259260296821594,0.946054995059967,127230,0.0,0.0
2016-11-21 00:00:00-05:00,1.0064409971237183,1.0668280124664307,0.9661840200424194,1.046699047088623,89225,0.0,0.0
2016-11-22 00:00:00-05:00,1.0869569778442383,1.2077289819717407,1.0668280124664307,1.2077289819717407,325652,0.0,0.0
2016-11-23 00:00:00-05:00,1.2077289819717407,1.2479870319366455,1.0668280124664307,1.0668280124664307,310103,0.0,0.0
2016-11-25 00:00:00-05:00,1.2077289819717407,1.2681159973144531,1.1876009702682495,1.2278579473495483,212978,0.0,0.0
2016-11-28 00:00:00-05:00,1.2479870319366455,1.2479870319366455,1.167472004890442,1.1876009702682495,69105,0.0,0.0
2016-11-29 00:00:00-05:00,1.1876009702682495,1.1876009702682495,1.1473430395126343,1.167472004890442,28268,0.0,0.0
2016-11-30 00:00:00-05:00,1.2077289819717407,1.2479870319366455,1.1473430395126343,1.2077289819717407,50922,0.0,0.0
2016-12-01 00:00:00-05:00,1.2479870319366455,1.2479870319366455,1.1876009702682495,1.2077289819717407,84009,0.0,0.0
2016-12-02 00:00:00-05:00,1.2681159973144531,1.2681159973144531,1.1876009702682495,1.1876009702682495,52462,0.0,0.0
2016-12-05 00:00:00-05:00,1.2077289819717407,1.2479870319366455,1.2077289819717407,1.2278579473495483,35024,0.0,0.0
2016-12-06 00:00:00-05:00,1.2278579473495483,1.2278579473495483,1.167472004890442,1.2077289819717407,45060,0.0,0.0
2016-12-07 00:00:00-05:00,1.1876009702682495,1.2278579473495483,1.1070849895477295,1.1473430395126343,111432,0.0,0.0
2016-12-08 00:00:00-05:00,1.167472004890442,1.167472004890442,1.0869569778442383,1.1473430395126343,249990,0.0,0.0
2016-12-09 00:00:00-05:00,1.1070849895477295,1.1473430395126343,1.0869569778442383,1.127213954925537,95336,0.0,0.0
2016-12-12 00:00:00-05:00,1.1876009702682495,1.1876009702682495,1.1070849895477295,1.1473430395126343,155449,0.0,0.0
2016-12-13 00:00:00-05:00,1.1473430395126343,1.1876009702682495,1.1070849895477295,1.167472004890442,118040,0.0,0.0
2016-12-14 00:00:00-05:00,1.1876009702682495,1.1876009702682495,1.127213954925537,1.167472004890442,77998,0.0,0.0
2016-12-15 00:00:00-05:00,1.1876009702682495,1.1876009702682495,1.127213954925537,1.1473430395126343,65876,0.0,0.0
2016-12-16 00:00:00-05:00,1.127213954925537,1.1876009702682495,1.1070849895477295,1.127213954925537,59169,0.0,0.0
2016-12-19 00:00:00-05:00,1.167472004890442,1.1876009702682495,1.0869569778442383,1.1876009702682495,73526,0.0,0.0
2016-12-20 00:00:00-05:00,1.167472004890442,1.2077289819717407,1.1473430395126343,1.167472004890442,32292,0.0,0.0
2016-12-21 00:00:00-05:00,1.1473430395126343,1.2077289819717407,1.127213954925537,1.1876009702682495,60312,0.0,0.0
2016-12-22 00:00:00-05:00,1.167472004890442,1.2278579473495483,1.167472004890442,1.1876009702682495,99211,0.0,0.0
2016-12-23 00:00:00-05:00,1.2077289819717407,1.2681159973144531,1.2077289819717407,1.2479870319366455,105371,0.0,0.0
2016-12-27 00:00:00-05:00,1.2681159973144531,1.2882449626922607,1.2479870319366455,1.2479870319366455,160069,0.0,0.0
2016-12-28 00:00:00-05:00,1.2278579473495483,1.2479870319366455,1.2077289819717407,1.2278579473495483,43867,0.0,0.0
2016-12-29 00:00:00-05:00,1.2278579473495483,1.2479870319366455,1.2077289819717407,1.2077289819717407,62547,0.0,0.0
2016-12-30 00:00:00-05:00,1.2278579473495483,1.2479870319366455,1.1876009702682495,1.1876009702682495,170651,0.0,0.0
2017-01-03 00:00:00-05:00,1.2077289819717407,1.2278579473495483,1.1876009702682495,1.1876009702682495,62696,0.0,0.0
2017-01-04 00:00:00-05:00,1.2077289819717407,1.2077289819717407,1.167472004890442,1.1876009702682495,102738,0.0,0.0
2017-01-05 00:00:00-05:00,1.2077289819717407,1.2077289819717407,1.167472004890442,1.2077289819717407,74023,0.0,0.0
2017-01-06 00:00:00-05:00,1.1876009702682495,1.2278579473495483,1.167472004890442,1.1876009702682495,97124,0.0,0.0
2017-01-09 00:00:00-05:00,1.2278579473495483,1.308374047279358,1.2077289819717407,1.308374047279358,313282,0.0,0.0
2017-01-10 00:00:00-05:00,1.308374047279358,1.3687599897384644,1.308374047279358,1.3285020589828491,357597,0.0,0.0
2017-01-11 00:00:00-05:00,1.3486310243606567,1.3486310243606567,1.2681159973144531,1.2882449626922607,127578,0.0,0.0
2017-01-12 00:00:00-05:00,1.308374047279358,1.308374047279358,1.2681159973144531,1.2882449626922607,94144,0.0,0.0
2017-01-13 00:00:00-05:00,1.308374047279358,1.3687599897384644,1.2882449626922607,1.3486310243606567,269564,0.0,0.0
2017-01-17 00:00:00-05:00,1.449275016784668,1.5096620321273804,1.388888955116272,1.4694039821624756,498141,0.0,0.0
2017-01-18 00:00:00-05:00,1.4694039821624756,1.4694039821624756,1.4090180397033691,1.4090180397033691,387355,0.0,0.0
2017-01-19 00:00:00-05:00,1.4291470050811768,1.6103060245513916,1.3486310243606567,1.590177059173584,576785,0.0,0.0
2017-01-20 00:00:00-05:00,1.590177059173584,1.590177059173584,1.529790997505188,1.5499190092086792,211041,0.0,0.0
2017-01-23 00:00:00-05:00,1.5499190092086792,1.6103060245513916,1.5096620321273804,1.5700479745864868,331465,0.0,0.0
2017-01-24 00:00:00-05:00,1.6103060245513916,1.6103060245513916,1.4895329475402832,1.529790997505188,453727,0.0,0.0
2017-01-25 00:00:00-05:00,1.5700479745864868,1.590177059173584,1.529790997505188,1.529790997505188,156591,0.0,0.0
2017-01-26 00:00:00-05:00,1.529790997505188,1.6103060245513916,1.5096620321273804,1.590177059173584,298875,0.0,0.0
2017-01-27 00:00:00-05:00,1.5700479745864868,1.6103060245513916,1.529790997505188,1.529790997505188,168962,0.0,0.0
2017-01-30 00:00:00-05:00,1.5499190092086792,1.5499190092086792,1.4291470050811768,1.4291470050811768,205874,0.0,0.0
2017-01-31 00:00:00-05:00,1.4694039821624756,1.4694039821624756,1.388888955116272,1.4694039821624756,200558,0.0,0.0
2017-02-01 00:00:00-05:00,1.4694039821624756,1.5096620321273804,1.4291470050811768,1.449275016784668,171396,0.0,0.0
2017-02-02 00:00:00-05:00,1.4895329475402832,1.4895329475402832,1.449275016784668,1.4694039821624756,84804,0.0,0.0
2017-02-03 00:00:00-05:00,1.4694039821624756,1.590177059173584,1.4694039821624756,1.5700479745864868,172241,0.0,0.0
2017-02-06 00:00:00-05:00,1.6103060245513916,1.6103060245513916,1.529790997505188,1.5499190092086792,123455,0.0,0.0
2017-02-07 00:00:00-05:00,1.5499190092086792,1.5499190092086792,1.4895329475402832,1.529790997505188,85002,0.0,0.0
2017-02-08 00:00:00-05:00,1.529790997505188,1.529790997505188,1.4895329475402832,1.529790997505188,89772,0.0,0.0
2017-02-09 00:00:00-05:00,1.5096620321273804,1.5499190092086792,1.5096620321273804,1.5096620321273804,154604,0.0,0.0
2017-02-10 00:00:00-05:00,1.5700479745864868,1.6103060245513916,1.529790997505188,1.6103060245513916,327242,0.0,0.0
2017-02-13 00:00:00-05:00,1.6304349899291992,1.7109500169754028,1.6103060245513916,1.7109500169754028,669984,0.0,0.0
2017-02-14 00:00:00-05:00,1.751207947731018,1.8317229747772217,1.670691967010498,1.8317229747772217,305184,0.0,0.0
2017-02-15 00:00:00-05:00,1.8317229747772217,1.8317229747772217,1.751207947731018,1.7914650440216064,339513,0.0,0.0
2017-02-16 00:00:00-05:00,1.811594009399414,1.9122380018234253,1.811594009399414,1.892109990119934,492826,0.0,0.0
2017-02-17 00:00:00-05:00,1.892109990119934,1.9122380018234253,1.8317229747772217,1.8719810247421265,246562,0.0,0.0
2017-02-21 00:00:00-05:00,1.9122380018234253,1.932366967201233,1.7914650440216064,1.811594009399414,387504,0.0,0.0
2017-02-22 00:00:00-05:00,1.811594009399414,1.8518520593643188,1.7914650440216064,1.811594009399414,150779,0.0,0.0
2017-02-23 00:00:00-05:00,1.8518520593643188,1.8518520593643188,1.7914650440216064,1.8317229747772217,117145,0.0,0.0
2017-02-24 00:00:00-05:00,1.8317229747772217,1.8317229747772217,1.6505639553070068,1.6908210515975952,318598,0.0,0.0
2017-02-27 00:00:00-05:00,1.7310789823532104,1.751207947731018,1.6103060245513916,1.6304349899291992,378760,0.0,0.0
2017-02-28 00:00:00-05:00,1.6103060245513916,1.6304349899291992,1.5700479745864868,1.5700479745864868,318995,0.0,0.0
2017-03-01 00:00:00-05:00,1.5700479745864868,1.6908210515975952,1.5700479745864868,1.590177059173584,97621,0.0,0.0
2017-03-02 00:00:00-05:00,1.6304349899291992,1.6505639553070068,1.5700479745864868,1.5700479745864868,195292,0.0,0.0
2017-03-03 00:00:00-05:00,1.590177059173584,1.6304349899291992,1.4895329475402832,1.529790997505188,212630,0.0,0.0
2017-03-06 00:00:00-05:00,1.4895329475402832,1.5499190092086792,1.4694039821624756,1.5096620321273804,266434,0.0,0.0
2017-03-07 00:00:00-05:00,1.4895329475402832,1.4895329475402832,1.4090180397033691,1.449275016784668,256349,0.0,0.0
2017-03-08 00:00:00-05:00,1.449275016784668,1.449275016784668,1.4090180397033691,1.4291470050811768,169608,0.0,0.0
2017-03-09 00:00:00-05:00,1.4291470050811768,1.449275016784668,1.3285020589828491,1.388888955116272,211537,0.0,0.0
2017-03-10 00:00:00-05:00,1.388888955116272,1.4090180397033691,1.3486310243606567,1.388888955116272,238911,0.0,0.0
2017-03-13 00:00:00-04:00,1.3687599897384644,1.4090180397033691,1.3285020589828491,1.3687599897384644,202198,0.0,0.0
2017-03-14 00:00:00-04:00,1.3687599897384644,1.3687599897384644,1.3285020589828491,1.3486310243606567,62050,0.0,0.0
2017-03-15 00:00:00-04:00,1.3285020589828491,1.388888955116272,1.308374047279358,1.388888955116272,217598,0.0,0.0
2017-03-16 00:00:00-04:00,1.388888955116272,1.388888955116272,1.3687599897384644,1.3687599897384644,62895,0.0,0.0
2017-03-17 00:00:00-04:00,1.388888955116272,1.388888955116272,1.3285020589828491,1.3486310243606567,157933,0.0,0.0
2017-03-20 00:00:00-04:00,1.308374047279358,1.3285020589828491,1.2882449626922607,1.2882449626922607,196484,0.0,0.0
2017-03-21 00:00:00-04:00,1.308374047279358,1.3687599897384644,1.2479870319366455,1.2882449626922607,165434,0.0,0.0
2017-03-22 00:00:00-04:00,1.2681159973144531,1.3285020589828491,1.1473430395126343,1.2278579473495483,432166,0.0,0.0
2017-03-23 00:00:00-04:00,1.2278579473495483,1.2681159973144531,1.2077289819717407,1.2278579473495483,82121,0.0,0.0
2017-03-24 00:00:00-04:00,1.2278579473495483,1.2479870319366455,1.2278579473495483,1.2479870319366455,87089,0.0,0.0
2017-03-27 00:00:00-04:00,1.2479870319366455,1.3285020589828491,1.2278579473495483,1.3285020589828491,220579,0.0,0.0
2017-03-28 00:00:00-04:00,1.3285020589828491,1.4291470050811768,1.308374047279358,1.4090180397033691,251281,0.0,0.0
2017-03-29 00:00:00-04:00,1.4694039821624756,1.529790997505188,1.449275016784668,1.4895329475402832,314574,0.0,0.0
2017-03-30 00:00:00-04:00,1.5096620321273804,1.5499190092086792,1.4895329475402832,1.5096620321273804,197677,0.0,0.0
2017-03-31 00:00:00-04:00,1.529790997505188,1.5700479745864868,1.5096620321273804,1.5096620321273804,120424,0.0,0.0
2017-04-03 00:00:00-04:00,1.4694039821624756,1.529790997505188,1.308374047279358,1.388888955116272,290827,0.0,0.0
2017-04-04 00:00:00-04:00,1.4291470050811768,1.4694039821624756,1.388888955116272,1.4291470050811768,76010,0.0,0.0
2017-04-05 00:00:00-04:00,1.4291470050811768,1.449275016784668,1.3687599897384644,1.3687599897384644,253318,0.0,0.0
2017-04-06 00:00:00-04:00,1.388888955116272,1.4090180397033691,1.3687599897384644,1.4090180397033691,111184,0.0,0.0
2017-04-07 00:00:00-04:00,1.4090180397033691,1.4090180397033691,1.3687599897384644,1.3687599897384644,51170,0.0,0.0
2017-04-10 00:00:00-04:00,1.4291470050811768,1.4291470050811768,1.3687599897384644,1.388888955116272,109743,0.0,0.0
2017-04-11 00:00:00-04:00,1.3687599897384644,1.4090180397033691,1.3687599897384644,1.388888955116272,138955,0.0,0.0
2017-04-12 00:00:00-04:00,1.388888955116272,1.449275016784668,1.388888955116272,1.449275016784668,185058,0.0,0.0
2017-04-13 00:00:00-04:00,1.449275016784668,1.449275016784668,1.4090180397033691,1.4090180397033691,67913,0.0,0.0
2017-04-17 00:00:00-04:00,1.4291470050811768,1.4291470050811768,1.388888955116272,1.388888955116272,66969,0.0,0.0
2017-04-18 00:00:00-04:00,1.388888955116272,1.4291470050811768,1.3687599897384644,1.4291470050811768,236526,0.0,0.0
2017-04-19 00:00:00-04:00,1.4291470050811768,1.4291470050811768,1.3687599897384644,1.3687599897384644,67813,0.0,0.0
2017-04-20 00:00:00-04:00,1.388888955116272,1.4090180397033691,1.3687599897384644,1.4090180397033691,38303,0.0,0.0
2017-04-21 00:00:00-04:00,1.4090180397033691,1.4090180397033691,1.3687599897384644,1.3687599897384644,108998,0.0,0.0
2017-04-24 00:00:00-04:00,1.4090180397033691,1.4090180397033691,1.3687599897384644,1.3687599897384644,74619,0.0,0.0
2017-04-25 00:00:00-04:00,1.3687599897384644,1.388888955116272,1.3486310243606567,1.3486310243606567,174576,0.0,0.0
2017-04-26 00:00:00-04:00,1.3285020589828491,1.388888955116272,1.308374047279358,1.3486310243606567,120673,0.0,0.0
2017-04-27 00:00:00-04:00,1.3486310243606567,1.4090180397033691,1.3486310243606567,1.388888955116272,699047,0.0,0.0
2017-04-28 00:00:00-04:00,1.4090180397033691,1.4291470050811768,1.388888955116272,1.4291470050811768,392422,0.0,0.0
2017-05-01 00:00:00-04:00,1.449275016784668,1.4694039821624756,1.4090180397033691,1.4694039821624756,246164,0.0,0.0
2017-05-02 00:00:00-04:00,1.449275016784668,1.4694039821624756,1.4090180397033691,1.449275016784668,248201,0.0,0.0
2017-05-03 00:00:00-04:00,1.4694039821624756,1.4895329475402832,1.388888955116272,1.449275016784668,367632,0.0,0.0
2017-05-04 00:00:00-04:00,1.4895329475402832,1.4895329475402832,1.4090180397033691,1.4895329475402832,409562,0.0,0.0
2017-05-05 00:00:00-04:00,1.449275016784668,1.5096620321273804,1.4291470050811768,1.4895329475402832,188685,0.0,0.0
2017-05-08 00:00:00-04:00,1.529790997505188,1.529790997505188,1.4895329475402832,1.529790997505188,82767,0.0,0.0
2017-05-09 00:00:00-04:00,1.529790997505188,1.529790997505188,1.4694039821624756,1.5096620321273804,119182,0.0,0.0
2017-05-10 00:00:00-04:00,1.4694039821624756,1.5096620321273804,1.4291470050811768,1.4694039821624756,72632,0.0,0.0
2017-05-11 00:00:00-04:00,1.4895329475402832,1.4895329475402832,1.449275016784668,1.4694039821624756,130410,0.0,0.0
2017-05-12 00:00:00-04:00,1.4694039821624756,1.4895329475402832,1.449275016784668,1.4694039821624756,75762,0.0,0.0
2017-05-15 00:00:00-04:00,1.4694039821624756,1.4895329475402832,1.449275016784668,1.4694039821624756,254362,0.0,0.0
2017-05-16 00:00:00-04:00,1.449275016784668,1.5096620321273804,1.388888955116272,1.4291470050811768,315518,0.0,0.0
2017-05-17 00:00:00-04:00,1.4090180397033691,1.449275016784668,1.388888955116272,1.388888955116272,146506,0.0,0.0
2017-05-18 00:00:00-04:00,1.3687599897384644,1.4291470050811768,1.3687599897384644,1.4090180397033691,115903,0.0,0.0
2017-05-19 00:00:00-04:00,1.4291470050811768,1.4694039821624756,1.4090180397033691,1.4694039821624756,107955,0.0,0.0
2017-05-22 00:00:00-04:00,1.5096620321273804,1.5096620321273804,1.4291470050811768,1.449275016784668,93498,0.0,0.0
2017-05-23 00:00:00-04:00,1.4895329475402832,1.4895329475402832,1.449275016784668,1.449275016784668,74967,0.0,0.0
2017-05-24 00:00:00-04:00,1.4291470050811768,1.449275016784668,1.4291470050811768,1.449275016784668,138359,0.0,0.0
2017-05-25 00:00:00-04:00,1.4694039821624756,1.4694039821624756,1.4090180397033691,1.449275016784668,292665,0.0,0.0
2017-05-26 00:00:00-04:00,1.4694039821624756,1.4895329475402832,1.4090180397033691,1.4291470050811768,55642,0.0,0.0
2017-05-30 00:00:00-04:00,1.4291470050811768,1.4291470050811768,1.388888955116272,1.4090180397033691,60312,0.0,0.0
2017-05-31 00:00:00-04:00,1.4090180397033691,1.4291470050811768,1.3687599897384644,1.388888955116272,184959,0.0,0.0
2017-06-01 00:00:00-04:00,1.3687599897384644,1.4090180397033691,1.3687599897384644,1.3687599897384644,108650,0.0,0.0
2017-06-02 00:00:00-04:00,1.3687599897384644,1.388888955116272,1.3486310243606567,1.3687599897384644,78643,0.0,0.0
2017-06-05 00:00:00-04:00,1.3687599897384644,1.4090180397033691,1.3687599897384644,1.4090180397033691,117841,0.0,0.0
2017-06-06 00:00:00-04:00,1.4090180397033691,1.4694039821624756,1.388888955116272,1.4291470050811768,96081,0.0,0.0
2017-06-07 00:00:00-04:00,1.4291470050811768,1.5700479745864868,1.4090180397033691,1.4694039821624756,323218,0.0,0.0
2017-06-08 00:00:00-04:00,1.4694039821624756,1.5096620321273804,1.4090180397033691,1.4090180397033691,118189,0.0,0.0
2017-06-09 00:00:00-04:00,1.4090180397033691,1.449275016784668,1.4090180397033691,1.449275016784668,121666,0.0,0.0
2017-06-12 00:00:00-04:00,1.4090180397033691,1.4694039821624756,1.4090180397033691,1.449275016784668,83065,0.0,0.0
2017-06-13 00:00:00-04:00,1.449275016784668,1.4694039821624756,1.4291470050811768,1.449275016784668,134881,0.0,0.0
2017-06-14 00:00:00-04:00,1.4291470050811768,1.529790997505188,1.4090180397033691,1.5096620321273804,427198,0.0,0.0
2017-06-15 00:00:00-04:00,1.5096620321273804,1.5096620321273804,1.449275016784668,1.4694039821624756,77998,0.0,0.0
2017-06-16 00:00:00-04:00,1.4694039821624756,1.4694039821624756,1.4291470050811768,1.449275016784668,97522,0.0,0.0
2017-06-19 00:00:00-04:00,1.449275016784668,1.449275016784668,1.4291470050811768,1.449275016784668,62398,0.0,0.0
2017-06-20 00:00:00-04:00,1.449275016784668,1.449275016784668,1.4090180397033691,1.4090180397033691,126088,0.0,0.0
2017-06-21 00:00:00-04:00,1.4090180397033691,1.4291470050811768,1.3687599897384644,1.3687599897384644,308115,0.0,0.0
2017-06-22 00:00:00-04:00,1.3687599897384644,1.4090180397033691,1.3285020589828491,1.388888955116272,164490,0.0,0.0
2017-06-23 00:00:00-04:00,1.388888955116272,1.4090180397033691,1.3285020589828491,1.3687599897384644,259777,0.0,0.0
2017-06-26 00:00:00-04:00,1.3486310243606567,1.3687599897384644,1.3285020589828491,1.3486310243606567,110637,0.0,0.0
2017-06-27 00:00:00-04:00,1.3285020589828491,1.3687599897384644,1.3285020589828491,1.3687599897384644,53158,0.0,0.0
2017-06-28 00:00:00-04:00,1.3486310243606567,1.388888955116272,1.3486310243606567,1.3687599897384644,69850,0.0,0.0
2017-06-29 00:00:00-04:00,1.3486310243606567,1.4090180397033691,1.3285020589828491,1.3486310243606567,99658,0.0,0.0
2017-06-30 00:00:00-04:00,1.3687599897384644,1.3687599897384644,1.3285020589828491,1.3285020589828491,100056,0.0,0.0
2017-07-03 00:00:00-04:00,1.308374047279358,1.388888955116272,1.308374047279358,1.3687599897384644,33733,0.0,0.0
2017-07-05 00:00:00-04:00,1.2882449626922607,1.3486310243606567,1.2479870319366455,1.3285020589828491,365943,0.0,0.0
2017-07-06 00:00:00-04:00,1.3486310243606567,1.3486310243606567,1.308374047279358,1.308374047279358,105322,0.0,0.0
2017-07-07 00:00:00-04:00,1.3285020589828491,1.3687599897384644,1.2882449626922607,1.3486310243606567,290429,0.0,0.0
2017-07-10 00:00:00-04:00,1.3687599897384644,1.4090180397033691,1.3486310243606567,1.4090180397033691,90716,0.0,0.0
2017-07-11 00:00:00-04:00,1.4090180397033691,1.4694039821624756,1.3687599897384644,1.4694039821624756,144668,0.0,0.0
2017-07-12 00:00:00-04:00,1.449275016784668,1.4895329475402832,1.4291470050811768,1.449275016784668,98913,0.0,0.0
2017-07-13 00:00:00-04:00,1.4694039821624756,1.5096620321273804,1.4291470050811768,1.449275016784668,177656,0.0,0.0
2017-07-14 00:00:00-04:00,1.449275016784668,1.4694039821624756,1.4090180397033691,1.449275016784668,97472,0.0,0.0
2017-07-17 00:00:00-04:00,1.4694039821624756,1.4895329475402832,1.449275016784668,1.449275016784668,119331,0.0,0.0
2017-07-18 00:00:00-04:00,1.449275016784668,1.4895329475402832,1.449275016784668,1.449275016784668,96876,0.0,0.0
2017-07-19 00:00:00-04:00,1.449275016784668,1.4694039821624756,1.4090180397033691,1.4291470050811768,87039,0.0,0.0
2017-07-20 00:00:00-04:00,1.4291470050811768,1.4694039821624756,1.4291470050811768,1.449275016784668,43222,0.0,0.0
2017-07-21 00:00:00-04:00,1.449275016784668,1.4694039821624756,1.449275016784668,1.449275016784668,91262,0.0,0.0
2017-07-24 00:00:00-04:00,1.4694039821624756,1.5499190092086792,1.449275016784668,1.529790997505188,318498,0.0,0.0
2017-07-25 00:00:00-04:00,1.529790997505188,1.6505639553070068,1.529790997505188,1.6304349899291992,363608,0.0,0.0
2017-07-26 00:00:00-04:00,1.6103060245513916,1.6304349899291992,1.5499190092086792,1.5700479745864868,155101,0.0,0.0
2017-07-27 00:00:00-04:00,1.590177059173584,1.6103060245513916,1.5499190092086792,1.5499190092086792,68757,0.0,0.0
2017-07-28 00:00:00-04:00,1.6505639553070068,1.6505639553070068,1.5499190092086792,1.590177059173584,119778,0.0,0.0
2017-07-31 00:00:00-04:00,1.6103060245513916,1.6505639553070068,1.590177059173584,1.6304349899291992,243829,0.0,0.0
2017-08-01 00:00:00-04:00,1.6505639553070068,1.6908210515975952,1.6304349899291992,1.6505639553070068,413586,0.0,0.0
2017-08-02 00:00:00-04:00,1.670691967010498,1.6908210515975952,1.6103060245513916,1.6505639553070068,308215,0.0,0.0
2017-08-03 00:00:00-04:00,1.670691967010498,1.751207947731018,1.590177059173584,1.751207947731018,592335,0.0,0.0
2017-08-04 00:00:00-04:00,1.7713370323181152,1.7713370323181152,1.6908210515975952,1.751207947731018,211537,0.0,0.0
2017-08-07 00:00:00-04:00,1.7713370323181152,1.811594009399414,1.751207947731018,1.7914650440216064,269564,0.0,0.0
2017-08-08 00:00:00-04:00,1.7713370323181152,1.811594009399414,1.7310789823532104,1.7713370323181152,200608,0.0,0.0
2017-08-09 00:00:00-04:00,1.7713370323181152,1.811594009399414,1.6908210515975952,1.7713370323181152,127230,0.0,0.0
2017-08-10 00:00:00-04:00,1.751207947731018,1.8317229747772217,1.7310789823532104,1.8317229747772217,170353,0.0,0.0
2017-08-11 00:00:00-04:00,1.7914650440216064,1.8518520593643188,1.7713370323181152,1.7713370323181152,170700,0.0,0.0
2017-08-14 00:00:00-04:00,1.7713370323181152,1.7914650440216064,1.670691967010498,1.7310789823532104,221076,0.0,0.0
2017-08-15 00:00:00-04:00,1.6908210515975952,1.7310789823532104,1.6304349899291992,1.670691967010498,124945,0.0,0.0
2017-08-16 00:00:00-04:00,1.7109500169754028,1.7109500169754028,1.6505639553070068,1.6505639553070068,45656,0.0,0.0
2017-08-17 00:00:00-04:00,1.6505639553070068,1.670691967010498,1.6505639553070068,1.670691967010498,74023,0.0,0.0
2017-08-18 00:00:00-04:00,1.670691967010498,1.7109500169754028,1.6505639553070068,1.7109500169754028,141091,0.0,0.0
2017-08-21 00:00:00-04:00,1.7310789823532104,1.7310789823532104,1.6304349899291992,1.6505639553070068,123753,0.0,0.0
2017-08-22 00:00:00-04:00,1.6505639553070068,1.7109500169754028,1.6505639553070068,1.6908210515975952,88381,0.0,0.0
2017-08-23 00:00:00-04:00,1.7109500169754028,1.7109500169754028,1.670691967010498,1.6908210515975952,86592,0.0,0.0
2017-08-24 00:00:00-04:00,1.670691967010498,1.751207947731018,1.670691967010498,1.751207947731018,142731,0.0,0.0
2017-08-25 00:00:00-04:00,1.751207947731018,1.811594009399414,1.7310789823532104,1.7713370323181152,131851,0.0,0.0
2017-08-28 00:00:00-04:00,1.811594009399414,1.8317229747772217,1.7713370323181152,1.7914650440216064,200906,0.0,0.0
2017-08-29 00:00:00-04:00,1.811594009399414,1.8518520593643188,1.7914650440216064,1.8317229747772217,202148,0.0,0.0
2017-08-30 00:00:00-04:00,1.8719810247421265,1.95249605178833,1.811594009399414,1.932366967201233,517417,0.0,0.0
2017-08-31 00:00:00-04:00,1.932366967201233,2.1135270595550537,1.932366967201233,2.033010959625244,1132704,0.0,0.0
2017-09-01 00:00:00-04:00,2.093398094177246,2.1537840366363525,2.0531399250030518,2.1135270595550537,366787,0.0,0.0
2017-09-05 00:00:00-04:00,2.133655071258545,2.1537840366363525,1.9927539825439453,2.033010959625244,323864,0.0,0.0
2017-09-06 00:00:00-04:00,1.932366967201233,2.1135270595550537,1.932366967201233,2.093398094177246,239805,0.0,0.0
2017-09-07 00:00:00-04:00,2.1135270595550537,2.355072021484375,2.0732688903808594,2.2141709327697754,1084266,0.0,0.0
2017-09-08 00:00:00-04:00,2.2946860790252686,2.355072021484375,2.2141709327697754,2.2946860790252686,634563,0.0,0.0
2017-09-11 00:00:00-04:00,2.3752009868621826,2.6771340370178223,2.334944009780884,2.6771340370178223,1375093,0.0,0.0
2017-09-12 00:00:00-04:00,2.7375199794769287,2.999195098876953,2.334944009780884,2.3953299522399902,1520556,0.0,0.0
2017-09-13 00:00:00-04:00,2.5362319946289062,2.6972620487213135,2.455717086791992,2.556360960006714,573655,0.0,0.0
2017-09-14 00:00:00-04:00,2.6570050716400146,2.6972620487213135,2.5362319946289062,2.6771340370178223,489646,0.0,0.0
2017-09-15 00:00:00-04:00,2.6570050716400146,2.8985509872436523,2.6167469024658203,2.8381640911102295,628303,0.0,0.0
2017-09-18 00:00:00-04:00,2.8985509872436523,2.958936929702759,2.8180348873138428,2.858293056488037,805412,0.0,0.0
2017-09-19 00:00:00-04:00,2.8784220218658447,2.9790658950805664,2.717391014099121,2.8381640911102295,697756,0.0,0.0
2017-09-20 00:00:00-04:00,2.8784220218658447,2.8985509872436523,2.7375199794769287,2.8180348873138428,269166,0.0,0.0
2017-09-21 00:00:00-04:00,2.7979071140289307,2.8180348873138428,2.5966179370880127,2.6771340370178223,612753,0.0,0.0
2017-09-22 00:00:00-04:00,2.6167469024658203,2.6972620487213135,2.4758450984954834,2.5161030292510986,443642,0.0,0.0
2017-09-25 00:00:00-04:00,2.5966179370880127,2.5966179370880127,2.334944009780884,2.355072021484375,444239,0.0,0.0
2017-09-26 00:00:00-04:00,2.2946860790252686,2.495974063873291,2.2946860790252686,2.4758450984954834,312189,0.0,0.0
2017-09-27 00:00:00-04:00,2.5161030292510986,2.5764899253845215,2.4355878829956055,2.495974063873291,231062,0.0,0.0
2017-09-28 00:00:00-04:00,2.5161030292510986,2.5362319946289062,2.4355878829956055,2.5362319946289062,122610,0.0,0.0
2017-09-29 00:00:00-04:00,2.5764899253845215,2.6972620487213135,2.5161030292510986,2.6570050716400146,233297,0.0,0.0
2017-10-02 00:00:00-04:00,2.6570050716400146,2.6972620487213135,2.5966179370880127,2.6771340370178223,227683,0.0,0.0
2017-10-03 00:00:00-04:00,2.717391014099121,2.717391014099121,2.5966179370880127,2.6771340370178223,408966,0.0,0.0
2017-10-04 00:00:00-04:00,2.6570050716400146,2.7576489448547363,2.5966179370880127,2.7375199794769287,197925,0.0,0.0
2017-10-05 00:00:00-04:00,2.7576489448547363,2.7979071140289307,2.6570050716400146,2.6972620487213135,250089,0.0,0.0
2017-10-06 00:00:00-04:00,2.717391014099121,2.7576489448547363,2.6972620487213135,2.7576489448547363,218592,0.0,0.0
2017-10-09 00:00:00-04:00,2.7979071140289307,2.8180348873138428,2.7576489448547363,2.777777910232544,212481,0.0,0.0
2017-10-10 00:00:00-04:00,2.8784220218658447,2.8784220218658447,2.777777910232544,2.8180348873138428,213177,0.0,0.0
2017-10-11 00:00:00-04:00,2.8985509872436523,2.8985509872436523,2.777777910232544,2.8180348873138428,245469,0.0,0.0
2017-10-12 00:00:00-04:00,2.8180348873138428,2.8381640911102295,2.717391014099121,2.717391014099121,240948,0.0,0.0
2017-10-13 00:00:00-04:00,2.717391014099121,2.717391014099121,2.6167469024658203,2.6972620487213135,179544,0.0,0.0
2017-10-16 00:00:00-04:00,2.717391014099121,2.7375199794769287,2.6570050716400146,2.717391014099121,191367,0.0,0.0
2017-10-17 00:00:00-04:00,2.717391014099121,2.7979071140289307,2.636876106262207,2.717391014099121,182773,0.0,0.0
2017-10-18 00:00:00-04:00,2.717391014099121,2.858293056488037,2.6972620487213135,2.858293056488037,359484,0.0,0.0
2017-10-19 00:00:00-04:00,2.9790658950805664,3.2004830837249756,2.858293056488037,3.2004830837249756,785192,0.0,0.0
2017-10-20 00:00:00-04:00,3.2004830837249756,3.2608699798583984,3.099838972091675,3.2004830837249756,357150,0.0,0.0
2017-10-23 00:00:00-04:00,3.2608699798583984,3.5024149417877197,3.2004830837249756,3.462157964706421,799798,0.0,0.0
2017-10-24 00:00:00-04:00,3.623188018798828,3.7439610958099365,3.079710006713867,3.1602249145507812,995388,0.0,0.0
2017-10-25 00:00:00-04:00,3.2004830837249756,3.381643056869507,3.0595810413360596,3.2809979915618896,518709,0.0,0.0
2017-10-26 00:00:00-04:00,3.2608699798583984,3.4420289993286133,3.220612049102783,3.3011269569396973,373146,0.0,0.0
2017-10-27 00:00:00-04:00,3.321255922317505,3.361514091491699,3.2809979915618896,3.2809979915618896,218741,0.0,0.0
2017-10-30 00:00:00-04:00,3.2608699798583984,3.381643056869507,3.079710006713867,3.180354118347168,371457,0.0,0.0
2017-10-31 00:00:00-04:00,3.1602249145507812,3.240741014480591,3.079710006713867,3.2004830837249756,232204,0.0,0.0
2017-11-01 00:00:00-04:00,3.2608699798583984,3.3011269569396973,3.1199679374694824,3.180354118347168,287399,0.0,0.0
2017-11-02 00:00:00-04:00,3.2004830837249756,3.240741014480591,3.099838972091675,3.220612049102783,244028,0.0,0.0
2017-11-03 00:00:00-04:00,3.2608699798583984,3.2608699798583984,2.999195098876953,3.099838972091675,692887,0.0,0.0
2017-11-06 00:00:00-05:00,2.958936929702759,3.1199679374694824,2.8381640911102295,2.9790658950805664,666258,0.0,0.0
2017-11-07 00:00:00-05:00,2.958936929702759,3.180354118347168,2.858293056488037,3.079710006713867,363956,0.0,0.0
2017-11-08 00:00:00-05:00,3.079710006713867,3.079710006713867,3.079710006713867,3.079710006713867,0,0.0,0.0
2017-11-09 00:00:00-05:00,3.4460549354553223,3.5346219539642334,3.2568440437316895,3.486311912536621,489596,0.0,0.0
2017-11-10 00:00:00-05:00,3.462157964706421,4.178743839263916,3.462157964706421,3.993558883666992,861451,0.0,0.0
2017-11-13 00:00:00-05:00,4.174717903137207,4.178743839263916,3.683574914932251,3.812398910522461,783702,0.0,0.0
2017-11-14 00:00:00-05:00,3.7882449626922607,3.824476957321167,3.599034070968628,3.603060007095337,670680,0.0,0.0
2017-11-15 00:00:00-05:00,3.4460549354553223,3.5185189247131348,3.083735942840576,3.1682770252227783,1029370,0.0,0.0
2017-11-16 00:00:00-05:00,3.1561999320983887,3.590981960296631,3.091787099838257,3.3776168823242188,592931,0.0,0.0
2017-11-17 00:00:00-05:00,3.4782609939575195,3.7479870319366455,3.381643056869507,3.6956520080566406,587714,0.0,0.0
2017-11-20 00:00:00-05:00,3.7439610958099365,3.957326889038086,3.7238330841064453,3.8526570796966553,756130,0.0,0.0
2017-11-21 00:00:00-05:00,3.989532947540283,4.057971000671387,3.735909938812256,3.824476957321167,538034,0.0,0.0
2017-11-22 00:00:00-05:00,3.8808369636535645,3.949275016784668,3.7439610958099365,3.8848628997802734,298825,0.0,0.0
2017-11-24 00:00:00-05:00,3.824476957321167,3.9371979236602783,3.820451021194458,3.8888890743255615,83214,0.0,0.0
2017-11-27 00:00:00-05:00,3.993558883666992,4.182769775390625,3.9210948944091797,4.170691967010498,646834,0.0,0.0
2017-11-28 00:00:00-05:00,4.323670864105225,4.371981143951416,4.0257649421691895,4.323670864105225,630191,0.0,0.0
2017-11-29 00:00:00-05:00,4.404187202453613,4.408213138580322,3.909018039703369,4.086151123046875,730793,0.0,0.0
2017-11-30 00:00:00-05:00,4.1103057861328125,4.331723213195801,4.0217390060424805,4.11433219909668,630439,0.0,0.0
2017-12-01 00:00:00-05:00,4.315619945526123,4.339775085449219,4.1103057861328125,4.206923961639404,520895,0.0,0.0
2017-12-04 00:00:00-05:00,4.198873043060303,4.2954912185668945,3.9774560928344727,4.005636215209961,776250,0.0,0.0
2017-12-05 00:00:00-05:00,3.9975850582122803,4.138485908508301,3.7801930904388428,3.8003220558166504,594918,0.0,0.0
2017-12-06 00:00:00-05:00,3.760063886642456,3.760063886642456,3.603060007095337,3.6392910480499268,509220,0.0,0.0
2017-12-07 00:00:00-05:00,3.5869569778442383,3.9412240982055664,3.5748789310455322,3.7801930904388428,684839,0.0,0.0
2017-12-08 00:00:00-05:00,3.820451021194458,3.9130430221557617,3.7439610958099365,3.7922708988189697,470221,0.0,0.0
2017-12-11 00:00:00-05:00,3.7922708988189697,3.8003220558166504,3.635266065597534,3.7842190265655518,259330,0.0,0.0
2017-12-12 00:00:00-05:00,3.7801930904388428,3.8566830158233643,3.739936113357544,3.768115997314453,275724,0.0,0.0
2017-12-13 00:00:00-05:00,3.675523042678833,3.7882449626922607,3.655395030975342,3.655395030975342,463514,0.0,0.0
2017-12-14 00:00:00-05:00,3.623188018798828,3.7077291011810303,3.5346219539642334,3.5748789310455322,777244,0.0,0.0
2017-12-15 00:00:00-05:00,3.5829310417175293,3.5829310417175293,3.216586112976074,3.317229986190796,1203250,0.0,0.0
2017-12-18 00:00:00-05:00,3.349436044692993,3.675523042678833,3.276973009109497,3.6714980602264404,973480,0.0,0.0
2017-12-19 00:00:00-05:00,3.7037041187286377,3.760063886642456,3.59500789642334,3.6392910480499268,252623,0.0,0.0
2017-12-20 00:00:00-05:00,3.6634459495544434,3.6634459495544434,3.4742350578308105,3.5305960178375244,267278,0.0,0.0
2017-12-21 00:00:00-05:00,3.5628020763397217,3.5708529949188232,3.454106092453003,3.4702088832855225,261068,0.0,0.0
2017-12-22 00:00:00-05:00,3.46618390083313,3.4742350578308105,3.361514091491699,3.405797004699707,263801,0.0,0.0
2017-12-26 00:00:00-05:00,3.5305960178375244,3.5346219539642334,3.3454110622406006,3.381643056869507,133639,0.0,0.0
2017-12-27 00:00:00-05:00,3.4500811100006104,3.4500811100006104,3.353461980819702,3.369565010070801,191020,0.0,0.0
2017-12-28 00:00:00-05:00,3.3776168823242188,3.623188018798828,3.365539073944092,3.4822869300842285,510710,0.0,0.0
2017-12-29 00:00:00-05:00,3.6151371002197266,3.623188018798828,3.4782609939575195,3.5789051055908203,404644,0.0,0.0
2018-01-02 00:00:00-05:00,3.5869569778442383,3.739936113357544,3.542673110961914,3.679548978805542,463266,0.0,0.0
2018-01-03 00:00:00-05:00,3.8365540504455566,3.8365540504455566,3.4822869300842285,3.5869569778442383,532570,0.0,0.0
2018-01-04 00:00:00-05:00,3.5829310417175293,3.590981960296631,3.4742350578308105,3.590981960296631,239209,0.0,0.0
2018-01-05 00:00:00-05:00,3.6996779441833496,3.985507011413574,3.59500789642334,3.9130430221557617,639382,0.0,0.0
2018-01-08 00:00:00-05:00,4.0257649421691895,4.082126140594482,3.9331719875335693,4.033815860748291,847292,0.0,0.0
2018-01-09 00:00:00-05:00,3.9734299182891846,4.182769775390625,3.949275016784668,3.985507011413574,584734,0.0,0.0
2018-01-10 00:00:00-05:00,3.9653780460357666,3.9774560928344727,3.7842190265655518,3.8325281143188477,486864,0.0,0.0
2018-01-11 00:00:00-05:00,3.8365540504455566,3.8365540504455566,3.5265700817108154,3.59500789642334,1004530,0.0,0.0
2018-01-12 00:00:00-05:00,3.675523042678833,3.675523042678833,3.59500789642334,3.655395030975342,551696,0.0,0.0
2018-01-16 00:00:00-05:00,3.683574914932251,3.816425085067749,3.5185189247131348,3.5708529949188232,1086750,0.0,0.0
2018-01-17 00:00:00-05:00,3.550724983215332,3.655395030975342,3.413849115371704,3.5024149417877197,662483,0.0,0.0
2018-01-18 00:00:00-05:00,3.381643056869507,3.381643056869507,2.8180348873138428,2.9790658950805664,3383456,0.0,0.0
2018-01-19 00:00:00-05:00,3.003221035003662,3.2045090198516846,2.91867995262146,3.1159420013427734,954353,0.0,0.0
2018-01-22 00:00:00-05:00,3.091787099838257,3.220612049102783,2.95491099357605,3.003221035003662,1338876,0.0,0.0
2018-01-23 00:00:00-05:00,3.0595810413360596,3.0716590881347656,2.9830920696258545,2.991142988204956,689310,0.0,0.0
2018-01-24 00:00:00-05:00,2.9830920696258545,3.0595810413360596,2.91867995262146,2.966989040374756,363658,0.0,0.0
2018-01-25 00:00:00-05:00,2.966989040374756,2.966989040374756,2.966989040374756,2.966989040374756,0,0.0,0.0
2018-01-26 00:00:00-05:00,3.099838972091675,3.099838972091675,2.9750399589538574,2.9871180057525635,392720,0.0,0.0
2018-01-29 00:00:00-05:00,3.0676329135894775,3.0676329135894775,2.809983968734741,2.8421900272369385,1338628,0.0,0.0
2018-01-30 00:00:00-05:00,2.809983968734741,2.822061061859131,2.556360960006714,2.781804084777832,1291680,0.0,0.0
2018-01-31 00:00:00-05:00,2.745572090148926,2.8059580326080322,2.6610310077667236,2.7375199794769287,945659,0.0,0.0
2018-02-01 00:00:00-05:00,2.6771340370178223,2.8059580326080322,2.632849931716919,2.6972620487213135,495806,0.0,0.0
2018-02-02 00:00:00-05:00,2.6570050716400146,2.6570050716400146,2.4758450984954834,2.5402579307556152,1186607,0.0,0.0
2018-02-05 00:00:00-05:00,2.5,2.584541082382202,2.3228659629821777,2.5120770931243896,854993,0.0,0.0
2018-02-06 00:00:00-05:00,2.419485092163086,2.8703699111938477,2.3832530975341797,2.8019320964813232,1098922,0.0,0.0
2018-02-07 00:00:00-05:00,2.8985509872436523,2.9508860111236572,2.7858290672302246,2.82608699798584,664718,0.0,0.0
2018-02-08 00:00:00-05:00,2.8421900272369385,2.938807964324951,2.777777910232544,2.8341379165649414,409612,0.0,0.0
2018-02-09 00:00:00-05:00,2.906601905822754,2.906601905822754,2.6207730770111084,2.7536230087280273,627458,0.0,0.0
2018-02-12 00:00:00-05:00,2.8381640911102295,2.8381640911102295,2.665055990219116,2.681159019470215,370861,0.0,0.0
2018-02-13 00:00:00-05:00,2.685184955596924,2.8784220218658447,2.681159019470215,2.8381640911102295,560390,0.0,0.0
2018-02-14 00:00:00-05:00,2.858293056488037,3.055556058883667,2.830112934112549,3.051529884338379,498042,0.0,0.0
2018-02-15 00:00:00-05:00,3.1119160652160645,3.1682770252227783,2.999195098876953,3.1441218852996826,967021,0.0,0.0
2018-02-16 00:00:00-05:00,3.240741014480591,3.240741014480591,2.910628080368042,3.0193240642547607,780970,0.0,0.0
2018-02-20 00:00:00-05:00,3.0193240642547607,3.0193240642547607,2.7495970726013184,2.81400990486145,694278,0.0,0.0
2018-02-21 00:00:00-05:00,2.914654016494751,3.0636069774627686,2.777777910232544,2.8180348873138428,405389,0.0,0.0
2018-02-22 00:00:00-05:00,2.862318992614746,2.862318992614746,2.777777910232544,2.7979071140289307,293609,0.0,0.0
2018-02-23 00:00:00-05:00,2.858293056488037,2.9508860111236572,2.82608699798584,2.8784220218658447,200459,0.0,0.0
2018-02-26 00:00:00-05:00,2.8381640911102295,2.8703699111938477,2.62882399559021,2.6771340370178223,820962,0.0,0.0
2018-02-27 00:00:00-05:00,2.8019320964813232,2.8019320964813232,2.6167469024658203,2.632849931716919,388498,0.0,0.0
2018-02-28 00:00:00-05:00,2.6127209663391113,2.6247990131378174,2.5201289653778076,2.5241549015045166,830898,0.0,0.0
2018-03-01 00:00:00-05:00,2.528179883956909,2.6046700477600098,2.4637680053710938,2.588567018508911,453578,0.0,0.0
2018-03-02 00:00:00-05:00,2.5,2.5402579307556152,2.4597420692443848,2.4879229068756104,505494,0.0,0.0
2018-03-05 00:00:00-05:00,2.4758450984954834,2.508052110671997,2.4355878829956055,2.4758450984954834,590944,0.0,0.0
2018-03-06 00:00:00-05:00,2.4838969707489014,2.5201289653778076,2.443639039993286,2.491947889328003,643356,0.0,0.0
2018-03-07 00:00:00-05:00,2.4758450984954834,2.5322060585021973,2.443639039993286,2.528179883956909,319194,0.0,0.0
2018-03-08 00:00:00-05:00,2.580514907836914,2.580514907836914,2.4637680053710938,2.5161030292510986,277960,0.0,0.0
2018-03-09 00:00:00-05:00,2.5322060585021973,2.62882399559021,2.5161030292510986,2.556360960006714,424764,0.0,0.0
2018-03-12 00:00:00-04:00,2.600644111633301,2.7012879848480225,2.5764899253845215,2.644927978515625,484132,0.0,0.0
2018-03-13 00:00:00-04:00,2.689210891723633,2.7375199794769287,2.632849931716919,2.6529788970947266,670680,0.0,0.0
2018-03-14 00:00:00-04:00,2.636876106262207,2.7133660316467285,2.600644111633301,2.685184955596924,259826,0.0,0.0
2018-03-15 00:00:00-04:00,2.685184955596924,2.6972620487213135,2.584541082382202,2.632849931716919,252126,0.0,0.0
2018-03-16 00:00:00-04:00,2.6086959838867188,2.6570050716400146,2.588567018508911,2.62882399559021,865177,0.0,0.0
2018-03-19 00:00:00-04:00,2.580514907836914,2.584541082382202,2.4637680053710938,2.4798710346221924,635904,0.0,0.0
2018-03-20 00:00:00-04:00,2.4315619468688965,2.471820116043091,2.419485092163086,2.451690912246704,426254,0.0,0.0
2018-03-21 00:00:00-04:00,2.451690912246704,2.5201289653778076,2.415458917617798,2.508052110671997,425758,0.0,0.0
2018-03-22 00:00:00-04:00,2.4798710346221924,2.5120770931243896,2.455717086791992,2.4798710346221924,705953,0.0,0.0
2018-03-23 00:00:00-04:00,2.471820116043091,2.5,2.4275360107421875,2.4396140575408936,259578,0.0,0.0
2018-03-26 00:00:00-04:00,2.447664976119995,2.4597420692443848,2.3389689922332764,2.3510470390319824,372103,0.0,0.0
2018-03-27 00:00:00-04:00,2.3953299522399902,2.3953299522399902,2.0692429542541504,2.089371919631958,1911438,0.0,0.0
2018-03-28 00:00:00-04:00,2.0732688903808594,2.08132004737854,1.9001610279083252,2.0128819942474365,1785002,0.0,0.0
2018-03-29 00:00:00-04:00,2.041063070297241,2.1980679035186768,1.9363930225372314,2.1819651126861572,843318,0.0,0.0
2018-04-02 00:00:00-04:00,2.1819651126861572,2.1980679035186768,2.037036895751953,2.061192035675049,326398,0.0,0.0
2018-04-03 00:00:00-04:00,2.0652170181274414,2.089371919631958,1.9806760549545288,2.008857011795044,348008,0.0,0.0
2018-04-04 00:00:00-04:00,2.000804901123047,2.000804901123047,1.9122380018234253,1.996778964996338,305532,0.0,0.0
2018-04-05 00:00:00-04:00,1.996778964996338,2.1095008850097656,1.996778964996338,2.089371919631958,627955,0.0,0.0
2018-04-06 00:00:00-04:00,2.085345983505249,2.2383251190185547,2.0531399250030518,2.1578099727630615,508475,0.0,0.0
2018-04-09 00:00:00-04:00,2.1940419673919678,2.2423510551452637,2.133655071258545,2.133655071258545,414828,0.0,0.0
2018-04-10 00:00:00-04:00,2.177938938140869,2.318840980529785,2.145733118057251,2.270530939102173,359683,0.0,0.0
2018-04-11 00:00:00-04:00,2.2987120151519775,2.3752009868621826,2.2584540843963623,2.2946860790252686,589205,0.0,0.0
2018-04-12 00:00:00-04:00,2.2906599044799805,2.330918073654175,2.1940419673919678,2.226248025894165,298328,0.0,0.0
2018-04-13 00:00:00-04:00,2.2061190605163574,2.234299898147583,2.133655071258545,2.1537840366363525,223063,0.0,0.0
2018-04-16 00:00:00-04:00,2.1618359088897705,2.18599009513855,2.0692429542541504,2.1054749488830566,461527,0.0,0.0
2018-04-17 00:00:00-04:00,2.1054749488830566,2.2061190605163574,2.097424030303955,2.133655071258545,272495,0.0,0.0
2018-04-18 00:00:00-04:00,2.141706943511963,2.2906599044799805,2.133655071258545,2.2383251190185547,635407,0.0,0.0
2018-04-19 00:00:00-04:00,2.2866339683532715,2.3429949283599854,2.2061190605163574,2.282608985900879,423522,0.0,0.0
2018-04-20 00:00:00-04:00,2.282608985900879,2.2946860790252686,2.222222089767456,2.2504029273986816,329130,0.0,0.0
2018-04-23 00:00:00-04:00,2.226248025894165,2.2584540843963623,2.141706943511963,2.1658620834350586,286405,0.0,0.0
2018-04-24 00:00:00-04:00,2.1658620834350586,2.2383251190185547,2.133655071258545,2.177938938140869,225050,0.0,0.0
2018-04-25 00:00:00-04:00,2.2061190605163574,2.2061190605163574,2.0732688903808594,2.089371919631958,373842,0.0,0.0
2018-04-26 00:00:00-04:00,2.085345983505249,2.1095008850097656,2.0732688903808594,2.085345983505249,192758,0.0,0.0
2018-04-27 00:00:00-04:00,2.08132004737854,2.1054749488830566,2.04508900642395,2.05716609954834,221324,0.0,0.0
2018-04-30 00:00:00-04:00,2.04508900642395,2.1054749488830566,2.041063070297241,2.05716609954834,266782,0.0,0.0
2018-05-01 00:00:00-04:00,2.061192035675049,2.085345983505249,2.04508900642395,2.0531399250030518,93647,0.0,0.0
2018-05-02 00:00:00-04:00,2.0531399250030518,2.093398094177246,2.0531399250030518,2.061192035675049,188784,0.0,0.0
2018-05-03 00:00:00-04:00,2.085345983505249,2.097424030303955,2.004831075668335,2.004831075668335,353722,0.0,0.0
2018-05-04 00:00:00-04:00,2.004831075668335,2.1296300888061523,1.996778964996338,2.1215779781341553,288889,0.0,0.0
2018-05-07 00:00:00-04:00,2.133655071258545,2.226248025894165,2.133655071258545,2.1537840366363525,407128,0.0,0.0
2018-05-08 00:00:00-04:00,2.133655071258545,2.137681007385254,2.041063070297241,2.04508900642395,406134,0.0,0.0
2018-05-09 00:00:00-04:00,2.093398094177246,2.1296300888061523,2.0209341049194336,2.037036895751953,417560,0.0,0.0
2018-05-10 00:00:00-04:00,2.1054749488830566,2.2020928859710693,2.0652170181274414,2.1819651126861572,467737,0.0,0.0
2018-05-11 00:00:00-04:00,2.18599009513855,2.2504029273986816,2.17391300201416,2.2020928859710693,255107,0.0,0.0
2018-05-14 00:00:00-04:00,2.2463769912719727,2.3228659629821777,2.1819651126861572,2.2061190605163574,746194,0.0,0.0
2018-05-15 00:00:00-04:00,2.2061190605163574,2.4355878829956055,2.1578099727630615,2.415458917617798,728309,0.0,0.0
2018-05-16 00:00:00-04:00,2.4355878829956055,2.7133660316467285,2.4275360107421875,2.7053139209747314,1273795,0.0,0.0
2018-05-17 00:00:00-04:00,2.7536230087280273,2.765700101852417,2.632849931716919,2.6570050716400146,713653,0.0,0.0
2018-05-18 00:00:00-04:00,2.6610310077667236,2.6610310077667236,2.4275360107421875,2.5966179370880127,632178,0.0,0.0
2018-05-21 00:00:00-04:00,2.6167469024658203,2.6167469024658203,2.4798710346221924,2.5201289653778076,308016,0.0,0.0
2018-05-22 00:00:00-04:00,2.5684380531311035,2.6046700477600098,2.3953299522399902,2.447664976119995,628949,0.0,0.0
2018-05-23 00:00:00-04:00,2.4033820629119873,2.4396140575408936,2.306762933731079,2.3470211029052734,633172,0.0,0.0
2018-05-24 00:00:00-04:00,2.355072021484375,2.3832530975341797,2.2383251190185547,2.274557113647461,584237,0.0,0.0
2018-05-25 00:00:00-04:00,2.274557113647461,2.3268918991088867,2.1980679035186768,2.230273962020874,494564,0.0,0.0
2018-05-29 00:00:00-04:00,2.230273962020874,2.230273962020874,2.1175520420074463,2.1256039142608643,286654,0.0,0.0
2018-05-30 00:00:00-04:00,2.133655071258545,2.2423510551452637,2.133655071258545,2.2141709327697754,361919,0.0,0.0
2018-05-31 00:00:00-04:00,2.2141709327697754,2.218195915222168,2.1256039142608643,2.141706943511963,303545,0.0,0.0
2018-06-01 00:00:00-04:00,2.1618359088897705,2.1980679035186768,2.1215779781341553,2.18599009513855,358193,0.0,0.0
2018-06-04 00:00:00-04:00,2.226248025894165,2.234299898147583,2.1658620834350586,2.169887065887451,167670,0.0,0.0
2018-06-05 00:00:00-04:00,2.1497581005096436,2.27858304977417,2.1497581005096436,2.2665059566497803,372600,0.0,0.0
2018-06-06 00:00:00-04:00,2.306762933731079,2.314815044403076,2.2020928859710693,2.2504029273986816,315965,0.0,0.0
2018-06-07 00:00:00-04:00,2.2463769912719727,2.3429949283599854,2.234299898147583,2.334944009780884,502762,0.0,0.0
2018-06-08 00:00:00-04:00,2.314815044403076,2.40740704536438,2.270530939102173,2.27858304977417,351734,0.0,0.0
2018-06-11 00:00:00-04:00,2.27858304977417,2.3389689922332764,2.2101449966430664,2.218195915222168,470470,0.0,0.0
2018-06-12 00:00:00-04:00,2.222222089767456,2.222222089767456,2.1497581005096436,2.1578099727630615,522137,0.0,0.0
2018-06-13 00:00:00-04:00,2.17391300201416,2.18599009513855,2.1014490127563477,2.1296300888061523,722844,0.0,0.0
2018-06-14 00:00:00-04:00,2.1296300888061523,2.1578099727630615,2.085345983505249,2.089371919631958,542257,0.0,0.0
2018-06-15 00:00:00-04:00,2.0772950649261475,2.089371919631958,2.0128819942474365,2.085345983505249,575791,0.0,0.0
2018-06-18 00:00:00-04:00,2.097424030303955,2.226248025894165,2.0249600410461426,2.226248025894165,527353,0.0,0.0
2018-06-19 00:00:00-04:00,2.226248025894165,2.226248025894165,2.089371919631958,2.1618359088897705,467240,0.0,0.0
2018-06-20 00:00:00-04:00,2.1618359088897705,2.1980679035186768,2.1135270595550537,2.133655071258545,314971,0.0,0.0
2018-06-21 00:00:00-04:00,2.145733118057251,2.1980679035186768,2.1135270595550537,2.1940419673919678,667948,0.0,0.0
2018-06-22 00:00:00-04:00,2.226248025894165,2.3027379512786865,2.2141709327697754,2.2987120151519775,931500,0.0,0.0
2018-06-25 00:00:00-04:00,2.310789108276367,2.330918073654175,2.145733118057251,2.1819651126861572,591689,0.0,0.0
2018-06-26 00:00:00-04:00,2.2141709327697754,2.226248025894165,2.137681007385254,2.145733118057251,397688,0.0,0.0
2018-06-27 00:00:00-04:00,2.222222089767456,2.222222089767456,2.1256039142608643,2.137681007385254,561136,0.0,0.0
2018-06-28 00:00:00-04:00,2.141706943511963,2.1578099727630615,2.089371919631958,2.1135270595550537,392224,0.0,0.0
2018-06-29 00:00:00-04:00,2.1175520420074463,2.1940419673919678,2.1135270595550537,2.169887065887451,245419,0.0,0.0
2018-07-02 00:00:00-04:00,2.1980679035186768,2.230273962020874,2.1256039142608643,2.1296300888061523,335092,0.0,0.0
2018-07-03 00:00:00-04:00,2.1497581005096436,2.1940419673919678,2.1256039142608643,2.1497581005096436,208656,0.0,0.0
2018-07-05 00:00:00-04:00,2.1497581005096436,2.1819651126861572,2.08132004737854,2.1014490127563477,357696,0.0,0.0
2018-07-06 00:00:00-04:00,2.0732688903808594,2.133655071258545,2.0732688903808594,2.097424030303955,247655,0.0,0.0
2018-07-09 00:00:00-04:00,2.089371919631958,2.1256039142608643,2.085345983505249,2.1014490127563477,335837,0.0,0.0
2018-07-10 00:00:00-04:00,2.1014490127563477,2.1256039142608643,2.093398094177246,2.1054749488830566,201701,0.0,0.0
2018-07-11 00:00:00-04:00,2.1175520420074463,2.1175520420074463,2.061192035675049,2.0692429542541504,281189,0.0,0.0
2018-07-12 00:00:00-04:00,2.0772950649261475,2.097424030303955,2.0652170181274414,2.0732688903808594,174377,0.0,0.0
2018-07-13 00:00:00-04:00,2.089371919631958,2.097424030303955,2.0732688903808594,2.08132004737854,185803,0.0,0.0
2018-07-16 00:00:00-04:00,2.0732688903808594,2.093398094177246,2.0169079303741455,2.0491139888763428,492577,0.0,0.0
2018-07-17 00:00:00-04:00,2.0491139888763428,2.0732688903808594,2.0169079303741455,2.033010959625244,221821,0.0,0.0
2018-07-18 00:00:00-04:00,2.0209341049194336,2.033010959625244,2.000804901123047,2.008857011795044,474941,0.0,0.0
2018-07-19 00:00:00-04:00,2.004831075668335,2.004831075668335,1.932366967201233,1.944443941116333,515678,0.0,0.0
2018-07-20 00:00:00-04:00,1.9484699964523315,1.9685989618301392,1.8558779954910278,1.863929033279419,544741,0.0,0.0
2018-07-23 00:00:00-04:00,1.8437999486923218,1.8840579986572266,1.8196460008621216,1.8317229747772217,363906,0.0,0.0
2018-07-24 00:00:00-04:00,1.8196460008621216,1.867954969406128,1.811594009399414,1.815619945526123,556664,0.0,0.0
2018-07-25 00:00:00-04:00,1.811594009399414,1.8357490301132202,1.7109500169754028,1.7270530462265015,858222,0.0,0.0
2018-07-26 00:00:00-04:00,1.7190020084381104,1.751207947731018,1.6908210515975952,1.723026990890503,412096,0.0,0.0
2018-07-27 00:00:00-04:00,1.6988730430603027,1.7310789823532104,1.6103060245513916,1.6264090538024902,510214,0.0,0.0
2018-07-30 00:00:00-04:00,1.6304349899291992,1.6304349899291992,1.4090180397033691,1.4653780460357666,1662293,0.0,0.0
2018-07-31 00:00:00-04:00,1.4653780460357666,1.594202995300293,1.4653780460357666,1.5458940267562866,629446,0.0,0.0
2018-08-01 00:00:00-04:00,1.5499190092086792,1.5579710006713867,1.5016100406646729,1.5056359767913818,449852,0.0,0.0
2018-08-02 00:00:00-04:00,1.5338159799575806,1.6143319606781006,1.4935590028762817,1.5740740299224854,442400,0.0,0.0
2018-08-03 00:00:00-04:00,1.5338159799575806,1.6304349899291992,1.5338159799575806,1.590177059173584,588211,0.0,0.0
2018-08-06 00:00:00-04:00,1.594202995300293,1.6304349899291992,1.590177059173584,1.6143319606781006,163199,0.0,0.0
2018-08-07 00:00:00-04:00,1.6304349899291992,1.6304349899291992,1.5539449453353882,1.5579710006713867,480157,0.0,0.0
2018-08-08 00:00:00-04:00,1.594202995300293,1.594202995300293,1.4935590028762817,1.5016100406646729,459292,0.0,0.0
2018-08-09 00:00:00-04:00,1.4895329475402832,1.541867971420288,1.4895329475402832,1.5217390060424805,498539,0.0,0.0
2018-08-10 00:00:00-04:00,1.5016100406646729,1.517712950706482,1.4855070114135742,1.5056359767913818,317207,0.0,0.0
2018-08-13 00:00:00-04:00,1.4895329475402832,1.5096620321273804,1.4130430221557617,1.4331719875335693,667451,0.0,0.0
2018-08-14 00:00:00-04:00,1.4855070114135742,1.7270530462265015,1.4613529443740845,1.6908210515975952,1858280,0.0,0.0
2018-08-15 00:00:00-04:00,1.7028989791870117,1.7109500169754028,1.5257649421691895,1.5740740299224854,959321,0.0,0.0
2018-08-16 00:00:00-04:00,1.6425119638442993,1.6465380191802979,1.5096620321273804,1.541867971420288,412592,0.0,0.0
2018-08-17 00:00:00-04:00,1.5660229921340942,1.6465380191802979,1.529790997505188,1.6183569431304932,412592,0.0,0.0
2018-08-20 00:00:00-04:00,1.6223829984664917,1.7270530462265015,1.6223829984664917,1.6948469877243042,341550,0.0,0.0
2018-08-21 00:00:00-04:00,1.7109500169754028,1.7190020084381104,1.6264090538024902,1.6787439584732056,277463,0.0,0.0
2018-08-22 00:00:00-04:00,1.6666669845581055,1.7028989791870117,1.6465380191802979,1.6666669845581055,346766,0.0,0.0
2018-08-23 00:00:00-04:00,1.6384860277175903,1.682770013809204,1.6304349899291992,1.6505639553070068,302551,0.0,0.0
2018-08-24 00:00:00-04:00,1.682770013809204,1.7190020084381104,1.6425119638442993,1.682770013809204,369868,0.0,0.0
2018-08-27 00:00:00-04:00,1.7109500169754028,1.944443941116333,1.6908210515975952,1.9243160486221313,1246223,0.0,0.0
2018-08-28 00:00:00-04:00,1.9726250171661377,2.08132004737854,1.9243160486221313,1.9887280464172363,1166983,0.0,0.0
2018-08-29 00:00:00-04:00,1.9887280464172363,1.9887280464172363,1.8518520593643188,1.8719810247421265,644598,0.0,0.0
2018-08-30 00:00:00-04:00,1.8961349725723267,2.004831075668335,1.8719810247421265,1.9122380018234253,1393772,0.0,0.0
2018-08-31 00:00:00-04:00,1.9806760549545288,1.9887280464172363,1.8558779954910278,1.9202899932861328,454820,0.0,0.0
2018-09-04 00:00:00-04:00,1.8840579986572266,1.9122380018234253,1.7109500169754028,1.7793879508972168,716634,0.0,0.0
2018-09-05 00:00:00-04:00,1.7632850408554077,1.7673109769821167,1.590177059173584,1.6103060245513916,834624,0.0,0.0
2018-09-06 00:00:00-04:00,1.6223829984664917,1.7310789823532104,1.5619970560073853,1.5821260213851929,452336,0.0,0.0
2018-09-07 00:00:00-04:00,1.5499190092086792,1.6505639553070068,1.5499190092086792,1.6384860277175903,362912,0.0,0.0
2018-09-10 00:00:00-04:00,1.6223829984664917,1.6505639553070068,1.6103060245513916,1.6304349899291992,258584,0.0,0.0
2018-09-11 00:00:00-04:00,1.6304349899291992,1.6304349899291992,1.5499190092086792,1.6183569431304932,320933,0.0,0.0
2018-09-12 00:00:00-04:00,1.5982290506362915,1.6505639553070068,1.541867971420288,1.5780999660491943,477673,0.0,0.0
2018-09-13 00:00:00-04:00,1.5780999660491943,1.6103060245513916,1.5499190092086792,1.5539449453353882,299819,0.0,0.0
2018-09-14 00:00:00-04:00,1.5660229921340942,1.6908210515975952,1.529790997505188,1.6787439584732056,535054,0.0,0.0
2018-09-17 00:00:00-04:00,1.6988730430603027,1.7028989791870117,1.590177059173584,1.6143319606781006,698501,0.0,0.0
2018-09-18 00:00:00-04:00,1.6344610452651978,1.6344610452651978,1.5740740299224854,1.5982290506362915,402160,0.0,0.0
2018-09-19 00:00:00-04:00,1.5821260213851929,1.6988730430603027,1.5821260213851929,1.6867949962615967,694278,0.0,0.0
2018-09-20 00:00:00-04:00,1.7069239616394043,1.8357490301132202,1.6948469877243042,1.8196460008621216,684094,0.0,0.0
2018-09-21 00:00:00-04:00,1.811594009399414,1.9927539825439453,1.811594009399414,1.9847019910812378,1319998,0.0,0.0
2018-09-24 00:00:00-04:00,2.0128819942474365,2.061192035675049,1.9887280464172363,2.0289859771728516,801338,0.0,0.0
2018-09-25 00:00:00-04:00,2.0531399250030518,2.0531399250030518,1.8840579986572266,1.9122380018234253,1062407,0.0,0.0
2018-09-26 00:00:00-04:00,1.867954969406128,1.9645730257034302,1.867954969406128,1.9202899932861328,282182,0.0,0.0
2018-09-27 00:00:00-04:00,1.932366967201233,1.95249605178833,1.892109990119934,1.9243160486221313,168664,0.0,0.0
2018-09-28 00:00:00-04:00,1.9202899932861328,1.944443941116333,1.876006007194519,1.932366967201233,213127,0.0,0.0
2018-10-01 00:00:00-04:00,1.9927539825439453,1.9927539825439453,1.892109990119934,1.9082130193710327,220828,0.0,0.0
2018-10-02 00:00:00-04:00,1.9122380018234253,1.9363930225372314,1.7914650440216064,1.803542971611023,305035,0.0,0.0
2018-10-03 00:00:00-04:00,1.8518520593643188,1.8518520593643188,1.7954909801483154,1.7954909801483154,210395,0.0,0.0
2018-10-04 00:00:00-04:00,1.8196460008621216,1.8236709833145142,1.7109500169754028,1.7190020084381104,327391,0.0,0.0
2018-10-05 00:00:00-04:00,1.7552330493927002,1.7834140062332153,1.658614993095398,1.682770013809204,228031,0.0,0.0
2018-10-08 00:00:00-04:00,1.6747180223464966,1.7270530462265015,1.6747180223464966,1.7270530462265015,181084,0.0,0.0
2018-10-09 00:00:00-04:00,1.6988730430603027,1.7270530462265015,1.6344610452651978,1.670691967010498,378810,0.0,0.0
2018-10-10 00:00:00-04:00,1.6626410484313965,1.6626410484313965,1.594202995300293,1.6465380191802979,552690,0.0,0.0
2018-10-11 00:00:00-04:00,1.594202995300293,1.6384860277175903,1.590177059173584,1.6223829984664917,359932,0.0,0.0
2018-10-12 00:00:00-04:00,1.6626410484313965,1.6908210515975952,1.6143319606781006,1.6264090538024902,275227,0.0,0.0
2018-10-15 00:00:00-04:00,1.6384860277175903,1.6626410484313965,1.5982290506362915,1.6304349899291992,246164,0.0,0.0
2018-10-16 00:00:00-04:00,1.6304349899291992,1.6465380191802979,1.6103060245513916,1.6425119638442993,372352,0.0,0.0
2018-10-17 00:00:00-04:00,1.6787439584732056,1.682770013809204,1.6103060245513916,1.658614993095398,202446,0.0,0.0
2018-10-18 00:00:00-04:00,1.658614993095398,1.682770013809204,1.5780999660491943,1.594202995300293,428738,0.0,0.0
2018-10-19 00:00:00-04:00,1.6143319606781006,1.6223829984664917,1.5217390060424805,1.5660229921340942,445133,0.0,0.0
2018-10-22 00:00:00-04:00,1.5700479745864868,1.606279969215393,1.541867971420288,1.5821260213851929,276718,0.0,0.0
2018-10-23 00:00:00-04:00,1.5660229921340942,1.5660229921340942,1.4895329475402832,1.5539449453353882,512698,0.0,0.0
2018-10-24 00:00:00-04:00,1.5096620321273804,1.594202995300293,1.5096620321273804,1.5700479745864868,582995,0.0,0.0
2018-10-25 00:00:00-04:00,1.5700479745864868,1.594202995300293,1.4935590028762817,1.5056359767913818,355709,0.0,0.0
2018-10-26 00:00:00-04:00,1.4734300374984741,1.5016100406646729,1.4251209497451782,1.453300952911377,341550,0.0,0.0
2018-10-29 00:00:00-04:00,1.4694039821624756,1.4895329475402832,1.3566830158233643,1.3687599897384644,637394,0.0,0.0
2018-10-30 00:00:00-04:00,1.3768119812011719,1.4251209497451782,1.2359100580215454,1.2801929712295532,1332666,0.0,0.0
2018-10-31 00:00:00-04:00,1.2681159973144531,1.3123990297317505,1.2238329648971558,1.2962960004806519,582746,0.0,0.0
2018-11-01 00:00:00-04:00,1.4090180397033691,1.4975850582122803,1.3285020589828491,1.4935590028762817,1106125,0.0,0.0
2018-11-02 00:00:00-04:00,1.517712950706482,1.6908210515975952,1.5016100406646729,1.670691967010498,963792,0.0,0.0
2018-11-05 00:00:00-05:00,1.735105037689209,1.7552330493927002,1.6787439584732056,1.7431559562683105,562129,0.0,0.0
2018-11-06 00:00:00-05:00,1.7954909801483154,1.876006007194519,1.747182011604309,1.7834140062332153,875362,0.0,0.0
2018-11-07 00:00:00-05:00,1.8478260040283203,1.8518520593643188,1.6787439584732056,1.7552330493927002,707443,0.0,0.0
2018-11-08 00:00:00-05:00,1.7069239616394043,1.7391300201416016,1.6103060245513916,1.6183569431304932,493074,0.0,0.0
2018-11-09 00:00:00-05:00,1.6103060245513916,1.7270530462265015,1.5780999660491943,1.7270530462265015,398434,0.0,0.0
2018-11-12 00:00:00-05:00,1.7310789823532104,1.7310789823532104,1.6183569431304932,1.6425119638442993,260820,0.0,0.0
2018-11-13 00:00:00-05:00,1.6505639553070068,1.6787439584732056,1.5579710006713867,1.590177059173584,371110,0.0,0.0
2018-11-14 00:00:00-05:00,1.6103060245513916,1.6425119638442993,1.5619970560073853,1.5740740299224854,192510,0.0,0.0
2018-11-15 00:00:00-05:00,1.5821260213851929,1.6666669845581055,1.5539449453353882,1.6223829984664917,362912,0.0,0.0
2018-11-16 00:00:00-05:00,1.6223829984664917,1.654589056968689,1.5982290506362915,1.6384860277175903,135378,0.0,0.0
2018-11-19 00:00:00-05:00,1.6384860277175903,1.6384860277175903,1.5780999660491943,1.602254033088684,328633,0.0,0.0
2018-11-20 00:00:00-05:00,1.5700479745864868,1.5821260213851929,1.5096620321273804,1.5338159799575806,204682,0.0,0.0
2018-11-21 00:00:00-05:00,1.5096620321273804,1.5780999660491943,1.5096620321273804,1.5539449453353882,334346,0.0,0.0
2018-11-23 00:00:00-05:00,1.5338159799575806,1.5579710006713867,1.5096620321273804,1.5338159799575806,68558,0.0,0.0
2018-11-26 00:00:00-05:00,1.5780999660491943,1.5982290506362915,1.5056359767913818,1.541867971420288,207662,0.0,0.0
2018-11-27 00:00:00-05:00,1.5257649421691895,1.5257649421691895,1.453300952911377,1.4734300374984741,272743,0.0,0.0
2018-11-28 00:00:00-05:00,1.4613529443740845,1.6183569431304932,1.453300952911377,1.606279969215393,356951,0.0,0.0
2018-11-29 00:00:00-05:00,1.6223829984664917,1.6223829984664917,1.529790997505188,1.5338159799575806,174377,0.0,0.0
2018-11-30 00:00:00-05:00,1.537842035293579,1.5740740299224854,1.5096620321273804,1.5338159799575806,257591,0.0,0.0
2018-12-03 00:00:00-05:00,1.5700479745864868,1.6103060245513916,1.5619970560073853,1.5821260213851929,259578,0.0,0.0
2018-12-04 00:00:00-05:00,1.5700479745864868,1.5700479745864868,1.5056359767913818,1.5136879682540894,167918,0.0,0.0
2018-12-06 00:00:00-05:00,1.4855070114135742,1.4975850582122803,1.396939992904663,1.4170689582824707,872878,0.0,0.0
2018-12-07 00:00:00-05:00,1.4130430221557617,1.5056359767913818,1.388888955116272,1.4653780460357666,286405,0.0,0.0
2018-12-10 00:00:00-05:00,1.4653780460357666,1.5217390060424805,1.449275016784668,1.4935590028762817,224305,0.0,0.0
2018-12-11 00:00:00-05:00,1.4855070114135742,1.4975850582122803,1.4331719875335693,1.4452500343322754,199217,0.0,0.0
2018-12-12 00:00:00-05:00,1.4331719875335693,1.4855070114135742,1.4331719875335693,1.4694039821624756,179345,0.0,0.0
2018-12-13 00:00:00-05:00,1.4814809560775757,1.4814809560775757,1.4412239789962769,1.4452500343322754,249145,0.0,0.0
2018-12-14 00:00:00-05:00,1.4210950136184692,1.4452500343322754,1.3808369636535645,1.4130430221557617,160715,0.0,0.0
2018-12-17 00:00:00-05:00,1.4130430221557617,1.4331719875335693,1.3123990297317505,1.324476957321167,306277,0.0,0.0
2018-12-18 00:00:00-05:00,1.3285020589828491,1.3566830158233643,1.2801929712295532,1.2882449626922607,356454,0.0,0.0
2018-12-19 00:00:00-05:00,1.2520129680633545,1.3446049690246582,1.2198070287704468,1.2278579473495483,728309,0.0,0.0
2018-12-20 00:00:00-05:00,1.2198070287704468,1.256039023399353,1.167472004890442,1.2117550373077393,763333,0.0,0.0
2018-12-21 00:00:00-05:00,1.2037039995193481,1.2157809734344482,1.1634459495544434,1.1714979410171509,587963,0.0,0.0
2018-12-24 00:00:00-05:00,1.1876009702682495,1.1876009702682495,1.1070849895477295,1.127213954925537,483138,0.0,0.0
2018-12-26 00:00:00-05:00,1.1473430395126343,1.1553950309753418,1.111111044883728,1.115136981010437,424516,0.0,0.0
2018-12-27 00:00:00-05:00,1.1070849895477295,1.2077289819717407,1.1070849895477295,1.1634459495544434,494564,0.0,0.0
2018-12-28 00:00:00-05:00,1.167472004890442,1.2278579473495483,1.1594200134277344,1.1876009702682495,423274,0.0,0.0
2018-12-31 00:00:00-05:00,1.1996779441833496,1.3003220558166504,1.1876009702682495,1.2761670351028442,420044,0.0,0.0
2019-01-02 00:00:00-05:00,1.308374047279358,1.4009660482406616,1.2278579473495483,1.3043479919433594,583492,0.0,0.0
2019-01-03 00:00:00-05:00,1.3043479919433594,1.332527995109558,1.2479870319366455,1.2681159973144531,266285,0.0,0.0
2019-01-04 00:00:00-05:00,1.3043479919433594,1.4009660482406616,1.2761670351028442,1.3647340536117554,490590,0.0,0.0
2019-01-07 00:00:00-05:00,1.388888955116272,1.4009660482406616,1.308374047279358,1.3566830158233643,416070,0.0,0.0
2019-01-08 00:00:00-05:00,1.3566830158233643,1.396939992904663,1.3285020589828491,1.3285020589828491,182822,0.0,0.0
2019-01-09 00:00:00-05:00,1.3486310243606567,1.396939992904663,1.3486310243606567,1.3768119812011719,227286,0.0,0.0
2019-01-10 00:00:00-05:00,1.3808369636535645,1.3929150104522705,1.3365540504455566,1.3405799865722656,161460,0.0,0.0
2019-01-11 00:00:00-05:00,1.3405799865722656,1.388888955116272,1.3365540504455566,1.3486310243606567,140594,0.0,0.0
2019-01-14 00:00:00-05:00,1.372786045074463,1.4090180397033691,1.3285020589828491,1.3446049690246582,211388,0.0,0.0
2019-01-15 00:00:00-05:00,1.3526569604873657,1.3808369636535645,1.3486310243606567,1.3566830158233643,142830,0.0,0.0
2019-01-16 00:00:00-05:00,1.372786045074463,1.3808369636535645,1.3164249658584595,1.3365540504455566,325652,0.0,0.0
2019-01-17 00:00:00-05:00,1.3446049690246582,1.3607089519500732,1.3365540504455566,1.3365540504455566,87685,0.0,0.0
2019-01-18 00:00:00-05:00,1.3365540504455566,1.3687599897384644,1.308374047279358,1.308374047279358,296341,0.0,0.0
2019-01-22 00:00:00-05:00,1.2962960004806519,1.2962960004806519,1.2198070287704468,1.2318840026855469,434452,0.0,0.0
2019-01-23 00:00:00-05:00,1.2359100580215454,1.243960976600647,1.2077289819717407,1.2198070287704468,194000,0.0,0.0
2019-01-24 00:00:00-05:00,1.2238329648971558,1.2479870319366455,1.2198070287704468,1.243960976600647,140594,0.0,0.0
2019-01-25 00:00:00-05:00,1.243960976600647,1.2801929712295532,1.2318840026855469,1.2681159973144531,221821,0.0,0.0
2019-01-28 00:00:00-05:00,1.2882449626922607,1.2882449626922607,1.2278579473495483,1.2399359941482544,161460,0.0,0.0
2019-01-29 00:00:00-05:00,1.2479870319366455,1.308374047279358,1.2399359941482544,1.2801929712295532,347512,0.0,0.0
2019-01-30 00:00:00-05:00,1.2600640058517456,1.3043479919433594,1.2600640058517456,1.3043479919433594,203440,0.0,0.0
2019-01-31 00:00:00-05:00,1.2882449626922607,1.320451021194458,1.2761670351028442,1.3003220558166504,193007,0.0,0.0
2019-02-01 00:00:00-05:00,1.3003220558166504,1.3123990297317505,1.2842190265655518,1.2962960004806519,126187,0.0,0.0
2019-02-04 00:00:00-05:00,1.2962960004806519,1.3003220558166504,1.2681159973144531,1.2681159973144531,195739,0.0,0.0
2019-02-05 00:00:00-05:00,1.2681159973144531,1.2801929712295532,1.2520129680633545,1.2600640058517456,162205,0.0,0.0
2019-02-06 00:00:00-05:00,1.2640899419784546,1.2761670351028442,1.2520129680633545,1.256039023399353,175619,0.0,0.0
2019-02-07 00:00:00-05:00,1.2479870319366455,1.2479870319366455,1.2157809734344482,1.2157809734344482,220331,0.0,0.0
2019-02-08 00:00:00-05:00,1.243960976600647,1.243960976600647,1.2157809734344482,1.2318840026855469,165931,0.0,0.0
2019-02-11 00:00:00-05:00,1.2479870319366455,1.2842190265655518,1.2198070287704468,1.2238329648971558,265788,0.0,0.0
2019-02-12 00:00:00-05:00,1.2238329648971558,1.2318840026855469,1.2157809734344482,1.2198070287704468,473202,0.0,0.0
2019-02-13 00:00:00-05:00,1.243960976600647,1.243960976600647,1.2157809734344482,1.2238329648971558,192758,0.0,0.0
2019-02-14 00:00:00-05:00,1.2278579473495483,1.2278579473495483,1.2157809734344482,1.2198070287704468,214121,0.0,0.0
2019-02-15 00:00:00-05:00,1.2399359941482544,1.2681159973144531,1.2238329648971558,1.2600640058517456,351983,0.0,0.0
2019-02-19 00:00:00-05:00,1.2681159973144531,1.2882449626922607,1.256039023399353,1.2721420526504517,486119,0.0,0.0
2019-02-20 00:00:00-05:00,1.2842190265655518,1.4049919843673706,1.2842190265655518,1.4049919843673706,1028624,0.0,0.0
2019-02-21 00:00:00-05:00,1.4090180397033691,1.5619970560073853,1.4090180397033691,1.4734300374984741,1518221,0.0,0.0
2019-02-22 00:00:00-05:00,1.5136879682540894,1.5700479745864868,1.4895329475402832,1.517712950706482,777492,0.0,0.0
2019-02-25 00:00:00-05:00,1.5217390060424805,1.5660229921340942,1.5096620321273804,1.5136879682540894,358938,0.0,0.0
2019-02-26 00:00:00-05:00,1.5096620321273804,1.5096620321273804,1.4130430221557617,1.453300952911377,451094,0.0,0.0
2019-02-27 00:00:00-05:00,1.4814809560775757,1.4814809560775757,1.4130430221557617,1.4653780460357666,237967,0.0,0.0
2019-02-28 00:00:00-05:00,1.4613529443740845,1.4895329475402832,1.4412239789962769,1.4895329475402832,198968,0.0,0.0
2019-03-01 00:00:00-05:00,1.4975850582122803,1.5539449453353882,1.4814809560775757,1.5016100406646729,392472,0.0,0.0
2019-03-04 00:00:00-05:00,1.529790997505188,1.5338159799575806,1.449275016784668,1.4895329475402832,354218,0.0,0.0
2019-03-05 00:00:00-05:00,1.4814809560775757,1.6103060245513916,1.4613529443740845,1.5740740299224854,632675,0.0,0.0
2019-03-06 00:00:00-05:00,1.5499190092086792,1.6103060245513916,1.529790997505188,1.590177059173584,541015,0.0,0.0
2019-03-07 00:00:00-05:00,1.602254033088684,1.7270530462265015,1.5458940267562866,1.682770013809204,4505728,0.0,0.0
2019-03-08 00:00:00-05:00,1.7028989791870117,1.7109500169754028,1.5861510038375854,1.6505639553070068,964786,0.0,0.0
2019-03-11 00:00:00-04:00,1.6425119638442993,1.7673109769821167,1.602254033088684,1.747182011604309,753397,0.0,0.0
2019-03-12 00:00:00-04:00,1.7713370323181152,1.7914650440216064,1.6908210515975952,1.7190020084381104,634414,0.0,0.0
2019-03-13 00:00:00-04:00,1.7190020084381104,1.8518520593643188,1.6948469877243042,1.8357490301132202,991861,0.0,0.0
2019-03-14 00:00:00-04:00,1.8276970386505127,1.8518520593643188,1.7713370323181152,1.7954909801483154,420790,0.0,0.0
2019-03-15 00:00:00-04:00,1.8075679540634155,1.815619945526123,1.7713370323181152,1.7753620147705078,567097,0.0,0.0
2019-03-18 00:00:00-04:00,1.7834140062332153,1.7834140062332153,1.723026990890503,1.7592589855194092,381542,0.0,0.0
2019-03-19 00:00:00-04:00,1.7673109769821167,1.7713370323181152,1.6908210515975952,1.7190020084381104,512698,0.0,0.0
2019-03-20 00:00:00-04:00,1.7190020084381104,1.7431559562683105,1.658614993095398,1.723026990890503,541015,0.0,0.0
2019-03-21 00:00:00-04:00,1.723026990890503,1.7310789823532104,1.6787439584732056,1.7190020084381104,608828,0.0,0.0
2019-03-22 00:00:00-04:00,1.7190020084381104,1.7190020084381104,1.670691967010498,1.682770013809204,624478,0.0,0.0
2019-03-25 00:00:00-04:00,1.682770013809204,1.6988730430603027,1.5780999660491943,1.590177059173584,1176919,0.0,0.0
2019-03-26 00:00:00-04:00,1.5780999660491943,1.6425119638442993,1.5499190092086792,1.590177059173584,405140,0.0,0.0
2019-03-27 00:00:00-04:00,1.6103060245513916,1.6264090538024902,1.5780999660491943,1.5821260213851929,369371,0.0,0.0
2019-03-28 00:00:00-04:00,1.5780999660491943,1.602254033088684,1.5499190092086792,1.5579710006713867,270756,0.0,0.0
2019-03-29 00:00:00-04:00,1.5700479745864868,1.5740740299224854,1.4895329475402832,1.5217390060424805,350244,0.0,0.0
2019-04-01 00:00:00-04:00,1.5700479745864868,1.751207947731018,1.5700479745864868,1.6948469877243042,1323724,0.0,0.0
2019-04-02 00:00:00-04:00,1.7431559562683105,1.7874399423599243,1.6948469877243042,1.7592589855194092,682603,0.0,0.0
2019-04-03 00:00:00-04:00,1.7632850408554077,1.7713370323181152,1.6948469877243042,1.6948469877243042,491584,0.0,0.0
2019-04-04 00:00:00-04:00,1.6988730430603027,1.7270530462265015,1.6465380191802979,1.7190020084381104,292864,0.0,0.0
2019-04-05 00:00:00-04:00,1.7028989791870117,1.932366967201233,1.6908210515975952,1.932366967201233,1724890,0.0,0.0
2019-04-08 00:00:00-04:00,1.9685989618301392,1.9685989618301392,1.7793879508972168,1.8357490301132202,1152328,0.0,0.0
2019-04-09 00:00:00-04:00,1.8236709833145142,1.863929033279419,1.747182011604309,1.863929033279419,496800,0.0,0.0
2019-04-10 00:00:00-04:00,1.8840579986572266,1.9082130193710327,1.863929033279419,1.8719810247421265,558155,0.0,0.0
2019-04-11 00:00:00-04:00,1.8840579986572266,1.9082130193710327,1.811594009399414,1.8276970386505127,382536,0.0,0.0
2019-04-12 00:00:00-04:00,1.8599029779434204,1.876006007194519,1.8317229747772217,1.8478260040283203,196981,0.0,0.0
2019-04-15 00:00:00-04:00,1.867954969406128,1.892109990119934,1.7753620147705078,1.815619945526123,272495,0.0,0.0
2019-04-16 00:00:00-04:00,1.8075679540634155,1.8478260040283203,1.7028989791870117,1.7190020084381104,867164,0.0,0.0
2019-04-17 00:00:00-04:00,1.7149759531021118,1.7310789823532104,1.590177059173584,1.6384860277175903,932742,0.0,0.0
2019-04-18 00:00:00-04:00,1.6223829984664917,1.6465380191802979,1.5982290506362915,1.6143319606781006,442400,0.0,0.0
2019-04-22 00:00:00-04:00,1.6183569431304932,1.6183569431304932,1.590177059173584,1.594202995300293,487858,0.0,0.0
2019-04-23 00:00:00-04:00,1.594202995300293,1.6264090538024902,1.5700479745864868,1.5780999660491943,502513,0.0,0.0
2019-04-24 00:00:00-04:00,1.590177059173584,1.606279969215393,1.529790997505188,1.537842035293579,707940,0.0,0.0
2019-04-25 00:00:00-04:00,1.529790997505188,1.5338159799575806,1.4694039821624756,1.4975850582122803,694526,0.0,0.0
2019-04-26 00:00:00-04:00,1.5016100406646729,1.5780999660491943,1.4694039821624756,1.5780999660491943,614293,0.0,0.0
2019-04-29 00:00:00-04:00,1.5740740299224854,1.5740740299224854,1.4895329475402832,1.5136879682540894,741722,0.0,0.0
2019-04-30 00:00:00-04:00,1.5217390060424805,1.529790997505188,1.4814809560775757,1.4895329475402832,364900,0.0,0.0
2019-05-01 00:00:00-04:00,1.4895329475402832,1.5096620321273804,1.449275016784668,1.4573270082473755,484877,0.0,0.0
2019-05-02 00:00:00-04:00,1.4573270082473755,1.5096620321273804,1.4573270082473755,1.5016100406646729,461527,0.0,0.0
2019-05-03 00:00:00-04:00,1.5016100406646729,1.5780999660491943,1.4855070114135742,1.5740740299224854,757868,0.0,0.0
2019-05-06 00:00:00-04:00,1.529790997505188,1.5539449453353882,1.4975850582122803,1.5217390060424805,299819,0.0,0.0
2019-05-07 00:00:00-04:00,1.4935590028762817,1.517712950706482,1.4694039821624756,1.4895329475402832,327143,0.0,0.0
2019-05-08 00:00:00-04:00,1.4734300374984741,1.517712950706482,1.4412239789962769,1.4613529443740845,339563,0.0,0.0
2019-05-09 00:00:00-04:00,1.453300952911377,1.4613529443740845,1.4170689582824707,1.4371980428695679,315965,0.0,0.0
2019-05-10 00:00:00-04:00,1.4412239789962769,1.4935590028762817,1.4331719875335693,1.4653780460357666,285660,0.0,0.0
2019-05-13 00:00:00-04:00,1.453300952911377,1.4613529443740845,1.4210950136184692,1.4371980428695679,221573,0.0,0.0
2019-05-14 00:00:00-04:00,1.4251209497451782,1.4452500343322754,1.4170689582824707,1.4291470050811768,437929,0.0,0.0
2019-05-15 00:00:00-04:00,1.4291470050811768,1.4613529443740845,1.3566830158233643,1.453300952911377,680616,0.0,0.0
2019-05-16 00:00:00-04:00,1.4694039821624756,1.5539449453353882,1.4694039821624756,1.5217390060424805,487858,0.0,0.0
2019-05-17 00:00:00-04:00,1.517712950706482,1.517712950706482,1.4371980428695679,1.477455973625183,278456,0.0,0.0
2019-05-20 00:00:00-04:00,1.4653780460357666,1.5257649421691895,1.449275016784668,1.5217390060424805,165434,0.0,0.0
2019-05-21 00:00:00-04:00,1.5217390060424805,1.747182011604309,1.5217390060424805,1.7069239616394043,1982977,0.0,0.0
2019-05-22 00:00:00-04:00,1.6787439584732056,1.7109500169754028,1.594202995300293,1.594202995300293,572810,0.0,0.0
2019-05-23 00:00:00-04:00,1.5579710006713867,1.594202995300293,1.5056359767913818,1.517712950706482,482641,0.0,0.0
2019-05-24 00:00:00-04:00,1.529790997505188,1.590177059173584,1.5016100406646729,1.5780999660491943,251381,0.0,0.0
2019-05-28 00:00:00-04:00,1.594202995300293,1.6505639553070068,1.5700479745864868,1.6183569431304932,544741,0.0,0.0
2019-05-29 00:00:00-04:00,1.6465380191802979,1.7149759531021118,1.606279969215393,1.6988730430603027,841082,0.0,0.0
2019-05-30 00:00:00-04:00,1.7069239616394043,1.7673109769821167,1.654589056968689,1.670691967010498,829656,0.0,0.0
2019-05-31 00:00:00-04:00,1.6183569431304932,1.6465380191802979,1.602254033088684,1.6223829984664917,485125,0.0,0.0
2019-06-03 00:00:00-04:00,1.6223829984664917,1.6505639553070068,1.5619970560073853,1.5821260213851929,557161,0.0,0.0
2019-06-04 00:00:00-04:00,1.6384860277175903,1.6384860277175903,1.5740740299224854,1.5982290506362915,545983,0.0,0.0
2019-06-05 00:00:00-04:00,1.606279969215393,1.6103060245513916,1.537842035293579,1.541867971420288,520398,0.0,0.0
2019-06-06 00:00:00-04:00,1.5338159799575806,1.5619970560073853,1.5016100406646729,1.541867971420288,374090,0.0,0.0
2019-06-07 00:00:00-04:00,1.5458940267562866,1.5539449453353882,1.5136879682540894,1.5338159799575806,208408,0.0,0.0
2019-06-10 00:00:00-04:00,1.5861510038375854,1.5861510038375854,1.5499190092086792,1.5660229921340942,421783,0.0,0.0
2019-06-11 00:00:00-04:00,1.5861510038375854,1.590177059173584,1.5619970560073853,1.5780999660491943,165683,0.0,0.0
2019-06-12 00:00:00-04:00,1.5619970560073853,1.5740740299224854,1.5217390060424805,1.537842035293579,160466,0.0,0.0
2019-06-13 00:00:00-04:00,1.537842035293579,1.5579710006713867,1.5016100406646729,1.5338159799575806,432713,0.0,0.0
2019-06-14 00:00:00-04:00,1.5458940267562866,1.5458940267562866,1.4975850582122803,1.5338159799575806,173632,0.0,0.0
2019-06-17 00:00:00-04:00,1.5217390060424805,1.5458940267562866,1.5096620321273804,1.5338159799575806,121219,0.0,0.0
2019-06-18 00:00:00-04:00,1.541867971420288,1.5821260213851929,1.5257649421691895,1.5740740299224854,343040,0.0,0.0
2019-06-19 00:00:00-04:00,1.5579710006713867,1.5700479745864868,1.5217390060424805,1.537842035293579,243929,0.0,0.0
2019-06-20 00:00:00-04:00,1.5458940267562866,1.5861510038375854,1.5458940267562866,1.5660229921340942,188287,0.0,0.0
2019-06-21 00:00:00-04:00,1.5619970560073853,1.5619970560073853,1.529790997505188,1.5499190092086792,68310,0.0,0.0
2019-06-24 00:00:00-04:00,1.5458940267562866,1.5780999660491943,1.5056359767913818,1.5056359767913818,206669,0.0,0.0
2019-06-25 00:00:00-04:00,1.4895329475402832,1.529790997505188,1.4895329475402832,1.517712950706482,200707,0.0,0.0
2019-06-26 00:00:00-04:00,1.529790997505188,1.537842035293579,1.517712950706482,1.5338159799575806,157734,0.0,0.0
2019-06-27 00:00:00-04:00,1.5619970560073853,1.5619970560073853,1.5096620321273804,1.5458940267562866,117245,0.0,0.0
2019-06-28 00:00:00-04:00,1.5660229921340942,1.6304349899291992,1.5458940267562866,1.6304349899291992,576536,0.0,0.0
2019-07-01 00:00:00-04:00,1.6666669845581055,1.6666669845581055,1.5982290506362915,1.606279969215393,372352,0.0,0.0
2019-07-02 00:00:00-04:00,1.6143319606781006,1.6908210515975952,1.606279969215393,1.6908210515975952,319939,0.0,0.0
2019-07-03 00:00:00-04:00,1.6867949962615967,1.6908210515975952,1.6384860277175903,1.6867949962615967,205675,0.0,0.0
2019-07-05 00:00:00-04:00,1.670691967010498,1.6787439584732056,1.5982290506362915,1.658614993095398,302800,0.0,0.0
2019-07-08 00:00:00-04:00,1.6505639553070068,1.654589056968689,1.6143319606781006,1.6384860277175903,241445,0.0,0.0
2019-07-09 00:00:00-04:00,1.6304349899291992,1.6304349899291992,1.5821260213851929,1.6103060245513916,196484,0.0,0.0
2019-07-10 00:00:00-04:00,1.6143319606781006,1.654589056968689,1.5861510038375854,1.6465380191802979,364651,0.0,0.0
2019-07-11 00:00:00-04:00,1.6384860277175903,1.658614993095398,1.590177059173584,1.606279969215393,130162,0.0,0.0
2019-07-12 00:00:00-04:00,1.5700479745864868,1.6103060245513916,1.5700479745864868,1.5861510038375854,250636,0.0,0.0
2019-07-15 00:00:00-04:00,1.606279969215393,1.6103060245513916,1.5740740299224854,1.590177059173584,182077,0.0,0.0
2019-07-16 00:00:00-04:00,1.594202995300293,1.6304349899291992,1.590177059173584,1.6223829984664917,152269,0.0,0.0
2019-07-17 00:00:00-04:00,1.6344610452651978,1.6787439584732056,1.6103060245513916,1.6143319606781006,354467,0.0,0.0
2019-07-18 00:00:00-04:00,1.5982290506362915,1.6143319606781006,1.5780999660491943,1.590177059173584,290628,0.0,0.0
2019-07-19 00:00:00-04:00,1.5821260213851929,1.6505639553070068,1.5780999660491943,1.594202995300293,251132,0.0,0.0
2019-07-22 00:00:00-04:00,1.5982290506362915,1.602254033088684,1.5579710006713867,1.5619970560073853,291870,0.0,0.0
2019-07-23 00:00:00-04:00,1.5499190092086792,1.606279969215393,1.529790997505188,1.5821260213851929,243184,0.0,0.0
2019-07-24 00:00:00-04:00,1.5740740299224854,1.5982290506362915,1.5740740299224854,1.590177059173584,155002,0.0,0.0
2019-07-25 00:00:00-04:00,1.5861510038375854,1.5861510038375854,1.541867971420288,1.5458940267562866,241445,0.0,0.0
2019-07-26 00:00:00-04:00,1.5458940267562866,1.5660229921340942,1.5217390060424805,1.537842035293579,299322,0.0,0.0
2019-07-29 00:00:00-04:00,1.529790997505188,1.5338159799575806,1.5016100406646729,1.5257649421691895,409363,0.0,0.0
2019-07-30 00:00:00-04:00,1.5217390060424805,1.5217390060424805,1.477455973625183,1.5016100406646729,262310,0.0,0.0
2019-07-31 00:00:00-04:00,1.4895329475402832,1.5136879682540894,1.4855070114135742,1.4855070114135742,190274,0.0,0.0
2019-08-01 00:00:00-04:00,1.4895329475402832,1.5016100406646729,1.4371980428695679,1.4653780460357666,742716,0.0,0.0
2019-08-02 00:00:00-04:00,1.449275016784668,1.4975850582122803,1.4251209497451782,1.4895329475402832,185555,0.0,0.0
2019-08-05 00:00:00-04:00,1.4371980428695679,1.4573270082473755,1.4170689582824707,1.453300952911377,367880,0.0,0.0
2019-08-06 00:00:00-04:00,1.4653780460357666,1.4653780460357666,1.372786045074463,1.4090180397033691,702972,0.0,0.0
2019-08-07 00:00:00-04:00,1.4090180397033691,1.4291470050811768,1.388888955116272,1.4210950136184692,255604,0.0,0.0
2019-08-08 00:00:00-04:00,1.4130430221557617,1.4855070114135742,1.396939992904663,1.4734300374984741,443394,0.0,0.0
2019-08-09 00:00:00-04:00,1.4331719875335693,1.477455973625183,1.4130430221557617,1.4331719875335693,217598,0.0,0.0
2019-08-12 00:00:00-04:00,1.3929150104522705,1.477455973625183,1.3405799865722656,1.449275016784668,602618,0.0,0.0
2019-08-13 00:00:00-04:00,1.449275016784668,1.4613529443740845,1.4130430221557617,1.4371980428695679,359186,0.0,0.0
2019-08-14 00:00:00-04:00,1.3929150104522705,1.4452500343322754,1.3365540504455566,1.3808369636535645,958824,0.0,0.0
2019-08-15 00:00:00-04:00,1.3647340536117554,1.4251209497451782,1.3647340536117554,1.3768119812011719,284418,0.0,0.0
2019-08-16 00:00:00-04:00,1.3566830158233643,1.4170689582824707,1.3566830158233643,1.4049919843673706,270259,0.0,0.0
2019-08-19 00:00:00-04:00,1.4170689582824707,1.453300952911377,1.3566830158233643,1.4291470050811768,308264,0.0,0.0
2019-08-20 00:00:00-04:00,1.4331719875335693,1.449275016784668,1.3929150104522705,1.4291470050811768,185555,0.0,0.0
2019-08-21 00:00:00-04:00,1.4412239789962769,1.4452500343322754,1.4009660482406616,1.4090180397033691,188784,0.0,0.0
2019-08-22 00:00:00-04:00,1.4049919843673706,1.4170689582824707,1.388888955116272,1.388888955116272,128671,0.0,0.0
2019-08-23 00:00:00-04:00,1.388888955116272,1.388888955116272,1.308374047279358,1.320451021194458,499781,0.0,0.0
2019-08-26 00:00:00-04:00,1.3365540504455566,1.3486310243606567,1.3164249658584595,1.3405799865722656,229770,0.0,0.0
2019-08-27 00:00:00-04:00,1.308374047279358,1.3446049690246582,1.243960976600647,1.2842190265655518,951124,0.0,0.0
2019-08-28 00:00:00-04:00,1.2842190265655518,1.3405799865722656,1.2600640058517456,1.3164249658584595,200956,0.0,0.0
2019-08-29 00:00:00-04:00,1.3043479919433594,1.3446049690246582,1.3043479919433594,1.324476957321167,219089,0.0,0.0
2019-08-30 00:00:00-04:00,1.308374047279358,1.332527995109558,1.2842190265655518,1.2882449626922607,273488,0.0,0.0
2019-09-03 00:00:00-04:00,1.2801929712295532,1.2801929712295532,1.2399359941482544,1.2600640058517456,430477,0.0,0.0
2019-09-04 00:00:00-04:00,1.2359100580215454,1.308374047279358,1.2359100580215454,1.2801929712295532,258584,0.0,0.0
2019-09-05 00:00:00-04:00,1.256039023399353,1.3043479919433594,1.256039023399353,1.2922710180282593,268024,0.0,0.0
2019-09-06 00:00:00-04:00,1.2922710180282593,1.3043479919433594,1.2681159973144531,1.2801929712295532,342295,0.0,0.0
2019-09-09 00:00:00-04:00,1.3003220558166504,1.3043479919433594,1.2721420526504517,1.2721420526504517,350244,0.0,0.0
2019-09-10 00:00:00-04:00,1.2721420526504517,1.308374047279358,1.2600640058517456,1.3043479919433594,212879,0.0,0.0
2019-09-11 00:00:00-04:00,1.3043479919433594,1.4170689582824707,1.2922710180282593,1.4170689582824707,547225,0.0,0.0
2019-09-12 00:00:00-04:00,1.4009660482406616,1.4170689582824707,1.372786045074463,1.4049919843673706,180338,0.0,0.0
2019-09-13 00:00:00-04:00,1.4090180397033691,1.4855070114135742,1.4090180397033691,1.453300952911377,536296,0.0,0.0
2019-09-16 00:00:00-04:00,1.449275016784668,1.449275016784668,1.3365540504455566,1.3405799865722656,721354,0.0,0.0
2019-09-17 00:00:00-04:00,1.3164249658584595,1.3164249658584595,1.2801929712295532,1.3043479919433594,539028,0.0,0.0
2019-09-18 00:00:00-04:00,1.3043479919433594,1.324476957321167,1.2842190265655518,1.2842190265655518,259578,0.0,0.0
2019-09-19 00:00:00-04:00,1.2882449626922607,1.3123990297317505,1.2761670351028442,1.2962960004806519,426254,0.0,0.0
2019-09-20 00:00:00-04:00,1.2882449626922607,1.3043479919433594,1.179548978805542,1.2198070287704468,1734080,0.0,0.0
2019-09-23 00:00:00-04:00,1.2479870319366455,1.2922710180282593,1.2278579473495483,1.2801929712295532,447368,0.0,0.0
2019-09-24 00:00:00-04:00,1.2761670351028442,1.3043479919433594,1.256039023399353,1.256039023399353,410108,0.0,0.0
2019-09-25 00:00:00-04:00,1.256039023399353,1.2761670351028442,1.2278579473495483,1.2359100580215454,501023,0.0,0.0
2019-09-26 00:00:00-04:00,1.2479870319366455,1.2600640058517456,1.2117550373077393,1.2198070287704468,354218,0.0,0.0
2019-09-27 00:00:00-04:00,1.2278579473495483,1.2761670351028442,1.2238329648971558,1.2520129680633545,363658,0.0,0.0
2019-09-30 00:00:00-04:00,1.2801929712295532,1.2801929712295532,1.2278579473495483,1.2278579473495483,199465,0.0,0.0
2019-10-01 00:00:00-04:00,1.2721420526504517,1.2801929712295532,1.2117550373077393,1.2198070287704468,643604,0.0,0.0
2019-10-02 00:00:00-04:00,1.2157809734344482,1.2278579473495483,1.2117550373077393,1.2117550373077393,287647,0.0,0.0
2019-10-03 00:00:00-04:00,1.2198070287704468,1.2600640058517456,1.2077289819717407,1.2238329648971558,318697,0.0,0.0
2019-10-04 00:00:00-04:00,1.2479870319366455,1.2520129680633545,1.2318840026855469,1.2399359941482544,189032,0.0,0.0
2019-10-07 00:00:00-04:00,1.2318840026855469,1.256039023399353,1.2198070287704468,1.243960976600647,156492,0.0,0.0
2019-10-08 00:00:00-04:00,1.256039023399353,1.2640899419784546,1.2318840026855469,1.2479870319366455,195988,0.0,0.0
2019-10-09 00:00:00-04:00,1.2801929712295532,1.2801929712295532,1.2198070287704468,1.2238329648971558,189032,0.0,0.0
2019-10-10 00:00:00-04:00,1.2359100580215454,1.2399359941482544,1.2077289819717407,1.2278579473495483,237470,0.0,0.0
2019-10-11 00:00:00-04:00,1.2238329648971558,1.2479870319366455,1.2198070287704468,1.2318840026855469,142830,0.0,0.0
2019-10-14 00:00:00-04:00,1.2399359941482544,1.2399359941482544,1.2238329648971558,1.2359100580215454,97870,0.0,0.0
2019-10-15 00:00:00-04:00,1.2318840026855469,1.2359100580215454,1.2198070287704468,1.2278579473495483,182822,0.0,0.0
2019-10-16 00:00:00-04:00,1.2198070287704468,1.2238329648971558,1.1876009702682495,1.2037039995193481,411350,0.0,0.0
2019-10-17 00:00:00-04:00,1.2157809734344482,1.2198070287704468,1.1876009702682495,1.2037039995193481,157982,0.0,0.0
2019-10-18 00:00:00-04:00,1.2278579473495483,1.2359100580215454,1.2077289819717407,1.2198070287704468,129665,0.0,0.0
2019-10-21 00:00:00-04:00,1.2278579473495483,1.2318840026855469,1.1835750341415405,1.2077289819717407,241693,0.0,0.0
2019-10-22 00:00:00-04:00,1.2117550373077393,1.2157809734344482,1.1956520080566406,1.2037039995193481,198223,0.0,0.0
2019-10-23 00:00:00-04:00,1.2037039995193481,1.2600640058517456,1.1956520080566406,1.243960976600647,444388,0.0,0.0
2019-10-24 00:00:00-04:00,1.2801929712295532,1.3043479919433594,1.243960976600647,1.2801929712295532,430726,0.0,0.0
2019-10-25 00:00:00-04:00,1.2801929712295532,1.2801929712295532,1.2479870319366455,1.256039023399353,222815,0.0,0.0
2019-10-28 00:00:00-04:00,1.2600640058517456,1.2761670351028442,1.2479870319366455,1.2721420526504517,254362,0.0,0.0
2019-10-29 00:00:00-04:00,1.2600640058517456,1.2640899419784546,1.243960976600647,1.2640899419784546,117493,0.0,0.0
2019-10-30 00:00:00-04:00,1.2681159973144531,1.2681159973144531,1.2077289819717407,1.2278579473495483,261814,0.0,0.0
2019-10-31 00:00:00-04:00,1.2278579473495483,1.2278579473495483,1.1513689756393433,1.2037039995193481,638885,0.0,0.0
2019-11-01 00:00:00-04:00,1.2077289819717407,1.243960976600647,1.1835750341415405,1.2318840026855469,220082,0.0,0.0
2019-11-04 00:00:00-05:00,1.2359100580215454,1.2520129680633545,1.2157809734344482,1.2278579473495483,218840,0.0,0.0
2019-11-05 00:00:00-05:00,1.2238329648971558,1.256039023399353,1.2037039995193481,1.2520129680633545,224305,0.0,0.0
2019-11-06 00:00:00-05:00,1.2238329648971558,1.2479870319366455,1.2198070287704468,1.2278579473495483,197230,0.0,0.0
2019-11-07 00:00:00-05:00,1.2198070287704468,1.2399359941482544,1.1956520080566406,1.2157809734344482,275724,0.0,0.0
2019-11-08 00:00:00-05:00,1.2359100580215454,1.2359100580215454,1.191625952720642,1.2037039995193481,195739,0.0,0.0
2019-11-11 00:00:00-05:00,1.2037039995193481,1.2077289819717407,1.1714979410171509,1.1876009702682495,516424,0.0,0.0
2019-11-12 00:00:00-05:00,1.2077289819717407,1.2157809734344482,1.179548978805542,1.179548978805542,331862,0.0,0.0
2019-11-13 00:00:00-05:00,1.179548978805542,1.1876009702682495,1.1392910480499268,1.1594200134277344,610319,0.0,0.0
2019-11-14 00:00:00-05:00,1.1312400102615356,1.1876009702682495,1.1312400102615356,1.1876009702682495,362664,0.0,0.0
2019-11-15 00:00:00-05:00,1.1956520080566406,1.2117550373077393,1.1876009702682495,1.1956520080566406,189032,0.0,0.0
2019-11-18 00:00:00-05:00,1.175523042678833,1.191625952720642,1.1634459495544434,1.1714979410171509,272992,0.0,0.0
2019-11-19 00:00:00-05:00,1.1513689756393433,1.175523042678833,1.1352659463882446,1.1594200134277344,552193,0.0,0.0
2019-11-20 00:00:00-05:00,1.1513689756393433,1.167472004890442,1.1312400102615356,1.1634459495544434,238216,0.0,0.0
2019-11-21 00:00:00-05:00,1.167472004890442,1.167472004890442,1.127213954925537,1.127213954925537,432961,0.0,0.0
2019-11-22 00:00:00-05:00,1.1070849895477295,1.1352659463882446,1.1070849895477295,1.1352659463882446,450349,0.0,0.0
2019-11-25 00:00:00-05:00,1.1513689756393433,1.2037039995193481,1.1352659463882446,1.1594200134277344,259330,0.0,0.0
2019-11-26 00:00:00-05:00,1.1714979410171509,1.1714979410171509,1.1392910480499268,1.1513689756393433,151524,0.0,0.0
2019-11-27 00:00:00-05:00,1.1513689756393433,1.167472004890442,1.1433169841766357,1.1553950309753418,229273,0.0,0.0
2019-11-29 00:00:00-05:00,1.167472004890442,1.175523042678833,1.1594200134277344,1.167472004890442,82220,0.0,0.0
2019-12-02 00:00:00-05:00,1.2077289819717407,1.2077289819717407,1.1473430395126343,1.1553950309753418,274979,0.0,0.0
2019-12-03 00:00:00-05:00,1.167472004890442,1.167472004890442,1.1312400102615356,1.1594200134277344,169906,0.0,0.0
2019-12-04 00:00:00-05:00,1.1835750341415405,1.1835750341415405,1.1392910480499268,1.1714979410171509,210643,0.0,0.0
2019-12-05 00:00:00-05:00,1.1835750341415405,1.1996779441833496,1.167472004890442,1.1835750341415405,480157,0.0,0.0
2019-12-06 00:00:00-05:00,1.179548978805542,1.2198070287704468,1.179548978805542,1.1996779441833496,562378,0.0,0.0
2019-12-09 00:00:00-05:00,1.2077289819717407,1.2198070287704468,1.1996779441833496,1.2198070287704468,269762,0.0,0.0
2019-12-10 00:00:00-05:00,1.2198070287704468,1.2721420526504517,1.2077289819717407,1.2640899419784546,623981,0.0,0.0
2019-12-11 00:00:00-05:00,1.2640899419784546,1.3123990297317505,1.2600640058517456,1.3003220558166504,596657,0.0,0.0
2019-12-12 00:00:00-05:00,1.308374047279358,1.308374047279358,1.2399359941482544,1.2600640058517456,332608,0.0,0.0
2019-12-13 00:00:00-05:00,1.2479870319366455,1.2640899419784546,1.2117550373077393,1.2359100580215454,361670,0.0,0.0
2019-12-16 00:00:00-05:00,1.2479870319366455,1.2962960004806519,1.2479870319366455,1.2600640058517456,520646,0.0,0.0
2019-12-17 00:00:00-05:00,1.2842190265655518,1.2842190265655518,1.2520129680633545,1.2721420526504517,264794,0.0,0.0
2019-12-18 00:00:00-05:00,1.2681159973144531,1.2922710180282593,1.2600640058517456,1.2761670351028442,263056,0.0,0.0
2019-12-19 00:00:00-05:00,1.2640899419784546,1.3123990297317505,1.2640899419784546,1.3003220558166504,419299,0.0,0.0
2019-12-20 00:00:00-05:00,1.3123990297317505,1.3285020589828491,1.2962960004806519,1.3123990297317505,328633,0.0,0.0
2019-12-23 00:00:00-05:00,1.3285020589828491,1.3285020589828491,1.2681159973144531,1.2801929712295532,440662,0.0,0.0
2019-12-24 00:00:00-05:00,1.2640899419784546,1.3123990297317505,1.2640899419784546,1.2962960004806519,235980,0.0,0.0
2019-12-26 00:00:00-05:00,1.308374047279358,1.308374047279358,1.2721420526504517,1.2922710180282593,116003,0.0,0.0
2019-12-27 00:00:00-05:00,1.2882449626922607,1.3043479919433594,1.2761670351028442,1.2761670351028442,260572,0.0,0.0
2019-12-30 00:00:00-05:00,1.2721420526504517,1.2761670351028442,1.2600640058517456,1.2761670351028442,205924,0.0,0.0
2019-12-31 00:00:00-05:00,1.2681159973144531,1.2962960004806519,1.2640899419784546,1.2761670351028442,266285,0.0,0.0
2020-01-02 00:00:00-05:00,1.2962960004806519,1.3405799865722656,1.2842190265655518,1.3285020589828491,661241,0.0,0.0
2020-01-03 00:00:00-05:00,1.3285020589828491,1.4291470050811768,1.2761670351028442,1.4170689582824707,1152576,0.0,0.0
2020-01-06 00:00:00-05:00,1.4090180397033691,1.5217390060424805,1.3647340536117554,1.4613529443740845,1174435,0.0,0.0
2020-01-07 00:00:00-05:00,1.4855070114135742,1.5016100406646729,1.4090180397033691,1.4613529443740845,575294,0.0,0.0
2020-01-08 00:00:00-05:00,1.4090180397033691,1.4573270082473755,1.372786045074463,1.4130430221557617,1047751,0.0,0.0
2020-01-09 00:00:00-05:00,1.449275016784668,1.5136879682540894,1.4291470050811768,1.5016100406646729,1195549,0.0,0.0
2020-01-10 00:00:00-05:00,1.5096620321273804,1.658614993095398,1.5096620321273804,1.590177059173584,1591499,0.0,0.0
2020-01-13 00:00:00-05:00,1.6304349899291992,1.6425119638442993,1.5780999660491943,1.6103060245513916,1424326,0.0,0.0
2020-01-14 00:00:00-05:00,1.6223829984664917,1.7190020084381104,1.590177059173584,1.670691967010498,1689120,0.0,0.0
2020-01-15 00:00:00-05:00,1.6747180223464966,1.7592589855194092,1.658614993095398,1.7431559562683105,1563181,0.0,0.0
2020-01-16 00:00:00-05:00,1.7552330493927002,1.7673109769821167,1.658614993095398,1.6747180223464966,1182136,0.0,0.0
2020-01-17 00:00:00-05:00,1.654589056968689,1.682770013809204,1.590177059173584,1.6666669845581055,1388804,0.0,0.0
2020-01-21 00:00:00-05:00,1.6908210515975952,1.7713370323181152,1.6465380191802979,1.751207947731018,1227096,0.0,0.0
2020-01-22 00:00:00-05:00,1.7713370323181152,1.7793879508972168,1.6988730430603027,1.7391300201416016,795377,0.0,0.0
2020-01-23 00:00:00-05:00,1.7391300201416016,1.7391300201416016,1.6425119638442993,1.682770013809204,598644,0.0,0.0
2020-01-24 00:00:00-05:00,1.682770013809204,1.6908210515975952,1.5821260213851929,1.5982290506362915,889272,0.0,0.0
2020-01-27 00:00:00-05:00,1.5619970560073853,1.5660229921340942,1.4734300374984741,1.4895329475402832,1469783,0.0,0.0
2020-01-28 00:00:00-05:00,1.517712950706482,1.5821260213851929,1.5016100406646729,1.5619970560073853,829408,0.0,0.0
2020-01-29 00:00:00-05:00,1.5861510038375854,1.602254033088684,1.4935590028762817,1.4935590028762817,861948,0.0,0.0
2020-01-30 00:00:00-05:00,1.4694039821624756,1.5257649421691895,1.4331719875335693,1.5056359767913818,1118048,0.0,0.0
2020-01-31 00:00:00-05:00,1.5056359767913818,1.5136879682540894,1.453300952911377,1.5096620321273804,456311,0.0,0.0
2020-02-03 00:00:00-05:00,1.5096620321273804,1.6264090538024902,1.5096620321273804,1.606279969215393,1237777,0.0,0.0
2020-02-04 00:00:00-05:00,1.6505639553070068,1.7673109769821167,1.6103060245513916,1.7310789823532104,2482758,0.0,0.0
2020-02-05 00:00:00-05:00,1.7431559562683105,1.8075679540634155,1.6787439584732056,1.7592589855194092,2034396,0.0,0.0
2020-02-06 00:00:00-05:00,1.7592589855194092,1.7793879508972168,1.7149759531021118,1.7149759531021118,1001797,0.0,0.0
2020-02-07 00:00:00-05:00,1.6747180223464966,1.7713370323181152,1.6425119638442993,1.6666669845581055,1116310,0.0,0.0
2020-02-10 00:00:00-05:00,1.670691967010498,2.04508900642395,1.658614993095398,1.944443941116333,4327625,0.0,0.0
2020-02-11 00:00:00-05:00,1.9766509532928467,2.0249600410461426,1.876006007194519,1.9122380018234253,1931558,0.0,0.0
2020-02-12 00:00:00-05:00,1.9404189586639404,2.355072021484375,1.9363930225372314,2.2987120151519775,6197083,0.0,0.0
2020-02-13 00:00:00-05:00,2.2946860790252686,2.367150068283081,2.1215779781341553,2.282608985900879,3473129,0.0,0.0
2020-02-14 00:00:00-05:00,2.274557113647461,2.2946860790252686,2.0652170181274414,2.18599009513855,3352158,0.0,0.0
2020-02-18 00:00:00-05:00,2.2463769912719727,2.3228659629821777,2.097424030303955,2.2383251190185547,2796984,0.0,0.0
2020-02-19 00:00:00-05:00,2.2584540843963623,2.4275360107421875,2.2383251190185547,2.355072021484375,3016570,0.0,0.0
2020-02-20 00:00:00-05:00,2.3752009868621826,2.3832530975341797,2.190016031265259,2.2624800205230713,2383646,0.0,0.0
2020-02-21 00:00:00-05:00,2.1940419673919678,2.226248025894165,2.061192035675049,2.1175520420074463,2564978,0.0,0.0
2020-02-24 00:00:00-05:00,1.9202899932861328,2.0128819942474365,1.8357490301132202,1.9726250171661377,4514173,0.0,0.0
2020-02-25 00:00:00-05:00,1.9645730257034302,2.0128819942474365,1.8719810247421265,1.8840579986572266,1288202,0.0,0.0
2020-02-26 00:00:00-05:00,1.8437999486923218,1.9887280464172363,1.8196460008621216,1.8437999486923218,1635466,0.0,0.0
2020-02-27 00:00:00-05:00,1.7713370323181152,1.7713370323181152,1.6264090538024902,1.6948469877243042,2318069,0.0,0.0
2020-02-28 00:00:00-05:00,1.6264090538024902,1.7310789823532104,1.5700479745864868,1.6465380191802979,2273357,0.0,0.0
2020-03-02 00:00:00-05:00,1.6666669845581055,1.7713370323181152,1.6103060245513916,1.7592589855194092,1569391,0.0,0.0
2020-03-03 00:00:00-05:00,1.8236709833145142,1.8437999486923218,1.670691967010498,1.6867949962615967,1396505,0.0,0.0
2020-03-04 00:00:00-05:00,1.735105037689209,1.7753620147705078,1.670691967010498,1.7109500169754028,698004,0.0,0.0
2020-03-05 00:00:00-05:00,1.6425119638442993,1.7190020084381104,1.6425119638442993,1.6948469877243042,936716,0.0,0.0
2020-03-06 00:00:00-05:00,1.6505639553070068,1.7149759531021118,1.6143319606781006,1.6505639553070068,777740,0.0,0.0
2020-03-09 00:00:00-04:00,1.5861510038375854,1.5982290506362915,1.4090180397033691,1.4130430221557617,1516234,0.0,0.0
2020-03-10 00:00:00-04:00,1.5096620321273804,1.5539449453353882,1.3929150104522705,1.5056359767913818,1260382,0.0,0.0
2020-03-11 00:00:00-04:00,1.453300952911377,1.4653780460357666,1.3285020589828491,1.3446049690246582,1098176,0.0,0.0
2020-03-12 00:00:00-04:00,1.2077289819717407,1.3486310243606567,1.1473430395126343,1.2479870319366455,1951927,0.0,0.0
2020-03-13 00:00:00-04:00,1.3405799865722656,1.3607089519500732,1.1956520080566406,1.324476957321167,1650618,0.0,0.0
2020-03-16 00:00:00-04:00,1.127213954925537,1.2761670351028442,1.127213954925537,1.127213954925537,1500336,0.0,0.0
2020-03-17 00:00:00-04:00,1.1473430395126343,1.1835750341415405,1.046699047088623,1.0869569778442383,1468292,0.0,0.0
2020-03-18 00:00:00-04:00,1.0587760210037231,1.0668280124664307,0.7729470133781433,0.9218999743461609,2951737,0.0,0.0
2020-03-19 00:00:00-04:00,0.8494359850883484,1.0144929885864258,0.8494359850883484,0.970209002494812,1510520,0.0,0.0
2020-03-20 00:00:00-04:00,1.0064409971237183,1.022544026374817,0.8454110026359558,0.8615139722824097,1799410,0.0,0.0
2020-03-23 00:00:00-04:00,0.8695650100708008,0.9178739786148071,0.8252819776535034,0.8896939754486084,1068617,0.0,0.0
2020-03-24 00:00:00-04:00,0.9863119721412659,1.0386470556259155,0.9500809907913208,1.0185190439224243,1258891,0.0,0.0
2020-03-25 00:00:00-04:00,1.0305960178375244,1.2600640058517456,1.0144929885864258,1.1594200134277344,2202563,0.0,0.0
2020-03-26 00:00:00-04:00,1.2117550373077393,1.2117550373077393,1.1070849895477295,1.1312400102615356,1589015,0.0,0.0
2020-03-27 00:00:00-04:00,1.1070849895477295,1.115136981010437,1.022544026374817,1.0547499656677246,928768,0.0,0.0
2020-03-30 00:00:00-04:00,1.0346219539642334,1.103060007095337,0.9661840200424194,1.0869569778442383,1815804,0.0,0.0
2020-03-31 00:00:00-04:00,1.111111044883728,1.1634459495544434,1.0708529949188232,1.0708529949188232,829904,0.0,0.0
2020-04-01 00:00:00-04:00,1.0104670524597168,1.0829310417175293,0.9863119721412659,0.9983900189399719,587218,0.0,0.0
2020-04-02 00:00:00-04:00,0.9621580243110657,1.0909819602966309,0.9621580243110657,1.022544026374817,682106,0.0,0.0
2020-04-03 00:00:00-04:00,0.9983900189399719,1.0547499656677246,0.9903380274772644,0.9943640232086182,495558,0.0,0.0
2020-04-06 00:00:00-04:00,1.0748790502548218,1.127213954925537,1.0386470556259155,1.0990339517593384,948888,0.0,0.0
2020-04-07 00:00:00-04:00,1.1594200134277344,1.1956520080566406,1.0990339517593384,1.1070849895477295,1041293,0.0,0.0
2020-04-08 00:00:00-04:00,1.1553950309753418,1.1835750341415405,1.103060007095337,1.1835750341415405,1008007,0.0,0.0
2020-04-09 00:00:00-04:00,1.1956520080566406,1.2922710180282593,1.191625952720642,1.2640899419784546,1175677,0.0,0.0
2020-04-13 00:00:00-04:00,1.2479870319366455,1.2801929712295532,1.167472004890442,1.2238329648971558,998071,0.0,0.0
2020-04-14 00:00:00-04:00,1.256039023399353,1.3043479919433594,1.2238329648971558,1.2479870319366455,956837,0.0,0.0
2020-04-15 00:00:00-04:00,1.2278579473495483,1.243960976600647,1.1876009702682495,1.2278579473495483,615535,0.0,0.0
2020-04-16 00:00:00-04:00,1.2359100580215454,1.2801929712295532,1.1996779441833496,1.2117550373077393,582001,0.0,0.0
2020-04-17 00:00:00-04:00,1.2882449626922607,1.308374047279358,1.2278579473495483,1.2640899419784546,877349,0.0,0.0
2020-04-20 00:00:00-04:00,1.2278579473495483,1.2399359941482544,1.191625952720642,1.1956520080566406,1113080,0.0,0.0
2020-04-21 00:00:00-04:00,1.167472004890442,1.1835750341415405,1.127213954925537,1.1513689756393433,866668,0.0,0.0
2020-04-22 00:00:00-04:00,1.167472004890442,1.2198070287704468,1.1634459495544434,1.2077289819717407,526856,0.0,0.0
2020-04-23 00:00:00-04:00,1.243960976600647,1.2600640058517456,1.2117550373077393,1.2238329648971558,693036,0.0,0.0
2020-04-24 00:00:00-04:00,1.2359100580215454,1.243960976600647,1.179548978805542,1.2198070287704468,454075,0.0,0.0
2020-04-27 00:00:00-04:00,1.2117550373077393,1.2721420526504517,1.2117550373077393,1.2359100580215454,805561,0.0,0.0
2020-04-28 00:00:00-04:00,1.2479870319366455,1.2721420526504517,1.2238329648971558,1.2318840026855469,569084,0.0,0.0
2020-04-29 00:00:00-04:00,1.256039023399353,1.388888955116272,1.256039023399353,1.3687599897384644,2223428,0.0,0.0
2020-04-30 00:00:00-04:00,1.384863018989563,1.4412239789962769,1.3285020589828491,1.3405799865722656,1306832,0.0,0.0
2020-05-01 00:00:00-04:00,1.3405799865722656,1.3405799865722656,1.2117550373077393,1.2318840026855469,773518,0.0,0.0
2020-05-04 00:00:00-04:00,1.2318840026855469,1.256039023399353,1.179548978805542,1.2318840026855469,613300,0.0,0.0
2020-05-05 00:00:00-04:00,1.243960976600647,1.320451021194458,1.243960976600647,1.2721420526504517,658508,0.0,0.0
2020-05-06 00:00:00-04:00,1.2761670351028442,1.3365540504455566,1.2761670351028442,1.3043479919433594,589950,0.0,0.0
2020-05-07 00:00:00-04:00,1.3365540504455566,1.3607089519500732,1.2922710180282593,1.3526569604873657,558155,0.0,0.0
2020-05-08 00:00:00-04:00,1.3486310243606567,1.372786045074463,1.3164249658584595,1.3607089519500732,903928,0.0,0.0
2020-05-11 00:00:00-04:00,1.320451021194458,1.4452500343322754,1.3164249658584595,1.4331719875335693,1035828,0.0,0.0
2020-05-12 00:00:00-04:00,1.4371980428695679,1.4452500343322754,1.332527995109558,1.3446049690246582,1011236,0.0,0.0
2020-05-13 00:00:00-04:00,1.3285020589828491,1.3566830158233643,1.2520129680633545,1.2600640058517456,788422,0.0,0.0
2020-05-14 00:00:00-04:00,1.256039023399353,1.324476957321167,1.1996779441833496,1.2962960004806519,751907,0.0,0.0
2020-05-15 00:00:00-04:00,1.3003220558166504,1.3687599897384644,1.2681159973144531,1.3687599897384644,676642,0.0,0.0
2020-05-18 00:00:00-04:00,1.4009660482406616,1.4694039821624756,1.3446049690246582,1.384863018989563,1057190,0.0,0.0
2020-05-19 00:00:00-04:00,1.384863018989563,1.477455973625183,1.3486310243606567,1.453300952911377,1453140,0.0,0.0
2020-05-20 00:00:00-04:00,1.477455973625183,1.5740740299224854,1.4653780460357666,1.5539449453353882,1136678,0.0,0.0
2020-05-21 00:00:00-04:00,1.5740740299224854,1.6666669845581055,1.5619970560073853,1.6344610452651978,1487916,0.0,0.0
2020-05-22 00:00:00-04:00,1.606279969215393,1.6505639553070068,1.594202995300293,1.606279969215393,775256,0.0,0.0
2020-05-26 00:00:00-04:00,1.670691967010498,1.6908210515975952,1.5821260213851929,1.5982290506362915,1186855,0.0,0.0
2020-05-27 00:00:00-04:00,1.606279969215393,1.6384860277175903,1.541867971420288,1.6143319606781006,855738,0.0,0.0
2020-05-28 00:00:00-04:00,1.6505639553070068,1.7149759531021118,1.6103060245513916,1.6908210515975952,1707998,0.0,0.0
2020-05-29 00:00:00-04:00,1.6787439584732056,1.7109500169754028,1.6183569431304932,1.658614993095398,880330,0.0,0.0
2020-06-01 00:00:00-04:00,1.6948469877243042,1.8840579986572266,1.658614993095398,1.876006007194519,1658318,0.0,0.0
2020-06-02 00:00:00-04:00,1.9041869640350342,1.9887280464172363,1.8478260040283203,1.863929033279419,1643911,0.0,0.0
2020-06-03 00:00:00-04:00,1.8719810247421265,1.9847019910812378,1.8518520593643188,1.9645730257034302,1881878,0.0,0.0
2020-06-04 00:00:00-04:00,1.9847019910812378,2.1497581005096436,1.944443941116333,2.08132004737854,2541380,0.0,0.0
2020-06-05 00:00:00-04:00,2.1135270595550537,2.18599009513855,1.9605480432510376,2.0169079303741455,1934291,0.0,0.0
2020-06-08 00:00:00-04:00,2.0209341049194336,2.037036895751953,1.8961349725723267,1.996778964996338,1462082,0.0,0.0
2020-06-09 00:00:00-04:00,1.95249605178833,2.008857011795044,1.9162640571594238,1.9484699964523315,965282,0.0,0.0
2020-06-10 00:00:00-04:00,1.9605480432510376,1.9605480432510376,1.7391300201416016,1.8276970386505127,2170271,0.0,0.0
2020-06-11 00:00:00-04:00,1.6988730430603027,1.7793879508972168,1.6143319606781006,1.6223829984664917,2067930,0.0,0.0
2020-06-12 00:00:00-04:00,1.7149759531021118,1.7270530462265015,1.590177059173584,1.670691967010498,1435255,0.0,0.0
2020-06-15 00:00:00-04:00,1.590177059173584,1.658614993095398,1.5660229921340942,1.6103060245513916,1049738,0.0,0.0
2020-06-16 00:00:00-04:00,1.6988730430603027,1.811594009399414,1.6626410484313965,1.7592589855194092,1669745,0.0,0.0
2020-06-17 00:00:00-04:00,1.7713370323181152,1.876006007194519,1.6948469877243042,1.8558779954910278,3374514,0.0,0.0
2020-06-18 00:00:00-04:00,1.880031943321228,1.956521987915039,1.811594009399414,1.892109990119934,2106184,0.0,0.0
2020-06-19 00:00:00-04:00,1.928341031074524,1.9645730257034302,1.799517035484314,1.8276970386505127,1475744,0.0,0.0
2020-06-22 00:00:00-04:00,1.811594009399414,1.863929033279419,1.751207947731018,1.8518520593643188,961556,0.0,0.0
2020-06-23 00:00:00-04:00,1.9001610279083252,1.928341031074524,1.8075679540634155,1.8276970386505127,1062655,0.0,0.0
2020-06-24 00:00:00-04:00,1.799517035484314,1.8437999486923218,1.7109500169754028,1.7632850408554077,1086502,0.0,0.0
2020-06-25 00:00:00-04:00,1.7793879508972168,1.811594009399414,1.7270530462265015,1.803542971611023,1071598,0.0,0.0
2020-06-26 00:00:00-04:00,1.811594009399414,1.811594009399414,1.7149759531021118,1.7310789823532104,803822,0.0,0.0
2020-06-29 00:00:00-04:00,1.7632850408554077,1.876006007194519,1.7310789823532104,1.8518520593643188,1795684,0.0,0.0
2020-06-30 00:00:00-04:00,1.8840579986572266,2.089371919631958,1.863929033279419,2.041063070297241,4691034,0.0,0.0
2020-07-01 00:00:00-04:00,2.0531399250030518,2.1135270595550537,1.944443941116333,2.097424030303955,2066936,0.0,0.0
2020-07-02 00:00:00-04:00,2.1296300888061523,2.133655071258545,2.0289859771728516,2.061192035675049,1899515,0.0,0.0
2020-07-06 00:00:00-04:00,2.1256039142608643,2.3389689922332764,2.0732688903808594,2.27858304977417,5051462,0.0,0.0
2020-07-07 00:00:00-04:00,2.2866339683532715,2.2866339683532715,2.1215779781341553,2.1497581005096436,2951737,0.0,0.0
2020-07-08 00:00:00-04:00,2.1578099727630615,2.2624800205230713,2.08132004737854,2.1578099727630615,2026696,0.0,0.0
2020-07-09 00:00:00-04:00,2.2020928859710693,2.2020928859710693,2.08132004737854,2.1054749488830566,1680923,0.0,0.0
2020-07-10 00:00:00-04:00,2.04508900642395,2.1175520420074463,2.000804901123047,2.1095008850097656,1619320,0.0,0.0
2020-07-13 00:00:00-04:00,2.1658620834350586,2.1940419673919678,2.0289859771728516,2.041063070297241,2385634,0.0,0.0
2020-07-14 00:00:00-04:00,2.037036895751953,2.0692429542541504,1.9605480432510376,2.0491139888763428,1285222,0.0,0.0
2020-07-15 00:00:00-04:00,2.093398094177246,2.1980679035186768,2.061192035675049,2.177938938140869,1393524,0.0,0.0
2020-07-16 00:00:00-04:00,2.17391300201416,2.177938938140869,2.0692429542541504,2.1014490127563477,869400,0.0,0.0
2020-07-17 00:00:00-04:00,2.133655071258545,2.1819651126861572,2.097424030303955,2.1215779781341553,887782,0.0,0.0
2020-07-20 00:00:00-04:00,2.177938938140869,2.3268918991088867,2.1215779781341553,2.318840980529785,2731655,0.0,0.0
2020-07-21 00:00:00-04:00,2.355072021484375,2.471820116043091,2.27858304977417,2.2987120151519775,2229390,0.0,0.0
2020-07-22 00:00:00-04:00,2.274557113647461,2.3268918991088867,2.1819651126861572,2.1980679035186768,1472515,0.0,0.0
2020-07-23 00:00:00-04:00,2.270530939102173,2.367150068283081,2.2141709327697754,2.2383251190185547,1777799,0.0,0.0
2020-07-24 00:00:00-04:00,2.2383251190185547,2.3510470390319824,2.1940419673919678,2.3268918991088867,1713960,0.0,0.0
2020-07-27 00:00:00-04:00,2.355072021484375,2.685184955596924,2.3470211029052734,2.665055990219116,6520748,0.0,0.0
2020-07-28 00:00:00-04:00,2.7576489448547363,2.8019320964813232,2.528179883956909,2.5684380531311035,4225781,0.0,0.0
2020-07-29 00:00:00-04:00,2.5764899253845215,2.6046700477600098,2.4838969707489014,2.5241549015045166,1946214,0.0,0.0
2020-07-30 00:00:00-04:00,2.4597420692443848,2.5724639892578125,2.3872790336608887,2.5,2280064,0.0,0.0
2020-07-31 00:00:00-04:00,2.5,2.548309087753296,2.4315619468688965,2.4637680053710938,1426810,0.0,0.0
2020-08-03 00:00:00-04:00,2.4758450984954834,2.5322060585021973,2.419485092163086,2.5161030292510986,1199772,0.0,0.0
2020-08-04 00:00:00-04:00,2.528179883956909,2.773751974105835,2.504025936126709,2.717391014099121,2737865,0.0,0.0
2020-08-05 00:00:00-04:00,2.7576489448547363,2.9468600749969482,2.7576489448547363,2.8421900272369385,2900318,0.0,0.0
2020-08-06 00:00:00-04:00,2.8904991149902344,3.0112719535827637,2.8421900272369385,2.8743960857391357,2474809,0.0,0.0
2020-08-07 00:00:00-04:00,2.8784220218658447,2.8985509872436523,2.7334940433502197,2.8462159633636475,2146424,0.0,0.0
2020-08-10 00:00:00-04:00,2.866344928741455,2.958936929702759,2.8341379165649414,2.9227049350738525,1707253,0.0,0.0
2020-08-11 00:00:00-04:00,2.9710140228271484,3.079710006713867,2.8784220218658447,2.966989040374756,2801455,0.0,0.0
2020-08-12 00:00:00-04:00,2.999195098876953,3.051529884338379,2.8421900272369385,2.862318992614746,2216473,0.0,0.0
2020-08-13 00:00:00-04:00,2.866344928741455,2.9790658950805664,2.8502418994903564,2.95491099357605,1724393,0.0,0.0
2020-08-14 00:00:00-04:00,3.0314009189605713,3.212559938430786,2.962963104248047,3.180354118347168,3480581,0.0,0.0
2020-08-17 00:00:00-04:00,3.3132050037384033,3.6634459495544434,3.2809979915618896,3.6151371002197266,7828823,0.0,0.0
2020-08-18 00:00:00-04:00,3.683574914932251,3.683574914932251,2.999195098876953,3.0595810413360596,11473348,0.0,0.0
2020-08-19 00:00:00-04:00,3.055556058883667,3.2930760383605957,3.0233490467071533,3.2850239276885986,5638928,0.0,0.0
2020-08-20 00:00:00-04:00,3.2689208984375,3.2850239276885986,3.0636069774627686,3.1199679374694824,5103378,0.0,0.0
2020-08-21 00:00:00-04:00,3.103864908218384,3.1239941120147705,2.9508860111236572,3.091787099838257,4156477,0.0,0.0
2020-08-24 00:00:00-04:00,3.132045030593872,3.1642510890960693,2.7576489448547363,2.7979071140289307,5000044,0.0,0.0
2020-08-25 00:00:00-04:00,2.777777910232544,2.8019320964813232,2.5362319946289062,2.693237066268921,4990853,0.0,0.0
2020-08-26 00:00:00-04:00,2.7133660316467285,2.9750399589538574,2.6610310077667236,2.8502418994903564,4285148,0.0,0.0
2020-08-27 00:00:00-04:00,2.82608699798584,2.8945250511169434,2.7334940433502197,2.7898550033569336,1994155,0.0,0.0
2020-08-28 00:00:00-04:00,2.8180348873138428,3.075684070587158,2.81400990486145,2.9750399589538574,3406309,0.0,0.0
2020-08-31 00:00:00-04:00,3.075684070587158,3.317229986190796,2.9830920696258545,3.180354118347168,5141135,0.0,0.0
2020-09-01 00:00:00-04:00,3.180354118347168,3.2326889038085938,3.0636069774627686,3.1964569091796875,3142757,0.0,0.0
2020-09-02 00:00:00-04:00,3.212559938430786,3.212559938430786,3.0072460174560547,3.1602249145507812,2310617,0.0,0.0
2020-09-03 00:00:00-04:00,3.1119160652160645,3.1119160652160645,2.8743960857391357,2.910628080368042,3687498,0.0,0.0
2020-09-04 00:00:00-04:00,2.8824479579925537,2.962963104248047,2.693237066268921,2.9307570457458496,3429410,0.0,0.0
2020-09-08 00:00:00-04:00,2.8180348873138428,2.9790658950805664,2.781804084777832,2.858293056488037,1976767,0.0,0.0
2020-09-09 00:00:00-04:00,2.9508860111236572,3.039452075958252,2.862318992614746,2.902575969696045,1630994,0.0,0.0
2020-09-10 00:00:00-04:00,2.95491099357605,2.995168924331665,2.8341379165649414,2.858293056488037,1484687,0.0,0.0
2020-09-11 00:00:00-04:00,2.8784220218658447,2.9227049350738525,2.7979071140289307,2.822061061859131,1566659,0.0,0.0
2020-09-14 00:00:00-04:00,2.8945250511169434,3.3091790676116943,2.8743960857391357,3.2809979915618896,7857140,0.0,0.0
2020-09-15 00:00:00-04:00,3.365539073944092,3.6996779441833496,3.3373589515686035,3.538646936416626,12224509,0.0,0.0
2020-09-16 00:00:00-04:00,3.6392910480499268,3.909018039703369,3.5346219539642334,3.6473429203033447,11037157,0.0,0.0
2020-09-17 00:00:00-04:00,3.538646936416626,3.8365540504455566,3.4460549354553223,3.8325281143188477,5414126,0.0,0.0
2020-09-18 00:00:00-04:00,3.9694039821624756,4.516908168792725,3.8405799865722656,4.150564193725586,23613152,0.0,0.0
2020-09-21 00:00:00-04:00,4.1626410484313965,4.235105037689209,3.6634459495544434,3.957326889038086,12605306,0.0,0.0
2020-09-22 00:00:00-04:00,3.9734299182891846,3.989532947540283,3.4742350578308105,3.6392910480499268,11268169,0.0,0.0
2020-09-23 00:00:00-04:00,3.4299519062042236,3.4460549354553223,2.8180348873138428,2.854266881942749,16108492,0.0,0.0
2020-09-24 00:00:00-04:00,2.717391014099121,3.04750394821167,2.7012879848480225,2.8904991149902344,7771194,0.0,0.0
2020-09-25 00:00:00-04:00,2.858293056488037,3.599034070968628,2.854266881942749,3.4380030632019043,19155366,0.0,0.0
2020-09-28 00:00:00-04:00,4.070047855377197,4.488728046417236,3.7882449626922607,4.227053165435791,42970219,0.0,0.0
2020-09-29 00:00:00-04:00,3.9653780460357666,4.359902858734131,3.8929150104522705,4.271337032318115,22107103,0.0,0.0
2020-09-30 00:00:00-04:00,4.263285160064697,5.2053141593933105,4.214975833892822,4.585346221923828,38801570,0.0,0.0
2020-10-01 00:00:00-04:00,4.9315619468688965,5.181159019470215,4.726247787475586,5.032206058502197,25237192,0.0,0.0
2020-10-02 00:00:00-04:00,4.589372158050537,6.159420013427734,4.573268890380859,5.917873859405518,67340495,0.0,0.0
2020-10-05 00:00:00-04:00,6.5217390060424805,6.831723213195801,6.247986793518066,6.384862899780273,44531413,0.0,0.0
2020-10-06 00:00:00-04:00,6.388888835906982,6.437198162078857,5.475039958953857,5.551529884338379,34969752,0.0,0.0
2020-10-07 00:00:00-04:00,5.865539073944092,6.324477195739746,5.7004828453063965,5.962158203125,21240684,0.0,0.0
2020-10-08 00:00:00-04:00,6.147343158721924,6.175522804260254,5.744767189025879,5.950080871582031,10635991,0.0,0.0
2020-10-09 00:00:00-04:00,5.958131790161133,5.998390197753906,5.640097141265869,5.813204765319824,11353122,0.0,0.0
2020-10-12 00:00:00-04:00,5.7568440437316895,5.797101020812988,5.0764899253845215,5.120772838592529,15322057,0.0,0.0
2020-10-13 00:00:00-04:00,5.177134037017822,5.487117767333984,5.152978897094727,5.322061061859131,10622329,0.0,0.0
2020-10-14 00:00:00-04:00,5.354267120361328,5.44283390045166,5.132850170135498,5.265699863433838,5834419,0.0,0.0
2020-10-15 00:00:00-04:00,5.056361198425293,5.1570048332214355,4.871175765991211,5.128824234008789,6057482,0.0,0.0
2020-10-16 00:00:00-04:00,5.136876106262207,5.265699863433838,4.798711776733398,4.830917835235596,6960913,0.0,0.0
2020-10-19 00:00:00-04:00,4.9355878829956055,5.507246017456055,4.88325309753418,5.1610307693481445,17198222,0.0,0.0
2020-10-20 00:00:00-04:00,5.185184955596924,5.386473178863525,4.979870796203613,5.040257930755615,9124974,0.0,0.0
2020-10-21 00:00:00-04:00,4.9235100746154785,5.004025936126709,4.351851940155029,4.428340911865234,12571772,0.0,0.0
2020-10-22 00:00:00-04:00,4.307568073272705,4.549114227294922,4.2512078285217285,4.343800067901611,5459584,0.0,0.0
2020-10-23 00:00:00-04:00,4.400160789489746,4.508856773376465,4.210949897766113,4.275362014770508,4371840,0.0,0.0
2020-10-26 00:00:00-04:00,4.198873043060303,4.484702110290527,4.11433219909668,4.206923961639404,5146600,0.0,0.0
2020-10-27 00:00:00-04:00,4.275362014770508,4.315619945526123,3.9694039821624756,4.0217390060424805,6309112,0.0,0.0
2020-10-28 00:00:00-04:00,3.824476957321167,3.9331719875335693,3.7157809734344482,3.7238330841064453,5581300,0.0,0.0
2020-10-29 00:00:00-04:00,3.7520129680633545,4.1666669845581055,3.7479870319366455,4.070047855377197,7318609,0.0,0.0
2020-10-30 00:00:00-04:00,4.0257649421691895,4.1022539138793945,3.7117550373077393,3.868760108947754,4713638,0.0,0.0
2020-11-02 00:00:00-05:00,3.9452500343322754,4.041868209838867,3.8566830158233643,3.9210948944091797,3691721,0.0,0.0
2020-11-03 00:00:00-05:00,4.086151123046875,4.283413887023926,4.001609802246094,4.255232810974121,6810134,0.0,0.0
2020-11-04 00:00:00-05:00,4.186795234680176,4.263285160064697,3.8929150104522705,4.0257649421691895,7458210,0.0,0.0
2020-11-05 00:00:00-05:00,4.1586151123046875,4.500804901123047,4.053945064544678,4.464572906494141,10094479,0.0,0.0
2020-11-06 00:00:00-05:00,4.545088768005371,4.681964874267578,4.2512078285217285,4.371981143951416,9438952,0.0,0.0
2020-11-09 00:00:00-05:00,4.822865962982178,4.826891899108887,4.094202995300293,4.1062798500061035,10277302,0.0,0.0
2020-11-10 00:00:00-05:00,4.057971000671387,4.118357181549072,3.7842190265655518,3.9170689582824707,9105350,0.0,0.0
2020-11-11 00:00:00-05:00,4.033815860748291,4.066022872924805,3.820451021194458,4.037841796875,9672448,0.0,0.0
2020-11-12 00:00:00-05:00,4.037841796875,4.1626410484313965,3.9331719875335693,3.961353063583374,9012697,0.0,0.0
2020-11-13 00:00:00-05:00,4.005636215209961,4.376006126403809,3.9331719875335693,4.355877876281738,10827259,0.0,0.0
2020-11-16 00:00:00-05:00,4.4404191970825195,4.88325309753418,4.182769775390625,4.810789108276367,13484146,0.0,0.0
2020-11-17 00:00:00-05:00,4.806763172149658,4.826891899108887,4.412238121032715,4.56924295425415,11927174,0.0,0.0
2020-11-18 00:00:00-05:00,4.597424030303955,4.617551803588867,4.319645881652832,4.343800067901611,9781495,0.0,0.0
2020-11-19 00:00:00-05:00,4.263285160064697,4.456521987915039,4.227053165435791,4.255232810974121,7754303,0.0,0.0
2020-11-20 00:00:00-05:00,4.33574914932251,4.367955207824707,4.150564193725586,4.1626410484313965,7448274,0.0,0.0
2020-11-23 00:00:00-05:00,4.255232810974121,4.444444179534912,4.134460926055908,4.186795234680176,12611020,0.0,0.0
2020-11-24 00:00:00-05:00,4.319645881652832,4.782608985900879,4.219001770019531,4.287439823150635,19706069,0.0,0.0
2020-11-25 00:00:00-05:00,4.327696800231934,4.480676174163818,4.178743839263916,4.45249605178833,10639469,0.0,0.0
2020-11-27 00:00:00-05:00,4.545088768005371,5.024155139923096,4.45249605178833,4.637681007385254,22751701,0.0,0.0
2020-11-30 00:00:00-05:00,5.008051872253418,5.032206058502197,4.408213138580322,4.533010959625244,14440486,0.0,0.0
2020-12-01 00:00:00-05:00,4.573268890380859,4.766506195068359,4.541062831878662,4.613526821136475,8996800,0.0,0.0
2020-12-02 00:00:00-05:00,4.480676174163818,4.528985977172852,4.12640905380249,4.359902858734131,10149127,0.0,0.0
2020-12-03 00:00:00-05:00,4.396134853363037,4.408213138580322,4.186795234680176,4.198873043060303,7840746,0.0,0.0
2020-12-04 00:00:00-05:00,4.2512078285217285,4.263285160064697,4.057971000671387,4.1022539138793945,9150559,0.0,0.0
2020-12-07 00:00:00-05:00,4.1103057861328125,4.239130020141602,4.1103057861328125,4.235105037689209,7304450,0.0,0.0
2020-12-08 00:00:00-05:00,4.235105037689209,4.279387950897217,4.094202995300293,4.2471818923950195,8038969,0.0,0.0
2020-12-09 00:00:00-05:00,4.2995171546936035,4.3035430908203125,3.953300952911377,4.049919128417969,10288231,0.0,0.0
2020-12-10 00:00:00-05:00,3.985507011413574,4.098228931427002,3.9291470050811768,3.993558883666992,6634516,0.0,0.0
2020-12-11 00:00:00-05:00,3.993558883666992,4.0217390060424805,3.7198069095611572,3.8043479919433594,11106709,0.0,0.0
2020-12-14 00:00:00-05:00,3.876811981201172,3.876811981201172,3.6151371002197266,3.623188018798828,9918364,0.0,0.0
2020-12-15 00:00:00-05:00,3.675523042678833,3.9291470050811768,3.603060007095337,3.909018039703369,10857067,0.0,0.0
2020-12-16 00:00:00-05:00,3.9371979236602783,3.9814810752868652,3.772141933441162,3.824476957321167,7173544,0.0,0.0
2020-12-17 00:00:00-05:00,3.868760108947754,3.9251210689544678,3.7439610958099365,3.772141933441162,5972778,0.0,0.0
2020-12-18 00:00:00-05:00,3.7761669158935547,3.9251210689544678,3.7117550373077393,3.760063886642456,11506385,0.0,0.0
2020-12-21 00:00:00-05:00,3.7238330841064453,3.768115997314453,3.635266065597534,3.768115997314453,7925450,0.0,0.0
2020-12-22 00:00:00-05:00,3.8888890743255615,4.702093124389648,3.8526570796966553,4.56924295425415,37990048,0.0,0.0
2020-12-23 00:00:00-05:00,4.818840980529785,5.225442886352539,4.581319808959961,5.004025936126709,37188709,0.0,0.0
2020-12-24 00:00:00-05:00,5.004025936126709,5.108695983886719,4.67391300201416,4.955717086791992,12153467,0.0,0.0
2020-12-28 00:00:00-05:00,4.991948127746582,5.591786861419678,4.943638801574707,4.963768005371094,25506954,0.0,0.0
2020-12-29 00:00:00-05:00,5.096618175506592,5.108695983886719,4.609500885009766,4.798711776733398,13882082,0.0,0.0
2020-12-30 00:00:00-05:00,4.7946858406066895,5.10467004776001,4.7866339683532715,4.9235100746154785,12842032,0.0,0.0
2020-12-31 00:00:00-05:00,4.967793941497803,5.132850170135498,4.750402927398682,5.052334785461426,10241780,0.0,0.0
2021-01-04 00:00:00-05:00,5.2133660316467285,5.527375221252441,5.0644121170043945,5.446859836578369,16342484,0.0,0.0
2021-01-05 00:00:00-05:00,5.43075704574585,6.042673110961914,5.43075704574585,5.8937201499938965,18969314,0.0,0.0
2021-01-06 00:00:00-05:00,6.046699047088623,7.004830837249756,5.958131790161133,6.437198162078857,30539538,0.0,0.0
2021-01-07 00:00:00-05:00,6.7954912185668945,7.648952960968018,6.714975833892822,7.644927978515625,28962446,0.0,0.0
2021-01-08 00:00:00-05:00,8.011272430419922,8.031400680541992,7.097424030303955,7.781804084777832,23928372,0.0,0.0
2021-01-11 00:00:00-05:00,7.202093124389648,7.729468822479248,6.791464805603027,7.479870796203613,13107820,0.0,0.0
2021-01-12 00:00:00-05:00,7.5644121170043945,7.717391014099121,7.165862083435059,7.681159019470215,11955492,0.0,0.0
2021-01-13 00:00:00-05:00,7.729468822479248,8.796296119689941,7.673108100891113,8.643317222595215,22431017,0.0,0.0
2021-01-14 00:00:00-05:00,8.470209121704102,9.05394458770752,8.333333015441895,8.631239891052246,16251570,0.0,0.0
2021-01-15 00:00:00-05:00,8.550724983215332,8.743961334228516,7.991143226623535,8.26489543914795,11615681,0.0,0.0
2021-01-19 00:00:00-05:00,9.842994689941406,11.574073791503906,9.476651191711426,10.797101020812988,51125440,0.0,0.0
2021-01-20 00:00:00-05:00,9.3317232131958,9.496779441833496,8.675522804260254,8.949275016784668,68928019,0.0,0.0
2021-01-21 00:00:00-05:00,9.307567596435547,9.54106330871582,8.868760108947754,9.2310791015625,37675573,0.0,0.0
2021-01-22 00:00:00-05:00,9.02173900604248,9.359903335571289,8.88888931274414,9.351852416992188,21542490,0.0,0.0
2021-01-25 00:00:00-05:00,9.677939414978027,10.128824234008789,9.005636215209961,9.279388427734375,33572254,0.0,0.0
2021-01-26 00:00:00-05:00,9.34782600402832,9.504831314086914,8.80434799194336,9.009661674499512,19918948,0.0,0.0
2021-01-27 00:00:00-05:00,8.357487678527832,8.703703880310059,7.902575969696045,8.164251327514648,21644831,0.0,0.0
2021-01-28 00:00:00-05:00,8.083736419677734,8.389694213867188,7.471819877624512,7.975039958953857,20134310,0.0,0.0
2021-01-29 00:00:00-05:00,7.966989040374756,8.534622192382812,7.789855003356934,7.934782981872559,14522209,0.0,0.0
2021-02-01 00:00:00-05:00,8.337359428405762,8.603059768676758,7.745572090148926,7.749597072601318,21430958,0.0,0.0
2021-02-02 00:00:00-05:00,7.962963104248047,7.991143226623535,7.580514907836914,7.761674880981445,15458180,0.0,0.0
2021-02-03 00:00:00-05:00,7.918680191040039,8.433977127075195,7.858293056488037,8.341384887695312,19094508,0.0,0.0
2021-02-04 00:00:00-05:00,8.413848876953125,8.413848876953125,7.902575969696045,8.103864669799805,12802288,0.0,0.0
2021-02-05 00:00:00-05:00,8.192432403564453,8.236715316772461,7.814010143280029,7.926731109619141,11574446,0.0,0.0
2021-02-08 00:00:00-05:00,8.031400680541992,9.335748672485352,7.898550987243652,9.086151123046875,29283131,0.0,0.0
2021-02-09 00:00:00-05:00,8.92109489440918,9.037841796875,8.679549217224121,8.989533424377441,14392296,0.0,0.0
2021-02-10 00:00:00-05:00,9.206924438476562,9.734299659729004,8.164251327514648,8.542673110961914,20674084,0.0,0.0
2021-02-11 00:00:00-05:00,8.603059768676758,8.764089584350586,8.204508781433105,8.683574676513672,14158800,0.0,0.0
2021-02-12 00:00:00-05:00,8.69565200805664,9.38003158569336,8.482287406921387,9.03381633758545,19442268,0.0,0.0
2021-02-16 00:00:00-05:00,9.476651191711426,9.609500885009766,8.880837440490723,9.049919128417969,16384961,0.0,0.0
2021-02-17 00:00:00-05:00,9.05394458770752,9.057971000671387,8.232688903808594,8.494363784790039,13448624,0.0,0.0
2021-02-18 00:00:00-05:00,8.212559700012207,8.333333015441895,7.749597072601318,7.934782981872559,14817060,0.0,0.0
2021-02-19 00:00:00-05:00,8.115942001342773,8.623188018798828,8.107890129089355,8.46618366241455,13039758,0.0,0.0
2021-02-22 00:00:00-05:00,8.208535194396973,8.313204765319824,7.971014022827148,7.979065895080566,9853283,0.0,0.0
2021-02-23 00:00:00-05:00,7.580514907836914,7.580514907836914,6.324477195739746,7.443638801574707,18230324,0.0,0.0
2021-02-24 00:00:00-05:00,7.552334785461426,8.071659088134766,7.403381824493408,7.971014022827148,10414667,0.0,0.0
2021-02-25 00:00:00-05:00,7.950885772705078,8.224637985229492,7.226247787475586,7.375201225280762,12970206,0.0,0.0
2021-02-26 00:00:00-05:00,7.306763172149658,7.600644111633301,7.073268890380859,7.528180122375488,10185145,0.0,0.0
2021-03-01 00:00:00-05:00,7.773752212524414,7.93075704574585,7.5120768547058105,7.644927978515625,8207384,0.0,0.0
2021-03-02 00:00:00-05:00,7.749597072601318,8.132044792175293,7.544282913208008,7.608695983886719,10956427,0.0,0.0
2021-03-03 00:00:00-05:00,7.648952960968018,7.697261810302734,6.7431559562683105,6.7471818923950195,14277038,0.0,0.0
2021-03-04 00:00:00-05:00,6.6626410484313965,6.984702110290527,5.869565010070801,6.155395030975342,19343653,0.0,0.0
2021-03-05 00:00:00-05:00,6.252013206481934,6.252013206481934,5.314010143280029,6.002415180206299,16702664,0.0,0.0
2021-03-08 00:00:00-05:00,5.998390197753906,6.175522804260254,5.736714839935303,5.805152893066406,9906937,0.0,0.0
2021-03-09 00:00:00-05:00,6.1191630363464355,6.598228931427002,6.006441116333008,6.400966167449951,10866010,0.0,0.0
2021-03-10 00:00:00-05:00,6.6022539138793945,6.650564193725586,6.187601089477539,6.348630905151367,12033738,0.0,0.0
2021-03-11 00:00:00-05:00,6.598228931427002,7.008856773376465,6.489532947540283,6.992753982543945,10169993,0.0,0.0
2021-03-12 00:00:00-05:00,6.6626410484313965,7.085346221923828,6.618357181549072,7.073268890380859,7049095,0.0,0.0
2021-03-15 00:00:00-04:00,7.117551803588867,7.141706943511963,6.86392879486084,7.004830837249756,7972646,0.0,0.0
2021-03-16 00:00:00-04:00,7.165862083435059,7.177938938140869,6.5217390060424805,6.541868209838867,8898185,0.0,0.0
2021-03-17 00:00:00-04:00,6.256039142608643,6.9404191970825195,6.215781211853027,6.831723213195801,7276878,0.0,0.0
2021-03-18 00:00:00-04:00,6.678743839263916,6.843800067901611,6.392914772033691,6.409018039703369,6725678,0.0,0.0
2021-03-19 00:00:00-04:00,6.400966167449951,6.541868209838867,6.268115997314453,6.429146766662598,11091557,0.0,0.0
2021-03-22 00:00:00-04:00,6.638485908508301,6.771337032318115,6.4653778076171875,6.578100204467773,5648368,0.0,0.0
2021-03-23 00:00:00-04:00,6.501609802246094,6.578100204467773,6.111111164093018,6.171497821807861,6335194,0.0,0.0
2021-03-24 00:00:00-04:00,6.19967794418335,6.231884002685547,5.688405990600586,5.688405990600586,9707969,0.0,0.0
2021-03-25 00:00:00-04:00,5.479065895080566,5.865539073944092,5.454911231994629,5.8373589515686035,8369590,0.0,0.0
2021-03-26 00:00:00-04:00,5.925926208496094,6.07890510559082,5.6078901290893555,5.85748815536499,6802186,0.0,0.0
2021-03-29 00:00:00-04:00,5.801126956939697,5.8413848876953125,5.523348808288574,5.615942001342773,6764429,0.0,0.0
2021-03-30 00:00:00-04:00,5.535427093505859,5.797101020812988,5.418680191040039,5.772946834564209,12373052,0.0,0.0
2021-03-31 00:00:00-04:00,6.099033832550049,6.549919128417969,5.99033784866333,6.469404220581055,12941392,0.0,0.0
2021-04-01 00:00:00-04:00,7.053140163421631,7.053140163421631,6.304347991943359,6.388888835906982,16995528,0.0,0.0
2021-04-05 00:00:00-04:00,6.682769775390625,6.686795234680176,6.268115997314453,6.328502178192139,9401692,0.0,0.0
2021-04-06 00:00:00-04:00,6.312398910522461,6.505636215209961,6.219807147979736,6.388888835906982,6114863,0.0,0.0
2021-04-07 00:00:00-04:00,6.364734172821045,6.409018039703369,5.8977460861206055,5.938003063201904,8285134,0.0,0.0
2021-04-08 00:00:00-04:00,5.986311912536621,6.123188018798828,5.913848876953125,6.066827774047852,5400464,0.0,0.0
2021-04-09 00:00:00-04:00,5.99033784866333,6.074879169464111,5.909822940826416,5.986311912536621,4332841,0.0,0.0
2021-04-12 00:00:00-04:00,5.966184139251709,5.970209121704102,5.644122123718262,5.668276786804199,6602472,0.0,0.0
2021-04-13 00:00:00-04:00,5.7045087814331055,5.865539073944092,5.615942001342773,5.736714839935303,5643400,0.0,0.0
2021-04-14 00:00:00-04:00,5.829308032989502,6.195652008056641,5.772946834564209,5.87359094619751,9937490,0.0,0.0
2021-04-15 00:00:00-04:00,6.006441116333008,6.115137100219727,5.523348808288574,5.6078901290893555,9016423,0.0,0.0
2021-04-16 00:00:00-04:00,5.628018856048584,5.817230224609375,5.471014022827148,5.813204765319824,7086355,0.0,0.0
2021-04-19 00:00:00-04:00,5.869565010070801,5.986311912536621,5.619967937469482,5.7045087814331055,6606446,0.0,0.0
2021-04-20 00:00:00-04:00,5.676329135894775,5.7004828453063965,5.281804084777832,5.354267120361328,7989041,0.0,0.0
2021-04-21 00:00:00-04:00,5.301931858062744,5.543478012084961,5.1610307693481445,5.527375221252441,5774306,0.0,0.0
2021-04-22 00:00:00-04:00,5.7004828453063965,5.7045087814331055,5.434782981872559,5.515297889709473,7616192,0.0,0.0
2021-04-23 00:00:00-04:00,5.535427093505859,5.740740776062012,5.466989040374756,5.724637985229492,5899997,0.0,0.0
2021-04-26 00:00:00-04:00,5.8373589515686035,6.243960857391357,5.7568440437316895,6.159420013427734,10822788,0.0,0.0
2021-04-27 00:00:00-04:00,6.227858066558838,6.312398910522461,6.082931041717529,6.123188018798828,7420702,0.0,0.0
2021-04-28 00:00:00-04:00,6.054749965667725,6.151369094848633,5.8977460861206055,6.054749965667725,4953841,0.0,0.0
2021-04-29 00:00:00-04:00,6.1191630363464355,6.1191630363464355,5.720612049102783,5.869565010070801,6623089,0.0,0.0
2021-04-30 00:00:00-04:00,5.716586112976074,5.861514091491699,5.623993873596191,5.7004828453063965,6138461,0.0,0.0
2021-05-03 00:00:00-04:00,5.720612049102783,5.7528181076049805,5.491143226623535,5.523348808288574,5749715,0.0,0.0
2021-05-04 00:00:00-04:00,5.475039958953857,5.535427093505859,5.249597072601318,5.426731109619141,7277623,0.0,0.0
2021-05-05 00:00:00-04:00,5.507246017456055,5.515297889709473,5.305957794189453,5.406601905822754,7225956,0.0,0.0
2021-05-06 00:00:00-04:00,5.342189788818359,5.366344928741455,4.859097957611084,4.963768005371094,14426824,0.0,0.0
2021-05-07 00:00:00-04:00,5.032206058502197,5.450885772705078,5.032206058502197,5.366344928741455,8011397,0.0,0.0
2021-05-10 00:00:00-04:00,5.394525051116943,5.402575969696045,5.088566780090332,5.096618175506592,6594523,0.0,0.0
2021-05-11 00:00:00-04:00,4.847021102905273,5.305957794189453,4.810789108276367,5.269725799560547,7395862,0.0,0.0
2021-05-12 00:00:00-04:00,5.253623008728027,5.334137916564941,5.0603861808776855,5.0724639892578125,6135232,0.0,0.0
2021-05-13 00:00:00-04:00,5.052334785461426,5.193236827850342,4.766506195068359,4.863123893737793,8625938,0.0,0.0
2021-05-14 00:00:00-04:00,4.967793941497803,5.144927978515625,4.915459156036377,5.112720966339111,5176159,0.0,0.0
2021-05-17 00:00:00-04:00,5.132850170135498,5.342189788818359,5.052334785461426,5.334137916564941,4737733,0.0,0.0
2021-05-18 00:00:00-04:00,5.422705173492432,5.684380054473877,5.366344928741455,5.591786861419678,7113431,0.0,0.0
2021-05-19 00:00:00-04:00,5.3502421379089355,5.438807964324951,5.237520217895508,5.386473178863525,5197770,0.0,0.0
2021-05-20 00:00:00-04:00,5.587761878967285,5.587761878967285,5.305957794189453,5.422705173492432,4176846,0.0,0.0
2021-05-21 00:00:00-04:00,5.527375221252441,5.575684070587158,5.354267120361328,5.374395847320557,5084500,0.0,0.0
2021-05-24 00:00:00-04:00,5.386473178863525,5.571659088134766,5.297906875610352,5.539452075958252,3566527,0.0,0.0
2021-05-25 00:00:00-04:00,5.555555820465088,5.712560176849365,5.390499114990234,5.438807964324951,4257824,0.0,0.0
2021-05-26 00:00:00-04:00,5.450885772705078,5.797101020812988,5.450885772705078,5.776972770690918,5241240,0.0,0.0
2021-05-27 00:00:00-04:00,5.829308032989502,6.038647174835205,5.692431926727295,6.010467052459717,6496902,0.0,0.0
2021-05-28 00:00:00-04:00,6.167471885681152,6.280192852020264,6.018518924713135,6.159420013427734,6217949,0.0,0.0
2021-06-01 00:00:00-04:00,6.276166915893555,6.485507011413574,6.264090061187744,6.320450782775879,7832797,0.0,0.0
2021-06-02 00:00:00-04:00,6.396940231323242,6.437198162078857,6.175522804260254,6.352656841278076,5266577,0.0,0.0
2021-06-03 00:00:00-04:00,6.30032205581665,6.368760108947754,5.9822869300842285,6.252013206481934,5244221,0.0,0.0
2021-06-04 00:00:00-04:00,6.260064125061035,6.6022539138793945,6.260064125061035,6.457326889038086,5500818,0.0,0.0
2021-06-07 00:00:00-04:00,6.541868209838867,6.727053165435791,6.461352825164795,6.638485908508301,4872614,0.0,0.0
2021-06-08 00:00:00-04:00,6.6586151123046875,6.694847106933594,6.392914772033691,6.481481075286865,5837152,0.0,0.0
2021-06-09 00:00:00-04:00,6.449275016784668,6.529790878295898,6.187601089477539,6.203703880310059,5692334,0.0,0.0
2021-06-10 00:00:00-04:00,6.115137100219727,6.284218788146973,6.006441116333008,6.090981960296631,3908822,0.0,0.0
2021-06-11 00:00:00-04:00,6.163445949554443,6.231884002685547,5.954105854034424,6.0346221923828125,5927321,0.0,0.0
2021-06-14 00:00:00-04:00,5.8413848876953125,5.85748815536499,5.535427093505859,5.543478012084961,10807387,0.0,0.0
2021-06-15 00:00:00-04:00,5.539452075958252,5.619967937469482,5.305957794189453,5.406601905822754,7337984,0.0,0.0
2021-06-16 00:00:00-04:00,5.374395847320557,5.615942001342773,5.33816385269165,5.535427093505859,5047985,0.0,0.0
2021-06-17 00:00:00-04:00,5.515297889709473,5.551529884338379,5.32608699798584,5.475039958953857,6696864,0.0,0.0
2021-06-18 00:00:00-04:00,5.450885772705078,5.575684070587158,5.398550987243652,5.434782981872559,7566016,0.0,0.0
2021-06-21 00:00:00-04:00,5.511271953582764,5.563607215881348,5.281804084777832,5.563607215881348,4919562,0.0,0.0
2021-06-22 00:00:00-04:00,5.515297889709473,5.716586112976074,5.462963104248047,5.688405990600586,4169891,0.0,0.0
2021-06-23 00:00:00-04:00,5.817230224609375,6.014492988586426,5.7568440437316895,5.9742350578308105,6331964,0.0,0.0
2021-06-24 00:00:00-04:00,6.038647174835205,6.107085227966309,5.728662967681885,5.809178829193115,6298430,0.0,0.0
2021-06-25 00:00:00-04:00,5.88566780090332,5.938003063201904,5.728662967681885,5.760869979858398,4589438,0.0,0.0
2021-06-28 00:00:00-04:00,5.764894962310791,5.966184139251709,5.7487921714782715,5.929952144622803,4810018,0.0,0.0
2021-06-29 00:00:00-04:00,5.905797004699707,5.99033784866333,5.7487921714782715,5.764894962310791,3787603,0.0,0.0
2021-06-30 00:00:00-04:00,5.724637985229492,6.099033832550049,5.7045087814331055,5.9742350578308105,6129270,0.0,0.0
2021-07-01 00:00:00-04:00,5.966184139251709,5.9782609939575195,5.785024166107178,5.942028999328613,3351661,0.0,0.0
2021-07-02 00:00:00-04:00,5.901771068572998,6.070853233337402,5.728662967681885,5.85748815536499,4841316,0.0,0.0
2021-07-06 00:00:00-04:00,5.905797004699707,5.9782609939575195,5.515297889709473,5.603865146636963,6145416,0.0,0.0
2021-07-07 00:00:00-04:00,5.623993873596191,5.708535194396973,5.406601905822754,5.551529884338379,4983898,0.0,0.0
2021-07-08 00:00:00-04:00,5.322061061859131,5.507246017456055,5.289855003356934,5.434782981872559,3704141,0.0,0.0
2021-07-09 00:00:00-04:00,5.519323825836182,5.793076038360596,5.495169162750244,5.780998229980469,5409904,0.0,0.0
2021-07-12 00:00:00-04:00,5.7568440437316895,6.437198162078857,5.66425085067749,6.400966167449951,18848840,0.0,0.0
2021-07-13 00:00:00-04:00,6.324477195739746,6.324477195739746,5.994363784790039,6.014492988586426,10057716,0.0,0.0
2021-07-14 00:00:00-04:00,6.086956977844238,6.187601089477539,5.615942001342773,5.623993873596191,7723998,0.0,0.0
2021-07-15 00:00:00-04:00,5.615942001342773,5.8937201499938965,5.515297889709473,5.660224914550781,5277755,0.0,0.0
2021-07-16 00:00:00-04:00,5.684380054473877,5.684380054473877,5.277778148651123,5.33816385269165,6908749,0.0,0.0
2021-07-19 00:00:00-04:00,5.22141695022583,5.265699863433838,5.056361198425293,5.132850170135498,7858879,0.0,0.0
2021-07-20 00:00:00-04:00,5.173108100891113,5.422705173492432,5.056361198425293,5.398550987243652,5043265,0.0,0.0
2021-07-21 00:00:00-04:00,5.471014022827148,5.7487921714782715,5.446859836578369,5.712560176849365,5755428,0.0,0.0
2021-07-22 00:00:00-04:00,5.7045087814331055,5.7045087814331055,5.382448196411133,5.495169162750244,5141135,0.0,0.0
2021-07-23 00:00:00-04:00,5.503221035003662,5.527375221252441,5.197261810302734,5.237520217895508,6563225,0.0,0.0
2021-07-26 00:00:00-04:00,5.712560176849365,5.913848876953125,5.527375221252441,5.6078901290893555,14232575,0.0,0.0
2021-07-27 00:00:00-04:00,5.527375221252441,5.567633152008057,5.301931858062744,5.406601905822754,6493673,0.0,0.0
2021-07-28 00:00:00-04:00,5.426731109619141,5.6964569091796875,5.406601905822754,5.672303199768066,4829144,0.0,0.0
2021-07-29 00:00:00-04:00,5.716586112976074,6.139290809631348,5.6964569091796875,5.929952144622803,9981457,0.0,0.0
2021-07-30 00:00:00-04:00,5.7568440437316895,5.925926208496094,5.7568440437316895,5.881642818450928,3967445,0.0,0.0
2021-08-02 00:00:00-04:00,5.881642818450928,5.9822869300842285,5.555555820465088,5.668276786804199,6193606,0.0,0.0
2021-08-03 00:00:00-04:00,5.648148059844971,5.676329135894775,5.458937168121338,5.551529884338379,4503740,0.0,0.0
2021-08-04 00:00:00-04:00,5.543478012084961,5.660224914550781,5.402575969696045,5.410627841949463,4607572,0.0,0.0
2021-08-05 00:00:00-04:00,5.458937168121338,5.825282096862793,5.382448196411133,5.684380054473877,6791256,0.0,0.0
2021-08-06 00:00:00-04:00,5.789050102233887,6.002415180206299,5.583735942840576,5.962158203125,7775665,0.0,0.0
2021-08-09 00:00:00-04:00,5.8373589515686035,6.308373928070068,5.7045087814331055,6.227858066558838,10912709,0.0,0.0
2021-08-10 00:00:00-04:00,6.384862899780273,7.222221851348877,6.31642484664917,6.916264057159424,30339576,0.0,0.0
2021-08-11 00:00:00-04:00,7.109500885009766,7.495974063873291,6.84782600402832,7.125604152679443,29986600,0.0,0.0
2021-08-12 00:00:00-04:00,7.246376991271973,7.7133660316467285,6.984702110290527,7.7093400955200195,21663709,0.0,0.0
2021-08-13 00:00:00-04:00,7.801931858062744,8.353462219238281,7.008856773376465,7.202093124389648,32060988,0.0,0.0
2021-08-16 00:00:00-04:00,7.045088768005371,7.310789108276367,6.767311096191406,6.880032062530518,15378941,0.0,0.0
2021-08-17 00:00:00-04:00,6.674717903137207,6.759259223937988,6.014492988586426,6.203703880310059,19466363,0.0,0.0
2021-08-18 00:00:00-04:00,6.135265827178955,6.956521987915039,6.127213954925537,6.783413887023926,16133580,0.0,0.0
2021-08-19 00:00:00-04:00,6.453300952911377,6.618357181549072,6.328502178192139,6.42109489440918,9168444,0.0,0.0
2021-08-20 00:00:00-04:00,6.449275016784668,6.791464805603027,6.400966167449951,6.710949897766113,8138826,0.0,0.0
2021-08-23 00:00:00-04:00,6.984702110290527,7.246376991271973,6.932366847991943,7.109500885009766,9769324,0.0,0.0
2021-08-24 00:00:00-04:00,7.181964874267578,7.326891899108887,7.037036895751953,7.210144996643066,7849937,0.0,0.0
2021-08-25 00:00:00-04:00,7.198068141937256,7.846216201782227,7.185989856719971,7.596618175506592,12899412,0.0,0.0
2021-08-26 00:00:00-04:00,7.600644111633301,7.628824234008789,7.077294826507568,7.157810211181641,9194526,0.0,0.0
2021-08-27 00:00:00-04:00,7.246376991271973,7.640902042388916,7.202093124389648,7.552334785461426,8947368,0.0,0.0
2021-08-30 00:00:00-04:00,7.652978897094727,7.966989040374756,7.584540843963623,7.890499114990234,12214076,0.0,0.0
2021-08-31 00:00:00-04:00,7.874395847320557,8.03542709350586,7.701288223266602,8.015297889709473,7546889,0.0,0.0
2021-09-01 00:00:00-04:00,7.8502421379089355,8.099839210510254,7.673108100891113,7.999195098876953,7951532,0.0,0.0
2021-09-02 00:00:00-04:00,8.023348808288574,9.239130020141602,8.011272430419922,8.832528114318848,32318082,0.0,0.0
2021-09-03 00:00:00-04:00,8.756038665771484,9.178744316101074,8.433977127075195,8.909017562866211,19408237,0.0,0.0
2021-09-07 00:00:00-04:00,9.061997413635254,9.227052688598633,8.739935874938965,8.9371976852417,13264063,0.0,0.0
2021-09-08 00:00:00-04:00,8.973429679870605,9.009661674499512,8.216586112976074,8.373591423034668,12010388,0.0,0.0
2021-09-09 00:00:00-04:00,8.3615140914917,8.856682777404785,8.333333015441895,8.413848876953125,9458078,0.0,0.0
2021-09-10 00:00:00-04:00,8.699678421020508,9.621578216552734,8.5628023147583,9.057971000671387,25551666,0.0,0.0
2021-09-13 00:00:00-04:00,9.271336555480957,9.432367324829102,8.67149829864502,8.796296119689941,13553449,0.0,0.0
2021-09-14 00:00:00-04:00,8.880837440490723,9.65781021118164,8.776166915893555,9.396135330200195,18624784,0.0,0.0
2021-09-15 00:00:00-04:00,9.351852416992188,9.951690673828125,9.307567596435547,9.875201225280762,15697638,0.0,0.0
2021-09-16 00:00:00-04:00,9.677939414978027,9.742350578308105,8.969404220581055,9.267311096191406,16949077,0.0,0.0
2021-09-17 00:00:00-04:00,9.34782600402832,9.653783798217773,9.319645881652832,9.488727569580078,11975116,0.0,0.0
2021-09-20 00:00:00-04:00,8.9371976852417,8.977456092834473,8.111915588378906,8.442028999328613,24776410,0.0,0.0
2021-09-21 00:00:00-04:00,8.506441116333008,8.71175479888916,8.353462219238281,8.586956977844238,9131681,0.0,0.0
2021-09-22 00:00:00-04:00,8.756038665771484,9.106280326843262,8.67149829864502,8.876811981201172,10599476,0.0,0.0
2021-09-23 00:00:00-04:00,9.057971000671387,9.178744316101074,8.800321578979492,8.860709190368652,7165098,0.0,0.0
2021-09-24 00:00:00-04:00,8.550724983215332,8.82850170135498,8.550724983215332,8.667471885681152,5193547,0.0,0.0
2021-09-27 00:00:00-04:00,8.313204765319824,9.041868209838867,8.208535194396973,8.981480598449707,13470235,0.0,0.0
2021-09-28 00:00:00-04:00,8.860709190368652,8.864733695983887,8.381643295288086,8.50241470336914,10138446,0.0,0.0
2021-09-29 00:00:00-04:00,8.542673110961914,8.566827774047852,8.123993873596191,8.256843566894531,12633872,0.0,0.0
2021-09-30 00:00:00-04:00,8.510466575622559,9.11433219909668,8.389694213867188,8.989533424377441,16728001,0.0,0.0
2021-10-01 00:00:00-04:00,8.961353302001953,9.025765419006348,8.70772933959961,8.896940231323242,6933092,0.0,0.0
2021-10-04 00:00:00-04:00,8.925121307373047,8.957326889038086,8.405797004699707,8.413848876953125,7450261,0.0,0.0
2021-10-05 00:00:00-04:00,8.482287406921387,8.615137100219727,8.34541130065918,8.490338325500488,5761886,0.0,0.0
2021-10-06 00:00:00-04:00,8.333333015441895,8.341384887695312,7.870369911193848,8.128019332885742,10817323,0.0,0.0
2021-10-07 00:00:00-04:00,8.381643295288086,8.715781211853027,8.337359428405762,8.530595779418945,8642084,0.0,0.0
2021-10-08 00:00:00-04:00,8.574878692626953,8.615137100219727,8.280998229980469,8.293075561523438,5085493,0.0,0.0
2021-10-11 00:00:00-04:00,8.50241470336914,9.082125663757324,8.454106330871582,8.679549217224121,9837385,0.0,0.0
2021-10-12 00:00:00-04:00,8.739935874938965,9.778582572937012,8.703703880310059,9.758454322814941,23816592,0.0,0.0
2021-10-13 00:00:00-04:00,9.661835670471191,10.322060585021973,9.42431640625,10.318035125732422,18886100,0.0,0.0
2021-10-14 00:00:00-04:00,10.386472702026367,10.495168685913086,9.826891899108887,9.871175765991211,12552397,0.0,0.0
2021-10-15 00:00:00-04:00,9.927536010742188,10.410628318786621,9.842994689941406,10.237520217895508,10735351,0.0,0.0
2021-10-18 00:00:00-04:00,10.24959659576416,11.17149829864502,10.144927978515625,10.289855003356934,21496536,0.0,0.0
2021-10-19 00:00:00-04:00,10.567632675170898,10.78502368927002,10.314009666442871,10.571659088134766,9740261,0.0,0.0
2021-10-20 00:00:00-04:00,10.579710006713867,10.84541130065918,10.245572090148926,10.527375221252441,7317367,0.0,0.0
2021-10-21 00:00:00-04:00,10.450885772705078,10.708535194396973,10.297906875610352,10.446860313415527,5099900,0.0,0.0
2021-10-22 00:00:00-04:00,10.398550987243652,10.55958080291748,9.855072021484375,10.080514907836914,7268184,0.0,0.0
2021-10-25 00:00:00-04:00,10.225442886352539,10.780998229980469,10.197261810302734,10.728663444519043,8527075,0.0,0.0
2021-10-26 00:00:00-04:00,10.913848876953125,11.372785568237305,10.748791694641113,11.054750442504883,12197434,0.0,0.0
2021-10-27 00:00:00-04:00,11.07890510559082,11.384862899780273,10.55958080291748,10.63607120513916,8285134,0.0,0.0
2021-10-28 00:00:00-04:00,10.797101020812988,11.429146766662598,10.607890129089355,11.223833084106445,9402685,0.0,0.0
2021-10-29 00:00:00-04:00,11.143317222595215,11.988727569580078,11.11111068725586,11.682769775390625,15469110,0.0,0.0
2021-11-01 00:00:00-04:00,12.097423553466797,12.149758338928223,11.074878692626953,11.779388427734375,18104882,0.0,0.0
2021-11-02 00:00:00-04:00,11.775362014770508,11.920289993286133,11.433172225952148,11.694847106933594,7565519,0.0,0.0
2021-11-03 00:00:00-04:00,11.702898979187012,11.867955207824707,11.296296119689941,11.86392879486084,7708100,0.0,0.0
2021-11-04 00:00:00-04:00,12.085346221923828,13.454106330871582,11.896135330200195,12.954911231994629,23496156,0.0,0.0
2021-11-05 00:00:00-04:00,12.934782981872559,13.204508781433105,12.544282913208008,13.15217399597168,14061179,0.0,0.0
2021-11-08 00:00:00-05:00,13.973429679870605,14.69001579284668,13.506441116333008,14.227052688598633,22506282,0.0,0.0
2021-11-09 00:00:00-05:00,14.275362014770508,14.444443702697754,13.498390197753906,13.917069435119629,13648090,0.0,0.0
2021-11-10 00:00:00-05:00,13.349435806274414,13.574878692626953,12.818035125732422,13.289050102233887,11966918,0.0,0.0
2021-11-11 00:00:00-05:00,13.760064125061035,13.99758529663086,13.3695650100708,13.808374404907227,8175092,0.0,0.0
2021-11-12 00:00:00-05:00,13.917069435119629,14.263284683227539,13.635266304016113,13.844605445861816,6795230,0.0,0.0
2021-11-15 00:00:00-05:00,13.82850170135498,13.82850170135498,13.095812797546387,13.510466575622559,8036982,0.0,0.0
2021-11-16 00:00:00-05:00,13.13607120513916,13.34541130065918,12.15781021118164,12.805957794189453,13918100,0.0,0.0
2021-11-17 00:00:00-05:00,12.685185432434082,13.747986793518066,12.294686317443848,13.25281810760498,12267731,0.0,0.0
2021-11-18 00:00:00-05:00,13.542673110961914,14.468599319458008,12.983092308044434,13.3615140914917,15305166,0.0,0.0
2021-11-19 00:00:00-05:00,13.405797004699707,15.430756568908691,13.34541130065918,15.0925931930542,22261360,0.0,0.0
2021-11-22 00:00:00-05:00,15.680354118347168,15.716586112976074,14.549114227294922,14.726247787475586,19346634,0.0,0.0
2021-11-23 00:00:00-05:00,14.528985977172852,15.229469299316406,14.146537780761719,14.488727569580078,10626800,0.0,0.0
2021-11-24 00:00:00-05:00,14.371980667114258,14.754427909851074,13.993558883666992,14.653783798217773,5611604,0.0,0.0
2021-11-26 00:00:00-05:00,14.110305786132812,14.605475425720215,14.078100204467773,14.367955207824707,4958064,0.0,0.0
2021-11-29 00:00:00-05:00,14.577295303344727,16.574073791503906,14.577295303344727,16.489532470703125,20940120,0.0,0.0
2021-11-30 00:00:00-05:00,16.042673110961914,16.7310791015625,15.301932334899902,15.825282096862793,16276162,0.0,0.0
2021-12-01 00:00:00-05:00,15.152978897094727,15.422704696655273,14.041868209838867,14.045893669128418,23501124,0.0,0.0
2021-12-02 00:00:00-05:00,13.99758529663086,14.15458869934082,13.534622192382812,13.864733695983887,14860778,0.0,0.0
2021-12-03 00:00:00-05:00,13.752013206481934,14.291464805603027,12.181964874267578,12.636876106262207,17844062,0.0,0.0
2021-12-06 00:00:00-05:00,12.584541320800781,13.498390197753906,12.004831314086914,13.148147583007812,11742613,0.0,0.0
2021-12-07 00:00:00-05:00,14.049919128417969,14.227052688598633,13.425926208496094,13.526570320129395,10328720,0.0,0.0
2021-12-08 00:00:00-05:00,13.5628023147583,14.528985977172852,13.393719673156738,14.219001770019531,9049212,0.0,0.0
2021-12-09 00:00:00-05:00,14.11433219909668,14.46457290649414,13.57890510559082,13.687601089477539,6056240,0.0,0.0
2021-12-10 00:00:00-05:00,13.925121307373047,14.36392879486084,13.305152893066406,13.530595779418945,6200064,0.0,0.0
2021-12-13 00:00:00-05:00,13.522543907165527,13.67149829864502,12.246376991271973,12.701288223266602,10433794,0.0,0.0
2021-12-14 00:00:00-05:00,12.081319808959961,12.572463989257812,11.992753982543945,12.318840980529785,7777901,0.0,0.0
2021-12-15 00:00:00-05:00,11.948470115661621,12.415458679199219,11.352657318115234,12.3993558883667,14005537,0.0,0.0
2021-12-16 00:00:00-05:00,12.7938814163208,12.7938814163208,11.380837440490723,11.574073791503906,10621336,0.0,0.0
2021-12-17 00:00:00-05:00,11.264089584350586,11.698872566223145,11.058775901794434,11.578100204467773,10885136,0.0,0.0
2021-12-20 00:00:00-05:00,11.175522804260254,11.324477195739746,10.789050102233887,11.082930564880371,7254770,0.0,0.0
2021-12-21 00:00:00-05:00,11.280193328857422,11.787440299987793,11.268115997314453,11.771336555480957,6759212,0.0,0.0
2021-12-22 00:00:00-05:00,11.783413887023926,12.024959564208984,11.618356704711914,11.791464805603027,5321225,0.0,0.0
2021-12-23 00:00:00-05:00,11.7310791015625,11.86392879486084,11.19565200805664,11.698872566223145,6967868,0.0,0.0
2021-12-27 00:00:00-05:00,11.807567596435547,12.379226684570312,11.763284683227539,12.15781021118164,5586764,0.0,0.0
2021-12-28 00:00:00-05:00,12.278582572937012,12.359098434448242,11.775362014770508,11.896135330200195,3912797,0.0,0.0
2021-12-29 00:00:00-05:00,11.795491218566895,11.84782600402832,11.372785568237305,11.658615112304688,5961600,0.0,0.0
2021-12-30 00:00:00-05:00,11.759259223937988,12.262479782104492,11.678744316101074,11.908212661743164,7127590,0.0,0.0
2021-12-31 00:00:00-05:00,11.795491218566895,12.129630088806152,11.662640571594238,11.723027229309082,4476416,0.0,0.0
2022-01-03 00:00:00-05:00,12.024959564208984,12.552334785461426,12.020934104919434,12.395330429077148,7367792,0.0,0.0
2022-01-04 00:00:00-05:00,12.351046562194824,13.715781211853027,12.351046562194824,13.57890510559082,19135742,0.0,0.0
2022-01-05 00:00:00-05:00,13.389694213867188,13.639290809631348,12.487922668457031,12.5,12682062,0.0,0.0
2022-01-06 00:00:00-05:00,12.6006441116333,12.604669570922852,11.61433219909668,11.799516677856445,12260527,0.0,0.0
2022-01-07 00:00:00-05:00,11.956521987915039,12.15781021118164,11.147342681884766,11.20772933959961,11588108,0.0,0.0
2022-01-10 00:00:00-05:00,10.954106330871582,10.990338325500488,10.237520217895508,10.772947311401367,11236126,0.0,0.0
2022-01-11 00:00:00-05:00,11.256038665771484,12.36715030670166,11.046698570251465,12.274557113647461,18351792,0.0,0.0
2022-01-12 00:00:00-05:00,12.628824234008789,12.797906875610352,12.17391300201416,12.620773315429688,13281700,0.0,0.0
2022-01-13 00:00:00-05:00,12.73349380493164,12.757649421691895,12.037036895751953,12.085346221923828,7800754,0.0,0.0
2022-01-14 00:00:00-05:00,11.702898979187012,12.26650619506836,11.650564193725586,12.262479782104492,6762193,0.0,0.0
2022-01-18 00:00:00-05:00,11.992753982543945,12.395330429077148,11.743156433105469,11.807567596435547,8325126,0.0,0.0
2022-01-19 00:00:00-05:00,11.871980667114258,11.972624778747559,11.115137100219727,11.119162559509277,10847628,0.0,0.0
2022-01-20 00:00:00-05:00,11.231884002685547,11.457326889038086,10.760869979858398,10.7689208984375,9664250,0.0,0.0
2022-01-21 00:00:00-05:00,10.523348808288574,10.615942001342773,10.036231994628906,10.088566780090332,12938162,0.0,0.0
2022-01-24 00:00:00-05:00,9.641707420349121,10.30998420715332,9.170692443847656,10.301932334899902,15706332,0.0,0.0
2022-01-25 00:00:00-05:00,10.084541320800781,10.450885772705078,9.863123893737793,10.177133560180664,7729463,0.0,0.0
2022-01-26 00:00:00-05:00,10.672303199768066,10.88566780090332,10.052334785461426,10.189210891723633,8926006,0.0,0.0
2022-01-27 00:00:00-05:00,10.579710006713867,10.61996841430664,9.718195915222168,9.794686317443848,8760323,0.0,0.0
2022-01-28 00:00:00-05:00,9.661835670471191,9.947665214538574,9.327696800231934,9.88325309753418,7312399,0.0,0.0
2022-01-31 00:00:00-05:00,9.98389720916748,10.583736419677734,9.88325309753418,10.53542709350586,6863044,0.0,0.0
2022-02-01 00:00:00-05:00,10.744767189025879,11.070853233337402,10.394524574279785,10.877616882324219,8161927,0.0,0.0
2022-02-02 00:00:00-05:00,10.94605541229248,11.006441116333008,10.406601905822754,10.515297889709473,4876589,0.0,0.0
2022-02-03 00:00:00-05:00,10.225442886352539,10.527375221252441,10.080514907836914,10.177133560180664,4398170,0.0,0.0
2022-02-04 00:00:00-05:00,10.152978897094727,10.6682767868042,10.024154663085938,10.599839210510254,4274964,0.0,0.0
2022-02-07 00:00:00-05:00,10.6682767868042,11.00241470336914,10.571659088134766,10.833333015441895,4372088,0.0,0.0
2022-02-08 00:00:00-05:00,10.833333015441895,11.400965690612793,10.587761878967285,11.380837440490723,5896768,0.0,0.0
2022-02-09 00:00:00-05:00,11.55394458770752,11.871980667114258,11.38888931274414,11.819645881652832,7606753,0.0,0.0
2022-02-10 00:00:00-05:00,11.312398910522461,12.020934104919434,11.312398910522461,11.586151123046875,8087159,0.0,0.0
2022-02-11 00:00:00-05:00,11.557971000671387,11.71497631072998,10.990338325500488,11.199678421020508,7471127,0.0,0.0
2022-02-14 00:00:00-05:00,10.970209121704102,11.529790878295898,10.925926208496094,11.058775901794434,5539568,0.0,0.0
2022-02-15 00:00:00-05:00,11.38888931274414,12.185990333557129,11.384862899780273,12.177939414978027,12093354,0.0,0.0
2022-02-16 00:00:00-05:00,12.069243431091309,12.540258407592773,11.867955207824707,12.379226684570312,7882477,0.0,0.0
2022-02-17 00:00:00-05:00,12.077295303344727,12.137681007385254,11.348630905151367,11.469404220581055,8677854,0.0,0.0
2022-02-18 00:00:00-05:00,11.606280326843262,11.755232810974121,10.897746086120605,10.94605541229248,7025994,0.0,0.0
2022-02-22 00:00:00-05:00,10.547504425048828,11.163446426391602,10.462963104248047,10.623993873596191,8008664,0.0,0.0
2022-02-23 00:00:00-05:00,10.760869979858398,11.099034309387207,10.305957794189453,10.322060585021973,6048043,0.0,0.0
2022-02-24 00:00:00-05:00,9.661835670471191,10.925926208496094,9.629630088806152,10.90177059173584,8746164,0.0,0.0
2022-02-25 00:00:00-05:00,11.107085227966309,11.570048332214355,10.78502368927002,11.570048332214355,8536266,0.0,0.0
2022-02-28 00:00:00-05:00,11.541868209838867,11.859903335571289,11.235910415649414,11.489533424377441,8445848,0.0,0.0
2022-03-01 00:00:00-05:00,11.618356704711914,11.674717903137207,10.704508781433105,10.88566780090332,8097095,0.0,0.0
2022-03-02 00:00:00-05:00,11.054750442504883,11.247986793518066,10.676328659057617,11.022543907165527,5379350,0.0,0.0
2022-03-03 00:00:00-05:00,11.131239891052246,11.159420013427734,10.386472702026367,10.466988563537598,7292030,0.0,0.0
2022-03-04 00:00:00-05:00,10.23349380493164,10.45893669128418,9.774557113647461,9.991948127746582,7474853,0.0,0.0
2022-03-07 00:00:00-05:00,9.979870796203613,10.301932334899902,9.597423553466797,9.601449012756348,6885151,0.0,0.0
2022-03-08 00:00:00-05:00,9.633654594421387,10.583736419677734,9.549114227294922,10.491143226623535,12699202,0.0,0.0
2022-03-09 00:00:00-05:00,10.595812797546387,11.400965690612793,10.531400680541992,11.376811981201172,13484394,0.0,0.0
2022-03-10 00:00:00-05:00,10.909823417663574,11.686795234680176,10.909823417663574,11.49758529663086,10986484,0.0,0.0
2022-03-11 00:00:00-05:00,11.55394458770752,11.795491218566895,10.833333015441895,10.84541130065918,9339343,0.0,0.0
2022-03-14 00:00:00-04:00,10.672303199768066,10.692432403564453,9.734299659729004,9.770530700683594,10279289,0.0,0.0
2022-03-15 00:00:00-04:00,9.798711776733398,10.173108100891113,9.565217018127441,10.161030769348145,6587071,0.0,0.0
2022-03-16 00:00:00-04:00,10.398550987243652,11.054750442504883,10.0925931930542,10.817230224609375,10008781,0.0,0.0
2022-03-17 00:00:00-04:00,10.53542709350586,11.223833084106445,10.515297889709473,11.163446426391602,7263216,0.0,0.0
2022-03-18 00:00:00-04:00,11.090982437133789,11.586151123046875,10.893719673156738,11.29227066040039,7522546,0.0,0.0
2022-03-21 00:00:00-04:00,11.296296119689941,12.540258407592773,11.284218788146973,12.177939414978027,16244118,0.0,0.0
2022-03-22 00:00:00-04:00,12.28663444519043,13.067632675170898,12.28663444519043,12.999195098876953,15992737,0.0,0.0
2022-03-23 00:00:00-04:00,12.789855003356934,13.397746086120605,12.669081687927246,12.979065895080566,10599725,0.0,0.0
2022-03-24 00:00:00-04:00,13.01932430267334,14.013688087463379,13.01932430267334,14.009661674499512,15139235,0.0,0.0
2022-03-25 00:00:00-04:00,14.03381633758545,14.36392879486084,13.462158203125,13.876811981201172,8964259,0.0,0.0
2022-03-28 00:00:00-04:00,13.913043022155762,13.99758529663086,12.950885772705078,13.305152893066406,9432245,0.0,0.0
2022-03-29 00:00:00-04:00,13.123993873596191,13.743961334228516,12.987117767333984,13.26489543914795,7370276,0.0,0.0
2022-03-30 00:00:00-04:00,13.3615140914917,15.579710006713867,13.128019332885742,14.838969230651855,43056166,0.0,0.0
2022-03-31 00:00:00-04:00,14.895330429077148,16.159420013427734,14.343799591064453,15.495168685913086,38747419,0.0,0.0
2022-04-01 00:00:00-04:00,15.76489543914795,15.942028999328613,15.036231994628906,15.676328659057617,21568324,0.0,0.0
2022-04-04 00:00:00-04:00,15.925926208496094,16.26006317138672,15.257649421691895,15.607890129089355,13530100,0.0,0.0
2022-04-05 00:00:00-04:00,15.692432403564453,15.942028999328613,13.860709190368652,13.941224098205566,19697872,0.0,0.0
2022-04-06 00:00:00-04:00,13.77214241027832,13.852657318115234,12.983092308044434,13.393719673156738,14489420,0.0,0.0
2022-04-07 00:00:00-04:00,13.470209121704102,14.037841796875,13.039451599121094,13.510466575622559,10728396,0.0,0.0
2022-04-08 00:00:00-04:00,13.518519401550293,13.554750442504883,12.077295303344727,12.512077331542969,32073408,0.0,0.0
2022-04-11 00:00:00-04:00,12.38727855682373,12.777777671813965,11.839775085449219,12.202093124389648,15375712,0.0,0.0
2022-04-12 00:00:00-04:00,12.564412117004395,12.721417427062988,11.658615112304688,11.775362014770508,12107513,0.0,0.0
2022-04-13 00:00:00-04:00,11.896135330200195,12.556361198425293,11.710949897766113,12.435587882995605,14146132,0.0,0.0
2022-04-14 00:00:00-04:00,12.459741592407227,12.532205581665039,11.851852416992188,11.952495574951172,8862912,0.0,0.0
2022-04-18 00:00:00-04:00,11.952495574951172,12.169886589050293,11.525765419006348,11.984702110290527,8009658,0.0,0.0
2022-04-19 00:00:00-04:00,12.000804901123047,12.914653778076172,11.827696800231934,12.894524574279785,13562143,0.0,0.0
2022-04-20 00:00:00-04:00,12.910628318786621,13.256843566894531,12.371175765991211,12.757649421691895,9365674,0.0,0.0
2022-04-21 00:00:00-04:00,13.039451599121094,13.417874336242676,10.897746086120605,11.123188018798828,25121686,0.0,0.0
2022-04-22 00:00:00-04:00,11.127214431762695,11.473429679870605,10.611915588378906,10.841384887695312,10952950,0.0,0.0
2022-04-25 00:00:00-04:00,10.466988563537598,11.010466575622559,10.410628318786621,10.929951667785645,9829436,0.0,0.0
2022-04-26 00:00:00-04:00,10.909823417663574,10.970209121704102,10.07649040222168,10.124798774719238,12277170,0.0,0.0
2022-04-27 00:00:00-04:00,10.414653778076172,10.684379577636719,10.008051872253418,10.108695983886719,9058900,0.0,0.0
2022-04-28 00:00:00-04:00,10.104669570922852,10.543478012084961,9.669886589050293,10.418680191040039,10645927,0.0,0.0
2022-04-29 00:00:00-04:00,10.410628318786621,11.038646697998047,10.11674690246582,10.128824234008789,7928183,0.0,0.0
2022-05-02 00:00:00-04:00,10.048309326171875,10.322060585021973,9.754427909851074,10.289855003356934,6836962,0.0,0.0
2022-05-03 00:00:00-04:00,10.314009666442871,10.648147583007812,10.108695983886719,10.523348808288574,6335442,0.0,0.0
2022-05-04 00:00:00-04:00,10.974234580993652,11.485507011413574,10.386472702026367,11.453301429748535,15701116,0.0,0.0
2022-05-05 00:00:00-04:00,11.264089584350586,11.719001770019531,10.318035125732422,10.527375221252441,13898725,0.0,0.0
2022-05-06 00:00:00-04:00,10.265700340270996,10.366345405578613,9.621578216552734,9.88325309753418,12371314,0.0,0.0
2022-05-09 00:00:00-04:00,9.589371681213379,9.669886589050293,8.603059768676758,8.659420013427734,15126566,0.0,0.0
2022-05-10 00:00:00-04:00,8.961353302001953,9.2310791015625,8.490338325500488,8.953301429748535,10976051,0.0,0.0
2022-05-11 00:00:00-04:00,8.957326889038086,9.275362014770508,8.180354118347168,8.200483322143555,11179987,0.0,0.0
2022-05-12 00:00:00-04:00,7.954911231994629,8.731884002685547,7.665056228637695,8.289050102233887,13830912,0.0,0.0
2022-05-13 00:00:00-04:00,8.526570320129395,9.243156433105469,8.526570320129395,9.190820693969727,10340147,0.0,0.0
2022-05-16 00:00:00-04:00,9.21497631072998,9.834943771362305,8.949275016784668,9.206924438476562,10389827,0.0,0.0
2022-05-17 00:00:00-04:00,9.629630088806152,9.915458679199219,9.307567596435547,9.746376991271973,8416040,0.0,0.0
2022-05-18 00:00:00-04:00,9.613527297973633,10.020129203796387,9.315620422363281,9.496779441833496,7687235,0.0,0.0
2022-05-19 00:00:00-04:00,9.492753982543945,10.471014022827148,9.452495574951172,10.124798774719238,12565562,0.0,0.0
2022-05-20 00:00:00-04:00,10.201288223266602,10.334137916564941,9.38003158569336,9.903382301330566,8819442,0.0,0.0
2022-05-23 00:00:00-04:00,10.024154663085938,10.201288223266602,9.67391300201416,10.181159019470215,5287442,0.0,0.0
2022-05-24 00:00:00-04:00,10.084541320800781,10.197261810302734,9.625603675842285,9.951690673828125,6075864,0.0,0.0
2022-05-25 00:00:00-04:00,9.826891899108887,10.165056228637695,9.593398094177246,9.987922668457031,5483927,0.0,0.0
2022-05-26 00:00:00-04:00,9.971819877624512,10.97826099395752,9.875201225280762,10.881643295288086,9166954,0.0,0.0
2022-05-27 00:00:00-04:00,10.921899795532227,11.368760108947754,10.909823417663574,11.32850170135498,10559732,0.0,0.0
2022-05-31 00:00:00-04:00,11.147342681884766,11.260064125061035,9.838969230651855,9.875201225280762,15963923,0.0,0.0
2022-06-01 00:00:00-04:00,9.581319808959961,9.621578216552734,8.941224098205566,9.074073791503906,22962096,0.0,0.0
2022-06-02 00:00:00-04:00,8.985507011413574,10.128824234008789,8.981480598449707,10.044282913208008,11423419,0.0,0.0
2022-06-03 00:00:00-04:00,9.7061185836792,10.012077331542969,9.549114227294922,9.879226684570312,4926020,0.0,0.0
2022-06-06 00:00:00-04:00,10.148953437805176,10.261674880981445,9.842994689941406,10.1932373046875,5620795,0.0,0.0
2022-06-07 00:00:00-04:00,10.048309326171875,10.257649421691895,9.88325309753418,10.23349380493164,4525848,0.0,0.0
2022-06-08 00:00:00-04:00,10.157005310058594,10.366345405578613,9.665862083435059,9.778582572937012,5059660,0.0,0.0
2022-06-09 00:00:00-04:00,9.702093124389648,9.726247787475586,9.223027229309082,9.223027229309082,5005757,0.0,0.0
2022-06-10 00:00:00-04:00,9.001609802246094,9.255232810974121,8.88888931274414,9.122383117675781,5777287,0.0,0.0
2022-06-13 00:00:00-04:00,8.731884002685547,8.78824520111084,8.220611572265625,8.309179306030273,9031327,0.0,0.0
2022-06-14 00:00:00-04:00,8.3615140914917,8.433977127075195,8.023348808288574,8.140096664428711,6574900,0.0,0.0
2022-06-15 00:00:00-04:00,8.321255683898926,8.615137100219727,8.091787338256836,8.450080871582031,8736725,0.0,0.0
2022-06-16 00:00:00-04:00,8.11996841430664,8.244767189025879,7.7093400955200195,7.8502421379089355,6106417,0.0,0.0
2022-06-17 00:00:00-04:00,7.854267120361328,8.3615140914917,7.83816385269165,8.103864669799805,8427467,0.0,0.0
2022-06-21 00:00:00-04:00,8.397746086120605,8.679549217224121,8.349435806274414,8.623188018798828,5667991,0.0,0.0
2022-06-22 00:00:00-04:00,8.325282096862793,8.78824520111084,8.276972770690918,8.405797004699707,5507276,0.0,0.0
2022-06-23 00:00:00-04:00,8.425926208496094,8.892914772033691,8.413848876953125,8.663446426391602,6450203,0.0,0.0
2022-06-24 00:00:00-04:00,8.796296119689941,9.013688087463379,8.619162559509277,8.784218788146973,5041278,0.0,0.0
2022-06-27 00:00:00-04:00,8.973429679870605,9.202898979187012,8.651369094848633,9.146537780761719,5182121,0.0,0.0
2022-06-28 00:00:00-04:00,9.323671340942383,9.335748672485352,8.599034309387207,8.675522804260254,4615520,0.0,0.0
2022-06-29 00:00:00-04:00,8.679549217224121,8.71175479888916,8.107890129089355,8.25281810760498,5172185,0.0,0.0
2022-06-30 00:00:00-04:00,8.071659088134766,8.220611572265625,7.781804084777832,8.103864669799805,4833616,0.0,0.0
2022-07-01 00:00:00-04:00,8.051529884338379,8.337359428405762,7.950885772705078,8.099839210510254,2884421,0.0,0.0
2022-07-05 00:00:00-04:00,7.870369911193848,8.011272430419922,7.61674690246582,7.979065895080566,6171001,0.0,0.0
2022-07-06 00:00:00-04:00,7.966989040374756,8.087761878967285,7.60467004776001,7.902575969696045,5853298,0.0,0.0
2022-07-07 00:00:00-04:00,8.091787338256836,8.79227066040039,8.087761878967285,8.719806671142578,7311902,0.0,0.0
2022-07-08 00:00:00-04:00,8.470209121704102,8.913043022155762,8.393719673156738,8.756038665771484,4922791,0.0,0.0
2022-07-11 00:00:00-04:00,8.542673110961914,8.643317222595215,8.297101020812988,8.421899795532227,2883427,0.0,0.0
2022-07-12 00:00:00-04:00,8.313204765319824,8.526570320129395,8.055556297302246,8.204508781433105,3751834,0.0,0.0
2022-07-13 00:00:00-04:00,8.051529884338379,8.558775901794434,7.926731109619141,8.373591423034668,4576273,0.0,0.0
2022-07-14 00:00:00-04:00,8.091787338256836,8.28502368927002,7.870369911193848,8.280998229980469,4271486,0.0,0.0
2022-07-15 00:00:00-04:00,8.405797004699707,8.405797004699707,7.975039958953857,8.188405990600586,4256334,0.0,0.0
2022-07-18 00:00:00-04:00,8.393719673156738,8.760064125061035,8.341384887695312,8.470209121704102,4532306,0.0,0.0
2022-07-19 00:00:00-04:00,8.639290809631348,8.892914772033691,8.542673110961914,8.884862899780273,3591119,0.0,0.0
2022-07-20 00:00:00-04:00,8.884862899780273,9.23510456085205,8.848630905151367,9.078100204467773,4594406,0.0,0.0
2022-07-21 00:00:00-04:00,9.049919128417969,9.57326889038086,9.041868209838867,9.565217018127441,8794602,0.0,0.0
2022-07-22 00:00:00-04:00,9.698067665100098,9.746376991271973,9.061997413635254,9.106280326843262,7988792,0.0,0.0
2022-07-25 00:00:00-04:00,9.158615112304688,9.500804901123047,8.864733695983887,9.416263580322266,4310734,0.0,0.0
2022-07-26 00:00:00-04:00,9.315620422363281,9.384057998657227,9.05394458770752,9.134461402893066,2963660,0.0,0.0
2022-07-27 00:00:00-04:00,9.263284683227539,9.694042205810547,9.106280326843262,9.637681007385254,3536471,0.0,0.0
2022-07-28 00:00:00-04:00,9.794686317443848,10.165056228637695,9.476651191711426,10.048309326171875,6668546,0.0,0.0
2022-07-29 00:00:00-04:00,10.257649421691895,10.378421783447266,9.955717086791992,10.229469299316406,6402262,0.0,0.0
2022-08-01 00:00:00-04:00,10.245572090148926,10.257649421691895,9.661835670471191,10.072463989257812,4993834,0.0,0.0
2022-08-02 00:00:00-04:00,9.935587882995605,10.446860313415527,9.919485092163086,10.350241661071777,6544346,0.0,0.0
2022-08-03 00:00:00-04:00,10.527375221252441,10.837359428405762,10.257649421691895,10.402576446533203,5509512,0.0,0.0
2022-08-04 00:00:00-04:00,10.511272430419922,10.61996841430664,10.1006441116333,10.434782981872559,4583477,0.0,0.0
2022-08-05 00:00:00-04:00,10.253623008728027,11.17149829864502,10.225442886352539,11.018519401550293,6521990,0.0,0.0
2022-08-08 00:00:00-04:00,11.27214241027832,11.755232810974121,11.239935874938965,11.392914772033691,9705982,0.0,0.0
2022-08-09 00:00:00-04:00,11.352657318115234,11.52173900604248,11.099034309387207,11.316425323486328,7409027,0.0,0.0
2022-08-10 00:00:00-04:00,11.658615112304688,11.896135330200195,11.469404220581055,11.88003158569336,8172857,0.0,0.0
2022-08-11 00:00:00-04:00,12.06119155883789,12.121578216552734,11.791464805603027,11.807567596435547,6352085,0.0,0.0
2022-08-12 00:00:00-04:00,11.916263580322266,12.805957794189453,11.771336555480957,12.540258407592773,10048028,0.0,0.0
2022-08-15 00:00:00-04:00,12.133654594421387,12.51610279083252,11.956521987915039,12.38727855682373,6608930,0.0,0.0
2022-08-16 00:00:00-04:00,12.431562423706055,12.431562423706055,11.896135330200195,12.137681007385254,5523422,0.0,0.0
2022-08-17 00:00:00-04:00,11.884057998657227,12.133654594421387,11.561997413635254,11.888084411621094,5404936,0.0,0.0
2022-08-18 00:00:00-04:00,11.912238121032715,12.411433219909668,11.896135330200195,12.125603675842285,4958312,0.0,0.0
2022-08-19 00:00:00-04:00,11.815620422363281,11.912238121032715,11.352657318115234,11.485507011413574,4973962,0.0,0.0
2022-08-22 00:00:00-04:00,11.131239891052246,11.710949897766113,10.90177059173584,11.541868209838867,5521932,0.0,0.0
2022-08-23 00:00:00-04:00,11.666666984558105,12.198067665100098,11.622383117675781,12.15781021118164,5030348,0.0,0.0
2022-08-24 00:00:00-04:00,12.2061185836792,12.781804084777832,12.105475425720215,12.769725799560547,5782504,0.0,0.0
2022-08-25 00:00:00-04:00,12.882448196411133,13.325282096862793,12.61272144317627,12.74959659576416,10090753,0.0,0.0
2022-08-26 00:00:00-04:00,12.773752212524414,12.870369911193848,11.936392784118652,12.020934104919434,9882842,0.0,0.0
2022-08-29 00:00:00-04:00,11.670692443847656,12.045088768005371,11.55394458770752,11.586151123046875,5703264,0.0,0.0
2022-08-30 00:00:00-04:00,11.706924438476562,11.767311096191406,11.082930564880371,11.27214241027832,4822438,0.0,0.0
2022-08-31 00:00:00-04:00,11.300321578979492,11.658615112304688,11.20772933959961,11.53381633758545,4450086,0.0,0.0
2022-09-01 00:00:00-04:00,11.27214241027832,11.30434799194336,10.716586112976074,11.070853233337402,6328984,0.0,0.0
2022-09-02 00:00:00-04:00,11.368760108947754,11.55394458770752,10.986311912536621,11.026570320129395,3328063,0.0,0.0
2022-09-06 00:00:00-04:00,11.348630905151367,11.55394458770752,10.938002586364746,11.22785758972168,4687308,0.0,0.0
2022-09-07 00:00:00-04:00,11.074878692626953,11.71497631072998,10.958131790161133,11.678744316101074,5786975,0.0,0.0
2022-09-08 00:00:00-04:00,11.586151123046875,12.729469299316406,11.453301429748535,12.63284969329834,12129620,0.0,0.0
2022-09-09 00:00:00-04:00,12.721417427062988,13.083736419677734,12.608695983886719,12.769725799560547,7374002,0.0,0.0
2022-09-12 00:00:00-04:00,12.854267120361328,12.906601905822754,12.242350578308105,12.737520217895508,6549066,0.0,0.0
2022-09-13 00:00:00-04:00,12.117551803588867,12.950885772705078,12.024959564208984,12.540258407592773,6564218,0.0,0.0
2022-09-14 00:00:00-04:00,12.411433219909668,12.801932334899902,12.169886589050293,12.761674880981445,5602414,0.0,0.0
2022-09-15 00:00:00-04:00,12.657005310058594,12.874396324157715,12.117551803588867,12.222222328186035,5498334,0.0,0.0
2022-09-16 00:00:00-04:00,11.86392879486084,11.904187202453613,11.280193328857422,11.473429679870605,8535521,0.0,0.0
2022-09-19 00:00:00-04:00,11.151369094848633,11.876006126403809,11.11111068725586,11.827696800231934,5134676,0.0,0.0
2022-09-20 00:00:00-04:00,11.74718189239502,11.976651191711426,11.602253913879395,11.674717903137207,3981604,0.0,0.0
2022-09-21 00:00:00-04:00,11.682769775390625,12.033011436462402,11.356682777404785,11.52173900604248,4345013,0.0,0.0
2022-09-22 00:00:00-04:00,11.53381633758545,11.739130020141602,10.913848876953125,10.942028999328613,6059718,0.0,0.0
2022-09-23 00:00:00-04:00,10.462963104248047,10.692432403564453,10.217391014099121,10.462963104248047,9092930,0.0,0.0
2022-09-26 00:00:00-04:00,10.265700340270996,10.829307556152344,10.241545677185059,10.462963104248047,5011967,0.0,0.0
2022-09-27 00:00:00-04:00,10.789050102233887,10.925926208496094,10.483092308044434,10.603864669799805,3592112,0.0,0.0
2022-09-28 00:00:00-04:00,10.555556297302246,11.199678421020508,10.471014022827148,11.187601089477539,4731772,0.0,0.0
2022-09-29 00:00:00-04:00,11.050724983215332,11.082930564880371,10.53542709350586,10.660224914550781,4680850,0.0,0.0
2022-09-30 00:00:00-04:00,10.567632675170898,10.97826099395752,10.338164329528809,10.55958080291748,3995266,0.0,0.0
2022-10-03 00:00:00-04:00,10.664251327514648,10.990338325500488,10.43880844116211,10.889694213867188,3554107,0.0,0.0
2022-10-04 00:00:00-04:00,11.352657318115234,11.610305786132812,11.199678421020508,11.481480598449707,5121760,0.0,0.0
2022-10-05 00:00:00-04:00,11.231884002685547,11.392914772033691,10.825282096862793,11.32850170135498,4922543,0.0,0.0
2022-10-06 00:00:00-04:00,11.187601089477539,11.694847106933594,10.921899795532227,10.929951667785645,4270990,0.0,0.0
2022-10-07 00:00:00-04:00,10.466988563537598,10.611915588378906,9.460548400878906,9.528985977172852,15801966,0.0,0.0
2022-10-10 00:00:00-04:00,9.46457290649414,9.621578216552734,9.057971000671387,9.323671340942383,5633960,0.0,0.0
2022-10-11 00:00:00-04:00,9.194847106933594,9.48067569732666,9.070048332214355,9.170692443847656,5160013,0.0,0.0
2022-10-12 00:00:00-04:00,9.09822940826416,9.142512321472168,8.667471885681152,8.977456092834473,5624521,0.0,0.0
2022-10-13 00:00:00-04:00,8.46618366241455,9.460548400878906,8.377616882324219,9.343799591064453,8591908,0.0,0.0
2022-10-14 00:00:00-04:00,9.388084411621094,9.500804901123047,8.884862899780273,8.925121307373047,4678117,0.0,0.0
2022-10-17 00:00:00-04:00,9.219001770019531,9.524959564208984,9.21497631072998,9.408212661743164,4300549,0.0,0.0
2022-10-18 00:00:00-04:00,9.758454322814941,9.8067626953125,9.227052688598633,9.428340911865234,4516409,0.0,0.0
2022-10-19 00:00:00-04:00,9.355877876281738,9.742350578308105,9.190820693969727,9.734299659729004,5364446,0.0,0.0
2022-10-20 00:00:00-04:00,9.742350578308105,9.959741592407227,9.36392879486084,9.520934104919434,5282474,0.0,0.0
2022-10-21 00:00:00-04:00,9.524959564208984,10.708535194396973,9.444443702697754,10.587761878967285,8878810,0.0,0.0
2022-10-24 00:00:00-04:00,10.567632675170898,10.567632675170898,10.048309326171875,10.261674880981445,6300666,0.0,0.0
2022-10-25 00:00:00-04:00,10.197261810302734,10.664251327514648,10.197261810302734,10.55958080291748,5153803,0.0,0.0
2022-10-26 00:00:00-04:00,10.567632675170898,10.825282096862793,10.386472702026367,10.567632675170898,5760148,0.0,0.0
2022-10-27 00:00:00-04:00,10.656200408935547,10.688405990600586,10.080514907836914,10.165056228637695,4324147,0.0,0.0
2022-10-28 00:00:00-04:00,10.11674690246582,10.1932373046875,9.770530700683594,10.140901565551758,4464245,0.0,0.0
2022-10-31 00:00:00-04:00,10.024154663085938,10.120773315429688,9.855072021484375,10.01610279083252,3210570,0.0,0.0
2022-11-01 00:00:00-04:00,10.374396324157715,10.53542709350586,10.096617698669434,10.124798774719238,3844735,0.0,0.0
2022-11-02 00:00:00-04:00,10.084541320800781,10.245572090148926,9.665862083435059,9.669886589050293,5344078,0.0,0.0
2022-11-03 00:00:00-04:00,9.621578216552734,10.24959659576416,9.456521987915039,10.032205581665039,5852304,0.0,0.0
2022-11-04 00:00:00-04:00,10.45893669128418,10.97826099395752,10.422704696655273,10.640096664428711,6669540,0.0,0.0
2022-11-07 00:00:00-05:00,10.760869979858398,10.821255683898926,10.454911231994629,10.644122123718262,3408296,0.0,0.0
2022-11-08 00:00:00-05:00,10.805152893066406,11.312398910522461,10.708535194396973,11.018519401550293,5584777,0.0,0.0
2022-11-09 00:00:00-05:00,10.797101020812988,11.022543907165527,10.394524574279785,10.406601905822754,4882799,0.0,0.0
2022-11-10 00:00:00-05:00,11.0628023147583,11.332528114318848,10.756843566894531,11.324477195739746,6182924,0.0,0.0
2022-11-11 00:00:00-05:00,11.417069435119629,11.867955207824707,11.32850170135498,11.400965690612793,5465545,0.0,0.0
2022-11-14 00:00:00-05:00,11.32850170135498,11.332528114318848,10.793075561523438,11.018519401550293,6659604,0.0,0.0
2022-11-15 00:00:00-05:00,10.921899795532227,11.006441116333008,10.297906875610352,10.623993873596191,8467459,0.0,0.0
2022-11-16 00:00:00-05:00,10.63607120513916,10.7689208984375,10.386472702026367,10.44283390045166,3268447,0.0,0.0
2022-11-17 00:00:00-05:00,10.24959659576416,10.382448196411133,9.975845336914062,10.108695983886719,5661284,0.0,0.0
2022-11-18 00:00:00-05:00,10.1932373046875,10.229469299316406,9.951690673828125,10.080514907836914,3249569,0.0,0.0
2022-11-21 00:00:00-05:00,10.032205581665039,10.314009666442871,9.86715030670166,10.277777671813965,3087364,0.0,0.0
2022-11-22 00:00:00-05:00,10.281804084777832,10.414653778076172,10.144927978515625,10.366345405578613,3168094,0.0,0.0
2022-11-23 00:00:00-05:00,10.305957794189453,10.644122123718262,10.305957794189453,10.628019332885742,3048365,0.0,0.0
2022-11-25 00:00:00-05:00,10.487117767333984,10.61996841430664,9.714171409606934,9.879226684570312,7836772,0.0,0.0
2022-11-28 00:00:00-05:00,9.649758338928223,9.88325309753418,9.46457290649414,9.484702110290527,4995821,0.0,0.0
2022-11-29 00:00:00-05:00,9.645732879638672,9.681964874267578,9.311594009399414,9.444443702697754,4086677,0.0,0.0
2022-11-30 00:00:00-05:00,9.629630088806152,10.080514907836914,9.504831314086914,10.056361198425293,5188331,0.0,0.0
2022-12-01 00:00:00-05:00,10.13284969329834,10.261674880981445,9.830918312072754,10.144927978515625,3615462,0.0,0.0
2022-12-02 00:00:00-05:00,9.92350959777832,10.269725799560547,9.903382301330566,10.189210891723633,3695944,0.0,0.0
2022-12-05 00:00:00-05:00,10.080514907836914,10.108695983886719,9.601449012756348,9.621578216552734,5036558,0.0,0.0
2022-12-06 00:00:00-05:00,9.677939414978027,9.79065990447998,9.239130020141602,9.355877876281738,5713697,0.0,0.0
2022-12-07 00:00:00-05:00,9.351852416992188,9.625603675842285,9.319645881652832,9.593398094177246,3178030,0.0,0.0
2022-12-08 00:00:00-05:00,9.742350578308105,9.967794418334961,9.392109870910645,9.448470115661621,4258073,0.0,0.0
2022-12-09 00:00:00-05:00,9.452495574951172,9.581319808959961,9.323671340942383,9.34782600402832,2853371,0.0,0.0
2022-12-12 00:00:00-05:00,9.335748672485352,9.569243431091309,9.263284683227539,9.508856773376465,2093764,0.0,0.0
2022-12-13 00:00:00-05:00,9.838969230651855,9.939614295959473,9.597423553466797,9.730274200439453,3331789,0.0,0.0
2022-12-14 00:00:00-05:00,9.669886589050293,9.822866439819336,9.492753982543945,9.617551803588867,3873053,0.0,0.0
2022-12-15 00:00:00-05:00,9.263284683227539,9.307567596435547,9.061997413635254,9.198872566223145,6353824,0.0,0.0
2022-12-16 00:00:00-05:00,9.102253913879395,9.3317232131958,9.013688087463379,9.198872566223145,3826602,0.0,0.0
2022-12-19 00:00:00-05:00,9.178744316101074,9.223027229309082,8.643317222595215,8.699678421020508,5026871,0.0,0.0
2022-12-20 00:00:00-05:00,8.550724983215332,8.884862899780273,8.365538597106934,8.397746086120605,4947880,0.0,0.0
2022-12-21 00:00:00-05:00,8.530595779418945,8.530595779418945,8.15217399597168,8.494363784790039,3808469,0.0,0.0
2022-12-22 00:00:00-05:00,8.389694213867188,8.413848876953125,8.011272430419922,8.216586112976074,5399471,0.0,0.0
2022-12-23 00:00:00-05:00,8.220611572265625,8.240740776062012,8.063607215881348,8.11996841430664,3499956,0.0,0.0
2022-12-27 00:00:00-05:00,8.079710006713867,8.079710006713867,7.685184955596924,7.834137916564941,4477162,0.0,0.0
2022-12-28 00:00:00-05:00,7.858293056488037,7.878421783447266,7.520129203796387,7.524155139923096,6129022,0.0,0.0
2022-12-29 00:00:00-05:00,7.644927978515625,7.757648944854736,7.556361198425293,7.624798774719238,4726555,0.0,0.0
2022-12-30 00:00:00-05:00,7.548308849334717,7.673108100891113,7.415459156036377,7.628824234008789,4921301,0.0,0.0
2023-01-03 00:00:00-05:00,7.761674880981445,7.82608699798584,7.113526821136475,7.177938938140869,7792308,0.0,0.0
2023-01-04 00:00:00-05:00,7.157810211181641,7.648952960968018,7.077294826507568,7.632850170135498,8755852,0.0,0.0
2023-01-05 00:00:00-05:00,7.612720966339111,7.612720966339111,7.375201225280762,7.524155139923096,5445176,0.0,0.0
2023-01-06 00:00:00-05:00,7.7133660316467285,7.765699863433838,7.359097957611084,7.624798774719238,5237762,0.0,0.0
2023-01-09 00:00:00-05:00,7.781804084777832,8.031400680541992,7.677134037017822,7.677134037017822,7882229,0.0,0.0
2023-01-10 00:00:00-05:00,7.673108100891113,7.737520217895508,7.391304016113281,7.608695983886719,6603466,0.0,0.0
2023-01-11 00:00:00-05:00,7.677134037017822,8.144122123718262,7.6570048332214355,8.095812797546387,9115038,0.0,0.0
2023-01-12 00:00:00-05:00,8.196456909179688,8.421899795532227,7.914653778076172,8.413848876953125,6799950,0.0,0.0
2023-01-13 00:00:00-05:00,8.216586112976074,8.417874336242676,7.938807964324951,8.341384887695312,6936322,0.0,0.0
2023-01-17 00:00:00-05:00,8.417874336242676,8.546698570251465,8.272947311401367,8.325282096862793,5102136,0.0,0.0
2023-01-18 00:00:00-05:00,8.409823417663574,8.454106330871582,7.999195098876953,8.007246017456055,5434992,0.0,0.0
2023-01-19 00:00:00-05:00,7.906601905822754,8.095812797546387,7.830112934112549,8.031400680541992,4849762,0.0,0.0
2023-01-20 00:00:00-05:00,8.111915588378906,8.494363784790039,8.067632675170898,8.3695650100708,4133624,0.0,0.0
2023-01-23 00:00:00-05:00,8.5628023147583,8.735910415649414,8.490338325500488,8.723833084106445,5483430,0.0,0.0
2023-01-24 00:00:00-05:00,8.651369094848633,8.9371976852417,8.494363784790039,8.824477195739746,3548642,0.0,0.0
2023-01-25 00:00:00-05:00,8.667471885681152,8.969404220581055,8.550724983215332,8.965377807617188,5047985,0.0,0.0
2023-01-26 00:00:00-05:00,9.146537780761719,9.166666984558105,8.856682777404785,8.896940231323242,5302843,0.0,0.0
2023-01-27 00:00:00-05:00,8.864733695983887,9.074073791503906,8.703703880310059,9.057971000671387,4474926,0.0,0.0
2023-01-30 00:00:00-05:00,8.929146766662598,9.178744316101074,8.852657318115234,8.852657318115234,3788348,0.0,0.0
2023-01-31 00:00:00-05:00,9.601449012756348,10.185185432434082,9.315620422363281,10.157005310058594,34806802,0.0,0.0
2023-02-01 00:00:00-05:00,10.24959659576416,10.265700340270996,9.46457290649414,9.943638801574707,19971112,0.0,0.0
2023-02-02 00:00:00-05:00,10.165056228637695,10.177133560180664,9.810789108276367,10.048309326171875,9339095,0.0,0.0
2023-02-03 00:00:00-05:00,9.863123893737793,10.072463989257812,9.742350578308105,9.79065990447998,5246456,0.0,0.0
2023-02-06 00:00:00-05:00,9.710144996643066,9.88325309753418,9.396135330200195,9.444443702697754,5109091,0.0,0.0
2023-02-07 00:00:00-05:00,10.551529884338379,10.809179306030273,10.13284969329834,10.422704696655273,23439024,0.0,0.0
2023-02-08 00:00:00-05:00,10.386472702026367,10.724637985229492,10.265700340270996,10.281804084777832,7899617,0.0,0.0
2023-02-09 00:00:00-05:00,10.475040435791016,10.853462219238281,10.30998420715332,10.386472702026367,10544828,0.0,0.0
2023-02-10 00:00:00-05:00,10.394524574279785,10.406601905822754,9.738325119018555,9.88325309753418,8283146,0.0,0.0
2023-02-13 00:00:00-05:00,9.9074068069458,9.939614295959473,9.694042205810547,9.714171409606934,4870379,0.0,0.0
2023-02-14 00:00:00-05:00,9.726247787475586,10.124798774719238,9.694042205810547,10.01610279083252,5992402,0.0,0.0
2023-02-15 00:00:00-05:00,9.939614295959473,10.064412117004395,9.78663444519043,10.056361198425293,4918072,0.0,0.0
2023-02-16 00:00:00-05:00,10.044282913208008,10.422704696655273,9.78663444519043,10.165056228637695,7046611,0.0,0.0
2023-02-17 00:00:00-05:00,10.01610279083252,10.11272144317627,9.472624778747559,9.48067569732666,9900976,0.0,0.0
2023-02-21 00:00:00-05:00,9.613527297973633,9.65781021118164,8.989533424377441,9.082125663757324,7201613,0.0,0.0
2023-02-22 00:00:00-05:00,9.09822940826416,9.295491218566895,9.005636215209961,9.178744316101074,4312224,0.0,0.0
2023-02-23 00:00:00-05:00,9.319645881652832,9.577295303344727,9.206924438476562,9.428340911865234,5264838,0.0,0.0
2023-02-24 00:00:00-05:00,9.23510456085205,9.259259223937988,9.037841796875,9.162640571594238,5118530,0.0,0.0
2023-02-27 00:00:00-05:00,9.335748672485352,9.637681007385254,9.194847106933594,9.569243431091309,4866901,0.0,0.0
2023-02-28 00:00:00-05:00,9.569243431091309,9.629630088806152,9.44041919708252,9.496779441833496,2729668,0.0,0.0
2023-03-01 00:00:00-05:00,9.55716609954834,9.730274200439453,9.528985977172852,9.613527297973633,4920059,0.0,0.0
2023-03-02 00:00:00-05:00,9.444443702697754,9.444443702697754,8.77214241027832,9.34782600402832,7849192,0.0,0.0
2023-03-03 00:00:00-05:00,9.452495574951172,9.838969230651855,9.122383117675781,9.778582572937012,6451196,0.0,0.0
2023-03-06 00:00:00-05:00,9.794686317443848,9.88325309753418,9.601449012756348,9.605475425720215,3819398,0.0,0.0
2023-03-07 00:00:00-05:00,9.460548400878906,9.569243431091309,9.311594009399414,9.367955207824707,3793813,0.0,0.0
2023-03-08 00:00:00-05:00,9.376006126403809,9.613527297973633,9.255232810974121,9.476651191711426,4147286,0.0,0.0
2023-03-09 00:00:00-05:00,9.408212661743164,9.428340911865234,8.715781211853027,8.735910415649414,7245580,0.0,0.0
2023-03-10 00:00:00-05:00,8.735910415649414,8.768115997314453,8.212559700012207,8.381643295288086,7757284,0.0,0.0
2023-03-13 00:00:00-04:00,8.188405990600586,8.546698570251465,7.971014022827148,8.365538597106934,6537888,0.0,0.0
2023-03-14 00:00:00-04:00,8.582930564880371,8.655394554138184,8.438002586364746,8.534622192382812,4607075,0.0,0.0
2023-03-15 00:00:00-04:00,8.313204765319824,8.393719673156738,8.015297889709473,8.13607120513916,6349104,0.0,0.0
2023-03-16 00:00:00-04:00,8.091787338256836,8.421899795532227,7.962963104248047,8.276972770690918,4316944,0.0,0.0
2023-03-17 00:00:00-04:00,8.289050102233887,8.341384887695312,8.011272430419922,8.107890129089355,3958254,0.0,0.0
2023-03-20 00:00:00-04:00,8.176328659057617,8.256843566894531,8.03542709350586,8.200483322143555,3906587,0.0,0.0
2023-03-21 00:00:00-04:00,8.305152893066406,8.442028999328613,8.13607120513916,8.365538597106934,4573789,0.0,0.0
2023-03-22 00:00:00-04:00,8.393719673156738,8.486311912536621,8.216586112976074,8.224637985229492,4157968,0.0,0.0
2023-03-23 00:00:00-04:00,8.313204765319824,8.643317222595215,8.196456909179688,8.289050102233887,3875288,0.0,0.0
2023-03-24 00:00:00-04:00,8.192432403564453,8.3695650100708,8.01932430267334,8.337359428405762,2934101,0.0,0.0
2023-03-27 00:00:00-04:00,8.413848876953125,8.454106330871582,8.224637985229492,8.353462219238281,2672536,0.0,0.0
2023-03-28 00:00:00-04:00,8.651369094848633,8.900965690612793,8.50241470336914,8.558775901794434,5852304,0.0,0.0
2023-03-29 00:00:00-04:00,8.651369094848633,8.675522804260254,8.38566780090332,8.546698570251465,5303340,0.0,0.0
2023-03-30 00:00:00-04:00,8.675522804260254,8.747986793518066,8.450080871582031,8.627214431762695,4351720,0.0,0.0
2023-03-31 00:00:00-04:00,8.687601089477539,8.800321578979492,8.57890510559082,8.760064125061035,5477965,0.0,0.0
2023-04-03 00:00:00-04:00,8.79227066040039,8.913043022155762,8.522543907165527,8.659420013427734,4309988,0.0,0.0
2023-04-04 00:00:00-04:00,8.663446426391602,8.683574676513672,8.3615140914917,8.454106330871582,3739910,0.0,0.0
2023-04-05 00:00:00-04:00,8.3615140914917,8.3615140914917,7.729468822479248,7.797906875610352,8874090,0.0,0.0
2023-04-06 00:00:00-04:00,7.793880939483643,7.797906875610352,7.419485092163086,7.640902042388916,7023758,0.0,0.0
2023-04-10 00:00:00-04:00,7.528180122375488,7.7053141593933105,7.451691150665283,7.697261810302734,5430024,0.0,0.0
2023-04-11 00:00:00-04:00,7.769725799560547,8.047504425048828,7.761674880981445,7.946859836578369,4765057,0.0,0.0
2023-04-12 00:00:00-04:00,8.05958080291748,8.115942001342773,7.773752212524414,7.781804084777832,4999298,0.0,0.0
2023-04-13 00:00:00-04:00,7.870369911193848,8.180354118347168,7.8502421379089355,8.107890129089355,3499459,0.0,0.0
2023-04-14 00:00:00-04:00,8.156200408935547,8.558775901794434,8.107890129089355,8.208535194396973,6355066,0.0,0.0
2023-04-17 00:00:00-04:00,8.208535194396973,8.377616882324219,8.13607120513916,8.272947311401367,3306452,0.0,0.0
2023-04-18 00:00:00-04:00,8.349435806274414,8.349435806274414,8.067632675170898,8.192432403564453,3314650,0.0,0.0
2023-04-19 00:00:00-04:00,8.03542709350586,8.148147583007812,7.946859836578369,8.111915588378906,2424136,0.0,0.0
2023-04-20 00:00:00-04:00,7.846216201782227,7.979065895080566,7.733493804931641,7.769725799560547,3651480,0.0,0.0
2023-04-21 00:00:00-04:00,7.805957794189453,7.8502421379089355,7.612720966339111,7.665056228637695,5051462,0.0,0.0
2023-04-24 00:00:00-04:00,7.7133660316467285,8.236715316772461,7.689210891723633,8.220611572265625,5969052,0.0,0.0
2023-04-25 00:00:00-04:00,8.055556297302246,8.1682767868042,7.834137916564941,7.878421783447266,3690230,0.0,0.0
2023-04-26 00:00:00-04:00,8.003220558166504,8.043478012084961,7.801931858062744,7.830112934112549,2736871,0.0,0.0
2023-04-27 00:00:00-04:00,7.93075704574585,8.023348808288574,7.8502421379089355,7.987117767333984,2619626,0.0,0.0
2023-04-28 00:00:00-04:00,7.934782981872559,8.071659088134766,7.882448196411133,8.043478012084961,2197346,0.0,0.0
2023-05-01 00:00:00-04:00,8.027375221252441,8.099839210510254,7.693236827850342,7.797906875610352,3059294,0.0,0.0
2023-05-02 00:00:00-04:00,7.753623008728027,7.818035125732422,7.540257930755615,7.644927978515625,3131082,0.0,0.0
2023-05-03 00:00:00-04:00,7.640902042388916,7.83816385269165,7.584540843963623,7.624798774719238,3572986,0.0,0.0
2023-05-04 00:00:00-04:00,7.636876106262207,7.697261810302734,7.4879231452941895,7.540257930755615,4220068,0.0,0.0
2023-05-05 00:00:00-04:00,7.72141695022583,8.01932430267334,7.689210891723633,8.011272430419922,5127721,0.0,0.0
2023-05-08 00:00:00-04:00,8.15217399597168,8.349435806274414,8.011272430419922,8.297101020812988,4758350,0.0,0.0
2023-05-09 00:00:00-04:00,8.1682767868042,8.780193328857422,8.156200408935547,8.506441116333008,6008548,0.0,0.0
2023-05-10 00:00:00-04:00,8.69565200805664,8.88888931274414,8.635266304016113,8.800321578979492,5180134,0.0,0.0
2023-05-11 00:00:00-04:00,8.808374404907227,8.945249557495117,8.5628023147583,8.599034309387207,3555846,0.0,0.0
2023-05-12 00:00:00-04:00,8.5628023147583,8.67149829864502,8.44605541229248,8.619162559509277,2094757,0.0,0.0
2023-05-15 00:00:00-04:00,8.756038665771484,8.900965690612793,8.651369094848633,8.747986793518066,3698179,0.0,0.0
2023-05-16 00:00:00-04:00,8.852657318115234,9.227052688598633,8.812398910522461,8.933172225952148,5929556,0.0,0.0
2023-05-17 00:00:00-04:00,9.057971000671387,9.388084411621094,8.957326889038086,9.259259223937988,4721339,0.0,0.0
2023-05-18 00:00:00-04:00,9.146537780761719,9.271336555480957,8.973429679870605,9.2310791015625,5190815,0.0,0.0
2023-05-19 00:00:00-04:00,9.24718189239502,9.307567596435547,8.90499210357666,8.965377807617188,3612233,0.0,0.0
2023-05-22 00:00:00-04:00,9.005636215209961,9.2310791015625,8.92109489440918,9.210949897766113,3058052,0.0,0.0
2023-05-23 00:00:00-04:00,9.049919128417969,9.275362014770508,8.977456092834473,9.037841796875,3406806,0.0,0.0
2023-05-24 00:00:00-04:00,8.892914772033691,8.957326889038086,8.542673110961914,8.832528114318848,4016131,0.0,0.0
2023-05-25 00:00:00-04:00,8.860709190368652,8.864733695983887,8.526570320129395,8.586956977844238,2746807,0.0,0.0
2023-05-26 00:00:00-04:00,8.619162559509277,8.655394554138184,8.458131790161133,8.522543907165527,2456428,0.0,0.0
2023-05-30 00:00:00-04:00,8.67149829864502,8.71175479888916,8.458131790161133,8.530595779418945,2728922,0.0,0.0
2023-05-31 00:00:00-04:00,8.413848876953125,8.438002586364746,7.995169162750244,8.128019332885742,5696309,0.0,0.0
2023-06-01 00:00:00-04:00,8.140096664428711,8.490338325500488,8.111915588378906,8.393719673156738,3946579,0.0,0.0
2023-06-02 00:00:00-04:00,8.47826099395752,8.619162559509277,8.44605541229248,8.538646697998047,5007496,0.0,0.0
2023-06-05 00:00:00-04:00,8.494363784790039,8.494363784790039,8.276972770690918,8.389694213867188,2968380,0.0,0.0
2023-06-06 00:00:00-04:00,8.260869979858398,8.615137100219727,8.25281810760498,8.607085227966309,3373520,0.0,0.0
2023-06-07 00:00:00-04:00,8.655394554138184,8.70772933959961,8.44605541229248,8.510466575622559,3674084,0.0,0.0
2023-06-08 00:00:00-04:00,8.482287406921387,8.546698570251465,8.329307556152344,8.470209121704102,3098045,0.0,0.0
2023-06-09 00:00:00-04:00,8.534622192382812,8.534622192382812,8.313204765319824,8.44605541229248,3460709,0.0,0.0
2023-06-12 00:00:00-04:00,8.421899795532227,8.494363784790039,8.232688903808594,8.321255683898926,3844984,0.0,0.0
2023-06-13 00:00:00-04:00,8.454106330871582,8.566827774047852,8.3615140914917,8.526570320129395,5188082,0.0,0.0
2023-06-14 00:00:00-04:00,8.623188018798828,8.67149829864502,8.365538597106934,8.458131790161133,3842251,0.0,0.0
2023-06-15 00:00:00-04:00,8.373591423034668,8.522543907165527,8.224637985229492,8.486311912536621,2938820,0.0,0.0
2023-06-16 00:00:00-04:00,8.518519401550293,8.538646697998047,8.377616882324219,8.40177059173584,3215041,0.0,0.0
2023-06-20 00:00:00-04:00,8.349435806274414,8.462158203125,8.13607120513916,8.3695650100708,3470893,0.0,0.0
2023-06-21 00:00:00-04:00,8.25281810760498,8.313204765319824,8.13607120513916,8.212559700012207,2702840,0.0,0.0
2023-06-22 00:00:00-04:00,8.132044792175293,8.301127433776855,8.03542709350586,8.280998229980469,2572430,0.0,0.0
2023-06-23 00:00:00-04:00,8.11996841430664,8.15217399597168,8.047504425048828,8.099839210510254,2632543,0.0,0.0
2023-06-26 00:00:00-04:00,8.132044792175293,8.321255683898926,8.111915588378906,8.11996841430664,2076872,0.0,0.0
2023-06-27 00:00:00-04:00,8.164251327514648,8.204508781433105,8.063607215881348,8.200483322143555,1620065,0.0,0.0
2023-06-28 00:00:00-04:00,8.087761878967285,8.107890129089355,7.757648944854736,7.797906875610352,8511674,0.0,0.0
2023-06-29 00:00:00-04:00,7.797906875610352,7.999195098876953,7.777778148651123,7.834137916564941,5081519,0.0,0.0
2023-06-30 00:00:00-04:00,7.93075704574585,8.172303199768066,7.818035125732422,8.13607120513916,5310295,0.0,0.0
2023-07-03 00:00:00-04:00,8.25281810760498,8.349435806274414,8.192432403564453,8.216586112976074,2100470,0.0,0.0
2023-07-05 00:00:00-04:00,8.25281810760498,8.337359428405762,8.111915588378906,8.280998229980469,2823563,0.0,0.0
2023-07-06 00:00:00-04:00,8.132044792175293,8.15217399597168,7.890499114990234,8.05958080291748,4148032,0.0,0.0
2023-07-07 00:00:00-04:00,8.027375221252441,8.248791694641113,8.027375221252441,8.063607215881348,3581680,0.0,0.0
2023-07-10 00:00:00-04:00,7.991143226623535,8.46618366241455,7.971014022827148,8.462158203125,6270858,0.0,0.0
2023-07-11 00:00:00-04:00,8.494363784790039,8.534622192382812,8.349435806274414,8.44605541229248,3114688,0.0,0.0
2023-07-12 00:00:00-04:00,8.574878692626953,8.590982437133789,8.301127433776855,8.325282096862793,3470645,0.0,0.0
2023-07-13 00:00:00-04:00,8.425926208496094,8.506441116333008,8.381643295288086,8.425926208496094,3735191,0.0,0.0
2023-07-14 00:00:00-04:00,8.377616882324219,8.393719673156738,8.196456909179688,8.313204765319824,3398609,0.0,0.0
2023-07-17 00:00:00-04:00,8.208535194396973,8.550724983215332,8.160224914550781,8.429951667785645,3924968,0.0,0.0
2023-07-18 00:00:00-04:00,8.522543907165527,8.743961334228516,8.482287406921387,8.574878692626953,3976884,0.0,0.0
2023-07-19 00:00:00-04:00,8.663446426391602,8.663446426391602,8.442028999328613,8.470209121704102,3020792,0.0,0.0
2023-07-20 00:00:00-04:00,8.413848876953125,8.450080871582031,8.240740776062012,8.305152893066406,3340980,0.0,0.0
2023-07-21 00:00:00-04:00,8.325282096862793,8.325282096862793,7.983091831207275,7.995169162750244,5867208,0.0,0.0
2023-07-24 00:00:00-04:00,7.971014022827148,7.987117767333984,7.80998420715332,7.814010143280029,4979178,0.0,0.0
2023-07-25 00:00:00-04:00,7.858293056488037,7.987117767333984,7.82608699798584,7.830112934112549,3672842,0.0,0.0
2023-07-26 00:00:00-04:00,7.82608699798584,7.922705173492432,7.773752212524414,7.854267120361328,3915281,0.0,0.0
2023-07-27 00:00:00-04:00,7.93075704574585,7.962963104248047,7.673108100891113,7.685184955596924,4983898,0.0,0.0
2023-07-28 00:00:00-04:00,7.749597072601318,7.906601905822754,7.729468822479248,7.846216201782227,2995952,0.0,0.0
2023-07-31 00:00:00-04:00,7.858293056488037,8.15217399597168,7.80998420715332,8.123993873596191,4338058,0.0,0.0
2023-08-01 00:00:00-04:00,8.011272430419922,8.05958080291748,7.793880939483643,7.814010143280029,3400844,0.0,0.0
2023-08-02 00:00:00-04:00,7.701288223266602,7.773752212524414,7.528180122375488,7.7053141593933105,4958064,0.0,0.0
2023-08-03 00:00:00-04:00,7.749597072601318,7.789855003356934,7.677134037017822,7.681159019470215,2756992,0.0,0.0
2023-08-04 00:00:00-04:00,7.697261810302734,7.975039958953857,7.648952960968018,7.789855003356934,3229200,0.0,0.0
2023-08-07 00:00:00-04:00,7.745572090148926,7.769725799560547,7.5,7.540257930755615,4687556,0.0,0.0
2023-08-08 00:00:00-04:00,7.455717086791992,7.5161027908325195,7.391304016113281,7.508051872253418,3164616,0.0,0.0
2023-08-09 00:00:00-04:00,7.556361198425293,7.5724639892578125,7.443638801574707,7.544282913208008,2609939,0.0,0.0
2023-08-10 00:00:00-04:00,7.669082164764404,7.757648944854736,7.399355888366699,7.5,5577574,0.0,0.0
2023-08-11 00:00:00-04:00,7.407406806945801,7.451691150665283,7.198068141937256,7.371175765991211,5621789,0.0,0.0
2023-08-14 00:00:00-04:00,7.214170932769775,7.467793941497803,7.214170932769775,7.355072021484375,3576960,0.0,0.0
2023-08-15 00:00:00-04:00,7.254427909851074,7.270531177520752,7.000804901123047,7.016908168792725,4945147,0.0,0.0
2023-08-16 00:00:00-04:00,6.988728046417236,7.012882232666016,6.819645881652832,6.823670864105225,4247640,0.0,0.0
2023-08-17 00:00:00-04:00,6.876006126403809,6.884057998657227,6.682769775390625,6.694847106933594,4555904,0.0,0.0
2023-08-18 00:00:00-04:00,6.590177059173584,6.674717903137207,6.469404220581055,6.6626410484313965,5692334,0.0,0.0
2023-08-21 00:00:00-04:00,6.678743839263916,7.033010959625244,6.6666669845581055,6.980676174163818,3779654,0.0,0.0
2023-08-22 00:00:00-04:00,7.045088768005371,7.045088768005371,6.783413887023926,6.787439823150635,2960680,0.0,0.0
2023-08-23 00:00:00-04:00,6.791464805603027,7.049114227294922,6.767311096191406,7.041062831878662,2796736,0.0,0.0
2023-08-24 00:00:00-04:00,7.053140163421631,7.053140163421631,6.896134853363037,6.932366847991943,4865659,0.0,0.0
2023-08-25 00:00:00-04:00,6.956521987915039,7.000804901123047,6.775362014770508,6.924315929412842,3119904,0.0,0.0
2023-08-28 00:00:00-04:00,6.9404191970825195,7.105474948883057,6.916264057159424,7.06924295425415,2164558,0.0,0.0
2023-08-29 00:00:00-04:00,7.06924295425415,7.359097957611084,6.992753982543945,7.3389692306518555,2622856,0.0,0.0
2023-08-30 00:00:00-04:00,7.330917835235596,7.39532995223999,7.270531177520752,7.391304016113281,2039612,0.0,0.0
2023-08-31 00:00:00-04:00,7.4275360107421875,7.459742069244385,7.2906599044799805,7.375201225280762,2128788,0.0,0.0
2023-09-01 00:00:00-04:00,7.471819877624512,7.520129203796387,7.411433219909668,7.471819877624512,1857038,0.0,0.0
2023-09-05 00:00:00-04:00,7.467793941497803,7.7133660316467285,7.443638801574707,7.608695983886719,3127108,0.0,0.0
2023-09-06 00:00:00-04:00,7.588566780090332,7.60467004776001,7.371175765991211,7.4235100746154785,1896037,0.0,0.0
2023-09-07 00:00:00-04:00,7.2946858406066895,7.326891899108887,7.165862083435059,7.282608985900879,1937768,0.0,0.0
2023-09-08 00:00:00-04:00,7.27858304977417,7.27858304977417,7.089372158050537,7.17391300201416,1955405,0.0,0.0
2023-09-11 00:00:00-04:00,7.415459156036377,7.918680191040039,7.403381824493408,7.7053141593933105,8959291,0.0,0.0
2023-09-12 00:00:00-04:00,7.761674880981445,8.07568359375,7.5603861808776855,7.612720966339111,7238128,0.0,0.0
2023-09-13 00:00:00-04:00,7.82608699798584,7.934782981872559,7.628824234008789,7.693236827850342,4566834,0.0,0.0
2023-09-14 00:00:00-04:00,7.814010143280029,8.01932430267334,7.733493804931641,7.987117767333984,4790146,0.0,0.0
2023-09-15 00:00:00-04:00,8.027375221252441,8.510466575622559,8.011272430419922,8.470209121704102,11377714,0.0,0.0
2023-09-18 00:00:00-04:00,8.486311912536621,8.615137100219727,8.164251327514648,8.180354118347168,7008358,0.0,0.0
2023-09-19 00:00:00-04:00,8.184379577636719,8.184379577636719,7.588566780090332,7.592593193054199,7144481,0.0,0.0
2023-09-20 00:00:00-04:00,7.648952960968018,7.677134037017822,7.326891899108887,7.330917835235596,4741459,0.0,0.0
2023-09-21 00:00:00-04:00,7.230274200439453,7.2946858406066895,7.101449012756348,7.222221851348877,3807227,0.0,0.0
2023-09-22 00:00:00-04:00,7.347021102905273,7.447665214538574,7.169887065887451,7.181964874267578,2718738,0.0,0.0
2023-09-25 00:00:00-04:00,7.093398094177246,7.206119060516357,7.028985977172852,7.169887065887451,2661606,0.0,0.0
2023-09-26 00:00:00-04:00,7.081319808959961,7.198068141937256,6.8880839347839355,6.928340911865234,3601552,0.0,0.0
2023-09-27 00:00:00-04:00,6.964572906494141,6.980676174163818,6.489532947540283,6.561996936798096,9038282,0.0,0.0
2023-09-28 00:00:00-04:00,6.574073791503906,6.944444179534912,6.5257649421691895,6.896134853363037,5160758,0.0,0.0
2023-09-29 00:00:00-04:00,7.045088768005371,7.548308849334717,6.811594009399414,6.84782600402832,20245594,0.0,0.0
2023-10-02 00:00:00-04:00,6.706923961639404,6.735105037689209,6.296296119689941,6.453300952911377,10184897,0.0,0.0
2023-10-03 00:00:00-04:00,6.392914772033691,6.533815860748291,6.352656841278076,6.5177130699157715,4670168,0.0,0.0
2023-10-04 00:00:00-04:00,6.730000019073486,7.0,5.070000171661377,6.010000228881836,3559400,0.0,0.0
2023-10-05 00:00:00-04:00,5.659999847412109,6.25,5.599999904632568,6.090000152587891,5060700,0.0,0.0
2023-10-06 00:00:00-04:00,6.010000228881836,6.670000076293945,6.010000228881836,6.599999904632568,3907900,0.0,0.0
2023-10-09 00:00:00-04:00,6.650000095367432,8.140000343322754,6.480000019073486,7.940000057220459,3364700,0.0,0.0
2023-10-10 00:00:00-04:00,7.710000038146973,7.800000190734863,7.369999885559082,7.679999828338623,2872200,0.0,0.0
2023-10-11 00:00:00-04:00,7.570000171661377,7.610000133514404,6.900000095367432,7.079999923706055,1495900,0.0,0.0
2023-10-12 00:00:00-04:00,7.010000228881836,7.300000190734863,6.929999828338623,7.0,2432900,0.0,0.0
2023-10-13 00:00:00-04:00,7.0,7.21999979019165,6.96999979019165,7.0,1796500,0.0,0.0
2023-10-16 00:00:00-04:00,7.039999961853027,7.179999828338623,6.949999809265137,6.949999809265137,1433000,0.0,0.0
2023-10-17 00:00:00-04:00,6.900000095367432,7.130000114440918,6.760000228881836,6.989999771118164,1288200,0.0,0.0
2023-10-18 00:00:00-04:00,7.099999904632568,7.099999904632568,6.650000095367432,6.690000057220459,1567000,0.0,0.0
2023-10-19 00:00:00-04:00,6.610000133514404,6.75,6.360000133514404,6.440000057220459,1767500,0.0,0.0
2023-10-20 00:00:00-04:00,6.269999980926514,6.329999923706055,5.909999847412109,6.170000076293945,1449400,0.0,0.0
2023-10-23 00:00:00-04:00,6.070000171661377,6.090000152587891,5.650000095367432,5.75,1437200,0.0,0.0
2023-10-24 00:00:00-04:00,5.75,6.420000076293945,5.739999771118164,6.389999866485596,1560500,0.0,0.0
2023-10-25 00:00:00-04:00,6.349999904632568,6.46999979019165,6.099999904632568,6.119999885559082,910100,0.0,0.0
2023-10-26 00:00:00-04:00,6.0,6.099999904632568,5.53000020980835,5.690000057220459,1744600,0.0,0.0
2023-10-27 00:00:00-04:00,5.659999847412109,6.050000190734863,5.599999904632568,5.809999942779541,733500,0.0,0.0
2023-10-30 00:00:00-04:00,5.789999961853027,6.0,5.53000020980835,5.570000171661377,699700,0.0,0.0
2023-10-31 00:00:00-04:00,5.510000228881836,5.960000038146973,5.510000228881836,5.53000020980835,1057500,0.0,0.0
2023-11-01 00:00:00-04:00,5.5,5.590000152587891,5.380000114440918,5.489999771118164,665900,0.0,0.0
2023-11-02 00:00:00-04:00,5.440000057220459,5.739999771118164,5.400000095367432,5.610000133514404,743900,0.0,0.0
2023-11-03 00:00:00-04:00,5.670000076293945,5.880000114440918,5.650000095367432,5.800000190734863,875800,0.0,0.0
2023-11-06 00:00:00-05:00,5.809999942779541,6.190000057220459,5.769999980926514,5.809999942779541,1234200,0.0,0.0
2023-11-07 00:00:00-05:00,5.800000190734863,6.079999923706055,5.71999979019165,5.949999809265137,995000,0.0,0.0
2023-11-08 00:00:00-05:00,6.199999809265137,6.519999980926514,5.929999828338623,6.070000171661377,1172500,0.0,0.0
2023-11-09 00:00:00-05:00,6.110000133514404,6.320000171661377,5.820000171661377,5.820000171661377,1286900,0.0,0.0
2023-11-10 00:00:00-05:00,5.849999904632568,5.860000133514404,5.579999923706055,5.75,898800,0.0,0.0
2023-11-13 00:00:00-05:00,5.760000228881836,5.869999885559082,5.5,5.659999847412109,927300,0.0,0.0
2023-11-14 00:00:00-05:00,5.75,5.960000038146973,5.610000133514404,5.849999904632568,996300,0.0,0.0
2023-11-15 00:00:00-05:00,5.820000171661377,6.139999866485596,5.809999942779541,5.960000038146973,1355700,0.0,0.0
2023-11-16 00:00:00-05:00,5.909999847412109,5.989999771118164,5.409999847412109,5.440000057220459,1806800,0.0,0.0
2023-11-17 00:00:00-05:00,5.519999980926514,5.670000076293945,5.340000152587891,5.590000152587891,944000,0.0,0.0
2023-11-20 00:00:00-05:00,5.889999866485596,6.28000020980835,5.71999979019165,5.900000095367432,2802100,0.0,0.0
2023-11-21 00:00:00-05:00,6.099999904632568,6.099999904632568,5.739999771118164,5.820000171661377,1357500,0.0,0.0
2023-11-22 00:00:00-05:00,5.860000133514404,5.860000133514404,5.510000228881836,5.690000057220459,1269400,0.0,0.0
2023-11-24 00:00:00-05:00,5.690000057220459,5.829999923706055,5.650000095367432,5.760000228881836,1119300,0.0,0.0
2023-11-27 00:00:00-05:00,5.699999809265137,5.71999979019165,5.400000095367432,5.46999979019165,1828100,0.0,0.0
2023-11-28 00:00:00-05:00,5.46999979019165,5.539999961853027,5.309999942779541,5.369999885559082,1276800,0.0,0.0
2023-11-29 00:00:00-05:00,5.380000114440918,5.46999979019165,5.210000038146973,5.269999980926514,1405000,0.0,0.0
2023-11-30 00:00:00-05:00,5.300000190734863,5.329999923706055,5.139999866485596,5.309999942779541,1293500,0.0,0.0
2023-12-01 00:00:00-05:00,5.260000228881836,5.599999904632568,5.199999809265137,5.559999942779541,1324500,0.0,0.0
2023-12-04 00:00:00-05:00,5.449999809265137,5.590000152587891,5.300000190734863,5.340000152587891,910900,0.0,0.0
2023-12-05 00:00:00-05:00,5.25,5.46999979019165,5.110000133514404,5.170000076293945,2129500,0.0,0.0
2023-12-06 00:00:00-05:00,5.199999809265137,5.590000152587891,5.119999885559082,5.510000228881836,1765400,0.0,0.0
2023-12-07 00:00:00-05:00,5.460000038146973,5.579999923706055,5.340000152587891,5.519999980926514,1093200,0.0,0.0
2023-12-08 00:00:00-05:00,5.53000020980835,5.929999828338623,5.53000020980835,5.75,1910400,0.0,0.0
2023-12-11 00:00:00-05:00,5.739999771118164,5.78000020980835,5.449999809265137,5.630000114440918,1577300,0.0,0.0
2023-12-12 00:00:00-05:00,5.610000133514404,5.610000133514404,5.25,5.420000076293945,1873300,0.0,0.0
2023-12-13 00:00:00-05:00,5.360000133514404,5.710000038146973,5.28000020980835,5.679999828338623,2117000,0.0,0.0
2023-12-14 00:00:00-05:00,5.769999980926514,6.150000095367432,5.75,6.070000171661377,2472600,0.0,0.0
2023-12-15 00:00:00-05:00,6.179999828338623,6.360000133514404,6.03000020980835,6.119999885559082,3386500,0.0,0.0
2023-12-18 00:00:00-05:00,6.170000076293945,6.329999923706055,6.010000228881836,6.230000019073486,1404200,0.0,0.0
2023-12-19 00:00:00-05:00,6.269999980926514,6.489999771118164,6.269999980926514,6.400000095367432,1341200,0.0,0.0
2023-12-20 00:00:00-05:00,6.300000190734863,6.360000133514404,6.03000020980835,6.03000020980835,1041300,0.0,0.0
2023-12-21 00:00:00-05:00,6.159999847412109,6.550000190734863,6.150000095367432,6.53000020980835,1431000,0.0,0.0
2023-12-22 00:00:00-05:00,6.400000095367432,6.670000076293945,6.340000152587891,6.380000114440918,1330000,0.0,0.0
2023-12-26 00:00:00-05:00,6.369999885559082,6.539999961853027,6.300000190734863,6.400000095367432,977300,0.0,0.0
2023-12-27 00:00:00-05:00,6.369999885559082,6.630000114440918,6.369999885559082,6.440000057220459,1332500,0.0,0.0
2023-12-28 00:00:00-05:00,6.429999828338623,6.690000057220459,6.380000114440918,6.510000228881836,3053400,0.0,0.0
2023-12-29 00:00:00-05:00,6.5,6.559999942779541,6.300000190734863,6.320000171661377,1170800,0.0,0.0
2024-01-02 00:00:00-05:00,6.239999771118164,6.5,6.210000038146973,6.360000133514404,738900,0.0,0.0
2024-01-03 00:00:00-05:00,6.269999980926514,6.269999980926514,5.949999809265137,6.099999904632568,1246000,0.0,0.0
2024-01-04 00:00:00-05:00,6.079999923706055,6.079999923706055,5.940000057220459,6.010000228881836,973700,0.0,0.0
2024-01-05 00:00:00-05:00,5.929999828338623,6.03000020980835,5.829999923706055,5.980000019073486,812600,0.0,0.0
2024-01-08 00:00:00-05:00,5.929999828338623,6.21999979019165,5.809999942779541,6.090000152587891,1243800,0.0,0.0
2024-01-09 00:00:00-05:00,6.03000020980835,6.050000190734863,5.929999828338623,5.949999809265137,758300,0.0,0.0
2024-01-10 00:00:00-05:00,5.909999847412109,5.980000019073486,5.739999771118164,5.769999980926514,1395700,0.0,0.0
2024-01-11 00:00:00-05:00,5.630000114440918,5.679999828338623,5.409999847412109,5.579999923706055,2817900,0.0,0.0
2024-01-12 00:00:00-05:00,5.570000171661377,5.650000095367432,5.300000190734863,5.449999809265137,2149000,0.0,0.0
2024-01-16 00:00:00-05:00,5.400000095367432,5.610000133514404,5.340000152587891,5.460000038146973,1695500,0.0,0.0
2024-01-17 00:00:00-05:00,5.329999923706055,5.400000095367432,5.210000038146973,5.329999923706055,1639700,0.0,0.0
2024-01-18 00:00:00-05:00,5.349999904632568,5.380000114440918,4.909999847412109,5.019999980926514,2063100,0.0,0.0
2024-01-19 00:00:00-05:00,4.96999979019165,5.0,4.380000114440918,4.570000171661377,3455700,0.0,0.0
2024-01-22 00:00:00-05:00,4.440000057220459,4.539999961853027,4.340000152587891,4.519999980926514,1737700,0.0,0.0
2024-01-23 00:00:00-05:00,4.53000020980835,4.690000057220459,4.510000228881836,4.639999866485596,1320600,0.0,0.0
2024-01-24 00:00:00-05:00,4.71999979019165,4.949999809265137,4.710000038146973,4.829999923706055,2060600,0.0,0.0
2024-01-25 00:00:00-05:00,4.78000020980835,4.860000133514404,4.630000114440918,4.699999809265137,1203700,0.0,0.0
2024-01-26 00:00:00-05:00,4.639999866485596,4.800000190734863,4.619999885559082,4.710000038146973,955100,0.0,0.0
2024-01-29 00:00:00-05:00,4.699999809265137,4.820000171661377,4.579999923706055,4.800000190734863,1155700,0.0,0.0
2024-01-30 00:00:00-05:00,4.769999980926514,4.849999904632568,4.670000076293945,4.760000228881836,1161000,0.0,0.0
2024-01-31 00:00:00-05:00,4.710000038146973,4.75,4.429999828338623,4.440000057220459,1947700,0.0,0.0
2024-02-01 00:00:00-05:00,4.440000057220459,4.510000228881836,4.210000038146973,4.300000190734863,2507900,0.0,0.0
2024-02-02 00:00:00-05:00,4.239999771118164,4.260000228881836,4.070000171661377,4.159999847412109,1599300,0.0,0.0
2024-02-05 00:00:00-05:00,4.070000171661377,4.079999923706055,3.8499999046325684,3.9000000953674316,2153000,0.0,0.0
2024-02-06 00:00:00-05:00,3.880000114440918,4.300000190734863,3.869999885559082,4.210000038146973,1560300,0.0,0.0
2024-02-07 00:00:00-05:00,4.25,4.389999866485596,4.179999828338623,4.210000038146973,1664300,0.0,0.0
2024-02-08 00:00:00-05:00,4.179999828338623,4.199999809265137,3.950000047683716,4.119999885559082,1196900,0.0,0.0
2024-02-09 00:00:00-05:00,4.110000133514404,4.159999847412109,4.03000020980835,4.150000095367432,909700,0.0,0.0
2024-02-12 00:00:00-05:00,4.179999828338623,4.320000171661377,4.170000076293945,4.289999961853027,2291100,0.0,0.0
2024-02-13 00:00:00-05:00,4.139999866485596,4.190000057220459,4.050000190734863,4.059999942779541,1535200,0.0,0.0
2024-02-14 00:00:00-05:00,4.059999942779541,4.260000228881836,4.059999942779541,4.25,1031300,0.0,0.0
2024-02-15 00:00:00-05:00,4.269999980926514,4.340000152587891,4.170000076293945,4.269999980926514,2604400,0.0,0.0
2024-02-16 00:00:00-05:00,4.25,4.409999847412109,4.190000057220459,4.309999942779541,2703600,0.0,0.0
2024-02-20 00:00:00-05:00,4.300000190734863,4.300000190734863,3.930000066757202,4.039999961853027,2089300,0.0,0.0
2024-02-21 00:00:00-05:00,4.010000228881836,4.130000114440918,4.0,4.059999942779541,2269900,0.0,0.0
2024-02-22 00:00:00-05:00,4.099999904632568,4.119999885559082,3.940000057220459,3.9800000190734863,1621500,0.0,0.0
2024-02-23 00:00:00-05:00,3.9800000190734863,4.079999923706055,3.8399999141693115,4.050000190734863,1443000,0.0,0.0
2024-02-26 00:00:00-05:00,4.039999961853027,4.150000095367432,3.9700000286102295,4.059999942779541,1918800,0.0,0.0
2024-02-27 00:00:00-05:00,4.059999942779541,4.230000019073486,4.050000190734863,4.150000095367432,2828700,0.0,0.0
2024-02-28 00:00:00-05:00,4.150000095367432,4.75,4.119999885559082,4.739999771118164,4585600,0.0,0.0
2024-02-29 00:00:00-05:00,4.849999904632568,5.050000190734863,4.78000020980835,4.929999828338623,3399800,0.0,0.0
2024-03-01 00:00:00-05:00,5.059999942779541,5.119999885559082,4.869999885559082,4.989999771118164,2082800,0.0,0.0
2024-03-04 00:00:00-05:00,4.920000076293945,5.03000020980835,4.849999904632568,4.889999866485596,1420900,0.0,0.0
2024-03-05 00:00:00-05:00,4.840000152587891,4.949999809265137,4.75,4.760000228881836,1836700,0.0,0.0
2024-03-06 00:00:00-05:00,4.900000095367432,5.340000152587891,4.849999904632568,5.329999923706055,2608000,0.0,0.0
2024-03-07 00:00:00-05:00,5.340000152587891,5.420000076293945,5.079999923706055,5.110000133514404,1843900,0.0,0.0
2024-03-08 00:00:00-05:00,5.179999828338623,5.329999923706055,4.929999828338623,5.0,1284500,0.0,0.0
2024-03-11 00:00:00-04:00,5.079999923706055,5.170000076293945,5.010000228881836,5.119999885559082,1077000,0.0,0.0
2024-03-12 00:00:00-04:00,5.130000114440918,5.130000114440918,4.929999828338623,5.0,1092700,0.0,0.0
2024-03-13 00:00:00-04:00,4.96999979019165,5.139999866485596,4.96999979019165,5.079999923706055,1071700,0.0,0.0
2024-03-14 00:00:00-04:00,5.170000076293945,5.300000190734863,4.920000076293945,5.070000171661377,2457500,0.0,0.0
2024-03-15 00:00:00-04:00,5.03000020980835,5.139999866485596,4.960000038146973,5.019999980926514,1631900,0.0,0.0
2024-03-18 00:00:00-04:00,5.050000190734863,5.050000190734863,4.639999866485596,4.730000019073486,2036500,0.0,0.0
2024-03-19 00:00:00-04:00,4.659999847412109,5.050000190734863,4.639999866485596,5.019999980926514,1491400,0.0,0.0
2024-03-20 00:00:00-04:00,4.949999809265137,5.110000133514404,4.809999942779541,5.099999904632568,1540300,0.0,0.0
2024-03-21 00:00:00-04:00,5.170000076293945,5.400000095367432,5.019999980926514,5.139999866485596,2600300,0.0,0.0
2024-03-22 00:00:00-04:00,5.349999904632568,5.789999961853027,4.96999979019165,5.0,4136400,0.0,0.0
2024-03-25 00:00:00-04:00,5.0,5.269999980926514,4.889999866485596,4.989999771118164,2429400,0.0,0.0
2024-03-26 00:00:00-04:00,4.989999771118164,5.03000020980835,4.800000190734863,4.900000095367432,1283100,0.0,0.0
2024-03-27 00:00:00-04:00,4.869999885559082,5.130000114440918,4.820000171661377,5.119999885559082,1373800,0.0,0.0
2024-03-28 00:00:00-04:00,5.130000114440918,5.420000076293945,5.059999942779541,5.389999866485596,2064600,0.0,0.0
2024-04-01 00:00:00-04:00,5.440000057220459,5.670000076293945,5.349999904632568,5.630000114440918,2057200,0.0,0.0
2024-04-02 00:00:00-04:00,5.570000171661377,5.619999885559082,5.440000057220459,5.599999904632568,1230300,0.0,0.0
2024-04-03 00:00:00-04:00,5.570000171661377,5.679999828338623,5.510000228881836,5.659999847412109,1000100,0.0,0.0
2024-04-04 00:00:00-04:00,5.710000038146973,5.730000019073486,5.25,5.260000228881836,1450800,0.0,0.0
2024-04-05 00:00:00-04:00,5.25,5.309999942779541,5.130000114440918,5.25,1066100,0.0,0.0
2024-04-08 00:00:00-04:00,5.300000190734863,5.409999847412109,5.21999979019165,5.28000020980835,765200,0.0,0.0
2024-04-09 00:00:00-04:00,5.329999923706055,5.5,5.28000020980835,5.480000019073486,1038600,0.0,0.0
2024-04-10 00:00:00-04:00,5.300000190734863,5.559999942779541,5.21999979019165,5.559999942779541,906200,0.0,0.0
2024-04-11 00:00:00-04:00,5.590000152587891,5.679999828338623,5.400000095367432,5.590000152587891,1047100,0.0,0.0
2024-04-12 00:00:00-04:00,5.570000171661377,5.679999828338623,5.130000114440918,5.179999828338623,1588100,0.0,0.0
2024-04-15 00:00:00-04:00,5.179999828338623,5.309999942779541,5.079999923706055,5.190000057220459,1548900,0.0,0.0
2024-04-16 00:00:00-04:00,5.050000190734863,5.099999904632568,4.96999979019165,5.070000171661377,1001500,0.0,0.0
2024-04-17 00:00:00-04:00,5.130000114440918,5.25,5.03000020980835,5.130000114440918,1089500,0.0,0.0
2024-04-18 00:00:00-04:00,5.010000228881836,5.010000228881836,4.800000190734863,4.820000171661377,1681300,0.0,0.0
2024-04-19 00:00:00-04:00,4.760000228881836,5.010000228881836,4.71999979019165,5.0,1367500,0.0,0.0
2024-04-22 00:00:00-04:00,4.949999809265137,4.960000038146973,4.78000020980835,4.869999885559082,1021000,0.0,0.0
2024-04-23 00:00:00-04:00,4.840000152587891,5.070000171661377,4.75,5.070000171661377,984100,0.0,0.0
2024-04-24 00:00:00-04:00,5.050000190734863,5.059999942779541,4.789999961853027,4.900000095367432,1633700,0.0,0.0
2024-04-25 00:00:00-04:00,4.860000133514404,4.920000076293945,4.78000020980835,4.889999866485596,1184000,0.0,0.0
2024-04-26 00:00:00-04:00,4.920000076293945,5.309999942779541,4.909999847412109,5.25,1267500,0.0,0.0
2024-04-29 00:00:00-04:00,5.309999942779541,5.380000114440918,5.239999771118164,5.340000152587891,986100,0.0,0.0
2024-04-30 00:00:00-04:00,5.210000038146973,5.239999771118164,5.050000190734863,5.070000171661377,1061500,0.0,0.0
2024-05-01 00:00:00-04:00,5.099999904632568,5.210000038146973,4.960000038146973,5.070000171661377,946000,0.0,0.0
2024-05-02 00:00:00-04:00,5.130000114440918,5.179999828338623,4.980000019073486,5.130000114440918,1139000,0.0,0.0
2024-05-03 00:00:00-04:00,5.159999847412109,5.230000019073486,5.039999961853027,5.119999885559082,1267700,0.0,0.0
2024-05-06 00:00:00-04:00,5.199999809265137,5.449999809265137,5.199999809265137,5.409999847412109,1210300,0.0,0.0
2024-05-07 00:00:00-04:00,5.409999847412109,5.449999809265137,5.269999980926514,5.389999866485596,920700,0.0,0.0
2024-05-08 00:00:00-04:00,5.269999980926514,5.349999904632568,5.179999828338623,5.28000020980835,730800,0.0,0.0
2024-05-09 00:00:00-04:00,5.179999828338623,5.519999980926514,5.099999904632568,5.510000228881836,1233000,0.0,0.0
2024-05-10 00:00:00-04:00,5.510000228881836,5.599999904632568,5.190000057220459,5.210000038146973,1237200,0.0,0.0
2024-05-13 00:00:00-04:00,5.21999979019165,5.440000057220459,5.210000038146973,5.309999942779541,864500,0.0,0.0
2024-05-14 00:00:00-04:00,5.119999885559082,5.300000190734863,4.949999809265137,5.0,1857600,0.0,0.0
2024-05-15 00:00:00-04:00,5.070000171661377,5.110000133514404,4.679999828338623,4.730000019073486,1584300,0.0,0.0
2024-05-16 00:00:00-04:00,4.739999771118164,4.900000095367432,4.690000057220459,4.889999866485596,1121600,0.0,0.0
2024-05-17 00:00:00-04:00,4.889999866485596,5.079999923706055,4.829999923706055,5.050000190734863,973800,0.0,0.0
2024-05-20 00:00:00-04:00,5.03000020980835,5.090000152587891,4.900000095367432,4.980000019073486,733000,0.0,0.0
2024-05-21 00:00:00-04:00,4.929999828338623,5.070000171661377,4.929999828338623,5.010000228881836,877400,0.0,0.0
2024-05-22 00:00:00-04:00,4.949999809265137,5.03000020980835,4.820000171661377,4.849999904632568,920000,0.0,0.0
2024-05-23 00:00:00-04:00,4.820000171661377,4.889999866485596,4.639999866485596,4.690000057220459,868200,0.0,0.0
2024-05-24 00:00:00-04:00,4.71999979019165,4.800000190734863,4.690000057220459,4.71999979019165,556800,0.0,0.0
2024-05-28 00:00:00-04:00,4.730000019073486,4.800000190734863,4.579999923706055,4.590000152587891,781800,0.0,0.0
2024-05-29 00:00:00-04:00,4.5,4.510000228881836,4.199999809265137,4.389999866485596,1740000,0.0,0.0
2024-05-30 00:00:00-04:00,4.340000152587891,4.519999980926514,4.320000171661377,4.46999979019165,1225400,0.0,0.0
2024-05-31 00:00:00-04:00,4.539999961853027,4.599999904632568,4.429999828338623,4.539999961853027,1052400,0.0,0.0
2024-06-03 00:00:00-04:00,4.46999979019165,4.559999942779541,4.400000095367432,4.510000228881836,708400,0.0,0.0
2024-06-04 00:00:00-04:00,4.440000057220459,4.46999979019165,4.25,4.260000228881836,733500,0.0,0.0
2024-06-05 00:00:00-04:00,4.260000228881836,4.269999980926514,4.039999961853027,4.130000114440918,1687000,0.0,0.0
2024-06-06 00:00:00-04:00,4.099999904632568,4.199999809265137,4.050000190734863,4.170000076293945,689400,0.0,0.0
2024-06-07 00:00:00-04:00,4.059999942779541,4.130000114440918,4.039999961853027,4.110000133514404,1199300,0.0,0.0
2024-06-10 00:00:00-04:00,4.070000171661377,4.110000133514404,4.0,4.099999904632568,871700,0.0,0.0
2024-06-11 00:00:00-04:00,4.0,4.039999961853027,3.869999885559082,3.890000104904175,1310800,0.0,0.0
2024-06-12 00:00:00-04:00,3.9700000286102295,4.170000076293945,3.9700000286102295,4.090000152587891,1392900,0.0,0.0
2024-06-13 00:00:00-04:00,4.070000171661377,4.110000133514404,3.9800000190734863,3.990000009536743,778500,0.0,0.0
2024-06-14 00:00:00-04:00,3.9600000381469727,3.990000009536743,3.75,3.7899999618530273,1550200,0.0,0.0
2024-06-17 00:00:00-04:00,3.75,3.8499999046325684,3.6600000858306885,3.799999952316284,1821100,0.0,0.0
2024-06-18 00:00:00-04:00,3.7699999809265137,3.8299999237060547,3.549999952316284,3.569999933242798,1341800,0.0,0.0
2024-06-20 00:00:00-04:00,3.549999952316284,3.7100000381469727,3.5199999809265137,3.5899999141693115,1503100,0.0,0.0
2024-06-21 00:00:00-04:00,3.5799999237060547,3.5899999141693115,3.430000066757202,3.4800000190734863,2132000,0.0,0.0
2024-06-24 00:00:00-04:00,3.4700000286102295,3.5,3.319999933242798,3.3299999237060547,1548100,0.0,0.0
2024-06-25 00:00:00-04:00,3.3499999046325684,3.440000057220459,3.200000047683716,3.369999885559082,2074800,0.0,0.0
2024-06-26 00:00:00-04:00,3.369999885559082,3.4700000286102295,3.2699999809265137,3.309999942779541,997300,0.0,0.0
2024-06-27 00:00:00-04:00,3.299999952316284,3.3499999046325684,3.2200000286102295,3.299999952316284,1681400,0.0,0.0
2024-06-28 00:00:00-04:00,3.3399999141693115,3.3399999141693115,3.180000066757202,3.200000047683716,1226300,0.0,0.0
2024-07-01 00:00:00-04:00,3.200000047683716,3.259999990463257,3.1700000762939453,3.200000047683716,599900,0.0,0.0
2024-07-02 00:00:00-04:00,3.180000066757202,3.190000057220459,3.009999990463257,3.109999895095825,1936100,0.0,0.0
2024-07-03 00:00:00-04:00,3.109999895095825,3.2699999809265137,3.109999895095825,3.2300000190734863,949200,0.0,0.0
2024-07-05 00:00:00-04:00,3.200000047683716,3.25,3.119999885559082,3.1500000953674316,937600,0.0,0.0
2024-07-08 00:00:00-04:00,3.140000104904175,3.1600000858306885,3.0299999713897705,3.069999933242798,760400,0.0,0.0
2024-07-09 00:00:00-04:00,3.069999933242798,3.069999933242798,2.9100000858306885,2.9200000762939453,1379900,0.0,0.0
2024-07-10 00:00:00-04:00,2.9200000762939453,3.0899999141693115,2.9000000953674316,3.009999990463257,1326500,0.0,0.0
2024-07-11 00:00:00-04:00,3.0299999713897705,3.259999990463257,3.0299999713897705,3.25,1283100,0.0,0.0
2024-07-12 00:00:00-04:00,3.2799999713897705,3.2899999618530273,3.1600000858306885,3.240000009536743,1185300,0.0,0.0
2024-07-15 00:00:00-04:00,3.240000009536743,3.240000009536743,3.130000114440918,3.1500000953674316,1438700,0.0,0.0
2024-07-16 00:00:00-04:00,3.190000057220459,3.4800000190734863,3.130000114440918,3.450000047683716,1896900,0.0,0.0
2024-07-17 00:00:00-04:00,3.390000104904175,3.440000057220459,3.180000066757202,3.309999942779541,1705000,0.0,0.0
2024-07-18 00:00:00-04:00,3.309999942779541,3.309999942779541,3.109999895095825,3.1500000953674316,1011600,0.0,0.0
2024-07-19 00:00:00-04:00,3.109999895095825,3.1700000762939453,3.049999952316284,3.140000104904175,901700,0.0,0.0
2024-07-22 00:00:00-04:00,3.1500000953674316,3.1600000858306885,3.0199999809265137,3.0999999046325684,1234000,0.0,0.0
2024-07-23 00:00:00-04:00,3.0299999713897705,3.069999933242798,2.9600000381469727,3.0399999618530273,1210900,0.0,0.0
2024-07-24 00:00:00-04:00,3.009999990463257,3.109999895095825,2.9600000381469727,2.9800000190734863,1210100,0.0,0.0
2024-07-25 00:00:00-04:00,2.950000047683716,3.0899999141693115,2.890000104904175,3.009999990463257,1235000,0.0,0.0
2024-07-26 00:00:00-04:00,3.059999942779541,3.140000104904175,2.9600000381469727,3.109999895095825,1159500,0.0,0.0
2024-07-29 00:00:00-04:00,3.109999895095825,3.130000114440918,2.880000114440918,3.0399999618530273,1562100,0.0,0.0
2024-07-30 00:00:00-04:00,3.009999990463257,3.0399999618530273,2.940000057220459,2.9600000381469727,1123200,0.0,0.0
2024-07-31 00:00:00-04:00,2.9700000286102295,3.119999885559082,2.9700000286102295,3.0299999713897705,1684400,0.0,0.0
2024-08-01 00:00:00-04:00,3.0,3.0199999809265137,2.7100000381469727,2.7200000286102295,1662400,0.0,0.0
2024-08-02 00:00:00-04:00,2.700000047683716,2.7100000381469727,2.5899999141693115,2.5999999046325684,1226100,0.0,0.0
2024-08-05 00:00:00-04:00,2.3299999237060547,2.490000009536743,2.2699999809265137,2.4600000381469727,1628600,0.0,0.0
2024-08-06 00:00:00-04:00,2.4700000286102295,2.5399999618530273,2.380000114440918,2.390000104904175,1247000,0.0,0.0
2024-08-07 00:00:00-04:00,2.450000047683716,2.450000047683716,2.2799999713897705,2.2799999713897705,1320200,0.0,0.0
2024-08-08 00:00:00-04:00,2.309999942779541,2.5,2.259999990463257,2.5,1796900,0.0,0.0
2024-08-09 00:00:00-04:00,2.549999952316284,2.549999952316284,2.390000104904175,2.390000104904175,1025200,0.0,0.0
2024-08-12 00:00:00-04:00,2.4200000762939453,2.440000057220459,2.319999933242798,2.359999895095825,1539000,0.0,0.0
2024-08-13 00:00:00-04:00,2.380000114440918,2.569999933242798,2.3499999046325684,2.490000009536743,1090200,0.0,0.0
2024-08-14 00:00:00-04:00,2.4200000762939453,2.619999885559082,2.380000114440918,2.5399999618530273,1752600,0.0,0.0
2024-08-15 00:00:00-04:00,2.5399999618530273,2.5899999141693115,2.4800000190734863,2.4800000190734863,1625600,0.0,0.0
2024-08-16 00:00:00-04:00,2.4600000381469727,2.680000066757202,2.4200000762939453,2.630000114440918,1781300,0.0,0.0
2024-08-19 00:00:00-04:00,2.6500000953674316,2.7200000286102295,2.5999999046325684,2.640000104904175,972900,0.0,0.0
2024-08-20 00:00:00-04:00,2.640000104904175,2.6600000858306885,2.5199999809265137,2.559999942779541,869000,0.0,0.0
2024-08-21 00:00:00-04:00,2.609999895095825,2.859999895095825,2.609999895095825,2.7799999713897705,2038800,0.0,0.0
2024-08-22 00:00:00-04:00,2.759999990463257,2.799999952316284,2.700000047683716,2.7100000381469727,746300,0.0,0.0
2024-08-23 00:00:00-04:00,2.7200000286102295,2.8399999141693115,2.690000057220459,2.759999990463257,1009600,0.0,0.0
2024-08-26 00:00:00-04:00,2.809999942779541,2.819999933242798,2.7100000381469727,2.7899999618530273,884900,0.0,0.0
2024-08-27 00:00:00-04:00,2.759999990463257,2.799999952316284,2.5999999046325684,2.619999885559082,1167700,0.0,0.0
2024-08-28 00:00:00-04:00,2.569999933242798,2.619999885559082,2.509999990463257,2.549999952316284,958800,0.0,0.0
2024-08-29 00:00:00-04:00,2.569999933242798,2.7200000286102295,2.5299999713897705,2.640000104904175,1022800,0.0,0.0
2024-08-30 00:00:00-04:00,2.6600000858306885,2.7100000381469727,2.609999895095825,2.640000104904175,848400,0.0,0.0
2024-09-03 00:00:00-04:00,2.549999952316284,2.549999952316284,2.369999885559082,2.440000057220459,2101500,0.0,0.0
2024-09-04 00:00:00-04:00,2.4200000762939453,2.5199999809265137,2.390000104904175,2.450000047683716,1011500,0.0,0.0
2024-09-05 00:00:00-04:00,2.440000057220459,2.509999990463257,2.4100000858306885,2.440000057220459,676500,0.0,0.0
2024-09-06 00:00:00-04:00,2.430000066757202,2.4600000381469727,2.299999952316284,2.309999942779541,1053100,0.0,0.0
