Date,Open,High,Low,Close,Volume,Dividends,Stock Splits
2000-02-24 00:00:00-05:00,0.84375,0.84375,0.84375,0.84375,14500,0.0,0.0
2000-02-25 00:00:00-05:00,0.84375,0.84375,0.6875,0.6875,65600,0.0,0.0
2000-02-28 00:00:00-05:00,0.65625,0.65625,0.65625,0.65625,1100,0.0,0.0
2000-02-29 00:00:00-05:00,0.75,0.75,0.75,0.75,1000,0.0,0.0
2000-03-01 00:00:00-05:00,0.65625,0.75,0.65625,0.75,1300,0.0,0.0
2000-03-02 00:00:00-05:00,0.65625,0.65625,0.65625,0.65625,400,0.0,0.0
2000-03-03 00:00:00-05:00,0.65625,0.65625,0.65625,0.65625,4000,0.0,0.0
2000-03-06 00:00:00-05:00,0.65625,0.78125,0.65625,0.78125,22900,0.0,0.0
2000-03-07 00:00:00-05:00,0.78125,0.78125,0.75,0.75,17600,0.0,0.0
2000-03-08 00:00:00-05:00,0.75,0.75,0.75,0.75,5000,0.0,0.0
2000-03-09 00:00:00-05:00,0.65625,0.65625,0.65625,0.65625,400,0.0,0.0
2000-03-10 00:00:00-05:00,0.75,0.8125,0.75,0.75,41500,0.0,0.0
2000-03-13 00:00:00-05:00,0.8125,0.8125,0.75,0.8125,11400,0.0,0.0
2000-03-14 00:00:00-05:00,0.8125,0.875,0.78125,0.859375,128500,0.0,0.0
2000-03-15 00:00:00-05:00,0.875,0.875,0.8125,0.875,29000,0.0,0.0
2000-03-16 00:00:00-05:00,0.875,0.875,0.703125,0.703125,52200,0.0,0.0
2000-03-17 00:00:00-05:00,0.8125,0.875,0.78125,0.84375,23800,0.0,0.0
2000-03-20 00:00:00-05:00,0.8125,0.8125,0.8125,0.8125,5000,0.0,0.0
2000-03-21 00:00:00-05:00,0.875,0.875,0.75,0.8125,33800,0.0,0.0
2000-03-22 00:00:00-05:00,0.625,0.6875,0.625,0.6875,19100,0.0,0.0
2000-03-23 00:00:00-05:00,0.625,0.78125,0.625,0.75,29900,0.0,0.0
2000-03-24 00:00:00-05:00,0.625,0.78125,0.625,0.75,20400,0.0,0.0
2000-03-27 00:00:00-05:00,0.71875,0.71875,0.546875,0.546875,33300,0.0,0.0
2000-03-28 00:00:00-05:00,0.546875,0.75,0.546875,0.75,23500,0.0,0.0
2000-03-29 00:00:00-05:00,0.75,0.75,0.75,0.75,5000,0.0,0.0
2000-03-30 00:00:00-05:00,0.75,0.75,0.75,0.75,0,0.0,0.0
2000-03-31 00:00:00-05:00,0.75,0.75,0.75,0.75,51500,0.0,0.0
2000-04-03 00:00:00-04:00,0.75,0.75,0.75,0.75,0,0.0,0.0
2000-04-04 00:00:00-04:00,0.75,0.75,0.75,0.75,0,0.0,0.0
2000-04-05 00:00:00-04:00,0.6875,0.6875,0.6875,0.6875,5700,0.0,0.0
2000-04-06 00:00:00-04:00,0.78125,0.78125,0.6875,0.6875,900,0.0,0.0
2000-04-07 00:00:00-04:00,0.6875,0.6875,0.6875,0.6875,0,0.0,0.0
2000-04-10 00:00:00-04:00,0.6875,0.6875,0.6875,0.6875,0,0.0,0.0
2000-04-11 00:00:00-04:00,0.6875,0.6875,0.6875,0.6875,13500,0.0,0.0
2000-04-12 00:00:00-04:00,0.6875,0.6875,0.6875,0.6875,200,0.0,0.0
2000-04-13 00:00:00-04:00,0.515625,0.5625,0.515625,0.5625,7200,0.0,0.0
2000-04-14 00:00:00-04:00,0.5625,0.5625,0.5625,0.5625,0,0.0,0.0
2000-04-17 00:00:00-04:00,0.5625,0.5625,0.515625,0.515625,11900,0.0,0.0
2000-04-18 00:00:00-04:00,0.515625,0.515625,0.515625,0.515625,6300,0.0,0.0
2000-04-19 00:00:00-04:00,0.515625,0.515625,0.515625,0.515625,3000,0.0,0.0
2000-04-20 00:00:00-04:00,0.453125,0.453125,0.453125,0.453125,100,0.0,0.0
2000-04-24 00:00:00-04:00,0.453125,0.453125,0.453125,0.453125,3000,0.0,0.0
2000-04-25 00:00:00-04:00,0.453125,0.453125,0.453125,0.453125,1800,0.0,0.0
2000-04-26 00:00:00-04:00,0.515625,0.546875,0.515625,0.546875,3100,0.0,0.0
2000-04-27 00:00:00-04:00,0.6875,0.6875,0.453125,0.453125,36800,0.0,0.0
2000-04-28 00:00:00-04:00,0.453125,0.453125,0.453125,0.453125,0,0.0,0.0
2000-05-01 00:00:00-04:00,0.4375,0.5,0.328125,0.328125,50600,0.0,0.0
2000-05-02 00:00:00-04:00,0.328125,0.328125,0.328125,0.328125,1000,0.0,0.0
2000-05-03 00:00:00-04:00,0.40625,0.40625,0.328125,0.328125,5700,0.0,0.0
2000-05-04 00:00:00-04:00,0.328125,0.375,0.328125,0.375,42900,0.0,0.0
2000-05-05 00:00:00-04:00,0.34375,0.34375,0.34375,0.34375,1000,0.0,0.0
2000-05-08 00:00:00-04:00,0.34375,0.5,0.34375,0.40625,26500,0.0,0.0
2000-05-09 00:00:00-04:00,0.375,0.40625,0.375,0.40625,23000,0.0,0.0
2000-05-10 00:00:00-04:00,0.40625,0.40625,0.40625,0.40625,0,0.0,0.0
2000-05-11 00:00:00-04:00,0.375,0.375,0.375,0.375,5100,0.0,0.0
2000-05-12 00:00:00-04:00,0.359375,0.453125,0.359375,0.359375,7100,0.0,0.0
2000-05-15 00:00:00-04:00,0.359375,0.453125,0.359375,0.375,37700,0.0,0.0
2000-05-16 00:00:00-04:00,0.3125,0.453125,0.296875,0.3125,90000,0.0,0.0
2000-05-17 00:00:00-04:00,0.3125,0.3125,0.3125,0.3125,0,0.0,0.0
2000-05-18 00:00:00-04:00,0.453125,0.453125,0.453125,0.453125,1000,0.0,0.0
2000-05-19 00:00:00-04:00,0.453125,0.453125,0.453125,0.453125,0,0.0,0.0
2000-05-22 00:00:00-04:00,0.34375,0.375,0.265625,0.375,72400,0.0,0.0
2000-05-23 00:00:00-04:00,0.375,0.4375,0.375,0.4375,10000,0.0,0.0
2000-05-24 00:00:00-04:00,0.4375,0.4375,0.4375,0.4375,0,0.0,0.0
2000-05-25 00:00:00-04:00,0.4375,0.4375,0.4375,0.4375,0,0.0,0.0
2000-05-26 00:00:00-04:00,0.4375,0.4375,0.4375,0.4375,0,0.0,0.0
2000-05-30 00:00:00-04:00,0.3125,0.375,0.3125,0.375,35000,0.0,0.0
2000-05-31 00:00:00-04:00,0.375,0.375,0.3125,0.34375,25000,0.0,0.0
2000-06-01 00:00:00-04:00,0.3125,0.34375,0.28125,0.28125,15200,0.0,0.0
2000-06-02 00:00:00-04:00,0.28125,0.28125,0.28125,0.28125,0,0.0,0.0
2000-06-05 00:00:00-04:00,0.28125,0.28125,0.28125,0.28125,0,0.0,0.0
2000-06-06 00:00:00-04:00,0.296875,0.296875,0.296875,0.296875,1000,0.0,0.0
2000-06-07 00:00:00-04:00,0.34375,0.34375,0.34375,0.34375,20000,0.0,0.0
2000-06-08 00:00:00-04:00,0.296875,0.296875,0.296875,0.296875,1000,0.0,0.0
2000-06-09 00:00:00-04:00,0.296875,0.296875,0.296875,0.296875,0,0.0,0.0
2000-06-12 00:00:00-04:00,0.375,0.40625,0.375,0.40625,15000,0.0,0.0
2000-06-13 00:00:00-04:00,0.40625,0.40625,0.34375,0.34375,2500,0.0,0.0
2000-06-14 00:00:00-04:00,0.40625,0.40625,0.40625,0.40625,7700,0.0,0.0
2000-06-15 00:00:00-04:00,0.40625,0.75,0.40625,0.75,94800,0.0,0.0
2000-06-16 00:00:00-04:00,0.59375,0.59375,0.53125,0.59375,52000,0.0,0.0
2000-06-19 00:00:00-04:00,0.5625,0.5625,0.5625,0.5625,2500,0.0,0.0
2000-06-20 00:00:00-04:00,0.53125,0.53125,0.5,0.5,12400,0.0,0.0
2000-06-21 00:00:00-04:00,0.5,0.5,0.34375,0.34375,12500,0.0,0.0
2000-06-22 00:00:00-04:00,0.5,0.53125,0.5,0.53125,12000,0.0,0.0
2000-06-23 00:00:00-04:00,0.40625,0.4375,0.40625,0.4375,27500,0.0,0.0
2000-06-26 00:00:00-04:00,0.4375,0.4375,0.4375,0.4375,0,0.0,0.0
2000-06-27 00:00:00-04:00,0.4375,0.4375,0.4375,0.4375,0,0.0,0.0
2000-06-28 00:00:00-04:00,0.4375,0.453125,0.40625,0.4375,32500,0.0,0.0
2000-06-29 00:00:00-04:00,0.4375,0.4375,0.4375,0.4375,0,0.0,0.0
2000-06-30 00:00:00-04:00,0.5625,0.5625,0.5625,0.5625,2500,0.0,0.0
2000-07-03 00:00:00-04:00,0.5625,0.5625,0.5625,0.5625,0,0.0,0.0
2000-07-05 00:00:00-04:00,0.46875,0.46875,0.375,0.375,11400,0.0,0.0
2000-07-06 00:00:00-04:00,0.375,0.375,0.375,0.375,0,0.0,0.0
2000-07-07 00:00:00-04:00,0.5,0.5,0.375,0.375,10200,0.0,0.0
2000-07-10 00:00:00-04:00,0.40625,0.453125,0.390625,0.390625,74000,0.0,0.0
2000-07-11 00:00:00-04:00,0.390625,0.40625,0.375,0.390625,86600,0.0,0.0
2000-07-12 00:00:00-04:00,0.390625,0.40625,0.390625,0.40625,31300,0.0,0.0
2000-07-13 00:00:00-04:00,0.4375,0.4375,0.4375,0.4375,5000,0.0,0.0
2000-07-14 00:00:00-04:00,0.53125,0.53125,0.40625,0.40625,5100,0.0,0.0
2000-07-17 00:00:00-04:00,0.5625,0.6875,0.453125,0.59375,88400,0.0,0.0
2000-07-18 00:00:00-04:00,0.625,0.6875,0.515625,0.515625,137000,0.0,0.0
2000-07-19 00:00:00-04:00,0.65625,0.734375,0.59375,0.625,63900,0.0,0.0
2000-07-20 00:00:00-04:00,0.703125,0.703125,0.625,0.65625,12000,0.0,0.0
2000-07-21 00:00:00-04:00,0.65625,0.65625,0.65625,0.65625,1000,0.0,0.0
2000-07-24 00:00:00-04:00,0.65625,0.65625,0.546875,0.609375,53200,0.0,0.0
2000-07-25 00:00:00-04:00,0.71875,0.734375,0.640625,0.734375,52800,0.0,0.0
2000-07-26 00:00:00-04:00,0.6875,0.78125,0.6875,0.6875,127800,0.0,0.0
2000-07-27 00:00:00-04:00,0.6875,0.734375,0.625,0.65625,36000,0.0,0.0
2000-07-28 00:00:00-04:00,0.625,0.671875,0.625,0.65625,17600,0.0,0.0
2000-07-31 00:00:00-04:00,0.65625,0.734375,0.65625,0.6875,75200,0.0,0.0
2000-08-01 00:00:00-04:00,0.625,0.640625,0.625,0.640625,17700,0.0,0.0
2000-08-02 00:00:00-04:00,0.6875,0.75,0.625,0.640625,122100,0.0,0.0
2000-08-03 00:00:00-04:00,0.703125,0.703125,0.5625,0.5625,50400,0.0,0.0
2000-08-04 00:00:00-04:00,0.578125,0.625,0.546875,0.546875,55000,0.0,0.0
2000-08-07 00:00:00-04:00,0.609375,0.6875,0.546875,0.6875,17400,0.0,0.0
2000-08-08 00:00:00-04:00,0.6875,0.71875,0.6875,0.71875,9000,0.0,0.0
2000-08-09 00:00:00-04:00,0.703125,0.703125,0.703125,0.703125,4000,0.0,0.0
2000-08-10 00:00:00-04:00,0.703125,0.703125,0.6875,0.703125,13000,0.0,0.0
2000-08-11 00:00:00-04:00,0.703125,0.703125,0.609375,0.609375,4400,0.0,0.0
2000-08-14 00:00:00-04:00,0.65625,0.6875,0.65625,0.6875,5200,0.0,0.0
2000-08-15 00:00:00-04:00,0.6875,0.6875,0.6875,0.6875,0,0.0,0.0
2000-08-16 00:00:00-04:00,0.625,0.625,0.53125,0.53125,10000,0.0,0.0
2000-08-17 00:00:00-04:00,0.65625,0.65625,0.53125,0.59375,13500,0.0,0.0
2000-08-18 00:00:00-04:00,0.53125,0.53125,0.40625,0.46875,52600,0.0,0.0
2000-08-21 00:00:00-04:00,0.40625,0.46875,0.40625,0.46875,32000,0.0,0.0
2000-08-22 00:00:00-04:00,0.46875,0.515625,0.453125,0.453125,26000,0.0,0.0
2000-08-23 00:00:00-04:00,0.484375,0.484375,0.40625,0.40625,47600,0.0,0.0
2000-08-24 00:00:00-04:00,0.390625,0.40625,0.390625,0.40625,10100,0.0,0.0
2000-08-25 00:00:00-04:00,0.375,0.375,0.34375,0.34375,22000,0.0,0.0
2000-08-28 00:00:00-04:00,0.34375,0.34375,0.34375,0.34375,0,0.0,0.0
2000-08-29 00:00:00-04:00,0.34375,0.46875,0.34375,0.46875,46600,0.0,0.0
2000-08-30 00:00:00-04:00,0.484375,0.5,0.484375,0.5,17000,0.0,0.0
2000-08-31 00:00:00-04:00,0.53125,0.625,0.53125,0.5625,47300,0.0,0.0
2000-09-01 00:00:00-04:00,0.546875,0.5625,0.546875,0.546875,2100,0.0,0.0
2000-09-05 00:00:00-04:00,0.546875,0.546875,0.546875,0.546875,12000,0.0,0.0
2000-09-06 00:00:00-04:00,0.59375,0.59375,0.546875,0.546875,18500,0.0,0.0
2000-09-07 00:00:00-04:00,0.546875,0.5625,0.515625,0.515625,28000,0.0,0.0
2000-09-08 00:00:00-04:00,0.53125,0.546875,0.515625,0.515625,14500,0.0,0.0
2000-09-11 00:00:00-04:00,0.515625,0.53125,0.484375,0.484375,38700,0.0,0.0
2000-09-12 00:00:00-04:00,0.484375,0.484375,0.453125,0.46875,16100,0.0,0.0
2000-09-13 00:00:00-04:00,0.453125,0.5,0.453125,0.484375,37500,0.0,0.0
2000-09-14 00:00:00-04:00,0.453125,0.484375,0.4375,0.484375,53700,0.0,0.0
2000-09-15 00:00:00-04:00,0.4375,0.4375,0.4375,0.4375,10000,0.0,0.0
2000-09-18 00:00:00-04:00,0.453125,0.453125,0.421875,0.421875,12000,0.0,0.0
2000-09-19 00:00:00-04:00,0.4375,0.4375,0.4375,0.4375,7000,0.0,0.0
2000-09-20 00:00:00-04:00,0.4375,0.46875,0.4375,0.46875,22600,0.0,0.0
2000-09-21 00:00:00-04:00,0.46875,0.46875,0.46875,0.46875,3900,0.0,0.0
2000-09-22 00:00:00-04:00,0.46875,0.46875,0.40625,0.40625,30000,0.0,0.0
2000-09-25 00:00:00-04:00,0.375,0.421875,0.375,0.421875,10000,0.0,0.0
2000-09-26 00:00:00-04:00,0.375,0.421875,0.375,0.40625,16500,0.0,0.0
2000-09-27 00:00:00-04:00,0.375,0.4375,0.375,0.375,71300,0.0,0.0
2000-09-28 00:00:00-04:00,0.375,0.40625,0.3125,0.3125,129500,0.0,0.0
2000-09-29 00:00:00-04:00,0.3125,0.34375,0.3125,0.34375,13000,0.0,0.0
2000-10-02 00:00:00-04:00,0.34375,0.34375,0.34375,0.34375,0,0.0,0.0
2000-10-03 00:00:00-04:00,0.34375,0.34375,0.34375,0.34375,0,0.0,0.0
2000-10-04 00:00:00-04:00,0.34375,0.34375,0.34375,0.34375,0,0.0,0.0
2000-10-05 00:00:00-04:00,0.3125,0.3125,0.3125,0.3125,1200,0.0,0.0
2000-10-06 00:00:00-04:00,0.3125,0.3125,0.3125,0.3125,0,0.0,0.0
2000-10-09 00:00:00-04:00,0.328125,0.328125,0.3125,0.3125,5200,0.0,0.0
2000-10-10 00:00:00-04:00,0.3125,0.3125,0.3125,0.3125,7200,0.0,0.0
2000-10-11 00:00:00-04:00,0.375,0.375,0.375,0.375,40000,0.0,0.0
2000-10-12 00:00:00-04:00,0.34375,0.34375,0.3125,0.3125,69500,0.0,0.0
2000-10-13 00:00:00-04:00,0.3125,0.3125,0.3125,0.3125,4000,0.0,0.0
2000-10-16 00:00:00-04:00,0.3125,0.3125,0.3125,0.3125,6000,0.0,0.0
2000-10-17 00:00:00-04:00,0.3125,0.3125,0.3125,0.3125,5200,0.0,0.0
2000-10-18 00:00:00-04:00,0.3125,0.3125,0.3125,0.3125,500,0.0,0.0
2000-10-19 00:00:00-04:00,0.3125,0.3125,0.3125,0.3125,2000,0.0,0.0
2000-10-20 00:00:00-04:00,0.3125,0.40625,0.3125,0.40625,52500,0.0,0.0
2000-10-23 00:00:00-04:00,0.375,0.40625,0.359375,0.359375,34900,0.0,0.0
2000-10-24 00:00:00-04:00,0.34375,0.34375,0.34375,0.34375,19000,0.0,0.0
2000-10-25 00:00:00-04:00,0.34375,0.375,0.3125,0.34375,38500,0.0,0.0
2000-10-26 00:00:00-04:00,0.34375,0.34375,0.34375,0.34375,18100,0.0,0.0
2000-10-27 00:00:00-04:00,0.34375,0.375,0.3125,0.34375,35500,0.0,0.0
2000-10-30 00:00:00-05:00,0.375,0.375,0.34375,0.375,79300,0.0,0.0
2000-10-31 00:00:00-05:00,0.34375,0.34375,0.34375,0.34375,2500,0.0,0.0
2000-11-01 00:00:00-05:00,0.34375,0.34375,0.34375,0.34375,7600,0.0,0.0
2000-11-02 00:00:00-05:00,0.375,0.375,0.34375,0.34375,8300,0.0,0.0
2000-11-03 00:00:00-05:00,0.34375,0.34375,0.34375,0.34375,7700,0.0,0.0
2000-11-06 00:00:00-05:00,0.34375,0.34375,0.34375,0.34375,2500,0.0,0.0
2000-11-07 00:00:00-05:00,0.34375,0.34375,0.3125,0.3125,20700,0.0,0.0
2000-11-08 00:00:00-05:00,0.296875,0.296875,0.28125,0.28125,29500,0.0,0.0
2000-11-09 00:00:00-05:00,0.265625,0.28125,0.265625,0.28125,43000,0.0,0.0
2000-11-10 00:00:00-05:00,0.34375,0.34375,0.265625,0.265625,46500,0.0,0.0
2000-11-13 00:00:00-05:00,0.265625,0.265625,0.265625,0.265625,8500,0.0,0.0
2000-11-14 00:00:00-05:00,0.265625,0.265625,0.265625,0.265625,6700,0.0,0.0
2000-11-15 00:00:00-05:00,0.265625,0.28125,0.265625,0.28125,20000,0.0,0.0
2000-11-16 00:00:00-05:00,0.265625,0.265625,0.265625,0.265625,14900,0.0,0.0
2000-11-17 00:00:00-05:00,0.265625,0.265625,0.265625,0.265625,0,0.0,0.0
2000-11-20 00:00:00-05:00,0.265625,0.265625,0.265625,0.265625,1500,0.0,0.0
2000-11-21 00:00:00-05:00,0.265625,0.265625,0.265625,0.265625,2800,0.0,0.0
2000-11-22 00:00:00-05:00,0.265625,0.296875,0.265625,0.296875,12500,0.0,0.0
2000-11-24 00:00:00-05:00,0.265625,0.265625,0.265625,0.265625,3500,0.0,0.0
2000-11-27 00:00:00-05:00,0.265625,0.265625,0.265625,0.265625,2500,0.0,0.0
2000-11-28 00:00:00-05:00,0.265625,0.265625,0.265625,0.265625,2500,0.0,0.0
2000-11-29 00:00:00-05:00,0.265625,0.265625,0.265625,0.265625,3900,0.0,0.0
2000-11-30 00:00:00-05:00,0.265625,0.28125,0.171875,0.171875,69700,0.0,0.0
2000-12-01 00:00:00-05:00,0.1875,0.1875,0.1875,0.1875,200,0.0,0.0
2000-12-04 00:00:00-05:00,0.1875,0.234375,0.1875,0.1875,39900,0.0,0.0
2000-12-05 00:00:00-05:00,0.234375,0.234375,0.1875,0.1875,5100,0.0,0.0
2000-12-06 00:00:00-05:00,0.1875,0.234375,0.1875,0.1875,15200,0.0,0.0
2000-12-07 00:00:00-05:00,0.1875,0.1875,0.1875,0.1875,2500,0.0,0.0
2000-12-08 00:00:00-05:00,0.1875,0.203125,0.171875,0.171875,11400,0.0,0.0
2000-12-11 00:00:00-05:00,0.171875,0.171875,0.171875,0.171875,2500,0.0,0.0
2000-12-12 00:00:00-05:00,0.171875,0.171875,0.171875,0.171875,2500,0.0,0.0
2000-12-13 00:00:00-05:00,0.171875,0.1875,0.15625,0.15625,27500,0.0,0.0
2000-12-14 00:00:00-05:00,0.15625,0.15625,0.15625,0.15625,10500,0.0,0.0
2000-12-15 00:00:00-05:00,0.1875,0.1875,0.15625,0.171875,18800,0.0,0.0
2000-12-18 00:00:00-05:00,0.171875,0.1875,0.140625,0.140625,32700,0.0,0.0
2000-12-19 00:00:00-05:00,0.140625,0.140625,0.140625,0.140625,3900,0.0,0.0
2000-12-20 00:00:00-05:00,0.140625,0.1875,0.140625,0.15625,14000,0.0,0.0
2000-12-21 00:00:00-05:00,0.15625,0.15625,0.15625,0.15625,100,0.0,0.0
2000-12-22 00:00:00-05:00,0.171875,0.1875,0.171875,0.1875,12100,0.0,0.0
2000-12-26 00:00:00-05:00,0.1875,0.1875,0.171875,0.171875,3900,0.0,0.0
2000-12-27 00:00:00-05:00,0.171875,0.171875,0.171875,0.171875,4600,0.0,0.0
2000-12-28 00:00:00-05:00,0.171875,0.171875,0.15625,0.171875,28000,0.0,0.0
2000-12-29 00:00:00-05:00,0.140625,0.1875,0.125,0.171875,54600,0.0,0.0
2001-01-02 00:00:00-05:00,0.171875,0.3125,0.171875,0.3125,52200,0.0,0.0
2001-01-03 00:00:00-05:00,0.3125,0.3125,0.3125,0.3125,600,0.0,0.0
2001-01-04 00:00:00-05:00,0.296875,0.296875,0.296875,0.296875,200,0.0,0.0
2001-01-05 00:00:00-05:00,0.296875,0.296875,0.296875,0.296875,3000,0.0,0.0
2001-01-08 00:00:00-05:00,0.296875,0.296875,0.296875,0.296875,3000,0.0,0.0
2001-01-09 00:00:00-05:00,0.296875,0.296875,0.296875,0.296875,0,0.0,0.0
2001-01-10 00:00:00-05:00,0.296875,0.296875,0.296875,0.296875,0,0.0,0.0
2001-01-11 00:00:00-05:00,0.265625,0.265625,0.265625,0.265625,600,0.0,0.0
2001-01-12 00:00:00-05:00,0.265625,0.265625,0.265625,0.265625,0,0.0,0.0
2001-01-16 00:00:00-05:00,0.265625,0.265625,0.265625,0.265625,0,0.0,0.0
2001-01-17 00:00:00-05:00,0.296875,0.40625,0.296875,0.34375,32000,0.0,0.0
2001-01-18 00:00:00-05:00,0.34375,0.34375,0.34375,0.34375,0,0.0,0.0
2001-01-19 00:00:00-05:00,0.34375,0.34375,0.34375,0.34375,0,0.0,0.0
2001-01-22 00:00:00-05:00,0.34375,0.34375,0.34375,0.34375,0,0.0,0.0
2001-01-23 00:00:00-05:00,0.34375,0.34375,0.296875,0.296875,20000,0.0,0.0
2001-01-24 00:00:00-05:00,0.296875,0.296875,0.296875,0.296875,0,0.0,0.0
2001-01-25 00:00:00-05:00,0.296875,0.296875,0.296875,0.296875,0,0.0,0.0
2001-01-26 00:00:00-05:00,0.28125,0.28125,0.28125,0.28125,100,0.0,0.0
2001-01-29 00:00:00-05:00,0.3125,0.3125,0.3125,0.3125,3000,0.0,0.0
2001-01-30 00:00:00-05:00,0.3125,0.3125,0.3125,0.3125,0,0.0,0.0
2001-01-31 00:00:00-05:00,0.40625,0.40625,0.296875,0.296875,10900,0.0,0.0
2001-02-01 00:00:00-05:00,0.296875,0.296875,0.296875,0.296875,0,0.0,0.0
2001-02-02 00:00:00-05:00,0.34375,0.34375,0.34375,0.34375,25500,0.0,0.0
2001-02-05 00:00:00-05:00,0.34375,0.34375,0.34375,0.34375,0,0.0,0.0
2001-02-06 00:00:00-05:00,0.265625,0.265625,0.25,0.25,21000,0.0,0.0
2001-02-07 00:00:00-05:00,0.25,0.25,0.25,0.25,0,0.0,0.0
2001-02-08 00:00:00-05:00,0.3125,0.3125,0.3125,0.3125,100,0.0,0.0
2001-02-09 00:00:00-05:00,0.3125,0.34375,0.3125,0.34375,24400,0.0,0.0
2001-02-12 00:00:00-05:00,0.375,0.375,0.34375,0.359375,71400,0.0,0.0
2001-02-13 00:00:00-05:00,0.34375,0.34375,0.34375,0.34375,94500,0.0,0.0
2001-02-14 00:00:00-05:00,0.34375,0.34375,0.328125,0.328125,102500,0.0,0.0
2001-02-15 00:00:00-05:00,0.3125,0.3125,0.3125,0.3125,5000,0.0,0.0
2001-02-16 00:00:00-05:00,0.3125,0.3125,0.3125,0.3125,40000,0.0,0.0
2001-02-20 00:00:00-05:00,0.265625,0.296875,0.265625,0.296875,22500,0.0,0.0
2001-02-21 00:00:00-05:00,0.28125,0.3125,0.265625,0.265625,12000,0.0,0.0
2001-02-22 00:00:00-05:00,0.28125,0.28125,0.28125,0.28125,9100,0.0,0.0
2001-02-23 00:00:00-05:00,0.28125,0.28125,0.28125,0.28125,23100,0.0,0.0
2001-02-26 00:00:00-05:00,0.25,0.25,0.25,0.25,400,0.0,0.0
2001-02-27 00:00:00-05:00,0.25,0.25,0.25,0.25,5000,0.0,0.0
2001-02-28 00:00:00-05:00,0.28125,0.28125,0.25,0.25,40900,0.0,0.0
2001-03-01 00:00:00-05:00,0.25,0.25,0.25,0.25,22300,0.0,0.0
2001-03-02 00:00:00-05:00,0.25,0.25,0.25,0.25,0,0.0,0.0
2001-03-05 00:00:00-05:00,0.25,0.25,0.25,0.25,0,0.0,0.0
2001-03-06 00:00:00-05:00,0.25,0.25,0.25,0.25,0,0.0,0.0
2001-03-07 00:00:00-05:00,0.296875,0.296875,0.21875,0.25,77500,0.0,0.0
2001-03-08 00:00:00-05:00,0.25,0.25,0.25,0.25,0,0.0,0.0
2001-03-09 00:00:00-05:00,0.25,0.25,0.25,0.25,17200,0.0,0.0
2001-03-12 00:00:00-05:00,0.25,0.25,0.25,0.25,500,0.0,0.0
2001-03-13 00:00:00-05:00,0.25,0.25,0.25,0.25,0,0.0,0.0
2001-03-14 00:00:00-05:00,0.265625,0.28125,0.265625,0.265625,18500,0.0,0.0
2001-03-15 00:00:00-05:00,0.234375,0.234375,0.234375,0.234375,1000,0.0,0.0
2001-03-16 00:00:00-05:00,0.234375,0.234375,0.234375,0.234375,0,0.0,0.0
2001-03-19 00:00:00-05:00,0.234375,0.234375,0.234375,0.234375,0,0.0,0.0
2001-03-20 00:00:00-05:00,0.25,0.25,0.25,0.25,100,0.0,0.0
2001-03-21 00:00:00-05:00,0.25,0.25,0.25,0.25,0,0.0,0.0
2001-03-22 00:00:00-05:00,0.25,0.25,0.25,0.25,0,0.0,0.0
2001-03-23 00:00:00-05:00,0.25,0.25,0.25,0.25,0,0.0,0.0
2001-03-26 00:00:00-05:00,0.25,0.25,0.25,0.25,300,0.0,0.0
2001-03-27 00:00:00-05:00,0.25,0.25,0.25,0.25,0,0.0,0.0
2001-03-28 00:00:00-05:00,0.25,0.25,0.25,0.25,0,0.0,0.0
2001-03-29 00:00:00-05:00,0.25,0.25,0.25,0.25,600,0.0,0.0
2001-03-30 00:00:00-05:00,0.25,0.25,0.25,0.25,2400,0.0,0.0
2001-04-02 00:00:00-04:00,0.25,0.25,0.25,0.25,1500,0.0,0.0
2001-04-03 00:00:00-04:00,0.25,0.25,0.25,0.25,13600,0.0,0.0
2001-04-04 00:00:00-04:00,0.25,0.25,0.25,0.25,31300,0.0,0.0
2001-04-05 00:00:00-04:00,0.296875,0.296875,0.25,0.25,1500,0.0,0.0
2001-04-06 00:00:00-04:00,0.25,0.25,0.25,0.25,500,0.0,0.0
2001-04-09 00:00:00-04:00,0.25,0.25,0.25,0.25,0,0.0,0.0
2001-04-10 00:00:00-04:00,0.25999999046325684,0.25999999046325684,0.25999999046325684,0.25999999046325684,13000,0.0,0.0
2001-04-11 00:00:00-04:00,0.25999999046325684,0.25999999046325684,0.25999999046325684,0.25999999046325684,0,0.0,0.0
2001-04-12 00:00:00-04:00,0.25999999046325684,0.25999999046325684,0.25999999046325684,0.25999999046325684,0,0.0,0.0
2001-04-16 00:00:00-04:00,0.25,0.25,0.20999999344348907,0.20999999344348907,15000,0.0,0.0
2001-04-17 00:00:00-04:00,0.20999999344348907,0.20999999344348907,0.20999999344348907,0.20999999344348907,29000,0.0,0.0
2001-04-18 00:00:00-04:00,0.20999999344348907,0.20999999344348907,0.20999999344348907,0.20999999344348907,100,0.0,0.0
2001-04-19 00:00:00-04:00,0.20999999344348907,0.20999999344348907,0.20999999344348907,0.20999999344348907,0,0.0,0.0
2001-04-20 00:00:00-04:00,0.20999999344348907,0.20999999344348907,0.20999999344348907,0.20999999344348907,0,0.0,0.0
2001-04-23 00:00:00-04:00,0.20999999344348907,0.20999999344348907,0.20999999344348907,0.20999999344348907,600,0.0,0.0
2001-04-24 00:00:00-04:00,0.20999999344348907,0.20999999344348907,0.20999999344348907,0.20999999344348907,0,0.0,0.0
2001-04-25 00:00:00-04:00,0.20999999344348907,0.20999999344348907,0.20999999344348907,0.20999999344348907,0,0.0,0.0
2001-04-26 00:00:00-04:00,0.23000000417232513,0.23000000417232513,0.23000000417232513,0.23000000417232513,700,0.0,0.0
2001-04-27 00:00:00-04:00,0.23999999463558197,0.25,0.23000000417232513,0.25,30500,0.0,0.0
2001-04-30 00:00:00-04:00,0.23999999463558197,0.23999999463558197,0.23999999463558197,0.23999999463558197,1000,0.0,0.0
2001-05-01 00:00:00-04:00,0.23999999463558197,0.23999999463558197,0.23999999463558197,0.23999999463558197,0,0.0,0.0
2001-05-02 00:00:00-04:00,0.23999999463558197,0.23999999463558197,0.23999999463558197,0.23999999463558197,0,0.0,0.0
2001-05-03 00:00:00-04:00,0.23999999463558197,0.23999999463558197,0.23999999463558197,0.23999999463558197,300,0.0,0.0
2001-05-04 00:00:00-04:00,0.23999999463558197,0.23999999463558197,0.23999999463558197,0.23999999463558197,0,0.0,0.0
2001-05-07 00:00:00-04:00,0.23999999463558197,0.23999999463558197,0.23999999463558197,0.23999999463558197,2000,0.0,0.0
2001-05-08 00:00:00-04:00,0.23999999463558197,0.23999999463558197,0.23999999463558197,0.23999999463558197,0,0.0,0.0
2001-05-09 00:00:00-04:00,0.23999999463558197,0.23999999463558197,0.23999999463558197,0.23999999463558197,18500,0.0,0.0
2001-05-10 00:00:00-04:00,0.23999999463558197,0.3499999940395355,0.23999999463558197,0.3499999940395355,18100,0.0,0.0
2001-05-11 00:00:00-04:00,0.25,0.27000001072883606,0.25,0.27000001072883606,39000,0.0,0.0
2001-05-14 00:00:00-04:00,0.25,0.25,0.25,0.25,2100,0.0,0.0
2001-05-15 00:00:00-04:00,0.25,0.25,0.25,0.25,3000,0.0,0.0
2001-05-16 00:00:00-04:00,0.4000000059604645,0.5,0.3499999940395355,0.4699999988079071,512200,0.0,0.0
2001-05-17 00:00:00-04:00,0.47999998927116394,0.5199999809265137,0.4099999964237213,0.41999998688697815,156800,0.0,0.0
2001-05-18 00:00:00-04:00,0.4699999988079071,0.4699999988079071,0.3799999952316284,0.4300000071525574,145400,0.0,0.0
2001-05-21 00:00:00-04:00,0.46000000834465027,0.5299999713897705,0.4399999976158142,0.46000000834465027,347700,0.0,0.0
2001-05-22 00:00:00-04:00,0.4699999988079071,0.4699999988079071,0.3799999952316284,0.4399999976158142,104600,0.0,0.0
2001-05-23 00:00:00-04:00,0.4399999976158142,0.4399999976158142,0.38999998569488525,0.4000000059604645,146700,0.0,0.0
2001-05-24 00:00:00-04:00,0.4300000071525574,0.4399999976158142,0.38999998569488525,0.38999998569488525,16600,0.0,0.0
2001-05-25 00:00:00-04:00,0.4399999976158142,0.4399999976158142,0.3700000047683716,0.4300000071525574,9500,0.0,0.0
2001-05-29 00:00:00-04:00,0.4099999964237213,0.4099999964237213,0.4099999964237213,0.4099999964237213,4800,0.0,0.0
2001-05-30 00:00:00-04:00,0.4000000059604645,0.41999998688697815,0.3499999940395355,0.36000001430511475,115800,0.0,0.0
2001-05-31 00:00:00-04:00,0.4000000059604645,0.4000000059604645,0.3700000047683716,0.3700000047683716,39500,0.0,0.0
2001-06-01 00:00:00-04:00,0.38999998569488525,0.38999998569488525,0.36000001430511475,0.3700000047683716,5600,0.0,0.0
2001-06-04 00:00:00-04:00,0.4000000059604645,0.4099999964237213,0.3700000047683716,0.4000000059604645,81800,0.0,0.0
2001-06-05 00:00:00-04:00,0.4000000059604645,0.4000000059604645,0.3499999940395355,0.3499999940395355,26900,0.0,0.0
2001-06-06 00:00:00-04:00,0.33000001311302185,0.4000000059604645,0.33000001311302185,0.4000000059604645,68000,0.0,0.0
2001-06-07 00:00:00-04:00,0.4000000059604645,0.4000000059604645,0.3700000047683716,0.3700000047683716,1500,0.0,0.0
2001-06-08 00:00:00-04:00,0.3400000035762787,0.3400000035762787,0.3400000035762787,0.3400000035762787,10100,0.0,0.0
2001-06-11 00:00:00-04:00,0.4099999964237213,0.44999998807907104,0.4000000059604645,0.4000000059604645,82700,0.0,0.0
2001-06-12 00:00:00-04:00,0.41999998688697815,0.4399999976158142,0.3700000047683716,0.4000000059604645,32200,0.0,0.0
2001-06-13 00:00:00-04:00,0.46000000834465027,0.46000000834465027,0.4000000059604645,0.4000000059604645,51600,0.0,0.0
2001-06-14 00:00:00-04:00,0.3700000047683716,0.4099999964237213,0.3499999940395355,0.4000000059604645,24100,0.0,0.0
2001-06-15 00:00:00-04:00,0.3499999940395355,0.3499999940395355,0.3499999940395355,0.3499999940395355,2400,0.0,0.0
2001-06-18 00:00:00-04:00,0.3499999940395355,0.3700000047683716,0.3499999940395355,0.3700000047683716,26800,0.0,0.0
2001-06-19 00:00:00-04:00,0.4000000059604645,0.4000000059604645,0.3100000023841858,0.3499999940395355,17100,0.0,0.0
2001-06-20 00:00:00-04:00,0.30000001192092896,0.30000001192092896,0.30000001192092896,0.30000001192092896,3100,0.0,0.0
2001-06-21 00:00:00-04:00,0.30000001192092896,0.30000001192092896,0.30000001192092896,0.30000001192092896,5400,0.0,0.0
2001-06-22 00:00:00-04:00,0.30000001192092896,0.30000001192092896,0.30000001192092896,0.30000001192092896,200,0.0,0.0
2001-06-25 00:00:00-04:00,0.30000001192092896,0.30000001192092896,0.30000001192092896,0.30000001192092896,2200,0.0,0.0
2001-06-26 00:00:00-04:00,0.30000001192092896,0.3499999940395355,0.30000001192092896,0.3499999940395355,5200,0.0,0.0
2001-06-27 00:00:00-04:00,0.30000001192092896,0.3400000035762787,0.30000001192092896,0.3400000035762787,5500,0.0,0.0
2001-06-28 00:00:00-04:00,0.30000001192092896,0.30000001192092896,0.30000001192092896,0.30000001192092896,500,0.0,0.0
2001-06-29 00:00:00-04:00,0.30000001192092896,0.30000001192092896,0.30000001192092896,0.30000001192092896,1500,0.0,0.0
2001-07-02 00:00:00-04:00,0.3499999940395355,0.3499999940395355,0.30000001192092896,0.3499999940395355,8100,0.0,0.0
2001-07-03 00:00:00-04:00,0.3499999940395355,0.3499999940395355,0.3499999940395355,0.3499999940395355,0,0.0,0.0
2001-07-05 00:00:00-04:00,0.3499999940395355,0.3499999940395355,0.3100000023841858,0.3499999940395355,5300,0.0,0.0
2001-07-06 00:00:00-04:00,0.3499999940395355,0.4000000059604645,0.3400000035762787,0.3799999952316284,47800,0.0,0.0
2001-07-09 00:00:00-04:00,0.4099999964237213,0.4099999964237213,0.3700000047683716,0.4099999964237213,62400,0.0,0.0
2001-07-10 00:00:00-04:00,0.4099999964237213,0.4099999964237213,0.3799999952316284,0.3799999952316284,11100,0.0,0.0
2001-07-11 00:00:00-04:00,0.4099999964237213,0.4099999964237213,0.3100000023841858,0.3100000023841858,21000,0.0,0.0
2001-07-12 00:00:00-04:00,0.3100000023841858,0.3100000023841858,0.2800000011920929,0.2800000011920929,7000,0.0,0.0
2001-07-13 00:00:00-04:00,0.3100000023841858,0.3100000023841858,0.2800000011920929,0.2800000011920929,12500,0.0,0.0
2001-07-16 00:00:00-04:00,0.27000001072883606,0.27000001072883606,0.27000001072883606,0.27000001072883606,100,0.0,0.0
2001-07-17 00:00:00-04:00,0.25999999046325684,0.25999999046325684,0.25999999046325684,0.25999999046325684,5000,0.0,0.0
2001-07-18 00:00:00-04:00,0.2800000011920929,0.2800000011920929,0.25999999046325684,0.25999999046325684,11400,0.0,0.0
2001-07-19 00:00:00-04:00,0.25999999046325684,0.25999999046325684,0.25999999046325684,0.25999999046325684,0,0.0,0.0
2001-07-20 00:00:00-04:00,0.25999999046325684,0.25999999046325684,0.25999999046325684,0.25999999046325684,0,0.0,0.0
2001-07-23 00:00:00-04:00,0.25999999046325684,0.25999999046325684,0.25999999046325684,0.25999999046325684,0,0.0,0.0
2001-07-24 00:00:00-04:00,0.25999999046325684,0.25999999046325684,0.25999999046325684,0.25999999046325684,0,0.0,0.0
2001-07-25 00:00:00-04:00,0.3100000023841858,0.3100000023841858,0.25999999046325684,0.25999999046325684,12900,0.0,0.0
2001-07-26 00:00:00-04:00,0.28999999165534973,0.28999999165534973,0.23999999463558197,0.2800000011920929,48000,0.0,0.0
2001-07-27 00:00:00-04:00,0.23000000417232513,0.23000000417232513,0.23000000417232513,0.23000000417232513,25400,0.0,0.0
2001-07-30 00:00:00-04:00,0.23000000417232513,0.23000000417232513,0.23000000417232513,0.23000000417232513,2300,0.0,0.0
2001-07-31 00:00:00-04:00,0.23000000417232513,0.23000000417232513,0.23000000417232513,0.23000000417232513,300,0.0,0.0
2001-08-01 00:00:00-04:00,0.23000000417232513,0.23000000417232513,0.23000000417232513,0.23000000417232513,500,0.0,0.0
2001-08-02 00:00:00-04:00,0.23000000417232513,0.23000000417232513,0.23000000417232513,0.23000000417232513,0,0.0,0.0
2001-08-03 00:00:00-04:00,0.23000000417232513,0.23000000417232513,0.23000000417232513,0.23000000417232513,2000,0.0,0.0
2001-08-06 00:00:00-04:00,0.23000000417232513,0.23000000417232513,0.23000000417232513,0.23000000417232513,0,0.0,0.0
2001-08-07 00:00:00-04:00,0.23000000417232513,0.23000000417232513,0.23000000417232513,0.23000000417232513,700,0.0,0.0
2001-08-08 00:00:00-04:00,0.23000000417232513,0.23000000417232513,0.23000000417232513,0.23000000417232513,1500,0.0,0.0
2001-08-09 00:00:00-04:00,0.23000000417232513,0.28999999165534973,0.23000000417232513,0.28999999165534973,5400,0.0,0.0
2001-08-10 00:00:00-04:00,0.23000000417232513,0.23999999463558197,0.1899999976158142,0.23000000417232513,50000,0.0,0.0
2001-08-13 00:00:00-04:00,0.23000000417232513,0.23000000417232513,0.23000000417232513,0.23000000417232513,0,0.0,0.0
2001-08-14 00:00:00-04:00,0.20000000298023224,0.20000000298023224,0.20000000298023224,0.20000000298023224,3000,0.0,0.0
2001-08-15 00:00:00-04:00,0.18000000715255737,0.18000000715255737,0.18000000715255737,0.18000000715255737,8100,0.0,0.0
2001-08-16 00:00:00-04:00,0.18000000715255737,0.18000000715255737,0.18000000715255737,0.18000000715255737,5000,0.0,0.0
2001-08-17 00:00:00-04:00,0.18000000715255737,0.18000000715255737,0.1599999964237213,0.1599999964237213,13700,0.0,0.0
2001-08-20 00:00:00-04:00,0.15000000596046448,0.15000000596046448,0.15000000596046448,0.15000000596046448,10000,0.0,0.0
2001-08-21 00:00:00-04:00,0.15000000596046448,0.15000000596046448,0.15000000596046448,0.15000000596046448,11000,0.0,0.0
2001-08-22 00:00:00-04:00,0.15000000596046448,0.15000000596046448,0.15000000596046448,0.15000000596046448,3200,0.0,0.0
2001-08-23 00:00:00-04:00,0.15000000596046448,0.20000000298023224,0.15000000596046448,0.20000000298023224,2100,0.0,0.0
2001-08-24 00:00:00-04:00,0.20000000298023224,0.20000000298023224,0.17000000178813934,0.17000000178813934,4300,0.0,0.0
2001-08-27 00:00:00-04:00,0.1599999964237213,0.1599999964237213,0.1599999964237213,0.1599999964237213,3000,0.0,0.0
2001-08-28 00:00:00-04:00,0.18000000715255737,0.18000000715255737,0.1599999964237213,0.1599999964237213,4500,0.0,0.0
2001-08-29 00:00:00-04:00,0.1599999964237213,0.1599999964237213,0.1599999964237213,0.1599999964237213,1300,0.0,0.0
2001-08-30 00:00:00-04:00,0.1599999964237213,0.1599999964237213,0.1599999964237213,0.1599999964237213,12200,0.0,0.0
2001-08-31 00:00:00-04:00,0.1599999964237213,0.1599999964237213,0.15000000596046448,0.15000000596046448,104000,0.0,0.0
2001-09-04 00:00:00-04:00,0.15000000596046448,0.15000000596046448,0.15000000596046448,0.15000000596046448,17500,0.0,0.0
2001-09-05 00:00:00-04:00,0.15000000596046448,0.15000000596046448,0.15000000596046448,0.15000000596046448,0,0.0,0.0
2001-09-06 00:00:00-04:00,0.14000000059604645,0.14000000059604645,0.14000000059604645,0.14000000059604645,1100,0.0,0.0
2001-09-07 00:00:00-04:00,0.14000000059604645,0.14000000059604645,0.14000000059604645,0.14000000059604645,0,0.0,0.0
2001-09-10 00:00:00-04:00,0.14000000059604645,0.14000000059604645,0.14000000059604645,0.14000000059604645,0,0.0,0.0
2001-09-17 00:00:00-04:00,0.18000000715255737,0.1899999976158142,0.18000000715255737,0.18000000715255737,18200,0.0,0.0
2001-09-18 00:00:00-04:00,0.25,0.25,0.18000000715255737,0.18000000715255737,3700,0.0,0.0
2001-09-19 00:00:00-04:00,0.20000000298023224,0.20000000298023224,0.20000000298023224,0.20000000298023224,100,0.0,0.0
2001-09-20 00:00:00-04:00,0.20000000298023224,0.20000000298023224,0.20000000298023224,0.20000000298023224,1000,0.0,0.0
2001-09-21 00:00:00-04:00,0.20000000298023224,0.25,0.20000000298023224,0.20000000298023224,9000,0.0,0.0
2001-09-24 00:00:00-04:00,0.17000000178813934,0.17000000178813934,0.17000000178813934,0.17000000178813934,9800,0.0,0.0
2001-09-25 00:00:00-04:00,0.17000000178813934,0.17000000178813934,0.17000000178813934,0.17000000178813934,0,0.0,0.0
2001-09-26 00:00:00-04:00,0.17000000178813934,0.17000000178813934,0.1599999964237213,0.1599999964237213,37100,0.0,0.0
2001-09-27 00:00:00-04:00,0.14000000059604645,0.1599999964237213,0.12999999523162842,0.12999999523162842,36500,0.0,0.0
2001-09-28 00:00:00-04:00,0.17000000178813934,0.17000000178813934,0.17000000178813934,0.17000000178813934,50000,0.0,0.0
2001-10-01 00:00:00-04:00,0.2199999988079071,0.2199999988079071,0.1599999964237213,0.1599999964237213,1500,0.0,0.0
2001-10-02 00:00:00-04:00,0.1599999964237213,0.1599999964237213,0.1599999964237213,0.1599999964237213,0,0.0,0.0
2001-10-03 00:00:00-04:00,0.1599999964237213,0.1599999964237213,0.1599999964237213,0.1599999964237213,1700,0.0,0.0
2001-10-04 00:00:00-04:00,0.17000000178813934,0.17000000178813934,0.17000000178813934,0.17000000178813934,500,0.0,0.0
2001-10-05 00:00:00-04:00,0.17000000178813934,0.17000000178813934,0.17000000178813934,0.17000000178813934,0,0.0,0.0
2001-10-08 00:00:00-04:00,0.1899999976158142,0.1899999976158142,0.1899999976158142,0.1899999976158142,3000,0.0,0.0
2001-10-09 00:00:00-04:00,0.1899999976158142,0.1899999976158142,0.1899999976158142,0.1899999976158142,0,0.0,0.0
2001-10-10 00:00:00-04:00,0.2199999988079071,0.2199999988079071,0.2199999988079071,0.2199999988079071,15000,0.0,0.0
2001-10-11 00:00:00-04:00,0.20000000298023224,0.20000000298023224,0.20000000298023224,0.20000000298023224,3400,0.0,0.0
2001-10-12 00:00:00-04:00,0.20000000298023224,0.20000000298023224,0.20000000298023224,0.20000000298023224,1500,0.0,0.0
2001-10-15 00:00:00-04:00,0.20000000298023224,0.20000000298023224,0.20000000298023224,0.20000000298023224,0,0.0,0.0
2001-10-16 00:00:00-04:00,0.20000000298023224,0.20000000298023224,0.20000000298023224,0.20000000298023224,1000,0.0,0.0
2001-10-17 00:00:00-04:00,0.25,0.25,0.25,0.25,1000,0.0,0.0
2001-10-18 00:00:00-04:00,0.25,0.25,0.25,0.25,0,0.0,0.0
2001-10-19 00:00:00-04:00,0.1899999976158142,0.1899999976158142,0.1899999976158142,0.1899999976158142,22000,0.0,0.0
2001-10-22 00:00:00-04:00,0.18000000715255737,0.18000000715255737,0.1599999964237213,0.18000000715255737,69500,0.0,0.0
2001-10-23 00:00:00-04:00,0.17000000178813934,0.18000000715255737,0.17000000178813934,0.17000000178813934,141100,0.0,0.0
2001-10-24 00:00:00-04:00,0.17000000178813934,0.17000000178813934,0.17000000178813934,0.17000000178813934,0,0.0,0.0
2001-10-25 00:00:00-04:00,0.17000000178813934,0.17000000178813934,0.17000000178813934,0.17000000178813934,200,0.0,0.0
2001-10-26 00:00:00-04:00,0.17000000178813934,0.17000000178813934,0.17000000178813934,0.17000000178813934,300,0.0,0.0
2001-10-29 00:00:00-05:00,0.17000000178813934,0.20999999344348907,0.17000000178813934,0.20999999344348907,40500,0.0,0.0
2001-10-30 00:00:00-05:00,0.1899999976158142,0.1899999976158142,0.18000000715255737,0.18000000715255737,6200,0.0,0.0
2001-10-31 00:00:00-05:00,0.20000000298023224,0.25,0.20000000298023224,0.2199999988079071,41000,0.0,0.0
2001-11-01 00:00:00-05:00,0.2199999988079071,0.2199999988079071,0.2199999988079071,0.2199999988079071,0,0.0,0.0
2001-11-02 00:00:00-05:00,0.2199999988079071,0.25,0.20000000298023224,0.20000000298023224,11800,0.0,0.0
2001-11-05 00:00:00-05:00,0.20000000298023224,0.20000000298023224,0.20000000298023224,0.20000000298023224,4500,0.0,0.0
2001-11-06 00:00:00-05:00,0.20000000298023224,0.20000000298023224,0.20000000298023224,0.20000000298023224,0,0.0,0.0
2001-11-07 00:00:00-05:00,0.20000000298023224,0.20000000298023224,0.20000000298023224,0.20000000298023224,0,0.0,0.0
2001-11-08 00:00:00-05:00,0.18000000715255737,0.1899999976158142,0.18000000715255737,0.1899999976158142,10500,0.0,0.0
2001-11-09 00:00:00-05:00,0.23000000417232513,0.23000000417232513,0.23000000417232513,0.23000000417232513,5000,0.0,0.0
2001-11-12 00:00:00-05:00,0.23000000417232513,0.23000000417232513,0.23000000417232513,0.23000000417232513,0,0.0,0.0
2001-11-13 00:00:00-05:00,0.20000000298023224,0.20000000298023224,0.20000000298023224,0.20000000298023224,2000,0.0,0.0
2001-11-14 00:00:00-05:00,0.20000000298023224,0.20999999344348907,0.20000000298023224,0.20999999344348907,700,0.0,0.0
2001-11-15 00:00:00-05:00,0.25999999046325684,0.25999999046325684,0.2199999988079071,0.2199999988079071,16100,0.0,0.0
2001-11-16 00:00:00-05:00,0.2199999988079071,0.2199999988079071,0.2199999988079071,0.2199999988079071,1000,0.0,0.0
2001-11-19 00:00:00-05:00,0.2199999988079071,0.27000001072883606,0.2199999988079071,0.25999999046325684,64600,0.0,0.0
2001-11-20 00:00:00-05:00,0.25999999046325684,0.25999999046325684,0.25999999046325684,0.25999999046325684,15000,0.0,0.0
2001-11-21 00:00:00-05:00,0.25999999046325684,0.25999999046325684,0.25999999046325684,0.25999999046325684,0,0.0,0.0
2001-11-23 00:00:00-05:00,0.25999999046325684,0.25999999046325684,0.25999999046325684,0.25999999046325684,0,0.0,0.0
2001-11-26 00:00:00-05:00,0.25,0.25,0.25,0.25,2500,0.0,0.0
2001-11-27 00:00:00-05:00,0.25,0.25,0.25,0.25,0,0.0,0.0
2001-11-28 00:00:00-05:00,0.25,0.25,0.25,0.25,0,0.0,0.0
2001-11-29 00:00:00-05:00,0.1899999976158142,0.1899999976158142,0.1899999976158142,0.1899999976158142,100,0.0,0.0
2001-11-30 00:00:00-05:00,0.20000000298023224,0.30000001192092896,0.20000000298023224,0.30000001192092896,4013000,0.0,0.0
2001-12-03 00:00:00-05:00,0.2800000011920929,0.3100000023841858,0.25,0.28999999165534973,115700,0.0,0.0
2001-12-04 00:00:00-05:00,0.3100000023841858,0.3100000023841858,0.30000001192092896,0.30000001192092896,18000,0.0,0.0
2001-12-05 00:00:00-05:00,0.30000001192092896,0.30000001192092896,0.20000000298023224,0.2199999988079071,311200,0.0,0.0
2001-12-06 00:00:00-05:00,0.28999999165534973,0.28999999165534973,0.23000000417232513,0.2800000011920929,50800,0.0,0.0
2001-12-07 00:00:00-05:00,0.2800000011920929,0.2800000011920929,0.2800000011920929,0.2800000011920929,0,0.0,0.0
2001-12-10 00:00:00-05:00,0.23000000417232513,0.25999999046325684,0.23000000417232513,0.23999999463558197,8500,0.0,0.0
2001-12-11 00:00:00-05:00,0.23999999463558197,0.25999999046325684,0.23999999463558197,0.25999999046325684,33400,0.0,0.0
2001-12-12 00:00:00-05:00,0.23000000417232513,0.25999999046325684,0.23000000417232513,0.23000000417232513,15700,0.0,0.0
2001-12-13 00:00:00-05:00,0.23000000417232513,0.23000000417232513,0.23000000417232513,0.23000000417232513,200,0.0,0.0
2001-12-14 00:00:00-05:00,0.23000000417232513,0.23000000417232513,0.23000000417232513,0.23000000417232513,900,0.0,0.0
2001-12-17 00:00:00-05:00,0.23000000417232513,0.23000000417232513,0.20000000298023224,0.20999999344348907,150500,0.0,0.0
2001-12-18 00:00:00-05:00,0.20999999344348907,0.20999999344348907,0.20999999344348907,0.20999999344348907,5600,0.0,0.0
2001-12-19 00:00:00-05:00,0.20999999344348907,0.20999999344348907,0.20999999344348907,0.20999999344348907,5000,0.0,0.0
2001-12-20 00:00:00-05:00,0.20000000298023224,0.20000000298023224,0.20000000298023224,0.20000000298023224,4400,0.0,0.0
2001-12-21 00:00:00-05:00,0.20000000298023224,0.23999999463558197,0.20000000298023224,0.23999999463558197,55400,0.0,0.0
2001-12-24 00:00:00-05:00,0.2199999988079071,0.2199999988079071,0.2199999988079071,0.2199999988079071,500,0.0,0.0
2001-12-26 00:00:00-05:00,0.23999999463558197,0.23999999463558197,0.2199999988079071,0.2199999988079071,14900,0.0,0.0
2001-12-27 00:00:00-05:00,0.2199999988079071,0.23999999463558197,0.2199999988079071,0.23000000417232513,15200,0.0,0.0
2001-12-28 00:00:00-05:00,0.20999999344348907,0.23000000417232513,0.20999999344348907,0.23000000417232513,14000,0.0,0.0
2001-12-31 00:00:00-05:00,0.20000000298023224,0.20000000298023224,0.17000000178813934,0.1899999976158142,24000,0.0,0.0
2002-01-02 00:00:00-05:00,0.20000000298023224,0.20000000298023224,0.20000000298023224,0.20000000298023224,2100,0.0,0.0
2002-01-03 00:00:00-05:00,0.20000000298023224,0.20000000298023224,0.20000000298023224,0.20000000298023224,0,0.0,0.0
2002-01-04 00:00:00-05:00,0.20000000298023224,0.20000000298023224,0.20000000298023224,0.20000000298023224,0,0.0,0.0
2002-01-07 00:00:00-05:00,0.23000000417232513,0.23000000417232513,0.23000000417232513,0.23000000417232513,10000,0.0,0.0
2002-01-08 00:00:00-05:00,0.23000000417232513,0.28999999165534973,0.2199999988079071,0.28999999165534973,60500,0.0,0.0
2002-01-09 00:00:00-05:00,0.25,0.25,0.23999999463558197,0.23999999463558197,169300,0.0,0.0
2002-01-10 00:00:00-05:00,0.20999999344348907,0.23999999463558197,0.20999999344348907,0.23999999463558197,4000,0.0,0.0
2002-01-11 00:00:00-05:00,0.23999999463558197,0.25,0.23999999463558197,0.25,23000,0.0,0.0
2002-01-14 00:00:00-05:00,0.20999999344348907,0.20999999344348907,0.20999999344348907,0.20999999344348907,600,0.0,0.0
2002-01-15 00:00:00-05:00,0.20999999344348907,0.20999999344348907,0.20999999344348907,0.20999999344348907,0,0.0,0.0
2002-01-16 00:00:00-05:00,0.20999999344348907,0.20999999344348907,0.20999999344348907,0.20999999344348907,0,0.0,0.0
2002-01-17 00:00:00-05:00,0.20999999344348907,0.20999999344348907,0.20999999344348907,0.20999999344348907,1000,0.0,0.0
2002-01-18 00:00:00-05:00,0.27000001072883606,0.27000001072883606,0.27000001072883606,0.27000001072883606,20000,0.0,0.0
2002-01-22 00:00:00-05:00,0.25,0.25,0.25,0.25,200,0.0,0.0
2002-01-23 00:00:00-05:00,0.20000000298023224,0.20000000298023224,0.20000000298023224,0.20000000298023224,9000,0.0,0.0
2002-01-24 00:00:00-05:00,0.23000000417232513,0.23000000417232513,0.23000000417232513,0.23000000417232513,5300,0.0,0.0
2002-01-25 00:00:00-05:00,0.2199999988079071,0.2199999988079071,0.2199999988079071,0.2199999988079071,13300,0.0,0.0
2002-01-28 00:00:00-05:00,0.2199999988079071,0.2800000011920929,0.2199999988079071,0.25,36200,0.0,0.0
2002-01-29 00:00:00-05:00,0.25,0.25,0.17000000178813934,0.17000000178813934,48100,0.0,0.0
2002-01-30 00:00:00-05:00,0.17000000178813934,0.17000000178813934,0.17000000178813934,0.17000000178813934,1700,0.0,0.0
2002-01-31 00:00:00-05:00,0.17000000178813934,0.17000000178813934,0.17000000178813934,0.17000000178813934,0,0.0,0.0
2002-02-01 00:00:00-05:00,0.17000000178813934,0.17000000178813934,0.17000000178813934,0.17000000178813934,1800,0.0,0.0
2002-02-04 00:00:00-05:00,0.17000000178813934,0.17000000178813934,0.17000000178813934,0.17000000178813934,0,0.0,0.0
2002-02-05 00:00:00-05:00,0.1899999976158142,0.1899999976158142,0.1899999976158142,0.1899999976158142,100,0.0,0.0
2002-02-06 00:00:00-05:00,0.20999999344348907,0.23000000417232513,0.20999999344348907,0.23000000417232513,305400,0.0,0.0
2002-02-07 00:00:00-05:00,0.20999999344348907,0.23999999463558197,0.20999999344348907,0.23999999463558197,1900,0.0,0.0
2002-02-08 00:00:00-05:00,0.2199999988079071,0.25,0.20999999344348907,0.20999999344348907,90000,0.0,0.0
2002-02-11 00:00:00-05:00,0.2199999988079071,0.23000000417232513,0.2199999988079071,0.23000000417232513,15000,0.0,0.0
2002-02-12 00:00:00-05:00,0.23999999463558197,0.23999999463558197,0.23999999463558197,0.23999999463558197,5000,0.0,0.0
2002-02-13 00:00:00-05:00,0.18000000715255737,0.23000000417232513,0.18000000715255737,0.2199999988079071,169400,0.0,0.0
2002-02-14 00:00:00-05:00,0.18000000715255737,0.23000000417232513,0.18000000715255737,0.2199999988079071,177000,0.0,0.0
2002-02-15 00:00:00-05:00,0.23000000417232513,0.23000000417232513,0.18000000715255737,0.18000000715255737,11200,0.0,0.0
2002-02-19 00:00:00-05:00,0.2199999988079071,0.23000000417232513,0.2199999988079071,0.23000000417232513,37000,0.0,0.0
2002-02-20 00:00:00-05:00,0.23000000417232513,0.23000000417232513,0.18000000715255737,0.18000000715255737,2100,0.0,0.0
2002-02-21 00:00:00-05:00,0.1899999976158142,0.1899999976158142,0.1899999976158142,0.1899999976158142,300,0.0,0.0
2002-02-22 00:00:00-05:00,0.23000000417232513,0.23000000417232513,0.1899999976158142,0.1899999976158142,2200,0.0,0.0
2002-02-25 00:00:00-05:00,0.1899999976158142,0.1899999976158142,0.1899999976158142,0.1899999976158142,0,0.0,0.0
2002-02-26 00:00:00-05:00,0.1899999976158142,0.1899999976158142,0.1899999976158142,0.1899999976158142,200,0.0,0.0
2002-02-27 00:00:00-05:00,0.20000000298023224,0.20000000298023224,0.20000000298023224,0.20000000298023224,2100,0.0,0.0
2002-02-28 00:00:00-05:00,0.20000000298023224,0.20000000298023224,0.20000000298023224,0.20000000298023224,0,0.0,0.0
2002-03-01 00:00:00-05:00,0.1899999976158142,0.20000000298023224,0.17000000178813934,0.17000000178813934,137000,0.0,0.0
2002-03-04 00:00:00-05:00,0.17000000178813934,0.17000000178813934,0.17000000178813934,0.17000000178813934,0,0.0,0.0
2002-03-05 00:00:00-05:00,0.1599999964237213,0.1899999976158142,0.1599999964237213,0.1899999976158142,6500,0.0,0.0
2002-03-06 00:00:00-05:00,0.1899999976158142,0.23000000417232513,0.15000000596046448,0.15000000596046448,83900,0.0,0.0
2002-03-07 00:00:00-05:00,0.15000000596046448,0.15000000596046448,0.12999999523162842,0.12999999523162842,38800,0.0,0.0
2002-03-08 00:00:00-05:00,0.15000000596046448,0.15000000596046448,0.11999999731779099,0.14000000059604645,547800,0.0,0.0
2002-03-11 00:00:00-05:00,0.15000000596046448,0.15000000596046448,0.11999999731779099,0.11999999731779099,369500,0.0,0.0
2002-03-12 00:00:00-05:00,0.11999999731779099,0.15000000596046448,0.11999999731779099,0.15000000596046448,276200,0.0,0.0
2002-03-13 00:00:00-05:00,0.15000000596046448,0.15000000596046448,0.14000000059604645,0.15000000596046448,438700,0.0,0.0
2002-03-14 00:00:00-05:00,0.15000000596046448,0.15000000596046448,0.15000000596046448,0.15000000596046448,0,0.0,0.0
2002-03-15 00:00:00-05:00,0.15000000596046448,0.1599999964237213,0.14000000059604645,0.14000000059604645,315100,0.0,0.0
2002-03-18 00:00:00-05:00,0.15000000596046448,0.15000000596046448,0.14000000059604645,0.14000000059604645,323800,0.0,0.0
2002-03-19 00:00:00-05:00,0.15000000596046448,0.15000000596046448,0.14000000059604645,0.14000000059604645,130400,0.0,0.0
2002-03-20 00:00:00-05:00,0.14000000059604645,0.15000000596046448,0.14000000059604645,0.15000000596046448,17700,0.0,0.0
2002-03-21 00:00:00-05:00,0.15000000596046448,0.15000000596046448,0.15000000596046448,0.15000000596046448,2000,0.0,0.0
2002-03-22 00:00:00-05:00,0.15000000596046448,0.15000000596046448,0.15000000596046448,0.15000000596046448,0,0.0,0.0
2002-03-25 00:00:00-05:00,0.15000000596046448,0.15000000596046448,0.14000000059604645,0.14000000059604645,131000,0.0,0.0
2002-03-26 00:00:00-05:00,0.15000000596046448,0.1899999976158142,0.15000000596046448,0.1599999964237213,21900,0.0,0.0
2002-03-27 00:00:00-05:00,0.1599999964237213,0.1599999964237213,0.1599999964237213,0.1599999964237213,0,0.0,0.0
2002-03-28 00:00:00-05:00,0.1599999964237213,0.1599999964237213,0.1599999964237213,0.1599999964237213,0,0.0,0.0
2002-04-01 00:00:00-05:00,0.14000000059604645,0.14000000059604645,0.14000000059604645,0.14000000059604645,1300,0.0,0.0
2002-04-02 00:00:00-05:00,0.15000000596046448,0.15000000596046448,0.15000000596046448,0.15000000596046448,5000,0.0,0.0
2002-04-03 00:00:00-05:00,0.1599999964237213,0.18000000715255737,0.1599999964237213,0.18000000715255737,21300,0.0,0.0
2002-04-04 00:00:00-05:00,0.1899999976158142,0.1899999976158142,0.1899999976158142,0.1899999976158142,7100,0.0,0.0
2002-04-05 00:00:00-05:00,0.20000000298023224,0.20000000298023224,0.17000000178813934,0.17000000178813934,15200,0.0,0.0
2002-04-08 00:00:00-04:00,0.2199999988079071,0.23000000417232513,0.2199999988079071,0.2199999988079071,12000,0.0,0.0
2002-04-09 00:00:00-04:00,0.2199999988079071,0.2199999988079071,0.2199999988079071,0.2199999988079071,0,0.0,0.0
2002-04-10 00:00:00-04:00,0.23999999463558197,0.23999999463558197,0.23999999463558197,0.23999999463558197,1000,0.0,0.0
2002-04-11 00:00:00-04:00,0.20000000298023224,0.2199999988079071,0.20000000298023224,0.20000000298023224,33300,0.0,0.0
2002-04-12 00:00:00-04:00,0.20000000298023224,0.20000000298023224,0.20000000298023224,0.20000000298023224,0,0.0,0.0
2002-04-15 00:00:00-04:00,0.23000000417232513,0.23000000417232513,0.23000000417232513,0.23000000417232513,3400,0.0,0.0
2002-04-16 00:00:00-04:00,0.20000000298023224,0.20000000298023224,0.20000000298023224,0.20000000298023224,200,0.0,0.0
2002-04-17 00:00:00-04:00,0.20000000298023224,0.20000000298023224,0.20000000298023224,0.20000000298023224,4000,0.0,0.0
2002-04-18 00:00:00-04:00,0.2199999988079071,0.2199999988079071,0.20000000298023224,0.20000000298023224,39200,0.0,0.0
2002-04-19 00:00:00-04:00,0.20000000298023224,0.20000000298023224,0.20000000298023224,0.20000000298023224,0,0.0,0.0
2002-04-22 00:00:00-04:00,0.15000000596046448,0.15000000596046448,0.15000000596046448,0.15000000596046448,200,0.0,0.0
2002-04-23 00:00:00-04:00,0.15000000596046448,0.15000000596046448,0.15000000596046448,0.15000000596046448,0,0.0,0.0
2002-04-24 00:00:00-04:00,0.1599999964237213,0.1599999964237213,0.1599999964237213,0.1599999964237213,300,0.0,0.0
2002-04-25 00:00:00-04:00,0.20000000298023224,0.20000000298023224,0.20000000298023224,0.20000000298023224,4500,0.0,0.0
2002-04-26 00:00:00-04:00,0.20000000298023224,0.20000000298023224,0.20000000298023224,0.20000000298023224,0,0.0,0.0
2002-04-29 00:00:00-04:00,0.20000000298023224,0.20000000298023224,0.20000000298023224,0.20000000298023224,10000,0.0,0.0
2002-04-30 00:00:00-04:00,0.20000000298023224,0.20000000298023224,0.20000000298023224,0.20000000298023224,0,0.0,0.0
2002-05-01 00:00:00-04:00,0.18000000715255737,0.18000000715255737,0.18000000715255737,0.18000000715255737,200,0.0,0.0
2002-05-02 00:00:00-04:00,0.18000000715255737,0.18000000715255737,0.18000000715255737,0.18000000715255737,600,0.0,0.0
2002-05-03 00:00:00-04:00,0.18000000715255737,0.18000000715255737,0.18000000715255737,0.18000000715255737,0,0.0,0.0
2002-05-06 00:00:00-04:00,0.18000000715255737,0.18000000715255737,0.18000000715255737,0.18000000715255737,0,0.0,0.0
2002-05-07 00:00:00-04:00,0.18000000715255737,0.18000000715255737,0.18000000715255737,0.18000000715255737,400,0.0,0.0
2002-05-08 00:00:00-04:00,0.18000000715255737,0.18000000715255737,0.18000000715255737,0.18000000715255737,0,0.0,0.0
2002-05-09 00:00:00-04:00,0.18000000715255737,0.18000000715255737,0.18000000715255737,0.18000000715255737,0,0.0,0.0
2002-05-10 00:00:00-04:00,0.18000000715255737,0.18000000715255737,0.18000000715255737,0.18000000715255737,5000,0.0,0.0
2002-05-13 00:00:00-04:00,0.1599999964237213,0.1599999964237213,0.1599999964237213,0.1599999964237213,100,0.0,0.0
2002-05-14 00:00:00-04:00,0.1599999964237213,0.1599999964237213,0.1599999964237213,0.1599999964237213,0,0.0,0.0
2002-05-15 00:00:00-04:00,0.1599999964237213,0.1599999964237213,0.1599999964237213,0.1599999964237213,0,0.0,0.0
2002-05-16 00:00:00-04:00,0.1599999964237213,0.1599999964237213,0.1599999964237213,0.1599999964237213,0,0.0,0.0
2002-05-17 00:00:00-04:00,0.1599999964237213,0.1599999964237213,0.1599999964237213,0.1599999964237213,0,0.0,0.0
2002-05-20 00:00:00-04:00,0.1599999964237213,0.1599999964237213,0.1599999964237213,0.1599999964237213,0,0.0,0.0
2002-05-21 00:00:00-04:00,0.1599999964237213,0.1599999964237213,0.1599999964237213,0.1599999964237213,5500,0.0,0.0
2002-05-22 00:00:00-04:00,0.1599999964237213,0.1599999964237213,0.1599999964237213,0.1599999964237213,0,0.0,0.0
2002-05-23 00:00:00-04:00,0.1599999964237213,0.1599999964237213,0.1599999964237213,0.1599999964237213,0,0.0,0.0
2002-05-24 00:00:00-04:00,0.1599999964237213,0.1599999964237213,0.1599999964237213,0.1599999964237213,3900,0.0,0.0
2002-05-28 00:00:00-04:00,0.15000000596046448,0.15000000596046448,0.15000000596046448,0.15000000596046448,4200,0.0,0.0
2002-05-29 00:00:00-04:00,0.15000000596046448,0.15000000596046448,0.15000000596046448,0.15000000596046448,0,0.0,0.0
2002-05-30 00:00:00-04:00,0.15000000596046448,0.15000000596046448,0.15000000596046448,0.15000000596046448,0,0.0,0.0
2002-05-31 00:00:00-04:00,0.15000000596046448,0.15000000596046448,0.15000000596046448,0.15000000596046448,0,0.0,0.0
2002-06-03 00:00:00-04:00,0.18000000715255737,0.18000000715255737,0.18000000715255737,0.18000000715255737,10000,0.0,0.0
2002-06-04 00:00:00-04:00,0.18000000715255737,0.18000000715255737,0.18000000715255737,0.18000000715255737,0,0.0,0.0
2002-06-05 00:00:00-04:00,0.18000000715255737,0.18000000715255737,0.18000000715255737,0.18000000715255737,0,0.0,0.0
2002-06-06 00:00:00-04:00,0.1599999964237213,0.1899999976158142,0.1599999964237213,0.1899999976158142,7500,0.0,0.0
2002-06-07 00:00:00-04:00,0.1899999976158142,0.1899999976158142,0.1899999976158142,0.1899999976158142,25000,0.0,0.0
2002-06-10 00:00:00-04:00,0.1899999976158142,0.1899999976158142,0.1899999976158142,0.1899999976158142,200,0.0,0.0
2002-06-11 00:00:00-04:00,0.1899999976158142,0.1899999976158142,0.1899999976158142,0.1899999976158142,0,0.0,0.0
2002-06-12 00:00:00-04:00,0.11999999731779099,0.11999999731779099,0.11999999731779099,0.11999999731779099,900,0.0,0.0
2002-06-13 00:00:00-04:00,0.1899999976158142,0.20000000298023224,0.1899999976158142,0.1899999976158142,35000,0.0,0.0
2002-06-14 00:00:00-04:00,0.17000000178813934,0.17000000178813934,0.1599999964237213,0.1599999964237213,10000,0.0,0.0
2002-06-17 00:00:00-04:00,0.1599999964237213,0.1599999964237213,0.1599999964237213,0.1599999964237213,0,0.0,0.0
2002-06-18 00:00:00-04:00,0.1599999964237213,0.1599999964237213,0.1599999964237213,0.1599999964237213,0,0.0,0.0
2002-06-19 00:00:00-04:00,0.1599999964237213,0.1599999964237213,0.1599999964237213,0.1599999964237213,14700,0.0,0.0
2002-06-20 00:00:00-04:00,0.1599999964237213,0.1599999964237213,0.1599999964237213,0.1599999964237213,0,0.0,0.0
2002-06-21 00:00:00-04:00,0.1599999964237213,0.1599999964237213,0.1599999964237213,0.1599999964237213,0,0.0,0.0
2002-06-24 00:00:00-04:00,0.15000000596046448,0.15000000596046448,0.15000000596046448,0.15000000596046448,200,0.0,0.0
2002-06-25 00:00:00-04:00,0.15000000596046448,0.15000000596046448,0.15000000596046448,0.15000000596046448,0,0.0,0.0
2002-06-26 00:00:00-04:00,0.12999999523162842,0.12999999523162842,0.12999999523162842,0.12999999523162842,300,0.0,0.0
2002-06-27 00:00:00-04:00,0.12999999523162842,0.12999999523162842,0.12999999523162842,0.12999999523162842,1000,0.0,0.0
2002-06-28 00:00:00-04:00,0.1599999964237213,0.2800000011920929,0.1599999964237213,0.23000000417232513,257400,0.0,0.0
2002-07-01 00:00:00-04:00,0.20999999344348907,0.23000000417232513,0.20999999344348907,0.23000000417232513,1800,0.0,0.0
2002-07-02 00:00:00-04:00,0.2199999988079071,0.2199999988079071,0.2199999988079071,0.2199999988079071,500,0.0,0.0
2002-07-03 00:00:00-04:00,0.2199999988079071,0.2199999988079071,0.2199999988079071,0.2199999988079071,500,0.0,0.0
2002-07-05 00:00:00-04:00,0.2199999988079071,0.2199999988079071,0.2199999988079071,0.2199999988079071,0,0.0,0.0
2002-07-08 00:00:00-04:00,0.20999999344348907,0.23000000417232513,0.20999999344348907,0.23000000417232513,31100,0.0,0.0
2002-07-09 00:00:00-04:00,0.20000000298023224,0.20000000298023224,0.20000000298023224,0.20000000298023224,500,0.0,0.0
2002-07-10 00:00:00-04:00,0.20000000298023224,0.20000000298023224,0.20000000298023224,0.20000000298023224,1000,0.0,0.0
2002-07-11 00:00:00-04:00,0.20000000298023224,0.20000000298023224,0.20000000298023224,0.20000000298023224,0,0.0,0.0
2002-07-12 00:00:00-04:00,0.20000000298023224,0.20000000298023224,0.18000000715255737,0.18000000715255737,14600,0.0,0.0
2002-07-15 00:00:00-04:00,0.18000000715255737,0.18000000715255737,0.18000000715255737,0.18000000715255737,0,0.0,0.0
2002-07-16 00:00:00-04:00,0.18000000715255737,0.18000000715255737,0.1599999964237213,0.1599999964237213,11600,0.0,0.0
2002-07-17 00:00:00-04:00,0.1599999964237213,0.1599999964237213,0.1599999964237213,0.1599999964237213,0,0.0,0.0
2002-07-18 00:00:00-04:00,0.1599999964237213,0.1599999964237213,0.1599999964237213,0.1599999964237213,0,0.0,0.0
2002-07-19 00:00:00-04:00,0.1599999964237213,0.1599999964237213,0.1599999964237213,0.1599999964237213,0,0.0,0.0
2002-07-22 00:00:00-04:00,0.1599999964237213,0.1599999964237213,0.1599999964237213,0.1599999964237213,300,0.0,0.0
2002-07-23 00:00:00-04:00,0.1599999964237213,0.1599999964237213,0.1599999964237213,0.1599999964237213,0,0.0,0.0
2002-07-24 00:00:00-04:00,0.1599999964237213,0.1599999964237213,0.1599999964237213,0.1599999964237213,0,0.0,0.0
2002-07-25 00:00:00-04:00,0.20000000298023224,0.2199999988079071,0.20000000298023224,0.2199999988079071,32000,0.0,0.0
2002-07-26 00:00:00-04:00,0.23000000417232513,0.23000000417232513,0.20999999344348907,0.20999999344348907,8700,0.0,0.0
2002-07-29 00:00:00-04:00,0.20999999344348907,0.20999999344348907,0.20999999344348907,0.20999999344348907,0,0.0,0.0
2002-07-30 00:00:00-04:00,0.20000000298023224,0.20000000298023224,0.20000000298023224,0.20000000298023224,5200,0.0,0.0
2002-07-31 00:00:00-04:00,0.20000000298023224,0.20000000298023224,0.20000000298023224,0.20000000298023224,200,0.0,0.0
2002-08-01 00:00:00-04:00,0.20000000298023224,0.20000000298023224,0.20000000298023224,0.20000000298023224,0,0.0,0.0
2002-08-02 00:00:00-04:00,0.20000000298023224,0.20000000298023224,0.20000000298023224,0.20000000298023224,0,0.0,0.0
2002-08-05 00:00:00-04:00,0.20000000298023224,0.20000000298023224,0.15000000596046448,0.15000000596046448,35000,0.0,0.0
2002-08-06 00:00:00-04:00,0.1599999964237213,0.1599999964237213,0.1599999964237213,0.1599999964237213,4000,0.0,0.0
2002-08-07 00:00:00-04:00,0.15000000596046448,0.1599999964237213,0.15000000596046448,0.1599999964237213,6100,0.0,0.0
2002-08-08 00:00:00-04:00,0.18000000715255737,0.1899999976158142,0.18000000715255737,0.1899999976158142,11000,0.0,0.0
2002-08-09 00:00:00-04:00,0.2199999988079071,0.2199999988079071,0.1899999976158142,0.20999999344348907,16900,0.0,0.0
2002-08-12 00:00:00-04:00,0.1899999976158142,0.1899999976158142,0.1899999976158142,0.1899999976158142,600,0.0,0.0
2002-08-13 00:00:00-04:00,0.25,0.25,0.2199999988079071,0.2199999988079071,13300,0.0,0.0
2002-08-14 00:00:00-04:00,0.20000000298023224,0.20000000298023224,0.20000000298023224,0.20000000298023224,200,0.0,0.0
2002-08-15 00:00:00-04:00,0.20000000298023224,0.20000000298023224,0.20000000298023224,0.20000000298023224,0,0.0,0.0
2002-08-16 00:00:00-04:00,0.20000000298023224,0.20000000298023224,0.20000000298023224,0.20000000298023224,1600,0.0,0.0
2002-08-19 00:00:00-04:00,0.23000000417232513,0.23000000417232513,0.20000000298023224,0.20000000298023224,30100,0.0,0.0
2002-08-20 00:00:00-04:00,0.20000000298023224,0.20000000298023224,0.20000000298023224,0.20000000298023224,0,0.0,0.0
2002-08-21 00:00:00-04:00,0.20000000298023224,0.20000000298023224,0.20000000298023224,0.20000000298023224,0,0.0,0.0
2002-08-22 00:00:00-04:00,0.20000000298023224,0.20000000298023224,0.20000000298023224,0.20000000298023224,0,0.0,0.0
2002-08-23 00:00:00-04:00,0.2199999988079071,0.2199999988079071,0.20000000298023224,0.20000000298023224,36600,0.0,0.0
2002-08-26 00:00:00-04:00,0.20000000298023224,0.20000000298023224,0.20000000298023224,0.20000000298023224,20300,0.0,0.0
2002-08-27 00:00:00-04:00,0.20999999344348907,0.20999999344348907,0.18000000715255737,0.18000000715255737,9000,0.0,0.0
2002-08-28 00:00:00-04:00,0.18000000715255737,0.18000000715255737,0.18000000715255737,0.18000000715255737,0,0.0,0.0
2002-08-29 00:00:00-04:00,0.17000000178813934,0.17000000178813934,0.17000000178813934,0.17000000178813934,100,0.0,0.0
2002-08-30 00:00:00-04:00,0.17000000178813934,0.17000000178813934,0.17000000178813934,0.17000000178813934,0,0.0,0.0
2002-09-03 00:00:00-04:00,0.17000000178813934,0.17000000178813934,0.17000000178813934,0.17000000178813934,200,0.0,0.0
2002-09-04 00:00:00-04:00,0.17000000178813934,0.17000000178813934,0.17000000178813934,0.17000000178813934,3000,0.0,0.0
2002-09-05 00:00:00-04:00,0.17000000178813934,0.17000000178813934,0.17000000178813934,0.17000000178813934,0,0.0,0.0
2002-09-06 00:00:00-04:00,0.17000000178813934,0.17000000178813934,0.17000000178813934,0.17000000178813934,0,0.0,0.0
2002-09-09 00:00:00-04:00,0.17000000178813934,0.17000000178813934,0.17000000178813934,0.17000000178813934,0,0.0,0.0
2002-09-10 00:00:00-04:00,0.20000000298023224,0.20000000298023224,0.1599999964237213,0.17000000178813934,27700,0.0,0.0
2002-09-11 00:00:00-04:00,0.1599999964237213,0.1599999964237213,0.1599999964237213,0.1599999964237213,600,0.0,0.0
2002-09-12 00:00:00-04:00,0.1599999964237213,0.1599999964237213,0.1599999964237213,0.1599999964237213,0,0.0,0.0
2002-09-13 00:00:00-04:00,0.1599999964237213,0.1599999964237213,0.1599999964237213,0.1599999964237213,48200,0.0,0.0
2002-09-16 00:00:00-04:00,0.1599999964237213,0.1599999964237213,0.1599999964237213,0.1599999964237213,0,0.0,0.0
2002-09-17 00:00:00-04:00,0.1599999964237213,0.1599999964237213,0.1599999964237213,0.1599999964237213,0,0.0,0.0
2002-09-18 00:00:00-04:00,0.1599999964237213,0.1599999964237213,0.1599999964237213,0.1599999964237213,0,0.0,0.0
2002-09-19 00:00:00-04:00,0.1599999964237213,0.1599999964237213,0.1599999964237213,0.1599999964237213,0,0.0,0.0
2002-09-20 00:00:00-04:00,0.18000000715255737,0.20000000298023224,0.18000000715255737,0.20000000298023224,48500,0.0,0.0
2002-09-23 00:00:00-04:00,0.17000000178813934,0.17000000178813934,0.17000000178813934,0.17000000178813934,9000,0.0,0.0
2002-09-24 00:00:00-04:00,0.15000000596046448,0.15000000596046448,0.15000000596046448,0.15000000596046448,100,0.0,0.0
2002-09-25 00:00:00-04:00,0.15000000596046448,0.15000000596046448,0.15000000596046448,0.15000000596046448,0,0.0,0.0
2002-09-26 00:00:00-04:00,0.15000000596046448,0.15000000596046448,0.15000000596046448,0.15000000596046448,0,0.0,0.0
2002-09-27 00:00:00-04:00,0.15000000596046448,0.15000000596046448,0.15000000596046448,0.15000000596046448,500,0.0,0.0
2002-09-30 00:00:00-04:00,0.15000000596046448,0.15000000596046448,0.15000000596046448,0.15000000596046448,6200,0.0,0.0
2002-10-01 00:00:00-04:00,0.15000000596046448,0.15000000596046448,0.15000000596046448,0.15000000596046448,0,0.0,0.0
2002-10-02 00:00:00-04:00,0.15000000596046448,0.15000000596046448,0.15000000596046448,0.15000000596046448,0,0.0,0.0
2002-10-03 00:00:00-04:00,0.15000000596046448,0.15000000596046448,0.15000000596046448,0.15000000596046448,1000,0.0,0.0
2002-10-04 00:00:00-04:00,0.15000000596046448,0.15000000596046448,0.15000000596046448,0.15000000596046448,0,0.0,0.0
2002-10-07 00:00:00-04:00,0.15000000596046448,0.15000000596046448,0.15000000596046448,0.15000000596046448,4000,0.0,0.0
2002-10-08 00:00:00-04:00,0.15000000596046448,0.15000000596046448,0.15000000596046448,0.15000000596046448,500,0.0,0.0
2002-10-09 00:00:00-04:00,0.15000000596046448,0.1599999964237213,0.15000000596046448,0.1599999964237213,55000,0.0,0.0
2002-10-10 00:00:00-04:00,0.17000000178813934,0.18000000715255737,0.17000000178813934,0.18000000715255737,9100,0.0,0.0
2002-10-11 00:00:00-04:00,0.20000000298023224,0.20999999344348907,0.1899999976158142,0.20000000298023224,440800,0.0,0.0
2002-10-14 00:00:00-04:00,0.1899999976158142,0.1899999976158142,0.1899999976158142,0.1899999976158142,500,0.0,0.0
2002-10-15 00:00:00-04:00,0.1899999976158142,0.1899999976158142,0.1899999976158142,0.1899999976158142,100,0.0,0.0
2002-10-16 00:00:00-04:00,0.1899999976158142,0.1899999976158142,0.1899999976158142,0.1899999976158142,0,0.0,0.0
2002-10-17 00:00:00-04:00,0.1899999976158142,0.1899999976158142,0.1899999976158142,0.1899999976158142,100,0.0,0.0
2002-10-18 00:00:00-04:00,0.20999999344348907,0.2199999988079071,0.20000000298023224,0.20999999344348907,204400,0.0,0.0
2002-10-21 00:00:00-04:00,0.2199999988079071,0.2199999988079071,0.2199999988079071,0.2199999988079071,5000,0.0,0.0
2002-10-22 00:00:00-04:00,0.20999999344348907,0.2199999988079071,0.20000000298023224,0.20000000298023224,87100,0.0,0.0
2002-10-23 00:00:00-04:00,0.1899999976158142,0.1899999976158142,0.1899999976158142,0.1899999976158142,600,0.0,0.0
2002-10-24 00:00:00-04:00,0.1899999976158142,0.1899999976158142,0.1899999976158142,0.1899999976158142,0,0.0,0.0
2002-10-25 00:00:00-04:00,0.1899999976158142,0.1899999976158142,0.1899999976158142,0.1899999976158142,10700,0.0,0.0
2002-10-28 00:00:00-05:00,0.1899999976158142,0.1899999976158142,0.1899999976158142,0.1899999976158142,5000,0.0,0.0
2002-10-29 00:00:00-05:00,0.1899999976158142,0.1899999976158142,0.1899999976158142,0.1899999976158142,0,0.0,0.0
2002-10-30 00:00:00-05:00,0.1899999976158142,0.1899999976158142,0.1899999976158142,0.1899999976158142,0,0.0,0.0
2002-10-31 00:00:00-05:00,0.1899999976158142,0.1899999976158142,0.1899999976158142,0.1899999976158142,0,0.0,0.0
2002-11-01 00:00:00-05:00,0.1899999976158142,0.1899999976158142,0.1899999976158142,0.1899999976158142,0,0.0,0.0
2002-11-04 00:00:00-05:00,0.1899999976158142,0.1899999976158142,0.1899999976158142,0.1899999976158142,0,0.0,0.0
2002-11-05 00:00:00-05:00,0.1899999976158142,0.20000000298023224,0.1899999976158142,0.1899999976158142,26000,0.0,0.0
2002-11-06 00:00:00-05:00,0.1899999976158142,0.1899999976158142,0.1899999976158142,0.1899999976158142,1000,0.0,0.0
2002-11-07 00:00:00-05:00,0.20999999344348907,0.20999999344348907,0.20999999344348907,0.20999999344348907,1000,0.0,0.0
2002-11-08 00:00:00-05:00,0.1899999976158142,0.1899999976158142,0.1899999976158142,0.1899999976158142,400,0.0,0.0
2002-11-11 00:00:00-05:00,0.1899999976158142,0.1899999976158142,0.1899999976158142,0.1899999976158142,0,0.0,0.0
2002-11-12 00:00:00-05:00,0.1899999976158142,0.1899999976158142,0.1899999976158142,0.1899999976158142,0,0.0,0.0
2002-11-13 00:00:00-05:00,0.1899999976158142,0.1899999976158142,0.1899999976158142,0.1899999976158142,100,0.0,0.0
2002-11-14 00:00:00-05:00,0.20999999344348907,0.20999999344348907,0.20999999344348907,0.20999999344348907,2800,0.0,0.0
2002-11-15 00:00:00-05:00,0.20999999344348907,0.20999999344348907,0.20999999344348907,0.20999999344348907,0,0.0,0.0
2002-11-18 00:00:00-05:00,0.1899999976158142,0.1899999976158142,0.1599999964237213,0.1599999964237213,6000,0.0,0.0
2002-11-19 00:00:00-05:00,0.1599999964237213,0.1599999964237213,0.1599999964237213,0.1599999964237213,3400,0.0,0.0
2002-11-20 00:00:00-05:00,0.1599999964237213,0.18000000715255737,0.15000000596046448,0.18000000715255737,17400,0.0,0.0
2002-11-21 00:00:00-05:00,0.18000000715255737,0.18000000715255737,0.18000000715255737,0.18000000715255737,0,0.0,0.0
2002-11-22 00:00:00-05:00,0.18000000715255737,0.18000000715255737,0.18000000715255737,0.18000000715255737,0,0.0,0.0
2002-11-25 00:00:00-05:00,0.18000000715255737,0.18000000715255737,0.18000000715255737,0.18000000715255737,0,0.0,0.0
2002-11-26 00:00:00-05:00,0.18000000715255737,0.18000000715255737,0.18000000715255737,0.18000000715255737,0,0.0,0.0
2002-11-27 00:00:00-05:00,0.18000000715255737,0.18000000715255737,0.18000000715255737,0.18000000715255737,0,0.0,0.0
2002-11-29 00:00:00-05:00,0.1599999964237213,0.1599999964237213,0.15000000596046448,0.15000000596046448,1500,0.0,0.0
2002-12-02 00:00:00-05:00,0.15000000596046448,0.15000000596046448,0.15000000596046448,0.15000000596046448,0,0.0,0.0
2002-12-03 00:00:00-05:00,0.15000000596046448,0.15000000596046448,0.15000000596046448,0.15000000596046448,0,0.0,0.0
2002-12-04 00:00:00-05:00,0.1599999964237213,0.1599999964237213,0.1599999964237213,0.1599999964237213,100,0.0,0.0
2002-12-05 00:00:00-05:00,0.1599999964237213,0.1599999964237213,0.1599999964237213,0.1599999964237213,0,0.0,0.0
2002-12-06 00:00:00-05:00,0.15000000596046448,0.1599999964237213,0.15000000596046448,0.1599999964237213,23000,0.0,0.0
2002-12-09 00:00:00-05:00,0.15000000596046448,0.15000000596046448,0.15000000596046448,0.15000000596046448,2000,0.0,0.0
2002-12-10 00:00:00-05:00,0.15000000596046448,0.15000000596046448,0.15000000596046448,0.15000000596046448,8000,0.0,0.0
2002-12-11 00:00:00-05:00,0.17000000178813934,0.17000000178813934,0.15000000596046448,0.17000000178813934,8600,0.0,0.0
2002-12-12 00:00:00-05:00,0.15000000596046448,0.18000000715255737,0.15000000596046448,0.18000000715255737,47200,0.0,0.0
2002-12-13 00:00:00-05:00,0.18000000715255737,0.18000000715255737,0.18000000715255737,0.18000000715255737,0,0.0,0.0
2002-12-16 00:00:00-05:00,0.2199999988079071,0.2199999988079071,0.1599999964237213,0.1599999964237213,1100,0.0,0.0
2002-12-17 00:00:00-05:00,0.1599999964237213,0.1599999964237213,0.1599999964237213,0.1599999964237213,5400,0.0,0.0
2002-12-18 00:00:00-05:00,0.15000000596046448,0.15000000596046448,0.14000000059604645,0.15000000596046448,10300,0.0,0.0
2002-12-19 00:00:00-05:00,0.1599999964237213,0.1599999964237213,0.1599999964237213,0.1599999964237213,5100,0.0,0.0
2002-12-20 00:00:00-05:00,0.1599999964237213,0.18000000715255737,0.1599999964237213,0.1599999964237213,10000,0.0,0.0
2002-12-23 00:00:00-05:00,0.1599999964237213,0.1599999964237213,0.1599999964237213,0.1599999964237213,15000,0.0,0.0
2002-12-24 00:00:00-05:00,0.1599999964237213,0.1599999964237213,0.1599999964237213,0.1599999964237213,0,0.0,0.0
2002-12-26 00:00:00-05:00,0.1599999964237213,0.1599999964237213,0.1599999964237213,0.1599999964237213,500,0.0,0.0
2002-12-27 00:00:00-05:00,0.1599999964237213,0.18000000715255737,0.1599999964237213,0.18000000715255737,15500,0.0,0.0
2002-12-30 00:00:00-05:00,0.18000000715255737,0.2199999988079071,0.18000000715255737,0.18000000715255737,11100,0.0,0.0
2002-12-31 00:00:00-05:00,0.18000000715255737,0.18000000715255737,0.18000000715255737,0.18000000715255737,1700,0.0,0.0
2003-01-02 00:00:00-05:00,0.23999999463558197,0.23999999463558197,0.20000000298023224,0.20999999344348907,15500,0.0,0.0
2003-01-03 00:00:00-05:00,0.20999999344348907,0.20999999344348907,0.20999999344348907,0.20999999344348907,0,0.0,0.0
2003-01-06 00:00:00-05:00,0.20999999344348907,0.20999999344348907,0.20999999344348907,0.20999999344348907,0,0.0,0.0
2003-01-07 00:00:00-05:00,0.17000000178813934,0.17000000178813934,0.17000000178813934,0.17000000178813934,500,0.0,0.0
2003-01-08 00:00:00-05:00,0.17000000178813934,0.17000000178813934,0.17000000178813934,0.17000000178813934,0,0.0,0.0
2003-01-09 00:00:00-05:00,0.17000000178813934,0.17000000178813934,0.17000000178813934,0.17000000178813934,2900,0.0,0.0
2003-01-10 00:00:00-05:00,0.18000000715255737,0.23000000417232513,0.18000000715255737,0.20000000298023224,7200,0.0,0.0
2003-01-13 00:00:00-05:00,0.2199999988079071,0.2199999988079071,0.20999999344348907,0.2199999988079071,11000,0.0,0.0
2003-01-14 00:00:00-05:00,0.2199999988079071,0.2199999988079071,0.20999999344348907,0.2199999988079071,50100,0.0,0.0
2003-01-15 00:00:00-05:00,0.17000000178813934,0.17000000178813934,0.17000000178813934,0.17000000178813934,700,0.0,0.0
2003-01-16 00:00:00-05:00,0.17000000178813934,0.17000000178813934,0.17000000178813934,0.17000000178813934,0,0.0,0.0
2003-01-17 00:00:00-05:00,0.18000000715255737,0.20000000298023224,0.17000000178813934,0.17000000178813934,15200,0.0,0.0
2003-01-21 00:00:00-05:00,0.17000000178813934,0.17000000178813934,0.17000000178813934,0.17000000178813934,500,0.0,0.0
2003-01-22 00:00:00-05:00,0.18000000715255737,0.18000000715255737,0.18000000715255737,0.18000000715255737,5900,0.0,0.0
2003-01-23 00:00:00-05:00,0.18000000715255737,0.18000000715255737,0.18000000715255737,0.18000000715255737,0,0.0,0.0
2003-01-24 00:00:00-05:00,0.17000000178813934,0.17000000178813934,0.17000000178813934,0.17000000178813934,2000,0.0,0.0
2003-01-27 00:00:00-05:00,0.17000000178813934,0.17000000178813934,0.17000000178813934,0.17000000178813934,500,0.0,0.0
2003-01-28 00:00:00-05:00,0.17000000178813934,0.1899999976158142,0.17000000178813934,0.1899999976158142,31000,0.0,0.0
2003-01-29 00:00:00-05:00,0.20000000298023224,0.20000000298023224,0.17000000178813934,0.18000000715255737,8100,0.0,0.0
2003-01-30 00:00:00-05:00,0.20000000298023224,0.20000000298023224,0.20000000298023224,0.20000000298023224,20000,0.0,0.0
2003-01-31 00:00:00-05:00,0.1599999964237213,0.1599999964237213,0.1599999964237213,0.1599999964237213,3000,0.0,0.0
2003-02-03 00:00:00-05:00,0.1599999964237213,0.1599999964237213,0.1599999964237213,0.1599999964237213,0,0.0,0.0
2003-02-04 00:00:00-05:00,0.17000000178813934,0.18000000715255737,0.1599999964237213,0.17000000178813934,79000,0.0,0.0
2003-02-05 00:00:00-05:00,0.14000000059604645,0.1599999964237213,0.14000000059604645,0.1599999964237213,84000,0.0,0.0
2003-02-06 00:00:00-05:00,0.1599999964237213,0.1599999964237213,0.1599999964237213,0.1599999964237213,0,0.0,0.0
2003-02-07 00:00:00-05:00,0.1599999964237213,0.1599999964237213,0.1599999964237213,0.1599999964237213,100,0.0,0.0
2003-02-10 00:00:00-05:00,0.1599999964237213,0.1599999964237213,0.1599999964237213,0.1599999964237213,12600,0.0,0.0
2003-02-11 00:00:00-05:00,0.1599999964237213,0.1599999964237213,0.1599999964237213,0.1599999964237213,500,0.0,0.0
2003-02-12 00:00:00-05:00,0.1599999964237213,0.1599999964237213,0.1599999964237213,0.1599999964237213,0,0.0,0.0
2003-02-13 00:00:00-05:00,0.1599999964237213,0.20000000298023224,0.15000000596046448,0.20000000298023224,53100,0.0,0.0
2003-02-14 00:00:00-05:00,0.20000000298023224,0.20000000298023224,0.15000000596046448,0.15000000596046448,75100,0.0,0.0
2003-02-18 00:00:00-05:00,0.15000000596046448,0.15000000596046448,0.15000000596046448,0.15000000596046448,100,0.0,0.0
2003-02-19 00:00:00-05:00,0.20000000298023224,0.20000000298023224,0.20000000298023224,0.20000000298023224,7000,0.0,0.0
2003-02-20 00:00:00-05:00,0.18000000715255737,0.18000000715255737,0.1599999964237213,0.1599999964237213,6100,0.0,0.0
2003-02-21 00:00:00-05:00,0.1599999964237213,0.1599999964237213,0.1599999964237213,0.1599999964237213,0,0.0,0.0
2003-02-24 00:00:00-05:00,0.1599999964237213,0.1599999964237213,0.1599999964237213,0.1599999964237213,300,0.0,0.0
2003-02-25 00:00:00-05:00,0.1599999964237213,0.1599999964237213,0.1599999964237213,0.1599999964237213,0,0.0,0.0
2003-02-26 00:00:00-05:00,0.17000000178813934,0.17000000178813934,0.17000000178813934,0.17000000178813934,500,0.0,0.0
2003-02-27 00:00:00-05:00,0.20000000298023224,0.20000000298023224,0.20000000298023224,0.20000000298023224,100,0.0,0.0
2003-02-28 00:00:00-05:00,0.20000000298023224,0.20000000298023224,0.20000000298023224,0.20000000298023224,0,0.0,0.0
2003-03-03 00:00:00-05:00,0.20000000298023224,0.20000000298023224,0.20000000298023224,0.20000000298023224,0,0.0,0.0
2003-03-04 00:00:00-05:00,0.20000000298023224,0.20000000298023224,0.20000000298023224,0.20000000298023224,0,0.0,0.0
2003-03-05 00:00:00-05:00,0.18000000715255737,0.18000000715255737,0.18000000715255737,0.18000000715255737,500,0.0,0.0
2003-03-06 00:00:00-05:00,0.18000000715255737,0.18000000715255737,0.18000000715255737,0.18000000715255737,0,0.0,0.0
2003-03-07 00:00:00-05:00,0.18000000715255737,0.18000000715255737,0.18000000715255737,0.18000000715255737,0,0.0,0.0
2003-03-10 00:00:00-05:00,0.18000000715255737,0.18000000715255737,0.18000000715255737,0.18000000715255737,0,0.0,0.0
2003-03-11 00:00:00-05:00,0.18000000715255737,0.18000000715255737,0.18000000715255737,0.18000000715255737,500,0.0,0.0
2003-03-12 00:00:00-05:00,0.18000000715255737,0.18000000715255737,0.18000000715255737,0.18000000715255737,600,0.0,0.0
2003-03-13 00:00:00-05:00,0.20000000298023224,0.20000000298023224,0.1899999976158142,0.1899999976158142,16900,0.0,0.0
2003-03-14 00:00:00-05:00,0.20000000298023224,0.20000000298023224,0.15000000596046448,0.15000000596046448,30100,0.0,0.0
2003-03-17 00:00:00-05:00,0.20000000298023224,0.20000000298023224,0.1599999964237213,0.1599999964237213,29000,0.0,0.0
2003-03-18 00:00:00-05:00,0.20000000298023224,0.20000000298023224,0.20000000298023224,0.20000000298023224,18800,0.0,0.0
2003-03-19 00:00:00-05:00,0.17000000178813934,0.17000000178813934,0.17000000178813934,0.17000000178813934,500,0.0,0.0
2003-03-20 00:00:00-05:00,0.20000000298023224,0.20000000298023224,0.20000000298023224,0.20000000298023224,5000,0.0,0.0
2003-03-21 00:00:00-05:00,0.1899999976158142,0.1899999976158142,0.1899999976158142,0.1899999976158142,5000,0.0,0.0
2003-03-24 00:00:00-05:00,0.20000000298023224,0.20999999344348907,0.20000000298023224,0.20999999344348907,42000,0.0,0.0
2003-03-25 00:00:00-05:00,0.20000000298023224,0.23000000417232513,0.20000000298023224,0.20999999344348907,80500,0.0,0.0
2003-03-26 00:00:00-05:00,0.20999999344348907,0.20999999344348907,0.20999999344348907,0.20999999344348907,0,0.0,0.0
2003-03-27 00:00:00-05:00,0.20000000298023224,0.20000000298023224,0.20000000298023224,0.20000000298023224,20100,0.0,0.0
2003-03-28 00:00:00-05:00,0.20000000298023224,0.20000000298023224,0.20000000298023224,0.20000000298023224,0,0.0,0.0
2003-03-31 00:00:00-05:00,0.20999999344348907,0.20999999344348907,0.20000000298023224,0.20999999344348907,48800,0.0,0.0
2003-04-01 00:00:00-05:00,0.20999999344348907,0.20999999344348907,0.20999999344348907,0.20999999344348907,0,0.0,0.0
2003-04-02 00:00:00-05:00,0.20999999344348907,0.20999999344348907,0.20999999344348907,0.20999999344348907,0,0.0,0.0
2003-04-03 00:00:00-05:00,0.2199999988079071,0.2199999988079071,0.2199999988079071,0.2199999988079071,24500,0.0,0.0
2003-04-04 00:00:00-05:00,0.2199999988079071,0.2199999988079071,0.2199999988079071,0.2199999988079071,0,0.0,0.0
2003-04-07 00:00:00-04:00,0.2199999988079071,0.2199999988079071,0.2199999988079071,0.2199999988079071,0,0.0,0.0
2003-04-08 00:00:00-04:00,0.20999999344348907,0.2199999988079071,0.15000000596046448,0.20000000298023224,73700,0.0,0.0
2003-04-09 00:00:00-04:00,0.25,0.3199999928474426,0.25,0.25,29000,0.0,0.0
2003-04-10 00:00:00-04:00,0.18000000715255737,0.2199999988079071,0.18000000715255737,0.2199999988079071,18900,0.0,0.0
2003-04-11 00:00:00-04:00,0.2199999988079071,0.2199999988079071,0.2199999988079071,0.2199999988079071,0,0.0,0.0
2003-04-14 00:00:00-04:00,0.17000000178813934,0.2199999988079071,0.17000000178813934,0.2199999988079071,16500,0.0,0.0
2003-04-15 00:00:00-04:00,0.1899999976158142,0.20000000298023224,0.1899999976158142,0.20000000298023224,15400,0.0,0.0
2003-04-16 00:00:00-04:00,0.20000000298023224,0.20000000298023224,0.20000000298023224,0.20000000298023224,0,0.0,0.0
2003-04-17 00:00:00-04:00,0.1599999964237213,0.18000000715255737,0.1599999964237213,0.17000000178813934,6700,0.0,0.0
2003-04-21 00:00:00-04:00,0.1599999964237213,0.1599999964237213,0.1599999964237213,0.1599999964237213,900,0.0,0.0
2003-04-22 00:00:00-04:00,0.1599999964237213,0.1599999964237213,0.1599999964237213,0.1599999964237213,0,0.0,0.0
2003-04-23 00:00:00-04:00,0.1599999964237213,0.1599999964237213,0.1599999964237213,0.1599999964237213,0,0.0,0.0
2003-04-24 00:00:00-04:00,0.1599999964237213,0.1599999964237213,0.1599999964237213,0.1599999964237213,0,0.0,0.0
2003-04-25 00:00:00-04:00,0.20000000298023224,0.20000000298023224,0.20000000298023224,0.20000000298023224,10000,0.0,0.0
2003-04-28 00:00:00-04:00,0.20000000298023224,0.20000000298023224,0.20000000298023224,0.20000000298023224,0,0.0,0.0
2003-04-29 00:00:00-04:00,0.20000000298023224,0.20000000298023224,0.20000000298023224,0.20000000298023224,0,0.0,0.0
2003-04-30 00:00:00-04:00,0.1899999976158142,0.1899999976158142,0.12999999523162842,0.15000000596046448,15700,0.0,0.0
2003-05-01 00:00:00-04:00,0.15000000596046448,0.15000000596046448,0.15000000596046448,0.15000000596046448,0,0.0,0.0
2003-05-02 00:00:00-04:00,0.15000000596046448,0.15000000596046448,0.15000000596046448,0.15000000596046448,1500,0.0,0.0
2003-05-05 00:00:00-04:00,0.15000000596046448,0.15000000596046448,0.15000000596046448,0.15000000596046448,0,0.0,0.0
2003-05-06 00:00:00-04:00,0.15000000596046448,0.15000000596046448,0.15000000596046448,0.15000000596046448,0,0.0,0.0
2003-05-07 00:00:00-04:00,0.17000000178813934,0.17000000178813934,0.17000000178813934,0.17000000178813934,200,0.0,0.0
2003-05-08 00:00:00-04:00,0.17000000178813934,0.17000000178813934,0.17000000178813934,0.17000000178813934,0,0.0,0.0
2003-05-09 00:00:00-04:00,0.17000000178813934,0.17000000178813934,0.17000000178813934,0.17000000178813934,3500,0.0,0.0
2003-05-12 00:00:00-04:00,0.17000000178813934,0.17000000178813934,0.17000000178813934,0.17000000178813934,100,0.0,0.0
2003-05-13 00:00:00-04:00,0.17000000178813934,0.17000000178813934,0.17000000178813934,0.17000000178813934,0,0.0,0.0
2003-05-14 00:00:00-04:00,0.17000000178813934,0.17000000178813934,0.17000000178813934,0.17000000178813934,0,0.0,0.0
2003-05-15 00:00:00-04:00,0.17000000178813934,0.17000000178813934,0.17000000178813934,0.17000000178813934,12100,0.0,0.0
2003-05-16 00:00:00-04:00,0.17000000178813934,0.1899999976158142,0.17000000178813934,0.1899999976158142,45400,0.0,0.0
2003-05-19 00:00:00-04:00,0.1899999976158142,0.1899999976158142,0.1899999976158142,0.1899999976158142,0,0.0,0.0
2003-05-20 00:00:00-04:00,0.30000001192092896,0.30000001192092896,0.30000001192092896,0.30000001192092896,1000,0.0,0.0
2003-05-21 00:00:00-04:00,0.17000000178813934,0.25,0.17000000178813934,0.2199999988079071,10000,0.0,0.0
2003-05-22 00:00:00-04:00,0.23999999463558197,0.23999999463558197,0.2199999988079071,0.23999999463558197,15400,0.0,0.0
2003-05-23 00:00:00-04:00,0.2199999988079071,0.2199999988079071,0.2199999988079071,0.2199999988079071,3500,0.0,0.0
2003-05-27 00:00:00-04:00,0.2199999988079071,0.2199999988079071,0.2199999988079071,0.2199999988079071,1600,0.0,0.0
2003-05-28 00:00:00-04:00,0.2199999988079071,0.2199999988079071,0.2199999988079071,0.2199999988079071,0,0.0,0.0
2003-05-29 00:00:00-04:00,0.2199999988079071,0.25,0.2199999988079071,0.25,3700,0.0,0.0
2003-05-30 00:00:00-04:00,0.2199999988079071,0.2199999988079071,0.2199999988079071,0.2199999988079071,5900,0.0,0.0
2003-06-02 00:00:00-04:00,0.2199999988079071,0.2199999988079071,0.2199999988079071,0.2199999988079071,0,0.0,0.0
2003-06-03 00:00:00-04:00,0.2199999988079071,0.2199999988079071,0.2199999988079071,0.2199999988079071,0,0.0,0.0
2003-06-04 00:00:00-04:00,0.17000000178813934,0.25,0.15000000596046448,0.25,41500,0.0,0.0
2003-06-05 00:00:00-04:00,0.15000000596046448,0.20000000298023224,0.15000000596046448,0.20000000298023224,400,0.0,0.0
2003-06-06 00:00:00-04:00,0.20000000298023224,0.20000000298023224,0.20000000298023224,0.20000000298023224,0,0.0,0.0
2003-06-09 00:00:00-04:00,0.20000000298023224,0.20000000298023224,0.20000000298023224,0.20000000298023224,0,0.0,0.0
2003-06-10 00:00:00-04:00,0.20000000298023224,0.20000000298023224,0.20000000298023224,0.20000000298023224,0,0.0,0.0
2003-06-11 00:00:00-04:00,0.20000000298023224,0.20000000298023224,0.20000000298023224,0.20000000298023224,0,0.0,0.0
2003-06-12 00:00:00-04:00,0.20000000298023224,0.20000000298023224,0.20000000298023224,0.20000000298023224,0,0.0,0.0
2003-06-13 00:00:00-04:00,0.23000000417232513,0.23000000417232513,0.23000000417232513,0.23000000417232513,2300,0.0,0.0
2003-06-16 00:00:00-04:00,0.23000000417232513,0.23000000417232513,0.23000000417232513,0.23000000417232513,0,0.0,0.0
2003-06-17 00:00:00-04:00,0.33000001311302185,0.33000001311302185,0.25999999046325684,0.25999999046325684,6000,0.0,0.0
2003-06-18 00:00:00-04:00,0.25,0.25,0.25,0.25,1000,0.0,0.0
2003-06-19 00:00:00-04:00,0.25,0.25,0.25,0.25,9000,0.0,0.0
2003-06-20 00:00:00-04:00,0.25,0.25,0.25,0.25,0,0.0,0.0
2003-06-23 00:00:00-04:00,0.25,0.25,0.25,0.25,0,0.0,0.0
2003-06-24 00:00:00-04:00,0.25,0.25,0.25,0.25,0,0.0,0.0
2003-06-25 00:00:00-04:00,0.20000000298023224,0.20000000298023224,0.1899999976158142,0.1899999976158142,8600,0.0,0.0
2003-06-26 00:00:00-04:00,0.1899999976158142,0.1899999976158142,0.1899999976158142,0.1899999976158142,0,0.0,0.0
2003-06-27 00:00:00-04:00,0.20000000298023224,0.20000000298023224,0.1899999976158142,0.20000000298023224,30600,0.0,0.0
2003-06-30 00:00:00-04:00,0.20000000298023224,0.20000000298023224,0.20000000298023224,0.20000000298023224,0,0.0,0.0
2003-07-01 00:00:00-04:00,0.20000000298023224,0.20000000298023224,0.20000000298023224,0.20000000298023224,0,0.0,0.0
2003-07-02 00:00:00-04:00,0.20999999344348907,0.2199999988079071,0.20999999344348907,0.2199999988079071,47800,0.0,0.0
2003-07-03 00:00:00-04:00,0.2199999988079071,0.2199999988079071,0.2199999988079071,0.2199999988079071,0,0.0,0.0
2003-07-07 00:00:00-04:00,0.2199999988079071,0.2199999988079071,0.2199999988079071,0.2199999988079071,0,0.0,0.0
2003-07-08 00:00:00-04:00,0.2199999988079071,0.2199999988079071,0.2199999988079071,0.2199999988079071,0,0.0,0.0
2003-07-09 00:00:00-04:00,0.2199999988079071,0.2199999988079071,0.2199999988079071,0.2199999988079071,0,0.0,0.0
2003-07-10 00:00:00-04:00,0.2199999988079071,0.2199999988079071,0.2199999988079071,0.2199999988079071,0,0.0,0.0
2003-07-11 00:00:00-04:00,0.2199999988079071,0.2199999988079071,0.2199999988079071,0.2199999988079071,0,0.0,0.0
2003-07-14 00:00:00-04:00,0.2199999988079071,0.2199999988079071,0.2199999988079071,0.2199999988079071,0,0.0,0.0
2003-07-15 00:00:00-04:00,0.2199999988079071,0.2199999988079071,0.2199999988079071,0.2199999988079071,0,0.0,0.0
2003-07-16 00:00:00-04:00,0.20999999344348907,0.20999999344348907,0.20999999344348907,0.20999999344348907,2500,0.0,0.0
2003-07-17 00:00:00-04:00,0.20999999344348907,0.20999999344348907,0.20999999344348907,0.20999999344348907,0,0.0,0.0
2003-07-18 00:00:00-04:00,0.20999999344348907,0.20999999344348907,0.20999999344348907,0.20999999344348907,0,0.0,0.0
2003-07-21 00:00:00-04:00,0.20999999344348907,0.2199999988079071,0.20999999344348907,0.2199999988079071,800,0.0,0.0
2003-07-22 00:00:00-04:00,0.2199999988079071,0.2199999988079071,0.2199999988079071,0.2199999988079071,0,0.0,0.0
2003-07-23 00:00:00-04:00,0.20999999344348907,0.20999999344348907,0.20999999344348907,0.20999999344348907,1900,0.0,0.0
2003-07-24 00:00:00-04:00,0.20999999344348907,0.20999999344348907,0.20999999344348907,0.20999999344348907,200,0.0,0.0
2003-07-25 00:00:00-04:00,0.20999999344348907,0.20999999344348907,0.20999999344348907,0.20999999344348907,0,0.0,0.0
2003-07-28 00:00:00-04:00,0.20999999344348907,0.2199999988079071,0.20000000298023224,0.20999999344348907,25000,0.0,0.0
2003-07-29 00:00:00-04:00,0.20000000298023224,0.2199999988079071,0.20000000298023224,0.20000000298023224,19200,0.0,0.0
2003-07-30 00:00:00-04:00,0.20000000298023224,0.20000000298023224,0.20000000298023224,0.20000000298023224,0,0.0,0.0
2003-07-31 00:00:00-04:00,0.20000000298023224,0.20000000298023224,0.20000000298023224,0.20000000298023224,0,0.0,0.0
2003-08-01 00:00:00-04:00,0.23000000417232513,0.23000000417232513,0.23000000417232513,0.23000000417232513,1000,0.0,0.0
2003-08-04 00:00:00-04:00,0.23000000417232513,0.23000000417232513,0.23000000417232513,0.23000000417232513,0,0.0,0.0
2003-08-05 00:00:00-04:00,0.23000000417232513,0.25,0.23000000417232513,0.25,28000,0.0,0.0
2003-08-06 00:00:00-04:00,0.20000000298023224,0.25,0.20000000298023224,0.25,2000,0.0,0.0
2003-08-07 00:00:00-04:00,0.20000000298023224,0.20000000298023224,0.20000000298023224,0.20000000298023224,1200,0.0,0.0
2003-08-08 00:00:00-04:00,0.20000000298023224,0.20000000298023224,0.20000000298023224,0.20000000298023224,0,0.0,0.0
2003-08-11 00:00:00-04:00,0.20000000298023224,0.20000000298023224,0.20000000298023224,0.20000000298023224,0,0.0,0.0
2003-08-12 00:00:00-04:00,0.20000000298023224,0.30000001192092896,0.20000000298023224,0.25,4600,0.0,0.0
2003-08-13 00:00:00-04:00,0.20000000298023224,0.20000000298023224,0.20000000298023224,0.20000000298023224,100,0.0,0.0
2003-08-14 00:00:00-04:00,0.20000000298023224,0.20000000298023224,0.20000000298023224,0.20000000298023224,0,0.0,0.0
2003-08-15 00:00:00-04:00,0.20000000298023224,0.20000000298023224,0.20000000298023224,0.20000000298023224,0,0.0,0.0
2003-08-18 00:00:00-04:00,0.20000000298023224,0.20000000298023224,0.20000000298023224,0.20000000298023224,0,0.0,0.0
2003-08-19 00:00:00-04:00,0.20000000298023224,0.20000000298023224,0.20000000298023224,0.20000000298023224,0,0.0,0.0
2003-08-20 00:00:00-04:00,0.20000000298023224,0.20000000298023224,0.20000000298023224,0.20000000298023224,1400,0.0,0.0
2003-08-21 00:00:00-04:00,0.20000000298023224,0.20000000298023224,0.20000000298023224,0.20000000298023224,500,0.0,0.0
2003-08-22 00:00:00-04:00,0.20000000298023224,0.2199999988079071,0.20000000298023224,0.2199999988079071,400,0.0,0.0
2003-08-25 00:00:00-04:00,0.20000000298023224,0.20000000298023224,0.20000000298023224,0.20000000298023224,200,0.0,0.0
2003-08-26 00:00:00-04:00,0.20000000298023224,0.20000000298023224,0.20000000298023224,0.20000000298023224,0,0.0,0.0
2003-08-27 00:00:00-04:00,0.20000000298023224,0.20000000298023224,0.20000000298023224,0.20000000298023224,0,0.0,0.0
2003-08-28 00:00:00-04:00,0.20000000298023224,0.20000000298023224,0.20000000298023224,0.20000000298023224,0,0.0,0.0
2003-08-29 00:00:00-04:00,0.20000000298023224,0.20000000298023224,0.20000000298023224,0.20000000298023224,300,0.0,0.0
2003-09-02 00:00:00-04:00,0.20000000298023224,0.2199999988079071,0.20000000298023224,0.2199999988079071,900,0.0,0.0
2003-09-03 00:00:00-04:00,0.20999999344348907,0.25,0.20999999344348907,0.25,10000,0.0,0.0
2003-09-04 00:00:00-04:00,0.25,0.25,0.25,0.25,5000,0.0,0.0
2003-09-05 00:00:00-04:00,0.25,0.25,0.2199999988079071,0.2199999988079071,800,0.0,0.0
2003-09-08 00:00:00-04:00,0.2199999988079071,0.2199999988079071,0.2199999988079071,0.2199999988079071,0,0.0,0.0
2003-09-09 00:00:00-04:00,0.25,0.25,0.23999999463558197,0.25,23300,0.0,0.0
2003-09-10 00:00:00-04:00,0.25,0.25,0.25,0.25,0,0.0,0.0
2003-09-11 00:00:00-04:00,0.20000000298023224,0.20000000298023224,0.20000000298023224,0.20000000298023224,300,0.0,0.0
2003-09-12 00:00:00-04:00,0.20000000298023224,0.20000000298023224,0.20000000298023224,0.20000000298023224,1500,0.0,0.0
2003-09-15 00:00:00-04:00,0.20000000298023224,0.20000000298023224,0.1599999964237213,0.1899999976158142,44200,0.0,0.0
2003-09-16 00:00:00-04:00,0.1899999976158142,0.1899999976158142,0.1899999976158142,0.1899999976158142,0,0.0,0.0
2003-09-17 00:00:00-04:00,0.18000000715255737,0.18000000715255737,0.18000000715255737,0.18000000715255737,500,0.0,0.0
2003-09-18 00:00:00-04:00,0.18000000715255737,0.18000000715255737,0.18000000715255737,0.18000000715255737,400,0.0,0.0
2003-09-19 00:00:00-04:00,0.18000000715255737,0.18000000715255737,0.18000000715255737,0.18000000715255737,0,0.0,0.0
2003-09-22 00:00:00-04:00,0.18000000715255737,0.18000000715255737,0.18000000715255737,0.18000000715255737,0,0.0,0.0
2003-09-23 00:00:00-04:00,0.20000000298023224,0.25999999046325684,0.17000000178813934,0.25,15600,0.0,0.0
2003-09-24 00:00:00-04:00,0.17000000178813934,0.17000000178813934,0.17000000178813934,0.17000000178813934,100,0.0,0.0
2003-09-25 00:00:00-04:00,0.17000000178813934,0.25999999046325684,0.17000000178813934,0.25999999046325684,2300,0.0,0.0
2003-09-26 00:00:00-04:00,0.17000000178813934,0.17000000178813934,0.17000000178813934,0.17000000178813934,500,0.0,0.0
2003-09-29 00:00:00-04:00,0.17000000178813934,0.17000000178813934,0.17000000178813934,0.17000000178813934,0,0.0,0.0
2003-09-30 00:00:00-04:00,0.25999999046325684,0.25999999046325684,0.25,0.25,1600,0.0,0.0
2003-10-01 00:00:00-04:00,0.17000000178813934,0.17000000178813934,0.17000000178813934,0.17000000178813934,1100,0.0,0.0
2003-10-02 00:00:00-04:00,0.17000000178813934,0.17000000178813934,0.17000000178813934,0.17000000178813934,0,0.0,0.0
2003-10-03 00:00:00-04:00,0.17000000178813934,0.17000000178813934,0.17000000178813934,0.17000000178813934,0,0.0,0.0
2003-10-06 00:00:00-04:00,0.17000000178813934,0.17000000178813934,0.17000000178813934,0.17000000178813934,0,0.0,0.0
2003-10-07 00:00:00-04:00,0.17000000178813934,0.17000000178813934,0.17000000178813934,0.17000000178813934,200,0.0,0.0
2003-10-08 00:00:00-04:00,0.17000000178813934,0.17000000178813934,0.17000000178813934,0.17000000178813934,0,0.0,0.0
2003-10-09 00:00:00-04:00,0.17000000178813934,0.17000000178813934,0.17000000178813934,0.17000000178813934,100,0.0,0.0
2003-10-10 00:00:00-04:00,0.25999999046325684,0.25999999046325684,0.17000000178813934,0.17000000178813934,5200,0.0,0.0
2003-10-13 00:00:00-04:00,0.17000000178813934,0.17000000178813934,0.17000000178813934,0.17000000178813934,900,0.0,0.0
2003-10-14 00:00:00-04:00,0.17000000178813934,0.1899999976158142,0.17000000178813934,0.1899999976158142,4000,0.0,0.0
2003-10-15 00:00:00-04:00,0.1899999976158142,0.1899999976158142,0.1899999976158142,0.1899999976158142,0,0.0,0.0
2003-10-16 00:00:00-04:00,0.17000000178813934,0.1899999976158142,0.17000000178813934,0.1899999976158142,200,0.0,0.0
2003-10-17 00:00:00-04:00,0.1899999976158142,0.1899999976158142,0.1899999976158142,0.1899999976158142,0,0.0,0.0
2003-10-20 00:00:00-04:00,0.1899999976158142,0.1899999976158142,0.1899999976158142,0.1899999976158142,0,0.0,0.0
2003-10-21 00:00:00-04:00,0.1899999976158142,0.1899999976158142,0.1899999976158142,0.1899999976158142,0,0.0,0.0
2003-10-22 00:00:00-04:00,0.1899999976158142,0.1899999976158142,0.1899999976158142,0.1899999976158142,0,0.0,0.0
2003-10-23 00:00:00-04:00,0.17000000178813934,0.17000000178813934,0.17000000178813934,0.17000000178813934,300,0.0,0.0
2003-10-24 00:00:00-04:00,0.17000000178813934,0.1899999976158142,0.17000000178813934,0.1899999976158142,1800,0.0,0.0
2003-10-27 00:00:00-05:00,0.25999999046325684,0.25999999046325684,0.17000000178813934,0.18000000715255737,1200,0.0,0.0
2003-10-28 00:00:00-05:00,0.17000000178813934,0.17000000178813934,0.17000000178813934,0.17000000178813934,100,0.0,0.0
2003-10-29 00:00:00-05:00,0.17000000178813934,0.17000000178813934,0.17000000178813934,0.17000000178813934,0,0.0,0.0
2003-10-30 00:00:00-05:00,0.17000000178813934,0.17000000178813934,0.17000000178813934,0.17000000178813934,0,0.0,0.0
2003-10-31 00:00:00-05:00,0.17000000178813934,0.1899999976158142,0.15000000596046448,0.18000000715255737,103900,0.0,0.0
2003-11-03 00:00:00-05:00,0.15000000596046448,0.15000000596046448,0.15000000596046448,0.15000000596046448,200,0.0,0.0
2003-11-04 00:00:00-05:00,0.15000000596046448,0.15000000596046448,0.15000000596046448,0.15000000596046448,0,0.0,0.0
2003-11-05 00:00:00-05:00,0.15000000596046448,0.15000000596046448,0.15000000596046448,0.15000000596046448,0,0.0,0.0
2003-11-06 00:00:00-05:00,0.20000000298023224,0.20000000298023224,0.20000000298023224,0.20000000298023224,10000,0.0,0.0
2003-11-07 00:00:00-05:00,0.20000000298023224,0.20000000298023224,0.20000000298023224,0.20000000298023224,0,0.0,0.0
2003-11-10 00:00:00-05:00,0.20000000298023224,0.20000000298023224,0.20000000298023224,0.20000000298023224,0,0.0,0.0
2003-11-11 00:00:00-05:00,0.15000000596046448,0.17000000178813934,0.15000000596046448,0.17000000178813934,5300,0.0,0.0
2003-11-12 00:00:00-05:00,0.17000000178813934,0.17000000178813934,0.17000000178813934,0.17000000178813934,0,0.0,0.0
2003-11-13 00:00:00-05:00,0.15000000596046448,0.1599999964237213,0.15000000596046448,0.15000000596046448,28200,0.0,0.0
2003-11-14 00:00:00-05:00,0.15000000596046448,0.15000000596046448,0.15000000596046448,0.15000000596046448,100,0.0,0.0
2003-11-17 00:00:00-05:00,0.15000000596046448,0.15000000596046448,0.15000000596046448,0.15000000596046448,0,0.0,0.0
2003-11-18 00:00:00-05:00,0.15000000596046448,0.15000000596046448,0.15000000596046448,0.15000000596046448,100,0.0,0.0
2003-11-19 00:00:00-05:00,0.15000000596046448,0.15000000596046448,0.15000000596046448,0.15000000596046448,0,0.0,0.0
2003-11-20 00:00:00-05:00,0.15000000596046448,0.15000000596046448,0.15000000596046448,0.15000000596046448,400,0.0,0.0
2003-11-21 00:00:00-05:00,0.15000000596046448,0.15000000596046448,0.15000000596046448,0.15000000596046448,1600,0.0,0.0
2003-11-24 00:00:00-05:00,0.15000000596046448,0.15000000596046448,0.15000000596046448,0.15000000596046448,100,0.0,0.0
2003-11-25 00:00:00-05:00,0.15000000596046448,0.15000000596046448,0.15000000596046448,0.15000000596046448,0,0.0,0.0
2003-11-26 00:00:00-05:00,0.15000000596046448,0.15000000596046448,0.15000000596046448,0.15000000596046448,0,0.0,0.0
2003-11-28 00:00:00-05:00,0.15000000596046448,0.15000000596046448,0.15000000596046448,0.15000000596046448,0,0.0,0.0
2003-12-01 00:00:00-05:00,0.15000000596046448,0.15000000596046448,0.15000000596046448,0.15000000596046448,0,0.0,0.0
2003-12-02 00:00:00-05:00,0.1599999964237213,0.20000000298023224,0.14000000059604645,0.20000000298023224,231100,0.0,0.0
2003-12-03 00:00:00-05:00,0.1599999964237213,0.1599999964237213,0.1599999964237213,0.1599999964237213,5000,0.0,0.0
2003-12-04 00:00:00-05:00,0.1599999964237213,0.1599999964237213,0.1599999964237213,0.1599999964237213,300,0.0,0.0
2003-12-05 00:00:00-05:00,0.1599999964237213,0.1599999964237213,0.1599999964237213,0.1599999964237213,300,0.0,0.0
2003-12-08 00:00:00-05:00,0.1599999964237213,0.1599999964237213,0.1599999964237213,0.1599999964237213,15000,0.0,0.0
2003-12-09 00:00:00-05:00,0.1599999964237213,0.1599999964237213,0.1599999964237213,0.1599999964237213,0,0.0,0.0
2003-12-10 00:00:00-05:00,0.1599999964237213,0.1599999964237213,0.1599999964237213,0.1599999964237213,0,0.0,0.0
2003-12-11 00:00:00-05:00,0.1599999964237213,0.1599999964237213,0.1599999964237213,0.1599999964237213,0,0.0,0.0
2003-12-12 00:00:00-05:00,0.1599999964237213,0.1599999964237213,0.1599999964237213,0.1599999964237213,0,0.0,0.0
2003-12-15 00:00:00-05:00,0.1599999964237213,0.1599999964237213,0.1599999964237213,0.1599999964237213,500,0.0,0.0
2003-12-16 00:00:00-05:00,0.1599999964237213,0.1599999964237213,0.1599999964237213,0.1599999964237213,6100,0.0,0.0
2003-12-17 00:00:00-05:00,0.23000000417232513,0.23000000417232513,0.20000000298023224,0.20000000298023224,21500,0.0,0.0
2003-12-18 00:00:00-05:00,0.17000000178813934,0.17000000178813934,0.17000000178813934,0.17000000178813934,200,0.0,0.0
2003-12-19 00:00:00-05:00,0.17000000178813934,0.17000000178813934,0.17000000178813934,0.17000000178813934,0,0.0,0.0
2003-12-22 00:00:00-05:00,0.17000000178813934,0.17000000178813934,0.17000000178813934,0.17000000178813934,0,0.0,0.0
2003-12-23 00:00:00-05:00,0.17000000178813934,0.17000000178813934,0.17000000178813934,0.17000000178813934,0,0.0,0.0
2003-12-24 00:00:00-05:00,0.20000000298023224,0.23999999463558197,0.20000000298023224,0.23999999463558197,18000,0.0,0.0
2003-12-26 00:00:00-05:00,0.23999999463558197,0.23999999463558197,0.23999999463558197,0.23999999463558197,0,0.0,0.0
2003-12-29 00:00:00-05:00,0.20000000298023224,0.20000000298023224,0.20000000298023224,0.20000000298023224,5500,0.0,0.0
2003-12-30 00:00:00-05:00,0.20000000298023224,0.20000000298023224,0.20000000298023224,0.20000000298023224,3600,0.0,0.0
2003-12-31 00:00:00-05:00,0.20000000298023224,0.20999999344348907,0.20000000298023224,0.20000000298023224,2000,0.0,0.0
2004-01-02 00:00:00-05:00,0.20000000298023224,0.20000000298023224,0.20000000298023224,0.20000000298023224,1200,0.0,0.0
2004-01-05 00:00:00-05:00,0.23999999463558197,0.25,0.2199999988079071,0.2199999988079071,22200,0.0,0.0
2004-01-06 00:00:00-05:00,0.20000000298023224,0.20000000298023224,0.20000000298023224,0.20000000298023224,500,0.0,0.0
2004-01-07 00:00:00-05:00,0.20000000298023224,0.20000000298023224,0.20000000298023224,0.20000000298023224,0,0.0,0.0
2004-01-08 00:00:00-05:00,0.20000000298023224,0.20000000298023224,0.20000000298023224,0.20000000298023224,100,0.0,0.0
2004-01-09 00:00:00-05:00,0.25999999046325684,0.30000001192092896,0.25999999046325684,0.30000001192092896,11800,0.0,0.0
2004-01-12 00:00:00-05:00,0.30000001192092896,0.5,0.30000001192092896,0.30000001192092896,44100,0.0,0.0
2004-01-13 00:00:00-05:00,0.30000001192092896,0.30000001192092896,0.2199999988079071,0.2199999988079071,25200,0.0,0.0
2004-01-14 00:00:00-05:00,0.2199999988079071,0.25999999046325684,0.2199999988079071,0.25999999046325684,3600,0.0,0.0
2004-01-15 00:00:00-05:00,0.25999999046325684,0.25999999046325684,0.25999999046325684,0.25999999046325684,0,0.0,0.0
2004-01-16 00:00:00-05:00,0.25999999046325684,0.25999999046325684,0.25999999046325684,0.25999999046325684,0,0.0,0.0
2004-01-20 00:00:00-05:00,0.5099999904632568,0.5099999904632568,0.23000000417232513,0.4000000059604645,1400,0.0,0.0
2004-01-21 00:00:00-05:00,0.41999998688697815,0.41999998688697815,0.4000000059604645,0.4000000059604645,9000,0.0,0.0
2004-01-22 00:00:00-05:00,0.23000000417232513,0.4399999976158142,0.23000000417232513,0.4000000059604645,25700,0.0,0.0
2004-01-23 00:00:00-05:00,0.23999999463558197,0.30000001192092896,0.23999999463558197,0.30000001192092896,63000,0.0,0.0
2004-01-26 00:00:00-05:00,0.30000001192092896,0.30000001192092896,0.30000001192092896,0.30000001192092896,0,0.0,0.0
2004-01-27 00:00:00-05:00,0.30000001192092896,0.30000001192092896,0.30000001192092896,0.30000001192092896,0,0.0,0.0
2004-01-28 00:00:00-05:00,0.30000001192092896,0.30000001192092896,0.30000001192092896,0.30000001192092896,97000,0.0,0.0
2004-01-29 00:00:00-05:00,0.30000001192092896,0.30000001192092896,0.23000000417232513,0.23000000417232513,40700,0.0,0.0
2004-01-30 00:00:00-05:00,0.23000000417232513,0.23000000417232513,0.23000000417232513,0.23000000417232513,0,0.0,0.0
2004-02-02 00:00:00-05:00,0.23999999463558197,0.3499999940395355,0.23999999463558197,0.3499999940395355,5700,0.0,0.0
2004-02-03 00:00:00-05:00,0.23999999463558197,0.23999999463558197,0.23999999463558197,0.23999999463558197,9000,0.0,0.0
2004-02-04 00:00:00-05:00,0.23999999463558197,0.23999999463558197,0.23999999463558197,0.23999999463558197,0,0.0,0.0
2004-02-05 00:00:00-05:00,0.3499999940395355,0.3499999940395355,0.3499999940395355,0.3499999940395355,5000,0.0,0.0
2004-02-06 00:00:00-05:00,0.4000000059604645,0.4000000059604645,0.30000001192092896,0.30000001192092896,1300,0.0,0.0
2004-02-09 00:00:00-05:00,0.4300000071525574,0.4300000071525574,0.33000001311302185,0.33000001311302185,24200,0.0,0.0
2004-02-10 00:00:00-05:00,0.33000001311302185,0.4000000059604645,0.33000001311302185,0.4000000059604645,20800,0.0,0.0
2004-02-11 00:00:00-05:00,0.3499999940395355,0.4099999964237213,0.3499999940395355,0.3499999940395355,30200,0.0,0.0
2004-02-12 00:00:00-05:00,0.3700000047683716,0.3700000047683716,0.3199999928474426,0.3499999940395355,28900,0.0,0.0
2004-02-13 00:00:00-05:00,0.3499999940395355,0.3499999940395355,0.3499999940395355,0.3499999940395355,6000,0.0,0.0
2004-02-17 00:00:00-05:00,0.28999999165534973,0.28999999165534973,0.28999999165534973,0.28999999165534973,300,0.0,0.0
2004-02-18 00:00:00-05:00,0.28999999165534973,0.33000001311302185,0.2800000011920929,0.33000001311302185,18600,0.0,0.0
2004-02-19 00:00:00-05:00,0.33000001311302185,0.33000001311302185,0.33000001311302185,0.33000001311302185,0,0.0,0.0
2004-02-20 00:00:00-05:00,0.2800000011920929,0.4000000059604645,0.2800000011920929,0.3499999940395355,67300,0.0,0.0
2004-02-23 00:00:00-05:00,0.2800000011920929,0.2800000011920929,0.2800000011920929,0.2800000011920929,300,0.0,0.0
2004-02-24 00:00:00-05:00,0.2800000011920929,0.2800000011920929,0.2800000011920929,0.2800000011920929,0,0.0,0.0
2004-02-25 00:00:00-05:00,0.2800000011920929,0.2800000011920929,0.2800000011920929,0.2800000011920929,0,0.0,0.0
2004-02-26 00:00:00-05:00,0.2800000011920929,0.2800000011920929,0.2800000011920929,0.2800000011920929,0,0.0,0.0
2004-02-27 00:00:00-05:00,0.2800000011920929,0.2800000011920929,0.2800000011920929,0.2800000011920929,0,0.0,0.0
2004-03-01 00:00:00-05:00,0.2800000011920929,0.2800000011920929,0.2800000011920929,0.2800000011920929,0,0.0,0.0
2004-03-02 00:00:00-05:00,0.2800000011920929,0.2800000011920929,0.2800000011920929,0.2800000011920929,0,0.0,0.0
2004-03-03 00:00:00-05:00,0.2800000011920929,0.2800000011920929,0.2800000011920929,0.2800000011920929,0,0.0,0.0
2004-03-04 00:00:00-05:00,0.2800000011920929,0.2800000011920929,0.2800000011920929,0.2800000011920929,0,0.0,0.0
2004-03-05 00:00:00-05:00,0.2800000011920929,0.2800000011920929,0.2800000011920929,0.2800000011920929,0,0.0,0.0
2004-03-08 00:00:00-05:00,0.30000001192092896,0.3799999952316284,0.30000001192092896,0.3499999940395355,48500,0.0,0.0
2004-03-09 00:00:00-05:00,0.3100000023841858,0.3799999952316284,0.3100000023841858,0.3799999952316284,23500,0.0,0.0
2004-03-10 00:00:00-05:00,0.3799999952316284,0.3799999952316284,0.3199999928474426,0.3199999928474426,40100,0.0,0.0
2004-03-11 00:00:00-05:00,0.3199999928474426,0.3199999928474426,0.3199999928474426,0.3199999928474426,0,0.0,0.0
2004-03-12 00:00:00-05:00,0.3199999928474426,0.3199999928474426,0.3199999928474426,0.3199999928474426,0,0.0,0.0
2004-03-15 00:00:00-05:00,0.30000001192092896,0.3400000035762787,0.28999999165534973,0.28999999165534973,20200,0.0,0.0
2004-03-16 00:00:00-05:00,0.3199999928474426,0.3199999928474426,0.3199999928474426,0.3199999928474426,10000,0.0,0.0
2004-03-17 00:00:00-05:00,0.30000001192092896,0.3199999928474426,0.25,0.25,24100,0.0,0.0
2004-03-18 00:00:00-05:00,0.3199999928474426,0.3499999940395355,0.3199999928474426,0.3499999940395355,6500,0.0,0.0
2004-03-19 00:00:00-05:00,0.25,0.3499999940395355,0.25,0.3400000035762787,6500,0.0,0.0
2004-03-22 00:00:00-05:00,0.30000001192092896,0.30000001192092896,0.30000001192092896,0.30000001192092896,500,0.0,0.0
2004-03-23 00:00:00-05:00,0.33000001311302185,0.33000001311302185,0.33000001311302185,0.33000001311302185,3600,0.0,0.0
2004-03-24 00:00:00-05:00,0.30000001192092896,0.3199999928474426,0.30000001192092896,0.3199999928474426,4400,0.0,0.0
2004-03-25 00:00:00-05:00,0.3499999940395355,0.3499999940395355,0.30000001192092896,0.3199999928474426,27800,0.0,0.0
2004-03-26 00:00:00-05:00,0.2800000011920929,0.2800000011920929,0.2800000011920929,0.2800000011920929,2000,0.0,0.0
2004-03-29 00:00:00-05:00,0.2800000011920929,0.2800000011920929,0.2800000011920929,0.2800000011920929,0,0.0,0.0
2004-03-30 00:00:00-05:00,0.3199999928474426,0.3199999928474426,0.30000001192092896,0.30000001192092896,23900,0.0,0.0
2004-03-31 00:00:00-05:00,0.3499999940395355,0.3499999940395355,0.3499999940395355,0.3499999940395355,1000,0.0,0.0
2004-04-01 00:00:00-05:00,0.3499999940395355,0.3499999940395355,0.2800000011920929,0.30000001192092896,2100,0.0,0.0
2004-04-02 00:00:00-05:00,0.30000001192092896,0.30000001192092896,0.30000001192092896,0.30000001192092896,0,0.0,0.0
2004-04-05 00:00:00-04:00,0.30000001192092896,0.30000001192092896,0.30000001192092896,0.30000001192092896,0,0.0,0.0
2004-04-06 00:00:00-04:00,0.30000001192092896,0.30000001192092896,0.30000001192092896,0.30000001192092896,0,0.0,0.0
2004-04-07 00:00:00-04:00,0.2800000011920929,0.2800000011920929,0.2800000011920929,0.2800000011920929,300,0.0,0.0
2004-04-08 00:00:00-04:00,0.2800000011920929,0.2800000011920929,0.2800000011920929,0.2800000011920929,2000,0.0,0.0
2004-04-12 00:00:00-04:00,0.2800000011920929,0.2800000011920929,0.2800000011920929,0.2800000011920929,400,0.0,0.0
2004-04-13 00:00:00-04:00,0.2800000011920929,0.2800000011920929,0.2800000011920929,0.2800000011920929,0,0.0,0.0
2004-04-14 00:00:00-04:00,0.2800000011920929,0.2800000011920929,0.2800000011920929,0.2800000011920929,0,0.0,0.0
2004-04-15 00:00:00-04:00,0.3499999940395355,0.3499999940395355,0.30000001192092896,0.30000001192092896,20000,0.0,0.0
2004-04-16 00:00:00-04:00,0.30000001192092896,0.30000001192092896,0.30000001192092896,0.30000001192092896,0,0.0,0.0
2004-04-19 00:00:00-04:00,0.3700000047683716,0.3700000047683716,0.3700000047683716,0.3700000047683716,2500,0.0,0.0
2004-04-20 00:00:00-04:00,0.44999998807907104,0.44999998807907104,0.2800000011920929,0.2800000011920929,10400,0.0,0.0
2004-04-21 00:00:00-04:00,0.2800000011920929,0.2800000011920929,0.2800000011920929,0.2800000011920929,0,0.0,0.0
2004-04-22 00:00:00-04:00,0.2800000011920929,0.3499999940395355,0.2800000011920929,0.3499999940395355,54700,0.0,0.0
2004-04-23 00:00:00-04:00,0.3499999940395355,0.3499999940395355,0.3499999940395355,0.3499999940395355,0,0.0,0.0
2004-04-26 00:00:00-04:00,0.2800000011920929,0.3499999940395355,0.2800000011920929,0.30000001192092896,20800,0.0,0.0
2004-04-27 00:00:00-04:00,0.3499999940395355,0.4000000059604645,0.3199999928474426,0.3499999940395355,18900,0.0,0.0
2004-04-28 00:00:00-04:00,0.2800000011920929,0.2800000011920929,0.2800000011920929,0.2800000011920929,200,0.0,0.0
2004-04-29 00:00:00-04:00,0.2800000011920929,0.2800000011920929,0.2800000011920929,0.2800000011920929,400,0.0,0.0
2004-04-30 00:00:00-04:00,0.2800000011920929,0.2800000011920929,0.2800000011920929,0.2800000011920929,0,0.0,0.0
2004-05-03 00:00:00-04:00,0.2800000011920929,0.2800000011920929,0.2800000011920929,0.2800000011920929,0,0.0,0.0
2004-05-04 00:00:00-04:00,0.4000000059604645,0.4000000059604645,0.3199999928474426,0.3199999928474426,4000,0.0,0.0
2004-05-05 00:00:00-04:00,0.3199999928474426,0.3199999928474426,0.3199999928474426,0.3199999928474426,0,0.0,0.0
2004-05-06 00:00:00-04:00,0.3199999928474426,0.3199999928474426,0.3199999928474426,0.3199999928474426,0,0.0,0.0
2004-05-07 00:00:00-04:00,0.2800000011920929,0.4000000059604645,0.2800000011920929,0.4000000059604645,20200,0.0,0.0
2004-05-10 00:00:00-04:00,0.4000000059604645,0.4000000059604645,0.4000000059604645,0.4000000059604645,0,0.0,0.0
2004-05-11 00:00:00-04:00,0.3499999940395355,0.4300000071525574,0.3499999940395355,0.41999998688697815,21000,0.0,0.0
2004-05-12 00:00:00-04:00,0.3499999940395355,0.4099999964237213,0.3499999940395355,0.4099999964237213,19500,0.0,0.0
2004-05-13 00:00:00-04:00,0.4099999964237213,0.4099999964237213,0.4099999964237213,0.4099999964237213,0,0.0,0.0
2004-05-14 00:00:00-04:00,0.4099999964237213,0.4099999964237213,0.2800000011920929,0.3100000023841858,223900,0.0,0.0
2004-05-17 00:00:00-04:00,0.30000001192092896,0.30000001192092896,0.30000001192092896,0.30000001192092896,5000,0.0,0.0
2004-05-18 00:00:00-04:00,0.30000001192092896,0.30000001192092896,0.30000001192092896,0.30000001192092896,0,0.0,0.0
2004-05-19 00:00:00-04:00,0.30000001192092896,0.30000001192092896,0.30000001192092896,0.30000001192092896,0,0.0,0.0
2004-05-20 00:00:00-04:00,0.25,0.30000001192092896,0.25,0.30000001192092896,10000,0.0,0.0
2004-05-21 00:00:00-04:00,0.3499999940395355,0.3499999940395355,0.3499999940395355,0.3499999940395355,2400,0.0,0.0
2004-05-24 00:00:00-04:00,0.3499999940395355,0.3499999940395355,0.3499999940395355,0.3499999940395355,0,0.0,0.0
2004-05-25 00:00:00-04:00,0.30000001192092896,0.4000000059604645,0.30000001192092896,0.3199999928474426,15300,0.0,0.0
2004-05-26 00:00:00-04:00,0.44999998807907104,0.44999998807907104,0.44999998807907104,0.44999998807907104,500,0.0,0.0
2004-05-27 00:00:00-04:00,0.4000000059604645,0.44999998807907104,0.25,0.30000001192092896,6500,0.0,0.0
2004-05-28 00:00:00-04:00,0.30000001192092896,0.30000001192092896,0.30000001192092896,0.30000001192092896,0,0.0,0.0
2004-06-01 00:00:00-04:00,0.25,0.30000001192092896,0.25,0.30000001192092896,1000,0.0,0.0
2004-06-02 00:00:00-04:00,0.25,0.25,0.25,0.25,400,0.0,0.0
2004-06-03 00:00:00-04:00,0.25,0.25,0.25,0.25,0,0.0,0.0
2004-06-04 00:00:00-04:00,0.25,0.30000001192092896,0.25,0.30000001192092896,800,0.0,0.0
2004-06-07 00:00:00-04:00,0.30000001192092896,0.4000000059604645,0.30000001192092896,0.4000000059604645,400,0.0,0.0
2004-06-08 00:00:00-04:00,0.5099999904632568,0.5099999904632568,0.5099999904632568,0.5099999904632568,100,0.0,0.0
2004-06-09 00:00:00-04:00,0.5099999904632568,0.5099999904632568,0.4000000059604645,0.4000000059604645,3800,0.0,0.0
2004-06-10 00:00:00-04:00,0.3400000035762787,0.44999998807907104,0.3400000035762787,0.4000000059604645,30300,0.0,0.0
2004-06-14 00:00:00-04:00,0.4000000059604645,0.4000000059604645,0.4000000059604645,0.4000000059604645,0,0.0,0.0
2004-06-15 00:00:00-04:00,0.30000001192092896,0.4000000059604645,0.30000001192092896,0.4000000059604645,7700,0.0,0.0
2004-06-16 00:00:00-04:00,0.3199999928474426,0.3499999940395355,0.30000001192092896,0.3499999940395355,45000,0.0,0.0
2004-06-17 00:00:00-04:00,0.3499999940395355,0.3499999940395355,0.3499999940395355,0.3499999940395355,0,0.0,0.0
2004-06-18 00:00:00-04:00,0.3499999940395355,0.3499999940395355,0.3499999940395355,0.3499999940395355,0,0.0,0.0
2004-06-21 00:00:00-04:00,0.3799999952316284,0.3799999952316284,0.25,0.25,10300,0.0,0.0
2004-06-22 00:00:00-04:00,0.25,0.30000001192092896,0.25,0.30000001192092896,200,0.0,0.0
2004-06-23 00:00:00-04:00,0.30000001192092896,0.30000001192092896,0.30000001192092896,0.30000001192092896,0,0.0,0.0
2004-06-24 00:00:00-04:00,0.30000001192092896,0.30000001192092896,0.30000001192092896,0.30000001192092896,0,0.0,0.0
2004-06-25 00:00:00-04:00,0.25,0.30000001192092896,0.25,0.30000001192092896,600,0.0,0.0
2004-06-28 00:00:00-04:00,0.30000001192092896,0.30000001192092896,0.30000001192092896,0.30000001192092896,0,0.0,0.0
2004-06-29 00:00:00-04:00,0.3499999940395355,0.3499999940395355,0.3499999940395355,0.3499999940395355,100,0.0,0.0
2004-06-30 00:00:00-04:00,0.4000000059604645,0.4000000059604645,0.4000000059604645,0.4000000059604645,2000,0.0,0.0
2004-07-01 00:00:00-04:00,0.4000000059604645,0.4000000059604645,0.4000000059604645,0.4000000059604645,0,0.0,0.0
2004-07-02 00:00:00-04:00,0.4000000059604645,0.4000000059604645,0.4000000059604645,0.4000000059604645,0,0.0,0.0
2004-07-06 00:00:00-04:00,0.25999999046325684,0.25999999046325684,0.25999999046325684,0.25999999046325684,1000,0.0,0.0
2004-07-07 00:00:00-04:00,0.25,0.30000001192092896,0.25,0.30000001192092896,200,0.0,0.0
2004-07-08 00:00:00-04:00,0.30000001192092896,0.3199999928474426,0.25,0.3100000023841858,42100,0.0,0.0
2004-07-09 00:00:00-04:00,0.3100000023841858,0.3100000023841858,0.3100000023841858,0.3100000023841858,0,0.0,0.0
2004-07-12 00:00:00-04:00,0.3100000023841858,0.3100000023841858,0.3100000023841858,0.3100000023841858,0,0.0,0.0
2004-07-13 00:00:00-04:00,0.30000001192092896,0.30000001192092896,0.23999999463558197,0.23999999463558197,5400,0.0,0.0
2004-07-14 00:00:00-04:00,0.30000001192092896,0.30000001192092896,0.30000001192092896,0.30000001192092896,200,0.0,0.0
2004-07-15 00:00:00-04:00,0.25,0.25,0.25,0.25,5000,0.0,0.0
2004-07-16 00:00:00-04:00,0.25,0.25,0.25,0.25,0,0.0,0.0
2004-07-19 00:00:00-04:00,0.25,0.25,0.25,0.25,0,0.0,0.0
2004-07-20 00:00:00-04:00,0.25,0.25,0.25,0.25,0,0.0,0.0
2004-07-21 00:00:00-04:00,0.25,0.25,0.25,0.25,0,0.0,0.0
2004-07-22 00:00:00-04:00,0.25,0.25,0.25,0.25,0,0.0,0.0
2004-07-23 00:00:00-04:00,0.25,0.3799999952316284,0.25,0.3499999940395355,30900,0.0,0.0
2004-07-26 00:00:00-04:00,0.3499999940395355,0.3499999940395355,0.3499999940395355,0.3499999940395355,0,0.0,0.0
2004-07-27 00:00:00-04:00,0.23999999463558197,0.30000001192092896,0.23999999463558197,0.30000001192092896,500,0.0,0.0
2004-07-28 00:00:00-04:00,0.30000001192092896,0.30000001192092896,0.30000001192092896,0.30000001192092896,0,0.0,0.0
2004-07-29 00:00:00-04:00,0.30000001192092896,0.30000001192092896,0.30000001192092896,0.30000001192092896,0,0.0,0.0
2004-07-30 00:00:00-04:00,0.30000001192092896,0.30000001192092896,0.30000001192092896,0.30000001192092896,0,0.0,0.0
2004-08-02 00:00:00-04:00,0.23999999463558197,0.23999999463558197,0.23999999463558197,0.23999999463558197,100,0.0,0.0
2004-08-03 00:00:00-04:00,0.3799999952316284,0.3799999952316284,0.23999999463558197,0.23999999463558197,18000,0.0,0.0
2004-08-04 00:00:00-04:00,0.23999999463558197,0.23999999463558197,0.23999999463558197,0.23999999463558197,0,0.0,0.0
2004-08-05 00:00:00-04:00,0.23999999463558197,0.25,0.23999999463558197,0.25,1600,0.0,0.0
2004-08-06 00:00:00-04:00,0.23999999463558197,0.30000001192092896,0.23999999463558197,0.30000001192092896,1000,0.0,0.0
2004-08-09 00:00:00-04:00,0.30000001192092896,0.30000001192092896,0.30000001192092896,0.30000001192092896,0,0.0,0.0
2004-08-10 00:00:00-04:00,0.23999999463558197,0.23999999463558197,0.23999999463558197,0.23999999463558197,200,0.0,0.0
2004-08-11 00:00:00-04:00,0.23999999463558197,0.23999999463558197,0.23999999463558197,0.23999999463558197,0,0.0,0.0
2004-08-12 00:00:00-04:00,0.23999999463558197,0.23999999463558197,0.23999999463558197,0.23999999463558197,100,0.0,0.0
2004-08-13 00:00:00-04:00,0.30000001192092896,0.30000001192092896,0.23999999463558197,0.25,8400,0.0,0.0
2004-08-16 00:00:00-04:00,0.25,0.25,0.25,0.25,0,0.0,0.0
2004-08-17 00:00:00-04:00,0.25,0.25,0.25,0.25,0,0.0,0.0
2004-08-18 00:00:00-04:00,0.23999999463558197,0.27000001072883606,0.23999999463558197,0.27000001072883606,14000,0.0,0.0
2004-08-19 00:00:00-04:00,0.27000001072883606,0.27000001072883606,0.27000001072883606,0.27000001072883606,0,0.0,0.0
2004-08-20 00:00:00-04:00,0.25,0.25,0.25,0.25,1200,0.0,0.0
2004-08-23 00:00:00-04:00,0.30000001192092896,0.30000001192092896,0.30000001192092896,0.30000001192092896,3700,0.0,0.0
2004-08-24 00:00:00-04:00,0.3199999928474426,0.4399999976158142,0.3199999928474426,0.4000000059604645,92200,0.0,0.0
2004-08-25 00:00:00-04:00,0.25,0.25,0.25,0.25,900,0.0,0.0
2004-08-26 00:00:00-04:00,0.4000000059604645,0.4000000059604645,0.3499999940395355,0.3499999940395355,15000,0.0,0.0
2004-08-27 00:00:00-04:00,0.3400000035762787,0.3400000035762787,0.3400000035762787,0.3400000035762787,200,0.0,0.0
2004-08-30 00:00:00-04:00,0.3400000035762787,0.3400000035762787,0.3400000035762787,0.3400000035762787,0,0.0,0.0
2004-08-31 00:00:00-04:00,0.28999999165534973,0.28999999165534973,0.28999999165534973,0.28999999165534973,1700,0.0,0.0
2004-09-01 00:00:00-04:00,0.3400000035762787,0.3400000035762787,0.3400000035762787,0.3400000035762787,800,0.0,0.0
2004-09-02 00:00:00-04:00,0.4000000059604645,0.44999998807907104,0.3799999952316284,0.4099999964237213,21800,0.0,0.0
2004-09-03 00:00:00-04:00,0.38999998569488525,0.38999998569488525,0.38999998569488525,0.38999998569488525,400,0.0,0.0
2004-09-07 00:00:00-04:00,0.38999998569488525,0.38999998569488525,0.38999998569488525,0.38999998569488525,10800,0.0,0.0
2004-09-08 00:00:00-04:00,0.44999998807907104,0.44999998807907104,0.3799999952316284,0.38999998569488525,22200,0.0,0.0
2004-09-09 00:00:00-04:00,0.38999998569488525,0.44999998807907104,0.3799999952316284,0.44999998807907104,6400,0.0,0.0
2004-09-10 00:00:00-04:00,0.44999998807907104,0.44999998807907104,0.44999998807907104,0.44999998807907104,0,0.0,0.0
2004-09-13 00:00:00-04:00,0.3799999952316284,0.44999998807907104,0.3799999952316284,0.3799999952316284,5400,0.0,0.0
2004-09-14 00:00:00-04:00,0.44999998807907104,0.44999998807907104,0.4000000059604645,0.4000000059604645,2000,0.0,0.0
2004-09-15 00:00:00-04:00,0.4000000059604645,0.44999998807907104,0.4000000059604645,0.41999998688697815,11900,0.0,0.0
2004-09-16 00:00:00-04:00,0.41999998688697815,0.44999998807907104,0.41999998688697815,0.4399999976158142,77800,0.0,0.0
2004-09-17 00:00:00-04:00,0.44999998807907104,0.49000000953674316,0.44999998807907104,0.44999998807907104,18500,0.0,0.0
2004-09-20 00:00:00-04:00,0.44999998807907104,0.44999998807907104,0.44999998807907104,0.44999998807907104,0,0.0,0.0
2004-09-21 00:00:00-04:00,0.44999998807907104,0.44999998807907104,0.44999998807907104,0.44999998807907104,0,0.0,0.0
2004-09-22 00:00:00-04:00,0.44999998807907104,0.44999998807907104,0.44999998807907104,0.44999998807907104,0,0.0,0.0
2004-09-23 00:00:00-04:00,0.46000000834465027,0.4699999988079071,0.46000000834465027,0.4699999988079071,29000,0.0,0.0
2004-09-24 00:00:00-04:00,0.46000000834465027,0.4699999988079071,0.46000000834465027,0.4699999988079071,37600,0.0,0.0
2004-09-27 00:00:00-04:00,0.5,0.5199999809265137,0.47999998927116394,0.5099999904632568,17000,0.0,0.0
2004-09-28 00:00:00-04:00,0.5099999904632568,0.5099999904632568,0.5099999904632568,0.5099999904632568,0,0.0,0.0
2004-09-29 00:00:00-04:00,0.46000000834465027,0.5,0.46000000834465027,0.5,1000,0.0,0.0
2004-09-30 00:00:00-04:00,0.5,0.5099999904632568,0.5,0.5099999904632568,5000,0.0,0.0
2004-10-01 00:00:00-04:00,0.46000000834465027,0.5,0.46000000834465027,0.46000000834465027,119800,0.0,0.0
2004-10-04 00:00:00-04:00,0.46000000834465027,0.4699999988079071,0.3700000047683716,0.4000000059604645,79900,0.0,0.0
2004-10-05 00:00:00-04:00,0.3400000035762787,0.47999998927116394,0.3400000035762787,0.4000000059604645,120800,0.0,0.0
2004-10-06 00:00:00-04:00,0.44999998807907104,0.5099999904632568,0.44999998807907104,0.5099999904632568,54100,0.0,0.0
2004-10-07 00:00:00-04:00,0.6000000238418579,0.6000000238418579,0.5,0.5,35700,0.0,0.0
2004-10-08 00:00:00-04:00,0.5,0.5099999904632568,0.5,0.5099999904632568,40000,0.0,0.0
2004-10-11 00:00:00-04:00,0.5,0.5099999904632568,0.4699999988079071,0.49000000953674316,79700,0.0,0.0
2004-10-12 00:00:00-04:00,0.5099999904632568,0.5099999904632568,0.5099999904632568,0.5099999904632568,5400,0.0,0.0
2004-10-13 00:00:00-04:00,0.5099999904632568,0.5099999904632568,0.5,0.5,48500,0.0,0.0
2004-10-14 00:00:00-04:00,0.5,0.5099999904632568,0.5,0.5099999904632568,27700,0.0,0.0
2004-10-15 00:00:00-04:00,0.5,0.5799999833106995,0.5,0.5199999809265137,40500,0.0,0.0
2004-10-18 00:00:00-04:00,0.47999998927116394,0.47999998927116394,0.47999998927116394,0.47999998927116394,500,0.0,0.0
2004-10-19 00:00:00-04:00,0.47999998927116394,0.47999998927116394,0.47999998927116394,0.47999998927116394,600,0.0,0.0
2004-10-20 00:00:00-04:00,0.5,0.5,0.47999998927116394,0.47999998927116394,23200,0.0,0.0
2004-10-21 00:00:00-04:00,0.4000000059604645,0.4000000059604645,0.4000000059604645,0.4000000059604645,1200,0.0,0.0
2004-10-22 00:00:00-04:00,0.4000000059604645,0.4000000059604645,0.4000000059604645,0.4000000059604645,0,0.0,0.0
2004-10-25 00:00:00-04:00,0.49000000953674316,0.49000000953674316,0.49000000953674316,0.49000000953674316,1000,0.0,0.0
2004-10-26 00:00:00-04:00,0.49000000953674316,0.49000000953674316,0.4000000059604645,0.4000000059604645,2400,0.0,0.0
2004-10-27 00:00:00-04:00,0.4000000059604645,0.4000000059604645,0.4000000059604645,0.4000000059604645,0,0.0,0.0
2004-10-28 00:00:00-04:00,0.4000000059604645,0.4000000059604645,0.4000000059604645,0.4000000059604645,400,0.0,0.0
2004-10-29 00:00:00-04:00,0.49000000953674316,0.49000000953674316,0.49000000953674316,0.49000000953674316,5000,0.0,0.0
2004-11-01 00:00:00-05:00,0.44999998807907104,0.47999998927116394,0.44999998807907104,0.47999998927116394,11500,0.0,0.0
2004-11-02 00:00:00-05:00,0.47999998927116394,0.47999998927116394,0.47999998927116394,0.47999998927116394,0,0.0,0.0
2004-11-03 00:00:00-05:00,0.49000000953674316,0.5099999904632568,0.49000000953674316,0.5099999904632568,6300,0.0,0.0
2004-11-04 00:00:00-05:00,0.4699999988079071,0.49000000953674316,0.44999998807907104,0.44999998807907104,75000,0.0,0.0
2004-11-05 00:00:00-05:00,0.5199999809265137,0.5199999809265137,0.4099999964237213,0.44999998807907104,8500,0.0,0.0
2004-11-08 00:00:00-05:00,0.44999998807907104,0.44999998807907104,0.44999998807907104,0.44999998807907104,0,0.0,0.0
2004-11-09 00:00:00-05:00,0.4300000071525574,0.4699999988079071,0.4300000071525574,0.4699999988079071,5200,0.0,0.0
2004-11-10 00:00:00-05:00,0.4699999988079071,0.49000000953674316,0.4699999988079071,0.49000000953674316,20000,0.0,0.0
2004-11-11 00:00:00-05:00,0.4699999988079071,0.49000000953674316,0.4699999988079071,0.49000000953674316,25000,0.0,0.0
2004-11-12 00:00:00-05:00,0.4699999988079071,0.49000000953674316,0.4699999988079071,0.49000000953674316,30500,0.0,0.0
2004-11-15 00:00:00-05:00,0.4699999988079071,0.49000000953674316,0.4699999988079071,0.49000000953674316,6100,0.0,0.0
2004-11-16 00:00:00-05:00,0.47999998927116394,0.47999998927116394,0.4699999988079071,0.4699999988079071,9500,0.0,0.0
2004-11-17 00:00:00-05:00,0.4699999988079071,0.49000000953674316,0.4699999988079071,0.49000000953674316,2500,0.0,0.0
2004-11-18 00:00:00-05:00,0.49000000953674316,0.49000000953674316,0.49000000953674316,0.49000000953674316,0,0.0,0.0
2004-11-19 00:00:00-05:00,0.5,0.5,0.4699999988079071,0.49000000953674316,17000,0.0,0.0
2004-11-22 00:00:00-05:00,0.41999998688697815,0.41999998688697815,0.41999998688697815,0.41999998688697815,200,0.0,0.0
2004-11-23 00:00:00-05:00,0.41999998688697815,0.41999998688697815,0.41999998688697815,0.41999998688697815,0,0.0,0.0
2004-11-24 00:00:00-05:00,0.4699999988079071,0.49000000953674316,0.4699999988079071,0.49000000953674316,400,0.0,0.0
2004-11-26 00:00:00-05:00,0.49000000953674316,0.49000000953674316,0.49000000953674316,0.49000000953674316,0,0.0,0.0
2004-11-29 00:00:00-05:00,0.4699999988079071,0.49000000953674316,0.4699999988079071,0.4699999988079071,38900,0.0,0.0
2004-11-30 00:00:00-05:00,0.47999998927116394,0.5,0.47999998927116394,0.5,103000,0.0,0.0
2004-12-01 00:00:00-05:00,0.5,0.5,0.5,0.5,0,0.0,0.0
2004-12-02 00:00:00-05:00,0.49000000953674316,0.49000000953674316,0.49000000953674316,0.49000000953674316,40000,0.0,0.0
2004-12-03 00:00:00-05:00,0.47999998927116394,0.49000000953674316,0.4300000071525574,0.44999998807907104,44300,0.0,0.0
2004-12-06 00:00:00-05:00,0.41999998688697815,0.4300000071525574,0.41999998688697815,0.41999998688697815,6000,0.0,0.0
2004-12-07 00:00:00-05:00,0.49000000953674316,0.49000000953674316,0.49000000953674316,0.49000000953674316,5000,0.0,0.0
2004-12-08 00:00:00-05:00,0.46000000834465027,0.49000000953674316,0.46000000834465027,0.49000000953674316,8400,0.0,0.0
2004-12-09 00:00:00-05:00,0.4699999988079071,0.4699999988079071,0.44999998807907104,0.44999998807907104,55000,0.0,0.0
2004-12-10 00:00:00-05:00,0.44999998807907104,0.44999998807907104,0.44999998807907104,0.44999998807907104,10000,0.0,0.0
2004-12-13 00:00:00-05:00,0.41999998688697815,0.44999998807907104,0.41999998688697815,0.44999998807907104,5000,0.0,0.0
2004-12-14 00:00:00-05:00,0.47999998927116394,0.47999998927116394,0.44999998807907104,0.47999998927116394,118500,0.0,0.0
2004-12-15 00:00:00-05:00,0.49000000953674316,0.5099999904632568,0.47999998927116394,0.49000000953674316,31400,0.0,0.0
2004-12-16 00:00:00-05:00,0.49000000953674316,0.49000000953674316,0.49000000953674316,0.49000000953674316,6800,0.0,0.0
2004-12-17 00:00:00-05:00,0.47999998927116394,0.47999998927116394,0.44999998807907104,0.44999998807907104,17800,0.0,0.0
2004-12-20 00:00:00-05:00,0.44999998807907104,0.5099999904632568,0.44999998807907104,0.47999998927116394,5800,0.0,0.0
2004-12-21 00:00:00-05:00,0.47999998927116394,0.5,0.4300000071525574,0.5,42500,0.0,0.0
2004-12-22 00:00:00-05:00,0.46000000834465027,0.47999998927116394,0.46000000834465027,0.4699999988079071,52600,0.0,0.0
2004-12-23 00:00:00-05:00,0.5,0.5,0.49000000953674316,0.49000000953674316,12500,0.0,0.0
2004-12-27 00:00:00-05:00,0.49000000953674316,0.49000000953674316,0.49000000953674316,0.49000000953674316,13500,0.0,0.0
2004-12-28 00:00:00-05:00,0.5,0.5,0.49000000953674316,0.49000000953674316,6500,0.0,0.0
2004-12-29 00:00:00-05:00,0.47999998927116394,0.49000000953674316,0.4699999988079071,0.47999998927116394,177900,0.0,0.0
2004-12-30 00:00:00-05:00,0.4699999988079071,0.5,0.44999998807907104,0.5,98600,0.0,0.0
2004-12-31 00:00:00-05:00,0.5,0.5,0.5,0.5,0,0.0,0.0
2005-01-03 00:00:00-05:00,0.5,0.5,0.47999998927116394,0.49000000953674316,7100,0.0,0.0
2005-01-04 00:00:00-05:00,0.47999998927116394,0.49000000953674316,0.47999998927116394,0.47999998927116394,3700,0.0,0.0
2005-01-05 00:00:00-05:00,0.49000000953674316,0.5,0.44999998807907104,0.5,32000,0.0,0.0
2005-01-06 00:00:00-05:00,0.5,0.550000011920929,0.47999998927116394,0.47999998927116394,13100,0.0,0.0
2005-01-07 00:00:00-05:00,0.4699999988079071,0.4699999988079071,0.4699999988079071,0.4699999988079071,200,0.0,0.0
2005-01-10 00:00:00-05:00,0.4699999988079071,0.4699999988079071,0.4699999988079071,0.4699999988079071,1100,0.0,0.0
2005-01-11 00:00:00-05:00,0.4699999988079071,0.6499999761581421,0.4699999988079071,0.6000000238418579,34500,0.0,0.0
2005-01-12 00:00:00-05:00,0.699999988079071,0.7300000190734863,0.550000011920929,0.6800000071525574,49500,0.0,0.0
2005-01-13 00:00:00-05:00,0.7200000286102295,0.7200000286102295,0.6800000071525574,0.699999988079071,139800,0.0,0.0
2005-01-14 00:00:00-05:00,0.75,0.75,0.7099999785423279,0.75,51700,0.0,0.0
2005-01-18 00:00:00-05:00,0.699999988079071,0.75,0.699999988079071,0.7200000286102295,29500,0.0,0.0
2005-01-19 00:00:00-05:00,0.7099999785423279,0.75,0.7099999785423279,0.7099999785423279,26500,0.0,0.0
2005-01-20 00:00:00-05:00,0.699999988079071,0.699999988079071,0.699999988079071,0.699999988079071,200,0.0,0.0
2005-01-21 00:00:00-05:00,0.699999988079071,0.699999988079071,0.699999988079071,0.699999988079071,7500,0.0,0.0
2005-01-24 00:00:00-05:00,0.699999988079071,0.699999988079071,0.6499999761581421,0.6499999761581421,23300,0.0,0.0
2005-01-25 00:00:00-05:00,0.699999988079071,0.75,0.6499999761581421,0.75,12200,0.0,0.0
2005-01-26 00:00:00-05:00,0.6800000071525574,0.75,0.6200000047683716,0.75,13900,0.0,0.0
2005-01-27 00:00:00-05:00,0.6600000262260437,0.6800000071525574,0.6600000262260437,0.6800000071525574,1000,0.0,0.0
2005-01-28 00:00:00-05:00,0.6800000071525574,0.6800000071525574,0.6800000071525574,0.6800000071525574,3000,0.0,0.0
2005-01-31 00:00:00-05:00,0.699999988079071,0.699999988079071,0.699999988079071,0.699999988079071,28800,0.0,0.0
2005-02-01 00:00:00-05:00,0.699999988079071,0.699999988079071,0.6600000262260437,0.6800000071525574,4500,0.0,0.0
2005-02-02 00:00:00-05:00,0.6800000071525574,0.6800000071525574,0.6800000071525574,0.6800000071525574,0,0.0,0.0
2005-02-03 00:00:00-05:00,0.699999988079071,0.699999988079071,0.699999988079071,0.699999988079071,25000,0.0,0.0
2005-02-04 00:00:00-05:00,0.8100000023841858,0.8199999928474426,0.699999988079071,0.7099999785423279,15500,0.0,0.0
2005-02-07 00:00:00-05:00,0.7099999785423279,0.7099999785423279,0.7099999785423279,0.7099999785423279,0,0.0,0.0
2005-02-08 00:00:00-05:00,0.7200000286102295,0.7200000286102295,0.7200000286102295,0.7200000286102295,5200,0.0,0.0
2005-02-09 00:00:00-05:00,0.7200000286102295,0.7200000286102295,0.7200000286102295,0.7200000286102295,4000,0.0,0.0
2005-02-10 00:00:00-05:00,0.699999988079071,0.7200000286102295,0.699999988079071,0.7200000286102295,11400,0.0,0.0
2005-02-11 00:00:00-05:00,0.7099999785423279,0.7200000286102295,0.699999988079071,0.7200000286102295,30700,0.0,0.0
2005-02-14 00:00:00-05:00,0.7200000286102295,0.75,0.699999988079071,0.699999988079071,10800,0.0,0.0
2005-02-15 00:00:00-05:00,0.7300000190734863,0.7300000190734863,0.699999988079071,0.699999988079071,14000,0.0,0.0
2005-02-16 00:00:00-05:00,0.75,0.75,0.699999988079071,0.699999988079071,9400,0.0,0.0
2005-02-17 00:00:00-05:00,0.699999988079071,0.699999988079071,0.699999988079071,0.699999988079071,0,0.0,0.0
2005-02-18 00:00:00-05:00,0.7099999785423279,0.7200000286102295,0.699999988079071,0.699999988079071,12600,0.0,0.0
2005-02-22 00:00:00-05:00,0.699999988079071,0.699999988079071,0.6499999761581421,0.6499999761581421,8500,0.0,0.0
2005-02-23 00:00:00-05:00,0.6499999761581421,0.6499999761581421,0.6499999761581421,0.6499999761581421,600,0.0,0.0
2005-02-24 00:00:00-05:00,0.6499999761581421,0.6499999761581421,0.6499999761581421,0.6499999761581421,0,0.0,0.0
2005-02-25 00:00:00-05:00,0.6499999761581421,0.6499999761581421,0.6499999761581421,0.6499999761581421,0,0.0,0.0
2005-02-28 00:00:00-05:00,0.699999988079071,0.699999988079071,0.699999988079071,0.699999988079071,15000,0.0,0.0
2005-03-01 00:00:00-05:00,0.699999988079071,0.699999988079071,0.6899999976158142,0.6899999976158142,45300,0.0,0.0
2005-03-02 00:00:00-05:00,0.699999988079071,0.699999988079071,0.699999988079071,0.699999988079071,200,0.0,0.0
2005-03-03 00:00:00-05:00,0.7200000286102295,0.7200000286102295,0.6499999761581421,0.7099999785423279,47600,0.0,0.0
2005-03-04 00:00:00-05:00,0.7099999785423279,0.7099999785423279,0.7099999785423279,0.7099999785423279,0,0.0,0.0
2005-03-07 00:00:00-05:00,0.6600000262260437,0.699999988079071,0.6600000262260437,0.6700000166893005,25000,0.0,0.0
2005-03-08 00:00:00-05:00,0.6200000047683716,0.6700000166893005,0.5600000023841858,0.6000000238418579,58200,0.0,0.0
2005-03-09 00:00:00-05:00,0.6499999761581421,0.7200000286102295,0.6499999761581421,0.6700000166893005,32500,0.0,0.0
2005-03-10 00:00:00-05:00,0.6399999856948853,0.6499999761581421,0.6299999952316284,0.6399999856948853,16000,0.0,0.0
2005-03-11 00:00:00-05:00,0.5899999737739563,0.6000000238418579,0.5899999737739563,0.6000000238418579,31000,0.0,0.0
2005-03-14 00:00:00-05:00,0.699999988079071,0.699999988079071,0.699999988079071,0.699999988079071,5000,0.0,0.0
2005-03-15 00:00:00-05:00,0.6499999761581421,0.699999988079071,0.6499999761581421,0.699999988079071,11900,0.0,0.0
2005-03-16 00:00:00-05:00,0.6499999761581421,0.6499999761581421,0.6499999761581421,0.6499999761581421,200,0.0,0.0
2005-03-17 00:00:00-05:00,0.6499999761581421,0.6600000262260437,0.6000000238418579,0.6600000262260437,4000,0.0,0.0
2005-03-18 00:00:00-05:00,0.6000000238418579,0.6499999761581421,0.6000000238418579,0.6499999761581421,40500,0.0,0.0
2005-03-21 00:00:00-05:00,0.6499999761581421,0.6499999761581421,0.6399999856948853,0.6399999856948853,7000,0.0,0.0
2005-03-22 00:00:00-05:00,0.6399999856948853,0.6399999856948853,0.6200000047683716,0.6200000047683716,10000,0.0,0.0
2005-03-23 00:00:00-05:00,0.6399999856948853,0.6499999761581421,0.6399999856948853,0.6499999761581421,15000,0.0,0.0
2005-03-24 00:00:00-05:00,0.6499999761581421,0.6499999761581421,0.6000000238418579,0.6000000238418579,3000,0.0,0.0
2005-03-28 00:00:00-05:00,0.6299999952316284,0.6499999761581421,0.6299999952316284,0.6299999952316284,9800,0.0,0.0
2005-03-29 00:00:00-05:00,0.699999988079071,0.699999988079071,0.5899999737739563,0.6000000238418579,26500,0.0,0.0
2005-03-30 00:00:00-05:00,0.41999998688697815,0.6499999761581421,0.41999998688697815,0.6499999761581421,83600,0.0,0.0
2005-03-31 00:00:00-05:00,0.6499999761581421,0.6499999761581421,0.6499999761581421,0.6499999761581421,0,0.0,0.0
2005-04-01 00:00:00-05:00,0.5,0.6499999761581421,0.5,0.6499999761581421,18400,0.0,0.0
2005-04-04 00:00:00-04:00,0.550000011920929,0.550000011920929,0.550000011920929,0.550000011920929,1000,0.0,0.0
2005-04-05 00:00:00-04:00,0.6499999761581421,0.6499999761581421,0.550000011920929,0.550000011920929,6400,0.0,0.0
2005-04-06 00:00:00-04:00,0.6499999761581421,0.6499999761581421,0.6499999761581421,0.6499999761581421,5300,0.0,0.0
2005-04-07 00:00:00-04:00,0.6499999761581421,0.6499999761581421,0.550000011920929,0.550000011920929,7600,0.0,0.0
2005-04-08 00:00:00-04:00,0.6499999761581421,0.6499999761581421,0.6499999761581421,0.6499999761581421,3600,0.0,0.0
2005-04-11 00:00:00-04:00,0.6499999761581421,0.6499999761581421,0.5099999904632568,0.6499999761581421,183200,0.0,0.0
2005-04-12 00:00:00-04:00,0.6499999761581421,0.6499999761581421,0.6000000238418579,0.6499999761581421,65000,0.0,0.0
2005-04-13 00:00:00-04:00,0.6000000238418579,0.6499999761581421,0.6000000238418579,0.6499999761581421,14900,0.0,0.0
2005-04-14 00:00:00-04:00,0.6499999761581421,0.6499999761581421,0.6499999761581421,0.6499999761581421,1700,0.0,0.0
2005-04-15 00:00:00-04:00,0.6499999761581421,0.6499999761581421,0.6499999761581421,0.6499999761581421,15900,0.0,0.0
2005-04-18 00:00:00-04:00,0.6000000238418579,0.6000000238418579,0.6000000238418579,0.6000000238418579,2100,0.0,0.0
2005-04-19 00:00:00-04:00,0.6800000071525574,0.6800000071525574,0.6800000071525574,0.6800000071525574,5500,0.0,0.0
2005-04-20 00:00:00-04:00,0.6800000071525574,0.6800000071525574,0.6800000071525574,0.6800000071525574,1500,0.0,0.0
2005-04-21 00:00:00-04:00,0.6800000071525574,0.6800000071525574,0.6800000071525574,0.6800000071525574,3500,0.0,0.0
2005-04-22 00:00:00-04:00,0.6499999761581421,0.6499999761581421,0.6200000047683716,0.6200000047683716,4900,0.0,0.0
2005-04-25 00:00:00-04:00,0.6200000047683716,0.6200000047683716,0.6200000047683716,0.6200000047683716,2500,0.0,0.0
2005-04-26 00:00:00-04:00,0.6000000238418579,0.6000000238418579,0.6000000238418579,0.6000000238418579,2500,0.0,0.0
2005-04-27 00:00:00-04:00,0.6000000238418579,0.6000000238418579,0.6000000238418579,0.6000000238418579,1000,0.0,0.0
2005-04-28 00:00:00-04:00,0.6000000238418579,0.6000000238418579,0.5699999928474426,0.5699999928474426,20400,0.0,0.0
2005-04-29 00:00:00-04:00,0.5699999928474426,0.5699999928474426,0.5699999928474426,0.5699999928474426,0,0.0,0.0
2005-05-02 00:00:00-04:00,0.5699999928474426,0.5699999928474426,0.5699999928474426,0.5699999928474426,0,0.0,0.0
2005-05-03 00:00:00-04:00,0.5699999928474426,0.5699999928474426,0.5699999928474426,0.5699999928474426,0,0.0,0.0
2005-05-04 00:00:00-04:00,0.5699999928474426,0.5699999928474426,0.5699999928474426,0.5699999928474426,0,0.0,0.0
2005-05-05 00:00:00-04:00,0.5699999928474426,0.5699999928474426,0.5699999928474426,0.5699999928474426,0,0.0,0.0
2005-05-06 00:00:00-04:00,0.5699999928474426,0.5699999928474426,0.5699999928474426,0.5699999928474426,0,0.0,0.0
2005-05-09 00:00:00-04:00,0.5699999928474426,0.5699999928474426,0.5699999928474426,0.5699999928474426,0,0.0,0.0
2005-05-10 00:00:00-04:00,0.5400000214576721,0.5400000214576721,0.5400000214576721,0.5400000214576721,1100,0.0,0.0
2005-05-11 00:00:00-04:00,0.5400000214576721,0.6700000166893005,0.5400000214576721,0.6399999856948853,40000,0.0,0.0
2005-05-12 00:00:00-04:00,0.6000000238418579,0.6000000238418579,0.6000000238418579,0.6000000238418579,500,0.0,0.0
2005-05-13 00:00:00-04:00,0.6000000238418579,0.6000000238418579,0.6000000238418579,0.6000000238418579,30000,0.0,0.0
2005-05-16 00:00:00-04:00,0.6000000238418579,0.6000000238418579,0.6000000238418579,0.6000000238418579,0,0.0,0.0
2005-05-17 00:00:00-04:00,0.6000000238418579,0.6000000238418579,0.6000000238418579,0.6000000238418579,11000,0.0,0.0
2005-05-18 00:00:00-04:00,0.5899999737739563,0.6399999856948853,0.5899999737739563,0.6200000047683716,16100,0.0,0.0
2005-05-19 00:00:00-04:00,0.6000000238418579,0.6000000238418579,0.6000000238418579,0.6000000238418579,1100,0.0,0.0
2005-05-20 00:00:00-04:00,0.6000000238418579,0.6000000238418579,0.5400000214576721,0.5400000214576721,24500,0.0,0.0
2005-05-23 00:00:00-04:00,0.5400000214576721,0.6000000238418579,0.5400000214576721,0.6000000238418579,2400,0.0,0.0
2005-05-24 00:00:00-04:00,0.5400000214576721,0.5400000214576721,0.5400000214576721,0.5400000214576721,1000,0.0,0.0
2005-05-25 00:00:00-04:00,0.5699999928474426,0.5699999928474426,0.5699999928474426,0.5699999928474426,1100,0.0,0.0
2005-05-26 00:00:00-04:00,0.6000000238418579,0.6000000238418579,0.6000000238418579,0.6000000238418579,17000,0.0,0.0
2005-05-27 00:00:00-04:00,0.6000000238418579,0.6000000238418579,0.550000011920929,0.550000011920929,5200,0.0,0.0
2005-05-31 00:00:00-04:00,0.550000011920929,0.550000011920929,0.550000011920929,0.550000011920929,0,0.0,0.0
2005-06-01 00:00:00-04:00,0.550000011920929,0.550000011920929,0.550000011920929,0.550000011920929,0,0.0,0.0
2005-06-02 00:00:00-04:00,0.550000011920929,0.550000011920929,0.550000011920929,0.550000011920929,0,0.0,0.0
2005-06-03 00:00:00-04:00,0.550000011920929,0.550000011920929,0.550000011920929,0.550000011920929,1300,0.0,0.0
2005-06-06 00:00:00-04:00,0.550000011920929,0.550000011920929,0.550000011920929,0.550000011920929,17000,0.0,0.0
2005-06-07 00:00:00-04:00,0.5699999928474426,0.5699999928474426,0.5699999928474426,0.5699999928474426,17400,0.0,0.0
2005-06-08 00:00:00-04:00,0.36000001430511475,0.36000001430511475,0.36000001430511475,0.36000001430511475,2700,0.0,0.0
2005-06-09 00:00:00-04:00,0.36000001430511475,0.36000001430511475,0.36000001430511475,0.36000001430511475,0,0.0,0.0
2005-06-10 00:00:00-04:00,0.550000011920929,0.550000011920929,0.550000011920929,0.550000011920929,2000,0.0,0.0
2005-06-13 00:00:00-04:00,0.550000011920929,0.5600000023841858,0.550000011920929,0.5600000023841858,6200,0.0,0.0
2005-06-14 00:00:00-04:00,0.6000000238418579,0.6000000238418579,0.550000011920929,0.6000000238418579,6800,0.0,0.0
2005-06-15 00:00:00-04:00,0.6800000071525574,0.6800000071525574,0.6000000238418579,0.6000000238418579,75000,0.0,0.0
2005-06-16 00:00:00-04:00,0.6000000238418579,0.6000000238418579,0.6000000238418579,0.6000000238418579,0,0.0,0.0
2005-06-17 00:00:00-04:00,0.6200000047683716,0.6200000047683716,0.6200000047683716,0.6200000047683716,16700,0.0,0.0
2005-06-20 00:00:00-04:00,0.6000000238418579,0.6000000238418579,0.550000011920929,0.550000011920929,14400,0.0,0.0
2005-06-21 00:00:00-04:00,0.550000011920929,0.550000011920929,0.550000011920929,0.550000011920929,1700,0.0,0.0
2005-06-22 00:00:00-04:00,0.5699999928474426,0.5699999928474426,0.5699999928474426,0.5699999928474426,300,0.0,0.0
2005-06-23 00:00:00-04:00,0.5299999713897705,0.5299999713897705,0.5299999713897705,0.5299999713897705,5500,0.0,0.0
2005-06-24 00:00:00-04:00,0.5600000023841858,0.5899999737739563,0.5099999904632568,0.5099999904632568,121900,0.0,0.0
2005-06-27 00:00:00-04:00,0.5099999904632568,0.5099999904632568,0.5099999904632568,0.5099999904632568,0,0.0,0.0
2005-06-28 00:00:00-04:00,0.5299999713897705,0.5299999713897705,0.5299999713897705,0.5299999713897705,200,0.0,0.0
2005-06-29 00:00:00-04:00,0.6000000238418579,0.6000000238418579,0.5299999713897705,0.550000011920929,72900,0.0,0.0
2005-06-30 00:00:00-04:00,0.550000011920929,0.6000000238418579,0.550000011920929,0.6000000238418579,18700,0.0,0.0
2005-07-01 00:00:00-04:00,0.6200000047683716,0.6200000047683716,0.5299999713897705,0.5299999713897705,17500,0.0,0.0
2005-07-05 00:00:00-04:00,0.5299999713897705,0.5299999713897705,0.5299999713897705,0.5299999713897705,0,0.0,0.0
2005-07-06 00:00:00-04:00,0.5299999713897705,0.5400000214576721,0.5199999809265137,0.5199999809265137,12900,0.0,0.0
2005-07-07 00:00:00-04:00,0.550000011920929,0.550000011920929,0.5099999904632568,0.550000011920929,9200,0.0,0.0
2005-07-08 00:00:00-04:00,0.550000011920929,0.550000011920929,0.550000011920929,0.550000011920929,0,0.0,0.0
2005-07-11 00:00:00-04:00,0.550000011920929,0.550000011920929,0.550000011920929,0.550000011920929,3500,0.0,0.0
2005-07-12 00:00:00-04:00,0.550000011920929,0.550000011920929,0.550000011920929,0.550000011920929,100,0.0,0.0
2005-07-13 00:00:00-04:00,0.550000011920929,0.550000011920929,0.550000011920929,0.550000011920929,8500,0.0,0.0
2005-07-14 00:00:00-04:00,0.550000011920929,0.550000011920929,0.550000011920929,0.550000011920929,0,0.0,0.0
2005-07-15 00:00:00-04:00,0.550000011920929,0.550000011920929,0.550000011920929,0.550000011920929,0,0.0,0.0
2005-07-18 00:00:00-04:00,0.5600000023841858,0.5600000023841858,0.5600000023841858,0.5600000023841858,2000,0.0,0.0
2005-07-19 00:00:00-04:00,0.5600000023841858,0.5600000023841858,0.550000011920929,0.550000011920929,9000,0.0,0.0
2005-07-20 00:00:00-04:00,0.5400000214576721,0.5400000214576721,0.5400000214576721,0.5400000214576721,100,0.0,0.0
2005-07-21 00:00:00-04:00,0.5400000214576721,0.5400000214576721,0.5400000214576721,0.5400000214576721,200,0.0,0.0
2005-07-22 00:00:00-04:00,0.6000000238418579,0.6000000238418579,0.5400000214576721,0.6000000238418579,4200,0.0,0.0
2005-07-25 00:00:00-04:00,0.6000000238418579,0.6000000238418579,0.6000000238418579,0.6000000238418579,0,0.0,0.0
2005-07-26 00:00:00-04:00,0.6000000238418579,0.6000000238418579,0.6000000238418579,0.6000000238418579,12000,0.0,0.0
2005-07-27 00:00:00-04:00,0.6000000238418579,0.6100000143051147,0.5099999904632568,0.5600000023841858,80900,0.0,0.0
2005-07-28 00:00:00-04:00,0.5600000023841858,0.5600000023841858,0.5600000023841858,0.5600000023841858,0,0.0,0.0
2005-07-29 00:00:00-04:00,0.5799999833106995,0.5799999833106995,0.5799999833106995,0.5799999833106995,200,0.0,0.0
2005-08-01 00:00:00-04:00,0.5799999833106995,0.5799999833106995,0.5799999833106995,0.5799999833106995,1300,0.0,0.0
2005-08-02 00:00:00-04:00,0.5899999737739563,0.5899999737739563,0.5899999737739563,0.5899999737739563,400,0.0,0.0
2005-08-03 00:00:00-04:00,0.5799999833106995,0.5899999737739563,0.5699999928474426,0.5699999928474426,43000,0.0,0.0
2005-08-04 00:00:00-04:00,0.5699999928474426,0.5699999928474426,0.5699999928474426,0.5699999928474426,0,0.0,0.0
2005-08-05 00:00:00-04:00,0.550000011920929,0.5799999833106995,0.550000011920929,0.5799999833106995,7800,0.0,0.0
2005-08-08 00:00:00-04:00,0.6000000238418579,0.6000000238418579,0.6000000238418579,0.6000000238418579,2000,0.0,0.0
2005-08-09 00:00:00-04:00,0.6499999761581421,0.6499999761581421,0.6100000143051147,0.6100000143051147,19200,0.0,0.0
2005-08-10 00:00:00-04:00,0.6000000238418579,0.6000000238418579,0.6000000238418579,0.6000000238418579,11200,0.0,0.0
2005-08-11 00:00:00-04:00,0.6100000143051147,0.6100000143051147,0.6100000143051147,0.6100000143051147,1000,0.0,0.0
2005-08-12 00:00:00-04:00,0.6100000143051147,0.6399999856948853,0.5799999833106995,0.5899999737739563,23000,0.0,0.0
2005-08-15 00:00:00-04:00,0.5899999737739563,0.6299999952316284,0.5899999737739563,0.6000000238418579,40300,0.0,0.0
2005-08-16 00:00:00-04:00,0.6000000238418579,0.699999988079071,0.5799999833106995,0.5799999833106995,8900,0.0,0.0
2005-08-17 00:00:00-04:00,0.5799999833106995,0.6200000047683716,0.5799999833106995,0.6200000047683716,81100,0.0,0.0
2005-08-18 00:00:00-04:00,0.5799999833106995,0.5799999833106995,0.5799999833106995,0.5799999833106995,500,0.0,0.0
2005-08-19 00:00:00-04:00,0.6499999761581421,0.6499999761581421,0.6000000238418579,0.6100000143051147,29000,0.0,0.0
2005-08-22 00:00:00-04:00,0.6100000143051147,0.6399999856948853,0.6000000238418579,0.6000000238418579,112900,0.0,0.0
2005-08-23 00:00:00-04:00,0.5799999833106995,0.5799999833106995,0.5799999833106995,0.5799999833106995,1800,0.0,0.0
2005-08-24 00:00:00-04:00,0.5799999833106995,0.5799999833106995,0.5799999833106995,0.5799999833106995,0,0.0,0.0
2005-08-25 00:00:00-04:00,0.5799999833106995,0.5799999833106995,0.5799999833106995,0.5799999833106995,0,0.0,0.0
2005-08-26 00:00:00-04:00,0.5799999833106995,0.5799999833106995,0.5799999833106995,0.5799999833106995,0,0.0,0.0
2005-08-29 00:00:00-04:00,0.5799999833106995,0.6200000047683716,0.5799999833106995,0.6200000047683716,18700,0.0,0.0
2005-08-30 00:00:00-04:00,0.6200000047683716,0.6200000047683716,0.6200000047683716,0.6200000047683716,0,0.0,0.0
2005-08-31 00:00:00-04:00,0.5899999737739563,0.5899999737739563,0.5899999737739563,0.5899999737739563,5000,0.0,0.0
2005-09-01 00:00:00-04:00,0.5899999737739563,0.5899999737739563,0.5899999737739563,0.5899999737739563,600,0.0,0.0
2005-09-02 00:00:00-04:00,0.5899999737739563,0.5899999737739563,0.5899999737739563,0.5899999737739563,0,0.0,0.0
2005-09-06 00:00:00-04:00,0.5899999737739563,0.5899999737739563,0.5899999737739563,0.5899999737739563,0,0.0,0.0
2005-09-07 00:00:00-04:00,0.5899999737739563,0.6700000166893005,0.5099999904632568,0.5099999904632568,8400,0.0,0.0
2005-09-08 00:00:00-04:00,0.5199999809265137,0.6399999856948853,0.5199999809265137,0.5400000214576721,94700,0.0,0.0
2005-09-09 00:00:00-04:00,0.5400000214576721,0.5400000214576721,0.5400000214576721,0.5400000214576721,0,0.0,0.0
2005-09-12 00:00:00-04:00,0.5400000214576721,0.5400000214576721,0.5400000214576721,0.5400000214576721,100,0.0,0.0
2005-09-13 00:00:00-04:00,0.5400000214576721,0.5400000214576721,0.5400000214576721,0.5400000214576721,100,0.0,0.0
2005-09-14 00:00:00-04:00,0.5400000214576721,0.5400000214576721,0.5400000214576721,0.5400000214576721,0,0.0,0.0
2005-09-15 00:00:00-04:00,0.5400000214576721,0.5400000214576721,0.5400000214576721,0.5400000214576721,900,0.0,0.0
2005-09-16 00:00:00-04:00,0.5400000214576721,0.5400000214576721,0.5400000214576721,0.5400000214576721,0,0.0,0.0
2005-09-19 00:00:00-04:00,0.5400000214576721,0.5400000214576721,0.5400000214576721,0.5400000214576721,8500,0.0,0.0
2005-09-20 00:00:00-04:00,0.5400000214576721,0.5400000214576721,0.5,0.5,4500,0.0,0.0
2005-09-21 00:00:00-04:00,0.5,0.5,0.44999998807907104,0.44999998807907104,1800,0.0,0.0
2005-09-22 00:00:00-04:00,0.44999998807907104,0.44999998807907104,0.44999998807907104,0.44999998807907104,6100,0.0,0.0
2005-09-23 00:00:00-04:00,0.44999998807907104,0.44999998807907104,0.44999998807907104,0.44999998807907104,0,0.0,0.0
2005-09-26 00:00:00-04:00,0.44999998807907104,0.44999998807907104,0.44999998807907104,0.44999998807907104,0,0.0,0.0
2005-09-27 00:00:00-04:00,0.5099999904632568,0.5099999904632568,0.4699999988079071,0.5099999904632568,3400,0.0,0.0
2005-09-28 00:00:00-04:00,0.5099999904632568,0.5099999904632568,0.5099999904632568,0.5099999904632568,0,0.0,0.0
2005-09-29 00:00:00-04:00,0.4699999988079071,0.5,0.4699999988079071,0.5,1600,0.0,0.0
2005-09-30 00:00:00-04:00,0.4699999988079071,0.4699999988079071,0.4699999988079071,0.4699999988079071,100,0.0,0.0
2005-10-03 00:00:00-04:00,0.6000000238418579,0.6000000238418579,0.6000000238418579,0.6000000238418579,500,0.0,0.0
2005-10-04 00:00:00-04:00,0.6000000238418579,0.6000000238418579,0.6000000238418579,0.6000000238418579,500,0.0,0.0
2005-10-05 00:00:00-04:00,0.6000000238418579,0.6000000238418579,0.6000000238418579,0.6000000238418579,0,0.0,0.0
2005-10-06 00:00:00-04:00,0.6000000238418579,0.6000000238418579,0.6000000238418579,0.6000000238418579,700,0.0,0.0
2005-10-07 00:00:00-04:00,0.47999998927116394,0.47999998927116394,0.47999998927116394,0.47999998927116394,300,0.0,0.0
2005-10-10 00:00:00-04:00,0.47999998927116394,0.47999998927116394,0.47999998927116394,0.47999998927116394,1200,0.0,0.0
2005-10-11 00:00:00-04:00,0.47999998927116394,0.5,0.47999998927116394,0.5,6300,0.0,0.0
2005-10-12 00:00:00-04:00,0.5,0.5,0.5,0.5,0,0.0,0.0
2005-10-13 00:00:00-04:00,0.5,0.5,0.5,0.5,0,0.0,0.0
2005-10-14 00:00:00-04:00,0.5,0.5,0.5,0.5,0,0.0,0.0
2005-10-17 00:00:00-04:00,0.5,0.5,0.5,0.5,1300,0.0,0.0
2005-10-18 00:00:00-04:00,0.5,0.5,0.5,0.5,1000,0.0,0.0
2005-10-19 00:00:00-04:00,0.5699999928474426,0.6100000143051147,0.5699999928474426,0.6000000238418579,119600,0.0,0.0
2005-10-20 00:00:00-04:00,0.6499999761581421,0.6499999761581421,0.6000000238418579,0.6000000238418579,27200,0.0,0.0
2005-10-21 00:00:00-04:00,0.6000000238418579,0.6000000238418579,0.6000000238418579,0.6000000238418579,6000,0.0,0.0
2005-10-24 00:00:00-04:00,0.6000000238418579,0.6000000238418579,0.6000000238418579,0.6000000238418579,5000,0.0,0.0
2005-10-25 00:00:00-04:00,0.6000000238418579,0.6000000238418579,0.6000000238418579,0.6000000238418579,20100,0.0,0.0
2005-10-26 00:00:00-04:00,0.6000000238418579,0.6200000047683716,0.6000000238418579,0.6200000047683716,46000,0.0,0.0
2005-10-27 00:00:00-04:00,0.6000000238418579,0.6000000238418579,0.6000000238418579,0.6000000238418579,200,0.0,0.0
2005-10-28 00:00:00-04:00,0.6000000238418579,0.6000000238418579,0.6000000238418579,0.6000000238418579,1100,0.0,0.0
2005-10-31 00:00:00-05:00,0.6000000238418579,0.6000000238418579,0.6000000238418579,0.6000000238418579,0,0.0,0.0
2005-11-01 00:00:00-05:00,0.6000000238418579,0.6000000238418579,0.6000000238418579,0.6000000238418579,0,0.0,0.0
2005-11-02 00:00:00-05:00,0.6000000238418579,0.6000000238418579,0.6000000238418579,0.6000000238418579,700,0.0,0.0
2005-11-03 00:00:00-05:00,0.550000011920929,0.6000000238418579,0.550000011920929,0.6000000238418579,10900,0.0,0.0
2005-11-04 00:00:00-05:00,0.6000000238418579,0.6000000238418579,0.6000000238418579,0.6000000238418579,1000,0.0,0.0
2005-11-07 00:00:00-05:00,0.6000000238418579,0.6000000238418579,0.6000000238418579,0.6000000238418579,0,0.0,0.0
2005-11-08 00:00:00-05:00,0.5600000023841858,0.5600000023841858,0.5600000023841858,0.5600000023841858,700,0.0,0.0
2005-11-09 00:00:00-05:00,0.6000000238418579,0.6000000238418579,0.5600000023841858,0.5600000023841858,6800,0.0,0.0
2005-11-10 00:00:00-05:00,0.6000000238418579,0.6000000238418579,0.6000000238418579,0.6000000238418579,2500,0.0,0.0
2005-11-11 00:00:00-05:00,0.550000011920929,0.550000011920929,0.550000011920929,0.550000011920929,100,0.0,0.0
2005-11-14 00:00:00-05:00,0.550000011920929,0.550000011920929,0.550000011920929,0.550000011920929,0,0.0,0.0
2005-11-15 00:00:00-05:00,0.550000011920929,0.550000011920929,0.550000011920929,0.550000011920929,1500,0.0,0.0
2005-11-16 00:00:00-05:00,0.550000011920929,0.550000011920929,0.550000011920929,0.550000011920929,200,0.0,0.0
2005-11-17 00:00:00-05:00,0.550000011920929,0.550000011920929,0.550000011920929,0.550000011920929,100,0.0,0.0
2005-11-18 00:00:00-05:00,0.550000011920929,0.550000011920929,0.550000011920929,0.550000011920929,100,0.0,0.0
2005-11-21 00:00:00-05:00,0.550000011920929,0.550000011920929,0.550000011920929,0.550000011920929,2000,0.0,0.0
2005-11-22 00:00:00-05:00,0.5,0.5,0.5,0.5,100,0.0,0.0
2005-11-23 00:00:00-05:00,0.5,0.5,0.5,0.5,3000,0.0,0.0
2005-11-25 00:00:00-05:00,0.5099999904632568,0.5099999904632568,0.5099999904632568,0.5099999904632568,1300,0.0,0.0
2005-11-28 00:00:00-05:00,0.5099999904632568,0.5099999904632568,0.5099999904632568,0.5099999904632568,0,0.0,0.0
2005-11-29 00:00:00-05:00,0.5099999904632568,0.5099999904632568,0.5099999904632568,0.5099999904632568,0,0.0,0.0
2005-11-30 00:00:00-05:00,0.5799999833106995,0.5799999833106995,0.5799999833106995,0.5799999833106995,2500,0.0,0.0
2005-12-01 00:00:00-05:00,0.5799999833106995,0.5799999833106995,0.5799999833106995,0.5799999833106995,22500,0.0,0.0
2005-12-02 00:00:00-05:00,0.5799999833106995,0.6000000238418579,0.5799999833106995,0.5799999833106995,20000,0.0,0.0
2005-12-05 00:00:00-05:00,0.6000000238418579,0.699999988079071,0.6000000238418579,0.699999988079071,5500,0.0,0.0
2005-12-06 00:00:00-05:00,0.699999988079071,0.699999988079071,0.6499999761581421,0.699999988079071,69900,0.0,0.0
2005-12-07 00:00:00-05:00,0.6800000071525574,0.6800000071525574,0.5899999737739563,0.6200000047683716,43200,0.0,0.0
2005-12-08 00:00:00-05:00,0.6200000047683716,0.6200000047683716,0.6000000238418579,0.6200000047683716,24200,0.0,0.0
2005-12-09 00:00:00-05:00,0.6000000238418579,0.6200000047683716,0.6000000238418579,0.6200000047683716,35000,0.0,0.0
2005-12-12 00:00:00-05:00,0.5899999737739563,0.5899999737739563,0.5199999809265137,0.5799999833106995,19300,0.0,0.0
2005-12-13 00:00:00-05:00,0.5199999809265137,0.550000011920929,0.4699999988079071,0.550000011920929,95000,0.0,0.0
2005-12-14 00:00:00-05:00,0.5600000023841858,0.5600000023841858,0.5,0.5,22500,0.0,0.0
2005-12-15 00:00:00-05:00,0.550000011920929,0.550000011920929,0.5,0.5,30000,0.0,0.0
2005-12-16 00:00:00-05:00,0.5,0.6000000238418579,0.5,0.5,12800,0.0,0.0
2005-12-19 00:00:00-05:00,0.49000000953674316,0.5,0.46000000834465027,0.5,27300,0.0,0.0
2005-12-20 00:00:00-05:00,0.5,0.5899999737739563,0.5,0.5099999904632568,33300,0.0,0.0
2005-12-21 00:00:00-05:00,0.5299999713897705,0.5299999713897705,0.47999998927116394,0.47999998927116394,25500,0.0,0.0
2005-12-22 00:00:00-05:00,0.5400000214576721,0.5400000214576721,0.47999998927116394,0.47999998927116394,14300,0.0,0.0
2005-12-23 00:00:00-05:00,0.47999998927116394,0.47999998927116394,0.47999998927116394,0.47999998927116394,0,0.0,0.0
2005-12-27 00:00:00-05:00,0.5,0.5,0.5,0.5,3100,0.0,0.0
2005-12-28 00:00:00-05:00,0.5,0.5,0.5,0.5,0,0.0,0.0
2005-12-29 00:00:00-05:00,0.5,0.5,0.5,0.5,200,0.0,0.0
2005-12-30 00:00:00-05:00,0.5,0.550000011920929,0.5,0.550000011920929,3500,0.0,0.0
2006-01-03 00:00:00-05:00,0.5,0.5,0.5,0.5,12000,0.0,0.0
2006-01-04 00:00:00-05:00,0.5,0.5,0.5,0.5,0,0.0,0.0
2006-01-05 00:00:00-05:00,0.5,0.5,0.5,0.5,0,0.0,0.0
2006-01-06 00:00:00-05:00,0.550000011920929,0.550000011920929,0.550000011920929,0.550000011920929,14100,0.0,0.0
2006-01-09 00:00:00-05:00,0.550000011920929,0.550000011920929,0.550000011920929,0.550000011920929,0,0.0,0.0
2006-01-10 00:00:00-05:00,0.550000011920929,0.550000011920929,0.550000011920929,0.550000011920929,20000,0.0,0.0
2006-01-11 00:00:00-05:00,0.550000011920929,0.550000011920929,0.550000011920929,0.550000011920929,31700,0.0,0.0
2006-01-12 00:00:00-05:00,0.5799999833106995,0.5799999833106995,0.5799999833106995,0.5799999833106995,5000,0.0,0.0
2006-01-13 00:00:00-05:00,0.550000011920929,0.550000011920929,0.550000011920929,0.550000011920929,4400,0.0,0.0
2006-01-17 00:00:00-05:00,0.550000011920929,0.550000011920929,0.550000011920929,0.550000011920929,0,0.0,0.0
2006-01-18 00:00:00-05:00,0.5099999904632568,0.5099999904632568,0.5099999904632568,0.5099999904632568,12300,0.0,0.0
2006-01-19 00:00:00-05:00,0.5099999904632568,0.5099999904632568,0.5099999904632568,0.5099999904632568,1000,0.0,0.0
2006-01-20 00:00:00-05:00,0.5099999904632568,0.5099999904632568,0.5099999904632568,0.5099999904632568,1700,0.0,0.0
2006-01-23 00:00:00-05:00,0.5099999904632568,0.5099999904632568,0.5099999904632568,0.5099999904632568,1000,0.0,0.0
2006-01-24 00:00:00-05:00,0.5099999904632568,0.5099999904632568,0.5099999904632568,0.5099999904632568,1000,0.0,0.0
2006-01-25 00:00:00-05:00,0.5099999904632568,0.5099999904632568,0.5099999904632568,0.5099999904632568,0,0.0,0.0
2006-01-26 00:00:00-05:00,0.5799999833106995,0.5799999833106995,0.5099999904632568,0.5099999904632568,2200,0.0,0.0
2006-01-27 00:00:00-05:00,0.5099999904632568,0.5199999809265137,0.5099999904632568,0.5199999809265137,19700,0.0,0.0
2006-01-30 00:00:00-05:00,0.5299999713897705,0.5299999713897705,0.5299999713897705,0.5299999713897705,1500,0.0,0.0
2006-01-31 00:00:00-05:00,0.5299999713897705,0.5299999713897705,0.5099999904632568,0.5099999904632568,300,0.0,0.0
2006-02-01 00:00:00-05:00,0.5099999904632568,0.5099999904632568,0.5099999904632568,0.5099999904632568,0,0.0,0.0
2006-02-02 00:00:00-05:00,0.5099999904632568,0.550000011920929,0.5099999904632568,0.550000011920929,7600,0.0,0.0
2006-02-03 00:00:00-05:00,0.5799999833106995,0.6000000238418579,0.5799999833106995,0.6000000238418579,25500,0.0,0.0
2006-02-06 00:00:00-05:00,0.6000000238418579,0.6000000238418579,0.6000000238418579,0.6000000238418579,22000,0.0,0.0
2006-02-07 00:00:00-05:00,0.6499999761581421,0.6499999761581421,0.6499999761581421,0.6499999761581421,200,0.0,0.0
2006-02-08 00:00:00-05:00,0.6000000238418579,0.6000000238418579,0.550000011920929,0.550000011920929,9100,0.0,0.0
2006-02-09 00:00:00-05:00,0.5799999833106995,0.6000000238418579,0.5099999904632568,0.5600000023841858,29200,0.0,0.0
2006-02-10 00:00:00-05:00,0.5600000023841858,0.6000000238418579,0.5600000023841858,0.6000000238418579,3500,0.0,0.0
2006-02-13 00:00:00-05:00,0.5099999904632568,0.6000000238418579,0.5099999904632568,0.6000000238418579,17700,0.0,0.0
2006-02-14 00:00:00-05:00,0.5099999904632568,0.5099999904632568,0.5,0.5,187000,0.0,0.0
2006-02-15 00:00:00-05:00,0.5,0.5,0.44999998807907104,0.44999998807907104,1000,0.0,0.0
2006-02-16 00:00:00-05:00,0.44999998807907104,0.44999998807907104,0.44999998807907104,0.44999998807907104,0,0.0,0.0
2006-02-17 00:00:00-05:00,0.550000011920929,0.550000011920929,0.550000011920929,0.550000011920929,5200,0.0,0.0
2006-02-21 00:00:00-05:00,0.5799999833106995,0.5799999833106995,0.5799999833106995,0.5799999833106995,500,0.0,0.0
2006-02-22 00:00:00-05:00,0.47999998927116394,0.5600000023841858,0.47999998927116394,0.47999998927116394,5000,0.0,0.0
2006-02-23 00:00:00-05:00,0.550000011920929,0.6800000071525574,0.550000011920929,0.6800000071525574,37000,0.0,0.0
2006-02-24 00:00:00-05:00,0.5799999833106995,0.6000000238418579,0.5699999928474426,0.5699999928474426,2900,0.0,0.0
2006-02-27 00:00:00-05:00,0.6000000238418579,0.6000000238418579,0.5899999737739563,0.6000000238418579,31000,0.0,0.0
2006-02-28 00:00:00-05:00,0.6399999856948853,0.6399999856948853,0.44999998807907104,0.5299999713897705,55200,0.0,0.0
2006-03-01 00:00:00-05:00,0.5799999833106995,0.5799999833106995,0.5799999833106995,0.5799999833106995,3400,0.0,0.0
2006-03-02 00:00:00-05:00,0.5799999833106995,0.5799999833106995,0.5799999833106995,0.5799999833106995,12500,0.0,0.0
2006-03-03 00:00:00-05:00,0.5799999833106995,0.5799999833106995,0.5799999833106995,0.5799999833106995,0,0.0,0.0
2006-03-06 00:00:00-05:00,0.5799999833106995,0.6399999856948853,0.5799999833106995,0.6000000238418579,37800,0.0,0.0
2006-03-07 00:00:00-05:00,0.6000000238418579,0.6000000238418579,0.46000000834465027,0.5600000023841858,45500,0.0,0.0
2006-03-08 00:00:00-05:00,0.6000000238418579,0.6000000238418579,0.6000000238418579,0.6000000238418579,5500,0.0,0.0
2006-03-09 00:00:00-05:00,0.6000000238418579,0.6000000238418579,0.6000000238418579,0.6000000238418579,0,0.0,0.0
2006-03-10 00:00:00-05:00,0.6000000238418579,0.6000000238418579,0.6000000238418579,0.6000000238418579,0,0.0,0.0
2006-03-13 00:00:00-05:00,0.6000000238418579,0.6000000238418579,0.6000000238418579,0.6000000238418579,0,0.0,0.0
2006-03-14 00:00:00-05:00,0.6000000238418579,0.6000000238418579,0.6000000238418579,0.6000000238418579,2200,0.0,0.0
2006-03-15 00:00:00-05:00,0.5799999833106995,0.5799999833106995,0.5099999904632568,0.5400000214576721,11800,0.0,0.0
2006-03-16 00:00:00-05:00,0.5299999713897705,0.5299999713897705,0.5299999713897705,0.5299999713897705,3000,0.0,0.0
2006-03-17 00:00:00-05:00,0.5400000214576721,0.5400000214576721,0.5400000214576721,0.5400000214576721,10000,0.0,0.0
2006-03-20 00:00:00-05:00,0.5899999737739563,0.5899999737739563,0.5600000023841858,0.5600000023841858,7000,0.0,0.0
2006-03-21 00:00:00-05:00,0.5600000023841858,0.5600000023841858,0.5600000023841858,0.5600000023841858,0,0.0,0.0
2006-03-22 00:00:00-05:00,0.6000000238418579,0.6100000143051147,0.6000000238418579,0.6100000143051147,12500,0.0,0.0
2006-03-23 00:00:00-05:00,0.6100000143051147,0.6100000143051147,0.6100000143051147,0.6100000143051147,0,0.0,0.0
2006-03-24 00:00:00-05:00,0.550000011920929,0.550000011920929,0.550000011920929,0.550000011920929,1000,0.0,0.0
2006-03-27 00:00:00-05:00,0.6100000143051147,0.6100000143051147,0.6000000238418579,0.6100000143051147,31800,0.0,0.0
2006-03-28 00:00:00-05:00,0.6100000143051147,0.6399999856948853,0.550000011920929,0.6100000143051147,20600,0.0,0.0
2006-03-29 00:00:00-05:00,0.6200000047683716,0.6200000047683716,0.550000011920929,0.6000000238418579,14100,0.0,0.0
2006-03-30 00:00:00-05:00,0.6100000143051147,0.6800000071525574,0.6100000143051147,0.6100000143051147,80100,0.0,0.0
2006-03-31 00:00:00-05:00,0.6100000143051147,0.6100000143051147,0.6100000143051147,0.6100000143051147,1300,0.0,0.0
2006-04-03 00:00:00-04:00,0.6800000071525574,0.699999988079071,0.6800000071525574,0.699999988079071,17000,0.0,0.0
2006-04-04 00:00:00-04:00,0.699999988079071,0.800000011920929,0.699999988079071,0.7699999809265137,40600,0.0,0.0
2006-04-05 00:00:00-04:00,0.7699999809265137,0.7699999809265137,0.699999988079071,0.699999988079071,7900,0.0,0.0
2006-04-06 00:00:00-04:00,0.699999988079071,0.699999988079071,0.6000000238418579,0.6000000238418579,17200,0.0,0.0
2006-04-07 00:00:00-04:00,0.6000000238418579,0.6000000238418579,0.6000000238418579,0.6000000238418579,0,0.0,0.0
2006-04-10 00:00:00-04:00,0.6100000143051147,0.699999988079071,0.6100000143051147,0.699999988079071,6100,0.0,0.0
2006-04-11 00:00:00-04:00,0.699999988079071,0.699999988079071,0.6100000143051147,0.6899999976158142,9200,0.0,0.0
2006-04-12 00:00:00-04:00,0.6100000143051147,0.800000011920929,0.6100000143051147,0.800000011920929,14600,0.0,0.0
2006-04-13 00:00:00-04:00,0.699999988079071,0.699999988079071,0.6000000238418579,0.6200000047683716,25000,0.0,0.0
2006-04-17 00:00:00-04:00,0.6499999761581421,0.6499999761581421,0.6100000143051147,0.6100000143051147,7000,0.0,0.0
2006-04-18 00:00:00-04:00,0.7099999785423279,0.7099999785423279,0.6000000238418579,0.6000000238418579,89400,0.0,0.0
2006-04-19 00:00:00-04:00,0.6000000238418579,0.6000000238418579,0.5099999904632568,0.6000000238418579,65500,0.0,0.0
2006-04-20 00:00:00-04:00,0.550000011920929,0.6000000238418579,0.550000011920929,0.6000000238418579,86600,0.0,0.0
2006-04-21 00:00:00-04:00,0.6000000238418579,0.6000000238418579,0.6000000238418579,0.6000000238418579,26000,0.0,0.0
2006-04-24 00:00:00-04:00,0.5299999713897705,0.6499999761581421,0.5299999713897705,0.6499999761581421,27700,0.0,0.0
2006-04-25 00:00:00-04:00,0.6499999761581421,0.800000011920929,0.6499999761581421,0.6499999761581421,20900,0.0,0.0
2006-04-26 00:00:00-04:00,0.7300000190734863,0.75,0.7300000190734863,0.75,25000,0.0,0.0
2006-04-27 00:00:00-04:00,0.75,0.7699999809265137,0.75,0.75,25000,0.0,0.0
2006-04-28 00:00:00-04:00,0.699999988079071,0.7099999785423279,0.6600000262260437,0.6700000166893005,33600,0.0,0.0
2006-05-01 00:00:00-04:00,0.6700000166893005,0.699999988079071,0.6700000166893005,0.699999988079071,29700,0.0,0.0
2006-05-02 00:00:00-04:00,0.699999988079071,0.699999988079071,0.699999988079071,0.699999988079071,9700,0.0,0.0
2006-05-03 00:00:00-04:00,0.6700000166893005,0.6700000166893005,0.6600000262260437,0.6600000262260437,27000,0.0,0.0
2006-05-04 00:00:00-04:00,0.6600000262260437,0.6800000071525574,0.6499999761581421,0.6499999761581421,43500,0.0,0.0
2006-05-05 00:00:00-04:00,0.6200000047683716,0.6299999952316284,0.6200000047683716,0.6200000047683716,59500,0.0,0.0
2006-05-08 00:00:00-04:00,0.6100000143051147,0.6700000166893005,0.6100000143051147,0.6499999761581421,57700,0.0,0.0
2006-05-09 00:00:00-04:00,0.6499999761581421,0.6499999761581421,0.6200000047683716,0.6499999761581421,49300,0.0,0.0
2006-05-10 00:00:00-04:00,0.699999988079071,0.699999988079071,0.699999988079071,0.699999988079071,10000,0.0,0.0
2006-05-11 00:00:00-04:00,0.7200000286102295,0.7200000286102295,0.6600000262260437,0.6600000262260437,29700,0.0,0.0
2006-05-12 00:00:00-04:00,0.699999988079071,0.699999988079071,0.6600000262260437,0.6600000262260437,600,0.0,0.0
2006-05-15 00:00:00-04:00,0.699999988079071,0.699999988079071,0.699999988079071,0.699999988079071,10000,0.0,0.0
2006-05-16 00:00:00-04:00,0.6800000071525574,0.6800000071525574,0.6800000071525574,0.6800000071525574,2800,0.0,0.0
2006-05-17 00:00:00-04:00,0.6800000071525574,0.6800000071525574,0.6800000071525574,0.6800000071525574,300,0.0,0.0
2006-05-18 00:00:00-04:00,0.6800000071525574,0.699999988079071,0.6800000071525574,0.699999988079071,10000,0.0,0.0
2006-05-19 00:00:00-04:00,0.6800000071525574,0.6800000071525574,0.6800000071525574,0.6800000071525574,5500,0.0,0.0
2006-05-22 00:00:00-04:00,0.699999988079071,0.699999988079071,0.6800000071525574,0.699999988079071,25000,0.0,0.0
2006-05-23 00:00:00-04:00,0.699999988079071,0.699999988079071,0.699999988079071,0.699999988079071,17500,0.0,0.0
2006-05-24 00:00:00-04:00,0.699999988079071,0.699999988079071,0.699999988079071,0.699999988079071,32800,0.0,0.0
2006-05-25 00:00:00-04:00,0.699999988079071,0.75,0.699999988079071,0.75,23100,0.0,0.0
2006-05-26 00:00:00-04:00,0.75,0.75,0.75,0.75,0,0.0,0.0
2006-05-30 00:00:00-04:00,0.6800000071525574,0.7200000286102295,0.6800000071525574,0.6800000071525574,10300,0.0,0.0
2006-05-31 00:00:00-04:00,0.6800000071525574,0.6800000071525574,0.6800000071525574,0.6800000071525574,5000,0.0,0.0
2006-06-01 00:00:00-04:00,0.6800000071525574,0.699999988079071,0.6800000071525574,0.699999988079071,35000,0.0,0.0
2006-06-02 00:00:00-04:00,0.699999988079071,0.699999988079071,0.6700000166893005,0.699999988079071,32000,0.0,0.0
2006-06-05 00:00:00-04:00,0.699999988079071,0.699999988079071,0.6499999761581421,0.6800000071525574,53500,0.0,0.0
2006-06-06 00:00:00-04:00,0.6800000071525574,0.75,0.6800000071525574,0.75,25800,0.0,0.0
2006-06-07 00:00:00-04:00,0.699999988079071,0.699999988079071,0.6499999761581421,0.6499999761581421,12800,0.0,0.0
2006-06-08 00:00:00-04:00,0.6499999761581421,0.6499999761581421,0.6499999761581421,0.6499999761581421,0,0.0,0.0
2006-06-09 00:00:00-04:00,0.6499999761581421,0.6499999761581421,0.6499999761581421,0.6499999761581421,0,0.0,0.0
2006-06-12 00:00:00-04:00,0.699999988079071,0.699999988079071,0.6499999761581421,0.699999988079071,22500,0.0,0.0
2006-06-13 00:00:00-04:00,0.6499999761581421,0.6499999761581421,0.6499999761581421,0.6499999761581421,3000,0.0,0.0
2006-06-14 00:00:00-04:00,0.6899999976158142,0.6899999976158142,0.6899999976158142,0.6899999976158142,200,0.0,0.0
2006-06-15 00:00:00-04:00,0.6600000262260437,0.6800000071525574,0.6200000047683716,0.6800000071525574,11400,0.0,0.0
2006-06-16 00:00:00-04:00,0.550000011920929,0.6800000071525574,0.550000011920929,0.6800000071525574,26200,0.0,0.0
2006-06-19 00:00:00-04:00,0.4000000059604645,0.6000000238418579,0.4000000059604645,0.6000000238418579,49400,0.0,0.0
2006-06-20 00:00:00-04:00,0.6800000071525574,0.6800000071525574,0.6499999761581421,0.6499999761581421,2200,0.0,0.0
2006-06-21 00:00:00-04:00,0.6499999761581421,0.699999988079071,0.6200000047683716,0.699999988079071,24400,0.0,0.0
2006-06-22 00:00:00-04:00,0.6000000238418579,0.6000000238418579,0.6000000238418579,0.6000000238418579,9000,0.0,0.0
2006-06-23 00:00:00-04:00,0.6200000047683716,0.6499999761581421,0.6000000238418579,0.6000000238418579,35500,0.0,0.0
2006-06-26 00:00:00-04:00,0.6000000238418579,0.6000000238418579,0.6000000238418579,0.6000000238418579,10000,0.0,0.0
2006-06-27 00:00:00-04:00,0.6399999856948853,0.6399999856948853,0.6399999856948853,0.6399999856948853,300,0.0,0.0
2006-06-28 00:00:00-04:00,0.6000000238418579,0.6000000238418579,0.6000000238418579,0.6000000238418579,2000,0.0,0.0
2006-06-29 00:00:00-04:00,0.5600000023841858,0.5600000023841858,0.5600000023841858,0.5600000023841858,20000,0.0,0.0
2006-06-30 00:00:00-04:00,0.6000000238418579,0.6000000238418579,0.6000000238418579,0.6000000238418579,2000,0.0,0.0
2006-07-03 00:00:00-04:00,0.6000000238418579,0.6000000238418579,0.6000000238418579,0.6000000238418579,0,0.0,0.0
2006-07-05 00:00:00-04:00,0.5199999809265137,0.5199999809265137,0.47999998927116394,0.47999998927116394,2500,0.0,0.0
2006-07-06 00:00:00-04:00,0.5199999809265137,0.5199999809265137,0.5099999904632568,0.5099999904632568,7500,0.0,0.0
2006-07-07 00:00:00-04:00,0.5099999904632568,0.5299999713897705,0.5099999904632568,0.5299999713897705,8100,0.0,0.0
2006-07-10 00:00:00-04:00,0.5099999904632568,0.5299999713897705,0.5099999904632568,0.5099999904632568,12300,0.0,0.0
2006-07-11 00:00:00-04:00,0.5099999904632568,0.5299999713897705,0.5099999904632568,0.5199999809265137,28000,0.0,0.0
2006-07-12 00:00:00-04:00,0.5199999809265137,0.5600000023841858,0.5199999809265137,0.5600000023841858,15000,0.0,0.0
2006-07-13 00:00:00-04:00,0.5299999713897705,0.5299999713897705,0.5099999904632568,0.5099999904632568,29300,0.0,0.0
2006-07-14 00:00:00-04:00,0.5299999713897705,0.5299999713897705,0.5099999904632568,0.5099999904632568,10200,0.0,0.0
2006-07-17 00:00:00-04:00,0.5099999904632568,0.5099999904632568,0.5099999904632568,0.5099999904632568,0,0.0,0.0
2006-07-18 00:00:00-04:00,0.5099999904632568,0.5099999904632568,0.5099999904632568,0.5099999904632568,5000,0.0,0.0
2006-07-19 00:00:00-04:00,0.5099999904632568,0.5099999904632568,0.47999998927116394,0.47999998927116394,8500,0.0,0.0
2006-07-20 00:00:00-04:00,0.5099999904632568,0.5099999904632568,0.5099999904632568,0.5099999904632568,3500,0.0,0.0
2006-07-21 00:00:00-04:00,0.5099999904632568,0.5099999904632568,0.5099999904632568,0.5099999904632568,5000,0.0,0.0
2006-07-24 00:00:00-04:00,0.5,0.5199999809265137,0.5,0.5099999904632568,20100,0.0,0.0
2006-07-25 00:00:00-04:00,0.5,0.5,0.5,0.5,4000,0.0,0.0
2006-07-26 00:00:00-04:00,0.5199999809265137,0.5199999809265137,0.5099999904632568,0.5099999904632568,45000,0.0,0.0
2006-07-27 00:00:00-04:00,0.5,0.5099999904632568,0.5,0.5,54300,0.0,0.0
2006-07-28 00:00:00-04:00,0.5,0.5,0.5,0.5,0,0.0,0.0
2006-07-31 00:00:00-04:00,0.49000000953674316,0.5,0.49000000953674316,0.5,16400,0.0,0.0
2006-08-01 00:00:00-04:00,0.49000000953674316,0.49000000953674316,0.47999998927116394,0.49000000953674316,46900,0.0,0.0
2006-08-02 00:00:00-04:00,0.49000000953674316,0.49000000953674316,0.49000000953674316,0.49000000953674316,0,0.0,0.0
2006-08-03 00:00:00-04:00,0.49000000953674316,0.49000000953674316,0.49000000953674316,0.49000000953674316,0,0.0,0.0
2006-08-04 00:00:00-04:00,0.5,0.5099999904632568,0.41999998688697815,0.5,62500,0.0,0.0
2006-08-07 00:00:00-04:00,0.44999998807907104,0.49000000953674316,0.44999998807907104,0.49000000953674316,8000,0.0,0.0
2006-08-08 00:00:00-04:00,0.44999998807907104,0.44999998807907104,0.44999998807907104,0.44999998807907104,10000,0.0,0.0
2006-08-09 00:00:00-04:00,0.4300000071525574,0.4300000071525574,0.4300000071525574,0.4300000071525574,10900,0.0,0.0
2006-08-10 00:00:00-04:00,0.4399999976158142,0.4399999976158142,0.4399999976158142,0.4399999976158142,5000,0.0,0.0
2006-08-11 00:00:00-04:00,0.44999998807907104,0.5,0.44999998807907104,0.5,5000,0.0,0.0
2006-08-14 00:00:00-04:00,0.47999998927116394,0.47999998927116394,0.46000000834465027,0.47999998927116394,26300,0.0,0.0
2006-08-15 00:00:00-04:00,0.47999998927116394,0.47999998927116394,0.4399999976158142,0.44999998807907104,82500,0.0,0.0
2006-08-16 00:00:00-04:00,0.44999998807907104,0.44999998807907104,0.41999998688697815,0.4300000071525574,49400,0.0,0.0
2006-08-17 00:00:00-04:00,0.4300000071525574,0.4300000071525574,0.3799999952316284,0.3799999952316284,48500,0.0,0.0
2006-08-18 00:00:00-04:00,0.4000000059604645,0.4000000059604645,0.3799999952316284,0.4000000059604645,63600,0.0,0.0
2006-08-21 00:00:00-04:00,0.44999998807907104,0.44999998807907104,0.4000000059604645,0.4000000059604645,8000,0.0,0.0
2006-08-22 00:00:00-04:00,0.4000000059604645,0.4000000059604645,0.4000000059604645,0.4000000059604645,8000,0.0,0.0
2006-08-23 00:00:00-04:00,0.4000000059604645,0.4000000059604645,0.4000000059604645,0.4000000059604645,5200,0.0,0.0
2006-08-24 00:00:00-04:00,0.44999998807907104,0.44999998807907104,0.4300000071525574,0.4300000071525574,46000,0.0,0.0
2006-08-25 00:00:00-04:00,0.4000000059604645,0.47999998927116394,0.4000000059604645,0.44999998807907104,6200,0.0,0.0
2006-08-28 00:00:00-04:00,0.4000000059604645,0.4000000059604645,0.4000000059604645,0.4000000059604645,5000,0.0,0.0
2006-08-29 00:00:00-04:00,0.4000000059604645,0.4000000059604645,0.4000000059604645,0.4000000059604645,5000,0.0,0.0
2006-08-30 00:00:00-04:00,0.4099999964237213,0.4300000071525574,0.4099999964237213,0.4300000071525574,18700,0.0,0.0
2006-08-31 00:00:00-04:00,0.4300000071525574,0.4300000071525574,0.4300000071525574,0.4300000071525574,24000,0.0,0.0
2006-09-01 00:00:00-04:00,0.4300000071525574,0.4300000071525574,0.4300000071525574,0.4300000071525574,40000,0.0,0.0
2006-09-05 00:00:00-04:00,0.41999998688697815,0.4300000071525574,0.4099999964237213,0.4099999964237213,35000,0.0,0.0
2006-09-06 00:00:00-04:00,0.4300000071525574,0.4300000071525574,0.3799999952316284,0.4000000059604645,33700,0.0,0.0
2006-09-07 00:00:00-04:00,0.41999998688697815,0.41999998688697815,0.4000000059604645,0.4000000059604645,12100,0.0,0.0
2006-09-08 00:00:00-04:00,0.4000000059604645,0.41999998688697815,0.4000000059604645,0.41999998688697815,25600,0.0,0.0
2006-09-11 00:00:00-04:00,0.4000000059604645,0.4000000059604645,0.38999998569488525,0.38999998569488525,13800,0.0,0.0
2006-09-12 00:00:00-04:00,0.4099999964237213,0.4099999964237213,0.38999998569488525,0.4000000059604645,14400,0.0,0.0
2006-09-13 00:00:00-04:00,0.38999998569488525,0.4099999964237213,0.38999998569488525,0.4000000059604645,16000,0.0,0.0
2006-09-14 00:00:00-04:00,0.4000000059604645,0.4000000059604645,0.38999998569488525,0.38999998569488525,5500,0.0,0.0
2006-09-15 00:00:00-04:00,0.4000000059604645,0.41999998688697815,0.4000000059604645,0.4099999964237213,77000,0.0,0.0
2006-09-18 00:00:00-04:00,0.4000000059604645,0.4000000059604645,0.4000000059604645,0.4000000059604645,200,0.0,0.0
2006-09-19 00:00:00-04:00,0.4000000059604645,0.4000000059604645,0.4000000059604645,0.4000000059604645,0,0.0,0.0
2006-09-20 00:00:00-04:00,0.4000000059604645,0.4099999964237213,0.4000000059604645,0.4099999964237213,41000,0.0,0.0
2006-09-21 00:00:00-04:00,0.4000000059604645,0.4099999964237213,0.4000000059604645,0.4099999964237213,41000,0.0,0.0
2006-09-22 00:00:00-04:00,0.4000000059604645,0.41999998688697815,0.4000000059604645,0.4000000059604645,34900,0.0,0.0
2006-09-25 00:00:00-04:00,0.4000000059604645,0.4099999964237213,0.3499999940395355,0.38999998569488525,52200,0.0,0.0
2006-09-26 00:00:00-04:00,0.3700000047683716,0.4000000059604645,0.3700000047683716,0.4000000059604645,34300,0.0,0.0
2006-09-27 00:00:00-04:00,0.41999998688697815,0.41999998688697815,0.41999998688697815,0.41999998688697815,58400,0.0,0.0
2006-09-28 00:00:00-04:00,0.3799999952316284,0.3799999952316284,0.3799999952316284,0.3799999952316284,900,0.0,0.0
2006-09-29 00:00:00-04:00,0.3799999952316284,0.3799999952316284,0.3799999952316284,0.3799999952316284,0,0.0,0.0
2006-10-02 00:00:00-04:00,0.3799999952316284,0.3799999952316284,0.3799999952316284,0.3799999952316284,0,0.0,0.0
2006-10-03 00:00:00-04:00,0.3799999952316284,0.3799999952316284,0.3799999952316284,0.3799999952316284,700,0.0,0.0
2006-10-04 00:00:00-04:00,0.3799999952316284,0.3799999952316284,0.3799999952316284,0.3799999952316284,1000,0.0,0.0
2006-10-05 00:00:00-04:00,0.41999998688697815,0.41999998688697815,0.41999998688697815,0.41999998688697815,2000,0.0,0.0
2006-10-06 00:00:00-04:00,0.41999998688697815,0.41999998688697815,0.41999998688697815,0.41999998688697815,0,0.0,0.0
2006-10-09 00:00:00-04:00,0.41999998688697815,0.41999998688697815,0.41999998688697815,0.41999998688697815,2000,0.0,0.0
2006-10-10 00:00:00-04:00,0.41999998688697815,0.41999998688697815,0.41999998688697815,0.41999998688697815,0,0.0,0.0
2006-10-11 00:00:00-04:00,0.38999998569488525,0.38999998569488525,0.38999998569488525,0.38999998569488525,8000,0.0,0.0
2006-10-12 00:00:00-04:00,0.38999998569488525,0.38999998569488525,0.38999998569488525,0.38999998569488525,8000,0.0,0.0
2006-10-13 00:00:00-04:00,0.38999998569488525,0.38999998569488525,0.38999998569488525,0.38999998569488525,0,0.0,0.0
2006-10-16 00:00:00-04:00,0.38999998569488525,0.38999998569488525,0.38999998569488525,0.38999998569488525,0,0.0,0.0
2006-10-17 00:00:00-04:00,0.38999998569488525,0.38999998569488525,0.38999998569488525,0.38999998569488525,0,0.0,0.0
2006-10-18 00:00:00-04:00,0.4000000059604645,0.4000000059604645,0.38999998569488525,0.38999998569488525,36500,0.0,0.0
2006-10-19 00:00:00-04:00,0.38999998569488525,0.5199999809265137,0.38999998569488525,0.4300000071525574,85700,0.0,0.0
2006-10-20 00:00:00-04:00,0.5199999809265137,0.5199999809265137,0.5199999809265137,0.5199999809265137,13500,0.0,0.0
2006-10-23 00:00:00-04:00,0.49000000953674316,0.49000000953674316,0.46000000834465027,0.46000000834465027,15400,0.0,0.0
2006-10-24 00:00:00-04:00,0.4300000071525574,0.47999998927116394,0.4300000071525574,0.47999998927116394,6500,0.0,0.0
2006-10-25 00:00:00-04:00,0.47999998927116394,0.5199999809265137,0.47999998927116394,0.5199999809265137,8000,0.0,0.0
2006-10-26 00:00:00-04:00,0.5199999809265137,0.5199999809265137,0.5199999809265137,0.5199999809265137,37200,0.0,0.0
2006-10-27 00:00:00-04:00,0.5199999809265137,0.5400000214576721,0.5199999809265137,0.5199999809265137,1700,0.0,0.0
2006-10-30 00:00:00-05:00,0.5199999809265137,0.5199999809265137,0.47999998927116394,0.47999998927116394,21000,0.0,0.0
2006-10-31 00:00:00-05:00,0.5199999809265137,0.5199999809265137,0.5199999809265137,0.5199999809265137,20100,0.0,0.0
2006-11-01 00:00:00-05:00,0.5199999809265137,0.5199999809265137,0.47999998927116394,0.47999998927116394,15000,0.0,0.0
2006-11-02 00:00:00-05:00,0.5,0.5,0.4699999988079071,0.4699999988079071,10700,0.0,0.0
2006-11-03 00:00:00-05:00,0.4699999988079071,0.4699999988079071,0.4699999988079071,0.4699999988079071,7000,0.0,0.0
2006-11-06 00:00:00-05:00,0.4300000071525574,0.550000011920929,0.4300000071525574,0.550000011920929,2400,0.0,0.0
2006-11-07 00:00:00-05:00,0.4300000071525574,0.4300000071525574,0.4300000071525574,0.4300000071525574,500,0.0,0.0
2006-11-08 00:00:00-05:00,0.4300000071525574,0.550000011920929,0.4300000071525574,0.550000011920929,32600,0.0,0.0
2006-11-09 00:00:00-05:00,0.5699999928474426,0.5699999928474426,0.5099999904632568,0.550000011920929,27400,0.0,0.0
2006-11-10 00:00:00-05:00,0.550000011920929,0.5699999928474426,0.550000011920929,0.550000011920929,25000,0.0,0.0
2006-11-13 00:00:00-05:00,0.550000011920929,0.5899999737739563,0.550000011920929,0.5899999737739563,34000,0.0,0.0
2006-11-14 00:00:00-05:00,0.5699999928474426,0.5699999928474426,0.5699999928474426,0.5699999928474426,3400,0.0,0.0
2006-11-15 00:00:00-05:00,0.5699999928474426,0.5699999928474426,0.5099999904632568,0.550000011920929,23100,0.0,0.0
2006-11-16 00:00:00-05:00,0.5099999904632568,0.5099999904632568,0.47999998927116394,0.47999998927116394,12000,0.0,0.0
2006-11-17 00:00:00-05:00,0.550000011920929,0.550000011920929,0.550000011920929,0.550000011920929,5000,0.0,0.0
2006-11-20 00:00:00-05:00,0.5299999713897705,0.550000011920929,0.5299999713897705,0.550000011920929,24000,0.0,0.0
2006-11-21 00:00:00-05:00,0.5400000214576721,0.5400000214576721,0.5400000214576721,0.5400000214576721,2000,0.0,0.0
2006-11-22 00:00:00-05:00,0.5400000214576721,0.5400000214576721,0.5400000214576721,0.5400000214576721,22800,0.0,0.0
2006-11-24 00:00:00-05:00,0.5400000214576721,0.5400000214576721,0.5400000214576721,0.5400000214576721,4300,0.0,0.0
2006-11-27 00:00:00-05:00,0.550000011920929,0.550000011920929,0.5400000214576721,0.5400000214576721,33000,0.0,0.0
2006-11-28 00:00:00-05:00,0.5299999713897705,0.5299999713897705,0.5299999713897705,0.5299999713897705,5000,0.0,0.0
2006-11-29 00:00:00-05:00,0.5099999904632568,0.5099999904632568,0.5099999904632568,0.5099999904632568,10100,0.0,0.0
2006-11-30 00:00:00-05:00,0.5199999809265137,0.550000011920929,0.5199999809265137,0.550000011920929,27500,0.0,0.0
2006-12-01 00:00:00-05:00,0.550000011920929,0.550000011920929,0.5299999713897705,0.5400000214576721,27500,0.0,0.0
2006-12-04 00:00:00-05:00,0.5400000214576721,0.550000011920929,0.5099999904632568,0.5099999904632568,38000,0.0,0.0
2006-12-05 00:00:00-05:00,0.5099999904632568,0.5099999904632568,0.5,0.5,28600,0.0,0.0
2006-12-06 00:00:00-05:00,0.5,0.5,0.44999998807907104,0.44999998807907104,17600,0.0,0.0
2006-12-07 00:00:00-05:00,0.44999998807907104,0.44999998807907104,0.44999998807907104,0.44999998807907104,21900,0.0,0.0
2006-12-08 00:00:00-05:00,0.44999998807907104,0.44999998807907104,0.44999998807907104,0.44999998807907104,0,0.0,0.0
2006-12-11 00:00:00-05:00,0.44999998807907104,0.47999998927116394,0.4300000071525574,0.4300000071525574,24600,0.0,0.0
2006-12-12 00:00:00-05:00,0.4300000071525574,0.44999998807907104,0.4300000071525574,0.44999998807907104,35000,0.0,0.0
2006-12-13 00:00:00-05:00,0.44999998807907104,0.44999998807907104,0.44999998807907104,0.44999998807907104,5500,0.0,0.0
2006-12-14 00:00:00-05:00,0.4300000071525574,0.4300000071525574,0.4300000071525574,0.4300000071525574,500,0.0,0.0
2006-12-15 00:00:00-05:00,0.4300000071525574,0.4300000071525574,0.4300000071525574,0.4300000071525574,0,0.0,0.0
2006-12-18 00:00:00-05:00,0.4300000071525574,0.4300000071525574,0.4300000071525574,0.4300000071525574,0,0.0,0.0
2006-12-19 00:00:00-05:00,0.4300000071525574,0.4300000071525574,0.41999998688697815,0.4300000071525574,11200,0.0,0.0
2006-12-20 00:00:00-05:00,0.4300000071525574,0.4300000071525574,0.3799999952316284,0.4000000059604645,50000,0.0,0.0
2006-12-21 00:00:00-05:00,0.5199999809265137,0.5199999809265137,0.5199999809265137,0.5199999809265137,700,0.0,0.0
2006-12-22 00:00:00-05:00,0.4000000059604645,0.41999998688697815,0.4000000059604645,0.41999998688697815,30700,0.0,0.0
2006-12-26 00:00:00-05:00,0.41999998688697815,0.41999998688697815,0.41999998688697815,0.41999998688697815,20000,0.0,0.0
2006-12-27 00:00:00-05:00,0.44999998807907104,0.44999998807907104,0.41999998688697815,0.41999998688697815,19600,0.0,0.0
2006-12-28 00:00:00-05:00,0.41999998688697815,0.41999998688697815,0.41999998688697815,0.41999998688697815,10200,0.0,0.0
2006-12-29 00:00:00-05:00,0.4399999976158142,0.46000000834465027,0.38999998569488525,0.38999998569488525,13700,0.0,0.0
2007-01-03 00:00:00-05:00,0.38999998569488525,0.38999998569488525,0.38999998569488525,0.38999998569488525,0,0.0,0.0
2007-01-04 00:00:00-05:00,0.38999998569488525,0.41999998688697815,0.38999998569488525,0.41999998688697815,600,0.0,0.0
2007-01-05 00:00:00-05:00,0.41999998688697815,0.41999998688697815,0.41999998688697815,0.41999998688697815,0,0.0,0.0
2007-01-08 00:00:00-05:00,0.5099999904632568,0.5099999904632568,0.5099999904632568,0.5099999904632568,17500,0.0,0.0
2007-01-09 00:00:00-05:00,0.4399999976158142,0.4399999976158142,0.4399999976158142,0.4399999976158142,1000,0.0,0.0
2007-01-10 00:00:00-05:00,0.4399999976158142,0.4399999976158142,0.4399999976158142,0.4399999976158142,0,0.0,0.0
2007-01-11 00:00:00-05:00,0.4399999976158142,0.4399999976158142,0.4399999976158142,0.4399999976158142,0,0.0,0.0
2007-01-12 00:00:00-05:00,0.4399999976158142,0.5099999904632568,0.4399999976158142,0.5099999904632568,800,0.0,0.0
2007-01-16 00:00:00-05:00,0.4399999976158142,0.4399999976158142,0.4399999976158142,0.4399999976158142,600,0.0,0.0
2007-01-17 00:00:00-05:00,0.4399999976158142,0.4399999976158142,0.4399999976158142,0.4399999976158142,2000,0.0,0.0
2007-01-18 00:00:00-05:00,0.4399999976158142,0.4399999976158142,0.4399999976158142,0.4399999976158142,0,0.0,0.0
2007-01-19 00:00:00-05:00,0.4399999976158142,0.4399999976158142,0.4399999976158142,0.4399999976158142,0,0.0,0.0
2007-01-22 00:00:00-05:00,0.4399999976158142,0.44999998807907104,0.4399999976158142,0.4399999976158142,8800,0.0,0.0
2007-01-23 00:00:00-05:00,0.44999998807907104,0.44999998807907104,0.4399999976158142,0.4399999976158142,25000,0.0,0.0
2007-01-24 00:00:00-05:00,0.4399999976158142,0.4399999976158142,0.4399999976158142,0.4399999976158142,0,0.0,0.0
2007-01-25 00:00:00-05:00,0.4399999976158142,0.4399999976158142,0.4399999976158142,0.4399999976158142,0,0.0,0.0
2007-01-26 00:00:00-05:00,0.5,0.5099999904632568,0.5,0.5099999904632568,57500,0.0,0.0
2007-01-29 00:00:00-05:00,0.5,0.5099999904632568,0.44999998807907104,0.5099999904632568,57400,0.0,0.0
2007-01-30 00:00:00-05:00,0.5099999904632568,0.5099999904632568,0.5099999904632568,0.5099999904632568,0,0.0,0.0
2007-01-31 00:00:00-05:00,0.5099999904632568,0.5099999904632568,0.5,0.5,5800,0.0,0.0
2007-02-01 00:00:00-05:00,0.5,0.5,0.5,0.5,500,0.0,0.0
2007-02-02 00:00:00-05:00,0.5,0.5,0.5,0.5,0,0.0,0.0
2007-02-05 00:00:00-05:00,0.5400000214576721,0.5600000023841858,0.5400000214576721,0.5400000214576721,14500,0.0,0.0
2007-02-06 00:00:00-05:00,0.5299999713897705,0.5299999713897705,0.5299999713897705,0.5299999713897705,5200,0.0,0.0
2007-02-07 00:00:00-05:00,0.5199999809265137,0.5199999809265137,0.5199999809265137,0.5199999809265137,300,0.0,0.0
2007-02-08 00:00:00-05:00,0.5199999809265137,0.5199999809265137,0.5199999809265137,0.5199999809265137,15900,0.0,0.0
2007-02-09 00:00:00-05:00,0.5199999809265137,0.5199999809265137,0.5199999809265137,0.5199999809265137,0,0.0,0.0
2007-02-12 00:00:00-05:00,0.5699999928474426,0.5899999737739563,0.5,0.5899999737739563,85700,0.0,0.0
2007-02-13 00:00:00-05:00,0.5699999928474426,0.6399999856948853,0.44999998807907104,0.550000011920929,183900,0.0,0.0
2007-02-14 00:00:00-05:00,0.5799999833106995,0.5799999833106995,0.5799999833106995,0.5799999833106995,600,0.0,0.0
2007-02-15 00:00:00-05:00,0.550000011920929,0.6000000238418579,0.550000011920929,0.6000000238418579,30500,0.0,0.0
2007-02-16 00:00:00-05:00,0.6499999761581421,0.6499999761581421,0.47999998927116394,0.550000011920929,32300,0.0,0.0
2007-02-20 00:00:00-05:00,0.550000011920929,0.6899999976158142,0.5,0.5,26000,0.0,0.0
2007-02-21 00:00:00-05:00,0.5799999833106995,0.5799999833106995,0.5799999833106995,0.5799999833106995,5000,0.0,0.0
2007-02-22 00:00:00-05:00,0.5799999833106995,0.6899999976158142,0.5799999833106995,0.6899999976158142,1400,0.0,0.0
2007-02-23 00:00:00-05:00,0.5799999833106995,0.6600000262260437,0.5799999833106995,0.5799999833106995,5300,0.0,0.0
2007-02-26 00:00:00-05:00,0.6600000262260437,0.6600000262260437,0.6499999761581421,0.6499999761581421,1100,0.0,0.0
2007-02-27 00:00:00-05:00,0.6499999761581421,0.6600000262260437,0.6499999761581421,0.6600000262260437,14000,0.0,0.0
2007-02-28 00:00:00-05:00,0.6600000262260437,0.6700000166893005,0.6600000262260437,0.6700000166893005,5200,0.0,0.0
2007-03-01 00:00:00-05:00,0.6600000262260437,0.699999988079071,0.6600000262260437,0.6600000262260437,46700,0.0,0.0
2007-03-02 00:00:00-05:00,0.6600000262260437,0.6600000262260437,0.6600000262260437,0.6600000262260437,14000,0.0,0.0
2007-03-05 00:00:00-05:00,0.6600000262260437,0.6600000262260437,0.6600000262260437,0.6600000262260437,0,0.0,0.0
2007-03-06 00:00:00-05:00,0.6200000047683716,0.6200000047683716,0.6200000047683716,0.6200000047683716,100,0.0,0.0
2007-03-07 00:00:00-05:00,0.5,0.5,0.5,0.5,4400,0.0,0.0
2007-03-08 00:00:00-05:00,0.6700000166893005,0.6700000166893005,0.5,0.5,3200,0.0,0.0
2007-03-09 00:00:00-05:00,0.6499999761581421,0.6499999761581421,0.6399999856948853,0.6499999761581421,21900,0.0,0.0
2007-03-12 00:00:00-04:00,0.6499999761581421,0.6499999761581421,0.6499999761581421,0.6499999761581421,10000,0.0,0.0
2007-03-13 00:00:00-04:00,0.6000000238418579,0.6000000238418579,0.6000000238418579,0.6000000238418579,100,0.0,0.0
2007-03-14 00:00:00-04:00,0.6000000238418579,0.6000000238418579,0.6000000238418579,0.6000000238418579,100,0.0,0.0
2007-03-15 00:00:00-04:00,0.6000000238418579,0.6200000047683716,0.6000000238418579,0.6200000047683716,5100,0.0,0.0
2007-03-16 00:00:00-04:00,0.6200000047683716,0.6200000047683716,0.6000000238418579,0.6000000238418579,7000,0.0,0.0
2007-03-19 00:00:00-04:00,0.6000000238418579,0.6000000238418579,0.6000000238418579,0.6000000238418579,5400,0.0,0.0
2007-03-20 00:00:00-04:00,0.6000000238418579,0.6499999761581421,0.6000000238418579,0.6499999761581421,3400,0.0,0.0
2007-03-21 00:00:00-04:00,0.6000000238418579,0.6499999761581421,0.6000000238418579,0.6499999761581421,7500,0.0,0.0
2007-03-22 00:00:00-04:00,0.6499999761581421,0.6499999761581421,0.6499999761581421,0.6499999761581421,4200,0.0,0.0
2007-03-23 00:00:00-04:00,0.6700000166893005,0.7200000286102295,0.6499999761581421,0.6499999761581421,13100,0.0,0.0
2007-03-26 00:00:00-04:00,0.6499999761581421,0.6800000071525574,0.6299999952316284,0.6299999952316284,5900,0.0,0.0
2007-03-27 00:00:00-04:00,0.6299999952316284,0.6299999952316284,0.6299999952316284,0.6299999952316284,0,0.0,0.0
2007-03-28 00:00:00-04:00,0.6299999952316284,0.6299999952316284,0.6299999952316284,0.6299999952316284,700,0.0,0.0
2007-03-29 00:00:00-04:00,0.6499999761581421,0.6499999761581421,0.6499999761581421,0.6499999761581421,6200,0.0,0.0
2007-03-30 00:00:00-04:00,0.6499999761581421,0.6499999761581421,0.6499999761581421,0.6499999761581421,0,0.0,0.0
2007-04-02 00:00:00-04:00,0.6499999761581421,0.6800000071525574,0.6499999761581421,0.6800000071525574,3700,0.0,0.0
2007-04-03 00:00:00-04:00,0.7099999785423279,0.7099999785423279,0.6700000166893005,0.6899999976158142,14600,0.0,0.0
2007-04-04 00:00:00-04:00,0.6600000262260437,0.6600000262260437,0.6000000238418579,0.6000000238418579,22500,0.0,0.0
2007-04-05 00:00:00-04:00,0.6399999856948853,0.6499999761581421,0.6399999856948853,0.6499999761581421,27500,0.0,0.0
2007-04-09 00:00:00-04:00,0.6600000262260437,0.6600000262260437,0.5400000214576721,0.6600000262260437,25100,0.0,0.0
2007-04-10 00:00:00-04:00,0.6000000238418579,0.699999988079071,0.6000000238418579,0.699999988079071,15400,0.0,0.0
2007-04-11 00:00:00-04:00,0.699999988079071,0.699999988079071,0.6499999761581421,0.6499999761581421,9000,0.0,0.0
2007-04-12 00:00:00-04:00,0.6499999761581421,0.699999988079071,0.6499999761581421,0.699999988079071,22500,0.0,0.0
2007-04-13 00:00:00-04:00,0.6499999761581421,0.6499999761581421,0.6499999761581421,0.6499999761581421,5600,0.0,0.0
2007-04-16 00:00:00-04:00,0.6000000238418579,0.6000000238418579,0.6000000238418579,0.6000000238418579,15000,0.0,0.0
2007-04-17 00:00:00-04:00,0.699999988079071,0.7200000286102295,0.699999988079071,0.699999988079071,14400,0.0,0.0
2007-04-18 00:00:00-04:00,0.6800000071525574,0.699999988079071,0.6800000071525574,0.699999988079071,11100,0.0,0.0
2007-04-19 00:00:00-04:00,0.6899999976158142,0.6899999976158142,0.6800000071525574,0.6899999976158142,26200,0.0,0.0
2007-04-20 00:00:00-04:00,0.6899999976158142,0.6899999976158142,0.6800000071525574,0.6800000071525574,700,0.0,0.0
2007-04-23 00:00:00-04:00,0.6800000071525574,0.6800000071525574,0.6600000262260437,0.6600000262260437,30000,0.0,0.0
2007-04-24 00:00:00-04:00,0.6100000143051147,0.6100000143051147,0.6100000143051147,0.6100000143051147,2400,0.0,0.0
2007-04-25 00:00:00-04:00,0.6100000143051147,0.6899999976158142,0.6100000143051147,0.6499999761581421,17900,0.0,0.0
2007-04-26 00:00:00-04:00,0.6499999761581421,0.6499999761581421,0.6499999761581421,0.6499999761581421,0,0.0,0.0
2007-04-27 00:00:00-04:00,0.6499999761581421,0.6499999761581421,0.6499999761581421,0.6499999761581421,0,0.0,0.0
2007-04-30 00:00:00-04:00,0.6100000143051147,0.6100000143051147,0.6100000143051147,0.6100000143051147,3700,0.0,0.0
2007-05-01 00:00:00-04:00,0.6100000143051147,0.6499999761581421,0.6000000238418579,0.6000000238418579,14200,0.0,0.0
2007-05-02 00:00:00-04:00,0.6499999761581421,0.6499999761581421,0.6499999761581421,0.6499999761581421,2900,0.0,0.0
2007-05-03 00:00:00-04:00,0.6800000071525574,0.800000011920929,0.6800000071525574,0.800000011920929,36100,0.0,0.0
2007-05-04 00:00:00-04:00,0.800000011920929,0.9300000071525574,0.800000011920929,0.8500000238418579,91700,0.0,0.0
2007-05-07 00:00:00-04:00,0.9200000166893005,0.9200000166893005,0.8500000238418579,0.8999999761581421,33900,0.0,0.0
2007-05-08 00:00:00-04:00,0.8999999761581421,0.8999999761581421,0.7900000214576721,0.7900000214576721,8200,0.0,0.0
2007-05-09 00:00:00-04:00,0.8500000238418579,0.8999999761581421,0.7900000214576721,0.8999999761581421,3300,0.0,0.0
2007-05-10 00:00:00-04:00,0.8899999856948853,0.8999999761581421,0.7900000214576721,0.800000011920929,10400,0.0,0.0
2007-05-11 00:00:00-04:00,0.8799999952316284,0.8999999761581421,0.8799999952316284,0.8999999761581421,17600,0.0,0.0
2007-05-14 00:00:00-04:00,0.8799999952316284,0.8999999761581421,0.8500000238418579,0.8500000238418579,22900,0.0,0.0
2007-05-15 00:00:00-04:00,0.8600000143051147,0.8999999761581421,0.8500000238418579,0.8999999761581421,53300,0.0,0.0
2007-05-16 00:00:00-04:00,0.8500000238418579,0.8600000143051147,0.800000011920929,0.8500000238418579,20900,0.0,0.0
2007-05-17 00:00:00-04:00,0.8500000238418579,0.8500000238418579,0.8500000238418579,0.8500000238418579,100,0.0,0.0
2007-05-18 00:00:00-04:00,0.8500000238418579,0.8500000238418579,0.800000011920929,0.800000011920929,11700,0.0,0.0
2007-05-21 00:00:00-04:00,0.800000011920929,0.800000011920929,0.7900000214576721,0.7900000214576721,1100,0.0,0.0
2007-05-22 00:00:00-04:00,0.800000011920929,0.800000011920929,0.800000011920929,0.800000011920929,2000,0.0,0.0
2007-05-23 00:00:00-04:00,0.7900000214576721,0.7900000214576721,0.7900000214576721,0.7900000214576721,2500,0.0,0.0
2007-05-24 00:00:00-04:00,0.7799999713897705,0.800000011920929,0.7799999713897705,0.800000011920929,3600,0.0,0.0
2007-05-25 00:00:00-04:00,0.800000011920929,0.8100000023841858,0.800000011920929,0.8100000023841858,10700,0.0,0.0
2007-05-29 00:00:00-04:00,0.8500000238418579,0.8999999761581421,0.8500000238418579,0.8999999761581421,22900,0.0,0.0
2007-05-30 00:00:00-04:00,0.8700000047683716,0.8999999761581421,0.8700000047683716,0.8899999856948853,22000,0.0,0.0
2007-05-31 00:00:00-04:00,0.7799999713897705,0.8700000047683716,0.7799999713897705,0.8500000238418579,28800,0.0,0.0
2007-06-01 00:00:00-04:00,0.8500000238418579,0.8500000238418579,0.8500000238418579,0.8500000238418579,600,0.0,0.0
2007-06-04 00:00:00-04:00,0.8500000238418579,0.8500000238418579,0.8199999928474426,0.8199999928474426,13100,0.0,0.0
2007-06-05 00:00:00-04:00,0.8500000238418579,0.8999999761581421,0.8500000238418579,0.8500000238418579,14300,0.0,0.0
2007-06-06 00:00:00-04:00,0.8500000238418579,0.8500000238418579,0.8500000238418579,0.8500000238418579,11500,0.0,0.0
2007-06-07 00:00:00-04:00,0.8999999761581421,0.8999999761581421,0.8600000143051147,0.8799999952316284,114600,0.0,0.0
2007-06-08 00:00:00-04:00,0.8999999761581421,0.8999999761581421,0.8999999761581421,0.8999999761581421,10500,0.0,0.0
2007-06-11 00:00:00-04:00,0.8799999952316284,0.8799999952316284,0.8799999952316284,0.8799999952316284,300,0.0,0.0
2007-06-12 00:00:00-04:00,0.8799999952316284,0.8799999952316284,0.8799999952316284,0.8799999952316284,0,0.0,0.0
2007-06-13 00:00:00-04:00,0.8999999761581421,0.8999999761581421,0.8500000238418579,0.8500000238418579,16500,0.0,0.0
2007-06-14 00:00:00-04:00,0.8500000238418579,0.8500000238418579,0.8500000238418579,0.8500000238418579,1000,0.0,0.0
2007-06-15 00:00:00-04:00,0.8500000238418579,0.8999999761581421,0.8500000238418579,0.8500000238418579,14100,0.0,0.0
2007-06-18 00:00:00-04:00,0.8500000238418579,0.8500000238418579,0.7799999713897705,0.800000011920929,7600,0.0,0.0
2007-06-19 00:00:00-04:00,0.800000011920929,0.800000011920929,0.800000011920929,0.800000011920929,0,0.0,0.0
2007-06-20 00:00:00-04:00,0.800000011920929,0.8100000023841858,0.800000011920929,0.800000011920929,2800,0.0,0.0
2007-06-21 00:00:00-04:00,0.800000011920929,0.8500000238418579,0.800000011920929,0.8500000238418579,11000,0.0,0.0
2007-06-22 00:00:00-04:00,0.7799999713897705,0.7799999713897705,0.7799999713897705,0.7799999713897705,600,0.0,0.0
2007-06-25 00:00:00-04:00,0.800000011920929,0.800000011920929,0.800000011920929,0.800000011920929,600,0.0,0.0
2007-06-26 00:00:00-04:00,0.800000011920929,0.800000011920929,0.7799999713897705,0.800000011920929,15300,0.0,0.0
2007-06-27 00:00:00-04:00,0.7799999713897705,0.800000011920929,0.7799999713897705,0.7799999713897705,7400,0.0,0.0
2007-06-28 00:00:00-04:00,0.800000011920929,0.800000011920929,0.7799999713897705,0.800000011920929,27100,0.0,0.0
2007-06-29 00:00:00-04:00,0.7799999713897705,0.7799999713897705,0.7799999713897705,0.7799999713897705,1000,0.0,0.0
2007-07-02 00:00:00-04:00,0.7799999713897705,0.7799999713897705,0.7799999713897705,0.7799999713897705,0,0.0,0.0
2007-07-03 00:00:00-04:00,0.7799999713897705,0.7799999713897705,0.7799999713897705,0.7799999713897705,0,0.0,0.0
2007-07-05 00:00:00-04:00,0.800000011920929,0.800000011920929,0.800000011920929,0.800000011920929,5000,0.0,0.0
2007-07-06 00:00:00-04:00,0.7799999713897705,0.7799999713897705,0.7799999713897705,0.7799999713897705,5500,0.0,0.0
2007-07-09 00:00:00-04:00,0.7900000214576721,0.8100000023841858,0.7900000214576721,0.800000011920929,2900,0.0,0.0
2007-07-10 00:00:00-04:00,0.7799999713897705,0.7799999713897705,0.7799999713897705,0.7799999713897705,100,0.0,0.0
2007-07-11 00:00:00-04:00,0.7799999713897705,0.8100000023841858,0.7799999713897705,0.8100000023841858,10500,0.0,0.0
2007-07-12 00:00:00-04:00,0.8100000023841858,0.8100000023841858,0.800000011920929,0.8100000023841858,12500,0.0,0.0
2007-07-13 00:00:00-04:00,0.7799999713897705,0.7799999713897705,0.7799999713897705,0.7799999713897705,1100,0.0,0.0
2007-07-16 00:00:00-04:00,0.7799999713897705,0.7799999713897705,0.7799999713897705,0.7799999713897705,100,0.0,0.0
2007-07-17 00:00:00-04:00,0.7799999713897705,0.7799999713897705,0.7799999713897705,0.7799999713897705,0,0.0,0.0
2007-07-18 00:00:00-04:00,0.7799999713897705,0.800000011920929,0.7099999785423279,0.75,11900,0.0,0.0
2007-07-19 00:00:00-04:00,0.7099999785423279,0.75,0.7099999785423279,0.7099999785423279,7300,0.0,0.0
2007-07-20 00:00:00-04:00,0.7099999785423279,0.7400000095367432,0.7099999785423279,0.7400000095367432,4500,0.0,0.0
2007-07-23 00:00:00-04:00,0.800000011920929,0.800000011920929,0.800000011920929,0.800000011920929,3900,0.0,0.0
2007-07-24 00:00:00-04:00,0.800000011920929,0.800000011920929,0.800000011920929,0.800000011920929,4000,0.0,0.0
2007-07-25 00:00:00-04:00,0.800000011920929,0.800000011920929,0.800000011920929,0.800000011920929,5300,0.0,0.0
2007-07-26 00:00:00-04:00,0.7799999713897705,0.7799999713897705,0.7799999713897705,0.7799999713897705,1000,0.0,0.0
2007-07-27 00:00:00-04:00,0.7699999809265137,0.7699999809265137,0.7699999809265137,0.7699999809265137,600,0.0,0.0
2007-07-30 00:00:00-04:00,0.7699999809265137,0.7699999809265137,0.7699999809265137,0.7699999809265137,1000,0.0,0.0
2007-07-31 00:00:00-04:00,0.75,0.75,0.75,0.75,42900,0.0,0.0
2007-08-01 00:00:00-04:00,0.7200000286102295,0.7200000286102295,0.7200000286102295,0.7200000286102295,5000,0.0,0.0
2007-08-02 00:00:00-04:00,0.7699999809265137,0.7699999809265137,0.7099999785423279,0.75,13000,0.0,0.0
2007-08-03 00:00:00-04:00,0.699999988079071,0.7099999785423279,0.699999988079071,0.7099999785423279,28000,0.0,0.0
2007-08-06 00:00:00-04:00,0.7099999785423279,0.75,0.7099999785423279,0.75,700,0.0,0.0
2007-08-07 00:00:00-04:00,0.7099999785423279,0.7099999785423279,0.7099999785423279,0.7099999785423279,100,0.0,0.0
2007-08-08 00:00:00-04:00,0.699999988079071,0.7200000286102295,0.699999988079071,0.7200000286102295,20000,0.0,0.0
2007-08-09 00:00:00-04:00,0.699999988079071,0.699999988079071,0.699999988079071,0.699999988079071,1000,0.0,0.0
2007-08-10 00:00:00-04:00,0.7200000286102295,0.7200000286102295,0.7200000286102295,0.7200000286102295,2200,0.0,0.0
2007-08-13 00:00:00-04:00,0.699999988079071,0.7900000214576721,0.699999988079071,0.7900000214576721,7500,0.0,0.0
2007-08-14 00:00:00-04:00,0.7799999713897705,0.800000011920929,0.699999988079071,0.7799999713897705,20500,0.0,0.0
2007-08-15 00:00:00-04:00,0.7099999785423279,0.7099999785423279,0.7099999785423279,0.7099999785423279,1000,0.0,0.0
2007-08-16 00:00:00-04:00,0.7099999785423279,0.7099999785423279,0.6600000262260437,0.699999988079071,22300,0.0,0.0
2007-08-17 00:00:00-04:00,0.699999988079071,0.7200000286102295,0.6000000238418579,0.699999988079071,25000,0.0,0.0
2007-08-20 00:00:00-04:00,0.6499999761581421,0.6499999761581421,0.6499999761581421,0.6499999761581421,1000,0.0,0.0
2007-08-21 00:00:00-04:00,0.699999988079071,0.699999988079071,0.6499999761581421,0.699999988079071,6000,0.0,0.0
2007-08-22 00:00:00-04:00,0.699999988079071,0.699999988079071,0.6600000262260437,0.6600000262260437,7000,0.0,0.0
2007-08-23 00:00:00-04:00,0.699999988079071,0.699999988079071,0.699999988079071,0.699999988079071,15100,0.0,0.0
2007-08-24 00:00:00-04:00,0.6600000262260437,0.699999988079071,0.6600000262260437,0.699999988079071,2200,0.0,0.0
2007-08-27 00:00:00-04:00,0.6600000262260437,0.6600000262260437,0.6000000238418579,0.6299999952316284,9600,0.0,0.0
2007-08-28 00:00:00-04:00,0.6299999952316284,0.6299999952316284,0.550000011920929,0.550000011920929,61500,0.0,0.0
2007-08-29 00:00:00-04:00,0.550000011920929,0.5699999928474426,0.5199999809265137,0.5299999713897705,86700,0.0,0.0
2007-08-30 00:00:00-04:00,0.5199999809265137,0.5600000023841858,0.5199999809265137,0.550000011920929,12100,0.0,0.0
2007-08-31 00:00:00-04:00,0.5199999809265137,0.5600000023841858,0.4699999988079071,0.4699999988079071,13700,0.0,0.0
2007-09-04 00:00:00-04:00,0.4699999988079071,0.6000000238418579,0.4699999988079071,0.6000000238418579,41700,0.0,0.0
2007-09-05 00:00:00-04:00,0.6000000238418579,0.6499999761581421,0.6000000238418579,0.6000000238418579,13900,0.0,0.0
2007-09-06 00:00:00-04:00,0.550000011920929,0.6499999761581421,0.550000011920929,0.550000011920929,6000,0.0,0.0
2007-09-07 00:00:00-04:00,0.6000000238418579,0.6000000238418579,0.5600000023841858,0.6000000238418579,8400,0.0,0.0
2007-09-10 00:00:00-04:00,0.5699999928474426,0.5699999928474426,0.5600000023841858,0.5699999928474426,9500,0.0,0.0
2007-09-11 00:00:00-04:00,0.5600000023841858,0.5699999928474426,0.5600000023841858,0.5699999928474426,3000,0.0,0.0
2007-09-12 00:00:00-04:00,0.5600000023841858,0.6000000238418579,0.5600000023841858,0.6000000238418579,4700,0.0,0.0
2007-09-13 00:00:00-04:00,0.5600000023841858,0.5600000023841858,0.550000011920929,0.5600000023841858,25400,0.0,0.0
2007-09-14 00:00:00-04:00,0.550000011920929,0.6000000238418579,0.550000011920929,0.6000000238418579,17100,0.0,0.0
2007-09-17 00:00:00-04:00,0.6000000238418579,0.6000000238418579,0.6000000238418579,0.6000000238418579,4000,0.0,0.0
2007-09-18 00:00:00-04:00,0.6200000047683716,0.6200000047683716,0.6000000238418579,0.6000000238418579,13500,0.0,0.0
2007-09-19 00:00:00-04:00,0.6000000238418579,0.6000000238418579,0.6000000238418579,0.6000000238418579,14200,0.0,0.0
2007-09-20 00:00:00-04:00,0.550000011920929,0.5699999928474426,0.550000011920929,0.5699999928474426,12900,0.0,0.0
2007-09-21 00:00:00-04:00,0.5699999928474426,0.5699999928474426,0.5699999928474426,0.5699999928474426,0,0.0,0.0
2007-09-24 00:00:00-04:00,0.5799999833106995,0.5799999833106995,0.5799999833106995,0.5799999833106995,1000,0.0,0.0
2007-09-25 00:00:00-04:00,0.5799999833106995,0.5799999833106995,0.5799999833106995,0.5799999833106995,0,0.0,0.0
2007-09-26 00:00:00-04:00,0.5799999833106995,0.6200000047683716,0.5799999833106995,0.6000000238418579,10700,0.0,0.0
2007-09-27 00:00:00-04:00,0.5799999833106995,0.5799999833106995,0.5799999833106995,0.5799999833106995,8000,0.0,0.0
2007-09-28 00:00:00-04:00,0.5799999833106995,0.6399999856948853,0.5799999833106995,0.6399999856948853,14100,0.0,0.0
2007-10-01 00:00:00-04:00,0.7099999785423279,0.7099999785423279,0.6800000071525574,0.699999988079071,28100,0.0,0.0
2007-10-02 00:00:00-04:00,0.6499999761581421,0.699999988079071,0.6499999761581421,0.699999988079071,10500,0.0,0.0
2007-10-03 00:00:00-04:00,0.6499999761581421,0.6499999761581421,0.6499999761581421,0.6499999761581421,7500,0.0,0.0
2007-10-04 00:00:00-04:00,0.6499999761581421,0.6499999761581421,0.6499999761581421,0.6499999761581421,10500,0.0,0.0
2007-10-05 00:00:00-04:00,0.6499999761581421,0.699999988079071,0.550000011920929,0.550000011920929,16700,0.0,0.0
2007-10-08 00:00:00-04:00,0.6200000047683716,0.6200000047683716,0.6200000047683716,0.6200000047683716,500,0.0,0.0
2007-10-09 00:00:00-04:00,0.6100000143051147,0.6499999761581421,0.6000000238418579,0.6499999761581421,6700,0.0,0.0
2007-10-10 00:00:00-04:00,0.6499999761581421,0.6499999761581421,0.6499999761581421,0.6499999761581421,0,0.0,0.0
2007-10-11 00:00:00-04:00,0.6499999761581421,0.6499999761581421,0.6499999761581421,0.6499999761581421,0,0.0,0.0
2007-10-12 00:00:00-04:00,0.6499999761581421,0.6499999761581421,0.6499999761581421,0.6499999761581421,0,0.0,0.0
2007-10-15 00:00:00-04:00,0.550000011920929,0.6000000238418579,0.550000011920929,0.550000011920929,5900,0.0,0.0
2007-10-16 00:00:00-04:00,0.550000011920929,0.5699999928474426,0.5299999713897705,0.550000011920929,62300,0.0,0.0
2007-10-17 00:00:00-04:00,0.550000011920929,0.550000011920929,0.550000011920929,0.550000011920929,0,0.0,0.0
2007-10-18 00:00:00-04:00,0.6000000238418579,0.6000000238418579,0.6000000238418579,0.6000000238418579,7500,0.0,0.0
2007-10-19 00:00:00-04:00,0.5099999904632568,0.5299999713897705,0.5099999904632568,0.5099999904632568,2200,0.0,0.0
2007-10-22 00:00:00-04:00,0.5099999904632568,0.5099999904632568,0.5099999904632568,0.5099999904632568,0,0.0,0.0
2007-10-23 00:00:00-04:00,0.5099999904632568,0.5099999904632568,0.5099999904632568,0.5099999904632568,0,0.0,0.0
2007-10-24 00:00:00-04:00,0.550000011920929,0.550000011920929,0.550000011920929,0.550000011920929,300,0.0,0.0
2007-10-25 00:00:00-04:00,0.6499999761581421,0.6499999761581421,0.6200000047683716,0.6200000047683716,2400,0.0,0.0
2007-10-26 00:00:00-04:00,0.6000000238418579,0.6499999761581421,0.6000000238418579,0.6299999952316284,7700,0.0,0.0
2007-10-29 00:00:00-04:00,0.6000000238418579,0.6000000238418579,0.6000000238418579,0.6000000238418579,500,0.0,0.0
2007-10-30 00:00:00-04:00,0.6299999952316284,0.6299999952316284,0.6299999952316284,0.6299999952316284,2500,0.0,0.0
2007-10-31 00:00:00-04:00,0.6200000047683716,0.6499999761581421,0.6200000047683716,0.6499999761581421,9900,0.0,0.0
2007-11-01 00:00:00-04:00,0.699999988079071,0.699999988079071,0.6499999761581421,0.6499999761581421,4200,0.0,0.0
2007-11-02 00:00:00-04:00,0.6100000143051147,0.6100000143051147,0.6100000143051147,0.6100000143051147,1500,0.0,0.0
2007-11-05 00:00:00-05:00,0.6000000238418579,0.6700000166893005,0.6000000238418579,0.6700000166893005,8000,0.0,0.0
2007-11-06 00:00:00-05:00,0.6600000262260437,0.6700000166893005,0.6100000143051147,0.6100000143051147,12000,0.0,0.0
2007-11-07 00:00:00-05:00,0.6100000143051147,0.6100000143051147,0.6000000238418579,0.6000000238418579,2600,0.0,0.0
2007-11-08 00:00:00-05:00,0.6000000238418579,0.6000000238418579,0.6000000238418579,0.6000000238418579,0,0.0,0.0
2007-11-09 00:00:00-05:00,0.6000000238418579,0.699999988079071,0.6000000238418579,0.6499999761581421,33400,0.0,0.0
2007-11-12 00:00:00-05:00,0.6499999761581421,0.6499999761581421,0.6000000238418579,0.6000000238418579,26000,0.0,0.0
2007-11-13 00:00:00-05:00,0.699999988079071,0.699999988079071,0.6899999976158142,0.699999988079071,4200,0.0,0.0
2007-11-14 00:00:00-05:00,0.7099999785423279,0.7099999785423279,0.6100000143051147,0.6100000143051147,11500,0.0,0.0
2007-11-15 00:00:00-05:00,0.5600000023841858,0.5600000023841858,0.5600000023841858,0.5600000023841858,2000,0.0,0.0
2007-11-16 00:00:00-05:00,0.5600000023841858,0.5600000023841858,0.5600000023841858,0.5600000023841858,0,0.0,0.0
2007-11-19 00:00:00-05:00,0.5600000023841858,0.5799999833106995,0.5600000023841858,0.5799999833106995,9600,0.0,0.0
2007-11-20 00:00:00-05:00,0.5600000023841858,0.5799999833106995,0.5600000023841858,0.5799999833106995,3300,0.0,0.0
2007-11-21 00:00:00-05:00,0.5699999928474426,0.5699999928474426,0.5600000023841858,0.5600000023841858,3700,0.0,0.0
2007-11-23 00:00:00-05:00,0.5600000023841858,0.5799999833106995,0.5600000023841858,0.5799999833106995,3100,0.0,0.0
2007-11-26 00:00:00-05:00,0.6000000238418579,0.6000000238418579,0.5299999713897705,0.5299999713897705,7200,0.0,0.0
2007-11-27 00:00:00-05:00,0.5299999713897705,0.550000011920929,0.5299999713897705,0.550000011920929,4700,0.0,0.0
2007-11-28 00:00:00-05:00,0.550000011920929,0.550000011920929,0.5299999713897705,0.5299999713897705,5900,0.0,0.0
2007-11-29 00:00:00-05:00,0.550000011920929,0.5600000023841858,0.47999998927116394,0.47999998927116394,19300,0.0,0.0
2007-11-30 00:00:00-05:00,0.5099999904632568,0.5299999713897705,0.47999998927116394,0.5299999713897705,12100,0.0,0.0
2007-12-03 00:00:00-05:00,0.5299999713897705,0.5299999713897705,0.5299999713897705,0.5299999713897705,8000,0.0,0.0
2007-12-04 00:00:00-05:00,0.5,0.5,0.47999998927116394,0.47999998927116394,15200,0.0,0.0
2007-12-05 00:00:00-05:00,0.4399999976158142,0.44999998807907104,0.41999998688697815,0.41999998688697815,7000,0.0,0.0
2007-12-06 00:00:00-05:00,0.44999998807907104,0.5299999713897705,0.41999998688697815,0.5299999713897705,21200,0.0,0.0
2007-12-07 00:00:00-05:00,0.5299999713897705,0.5299999713897705,0.5,0.5,3000,0.0,0.0
2007-12-10 00:00:00-05:00,0.5,0.5,0.5,0.5,3000,0.0,0.0
2007-12-11 00:00:00-05:00,0.5,0.5,0.5,0.5,6100,0.0,0.0
2007-12-12 00:00:00-05:00,0.5,0.550000011920929,0.5,0.550000011920929,24600,0.0,0.0
2007-12-13 00:00:00-05:00,0.5099999904632568,0.550000011920929,0.47999998927116394,0.550000011920929,3700,0.0,0.0
2007-12-14 00:00:00-05:00,0.47999998927116394,0.5,0.47999998927116394,0.5,3000,0.0,0.0
2007-12-17 00:00:00-05:00,0.5,0.5,0.5,0.5,0,0.0,0.0
2007-12-18 00:00:00-05:00,0.47999998927116394,0.47999998927116394,0.4399999976158142,0.4399999976158142,2300,0.0,0.0
2007-12-19 00:00:00-05:00,0.4399999976158142,0.4399999976158142,0.4399999976158142,0.4399999976158142,4000,0.0,0.0
2007-12-20 00:00:00-05:00,0.4300000071525574,0.4300000071525574,0.4300000071525574,0.4300000071525574,15000,0.0,0.0
2007-12-21 00:00:00-05:00,0.4300000071525574,0.4399999976158142,0.4300000071525574,0.4399999976158142,14500,0.0,0.0
2007-12-24 00:00:00-05:00,0.47999998927116394,0.6499999761581421,0.47999998927116394,0.6499999761581421,15700,0.0,0.0
2007-12-26 00:00:00-05:00,0.6499999761581421,0.6499999761581421,0.44999998807907104,0.6499999761581421,4700,0.0,0.0
2007-12-27 00:00:00-05:00,0.5,0.5,0.44999998807907104,0.44999998807907104,17000,0.0,0.0
2007-12-28 00:00:00-05:00,0.44999998807907104,0.46000000834465027,0.44999998807907104,0.46000000834465027,13400,0.0,0.0
2007-12-31 00:00:00-05:00,0.46000000834465027,0.46000000834465027,0.46000000834465027,0.46000000834465027,3500,0.0,0.0
2008-01-02 00:00:00-05:00,0.46000000834465027,0.46000000834465027,0.46000000834465027,0.46000000834465027,0,0.0,0.0
2008-01-03 00:00:00-05:00,0.46000000834465027,0.6000000238418579,0.46000000834465027,0.6000000238418579,12000,0.0,0.0
2008-01-04 00:00:00-05:00,0.550000011920929,0.5799999833106995,0.550000011920929,0.5799999833106995,7700,0.0,0.0
2008-01-07 00:00:00-05:00,0.5199999809265137,0.5199999809265137,0.5199999809265137,0.5199999809265137,100,0.0,0.0
2008-01-08 00:00:00-05:00,0.5199999809265137,0.5199999809265137,0.5199999809265137,0.5199999809265137,500,0.0,0.0
2008-01-09 00:00:00-05:00,0.5199999809265137,0.5199999809265137,0.5199999809265137,0.5199999809265137,1000,0.0,0.0
2008-01-10 00:00:00-05:00,0.5199999809265137,0.5199999809265137,0.5199999809265137,0.5199999809265137,0,0.0,0.0
2008-01-11 00:00:00-05:00,0.550000011920929,0.550000011920929,0.550000011920929,0.550000011920929,22500,0.0,0.0
2008-01-14 00:00:00-05:00,0.550000011920929,0.550000011920929,0.550000011920929,0.550000011920929,900,0.0,0.0
2008-01-15 00:00:00-05:00,0.550000011920929,0.550000011920929,0.5199999809265137,0.5199999809265137,5000,0.0,0.0
2008-01-16 00:00:00-05:00,0.5199999809265137,0.5199999809265137,0.5199999809265137,0.5199999809265137,0,0.0,0.0
2008-01-17 00:00:00-05:00,0.4699999988079071,0.5,0.4699999988079071,0.4699999988079071,300,0.0,0.0
2008-01-18 00:00:00-05:00,0.44999998807907104,0.44999998807907104,0.44999998807907104,0.44999998807907104,10000,0.0,0.0
2008-01-22 00:00:00-05:00,0.44999998807907104,0.44999998807907104,0.44999998807907104,0.44999998807907104,100,0.0,0.0
2008-01-23 00:00:00-05:00,0.44999998807907104,0.44999998807907104,0.44999998807907104,0.44999998807907104,900,0.0,0.0
2008-01-24 00:00:00-05:00,0.44999998807907104,0.44999998807907104,0.44999998807907104,0.44999998807907104,3000,0.0,0.0
2008-01-25 00:00:00-05:00,0.5,0.5,0.5,0.5,20000,0.0,0.0
2008-01-28 00:00:00-05:00,0.47999998927116394,0.47999998927116394,0.47999998927116394,0.47999998927116394,4500,0.0,0.0
2008-01-29 00:00:00-05:00,0.5,0.5,0.5,0.5,300,0.0,0.0
2008-01-30 00:00:00-05:00,0.5,0.5,0.5,0.5,0,0.0,0.0
2008-01-31 00:00:00-05:00,0.5,0.5,0.5,0.5,11100,0.0,0.0
2008-02-01 00:00:00-05:00,0.5,0.5,0.5,0.5,0,0.0,0.0
2008-02-04 00:00:00-05:00,0.5,0.5,0.5,0.5,0,0.0,0.0
2008-02-05 00:00:00-05:00,0.5,0.5,0.5,0.5,0,0.0,0.0
2008-02-06 00:00:00-05:00,0.5,0.5,0.5,0.5,1000,0.0,0.0
2008-02-07 00:00:00-05:00,0.5,0.5,0.5,0.5,0,0.0,0.0
2008-02-08 00:00:00-05:00,0.5,0.5,0.5,0.5,1400,0.0,0.0
2008-02-11 00:00:00-05:00,0.5,0.5,0.5,0.5,2000,0.0,0.0
2008-02-12 00:00:00-05:00,0.5,0.5,0.5,0.5,0,0.0,0.0
2008-02-13 00:00:00-05:00,0.4399999976158142,0.4399999976158142,0.4399999976158142,0.4399999976158142,500,0.0,0.0
2008-02-14 00:00:00-05:00,0.4399999976158142,0.4399999976158142,0.4399999976158142,0.4399999976158142,0,0.0,0.0
2008-02-15 00:00:00-05:00,0.5,0.5,0.5,0.5,500,0.0,0.0
2008-02-19 00:00:00-05:00,0.5,0.5,0.5,0.5,10000,0.0,0.0
2008-02-20 00:00:00-05:00,0.5,0.5,0.5,0.5,10000,0.0,0.0
2008-02-21 00:00:00-05:00,0.5,0.5,0.5,0.5,0,0.0,0.0
2008-02-22 00:00:00-05:00,0.41999998688697815,0.5,0.41999998688697815,0.5,10500,0.0,0.0
2008-02-25 00:00:00-05:00,0.5,0.5,0.5,0.5,5000,0.0,0.0
2008-02-26 00:00:00-05:00,0.5,0.5,0.5,0.5,0,0.0,0.0
2008-02-27 00:00:00-05:00,0.4300000071525574,0.4300000071525574,0.4300000071525574,0.4300000071525574,1300,0.0,0.0
2008-02-28 00:00:00-05:00,0.4300000071525574,0.4300000071525574,0.4300000071525574,0.4300000071525574,0,0.0,0.0
2008-02-29 00:00:00-05:00,0.5,0.5799999833106995,0.5,0.5199999809265137,25200,0.0,0.0
2008-03-03 00:00:00-05:00,0.5799999833106995,0.6000000238418579,0.5199999809265137,0.5199999809265137,31000,0.0,0.0
2008-03-04 00:00:00-05:00,0.6000000238418579,0.699999988079071,0.6000000238418579,0.6700000166893005,54000,0.0,0.0
2008-03-05 00:00:00-05:00,0.699999988079071,0.699999988079071,0.6000000238418579,0.6000000238418579,34300,0.0,0.0
2008-03-06 00:00:00-05:00,0.6000000238418579,0.6499999761581421,0.6000000238418579,0.6000000238418579,66200,0.0,0.0
2008-03-07 00:00:00-05:00,0.6000000238418579,0.6000000238418579,0.550000011920929,0.550000011920929,7800,0.0,0.0
2008-03-10 00:00:00-04:00,0.5,0.550000011920929,0.44999998807907104,0.4699999988079071,96500,0.0,0.0
2008-03-11 00:00:00-04:00,0.699999988079071,0.699999988079071,0.699999988079071,0.699999988079071,300,0.0,0.0
2008-03-12 00:00:00-04:00,0.6499999761581421,0.699999988079071,0.6499999761581421,0.6700000166893005,19000,0.0,0.0
2008-03-13 00:00:00-04:00,0.6499999761581421,0.699999988079071,0.6499999761581421,0.699999988079071,21700,0.0,0.0
2008-03-14 00:00:00-04:00,0.6899999976158142,0.6899999976158142,0.6899999976158142,0.6899999976158142,7300,0.0,0.0
2008-03-17 00:00:00-04:00,0.6899999976158142,0.6899999976158142,0.6899999976158142,0.6899999976158142,0,0.0,0.0
2008-03-18 00:00:00-04:00,0.6800000071525574,0.6800000071525574,0.6000000238418579,0.6000000238418579,8900,0.0,0.0
2008-03-19 00:00:00-04:00,0.6000000238418579,0.6000000238418579,0.6000000238418579,0.6000000238418579,9600,0.0,0.0
2008-03-20 00:00:00-04:00,0.6499999761581421,0.6600000262260437,0.6499999761581421,0.6600000262260437,48000,0.0,0.0
2008-03-24 00:00:00-04:00,0.6299999952316284,0.6299999952316284,0.6299999952316284,0.6299999952316284,20000,0.0,0.0
2008-03-25 00:00:00-04:00,0.6299999952316284,0.6600000262260437,0.6200000047683716,0.6600000262260437,35500,0.0,0.0
2008-03-26 00:00:00-04:00,0.6000000238418579,0.6899999976158142,0.6000000238418579,0.6600000262260437,67100,0.0,0.0
2008-03-27 00:00:00-04:00,0.6499999761581421,0.6600000262260437,0.6499999761581421,0.6600000262260437,14500,0.0,0.0
2008-03-28 00:00:00-04:00,0.6600000262260437,0.6600000262260437,0.6000000238418579,0.6000000238418579,8000,0.0,0.0
2008-03-31 00:00:00-04:00,0.6000000238418579,0.6000000238418579,0.6000000238418579,0.6000000238418579,200,0.0,0.0
2008-04-01 00:00:00-04:00,0.6299999952316284,0.6600000262260437,0.5600000023841858,0.6600000262260437,61000,0.0,0.0
2008-04-02 00:00:00-04:00,0.6600000262260437,0.6600000262260437,0.6600000262260437,0.6600000262260437,42700,0.0,0.0
2008-04-03 00:00:00-04:00,0.6600000262260437,0.6600000262260437,0.6399999856948853,0.6399999856948853,2000,0.0,0.0
2008-04-04 00:00:00-04:00,0.6399999856948853,0.6600000262260437,0.6399999856948853,0.6600000262260437,13500,0.0,0.0
2008-04-07 00:00:00-04:00,0.6499999761581421,0.6499999761581421,0.6499999761581421,0.6499999761581421,7500,0.0,0.0
2008-04-08 00:00:00-04:00,0.6499999761581421,0.6499999761581421,0.6499999761581421,0.6499999761581421,0,0.0,0.0
2008-04-09 00:00:00-04:00,0.6000000238418579,0.6000000238418579,0.5699999928474426,0.5699999928474426,10200,0.0,0.0
2008-04-10 00:00:00-04:00,0.6000000238418579,0.6000000238418579,0.6000000238418579,0.6000000238418579,2500,0.0,0.0
2008-04-11 00:00:00-04:00,0.6000000238418579,0.6000000238418579,0.6000000238418579,0.6000000238418579,0,0.0,0.0
2008-04-14 00:00:00-04:00,0.6000000238418579,0.6200000047683716,0.6000000238418579,0.6200000047683716,15000,0.0,0.0
2008-04-15 00:00:00-04:00,0.6200000047683716,0.6700000166893005,0.6200000047683716,0.6200000047683716,13300,0.0,0.0
2008-04-16 00:00:00-04:00,0.6000000238418579,0.6499999761581421,0.6000000238418579,0.6000000238418579,6600,0.0,0.0
2008-04-17 00:00:00-04:00,0.6000000238418579,0.6000000238418579,0.6000000238418579,0.6000000238418579,49500,0.0,0.0
2008-04-18 00:00:00-04:00,0.6000000238418579,0.6000000238418579,0.6000000238418579,0.6000000238418579,900,0.0,0.0
2008-04-21 00:00:00-04:00,0.6000000238418579,0.6000000238418579,0.6000000238418579,0.6000000238418579,5000,0.0,0.0
2008-04-22 00:00:00-04:00,0.6499999761581421,0.6499999761581421,0.6499999761581421,0.6499999761581421,1000,0.0,0.0
2008-04-23 00:00:00-04:00,0.6000000238418579,0.6000000238418579,0.6000000238418579,0.6000000238418579,5000,0.0,0.0
2008-04-24 00:00:00-04:00,0.6000000238418579,0.6000000238418579,0.5600000023841858,0.5600000023841858,33000,0.0,0.0
2008-04-25 00:00:00-04:00,0.5600000023841858,0.5600000023841858,0.550000011920929,0.550000011920929,20000,0.0,0.0
2008-04-28 00:00:00-04:00,0.6000000238418579,0.6000000238418579,0.6000000238418579,0.6000000238418579,200,0.0,0.0
2008-04-29 00:00:00-04:00,0.5400000214576721,0.5400000214576721,0.5400000214576721,0.5400000214576721,400,0.0,0.0
2008-04-30 00:00:00-04:00,0.5699999928474426,0.5699999928474426,0.5400000214576721,0.550000011920929,6500,0.0,0.0
2008-05-01 00:00:00-04:00,0.550000011920929,0.550000011920929,0.5400000214576721,0.5400000214576721,41500,0.0,0.0
2008-05-02 00:00:00-04:00,0.5600000023841858,0.5600000023841858,0.5600000023841858,0.5600000023841858,5000,0.0,0.0
2008-05-05 00:00:00-04:00,0.5099999904632568,0.5099999904632568,0.44999998807907104,0.44999998807907104,12700,0.0,0.0
2008-05-06 00:00:00-04:00,0.44999998807907104,0.44999998807907104,0.44999998807907104,0.44999998807907104,0,0.0,0.0
2008-05-07 00:00:00-04:00,0.44999998807907104,0.44999998807907104,0.44999998807907104,0.44999998807907104,0,0.0,0.0
2008-05-08 00:00:00-04:00,0.5099999904632568,0.550000011920929,0.5099999904632568,0.550000011920929,45700,0.0,0.0
2008-05-09 00:00:00-04:00,0.550000011920929,0.550000011920929,0.550000011920929,0.550000011920929,14300,0.0,0.0
2008-05-12 00:00:00-04:00,0.6000000238418579,0.6100000143051147,0.5799999833106995,0.6100000143051147,89600,0.0,0.0
2008-05-13 00:00:00-04:00,0.6100000143051147,0.6399999856948853,0.6000000238418579,0.6000000238418579,59200,0.0,0.0
2008-05-14 00:00:00-04:00,0.5699999928474426,0.6399999856948853,0.46000000834465027,0.6399999856948853,6000,0.0,0.0
2008-05-15 00:00:00-04:00,0.5699999928474426,0.5699999928474426,0.5699999928474426,0.5699999928474426,2000,0.0,0.0
2008-05-16 00:00:00-04:00,0.6000000238418579,0.6000000238418579,0.5699999928474426,0.5699999928474426,3500,0.0,0.0
2008-05-19 00:00:00-04:00,0.6000000238418579,0.6000000238418579,0.5699999928474426,0.5699999928474426,7000,0.0,0.0
2008-05-20 00:00:00-04:00,0.5699999928474426,0.5699999928474426,0.5400000214576721,0.5400000214576721,5000,0.0,0.0
2008-05-21 00:00:00-04:00,0.5400000214576721,0.5400000214576721,0.46000000834465027,0.5,13600,0.0,0.0
2008-05-22 00:00:00-04:00,0.550000011920929,0.550000011920929,0.550000011920929,0.550000011920929,300,0.0,0.0
2008-05-23 00:00:00-04:00,0.46000000834465027,0.46000000834465027,0.46000000834465027,0.46000000834465027,500,0.0,0.0
2008-05-27 00:00:00-04:00,0.46000000834465027,0.46000000834465027,0.46000000834465027,0.46000000834465027,0,0.0,0.0
2008-05-28 00:00:00-04:00,0.550000011920929,0.5699999928474426,0.4699999988079071,0.5699999928474426,15100,0.0,0.0
2008-05-29 00:00:00-04:00,0.46000000834465027,0.46000000834465027,0.46000000834465027,0.46000000834465027,100,0.0,0.0
2008-05-30 00:00:00-04:00,0.46000000834465027,0.46000000834465027,0.46000000834465027,0.46000000834465027,0,0.0,0.0
2008-06-02 00:00:00-04:00,0.46000000834465027,0.46000000834465027,0.46000000834465027,0.46000000834465027,1000,0.0,0.0
2008-06-03 00:00:00-04:00,0.46000000834465027,0.46000000834465027,0.46000000834465027,0.46000000834465027,0,0.0,0.0
2008-06-04 00:00:00-04:00,0.46000000834465027,0.46000000834465027,0.46000000834465027,0.46000000834465027,0,0.0,0.0
2008-06-05 00:00:00-04:00,0.550000011920929,0.550000011920929,0.550000011920929,0.550000011920929,7500,0.0,0.0
2008-06-06 00:00:00-04:00,0.46000000834465027,0.46000000834465027,0.46000000834465027,0.46000000834465027,100,0.0,0.0
2008-06-09 00:00:00-04:00,0.46000000834465027,0.46000000834465027,0.46000000834465027,0.46000000834465027,200,0.0,0.0
2008-06-10 00:00:00-04:00,0.5199999809265137,0.5199999809265137,0.5199999809265137,0.5199999809265137,5000,0.0,0.0
2008-06-11 00:00:00-04:00,0.5099999904632568,0.5099999904632568,0.5099999904632568,0.5099999904632568,10000,0.0,0.0
2008-06-12 00:00:00-04:00,0.47999998927116394,0.47999998927116394,0.47999998927116394,0.47999998927116394,1000,0.0,0.0
2008-06-13 00:00:00-04:00,0.5099999904632568,0.5099999904632568,0.5099999904632568,0.5099999904632568,400,0.0,0.0
2008-06-16 00:00:00-04:00,0.5099999904632568,0.5099999904632568,0.5099999904632568,0.5099999904632568,0,0.0,0.0
2008-06-17 00:00:00-04:00,0.5099999904632568,0.5099999904632568,0.5099999904632568,0.5099999904632568,0,0.0,0.0
2008-06-18 00:00:00-04:00,0.5099999904632568,0.5099999904632568,0.5099999904632568,0.5099999904632568,0,0.0,0.0
2008-06-19 00:00:00-04:00,0.5099999904632568,0.5099999904632568,0.5,0.5,28000,0.0,0.0
2008-06-20 00:00:00-04:00,0.5,0.5,0.5,0.5,0,0.0,0.0
2008-06-23 00:00:00-04:00,0.5099999904632568,0.5099999904632568,0.5099999904632568,0.5099999904632568,2700,0.0,0.0
2008-06-24 00:00:00-04:00,0.5,0.5,0.5,0.5,10000,0.0,0.0
2008-06-25 00:00:00-04:00,0.5099999904632568,0.5099999904632568,0.5099999904632568,0.5099999904632568,1000,0.0,0.0
2008-06-26 00:00:00-04:00,0.5099999904632568,0.5099999904632568,0.5099999904632568,0.5099999904632568,0,0.0,0.0
2008-06-27 00:00:00-04:00,0.5199999809265137,0.5199999809265137,0.5099999904632568,0.5099999904632568,26000,0.0,0.0
2008-06-30 00:00:00-04:00,0.5199999809265137,0.5199999809265137,0.5199999809265137,0.5199999809265137,15000,0.0,0.0
2008-07-01 00:00:00-04:00,0.47999998927116394,0.47999998927116394,0.47999998927116394,0.47999998927116394,200,0.0,0.0
2008-07-02 00:00:00-04:00,0.5,0.5,0.5,0.5,33300,0.0,0.0
2008-07-03 00:00:00-04:00,0.5,0.5,0.4699999988079071,0.4699999988079071,29000,0.0,0.0
2008-07-07 00:00:00-04:00,0.49000000953674316,0.49000000953674316,0.46000000834465027,0.46000000834465027,114200,0.0,0.0
2008-07-08 00:00:00-04:00,0.44999998807907104,0.550000011920929,0.44999998807907104,0.5299999713897705,64500,0.0,0.0
2008-07-09 00:00:00-04:00,0.5199999809265137,0.5199999809265137,0.5,0.5,7000,0.0,0.0
2008-07-10 00:00:00-04:00,0.49000000953674316,0.49000000953674316,0.49000000953674316,0.49000000953674316,2000,0.0,0.0
2008-07-11 00:00:00-04:00,0.47999998927116394,0.47999998927116394,0.47999998927116394,0.47999998927116394,3200,0.0,0.0
2008-07-14 00:00:00-04:00,0.47999998927116394,0.47999998927116394,0.47999998927116394,0.47999998927116394,0,0.0,0.0
2008-07-15 00:00:00-04:00,0.47999998927116394,0.47999998927116394,0.47999998927116394,0.47999998927116394,0,0.0,0.0
2008-07-16 00:00:00-04:00,0.4300000071525574,0.4300000071525574,0.4300000071525574,0.4300000071525574,2000,0.0,0.0
2008-07-17 00:00:00-04:00,0.47999998927116394,0.47999998927116394,0.47999998927116394,0.47999998927116394,1000,0.0,0.0
2008-07-18 00:00:00-04:00,0.47999998927116394,0.5,0.4300000071525574,0.4300000071525574,14000,0.0,0.0
2008-07-21 00:00:00-04:00,0.4300000071525574,0.4300000071525574,0.4000000059604645,0.4099999964237213,37800,0.0,0.0
2008-07-22 00:00:00-04:00,0.41999998688697815,0.41999998688697815,0.38999998569488525,0.38999998569488525,7500,0.0,0.0
2008-07-23 00:00:00-04:00,0.4300000071525574,0.4300000071525574,0.38999998569488525,0.4099999964237213,30900,0.0,0.0
2008-07-24 00:00:00-04:00,0.3199999928474426,0.5099999904632568,0.3199999928474426,0.5099999904632568,2100,0.0,0.0
2008-07-25 00:00:00-04:00,0.3499999940395355,0.5099999904632568,0.33000001311302185,0.5,10400,0.0,0.0
2008-07-28 00:00:00-04:00,0.4000000059604645,0.4099999964237213,0.4000000059604645,0.4099999964237213,1700,0.0,0.0
2008-07-29 00:00:00-04:00,0.4000000059604645,0.4000000059604645,0.4000000059604645,0.4000000059604645,10000,0.0,0.0
2008-07-30 00:00:00-04:00,0.4000000059604645,0.4000000059604645,0.3400000035762787,0.38999998569488525,66500,0.0,0.0
2008-07-31 00:00:00-04:00,0.4000000059604645,0.4000000059604645,0.38999998569488525,0.4000000059604645,26000,0.0,0.0
2008-08-01 00:00:00-04:00,0.4000000059604645,0.4000000059604645,0.4000000059604645,0.4000000059604645,3000,0.0,0.0
2008-08-04 00:00:00-04:00,0.4000000059604645,0.4000000059604645,0.4000000059604645,0.4000000059604645,3000,0.0,0.0
2008-08-05 00:00:00-04:00,0.4000000059604645,0.4000000059604645,0.4000000059604645,0.4000000059604645,200,0.0,0.0
2008-08-06 00:00:00-04:00,0.4000000059604645,0.4000000059604645,0.4000000059604645,0.4000000059604645,0,0.0,0.0
2008-08-07 00:00:00-04:00,0.3799999952316284,0.4000000059604645,0.3799999952316284,0.4000000059604645,4800,0.0,0.0
2008-08-08 00:00:00-04:00,0.38999998569488525,0.4000000059604645,0.3799999952316284,0.4000000059604645,9700,0.0,0.0
2008-08-11 00:00:00-04:00,0.4000000059604645,0.4000000059604645,0.4000000059604645,0.4000000059604645,32200,0.0,0.0
2008-08-12 00:00:00-04:00,0.30000001192092896,0.44999998807907104,0.30000001192092896,0.44999998807907104,21500,0.0,0.0
2008-08-13 00:00:00-04:00,0.3799999952316284,0.3799999952316284,0.3799999952316284,0.3799999952316284,1500,0.0,0.0
2008-08-14 00:00:00-04:00,0.3799999952316284,0.3799999952316284,0.3799999952316284,0.3799999952316284,1500,0.0,0.0
2008-08-15 00:00:00-04:00,0.3799999952316284,0.3799999952316284,0.3799999952316284,0.3799999952316284,1500,0.0,0.0
2008-08-18 00:00:00-04:00,0.3799999952316284,0.3799999952316284,0.3799999952316284,0.3799999952316284,0,0.0,0.0
2008-08-19 00:00:00-04:00,0.3799999952316284,0.3799999952316284,0.3799999952316284,0.3799999952316284,1500,0.0,0.0
2008-08-20 00:00:00-04:00,0.3799999952316284,0.3799999952316284,0.3799999952316284,0.3799999952316284,1500,0.0,0.0
2008-08-21 00:00:00-04:00,0.3799999952316284,0.3799999952316284,0.3799999952316284,0.3799999952316284,0,0.0,0.0
2008-08-22 00:00:00-04:00,0.3799999952316284,0.3799999952316284,0.3799999952316284,0.3799999952316284,1000,0.0,0.0
2008-08-25 00:00:00-04:00,0.3799999952316284,0.3799999952316284,0.3799999952316284,0.3799999952316284,100,0.0,0.0
2008-08-26 00:00:00-04:00,0.3799999952316284,0.3799999952316284,0.3799999952316284,0.3799999952316284,0,0.0,0.0
2008-08-27 00:00:00-04:00,0.4000000059604645,0.4000000059604645,0.4000000059604645,0.4000000059604645,5000,0.0,0.0
2008-08-28 00:00:00-04:00,0.4000000059604645,0.4000000059604645,0.3799999952316284,0.3799999952316284,11500,0.0,0.0
2008-08-29 00:00:00-04:00,0.3799999952316284,0.3799999952316284,0.3799999952316284,0.3799999952316284,1500,0.0,0.0
2008-09-02 00:00:00-04:00,0.3799999952316284,0.3799999952316284,0.3799999952316284,0.3799999952316284,0,0.0,0.0
2008-09-03 00:00:00-04:00,0.44999998807907104,0.5,0.44999998807907104,0.5,3700,0.0,0.0
2008-09-04 00:00:00-04:00,0.5,0.5,0.5,0.5,0,0.0,0.0
2008-09-05 00:00:00-04:00,0.5,0.5,0.5,0.5,0,0.0,0.0
2008-09-08 00:00:00-04:00,0.44999998807907104,0.44999998807907104,0.44999998807907104,0.44999998807907104,200,0.0,0.0
2008-09-09 00:00:00-04:00,0.44999998807907104,0.44999998807907104,0.44999998807907104,0.44999998807907104,8400,0.0,0.0
2008-09-10 00:00:00-04:00,0.44999998807907104,0.44999998807907104,0.44999998807907104,0.44999998807907104,0,0.0,0.0
2008-09-11 00:00:00-04:00,0.44999998807907104,0.44999998807907104,0.44999998807907104,0.44999998807907104,0,0.0,0.0
2008-09-12 00:00:00-04:00,0.44999998807907104,0.44999998807907104,0.4399999976158142,0.4399999976158142,7000,0.0,0.0
2008-09-15 00:00:00-04:00,0.4399999976158142,0.4399999976158142,0.4399999976158142,0.4399999976158142,0,0.0,0.0
2008-09-16 00:00:00-04:00,0.4399999976158142,0.4399999976158142,0.4399999976158142,0.4399999976158142,0,0.0,0.0
2008-09-17 00:00:00-04:00,0.4000000059604645,0.4000000059604645,0.4000000059604645,0.4000000059604645,1300,0.0,0.0
2008-09-18 00:00:00-04:00,0.4000000059604645,0.4000000059604645,0.4000000059604645,0.4000000059604645,2800,0.0,0.0
2008-09-19 00:00:00-04:00,0.4000000059604645,0.4000000059604645,0.4000000059604645,0.4000000059604645,200,0.0,0.0
2008-09-22 00:00:00-04:00,0.44999998807907104,0.5,0.44999998807907104,0.44999998807907104,17700,0.0,0.0
2008-09-23 00:00:00-04:00,0.44999998807907104,0.44999998807907104,0.44999998807907104,0.44999998807907104,0,0.0,0.0
2008-09-24 00:00:00-04:00,0.44999998807907104,0.44999998807907104,0.44999998807907104,0.44999998807907104,5100,0.0,0.0
2008-09-25 00:00:00-04:00,0.30000001192092896,0.5,0.30000001192092896,0.5,4200,0.0,0.0
2008-09-26 00:00:00-04:00,0.3499999940395355,0.3499999940395355,0.3499999940395355,0.3499999940395355,200,0.0,0.0
2008-09-29 00:00:00-04:00,0.30000001192092896,0.30000001192092896,0.30000001192092896,0.30000001192092896,400,0.0,0.0
2008-09-30 00:00:00-04:00,0.30000001192092896,0.30000001192092896,0.30000001192092896,0.30000001192092896,0,0.0,0.0
2008-10-01 00:00:00-04:00,0.30000001192092896,0.30000001192092896,0.30000001192092896,0.30000001192092896,0,0.0,0.0
2008-10-02 00:00:00-04:00,0.30000001192092896,0.30000001192092896,0.30000001192092896,0.30000001192092896,100,0.0,0.0
2008-10-03 00:00:00-04:00,0.30000001192092896,0.30000001192092896,0.30000001192092896,0.30000001192092896,1200,0.0,0.0
2008-10-06 00:00:00-04:00,0.3499999940395355,0.3499999940395355,0.3499999940395355,0.3499999940395355,500,0.0,0.0
2008-10-07 00:00:00-04:00,0.30000001192092896,0.3499999940395355,0.30000001192092896,0.30000001192092896,25800,0.0,0.0
2008-10-08 00:00:00-04:00,0.25999999046325684,0.25999999046325684,0.25,0.25,16000,0.0,0.0
2008-10-09 00:00:00-04:00,0.3499999940395355,0.3499999940395355,0.25,0.25,9200,0.0,0.0
2008-10-10 00:00:00-04:00,0.25,0.25999999046325684,0.25,0.25999999046325684,17600,0.0,0.0
2008-10-13 00:00:00-04:00,0.25,0.25,0.25,0.25,18000,0.0,0.0
2008-10-14 00:00:00-04:00,0.25,0.25,0.25,0.25,1000,0.0,0.0
2008-10-15 00:00:00-04:00,0.3499999940395355,0.3499999940395355,0.3499999940395355,0.3499999940395355,200,0.0,0.0
2008-10-16 00:00:00-04:00,0.25,0.25,0.25,0.25,1000,0.0,0.0
2008-10-17 00:00:00-04:00,0.25999999046325684,0.25999999046325684,0.25999999046325684,0.25999999046325684,2000,0.0,0.0
2008-10-20 00:00:00-04:00,0.25999999046325684,0.25999999046325684,0.25999999046325684,0.25999999046325684,2000,0.0,0.0
2008-10-21 00:00:00-04:00,0.25999999046325684,0.25999999046325684,0.25999999046325684,0.25999999046325684,0,0.0,0.0
2008-10-22 00:00:00-04:00,0.25999999046325684,0.25999999046325684,0.25999999046325684,0.25999999046325684,0,0.0,0.0
2008-10-23 00:00:00-04:00,0.25999999046325684,0.25999999046325684,0.25999999046325684,0.25999999046325684,500,0.0,0.0
2008-10-24 00:00:00-04:00,0.25999999046325684,0.25999999046325684,0.25999999046325684,0.25999999046325684,2000,0.0,0.0
2008-10-27 00:00:00-04:00,0.25999999046325684,0.25999999046325684,0.25999999046325684,0.25999999046325684,300,0.0,0.0
2008-10-28 00:00:00-04:00,0.25999999046325684,0.25999999046325684,0.25999999046325684,0.25999999046325684,0,0.0,0.0
2008-10-29 00:00:00-04:00,0.25999999046325684,0.25999999046325684,0.25999999046325684,0.25999999046325684,0,0.0,0.0
2008-10-30 00:00:00-04:00,0.25999999046325684,0.25999999046325684,0.25999999046325684,0.25999999046325684,0,0.0,0.0
2008-10-31 00:00:00-04:00,0.25999999046325684,0.27000001072883606,0.25999999046325684,0.27000001072883606,800,0.0,0.0
2008-11-03 00:00:00-05:00,0.25999999046325684,0.25999999046325684,0.25999999046325684,0.25999999046325684,2000,0.0,0.0
2008-11-04 00:00:00-05:00,0.25999999046325684,0.27000001072883606,0.25999999046325684,0.27000001072883606,1000,0.0,0.0
2008-11-05 00:00:00-05:00,0.27000001072883606,0.27000001072883606,0.27000001072883606,0.27000001072883606,500,0.0,0.0
2008-11-06 00:00:00-05:00,0.27000001072883606,0.2800000011920929,0.27000001072883606,0.27000001072883606,700,0.0,0.0
2008-11-07 00:00:00-05:00,0.27000001072883606,0.27000001072883606,0.27000001072883606,0.27000001072883606,0,0.0,0.0
2008-11-10 00:00:00-05:00,0.2800000011920929,0.3499999940395355,0.2800000011920929,0.3499999940395355,14900,0.0,0.0
2008-11-11 00:00:00-05:00,0.3199999928474426,0.3199999928474426,0.3100000023841858,0.3199999928474426,25000,0.0,0.0
2008-11-12 00:00:00-05:00,0.27000001072883606,0.3100000023841858,0.27000001072883606,0.3100000023841858,1800,0.0,0.0
2008-11-13 00:00:00-05:00,0.30000001192092896,0.30000001192092896,0.30000001192092896,0.30000001192092896,1000,0.0,0.0
2008-11-14 00:00:00-05:00,0.27000001072883606,0.27000001072883606,0.20999999344348907,0.20999999344348907,31900,0.0,0.0
2008-11-17 00:00:00-05:00,0.20999999344348907,0.20999999344348907,0.20999999344348907,0.20999999344348907,0,0.0,0.0
2008-11-18 00:00:00-05:00,0.20999999344348907,0.20999999344348907,0.20999999344348907,0.20999999344348907,0,0.0,0.0
2008-11-19 00:00:00-05:00,0.20999999344348907,0.20999999344348907,0.20999999344348907,0.20999999344348907,600,0.0,0.0
2008-11-20 00:00:00-05:00,0.20000000298023224,0.20999999344348907,0.20000000298023224,0.20999999344348907,13600,0.0,0.0
2008-11-21 00:00:00-05:00,0.20999999344348907,0.20999999344348907,0.20999999344348907,0.20999999344348907,0,0.0,0.0
2008-11-24 00:00:00-05:00,0.23000000417232513,0.23000000417232513,0.20000000298023224,0.20000000298023224,21200,0.0,0.0
2008-11-25 00:00:00-05:00,0.1599999964237213,0.20000000298023224,0.1599999964237213,0.20000000298023224,75000,0.0,0.0
2008-11-26 00:00:00-05:00,0.20000000298023224,0.20000000298023224,0.20000000298023224,0.20000000298023224,0,0.0,0.0
2008-11-28 00:00:00-05:00,0.20000000298023224,0.20000000298023224,0.20000000298023224,0.20000000298023224,0,0.0,0.0
2008-12-01 00:00:00-05:00,0.15000000596046448,0.18000000715255737,0.15000000596046448,0.18000000715255737,6400,0.0,0.0
2008-12-02 00:00:00-05:00,0.18000000715255737,0.18000000715255737,0.18000000715255737,0.18000000715255737,12000,0.0,0.0
2008-12-03 00:00:00-05:00,0.25,0.25,0.25,0.25,20700,0.0,0.0
2008-12-04 00:00:00-05:00,0.23999999463558197,0.23999999463558197,0.23999999463558197,0.23999999463558197,700,0.0,0.0
2008-12-05 00:00:00-05:00,0.18000000715255737,0.1899999976158142,0.18000000715255737,0.1899999976158142,86800,0.0,0.0
2008-12-08 00:00:00-05:00,0.2199999988079071,0.2199999988079071,0.2199999988079071,0.2199999988079071,6500,0.0,0.0
2008-12-09 00:00:00-05:00,0.23999999463558197,0.25,0.23999999463558197,0.25,21300,0.0,0.0
2008-12-10 00:00:00-05:00,0.25,0.25,0.25,0.25,0,0.0,0.0
2008-12-11 00:00:00-05:00,0.25,0.25,0.25,0.25,6000,0.0,0.0
2008-12-12 00:00:00-05:00,0.25,0.25,0.25,0.25,0,0.0,0.0
2008-12-15 00:00:00-05:00,0.25,0.25,0.25,0.25,0,0.0,0.0
2008-12-16 00:00:00-05:00,0.25,0.25,0.25,0.25,12700,0.0,0.0
2008-12-17 00:00:00-05:00,0.2199999988079071,0.2199999988079071,0.2199999988079071,0.2199999988079071,100,0.0,0.0
2008-12-18 00:00:00-05:00,0.25,0.2800000011920929,0.25,0.25,30700,0.0,0.0
2008-12-19 00:00:00-05:00,0.25,0.2800000011920929,0.25,0.2800000011920929,40000,0.0,0.0
2008-12-22 00:00:00-05:00,0.25,0.25,0.18000000715255737,0.18000000715255737,95600,0.0,0.0
2008-12-23 00:00:00-05:00,0.17000000178813934,0.17000000178813934,0.17000000178813934,0.17000000178813934,400,0.0,0.0
2008-12-24 00:00:00-05:00,0.17000000178813934,0.17000000178813934,0.17000000178813934,0.17000000178813934,0,0.0,0.0
2008-12-26 00:00:00-05:00,0.17000000178813934,0.17000000178813934,0.17000000178813934,0.17000000178813934,0,0.0,0.0
2008-12-29 00:00:00-05:00,0.17000000178813934,0.17000000178813934,0.17000000178813934,0.17000000178813934,20100,0.0,0.0
2008-12-30 00:00:00-05:00,0.17000000178813934,0.18000000715255737,0.17000000178813934,0.18000000715255737,3400,0.0,0.0
2008-12-31 00:00:00-05:00,0.18000000715255737,0.18000000715255737,0.18000000715255737,0.18000000715255737,0,0.0,0.0
2009-01-02 00:00:00-05:00,0.20999999344348907,0.20999999344348907,0.20999999344348907,0.20999999344348907,200,0.0,0.0
2009-01-05 00:00:00-05:00,0.20999999344348907,0.20999999344348907,0.20999999344348907,0.20999999344348907,0,0.0,0.0
2009-01-06 00:00:00-05:00,0.20999999344348907,0.20999999344348907,0.20999999344348907,0.20999999344348907,0,0.0,0.0
2009-01-07 00:00:00-05:00,0.20999999344348907,0.20999999344348907,0.20999999344348907,0.20999999344348907,0,0.0,0.0
2009-01-08 00:00:00-05:00,0.18000000715255737,0.18000000715255737,0.18000000715255737,0.18000000715255737,200,0.0,0.0
2009-01-09 00:00:00-05:00,0.18000000715255737,0.18000000715255737,0.18000000715255737,0.18000000715255737,0,0.0,0.0
2009-01-12 00:00:00-05:00,0.18000000715255737,0.18000000715255737,0.18000000715255737,0.18000000715255737,0,0.0,0.0
2009-01-13 00:00:00-05:00,0.18000000715255737,0.18000000715255737,0.18000000715255737,0.18000000715255737,0,0.0,0.0
2009-01-14 00:00:00-05:00,0.18000000715255737,0.18000000715255737,0.18000000715255737,0.18000000715255737,7200,0.0,0.0
2009-01-15 00:00:00-05:00,0.18000000715255737,0.18000000715255737,0.18000000715255737,0.18000000715255737,0,0.0,0.0
2009-01-16 00:00:00-05:00,0.18000000715255737,0.18000000715255737,0.18000000715255737,0.18000000715255737,0,0.0,0.0
2009-01-20 00:00:00-05:00,0.18000000715255737,0.18000000715255737,0.18000000715255737,0.18000000715255737,100,0.0,0.0
2009-01-21 00:00:00-05:00,0.18000000715255737,0.18000000715255737,0.18000000715255737,0.18000000715255737,0,0.0,0.0
2009-01-22 00:00:00-05:00,0.18000000715255737,0.18000000715255737,0.18000000715255737,0.18000000715255737,0,0.0,0.0
2009-01-23 00:00:00-05:00,0.18000000715255737,0.18000000715255737,0.18000000715255737,0.18000000715255737,5500,0.0,0.0
2009-01-26 00:00:00-05:00,0.18000000715255737,0.18000000715255737,0.18000000715255737,0.18000000715255737,0,0.0,0.0
2009-01-27 00:00:00-05:00,0.18000000715255737,0.20000000298023224,0.18000000715255737,0.20000000298023224,16100,0.0,0.0
2009-01-28 00:00:00-05:00,0.20000000298023224,0.20000000298023224,0.20000000298023224,0.20000000298023224,22500,0.0,0.0
2009-01-29 00:00:00-05:00,0.18000000715255737,0.20000000298023224,0.18000000715255737,0.20000000298023224,19000,0.0,0.0
2009-01-30 00:00:00-05:00,0.18000000715255737,0.18000000715255737,0.18000000715255737,0.18000000715255737,1000,0.0,0.0
2009-02-02 00:00:00-05:00,0.18000000715255737,0.20000000298023224,0.18000000715255737,0.20000000298023224,31000,0.0,0.0
2009-02-03 00:00:00-05:00,0.18000000715255737,0.23000000417232513,0.18000000715255737,0.23000000417232513,5000,0.0,0.0
2009-02-04 00:00:00-05:00,0.18000000715255737,0.18000000715255737,0.18000000715255737,0.18000000715255737,1000,0.0,0.0
2009-02-05 00:00:00-05:00,0.20000000298023224,0.20000000298023224,0.20000000298023224,0.20000000298023224,7000,0.0,0.0
2009-02-06 00:00:00-05:00,0.23000000417232513,0.25,0.23000000417232513,0.25,29500,0.0,0.0
2009-02-09 00:00:00-05:00,0.25,0.25,0.25,0.25,5000,0.0,0.0
2009-02-10 00:00:00-05:00,0.25,0.25,0.25,0.25,5000,0.0,0.0
2009-02-11 00:00:00-05:00,0.28999999165534973,0.3499999940395355,0.28999999165534973,0.3499999940395355,10800,0.0,0.0
2009-02-12 00:00:00-05:00,0.28999999165534973,0.30000001192092896,0.28999999165534973,0.30000001192092896,29000,0.0,0.0
2009-02-13 00:00:00-05:00,0.30000001192092896,0.30000001192092896,0.30000001192092896,0.30000001192092896,5000,0.0,0.0
2009-02-17 00:00:00-05:00,0.3400000035762787,0.3400000035762787,0.3400000035762787,0.3400000035762787,36000,0.0,0.0
2009-02-18 00:00:00-05:00,0.25,0.3400000035762787,0.25,0.3400000035762787,16200,0.0,0.0
2009-02-19 00:00:00-05:00,0.30000001192092896,0.30000001192092896,0.30000001192092896,0.30000001192092896,16500,0.0,0.0
2009-02-20 00:00:00-05:00,0.30000001192092896,0.30000001192092896,0.30000001192092896,0.30000001192092896,10000,0.0,0.0
2009-02-23 00:00:00-05:00,0.30000001192092896,0.30000001192092896,0.30000001192092896,0.30000001192092896,0,0.0,0.0
2009-02-24 00:00:00-05:00,0.30000001192092896,0.30000001192092896,0.30000001192092896,0.30000001192092896,15000,0.0,0.0
2009-02-25 00:00:00-05:00,0.30000001192092896,0.30000001192092896,0.30000001192092896,0.30000001192092896,5000,0.0,0.0
2009-02-26 00:00:00-05:00,0.30000001192092896,0.30000001192092896,0.30000001192092896,0.30000001192092896,0,0.0,0.0
2009-02-27 00:00:00-05:00,0.30000001192092896,0.30000001192092896,0.30000001192092896,0.30000001192092896,15000,0.0,0.0
2009-03-02 00:00:00-05:00,0.25,0.25,0.25,0.25,5000,0.0,0.0
2009-03-03 00:00:00-05:00,0.23999999463558197,0.25,0.2199999988079071,0.25,7800,0.0,0.0
2009-03-04 00:00:00-05:00,0.25,0.25,0.25,0.25,5200,0.0,0.0
2009-03-05 00:00:00-05:00,0.25,0.25,0.23999999463558197,0.23999999463558197,12000,0.0,0.0
2009-03-06 00:00:00-05:00,0.23999999463558197,0.23999999463558197,0.23999999463558197,0.23999999463558197,0,0.0,0.0
2009-03-09 00:00:00-04:00,0.20000000298023224,0.20000000298023224,0.20000000298023224,0.20000000298023224,35000,0.0,0.0
2009-03-10 00:00:00-04:00,0.20000000298023224,0.23999999463558197,0.10000000149011612,0.15000000596046448,60500,0.0,0.0
2009-03-11 00:00:00-04:00,0.17000000178813934,0.20000000298023224,0.17000000178813934,0.20000000298023224,40200,0.0,0.0
2009-03-12 00:00:00-04:00,0.23999999463558197,0.23999999463558197,0.23999999463558197,0.23999999463558197,1000,0.0,0.0
2009-03-13 00:00:00-04:00,0.23999999463558197,0.23999999463558197,0.23999999463558197,0.23999999463558197,0,0.0,0.0
2009-03-16 00:00:00-04:00,0.23999999463558197,0.23999999463558197,0.23999999463558197,0.23999999463558197,0,0.0,0.0
2009-03-17 00:00:00-04:00,0.23999999463558197,0.23999999463558197,0.23999999463558197,0.23999999463558197,0,0.0,0.0
2009-03-18 00:00:00-04:00,0.23999999463558197,0.23999999463558197,0.23999999463558197,0.23999999463558197,0,0.0,0.0
2009-03-19 00:00:00-04:00,0.20999999344348907,0.23999999463558197,0.20999999344348907,0.23999999463558197,5500,0.0,0.0
2009-03-20 00:00:00-04:00,0.23999999463558197,0.25,0.23999999463558197,0.25,24500,0.0,0.0
2009-03-23 00:00:00-04:00,0.20000000298023224,0.20000000298023224,0.20000000298023224,0.20000000298023224,1000,0.0,0.0
2009-03-24 00:00:00-04:00,0.20000000298023224,0.20000000298023224,0.20000000298023224,0.20000000298023224,500,0.0,0.0
2009-03-25 00:00:00-04:00,0.20000000298023224,0.20000000298023224,0.20000000298023224,0.20000000298023224,500,0.0,0.0
2009-03-26 00:00:00-04:00,0.20000000298023224,0.20000000298023224,0.20000000298023224,0.20000000298023224,500,0.0,0.0
2009-03-27 00:00:00-04:00,0.20999999344348907,0.25,0.20999999344348907,0.25,10500,0.0,0.0
2009-03-30 00:00:00-04:00,0.25,0.25,0.2199999988079071,0.25,25500,0.0,0.0
2009-03-31 00:00:00-04:00,0.25,0.25,0.2199999988079071,0.25,35600,0.0,0.0
2009-04-01 00:00:00-04:00,0.20999999344348907,0.25,0.20999999344348907,0.23000000417232513,18000,0.0,0.0
2009-04-02 00:00:00-04:00,0.20000000298023224,0.23000000417232513,0.20000000298023224,0.20999999344348907,80500,0.0,0.0
2009-04-03 00:00:00-04:00,0.20999999344348907,0.2199999988079071,0.20000000298023224,0.20000000298023224,24700,0.0,0.0
2009-04-06 00:00:00-04:00,0.27000001072883606,0.30000001192092896,0.27000001072883606,0.30000001192092896,58300,0.0,0.0
2009-04-07 00:00:00-04:00,0.3499999940395355,0.3499999940395355,0.25,0.30000001192092896,30000,0.0,0.0
2009-04-08 00:00:00-04:00,0.25,0.30000001192092896,0.25,0.30000001192092896,38500,0.0,0.0
2009-04-09 00:00:00-04:00,0.30000001192092896,0.3499999940395355,0.30000001192092896,0.3499999940395355,21300,0.0,0.0
2009-04-13 00:00:00-04:00,0.33000001311302185,0.3499999940395355,0.30000001192092896,0.30000001192092896,53300,0.0,0.0
2009-04-14 00:00:00-04:00,0.3499999940395355,0.38999998569488525,0.3499999940395355,0.3499999940395355,25300,0.0,0.0
2009-04-15 00:00:00-04:00,0.30000001192092896,0.30000001192092896,0.30000001192092896,0.30000001192092896,500,0.0,0.0
2009-04-16 00:00:00-04:00,0.3799999952316284,0.38999998569488525,0.3799999952316284,0.38999998569488525,12000,0.0,0.0
2009-04-17 00:00:00-04:00,0.4000000059604645,0.4000000059604645,0.4000000059604645,0.4000000059604645,49000,0.0,0.0
2009-04-20 00:00:00-04:00,0.44999998807907104,0.44999998807907104,0.4000000059604645,0.4000000059604645,18000,0.0,0.0
2009-04-21 00:00:00-04:00,0.44999998807907104,0.44999998807907104,0.4000000059604645,0.4000000059604645,37700,0.0,0.0
2009-04-22 00:00:00-04:00,0.44999998807907104,0.44999998807907104,0.44999998807907104,0.44999998807907104,10000,0.0,0.0
2009-04-23 00:00:00-04:00,0.3799999952316284,0.3799999952316284,0.3799999952316284,0.3799999952316284,500,0.0,0.0
2009-04-24 00:00:00-04:00,0.3799999952316284,0.3799999952316284,0.3799999952316284,0.3799999952316284,500,0.0,0.0
2009-04-27 00:00:00-04:00,0.44999998807907104,0.44999998807907104,0.3799999952316284,0.3799999952316284,14000,0.0,0.0
2009-04-28 00:00:00-04:00,0.38999998569488525,0.38999998569488525,0.38999998569488525,0.38999998569488525,7100,0.0,0.0
2009-04-29 00:00:00-04:00,0.4000000059604645,0.44999998807907104,0.4000000059604645,0.44999998807907104,32300,0.0,0.0
2009-04-30 00:00:00-04:00,0.44999998807907104,0.44999998807907104,0.3499999940395355,0.3499999940395355,8900,0.0,0.0
2009-05-01 00:00:00-04:00,0.3499999940395355,0.3499999940395355,0.3499999940395355,0.3499999940395355,0,0.0,0.0
2009-05-04 00:00:00-04:00,0.4000000059604645,0.4000000059604645,0.4000000059604645,0.4000000059604645,5000,0.0,0.0
2009-05-05 00:00:00-04:00,0.4000000059604645,0.4000000059604645,0.4000000059604645,0.4000000059604645,5000,0.0,0.0
2009-05-06 00:00:00-04:00,0.3499999940395355,0.4000000059604645,0.3499999940395355,0.4000000059604645,9700,0.0,0.0
2009-05-07 00:00:00-04:00,0.4000000059604645,0.4000000059604645,0.4000000059604645,0.4000000059604645,0,0.0,0.0
2009-05-08 00:00:00-04:00,0.3499999940395355,0.3799999952316284,0.3499999940395355,0.3799999952316284,14700,0.0,0.0
2009-05-11 00:00:00-04:00,0.3799999952316284,0.3799999952316284,0.3799999952316284,0.3799999952316284,0,0.0,0.0
2009-05-12 00:00:00-04:00,0.41999998688697815,0.41999998688697815,0.3499999940395355,0.3499999940395355,4000,0.0,0.0
2009-05-13 00:00:00-04:00,0.3499999940395355,0.3499999940395355,0.3499999940395355,0.3499999940395355,1000,0.0,0.0
2009-05-14 00:00:00-04:00,0.3499999940395355,0.4300000071525574,0.30000001192092896,0.4300000071525574,8200,0.0,0.0
2009-05-15 00:00:00-04:00,0.4300000071525574,0.4399999976158142,0.4000000059604645,0.4000000059604645,26400,0.0,0.0
2009-05-18 00:00:00-04:00,0.4000000059604645,0.4000000059604645,0.4000000059604645,0.4000000059604645,26000,0.0,0.0
2009-05-19 00:00:00-04:00,0.3799999952316284,0.3799999952316284,0.3799999952316284,0.3799999952316284,5000,0.0,0.0
2009-05-20 00:00:00-04:00,0.3799999952316284,0.3799999952316284,0.3799999952316284,0.3799999952316284,0,0.0,0.0
2009-05-21 00:00:00-04:00,0.3799999952316284,0.3799999952316284,0.3799999952316284,0.3799999952316284,0,0.0,0.0
2009-05-22 00:00:00-04:00,0.4000000059604645,0.4000000059604645,0.3499999940395355,0.3499999940395355,10500,0.0,0.0
2009-05-26 00:00:00-04:00,0.30000001192092896,0.30000001192092896,0.30000001192092896,0.30000001192092896,500,0.0,0.0
2009-05-27 00:00:00-04:00,0.4000000059604645,0.4000000059604645,0.30000001192092896,0.30000001192092896,5500,0.0,0.0
2009-05-28 00:00:00-04:00,0.30000001192092896,0.30000001192092896,0.30000001192092896,0.30000001192092896,500,0.0,0.0
2009-05-29 00:00:00-04:00,0.33000001311302185,0.33000001311302185,0.33000001311302185,0.33000001311302185,500,0.0,0.0
2009-06-01 00:00:00-04:00,0.33000001311302185,0.33000001311302185,0.33000001311302185,0.33000001311302185,0,0.0,0.0
2009-06-02 00:00:00-04:00,0.33000001311302185,0.33000001311302185,0.33000001311302185,0.33000001311302185,0,0.0,0.0
2009-06-03 00:00:00-04:00,0.33000001311302185,0.33000001311302185,0.33000001311302185,0.33000001311302185,0,0.0,0.0
2009-06-04 00:00:00-04:00,0.33000001311302185,0.3499999940395355,0.33000001311302185,0.3499999940395355,5300,0.0,0.0
2009-06-05 00:00:00-04:00,0.3499999940395355,0.3499999940395355,0.3499999940395355,0.3499999940395355,0,0.0,0.0
2009-06-08 00:00:00-04:00,0.3499999940395355,0.3499999940395355,0.3499999940395355,0.3499999940395355,5000,0.0,0.0
2009-06-09 00:00:00-04:00,0.3100000023841858,0.3100000023841858,0.3100000023841858,0.3100000023841858,500,0.0,0.0
2009-06-10 00:00:00-04:00,0.3100000023841858,0.3100000023841858,0.3100000023841858,0.3100000023841858,500,0.0,0.0
2009-06-11 00:00:00-04:00,0.3100000023841858,0.3100000023841858,0.3100000023841858,0.3100000023841858,5000,0.0,0.0
2009-06-12 00:00:00-04:00,0.3100000023841858,0.3100000023841858,0.3100000023841858,0.3100000023841858,300,0.0,0.0
2009-06-15 00:00:00-04:00,0.3100000023841858,0.3100000023841858,0.3100000023841858,0.3100000023841858,500,0.0,0.0
2009-06-16 00:00:00-04:00,0.3100000023841858,0.3100000023841858,0.3100000023841858,0.3100000023841858,700,0.0,0.0
2009-06-17 00:00:00-04:00,0.3100000023841858,0.33000001311302185,0.3100000023841858,0.3100000023841858,21300,0.0,0.0
2009-06-18 00:00:00-04:00,0.3100000023841858,0.3100000023841858,0.3100000023841858,0.3100000023841858,0,0.0,0.0
2009-06-19 00:00:00-04:00,0.3199999928474426,0.3199999928474426,0.3199999928474426,0.3199999928474426,7500,0.0,0.0
2009-06-22 00:00:00-04:00,0.3199999928474426,0.3199999928474426,0.3199999928474426,0.3199999928474426,0,0.0,0.0
2009-06-23 00:00:00-04:00,0.3199999928474426,0.3199999928474426,0.3199999928474426,0.3199999928474426,4500,0.0,0.0
2009-06-24 00:00:00-04:00,0.3199999928474426,0.3199999928474426,0.3199999928474426,0.3199999928474426,3500,0.0,0.0
2009-06-25 00:00:00-04:00,0.3199999928474426,0.3199999928474426,0.3199999928474426,0.3199999928474426,5500,0.0,0.0
2009-06-26 00:00:00-04:00,0.3100000023841858,0.3100000023841858,0.3100000023841858,0.3100000023841858,4500,0.0,0.0
2009-06-29 00:00:00-04:00,0.3100000023841858,0.3100000023841858,0.3100000023841858,0.3100000023841858,200,0.0,0.0
2009-06-30 00:00:00-04:00,0.3100000023841858,0.3100000023841858,0.3100000023841858,0.3100000023841858,2500,0.0,0.0
2009-07-01 00:00:00-04:00,0.3100000023841858,0.3100000023841858,0.3100000023841858,0.3100000023841858,0,0.0,0.0
2009-07-02 00:00:00-04:00,0.25999999046325684,0.25999999046325684,0.25999999046325684,0.25999999046325684,500,0.0,0.0
2009-07-06 00:00:00-04:00,0.2800000011920929,0.3199999928474426,0.2800000011920929,0.3199999928474426,16800,0.0,0.0
2009-07-07 00:00:00-04:00,0.30000001192092896,0.30000001192092896,0.2800000011920929,0.2800000011920929,9500,0.0,0.0
2009-07-08 00:00:00-04:00,0.2800000011920929,0.2800000011920929,0.2800000011920929,0.2800000011920929,0,0.0,0.0
2009-07-09 00:00:00-04:00,0.25,0.25,0.25,0.25,1000,0.0,0.0
2009-07-10 00:00:00-04:00,0.30000001192092896,0.30000001192092896,0.25,0.25999999046325684,18000,0.0,0.0
2009-07-13 00:00:00-04:00,0.25999999046325684,0.25999999046325684,0.25999999046325684,0.25999999046325684,0,0.0,0.0
2009-07-14 00:00:00-04:00,0.30000001192092896,0.30000001192092896,0.30000001192092896,0.30000001192092896,2500,0.0,0.0
2009-07-15 00:00:00-04:00,0.25,0.25,0.25,0.25,500,0.0,0.0
2009-07-16 00:00:00-04:00,0.25,0.25,0.25,0.25,500,0.0,0.0
2009-07-17 00:00:00-04:00,0.25,0.25,0.25,0.25,0,0.0,0.0
2009-07-20 00:00:00-04:00,0.25,0.25,0.25,0.25,0,0.0,0.0
2009-07-21 00:00:00-04:00,0.25,0.25,0.25,0.25,400,0.0,0.0
2009-07-22 00:00:00-04:00,0.25,0.25,0.25,0.25,500,0.0,0.0
2009-07-23 00:00:00-04:00,0.25,0.25,0.25,0.25,600,0.0,0.0
2009-07-24 00:00:00-04:00,0.25,0.25,0.25,0.25,2500,0.0,0.0
2009-07-27 00:00:00-04:00,0.25,0.3199999928474426,0.25,0.28999999165534973,15000,0.0,0.0
2009-07-28 00:00:00-04:00,0.30000001192092896,0.3499999940395355,0.30000001192092896,0.3499999940395355,41000,0.0,0.0
2009-07-29 00:00:00-04:00,0.30000001192092896,0.4000000059604645,0.30000001192092896,0.4000000059604645,50600,0.0,0.0
2009-07-30 00:00:00-04:00,0.4000000059604645,0.4300000071525574,0.3700000047683716,0.3700000047683716,103400,0.0,0.0
2009-07-31 00:00:00-04:00,0.41999998688697815,0.4399999976158142,0.4000000059604645,0.4399999976158142,31000,0.0,0.0
2009-08-03 00:00:00-04:00,0.3700000047683716,0.3700000047683716,0.3499999940395355,0.3499999940395355,9000,0.0,0.0
2009-08-04 00:00:00-04:00,0.38999998569488525,0.38999998569488525,0.3799999952316284,0.3799999952316284,12500,0.0,0.0
2009-08-05 00:00:00-04:00,0.4000000059604645,0.4000000059604645,0.3799999952316284,0.3799999952316284,5900,0.0,0.0
2009-08-06 00:00:00-04:00,0.3499999940395355,0.3499999940395355,0.30000001192092896,0.30000001192092896,17500,0.0,0.0
2009-08-07 00:00:00-04:00,0.30000001192092896,0.30000001192092896,0.30000001192092896,0.30000001192092896,900,0.0,0.0
2009-08-10 00:00:00-04:00,0.3499999940395355,0.3499999940395355,0.3499999940395355,0.3499999940395355,19200,0.0,0.0
2009-08-11 00:00:00-04:00,0.3400000035762787,0.3499999940395355,0.3400000035762787,0.3499999940395355,23700,0.0,0.0
2009-08-12 00:00:00-04:00,0.4000000059604645,0.41999998688697815,0.4000000059604645,0.41999998688697815,19700,0.0,0.0
2009-08-13 00:00:00-04:00,0.4300000071525574,0.44999998807907104,0.4300000071525574,0.44999998807907104,79800,0.0,0.0
2009-08-14 00:00:00-04:00,0.47999998927116394,0.47999998927116394,0.44999998807907104,0.47999998927116394,53900,0.0,0.0
2009-08-17 00:00:00-04:00,0.44999998807907104,0.550000011920929,0.44999998807907104,0.47999998927116394,48000,0.0,0.0
2009-08-18 00:00:00-04:00,0.5099999904632568,0.5099999904632568,0.44999998807907104,0.46000000834465027,27700,0.0,0.0
2009-08-19 00:00:00-04:00,0.44999998807907104,0.44999998807907104,0.44999998807907104,0.44999998807907104,7500,0.0,0.0
2009-08-20 00:00:00-04:00,0.44999998807907104,0.44999998807907104,0.44999998807907104,0.44999998807907104,0,0.0,0.0
2009-08-21 00:00:00-04:00,0.3700000047683716,0.5099999904632568,0.3700000047683716,0.5,6500,0.0,0.0
2009-08-24 00:00:00-04:00,0.47999998927116394,0.47999998927116394,0.38999998569488525,0.38999998569488525,10300,0.0,0.0
2009-08-25 00:00:00-04:00,0.38999998569488525,0.38999998569488525,0.38999998569488525,0.38999998569488525,200,0.0,0.0
2009-08-26 00:00:00-04:00,0.44999998807907104,0.44999998807907104,0.44999998807907104,0.44999998807907104,500,0.0,0.0
2009-08-27 00:00:00-04:00,0.38999998569488525,0.44999998807907104,0.38999998569488525,0.44999998807907104,3000,0.0,0.0
2009-08-28 00:00:00-04:00,0.44999998807907104,0.44999998807907104,0.44999998807907104,0.44999998807907104,0,0.0,0.0
2009-08-31 00:00:00-04:00,0.4000000059604645,0.4000000059604645,0.3499999940395355,0.3499999940395355,23300,0.0,0.0
2009-09-01 00:00:00-04:00,0.4000000059604645,0.4399999976158142,0.4000000059604645,0.4000000059604645,43500,0.0,0.0
2009-09-02 00:00:00-04:00,0.4399999976158142,0.4399999976158142,0.4399999976158142,0.4399999976158142,4700,0.0,0.0
2009-09-03 00:00:00-04:00,0.4000000059604645,0.4399999976158142,0.4000000059604645,0.4399999976158142,8000,0.0,0.0
2009-09-04 00:00:00-04:00,0.4300000071525574,0.4399999976158142,0.4300000071525574,0.4399999976158142,28000,0.0,0.0
2009-09-08 00:00:00-04:00,0.4399999976158142,0.4399999976158142,0.4399999976158142,0.4399999976158142,70400,0.0,0.0
2009-09-09 00:00:00-04:00,0.4399999976158142,0.4399999976158142,0.36000001430511475,0.36000001430511475,89000,0.0,0.0
2009-09-10 00:00:00-04:00,0.36000001430511475,0.36000001430511475,0.33000001311302185,0.33000001311302185,25100,0.0,0.0
2009-09-11 00:00:00-04:00,0.36000001430511475,0.36000001430511475,0.36000001430511475,0.36000001430511475,32400,0.0,0.0
2009-09-14 00:00:00-04:00,0.36000001430511475,0.36000001430511475,0.36000001430511475,0.36000001430511475,0,0.0,0.0
2009-09-15 00:00:00-04:00,0.36000001430511475,0.36000001430511475,0.36000001430511475,0.36000001430511475,0,0.0,0.0
2009-09-16 00:00:00-04:00,0.36000001430511475,0.4399999976158142,0.36000001430511475,0.41999998688697815,21000,0.0,0.0
2009-09-17 00:00:00-04:00,0.41999998688697815,0.41999998688697815,0.41999998688697815,0.41999998688697815,0,0.0,0.0
2009-09-18 00:00:00-04:00,0.41999998688697815,0.41999998688697815,0.41999998688697815,0.41999998688697815,11700,0.0,0.0
2009-09-21 00:00:00-04:00,0.4000000059604645,0.4399999976158142,0.4000000059604645,0.4399999976158142,24300,0.0,0.0
2009-09-22 00:00:00-04:00,0.4399999976158142,0.4399999976158142,0.4399999976158142,0.4399999976158142,0,0.0,0.0
2009-09-23 00:00:00-04:00,0.4399999976158142,0.4399999976158142,0.4399999976158142,0.4399999976158142,0,0.0,0.0
2009-09-24 00:00:00-04:00,0.4000000059604645,0.41999998688697815,0.4000000059604645,0.4099999964237213,78500,0.0,0.0
2009-09-25 00:00:00-04:00,0.4099999964237213,0.4099999964237213,0.4099999964237213,0.4099999964237213,0,0.0,0.0
2009-09-28 00:00:00-04:00,0.4099999964237213,0.4099999964237213,0.4099999964237213,0.4099999964237213,0,0.0,0.0
2009-09-29 00:00:00-04:00,0.4099999964237213,0.4099999964237213,0.4099999964237213,0.4099999964237213,0,0.0,0.0
2009-09-30 00:00:00-04:00,0.41999998688697815,0.41999998688697815,0.4000000059604645,0.4000000059604645,1900,0.0,0.0
2009-10-01 00:00:00-04:00,0.41999998688697815,0.41999998688697815,0.41999998688697815,0.41999998688697815,12500,0.0,0.0
2009-10-02 00:00:00-04:00,0.3799999952316284,0.3799999952316284,0.3799999952316284,0.3799999952316284,900,0.0,0.0
2009-10-05 00:00:00-04:00,0.3799999952316284,0.3799999952316284,0.3799999952316284,0.3799999952316284,11000,0.0,0.0
2009-10-06 00:00:00-04:00,0.38999998569488525,0.38999998569488525,0.3700000047683716,0.3700000047683716,76800,0.0,0.0
2009-10-07 00:00:00-04:00,0.4000000059604645,0.41999998688697815,0.4000000059604645,0.41999998688697815,7000,0.0,0.0
2009-10-08 00:00:00-04:00,0.41999998688697815,0.4399999976158142,0.4000000059604645,0.4000000059604645,80000,0.0,0.0
2009-10-09 00:00:00-04:00,0.4000000059604645,0.4399999976158142,0.4000000059604645,0.4399999976158142,18000,0.0,0.0
2009-10-12 00:00:00-04:00,0.3799999952316284,0.3799999952316284,0.3799999952316284,0.3799999952316284,3000,0.0,0.0
2009-10-13 00:00:00-04:00,0.3799999952316284,0.3799999952316284,0.3799999952316284,0.3799999952316284,0,0.0,0.0
2009-10-14 00:00:00-04:00,0.41999998688697815,0.41999998688697815,0.41999998688697815,0.41999998688697815,5000,0.0,0.0
2009-10-15 00:00:00-04:00,0.4399999976158142,0.4399999976158142,0.4000000059604645,0.4000000059604645,11000,0.0,0.0
2009-10-16 00:00:00-04:00,0.3799999952316284,0.4000000059604645,0.3799999952316284,0.4000000059604645,13200,0.0,0.0
2009-10-19 00:00:00-04:00,0.4000000059604645,0.5,0.4000000059604645,0.44999998807907104,33900,0.0,0.0
2009-10-20 00:00:00-04:00,0.44999998807907104,0.44999998807907104,0.44999998807907104,0.44999998807907104,7000,0.0,0.0
2009-10-21 00:00:00-04:00,0.4000000059604645,0.4000000059604645,0.4000000059604645,0.4000000059604645,16600,0.0,0.0
2009-10-22 00:00:00-04:00,0.44999998807907104,0.44999998807907104,0.4000000059604645,0.4399999976158142,11000,0.0,0.0
2009-10-23 00:00:00-04:00,0.4399999976158142,0.4399999976158142,0.4399999976158142,0.4399999976158142,200,0.0,0.0
2009-10-26 00:00:00-04:00,0.4399999976158142,0.44999998807907104,0.4000000059604645,0.44999998807907104,17300,0.0,0.0
2009-10-27 00:00:00-04:00,0.44999998807907104,0.5299999713897705,0.44999998807907104,0.5,32100,0.0,0.0
2009-10-28 00:00:00-04:00,0.5,0.550000011920929,0.5,0.5099999904632568,32200,0.0,0.0
2009-10-29 00:00:00-04:00,0.5099999904632568,0.5099999904632568,0.5099999904632568,0.5099999904632568,0,0.0,0.0
2009-10-30 00:00:00-04:00,0.550000011920929,0.550000011920929,0.5199999809265137,0.5199999809265137,2200,0.0,0.0
2009-11-02 00:00:00-05:00,0.5199999809265137,0.5199999809265137,0.5199999809265137,0.5199999809265137,0,0.0,0.0
2009-11-03 00:00:00-05:00,0.5,0.5,0.44999998807907104,0.44999998807907104,5800,0.0,0.0
2009-11-04 00:00:00-05:00,0.44999998807907104,0.44999998807907104,0.44999998807907104,0.44999998807907104,200,0.0,0.0
2009-11-05 00:00:00-05:00,0.44999998807907104,0.44999998807907104,0.4099999964237213,0.44999998807907104,20000,0.0,0.0
2009-11-06 00:00:00-05:00,0.4000000059604645,0.4000000059604645,0.4000000059604645,0.4000000059604645,13000,0.0,0.0
2009-11-09 00:00:00-05:00,0.4000000059604645,0.4000000059604645,0.4000000059604645,0.4000000059604645,0,0.0,0.0
2009-11-10 00:00:00-05:00,0.3799999952316284,0.3799999952316284,0.3799999952316284,0.3799999952316284,6200,0.0,0.0
2009-11-11 00:00:00-05:00,0.44999998807907104,0.44999998807907104,0.44999998807907104,0.44999998807907104,5000,0.0,0.0
2009-11-12 00:00:00-05:00,0.44999998807907104,0.44999998807907104,0.44999998807907104,0.44999998807907104,0,0.0,0.0
2009-11-13 00:00:00-05:00,0.5,0.5099999904632568,0.5,0.5,45800,0.0,0.0
2009-11-16 00:00:00-05:00,0.4000000059604645,0.4000000059604645,0.4000000059604645,0.4000000059604645,800,0.0,0.0
2009-11-17 00:00:00-05:00,0.4000000059604645,0.4000000059604645,0.4000000059604645,0.4000000059604645,0,0.0,0.0
2009-11-18 00:00:00-05:00,0.4099999964237213,0.4099999964237213,0.4099999964237213,0.4099999964237213,300,0.0,0.0
2009-11-19 00:00:00-05:00,0.41999998688697815,0.41999998688697815,0.41999998688697815,0.41999998688697815,1500,0.0,0.0
2009-11-20 00:00:00-05:00,0.4300000071525574,0.4399999976158142,0.4300000071525574,0.4300000071525574,5500,0.0,0.0
2009-11-23 00:00:00-05:00,0.4699999988079071,0.4699999988079071,0.4699999988079071,0.4699999988079071,3000,0.0,0.0
2009-11-24 00:00:00-05:00,0.4300000071525574,0.4300000071525574,0.4300000071525574,0.4300000071525574,1600,0.0,0.0
2009-11-25 00:00:00-05:00,0.4000000059604645,0.4000000059604645,0.36000001430511475,0.36000001430511475,3500,0.0,0.0
2009-11-27 00:00:00-05:00,0.36000001430511475,0.4000000059604645,0.36000001430511475,0.3799999952316284,35300,0.0,0.0
2009-11-30 00:00:00-05:00,0.3799999952316284,0.3799999952316284,0.3799999952316284,0.3799999952316284,2800,0.0,0.0
2009-12-01 00:00:00-05:00,0.3799999952316284,0.3799999952316284,0.3799999952316284,0.3799999952316284,300,0.0,0.0
2009-12-02 00:00:00-05:00,0.3799999952316284,0.3799999952316284,0.3799999952316284,0.3799999952316284,300,0.0,0.0
2009-12-03 00:00:00-05:00,0.3799999952316284,0.3799999952316284,0.3799999952316284,0.3799999952316284,600,0.0,0.0
2009-12-04 00:00:00-05:00,0.4099999964237213,0.44999998807907104,0.4099999964237213,0.44999998807907104,5300,0.0,0.0
2009-12-07 00:00:00-05:00,0.44999998807907104,0.4699999988079071,0.3799999952316284,0.4699999988079071,17300,0.0,0.0
2009-12-08 00:00:00-05:00,0.44999998807907104,0.44999998807907104,0.44999998807907104,0.44999998807907104,7100,0.0,0.0
2009-12-09 00:00:00-05:00,0.44999998807907104,0.44999998807907104,0.44999998807907104,0.44999998807907104,5900,0.0,0.0
2009-12-10 00:00:00-05:00,0.44999998807907104,0.44999998807907104,0.44999998807907104,0.44999998807907104,9100,0.0,0.0
2009-12-11 00:00:00-05:00,0.44999998807907104,0.44999998807907104,0.44999998807907104,0.44999998807907104,4600,0.0,0.0
2009-12-14 00:00:00-05:00,0.44999998807907104,0.5099999904632568,0.44999998807907104,0.5099999904632568,10400,0.0,0.0
2009-12-15 00:00:00-05:00,0.5099999904632568,0.5099999904632568,0.44999998807907104,0.5,6400,0.0,0.0
2009-12-16 00:00:00-05:00,0.44999998807907104,0.44999998807907104,0.4000000059604645,0.4000000059604645,6700,0.0,0.0
2009-12-17 00:00:00-05:00,0.4000000059604645,0.46000000834465027,0.4000000059604645,0.46000000834465027,3100,0.0,0.0
2009-12-18 00:00:00-05:00,0.4000000059604645,0.4000000059604645,0.4000000059604645,0.4000000059604645,400,0.0,0.0
2009-12-21 00:00:00-05:00,0.4000000059604645,0.4000000059604645,0.4000000059604645,0.4000000059604645,400,0.0,0.0
2009-12-22 00:00:00-05:00,0.4000000059604645,0.4000000059604645,0.4000000059604645,0.4000000059604645,400,0.0,0.0
2009-12-23 00:00:00-05:00,0.4000000059604645,0.44999998807907104,0.4000000059604645,0.44999998807907104,5400,0.0,0.0
2009-12-24 00:00:00-05:00,0.44999998807907104,0.44999998807907104,0.44999998807907104,0.44999998807907104,400,0.0,0.0
2009-12-28 00:00:00-05:00,0.44999998807907104,0.44999998807907104,0.44999998807907104,0.44999998807907104,18900,0.0,0.0
2009-12-29 00:00:00-05:00,0.47999998927116394,0.47999998927116394,0.47999998927116394,0.47999998927116394,5300,0.0,0.0
2009-12-30 00:00:00-05:00,0.5,0.5199999809265137,0.5,0.5199999809265137,24600,0.0,0.0
2009-12-31 00:00:00-05:00,0.5199999809265137,0.5199999809265137,0.5199999809265137,0.5199999809265137,0,0.0,0.0
2010-01-04 00:00:00-05:00,0.5,0.5199999809265137,0.44999998807907104,0.44999998807907104,45000,0.0,0.0
2010-01-05 00:00:00-05:00,0.44999998807907104,0.44999998807907104,0.44999998807907104,0.44999998807907104,0,0.0,0.0
2010-01-06 00:00:00-05:00,0.44999998807907104,0.44999998807907104,0.44999998807907104,0.44999998807907104,0,0.0,0.0
2010-01-07 00:00:00-05:00,0.5199999809265137,0.5199999809265137,0.44999998807907104,0.44999998807907104,22400,0.0,0.0
2010-01-08 00:00:00-05:00,0.44999998807907104,0.44999998807907104,0.44999998807907104,0.44999998807907104,100,0.0,0.0
2010-01-11 00:00:00-05:00,0.44999998807907104,0.44999998807907104,0.44999998807907104,0.44999998807907104,17900,0.0,0.0
2010-01-12 00:00:00-05:00,0.41999998688697815,0.41999998688697815,0.41999998688697815,0.41999998688697815,5000,0.0,0.0
2010-01-13 00:00:00-05:00,0.4099999964237213,0.4099999964237213,0.3799999952316284,0.3799999952316284,7000,0.0,0.0
2010-01-14 00:00:00-05:00,0.4000000059604645,0.4000000059604645,0.4000000059604645,0.4000000059604645,44300,0.0,0.0
2010-01-15 00:00:00-05:00,0.4099999964237213,0.5,0.4000000059604645,0.4000000059604645,10500,0.0,0.0
2010-01-19 00:00:00-05:00,0.44999998807907104,0.5,0.44999998807907104,0.5,10500,0.0,0.0
2010-01-20 00:00:00-05:00,0.44999998807907104,0.44999998807907104,0.38999998569488525,0.4000000059604645,13000,0.0,0.0
2010-01-21 00:00:00-05:00,0.4099999964237213,0.4099999964237213,0.38999998569488525,0.38999998569488525,15500,0.0,0.0
2010-01-22 00:00:00-05:00,0.3799999952316284,0.38999998569488525,0.3799999952316284,0.38999998569488525,27300,0.0,0.0
2010-01-25 00:00:00-05:00,0.4000000059604645,0.4000000059604645,0.38999998569488525,0.38999998569488525,15000,0.0,0.0
2010-01-26 00:00:00-05:00,0.38999998569488525,0.38999998569488525,0.3799999952316284,0.3799999952316284,15500,0.0,0.0
2010-01-27 00:00:00-05:00,0.3799999952316284,0.3799999952316284,0.3799999952316284,0.3799999952316284,18200,0.0,0.0
2010-01-28 00:00:00-05:00,0.3799999952316284,0.3799999952316284,0.3799999952316284,0.3799999952316284,0,0.0,0.0
2010-01-29 00:00:00-05:00,0.4000000059604645,0.4099999964237213,0.4000000059604645,0.4000000059604645,25400,0.0,0.0
2010-02-01 00:00:00-05:00,0.4000000059604645,0.4000000059604645,0.4000000059604645,0.4000000059604645,2900,0.0,0.0
2010-02-02 00:00:00-05:00,0.4000000059604645,0.44999998807907104,0.4000000059604645,0.44999998807907104,16100,0.0,0.0
2010-02-03 00:00:00-05:00,0.3799999952316284,0.3799999952316284,0.3799999952316284,0.3799999952316284,400,0.0,0.0
2010-02-04 00:00:00-05:00,0.44999998807907104,0.44999998807907104,0.3799999952316284,0.3799999952316284,4200,0.0,0.0
2010-02-05 00:00:00-05:00,0.3799999952316284,0.44999998807907104,0.3799999952316284,0.44999998807907104,8400,0.0,0.0
2010-02-08 00:00:00-05:00,0.38999998569488525,0.38999998569488525,0.3799999952316284,0.38999998569488525,25200,0.0,0.0
2010-02-09 00:00:00-05:00,0.44999998807907104,0.5,0.44999998807907104,0.5,7100,0.0,0.0
2010-02-10 00:00:00-05:00,0.3799999952316284,0.3799999952316284,0.3799999952316284,0.3799999952316284,15500,0.0,0.0
2010-02-11 00:00:00-05:00,0.3799999952316284,0.3799999952316284,0.3799999952316284,0.3799999952316284,500,0.0,0.0
2010-02-12 00:00:00-05:00,0.3799999952316284,0.3799999952316284,0.3799999952316284,0.3799999952316284,10000,0.0,0.0
2010-02-16 00:00:00-05:00,0.38999998569488525,0.38999998569488525,0.38999998569488525,0.38999998569488525,5000,0.0,0.0
2010-02-17 00:00:00-05:00,0.38999998569488525,0.38999998569488525,0.3799999952316284,0.3799999952316284,15000,0.0,0.0
2010-02-18 00:00:00-05:00,0.3799999952316284,0.3799999952316284,0.3799999952316284,0.3799999952316284,10000,0.0,0.0
2010-02-19 00:00:00-05:00,0.3799999952316284,0.3799999952316284,0.3799999952316284,0.3799999952316284,400,0.0,0.0
2010-02-22 00:00:00-05:00,0.38999998569488525,0.38999998569488525,0.38999998569488525,0.38999998569488525,10000,0.0,0.0
2010-02-23 00:00:00-05:00,0.4000000059604645,0.4000000059604645,0.4000000059604645,0.4000000059604645,500,0.0,0.0
2010-02-24 00:00:00-05:00,0.3799999952316284,0.3799999952316284,0.3799999952316284,0.3799999952316284,800,0.0,0.0
2010-02-25 00:00:00-05:00,0.38999998569488525,0.38999998569488525,0.38999998569488525,0.38999998569488525,6500,0.0,0.0
2010-02-26 00:00:00-05:00,0.3799999952316284,0.3799999952316284,0.3799999952316284,0.3799999952316284,3000,0.0,0.0
2010-03-01 00:00:00-05:00,0.3799999952316284,0.3799999952316284,0.3499999940395355,0.3799999952316284,25400,0.0,0.0
2010-03-02 00:00:00-05:00,0.3499999940395355,0.3499999940395355,0.3199999928474426,0.3499999940395355,32900,0.0,0.0
2010-03-03 00:00:00-05:00,0.3199999928474426,0.3499999940395355,0.3199999928474426,0.3499999940395355,69900,0.0,0.0
2010-03-04 00:00:00-05:00,0.3499999940395355,0.3499999940395355,0.3499999940395355,0.3499999940395355,1500,0.0,0.0
2010-03-05 00:00:00-05:00,0.3499999940395355,0.36000001430511475,0.3499999940395355,0.36000001430511475,2000,0.0,0.0
2010-03-08 00:00:00-05:00,0.3499999940395355,0.4399999976158142,0.3499999940395355,0.4399999976158142,54300,0.0,0.0
2010-03-09 00:00:00-05:00,0.3799999952316284,0.3799999952316284,0.3799999952316284,0.3799999952316284,19800,0.0,0.0
2010-03-10 00:00:00-05:00,0.41999998688697815,0.41999998688697815,0.3799999952316284,0.3799999952316284,12000,0.0,0.0
2010-03-11 00:00:00-05:00,0.3799999952316284,0.3799999952316284,0.3799999952316284,0.3799999952316284,36000,0.0,0.0
2010-03-12 00:00:00-05:00,0.36000001430511475,0.36000001430511475,0.36000001430511475,0.36000001430511475,3000,0.0,0.0
2010-03-15 00:00:00-04:00,0.41999998688697815,0.41999998688697815,0.36000001430511475,0.36000001430511475,600,0.0,0.0
2010-03-16 00:00:00-04:00,0.36000001430511475,0.36000001430511475,0.3499999940395355,0.3499999940395355,12200,0.0,0.0
2010-03-17 00:00:00-04:00,0.3499999940395355,0.3499999940395355,0.3499999940395355,0.3499999940395355,0,0.0,0.0
2010-03-18 00:00:00-04:00,0.41999998688697815,0.41999998688697815,0.3199999928474426,0.3400000035762787,56000,0.0,0.0
2010-03-19 00:00:00-04:00,0.3199999928474426,0.3199999928474426,0.3199999928474426,0.3199999928474426,3000,0.0,0.0
2010-03-22 00:00:00-04:00,0.3199999928474426,0.4000000059604645,0.3199999928474426,0.4000000059604645,2500,0.0,0.0
2010-03-23 00:00:00-04:00,0.3199999928474426,0.3199999928474426,0.3199999928474426,0.3199999928474426,5000,0.0,0.0
2010-03-24 00:00:00-04:00,0.3199999928474426,0.4300000071525574,0.3199999928474426,0.4300000071525574,13000,0.0,0.0
2010-03-25 00:00:00-04:00,0.4300000071525574,0.4300000071525574,0.4300000071525574,0.4300000071525574,0,0.0,0.0
2010-03-26 00:00:00-04:00,0.4300000071525574,0.4300000071525574,0.4300000071525574,0.4300000071525574,0,0.0,0.0
2010-03-29 00:00:00-04:00,0.4000000059604645,0.4000000059604645,0.4000000059604645,0.4000000059604645,4000,0.0,0.0
2010-03-30 00:00:00-04:00,0.4000000059604645,0.4000000059604645,0.4000000059604645,0.4000000059604645,1500,0.0,0.0
2010-03-31 00:00:00-04:00,0.4399999976158142,0.4399999976158142,0.4000000059604645,0.4000000059604645,10800,0.0,0.0
2010-04-01 00:00:00-04:00,0.4399999976158142,0.44999998807907104,0.4399999976158142,0.44999998807907104,37000,0.0,0.0
2010-04-05 00:00:00-04:00,0.44999998807907104,0.44999998807907104,0.44999998807907104,0.44999998807907104,0,0.0,0.0
2010-04-06 00:00:00-04:00,0.44999998807907104,0.5,0.44999998807907104,0.5,28200,0.0,0.0
2010-04-07 00:00:00-04:00,0.5,0.5,0.49000000953674316,0.49000000953674316,15000,0.0,0.0
2010-04-08 00:00:00-04:00,0.49000000953674316,0.49000000953674316,0.49000000953674316,0.49000000953674316,0,0.0,0.0
2010-04-09 00:00:00-04:00,0.46000000834465027,0.46000000834465027,0.46000000834465027,0.46000000834465027,100,0.0,0.0
2010-04-12 00:00:00-04:00,0.5,0.5,0.49000000953674316,0.5,99900,0.0,0.0
2010-04-13 00:00:00-04:00,0.5,0.5099999904632568,0.46000000834465027,0.5,212100,0.0,0.0
2010-04-14 00:00:00-04:00,0.5,0.5299999713897705,0.5,0.5299999713897705,27700,0.0,0.0
2010-04-15 00:00:00-04:00,0.5,0.5299999713897705,0.5,0.5299999713897705,12600,0.0,0.0
2010-04-16 00:00:00-04:00,0.5299999713897705,0.5299999713897705,0.5299999713897705,0.5299999713897705,0,0.0,0.0
2010-04-19 00:00:00-04:00,0.5,0.5199999809265137,0.5,0.5199999809265137,19600,0.0,0.0
2010-04-20 00:00:00-04:00,0.5,0.5,0.5,0.5,5000,0.0,0.0
2010-04-21 00:00:00-04:00,0.5,0.5,0.5,0.5,50000,0.0,0.0
2010-04-22 00:00:00-04:00,0.5299999713897705,0.550000011920929,0.5299999713897705,0.550000011920929,11800,0.0,0.0
2010-04-23 00:00:00-04:00,0.550000011920929,0.5899999737739563,0.550000011920929,0.5899999737739563,103600,0.0,0.0
2010-04-26 00:00:00-04:00,0.5899999737739563,0.6000000238418579,0.5799999833106995,0.6000000238418579,70200,0.0,0.0
2010-04-27 00:00:00-04:00,0.5299999713897705,0.5299999713897705,0.5099999904632568,0.5099999904632568,12500,0.0,0.0
2010-04-28 00:00:00-04:00,0.550000011920929,0.550000011920929,0.5299999713897705,0.5299999713897705,1500,0.0,0.0
2010-04-29 00:00:00-04:00,0.5299999713897705,0.5299999713897705,0.5099999904632568,0.5099999904632568,15000,0.0,0.0
2010-04-30 00:00:00-04:00,0.5099999904632568,0.5099999904632568,0.5099999904632568,0.5099999904632568,0,0.0,0.0
2010-05-03 00:00:00-04:00,0.5099999904632568,0.5099999904632568,0.5099999904632568,0.5099999904632568,0,0.0,0.0
2010-05-04 00:00:00-04:00,0.5099999904632568,0.5099999904632568,0.5,0.5,23500,0.0,0.0
2010-05-05 00:00:00-04:00,0.44999998807907104,0.44999998807907104,0.4399999976158142,0.4399999976158142,33700,0.0,0.0
2010-05-06 00:00:00-04:00,0.4399999976158142,0.4399999976158142,0.4399999976158142,0.4399999976158142,0,0.0,0.0
2010-05-07 00:00:00-04:00,0.44999998807907104,0.44999998807907104,0.4099999964237213,0.4099999964237213,11900,0.0,0.0
2010-05-10 00:00:00-04:00,0.4399999976158142,0.4399999976158142,0.4399999976158142,0.4399999976158142,5000,0.0,0.0
2010-05-11 00:00:00-04:00,0.4000000059604645,0.4000000059604645,0.4000000059604645,0.4000000059604645,5000,0.0,0.0
2010-05-12 00:00:00-04:00,0.4000000059604645,0.4000000059604645,0.4000000059604645,0.4000000059604645,0,0.0,0.0
2010-05-13 00:00:00-04:00,0.49000000953674316,0.49000000953674316,0.41999998688697815,0.41999998688697815,300,0.0,0.0
2010-05-14 00:00:00-04:00,0.49000000953674316,0.5,0.49000000953674316,0.5,22200,0.0,0.0
2010-05-17 00:00:00-04:00,0.41999998688697815,0.5400000214576721,0.4099999964237213,0.4099999964237213,11300,0.0,0.0
2010-05-18 00:00:00-04:00,0.4099999964237213,0.4099999964237213,0.4000000059604645,0.4000000059604645,25000,0.0,0.0
2010-05-19 00:00:00-04:00,0.4000000059604645,0.4000000059604645,0.4000000059604645,0.4000000059604645,0,0.0,0.0
2010-05-20 00:00:00-04:00,0.4099999964237213,0.4099999964237213,0.4099999964237213,0.4099999964237213,3400,0.0,0.0
2010-05-21 00:00:00-04:00,0.4000000059604645,0.44999998807907104,0.4000000059604645,0.44999998807907104,13000,0.0,0.0
2010-05-24 00:00:00-04:00,0.44999998807907104,0.44999998807907104,0.44999998807907104,0.44999998807907104,5000,0.0,0.0
2010-05-25 00:00:00-04:00,0.44999998807907104,0.44999998807907104,0.4099999964237213,0.4099999964237213,12500,0.0,0.0
2010-05-26 00:00:00-04:00,0.4099999964237213,0.4099999964237213,0.4099999964237213,0.4099999964237213,300,0.0,0.0
2010-05-27 00:00:00-04:00,0.4099999964237213,0.4099999964237213,0.4099999964237213,0.4099999964237213,100,0.0,0.0
2010-05-28 00:00:00-04:00,0.4099999964237213,0.4099999964237213,0.4099999964237213,0.4099999964237213,200,0.0,0.0
2010-06-01 00:00:00-04:00,0.4099999964237213,0.4099999964237213,0.4099999964237213,0.4099999964237213,500,0.0,0.0
2010-06-02 00:00:00-04:00,0.44999998807907104,0.44999998807907104,0.44999998807907104,0.44999998807907104,2600,0.0,0.0
2010-06-03 00:00:00-04:00,0.44999998807907104,0.44999998807907104,0.44999998807907104,0.44999998807907104,10000,0.0,0.0
2010-06-04 00:00:00-04:00,0.44999998807907104,0.44999998807907104,0.44999998807907104,0.44999998807907104,10000,0.0,0.0
2010-06-07 00:00:00-04:00,0.44999998807907104,0.44999998807907104,0.44999998807907104,0.44999998807907104,0,0.0,0.0
2010-06-08 00:00:00-04:00,0.4099999964237213,0.4099999964237213,0.4099999964237213,0.4099999964237213,500,0.0,0.0
2010-06-09 00:00:00-04:00,0.4099999964237213,0.44999998807907104,0.4000000059604645,0.44999998807907104,14500,0.0,0.0
2010-06-10 00:00:00-04:00,0.5,0.5,0.44999998807907104,0.44999998807907104,2000,0.0,0.0
2010-06-11 00:00:00-04:00,0.44999998807907104,0.44999998807907104,0.44999998807907104,0.44999998807907104,0,0.0,0.0
2010-06-14 00:00:00-04:00,0.44999998807907104,0.44999998807907104,0.44999998807907104,0.44999998807907104,0,0.0,0.0
2010-06-15 00:00:00-04:00,0.4000000059604645,0.44999998807907104,0.4000000059604645,0.44999998807907104,10200,0.0,0.0
2010-06-16 00:00:00-04:00,0.44999998807907104,0.44999998807907104,0.44999998807907104,0.44999998807907104,0,0.0,0.0
2010-06-17 00:00:00-04:00,0.44999998807907104,0.44999998807907104,0.44999998807907104,0.44999998807907104,0,0.0,0.0
2010-06-18 00:00:00-04:00,0.44999998807907104,0.44999998807907104,0.44999998807907104,0.44999998807907104,0,0.0,0.0
2010-06-21 00:00:00-04:00,0.44999998807907104,0.44999998807907104,0.44999998807907104,0.44999998807907104,0,0.0,0.0
2010-06-22 00:00:00-04:00,0.44999998807907104,0.44999998807907104,0.44999998807907104,0.44999998807907104,3500,0.0,0.0
2010-06-23 00:00:00-04:00,0.44999998807907104,0.44999998807907104,0.41999998688697815,0.41999998688697815,10400,0.0,0.0
2010-06-24 00:00:00-04:00,0.5,0.5,0.5,0.5,15000,0.0,0.0
2010-06-25 00:00:00-04:00,0.41999998688697815,0.41999998688697815,0.41999998688697815,0.41999998688697815,5000,0.0,0.0
2010-06-28 00:00:00-04:00,0.41999998688697815,0.41999998688697815,0.41999998688697815,0.41999998688697815,11000,0.0,0.0
2010-06-29 00:00:00-04:00,0.44999998807907104,0.44999998807907104,0.41999998688697815,0.41999998688697815,10600,0.0,0.0
2010-06-30 00:00:00-04:00,0.44999998807907104,0.44999998807907104,0.44999998807907104,0.44999998807907104,1600,0.0,0.0
2010-07-01 00:00:00-04:00,0.44999998807907104,0.44999998807907104,0.44999998807907104,0.44999998807907104,5000,0.0,0.0
2010-07-02 00:00:00-04:00,0.44999998807907104,0.44999998807907104,0.44999998807907104,0.44999998807907104,0,0.0,0.0
2010-07-06 00:00:00-04:00,0.44999998807907104,0.44999998807907104,0.44999998807907104,0.44999998807907104,0,0.0,0.0
2010-07-07 00:00:00-04:00,0.4000000059604645,0.4000000059604645,0.38999998569488525,0.38999998569488525,8000,0.0,0.0
2010-07-08 00:00:00-04:00,0.38999998569488525,0.38999998569488525,0.38999998569488525,0.38999998569488525,0,0.0,0.0
2010-07-09 00:00:00-04:00,0.38999998569488525,0.4000000059604645,0.38999998569488525,0.4000000059604645,3100,0.0,0.0
2010-07-12 00:00:00-04:00,0.41999998688697815,0.4300000071525574,0.41999998688697815,0.4300000071525574,1100,0.0,0.0
2010-07-13 00:00:00-04:00,0.44999998807907104,0.44999998807907104,0.44999998807907104,0.44999998807907104,40000,0.0,0.0
2010-07-14 00:00:00-04:00,0.38999998569488525,0.44999998807907104,0.38999998569488525,0.44999998807907104,10500,0.0,0.0
2010-07-15 00:00:00-04:00,0.44999998807907104,0.44999998807907104,0.44999998807907104,0.44999998807907104,0,0.0,0.0
2010-07-16 00:00:00-04:00,0.44999998807907104,0.44999998807907104,0.44999998807907104,0.44999998807907104,0,0.0,0.0
2010-07-19 00:00:00-04:00,0.38999998569488525,0.4399999976158142,0.38999998569488525,0.4399999976158142,4500,0.0,0.0
2010-07-20 00:00:00-04:00,0.5,0.5,0.5,0.5,1500,0.0,0.0
2010-07-21 00:00:00-04:00,0.47999998927116394,0.47999998927116394,0.47999998927116394,0.47999998927116394,7500,0.0,0.0
2010-07-22 00:00:00-04:00,0.47999998927116394,0.5,0.47999998927116394,0.49000000953674316,77300,0.0,0.0
2010-07-23 00:00:00-04:00,0.49000000953674316,0.49000000953674316,0.49000000953674316,0.49000000953674316,0,0.0,0.0
2010-07-26 00:00:00-04:00,0.49000000953674316,0.49000000953674316,0.49000000953674316,0.49000000953674316,0,0.0,0.0
2010-07-27 00:00:00-04:00,0.49000000953674316,0.49000000953674316,0.49000000953674316,0.49000000953674316,0,0.0,0.0
2010-07-28 00:00:00-04:00,0.4000000059604645,0.47999998927116394,0.4000000059604645,0.47999998927116394,3600,0.0,0.0
2010-07-29 00:00:00-04:00,0.4000000059604645,0.4000000059604645,0.4000000059604645,0.4000000059604645,13000,0.0,0.0
2010-07-30 00:00:00-04:00,0.47999998927116394,0.47999998927116394,0.4000000059604645,0.4000000059604645,66000,0.0,0.0
2010-08-02 00:00:00-04:00,0.3199999928474426,0.3199999928474426,0.3199999928474426,0.3199999928474426,17000,0.0,0.0
2010-08-03 00:00:00-04:00,0.46000000834465027,0.46000000834465027,0.46000000834465027,0.46000000834465027,200,0.0,0.0
2010-08-04 00:00:00-04:00,0.46000000834465027,0.46000000834465027,0.46000000834465027,0.46000000834465027,0,0.0,0.0
2010-08-05 00:00:00-04:00,0.4099999964237213,0.4099999964237213,0.4000000059604645,0.4000000059604645,20000,0.0,0.0
2010-08-06 00:00:00-04:00,0.4000000059604645,0.4000000059604645,0.4000000059604645,0.4000000059604645,0,0.0,0.0
2010-08-09 00:00:00-04:00,0.3499999940395355,0.3499999940395355,0.3499999940395355,0.3499999940395355,1400,0.0,0.0
2010-08-10 00:00:00-04:00,0.4000000059604645,0.4000000059604645,0.3700000047683716,0.4000000059604645,35000,0.0,0.0
2010-08-11 00:00:00-04:00,0.4000000059604645,0.4000000059604645,0.3499999940395355,0.3499999940395355,8100,0.0,0.0
2010-08-12 00:00:00-04:00,0.3499999940395355,0.3499999940395355,0.3499999940395355,0.3499999940395355,200,0.0,0.0
2010-08-13 00:00:00-04:00,0.4000000059604645,0.4000000059604645,0.3499999940395355,0.4000000059604645,42300,0.0,0.0
2010-08-16 00:00:00-04:00,0.4000000059604645,0.4000000059604645,0.38999998569488525,0.38999998569488525,47600,0.0,0.0
2010-08-17 00:00:00-04:00,0.41999998688697815,0.44999998807907104,0.4000000059604645,0.4300000071525574,50500,0.0,0.0
2010-08-18 00:00:00-04:00,0.44999998807907104,0.44999998807907104,0.4399999976158142,0.4399999976158142,6500,0.0,0.0
2010-08-19 00:00:00-04:00,0.4399999976158142,0.4399999976158142,0.4399999976158142,0.4399999976158142,5000,0.0,0.0
2010-08-20 00:00:00-04:00,0.41999998688697815,0.4300000071525574,0.41999998688697815,0.4300000071525574,13800,0.0,0.0
2010-08-23 00:00:00-04:00,0.4399999976158142,0.4399999976158142,0.4399999976158142,0.4399999976158142,26000,0.0,0.0
2010-08-24 00:00:00-04:00,0.3799999952316284,0.3799999952316284,0.3799999952316284,0.3799999952316284,200,0.0,0.0
2010-08-25 00:00:00-04:00,0.3799999952316284,0.3799999952316284,0.3799999952316284,0.3799999952316284,0,0.0,0.0
2010-08-26 00:00:00-04:00,0.3799999952316284,0.3799999952316284,0.3799999952316284,0.3799999952316284,0,0.0,0.0
2010-08-27 00:00:00-04:00,0.3799999952316284,0.4099999964237213,0.3799999952316284,0.38999998569488525,10500,0.0,0.0
2010-08-30 00:00:00-04:00,0.38999998569488525,0.38999998569488525,0.38999998569488525,0.38999998569488525,0,0.0,0.0
2010-08-31 00:00:00-04:00,0.38999998569488525,0.38999998569488525,0.38999998569488525,0.38999998569488525,0,0.0,0.0
2010-09-01 00:00:00-04:00,0.38999998569488525,0.38999998569488525,0.38999998569488525,0.38999998569488525,0,0.0,0.0
2010-09-02 00:00:00-04:00,0.38999998569488525,0.38999998569488525,0.38999998569488525,0.38999998569488525,0,0.0,0.0
2010-09-03 00:00:00-04:00,0.44999998807907104,0.44999998807907104,0.44999998807907104,0.44999998807907104,2000,0.0,0.0
2010-09-07 00:00:00-04:00,0.4699999988079071,0.4699999988079071,0.4000000059604645,0.44999998807907104,9000,0.0,0.0
2010-09-08 00:00:00-04:00,0.44999998807907104,0.44999998807907104,0.44999998807907104,0.44999998807907104,0,0.0,0.0
2010-09-09 00:00:00-04:00,0.44999998807907104,0.44999998807907104,0.44999998807907104,0.44999998807907104,17300,0.0,0.0
2010-09-10 00:00:00-04:00,0.44999998807907104,0.44999998807907104,0.44999998807907104,0.44999998807907104,0,0.0,0.0
2010-09-13 00:00:00-04:00,0.4699999988079071,0.5,0.44999998807907104,0.5,229000,0.0,0.0
2010-09-14 00:00:00-04:00,0.5099999904632568,0.5099999904632568,0.5,0.5,20200,0.0,0.0
2010-09-15 00:00:00-04:00,0.5,0.550000011920929,0.5,0.5,35200,0.0,0.0
2010-09-16 00:00:00-04:00,0.5400000214576721,0.550000011920929,0.5400000214576721,0.550000011920929,35800,0.0,0.0
2010-09-17 00:00:00-04:00,0.550000011920929,0.550000011920929,0.5,0.5299999713897705,19300,0.0,0.0
2010-09-20 00:00:00-04:00,0.5299999713897705,0.5299999713897705,0.5299999713897705,0.5299999713897705,0,0.0,0.0
2010-09-21 00:00:00-04:00,0.5299999713897705,0.550000011920929,0.5299999713897705,0.5299999713897705,10900,0.0,0.0
2010-09-22 00:00:00-04:00,0.550000011920929,0.550000011920929,0.550000011920929,0.550000011920929,32600,0.0,0.0
2010-09-23 00:00:00-04:00,0.550000011920929,0.6000000238418579,0.550000011920929,0.6000000238418579,44000,0.0,0.0
2010-09-24 00:00:00-04:00,0.6000000238418579,0.6000000238418579,0.550000011920929,0.6000000238418579,40000,0.0,0.0
2010-09-27 00:00:00-04:00,0.550000011920929,0.550000011920929,0.550000011920929,0.550000011920929,2500,0.0,0.0
2010-09-28 00:00:00-04:00,0.5099999904632568,0.5099999904632568,0.5,0.5,6000,0.0,0.0
2010-09-29 00:00:00-04:00,0.5,0.5,0.5,0.5,0,0.0,0.0
2010-09-30 00:00:00-04:00,0.550000011920929,0.550000011920929,0.550000011920929,0.550000011920929,2500,0.0,0.0
2010-10-01 00:00:00-04:00,0.5899999737739563,0.5899999737739563,0.47999998927116394,0.5799999833106995,19200,0.0,0.0
2010-10-04 00:00:00-04:00,0.5,0.5799999833106995,0.5,0.5799999833106995,7900,0.0,0.0
2010-10-05 00:00:00-04:00,0.5099999904632568,0.5199999809265137,0.5,0.5,14500,0.0,0.0
2010-10-06 00:00:00-04:00,0.5699999928474426,0.5799999833106995,0.4699999988079071,0.4699999988079071,40100,0.0,0.0
2010-10-07 00:00:00-04:00,0.4699999988079071,0.5600000023841858,0.4699999988079071,0.4699999988079071,31200,0.0,0.0
2010-10-08 00:00:00-04:00,0.49000000953674316,0.49000000953674316,0.49000000953674316,0.49000000953674316,7200,0.0,0.0
2010-10-11 00:00:00-04:00,0.550000011920929,0.550000011920929,0.550000011920929,0.550000011920929,10400,0.0,0.0
2010-10-12 00:00:00-04:00,0.49000000953674316,0.5,0.49000000953674316,0.5,18100,0.0,0.0
2010-10-13 00:00:00-04:00,0.49000000953674316,0.5,0.49000000953674316,0.5,24700,0.0,0.0
2010-10-14 00:00:00-04:00,0.49000000953674316,0.5099999904632568,0.49000000953674316,0.5099999904632568,46000,0.0,0.0
2010-10-15 00:00:00-04:00,0.550000011920929,0.550000011920929,0.49000000953674316,0.49000000953674316,10200,0.0,0.0
2010-10-18 00:00:00-04:00,0.49000000953674316,0.5,0.49000000953674316,0.5,25000,0.0,0.0
2010-10-19 00:00:00-04:00,0.49000000953674316,0.5199999809265137,0.49000000953674316,0.5,96600,0.0,0.0
2010-10-20 00:00:00-04:00,0.5,0.5,0.46000000834465027,0.46000000834465027,59100,0.0,0.0
2010-10-21 00:00:00-04:00,0.47999998927116394,0.47999998927116394,0.4699999988079071,0.47999998927116394,17900,0.0,0.0
2010-10-22 00:00:00-04:00,0.47999998927116394,0.47999998927116394,0.47999998927116394,0.47999998927116394,9000,0.0,0.0
2010-10-25 00:00:00-04:00,0.47999998927116394,0.49000000953674316,0.47999998927116394,0.49000000953674316,25400,0.0,0.0
2010-10-26 00:00:00-04:00,0.44999998807907104,0.44999998807907104,0.44999998807907104,0.44999998807907104,15000,0.0,0.0
2010-10-27 00:00:00-04:00,0.44999998807907104,0.44999998807907104,0.44999998807907104,0.44999998807907104,0,0.0,0.0
2010-10-28 00:00:00-04:00,0.49000000953674316,0.49000000953674316,0.49000000953674316,0.49000000953674316,15000,0.0,0.0
2010-10-29 00:00:00-04:00,0.47999998927116394,0.47999998927116394,0.44999998807907104,0.44999998807907104,8000,0.0,0.0
2010-11-01 00:00:00-04:00,0.47999998927116394,0.5099999904632568,0.4699999988079071,0.4699999988079071,18600,0.0,0.0
2010-11-02 00:00:00-04:00,0.4699999988079071,0.4699999988079071,0.46000000834465027,0.46000000834465027,7400,0.0,0.0
2010-11-03 00:00:00-04:00,0.46000000834465027,0.46000000834465027,0.46000000834465027,0.46000000834465027,0,0.0,0.0
2010-11-04 00:00:00-04:00,0.44999998807907104,0.44999998807907104,0.44999998807907104,0.44999998807907104,300,0.0,0.0
2010-11-05 00:00:00-04:00,0.44999998807907104,0.4699999988079071,0.44999998807907104,0.44999998807907104,10100,0.0,0.0
2010-11-08 00:00:00-05:00,0.4000000059604645,0.4399999976158142,0.4000000059604645,0.4399999976158142,10000,0.0,0.0
2010-11-09 00:00:00-05:00,0.4000000059604645,0.4000000059604645,0.4000000059604645,0.4000000059604645,1000,0.0,0.0
2010-11-10 00:00:00-05:00,0.4000000059604645,0.4399999976158142,0.4000000059604645,0.4399999976158142,33900,0.0,0.0
2010-11-11 00:00:00-05:00,0.4399999976158142,0.4399999976158142,0.4399999976158142,0.4399999976158142,5000,0.0,0.0
2010-11-12 00:00:00-05:00,0.4399999976158142,0.4399999976158142,0.4399999976158142,0.4399999976158142,0,0.0,0.0
2010-11-15 00:00:00-05:00,0.4699999988079071,0.49000000953674316,0.4399999976158142,0.49000000953674316,44100,0.0,0.0
2010-11-16 00:00:00-05:00,0.5,0.5,0.47999998927116394,0.47999998927116394,11500,0.0,0.0
2010-11-17 00:00:00-05:00,0.44999998807907104,0.47999998927116394,0.4099999964237213,0.4099999964237213,8900,0.0,0.0
2010-11-18 00:00:00-05:00,0.4099999964237213,0.44999998807907104,0.4099999964237213,0.44999998807907104,10000,0.0,0.0
2010-11-19 00:00:00-05:00,0.44999998807907104,0.44999998807907104,0.4099999964237213,0.44999998807907104,5900,0.0,0.0
2010-11-22 00:00:00-05:00,0.4099999964237213,0.4099999964237213,0.4099999964237213,0.4099999964237213,9500,0.0,0.0
2010-11-23 00:00:00-05:00,0.4099999964237213,0.4099999964237213,0.4099999964237213,0.4099999964237213,3300,0.0,0.0
2010-11-24 00:00:00-05:00,0.36000001430511475,0.36000001430511475,0.36000001430511475,0.36000001430511475,400,0.0,0.0
2010-11-26 00:00:00-05:00,0.36000001430511475,0.36000001430511475,0.36000001430511475,0.36000001430511475,0,0.0,0.0
2010-11-29 00:00:00-05:00,0.4099999964237213,0.4300000071525574,0.4000000059604645,0.4000000059604645,35000,0.0,0.0
2010-11-30 00:00:00-05:00,0.44999998807907104,0.44999998807907104,0.4000000059604645,0.4000000059604645,30500,0.0,0.0
2010-12-01 00:00:00-05:00,0.4000000059604645,0.4000000059604645,0.4000000059604645,0.4000000059604645,12300,0.0,0.0
2010-12-02 00:00:00-05:00,0.41999998688697815,0.44999998807907104,0.4099999964237213,0.44999998807907104,39400,0.0,0.0
2010-12-03 00:00:00-05:00,0.44999998807907104,0.49000000953674316,0.44999998807907104,0.49000000953674316,21200,0.0,0.0
2010-12-06 00:00:00-05:00,0.44999998807907104,0.44999998807907104,0.41999998688697815,0.41999998688697815,5800,0.0,0.0
2010-12-07 00:00:00-05:00,0.44999998807907104,0.5,0.44999998807907104,0.5,52800,0.0,0.0
2010-12-08 00:00:00-05:00,0.41999998688697815,0.5,0.41999998688697815,0.4300000071525574,28700,0.0,0.0
2010-12-09 00:00:00-05:00,0.4000000059604645,0.41999998688697815,0.4000000059604645,0.41999998688697815,10400,0.0,0.0
2010-12-10 00:00:00-05:00,0.38999998569488525,0.4399999976158142,0.3700000047683716,0.4399999976158142,61000,0.0,0.0
2010-12-13 00:00:00-05:00,0.4000000059604645,0.4000000059604645,0.36000001430511475,0.3700000047683716,21000,0.0,0.0
2010-12-14 00:00:00-05:00,0.4000000059604645,0.4399999976158142,0.38999998569488525,0.38999998569488525,16000,0.0,0.0
2010-12-15 00:00:00-05:00,0.4300000071525574,0.4399999976158142,0.3799999952316284,0.4399999976158142,32000,0.0,0.0
2010-12-16 00:00:00-05:00,0.3799999952316284,0.44999998807907104,0.3799999952316284,0.44999998807907104,18000,0.0,0.0
2010-12-17 00:00:00-05:00,0.46000000834465027,0.5,0.46000000834465027,0.47999998927116394,13300,0.0,0.0
2010-12-20 00:00:00-05:00,0.44999998807907104,0.47999998927116394,0.44999998807907104,0.47999998927116394,6300,0.0,0.0
2010-12-21 00:00:00-05:00,0.47999998927116394,0.47999998927116394,0.44999998807907104,0.44999998807907104,21500,0.0,0.0
2010-12-22 00:00:00-05:00,0.44999998807907104,0.44999998807907104,0.44999998807907104,0.44999998807907104,0,0.0,0.0
2010-12-23 00:00:00-05:00,0.46000000834465027,0.5,0.46000000834465027,0.5,43400,0.0,0.0
2010-12-27 00:00:00-05:00,0.5,0.550000011920929,0.5,0.550000011920929,16900,0.0,0.0
2010-12-28 00:00:00-05:00,0.4399999976158142,0.47999998927116394,0.41999998688697815,0.47999998927116394,19100,0.0,0.0
2010-12-29 00:00:00-05:00,0.4699999988079071,0.5199999809265137,0.4699999988079071,0.5199999809265137,14300,0.0,0.0
2010-12-30 00:00:00-05:00,0.44999998807907104,0.5199999809265137,0.44999998807907104,0.5199999809265137,7100,0.0,0.0
2010-12-31 00:00:00-05:00,0.4699999988079071,0.6000000238418579,0.4699999988079071,0.6000000238418579,33200,0.0,0.0
2011-01-03 00:00:00-05:00,0.550000011920929,0.6600000262260437,0.4699999988079071,0.6000000238418579,49300,0.0,0.0
2011-01-04 00:00:00-05:00,0.5799999833106995,0.6000000238418579,0.5799999833106995,0.5799999833106995,45800,0.0,0.0
2011-01-05 00:00:00-05:00,0.5799999833106995,0.5799999833106995,0.5099999904632568,0.5099999904632568,9700,0.0,0.0
2011-01-06 00:00:00-05:00,0.550000011920929,0.5899999737739563,0.47999998927116394,0.5400000214576721,20800,0.0,0.0
2011-01-07 00:00:00-05:00,0.5,0.5899999737739563,0.5,0.5799999833106995,8600,0.0,0.0
2011-01-10 00:00:00-05:00,0.6499999761581421,0.6499999761581421,0.5199999809265137,0.5799999833106995,7100,0.0,0.0
2011-01-11 00:00:00-05:00,0.6000000238418579,0.6200000047683716,0.550000011920929,0.6200000047683716,98500,0.0,0.0
2011-01-12 00:00:00-05:00,0.6000000238418579,0.6200000047683716,0.550000011920929,0.5799999833106995,8300,0.0,0.0
2011-01-13 00:00:00-05:00,0.550000011920929,0.5799999833106995,0.550000011920929,0.5799999833106995,3000,0.0,0.0
2011-01-14 00:00:00-05:00,0.5799999833106995,0.5799999833106995,0.5799999833106995,0.5799999833106995,300,0.0,0.0
2011-01-18 00:00:00-05:00,0.5799999833106995,0.6000000238418579,0.5799999833106995,0.5899999737739563,12000,0.0,0.0
2011-01-19 00:00:00-05:00,0.5899999737739563,0.6000000238418579,0.5899999737739563,0.6000000238418579,23500,0.0,0.0
2011-01-20 00:00:00-05:00,0.5799999833106995,0.6000000238418579,0.550000011920929,0.5799999833106995,14200,0.0,0.0
2011-01-21 00:00:00-05:00,0.5799999833106995,0.6000000238418579,0.550000011920929,0.6000000238418579,20700,0.0,0.0
2011-01-24 00:00:00-05:00,0.550000011920929,0.5899999737739563,0.5099999904632568,0.5799999833106995,30000,0.0,0.0
2011-01-25 00:00:00-05:00,0.5899999737739563,0.5899999737739563,0.5699999928474426,0.5899999737739563,5800,0.0,0.0
2011-01-26 00:00:00-05:00,0.5899999737739563,0.5899999737739563,0.5299999713897705,0.5899999737739563,6500,0.0,0.0
2011-01-27 00:00:00-05:00,0.5099999904632568,0.5899999737739563,0.5099999904632568,0.5799999833106995,19000,0.0,0.0
2011-01-28 00:00:00-05:00,0.5899999737739563,0.5899999737739563,0.5099999904632568,0.5799999833106995,16800,0.0,0.0
2011-01-31 00:00:00-05:00,0.5699999928474426,0.5699999928474426,0.5699999928474426,0.5699999928474426,300,0.0,0.0
2011-02-01 00:00:00-05:00,0.5699999928474426,0.5699999928474426,0.5699999928474426,0.5699999928474426,0,0.0,0.0
2011-02-02 00:00:00-05:00,0.5,0.5899999737739563,0.47999998927116394,0.5899999737739563,17100,0.0,0.0
2011-02-03 00:00:00-05:00,0.5799999833106995,0.5799999833106995,0.5,0.5799999833106995,21800,0.0,0.0
2011-02-04 00:00:00-05:00,0.5199999809265137,0.5899999737739563,0.5199999809265137,0.5899999737739563,2400,0.0,0.0
2011-02-07 00:00:00-05:00,0.5899999737739563,0.5899999737739563,0.5899999737739563,0.5899999737739563,10000,0.0,0.0
2011-02-08 00:00:00-05:00,0.5199999809265137,0.5899999737739563,0.5099999904632568,0.550000011920929,30000,0.0,0.0
2011-02-09 00:00:00-05:00,0.5899999737739563,0.5899999737739563,0.5199999809265137,0.5799999833106995,22900,0.0,0.0
2011-02-10 00:00:00-05:00,0.5099999904632568,0.5799999833106995,0.5099999904632568,0.5799999833106995,5100,0.0,0.0
2011-02-11 00:00:00-05:00,0.5799999833106995,0.5799999833106995,0.5,0.5799999833106995,1800,0.0,0.0
2011-02-14 00:00:00-05:00,0.5799999833106995,0.5799999833106995,0.5199999809265137,0.5799999833106995,29000,0.0,0.0
2011-02-15 00:00:00-05:00,0.5,0.5600000023841858,0.5,0.5,95800,0.0,0.0
2011-02-16 00:00:00-05:00,0.550000011920929,0.550000011920929,0.4699999988079071,0.4699999988079071,62300,0.0,0.0
2011-02-17 00:00:00-05:00,0.4699999988079071,0.5199999809265137,0.4699999988079071,0.5199999809265137,7500,0.0,0.0
2011-02-18 00:00:00-05:00,0.4699999988079071,0.4699999988079071,0.44999998807907104,0.4699999988079071,139800,0.0,0.0
2011-02-22 00:00:00-05:00,0.4699999988079071,0.4699999988079071,0.4699999988079071,0.4699999988079071,31000,0.0,0.0
2011-02-23 00:00:00-05:00,0.44999998807907104,0.47999998927116394,0.4399999976158142,0.4399999976158142,16300,0.0,0.0
2011-02-24 00:00:00-05:00,0.47999998927116394,0.47999998927116394,0.47999998927116394,0.47999998927116394,5000,0.0,0.0
2011-02-25 00:00:00-05:00,0.4099999964237213,0.5600000023841858,0.4099999964237213,0.5600000023841858,22500,0.0,0.0
2011-02-28 00:00:00-05:00,0.5600000023841858,0.5600000023841858,0.550000011920929,0.550000011920929,10500,0.0,0.0
2011-03-01 00:00:00-05:00,0.5099999904632568,0.5600000023841858,0.5099999904632568,0.5600000023841858,22500,0.0,0.0
2011-03-02 00:00:00-05:00,0.550000011920929,0.550000011920929,0.47999998927116394,0.5,17500,0.0,0.0
2011-03-03 00:00:00-05:00,0.47999998927116394,0.49000000953674316,0.47999998927116394,0.49000000953674316,8000,0.0,0.0
2011-03-04 00:00:00-05:00,0.5199999809265137,0.5199999809265137,0.47999998927116394,0.47999998927116394,34100,0.0,0.0
2011-03-07 00:00:00-05:00,0.5,0.5600000023841858,0.4699999988079071,0.5,60000,0.0,0.0
2011-03-08 00:00:00-05:00,0.5,0.5600000023841858,0.4300000071525574,0.4300000071525574,52600,0.0,0.0
2011-03-09 00:00:00-05:00,0.5600000023841858,0.5600000023841858,0.5600000023841858,0.5600000023841858,100,0.0,0.0
2011-03-10 00:00:00-05:00,0.550000011920929,0.550000011920929,0.550000011920929,0.550000011920929,1000,0.0,0.0
2011-03-11 00:00:00-05:00,0.41999998688697815,0.5299999713897705,0.41999998688697815,0.5299999713897705,10900,0.0,0.0
2011-03-14 00:00:00-04:00,0.5299999713897705,0.5299999713897705,0.41999998688697815,0.5199999809265137,58500,0.0,0.0
2011-03-15 00:00:00-04:00,0.5199999809265137,0.5199999809265137,0.41999998688697815,0.41999998688697815,19500,0.0,0.0
2011-03-16 00:00:00-04:00,0.4300000071525574,0.44999998807907104,0.41999998688697815,0.44999998807907104,53500,0.0,0.0
2011-03-17 00:00:00-04:00,0.5099999904632568,0.5099999904632568,0.5099999904632568,0.5099999904632568,2500,0.0,0.0
2011-03-18 00:00:00-04:00,0.5,0.5199999809265137,0.44999998807907104,0.44999998807907104,52600,0.0,0.0
2011-03-21 00:00:00-04:00,0.5,0.5600000023841858,0.5,0.5,96300,0.0,0.0
2011-03-22 00:00:00-04:00,0.4399999976158142,0.4399999976158142,0.4399999976158142,0.4399999976158142,1000,0.0,0.0
2011-03-23 00:00:00-04:00,0.550000011920929,0.550000011920929,0.550000011920929,0.550000011920929,5000,0.0,0.0
2011-03-24 00:00:00-04:00,0.44999998807907104,0.5199999809265137,0.44999998807907104,0.5,42500,0.0,0.0
2011-03-25 00:00:00-04:00,0.5,0.5199999809265137,0.5,0.5099999904632568,19400,0.0,0.0
2011-03-28 00:00:00-04:00,0.5099999904632568,0.5400000214576721,0.5099999904632568,0.5199999809265137,27600,0.0,0.0
2011-03-29 00:00:00-04:00,0.5199999809265137,0.5299999713897705,0.5,0.5299999713897705,68900,0.0,0.0
2011-03-30 00:00:00-04:00,0.5299999713897705,0.5299999713897705,0.5299999713897705,0.5299999713897705,3500,0.0,0.0
2011-03-31 00:00:00-04:00,0.5299999713897705,0.5299999713897705,0.5299999713897705,0.5299999713897705,8500,0.0,0.0
2011-04-01 00:00:00-04:00,0.550000011920929,0.5799999833106995,0.550000011920929,0.550000011920929,91200,0.0,0.0
2011-04-04 00:00:00-04:00,0.5799999833106995,0.6000000238418579,0.5799999833106995,0.6000000238418579,54000,0.0,0.0
2011-04-05 00:00:00-04:00,0.6000000238418579,0.800000011920929,0.5600000023841858,0.7400000095367432,291200,0.0,0.0
2011-04-06 00:00:00-04:00,0.7699999809265137,1.0,0.7699999809265137,0.949999988079071,151600,0.0,0.0
2011-04-07 00:00:00-04:00,0.9399999976158142,1.149999976158142,0.9399999976158142,1.0499999523162842,346400,0.0,0.0
2011-04-08 00:00:00-04:00,1.090000033378601,1.5700000524520874,1.0700000524520874,1.4700000286102295,768400,0.0,0.0
2011-04-11 00:00:00-04:00,1.5499999523162842,1.7000000476837158,1.2000000476837158,1.399999976158142,433400,0.0,0.0
2011-04-12 00:00:00-04:00,1.4299999475479126,1.5199999809265137,1.25,1.4500000476837158,176200,0.0,0.0
2011-04-13 00:00:00-04:00,1.4500000476837158,1.4500000476837158,1.3700000047683716,1.4500000476837158,19900,0.0,0.0
2011-04-14 00:00:00-04:00,1.4700000286102295,1.4700000286102295,1.399999976158142,1.4500000476837158,87700,0.0,0.0
2011-04-15 00:00:00-04:00,1.5,1.5099999904632568,1.3799999952316284,1.5099999904632568,126800,0.0,0.0
2011-04-18 00:00:00-04:00,1.5099999904632568,1.590000033378601,1.5,1.5800000429153442,221700,0.0,0.0
2011-04-19 00:00:00-04:00,1.5700000524520874,1.649999976158142,1.5299999713897705,1.6399999856948853,155300,0.0,0.0
2011-04-20 00:00:00-04:00,1.6799999475479126,1.7000000476837158,1.649999976158142,1.7000000476837158,81000,0.0,0.0
2011-04-21 00:00:00-04:00,1.7000000476837158,1.75,1.5199999809265137,1.600000023841858,174300,0.0,0.0
2011-04-25 00:00:00-04:00,1.600000023841858,1.75,1.5299999713897705,1.75,234200,0.0,0.0
2011-04-26 00:00:00-04:00,1.75,1.850000023841858,1.6699999570846558,1.850000023841858,183900,0.0,0.0
2011-04-27 00:00:00-04:00,1.850000023841858,1.850000023841858,1.7699999809265137,1.850000023841858,162000,0.0,0.0
2011-04-28 00:00:00-04:00,1.8899999856948853,1.899999976158142,1.8200000524520874,1.8200000524520874,63000,0.0,0.0
2011-04-29 00:00:00-04:00,1.8200000524520874,1.8799999952316284,1.75,1.7999999523162842,45000,0.0,0.0
2011-05-02 00:00:00-04:00,1.7999999523162842,1.899999976158142,1.75,1.850000023841858,136000,0.0,0.0
2011-05-03 00:00:00-04:00,1.850000023841858,1.850000023841858,1.75,1.7699999809265137,73000,0.0,0.0
2011-05-04 00:00:00-04:00,1.7599999904632568,1.7999999523162842,1.7300000190734863,1.7999999523162842,124600,0.0,0.0
2011-05-05 00:00:00-04:00,1.8300000429153442,1.8300000429153442,1.6200000047683716,1.75,58900,0.0,0.0
2011-05-06 00:00:00-04:00,1.7999999523162842,1.7999999523162842,1.7000000476837158,1.75,46000,0.0,0.0
2011-05-09 00:00:00-04:00,1.7999999523162842,1.7999999523162842,1.7300000190734863,1.7599999904632568,57000,0.0,0.0
2011-05-10 00:00:00-04:00,1.7699999809265137,1.7699999809265137,1.7000000476837158,1.7200000286102295,42400,0.0,0.0
2011-05-11 00:00:00-04:00,1.7400000095367432,1.75,1.600000023841858,1.6200000047683716,35900,0.0,0.0
2011-05-12 00:00:00-04:00,1.600000023841858,1.659999966621399,1.559999942779541,1.659999966621399,68300,0.0,0.0
2011-05-13 00:00:00-04:00,1.659999966621399,1.7100000381469727,1.659999966621399,1.7100000381469727,16000,0.0,0.0
2011-05-16 00:00:00-04:00,1.7300000190734863,1.7300000190734863,1.590000033378601,1.600000023841858,35500,0.0,0.0
2011-05-17 00:00:00-04:00,1.600000023841858,1.600000023841858,1.559999942779541,1.5700000524520874,65400,0.0,0.0
2011-05-18 00:00:00-04:00,1.690000057220459,1.7999999523162842,1.690000057220459,1.75,66200,0.0,0.0
2011-05-19 00:00:00-04:00,1.7999999523162842,2.0,1.7999999523162842,2.0,143800,0.0,0.0
2011-05-20 00:00:00-04:00,2.0,2.490000009536743,1.9500000476837158,2.0999999046325684,189600,0.0,0.0
2011-05-23 00:00:00-04:00,2.1500000953674316,2.1500000953674316,1.8799999952316284,1.899999976158142,55800,0.0,0.0
2011-05-24 00:00:00-04:00,1.909999966621399,2.0,1.7200000286102295,2.0,123800,0.0,0.0
2011-05-25 00:00:00-04:00,2.0,2.180000066757202,1.850000023841858,2.0,157500,0.0,0.0
2011-05-26 00:00:00-04:00,2.049999952316284,2.549999952316284,2.049999952316284,2.549999952316284,374000,0.0,0.0
2011-05-27 00:00:00-04:00,2.700000047683716,2.8499999046325684,2.3399999141693115,2.700000047683716,191600,0.0,0.0
2011-05-31 00:00:00-04:00,2.75,2.819999933242798,2.559999942779541,2.6700000762939453,281700,0.0,0.0
2011-06-01 00:00:00-04:00,2.6700000762939453,2.690000057220459,2.5,2.5999999046325684,105000,0.0,0.0
2011-06-02 00:00:00-04:00,2.630000114440918,2.740000009536743,2.200000047683716,2.3499999046325684,121100,0.0,0.0
2011-06-03 00:00:00-04:00,2.1500000953674316,2.5,2.009999990463257,2.5,117000,0.0,0.0
2011-06-06 00:00:00-04:00,2.5,2.630000114440918,2.1600000858306885,2.5,56400,0.0,0.0
2011-06-07 00:00:00-04:00,2.630000114440918,2.680000066757202,2.309999942779541,2.5,129900,0.0,0.0
2011-06-08 00:00:00-04:00,2.5,2.5999999046325684,2.4000000953674316,2.4800000190734863,12500,0.0,0.0
2011-06-09 00:00:00-04:00,2.440000057220459,2.440000057220459,2.2200000286102295,2.299999952316284,45000,0.0,0.0
2011-06-10 00:00:00-04:00,2.2200000286102295,2.619999885559082,2.119999885559082,2.549999952316284,68000,0.0,0.0
2011-06-13 00:00:00-04:00,2.640000104904175,2.799999952316284,2.4000000953674316,2.549999952316284,194200,0.0,0.0
2011-06-14 00:00:00-04:00,2.549999952316284,2.549999952316284,2.3499999046325684,2.450000047683716,193300,0.0,0.0
2011-06-15 00:00:00-04:00,2.369999885559082,2.490000009536743,2.3499999046325684,2.440000057220459,72900,0.0,0.0
2011-06-16 00:00:00-04:00,2.3499999046325684,2.440000057220459,2.3499999046325684,2.3499999046325684,27700,0.0,0.0
2011-06-17 00:00:00-04:00,2.4000000953674316,2.549999952316284,2.4000000953674316,2.5,50300,0.0,0.0
2011-06-20 00:00:00-04:00,2.549999952316284,2.740000009536743,2.4600000381469727,2.549999952316284,214000,0.0,0.0
2011-06-21 00:00:00-04:00,2.5999999046325684,2.740000009536743,2.4700000286102295,2.680000066757202,111300,0.0,0.0
2011-06-22 00:00:00-04:00,2.7300000190734863,3.200000047683716,2.700000047683716,3.119999885559082,319200,0.0,0.0
2011-06-23 00:00:00-04:00,3.200000047683716,3.5,3.140000104904175,3.5,318900,0.0,0.0
2011-06-24 00:00:00-04:00,3.549999952316284,3.890000104904175,3.5,3.700000047683716,307300,0.0,0.0
2011-06-27 00:00:00-04:00,3.640000104904175,3.799999952316284,3.0999999046325684,3.440000057220459,218200,0.0,0.0
2011-06-28 00:00:00-04:00,3.440000057220459,3.490000009536743,3.2699999809265137,3.299999952316284,105500,0.0,0.0
2011-06-29 00:00:00-04:00,3.2699999809265137,4.0,3.200000047683716,4.0,146900,0.0,0.0
2011-06-30 00:00:00-04:00,3.9000000953674316,4.099999904632568,3.6500000953674316,3.799999952316284,132000,0.0,0.0
2011-07-01 00:00:00-04:00,3.7699999809265137,3.8499999046325684,3.700000047683716,3.700000047683716,92700,0.0,0.0
2011-07-05 00:00:00-04:00,3.799999952316284,3.9000000953674316,3.740000009536743,3.890000104904175,106700,0.0,0.0
2011-07-06 00:00:00-04:00,3.880000114440918,3.9000000953674316,3.7200000286102295,3.8499999046325684,48400,0.0,0.0
2011-07-07 00:00:00-04:00,3.8499999046325684,3.8499999046325684,3.700000047683716,3.7200000286102295,51600,0.0,0.0
2011-07-08 00:00:00-04:00,3.7200000286102295,3.799999952316284,3.609999895095825,3.799999952316284,47300,0.0,0.0
2011-07-11 00:00:00-04:00,3.799999952316284,3.799999952316284,3.509999990463257,3.690000057220459,56300,0.0,0.0
2011-07-12 00:00:00-04:00,3.690000057220459,3.7899999618530273,3.5999999046325684,3.5999999046325684,14000,0.0,0.0
2011-07-13 00:00:00-04:00,3.7300000190734863,3.8499999046325684,3.509999990463257,3.700000047683716,58200,0.0,0.0
2011-07-14 00:00:00-04:00,3.700000047683716,3.759999990463257,3.6500000953674316,3.6700000762939453,30300,0.0,0.0
2011-07-15 00:00:00-04:00,3.7300000190734863,3.950000047683716,3.5999999046325684,3.5999999046325684,92600,0.0,0.0
2011-07-18 00:00:00-04:00,3.5999999046325684,3.880000114440918,3.5999999046325684,3.799999952316284,63200,0.0,0.0
2011-07-19 00:00:00-04:00,3.700000047683716,3.9000000953674316,3.700000047683716,3.75,33400,0.0,0.0
2011-07-20 00:00:00-04:00,3.7300000190734863,4.0,3.7300000190734863,3.940000057220459,97200,0.0,0.0
2011-07-21 00:00:00-04:00,3.950000047683716,3.9800000190734863,3.7899999618530273,3.799999952316284,46300,0.0,0.0
2011-07-22 00:00:00-04:00,3.7899999618530273,3.8499999046325684,3.6500000953674316,3.6600000858306885,44200,0.0,0.0
2011-07-25 00:00:00-04:00,3.680000066757202,3.75,3.5999999046325684,3.630000114440918,138100,0.0,0.0
2011-07-26 00:00:00-04:00,3.619999885559082,3.740000009536743,3.5,3.619999885559082,57000,0.0,0.0
2011-07-27 00:00:00-04:00,3.5999999046325684,3.5999999046325684,3.2799999713897705,3.4000000953674316,107500,0.0,0.0
2011-07-28 00:00:00-04:00,3.450000047683716,3.450000047683716,2.5999999046325684,3.0999999046325684,243800,0.0,0.0
2011-07-29 00:00:00-04:00,2.799999952316284,3.259999990463257,2.559999942779541,3.25,165900,0.0,0.0
2011-08-01 00:00:00-04:00,3.2799999713897705,3.450000047683716,3.2699999809265137,3.299999952316284,50500,0.0,0.0
2011-08-02 00:00:00-04:00,3.200000047683716,3.2799999713897705,3.0,3.0,45500,0.0,0.0
2011-08-03 00:00:00-04:00,3.009999990463257,3.049999952316284,2.759999990463257,2.950000047683716,657900,0.0,0.0
2011-08-04 00:00:00-04:00,2.799999952316284,2.9000000953674316,2.75,2.75,77800,0.0,0.0
2011-08-05 00:00:00-04:00,2.619999885559082,2.8499999046325684,2.559999942779541,2.7799999713897705,123900,0.0,0.0
2011-08-08 00:00:00-04:00,2.740000009536743,2.7699999809265137,2.4800000190734863,2.4800000190734863,69000,0.0,0.0
2011-08-09 00:00:00-04:00,2.4800000190734863,2.680000066757202,2.3499999046325684,2.680000066757202,50500,0.0,0.0
2011-08-10 00:00:00-04:00,2.6500000953674316,3.0,2.5999999046325684,2.690000057220459,71200,0.0,0.0
2011-08-11 00:00:00-04:00,2.690000057220459,2.8499999046325684,2.680000066757202,2.7100000381469727,78500,0.0,0.0
2011-08-12 00:00:00-04:00,2.7100000381469727,3.069999933242798,2.680000066757202,3.0,209300,0.0,0.0
2011-08-15 00:00:00-04:00,3.049999952316284,3.3499999046325684,2.9600000381469727,3.049999952316284,107400,0.0,0.0
2011-08-16 00:00:00-04:00,3.0799999237060547,3.0999999046325684,3.0,3.059999942779541,18200,0.0,0.0
2011-08-17 00:00:00-04:00,3.0,3.0999999046325684,2.9200000762939453,2.9800000190734863,46500,0.0,0.0
2011-08-18 00:00:00-04:00,3.0,3.049999952316284,2.759999990463257,2.799999952316284,65700,0.0,0.0
2011-08-19 00:00:00-04:00,2.7799999713897705,2.890000104904175,2.740000009536743,2.799999952316284,99900,0.0,0.0
2011-08-22 00:00:00-04:00,2.8499999046325684,2.8499999046325684,2.75,2.75,31000,0.0,0.0
2011-08-23 00:00:00-04:00,2.740000009536743,2.7899999618530273,2.630000114440918,2.7899999618530273,75100,0.0,0.0
2011-08-24 00:00:00-04:00,2.7899999618530273,2.7899999618530273,2.75,2.7899999618530273,17400,0.0,0.0
2011-08-25 00:00:00-04:00,2.700000047683716,2.799999952316284,2.700000047683716,2.7799999713897705,63000,0.0,0.0
2011-08-26 00:00:00-04:00,2.75,2.8499999046325684,2.75,2.8499999046325684,35100,0.0,0.0
2011-08-29 00:00:00-04:00,3.0999999046325684,3.0999999046325684,2.8499999046325684,2.950000047683716,40100,0.0,0.0
2011-08-30 00:00:00-04:00,2.950000047683716,2.950000047683716,2.9000000953674316,2.9000000953674316,13600,0.0,0.0
2011-08-31 00:00:00-04:00,2.950000047683716,2.950000047683716,2.799999952316284,2.950000047683716,81600,0.0,0.0
2011-09-01 00:00:00-04:00,2.9200000762939453,2.950000047683716,2.9100000858306885,2.9100000858306885,49700,0.0,0.0
2011-09-02 00:00:00-04:00,2.8499999046325684,2.9000000953674316,2.819999933242798,2.9000000953674316,13100,0.0,0.0
2011-09-06 00:00:00-04:00,2.9000000953674316,2.9000000953674316,2.799999952316284,2.809999942779541,2100,0.0,0.0
2011-09-07 00:00:00-04:00,2.8499999046325684,2.880000114440918,2.799999952316284,2.8499999046325684,65300,0.0,0.0
2011-09-08 00:00:00-04:00,2.809999942779541,3.0,2.799999952316284,2.8499999046325684,57500,0.0,0.0
2011-09-09 00:00:00-04:00,2.8299999237060547,2.8299999237060547,2.7799999713897705,2.799999952316284,1800,0.0,0.0
2011-09-12 00:00:00-04:00,2.7799999713897705,2.799999952316284,2.6500000953674316,2.6500000953674316,80900,0.0,0.0
2011-09-13 00:00:00-04:00,2.6700000762939453,2.9200000762939453,2.6700000762939453,2.9200000762939453,116900,0.0,0.0
2011-09-14 00:00:00-04:00,2.950000047683716,3.440000057220459,2.950000047683716,3.369999885559082,237300,0.0,0.0
2011-09-15 00:00:00-04:00,3.380000114440918,3.4000000953674316,3.009999990463257,3.4000000953674316,67800,0.0,0.0
2011-09-16 00:00:00-04:00,3.130000114440918,3.390000104904175,2.9000000953674316,3.0,102600,0.0,0.0
2011-09-19 00:00:00-04:00,2.9700000286102295,2.9700000286102295,2.890000104904175,2.9000000953674316,12300,0.0,0.0
2011-09-20 00:00:00-04:00,2.950000047683716,2.950000047683716,2.759999990463257,2.8499999046325684,27900,0.0,0.0
2011-09-21 00:00:00-04:00,2.809999942779541,3.0,2.809999942779541,3.0,13100,0.0,0.0
2011-09-22 00:00:00-04:00,2.9000000953674316,2.9000000953674316,2.6500000953674316,2.7100000381469727,37300,0.0,0.0
2011-09-23 00:00:00-04:00,2.680000066757202,2.7300000190734863,2.049999952316284,2.5,452000,0.0,0.0
2011-09-26 00:00:00-04:00,2.5399999618530273,2.819999933242798,2.259999990463257,2.700000047683716,151300,0.0,0.0
2011-09-27 00:00:00-04:00,2.75,3.0999999046325684,2.75,2.9600000381469727,299300,0.0,0.0
2011-09-28 00:00:00-04:00,3.0,3.0,2.8499999046325684,2.930000066757202,18000,0.0,0.0
2011-09-29 00:00:00-04:00,2.809999942779541,2.809999942779541,2.5999999046325684,2.5999999046325684,18500,0.0,0.0
2011-09-30 00:00:00-04:00,2.7799999713897705,2.930000066757202,2.450000047683716,2.450000047683716,128900,0.0,0.0
2011-10-03 00:00:00-04:00,2.5999999046325684,2.5999999046325684,2.4100000858306885,2.5,41000,0.0,0.0
2011-10-04 00:00:00-04:00,2.5,2.5,2.4200000762939453,2.5,49000,0.0,0.0
2011-10-05 00:00:00-04:00,2.5,2.9600000381469727,2.5,2.9600000381469727,180500,0.0,0.0
2011-10-06 00:00:00-04:00,2.9200000762939453,3.3499999046325684,2.7899999618530273,3.1500000953674316,331700,0.0,0.0
2011-10-07 00:00:00-04:00,3.0999999046325684,3.0999999046325684,2.9000000953674316,2.930000066757202,39300,0.0,0.0
2011-10-10 00:00:00-04:00,3.0,3.190000057220459,2.9800000190734863,3.0299999713897705,81300,0.0,0.0
2011-10-11 00:00:00-04:00,3.049999952316284,3.049999952316284,2.950000047683716,3.0,101500,0.0,0.0
2011-10-12 00:00:00-04:00,3.0,3.140000104904175,2.8499999046325684,3.0399999618530273,268800,0.0,0.0
2011-10-13 00:00:00-04:00,2.819999933242798,2.9800000190734863,2.819999933242798,2.9000000953674316,34900,0.0,0.0
2011-10-14 00:00:00-04:00,2.8499999046325684,3.109999895095825,2.7799999713897705,3.0999999046325684,356500,0.0,0.0
2011-10-17 00:00:00-04:00,3.0,3.0799999237060547,3.0,3.049999952316284,17500,0.0,0.0
2011-10-18 00:00:00-04:00,3.049999952316284,3.049999952316284,2.799999952316284,3.0299999713897705,87700,0.0,0.0
2011-10-19 00:00:00-04:00,2.9000000953674316,3.0299999713897705,2.8499999046325684,3.0,27500,0.0,0.0
2011-10-20 00:00:00-04:00,2.930000066757202,2.9600000381469727,2.9000000953674316,2.9100000858306885,61800,0.0,0.0
2011-10-21 00:00:00-04:00,2.9200000762939453,2.950000047683716,2.8499999046325684,2.950000047683716,65700,0.0,0.0
2011-10-24 00:00:00-04:00,2.950000047683716,3.0,2.9000000953674316,3.0,102700,0.0,0.0
2011-10-25 00:00:00-04:00,3.0,3.0,2.950000047683716,2.950000047683716,46300,0.0,0.0
2011-10-26 00:00:00-04:00,2.9700000286102295,3.0,2.869999885559082,2.9100000858306885,50700,0.0,0.0
2011-10-27 00:00:00-04:00,2.9100000858306885,3.0,2.8499999046325684,2.859999895095825,230700,0.0,0.0
2011-10-28 00:00:00-04:00,2.950000047683716,2.950000047683716,2.799999952316284,2.799999952316284,31600,0.0,0.0
2011-10-31 00:00:00-04:00,2.7699999809265137,2.7699999809265137,2.700000047683716,2.700000047683716,41900,0.0,0.0
2011-11-01 00:00:00-04:00,2.6500000953674316,2.700000047683716,2.5299999713897705,2.6500000953674316,76200,0.0,0.0
2011-11-02 00:00:00-04:00,2.5999999046325684,2.640000104904175,2.5299999713897705,2.640000104904175,40200,0.0,0.0
2011-11-03 00:00:00-04:00,2.5999999046325684,2.75,2.5299999713897705,2.75,74800,0.0,0.0
2011-11-04 00:00:00-04:00,2.690000057220459,2.7699999809265137,2.690000057220459,2.7200000286102295,10100,0.0,0.0
2011-11-07 00:00:00-05:00,2.7899999618530273,2.930000066757202,2.630000114440918,2.700000047683716,26900,0.0,0.0
2011-11-08 00:00:00-05:00,2.6600000858306885,2.75,2.6600000858306885,2.7200000286102295,86400,0.0,0.0
2011-11-09 00:00:00-05:00,2.7200000286102295,2.7200000286102295,2.630000114440918,2.6500000953674316,40900,0.0,0.0
2011-11-10 00:00:00-05:00,2.700000047683716,2.740000009536743,2.549999952316284,2.700000047683716,129100,0.0,0.0
2011-11-11 00:00:00-05:00,2.75,2.75,2.640000104904175,2.690000057220459,24700,0.0,0.0
2011-11-14 00:00:00-05:00,2.690000057220459,2.700000047683716,2.5899999141693115,2.700000047683716,15700,0.0,0.0
2011-11-15 00:00:00-05:00,2.5799999237060547,2.5799999237060547,2.5,2.5,79500,0.0,0.0
2011-11-16 00:00:00-05:00,2.5399999618530273,2.549999952316284,2.359999895095825,2.5299999713897705,105700,0.0,0.0
2011-11-17 00:00:00-05:00,2.5299999713897705,2.5999999046325684,2.3499999046325684,2.5999999046325684,95600,0.0,0.0
2011-11-18 00:00:00-05:00,2.5899999141693115,2.5899999141693115,2.490000009536743,2.490000009536743,150100,0.0,0.0
2011-11-21 00:00:00-05:00,2.549999952316284,2.569999933242798,2.2899999618530273,2.319999933242798,39200,0.0,0.0
2011-11-22 00:00:00-05:00,2.3499999046325684,2.5,2.200000047683716,2.5,87000,0.0,0.0
2011-11-23 00:00:00-05:00,2.549999952316284,2.549999952316284,2.130000114440918,2.299999952316284,38900,0.0,0.0
2011-11-25 00:00:00-05:00,2.299999952316284,2.299999952316284,2.1500000953674316,2.200000047683716,57900,0.0,0.0
2011-11-28 00:00:00-05:00,2.2699999809265137,2.299999952316284,2.1600000858306885,2.200000047683716,23800,0.0,0.0
2011-11-29 00:00:00-05:00,2.2100000381469727,2.240000009536743,2.049999952316284,2.0999999046325684,25800,0.0,0.0
2011-11-30 00:00:00-05:00,2.180000066757202,2.2100000381469727,2.130000114440918,2.1700000762939453,56300,0.0,0.0
2011-12-01 00:00:00-05:00,2.180000066757202,2.180000066757202,2.1500000953674316,2.1500000953674316,21200,0.0,0.0
2011-12-02 00:00:00-05:00,2.1500000953674316,2.180000066757202,1.850000023841858,2.1500000953674316,131200,0.0,0.0
2011-12-05 00:00:00-05:00,2.119999885559082,2.1500000953674316,2.0999999046325684,2.119999885559082,8800,0.0,0.0
2011-12-06 00:00:00-05:00,2.119999885559082,2.180000066757202,2.0999999046325684,2.109999895095825,22900,0.0,0.0
2011-12-07 00:00:00-05:00,2.1500000953674316,2.3499999046325684,2.1500000953674316,2.3499999046325684,46600,0.0,0.0
2011-12-08 00:00:00-05:00,2.3499999046325684,2.5,2.299999952316284,2.359999895095825,86500,0.0,0.0
2011-12-09 00:00:00-05:00,2.359999895095825,2.390000104904175,2.259999990463257,2.259999990463257,14100,0.0,0.0
2011-12-12 00:00:00-05:00,2.299999952316284,2.5,2.299999952316284,2.4800000190734863,76100,0.0,0.0
2011-12-13 00:00:00-05:00,2.450000047683716,2.4800000190734863,2.25,2.4800000190734863,30200,0.0,0.0
2011-12-14 00:00:00-05:00,2.450000047683716,2.450000047683716,2.3299999237060547,2.369999885559082,25100,0.0,0.0
2011-12-15 00:00:00-05:00,2.450000047683716,2.450000047683716,2.309999942779541,2.309999942779541,13600,0.0,0.0
2011-12-16 00:00:00-05:00,2.309999942779541,2.309999942779541,2.299999952316284,2.299999952316284,29900,0.0,0.0
2011-12-19 00:00:00-05:00,2.309999942779541,2.3499999046325684,2.1500000953674316,2.1600000858306885,26700,0.0,0.0
2011-12-20 00:00:00-05:00,2.1700000762939453,2.2899999618530273,2.1600000858306885,2.25,8100,0.0,0.0
2011-12-21 00:00:00-05:00,2.200000047683716,2.25,2.200000047683716,2.200000047683716,33800,0.0,0.0
2011-12-22 00:00:00-05:00,2.240000009536743,2.440000057220459,2.109999895095825,2.109999895095825,44600,0.0,0.0
2011-12-23 00:00:00-05:00,2.1500000953674316,2.180000066757202,2.1500000953674316,2.1500000953674316,57600,0.0,0.0
2011-12-27 00:00:00-05:00,2.200000047683716,2.25,2.1600000858306885,2.25,12900,0.0,0.0
2011-12-28 00:00:00-05:00,2.1500000953674316,2.2899999618530273,2.1500000953674316,2.2899999618530273,9500,0.0,0.0
2011-12-29 00:00:00-05:00,2.2899999618530273,2.2899999618530273,2.2899999618530273,2.2899999618530273,0,0.0,0.0
2011-12-30 00:00:00-05:00,2.200000047683716,2.430000066757202,2.200000047683716,2.4000000953674316,26700,0.0,0.0
2012-01-03 00:00:00-05:00,2.2200000286102295,2.440000057220459,2.1500000953674316,2.3499999046325684,39500,0.0,0.0
2012-01-04 00:00:00-05:00,2.3499999046325684,2.3499999046325684,2.3399999141693115,2.3499999046325684,5600,0.0,0.0
2012-01-05 00:00:00-05:00,2.3399999141693115,2.3499999046325684,2.3299999237060547,2.3499999046325684,14000,0.0,0.0
2012-01-06 00:00:00-05:00,2.3499999046325684,2.3499999046325684,2.25,2.25,16600,0.0,0.0
2012-01-09 00:00:00-05:00,2.3499999046325684,2.549999952316284,2.3499999046325684,2.3499999046325684,164500,0.0,0.0
2012-01-10 00:00:00-05:00,2.3499999046325684,2.5399999618530273,2.3499999046325684,2.3499999046325684,19300,0.0,0.0
2012-01-11 00:00:00-05:00,2.4000000953674316,2.450000047683716,2.3499999046325684,2.3499999046325684,33300,0.0,0.0
2012-01-12 00:00:00-05:00,2.450000047683716,2.5,2.3499999046325684,2.3499999046325684,129200,0.0,0.0
2012-01-13 00:00:00-05:00,2.3499999046325684,2.380000114440918,2.200000047683716,2.299999952316284,132600,0.0,0.0
2012-01-17 00:00:00-05:00,2.200000047683716,2.450000047683716,2.059999942779541,2.369999885559082,106500,0.0,0.0
2012-01-18 00:00:00-05:00,2.2100000381469727,2.5399999618530273,2.2100000381469727,2.5399999618530273,200800,0.0,0.0
2012-01-19 00:00:00-05:00,2.5399999618530273,2.549999952316284,2.450000047683716,2.450000047683716,13000,0.0,0.0
2012-01-20 00:00:00-05:00,2.4700000286102295,2.700000047683716,2.450000047683716,2.5999999046325684,124700,0.0,0.0
2012-01-23 00:00:00-05:00,2.5899999141693115,2.6600000858306885,2.5,2.5,54000,0.0,0.0
2012-01-24 00:00:00-05:00,2.5,2.5799999237060547,2.4000000953674316,2.5,116200,0.0,0.0
2012-01-25 00:00:00-05:00,2.5,2.740000009536743,2.5,2.740000009536743,327200,0.0,0.0
2012-01-26 00:00:00-05:00,2.619999885559082,2.6500000953674316,2.5999999046325684,2.5999999046325684,129300,0.0,0.0
2012-01-27 00:00:00-05:00,2.450000047683716,2.950000047683716,2.450000047683716,2.75,17700,0.0,0.0
2012-01-30 00:00:00-05:00,2.6700000762939453,3.0799999237060547,2.6700000762939453,3.049999952316284,35500,0.0,0.0
2012-01-31 00:00:00-05:00,3.0199999809265137,3.319999933242798,2.859999895095825,3.299999952316284,172600,0.0,0.0
2012-02-01 00:00:00-05:00,3.2100000381469727,3.450000047683716,2.7100000381469727,3.440000057220459,230400,0.0,0.0
2012-02-02 00:00:00-05:00,3.3499999046325684,3.4000000953674316,3.200000047683716,3.299999952316284,17900,0.0,0.0
2012-02-03 00:00:00-05:00,3.2899999618530273,3.390000104904175,3.200000047683716,3.2699999809265137,82500,0.0,0.0
2012-02-06 00:00:00-05:00,3.319999933242798,3.569999933242798,3.0799999237060547,3.0999999046325684,43100,0.0,0.0
2012-02-07 00:00:00-05:00,3.0999999046325684,3.180000066757202,2.9600000381469727,3.0899999141693115,111600,0.0,0.0
2012-02-08 00:00:00-05:00,3.059999942779541,3.069999933242798,3.0,3.0,27600,0.0,0.0
2012-02-09 00:00:00-05:00,3.0399999618530273,3.25,3.0,3.1700000762939453,70500,0.0,0.0
2012-02-10 00:00:00-05:00,3.0999999046325684,3.200000047683716,3.0,3.0,14200,0.0,0.0
2012-02-13 00:00:00-05:00,3.009999990463257,3.049999952316284,3.009999990463257,3.049999952316284,4300,0.0,0.0
2012-02-14 00:00:00-05:00,3.0,3.0999999046325684,2.9200000762939453,3.059999942779541,8600,0.0,0.0
2012-02-15 00:00:00-05:00,3.009999990463257,3.009999990463257,2.9200000762939453,2.950000047683716,6600,0.0,0.0
2012-02-16 00:00:00-05:00,3.0,3.0199999809265137,2.75,2.890000104904175,88200,0.0,0.0
2012-02-17 00:00:00-05:00,2.890000104904175,2.890000104904175,2.799999952316284,2.890000104904175,2900,0.0,0.0
2012-02-21 00:00:00-05:00,2.8499999046325684,2.950000047683716,2.75,2.8499999046325684,16400,0.0,0.0
2012-02-22 00:00:00-05:00,3.0,3.0899999141693115,3.0,3.049999952316284,27200,0.0,0.0
2012-02-23 00:00:00-05:00,3.0,3.0899999141693115,2.8499999046325684,3.069999933242798,58000,0.0,0.0
2012-02-24 00:00:00-05:00,3.049999952316284,3.0999999046325684,2.9600000381469727,3.059999942779541,29400,0.0,0.0
2012-02-27 00:00:00-05:00,3.0299999713897705,3.2799999713897705,3.0199999809265137,3.1700000762939453,55200,0.0,0.0
2012-02-28 00:00:00-05:00,3.2200000286102295,3.299999952316284,3.140000104904175,3.200000047683716,25600,0.0,0.0
2012-02-29 00:00:00-05:00,3.25,3.299999952316284,3.1600000858306885,3.1600000858306885,15800,0.0,0.0
2012-03-01 00:00:00-05:00,3.1600000858306885,3.200000047683716,3.1500000953674316,3.200000047683716,9800,0.0,0.0
2012-03-02 00:00:00-05:00,3.200000047683716,3.299999952316284,3.0999999046325684,3.0999999046325684,40600,0.0,0.0
2012-03-05 00:00:00-05:00,3.0199999809265137,3.049999952316284,2.940000057220459,2.9700000286102295,12000,0.0,0.0
2012-03-06 00:00:00-05:00,2.9200000762939453,2.950000047683716,2.819999933242798,2.9200000762939453,30000,0.0,0.0
2012-03-07 00:00:00-05:00,2.9200000762939453,3.049999952316284,2.9200000762939453,2.950000047683716,4600,0.0,0.0
2012-03-08 00:00:00-05:00,3.1700000762939453,3.1700000762939453,2.9800000190734863,3.0,9300,0.0,0.0
2012-03-09 00:00:00-05:00,3.049999952316284,3.180000066757202,3.049999952316284,3.059999942779541,33900,0.0,0.0
2012-03-12 00:00:00-04:00,3.059999942779541,3.299999952316284,3.049999952316284,3.049999952316284,45700,0.0,0.0
2012-03-13 00:00:00-04:00,3.0799999237060547,3.259999990463257,3.0799999237060547,3.240000009536743,37500,0.0,0.0
2012-03-14 00:00:00-04:00,3.2200000286102295,3.2200000286102295,3.119999885559082,3.200000047683716,40200,0.0,0.0
2012-03-15 00:00:00-04:00,3.2200000286102295,3.240000009536743,3.049999952316284,3.1500000953674316,20900,0.0,0.0
2012-03-16 00:00:00-04:00,3.1500000953674316,3.200000047683716,3.1500000953674316,3.1500000953674316,3300,0.0,0.0
2012-03-19 00:00:00-04:00,3.200000047683716,3.299999952316284,3.0399999618530273,3.180000066757202,62200,0.0,0.0
2012-03-20 00:00:00-04:00,3.109999895095825,3.549999952316284,3.109999895095825,3.4000000953674316,137900,0.0,0.0
2012-03-21 00:00:00-04:00,3.450000047683716,3.819999933242798,3.440000057220459,3.75,337100,0.0,0.0
2012-03-22 00:00:00-04:00,3.8299999237060547,3.8299999237060547,3.549999952316284,3.7200000286102295,18900,0.0,0.0
2012-03-23 00:00:00-04:00,3.740000009536743,3.75,3.6500000953674316,3.75,50400,0.0,0.0
2012-03-26 00:00:00-04:00,3.75,3.799999952316284,3.6500000953674316,3.799999952316284,52200,0.0,0.0
2012-03-27 00:00:00-04:00,3.9000000953674316,3.9800000190734863,3.799999952316284,3.880000114440918,40300,0.0,0.0
2012-03-28 00:00:00-04:00,3.880000114440918,3.880000114440918,3.5899999141693115,3.700000047683716,64500,0.0,0.0
2012-03-29 00:00:00-04:00,3.6500000953674316,3.799999952316284,3.609999895095825,3.75,28800,0.0,0.0
2012-03-30 00:00:00-04:00,3.7300000190734863,3.8399999141693115,3.6700000762939453,3.690000057220459,8000,0.0,0.0
2012-04-02 00:00:00-04:00,3.8399999141693115,3.9000000953674316,3.799999952316284,3.819999933242798,59900,0.0,0.0
2012-04-03 00:00:00-04:00,3.9000000953674316,4.139999866485596,3.799999952316284,4.010000228881836,86900,0.0,0.0
2012-04-04 00:00:00-04:00,4.0,4.0,3.809999942779541,3.9700000286102295,65000,0.0,0.0
2012-04-05 00:00:00-04:00,3.9700000286102295,4.03000020980835,3.9000000953674316,4.03000020980835,20900,0.0,0.0
2012-04-09 00:00:00-04:00,4.03000020980835,4.03000020980835,3.9000000953674316,4.0,10900,0.0,0.0
2012-04-10 00:00:00-04:00,4.0,4.03000020980835,3.9000000953674316,4.0,49700,0.0,0.0
2012-04-11 00:00:00-04:00,3.950000047683716,4.019999980926514,3.950000047683716,4.019999980926514,21600,0.0,0.0
2012-04-12 00:00:00-04:00,4.0,4.019999980926514,3.950000047683716,4.019999980926514,32200,0.0,0.0
2012-04-13 00:00:00-04:00,4.03000020980835,4.03000020980835,3.950000047683716,4.0,44200,0.0,0.0
2012-04-16 00:00:00-04:00,4.0,4.019999980926514,3.9100000858306885,4.0,37100,0.0,0.0
2012-04-17 00:00:00-04:00,4.0,4.039999961853027,3.9600000381469727,4.039999961853027,52000,0.0,0.0
2012-04-18 00:00:00-04:00,4.010000228881836,4.050000190734863,4.0,4.0,37600,0.0,0.0
2012-04-19 00:00:00-04:00,4.019999980926514,4.03000020980835,4.0,4.03000020980835,27500,0.0,0.0
2012-04-20 00:00:00-04:00,4.03000020980835,4.03000020980835,3.990000009536743,3.990000009536743,66800,0.0,0.0
2012-04-23 00:00:00-04:00,3.990000009536743,4.019999980926514,3.950000047683716,3.950000047683716,11900,0.0,0.0
2012-04-24 00:00:00-04:00,3.859999895095825,4.0,3.859999895095825,3.950000047683716,6900,0.0,0.0
2012-04-25 00:00:00-04:00,3.9000000953674316,4.03000020980835,3.8499999046325684,3.9000000953674316,33700,0.0,0.0
2012-04-26 00:00:00-04:00,3.950000047683716,4.0,3.950000047683716,3.950000047683716,26300,0.0,0.0
2012-04-27 00:00:00-04:00,3.950000047683716,3.950000047683716,3.8499999046325684,3.950000047683716,28000,0.0,0.0
2012-04-30 00:00:00-04:00,3.930000066757202,4.0,3.8499999046325684,4.0,48000,0.0,0.0
2012-05-01 00:00:00-04:00,3.9800000190734863,4.0,3.950000047683716,4.0,42000,0.0,0.0
2012-05-02 00:00:00-04:00,4.0,4.0,3.950000047683716,3.9800000190734863,8200,0.0,0.0
2012-05-03 00:00:00-04:00,3.9800000190734863,3.990000009536743,3.9000000953674316,3.9800000190734863,26000,0.0,0.0
2012-05-04 00:00:00-04:00,3.990000009536743,3.990000009536743,3.8499999046325684,3.8499999046325684,35600,0.0,0.0
2012-05-07 00:00:00-04:00,3.8399999141693115,3.8399999141693115,3.5199999809265137,3.799999952316284,51000,0.0,0.0
2012-05-08 00:00:00-04:00,3.799999952316284,3.799999952316284,3.700000047683716,3.75,41200,0.0,0.0
2012-05-09 00:00:00-04:00,3.880000114440918,3.880000114440918,3.5299999713897705,3.5299999713897705,28000,0.0,0.0
2012-05-10 00:00:00-04:00,3.569999933242798,3.630000114440918,3.309999942779541,3.319999933242798,41000,0.0,0.0
2012-05-11 00:00:00-04:00,3.319999933242798,3.4000000953674316,2.9000000953674316,2.9800000190734863,252000,0.0,0.0
2012-05-14 00:00:00-04:00,2.9100000858306885,2.950000047683716,2.799999952316284,2.809999942779541,63400,0.0,0.0
2012-05-15 00:00:00-04:00,2.809999942779541,2.940000057220459,2.700000047683716,2.940000057220459,85000,0.0,0.0
2012-05-16 00:00:00-04:00,2.940000057220459,3.0999999046325684,2.930000066757202,3.0,21000,0.0,0.0
2012-05-17 00:00:00-04:00,3.0,3.009999990463257,2.9000000953674316,2.930000066757202,122100,0.0,0.0
2012-05-18 00:00:00-04:00,2.799999952316284,3.0,2.75,2.8499999046325684,106200,0.0,0.0
2012-05-21 00:00:00-04:00,2.8499999046325684,3.0999999046325684,2.8499999046325684,3.0399999618530273,17800,0.0,0.0
2012-05-22 00:00:00-04:00,3.049999952316284,3.740000009536743,3.049999952316284,3.4000000953674316,68000,0.0,0.0
2012-05-23 00:00:00-04:00,3.430000066757202,3.7899999618530273,3.430000066757202,3.6500000953674316,53000,0.0,0.0
2012-05-24 00:00:00-04:00,3.5199999809265137,3.7799999713897705,3.5199999809265137,3.7799999713897705,61400,0.0,0.0
2012-05-25 00:00:00-04:00,3.6500000953674316,3.9200000762939453,3.6500000953674316,3.819999933242798,67600,0.0,0.0
2012-05-29 00:00:00-04:00,3.799999952316284,3.8499999046325684,3.6500000953674316,3.740000009536743,30500,0.0,0.0
2012-05-30 00:00:00-04:00,3.640000104904175,3.75,3.319999933242798,3.450000047683716,61700,0.0,0.0
2012-05-31 00:00:00-04:00,3.549999952316284,3.5899999141693115,3.359999895095825,3.4000000953674316,15900,0.0,0.0
2012-06-01 00:00:00-04:00,3.369999885559082,3.630000114440918,3.2200000286102295,3.5299999713897705,115000,0.0,0.0
2012-06-04 00:00:00-04:00,3.6700000762939453,3.6700000762939453,3.4200000762939453,3.5399999618530273,15700,0.0,0.0
2012-06-05 00:00:00-04:00,3.359999895095825,3.6500000953674316,3.3499999046325684,3.569999933242798,79800,0.0,0.0
2012-06-06 00:00:00-04:00,3.559999942779541,3.8499999046325684,3.549999952316284,3.8399999141693115,98900,0.0,0.0
2012-06-07 00:00:00-04:00,3.9000000953674316,3.9000000953674316,3.7699999809265137,3.8299999237060547,39200,0.0,0.0
2012-06-08 00:00:00-04:00,3.8499999046325684,4.0,3.809999942779541,3.930000066757202,183500,0.0,0.0
2012-06-11 00:00:00-04:00,3.799999952316284,4.5,3.799999952316284,4.449999809265137,334100,0.0,0.0
2012-06-12 00:00:00-04:00,4.690000057220459,4.949999809265137,4.059999942779541,4.78000020980835,461700,0.0,0.0
2012-06-13 00:00:00-04:00,4.78000020980835,4.78000020980835,4.25,4.699999809265137,237900,0.0,0.0
2012-06-14 00:00:00-04:00,4.75,4.75,4.650000095367432,4.739999771118164,226600,0.0,0.0
2012-06-15 00:00:00-04:00,4.769999980926514,4.769999980926514,4.519999980926514,4.519999980926514,300900,0.0,0.0
2012-06-18 00:00:00-04:00,4.659999847412109,4.659999847412109,4.260000228881836,4.519999980926514,198700,0.0,0.0
2012-06-19 00:00:00-04:00,4.599999904632568,4.699999809265137,4.480000019073486,4.679999828338623,215500,0.0,0.0
2012-06-20 00:00:00-04:00,4.71999979019165,4.71999979019165,4.329999923706055,4.449999809265137,350400,0.0,0.0
2012-06-21 00:00:00-04:00,4.380000114440918,4.380000114440918,3.890000104904175,4.0,550700,0.0,0.0
2012-06-22 00:00:00-04:00,4.050000190734863,4.389999866485596,4.039999961853027,4.210000038146973,6489500,0.0,0.0
2012-06-25 00:00:00-04:00,4.199999809265137,4.199999809265137,3.75,3.7799999713897705,272300,0.0,0.0
2012-06-26 00:00:00-04:00,3.8299999237060547,4.75,3.5,4.039999961853027,323800,0.0,0.0
2012-06-27 00:00:00-04:00,3.9700000286102295,4.099999904632568,3.9000000953674316,4.050000190734863,98300,0.0,0.0
2012-06-28 00:00:00-04:00,4.0,4.090000152587891,3.8399999141693115,4.070000171661377,243300,0.0,0.0
2012-06-29 00:00:00-04:00,4.010000228881836,4.110000133514404,3.6600000858306885,4.039999961853027,301500,0.0,0.0
2012-07-02 00:00:00-04:00,4.199999809265137,4.25,3.890000104904175,4.059999942779541,153200,0.0,0.0
2012-07-03 00:00:00-04:00,4.010000228881836,4.03000020980835,3.8499999046325684,4.03000020980835,53800,0.0,0.0
2012-07-05 00:00:00-04:00,4.010000228881836,4.039999961853027,3.9000000953674316,3.9100000858306885,77500,0.0,0.0
2012-07-06 00:00:00-04:00,3.869999885559082,3.940000057220459,3.799999952316284,3.9000000953674316,76100,0.0,0.0
2012-07-09 00:00:00-04:00,3.880000114440918,3.9000000953674316,3.7699999809265137,3.819999933242798,80500,0.0,0.0
2012-07-10 00:00:00-04:00,3.75,3.759999990463257,3.4000000953674316,3.5,121000,0.0,0.0
2012-07-11 00:00:00-04:00,3.5199999809265137,3.5199999809265137,3.309999942779541,3.3399999141693115,103600,0.0,0.0
2012-07-12 00:00:00-04:00,3.299999952316284,3.440000057220459,3.109999895095825,3.369999885559082,189900,0.0,0.0
2012-07-13 00:00:00-04:00,3.369999885559082,3.4600000381469727,3.299999952316284,3.450000047683716,74700,0.0,0.0
2012-07-16 00:00:00-04:00,3.4600000381469727,3.5299999713897705,3.4000000953674316,3.4800000190734863,38400,0.0,0.0
2012-07-17 00:00:00-04:00,3.5199999809265137,3.5899999141693115,3.359999895095825,3.5199999809265137,156400,0.0,0.0
2012-07-18 00:00:00-04:00,3.5299999713897705,3.5299999713897705,3.299999952316284,3.390000104904175,132500,0.0,0.0
2012-07-19 00:00:00-04:00,3.369999885559082,3.4200000762939453,3.2100000381469727,3.359999895095825,156800,0.0,0.0
2012-07-20 00:00:00-04:00,3.3399999141693115,3.3399999141693115,3.0199999809265137,3.059999942779541,179900,0.0,0.0
2012-07-23 00:00:00-04:00,3.069999933242798,3.069999933242798,2.8499999046325684,2.9200000762939453,137400,0.0,0.0
2012-07-24 00:00:00-04:00,2.9200000762939453,2.990000009536743,2.569999933242798,2.5899999141693115,179300,0.0,0.0
2012-07-25 00:00:00-04:00,2.619999885559082,2.690000057220459,2.490000009536743,2.5899999141693115,241100,0.0,0.0
2012-07-26 00:00:00-04:00,2.630000114440918,2.819999933242798,2.5899999141693115,2.819999933242798,115200,0.0,0.0
2012-07-27 00:00:00-04:00,2.8399999141693115,2.990000009536743,2.700000047683716,2.990000009536743,122900,0.0,0.0
2012-07-30 00:00:00-04:00,3.0899999141693115,3.0899999141693115,2.8399999141693115,2.950000047683716,60400,0.0,0.0
2012-07-31 00:00:00-04:00,2.930000066757202,2.930000066757202,2.759999990463257,2.819999933242798,147800,0.0,0.0
2012-08-01 00:00:00-04:00,2.809999942779541,2.890000104904175,2.5199999809265137,2.5199999809265137,261300,0.0,0.0
2012-08-02 00:00:00-04:00,2.5299999713897705,2.5999999046325684,2.5299999713897705,2.569999933242798,160700,0.0,0.0
2012-08-03 00:00:00-04:00,2.630000114440918,2.75,2.549999952316284,2.700000047683716,103600,0.0,0.0
2012-08-06 00:00:00-04:00,2.7100000381469727,2.7100000381469727,2.5299999713897705,2.6500000953674316,67700,0.0,0.0
2012-08-07 00:00:00-04:00,2.6500000953674316,2.759999990463257,2.5299999713897705,2.569999933242798,146500,0.0,0.0
2012-08-08 00:00:00-04:00,2.5399999618530273,2.5399999618530273,2.3499999046325684,2.4000000953674316,152100,0.0,0.0
2012-08-09 00:00:00-04:00,2.390000104904175,2.6500000953674316,2.3499999046325684,2.440000057220459,155900,0.0,0.0
2012-08-10 00:00:00-04:00,2.440000057220459,2.4600000381469727,2.3299999237060547,2.359999895095825,113600,0.0,0.0
2012-08-13 00:00:00-04:00,2.359999895095825,2.450000047683716,2.299999952316284,2.380000114440918,142800,0.0,0.0
2012-08-14 00:00:00-04:00,2.380000114440918,2.430000066757202,2.3399999141693115,2.380000114440918,49300,0.0,0.0
2012-08-15 00:00:00-04:00,2.359999895095825,2.430000066757202,2.3299999237060547,2.4100000858306885,80900,0.0,0.0
2012-08-16 00:00:00-04:00,2.4000000953674316,2.6600000858306885,2.369999885559082,2.6500000953674316,146600,0.0,0.0
2012-08-17 00:00:00-04:00,2.640000104904175,2.6600000858306885,2.4700000286102295,2.5399999618530273,205500,0.0,0.0
2012-08-20 00:00:00-04:00,2.5399999618530273,2.630000114440918,2.4200000762939453,2.4700000286102295,115600,0.0,0.0
2012-08-21 00:00:00-04:00,2.859999895095825,2.859999895095825,2.450000047683716,2.490000009536743,103800,0.0,0.0
2012-08-22 00:00:00-04:00,2.4800000190734863,2.549999952316284,2.4100000858306885,2.5,78100,0.0,0.0
2012-08-23 00:00:00-04:00,2.440000057220459,2.440000057220459,2.25,2.359999895095825,193300,0.0,0.0
2012-08-24 00:00:00-04:00,2.3299999237060547,2.380000114440918,2.2899999618530273,2.369999885559082,83200,0.0,0.0
2012-08-27 00:00:00-04:00,2.369999885559082,2.4600000381469727,2.3499999046325684,2.4600000381469727,41400,0.0,0.0
2012-08-28 00:00:00-04:00,2.4600000381469727,2.5399999618530273,2.4100000858306885,2.490000009536743,120800,0.0,0.0
2012-08-29 00:00:00-04:00,2.5,2.5899999141693115,2.4800000190734863,2.5799999237060547,54700,0.0,0.0
2012-08-30 00:00:00-04:00,2.569999933242798,2.6500000953674316,2.569999933242798,2.5999999046325684,40500,0.0,0.0
2012-08-31 00:00:00-04:00,2.630000114440918,2.640000104904175,2.4800000190734863,2.5999999046325684,67100,0.0,0.0
2012-09-04 00:00:00-04:00,2.630000114440918,2.630000114440918,2.4000000953674316,2.5399999618530273,64200,0.0,0.0
2012-09-05 00:00:00-04:00,2.440000057220459,2.5899999141693115,2.390000104904175,2.4600000381469727,92300,0.0,0.0
2012-09-06 00:00:00-04:00,2.390000104904175,2.640000104904175,2.390000104904175,2.5999999046325684,130900,0.0,0.0
2012-09-07 00:00:00-04:00,2.640000104904175,2.680000066757202,2.609999895095825,2.6600000858306885,81000,0.0,0.0
2012-09-10 00:00:00-04:00,2.700000047683716,2.7699999809265137,2.700000047683716,2.759999990463257,94500,0.0,0.0
2012-09-11 00:00:00-04:00,2.7899999618530273,2.869999885559082,2.740000009536743,2.799999952316284,60700,0.0,0.0
2012-09-12 00:00:00-04:00,2.819999933242798,2.8499999046325684,2.6600000858306885,2.740000009536743,51000,0.0,0.0
2012-09-13 00:00:00-04:00,2.559999942779541,2.9600000381469727,2.559999942779541,2.859999895095825,132900,0.0,0.0
2012-09-14 00:00:00-04:00,3.0899999141693115,3.0899999141693115,2.859999895095825,2.890000104904175,143100,0.0,0.0
2012-09-17 00:00:00-04:00,2.7100000381469727,2.799999952316284,2.5999999046325684,2.759999990463257,98000,0.0,0.0
2012-09-18 00:00:00-04:00,2.799999952316284,2.799999952316284,2.619999885559082,2.7300000190734863,56700,0.0,0.0
2012-09-19 00:00:00-04:00,2.740000009536743,2.740000009536743,2.5,2.509999990463257,111600,0.0,0.0
2012-09-20 00:00:00-04:00,2.3499999046325684,2.4000000953674316,2.0999999046325684,2.180000066757202,637300,0.0,0.0
2012-09-21 00:00:00-04:00,2.380000114440918,2.380000114440918,1.809999942779541,2.180000066757202,790900,0.0,0.0
2012-09-24 00:00:00-04:00,2.0999999046325684,2.2899999618530273,2.0999999046325684,2.2100000381469727,117500,0.0,0.0
2012-09-25 00:00:00-04:00,2.309999942779541,2.3499999046325684,1.9800000190734863,2.0799999237060547,244000,0.0,0.0
2012-09-26 00:00:00-04:00,2.0199999809265137,2.319999933242798,1.9700000286102295,2.009999990463257,141100,0.0,0.0
2012-09-27 00:00:00-04:00,1.9600000381469727,2.140000104904175,1.9600000381469727,2.0199999809265137,140400,0.0,0.0
2012-09-28 00:00:00-04:00,1.9900000095367432,2.119999885559082,1.9299999475479126,1.9500000476837158,386500,0.0,0.0
2012-10-01 00:00:00-04:00,2.0,2.0899999141693115,1.9299999475479126,2.0,140200,0.0,0.0
2012-10-02 00:00:00-04:00,2.009999990463257,2.0799999237060547,1.9800000190734863,2.0,84600,0.0,0.0
2012-10-03 00:00:00-04:00,2.0,2.0899999141693115,1.9800000190734863,1.9900000095367432,67200,0.0,0.0
2012-10-04 00:00:00-04:00,2.0,2.0,1.940000057220459,1.9900000095367432,66600,0.0,0.0
2012-10-05 00:00:00-04:00,1.9900000095367432,2.009999990463257,1.9700000286102295,1.9700000286102295,59300,0.0,0.0
2012-10-08 00:00:00-04:00,1.9700000286102295,2.0,1.940000057220459,1.9600000381469727,31000,0.0,0.0
2012-10-09 00:00:00-04:00,1.9600000381469727,1.9700000286102295,1.9299999475479126,1.9500000476837158,106300,0.0,0.0
2012-10-10 00:00:00-04:00,1.9800000190734863,2.0,1.9199999570846558,1.9500000476837158,83700,0.0,0.0
2012-10-11 00:00:00-04:00,1.9700000286102295,1.9900000095367432,1.9600000381469727,1.9900000095367432,15100,0.0,0.0
2012-10-12 00:00:00-04:00,1.9900000095367432,2.009999990463257,1.9500000476837158,1.9600000381469727,30700,0.0,0.0
2012-10-15 00:00:00-04:00,1.9900000095367432,2.0199999809265137,1.9500000476837158,2.0,91400,0.0,0.0
2012-10-16 00:00:00-04:00,2.0,2.109999895095825,1.9500000476837158,2.109999895095825,45500,0.0,0.0
2012-10-17 00:00:00-04:00,2.0999999046325684,2.2100000381469727,2.049999952316284,2.200000047683716,31800,0.0,0.0
2012-10-18 00:00:00-04:00,2.2300000190734863,2.390000104904175,2.2300000190734863,2.3499999046325684,95300,0.0,0.0
2012-10-19 00:00:00-04:00,2.309999942779541,2.4200000762939453,2.009999990463257,2.059999942779541,150300,0.0,0.0
2012-10-22 00:00:00-04:00,2.049999952316284,2.069999933242798,2.0199999809265137,2.049999952316284,58800,0.0,0.0
2012-10-23 00:00:00-04:00,2.049999952316284,2.109999895095825,2.0399999618530273,2.0399999618530273,25100,0.0,0.0
2012-10-24 00:00:00-04:00,2.049999952316284,2.049999952316284,2.0,2.0,17200,0.0,0.0
2012-10-25 00:00:00-04:00,2.009999990463257,2.049999952316284,1.9800000190734863,2.049999952316284,44700,0.0,0.0
2012-10-26 00:00:00-04:00,2.059999942779541,2.109999895095825,2.0199999809265137,2.0999999046325684,17100,0.0,0.0
2012-10-31 00:00:00-04:00,2.009999990463257,2.0999999046325684,2.0,2.0399999618530273,50300,0.0,0.0
2012-11-01 00:00:00-04:00,2.049999952316284,2.0899999141693115,2.0,2.049999952316284,89600,0.0,0.0
2012-11-02 00:00:00-04:00,2.059999942779541,2.0999999046325684,2.0,2.0,58300,0.0,0.0
2012-11-05 00:00:00-05:00,2.009999990463257,2.0999999046325684,1.9500000476837158,2.0,28200,0.0,0.0
2012-11-06 00:00:00-05:00,2.0,2.0,1.9199999570846558,1.940000057220459,58700,0.0,0.0
2012-11-07 00:00:00-05:00,1.9500000476837158,1.9700000286102295,1.7100000381469727,1.7100000381469727,193100,0.0,0.0
2012-11-08 00:00:00-05:00,1.7200000286102295,1.909999966621399,1.7200000286102295,1.8799999952316284,82400,0.0,0.0
2012-11-09 00:00:00-05:00,1.8700000047683716,1.8899999856948853,1.690000057220459,1.8799999952316284,51100,0.0,0.0
2012-11-12 00:00:00-05:00,1.8600000143051147,1.9600000381469727,1.8200000524520874,1.9299999475479126,59900,0.0,0.0
2012-11-13 00:00:00-05:00,1.8799999952316284,1.9700000286102295,1.8799999952316284,1.8899999856948853,37300,0.0,0.0
2012-11-14 00:00:00-05:00,1.8600000143051147,1.8600000143051147,1.6699999570846558,1.6799999475479126,49700,0.0,0.0
2012-11-15 00:00:00-05:00,1.7000000476837158,1.75,1.4299999475479126,1.5,83500,0.0,0.0
2012-11-16 00:00:00-05:00,1.4199999570846558,1.7699999809265137,1.3600000143051147,1.659999966621399,183800,0.0,0.0
2012-11-19 00:00:00-05:00,1.6699999570846558,1.850000023841858,1.6200000047683716,1.7999999523162842,72000,0.0,0.0
2012-11-20 00:00:00-05:00,1.7999999523162842,1.7999999523162842,1.6699999570846558,1.7300000190734863,54700,0.0,0.0
2012-11-21 00:00:00-05:00,1.7300000190734863,1.7999999523162842,1.7100000381469727,1.7999999523162842,35800,0.0,0.0
2012-11-23 00:00:00-05:00,1.7999999523162842,1.7999999523162842,1.75,1.7799999713897705,28200,0.0,0.0
2012-11-26 00:00:00-05:00,1.7599999904632568,1.940000057220459,1.7200000286102295,1.940000057220459,53400,0.0,0.0
2012-11-27 00:00:00-05:00,1.909999966621399,1.9500000476837158,1.8799999952316284,1.9199999570846558,31000,0.0,0.0
2012-11-28 00:00:00-05:00,1.8700000047683716,1.899999976158142,1.7599999904632568,1.8899999856948853,15500,0.0,0.0
2012-11-29 00:00:00-05:00,1.909999966621399,1.9199999570846558,1.809999942779541,1.8799999952316284,31000,0.0,0.0
2012-11-30 00:00:00-05:00,1.909999966621399,1.9800000190734863,1.8300000429153442,1.9700000286102295,73600,0.0,0.0
2012-12-03 00:00:00-05:00,1.9900000095367432,2.0299999713897705,1.9199999570846558,1.9299999475479126,31000,0.0,0.0
2012-12-04 00:00:00-05:00,1.940000057220459,1.9800000190734863,1.649999976158142,1.7400000095367432,110700,0.0,0.0
2012-12-05 00:00:00-05:00,1.7599999904632568,1.7599999904632568,1.6200000047683716,1.7100000381469727,24200,0.0,0.0
2012-12-06 00:00:00-05:00,1.690000057220459,1.7400000095367432,1.659999966621399,1.7200000286102295,14300,0.0,0.0
2012-12-07 00:00:00-05:00,1.75,1.7699999809265137,1.649999976158142,1.7000000476837158,56900,0.0,0.0
2012-12-10 00:00:00-05:00,1.7200000286102295,1.7899999618530273,1.6699999570846558,1.7899999618530273,38300,0.0,0.0
2012-12-11 00:00:00-05:00,1.8300000429153442,1.9299999475479126,1.8300000429153442,1.9199999570846558,60100,0.0,0.0
2012-12-12 00:00:00-05:00,1.9299999475479126,1.9299999475479126,1.7300000190734863,1.75,49000,0.0,0.0
2012-12-13 00:00:00-05:00,1.7599999904632568,1.7799999713897705,1.75,1.75,47000,0.0,0.0
2012-12-14 00:00:00-05:00,1.7200000286102295,1.8300000429153442,1.659999966621399,1.7000000476837158,128500,0.0,0.0
2012-12-17 00:00:00-05:00,1.7200000286102295,1.7999999523162842,1.7200000286102295,1.7999999523162842,129200,0.0,0.0
2012-12-18 00:00:00-05:00,1.7999999523162842,1.899999976158142,1.7599999904632568,1.899999976158142,79900,0.0,0.0
2012-12-19 00:00:00-05:00,1.8600000143051147,1.899999976158142,1.850000023841858,1.899999976158142,30600,0.0,0.0
2012-12-20 00:00:00-05:00,1.940000057220459,2.0,1.7799999713897705,1.9500000476837158,120900,0.0,0.0
2012-12-21 00:00:00-05:00,1.9500000476837158,1.9900000095367432,1.899999976158142,1.9500000476837158,232200,0.0,0.0
2012-12-24 00:00:00-05:00,1.909999966621399,1.9800000190734863,1.850000023841858,1.8600000143051147,33700,0.0,0.0
2012-12-26 00:00:00-05:00,1.909999966621399,2.009999990463257,1.909999966621399,1.9199999570846558,51200,0.0,0.0
2012-12-27 00:00:00-05:00,1.9600000381469727,1.9700000286102295,1.8700000047683716,1.8899999856948853,22900,0.0,0.0
2012-12-28 00:00:00-05:00,1.899999976158142,1.899999976158142,1.7799999713897705,1.850000023841858,55900,0.0,0.0
2012-12-31 00:00:00-05:00,1.8799999952316284,1.899999976158142,1.7599999904632568,1.7599999904632568,74200,0.0,0.0
2013-01-02 00:00:00-05:00,1.8600000143051147,2.0899999141693115,1.7999999523162842,2.059999942779541,175800,0.0,0.0
2013-01-03 00:00:00-05:00,2.069999933242798,2.259999990463257,1.9299999475479126,2.009999990463257,60200,0.0,0.0
2013-01-04 00:00:00-05:00,2.140000104904175,2.240000009536743,2.049999952316284,2.109999895095825,65900,0.0,0.0
2013-01-07 00:00:00-05:00,2.130000114440918,2.140000104904175,2.069999933242798,2.130000114440918,51000,0.0,0.0
2013-01-08 00:00:00-05:00,2.2300000190734863,2.2799999713897705,2.119999885559082,2.1700000762939453,100300,0.0,0.0
2013-01-09 00:00:00-05:00,2.190000057220459,2.2200000286102295,2.1500000953674316,2.1700000762939453,70500,0.0,0.0
2013-01-10 00:00:00-05:00,2.1700000762939453,2.2799999713897705,2.119999885559082,2.240000009536743,93900,0.0,0.0
2013-01-11 00:00:00-05:00,2.2799999713897705,2.3399999141693115,2.259999990463257,2.3299999237060547,65700,0.0,0.0
2013-01-14 00:00:00-05:00,2.3299999237060547,2.3399999141693115,2.140000104904175,2.1500000953674316,53700,0.0,0.0
2013-01-15 00:00:00-05:00,2.130000114440918,2.1600000858306885,2.0799999237060547,2.109999895095825,21900,0.0,0.0
2013-01-16 00:00:00-05:00,2.0999999046325684,2.1600000858306885,2.0399999618530273,2.140000104904175,35700,0.0,0.0
2013-01-17 00:00:00-05:00,2.180000066757202,2.2200000286102295,2.109999895095825,2.1700000762939453,46200,0.0,0.0
2013-01-18 00:00:00-05:00,2.1700000762939453,2.190000057220459,2.0399999618530273,2.180000066757202,57800,0.0,0.0
2013-01-22 00:00:00-05:00,2.180000066757202,2.190000057220459,2.0,2.1700000762939453,51400,0.0,0.0
2013-01-23 00:00:00-05:00,2.200000047683716,2.200000047683716,2.109999895095825,2.1500000953674316,33300,0.0,0.0
2013-01-24 00:00:00-05:00,2.1500000953674316,2.200000047683716,2.069999933242798,2.0899999141693115,23600,0.0,0.0
2013-01-25 00:00:00-05:00,2.0999999046325684,2.119999885559082,2.0999999046325684,2.0999999046325684,141500,0.0,0.0
2013-01-28 00:00:00-05:00,2.0799999237060547,2.0799999237060547,2.009999990463257,2.049999952316284,30000,0.0,0.0
2013-01-29 00:00:00-05:00,2.059999942779541,2.109999895095825,1.909999966621399,2.0799999237060547,65000,0.0,0.0
2013-01-30 00:00:00-05:00,2.069999933242798,2.119999885559082,1.9700000286102295,1.9800000190734863,42800,0.0,0.0
2013-01-31 00:00:00-05:00,2.0,2.140000104904175,1.9199999570846558,2.140000104904175,68400,0.0,0.0
2013-02-01 00:00:00-05:00,2.1500000953674316,2.1500000953674316,1.9900000095367432,2.0899999141693115,60200,0.0,0.0
2013-02-04 00:00:00-05:00,2.0899999141693115,2.119999885559082,1.9199999570846558,1.9600000381469727,55700,0.0,0.0
2013-02-05 00:00:00-05:00,1.9600000381469727,1.9700000286102295,1.8899999856948853,1.9199999570846558,52600,0.0,0.0
2013-02-06 00:00:00-05:00,1.899999976158142,1.9900000095367432,1.850000023841858,1.909999966621399,45500,0.0,0.0
2013-02-07 00:00:00-05:00,1.899999976158142,1.9900000095367432,1.850000023841858,1.9700000286102295,49600,0.0,0.0
2013-02-08 00:00:00-05:00,1.9299999475479126,2.0,1.899999976158142,1.9800000190734863,51700,0.0,0.0
2013-02-11 00:00:00-05:00,1.9500000476837158,1.9900000095367432,1.9500000476837158,1.9900000095367432,19300,0.0,0.0
2013-02-12 00:00:00-05:00,1.9900000095367432,2.0199999809265137,1.9600000381469727,2.0199999809265137,50100,0.0,0.0
2013-02-13 00:00:00-05:00,2.0199999809265137,2.0199999809265137,2.0,2.009999990463257,34400,0.0,0.0
2013-02-14 00:00:00-05:00,2.049999952316284,2.0899999141693115,1.9600000381469727,2.0799999237060547,51500,0.0,0.0
2013-02-15 00:00:00-05:00,2.0999999046325684,2.0999999046325684,1.9600000381469727,2.0199999809265137,92800,0.0,0.0
2013-02-19 00:00:00-05:00,2.0899999141693115,2.109999895095825,1.909999966621399,2.0199999809265137,72700,0.0,0.0
2013-02-20 00:00:00-05:00,2.009999990463257,2.049999952316284,1.8899999856948853,1.899999976158142,71500,0.0,0.0
2013-02-21 00:00:00-05:00,1.899999976158142,1.940000057220459,1.75,1.7699999809265137,69200,0.0,0.0
2013-02-22 00:00:00-05:00,1.8200000524520874,1.850000023841858,1.7799999713897705,1.850000023841858,31100,0.0,0.0
2013-02-25 00:00:00-05:00,1.850000023841858,1.8700000047683716,1.7599999904632568,1.7599999904632568,47200,0.0,0.0
2013-02-26 00:00:00-05:00,1.7599999904632568,1.7599999904632568,1.649999976158142,1.7400000095367432,36700,0.0,0.0
2013-02-27 00:00:00-05:00,1.7400000095367432,1.8300000429153442,1.7400000095367432,1.8300000429153442,29100,0.0,0.0
2013-02-28 00:00:00-05:00,1.850000023841858,1.899999976158142,1.8200000524520874,1.8700000047683716,136100,0.0,0.0
2013-03-01 00:00:00-05:00,1.8300000429153442,1.8799999952316284,1.7400000095367432,1.8300000429153442,41900,0.0,0.0
2013-03-04 00:00:00-05:00,1.809999942779541,1.8300000429153442,1.75,1.7899999618530273,19900,0.0,0.0
2013-03-05 00:00:00-05:00,1.7899999618530273,1.8300000429153442,1.6799999475479126,1.8300000429153442,63000,0.0,0.0
2013-03-06 00:00:00-05:00,1.809999942779541,1.809999942779541,1.6399999856948853,1.6799999475479126,49200,0.0,0.0
2013-03-07 00:00:00-05:00,1.6799999475479126,1.75,1.6799999475479126,1.7300000190734863,61600,0.0,0.0
2013-03-08 00:00:00-05:00,1.7799999713897705,1.7899999618530273,1.7200000286102295,1.7899999618530273,42100,0.0,0.0
2013-03-11 00:00:00-04:00,1.7999999523162842,1.9500000476837158,1.7999999523162842,1.940000057220459,58900,0.0,0.0
2013-03-12 00:00:00-04:00,1.9299999475479126,2.0,1.9299999475479126,1.9800000190734863,61200,0.0,0.0
2013-03-13 00:00:00-04:00,1.9800000190734863,1.9900000095367432,1.8600000143051147,1.9900000095367432,39200,0.0,0.0
2013-03-14 00:00:00-04:00,1.9500000476837158,2.0,1.940000057220459,2.0,38400,0.0,0.0
2013-03-15 00:00:00-04:00,1.940000057220459,1.9500000476837158,1.909999966621399,1.9500000476837158,137200,0.0,0.0
2013-03-18 00:00:00-04:00,1.840000033378601,1.909999966621399,1.7200000286102295,1.8899999856948853,43000,0.0,0.0
2013-03-19 00:00:00-04:00,1.8899999856948853,1.8899999856948853,1.7899999618530273,1.7899999618530273,62200,0.0,0.0
2013-03-20 00:00:00-04:00,1.7799999713897705,1.8300000429153442,1.7200000286102295,1.8300000429153442,57600,0.0,0.0
2013-03-21 00:00:00-04:00,1.7999999523162842,1.7999999523162842,1.75,1.7699999809265137,47800,0.0,0.0
2013-03-22 00:00:00-04:00,1.7699999809265137,1.850000023841858,1.7200000286102295,1.8300000429153442,22400,0.0,0.0
2013-03-25 00:00:00-04:00,1.8300000429153442,1.8300000429153442,1.75,1.7899999618530273,78600,0.0,0.0
2013-03-26 00:00:00-04:00,1.809999942779541,1.809999942779541,1.7300000190734863,1.7599999904632568,20900,0.0,0.0
2013-03-27 00:00:00-04:00,1.7300000190734863,1.75,1.690000057220459,1.7400000095367432,27300,0.0,0.0
2013-03-28 00:00:00-04:00,1.7999999523162842,1.7999999523162842,1.7200000286102295,1.7300000190734863,40500,0.0,0.0
2013-04-01 00:00:00-04:00,1.7300000190734863,1.7300000190734863,1.6200000047683716,1.649999976158142,75900,0.0,0.0
2013-04-02 00:00:00-04:00,1.649999976158142,1.649999976158142,1.5099999904632568,1.5499999523162842,84500,0.0,0.0
2013-04-03 00:00:00-04:00,1.5399999618530273,1.5700000524520874,1.5299999713897705,1.5499999523162842,58200,0.0,0.0
2013-04-04 00:00:00-04:00,1.5499999523162842,1.6299999952316284,1.350000023841858,1.4900000095367432,80500,0.0,0.0
2013-04-05 00:00:00-04:00,1.440000057220459,1.6100000143051147,1.440000057220459,1.4700000286102295,76900,0.0,0.0
2013-04-08 00:00:00-04:00,1.4900000095367432,1.5,1.409999966621399,1.4800000190734863,55200,0.0,0.0
2013-04-09 00:00:00-04:00,1.4500000476837158,1.590000033378601,1.399999976158142,1.5299999713897705,69500,0.0,0.0
2013-04-10 00:00:00-04:00,1.5299999713897705,1.8200000524520874,1.4900000095367432,1.7899999618530273,74900,0.0,0.0
2013-04-11 00:00:00-04:00,1.9199999570846558,1.9199999570846558,1.809999942779541,1.850000023841858,86000,0.0,0.0
2013-04-12 00:00:00-04:00,1.7999999523162842,1.899999976158142,1.649999976158142,1.840000033378601,49000,0.0,0.0
2013-04-15 00:00:00-04:00,1.8200000524520874,1.8200000524520874,1.5099999904632568,1.5399999618530273,162100,0.0,0.0
2013-04-16 00:00:00-04:00,1.5499999523162842,1.75,1.5499999523162842,1.649999976158142,56600,0.0,0.0
2013-04-17 00:00:00-04:00,1.600000023841858,1.6799999475479126,1.409999966621399,1.5,108200,0.0,0.0
2013-04-18 00:00:00-04:00,1.5,1.5,1.409999966621399,1.4600000381469727,36000,0.0,0.0
2013-04-19 00:00:00-04:00,1.4299999475479126,1.4800000190734863,1.3899999856948853,1.409999966621399,98400,0.0,0.0
2013-04-22 00:00:00-04:00,1.3899999856948853,1.440000057220459,1.3899999856948853,1.4299999475479126,58700,0.0,0.0
2013-04-23 00:00:00-04:00,1.4700000286102295,1.5499999523162842,1.440000057220459,1.5499999523162842,76100,0.0,0.0
2013-04-24 00:00:00-04:00,1.5299999713897705,1.5499999523162842,1.5099999904632568,1.5499999523162842,24500,0.0,0.0
2013-04-25 00:00:00-04:00,1.5499999523162842,1.5499999523162842,1.4700000286102295,1.4800000190734863,56700,0.0,0.0
2013-04-26 00:00:00-04:00,1.4800000190734863,1.4800000190734863,1.409999966621399,1.409999966621399,50700,0.0,0.0
2013-04-29 00:00:00-04:00,1.3899999856948853,1.4500000476837158,1.3899999856948853,1.440000057220459,30900,0.0,0.0
2013-04-30 00:00:00-04:00,1.440000057220459,1.5499999523162842,1.4299999475479126,1.5199999809265137,38500,0.0,0.0
2013-05-01 00:00:00-04:00,1.5199999809265137,1.5399999618530273,1.3799999952316284,1.3799999952316284,199200,0.0,0.0
2013-05-02 00:00:00-04:00,1.399999976158142,1.5,1.3899999856948853,1.4199999570846558,47300,0.0,0.0
2013-05-03 00:00:00-04:00,1.4800000190734863,1.5,1.409999966621399,1.4500000476837158,50000,0.0,0.0
2013-05-06 00:00:00-04:00,1.4199999570846558,1.4299999475479126,1.399999976158142,1.409999966621399,21800,0.0,0.0
2013-05-07 00:00:00-04:00,1.3899999856948853,1.3899999856948853,1.350000023841858,1.3700000047683716,63400,0.0,0.0
2013-05-08 00:00:00-04:00,1.350000023841858,1.4199999570846558,1.350000023841858,1.409999966621399,92700,0.0,0.0
2013-05-09 00:00:00-04:00,1.3799999952316284,1.3799999952316284,1.3300000429153442,1.340000033378601,78700,0.0,0.0
2013-05-10 00:00:00-04:00,1.3799999952316284,1.3799999952316284,1.2999999523162842,1.3600000143051147,68100,0.0,0.0
2013-05-13 00:00:00-04:00,1.3200000524520874,1.340000033378601,1.2999999523162842,1.309999942779541,98900,0.0,0.0
2013-05-14 00:00:00-04:00,1.309999942779541,1.3200000524520874,1.2599999904632568,1.2999999523162842,138000,0.0,0.0
2013-05-15 00:00:00-04:00,1.2899999618530273,1.2899999618530273,1.1100000143051147,1.2599999904632568,235000,0.0,0.0
2013-05-16 00:00:00-04:00,1.2699999809265137,1.2799999713897705,1.1699999570846558,1.2799999713897705,131300,0.0,0.0
2013-05-17 00:00:00-04:00,1.2699999809265137,1.2699999809265137,1.190000057220459,1.2100000381469727,121500,0.0,0.0
2013-05-20 00:00:00-04:00,1.2000000476837158,1.3300000429153442,1.2000000476837158,1.309999942779541,104000,0.0,0.0
2013-05-21 00:00:00-04:00,1.3200000524520874,1.3799999952316284,1.25,1.2699999809265137,48300,0.0,0.0
2013-05-22 00:00:00-04:00,1.2699999809265137,1.3200000524520874,1.2200000286102295,1.2699999809265137,116200,0.0,0.0
2013-05-23 00:00:00-04:00,1.2599999904632568,1.3600000143051147,1.2599999904632568,1.350000023841858,55500,0.0,0.0
2013-05-24 00:00:00-04:00,1.3600000143051147,1.399999976158142,1.3600000143051147,1.3799999952316284,143100,0.0,0.0
2013-05-28 00:00:00-04:00,1.409999966621399,1.4700000286102295,1.399999976158142,1.440000057220459,87900,0.0,0.0
2013-05-29 00:00:00-04:00,1.4199999570846558,1.4700000286102295,1.4199999570846558,1.4600000381469727,72300,0.0,0.0
2013-05-30 00:00:00-04:00,1.440000057220459,1.4800000190734863,1.3899999856948853,1.4600000381469727,122000,0.0,0.0
2013-05-31 00:00:00-04:00,1.4900000095367432,1.5499999523162842,1.3700000047683716,1.4299999475479126,292500,0.0,0.0
2013-06-03 00:00:00-04:00,1.4700000286102295,1.5700000524520874,1.3899999856948853,1.409999966621399,191300,0.0,0.0
2013-06-04 00:00:00-04:00,1.4199999570846558,1.4500000476837158,1.2599999904632568,1.309999942779541,92600,0.0,0.0
2013-06-05 00:00:00-04:00,1.2999999523162842,1.340000033378601,1.190000057220459,1.2999999523162842,45500,0.0,0.0
2013-06-06 00:00:00-04:00,1.309999942779541,1.309999942779541,1.1799999475479126,1.2100000381469727,115200,0.0,0.0
2013-06-07 00:00:00-04:00,1.2300000190734863,1.2300000190734863,1.159999966621399,1.190000057220459,59700,0.0,0.0
2013-06-10 00:00:00-04:00,1.149999976158142,1.1699999570846558,1.059999942779541,1.0800000429153442,167400,0.0,0.0
2013-06-11 00:00:00-04:00,1.059999942779541,1.0700000524520874,0.9700000286102295,0.9800000190734863,150900,0.0,0.0
2013-06-12 00:00:00-04:00,0.9700000286102295,1.0199999809265137,0.9599999785423279,0.9599999785423279,389600,0.0,0.0
2013-06-13 00:00:00-04:00,0.9900000095367432,1.2400000095367432,0.9900000095367432,1.149999976158142,461400,0.0,0.0
2013-06-14 00:00:00-04:00,1.1399999856948853,1.2999999523162842,1.090000033378601,1.1100000143051147,117100,0.0,0.0
2013-06-17 00:00:00-04:00,1.149999976158142,1.1699999570846558,1.0499999523162842,1.059999942779541,96500,0.0,0.0
2013-06-18 00:00:00-04:00,1.059999942779541,1.1200000047683716,1.0499999523162842,1.1100000143051147,129300,0.0,0.0
2013-06-19 00:00:00-04:00,1.1200000047683716,1.2300000190734863,1.1200000047683716,1.2000000476837158,226900,0.0,0.0
2013-06-20 00:00:00-04:00,1.25,1.350000023841858,1.059999942779541,1.059999942779541,386200,0.0,0.0
2013-06-21 00:00:00-04:00,1.059999942779541,1.3300000429153442,1.059999942779541,1.2400000095367432,369100,0.0,0.0
2013-06-24 00:00:00-04:00,1.2400000095367432,1.2400000095367432,1.1100000143051147,1.149999976158142,193200,0.0,0.0
2013-06-25 00:00:00-04:00,1.1699999570846558,1.2799999713897705,1.1399999856948853,1.2599999904632568,205700,0.0,0.0
2013-06-26 00:00:00-04:00,1.2899999618530273,1.2899999618530273,1.149999976158142,1.159999966621399,85100,0.0,0.0
2013-06-27 00:00:00-04:00,1.2000000476837158,1.2799999713897705,1.1799999475479126,1.2699999809265137,204000,0.0,0.0
2013-06-28 00:00:00-04:00,1.2599999904632568,1.3300000429153442,1.090000033378601,1.1100000143051147,4204400,0.0,0.0
2013-07-01 00:00:00-04:00,1.149999976158142,1.2300000190734863,1.149999976158142,1.1699999570846558,177900,0.0,0.0
2013-07-02 00:00:00-04:00,1.149999976158142,1.1799999475479126,1.149999976158142,1.149999976158142,123400,0.0,0.0
2013-07-03 00:00:00-04:00,1.1399999856948853,1.149999976158142,1.1100000143051147,1.149999976158142,294200,0.0,0.0
2013-07-05 00:00:00-04:00,1.1399999856948853,1.1399999856948853,1.090000033378601,1.100000023841858,68200,0.0,0.0
2013-07-08 00:00:00-04:00,1.1100000143051147,1.149999976158142,1.0800000429153442,1.0800000429153442,78000,0.0,0.0
2013-07-09 00:00:00-04:00,1.1100000143051147,1.1299999952316284,1.0800000429153442,1.0800000429153442,121200,0.0,0.0
2013-07-10 00:00:00-04:00,1.1100000143051147,1.1699999570846558,1.0700000524520874,1.1699999570846558,152500,0.0,0.0
2013-07-11 00:00:00-04:00,1.190000057220459,1.190000057220459,1.090000033378601,1.1200000047683716,75000,0.0,0.0
2013-07-12 00:00:00-04:00,1.0700000524520874,1.1200000047683716,1.0700000524520874,1.090000033378601,95500,0.0,0.0
2013-07-15 00:00:00-04:00,1.1100000143051147,1.1299999952316284,1.090000033378601,1.090000033378601,44300,0.0,0.0
2013-07-16 00:00:00-04:00,1.1100000143051147,1.1200000047683716,1.090000033378601,1.090000033378601,44700,0.0,0.0
2013-07-17 00:00:00-04:00,1.1100000143051147,1.1200000047683716,1.0499999523162842,1.0499999523162842,71500,0.0,0.0
2013-07-18 00:00:00-04:00,1.0499999523162842,1.0800000429153442,1.0199999809265137,1.0199999809265137,72000,0.0,0.0
2013-07-19 00:00:00-04:00,1.0199999809265137,1.0499999523162842,0.9900000095367432,1.0099999904632568,84200,0.0,0.0
2013-07-22 00:00:00-04:00,1.0199999809265137,1.0399999618530273,1.0099999904632568,1.0099999904632568,55700,0.0,0.0
2013-07-23 00:00:00-04:00,1.0299999713897705,1.0299999713897705,0.9800000190734863,0.9800000190734863,52100,0.0,0.0
2013-07-24 00:00:00-04:00,0.9800000190734863,1.0099999904632568,0.9700000286102295,0.9700000286102295,99000,0.0,0.0
2013-07-25 00:00:00-04:00,0.9800000190734863,1.0,0.949999988079071,0.949999988079071,49800,0.0,0.0
2013-07-26 00:00:00-04:00,0.949999988079071,0.9700000286102295,0.949999988079071,0.949999988079071,44900,0.0,0.0
2013-07-29 00:00:00-04:00,0.9700000286102295,0.9800000190734863,0.949999988079071,0.949999988079071,81200,0.0,0.0
2013-07-30 00:00:00-04:00,0.949999988079071,0.9599999785423279,0.8999999761581421,0.9300000071525574,111700,0.0,0.0
2013-07-31 00:00:00-04:00,0.949999988079071,0.9599999785423279,0.9300000071525574,0.9399999976158142,93100,0.0,0.0
2013-08-01 00:00:00-04:00,0.949999988079071,0.949999988079071,0.9200000166893005,0.9300000071525574,58300,0.0,0.0
2013-08-02 00:00:00-04:00,0.9399999976158142,0.9599999785423279,0.9200000166893005,0.9200000166893005,45600,0.0,0.0
2013-08-05 00:00:00-04:00,0.9300000071525574,0.949999988079071,0.9200000166893005,0.9200000166893005,27600,0.0,0.0
2013-08-06 00:00:00-04:00,0.9300000071525574,0.949999988079071,0.9200000166893005,0.9300000071525574,22800,0.0,0.0
2013-08-07 00:00:00-04:00,0.9300000071525574,0.9300000071525574,0.8999999761581421,0.9100000262260437,35900,0.0,0.0
2013-08-08 00:00:00-04:00,0.9100000262260437,0.9200000166893005,0.8999999761581421,0.9200000166893005,59700,0.0,0.0
2013-08-09 00:00:00-04:00,0.9200000166893005,0.9599999785423279,0.8999999761581421,0.9399999976158142,49000,0.0,0.0
2013-08-12 00:00:00-04:00,0.9599999785423279,1.1200000047683716,0.9300000071525574,1.0800000429153442,132800,0.0,0.0
2013-08-13 00:00:00-04:00,1.1399999856948853,1.1399999856948853,1.090000033378601,1.1100000143051147,84100,0.0,0.0
2013-08-14 00:00:00-04:00,1.1200000047683716,1.1799999475479126,1.1100000143051147,1.149999976158142,26000,0.0,0.0
2013-08-15 00:00:00-04:00,1.1299999952316284,1.190000057220459,1.1100000143051147,1.1299999952316284,31300,0.0,0.0
2013-08-16 00:00:00-04:00,1.1399999856948853,1.2899999618530273,1.1200000047683716,1.2599999904632568,71300,0.0,0.0
2013-08-19 00:00:00-04:00,1.2699999809265137,1.2999999523162842,1.2400000095367432,1.2599999904632568,116300,0.0,0.0
2013-08-20 00:00:00-04:00,1.3200000524520874,1.3200000524520874,1.2599999904632568,1.2999999523162842,64500,0.0,0.0
2013-08-21 00:00:00-04:00,1.3200000524520874,1.3200000524520874,1.25,1.25,41800,0.0,0.0
2013-08-22 00:00:00-04:00,1.25,1.25,1.1299999952316284,1.1699999570846558,36400,0.0,0.0
2013-08-23 00:00:00-04:00,1.2200000286102295,1.2599999904632568,1.1699999570846558,1.2000000476837158,40100,0.0,0.0
2013-08-26 00:00:00-04:00,1.2300000190734863,1.2699999809265137,1.1399999856948853,1.159999966621399,23600,0.0,0.0
2013-08-27 00:00:00-04:00,1.159999966621399,1.159999966621399,1.0800000429153442,1.0800000429153442,22200,0.0,0.0
2013-08-28 00:00:00-04:00,1.0700000524520874,1.1100000143051147,1.0399999618530273,1.0700000524520874,44100,0.0,0.0
2013-08-29 00:00:00-04:00,1.090000033378601,1.1100000143051147,1.0499999523162842,1.0800000429153442,17300,0.0,0.0
2013-08-30 00:00:00-04:00,1.0800000429153442,1.190000057220459,1.0700000524520874,1.1799999475479126,15500,0.0,0.0
2013-09-03 00:00:00-04:00,1.2200000286102295,1.2899999618530273,1.2200000286102295,1.2799999713897705,62700,0.0,0.0
2013-09-04 00:00:00-04:00,1.350000023841858,1.399999976158142,1.2200000286102295,1.350000023841858,171500,0.0,0.0
2013-09-05 00:00:00-04:00,1.3300000429153442,1.350000023841858,1.2899999618530273,1.340000033378601,33900,0.0,0.0
2013-09-06 00:00:00-04:00,1.350000023841858,1.399999976158142,1.309999942779541,1.309999942779541,15000,0.0,0.0
2013-09-09 00:00:00-04:00,1.350000023841858,1.3600000143051147,1.2999999523162842,1.350000023841858,47200,0.0,0.0
2013-09-10 00:00:00-04:00,1.3899999856948853,1.4500000476837158,1.3899999856948853,1.409999966621399,71900,0.0,0.0
2013-09-11 00:00:00-04:00,1.4199999570846558,1.4900000095367432,1.409999966621399,1.4500000476837158,57100,0.0,0.0
2013-09-12 00:00:00-04:00,1.4600000381469727,1.590000033378601,1.409999966621399,1.4800000190734863,133200,0.0,0.0
2013-09-13 00:00:00-04:00,1.5,1.5399999618530273,1.4700000286102295,1.5,24000,0.0,0.0
2013-09-16 00:00:00-04:00,1.5199999809265137,1.559999942779541,1.4500000476837158,1.5099999904632568,41500,0.0,0.0
2013-09-17 00:00:00-04:00,1.5099999904632568,1.600000023841858,1.4500000476837158,1.600000023841858,106400,0.0,0.0
2013-09-18 00:00:00-04:00,1.600000023841858,1.6699999570846558,1.590000033378601,1.6200000047683716,54000,0.0,0.0
2013-09-19 00:00:00-04:00,1.600000023841858,1.6399999856948853,1.559999942779541,1.6200000047683716,51200,0.0,0.0
2013-09-20 00:00:00-04:00,1.559999942779541,1.7000000476837158,1.5499999523162842,1.7000000476837158,106600,0.0,0.0
2013-09-23 00:00:00-04:00,1.659999966621399,1.7300000190734863,1.600000023841858,1.6399999856948853,113500,0.0,0.0
2013-09-24 00:00:00-04:00,1.6299999952316284,1.659999966621399,1.5700000524520874,1.6100000143051147,111400,0.0,0.0
2013-09-25 00:00:00-04:00,1.600000023841858,1.600000023841858,1.4600000381469727,1.4600000381469727,123000,0.0,0.0
2013-09-26 00:00:00-04:00,1.4500000476837158,1.4500000476837158,1.2799999713897705,1.350000023841858,72800,0.0,0.0
2013-09-27 00:00:00-04:00,1.3200000524520874,1.3600000143051147,1.309999942779541,1.3200000524520874,48800,0.0,0.0
2013-09-30 00:00:00-04:00,1.3200000524520874,1.399999976158142,1.2699999809265137,1.3899999856948853,19900,0.0,0.0
2013-10-01 00:00:00-04:00,1.4800000190734863,1.590000033378601,1.3600000143051147,1.5099999904632568,22800,0.0,0.0
2013-10-02 00:00:00-04:00,1.5800000429153442,1.659999966621399,1.5199999809265137,1.6299999952316284,55000,0.0,0.0
2013-10-03 00:00:00-04:00,1.659999966621399,1.659999966621399,1.4700000286102295,1.5499999523162842,70200,0.0,0.0
2013-10-04 00:00:00-04:00,1.5499999523162842,1.5800000429153442,1.4900000095367432,1.559999942779541,79100,0.0,0.0
2013-10-07 00:00:00-04:00,1.5499999523162842,1.600000023841858,1.5499999523162842,1.5700000524520874,68600,0.0,0.0
2013-10-08 00:00:00-04:00,1.5700000524520874,1.5700000524520874,1.309999942779541,1.3799999952316284,41200,0.0,0.0
2013-10-09 00:00:00-04:00,1.3200000524520874,1.3600000143051147,1.2400000095367432,1.3200000524520874,22700,0.0,0.0
2013-10-10 00:00:00-04:00,1.25,1.4600000381469727,1.25,1.440000057220459,74800,0.0,0.0
2013-10-11 00:00:00-04:00,1.5,1.5,1.340000033378601,1.4199999570846558,28400,0.0,0.0
2013-10-14 00:00:00-04:00,1.4900000095367432,1.4900000095367432,1.350000023841858,1.3799999952316284,2000,0.0,0.0
2013-10-15 00:00:00-04:00,1.3799999952316284,1.3799999952316284,1.309999942779541,1.340000033378601,58700,0.0,0.0
2013-10-16 00:00:00-04:00,1.340000033378601,1.5199999809265137,1.340000033378601,1.4600000381469727,100100,0.0,0.0
2013-10-17 00:00:00-04:00,1.4900000095367432,1.4900000095367432,1.399999976158142,1.399999976158142,54800,0.0,0.0
2013-10-18 00:00:00-04:00,1.399999976158142,1.399999976158142,1.3300000429153442,1.3600000143051147,53600,0.0,0.0
2013-10-21 00:00:00-04:00,1.3799999952316284,1.4600000381469727,1.340000033378601,1.4600000381469727,5100,0.0,0.0
2013-10-22 00:00:00-04:00,1.4800000190734863,1.4900000095367432,1.3799999952316284,1.4500000476837158,49300,0.0,0.0
2013-10-23 00:00:00-04:00,1.440000057220459,1.4900000095367432,1.399999976158142,1.4500000476837158,36800,0.0,0.0
2013-10-24 00:00:00-04:00,1.4299999475479126,1.5,1.350000023841858,1.440000057220459,10200,0.0,0.0
2013-10-25 00:00:00-04:00,1.4500000476837158,1.5,1.409999966621399,1.4800000190734863,38000,0.0,0.0
2013-10-28 00:00:00-04:00,1.4800000190734863,1.5,1.4299999475479126,1.4900000095367432,54100,0.0,0.0
2013-10-29 00:00:00-04:00,1.4800000190734863,1.600000023841858,1.4800000190734863,1.559999942779541,65200,0.0,0.0
2013-10-30 00:00:00-04:00,1.559999942779541,1.5800000429153442,1.5299999713897705,1.559999942779541,35300,0.0,0.0
2013-10-31 00:00:00-04:00,1.559999942779541,1.600000023841858,1.5299999713897705,1.5800000429153442,47600,0.0,0.0
2013-11-01 00:00:00-04:00,1.590000033378601,1.600000023841858,1.5299999713897705,1.5800000429153442,34900,0.0,0.0
2013-11-04 00:00:00-05:00,1.590000033378601,1.649999976158142,1.5399999618530273,1.6399999856948853,41200,0.0,0.0
2013-11-05 00:00:00-05:00,1.649999976158142,1.649999976158142,1.6200000047683716,1.6299999952316284,33500,0.0,0.0
2013-11-06 00:00:00-05:00,1.6399999856948853,1.649999976158142,1.5800000429153442,1.590000033378601,73100,0.0,0.0
2013-11-07 00:00:00-05:00,1.590000033378601,1.649999976158142,1.5299999713897705,1.559999942779541,36600,0.0,0.0
2013-11-08 00:00:00-05:00,1.5800000429153442,1.600000023841858,1.5,1.5499999523162842,25200,0.0,0.0
2013-11-11 00:00:00-05:00,1.5499999523162842,1.5499999523162842,1.5499999523162842,1.5499999523162842,100,0.0,0.0
2013-11-12 00:00:00-05:00,1.6299999952316284,1.649999976158142,1.5199999809265137,1.5199999809265137,38800,0.0,0.0
2013-11-13 00:00:00-05:00,1.5,1.600000023841858,1.4800000190734863,1.5399999618530273,42300,0.0,0.0
2013-11-14 00:00:00-05:00,1.5299999713897705,1.6399999856948853,1.5,1.6100000143051147,10600,0.0,0.0
2013-11-15 00:00:00-05:00,1.6299999952316284,1.9199999570846558,1.559999942779541,1.8799999952316284,110600,0.0,0.0
2013-11-18 00:00:00-05:00,1.8200000524520874,1.8300000429153442,1.7000000476837158,1.7599999904632568,108000,0.0,0.0
2013-11-19 00:00:00-05:00,1.7100000381469727,1.850000023841858,1.7000000476837158,1.809999942779541,70500,0.0,0.0
2013-11-20 00:00:00-05:00,1.7999999523162842,1.899999976158142,1.690000057220459,1.8799999952316284,50500,0.0,0.0
2013-11-21 00:00:00-05:00,1.8600000143051147,2.0,1.850000023841858,1.9500000476837158,40200,0.0,0.0
2013-11-22 00:00:00-05:00,1.899999976158142,2.049999952316284,1.850000023841858,2.0,86700,0.0,0.0
2013-11-25 00:00:00-05:00,2.049999952316284,2.190000057220459,2.049999952316284,2.0799999237060547,76300,0.0,0.0
2013-11-26 00:00:00-05:00,2.0799999237060547,2.0999999046325684,1.850000023841858,2.0399999618530273,34000,0.0,0.0
2013-11-27 00:00:00-05:00,2.009999990463257,2.049999952316284,1.9199999570846558,2.0299999713897705,14300,0.0,0.0
2013-11-29 00:00:00-05:00,2.0299999713897705,2.140000104904175,2.0,2.0999999046325684,22500,0.0,0.0
2013-12-02 00:00:00-05:00,2.0399999618530273,2.049999952316284,1.9800000190734863,2.0,28500,0.0,0.0
2013-12-03 00:00:00-05:00,2.009999990463257,2.0299999713897705,1.9800000190734863,2.0,29300,0.0,0.0
2013-12-04 00:00:00-05:00,1.9800000190734863,2.119999885559082,1.940000057220459,2.0399999618530273,73700,0.0,0.0
2013-12-05 00:00:00-05:00,2.049999952316284,2.119999885559082,1.9500000476837158,2.069999933242798,16600,0.0,0.0
2013-12-06 00:00:00-05:00,2.0899999141693115,2.119999885559082,1.9700000286102295,2.0399999618530273,27000,0.0,0.0
2013-12-09 00:00:00-05:00,2.009999990463257,2.109999895095825,1.9199999570846558,1.9700000286102295,23200,0.0,0.0
2013-12-10 00:00:00-05:00,2.059999942779541,2.0899999141693115,1.9800000190734863,2.0299999713897705,23100,0.0,0.0
2013-12-11 00:00:00-05:00,2.009999990463257,2.009999990463257,1.9800000190734863,2.0,51200,0.0,0.0
2013-12-12 00:00:00-05:00,1.9800000190734863,2.069999933242798,1.9199999570846558,1.9500000476837158,26200,0.0,0.0
2013-12-13 00:00:00-05:00,1.9299999475479126,2.0199999809265137,1.9299999475479126,1.9600000381469727,43400,0.0,0.0
2013-12-16 00:00:00-05:00,1.9199999570846558,2.119999885559082,1.909999966621399,2.009999990463257,35400,0.0,0.0
2013-12-17 00:00:00-05:00,1.9800000190734863,2.049999952316284,1.940000057220459,2.0,10500,0.0,0.0
2013-12-18 00:00:00-05:00,2.0,2.0399999618530273,1.9500000476837158,1.9900000095367432,34200,0.0,0.0
2013-12-19 00:00:00-05:00,1.9700000286102295,2.009999990463257,1.899999976158142,2.0,102400,0.0,0.0
2013-12-20 00:00:00-05:00,1.9900000095367432,2.0399999618530273,1.940000057220459,2.0,78800,0.0,0.0
2013-12-23 00:00:00-05:00,2.0,2.0399999618530273,1.9500000476837158,1.9500000476837158,65200,0.0,0.0
2013-12-24 00:00:00-05:00,1.9700000286102295,1.9700000286102295,1.9500000476837158,1.9500000476837158,5300,0.0,0.0
2013-12-26 00:00:00-05:00,1.9500000476837158,2.0399999618530273,1.8799999952316284,1.9900000095367432,65100,0.0,0.0
2013-12-27 00:00:00-05:00,2.0,2.049999952316284,1.899999976158142,2.0,106200,0.0,0.0
2013-12-30 00:00:00-05:00,1.940000057220459,2.059999942779541,1.940000057220459,2.009999990463257,62100,0.0,0.0
2013-12-31 00:00:00-05:00,1.9700000286102295,2.059999942779541,1.9500000476837158,1.9700000286102295,99900,0.0,0.0
2014-01-02 00:00:00-05:00,2.0399999618530273,2.0399999618530273,1.909999966621399,1.909999966621399,30300,0.0,0.0
2014-01-03 00:00:00-05:00,1.9199999570846558,2.049999952316284,1.9199999570846558,1.9900000095367432,36300,0.0,0.0
2014-01-06 00:00:00-05:00,1.9700000286102295,2.049999952316284,1.9299999475479126,2.0,31400,0.0,0.0
2014-01-07 00:00:00-05:00,1.9600000381469727,2.049999952316284,1.9600000381469727,2.0299999713897705,23300,0.0,0.0
2014-01-08 00:00:00-05:00,2.049999952316284,2.049999952316284,2.009999990463257,2.009999990463257,28800,0.0,0.0
2014-01-09 00:00:00-05:00,2.0399999618530273,2.119999885559082,2.0299999713897705,2.0999999046325684,83300,0.0,0.0
2014-01-10 00:00:00-05:00,2.049999952316284,2.059999942779541,2.0199999809265137,2.0199999809265137,14300,0.0,0.0
2014-01-13 00:00:00-05:00,2.009999990463257,2.049999952316284,1.9700000286102295,2.009999990463257,54100,0.0,0.0
2014-01-14 00:00:00-05:00,2.0,2.0299999713897705,1.9700000286102295,1.9800000190734863,24800,0.0,0.0
2014-01-15 00:00:00-05:00,1.9700000286102295,2.069999933242798,1.9500000476837158,2.0299999713897705,84100,0.0,0.0
2014-01-16 00:00:00-05:00,2.0299999713897705,2.25,1.9800000190734863,2.0999999046325684,80700,0.0,0.0
2014-01-17 00:00:00-05:00,2.140000104904175,2.180000066757202,2.0999999046325684,2.1500000953674316,75300,0.0,0.0
2014-01-21 00:00:00-05:00,2.119999885559082,2.180000066757202,2.049999952316284,2.069999933242798,49600,0.0,0.0
2014-01-22 00:00:00-05:00,2.049999952316284,2.140000104904175,2.0299999713897705,2.059999942779541,81200,0.0,0.0
2014-01-23 00:00:00-05:00,2.109999895095825,2.109999895095825,2.0299999713897705,2.0399999618530273,14800,0.0,0.0
2014-01-24 00:00:00-05:00,2.049999952316284,2.049999952316284,1.9500000476837158,1.9500000476837158,30300,0.0,0.0
2014-01-27 00:00:00-05:00,1.9600000381469727,2.200000047683716,1.9600000381469727,2.0199999809265137,39300,0.0,0.0
2014-01-28 00:00:00-05:00,2.0899999141693115,2.130000114440918,1.9900000095367432,2.0999999046325684,15900,0.0,0.0
2014-01-29 00:00:00-05:00,2.0799999237060547,2.0899999141693115,1.9600000381469727,1.9900000095367432,23300,0.0,0.0
2014-01-30 00:00:00-05:00,2.0,2.0899999141693115,1.9900000095367432,2.049999952316284,11500,0.0,0.0
2014-01-31 00:00:00-05:00,2.0399999618530273,2.0799999237060547,1.9700000286102295,2.069999933242798,33300,0.0,0.0
2014-02-03 00:00:00-05:00,2.049999952316284,2.049999952316284,1.9800000190734863,2.0,6700,0.0,0.0
2014-02-04 00:00:00-05:00,2.059999942779541,2.059999942779541,1.9500000476837158,1.9800000190734863,16400,0.0,0.0
2014-02-05 00:00:00-05:00,1.9700000286102295,2.0299999713897705,1.8300000429153442,2.0299999713897705,74100,0.0,0.0
2014-02-06 00:00:00-05:00,2.049999952316284,2.049999952316284,1.909999966621399,1.9500000476837158,26900,0.0,0.0
2014-02-07 00:00:00-05:00,1.909999966621399,1.9500000476837158,1.899999976158142,1.9500000476837158,13100,0.0,0.0
2014-02-10 00:00:00-05:00,1.909999966621399,1.9600000381469727,1.7999999523162842,1.940000057220459,15500,0.0,0.0
2014-02-11 00:00:00-05:00,1.9900000095367432,2.0,1.899999976158142,1.9500000476837158,7800,0.0,0.0
2014-02-12 00:00:00-05:00,1.9500000476837158,1.9500000476837158,1.809999942779541,1.940000057220459,16800,0.0,0.0
2014-02-13 00:00:00-05:00,1.909999966621399,1.9600000381469727,1.899999976158142,1.9199999570846558,3300,0.0,0.0
2014-02-14 00:00:00-05:00,1.909999966621399,1.9700000286102295,1.899999976158142,1.9500000476837158,11300,0.0,0.0
2014-02-18 00:00:00-05:00,1.9500000476837158,1.9500000476837158,1.850000023841858,1.8899999856948853,42800,0.0,0.0
2014-02-19 00:00:00-05:00,1.8899999856948853,1.9299999475479126,1.850000023841858,1.899999976158142,30900,0.0,0.0
2014-02-20 00:00:00-05:00,1.850000023841858,1.9500000476837158,1.850000023841858,1.909999966621399,42800,0.0,0.0
2014-02-21 00:00:00-05:00,1.850000023841858,1.940000057220459,1.850000023841858,1.899999976158142,55000,0.0,0.0
2014-02-24 00:00:00-05:00,1.899999976158142,1.940000057220459,1.840000033378601,1.899999976158142,54600,0.0,0.0
2014-02-25 00:00:00-05:00,1.8700000047683716,1.899999976158142,1.8300000429153442,1.8899999856948853,43300,0.0,0.0
2014-02-26 00:00:00-05:00,1.8899999856948853,1.909999966621399,1.7899999618530273,1.8899999856948853,43600,0.0,0.0
2014-02-27 00:00:00-05:00,1.8600000143051147,1.899999976158142,1.7899999618530273,1.8600000143051147,71800,0.0,0.0
2014-02-28 00:00:00-05:00,1.850000023841858,1.9199999570846558,1.850000023841858,1.909999966621399,8800,0.0,0.0
2014-03-03 00:00:00-05:00,1.8700000047683716,1.899999976158142,1.75,1.809999942779541,39800,0.0,0.0
2014-03-04 00:00:00-05:00,1.850000023841858,1.899999976158142,1.809999942779541,1.8600000143051147,15700,0.0,0.0
2014-03-05 00:00:00-05:00,1.8300000429153442,1.9199999570846558,1.75,1.899999976158142,21100,0.0,0.0
2014-03-06 00:00:00-05:00,1.9199999570846558,1.9199999570846558,1.8899999856948853,1.909999966621399,10800,0.0,0.0
2014-03-07 00:00:00-05:00,1.909999966621399,1.909999966621399,1.899999976158142,1.899999976158142,5900,0.0,0.0
2014-03-10 00:00:00-04:00,1.8899999856948853,1.899999976158142,1.8300000429153442,1.8899999856948853,12900,0.0,0.0
2014-03-11 00:00:00-04:00,1.8700000047683716,1.8799999952316284,1.7899999618530273,1.8700000047683716,31600,0.0,0.0
2014-03-12 00:00:00-04:00,1.8700000047683716,1.8799999952316284,1.8600000143051147,1.8799999952316284,4000,0.0,0.0
2014-03-13 00:00:00-04:00,1.8799999952316284,1.8799999952316284,1.840000033378601,1.850000023841858,2100,0.0,0.0
2014-03-14 00:00:00-04:00,1.8700000047683716,1.8700000047683716,1.8700000047683716,1.8700000047683716,4800,0.0,0.0
2014-03-17 00:00:00-04:00,1.8600000143051147,1.9500000476837158,1.850000023841858,1.8600000143051147,28600,0.0,0.0
2014-03-18 00:00:00-04:00,1.8200000524520874,1.8600000143051147,1.7200000286102295,1.75,40800,0.0,0.0
2014-03-19 00:00:00-04:00,1.7300000190734863,1.840000033378601,1.7300000190734863,1.809999942779541,8200,0.0,0.0
2014-03-20 00:00:00-04:00,1.7999999523162842,1.899999976158142,1.7599999904632568,1.8600000143051147,22900,0.0,0.0
2014-03-21 00:00:00-04:00,1.7599999904632568,1.8300000429153442,1.7599999904632568,1.8300000429153442,20700,0.0,0.0
2014-03-24 00:00:00-04:00,1.7899999618530273,1.809999942779541,1.7599999904632568,1.809999942779541,14700,0.0,0.0
2014-03-25 00:00:00-04:00,1.7799999713897705,1.809999942779541,1.7200000286102295,1.809999942779541,17300,0.0,0.0
2014-03-26 00:00:00-04:00,1.75,1.8200000524520874,1.7200000286102295,1.7999999523162842,19200,0.0,0.0
2014-03-27 00:00:00-04:00,1.8300000429153442,1.8799999952316284,1.7999999523162842,1.840000033378601,29000,0.0,0.0
2014-03-28 00:00:00-04:00,1.840000033378601,1.850000023841858,1.7699999809265137,1.7999999523162842,22600,0.0,0.0
2014-03-31 00:00:00-04:00,1.7599999904632568,1.8799999952316284,1.6699999570846558,1.8200000524520874,17100,0.0,0.0
2014-04-01 00:00:00-04:00,1.850000023841858,1.850000023841858,1.840000033378601,1.840000033378601,1200,0.0,0.0
2014-04-02 00:00:00-04:00,1.7999999523162842,1.940000057220459,1.7999999523162842,1.8899999856948853,24300,0.0,0.0
2014-04-03 00:00:00-04:00,1.8600000143051147,1.8899999856948853,1.8300000429153442,1.8600000143051147,6800,0.0,0.0
2014-04-04 00:00:00-04:00,1.8200000524520874,1.9199999570846558,1.8200000524520874,1.8600000143051147,2600,0.0,0.0
2014-04-07 00:00:00-04:00,1.809999942779541,1.8700000047683716,1.809999942779541,1.8700000047683716,3700,0.0,0.0
2014-04-08 00:00:00-04:00,1.8700000047683716,1.940000057220459,1.8700000047683716,1.9199999570846558,8200,0.0,0.0
2014-04-09 00:00:00-04:00,1.940000057220459,2.049999952316284,1.899999976158142,2.0299999713897705,82600,0.0,0.0
2014-04-10 00:00:00-04:00,2.109999895095825,2.1700000762939453,2.0199999809265137,2.0299999713897705,53100,0.0,0.0
2014-04-11 00:00:00-04:00,2.0,2.1700000762939453,1.940000057220459,1.9600000381469727,55800,0.0,0.0
2014-04-14 00:00:00-04:00,1.9700000286102295,2.0199999809265137,1.899999976158142,1.9800000190734863,27000,0.0,0.0
2014-04-15 00:00:00-04:00,1.9500000476837158,1.9600000381469727,1.909999966621399,1.9600000381469727,11400,0.0,0.0
2014-04-16 00:00:00-04:00,1.9800000190734863,2.0199999809265137,1.9299999475479126,1.9800000190734863,25300,0.0,0.0
2014-04-17 00:00:00-04:00,1.9199999570846558,1.9299999475479126,1.8300000429153442,1.8600000143051147,53000,0.0,0.0
2014-04-21 00:00:00-04:00,1.9199999570846558,1.9900000095367432,1.8899999856948853,1.9500000476837158,88500,0.0,0.0
2014-04-22 00:00:00-04:00,1.9500000476837158,1.9900000095367432,1.9299999475479126,1.9900000095367432,6300,0.0,0.0
2014-04-23 00:00:00-04:00,1.9900000095367432,2.0199999809265137,1.940000057220459,2.009999990463257,7200,0.0,0.0
2014-04-24 00:00:00-04:00,2.0,2.0199999809265137,2.0,2.009999990463257,7300,0.0,0.0
2014-04-25 00:00:00-04:00,1.9199999570846558,2.0199999809265137,1.9199999570846558,2.009999990463257,2600,0.0,0.0
2014-04-28 00:00:00-04:00,1.9500000476837158,2.009999990463257,1.9199999570846558,2.0,6800,0.0,0.0
2014-04-29 00:00:00-04:00,1.9199999570846558,2.009999990463257,1.9199999570846558,1.9500000476837158,2400,0.0,0.0
2014-04-30 00:00:00-04:00,1.9600000381469727,2.0199999809265137,1.8600000143051147,2.0,18000,0.0,0.0
2014-05-01 00:00:00-04:00,2.0,2.0,1.850000023841858,1.9500000476837158,12500,0.0,0.0
2014-05-02 00:00:00-04:00,1.9700000286102295,1.9700000286102295,1.9700000286102295,1.9700000286102295,500,0.0,0.0
2014-05-05 00:00:00-04:00,1.9800000190734863,2.0,1.940000057220459,1.9800000190734863,17800,0.0,0.0
2014-05-06 00:00:00-04:00,1.9299999475479126,1.9700000286102295,1.909999966621399,1.9500000476837158,9800,0.0,0.0
2014-05-07 00:00:00-04:00,1.9500000476837158,1.9500000476837158,1.8799999952316284,1.899999976158142,16500,0.0,0.0
2014-05-08 00:00:00-04:00,1.8899999856948853,1.9500000476837158,1.8600000143051147,1.909999966621399,3700,0.0,0.0
2014-05-09 00:00:00-04:00,1.840000033378601,1.8799999952316284,1.8300000429153442,1.8300000429153442,10300,0.0,0.0
2014-05-12 00:00:00-04:00,1.850000023841858,1.8799999952316284,1.8300000429153442,1.8300000429153442,21900,0.0,0.0
2014-05-13 00:00:00-04:00,1.8300000429153442,1.8799999952316284,1.809999942779541,1.8600000143051147,22700,0.0,0.0
2014-05-14 00:00:00-04:00,1.7999999523162842,1.8799999952316284,1.7599999904632568,1.809999942779541,21100,0.0,0.0
2014-05-15 00:00:00-04:00,1.7799999713897705,1.840000033378601,1.6799999475479126,1.8200000524520874,48800,0.0,0.0
2014-05-16 00:00:00-04:00,1.840000033378601,1.8799999952316284,1.7400000095367432,1.8700000047683716,68300,0.0,0.0
2014-05-19 00:00:00-04:00,1.8799999952316284,1.8799999952316284,1.850000023841858,1.8799999952316284,3800,0.0,0.0
2014-05-20 00:00:00-04:00,1.8300000429153442,1.8300000429153442,1.600000023841858,1.7000000476837158,95800,0.0,0.0
2014-05-21 00:00:00-04:00,1.659999966621399,1.659999966621399,1.5499999523162842,1.6200000047683716,43700,0.0,0.0
2014-05-22 00:00:00-04:00,1.559999942779541,1.7000000476837158,1.559999942779541,1.7000000476837158,37400,0.0,0.0
2014-05-23 00:00:00-04:00,1.690000057220459,1.75,1.690000057220459,1.75,7400,0.0,0.0
2014-05-27 00:00:00-04:00,1.690000057220459,1.7400000095367432,1.690000057220459,1.7100000381469727,4600,0.0,0.0
2014-05-28 00:00:00-04:00,1.690000057220459,1.7200000286102295,1.6799999475479126,1.7200000286102295,10100,0.0,0.0
2014-05-29 00:00:00-04:00,1.7200000286102295,1.7200000286102295,1.6100000143051147,1.7200000286102295,17900,0.0,0.0
2014-05-30 00:00:00-04:00,1.690000057220459,1.7000000476837158,1.559999942779541,1.6799999475479126,34600,0.0,0.0
2014-06-02 00:00:00-04:00,1.6799999475479126,1.690000057220459,1.6299999952316284,1.6799999475479126,14100,0.0,0.0
2014-06-03 00:00:00-04:00,1.649999976158142,1.690000057220459,1.6399999856948853,1.6799999475479126,29400,0.0,0.0
2014-06-04 00:00:00-04:00,1.6399999856948853,1.7100000381469727,1.600000023841858,1.659999966621399,29700,0.0,0.0
2014-06-05 00:00:00-04:00,1.6299999952316284,1.690000057220459,1.5700000524520874,1.6799999475479126,36800,0.0,0.0
2014-06-06 00:00:00-04:00,1.659999966621399,1.659999966621399,1.5700000524520874,1.6399999856948853,43900,0.0,0.0
2014-06-09 00:00:00-04:00,1.590000033378601,1.75,1.5800000429153442,1.75,27000,0.0,0.0
2014-06-10 00:00:00-04:00,1.7000000476837158,1.7899999618530273,1.7000000476837158,1.75,4800,0.0,0.0
2014-06-11 00:00:00-04:00,1.8300000429153442,1.8300000429153442,1.7100000381469727,1.7999999523162842,5600,0.0,0.0
2014-06-12 00:00:00-04:00,1.7699999809265137,1.8300000429153442,1.690000057220459,1.8300000429153442,12700,0.0,0.0
2014-06-13 00:00:00-04:00,1.7599999904632568,1.840000033378601,1.7400000095367432,1.7899999618530273,12300,0.0,0.0
2014-06-16 00:00:00-04:00,1.75,1.75,1.7100000381469727,1.7100000381469727,4900,0.0,0.0
2014-06-17 00:00:00-04:00,1.75,1.7799999713897705,1.7000000476837158,1.7799999713897705,3100,0.0,0.0
2014-06-18 00:00:00-04:00,1.7400000095367432,1.75,1.649999976158142,1.75,35500,0.0,0.0
2014-06-19 00:00:00-04:00,1.659999966621399,1.690000057220459,1.590000033378601,1.649999976158142,28400,0.0,0.0
2014-06-20 00:00:00-04:00,1.6100000143051147,1.649999976158142,1.5199999809265137,1.5299999713897705,71300,0.0,0.0
2014-06-23 00:00:00-04:00,1.440000057220459,1.6699999570846558,1.4199999570846558,1.6200000047683716,31700,0.0,0.0
2014-06-24 00:00:00-04:00,1.6299999952316284,1.75,1.6299999952316284,1.75,57800,0.0,0.0
2014-06-25 00:00:00-04:00,1.7899999618530273,1.7899999618530273,1.75,1.75,1300,0.0,0.0
2014-06-26 00:00:00-04:00,1.7999999523162842,1.7999999523162842,1.659999966621399,1.659999966621399,21700,0.0,0.0
2014-06-27 00:00:00-04:00,1.7200000286102295,1.7799999713897705,1.590000033378601,1.600000023841858,48600,0.0,0.0
2014-06-30 00:00:00-04:00,1.649999976158142,1.649999976158142,1.409999966621399,1.4199999570846558,78800,0.0,0.0
2014-07-01 00:00:00-04:00,1.440000057220459,1.5,1.409999966621399,1.4900000095367432,50400,0.0,0.0
2014-07-02 00:00:00-04:00,1.4500000476837158,1.4800000190734863,1.3899999856948853,1.4700000286102295,11500,0.0,0.0
2014-07-03 00:00:00-04:00,1.4800000190734863,1.6200000047683716,1.440000057220459,1.600000023841858,14900,0.0,0.0
2014-07-07 00:00:00-04:00,1.600000023841858,1.600000023841858,1.4800000190734863,1.4800000190734863,17100,0.0,0.0
2014-07-08 00:00:00-04:00,1.5,1.5,1.4500000476837158,1.4600000381469727,9400,0.0,0.0
2014-07-09 00:00:00-04:00,1.4800000190734863,1.4800000190734863,1.4199999570846558,1.4600000381469727,6200,0.0,0.0
2014-07-10 00:00:00-04:00,1.5199999809265137,1.5199999809265137,1.4299999475479126,1.4299999475479126,3700,0.0,0.0
2014-07-11 00:00:00-04:00,1.399999976158142,1.559999942779541,1.399999976158142,1.4500000476837158,17900,0.0,0.0
2014-07-14 00:00:00-04:00,1.5199999809265137,1.590000033378601,1.3899999856948853,1.5199999809265137,130600,0.0,0.0
2014-07-15 00:00:00-04:00,1.5299999713897705,1.649999976158142,1.5299999713897705,1.649999976158142,4700,0.0,0.0
2014-07-16 00:00:00-04:00,1.7000000476837158,1.7000000476837158,1.6100000143051147,1.6799999475479126,11800,0.0,0.0
2014-07-17 00:00:00-04:00,1.600000023841858,1.6799999475479126,1.5499999523162842,1.6399999856948853,7800,0.0,0.0
2014-07-18 00:00:00-04:00,1.6200000047683716,1.6299999952316284,1.5399999618530273,1.590000033378601,31100,0.0,0.0
2014-07-21 00:00:00-04:00,1.5299999713897705,1.590000033378601,1.4700000286102295,1.4700000286102295,31100,0.0,0.0
2014-07-22 00:00:00-04:00,1.5,1.6299999952316284,1.5,1.5399999618530273,23900,0.0,0.0
2014-07-23 00:00:00-04:00,1.5099999904632568,1.5199999809265137,1.4199999570846558,1.4600000381469727,52900,0.0,0.0
2014-07-24 00:00:00-04:00,1.4900000095367432,1.75,1.440000057220459,1.5199999809265137,47000,0.0,0.0
2014-07-25 00:00:00-04:00,1.4600000381469727,1.5800000429153442,1.4600000381469727,1.5800000429153442,18200,0.0,0.0
2014-07-28 00:00:00-04:00,1.5099999904632568,1.5299999713897705,1.4299999475479126,1.5,13600,0.0,0.0
2014-07-29 00:00:00-04:00,1.5,1.5499999523162842,1.5,1.5,40200,0.0,0.0
2014-07-30 00:00:00-04:00,1.5,1.559999942779541,1.5,1.5399999618530273,6000,0.0,0.0
2014-07-31 00:00:00-04:00,1.590000033378601,1.590000033378601,1.5,1.5199999809265137,7900,0.0,0.0
2014-08-01 00:00:00-04:00,1.5,1.559999942779541,1.5,1.5099999904632568,4300,0.0,0.0
2014-08-04 00:00:00-04:00,1.5099999904632568,1.659999966621399,1.5,1.600000023841858,14900,0.0,0.0
2014-08-05 00:00:00-04:00,1.5299999713897705,1.75,1.5299999713897705,1.659999966621399,27000,0.0,0.0
2014-08-06 00:00:00-04:00,1.600000023841858,1.7599999904632568,1.5800000429153442,1.690000057220459,11500,0.0,0.0
2014-08-07 00:00:00-04:00,1.6399999856948853,1.7999999523162842,1.5199999809265137,1.5299999713897705,23300,0.0,0.0
2014-08-08 00:00:00-04:00,1.5,1.5499999523162842,1.4900000095367432,1.5299999713897705,65100,0.0,0.0
2014-08-11 00:00:00-04:00,1.5099999904632568,1.5299999713897705,1.3700000047683716,1.4600000381469727,45400,0.0,0.0
2014-08-12 00:00:00-04:00,1.4900000095367432,1.5299999713897705,1.4199999570846558,1.5299999713897705,54000,0.0,0.0
2014-08-13 00:00:00-04:00,1.600000023841858,1.600000023841858,1.4600000381469727,1.5199999809265137,2700,0.0,0.0
2014-08-14 00:00:00-04:00,1.4600000381469727,1.5299999713897705,1.4600000381469727,1.5299999713897705,2200,0.0,0.0
2014-08-15 00:00:00-04:00,1.5299999713897705,1.5399999618530273,1.4700000286102295,1.4900000095367432,4100,0.0,0.0
2014-08-18 00:00:00-04:00,1.5,1.5299999713897705,1.4900000095367432,1.5,6800,0.0,0.0
2014-08-19 00:00:00-04:00,1.5299999713897705,1.559999942779541,1.5099999904632568,1.5099999904632568,22900,0.0,0.0
2014-08-20 00:00:00-04:00,1.4600000381469727,1.4900000095367432,1.2100000381469727,1.4900000095367432,38500,0.0,0.0
2014-08-21 00:00:00-04:00,1.4500000476837158,1.4900000095367432,1.3799999952316284,1.4900000095367432,11600,0.0,0.0
2014-08-22 00:00:00-04:00,1.5099999904632568,1.5199999809265137,1.4199999570846558,1.5,18200,0.0,0.0
2014-08-25 00:00:00-04:00,1.5099999904632568,1.5099999904632568,1.4299999475479126,1.5,7700,0.0,0.0
2014-08-26 00:00:00-04:00,1.4700000286102295,1.559999942779541,1.3600000143051147,1.4900000095367432,36300,0.0,0.0
2014-08-27 00:00:00-04:00,1.4299999475479126,1.590000033378601,1.4299999475479126,1.5499999523162842,31100,0.0,0.0
2014-08-28 00:00:00-04:00,1.4900000095367432,1.5700000524520874,1.4700000286102295,1.5299999713897705,34100,0.0,0.0
2014-08-29 00:00:00-04:00,1.5700000524520874,1.5700000524520874,1.5,1.5299999713897705,6600,0.0,0.0
2014-09-02 00:00:00-04:00,1.5700000524520874,1.5700000524520874,1.4800000190734863,1.5,63600,0.0,0.0
2014-09-03 00:00:00-04:00,1.4800000190734863,1.559999942779541,1.4500000476837158,1.5,51000,0.0,0.0
2014-09-04 00:00:00-04:00,1.6399999856948853,1.649999976158142,1.4800000190734863,1.4800000190734863,47900,0.0,0.0
2014-09-05 00:00:00-04:00,1.4700000286102295,1.5,1.4700000286102295,1.4800000190734863,12900,0.0,0.0
2014-09-08 00:00:00-04:00,1.440000057220459,1.5,1.350000023841858,1.4800000190734863,85100,0.0,0.0
2014-09-09 00:00:00-04:00,1.440000057220459,1.440000057220459,1.3600000143051147,1.3700000047683716,91200,0.0,0.0
2014-09-10 00:00:00-04:00,1.3300000429153442,1.4199999570846558,1.190000057220459,1.190000057220459,49300,0.0,0.0
2014-09-11 00:00:00-04:00,1.2999999523162842,1.3200000524520874,1.149999976158142,1.159999966621399,182600,0.0,0.0
2014-09-12 00:00:00-04:00,1.190000057220459,1.2799999713897705,1.149999976158142,1.1799999475479126,69300,0.0,0.0
2014-09-15 00:00:00-04:00,1.2300000190734863,1.2300000190734863,1.090000033378601,1.2000000476837158,105000,0.0,0.0
2014-09-16 00:00:00-04:00,1.1799999475479126,1.340000033378601,1.100000023841858,1.2799999713897705,93800,0.0,0.0
2014-09-17 00:00:00-04:00,1.2799999713897705,1.5,1.2699999809265137,1.4600000381469727,99100,0.0,0.0
2014-09-18 00:00:00-04:00,1.409999966621399,1.5,1.399999976158142,1.4600000381469727,111200,0.0,0.0
2014-09-19 00:00:00-04:00,1.4900000095367432,1.5,1.4500000476837158,1.5,525100,0.0,0.0
2014-09-22 00:00:00-04:00,1.4800000190734863,1.5,1.4500000476837158,1.4700000286102295,61500,0.0,0.0
2014-09-23 00:00:00-04:00,1.4900000095367432,1.5,1.409999966621399,1.4299999475479126,62800,0.0,0.0
2014-09-24 00:00:00-04:00,1.4199999570846558,1.4700000286102295,1.399999976158142,1.4700000286102295,40300,0.0,0.0
2014-09-25 00:00:00-04:00,1.4500000476837158,1.4700000286102295,1.399999976158142,1.4600000381469727,49800,0.0,0.0
2014-09-26 00:00:00-04:00,1.4700000286102295,1.4700000286102295,1.399999976158142,1.4299999475479126,12800,0.0,0.0
2014-09-29 00:00:00-04:00,1.4700000286102295,1.4700000286102295,1.399999976158142,1.4700000286102295,2000,0.0,0.0
2014-09-30 00:00:00-04:00,1.409999966621399,1.4600000381469727,1.2699999809265137,1.2699999809265137,18900,0.0,0.0
2014-10-01 00:00:00-04:00,1.2899999618530273,1.350000023841858,1.2699999809265137,1.2799999713897705,13400,0.0,0.0
2014-10-02 00:00:00-04:00,1.2699999809265137,1.2999999523162842,1.1399999856948853,1.159999966621399,24400,0.0,0.0
2014-10-03 00:00:00-04:00,1.149999976158142,1.2000000476837158,1.1399999856948853,1.149999976158142,57900,0.0,0.0
2014-10-06 00:00:00-04:00,1.1200000047683716,1.1299999952316284,1.059999942779541,1.059999942779541,84500,0.0,0.0
2014-10-07 00:00:00-04:00,1.0499999523162842,1.059999942779541,1.0,1.0199999809265137,56300,0.0,0.0
2014-10-08 00:00:00-04:00,1.0299999713897705,1.0700000524520874,1.0,1.0,13100,0.0,0.0
2014-10-09 00:00:00-04:00,1.0399999618530273,1.0399999618530273,1.0,1.0199999809265137,39400,0.0,0.0
2014-10-10 00:00:00-04:00,1.0199999809265137,1.059999942779541,1.0199999809265137,1.0399999618530273,42400,0.0,0.0
2014-10-13 00:00:00-04:00,1.0499999523162842,1.090000033378601,1.0499999523162842,1.059999942779541,2600,0.0,0.0
2014-10-14 00:00:00-04:00,1.0499999523162842,1.100000023841858,1.0499999523162842,1.0499999523162842,42400,0.0,0.0
2014-10-15 00:00:00-04:00,1.059999942779541,1.059999942779541,0.9700000286102295,0.9700000286102295,35900,0.0,0.0
2014-10-16 00:00:00-04:00,0.9700000286102295,1.0,0.9399999976158142,0.9399999976158142,25400,0.0,0.0
2014-10-17 00:00:00-04:00,0.9800000190734863,1.1399999856948853,0.9800000190734863,1.1399999856948853,120300,0.0,0.0
2014-10-20 00:00:00-04:00,1.1799999475479126,1.1799999475479126,1.059999942779541,1.100000023841858,24100,0.0,0.0
2014-10-21 00:00:00-04:00,1.149999976158142,1.2000000476837158,1.100000023841858,1.1299999952316284,40000,0.0,0.0
2014-10-22 00:00:00-04:00,1.100000023841858,1.1799999475479126,1.090000033378601,1.1399999856948853,20400,0.0,0.0
2014-10-23 00:00:00-04:00,1.190000057220459,1.190000057220459,1.0700000524520874,1.149999976158142,25800,0.0,0.0
2014-10-24 00:00:00-04:00,1.100000023841858,1.1100000143051147,1.0700000524520874,1.0700000524520874,56500,0.0,0.0
2014-10-27 00:00:00-04:00,1.100000023841858,1.1399999856948853,1.0700000524520874,1.100000023841858,34600,0.0,0.0
2014-10-28 00:00:00-04:00,1.0800000429153442,1.149999976158142,1.0299999713897705,1.059999942779541,50500,0.0,0.0
2014-10-29 00:00:00-04:00,1.100000023841858,1.1299999952316284,1.0800000429153442,1.0800000429153442,22400,0.0,0.0
2014-10-30 00:00:00-04:00,1.090000033378601,1.1200000047683716,1.090000033378601,1.090000033378601,5800,0.0,0.0
2014-10-31 00:00:00-04:00,1.090000033378601,1.1100000143051147,1.0499999523162842,1.100000023841858,22300,0.0,0.0
2014-11-03 00:00:00-05:00,1.0800000429153442,1.1100000143051147,1.0700000524520874,1.090000033378601,18600,0.0,0.0
2014-11-04 00:00:00-05:00,1.1200000047683716,1.159999966621399,1.0299999713897705,1.0299999713897705,6700,0.0,0.0
2014-11-05 00:00:00-05:00,1.0299999713897705,1.1299999952316284,1.0299999713897705,1.1100000143051147,9500,0.0,0.0
2014-11-06 00:00:00-05:00,1.100000023841858,1.1200000047683716,1.0299999713897705,1.059999942779541,6800,0.0,0.0
2014-11-07 00:00:00-05:00,1.0199999809265137,1.1200000047683716,1.0199999809265137,1.0700000524520874,5100,0.0,0.0
2014-11-10 00:00:00-05:00,1.0499999523162842,1.059999942779541,1.0199999809265137,1.0499999523162842,7400,0.0,0.0
2014-11-11 00:00:00-05:00,1.0800000429153442,1.1699999570846558,1.0700000524520874,1.1100000143051147,27700,0.0,0.0
2014-11-12 00:00:00-05:00,1.1100000143051147,1.1699999570846558,1.1100000143051147,1.1699999570846558,50800,0.0,0.0
2014-11-13 00:00:00-05:00,1.1299999952316284,1.1299999952316284,1.1100000143051147,1.1100000143051147,1500,0.0,0.0
2014-11-14 00:00:00-05:00,1.1100000143051147,1.1100000143051147,1.0800000429153442,1.090000033378601,29000,0.0,0.0
2014-11-17 00:00:00-05:00,1.059999942779541,1.090000033378601,1.0299999713897705,1.0499999523162842,12000,0.0,0.0
2014-11-18 00:00:00-05:00,1.059999942779541,1.059999942779541,0.9800000190734863,0.9800000190734863,49300,0.0,0.0
2014-11-19 00:00:00-05:00,0.9800000190734863,1.0099999904632568,0.9100000262260437,0.9300000071525574,80800,0.0,0.0
2014-11-20 00:00:00-05:00,0.9300000071525574,0.9599999785423279,0.8500000238418579,0.949999988079071,52100,0.0,0.0
2014-11-21 00:00:00-05:00,0.9800000190734863,1.0700000524520874,0.8199999928474426,0.9900000095367432,86500,0.0,0.0
2014-11-24 00:00:00-05:00,1.0,1.0,0.9700000286102295,0.9700000286102295,33800,0.0,0.0
2014-11-25 00:00:00-05:00,1.0099999904632568,1.0099999904632568,0.8999999761581421,0.949999988079071,28200,0.0,0.0
2014-11-26 00:00:00-05:00,0.9599999785423279,1.0099999904632568,0.9599999785423279,0.9700000286102295,9700,0.0,0.0
2014-11-28 00:00:00-05:00,1.0199999809265137,1.0199999809265137,0.9100000262260437,0.9100000262260437,5000,0.0,0.0
2014-12-01 00:00:00-05:00,0.9700000286102295,1.0499999523162842,0.9100000262260437,0.9300000071525574,24400,0.0,0.0
2014-12-02 00:00:00-05:00,0.9300000071525574,1.0,0.9300000071525574,0.9900000095367432,21300,0.0,0.0
2014-12-03 00:00:00-05:00,1.0,1.0,0.9599999785423279,0.9599999785423279,10400,0.0,0.0
2014-12-04 00:00:00-05:00,0.9700000286102295,0.9800000190734863,0.9599999785423279,0.9599999785423279,6300,0.0,0.0
2014-12-05 00:00:00-05:00,1.0,1.0099999904632568,0.9700000286102295,0.9700000286102295,16700,0.0,0.0
2014-12-08 00:00:00-05:00,1.0,1.0,0.8999999761581421,0.9100000262260437,12200,0.0,0.0
2014-12-09 00:00:00-05:00,0.9200000166893005,0.9200000166893005,0.7699999809265137,0.8299999833106995,25300,0.0,0.0
2014-12-10 00:00:00-05:00,0.8299999833106995,0.8500000238418579,0.7799999713897705,0.7799999713897705,30000,0.0,0.0
2014-12-11 00:00:00-05:00,0.75,0.7799999713897705,0.6700000166893005,0.7200000286102295,70200,0.0,0.0
2014-12-12 00:00:00-05:00,0.7300000190734863,0.9700000286102295,0.7300000190734863,0.8899999856948853,73400,0.0,0.0
2014-12-15 00:00:00-05:00,1.0,1.0,0.7699999809265137,0.8299999833106995,40900,0.0,0.0
2014-12-16 00:00:00-05:00,0.9300000071525574,0.9300000071525574,0.7099999785423279,0.75,41700,0.0,0.0
2014-12-17 00:00:00-05:00,0.75,0.7799999713897705,0.7300000190734863,0.75,25600,0.0,0.0
2014-12-18 00:00:00-05:00,0.75,0.75,0.7200000286102295,0.7300000190734863,26700,0.0,0.0
2014-12-19 00:00:00-05:00,0.75,0.8299999833106995,0.75,0.7699999809265137,52400,0.0,0.0
2014-12-22 00:00:00-05:00,0.8100000023841858,0.8100000023841858,0.7799999713897705,0.800000011920929,80000,0.0,0.0
2014-12-23 00:00:00-05:00,0.7900000214576721,0.800000011920929,0.75,0.7599999904632568,102500,0.0,0.0
2014-12-24 00:00:00-05:00,0.7699999809265137,0.7799999713897705,0.75,0.7599999904632568,41300,0.0,0.0
2014-12-26 00:00:00-05:00,0.7400000095367432,0.75,0.699999988079071,0.7200000286102295,43800,0.0,0.0
2014-12-29 00:00:00-05:00,0.75,0.7900000214576721,0.6000000238418579,0.6000000238418579,85600,0.0,0.0
2014-12-30 00:00:00-05:00,0.6000000238418579,0.6899999976158142,0.6000000238418579,0.6700000166893005,24800,0.0,0.0
2014-12-31 00:00:00-05:00,0.6700000166893005,0.699999988079071,0.6499999761581421,0.699999988079071,87000,0.0,0.0
2015-01-02 00:00:00-05:00,0.7200000286102295,0.7799999713897705,0.7200000286102295,0.7599999904632568,9100,0.0,0.0
2015-01-05 00:00:00-05:00,0.75,0.9100000262260437,0.75,0.7699999809265137,33600,0.0,0.0
2015-01-06 00:00:00-05:00,0.7799999713897705,0.7799999713897705,0.6200000047683716,0.699999988079071,15600,0.0,0.0
2015-01-07 00:00:00-05:00,0.5899999737739563,0.8500000238418579,0.5899999737739563,0.6899999976158142,38800,0.0,0.0
2015-01-08 00:00:00-05:00,0.7099999785423279,0.7099999785423279,0.6700000166893005,0.6800000071525574,3600,0.0,0.0
2015-01-09 00:00:00-05:00,0.6800000071525574,0.7200000286102295,0.6800000071525574,0.6800000071525574,24000,0.0,0.0
2015-01-12 00:00:00-05:00,0.6399999856948853,0.7400000095367432,0.6399999856948853,0.699999988079071,33500,0.0,0.0
2015-01-13 00:00:00-05:00,0.6600000262260437,0.8399999737739563,0.6000000238418579,0.7799999713897705,71800,0.0,0.0
2015-01-14 00:00:00-05:00,0.7699999809265137,0.7699999809265137,0.6299999952316284,0.6499999761581421,29600,0.0,0.0
2015-01-15 00:00:00-05:00,0.6299999952316284,0.6499999761581421,0.6100000143051147,0.6499999761581421,27600,0.0,0.0
2015-01-16 00:00:00-05:00,0.6499999761581421,0.6899999976158142,0.6399999856948853,0.6499999761581421,48900,0.0,0.0
2015-01-20 00:00:00-05:00,0.6200000047683716,0.6399999856948853,0.550000011920929,0.5600000023841858,37700,0.0,0.0
2015-01-21 00:00:00-05:00,0.550000011920929,0.6000000238418579,0.47999998927116394,0.5600000023841858,60900,0.0,0.0
2015-01-22 00:00:00-05:00,0.5400000214576721,0.5699999928474426,0.5,0.5699999928474426,27400,0.0,0.0
2015-01-23 00:00:00-05:00,0.5899999737739563,0.5899999737739563,0.47999998927116394,0.49000000953674316,208800,0.0,0.0
2015-01-26 00:00:00-05:00,0.47999998927116394,0.5199999809265137,0.47999998927116394,0.47999998927116394,28500,0.0,0.0
2015-01-27 00:00:00-05:00,0.5099999904632568,0.5699999928474426,0.47999998927116394,0.5,15400,0.0,0.0
2015-01-28 00:00:00-05:00,0.5299999713897705,0.6000000238418579,0.5099999904632568,0.5699999928474426,133500,0.0,0.0
2015-01-29 00:00:00-05:00,0.550000011920929,0.6000000238418579,0.5099999904632568,0.5099999904632568,55200,0.0,0.0
2015-01-30 00:00:00-05:00,0.49000000953674316,0.5199999809265137,0.47999998927116394,0.5,16200,0.0,0.0
2015-02-02 00:00:00-05:00,0.47999998927116394,0.5,0.47999998927116394,0.5,18600,0.0,0.0
2015-02-03 00:00:00-05:00,0.5299999713897705,0.5799999833106995,0.47999998927116394,0.5699999928474426,117200,0.0,0.0
2015-02-04 00:00:00-05:00,0.5699999928474426,0.7099999785423279,0.5699999928474426,0.7099999785423279,63400,0.0,0.0
2015-02-05 00:00:00-05:00,0.6899999976158142,0.699999988079071,0.6000000238418579,0.6800000071525574,33200,0.0,0.0
2015-02-06 00:00:00-05:00,0.6499999761581421,0.6499999761581421,0.5899999737739563,0.5899999737739563,47100,0.0,0.0
2015-02-09 00:00:00-05:00,0.6100000143051147,0.699999988079071,0.6100000143051147,0.699999988079071,51300,0.0,0.0
2015-02-10 00:00:00-05:00,0.6800000071525574,0.6800000071525574,0.6000000238418579,0.6299999952316284,42400,0.0,0.0
2015-02-11 00:00:00-05:00,0.6499999761581421,0.6499999761581421,0.6000000238418579,0.6000000238418579,2900,0.0,0.0
2015-02-12 00:00:00-05:00,0.6000000238418579,0.6399999856948853,0.6000000238418579,0.6000000238418579,103600,0.0,0.0
2015-02-13 00:00:00-05:00,0.6200000047683716,0.6299999952316284,0.6000000238418579,0.6299999952316284,47200,0.0,0.0
2015-02-17 00:00:00-05:00,0.6000000238418579,0.6800000071525574,0.6000000238418579,0.6800000071525574,29600,0.0,0.0
2015-02-18 00:00:00-05:00,0.699999988079071,0.75,0.6899999976158142,0.7099999785423279,48600,0.0,0.0
2015-02-19 00:00:00-05:00,0.6800000071525574,0.699999988079071,0.6000000238418579,0.6000000238418579,51000,0.0,0.0
2015-02-20 00:00:00-05:00,0.5899999737739563,0.6800000071525574,0.5899999737739563,0.6000000238418579,83600,0.0,0.0
2015-02-23 00:00:00-05:00,0.6000000238418579,0.6800000071525574,0.6000000238418579,0.6100000143051147,24100,0.0,0.0
2015-02-24 00:00:00-05:00,0.6399999856948853,0.7400000095367432,0.6100000143051147,0.6899999976158142,57200,0.0,0.0
2015-02-25 00:00:00-05:00,0.6499999761581421,0.7400000095367432,0.6499999761581421,0.6800000071525574,28900,0.0,0.0
2015-02-26 00:00:00-05:00,0.6700000166893005,0.9200000166893005,0.6100000143051147,0.699999988079071,23600,0.0,0.0
2015-02-27 00:00:00-05:00,0.6800000071525574,0.6800000071525574,0.6299999952316284,0.6499999761581421,25500,0.0,0.0
2015-03-02 00:00:00-05:00,0.6700000166893005,0.6800000071525574,0.6200000047683716,0.6499999761581421,6900,0.0,0.0
2015-03-03 00:00:00-05:00,0.6499999761581421,0.6499999761581421,0.6200000047683716,0.6200000047683716,4900,0.0,0.0
2015-03-04 00:00:00-05:00,0.6299999952316284,0.6399999856948853,0.6000000238418579,0.6200000047683716,36000,0.0,0.0
2015-03-05 00:00:00-05:00,0.6000000238418579,0.6299999952316284,0.5799999833106995,0.6299999952316284,15700,0.0,0.0
2015-03-06 00:00:00-05:00,0.6000000238418579,0.6299999952316284,0.6000000238418579,0.6100000143051147,12800,0.0,0.0
2015-03-09 00:00:00-04:00,0.6200000047683716,0.6200000047683716,0.6000000238418579,0.6200000047683716,32300,0.0,0.0
2015-03-10 00:00:00-04:00,0.6499999761581421,0.6499999761581421,0.6499999761581421,0.6499999761581421,1300,0.0,0.0
2015-03-11 00:00:00-04:00,0.6399999856948853,0.6700000166893005,0.6100000143051147,0.6600000262260437,3700,0.0,0.0
2015-03-12 00:00:00-04:00,0.6899999976158142,0.6899999976158142,0.6200000047683716,0.6299999952316284,14600,0.0,0.0
2015-03-13 00:00:00-04:00,0.6100000143051147,0.75,0.6100000143051147,0.7200000286102295,21100,0.0,0.0
2015-03-16 00:00:00-04:00,0.7200000286102295,0.75,0.7200000286102295,0.7400000095367432,4900,0.0,0.0
2015-03-17 00:00:00-04:00,0.7300000190734863,0.7400000095367432,0.6399999856948853,0.6600000262260437,9300,0.0,0.0
2015-03-18 00:00:00-04:00,0.699999988079071,0.699999988079071,0.699999988079071,0.699999988079071,1900,0.0,0.0
2015-03-19 00:00:00-04:00,0.6600000262260437,0.699999988079071,0.6299999952316284,0.699999988079071,1200,0.0,0.0
2015-03-20 00:00:00-04:00,0.699999988079071,0.699999988079071,0.6700000166893005,0.6800000071525574,3900,0.0,0.0
2015-03-23 00:00:00-04:00,0.699999988079071,0.699999988079071,0.699999988079071,0.699999988079071,300,0.0,0.0
2015-03-24 00:00:00-04:00,0.699999988079071,0.75,0.6800000071525574,0.6800000071525574,7100,0.0,0.0
2015-03-25 00:00:00-04:00,0.6700000166893005,0.6700000166893005,0.5799999833106995,0.5899999737739563,12800,0.0,0.0
2015-03-26 00:00:00-04:00,0.5899999737739563,0.5899999737739563,0.5899999737739563,0.5899999737739563,0,0.0,0.0
2015-03-27 00:00:00-04:00,0.6200000047683716,0.6499999761581421,0.6200000047683716,0.6499999761581421,2300,0.0,0.0
2015-03-30 00:00:00-04:00,0.6200000047683716,0.6700000166893005,0.6200000047683716,0.6499999761581421,13100,0.0,0.0
2015-03-31 00:00:00-04:00,0.6600000262260437,0.6800000071525574,0.6499999761581421,0.6800000071525574,24200,0.0,0.0
2015-04-01 00:00:00-04:00,0.6899999976158142,0.6899999976158142,0.6899999976158142,0.6899999976158142,1100,0.0,0.0
2015-04-02 00:00:00-04:00,0.6499999761581421,0.699999988079071,0.5899999737739563,0.699999988079071,3200,0.0,0.0
2015-04-06 00:00:00-04:00,0.6299999952316284,0.75,0.6299999952316284,0.699999988079071,19000,0.0,0.0
2015-04-07 00:00:00-04:00,0.6899999976158142,0.699999988079071,0.6700000166893005,0.6700000166893005,13300,0.0,0.0
2015-04-08 00:00:00-04:00,0.6700000166893005,0.6800000071525574,0.6600000262260437,0.6800000071525574,4800,0.0,0.0
2015-04-09 00:00:00-04:00,0.6899999976158142,0.7200000286102295,0.6899999976158142,0.7200000286102295,57900,0.0,0.0
2015-04-10 00:00:00-04:00,0.7400000095367432,0.7699999809265137,0.7400000095367432,0.7699999809265137,47000,0.0,0.0
2015-04-13 00:00:00-04:00,0.7900000214576721,0.8299999833106995,0.7900000214576721,0.8299999833106995,20100,0.0,0.0
2015-04-14 00:00:00-04:00,0.8199999928474426,0.9700000286102295,0.8199999928474426,0.9700000286102295,10300,0.0,0.0
2015-04-15 00:00:00-04:00,0.9800000190734863,1.0299999713897705,0.8299999833106995,1.0299999713897705,73400,0.0,0.0
2015-04-16 00:00:00-04:00,1.1699999570846558,1.1699999570846558,1.0499999523162842,1.059999942779541,35300,0.0,0.0
2015-04-17 00:00:00-04:00,1.149999976158142,1.149999976158142,1.0499999523162842,1.1200000047683716,33900,0.0,0.0
2015-04-20 00:00:00-04:00,1.149999976158142,1.2999999523162842,1.149999976158142,1.2300000190734863,58700,0.0,0.0
2015-04-21 00:00:00-04:00,1.25,1.25,1.100000023841858,1.2300000190734863,66100,0.0,0.0
2015-04-22 00:00:00-04:00,1.100000023841858,1.3600000143051147,1.100000023841858,1.3600000143051147,109800,0.0,0.0
2015-04-23 00:00:00-04:00,1.4800000190734863,1.5399999618530273,1.3600000143051147,1.3600000143051147,126200,0.0,0.0
2015-04-24 00:00:00-04:00,1.4500000476837158,1.5199999809265137,1.399999976158142,1.5199999809265137,77500,0.0,0.0
2015-04-27 00:00:00-04:00,1.600000023841858,1.649999976158142,1.309999942779541,1.4199999570846558,200900,0.0,0.0
2015-04-28 00:00:00-04:00,1.399999976158142,1.399999976158142,1.2699999809265137,1.2799999713897705,45500,0.0,0.0
2015-04-29 00:00:00-04:00,1.2200000286102295,1.25,1.090000033378601,1.1100000143051147,87200,0.0,0.0
2015-04-30 00:00:00-04:00,1.0499999523162842,1.1299999952316284,1.0499999523162842,1.100000023841858,64900,0.0,0.0
2015-05-01 00:00:00-04:00,1.0499999523162842,1.159999966621399,1.0299999713897705,1.159999966621399,40200,0.0,0.0
2015-05-04 00:00:00-04:00,1.1200000047683716,1.149999976158142,1.090000033378601,1.1200000047683716,21000,0.0,0.0
2015-05-05 00:00:00-04:00,1.1200000047683716,1.2400000095367432,1.1200000047683716,1.190000057220459,228100,0.0,0.0
2015-05-06 00:00:00-04:00,1.149999976158142,1.2999999523162842,1.149999976158142,1.25,66300,0.0,0.0
2015-05-07 00:00:00-04:00,1.2000000476837158,1.2200000286102295,1.159999966621399,1.1799999475479126,20900,0.0,0.0
2015-05-08 00:00:00-04:00,1.159999966621399,1.2000000476837158,1.149999976158142,1.149999976158142,25800,0.0,0.0
2015-05-11 00:00:00-04:00,1.2400000095367432,1.2999999523162842,1.159999966621399,1.159999966621399,60700,0.0,0.0
2015-05-12 00:00:00-04:00,1.1799999475479126,1.1799999475479126,1.1200000047683716,1.149999976158142,109900,0.0,0.0
2015-05-13 00:00:00-04:00,1.149999976158142,1.149999976158142,1.1299999952316284,1.149999976158142,7700,0.0,0.0
2015-05-14 00:00:00-04:00,1.149999976158142,1.1699999570846558,1.0499999523162842,1.1299999952316284,22900,0.0,0.0
2015-05-15 00:00:00-04:00,1.1699999570846558,1.2400000095367432,1.149999976158142,1.2400000095367432,36900,0.0,0.0
2015-05-18 00:00:00-04:00,1.2599999904632568,1.2599999904632568,1.159999966621399,1.1699999570846558,22200,0.0,0.0
2015-05-19 00:00:00-04:00,1.100000023841858,1.1799999475479126,0.9200000166893005,1.0199999809265137,74100,0.0,0.0
2015-05-20 00:00:00-04:00,1.0399999618530273,1.059999942779541,1.0099999904632568,1.059999942779541,10700,0.0,0.0
2015-05-21 00:00:00-04:00,1.0700000524520874,1.190000057220459,1.0199999809265137,1.0199999809265137,32400,0.0,0.0
2015-05-22 00:00:00-04:00,1.0199999809265137,1.0700000524520874,0.9700000286102295,0.9900000095367432,33800,0.0,0.0
2015-05-26 00:00:00-04:00,0.9700000286102295,0.9700000286102295,0.8299999833106995,0.8899999856948853,63200,0.0,0.0
2015-05-27 00:00:00-04:00,0.8999999761581421,0.9200000166893005,0.8600000143051147,0.8799999952316284,25700,0.0,0.0
2015-05-28 00:00:00-04:00,0.8799999952316284,0.8999999761581421,0.8100000023841858,0.8199999928474426,29100,0.0,0.0
2015-05-29 00:00:00-04:00,0.8600000143051147,0.8600000143051147,0.800000011920929,0.8100000023841858,2700,0.0,0.0
2015-06-01 00:00:00-04:00,0.8100000023841858,0.8199999928474426,0.800000011920929,0.8199999928474426,4000,0.0,0.0
2015-06-02 00:00:00-04:00,0.800000011920929,0.8199999928474426,0.6299999952316284,0.6700000166893005,121400,0.0,0.0
2015-06-03 00:00:00-04:00,0.6700000166893005,0.6899999976158142,0.5799999833106995,0.6700000166893005,257200,0.0,0.0
2015-06-04 00:00:00-04:00,0.6600000262260437,0.6800000071525574,0.6499999761581421,0.6800000071525574,68200,0.0,0.0
2015-06-05 00:00:00-04:00,0.6499999761581421,0.6700000166893005,0.5600000023841858,0.6100000143051147,157800,0.0,0.0
2015-06-08 00:00:00-04:00,0.6800000071525574,0.6800000071525574,0.5199999809265137,0.6499999761581421,394200,0.0,0.0
2015-06-09 00:00:00-04:00,0.6499999761581421,0.9300000071525574,0.6100000143051147,0.8399999737739563,145800,0.0,0.0
2015-06-10 00:00:00-04:00,0.8999999761581421,0.8999999761581421,0.8399999737739563,0.8399999737739563,20400,0.0,0.0
2015-06-11 00:00:00-04:00,0.8399999737739563,0.8500000238418579,0.75,0.7900000214576721,21200,0.0,0.0
2015-06-12 00:00:00-04:00,0.7900000214576721,0.8700000047683716,0.7799999713897705,0.800000011920929,34600,0.0,0.0
2015-06-15 00:00:00-04:00,0.800000011920929,0.800000011920929,0.699999988079071,0.7300000190734863,46100,0.0,0.0
2015-06-16 00:00:00-04:00,0.7099999785423279,0.7200000286102295,0.6200000047683716,0.6600000262260437,72200,0.0,0.0
2015-06-17 00:00:00-04:00,0.6600000262260437,0.7099999785423279,0.6600000262260437,0.7099999785423279,22700,0.0,0.0
2015-06-18 00:00:00-04:00,0.7099999785423279,0.7099999785423279,0.6899999976158142,0.6899999976158142,3700,0.0,0.0
2015-06-19 00:00:00-04:00,0.6899999976158142,0.7099999785423279,0.6700000166893005,0.699999988079071,13700,0.0,0.0
2015-06-22 00:00:00-04:00,0.6899999976158142,0.699999988079071,0.6800000071525574,0.6899999976158142,2000,0.0,0.0
2015-06-23 00:00:00-04:00,0.6700000166893005,0.6899999976158142,0.6200000047683716,0.6899999976158142,26900,0.0,0.0
2015-06-24 00:00:00-04:00,0.6499999761581421,0.6800000071525574,0.6499999761581421,0.6800000071525574,24300,0.0,0.0
2015-06-25 00:00:00-04:00,0.6700000166893005,0.6700000166893005,0.6499999761581421,0.6700000166893005,4000,0.0,0.0
2015-06-26 00:00:00-04:00,0.6700000166893005,0.8899999856948853,0.6700000166893005,0.8600000143051147,58100,0.0,0.0
2015-06-29 00:00:00-04:00,0.8500000238418579,0.8500000238418579,0.6600000262260437,0.699999988079071,33500,0.0,0.0
2015-06-30 00:00:00-04:00,0.6800000071525574,0.7200000286102295,0.6600000262260437,0.6800000071525574,18700,0.0,0.0
2015-07-01 00:00:00-04:00,0.7099999785423279,0.7699999809265137,0.7099999785423279,0.7400000095367432,23200,0.0,0.0
2015-07-02 00:00:00-04:00,0.7200000286102295,0.7200000286102295,0.699999988079071,0.7200000286102295,2400,0.0,0.0
2015-07-06 00:00:00-04:00,0.7699999809265137,0.8299999833106995,0.7699999809265137,0.8100000023841858,17800,0.0,0.0
2015-07-07 00:00:00-04:00,0.7900000214576721,0.7900000214576721,0.6000000238418579,0.699999988079071,32900,0.0,0.0
2015-07-08 00:00:00-04:00,0.7200000286102295,0.7400000095367432,0.6100000143051147,0.6800000071525574,14600,0.0,0.0
2015-07-09 00:00:00-04:00,0.6499999761581421,0.7200000286102295,0.6100000143051147,0.6499999761581421,5500,0.0,0.0
2015-07-10 00:00:00-04:00,0.6499999761581421,0.6600000262260437,0.6100000143051147,0.6600000262260437,8300,0.0,0.0
2015-07-13 00:00:00-04:00,0.6200000047683716,0.6600000262260437,0.6200000047683716,0.6600000262260437,1000,0.0,0.0
2015-07-14 00:00:00-04:00,0.6600000262260437,0.699999988079071,0.6499999761581421,0.699999988079071,8000,0.0,0.0
2015-07-15 00:00:00-04:00,0.6899999976158142,0.6899999976158142,0.6800000071525574,0.6800000071525574,2600,0.0,0.0
2015-07-16 00:00:00-04:00,0.699999988079071,0.7400000095367432,0.6700000166893005,0.7400000095367432,1900,0.0,0.0
2015-07-17 00:00:00-04:00,0.7300000190734863,0.7400000095367432,0.6499999761581421,0.7400000095367432,4500,0.0,0.0
2015-07-20 00:00:00-04:00,0.75,0.75,0.6700000166893005,0.75,3100,0.0,0.0
2015-07-21 00:00:00-04:00,0.75,0.75,0.75,0.75,2100,0.0,0.0
2015-07-22 00:00:00-04:00,0.75,0.75,0.6700000166893005,0.6700000166893005,1100,0.0,0.0
2015-07-23 00:00:00-04:00,0.6700000166893005,0.6700000166893005,0.6700000166893005,0.6700000166893005,0,0.0,0.0
2015-07-24 00:00:00-04:00,0.7300000190734863,0.7300000190734863,0.6100000143051147,0.6600000262260437,24100,0.0,0.0
2015-07-27 00:00:00-04:00,0.6800000071525574,0.699999988079071,0.6800000071525574,0.699999988079071,8900,0.0,0.0
2015-07-28 00:00:00-04:00,0.6200000047683716,0.6800000071525574,0.6200000047683716,0.6299999952316284,3600,0.0,0.0
2015-07-29 00:00:00-04:00,0.6499999761581421,0.6800000071525574,0.6399999856948853,0.6600000262260437,25900,0.0,0.0
2015-07-30 00:00:00-04:00,0.6600000262260437,0.6600000262260437,0.6399999856948853,0.6600000262260437,8300,0.0,0.0
2015-07-31 00:00:00-04:00,0.6499999761581421,0.6499999761581421,0.6299999952316284,0.6499999761581421,14500,0.0,0.0
2015-08-03 00:00:00-04:00,0.6299999952316284,0.6299999952316284,0.6100000143051147,0.6100000143051147,2600,0.0,0.0
2015-08-04 00:00:00-04:00,0.6100000143051147,0.6200000047683716,0.5799999833106995,0.5799999833106995,7300,0.0,0.0
2015-08-05 00:00:00-04:00,0.6000000238418579,0.6100000143051147,0.5799999833106995,0.5799999833106995,8200,0.0,0.0
2015-08-06 00:00:00-04:00,0.6100000143051147,0.6100000143051147,0.5799999833106995,0.5899999737739563,12800,0.0,0.0
2015-08-07 00:00:00-04:00,0.5899999737739563,0.5899999737739563,0.5699999928474426,0.5699999928474426,8500,0.0,0.0
2015-08-10 00:00:00-04:00,0.6000000238418579,0.6100000143051147,0.5699999928474426,0.5799999833106995,4100,0.0,0.0
2015-08-11 00:00:00-04:00,0.5699999928474426,0.5699999928474426,0.550000011920929,0.550000011920929,13000,0.0,0.0
2015-08-12 00:00:00-04:00,0.5299999713897705,0.6299999952316284,0.5299999713897705,0.5699999928474426,9800,0.0,0.0
2015-08-13 00:00:00-04:00,0.5600000023841858,0.5600000023841858,0.5600000023841858,0.5600000023841858,25000,0.0,0.0
2015-08-14 00:00:00-04:00,0.5400000214576721,0.5400000214576721,0.5299999713897705,0.5299999713897705,1700,0.0,0.0
2015-08-17 00:00:00-04:00,0.5600000023841858,0.5600000023841858,0.47999998927116394,0.5400000214576721,30800,0.0,0.0
2015-08-18 00:00:00-04:00,0.47999998927116394,0.49000000953674316,0.47999998927116394,0.47999998927116394,18900,0.0,0.0
2015-08-19 00:00:00-04:00,0.47999998927116394,0.5,0.47999998927116394,0.49000000953674316,3400,0.0,0.0
2015-08-20 00:00:00-04:00,0.49000000953674316,0.5099999904632568,0.44999998807907104,0.47999998927116394,26500,0.0,0.0
2015-08-21 00:00:00-04:00,0.4699999988079071,0.49000000953674316,0.46000000834465027,0.49000000953674316,5900,0.0,0.0
2015-08-24 00:00:00-04:00,0.4699999988079071,0.49000000953674316,0.46000000834465027,0.47999998927116394,17700,0.0,0.0
2015-08-25 00:00:00-04:00,0.44999998807907104,0.5099999904632568,0.4399999976158142,0.5099999904632568,4300,0.0,0.0
2015-08-26 00:00:00-04:00,0.44999998807907104,0.5699999928474426,0.44999998807907104,0.5699999928474426,29000,0.0,0.0
2015-08-27 00:00:00-04:00,0.5199999809265137,0.5699999928474426,0.5,0.550000011920929,57300,0.0,0.0
2015-08-28 00:00:00-04:00,0.550000011920929,0.550000011920929,0.5,0.5400000214576721,56000,0.0,0.0
2015-08-31 00:00:00-04:00,0.550000011920929,0.550000011920929,0.550000011920929,0.550000011920929,6000,0.0,0.0
2015-09-01 00:00:00-04:00,0.550000011920929,0.550000011920929,0.46000000834465027,0.49000000953674316,47700,0.0,0.0
2015-09-02 00:00:00-04:00,0.47999998927116394,0.550000011920929,0.46000000834465027,0.5,25700,0.0,0.0
2015-09-03 00:00:00-04:00,0.47999998927116394,0.5600000023841858,0.47999998927116394,0.5299999713897705,22400,0.0,0.0
2015-09-04 00:00:00-04:00,0.5199999809265137,0.5299999713897705,0.5,0.5199999809265137,32700,0.0,0.0
2015-09-08 00:00:00-04:00,0.5199999809265137,0.5699999928474426,0.5199999809265137,0.5600000023841858,6000,0.0,0.0
2015-09-09 00:00:00-04:00,0.5600000023841858,0.5600000023841858,0.5099999904632568,0.5299999713897705,3900,0.0,0.0
2015-09-10 00:00:00-04:00,0.5199999809265137,0.5199999809265137,0.5,0.5099999904632568,17800,0.0,0.0
2015-09-11 00:00:00-04:00,0.5,0.5199999809265137,0.5,0.5199999809265137,10700,0.0,0.0
2015-09-14 00:00:00-04:00,0.5600000023841858,0.5600000023841858,0.46000000834465027,0.46000000834465027,28300,0.0,0.0
2015-09-15 00:00:00-04:00,0.46000000834465027,0.47999998927116394,0.46000000834465027,0.47999998927116394,63700,0.0,0.0
2015-09-16 00:00:00-04:00,0.46000000834465027,0.5,0.4399999976158142,0.5,42500,0.0,0.0
2015-09-17 00:00:00-04:00,0.47999998927116394,0.47999998927116394,0.4099999964237213,0.46000000834465027,32600,0.0,0.0
2015-09-18 00:00:00-04:00,0.5400000214576721,0.5400000214576721,0.3499999940395355,0.3499999940395355,49900,0.0,0.0
2015-09-21 00:00:00-04:00,0.3799999952316284,0.44999998807907104,0.3799999952316284,0.4300000071525574,24600,0.0,0.0
2015-09-22 00:00:00-04:00,0.4300000071525574,0.4300000071525574,0.4099999964237213,0.4300000071525574,15100,0.0,0.0
2015-09-23 00:00:00-04:00,0.44999998807907104,0.47999998927116394,0.4000000059604645,0.47999998927116394,4100,0.0,0.0
2015-09-24 00:00:00-04:00,0.4399999976158142,0.44999998807907104,0.41999998688697815,0.44999998807907104,1000,0.0,0.0
2015-09-25 00:00:00-04:00,0.41999998688697815,0.41999998688697815,0.4000000059604645,0.4000000059604645,7200,0.0,0.0
2015-09-28 00:00:00-04:00,0.4000000059604645,0.4000000059604645,0.3700000047683716,0.3799999952316284,33400,0.0,0.0
2015-09-29 00:00:00-04:00,0.3700000047683716,0.3700000047683716,0.36000001430511475,0.36000001430511475,6100,0.0,0.0
2015-09-30 00:00:00-04:00,0.3499999940395355,0.3499999940395355,0.33000001311302185,0.3499999940395355,33800,0.0,0.0
2015-10-01 00:00:00-04:00,0.3400000035762787,0.3499999940395355,0.33000001311302185,0.33000001311302185,30400,0.0,0.0
2015-10-02 00:00:00-04:00,0.3100000023841858,0.3400000035762787,0.3100000023841858,0.33000001311302185,20700,0.0,0.0
2015-10-05 00:00:00-04:00,0.33000001311302185,0.3400000035762787,0.3199999928474426,0.33000001311302185,66200,0.0,0.0
2015-10-06 00:00:00-04:00,0.3400000035762787,0.44999998807907104,0.3100000023841858,0.4300000071525574,179200,0.0,0.0
2015-10-07 00:00:00-04:00,0.41999998688697815,0.46000000834465027,0.3700000047683716,0.3700000047683716,42300,0.0,0.0
2015-10-08 00:00:00-04:00,0.4099999964237213,0.41999998688697815,0.38999998569488525,0.41999998688697815,19800,0.0,0.0
2015-10-09 00:00:00-04:00,0.41999998688697815,0.41999998688697815,0.3700000047683716,0.4099999964237213,19500,0.0,0.0
2015-10-12 00:00:00-04:00,0.41999998688697815,0.41999998688697815,0.3799999952316284,0.4099999964237213,6800,0.0,0.0
2015-10-13 00:00:00-04:00,0.4099999964237213,0.4099999964237213,0.4099999964237213,0.4099999964237213,0,0.0,0.0
2015-10-14 00:00:00-04:00,0.4000000059604645,0.41999998688697815,0.4000000059604645,0.4000000059604645,9700,0.0,0.0
2015-10-15 00:00:00-04:00,0.41999998688697815,0.41999998688697815,0.38999998569488525,0.41999998688697815,60100,0.0,0.0
2015-10-16 00:00:00-04:00,0.4000000059604645,0.4000000059604645,0.3499999940395355,0.3499999940395355,16600,0.0,0.0
2015-10-19 00:00:00-04:00,0.41999998688697815,0.4300000071525574,0.41999998688697815,0.4300000071525574,57100,0.0,0.0
2015-10-20 00:00:00-04:00,0.41999998688697815,0.41999998688697815,0.3700000047683716,0.4000000059604645,28400,0.0,0.0
2015-10-21 00:00:00-04:00,0.41999998688697815,0.41999998688697815,0.38999998569488525,0.38999998569488525,2800,0.0,0.0
2015-10-22 00:00:00-04:00,0.38999998569488525,0.4000000059604645,0.33000001311302185,0.3499999940395355,126200,0.0,0.0
2015-10-23 00:00:00-04:00,0.3499999940395355,0.3799999952316284,0.33000001311302185,0.3400000035762787,177400,0.0,0.0
2015-10-26 00:00:00-04:00,0.3400000035762787,0.3499999940395355,0.33000001311302185,0.3499999940395355,74300,0.0,0.0
2015-10-27 00:00:00-04:00,0.38999998569488525,0.38999998569488525,0.3499999940395355,0.3499999940395355,14500,0.0,0.0
2015-10-28 00:00:00-04:00,0.3400000035762787,0.3400000035762787,0.33000001311302185,0.33000001311302185,173700,0.0,0.0
2015-10-29 00:00:00-04:00,0.33000001311302185,0.33000001311302185,0.28999999165534973,0.30000001192092896,123100,0.0,0.0
2015-10-30 00:00:00-04:00,0.30000001192092896,0.30000001192092896,0.28999999165534973,0.30000001192092896,13800,0.0,0.0
2015-11-02 00:00:00-05:00,0.3199999928474426,0.3499999940395355,0.3199999928474426,0.3400000035762787,77600,0.0,0.0
2015-11-03 00:00:00-05:00,0.3499999940395355,0.3499999940395355,0.3199999928474426,0.3199999928474426,61300,0.0,0.0
2015-11-04 00:00:00-05:00,0.3499999940395355,0.3499999940395355,0.3400000035762787,0.3499999940395355,31200,0.0,0.0
2015-11-05 00:00:00-05:00,0.3499999940395355,0.3499999940395355,0.3400000035762787,0.3499999940395355,17600,0.0,0.0
2015-11-06 00:00:00-05:00,0.3499999940395355,0.3499999940395355,0.30000001192092896,0.33000001311302185,52400,0.0,0.0
2015-11-09 00:00:00-05:00,0.3400000035762787,0.3499999940395355,0.30000001192092896,0.3199999928474426,19700,0.0,0.0
2015-11-10 00:00:00-05:00,0.3400000035762787,0.3499999940395355,0.2800000011920929,0.2800000011920929,231400,0.0,0.0
2015-11-11 00:00:00-05:00,0.30000001192092896,0.3499999940395355,0.30000001192092896,0.33000001311302185,44600,0.0,0.0
2015-11-12 00:00:00-05:00,0.3400000035762787,0.3499999940395355,0.30000001192092896,0.30000001192092896,47500,0.0,0.0
2015-11-13 00:00:00-05:00,0.3199999928474426,0.3499999940395355,0.3199999928474426,0.3499999940395355,18100,0.0,0.0
2015-11-16 00:00:00-05:00,0.3499999940395355,0.36000001430511475,0.33000001311302185,0.36000001430511475,17700,0.0,0.0
2015-11-17 00:00:00-05:00,0.36000001430511475,0.38999998569488525,0.3400000035762787,0.3700000047683716,82400,0.0,0.0
2015-11-18 00:00:00-05:00,0.3799999952316284,0.3799999952316284,0.3400000035762787,0.3400000035762787,10800,0.0,0.0
2015-11-19 00:00:00-05:00,0.3799999952316284,0.3799999952316284,0.3499999940395355,0.3799999952316284,17100,0.0,0.0
2015-11-20 00:00:00-05:00,0.3700000047683716,0.3700000047683716,0.36000001430511475,0.3700000047683716,24200,0.0,0.0
2015-11-23 00:00:00-05:00,0.3799999952316284,0.4099999964237213,0.36000001430511475,0.3799999952316284,35900,0.0,0.0
2015-11-24 00:00:00-05:00,0.3700000047683716,0.3799999952316284,0.3499999940395355,0.3799999952316284,95400,0.0,0.0
2015-11-25 00:00:00-05:00,0.3799999952316284,0.4000000059604645,0.3799999952316284,0.3799999952316284,27900,0.0,0.0
2015-11-27 00:00:00-05:00,0.3799999952316284,0.3799999952316284,0.3799999952316284,0.3799999952316284,0,0.0,0.0
2015-11-30 00:00:00-05:00,0.3799999952316284,0.4099999964237213,0.3400000035762787,0.3499999940395355,97600,0.0,0.0
2015-12-01 00:00:00-05:00,0.3700000047683716,0.3700000047683716,0.33000001311302185,0.3400000035762787,1700,0.0,0.0
2015-12-02 00:00:00-05:00,0.33000001311302185,0.3499999940395355,0.33000001311302185,0.3499999940395355,3600,0.0,0.0
2015-12-03 00:00:00-05:00,0.33000001311302185,0.33000001311302185,0.33000001311302185,0.33000001311302185,6000,0.0,0.0
2015-12-04 00:00:00-05:00,0.33000001311302185,0.3799999952316284,0.3199999928474426,0.3799999952316284,62300,0.0,0.0
2015-12-07 00:00:00-05:00,0.3799999952316284,0.3799999952316284,0.3400000035762787,0.3400000035762787,41000,0.0,0.0
2015-12-08 00:00:00-05:00,0.33000001311302185,0.3700000047683716,0.3100000023841858,0.33000001311302185,12700,0.0,0.0
2015-12-09 00:00:00-05:00,0.3100000023841858,0.3199999928474426,0.30000001192092896,0.3199999928474426,27000,0.0,0.0
2015-12-10 00:00:00-05:00,0.3400000035762787,0.3700000047683716,0.3400000035762787,0.36000001430511475,2700,0.0,0.0
2015-12-11 00:00:00-05:00,0.3400000035762787,0.36000001430511475,0.3400000035762787,0.3499999940395355,4200,0.0,0.0
2015-12-14 00:00:00-05:00,0.36000001430511475,0.36000001430511475,0.3100000023841858,0.3100000023841858,66600,0.0,0.0
2015-12-15 00:00:00-05:00,0.3100000023841858,0.36000001430511475,0.3100000023841858,0.3400000035762787,8900,0.0,0.0
2015-12-16 00:00:00-05:00,0.3400000035762787,0.3400000035762787,0.3100000023841858,0.33000001311302185,34200,0.0,0.0
2015-12-17 00:00:00-05:00,0.3199999928474426,0.3400000035762787,0.3199999928474426,0.3199999928474426,27000,0.0,0.0
2015-12-18 00:00:00-05:00,0.3199999928474426,0.3400000035762787,0.2800000011920929,0.3400000035762787,65400,0.0,0.0
2015-12-21 00:00:00-05:00,0.3199999928474426,0.33000001311302185,0.2800000011920929,0.2800000011920929,61600,0.0,0.0
2015-12-22 00:00:00-05:00,0.2800000011920929,0.28999999165534973,0.25,0.25,65700,0.0,0.0
2015-12-23 00:00:00-05:00,0.25,0.2800000011920929,0.23999999463558197,0.27000001072883606,90200,0.0,0.0
2015-12-24 00:00:00-05:00,0.27000001072883606,0.27000001072883606,0.25999999046325684,0.27000001072883606,8400,0.0,0.0
2015-12-28 00:00:00-05:00,0.25999999046325684,0.25999999046325684,0.23000000417232513,0.23999999463558197,103700,0.0,0.0
2015-12-29 00:00:00-05:00,0.23000000417232513,0.25999999046325684,0.23000000417232513,0.23999999463558197,69800,0.0,0.0
2015-12-30 00:00:00-05:00,0.23000000417232513,0.25999999046325684,0.20000000298023224,0.25,102700,0.0,0.0
2015-12-31 00:00:00-05:00,0.23000000417232513,0.28999999165534973,0.23000000417232513,0.28999999165534973,99200,0.0,0.0
2016-01-04 00:00:00-05:00,0.30000001192092896,0.33000001311302185,0.30000001192092896,0.3100000023841858,9500,0.0,0.0
2016-01-05 00:00:00-05:00,0.3199999928474426,0.33000001311302185,0.30000001192092896,0.3199999928474426,21000,0.0,0.0
2016-01-06 00:00:00-05:00,0.33000001311302185,0.33000001311302185,0.30000001192092896,0.3100000023841858,54100,0.0,0.0
2016-01-07 00:00:00-05:00,0.2800000011920929,0.33000001311302185,0.2800000011920929,0.33000001311302185,1700,0.0,0.0
2016-01-08 00:00:00-05:00,0.3199999928474426,0.33000001311302185,0.30000001192092896,0.3100000023841858,15400,0.0,0.0
2016-01-11 00:00:00-05:00,0.28999999165534973,0.28999999165534973,0.25999999046325684,0.27000001072883606,48200,0.0,0.0
2016-01-12 00:00:00-05:00,0.25,0.25999999046325684,0.23000000417232513,0.25,20200,0.0,0.0
2016-01-13 00:00:00-05:00,0.30000001192092896,0.30000001192092896,0.2800000011920929,0.30000001192092896,22500,0.0,0.0
2016-01-14 00:00:00-05:00,0.30000001192092896,0.3199999928474426,0.2800000011920929,0.2800000011920929,18300,0.0,0.0
2016-01-15 00:00:00-05:00,0.30000001192092896,0.3199999928474426,0.20000000298023224,0.23000000417232513,147200,0.0,0.0
2016-01-19 00:00:00-05:00,0.25,0.2800000011920929,0.20000000298023224,0.27000001072883606,104400,0.0,0.0
2016-01-20 00:00:00-05:00,0.2800000011920929,0.3100000023841858,0.20999999344348907,0.30000001192092896,48600,0.0,0.0
2016-01-21 00:00:00-05:00,0.2800000011920929,0.30000001192092896,0.2800000011920929,0.30000001192092896,1500,0.0,0.0
2016-01-22 00:00:00-05:00,0.27000001072883606,0.3100000023841858,0.25999999046325684,0.25999999046325684,16800,0.0,0.0
2016-01-25 00:00:00-05:00,0.25999999046325684,0.3100000023841858,0.2199999988079071,0.25,43500,0.0,0.0
2016-01-26 00:00:00-05:00,0.23999999463558197,0.25999999046325684,0.20999999344348907,0.25,43300,0.0,0.0
2016-01-27 00:00:00-05:00,0.25999999046325684,0.27000001072883606,0.20999999344348907,0.23000000417232513,28200,0.0,0.0
2016-01-28 00:00:00-05:00,0.23000000417232513,0.23000000417232513,0.20000000298023224,0.2199999988079071,72600,0.0,0.0
2016-01-29 00:00:00-05:00,0.2199999988079071,0.2199999988079071,0.1899999976158142,0.20000000298023224,79100,0.0,0.0
2016-02-01 00:00:00-05:00,0.2199999988079071,0.2199999988079071,0.20000000298023224,0.20000000298023224,131800,0.0,0.0
2016-02-02 00:00:00-05:00,0.20000000298023224,0.2199999988079071,0.20000000298023224,0.20999999344348907,45400,0.0,0.0
2016-02-03 00:00:00-05:00,0.20000000298023224,0.20999999344348907,0.17000000178813934,0.17000000178813934,133100,0.0,0.0
2016-02-04 00:00:00-05:00,0.20000000298023224,0.20000000298023224,0.17000000178813934,0.1899999976158142,119900,0.0,0.0
2016-02-05 00:00:00-05:00,0.1899999976158142,0.20000000298023224,0.17000000178813934,0.18000000715255737,88600,0.0,0.0
2016-02-08 00:00:00-05:00,0.18000000715255737,0.20999999344348907,0.1599999964237213,0.20999999344348907,36700,0.0,0.0
2016-02-09 00:00:00-05:00,0.20999999344348907,0.20999999344348907,0.20999999344348907,0.20999999344348907,9300,0.0,0.0
2016-02-10 00:00:00-05:00,0.2199999988079071,0.2199999988079071,0.20999999344348907,0.20999999344348907,1200,0.0,0.0
2016-02-11 00:00:00-05:00,0.2199999988079071,0.25999999046325684,0.20999999344348907,0.25,94900,0.0,0.0
2016-02-12 00:00:00-05:00,0.25,0.28999999165534973,0.18000000715255737,0.27000001072883606,37900,0.0,0.0
2016-02-16 00:00:00-05:00,0.27000001072883606,0.2800000011920929,0.23000000417232513,0.23000000417232513,16800,0.0,0.0
2016-02-17 00:00:00-05:00,0.20999999344348907,0.23999999463558197,0.20999999344348907,0.23999999463558197,5600,0.0,0.0
2016-02-18 00:00:00-05:00,0.25,0.25,0.18000000715255737,0.2199999988079071,41300,0.0,0.0
2016-02-19 00:00:00-05:00,0.2199999988079071,0.23000000417232513,0.20000000298023224,0.20000000298023224,96600,0.0,0.0
2016-02-22 00:00:00-05:00,0.2199999988079071,0.23999999463558197,0.2199999988079071,0.2199999988079071,2400,0.0,0.0
2016-02-23 00:00:00-05:00,0.23999999463558197,0.23999999463558197,0.20000000298023224,0.20000000298023224,16400,0.0,0.0
2016-02-24 00:00:00-05:00,0.2199999988079071,0.23000000417232513,0.20000000298023224,0.20000000298023224,95100,0.0,0.0
2016-02-25 00:00:00-05:00,0.2199999988079071,0.23000000417232513,0.2199999988079071,0.23000000417232513,15000,0.0,0.0
2016-02-26 00:00:00-05:00,0.25,0.2800000011920929,0.23000000417232513,0.27000001072883606,106400,0.0,0.0
2016-02-29 00:00:00-05:00,0.25,0.28999999165534973,0.2199999988079071,0.27000001072883606,84700,0.0,0.0
2016-03-01 00:00:00-05:00,0.2800000011920929,0.2800000011920929,0.25,0.25,8400,0.0,0.0
2016-03-02 00:00:00-05:00,0.25,0.30000001192092896,0.23999999463558197,0.27000001072883606,52900,0.0,0.0
2016-03-03 00:00:00-05:00,0.27000001072883606,0.2800000011920929,0.25999999046325684,0.25999999046325684,28400,0.0,0.0
2016-03-04 00:00:00-05:00,0.2800000011920929,0.33000001311302185,0.25999999046325684,0.27000001072883606,74000,0.0,0.0
2016-03-07 00:00:00-05:00,0.28999999165534973,0.28999999165534973,0.23000000417232513,0.23999999463558197,44800,0.0,0.0
2016-03-08 00:00:00-05:00,0.25999999046325684,0.2800000011920929,0.23999999463558197,0.27000001072883606,6300,0.0,0.0
2016-03-09 00:00:00-05:00,0.2800000011920929,0.28999999165534973,0.2800000011920929,0.28999999165534973,6100,0.0,0.0
2016-03-10 00:00:00-05:00,0.28999999165534973,0.28999999165534973,0.27000001072883606,0.2800000011920929,27400,0.0,0.0
2016-03-11 00:00:00-05:00,0.27000001072883606,0.2800000011920929,0.25999999046325684,0.2800000011920929,3900,0.0,0.0
2016-03-14 00:00:00-04:00,0.27000001072883606,0.28999999165534973,0.27000001072883606,0.28999999165534973,6600,0.0,0.0
2016-03-15 00:00:00-04:00,0.2800000011920929,0.2800000011920929,0.2800000011920929,0.2800000011920929,600,0.0,0.0
2016-03-16 00:00:00-04:00,0.28999999165534973,0.3400000035762787,0.27000001072883606,0.3199999928474426,484600,0.0,0.0
2016-03-17 00:00:00-04:00,0.3499999940395355,0.4300000071525574,0.3100000023841858,0.3199999928474426,609100,0.0,0.0
2016-03-18 00:00:00-04:00,0.3400000035762787,0.3400000035762787,0.23000000417232513,0.23000000417232513,574300,0.0,0.0
2016-03-21 00:00:00-04:00,0.25,0.25999999046325684,0.23000000417232513,0.23000000417232513,445600,0.0,0.0
2016-03-22 00:00:00-04:00,0.20999999344348907,0.20999999344348907,0.17000000178813934,0.20000000298023224,2438500,0.0,0.0
2016-03-23 00:00:00-04:00,0.20000000298023224,0.20000000298023224,0.1899999976158142,0.1899999976158142,120000,0.0,0.0
2016-03-24 00:00:00-04:00,0.18000000715255737,0.23000000417232513,0.18000000715255737,0.20000000298023224,106700,0.0,0.0
2016-03-28 00:00:00-04:00,0.23000000417232513,0.23000000417232513,0.18000000715255737,0.1899999976158142,354800,0.0,0.0
2016-03-29 00:00:00-04:00,0.20999999344348907,0.20999999344348907,0.17000000178813934,0.1899999976158142,116800,0.0,0.0
2016-03-30 00:00:00-04:00,0.20999999344348907,0.20999999344348907,0.17000000178813934,0.1899999976158142,148800,0.0,0.0
2016-03-31 00:00:00-04:00,0.20000000298023224,0.23999999463558197,0.20000000298023224,0.23000000417232513,394700,0.0,0.0
2016-04-01 00:00:00-04:00,0.25,0.25999999046325684,0.23999999463558197,0.23999999463558197,334700,0.0,0.0
2016-04-04 00:00:00-04:00,0.25,0.25999999046325684,0.23999999463558197,0.25,233200,0.0,0.0
2016-04-05 00:00:00-04:00,0.23999999463558197,0.23999999463558197,0.20000000298023224,0.23999999463558197,57600,0.0,0.0
2016-04-06 00:00:00-04:00,0.2199999988079071,0.25999999046325684,0.2199999988079071,0.23999999463558197,52600,0.0,0.0
2016-04-07 00:00:00-04:00,0.25999999046325684,0.27000001072883606,0.25,0.25999999046325684,37600,0.0,0.0
2016-04-08 00:00:00-04:00,0.27000001072883606,0.27000001072883606,0.2199999988079071,0.25,38800,0.0,0.0
2016-04-11 00:00:00-04:00,0.23000000417232513,0.27000001072883606,0.20000000298023224,0.25999999046325684,66200,0.0,0.0
2016-04-12 00:00:00-04:00,0.23000000417232513,0.25999999046325684,0.23000000417232513,0.25,119900,0.0,0.0
2016-04-13 00:00:00-04:00,0.23999999463558197,0.2800000011920929,0.23999999463558197,0.25,555300,0.0,0.0
2016-04-14 00:00:00-04:00,0.27000001072883606,0.27000001072883606,0.25,0.27000001072883606,69500,0.0,0.0
2016-04-15 00:00:00-04:00,0.27000001072883606,0.27000001072883606,0.2199999988079071,0.25,210200,0.0,0.0
2016-04-18 00:00:00-04:00,0.2199999988079071,0.27000001072883606,0.2199999988079071,0.23999999463558197,31500,0.0,0.0
2016-04-19 00:00:00-04:00,0.23999999463558197,0.2800000011920929,0.23999999463558197,0.23999999463558197,114800,0.0,0.0
2016-04-20 00:00:00-04:00,0.23999999463558197,0.27000001072883606,0.23000000417232513,0.23999999463558197,60900,0.0,0.0
2016-04-21 00:00:00-04:00,0.23999999463558197,0.25999999046325684,0.23999999463558197,0.25,80700,0.0,0.0
2016-04-22 00:00:00-04:00,0.25999999046325684,0.2800000011920929,0.23999999463558197,0.25,157200,0.0,0.0
2016-04-25 00:00:00-04:00,0.27000001072883606,0.27000001072883606,0.25,0.25999999046325684,53900,0.0,0.0
2016-04-26 00:00:00-04:00,0.25999999046325684,0.2800000011920929,0.25,0.25999999046325684,235900,0.0,0.0
2016-04-27 00:00:00-04:00,0.27000001072883606,0.2800000011920929,0.23999999463558197,0.25,207500,0.0,0.0
2016-04-28 00:00:00-04:00,0.25,0.25999999046325684,0.23999999463558197,0.25999999046325684,49200,0.0,0.0
2016-04-29 00:00:00-04:00,0.27000001072883606,0.27000001072883606,0.25,0.27000001072883606,78300,0.0,0.0
2016-05-02 00:00:00-04:00,0.2800000011920929,0.3199999928474426,0.25999999046325684,0.3100000023841858,442300,0.0,0.0
2016-05-03 00:00:00-04:00,0.3199999928474426,0.3199999928474426,0.27000001072883606,0.28999999165534973,242600,0.0,0.0
2016-05-04 00:00:00-04:00,0.30000001192092896,0.30000001192092896,0.25999999046325684,0.2800000011920929,41100,0.0,0.0
2016-05-05 00:00:00-04:00,0.28999999165534973,0.30000001192092896,0.2800000011920929,0.28999999165534973,55300,0.0,0.0
2016-05-06 00:00:00-04:00,0.27000001072883606,0.28999999165534973,0.27000001072883606,0.27000001072883606,19100,0.0,0.0
2016-05-09 00:00:00-04:00,0.30000001192092896,0.30000001192092896,0.2800000011920929,0.28999999165534973,25700,0.0,0.0
2016-05-10 00:00:00-04:00,0.2800000011920929,0.3100000023841858,0.2800000011920929,0.2800000011920929,8100,0.0,0.0
2016-05-11 00:00:00-04:00,0.2800000011920929,0.28999999165534973,0.27000001072883606,0.2800000011920929,49300,0.0,0.0
2016-05-12 00:00:00-04:00,0.28999999165534973,0.28999999165534973,0.27000001072883606,0.27000001072883606,17500,0.0,0.0
2016-05-13 00:00:00-04:00,0.27000001072883606,0.30000001192092896,0.25,0.2800000011920929,70200,0.0,0.0
2016-05-16 00:00:00-04:00,0.2800000011920929,0.2800000011920929,0.25999999046325684,0.25999999046325684,12800,0.0,0.0
2016-05-17 00:00:00-04:00,0.3100000023841858,0.3100000023841858,0.2199999988079071,0.27000001072883606,29000,0.0,0.0
2016-05-18 00:00:00-04:00,0.2800000011920929,0.2800000011920929,0.25,0.2800000011920929,47400,0.0,0.0
2016-05-19 00:00:00-04:00,0.23999999463558197,0.2800000011920929,0.23000000417232513,0.25999999046325684,20300,0.0,0.0
2016-05-20 00:00:00-04:00,0.25999999046325684,0.2800000011920929,0.23000000417232513,0.25999999046325684,22400,0.0,0.0
2016-05-23 00:00:00-04:00,0.27000001072883606,0.2800000011920929,0.25,0.25999999046325684,1800,0.0,0.0
2016-05-24 00:00:00-04:00,0.25,0.27000001072883606,0.23000000417232513,0.25,73700,0.0,0.0
2016-05-25 00:00:00-04:00,0.25999999046325684,0.27000001072883606,0.23000000417232513,0.25999999046325684,20300,0.0,0.0
2016-05-26 00:00:00-04:00,0.25,0.25,0.23000000417232513,0.25,82500,0.0,0.0
2016-05-27 00:00:00-04:00,0.27000001072883606,0.27000001072883606,0.23000000417232513,0.25,26400,0.0,0.0
2016-05-31 00:00:00-04:00,0.23000000417232513,0.25999999046325684,0.2199999988079071,0.25,49800,0.0,0.0
2016-06-01 00:00:00-04:00,0.23000000417232513,0.23999999463558197,0.23000000417232513,0.23000000417232513,44200,0.0,0.0
2016-06-02 00:00:00-04:00,0.2199999988079071,0.23000000417232513,0.20999999344348907,0.2199999988079071,438500,0.0,0.0
2016-06-03 00:00:00-04:00,0.2199999988079071,0.2199999988079071,0.20999999344348907,0.2199999988079071,33300,0.0,0.0
2016-06-06 00:00:00-04:00,0.23000000417232513,0.25999999046325684,0.20999999344348907,0.25,44600,0.0,0.0
2016-06-07 00:00:00-04:00,0.23999999463558197,0.23999999463558197,0.23999999463558197,0.23999999463558197,23900,0.0,0.0
2016-06-08 00:00:00-04:00,0.23999999463558197,0.23999999463558197,0.23000000417232513,0.23000000417232513,63400,0.0,0.0
2016-06-09 00:00:00-04:00,0.23999999463558197,0.23999999463558197,0.20000000298023224,0.23999999463558197,60300,0.0,0.0
2016-06-10 00:00:00-04:00,0.23000000417232513,0.23999999463558197,0.23000000417232513,0.23999999463558197,10600,0.0,0.0
2016-06-13 00:00:00-04:00,0.25,0.25,0.23000000417232513,0.25,12400,0.0,0.0
2016-06-14 00:00:00-04:00,0.25,0.25,0.2199999988079071,0.25,33200,0.0,0.0
2016-06-15 00:00:00-04:00,0.23000000417232513,0.25,0.23000000417232513,0.25,3400,0.0,0.0
2016-06-16 00:00:00-04:00,0.23999999463558197,0.25,0.23000000417232513,0.25,35500,0.0,0.0
2016-06-17 00:00:00-04:00,0.23000000417232513,0.25,0.2199999988079071,0.23000000417232513,159900,0.0,0.0
2016-06-20 00:00:00-04:00,0.25,0.25,0.23999999463558197,0.23999999463558197,97200,0.0,0.0
2016-06-21 00:00:00-04:00,0.25,0.25,0.23000000417232513,0.23000000417232513,122000,0.0,0.0
2016-06-22 00:00:00-04:00,0.25,0.25,0.23999999463558197,0.23999999463558197,100900,0.0,0.0
2016-06-23 00:00:00-04:00,0.23999999463558197,0.25,0.23000000417232513,0.23000000417232513,24500,0.0,0.0
2016-06-24 00:00:00-04:00,0.23999999463558197,0.25,0.23000000417232513,0.23000000417232513,170600,0.0,0.0
2016-06-27 00:00:00-04:00,0.25,0.25,0.20000000298023224,0.2199999988079071,55000,0.0,0.0
2016-06-28 00:00:00-04:00,0.23000000417232513,0.23999999463558197,0.20000000298023224,0.23000000417232513,54700,0.0,0.0
2016-06-29 00:00:00-04:00,0.23999999463558197,0.25,0.23000000417232513,0.23000000417232513,14500,0.0,0.0
2016-06-30 00:00:00-04:00,0.23000000417232513,0.23999999463558197,0.20999999344348907,0.20999999344348907,23100,0.0,0.0
2016-07-01 00:00:00-04:00,0.20999999344348907,0.23000000417232513,0.20000000298023224,0.20999999344348907,99200,0.0,0.0
2016-07-05 00:00:00-04:00,0.23999999463558197,0.25,0.2199999988079071,0.23999999463558197,215900,0.0,0.0
2016-07-06 00:00:00-04:00,0.23999999463558197,0.27000001072883606,0.23000000417232513,0.25999999046325684,242500,0.0,0.0
2016-07-07 00:00:00-04:00,0.25999999046325684,0.27000001072883606,0.23000000417232513,0.25,124500,0.0,0.0
2016-07-08 00:00:00-04:00,0.23999999463558197,0.25,0.23999999463558197,0.25,107200,0.0,0.0
2016-07-11 00:00:00-04:00,0.23999999463558197,0.27000001072883606,0.23999999463558197,0.25,25800,0.0,0.0
2016-07-12 00:00:00-04:00,0.25999999046325684,0.25999999046325684,0.23999999463558197,0.25,139900,0.0,0.0
2016-07-13 00:00:00-04:00,0.25,0.25999999046325684,0.25,0.25,183500,0.0,0.0
2016-07-14 00:00:00-04:00,0.23999999463558197,0.27000001072883606,0.23999999463558197,0.25999999046325684,256600,0.0,0.0
2016-07-15 00:00:00-04:00,0.25999999046325684,0.2800000011920929,0.25,0.25,241100,0.0,0.0
2016-07-18 00:00:00-04:00,0.25,0.25,0.25,0.25,20100,0.0,0.0
2016-07-19 00:00:00-04:00,0.25,0.25999999046325684,0.25,0.25,9500,0.0,0.0
2016-07-20 00:00:00-04:00,0.27000001072883606,0.27000001072883606,0.23999999463558197,0.25999999046325684,107300,0.0,0.0
2016-07-21 00:00:00-04:00,0.25999999046325684,0.25999999046325684,0.23000000417232513,0.25,67600,0.0,0.0
2016-07-22 00:00:00-04:00,0.25999999046325684,0.25999999046325684,0.23999999463558197,0.25,13900,0.0,0.0
2016-07-25 00:00:00-04:00,0.23999999463558197,0.25999999046325684,0.23000000417232513,0.25,44200,0.0,0.0
2016-07-26 00:00:00-04:00,0.25,0.25,0.23999999463558197,0.25,21400,0.0,0.0
2016-07-27 00:00:00-04:00,0.23999999463558197,0.25999999046325684,0.23999999463558197,0.25999999046325684,34100,0.0,0.0
2016-07-28 00:00:00-04:00,0.25,0.25,0.23999999463558197,0.25,12500,0.0,0.0
2016-07-29 00:00:00-04:00,0.25,0.25999999046325684,0.23999999463558197,0.23999999463558197,57800,0.0,0.0
2016-08-01 00:00:00-04:00,0.23999999463558197,0.25,0.23999999463558197,0.23999999463558197,155000,0.0,0.0
2016-08-02 00:00:00-04:00,0.23999999463558197,0.2800000011920929,0.23999999463558197,0.2800000011920929,492400,0.0,0.0
2016-08-03 00:00:00-04:00,0.27000001072883606,0.36000001430511475,0.27000001072883606,0.3400000035762787,962100,0.0,0.0
2016-08-04 00:00:00-04:00,0.25999999046325684,0.36000001430511475,0.25999999046325684,0.33000001311302185,172800,0.0,0.0
2016-08-05 00:00:00-04:00,0.3100000023841858,0.3400000035762787,0.3100000023841858,0.33000001311302185,176900,0.0,0.0
2016-08-08 00:00:00-04:00,0.3400000035762787,0.3400000035762787,0.30000001192092896,0.3100000023841858,112000,0.0,0.0
2016-08-09 00:00:00-04:00,0.3199999928474426,0.33000001311302185,0.3100000023841858,0.33000001311302185,93000,0.0,0.0
2016-08-10 00:00:00-04:00,0.3199999928474426,0.3400000035762787,0.3100000023841858,0.33000001311302185,117500,0.0,0.0
2016-08-11 00:00:00-04:00,0.3400000035762787,0.3400000035762787,0.3199999928474426,0.3400000035762787,67100,0.0,0.0
2016-08-12 00:00:00-04:00,0.3100000023841858,0.33000001311302185,0.30000001192092896,0.3100000023841858,308500,0.0,0.0
2016-08-15 00:00:00-04:00,0.3100000023841858,0.3400000035762787,0.28999999165534973,0.3400000035762787,144100,0.0,0.0
2016-08-16 00:00:00-04:00,0.3199999928474426,0.3400000035762787,0.30000001192092896,0.33000001311302185,17600,0.0,0.0
2016-08-17 00:00:00-04:00,0.33000001311302185,0.3700000047683716,0.33000001311302185,0.3499999940395355,93900,0.0,0.0
2016-08-18 00:00:00-04:00,0.3700000047683716,0.4699999988079071,0.3499999940395355,0.4000000059604645,960600,0.0,0.0
2016-08-19 00:00:00-04:00,0.41999998688697815,0.41999998688697815,0.4000000059604645,0.4000000059604645,155800,0.0,0.0
2016-08-22 00:00:00-04:00,0.4000000059604645,0.4099999964237213,0.3499999940395355,0.36000001430511475,79900,0.0,0.0
2016-08-23 00:00:00-04:00,0.36000001430511475,0.4099999964237213,0.3400000035762787,0.4000000059604645,91100,0.0,0.0
2016-08-24 00:00:00-04:00,0.4099999964237213,0.41999998688697815,0.3700000047683716,0.38999998569488525,112000,0.0,0.0
2016-08-25 00:00:00-04:00,0.36000001430511475,0.4300000071525574,0.36000001430511475,0.4000000059604645,53600,0.0,0.0
2016-08-26 00:00:00-04:00,0.4099999964237213,0.4099999964237213,0.4000000059604645,0.4000000059604645,25400,0.0,0.0
2016-08-29 00:00:00-04:00,0.4000000059604645,0.4099999964237213,0.3799999952316284,0.38999998569488525,81300,0.0,0.0
2016-08-30 00:00:00-04:00,0.3799999952316284,0.4000000059604645,0.3700000047683716,0.38999998569488525,39700,0.0,0.0
2016-08-31 00:00:00-04:00,0.3400000035762787,0.38999998569488525,0.2800000011920929,0.38999998569488525,74000,0.0,0.0
2016-09-01 00:00:00-04:00,0.38999998569488525,0.4000000059604645,0.3700000047683716,0.38999998569488525,21700,0.0,0.0
2016-09-02 00:00:00-04:00,0.3799999952316284,0.4000000059604645,0.3799999952316284,0.3799999952316284,33400,0.0,0.0
2016-09-06 00:00:00-04:00,0.4000000059604645,0.4699999988079071,0.38999998569488525,0.46000000834465027,292200,0.0,0.0
2016-09-07 00:00:00-04:00,0.49000000953674316,0.5699999928474426,0.44999998807907104,0.5199999809265137,521100,0.0,0.0
2016-09-08 00:00:00-04:00,0.5299999713897705,0.550000011920929,0.47999998927116394,0.550000011920929,271700,0.0,0.0
2016-09-09 00:00:00-04:00,0.550000011920929,0.5600000023841858,0.5299999713897705,0.5600000023841858,128700,0.0,0.0
2016-09-12 00:00:00-04:00,0.5600000023841858,0.5600000023841858,0.5299999713897705,0.5400000214576721,157100,0.0,0.0
2016-09-13 00:00:00-04:00,0.5299999713897705,0.5600000023841858,0.4699999988079071,0.550000011920929,107700,0.0,0.0
2016-09-14 00:00:00-04:00,0.5400000214576721,0.5600000023841858,0.5299999713897705,0.5600000023841858,112500,0.0,0.0
2016-09-15 00:00:00-04:00,0.550000011920929,0.5899999737739563,0.5400000214576721,0.5899999737739563,158800,0.0,0.0
2016-09-16 00:00:00-04:00,0.5899999737739563,0.6000000238418579,0.4699999988079071,0.4699999988079071,272600,0.0,0.0
2016-09-19 00:00:00-04:00,0.47999998927116394,0.5199999809265137,0.47999998927116394,0.5099999904632568,130700,0.0,0.0
2016-09-20 00:00:00-04:00,0.5199999809265137,0.5199999809265137,0.4099999964237213,0.47999998927116394,187900,0.0,0.0
2016-09-21 00:00:00-04:00,0.5,0.5,0.4300000071525574,0.4699999988079071,40400,0.0,0.0
2016-09-22 00:00:00-04:00,0.47999998927116394,0.5,0.46000000834465027,0.47999998927116394,100300,0.0,0.0
2016-09-23 00:00:00-04:00,0.49000000953674316,0.49000000953674316,0.46000000834465027,0.49000000953674316,27700,0.0,0.0
2016-09-26 00:00:00-04:00,0.47999998927116394,0.49000000953674316,0.4699999988079071,0.47999998927116394,7000,0.0,0.0
2016-09-27 00:00:00-04:00,0.47999998927116394,0.47999998927116394,0.46000000834465027,0.47999998927116394,27700,0.0,0.0
2016-09-28 00:00:00-04:00,0.46000000834465027,0.46000000834465027,0.4099999964237213,0.41999998688697815,63400,0.0,0.0
2016-09-29 00:00:00-04:00,0.4000000059604645,0.4699999988079071,0.4000000059604645,0.46000000834465027,37800,0.0,0.0
2016-09-30 00:00:00-04:00,0.46000000834465027,0.4699999988079071,0.4399999976158142,0.44999998807907104,16700,0.0,0.0
2016-10-03 00:00:00-04:00,0.44999998807907104,0.47999998927116394,0.4000000059604645,0.4399999976158142,40300,0.0,0.0
2016-10-04 00:00:00-04:00,0.4300000071525574,0.49000000953674316,0.41999998688697815,0.46000000834465027,59900,0.0,0.0
2016-10-05 00:00:00-04:00,0.4399999976158142,0.4699999988079071,0.4000000059604645,0.4399999976158142,55300,0.0,0.0
2016-10-06 00:00:00-04:00,0.4300000071525574,0.4399999976158142,0.4000000059604645,0.4300000071525574,18800,0.0,0.0
2016-10-07 00:00:00-04:00,0.41999998688697815,0.41999998688697815,0.3499999940395355,0.38999998569488525,161800,0.0,0.0
2016-10-10 00:00:00-04:00,0.38999998569488525,0.4300000071525574,0.38999998569488525,0.4099999964237213,33200,0.0,0.0
2016-10-11 00:00:00-04:00,0.41999998688697815,0.4399999976158142,0.38999998569488525,0.4099999964237213,37800,0.0,0.0
2016-10-12 00:00:00-04:00,0.4099999964237213,0.4399999976158142,0.4000000059604645,0.4399999976158142,8700,0.0,0.0
2016-10-13 00:00:00-04:00,0.44999998807907104,0.46000000834465027,0.38999998569488525,0.4300000071525574,21500,0.0,0.0
2016-10-14 00:00:00-04:00,0.4399999976158142,0.44999998807907104,0.4000000059604645,0.4399999976158142,17800,0.0,0.0
2016-10-17 00:00:00-04:00,0.4099999964237213,0.4399999976158142,0.3799999952316284,0.41999998688697815,17500,0.0,0.0
2016-10-18 00:00:00-04:00,0.41999998688697815,0.4399999976158142,0.4099999964237213,0.4399999976158142,21100,0.0,0.0
2016-10-19 00:00:00-04:00,0.4300000071525574,0.4399999976158142,0.4099999964237213,0.4099999964237213,55000,0.0,0.0
2016-10-20 00:00:00-04:00,0.41999998688697815,0.41999998688697815,0.38999998569488525,0.4000000059604645,3100,0.0,0.0
2016-10-21 00:00:00-04:00,0.4099999964237213,0.4099999964237213,0.4099999964237213,0.4099999964237213,4100,0.0,0.0
2016-10-24 00:00:00-04:00,0.4099999964237213,0.41999998688697815,0.4000000059604645,0.4099999964237213,82800,0.0,0.0
2016-10-25 00:00:00-04:00,0.41999998688697815,0.41999998688697815,0.4000000059604645,0.4099999964237213,4400,0.0,0.0
2016-10-26 00:00:00-04:00,0.4099999964237213,0.4099999964237213,0.4000000059604645,0.4099999964237213,600,0.0,0.0
2016-10-27 00:00:00-04:00,0.4099999964237213,0.4099999964237213,0.4000000059604645,0.4099999964237213,1100,0.0,0.0
2016-10-28 00:00:00-04:00,0.4099999964237213,0.4099999964237213,0.3799999952316284,0.4099999964237213,3900,0.0,0.0
2016-10-31 00:00:00-04:00,0.38999998569488525,0.4099999964237213,0.3499999940395355,0.4099999964237213,48400,0.0,0.0
2016-11-01 00:00:00-04:00,0.3700000047683716,0.4099999964237213,0.3700000047683716,0.4000000059604645,12700,0.0,0.0
2016-11-02 00:00:00-04:00,0.4099999964237213,0.4099999964237213,0.3799999952316284,0.4099999964237213,2700,0.0,0.0
2016-11-03 00:00:00-04:00,0.4099999964237213,0.4099999964237213,0.4099999964237213,0.4099999964237213,100,0.0,0.0
2016-11-04 00:00:00-04:00,0.3799999952316284,0.4099999964237213,0.36000001430511475,0.4000000059604645,8800,0.0,0.0
2016-11-07 00:00:00-05:00,0.3700000047683716,0.4099999964237213,0.3700000047683716,0.4099999964237213,3800,0.0,0.0
2016-11-08 00:00:00-05:00,0.38999998569488525,0.4099999964237213,0.3799999952316284,0.4000000059604645,22900,0.0,0.0
2016-11-09 00:00:00-05:00,0.4099999964237213,0.41999998688697815,0.38999998569488525,0.4099999964237213,34500,0.0,0.0
2016-11-10 00:00:00-05:00,0.4099999964237213,0.41999998688697815,0.4000000059604645,0.41999998688697815,42300,0.0,0.0
2016-11-11 00:00:00-05:00,0.41999998688697815,0.41999998688697815,0.38999998569488525,0.41999998688697815,30700,0.0,0.0
2016-11-14 00:00:00-05:00,0.4000000059604645,0.4099999964237213,0.36000001430511475,0.3799999952316284,38800,0.0,0.0
2016-11-15 00:00:00-05:00,0.4000000059604645,0.4099999964237213,0.36000001430511475,0.38999998569488525,15200,0.0,0.0
2016-11-16 00:00:00-05:00,0.3799999952316284,0.38999998569488525,0.30000001192092896,0.3100000023841858,252900,0.0,0.0
2016-11-17 00:00:00-05:00,0.2800000011920929,0.3100000023841858,0.25999999046325684,0.2800000011920929,118800,0.0,0.0
2016-11-18 00:00:00-05:00,0.27000001072883606,0.33000001311302185,0.25999999046325684,0.28999999165534973,120000,0.0,0.0
2016-11-21 00:00:00-05:00,0.30000001192092896,0.3199999928474426,0.25999999046325684,0.28999999165534973,56700,0.0,0.0
2016-11-22 00:00:00-05:00,0.3199999928474426,0.3199999928474426,0.2800000011920929,0.28999999165534973,32600,0.0,0.0
2016-11-23 00:00:00-05:00,0.30000001192092896,0.30000001192092896,0.2800000011920929,0.28999999165534973,41600,0.0,0.0
2016-11-25 00:00:00-05:00,0.27000001072883606,0.30000001192092896,0.25,0.28999999165534973,36100,0.0,0.0
2016-11-28 00:00:00-05:00,0.30000001192092896,0.3199999928474426,0.30000001192092896,0.30000001192092896,40700,0.0,0.0
2016-11-29 00:00:00-05:00,0.3199999928474426,0.3199999928474426,0.2800000011920929,0.30000001192092896,9300,0.0,0.0
2016-11-30 00:00:00-05:00,0.28999999165534973,0.30000001192092896,0.2800000011920929,0.28999999165534973,4900,0.0,0.0
2016-12-01 00:00:00-05:00,0.30000001192092896,0.30000001192092896,0.28999999165534973,0.28999999165534973,49900,0.0,0.0
2016-12-02 00:00:00-05:00,0.30000001192092896,0.30000001192092896,0.27000001072883606,0.2800000011920929,13100,0.0,0.0
2016-12-05 00:00:00-05:00,0.28999999165534973,0.30000001192092896,0.25999999046325684,0.2800000011920929,65100,0.0,0.0
2016-12-06 00:00:00-05:00,0.30000001192092896,0.30000001192092896,0.25,0.2800000011920929,82400,0.0,0.0
2016-12-07 00:00:00-05:00,0.27000001072883606,0.28999999165534973,0.25999999046325684,0.2800000011920929,29200,0.0,0.0
2016-12-08 00:00:00-05:00,0.25999999046325684,0.2800000011920929,0.25,0.25999999046325684,64500,0.0,0.0
2016-12-09 00:00:00-05:00,0.25,0.30000001192092896,0.25,0.30000001192092896,108300,0.0,0.0
2016-12-12 00:00:00-05:00,0.3100000023841858,0.33000001311302185,0.2800000011920929,0.3100000023841858,68100,0.0,0.0
2016-12-13 00:00:00-05:00,0.2800000011920929,0.3499999940395355,0.2800000011920929,0.3499999940395355,73800,0.0,0.0
2016-12-14 00:00:00-05:00,0.3499999940395355,0.3499999940395355,0.2800000011920929,0.30000001192092896,59400,0.0,0.0
2016-12-15 00:00:00-05:00,0.30000001192092896,0.3400000035762787,0.25999999046325684,0.3400000035762787,94900,0.0,0.0
2016-12-16 00:00:00-05:00,0.33000001311302185,0.3499999940395355,0.30000001192092896,0.3499999940395355,74300,0.0,0.0
2016-12-19 00:00:00-05:00,0.33000001311302185,0.3499999940395355,0.2800000011920929,0.3100000023841858,144900,0.0,0.0
2016-12-20 00:00:00-05:00,0.3100000023841858,0.3100000023841858,0.25,0.30000001192092896,83800,0.0,0.0
2016-12-21 00:00:00-05:00,0.28999999165534973,0.30000001192092896,0.2800000011920929,0.2800000011920929,24800,0.0,0.0
2016-12-22 00:00:00-05:00,0.28999999165534973,0.3199999928474426,0.25,0.30000001192092896,616700,0.0,0.0
2016-12-23 00:00:00-05:00,0.3100000023841858,0.3100000023841858,0.27000001072883606,0.30000001192092896,179900,0.0,0.0
2016-12-27 00:00:00-05:00,0.2800000011920929,0.3100000023841858,0.25,0.27000001072883606,225300,0.0,0.0
2016-12-28 00:00:00-05:00,0.2800000011920929,0.2800000011920929,0.25,0.27000001072883606,65000,0.0,0.0
2016-12-29 00:00:00-05:00,0.27000001072883606,0.2800000011920929,0.25,0.25999999046325684,139200,0.0,0.0
2016-12-30 00:00:00-05:00,0.25999999046325684,0.25999999046325684,0.2199999988079071,0.25,170000,0.0,0.0
2017-01-03 00:00:00-05:00,0.23999999463558197,0.25999999046325684,0.23999999463558197,0.25,19800,0.0,0.0
2017-01-04 00:00:00-05:00,0.25,0.25999999046325684,0.25,0.25,38000,0.0,0.0
2017-01-05 00:00:00-05:00,0.25999999046325684,0.2800000011920929,0.25999999046325684,0.25999999046325684,140600,0.0,0.0
2017-01-06 00:00:00-05:00,0.27000001072883606,0.27000001072883606,0.25,0.27000001072883606,11700,0.0,0.0
2017-01-09 00:00:00-05:00,0.27000001072883606,0.27000001072883606,0.25999999046325684,0.27000001072883606,63500,0.0,0.0
2017-01-10 00:00:00-05:00,0.27000001072883606,0.2800000011920929,0.25999999046325684,0.25999999046325684,34800,0.0,0.0
2017-01-11 00:00:00-05:00,0.25999999046325684,0.30000001192092896,0.25999999046325684,0.30000001192092896,157000,0.0,0.0
2017-01-12 00:00:00-05:00,0.30000001192092896,0.3799999952316284,0.2800000011920929,0.36000001430511475,333400,0.0,0.0
2017-01-13 00:00:00-05:00,0.36000001430511475,0.3700000047683716,0.28999999165534973,0.36000001430511475,53000,0.0,0.0
2017-01-17 00:00:00-05:00,0.36000001430511475,0.36000001430511475,0.33000001311302185,0.3400000035762787,31700,0.0,0.0
2017-01-18 00:00:00-05:00,0.3400000035762787,0.3499999940395355,0.3199999928474426,0.3499999940395355,23100,0.0,0.0
2017-01-19 00:00:00-05:00,0.3499999940395355,0.3499999940395355,0.33000001311302185,0.3499999940395355,21100,0.0,0.0
2017-01-20 00:00:00-05:00,0.3499999940395355,0.3499999940395355,0.30000001192092896,0.33000001311302185,21800,0.0,0.0
2017-01-23 00:00:00-05:00,0.3499999940395355,0.3499999940395355,0.3100000023841858,0.3400000035762787,24700,0.0,0.0
2017-01-24 00:00:00-05:00,0.3499999940395355,0.36000001430511475,0.33000001311302185,0.36000001430511475,102300,0.0,0.0
2017-01-25 00:00:00-05:00,0.36000001430511475,0.36000001430511475,0.3400000035762787,0.3499999940395355,74400,0.0,0.0
2017-01-26 00:00:00-05:00,0.3499999940395355,0.3700000047683716,0.30000001192092896,0.36000001430511475,87500,0.0,0.0
2017-01-27 00:00:00-05:00,0.3100000023841858,0.3700000047683716,0.3100000023841858,0.36000001430511475,36800,0.0,0.0
2017-01-30 00:00:00-05:00,0.3400000035762787,0.3499999940395355,0.3100000023841858,0.3400000035762787,74400,0.0,0.0
2017-01-31 00:00:00-05:00,0.33000001311302185,0.36000001430511475,0.3199999928474426,0.3499999940395355,18500,0.0,0.0
2017-02-01 00:00:00-05:00,0.3400000035762787,0.36000001430511475,0.3100000023841858,0.3499999940395355,155200,0.0,0.0
2017-02-02 00:00:00-05:00,0.3499999940395355,0.4099999964237213,0.3400000035762787,0.4099999964237213,249300,0.0,0.0
2017-02-03 00:00:00-05:00,0.4099999964237213,0.47999998927116394,0.4099999964237213,0.4399999976158142,176400,0.0,0.0
2017-02-06 00:00:00-05:00,0.4699999988079071,0.4699999988079071,0.38999998569488525,0.41999998688697815,58600,0.0,0.0
2017-02-07 00:00:00-05:00,0.4399999976158142,0.4399999976158142,0.4099999964237213,0.41999998688697815,37700,0.0,0.0
2017-02-08 00:00:00-05:00,0.4699999988079071,0.4699999988079071,0.36000001430511475,0.4399999976158142,23600,0.0,0.0
2017-02-09 00:00:00-05:00,0.4399999976158142,0.44999998807907104,0.38999998569488525,0.44999998807907104,41800,0.0,0.0
2017-02-10 00:00:00-05:00,0.44999998807907104,0.44999998807907104,0.41999998688697815,0.44999998807907104,37000,0.0,0.0
2017-02-13 00:00:00-05:00,0.44999998807907104,0.44999998807907104,0.4300000071525574,0.44999998807907104,28900,0.0,0.0
2017-02-14 00:00:00-05:00,0.4399999976158142,0.4699999988079071,0.41999998688697815,0.46000000834465027,146300,0.0,0.0
2017-02-15 00:00:00-05:00,0.4699999988079071,0.4699999988079071,0.4399999976158142,0.44999998807907104,65400,0.0,0.0
2017-02-16 00:00:00-05:00,0.44999998807907104,0.44999998807907104,0.4399999976158142,0.4399999976158142,17500,0.0,0.0
2017-02-17 00:00:00-05:00,0.44999998807907104,0.44999998807907104,0.4000000059604645,0.41999998688697815,222200,0.0,0.0
2017-02-21 00:00:00-05:00,0.4300000071525574,0.4399999976158142,0.41999998688697815,0.4399999976158142,55000,0.0,0.0
2017-02-22 00:00:00-05:00,0.4399999976158142,0.44999998807907104,0.4000000059604645,0.44999998807907104,103800,0.0,0.0
2017-02-23 00:00:00-05:00,0.44999998807907104,0.4699999988079071,0.44999998807907104,0.46000000834465027,71000,0.0,0.0
2017-02-24 00:00:00-05:00,0.4300000071525574,0.4300000071525574,0.4000000059604645,0.4000000059604645,44500,0.0,0.0
2017-02-27 00:00:00-05:00,0.4099999964237213,0.41999998688697815,0.38999998569488525,0.4099999964237213,31900,0.0,0.0
2017-02-28 00:00:00-05:00,0.44999998807907104,0.44999998807907104,0.3799999952316284,0.4000000059604645,36500,0.0,0.0
2017-03-01 00:00:00-05:00,0.38999998569488525,0.4000000059604645,0.3799999952316284,0.4000000059604645,58400,0.0,0.0
2017-03-02 00:00:00-05:00,0.4000000059604645,0.4000000059604645,0.36000001430511475,0.3799999952316284,85000,0.0,0.0
2017-03-03 00:00:00-05:00,0.3799999952316284,0.41999998688697815,0.3799999952316284,0.4000000059604645,65800,0.0,0.0
2017-03-06 00:00:00-05:00,0.3799999952316284,0.4300000071525574,0.3799999952316284,0.38999998569488525,15400,0.0,0.0
2017-03-07 00:00:00-05:00,0.4000000059604645,0.4000000059604645,0.3700000047683716,0.3799999952316284,41600,0.0,0.0
2017-03-08 00:00:00-05:00,0.4000000059604645,0.4099999964237213,0.38999998569488525,0.4000000059604645,12500,0.0,0.0
2017-03-09 00:00:00-05:00,0.4099999964237213,0.4300000071525574,0.3700000047683716,0.4000000059604645,38500,0.0,0.0
2017-03-10 00:00:00-05:00,0.4000000059604645,0.4300000071525574,0.4000000059604645,0.41999998688697815,71900,0.0,0.0
2017-03-13 00:00:00-04:00,0.4300000071525574,0.49000000953674316,0.4099999964237213,0.46000000834465027,345900,0.0,0.0
2017-03-14 00:00:00-04:00,0.46000000834465027,0.5199999809265137,0.46000000834465027,0.49000000953674316,41300,0.0,0.0
2017-03-15 00:00:00-04:00,0.49000000953674316,0.49000000953674316,0.46000000834465027,0.4699999988079071,42900,0.0,0.0
2017-03-16 00:00:00-04:00,0.4699999988079071,0.47999998927116394,0.4699999988079071,0.4699999988079071,26600,0.0,0.0
2017-03-17 00:00:00-04:00,0.49000000953674316,0.49000000953674316,0.4699999988079071,0.4699999988079071,85600,0.0,0.0
2017-03-20 00:00:00-04:00,0.44999998807907104,0.5099999904632568,0.44999998807907104,0.49000000953674316,34400,0.0,0.0
2017-03-21 00:00:00-04:00,0.49000000953674316,0.5099999904632568,0.4000000059604645,0.44999998807907104,54000,0.0,0.0
2017-03-22 00:00:00-04:00,0.4699999988079071,0.47999998927116394,0.4399999976158142,0.4699999988079071,37200,0.0,0.0
2017-03-23 00:00:00-04:00,0.46000000834465027,0.5099999904632568,0.46000000834465027,0.5099999904632568,15100,0.0,0.0
2017-03-24 00:00:00-04:00,0.5199999809265137,0.5199999809265137,0.47999998927116394,0.5,20300,0.0,0.0
2017-03-27 00:00:00-04:00,0.49000000953674316,0.5199999809265137,0.4699999988079071,0.5,35400,0.0,0.0
2017-03-28 00:00:00-04:00,0.5,0.5,0.4699999988079071,0.47999998927116394,75300,0.0,0.0
2017-03-29 00:00:00-04:00,0.5,0.5099999904632568,0.47999998927116394,0.5099999904632568,80100,0.0,0.0
2017-03-30 00:00:00-04:00,0.5099999904632568,0.5199999809265137,0.47999998927116394,0.5199999809265137,41100,0.0,0.0
2017-03-31 00:00:00-04:00,0.5,0.5199999809265137,0.49000000953674316,0.5,85000,0.0,0.0
2017-04-03 00:00:00-04:00,0.5199999809265137,0.5199999809265137,0.4000000059604645,0.4099999964237213,122600,0.0,0.0
2017-04-04 00:00:00-04:00,0.4000000059604645,0.4699999988079071,0.3799999952316284,0.4399999976158142,115700,0.0,0.0
2017-04-05 00:00:00-04:00,0.46000000834465027,0.47999998927116394,0.4300000071525574,0.4399999976158142,43900,0.0,0.0
2017-04-06 00:00:00-04:00,0.46000000834465027,0.47999998927116394,0.4399999976158142,0.4699999988079071,20200,0.0,0.0
2017-04-07 00:00:00-04:00,0.47999998927116394,0.47999998927116394,0.4300000071525574,0.47999998927116394,27800,0.0,0.0
2017-04-10 00:00:00-04:00,0.5,0.5,0.4399999976158142,0.4399999976158142,43600,0.0,0.0
2017-04-11 00:00:00-04:00,0.4300000071525574,0.46000000834465027,0.4300000071525574,0.4399999976158142,25300,0.0,0.0
2017-04-12 00:00:00-04:00,0.44999998807907104,0.44999998807907104,0.4300000071525574,0.44999998807907104,9200,0.0,0.0
2017-04-13 00:00:00-04:00,0.4399999976158142,0.44999998807907104,0.4300000071525574,0.44999998807907104,25800,0.0,0.0
2017-04-17 00:00:00-04:00,0.4300000071525574,0.4399999976158142,0.38999998569488525,0.38999998569488525,106900,0.0,0.0
2017-04-18 00:00:00-04:00,0.3799999952316284,0.38999998569488525,0.3400000035762787,0.36000001430511475,177600,0.0,0.0
2017-04-19 00:00:00-04:00,0.3799999952316284,0.38999998569488525,0.36000001430511475,0.3700000047683716,17600,0.0,0.0
2017-04-20 00:00:00-04:00,0.4099999964237213,0.4099999964237213,0.3799999952316284,0.4000000059604645,20800,0.0,0.0
2017-04-21 00:00:00-04:00,0.41999998688697815,0.41999998688697815,0.4099999964237213,0.41999998688697815,22300,0.0,0.0
2017-04-24 00:00:00-04:00,0.4399999976158142,0.4399999976158142,0.4099999964237213,0.4300000071525574,23100,0.0,0.0
2017-04-25 00:00:00-04:00,0.41999998688697815,0.4399999976158142,0.4000000059604645,0.4399999976158142,8800,0.0,0.0
2017-04-26 00:00:00-04:00,0.4000000059604645,0.44999998807907104,0.3400000035762787,0.4300000071525574,19600,0.0,0.0
2017-04-27 00:00:00-04:00,0.4300000071525574,0.44999998807907104,0.4000000059604645,0.4300000071525574,26400,0.0,0.0
2017-04-28 00:00:00-04:00,0.4300000071525574,0.4399999976158142,0.3799999952316284,0.4399999976158142,15500,0.0,0.0
2017-05-01 00:00:00-04:00,0.41999998688697815,0.4399999976158142,0.4099999964237213,0.4099999964237213,43100,0.0,0.0
2017-05-02 00:00:00-04:00,0.4399999976158142,0.4399999976158142,0.36000001430511475,0.4000000059604645,34600,0.0,0.0
2017-05-03 00:00:00-04:00,0.4000000059604645,0.4000000059604645,0.3700000047683716,0.4000000059604645,20300,0.0,0.0
2017-05-04 00:00:00-04:00,0.3799999952316284,0.4099999964237213,0.3700000047683716,0.4000000059604645,34500,0.0,0.0
2017-05-05 00:00:00-04:00,0.3799999952316284,0.4000000059604645,0.36000001430511475,0.3700000047683716,69700,0.0,0.0
2017-05-08 00:00:00-04:00,0.3499999940395355,0.3700000047683716,0.3499999940395355,0.3499999940395355,92900,0.0,0.0
2017-05-09 00:00:00-04:00,0.3799999952316284,0.38999998569488525,0.36000001430511475,0.3799999952316284,26900,0.0,0.0
2017-05-10 00:00:00-04:00,0.3799999952316284,0.4399999976158142,0.3700000047683716,0.4399999976158142,124600,0.0,0.0
2017-05-11 00:00:00-04:00,0.4399999976158142,0.44999998807907104,0.38999998569488525,0.44999998807907104,51200,0.0,0.0
2017-05-12 00:00:00-04:00,0.4300000071525574,0.46000000834465027,0.38999998569488525,0.4300000071525574,80400,0.0,0.0
2017-05-15 00:00:00-04:00,0.4300000071525574,0.4699999988079071,0.41999998688697815,0.44999998807907104,40100,0.0,0.0
2017-05-16 00:00:00-04:00,0.4399999976158142,0.44999998807907104,0.3799999952316284,0.44999998807907104,3400,0.0,0.0
2017-05-17 00:00:00-04:00,0.3799999952316284,0.44999998807907104,0.3799999952316284,0.4300000071525574,27100,0.0,0.0
2017-05-18 00:00:00-04:00,0.4300000071525574,0.44999998807907104,0.3799999952316284,0.44999998807907104,92100,0.0,0.0
2017-05-19 00:00:00-04:00,0.4300000071525574,0.46000000834465027,0.41999998688697815,0.44999998807907104,45900,0.0,0.0
2017-05-22 00:00:00-04:00,0.44999998807907104,0.44999998807907104,0.4099999964237213,0.4099999964237213,8900,0.0,0.0
2017-05-23 00:00:00-04:00,0.4099999964237213,0.46000000834465027,0.4099999964237213,0.4399999976158142,47700,0.0,0.0
2017-05-24 00:00:00-04:00,0.4399999976158142,0.4399999976158142,0.4099999964237213,0.4399999976158142,19800,0.0,0.0
2017-05-25 00:00:00-04:00,0.4099999964237213,0.4399999976158142,0.3799999952316284,0.4399999976158142,69500,0.0,0.0
2017-05-26 00:00:00-04:00,0.41999998688697815,0.4399999976158142,0.41999998688697815,0.4399999976158142,36700,0.0,0.0
2017-05-30 00:00:00-04:00,0.41999998688697815,0.44999998807907104,0.41999998688697815,0.44999998807907104,9700,0.0,0.0
2017-05-31 00:00:00-04:00,0.4399999976158142,0.46000000834465027,0.4399999976158142,0.46000000834465027,34600,0.0,0.0
2017-06-01 00:00:00-04:00,0.44999998807907104,0.46000000834465027,0.4300000071525574,0.4300000071525574,4500,0.0,0.0
2017-06-02 00:00:00-04:00,0.4399999976158142,0.46000000834465027,0.4399999976158142,0.46000000834465027,24700,0.0,0.0
2017-06-05 00:00:00-04:00,0.46000000834465027,0.46000000834465027,0.4399999976158142,0.44999998807907104,29200,0.0,0.0
2017-06-06 00:00:00-04:00,0.44999998807907104,0.46000000834465027,0.38999998569488525,0.4099999964237213,41100,0.0,0.0
2017-06-07 00:00:00-04:00,0.4300000071525574,0.44999998807907104,0.4099999964237213,0.4300000071525574,29100,0.0,0.0
2017-06-08 00:00:00-04:00,0.4399999976158142,0.4399999976158142,0.38999998569488525,0.4300000071525574,33000,0.0,0.0
2017-06-09 00:00:00-04:00,0.41999998688697815,0.4300000071525574,0.38999998569488525,0.4099999964237213,82300,0.0,0.0
2017-06-12 00:00:00-04:00,0.44999998807907104,0.44999998807907104,0.38999998569488525,0.41999998688697815,19000,0.0,0.0
2017-06-13 00:00:00-04:00,0.4099999964237213,0.41999998688697815,0.38999998569488525,0.4099999964237213,19500,0.0,0.0
2017-06-14 00:00:00-04:00,0.4099999964237213,0.4099999964237213,0.38999998569488525,0.4000000059604645,6200,0.0,0.0
2017-06-15 00:00:00-04:00,0.4000000059604645,0.41999998688697815,0.38999998569488525,0.41999998688697815,13900,0.0,0.0
2017-06-16 00:00:00-04:00,0.4000000059604645,0.41999998688697815,0.38999998569488525,0.38999998569488525,16000,0.0,0.0
2017-06-19 00:00:00-04:00,0.4099999964237213,0.4300000071525574,0.38999998569488525,0.4099999964237213,87900,0.0,0.0
2017-06-20 00:00:00-04:00,0.4099999964237213,0.41999998688697815,0.4099999964237213,0.41999998688697815,8700,0.0,0.0
2017-06-21 00:00:00-04:00,0.4099999964237213,0.41999998688697815,0.38999998569488525,0.4000000059604645,41100,0.0,0.0
2017-06-22 00:00:00-04:00,0.41999998688697815,0.41999998688697815,0.4000000059604645,0.4099999964237213,1900,0.0,0.0
2017-06-23 00:00:00-04:00,0.41999998688697815,0.41999998688697815,0.38999998569488525,0.38999998569488525,30000,0.0,0.0
2017-06-26 00:00:00-04:00,0.4000000059604645,0.4099999964237213,0.38999998569488525,0.38999998569488525,24300,0.0,0.0
2017-06-27 00:00:00-04:00,0.38999998569488525,0.4099999964237213,0.36000001430511475,0.4000000059604645,91100,0.0,0.0
2017-06-28 00:00:00-04:00,0.4000000059604645,0.4000000059604645,0.3799999952316284,0.38999998569488525,16700,0.0,0.0
2017-06-29 00:00:00-04:00,0.3799999952316284,0.38999998569488525,0.36000001430511475,0.36000001430511475,22300,0.0,0.0
2017-06-30 00:00:00-04:00,0.36000001430511475,0.4000000059604645,0.3400000035762787,0.38999998569488525,73600,0.0,0.0
2017-07-03 00:00:00-04:00,0.4099999964237213,0.4300000071525574,0.36000001430511475,0.4300000071525574,9500,0.0,0.0
2017-07-05 00:00:00-04:00,0.4300000071525574,0.4300000071525574,0.36000001430511475,0.3799999952316284,161000,0.0,0.0
2017-07-06 00:00:00-04:00,0.3799999952316284,0.4000000059604645,0.3499999940395355,0.3799999952316284,38400,0.0,0.0
2017-07-07 00:00:00-04:00,0.3799999952316284,0.3799999952316284,0.3100000023841858,0.36000001430511475,133100,0.0,0.0
2017-07-10 00:00:00-04:00,0.36000001430511475,0.3700000047683716,0.3199999928474426,0.3499999940395355,121400,0.0,0.0
2017-07-11 00:00:00-04:00,0.36000001430511475,0.36000001430511475,0.33000001311302185,0.3499999940395355,102300,0.0,0.0
2017-07-12 00:00:00-04:00,0.36000001430511475,0.36000001430511475,0.33000001311302185,0.3499999940395355,38800,0.0,0.0
2017-07-13 00:00:00-04:00,0.3400000035762787,0.3499999940395355,0.33000001311302185,0.3499999940395355,68000,0.0,0.0
2017-07-14 00:00:00-04:00,0.3499999940395355,0.36000001430511475,0.33000001311302185,0.36000001430511475,63100,0.0,0.0
2017-07-17 00:00:00-04:00,0.36000001430511475,0.36000001430511475,0.33000001311302185,0.3499999940395355,13100,0.0,0.0
2017-07-18 00:00:00-04:00,0.3400000035762787,0.3700000047683716,0.33000001311302185,0.36000001430511475,79100,0.0,0.0
2017-07-19 00:00:00-04:00,0.3400000035762787,0.36000001430511475,0.33000001311302185,0.3400000035762787,105900,0.0,0.0
2017-07-20 00:00:00-04:00,0.3499999940395355,0.36000001430511475,0.33000001311302185,0.3400000035762787,67400,0.0,0.0
2017-07-21 00:00:00-04:00,0.33000001311302185,0.3700000047683716,0.33000001311302185,0.3499999940395355,41600,0.0,0.0
2017-07-24 00:00:00-04:00,0.36000001430511475,0.36000001430511475,0.33000001311302185,0.33000001311302185,52600,0.0,0.0
2017-07-25 00:00:00-04:00,0.3400000035762787,0.3700000047683716,0.33000001311302185,0.33000001311302185,86500,0.0,0.0
2017-07-26 00:00:00-04:00,0.3499999940395355,0.3499999940395355,0.3100000023841858,0.3400000035762787,74700,0.0,0.0
2017-07-27 00:00:00-04:00,0.3199999928474426,0.3400000035762787,0.3199999928474426,0.3400000035762787,52400,0.0,0.0
2017-07-28 00:00:00-04:00,0.3199999928474426,0.3499999940395355,0.3199999928474426,0.3400000035762787,64400,0.0,0.0
2017-07-31 00:00:00-04:00,0.3400000035762787,0.3400000035762787,0.33000001311302185,0.3400000035762787,18200,0.0,0.0
2017-08-01 00:00:00-04:00,0.33000001311302185,0.3400000035762787,0.3199999928474426,0.33000001311302185,17500,0.0,0.0
2017-08-02 00:00:00-04:00,0.3400000035762787,0.3400000035762787,0.3199999928474426,0.3400000035762787,50800,0.0,0.0
2017-08-03 00:00:00-04:00,0.3400000035762787,0.3400000035762787,0.33000001311302185,0.3400000035762787,10700,0.0,0.0
2017-08-04 00:00:00-04:00,0.33000001311302185,0.3499999940395355,0.3199999928474426,0.33000001311302185,55600,0.0,0.0
2017-08-07 00:00:00-04:00,0.33000001311302185,0.3400000035762787,0.3199999928474426,0.3400000035762787,8600,0.0,0.0
2017-08-08 00:00:00-04:00,0.3199999928474426,0.3400000035762787,0.3100000023841858,0.33000001311302185,37200,0.0,0.0
2017-08-09 00:00:00-04:00,0.3199999928474426,0.33000001311302185,0.3100000023841858,0.3199999928474426,18400,0.0,0.0
2017-08-10 00:00:00-04:00,0.3100000023841858,0.33000001311302185,0.3100000023841858,0.33000001311302185,27200,0.0,0.0
2017-08-11 00:00:00-04:00,0.3199999928474426,0.33000001311302185,0.3100000023841858,0.33000001311302185,26100,0.0,0.0
2017-08-14 00:00:00-04:00,0.33000001311302185,0.3799999952316284,0.33000001311302185,0.3799999952316284,98800,0.0,0.0
2017-08-15 00:00:00-04:00,0.3700000047683716,0.4099999964237213,0.36000001430511475,0.3799999952316284,80000,0.0,0.0
2017-08-16 00:00:00-04:00,0.3799999952316284,0.3799999952316284,0.36000001430511475,0.3799999952316284,37700,0.0,0.0
2017-08-17 00:00:00-04:00,0.3799999952316284,0.38999998569488525,0.3400000035762787,0.36000001430511475,114900,0.0,0.0
2017-08-18 00:00:00-04:00,0.36000001430511475,0.3799999952316284,0.3100000023841858,0.3499999940395355,50900,0.0,0.0
2017-08-21 00:00:00-04:00,0.3400000035762787,0.3799999952316284,0.33000001311302185,0.36000001430511475,61800,0.0,0.0
2017-08-22 00:00:00-04:00,0.36000001430511475,0.3799999952316284,0.3100000023841858,0.36000001430511475,28200,0.0,0.0
2017-08-23 00:00:00-04:00,0.3499999940395355,0.3700000047683716,0.30000001192092896,0.3400000035762787,183500,0.0,0.0
2017-08-24 00:00:00-04:00,0.33000001311302185,0.3499999940395355,0.28999999165534973,0.3100000023841858,220900,0.0,0.0
2017-08-25 00:00:00-04:00,0.33000001311302185,0.3400000035762787,0.3100000023841858,0.33000001311302185,49500,0.0,0.0
2017-08-28 00:00:00-04:00,0.3199999928474426,0.3499999940395355,0.3100000023841858,0.3100000023841858,11600,0.0,0.0
2017-08-29 00:00:00-04:00,0.3199999928474426,0.36000001430511475,0.3100000023841858,0.3100000023841858,114300,0.0,0.0
2017-08-30 00:00:00-04:00,0.3199999928474426,0.3499999940395355,0.3199999928474426,0.33000001311302185,83700,0.0,0.0
2017-08-31 00:00:00-04:00,0.3199999928474426,0.3400000035762787,0.3199999928474426,0.3199999928474426,35600,0.0,0.0
2017-09-01 00:00:00-04:00,0.3199999928474426,0.3400000035762787,0.3199999928474426,0.3199999928474426,70000,0.0,0.0
2017-09-05 00:00:00-04:00,0.3199999928474426,0.3400000035762787,0.3100000023841858,0.3199999928474426,86600,0.0,0.0
2017-09-06 00:00:00-04:00,0.3100000023841858,0.33000001311302185,0.30000001192092896,0.3199999928474426,38900,0.0,0.0
2017-09-07 00:00:00-04:00,0.3100000023841858,0.3199999928474426,0.28999999165534973,0.30000001192092896,144700,0.0,0.0
2017-09-08 00:00:00-04:00,0.30000001192092896,0.30000001192092896,0.2800000011920929,0.28999999165534973,170100,0.0,0.0
2017-09-11 00:00:00-04:00,0.30000001192092896,0.3100000023841858,0.2800000011920929,0.28999999165534973,84600,0.0,0.0
2017-09-12 00:00:00-04:00,0.30000001192092896,0.3199999928474426,0.2800000011920929,0.30000001192092896,36200,0.0,0.0
2017-09-13 00:00:00-04:00,0.28999999165534973,0.3199999928474426,0.28999999165534973,0.30000001192092896,113400,0.0,0.0
2017-09-14 00:00:00-04:00,0.3100000023841858,0.3100000023841858,0.2800000011920929,0.28999999165534973,92500,0.0,0.0
2017-09-15 00:00:00-04:00,0.30000001192092896,0.3199999928474426,0.28999999165534973,0.3199999928474426,110700,0.0,0.0
2017-09-18 00:00:00-04:00,0.3100000023841858,0.3199999928474426,0.28999999165534973,0.28999999165534973,122800,0.0,0.0
2017-09-19 00:00:00-04:00,0.30000001192092896,0.3100000023841858,0.28999999165534973,0.28999999165534973,24300,0.0,0.0
2017-09-20 00:00:00-04:00,0.28999999165534973,0.30000001192092896,0.28999999165534973,0.30000001192092896,24400,0.0,0.0
2017-09-21 00:00:00-04:00,0.30000001192092896,0.3100000023841858,0.28999999165534973,0.30000001192092896,15600,0.0,0.0
2017-09-22 00:00:00-04:00,0.3100000023841858,0.3100000023841858,0.2800000011920929,0.30000001192092896,41400,0.0,0.0
2017-09-25 00:00:00-04:00,0.30000001192092896,0.30000001192092896,0.28999999165534973,0.28999999165534973,11100,0.0,0.0
2017-09-26 00:00:00-04:00,0.2800000011920929,0.30000001192092896,0.2800000011920929,0.2800000011920929,78400,0.0,0.0
2017-09-27 00:00:00-04:00,0.28999999165534973,0.30000001192092896,0.28999999165534973,0.28999999165534973,34000,0.0,0.0
2017-09-28 00:00:00-04:00,0.28999999165534973,0.30000001192092896,0.2800000011920929,0.30000001192092896,45500,0.0,0.0
2017-09-29 00:00:00-04:00,0.30000001192092896,0.30000001192092896,0.2800000011920929,0.28999999165534973,107500,0.0,0.0
2017-10-02 00:00:00-04:00,0.28999999165534973,0.28999999165534973,0.2800000011920929,0.2800000011920929,26100,0.0,0.0
2017-10-03 00:00:00-04:00,0.28999999165534973,0.28999999165534973,0.27000001072883606,0.27000001072883606,70800,0.0,0.0
2017-10-04 00:00:00-04:00,0.27000001072883606,0.2800000011920929,0.2199999988079071,0.27000001072883606,309600,0.0,0.0
2017-10-05 00:00:00-04:00,0.2800000011920929,0.2800000011920929,0.23999999463558197,0.25999999046325684,220300,0.0,0.0
2017-10-06 00:00:00-04:00,0.25999999046325684,0.27000001072883606,0.25999999046325684,0.27000001072883606,114900,0.0,0.0
2017-10-09 00:00:00-04:00,0.25999999046325684,0.2800000011920929,0.25,0.25999999046325684,214700,0.0,0.0
2017-10-10 00:00:00-04:00,0.25999999046325684,0.2800000011920929,0.25,0.25,49900,0.0,0.0
2017-10-11 00:00:00-04:00,0.2800000011920929,0.2800000011920929,0.25,0.27000001072883606,50300,0.0,0.0
2017-10-12 00:00:00-04:00,0.2800000011920929,0.2800000011920929,0.27000001072883606,0.27000001072883606,31000,0.0,0.0
2017-10-13 00:00:00-04:00,0.27000001072883606,0.27000001072883606,0.27000001072883606,0.27000001072883606,35600,0.0,0.0
2017-10-16 00:00:00-04:00,0.25999999046325684,0.25999999046325684,0.23999999463558197,0.25999999046325684,63900,0.0,0.0
2017-10-17 00:00:00-04:00,0.2800000011920929,0.2800000011920929,0.25,0.27000001072883606,143600,0.0,0.0
2017-10-18 00:00:00-04:00,0.2800000011920929,0.2800000011920929,0.25,0.25999999046325684,15400,0.0,0.0
2017-10-19 00:00:00-04:00,0.25999999046325684,0.27000001072883606,0.25,0.27000001072883606,48200,0.0,0.0
2017-10-20 00:00:00-04:00,0.23999999463558197,0.27000001072883606,0.23000000417232513,0.25999999046325684,81800,0.0,0.0
2017-10-23 00:00:00-04:00,0.25999999046325684,0.25999999046325684,0.23999999463558197,0.23999999463558197,76700,0.0,0.0
2017-10-24 00:00:00-04:00,0.25,0.25999999046325684,0.23999999463558197,0.25999999046325684,104300,0.0,0.0
2017-10-25 00:00:00-04:00,0.25,0.25999999046325684,0.23999999463558197,0.25,23400,0.0,0.0
2017-10-26 00:00:00-04:00,0.25,0.25999999046325684,0.23999999463558197,0.25,162800,0.0,0.0
2017-10-27 00:00:00-04:00,0.25,0.25,0.23999999463558197,0.25,61900,0.0,0.0
2017-10-30 00:00:00-04:00,0.25,0.25,0.2199999988079071,0.23999999463558197,129800,0.0,0.0
2017-10-31 00:00:00-04:00,0.23000000417232513,0.23000000417232513,0.20999999344348907,0.23000000417232513,153200,0.0,0.0
2017-11-01 00:00:00-04:00,0.2199999988079071,0.23999999463558197,0.2199999988079071,0.23000000417232513,39900,0.0,0.0
2017-11-02 00:00:00-04:00,0.2199999988079071,0.2199999988079071,0.2199999988079071,0.2199999988079071,37400,0.0,0.0
2017-11-03 00:00:00-04:00,0.2199999988079071,0.23999999463558197,0.20000000298023224,0.23000000417232513,75000,0.0,0.0
2017-11-06 00:00:00-05:00,0.2199999988079071,0.25,0.2199999988079071,0.25,54000,0.0,0.0
2017-11-07 00:00:00-05:00,0.25,0.2800000011920929,0.23999999463558197,0.27000001072883606,119600,0.0,0.0
2017-11-08 00:00:00-05:00,0.25999999046325684,0.27000001072883606,0.25,0.25,33700,0.0,0.0
2017-11-09 00:00:00-05:00,0.25999999046325684,0.27000001072883606,0.25,0.25,31800,0.0,0.0
2017-11-10 00:00:00-05:00,0.25999999046325684,0.25999999046325684,0.23999999463558197,0.23999999463558197,15000,0.0,0.0
2017-11-13 00:00:00-05:00,0.23999999463558197,0.25,0.23999999463558197,0.25,15800,0.0,0.0
2017-11-14 00:00:00-05:00,0.25,0.25,0.25,0.25,46100,0.0,0.0
2017-11-15 00:00:00-05:00,0.25,0.25,0.23000000417232513,0.23999999463558197,39600,0.0,0.0
2017-11-16 00:00:00-05:00,0.25,0.25,0.2199999988079071,0.23000000417232513,73200,0.0,0.0
2017-11-17 00:00:00-05:00,0.23000000417232513,0.23000000417232513,0.23000000417232513,0.23000000417232513,19800,0.0,0.0
2017-11-20 00:00:00-05:00,0.23999999463558197,0.23999999463558197,0.23000000417232513,0.23000000417232513,62700,0.0,0.0
2017-11-21 00:00:00-05:00,0.23000000417232513,0.23000000417232513,0.20999999344348907,0.23000000417232513,122800,0.0,0.0
2017-11-22 00:00:00-05:00,0.23000000417232513,0.23000000417232513,0.20999999344348907,0.2199999988079071,39900,0.0,0.0
2017-11-24 00:00:00-05:00,0.23000000417232513,0.23000000417232513,0.2199999988079071,0.2199999988079071,10600,0.0,0.0
2017-11-27 00:00:00-05:00,0.2199999988079071,0.23999999463558197,0.2199999988079071,0.23000000417232513,133900,0.0,0.0
2017-11-28 00:00:00-05:00,0.23000000417232513,0.2800000011920929,0.2199999988079071,0.25,429600,0.0,0.0
2017-11-29 00:00:00-05:00,0.25,0.2800000011920929,0.23000000417232513,0.25999999046325684,126700,0.0,0.0
2017-11-30 00:00:00-05:00,0.27000001072883606,0.2800000011920929,0.25999999046325684,0.27000001072883606,165600,0.0,0.0
2017-12-01 00:00:00-05:00,0.27000001072883606,0.28999999165534973,0.25999999046325684,0.27000001072883606,162300,0.0,0.0
2017-12-04 00:00:00-05:00,0.2800000011920929,0.3100000023841858,0.2800000011920929,0.3100000023841858,329600,0.0,0.0
2017-12-05 00:00:00-05:00,0.3100000023841858,0.3499999940395355,0.25999999046325684,0.33000001311302185,378300,0.0,0.0
2017-12-06 00:00:00-05:00,0.3400000035762787,0.3400000035762787,0.2800000011920929,0.2800000011920929,197700,0.0,0.0
2017-12-07 00:00:00-05:00,0.30000001192092896,0.3100000023841858,0.2800000011920929,0.30000001192092896,79300,0.0,0.0
2017-12-08 00:00:00-05:00,0.2800000011920929,0.28999999165534973,0.27000001072883606,0.27000001072883606,111700,0.0,0.0
2017-12-11 00:00:00-05:00,0.2800000011920929,0.30000001192092896,0.27000001072883606,0.27000001072883606,94800,0.0,0.0
2017-12-12 00:00:00-05:00,0.27000001072883606,0.2800000011920929,0.2199999988079071,0.23000000417232513,252300,0.0,0.0
2017-12-13 00:00:00-05:00,0.23999999463558197,0.2800000011920929,0.23000000417232513,0.23999999463558197,196300,0.0,0.0
2017-12-14 00:00:00-05:00,0.27000001072883606,0.3199999928474426,0.25999999046325684,0.2800000011920929,438100,0.0,0.0
2017-12-15 00:00:00-05:00,0.2800000011920929,0.30000001192092896,0.2800000011920929,0.28999999165534973,130200,0.0,0.0
2017-12-18 00:00:00-05:00,0.28999999165534973,0.30000001192092896,0.28999999165534973,0.28999999165534973,80500,0.0,0.0
2017-12-19 00:00:00-05:00,0.28999999165534973,0.30000001192092896,0.27000001072883606,0.2800000011920929,126000,0.0,0.0
2017-12-20 00:00:00-05:00,0.28999999165534973,0.33000001311302185,0.27000001072883606,0.28999999165534973,160900,0.0,0.0
2017-12-21 00:00:00-05:00,0.3100000023841858,0.3199999928474426,0.28999999165534973,0.28999999165534973,125500,0.0,0.0
2017-12-22 00:00:00-05:00,0.28999999165534973,0.3199999928474426,0.28999999165534973,0.3100000023841858,33700,0.0,0.0
2017-12-26 00:00:00-05:00,0.3199999928474426,0.33000001311302185,0.30000001192092896,0.3199999928474426,70400,0.0,0.0
2017-12-27 00:00:00-05:00,0.33000001311302185,0.3400000035762787,0.3100000023841858,0.33000001311302185,78700,0.0,0.0
2017-12-28 00:00:00-05:00,0.33000001311302185,0.3400000035762787,0.30000001192092896,0.3100000023841858,154700,0.0,0.0
2017-12-29 00:00:00-05:00,0.3100000023841858,0.3199999928474426,0.3100000023841858,0.3199999928474426,40400,0.0,0.0
2018-01-02 00:00:00-05:00,0.3100000023841858,0.3199999928474426,0.3100000023841858,0.3100000023841858,35900,0.0,0.0
2018-01-03 00:00:00-05:00,0.3199999928474426,0.3199999928474426,0.3100000023841858,0.3100000023841858,54600,0.0,0.0
2018-01-04 00:00:00-05:00,0.3100000023841858,0.3400000035762787,0.3100000023841858,0.33000001311302185,105400,0.0,0.0
2018-01-05 00:00:00-05:00,0.33000001311302185,0.3400000035762787,0.3199999928474426,0.33000001311302185,25100,0.0,0.0
2018-01-08 00:00:00-05:00,0.3199999928474426,0.3400000035762787,0.3199999928474426,0.33000001311302185,107900,0.0,0.0
2018-01-09 00:00:00-05:00,0.33000001311302185,0.3400000035762787,0.33000001311302185,0.3400000035762787,45300,0.0,0.0
2018-01-10 00:00:00-05:00,0.3199999928474426,0.3400000035762787,0.3199999928474426,0.33000001311302185,16400,0.0,0.0
2018-01-11 00:00:00-05:00,0.3199999928474426,0.3400000035762787,0.3100000023841858,0.3400000035762787,139300,0.0,0.0
2018-01-12 00:00:00-05:00,0.3400000035762787,0.3400000035762787,0.3100000023841858,0.3400000035762787,81000,0.0,0.0
2018-01-16 00:00:00-05:00,0.3199999928474426,0.3400000035762787,0.3199999928474426,0.33000001311302185,86900,0.0,0.0
2018-01-17 00:00:00-05:00,0.3199999928474426,0.33000001311302185,0.3100000023841858,0.3100000023841858,80500,0.0,0.0
2018-01-18 00:00:00-05:00,0.3199999928474426,0.36000001430511475,0.3100000023841858,0.33000001311302185,542100,0.0,0.0
2018-01-19 00:00:00-05:00,0.3199999928474426,0.33000001311302185,0.3100000023841858,0.3100000023841858,116400,0.0,0.0
2018-01-22 00:00:00-05:00,0.3199999928474426,0.3199999928474426,0.3100000023841858,0.3100000023841858,65600,0.0,0.0
2018-01-23 00:00:00-05:00,0.3199999928474426,0.33000001311302185,0.3100000023841858,0.33000001311302185,87700,0.0,0.0
2018-01-24 00:00:00-05:00,0.33000001311302185,0.33000001311302185,0.3199999928474426,0.3199999928474426,112500,0.0,0.0
2018-01-25 00:00:00-05:00,0.33000001311302185,0.36000001430511475,0.3199999928474426,0.3400000035762787,115100,0.0,0.0
2018-01-26 00:00:00-05:00,0.33000001311302185,0.36000001430511475,0.33000001311302185,0.3400000035762787,164400,0.0,0.0
2018-01-29 00:00:00-05:00,0.3400000035762787,0.36000001430511475,0.3400000035762787,0.3400000035762787,70600,0.0,0.0
2018-01-30 00:00:00-05:00,0.3499999940395355,0.3499999940395355,0.3400000035762787,0.3400000035762787,117700,0.0,0.0
2018-01-31 00:00:00-05:00,0.33000001311302185,0.3499999940395355,0.33000001311302185,0.33000001311302185,106200,0.0,0.0
2018-02-01 00:00:00-05:00,0.3400000035762787,0.36000001430511475,0.3400000035762787,0.3400000035762787,85700,0.0,0.0
2018-02-02 00:00:00-05:00,0.3400000035762787,0.3400000035762787,0.3100000023841858,0.33000001311302185,180100,0.0,0.0
2018-02-05 00:00:00-05:00,0.3100000023841858,0.33000001311302185,0.28999999165534973,0.3100000023841858,202100,0.0,0.0
2018-02-06 00:00:00-05:00,0.3100000023841858,0.3100000023841858,0.28999999165534973,0.3100000023841858,63500,0.0,0.0
2018-02-07 00:00:00-05:00,0.3199999928474426,0.3199999928474426,0.2800000011920929,0.28999999165534973,44000,0.0,0.0
2018-02-08 00:00:00-05:00,0.28999999165534973,0.3100000023841858,0.2800000011920929,0.28999999165534973,91900,0.0,0.0
2018-02-09 00:00:00-05:00,0.30000001192092896,0.3199999928474426,0.28999999165534973,0.30000001192092896,48000,0.0,0.0
2018-02-12 00:00:00-05:00,0.30000001192092896,0.30000001192092896,0.2800000011920929,0.28999999165534973,38400,0.0,0.0
2018-02-13 00:00:00-05:00,0.30000001192092896,0.30000001192092896,0.27000001072883606,0.27000001072883606,60200,0.0,0.0
2018-02-14 00:00:00-05:00,0.28999999165534973,0.28999999165534973,0.27000001072883606,0.2800000011920929,17200,0.0,0.0
2018-02-15 00:00:00-05:00,0.30000001192092896,0.30000001192092896,0.2800000011920929,0.2800000011920929,26100,0.0,0.0
2018-02-16 00:00:00-05:00,0.27000001072883606,0.2800000011920929,0.25999999046325684,0.25999999046325684,45200,0.0,0.0
2018-02-20 00:00:00-05:00,0.27000001072883606,0.28999999165534973,0.27000001072883606,0.2800000011920929,29800,0.0,0.0
2018-02-21 00:00:00-05:00,0.28999999165534973,0.28999999165534973,0.27000001072883606,0.2800000011920929,29100,0.0,0.0
2018-02-22 00:00:00-05:00,0.2800000011920929,0.2800000011920929,0.27000001072883606,0.27000001072883606,25900,0.0,0.0
2018-02-23 00:00:00-05:00,0.25999999046325684,0.2800000011920929,0.25999999046325684,0.2800000011920929,31300,0.0,0.0
2018-02-26 00:00:00-05:00,0.2800000011920929,0.28999999165534973,0.27000001072883606,0.28999999165534973,47800,0.0,0.0
2018-02-27 00:00:00-05:00,0.2800000011920929,0.28999999165534973,0.27000001072883606,0.28999999165534973,13900,0.0,0.0
2018-02-28 00:00:00-05:00,0.27000001072883606,0.2800000011920929,0.25,0.2800000011920929,61000,0.0,0.0
2018-03-01 00:00:00-05:00,0.27000001072883606,0.27000001072883606,0.25999999046325684,0.25999999046325684,12200,0.0,0.0
2018-03-02 00:00:00-05:00,0.25,0.2800000011920929,0.23999999463558197,0.2800000011920929,105100,0.0,0.0
2018-03-05 00:00:00-05:00,0.28999999165534973,0.28999999165534973,0.25999999046325684,0.2800000011920929,77800,0.0,0.0
2018-03-06 00:00:00-05:00,0.27000001072883606,0.2800000011920929,0.27000001072883606,0.27000001072883606,39000,0.0,0.0
2018-03-07 00:00:00-05:00,0.2800000011920929,0.30000001192092896,0.27000001072883606,0.27000001072883606,108600,0.0,0.0
2018-03-08 00:00:00-05:00,0.2800000011920929,0.28999999165534973,0.2800000011920929,0.2800000011920929,39600,0.0,0.0
2018-03-09 00:00:00-05:00,0.28999999165534973,0.28999999165534973,0.27000001072883606,0.28999999165534973,35900,0.0,0.0
2018-03-12 00:00:00-04:00,0.2800000011920929,0.2800000011920929,0.27000001072883606,0.2800000011920929,38000,0.0,0.0
2018-03-13 00:00:00-04:00,0.2800000011920929,0.28999999165534973,0.2800000011920929,0.2800000011920929,17900,0.0,0.0
2018-03-14 00:00:00-04:00,0.2800000011920929,0.2800000011920929,0.27000001072883606,0.27000001072883606,51800,0.0,0.0
2018-03-15 00:00:00-04:00,0.2800000011920929,0.2800000011920929,0.2800000011920929,0.2800000011920929,94300,0.0,0.0
2018-03-16 00:00:00-04:00,0.2800000011920929,0.30000001192092896,0.27000001072883606,0.30000001192092896,114900,0.0,0.0
2018-03-19 00:00:00-04:00,0.28999999165534973,0.28999999165534973,0.27000001072883606,0.27000001072883606,55800,0.0,0.0
2018-03-20 00:00:00-04:00,0.2800000011920929,0.2800000011920929,0.27000001072883606,0.27000001072883606,35400,0.0,0.0
2018-03-21 00:00:00-04:00,0.2800000011920929,0.2800000011920929,0.27000001072883606,0.27000001072883606,33900,0.0,0.0
2018-03-22 00:00:00-04:00,0.2800000011920929,0.2800000011920929,0.27000001072883606,0.27000001072883606,52300,0.0,0.0
2018-03-23 00:00:00-04:00,0.27000001072883606,0.27000001072883606,0.23999999463558197,0.27000001072883606,74300,0.0,0.0
2018-03-26 00:00:00-04:00,0.27000001072883606,0.27000001072883606,0.25,0.27000001072883606,40100,0.0,0.0
2018-03-27 00:00:00-04:00,0.27000001072883606,0.27000001072883606,0.25,0.25,34300,0.0,0.0
2018-03-28 00:00:00-04:00,0.25999999046325684,0.25999999046325684,0.25,0.25999999046325684,30000,0.0,0.0
2018-03-29 00:00:00-04:00,0.25,0.25999999046325684,0.25,0.25,81900,0.0,0.0
2018-04-02 00:00:00-04:00,0.25,0.25,0.23999999463558197,0.25,54500,0.0,0.0
2018-04-03 00:00:00-04:00,0.25,0.27000001072883606,0.23999999463558197,0.25999999046325684,54300,0.0,0.0
2018-04-04 00:00:00-04:00,0.25,0.27000001072883606,0.25,0.27000001072883606,18100,0.0,0.0
2018-04-05 00:00:00-04:00,0.2800000011920929,0.2800000011920929,0.25,0.27000001072883606,41200,0.0,0.0
2018-04-06 00:00:00-04:00,0.2800000011920929,0.2800000011920929,0.25999999046325684,0.27000001072883606,12600,0.0,0.0
2018-04-09 00:00:00-04:00,0.25999999046325684,0.25999999046325684,0.25,0.25,23300,0.0,0.0
2018-04-10 00:00:00-04:00,0.25,0.25999999046325684,0.25,0.25999999046325684,49000,0.0,0.0
2018-04-11 00:00:00-04:00,0.25999999046325684,0.25999999046325684,0.25,0.25999999046325684,56400,0.0,0.0
2018-04-12 00:00:00-04:00,0.27000001072883606,0.27000001072883606,0.25,0.27000001072883606,41500,0.0,0.0
2018-04-13 00:00:00-04:00,0.27000001072883606,0.27000001072883606,0.25999999046325684,0.27000001072883606,25400,0.0,0.0
2018-04-16 00:00:00-04:00,0.27000001072883606,0.27000001072883606,0.27000001072883606,0.27000001072883606,16600,0.0,0.0
2018-04-17 00:00:00-04:00,0.27000001072883606,0.27000001072883606,0.25999999046325684,0.25999999046325684,26000,0.0,0.0
2018-04-18 00:00:00-04:00,0.27000001072883606,0.27000001072883606,0.25999999046325684,0.25999999046325684,33100,0.0,0.0
2018-04-19 00:00:00-04:00,0.25999999046325684,0.25999999046325684,0.25999999046325684,0.25999999046325684,13000,0.0,0.0
2018-04-20 00:00:00-04:00,0.25999999046325684,0.25999999046325684,0.23999999463558197,0.25,58600,0.0,0.0
2018-04-23 00:00:00-04:00,0.25,0.25,0.23999999463558197,0.23999999463558197,124400,0.0,0.0
2018-04-24 00:00:00-04:00,0.25,0.25,0.23999999463558197,0.23999999463558197,39400,0.0,0.0
2018-04-25 00:00:00-04:00,0.25,0.25,0.23999999463558197,0.23999999463558197,19900,0.0,0.0
2018-04-26 00:00:00-04:00,0.25,0.25,0.25,0.25,26800,0.0,0.0
2018-04-27 00:00:00-04:00,0.25,0.25,0.25,0.25,12900,0.0,0.0
2018-04-30 00:00:00-04:00,0.25,0.25,0.25,0.25,11200,0.0,0.0
2018-05-01 00:00:00-04:00,0.25,0.25,0.23999999463558197,0.23999999463558197,95700,0.0,0.0
2018-05-02 00:00:00-04:00,0.25,0.25,0.23999999463558197,0.23999999463558197,26800,0.0,0.0
2018-05-03 00:00:00-04:00,0.23999999463558197,0.23999999463558197,0.23999999463558197,0.23999999463558197,27700,0.0,0.0
2018-05-04 00:00:00-04:00,0.23999999463558197,0.23999999463558197,0.23999999463558197,0.23999999463558197,9800,0.0,0.0
2018-05-07 00:00:00-04:00,0.23999999463558197,0.23999999463558197,0.23000000417232513,0.23999999463558197,12700,0.0,0.0
2018-05-08 00:00:00-04:00,0.23000000417232513,0.23000000417232513,0.23000000417232513,0.23000000417232513,8800,0.0,0.0
2018-05-09 00:00:00-04:00,0.23999999463558197,0.23999999463558197,0.23000000417232513,0.23999999463558197,58800,0.0,0.0
2018-05-10 00:00:00-04:00,0.23999999463558197,0.2800000011920929,0.23000000417232513,0.27000001072883606,242000,0.0,0.0
2018-05-11 00:00:00-04:00,0.25,0.30000001192092896,0.25,0.2800000011920929,150100,0.0,0.0
2018-05-14 00:00:00-04:00,0.2800000011920929,0.3100000023841858,0.27000001072883606,0.28999999165534973,74600,0.0,0.0
2018-05-15 00:00:00-04:00,0.28999999165534973,0.30000001192092896,0.23999999463558197,0.28999999165534973,60900,0.0,0.0
2018-05-16 00:00:00-04:00,0.27000001072883606,0.28999999165534973,0.25999999046325684,0.2800000011920929,28900,0.0,0.0
2018-05-17 00:00:00-04:00,0.25999999046325684,0.28999999165534973,0.25999999046325684,0.28999999165534973,73200,0.0,0.0
2018-05-18 00:00:00-04:00,0.2800000011920929,0.3100000023841858,0.25999999046325684,0.3100000023841858,51400,0.0,0.0
2018-05-21 00:00:00-04:00,0.2800000011920929,0.3400000035762787,0.2800000011920929,0.3100000023841858,281100,0.0,0.0
2018-05-22 00:00:00-04:00,0.3100000023841858,0.33000001311302185,0.30000001192092896,0.3100000023841858,64900,0.0,0.0
2018-05-23 00:00:00-04:00,0.30000001192092896,0.3199999928474426,0.30000001192092896,0.3100000023841858,39000,0.0,0.0
2018-05-24 00:00:00-04:00,0.30000001192092896,0.3100000023841858,0.30000001192092896,0.3100000023841858,53300,0.0,0.0
2018-05-25 00:00:00-04:00,0.30000001192092896,0.30000001192092896,0.25,0.30000001192092896,115500,0.0,0.0
2018-05-29 00:00:00-04:00,0.30000001192092896,0.30000001192092896,0.28999999165534973,0.28999999165534973,12000,0.0,0.0
2018-05-30 00:00:00-04:00,0.28999999165534973,0.3100000023841858,0.28999999165534973,0.30000001192092896,25100,0.0,0.0
2018-05-31 00:00:00-04:00,0.30000001192092896,0.3100000023841858,0.30000001192092896,0.30000001192092896,39200,0.0,0.0
2018-06-01 00:00:00-04:00,0.3100000023841858,0.3100000023841858,0.30000001192092896,0.3100000023841858,44500,0.0,0.0
2018-06-04 00:00:00-04:00,0.30000001192092896,0.3400000035762787,0.30000001192092896,0.3199999928474426,188400,0.0,0.0
2018-06-05 00:00:00-04:00,0.3100000023841858,0.44999998807907104,0.3100000023841858,0.4300000071525574,551700,0.0,0.0
2018-06-06 00:00:00-04:00,0.44999998807907104,0.47999998927116394,0.4000000059604645,0.41999998688697815,303300,0.0,0.0
2018-06-07 00:00:00-04:00,0.4300000071525574,0.4300000071525574,0.3799999952316284,0.4000000059604645,125800,0.0,0.0
2018-06-08 00:00:00-04:00,0.33000001311302185,0.47999998927116394,0.33000001311302185,0.47999998927116394,204000,0.0,0.0
2018-06-11 00:00:00-04:00,0.47999998927116394,0.5,0.4399999976158142,0.46000000834465027,270500,0.0,0.0
2018-06-12 00:00:00-04:00,0.46000000834465027,0.49000000953674316,0.44999998807907104,0.47999998927116394,108700,0.0,0.0
2018-06-13 00:00:00-04:00,0.4699999988079071,0.47999998927116394,0.4300000071525574,0.4399999976158142,43900,0.0,0.0
2018-06-14 00:00:00-04:00,0.4399999976158142,0.47999998927116394,0.4399999976158142,0.46000000834465027,76900,0.0,0.0
2018-06-15 00:00:00-04:00,0.47999998927116394,0.47999998927116394,0.4300000071525574,0.4300000071525574,80700,0.0,0.0
2018-06-18 00:00:00-04:00,0.4300000071525574,0.4699999988079071,0.4300000071525574,0.46000000834465027,40700,0.0,0.0
2018-06-19 00:00:00-04:00,0.44999998807907104,0.49000000953674316,0.4399999976158142,0.4699999988079071,114300,0.0,0.0
2018-06-20 00:00:00-04:00,0.44999998807907104,0.5199999809265137,0.4399999976158142,0.5199999809265137,250600,0.0,0.0
2018-06-21 00:00:00-04:00,0.5,0.5699999928474426,0.5,0.5600000023841858,335900,0.0,0.0
2018-06-22 00:00:00-04:00,0.5600000023841858,0.5899999737739563,0.550000011920929,0.5799999833106995,297000,0.0,0.0
2018-06-25 00:00:00-04:00,0.550000011920929,0.5799999833106995,0.4699999988079071,0.5400000214576721,286300,0.0,0.0
2018-06-26 00:00:00-04:00,0.5400000214576721,0.5400000214576721,0.5,0.5299999713897705,82700,0.0,0.0
2018-06-27 00:00:00-04:00,0.5299999713897705,0.5299999713897705,0.44999998807907104,0.5099999904632568,180000,0.0,0.0
2018-06-28 00:00:00-04:00,0.49000000953674316,0.5099999904632568,0.46000000834465027,0.47999998927116394,107400,0.0,0.0
2018-06-29 00:00:00-04:00,0.47999998927116394,0.5400000214576721,0.44999998807907104,0.47999998927116394,172400,0.0,0.0
2018-07-02 00:00:00-04:00,0.47999998927116394,0.47999998927116394,0.4300000071525574,0.4699999988079071,136900,0.0,0.0
2018-07-03 00:00:00-04:00,0.4699999988079071,0.4699999988079071,0.4699999988079071,0.4699999988079071,29800,0.0,0.0
2018-07-05 00:00:00-04:00,0.4699999988079071,0.47999998927116394,0.4300000071525574,0.46000000834465027,65400,0.0,0.0
2018-07-06 00:00:00-04:00,0.44999998807907104,0.4699999988079071,0.44999998807907104,0.44999998807907104,108400,0.0,0.0
2018-07-09 00:00:00-04:00,0.46000000834465027,0.47999998927116394,0.4399999976158142,0.44999998807907104,75000,0.0,0.0
2018-07-10 00:00:00-04:00,0.44999998807907104,0.49000000953674316,0.44999998807907104,0.4699999988079071,51100,0.0,0.0
2018-07-11 00:00:00-04:00,0.46000000834465027,0.47999998927116394,0.46000000834465027,0.47999998927116394,39700,0.0,0.0
2018-07-12 00:00:00-04:00,0.49000000953674316,0.49000000953674316,0.44999998807907104,0.4699999988079071,39000,0.0,0.0
2018-07-13 00:00:00-04:00,0.44999998807907104,0.47999998927116394,0.44999998807907104,0.47999998927116394,45300,0.0,0.0
2018-07-16 00:00:00-04:00,0.47999998927116394,0.49000000953674316,0.46000000834465027,0.49000000953674316,54800,0.0,0.0
2018-07-17 00:00:00-04:00,0.5,0.550000011920929,0.49000000953674316,0.5400000214576721,169000,0.0,0.0
2018-07-18 00:00:00-04:00,0.550000011920929,0.5799999833106995,0.5099999904632568,0.5699999928474426,205100,0.0,0.0
2018-07-19 00:00:00-04:00,0.5699999928474426,0.5699999928474426,0.5299999713897705,0.5400000214576721,80200,0.0,0.0
2018-07-20 00:00:00-04:00,0.5400000214576721,0.5400000214576721,0.5,0.5099999904632568,69500,0.0,0.0
2018-07-23 00:00:00-04:00,0.5,0.5400000214576721,0.49000000953674316,0.5299999713897705,108400,0.0,0.0
2018-07-24 00:00:00-04:00,0.5400000214576721,0.5400000214576721,0.49000000953674316,0.5400000214576721,122400,0.0,0.0
2018-07-25 00:00:00-04:00,0.5400000214576721,0.5400000214576721,0.5,0.5299999713897705,50700,0.0,0.0
2018-07-26 00:00:00-04:00,0.5299999713897705,0.5299999713897705,0.49000000953674316,0.5199999809265137,40800,0.0,0.0
2018-07-27 00:00:00-04:00,0.5099999904632568,0.550000011920929,0.5,0.5400000214576721,76300,0.0,0.0
2018-07-30 00:00:00-04:00,0.550000011920929,0.5699999928474426,0.5,0.550000011920929,61500,0.0,0.0
2018-07-31 00:00:00-04:00,0.550000011920929,0.5699999928474426,0.5400000214576721,0.550000011920929,112400,0.0,0.0
2018-08-01 00:00:00-04:00,0.5600000023841858,0.5600000023841858,0.5400000214576721,0.5600000023841858,55300,0.0,0.0
2018-08-02 00:00:00-04:00,0.5600000023841858,0.5600000023841858,0.5299999713897705,0.550000011920929,83200,0.0,0.0
2018-08-03 00:00:00-04:00,0.5600000023841858,0.6499999761581421,0.550000011920929,0.6299999952316284,401600,0.0,0.0
2018-08-06 00:00:00-04:00,0.6600000262260437,0.7900000214576721,0.6299999952316284,0.6600000262260437,654500,0.0,0.0
2018-08-07 00:00:00-04:00,0.6700000166893005,0.6700000166893005,0.6100000143051147,0.6499999761581421,156300,0.0,0.0
2018-08-08 00:00:00-04:00,0.6399999856948853,0.6499999761581421,0.6200000047683716,0.6299999952316284,36300,0.0,0.0
2018-08-09 00:00:00-04:00,0.6200000047683716,0.6399999856948853,0.550000011920929,0.6000000238418579,132400,0.0,0.0
2018-08-10 00:00:00-04:00,0.6000000238418579,0.6000000238418579,0.5799999833106995,0.5899999737739563,52100,0.0,0.0
2018-08-13 00:00:00-04:00,0.6100000143051147,0.6100000143051147,0.5099999904632568,0.5799999833106995,122100,0.0,0.0
2018-08-14 00:00:00-04:00,0.5699999928474426,0.5799999833106995,0.550000011920929,0.5799999833106995,77500,0.0,0.0
2018-08-15 00:00:00-04:00,0.5799999833106995,0.6499999761581421,0.5400000214576721,0.5400000214576721,691800,0.0,0.0
2018-08-16 00:00:00-04:00,0.550000011920929,0.6200000047683716,0.550000011920929,0.6100000143051147,209500,0.0,0.0
2018-08-17 00:00:00-04:00,0.6499999761581421,0.6499999761581421,0.5400000214576721,0.5799999833106995,504900,0.0,0.0
2018-08-20 00:00:00-04:00,0.6100000143051147,0.6100000143051147,0.5400000214576721,0.5699999928474426,87100,0.0,0.0
2018-08-21 00:00:00-04:00,0.5699999928474426,0.5899999737739563,0.550000011920929,0.550000011920929,61500,0.0,0.0
2018-08-22 00:00:00-04:00,0.5099999904632568,0.5799999833106995,0.5099999904632568,0.5699999928474426,52900,0.0,0.0
2018-08-23 00:00:00-04:00,0.5699999928474426,0.5699999928474426,0.5400000214576721,0.5600000023841858,99700,0.0,0.0
2018-08-24 00:00:00-04:00,0.5400000214576721,0.5699999928474426,0.5400000214576721,0.550000011920929,25300,0.0,0.0
2018-08-27 00:00:00-04:00,0.5600000023841858,0.5600000023841858,0.5299999713897705,0.550000011920929,144000,0.0,0.0
2018-08-28 00:00:00-04:00,0.5199999809265137,0.5600000023841858,0.5,0.5299999713897705,80100,0.0,0.0
2018-08-29 00:00:00-04:00,0.5,0.5600000023841858,0.5,0.5600000023841858,137300,0.0,0.0
2018-08-30 00:00:00-04:00,0.550000011920929,0.5799999833106995,0.5199999809265137,0.5799999833106995,72900,0.0,0.0
2018-08-31 00:00:00-04:00,0.5699999928474426,0.6299999952316284,0.5400000214576721,0.6000000238418579,154300,0.0,0.0
2018-09-04 00:00:00-04:00,0.6000000238418579,0.6200000047683716,0.5799999833106995,0.6000000238418579,69000,0.0,0.0
2018-09-05 00:00:00-04:00,0.5799999833106995,0.6299999952316284,0.5799999833106995,0.6000000238418579,38400,0.0,0.0
2018-09-06 00:00:00-04:00,0.6000000238418579,0.6000000238418579,0.5699999928474426,0.5899999737739563,54000,0.0,0.0
2018-09-07 00:00:00-04:00,0.5899999737739563,0.6299999952316284,0.5600000023841858,0.5799999833106995,81600,0.0,0.0
2018-09-10 00:00:00-04:00,0.6100000143051147,0.6299999952316284,0.6000000238418579,0.6200000047683716,83600,0.0,0.0
2018-09-11 00:00:00-04:00,0.5899999737739563,0.6299999952316284,0.5799999833106995,0.6200000047683716,108100,0.0,0.0
2018-09-12 00:00:00-04:00,0.6000000238418579,0.6499999761581421,0.6000000238418579,0.6499999761581421,98700,0.0,0.0
2018-09-13 00:00:00-04:00,0.6499999761581421,0.6800000071525574,0.6299999952316284,0.6800000071525574,94600,0.0,0.0
2018-09-14 00:00:00-04:00,0.6899999976158142,0.699999988079071,0.6700000166893005,0.6800000071525574,115900,0.0,0.0
2018-09-17 00:00:00-04:00,0.6800000071525574,0.7200000286102295,0.6800000071525574,0.7099999785423279,93400,0.0,0.0
2018-09-18 00:00:00-04:00,0.7099999785423279,0.75,0.699999988079071,0.7400000095367432,100300,0.0,0.0
2018-09-19 00:00:00-04:00,0.75,0.7599999904632568,0.7400000095367432,0.7400000095367432,113300,0.0,0.0
2018-09-20 00:00:00-04:00,0.75,0.7900000214576721,0.7300000190734863,0.7799999713897705,115700,0.0,0.0
2018-09-21 00:00:00-04:00,0.7799999713897705,0.9599999785423279,0.75,0.949999988079071,922200,0.0,0.0
2018-09-24 00:00:00-04:00,0.949999988079071,1.0499999523162842,0.8700000047683716,0.9599999785423279,620400,0.0,0.0
2018-09-25 00:00:00-04:00,0.9599999785423279,0.9599999785423279,0.8700000047683716,0.8999999761581421,355200,0.0,0.0
2018-09-26 00:00:00-04:00,0.8999999761581421,0.8999999761581421,0.8100000023841858,0.8500000238418579,231900,0.0,0.0
2018-09-27 00:00:00-04:00,0.8199999928474426,0.8899999856948853,0.8199999928474426,0.8799999952316284,49900,0.0,0.0
2018-09-28 00:00:00-04:00,0.8799999952316284,0.8899999856948853,0.8500000238418579,0.8500000238418579,67700,0.0,0.0
2018-10-01 00:00:00-04:00,0.8199999928474426,0.8999999761581421,0.8100000023841858,0.8100000023841858,83100,0.0,0.0
2018-10-02 00:00:00-04:00,0.800000011920929,0.8399999737739563,0.7900000214576721,0.8299999833106995,113100,0.0,0.0
2018-10-03 00:00:00-04:00,0.8299999833106995,0.8799999952316284,0.800000011920929,0.8199999928474426,17400,0.0,0.0
2018-10-04 00:00:00-04:00,0.8299999833106995,0.8299999833106995,0.7900000214576721,0.800000011920929,73200,0.0,0.0
2018-10-05 00:00:00-04:00,0.8100000023841858,0.8100000023841858,0.7099999785423279,0.7400000095367432,254600,0.0,0.0
2018-10-08 00:00:00-04:00,0.7799999713897705,0.7900000214576721,0.699999988079071,0.7300000190734863,36500,0.0,0.0
2018-10-09 00:00:00-04:00,0.75,0.7799999713897705,0.6600000262260437,0.6600000262260437,129800,0.0,0.0
2018-10-10 00:00:00-04:00,0.6600000262260437,0.699999988079071,0.6600000262260437,0.6700000166893005,117100,0.0,0.0
2018-10-11 00:00:00-04:00,0.6899999976158142,0.6899999976158142,0.6100000143051147,0.6100000143051147,91800,0.0,0.0
2018-10-12 00:00:00-04:00,0.6000000238418579,0.7200000286102295,0.6000000238418579,0.7099999785423279,165800,0.0,0.0
2018-10-15 00:00:00-04:00,0.7099999785423279,0.7599999904632568,0.6700000166893005,0.7300000190734863,176000,0.0,0.0
2018-10-16 00:00:00-04:00,0.7300000190734863,0.7300000190734863,0.6600000262260437,0.6800000071525574,71300,0.0,0.0
2018-10-17 00:00:00-04:00,0.6800000071525574,0.7200000286102295,0.6700000166893005,0.699999988079071,41200,0.0,0.0
2018-10-18 00:00:00-04:00,0.7300000190734863,0.7300000190734863,0.6600000262260437,0.6800000071525574,30200,0.0,0.0
2018-10-19 00:00:00-04:00,0.6600000262260437,0.7200000286102295,0.6399999856948853,0.7099999785423279,44800,0.0,0.0
2018-10-22 00:00:00-04:00,0.7300000190734863,0.7300000190734863,0.6600000262260437,0.6600000262260437,23300,0.0,0.0
2018-10-23 00:00:00-04:00,0.6800000071525574,0.699999988079071,0.6299999952316284,0.6700000166893005,45200,0.0,0.0
2018-10-24 00:00:00-04:00,0.6600000262260437,0.6899999976158142,0.6399999856948853,0.6800000071525574,12000,0.0,0.0
2018-10-25 00:00:00-04:00,0.6299999952316284,0.6800000071525574,0.6299999952316284,0.6499999761581421,32300,0.0,0.0
2018-10-26 00:00:00-04:00,0.6700000166893005,0.6700000166893005,0.6100000143051147,0.6700000166893005,37900,0.0,0.0
2018-10-29 00:00:00-04:00,0.6600000262260437,0.6600000262260437,0.6499999761581421,0.6600000262260437,21500,0.0,0.0
2018-10-30 00:00:00-04:00,0.6499999761581421,0.7099999785423279,0.6499999761581421,0.6800000071525574,33800,0.0,0.0
2018-10-31 00:00:00-04:00,0.7099999785423279,0.7099999785423279,0.6499999761581421,0.6899999976158142,34200,0.0,0.0
2018-11-01 00:00:00-04:00,0.7099999785423279,0.7300000190734863,0.6700000166893005,0.699999988079071,58100,0.0,0.0
2018-11-02 00:00:00-04:00,0.7099999785423279,0.7200000286102295,0.6700000166893005,0.6800000071525574,11400,0.0,0.0
2018-11-05 00:00:00-05:00,0.699999988079071,0.7099999785423279,0.6600000262260437,0.6600000262260437,52100,0.0,0.0
2018-11-06 00:00:00-05:00,0.6399999856948853,0.7099999785423279,0.6399999856948853,0.699999988079071,15100,0.0,0.0
2018-11-07 00:00:00-05:00,0.6499999761581421,0.699999988079071,0.6499999761581421,0.6899999976158142,16500,0.0,0.0
2018-11-08 00:00:00-05:00,0.6899999976158142,0.6899999976158142,0.6600000262260437,0.6800000071525574,13600,0.0,0.0
2018-11-09 00:00:00-05:00,0.6800000071525574,0.6899999976158142,0.6700000166893005,0.6700000166893005,12600,0.0,0.0
2018-11-12 00:00:00-05:00,0.6899999976158142,0.6899999976158142,0.6399999856948853,0.6499999761581421,21800,0.0,0.0
2018-11-13 00:00:00-05:00,0.6399999856948853,0.6899999976158142,0.6399999856948853,0.6800000071525574,12700,0.0,0.0
2018-11-14 00:00:00-05:00,0.6800000071525574,0.6899999976158142,0.6399999856948853,0.6600000262260437,31500,0.0,0.0
2018-11-15 00:00:00-05:00,0.6499999761581421,0.6899999976158142,0.6399999856948853,0.6899999976158142,15800,0.0,0.0
2018-11-16 00:00:00-05:00,0.6899999976158142,0.7300000190734863,0.6800000071525574,0.7099999785423279,54200,0.0,0.0
2018-11-19 00:00:00-05:00,0.7300000190734863,0.7400000095367432,0.7200000286102295,0.7300000190734863,33200,0.0,0.0
2018-11-20 00:00:00-05:00,0.7400000095367432,0.7400000095367432,0.7099999785423279,0.7300000190734863,55200,0.0,0.0
2018-11-21 00:00:00-05:00,0.7300000190734863,0.7599999904632568,0.7099999785423279,0.75,28500,0.0,0.0
2018-11-23 00:00:00-05:00,0.75,0.800000011920929,0.75,0.7599999904632568,9900,0.0,0.0
2018-11-26 00:00:00-05:00,0.7599999904632568,0.7599999904632568,0.699999988079071,0.699999988079071,44300,0.0,0.0
2018-11-27 00:00:00-05:00,0.699999988079071,0.75,0.699999988079071,0.75,33800,0.0,0.0
2018-11-28 00:00:00-05:00,0.699999988079071,0.75,0.699999988079071,0.7200000286102295,84300,0.0,0.0
2018-11-29 00:00:00-05:00,0.75,0.75,0.699999988079071,0.7099999785423279,54500,0.0,0.0
2018-11-30 00:00:00-05:00,0.75,0.75,0.699999988079071,0.7099999785423279,79400,0.0,0.0
2018-12-03 00:00:00-05:00,0.7200000286102295,0.7200000286102295,0.7200000286102295,0.7200000286102295,19600,0.0,0.0
2018-12-04 00:00:00-05:00,0.7200000286102295,0.75,0.6899999976158142,0.6899999976158142,86900,0.0,0.0
2018-12-06 00:00:00-05:00,0.6700000166893005,0.75,0.6000000238418579,0.6399999856948853,120000,0.0,0.0
2018-12-07 00:00:00-05:00,0.6899999976158142,0.699999988079071,0.6299999952316284,0.6399999856948853,23600,0.0,0.0
2018-12-10 00:00:00-05:00,0.6499999761581421,0.699999988079071,0.5600000023841858,0.6399999856948853,60300,0.0,0.0
2018-12-11 00:00:00-05:00,0.6100000143051147,0.6399999856948853,0.6000000238418579,0.6299999952316284,23200,0.0,0.0
2018-12-12 00:00:00-05:00,0.6600000262260437,0.6899999976158142,0.6000000238418579,0.6399999856948853,119700,0.0,0.0
2018-12-13 00:00:00-05:00,0.6700000166893005,0.6899999976158142,0.6200000047683716,0.6600000262260437,36000,0.0,0.0
2018-12-14 00:00:00-05:00,0.6200000047683716,0.6600000262260437,0.6100000143051147,0.6299999952316284,52200,0.0,0.0
2018-12-17 00:00:00-05:00,0.6600000262260437,0.6600000262260437,0.5299999713897705,0.5799999833106995,286300,0.0,0.0
2018-12-18 00:00:00-05:00,0.5799999833106995,0.6000000238418579,0.550000011920929,0.5600000023841858,95000,0.0,0.0
2018-12-19 00:00:00-05:00,0.5699999928474426,0.5699999928474426,0.5400000214576721,0.5699999928474426,125300,0.0,0.0
2018-12-20 00:00:00-05:00,0.5299999713897705,0.5600000023841858,0.5299999713897705,0.5400000214576721,105900,0.0,0.0
2018-12-21 00:00:00-05:00,0.5699999928474426,0.5699999928474426,0.5199999809265137,0.5199999809265137,35400,0.0,0.0
2018-12-24 00:00:00-05:00,0.5099999904632568,0.6100000143051147,0.5,0.6000000238418579,41400,0.0,0.0
2018-12-26 00:00:00-05:00,0.6000000238418579,0.6600000262260437,0.6000000238418579,0.6100000143051147,31600,0.0,0.0
2018-12-27 00:00:00-05:00,0.5899999737739563,0.6399999856948853,0.5600000023841858,0.5799999833106995,28600,0.0,0.0
2018-12-28 00:00:00-05:00,0.5600000023841858,0.6499999761581421,0.5600000023841858,0.6000000238418579,35200,0.0,0.0
2018-12-31 00:00:00-05:00,0.6200000047683716,0.6200000047683716,0.5799999833106995,0.5799999833106995,40900,0.0,0.0
2019-01-02 00:00:00-05:00,0.5799999833106995,0.6299999952316284,0.5600000023841858,0.6100000143051147,22000,0.0,0.0
2019-01-03 00:00:00-05:00,0.6100000143051147,0.6200000047683716,0.5799999833106995,0.5899999737739563,32400,0.0,0.0
2019-01-04 00:00:00-05:00,0.5899999737739563,0.6200000047683716,0.5799999833106995,0.6100000143051147,9400,0.0,0.0
2019-01-07 00:00:00-05:00,0.6200000047683716,0.6200000047683716,0.5799999833106995,0.6100000143051147,3300,0.0,0.0
2019-01-08 00:00:00-05:00,0.6200000047683716,0.6499999761581421,0.5899999737739563,0.6399999856948853,37800,0.0,0.0
2019-01-09 00:00:00-05:00,0.5899999737739563,0.6399999856948853,0.5899999737739563,0.6299999952316284,35200,0.0,0.0
2019-01-10 00:00:00-05:00,0.6000000238418579,0.6299999952316284,0.6000000238418579,0.6200000047683716,6400,0.0,0.0
2019-01-11 00:00:00-05:00,0.6200000047683716,0.6399999856948853,0.5899999737739563,0.6399999856948853,3400,0.0,0.0
2019-01-14 00:00:00-05:00,0.6700000166893005,0.7300000190734863,0.6399999856948853,0.6700000166893005,131100,0.0,0.0
2019-01-15 00:00:00-05:00,0.699999988079071,0.7099999785423279,0.6200000047683716,0.6800000071525574,35100,0.0,0.0
2019-01-16 00:00:00-05:00,0.699999988079071,0.699999988079071,0.6200000047683716,0.6800000071525574,25600,0.0,0.0
2019-01-17 00:00:00-05:00,0.6399999856948853,0.6800000071525574,0.6200000047683716,0.6700000166893005,9000,0.0,0.0
2019-01-18 00:00:00-05:00,0.6600000262260437,0.6700000166893005,0.6399999856948853,0.6700000166893005,38100,0.0,0.0
2019-01-22 00:00:00-05:00,0.6899999976158142,0.699999988079071,0.6299999952316284,0.6299999952316284,38400,0.0,0.0
2019-01-23 00:00:00-05:00,0.6299999952316284,0.6899999976158142,0.6299999952316284,0.6600000262260437,26000,0.0,0.0
2019-01-24 00:00:00-05:00,0.6499999761581421,0.6800000071525574,0.6299999952316284,0.6700000166893005,14800,0.0,0.0
2019-01-25 00:00:00-05:00,0.6399999856948853,0.6700000166893005,0.6299999952316284,0.6700000166893005,27000,0.0,0.0
2019-01-28 00:00:00-05:00,0.6499999761581421,0.6800000071525574,0.6299999952316284,0.6800000071525574,18700,0.0,0.0
2019-01-29 00:00:00-05:00,0.6800000071525574,0.6800000071525574,0.6299999952316284,0.6499999761581421,19700,0.0,0.0
2019-01-30 00:00:00-05:00,0.6399999856948853,0.6600000262260437,0.6399999856948853,0.6600000262260437,11300,0.0,0.0
2019-01-31 00:00:00-05:00,0.6700000166893005,0.6700000166893005,0.6399999856948853,0.6700000166893005,16500,0.0,0.0
2019-02-01 00:00:00-05:00,0.6700000166893005,0.6700000166893005,0.6000000238418579,0.6299999952316284,130700,0.0,0.0
2019-02-04 00:00:00-05:00,0.6299999952316284,0.6499999761581421,0.5699999928474426,0.5799999833106995,36700,0.0,0.0
2019-02-05 00:00:00-05:00,0.6000000238418579,0.6200000047683716,0.5600000023841858,0.6000000238418579,37500,0.0,0.0
2019-02-06 00:00:00-05:00,0.6000000238418579,0.6200000047683716,0.5899999737739563,0.6100000143051147,17300,0.0,0.0
2019-02-07 00:00:00-05:00,0.6000000238418579,0.6100000143051147,0.5799999833106995,0.6000000238418579,35600,0.0,0.0
2019-02-08 00:00:00-05:00,0.6100000143051147,0.6399999856948853,0.6000000238418579,0.6399999856948853,19400,0.0,0.0
2019-02-11 00:00:00-05:00,0.6399999856948853,0.6499999761581421,0.6100000143051147,0.6100000143051147,85500,0.0,0.0
2019-02-12 00:00:00-05:00,0.6100000143051147,0.6499999761581421,0.5400000214576721,0.6000000238418579,66400,0.0,0.0
2019-02-13 00:00:00-05:00,0.5699999928474426,0.6299999952316284,0.5199999809265137,0.6000000238418579,105900,0.0,0.0
2019-02-14 00:00:00-05:00,0.5799999833106995,0.6200000047683716,0.5699999928474426,0.6000000238418579,23500,0.0,0.0
2019-02-15 00:00:00-05:00,0.5799999833106995,0.6000000238418579,0.5699999928474426,0.5899999737739563,25700,0.0,0.0
2019-02-19 00:00:00-05:00,0.5699999928474426,0.6000000238418579,0.550000011920929,0.5699999928474426,33900,0.0,0.0
2019-02-20 00:00:00-05:00,0.550000011920929,0.5799999833106995,0.5400000214576721,0.5400000214576721,45600,0.0,0.0
2019-02-21 00:00:00-05:00,0.5400000214576721,0.5799999833106995,0.5199999809265137,0.5199999809265137,33300,0.0,0.0
2019-02-22 00:00:00-05:00,0.5299999713897705,0.5699999928474426,0.5299999713897705,0.5600000023841858,19100,0.0,0.0
2019-02-25 00:00:00-05:00,0.550000011920929,0.5600000023841858,0.5199999809265137,0.5199999809265137,16200,0.0,0.0
2019-02-26 00:00:00-05:00,0.550000011920929,0.550000011920929,0.5199999809265137,0.5199999809265137,23700,0.0,0.0
2019-02-27 00:00:00-05:00,0.5199999809265137,0.550000011920929,0.5099999904632568,0.5400000214576721,8300,0.0,0.0
2019-02-28 00:00:00-05:00,0.5400000214576721,0.550000011920929,0.5199999809265137,0.5299999713897705,40400,0.0,0.0
2019-03-01 00:00:00-05:00,0.550000011920929,0.550000011920929,0.5199999809265137,0.550000011920929,9100,0.0,0.0
2019-03-04 00:00:00-05:00,0.550000011920929,0.550000011920929,0.49000000953674316,0.5299999713897705,123000,0.0,0.0
2019-03-05 00:00:00-05:00,0.5199999809265137,0.5199999809265137,0.49000000953674316,0.5,12600,0.0,0.0
2019-03-06 00:00:00-05:00,0.5,0.5299999713897705,0.5,0.5,18500,0.0,0.0
2019-03-07 00:00:00-05:00,0.5,0.5199999809265137,0.5,0.5199999809265137,12400,0.0,0.0
2019-03-08 00:00:00-05:00,0.5,0.5299999713897705,0.49000000953674316,0.49000000953674316,28600,0.0,0.0
2019-03-11 00:00:00-04:00,0.5,0.5400000214576721,0.5,0.5099999904632568,78100,0.0,0.0
2019-03-12 00:00:00-04:00,0.5099999904632568,0.5299999713897705,0.49000000953674316,0.5099999904632568,40600,0.0,0.0
2019-03-13 00:00:00-04:00,0.49000000953674316,0.5199999809265137,0.47999998927116394,0.47999998927116394,14200,0.0,0.0
2019-03-14 00:00:00-04:00,0.5099999904632568,0.5099999904632568,0.47999998927116394,0.47999998927116394,15500,0.0,0.0
2019-03-15 00:00:00-04:00,0.47999998927116394,0.5199999809265137,0.41999998688697815,0.5099999904632568,64500,0.0,0.0
2019-03-18 00:00:00-04:00,0.5299999713897705,0.5299999713897705,0.47999998927116394,0.5,26800,0.0,0.0
2019-03-19 00:00:00-04:00,0.5099999904632568,0.5099999904632568,0.47999998927116394,0.5,167600,0.0,0.0
2019-03-20 00:00:00-04:00,0.5,0.5099999904632568,0.41999998688697815,0.44999998807907104,122300,0.0,0.0
2019-03-21 00:00:00-04:00,0.46000000834465027,0.46000000834465027,0.4399999976158142,0.4399999976158142,39200,0.0,0.0
2019-03-22 00:00:00-04:00,0.4399999976158142,0.44999998807907104,0.4399999976158142,0.44999998807907104,23800,0.0,0.0
2019-03-25 00:00:00-04:00,0.4300000071525574,0.4699999988079071,0.41999998688697815,0.46000000834465027,76500,0.0,0.0
2019-03-26 00:00:00-04:00,0.4399999976158142,0.47999998927116394,0.41999998688697815,0.4399999976158142,121300,0.0,0.0
2019-03-27 00:00:00-04:00,0.46000000834465027,0.47999998927116394,0.41999998688697815,0.46000000834465027,51000,0.0,0.0
2019-03-28 00:00:00-04:00,0.44999998807907104,0.47999998927116394,0.4399999976158142,0.4399999976158142,5500,0.0,0.0
2019-03-29 00:00:00-04:00,0.46000000834465027,0.4699999988079071,0.4399999976158142,0.4699999988079071,8000,0.0,0.0
2019-04-01 00:00:00-04:00,0.4399999976158142,0.47999998927116394,0.4399999976158142,0.47999998927116394,27600,0.0,0.0
2019-04-02 00:00:00-04:00,0.4699999988079071,0.47999998927116394,0.44999998807907104,0.47999998927116394,37300,0.0,0.0
2019-04-03 00:00:00-04:00,0.47999998927116394,0.47999998927116394,0.4699999988079071,0.47999998927116394,25900,0.0,0.0
2019-04-04 00:00:00-04:00,0.4699999988079071,0.5,0.4699999988079071,0.5,12100,0.0,0.0
2019-04-05 00:00:00-04:00,0.47999998927116394,0.5,0.47999998927116394,0.49000000953674316,16400,0.0,0.0
2019-04-08 00:00:00-04:00,0.47999998927116394,0.5,0.47999998927116394,0.5,11700,0.0,0.0
2019-04-09 00:00:00-04:00,0.5,0.5,0.4699999988079071,0.5,7500,0.0,0.0
2019-04-10 00:00:00-04:00,0.5,0.550000011920929,0.49000000953674316,0.5299999713897705,48200,0.0,0.0
2019-04-11 00:00:00-04:00,0.5299999713897705,0.5899999737739563,0.5299999713897705,0.5799999833106995,50500,0.0,0.0
2019-04-12 00:00:00-04:00,0.5899999737739563,0.6000000238418579,0.5699999928474426,0.5799999833106995,40900,0.0,0.0
2019-04-15 00:00:00-04:00,0.6000000238418579,0.6299999952316284,0.5600000023841858,0.5899999737739563,77300,0.0,0.0
2019-04-16 00:00:00-04:00,0.5799999833106995,0.6000000238418579,0.550000011920929,0.550000011920929,27300,0.0,0.0
2019-04-17 00:00:00-04:00,0.5799999833106995,0.5899999737739563,0.5600000023841858,0.5600000023841858,16900,0.0,0.0
2019-04-18 00:00:00-04:00,0.5600000023841858,0.5799999833106995,0.550000011920929,0.5699999928474426,22700,0.0,0.0
2019-04-22 00:00:00-04:00,0.5899999737739563,0.5899999737739563,0.5099999904632568,0.5299999713897705,106200,0.0,0.0
2019-04-23 00:00:00-04:00,0.5299999713897705,0.550000011920929,0.5,0.5299999713897705,20400,0.0,0.0
2019-04-24 00:00:00-04:00,0.5199999809265137,0.550000011920929,0.5,0.5400000214576721,15000,0.0,0.0
2019-04-25 00:00:00-04:00,0.5099999904632568,0.5699999928474426,0.5099999904632568,0.5699999928474426,27900,0.0,0.0
2019-04-26 00:00:00-04:00,0.5600000023841858,0.5699999928474426,0.5299999713897705,0.5600000023841858,30100,0.0,0.0
2019-04-29 00:00:00-04:00,0.5400000214576721,0.5600000023841858,0.5,0.5199999809265137,36700,0.0,0.0
2019-04-30 00:00:00-04:00,0.5299999713897705,0.5699999928474426,0.5199999809265137,0.5299999713897705,45100,0.0,0.0
2019-05-01 00:00:00-04:00,0.5299999713897705,0.550000011920929,0.5099999904632568,0.5400000214576721,49500,0.0,0.0
2019-05-02 00:00:00-04:00,0.5199999809265137,0.5699999928474426,0.5199999809265137,0.5299999713897705,26200,0.0,0.0
2019-05-03 00:00:00-04:00,0.5299999713897705,0.550000011920929,0.5099999904632568,0.5299999713897705,74400,0.0,0.0
2019-05-06 00:00:00-04:00,0.5,0.5299999713897705,0.5,0.5299999713897705,7500,0.0,0.0
2019-05-07 00:00:00-04:00,0.5099999904632568,0.5299999713897705,0.5099999904632568,0.5299999713897705,29500,0.0,0.0
2019-05-08 00:00:00-04:00,0.5099999904632568,0.5299999713897705,0.5099999904632568,0.5299999713897705,18200,0.0,0.0
2019-05-09 00:00:00-04:00,0.5099999904632568,0.5299999713897705,0.5,0.5,19300,0.0,0.0
2019-05-10 00:00:00-04:00,0.5,0.5199999809265137,0.5,0.5,14700,0.0,0.0
2019-05-13 00:00:00-04:00,0.5,0.5099999904632568,0.5,0.5099999904632568,38200,0.0,0.0
2019-05-14 00:00:00-04:00,0.5,0.5199999809265137,0.5,0.5199999809265137,10400,0.0,0.0
2019-05-15 00:00:00-04:00,0.5,0.5199999809265137,0.5,0.5199999809265137,8400,0.0,0.0
2019-05-16 00:00:00-04:00,0.5,0.5199999809265137,0.5,0.5199999809265137,9500,0.0,0.0
2019-05-17 00:00:00-04:00,0.5,0.5400000214576721,0.5,0.5400000214576721,35100,0.0,0.0
2019-05-20 00:00:00-04:00,0.550000011920929,0.550000011920929,0.5099999904632568,0.550000011920929,19000,0.0,0.0
2019-05-21 00:00:00-04:00,0.550000011920929,0.5799999833106995,0.5099999904632568,0.5600000023841858,49000,0.0,0.0
2019-05-22 00:00:00-04:00,0.5600000023841858,0.5799999833106995,0.5400000214576721,0.5799999833106995,52600,0.0,0.0
2019-05-23 00:00:00-04:00,0.5799999833106995,0.5799999833106995,0.5299999713897705,0.5699999928474426,60000,0.0,0.0
2019-05-24 00:00:00-04:00,0.550000011920929,0.5699999928474426,0.49000000953674316,0.5699999928474426,82400,0.0,0.0
2019-05-28 00:00:00-04:00,0.5799999833106995,0.5799999833106995,0.5299999713897705,0.5699999928474426,11200,0.0,0.0
2019-05-29 00:00:00-04:00,0.5400000214576721,0.6200000047683716,0.5099999904632568,0.6200000047683716,239500,0.0,0.0
2019-05-30 00:00:00-04:00,0.6200000047683716,0.6499999761581421,0.5199999809265137,0.6299999952316284,175500,0.0,0.0
2019-05-31 00:00:00-04:00,0.5699999928474426,0.6299999952316284,0.5600000023841858,0.5699999928474426,68000,0.0,0.0
2019-06-03 00:00:00-04:00,0.6200000047683716,0.6299999952316284,0.5699999928474426,0.6000000238418579,76400,0.0,0.0
2019-06-04 00:00:00-04:00,0.6200000047683716,0.6200000047683716,0.5699999928474426,0.6100000143051147,42600,0.0,0.0
2019-06-05 00:00:00-04:00,0.6200000047683716,0.6200000047683716,0.5699999928474426,0.6000000238418579,47900,0.0,0.0
2019-06-06 00:00:00-04:00,0.5699999928474426,0.6000000238418579,0.5099999904632568,0.5699999928474426,85400,0.0,0.0
2019-06-07 00:00:00-04:00,0.5600000023841858,0.6000000238418579,0.5600000023841858,0.5899999737739563,85600,0.0,0.0
2019-06-10 00:00:00-04:00,0.6000000238418579,0.6000000238418579,0.5600000023841858,0.5699999928474426,17500,0.0,0.0
2019-06-11 00:00:00-04:00,0.5899999737739563,0.5899999737739563,0.5600000023841858,0.5600000023841858,24600,0.0,0.0
2019-06-12 00:00:00-04:00,0.5600000023841858,0.5799999833106995,0.5199999809265137,0.5699999928474426,109100,0.0,0.0
2019-06-13 00:00:00-04:00,0.550000011920929,0.5899999737739563,0.550000011920929,0.5899999737739563,51900,0.0,0.0
2019-06-14 00:00:00-04:00,0.5600000023841858,0.5899999737739563,0.5600000023841858,0.5899999737739563,51400,0.0,0.0
2019-06-17 00:00:00-04:00,0.5899999737739563,0.5899999737739563,0.5600000023841858,0.5600000023841858,12300,0.0,0.0
2019-06-18 00:00:00-04:00,0.5600000023841858,0.5899999737739563,0.5600000023841858,0.5799999833106995,18400,0.0,0.0
2019-06-19 00:00:00-04:00,0.5799999833106995,0.5899999737739563,0.5600000023841858,0.5699999928474426,17300,0.0,0.0
2019-06-20 00:00:00-04:00,0.5799999833106995,0.5899999737739563,0.5699999928474426,0.5699999928474426,27600,0.0,0.0
2019-06-21 00:00:00-04:00,0.5799999833106995,0.5799999833106995,0.46000000834465027,0.46000000834465027,22400,0.0,0.0
2019-06-24 00:00:00-04:00,0.550000011920929,0.5699999928474426,0.5299999713897705,0.5699999928474426,38000,0.0,0.0
2019-06-25 00:00:00-04:00,0.5699999928474426,0.5699999928474426,0.5400000214576721,0.550000011920929,18700,0.0,0.0
2019-06-26 00:00:00-04:00,0.5299999713897705,0.5600000023841858,0.5299999713897705,0.5600000023841858,14200,0.0,0.0
2019-06-27 00:00:00-04:00,0.550000011920929,0.5699999928474426,0.5400000214576721,0.5600000023841858,17900,0.0,0.0
2019-06-28 00:00:00-04:00,0.5600000023841858,0.5899999737739563,0.550000011920929,0.5600000023841858,51900,0.0,0.0
2019-07-01 00:00:00-04:00,0.5899999737739563,0.6100000143051147,0.5600000023841858,0.5600000023841858,38200,0.0,0.0
2019-07-02 00:00:00-04:00,0.5899999737739563,0.6100000143051147,0.5899999737739563,0.6100000143051147,16100,0.0,0.0
2019-07-03 00:00:00-04:00,0.6299999952316284,0.6299999952316284,0.5899999737739563,0.5899999737739563,42700,0.0,0.0
2019-07-05 00:00:00-04:00,0.5799999833106995,0.5899999737739563,0.5699999928474426,0.5699999928474426,11200,0.0,0.0
2019-07-08 00:00:00-04:00,0.5899999737739563,0.5899999737739563,0.5699999928474426,0.5799999833106995,19400,0.0,0.0
2019-07-09 00:00:00-04:00,0.5799999833106995,0.5899999737739563,0.5699999928474426,0.5699999928474426,5900,0.0,0.0
2019-07-10 00:00:00-04:00,0.5799999833106995,0.6100000143051147,0.5699999928474426,0.6100000143051147,17300,0.0,0.0
2019-07-11 00:00:00-04:00,0.6000000238418579,0.6399999856948853,0.6000000238418579,0.6399999856948853,56700,0.0,0.0
2019-07-12 00:00:00-04:00,0.6200000047683716,0.6399999856948853,0.6200000047683716,0.6200000047683716,30700,0.0,0.0
2019-07-15 00:00:00-04:00,0.6399999856948853,0.6399999856948853,0.6200000047683716,0.6399999856948853,14900,0.0,0.0
2019-07-16 00:00:00-04:00,0.6299999952316284,0.6399999856948853,0.6200000047683716,0.6399999856948853,18100,0.0,0.0
2019-07-17 00:00:00-04:00,0.6399999856948853,0.6399999856948853,0.6000000238418579,0.6399999856948853,21500,0.0,0.0
2019-07-18 00:00:00-04:00,0.6299999952316284,0.6399999856948853,0.6200000047683716,0.6399999856948853,23400,0.0,0.0
2019-07-19 00:00:00-04:00,0.6299999952316284,0.6399999856948853,0.6200000047683716,0.6399999856948853,11000,0.0,0.0
2019-07-22 00:00:00-04:00,0.6200000047683716,0.6399999856948853,0.6200000047683716,0.6399999856948853,9700,0.0,0.0
2019-07-23 00:00:00-04:00,0.6200000047683716,0.6399999856948853,0.6000000238418579,0.6299999952316284,28600,0.0,0.0
2019-07-24 00:00:00-04:00,0.6200000047683716,0.6200000047683716,0.6000000238418579,0.6200000047683716,3100,0.0,0.0
2019-07-25 00:00:00-04:00,0.6100000143051147,0.6800000071525574,0.6100000143051147,0.6700000166893005,68000,0.0,0.0
2019-07-26 00:00:00-04:00,0.6399999856948853,0.7799999713897705,0.6399999856948853,0.7699999809265137,161100,0.0,0.0
2019-07-29 00:00:00-04:00,0.75,0.75,0.6600000262260437,0.75,68700,0.0,0.0
2019-07-30 00:00:00-04:00,0.75,0.75,0.7300000190734863,0.75,38800,0.0,0.0
2019-07-31 00:00:00-04:00,0.75,0.800000011920929,0.7200000286102295,0.7300000190734863,116600,0.0,0.0
2019-08-01 00:00:00-04:00,0.7200000286102295,0.800000011920929,0.7200000286102295,0.7300000190734863,62800,0.0,0.0
2019-08-02 00:00:00-04:00,0.7599999904632568,0.800000011920929,0.7300000190734863,0.7400000095367432,30700,0.0,0.0
2019-08-05 00:00:00-04:00,0.75,0.75,0.6399999856948853,0.7300000190734863,173500,0.0,0.0
2019-08-06 00:00:00-04:00,0.699999988079071,0.75,0.6700000166893005,0.7200000286102295,32900,0.0,0.0
2019-08-07 00:00:00-04:00,0.75,0.75,0.6600000262260437,0.6899999976158142,52300,0.0,0.0
2019-08-08 00:00:00-04:00,0.7300000190734863,0.7400000095367432,0.6700000166893005,0.7099999785423279,43700,0.0,0.0
2019-08-09 00:00:00-04:00,0.7300000190734863,0.75,0.699999988079071,0.7300000190734863,86900,0.0,0.0
2019-08-12 00:00:00-04:00,0.75,0.7900000214576721,0.6800000071525574,0.7900000214576721,294700,0.0,0.0
2019-08-13 00:00:00-04:00,0.800000011920929,0.800000011920929,0.7200000286102295,0.7900000214576721,36500,0.0,0.0
2019-08-14 00:00:00-04:00,0.7900000214576721,0.7900000214576721,0.7200000286102295,0.7699999809265137,57300,0.0,0.0
2019-08-15 00:00:00-04:00,0.7300000190734863,0.7900000214576721,0.6499999761581421,0.6899999976158142,108000,0.0,0.0
2019-08-16 00:00:00-04:00,0.699999988079071,0.7099999785423279,0.6499999761581421,0.6499999761581421,46200,0.0,0.0
2019-08-19 00:00:00-04:00,0.6499999761581421,0.6899999976158142,0.6499999761581421,0.6800000071525574,5400,0.0,0.0
2019-08-20 00:00:00-04:00,0.6600000262260437,0.7099999785423279,0.6499999761581421,0.7099999785423279,18000,0.0,0.0
2019-08-21 00:00:00-04:00,0.699999988079071,0.7099999785423279,0.6399999856948853,0.6700000166893005,51600,0.0,0.0
2019-08-22 00:00:00-04:00,0.6600000262260437,0.6899999976158142,0.6600000262260437,0.6899999976158142,11200,0.0,0.0
2019-08-23 00:00:00-04:00,0.6700000166893005,0.6800000071525574,0.6399999856948853,0.6499999761581421,62500,0.0,0.0
2019-08-26 00:00:00-04:00,0.6600000262260437,0.6700000166893005,0.6399999856948853,0.6600000262260437,28900,0.0,0.0
2019-08-27 00:00:00-04:00,0.6700000166893005,0.6700000166893005,0.6299999952316284,0.6600000262260437,63900,0.0,0.0
2019-08-28 00:00:00-04:00,0.6700000166893005,0.6700000166893005,0.6399999856948853,0.6700000166893005,19100,0.0,0.0
2019-08-29 00:00:00-04:00,0.6399999856948853,0.6800000071525574,0.6299999952316284,0.6399999856948853,50000,0.0,0.0
2019-08-30 00:00:00-04:00,0.6499999761581421,0.6800000071525574,0.6399999856948853,0.6700000166893005,26100,0.0,0.0
2019-09-03 00:00:00-04:00,0.6600000262260437,0.6800000071525574,0.6299999952316284,0.6700000166893005,51400,0.0,0.0
2019-09-04 00:00:00-04:00,0.6499999761581421,0.6899999976158142,0.6499999761581421,0.6899999976158142,23900,0.0,0.0
2019-09-05 00:00:00-04:00,0.6700000166893005,0.6899999976158142,0.6499999761581421,0.6499999761581421,57200,0.0,0.0
2019-09-06 00:00:00-04:00,0.6600000262260437,0.6600000262260437,0.6399999856948853,0.6399999856948853,35600,0.0,0.0
2019-09-09 00:00:00-04:00,0.6399999856948853,0.6499999761581421,0.5600000023841858,0.6000000238418579,63100,0.0,0.0
2019-09-10 00:00:00-04:00,0.6000000238418579,0.6299999952316284,0.5799999833106995,0.6100000143051147,23600,0.0,0.0
2019-09-11 00:00:00-04:00,0.5899999737739563,0.6200000047683716,0.5899999737739563,0.6100000143051147,26900,0.0,0.0
2019-09-12 00:00:00-04:00,0.5899999737739563,0.6000000238418579,0.5600000023841858,0.5799999833106995,47800,0.0,0.0
2019-09-13 00:00:00-04:00,0.5799999833106995,0.6200000047683716,0.550000011920929,0.6100000143051147,50200,0.0,0.0
2019-09-16 00:00:00-04:00,0.6100000143051147,0.6100000143051147,0.5600000023841858,0.5600000023841858,56000,0.0,0.0
2019-09-17 00:00:00-04:00,0.6000000238418579,0.6200000047683716,0.5899999737739563,0.6100000143051147,131000,0.0,0.0
2019-09-18 00:00:00-04:00,0.5799999833106995,0.6899999976158142,0.5600000023841858,0.5799999833106995,111500,0.0,0.0
2019-09-19 00:00:00-04:00,0.5600000023841858,0.5799999833106995,0.550000011920929,0.5699999928474426,13000,0.0,0.0
2019-09-20 00:00:00-04:00,0.5699999928474426,0.5899999737739563,0.5699999928474426,0.5899999737739563,73600,0.0,0.0
2019-09-23 00:00:00-04:00,0.6200000047683716,0.6200000047683716,0.5699999928474426,0.5799999833106995,17300,0.0,0.0
2019-09-24 00:00:00-04:00,0.5699999928474426,0.6100000143051147,0.550000011920929,0.5799999833106995,62200,0.0,0.0
2019-09-25 00:00:00-04:00,0.6000000238418579,0.6000000238418579,0.5699999928474426,0.5799999833106995,11400,0.0,0.0
2019-09-26 00:00:00-04:00,0.5799999833106995,0.6100000143051147,0.5600000023841858,0.5600000023841858,11600,0.0,0.0
2019-09-27 00:00:00-04:00,0.5799999833106995,0.6100000143051147,0.550000011920929,0.550000011920929,16800,0.0,0.0
2019-09-30 00:00:00-04:00,0.5600000023841858,0.5699999928474426,0.550000011920929,0.5600000023841858,11600,0.0,0.0
2019-10-01 00:00:00-04:00,0.5600000023841858,0.5699999928474426,0.550000011920929,0.5600000023841858,27100,0.0,0.0
2019-10-02 00:00:00-04:00,0.5699999928474426,0.5699999928474426,0.49000000953674316,0.49000000953674316,10500,0.0,0.0
2019-10-03 00:00:00-04:00,0.550000011920929,0.5699999928474426,0.47999998927116394,0.5199999809265137,32200,0.0,0.0
2019-10-04 00:00:00-04:00,0.5400000214576721,0.5600000023841858,0.5299999713897705,0.5600000023841858,7300,0.0,0.0
2019-10-07 00:00:00-04:00,0.5400000214576721,0.5699999928474426,0.5299999713897705,0.5299999713897705,38800,0.0,0.0
2019-10-08 00:00:00-04:00,0.5299999713897705,0.5600000023841858,0.5299999713897705,0.5600000023841858,4400,0.0,0.0
2019-10-09 00:00:00-04:00,0.5899999737739563,0.5899999737739563,0.5299999713897705,0.550000011920929,11800,0.0,0.0
2019-10-10 00:00:00-04:00,0.550000011920929,0.5699999928474426,0.5400000214576721,0.5400000214576721,4900,0.0,0.0
2019-10-11 00:00:00-04:00,0.5299999713897705,0.5600000023841858,0.5099999904632568,0.5299999713897705,32100,0.0,0.0
2019-10-14 00:00:00-04:00,0.550000011920929,0.5600000023841858,0.5400000214576721,0.5600000023841858,9100,0.0,0.0
2019-10-15 00:00:00-04:00,0.5400000214576721,0.5600000023841858,0.5400000214576721,0.5600000023841858,17400,0.0,0.0
2019-10-16 00:00:00-04:00,0.5400000214576721,0.5600000023841858,0.5199999809265137,0.550000011920929,9000,0.0,0.0
2019-10-17 00:00:00-04:00,0.5400000214576721,0.5600000023841858,0.5199999809265137,0.550000011920929,2200,0.0,0.0
2019-10-18 00:00:00-04:00,0.5299999713897705,0.5600000023841858,0.5199999809265137,0.5600000023841858,16600,0.0,0.0
2019-10-21 00:00:00-04:00,0.550000011920929,0.5600000023841858,0.46000000834465027,0.5099999904632568,54700,0.0,0.0
2019-10-22 00:00:00-04:00,0.5099999904632568,0.5299999713897705,0.5099999904632568,0.5199999809265137,11600,0.0,0.0
2019-10-23 00:00:00-04:00,0.5,0.5199999809265137,0.49000000953674316,0.5,43400,0.0,0.0
2019-10-24 00:00:00-04:00,0.49000000953674316,0.49000000953674316,0.4699999988079071,0.49000000953674316,11500,0.0,0.0
2019-10-25 00:00:00-04:00,0.4699999988079071,0.5,0.46000000834465027,0.5,39200,0.0,0.0
2019-10-28 00:00:00-04:00,0.49000000953674316,0.5,0.4699999988079071,0.5,66700,0.0,0.0
2019-10-29 00:00:00-04:00,0.47999998927116394,0.5,0.47999998927116394,0.47999998927116394,26500,0.0,0.0
2019-10-30 00:00:00-04:00,0.5,0.5,0.49000000953674316,0.5,30100,0.0,0.0
2019-10-31 00:00:00-04:00,0.5,0.5400000214576721,0.49000000953674316,0.5,25600,0.0,0.0
2019-11-01 00:00:00-04:00,0.5099999904632568,0.5400000214576721,0.5099999904632568,0.5099999904632568,15800,0.0,0.0
2019-11-04 00:00:00-05:00,0.5199999809265137,0.5199999809265137,0.4300000071525574,0.44999998807907104,114300,0.0,0.0
2019-11-05 00:00:00-05:00,0.47999998927116394,0.5,0.44999998807907104,0.47999998927116394,12700,0.0,0.0
2019-11-06 00:00:00-05:00,0.47999998927116394,0.47999998927116394,0.44999998807907104,0.47999998927116394,6700,0.0,0.0
2019-11-07 00:00:00-05:00,0.4399999976158142,0.47999998927116394,0.41999998688697815,0.4300000071525574,54900,0.0,0.0
2019-11-08 00:00:00-05:00,0.46000000834465027,0.46000000834465027,0.41999998688697815,0.44999998807907104,8500,0.0,0.0
2019-11-11 00:00:00-05:00,0.4399999976158142,0.4699999988079071,0.4300000071525574,0.44999998807907104,24600,0.0,0.0
2019-11-12 00:00:00-05:00,0.46000000834465027,0.46000000834465027,0.4300000071525574,0.46000000834465027,11400,0.0,0.0
2019-11-13 00:00:00-05:00,0.4300000071525574,0.46000000834465027,0.4300000071525574,0.44999998807907104,6800,0.0,0.0
2019-11-14 00:00:00-05:00,0.4300000071525574,0.44999998807907104,0.4300000071525574,0.4300000071525574,1400,0.0,0.0
2019-11-15 00:00:00-05:00,0.44999998807907104,0.5,0.44999998807907104,0.47999998927116394,48100,0.0,0.0
2019-11-18 00:00:00-05:00,0.47999998927116394,0.5,0.46000000834465027,0.47999998927116394,41000,0.0,0.0
2019-11-19 00:00:00-05:00,0.4699999988079071,0.5,0.4300000071525574,0.5,42900,0.0,0.0
2019-11-20 00:00:00-05:00,0.47999998927116394,0.5099999904632568,0.46000000834465027,0.46000000834465027,94600,0.0,0.0
2019-11-21 00:00:00-05:00,0.4699999988079071,0.47999998927116394,0.44999998807907104,0.44999998807907104,6700,0.0,0.0
2019-11-22 00:00:00-05:00,0.47999998927116394,0.47999998927116394,0.4399999976158142,0.4399999976158142,7400,0.0,0.0
2019-11-25 00:00:00-05:00,0.46000000834465027,0.46000000834465027,0.4300000071525574,0.4300000071525574,14000,0.0,0.0
2019-11-26 00:00:00-05:00,0.4300000071525574,0.4399999976158142,0.41999998688697815,0.41999998688697815,6100,0.0,0.0
2019-11-27 00:00:00-05:00,0.41999998688697815,0.4300000071525574,0.3499999940395355,0.4300000071525574,50100,0.0,0.0
2019-11-29 00:00:00-05:00,0.4300000071525574,0.4300000071525574,0.4099999964237213,0.4099999964237213,24200,0.0,0.0
2019-12-02 00:00:00-05:00,0.41999998688697815,0.4300000071525574,0.38999998569488525,0.41999998688697815,42000,0.0,0.0
2019-12-03 00:00:00-05:00,0.4000000059604645,0.4300000071525574,0.3700000047683716,0.4300000071525574,81100,0.0,0.0
2019-12-04 00:00:00-05:00,0.4300000071525574,0.4300000071525574,0.3700000047683716,0.4000000059604645,20000,0.0,0.0
2019-12-05 00:00:00-05:00,0.38999998569488525,0.4099999964237213,0.3799999952316284,0.3799999952316284,28900,0.0,0.0
2019-12-06 00:00:00-05:00,0.38999998569488525,0.4099999964237213,0.3799999952316284,0.3799999952316284,23800,0.0,0.0
2019-12-09 00:00:00-05:00,0.38999998569488525,0.4099999964237213,0.38999998569488525,0.4000000059604645,26700,0.0,0.0
2019-12-10 00:00:00-05:00,0.38999998569488525,0.4099999964237213,0.38999998569488525,0.4000000059604645,11700,0.0,0.0
2019-12-11 00:00:00-05:00,0.38999998569488525,0.4000000059604645,0.3799999952316284,0.38999998569488525,15700,0.0,0.0
2019-12-12 00:00:00-05:00,0.3799999952316284,0.4000000059604645,0.3700000047683716,0.38999998569488525,21300,0.0,0.0
2019-12-13 00:00:00-05:00,0.38999998569488525,0.4000000059604645,0.3700000047683716,0.3700000047683716,40300,0.0,0.0
2019-12-16 00:00:00-05:00,0.3700000047683716,0.3700000047683716,0.3400000035762787,0.3700000047683716,90700,0.0,0.0
2019-12-17 00:00:00-05:00,0.3700000047683716,0.3799999952316284,0.36000001430511475,0.3799999952316284,29600,0.0,0.0
2019-12-18 00:00:00-05:00,0.3700000047683716,0.38999998569488525,0.36000001430511475,0.3799999952316284,19100,0.0,0.0
2019-12-19 00:00:00-05:00,0.38999998569488525,0.38999998569488525,0.3700000047683716,0.38999998569488525,10000,0.0,0.0
2019-12-20 00:00:00-05:00,0.38999998569488525,0.38999998569488525,0.3700000047683716,0.3799999952316284,19400,0.0,0.0
2019-12-23 00:00:00-05:00,0.3799999952316284,0.38999998569488525,0.3799999952316284,0.3799999952316284,24800,0.0,0.0
2019-12-24 00:00:00-05:00,0.38999998569488525,0.41999998688697815,0.38999998569488525,0.4099999964237213,9100,0.0,0.0
2019-12-26 00:00:00-05:00,0.4000000059604645,0.4000000059604645,0.38999998569488525,0.4000000059604645,43400,0.0,0.0
2019-12-27 00:00:00-05:00,0.38999998569488525,0.4099999964237213,0.38999998569488525,0.4000000059604645,5900,0.0,0.0
2019-12-30 00:00:00-05:00,0.38999998569488525,0.4099999964237213,0.3700000047683716,0.3799999952316284,38500,0.0,0.0
2019-12-31 00:00:00-05:00,0.4000000059604645,0.4000000059604645,0.3799999952316284,0.38999998569488525,14100,0.0,0.0
2020-01-02 00:00:00-05:00,0.41999998688697815,0.4300000071525574,0.38999998569488525,0.4300000071525574,18300,0.0,0.0
2020-01-03 00:00:00-05:00,0.4300000071525574,0.4300000071525574,0.4099999964237213,0.4099999964237213,56700,0.0,0.0
2020-01-06 00:00:00-05:00,0.41999998688697815,0.4300000071525574,0.41999998688697815,0.41999998688697815,82800,0.0,0.0
2020-01-07 00:00:00-05:00,0.41999998688697815,0.41999998688697815,0.3700000047683716,0.38999998569488525,49100,0.0,0.0
2020-01-08 00:00:00-05:00,0.38999998569488525,0.4099999964237213,0.3700000047683716,0.3700000047683716,69100,0.0,0.0
2020-01-09 00:00:00-05:00,0.4300000071525574,0.4300000071525574,0.3700000047683716,0.3700000047683716,18400,0.0,0.0
2020-01-10 00:00:00-05:00,0.3499999940395355,0.4000000059604645,0.3499999940395355,0.3799999952316284,47000,0.0,0.0
2020-01-13 00:00:00-05:00,0.36000001430511475,0.4000000059604645,0.36000001430511475,0.3799999952316284,8300,0.0,0.0
2020-01-14 00:00:00-05:00,0.38999998569488525,0.38999998569488525,0.3799999952316284,0.3799999952316284,10300,0.0,0.0
2020-01-15 00:00:00-05:00,0.3799999952316284,0.38999998569488525,0.3700000047683716,0.3700000047683716,7800,0.0,0.0
2020-01-16 00:00:00-05:00,0.3799999952316284,0.3799999952316284,0.3499999940395355,0.3700000047683716,20500,0.0,0.0
2020-01-17 00:00:00-05:00,0.3700000047683716,0.4000000059604645,0.3499999940395355,0.4000000059604645,47800,0.0,0.0
2020-01-21 00:00:00-05:00,0.4000000059604645,0.4000000059604645,0.38999998569488525,0.38999998569488525,19200,0.0,0.0
2020-01-22 00:00:00-05:00,0.4000000059604645,0.4000000059604645,0.38999998569488525,0.4000000059604645,40300,0.0,0.0
2020-01-23 00:00:00-05:00,0.38999998569488525,0.4000000059604645,0.38999998569488525,0.38999998569488525,31900,0.0,0.0
2020-01-24 00:00:00-05:00,0.38999998569488525,0.4000000059604645,0.38999998569488525,0.4000000059604645,24100,0.0,0.0
2020-01-27 00:00:00-05:00,0.3799999952316284,0.4000000059604645,0.3700000047683716,0.3799999952316284,22200,0.0,0.0
2020-01-28 00:00:00-05:00,0.38999998569488525,0.4000000059604645,0.3700000047683716,0.4000000059604645,13000,0.0,0.0
2020-01-29 00:00:00-05:00,0.38999998569488525,0.4000000059604645,0.3799999952316284,0.38999998569488525,10900,0.0,0.0
2020-01-30 00:00:00-05:00,0.38999998569488525,0.4000000059604645,0.38999998569488525,0.38999998569488525,14300,0.0,0.0
2020-01-31 00:00:00-05:00,0.4000000059604645,0.4099999964237213,0.38999998569488525,0.4099999964237213,8900,0.0,0.0
2020-02-03 00:00:00-05:00,0.4099999964237213,0.46000000834465027,0.4099999964237213,0.4099999964237213,74700,0.0,0.0
2020-02-04 00:00:00-05:00,0.38999998569488525,0.46000000834465027,0.38999998569488525,0.4099999964237213,17300,0.0,0.0
2020-02-05 00:00:00-05:00,0.4300000071525574,0.4300000071525574,0.4099999964237213,0.41999998688697815,21200,0.0,0.0
2020-02-06 00:00:00-05:00,0.4300000071525574,0.44999998807907104,0.4099999964237213,0.4399999976158142,9100,0.0,0.0
2020-02-07 00:00:00-05:00,0.44999998807907104,0.44999998807907104,0.4099999964237213,0.41999998688697815,7800,0.0,0.0
2020-02-10 00:00:00-05:00,0.46000000834465027,0.47999998927116394,0.4399999976158142,0.47999998927116394,39600,0.0,0.0
2020-02-11 00:00:00-05:00,0.49000000953674316,0.5,0.4399999976158142,0.4399999976158142,45400,0.0,0.0
2020-02-12 00:00:00-05:00,0.44999998807907104,0.44999998807907104,0.41999998688697815,0.44999998807907104,4300,0.0,0.0
2020-02-13 00:00:00-05:00,0.4399999976158142,0.46000000834465027,0.4000000059604645,0.44999998807907104,30600,0.0,0.0
2020-02-14 00:00:00-05:00,0.4099999964237213,0.4399999976158142,0.4000000059604645,0.4099999964237213,43300,0.0,0.0
2020-02-18 00:00:00-05:00,0.4000000059604645,0.4300000071525574,0.38999998569488525,0.4000000059604645,29100,0.0,0.0
2020-02-19 00:00:00-05:00,0.4000000059604645,0.4099999964237213,0.38999998569488525,0.4000000059604645,20800,0.0,0.0
2020-02-20 00:00:00-05:00,0.4000000059604645,0.4000000059604645,0.38999998569488525,0.4000000059604645,14800,0.0,0.0
2020-02-21 00:00:00-05:00,0.38999998569488525,0.38999998569488525,0.3799999952316284,0.38999998569488525,29100,0.0,0.0
2020-02-24 00:00:00-05:00,0.3799999952316284,0.3799999952316284,0.3700000047683716,0.3799999952316284,33300,0.0,0.0
2020-02-25 00:00:00-05:00,0.3799999952316284,0.41999998688697815,0.3700000047683716,0.4000000059604645,47100,0.0,0.0
2020-02-26 00:00:00-05:00,0.4099999964237213,0.4399999976158142,0.38999998569488525,0.41999998688697815,72400,0.0,0.0
2020-02-27 00:00:00-05:00,0.4399999976158142,0.4399999976158142,0.4000000059604645,0.4300000071525574,63500,0.0,0.0
2020-02-28 00:00:00-05:00,0.41999998688697815,0.41999998688697815,0.4000000059604645,0.4099999964237213,29900,0.0,0.0
2020-03-02 00:00:00-05:00,0.4000000059604645,0.41999998688697815,0.4000000059604645,0.4099999964237213,7200,0.0,0.0
2020-03-03 00:00:00-05:00,0.4000000059604645,0.41999998688697815,0.3700000047683716,0.3799999952316284,50200,0.0,0.0
2020-03-04 00:00:00-05:00,0.3799999952316284,0.3799999952316284,0.3700000047683716,0.3799999952316284,19100,0.0,0.0
2020-03-05 00:00:00-05:00,0.3700000047683716,0.3799999952316284,0.3700000047683716,0.3700000047683716,22800,0.0,0.0
2020-03-06 00:00:00-05:00,0.3799999952316284,0.3799999952316284,0.3700000047683716,0.3700000047683716,55100,0.0,0.0
2020-03-09 00:00:00-04:00,0.3700000047683716,0.3700000047683716,0.3499999940395355,0.3499999940395355,121500,0.0,0.0
2020-03-10 00:00:00-04:00,0.36000001430511475,0.3700000047683716,0.3499999940395355,0.36000001430511475,12800,0.0,0.0
2020-03-11 00:00:00-04:00,0.36000001430511475,0.36000001430511475,0.3199999928474426,0.36000001430511475,22300,0.0,0.0
2020-03-12 00:00:00-04:00,0.3499999940395355,0.3700000047683716,0.3400000035762787,0.3499999940395355,16600,0.0,0.0
2020-03-13 00:00:00-04:00,0.33000001311302185,0.3799999952316284,0.30000001192092896,0.3400000035762787,41800,0.0,0.0
2020-03-16 00:00:00-04:00,0.30000001192092896,0.3499999940395355,0.28999999165534973,0.3100000023841858,25800,0.0,0.0
2020-03-17 00:00:00-04:00,0.33000001311302185,0.33000001311302185,0.25,0.27000001072883606,46300,0.0,0.0
2020-03-18 00:00:00-04:00,0.30000001192092896,0.30000001192092896,0.25999999046325684,0.27000001072883606,25000,0.0,0.0
2020-03-19 00:00:00-04:00,0.28999999165534973,0.28999999165534973,0.27000001072883606,0.28999999165534973,14400,0.0,0.0
2020-03-20 00:00:00-04:00,0.30000001192092896,0.3100000023841858,0.30000001192092896,0.30000001192092896,13100,0.0,0.0
2020-03-23 00:00:00-04:00,0.2800000011920929,0.3400000035762787,0.25999999046325684,0.25999999046325684,63000,0.0,0.0
2020-03-24 00:00:00-04:00,0.27000001072883606,0.33000001311302185,0.27000001072883606,0.3100000023841858,29900,0.0,0.0
2020-03-25 00:00:00-04:00,0.3400000035762787,0.3400000035762787,0.30000001192092896,0.30000001192092896,123700,0.0,0.0
2020-03-26 00:00:00-04:00,0.3100000023841858,0.3400000035762787,0.30000001192092896,0.33000001311302185,31800,0.0,0.0
2020-03-27 00:00:00-04:00,0.3400000035762787,0.3499999940395355,0.3100000023841858,0.3499999940395355,19300,0.0,0.0
2020-03-30 00:00:00-04:00,0.3499999940395355,0.3499999940395355,0.33000001311302185,0.33000001311302185,12100,0.0,0.0
2020-03-31 00:00:00-04:00,0.3400000035762787,0.3499999940395355,0.30000001192092896,0.33000001311302185,7800,0.0,0.0
2020-04-01 00:00:00-04:00,0.3400000035762787,0.3499999940395355,0.3199999928474426,0.3499999940395355,4200,0.0,0.0
2020-04-02 00:00:00-04:00,0.33000001311302185,0.3799999952316284,0.33000001311302185,0.36000001430511475,32900,0.0,0.0
2020-04-03 00:00:00-04:00,0.3799999952316284,0.3799999952316284,0.3199999928474426,0.3799999952316284,12700,0.0,0.0
2020-04-06 00:00:00-04:00,0.3700000047683716,0.3700000047683716,0.3100000023841858,0.3199999928474426,32000,0.0,0.0
2020-04-07 00:00:00-04:00,0.3199999928474426,0.36000001430511475,0.3199999928474426,0.3499999940395355,22700,0.0,0.0
2020-04-08 00:00:00-04:00,0.3400000035762787,0.3499999940395355,0.3199999928474426,0.3499999940395355,9700,0.0,0.0
2020-04-09 00:00:00-04:00,0.33000001311302185,0.3799999952316284,0.33000001311302185,0.36000001430511475,14000,0.0,0.0
2020-04-13 00:00:00-04:00,0.3799999952316284,0.3799999952316284,0.3400000035762787,0.3799999952316284,3900,0.0,0.0
2020-04-14 00:00:00-04:00,0.3700000047683716,0.3799999952316284,0.3499999940395355,0.3700000047683716,83200,0.0,0.0
2020-04-15 00:00:00-04:00,0.3499999940395355,0.3700000047683716,0.3499999940395355,0.3700000047683716,11700,0.0,0.0
2020-04-16 00:00:00-04:00,0.3499999940395355,0.3799999952316284,0.3499999940395355,0.3700000047683716,25200,0.0,0.0
2020-04-17 00:00:00-04:00,0.36000001430511475,0.3700000047683716,0.3400000035762787,0.36000001430511475,5200,0.0,0.0
2020-04-20 00:00:00-04:00,0.3400000035762787,0.3700000047683716,0.3400000035762787,0.3700000047683716,25100,0.0,0.0
2020-04-21 00:00:00-04:00,0.3499999940395355,0.3700000047683716,0.3499999940395355,0.3700000047683716,15900,0.0,0.0
2020-04-22 00:00:00-04:00,0.3700000047683716,0.3700000047683716,0.3499999940395355,0.36000001430511475,27200,0.0,0.0
2020-04-23 00:00:00-04:00,0.36000001430511475,0.36000001430511475,0.3499999940395355,0.3499999940395355,7600,0.0,0.0
2020-04-24 00:00:00-04:00,0.36000001430511475,0.3700000047683716,0.33000001311302185,0.33000001311302185,29800,0.0,0.0
2020-04-27 00:00:00-04:00,0.3400000035762787,0.3700000047683716,0.3400000035762787,0.3499999940395355,25000,0.0,0.0
2020-04-28 00:00:00-04:00,0.3499999940395355,0.3700000047683716,0.3499999940395355,0.3700000047683716,13200,0.0,0.0
2020-04-29 00:00:00-04:00,0.36000001430511475,0.3700000047683716,0.3199999928474426,0.36000001430511475,27000,0.0,0.0
2020-04-30 00:00:00-04:00,0.3700000047683716,0.3700000047683716,0.33000001311302185,0.36000001430511475,15200,0.0,0.0
2020-05-01 00:00:00-04:00,0.36000001430511475,0.36000001430511475,0.3199999928474426,0.3499999940395355,14500,0.0,0.0
2020-05-04 00:00:00-04:00,0.3199999928474426,0.36000001430511475,0.3199999928474426,0.36000001430511475,31500,0.0,0.0
2020-05-05 00:00:00-04:00,0.33000001311302185,0.36000001430511475,0.33000001311302185,0.36000001430511475,20500,0.0,0.0
2020-05-06 00:00:00-04:00,0.36000001430511475,0.3700000047683716,0.3499999940395355,0.3700000047683716,17700,0.0,0.0
2020-05-07 00:00:00-04:00,0.3700000047683716,0.3700000047683716,0.33000001311302185,0.3499999940395355,17500,0.0,0.0
2020-05-08 00:00:00-04:00,0.3400000035762787,0.36000001430511475,0.3400000035762787,0.3499999940395355,20300,0.0,0.0
2020-05-11 00:00:00-04:00,0.36000001430511475,0.36000001430511475,0.3400000035762787,0.3400000035762787,26000,0.0,0.0
2020-05-12 00:00:00-04:00,0.36000001430511475,0.36000001430511475,0.3400000035762787,0.36000001430511475,54400,0.0,0.0
2020-05-13 00:00:00-04:00,0.36000001430511475,0.36000001430511475,0.3400000035762787,0.36000001430511475,7200,0.0,0.0
2020-05-14 00:00:00-04:00,0.3499999940395355,0.36000001430511475,0.3400000035762787,0.36000001430511475,33400,0.0,0.0
2020-05-15 00:00:00-04:00,0.3400000035762787,0.3499999940395355,0.3400000035762787,0.3499999940395355,9800,0.0,0.0
2020-05-18 00:00:00-04:00,0.3400000035762787,0.36000001430511475,0.3400000035762787,0.3400000035762787,22300,0.0,0.0
2020-05-19 00:00:00-04:00,0.3400000035762787,0.3499999940395355,0.30000001192092896,0.3400000035762787,35000,0.0,0.0
2020-05-20 00:00:00-04:00,0.33000001311302185,0.3499999940395355,0.33000001311302185,0.3400000035762787,35900,0.0,0.0
2020-05-21 00:00:00-04:00,0.33000001311302185,0.3499999940395355,0.33000001311302185,0.33000001311302185,29600,0.0,0.0
2020-05-22 00:00:00-04:00,0.3499999940395355,0.3499999940395355,0.33000001311302185,0.3400000035762787,21500,0.0,0.0
2020-05-26 00:00:00-04:00,0.3499999940395355,0.3499999940395355,0.33000001311302185,0.3400000035762787,67300,0.0,0.0
2020-05-27 00:00:00-04:00,0.3499999940395355,0.3499999940395355,0.33000001311302185,0.3400000035762787,34000,0.0,0.0
2020-05-28 00:00:00-04:00,0.36000001430511475,0.36000001430511475,0.33000001311302185,0.33000001311302185,57100,0.0,0.0
2020-05-29 00:00:00-04:00,0.3400000035762787,0.3400000035762787,0.3199999928474426,0.33000001311302185,17900,0.0,0.0
2020-06-01 00:00:00-04:00,0.3400000035762787,0.3499999940395355,0.33000001311302185,0.3400000035762787,22600,0.0,0.0
2020-06-02 00:00:00-04:00,0.33000001311302185,0.3400000035762787,0.33000001311302185,0.3400000035762787,6000,0.0,0.0
2020-06-03 00:00:00-04:00,0.33000001311302185,0.3499999940395355,0.33000001311302185,0.33000001311302185,52900,0.0,0.0
2020-06-04 00:00:00-04:00,0.3400000035762787,0.3400000035762787,0.33000001311302185,0.33000001311302185,53700,0.0,0.0
2020-06-05 00:00:00-04:00,0.3400000035762787,0.3400000035762787,0.33000001311302185,0.3400000035762787,29800,0.0,0.0
2020-06-08 00:00:00-04:00,0.3499999940395355,0.3700000047683716,0.3400000035762787,0.3700000047683716,35600,0.0,0.0
2020-06-09 00:00:00-04:00,0.3799999952316284,0.5299999713897705,0.33000001311302185,0.46000000834465027,522100,0.0,0.0
2020-06-10 00:00:00-04:00,0.5,0.5199999809265137,0.38999998569488525,0.41999998688697815,143400,0.0,0.0
2020-06-11 00:00:00-04:00,0.41999998688697815,0.4699999988079071,0.4000000059604645,0.4699999988079071,104100,0.0,0.0
2020-06-12 00:00:00-04:00,0.44999998807907104,0.4699999988079071,0.4399999976158142,0.4699999988079071,67000,0.0,0.0
2020-06-15 00:00:00-04:00,0.4399999976158142,0.4699999988079071,0.41999998688697815,0.4399999976158142,26400,0.0,0.0
2020-06-16 00:00:00-04:00,0.41999998688697815,0.44999998807907104,0.41999998688697815,0.44999998807907104,36700,0.0,0.0
2020-06-17 00:00:00-04:00,0.4300000071525574,0.44999998807907104,0.41999998688697815,0.41999998688697815,17300,0.0,0.0
2020-06-18 00:00:00-04:00,0.41999998688697815,0.5199999809265137,0.41999998688697815,0.4699999988079071,83900,0.0,0.0
2020-06-19 00:00:00-04:00,0.46000000834465027,0.5400000214576721,0.4399999976158142,0.5,206800,0.0,0.0
2020-06-22 00:00:00-04:00,0.5,0.5099999904632568,0.44999998807907104,0.5,84100,0.0,0.0
2020-06-23 00:00:00-04:00,0.5,0.5400000214576721,0.5,0.5400000214576721,91700,0.0,0.0
2020-06-24 00:00:00-04:00,0.550000011920929,0.550000011920929,0.47999998927116394,0.5299999713897705,74600,0.0,0.0
2020-06-25 00:00:00-04:00,0.5,0.5199999809265137,0.5,0.5,54400,0.0,0.0
2020-06-26 00:00:00-04:00,0.5299999713897705,0.5600000023841858,0.5,0.5099999904632568,194100,0.0,0.0
2020-06-29 00:00:00-04:00,0.5099999904632568,0.5199999809265137,0.4699999988079071,0.49000000953674316,135400,0.0,0.0
2020-06-30 00:00:00-04:00,0.44999998807907104,0.5099999904632568,0.44999998807907104,0.49000000953674316,117800,0.0,0.0
2020-07-01 00:00:00-04:00,0.5099999904632568,0.5099999904632568,0.47999998927116394,0.49000000953674316,71000,0.0,0.0
2020-07-02 00:00:00-04:00,0.5,0.5099999904632568,0.46000000834465027,0.47999998927116394,36300,0.0,0.0
2020-07-06 00:00:00-04:00,0.47999998927116394,0.5,0.47999998927116394,0.5,98400,0.0,0.0
2020-07-07 00:00:00-04:00,0.5,0.5,0.4699999988079071,0.5,38600,0.0,0.0
2020-07-08 00:00:00-04:00,0.5,0.5,0.44999998807907104,0.49000000953674316,47600,0.0,0.0
2020-07-09 00:00:00-04:00,0.44999998807907104,0.47999998927116394,0.44999998807907104,0.4699999988079071,29500,0.0,0.0
2020-07-10 00:00:00-04:00,0.4699999988079071,0.4699999988079071,0.44999998807907104,0.4699999988079071,27100,0.0,0.0
2020-07-13 00:00:00-04:00,0.4699999988079071,0.47999998927116394,0.44999998807907104,0.4699999988079071,29300,0.0,0.0
2020-07-14 00:00:00-04:00,0.47999998927116394,0.47999998927116394,0.4399999976158142,0.4699999988079071,27100,0.0,0.0
2020-07-15 00:00:00-04:00,0.44999998807907104,0.4699999988079071,0.4399999976158142,0.46000000834465027,55500,0.0,0.0
2020-07-16 00:00:00-04:00,0.4399999976158142,0.46000000834465027,0.4399999976158142,0.44999998807907104,24100,0.0,0.0
2020-07-17 00:00:00-04:00,0.4699999988079071,0.4699999988079071,0.4300000071525574,0.44999998807907104,34800,0.0,0.0
2020-07-20 00:00:00-04:00,0.4399999976158142,0.47999998927116394,0.4399999976158142,0.4399999976158142,27300,0.0,0.0
2020-07-21 00:00:00-04:00,0.44999998807907104,0.44999998807907104,0.4099999964237213,0.41999998688697815,39100,0.0,0.0
2020-07-22 00:00:00-04:00,0.41999998688697815,0.49000000953674316,0.4099999964237213,0.46000000834465027,242800,0.0,0.0
2020-07-23 00:00:00-04:00,0.44999998807907104,0.4699999988079071,0.41999998688697815,0.4300000071525574,194800,0.0,0.0
2020-07-24 00:00:00-04:00,0.46000000834465027,0.46000000834465027,0.41999998688697815,0.4300000071525574,35900,0.0,0.0
2020-07-27 00:00:00-04:00,0.46000000834465027,0.46000000834465027,0.4099999964237213,0.41999998688697815,221800,0.0,0.0
2020-07-28 00:00:00-04:00,0.4099999964237213,0.41999998688697815,0.3799999952316284,0.41999998688697815,309000,0.0,0.0
2020-07-29 00:00:00-04:00,0.4000000059604645,0.44999998807907104,0.4000000059604645,0.44999998807907104,69400,0.0,0.0
2020-07-30 00:00:00-04:00,0.4399999976158142,0.4399999976158142,0.4099999964237213,0.4099999964237213,100900,0.0,0.0
2020-07-31 00:00:00-04:00,0.4099999964237213,0.4099999964237213,0.3799999952316284,0.4000000059604645,64400,0.0,0.0
2020-08-03 00:00:00-04:00,0.44999998807907104,0.44999998807907104,0.4099999964237213,0.41999998688697815,32100,0.0,0.0
2020-08-04 00:00:00-04:00,0.4300000071525574,0.49000000953674316,0.4099999964237213,0.4699999988079071,192500,0.0,0.0
2020-08-05 00:00:00-04:00,0.5,0.5,0.44999998807907104,0.49000000953674316,77900,0.0,0.0
2020-08-06 00:00:00-04:00,0.5,0.5,0.4699999988079071,0.5,87500,0.0,0.0
2020-08-07 00:00:00-04:00,0.47999998927116394,0.5099999904632568,0.46000000834465027,0.49000000953674316,72600,0.0,0.0
2020-08-10 00:00:00-04:00,0.4699999988079071,0.5099999904632568,0.4699999988079071,0.5099999904632568,45200,0.0,0.0
2020-08-11 00:00:00-04:00,0.49000000953674316,0.5299999713897705,0.4699999988079071,0.5099999904632568,37500,0.0,0.0
2020-08-12 00:00:00-04:00,0.5099999904632568,0.5299999713897705,0.47999998927116394,0.5,54200,0.0,0.0
2020-08-13 00:00:00-04:00,0.5199999809265137,0.5199999809265137,0.47999998927116394,0.49000000953674316,38200,0.0,0.0
2020-08-14 00:00:00-04:00,0.49000000953674316,0.49000000953674316,0.4699999988079071,0.47999998927116394,28400,0.0,0.0
2020-08-17 00:00:00-04:00,0.5,0.5199999809265137,0.47999998927116394,0.5,57000,0.0,0.0
2020-08-18 00:00:00-04:00,0.47999998927116394,0.5099999904632568,0.47999998927116394,0.5,66300,0.0,0.0
2020-08-19 00:00:00-04:00,0.49000000953674316,0.5199999809265137,0.49000000953674316,0.5,39000,0.0,0.0
2020-08-20 00:00:00-04:00,0.5099999904632568,0.5199999809265137,0.49000000953674316,0.5,16900,0.0,0.0
2020-08-21 00:00:00-04:00,0.5,0.5099999904632568,0.4399999976158142,0.4699999988079071,71200,0.0,0.0
2020-08-24 00:00:00-04:00,0.47999998927116394,0.47999998927116394,0.41999998688697815,0.4399999976158142,64900,0.0,0.0
2020-08-25 00:00:00-04:00,0.4300000071525574,0.4399999976158142,0.41999998688697815,0.4399999976158142,16100,0.0,0.0
2020-08-26 00:00:00-04:00,0.4399999976158142,0.44999998807907104,0.4300000071525574,0.4399999976158142,30200,0.0,0.0
2020-08-27 00:00:00-04:00,0.46000000834465027,0.49000000953674316,0.44999998807907104,0.4699999988079071,85100,0.0,0.0
2020-08-28 00:00:00-04:00,0.4699999988079071,0.49000000953674316,0.4399999976158142,0.49000000953674316,64900,0.0,0.0
2020-08-31 00:00:00-04:00,0.44999998807907104,0.550000011920929,0.44999998807907104,0.5,229200,0.0,0.0
2020-09-01 00:00:00-04:00,0.5400000214576721,0.5400000214576721,0.4699999988079071,0.5,61400,0.0,0.0
2020-09-02 00:00:00-04:00,0.5400000214576721,0.5400000214576721,0.4699999988079071,0.5,23900,0.0,0.0
2020-09-03 00:00:00-04:00,0.5,0.5099999904632568,0.4699999988079071,0.47999998927116394,44300,0.0,0.0
2020-09-04 00:00:00-04:00,0.5,0.5099999904632568,0.46000000834465027,0.49000000953674316,30500,0.0,0.0
2020-09-08 00:00:00-04:00,0.5,0.5,0.47999998927116394,0.5,54800,0.0,0.0
2020-09-09 00:00:00-04:00,0.5099999904632568,0.5099999904632568,0.47999998927116394,0.49000000953674316,12400,0.0,0.0
2020-09-10 00:00:00-04:00,0.5,0.5,0.4699999988079071,0.49000000953674316,29200,0.0,0.0
2020-09-11 00:00:00-04:00,0.49000000953674316,0.49000000953674316,0.47999998927116394,0.47999998927116394,10200,0.0,0.0
2020-09-14 00:00:00-04:00,0.46000000834465027,0.49000000953674316,0.46000000834465027,0.49000000953674316,31900,0.0,0.0
2020-09-15 00:00:00-04:00,0.46000000834465027,0.49000000953674316,0.46000000834465027,0.49000000953674316,10900,0.0,0.0
2020-09-16 00:00:00-04:00,0.5,0.5,0.4699999988079071,0.4699999988079071,51600,0.0,0.0
2020-09-17 00:00:00-04:00,0.4699999988079071,0.49000000953674316,0.4699999988079071,0.47999998927116394,23900,0.0,0.0
2020-09-18 00:00:00-04:00,0.49000000953674316,0.49000000953674316,0.47999998927116394,0.47999998927116394,16300,0.0,0.0
2020-09-21 00:00:00-04:00,0.47999998927116394,0.47999998927116394,0.44999998807907104,0.46000000834465027,38500,0.0,0.0
2020-09-22 00:00:00-04:00,0.44999998807907104,0.47999998927116394,0.44999998807907104,0.46000000834465027,16600,0.0,0.0
2020-09-23 00:00:00-04:00,0.47999998927116394,0.47999998927116394,0.41999998688697815,0.4300000071525574,102200,0.0,0.0
2020-09-24 00:00:00-04:00,0.4399999976158142,0.46000000834465027,0.3100000023841858,0.3100000023841858,957100,0.0,0.0
2020-09-25 00:00:00-04:00,0.3400000035762787,0.3400000035762787,0.30000001192092896,0.30000001192092896,639600,0.0,0.0
2020-09-28 00:00:00-04:00,0.3199999928474426,0.3199999928474426,0.2800000011920929,0.28999999165534973,330300,0.0,0.0
2020-09-29 00:00:00-04:00,0.28999999165534973,0.30000001192092896,0.23000000417232513,0.23999999463558197,2025600,0.0,0.0
2020-09-30 00:00:00-04:00,0.27000001072883606,0.30000001192092896,0.25999999046325684,0.28999999165534973,1158000,0.0,0.0
2020-10-01 00:00:00-04:00,0.28999999165534973,0.28999999165534973,0.25999999046325684,0.27000001072883606,531600,0.0,0.0
2020-10-02 00:00:00-04:00,0.25,0.2800000011920929,0.2199999988079071,0.25999999046325684,547200,0.0,0.0
2020-10-05 00:00:00-04:00,0.25999999046325684,0.4300000071525574,0.25999999046325684,0.36000001430511475,6560100,0.0,0.0
2020-10-06 00:00:00-04:00,0.3499999940395355,0.3799999952316284,0.3100000023841858,0.3199999928474426,4576200,0.0,0.0
2020-10-07 00:00:00-04:00,0.3499999940395355,0.7300000190734863,0.3499999940395355,0.5799999833106995,54180200,0.0,0.0
2020-10-08 00:00:00-04:00,0.46000000834465027,0.6299999952316284,0.44999998807907104,0.6100000143051147,13756600,0.0,0.0
2020-10-09 00:00:00-04:00,0.550000011920929,0.550000011920929,0.4000000059604645,0.41999998688697815,4938300,0.0,0.0
2020-10-12 00:00:00-04:00,0.4000000059604645,0.4099999964237213,0.3700000047683716,0.3799999952316284,2600900,0.0,0.0
2020-10-13 00:00:00-04:00,0.38999998569488525,0.38999998569488525,0.3700000047683716,0.3700000047683716,1008400,0.0,0.0
2020-10-14 00:00:00-04:00,0.3799999952316284,0.4300000071525574,0.3700000047683716,0.4099999964237213,3142900,0.0,0.0
2020-10-15 00:00:00-04:00,0.3799999952316284,0.4300000071525574,0.3700000047683716,0.38999998569488525,2013400,0.0,0.0
2020-10-16 00:00:00-04:00,0.38999998569488525,0.38999998569488525,0.3499999940395355,0.36000001430511475,1177500,0.0,0.0
2020-10-19 00:00:00-04:00,0.36000001430511475,0.3700000047683716,0.3400000035762787,0.3400000035762787,1091600,0.0,0.0
2020-10-20 00:00:00-04:00,0.3400000035762787,0.36000001430511475,0.33000001311302185,0.33000001311302185,832900,0.0,0.0
2020-10-21 00:00:00-04:00,0.33000001311302185,0.3499999940395355,0.3199999928474426,0.33000001311302185,593300,0.0,0.0
2020-10-22 00:00:00-04:00,0.33000001311302185,0.33000001311302185,0.3100000023841858,0.33000001311302185,522300,0.0,0.0
2020-10-23 00:00:00-04:00,0.33000001311302185,0.44999998807907104,0.3100000023841858,0.3799999952316284,10115100,0.0,0.0
2020-10-26 00:00:00-04:00,0.3799999952316284,0.49000000953674316,0.3700000047683716,0.4300000071525574,8882100,0.0,0.0
2020-10-27 00:00:00-04:00,0.44999998807907104,0.47999998927116394,0.4099999964237213,0.4300000071525574,3562300,0.0,0.0
2020-10-28 00:00:00-04:00,0.3799999952316284,0.4000000059604645,0.3499999940395355,0.3799999952316284,1996700,0.0,0.0
2020-10-29 00:00:00-04:00,0.3700000047683716,0.44999998807907104,0.36000001430511475,0.4000000059604645,4241400,0.0,0.0
2020-10-30 00:00:00-04:00,0.3799999952316284,0.41999998688697815,0.3700000047683716,0.3799999952316284,1359600,0.0,0.0
2020-11-02 00:00:00-05:00,0.38999998569488525,0.4099999964237213,0.36000001430511475,0.36000001430511475,1460400,0.0,0.0
2020-11-03 00:00:00-05:00,0.3700000047683716,0.3799999952316284,0.3400000035762787,0.3499999940395355,853200,0.0,0.0
2020-11-04 00:00:00-05:00,0.3499999940395355,0.36000001430511475,0.3400000035762787,0.3499999940395355,578200,0.0,0.0
2020-11-05 00:00:00-05:00,0.36000001430511475,0.38999998569488525,0.3499999940395355,0.3700000047683716,2324500,0.0,0.0
2020-11-06 00:00:00-05:00,0.3700000047683716,0.38999998569488525,0.3499999940395355,0.36000001430511475,1788400,0.0,0.0
2020-11-09 00:00:00-05:00,0.3499999940395355,0.38999998569488525,0.3499999940395355,0.3799999952316284,3137000,0.0,0.0
2020-11-10 00:00:00-05:00,0.3799999952316284,0.3799999952316284,0.36000001430511475,0.36000001430511475,933300,0.0,0.0
2020-11-11 00:00:00-05:00,0.36000001430511475,0.3700000047683716,0.3499999940395355,0.36000001430511475,720800,0.0,0.0
2020-11-12 00:00:00-05:00,0.36000001430511475,0.36000001430511475,0.3400000035762787,0.3499999940395355,821200,0.0,0.0
2020-11-13 00:00:00-05:00,0.36000001430511475,0.3799999952316284,0.3499999940395355,0.36000001430511475,1845500,0.0,0.0
2020-11-16 00:00:00-05:00,0.36000001430511475,0.38999998569488525,0.3499999940395355,0.36000001430511475,2128000,0.0,0.0
2020-11-17 00:00:00-05:00,0.36000001430511475,0.3700000047683716,0.3499999940395355,0.3499999940395355,912800,0.0,0.0
2020-11-18 00:00:00-05:00,0.3499999940395355,0.38999998569488525,0.33000001311302185,0.3799999952316284,2688000,0.0,0.0
2020-11-19 00:00:00-05:00,0.3799999952316284,0.41999998688697815,0.36000001430511475,0.4099999964237213,4415000,0.0,0.0
2020-11-20 00:00:00-05:00,0.4000000059604645,0.44999998807907104,0.3799999952316284,0.4099999964237213,4279300,0.0,0.0
2020-11-23 00:00:00-05:00,0.4300000071525574,0.5099999904632568,0.41999998688697815,0.47999998927116394,6147700,0.0,0.0
2020-11-24 00:00:00-05:00,0.5,0.5199999809265137,0.3799999952316284,0.4000000059604645,4870600,0.0,0.0
2020-11-25 00:00:00-05:00,0.4099999964237213,0.4099999964237213,0.36000001430511475,0.38999998569488525,1680300,0.0,0.0
2020-11-27 00:00:00-05:00,0.38999998569488525,0.4000000059604645,0.3799999952316284,0.38999998569488525,842600,0.0,0.0
2020-11-30 00:00:00-05:00,0.38999998569488525,0.4300000071525574,0.38999998569488525,0.4099999964237213,1371400,0.0,0.0
2020-12-01 00:00:00-05:00,0.3799999952316284,0.41999998688697815,0.3799999952316284,0.38999998569488525,683000,0.0,0.0
2020-12-02 00:00:00-05:00,0.3799999952316284,0.4000000059604645,0.3700000047683716,0.38999998569488525,925500,0.0,0.0
2020-12-03 00:00:00-05:00,0.3799999952316284,0.4300000071525574,0.3799999952316284,0.4000000059604645,2234600,0.0,0.0
2020-12-04 00:00:00-05:00,0.4000000059604645,0.4300000071525574,0.38999998569488525,0.41999998688697815,1517500,0.0,0.0
2020-12-07 00:00:00-05:00,0.41999998688697815,0.4699999988079071,0.41999998688697815,0.46000000834465027,5314100,0.0,0.0
2020-12-08 00:00:00-05:00,0.4699999988079071,0.5299999713897705,0.46000000834465027,0.49000000953674316,7830700,0.0,0.0
2020-12-09 00:00:00-05:00,0.5,0.5099999904632568,0.4099999964237213,0.4399999976158142,2910500,0.0,0.0
2020-12-10 00:00:00-05:00,0.4300000071525574,0.4399999976158142,0.4000000059604645,0.4000000059604645,2029400,0.0,0.0
2020-12-11 00:00:00-05:00,0.41999998688697815,0.5099999904632568,0.4099999964237213,0.4699999988079071,7768300,0.0,0.0
2020-12-14 00:00:00-05:00,0.4699999988079071,0.5099999904632568,0.46000000834465027,0.4699999988079071,2611600,0.0,0.0
2020-12-15 00:00:00-05:00,0.46000000834465027,0.4699999988079071,0.4300000071525574,0.4399999976158142,1284000,0.0,0.0
2020-12-16 00:00:00-05:00,0.4300000071525574,0.4399999976158142,0.4099999964237213,0.4300000071525574,887800,0.0,0.0
2020-12-17 00:00:00-05:00,0.4300000071525574,0.4399999976158142,0.4099999964237213,0.41999998688697815,768300,0.0,0.0
2020-12-18 00:00:00-05:00,0.4300000071525574,0.4699999988079071,0.4300000071525574,0.4300000071525574,2755200,0.0,0.0
2020-12-21 00:00:00-05:00,0.4300000071525574,0.44999998807907104,0.41999998688697815,0.41999998688697815,2449200,0.0,0.0
2020-12-22 00:00:00-05:00,0.41999998688697815,0.47999998927116394,0.41999998688697815,0.4399999976158142,4007000,0.0,0.0
2020-12-23 00:00:00-05:00,0.44999998807907104,0.550000011920929,0.4300000071525574,0.5,7926900,0.0,0.0
2020-12-24 00:00:00-05:00,0.5099999904632568,0.5299999713897705,0.46000000834465027,0.4699999988079071,1368700,0.0,0.0
2020-12-28 00:00:00-05:00,0.49000000953674316,0.5799999833106995,0.4699999988079071,0.550000011920929,5597400,0.0,0.0
2020-12-29 00:00:00-05:00,0.5799999833106995,0.5899999737739563,0.49000000953674316,0.5299999713897705,4141900,0.0,0.0
2020-12-30 00:00:00-05:00,0.5400000214576721,0.5400000214576721,0.5099999904632568,0.5099999904632568,1156800,0.0,0.0
2020-12-31 00:00:00-05:00,0.5199999809265137,0.5400000214576721,0.5099999904632568,0.5199999809265137,1137700,0.0,0.0
2021-01-04 00:00:00-05:00,0.5199999809265137,0.5299999713897705,0.47999998927116394,0.5,1454300,0.0,0.0
2021-01-05 00:00:00-05:00,0.5099999904632568,0.5899999737739563,0.5,0.5699999928474426,7841500,0.0,0.0
2021-01-06 00:00:00-05:00,0.5899999737739563,0.6200000047683716,0.5199999809265137,0.5400000214576721,6415100,0.0,0.0
2021-01-07 00:00:00-05:00,0.6399999856948853,0.6800000071525574,0.5799999833106995,0.6299999952316284,9566800,0.0,0.0
2021-01-08 00:00:00-05:00,0.6399999856948853,0.7599999904632568,0.6200000047683716,0.6700000166893005,11761400,0.0,0.0
2021-01-11 00:00:00-05:00,0.7099999785423279,0.7099999785423279,0.6299999952316284,0.6600000262260437,3341600,0.0,0.0
2021-01-12 00:00:00-05:00,0.6600000262260437,0.75,0.6600000262260437,0.6600000262260437,5855100,0.0,0.0
2021-01-13 00:00:00-05:00,0.6700000166893005,0.6899999976158142,0.6499999761581421,0.6700000166893005,3247400,0.0,0.0
2021-01-14 00:00:00-05:00,0.6700000166893005,0.75,0.6399999856948853,0.699999988079071,5288300,0.0,0.0
2021-01-15 00:00:00-05:00,0.6899999976158142,0.75,0.6200000047683716,0.7099999785423279,8472500,0.0,0.0
2021-01-19 00:00:00-05:00,0.6899999976158142,0.8399999737739563,0.6800000071525574,0.800000011920929,9918100,0.0,0.0
2021-01-20 00:00:00-05:00,0.8199999928474426,0.9300000071525574,0.7300000190734863,0.8899999856948853,8466200,0.0,0.0
2021-01-21 00:00:00-05:00,0.9200000166893005,0.9300000071525574,0.8299999833106995,0.8700000047683716,7498900,0.0,0.0
2021-01-22 00:00:00-05:00,0.8899999856948853,0.8899999856948853,0.8100000023841858,0.8399999737739563,6875300,0.0,0.0
2021-01-25 00:00:00-05:00,0.8500000238418579,1.0199999809265137,0.8399999737739563,0.9300000071525574,14630500,0.0,0.0
2021-01-26 00:00:00-05:00,0.9700000286102295,1.0399999618530273,0.8799999952316284,0.949999988079071,13576800,0.0,0.0
2021-01-27 00:00:00-05:00,0.8299999833106995,0.9700000286102295,0.800000011920929,0.8399999737739563,11960800,0.0,0.0
2021-01-28 00:00:00-05:00,0.8899999856948853,0.9200000166893005,0.800000011920929,0.8500000238418579,6339900,0.0,0.0
2021-01-29 00:00:00-05:00,0.8500000238418579,0.8799999952316284,0.7699999809265137,0.8299999833106995,4340400,0.0,0.0
2021-02-01 00:00:00-05:00,0.75,0.8600000143051147,0.7400000095367432,0.8399999737739563,32839300,0.0,0.0
2021-02-02 00:00:00-05:00,0.8100000023841858,0.8299999833106995,0.7699999809265137,0.7900000214576721,11423400,0.0,0.0
2021-02-03 00:00:00-05:00,0.8199999928474426,0.8500000238418579,0.7900000214576721,0.8100000023841858,9417300,0.0,0.0
2021-02-04 00:00:00-05:00,0.8100000023841858,0.8100000023841858,0.75,0.7599999904632568,9560300,0.0,0.0
2021-02-05 00:00:00-05:00,0.7900000214576721,0.7900000214576721,0.7300000190734863,0.75,8293200,0.0,0.0
2021-02-08 00:00:00-05:00,0.7799999713897705,0.8899999856948853,0.7799999713897705,0.8600000143051147,14352400,0.0,0.0
2021-02-09 00:00:00-05:00,0.8899999856948853,1.0399999618530273,0.8799999952316284,0.9800000190734863,36798600,0.0,0.0
2021-02-10 00:00:00-05:00,1.600000023841858,1.8799999952316284,1.2100000381469727,1.7799999713897705,76724800,0.0,0.0
2021-02-11 00:00:00-05:00,1.600000023841858,1.840000033378601,1.5,1.5700000524520874,39616400,0.0,0.0
2021-02-12 00:00:00-05:00,1.5499999523162842,1.6200000047683716,1.440000057220459,1.590000033378601,15304300,0.0,0.0
2021-02-16 00:00:00-05:00,1.7599999904632568,1.840000033378601,1.6100000143051147,1.6799999475479126,16611800,0.0,0.0
2021-02-17 00:00:00-05:00,1.6799999475479126,1.6799999475479126,1.6799999475479126,1.6799999475479126,0,0.0,0.0
2021-02-18 00:00:00-05:00,1.6799999475479126,1.6799999475479126,1.6799999475479126,1.6799999475479126,0,0.0,0.0
2021-02-19 00:00:00-05:00,1.4900000095367432,2.559999942779541,1.399999976158142,2.0199999809265137,50948100,0.0,0.0
2021-02-22 00:00:00-05:00,2.0199999809265137,2.0399999618530273,1.659999966621399,1.659999966621399,12470100,0.0,0.0
2021-02-23 00:00:00-05:00,1.3200000524520874,1.690000057220459,1.0199999809265137,1.6799999475479126,20031200,0.0,0.0
2021-02-24 00:00:00-05:00,1.6799999475479126,2.299999952316284,1.6699999570846558,2.059999942779541,52323800,0.0,0.0
2021-02-25 00:00:00-05:00,1.7999999523162842,1.9500000476837158,1.5800000429153442,1.659999966621399,21015400,0.0,0.0
2021-02-26 00:00:00-05:00,1.6200000047683716,1.7300000190734863,1.3700000047683716,1.4299999475479126,13910600,0.0,0.0
2021-03-01 00:00:00-05:00,1.5499999523162842,1.649999976158142,1.5099999904632568,1.6100000143051147,9567700,0.0,0.0
2021-03-02 00:00:00-05:00,1.5099999904632568,1.5700000524520874,1.4199999570846558,1.4299999475479126,8171200,0.0,0.0
2021-03-03 00:00:00-05:00,1.440000057220459,1.4500000476837158,1.2699999809265137,1.2899999618530273,8292300,0.0,0.0
2021-03-04 00:00:00-05:00,1.190000057220459,1.3600000143051147,1.0,1.2400000095367432,17634900,0.0,0.0
2021-03-05 00:00:00-05:00,1.2400000095367432,1.2400000095367432,0.9800000190734863,1.1399999856948853,17173300,0.0,0.0
2021-03-08 00:00:00-05:00,1.190000057220459,1.2400000095367432,1.100000023841858,1.100000023841858,6006300,0.0,0.0
2021-03-09 00:00:00-05:00,1.1699999570846558,1.340000033378601,1.1399999856948853,1.3200000524520874,11089000,0.0,0.0
2021-03-10 00:00:00-05:00,1.350000023841858,1.4299999475479126,1.1100000143051147,1.2999999523162842,8733800,0.0,0.0
2021-03-11 00:00:00-05:00,1.2699999809265137,1.350000023841858,1.25,1.340000033378601,3841800,0.0,0.0
2021-03-12 00:00:00-05:00,1.2699999809265137,1.350000023841858,1.2200000286102295,1.340000033378601,3710500,0.0,0.0
2021-03-15 00:00:00-04:00,1.3799999952316284,1.4600000381469727,1.3300000429153442,1.3799999952316284,7135600,0.0,0.0
2021-03-16 00:00:00-04:00,1.399999976158142,1.409999966621399,1.2300000190734863,1.2400000095367432,5020100,0.0,0.0
2021-03-17 00:00:00-04:00,1.2300000190734863,1.309999942779541,1.1200000047683716,1.2400000095367432,5596400,0.0,0.0
2021-03-18 00:00:00-04:00,1.2599999904632568,1.409999966621399,1.2200000286102295,1.2699999809265137,8532000,0.0,0.0
2021-03-19 00:00:00-04:00,1.2300000190734863,1.340000033378601,1.2000000476837158,1.2599999904632568,5149200,0.0,0.0
2021-03-22 00:00:00-04:00,1.2799999713897705,1.340000033378601,1.25,1.2999999523162842,5973600,0.0,0.0
2021-03-23 00:00:00-04:00,1.309999942779541,1.309999942779541,1.1799999475479126,1.2000000476837158,4264800,0.0,0.0
2021-03-24 00:00:00-04:00,1.2100000381469727,1.2300000190734863,1.0800000429153442,1.1100000143051147,4658900,0.0,0.0
2021-03-25 00:00:00-04:00,1.0099999904632568,1.159999966621399,1.0099999904632568,1.159999966621399,3988000,0.0,0.0
2021-03-26 00:00:00-04:00,1.1200000047683716,1.1399999856948853,1.0800000429153442,1.1200000047683716,1791500,0.0,0.0
2021-03-29 00:00:00-04:00,1.0800000429153442,1.100000023841858,1.0399999618530273,1.0499999523162842,2180200,0.0,0.0
2021-03-30 00:00:00-04:00,1.0199999809265137,1.1399999856948853,1.0,1.1399999856948853,5194500,0.0,0.0
2021-03-31 00:00:00-04:00,1.149999976158142,1.2699999809265137,1.1100000143051147,1.2100000381469727,8368300,0.0,0.0
2021-04-01 00:00:00-04:00,1.25,1.25,1.159999966621399,1.190000057220459,2565200,0.0,0.0
2021-04-05 00:00:00-04:00,1.2300000190734863,1.2400000095367432,1.149999976158142,1.2400000095367432,5458600,0.0,0.0
2021-04-06 00:00:00-04:00,1.25,1.3799999952316284,1.2000000476837158,1.3600000143051147,6504200,0.0,0.0
2021-04-07 00:00:00-04:00,1.350000023841858,1.3899999856948853,1.2699999809265137,1.3200000524520874,6306900,0.0,0.0
2021-04-08 00:00:00-04:00,1.25,1.2799999713897705,1.1799999475479126,1.190000057220459,5225800,0.0,0.0
2021-04-09 00:00:00-04:00,1.2000000476837158,1.2000000476837158,1.0800000429153442,1.1100000143051147,3733800,0.0,0.0
2021-04-12 00:00:00-04:00,1.1200000047683716,1.1299999952316284,1.0499999523162842,1.0499999523162842,2499500,0.0,0.0
2021-04-13 00:00:00-04:00,1.0499999523162842,1.090000033378601,1.0099999904632568,1.0499999523162842,2649900,0.0,0.0
2021-04-14 00:00:00-04:00,1.0299999713897705,1.0800000429153442,1.0,1.0199999809265137,2489400,0.0,0.0
2021-04-15 00:00:00-04:00,1.0199999809265137,1.0299999713897705,0.9100000262260437,0.9200000166893005,6387400,0.0,0.0
2021-04-16 00:00:00-04:00,0.8799999952316284,0.9900000095367432,0.8199999928474426,0.949999988079071,5094400,0.0,0.0
2021-04-19 00:00:00-04:00,0.949999988079071,0.9599999785423279,0.8899999856948853,0.8999999761581421,2448500,0.0,0.0
2021-04-20 00:00:00-04:00,0.8700000047683716,0.8999999761581421,0.8299999833106995,0.8500000238418579,1964900,0.0,0.0
2021-04-21 00:00:00-04:00,0.8600000143051147,0.9200000166893005,0.8100000023841858,0.8899999856948853,3639200,0.0,0.0
2021-04-22 00:00:00-04:00,0.8899999856948853,0.9399999976158142,0.8399999737739563,0.8799999952316284,3144800,0.0,0.0
2021-04-23 00:00:00-04:00,0.8700000047683716,0.9300000071525574,0.8600000143051147,0.8799999952316284,2281400,0.0,0.0
2021-04-26 00:00:00-04:00,0.8999999761581421,1.0099999904632568,0.8899999856948853,0.9700000286102295,3696100,0.0,0.0
2021-04-27 00:00:00-04:00,1.0399999618530273,1.0399999618530273,0.9200000166893005,0.9300000071525574,1916000,0.0,0.0
2021-04-28 00:00:00-04:00,0.9300000071525574,0.949999988079071,0.8999999761581421,0.9300000071525574,1118100,0.0,0.0
2021-04-29 00:00:00-04:00,0.9399999976158142,0.9399999976158142,0.8999999761581421,0.9100000262260437,864900,0.0,0.0
2021-04-30 00:00:00-04:00,0.8999999761581421,1.0,0.8799999952316284,0.9399999976158142,6105700,0.0,0.0
2021-05-03 00:00:00-04:00,0.9800000190734863,1.0,0.9200000166893005,0.9599999785423279,2792600,0.0,0.0
2021-05-04 00:00:00-04:00,0.9399999976158142,0.9399999976158142,0.8700000047683716,0.8999999761581421,2795800,0.0,0.0
2021-05-05 00:00:00-04:00,0.8899999856948853,0.9100000262260437,0.8399999737739563,0.8399999737739563,1375300,0.0,0.0
2021-05-06 00:00:00-04:00,0.8399999737739563,0.9100000262260437,0.8299999833106995,0.8500000238418579,3451600,0.0,0.0
2021-05-07 00:00:00-04:00,0.8399999737739563,0.9100000262260437,0.8399999737739563,0.8700000047683716,1403700,0.0,0.0
2021-05-10 00:00:00-04:00,0.8999999761581421,0.9100000262260437,0.8199999928474426,0.8299999833106995,1501000,0.0,0.0
2021-05-11 00:00:00-04:00,0.7699999809265137,0.8100000023841858,0.75,0.7699999809265137,2612100,0.0,0.0
2021-05-12 00:00:00-04:00,0.7699999809265137,0.8199999928474426,0.7599999904632568,0.7699999809265137,1936500,0.0,0.0
2021-05-13 00:00:00-04:00,0.800000011920929,0.8299999833106995,0.7099999785423279,0.7400000095367432,2280800,0.0,0.0
2021-05-14 00:00:00-04:00,0.75,0.7699999809265137,0.7300000190734863,0.7400000095367432,1524700,0.0,0.0
2021-05-17 00:00:00-04:00,0.7400000095367432,0.800000011920929,0.7300000190734863,0.7799999713897705,1453500,0.0,0.0
2021-05-18 00:00:00-04:00,0.800000011920929,0.8399999737739563,0.7799999713897705,0.8399999737739563,1137200,0.0,0.0
2021-05-19 00:00:00-04:00,0.800000011920929,0.8199999928474426,0.7699999809265137,0.7900000214576721,895300,0.0,0.0
2021-05-20 00:00:00-04:00,0.7900000214576721,0.8299999833106995,0.7900000214576721,0.8199999928474426,1176100,0.0,0.0
2021-05-21 00:00:00-04:00,0.7900000214576721,0.8600000143051147,0.7900000214576721,0.8600000143051147,850500,0.0,0.0
2021-05-24 00:00:00-04:00,0.8500000238418579,0.8500000238418579,0.800000011920929,0.800000011920929,716000,0.0,0.0
2021-05-25 00:00:00-04:00,0.8299999833106995,0.8299999833106995,0.7799999713897705,0.7900000214576721,792200,0.0,0.0
2021-05-26 00:00:00-04:00,0.7900000214576721,0.8399999737739563,0.7799999713897705,0.8299999833106995,1964700,0.0,0.0
2021-05-27 00:00:00-04:00,0.8199999928474426,0.8700000047683716,0.8199999928474426,0.8399999737739563,1359100,0.0,0.0
2021-05-28 00:00:00-04:00,0.8299999833106995,0.8500000238418579,0.8199999928474426,0.8500000238418579,912900,0.0,0.0
2021-06-01 00:00:00-04:00,0.8500000238418579,0.9100000262260437,0.8399999737739563,0.8700000047683716,2650000,0.0,0.0
2021-06-02 00:00:00-04:00,0.8700000047683716,0.9399999976158142,0.8700000047683716,0.9200000166893005,3119100,0.0,0.0
2021-06-03 00:00:00-04:00,0.9399999976158142,0.9399999976158142,0.8799999952316284,0.8899999856948853,1742200,0.0,0.0
2021-06-04 00:00:00-04:00,0.9200000166893005,1.0299999713897705,0.8999999761581421,0.9599999785423279,5284500,0.0,0.0
2021-06-07 00:00:00-04:00,1.0,1.0,0.9300000071525574,0.949999988079071,2273800,0.0,0.0
2021-06-08 00:00:00-04:00,0.949999988079071,1.0,0.9300000071525574,0.9800000190734863,4789500,0.0,0.0
2021-06-09 00:00:00-04:00,0.9900000095367432,1.0399999618530273,0.9900000095367432,1.0,2610200,0.0,0.0
2021-06-10 00:00:00-04:00,1.0,1.0,0.8999999761581421,0.949999988079071,1853900,0.0,0.0
2021-06-11 00:00:00-04:00,0.949999988079071,0.9700000286102295,0.9300000071525574,0.9399999976158142,1742700,0.0,0.0
2021-06-14 00:00:00-04:00,0.9300000071525574,0.9700000286102295,0.9300000071525574,0.949999988079071,1217900,0.0,0.0
2021-06-15 00:00:00-04:00,0.9300000071525574,0.9399999976158142,0.8500000238418579,0.8799999952316284,2531300,0.0,0.0
2021-06-16 00:00:00-04:00,0.8700000047683716,0.9200000166893005,0.8700000047683716,0.9200000166893005,1289500,0.0,0.0
2021-06-17 00:00:00-04:00,0.9100000262260437,0.9100000262260437,0.8700000047683716,0.9100000262260437,942600,0.0,0.0
2021-06-18 00:00:00-04:00,0.8899999856948853,0.8899999856948853,0.8500000238418579,0.8799999952316284,1087900,0.0,0.0
2021-06-21 00:00:00-04:00,0.8700000047683716,0.8899999856948853,0.8299999833106995,0.8700000047683716,1263600,0.0,0.0
2021-06-22 00:00:00-04:00,0.8500000238418579,0.8999999761581421,0.8399999737739563,0.8999999761581421,905000,0.0,0.0
2021-06-23 00:00:00-04:00,0.9100000262260437,0.949999988079071,0.8799999952316284,0.9399999976158142,1374500,0.0,0.0
2021-06-24 00:00:00-04:00,0.9300000071525574,0.949999988079071,0.9100000262260437,0.9300000071525574,2413300,0.0,0.0
2021-06-25 00:00:00-04:00,0.9100000262260437,0.9399999976158142,0.8899999856948853,0.8899999856948853,820900,0.0,0.0
2021-06-28 00:00:00-04:00,0.9800000190734863,1.0700000524520874,0.9800000190734863,1.0099999904632568,7502300,0.0,0.0
2021-06-29 00:00:00-04:00,1.0099999904632568,1.0199999809265137,0.949999988079071,0.9700000286102295,2442100,0.0,0.0
2021-06-30 00:00:00-04:00,0.9599999785423279,1.0199999809265137,0.949999988079071,0.9900000095367432,2564600,0.0,0.0
2021-07-01 00:00:00-04:00,1.0199999809265137,1.0199999809265137,0.949999988079071,0.9700000286102295,1330300,0.0,0.0
2021-07-02 00:00:00-04:00,0.9700000286102295,1.0,0.9300000071525574,0.9599999785423279,1180800,0.0,0.0
2021-07-06 00:00:00-04:00,0.9599999785423279,0.9900000095367432,0.9300000071525574,0.9399999976158142,1527200,0.0,0.0
2021-07-07 00:00:00-04:00,0.9300000071525574,0.9399999976158142,0.8899999856948853,0.9100000262260437,1917500,0.0,0.0
2021-07-08 00:00:00-04:00,0.8500000238418579,0.8999999761581421,0.8500000238418579,0.8600000143051147,1373500,0.0,0.0
2021-07-09 00:00:00-04:00,0.8799999952316284,0.8999999761581421,0.8700000047683716,0.8999999761581421,1098100,0.0,0.0
2021-07-12 00:00:00-04:00,0.8700000047683716,0.9700000286102295,0.8500000238418579,0.9700000286102295,3352700,0.0,0.0
2021-07-13 00:00:00-04:00,0.9900000095367432,0.9900000095367432,0.9100000262260437,0.9399999976158142,3802300,0.0,0.0
2021-07-14 00:00:00-04:00,0.9399999976158142,0.9700000286102295,0.9200000166893005,0.9399999976158142,2762200,0.0,0.0
2021-07-15 00:00:00-04:00,0.9399999976158142,0.9700000286102295,0.8899999856948853,0.9200000166893005,1915100,0.0,0.0
2021-07-16 00:00:00-04:00,0.9200000166893005,0.9300000071525574,0.8600000143051147,0.8600000143051147,2793800,0.0,0.0
2021-07-19 00:00:00-04:00,0.8500000238418579,0.8799999952316284,0.8299999833106995,0.8700000047683716,3125100,0.0,0.0
2021-07-20 00:00:00-04:00,0.8700000047683716,0.9100000262260437,0.8700000047683716,0.8799999952316284,889900,0.0,0.0
2021-07-21 00:00:00-04:00,0.8799999952316284,0.9399999976158142,0.8799999952316284,0.9200000166893005,969300,0.0,0.0
2021-07-22 00:00:00-04:00,0.9200000166893005,0.9900000095367432,0.9100000262260437,0.9700000286102295,2615400,0.0,0.0
2021-07-23 00:00:00-04:00,0.9399999976158142,0.9599999785423279,0.8899999856948853,0.8999999761581421,1258100,0.0,0.0
2021-07-26 00:00:00-04:00,0.8999999761581421,0.949999988079071,0.8999999761581421,0.8999999761581421,1200900,0.0,0.0
2021-07-27 00:00:00-04:00,0.8899999856948853,1.0099999904632568,0.8899999856948853,0.949999988079071,6568500,0.0,0.0
2021-07-28 00:00:00-04:00,0.9599999785423279,1.100000023841858,0.9599999785423279,1.0299999713897705,9574700,0.0,0.0
2021-07-29 00:00:00-04:00,1.0399999618530273,1.0499999523162842,0.9399999976158142,0.9599999785423279,3426400,0.0,0.0
2021-07-30 00:00:00-04:00,0.949999988079071,1.0199999809265137,0.9399999976158142,0.9700000286102295,3189100,0.0,0.0
2021-08-02 00:00:00-04:00,0.9900000095367432,1.0499999523162842,0.949999988079071,0.9599999785423279,3385100,0.0,0.0
2021-08-03 00:00:00-04:00,0.9399999976158142,0.949999988079071,0.9100000262260437,0.9300000071525574,2606200,0.0,0.0
2021-08-04 00:00:00-04:00,0.9200000166893005,0.9800000190734863,0.8899999856948853,0.9399999976158142,3191000,0.0,0.0
2021-08-05 00:00:00-04:00,0.9300000071525574,0.9800000190734863,0.9300000071525574,0.9599999785423279,1808900,0.0,0.0
2021-08-06 00:00:00-04:00,0.9399999976158142,0.9700000286102295,0.9200000166893005,0.9599999785423279,1766200,0.0,0.0
2021-08-09 00:00:00-04:00,0.9599999785423279,1.0099999904632568,0.949999988079071,0.9900000095367432,2893400,0.0,0.0
2021-08-10 00:00:00-04:00,0.9900000095367432,1.149999976158142,0.9900000095367432,1.0800000429153442,10101000,0.0,0.0
2021-08-11 00:00:00-04:00,1.1100000143051147,1.1100000143051147,1.0099999904632568,1.0199999809265137,3405200,0.0,0.0
2021-08-12 00:00:00-04:00,1.0199999809265137,1.0399999618530273,0.9800000190734863,1.0,1961400,0.0,0.0
2021-08-13 00:00:00-04:00,0.9900000095367432,1.0,0.9200000166893005,0.9399999976158142,3611500,0.0,0.0
2021-08-16 00:00:00-04:00,0.949999988079071,0.9599999785423279,0.8999999761581421,0.8999999761581421,3292400,0.0,0.0
2021-08-17 00:00:00-04:00,0.8899999856948853,0.9399999976158142,0.8700000047683716,0.8999999761581421,2760200,0.0,0.0
2021-08-18 00:00:00-04:00,0.8899999856948853,0.9100000262260437,0.8600000143051147,0.8899999856948853,1790300,0.0,0.0
2021-08-19 00:00:00-04:00,0.8999999761581421,0.8999999761581421,0.8500000238418579,0.8500000238418579,1632400,0.0,0.0
2021-08-20 00:00:00-04:00,0.8600000143051147,0.8899999856948853,0.8500000238418579,0.8500000238418579,1190200,0.0,0.0
2021-08-23 00:00:00-04:00,0.8999999761581421,0.9100000262260437,0.8600000143051147,0.8799999952316284,951600,0.0,0.0
2021-08-24 00:00:00-04:00,0.8799999952316284,0.9100000262260437,0.8799999952316284,0.8799999952316284,791800,0.0,0.0
2021-08-25 00:00:00-04:00,0.8999999761581421,0.9100000262260437,0.8799999952316284,0.8999999761581421,2046000,0.0,0.0
2021-08-26 00:00:00-04:00,0.8899999856948853,0.9399999976158142,0.8799999952316284,0.9100000262260437,2646000,0.0,0.0
2021-08-27 00:00:00-04:00,0.8999999761581421,0.949999988079071,0.8999999761581421,0.9200000166893005,2314300,0.0,0.0
2021-08-30 00:00:00-04:00,0.9300000071525574,0.9700000286102295,0.9100000262260437,0.949999988079071,1824600,0.0,0.0
2021-08-31 00:00:00-04:00,0.9399999976158142,0.9700000286102295,0.9300000071525574,0.9399999976158142,1391100,0.0,0.0
2021-09-01 00:00:00-04:00,0.9300000071525574,0.9900000095367432,0.9300000071525574,0.9599999785423279,2107300,0.0,0.0
2021-09-02 00:00:00-04:00,0.9800000190734863,0.9900000095367432,0.949999988079071,0.9599999785423279,1142500,0.0,0.0
2021-09-03 00:00:00-04:00,0.949999988079071,0.9700000286102295,0.9300000071525574,0.9399999976158142,1340600,0.0,0.0
2021-09-07 00:00:00-04:00,0.949999988079071,0.9800000190734863,0.9399999976158142,0.9399999976158142,1518300,0.0,0.0
2021-09-08 00:00:00-04:00,0.9300000071525574,0.9700000286102295,0.8999999761581421,0.9700000286102295,3764300,0.0,0.0
2021-09-09 00:00:00-04:00,0.9700000286102295,0.9800000190734863,0.9200000166893005,0.949999988079071,1720200,0.0,0.0
2021-09-10 00:00:00-04:00,0.9399999976158142,0.9700000286102295,0.9100000262260437,0.9200000166893005,1936400,0.0,0.0
2021-09-13 00:00:00-04:00,0.9100000262260437,0.9399999976158142,0.8899999856948853,0.9100000262260437,832400,0.0,0.0
2021-09-14 00:00:00-04:00,0.9200000166893005,0.9300000071525574,0.8100000023841858,0.8500000238418579,2127900,0.0,0.0
2021-09-15 00:00:00-04:00,0.8700000047683716,0.8999999761581421,0.8600000143051147,0.8899999856948853,2789800,0.0,0.0
2021-09-16 00:00:00-04:00,0.8799999952316284,0.8899999856948853,0.8399999737739563,0.8700000047683716,1336000,0.0,0.0
2021-09-17 00:00:00-04:00,0.8600000143051147,0.8999999761581421,0.8500000238418579,0.8799999952316284,1932900,0.0,0.0
2021-09-20 00:00:00-04:00,0.8399999737739563,0.8500000238418579,0.7799999713897705,0.8199999928474426,2150300,0.0,0.0
2021-09-21 00:00:00-04:00,0.8299999833106995,0.8600000143051147,0.7699999809265137,0.8199999928474426,3598000,0.0,0.0
2021-09-22 00:00:00-04:00,0.8199999928474426,0.8399999737739563,0.800000011920929,0.8199999928474426,1076600,0.0,0.0
2021-09-23 00:00:00-04:00,0.8100000023841858,0.8700000047683716,0.8100000023841858,0.8600000143051147,3382100,0.0,0.0
2021-09-24 00:00:00-04:00,0.8500000238418579,0.8899999856948853,0.8199999928474426,0.8399999737739563,2017600,0.0,0.0
2021-09-27 00:00:00-04:00,0.8399999737739563,0.8999999761581421,0.8399999737739563,0.8899999856948853,2591600,0.0,0.0
2021-09-28 00:00:00-04:00,0.8799999952316284,0.8899999856948853,0.8500000238418579,0.8600000143051147,1605600,0.0,0.0
2021-09-29 00:00:00-04:00,0.8600000143051147,1.100000023841858,0.8600000143051147,0.9800000190734863,29759000,0.0,0.0
2021-09-30 00:00:00-04:00,0.9399999976158142,0.949999988079071,0.8700000047683716,0.9100000262260437,5355200,0.0,0.0
2021-10-01 00:00:00-04:00,0.8999999761581421,0.9100000262260437,0.8500000238418579,0.8799999952316284,2642400,0.0,0.0
2021-10-04 00:00:00-04:00,0.8899999856948853,0.9200000166893005,0.8700000047683716,0.8700000047683716,2008800,0.0,0.0
2021-10-05 00:00:00-04:00,0.8700000047683716,0.8999999761581421,0.8700000047683716,0.8799999952316284,1265000,0.0,0.0
2021-10-06 00:00:00-04:00,0.8600000143051147,0.8700000047683716,0.8299999833106995,0.8399999737739563,2120500,0.0,0.0
2021-10-07 00:00:00-04:00,0.8399999737739563,0.9200000166893005,0.8399999737739563,0.8600000143051147,3321600,0.0,0.0
2021-10-08 00:00:00-04:00,0.8600000143051147,0.9399999976158142,0.8600000143051147,0.8700000047683716,6508600,0.0,0.0
2021-10-11 00:00:00-04:00,0.8899999856948853,0.8899999856948853,0.8500000238418579,0.8500000238418579,1716100,0.0,0.0
2021-10-12 00:00:00-04:00,0.8600000143051147,0.8600000143051147,0.8299999833106995,0.8399999737739563,1197600,0.0,0.0
2021-10-13 00:00:00-04:00,0.8500000238418579,0.8600000143051147,0.8399999737739563,0.8500000238418579,605200,0.0,0.0
2021-10-14 00:00:00-04:00,0.8600000143051147,0.8700000047683716,0.8500000238418579,0.8600000143051147,564000,0.0,0.0
2021-10-15 00:00:00-04:00,0.8500000238418579,0.8700000047683716,0.8500000238418579,0.8600000143051147,590800,0.0,0.0
2021-10-18 00:00:00-04:00,0.8500000238418579,0.9100000262260437,0.8500000238418579,0.8999999761581421,1891900,0.0,0.0
2021-10-19 00:00:00-04:00,0.8899999856948853,0.949999988079071,0.8700000047683716,0.8899999856948853,4323600,0.0,0.0
2021-10-20 00:00:00-04:00,0.8700000047683716,0.9100000262260437,0.8600000143051147,0.8899999856948853,2707800,0.0,0.0
2021-10-21 00:00:00-04:00,0.8799999952316284,0.8899999856948853,0.8600000143051147,0.8799999952316284,1758600,0.0,0.0
2021-10-22 00:00:00-04:00,0.8700000047683716,0.8899999856948853,0.8299999833106995,0.8399999737739563,3165400,0.0,0.0
2021-10-25 00:00:00-04:00,0.8399999737739563,0.8899999856948853,0.8299999833106995,0.8500000238418579,3023600,0.0,0.0
2021-10-26 00:00:00-04:00,0.8500000238418579,0.8799999952316284,0.8399999737739563,0.8500000238418579,1772100,0.0,0.0
2021-10-27 00:00:00-04:00,0.8500000238418579,0.9599999785423279,0.8399999737739563,0.8799999952316284,7233400,0.0,0.0
2021-10-28 00:00:00-04:00,0.8799999952316284,0.8999999761581421,0.8500000238418579,0.8700000047683716,2362700,0.0,0.0
2021-10-29 00:00:00-04:00,0.8700000047683716,0.8899999856948853,0.8600000143051147,0.8799999952316284,1675700,0.0,0.0
2021-11-01 00:00:00-04:00,0.8799999952316284,0.9100000262260437,0.8799999952316284,0.8999999761581421,1153200,0.0,0.0
2021-11-02 00:00:00-04:00,0.8999999761581421,0.8999999761581421,0.8799999952316284,0.8899999856948853,667500,0.0,0.0
2021-11-03 00:00:00-04:00,0.8899999856948853,0.9200000166893005,0.8700000047683716,0.9100000262260437,911900,0.0,0.0
2021-11-04 00:00:00-04:00,0.8999999761581421,0.9399999976158142,0.8999999761581421,0.9100000262260437,1640600,0.0,0.0
2021-11-05 00:00:00-04:00,0.8999999761581421,0.9100000262260437,0.8999999761581421,0.8999999761581421,629200,0.0,0.0
2021-11-08 00:00:00-05:00,0.8999999761581421,0.9399999976158142,0.8999999761581421,0.9200000166893005,2466900,0.0,0.0
2021-11-09 00:00:00-05:00,0.9300000071525574,0.9399999976158142,0.8899999856948853,0.9100000262260437,812600,0.0,0.0
2021-11-10 00:00:00-05:00,0.8999999761581421,0.9100000262260437,0.8500000238418579,0.8600000143051147,1662100,0.0,0.0
2021-11-11 00:00:00-05:00,0.8700000047683716,0.8799999952316284,0.8600000143051147,0.8600000143051147,405300,0.0,0.0
2021-11-12 00:00:00-05:00,0.8600000143051147,0.8799999952316284,0.8500000238418579,0.8700000047683716,513800,0.0,0.0
2021-11-15 00:00:00-05:00,0.8799999952316284,0.8899999856948853,0.8399999737739563,0.8600000143051147,985400,0.0,0.0
2021-11-16 00:00:00-05:00,0.8500000238418579,0.8600000143051147,0.8100000023841858,0.8299999833106995,2793000,0.0,0.0
2021-11-17 00:00:00-05:00,0.8199999928474426,0.8399999737739563,0.7799999713897705,0.7900000214576721,1910700,0.0,0.0
2021-11-18 00:00:00-05:00,0.7900000214576721,0.8100000023841858,0.7300000190734863,0.7599999904632568,1905500,0.0,0.0
2021-11-19 00:00:00-05:00,0.75,0.7699999809265137,0.7200000286102295,0.7300000190734863,1199800,0.0,0.0
2021-11-22 00:00:00-05:00,0.7699999809265137,0.7699999809265137,0.6499999761581421,0.6800000071525574,3197900,0.0,0.0
2021-11-23 00:00:00-05:00,0.6899999976158142,0.6899999976158142,0.6200000047683716,0.6399999856948853,1587100,0.0,0.0
2021-11-24 00:00:00-05:00,0.6200000047683716,0.699999988079071,0.6100000143051147,0.699999988079071,1250300,0.0,0.0
2021-11-26 00:00:00-05:00,0.6200000047683716,0.6700000166893005,0.6200000047683716,0.6700000166893005,449100,0.0,0.0
2021-11-29 00:00:00-05:00,0.6899999976158142,0.699999988079071,0.6499999761581421,0.6499999761581421,505000,0.0,0.0
2021-11-30 00:00:00-05:00,0.6499999761581421,0.6600000262260437,0.6100000143051147,0.6299999952316284,1152800,0.0,0.0
2021-12-01 00:00:00-05:00,0.6299999952316284,0.6499999761581421,0.5699999928474426,0.5899999737739563,1120300,0.0,0.0
2021-12-02 00:00:00-05:00,0.5699999928474426,0.6100000143051147,0.5699999928474426,0.5799999833106995,931400,0.0,0.0
2021-12-03 00:00:00-05:00,0.6000000238418579,0.6100000143051147,0.5299999713897705,0.5299999713897705,1471700,0.0,0.0
2021-12-06 00:00:00-05:00,0.5099999904632568,0.6000000238418579,0.5,0.5899999737739563,1381500,0.0,0.0
2021-12-07 00:00:00-05:00,0.6100000143051147,0.6200000047683716,0.5699999928474426,0.5899999737739563,987300,0.0,0.0
2021-12-08 00:00:00-05:00,0.6000000238418579,0.6499999761581421,0.6000000238418579,0.6399999856948853,630200,0.0,0.0
2021-12-09 00:00:00-05:00,0.6399999856948853,0.6499999761581421,0.6100000143051147,0.6100000143051147,348900,0.0,0.0
2021-12-10 00:00:00-05:00,0.6299999952316284,0.6399999856948853,0.5799999833106995,0.5899999737739563,431700,0.0,0.0
2021-12-13 00:00:00-05:00,0.5799999833106995,0.5899999737739563,0.550000011920929,0.5600000023841858,646300,0.0,0.0
2021-12-14 00:00:00-05:00,0.5400000214576721,0.5699999928474426,0.5299999713897705,0.5400000214576721,648000,0.0,0.0
2021-12-15 00:00:00-05:00,0.5400000214576721,0.5899999737739563,0.5199999809265137,0.5600000023841858,722300,0.0,0.0
2021-12-16 00:00:00-05:00,0.5699999928474426,0.5799999833106995,0.5099999904632568,0.5199999809265137,389200,0.0,0.0
2021-12-17 00:00:00-05:00,0.5099999904632568,0.5600000023841858,0.5099999904632568,0.550000011920929,483900,0.0,0.0
2021-12-20 00:00:00-05:00,0.5199999809265137,0.5299999713897705,0.5099999904632568,0.5299999713897705,523400,0.0,0.0
2021-12-21 00:00:00-05:00,0.5400000214576721,0.550000011920929,0.5199999809265137,0.5299999713897705,718300,0.0,0.0
2021-12-22 00:00:00-05:00,0.5299999713897705,0.5400000214576721,0.5199999809265137,0.5199999809265137,676600,0.0,0.0
2021-12-23 00:00:00-05:00,0.5299999713897705,0.5400000214576721,0.5,0.5199999809265137,697700,0.0,0.0
2021-12-27 00:00:00-05:00,0.5,0.5199999809265137,0.49000000953674316,0.5,1646900,0.0,0.0
2021-12-28 00:00:00-05:00,0.49000000953674316,0.5099999904632568,0.49000000953674316,0.49000000953674316,751000,0.0,0.0
2021-12-29 00:00:00-05:00,0.49000000953674316,0.5,0.4699999988079071,0.47999998927116394,840100,0.0,0.0
2021-12-30 00:00:00-05:00,0.47999998927116394,0.5199999809265137,0.47999998927116394,0.5,1012400,0.0,0.0
2021-12-31 00:00:00-05:00,0.5,0.5199999809265137,0.49000000953674316,0.5,762300,0.0,0.0
2022-01-03 00:00:00-05:00,0.49000000953674316,0.5400000214576721,0.49000000953674316,0.5299999713897705,578900,0.0,0.0
2022-01-04 00:00:00-05:00,0.5299999713897705,0.5299999713897705,0.5099999904632568,0.5199999809265137,380700,0.0,0.0
2022-01-05 00:00:00-05:00,0.5199999809265137,0.5299999713897705,0.47999998927116394,0.49000000953674316,518900,0.0,0.0
2022-01-06 00:00:00-05:00,0.49000000953674316,0.5,0.4699999988079071,0.47999998927116394,497000,0.0,0.0
2022-01-07 00:00:00-05:00,0.47999998927116394,0.5099999904632568,0.46000000834465027,0.5,1035100,0.0,0.0
2022-01-10 00:00:00-05:00,0.5099999904632568,0.5099999904632568,0.46000000834465027,0.49000000953674316,692800,0.0,0.0
2022-01-11 00:00:00-05:00,0.49000000953674316,0.5199999809265137,0.49000000953674316,0.5,401200,0.0,0.0
2022-01-12 00:00:00-05:00,0.5099999904632568,0.550000011920929,0.5099999904632568,0.5199999809265137,1287400,0.0,0.0
2022-01-13 00:00:00-05:00,0.5199999809265137,0.5400000214576721,0.49000000953674316,0.49000000953674316,1046900,0.0,0.0
2022-01-14 00:00:00-05:00,0.49000000953674316,0.5099999904632568,0.47999998927116394,0.49000000953674316,286600,0.0,0.0
2022-01-18 00:00:00-05:00,0.49000000953674316,0.5,0.4699999988079071,0.4699999988079071,795700,0.0,0.0
2022-01-19 00:00:00-05:00,0.49000000953674316,0.49000000953674316,0.44999998807907104,0.4699999988079071,451100,0.0,0.0
2022-01-20 00:00:00-05:00,0.49000000953674316,0.49000000953674316,0.46000000834465027,0.4699999988079071,439500,0.0,0.0
2022-01-21 00:00:00-05:00,0.46000000834465027,0.4699999988079071,0.41999998688697815,0.4300000071525574,895000,0.0,0.0
2022-01-24 00:00:00-05:00,0.4099999964237213,0.4399999976158142,0.3700000047683716,0.4099999964237213,1584300,0.0,0.0
2022-01-25 00:00:00-05:00,0.4099999964237213,0.44999998807907104,0.4000000059604645,0.4300000071525574,424300,0.0,0.0
2022-01-26 00:00:00-05:00,0.4300000071525574,0.46000000834465027,0.41999998688697815,0.4399999976158142,414000,0.0,0.0
2022-01-27 00:00:00-05:00,0.4300000071525574,0.4699999988079071,0.4099999964237213,0.4300000071525574,535600,0.0,0.0
2022-01-28 00:00:00-05:00,0.41999998688697815,0.4399999976158142,0.4000000059604645,0.41999998688697815,444300,0.0,0.0
2022-01-31 00:00:00-05:00,0.41999998688697815,0.4699999988079071,0.4099999964237213,0.44999998807907104,360300,0.0,0.0
2022-02-01 00:00:00-05:00,0.4399999976158142,0.47999998927116394,0.4399999976158142,0.46000000834465027,378600,0.0,0.0
2022-02-02 00:00:00-05:00,0.46000000834465027,0.4699999988079071,0.4300000071525574,0.4399999976158142,317400,0.0,0.0
2022-02-03 00:00:00-05:00,0.4300000071525574,0.4300000071525574,0.4099999964237213,0.4099999964237213,431900,0.0,0.0
2022-02-04 00:00:00-05:00,0.4300000071525574,0.4300000071525574,0.41999998688697815,0.4300000071525574,176700,0.0,0.0
2022-02-07 00:00:00-05:00,0.41999998688697815,0.46000000834465027,0.41999998688697815,0.41999998688697815,325500,0.0,0.0
2022-02-08 00:00:00-05:00,0.4300000071525574,0.4399999976158142,0.4099999964237213,0.41999998688697815,226400,0.0,0.0
2022-02-09 00:00:00-05:00,0.4699999988079071,0.4699999988079071,0.4300000071525574,0.4399999976158142,380700,0.0,0.0
2022-02-10 00:00:00-05:00,0.4399999976158142,0.44999998807907104,0.4099999964237213,0.4099999964237213,342100,0.0,0.0
2022-02-11 00:00:00-05:00,0.4300000071525574,0.4300000071525574,0.4099999964237213,0.4099999964237213,307900,0.0,0.0
2022-02-14 00:00:00-05:00,0.4000000059604645,0.41999998688697815,0.4000000059604645,0.4000000059604645,307800,0.0,0.0
2022-02-15 00:00:00-05:00,0.4000000059604645,0.4300000071525574,0.4000000059604645,0.41999998688697815,259700,0.0,0.0
2022-02-16 00:00:00-05:00,0.41999998688697815,0.49000000953674316,0.41999998688697815,0.4399999976158142,521500,0.0,0.0
2022-02-17 00:00:00-05:00,0.44999998807907104,0.46000000834465027,0.4300000071525574,0.44999998807907104,255600,0.0,0.0
2022-02-18 00:00:00-05:00,0.44999998807907104,0.46000000834465027,0.4399999976158142,0.44999998807907104,399900,0.0,0.0
2022-02-22 00:00:00-05:00,0.4399999976158142,0.44999998807907104,0.4099999964237213,0.4300000071525574,460300,0.0,0.0
2022-02-23 00:00:00-05:00,0.44999998807907104,0.44999998807907104,0.41999998688697815,0.4399999976158142,231700,0.0,0.0
2022-02-24 00:00:00-05:00,0.4099999964237213,0.4399999976158142,0.4099999964237213,0.41999998688697815,574800,0.0,0.0
2022-02-25 00:00:00-05:00,0.4300000071525574,0.4399999976158142,0.41999998688697815,0.4300000071525574,161500,0.0,0.0
2022-02-28 00:00:00-05:00,0.4300000071525574,0.5199999809265137,0.4300000071525574,0.49000000953674316,2855700,0.0,0.0
2022-03-01 00:00:00-05:00,0.5,0.5299999713897705,0.44999998807907104,0.46000000834465027,910300,0.0,0.0
2022-03-02 00:00:00-05:00,0.4699999988079071,0.49000000953674316,0.46000000834465027,0.4699999988079071,277500,0.0,0.0
2022-03-03 00:00:00-05:00,0.46000000834465027,0.4699999988079071,0.44999998807907104,0.44999998807907104,278300,0.0,0.0
2022-03-04 00:00:00-05:00,0.44999998807907104,0.5099999904632568,0.44999998807907104,0.4699999988079071,1644500,0.0,0.0
2022-03-07 00:00:00-05:00,0.47999998927116394,0.550000011920929,0.46000000834465027,0.5299999713897705,3550000,0.0,0.0
2022-03-08 00:00:00-05:00,0.5799999833106995,0.699999988079071,0.550000011920929,0.6299999952316284,7493800,0.0,0.0
2022-03-09 00:00:00-05:00,0.6100000143051147,0.6299999952316284,0.5600000023841858,0.6100000143051147,2186900,0.0,0.0
2022-03-10 00:00:00-05:00,0.6000000238418579,0.699999988079071,0.5899999737739563,0.699999988079071,5000800,0.0,0.0
2022-03-11 00:00:00-05:00,0.6600000262260437,0.6899999976158142,0.5699999928474426,0.6000000238418579,3114800,0.0,0.0
2022-03-14 00:00:00-04:00,0.5899999737739563,0.6100000143051147,0.5199999809265137,0.5199999809265137,1495700,0.0,0.0
2022-03-15 00:00:00-04:00,0.5699999928474426,0.5699999928474426,0.5099999904632568,0.5299999713897705,976300,0.0,0.0
2022-03-16 00:00:00-04:00,0.5299999713897705,0.550000011920929,0.49000000953674316,0.49000000953674316,875700,0.0,0.0
2022-03-17 00:00:00-04:00,0.5199999809265137,0.5299999713897705,0.5099999904632568,0.5299999713897705,412900,0.0,0.0
2022-03-18 00:00:00-04:00,0.5099999904632568,0.5699999928474426,0.5099999904632568,0.5199999809265137,876900,0.0,0.0
2022-03-21 00:00:00-04:00,0.5199999809265137,0.5799999833106995,0.5099999904632568,0.5600000023841858,933300,0.0,0.0
2022-03-22 00:00:00-04:00,0.550000011920929,0.5699999928474426,0.5299999713897705,0.550000011920929,556300,0.0,0.0
2022-03-23 00:00:00-04:00,0.5699999928474426,0.5799999833106995,0.5400000214576721,0.550000011920929,627600,0.0,0.0
2022-03-24 00:00:00-04:00,0.550000011920929,0.6000000238418579,0.5400000214576721,0.5899999737739563,1141700,0.0,0.0
2022-03-25 00:00:00-04:00,0.5600000023841858,0.6000000238418579,0.550000011920929,0.5799999833106995,1225700,0.0,0.0
2022-03-28 00:00:00-04:00,0.5699999928474426,0.6000000238418579,0.550000011920929,0.5699999928474426,603400,0.0,0.0
2022-03-29 00:00:00-04:00,0.5600000023841858,0.5799999833106995,0.550000011920929,0.5600000023841858,653700,0.0,0.0
2022-03-30 00:00:00-04:00,0.5600000023841858,0.6100000143051147,0.550000011920929,0.5699999928474426,1514200,0.0,0.0
2022-03-31 00:00:00-04:00,0.5899999737739563,0.699999988079071,0.5699999928474426,0.6499999761581421,4149200,0.0,0.0
2022-04-01 00:00:00-04:00,0.6399999856948853,0.6399999856948853,0.5699999928474426,0.6000000238418579,1890700,0.0,0.0
2022-04-04 00:00:00-04:00,0.6100000143051147,0.6100000143051147,0.5699999928474426,0.5899999737739563,628100,0.0,0.0
2022-04-05 00:00:00-04:00,0.5799999833106995,0.6200000047683716,0.550000011920929,0.5699999928474426,1222500,0.0,0.0
2022-04-06 00:00:00-04:00,0.5699999928474426,0.5799999833106995,0.5299999713897705,0.5400000214576721,644400,0.0,0.0
2022-04-07 00:00:00-04:00,0.5400000214576721,0.5600000023841858,0.5199999809265137,0.5400000214576721,583100,0.0,0.0
2022-04-08 00:00:00-04:00,0.5600000023841858,0.5600000023841858,0.5400000214576721,0.550000011920929,444700,0.0,0.0
2022-04-11 00:00:00-04:00,0.5400000214576721,0.550000011920929,0.5,0.5099999904632568,888500,0.0,0.0
2022-04-12 00:00:00-04:00,0.5199999809265137,0.5299999713897705,0.47999998927116394,0.5,591400,0.0,0.0
2022-04-13 00:00:00-04:00,0.5,0.5600000023841858,0.5,0.5099999904632568,456700,0.0,0.0
2022-04-14 00:00:00-04:00,0.5099999904632568,0.5199999809265137,0.5,0.5099999904632568,193800,0.0,0.0
2022-04-18 00:00:00-04:00,0.5099999904632568,0.5099999904632568,0.47999998927116394,0.5,374600,0.0,0.0
2022-04-19 00:00:00-04:00,0.49000000953674316,0.5099999904632568,0.47999998927116394,0.5,264300,0.0,0.0
2022-04-20 00:00:00-04:00,0.5,0.5,0.49000000953674316,0.5,204300,0.0,0.0
2022-04-21 00:00:00-04:00,0.49000000953674316,0.5,0.44999998807907104,0.4699999988079071,437000,0.0,0.0
2022-04-22 00:00:00-04:00,0.46000000834465027,0.5,0.46000000834465027,0.46000000834465027,414600,0.0,0.0
2022-04-25 00:00:00-04:00,0.46000000834465027,0.49000000953674316,0.4099999964237213,0.4399999976158142,475100,0.0,0.0
2022-04-26 00:00:00-04:00,0.4399999976158142,0.44999998807907104,0.41999998688697815,0.4300000071525574,369400,0.0,0.0
2022-04-27 00:00:00-04:00,0.41999998688697815,0.44999998807907104,0.4000000059604645,0.41999998688697815,288900,0.0,0.0
2022-04-28 00:00:00-04:00,0.4099999964237213,0.4300000071525574,0.4099999964237213,0.4300000071525574,311100,0.0,0.0
2022-04-29 00:00:00-04:00,0.4099999964237213,0.4300000071525574,0.3799999952316284,0.38999998569488525,869500,0.0,0.0
2022-05-02 00:00:00-04:00,0.38999998569488525,0.41999998688697815,0.3799999952316284,0.4099999964237213,212700,0.0,0.0
2022-05-03 00:00:00-04:00,0.4000000059604645,0.4399999976158142,0.4000000059604645,0.4099999964237213,297300,0.0,0.0
2022-05-04 00:00:00-04:00,0.4300000071525574,0.4300000071525574,0.4000000059604645,0.41999998688697815,268100,0.0,0.0
2022-05-05 00:00:00-04:00,0.41999998688697815,0.41999998688697815,0.4000000059604645,0.4000000059604645,166300,0.0,0.0
2022-05-06 00:00:00-04:00,0.4099999964237213,0.4099999964237213,0.3700000047683716,0.3799999952316284,789300,0.0,0.0
2022-05-09 00:00:00-04:00,0.3700000047683716,0.38999998569488525,0.3400000035762787,0.3400000035762787,846000,0.0,0.0
2022-05-10 00:00:00-04:00,0.3700000047683716,0.3799999952316284,0.3499999940395355,0.3700000047683716,309300,0.0,0.0
2022-05-11 00:00:00-04:00,0.3700000047683716,0.38999998569488525,0.3400000035762787,0.36000001430511475,443600,0.0,0.0
2022-05-12 00:00:00-04:00,0.3700000047683716,0.3700000047683716,0.3400000035762787,0.36000001430511475,202200,0.0,0.0
2022-05-13 00:00:00-04:00,0.36000001430511475,0.38999998569488525,0.36000001430511475,0.3799999952316284,294300,0.0,0.0
2022-05-16 00:00:00-04:00,0.4000000059604645,0.4399999976158142,0.38999998569488525,0.4099999964237213,943100,0.0,0.0
2022-05-17 00:00:00-04:00,0.41999998688697815,0.44999998807907104,0.4099999964237213,0.41999998688697815,456500,0.0,0.0
2022-05-18 00:00:00-04:00,0.41999998688697815,0.4399999976158142,0.4000000059604645,0.4000000059604645,323800,0.0,0.0
2022-05-19 00:00:00-04:00,0.4000000059604645,0.44999998807907104,0.38999998569488525,0.4399999976158142,349400,0.0,0.0
2022-05-20 00:00:00-04:00,0.44999998807907104,0.44999998807907104,0.41999998688697815,0.4300000071525574,272600,0.0,0.0
2022-05-23 00:00:00-04:00,0.44999998807907104,0.44999998807907104,0.4099999964237213,0.4300000071525574,184000,0.0,0.0
2022-05-24 00:00:00-04:00,0.4300000071525574,0.4399999976158142,0.4000000059604645,0.41999998688697815,117000,0.0,0.0
2022-05-25 00:00:00-04:00,0.41999998688697815,0.4300000071525574,0.4000000059604645,0.4300000071525574,81500,0.0,0.0
2022-05-26 00:00:00-04:00,0.41999998688697815,0.4300000071525574,0.4099999964237213,0.41999998688697815,187800,0.0,0.0
2022-05-27 00:00:00-04:00,0.4300000071525574,0.4300000071525574,0.41999998688697815,0.4300000071525574,139800,0.0,0.0
2022-05-31 00:00:00-04:00,0.44999998807907104,0.44999998807907104,0.4000000059604645,0.4000000059604645,196300,0.0,0.0
2022-06-01 00:00:00-04:00,0.4099999964237213,0.4300000071525574,0.4099999964237213,0.41999998688697815,135400,0.0,0.0
2022-06-02 00:00:00-04:00,0.4300000071525574,0.4300000071525574,0.4099999964237213,0.41999998688697815,258200,0.0,0.0
2022-06-03 00:00:00-04:00,0.4300000071525574,0.4300000071525574,0.4099999964237213,0.41999998688697815,151100,0.0,0.0
2022-06-06 00:00:00-04:00,0.4099999964237213,0.4300000071525574,0.4099999964237213,0.4099999964237213,193900,0.0,0.0
2022-06-07 00:00:00-04:00,0.41999998688697815,0.41999998688697815,0.3799999952316284,0.3799999952316284,332200,0.0,0.0
2022-06-08 00:00:00-04:00,0.3799999952316284,0.4099999964237213,0.3799999952316284,0.4099999964237213,306500,0.0,0.0
2022-06-09 00:00:00-04:00,0.4000000059604645,0.4300000071525574,0.4000000059604645,0.4099999964237213,331800,0.0,0.0
2022-06-10 00:00:00-04:00,0.4099999964237213,0.41999998688697815,0.38999998569488525,0.4099999964237213,308100,0.0,0.0
2022-06-13 00:00:00-04:00,0.38999998569488525,0.4099999964237213,0.38999998569488525,0.38999998569488525,364300,0.0,0.0
2022-06-14 00:00:00-04:00,0.38999998569488525,0.4099999964237213,0.38999998569488525,0.38999998569488525,275800,0.0,0.0
2022-06-15 00:00:00-04:00,0.38999998569488525,0.4099999964237213,0.38999998569488525,0.4000000059604645,293100,0.0,0.0
2022-06-16 00:00:00-04:00,0.41999998688697815,0.41999998688697815,0.3799999952316284,0.38999998569488525,318000,0.0,0.0
2022-06-17 00:00:00-04:00,0.38999998569488525,0.4300000071525574,0.38999998569488525,0.4300000071525574,433300,0.0,0.0
2022-06-21 00:00:00-04:00,0.4300000071525574,0.4300000071525574,0.4099999964237213,0.41999998688697815,435300,0.0,0.0
2022-06-22 00:00:00-04:00,0.4300000071525574,0.4300000071525574,0.4000000059604645,0.4099999964237213,205600,0.0,0.0
2022-06-23 00:00:00-04:00,0.4300000071525574,0.4300000071525574,0.4000000059604645,0.4099999964237213,316400,0.0,0.0
2022-06-24 00:00:00-04:00,0.4099999964237213,0.41999998688697815,0.4000000059604645,0.4099999964237213,185200,0.0,0.0
2022-06-27 00:00:00-04:00,0.4099999964237213,0.41999998688697815,0.4000000059604645,0.4000000059604645,190700,0.0,0.0
2022-06-28 00:00:00-04:00,0.4000000059604645,0.41999998688697815,0.4000000059604645,0.4000000059604645,148400,0.0,0.0
2022-06-29 00:00:00-04:00,0.4000000059604645,0.4000000059604645,0.38999998569488525,0.4000000059604645,308200,0.0,0.0
2022-06-30 00:00:00-04:00,0.4000000059604645,0.4000000059604645,0.38999998569488525,0.4000000059604645,244000,0.0,0.0
2022-07-01 00:00:00-04:00,0.4000000059604645,0.41999998688697815,0.4000000059604645,0.4099999964237213,286100,0.0,0.0
2022-07-05 00:00:00-04:00,0.4099999964237213,0.41999998688697815,0.38999998569488525,0.4000000059604645,332800,0.0,0.0
2022-07-06 00:00:00-04:00,0.4099999964237213,0.4099999964237213,0.4000000059604645,0.4000000059604645,167700,0.0,0.0
2022-07-07 00:00:00-04:00,0.4000000059604645,0.4099999964237213,0.38999998569488525,0.4000000059604645,228700,0.0,0.0
2022-07-08 00:00:00-04:00,0.4000000059604645,0.4099999964237213,0.38999998569488525,0.4000000059604645,190300,0.0,0.0
2022-07-11 00:00:00-04:00,0.4099999964237213,0.4099999964237213,0.3799999952316284,0.4000000059604645,202900,0.0,0.0
2022-07-12 00:00:00-04:00,0.4000000059604645,0.4099999964237213,0.3799999952316284,0.38999998569488525,314800,0.0,0.0
2022-07-13 00:00:00-04:00,0.38999998569488525,0.4099999964237213,0.3799999952316284,0.4099999964237213,567700,0.0,0.0
2022-07-14 00:00:00-04:00,0.4000000059604645,0.4099999964237213,0.3799999952316284,0.4000000059604645,155700,0.0,0.0
2022-07-15 00:00:00-04:00,0.4000000059604645,0.4099999964237213,0.38999998569488525,0.4000000059604645,176300,0.0,0.0
2022-07-18 00:00:00-04:00,0.41999998688697815,0.41999998688697815,0.4000000059604645,0.4000000059604645,220500,0.0,0.0
2022-07-19 00:00:00-04:00,0.4000000059604645,0.41999998688697815,0.36000001430511475,0.38999998569488525,600500,0.0,0.0
2022-07-20 00:00:00-04:00,0.3799999952316284,0.41999998688697815,0.3799999952316284,0.4099999964237213,815900,0.0,0.0
2022-07-21 00:00:00-04:00,0.4099999964237213,0.4300000071525574,0.4000000059604645,0.4300000071525574,247200,0.0,0.0
2022-07-22 00:00:00-04:00,0.4099999964237213,0.44999998807907104,0.4099999964237213,0.4399999976158142,341200,0.0,0.0
2022-07-25 00:00:00-04:00,0.41999998688697815,0.49000000953674316,0.41999998688697815,0.4699999988079071,663300,0.0,0.0
2022-07-26 00:00:00-04:00,0.46000000834465027,0.47999998927116394,0.4399999976158142,0.44999998807907104,261300,0.0,0.0
2022-07-27 00:00:00-04:00,0.46000000834465027,0.47999998927116394,0.44999998807907104,0.44999998807907104,124000,0.0,0.0
2022-07-28 00:00:00-04:00,0.44999998807907104,0.4699999988079071,0.44999998807907104,0.46000000834465027,143700,0.0,0.0
2022-07-29 00:00:00-04:00,0.46000000834465027,0.4699999988079071,0.44999998807907104,0.46000000834465027,298900,0.0,0.0
2022-08-01 00:00:00-04:00,0.46000000834465027,0.46000000834465027,0.4399999976158142,0.44999998807907104,161600,0.0,0.0
2022-08-02 00:00:00-04:00,0.46000000834465027,0.4699999988079071,0.44999998807907104,0.4699999988079071,97800,0.0,0.0
2022-08-03 00:00:00-04:00,0.46000000834465027,0.46000000834465027,0.44999998807907104,0.44999998807907104,175600,0.0,0.0
2022-08-04 00:00:00-04:00,0.46000000834465027,0.5,0.44999998807907104,0.47999998927116394,324900,0.0,0.0
2022-08-05 00:00:00-04:00,0.5,0.5,0.47999998927116394,0.5,220700,0.0,0.0
2022-08-08 00:00:00-04:00,0.5,0.5199999809265137,0.47999998927116394,0.5099999904632568,271400,0.0,0.0
2022-08-09 00:00:00-04:00,0.5,0.5199999809265137,0.49000000953674316,0.5,245500,0.0,0.0
2022-08-10 00:00:00-04:00,0.5099999904632568,0.5199999809265137,0.49000000953674316,0.5099999904632568,219200,0.0,0.0
2022-08-11 00:00:00-04:00,0.5,0.5099999904632568,0.49000000953674316,0.5,257700,0.0,0.0
2022-08-12 00:00:00-04:00,0.5,0.5,0.49000000953674316,0.5,220300,0.0,0.0
2022-08-15 00:00:00-04:00,0.5,0.5099999904632568,0.4699999988079071,0.49000000953674316,205800,0.0,0.0
2022-08-16 00:00:00-04:00,0.5199999809265137,0.5199999809265137,0.4699999988079071,0.4699999988079071,243000,0.0,0.0
2022-08-17 00:00:00-04:00,0.49000000953674316,0.49000000953674316,0.44999998807907104,0.4699999988079071,182800,0.0,0.0
2022-08-18 00:00:00-04:00,0.44999998807907104,0.49000000953674316,0.44999998807907104,0.4699999988079071,204200,0.0,0.0
2022-08-19 00:00:00-04:00,0.4699999988079071,0.49000000953674316,0.46000000834465027,0.49000000953674316,268300,0.0,0.0
2022-08-22 00:00:00-04:00,0.5,0.5,0.46000000834465027,0.4699999988079071,239300,0.0,0.0
2022-08-23 00:00:00-04:00,0.47999998927116394,0.49000000953674316,0.46000000834465027,0.47999998927116394,233800,0.0,0.0
2022-08-24 00:00:00-04:00,0.44999998807907104,0.47999998927116394,0.44999998807907104,0.4699999988079071,172300,0.0,0.0
2022-08-25 00:00:00-04:00,0.4699999988079071,0.47999998927116394,0.46000000834465027,0.4699999988079071,146100,0.0,0.0
2022-08-26 00:00:00-04:00,0.46000000834465027,0.47999998927116394,0.46000000834465027,0.4699999988079071,94500,0.0,0.0
2022-08-29 00:00:00-04:00,0.47999998927116394,0.47999998927116394,0.46000000834465027,0.4699999988079071,162100,0.0,0.0
2022-08-30 00:00:00-04:00,0.47999998927116394,0.47999998927116394,0.46000000834465027,0.46000000834465027,89000,0.0,0.0
2022-08-31 00:00:00-04:00,0.46000000834465027,0.47999998927116394,0.4399999976158142,0.4399999976158142,128200,0.0,0.0
2022-09-01 00:00:00-04:00,0.4399999976158142,0.44999998807907104,0.4099999964237213,0.4300000071525574,420400,0.0,0.0
2022-09-02 00:00:00-04:00,0.41999998688697815,0.4300000071525574,0.4099999964237213,0.4300000071525574,273100,0.0,0.0
2022-09-06 00:00:00-04:00,0.41999998688697815,0.4300000071525574,0.4000000059604645,0.41999998688697815,330200,0.0,0.0
2022-09-07 00:00:00-04:00,0.41999998688697815,0.4300000071525574,0.4000000059604645,0.4099999964237213,156300,0.0,0.0
2022-09-08 00:00:00-04:00,0.4099999964237213,0.41999998688697815,0.4000000059604645,0.4099999964237213,87100,0.0,0.0
2022-09-09 00:00:00-04:00,0.4099999964237213,0.41999998688697815,0.4099999964237213,0.4099999964237213,128200,0.0,0.0
2022-09-12 00:00:00-04:00,0.4099999964237213,0.4399999976158142,0.4099999964237213,0.41999998688697815,177000,0.0,0.0
2022-09-13 00:00:00-04:00,0.4300000071525574,0.44999998807907104,0.4099999964237213,0.41999998688697815,111400,0.0,0.0
2022-09-14 00:00:00-04:00,0.4300000071525574,0.4300000071525574,0.4000000059604645,0.4000000059604645,159200,0.0,0.0
2022-09-15 00:00:00-04:00,0.41999998688697815,0.41999998688697815,0.4000000059604645,0.41999998688697815,232100,0.0,0.0
2022-09-16 00:00:00-04:00,0.4099999964237213,0.44999998807907104,0.4000000059604645,0.44999998807907104,282200,0.0,0.0
2022-09-19 00:00:00-04:00,0.4399999976158142,0.4399999976158142,0.4099999964237213,0.4300000071525574,132900,0.0,0.0
2022-09-20 00:00:00-04:00,0.41999998688697815,0.4300000071525574,0.41999998688697815,0.4300000071525574,58600,0.0,0.0
2022-09-21 00:00:00-04:00,0.41999998688697815,0.4300000071525574,0.4099999964237213,0.41999998688697815,184000,0.0,0.0
2022-09-22 00:00:00-04:00,0.41999998688697815,0.41999998688697815,0.3799999952316284,0.38999998569488525,406300,0.0,0.0
2022-09-23 00:00:00-04:00,0.4099999964237213,0.4099999964237213,0.3700000047683716,0.3799999952316284,463200,0.0,0.0
2022-09-26 00:00:00-04:00,0.3799999952316284,0.4000000059604645,0.36000001430511475,0.3700000047683716,373200,0.0,0.0
2022-09-27 00:00:00-04:00,0.3700000047683716,0.3700000047683716,0.3499999940395355,0.36000001430511475,348000,0.0,0.0
2022-09-28 00:00:00-04:00,0.36000001430511475,0.4000000059604645,0.3499999940395355,0.3799999952316284,221200,0.0,0.0
2022-09-29 00:00:00-04:00,0.3799999952316284,0.4000000059604645,0.36000001430511475,0.3799999952316284,283100,0.0,0.0
2022-09-30 00:00:00-04:00,0.3700000047683716,0.38999998569488525,0.36000001430511475,0.3700000047683716,165500,0.0,0.0
2022-10-03 00:00:00-04:00,0.3799999952316284,0.3799999952316284,0.3700000047683716,0.3799999952316284,187100,0.0,0.0
2022-10-04 00:00:00-04:00,0.3799999952316284,0.4000000059604645,0.3799999952316284,0.38999998569488525,324000,0.0,0.0
2022-10-05 00:00:00-04:00,0.4000000059604645,0.4099999964237213,0.3799999952316284,0.3799999952316284,168400,0.0,0.0
2022-10-06 00:00:00-04:00,0.3799999952316284,0.4000000059604645,0.3700000047683716,0.3799999952316284,113000,0.0,0.0
2022-10-07 00:00:00-04:00,0.3700000047683716,0.38999998569488525,0.3499999940395355,0.36000001430511475,240500,0.0,0.0
2022-10-10 00:00:00-04:00,0.36000001430511475,0.36000001430511475,0.33000001311302185,0.36000001430511475,190800,0.0,0.0
2022-10-11 00:00:00-04:00,0.36000001430511475,0.3799999952316284,0.3400000035762787,0.36000001430511475,145700,0.0,0.0
2022-10-12 00:00:00-04:00,0.36000001430511475,0.3700000047683716,0.3499999940395355,0.36000001430511475,200700,0.0,0.0
2022-10-13 00:00:00-04:00,0.36000001430511475,0.3700000047683716,0.3499999940395355,0.36000001430511475,115400,0.0,0.0
2022-10-14 00:00:00-04:00,0.36000001430511475,0.3700000047683716,0.3499999940395355,0.36000001430511475,75500,0.0,0.0
2022-10-17 00:00:00-04:00,0.3499999940395355,0.36000001430511475,0.3499999940395355,0.3499999940395355,169600,0.0,0.0
2022-10-18 00:00:00-04:00,0.36000001430511475,0.36000001430511475,0.3499999940395355,0.3499999940395355,146200,0.0,0.0
2022-10-19 00:00:00-04:00,0.3499999940395355,0.36000001430511475,0.3400000035762787,0.3400000035762787,263800,0.0,0.0
2022-10-20 00:00:00-04:00,0.3400000035762787,0.3700000047683716,0.3400000035762787,0.3499999940395355,394400,0.0,0.0
2022-10-21 00:00:00-04:00,0.3499999940395355,0.3700000047683716,0.3499999940395355,0.3499999940395355,180300,0.0,0.0
2022-10-24 00:00:00-04:00,0.3499999940395355,0.36000001430511475,0.3400000035762787,0.3499999940395355,68100,0.0,0.0
2022-10-25 00:00:00-04:00,0.3499999940395355,0.36000001430511475,0.3499999940395355,0.36000001430511475,48400,0.0,0.0
2022-10-26 00:00:00-04:00,0.36000001430511475,0.3799999952316284,0.3499999940395355,0.36000001430511475,122800,0.0,0.0
2022-10-27 00:00:00-04:00,0.36000001430511475,0.4000000059604645,0.36000001430511475,0.4000000059604645,399100,0.0,0.0
2022-10-28 00:00:00-04:00,0.38999998569488525,0.4000000059604645,0.3799999952316284,0.3799999952316284,180000,0.0,0.0
2022-10-31 00:00:00-04:00,0.3799999952316284,0.4000000059604645,0.3799999952316284,0.3799999952316284,127600,0.0,0.0
2022-11-01 00:00:00-04:00,0.4000000059604645,0.4000000059604645,0.3700000047683716,0.38999998569488525,253000,0.0,0.0
2022-11-02 00:00:00-04:00,0.4000000059604645,0.4000000059604645,0.3499999940395355,0.36000001430511475,152600,0.0,0.0
2022-11-03 00:00:00-04:00,0.3499999940395355,0.3700000047683716,0.3499999940395355,0.3499999940395355,130600,0.0,0.0
2022-11-04 00:00:00-04:00,0.3499999940395355,0.3700000047683716,0.3499999940395355,0.3700000047683716,144900,0.0,0.0
2022-11-07 00:00:00-05:00,0.36000001430511475,0.3799999952316284,0.36000001430511475,0.3700000047683716,126700,0.0,0.0
2022-11-08 00:00:00-05:00,0.36000001430511475,0.3799999952316284,0.36000001430511475,0.3700000047683716,77700,0.0,0.0
2022-11-09 00:00:00-05:00,0.3700000047683716,0.3799999952316284,0.3499999940395355,0.3499999940395355,114500,0.0,0.0
2022-11-10 00:00:00-05:00,0.3499999940395355,0.3700000047683716,0.3499999940395355,0.3700000047683716,296900,0.0,0.0
2022-11-11 00:00:00-05:00,0.3700000047683716,0.3799999952316284,0.3499999940395355,0.3700000047683716,103600,0.0,0.0
2022-11-14 00:00:00-05:00,0.3700000047683716,0.3700000047683716,0.36000001430511475,0.3700000047683716,54300,0.0,0.0
2022-11-15 00:00:00-05:00,0.3700000047683716,0.3799999952316284,0.3499999940395355,0.36000001430511475,166600,0.0,0.0
2022-11-16 00:00:00-05:00,0.36000001430511475,0.36000001430511475,0.3400000035762787,0.3400000035762787,231000,0.0,0.0
2022-11-17 00:00:00-05:00,0.3400000035762787,0.3400000035762787,0.3199999928474426,0.33000001311302185,199300,0.0,0.0
2022-11-18 00:00:00-05:00,0.3400000035762787,0.3499999940395355,0.3199999928474426,0.3400000035762787,324700,0.0,0.0
2022-11-21 00:00:00-05:00,0.33000001311302185,0.3400000035762787,0.33000001311302185,0.33000001311302185,156200,0.0,0.0
2022-11-22 00:00:00-05:00,0.33000001311302185,0.3499999940395355,0.3199999928474426,0.33000001311302185,283000,0.0,0.0
2022-11-23 00:00:00-05:00,0.3400000035762787,0.3400000035762787,0.3199999928474426,0.33000001311302185,115500,0.0,0.0
2022-11-25 00:00:00-05:00,0.33000001311302185,0.3400000035762787,0.3199999928474426,0.3400000035762787,93500,0.0,0.0
2022-11-28 00:00:00-05:00,0.3199999928474426,0.36000001430511475,0.3199999928474426,0.3400000035762787,1029800,0.0,0.0
2022-11-29 00:00:00-05:00,0.36000001430511475,0.3799999952316284,0.3499999940395355,0.3700000047683716,490800,0.0,0.0
2022-11-30 00:00:00-05:00,0.3799999952316284,0.3799999952316284,0.36000001430511475,0.36000001430511475,211700,0.0,0.0
2022-12-01 00:00:00-05:00,0.36000001430511475,0.3799999952316284,0.3499999940395355,0.36000001430511475,151500,0.0,0.0
2022-12-02 00:00:00-05:00,0.3499999940395355,0.4300000071525574,0.3499999940395355,0.4099999964237213,907000,0.0,0.0
2022-12-05 00:00:00-05:00,0.41999998688697815,0.4399999976158142,0.38999998569488525,0.38999998569488525,313500,0.0,0.0
2022-12-06 00:00:00-05:00,0.4000000059604645,0.4000000059604645,0.3700000047683716,0.3799999952316284,273500,0.0,0.0
2022-12-07 00:00:00-05:00,0.3799999952316284,0.4000000059604645,0.3700000047683716,0.4000000059604645,424500,0.0,0.0
2022-12-08 00:00:00-05:00,0.4099999964237213,0.41999998688697815,0.38999998569488525,0.4099999964237213,112300,0.0,0.0
2022-12-09 00:00:00-05:00,0.4099999964237213,0.4399999976158142,0.4000000059604645,0.4399999976158142,191500,0.0,0.0
2022-12-12 00:00:00-05:00,0.4300000071525574,0.4699999988079071,0.4300000071525574,0.46000000834465027,837800,0.0,0.0
2022-12-13 00:00:00-05:00,0.4699999988079071,0.49000000953674316,0.44999998807907104,0.44999998807907104,766200,0.0,0.0
2022-12-14 00:00:00-05:00,0.44999998807907104,0.46000000834465027,0.44999998807907104,0.44999998807907104,189600,0.0,0.0
2022-12-15 00:00:00-05:00,0.44999998807907104,0.44999998807907104,0.44999998807907104,0.44999998807907104,235100,0.0,0.0
2022-12-16 00:00:00-05:00,0.44999998807907104,0.47999998927116394,0.44999998807907104,0.47999998927116394,555500,0.0,0.0
2022-12-19 00:00:00-05:00,0.47999998927116394,0.47999998927116394,0.44999998807907104,0.46000000834465027,373000,0.0,0.0
2022-12-20 00:00:00-05:00,0.46000000834465027,0.4699999988079071,0.4399999976158142,0.46000000834465027,405700,0.0,0.0
2022-12-21 00:00:00-05:00,0.46000000834465027,0.49000000953674316,0.46000000834465027,0.47999998927116394,409500,0.0,0.0
2022-12-22 00:00:00-05:00,0.4699999988079071,0.5,0.4699999988079071,0.47999998927116394,296000,0.0,0.0
2022-12-23 00:00:00-05:00,0.47999998927116394,0.5,0.47999998927116394,0.49000000953674316,249400,0.0,0.0
2022-12-27 00:00:00-05:00,0.5,0.5,0.44999998807907104,0.44999998807907104,226200,0.0,0.0
2022-12-28 00:00:00-05:00,0.4399999976158142,0.47999998927116394,0.4300000071525574,0.46000000834465027,479900,0.0,0.0
2022-12-29 00:00:00-05:00,0.4699999988079071,0.47999998927116394,0.46000000834465027,0.47999998927116394,176300,0.0,0.0
2022-12-30 00:00:00-05:00,0.4699999988079071,0.49000000953674316,0.46000000834465027,0.49000000953674316,234000,0.0,0.0
2023-01-03 00:00:00-05:00,0.49000000953674316,0.5,0.4699999988079071,0.47999998927116394,280400,0.0,0.0
2023-01-04 00:00:00-05:00,0.47999998927116394,0.49000000953674316,0.4699999988079071,0.47999998927116394,267000,0.0,0.0
2023-01-05 00:00:00-05:00,0.4699999988079071,0.5,0.46000000834465027,0.49000000953674316,79300,0.0,0.0
2023-01-06 00:00:00-05:00,0.47999998927116394,0.49000000953674316,0.46000000834465027,0.46000000834465027,171400,0.0,0.0
2023-01-09 00:00:00-05:00,0.4699999988079071,0.49000000953674316,0.44999998807907104,0.46000000834465027,276100,0.0,0.0
2023-01-10 00:00:00-05:00,0.4699999988079071,0.47999998927116394,0.44999998807907104,0.46000000834465027,86800,0.0,0.0
2023-01-11 00:00:00-05:00,0.44999998807907104,0.4699999988079071,0.44999998807907104,0.44999998807907104,125800,0.0,0.0
2023-01-12 00:00:00-05:00,0.44999998807907104,0.4699999988079071,0.44999998807907104,0.46000000834465027,256100,0.0,0.0
2023-01-13 00:00:00-05:00,0.44999998807907104,0.46000000834465027,0.44999998807907104,0.44999998807907104,230900,0.0,0.0
2023-01-17 00:00:00-05:00,0.4699999988079071,0.4699999988079071,0.44999998807907104,0.46000000834465027,253000,0.0,0.0
2023-01-18 00:00:00-05:00,0.46000000834465027,0.4699999988079071,0.44999998807907104,0.44999998807907104,141100,0.0,0.0
2023-01-19 00:00:00-05:00,0.44999998807907104,0.44999998807907104,0.4000000059604645,0.4399999976158142,432700,0.0,0.0
2023-01-20 00:00:00-05:00,0.4300000071525574,0.4399999976158142,0.4099999964237213,0.41999998688697815,176900,0.0,0.0
2023-01-23 00:00:00-05:00,0.4099999964237213,0.41999998688697815,0.4000000059604645,0.4099999964237213,321200,0.0,0.0
2023-01-24 00:00:00-05:00,0.4099999964237213,0.4099999964237213,0.38999998569488525,0.38999998569488525,529900,0.0,0.0
2023-01-25 00:00:00-05:00,0.38999998569488525,0.38999998569488525,0.3700000047683716,0.38999998569488525,295400,0.0,0.0
2023-01-26 00:00:00-05:00,0.4099999964237213,0.41999998688697815,0.3799999952316284,0.4000000059604645,372300,0.0,0.0
2023-01-27 00:00:00-05:00,0.4000000059604645,0.4000000059604645,0.3799999952316284,0.38999998569488525,350000,0.0,0.0
2023-01-30 00:00:00-05:00,0.4000000059604645,0.4000000059604645,0.38999998569488525,0.38999998569488525,130800,0.0,0.0
2023-01-31 00:00:00-05:00,0.38999998569488525,0.4300000071525574,0.3799999952316284,0.4000000059604645,478300,0.0,0.0
2023-02-01 00:00:00-05:00,0.4099999964237213,0.4300000071525574,0.4000000059604645,0.41999998688697815,235600,0.0,0.0
2023-02-02 00:00:00-05:00,0.41999998688697815,0.4300000071525574,0.41999998688697815,0.41999998688697815,118800,0.0,0.0
2023-02-03 00:00:00-05:00,0.41999998688697815,0.4300000071525574,0.4000000059604645,0.4000000059604645,257100,0.0,0.0
2023-02-06 00:00:00-05:00,0.4000000059604645,0.4099999964237213,0.4000000059604645,0.4000000059604645,66700,0.0,0.0
2023-02-07 00:00:00-05:00,0.4000000059604645,0.47999998927116394,0.3799999952316284,0.4099999964237213,327000,0.0,0.0
2023-02-08 00:00:00-05:00,0.41999998688697815,0.4300000071525574,0.4099999964237213,0.41999998688697815,95500,0.0,0.0
2023-02-09 00:00:00-05:00,0.4099999964237213,0.4300000071525574,0.4099999964237213,0.4099999964237213,86200,0.0,0.0
2023-02-10 00:00:00-05:00,0.41999998688697815,0.41999998688697815,0.4000000059604645,0.4000000059604645,144500,0.0,0.0
2023-02-13 00:00:00-05:00,0.4000000059604645,0.4300000071525574,0.4000000059604645,0.4300000071525574,93600,0.0,0.0
2023-02-14 00:00:00-05:00,0.41999998688697815,0.4300000071525574,0.4099999964237213,0.4300000071525574,67800,0.0,0.0
2023-02-15 00:00:00-05:00,0.41999998688697815,0.4399999976158142,0.41999998688697815,0.41999998688697815,99500,0.0,0.0
2023-02-16 00:00:00-05:00,0.41999998688697815,0.4300000071525574,0.4099999964237213,0.41999998688697815,70900,0.0,0.0
2023-02-17 00:00:00-05:00,0.4099999964237213,0.4399999976158142,0.4000000059604645,0.4099999964237213,103300,0.0,0.0
2023-02-21 00:00:00-05:00,0.4099999964237213,0.41999998688697815,0.38999998569488525,0.4000000059604645,281300,0.0,0.0
2023-02-22 00:00:00-05:00,0.4099999964237213,0.4099999964237213,0.3799999952316284,0.3799999952316284,240800,0.0,0.0
2023-02-23 00:00:00-05:00,0.3799999952316284,0.3799999952316284,0.3700000047683716,0.3799999952316284,207500,0.0,0.0
2023-02-24 00:00:00-05:00,0.3799999952316284,0.38999998569488525,0.3700000047683716,0.38999998569488525,147000,0.0,0.0
2023-02-27 00:00:00-05:00,0.38999998569488525,0.4000000059604645,0.38999998569488525,0.38999998569488525,56700,0.0,0.0
2023-02-28 00:00:00-05:00,0.4099999964237213,0.41999998688697815,0.38999998569488525,0.4000000059604645,188800,0.0,0.0
2023-03-01 00:00:00-05:00,0.4000000059604645,0.4099999964237213,0.4000000059604645,0.4000000059604645,133200,0.0,0.0
2023-03-02 00:00:00-05:00,0.41999998688697815,0.41999998688697815,0.4000000059604645,0.4000000059604645,35700,0.0,0.0
2023-03-03 00:00:00-05:00,0.38999998569488525,0.4000000059604645,0.38999998569488525,0.4000000059604645,136200,0.0,0.0
2023-03-06 00:00:00-05:00,0.41999998688697815,0.41999998688697815,0.4000000059604645,0.4099999964237213,323700,0.0,0.0
2023-03-07 00:00:00-05:00,0.4099999964237213,0.4099999964237213,0.4099999964237213,0.4099999964237213,97100,0.0,0.0
2023-03-08 00:00:00-05:00,0.41999998688697815,0.41999998688697815,0.4099999964237213,0.4099999964237213,142700,0.0,0.0
2023-03-09 00:00:00-05:00,0.38999998569488525,0.4099999964237213,0.38999998569488525,0.4000000059604645,113900,0.0,0.0
2023-03-10 00:00:00-05:00,0.4000000059604645,0.4099999964237213,0.3799999952316284,0.3799999952316284,195300,0.0,0.0
2023-03-13 00:00:00-04:00,0.3799999952316284,0.4000000059604645,0.3799999952316284,0.38999998569488525,91700,0.0,0.0
2023-03-14 00:00:00-04:00,0.3799999952316284,0.4000000059604645,0.3799999952316284,0.3799999952316284,130300,0.0,0.0
2023-03-15 00:00:00-04:00,0.3799999952316284,0.4000000059604645,0.36000001430511475,0.4000000059604645,225400,0.0,0.0
2023-03-16 00:00:00-04:00,0.38999998569488525,0.4000000059604645,0.3700000047683716,0.38999998569488525,127800,0.0,0.0
2023-03-17 00:00:00-04:00,0.3799999952316284,0.4000000059604645,0.3700000047683716,0.4000000059604645,160100,0.0,0.0
2023-03-20 00:00:00-04:00,0.4000000059604645,0.4000000059604645,0.3799999952316284,0.4000000059604645,88600,0.0,0.0
2023-03-21 00:00:00-04:00,0.3799999952316284,0.4000000059604645,0.3799999952316284,0.4000000059604645,62800,0.0,0.0
2023-03-22 00:00:00-04:00,0.38999998569488525,0.4000000059604645,0.3799999952316284,0.3799999952316284,202200,0.0,0.0
2023-03-23 00:00:00-04:00,0.3700000047683716,0.38999998569488525,0.3700000047683716,0.3700000047683716,84500,0.0,0.0
2023-03-24 00:00:00-04:00,0.3700000047683716,0.3799999952316284,0.3700000047683716,0.3799999952316284,86000,0.0,0.0
2023-03-27 00:00:00-04:00,0.3799999952316284,0.3799999952316284,0.3700000047683716,0.3799999952316284,47000,0.0,0.0
2023-03-28 00:00:00-04:00,0.3700000047683716,0.3799999952316284,0.36000001430511475,0.3700000047683716,84500,0.0,0.0
2023-03-29 00:00:00-04:00,0.3799999952316284,0.4000000059604645,0.3700000047683716,0.3799999952316284,200300,0.0,0.0
2023-03-30 00:00:00-04:00,0.3700000047683716,0.38999998569488525,0.3700000047683716,0.3700000047683716,121400,0.0,0.0
2023-03-31 00:00:00-04:00,0.3799999952316284,0.3799999952316284,0.36000001430511475,0.3799999952316284,131800,0.0,0.0
2023-04-03 00:00:00-04:00,0.3799999952316284,0.3799999952316284,0.36000001430511475,0.3700000047683716,129100,0.0,0.0
2023-04-04 00:00:00-04:00,0.3700000047683716,0.4000000059604645,0.36000001430511475,0.38999998569488525,387800,0.0,0.0
2023-04-05 00:00:00-04:00,0.38999998569488525,0.38999998569488525,0.3799999952316284,0.3799999952316284,99300,0.0,0.0
2023-04-06 00:00:00-04:00,0.3799999952316284,0.38999998569488525,0.3499999940395355,0.3799999952316284,172200,0.0,0.0
2023-04-10 00:00:00-04:00,0.4000000059604645,0.4000000059604645,0.3700000047683716,0.3799999952316284,116200,0.0,0.0
2023-04-11 00:00:00-04:00,0.3700000047683716,0.38999998569488525,0.3700000047683716,0.3799999952316284,48000,0.0,0.0
2023-04-12 00:00:00-04:00,0.3700000047683716,0.3799999952316284,0.3700000047683716,0.3700000047683716,147900,0.0,0.0
2023-04-13 00:00:00-04:00,0.3799999952316284,0.4000000059604645,0.3700000047683716,0.4000000059604645,89500,0.0,0.0
2023-04-14 00:00:00-04:00,0.38999998569488525,0.4000000059604645,0.3700000047683716,0.3799999952316284,169900,0.0,0.0
2023-04-17 00:00:00-04:00,0.3700000047683716,0.38999998569488525,0.3700000047683716,0.3799999952316284,74700,0.0,0.0
2023-04-18 00:00:00-04:00,0.3799999952316284,0.38999998569488525,0.3799999952316284,0.38999998569488525,126600,0.0,0.0
2023-04-19 00:00:00-04:00,0.38999998569488525,0.38999998569488525,0.3799999952316284,0.3799999952316284,249500,0.0,0.0
2023-04-20 00:00:00-04:00,0.3799999952316284,0.3799999952316284,0.3700000047683716,0.3700000047683716,103000,0.0,0.0
2023-04-21 00:00:00-04:00,0.3700000047683716,0.3799999952316284,0.3700000047683716,0.3700000047683716,59000,0.0,0.0
2023-04-24 00:00:00-04:00,0.3799999952316284,0.3799999952316284,0.36000001430511475,0.36000001430511475,295000,0.0,0.0
2023-04-25 00:00:00-04:00,0.3499999940395355,0.3700000047683716,0.3499999940395355,0.36000001430511475,99500,0.0,0.0
2023-04-26 00:00:00-04:00,0.36000001430511475,0.3700000047683716,0.3499999940395355,0.36000001430511475,79100,0.0,0.0
2023-04-27 00:00:00-04:00,0.36000001430511475,0.3700000047683716,0.36000001430511475,0.36000001430511475,57200,0.0,0.0
2023-04-28 00:00:00-04:00,0.36000001430511475,0.36000001430511475,0.36000001430511475,0.36000001430511475,82300,0.0,0.0
2023-05-01 00:00:00-04:00,0.36000001430511475,0.36000001430511475,0.33000001311302185,0.3400000035762787,219100,0.0,0.0
2023-05-02 00:00:00-04:00,0.33000001311302185,0.36000001430511475,0.33000001311302185,0.3499999940395355,174500,0.0,0.0
2023-05-03 00:00:00-04:00,0.3499999940395355,0.3499999940395355,0.3400000035762787,0.3400000035762787,98100,0.0,0.0
2023-05-04 00:00:00-04:00,0.3199999928474426,0.3400000035762787,0.3199999928474426,0.33000001311302185,284700,0.0,0.0
2023-05-05 00:00:00-04:00,0.3400000035762787,0.3400000035762787,0.33000001311302185,0.3400000035762787,82400,0.0,0.0
2023-05-08 00:00:00-04:00,0.3400000035762787,0.3400000035762787,0.3199999928474426,0.3400000035762787,43300,0.0,0.0
2023-05-09 00:00:00-04:00,0.3400000035762787,0.3499999940395355,0.33000001311302185,0.3499999940395355,120800,0.0,0.0
2023-05-10 00:00:00-04:00,0.3400000035762787,0.3499999940395355,0.3400000035762787,0.3499999940395355,35300,0.0,0.0
2023-05-11 00:00:00-04:00,0.3400000035762787,0.3499999940395355,0.3400000035762787,0.3400000035762787,76100,0.0,0.0
2023-05-12 00:00:00-04:00,0.3400000035762787,0.3499999940395355,0.3400000035762787,0.3400000035762787,78800,0.0,0.0
2023-05-15 00:00:00-04:00,0.3400000035762787,0.3499999940395355,0.33000001311302185,0.33000001311302185,116700,0.0,0.0
2023-05-16 00:00:00-04:00,0.33000001311302185,0.3400000035762787,0.33000001311302185,0.33000001311302185,145700,0.0,0.0
2023-05-17 00:00:00-04:00,0.3400000035762787,0.3499999940395355,0.33000001311302185,0.3400000035762787,89100,0.0,0.0
2023-05-18 00:00:00-04:00,0.3400000035762787,0.3400000035762787,0.33000001311302185,0.3400000035762787,46400,0.0,0.0
2023-05-19 00:00:00-04:00,0.3400000035762787,0.3499999940395355,0.3400000035762787,0.3499999940395355,58700,0.0,0.0
2023-05-22 00:00:00-04:00,0.3400000035762787,0.3499999940395355,0.33000001311302185,0.3400000035762787,109300,0.0,0.0
2023-05-23 00:00:00-04:00,0.3400000035762787,0.36000001430511475,0.3400000035762787,0.3499999940395355,115400,0.0,0.0
2023-05-24 00:00:00-04:00,0.33000001311302185,0.3499999940395355,0.33000001311302185,0.3400000035762787,127200,0.0,0.0
2023-05-25 00:00:00-04:00,0.3400000035762787,0.36000001430511475,0.33000001311302185,0.33000001311302185,130700,0.0,0.0
2023-05-26 00:00:00-04:00,0.33000001311302185,0.3400000035762787,0.33000001311302185,0.3400000035762787,35600,0.0,0.0
2023-05-30 00:00:00-04:00,0.33000001311302185,0.3499999940395355,0.28999999165534973,0.3100000023841858,438900,0.0,0.0
2023-05-31 00:00:00-04:00,0.3199999928474426,0.33000001311302185,0.30000001192092896,0.3199999928474426,221200,0.0,0.0
2023-06-01 00:00:00-04:00,0.33000001311302185,0.33000001311302185,0.30000001192092896,0.33000001311302185,155200,0.0,0.0
2023-06-02 00:00:00-04:00,0.3199999928474426,0.33000001311302185,0.30000001192092896,0.33000001311302185,127400,0.0,0.0
2023-06-05 00:00:00-04:00,0.3199999928474426,0.33000001311302185,0.3100000023841858,0.33000001311302185,68900,0.0,0.0
2023-06-06 00:00:00-04:00,0.28999999165534973,0.3100000023841858,0.28999999165534973,0.3100000023841858,324500,0.0,0.0
2023-06-07 00:00:00-04:00,0.30000001192092896,0.33000001311302185,0.30000001192092896,0.33000001311302185,214900,0.0,0.0
2023-06-08 00:00:00-04:00,0.3199999928474426,0.33000001311302185,0.3199999928474426,0.33000001311302185,83400,0.0,0.0
2023-06-09 00:00:00-04:00,0.33000001311302185,0.33000001311302185,0.3100000023841858,0.3100000023841858,127500,0.0,0.0
2023-06-12 00:00:00-04:00,0.3100000023841858,0.3199999928474426,0.30000001192092896,0.3199999928474426,85800,0.0,0.0
2023-06-13 00:00:00-04:00,0.3199999928474426,0.3400000035762787,0.3100000023841858,0.3400000035762787,328700,0.0,0.0
2023-06-14 00:00:00-04:00,0.33000001311302185,0.3400000035762787,0.3199999928474426,0.3199999928474426,131300,0.0,0.0
2023-06-15 00:00:00-04:00,0.3199999928474426,0.33000001311302185,0.3199999928474426,0.33000001311302185,152600,0.0,0.0
2023-06-16 00:00:00-04:00,0.3199999928474426,0.3400000035762787,0.3199999928474426,0.3400000035762787,116200,0.0,0.0
2023-06-20 00:00:00-04:00,0.33000001311302185,0.33000001311302185,0.3199999928474426,0.3199999928474426,131700,0.0,0.0
2023-06-21 00:00:00-04:00,0.3199999928474426,0.3199999928474426,0.3100000023841858,0.3199999928474426,104400,0.0,0.0
2023-06-22 00:00:00-04:00,0.3199999928474426,0.33000001311302185,0.3199999928474426,0.3199999928474426,50700,0.0,0.0
2023-06-23 00:00:00-04:00,0.3199999928474426,0.3199999928474426,0.3100000023841858,0.3100000023841858,97100,0.0,0.0
2023-06-26 00:00:00-04:00,0.3100000023841858,0.3100000023841858,0.3100000023841858,0.3100000023841858,73500,0.0,0.0
2023-06-27 00:00:00-04:00,0.3100000023841858,0.3100000023841858,0.3100000023841858,0.3100000023841858,126600,0.0,0.0
2023-06-28 00:00:00-04:00,0.3100000023841858,0.3100000023841858,0.3100000023841858,0.3100000023841858,96500,0.0,0.0
2023-06-29 00:00:00-04:00,0.3100000023841858,0.3100000023841858,0.3100000023841858,0.3100000023841858,91000,0.0,0.0
2023-06-30 00:00:00-04:00,0.3100000023841858,0.3100000023841858,0.3100000023841858,0.3100000023841858,62000,0.0,0.0
2023-07-03 00:00:00-04:00,0.3100000023841858,0.3100000023841858,0.30000001192092896,0.3100000023841858,132400,0.0,0.0
2023-07-05 00:00:00-04:00,0.3100000023841858,0.3400000035762787,0.30000001192092896,0.33000001311302185,477900,0.0,0.0
2023-07-06 00:00:00-04:00,0.3400000035762787,0.3400000035762787,0.3199999928474426,0.33000001311302185,155800,0.0,0.0
2023-07-07 00:00:00-04:00,0.3199999928474426,0.3499999940395355,0.3199999928474426,0.3499999940395355,176400,0.0,0.0
2023-07-10 00:00:00-04:00,0.3499999940395355,0.3700000047683716,0.3400000035762787,0.3499999940395355,339600,0.0,0.0
2023-07-11 00:00:00-04:00,0.3499999940395355,0.36000001430511475,0.3199999928474426,0.3400000035762787,253100,0.0,0.0
2023-07-12 00:00:00-04:00,0.3400000035762787,0.3499999940395355,0.3400000035762787,0.3400000035762787,126400,0.0,0.0
2023-07-13 00:00:00-04:00,0.3400000035762787,0.3400000035762787,0.33000001311302185,0.3400000035762787,243800,0.0,0.0
2023-07-14 00:00:00-04:00,0.3400000035762787,0.3400000035762787,0.33000001311302185,0.33000001311302185,149300,0.0,0.0
2023-07-17 00:00:00-04:00,0.3499999940395355,0.3700000047683716,0.3400000035762787,0.3499999940395355,534000,0.0,0.0
2023-07-18 00:00:00-04:00,0.3499999940395355,0.36000001430511475,0.3400000035762787,0.36000001430511475,165200,0.0,0.0
2023-07-19 00:00:00-04:00,0.36000001430511475,0.36000001430511475,0.36000001430511475,0.36000001430511475,94300,0.0,0.0
2023-07-20 00:00:00-04:00,0.36000001430511475,0.3799999952316284,0.36000001430511475,0.3700000047683716,271700,0.0,0.0
2023-07-21 00:00:00-04:00,0.3799999952316284,0.4399999976158142,0.3700000047683716,0.4099999964237213,954700,0.0,0.0
2023-07-24 00:00:00-04:00,0.41999998688697815,0.4699999988079071,0.41999998688697815,0.44999998807907104,1113200,0.0,0.0
2023-07-25 00:00:00-04:00,0.4699999988079071,0.4699999988079071,0.41999998688697815,0.4300000071525574,400900,0.0,0.0
2023-07-26 00:00:00-04:00,0.4300000071525574,0.46000000834465027,0.4300000071525574,0.44999998807907104,282400,0.0,0.0
2023-07-27 00:00:00-04:00,0.4399999976158142,0.44999998807907104,0.4000000059604645,0.4099999964237213,400200,0.0,0.0
2023-07-28 00:00:00-04:00,0.4099999964237213,0.41999998688697815,0.4099999964237213,0.41999998688697815,136300,0.0,0.0
2023-07-31 00:00:00-04:00,0.4099999964237213,0.4399999976158142,0.4099999964237213,0.4300000071525574,372300,0.0,0.0
2023-08-01 00:00:00-04:00,0.44999998807907104,0.44999998807907104,0.4099999964237213,0.41999998688697815,162800,0.0,0.0
2023-08-02 00:00:00-04:00,0.41999998688697815,0.4300000071525574,0.4099999964237213,0.41999998688697815,188400,0.0,0.0
2023-08-03 00:00:00-04:00,0.41999998688697815,0.41999998688697815,0.4000000059604645,0.4000000059604645,144200,0.0,0.0
2023-08-04 00:00:00-04:00,0.4099999964237213,0.41999998688697815,0.4000000059604645,0.4099999964237213,189500,0.0,0.0
2023-08-07 00:00:00-04:00,0.4099999964237213,0.41999998688697815,0.4000000059604645,0.4099999964237213,42600,0.0,0.0
2023-08-08 00:00:00-04:00,0.4000000059604645,0.4399999976158142,0.4000000059604645,0.4300000071525574,308400,0.0,0.0
2023-08-09 00:00:00-04:00,0.4300000071525574,0.47999998927116394,0.4300000071525574,0.4699999988079071,517700,0.0,0.0
2023-08-10 00:00:00-04:00,0.47999998927116394,0.47999998927116394,0.4399999976158142,0.46000000834465027,277200,0.0,0.0
2023-08-11 00:00:00-04:00,0.4699999988079071,0.4699999988079071,0.4399999976158142,0.44999998807907104,153800,0.0,0.0
2023-08-14 00:00:00-04:00,0.44999998807907104,0.46000000834465027,0.4399999976158142,0.44999998807907104,95500,0.0,0.0
2023-08-15 00:00:00-04:00,0.4399999976158142,0.46000000834465027,0.4300000071525574,0.44999998807907104,154100,0.0,0.0
2023-08-16 00:00:00-04:00,0.4399999976158142,0.44999998807907104,0.4300000071525574,0.44999998807907104,63200,0.0,0.0
2023-08-17 00:00:00-04:00,0.4399999976158142,0.44999998807907104,0.4300000071525574,0.4300000071525574,60900,0.0,0.0
2023-08-18 00:00:00-04:00,0.4300000071525574,0.4399999976158142,0.4300000071525574,0.4300000071525574,87700,0.0,0.0
2023-08-21 00:00:00-04:00,0.4300000071525574,0.4399999976158142,0.41999998688697815,0.41999998688697815,159300,0.0,0.0
2023-08-22 00:00:00-04:00,0.4099999964237213,0.4300000071525574,0.4099999964237213,0.41999998688697815,117300,0.0,0.0
2023-08-23 00:00:00-04:00,0.41999998688697815,0.4300000071525574,0.4099999964237213,0.4099999964237213,73600,0.0,0.0
2023-08-24 00:00:00-04:00,0.4300000071525574,0.4300000071525574,0.4099999964237213,0.4300000071525574,27500,0.0,0.0
2023-08-25 00:00:00-04:00,0.4099999964237213,0.4300000071525574,0.4099999964237213,0.4099999964237213,105400,0.0,0.0
2023-08-28 00:00:00-04:00,0.4099999964237213,0.44999998807907104,0.4099999964237213,0.4300000071525574,173400,0.0,0.0
2023-08-29 00:00:00-04:00,0.41999998688697815,0.4399999976158142,0.4000000059604645,0.4300000071525574,127800,0.0,0.0
2023-08-30 00:00:00-04:00,0.4300000071525574,0.4399999976158142,0.41999998688697815,0.4300000071525574,119600,0.0,0.0
2023-08-31 00:00:00-04:00,0.44999998807907104,0.44999998807907104,0.4300000071525574,0.4300000071525574,119700,0.0,0.0
2023-09-01 00:00:00-04:00,0.4300000071525574,0.4399999976158142,0.4300000071525574,0.4300000071525574,111500,0.0,0.0
2023-09-05 00:00:00-04:00,0.4300000071525574,0.4300000071525574,0.4099999964237213,0.4300000071525574,75700,0.0,0.0
2023-09-06 00:00:00-04:00,0.4300000071525574,0.4300000071525574,0.4000000059604645,0.41999998688697815,217100,0.0,0.0
2023-09-07 00:00:00-04:00,0.41999998688697815,0.41999998688697815,0.4000000059604645,0.4099999964237213,137900,0.0,0.0
2023-09-08 00:00:00-04:00,0.4099999964237213,0.41999998688697815,0.38999998569488525,0.38999998569488525,99100,0.0,0.0
2023-09-11 00:00:00-04:00,0.4000000059604645,0.4000000059604645,0.38999998569488525,0.38999998569488525,84400,0.0,0.0
2023-09-12 00:00:00-04:00,0.38999998569488525,0.4000000059604645,0.3799999952316284,0.3799999952316284,69600,0.0,0.0
2023-09-13 00:00:00-04:00,0.3799999952316284,0.38999998569488525,0.3700000047683716,0.3700000047683716,79500,0.0,0.0
2023-09-14 00:00:00-04:00,0.3700000047683716,0.38999998569488525,0.3700000047683716,0.3799999952316284,53300,0.0,0.0
2023-09-15 00:00:00-04:00,0.3799999952316284,0.4000000059604645,0.3700000047683716,0.4000000059604645,197900,0.0,0.0
2023-09-18 00:00:00-04:00,0.38999998569488525,0.4000000059604645,0.3700000047683716,0.3700000047683716,133200,0.0,0.0
2023-09-19 00:00:00-04:00,0.3499999940395355,0.3799999952316284,0.3499999940395355,0.36000001430511475,87700,0.0,0.0
2023-09-20 00:00:00-04:00,0.36000001430511475,0.3799999952316284,0.36000001430511475,0.3700000047683716,35800,0.0,0.0
2023-09-21 00:00:00-04:00,0.3799999952316284,0.3799999952316284,0.3499999940395355,0.3799999952316284,43900,0.0,0.0
2023-09-22 00:00:00-04:00,0.3700000047683716,0.3799999952316284,0.3700000047683716,0.3700000047683716,87700,0.0,0.0
2023-09-25 00:00:00-04:00,0.3700000047683716,0.3799999952316284,0.36000001430511475,0.36000001430511475,55700,0.0,0.0
2023-09-26 00:00:00-04:00,0.36000001430511475,0.3700000047683716,0.36000001430511475,0.36000001430511475,19000,0.0,0.0
2023-09-27 00:00:00-04:00,0.36000001430511475,0.3799999952316284,0.36000001430511475,0.36000001430511475,45700,0.0,0.0
2023-09-28 00:00:00-04:00,0.3700000047683716,0.3799999952316284,0.36000001430511475,0.36000001430511475,215300,0.0,0.0
2023-09-29 00:00:00-04:00,0.36000001430511475,0.3700000047683716,0.3499999940395355,0.3700000047683716,119700,0.0,0.0
2023-10-02 00:00:00-04:00,0.36000001430511475,0.3700000047683716,0.3499999940395355,0.3700000047683716,52400,0.0,0.0
2023-10-03 00:00:00-04:00,0.3499999940395355,0.3700000047683716,0.3499999940395355,0.3499999940395355,175000,0.0,0.0
2023-10-04 00:00:00-04:00,0.3499999940395355,0.3700000047683716,0.3499999940395355,0.36000001430511475,47800,0.0,0.0
2023-10-05 00:00:00-04:00,0.36000001430511475,0.3700000047683716,0.3499999940395355,0.3499999940395355,31600,0.0,0.0
2023-10-06 00:00:00-04:00,0.36000001430511475,0.3700000047683716,0.3499999940395355,0.3499999940395355,155500,0.0,0.0
2023-10-09 00:00:00-04:00,0.3499999940395355,0.3700000047683716,0.3499999940395355,0.36000001430511475,83200,0.0,0.0
2023-10-10 00:00:00-04:00,0.3499999940395355,0.3700000047683716,0.3499999940395355,0.3499999940395355,83300,0.0,0.0
2023-10-11 00:00:00-04:00,0.3499999940395355,0.3700000047683716,0.3499999940395355,0.3499999940395355,77600,0.0,0.0
2023-10-12 00:00:00-04:00,0.36000001430511475,0.36000001430511475,0.3499999940395355,0.3499999940395355,123200,0.0,0.0
2023-10-13 00:00:00-04:00,0.3499999940395355,0.36000001430511475,0.3499999940395355,0.3499999940395355,111300,0.0,0.0
2023-10-16 00:00:00-04:00,0.3499999940395355,0.36000001430511475,0.3499999940395355,0.3499999940395355,74200,0.0,0.0
2023-10-17 00:00:00-04:00,0.3499999940395355,0.3700000047683716,0.3499999940395355,0.3499999940395355,114100,0.0,0.0
2023-10-18 00:00:00-04:00,0.3499999940395355,0.3700000047683716,0.3499999940395355,0.3499999940395355,104100,0.0,0.0
2023-10-19 00:00:00-04:00,0.3499999940395355,0.3499999940395355,0.3499999940395355,0.3499999940395355,37300,0.0,0.0
2023-10-20 00:00:00-04:00,0.3499999940395355,0.3499999940395355,0.3400000035762787,0.3400000035762787,139200,0.0,0.0
2023-10-23 00:00:00-04:00,0.3400000035762787,0.3499999940395355,0.3100000023841858,0.3100000023841858,238500,0.0,0.0
2023-10-24 00:00:00-04:00,0.3100000023841858,0.3499999940395355,0.3100000023841858,0.3499999940395355,108500,0.0,0.0
2023-10-25 00:00:00-04:00,0.3499999940395355,0.36000001430511475,0.3199999928474426,0.3499999940395355,90900,0.0,0.0
2023-10-26 00:00:00-04:00,0.3499999940395355,0.36000001430511475,0.33000001311302185,0.3499999940395355,114300,0.0,0.0
2023-10-27 00:00:00-04:00,0.3400000035762787,0.3499999940395355,0.3400000035762787,0.3499999940395355,86700,0.0,0.0
2023-10-30 00:00:00-04:00,0.33000001311302185,0.36000001430511475,0.33000001311302185,0.3400000035762787,91900,0.0,0.0
2023-10-31 00:00:00-04:00,0.3400000035762787,0.3499999940395355,0.33000001311302185,0.3400000035762787,101900,0.0,0.0
2023-11-01 00:00:00-04:00,0.33000001311302185,0.3499999940395355,0.33000001311302185,0.3400000035762787,31500,0.0,0.0
2023-11-02 00:00:00-04:00,0.3400000035762787,0.3499999940395355,0.3400000035762787,0.3400000035762787,65800,0.0,0.0
2023-11-03 00:00:00-04:00,0.3400000035762787,0.3499999940395355,0.33000001311302185,0.33000001311302185,123000,0.0,0.0
2023-11-06 00:00:00-05:00,0.33000001311302185,0.3400000035762787,0.3199999928474426,0.33000001311302185,48400,0.0,0.0
2023-11-07 00:00:00-05:00,0.33000001311302185,0.3400000035762787,0.33000001311302185,0.33000001311302185,85900,0.0,0.0
2023-11-08 00:00:00-05:00,0.3199999928474426,0.3400000035762787,0.3199999928474426,0.33000001311302185,62700,0.0,0.0
2023-11-09 00:00:00-05:00,0.33000001311302185,0.33000001311302185,0.3100000023841858,0.3199999928474426,166300,0.0,0.0
2023-11-10 00:00:00-05:00,0.3100000023841858,0.3199999928474426,0.3100000023841858,0.3100000023841858,135000,0.0,0.0
2023-11-13 00:00:00-05:00,0.3100000023841858,0.3199999928474426,0.30000001192092896,0.30000001192092896,154800,0.0,0.0
2023-11-14 00:00:00-05:00,0.28999999165534973,0.3199999928474426,0.2800000011920929,0.30000001192092896,160000,0.0,0.0
2023-11-15 00:00:00-05:00,0.3100000023841858,0.3100000023841858,0.28999999165534973,0.30000001192092896,116700,0.0,0.0
2023-11-16 00:00:00-05:00,0.28999999165534973,0.30000001192092896,0.2800000011920929,0.28999999165534973,90800,0.0,0.0
2023-11-17 00:00:00-05:00,0.28999999165534973,0.3100000023841858,0.28999999165534973,0.30000001192092896,163200,0.0,0.0
2023-11-20 00:00:00-05:00,0.3100000023841858,0.3199999928474426,0.23999999463558197,0.25999999046325684,941400,0.0,0.0
2023-11-21 00:00:00-05:00,0.25999999046325684,0.25999999046325684,0.25,0.25999999046325684,189400,0.0,0.0
2023-11-22 00:00:00-05:00,0.25999999046325684,0.2800000011920929,0.25999999046325684,0.27000001072883606,278400,0.0,0.0
2023-11-24 00:00:00-05:00,0.27000001072883606,0.2800000011920929,0.27000001072883606,0.2800000011920929,150600,0.0,0.0
2023-11-27 00:00:00-05:00,0.28999999165534973,0.28999999165534973,0.27000001072883606,0.27000001072883606,118400,0.0,0.0
2023-11-28 00:00:00-05:00,0.2800000011920929,0.2800000011920929,0.27000001072883606,0.27000001072883606,80400,0.0,0.0
2023-11-29 00:00:00-05:00,0.2800000011920929,0.2800000011920929,0.25999999046325684,0.25999999046325684,175100,0.0,0.0
2023-11-30 00:00:00-05:00,0.27000001072883606,0.27000001072883606,0.25999999046325684,0.25999999046325684,52100,0.0,0.0
2023-12-01 00:00:00-05:00,0.25999999046325684,0.27000001072883606,0.25999999046325684,0.27000001072883606,160600,0.0,0.0
2023-12-04 00:00:00-05:00,0.25,0.27000001072883606,0.25,0.27000001072883606,273700,0.0,0.0
2023-12-05 00:00:00-05:00,0.27000001072883606,0.27000001072883606,0.25999999046325684,0.25999999046325684,212100,0.0,0.0
2023-12-06 00:00:00-05:00,0.25999999046325684,0.27000001072883606,0.25,0.25999999046325684,178900,0.0,0.0
2023-12-07 00:00:00-05:00,0.25999999046325684,0.25999999046325684,0.25,0.25999999046325684,216900,0.0,0.0
2023-12-08 00:00:00-05:00,0.25,0.25999999046325684,0.23999999463558197,0.25,374500,0.0,0.0
2023-12-11 00:00:00-05:00,0.25,0.25999999046325684,0.2199999988079071,0.23000000417232513,429800,0.0,0.0
2023-12-12 00:00:00-05:00,0.23999999463558197,0.23999999463558197,0.23000000417232513,0.23000000417232513,119200,0.0,0.0
2023-12-13 00:00:00-05:00,0.2199999988079071,0.23999999463558197,0.2199999988079071,0.23999999463558197,320100,0.0,0.0
2023-12-14 00:00:00-05:00,0.23999999463558197,0.23999999463558197,0.23999999463558197,0.23999999463558197,154500,0.0,0.0
2023-12-15 00:00:00-05:00,0.23999999463558197,0.23999999463558197,0.23000000417232513,0.23000000417232513,217400,0.0,0.0
2023-12-18 00:00:00-05:00,0.23000000417232513,0.23999999463558197,0.23000000417232513,0.23999999463558197,275800,0.0,0.0
2023-12-19 00:00:00-05:00,0.23999999463558197,0.25,0.23000000417232513,0.25,233300,0.0,0.0
2023-12-20 00:00:00-05:00,0.23000000417232513,0.25,0.23000000417232513,0.25,149600,0.0,0.0
2023-12-21 00:00:00-05:00,0.25,0.25,0.23999999463558197,0.25,104400,0.0,0.0
2023-12-22 00:00:00-05:00,0.25,0.25,0.23999999463558197,0.25,181200,0.0,0.0
2023-12-26 00:00:00-05:00,0.25,0.25,0.23999999463558197,0.25,87000,0.0,0.0
2023-12-27 00:00:00-05:00,0.23999999463558197,0.25999999046325684,0.23999999463558197,0.25,152300,0.0,0.0
2023-12-28 00:00:00-05:00,0.25,0.25,0.25,0.25,101200,0.0,0.0
2023-12-29 00:00:00-05:00,0.25,0.25,0.25,0.25,144700,0.0,0.0
2024-01-02 00:00:00-05:00,0.25,0.25,0.23999999463558197,0.25,133900,0.0,0.0
2024-01-03 00:00:00-05:00,0.23999999463558197,0.25,0.23999999463558197,0.25,90200,0.0,0.0
2024-01-04 00:00:00-05:00,0.25,0.25,0.23999999463558197,0.25,86400,0.0,0.0
2024-01-05 00:00:00-05:00,0.25,0.25,0.25,0.25,126300,0.0,0.0
2024-01-08 00:00:00-05:00,0.23999999463558197,0.25,0.23999999463558197,0.25,81200,0.0,0.0
2024-01-09 00:00:00-05:00,0.25,0.25,0.23999999463558197,0.25,123300,0.0,0.0
2024-01-10 00:00:00-05:00,0.23999999463558197,0.25,0.23999999463558197,0.25,37200,0.0,0.0
2024-01-11 00:00:00-05:00,0.25,0.25,0.23000000417232513,0.23000000417232513,117800,0.0,0.0
2024-01-12 00:00:00-05:00,0.23999999463558197,0.25,0.23000000417232513,0.25,236900,0.0,0.0
2024-01-16 00:00:00-05:00,0.25999999046325684,0.25999999046325684,0.23999999463558197,0.25,98900,0.0,0.0
2024-01-17 00:00:00-05:00,0.25999999046325684,0.25999999046325684,0.23999999463558197,0.23999999463558197,214200,0.0,0.0
2024-01-18 00:00:00-05:00,0.23999999463558197,0.23999999463558197,0.23000000417232513,0.23000000417232513,141000,0.0,0.0
2024-01-19 00:00:00-05:00,0.23000000417232513,0.25,0.23000000417232513,0.23999999463558197,150100,0.0,0.0
2024-01-22 00:00:00-05:00,0.23000000417232513,0.23999999463558197,0.20999999344348907,0.23000000417232513,234400,0.0,0.0
2024-01-23 00:00:00-05:00,0.23000000417232513,0.23999999463558197,0.20999999344348907,0.23000000417232513,422300,0.0,0.0
2024-01-24 00:00:00-05:00,0.25,0.25,0.2199999988079071,0.23000000417232513,173400,0.0,0.0
2024-01-25 00:00:00-05:00,0.2199999988079071,0.23000000417232513,0.2199999988079071,0.23000000417232513,61100,0.0,0.0
2024-01-26 00:00:00-05:00,0.23000000417232513,0.23999999463558197,0.2199999988079071,0.23000000417232513,203500,0.0,0.0
2024-01-29 00:00:00-05:00,0.23999999463558197,0.23999999463558197,0.23000000417232513,0.23999999463558197,151300,0.0,0.0
2024-01-30 00:00:00-05:00,0.23999999463558197,0.25,0.23000000417232513,0.23999999463558197,147200,0.0,0.0
2024-01-31 00:00:00-05:00,0.23000000417232513,0.23999999463558197,0.23000000417232513,0.23000000417232513,156100,0.0,0.0
2024-02-01 00:00:00-05:00,0.23000000417232513,0.23000000417232513,0.23000000417232513,0.23000000417232513,210200,0.0,0.0
2024-02-02 00:00:00-05:00,0.23000000417232513,0.23000000417232513,0.2199999988079071,0.23000000417232513,124900,0.0,0.0
2024-02-05 00:00:00-05:00,0.23000000417232513,0.23999999463558197,0.23000000417232513,0.23999999463558197,236400,0.0,0.0
2024-02-06 00:00:00-05:00,0.23000000417232513,0.23999999463558197,0.23000000417232513,0.23000000417232513,73100,0.0,0.0
2024-02-07 00:00:00-05:00,0.23000000417232513,0.23999999463558197,0.23000000417232513,0.23000000417232513,24900,0.0,0.0
2024-02-08 00:00:00-05:00,0.23000000417232513,0.23000000417232513,0.2199999988079071,0.2199999988079071,129300,0.0,0.0
2024-02-09 00:00:00-05:00,0.2199999988079071,0.23000000417232513,0.2199999988079071,0.23000000417232513,113200,0.0,0.0
2024-02-12 00:00:00-05:00,0.23000000417232513,0.23999999463558197,0.23000000417232513,0.23000000417232513,129500,0.0,0.0
2024-02-13 00:00:00-05:00,0.23999999463558197,0.23999999463558197,0.2199999988079071,0.2199999988079071,130400,0.0,0.0
2024-02-14 00:00:00-05:00,0.2199999988079071,0.2199999988079071,0.20999999344348907,0.2199999988079071,134700,0.0,0.0
2024-02-15 00:00:00-05:00,0.25,0.25,0.2199999988079071,0.2199999988079071,200000,0.0,0.0
2024-02-16 00:00:00-05:00,0.2199999988079071,0.2199999988079071,0.20999999344348907,0.2199999988079071,179600,0.0,0.0
2024-02-20 00:00:00-05:00,0.2199999988079071,0.23000000417232513,0.20999999344348907,0.20999999344348907,139100,0.0,0.0
2024-02-21 00:00:00-05:00,0.2199999988079071,0.23000000417232513,0.2199999988079071,0.2199999988079071,100200,0.0,0.0
2024-02-22 00:00:00-05:00,0.23000000417232513,0.23000000417232513,0.2199999988079071,0.2199999988079071,280900,0.0,0.0
2024-02-23 00:00:00-05:00,0.2199999988079071,0.2199999988079071,0.2199999988079071,0.2199999988079071,59700,0.0,0.0
2024-02-26 00:00:00-05:00,0.2199999988079071,0.23000000417232513,0.2199999988079071,0.23000000417232513,72100,0.0,0.0
2024-02-27 00:00:00-05:00,0.23000000417232513,0.23000000417232513,0.20999999344348907,0.20999999344348907,298900,0.0,0.0
2024-02-28 00:00:00-05:00,0.20999999344348907,0.2199999988079071,0.20999999344348907,0.2199999988079071,81100,0.0,0.0
2024-02-29 00:00:00-05:00,0.2199999988079071,0.23000000417232513,0.20999999344348907,0.20999999344348907,627100,0.0,0.0
2024-03-01 00:00:00-05:00,0.20999999344348907,0.23000000417232513,0.20999999344348907,0.2199999988079071,144300,0.0,0.0
2024-03-04 00:00:00-05:00,0.2199999988079071,0.23000000417232513,0.2199999988079071,0.23000000417232513,224600,0.0,0.0
2024-03-05 00:00:00-05:00,0.2199999988079071,0.23000000417232513,0.2199999988079071,0.23000000417232513,199900,0.0,0.0
2024-03-06 00:00:00-05:00,0.23000000417232513,0.23999999463558197,0.2199999988079071,0.23000000417232513,123300,0.0,0.0
2024-03-07 00:00:00-05:00,0.25,0.2800000011920929,0.25,0.25999999046325684,713200,0.0,0.0
2024-03-08 00:00:00-05:00,0.25,0.2800000011920929,0.25,0.27000001072883606,414600,0.0,0.0
2024-03-11 00:00:00-04:00,0.2800000011920929,0.2800000011920929,0.17000000178813934,0.23000000417232513,1293700,0.0,0.0
2024-03-12 00:00:00-04:00,0.2199999988079071,0.23999999463558197,0.2199999988079071,0.23999999463558197,364600,0.0,0.0
2024-03-13 00:00:00-04:00,0.23000000417232513,0.25999999046325684,0.23000000417232513,0.25,197800,0.0,0.0
2024-03-14 00:00:00-04:00,0.25,0.25999999046325684,0.23000000417232513,0.25,129600,0.0,0.0
2024-03-15 00:00:00-04:00,0.25,0.25,0.23000000417232513,0.23999999463558197,108100,0.0,0.0
2024-03-18 00:00:00-04:00,0.23999999463558197,0.27000001072883606,0.23999999463558197,0.25999999046325684,300900,0.0,0.0
2024-03-19 00:00:00-04:00,0.25999999046325684,0.30000001192092896,0.25999999046325684,0.2800000011920929,599400,0.0,0.0
2024-03-20 00:00:00-04:00,0.2800000011920929,0.28999999165534973,0.27000001072883606,0.2800000011920929,148900,0.0,0.0
2024-03-21 00:00:00-04:00,0.2800000011920929,0.28999999165534973,0.27000001072883606,0.2800000011920929,69600,0.0,0.0
2024-03-22 00:00:00-04:00,0.2800000011920929,0.30000001192092896,0.27000001072883606,0.2800000011920929,168400,0.0,0.0
2024-03-25 00:00:00-04:00,0.27000001072883606,0.2800000011920929,0.25999999046325684,0.25999999046325684,144100,0.0,0.0
2024-03-26 00:00:00-04:00,0.25999999046325684,0.27000001072883606,0.25999999046325684,0.25999999046325684,76300,0.0,0.0
2024-03-27 00:00:00-04:00,0.27000001072883606,0.27000001072883606,0.25,0.25999999046325684,124700,0.0,0.0
2024-03-28 00:00:00-04:00,0.25,0.25,0.25,0.25,316200,0.0,0.0
2024-04-01 00:00:00-04:00,0.23999999463558197,0.23999999463558197,0.23000000417232513,0.23000000417232513,323600,0.0,0.0
2024-04-02 00:00:00-04:00,0.23000000417232513,0.23999999463558197,0.23000000417232513,0.23999999463558197,79500,0.0,0.0
2024-04-03 00:00:00-04:00,0.23000000417232513,0.27000001072883606,0.23000000417232513,0.27000001072883606,926800,0.0,0.0
2024-04-04 00:00:00-04:00,0.25999999046325684,0.27000001072883606,0.25,0.25999999046325684,410200,0.0,0.0
2024-04-05 00:00:00-04:00,0.25999999046325684,0.25999999046325684,0.23999999463558197,0.23999999463558197,829500,0.0,0.0
2024-04-08 00:00:00-04:00,0.23999999463558197,0.25999999046325684,0.23999999463558197,0.25,272300,0.0,0.0
2024-04-09 00:00:00-04:00,0.25999999046325684,0.2800000011920929,0.25999999046325684,0.25999999046325684,633900,0.0,0.0
2024-04-10 00:00:00-04:00,0.25999999046325684,0.25999999046325684,0.23999999463558197,0.25,251200,0.0,0.0
2024-04-11 00:00:00-04:00,0.25999999046325684,0.25999999046325684,0.23999999463558197,0.25,134000,0.0,0.0
2024-04-12 00:00:00-04:00,0.25,0.25999999046325684,0.23999999463558197,0.23999999463558197,1266200,0.0,0.0
2024-04-15 00:00:00-04:00,0.25,0.25,0.23999999463558197,0.23999999463558197,146200,0.0,0.0
2024-04-16 00:00:00-04:00,0.25,0.25,0.23000000417232513,0.23999999463558197,287900,0.0,0.0
2024-04-17 00:00:00-04:00,0.23999999463558197,0.25999999046325684,0.23999999463558197,0.23999999463558197,265000,0.0,0.0
2024-04-18 00:00:00-04:00,0.25999999046325684,0.25999999046325684,0.23999999463558197,0.25,161600,0.0,0.0
2024-04-19 00:00:00-04:00,0.25,0.27000001072883606,0.25,0.25999999046325684,287300,0.0,0.0
2024-04-22 00:00:00-04:00,0.25,0.25,0.23000000417232513,0.23000000417232513,96400,0.0,0.0
2024-04-23 00:00:00-04:00,0.23999999463558197,0.25,0.23000000417232513,0.23999999463558197,261100,0.0,0.0
2024-04-24 00:00:00-04:00,0.23999999463558197,0.25,0.23999999463558197,0.23999999463558197,85700,0.0,0.0
2024-04-25 00:00:00-04:00,0.23999999463558197,0.23999999463558197,0.2199999988079071,0.23999999463558197,352900,0.0,0.0
2024-04-26 00:00:00-04:00,0.23999999463558197,0.23999999463558197,0.20999999344348907,0.23000000417232513,235800,0.0,0.0
2024-04-29 00:00:00-04:00,0.23999999463558197,0.23999999463558197,0.2199999988079071,0.2199999988079071,158900,0.0,0.0
2024-04-30 00:00:00-04:00,0.2199999988079071,0.23000000417232513,0.20999999344348907,0.2199999988079071,178700,0.0,0.0
2024-05-01 00:00:00-04:00,0.2199999988079071,0.2199999988079071,0.20999999344348907,0.20999999344348907,49400,0.0,0.0
2024-05-02 00:00:00-04:00,0.2199999988079071,0.2199999988079071,0.20999999344348907,0.2199999988079071,110700,0.0,0.0
2024-05-03 00:00:00-04:00,0.2199999988079071,0.23999999463558197,0.2199999988079071,0.2199999988079071,224000,0.0,0.0
2024-05-06 00:00:00-04:00,0.23000000417232513,0.23999999463558197,0.2199999988079071,0.2199999988079071,243500,0.0,0.0
2024-05-07 00:00:00-04:00,0.2199999988079071,0.23000000417232513,0.2199999988079071,0.2199999988079071,90900,0.0,0.0
2024-05-08 00:00:00-04:00,0.23000000417232513,0.23000000417232513,0.2199999988079071,0.2199999988079071,50200,0.0,0.0
2024-05-09 00:00:00-04:00,0.2199999988079071,0.2199999988079071,0.20999999344348907,0.20999999344348907,339900,0.0,0.0
2024-05-10 00:00:00-04:00,0.20999999344348907,0.23000000417232513,0.20999999344348907,0.2199999988079071,227600,0.0,0.0
2024-05-13 00:00:00-04:00,0.23000000417232513,0.23000000417232513,0.2199999988079071,0.2199999988079071,135600,0.0,0.0
2024-05-14 00:00:00-04:00,0.2199999988079071,0.23000000417232513,0.20999999344348907,0.20999999344348907,131300,0.0,0.0
2024-05-15 00:00:00-04:00,0.23000000417232513,0.25,0.23000000417232513,0.25,354100,0.0,0.0
2024-05-16 00:00:00-04:00,0.25,0.27000001072883606,0.23999999463558197,0.25999999046325684,721600,0.0,0.0
2024-05-17 00:00:00-04:00,0.25999999046325684,0.27000001072883606,0.25,0.25,268500,0.0,0.0
2024-05-20 00:00:00-04:00,0.25999999046325684,0.27000001072883606,0.25,0.25999999046325684,216300,0.0,0.0
2024-05-21 00:00:00-04:00,0.27000001072883606,0.27000001072883606,0.25,0.25999999046325684,550100,0.0,0.0
2024-05-22 00:00:00-04:00,0.25999999046325684,0.27000001072883606,0.25,0.27000001072883606,584600,0.0,0.0
2024-05-23 00:00:00-04:00,0.27000001072883606,0.27000001072883606,0.25999999046325684,0.25999999046325684,118800,0.0,0.0
2024-05-24 00:00:00-04:00,0.25999999046325684,0.28999999165534973,0.25999999046325684,0.28999999165534973,471600,0.0,0.0
2024-05-28 00:00:00-04:00,0.28999999165534973,0.36000001430511475,0.28999999165534973,0.33000001311302185,1663900,0.0,0.0
2024-05-29 00:00:00-04:00,0.33000001311302185,0.3700000047683716,0.33000001311302185,0.3499999940395355,999000,0.0,0.0
2024-05-30 00:00:00-04:00,0.3499999940395355,0.3799999952316284,0.3400000035762787,0.36000001430511475,396100,0.0,0.0
2024-05-31 00:00:00-04:00,0.36000001430511475,0.38999998569488525,0.36000001430511475,0.36000001430511475,715200,0.0,0.0
2024-06-03 00:00:00-04:00,0.3700000047683716,0.3799999952316284,0.30000001192092896,0.3400000035762787,660900,0.0,0.0
2024-06-04 00:00:00-04:00,0.3400000035762787,0.3400000035762787,0.30000001192092896,0.3100000023841858,513100,0.0,0.0
2024-06-05 00:00:00-04:00,0.30000001192092896,0.3400000035762787,0.30000001192092896,0.33000001311302185,269900,0.0,0.0
2024-06-06 00:00:00-04:00,0.33000001311302185,0.33000001311302185,0.3199999928474426,0.3199999928474426,158200,0.0,0.0
2024-06-07 00:00:00-04:00,0.3100000023841858,0.33000001311302185,0.3100000023841858,0.3199999928474426,150200,0.0,0.0
2024-06-10 00:00:00-04:00,0.33000001311302185,0.3700000047683716,0.33000001311302185,0.3499999940395355,629000,0.0,0.0
2024-06-11 00:00:00-04:00,0.3499999940395355,0.36000001430511475,0.3499999940395355,0.3499999940395355,271500,0.0,0.0
2024-06-12 00:00:00-04:00,0.36000001430511475,0.38999998569488525,0.3499999940395355,0.3700000047683716,908000,0.0,0.0
2024-06-13 00:00:00-04:00,0.36000001430511475,0.36000001430511475,0.3400000035762787,0.36000001430511475,328300,0.0,0.0
2024-06-14 00:00:00-04:00,0.36000001430511475,0.3700000047683716,0.36000001430511475,0.3700000047683716,167500,0.0,0.0
2024-06-17 00:00:00-04:00,0.3799999952316284,0.3799999952316284,0.36000001430511475,0.3700000047683716,254000,0.0,0.0
2024-06-18 00:00:00-04:00,0.36000001430511475,0.3700000047683716,0.3400000035762787,0.3499999940395355,281700,0.0,0.0
2024-06-20 00:00:00-04:00,0.3499999940395355,0.3499999940395355,0.3400000035762787,0.3499999940395355,218500,0.0,0.0
2024-06-21 00:00:00-04:00,0.3400000035762787,0.4000000059604645,0.3400000035762787,0.4000000059604645,323500,0.0,0.0
2024-06-24 00:00:00-04:00,0.3700000047683716,0.3700000047683716,0.3400000035762787,0.3400000035762787,402100,0.0,0.0
2024-06-25 00:00:00-04:00,0.3499999940395355,0.3499999940395355,0.33000001311302185,0.3400000035762787,132400,0.0,0.0
2024-06-26 00:00:00-04:00,0.33000001311302185,0.3499999940395355,0.33000001311302185,0.3400000035762787,112300,0.0,0.0
2024-06-27 00:00:00-04:00,0.3400000035762787,0.3499999940395355,0.33000001311302185,0.33000001311302185,243500,0.0,0.0
2024-06-28 00:00:00-04:00,0.33000001311302185,0.3400000035762787,0.33000001311302185,0.3400000035762787,139700,0.0,0.0
2024-07-01 00:00:00-04:00,0.33000001311302185,0.3400000035762787,0.3199999928474426,0.33000001311302185,293800,0.0,0.0
2024-07-02 00:00:00-04:00,0.3199999928474426,0.33000001311302185,0.3100000023841858,0.3100000023841858,272200,0.0,0.0
2024-07-03 00:00:00-04:00,0.3100000023841858,0.3100000023841858,0.2800000011920929,0.30000001192092896,214000,0.0,0.0
2024-07-05 00:00:00-04:00,0.28999999165534973,0.3100000023841858,0.28999999165534973,0.3100000023841858,170000,0.0,0.0
2024-07-08 00:00:00-04:00,0.30000001192092896,0.3100000023841858,0.30000001192092896,0.30000001192092896,135400,0.0,0.0
2024-07-09 00:00:00-04:00,0.30000001192092896,0.3100000023841858,0.30000001192092896,0.30000001192092896,83400,0.0,0.0
2024-07-10 00:00:00-04:00,0.30000001192092896,0.30000001192092896,0.28999999165534973,0.30000001192092896,200200,0.0,0.0
2024-07-11 00:00:00-04:00,0.30000001192092896,0.3100000023841858,0.28999999165534973,0.28999999165534973,127100,0.0,0.0
2024-07-12 00:00:00-04:00,0.28999999165534973,0.3100000023841858,0.28999999165534973,0.3100000023841858,328500,0.0,0.0
2024-07-15 00:00:00-04:00,0.3100000023841858,0.3199999928474426,0.27000001072883606,0.3199999928474426,292600,0.0,0.0
2024-07-16 00:00:00-04:00,0.3199999928474426,0.3499999940395355,0.3199999928474426,0.3400000035762787,237300,0.0,0.0
2024-07-17 00:00:00-04:00,0.3400000035762787,0.3499999940395355,0.3199999928474426,0.3199999928474426,224300,0.0,0.0
2024-07-18 00:00:00-04:00,0.3199999928474426,0.3199999928474426,0.30000001192092896,0.30000001192092896,158200,0.0,0.0
2024-07-19 00:00:00-04:00,0.3100000023841858,0.3199999928474426,0.30000001192092896,0.3100000023841858,168500,0.0,0.0
2024-07-22 00:00:00-04:00,0.3100000023841858,0.33000001311302185,0.30000001192092896,0.33000001311302185,259900,0.0,0.0
2024-07-23 00:00:00-04:00,0.33000001311302185,0.3700000047683716,0.33000001311302185,0.36000001430511475,685300,0.0,0.0
2024-07-24 00:00:00-04:00,0.36000001430511475,0.3700000047683716,0.3499999940395355,0.36000001430511475,191600,0.0,0.0
2024-07-25 00:00:00-04:00,0.36000001430511475,0.3700000047683716,0.3499999940395355,0.3499999940395355,368800,0.0,0.0
2024-07-26 00:00:00-04:00,0.3499999940395355,0.36000001430511475,0.3499999940395355,0.3499999940395355,140200,0.0,0.0
2024-07-29 00:00:00-04:00,0.3700000047683716,0.3700000047683716,0.3499999940395355,0.36000001430511475,161700,0.0,0.0
2024-07-30 00:00:00-04:00,0.3499999940395355,0.36000001430511475,0.3499999940395355,0.3499999940395355,177000,0.0,0.0
2024-07-31 00:00:00-04:00,0.3499999940395355,0.3700000047683716,0.3499999940395355,0.3700000047683716,96300,0.0,0.0
2024-08-01 00:00:00-04:00,0.38999998569488525,0.38999998569488525,0.36000001430511475,0.3700000047683716,392900,0.0,0.0
2024-08-02 00:00:00-04:00,0.3799999952316284,0.3799999952316284,0.33000001311302185,0.3400000035762787,423700,0.0,0.0
2024-08-05 00:00:00-04:00,0.3400000035762787,0.3400000035762787,0.3100000023841858,0.33000001311302185,404200,0.0,0.0
2024-08-06 00:00:00-04:00,0.33000001311302185,0.33000001311302185,0.3199999928474426,0.33000001311302185,124400,0.0,0.0
2024-08-07 00:00:00-04:00,0.33000001311302185,0.33000001311302185,0.3100000023841858,0.3199999928474426,40100,0.0,0.0
2024-08-08 00:00:00-04:00,0.3199999928474426,0.3400000035762787,0.3199999928474426,0.33000001311302185,91700,0.0,0.0
2024-08-09 00:00:00-04:00,0.3499999940395355,0.3700000047683716,0.33000001311302185,0.36000001430511475,253100,0.0,0.0
2024-08-12 00:00:00-04:00,0.36000001430511475,0.3799999952316284,0.36000001430511475,0.3700000047683716,310500,0.0,0.0
2024-08-13 00:00:00-04:00,0.38999998569488525,0.38999998569488525,0.36000001430511475,0.3700000047683716,88700,0.0,0.0
2024-08-14 00:00:00-04:00,0.3799999952316284,0.38999998569488525,0.36000001430511475,0.3799999952316284,226400,0.0,0.0
2024-08-15 00:00:00-04:00,0.4000000059604645,0.5,0.4000000059604645,0.47999998927116394,2765800,0.0,0.0
2024-08-16 00:00:00-04:00,0.5,0.5699999928474426,0.49000000953674316,0.5299999713897705,3127400,0.0,0.0
2024-08-19 00:00:00-04:00,0.5299999713897705,0.5899999737739563,0.5299999713897705,0.5600000023841858,1288400,0.0,0.0
2024-08-20 00:00:00-04:00,0.5899999737739563,0.6299999952316284,0.5899999737739563,0.6299999952316284,1297500,0.0,0.0
2024-08-21 00:00:00-04:00,0.6499999761581421,0.75,0.6399999856948853,0.7200000286102295,2666300,0.0,0.0
2024-08-22 00:00:00-04:00,0.7300000190734863,0.7300000190734863,0.5799999833106995,0.6299999952316284,1630100,0.0,0.0
2024-08-23 00:00:00-04:00,0.6100000143051147,0.6600000262260437,0.5699999928474426,0.6200000047683716,892400,0.0,0.0
2024-08-26 00:00:00-04:00,0.6600000262260437,0.6899999976158142,0.6100000143051147,0.6299999952316284,852800,0.0,0.0
2024-08-27 00:00:00-04:00,0.6200000047683716,0.6399999856948853,0.6000000238418579,0.6399999856948853,490200,0.0,0.0
2024-08-28 00:00:00-04:00,0.6399999856948853,0.6399999856948853,0.5899999737739563,0.6100000143051147,492800,0.0,0.0
2024-08-29 00:00:00-04:00,0.6100000143051147,0.6200000047683716,0.6000000238418579,0.6100000143051147,357200,0.0,0.0
2024-08-30 00:00:00-04:00,0.6000000238418579,0.6700000166893005,0.6000000238418579,0.6700000166893005,800500,0.0,0.0
2024-09-03 00:00:00-04:00,0.6600000262260437,0.8100000023841858,0.6600000262260437,0.699999988079071,1634100,0.0,0.0
2024-09-04 00:00:00-04:00,0.7200000286102295,0.7699999809265137,0.7200000286102295,0.7200000286102295,1368100,0.0,0.0
2024-09-05 00:00:00-04:00,0.7300000190734863,0.7799999713897705,0.7099999785423279,0.7300000190734863,1178300,0.0,0.0
2024-09-06 00:00:00-04:00,0.7400000095367432,0.75,0.6700000166893005,0.699999988079071,845600,0.0,0.0
