Date,Open,High,Low,Close,Volume,Dividends,Stock Splits,Capital Gains
2007-02-01 00:00:00-05:00,105.00947057951153,105.0389175415039,105.00947057951153,105.0389175415039,120,0.0,0.0,0.0
2007-02-02 00:00:00-05:00,106.30516815185547,106.30516815185547,106.30516815185547,106.30516815185547,120,0.0,0.0,0.0
2007-02-05 00:00:00-05:00,105.65730285644531,105.65730285644531,105.65730285644531,105.65730285644531,3060,0.0,0.0,0.0
2007-02-06 00:00:00-05:00,107.26216888427734,107.26216888427734,107.26216888427734,107.26216888427734,2280,0.0,0.0,0.0
2007-02-07 00:00:00-05:00,107.26216888427734,107.26216888427734,107.26216888427734,107.26216888427734,0,0.0,0.0,0.0
2007-02-08 00:00:00-05:00,107.4536005237979,107.48304748535156,107.4536005237979,107.48304748535156,3060,0.0,0.0,0.0
2007-02-09 00:00:00-05:00,104.05242919921875,104.05242919921875,104.05242919921875,104.05242919921875,6000,0.0,0.0,0.0
2007-02-12 00:00:00-05:00,104.05242919921875,104.05242919921875,104.05242919921875,104.05242919921875,0,0.0,0.0,0.0
2007-02-13 00:00:00-05:00,104.641357421875,104.641357421875,104.641357421875,104.641357421875,3000,0.0,0.0,0.0
2007-02-14 00:00:00-05:00,107.98363528244845,107.98363528244845,107.71861267089844,107.71861267089844,4620,0.0,0.0,0.0
2007-02-15 00:00:00-05:00,107.55667114257812,107.55667114257812,107.55667114257812,107.55667114257812,60,0.0,0.0,0.0
2007-02-16 00:00:00-05:00,107.55667114257812,107.55667114257812,107.55667114257812,107.55667114257812,0,0.0,0.0,0.0
2007-02-20 00:00:00-05:00,107.26219551995752,109.08793415774687,107.26219551995752,108.88180541992188,4680,0.0,0.0,0.0
2007-02-21 00:00:00-05:00,108.18976882660553,108.44007132534314,108.18976882660553,108.26338958740234,660,0.0,0.0,0.0
2007-02-22 00:00:00-05:00,107.32107543945312,107.32107543945312,107.32107543945312,107.32107543945312,600,0.0,0.0,0.0
2007-02-23 00:00:00-05:00,106.48182363866509,106.48182363866509,105.56895446777344,105.56895446777344,4980,0.0,0.0,0.0
2007-02-26 00:00:00-05:00,105.70148044775331,105.70148044775331,103.72850036621094,103.72850036621094,1560,0.0,0.0,0.0
2007-02-27 00:00:00-05:00,100.8279221510031,100.93098987526339,96.63166655443854,97.22061920166016,20880,0.0,0.0,0.0
2007-02-28 00:00:00-05:00,99.72367360931497,99.75312057631456,98.44271369488598,98.82553100585938,480,0.0,0.0,0.0
2007-03-01 00:00:00-05:00,94.32006273541528,98.10405468612304,94.32006273541528,97.85375213623047,4740,0.0,0.0,0.0
2007-03-02 00:00:00-05:00,96.98505090059517,97.78013237199987,95.85132598876953,95.85132598876953,2640,0.0,0.0,0.0
2007-03-05 00:00:00-05:00,93.49553543633333,94.45257183393277,91.99371337890625,91.99371337890625,1920,0.0,0.0,0.0
2007-03-06 00:00:00-05:00,94.37895960750619,95.71881328583683,93.93724841860987,95.6157455444336,2940,0.0,0.0,0.0
2007-03-07 00:00:00-05:00,95.3212812503394,95.43906910998109,94.45257893553632,94.57037353515625,1560,0.0,0.0,0.0
2007-03-08 00:00:00-05:00,94.57037353515625,94.57037353515625,94.57037353515625,94.57037353515625,0,0.0,0.0,0.0
2007-03-09 00:00:00-05:00,97.17646747554114,97.17646747554114,96.13108336615564,96.29304504394531,1380,0.0,0.0,0.0
2007-03-12 00:00:00-04:00,96.3372188615164,96.3519389740546,95.39489575983303,96.29304504394531,960,0.0,0.0,0.0
2007-03-13 00:00:00-04:00,93.36303340810451,97.02923805129828,90.46246337890625,90.46246337890625,2220,0.0,0.0,0.0
2007-03-14 00:00:00-04:00,90.9924910143847,91.66978454589844,88.34222428581039,91.66978454589844,1740,0.0,0.0,0.0
2007-03-15 00:00:00-04:00,92.06736268657227,94.23174544538193,92.06736268657227,93.20108795166016,2280,0.0,0.0,0.0
2007-03-16 00:00:00-04:00,93.42191984643333,93.42191984643333,92.27346801757812,92.27346801757812,480,0.0,0.0,0.0
2007-03-19 00:00:00-04:00,93.56914348048903,94.1139223654488,93.56914348048903,93.93724060058594,1080,0.0,0.0,0.0
2007-03-20 00:00:00-04:00,94.34947966803998,95.7040597245492,94.34947966803998,95.1445541381836,2280,0.0,0.0,0.0
2007-03-21 00:00:00-04:00,95.32128070448366,100.4598535616763,95.32128070448366,99.6647720336914,2520,0.0,0.0,0.0
2007-03-22 00:00:00-04:00,99.85613415565093,99.85613415565093,98.10401697982947,98.60462188720703,3840,0.0,0.0,0.0
2007-03-23 00:00:00-04:00,99.2377672708676,99.2377672708676,98.5752005904389,98.76660919189453,960,0.0,0.0,0.0
2007-03-26 00:00:00-04:00,97.44147992048582,97.50037384033203,96.83780713209657,97.50037384033203,1080,0.0,0.0,0.0
2007-03-27 00:00:00-04:00,96.85253643345143,96.91143035888672,96.85253643345143,96.91143035888672,480,0.0,0.0,0.0
2007-03-28 00:00:00-04:00,94.8353855459511,95.15930886348754,94.26115968485766,94.27588653564453,2820,0.0,0.0,0.0
2007-03-29 00:00:00-04:00,95.83659320421026,95.83659320421026,94.86483001708984,94.86483001708984,240,0.0,0.0,0.0
2007-03-30 00:00:00-04:00,95.80714876952399,95.86604943270073,94.26115969562218,94.89427947998047,780,0.0,0.0,0.0
2007-04-02 00:00:00-04:00,94.20227800021851,94.29061889648438,94.20227800021851,94.29061889648438,660,0.0,0.0,0.0
2007-04-03 00:00:00-04:00,95.40962051105907,96.51389852623336,95.40962051105907,96.30776977539062,480,0.0,0.0,0.0
2007-04-04 00:00:00-04:00,96.66111755371094,96.66111755371094,96.66111755371094,96.66111755371094,120,0.0,0.0,0.0
2007-04-05 00:00:00-04:00,96.66111755371094,96.66111755371094,96.66111755371094,96.66111755371094,0,0.0,0.0,0.0
2007-04-09 00:00:00-04:00,96.07213821608961,96.07213821608961,95.88072967529297,95.88072967529297,120,0.0,0.0,0.0
2007-04-10 00:00:00-04:00,96.66114331052913,96.80838488771306,96.45501453844197,96.7347640991211,1680,0.0,0.0,0.0
2007-04-11 00:00:00-04:00,95.07094584469041,95.07094584469041,94.98260498046875,94.98260498046875,120,0.0,0.0,0.0
2007-04-12 00:00:00-04:00,94.79122884252232,95.0562515258789,94.79122884252232,95.0562515258789,360,0.0,0.0,0.0
2007-04-13 00:00:00-04:00,96.11634826660156,96.11634826660156,95.43905469599575,96.11634826660156,2640,0.0,0.0,0.0
2007-04-16 00:00:00-04:00,99.32611910926282,100.12120056152344,99.32611910926282,100.12120056152344,11880,0.0,0.0,0.0
2007-04-17 00:00:00-04:00,100.12119557392381,101.35798139363177,99.8119923790196,100.37149810791016,8460,0.0,0.0,0.0
2007-04-18 00:00:00-04:00,101.37272409013134,102.77147852104095,101.37272409013134,102.40338134765625,8760,0.0,0.0,0.0
2007-04-19 00:00:00-04:00,100.56289466290795,102.18249751450797,100.56289466290795,101.59355163574219,3000,0.0,0.0,0.0
2007-04-20 00:00:00-04:00,103.0364917776186,103.08066559117538,102.03528157678988,102.77146911621094,1740,0.0,0.0,0.0
2007-04-23 00:00:00-04:00,103.53708332893024,103.53708332893024,102.02054137496722,102.31501770019531,4680,0.0,0.0,0.0
2007-04-24 00:00:00-04:00,101.69663423734907,101.81442208234407,100.35677391061004,101.24019622802734,1680,0.0,0.0,0.0
2007-04-25 00:00:00-04:00,101.71136559390979,103.78740692138672,101.71136559390979,103.78740692138672,1080,0.0,0.0,0.0
2007-04-26 00:00:00-04:00,103.84629970473134,103.84629970473134,103.08066520579409,103.34568786621094,660,0.0,0.0,0.0
2007-04-27 00:00:00-04:00,102.77145156466995,103.27205657958984,102.4180813364981,103.27205657958984,2280,0.0,0.0,0.0
2007-04-30 00:00:00-04:00,103.37513610577342,103.59599168110553,101.6966323852539,101.6966323852539,1620,0.0,0.0,0.0
2007-05-01 00:00:00-04:00,101.71135724368317,101.82915183200915,100.41567069191807,101.62301635742188,6360,0.0,0.0,0.0
2007-05-02 00:00:00-04:00,102.4917248335277,103.43404115768325,102.06473374728277,102.96288299560547,4380,0.0,0.0,0.0
2007-05-03 00:00:00-04:00,103.99354755555564,103.99354755555564,103.3162538584999,103.75796508789062,3600,0.0,0.0,0.0
2007-05-04 00:00:00-04:00,105.3922953679209,105.45118929612048,104.71500171366951,104.81806945800781,1500,0.0,0.0,0.0
2007-05-07 00:00:00-04:00,106.01069133884938,106.01069133884938,104.99475419885644,105.42174530029297,1440,0.0,0.0,0.0
2007-05-08 00:00:00-04:00,104.65611041469347,104.7591781616211,104.53832255533517,104.7591781616211,1620,0.0,0.0,0.0
2007-05-09 00:00:00-04:00,104.90639763301002,106.02540235308483,104.64136824826204,105.77509307861328,3120,0.0,0.0,0.0
2007-05-10 00:00:00-04:00,103.72850574777137,103.83157348632812,103.72850574777137,103.83157348632812,120,0.0,0.0,0.0
2007-05-11 00:00:00-04:00,104.28801698779007,104.77389526367188,104.28801698779007,104.77389526367188,300,0.0,0.0,0.0
2007-05-14 00:00:00-04:00,105.5837054560589,105.5837054560589,103.78740692138672,103.78740692138672,1980,0.0,0.0,0.0
2007-05-15 00:00:00-04:00,105.14198396487427,105.14198396487427,102.52116394042969,102.52116394042969,180,0.0,0.0,0.0
2007-05-16 00:00:00-04:00,103.80212154419895,104.5824761216011,99.56169175533861,104.39106750488281,2280,0.0,0.0,0.0
2007-05-17 00:00:00-04:00,104.37633525759942,104.37633525759942,104.28799438476562,104.28799438476562,420,0.0,0.0,0.0
2007-05-18 00:00:00-04:00,104.641357421875,104.641357421875,104.641357421875,104.641357421875,120,0.0,0.0,0.0
2007-05-21 00:00:00-04:00,104.11130589912145,104.28799438476562,104.11130589912145,104.28799438476562,360,0.0,0.0,0.0
2007-05-22 00:00:00-04:00,104.77389075958524,105.598419195914,104.03770995141709,105.28922271728516,480,0.0,0.0,0.0
2007-05-23 00:00:00-04:00,106.08427884817534,106.49654296785302,105.6425677728047,105.78980255126953,600,0.0,0.0,0.0
2007-05-24 00:00:00-04:00,104.55302594315324,105.34810734659467,103.25733947753906,103.25733947753906,1080,0.0,0.0,0.0
2007-05-25 00:00:00-04:00,103.62544488102702,103.62544488102702,103.43403625488281,103.43403625488281,360,0.0,0.0,0.0
2007-05-29 00:00:00-04:00,104.40579435538915,104.40579435538915,102.88925227214918,104.39106750488281,600,0.0,0.0,0.0
2007-05-30 00:00:00-04:00,103.94934148716825,104.832763671875,103.86100061669286,104.832763671875,420,0.0,0.0,0.0
2007-05-31 00:00:00-04:00,107.42414782192645,107.42414782192645,105.89288568302872,106.01067352294922,600,0.0,0.0,0.0
2007-06-01 00:00:00-04:00,106.01067352294922,106.01067352294922,106.01067352294922,106.01067352294922,0,0.0,0.0,0.0
2007-06-04 00:00:00-04:00,106.3346176147461,106.3346176147461,106.3346176147461,106.3346176147461,60,0.0,0.0,0.0
2007-06-05 00:00:00-04:00,105.65727140627304,105.65727140627304,104.74440244217598,104.86219024658203,420,0.0,0.0,0.0
2007-06-06 00:00:00-04:00,103.62544174096783,103.65488870256097,103.03648902915008,103.53709411621094,8100,0.0,0.0,0.0
2007-06-07 00:00:00-04:00,100.85736317341946,101.00460469654735,99.95922088623047,99.95922088623047,5520,0.0,0.0,0.0
2007-06-08 00:00:00-04:00,99.41443491212961,101.18127914248733,91.96424084212441,101.10765838623047,1380,0.0,0.0,0.0
2007-06-11 00:00:00-04:00,101.54939583492529,103.09538493826678,101.19603228900074,102.3739242553711,960,0.0,0.0,0.0
2007-06-12 00:00:00-04:00,101.59357115974322,102.37392577857038,100.01813507080078,100.01813507080078,1920,0.0,0.0,0.0
2007-06-13 00:00:00-04:00,100.96045575179141,102.96288299560547,100.96045575179141,102.96288299560547,300,0.0,0.0,0.0
2007-06-14 00:00:00-04:00,103.83158856015906,103.83158856015906,102.88927214506687,103.38987731933594,1320,0.0,0.0,0.0
2007-06-15 00:00:00-04:00,105.0683611912129,105.0683611912129,103.58126606755661,103.68433380126953,1260,0.0,0.0,0.0
2007-06-18 00:00:00-04:00,103.13955688476562,103.13955688476562,103.13955688476562,103.13955688476562,180,0.0,0.0,0.0
2007-06-19 00:00:00-04:00,103.8020988104561,103.9935073852539,103.06591146585097,103.9935073852539,1260,0.0,0.0,0.0
2007-06-20 00:00:00-04:00,104.6855515403972,104.6855515403972,103.46348571777344,103.46348571777344,480,0.0,0.0,0.0
2007-06-21 00:00:00-04:00,100.0623065179152,101.13713073730469,98.75189312335458,101.13713073730469,1500,0.0,0.0,0.0
2007-06-22 00:00:00-04:00,99.9592084923552,99.9592084923552,97.9862289428711,97.9862289428711,360,0.0,0.0,0.0
2007-06-25 00:00:00-04:00,97.98624090464659,99.54695656297238,95.88075317971416,96.4549789428711,8820,0.0,0.0,0.0
2007-06-26 00:00:00-04:00,96.08886182343701,97.99396757904732,96.08886182343701,96.47583770751953,540,1.17333,0.0,0.0
2007-06-27 00:00:00-04:00,95.22559492609437,98.1279067993164,95.22559492609437,98.1279067993164,780,0.0,0.0,0.0
2007-06-28 00:00:00-04:00,98.1279067993164,98.1279067993164,98.1279067993164,98.1279067993164,0,0.0,0.0,0.0
2007-06-29 00:00:00-04:00,97.19026936030515,97.19026936030515,95.83585357666016,95.83585357666016,1320,0.0,0.0,0.0
2007-07-02 00:00:00-04:00,97.99395488307606,98.6637191772461,97.99395488307606,98.6637191772461,180,0.0,0.0,0.0
2007-07-03 00:00:00-04:00,98.6637191772461,98.6637191772461,98.6637191772461,98.6637191772461,0,0.0,0.0,0.0
2007-07-05 00:00:00-04:00,99.75019741749405,99.75019741749405,98.87206544204167,99.15485382080078,420,0.0,0.0,0.0
2007-07-06 00:00:00-04:00,99.25907517766159,99.58651733398438,99.25907517766159,99.58651733398438,780,0.0,0.0,0.0
2007-07-09 00:00:00-04:00,99.86932041396656,99.86932041396656,99.14002227783203,99.14002227783203,120,0.0,0.0,0.0
2007-07-10 00:00:00-04:00,96.34185723101425,96.34185723101425,94.80884094458594,94.83860778808594,2100,0.0,0.0,0.0
2007-07-11 00:00:00-04:00,94.28795339871623,95.25538639775303,93.99027803806072,95.10655212402344,1980,0.0,0.0,0.0
2007-07-12 00:00:00-04:00,96.93722050451558,98.97628021240234,96.93722050451558,98.97628021240234,5100,0.0,0.0,0.0
2007-07-13 00:00:00-04:00,98.84233508580655,100.04790955035735,98.84233508580655,100.01814270019531,1140,0.0,0.0,0.0
2007-07-16 00:00:00-04:00,99.92880222013214,100.46461212214507,98.97624976917747,99.27391815185547,900,0.0,0.0,0.0
2007-07-17 00:00:00-04:00,99.9437068112134,99.9437068112134,98.99115412600328,99.21440887451172,1500,0.0,0.0,0.0
2007-07-18 00:00:00-04:00,96.65445066736494,96.65445066736494,94.10934707037804,96.5502700805664,5940,0.0,0.0,0.0
2007-07-19 00:00:00-04:00,97.42835145214917,98.12788240372535,95.7018474996484,95.7762680053711,9600,0.0,0.0,0.0
2007-07-20 00:00:00-04:00,95.85071547335536,95.85071547335536,92.0553844381715,92.48700714111328,1680,0.0,0.0,0.0
2007-07-23 00:00:00-04:00,93.69257615782321,93.69257615782321,92.72514343261719,92.72514343261719,960,0.0,0.0,0.0
2007-07-24 00:00:00-04:00,89.6591091925701,90.26933975256094,86.8609848022461,86.8609848022461,3900,0.0,0.0,0.0
2007-07-25 00:00:00-04:00,89.4507434890436,89.77818563979284,86.26564296774194,88.15586853027344,7440,0.0,0.0,0.0
2007-07-26 00:00:00-04:00,85.0600793105031,86.19124015011667,81.75591097595087,83.869384765625,24060,0.0,0.0,0.0
2007-07-27 00:00:00-04:00,83.73541383060659,85.61075227280973,82.06844329833984,82.06844329833984,33000,0.0,0.0,0.0
2007-07-30 00:00:00-04:00,81.94936428338569,84.50934659359524,81.30936700253507,83.8544692993164,46380,0.0,0.0,0.0
2007-07-31 00:00:00-04:00,85.58100977929631,86.69728379027323,80.44614932880245,81.16056060791016,70380,0.0,0.0,0.0
2007-08-01 00:00:00-04:00,81.23497654780604,81.84520721435547,77.39499144214182,81.84520721435547,56640,0.0,0.0,0.0
2007-08-02 00:00:00-04:00,82.42565495353323,83.94378450114868,80.74379753722103,82.20240020751953,34980,0.0,0.0,0.0
2007-08-03 00:00:00-04:00,82.14283771232962,82.14283771232962,75.75775913632242,75.9065933227539,45180,0.0,0.0,0.0
2007-08-06 00:00:00-04:00,77.0973117693584,82.24705120252911,74.5373220695516,81.7707748413086,74760,0.0,0.0,0.0
2007-08-07 00:00:00-04:00,80.81820832993316,85.59585795696458,80.68425413580842,83.82470703125,56160,0.0,0.0,0.0
2007-08-08 00:00:00-04:00,86.65260468036446,89.27212783263876,82.6489062485184,86.74190521240234,55920,0.0,0.0,0.0
2007-08-09 00:00:00-04:00,82.23217351630814,85.95308397127233,81.30938761446589,82.15775299072266,41040,0.0,0.0,0.0
2007-08-10 00:00:00-04:00,79.50847266117694,83.36333782105599,78.24336444650491,81.63683319091797,68280,0.0,0.0,0.0
2007-08-13 00:00:00-04:00,82.60427227042334,83.34845717455538,79.94010162353516,79.94010162353516,34020,0.0,0.0,0.0
2007-08-14 00:00:00-04:00,80.10377869885278,80.2823865357629,75.9065933227539,75.9065933227539,39900,0.0,0.0,0.0
2007-08-15 00:00:00-04:00,74.67129508061018,81.86009598499763,74.34385287073361,74.96896362304688,78660,0.0,0.0,0.0
2007-08-16 00:00:00-04:00,73.46572204123106,80.52056884765625,71.99223887808283,80.52056884765625,115620,0.0,0.0,0.0
2007-08-17 00:00:00-04:00,81.86006523345078,85.58098193487604,79.70193845212357,84.30098724365234,119760,0.0,0.0,0.0
2007-08-20 00:00:00-04:00,84.85171284273576,85.28333562013505,81.48800393023376,84.46473693847656,59400,0.0,0.0,0.0
2007-08-21 00:00:00-04:00,84.3009998621602,86.19122533887072,83.34844711522433,85.11959838867188,43560,0.0,0.0,0.0
2007-08-22 00:00:00-04:00,87.36704028860102,87.62006192063981,84.09263227732981,86.02751159667969,30060,0.0,0.0,0.0
2007-08-23 00:00:00-04:00,86.99496694611946,87.36706288781104,84.43498311348947,85.58102416992188,37320,0.0,0.0,0.0
2007-08-24 00:00:00-04:00,84.85169644472683,86.3251724243164,83.82472317622906,86.3251724243164,24660,0.0,0.0,0.0
2007-08-27 00:00:00-04:00,85.23868231869898,85.3875233983606,84.01822770728889,84.36054992675781,16860,0.0,0.0,0.0
2007-08-28 00:00:00-04:00,81.41357742566453,81.69636591655069,78.4368514487188,78.7345199584961,67980,0.0,0.0,0.0
2007-08-29 00:00:00-04:00,80.37172952615813,81.48800354735478,78.13918148376486,81.45823669433594,60900,0.0,0.0,0.0
2007-08-30 00:00:00-04:00,78.6601005558519,81.41357154497746,78.1391704815764,80.17823028564453,33480,0.0,0.0,0.0
2007-08-31 00:00:00-04:00,83.05076977529905,86.42935798398804,81.19031119206353,82.4256591796875,101820,0.0,0.0,0.0
2007-09-04 00:00:00-04:00,82.38099887486675,85.11958943761984,82.00890991343425,84.12238311767578,48660,0.0,0.0,0.0
2007-09-05 00:00:00-04:00,81.97915530569713,82.21729009633714,80.55031930907721,81.13078308105469,40980,0.0,0.0,0.0
2007-09-06 00:00:00-04:00,80.81823006391863,81.13078539213453,79.32986714043638,80.5652084350586,42180,0.0,0.0,0.0
2007-09-07 00:00:00-04:00,79.47870565511724,80.19312371212683,77.52894623717424,78.88336181640625,40080,0.0,0.0,0.0
2007-09-10 00:00:00-04:00,78.80893397920833,79.82102045519605,76.33824467307932,78.12428283691406,58800,0.0,0.0,0.0
2007-09-11 00:00:00-04:00,79.4042739868164,80.37171355062021,78.88335075593284,79.4042739868164,54540,0.0,0.0,0.0
2007-09-12 00:00:00-04:00,78.88335119329126,80.43124769076489,78.6005627376564,79.80613708496094,31080,0.0,0.0,0.0
2007-09-13 00:00:00-04:00,80.6842777040448,82.52984967963809,80.40148921895175,82.00892639160156,99840,0.0,0.0,0.0
2007-09-14 00:00:00-04:00,80.52055921593401,82.29171752929688,80.29730442438041,82.29171752929688,17460,0.0,0.0,0.0
2007-09-17 00:00:00-04:00,81.4284644976956,81.48799819982648,80.05916890909876,81.19032287597656,24660,0.0,0.0,0.0
2007-09-18 00:00:00-04:00,81.94938750417873,87.81354522705078,81.14566896872226,87.81354522705078,144840,0.0,0.0,0.0
2007-09-19 00:00:00-04:00,90.04607228484393,91.48978113830987,88.20050084918564,88.24514770507812,166680,0.0,0.0,0.0
2007-09-20 00:00:00-04:00,88.70657053884975,88.72145055753947,85.58100353612579,86.11681365966797,36840,0.0,0.0,0.0
2007-09-21 00:00:00-04:00,86.74188714226642,87.24793019825564,85.65538052916278,86.31026458740234,17220,0.0,0.0,0.0
2007-09-24 00:00:00-04:00,86.28053322877025,86.32518009725051,84.56890869140625,84.56890869140625,24780,0.0,0.0,0.0
2007-09-25 00:00:00-04:00,83.39587348642502,84.29131953483105,82.73921623905915,84.02268981933594,27660,0.25667,0.0,0.0
2007-09-26 00:00:00-04:00,84.91811171240728,85.94786890978625,83.94804315867067,85.02257537841797,30120,0.0,0.0,0.0
2007-09-27 00:00:00-04:00,85.8285232376629,86.26132590984962,84.97785201756969,86.1717758178711,11040,0.0,0.0,0.0
2007-09-28 00:00:00-04:00,85.91805563370038,86.35085825115976,85.06738452117344,85.6344985961914,14880,0.0,0.0,0.0
2007-10-01 00:00:00-04:00,85.70911162633963,89.23120033739649,85.70911162633963,88.85809326171875,28440,0.0,0.0,0.0
2007-10-02 00:00:00-04:00,90.26099709257664,90.79826354980469,89.39539847693169,90.79826354980469,33660,0.0,0.0,0.0
2007-10-03 00:00:00-04:00,90.81313191695702,91.64888229619592,89.7833746445435,90.54450225830078,24900,0.0,0.0,0.0
2007-10-04 00:00:00-04:00,91.41008706102447,91.63394849314804,90.54448906803277,90.96236419677734,16560,0.0,0.0,0.0
2007-10-05 00:00:00-04:00,92.54435313780486,93.94721778462485,91.97723909583755,93.30548095703125,32520,0.0,0.0,0.0
2007-10-08 00:00:00-04:00,92.23092504359825,92.58910475962409,91.03699493408203,91.03699493408203,9780,0.0,0.0,0.0
2007-10-09 00:00:00-04:00,92.08170581199474,93.39502716064453,90.84300041416633,93.39502716064453,21420,0.0,0.0,0.0
2007-10-10 00:00:00-04:00,92.69361166837943,93.35026904587738,90.8280964206008,91.84293365478516,24360,0.0,0.0,0.0
2007-10-11 00:00:00-04:00,91.93245464844053,93.55918065392542,90.2908081863845,91.06685638427734,24600,0.0,0.0,0.0
2007-10-12 00:00:00-04:00,90.87285786144693,91.6041448122245,90.42513478187928,90.69377136230469,21900,0.0,0.0,0.0
2007-10-15 00:00:00-04:00,89.81323428192617,89.81323428192617,86.42546412227254,87.48506927490234,66180,0.0,0.0,0.0
2007-10-16 00:00:00-04:00,86.63438990739506,86.63438990739506,84.15698642217026,84.47039794921875,69060,0.0,0.0,0.0
2007-10-17 00:00:00-04:00,86.39563468546419,86.39563468546419,81.78409202457044,83.44066619873047,79800,0.0,0.0,0.0
2007-10-18 00:00:00-04:00,81.64976207971318,83.06755403178823,81.15726398629539,82.3064193725586,33660,0.0,0.0,0.0
2007-10-19 00:00:00-04:00,80.96322339787487,81.79897373509318,77.75454711914062,77.75454711914062,56400,0.0,0.0,0.0
2007-10-22 00:00:00-04:00,76.27708212535168,80.0528801834713,76.27708212535168,79.1275863647461,42480,0.0,0.0,0.0
2007-10-23 00:00:00-04:00,80.33643931322393,80.33643931322393,78.33660605661416,80.14242553710938,49320,0.0,0.0,0.0
2007-10-24 00:00:00-04:00,78.79924417726916,79.99317439658583,74.62049865722656,74.62049865722656,184560,0.0,0.0,0.0
2007-10-25 00:00:00-04:00,77.45609329354798,80.1722795393386,75.41149167168984,78.12767791748047,59220,0.0,0.0,0.0
2007-10-26 00:00:00-04:00,81.18710846559104,81.78407706964491,78.29183601326186,81.76914978027344,106440,0.0,0.0,0.0
2007-10-29 00:00:00-04:00,82.75414729335635,82.75414729335635,80.87371171724705,82.06764221191406,46860,0.0,0.0,0.0
2007-10-30 00:00:00-04:00,81.8885261761018,81.8885261761018,80.50058910718238,80.84384155273438,31920,0.0,0.0,0.0
2007-10-31 00:00:00-04:00,82.20196658125504,83.27649932371472,79.7842576631519,82.09749603271484,134220,0.0,0.0,0.0
2007-11-01 00:00:00-04:00,79.09772059266986,79.09772059266986,75.21745288863842,75.36669158935547,172500,0.0,0.0,0.0
2007-11-02 00:00:00-04:00,74.93390785151833,74.93390785151833,70.47159825788015,73.38179779052734,207600,0.0,0.0,0.0
2007-11-05 00:00:00-05:00,67.91959288272102,75.45626961820604,67.91959288272102,70.964111328125,124560,0.0,0.0,0.0
2007-11-06 00:00:00-05:00,72.30726512156325,73.32210210849738,69.74031807770787,73.1579360961914,95520,0.0,0.0,0.0
2007-11-07 00:00:00-05:00,71.1730183602547,76.9337209523565,66.41223213046258,66.56147766113281,275160,0.0,0.0,0.0
2007-11-08 00:00:00-05:00,71.50137672823104,71.50137672823104,63.00956523554265,67.12861633300781,313500,0.0,0.0,0.0
2007-11-09 00:00:00-05:00,67.88972709356854,70.1283419980903,63.77067703559061,67.30768585205078,441900,0.0,0.0,0.0
2007-11-12 00:00:00-05:00,65.33770954912288,70.72530594730189,65.33770954912288,67.94942474365234,156180,0.0,0.0,0.0
2007-11-13 00:00:00-05:00,70.14327766577892,73.5758163749993,69.41199762049536,73.14302062988281,210780,0.0,0.0,0.0
2007-11-14 00:00:00-05:00,73.87429858941663,79.84393660223344,71.18796045889239,72.87438201904297,178080,0.0,0.0,0.0
2007-11-15 00:00:00-05:00,71.63567998408404,72.0087802067642,67.30768870780868,68.47177124023438,124020,0.0,0.0,0.0
2007-11-16 00:00:00-05:00,70.88945372997938,70.88945372997938,66.20329077363324,67.15843200683594,135660,0.0,0.0,0.0
2007-11-19 00:00:00-05:00,67.9046712292205,67.9046712292205,63.05433317817546,63.72591781616211,297840,0.0,0.0,0.0
2007-11-20 00:00:00-05:00,64.54673885140497,65.71081462585454,59.323301244466435,61.93501663208008,340140,0.0,0.0,0.0
2007-11-21 00:00:00-05:00,62.248438627489136,62.248438627489136,58.472640002260476,59.39793395996094,286860,0.0,0.0,0.0
2007-11-23 00:00:00-05:00,62.2335207257952,63.442371920313285,59.99490487234933,62.681243896484375,149460,0.0,0.0,0.0
2007-11-26 00:00:00-05:00,62.517049366107976,62.517049366107976,57.98012421249831,58.0845947265625,218940,0.0,0.0,0.0
2007-11-27 00:00:00-05:00,59.696385967392416,62.21855745983339,58.203978538513184,60.890316009521484,267900,0.0,0.0,0.0
2007-11-28 00:00:00-05:00,62.45736986198681,66.80028238568937,62.45736986198681,66.71073913574219,463440,0.0,0.0,0.0
2007-11-29 00:00:00-05:00,67.50171269306874,67.50171269306874,63.93485544143724,65.6958999633789,183900,0.0,0.0,0.0
2007-11-30 00:00:00-05:00,72.97884857960237,73.87429457444411,68.3225321391096,69.84478759765625,306960,0.0,0.0,0.0
2007-12-03 00:00:00-05:00,68.63594705384872,69.02397462007634,66.97937308396294,67.81511688232422,132120,0.0,0.0,0.0
2007-12-04 00:00:00-05:00,67.83005716781172,67.83005716781172,65.08402276102201,65.53174591064453,158340,0.0,0.0,0.0
2007-12-05 00:00:00-05:00,67.90466481189216,68.51655389068173,66.08392486531149,68.09867858886719,207180,0.0,0.0,0.0
2007-12-06 00:00:00-05:00,68.6508594166873,72.68036651611328,67.93450669803815,72.68036651611328,379500,0.0,0.0,0.0
2007-12-07 00:00:00-05:00,73.87430139578788,73.87430139578788,70.14327835000542,70.69546508789062,235440,0.0,0.0,0.0
2007-12-10 00:00:00-05:00,71.63565614122776,73.9190454134128,70.62081950101597,73.59071350097656,270240,0.0,0.0,0.0
2007-12-11 00:00:00-05:00,74.24741518471879,74.24741518471879,66.03916025510689,66.2928695678711,723180,0.0,0.0,0.0
2007-12-12 00:00:00-05:00,70.1433129785128,70.50148612097728,62.68125637135172,64.90494537353516,496980,0.0,0.0,0.0
2007-12-13 00:00:00-05:00,63.44237307437859,64.66615158498071,61.57686438371428,64.54676055908203,366660,0.0,0.0,0.0
2007-12-14 00:00:00-05:00,65.23323001078754,65.36754825710986,61.890235297185306,62.20363998413086,366840,0.0,0.0,0.0
2007-12-17 00:00:00-05:00,61.188788807272466,62.94983238724268,60.68137051279586,60.741065979003906,394920,0.0,0.0,0.0
2007-12-18 00:00:00-05:00,62.681215074327255,62.681215074327255,58.81587438897178,60.44260025024414,613140,0.0,0.0,0.0
2007-12-19 00:00:00-05:00,60.83061820172986,63.128928150204445,60.278424809832565,62.233482360839844,457860,0.0,0.0,0.0
2007-12-20 00:00:00-05:00,66.49146799195263,66.49146799195263,59.195083853591385,60.378684997558594,364920,0.27,0.0,0.0
2007-12-21 00:00:00-05:00,62.47621649143349,63.465047323223935,61.29261522294965,63.06052780151367,305580,0.0,0.0,0.0
2007-12-24 00:00:00-05:00,62.59607662371108,65.26292771869542,62.59607662371108,65.23296356201172,158400,0.0,0.0,0.0
2007-12-26 00:00:00-05:00,64.28905348044191,64.91830734669178,63.76467068633185,64.82841491699219,178920,0.0,0.0,0.0
2007-12-27 00:00:00-05:00,64.40893988622648,64.49883235756234,61.81700257508462,62.10166549682617,293100,0.0,0.0,0.0
2007-12-28 00:00:00-05:00,63.300246971962004,63.300246971962004,60.67834544265724,61.06788635253906,169980,0.0,0.0,0.0
2007-12-31 00:00:00-05:00,60.87308232552945,63.21031963745626,60.07902229397048,62.2514533996582,502200,0.0,0.0,0.0
2008-01-02 00:00:00-05:00,63.000590246049455,63.000590246049455,58.970346835294535,59.509708404541016,468540,0.0,0.0,0.0
2008-01-03 00:00:00-05:00,59.71947994450245,60.019128387319924,58.1763017802803,58.35608673095703,251040,0.0,0.0,0.0
2008-01-04 00:00:00-05:00,56.49828062811782,58.05644427741613,54.47566910067907,54.91015625,759600,0.0,0.0,0.0
2008-01-07 00:00:00-05:00,55.46449728342734,56.468310181263995,53.50181429056707,55.689231872558594,451680,0.0,0.0,0.0
2008-01-08 00:00:00-05:00,56.752975600908314,57.23241238430746,51.329381066160344,51.74888610839844,780420,0.0,0.0,0.0
2008-01-09 00:00:00-05:00,52.63283559823295,53.18718269968963,48.902243794443336,53.1572151184082,988800,0.0,0.0,0.0
2008-01-10 00:00:00-05:00,53.681605897946866,56.78294410156913,50.5503035378499,55.32965850830078,1103040,0.0,0.0,0.0
2008-01-11 00:00:00-05:00,53.65164210570627,56.94774734879094,53.05234868461001,54.700401306152344,1159500,0.0,0.0,0.0
2008-01-14 00:00:00-05:00,56.07876675933378,56.48328968718964,54.02619139593568,55.31467056274414,467340,0.0,0.0,0.0
2008-01-15 00:00:00-05:00,54.04117583592787,54.220960752160174,51.68895212760317,52.06351089477539,786960,0.0,0.0,0.0
2008-01-16 00:00:00-05:00,51.71891798954083,55.22477883877353,51.688953835845176,53.56174087524414,1363980,0.0,0.0,0.0
2008-01-17 00:00:00-05:00,53.846386035012834,53.846386035012834,48.213038195211645,49.216854095458984,1526520,0.0,0.0,0.0
2008-01-18 00:00:00-05:00,50.50535113981584,50.50535113981584,44.916950909805934,46.46012878417969,1630020,0.0,0.0,0.0
2008-01-22 00:00:00-05:00,40.91667347698228,51.104639422829784,40.91667347698228,48.97715377807617,1715340,0.0,0.0,0.0
2008-01-23 00:00:00-05:00,46.969530476849975,55.98887845569124,46.25038045681988,55.34463882446289,2906280,0.0,0.0,0.0
2008-01-24 00:00:00-05:00,56.51325392787798,57.112543816722464,54.52060698890333,56.52823257446289,2071740,0.0,0.0,0.0
2008-01-25 00:00:00-05:00,58.13134289738285,58.13134289738285,52.63283839396857,53.56174087524414,1456140,0.0,0.0,0.0
2008-01-28 00:00:00-05:00,53.381945161369835,56.91776967663165,51.59905425813456,56.69303512573242,1143420,0.0,0.0,0.0
2008-01-29 00:00:00-05:00,57.621946248427356,58.86547579042918,55.70421295112017,58.430992126464844,1463880,0.0,0.0,0.0
2008-01-30 00:00:00-05:00,58.23622810472094,61.42746230772226,55.74916531782397,57.32230758666992,2866200,0.0,0.0,0.0
2008-01-31 00:00:00-05:00,55.02999175821997,61.27760850099785,54.460662722751664,61.202701568603516,2809860,0.0,0.0,0.0
2008-02-01 00:00:00-05:00,61.14279534065533,62.865758282694195,60.049086521209986,62.68596649169922,1656060,0.0,0.0,0.0
2008-02-04 00:00:00-05:00,62.29643943067609,62.29643943067609,59.47976049615978,59.929229736328125,924120,0.0,0.0,0.0
2008-02-05 00:00:00-05:00,57.30731538704821,58.01148324961313,54.685410925627394,55.13488006591797,2189520,0.0,0.0,0.0
2008-02-06 00:00:00-05:00,55.764141166698714,56.258556567265515,53.24711450357697,53.786476135253906,1465200,0.0,0.0,0.0
2008-02-07 00:00:00-05:00,52.78266076469488,56.18364352909936,52.497997885261434,55.1948127746582,1757280,0.0,0.0,0.0
2008-02-08 00:00:00-05:00,54.95508619443556,54.95508619443556,51.68894593252139,53.007389068603516,1421520,0.0,0.0,0.0
2008-02-11 00:00:00-05:00,54.2958747703366,54.2958747703366,50.190720679658774,50.610225677490234,1781640,0.0,0.0,0.0
2008-02-12 00:00:00-05:00,52.5729143362978,53.84641154637142,51.05970044810392,52.438072204589844,1781220,0.0,0.0,0.0
2008-02-13 00:00:00-05:00,53.39693626522974,53.711563297813726,51.13460501502118,52.06351089477539,1344480,0.0,0.0,0.0
2008-02-14 00:00:00-05:00,53.007385298275,53.86137720399162,50.95481036736289,51.224491119384766,1611240,0.0,0.0,0.0
2008-02-15 00:00:00-05:00,50.35553493333962,51.79383850097656,49.74125941560741,51.79383850097656,1471320,0.0,0.0,0.0
2008-02-19 00:00:00-05:00,52.96243692964708,53.45685219316321,50.41544338929451,50.715091705322266,1307820,0.0,0.0,0.0
2008-02-20 00:00:00-05:00,49.6963107696769,52.84259517053585,49.6513645355002,52.438072204589844,1252320,0.0,0.0,0.0
2008-02-21 00:00:00-05:00,53.03735051554574,53.44187336633019,50.59523476622217,50.98477554321289,1255260,0.0,0.0,0.0
2008-02-22 00:00:00-05:00,50.954814026174176,52.5878841582363,49.08202384268305,52.51297378540039,1837560,0.0,0.0,0.0
2008-02-25 00:00:00-05:00,52.13842299963513,54.0112100390341,50.56528092637028,53.56174087524414,1731420,0.0,0.0,0.0
2008-02-26 00:00:00-05:00,52.81262003028156,55.07494763842791,52.49799302730393,53.95127487182617,1404960,0.0,0.0,0.0
2008-02-27 00:00:00-05:00,53.14223879068889,55.73417578175202,52.73771586127615,54.32583999633789,1293900,0.0,0.0,0.0
2008-02-28 00:00:00-05:00,53.63666331629262,53.63666331629262,51.43426337362311,51.44924545288086,1517640,0.0,0.0,0.0
2008-02-29 00:00:00-05:00,50.0708656016193,50.19072221656848,47.26917264787373,47.92839431762695,2766960,0.0,0.0,0.0
2008-03-03 00:00:00-05:00,47.269174475818986,47.49390906671698,45.561193642500854,46.594970703125,1800060,0.0,0.0,0.0
2008-03-04 00:00:00-05:00,45.53122758825501,46.35525210105473,43.74833301289309,46.0855712890625,3015360,0.0,0.0,0.0
2008-03-05 00:00:00-05:00,46.44514500329709,47.52387161104777,44.482462203142966,45.32147216796875,3450300,0.0,0.0,0.0
2008-03-06 00:00:00-05:00,44.48246953780003,44.542397851118416,41.95046057914111,41.9654426574707,3424560,0.0,0.0,0.0
2008-03-07 00:00:00-05:00,41.051524169767006,44.212790860365104,40.45223071974841,41.98042678833008,5062080,0.0,0.0,0.0
2008-03-10 00:00:00-04:00,42.66959209517837,43.25390318380128,39.942813873291016,39.942813873291016,4489560,0.0,0.0,0.0
2008-03-11 00:00:00-04:00,43.97308084384789,45.74099044589413,41.74071643281095,44.61731719970703,7035420,0.0,0.0,0.0
2008-03-12 00:00:00-04:00,45.621130291285084,48.108193323216156,43.448694372450156,43.46367645263672,6277260,0.0,0.0,0.0
2008-03-13 00:00:00-04:00,41.66580259694607,45.05180784602322,40.691953593310124,44.61731719970703,10379880,0.0,0.0,0.0
2008-03-14 00:00:00-04:00,44.94691538660066,45.3214741578815,40.13759681190539,41.2163200378418,10642200,0.0,0.0,0.0
2008-03-17 00:00:00-04:00,36.017460887876254,40.961621617812526,35.97251465798507,39.73307418823242,12051120,0.0,0.0,0.0
2008-03-18 00:00:00-04:00,43.403730505414664,46.35524368286133,42.310021950064524,46.35524368286133,10347960,0.0,0.0,0.0
2008-03-19 00:00:00-04:00,46.819704302941204,48.272989788879805,44.242749315476246,44.662254333496094,9766500,0.0,0.0,0.0
2008-03-20 00:00:00-04:00,45.15667731362753,50.49037996738016,44.946924769425,49.36670684814453,7017180,0.0,0.0,0.0
2008-03-24 00:00:00-04:00,50.80501055610819,53.36698750131422,50.19073496098425,50.879920959472656,8072520,0.0,0.0,0.0
2008-03-25 00:00:00-04:00,50.454555020040615,51.68698518569426,48.545786905899426,50.78520584106445,5479440,0.17833,0.0,0.0
2008-03-26 00:00:00-04:00,49.462619105750754,49.64297574810875,47.29834971750528,47.47870635986328,7966980,0.0,0.0,0.0
2008-03-27 00:00:00-04:00,48.27526722338863,48.48568269168594,45.70519675206265,45.94567108154297,7999500,0.0,0.0,0.0
2008-03-28 00:00:00-04:00,46.110989321782,46.92259223704797,43.886602899232095,44.08198547363281,7471920,0.0,0.0,0.0
2008-03-31 00:00:00-04:00,43.61607684115715,46.18614742452637,43.21027531746299,44.8635368347168,7709100,0.0,0.0,0.0
2008-04-01 00:00:00-04:00,47.47869062559032,51.160955660035256,47.32839290009732,50.54473876953125,11284620,0.0,0.0,0.0
2008-04-02 00:00:00-04:00,51.20605782425393,52.45352137191454,49.88344711348725,50.7251091003418,10083060,0.0,0.0,0.0
2008-04-03 00:00:00-04:00,49.43254962262675,51.58179255579213,49.19207529779897,51.055755615234375,7694700,0.0,0.0,0.0
2008-04-04 00:00:00-04:00,50.87540180587592,50.965578392633134,49.131960275106145,49.432552337646484,8434320,0.0,0.0,0.0
2008-04-07 00:00:00-04:00,51.175999235144644,51.777186863286985,49.79327078643224,50.27421951293945,6474660,0.0,0.0,0.0
2008-04-08 00:00:00-04:00,49.34237175098121,50.033735846790385,48.21514730781233,48.74118423461914,6249780,0.0,0.0,0.0
2008-04-09 00:00:00-04:00,49.10190606731735,49.37243929324964,46.71218845154611,47.16307830810547,7115400,0.0,0.0,0.0
2008-04-10 00:00:00-04:00,46.57691422530342,48.06484838978061,45.91560900553047,46.877506256103516,7235340,0.0,0.0,0.0
2008-04-11 00:00:00-04:00,45.329459955017555,47.20816654145013,44.1120587199723,44.74330520629883,8004720,0.0,0.0,0.0
2008-04-14 00:00:00-04:00,44.547913116511346,44.71323685197912,42.89464824170452,43.42068862915039,7583160,0.0,0.0,0.0
2008-04-15 00:00:00-04:00,44.33749851208939,44.75832601421038,42.789443060661924,43.67619323730469,7070520,0.0,0.0,0.0
2008-04-16 00:00:00-04:00,45.73525587562536,46.89253923789168,45.29939550593875,46.411590576171875,6614760,0.0,0.0,0.0
2008-04-17 00:00:00-04:00,45.9607032513301,48.380479560956374,45.69017004454335,48.094913482666016,6757440,0.0,0.0,0.0
2008-04-18 00:00:00-04:00,50.92048764336533,51.401436296240284,49.07184018387219,49.35740280151367,10150500,0.0,0.0,0.0
2008-04-21 00:00:00-04:00,48.741186942233746,48.966631843391184,47.553844713475584,48.0197639465332,4919760,0.0,0.0,0.0
2008-04-22 00:00:00-04:00,47.6289885383012,47.95964287156396,46.44164639252883,46.89253616333008,5572560,0.0,0.0,0.0
2008-04-23 00:00:00-04:00,47.373483916513315,47.85443253779562,45.93063805266641,46.63703155517578,7070880,0.0,0.0,0.0
2008-04-24 00:00:00-04:00,46.95264916378495,50.21408667951101,46.84744316651101,49.82331466674805,10735200,0.0,0.0,0.0
2008-04-25 00:00:00-04:00,50.74013022658759,51.566762645497676,49.222133700230984,51.16096115112305,7214460,0.0,0.0,0.0
2008-04-28 00:00:00-04:00,51.401445542544835,52.60381739101984,50.454577496869724,51.115882873535156,5417460,0.0,0.0,0.0
2008-04-29 00:00:00-04:00,51.236095513379354,51.74710289133219,50.25916903670213,50.78520584106445,5347020,0.0,0.0,0.0
2008-04-30 00:00:00-04:00,50.680008740664356,51.70202367573451,49.417516060855085,49.79325866699219,8073660,0.0,0.0,0.0
2008-05-01 00:00:00-04:00,49.92853498907134,53.86630451150031,49.68805720570116,53.70097732543945,8502960,0.0,0.0,0.0
2008-05-02 00:00:00-04:00,55.624763585859036,55.94038501883386,53.14487008672203,53.92641067504883,9941820,0.0,0.0,0.0
2008-05-05 00:00:00-04:00,53.355289722038094,53.71599946811554,51.942499276519094,52.678955078125,5083620,0.0,0.0,0.0
2008-05-06 00:00:00-04:00,51.1759787156062,53.65587195733161,50.60485362188364,53.1899528503418,7968120,0.0,0.0,0.0
2008-05-07 00:00:00-04:00,53.53565101740513,53.610798171101855,49.59787824340495,49.95859146118164,6835560,0.0,0.0,0.0
2008-05-08 00:00:00-04:00,50.27420837305243,50.28923780242448,47.77928525711725,48.23017501831055,8611320,0.0,0.0,0.0
2008-05-09 00:00:00-04:00,47.59893537226817,49.55279242611484,47.283313870961905,47.97467803955078,6861780,0.0,0.0,0.0
2008-05-12 00:00:00-04:00,48.29029697540297,49.582848654973084,47.9446166294812,49.3874626159668,5594160,0.0,0.0,0.0
2008-05-13 00:00:00-04:00,49.7932651664053,49.82332402841726,48.0047353565636,48.2752685546875,6698040,0.0,0.0,0.0
2008-05-14 00:00:00-04:00,48.99669647216797,49.59788409269097,48.65101608437928,48.99669647216797,4671060,0.0,0.0,0.0
2008-05-15 00:00:00-04:00,49.05680616369668,50.27420711238488,48.38047153886639,50.24414825439453,4280040,0.0,0.0,0.0
2008-05-16 00:00:00-04:00,50.424510260700806,50.43953969131096,48.395506168184,49.041778564453125,5588220,0.0,0.0,0.0
2008-05-19 00:00:00-04:00,49.02676119437382,50.19907418817809,48.12498143913719,48.83137512207031,5932380,0.0,0.0,0.0
2008-05-20 00:00:00-04:00,47.92958802425647,47.94461745520686,46.26129366863313,46.66709518432617,7650960,0.0,0.0,0.0
2008-05-21 00:00:00-04:00,46.62200555007399,47.10295420668121,44.14211167443193,44.33749771118164,10157160,0.0,0.0,0.0
2008-05-22 00:00:00-04:00,44.0669530424476,45.81039060848109,43.97677304281545,45.134056091308594,6766800,0.0,0.0,0.0
2008-05-23 00:00:00-04:00,44.63809056789473,44.65311999868418,43.57098378176229,43.67619323730469,8002860,0.0,0.0,0.0
2008-05-27 00:00:00-04:00,43.58601864179738,44.72827272416076,43.43572431518156,44.18720626831055,7563300,0.0,0.0,0.0
2008-05-28 00:00:00-04:00,45.11903324786586,45.11903324786586,42.8044668131693,43.96175003051758,9392220,0.0,0.0,0.0
2008-05-29 00:00:00-04:00,43.6761944484022,45.76531634621179,43.6761944484022,45.2092170715332,8170980,0.0,0.0,0.0
2008-05-30 00:00:00-04:00,45.88555204517811,46.06590866064886,44.48779429530833,44.51785659790039,5448240,0.0,0.0,0.0
2008-06-02 00:00:00-04:00,44.11204896237424,44.23228439602131,42.29346050833555,43.19524002075195,7458780,0.0,0.0,0.0
2008-06-03 00:00:00-04:00,43.736316394465646,44.09702965826171,41.722341458307014,42.69926834106445,10506180,0.0,0.0,0.0
2008-06-04 00:00:00-04:00,42.45878418274729,43.82648287906853,41.917717851900846,42.173221588134766,11094060,0.0,0.0,0.0
2008-06-05 00:00:00-04:00,42.75937336544644,44.1421012878418,42.518899093726176,44.1421012878418,8754660,0.0,0.0,0.0
2008-06-06 00:00:00-04:00,43.180195113475634,43.22528682853817,39.888702874788805,39.90373229980469,16261140,0.0,0.0,0.0
2008-06-09 00:00:00-04:00,40.27948839311979,40.565051004768186,37.49899910701724,38.59616470336914,14891100,0.0,0.0,0.0
2008-06-10 00:00:00-04:00,37.82964825417898,39.67829542101879,37.45390567359596,38.896751403808594,15920580,0.0,0.0,0.0
2008-06-11 00:00:00-04:00,39.13724398474578,39.24245002082591,36.49202236881422,36.687408447265625,15695280,0.0,0.0,0.0
2008-06-12 00:00:00-04:00,37.24349368004947,38.956876152891176,36.852725075379375,38.08515548706055,15442560,0.0,0.0,0.0
2008-06-13 00:00:00-04:00,38.791537754677634,39.452842777230295,37.36372173417331,39.347633361816406,14862960,0.0,0.0,0.0
2008-06-16 00:00:00-04:00,38.74645764420221,40.74540255813703,38.29556791745046,40.159244537353516,9523320,0.0,0.0,0.0
2008-06-17 00:00:00-04:00,41.061031978852476,41.151208565739495,37.859714984135366,37.8747444152832,13697460,0.0,0.0,0.0
2008-06-18 00:00:00-04:00,36.83770071921115,37.73948045226422,36.10124818788892,36.97296905517578,18827700,0.0,0.0,0.0
2008-06-19 00:00:00-04:00,37.00301538146282,37.52905567415849,35.48501909456675,37.3937873840332,18415620,0.0,0.0,0.0
2008-06-20 00:00:00-04:00,36.22147291448488,37.33366771262345,35.40987009637837,35.63531494140625,20895540,0.0,0.0,0.0
2008-06-23 00:00:00-04:00,36.02609701260538,36.191420755913676,33.75661849975586,33.75661849975586,19967400,0.0,0.0,0.0
2008-06-24 00:00:00-04:00,34.01021287686983,35.48957575407167,33.11957678301272,34.65932083129883,35969100,0.16333,0.0,0.0
2008-06-25 00:00:00-04:00,35.1876662476762,36.98403389454751,34.674419335739074,34.90085220336914,28165860,0.0,0.0,0.0
2008-06-26 00:00:00-04:00,33.346015277247666,34.02531393226679,32.198755556888145,32.244041442871094,29216760,0.0,0.0,0.0
2008-06-27 00:00:00-04:00,32.34970745151834,32.832763744785794,30.825058650517775,31.20244789123535,19170300,0.0,0.0,0.0
2008-06-30 00:00:00-04:00,31.48926812812845,31.625129249008044,30.175956628295747,30.402389526367188,17828760,0.0,0.0,0.0
2008-07-01 00:00:00-04:00,29.617417032389586,30.900537648417163,28.681495060262566,30.5533390045166,35224140,0.0,0.0,0.0
2008-07-02 00:00:00-04:00,31.036396912531927,31.73079078169255,29.662704467773438,29.662704467773438,21841260,0.0,0.0,0.0
2008-07-03 00:00:00-04:00,30.387296598031938,30.613729513747664,29.013603806362678,29.496660232543945,12899760,0.0,0.0,0.0
2008-07-07 00:00:00-04:00,30.040095209482335,30.462766905330085,27.020987975657395,27.322900772094727,27183660,0.0,0.0,0.0
2008-07-08 00:00:00-04:00,27.94181284514782,31.081680297851562,27.23232373938522,31.081680297851562,31854000,0.0,0.0,0.0
2008-07-09 00:00:00-04:00,31.142069847065436,31.36850274834838,27.70029043858304,28.047489166259766,27007020,0.0,0.0,0.0
2008-07-10 00:00:00-04:00,27.32289322595245,28.409769664202337,26.65868836681524,27.428560256958008,35697360,0.0,0.0,0.0
2008-07-11 00:00:00-04:00,26.024681170573935,27.71537981550365,24.530223052410406,26.870031356811523,46075140,0.0,0.0,0.0
2008-07-14 00:00:00-04:00,27.56442009324524,27.911618682995922,23.624488830566406,23.624488830566406,45326220,0.0,0.0,0.0
2008-07-15 00:00:00-04:00,23.126343348615446,24.90761572149843,21.25449920969085,22.265897750854492,63253740,0.0,0.0,0.0
2008-07-16 00:00:00-04:00,23.71507085058794,27.56443003103217,22.884817485556436,26.115259170532227,62782380,0.0,0.0,0.0
2008-07-17 00:00:00-04:00,29.36080148165695,31.21755063155631,27.745578808463065,29.5268497467041,84788880,0.0,0.0,0.0
2008-07-18 00:00:00-04:00,31.187343350050952,31.821352387530222,29.4966433698659,30.794858932495117,45585720,0.0,0.0,0.0
2008-07-21 00:00:00-04:00,32.12328582895718,32.65162818660641,30.508064703919167,30.825069427490234,42084480,0.0,0.0,0.0
2008-07-22 00:00:00-04:00,29.34570115328638,34.568752425443066,28.621114937221932,34.11588668823242,51575100,0.0,0.0,0.0
2008-07-23 00:00:00-04:00,33.88945596523103,37.42180686605889,33.6781183774798,35.731109619140625,61939080,0.0,0.0,0.0
2008-07-24 00:00:00-04:00,36.002823090542265,36.078299555387254,31.051490984707115,31.54964256286621,43309740,0.0,0.0,0.0
2008-07-25 00:00:00-04:00,31.459074040398153,32.63652428852794,29.97971099165662,31.12697410583496,39634800,0.0,0.0,0.0
2008-07-28 00:00:00-04:00,30.80996839062166,32.0327080718579,28.319206596178454,28.756977081298828,37102440,0.0,0.0,0.0
2008-07-29 00:00:00-04:00,28.89284733785594,32.83278145836959,28.258836042773947,32.31953430175781,48415560,0.0,0.0,0.0
2008-07-30 00:00:00-04:00,33.663022880117744,34.40270270525892,31.54964701529785,33.602638244628906,52585440,0.0,0.0,0.0
2008-07-31 00:00:00-04:00,32.42519677340344,34.01022737571458,32.18366853100982,32.893157958984375,37977660,0.0,0.0,0.0
2008-08-01 00:00:00-04:00,33.21015280676011,33.58753859035538,31.38359469607105,33.28562927246094,35034420,0.0,0.0,0.0
2008-08-04 00:00:00-04:00,32.470469830710755,33.33091536558142,31.413785483759753,32.37989807128906,30398340,0.0,0.0,0.0
2008-08-05 00:00:00-04:00,33.43658363211236,35.429193301647395,33.01390853962696,35.26314163208008,29743500,0.0,0.0,0.0
2008-08-06 00:00:00-04:00,34.37251432617556,35.308436502905415,33.79888271022627,34.99142837524414,31408200,0.0,0.0,0.0
2008-08-07 00:00:00-04:00,33.587541106032276,34.32722434566652,31.30811712022917,32.09308624267578,32333040,0.0,0.0,0.0
2008-08-08 00:00:00-04:00,31.428873785949516,34.46307196783326,31.398683206191222,33.84415817260742,30941220,0.0,0.0,0.0
2008-08-11 00:00:00-04:00,33.81396939283145,36.50097286999509,33.3611037158958,35.26314163208008,32747400,0.0,0.0,0.0
2008-08-12 00:00:00-04:00,34.35740906869568,34.40269494377682,31.56473518917811,32.59123229980469,32824020,0.0,0.0,0.0
2008-08-13 00:00:00-04:00,31.4137915044439,31.519458577354413,29.572137735840492,30.523155212402344,46849620,0.0,0.0,0.0
2008-08-14 00:00:00-04:00,30.115571662456226,32.31951918166787,29.964615264330742,31.866653442382812,35761440,0.0,0.0,0.0
2008-08-15 00:00:00-04:00,32.50065115781643,33.49695750306517,31.927023268055482,32.425174713134766,27957300,0.0,0.0,0.0
2008-08-18 00:00:00-04:00,32.19875757415904,32.28933280689116,30.281627306705168,30.56844139099121,28033620,0.0,0.0,0.0
2008-08-19 00:00:00-04:00,29.61742101532114,29.904235071619752,28.30410963713956,29.02869415283203,31715100,0.0,0.0,0.0
2008-08-20 00:00:00-04:00,28.877736700394074,29.617418167304766,27.926717671508897,29.55703353881836,39952080,0.0,0.0,0.0
2008-08-21 00:00:00-04:00,28.289015982471245,29.345703955219292,28.092773683597198,28.92302703857422,28639440,0.0,0.0,0.0
2008-08-22 00:00:00-04:00,30.145765898966893,30.568441100792562,29.436276615578024,30.523155212402344,29772840,0.0,0.0,0.0
2008-08-25 00:00:00-04:00,29.93442307957172,30.040093589152452,28.802258791727922,28.938119888305664,23064060,0.0,0.0,0.0
2008-08-26 00:00:00-04:00,28.817359123074578,29.63251715845168,28.25882456174205,29.05888557434082,24046800,0.0,0.0,0.0
2008-08-27 00:00:00-04:00,29.209844954990217,30.251437707515024,28.847552649894883,30.04010009765625,20936580,0.0,0.0,0.0
2008-08-28 00:00:00-04:00,30.9156298693415,32.53085385652237,30.59862526214298,32.28932571411133,25735440,0.0,0.0,0.0
2008-08-29 00:00:00-04:00,31.70059425475017,32.89313949821423,31.610022510344255,31.745880126953125,22889760,0.0,0.0,0.0
2008-09-02 00:00:00-04:00,34.01022220300285,34.478183317410235,32.25914357574875,33.149776458740234,32852400,0.0,0.0,0.0
2008-09-03 00:00:00-04:00,32.96863116497744,34.32722854614258,32.500666620045976,34.32722854614258,33354180,0.0,0.0,0.0
2008-09-04 00:00:00-04:00,33.43658229270675,33.90454324312191,31.232635165214933,31.413782119750977,35853540,0.0,0.0,0.0
2008-09-05 00:00:00-04:00,30.25143947075138,33.16487683318777,30.191054825063606,33.1044921875,47284380,0.0,0.0,0.0
2008-09-08 00:00:00-04:00,37.69351983581101,37.78409158471527,33.436581990586596,35.65562438964844,79908180,0.0,0.0,0.0
2008-09-09 00:00:00-04:00,34.55366486241773,36.0028341636996,31.700608697597133,31.82137107849121,58832400,0.0,0.0,0.0
2008-09-10 00:00:00-04:00,32.50067088078882,32.80258375291106,30.160865124848886,31.187362670898438,48294180,0.0,0.0,0.0
2008-09-11 00:00:00-04:00,29.5117554085797,32.45538330078125,29.073984876323074,32.45538330078125,56212020,0.0,0.0,0.0
2008-09-12 00:00:00-04:00,31.142074934443883,32.89315724511381,30.855260800655945,32.03271484375,51279720,0.0,0.0,0.0
2008-09-15 00:00:00-04:00,28.66640387170654,30.80996870454063,26.719081339900903,26.734176635742188,81320820,0.0,0.0,0.0
2008-09-16 00:00:00-04:00,24.620798430615974,29.67779946282828,24.409462595317404,29.61741828918457,97086000,0.0,0.0,0.0
2008-09-17 00:00:00-04:00,27.86633970269499,28.198441377196648,24.18303242055307,25.149145126342773,116092020,0.0,0.0,0.0
2008-09-18 00:00:00-04:00,26.039778066315495,29.87404126989788,21.888510250918767,28.33429718017578,159967140,0.0,0.0,0.0
2008-09-19 00:00:00-04:00,35.92735600645568,37.557672258426315,30.945832013989186,33.149776458740234,65268600,0.0,0.0,0.0
2008-09-22 00:00:00-04:00,33.874361606504785,33.889456902112066,29.48156148295056,29.93442726135254,38428980,0.0,0.0,0.0
2008-09-23 00:00:00-04:00,29.51175145738553,30.523153517394434,28.304110558583186,29.11927032470703,43607520,0.0,0.0,0.0
2008-09-24 00:00:00-04:00,30.04333351756125,30.164718871471038,27.585241898813983,28.465299606323242,35755020,0.165,0.0,0.0
2008-09-25 00:00:00-04:00,28.981186051112942,30.453007358438306,28.57150538898934,29.466737747192383,49818420,0.0,0.0,0.0
2008-09-26 00:00:00-04:00,27.949393129665328,31.18132543653336,27.494191298475062,30.741296768188477,49564080,0.0,0.0,0.0
2008-09-29 00:00:00-04:00,29.08739848788865,29.481904205365336,23.594630040575268,24.64159393310547,75442140,0.0,0.0,0.0
2008-09-30 00:00:00-04:00,25.612696806019073,27.205903664305332,24.156050188294387,26.6141414642334,47945340,0.0,0.0,0.0
2008-10-01 00:00:00-04:00,26.59896607491636,28.525985921824695,26.15893731929059,28.359079360961914,50152500,0.0,0.0,0.0
2008-10-02 00:00:00-04:00,28.13148037223335,28.48046842073546,25.794776201149215,26.17411231994629,42481140,0.0,0.0,0.0
2008-10-03 00:00:00-04:00,27.494199981935427,28.237695614919705,23.989144427481413,24.201570510864258,72789840,0.0,0.0,0.0
2008-10-06 00:00:00-04:00,22.244204381912176,22.881487899193072,19.968194300848822,22.33524513244629,79152240,0.0,0.0,0.0
2008-10-07 00:00:00-04:00,22.638716553101617,22.66906289492191,17.82874670688663,17.995655059814453,98201520,0.0,0.0,0.0
2008-10-08 00:00:00-04:00,16.296234089010778,18.723979669189923,16.08380795696887,16.31140899658203,104109420,0.0,0.0,0.0
2008-10-09 00:00:00-04:00,17.66183973874727,17.9804815308901,12.6394438633344,12.760831832885742,110709720,0.0,0.0,0.0
2008-10-10 00:00:00-04:00,12.017331685878489,14.915450916953763,11.091754589841813,14.384382247924805,202575180,0.0,0.0,0.0
2008-10-13 00:00:00-04:00,16.69074079672788,17.236983607980573,14.794066732279454,16.53900909423828,90212880,0.0,0.0,0.0
2008-10-14 00:00:00-04:00,18.860531908891648,19.72541618546388,17.46457818736652,18.299116134643555,121795800,0.0,0.0,0.0
2008-10-15 00:00:00-04:00,17.19145559397162,17.874258336194124,15.097526142614981,15.294780731201172,70493940,0.0,0.0,0.0
2008-10-16 00:00:00-04:00,15.886551902579395,16.053458507025038,13.352593472825765,15.492042541503906,110292000,0.0,0.0,0.0
2008-10-17 00:00:00-04:00,15.112710567386015,16.91834411887242,14.809241911857873,15.674126625061035,70248000,0.0,0.0,0.0
2008-10-20 00:00:00-04:00,15.916888351493222,16.220356768633746,14.794057118175877,15.992755889892578,43613880,0.0,0.0,0.0
2008-10-21 00:00:00-04:00,15.44651931425115,16.523829740087887,15.400999815755995,15.719639778137207,39492780,0.0,0.0,0.0
2008-10-22 00:00:00-04:00,14.839583841583957,15.11270607124082,12.65461468661778,13.640885353088379,63305340,0.0,0.0,0.0
2008-10-23 00:00:00-04:00,13.595362763413634,13.83813686591334,11.622821878260515,13.109813690185547,72996420,0.0,0.0,0.0
2008-10-24 00:00:00-04:00,10.909669774611261,12.897385337553319,10.621376211410295,12.518050193786621,71456040,0.0,0.0,0.0
2008-10-27 00:00:00-04:00,12.12354542539827,12.776001160126002,11.228314676331744,11.516609191894531,45245040,0.0,0.0,0.0
2008-10-28 00:00:00-04:00,12.21458675745114,13.959527102637821,10.697246534123314,13.489151954650879,75499140,0.0,0.0,0.0
2008-10-29 00:00:00-04:00,13.656058232219475,14.869928917445028,13.124989590376096,13.352590560913086,86516880,0.0,0.0,0.0
2008-10-30 00:00:00-04:00,14.202300521923583,14.384381119747468,13.2767226302518,13.853312492370605,47250420,0.0,0.0,0.0
2008-10-31 00:00:00-04:00,13.534674499324751,15.173402932931154,13.48915412035307,15.082362174987793,50387220,0.0,0.0,0.0
2008-11-03 00:00:00-05:00,15.067187316188985,15.537564277648926,14.88510753618136,15.537564277648926,30279240,0.0,0.0,0.0
2008-11-04 00:00:00-05:00,15.704466428119074,16.812124909776053,15.62860059818198,16.59969711303711,42455100,0.0,0.0,0.0
2008-11-05 00:00:00-05:00,16.28105587181873,16.447964175248558,13.853312780541737,14.217473983764648,47215800,0.0,0.0,0.0
2008-11-06 00:00:00-05:00,13.67123372565102,14.080915342684094,12.15389347076416,12.15389347076416,67494000,0.0,0.0,0.0
2008-11-07 00:00:00-05:00,12.593917542729832,12.95807867492193,12.032502680990836,12.942906379699707,58392540,0.0,0.0,0.0
2008-11-10 00:00:00-05:00,13.216027298861253,13.413280154745278,11.440739440704602,11.698687553405762,49581540,0.0,0.0,0.0
2008-11-11 00:00:00-05:00,11.50144008750055,11.92629586149462,10.788290564337847,11.197972297668457,65202240,0.0,0.0,0.0
2008-11-12 00:00:00-05:00,10.909673912288378,11.213142489688723,9.87788370110549,9.893056869506836,67170000,0.0,0.0,0.0
2008-11-13 00:00:00-05:00,10.120656805725595,11.380048751831055,8.739877788697777,11.380048751831055,101737980,0.0,0.0,0.0
2008-11-14 00:00:00-05:00,10.864152861896416,11.425568695186142,10.029616563312256,10.166176795959473,86952540,0.0,0.0,0.0
2008-11-17 00:00:00-05:00,9.893055005192307,10.10548279569543,9.05851787695057,9.17990493774414,72089640,0.0,0.0,0.0
2008-11-18 00:00:00-05:00,9.164735014605997,9.331642499304767,8.117770593682936,8.997827529907227,87065580,0.0,0.0,0.0
2008-11-19 00:00:00-05:00,8.7398800632211,8.861266297504983,6.979765340325588,7.025285720825195,119041500,0.0,0.0,0.0
2008-11-20 00:00:00-05:00,6.812854131739572,7.177015697457379,5.492768510276812,5.674849510192871,174149340,0.0,0.0,0.0
2008-11-21 00:00:00-05:00,6.130051767392981,6.22109205636189,4.885833616589207,6.039011478424072,179127420,0.0,0.0,0.0
2008-11-24 00:00:00-05:00,6.630772554430224,8.117765882898567,6.4031716499398765,7.677737236022949,128124300,0.0,0.0,0.0
2008-11-25 00:00:00-05:00,8.223980466345155,8.60331566947246,7.647391513258029,8.421235084533691,151500840,0.0,0.0,0.0
2008-11-26 00:00:00-05:00,8.011553354177991,9.225424758788465,7.890166300539813,9.149558067321777,82746420,0.0,0.0,0.0
2008-11-28 00:00:00-05:00,9.149557873121704,9.635106077368619,9.012996789505754,9.559239387512207,29385300,0.0,0.0,0.0
2008-12-01 00:00:00-05:00,8.876434804701228,8.891608834230679,6.479038853554269,6.585252285003662,87156120,0.0,0.0,0.0
2008-12-02 00:00:00-05:00,6.9190686872023655,7.617045125765294,6.448693195153425,7.526005268096924,103389240,0.0,0.0,0.0
2008-12-03 00:00:00-05:00,6.949415946147793,8.451581952850283,6.888722848083733,8.299848556518555,141732720,0.0,0.0,0.0
2008-12-04 00:00:00-05:00,7.890164426841816,8.95230132806179,7.70808388962369,8.041897773742676,104136060,0.0,0.0,0.0
2008-12-05 00:00:00-05:00,7.723261550967599,9.346816958123853,7.662568864601859,9.270949363708496,128530020,0.0,0.0,0.0
2008-12-08 00:00:00-05:00,10.059962776822958,10.545511036696226,9.78684144652986,10.408950805664062,119837940,0.0,0.0,0.0
2008-12-09 00:00:00-05:00,9.999271019680796,10.545513824680675,9.377162364304551,9.498549461364746,98808720,0.0,0.0,0.0
2008-12-10 00:00:00-05:00,9.635106822801424,9.756494751483165,8.906783591854687,9.422679901123047,96628020,0.0,0.0,0.0
2008-12-11 00:00:00-05:00,9.104035052364866,9.25576925931376,7.859816812777876,7.996376991271973,81843720,0.0,0.0,0.0
2008-12-12 00:00:00-05:00,7.26805674424508,8.421235084533691,7.222536380953209,8.421235084533691,100575120,0.0,0.0,0.0
2008-12-15 00:00:00-05:00,8.345370104138667,8.375716440409544,7.4956587968918,7.814300537109375,63979980,0.0,0.0,0.0
2008-12-16 00:00:00-05:00,9.331639289855957,9.361985621239178,7.99637987150416,9.331639289855957,101972880,0.0,0.0,0.0
2008-12-17 00:00:00-05:00,9.058521822782641,9.726151816191232,8.876441152279149,9.240602493286133,94453440,0.0,0.0,0.0
2008-12-18 00:00:00-05:00,9.407501575065366,9.544061738709953,8.512272195630647,8.724699020385742,73267440,0.0,0.0,0.0
2008-12-19 00:00:00-05:00,8.770226140171726,9.149561475253353,8.497104733642114,8.800573348999023,51716100,0.0,0.0,0.0
2008-12-22 00:00:00-05:00,8.755047344111585,8.876434364962664,7.95085681157338,8.223978042602539,44377860,0.0,0.0,0.0
2008-12-23 00:00:00-05:00,8.368799930671317,8.44501822170167,7.8810014724731445,7.8810014724731445,35058240,0.04167,0.0,0.0
2008-12-24 00:00:00-05:00,8.002951417375312,8.185875846750537,7.850513956769717,8.170632362365723,15329880,0.0,0.0,0.0
2008-12-26 00:00:00-05:00,8.353552083713316,8.414526859139924,8.018191254992963,8.216358184814453,11485200,0.0,0.0,0.0
2008-12-29 00:00:00-05:00,8.277340681957867,8.292584170365444,7.7895420748936886,8.00295352935791,22583100,0.0,0.0,0.0
2008-12-30 00:00:00-05:00,8.109659261915212,8.597457843066564,8.048684439271293,8.58221435546875,25251900,0.0,0.0,0.0
2008-12-31 00:00:00-05:00,8.643184451484816,9.237689737466596,8.536478352148285,9.1919584274292,36316380,0.0,0.0,0.0
2009-01-02 00:00:00-05:00,9.1462255671931,9.451099462015524,8.74988906779793,9.26817512512207,39634680,0.0,0.0,0.0
2009-01-05 00:00:00-05:00,9.22244513898352,9.359638193169609,8.856596412985837,8.932815551757812,59103420,0.0,0.0,0.0
2009-01-06 00:00:00-05:00,9.1919588111039,9.49683277032508,9.039521395367197,9.28342056274414,51599580,0.0,0.0,0.0
2009-01-07 00:00:00-05:00,8.91757186972226,9.024277974207267,8.39928569954667,8.490747451782227,47629200,0.0,0.0,0.0
2009-01-08 00:00:00-05:00,8.323068984739272,8.597455165041916,8.185875022335557,8.414530754089355,38285580,0.0,0.0,0.0
2009-01-09 00:00:00-05:00,8.505994001255731,8.551725325312702,7.8200267571585345,7.9114885330200195,38066880,0.0,0.0,0.0
2009-01-12 00:00:00-05:00,7.804781468457069,7.820025822822971,6.874915539619112,7.1797895431518555,55298160,0.0,0.0,0.0
2009-01-13 00:00:00-05:00,6.890160449572542,7.4236911904041065,6.783455173658817,7.286498069763184,57864300,0.0,0.0,0.0
2009-01-14 00:00:00-05:00,6.890159941930248,6.890159941930248,6.432848410483461,6.524311065673828,63824520,0.0,0.0,0.0
2009-01-15 00:00:00-05:00,6.493822993172526,6.539554316076519,5.54871305700138,6.051755428314209,107155200,0.0,0.0,0.0
2009-01-16 00:00:00-05:00,6.463336620264398,6.539554917276393,5.335300852647529,5.853587627410889,94472520,0.0,0.0,0.0
2009-01-20 00:00:00-05:00,5.396275119341003,5.44200600200526,4.161534309387207,4.161534309387207,152817720,0.0,0.0,0.0
2009-01-21 00:00:00-05:00,4.512138509148958,5.167618609979778,4.252995862589591,5.137131214141846,126142440,0.0,0.0,0.0
2009-01-22 00:00:00-05:00,4.725551931399197,5.060912904783484,4.359702684897955,4.603601455688477,162383160,0.0,0.0,0.0
2009-01-23 00:00:00-05:00,4.207265021449551,4.923719557982136,4.161534140639652,4.847501277923584,106610340,0.0,0.0,0.0
2009-01-26 00:00:00-05:00,4.99993715252516,5.22859279371376,4.55786891083396,4.634088039398193,95119200,0.0,0.0,0.0
2009-01-27 00:00:00-05:00,4.847501992591515,5.0151824951171875,4.710308457683034,5.0151824951171875,78289620,0.0,0.0,0.0
2009-01-28 00:00:00-05:00,5.624929932557307,6.097485217939991,5.563954705309454,6.036509990692139,136375980,0.0,0.0,0.0
2009-01-29 00:00:00-05:00,5.6554197988429085,5.746882032536549,5.13713380791228,5.182865142822266,89676840,0.0,0.0,0.0
2009-01-30 00:00:00-05:00,5.304813147882437,5.396275353302577,4.77128339820186,4.938963890075684,107884800,0.0,0.0,0.0
2009-02-02 00:00:00-05:00,4.649332561357291,4.999938745501064,4.588358198556783,4.9694504737854,82890720,0.0,0.0,0.0
2009-02-03 00:00:00-05:00,5.076157933461196,5.106644902247924,4.618846423640412,4.725552558898926,92738640,0.0,0.0,0.0
2009-02-04 00:00:00-05:00,4.847502492064935,5.045670854878974,4.634090643871653,4.695065021514893,75872460,0.0,0.0,0.0
2009-02-05 00:00:00-05:00,4.6036021991911005,5.060913722143991,4.344459468052467,4.862746238708496,129127680,0.0,0.0,0.0
2009-02-06 00:00:00-05:00,5.0761587513154955,5.594445154466849,4.999940444816145,5.472495079040527,98268000,0.0,0.0,0.0
2009-02-09 00:00:00-05:00,5.609687502796191,5.762124957109412,5.4115195972162065,5.6401753425598145,83667900,0.0,0.0,0.0
2009-02-10 00:00:00-05:00,5.50298187089609,5.579200162795832,4.512139714937157,4.5883588790893555,181732740,0.0,0.0,0.0
2009-02-11 00:00:00-05:00,4.710308943530468,4.969451684015809,4.66457761513525,4.908477306365967,76918440,0.0,0.0,0.0
2009-02-12 00:00:00-05:00,4.710308943530468,4.908477306365967,4.344459624747528,4.908477306365967,111516180,0.0,0.0,0.0
2009-02-13 00:00:00-05:00,4.6950634035230685,4.832256469162466,4.527382505379228,4.542626857757568,68379540,0.0,0.0,0.0
2009-02-17 00:00:00-05:00,4.131047152528078,4.146290199480208,3.780441372085745,3.795685291290283,99105300,0.0,0.0,0.0
2009-02-18 00:00:00-05:00,3.948121401980873,3.963364443771647,3.5517842161894126,3.734708786010742,73129020,0.0,0.0,0.0
2009-02-19 00:00:00-05:00,3.8566601392546236,3.9176340653589232,3.368860444023199,3.399348497390747,61870380,0.0,0.0,0.0
2009-02-20 00:00:00-05:00,3.1249619378745104,3.490811193543501,2.8963062075971653,3.3536176681518555,128961120,0.0,0.0,0.0
2009-02-23 00:00:00-05:00,3.551784882327333,3.582272934194174,3.063986301422119,3.063986301422119,77332980,0.0,0.0,0.0
2009-02-24 00:00:00-05:00,3.1706926345548516,3.7499534094310696,3.0944734860481242,3.7194664478302,122763960,0.0,0.0,0.0
2009-02-25 00:00:00-05:00,3.628005115821981,3.978610293978368,3.3078871263986676,3.7042236328125,116325840,0.0,0.0,0.0
2009-02-26 00:00:00-05:00,3.932878335691902,4.100558809551781,3.6584913127827368,3.749953508377075,108182940,0.0,0.0,0.0
2009-02-27 00:00:00-05:00,3.3078860057990505,3.6584910651823312,3.277397955141758,3.3383731842041016,80315820,0.0,0.0,0.0
2009-03-02 00:00:00-05:00,3.124961342936191,3.216423530409079,2.9115486999138946,2.9725239276885986,77888160,0.0,0.0,0.0
2009-03-03 00:00:00-05:00,3.0944739944226898,3.1249620513476253,2.74386886296306,2.8505752086639404,77049720,0.0,0.0,0.0
2009-03-04 00:00:00-05:00,3.0182561441117546,3.033500283820306,2.6676509617193687,2.789600372314453,81678420,0.0,0.0,0.0
2009-03-05 00:00:00-05:00,2.69813656223104,2.69813656223104,2.240825287888932,2.3170435428619385,92805480,0.0,0.0,0.0
2009-03-06 00:00:00-05:00,2.3932637840323197,2.469482074481152,2.088388877732109,2.28655743598938,103204740,0.0,0.0,0.0
2009-03-09 00:00:00-04:00,2.1950950817049804,2.4389947290616187,2.149363761536176,2.3018012046813965,77154120,0.0,0.0,0.0
2009-03-10 00:00:00-04:00,2.545700199378181,2.926793371343999,2.5152130160191546,2.8810622692108154,136378560,0.0,0.0,0.0
2009-03-11 00:00:00-04:00,3.0487430038772407,3.2011804593594615,2.8963064206474733,3.0334999561309814,126130620,0.0,0.0,0.0
2009-03-12 00:00:00-04:00,2.9877682843977738,3.612760427116277,2.8963060834330427,3.582273244857788,101033460,0.0,0.0,0.0
2009-03-13 00:00:00-04:00,3.6584922625687115,3.734710560621384,3.3231301374697777,3.5975170135498047,108168240,0.0,0.0,0.0
2009-03-16 00:00:00-04:00,3.7347102758875397,3.9328790568696625,3.4298362346678815,3.47556734085083,100476180,0.0,0.0,0.0
2009-03-17 00:00:00-04:00,3.4298353335436653,3.8871467113494873,3.323129011025618,3.8871467113494873,61392180,0.0,0.0,0.0
2009-03-18 00:00:00-04:00,3.749953134566103,4.5273823738098145,3.704222259390653,4.5273823738098145,123403440,0.0,0.0,0.0
2009-03-19 00:00:00-04:00,4.740794238611055,4.756038154730103,3.8871467113494873,3.8871467113494873,116339520,0.0,0.0,0.0
2009-03-20 00:00:00-04:00,3.8719033298496814,3.902391166297434,3.5212980080884586,3.582273244857788,72335820,0.0,0.0,0.0
2009-03-23 00:00:00-04:00,4.115803891477704,4.542628463943417,3.932879448529204,4.481653213500977,108162240,0.0,0.0,0.0
2009-03-24 00:00:00-04:00,4.294535728420947,4.693313638590806,4.1258213389757135,4.156497001647949,106389840,0.03,0.0,0.0
2009-03-25 00:00:00-04:00,4.32520721611744,4.555271439077148,3.8344040085369224,4.3865580558776855,132514800,0.0,0.0,0.0
2009-03-26 00:00:00-04:00,4.493923107956956,4.570611802681991,4.202508788641702,4.478585720062256,89304780,0.0,0.0,0.0
2009-03-27 00:00:00-04:00,4.279194620998532,4.524596662809238,4.233181601030062,4.248519420623779,65793960,0.0,0.0,0.0
2009-03-30 00:00:00-04:00,3.819067380854673,3.926430835428231,3.5429900516120436,3.589003086090088,75296640,0.0,0.0,0.0
2009-03-31 00:00:00-04:00,3.7730528792005473,4.079804860395618,3.6810272848420262,4.003117084503174,63957240,0.0,0.0,0.0
2009-04-01 00:00:00-04:00,3.773054094803261,4.187170061055475,3.7577162713956436,4.125819206237793,82908120,0.0,0.0,0.0
2009-04-02 00:00:00-04:00,4.524598029368989,4.555272800195732,4.294533737665915,4.371221542358398,99939240,0.0,0.0,0.0
2009-04-03 00:00:00-04:00,4.309870750520875,4.754662394164116,4.279195979222577,4.739324569702148,57379500,0.0,0.0,0.0
2009-04-06 00:00:00-04:00,4.463247262299961,4.631960699351831,4.386559456043517,4.524598121643066,64251840,0.0,0.0,0.0
2009-04-07 00:00:00-04:00,4.294533765595411,4.478585024629722,4.233182907104492,4.233182907104492,44271120,0.0,0.0,0.0
2009-04-08 00:00:00-04:00,4.340548728352988,4.41723656761815,4.125821286446299,4.309872627258301,40999380,0.0,0.0,0.0
2009-04-09 00:00:00-04:00,4.862025120767931,5.414179797364121,4.81601252359347,5.337491989135742,103624500,0.0,0.0,0.0
2009-04-13 00:00:00-04:00,5.214790387830385,5.981670991654501,5.16877735852332,5.8589701652526855,97328580,0.0,0.0,0.0
2009-04-14 00:00:00-04:00,5.736269632003767,5.828295263547882,5.046076737203663,5.107427597045898,113953440,0.0,0.0,0.0
2009-04-15 00:00:00-04:00,4.87736458199406,5.598232438153457,4.816013706010658,5.552219390869141,73319640,0.0,0.0,0.0
2009-04-16 00:00:00-04:00,5.690256710276932,5.843633204721284,5.276141140665414,5.628906726837158,100140720,0.0,0.0,0.0
2009-04-17 00:00:00-04:00,5.582894403215253,5.9816721674044055,5.414180075531329,5.812958717346191,88828620,0.0,0.0,0.0
2009-04-20 00:00:00-04:00,5.306816238382093,5.352829269689892,4.570610809146835,4.616623401641846,86971200,0.0,0.0,0.0
2009-04-21 00:00:00-04:00,4.202509578633082,5.245467509979744,4.202509578633082,5.214792728424072,46287540,0.0,0.0,0.0
2009-04-22 00:00:00-04:00,4.877363799585327,5.460192859209424,4.862025534533809,4.892701625823975,105761160,0.0,0.0,0.0
2009-04-23 00:00:00-04:00,5.04607758777573,5.3068175793205645,4.846688905227396,5.245466709136963,73001700,0.0,0.0,0.0
2009-04-24 00:00:00-04:00,5.2761402937057005,5.705593619348198,5.138101646389761,5.490867614746094,122085180,0.0,0.0,0.0
2009-04-27 00:00:00-04:00,5.214790389508717,5.490867687814423,5.10742694696619,5.230127334594727,63952800,0.0,0.0,0.0
2009-04-28 00:00:00-04:00,4.938714452299893,5.27614181800759,4.923376625361279,5.07675313949585,47445540,0.0,0.0,0.0
2009-04-29 00:00:00-04:00,5.199453138091417,5.567556096673721,5.184115313694613,5.4601922035217285,57597960,0.0,0.0,0.0
2009-04-30 00:00:00-04:00,5.659580434041965,5.751606042966892,5.383503168454467,5.414178371429443,58039920,0.0,0.0,0.0
2009-05-01 00:00:00-04:00,5.368167571878368,5.490869312245572,5.18411627776626,5.245466709136963,34631100,0.0,0.0,0.0
2009-05-04 00:00:00-04:00,5.368166241036371,6.196397736836714,5.368166241036371,6.181060791015625,66151080,0.0,0.0,0.0
2009-05-05 00:00:00-04:00,5.981672880305853,6.196399394306707,5.889647231448344,5.997010707855225,52625040,0.0,0.0,0.0
2009-05-06 00:00:00-04:00,6.2577503980978335,6.840579519860691,6.211737353289044,6.763891696929932,97712340,0.0,0.0,0.0
2009-05-07 00:00:00-04:00,7.300706232992988,7.300706232992988,6.196397845162196,6.411125183105469,115087740,0.0,0.0,0.0
2009-05-08 00:00:00-04:00,6.656528149537123,7.300708137332908,6.472476411014818,7.270033359527588,83755860,0.0,0.0,0.0
2009-05-11 00:00:00-04:00,6.77922832013363,6.9939548005209025,6.426462729849566,6.5031514167785645,64531440,0.0,0.0,0.0
2009-05-12 00:00:00-04:00,6.625852111450566,6.641190376077423,5.8743087392603135,6.334437370300293,74950140,0.0,0.0,0.0
2009-05-13 00:00:00-04:00,5.935658923321032,6.012346732831415,5.567556384520379,5.644244194030762,56769840,0.0,0.0,0.0
2009-05-14 00:00:00-04:00,5.5522179813544,6.0583596177383905,5.521543209369366,5.9816718101501465,53529120,0.0,0.0,0.0
2009-05-15 00:00:00-04:00,5.950997436654289,6.058360023416753,5.628907043489744,5.751607894897461,40824420,0.0,0.0,0.0
2009-05-18 00:00:00-04:00,5.981672423226493,6.503151937863549,5.935659382907294,6.441801071166992,51127380,0.0,0.0,0.0
2009-05-19 00:00:00-04:00,6.441799674583539,6.595176149853571,6.119709778616918,6.165722370147705,53204700,0.0,0.0,0.0
2009-05-20 00:00:00-04:00,6.411124984428059,6.487812784187174,5.797619953478444,5.889645576477051,55106160,0.0,0.0,0.0
2009-05-21 00:00:00-04:00,5.72093215371933,5.997009022715151,5.674919122813634,5.889645576477051,46652880,0.0,0.0,0.0
2009-05-22 00:00:00-04:00,5.981671553364358,5.981671553364358,5.751607262850344,5.7976202964782715,27243360,0.0,0.0,0.0
2009-05-26 00:00:00-04:00,5.644244569157039,6.211736679077148,5.644244569157039,6.211736679077148,48537840,0.0,0.0,0.0
2009-05-27 00:00:00-04:00,6.273087345608069,6.288424293703754,5.751607853273467,5.812958717346191,41610720,0.0,0.0,0.0
2009-05-28 00:00:00-04:00,5.9049840025619025,6.1043726533416,5.6902566493512,5.9816718101501465,42005400,0.0,0.0,0.0
2009-05-29 00:00:00-04:00,6.135048049234167,6.319099306409812,5.981671562774986,6.3037614822387695,31577460,0.0,0.0,0.0
2009-06-01 00:00:00-04:00,6.457138186665135,6.671864660618362,6.334436905593323,6.549163818359375,55000980,0.0,0.0,0.0
2009-06-02 00:00:00-04:00,6.395787232140914,6.441800266713999,6.242410742772511,6.319099426269531,29248200,0.0,0.0,0.0
2009-06-03 00:00:00-04:00,6.22707338373005,6.31909900797169,6.058359081067858,6.181060791015625,29065740,0.0,0.0,0.0
2009-06-04 00:00:00-04:00,6.288426050118978,6.579841309717603,6.242412998915779,6.533828258514404,30653520,0.0,0.0,0.0
2009-06-05 00:00:00-04:00,6.73321493936877,6.779227531837801,6.3651120055525805,6.472474575042725,32311620,0.0,0.0,0.0
2009-06-08 00:00:00-04:00,6.3651147613329595,6.641192190926192,6.319101710129761,6.533828258514404,22293420,0.0,0.0,0.0
2009-06-09 00:00:00-04:00,6.579840183258057,6.625852787770983,6.45713931947305,6.579840183258057,20069460,0.0,0.0,0.0
2009-06-10 00:00:00-04:00,6.671865272991102,6.671865272991102,6.273087499047842,6.4264631271362305,27277140,0.0,0.0,0.0
2009-06-11 00:00:00-04:00,6.441799805938562,6.656526261357213,6.411125036834399,6.472474575042725,28246380,0.0,0.0,0.0
2009-06-12 00:00:00-04:00,6.48781442013086,6.564502239227295,6.426463550515659,6.564502239227295,13792200,0.0,0.0,0.0
2009-06-15 00:00:00-04:00,6.426462016847209,6.4571376637405455,6.1657225287561666,6.181060791015625,23223240,0.0,0.0,0.0
2009-06-16 00:00:00-04:00,6.2577502656912865,6.273088093240658,5.966335052756482,5.997010707855225,25920900,0.0,0.0,0.0
2009-06-17 00:00:00-04:00,5.935658510908014,5.981671544467503,5.628906416554117,5.720932483673096,35418660,0.0,0.0,0.0
2009-06-18 00:00:00-04:00,5.766945950566233,5.997010275531135,5.736270297678895,5.935659408569336,21155820,0.0,0.0,0.0
2009-06-19 00:00:00-04:00,6.058359703139873,6.165723161852255,5.935658858218771,6.1350483894348145,19728420,0.0,0.0,0.0
2009-06-22 00:00:00-04:00,5.981670913980076,6.043021765197087,5.490867614746094,5.490867614746094,32695500,0.0,0.0,0.0
2009-06-23 00:00:00-04:00,5.552216979790598,5.690255622886622,5.429516597545881,5.61356782913208,26006340,0.0,0.0,0.0
2009-06-24 00:00:00-04:00,5.738176166338171,5.876630455709013,5.63048866546055,5.72279167175293,27680100,0.01833,0.0,0.0
2009-06-25 00:00:00-04:00,5.645870295949378,5.938162803649902,5.599719032685195,5.938162803649902,19287360,0.0,0.0,0.0
2009-06-26 00:00:00-04:00,5.907398158965969,6.0612369438203055,5.845862380942962,6.015085220336914,19007280,0.0,0.0,0.0
2009-06-29 00:00:00-04:00,6.030467029553018,6.1535385577406405,5.907396821771459,6.13815450668335,19195260,0.0,0.0,0.0
2009-06-30 00:00:00-04:00,6.153537272802228,6.1689204403766045,5.938162803649902,5.938162803649902,21132660,0.0,0.0,0.0
2009-07-01 00:00:00-04:00,6.0766190076632345,6.138154774441354,5.99970006942749,5.99970006942749,12965940,0.0,0.0,0.0
2009-07-02 00:00:00-04:00,5.892014137475642,5.892014137475642,5.599721500937976,5.615104675292969,24394260,0.0,0.0,0.0
2009-07-06 00:00:00-04:00,5.5074167674228365,5.645871014983594,5.415113348868573,5.630486965179443,23971440,0.0,0.0,0.0
2009-07-07 00:00:00-04:00,5.6304861951101595,5.645870242810267,5.3997285605553555,5.4304962158203125,19152180,0.0,0.0,0.0
2009-07-08 00:00:00-04:00,5.461265116243293,5.476648285940454,5.030516998768565,5.2458906173706055,37591200,0.0,0.0,0.0
2009-07-09 00:00:00-04:00,5.415115071370471,5.492034024452528,5.307428008893041,5.384346961975098,20054460,0.0,0.0,0.0
2009-07-10 00:00:00-04:00,5.2766607398339005,5.338195197617108,5.1997409070630685,5.2612762451171875,18843780,0.0,0.0,0.0
2009-07-13 00:00:00-04:00,5.461266879315847,5.861246585845947,5.384347044779937,5.861246585845947,34342500,0.0,0.0,0.0
2009-07-14 00:00:00-04:00,5.876628837891236,5.8920124479705125,5.676638825913321,5.815093517303467,28774380,0.0,0.0,0.0
2009-07-15 00:00:00-04:00,5.984314875968124,6.384295303105548,5.968931707445412,6.261223793029785,41505420,0.0,0.0,0.0
2009-07-16 00:00:00-04:00,6.168922082756882,6.36891255730868,6.076619091519007,6.291993618011475,27251280,0.0,0.0,0.0
2009-07-17 00:00:00-04:00,6.29199265792203,6.322759876837867,6.107386263479823,6.184305191040039,20569740,0.0,0.0,0.0
2009-07-20 00:00:00-04:00,6.261225073994756,6.338144893562721,6.215073798443509,6.291993618011475,22066080,0.0,0.0,0.0
2009-07-21 00:00:00-04:00,6.307377203931537,6.338145309833635,6.076619490613666,6.2304582595825195,21872160,0.0,0.0,0.0
2009-07-22 00:00:00-04:00,6.015082152107337,6.322758684602566,5.999698105414961,6.215071678161621,26702760,0.0,0.0,0.0
2009-07-23 00:00:00-04:00,6.230459884596004,6.645823700848195,6.184308153841084,6.553520679473877,36124740,0.0,0.0,0.0
2009-07-24 00:00:00-04:00,6.445831112318027,6.599669862011633,6.38429622863008,6.5381340980529785,19979940,0.0,0.0,0.0
2009-07-27 00:00:00-04:00,6.568902944491154,6.7535093770160985,6.507367613694641,6.738125324249268,19906140,0.0,0.0,0.0
2009-07-28 00:00:00-04:00,6.64582149395191,6.753508976665154,6.599670218658095,6.6919732093811035,18816540,0.0,0.0,0.0
2009-07-29 00:00:00-04:00,6.6304367511094835,6.738124222600132,6.584285480625299,6.661205291748047,17677020,0.0,0.0,0.0
2009-07-30 00:00:00-04:00,6.799660877874151,7.122722035345832,6.784276824603178,6.93811559677124,31714980,0.0,0.0,0.0
2009-07-31 00:00:00-04:00,6.953497881091667,7.107336633598635,6.891963436413748,7.061185359954834,20118000,0.0,0.0,0.0
2009-08-03 00:00:00-04:00,7.338094556856037,7.430397987365723,7.245791566481725,7.430397987365723,25952400,0.0,0.0,0.0
2009-08-04 00:00:00-04:00,7.338093243980747,7.784224944507856,7.307326026162654,7.722689628601074,35925180,0.0,0.0,0.0
2009-08-05 00:00:00-04:00,7.799610206587704,8.26112561384462,7.7226912654684785,8.153438568115234,37690260,0.0,0.0,0.0
2009-08-06 00:00:00-04:00,8.445731765705121,8.491883483386676,7.984216349431162,8.061135292053223,47804640,0.0,0.0,0.0
2009-08-07 00:00:00-04:00,8.322660313294339,8.799558365938562,8.245740505857956,8.538033485412598,46342260,0.0,0.0,0.0
2009-08-10 00:00:00-04:00,8.538035338183368,8.630338775028811,8.261125907917855,8.41496467590332,28767480,0.0,0.0,0.0
2009-08-11 00:00:00-04:00,8.322660193297931,8.353427411612385,7.845760386988424,7.9072957038879395,36409980,0.0,0.0,0.0
2009-08-12 00:00:00-04:00,7.8149946990281745,8.291892838183996,7.799610206587704,8.153438568115234,31114020,0.0,0.0,0.0
2009-08-13 00:00:00-04:00,8.384196570197902,8.461116394326043,8.107287139932387,8.41496467590332,25847820,0.0,0.0,0.0
2009-08-14 00:00:00-04:00,8.399577449584223,8.430344661782394,8.076516439880816,8.32265853881836,24358020,0.0,0.0,0.0
2009-08-17 00:00:00-04:00,7.8457638490968264,7.861148345313394,7.6303905850458404,7.691925048828125,28632540,0.0,0.0,0.0
2009-08-18 00:00:00-04:00,7.799608679246134,7.984214629944682,7.768841460931681,7.9072957038879395,22567500,0.0,0.0,0.0
2009-08-19 00:00:00-04:00,7.676542311437128,7.999603564893381,7.661158693730953,7.9226837158203125,24908820,0.0,0.0,0.0
2009-08-20 00:00:00-04:00,7.968833830695278,8.322663127970271,7.953450216113601,8.307278633117676,22897140,0.0,0.0,0.0
2009-08-21 00:00:00-04:00,8.476499180525131,8.738024972572742,8.414963855385233,8.661105155944824,30687000,0.0,0.0,0.0
2009-08-24 00:00:00-04:00,8.861096130140195,8.968783175367658,8.461116053697092,8.491883277893066,33710700,0.0,0.0,0.0
2009-08-25 00:00:00-04:00,8.645722783553774,8.845712398846825,8.630339170132197,8.691874504089355,23299860,0.0,0.0,0.0
2009-08-26 00:00:00-04:00,8.614953550428545,8.768792305349484,8.476499287189217,8.676488876342773,22003920,0.0,0.0,0.0
2009-08-27 00:00:00-04:00,8.630338390445418,8.876479704037015,8.476499629315283,8.830327987670898,21566400,0.0,0.0,0.0
2009-08-28 00:00:00-04:00,8.968783539415183,9.030317990304846,8.676489616064407,8.876480102539062,20461440,0.0,0.0,0.0
2009-08-31 00:00:00-04:00,8.56880004191858,8.814942174312689,8.55341731399905,8.79955768585205,18161520,0.0,0.0,0.0
2009-09-01 00:00:00-04:00,8.707257950532979,8.87648033573772,7.922681357286374,7.984216690063477,42211560,0.0,0.0,0.0
2009-09-02 00:00:00-04:00,7.814994630244517,8.030367839536897,7.7688429138708734,7.799610137939453,22914600,0.0,0.0,0.0
2009-09-03 00:00:00-04:00,7.953447931282864,8.138053894042969,7.845760899605136,8.138053894042969,17534580,0.0,0.0,0.0
2009-09-04 00:00:00-04:00,8.184205460162918,8.245740779995451,8.014983110555786,8.23035717010498,16679100,0.0,0.0,0.0
2009-09-08 00:00:00-04:00,8.461116957700845,8.491884185184055,8.24574284423489,8.368813514709473,17144040,0.0,0.0,0.0
2009-09-09 00:00:00-04:00,8.384198974488815,8.630341249904598,8.3226645059737,8.599573135375977,20375220,0.0,0.0,0.0
2009-09-10 00:00:00-04:00,8.522648829477257,8.73802375793457,8.338042879718907,8.73802375793457,17925360,0.0,0.0,0.0
2009-09-11 00:00:00-04:00,8.7687919731429,8.784176464241668,8.599569613222096,8.630337715148926,16548000,0.0,0.0,0.0
2009-09-14 00:00:00-04:00,8.430344380654418,8.87647598481416,8.41496077506833,8.845707893371582,17402820,0.0,0.0,0.0
2009-09-15 00:00:00-04:00,8.861096704051922,9.04570270199658,8.69187431920161,8.907247543334961,23591460,0.0,0.0,0.0
2009-09-16 00:00:00-04:00,8.999551023402335,9.491833686828613,8.953399303638411,9.491833686828613,30603960,0.0,0.0,0.0
2009-09-17 00:00:00-04:00,9.476449269785622,9.691822456623193,9.291842423538158,9.399529457092285,32837100,0.0,0.0,0.0
2009-09-18 00:00:00-04:00,9.476450902347521,9.522601741589371,9.291844024296784,9.368762969970703,16434180,0.0,0.0,0.0
2009-09-21 00:00:00-04:00,9.230309306693371,9.307228257492184,9.153390355894556,9.214924812316895,17083680,0.0,0.0,0.0
2009-09-22 00:00:00-04:00,9.476451839871585,9.630289746438907,9.368763896840985,9.59952163696289,18357600,0.0,0.0,0.0
2009-09-23 00:00:00-04:00,9.661051940244755,9.722586360976097,9.230303952962311,9.245688438415527,22578300,0.0,0.0,0.0
2009-09-24 00:00:00-04:00,9.350441339235607,9.381249571674813,8.7188628783473,8.872906684875488,32290140,0.01333,0.0,0.0
2009-09-25 00:00:00-04:00,8.749667456107852,8.903710301330984,8.58021873976394,8.734262466430664,21805440,0.0,0.0,0.0
2009-09-28 00:00:00-04:00,8.811285482352844,9.304224967956543,8.795882252777535,9.304224967956543,17725920,0.0,0.0,0.0
2009-09-29 00:00:00-04:00,9.350440322723392,9.47367500197114,9.16558830385177,9.211801528930664,19058280,0.0,0.0,0.0
2009-09-30 00:00:00-04:00,9.28882351069425,9.335036738398005,8.903714455088313,9.103971481323242,20114160,0.0,0.0,0.0
2009-10-01 00:00:00-04:00,9.026947089549722,9.042350318520485,8.364559764402413,8.379963874816895,22410480,0.0,0.0,0.0
2009-10-02 00:00:00-04:00,8.071876728024199,8.564817097108607,8.041068505858771,8.3645601272583,22637880,0.0,0.0,0.0
2009-10-05 00:00:00-04:00,8.54941191024921,8.842094421386719,8.487794585875196,8.842094421386719,16424700,0.0,0.0,0.0
2009-10-06 00:00:00-04:00,9.042353630065918,9.211802432456649,8.79588512883988,9.042353630065918,21013860,0.0,0.0,0.0
2009-10-07 00:00:00-04:00,8.949925605072147,9.196394920349121,8.903712388096766,9.196394920349121,13608780,0.0,0.0,0.0
2009-10-08 00:00:00-04:00,9.350438615387064,9.442865048668319,9.196394853732908,9.242608070373535,16992120,0.0,0.0,0.0
2009-10-09 00:00:00-04:00,9.227204396299726,9.427461403222841,9.165587940562052,9.396653175354004,9483960,0.0,0.0,0.0
2009-10-12 00:00:00-04:00,9.5506951955436,9.581504302011021,9.412056420049806,9.51988697052002,11683020,0.0,0.0,0.0
2009-10-13 00:00:00-04:00,9.41205603630891,9.489078358615247,9.211799937488797,9.365842819213867,14987760,0.0,0.0,0.0
2009-10-14 00:00:00-04:00,9.72014041157689,9.982013754481835,9.61230901901598,9.935800552368164,23015940,0.0,0.0,0.0
2009-10-15 00:00:00-04:00,9.766362093859305,9.827979461926772,9.627723236068595,9.812575340270996,16044960,0.0,0.0,0.0
2009-10-16 00:00:00-04:00,9.458268371960148,9.519886582382739,9.335034595446373,9.365842819213867,19660380,0.0,0.0,0.0
2009-10-19 00:00:00-04:00,9.458269119262695,9.550695560755438,9.288822112265786,9.458269119262695,12718800,0.0,0.0,0.0
2009-10-20 00:00:00-04:00,9.458267841034651,9.504481055535583,9.27341586447467,9.304224967956543,12741840,0.0,0.0,0.0
2009-10-21 00:00:00-04:00,9.242611200055277,9.550697946242423,8.9653326877648,8.980737686157227,21100260,0.0,0.0,0.0
2009-10-22 00:00:00-04:00,9.026948170597727,9.48907858992566,8.965329958673102,9.442865371704102,20535660,0.0,0.0,0.0
2009-10-23 00:00:00-04:00,9.504481564445339,9.53529066957686,9.088564374554496,9.196394920349121,15904140,0.0,0.0,0.0
2009-10-26 00:00:00-04:00,9.196396701602346,9.258014923800243,8.688052979299467,8.780479431152344,22914960,0.0,0.0,0.0
2009-10-27 00:00:00-04:00,8.765071470051538,8.857497890640715,8.564816282143559,8.657241821289062,17969040,0.0,0.0,0.0
2009-10-28 00:00:00-04:00,8.611031479733693,8.672648820172885,8.133496870968967,8.148900985717773,22837800,0.0,0.0,0.0
2009-10-29 00:00:00-04:00,8.426177951484929,8.79588280944631,8.33375239807744,8.7650728225708,19124760,0.0,0.0,0.0
2009-10-30 00:00:00-04:00,8.626435127652599,8.641840123011711,7.948644419500951,8.041069984436035,29121360,0.0,0.0,0.0
2009-11-02 00:00:00-05:00,8.16430451176098,8.410774737189419,7.748387273426097,8.133496284484863,23599500,0.0,0.0,0.0
2009-11-03 00:00:00-05:00,7.917834959002207,8.256730738767033,7.88702585109455,8.225921630859375,16966140,0.0,0.0,0.0
2009-11-04 00:00:00-05:00,8.426175561598118,8.487792873541409,7.9794493889265805,7.994853496551514,16320840,0.0,0.0,0.0
2009-11-05 00:00:00-05:00,8.133495794941465,8.410774230957031,8.02566524307742,8.410774230957031,13415820,0.0,0.0,0.0
2009-11-06 00:00:00-05:00,8.13349313350985,8.395366489680782,8.102684918169063,8.318345069885254,11406120,0.0,0.0,0.0
2009-11-09 00:00:00-05:00,8.549411849057787,8.919115792655766,8.472390414502472,8.888307571411133,14434800,0.0,0.0,0.0
2009-11-10 00:00:00-05:00,8.842091919178564,8.949922426679258,8.67264410474083,8.826687812805176,11609340,0.0,0.0,0.0
2009-11-11 00:00:00-05:00,8.996140400454268,9.211802432456649,8.93452393623079,9.042353630065918,17347320,0.0,0.0,0.0
2009-11-12 00:00:00-05:00,8.980734267043252,9.119373029684375,8.703455860317247,8.749669075012207,11681340,0.0,0.0,0.0
2009-11-13 00:00:00-05:00,8.749667456107852,8.842092986953013,8.595623729441128,8.734262466430664,11651160,0.0,0.0,0.0
2009-11-16 00:00:00-05:00,8.93451976776123,9.119371718519677,8.842093351660193,8.93451976776123,16393800,0.0,0.0,0.0
2009-11-17 00:00:00-05:00,8.872903623356022,8.996137392036145,8.842094520103183,8.96532917022705,9848580,0.0,0.0,0.0
2009-11-18 00:00:00-05:00,8.965328326861835,9.103967956292218,8.93452010795086,9.088562965393066,9709980,0.0,0.0,0.0
2009-11-19 00:00:00-05:00,8.965329804267343,8.980734797705097,8.703456374595014,8.7650728225708,11502240,0.0,0.0,0.0
2009-11-20 00:00:00-05:00,8.626431411889788,8.74966691446044,8.595623197329779,8.67264461517334,8177760,0.0,0.0,0.0
2009-11-23 00:00:00-05:00,8.872903460788816,9.011542219277125,8.81128525541209,8.888307571411133,10337100,0.0,0.0,0.0
2009-11-24 00:00:00-05:00,8.85750088673376,8.85750088673376,8.672648864471979,8.780479431152344,10488420,0.0,0.0,0.0
2009-11-25 00:00:00-05:00,8.872903726569596,8.88830783765333,8.718859971400981,8.749669075012207,6278880,0.0,0.0,0.0
2009-11-27 00:00:00-05:00,8.256729425435283,8.564816929731322,8.225920322428184,8.287538528442383,11918340,0.0,0.0,0.0
2009-11-30 00:00:00-05:00,8.379965219391119,8.734265104434284,8.349156112175086,8.70345687866211,13351080,0.0,0.0,0.0
2009-12-01 00:00:00-05:00,8.826690511874636,8.857498734042105,8.657242645622286,8.749669075012207,10543200,0.0,0.0,0.0
2009-12-02 00:00:00-05:00,8.718859971400981,8.857498734042105,8.67264675670602,8.749669075012207,8658060,0.0,0.0,0.0
2009-12-03 00:00:00-05:00,8.888310015878798,9.057757923657123,8.395370407402586,8.441583633422852,17371260,0.0,0.0,0.0
2009-12-04 00:00:00-05:00,8.74966973214581,8.811286181108379,8.472391304595137,8.718860626220703,14488800,0.0,0.0,0.0
2009-12-07 00:00:00-05:00,8.672646855541329,8.765072404540794,8.441581660877016,8.487794876098633,9409620,0.0,0.0,0.0
2009-12-08 00:00:00-05:00,8.426177453032913,8.487794778807524,8.318346912566403,8.3645601272583,8707320,0.0,0.0,0.0
2009-12-09 00:00:00-05:00,8.395369236802276,8.50319978866632,8.272134572227323,8.410774230957031,6354780,0.0,0.0,0.0
2009-12-10 00:00:00-05:00,8.4877959721021,8.53400831184721,8.333753076730643,8.395369529724121,6252480,0.0,0.0,0.0
2009-12-11 00:00:00-05:00,8.426179079283413,8.518605526505489,8.379965855672374,8.50320053100586,6060180,0.0,0.0,0.0
2009-12-14 00:00:00-05:00,8.580218922919272,8.657241228618567,8.395366975839465,8.641837120056152,6845760,0.0,0.0,0.0
2009-12-15 00:00:00-05:00,8.564818002397645,8.595626227819459,8.364561011380463,8.410774230957031,13132380,0.0,0.0,0.0
2009-12-16 00:00:00-05:00,8.487795173522528,8.611029830802636,8.441581956681539,8.518604278564453,12848640,0.0,0.0,0.0
2009-12-17 00:00:00-05:00,8.379965706464448,8.426178929252647,8.256731033325195,8.256731033325195,5904660,0.0,0.0,0.0
2009-12-18 00:00:00-05:00,8.364560223136836,8.487794876098633,8.25672968143432,8.487794876098633,5908080,0.0,0.0,0.0
2009-12-21 00:00:00-05:00,8.549414332345773,8.688053131103516,8.549414332345773,8.688053131103516,8696040,0.0,0.0,0.0
2009-12-22 00:00:00-05:00,8.67264675670602,8.765072304652186,8.657242645622286,8.749669075012207,5719380,0.0,0.0,0.0
2009-12-23 00:00:00-05:00,8.752748543450723,8.814386673851043,8.67569911694236,8.721928596496582,4266420,0.00333,0.0,0.0
2009-12-24 00:00:00-05:00,8.783567251036423,8.860615792653848,8.752748187091031,8.845206260681152,4745520,0.0,0.0,0.0
2009-12-28 00:00:00-05:00,8.891435738353186,8.93766521602522,8.76815683730978,8.845206260681152,5094360,0.0,0.0,0.0
2009-12-29 00:00:00-05:00,8.876027349514946,8.876027349514946,8.752749314348636,8.783568382263184,4175820,0.0,0.0,0.0
2009-12-30 00:00:00-05:00,8.706519823208478,8.783568374682408,8.660290339622495,8.768157958984375,5083860,0.0,0.0,0.0
2009-12-31 00:00:00-05:00,8.783564830577639,8.845203823236709,8.67569637298584,8.67569637298584,3576480,0.0,0.0,0.0
2010-01-04 00:00:00-05:00,8.798980128456941,9.01471628174214,8.798980128456941,8.98389720916748,6563520,0.0,0.0,0.0
2010-01-05 00:00:00-05:00,8.95307668415634,9.199632776054543,8.922256731791995,9.168813705444336,8311320,0.0,0.0,0.0
2010-01-06 00:00:00-05:00,9.168813580890685,9.27668120831522,9.076354606807799,9.215043067932129,6686280,0.0,0.0,0.0
2010-01-07 00:00:00-05:00,9.245862937615392,9.646517057029007,9.199633446576476,9.554058074951172,11883060,0.0,0.0,0.0
2010-01-08 00:00:00-05:00,9.461597450398473,9.56946683193329,9.353729832371755,9.477007865905762,8502600,0.0,0.0,0.0
2010-01-11 00:00:00-05:00,9.631106824193195,9.646516359507197,9.399960267466591,9.492419242858887,8369520,0.0,0.0,0.0
2010-01-12 00:00:00-05:00,9.369139083279151,9.446188513227389,9.137992556942482,9.245861053466797,10434540,0.0,0.0,0.0
2010-01-13 00:00:00-05:00,9.261270938878893,9.523236516810455,9.137992034362542,9.446187973022461,7904160,0.0,0.0,0.0
2010-01-14 00:00:00-05:00,9.39995819358756,9.60028475373469,9.36913824800511,9.53864574432373,8715600,0.0,0.0,0.0
2010-01-15 00:00:00-05:00,9.446187528834145,9.47700659219855,9.199630613149269,9.230449676513672,10494360,0.0,0.0,0.0
2010-01-19 00:00:00-05:00,9.153401557919493,9.461596614527464,9.091762546597897,9.430777549743652,9713880,0.0,0.0,0.0
2010-01-20 00:00:00-05:00,9.338320545810355,9.477008116768756,9.19963209309788,9.399959564208984,11781000,0.0,0.0,0.0
2010-01-21 00:00:00-05:00,9.384548508301037,9.507826536691178,8.876026861630212,8.953075408935547,31618800,0.0,0.0,0.0
2010-01-22 00:00:00-05:00,8.876025440995749,8.983893919010951,8.336683932673607,8.429141998291016,27935940,0.0,0.0,0.0
2010-01-25 00:00:00-05:00,8.61406167234885,8.675700695720035,8.32127609089719,8.506193161010742,25299540,0.0,0.0,0.0
2010-01-26 00:00:00-05:00,8.38291208029214,8.660288025950559,8.213404606931654,8.244224548339844,17356380,0.0,0.0,0.0
2010-01-27 00:00:00-05:00,8.305864510124277,8.62946999880292,8.197996895652082,8.598650932312012,16052220,0.0,0.0,0.0
2010-01-28 00:00:00-05:00,8.721930319114842,8.737339854758371,8.290457148816945,8.475374221801758,19709760,0.0,0.0,0.0
2010-01-29 00:00:00-05:00,8.58323924491599,8.721927668827682,8.336684104276502,8.36750316619873,15965040,0.0,0.0,0.0
2010-02-01 00:00:00-05:00,8.475372902840345,8.644880413802392,8.45996248784087,8.598650932312012,11004240,0.0,0.0,0.0
2010-02-02 00:00:00-05:00,8.644880805678522,8.814387442570357,8.56783225420459,8.768157958984375,11516280,0.0,0.0,0.0
2010-02-03 00:00:00-05:00,8.706520387511675,8.768158527282578,8.521603322936617,8.58324146270752,9030000,0.0,0.0,0.0
2010-02-04 00:00:00-05:00,8.44455661830935,8.44455661830935,7.889804363250732,7.889804363250732,19675320,0.0,0.0,0.0
2010-02-05 00:00:00-05:00,7.982260523687008,8.090129028298195,7.597016872080295,8.059309959411621,23081220,0.0,0.0,0.0
2010-02-08 00:00:00-05:00,8.074718452760559,8.105539284547115,7.751113827066847,7.766523361206055,17525400,0.0,0.0,0.0
2010-02-09 00:00:00-05:00,7.966853826414342,8.013083327961628,7.704887238815994,7.889804363250732,23282820,0.0,0.0,0.0
2010-02-10 00:00:00-05:00,7.920624383724181,8.167180551469293,7.828166261696969,8.02849292755127,7755060,0.0,0.0,0.0
2010-02-11 00:00:00-05:00,8.043899543214245,8.136358513382145,7.889801553519107,8.059309959411621,6732360,0.0,0.0,0.0
2010-02-12 00:00:00-05:00,7.90521184300295,8.090128898620605,7.828163290267445,8.090128898620605,8304360,0.0,0.0,0.0
2010-02-16 00:00:00-05:00,8.21340504226061,8.45996105957886,8.136356507287124,8.429141998291016,7086600,0.0,0.0,0.0
2010-02-17 00:00:00-05:00,8.537012231819263,8.56783306613607,8.429144602235297,8.506193161010742,7549920,0.0,0.0,0.0
2010-02-18 00:00:00-05:00,8.41373388810451,8.660289947047845,8.41373388810451,8.598650932312012,5797800,0.0,0.0,0.0
2010-02-19 00:00:00-05:00,8.490781322009036,8.737337348601717,8.490781322009036,8.66028881072998,6520200,0.0,0.0,0.0
2010-02-22 00:00:00-05:00,8.752748187091031,8.953074747997915,8.706518709418997,8.845206260681152,7632660,0.0,0.0,0.0
2010-02-23 00:00:00-05:00,8.81438619283706,8.922254678659042,8.537010212402523,8.567831039428711,8027820,0.0,0.0,0.0
2010-02-24 00:00:00-05:00,8.614057023799257,8.860612984230823,8.5986474967107,8.829793930053711,6553680,0.0,0.0,0.0
2010-02-25 00:00:00-05:00,8.660289415902454,8.814386502414079,8.537010512237602,8.798977851867676,6461580,0.0,0.0,0.0
2010-02-26 00:00:00-05:00,8.814386200795711,8.953074632015172,8.721928128403341,8.891435623168945,5080080,0.0,0.0,0.0
2010-03-01 00:00:00-05:00,8.937664031982422,8.983893503530073,8.860614618818394,8.937664031982422,5011800,0.0,0.0,0.0
2010-03-02 00:00:00-05:00,8.983895175429867,9.13799226692768,8.983895175429867,9.014714241027832,6364680,0.0,0.0,0.0
2010-03-03 00:00:00-05:00,9.014714232287059,9.137992258067374,8.9530752193969,8.999303817749023,5017020,0.0,0.0,0.0
2010-03-04 00:00:00-05:00,9.045532004545423,9.168810894453596,9.014712943383781,9.137990951538086,6882840,0.0,0.0,0.0
2010-03-05 00:00:00-05:00,9.245862269064142,9.523238313486894,9.215043198436135,9.492419242858887,12540540,0.0,0.0,0.0
2010-03-08 00:00:00-05:00,9.523240905300796,9.615699024102053,9.507830484038605,9.569470405578613,5837400,0.0,0.0,0.0
2010-03-09 00:00:00-05:00,9.461597962238436,9.754384409913005,9.430778893064753,9.61569595336914,10636380,0.0,0.0,0.0
2010-03-10 00:00:00-05:00,9.738978171798147,9.939305734388203,9.70815908940243,9.816027641296387,9609900,0.0,0.0,0.0
2010-03-11 00:00:00-05:00,9.785202444139783,10.000939432554198,9.769792911182753,9.985529899597168,8254080,0.0,0.0,0.0
2010-03-12 00:00:00-05:00,10.139627011974468,10.155035661866867,9.862251033570942,9.92388916015625,8487060,0.0,0.0,0.0
2010-03-15 00:00:00-04:00,9.831431088524361,9.97011863684916,9.723563485246144,9.92388916015625,7326720,0.0,0.0,0.0
2010-03-16 00:00:00-04:00,10.000938897159193,10.185856809760066,9.939299886876887,10.170446395874023,7586160,0.0,0.0,0.0
2010-03-17 00:00:00-04:00,10.278316126523553,10.478642713713635,10.262906592529099,10.401594161987305,9288240,0.0,0.0,0.0
2010-03-18 00:00:00-04:00,10.370774378571117,10.4170038591194,10.216676403994834,10.309134483337402,6945840,0.0,0.0,0.0
2010-03-19 00:00:00-04:00,10.155036926269531,10.401593872079184,10.093398792009665,10.155036926269531,7512360,0.0,0.0,0.0
2010-03-22 00:00:00-04:00,9.985530932561641,10.309135566904905,9.954711863459469,10.278316497802734,8693760,0.0,0.0,0.0
2010-03-23 00:00:00-04:00,10.339956098350482,10.447824609773093,10.232087586927872,10.41700553894043,7047960,0.0,0.0,0.0
2010-03-24 00:00:00-04:00,10.335250217196297,10.53578450528243,10.319823823752538,10.443229675292969,7653720,0.01167,0.0,0.0
2010-03-25 00:00:00-04:00,10.597489397512858,10.95228150719356,10.520360946655273,10.520360946655273,15885180,0.0,0.0,0.0
2010-03-26 00:00:00-04:00,10.628335784437764,10.813445397946273,10.443227053597308,10.535781860351562,12273900,0.0,0.0,0.0
2010-03-29 00:00:00-04:00,10.690045960407707,10.7054714765213,10.458659688029481,10.58206558227539,6367440,0.0,0.0,0.0
2010-03-30 00:00:00-04:00,10.566637617822234,10.659192458395564,10.412379844422807,10.458657264709473,5093400,0.0,0.0,0.0
2010-03-31 00:00:00-04:00,10.350675194251554,10.58206137462578,10.335249684271467,10.474081039428711,6060540,0.0,0.0,0.0
2010-04-01 00:00:00-04:00,10.64376449584961,10.705467419589695,10.520358648369438,10.64376449584961,3709380,0.0,0.0,0.0
2010-04-05 00:00:00-04:00,10.767170583384402,10.89057731628418,10.705467658268647,10.89057731628418,6239700,0.0,0.0,0.0
2010-04-06 00:00:00-04:00,10.8597254558749,11.168240990433103,10.828874432020084,11.121964454650879,6890760,0.0,0.0,0.0
2010-04-07 00:00:00-04:00,11.137389421322915,11.245369773422773,10.890578575002104,10.998558044433594,9626940,0.0,0.0,0.0
2010-04-08 00:00:00-04:00,10.936851715880271,11.214515266102248,10.859722412521442,11.183663368225098,6679200,0.0,0.0,0.0
2010-04-09 00:00:00-04:00,11.26079273223877,11.307070137969715,11.137386022733548,11.26079273223877,6863400,0.0,0.0,0.0
2010-04-12 00:00:00-04:00,11.337922340024317,11.430477161173425,11.291644929449763,11.353348731994629,5912460,0.0,0.0,0.0
2010-04-13 00:00:00-04:00,11.322497240217961,11.430478465660585,11.245368802236992,11.384201049804688,5734260,0.0,0.0,0.0
2010-04-14 00:00:00-04:00,11.661864084651818,11.95495319366455,11.61558667108807,11.95495319366455,1131120,0.0,0.0,0.0
2010-04-15 00:00:00-04:00,11.981177318679592,12.016656171665689,11.76830243542638,11.826919555664062,60225000,0.0,0.1,0.0
2010-04-16 00:00:00-04:00,11.722024885341309,11.75441881219355,10.756373400564009,11.052547454833984,91059000,0.0,0.0,0.0
2010-04-19 00:00:00-04:00,10.805733129523354,11.29164368012375,10.796477471898866,11.23456859588623,47860800,0.0,0.0,0.0
2010-04-20 00:00:00-04:00,11.396540668050864,11.54154364856981,11.260795112504724,11.524575233459473,22517400,0.0,0.0,0.0
2010-04-21 00:00:00-04:00,11.550797451621797,11.731279268637781,11.236112994537223,11.459786415100098,41372400,0.0,0.0,0.0
2010-04-22 00:00:00-04:00,11.270046252324953,11.678827424521696,11.160523050112749,11.629465103149414,23497800,0.0,0.0,0.0
2010-04-23 00:00:00-04:00,11.674204696959423,11.786812872788344,11.54154406231362,11.735908508300781,19554600,0.0,0.0,0.0
2010-04-26 00:00:00-04:00,11.725110634957744,11.729738465214433,11.35335101946632,11.371861457824707,17452800,0.0,0.0,0.0
2010-04-27 00:00:00-04:00,11.175952830658227,11.40116828741697,10.628338375422437,10.673073768615723,64804800,0.0,0.0,0.0
2010-04-28 00:00:00-04:00,10.932227957729896,11.075687162156603,10.750203207709408,10.90600299835205,38195400,0.0,0.0,0.0
2010-04-29 00:00:00-04:00,11.142018074448638,11.501438895002511,11.088027894411361,11.408884048461914,25552800,0.0,0.0,0.0
2010-04-30 00:00:00-04:00,11.287018295186716,11.373402392160346,10.83504446956894,10.842757225036621,25345800,0.0,0.0,0.0
2010-05-03 00:00:00-04:00,11.0402090365808,11.276223113410538,10.961537677637553,11.211434364318848,16729200,0.0,0.0,0.0
2010-05-04 00:00:00-04:00,10.938395513765718,10.969248299322386,10.515730711138692,10.654562950134277,34748400,0.0,0.0,0.0
2010-05-05 00:00:00-04:00,10.284342390626437,10.839669465815858,10.231895137555322,10.535781860351562,50269200,0.0,0.0,0.0
2010-05-06 00:00:00-04:00,10.420092013881945,10.767171322483497,8.504213630186912,9.627208709716797,50379600,0.0,0.0,0.0
2010-05-07 00:00:00-04:00,9.656518135971393,9.974288456766029,9.128956963492147,9.388110160827637,63487800,0.0,0.0,0.0
2010-05-10 00:00:00-04:00,10.356843481739414,10.47099365062947,10.10386197864966,10.413919448852539,45853800,0.0,0.0,0.0
2010-05-11 00:00:00-04:00,10.086897210799158,10.632968900315186,10.086897210799158,10.33525276184082,36655200,0.0,0.0,0.0
2010-05-12 00:00:00-04:00,10.469453847941374,10.61599795466453,10.335249442779375,10.599029541015625,36723000,0.0,0.0,0.0
2010-05-13 00:00:00-04:00,10.565092435067593,10.611369845374222,10.28434393058707,10.287428855895996,37145400,0.0,0.0,0.0
2010-05-14 00:00:00-04:00,10.02827644135348,10.029819345318563,9.508428138641886,9.719761848449707,37771800,0.0,0.0,0.0
2010-05-17 00:00:00-04:00,9.690454722918412,9.884819174644626,9.263161156906003,9.707422256469727,34982400,0.0,0.0,0.0
2010-05-18 00:00:00-04:00,9.91258372215644,9.915668647531552,9.028688608741748,9.159807205200195,39148200,0.0,0.0,0.0
2010-05-19 00:00:00-04:00,8.987040691714848,9.37422670206732,8.823527259187651,9.156723976135254,59250000,0.0,0.0,0.0
2010-05-20 00:00:00-04:00,8.82815611257385,8.891401956485096,8.3221920092893,8.332989692687988,64231800,0.0,0.0,0.0
2010-05-21 00:00:00-04:00,8.02293278427971,8.91762680724807,8.021390762328645,8.8590087890625,56815200,0.0,0.0,0.0
2010-05-24 00:00:00-04:00,8.971616633996204,8.973159538705659,8.40703443593355,8.427087783813477,40071000,0.0,0.0,0.0
2010-05-25 00:00:00-04:00,7.964313250642842,8.542778799329918,7.862503631834533,8.527353286743164,48355200,0.0,0.0,0.0
2010-05-26 00:00:00-04:00,8.820442109328274,8.857463867752813,8.363840422092311,8.445596694946289,38709000,0.0,0.0,0.0
2010-05-27 00:00:00-04:00,8.82661183222062,9.192202427101758,8.714003665583366,9.190659523010254,36541200,0.0,0.0,0.0
2010-05-28 00:00:00-04:00,9.156724087164164,9.156724087164164,8.758739507170302,8.835868835449219,37201200,0.0,0.0,0.0
2010-06-01 00:00:00-04:00,8.649214383346374,8.87134487163314,8.42708301239151,8.451765060424805,44624400,0.0,0.0,0.0
2010-06-02 00:00:00-04:00,8.618367198019794,8.922254071294118,8.447140985537391,8.916083335876465,28677600,0.0,0.0,0.0
2010-06-03 00:00:00-04:00,8.997838027750536,9.028689048340182,8.68932252584459,8.857462882995605,30420000,0.0,0.0,0.0
2010-06-04 00:00:00-04:00,8.528894786036396,8.602938293457093,8.073835178345707,8.135538101196289,47146800,0.0,0.0,0.0
2010-06-07 00:00:00-04:00,8.206496026927105,8.319103300457378,7.837820540707556,7.870214462280273,36257400,0.0,0.0,0.0
2010-06-08 00:00:00-04:00,7.951973070541934,8.154050274400468,7.649628275536787,8.121655464172363,42799200,0.0,0.0,0.0
2010-06-09 00:00:00-04:00,8.269740759746943,8.399316428973945,7.9457998213433445,8.022928237915039,32143200,0.0,0.0,0.0
2010-06-10 00:00:00-04:00,8.238892642365489,8.56283372934781,8.194158122582623,8.536609649658203,27441000,0.0,0.0,0.0
2010-06-11 00:00:00-04:00,8.390063034726401,8.65075911257426,8.345329406064375,8.60448169708252,19719000,0.0,0.0,0.0
2010-06-14 00:00:00-04:00,8.760281822384801,8.823526772811624,8.510384298449107,8.545863151550293,21258000,0.0,0.0,0.0
2010-06-15 00:00:00-04:00,8.656929055249517,8.96390166916065,8.564374223289205,8.940762519836426,31000800,0.0,0.0,0.0
2010-06-16 00:00:00-04:00,8.812728489066094,9.030232070814652,8.791132244769289,8.936134338378906,26459400,0.0,0.0,0.0
2010-06-17 00:00:00-04:00,8.980871203085135,9.011723114836425,8.738687270644899,8.916083335876465,20189400,0.0,0.0,0.0
2010-06-18 00:00:00-04:00,8.960813381068682,9.016345553272657,8.862087852111019,8.985493659973145,13024800,0.0,0.0,0.0
2010-06-21 00:00:00-04:00,9.19066405553647,9.223057996087716,8.869807811722781,8.954649925231934,23206200,0.0,0.0,0.0
2010-06-22 00:00:00-04:00,8.946930839872785,9.05182534627963,8.65384179463568,8.664639472961426,24663600,0.0,0.0,0.0
2010-06-23 00:00:00-04:00,8.667724368189738,8.749480613904232,8.476444905158502,8.599851608276367,23941200,0.0,0.0,0.0
2010-06-24 00:00:00-04:00,8.493418406947988,8.518098700598946,8.217296753872107,8.257404327392578,31704000,0.0,0.0,0.0
2010-06-25 00:00:00-04:00,8.444051016485876,8.712458897548656,8.30367766757896,8.664639472961426,35013600,0.0,0.0,0.0
2010-06-28 00:00:00-04:00,8.684693867615962,8.724801426291387,8.479531775730937,8.51192569732666,16246200,0.0,0.0,0.0
2010-06-29 00:00:00-04:00,8.26665762185865,8.29133790844192,7.768405524592071,7.891811370849609,33409800,0.0,0.0,0.0
2010-06-30 00:00:00-04:00,7.860959346212054,8.050695942228186,7.655797240319676,7.697446823120117,22115400,0.0,0.0,0.0
2010-07-01 00:00:00-04:00,7.674309479894547,7.796172434820263,7.219249822552538,7.594095230102539,35820600,0.0,0.0,0.0
2010-07-02 00:00:00-04:00,7.685106716753002,7.717500642575536,7.313346697866892,7.433667182922363,21813600,0.0,0.0,0.0
2010-07-06 00:00:00-04:00,7.7252139957231325,7.808513163433382,7.310260619931751,7.462975025177002,30245400,0.0,0.0,0.0
2010-07-07 00:00:00-04:00,7.547820285426636,8.137084559362266,7.535480578135048,8.106232643127441,18482400,0.0,0.0,0.0
2010-07-08 00:00:00-04:00,8.291340368446585,8.332989964249288,7.998252058628081,8.232723236083984,18406200,0.0,0.0,0.0
2010-07-09 00:00:00-04:00,8.198786381111828,8.522727519873422,8.194159432350274,8.504216194152832,17040600,0.0,0.0,0.0
2010-07-12 00:00:00-04:00,8.482619734397277,8.555120357926917,8.317564259494691,8.501131057739258,14471400,0.0,0.0,0.0
2010-07-13 00:00:00-04:00,8.723262714081866,8.997841492948844,8.718634882677526,8.929966926574707,20447400,0.0,0.0,0.0
2010-07-14 00:00:00-04:00,8.842039416738926,8.85592202614625,8.619907956868806,8.794219970703125,17829000,0.0,0.0,0.0
2010-07-15 00:00:00-04:00,8.814270537262358,8.831239834596156,8.391605722750436,8.74331283569336,26891400,0.0,0.0,0.0
2010-07-16 00:00:00-04:00,8.499588565526096,8.541238162397365,7.967399468319568,8.00442123413086,26251200,0.0,0.0,0.0
2010-07-19 00:00:00-04:00,8.02292792065825,8.106227066249101,7.762233688767785,8.005959510803223,17157600,0.0,0.0,0.0
2010-07-20 00:00:00-04:00,7.7128729993768275,8.226550643184417,7.705160243772335,8.195698738098145,19933200,0.0,0.0,0.0
2010-07-21 00:00:00-04:00,8.461019060505118,8.462561081370785,7.8887227750485165,7.918032646179199,28005600,0.0,0.0,0.0
2010-07-22 00:00:00-04:00,8.115483767264386,8.453307338813461,8.104686088089093,8.39160442352295,23960400,0.0,0.0,0.0
2010-07-23 00:00:00-04:00,8.35304171793258,8.570545317376045,8.218838176887427,8.533523559570312,27472800,0.0,0.0,0.0
2010-07-26 00:00:00-04:00,8.558203558472098,8.834324241262223,8.48724497840279,8.81427001953125,19085400,0.0,0.0,0.0
2010-07-27 00:00:00-04:00,8.996294480400456,9.10118900210698,8.80964281810703,8.848207473754883,20412000,0.0,0.0,0.0
2010-07-28 00:00:00-04:00,8.780336137339011,8.891401421622781,8.63224909162732,8.700121879577637,12488400,0.0,0.0,0.0
2010-07-29 00:00:00-04:00,8.83586591952153,8.891398099581037,8.513466987207012,8.707831382751465,17394600,0.0,0.0,0.0
2010-07-30 00:00:00-04:00,8.510386517415501,8.814273411014364,8.49958883304805,8.704751014709473,16906800,0.0,0.0,0.0
2010-08-02 00:00:00-04:00,8.940765897301073,9.125874748480145,8.8713501884425,9.102736473083496,18672600,0.0,0.0,0.0
2010-08-03 00:00:00-04:00,9.024060231452426,9.06879473601424,8.886771792579168,8.934590339660645,13869600,0.0,0.0,0.0
2010-08-04 00:00:00-04:00,8.97315632699596,9.036402157417438,8.877517453287561,8.977784156799316,16129200,0.0,0.0,0.0
2010-08-05 00:00:00-04:00,8.86055086469446,8.929966567632215,8.80347663345127,8.885232925415039,11088600,0.0,0.0,0.0
2010-08-06 00:00:00-04:00,8.727891068662919,8.815817222610198,8.541239309952761,8.781880378723145,23863800,0.0,0.0,0.0
2010-08-09 00:00:00-04:00,8.846669063578204,8.92842536302637,8.710922571865119,8.88369083404541,9233400,0.0,0.0,0.0
2010-08-10 00:00:00-04:00,8.73559807156062,8.88060102958475,8.610650216528164,8.727886199951172,15738600,0.0,0.0,0.0
2010-08-11 00:00:00-04:00,8.48262093979103,8.48262093979103,8.115488173800234,8.143254280090332,18892200,0.0,0.0,0.0
2010-08-12 00:00:00-04:00,7.958140403301538,8.1170259476808,7.928831410817324,8.022928237915039,19294200,0.0,0.0,0.0
2010-08-13 00:00:00-04:00,8.021391780659867,8.140169854061174,7.967400704141766,7.975114345550537,13578000,0.0,0.0,0.0
2010-08-16 00:00:00-04:00,7.919579578640651,8.015218462347475,7.859418667575883,7.953515529632568,14328600,0.0,0.0,0.0
2010-08-17 00:00:00-04:00,8.104687307207808,8.22809315635172,7.992079138863392,8.08771800994873,16177200,0.0,0.0,0.0
2010-08-18 00:00:00-04:00,8.093889816100791,8.251232515272703,8.015218466514835,8.140167236328125,14036400,0.0,0.0,0.0
2010-08-19 00:00:00-04:00,8.05532277860106,8.106228014118539,7.743723280709872,7.780745029449463,22846800,0.0,0.0,0.0
2010-08-20 00:00:00-04:00,7.73292586101229,7.754522104966804,7.57866811048208,7.719043254852295,16516200,0.0,0.0,0.0
2010-08-23 00:00:00-04:00,7.8146828613605575,7.828566351497803,7.620318412780762,7.620318412780762,15515400,0.0,0.0,0.0
2010-08-24 00:00:00-04:00,7.461434443562801,7.529307223405984,7.327230022749005,7.3920183181762695,20101200,0.0,0.0,0.0
2010-08-25 00:00:00-04:00,7.2994632536283035,7.509252762030078,7.18377015630805,7.453720569610596,23677200,0.0,0.0,0.0
2010-08-26 00:00:00-04:00,7.544731284390908,7.62340261323768,7.3040899101150725,7.341111660003662,20819400,0.0,0.0,0.0
2010-08-27 00:00:00-04:00,7.404358031435743,7.643456975178421,7.237760134608726,7.6311163902282715,26123400,0.0,0.0,0.0
2010-08-30 00:00:00-04:00,7.581754713341439,7.598723129465068,7.3226024067292155,7.338027477264404,16509600,0.0,0.0,0.0
2010-08-31 00:00:00-04:00,7.3102612351849325,7.492285537526119,7.21307901178854,7.438295364379883,26204400,0.0,0.0,0.0
2010-09-01 00:00:00-04:00,7.624944283812987,8.02138671763972,7.6110616799108115,7.978194236755371,29002200,0.0,0.0,0.0
2010-09-02 00:00:00-04:00,7.975111544772386,8.138624091043592,7.955058202556894,8.124740600585938,20794200,0.0,0.0,0.0
2010-09-03 00:00:00-04:00,8.343784741285047,8.464105643107402,8.28362384903982,8.451765060424805,25832400,0.0,0.0,0.0
2010-09-07 00:00:00-04:00,8.308307503892351,8.30984952535834,8.078463334642718,8.101601600646973,22623600,0.0,0.0,0.0
2010-09-08 00:00:00-04:00,8.143249432411837,8.326816147464225,8.137079582539663,8.218835830688477,15666000,0.0,0.0,0.0
2010-09-09 00:00:00-04:00,8.459480329728537,8.519640357194492,8.274370651778357,8.357669830322266,18654000,0.0,0.0,0.0
2010-09-10 00:00:00-04:00,8.379265143976705,8.461022291789712,8.342243389043144,8.396233558654785,7292400,0.0,0.0,0.0
2010-09-13 00:00:00-04:00,8.638417739767183,8.766452306527489,8.63533281407863,8.734058380126953,31479600,0.0,0.0,0.0
2010-09-14 00:00:00-04:00,8.66772742287484,8.735600206707975,8.522725312077576,8.615280151367188,21288000,0.0,0.0,0.0
2010-09-15 00:00:00-04:00,8.496503880974734,8.723262313359257,8.467193989204128,8.690868377685547,22251000,0.0,0.0,0.0
2010-09-16 00:00:00-04:00,8.636873705019122,8.652299212534524,8.548946723378776,8.63070297241211,19667400,0.0,0.0,0.0
2010-09-17 00:00:00-04:00,8.709375954044575,8.737142049390357,8.550490371858952,8.575172424316406,25364400,0.0,0.0,0.0
2010-09-20 00:00:00-04:00,8.616822586269146,8.96390189069564,8.587512702177994,8.917624473571777,23503800,0.0,0.0,0.0
2010-09-21 00:00:00-04:00,8.964526107747652,8.99229413849559,8.703811866675608,8.750092506408691,48742800,0.00067,0.0,0.0
2010-09-22 00:00:00-04:00,8.64210536916573,8.787116684212256,8.456983696279964,8.492465019226074,27086400,0.0,0.0,0.0
2010-09-23 00:00:00-04:00,8.321223596168963,8.477034164934377,8.154614598489,8.18392562866211,34149600,0.0,0.0,0.0
2010-09-24 00:00:00-04:00,8.387563774392298,8.620507348880961,8.375221445927785,8.618966102600098,36481800,0.0,0.0,0.0
2010-09-27 00:00:00-04:00,8.62359055532286,8.626675695066261,8.41995720858569,8.441554069519043,24270000,0.0,0.0,0.0
2010-09-28 00:00:00-04:00,8.50326433930933,8.537202650640863,8.295001905505698,8.4893798828125,36397800,0.0,0.0,0.0
2010-09-29 00:00:00-04:00,8.440013670273766,8.52640467166138,8.322770379174514,8.390647888183594,28639800,0.0,0.0,0.0
2010-09-30 00:00:00-04:00,8.487831574268984,8.67603827032621,8.376758639799753,8.386014938354492,40155000,0.0,0.0,0.0
2010-10-01 00:00:00-04:00,8.54183004085154,8.581939512402597,8.35979352464794,8.531031608581543,34838400,0.0,0.0,0.0
2010-10-04 00:00:00-04:00,8.484750451439025,8.622048453156673,8.34590943832222,8.435383796691895,32380800,0.0,0.0,0.0
2010-10-05 00:00:00-04:00,8.568057129728718,8.84728222332762,8.453898097009708,8.802544593811035,42910200,0.0,0.0,0.0
2010-10-06 00:00:00-04:00,8.794829288932439,8.851907468140734,8.728493924320928,8.771689414978027,24079800,0.0,0.0,0.0
2010-10-07 00:00:00-04:00,8.854994066044213,8.904359839870622,8.631305072369665,8.708438873291016,29882400,0.0,0.0,0.0
2010-10-08 00:00:00-04:00,8.730037673894422,8.782487706201124,8.65290298873127,8.742378234863281,20014200,0.0,0.0,0.0
2010-10-11 00:00:00-04:00,8.797915218241652,8.799458229735558,8.679128932371823,8.734665870666504,14602200,0.0,0.0,0.0
2010-10-12 00:00:00-04:00,8.6513588484427,8.939839255432911,8.615876654353322,8.905900955200195,21682200,0.0,0.0,0.0
2010-10-13 00:00:00-04:00,9.023147429181872,9.115708709872363,8.89664783611934,8.979952812194824,29854200,0.0,0.0,0.0
2010-10-14 00:00:00-04:00,8.864252457014562,8.871965750650354,8.568057744296762,8.731581687927246,35509800,0.0,0.0,0.0
2010-10-15 00:00:00-04:00,8.767061733082302,8.82722593822309,8.3736776756859,8.464695930480957,32590800,0.0,0.0,0.0
2010-10-18 00:00:00-04:00,8.430755454029715,8.817969212581493,8.413786742671949,8.790201187133789,21696000,0.0,0.0,0.0
2010-10-19 00:00:00-04:00,8.682211460963835,8.925955122629741,8.526400890676287,8.595821380615234,37466400,0.0,0.0,0.0
2010-10-20 00:00:00-04:00,8.589653968893803,8.853452475456233,8.504805979806585,8.797916412353516,39972600,0.0,0.0,0.0
2010-10-21 00:00:00-04:00,8.858080439113344,8.961441035519224,8.648275871150032,8.753178596496582,33213000,0.0,0.0,0.0
2010-10-22 00:00:00-04:00,8.794830185668495,8.856536522505278,8.700725903441125,8.762434005737305,18080400,0.0,0.0,0.0
2010-10-25 00:00:00-04:00,8.888936244063888,8.915162151248088,8.688387941166358,8.711527824401855,29675400,0.0,0.0,0.0
2010-10-26 00:00:00-04:00,8.64673453342164,8.75934967923588,8.597367865477345,8.73620891571045,16371600,0.0,0.0,0.0
2010-10-27 00:00:00-04:00,8.65290298873127,8.785573729173022,8.620505926634124,8.742378234863281,17913600,0.0,0.0,0.0
2010-10-28 00:00:00-04:00,8.813340605509698,8.845737663374758,8.595822799078844,8.688384056091309,23707200,0.0,0.0,0.0
2010-10-29 00:00:00-04:00,8.649820370334504,8.713069736023764,8.617424181521969,8.66833209991455,17286600,0.0,0.0,0.0
2010-11-01 00:00:00-04:00,8.706894729278432,8.82259584524526,8.52485825974505,8.674498558044434,27493200,0.0,0.0,0.0
2010-11-02 00:00:00-04:00,8.771691117770688,8.79791613679733,8.693014295231205,8.739294052124023,15896400,0.0,0.0,0.0
2010-11-03 00:00:00-04:00,8.762432691141996,8.899730682373047,8.639017387794876,8.899730682373047,28500000,0.0,0.0,0.0
2010-11-04 00:00:00-04:00,9.037034710860956,9.475156595313214,9.037034710860956,9.439674377441406,27843600,0.0,0.0,0.0
2010-11-05 00:00:00-04:00,9.492121239674296,9.939498315203958,9.445840609038921,9.802200317382812,33196800,0.0,0.0,0.0
2010-11-08 00:00:00-05:00,9.794487322897742,9.796029451570238,9.510633250520732,9.667986869812012,31212000,0.0,0.0,0.0
2010-11-09 00:00:00-05:00,9.72660920843343,9.72660920843343,9.202097424160037,9.299286842346191,37105200,0.0,0.0,0.0
2010-11-10 00:00:00-05:00,9.322428589605863,9.510635417995038,9.178959392048224,9.50600814819336,37340400,0.0,0.0,0.0
2010-11-11 00:00:00-05:00,9.351738871141633,9.444299266033712,9.263805745673858,9.342482566833496,21201600,0.0,0.0,0.0
2010-11-12 00:00:00-05:00,9.239120604985485,9.314711384472291,9.006175338787497,9.058627128601074,29165400,0.0,0.0,0.0
2010-11-15 00:00:00-05:00,9.138847190640467,9.325511852415229,9.089481417218677,9.09565258026123,29889000,0.0,0.0,0.0
2010-11-16 00:00:00-05:00,9.007719864514042,9.012348016318642,8.629762372615541,8.768604278564453,34420800,0.0,0.0,0.0
2010-11-17 00:00:00-05:00,8.76397769400266,8.814885607497617,8.643648373753923,8.683758735656738,20997000,0.0,0.0,0.0
2010-11-18 00:00:00-05:00,8.899730682373047,9.013888800761892,8.853450053959072,8.899730682373047,19835400,0.0,0.0,0.0
2010-11-19 00:00:00-05:00,8.817967824682121,8.912071200303828,8.742376168868706,8.90435791015625,12499200,0.0,0.0,0.0
2010-11-22 00:00:00-05:00,8.819511837992842,8.822597860895002,8.586567424470578,8.700725555419922,28155000,0.0,0.0,0.0
2010-11-23 00:00:00-05:00,8.506350228384369,8.569600476470915,8.424589133545071,8.440014839172363,26347800,0.0,0.0,0.0
2010-11-24 00:00:00-05:00,8.554171212802318,8.71306696519309,8.523317163007508,8.699182510375977,18244800,0.0,0.0,0.0
2010-11-26 00:00:00-05:00,8.560338711005661,8.64364364737484,8.497089385986328,8.497089385986328,8407200,0.0,0.0,0.0
2010-11-29 00:00:00-05:00,8.461611417786438,8.65136123317818,8.399903313902072,8.611250877380371,23403000,0.0,0.0,0.0
2010-11-30 00:00:00-05:00,8.449266646725889,8.603535096352479,8.43384006658207,8.484748840332031,24930000,0.0,0.0,0.0
2010-12-01 00:00:00-05:00,8.717695735893802,8.836482909173453,8.677586262768834,8.82568359375,21566400,0.0,0.0,0.0
2010-12-02 00:00:00-05:00,8.896646229063526,9.26380437941547,8.881219645978307,9.251462936401367,29212200,0.0,0.0,0.0
2010-12-03 00:00:00-05:00,9.12959188660218,9.345568493053905,9.052458077871371,9.308544158935547,27774600,0.0,0.0,0.0
2010-12-06 00:00:00-05:00,9.260719500814586,9.348652615796409,9.202097424160037,9.299286842346191,10945800,0.0,0.0,0.0
2010-12-07 00:00:00-05:00,9.541486479004021,9.544572501542923,9.274602906810296,9.291571617126465,27734400,0.0,0.0,0.0
2010-12-08 00:00:00-05:00,9.308545110636457,9.56154431161354,9.299288805478069,9.536861419677734,21515400,0.0,0.0,0.0
2010-12-09 00:00:00-05:00,9.671071462007479,9.794486768026939,9.583139237119434,9.74820613861084,18195600,0.0,0.0,0.0
2010-12-10 00:00:00-05:00,9.797572751236219,9.953383363709623,9.721981079441152,9.933328628540039,17824200,0.0,0.0,0.0
2010-12-13 00:00:00-05:00,10.036689265244707,10.072171470016535,9.883963778664002,9.925616264343262,17271000,0.0,0.0,0.0
2010-12-14 00:00:00-05:00,9.942585162187289,10.019718964487817,9.712725001309632,9.772890090942383,16515000,0.0,0.0,0.0
2010-12-15 00:00:00-05:00,9.691129355640971,9.859281436548748,9.589311770452028,9.620165824890137,19102800,0.0,0.0,0.0
2010-12-16 00:00:00-05:00,9.67261464673782,9.779059478392536,9.526060347477188,9.592394828796387,18354000,0.0,0.0,0.0
2010-12-17 00:00:00-05:00,9.597023303005631,9.689584566611732,9.529145808060171,9.64947509765625,10991400,0.0,0.0,0.0
2010-12-20 00:00:00-05:00,9.712723705051205,9.768260635551819,9.64330320397261,9.705010414123535,10867800,0.0,0.0,0.0
2010-12-21 00:00:00-05:00,9.779061367983132,10.008920669555664,9.779061367983132,10.008920669555664,11289600,0.0,0.0,0.0
2010-12-22 00:00:00-05:00,10.06754367366262,10.275806109416937,10.03823263149239,10.221811294555664,12214800,0.0,0.0,0.0
2010-12-23 00:00:00-05:00,10.198668913816066,10.20792433323323,10.039773179701953,10.090681076049805,8897400,0.0,0.0,0.0
2010-12-27 00:00:00-05:00,10.008919992938496,10.277347505540154,9.988866139345838,10.268091201782227,7928400,0.0,0.0,0.0
2010-12-28 00:00:00-05:00,10.281971999305961,10.326710494483244,10.23877828070735,10.28505802154541,6394800,0.0,0.0,0.0
2010-12-29 00:00:00-05:00,10.312828690873433,10.318998088220107,10.231065859390272,10.258833885192871,5443800,0.0,0.0,0.0
2010-12-30 00:00:00-05:00,10.258831716554104,10.261917738669517,10.152386904537739,10.198667526245117,7993200,0.0,0.0,0.0
2010-12-31 00:00:00-05:00,10.160102159460244,10.26037582065745,10.157016137016074,10.240320205688477,6607800,0.0,0.0,0.0
2011-01-03 00:00:00-05:00,10.457839819398915,10.663017076500594,10.440870225359623,10.618279457092285,16739400,0.0,0.0,0.0
2011-01-04 00:00:00-05:00,10.693869910232184,10.706211352538984,10.391505015080384,10.564284324645996,15571200,0.0,0.0,0.0
2011-01-05 00:00:00-05:00,10.474812863711808,10.815746102697393,10.471726839975721,10.786434173583984,16569000,0.0,0.0,0.0
2011-01-06 00:00:00-05:00,10.821914005490045,10.85585319728618,10.661475232952519,10.676901817321777,15421200,0.0,0.0,0.0
2011-01-07 00:00:00-05:00,10.73243896246424,10.772548435684534,10.27117737224167,10.514920234680176,23205600,0.0,0.0,0.0
2011-01-10 00:00:00-05:00,10.380711804311531,10.508754453863716,10.272723899957143,10.442419052124023,14720400,0.0,0.0,0.0
2011-01-11 00:00:00-05:00,10.595140212210465,10.666102855753968,10.443956855643622,10.538061141967773,12305400,0.0,0.0,0.0
2011-01-12 00:00:00-05:00,10.738611643359905,10.845056504955302,10.726269314608416,10.840428352355957,15393000,0.0,0.0,0.0
2011-01-13 00:00:00-05:00,10.852764700617124,10.891332032342591,10.71083769666931,10.771002769470215,13309200,0.0,0.0,0.0
2011-01-14 00:00:00-05:00,10.755577682319029,11.125821853548771,10.744778368031756,11.09650993347168,17728200,0.0,0.0,0.0
2011-01-18 00:00:00-05:00,11.016290581171134,11.064113339779446,10.88361985376795,10.996235847473145,12666000,0.0,0.0,0.0
2011-01-19 00:00:00-05:00,10.831168579699352,10.902131209558622,10.474808888202316,10.522631645202637,24738600,0.0,0.0,0.0
2011-01-20 00:00:00-05:00,10.490237747686448,10.683073594296662,10.426988395047838,10.585885047912598,17947800,0.0,0.0,0.0
2011-01-21 00:00:00-05:00,10.735525168837725,10.834256732863395,10.664561636511822,10.733983039855957,13959000,0.0,0.0,0.0
2011-01-24 00:00:00-05:00,10.755576946058937,10.78951613253059,10.667643840035906,10.723180770874023,11817600,0.0,0.0,0.0
2011-01-25 00:00:00-05:00,10.647592038603683,10.752494766745864,10.494866540160249,10.733983039855957,17511000,0.0,0.0,0.0
2011-01-26 00:00:00-05:00,10.794146173920517,10.845054962543086,10.686158315907036,10.718554496765137,15195000,0.0,0.0,0.0
2011-01-27 00:00:00-05:00,10.733982715626972,10.908305076388109,10.715470106566443,10.897505760192871,12937800,0.0,0.0,0.0
2011-01-28 00:00:00-05:00,10.932986121499322,11.034802797738696,10.501034766980453,10.50566291809082,30378000,0.0,0.0,0.0
2011-01-31 00:00:00-05:00,10.582797560711885,10.740151180191779,10.561199814704331,10.69078540802002,15594000,0.0,0.0,0.0
2011-02-01 00:00:00-05:00,10.823456089912352,11.122737651464963,10.809572517128826,11.082627296447754,18781200,0.0,0.0,0.0
2011-02-02 00:00:00-05:00,11.017832473966406,11.108851603420863,10.940698680764323,10.95304012298584,16281000,0.0,0.0,0.0
2011-02-03 00:00:00-05:00,10.934527521743313,10.996235615599968,10.75866219071354,10.949954986572266,12500400,0.0,0.0,0.0
2011-02-04 00:00:00-05:00,10.94686895779958,10.966923689446215,10.808027964720106,10.956125259399414,11035200,0.0,0.0,0.0
2011-02-07 00:00:00-05:00,11.027092924344188,11.29243447328433,11.025550795192386,11.249238967895508,13013400,0.0,0.0,0.0
2011-02-08 00:00:00-05:00,11.23998323859081,11.414306501819008,11.201416769897763,11.388080596923828,13374000,0.0,0.0,0.0
2011-02-09 00:00:00-05:00,11.267748836571538,11.364937375942256,11.119651510256332,11.264663696289062,16074600,0.0,0.0,0.0
2011-02-10 00:00:00-05:00,11.13970618364704,11.289346520628227,11.122737470823836,11.258492469787598,12903000,0.0,0.0,0.0
2011-02-11 00:00:00-05:00,11.199870717040737,11.614851633518473,11.15976124739864,11.554686546325684,14073600,0.0,0.0,0.0
2011-02-14 00:00:00-05:00,11.536174882631682,11.607138401947807,11.463669234616509,11.563942909240723,9344400,0.0,0.0,0.0
2011-02-15 00:00:00-05:00,11.53000351733185,11.641076496045008,11.482179877568814,11.525375366210938,11130000,0.0,0.0,0.0
2011-02-16 00:00:00-05:00,11.610224000217318,11.691986837301418,11.5500597930687,11.653419494628906,11571000,0.0,0.0,0.0
2011-02-17 00:00:00-05:00,11.594800210508842,11.6858184902762,11.54852044742434,11.641080856323242,6888600,0.0,0.0,0.0
2011-02-18 00:00:00-05:00,11.693528212644917,11.704327526916854,11.614851403609155,11.691986083984375,8470200,0.0,0.0,0.0
2011-02-22 00:00:00-05:00,11.38807623687225,11.488350782542714,10.994692227705432,11.070283889770508,22725600,0.0,0.0,0.0
2011-02-23 00:00:00-05:00,11.037889926867301,11.185987258171544,10.695414627543807,10.93607234954834,17143800,0.0,0.0,0.0
2011-02-24 00:00:00-05:00,10.872821710462073,10.956126670128041,10.610565388651787,10.865107536315918,12681600,0.0,0.0,0.0
2011-02-25 00:00:00-05:00,11.00857990533983,11.195244598306116,10.986982155176417,11.153592109680176,8760600,0.0,0.0,0.0
2011-02-28 00:00:00-05:00,11.301690893627844,11.377282587459254,11.181361564802513,11.267751693725586,7248000,0.0,0.0,0.0
2011-03-01 00:00:00-05:00,11.304770017669057,11.324824748010723,10.814197540283203,10.814197540283203,14831400,0.0,0.0,0.0
2011-03-02 00:00:00-05:00,10.800322188456384,10.888255356560885,10.635255173419804,10.6969633102417,11777400,0.0,0.0,0.0
2011-03-03 00:00:00-05:00,10.93298701360874,11.158218128737742,10.93298701360874,11.10422420501709,11859600,0.0,0.0,0.0
2011-03-04 00:00:00-05:00,11.08108326451131,11.10576526552404,10.724723578776144,10.880534172058105,13594200,0.0,0.0,0.0
2011-03-07 00:00:00-05:00,10.923733694687515,11.008580807866577,10.625995085822407,10.71392822265625,14622000,0.0,0.0,0.0
2011-03-08 00:00:00-05:00,10.800313622616253,11.182899177282458,10.7864291704337,11.127362251281738,13151400,0.0,0.0,0.0
2011-03-09 00:00:00-05:00,11.113481543232945,11.239981125680323,10.979267785767195,11.124279975891113,13099200,0.0,0.0,0.0
2011-03-10 00:00:00-05:00,10.891333513534457,10.891333513534457,10.646046804005966,10.689241409301758,13956000,0.0,0.0,0.0
2011-03-11 00:00:00-05:00,10.551944039376894,10.85276772166172,10.551944039376894,10.803401947021484,10309200,0.0,0.0,0.0
2011-03-14 00:00:00-04:00,10.64605034213289,10.689244961784057,10.451672346878018,10.624452590942383,13982400,0.0,0.0,0.0
2011-03-15 00:00:00-04:00,10.116908352581394,10.48715166170756,10.027432224161979,10.38224983215332,17763600,0.0,0.0,0.0
2011-03-16 00:00:00-04:00,10.414646210523584,10.41618833930172,9.920987572851942,10.019719123840332,24556200,0.0,0.0,0.0
2011-03-17 00:00:00-04:00,10.274261297861953,10.32362618640667,10.036687861556993,10.243407249450684,15802200,0.0,0.0,0.0
2011-03-18 00:00:00-04:00,10.51646211963712,10.630620246294523,10.422358727441456,10.480979919433594,14450400,0.0,0.0,0.0
2011-03-21 00:00:00-04:00,10.713924995416418,10.732437600849245,10.53960266881523,10.632163047790527,10840200,0.0,0.0,0.0
2011-03-22 00:00:00-04:00,10.618281782332412,10.6460498137822,10.510293031739225,10.518006324768066,8505600,0.0,0.0,0.0
2011-03-23 00:00:00-04:00,10.4517822265625,10.515070501724365,10.238764489728908,10.4517822265625,10359000,0.00683,0.0,0.0
2011-03-24 00:00:00-04:00,10.52124093405946,10.569093329959276,10.32520218297379,10.55211353302002,7222200,0.0,0.0,0.0
2011-03-25 00:00:00-04:00,10.599970864715507,10.7095667521805,10.521246709898355,10.603057861328125,4804200,0.0,0.0,0.0
2011-03-28 00:00:00-04:00,10.638557858963917,10.70030218688886,10.561376786612334,10.570638656616211,4386600,0.0,0.0,0.0
2011-03-29 00:00:00-04:00,10.536681622755362,10.613861824181933,10.425541814727257,10.604599952697754,5955600,0.0,0.0,0.0
2011-03-30 00:00:00-04:00,10.725001840369961,10.876275250084646,10.680237305008509,10.794464111328125,11679000,0.0,0.0,0.0
2011-03-31 00:00:00-04:00,10.728088836504377,10.825335839193666,10.69567316894128,10.794464111328125,8238600,0.0,0.0,0.0
2011-04-01 00:00:00-04:00,10.911776154176993,11.044526671671905,10.879360494465068,10.9411039352417,8464200,0.0,0.0,0.0
2011-04-04 00:00:00-04:00,10.970435609606666,11.047615808800447,10.888624474804768,10.95036792755127,7235400,0.0,0.0,0.0
2011-04-05 00:00:00-04:00,10.914866227569457,11.00439618511619,10.879363562459003,10.94882583618164,5952000,0.0,0.0,0.0
2011-04-06 00:00:00-04:00,11.050701283527586,11.21432263426841,10.995130951582352,11.192712783813477,8890200,0.0,0.0,0.0
2011-04-07 00:00:00-04:00,11.191172173767207,11.257547450685765,11.024462011597674,11.078489303588867,6309000,0.0,0.0,0.0
2011-04-08 00:00:00-04:00,11.177276052096476,11.214322645677502,10.831507845340234,10.882447242736816,7069800,0.0,0.0,0.0
2011-04-11 00:00:00-04:00,10.885536838567836,11.032180191896407,10.829966493290517,10.870100975036621,3422400,0.0,0.0,0.0
2011-04-12 00:00:00-04:00,10.75432560394401,10.90251194989781,10.677144552981185,10.786741256713867,6241200,0.0,0.0,0.0
2011-04-13 00:00:00-04:00,10.944191184742458,10.948822119186584,10.592248999593183,10.644730567932129,8220000,0.0,0.0,0.0
2011-04-14 00:00:00-04:00,10.519699263450608,10.570638665253009,10.32520440951299,10.525874137878418,6554400,0.0,0.0,0.0
2011-04-15 00:00:00-04:00,10.604599968519372,10.647821446669571,10.487285284906559,10.559835433959961,6704400,0.0,0.0,0.0
2011-04-18 00:00:00-04:00,10.351446562985707,10.35916449327653,10.177017628719,10.285070419311523,8997000,0.0,0.0,0.0
2011-04-19 00:00:00-04:00,10.3792307681529,10.394666627960415,10.220238585702004,10.34681510925293,6526200,0.0,0.0,0.0
2011-04-20 00:00:00-04:00,10.50271929512947,10.521242150038281,10.366880903916078,10.431713104248047,6900000,0.0,0.0,0.0
2011-04-21 00:00:00-04:00,10.504264606870606,10.567551992943585,10.391580873645683,10.539767265319824,6670200,0.0,0.0,0.0
2011-04-25 00:00:00-04:00,10.507351447495914,10.584531637872137,10.496545637891277,10.532049179077148,3672000,0.0,0.0,0.0
2011-04-26 00:00:00-04:00,10.592248481537034,10.709561359835229,10.553657951897028,10.663253784179688,5694000,0.0,0.0,0.0
2011-04-27 00:00:00-04:00,10.697218112066997,10.825336854639716,10.618493962060352,10.796009063720703,6999600,0.0,0.0,0.0
2011-04-28 00:00:00-04:00,10.768221755428566,10.987413464570706,10.760502941322487,10.945735931396484,6535800,0.0,0.0,0.0
2011-04-29 00:00:00-04:00,10.936478084850975,10.947283014485317,10.825337375630907,10.913323402404785,4890000,0.0,0.0,0.0
2011-05-02 00:00:00-04:00,10.999761142854263,11.019827052666228,10.808353314184856,10.84848690032959,8166600,0.0,0.0,0.0
2011-05-03 00:00:00-04:00,10.792918932553322,10.97506581574363,10.76513420401201,10.914864540100098,7696800,0.0,0.0,0.0
2011-05-04 00:00:00-04:00,10.921040540324,10.927214532520251,10.681780235875209,10.740438461303711,9651600,0.0,0.0,0.0
2011-05-05 00:00:00-04:00,10.62620778327497,10.681777230448946,10.42862595641561,10.511981010437012,10200000,0.0,0.0,0.0
2011-05-06 00:00:00-04:00,10.723454682376019,10.760501274652755,10.504263007183983,10.556744575500488,9328200,0.0,0.0,0.0
2011-05-09 00:00:00-04:00,10.52896082535896,10.579900225670748,10.437888717113221,10.553659439086914,6432000,0.0,0.0,0.0
2011-05-10 00:00:00-04:00,10.58607465117793,10.779025551868127,10.579899777192562,10.757414817810059,8461800,0.0,0.0,0.0
2011-05-11 00:00:00-04:00,10.724997058206528,10.734258925740699,10.447147215003499,10.484193801879883,9016200,0.0,0.0,0.0
2011-05-12 00:00:00-04:00,10.431712473775997,10.51198052889081,10.25419744893132,10.49036979675293,10368000,0.0,0.0,0.0
2011-05-13 00:00:00-04:00,10.485741392966432,10.518157057365777,10.187824655184855,10.209434509277344,9207600,0.0,0.0,0.0
2011-05-16 00:00:00-04:00,10.118362153138877,10.397756026092965,10.087490429012147,10.193999290466309,8916000,0.0,0.0,0.0
2011-05-17 00:00:00-04:00,10.110642796614634,10.314399503513775,10.095206053467095,10.305137634277344,8440200,0.0,0.0,0.0
2011-05-18 00:00:00-04:00,10.30050599674922,10.419363699637634,10.22795587036198,10.408557891845703,7232400,0.0,0.0,0.0
2011-05-19 00:00:00-04:00,10.476476753266937,10.49345566606042,10.348356313359215,10.43942928314209,7029600,0.0,0.0,0.0
2011-05-20 00:00:00-04:00,10.369970693700122,10.447150889355779,10.141516219316212,10.16158390045166,8284200,0.0,0.0,0.0
2011-05-23 00:00:00-04:00,9.931590054803587,10.005683288696638,9.882194565541553,9.885281562805176,9600000,0.0,0.0,0.0
2011-05-24 00:00:00-04:00,9.939302714763942,9.957826455037088,9.757156723960572,9.863665580749512,7285800,0.0,0.0,0.0
2011-05-25 00:00:00-04:00,9.772592950394358,9.979435778492693,9.755612267204047,9.88218879699707,7386000,0.0,0.0,0.0
2011-05-26 00:00:00-04:00,9.848229034261767,10.06279067235643,9.797289635314808,10.007221221923828,7375800,0.0,0.0,0.0
2011-05-27 00:00:00-04:00,10.05970413316205,10.207890518716686,10.053529258800342,10.163125991821289,7180200,0.0,0.0,0.0
2011-05-31 00:00:00-04:00,10.337554765175897,10.383863234690851,10.227958024548487,10.374601364135742,7173600,0.0,0.0,0.0
2011-06-01 00:00:00-04:00,10.292790166733795,10.295878046003674,9.681520793875396,9.693870544433594,14232000,0.0,0.0,0.0
2011-06-02 00:00:00-04:00,9.741719994936716,9.84205485153875,9.59662061434222,9.730915069580078,14944800,0.0,0.0,0.0
2011-06-03 00:00:00-04:00,9.500918325850233,9.78494226190903,9.480851527731918,9.585817337036133,11620800,0.0,0.0,0.0
2011-06-06 00:00:00-04:00,9.500917625779781,9.547226093627089,9.216893710649146,9.243134498596191,10444800,0.0,0.0,0.0
2011-06-07 00:00:00-04:00,9.371256037877892,9.428370327260485,9.23541936831185,9.241593360900879,10393800,0.0,0.0,0.0
2011-06-08 00:00:00-04:00,9.181391006129392,9.28789987360439,9.044010412782516,9.057902336120605,11356800,0.0,0.0,0.0
2011-06-09 00:00:00-04:00,9.121193242600462,9.29253349045434,9.048643959259284,9.227702140808105,8941200,0.0,0.0,0.0
2011-06-10 00:00:00-04:00,9.12273252056939,9.204542752579723,8.84179563799095,9.053269386291504,18318000,0.0,0.0,0.0
2011-06-13 00:00:00-04:00,9.113475834613933,9.261662289931078,9.03475166981908,9.209178924560547,14811600,0.0,0.0,0.0
2011-06-14 00:00:00-04:00,9.375886251525923,9.457698271482391,9.31259885769142,9.341927528381348,12259800,0.0,0.0,0.0
2011-06-15 00:00:00-04:00,9.179847977905448,9.230787385662815,8.869582362335443,8.96837329864502,16068000,0.0,0.0,0.0
2011-06-16 00:00:00-04:00,8.952936300721975,9.164410953174325,8.864950303002267,9.051726341247559,15219000,0.0,0.0,0.0
2011-06-17 00:00:00-04:00,9.243135418577095,9.267834036046429,9.108841820040105,9.195283889770508,10747800,0.0,0.0,0.0
2011-06-20 00:00:00-04:00,9.10575219454176,9.303334011154046,9.071792598996426,9.206086158752441,8983800,0.0,0.0,0.0
2011-06-21 00:00:00-04:00,9.309509985158554,9.470045230135115,9.221523990823714,9.436084747314453,7950600,0.0,0.0,0.0
2011-06-22 00:00:00-04:00,9.371869778943276,9.55711493678222,9.322471070186225,9.334820747375488,6859200,0.00067,0.0,0.0
2011-06-23 00:00:00-04:00,9.144946013416257,9.198976854679573,8.944263943421255,9.14803409576416,10904400,0.0,0.0,0.0
2011-06-24 00:00:00-04:00,9.17273357224857,9.20052101649938,8.964333040280556,9.0399751663208,6544200,0.0,0.0,0.0
2011-06-27 00:00:00-04:00,9.009096878364229,9.249915090945823,9.009096878364229,9.206690788269043,7880400,0.0,0.0,0.0
2011-06-28 00:00:00-04:00,9.266898808392927,9.302403802300883,9.183538258944447,9.294685363769531,6859800,0.0,0.0,0.0
2011-06-29 00:00:00-04:00,9.466038431408611,9.750081054501791,9.416639714348928,9.728468894958496,9302400,0.0,0.0,0.0
2011-06-30 00:00:00-04:00,9.777866841622759,9.842702425968376,9.64973794718585,9.76551628112793,5904600,0.0,0.0,0.0
2011-07-01 00:00:00-04:00,9.774779813859022,10.169969526112226,9.770148574003718,10.129834175109863,8269800,0.0,0.0,0.0
2011-07-05 00:00:00-04:00,10.091241000479162,10.095871356970791,9.904450900298693,10.001705169677734,7266000,0.0,0.0,0.0
2011-07-06 00:00:00-04:00,9.882836085335134,9.956934129118922,9.782495536451894,9.95384693145752,6861600,0.0,0.0,0.0
2011-07-07 00:00:00-04:00,10.151444326552948,10.290377973561558,10.145269046323067,10.24098014831543,7186200,0.0,0.0,0.0
2011-07-08 00:00:00-04:00,9.935327838058928,10.021774715783321,9.889016316670373,10.014057159423828,7500600,0.0,0.0,0.0
2011-07-11 00:00:00-04:00,9.742360296817116,9.765515608683643,9.433618388670775,9.478384971618652,8521200,0.0,0.0,0.0
2011-07-12 00:00:00-04:00,9.421269400014003,9.685243861161734,9.405831640990971,9.441336631774902,7279200,0.0,0.0,0.0
2011-07-13 00:00:00-04:00,9.555575628928095,9.708403056130681,9.439797248219499,9.464496612548828,7015800,0.0,0.0,0.0
2011-07-14 00:00:00-04:00,9.609602238510757,9.609602238510757,9.279248135295058,9.302403450012207,13302000,0.0,0.0,0.0
2011-07-15 00:00:00-04:00,9.42436057371313,9.428991815041652,9.149579477013974,9.28851318359375,9000000,0.0,0.0,0.0
2011-07-18 00:00:00-04:00,9.20051927613394,9.206693673698057,8.85627232067086,9.0353422164917,11859600,0.0,0.0,0.0
2011-07-19 00:00:00-04:00,9.109437245975512,9.307032035158773,9.066212944182482,9.277702331542969,10599000,0.0,0.0,0.0
2011-07-20 00:00:00-04:00,9.354888551881352,9.520064690304913,9.345626074341794,9.449054718017578,9785400,0.0,0.0,0.0
2011-07-21 00:00:00-04:00,9.61732155784266,9.892102577583865,9.611147160013205,9.84115982055664,12560400,0.0,0.0,0.0
2011-07-22 00:00:00-04:00,9.851967446225736,9.8689474838197,9.708401639112012,9.816461563110352,5224200,0.0,0.0,0.0
2011-07-25 00:00:00-04:00,9.612688328826291,9.736185976368061,9.51697811572365,9.649737358093262,7395000,0.0,0.0,0.0
2011-07-26 00:00:00-04:00,9.645107184787923,9.746991805700537,9.547853803460242,9.648195266723633,10344000,0.0,0.0,0.0
2011-07-27 00:00:00-04:00,9.546312185292644,9.555573782637445,9.155752789393425,9.185083389282227,14645400,0.0,0.0,0.0
2011-07-28 00:00:00-04:00,9.223675586515828,9.393484787618771,9.137227828066276,9.185083389282227,8740800,0.0,0.0,0.0
2011-07-29 00:00:00-04:00,8.999838986997172,9.277707248199688,8.90258469808281,9.124879837036133,14984400,0.0,0.0,0.0
2011-08-01 00:00:00-04:00,9.404290357357153,9.422815320288729,8.935002485129358,9.060043334960938,13105200,0.0,0.0,0.0
2011-08-02 00:00:00-04:00,8.973591272742663,9.016815580930759,8.567596000519792,8.578402519226074,14580600,0.0,0.0,0.0
2011-08-03 00:00:00-04:00,8.616993408096901,8.715790802434721,8.312882789065592,8.69417953491211,19119600,0.0,0.0,0.0
2011-08-04 00:00:00-04:00,8.508937726879205,8.529004961668498,7.81272357439109,7.834334850311279,22032600,0.0,0.0,0.0
2011-08-05 00:00:00-04:00,7.987161998584382,8.05508567319561,7.256986913107164,7.541030406951904,14122200,0.0,0.0,0.0
2011-08-08 00:00:00-04:00,7.048585349235144,7.323366338843211,6.023560781520789,6.12544584274292,30076200,0.0,0.0,0.0
2011-08-09 00:00:00-04:00,6.475868442811179,7.054760128600991,6.020473532214045,7.040866851806641,21009600,0.0,0.0,0.0
2011-08-10 00:00:00-04:00,6.7537361936164,6.803134458852208,6.1748445451155245,6.179475784301758,26183400,0.0,0.0,0.0
2011-08-11 00:00:00-04:00,6.369353083329087,7.093352874168977,6.236593377113197,6.866427421569824,17531400,0.0,0.0,0.0
2011-08-12 00:00:00-04:00,7.128857784639062,7.277053897184989,6.678093725660026,6.75836706161499,22731600,0.0,0.0,0.0
2011-08-15 00:00:00-04:00,6.945156079986871,7.19369410908114,6.922000324585355,7.182888031005859,19074000,0.0,0.0,0.0
2011-08-16 00:00:00-04:00,6.9467001790266325,7.156645136988745,6.835553082160439,6.955962657928467,19623000,0.0,0.0,0.0
2011-08-17 00:00:00-04:00,7.057847868988135,7.192150732735545,6.900389247699586,7.006905555725098,22308000,0.0,0.0,0.0
2011-08-18 00:00:00-04:00,6.526811700034273,6.543792176695772,6.221156936896527,6.3307600021362305,20013600,0.0,0.0,0.0
2011-08-19 00:00:00-04:00,6.11155238853534,6.509830171604736,6.06524131627426,6.097659111022949,14328000,0.0,0.0,0.0
2011-08-22 00:00:00-04:00,6.397140687863384,6.432645685636311,5.949463696103425,5.974163055419922,26144400,0.0,0.0,0.0
2011-08-23 00:00:00-04:00,6.01120979618677,6.364720014153895,5.84140198663653,6.350826740264893,35518800,0.0,0.0,0.0
2011-08-24 00:00:00-04:00,6.346198476672541,6.696620777685026,6.302974152472443,6.667289733886719,28224000,0.0,0.0,0.0
2011-08-25 00:00:00-04:00,7.05321634270977,7.224568676559817,6.424926365783328,6.573122501373291,36198000,0.0,0.0,0.0
2011-08-26 00:00:00-04:00,6.42492579722063,6.80313454104042,6.25202987933981,6.715143203735352,28395600,0.0,0.0,0.0
2011-08-29 00:00:00-04:00,6.945157371430416,7.253900245315271,6.934352174664521,7.238462924957275,13671600,0.0,0.0,0.0
2011-08-30 00:00:00-04:00,7.128858915353535,7.281686291071418,6.955962981634193,7.173625946044922,26853600,0.0,0.0,0.0
2011-08-31 00:00:00-04:00,7.298667836887414,7.432970273624965,7.190607476021934,7.321823596954346,18726000,0.0,0.0,0.0
2011-09-01 00:00:00-04:00,7.307927724995781,7.375850943983572,6.997641779738931,7.025428771972656,14373000,0.0,0.0,0.0
2011-09-02 00:00:00-04:00,6.6271528914721545,6.710513002428601,6.457344587374452,6.488218784332275,19278600,0.0,0.0,0.0
2011-09-06 00:00:00-04:00,6.068327778594819,6.319951630989348,6.03436551023754,6.2967963218688965,25690200,0.0,0.0,0.0
2011-09-07 00:00:00-04:00,6.556141748291968,6.877234288411147,6.446538677455566,6.860253810882568,16404000,0.0,0.0,0.0
2011-09-08 00:00:00-04:00,6.690443732268434,6.854077621247004,6.5607721188238335,6.600909233093262,22918200,0.0,0.0,0.0
2011-09-09 00:00:00-04:00,6.46043312448199,6.534531212529757,6.143972208866738,6.202633857727051,28168200,0.0,0.0,0.0
2011-09-12 00:00:00-04:00,5.963356181359797,6.326128525096591,5.963356181359797,6.324584484100342,29537400,0.0,0.0,0.0
2011-09-13 00:00:00-04:00,6.394052509219199,6.519092903462063,6.259749634542372,6.404858589172363,26806200,0.0,0.0,0.0
2011-09-14 00:00:00-04:00,6.517548318387483,6.7058806682703045,6.261292304621217,6.565402984619141,22386600,0.0,0.0,0.0
2011-09-15 00:00:00-04:00,6.722861503401027,6.875688861982522,6.610170814662638,6.869514465332031,21273600,0.0,0.0,0.0
2011-09-16 00:00:00-04:00,6.912739105934917,7.017711817296693,6.679639250046107,6.895758628845215,16626600,0.0,0.0,0.0
2011-09-19 00:00:00-04:00,6.622521364537934,6.670376478163678,6.443451029942269,6.559229373931885,21504000,0.0,0.0,0.0
2011-09-20 00:00:00-04:00,6.608629556413594,6.735214007432245,6.525268988874092,6.52681303024292,17373000,0.0,0.0,0.0
2011-09-21 00:00:00-04:00,6.547236697383329,6.570448005419822,5.898856778896108,5.911236763000488,24490800,0.017,0.0,0.0
2011-09-22 00:00:00-04:00,5.652814714423009,5.731734421363055,5.3851071750525845,5.572348117828369,42712200,0.0,0.0,0.0
2011-09-23 00:00:00-04:00,5.513544135122887,5.723996816133694,5.491880155486821,5.689952850341797,32182200,0.0,0.0,0.0
2011-09-26 00:00:00-04:00,5.827676042735303,6.117047538179452,5.7023328335418135,6.089193344116211,18598200,0.0,0.0,0.0
2011-09-27 00:00:00-04:00,6.342974081874347,6.46212706182968,6.076813488632814,6.168112277984619,23694000,0.0,0.0,0.0
2011-09-28 00:00:00-04:00,6.19906295782906,6.243938250553143,5.802916672024744,5.8183913230896,15777600,0.0,0.0,0.0
2011-09-29 00:00:00-04:00,6.115500803175327,6.175851189564333,5.812201538945299,6.107762813568115,21654000,0.0,0.0,0.0
2011-09-30 00:00:00-04:00,5.892668134220589,5.996346473230005,5.708521881474974,5.71006965637207,18862200,0.0,0.0,0.0
2011-10-03 00:00:00-04:00,5.641983683540889,5.8214871024481525,5.190129807012357,5.196319580078125,33232800,0.0,0.0,0.0
2011-10-04 00:00:00-04:00,5.069428122973871,5.62960270867701,4.899209614842172,5.606390953063965,43931400,0.0,0.0,0.0
2011-10-05 00:00:00-04:00,5.558421091571435,5.7967266529150745,5.347968397810708,5.728639602661133,37925400,0.0,0.0,0.0
2011-10-06 00:00:00-04:00,5.682216081215043,6.0953839208949505,5.553778642622173,6.072172164916992,26644200,0.0,0.0,0.0
2011-10-07 00:00:00-04:00,6.132521060764413,6.14180549525939,5.652813177310705,5.680666923522949,28601400,0.0,0.0,0.0
2011-10-10 00:00:00-04:00,5.920522738880729,6.230011330729176,5.9158802993211514,6.219178676605225,15303000,0.0,0.0,0.0
2011-10-11 00:00:00-04:00,6.067528022569813,6.3151197217065,6.0396742773942265,6.206798076629639,18475800,0.0,0.0,0.0
2011-10-12 00:00:00-04:00,6.342974891724011,6.692696773245418,6.321310026569237,6.485339641571045,21696000,0.0,0.0,0.0
2011-10-13 00:00:00-04:00,6.310479645647334,6.356902719227931,6.065982518788544,6.260960578918457,19907400,0.0,0.0,0.0
2011-10-14 00:00:00-04:00,6.4265378976393635,6.488435180579226,6.2160851876430225,6.417253017425537,15804000,0.0,0.0,0.0
2011-10-17 00:00:00-04:00,6.32130955068243,6.3367842002123504,6.005630773363795,6.031938076019287,14378400,0.0,0.0,0.0
2011-10-18 00:00:00-04:00,6.100027983454928,6.700436920298555,6.039677578947905,6.571998119354248,30899400,0.0,0.0,0.0
2011-10-19 00:00:00-04:00,6.562712038662854,6.748405203986901,6.336785132821548,6.369281768798828,27867600,0.0,0.0,0.0
2011-10-20 00:00:00-04:00,6.36463803582796,6.5921122278139705,6.219177755120676,6.554973602294922,16150200,0.0,0.0,0.0
2011-10-21 00:00:00-04:00,6.726740306650818,6.890769911106558,6.688053903764564,6.886127471923828,18591000,0.0,0.0,0.0
2011-10-24 00:00:00-04:00,6.941835604808525,7.2219226547148825,6.903149200858542,7.192521572113037,21734400,0.0,0.0,0.0
2011-10-25 00:00:00-04:00,7.037776702157911,7.040871366485187,6.729835022497989,6.785542964935303,15390000,0.0,0.0,0.0
2011-10-26 00:00:00-04:00,7.025398540086885,7.078010939766495,6.737573911036093,7.005281448364258,15159000,0.0,0.0,0.0
2011-10-27 00:00:00-04:00,7.608786990628124,7.902802375127986,7.424641538231549,7.779006004333496,24965400,0.0,0.0,0.0
2011-10-28 00:00:00-04:00,7.679967107311749,7.833164966512368,7.59795273574728,7.758886814117432,15166800,0.0,0.0,0.0
2011-10-31 00:00:00-04:00,7.458681291715297,7.553076081778476,7.234302628450939,7.248229503631592,11806800,0.0,0.0,0.0
2011-11-01 00:00:00-04:00,6.615323630215984,6.949571684969492,6.5781850066575185,6.621513843536377,24970200,0.0,0.0,0.0
2011-11-02 00:00:00-04:00,6.9046983568696305,7.0223035962553695,6.759238476050086,6.9635009765625,14395800,0.0,0.0,0.0
2011-11-03 00:00:00-04:00,7.158479197398538,7.255968230932273,6.749953744625151,7.217281818389893,20197800,0.0,0.0,0.0
2011-11-04 00:00:00-04:00,7.070273723068785,7.101222583619624,6.875296122962207,7.051704406738281,9573600,0.0,0.0,0.0
2011-11-07 00:00:00-05:00,7.008376508881555,7.147646170069967,6.881486392808888,7.115149974822998,13259400,0.0,0.0,0.0
2011-11-08 00:00:00-05:00,7.243588091354193,7.41225882477424,7.0640838180810075,7.373573303222656,20116200,0.0,0.0,0.0
2011-11-09 00:00:00-05:00,6.9820678699013214,7.008374284240073,6.5998489823696325,6.621513843536377,14829000,0.0,0.0,0.0
2011-11-10 00:00:00-05:00,6.8613692341449894,6.867559449370949,6.22846422139943,6.695793151855469,15841800,0.0,0.0,0.0
2011-11-11 00:00:00-05:00,6.875295227718896,7.0532512633961355,6.872200563430485,6.99290132522583,10477200,0.0,0.0,0.0
2011-11-14 00:00:00-05:00,6.8954124052427215,6.91398171939426,6.644726442833261,6.72674036026001,9771600,0.0,0.0,0.0
2011-11-15 00:00:00-05:00,6.6137772837582025,6.892317463324375,6.601398182626113,6.793281555175781,11828400,0.0,0.0,0.0
2011-11-16 00:00:00-05:00,6.666389085622573,6.7839951688896845,6.476053530382912,6.505455493927002,12441600,0.0,0.0,0.0
2011-11-17 00:00:00-05:00,6.519384963185253,6.537954282244227,6.180494779677105,6.243939399719238,20739000,0.0,0.0,0.0
2011-11-18 00:00:00-05:00,6.319762607339452,6.363090563107779,6.216083828828651,6.308930397033691,10999200,0.0,0.0,0.0
2011-11-21 00:00:00-05:00,6.06598045348617,6.096930191699766,5.911236632418625,6.004083633422852,12507600,0.0,0.0,0.0
2011-11-22 00:00:00-05:00,6.004083237486356,6.055148730489341,5.880286949159535,5.908141136169434,9307800,0.0,0.0,0.0
2011-11-23 00:00:00-05:00,5.779705324087634,5.7812530992123765,5.5708003977186715,5.580085277557373,10944000,0.0,0.0,0.0
2011-11-25 00:00:00-05:00,5.580084684327246,5.770420273511281,5.569252030515443,5.6234130859375,4723800,0.0,0.0,0.0
2011-11-28 00:00:00-05:00,6.025749507699587,6.039676828898372,5.8276772158041705,5.945282459259033,9711000,0.0,0.0,0.0
2011-11-29 00:00:00-05:00,5.92361704405118,5.999442076499317,5.849339786513935,5.883383750915527,10266000,0.0,0.0,0.0
2011-11-30 00:00:00-05:00,6.293456063806982,6.604492414965256,6.23929545228461,6.576638221740723,13620000,0.0,0.0,0.0
2011-12-01 00:00:00-05:00,6.485340156722119,6.553427208460369,6.36154471223906,6.4868879318237305,8274600,0.0,0.0,0.0
2011-12-02 00:00:00-05:00,6.615324652027332,6.872200835408445,6.607587548272731,6.633893966674805,10593600,0.0,0.0,0.0
2011-12-05 00:00:00-05:00,6.887673297224465,7.033133122476203,6.774710541231138,6.872199535369873,11575800,0.0,0.0,0.0
2011-12-06 00:00:00-05:00,6.793279852365788,6.94957144373393,6.739118808147269,6.872199535369873,7810200,0.0,0.0,0.0
2011-12-07 00:00:00-05:00,6.765427811813925,7.0733686538327465,6.678770556284443,7.023850917816162,12479400,0.0,0.0,0.0
2011-12-08 00:00:00-05:00,6.8876738354247475,6.9016007091821505,6.500813377920731,6.545689105987549,16510200,0.0,0.0,0.0
2011-12-09 00:00:00-05:00,6.678770802379772,6.883033297225413,6.632347286732943,6.827325344085693,11565000,0.0,0.0,0.0
2011-12-12 00:00:00-05:00,6.609135450227449,6.6215158806771335,6.434274487858031,6.530215740203857,12739200,0.0,0.0,0.0
2011-12-13 00:00:00-05:00,6.655557902624914,6.689601867288469,6.226916336303925,6.342974662780762,11786400,0.0,0.0,0.0
2011-12-14 00:00:00-05:00,6.223821103251016,6.451295328469489,6.223821103251016,6.324405670166016,13521600,0.0,0.0,0.0
2011-12-15 00:00:00-05:00,6.510099000425442,6.5162883296890515,6.332142945001641,6.3491644859313965,12536400,0.0,0.0,0.0
2011-12-16 00:00:00-05:00,6.4466551627065884,6.582830624243018,6.37392521243359,6.429633617401123,11465400,0.0,0.0,0.0
2011-12-19 00:00:00-05:00,6.438915838903384,6.4698642534286,6.134069705647188,6.166565895080566,8584800,0.0,0.0,0.0
2011-12-20 00:00:00-05:00,6.386303009934123,6.652463643776846,6.377018130740815,6.616872787475586,13929600,0.0,0.0,0.0
2011-12-21 00:00:00-05:00,6.599851408830006,6.715909760801334,6.511646813404409,6.692698001861572,12558600,0.0,0.0,0.0
2011-12-22 00:00:00-05:00,6.751499765413333,6.9573091067642014,6.725192462738783,6.93255090713501,8827200,0.0,0.0,0.0
2011-12-23 00:00:00-05:00,7.01456699826639,7.026946544647217,6.909341296756867,7.026946544647217,4314600,0.0,0.0,0.0
2011-12-27 00:00:00-05:00,6.938739503817548,7.064082698877421,6.938739503817548,6.96195125579834,5573400,0.0,0.0,0.0
2011-12-28 00:00:00-05:00,6.971238777833118,6.974333885877276,6.746859604185955,6.754596710205078,7386600,0.0,0.0,0.0
2011-12-29 00:00:00-05:00,6.7994683856315845,6.955760854371126,6.7901839519080855,6.9449286460876465,6471600,0.0,0.0,0.0
2011-12-30 00:00:00-05:00,6.907792694282216,6.951121544154461,6.866011619567871,6.866011619567871,3991200,0.0,0.0,0.0
2012-01-03 00:00:00-05:00,7.16621500692701,7.3163177561573445,7.133718813860371,7.164668560028076,9154800,0.0,0.0,0.0
2012-01-04 00:00:00-05:00,7.056348237690645,7.143005064317743,6.9650494131113,7.102771759033203,5848800,0.0,0.0,0.0
2012-01-05 00:00:00-05:00,6.983618229682982,7.3457201647789825,6.918625393033965,7.271442890167236,7002000,0.0,0.0,0.0
2012-01-06 00:00:00-05:00,7.288461891161758,7.299294543339962,7.1105054294039505,7.197163105010986,7518000,0.0,0.0,0.0
2012-01-09 00:00:00-05:00,7.268345802259578,7.317864860314941,7.183237217875235,7.257514476776123,8965200,0.0,0.0,0.0
2012-01-10 00:00:00-05:00,7.480347814259249,7.54069776409091,7.419996978972685,7.509748458862305,11044800,0.0,0.0,0.0
2012-01-11 00:00:00-05:00,7.430829210007966,7.639734598266092,7.384405692011165,7.6227126121521,7531800,0.0,0.0,0.0
2012-01-12 00:00:00-05:00,7.695440170987001,7.735674348681271,7.503557702683635,7.676871299743652,8416800,0.0,0.0,0.0
2012-01-13 00:00:00-05:00,7.396782489113765,7.584022473464685,7.355001431989636,7.579380035400391,10825200,0.0,0.0,0.0
2012-01-17 00:00:00-05:00,7.605689140385427,7.729484573892085,7.449396630810334,7.505105018615723,9594600,0.0,0.0,0.0
2012-01-18 00:00:00-05:00,7.483442147427418,7.712464162511558,7.416901542590166,7.7000837326049805,5437800,0.0,0.0,0.0
2012-01-19 00:00:00-05:00,7.848637968186747,7.861018397623514,7.752697166417858,7.828522205352783,12933600,0.0,0.0,0.0
2012-01-20 00:00:00-05:00,7.754246019653155,7.913631453082009,7.721748937409025,7.905895233154297,6205200,0.0,0.0,0.0
2012-01-23 00:00:00-05:00,7.916726913335131,8.054449689759187,7.856376960765458,7.94922399520874,7783200,0.0,0.0,0.0
2012-01-24 00:00:00-05:00,7.788286634770659,7.960052444850876,7.7294835899765655,7.944579124450684,5171400,0.0,0.0,0.0
2012-01-25 00:00:00-05:00,7.854825654433964,8.020402112575105,7.82387724716884,7.9832634925842285,4926000,0.0,0.0,0.0
2012-01-26 00:00:00-05:00,8.079206720605471,8.13800976839386,7.808403677082483,7.884228706359863,7752000,0.0,0.0,0.0
2012-01-27 00:00:00-05:00,7.811496393510672,7.973978179109366,7.789832863794444,7.930650234222412,8355600,0.0,0.0,0.0
2012-01-30 00:00:00-05:00,7.777456870025889,7.822332609830808,7.676872735165098,7.792931079864502,8068200,0.0,0.0,0.0
2012-01-31 00:00:00-05:00,7.899704612963942,7.9182734878402785,7.758887177120003,7.856376647949219,8775000,0.0,0.0,0.0
2012-02-01 00:00:00-05:00,7.977077578735254,8.181340518817246,7.977077578735254,8.102420806884766,10704600,0.0,0.0,0.0
2012-02-02 00:00:00-05:00,8.158126332047736,8.263351998705998,8.10087105968152,8.209192276000977,7027200,0.0,0.0,0.0
2012-02-03 00:00:00-05:00,8.469163106832628,8.609979632866985,8.441309356608064,8.599148750305176,9971400,0.0,0.0,0.0
2012-02-06 00:00:00-05:00,8.515588800345576,8.544989447574824,8.442858413561952,8.531062126159668,4959000,0.0,0.0,0.0
2012-02-07 00:00:00-05:00,8.459879383265372,8.575937724743229,8.421192974287793,8.517134666442871,6118800,0.0,0.0,0.0
2012-02-08 00:00:00-05:00,8.560463376030592,8.627003537952689,8.479995894594035,8.616170883178711,7011600,0.0,0.0,0.0
2012-02-09 00:00:00-05:00,8.705920128999718,8.746153412593648,8.50320416557716,8.588314056396484,7735200,0.0,0.0,0.0
2012-02-10 00:00:00-05:00,8.402624395753099,8.46452212102231,8.356200880437465,8.438215255737305,3923400,0.0,0.0,0.0
2012-02-13 00:00:00-05:00,8.63474028766349,8.636288062697552,8.527966832138688,8.574389457702637,4426800,0.0,0.0,0.0
2012-02-14 00:00:00-05:00,8.509395919644692,8.509395919644692,8.298942816291754,8.432024002075195,6034800,0.0,0.0,0.0
2012-02-15 00:00:00-05:00,8.487735454292864,8.541895196359253,8.309778474254626,8.345369338989258,6631800,0.0,0.0,0.0
2012-02-16 00:00:00-05:00,8.300489843431437,8.579029961228116,8.28192097448746,8.565103530883789,7157400,0.0,0.0,0.0
2012-02-17 00:00:00-05:00,8.616170293380064,8.68271133620212,8.586768766720942,8.661046028137207,5025600,0.0,0.0,0.0
2012-02-21 00:00:00-05:00,8.671879416662792,8.730681589506677,8.565105955015232,8.630098342895508,4717800,0.0,0.0,0.0
2012-02-22 00:00:00-05:00,8.568200921530098,8.620813766645199,8.432025925937836,8.438215255737305,2779200,0.0,0.0,0.0
2012-02-23 00:00:00-05:00,8.456785454739284,8.602246238716557,8.401077936001863,8.597603797912598,6506400,0.0,0.0,0.0
2012-02-24 00:00:00-05:00,8.636286065256526,8.65330715942036,8.526417085074614,8.560461044311523,4584600,0.0,0.0,0.0
2012-02-27 00:00:00-05:00,8.427383568033585,8.702828226803616,8.363938066968418,8.67342758178711,5353800,0.0,0.0,0.0
2012-02-28 00:00:00-05:00,8.685803557045366,8.749249038501876,8.599147653060568,8.69973087310791,6100800,0.0,0.0,0.0
2012-02-29 00:00:00-05:00,8.736871701453774,8.854477816663621,8.600696712263609,8.617718696594238,8850000,0.0,0.0,0.0
2012-03-01 00:00:00-05:00,8.70128053080902,8.851381948732794,8.68580543668356,8.81424331665039,7318800,0.0,0.0,0.0
2012-03-02 00:00:00-05:00,8.80495963109466,8.83590982354199,8.70282860038423,8.724493026733398,5640000,0.0,0.0,0.0
2012-03-05 00:00:00-05:00,8.674975433254161,8.695092085711124,8.588318607425311,8.676523208618164,4764000,0.0,0.0,0.0
2012-03-06 00:00:00-05:00,8.45059742621519,8.486188293527517,8.257166220148584,8.300494194030762,6649200,0.0,0.0,0.0
2012-03-07 00:00:00-05:00,8.38714780708584,8.507848571234803,8.328345642640485,8.484637260437012,3592800,0.0,0.0,0.0
2012-03-08 00:00:00-05:00,8.599150101389737,8.662594715455402,8.509397736968117,8.645573616027832,4503000,0.0,0.0,0.0
2012-03-09 00:00:00-05:00,8.681163570448113,8.854477180603824,8.651761158302904,8.774009704589844,6287400,0.0,0.0,0.0
2012-03-12 00:00:00-04:00,8.774009451256532,8.777104115699117,8.637834475780274,8.744607925415039,4850400,0.0,0.0,0.0
2012-03-13 00:00:00-04:00,8.87614344643271,9.355851081235034,8.851383468671216,9.346566200256348,8636400,0.0,0.0,0.0
2012-03-14 00:00:00-04:00,9.343468760120164,9.42857867612158,9.185630242676712,9.352753639221191,8513400,0.0,0.0,0.0
2012-03-15 00:00:00-04:00,9.413103068085524,9.656051465401148,9.28157054704899,9.632840156555176,12805800,0.0,0.0,0.0
2012-03-16 00:00:00-04:00,9.693190461677329,9.72259287073461,9.589511684380273,9.677716255187988,10105800,0.0,0.0,0.0
2012-03-19 00:00:00-04:00,9.660692374269528,9.960896879679382,9.608079551278294,9.789130210876465,14106000,0.0,0.0,0.0
2012-03-20 00:00:00-04:00,9.688550084059095,9.869600801232913,9.626651479679264,9.818534851074219,11200800,0.0,0.0,0.0
2012-03-21 00:00:00-04:00,9.900432105646136,9.911289200167142,9.71585528611335,9.748428344726562,9745200,0.02467,0.0,0.0
2012-03-22 00:00:00-04:00,9.584019650414211,9.630551725334358,9.4382205098702,9.498711585998535,16791600,0.0,0.0,0.0
2012-03-23 00:00:00-04:00,9.489401959099471,9.680182606493508,9.43201280297691,9.660018920898438,11564400,0.0,0.0,0.0
2012-03-26 00:00:00-04:00,9.850801652621207,9.95627339766989,9.781003991554348,9.951620101928711,10555800,0.0,0.0,0.0
2012-03-27 00:00:00-04:00,9.957822182171903,9.990394356297658,9.7856547225,9.798062324523926,8653200,0.0,0.0,0.0
2012-03-28 00:00:00-04:00,9.796512621291006,9.891127250920146,9.646059340349854,9.846146583557129,10727400,0.0,0.0,0.0
2012-03-29 00:00:00-04:00,9.69569134022793,9.740672886012026,9.504910725440471,9.683282852172852,11420400,0.0,0.0,0.0
2012-03-30 00:00:00-04:00,9.779450397368523,9.790308380830712,9.604180143152394,9.743776321411133,8640600,0.0,0.0,0.0
2012-04-02 00:00:00-04:00,9.705002238375359,9.973336688324641,9.660021560139334,9.898885726928711,8253600,0.0,0.0,0.0
2012-04-03 00:00:00-04:00,9.858556264831117,9.900435036491894,9.675530784987828,9.833739280700684,11186400,0.0,0.0,0.0
2012-04-04 00:00:00-04:00,9.61969151085196,9.672427372004917,9.461483039867865,9.546791076660156,7806600,0.0,0.0,0.0
2012-04-05 00:00:00-04:00,9.455278248546177,9.604180128440571,9.425807973876426,9.503361701965332,8436000,0.0,0.0,0.0
2012-04-09 00:00:00-04:00,9.183843057375885,9.323439251868773,9.132657697309293,9.228824615478516,6472200,0.0,0.0,0.0
2012-04-10 00:00:00-04:00,9.219514522154675,9.289312149119624,8.834850545727877,8.83640193939209,16791000,0.0,0.0,0.0
2012-04-11 00:00:00-04:00,9.07216922763758,9.159029580165166,9.025637149505108,9.100088119506836,7768800,0.0,0.0,0.0
2012-04-12 00:00:00-04:00,9.129554890926471,9.444419523132344,9.104737025368589,9.427358627319336,8055600,0.0,0.0,0.0
2012-04-13 00:00:00-04:00,9.399442786396353,9.399442786396353,9.042698390010498,9.053555488586426,7638000,0.0,0.0,0.0
2012-04-16 00:00:00-04:00,9.207110007121228,9.28466374833691,9.033391117840708,9.176088333129883,9126000,0.0,0.0,0.0
2012-04-17 00:00:00-04:00,9.309477140620974,9.478543572838626,9.255189892550414,9.424256324768066,5955600,0.0,0.0,0.0
2012-04-18 00:00:00-04:00,9.30792666096779,9.432011546192184,9.270701195400473,9.290863990783691,5637000,0.0,0.0,0.0
2012-04-19 00:00:00-04:00,9.376176411543684,9.391687693643066,9.104740068872502,9.224172592163086,9015600,0.0,0.0,0.0
2012-04-20 00:00:00-04:00,9.306379234730276,9.331196222355544,9.171436309814453,9.171436309814453,4789200,0.0,0.0,0.0
2012-04-23 00:00:00-04:00,8.909302846855686,9.030285833188936,8.856567879449686,9.016325950622559,6919800,0.0,0.0,0.0
2012-04-24 00:00:00-04:00,9.038046282773148,9.219520406206835,9.038046282773148,9.204010009765625,6306000,0.0,0.0,0.0
2012-04-25 00:00:00-04:00,9.356009907478516,9.438216926554425,9.250537303538307,9.408745765686035,7242000,0.0,0.0,0.0
2012-04-26 00:00:00-04:00,9.351358313869408,9.590222444537748,9.345154511787287,9.57005786895752,7756800,0.0,0.0,0.0
2012-04-27 00:00:00-04:00,9.635199279565057,9.64450497898303,9.452173878136932,9.584013938903809,7469400,0.0,0.0,0.0
2012-04-30 00:00:00-04:00,9.539037934698708,9.551446427495538,9.373074232600427,9.463035583496094,4072200,0.0,0.0,0.0
2012-05-01 00:00:00-04:00,9.461481831207708,9.807368116454526,9.458379043428732,9.650711059570312,7845600,0.0,0.0,0.0
2012-05-02 00:00:00-04:00,9.528180191454798,9.563855163857612,9.368421175449013,9.51422119140625,6010200,0.0,0.0,0.0
2012-05-03 00:00:00-04:00,9.531282467564328,9.546792861239512,9.303276307942646,9.34050178527832,6102600,0.0,0.0,0.0
2012-05-04 00:00:00-04:00,9.233475690253169,9.259843173547136,9.036490381100645,9.078369140625,11058000,0.0,0.0,0.0
2012-05-07 00:00:00-04:00,8.976001085108107,9.22882419797085,8.976001085108107,9.162128448486328,7012200,0.0,0.0,0.0
2012-05-08 00:00:00-04:00,9.064410761507903,9.141963605420722,8.917060269321023,9.075268745422363,8366400,0.0,0.0,0.0
2012-05-09 00:00:00-04:00,8.855018863009452,9.025634962272882,8.763506123618424,8.892244338989258,5430000,0.0,0.0,0.0
2012-05-10 00:00:00-04:00,9.087679217547803,9.126456091722263,8.931022101424714,8.96979808807373,5250000,0.0,0.0,0.0
2012-05-11 00:00:00-04:00,8.636316602791156,8.949631625518915,8.623909000926863,8.814689636230469,4826400,0.0,0.0,0.0
2012-05-14 00:00:00-04:00,8.608398230554554,8.659583585122679,8.482761935264731,8.493619918823242,4856400,0.0,0.0,0.0
2012-05-15 00:00:00-04:00,8.499823378003873,8.5928866063976,8.377289875819997,8.406759262084961,7028400,0.0,0.0,0.0
2012-05-16 00:00:00-04:00,8.492069237732206,8.56807157892207,8.180305564462396,8.188060760498047,7153200,0.0,0.0,0.0
2012-05-17 00:00:00-04:00,8.166343998816442,8.180303881323477,7.829763412475586,7.829763412475586,12030000,0.0,0.0,0.0
2012-05-18 00:00:00-04:00,7.88870465484781,7.890255161183802,7.615717024428034,7.651391983032227,8290800,0.0,0.0,0.0
2012-05-21 00:00:00-04:00,7.702577712015146,7.8964602629233624,7.597105100206742,7.837520599365234,7107600,0.0,0.0,0.0
2012-05-22 00:00:00-04:00,7.918173965883333,8.155486635537304,7.856131524881485,7.961604118347168,7882800,0.0,0.0,0.0
2012-05-23 00:00:00-04:00,7.808052952596563,8.037610545274454,7.685518514350572,8.020547866821289,7560600,0.0,0.0,0.0
2012-05-24 00:00:00-04:00,8.077938812314192,8.110511003085518,7.8731981863614715,8.048467636108398,5821200,0.0,0.0,0.0
2012-05-25 00:00:00-04:00,8.034503827953392,8.101199564417499,7.944542508430918,7.991074562072754,7002000,0.0,0.0,0.0
2012-05-29 00:00:00-04:00,8.12136677515571,8.205123433911568,8.060874819496856,8.202020645141602,7639800,0.0,0.0,0.0
2012-05-30 00:00:00-04:00,8.022096885730187,8.036056770771014,7.840622817825806,7.846827507019043,8807400,0.0,0.0,0.0
2012-05-31 00:00:00-04:00,7.859232707389469,8.051564700695064,7.707228962696339,7.935235023498535,8561400,0.0,0.0,0.0
2012-06-01 00:00:00-04:00,7.64363712001084,7.670005494703086,7.365997038788976,7.381507873535156,10473000,0.0,0.0,0.0
2012-06-04 00:00:00-04:00,7.40167208383536,7.429591412525816,7.179870623673812,7.254321575164795,7932600,0.0,0.0,0.0
2012-06-05 00:00:00-04:00,7.2264011514541275,7.5055921772393575,7.218646399885575,7.47612190246582,5799600,0.0,0.0,0.0
2012-06-06 00:00:00-04:00,7.626575321010813,7.896460206248728,7.578492754039357,7.890256404876709,5526000,0.0,0.0,0.0
2012-06-07 00:00:00-04:00,8.115159638933573,8.149283204913969,7.832866297686896,7.862335681915283,4896000,0.0,0.0,0.0
2012-06-08 00:00:00-04:00,7.804946250838622,8.036054208499735,7.725842035879953,8.032952308654785,4723200,0.0,0.0,0.0
2012-06-11 00:00:00-04:00,8.231491035715894,8.23924623185743,7.739803790119747,7.753763675689697,6129000,0.0,0.0,0.0
2012-06-12 00:00:00-04:00,7.7909886009816836,7.978666464449866,7.687067382458483,7.969359874725342,8908800,0.0,0.0,0.0
2012-06-13 00:00:00-04:00,7.902664820085685,8.099649268417394,7.832867173924645,7.89335823059082,8708400,0.0,0.0,0.0
2012-06-14 00:00:00-04:00,7.927481858028382,8.158590765363373,7.894908794559519,8.084139823913574,7098000,0.0,0.0,0.0
2012-06-15 00:00:00-04:00,8.158594517799008,8.295087085709659,8.070183651342024,8.274924278259277,4794000,0.0,0.0,0.0
2012-06-18 00:00:00-04:00,8.191163629771292,8.3524740164706,8.139978270400485,8.237695693969727,5041200,0.0,0.0,0.0
2012-06-19 00:00:00-04:00,8.34627135952909,8.558767157345658,8.313699172915879,8.479662895202637,4497600,0.0,0.0,0.0
2012-06-20 00:00:00-04:00,8.530313491821289,8.620433963975715,8.367166124040764,8.530313491821289,5298600,0.016,0.0,0.0
2012-06-21 00:00:00-04:00,8.542743586760118,8.618879615794206,8.138757818483544,8.165172576904297,6124200,0.0,0.0,0.0
2012-06-22 00:00:00-04:00,8.264614840232015,8.359396787102272,8.214894460376986,8.31122875213623,4135800,0.0,0.0,0.0
2012-06-25 00:00:00-04:00,8.101469451092942,8.101469451092942,7.925891713883315,7.992703914642334,4987200,0.0,0.0,0.0
2012-06-26 00:00:00-04:00,8.059515777967727,8.160511558943469,7.963180588425366,8.089037895202637,5493600,0.0,0.0,0.0
2012-06-27 00:00:00-04:00,8.141865320759686,8.30346034222002,8.070391659793787,8.25684642791748,7299000,0.0,0.0,0.0
2012-06-28 00:00:00-04:00,8.084375447105177,8.267721954119834,7.99425498298438,8.253738403320312,7586400,0.0,0.0,0.0
2012-06-29 00:00:00-04:00,8.623540136411197,8.665492564958484,8.528758196901341,8.659276962280273,5207400,0.0,0.0,0.0
2012-07-02 00:00:00-04:00,8.727645524423139,8.800673310633677,8.597127627521497,8.786689758300781,4781400,0.0,0.0,0.0
2012-07-03 00:00:00-04:00,8.769598272296584,8.934299772483016,8.752506472981159,8.89234733581543,2730600,0.0,0.0,0.0
2012-07-05 00:00:00-04:00,8.814658413321137,8.820874017447096,8.66083310251401,8.685693740844727,3313200,0.0,0.0,0.0
2012-07-06 00:00:00-04:00,8.486808185901372,8.612664605123427,8.474377867392619,8.575373649597168,3595800,0.0,0.0,0.0
2012-07-09 00:00:00-04:00,8.50856378629165,8.575375988548666,8.433981854896755,8.516332626342773,3097800,0.0,0.0,0.0
2012-07-10 00:00:00-04:00,8.631310058047958,8.668601011546288,8.306567671259257,8.378042221069336,4144800,0.0,0.0,0.0
2012-07-11 00:00:00-04:00,8.379598714422354,8.505456064839725,8.34696922855566,8.466611862182617,4333200,0.0,0.0,0.0
2012-07-12 00:00:00-04:00,8.339197683580464,8.432425517896883,8.23975513448909,8.350074768066406,5652000,0.0,0.0,0.0
2012-07-13 00:00:00-04:00,8.416888164261504,8.768045383098706,8.416888164261504,8.741631507873535,3593400,0.0,0.0,0.0
2012-07-16 00:00:00-04:00,8.76804477824006,8.817766056512326,8.68103343035018,8.726092338562012,3318600,0.0,0.0,0.0
2012-07-17 00:00:00-04:00,8.850392465832236,8.856608068004627,8.584694366045902,8.83796215057373,3865200,0.0,0.0,0.0
2012-07-18 00:00:00-04:00,8.772707860914286,8.858166879226767,8.712110375363686,8.768046379089355,2857800,0.0,0.0,0.0
2012-07-19 00:00:00-04:00,8.778920806795643,8.819319118257344,8.567604510488716,8.617325782775879,3492000,0.0,0.0,0.0
2012-07-20 00:00:00-04:00,8.5023479584323,8.520993885336742,8.381152100813607,8.39824390411377,3188400,0.0,0.0,0.0
2012-07-23 00:00:00-04:00,8.112344467931543,8.30190660199572,8.084376473694608,8.2630615234375,5584200,0.0,0.0,0.0
2012-07-24 00:00:00-04:00,8.294139874637663,8.2972472327688,8.061071122154418,8.190035820007324,4849200,0.0,0.0,0.0
2012-07-25 00:00:00-04:00,8.26616868568392,8.329874392783076,8.151187588303513,8.231985092163086,3629400,0.0,0.0,0.0
2012-07-26 00:00:00-04:00,8.485256979490146,8.524101178433535,8.384259394977164,8.458841323852539,3862800,0.0,0.0,0.0
2012-07-27 00:00:00-04:00,8.564497067439556,8.85505494134305,8.500790472079384,8.777365684509277,5211000,0.0,0.0,0.0
2012-07-30 00:00:00-04:00,8.73697048437771,8.8612736951466,8.721431916216579,8.752508163452148,3850800,0.0,0.0,0.0
2012-07-31 00:00:00-04:00,8.708997892429752,8.75250354871727,8.64063071800993,8.679475784301758,3327000,0.0,0.0,0.0
2012-08-01 00:00:00-04:00,8.735414717831294,8.780474512124087,8.575373808388528,8.584696769714355,2700600,0.0,0.0,0.0
2012-08-02 00:00:00-04:00,8.455734851948629,8.550516841112158,8.319001301346896,8.471273422241211,4428600,0.0,0.0,0.0
2012-08-03 00:00:00-04:00,8.707446149191954,8.884577957278516,8.676370798935507,8.833303451538086,4157400,0.0,0.0,0.0
2012-08-06 00:00:00-04:00,8.88924124109902,8.976253484191322,8.837965835869278,8.850396156311035,3165000,0.0,0.0,0.0
2012-08-07 00:00:00-04:00,8.89700922730621,9.036850096598137,8.89700922730621,8.920315742492676,4961400,0.0,0.0,0.0
2012-08-08 00:00:00-04:00,8.84728686372835,8.980913001527249,8.831749188845627,8.928084373474121,2147400,0.0,0.0,0.0
2012-08-09 00:00:00-04:00,8.875257613359782,8.987130496416421,8.864380527383457,8.906332969665527,1513800,0.0,0.0,0.0
2012-08-10 00:00:00-04:00,8.847286910299948,8.934299134822254,8.809995956933246,8.910992622375488,2104800,0.0,0.0,0.0
2012-08-13 00:00:00-04:00,8.876809026184395,8.92653029734,8.794458281968735,8.910992622375488,2067000,0.0,0.0,0.0
2012-08-14 00:00:00-04:00,9.005774743016183,9.039958343225583,8.875256835433467,8.920315742492676,2523600,0.0,0.0,0.0
2012-08-15 00:00:00-04:00,8.884576212093334,9.007326133119516,8.878360609811086,8.968481063842773,1789800,0.0,0.0,0.0
2012-08-16 00:00:00-04:00,8.991791995868887,9.109879594790895,8.917209184593615,9.075695991516113,2703000,0.0,0.0,0.0
2012-08-17 00:00:00-04:00,9.11298534168496,9.136292743927951,9.064818192193592,9.133185386657715,1902000,0.0,0.0,0.0
2012-08-20 00:00:00-04:00,9.098998491625945,9.170473017455402,9.074136975215287,9.165811538696289,2460000,0.0,0.0,0.0
2012-08-21 00:00:00-04:00,9.204660859994092,9.37713211417384,9.150278096177894,9.21087646484375,3336000,0.0,0.0,0.0
2012-08-22 00:00:00-04:00,9.139406010490628,9.224865058826289,9.072592896005315,9.168928146362305,2903400,0.0,0.0,0.0
2012-08-23 00:00:00-04:00,9.125415111973012,9.156491350069055,8.999557814676649,9.018203735351562,2710200,0.0,0.0,0.0
2012-08-24 00:00:00-04:00,8.956054374456706,9.14717155253492,8.935855214762256,9.102110862731934,2134200,0.0,0.0,0.0
2012-08-27 00:00:00-04:00,9.154941499216253,9.17514155240275,9.060160395785518,9.10677433013916,2106000,0.0,0.0,0.0
2012-08-28 00:00:00-04:00,9.052389580688168,9.184462514067745,9.03063718660901,9.102110862731934,2580000,0.0,0.0,0.0
2012-08-29 00:00:00-04:00,9.133188130441,9.184463541693201,9.085020077392546,9.15027904510498,1490400,0.0,0.0,0.0
2012-08-30 00:00:00-04:00,9.075694195912519,9.10521720116027,8.970036938259307,9.058603286743164,2555400,0.0,0.0,0.0
2012-08-31 00:00:00-04:00,9.1471733974054,9.201555282658093,9.033745477371914,9.162710189819336,2527200,0.0,0.0,0.0
2012-09-04 00:00:00-04:00,9.145613919996059,9.249717925467511,9.07879997266301,9.203104019165039,2206200,0.0,0.0,0.0
2012-09-05 00:00:00-04:00,9.201549956474647,9.251271219766148,9.139398377360274,9.190672874450684,2317200,0.0,0.0,0.0
2012-09-06 00:00:00-04:00,9.277686908935152,9.591552192810079,9.277686908935152,9.576014518737793,3365400,0.0,0.0,0.0
2012-09-07 00:00:00-04:00,9.633506508498556,9.77645562736801,9.633506508498556,9.757810592651367,3867600,0.0,0.0,0.0
2012-09-10 00:00:00-04:00,9.734501480333913,9.774899789372382,9.59932211281915,9.607090950012207,2550600,0.0,0.0,0.0
2012-09-11 00:00:00-04:00,9.6101993503315,9.771793493114057,9.586891947135708,9.759363174438477,2635200,0.0,0.0,0.0
2012-09-12 00:00:00-04:00,9.844822769762608,9.906974366920501,9.79665472628613,9.861913681030273,2805600,0.0,0.0,0.0
2012-09-13 00:00:00-04:00,9.841713333739328,10.340480129006071,9.787329697488863,10.281435012817383,5960400,0.0,0.0,0.0
2012-09-14 00:00:00-04:00,10.422834007824719,10.604627334770191,10.374665960004357,10.460124969482422,5836200,0.0,0.0,0.0
2012-09-17 00:00:00-04:00,10.37155957444908,10.443034146598595,10.214626873896643,10.251917839050293,2793600,0.0,0.0,0.0
2012-09-18 00:00:00-04:00,10.17422716409861,10.222395214079771,10.096537879431613,10.15402889251709,2490600,0.0,0.0,0.0
2012-09-19 00:00:00-04:00,10.205302936692606,10.255024218820447,10.126059532165527,10.126059532165527,2418000,0.0,0.0,0.0
2012-09-20 00:00:00-04:00,9.973785750078731,10.026615270209494,9.885220286963525,10.014184951782227,2071800,0.0,0.0,0.0
2012-09-21 00:00:00-04:00,10.178886091792794,10.178886091792794,9.964462439625418,9.973785400390625,1917000,0.0,0.0,0.0
2012-09-24 00:00:00-04:00,9.865020045303961,10.05302803515263,9.844820891217779,9.966015815734863,2686200,0.0,0.0,0.0
2012-09-25 00:00:00-04:00,10.04289489701805,10.077133996866602,9.684942776217886,9.692724227905273,2605200,0.01733,0.0,0.0
2012-09-26 00:00:00-04:00,9.632028656649219,9.6818306659569,9.537093687722722,9.56666374206543,2631600,0.0,0.0,0.0
2012-09-27 00:00:00-04:00,9.661599750650405,9.815674830640488,9.614910143571247,9.739415168762207,1527600,0.0,0.0,0.0
2012-09-28 00:00:00-04:00,9.664710653005667,9.76742706020686,9.591563405482203,9.677160263061523,2642400,0.0,0.0,0.0
2012-10-01 00:00:00-04:00,9.79388533806934,9.946404661825902,9.692725561683051,9.739415168762207,2435400,0.0,0.0,0.0
2012-10-02 00:00:00-04:00,9.835905787876985,9.843688131080269,9.706732604867195,9.793885231018066,2514000,0.0,0.0,0.0
2012-10-03 00:00:00-04:00,9.839020067541371,10.007102311824035,9.75186565159461,9.951074600219727,2916000,0.0,0.0,0.0
2012-10-04 00:00:00-04:00,10.049122392859026,10.217203738582361,10.017995690003461,10.203197479248047,3923400,0.0,0.0,0.0
2012-10-05 00:00:00-04:00,10.341710234449256,10.37283605118538,10.14250215764094,10.221874237060547,2419800,0.0,0.0,0.0
2012-10-08 00:00:00-04:00,10.116042761837264,10.2125352706152,10.089586000266083,10.182964324951172,1437600,0.0,0.0,0.0
2012-10-09 00:00:00-04:00,10.18918958423216,10.254554497759319,9.997763002733922,10.022663116455078,2832000,0.0,0.0,0.0
2012-10-10 00:00:00-04:00,10.019551132359831,10.10514889463294,9.93395426061692,10.036670684814453,2623200,0.0,0.0,0.0
2012-10-11 00:00:00-04:00,10.215645187416321,10.252996689562028,10.119154474770788,10.137829780578613,2674200,0.0,0.0,0.0
2012-10-12 00:00:00-04:00,10.00710046586606,10.09581062182137,9.840574008674121,9.88570785522461,3182400,0.0,0.0,0.0
2012-10-15 00:00:00-04:00,9.955739471285199,10.088025905517764,9.848354033861822,10.083356857299805,2737200,0.0,0.0,0.0
2012-10-16 00:00:00-04:00,10.156506080855815,10.265447295331462,10.136273237772699,10.196969985961914,2534400,0.0,0.0,0.0
2012-10-17 00:00:00-04:00,10.257667544240373,10.447537490936835,10.231210782144762,10.425749778747559,2184600,0.0,0.0,0.0
2012-10-18 00:00:00-04:00,10.400848761782228,10.540916696701228,10.37439110918477,10.469326972961426,2512800,0.0,0.0,0.0
2012-10-19 00:00:00-04:00,10.402403120674096,10.402403120674096,10.116040726576976,10.200081825256348,2471400,0.0,0.0,0.0
2012-10-22 00:00:00-04:00,10.196973272455672,10.249888585989142,10.027334364585972,10.189191818237305,3411000,0.0,0.0,0.0
2012-10-23 00:00:00-04:00,9.9308403537537,9.966635209491889,9.798553003957647,9.904382705688477,4165800,0.0,0.0,0.0
2012-10-24 00:00:00-04:00,10.007100179616241,10.03355693761342,9.863918082572907,9.898158073425293,3148200,0.0,0.0,0.0
2012-10-25 00:00:00-04:00,10.063126525039918,10.092696574816578,9.800109370048576,9.938621520996094,2379000,0.0,0.0,0.0
2012-10-26 00:00:00-04:00,9.895046889142705,9.927729346918007,9.711400863941593,9.831236839294434,2443800,0.0,0.0,0.0
2012-10-31 00:00:00-04:00,9.834347911701082,9.929282860590408,9.77987686420131,9.919944763183594,2128800,0.0,0.0,0.0
2012-11-01 00:00:00-04:00,9.958855344035076,10.16895813441712,9.92928528870241,10.161176681518555,2498400,0.0,0.0,0.0
2012-11-02 00:00:00-04:00,10.28412317104186,10.290348866534005,10.019549368491496,10.041337966918945,3408000,0.0,0.0,0.0
2012-11-05 00:00:00-05:00,9.997763884095395,10.03822779693837,9.820344435796766,9.996207237243652,2646600,0.0,0.0,0.0
2012-11-06 00:00:00-05:00,10.061572636568878,10.251443487679689,10.042897326108138,10.204753875732422,2251200,0.0,0.0,0.0
2012-11-07 00:00:00-05:00,9.943292307060515,9.944848953971187,9.557326692528918,9.604016304016113,8358000,0.0,0.0,0.0
2012-11-08 00:00:00-05:00,9.686498539667456,9.79855304700589,9.448382377624512,9.448382377624512,7493400,0.0,0.0,0.0
2012-11-09 00:00:00-05:00,9.386132790651546,9.642924314096772,9.348781280140782,9.474842071533203,5032200,0.0,0.0,0.0
2012-11-12 00:00:00-05:00,9.568219475366078,9.568219475366078,9.44215781739179,9.490403175354004,1563000,0.0,0.0,0.0
2012-11-13 00:00:00-05:00,9.373677253723145,9.602455265804588,9.337882405919464,9.373677253723145,3067800,0.0,0.0,0.0
2012-11-14 00:00:00-05:00,9.420369713304142,9.456165462541074,8.98927120002907,9.048410415649414,5823600,0.0,0.0,0.0
2012-11-15 00:00:00-05:00,9.011061113209578,9.190038122088596,8.98460434701235,9.068645477294922,6507600,0.0,0.0,0.0
2012-11-16 00:00:00-05:00,9.104436220756256,9.227385456911671,8.956586876736015,9.205595970153809,5585400,0.0,0.0,0.0
2012-11-19 00:00:00-05:00,9.423481671425883,9.544874269342362,9.406361232039577,9.527753829956055,5789400,0.0,0.0,0.0
2012-11-20 00:00:00-05:00,9.493520118893297,9.667827201852685,9.445273851849805,9.632031440734863,3941400,0.0,0.0,0.0
2012-11-21 00:00:00-05:00,9.646036148071289,9.661599944429955,9.544876369656073,9.646036148071289,2161800,0.0,0.0,0.0
2012-11-23 00:00:00-05:00,9.726964512612106,9.870144844055176,9.711400716811417,9.870144844055176,1634400,0.0,0.0,0.0
2012-11-26 00:00:00-05:00,9.750309646392909,9.817231213017584,9.695838583081423,9.806337356567383,2998200,0.0,0.0,0.0
2012-11-27 00:00:00-05:00,9.767429766503401,9.839020387340726,9.639811432240688,9.65693187713623,6009600,0.0,0.0,0.0
2012-11-28 00:00:00-05:00,9.529313424139913,9.736303830366854,9.415702242281695,9.733190536499023,5088000,0.0,0.0,0.0
2012-11-29 00:00:00-05:00,9.817230754140507,9.87792662100642,9.734746284862396,9.82501220703125,4251000,0.0,0.0,0.0
2012-11-30 00:00:00-05:00,9.782992851686114,9.885709279863704,9.75809095489888,9.823456764221191,3412800,0.0,0.0,0.0
2012-12-03 00:00:00-05:00,9.913724240226804,9.947962461288927,9.754980077871043,9.776768684387207,4879800,0.0,0.0,0.0
2012-12-04 00:00:00-05:00,9.726966969971787,9.814120508246846,9.641369188298713,9.720741271972656,4256400,0.0,0.0,0.0
2012-12-05 00:00:00-05:00,9.786104078056871,9.983756366021815,9.703620499089736,9.905940055847168,4726800,0.0,0.0,0.0
2012-12-06 00:00:00-05:00,9.918392693735921,9.97130711449161,9.862365869531146,9.969751358032227,3678600,0.0,0.0,0.0
2012-12-07 00:00:00-05:00,10.063124908708577,10.089582551767046,9.97752806612571,10.083356857299805,5143200,0.0,0.0,0.0
2012-12-10 00:00:00-05:00,10.017993783231368,10.106703043898317,9.98219803723413,10.056901931762695,3711600,0.0,0.0,0.0
2012-12-11 00:00:00-05:00,10.13472144215951,10.234325487823638,10.08336277216504,10.136277198791504,4044000,0.0,0.0,0.0
2012-12-12 00:00:00-05:00,10.203197479248047,10.358828321935201,10.172070776392482,10.203197479248047,5346000,0.0,0.0,0.0
2012-12-13 00:00:00-05:00,10.186074951906978,10.243659295882923,10.060013300505915,10.095809936523438,4272600,0.0,0.0,0.0
2012-12-14 00:00:00-05:00,10.089582971066346,10.10825827418439,10.010210929122314,10.031998634338379,3632400,0.0,0.0,0.0
2012-12-17 00:00:00-05:00,10.11915457446459,10.397734642028809,10.11915457446459,10.397734642028809,5873400,0.0,0.0,0.0
2012-12-18 00:00:00-05:00,10.470883047484987,10.67320439355074,10.427306731298522,10.662309646606445,9129600,0.0,0.0,0.0
2012-12-19 00:00:00-05:00,10.704331728490612,10.723007040788715,10.55181326435636,10.556482315063477,7258200,0.0,0.0,0.0
2012-12-20 00:00:00-05:00,10.596942476652586,10.828833830059963,10.540914778562264,10.827277183532715,5719800,0.0,0.0,0.0
2012-12-21 00:00:00-05:00,10.47399569328349,10.68565334528218,10.47399569328349,10.606281280517578,4794600,0.0,0.0,0.0
2012-12-24 00:00:00-05:00,10.54558724452745,10.620290272499306,10.520687125733836,10.579826354980469,696000,0.0,0.0,0.0
2012-12-26 00:00:00-05:00,10.65556904705088,10.65556904705088,10.502520634119753,10.535316467285156,1729200,0.03917,0.0,0.0
2012-12-27 00:00:00-05:00,10.56342746007662,10.611841081922499,10.22922182211655,10.48690414428711,2374800,0.0,0.0,0.0
2012-12-28 00:00:00-05:00,10.302625633773166,10.477538302829318,10.302625633773166,10.332298278808594,1384800,0.0,0.0,0.0
2012-12-31 00:00:00-05:00,10.262019921533737,10.593103326152605,10.201113486100768,10.589980125427246,3367800,0.0,0.0,0.0
2013-01-02 00:00:00-05:00,10.942924744284387,11.174058532707056,10.942924744284387,11.163125991821289,3919200,0.0,0.0,0.0
2013-01-03 00:00:00-05:00,10.981966150307823,11.230277947292889,10.981966150307823,11.16780948638916,1261200,0.0,0.0,0.0
2013-01-04 00:00:00-05:00,11.178743598639656,11.445796418285369,11.16624990470079,11.428617477416992,2868600,0.0,0.0,0.0
2013-01-07 00:00:00-05:00,11.386450217845372,11.392696617494432,11.267759688319174,11.369271278381348,2272200,0.0,0.0,0.0
2013-01-08 00:00:00-05:00,11.333355441478101,11.358342834357659,11.22247422068243,11.319299697875977,2346000,0.0,0.0,0.0
2013-01-09 00:00:00-05:00,11.391137954812853,11.48171702486318,11.281817894479232,11.327107429504395,2051400,0.0,0.0,0.0
2013-01-10 00:00:00-05:00,11.411440123041801,11.573859060447095,11.392699132718267,11.569173812866211,2749800,0.0,0.0,0.0
2013-01-11 00:00:00-05:00,11.512949955192624,11.547306942773586,11.38957417096003,11.514511108398438,1812600,0.0,0.0,0.0
2013-01-14 00:00:00-05:00,11.51139246358294,11.551996760913232,11.353659629352341,11.477034568786621,2151600,0.0,0.0,0.0
2013-01-15 00:00:00-05:00,11.375522807449379,11.578545169551903,11.348973365006385,11.56449031829834,1627800,0.0,0.0,0.0
2013-01-16 00:00:00-05:00,11.531691786752573,11.598844613624358,11.459851925442388,11.570734024047852,2025000,0.0,0.0,0.0
2013-01-17 00:00:00-05:00,11.562927553925661,11.631642439487768,11.47859487715517,11.572298049926758,3106200,0.0,0.0,0.0
2013-01-18 00:00:00-05:00,11.586349559078673,11.605090545676406,11.442672534180236,11.587911605834961,1678800,0.0,0.0,0.0
2013-01-22 00:00:00-05:00,11.54574902329615,11.801870263588945,11.54574902329615,11.798747062683105,2377800,0.0,0.0,0.0
2013-01-23 00:00:00-05:00,11.772195313896644,11.808116141289707,11.690987631996387,11.784689903259277,1796400,0.0,0.0,0.0
2013-01-24 00:00:00-05:00,11.823733279997624,11.995522729994699,11.79406153167416,11.88151741027832,2230800,0.0,0.0,0.0
2013-01-25 00:00:00-05:00,11.978342856074674,11.979904903295388,11.842474237322435,11.973657608032227,2366400,0.0,0.0,0.0
2013-01-28 00:00:00-05:00,11.981464280357823,11.99864322147845,11.811236916024164,11.889322280883789,1282200,0.0,0.0,0.0
2013-01-29 00:00:00-05:00,11.872148432614098,12.004894761533762,11.842475786875807,11.992400169372559,1516200,0.0,0.0,0.0
2013-01-30 00:00:00-05:00,11.96272599893708,11.97990404904155,11.837788145160042,11.883078575134277,2292600,0.0,0.0,0.0
2013-01-31 00:00:00-05:00,11.847159520278906,11.918998501108675,11.792499484448843,11.88151741027832,2473200,0.0,0.0,0.0
2013-02-01 00:00:00-05:00,12.001769752301199,12.215724658629387,11.998646551308749,12.176681518554688,2679000,0.0,0.0,0.0
2013-02-04 00:00:00-05:00,12.025191582202519,12.08141365171752,11.894007349080498,11.912748336791992,4519200,0.0,0.0,0.0
2013-02-05 00:00:00-05:00,12.054865784621025,12.225093168532137,12.020507898428354,12.175117492675781,2191800,0.0,0.0,0.0
2013-02-06 00:00:00-05:00,12.08297740197203,12.242271351878898,12.034563772638515,12.24070930480957,3013200,0.0,0.0,0.0
2013-02-07 00:00:00-05:00,12.225092789993862,12.29224561962804,11.989273735103811,12.132950782775879,4636200,0.0,0.0,0.0
2013-02-08 00:00:00-05:00,12.15950026254583,12.232900381437751,12.151690921692675,12.225091934204102,8726400,0.0,0.0,0.0
2013-02-11 00:00:00-05:00,12.217283845769305,12.335974400574816,12.182926853143139,12.296931266784668,4456800,0.0,0.0,0.0
2013-02-12 00:00:00-05:00,12.314109208189741,12.493705272570782,12.265695586762448,12.47808837890625,3171000,0.0,0.0,0.0
2013-02-13 00:00:00-05:00,12.520255186634163,12.54992782190589,12.353151915883622,12.431238174438477,3861600,0.0,0.0,0.0
2013-02-14 00:00:00-05:00,12.34222245532059,12.520257404874277,12.320357369687075,12.50307846069336,3559200,0.0,0.0,0.0
2013-02-15 00:00:00-05:00,12.532748880768601,12.532748880768601,12.345343468752034,12.431238174438477,4992600,0.0,0.0,0.0
2013-02-19 00:00:00-05:00,12.464034193366832,12.635821820030236,12.464034193366832,12.62020492553711,4111800,0.0,0.0,0.0
2013-02-20 00:00:00-05:00,12.604589392213176,12.640508432150163,12.264135515056477,12.268820762634277,4520400,0.0,0.0,0.0
2013-02-21 00:00:00-05:00,12.21259901160503,12.225093601226048,12.022070370988724,12.09703254699707,4794600,0.0,0.0,0.0
2013-02-22 00:00:00-05:00,12.246956049263066,12.378140294985313,12.220407505614439,12.373455047607422,4981200,0.0,0.0,0.0
2013-02-25 00:00:00-05:00,12.553050860991327,12.553050860991327,11.761262893676758,11.761262893676758,7500600,0.0,0.0,0.0
2013-02-26 00:00:00-05:00,11.897132730510993,11.947107511658219,11.670684168330286,11.89400863647461,9580200,0.0,0.0,0.0
2013-02-27 00:00:00-05:00,11.876833650981608,12.275070849485411,11.856530608986283,12.234466552734375,6192000,0.0,0.0,0.0
2013-02-28 00:00:00-05:00,12.201667394459193,12.379703233156972,12.150131456831627,12.189173698425293,2438400,0.0,0.0,0.0
2013-03-01 00:00:00-05:00,12.015822301162483,12.304740231286546,11.906503138416074,12.254764556884766,7540800,0.0,0.0,0.0
2013-03-04 00:00:00-05:00,12.182927939882315,12.462474515089674,12.175118597532,12.453104019165039,3449400,0.0,0.0,0.0
2013-03-05 00:00:00-05:00,12.576476943532077,12.788868844903345,12.551489555886107,12.663932800292969,8194800,0.0,0.0,0.0
2013-03-06 00:00:00-05:00,12.802926063537598,12.871641834306331,12.698292147608147,12.802926063537598,6084600,0.0,0.0,0.0
2013-03-07 00:00:00-05:00,12.827914076898788,12.963783578017596,12.827914076898788,12.941920280456543,5341200,0.0,0.0,0.0
2013-03-08 00:00:00-05:00,13.052801242641587,13.102775131538618,12.870080162148009,13.027812957763672,5113200,0.0,0.0,0.0
2013-03-11 00:00:00-04:00,13.010634497047144,13.212095667808368,12.980961859163118,13.194916725158691,3547800,0.0,0.0,0.0
2013-03-12 00:00:00-04:00,13.182424140325255,13.182424140325255,12.990333435192642,13.046555519104004,2575200,0.0,0.0,0.0
2013-03-13 00:00:00-04:00,13.059049898090613,13.157437426315399,12.991895271763962,13.130887985229492,2997000,0.0,0.0,0.0
2013-03-14 00:00:00-04:00,13.199600363349882,13.310481559929356,13.177735282330978,13.296425819396973,4062000,0.0,0.0,0.0
2013-03-15 00:00:00-04:00,13.268317744869425,13.377637808951548,13.183985072942093,13.346403121948242,4165200,0.0,0.0,0.0
2013-03-18 00:00:00-04:00,13.040307487516774,13.233959322075389,12.980962210144135,13.115269660949707,6373800,0.0,0.0,0.0
2013-03-19 00:00:00-04:00,13.205846942098537,13.249575317489155,12.856023513451493,12.999700546264648,7179600,0.0,0.0,0.0
2013-03-20 00:00:00-04:00,13.114350599420632,13.211194140296467,13.092483625694989,13.161210060119629,4104600,0.00233,0.0,0.0
2013-03-21 00:00:00-04:00,13.045620092760815,13.139338984904137,12.892546855614293,12.90504264831543,3763200,0.0,0.0,0.0
2013-03-22 00:00:00-04:00,13.015944439036847,13.081547137182707,12.934722221098111,13.044059753417969,4188600,0.0,0.0,0.0
2013-03-25 00:00:00-04:00,13.161207595636698,13.201819597315021,12.911291710399514,13.019068717956543,3050400,0.0,0.0,0.0
2013-03-26 00:00:00-04:00,13.076863163621482,13.197135987538857,13.037814357984555,13.189325332641602,4590000,0.0,0.0,0.0
2013-03-27 00:00:00-04:00,13.026878797254009,13.142464681499904,12.9534663342913,13.114349365234375,2196000,0.0,0.0,0.0
2013-03-28 00:00:00-04:00,13.104975001007823,13.211190584186955,13.048744378320748,13.179949760437012,2004600,0.0,0.0,0.0
2013-04-01 00:00:00-04:00,13.137778668792441,13.276794718846382,12.98626682414162,13.058117866516113,1893600,0.0,0.0,0.0
2013-04-02 00:00:00-04:00,13.119035372765628,13.231497531362004,13.119035372765628,13.170580863952637,1919400,0.0,0.0,0.0
2013-04-03 00:00:00-04:00,13.197133500301685,13.200257225409944,12.697300838422633,12.767589569091797,3091200,0.0,0.0,0.0
2013-04-04 00:00:00-04:00,12.76758855577489,13.01281927958896,12.76758855577489,12.998761177062988,1867800,0.0,0.0,0.0
2013-04-05 00:00:00-04:00,12.652003690812913,12.964398545749257,12.59577217003952,12.928473472595215,2413800,0.0,0.0,0.0
2013-04-08 00:00:00-04:00,12.908166348729512,13.189322150327593,12.816010653399728,13.184636116027832,2008800,0.0,0.0,0.0
2013-04-09 00:00:00-04:00,13.233060965797266,13.365829585252252,13.140904355170447,13.239309310913086,2673000,0.0,0.0,0.0
2013-04-10 00:00:00-04:00,13.331464533705214,13.568884641762976,13.331464533705214,13.542330741882324,2037600,0.0,0.0,0.0
2013-04-11 00:00:00-04:00,13.525149426845731,13.745387698668749,13.507966703489615,13.636049270629883,2681400,0.0,0.0,0.0
2013-04-12 00:00:00-04:00,13.48922368830051,13.578255669241933,13.386132709023425,13.515777587890625,2876400,0.0,0.0,0.0
2013-04-15 00:00:00-04:00,13.448610066071764,13.532955996404313,12.890984535217285,12.890984535217285,4945800,0.0,0.0,0.0
2013-04-16 00:00:00-04:00,13.25180248398485,13.323653522858544,13.015943813854399,13.300223350524902,2375400,0.0,0.0,0.0
2013-04-17 00:00:00-04:00,13.070611876665634,13.08466997883151,12.650440058660402,12.83319091796875,2974200,0.0,0.0,0.0
2013-04-18 00:00:00-04:00,12.833193628867493,12.88005308554945,12.511427564283546,12.611393928527832,3684600,0.0,0.0,0.0
2013-04-19 00:00:00-04:00,12.716043219198221,12.955025602258024,12.652002836864746,12.94877815246582,2086200,0.0,0.0,0.0
2013-04-22 00:00:00-04:00,12.964398384094238,13.005010385056842,12.73322664120871,12.964398384094238,1352400,0.0,0.0,0.0
2013-04-23 00:00:00-04:00,13.106537150789986,13.386130632812586,13.106537150789986,13.370512008666992,2878200,0.0,0.0,0.0
2013-04-24 00:00:00-04:00,13.372075327773615,13.572008045612499,13.372075327773615,13.537644386291504,946800,0.0,0.0,0.0
2013-04-25 00:00:00-04:00,13.623554513394666,13.804743105068992,13.572009020709825,13.670413970947266,1153200,0.0,0.0,0.0
2013-04-26 00:00:00-04:00,13.651668727555808,13.690717527553538,13.457983461996005,13.545454025268555,861600,0.0,0.0,0.0
2013-04-29 00:00:00-04:00,13.646980571498247,13.711020946853761,13.575128650329534,13.679781913757324,1131600,0.0,0.0,0.0
2013-04-30 00:00:00-04:00,13.650106210890176,13.793808295256232,13.600123926405576,13.784436225891113,1591200,0.0,0.0,0.0
2013-05-01 00:00:00-04:00,13.73913723988937,13.743823273943528,13.472039555189617,13.49078369140625,1772400,0.0,0.0,0.0
2013-05-02 00:00:00-04:00,13.617303123148648,13.767252638765239,13.565758535761454,13.734451293945312,1259400,0.0,0.0,0.0
2013-05-03 00:00:00-04:00,13.943759498132982,14.126510403766929,13.943759498132982,13.989057540893555,2056800,0.0,0.0,0.0
2013-05-06 00:00:00-04:00,14.054655658065638,14.284265947396053,14.054655658065638,14.267084121704102,1396200,0.0,0.0,0.0
2013-05-07 00:00:00-04:00,14.309261604031514,14.966853626123433,14.223353344890237,14.446715354919434,1758600,0.0,0.0,0.0
2013-05-08 00:00:00-04:00,14.39360892231113,14.648211786044357,14.362369877387223,14.624781608581543,1635000,0.0,0.0,0.0
2013-05-09 00:00:00-04:00,14.591977376459258,14.635713103252181,14.382673492940771,14.429532051086426,1288200,0.0,0.0,0.0
2013-05-10 00:00:00-04:00,14.385799060736273,14.5466820972705,14.385799060736273,14.541996955871582,737400,0.0,0.0,0.0
2013-05-13 00:00:00-04:00,14.520124713903124,14.68100860562638,14.44827457526534,14.623215675354004,1328400,0.0,0.0,0.0
2013-05-14 00:00:00-04:00,14.635712903924285,15.080876350402832,14.635712903924285,15.080876350402832,1238400,0.0,0.0,0.0
2013-05-15 00:00:00-04:00,14.994967703020627,15.377651297930948,14.994967703020627,15.321420669555664,2337000,0.0,0.0,0.0
2013-05-16 00:00:00-04:00,15.241758842461527,15.405767372820351,15.082437240491501,15.148041725158691,2349600,0.0,0.0,0.0
2013-05-17 00:00:00-04:00,15.316730124198154,15.53384640166514,15.282368261528262,15.52291202545166,2122800,0.0,0.0,0.0
2013-05-20 00:00:00-04:00,15.586953570495412,15.6806724610627,15.455748196224704,15.549467086791992,1788000,0.0,0.0,0.0
2013-05-21 00:00:00-04:00,15.594768590713366,15.74003300948144,15.541660784381005,15.608827590942383,1235400,0.0,0.0,0.0
2013-05-22 00:00:00-04:00,15.754084748823942,16.01962011315288,15.107428164225647,15.235508918762207,3476400,0.0,0.0,0.0
2013-05-23 00:00:00-04:00,14.801281468942465,15.165222688843931,14.720059256898777,15.021520614624023,2893800,0.0,0.0,0.0
2013-05-24 00:00:00-04:00,14.838767176830242,15.051195645459996,14.751296630923871,15.040261268615723,1255200,0.0,0.0,0.0
2013-05-28 00:00:00-04:00,15.486985163409187,15.576018901956765,15.140227638395322,15.263623237609863,2358600,0.0,0.0,0.0
2013-05-29 00:00:00-04:00,15.151167660360455,15.332356247934232,14.960605215194713,15.215208053588867,2491200,0.0,0.0,0.0
2013-05-30 00:00:00-04:00,15.215205867786011,15.607261506367003,15.204271489705794,15.496360778808594,3152400,0.0,0.0,0.0
2013-05-31 00:00:00-04:00,15.444815878397938,15.530725021833545,15.024645805358887,15.024645805358887,1302000,0.0,0.0,0.0
2013-06-03 00:00:00-04:00,15.141797789444771,15.176159667907969,14.660708252942003,15.06682300567627,2240400,0.0,0.0,0.0
2013-06-04 00:00:00-04:00,15.073066332954474,15.251132087124601,14.73099471709452,14.804408073425293,1982400,0.0,0.0,0.0
2013-06-05 00:00:00-04:00,14.770042271045982,14.840330998017977,14.2639621855701,14.351431846618652,4082400,0.0,0.0,0.0
2013-06-06 00:00:00-04:00,14.292077942500038,14.771605040224953,14.173367453238045,14.76067066192627,2169000,0.0,0.0,0.0
2013-06-07 00:00:00-04:00,14.921557131938155,15.199587477551082,14.787226206844009,15.160538673400879,2626800,0.0,0.0,0.0
2013-06-10 00:00:00-04:00,15.305800620699149,15.319857830422105,15.076189399167694,15.213644027709961,2194200,0.0,0.0,0.0
2013-06-11 00:00:00-04:00,14.960603263556058,15.018396198390214,14.693505558295184,14.712248802185059,2638800,0.0,0.0,0.0
2013-06-12 00:00:00-04:00,14.974659951976628,14.974659951976628,14.370174976113715,14.43577766418457,2347800,0.0,0.0,0.0
2013-06-13 00:00:00-04:00,14.384238118509328,15.016837732339486,14.331131204498108,14.977788925170898,3532200,0.0,0.0,0.0
2013-06-14 00:00:00-04:00,14.93561297872742,15.044950507580852,14.604473091982719,14.660704612731934,2421000,0.0,0.0,0.0
2013-06-17 00:00:00-04:00,14.88562891009715,15.041825890633332,14.759108658722477,14.912182807922363,2429400,0.0,0.0,0.0
2013-06-18 00:00:00-04:00,14.902811009870968,15.183967724996753,14.902811009870968,15.105868339538574,2177400,0.0,0.0,0.0
2013-06-19 00:00:00-04:00,15.110552965139654,15.151165859719855,14.673200175320057,14.69038200378418,3586800,0.0,0.0,0.0
2013-06-20 00:00:00-04:00,14.385798335633353,14.492012148205104,13.935948813576639,14.023419380187988,8060400,0.0,0.0,0.0
2013-06-21 00:00:00-04:00,14.220227459161224,14.25459111726507,13.770377966187503,14.085897445678711,3726000,0.0,0.0,0.0
2013-06-24 00:00:00-04:00,13.711024667877938,13.910957394017267,13.328341045973104,13.617305755615234,3993600,0.0,0.0,0.0
2013-06-25 00:00:00-04:00,13.932826270191686,14.217105859237645,13.790686475668705,14.098395347595215,3649200,0.0,0.0,0.0
2013-06-26 00:00:00-04:00,14.411227328157443,14.469073079766057,14.214241534891308,14.390904426574707,4569000,0.0135,0.0,0.0
2013-06-27 00:00:00-04:00,14.522224990916307,14.82552084754399,14.522224990916307,14.786436080932617,3911400,0.0,0.0,0.0
2013-06-28 00:00:00-04:00,14.689508365593554,14.750480645166418,14.467508544359939,14.601959228515625,1828800,0.0,0.0,0.0
2013-07-01 00:00:00-04:00,14.77392814782495,15.024068491669338,14.742661052130618,14.766111373901367,2137800,0.0,0.0,0.0
2013-07-02 00:00:00-04:00,14.766113512882859,15.038142294434566,14.642606141110958,14.808324813842773,2508600,0.0,0.0,0.0
2013-07-03 00:00:00-04:00,14.589448491995242,14.780181162966,14.520659454530161,14.725461959838867,757200,0.0,0.0,0.0
2013-07-05 00:00:00-04:00,14.939645217146943,15.183531579325583,14.761419570070327,15.177278518676758,3043200,0.0,0.0,0.0
2013-07-08 00:00:00-04:00,15.332054339562946,15.468068716503158,15.274209494375315,15.35863208770752,4003800,0.0,0.0,0.0
2013-07-09 00:00:00-04:00,15.594708308688622,15.6181586400455,15.325806881846981,15.599397659301758,2282400,0.0,0.0,0.0
2013-07-10 00:00:00-04:00,15.539987548438223,15.571254650233243,15.28671972995005,15.427423477172852,2639400,0.0,0.0,0.0
2013-07-11 00:00:00-04:00,15.807325744217529,15.807325744217529,15.539988078629648,15.747917175292969,3362400,0.0,0.0,0.0
2013-07-12 00:00:00-04:00,15.855791540453032,15.949592857492041,15.776058273995346,15.940214157104492,1986000,0.0,0.0,0.0
2013-07-15 00:00:00-04:00,16.1027969851097,16.13250036044397,15.944894256914209,16.074655532836914,2127000,0.0,0.0,0.0
2013-07-16 00:00:00-04:00,16.141884056778753,16.155955681847285,15.824520157283315,15.932393074035645,1270800,0.0,0.0,0.0
2013-07-17 00:00:00-04:00,15.994930409229596,16.154395141207218,15.930832489497183,16.077789306640625,1183200,0.0,0.0,0.0
2013-07-18 00:00:00-04:00,16.17940376523276,16.495205697469803,16.17940376523276,16.48895263671875,1884000,0.0,0.0,0.0
2013-07-19 00:00:00-04:00,16.426422397966707,16.488956598792782,16.31073090597722,16.479576110839844,1113000,0.0,0.0,0.0
2013-07-22 00:00:00-04:00,16.413915622019704,16.700014262406842,16.413915622019704,16.69063377380371,1461000,0.0,0.0,0.0
2013-07-23 00:00:00-04:00,16.74848150435046,16.767242484777313,16.557749641065612,16.60308837890625,966600,0.0,0.0,0.0
2013-07-24 00:00:00-04:00,16.67499891118247,16.67499891118247,16.24350720424267,16.30447769165039,2265000,0.0,0.0,0.0
2013-07-25 00:00:00-04:00,16.26695338710766,16.401404030367264,16.126249683245074,16.384206771850586,1715400,0.0,0.0,0.0
2013-07-26 00:00:00-04:00,16.234124430123515,16.351377828211103,16.073096024543727,16.34355926513672,1638000,0.0,0.0,0.0
2013-07-29 00:00:00-04:00,16.262267647093577,16.277901198361977,16.02932451273295,16.12625503540039,1287600,0.0,0.0,0.0
2013-07-30 00:00:00-04:00,16.25288914387844,16.33731175306329,16.04652197069536,16.127817153930664,1104600,0.0,0.0,0.0
2013-07-31 00:00:00-04:00,16.168466075137978,16.356070476436813,16.030887963592967,16.043394088745117,1996200,0.0,0.0,0.0
2013-08-01 00:00:00-04:00,16.298222983814846,16.578066722106684,16.298222983814846,16.531166076660156,1138800,0.0,0.0,0.0
2013-08-02 00:00:00-04:00,16.470197918548674,16.653112986263345,16.442058239912807,16.532733917236328,1224600,0.0,0.0,0.0
2013-08-05 00:00:00-04:00,16.474886713968964,16.5718172297733,16.415478149868274,16.4686336517334,783600,0.0,0.0,0.0
2013-08-06 00:00:00-04:00,16.459259498068413,16.459259498068413,16.16847141703738,16.21537208557129,820800,0.0,0.0,0.0
2013-08-07 00:00:00-04:00,16.05746639641108,16.05746639641108,15.851099220348715,15.990241050720215,1908000,0.0,0.0,0.0
2013-08-08 00:00:00-04:00,16.16846334590158,16.23099753939701,15.865167497842943,16.05902671813965,980400,0.0,0.0,0.0
2013-08-09 00:00:00-04:00,15.937085084325176,16.140324828536023,15.924578959003563,15.99805736541748,579600,0.0,0.0,0.0
2013-08-12 00:00:00-04:00,15.840155321332936,15.9323946988782,15.772929981950028,15.854225158691406,854400,0.0,0.0,0.0
2013-08-13 00:00:00-04:00,15.927704498159217,16.01994388113558,15.688508303255546,15.926140785217285,1137600,0.0,0.0,0.0
2013-08-14 00:00:00-04:00,16.009000776406207,16.030887389210893,15.822958305558318,15.824522018432617,966600,0.0,0.0,0.0
2013-08-15 00:00:00-04:00,15.61815113745045,15.61815113745045,15.274207742001815,15.349249839782715,1782600,0.0,0.0,0.0
2013-08-16 00:00:00-04:00,15.346129126305579,15.480578029120164,15.192917456596554,15.247634887695312,785400,0.0,0.0,0.0
2013-08-19 00:00:00-04:00,15.147576762093452,15.20385789890146,14.864606470680215,14.867733001708984,1587600,0.0,0.0,0.0
2013-08-20 00:00:00-04:00,14.902130432203485,15.255452660800048,14.852101453126352,15.171030044555664,1136400,0.0,0.0,0.0
2013-08-21 00:00:00-04:00,15.056901686082464,15.324239332753377,14.881803417643129,15.019381523132324,1667400,0.0,0.0,0.0
2013-08-22 00:00:00-04:00,15.135072561920207,15.368015702766806,15.113185947364096,15.324240684509277,656400,0.0,0.0,0.0
2013-08-23 00:00:00-04:00,15.377395449940956,15.399283852586661,15.230438639697953,15.371142387390137,695400,0.0,0.0,0.0
2013-08-26 00:00:00-04:00,15.407097726250132,15.480576126065188,15.186662526804964,15.196043014526367,869400,0.0,0.0,0.0
2013-08-27 00:00:00-04:00,14.850534961060392,14.931830130983968,14.500337561584047,14.520661354064941,2266200,0.0,0.0,0.0
2013-08-28 00:00:00-04:00,14.447184978737006,14.714523532952953,14.3721428600502,14.551931381225586,1104000,0.0,0.0,0.0
2013-08-29 00:00:00-04:00,14.52691495662746,14.795815390487341,14.494084146913737,14.636351585388184,988800,0.0,0.0,0.0
2013-08-30 00:00:00-04:00,14.673876093787936,14.673876093787936,14.381524373741533,14.455002784729004,1525800,0.0,0.0,0.0
2013-09-03 00:00:00-04:00,14.786436943855092,14.913069949052746,14.473761476434124,14.642605781555176,1109400,0.0,0.0,0.0
2013-09-04 00:00:00-04:00,14.666055396594949,14.972477768438301,14.592577005252547,14.848970413208008,620400,0.0,0.0,0.0
2013-09-05 00:00:00-04:00,14.875547669673523,15.044393750054622,14.85053452890934,14.90212631225586,582000,0.0,0.0,0.0
2013-09-06 00:00:00-04:00,15.024072475761589,15.095987172757905,14.625411532507119,14.925580024719238,1056000,0.0,0.0,0.0
2013-09-09 00:00:00-04:00,15.045961918167713,15.26952458972618,14.995932938107263,15.264833450317383,878400,0.0,0.0,0.0
2013-09-10 00:00:00-04:00,15.488394186146358,15.624408569963327,15.485266760625956,15.608773231506348,891000,0.0,0.0,0.0
2013-09-11 00:00:00-04:00,15.58375805532464,15.685377907567075,15.499335463896925,15.674433708190918,667800,0.0,0.0,0.0
2013-09-12 00:00:00-04:00,15.688502856675099,15.70413640237644,15.45243238046668,15.48682689666748,839400,0.0,0.0,0.0
2013-09-13 00:00:00-04:00,15.483701084895348,15.591575781932844,15.464941901586258,15.57750415802002,708000,0.0,0.0,0.0
2013-09-16 00:00:00-04:00,15.890176615333727,15.993358360497197,15.833893711632516,15.874541282653809,792600,0.0,0.0,0.0
2013-09-17 00:00:00-04:00,15.87142338482028,16.038704887003185,15.87142338482028,16.034013748168945,630600,0.0,0.0,0.0
2013-09-18 00:00:00-04:00,15.95740452295211,16.52491047571317,15.893304837051462,16.384206771850586,1297800,0.0,0.0,0.0
2013-09-19 00:00:00-04:00,16.498335844476692,16.524913593484612,16.188786921918247,16.23725128173828,1429800,0.0,0.0,0.0
2013-09-20 00:00:00-04:00,16.260705450562913,16.315424674250522,16.032453433783854,16.052776336669922,1250400,0.0,0.0,0.0
2013-09-23 00:00:00-04:00,15.930827274022544,15.930827274022544,15.654109205864195,15.680686950683594,1282200,0.0,0.0,0.0
2013-09-24 00:00:00-04:00,15.710396146426401,15.768241005787873,15.500903324444588,15.527481079101562,560400,0.0,0.0,0.0
2013-09-25 00:00:00-04:00,15.561594097411305,15.747799788988974,15.427024164723475,15.653913497924805,549000,0.01467,0.0,0.0
2013-09-26 00:00:00-04:00,15.747795585414039,15.843246950817893,15.55532954593707,15.70085334777832,468000,0.0,0.0,0.0
2013-09-27 00:00:00-04:00,15.57723867998189,15.633569728078594,15.489611013403255,15.580367088317871,535200,0.0,0.0,0.0
2013-09-30 00:00:00-04:00,15.258024803079817,15.491174468384605,15.186044558017747,15.367558479309082,1191000,0.0,0.0,0.0
2013-10-01 00:00:00-04:00,15.459881037388412,15.688335425181165,15.4348448174432,15.636699676513672,821400,0.0,0.0,0.0
2013-10-02 00:00:00-04:00,15.46927470643999,15.61166657332797,15.351917276635037,15.581936836242676,768000,0.0,0.0,0.0
2013-10-03 00:00:00-04:00,15.525607468466026,15.547513498674384,15.139110099715067,15.322187423706055,1012800,0.0,0.0,0.0
2013-10-04 00:00:00-04:00,15.361307151665272,15.57254910738421,15.32375191197064,15.569418907165527,1178400,0.0,0.0,0.0
2013-10-07 00:00:00-04:00,15.300272945797335,15.408241518519803,15.203256486765854,15.236116409301758,591600,0.0,0.0,0.0
2013-10-08 00:00:00-04:00,15.239252684781828,15.27211262042109,14.821460539597902,14.833978652954102,1392600,0.0,0.0,0.0
2013-10-09 00:00:00-04:00,14.907519457049887,15.04365357868509,14.733830106973603,14.916908264160156,1138200,0.0,0.0,0.0
2013-10-10 00:00:00-04:00,15.317490426666792,15.75092995749914,15.262722677515901,15.738410949707031,1413000,0.0,0.0,0.0
2013-10-11 00:00:00-04:00,15.702422522179582,15.971562385559082,15.592888815205784,15.971562385559082,801000,0.0,0.0,0.0
2013-10-14 00:00:00-04:00,15.750927377120936,16.13272929588516,15.725891156370302,16.104564666748047,701400,0.0,0.0,0.0
2013-10-15 00:00:00-04:00,16.071712024966903,16.17185695336966,15.83699712518137,15.877680778503418,576600,0.0,0.0,0.0
2013-10-16 00:00:00-04:00,16.062319103959002,16.520794875064382,16.03884618740079,16.50045394897461,931200,0.0,0.0,0.0
2013-10-17 00:00:00-04:00,16.33615177587097,16.865042692172423,16.33615177587097,16.844701766967773,1416000,0.0,0.0,0.0
2013-10-18 00:00:00-04:00,16.907291638475666,16.973011505020086,16.714825547567557,16.937023162841797,958800,0.0,0.0,0.0
2013-10-21 00:00:00-04:00,16.90102935420367,16.958925499793235,16.821227188107557,16.87129783630371,874200,0.0,0.0,0.0
2013-10-22 00:00:00-04:00,16.94484686607205,17.13418456802594,16.899469710929694,16.94797706604004,481200,0.0,0.0,0.0
2013-10-23 00:00:00-04:00,16.810280376945812,16.835316606975788,16.647543986384775,16.71952247619629,478200,0.0,0.0,0.0
2013-10-24 00:00:00-04:00,16.814968582323274,16.836874605164553,16.671009857379826,16.830615997314453,334200,0.0,0.0,0.0
2013-10-25 00:00:00-04:00,16.816537080151047,16.962060934146553,16.789935752997867,16.951107025146484,194400,0.0,0.0,0.0
2013-10-28 00:00:00-04:00,17.0183868591264,17.0183868591264,16.843133321702336,16.9119815826416,311400,0.0,0.0,0.0
2013-10-29 00:00:00-04:00,17.021517762352428,17.021517762352428,16.866606914117966,16.990222930908203,332400,0.0,0.0,0.0
2013-10-30 00:00:00-04:00,16.998048746987315,17.01682636447556,16.717956747505024,16.79932403564453,705600,0.0,0.0,0.0
2013-10-31 00:00:00-04:00,16.76176652460908,16.76176652460908,16.4456844329834,16.4456844329834,440400,0.0,0.0,0.0
2013-11-01 00:00:00-04:00,16.511404505809548,16.591208474953167,16.369010873712767,16.538005828857422,414600,0.0,0.0,0.0
2013-11-04 00:00:00-05:00,16.608420990411677,16.631892114019113,16.456638550725533,16.538005828857422,182400,0.0,0.0,0.0
2013-11-05 00:00:00-05:00,16.44881812020891,16.473854348524917,16.31424816916882,16.386226654052734,259200,0.0,0.0,0.0
2013-11-06 00:00:00-05:00,16.476984009795558,16.586519531574567,16.44412406955483,16.498891830444336,362400,0.0,0.0,0.0
2013-11-07 00:00:00-05:00,16.61467493780404,16.62719215059056,16.117080810276732,16.124902725219727,584400,0.0,0.0,0.0
2013-11-08 00:00:00-05:00,16.13899049344544,16.739859821220204,16.13899049344544,16.72734260559082,562200,0.0,0.0,0.0
2013-11-11 00:00:00-05:00,16.7429961983409,16.818106690792316,16.63659265192257,16.764904022216797,194400,0.0,0.0,0.0
2013-11-12 00:00:00-05:00,16.647544111603093,16.683534252145773,16.39248650896728,16.498891830444336,539400,0.0,0.0,0.0
2013-11-13 00:00:00-05:00,16.34554351460911,16.774289609363176,16.292340856260385,16.769596099853516,384000,0.0,0.0,0.0
2013-11-14 00:00:00-05:00,16.7868038723098,17.05907393496338,16.772721555528424,17.032472610473633,371400,0.0,0.0,0.0
2013-11-15 00:00:00-05:00,17.13418184284066,17.19990170585773,17.034036948579992,17.177995681762695,424800,0.0,0.0,0.0
2013-11-18 00:00:00-05:00,17.25467127724864,17.368900302330104,17.0622051563386,17.137313842773438,1374600,0.0,0.0,0.0
2013-11-19 00:00:00-05:00,17.10914552085602,17.276575376905697,17.05437956556749,17.11540412902832,577800,0.0,0.0,0.0
2013-11-20 00:00:00-05:00,17.157650015682766,17.270313897714654,16.911981330757513,16.999608993530273,595800,0.0,0.0,0.0
2013-11-21 00:00:00-05:00,17.109142961691425,17.501898769783498,17.107577862199467,17.470603942871094,409200,0.0,0.0,0.0
2013-11-22 00:00:00-05:00,17.456521233866177,17.630211476726686,17.425226404451674,17.612998962402344,797400,0.0,0.0,0.0
2013-11-25 00:00:00-05:00,17.713145158130708,17.777299921317894,17.59891794788719,17.64116668701172,599400,0.0,0.0,0.0
2013-11-26 00:00:00-05:00,17.613005145197004,17.75226861756346,17.613005145197004,17.639606475830078,310800,0.0,0.0,0.0
2013-11-27 00:00:00-05:00,17.652119595838144,17.77886581889962,17.62551827138346,17.767911911010742,594000,0.0,0.0,0.0
2013-11-29 00:00:00-05:00,17.838324110247797,17.838324110247797,17.622386932373047,17.622386932373047,186600,0.0,0.0,0.0
2013-12-02 00:00:00-05:00,17.66776901605378,17.85554161760227,17.506599532708993,17.53632926940918,372600,0.0,0.0,0.0
2013-12-03 00:00:00-05:00,17.403324198914135,17.467478971430687,17.102889472887025,17.245283126831055,900000,0.0,0.0,0.0
2013-12-04 00:00:00-05:00,17.142008822779303,17.4596560818143,17.05125271887392,17.298484802246094,540000,0.0,0.0,0.0
2013-12-05 00:00:00-05:00,17.210855402179156,17.25936274897948,17.040295347788145,17.085674285888672,982800,0.0,0.0,0.0
2013-12-06 00:00:00-05:00,17.36889809930289,17.544151678755455,17.300048031120642,17.508161544799805,1124400,0.0,0.0,0.0
2013-12-09 00:00:00-05:00,17.586401690527858,17.674029381943686,17.559800363107616,17.609872817993164,489600,0.0,0.0,0.0
2013-12-10 00:00:00-05:00,17.5738872914677,17.684986139492572,17.48626136779785,17.48626136779785,429000,0.0,0.0,0.0
2013-12-11 00:00:00-05:00,17.53319758403595,17.53319758403595,17.018390759470872,17.05907440185547,741000,0.0,0.0,0.0
2013-12-12 00:00:00-05:00,17.06846548289528,17.19208152635657,16.96832056808122,17.044994354248047,492000,0.0,0.0,0.0
2013-12-13 00:00:00-05:00,17.1842534787118,17.24058453139108,17.04029475232531,17.09193229675293,520800,0.0,0.0,0.0
2013-12-16 00:00:00-05:00,17.268753522465243,17.365770017842458,17.268753522465243,17.284400939941406,413400,0.0,0.0,0.0
2013-12-17 00:00:00-05:00,17.384539977071242,17.384539977071242,17.1060113840957,17.170167922973633,318600,0.0,0.0,0.0
2013-12-18 00:00:00-05:00,17.259364126444915,17.918129691578756,16.91511558148871,17.889965057373047,987600,0.0,0.0,0.0
2013-12-19 00:00:00-05:00,17.7397456056786,17.88683274012121,17.71627448304183,17.78668785095215,646200,0.0,0.0,0.0
2013-12-20 00:00:00-05:00,17.8195446573775,18.08555424876514,17.76164851539542,17.99010467529297,937200,0.0,0.0,0.0
2013-12-23 00:00:00-05:00,18.17162583224641,18.27020565344,18.127811981471776,18.206050872802734,429000,0.0,0.0,0.0
2013-12-24 00:00:00-05:00,18.238165503919696,18.291439118604142,18.173925163304247,18.286739349365234,263400,0.02583,0.0,0.0
2013-12-26 00:00:00-05:00,18.319642886260336,18.394851744994956,18.28203756033271,18.338443756103516,403800,0.0,0.0,0.0
2013-12-27 00:00:00-05:00,18.347841332151333,18.382312276155936,18.28673537970705,18.333740234375,255600,0.0,0.0,0.0
2013-12-30 00:00:00-05:00,18.38074708151503,18.410516467407678,18.267934700834985,18.310239791870117,365400,0.0,0.0,0.0
2013-12-31 00:00:00-05:00,18.357246185187794,18.474760137533494,18.354111810360216,18.451257705688477,340200,0.0,0.0,0.0
2014-01-02 00:00:00-05:00,18.377611570319274,18.39798141749579,18.15041963572783,18.241296768188477,840600,0.0,0.0,0.0
2014-01-03 00:00:00-05:00,18.300840019790584,18.53900050657487,18.300840019790584,18.423053741455078,500400,0.0,0.0,0.0
2014-01-06 00:00:00-05:00,18.61107542537731,18.684717090488277,18.43088654117424,18.457523345947266,420600,0.0,0.0,0.0
2014-01-07 00:00:00-05:00,18.664346999083797,18.68941661622878,18.443422006623898,18.528030395507812,472800,0.0,0.0,0.0
2014-01-08 00:00:00-05:00,18.53586618842889,18.65494552410541,18.473191249491375,18.617341995239258,386400,0.0,0.0,0.0
2014-01-09 00:00:00-05:00,18.73799325091684,18.739558645311487,18.5296003462693,18.728591918945312,309000,0.0,0.0,0.0
2014-01-10 00:00:00-05:00,18.748960050371934,18.76306115182383,18.543703313075724,18.71449089050293,400200,0.0,0.0,0.0
2014-01-13 00:00:00-05:00,18.701950013769046,18.701950013769046,18.10654623176116,18.172353744506836,855000,0.0,0.0,0.0
2014-01-14 00:00:00-05:00,18.350977858593396,18.50296275021304,18.188024449016726,18.462223052978516,349800,0.0,0.0,0.0
2014-01-15 00:00:00-05:00,18.634574419661234,18.86803507724387,18.634574419661234,18.86490249633789,522600,0.0,0.0,0.0
2014-01-16 00:00:00-05:00,18.786565015042395,18.786565015042395,18.56720538741632,18.60481071472168,303600,0.0,0.0,0.0
2014-01-17 00:00:00-05:00,18.71605211962088,18.758357207682256,18.520196757920726,18.567201614379883,561600,0.0,0.0,0.0
2014-01-21 00:00:00-05:00,18.70822089434155,18.836703365734653,18.476327363987743,18.65494728088379,628200,0.0,0.0,0.0
2014-01-22 00:00:00-05:00,18.70978867499317,18.77716339109988,18.645546540699378,18.712923049926758,214200,0.0,0.0,0.0
2014-01-23 00:00:00-05:00,18.55779791991137,18.56563206165637,18.04386997308681,18.206823348999023,813000,0.0,0.0,0.0
2014-01-24 00:00:00-05:00,17.981194119035383,17.981194119035383,17.370122189764206,17.38265609741211,1102800,0.0,0.0,0.0
2014-01-27 00:00:00-05:00,17.418701981370084,17.522113041463104,16.915742402210167,17.089662551879883,864600,0.0,0.0,0.0
2014-01-28 00:00:00-05:00,17.23851707549876,17.559722435349848,17.23694988770144,17.50174903869629,545400,0.0,0.0,0.0
2014-01-29 00:00:00-05:00,17.21814933550119,17.429674864069234,17.04109476663469,17.147640228271484,693600,0.0,0.0,0.0
2014-01-30 00:00:00-05:00,17.478238206587374,17.675660739325913,17.349755765730745,17.5800838470459,504600,0.0,0.0,0.0
2014-01-31 00:00:00-05:00,17.142937202792474,17.486077753704233,16.984685331652415,17.18210792541504,472200,0.0,0.0,0.0
2014-02-03 00:00:00-05:00,17.15546597997846,17.23537458882587,16.30153193065199,16.35637092590332,1888200,0.0,0.0,0.0
2014-02-04 00:00:00-05:00,16.513056186988628,16.799790432549898,16.372039844631303,16.641538619995117,711000,0.0,0.0,0.0
2014-02-05 00:00:00-05:00,16.57730157625839,16.705784048554722,16.37987720208984,16.621173858642578,403800,0.0,0.0,0.0
2014-02-06 00:00:00-05:00,16.654073451881725,17.086523831482022,16.654073451881725,17.078691482543945,1116000,0.0,0.0,0.0
2014-02-07 00:00:00-05:00,17.205609574169515,17.493911100259055,17.114732425957996,17.482942581176758,863400,0.0,0.0,0.0
2014-02-10 00:00:00-05:00,17.540910781657125,17.540910781657125,17.352887790967475,17.536211013793945,438600,0.0,0.0,0.0
2014-02-11 00:00:00-05:00,17.63335567990656,17.938892601718518,17.52367589718844,17.858983993530273,639000,0.0,0.0,0.0
2014-02-12 00:00:00-05:00,17.923227356901382,18.03447255241108,17.77907660718797,17.876220703125,424200,0.0,0.0,0.0
2014-02-13 00:00:00-05:00,17.594187653242717,18.037606619777,17.583219135361656,18.012537002563477,492000,0.0,0.0,0.0
2014-02-14 00:00:00-05:00,18.015670530715255,18.122215950586863,17.93262753966704,18.095579147338867,435000,0.0,0.0,0.0
2014-02-18 00:00:00-05:00,18.095580194323674,18.231896799754974,18.03447244135094,18.188024520874023,399000,0.0,0.0,0.0
2014-02-19 00:00:00-05:00,18.061108375061437,18.3024032075884,17.711700934409535,17.760272979736328,535200,0.0,0.0,0.0
2014-02-20 00:00:00-05:00,17.72423598873689,17.891890963589724,17.580087030690077,17.810413360595703,358800,0.0,0.0,0.0
2014-02-21 00:00:00-05:00,17.89032434079243,17.98433406601888,17.7978800098233,17.844884872436523,303600,0.0,0.0,0.0
2014-02-24 00:00:00-05:00,17.876225126184586,18.3055431069244,17.83078744159882,18.11908721923828,460800,0.0,0.0,0.0
2014-02-25 00:00:00-05:00,18.095584023846463,18.181761412542887,17.9091281439836,17.946733474731445,346800,0.0,0.0,0.0
2014-02-26 00:00:00-05:00,18.020377007152586,18.090886112989516,17.796317566639548,17.951435089111328,404400,0.0,0.0,0.0
2014-02-27 00:00:00-05:00,17.888754669671222,18.111246832184285,17.818245592420567,18.098712921142578,204000,0.0,0.0,0.0
2014-02-28 00:00:00-05:00,18.131620581221384,18.477895500236674,18.097149628757542,18.30710792541504,693600,0.0,0.0,0.0
2014-03-03 00:00:00-05:00,17.846458661026222,18.054849831352737,17.772816965111343,17.989042282104492,920400,0.0,0.0,0.0
2014-03-04 00:00:00-05:00,18.40582019720158,18.728592700246487,18.354113765761504,18.669052124023438,1016400,0.0,0.0,0.0
2014-03-05 00:00:00-05:00,18.676887516319002,18.918182419369064,18.676887516319002,18.880577087402344,457800,0.0,0.0,0.0
2014-03-06 00:00:00-05:00,18.969885170362637,19.167307745486234,18.969885170362637,19.093666076660156,1296600,0.0,0.0,0.0
2014-03-07 00:00:00-05:00,19.30362279392564,19.369430313635775,19.068594913177776,19.22214698791504,505200,0.0,0.0,0.0
2014-03-10 00:00:00-04:00,19.117172023629696,19.251921473254466,19.0090593850202,19.2017822265625,390000,0.0,0.0,0.0
2014-03-11 00:00:00-04:00,19.234681455850456,19.26445263517848,18.94011479589202,19.005922317504883,470400,0.0,0.0,0.0
2014-03-12 00:00:00-04:00,18.83670321419896,18.990255303668558,18.62674493001178,18.985553741455078,573000,0.0,0.0,0.0
2014-03-13 00:00:00-04:00,19.087393934732535,19.134398784671863,18.50452411263638,18.584434509277344,661200,0.0,0.0,0.0
2014-03-14 00:00:00-04:00,18.454385232835218,18.739552297938452,18.35880834421937,18.434017181396484,574200,0.0,0.0,0.0
2014-03-17 00:00:00-04:00,18.745820916442366,18.869601790565007,18.65494200316741,18.778724670410156,594600,0.0,0.0,0.0
2014-03-18 00:00:00-04:00,18.910346206096268,18.980855299262792,18.78656528929706,18.969886779785156,619200,0.0,0.0,0.0
2014-03-19 00:00:00-04:00,18.941679255809742,19.115599381939823,18.62204120106666,18.85236930847168,823800,0.0,0.0,0.0
2014-03-20 00:00:00-04:00,18.747393082257606,19.403902942112463,18.747393082257606,19.344364166259766,883200,0.0,0.0,0.0
2014-03-21 00:00:00-04:00,19.546489509072615,19.76898171789643,19.287957367421456,19.347497940063477,780600,0.0,0.0,0.0
2014-03-24 00:00:00-04:00,19.465011447773744,19.535520538070177,19.08113300601032,19.261320114135742,534600,0.0,0.0,0.0
2014-03-25 00:00:00-04:00,19.4838128423281,19.4838128423281,19.08739871989411,19.26288604736328,345000,0.0,0.0,0.0
2014-03-26 00:00:00-04:00,19.458867261006723,19.458867261006723,18.843765258789062,18.843765258789062,467400,0.02983,0.0,0.0
2014-03-27 00:00:00-04:00,18.766875725284446,18.857887146269338,18.46874068409436,18.646053314208984,967200,0.0,0.0,0.0
2014-03-28 00:00:00-04:00,18.804540025822572,19.0132349599098,18.672731281345115,18.76531219482422,265800,0.0,0.0,0.0
2014-03-31 00:00:00-04:00,18.992832666878478,19.19839042223449,18.986558369707044,19.171714782714844,318000,0.0,0.0,0.0
2014-04-01 00:00:00-04:00,19.269002509985533,19.358442670994474,19.162299950763913,19.349027633666992,357600,0.0,0.0,0.0
2014-04-02 00:00:00-04:00,19.388253173532277,19.435328354619493,19.243894073490267,19.381977081298828,232800,0.0,0.0,0.0
2014-04-03 00:00:00-04:00,19.356876040989317,19.405520706946263,19.184271786601336,19.319217681884766,274200,0.0,0.0,0.0
2014-04-04 00:00:00-04:00,19.493385821178965,19.512215893201375,18.857886154165804,18.875144958496094,379800,0.0,0.0,0.0
2014-04-07 00:00:00-04:00,18.74334663656611,18.82808020376894,18.308696083283845,18.340078353881836,1151400,0.0,0.0,0.0
2014-04-08 00:00:00-04:00,18.351056662596346,18.45462027543839,18.12353168621394,18.40754508972168,627600,0.0,0.0,0.0
2014-04-09 00:00:00-04:00,18.59584395512698,18.71666638551104,18.34007384373982,18.69940757751465,491400,0.0,0.0,0.0
2014-04-10 00:00:00-04:00,18.737065377366623,18.757463129339246,17.8724711313933,17.874040603637695,946200,0.0,0.0,0.0
2014-04-11 00:00:00-04:00,17.546094215685727,17.856783335921133,17.346812505324635,17.45979118347168,777000,0.0,0.0,0.0
2014-04-14 00:00:00-04:00,17.809706948409417,17.90856215288053,17.395454258966584,17.723403930664062,505200,0.0,0.0,0.0
2014-04-15 00:00:00-04:00,17.833239458046105,18.092146654755442,17.553932718028666,18.049779891967773,536400,0.0,0.0,0.0
2014-04-16 00:00:00-04:00,18.20198680273166,18.38243838384351,18.060764841189805,18.380868911743164,423600,0.0,0.0,0.0
2014-04-17 00:00:00-04:00,18.43735815376489,18.484433340186815,18.261616776905534,18.409114837646484,366000,0.0,0.0,0.0
2014-04-21 00:00:00-04:00,18.35733169011715,18.454619204462663,18.343210033089015,18.388715744018555,307200,0.0,0.0,0.0
2014-04-22 00:00:00-04:00,18.35890892977179,18.733932101593037,18.35890892977179,18.649198532104492,337800,0.0,0.0,0.0
2014-04-23 00:00:00-04:00,18.628793691418657,18.702542719568587,18.562890228147033,18.675867080688477,297600,0.0,0.0,0.0
2014-04-24 00:00:00-04:00,18.798262888333735,18.821799585625993,18.52523217168583,18.664886474609375,444600,0.0,0.0,0.0
2014-04-25 00:00:00-04:00,18.481291875128182,18.54719712712986,18.244351890369902,18.264751434326172,324600,0.0,0.0,0.0
2014-04-28 00:00:00-04:00,18.31026296285865,18.34478417392167,17.78617049856471,18.112550735473633,406200,0.0,0.0,0.0
2014-04-29 00:00:00-04:00,18.209837055778365,18.41696251255832,18.209837055778365,18.398134231567383,346200,0.0,0.0,0.0
2014-04-30 00:00:00-04:00,18.352628543878517,18.544062868963334,18.285155598606373,18.515819549560547,396600,0.0,0.0,0.0
2014-05-01 00:00:00-04:00,18.50169741428186,18.63664331445499,18.402842197848546,18.559755325317383,1039800,0.0,0.0,0.0
2014-05-02 00:00:00-04:00,18.66959332161539,18.864166587241243,18.49855675356651,18.572307586669922,414600,0.0,0.0,0.0
2014-05-05 00:00:00-04:00,18.206698152708302,18.471883312621923,18.153348662842895,18.457759857177734,324000,0.0,0.0,0.0
2014-05-06 00:00:00-04:00,18.29928185988461,18.311835846125444,17.982316602929984,17.991731643676758,681600,0.0,0.0,0.0
2014-05-07 00:00:00-04:00,18.0309549595797,18.460898801884213,18.0309549595797,18.457759857177734,494400,0.0,0.0,0.0
2014-05-08 00:00:00-04:00,18.362041786522806,18.716667117289656,18.362041786522806,18.515819549560547,1010400,0.0,0.0,0.0
2014-05-09 00:00:00-04:00,18.490709491846783,18.52366122457939,18.30555128138034,18.503263473510742,258000,0.0,0.0,0.0
2014-05-12 00:00:00-04:00,18.609970902644488,18.897123358511887,18.609970902644488,18.873586654663086,412200,0.0,0.0,0.0
2014-05-13 00:00:00-04:00,18.88456650705938,18.977147427141382,18.77002015493371,18.78571128845215,282600,0.0,0.0,0.0
2014-05-14 00:00:00-04:00,18.674298130778666,18.762170614754584,18.468742170337272,18.479724884033203,218400,0.0,0.0,0.0
2014-05-15 00:00:00-04:00,18.393421593140566,18.39813000910891,17.867759812216832,18.126667022705078,793800,0.0,0.0,0.0
2014-05-16 00:00:00-04:00,18.14079660598501,18.211406707763672,17.9321016542185,18.211406707763672,246600,0.0,0.0,0.0
2014-05-19 00:00:00-04:00,18.14550125958739,18.412255891244325,18.071752220768428,18.398134231567383,207000,0.0,0.0,0.0
2014-05-20 00:00:00-04:00,18.264751007052773,18.362036717221912,18.051347719420058,18.15648078918457,298800,0.0,0.0,0.0
2014-05-21 00:00:00-04:00,18.338506134086952,18.476590977209447,18.31967605625478,18.3934268951416,273600,0.0,0.0,0.0
2014-05-22 00:00:00-04:00,18.40284088474453,18.577014605423223,18.343213505499268,18.515819549560547,220800,0.0,0.0,0.0
2014-05-23 00:00:00-04:00,18.551912772332283,18.67273523568789,18.522098177871673,18.649198532104492,510600,0.0,0.0,0.0
2014-05-27 00:00:00-04:00,18.721376526443787,19.101108047766658,18.721376526443787,18.992835998535156,527400,0.0,0.0,0.0
2014-05-28 00:00:00-04:00,18.950469290435414,18.980283879614014,18.82964684848494,18.89868927001953,233400,0.0,0.0,0.0
2014-05-29 00:00:00-04:00,18.947326209904023,18.975571317799353,18.83591704600713,18.96772575378418,181200,0.0,0.0,0.0
2014-05-30 00:00:00-04:00,18.9237906724452,19.065012629069162,18.9237906724452,19.03363037109375,313200,0.0,0.0,0.0
2014-06-02 00:00:00-04:00,19.038339742111912,19.17485509805683,18.93320844441131,19.14504051208496,226800,0.0,0.0,0.0
2014-06-03 00:00:00-04:00,19.027356311427734,19.18427122434704,19.027356311427734,19.174856185913086,184200,0.0,0.0,0.0
2014-06-04 00:00:00-04:00,19.1246428785528,19.32863117760116,19.11365836831231,19.30980110168457,370800,0.0,0.0,0.0
2014-06-05 00:00:00-04:00,19.34432330451447,19.692672543959794,19.20623846833273,19.680118560791016,642600,0.0,0.0,0.0
2014-06-06 00:00:00-04:00,19.722484401256633,19.95628549167987,19.713069363259972,19.932748794555664,478800,0.0,0.0,0.0
2014-06-09 00:00:00-04:00,19.92804140179413,20.100645636423142,19.92804140179413,20.022188186645508,307200,0.0,0.0,0.0
2014-06-10 00:00:00-04:00,19.91705346850794,19.99864805298158,19.88096279641077,19.989233016967773,192000,0.0,0.0,0.0
2014-06-11 00:00:00-04:00,19.79152571892178,19.851151296703772,19.633041349787714,19.738174438476562,346800,0.0,0.0,0.0
2014-06-12 00:00:00-04:00,19.703655687102597,19.733468479706826,19.451024503225167,19.542034149169922,267000,0.0,0.0,0.0
2014-06-13 00:00:00-04:00,19.540461338144876,19.656577135398454,19.444745087097736,19.532617568969727,204000,0.0,0.0,0.0
2014-06-16 00:00:00-04:00,19.452591802891952,19.482404592166283,19.265864114667533,19.3521671295166,361800,0.0,0.0,0.0
2014-06-17 00:00:00-04:00,19.32078837149932,19.76485391683771,19.32078837149932,19.714641571044922,291000,0.0,0.0,0.0
2014-06-18 00:00:00-04:00,19.69737445183663,19.979818354594723,19.576550249090197,19.956281661987305,366000,0.0,0.0,0.0
2014-06-19 00:00:00-04:00,19.912348247209575,19.940593359782408,19.764850182710408,19.891948699951172,297600,0.0,0.0,0.0
2014-06-20 00:00:00-04:00,19.975116713391028,20.044159132170023,19.91078091601288,19.998653411865234,495000,0.0,0.0,0.0
2014-06-23 00:00:00-04:00,19.987662714672354,20.08494842321601,19.895083626072825,20.066120147705078,319800,0.0,0.0,0.0
2014-06-24 00:00:00-04:00,19.9704069261541,20.175964696009864,19.782111555543764,19.802509307861328,310800,0.0,0.0,0.0
2014-06-25 00:00:00-04:00,19.706675162790724,19.90617805188262,19.615564498928894,19.86533546447754,282000,0.02333,0.0,0.0
2014-06-26 00:00:00-04:00,19.90461381040994,19.90461381040994,19.480475643141776,19.777372360229492,339600,0.0,0.0,0.0
2014-06-27 00:00:00-04:00,19.632847895716296,19.893613815307617,19.632847895716296,19.893613815307617,148800,0.0,0.0,0.0
2014-06-30 00:00:00-04:00,19.86219543256828,19.950165475848134,19.808784920739196,19.903038024902344,142800,0.0,0.0,0.0
2014-07-01 00:00:00-04:00,19.96745243029126,20.34760564961103,19.96745243029126,20.179521560668945,433800,0.0,0.0,0.0
2014-07-02 00:00:00-04:00,20.176375309223562,20.25020623102395,20.110396866578355,20.137102127075195,247200,0.0,0.0,0.0
2014-07-03 00:00:00-04:00,20.31618650095321,20.446568599127655,20.31618650095321,20.393159866333008,275400,0.0,0.0,0.0
2014-07-07 00:00:00-04:00,20.309900499619353,20.349173686569802,20.138675804430505,20.225072860717773,198600,0.0,0.0,0.0
2014-07-08 00:00:00-04:00,20.115116990456432,20.14182225955508,19.84963731262788,19.932893753051758,237600,0.0,0.0,0.0
2014-07-09 00:00:00-04:00,20.013002210489244,20.044419316606383,19.895186264821316,20.00514793395996,149400,0.0,0.0,0.0
2014-07-10 00:00:00-04:00,19.58729742040596,19.906185766369152,19.516607123987093,19.80879020690918,224400,0.0,0.0,0.0
2014-07-11 00:00:00-04:00,19.720824919752975,19.866917395485896,19.59672766263314,19.83392906188965,269400,0.0,0.0,0.0
2014-07-14 00:00:00-04:00,20.011438212793482,20.195230866683968,20.011438212793482,20.082128524780273,180000,0.0,0.0,0.0
2014-07-15 00:00:00-04:00,20.223504141377287,20.435573245951122,20.149671410271893,20.32718276977539,361200,0.0,0.0,0.0
2014-07-16 00:00:00-04:00,20.413576832993552,20.413576832993552,20.173233081570558,20.25177764892578,162600,0.0,0.0,0.0
2014-07-17 00:00:00-04:00,20.04598857359273,20.20778953065896,19.70196626157002,19.74123764038086,214800,0.0,0.0,0.0
2014-07-18 00:00:00-04:00,19.91246827816024,20.203080137971924,19.901471570687736,20.177946090698242,89400,0.0,0.0,0.0
2014-07-21 00:00:00-04:00,20.036566334539284,20.115110902635163,19.93288772038018,20.060129165649414,153000,0.0,0.0,0.0
2014-07-22 00:00:00-04:00,20.22664084178817,20.269054654457403,20.13238952272648,20.198366165161133,159000,0.0,0.0,0.0
2014-07-23 00:00:00-04:00,20.247062837672907,20.342885370642584,20.16380642802802,20.283193588256836,158400,0.0,0.0,0.0
2014-07-24 00:00:00-04:00,20.31303522093341,20.43713420196019,20.31303522093341,20.374300003051758,112800,0.0,0.0,0.0
2014-07-25 00:00:00-04:00,20.23292981558106,20.23292981558106,20.075840656410353,20.09940528869629,174600,0.0,0.0,0.0
2014-07-28 00:00:00-04:00,20.091551963662152,20.151243761613134,19.8826234799172,20.110401153564453,252600,0.0,0.0,0.0
2014-07-29 00:00:00-04:00,20.108828055651937,20.210935465078567,19.888906478881836,19.888906478881836,127800,0.0,0.0,0.0
2014-07-30 00:00:00-04:00,19.99886725493484,20.152813983454298,19.81664584409114,20.02086067199707,221400,0.0,0.0,0.0
2014-07-31 00:00:00-04:00,19.868482728096637,19.868482728096637,19.24798583984375,19.24798583984375,676200,0.0,0.0,0.0
2014-08-01 00:00:00-04:00,19.174153305625556,19.306108399965833,18.834844571806304,18.991931915283203,598800,0.0,0.0,0.0
2014-08-04 00:00:00-04:00,19.10818051186577,19.29354436960664,18.93695579427747,19.24170684814453,276600,0.0,0.0,0.0
2014-08-05 00:00:00-04:00,19.101895177112667,19.178868539087453,18.800286589747042,18.883543014526367,510600,0.0,0.0,0.0
2014-08-06 00:00:00-04:00,18.84898380586715,19.199291079918112,18.84898380586715,19.056339263916016,138600,0.0,0.0,0.0
2014-08-07 00:00:00-04:00,19.213428528897687,19.260554197623517,18.78929031944912,18.885114669799805,190200,0.0,0.0,0.0
2014-08-08 00:00:00-04:00,18.943238101472193,19.22128387698182,18.797145643923365,19.196149826049805,242400,0.0,0.0,0.0
2014-08-11 00:00:00-04:00,19.343814014474535,19.419216176288003,19.255845724556824,19.2904052734375,157800,0.0,0.0,0.0
2014-08-12 00:00:00-04:00,19.32338912554931,19.44591693593204,19.22128171803257,19.30925178527832,76800,0.0,0.0,0.0
2014-08-13 00:00:00-04:00,19.430210548759387,19.61714561421963,19.430210548759387,19.560592651367188,136800,0.0,0.0,0.0
2014-08-14 00:00:00-04:00,19.588868215792253,19.761665931314877,19.588868215792253,19.7569522857666,120600,0.0,0.0,0.0
2014-08-15 00:00:00-04:00,19.846492458800245,19.921894603774753,19.40507449915668,19.603004455566406,253800,0.0,0.0,0.0
2014-08-18 00:00:00-04:00,19.832352450316193,20.02557053317735,19.827638805666894,19.99258041381836,326400,0.0,0.0,0.0
2014-08-19 00:00:00-04:00,20.082123717287,20.16223770714605,20.056989669799805,20.056989669799805,182400,0.0,0.0,0.0
2014-08-20 00:00:00-04:00,20.019289239851926,20.232929558793558,19.961166862924305,20.170093536376953,242400,0.0,0.0,0.0
2014-08-21 00:00:00-04:00,20.22978110504926,20.63663942012956,20.19836400205991,20.54709815979004,590400,0.0,0.0,0.0
2014-08-22 00:00:00-04:00,20.52825048012042,20.62878665523238,20.399437831609987,20.40258026123047,271800,0.0,0.0,0.0
2014-08-25 00:00:00-04:00,20.536105847691616,20.833000744373194,20.536105847691616,20.69947624206543,264000,0.0,0.0,0.0
2014-08-26 00:00:00-04:00,20.69947790502921,20.94296409898621,20.69947790502921,20.81258201599121,144000,0.0,0.0,0.0
2014-08-27 00:00:00-04:00,20.916259037839183,20.916259037839183,20.699476324855024,20.749744415283203,122400,0.0,0.0,0.0
2014-08-28 00:00:00-04:00,20.595805499294254,20.644502388978996,20.485843794799763,20.586380004882812,182400,0.0,0.0,0.0
2014-08-29 00:00:00-04:00,20.649210753632126,20.80629990368162,20.630359767989557,20.759172439575195,288600,0.0,0.0,0.0
2014-09-02 00:00:00-04:00,20.859711239272137,20.993235775088827,20.735612197454515,20.925689697265625,159600,0.0,0.0,0.0
2014-09-03 00:00:00-04:00,21.05606677699594,21.123614636426467,20.836143430118465,20.892696380615234,231000,0.0,0.0,0.0
2014-09-04 00:00:00-04:00,20.936677032015567,21.111044113573463,20.763881165177096,20.869129180908203,126600,0.0,0.0,0.0
2014-09-05 00:00:00-04:00,20.823575266322013,20.9633846282959,20.64292510345675,20.9633846282959,121200,0.0,0.0,0.0
2014-09-08 00:00:00-04:00,20.83771720865193,21.101623819189786,20.83771720865193,20.93825340270996,129600,0.0,0.0,0.0
2014-09-09 00:00:00-04:00,20.916255834607522,20.916255834607522,20.537673999474276,20.573802947998047,109800,0.0,0.0,0.0
2014-09-10 00:00:00-04:00,20.613080042438984,20.80943876671107,20.562811950152383,20.73089599609375,108000,0.0,0.0,0.0
2014-09-11 00:00:00-04:00,20.536105067215363,20.82514567617199,20.536105067215363,20.789016723632812,124200,0.0,0.0,0.0
2014-09-12 00:00:00-04:00,20.763885230979003,20.8911266822404,20.55809920792284,20.663347244262695,181800,0.0,0.0,0.0
2014-09-15 00:00:00-04:00,20.664913900261414,20.729321118060774,20.573803223808202,20.631925582885742,93000,0.0,0.0,0.0
2014-09-16 00:00:00-04:00,20.620932930193927,20.897409240974955,20.57537848187938,20.782733917236328,86400,0.0,0.0,0.0
2014-09-17 00:00:00-04:00,20.86442419032146,21.167602214837665,20.760745557513502,20.930400848388672,310800,0.0,0.0,0.0
2014-09-18 00:00:00-04:00,21.147175398963743,21.385949705990516,21.112615865171524,21.32782554626465,384000,0.0,0.0,0.0
2014-09-19 00:00:00-04:00,21.409516830048112,21.56660418066375,21.09848276123722,21.172313690185547,239400,0.0,0.0,0.0
2014-09-22 00:00:00-04:00,20.997951126368907,21.107912834983395,20.826724600649225,20.839292526245117,178800,0.0,0.0,0.0
2014-09-23 00:00:00-04:00,20.708901585213525,20.913116374445252,20.506258010864258,20.506258010864258,189600,0.0,0.0,0.0
2014-09-24 00:00:00-04:00,20.557391959535863,20.782328809702665,20.469303769178836,20.749296188354492,469800,0.02917,0.0,0.0
2014-09-25 00:00:00-04:00,20.63603688742944,20.63603688742944,20.12009622709661,20.134252548217773,775200,0.0,0.0,0.0
2014-09-26 00:00:00-04:00,20.1767197509082,20.582551019423775,20.162563432285367,20.507047653198242,159000,0.0,0.0,0.0
2014-09-29 00:00:00-04:00,20.41424350525664,20.41424350525664,20.08706221658458,20.357616424560547,298200,0.0,0.0,0.0
2014-09-30 00:00:00-04:00,20.41738655524248,20.494463240456497,20.217617583456974,20.263233184814453,468600,0.0,0.0,0.0
2014-10-01 00:00:00-04:00,20.112224865216987,20.244357086577537,19.747291082634767,19.82594108581543,614400,0.0,0.0,0.0
2014-10-02 00:00:00-04:00,19.76616973388754,20.03200573232874,19.55381596001846,19.898300170898438,504000,0.0,0.0,0.0
2014-10-03 00:00:00-04:00,20.2364938505548,20.48030689934639,20.179864979763195,20.41423988342285,321600,0.0,0.0,0.0
2014-10-06 00:00:00-04:00,20.513343647709483,20.640755932494677,20.275822047683096,20.374919891357422,344400,0.0,0.0,0.0
2014-10-07 00:00:00-04:00,20.175151637285122,20.19088128289005,19.703255068567085,19.70639991760254,490200,0.0,0.0,0.0
2014-10-08 00:00:00-04:00,19.723705501117596,20.40481112699589,19.61674281674638,20.385934829711914,459600,0.0,0.0,0.0
2014-10-09 00:00:00-04:00,20.27424678344651,20.359188298509995,19.618310928344727,19.618310928344727,718200,0.0,0.0,0.0
2014-10-10 00:00:00-04:00,19.583706018097843,19.958078033733482,19.295848846435547,19.295848846435547,508800,0.0,0.0,0.0
2014-10-13 00:00:00-04:00,19.394948131076863,19.564831182759235,19.001701593023526,19.00327491760254,633600,0.0,0.0,0.0
2014-10-14 00:00:00-04:00,19.10551943449011,19.50348594671712,19.066195320684393,19.223493576049805,690600,0.0,0.0,0.0
2014-10-15 00:00:00-04:00,18.798783008225328,18.867994877819967,17.79364297519501,18.583284378051758,2053200,0.0,0.0,0.0
2014-10-16 00:00:00-04:00,17.881729725897337,18.828669284833918,17.85341709067284,18.641483306884766,1003800,0.0,0.0,0.0
2014-10-17 00:00:00-04:00,19.058327285138073,19.19675103570201,18.828672317364134,19.034732818603516,1087800,0.0,0.0,0.0
2014-10-20 00:00:00-04:00,18.990688053803947,19.313149321272913,18.97495661136009,19.30528450012207,596400,0.0,0.0,0.0
2014-10-21 00:00:00-04:00,19.58370956655682,20.039876535435408,19.495623182303344,19.995832443237305,731400,0.0,0.0,0.0
2014-10-22 00:00:00-04:00,20.047736170996163,20.124812862360955,19.693813800539356,19.69696044921875,546000,0.0,0.0,0.0
2014-10-23 00:00:00-04:00,20.083918991652226,20.277396516471626,19.994257489812753,20.02571678161621,673200,0.0,0.0,0.0
2014-10-24 00:00:00-04:00,20.033579181374066,20.351322281946867,20.017847738646143,20.33873748779297,284400,0.0,0.0,0.0
2014-10-27 00:00:00-04:00,20.249078133080904,20.434690798827276,20.173574767360797,20.409523010253906,271200,0.0,0.0,0.0
2014-10-28 00:00:00-04:00,20.529075431353128,20.88614273071289,20.474019867925843,20.88614273071289,267000,0.0,0.0,0.0
2014-10-29 00:00:00-04:00,20.889285975983498,21.00883343123413,20.61086695525862,20.93018341064453,333000,0.0,0.0,0.0
2014-10-30 00:00:00-04:00,20.890861508884154,21.409947019280114,20.890861508884154,21.2903995513916,457800,0.0,0.0,0.0
2014-10-31 00:00:00-04:00,21.666342238147717,21.87082940770766,21.60814183602577,21.834651947021484,486000,0.0,0.0,0.0
2014-11-03 00:00:00-05:00,21.796901063028628,22.0831849228993,21.796901063028628,21.957345962524414,497400,0.0,0.0,0.0
2014-11-04 00:00:00-05:00,21.883412499723356,21.99037514933343,21.675778697505628,21.98723030090332,233400,0.0,0.0,0.0
2014-11-05 00:00:00-05:00,22.312839008732723,22.3159856574159,22.075317437136093,22.295536041259766,339600,0.0,0.0,0.0
2014-11-06 00:00:00-05:00,22.334864248563484,22.352165417675298,22.119363795136938,22.32542610168457,141000,0.0,0.0,0.0
2014-11-07 00:00:00-05:00,22.306548336210444,22.455981751625444,22.179136061965053,22.383625030517578,239400,0.0,0.0,0.0
2014-11-10 00:00:00-05:00,22.34115202115415,22.559797286987305,22.34115202115415,22.559797286987305,141600,0.0,0.0,0.0
2014-11-11 00:00:00-05:00,22.577101332571647,22.58181950537868,22.437104270685758,22.471710205078125,125400,0.0,0.0,0.0
2014-11-12 00:00:00-05:00,22.281380460202534,22.430813875040503,22.218461885593843,22.41036605834961,202200,0.0,0.0,0.0
2014-11-13 00:00:00-05:00,22.441826389522518,22.493733495932187,22.202731474546546,22.37733268737793,835200,0.0,0.0,0.0
2014-11-14 00:00:00-05:00,22.32699365947009,22.410361835201588,22.147672515371525,22.21531105041504,259800,0.0,0.0,0.0
2014-11-17 00:00:00-05:00,22.128800349675036,22.243627828177914,22.05172365582889,22.190147399902344,214800,0.0,0.0,0.0
2014-11-18 00:00:00-05:00,22.089482061491232,22.446549386072178,22.089482061491232,22.301834106445312,265200,0.0,0.0,0.0
2014-11-19 00:00:00-05:00,22.267226380117567,22.275093003513,22.06116585072355,22.205881118774414,198600,0.0,0.0,0.0
2014-11-20 00:00:00-05:00,22.00925230047858,22.27508831081827,21.944760403363766,22.268795013427734,223800,0.0,0.0,0.0
2014-11-21 00:00:00-05:00,22.651039639331877,22.701375234971028,22.39778833624562,22.448123931884766,178200,0.0,0.0,0.0
2014-11-24 00:00:00-05:00,22.696647710332456,22.794174019530804,22.58654020662376,22.7517032623291,164400,0.0,0.0,0.0
2014-11-25 00:00:00-05:00,22.808335613569472,22.808335613569472,22.633732585060223,22.762718200683594,362400,0.0,0.0,0.0
2014-11-26 00:00:00-05:00,22.86181100672498,22.86181100672498,22.713950928859614,22.83664321899414,133200,0.0,0.0,0.0
2014-11-28 00:00:00-05:00,22.83664339636643,23.078883130139463,22.81619378111409,22.879114151000977,199200,0.0,0.0,0.0
2014-12-01 00:00:00-05:00,22.65103344852631,22.696649057026605,22.482723734100084,22.50002670288086,275400,0.0,0.0,0.0
2014-12-02 00:00:00-05:00,22.51418056053036,22.92473179298846,22.51418056053036,22.880687713623047,126000,0.0,0.0,0.0
2014-12-03 00:00:00-05:00,22.883831247249624,23.14809208718647,22.875964626878208,23.105621337890625,150600,0.0,0.0,0.0
2014-12-04 00:00:00-05:00,23.033268501579904,23.212587873052577,22.91529437817523,23.160680770874023,123000,0.0,0.0,0.0
2014-12-05 00:00:00-05:00,23.30539804518204,23.673476794770885,23.30539804518204,23.560222625732422,730200,0.0,0.0,0.0
2014-12-08 00:00:00-05:00,23.461119056528467,23.977059590059515,23.461119056528467,23.711223602294922,408000,0.0,0.0,0.0
2014-12-09 00:00:00-05:00,23.206295485944967,23.65931567041274,23.06315357903828,23.63572120666504,304200,0.0,0.0,0.0
2014-12-10 00:00:00-05:00,23.538199637176877,23.613703010666406,22.99237305381658,23.037988662719727,242400,0.0,0.0,0.0
2014-12-11 00:00:00-05:00,23.245625768671786,23.547641105372836,23.06630635642942,23.171695709228516,621600,0.0,0.0,0.0
2014-12-12 00:00:00-05:00,22.846080816982287,23.05056796230666,22.28295135498047,22.28295135498047,392400,0.0,0.0,0.0
2014-12-15 00:00:00-05:00,22.498450853307318,22.58811053592685,21.70723795185977,21.877120971679688,448800,0.0,0.0,0.0
2014-12-16 00:00:00-05:00,21.628593235328907,22.268797711425538,21.512190621350662,21.545223236083984,538200,0.0,0.0,0.0
2014-12-17 00:00:00-05:00,21.571965906207048,22.495309460976877,21.571965906207048,22.492164611816406,318600,0.0,0.0,0.0
2014-12-18 00:00:00-05:00,23.121358259601784,23.42966507014102,22.920015918094947,23.406068801879883,378000,0.0,0.0,0.0
2014-12-19 00:00:00-05:00,23.44224801554624,23.646737005748843,23.291241259743785,23.473709106445312,202800,0.0,0.0,0.0
2014-12-22 00:00:00-05:00,23.538814877363542,23.75797851155187,23.482053553136122,23.748517990112305,239400,0.05883,0.0,0.0
2014-12-23 00:00:00-05:00,23.90146322802427,24.17108181252754,23.90146322802427,23.9739933013916,272400,0.0,0.0,0.0
2014-12-24 00:00:00-05:00,24.038639518823388,24.14112641677116,23.92196273803711,23.92196273803711,94800,0.0,0.0,0.0
2014-12-26 00:00:00-05:00,24.123782496681137,24.150587012219688,23.942459106445312,23.942459106445312,109200,0.0,0.0,0.0
2014-12-29 00:00:00-05:00,23.947195054335797,24.34925745450401,23.947195054335797,24.14586067199707,336600,0.0,0.0,0.0
2014-12-30 00:00:00-05:00,24.005529424708985,24.17108407828765,23.966110275258526,24.074905395507812,290400,0.0,0.0,0.0
2014-12-31 00:00:00-05:00,24.27199584533208,24.27199584533208,23.508863771724812,23.510440826416016,447000,0.0,0.0,0.0
2015-01-02 00:00:00-05:00,23.748528011828828,23.813174634877953,23.240826379332027,23.60189437866211,555000,0.0,0.0,0.0
2015-01-05 00:00:00-05:00,23.319656479942072,23.329117003506134,22.618016921232446,22.725234985351562,433200,0.0,0.0,0.0
2015-01-06 00:00:00-05:00,22.758348191832635,22.827722364223703,21.916381358934593,22.092971801757812,609600,0.0,0.0,0.0
2015-01-07 00:00:00-05:00,22.580173096663483,22.635357370336475,22.201759430979763,22.588056564331055,597000,0.0,0.0,0.0
2015-01-08 00:00:00-05:00,22.980665789990965,23.288124713826626,22.980665789990965,23.22190284729004,281400,0.0,0.0,0.0
2015-01-09 00:00:00-05:00,23.311772988446275,23.311772988446275,22.613287539738444,22.655858993530273,457800,0.0,0.0,0.0
2015-01-12 00:00:00-05:00,22.676358428707136,22.681089593344435,22.18442376665439,22.315290451049805,504000,0.0,0.0,0.0
2015-01-13 00:00:00-05:00,22.496611530738974,22.87975282363986,21.90376526657389,22.223838806152344,643200,0.0,0.0,0.0
2015-01-14 00:00:00-05:00,21.731906495557062,21.771323848828736,21.128022538734694,21.640457153320312,474000,0.0,0.0,0.0
2015-01-15 00:00:00-05:00,21.64045391562344,21.64045391562344,21.1264441273382,21.206857681274414,363600,0.0,0.0,0.0
2015-01-16 00:00:00-05:00,21.01449799961407,21.70983123779297,20.995576949935998,21.70983123779297,451800,0.0,0.0,0.0
2015-01-20 00:00:00-05:00,21.90692009528476,21.94633744240549,21.344030634584122,21.484357833862305,286800,0.0,0.0,0.0
2015-01-21 00:00:00-05:00,21.443361385594823,21.768164237244733,21.233656445104007,21.563190460205078,193800,0.0,0.0,0.0
2015-01-22 00:00:00-05:00,21.78078361744469,22.632211049394538,21.567926308354554,22.59910011291504,447000,0.0,0.0,0.0
2015-01-23 00:00:00-05:00,22.540759288522228,22.652704907815988,22.160768508911133,22.160768508911133,331200,0.0,0.0,0.0
2015-01-26 00:00:00-05:00,22.1181949146176,22.414618008122527,21.957369638401207,22.397274017333984,247800,0.0,0.0,0.0
2015-01-27 00:00:00-05:00,22.001518647039582,22.223836423367736,21.80127602553578,21.96367835998535,215400,0.0,0.0,0.0
2015-01-28 00:00:00-05:00,22.148158765766883,22.178115590886403,21.178477520428654,21.184783935546875,385800,0.0,0.0,0.0
2015-01-29 00:00:00-05:00,21.266769864404925,21.602610332396235,21.00503472614323,21.526927947998047,370800,0.0,0.0,0.0
2015-01-30 00:00:00-05:00,21.175325060538494,21.46071066649334,20.915166921432757,20.9356632232666,357600,0.0,0.0,0.0
2015-02-02 00:00:00-05:00,21.115404782035252,21.525350573668295,20.655002263809013,21.495393753051758,512400,0.0,0.0,0.0
2015-02-03 00:00:00-05:00,21.690909154747224,22.223839999219663,21.690909154747224,22.2001895904541,172800,0.0,0.0,0.0
2015-02-04 00:00:00-05:00,22.129233374855712,22.436694057789147,22.07720140041372,22.13396453857422,292200,0.0,0.0,0.0
2015-02-05 00:00:00-05:00,22.256945612921136,22.67477481448235,22.256945612921136,22.647972106933594,161400,0.0,0.0,0.0
2015-02-06 00:00:00-05:00,22.862412576143214,23.209288857689057,22.67162863644136,22.769384384155273,417000,0.0,0.0,0.0
2015-02-09 00:00:00-05:00,22.652709172992086,22.731545681268535,22.46034996938468,22.539186477661133,402000,0.0,0.0,0.0
2015-02-10 00:00:00-05:00,22.659019681260936,22.892373315328044,22.52342000721351,22.829303741455078,202200,0.0,0.0,0.0
2015-02-11 00:00:00-05:00,22.83245785169254,22.9444035033699,22.58491252596775,22.829303741455078,144000,0.0,0.0,0.0
2015-02-12 00:00:00-05:00,23.010621055593578,23.414260446703608,22.93493866976045,23.352767944335938,146400,0.0,0.0,0.0
2015-02-13 00:00:00-05:00,23.437911651749474,23.467870278809038,23.17933060912041,23.33700180053711,252000,0.0,0.0,0.0
2015-02-17 00:00:00-05:00,23.26132220258483,23.565628847479083,23.240825901579445,23.450529098510742,176400,0.0,0.0,0.0
2015-02-18 00:00:00-05:00,23.404795016414617,23.404795016414617,23.130447101936866,23.22820281982422,93600,0.0,0.0,0.0
2015-02-19 00:00:00-05:00,23.168293362802807,23.1919437711932,22.977511236494387,23.021657943725586,580800,0.0,0.0,0.0
2015-02-20 00:00:00-05:00,22.91917129359742,23.439487460705337,22.734695594430256,23.409530639648438,283200,0.0,0.0,0.0
2015-02-23 00:00:00-05:00,23.35592556352863,23.365386088730745,23.105226156699242,23.29128074645996,84600,0.0,0.0,0.0
2015-02-24 00:00:00-05:00,23.335424737820926,23.570355354152884,23.33227062856158,23.42687225341797,214200,0.0,0.0,0.0
2015-02-25 00:00:00-05:00,23.396914991967503,23.606618143501922,23.38745446877817,23.453678131103516,127200,0.0,0.0,0.0
2015-02-26 00:00:00-05:00,23.400069125824928,23.486789084809967,23.19824944266724,23.305465698242188,142200,0.0,0.0,0.0
2015-02-27 00:00:00-05:00,23.234512775516894,23.324386844088327,23.14621756596409,23.14779281616211,151200,0.0,0.0,0.0
2015-03-02 00:00:00-05:00,23.158831537729572,23.530937049617435,23.141487545002068,23.519901275634766,182400,0.0,0.0,0.0
2015-03-03 00:00:00-05:00,23.444222122166707,23.444222122166707,23.191945665498572,23.407957077026367,96000,0.0,0.0,0.0
2015-03-04 00:00:00-05:00,23.20613395903231,23.27708517961512,22.938092405787593,23.083148956298828,202800,0.0,0.0,0.0
2015-03-05 00:00:00-05:00,23.154104487068523,23.31335274245874,23.079999149120294,23.264474868774414,96000,0.0,0.0,0.0
2015-03-06 00:00:00-05:00,23.28339278330243,23.546703165573685,22.786725230289743,22.84191131591797,262800,0.0,0.0,0.0
2015-03-09 00:00:00-04:00,22.875025848428628,23.127300496836664,22.870294683790007,23.06896209716797,156000,0.0,0.0,0.0
2015-03-10 00:00:00-04:00,22.80722396058065,22.80722396058065,22.20491718800676,22.211223602294922,292800,0.0,0.0,0.0
2015-03-11 00:00:00-04:00,22.31213272268233,22.526567041197257,22.27744473861034,22.435117721557617,126000,0.0,0.0,0.0
2015-03-12 00:00:00-04:00,22.625903717059238,23.38587991413429,22.625903717059238,23.37799644470215,612600,0.0,0.0,0.0
2015-03-13 00:00:00-04:00,23.269198515544705,23.28654250574328,22.77410987647742,23.05634307861328,318000,0.0,0.0,0.0
2015-03-16 00:00:00-04:00,23.1288738346594,23.58454518344216,23.1288738346594,23.53566551208496,246600,0.0,0.0,0.0
2015-03-17 00:00:00-04:00,23.327539564362834,23.541973884656425,23.193518790833217,23.456830978393555,174600,0.0,0.0,0.0
2015-03-18 00:00:00-04:00,23.355927922092032,23.824212238216365,23.184065004984515,23.740646362304688,258600,0.0,0.0,0.0
2015-03-19 00:00:00-04:00,23.675994886250827,23.675994886250827,23.25343446013888,23.39849281311035,158400,0.0,0.0,0.0
2015-03-20 00:00:00-04:00,23.62396180961723,24.068597371335063,23.540395961075433,24.007104873657227,581400,0.0,0.0,0.0
2015-03-23 00:00:00-04:00,24.035485016856025,24.158468200505077,23.81159019470215,23.81159019470215,130800,0.0,0.0,0.0
2015-03-24 00:00:00-04:00,23.704380409172263,23.75641239488876,23.45052870024802,23.458412170410156,159600,0.0,0.0,0.0
2015-03-25 00:00:00-04:00,23.3891248246761,23.477511564864617,22.74359130859375,22.74359130859375,245400,0.02517,0.0,0.0
2015-03-26 00:00:00-04:00,22.58260751959953,22.865127612144317,22.350595436924962,22.682043075561523,328200,0.0,0.0,0.0
2015-03-27 00:00:00-04:00,22.63152566746227,22.689923328263557,22.491055911412193,22.63310432434082,195600,0.0,0.0,0.0
2015-03-30 00:00:00-04:00,22.99769963928765,23.31967705067979,22.93772331314646,23.224977493286133,148200,0.0,0.0,0.0
2015-03-31 00:00:00-04:00,22.948776175177205,23.138173517298764,22.87143821969861,22.91878890991211,227400,0.0,0.0,0.0
2015-04-01 00:00:00-04:00,22.885637935217957,22.999275947489522,22.577864856682172,22.88248062133789,116400,0.0,0.0,0.0
2015-04-02 00:00:00-04:00,22.882484521531975,23.179208858306197,22.882484521531975,23.1350154876709,94800,0.0,0.0,0.0
2015-04-06 00:00:00-04:00,22.844603574749488,23.307052591773303,22.82250779293948,23.198148727416992,102000,0.0,0.0,0.0
2015-04-07 00:00:00-04:00,23.19815164800501,23.27864511195902,22.986654908903876,22.98823356628418,160800,0.0,0.0,0.0
2015-04-08 00:00:00-04:00,23.021374101475487,23.280217872798264,23.021374101475487,23.15079689025879,119400,0.0,0.0,0.0
2015-04-09 00:00:00-04:00,23.060838936246764,23.17289833050999,22.88248857117673,23.12081527709961,174000,0.0,0.0,0.0
2015-04-10 00:00:00-04:00,23.188683099150648,23.22498319016464,23.075043241154663,23.12081527709961,94800,0.0,0.0,0.0
2015-04-13 00:00:00-04:00,23.032422846100946,23.379653352013367,23.032422846100946,23.229713439941406,360000,0.0,0.0,0.0
2015-04-14 00:00:00-04:00,23.247074555058894,23.32599115827647,23.016641180403116,23.223400115966797,138600,0.0,0.0,0.0
2015-04-15 00:00:00-04:00,23.29284697509737,23.548535256589215,23.261281055775594,23.38754653930664,269400,0.0,0.0,0.0
2015-04-16 00:00:00-04:00,23.39070327513391,23.572209112988247,23.158689438872585,23.420690536499023,240000,0.0,0.0,0.0
2015-04-17 00:00:00-04:00,23.183945414616836,23.183945414616836,22.68835176199588,22.814619064331055,416400,0.0,0.0,0.0
2015-04-20 00:00:00-04:00,23.041894085399186,23.158689428945745,22.9803390992756,23.01506233215332,198600,0.0,0.0,0.0
2015-04-21 00:00:00-04:00,23.17132339447909,23.21393812229124,22.836720202950037,22.8682861328125,134400,0.0,0.0,0.0
2015-04-22 00:00:00-04:00,22.915622856064704,23.288106381221503,22.84617640773172,23.242334365844727,345000,0.0,0.0,0.0
2015-04-23 00:00:00-04:00,23.114499164918588,23.398596082324314,23.114499164918588,23.275487899780273,109800,0.0,0.0,0.0
2015-04-24 00:00:00-04:00,23.269172372382886,23.269172372382886,23.109762313433382,23.17447280883789,124800,0.0,0.0,0.0
2015-04-27 00:00:00-04:00,23.146066134755007,23.43805452327585,22.96929263806293,22.991390228271484,224400,0.0,0.0,0.0
2015-04-28 00:00:00-04:00,22.97717941929674,23.247071968655785,22.760950370904464,23.231290817260742,128400,0.0,0.0,0.0
2015-04-29 00:00:00-04:00,23.052939919329543,23.397014916535348,23.052939919329543,23.194990158081055,117600,0.0,0.0,0.0
2015-04-30 00:00:00-04:00,23.122387877118374,23.12712204209936,22.620481495676074,22.803565979003906,189600,0.0,0.0,0.0
2015-05-01 00:00:00-04:00,23.00559251662089,23.15868975235833,22.99138821433397,23.105026245117188,127800,0.0,0.0,0.0
2015-05-04 00:00:00-04:00,23.20603742205481,23.526436179127682,23.20603742205481,23.477510452270508,283200,0.0,0.0,0.0
2015-05-05 00:00:00-04:00,23.357561250877733,23.55169456110093,23.057679573249494,23.086088180541992,145800,0.0,0.0,0.0
2015-05-06 00:00:00-04:00,23.236025927380858,23.29126628136391,22.652047439769625,22.9124698638916,301800,0.0,0.0,0.0
2015-05-07 00:00:00-04:00,22.817770513159495,23.343351337360456,22.751481365286185,23.234447479248047,240000,0.0,0.0,0.0
2015-05-08 00:00:00-04:00,23.433319153823657,23.906815180477047,23.367028192847222,23.868934631347656,571200,0.0,0.0,0.0
2015-05-11 00:00:00-04:00,23.832631078065624,23.993617969709923,23.701629638671875,23.701629638671875,204000,0.0,0.0,0.0
2015-05-12 00:00:00-04:00,23.507504549573714,23.67322746996877,23.19657583851404,23.554853439331055,163800,0.0,0.0,0.0
2015-05-13 00:00:00-04:00,23.540643113606034,23.72372760800747,23.515390017611217,23.573787689208984,88800,0.0,0.0,0.0
2015-05-14 00:00:00-04:00,23.783705239322995,24.03781487035822,23.737935016337918,24.017297744750977,843000,0.0,0.0,0.0
2015-05-15 00:00:00-04:00,23.98257205183485,24.0930545673188,23.73793258317264,23.862619400024414,164400,0.0,0.0,0.0
2015-05-18 00:00:00-04:00,23.862623302568725,24.15303303701874,23.80895979002365,24.11041831970215,211200,0.0,0.0,0.0
2015-05-19 00:00:00-04:00,24.22720695477798,24.49867995064769,24.20195566910855,24.39451026916504,289800,0.0,0.0,0.0
2015-05-20 00:00:00-04:00,24.362944838160214,24.40713639520021,24.173545741940966,24.21773910522461,403500,0.0,2.0,0.0
2015-05-21 00:00:00-04:00,24.160920191865046,24.2177410089436,24.04412485605432,24.104101181030273,180600,0.0,0.0,0.0
2015-05-22 00:00:00-04:00,24.015720261122002,24.205117597589457,24.015720261122002,24.059913635253906,222600,0.0,0.0,0.0
2015-05-26 00:00:00-04:00,23.949424856379753,23.949424856379753,23.53590344244246,23.643230438232422,187200,0.0,0.0,0.0
2015-05-27 00:00:00-04:00,23.728461038444607,24.113570259563332,23.700050631151438,24.056751251220703,239700,0.0,0.0,0.0
2015-05-28 00:00:00-04:00,23.933645040577606,24.044127566805624,23.77265631985929,24.022031784057617,127500,0.0,0.0,0.0
2015-05-29 00:00:00-04:00,23.965213720199678,24.018875425077887,23.539066558332355,23.599042892456055,148500,0.0,0.0,0.0
2015-06-01 00:00:00-04:00,23.83263186020964,23.95258270436709,23.532750234206535,23.69373893737793,133500,0.0,0.0,0.0
2015-06-02 00:00:00-04:00,23.589568599130267,23.886292902853015,23.48539890985972,23.766340255737305,138900,0.0,0.0,0.0
2015-06-03 00:00:00-04:00,23.86735463916671,24.201959514866857,23.826318584067725,24.01887321472168,119400,0.0,0.0,0.0
2015-06-04 00:00:00-04:00,23.908389520991477,24.015714713740163,23.589567644196794,23.67479705810547,172800,0.0,0.0,0.0
2015-06-05 00:00:00-04:00,23.908387925058335,24.100942518862286,23.712676017526423,23.838939666748047,175500,0.0,0.0,0.0
2015-06-08 00:00:00-04:00,23.82000076045979,23.949423527247845,23.595880258515304,23.605348587036133,112200,0.0,0.0,0.0
2015-06-09 00:00:00-04:00,23.605354254277575,23.83578943888418,23.45383567415804,23.68427085876465,170700,0.0,0.0,0.0
2015-06-10 00:00:00-04:00,23.939961417387536,24.45765085183068,23.895768042421047,24.362951278686523,300900,0.0,0.0,0.0
2015-06-11 00:00:00-04:00,24.476586890703956,24.64388842977231,24.394514778376827,24.53972053527832,228600,0.0,0.0,0.0
2015-06-12 00:00:00-04:00,24.356637802286677,24.47343316532117,24.242999754129308,24.366107940673828,211800,0.0,0.0,0.0
2015-06-15 00:00:00-04:00,24.129357534141953,24.306131025045996,23.87366924148864,24.176708221435547,207300,0.0,0.0,0.0
2015-06-16 00:00:00-04:00,24.069385794647243,24.482903738686232,24.069385794647243,24.451337814331055,157800,0.0,0.0,0.0
2015-06-17 00:00:00-04:00,24.542881645737605,24.62179645585638,24.280878696161757,24.391361236572266,411900,0.0,0.0,0.0
2015-06-18 00:00:00-04:00,24.546035030891602,24.937457151453355,24.42923967702453,24.811193466186523,266700,0.0,0.0,0.0
2015-06-19 00:00:00-04:00,24.725966018173008,24.725966018173008,24.394518399012977,24.40083122253418,199200,0.0,0.0,0.0
2015-06-22 00:00:00-04:00,24.760689892770348,24.93745979336883,24.69124341352106,24.729122161865234,277500,0.0,0.0,0.0
2015-06-23 00:00:00-04:00,24.81750162270577,24.92798413278402,24.760682613770697,24.858537673950195,98700,0.0,0.0,0.0
2015-06-24 00:00:00-04:00,24.745718695388984,24.80260489785578,24.45180453953413,24.464445114135742,211200,0.031,0.0,0.0
2015-06-25 00:00:00-04:00,24.61297834357579,24.61297834357579,24.126281930778514,24.145244598388672,432300,0.0,0.0,0.0
2015-06-26 00:00:00-04:00,24.236894612946706,24.39175338147537,24.151564418727197,24.30642318725586,159300,0.0,0.0,0.0
2015-06-29 00:00:00-04:00,23.76283664666237,24.066232061787236,23.146564483642578,23.146564483642578,587400,0.0,0.0,0.0
2015-06-30 00:00:00-04:00,23.377272600827133,23.753355830868625,23.20977146274949,23.34250831604004,173400,0.0,0.0,0.0
2015-07-01 00:00:00-04:00,23.59533932184487,24.0441121968745,23.59533932184487,23.9398193359375,128700,0.0,0.0,0.0
2015-07-02 00:00:00-04:00,23.94930152530847,24.082036583331785,23.658546646574074,23.816566467285156,153600,0.0,0.0,0.0
2015-07-06 00:00:00-04:00,23.333025905309434,23.74071416256763,23.298261622128102,23.724910736083984,153600,0.0,0.0,0.0
2015-07-07 00:00:00-04:00,23.658545222581218,23.807083700438834,22.998027402892575,23.803922653198242,204000,0.0,0.0,0.0
2015-07-08 00:00:00-04:00,23.566900909282122,23.566900909282122,22.979072555330696,23.058080673217773,279600,0.0,0.0,0.0
2015-07-09 00:00:00-04:00,23.269821643289784,23.68699130513308,23.269821643289784,23.32670783996582,137400,0.0,0.0,0.0
2015-07-10 00:00:00-04:00,23.560580299335953,23.99671089092422,23.560580299335953,23.892419815063477,324600,0.0,0.0,0.0
2015-07-13 00:00:00-04:00,24.129439967299877,24.473919946795764,24.129439967299877,24.379108428955078,220200,0.0,0.0,0.0
2015-07-14 00:00:00-04:00,24.25269775451718,24.606659126179917,24.192650510062656,24.556093215942383,191100,0.0,0.0,0.0
2015-07-15 00:00:00-04:00,24.650907119845314,24.916379078306516,24.619303875003194,24.82156753540039,155100,0.0,0.0,0.0
2015-07-16 00:00:00-04:00,25.042791933336844,25.26085719932556,25.042791933336844,25.2576961517334,239700,0.0,0.0,0.0
2015-07-17 00:00:00-04:00,25.282979863931022,25.282979863931022,25.00170631645757,25.134441375732422,113700,0.0,0.0,0.0
2015-07-20 00:00:00-04:00,25.2576961517334,25.396753311714395,25.10599841814302,25.2576961517334,358500,0.0,0.0,0.0
2015-07-21 00:00:00-04:00,25.200805944775908,25.453635460539637,25.058589568206227,25.15972137451172,150300,0.0,0.0,0.0
2015-07-22 00:00:00-04:00,25.058592333098616,25.56109037298095,25.058592333098616,25.47260093688965,366900,0.0,0.0,0.0
2015-07-23 00:00:00-04:00,25.520006621677812,25.583213100963786,24.96062059977548,25.080713272094727,187800,0.0,0.0,0.0
2015-07-24 00:00:00-04:00,25.159726933212088,25.200811512553358,24.71411503927403,24.783641815185547,161100,0.0,0.0,0.0
2015-07-27 00:00:00-04:00,24.54344793968495,24.57189193688562,24.27797605761644,24.38226890563965,346200,0.0,0.0,0.0
2015-07-28 00:00:00-04:00,24.62562360786434,24.666708186910057,24.30326545426907,24.61614227294922,113400,0.0,0.0,0.0
2015-07-29 00:00:00-04:00,24.606661471423777,25.083878425010973,24.606661471423777,25.03963279724121,203700,0.0,0.0,0.0
2015-07-30 00:00:00-04:00,24.853166413307076,25.1249586113043,24.815241079456555,25.11231803894043,84000,0.0,0.0,0.0
2015-07-31 00:00:00-04:00,25.213445415806927,25.213445415806927,24.872126488614143,24.897409439086914,264600,0.0,0.0,0.0
2015-08-03 00:00:00-04:00,25.011180960470767,25.011180960470767,24.641418048443185,24.941654205322266,84900,0.0,0.0,0.0
2015-08-04 00:00:00-04:00,24.944817350099658,25.134440406073615,24.82472286854145,24.881610870361328,75000,0.0,0.0,0.0
2015-08-05 00:00:00-04:00,25.090196131450487,25.289298723364514,24.913215446955938,24.963781356811523,108300,0.0,0.0,0.0
2015-08-06 00:00:00-04:00,25.09335157367426,25.121795569756628,24.581370494466707,24.764673233032227,99000,0.0,0.0,0.0
2015-08-07 00:00:00-04:00,24.701462114436616,24.85315979266902,24.492876450582834,24.799434661865234,101100,0.0,0.0,0.0
2015-08-10 00:00:00-04:00,25.04595118509933,25.29245862822405,25.04595118509933,25.267175674438477,104400,0.0,0.0,0.0
2015-08-11 00:00:00-04:00,25.017507642398346,25.033309262756458,24.729912003390268,24.88793182373047,134400,0.0,0.0,0.0
2015-08-12 00:00:00-04:00,24.527646823513514,24.55608901291671,23.803920774779773,24.508684158325195,342300,0.0,0.0,0.0
2015-08-13 00:00:00-04:00,24.492884545230716,24.834205338246147,24.401235868769362,24.657224655151367,82500,0.0,0.0,0.0
2015-08-14 00:00:00-04:00,24.80892609111242,25.01434898376465,24.755199130060454,25.01434898376465,54000,0.0,0.0,0.0
2015-08-17 00:00:00-04:00,24.685665854358184,25.128116607666016,24.650901569507386,25.128116607666016,61200,0.0,0.0,0.0
2015-08-18 00:00:00-04:00,24.985906212695234,25.166047965955745,24.985906212695234,25.077558517456055,67500,0.0,0.0,0.0
2015-08-19 00:00:00-04:00,24.8879258449261,25.030142202364146,24.473917342510013,24.650897979736328,147600,0.0,0.0,0.0
2015-08-20 00:00:00-04:00,24.145249435521695,24.20529668939707,23.677513788251346,23.683834075927734,281100,0.0,0.0,0.0
2015-08-21 00:00:00-04:00,23.228737455748238,23.348831946144873,22.29326629638672,22.29326629638672,453600,0.0,0.0,0.0
2015-08-24 00:00:00-04:00,20.106286163596153,21.639066645787604,18.080487234167435,20.22953987121582,1399500,0.0,0.0,0.0
2015-08-25 00:00:00-04:00,21.828686261394328,21.89189453822956,19.562700369715913,19.572181701660156,466800,0.0,0.0,0.0
2015-08-26 00:00:00-04:00,20.773129069606014,21.07020426442524,19.875583198036367,20.978553771972656,499500,0.0,0.0,0.0
2015-08-27 00:00:00-04:00,21.18713581208804,22.173172848243972,21.18713581208804,21.989870071411133,664200,0.0,0.0,0.0
2015-08-28 00:00:00-04:00,21.78760378913853,21.9930284481216,21.711754934674225,21.96458625793457,189300,0.0,0.0,0.0
2015-08-31 00:00:00-04:00,21.436806392186483,21.806569381274453,21.436806392186483,21.591663360595703,735900,0.0,0.0,0.0
2015-09-01 00:00:00-04:00,21.37675933181919,21.37675933181919,19.92298670110835,20.172657012939453,636900,0.0,0.0,0.0
2015-09-02 00:00:00-04:00,20.62458450871018,20.804726201325394,20.226377603569752,20.722557067871094,485400,0.0,0.0,0.0
2015-09-03 00:00:00-04:00,20.90270185512862,21.351474725509256,20.798408995272027,20.924823760986328,331200,0.0,0.0,0.0
2015-09-04 00:00:00-04:00,20.7162410597709,20.7162410597709,19.951430326239137,20.204259872436523,286200,0.0,0.0,0.0
2015-09-08 00:00:00-04:00,20.792085824992093,21.183970640158,20.687792979602055,21.158689498901367,212100,0.0,0.0,0.0
2015-09-09 00:00:00-04:00,21.490532344126652,21.645389305291683,20.54557991522498,20.615108489990234,323100,0.0,0.0,0.0
2015-09-10 00:00:00-04:00,20.58666289390654,21.08600164285506,20.577181560956834,20.79208755493164,97500,0.0,0.0,0.0
2015-09-11 00:00:00-04:00,20.605629236054764,21.000675201416016,20.551902275880803,21.000675201416016,63000,0.0,0.0,0.0
2015-09-14 00:00:00-04:00,20.86477546853273,21.032274798605894,20.792087660056623,20.880577087402344,119100,0.0,0.0,0.0
2015-09-15 00:00:00-04:00,20.931149156037065,21.556902797088252,20.92798810825347,21.44312858581543,96900,0.0,0.0,0.0
2015-09-16 00:00:00-04:00,21.458927080650575,21.806568142613184,21.297748026391734,21.72756004333496,192600,0.0,0.0,0.0
2015-09-17 00:00:00-04:00,21.708598219690966,22.04043767469227,21.22822027719176,21.32619285583496,308700,0.0,0.0,0.0
2015-09-18 00:00:00-04:00,20.60879211999038,20.943790868058738,20.46025360854849,20.555065155029297,815100,0.0,0.0,0.0
2015-09-21 00:00:00-04:00,20.741519040433815,21.16816992756535,20.741519040433815,20.994348526000977,290700,0.0,0.0,0.0
2015-09-22 00:00:00-04:00,20.431810180196294,20.580348695840993,20.20742459527671,20.482376098632812,283200,0.0,0.0,0.0
2015-09-23 00:00:00-04:00,20.527317458165264,20.653931476737608,20.327901058124993,20.536813735961914,85500,0.034,0.0,0.0
2015-09-24 00:00:00-04:00,20.16330198218909,20.32790111238741,19.935396748150513,20.267757415771484,313200,0.0,0.0,0.0
2015-09-25 00:00:00-04:00,20.752060471252605,21.024281113960523,20.574802623942944,20.717243194580078,263100,0.0,0.0,0.0
2015-09-28 00:00:00-04:00,20.451352066155856,20.511493960259898,19.685335782287556,19.7454776763916,396600,0.0,0.0,0.0
2015-09-29 00:00:00-04:00,19.843606988101374,19.941732199146866,19.56822029310358,19.89108657836914,252000,0.0,0.0,0.0
2015-09-30 00:00:00-04:00,20.369053128102387,20.407036433169267,19.973382682006328,20.375383377075195,148800,0.0,0.0,0.0
2015-10-01 00:00:00-04:00,20.4450255460829,20.56847357571957,20.03036246077957,20.470348358154297,168000,0.0,0.0,0.0
2015-10-02 00:00:00-04:00,19.856259213481795,20.514652009236762,19.333976693252936,20.50832176208496,217200,0.0,0.0,0.0
2015-10-05 00:00:00-04:00,20.758393816858398,21.42944918563147,20.758393816858398,21.38829803466797,269100,0.0,0.0,0.0
2015-10-06 00:00:00-04:00,21.343982612527164,21.445272032177,21.160390898134754,21.207870483398438,150000,0.0,0.0,0.0
2015-10-07 00:00:00-04:00,21.42944639419711,21.726988013699422,21.28383980325619,21.594043731689453,248700,0.0,0.0,0.0
2015-10-08 00:00:00-04:00,21.476928601758594,21.88842380700143,21.42311695187913,21.837779998779297,222600,0.0,0.0,0.0
2015-10-09 00:00:00-04:00,21.837782667219027,21.94856838848193,21.457938663681585,21.628868103027344,207000,0.0,0.0,0.0
2015-10-12 00:00:00-04:00,21.654188093462647,21.777636110660914,21.603542474422813,21.74281883239746,123600,0.0,0.0,0.0
2015-10-13 00:00:00-04:00,21.533902015082745,21.793462143598187,21.448437315599612,21.46109962463379,93300,0.0,0.0,0.0
2015-10-14 00:00:00-04:00,21.42944964271702,21.45160642266746,20.976803273535786,21.03377914428711,124200,0.0,0.0,0.0
2015-10-15 00:00:00-04:00,21.30283267072983,21.920076370239258,21.30283267072983,21.920076370239258,115500,0.0,0.0,0.0
2015-10-16 00:00:00-04:00,21.9264079748614,22.179636061124558,21.913747476163316,22.091005325317383,97800,0.0,0.0,0.0
2015-10-19 00:00:00-04:00,21.856772529072163,22.214457924818657,21.856772529072163,22.157480239868164,78600,0.0,0.0,0.0
2015-10-20 00:00:00-04:00,22.094169199169368,22.41386940046942,22.094169199169368,22.35689353942871,63300,0.0,0.0,0.0
2015-10-21 00:00:00-04:00,22.474012001925605,22.556308853860138,21.967554092407227,21.967554092407227,68700,0.0,0.0,0.0
2015-10-22 00:00:00-04:00,22.217619050176026,22.841192926427286,22.21128699020375,22.676593780517578,144300,0.0,0.0,0.0
2015-10-23 00:00:00-04:00,22.967807688976972,23.13240684012937,22.80954059799853,23.100753784179688,169800,0.0,0.0,0.0
2015-10-26 00:00:00-04:00,23.167230750724904,23.167230750724904,22.838032379864785,22.98996925354004,77700,0.0,0.0,0.0
2015-10-27 00:00:00-04:00,22.73040283566551,22.812701493637924,22.575299986138475,22.705080032348633,67200,0.0,0.0,0.0
2015-10-28 00:00:00-04:00,22.71458175939521,23.714833635994697,22.71458175939521,23.702171325683594,286500,0.0,0.0,0.0
2015-10-29 00:00:00-04:00,23.61670748458696,23.768644334864398,23.38880039794068,23.540739059448242,105300,0.0,0.0,0.0
2015-10-30 00:00:00-04:00,23.537575079516525,23.537575079516525,22.917165314558854,22.951984405517578,433500,0.0,0.0,0.0
2015-11-02 00:00:00-05:00,23.06909933850316,23.6610220007116,23.06909933850316,23.56606101989746,232200,0.0,0.0,0.0
2015-11-03 00:00:00-05:00,23.429950423179182,23.7401561933608,23.325494967564914,23.604045867919922,127200,0.0,0.0,0.0
2015-11-04 00:00:00-05:00,23.67052061261578,23.736994578684122,23.39829993186572,23.4837646484375,141600,0.0,0.0,0.0
2015-11-05 00:00:00-05:00,23.486930645778664,23.771811826459736,23.464772053377228,23.711669921875,115200,0.0,0.0,0.0
2015-11-06 00:00:00-05:00,24.36056566121943,24.38272243975326,23.898424852485494,24.053525924682617,228900,0.0,0.0,0.0
2015-11-09 00:00:00-05:00,24.20862843125924,24.20862843125924,23.319164104982015,23.543903350830078,360000,0.0,0.0,0.0
2015-11-10 00:00:00-05:00,23.398299698196983,23.755985091946773,23.398299698196983,23.752819061279297,86100,0.0,0.0,0.0
2015-11-11 00:00:00-05:00,23.869939229047397,24.075685946665665,23.66102648068485,23.673686981201172,124800,0.0,0.0,0.0
2015-11-12 00:00:00-05:00,23.455274478968605,23.461604728289487,22.90766716003418,22.90766716003418,240000,0.0,0.0,0.0
2015-11-13 00:00:00-05:00,22.762063605826746,22.977308412626556,22.464521924376673,22.524662017822266,170700,0.0,0.0,0.0
2015-11-16 00:00:00-05:00,22.401209916230187,23.069099185174746,22.375887108930062,23.062768936157227,112200,0.0,0.0,0.0
2015-11-17 00:00:00-05:00,23.19254590600263,23.347648771329904,22.92982337965267,22.986799240112305,126600,0.0,0.0,0.0
2015-11-18 00:00:00-05:00,23.027949612185566,23.80979241153111,23.027949612185566,23.784469604492188,294300,0.0,0.0,0.0
2015-11-19 00:00:00-05:00,23.749646183514113,23.8857564729086,23.702164796963885,23.81928253173828,83100,0.0,0.0,0.0
2015-11-20 00:00:00-05:00,23.98071965392981,24.078846661805777,23.828782813892833,23.914247512817383,96300,0.0,0.0,0.0
2015-11-23 00:00:00-05:00,23.971226188442582,24.056689079710164,23.781304224841104,23.800296783447266,60300,0.0,0.0,0.0
2015-11-24 00:00:00-05:00,23.50907962275063,23.828779790021414,23.29700091737471,23.705331802368164,165900,0.0,0.0,0.0
2015-11-25 00:00:00-05:00,23.8889318270398,23.8952620773075,23.654694454830935,23.721166610717773,43200,0.0,0.0,0.0
2015-11-27 00:00:00-05:00,23.72749663474517,23.90792052487926,23.638865893686468,23.898426055908203,10200,0.0,0.0,0.0
2015-11-30 00:00:00-05:00,23.89842749229748,24.006048988997023,23.740158561070107,23.752819061279297,399000,0.0,0.0,0.0
2015-12-01 00:00:00-05:00,23.86677040927015,24.281431638024713,23.86677040927015,24.246612548828125,221400,0.0,0.0,0.0
2015-12-02 00:00:00-05:00,24.354238347066495,24.354238347066495,23.61671077116346,23.667354583740234,97500,0.0,0.0,0.0
2015-12-03 00:00:00-05:00,23.869931948220163,23.869931948220163,22.882340759966787,22.958309173583984,218700,0.0,0.0,0.0
2015-12-04 00:00:00-05:00,23.094422944948317,24.104171059704203,23.01529030089057,24.040864944458008,278400,0.0,0.0,0.0
2015-12-07 00:00:00-05:00,23.923745661741705,23.971227059983434,23.426785768345912,23.638864517211914,90000,0.0,0.0,0.0
2015-12-08 00:00:00-05:00,23.195709850679343,23.458434164640586,23.024782284666667,23.119741439819336,179700,0.0,0.0,0.0
2015-12-09 00:00:00-05:00,22.955144552941668,23.395130346450692,22.40753909757254,22.581634521484375,253800,0.0,0.0,0.0
2015-12-10 00:00:00-05:00,22.616455487489056,22.993131580250957,22.534155002416867,22.625951766967773,270600,0.0,0.0,0.0
2015-12-11 00:00:00-05:00,22.151148391912244,22.214454506029533,21.511746134193103,21.711162567138672,382500,0.0,0.0,0.0
2015-12-14 00:00:00-05:00,21.75231518460296,22.008707499824627,21.290172550907204,21.745983123779297,457500,0.0,0.0,0.0
2015-12-15 00:00:00-05:00,22.09733788320983,22.831699349900205,22.09733788320983,22.648109436035156,180000,0.0,0.0,0.0
2015-12-16 00:00:00-05:00,23.008957079056106,23.486926194453005,22.673430338233935,23.37613868713379,316500,0.0,0.0,0.0
2015-12-17 00:00:00-05:00,23.524907368000292,23.524907368000292,22.73357017168095,22.73673439025879,158700,0.0,0.0,0.0
2015-12-18 00:00:00-05:00,22.429695906685254,22.429695906685254,21.63202667236328,21.63202667236328,278100,0.0,0.0,0.0
2015-12-21 00:00:00-05:00,21.932734626931843,22.166970115499794,21.701663356904366,22.04985237121582,269100,0.0,0.0,0.0
2015-12-22 00:00:00-05:00,22.256634247342514,22.491682939642565,21.929470109934435,22.393217086791992,109200,0.08033,0.0,0.0
2015-12-23 00:00:00-05:00,22.590148296433735,22.955427565512565,22.561560559412378,22.92683982849121,211800,0.0,0.0,0.0
2015-12-24 00:00:00-05:00,22.844252424669545,23.10153657116787,22.822018732726214,23.003068923950195,45000,0.0,0.0,0.0
2015-12-28 00:00:00-05:00,22.76802113744301,22.872839194825797,22.50438475732917,22.863311767578125,118500,0.0,0.0,0.0
2015-12-29 00:00:00-05:00,23.123774561641337,23.371529509786093,23.11742233669349,23.314355850219727,226500,0.0,0.0,0.0
2015-12-30 00:00:00-05:00,23.184124774442928,23.269886170820225,22.961780548095703,22.961780548095703,115500,0.0,0.0,0.0
2015-12-31 00:00:00-05:00,22.710851010449513,23.03166293461003,22.55203628540039,22.55203628540039,126300,0.0,0.0,0.0
2016-01-04 00:00:00-05:00,21.53878157725084,21.716658437013066,21.23385293340374,21.700775146484375,472200,0.0,0.0,0.0
2016-01-05 00:00:00-05:00,21.821477220787465,21.9326493529379,21.541959288314928,21.869123458862305,255300,0.0,0.0,0.0
2016-01-06 00:00:00-05:00,21.31961019012594,21.51336848516839,21.11632446714686,21.265613555908203,172500,0.0,0.0,0.0
2016-01-07 00:00:00-05:00,20.630343745069904,20.78916207844641,20.030015824759168,20.122129440307617,398100,0.0,0.0,0.0
2016-01-08 00:00:00-05:00,20.67481525911488,20.67481525911488,19.445571545056787,19.50592041015625,381300,0.0,0.0,0.0
2016-01-11 00:00:00-05:00,19.734617633918727,19.78543907202831,19.248638767944556,19.623445510864258,322800,0.0,0.0,0.0
2016-01-12 00:00:00-05:00,20.103073156340603,20.103073156340603,19.340751615512332,19.80449676513672,239100,0.0,0.0,0.0
2016-01-13 00:00:00-05:00,20.026839081633373,20.109423452923572,18.66101084673836,18.784889221191406,293400,0.0,0.0,0.0
2016-01-14 00:00:00-05:00,18.896063210980095,19.388396101771036,18.549842403766412,19.124759674072266,327900,0.0,0.0,0.0
2016-01-15 00:00:00-05:00,18.168679810560135,18.435491415327864,17.828809445050933,18.321144104003906,441600,0.0,0.0,0.0
2016-01-19 00:00:00-05:00,18.70230864351507,18.778540805750126,18.01621918339956,18.27985382080078,260400,0.0,0.0,0.0
2016-01-20 00:00:00-05:00,17.76846035122846,17.901866151850477,16.77108841498412,17.527057647705078,419400,0.0,0.0,0.0
2016-01-21 00:00:00-05:00,17.56199938402264,18.05750929003021,17.428593569912106,17.454004287719727,257700,0.0,0.0,0.0
2016-01-22 00:00:00-05:00,17.920926916090213,18.263972524085514,17.920926916090213,18.136917114257812,189300,0.0,0.0,0.0
2016-01-25 00:00:00-05:00,18.009862411000007,18.047979395100644,17.34918377174363,17.368242263793945,178800,0.0,0.0,0.0
2016-01-26 00:00:00-05:00,17.523879998512434,18.044800550983258,17.523879998512434,17.997156143188477,151500,0.0,0.0,0.0
2016-01-27 00:00:00-05:00,17.82880871548788,18.4227843949132,17.59376006042647,17.81292724609375,163500,0.0,0.0,0.0
2016-01-28 00:00:00-05:00,18.11468187781637,18.11468187781637,17.695404150064764,17.777990341186523,163500,0.0,0.0,0.0
2016-01-29 00:00:00-05:00,17.99716030891003,18.848420344674565,17.965395545510074,18.813480377197266,233100,0.0,0.0,0.0
2016-02-01 00:00:00-05:00,18.63877992670607,18.90876859285719,18.454552665629453,18.727718353271484,162300,0.0,0.0,0.0
2016-02-02 00:00:00-05:00,18.1178611002285,18.1178611002285,17.711289549203205,17.809757232666016,176700,0.0,0.0,0.0
2016-02-03 00:00:00-05:00,17.968569812241935,18.067035656386636,16.95531636330215,17.86057472229004,626700,0.0,0.0,0.0
2016-02-04 00:00:00-05:00,17.698581546776786,18.32114501816134,17.54929426690003,18.089271545410156,228000,0.0,0.0,0.0
2016-02-05 00:00:00-05:00,18.05433240902163,18.181385999046974,17.46988407738713,17.56835174560547,253500,0.0,0.0,0.0
2016-02-08 00:00:00-05:00,17.060136176384226,17.060136176384226,16.246991440334916,16.634506225585938,501900,0.0,0.0,0.0
2016-02-09 00:00:00-05:00,15.992881700531813,16.81873075281242,15.992881700531813,16.558271408081055,854400,0.0,0.0,0.0
2016-02-10 00:00:00-05:00,16.84731978578797,17.23165570014179,16.504274237089867,16.513803482055664,260100,0.0,0.0,0.0
2016-02-11 00:00:00-05:00,15.624428949381151,15.881713118475508,15.3703199836904,15.630781173706055,700500,0.0,0.0,0.0
2016-02-12 00:00:00-05:00,16.32004826421158,16.75203043647445,16.116762536087876,16.726619720458984,393900,0.0,0.0,0.0
2016-02-16 00:00:00-05:00,17.355534885357464,17.412708540329895,16.993430829657395,17.352357864379883,252000,0.0,0.0,0.0
2016-02-17 00:00:00-05:00,17.64458690339079,17.895518922357578,17.60964693299599,17.749406814575195,316200,0.0,0.0,0.0
2016-02-18 00:00:00-05:00,17.80657139209017,17.80657139209017,17.469878130007164,17.587404251098633,286800,0.0,0.0,0.0
2016-02-19 00:00:00-05:00,17.358712992460738,17.695404536442208,17.317418987239307,17.625526428222656,130500,0.0,0.0,0.0
2016-02-22 00:00:00-05:00,18.04480348702299,18.25444327747254,18.016217564702014,18.136917114257812,234900,0.0,0.0,0.0
2016-02-23 00:00:00-05:00,17.93680842845562,17.971748393609467,17.51753066412739,17.54929542541504,259800,0.0,0.0,0.0
2016-02-24 00:00:00-05:00,17.098253071624693,17.57152929913187,16.809205918372633,17.488943099975586,189000,0.0,0.0,0.0
2016-02-25 00:00:00-05:00,18.308436939319893,18.308436939319893,17.30471281462819,17.997156143188477,191700,0.0,0.0,0.0
2016-02-26 00:00:00-05:00,18.292560231380758,18.47043527797132,18.070215968763023,18.187740325927734,219600,0.0,0.0,0.0
2016-02-29 00:00:00-05:00,18.13056569633459,18.356085151157032,17.863754049362576,17.873281478881836,72000,0.0,0.0,0.0
2016-03-01 00:00:00-05:00,18.165501344935837,19.019936360971787,18.11150289706623,19.01358413696289,343200,0.0,0.0,0.0
2016-03-02 00:00:00-05:00,19.013588258523026,19.35345685315954,18.89923911398755,19.334400177001953,172200,0.0,0.0,0.0
2016-03-03 00:00:00-05:00,19.33439864192323,19.617091733088234,19.21052026038544,19.604387283325195,117900,0.0,0.0,0.0
2016-03-04 00:00:00-05:00,19.804494451545164,19.931549844358322,19.5281536068467,19.750497817993164,147600,0.0,0.0,0.0
2016-03-07 00:00:00-05:00,19.56944772209592,19.763204216345272,19.44557115553194,19.699676513671875,123000,0.0,0.0,0.0
2016-03-08 00:00:00-05:00,19.429688561236144,19.429688561236144,19.029469290889836,19.064409255981445,113100,0.0,0.0,0.0
2016-03-09 00:00:00-05:00,19.31534056555657,19.31534056555657,19.007234933197292,19.1120548248291,72900,0.0,0.0,0.0
2016-03-10 00:00:00-05:00,19.334397389764256,19.49638911010004,18.651483277487884,19.05170249938965,153600,0.0,0.0,0.0
2016-03-11 00:00:00-05:00,19.52497710263708,20.064956175071945,19.442392730888812,20.052249908447266,174600,0.0,0.0,0.0
2016-03-14 00:00:00-04:00,19.874374126749263,19.982369210036474,19.747320553023815,19.8934326171875,104400,0.0,0.0,0.0
2016-03-15 00:00:00-04:00,19.62026986624591,19.826732635498047,19.521804013689447,19.826732635498047,101700,0.0,0.0,0.0
2016-03-16 00:00:00-04:00,19.64567935556363,20.001429392082205,19.604387167800308,19.861669540405273,177600,0.0,0.0,0.0
2016-03-17 00:00:00-04:00,19.763205754082037,20.427061483710627,19.629799930861104,20.315889358520508,160500,0.0,0.0,0.0
2016-03-18 00:00:00-04:00,20.557292665919643,20.839987610146007,20.490587934964374,20.658935546875,246000,0.0,0.0,0.0
2016-03-21 00:00:00-04:00,20.589054107666016,20.839986087641034,20.462000515753964,20.589054107666016,239700,0.0,0.0,0.0
2016-03-22 00:00:00-04:00,20.373061827366733,20.623993804074217,20.265066730027243,20.484235763549805,96900,0.0,0.0,0.0
2016-03-23 00:00:00-04:00,20.456213971991122,20.456213971991122,20.188728582420612,20.191913604736328,113100,0.054,0.0,0.0
2016-03-24 00:00:00-04:00,19.876660910304484,19.98174476623535,19.507276725716032,19.98174476623535,139200,0.0,0.0,0.0
2016-03-28 00:00:00-04:00,20.096379408242857,20.191910017696934,19.924424675644488,20.112300872802734,78300,0.0,0.0,0.0
2016-03-29 00:00:00-04:00,19.959454222105734,20.303361892700195,19.832080673349456,20.303361892700195,186000,0.0,0.0,0.0
2016-03-30 00:00:00-04:00,20.567662276051056,20.809671086694117,20.519896060592366,20.55492401123047,198000,0.0,0.0,0.0
2016-03-31 00:00:00-04:00,20.53900627167157,20.669564854809977,20.42755417818174,20.497610092163086,90300,0.0,0.0,0.0
2016-04-01 00:00:00-04:00,20.32246426250658,20.866986300862624,20.15369457236493,20.825590133666992,113700,0.0,0.0,0.0
2016-04-04 00:00:00-04:00,20.800122461407927,20.84470366503518,20.542190306952282,20.62179946899414,89700,0.0,0.0,0.0
2016-04-05 00:00:00-04:00,20.220573913414096,20.284259784775454,20.029512655139634,20.061355590820312,121800,0.0,0.0,0.0
2016-04-06 00:00:00-04:00,20.03587630603288,20.312913063011365,19.918056013222667,20.3001766204834,161400,0.0,0.0,0.0
2016-04-07 00:00:00-04:00,20.000850693510827,20.026325403638864,19.395825872446192,19.583702087402344,145500,0.0,0.0,0.0
2016-04-08 00:00:00-04:00,19.828893556520867,20.08364062712066,19.68878357873837,19.742918014526367,175500,0.0,0.0,0.0
2016-04-11 00:00:00-04:00,19.91806187916462,20.201468762966233,19.857559204101562,19.857559204101562,121200,0.0,0.0,0.0
2016-04-12 00:00:00-04:00,19.908507407472126,20.40526522366587,19.883032694387705,20.341577529907227,123000,0.0,0.0,0.0
2016-04-13 00:00:00-04:00,20.733243070014154,21.198157761987865,20.720506629680486,21.191787719726562,329700,0.0,0.0,0.0
2016-04-14 00:00:00-04:00,21.093079805149788,21.472017253091167,21.06123687335151,21.27777099609375,150600,0.0,0.0,0.0
2016-04-15 00:00:00-04:00,21.300068991915868,21.35420162803737,21.137667439360307,21.204538345336914,104400,0.0,0.0,0.0
2016-04-18 00:00:00-04:00,21.083527901091106,21.50704475162741,21.03257847813794,21.491125106811523,107100,0.0,0.0,0.0
2016-04-19 00:00:00-04:00,21.634420989534885,21.908272782202964,21.62168272224361,21.86687660217285,145200,0.0,0.0,0.0
2016-04-20 00:00:00-04:00,21.940112475133674,22.26173041828875,21.921005989654528,22.18212127685547,156300,0.0,0.0,0.0
2016-04-21 00:00:00-04:00,22.280839234655936,22.30631394392823,21.69810412124292,21.742685317993164,111600,0.0,0.0,0.0
2016-04-22 00:00:00-04:00,21.72994690538193,22.159831902112956,21.72994690538193,22.102514266967773,87000,0.0,0.0,0.0
2016-04-25 00:00:00-04:00,21.927370181365887,21.991057847228088,21.729942608010198,21.98468780517578,176400,0.0,0.0,0.0
2016-04-26 00:00:00-04:00,22.086595894987724,22.30949824555736,22.07704265077695,22.287208557128906,93600,0.0,0.0,0.0
2016-04-27 00:00:00-04:00,22.274466083722537,22.433682525917465,22.099326357423042,22.338151931762695,117300,0.0,0.0,0.0
2016-04-28 00:00:00-04:00,22.01654092905203,22.33815893551966,21.790451724596096,21.88279914855957,168900,0.0,0.0,0.0
2016-04-29 00:00:00-04:00,21.675810746399463,21.803184271091983,21.315979855857613,21.605754852294922,200400,0.0,0.0,0.0
2016-05-02 00:00:00-04:00,21.717207484757946,22.11843455360483,21.67262629442059,22.057931900024414,106500,0.0,0.0,0.0
2016-05-03 00:00:00-04:00,21.612125367769085,21.612125367769085,21.191791780605676,21.500673294067383,172800,0.0,0.0,0.0
2016-05-04 00:00:00-04:00,21.14402839930104,21.40514553171756,21.086710759883108,21.265033721923828,90300,0.0,0.0,0.0
2016-05-05 00:00:00-04:00,21.386037285674,21.459276384345948,21.17587141036318,21.23955726623535,124200,0.0,0.0,0.0
2016-05-06 00:00:00-04:00,20.984810824797833,21.443355560302734,20.981625803071275,21.443355560302734,84300,0.0,0.0,0.0
2016-05-09 00:00:00-04:00,21.452911954674597,21.548442577461284,21.2586656869068,21.433805465698242,52200,0.0,0.0,0.0
2016-05-10 00:00:00-04:00,21.602576401525674,21.981513891552577,21.602576401525674,21.95285415649414,117000,0.0,0.0,0.0
2016-05-11 00:00:00-04:00,21.800003240822416,21.930561810820326,21.46883201599121,21.46883201599121,116400,0.0,0.0,0.0
2016-05-12 00:00:00-04:00,21.61212679549579,21.755421807694294,21.27140233049482,21.54844093322754,90300,0.0,0.0,0.0
2016-05-13 00:00:00-04:00,21.42106943178082,21.6089474968378,20.991184317575463,21.04850196838379,102900,0.0,0.0,0.0
2016-05-16 00:00:00-04:00,21.077157856953306,21.481570005498355,21.070789635158366,21.325536727905273,85800,0.0,0.0,0.0
2016-05-17 00:00:00-04:00,21.23319416892326,21.265037104543474,20.8638099206051,20.952970504760742,108600,0.0,0.0,0.0
2016-05-18 00:00:00-04:00,20.876544317041336,21.66944536199199,20.876544317041336,21.61849594116211,190800,0.0,0.0,0.0
2016-05-19 00:00:00-04:00,21.34146267662718,21.519785679010212,20.96889520298169,21.223642349243164,152400,0.0,0.0,0.0
2016-05-20 00:00:00-04:00,21.370118788238692,21.710843266318424,21.370118788238692,21.532520294189453,71100,0.0,0.0,0.0
2016-05-23 00:00:00-04:00,21.497490176012306,21.621680525580647,21.37966987049002,21.472017288208008,103200,0.0,0.0,0.0
2016-05-24 00:00:00-04:00,21.637599349922827,22.22351760607556,21.637599349922827,22.156646728515625,270900,0.0,0.0,0.0
2016-05-25 00:00:00-04:00,22.35407972528195,22.701172432856193,22.319051770100828,22.51329803466797,147300,0.0,0.0,0.0
2016-05-26 00:00:00-04:00,22.57061867095618,22.57061867095618,22.290394992355314,22.306318283081055,51900,0.0,0.0,0.0
2016-05-27 00:00:00-04:00,22.481456012634396,22.637489318847656,22.417770138813648,22.637489318847656,63900,0.0,0.0,0.0
2016-05-31 00:00:00-04:00,22.77122876274928,22.844469696602836,22.38910809295383,22.51966667175293,106800,0.0,0.0,0.0
2016-06-01 00:00:00-04:00,22.150286841634394,22.65022792271997,22.11525887885767,22.640676498413086,111000,0.0,0.0,0.0
2016-06-02 00:00:00-04:00,22.634300502216984,22.748937606811523,22.427319624899702,22.748937606811523,67500,0.0,0.0,0.0
2016-06-03 00:00:00-04:00,22.147097223340683,22.299945489871465,21.7936362902739,22.210784912109375,385800,0.0,0.0,0.0
2016-06-06 00:00:00-04:00,22.198045633035722,22.602455936638304,22.198045633035722,22.475082397460938,205800,0.0,0.0,0.0
2016-06-07 00:00:00-04:00,22.47827205834635,22.583354111045498,22.341345247709537,22.347713470458984,97500,0.0,0.0,0.0
2016-06-08 00:00:00-04:00,22.290390307589174,22.506926244063635,22.290390307589174,22.487821578979492,120300,0.0,0.0,0.0
2016-06-09 00:00:00-04:00,22.255364035441012,22.268100478749304,22.000616948326243,22.207599639892578,120000,0.0,0.0,0.0
2016-06-10 00:00:00-04:00,21.812740469041906,21.828663757449153,21.519782209125932,21.64715576171875,229500,0.0,0.0,0.0
2016-06-13 00:00:00-04:00,21.41151893033609,21.780901387111705,21.28096033256107,21.28414535522461,81900,0.0,0.0,0.0
2016-06-14 00:00:00-04:00,21.217272735658305,21.296881903770327,20.53900867270048,20.755544662475586,187200,0.0,0.0,0.0
2016-06-15 00:00:00-04:00,20.838331703408407,21.188609402611853,20.76190757751465,20.76190757751465,124500,0.0,0.0,0.0
2016-06-16 00:00:00-04:00,20.468950224913797,20.889283883980152,20.24923106166587,20.886098861694336,114600,0.0,0.0,0.0
2016-06-17 00:00:00-04:00,20.914757840706176,20.956154018451233,20.6536425076477,20.81922721862793,54900,0.0,0.0,0.0
2016-06-20 00:00:00-04:00,21.446538545465998,21.634414723406497,21.061232947407305,21.080339431762695,139500,0.0,0.0,0.0
2016-06-21 00:00:00-04:00,21.118554760225862,21.341458929591994,21.089896850112645,21.25229835510254,57600,0.0,0.0,0.0
2016-06-22 00:00:00-04:00,21.236995787732983,21.51760446383128,21.17959719007317,21.185976028442383,90000,0.03067,0.0,0.0
2016-06-23 00:00:00-04:00,21.59094382573058,22.037367614091263,21.59094382573058,22.030990600585938,192300,0.0,0.0,0.0
2016-06-24 00:00:00-04:00,19.86583759262145,20.745929357854536,19.830761279826998,19.87859344482422,760500,0.0,0.0,0.0
2016-06-27 00:00:00-04:00,19.298239020095536,19.473620562450932,18.606284756325195,18.81036376953125,546300,0.0,0.0,0.0
2016-06-28 00:00:00-04:00,19.51188814572643,19.715967178344727,19.1930137449551,19.715967178344727,598200,0.0,0.0,0.0
2016-06-29 00:00:00-04:00,20.044407613474256,20.586493950896042,20.044407613474256,20.57373809814453,249600,0.0,0.0,0.0
2016-06-30 00:00:00-04:00,20.710853259408907,21.11582374572754,20.509963638173033,21.11582374572754,323100,0.0,0.0,0.0
2016-07-01 00:00:00-04:00,20.95638333145969,21.198726232070243,20.879853706328433,20.93406105041504,168900,0.0,0.0,0.0
2016-07-05 00:00:00-04:00,20.879859723101056,20.879859723101056,20.219790375755995,20.379226684570312,183300,0.0,0.0,0.0
2016-07-06 00:00:00-04:00,20.120928967885803,20.513143453121,19.996569033990923,20.49720001220703,170100,0.0,0.0,0.0
2016-07-07 00:00:00-04:00,20.5418524569236,20.803330120487722,20.344150411788274,20.529096603393555,140100,0.0,0.0,0.0
2016-07-08 00:00:00-04:00,21.042482433768647,21.31033524819542,21.02334956856375,21.259315490722656,374100,0.0,0.0,0.0
2016-07-11 00:00:00-04:00,21.370919513982198,21.62920769716009,21.370919513982198,21.5112247467041,166800,0.0,0.0,0.0
2016-07-12 00:00:00-04:00,21.67385475233719,22.050124136275862,21.67385475233719,22.008670806884766,209400,0.0,0.0,0.0
2016-07-13 00:00:00-04:00,22.008670886176326,22.15216556676872,21.846045162834184,22.024614334106445,169800,0.0,0.0,0.0
2016-07-14 00:00:00-04:00,22.633660462370077,22.64003930026241,22.314787902948048,22.35624122619629,216600,0.0,0.0,0.0
2016-07-15 00:00:00-04:00,22.49654899131692,22.681495184526757,22.094767883100825,22.31797981262207,246300,0.0,0.0,0.0
2016-07-18 00:00:00-04:00,22.27015091565299,22.496550454855036,22.27015091565299,22.43915367126465,221700,0.0,0.0,0.0
2016-07-19 00:00:00-04:00,22.28289892924785,22.509300231933594,22.225502161154285,22.509300231933594,199200,0.0,0.0,0.0
2016-07-20 00:00:00-04:00,22.61453007103751,22.62728592360677,22.404074012834677,22.585832595825195,245100,0.0,0.0,0.0
2016-07-21 00:00:00-04:00,22.51567658567392,22.601772647597755,22.35305089366338,22.397693634033203,75000,0.0,0.0,0.0
2016-07-22 00:00:00-04:00,22.461471831180322,22.754836383183342,22.442338963743026,22.710193634033203,206400,0.0,0.0,0.0
2016-07-25 00:00:00-04:00,22.655983732279434,22.726136360916442,22.49973685212773,22.582643508911133,68100,0.0,0.0,0.0
2016-07-26 00:00:00-04:00,22.560317327477286,22.700622560526213,22.480600103799752,22.63365936279297,96300,0.0,0.0,0.0
2016-07-27 00:00:00-04:00,22.60815455055177,22.707006484509293,22.474228125085574,22.589021682739258,129900,0.0,0.0,0.0
2016-07-28 00:00:00-04:00,22.3913194635703,22.83455385550032,22.3913194635703,22.758024215698242,443700,0.0,0.0,0.0
2016-07-29 00:00:00-04:00,22.652790734593893,22.88556720193591,22.646411897431516,22.697433471679688,69900,0.0,0.0,0.0
2016-08-01 00:00:00-04:00,22.76121275554211,22.901518013311154,22.534813245954602,22.598587036132812,146700,0.0,0.0,0.0
2016-08-02 00:00:00-04:00,22.493355149255287,22.60177349774726,22.11708582230027,22.222312927246094,202200,0.0,0.0,0.0
2016-08-03 00:00:00-04:00,22.142599004461808,22.604964465581368,22.142599004461808,22.595399856567383,156300,0.0,0.0,0.0
2016-08-04 00:00:00-04:00,22.627284353402953,22.640040205087026,22.432771755951816,22.51567840576172,37800,0.0,0.0,0.0
2016-08-05 00:00:00-04:00,22.815422368363976,23.28416666855898,22.815422368363976,23.280977249145508,197700,0.0,0.0,0.0
2016-08-08 00:00:00-04:00,23.363885644946073,23.44998172940482,23.265035531106438,23.316055297851562,178800,0.0,0.0,0.0
2016-08-09 00:00:00-04:00,23.360696539293386,23.437226184462304,23.29692092268062,23.37982940673828,62700,0.0,0.0,0.0
2016-08-10 00:00:00-04:00,23.418096168417975,23.418096168417975,23.0195044460401,23.070524215698242,42600,0.0,0.0,0.0
2016-08-11 00:00:00-04:00,23.162988328844886,23.191687622366338,22.96528634200974,23.099214553833008,78300,0.0,0.0,0.0
2016-08-12 00:00:00-04:00,22.85687361319576,23.070519079148365,22.85687361319576,23.032255172729492,61500,0.0,0.0,0.0
2016-08-15 00:00:00-04:00,23.124725655347753,23.347939371171858,23.124725655347753,23.30648422241211,79500,0.0,0.0,0.0
2016-08-16 00:00:00-04:00,23.214018903279058,23.226774758995532,23.073715438064017,23.121545791625977,64200,0.0,0.0,0.0
2016-08-17 00:00:00-04:00,23.096028021168397,23.293730032707106,23.025875400201368,23.27459716796875,139500,0.0,0.0,0.0
2016-08-18 00:00:00-04:00,23.287353691482704,23.309675977607544,23.13429440638638,23.23633575439453,48300,0.0,0.0,0.0
2016-08-19 00:00:00-04:00,23.05457759231308,23.220390908572536,22.962102676002267,23.182126998901367,79200,0.0,0.0,0.0
2016-08-22 00:00:00-04:00,23.09921727821457,23.268219991460878,23.057762130035304,23.24271011352539,43200,0.0,0.0,0.0
2016-08-23 00:00:00-04:00,23.370259497484433,23.52650635941957,23.309673309326172,23.309673309326172,78900,0.0,0.0,0.0
2016-08-24 00:00:00-04:00,23.312861902717906,23.370258669873518,23.198066543796347,23.233142852783203,36300,0.0,0.0,0.0
2016-08-25 00:00:00-04:00,23.13110218879663,23.434033103722488,23.13110218879663,23.36069107055664,43200,0.0,0.0,0.0
2016-08-26 00:00:00-04:00,23.44997563808076,23.676376934584393,23.134290685270713,23.386201858520508,123000,0.0,0.0,0.0
2016-08-29 00:00:00-04:00,23.504188646028346,23.928290188065855,23.504188646028346,23.787986755371094,176100,0.0,0.0,0.0
2016-08-30 00:00:00-04:00,23.85813833129205,24.13874700891043,23.82306201851344,24.132369995117188,119100,0.0,0.0,0.0
2016-08-31 00:00:00-04:00,24.13555749890063,24.192956096655422,23.839005375609645,24.18338966369629,93900,0.0,0.0,0.0
2016-09-01 00:00:00-04:00,24.224843854293503,24.25992016819143,23.69551337574205,24.00800895690918,135900,0.0,0.0,0.0
2016-09-02 00:00:00-04:00,24.052649926332197,24.41297764736884,24.052649926332197,24.291805267333984,133500,0.0,0.0,0.0
2016-09-06 00:00:00-04:00,24.342827203170017,24.342827203170017,23.91872383509549,24.205711364746094,85800,0.0,0.0,0.0
2016-09-07 00:00:00-04:00,24.06540577799345,24.310938132520636,24.039894074670947,24.291805267333984,82500,0.0,0.0,0.0
2016-09-08 00:00:00-04:00,24.212089285094994,24.35239454812385,24.145126073053287,24.23122215270996,80700,0.0,0.0,0.0
2016-09-09 00:00:00-04:00,23.925099035884344,23.98887464097954,23.249086380004883,23.249086380004883,243300,0.0,0.0,0.0
2016-09-12 00:00:00-04:00,22.99718117012483,23.877271176849955,22.83136602669782,23.7816104888916,217200,0.0,0.0,0.0
2016-09-13 00:00:00-04:00,23.367070112129102,23.367070112129102,22.796286364564814,22.92383575439453,144000,0.0,0.0,0.0
2016-09-14 00:00:00-04:00,22.927025437225723,23.1916906522446,22.707002965313624,22.770776748657227,132900,0.0,0.0,0.0
2016-09-15 00:00:00-04:00,22.64322797807291,23.185314274405712,22.464658825361166,23.08327293395996,114000,0.0,0.0,0.0
2016-09-16 00:00:00-04:00,22.96210009431031,22.96210009431031,22.582641336602734,22.735700607299805,66900,0.0,0.0,0.0
2016-09-19 00:00:00-04:00,23.051386049816653,23.214011756314726,22.86006286986099,23.01630973815918,74400,0.0,0.0,0.0
2016-09-20 00:00:00-04:00,23.239522054288845,23.357506843177813,23.01312255859375,23.01312255859375,69300,0.0,0.0,0.0
2016-09-21 00:00:00-04:00,23.198746524285138,23.441565657066594,22.95273355755571,23.403226852416992,61800,0.047,0.0,0.0
2016-09-22 00:00:00-04:00,23.550191201902415,23.824959605905807,23.550191201902415,23.7323055267334,80400,0.0,0.0,0.0
2016-09-23 00:00:00-04:00,23.614096511622883,23.68119079562174,23.499076433209044,23.521442413330078,57900,0.0,0.0,0.0
2016-09-26 00:00:00-04:00,23.22750358320718,23.316963847128136,22.949539460764754,23.003854751586914,120900,0.0,0.0,0.0
2016-09-27 00:00:00-04:00,22.837721372418063,23.22750815928077,22.79618506644029,23.16680335998535,32100,0.0,0.0,0.0
2016-09-28 00:00:00-04:00,23.310572874241608,23.409616470336914,23.042195734792564,23.409616470336914,87600,0.0,0.0,0.0
2016-09-29 00:00:00-04:00,23.265849398444427,23.508668620928326,22.64921800866849,22.840917587280273,110400,0.0,0.0,0.0
2016-09-30 00:00:00-04:00,23.04858296196684,23.40322649755366,22.914394405454946,23.21791648864746,226800,0.0,0.0,0.0
2016-10-03 00:00:00-04:00,23.11248065190702,23.11248065190702,22.802569085153184,22.876052856445312,89100,0.0,0.0,0.0
2016-10-04 00:00:00-04:00,22.955936224183482,23.074150164514624,22.754651496763994,22.86008644104004,50700,0.0,0.0,0.0
2016-10-05 00:00:00-04:00,22.94314837707966,23.22111248029296,22.94314837707966,23.147626876831055,42600,0.0,0.0,0.0
2016-10-06 00:00:00-04:00,23.003857629183177,23.185972013971934,22.91120351950613,23.179580688476562,46500,0.0,0.0,0.0
2016-10-07 00:00:00-04:00,23.106098560689933,23.323356110416448,23.003859283599223,23.16680335998535,39600,0.0,0.0,0.0
2016-10-10 00:00:00-04:00,23.457541166619226,23.518245952027897,23.35849757516311,23.40003204345703,35700,0.0,0.0,0.0
2016-10-11 00:00:00-04:00,23.249870873339745,23.323354663621913,22.735478856817455,22.93037223815918,103800,0.0,0.0,0.0
2016-10-12 00:00:00-04:00,22.885642351248126,23.208334798788222,22.885642351248126,23.115680694580078,33900,0.0,0.0,0.0
2016-10-13 00:00:00-04:00,22.693942637018512,22.853691028237073,22.406395167188663,22.805767059326172,141000,0.0,0.0,0.0
2016-10-14 00:00:00-04:00,23.29779667411713,23.31057566886952,22.876058768187967,22.93037223815918,95100,0.0,0.0,0.0
2016-10-17 00:00:00-04:00,22.981495658196774,23.04539429376334,22.745065953325916,22.799381256103516,56100,0.0,0.0,0.0
2016-10-18 00:00:00-04:00,23.240289212573366,23.240289212573366,23.04539398903438,23.090124130249023,166500,0.0,0.0,0.0
2016-10-19 00:00:00-04:00,23.18597222585083,23.502275198015255,23.166801905554227,23.447959899902344,102300,0.0,0.0,0.0
2016-10-20 00:00:00-04:00,23.41920329566366,23.64285397475461,23.22750558644357,23.396839141845703,164400,0.0,0.0,0.0
2016-10-21 00:00:00-04:00,23.007049461125053,23.371278198998677,23.007049461125053,23.345718383789062,33000,0.0,0.0,0.0
2016-10-24 00:00:00-04:00,23.483103802681732,23.738701967660766,23.483103802681732,23.527833938598633,60300,0.0,0.0,0.0
2016-10-25 00:00:00-04:00,23.47990991641728,23.499078407611695,23.307380698391604,23.396839141845703,52800,0.0,0.0,0.0
2016-10-26 00:00:00-04:00,23.19236201284607,23.479911336338848,23.173191692310073,23.419204711914062,63000,0.0,0.0,0.0
2016-10-27 00:00:00-04:00,23.617294714393662,23.617294714393662,23.221118433645973,23.24348258972168,56100,0.0,0.0,0.0
2016-10-28 00:00:00-04:00,23.259455803527565,23.463934343003075,22.955933657061983,23.179580688476562,126900,0.0,0.0,0.0
2016-10-31 00:00:00-04:00,23.384061718073777,23.406425873393598,23.249871301607644,23.294601440429688,63300,0.0,0.0,0.0
2016-11-01 00:00:00-04:00,23.406423996291306,23.406423996291306,22.64601901002762,22.90800666809082,225000,0.0,0.0,0.0
2016-11-02 00:00:00-04:00,22.764235896641715,22.783406218265842,22.403202761511437,22.476688385009766,135600,0.0,0.0,0.0
2016-11-03 00:00:00-04:00,22.562954599107762,22.792992990311202,22.39681484692508,22.463909149169922,153900,0.0,0.0,0.0
2016-11-04 00:00:00-04:00,22.364865719481315,22.68117059266375,22.256236926423867,22.380842208862305,87300,0.0,0.0,0.0
2016-11-07 00:00:00-05:00,23.04539260237408,23.43837503245006,23.04539260237408,23.419204711914062,374400,0.0,0.0,0.0
2016-11-08 00:00:00-05:00,23.24347829026954,23.674801299093783,23.16679884738769,23.521442413330078,164400,0.0,0.0,0.0
2016-11-09 00:00:00-05:00,23.930401891039345,24.898481099108512,23.56617312893926,24.6716365814209,630900,0.0,0.0,0.0
2016-11-10 00:00:00-05:00,25.13171609923557,25.943242662195313,25.04545147898538,25.71000862121582,743100,0.0,0.0,0.0
2016-11-11 00:00:00-05:00,25.400086140747245,26.023106755921653,25.400086140747245,25.943233489990234,516900,0.0,0.0,0.0
2016-11-14 00:00:00-05:00,26.19883436240606,26.997581787213846,26.13493573845804,26.88575553894043,435300,0.0,0.0,0.0
2016-11-15 00:00:00-05:00,26.67808784015046,26.88895773807836,26.317056505077115,26.876178741455078,270900,0.0,0.0,0.0
2016-11-16 00:00:00-05:00,26.364973222740723,26.52791726799354,26.27871044883712,26.412899017333984,264300,0.0,0.0,0.0
2016-11-17 00:00:00-05:00,26.518337211958407,26.959243607570333,26.432072599220014,26.82185935974121,161400,0.0,0.0,0.0
2016-11-18 00:00:00-05:00,27.003969286733888,27.090233891069417,26.73878780519112,26.920900344848633,233100,0.0,0.0,0.0
2016-11-21 00:00:00-05:00,27.064678192138672,27.202060610017057,26.88256380890374,27.064678192138672,148500,0.0,0.0,0.0
2016-11-22 00:00:00-05:00,27.253179138468635,27.30430059900909,26.959242166500143,27.275545120239258,180900,0.0,0.0,0.0
2016-11-23 00:00:00-05:00,27.38097799481442,27.438487119860408,27.013553608080393,27.400146484375,306600,0.0,0.0,0.0
2016-11-25 00:00:00-05:00,27.476829673265105,27.572677612304688,27.441682869495438,27.572677612304688,86400,0.0,0.0,0.0
2016-11-28 00:00:00-05:00,27.160524512718062,27.502387276083304,26.978411968546713,27.035921096801758,189300,0.0,0.0,0.0
2016-11-29 00:00:00-05:00,27.157327638562204,27.400146790866902,27.083843857302696,27.240398406982422,262200,0.0,0.0,0.0
2016-11-30 00:00:00-05:00,27.687697918534724,27.719647231801698,27.396952951985572,27.49599838256836,285000,0.0,0.0,0.0
2016-12-01 00:00:00-05:00,27.796328660842622,28.106242140521733,27.547119977604904,27.88898277282715,159600,0.0,0.0,0.0
2016-12-02 00:00:00-05:00,27.68130806435445,27.869813775920903,27.521559661348093,27.64935874938965,182100,0.0,0.0,0.0
2016-12-05 00:00:00-05:00,28.09026607800219,28.33308342344247,27.853836401532227,28.30113410949707,152100,0.0,0.0,0.0
2016-12-06 00:00:00-05:00,28.521587082082046,28.75482109409589,28.246818596621242,28.722871780395508,159300,0.0,0.0,0.0
2016-12-07 00:00:00-05:00,28.75482277709513,29.71970636714256,28.745237616787545,29.66858673095703,357000,0.0,0.0,0.0
2016-12-08 00:00:00-05:00,29.92418355275968,30.46413537101367,29.678170543313282,30.211732864379883,300300,0.0,0.0,0.0
2016-12-09 00:00:00-05:00,30.211734399472757,30.266049698781156,29.940161559295568,30.240488052368164,278400,0.0,0.0,0.0
2016-12-12 00:00:00-05:00,30.05837106369462,30.317163042555613,29.69414233640825,29.86347770690918,330000,0.0,0.0,0.0
2016-12-13 00:00:00-05:00,29.93696208070572,30.23090086698346,29.601488823620027,29.978496551513672,553500,0.0,0.0,0.0
2016-12-14 00:00:00-05:00,29.607879785778678,30.272435007962834,29.313940984952247,29.4832763671875,293400,0.0,0.0,0.0
2016-12-15 00:00:00-05:00,29.831527709960938,30.278825394345745,29.553563574378828,29.831527709960938,298200,0.0,0.0,0.0
2016-12-16 00:00:00-05:00,30.058371434897225,30.058371434897225,29.528004821118998,29.579124450683594,202800,0.0,0.0,0.0
2016-12-19 00:00:00-05:00,29.668583584900983,29.796382661812988,29.390621278185694,29.78360366821289,192300,0.0,0.0,0.0
2016-12-20 00:00:00-05:00,30.096712554435193,30.31397191086153,29.997668950115457,30.28841209411621,169500,0.0,0.0,0.0
2016-12-21 00:00:00-05:00,30.222378604638767,30.225582713359113,30.055704427089324,30.058910369873047,80400,0.10133,0.0,0.0
2016-12-22 00:00:00-05:00,29.92429722013194,30.084559550150214,29.664670814932563,29.901859283447266,204900,0.0,0.0,0.0
2016-12-23 00:00:00-05:00,29.876213740049078,29.99160385131836,29.82492965372131,29.99160385131836,51900,0.0,0.0,0.0
2016-12-27 00:00:00-05:00,30.376232307987568,30.376232307987568,30.03967982796051,30.097373962402344,108300,0.0,0.0,0.0
2016-12-28 00:00:00-05:00,30.20635728509541,30.20635728509541,29.501200155540563,29.571714401245117,87000,0.0,0.0,0.0
2016-12-29 00:00:00-05:00,29.59094399350714,29.699924047608377,29.206313363317957,29.39221954345703,183000,0.0,0.0,0.0
2016-12-30 00:00:00-05:00,29.549271463242732,29.715945628305363,29.372983138675956,29.62299346923828,148200,0.0,0.0,0.0
2017-01-03 00:00:00-05:00,30.20955991268835,30.36661626922256,29.642229061652785,30.07493782043457,599700,0.0,0.0,0.0
2017-01-04 00:00:00-05:00,30.228795128548914,30.780098191271456,30.129431055675408,30.738431930541992,403800,0.0,0.0,0.0
2017-01-05 00:00:00-05:00,30.600601285797854,30.616627332706003,29.895444217458337,30.363412857055664,196200,0.0,0.0,0.0
2017-01-06 00:00:00-05:00,30.574957633700485,30.735219928405243,30.305715291258156,30.562135696411133,151500,0.0,0.0,0.0
2017-01-09 00:00:00-05:00,30.28968767303836,30.395461772447643,30.062113428987477,30.068525314331055,139500,0.0,0.0,0.0
2017-01-10 00:00:00-05:00,30.13263289921071,30.44995523328506,29.937112557600706,30.129426956176758,134700,0.0,0.0,0.0
2017-01-11 00:00:00-05:00,30.11019743249615,30.308923721313477,29.882624992021565,30.308923721313477,167700,0.0,0.0,0.0
2017-01-12 00:00:00-05:00,30.030064442875066,30.113402454386815,29.501197559283764,30.017244338989258,209700,0.0,0.0,0.0
2017-01-13 00:00:00-05:00,30.296101581976828,30.735222246697006,30.055707204755553,30.241613388061523,501900,0.0,0.0,0.0
2017-01-17 00:00:00-05:00,29.789672292160137,29.94993644112453,29.244779321059386,29.35055160522461,306000,0.0,0.0,0.0
2017-01-18 00:00:00-05:00,29.642228428519594,29.703126670447077,29.126181671061094,29.699922561645508,102600,0.0,0.0,0.0
2017-01-19 00:00:00-05:00,29.738384804637757,29.760822736640506,29.16143980333247,29.31208610534668,147000,0.0,0.0,0.0
2017-01-20 00:00:00-05:00,29.47876416873427,29.728774558111546,29.44991618124562,29.594152450561523,93300,0.0,0.0,0.0
2017-01-23 00:00:00-05:00,29.43068449738815,29.703130990507987,29.28644822656375,29.51081657409668,182100,0.0,0.0,0.0
2017-01-24 00:00:00-05:00,29.709537758860073,30.187120525375427,29.546069524337472,30.036474227905273,275400,0.0,0.0,0.0
2017-01-25 00:00:00-05:00,30.44995269719322,30.728809193825544,30.299304566224464,30.683935165405273,436200,0.0,0.0,0.0
2017-01-26 00:00:00-05:00,30.82497063393928,30.930744747920656,30.629448453416696,30.78650665283203,327600,0.0,0.0,0.0
2017-01-27 00:00:00-05:00,30.81214825635775,30.81214825635775,30.401877388376604,30.45636558532715,96000,0.0,0.0,0.0
2017-01-30 00:00:00-05:00,30.09737465980721,30.238406807336823,29.63902384846298,30.062116622924805,201300,0.0,0.0,0.0
2017-01-31 00:00:00-05:00,29.78326435305507,30.14545893445065,29.642234019473207,29.850574493408203,117000,0.0,0.0,0.0
2017-02-01 00:00:00-05:00,30.395465599856852,30.4275176943575,29.648638592734162,29.722360610961914,248400,0.0,0.0,0.0
2017-02-02 00:00:00-05:00,29.616585291855817,29.866595653716978,29.35375482634202,29.687101364135742,190800,0.0,0.0,0.0
2017-02-03 00:00:00-05:00,30.443542013421283,30.786504540487243,30.167889614611116,30.719194412231445,324000,0.0,0.0,0.0
2017-02-06 00:00:00-05:00,30.465977232277318,30.837787732464413,30.465977232277318,30.5364933013916,300000,0.0,0.0,0.0
2017-02-07 00:00:00-05:00,30.79291531317772,30.79291531317772,30.344178695608676,30.382640838623047,124200,0.0,0.0,0.0
2017-02-08 00:00:00-05:00,30.190330585345674,30.273666768329694,29.953140307067393,30.14866065979004,130500,0.0,0.0,0.0
2017-02-09 00:00:00-05:00,30.318539831763054,30.840996681379448,30.27366579849245,30.78650665283203,168600,0.0,0.0,0.0
2017-02-10 00:00:00-05:00,31.071771223930515,31.158313341765968,30.821762699143036,31.023693084716797,351000,0.0,0.0,0.0
2017-02-13 00:00:00-05:00,31.260885243979477,31.81860199630207,31.260885243979477,31.607053756713867,315900,0.0,0.0,0.0
2017-02-14 00:00:00-05:00,31.542947119669442,32.13271592294197,31.44679083719388,32.09745788574219,254700,0.0,0.0,0.0
2017-02-15 00:00:00-05:00,32.40516339998689,32.50452562859624,31.898730759389846,32.43400955200195,417900,0.0,0.0,0.0
2017-02-16 00:00:00-05:00,32.40516339998689,32.5013196854552,32.09104699845363,32.43400955200195,202500,0.0,0.0,0.0
2017-02-17 00:00:00-05:00,32.10066971755106,32.4019660949707,32.00451340644818,32.4019660949707,435000,0.0,0.0,0.0
2017-02-21 00:00:00-05:00,32.5750347359399,32.86991908366518,32.514132833671205,32.809017181396484,194700,0.0,0.0,0.0
2017-02-22 00:00:00-05:00,32.38592558846008,32.88915219546984,32.38592558846008,32.79940414428711,143400,0.0,0.0,0.0
2017-02-23 00:00:00-05:00,32.89236738446399,32.96929168701172,32.555813014951,32.96929168701172,138600,0.0,0.0,0.0
2017-02-24 00:00:00-05:00,32.62953404468151,32.67440624745199,32.3955478644701,32.655174255371094,209100,0.0,0.0,0.0
2017-02-27 00:00:00-05:00,32.645556730275814,33.01415948082551,32.645556730275814,32.9404411315918,157800,0.0,0.0,0.0
2017-02-28 00:00:00-05:00,32.75453691361819,32.88274897310257,32.53337450402554,32.76736068725586,285900,0.0,0.0,0.0
2017-03-01 00:00:00-05:00,33.67444351318956,34.27062051881729,33.453281134781314,34.078304290771484,546300,0.0,0.0,0.0
2017-03-02 00:00:00-05:00,34.29627127120134,34.485381594208874,33.23853363892264,33.24494552612305,360900,0.0,0.0,0.0
2017-03-03 00:00:00-05:00,33.30583283513619,33.4981490385339,33.14236644653034,33.4244270324707,206400,0.0,0.0,0.0
2017-03-06 00:00:00-05:00,33.16800807517202,33.16800807517202,32.783379319983766,33.030181884765625,288300,0.0,0.0,0.0
2017-03-07 00:00:00-05:00,33.033388206159195,33.03659414888012,32.722477788509345,32.796199798583984,149400,0.0,0.0,0.0
2017-03-08 00:00:00-05:00,33.260966103791205,33.363534273356784,32.54619485990492,32.555809020996094,282600,0.0,0.0,0.0
2017-03-09 00:00:00-05:00,32.74491214260027,33.01415261172143,32.3282276694356,32.53977584838867,164100,0.0,0.0,0.0
2017-03-10 00:00:00-05:00,32.879541584701684,32.879541584701684,32.18400228865209,32.51414108276367,185400,0.0,0.0,0.0
2017-03-13 00:00:00-04:00,32.64554695757554,32.70003696852465,32.42117869774893,32.613494873046875,133800,0.0,0.0,0.0
2017-03-14 00:00:00-04:00,32.385926215948764,32.523752403894875,32.15514603245408,32.504520416259766,242100,0.0,0.0,0.0
2017-03-15 00:00:00-04:00,32.62632771048725,32.873133993087,32.58145184012691,32.69363784790039,348300,0.0,0.0,0.0
2017-03-16 00:00:00-04:00,32.86671681287627,33.17121535385731,32.77376281192459,32.89236068725586,353400,0.0,0.0,0.0
2017-03-17 00:00:00-04:00,33.04300810523412,33.04300810523412,32.39874929863683,32.43080139160156,150000,0.0,0.0,0.0
2017-03-20 00:00:00-04:00,32.28015149551459,32.42118362336792,31.985267137673944,32.00129318237305,219000,0.0,0.0,0.0
2017-03-21 00:00:00-04:00,32.24489903676483,32.24489903676483,30.433928161808662,30.52688217163086,762900,0.0,0.0,0.0
2017-03-22 00:00:00-04:00,30.248452243382552,30.614129162368947,29.93410004299083,30.469783782958984,428700,0.024,0.0,0.0
2017-03-23 00:00:00-04:00,30.399213606246217,31.236417887342256,30.335059086181435,30.687904357910156,323400,0.0,0.0,0.0
2017-03-24 00:00:00-04:00,30.816206889014424,30.99263040533998,30.31259961100389,30.646198272705078,302400,0.0,0.0,0.0
2017-03-27 00:00:00-04:00,29.946932004071638,30.363929975242176,29.517100558800344,30.30940055847168,271800,0.0,0.0,0.0
2017-03-28 00:00:00-04:00,30.1810954293897,31.14340237672099,30.15222561527082,30.983016967773438,249000,0.0,0.0,0.0
2017-03-29 00:00:00-04:00,30.922062781699275,30.989427503278627,30.652618578989646,30.80658721923828,274800,0.0,0.0,0.0
2017-03-30 00:00:00-04:00,30.944524799104762,31.53794826016075,30.803385928721475,31.464170455932617,200700,0.0,0.0,0.0
2017-03-31 00:00:00-04:00,31.335853964308257,31.5058644448253,31.175472259521484,31.175472259521484,138600,0.0,0.0,0.0
2017-04-03 00:00:00-04:00,31.210756752474712,31.34547885192279,30.49223460603277,31.047163009643555,205500,0.0,0.0,0.0
2017-04-04 00:00:00-04:00,30.851496582449965,31.111319347363988,30.800173703117636,30.97018051147461,134100,0.0,0.0,0.0
2017-04-05 00:00:00-04:00,31.348686960871582,31.701530376940713,30.60129501267966,30.633371353149414,324300,0.0,0.0,0.0
2017-04-06 00:00:00-04:00,30.633377664369473,31.13377675477607,30.33506359854879,30.963769912719727,110100,0.0,0.0,0.0
2017-04-07 00:00:00-04:00,30.585260488748553,31.140190789377602,30.575637218370176,30.81942367553711,139500,0.0,0.0,0.0
2017-04-10 00:00:00-04:00,30.829039802075762,31.082445815085315,30.59167195845154,30.81300163269043,81300,0.0,0.0,0.0
2017-04-11 00:00:00-04:00,30.64620275034997,30.796964853187546,30.248449524019975,30.79375648498535,234000,0.0,0.0,0.0
2017-04-12 00:00:00-04:00,30.73922789268094,30.8450820270832,30.302983387508124,30.367137908935547,206100,0.0,0.0,0.0
2017-04-13 00:00:00-04:00,30.177885356867012,30.59488333323535,29.783340454101562,29.783340454101562,362400,0.0,0.0,0.0
2017-04-17 00:00:00-04:00,29.89239777408441,30.681487491173378,29.808998555248433,30.636579513549805,181200,0.0,0.0,0.0
2017-04-18 00:00:00-04:00,30.325434039873016,30.566010263983195,30.039951673344326,30.347888946533203,176400,0.0,0.0,0.0
2017-04-19 00:00:00-04:00,30.671861633451893,30.79375391866408,30.158632890927695,30.254863739013672,123300,0.0,0.0,0.0
2017-04-20 00:00:00-04:00,30.601300699341245,31.04716852235008,30.367141167856907,30.9733943939209,236400,0.0,0.0,0.0
2017-04-21 00:00:00-04:00,30.88036671944307,31.008672091316377,30.527521440438267,30.549976348876953,162300,0.0,0.0,0.0
2017-04-24 00:00:00-04:00,31.550773154635603,31.595679301448627,31.230006048065793,31.37434959411621,211500,0.0,0.0,0.0
2017-04-25 00:00:00-04:00,31.833052514736018,32.022305888390115,31.72399000418877,31.820219039916992,184200,0.0,0.0,0.0
2017-04-26 00:00:00-04:00,31.772098541259766,32.22117463192868,31.733605465853465,31.772098541259766,177600,0.0,0.0,0.0
2017-04-27 00:00:00-04:00,31.842665056477063,31.842665056477063,31.306981430370822,31.550765991210938,94500,0.0,0.0,0.0
2017-04-28 00:00:00-04:00,31.521906165280253,31.521906165280253,30.944520950317383,30.944520950317383,80100,0.0,0.0,0.0
2017-05-01 00:00:00-04:00,31.233210043927237,31.467369521723388,31.008668328591515,31.303775787353516,185400,0.0,0.0,0.0
2017-05-02 00:00:00-04:00,31.30377784566558,31.42887851300924,31.076031418168643,31.24924659729004,90600,0.0,0.0,0.0
2017-05-03 00:00:00-04:00,31.188310845026862,31.387189354233634,31.14661305840007,31.367942810058594,78600,0.0,0.0,0.0
2017-05-04 00:00:00-04:00,31.582850323892778,31.720780807377178,31.136982529034224,31.416051864624023,73500,0.0,0.0,0.0
2017-05-05 00:00:00-04:00,31.58605937171735,31.60530591295489,31.239628971246468,31.45775032043457,59400,0.0,0.0,0.0
2017-05-08 00:00:00-04:00,31.4353018262782,31.46096143623387,31.194725546155926,31.29095458984375,75600,0.0,0.0,0.0
2017-05-09 00:00:00-04:00,31.348687473772962,31.496239376528315,30.8739480827085,31.018295288085938,39900,0.0,0.0,0.0
2017-05-10 00:00:00-04:00,30.928479514536537,31.281326609377135,30.928479514536537,31.24924659729004,77400,0.0,0.0,0.0
2017-05-11 00:00:00-04:00,31.03433494983659,31.03433494983659,30.49223631790536,30.89319610595703,163500,0.0,0.0,0.0
2017-05-12 00:00:00-04:00,30.68469446744277,30.71677080623986,30.440909887502855,30.655824661254883,222000,0.0,0.0,0.0
2017-05-15 00:00:00-04:00,30.742437929775715,31.185097360482292,30.742437929775715,31.09848976135254,162300,0.0,0.0,0.0
2017-05-16 00:00:00-04:00,31.22358299075473,31.22358299075473,30.886777780577205,31.095273971557617,81600,0.0,0.0,0.0
2017-05-17 00:00:00-04:00,30.479401237172635,30.886779551532673,29.658235214112633,29.792957305908203,512400,0.0,0.0,0.0
2017-05-18 00:00:00-04:00,29.6742778011188,30.18430010883649,29.664656366373233,29.914854049682617,236100,0.0,0.0,0.0
2017-05-19 00:00:00-04:00,29.998255195439437,30.662246197855215,29.998255195439437,30.35751724243164,125700,0.0,0.0,0.0
2017-05-22 00:00:00-04:00,30.530725570935147,30.681485830320053,30.35109550561553,30.607709884643555,69000,0.0,0.0,0.0
2017-05-23 00:00:00-04:00,30.700731415323183,31.114520941514034,30.498646450950197,30.986215591430664,84300,0.0,0.0,0.0
2017-05-24 00:00:00-04:00,31.034336656333114,31.146607532284282,30.92206578038195,31.10490608215332,104100,0.0,0.0,0.0
2017-05-25 00:00:00-04:00,31.204345543267472,31.438505074651896,31.16264409038406,31.25887680053711,85800,0.0,0.0,0.0
2017-05-26 00:00:00-04:00,31.165852618311227,31.220383875859252,31.10490829398862,31.127363204956055,40500,0.0,0.0,0.0
2017-05-30 00:00:00-04:00,30.97659446403859,30.983011200727073,30.69752698797254,30.748849868774414,36900,0.0,0.0,0.0
2017-05-31 00:00:00-04:00,30.74885246748009,30.74885246748009,30.088069862447927,30.453746795654297,133800,0.0,0.0,0.0
2017-06-01 00:00:00-04:00,30.710358532807238,31.114524841308594,30.456950662459274,31.114524841308594,94800,0.0,0.0,0.0
2017-06-02 00:00:00-04:00,30.82262781649005,31.262082535542945,30.79375984132752,31.03433609008789,169800,0.0,0.0,0.0
2017-06-05 00:00:00-04:00,31.095282995256962,31.34548437048303,31.034338671311083,31.07603645324707,46200,0.0,0.0,0.0
2017-06-06 00:00:00-04:00,30.70073677336318,30.95734935376594,30.59488263852931,30.755266189575195,137400,0.0,0.0,0.0
2017-06-07 00:00:00-04:00,30.8835702972456,31.258868591021564,30.8835702972456,31.18829917907715,164700,0.0,0.0,0.0
2017-06-08 00:00:00-04:00,31.143400230752835,31.948528247148488,31.143400230752835,31.688705444335938,233100,0.0,0.0,0.0
2017-06-09 00:00:00-04:00,31.990216095057928,32.625337081098095,31.987011398235033,32.6060905456543,358800,0.0,0.0,0.0
2017-06-12 00:00:00-04:00,32.80498454518522,32.88517542186951,32.41043955845363,32.70875549316406,105900,0.0,0.0,0.0
2017-06-13 00:00:00-04:00,32.94290388706393,33.07762598258022,32.782518517167404,33.01668167114258,117300,0.0,0.0,0.0
2017-06-14 00:00:00-04:00,32.80819487561396,33.15141698760383,32.45213928586502,33.14820861816406,152700,0.0,0.0,0.0
2017-06-15 00:00:00-04:00,32.75045154383374,33.170659791361345,32.61572940978759,32.99102783203125,68700,0.0,0.0,0.0
2017-06-16 00:00:00-04:00,33.026310641429724,33.026310641429724,32.77611293136095,32.91404342651367,52500,0.0,0.0,0.0
2017-06-19 00:00:00-04:00,33.212354295280036,33.44651749308937,33.16744814533566,33.347076416015625,194400,0.0,0.0,0.0
2017-06-20 00:00:00-04:00,33.279708440838505,33.279708440838505,32.89799706836659,32.920448303222656,39900,0.0,0.0,0.0
2017-06-21 00:00:00-04:00,32.98946858114308,32.98946858114308,32.43092178576132,32.46623229980469,112800,0.025,0.0,0.0
2017-06-22 00:00:00-04:00,32.264003295507926,32.39561321561048,32.074611528889065,32.193382263183594,69900,0.0,0.0,0.0
2017-06-23 00:00:00-04:00,32.4469684590045,32.4469684590045,31.994353250759836,32.081024169921875,47100,0.0,0.0,0.0
2017-06-26 00:00:00-04:00,32.154850699072064,32.63635491121411,32.154850699072064,32.42449188232422,50700,0.0,0.0,0.0
2017-06-27 00:00:00-04:00,32.575378242396184,33.00873293033091,32.552906910847874,32.58500671386719,64500,0.0,0.0,0.0
2017-06-28 00:00:00-04:00,32.96057719239073,33.4324530795993,32.91884892088796,33.332942962646484,213000,0.0,0.0,0.0
2017-06-29 00:00:00-04:00,34.151497267371276,34.34731045070293,33.146756654386266,33.4677619934082,144600,0.0,0.0,0.0
2017-06-30 00:00:00-04:00,33.91717292147983,33.91717292147983,33.300847844364625,33.365047454833984,66000,0.0,0.0,0.0
2017-07-03 00:00:00-04:00,33.75023538953851,34.48212388318159,33.75023538953851,34.183589935302734,231600,0.0,0.0,0.0
2017-07-05 00:00:00-04:00,34.222119352112344,34.276690481846934,33.93963523282113,34.14508056640625,186900,0.0,0.0,0.0
2017-07-06 00:00:00-04:00,34.106552517793254,34.106552517793254,33.4517064390757,33.5126953125,107100,0.0,0.0,0.0
2017-07-07 00:00:00-04:00,33.75666665960923,33.97494751632371,33.53196437309053,33.881858825683594,136800,0.0,0.0,0.0
2017-07-10 00:00:00-04:00,33.90753758002839,33.90753758002839,33.68925672085283,33.734195709228516,111600,0.0,0.0,0.0
2017-07-11 00:00:00-04:00,33.785558315013766,33.785558315013766,33.185283158224465,33.44208526611328,95400,0.0,0.0,0.0
2017-07-12 00:00:00-04:00,33.483821934373864,33.78877379166801,33.483821934373864,33.692474365234375,156000,0.0,0.0,0.0
2017-07-13 00:00:00-04:00,33.804814799409016,34.00704574584961,33.73419376917516,34.00704574584961,117600,0.0,0.0,0.0
2017-07-14 00:00:00-04:00,33.51591139531677,34.09692583730723,33.30725902887662,33.923583984375,178800,0.0,0.0,0.0
2017-07-17 00:00:00-04:00,33.785547762193275,34.01024999560927,33.65393787100421,33.91073989868164,46200,0.0,0.0,0.0
2017-07-18 00:00:00-04:00,33.58974580034955,33.83049798478006,33.52875323873303,33.801605224609375,128700,0.0,0.0,0.0
2017-07-19 00:00:00-04:00,33.82085602906698,34.03592977938458,33.779127768727115,33.994197845458984,117300,0.0,0.0,0.0
2017-07-20 00:00:00-04:00,34.016678098728946,34.190019960623005,33.90432879676849,33.98778533935547,108300,0.0,0.0,0.0
2017-07-21 00:00:00-04:00,33.84974878085613,34.15791119364509,33.84653806692559,33.994197845458984,78900,0.0,0.0,0.0
2017-07-24 00:00:00-04:00,33.83048854434515,34.247789520279426,33.7534461035045,34.183589935302734,92100,0.0,0.0,0.0
2017-07-25 00:00:00-04:00,34.56880645968663,34.98611125005163,34.56880645968663,34.828819274902344,258000,0.0,0.0,0.0
2017-07-26 00:00:00-04:00,34.87696199067865,35.01499332145617,34.46928575357229,34.55274963378906,49200,0.0,0.0,0.0
2017-07-27 00:00:00-04:00,34.51101622294635,34.539908977784805,33.98136224966554,34.23174285888672,108900,0.0,0.0,0.0
2017-07-28 00:00:00-04:00,34.18038412245053,34.28310494257665,33.96531401250547,34.196434020996094,53700,0.0,0.0,0.0
2017-07-31 00:00:00-04:00,34.350512356552,34.67793540231117,34.193224098777044,34.55595397949219,60300,0.0,0.0,0.0
2017-08-01 00:00:00-04:00,34.85449378029335,35.05030696713475,34.697201822598885,35.047096252441406,178500,0.0,0.0,0.0
2017-08-02 00:00:00-04:00,35.03104823927826,35.05351956975535,34.706835835934335,34.99252700805664,135300,0.0,0.0,0.0
2017-08-03 00:00:00-04:00,34.85770832974161,34.87696894643397,34.6041169448684,34.71967697143555,31200,0.0,0.0,0.0
2017-08-04 00:00:00-04:00,34.99573650579853,35.31032042718948,34.99573650579853,35.09845733642578,76800,0.0,0.0,0.0
2017-08-07 00:00:00-04:00,35.09845708400222,35.09845708400222,34.94437583916948,35.008575439453125,73200,0.0,0.0,0.0
2017-08-08 00:00:00-04:00,35.02142159183759,35.45156189305826,34.76782653441282,34.83844757080078,88800,0.0,0.0,0.0
2017-08-09 00:00:00-04:00,34.59447153392426,34.774234771728516,34.38582289253856,34.774234771728516,93300,0.0,0.0,0.0
2017-08-10 00:00:00-04:00,34.42435738076923,34.433989526956125,33.657161712646484,33.657161712646484,202200,0.0,0.0,0.0
2017-08-11 00:00:00-04:00,33.718134666328154,33.8272768966445,33.2430518728771,33.377872467041016,209100,0.0,0.0,0.0
2017-08-14 00:00:00-04:00,33.76950447857023,34.48213254092926,33.76950447857023,34.315208435058594,96600,0.0,0.0,0.0
2017-08-15 00:00:00-04:00,34.761403203686456,34.761403203686456,34.35372695231284,34.44681930541992,42900,0.0,0.0,0.0
2017-08-16 00:00:00-04:00,34.716467747185206,34.74856755185524,34.34731631989274,34.38583755493164,42300,0.0,0.0,0.0
2017-08-17 00:00:00-04:00,34.209285557420095,34.32163487574147,33.3393654064939,33.365047454833984,98100,0.0,0.0,0.0
2017-08-18 00:00:00-04:00,33.16601228375424,33.586527671763065,32.9990918836464,33.23663330078125,75600,0.0,0.0,0.0
2017-08-21 00:00:00-04:00,33.159603188546804,33.30726301588212,33.02157183259961,33.25911331176758,62700,0.0,0.0,0.0
2017-08-22 00:00:00-04:00,33.49023477889882,33.88827524497303,33.49023477889882,33.779136657714844,34800,0.0,0.0,0.0
2017-08-23 00:00:00-04:00,33.35220335148921,34.03273168731109,33.35220335148921,33.78876876831055,33000,0.0,0.0,0.0
2017-08-24 00:00:00-04:00,34.02629822044695,34.02629822044695,33.72455723035039,33.72776794433594,29100,0.0,0.0,0.0
2017-08-25 00:00:00-04:00,33.81123322572313,34.154706202123364,33.81123322572313,33.939632415771484,96900,0.0,0.0,0.0
2017-08-28 00:00:00-04:00,34.103350887314036,34.103350887314036,33.48381515143148,33.625057220458984,51600,0.0,0.0,0.0
2017-08-29 00:00:00-04:00,32.950944371503425,33.477387646286076,32.950944371503425,33.38108825683594,72300,0.0,0.0,0.0
2017-08-30 00:00:00-04:00,33.48381560452934,33.798399549149885,33.41640528405165,33.6956787109375,102000,0.0,0.0,0.0
2017-08-31 00:00:00-04:00,33.82086492903551,33.94926780494636,33.68283358238504,33.779136657714844,46500,0.0,0.0,0.0
2017-09-01 00:00:00-04:00,33.87221999532105,34.29594611268073,33.87221999532105,34.023094177246094,122100,0.0,0.0,0.0
2017-09-05 00:00:00-04:00,33.724558841752206,33.724558841752206,32.68450787588966,32.80970001220703,215100,0.0,0.0,0.0
2017-09-06 00:00:00-04:00,33.00552687497492,33.207757866699424,32.88675611760081,32.94453430175781,82800,0.0,0.0,0.0
2017-09-07 00:00:00-04:00,32.83538785823098,32.91242664325927,32.14523113974993,32.318572998046875,187500,0.0,0.0,0.0
2017-09-08 00:00:00-04:00,32.26078894513943,32.877113877511555,32.26078894513943,32.71982192993164,93600,0.0,0.0,0.0
2017-09-11 00:00:00-04:00,33.35540926177121,33.90432758724441,33.35540926177121,33.766292572021484,107100,0.0,0.0,0.0
2017-09-12 00:00:00-04:00,33.92036804431965,34.30878363307115,33.84011855943072,34.267051696777344,79200,0.0,0.0,0.0
2017-09-13 00:00:00-04:00,34.02629997529977,34.234952312091316,34.02629997529977,34.22853088378906,132000,0.0,0.0,0.0
2017-09-14 00:00:00-04:00,34.16754804759225,34.28631877707212,34.103348447567804,34.15470886230469,84000,0.0,0.0,0.0
2017-09-15 00:00:00-04:00,33.98458606962313,34.408308676933345,33.98458606962313,34.40509796142578,46800,0.0,0.0,0.0
2017-09-18 00:00:00-04:00,34.50459787397509,34.880170618134194,34.50459787397509,34.835227966308594,156000,0.0,0.0,0.0
2017-09-19 00:00:00-04:00,34.8448636445889,35.23006489688991,34.8448636445889,35.08240509033203,78900,0.0,0.0,0.0
2017-09-20 00:00:00-04:00,35.11129121738256,35.46760702957921,34.90906030143492,35.33278274536133,108000,0.0,0.0,0.0
2017-09-21 00:00:00-04:00,35.23006849487705,35.56712375784805,35.23006849487705,35.42909240722656,114600,0.0,0.0,0.0
2017-09-22 00:00:00-04:00,35.14018014732432,35.39056072930358,35.07597688968018,35.342411041259766,75000,0.0,0.0,0.0
2017-09-25 00:00:00-04:00,35.17549928254688,35.45155829643817,34.96042548016914,35.246116638183594,99900,0.0,0.0,0.0
2017-09-26 00:00:00-04:00,35.310321349481974,35.34563186553155,35.14339724016269,35.23970031738281,28800,0.0,0.0,0.0
2017-09-27 00:00:00-04:00,35.765190344213295,36.057846742233565,35.55614953413802,35.89704895019531,150600,0.068,0.0,0.0
2017-09-28 00:00:00-04:00,36.061064012853606,36.093223571777344,35.66871224138821,36.093223571777344,45000,0.0,0.0,0.0
2017-09-29 00:00:00-04:00,35.990315998787835,36.324782078066306,35.990315998787835,36.289405822753906,143400,0.0,0.0,0.0
2017-10-02 00:00:00-04:00,36.34086842838763,36.755733489990234,36.29262907526734,36.755733489990234,99000,0.0,0.0,0.0
2017-10-03 00:00:00-04:00,36.803964718846046,36.92938995361328,36.643163230181024,36.92938995361328,68400,0.0,0.0,0.0
2017-10-04 00:00:00-04:00,36.7943085379219,36.97118977806624,36.67210001567902,36.778228759765625,41700,0.0,0.0,0.0
2017-10-05 00:00:00-04:00,36.91009615882458,37.59188774825301,36.82647687596153,37.39570999145508,158100,0.0,0.0,0.0
2017-10-06 00:00:00-04:00,37.73660470661549,37.73660470661549,37.09983585099585,37.398921966552734,251400,0.0,0.0,0.0
2017-10-09 00:00:00-04:00,37.57901976682671,37.57901976682671,37.14485834874328,37.25420379638672,116100,0.0,0.0,0.0
2017-10-10 00:00:00-04:00,37.279929509543244,37.55328944483474,37.279929509543244,37.54685974121094,64200,0.0,0.0,0.0
2017-10-11 00:00:00-04:00,37.46323758514314,37.591875800182805,37.35067546655842,37.56936264038086,75000,0.0,0.0,0.0
2017-10-12 00:00:00-04:00,37.804131784314805,37.804131784314805,37.196305936973886,37.2702751159668,88500,0.0,0.0,0.0
2017-10-13 00:00:00-04:00,37.112695061103636,37.501830112046264,36.874711398184985,37.26706314086914,87300,0.0,0.0,0.0
2017-10-16 00:00:00-04:00,37.29601108195242,37.55972463427134,37.29601108195242,37.540428161621094,48000,0.0,0.0,0.0
2017-10-17 00:00:00-04:00,37.723740177223156,37.78806298131623,37.135214306987336,37.205963134765625,45000,0.0,0.0,0.0
2017-10-18 00:00:00-04:00,37.47932074392316,37.60474227881909,37.23812038853436,37.51791000366211,45900,0.0,0.0,0.0
2017-10-19 00:00:00-04:00,37.05480871019478,37.56615600697929,36.82968811523146,37.533992767333984,71400,0.0,0.0,0.0
2017-10-20 00:00:00-04:00,37.964938499218995,38.112876892089844,37.96172548755176,38.112876892089844,122700,0.0,0.0,0.0
2017-10-23 00:00:00-04:00,38.13860347475804,38.222222748364246,37.8555971347955,37.92634963989258,129300,0.0,0.0,0.0
2017-10-24 00:00:00-04:00,38.16755059537437,38.37659142167057,38.15790051884794,38.24151611328125,126900,0.0,0.0,0.0
2017-10-25 00:00:00-04:00,38.39909395175527,38.56311209916763,37.57901425596895,37.97458267211914,191700,0.0,0.0,0.0
2017-10-26 00:00:00-04:00,38.07428748089576,38.41518326586926,38.07428748089576,38.20614242553711,63000,0.0,0.0,0.0
2017-10-27 00:00:00-04:00,37.797710680155795,38.36694377724726,37.797710680155795,38.299407958984375,96000,0.0,0.0,0.0
2017-10-30 00:00:00-04:00,37.797710686607275,38.302624657901426,37.797710686607275,38.061424255371094,85200,0.0,0.0,0.0
2017-10-31 00:00:00-04:00,38.064637124046115,38.077500211847656,37.87167608532014,37.94242858886719,156600,0.0,0.0,0.0
2017-11-01 00:00:00-04:00,38.225431725713015,38.447335613540346,37.968151589070786,38.032470703125,87600,0.0,0.0,0.0
2017-11-02 00:00:00-04:00,38.13538741093269,38.678890563319676,37.86845719211847,38.59849166870117,241500,0.0,0.0,0.0
2017-11-03 00:00:00-04:00,38.575979805318205,38.575979805318205,38.148251782860626,38.408748626708984,93300,0.0,0.0,0.0
2017-11-06 00:00:00-05:00,38.254378970913805,38.66281050522233,38.1450335306818,38.57276153564453,105000,0.0,0.0,0.0
2017-11-07 00:00:00-05:00,38.563114342666026,38.76572175970507,37.75268099408446,37.90061569213867,99000,0.0,0.0,0.0
2017-11-08 00:00:00-05:00,37.833085006045565,37.833085006045565,37.5307821854693,37.71087646484375,174300,0.0,0.0,0.0
2017-11-09 00:00:00-05:00,37.498624699484,37.65942251489144,36.9165248303456,37.492191314697266,155400,0.0,0.0,0.0
2017-11-10 00:00:00-05:00,37.55650549762858,37.58866505647719,37.347464684687026,37.36354446411133,53700,0.0,0.0,0.0
2017-11-13 00:00:00-05:00,37.03229465649426,37.60796105788189,37.03229465649426,37.537208557128906,57300,0.0,0.0,0.0
2017-11-14 00:00:00-05:00,37.37319697255341,37.550074557733296,37.14485967335564,37.540428161621094,64800,0.0,0.0,0.0
2017-11-15 00:00:00-05:00,37.06445871551028,37.678714392370566,36.903657239293054,37.5211296081543,93000,0.0,0.0,0.0
2017-11-16 00:00:00-05:00,37.797705821219914,37.878104718238916,37.58866500854492,37.58866500854492,130200,0.0,0.0,0.0
2017-11-17 00:00:00-05:00,37.36997972216696,37.56294076536126,37.20274853559726,37.4632453918457,137100,0.0,0.0,0.0
2017-11-20 00:00:00-05:00,37.50826605212782,37.79770576136346,37.45037663811046,37.694793701171875,76500,0.0,0.0,0.0
2017-11-21 00:00:00-05:00,37.878101650401796,38.061416273353856,37.68192762147891,38.022823333740234,80400,0.0,0.0,0.0
2017-11-22 00:00:00-05:00,38.090361749922764,38.15468086673933,37.7623291015625,37.7623291015625,51600,0.0,0.0,0.0
2017-11-24 00:00:00-05:00,37.82986282317763,37.90061531994255,37.730167461527174,37.7430305480957,95700,0.0,0.0,0.0
2017-11-27 00:00:00-05:00,37.730172937709916,38.00353288919987,37.70765977262841,37.71087646484375,117900,0.0,0.0,0.0
2017-11-28 00:00:00-05:00,37.72695506544401,39.11948463663409,37.72695506544401,39.07767868041992,191100,0.0,0.0,0.0
2017-11-29 00:00:00-05:00,39.63726534944576,40.20971514518264,39.46038775133006,39.8848991394043,282900,0.0,0.0,0.0
2017-11-30 00:00:00-05:00,40.39624537477709,41.05231081264567,40.0038935251884,40.32549285888672,249000,0.0,0.0,0.0
2017-12-01 00:00:00-05:00,40.35764237273446,40.598842711045066,38.80752461624456,40.3865852355957,368100,0.0,0.0,0.0
2017-12-04 00:00:00-05:00,41.75339912126544,41.80806816952898,40.95582871780521,40.95904541015625,306000,0.0,0.0,0.0
2017-12-05 00:00:00-05:00,41.245270523150715,41.28064677992781,40.41554051557119,40.515235900878906,301500,0.0,0.0,0.0
2017-12-06 00:00:00-05:00,40.35443510805297,40.66960102290155,40.20328001453959,40.38016128540039,111300,0.0,0.0,0.0
2017-12-07 00:00:00-05:00,40.171117097111754,40.885071825041535,40.16147070151873,40.66959762573242,84300,0.0,0.0,0.0
2017-12-08 00:00:00-05:00,40.96225248699511,41.07159423828125,40.61492340313584,41.07159423828125,93300,0.0,0.0,0.0
2017-12-11 00:00:00-05:00,41.16164143659565,41.16485812805373,40.84968861281224,40.97189712524414,91800,0.0,0.0,0.0
2017-12-12 00:00:00-05:00,41.20988554149717,41.901327068089465,41.100540101804526,41.66977310180664,122400,0.0,0.0,0.0
2017-12-13 00:00:00-05:00,41.595806846977155,41.74052485294022,40.89149856567383,40.89149856567383,161700,0.0,0.0,0.0
2017-12-14 00:00:00-05:00,41.15200484244033,41.23562412604161,40.44448338732473,40.515235900878906,74400,0.0,0.0,0.0
2017-12-15 00:00:00-05:00,40.791810045342366,41.563654261643016,40.778946956517615,41.25170135498047,116400,0.0,0.0,0.0
2017-12-18 00:00:00-05:00,41.80806205343067,42.12323161005779,41.68585720537677,41.85308837890625,166200,0.0,0.0,0.0
2017-12-19 00:00:00-05:00,42.02031762803025,42.04604748147016,41.16486164827737,41.17129135131836,87900,0.0,0.0,0.0
2017-12-20 00:00:00-05:00,41.80806561854335,41.80806561854335,40.88829040527344,40.88829040527344,121500,0.0,0.0,0.0
2017-12-21 00:00:00-05:00,41.22597454575108,41.5154143080562,41.22597454575108,41.28064727783203,87300,0.0,0.0,0.0
2017-12-22 00:00:00-05:00,41.451090790159405,41.486467043617765,40.94939353774827,41.322452545166016,66900,0.0,0.0,0.0
2017-12-26 00:00:00-05:00,41.28278261374047,41.46984457711625,40.986061982779326,41.195701599121094,63900,0.12233,0.0,0.0
2017-12-27 00:00:00-05:00,41.163442036788865,41.34728176614127,41.12796814426546,41.28922653198242,89100,0.0,0.0,0.0
2017-12-28 00:00:00-05:00,41.52466721839426,41.666573852967005,41.36663105503948,41.660125732421875,43800,0.0,0.0,0.0
2017-12-29 00:00:00-05:00,41.90523737152743,41.90523737152743,41.26019287109375,41.26019287109375,72000,0.0,0.0,0.0
2018-01-02 00:00:00-05:00,41.68270628247684,41.9020199065948,40.85059970586583,41.08281326293945,242100,0.0,0.0,0.0
2018-01-03 00:00:00-05:00,41.08926065960237,41.50208799756608,41.06668301113012,41.39242935180664,88800,0.0,0.0,0.0
2018-01-04 00:00:00-05:00,41.77945354259036,42.3857945703055,41.766553612034876,41.80847930908203,162000,0.0,0.0,0.0
2018-01-05 00:00:00-05:00,42.143912155075725,42.172937927638394,41.718184829961764,42.160037994384766,49800,0.0,0.0,0.0
2018-01-08 00:00:00-05:00,42.06650432139173,42.28259573111034,41.98587512647999,42.2051887512207,46500,0.0,0.0,0.0
2018-01-09 00:00:00-05:00,42.418052933763406,42.82442849262285,42.418052933763406,42.447078704833984,80400,0.0,0.0,0.0
2018-01-10 00:00:00-05:00,42.592221665296904,43.04052668955013,42.32130458329306,42.72768020629883,87900,0.0,0.0,0.0
2018-01-11 00:00:00-05:00,43.02116468237681,43.098567962646484,42.75024766498165,43.098567962646484,108000,0.0,0.0,0.0
2018-01-12 00:00:00-05:00,43.49528083307852,43.588809967041016,43.08567563807107,43.588809967041016,83400,0.0,0.0,0.0
2018-01-16 00:00:00-05:00,44.34673184811118,44.356409565906674,43.09534978721648,43.363040924072266,175500,0.0,0.0,0.0
2018-01-17 00:00:00-05:00,43.52430908646743,44.18547963814195,43.16953689469599,44.08549499511719,84900,0.0,0.0,0.0
2018-01-18 00:00:00-05:00,43.93389769704353,44.12418551703062,43.73393585172065,43.8081169128418,84000,0.0,0.0,0.0
2018-01-19 00:00:00-05:00,43.93389747813077,44.401554107666016,43.93389747813077,44.401554107666016,99000,0.0,0.0,0.0
2018-01-22 00:00:00-05:00,44.4305831061761,45.19173812866211,44.4305831061761,45.19173812866211,123300,0.0,0.0,0.0
2018-01-23 00:00:00-05:00,45.10465946224974,45.50458320066275,44.85954229350337,45.423954010009766,132600,0.0,0.0,0.0
2018-01-24 00:00:00-05:00,45.67552369980648,45.95288885815421,45.198189287210916,45.73680114746094,171600,0.0,0.0,0.0
2018-01-25 00:00:00-05:00,45.99158693442777,45.99158693442777,45.330416565706685,45.59165954589844,116400,0.0,0.0,0.0
2018-01-26 00:00:00-05:00,45.84645907533086,46.14963150024414,45.462661144265745,46.14963150024414,64200,0.0,0.0,0.0
2018-01-29 00:00:00-05:00,46.30766768167723,46.30766768167723,45.51426457088028,45.53683853149414,151200,0.0,0.0,0.0
2018-01-30 00:00:00-05:00,44.89824241175022,45.359450982102096,44.58217376754793,44.59507369995117,266100,0.0,0.0,0.0
2018-01-31 00:00:00-05:00,44.865989481303075,45.23366522677778,44.511217358838756,44.96919631958008,198600,0.0,0.0,0.0
2018-02-01 00:00:00-05:00,44.81438746340227,45.546513071490885,44.77246176021064,45.47233200073242,93600,0.0,0.0,0.0
2018-02-02 00:00:00-05:00,45.3013979952787,45.3013979952787,43.58880731369778,43.70491409301758,326100,0.0,0.0,0.0
2018-02-05 00:00:00-05:00,42.20196534102361,43.34368873431811,39.14445985036374,39.995914459228516,680700,0.0,0.0,0.0
2018-02-06 00:00:00-05:00,38.17689155640541,41.17634156092007,38.05755519402133,41.015079498291016,483300,0.0,0.0,0.0
2018-02-07 00:00:00-05:00,40.85704957393013,42.10520949221867,40.53452909043986,41.0021858215332,310800,0.0,0.0,0.0
2018-02-08 00:00:00-05:00,41.33115670707375,41.33115670707375,37.660858154296875,37.660858154296875,581100,0.0,0.0,0.0
2018-02-09 00:00:00-05:00,38.70259867873014,39.621786135543466,36.70941351802726,39.07994842529297,632700,0.0,0.0,0.0
2018-02-12 00:00:00-05:00,39.78304501656407,40.46678929713742,38.97673848117168,39.98623275756836,257100,0.0,0.0,0.0
2018-02-13 00:00:00-05:00,39.62824392067183,40.50872802570936,39.51213344963515,40.38616943359375,60300,0.0,0.0,0.0
2018-02-14 00:00:00-05:00,40.12814232129006,41.895562065757126,40.08299071695872,41.85041046142578,167700,0.0,0.0,0.0
2018-02-15 00:00:00-05:00,42.492236190542535,42.492236190542535,41.59562623745709,42.405155181884766,289200,0.0,0.0,0.0
2018-02-16 00:00:00-05:00,42.13424114271997,43.034077145055065,42.13424114271997,42.572872161865234,158400,0.0,0.0,0.0
2018-02-20 00:00:00-05:00,42.28259237525417,42.72767140139099,41.9213684433638,42.131004333496094,204600,0.0,0.0,0.0
2018-02-21 00:00:00-05:00,42.10520097656985,43.14372107871334,41.792354583740234,41.792354583740234,164400,0.0,0.0,0.0
2018-02-22 00:00:00-05:00,42.07940460756962,42.44385444521089,41.27309795853746,41.385982513427734,100200,0.0,0.0,0.0
2018-02-23 00:00:00-05:00,41.72785982799435,42.64059564160664,41.30213249297548,42.6341438293457,172200,0.0,0.0,0.0
2018-02-26 00:00:00-05:00,43.021164551019766,43.69200897216797,42.74379572321255,43.69200897216797,175800,0.0,0.0,0.0
2018-02-27 00:00:00-05:00,43.71781180043355,44.104835576110624,42.64381408691406,42.64381408691406,306000,0.0,0.0,0.0
2018-02-28 00:00:00-05:00,42.96311115657942,43.34691274041101,41.782684326171875,41.782684326171875,148800,0.0,0.0,0.0
2018-03-01 00:00:00-05:00,41.83106101702419,42.366446942212164,40.241029078962065,40.6119270324707,377700,0.0,0.0,0.0
2018-03-02 00:00:00-05:00,39.992692210177495,40.992512745029096,39.4411803620416,40.853824615478516,201900,0.0,0.0,0.0
2018-03-05 00:00:00-05:00,40.273274527028796,42.308385171025435,40.25069688163015,41.94393539428711,182100,0.0,0.0,0.0
2018-03-06 00:00:00-05:00,42.35354815225647,42.41159969244092,41.57304504683788,42.301944732666016,145500,0.0,0.0,0.0
2018-03-07 00:00:00-05:00,41.40533301843106,42.524486152550644,41.17957127721344,42.37289810180664,108900,0.0,0.0,0.0
2018-03-08 00:00:00-05:00,42.65027554681724,42.65027554681724,41.87299822308613,42.592220306396484,98700,0.0,0.0,0.0
2018-03-09 00:00:00-05:00,43.26628291865312,44.32415484255533,43.043743407232284,44.2983512878418,210600,0.0,0.0,0.0
2018-03-12 00:00:00-04:00,44.398338064852844,44.51444853990023,43.95971079567867,44.12419509887695,230400,0.0,0.0,0.0
2018-03-13 00:00:00-04:00,44.507998450541464,44.540250131202605,43.21791276925432,43.41142654418945,216000,0.0,0.0,0.0
2018-03-14 00:00:00-04:00,43.72426638180818,43.75974396634263,42.476110183920675,42.640594482421875,234600,0.0,0.0,0.0
2018-03-15 00:00:00-04:00,42.972797205933404,43.030848756950085,42.52449218390347,42.70832824707031,186000,0.0,0.0,0.0
2018-03-16 00:00:00-04:00,42.866354799568,43.44367011028054,42.866354799568,43.00503921508789,90300,0.0,0.0,0.0
2018-03-19 00:00:00-04:00,42.88570167291078,42.89537569781639,41.60529040398423,42.30516052246094,138300,0.0,0.0,0.0
2018-03-20 00:00:00-04:00,42.55351183823625,42.66639639958557,42.34709815105014,42.47610855102539,45600,0.0,0.0,0.0
2018-03-21 00:00:00-04:00,42.4628719239954,43.21836891648801,42.1884393189424,42.29821014404297,145200,0.04633,0.0,0.0
2018-03-22 00:00:00-04:00,41.41356179220305,41.7493365235054,39.63136118071008,39.72175979614258,460800,0.0,0.0,0.0
2018-03-23 00:00:00-04:00,39.68947276210768,39.98650680354032,37.50692229991443,37.62638473510742,535500,0.0,0.0,0.0
2018-03-26 00:00:00-04:00,38.88231667739213,39.87350532104764,38.30762080119122,39.76696014404297,251700,0.0,0.0,0.0
2018-03-27 00:00:00-04:00,40.07368177754632,40.215742025451526,38.01704858131379,38.47874069213867,248100,0.0,0.0,0.0
2018-03-28 00:00:00-04:00,38.59497393941538,39.22132410690137,38.10745101160725,38.82420349121094,245100,0.0,0.0,0.0
2018-03-29 00:00:00-04:00,39.072815071946,40.157631903398176,38.93721342987293,39.76374053955078,155700,0.0,0.0,0.0
2018-04-02 00:00:00-04:00,39.60876984139763,39.7120857382845,37.25187271065662,38.107460021972656,515100,0.0,0.0,0.0
2018-04-03 00:00:00-04:00,38.517486786858434,39.11800985859671,38.07839246324662,39.050209045410156,121800,0.0,0.0,0.0
2018-04-04 00:00:00-04:00,37.581192772751415,39.98651854882123,37.506933316864234,39.834774017333984,138300,0.0,0.0,0.0
2018-04-05 00:00:00-04:00,40.357804500965074,40.72909432044716,40.06077042845905,40.33843231201172,95400,0.0,0.0,0.0
2018-04-06 00:00:00-04:00,39.340792206759254,40.034943284456574,38.01382485322004,38.57560729980469,238500,0.0,0.0,0.0
2018-04-09 00:00:00-04:00,38.89846246831623,40.13179799046542,38.69828935337526,38.801605224609375,196800,0.0,0.0,0.0
2018-04-10 00:00:00-04:00,39.84767682177388,40.131797310285755,39.38275540910013,39.72821807861328,189000,0.0,0.0,0.0
2018-04-11 00:00:00-04:00,39.02761632742699,39.61845528521612,38.70475506363423,39.030845642089844,97800,0.0,0.0,0.0
2018-04-12 00:00:00-04:00,39.560343896463664,40.35135605484012,39.51191156442578,39.91872024536133,250200,0.0,0.0,0.0
2018-04-13 00:00:00-04:00,40.461114333062106,40.52891513683435,38.77577109461855,39.14060592651367,372000,0.0,0.0,0.0
2018-04-16 00:00:00-04:00,39.421505427992905,39.90256978321993,39.3859903618441,39.5086784362793,126900,0.0,0.0,0.0
2018-04-17 00:00:00-04:00,40.09305620156794,40.23834207650109,39.55064599516268,39.70561981201172,300000,0.0,0.0,0.0
2018-04-18 00:00:00-04:00,39.88642387440266,40.07368343855438,39.43441599135109,39.49576187133789,73800,0.0,0.0,0.0
2018-04-19 00:00:00-04:00,39.63782469778719,40.19637785950213,39.63782469778719,40.0833740234375,154800,0.0,0.0,0.0
2018-04-20 00:00:00-04:00,40.27707561648745,40.42882377339867,39.69915419650211,39.980045318603516,231600,0.0,0.0,0.0
2018-04-23 00:00:00-04:00,40.22542978853717,40.23834334996646,39.66688038432957,39.93808364868164,87600,0.0,0.0,0.0
2018-04-24 00:00:00-04:00,40.364257223376036,40.67420483992006,39.040523072911,39.52158737182617,124200,0.0,0.0,0.0
2018-04-25 00:00:00-04:00,39.4376402078991,39.71207273823803,38.785455589288894,39.3569221496582,97200,0.0,0.0,0.0
2018-04-26 00:00:00-04:00,39.389210840295036,40.19636554327677,39.389210840295036,39.844444274902344,65400,0.0,0.0,0.0
2018-04-27 00:00:00-04:00,39.79601901569378,40.22542536869182,39.71207533332577,40.07368087768555,47400,0.0,0.0,0.0
2018-04-30 00:00:00-04:00,40.24803591330475,40.538611400597134,39.51513671875,39.51513671875,55800,0.0,0.0,0.0
2018-05-01 00:00:00-04:00,39.40536711102205,39.74760055541992,38.91461475650351,39.74760055541992,234600,0.0,0.0,0.0
2018-05-02 00:00:00-04:00,39.6442851604288,39.844458326326595,39.00501758257499,39.07927703857422,114000,0.0,0.0,0.0
2018-05-03 00:00:00-04:00,38.87909504268138,38.904925861087285,37.71678950149981,38.659549713134766,327600,0.0,0.0,0.0
2018-05-04 00:00:00-04:00,38.15264966295127,39.90256453185714,38.15264966295127,39.563560485839844,113400,0.0,0.0,0.0
2018-05-07 00:00:00-04:00,39.747589476564194,40.30291318772295,39.70561578891606,40.05753707885742,50700,0.0,0.0,0.0
2018-05-08 00:00:00-04:00,39.92839258745548,40.77106614135377,39.92839258745548,40.39977264404297,209100,0.0,0.0,0.0
2018-05-09 00:00:00-04:00,40.65806415209737,41.471677612992025,40.50954896342583,41.31670379638672,117900,0.0,0.0,0.0
2018-05-10 00:00:00-04:00,41.32639194541185,42.08834747125693,41.31347468947957,41.91400146484375,133200,0.0,0.0,0.0
2018-05-11 00:00:00-04:00,41.833286972226475,42.330497911856355,41.788087657199924,41.884944915771484,80100,0.0,0.0,0.0
2018-05-14 00:00:00-04:00,42.15937831201171,42.15937831201171,41.57499440181811,41.649253845214844,71100,0.0,0.0,0.0
2018-05-15 00:00:00-04:00,41.581450608302184,41.62664991759508,41.14235629643606,41.342533111572266,68700,0.0,0.0,0.0
2018-05-16 00:00:00-04:00,41.116534569353625,41.587914691820636,41.116534569353625,41.41033935546875,30900,0.0,0.0,0.0
2018-05-17 00:00:00-04:00,41.287654193756,41.46522954265197,40.951875688104344,41.23599624633789,36000,0.0,0.0,0.0
2018-05-18 00:00:00-04:00,41.171414207419794,41.21338420060127,40.76783497991446,40.77751922607422,26400,0.0,0.0,0.0
2018-05-21 00:00:00-04:00,41.17787561005709,41.53625189214905,41.17787561005709,41.429710388183594,60600,0.0,0.0,0.0
2018-05-22 00:00:00-04:00,41.478134158565624,42.17874376464949,41.478134158565624,41.88816833496094,66600,0.0,0.0,0.0
2018-05-23 00:00:00-04:00,41.45230737290646,41.600826263427734,41.00998740519616,41.600826263427734,97500,0.0,0.0,0.0
2018-05-24 00:00:00-04:00,41.11653021606442,41.45553428150934,40.448202637234154,41.135902404785156,116300,0.0,3.0,0.0
2018-05-25 00:00:00-04:00,41.02935131638135,41.13589649159619,40.68065935926612,40.98092269897461,50100,0.0,0.0,0.0
2018-05-29 00:00:00-04:00,40.63223832918315,40.63223832918315,38.59820276448109,39.024383544921875,359300,0.0,0.0,0.0
2018-05-30 00:00:00-04:00,39.770186665287184,40.56442777190953,39.53772414133765,40.35133743286133,100200,0.0,0.0,0.0
2018-05-31 00:00:00-04:00,40.060770217299364,40.19637184439084,39.55710439176871,39.74113464355469,60300,0.0,0.0,0.0
2018-06-01 00:00:00-04:00,40.56444250309735,40.73878853565755,40.39978071907146,40.48695373535156,68700,0.0,0.0,0.0
2018-06-04 00:00:00-04:00,40.70972049547753,41.000299623232976,40.70972049547753,40.9324951171875,166000,0.0,0.0,0.0
2018-06-05 00:00:00-04:00,40.835641814130575,40.87438619422127,40.3804045852335,40.70972442626953,55300,0.0,0.0,0.0
2018-06-06 00:00:00-04:00,41.02936001715935,41.9398307800293,41.00998782711521,41.9398307800293,168000,0.0,0.0,0.0
2018-06-07 00:00:00-04:00,42.288518849565,42.307891037794384,41.600822794323825,41.910770416259766,50700,0.0,0.0,0.0
2018-06-08 00:00:00-04:00,41.79454384384344,42.211036682128906,41.64925426960718,42.211036682128906,52300,0.0,0.0,0.0
2018-06-11 00:00:00-04:00,42.30789500113309,42.50161320670705,41.9398307800293,41.9398307800293,40900,0.0,0.0,0.0
2018-06-12 00:00:00-04:00,42.065746548948646,42.22072036847003,41.649253716197286,41.87202835083008,65000,0.0,0.0,0.0
2018-06-13 00:00:00-04:00,42.02699655763924,42.0754251769844,41.30055618286133,41.30055618286133,67100,0.0,0.0,0.0
2018-06-14 00:00:00-04:00,41.5136549547024,41.5136549547024,40.84532730975311,40.94218826293945,40300,0.0,0.0,0.0
2018-06-15 00:00:00-04:00,40.68066923163768,41.14559072232943,40.26417637010531,40.94218826293945,111000,0.0,0.0,0.0
2018-06-18 00:00:00-04:00,40.39977800969863,40.95187251082431,40.22543198883078,40.94218826293945,217100,0.0,0.0,0.0
2018-06-19 00:00:00-04:00,40.21574651214921,40.835641814130575,40.196374322103864,40.70972442626953,48200,0.0,0.0,0.0
2018-06-20 00:00:00-04:00,41.137690303305305,41.137690303305305,40.749509548373766,40.759212493896484,57800,0.081,0.0,0.0
2018-06-21 00:00:00-04:00,40.506906595041656,40.904794109542436,40.32251726017387,40.67188262939453,40900,0.0,0.0,0.0
2018-06-22 00:00:00-04:00,40.92419154179104,41.127990433020074,40.44866943359375,40.44866943359375,55700,0.0,0.0,0.0
2018-06-25 00:00:00-04:00,40.35163057598948,40.35163057598948,39.1288518725947,39.60437774658203,88000,0.0,0.0,0.0
2018-06-26 00:00:00-04:00,39.730532000338066,39.83728292647948,39.177371475788796,39.546146392822266,33200,0.0,0.0,0.0
2018-06-27 00:00:00-04:00,39.546145785080526,39.86639855858316,38.624210357666016,38.624210357666016,364300,0.0,0.0,0.0
2018-06-28 00:00:00-04:00,38.779478283358266,39.55584349234416,38.556273517149904,39.2938232421875,116100,0.0,0.0,0.0
2018-06-29 00:00:00-04:00,40.157534941887704,40.32251095042479,39.235599517822266,39.235599517822266,77300,0.0,0.0,0.0
2018-07-02 00:00:00-04:00,38.78918480280825,39.47820869213376,38.78918480280825,39.468502044677734,23900,0.0,0.0,0.0
2018-07-03 00:00:00-04:00,39.61407521343503,39.76934826676445,39.01239259453372,39.07061767578125,17100,0.0,0.0,0.0
2018-07-05 00:00:00-04:00,39.24529727920614,39.487911637588475,39.13855007119902,39.468502044677734,63900,0.0,0.0,0.0
2018-07-06 00:00:00-04:00,39.27442018961673,40.12842021071793,39.2161914009954,39.856693267822266,117800,0.0,0.0,0.0
2018-07-09 00:00:00-04:00,40.19634455831204,41.147396087646484,40.19634455831204,41.147396087646484,98800,0.0,0.0,0.0
2018-07-10 00:00:00-04:00,41.147405832755084,41.29297225902533,40.78833383688375,40.963016510009766,66200,0.0,0.0,0.0
2018-07-11 00:00:00-04:00,40.50689980537181,41.02124112273268,40.40985182907613,40.72039794921875,79200,0.0,0.0,0.0
2018-07-12 00:00:00-04:00,41.06006111020692,41.06006111020692,40.545716080861084,40.85626220703125,33900,0.0,0.0,0.0
2018-07-13 00:00:00-04:00,40.63305325171763,40.77862335308763,40.07018984388995,40.526302337646484,44900,0.0,0.0,0.0
2018-07-16 00:00:00-04:00,40.65245898685338,41.36089242881035,40.65245898685338,41.31237030029297,47400,0.0,0.0,0.0
2018-07-17 00:00:00-04:00,41.24444536755561,41.593810673577536,41.24444536755561,41.3511962890625,127500,0.0,0.0,0.0
2018-07-18 00:00:00-04:00,41.49676413722688,42.302245698702954,41.49676413722688,42.23431396484375,148900,0.0,0.0,0.0
2018-07-19 00:00:00-04:00,41.962586358747416,41.98199225210974,41.506470122695255,41.57440185546875,41900,0.0,0.0,0.0
2018-07-20 00:00:00-04:00,41.43853756205836,41.72967408270011,41.31237704571297,41.61322021484375,47100,0.0,0.0,0.0
2018-07-23 00:00:00-04:00,41.70055966979525,42.38958360152572,41.68115007568997,42.302242279052734,64900,0.0,0.0,0.0
2018-07-24 00:00:00-04:00,42.506026796050165,42.76805069770671,42.24400289439362,42.35075378417969,102800,0.0,0.0,0.0
2018-07-25 00:00:00-04:00,42.26342720614775,42.78747519201365,42.15667627917486,42.71954345703125,45100,0.0,0.0,0.0
2018-07-26 00:00:00-04:00,42.79718279900322,43.05920682046679,42.671025964300334,42.680728912353516,48500,0.0,0.0,0.0
2018-07-27 00:00:00-04:00,42.797175599577386,43.04949663054183,42.137264182903486,42.486629486083984,115800,0.0,0.0,0.0
2018-07-30 00:00:00-04:00,42.496342602532515,42.719547424203,42.214908987468846,42.282840728759766,50000,0.0,0.0,0.0
2018-07-31 00:00:00-04:00,42.62250123800037,42.62250123800037,42.127569430232285,42.20520782470703,19200,0.0,0.0,0.0
2018-08-01 00:00:00-04:00,42.515743682834156,42.89422150906092,42.408992767333984,42.408992767333984,59300,0.0,0.0,0.0
2018-08-02 00:00:00-04:00,42.0887374570852,42.49633150034886,41.83642015563724,42.43810272216797,38100,0.0,0.0,0.0
2018-08-03 00:00:00-04:00,42.40898759268039,42.9039192199707,42.40898759268039,42.9039192199707,37000,0.0,0.0,0.0
2018-08-06 00:00:00-04:00,43.02039196955275,43.360050686527735,42.96216317435602,43.165958404541016,73100,0.0,0.0,0.0
2018-08-07 00:00:00-04:00,43.29211340333344,43.74822965233576,43.29211340333344,43.41827392578125,45600,0.0,0.0,0.0
2018-08-08 00:00:00-04:00,43.408562108834566,43.66088312369022,43.29210824920966,43.47649383544922,35600,0.0,0.0,0.0
2018-08-09 00:00:00-04:00,43.45708262328084,43.515311401925274,43.18535572694274,43.20476531982422,27600,0.0,0.0,0.0
2018-08-10 00:00:00-04:00,42.42839214111523,42.58366515298571,42.166368239458684,42.35075378417969,72300,0.0,0.0,0.0
2018-08-13 00:00:00-04:00,42.447818551423595,42.476931095810734,41.768497467041016,41.768497467041016,28100,0.0,0.0,0.0
2018-08-14 00:00:00-04:00,41.99169319545167,42.56426322389259,41.9722836027247,42.43810272216797,22700,0.0,0.0,0.0
2018-08-15 00:00:00-04:00,41.739376005487976,42.27313059924232,41.739376005487976,42.088741302490234,36900,0.0,0.0,0.0
2018-08-16 00:00:00-04:00,42.67102083829433,43.25329390359757,42.496338178302985,43.0009765625,44200,0.0,0.0,0.0
2018-08-17 00:00:00-04:00,42.709834922790094,43.418272188338946,42.709834922790094,43.321224212646484,34400,0.0,0.0,0.0
2018-08-20 00:00:00-04:00,43.262996919081154,43.67058729016192,43.262996919081154,43.59294891357422,45700,0.0,0.0,0.0
2018-08-21 00:00:00-04:00,43.67058986262425,43.98113598326499,43.55413599288441,43.651180267333984,151600,0.0,0.0,0.0
2018-08-22 00:00:00-04:00,43.36974633097982,43.59295112197459,43.059200212899995,43.408565521240234,105600,0.0,0.0,0.0
2018-08-23 00:00:00-04:00,43.5056178201155,43.5056178201155,43.05920449176341,43.12713623046875,66800,0.0,0.0,0.0
2018-08-24 00:00:00-04:00,43.330930014062794,43.55413480078901,43.30181377092343,43.447383880615234,92500,0.0,0.0,0.0
2018-08-27 00:00:00-04:00,43.796748099799544,44.45665949728922,43.76763185737981,44.27227020263672,82800,0.0,0.0,0.0
2018-08-28 00:00:00-04:00,44.38873455237821,44.466369239358954,44.18493563229921,44.3984375,47900,0.0,0.0,0.0
2018-08-29 00:00:00-04:00,44.262572774076446,44.64105065469813,44.214050633330444,44.4566650390625,22500,0.0,0.0,0.0
2018-08-30 00:00:00-04:00,44.27227121201539,44.34990959090267,43.81615869305845,43.884090423583984,37700,0.0,0.0,0.0
2018-08-31 00:00:00-04:00,43.67058437635309,43.96172086512852,43.55413052124318,43.90349578857422,22700,0.0,0.0,0.0
2018-09-04 00:00:00-04:00,43.65118179881358,44.11700099611773,43.612362606871095,44.097591400146484,69000,0.0,0.0,0.0
2018-09-05 00:00:00-04:00,44.0393630471928,44.23345529050468,43.93261212827118,43.990840911865234,39000,0.0,0.0,0.0
2018-09-06 00:00:00-04:00,43.89378656621235,44.136400909626296,43.64146927794231,43.7579231262207,31900,0.0,0.0,0.0
2018-09-07 00:00:00-04:00,43.79675260770649,43.79675260770649,43.24359207081649,43.466796875,25600,0.0,0.0,0.0
2018-09-10 00:00:00-04:00,43.58324350613797,43.77733573464431,43.50560883593624,43.53472137451172,32900,0.0,0.0,0.0
2018-09-11 00:00:00-04:00,43.495905982967244,43.748227012638225,43.10772149208958,43.622066497802734,48900,0.0,0.0,0.0
2018-09-12 00:00:00-04:00,43.46679615347684,43.50561534538663,43.030089499496455,43.06890869140625,74400,0.0,0.0,0.0
2018-09-13 00:00:00-04:00,43.195057853631376,43.61235483767016,43.03008187026784,43.15624237060547,29700,0.0,0.0,0.0
2018-09-14 00:00:00-04:00,43.30181119501113,43.49590342905361,43.30181119501113,43.47649383544922,7100,0.0,0.0,0.0
2018-09-17 00:00:00-04:00,43.57354745509619,43.57354745509619,43.08831865805504,43.22418212890625,16500,0.0,0.0,0.0
2018-09-18 00:00:00-04:00,43.292115041080805,43.554139042845485,43.165954513860314,43.427978515625,28700,0.0,0.0,0.0
2018-09-19 00:00:00-04:00,43.457088701079215,44.34020493968974,43.457088701079215,44.223751068115234,41500,0.0,0.0,0.0
2018-09-20 00:00:00-04:00,44.5828161908165,45.17479585778538,44.5828161908165,44.97100067138672,123500,0.0,0.0,0.0
2018-09-21 00:00:00-04:00,45.33006633376957,45.33006633376957,44.73808670043945,44.73808670043945,39300,0.0,0.0,0.0
2018-09-24 00:00:00-04:00,44.58281041302771,44.58281041302771,43.670581814511635,43.7579231262207,47500,0.0,0.0,0.0
2018-09-25 00:00:00-04:00,43.981132569485254,44.07817683640233,43.52501637057176,43.54442596435547,59700,0.0,0.0,0.0
2018-09-26 00:00:00-04:00,43.63101064851042,43.63101064851042,42.463628677312684,42.560909271240234,119200,0.109,0.0,0.0
2018-09-27 00:00:00-04:00,42.813835355107805,42.98894336973125,42.41497903535801,42.42470932006836,33800,0.0,0.0,0.0
2018-09-28 00:00:00-04:00,42.200963049831174,42.41498108056691,41.96748444873637,42.09395217895508,106300,0.0,0.0,0.0
2018-10-01 00:00:00-04:00,42.59982812738747,42.71656559637319,41.9188527547725,42.06477737426758,82200,0.0,0.0,0.0
2018-10-02 00:00:00-04:00,41.85074607805062,42.10367782187727,41.62699776708417,41.96748352050781,57700,0.0,0.0,0.0
2018-10-03 00:00:00-04:00,42.541452494887174,42.78465769120669,42.25933357651251,42.40525817871094,78600,0.0,0.0,0.0
2018-10-04 00:00:00-04:00,42.56090543987908,43.04731578776341,42.0258547994096,42.48307800292969,60200,0.0,0.0,0.0
2018-10-05 00:00:00-04:00,42.54144972404775,42.9013923520719,41.909118481412534,42.10367965698242,86400,0.0,0.0,0.0
2018-10-08 00:00:00-04:00,41.95775963054291,42.67764490126484,41.83129189503142,42.463626861572266,49800,0.0,0.0,0.0
2018-10-09 00:00:00-04:00,42.30796994920308,42.570628248131015,42.01612079747672,42.327423095703125,42600,0.0,0.0,0.0
2018-10-10 00:00:00-04:00,42.28851599157107,42.31769942433847,39.885647733284536,39.934288024902344,184800,0.0,0.0,0.0
2018-10-11 00:00:00-04:00,39.37978045759015,39.807820218395044,37.45359596744358,37.70652770996094,225700,0.0,0.0,0.0
2018-10-12 00:00:00-04:00,38.854461184313884,38.980928926644374,36.95746360444067,37.949737548828125,174200,0.0,0.0,0.0
2018-10-15 00:00:00-04:00,37.871911163475055,38.3583215265189,37.648162841796875,37.648162841796875,119600,0.0,0.0,0.0
2018-10-16 00:00:00-04:00,38.08592479433839,39.01983160171593,37.75516566951521,39.010101318359375,47100,0.0,0.0,0.0
2018-10-17 00:00:00-04:00,38.8252732460344,39.749453635562936,38.58206807568564,39.46733474731445,38100,0.0,0.0,0.0
2018-10-18 00:00:00-04:00,39.21440544199891,39.564617791829335,38.19294069418947,38.39723587036133,42800,0.0,0.0,0.0
2018-10-19 00:00:00-04:00,38.35831819498786,39.14630425064598,38.18321018261939,38.630706787109375,63800,0.0,0.0,0.0
2018-10-22 00:00:00-04:00,38.727996578522166,38.727996578522166,37.356319427490234,37.356319427490234,49700,0.0,0.0,0.0
2018-10-23 00:00:00-04:00,35.897089380944685,37.26876657489204,35.64415389212211,36.89909362792969,140200,0.0,0.0,0.0
2018-10-24 00:00:00-04:00,36.84072689557767,36.84072689557767,35.274484633612985,35.371768951416016,101300,0.0,0.0,0.0
2018-10-25 00:00:00-04:00,35.673331835928394,37.14229311131587,35.673331835928394,36.64615249633789,105900,0.0,0.0,0.0
2018-10-26 00:00:00-04:00,35.89709018787499,36.218119132730024,34.807528184021784,35.498233795166016,117200,0.0,0.0,0.0
2018-10-29 00:00:00-04:00,36.15974341200733,37.083923813442006,35.22583643648062,35.91653823852539,86300,0.0,0.0,0.0
2018-10-30 00:00:00-04:00,36.25703015896384,36.928275147183854,35.98464153377602,36.840721130371094,78500,0.0,0.0,0.0
2018-10-31 00:00:00-04:00,37.375767625726304,38.54315314899195,37.18120646436226,37.65788650512695,62500,0.0,0.0,0.0
2018-11-01 00:00:00-04:00,37.84272749791341,38.18321326555634,37.66761947140661,38.076202392578125,31900,0.0,0.0,0.0
2018-11-02 00:00:00-04:00,38.46533132348923,38.77663365024247,37.336859461254605,37.910823822021484,58700,0.0,0.0,0.0
2018-11-05 00:00:00-05:00,37.94973988508865,39.0490284892918,37.94973988508865,38.83500671386719,39800,0.0,0.0,0.0
2018-11-06 00:00:00-05:00,38.85445673746735,39.272769927978516,38.72799272062734,39.272769927978516,39600,0.0,0.0,0.0
2018-11-07 00:00:00-05:00,39.74945135177173,40.449883389658304,39.26304103902076,40.38178253173828,76400,0.0,0.0,0.0
2018-11-08 00:00:00-05:00,39.798098098916796,40.87792976221179,39.798098098916796,40.64445114135742,22500,0.0,0.0,0.0
2018-11-09 00:00:00-05:00,40.26505479671885,40.51799029845752,39.68136376519698,40.05103302001953,27600,0.0,0.0,0.0
2018-11-12 00:00:00-05:00,39.94402570751536,40.22614093555324,38.640445611245255,38.75718307495117,67700,0.0,0.0,0.0
2018-11-13 00:00:00-05:00,38.9711961466096,39.661897909873765,38.84472842441512,39.05875015258789,83700,0.0,0.0,0.0
2018-11-14 00:00:00-05:00,39.44788041545577,39.56461786561696,37.51196921363145,38.20267105102539,131300,0.0,0.0,0.0
2018-11-15 00:00:00-05:00,37.832999604251405,39.039299006333486,37.53142753699347,39.00038528442383,80700,0.0,0.0,0.0
2018-11-16 00:00:00-05:00,38.71826717671242,39.370059043769665,38.52370227411249,39.16576385498047,70300,0.0,0.0,0.0
2018-11-19 00:00:00-05:00,39.20468069284115,39.37006217204792,38.29995697822798,38.8447380065918,84900,0.0,0.0,0.0
2018-11-20 00:00:00-05:00,38.02756535681739,38.037291932004855,37.33686347698439,37.44387435913086,138800,0.0,0.0,0.0
2018-11-21 00:00:00-05:00,37.95946517007816,38.43614524760162,37.36604393351435,37.609249114990234,93600,0.0,0.0,0.0
2018-11-23 00:00:00-05:00,37.15201957482793,37.47305217309826,36.86017411977436,37.035282135009766,33700,0.0,0.0,0.0
2018-11-26 00:00:00-05:00,37.4633232644652,38.42641738363648,37.4633232644652,38.338863372802734,70700,0.0,0.0,0.0
2018-11-27 00:00:00-05:00,38.2318544145095,38.475059599984775,38.01783637478256,38.39723587036133,55300,0.0,0.0,0.0
2018-11-28 00:00:00-05:00,38.65017065230184,39.759185791015625,38.173490529670005,39.759185791015625,79500,0.0,0.0,0.0
2018-11-29 00:00:00-05:00,39.45760449169357,39.622982210812026,38.922550198037285,39.233856201171875,50000,0.0,0.0,0.0
2018-11-30 00:00:00-05:00,39.078213239180144,39.98293696073256,39.078213239180144,39.8661994934082,59900,0.0,0.0,0.0
2018-12-03 00:00:00-05:00,41.14058710050862,41.14058710050862,39.866190684501994,40.440155029296875,240700,0.0,0.0,0.0
2018-12-04 00:00:00-05:00,39.97319977296175,40.08993720929563,37.27848618673148,37.41468048095703,138200,0.0,0.0,0.0
2018-12-06 00:00:00-05:00,36.12083481120474,37.18120955731874,35.04100320513255,37.142295837402344,216100,0.0,0.0,0.0
2018-12-07 00:00:00-05:00,36.97692287154182,37.74545231673659,35.50796486214723,35.85818099975586,167900,0.0,0.0,0.0
2018-12-10 00:00:00-05:00,35.55659790836068,35.62469506443528,33.92225874053687,35.15774154663086,155400,0.0,0.0,0.0
2018-12-11 00:00:00-05:00,35.7998083192835,36.08192727046652,34.4184044248296,34.62269592285156,89500,0.0,0.0,0.0
2018-12-12 00:00:00-05:00,35.342581131110784,35.546872606650695,34.651875548877996,34.66160583496094,92200,0.0,0.0,0.0
2018-12-13 00:00:00-05:00,34.7394268055249,34.90480825662981,34.22383301464163,34.39894104003906,54900,0.0,0.0,0.0
2018-12-14 00:00:00-05:00,33.737417228002464,34.457302362319986,33.60122294372704,33.756874084472656,210900,0.0,0.0,0.0
2018-12-17 00:00:00-05:00,33.426120202240455,33.97089742499978,32.29764832664636,32.56031036376953,157200,0.0,0.0,0.0
2018-12-18 00:00:00-05:00,32.81324402950402,33.523402744176764,32.15172561098373,32.5019416809082,177200,0.0,0.0,0.0
2018-12-19 00:00:00-05:00,32.501938263409414,33.64986694478587,31.23727214133836,31.587488174438477,317300,0.0,0.0,0.0
2018-12-20 00:00:00-05:00,31.130265318135383,31.85988091152918,30.546572472318662,30.9454288482666,341700,0.0,0.0,0.0
2018-12-21 00:00:00-05:00,30.925972528663255,32.01553072942073,29.632119150062724,29.778043746948242,261500,0.0,0.0,0.0
2018-12-24 00:00:00-05:00,29.019241650694724,29.515380434525902,28.270169260076578,28.279897689819336,191100,0.0,0.0,0.0
2018-12-26 00:00:00-05:00,28.51581688854949,30.8750057220459,27.859943217373953,30.8750057220459,235300,0.181,0.0,0.0
2018-12-27 00:00:00-05:00,29.85693222284317,31.325305938720703,29.24021608371345,31.325305938720703,171200,0.0,0.0,0.0
2018-12-28 00:00:00-05:00,31.491719431804217,32.18675248648467,31.149100396182977,31.393829345703125,179100,0.0,0.0,0.0
2018-12-31 00:00:00-05:00,31.736453685928076,32.010552694506885,31.109949935055745,31.93223762512207,221700,0.0,0.0,0.0
2019-01-02 00:00:00-05:00,31.021845101125223,32.13781048624782,30.982687569270375,32.00075912475586,122600,0.0,0.0,0.0
2019-01-03 00:00:00-05:00,31.530878717148887,31.86371025641549,30.81627059283746,30.904373168945312,171900,0.0,0.0,0.0
2019-01-04 00:00:00-05:00,31.90287016161676,32.94052238698975,31.628774897440763,32.734947204589844,128100,0.0,0.0,0.0
2019-01-07 00:00:00-05:00,32.60768953824325,33.557235409271094,32.44127189564454,33.04819869995117,121100,0.0,0.0,0.0
2019-01-08 00:00:00-05:00,33.48870829696067,33.537653339632456,32.69578889658254,33.34187316894531,69000,0.0,0.0,0.0
2019-01-09 00:00:00-05:00,33.61597327325457,33.83133597338205,33.16567284050431,33.713863372802734,142700,0.0,0.0,0.0
2019-01-10 00:00:00-05:00,33.508291040296136,34.01732775992368,33.34187712859543,33.95859146118164,34700,0.0,0.0,0.0
2019-01-11 00:00:00-05:00,33.71385108672791,34.066261291503906,33.38101964158019,34.066261291503906,49200,0.0,0.0,0.0
2019-01-14 00:00:00-05:00,33.47892551836377,34.40889639775931,33.47892551836377,34.29142379760742,58200,0.0,0.0,0.0
2019-01-15 00:00:00-05:00,34.076058699315766,34.88855683232107,34.076058699315766,34.810245513916016,68900,0.0,0.0,0.0
2019-01-16 00:00:00-05:00,35.50527951579389,36.288411475147825,35.329074358155786,35.97515869140625,115600,0.0,0.0,0.0
2019-01-17 00:00:00-05:00,35.67169623395269,36.533143324248464,35.515069829741456,36.327571868896484,69700,0.0,0.0,0.0
2019-01-18 00:00:00-05:00,36.836607758100804,37.365219526083024,36.43525237326671,37.296695709228516,94600,0.0,0.0,0.0
2019-01-22 00:00:00-05:00,36.85618188491803,37.110698353439666,36.24925139166242,36.601661682128906,135300,0.0,0.0,0.0
2019-01-23 00:00:00-05:00,36.81702569898648,36.93449455533731,35.9751574708923,36.65060806274414,207900,0.0,0.0,0.0
2019-01-24 00:00:00-05:00,36.38629683086107,36.983436039057274,36.38629683086107,36.79744338989258,48300,0.0,0.0,0.0
2019-01-25 00:00:00-05:00,37.208594371789594,37.75678865925491,37.208594371789594,37.45332336425781,93100,0.0,0.0,0.0
2019-01-28 00:00:00-05:00,36.83660596997706,37.423954010009766,36.797448438170136,37.423954010009766,81000,0.0,0.0,0.0
2019-01-29 00:00:00-05:00,37.423953080647955,37.570791954143516,37.22816916074309,37.30648422241211,83200,0.0,0.0,0.0
2019-01-30 00:00:00-05:00,37.59036897324042,38.23645326492421,37.247746195757095,37.79594039916992,100300,0.0,0.0,0.0
2019-01-31 00:00:00-05:00,37.41417186747439,38.0308862777986,37.41417186747439,37.98194122314453,82200,0.0,0.0,0.0
2019-02-01 00:00:00-05:00,38.15813574379469,38.44202220943014,37.981930608866975,38.314762115478516,85100,0.0,0.0,0.0
2019-02-04 00:00:00-05:00,38.31476499661332,38.66717529296875,37.884043375660866,38.66717529296875,74300,0.0,0.0,0.0
2019-02-05 00:00:00-05:00,38.765062241997626,38.7748534906963,38.34412817036855,38.745487213134766,38400,0.0,0.0,0.0
2019-02-06 00:00:00-05:00,38.62801648809008,38.76506410231039,38.30497621660899,38.51054763793945,32200,0.0,0.0,0.0
2019-02-07 00:00:00-05:00,38.26581478543467,38.334338585555535,37.60015181203167,38.148345947265625,63100,0.0,0.0,0.0
2019-02-08 00:00:00-05:00,37.78614420743181,37.89382553100586,37.09111496252096,37.89382553100586,51000,0.0,0.0,0.0
2019-02-11 00:00:00-05:00,37.97214767873251,38.207085397488505,37.923202631847325,38.17771911621094,36700,0.0,0.0,0.0
2019-02-12 00:00:00-05:00,38.56928400590853,39.07831693565027,38.56928400590853,38.872745513916016,43900,0.0,0.0,0.0
2019-02-13 00:00:00-05:00,39.06852856023633,39.587352727738626,39.06852856023633,39.11747360229492,44600,0.0,0.0,0.0
2019-02-14 00:00:00-05:00,38.53991806984474,38.99022222343571,38.14835394905984,38.54970932006836,41700,0.0,0.0,0.0
2019-02-15 00:00:00-05:00,39.03916934765747,39.76356506347656,39.03916934765747,39.76356506347656,102700,0.0,0.0,0.0
2019-02-19 00:00:00-05:00,39.51883328446922,40.06702752513546,39.332840610407985,39.88103485107422,88200,0.0,0.0,0.0
2019-02-20 00:00:00-05:00,39.74398360329413,40.145338968449785,39.665672273986274,40.13555145263672,89200,0.0,0.0,0.0
2019-02-21 00:00:00-05:00,39.988708957532246,39.988708957532246,39.52862107058973,39.812503814697266,55100,0.0,0.0,0.0
2019-02-22 00:00:00-05:00,39.76356631009936,40.07681912691236,39.72441250869883,39.92019271850586,70100,0.0,0.0,0.0
2019-02-25 00:00:00-05:00,40.31176227917329,40.65438139481884,39.93977314342362,40.008296966552734,75900,0.0,0.0,0.0
2019-02-26 00:00:00-05:00,39.567775201337724,40.23343825009828,39.567775201337724,39.851661682128906,51400,0.0,0.0,0.0
2019-02-27 00:00:00-05:00,39.73418824355532,40.0865984915408,39.67545195746874,39.988704681396484,54800,0.0,0.0,0.0
2019-02-28 00:00:00-05:00,39.91040627802439,40.31176169378155,39.91040627802439,39.92998504638672,34400,0.0,0.0,0.0
2019-03-01 00:00:00-05:00,40.51732164906996,40.752263068401994,39.92018245360709,40.292171478271484,179400,0.0,0.0,0.0
2019-03-04 00:00:00-05:00,40.536907302073196,40.762057511141265,39.28389614403604,39.959346771240234,50100,0.0,0.0,0.0
2019-03-05 00:00:00-05:00,40.04744524989972,40.04744524989972,39.42093973504975,39.812503814697266,29300,0.0,0.0,0.0
2019-03-06 00:00:00-05:00,39.68524573986626,39.90060466740224,39.254520416259766,39.254520416259766,27000,0.0,0.0,0.0
2019-03-07 00:00:00-05:00,38.69653955277521,39.000004788631806,38.27560546902171,38.539913177490234,83700,0.0,0.0,0.0
2019-03-08 00:00:00-05:00,37.98193557257822,38.608441141189104,37.67847403830794,38.57907485961914,71900,0.0,0.0,0.0
2019-03-11 00:00:00-04:00,38.81401397120186,39.489464546398246,38.81401397120186,39.46009826660156,34700,0.0,0.0,0.0
2019-03-12 00:00:00-04:00,39.53841145173025,39.89082176294709,39.53841145173025,39.695037841796875,26200,0.0,0.0,0.0
2019-03-13 00:00:00-04:00,39.99850135545062,40.49774678497602,39.8810325016095,40.18449401855469,58800,0.0,0.0,0.0
2019-03-14 00:00:00-04:00,40.194290589509734,40.66416980135089,40.12576677117465,40.48796463012695,37800,0.0,0.0,0.0
2019-03-15 00:00:00-04:00,40.566269794873165,41.11446399244201,40.54669103057419,40.791419982910156,77900,0.0,0.0,0.0
2019-03-18 00:00:00-04:00,41.00678925777587,41.506038492107116,40.771851516899574,41.25151824951172,69100,0.0,0.0,0.0
2019-03-19 00:00:00-04:00,41.58433822521756,41.70180706288078,40.5662650074242,40.7816276550293,302900,0.0,0.0,0.0
2019-03-20 00:00:00-04:00,40.73848288842516,40.73848288842516,39.52240715307399,39.571441650390625,74900,0.076,0.0,0.0
2019-03-21 00:00:00-04:00,39.13993663858946,40.091221691529306,39.0026385363286,39.875465393066406,58700,0.0,0.0,0.0
2019-03-22 00:00:00-04:00,39.0418649747059,39.43414470571396,37.914052798236284,38.090579986572266,197500,0.0,0.0,0.0
2019-03-25 00:00:00-04:00,37.963092567948166,38.43383055517276,37.57081278247416,37.89444351196289,141700,0.0,0.0,0.0
2019-03-26 00:00:00-04:00,38.374989362160534,38.767269134521484,38.15923305565166,38.767269134521484,79000,0.0,0.0,0.0
2019-03-27 00:00:00-04:00,38.62016083909997,38.904562422979005,38.11019383121436,38.49266815185547,51200,0.0,0.0,0.0
2019-03-28 00:00:00-04:00,38.669202919421,39.120326373708316,38.33576303123186,39.100711822509766,43200,0.0,0.0,0.0
2019-03-29 00:00:00-04:00,39.67932586377779,39.67932586377779,39.03206067326623,39.27723693847656,71800,0.0,0.0,0.0
2019-04-01 00:00:00-04:00,39.64989890273805,40.679638286442014,39.57144071601015,40.6306037902832,59300,0.0,0.0,0.0
2019-04-02 00:00:00-04:00,40.444271456033306,40.77771126948359,40.34619872202306,40.69925308227539,35000,0.0,0.0,0.0
2019-04-03 00:00:00-04:00,41.15037592503594,41.18960501815346,40.62079439122611,40.865970611572266,75400,0.0,0.0,0.0
2019-04-04 00:00:00-04:00,40.9836659385139,41.258262162072036,40.83655868098321,41.12096405029297,49300,0.0,0.0,0.0
2019-04-05 00:00:00-04:00,41.179807401362034,41.35633087158203,41.09154379570557,41.35633087158203,59800,0.0,0.0,0.0
2019-04-08 00:00:00-04:00,40.983666640938935,41.33672107218928,40.93463213461928,41.32691192626953,52600,0.0,0.0,0.0
2019-04-09 00:00:00-04:00,41.05230908795381,41.05230908795381,40.54234207393726,40.689449310302734,38200,0.0,0.0,0.0
2019-04-10 00:00:00-04:00,40.68944860968187,41.17980106766694,40.64041037100947,41.09153747558594,44600,0.0,0.0,0.0
2019-04-11 00:00:00-04:00,41.08173248191718,41.6309286371392,41.042503383452875,41.34652328491211,56800,0.0,0.0,0.0
2019-04-12 00:00:00-04:00,42.17031406268248,42.66066655178344,41.876103317440425,42.57240295410156,205700,0.0,0.0,0.0
2019-04-15 00:00:00-04:00,42.47433789877395,42.56260150465591,41.954561668094435,42.15070343017578,142400,0.0,0.0,0.0
2019-04-16 00:00:00-04:00,42.20954099481174,42.621435268806685,42.15069735234429,42.56259536743164,78100,0.0,0.0,0.0
2019-04-17 00:00:00-04:00,42.729314728312794,42.729314728312794,42.082049605562275,42.48413848876953,62100,0.0,0.0,0.0
2019-04-18 00:00:00-04:00,42.58221006065107,42.68028280704871,42.327228402202685,42.44491195678711,42000,0.0,0.0,0.0
2019-04-22 00:00:00-04:00,42.170312912679584,42.26838191138835,41.92513667481517,42.11146926879883,157200,0.0,0.0,0.0
2019-04-23 00:00:00-04:00,42.05262557841944,42.85680326689674,42.013396486032214,42.837188720703125,33900,0.0,0.0,0.0
2019-04-24 00:00:00-04:00,42.63124756591835,43.0431418703752,42.48414031941651,42.84700012207031,26700,0.0,0.0,0.0
2019-04-25 00:00:00-04:00,42.474327603322294,43.17062713589511,42.26837674545666,42.91564178466797,73000,0.0,0.0,0.0
2019-04-26 00:00:00-04:00,42.80777652482443,43.65117971734455,42.80777652482443,43.631568908691406,74800,0.0,0.0,0.0
2019-04-29 00:00:00-04:00,43.62175424387669,44.47496647386055,43.62175424387669,44.063072204589844,146500,0.0,0.0,0.0
2019-04-30 00:00:00-04:00,44.00423202316441,44.504393665001395,43.81789942114058,44.41613006591797,63500,0.0,0.0,0.0
2019-05-01 00:00:00-04:00,44.63187669705646,44.66130038690759,43.8276990081792,43.86692810058594,233200,0.0,0.0,0.0
2019-05-02 00:00:00-04:00,43.866932540434455,44.318055925494406,43.42561455892253,43.88654708862305,125200,0.0,0.0,0.0
2019-05-03 00:00:00-04:00,44.31804984111015,44.72013867104249,44.141522672740635,44.602455139160156,47800,0.0,0.0,0.0
2019-05-06 00:00:00-04:00,43.151019018312915,44.45535843436364,43.151019018312915,44.210182189941406,64600,0.0,0.0,0.0
2019-05-07 00:00:00-04:00,43.45503515936103,43.65117314510409,42.22915404300559,42.758731842041016,165800,0.0,0.0,0.0
2019-05-08 00:00:00-04:00,42.57240014434652,43.21966523759694,42.52336564689119,42.5429801940918,52700,0.0,0.0,0.0
2019-05-09 00:00:00-04:00,41.836870226609214,42.57239889004545,41.36613233094109,42.50374984741211,114600,0.0,0.0,0.0
2019-05-10 00:00:00-04:00,42.02320536560611,43.2196665947672,41.58189113355782,43.07255935668945,74700,0.0,0.0,0.0
2019-05-13 00:00:00-04:00,41.55247293604046,41.7486146990504,40.87578778180379,41.12096405029297,169900,0.0,0.0,0.0
2019-05-14 00:00:00-04:00,41.3563260343214,42.35664553439423,41.28767698696182,41.80745315551758,62100,0.0,0.0,0.0
2019-05-15 00:00:00-04:00,41.1699965823911,42.13108705987006,41.05231302666319,41.787841796875,67500,0.0,0.0,0.0
2019-05-16 00:00:00-04:00,42.131086818233705,43.003913688637574,42.06243776602842,42.631248474121094,59600,0.0,0.0,0.0
2019-05-17 00:00:00-04:00,41.96436221897672,42.77834531442498,41.94474767267659,42.18011474609375,46000,0.0,0.0,0.0
2019-05-20 00:00:00-04:00,41.787839717487635,42.337032110951604,41.679961571316475,41.9643669128418,65900,0.0,0.0,0.0
2019-05-21 00:00:00-04:00,42.307614640320004,42.70970355530186,42.307614640320004,42.65086364746094,41100,0.0,0.0,0.0
2019-05-22 00:00:00-04:00,42.49394482235385,42.68027740528738,42.34683759192215,42.454715728759766,12300,0.0,0.0,0.0
2019-05-23 00:00:00-04:00,41.65054506978113,41.67996502441334,40.97385618449708,41.40536880493164,74800,0.0,0.0,0.0
2019-05-24 00:00:00-04:00,41.69957611981056,42.072245059012964,41.611312522133474,41.9643669128418,28100,0.0,0.0,0.0
2019-05-28 00:00:00-04:00,41.944753844257,42.150700999072285,41.16019058227539,41.16019058227539,48000,0.0,0.0,0.0
2019-05-29 00:00:00-04:00,40.53253864058975,40.98366203376643,40.26774784691841,40.934627532958984,69000,0.0,0.0,0.0
2019-05-30 00:00:00-04:00,40.934622262888894,41.35632190841589,40.42465528974269,40.70905685424805,33400,0.0,0.0,0.0
2019-05-31 00:00:00-04:00,39.73817612951491,40.30698321412501,39.73817612951491,39.914703369140625,53900,0.0,0.0,0.0
2019-06-03 00:00:00-04:00,39.914696452212986,40.365819879260705,39.6597110431214,40.120643615722656,65000,0.0,0.0,0.0
2019-06-04 00:00:00-04:00,40.90520142932707,41.80745190360938,40.85616693140891,41.76822280883789,26500,0.0,0.0,0.0
2019-06-05 00:00:00-04:00,41.80745671820807,42.6704744560127,41.532856764276765,42.65086364746094,43800,0.0,0.0,0.0
2019-06-06 00:00:00-04:00,42.484141793136764,43.17063606547114,42.38607278612878,42.95487976074219,46300,0.0,0.0,0.0
2019-06-07 00:00:00-04:00,42.97448880481538,43.42561216500633,42.97448880481538,43.082366943359375,53100,0.0,0.0,0.0
2019-06-10 00:00:00-04:00,43.582525982848274,43.97480945344944,43.54330062866211,43.54330062866211,48100,0.0,0.0,0.0
2019-06-11 00:00:00-04:00,44.00423994622808,44.13173266588009,43.278520215179206,43.572731018066406,59000,0.0,0.0,0.0
2019-06-12 00:00:00-04:00,43.26870617794381,43.52369158842767,42.90584635343223,43.111793518066406,31000,0.0,0.0,0.0
2019-06-13 00:00:00-04:00,43.29812691260062,43.37658136662753,42.945072516747906,43.20005416870117,29300,0.0,0.0,0.0
2019-06-14 00:00:00-04:00,43.229472610574625,43.60213776884041,42.95487270210929,43.39619064331055,36500,0.0,0.0,0.0
2019-06-17 00:00:00-04:00,43.0333363980458,43.641372449841,42.92545824959495,42.96468734741211,27900,0.0,0.0,0.0
2019-06-18 00:00:00-04:00,43.08237013355496,44.06307511498604,43.08237013355496,43.67079162597656,61800,0.0,0.0,0.0
2019-06-19 00:00:00-04:00,43.602141888398414,44.13172346787513,43.602141888398414,43.768863677978516,51800,0.0,0.0,0.0
2019-06-20 00:00:00-04:00,44.229790606354406,44.44554688693222,43.59233464997183,44.31805419921875,126400,0.0,0.0,0.0
2019-06-21 00:00:00-04:00,44.09248977028642,44.52400230457618,43.80808446197583,43.86692810058594,99300,0.0,0.0,0.0
2019-06-24 00:00:00-04:00,43.837516143062956,44.131726907561465,43.47465632488456,43.51388168334961,58900,0.0,0.0,0.0
2019-06-25 00:00:00-04:00,43.36940807668612,43.54630602593038,42.878025717440934,42.88785171508789,39400,0.093,0.0,0.0
2019-06-26 00:00:00-04:00,43.02544216131021,43.192514128383465,42.455440521240234,42.455440521240234,47100,0.0,0.0,0.0
2019-06-27 00:00:00-04:00,42.64216802557211,43.300622452072275,42.64216802557211,43.21217346191406,24800,0.0,0.0,0.0
2019-06-28 00:00:00-04:00,43.97872400372966,44.263726690317505,43.82148178853467,44.17527770996094,60900,0.0,0.0,0.0
2019-07-01 00:00:00-04:00,45.02045685436881,45.275974052925775,44.50941870830469,44.892696380615234,77000,0.0,0.0,0.0
2019-07-02 00:00:00-04:00,44.922180779989205,45.25632098182013,44.70597506041655,45.148216247558594,67000,0.0,0.0,0.0
2019-07-03 00:00:00-04:00,45.226838323200774,45.93443020667182,45.226838323200774,45.895118713378906,286100,0.0,0.0,0.0
2019-07-05 00:00:00-04:00,45.89512035344556,46.19977506497664,45.44304941127331,46.081844329833984,87400,0.0,0.0,0.0
2019-07-08 00:00:00-04:00,45.619944107422015,45.92460257102836,45.590462360571586,45.70839309692383,58800,0.0,0.0,0.0
2019-07-09 00:00:00-04:00,45.2464895607616,46.16046106951215,45.2464895607616,46.10149383544922,59400,0.0,0.0,0.0
2019-07-10 00:00:00-04:00,45.99339294433594,46.524086848247,45.88528821402625,45.99339294433594,36000,0.0,0.0,0.0
2019-07-11 00:00:00-04:00,46.10149557906682,46.248911795324624,45.8852861282754,46.180118560791016,57100,0.0,0.0,0.0
2019-07-12 00:00:00-04:00,46.357015415774875,46.57322487889795,46.062186715393615,46.54374313354492,50600,0.0,0.0,0.0
2019-07-15 00:00:00-04:00,46.67150199716709,46.67150199716709,46.01304763177466,46.14080810546875,63600,0.0,0.0,0.0
2019-07-16 00:00:00-04:00,46.03270063461003,46.29804756464748,45.83614693655081,45.885284423828125,30000,0.0,0.0,0.0
2019-07-17 00:00:00-04:00,45.639598648091514,45.669084143112755,45.23666520633845,45.25632095336914,24800,0.0,0.0,0.0
2019-07-18 00:00:00-04:00,45.08925460353875,45.914777268431806,44.83373363045606,45.82632827758789,29700,0.0,0.0,0.0
2019-07-19 00:00:00-04:00,45.96391429199639,45.99339603899169,45.16787338256836,45.16787338256836,20600,0.0,0.0,0.0
2019-07-22 00:00:00-04:00,45.04011316996474,45.51183983023308,44.99097193016471,45.33494186401367,31600,0.0,0.0,0.0
2019-07-23 00:00:00-04:00,45.511837844109934,46.24891142154172,45.511837844109934,46.22925567626953,37500,0.0,0.0,0.0
2019-07-24 00:00:00-04:00,46.11132475525621,47.01547036264673,46.11132475525621,46.98598861694336,34600,0.0,0.0,0.0
2019-07-25 00:00:00-04:00,47.0646097821053,47.0646097821053,46.27839862323911,46.415985107421875,37400,0.0,0.0,0.0
2019-07-26 00:00:00-04:00,46.54374941210482,47.28082313696134,46.5339196630276,47.231685638427734,79100,0.0,0.0,0.0
2019-07-29 00:00:00-04:00,47.05478257573574,47.379093030282974,46.75995386734268,46.779605865478516,53400,0.0,0.0,0.0
2019-07-30 00:00:00-04:00,46.170292701606144,46.8385731067373,46.022880221884826,46.779605865478516,21600,0.0,0.0,0.0
2019-07-31 00:00:00-04:00,46.79925514840641,46.985982845458864,45.74769719271593,46.19976806640625,42900,0.0,0.0,0.0
2019-08-01 00:00:00-04:00,46.15063664881602,46.69115656878127,44.61752587574734,44.76493835449219,108100,0.0,0.0,0.0
2019-08-02 00:00:00-04:00,44.450449844109016,45.03028120506525,43.6937205256441,44.59786605834961,79200,0.0,0.0,0.0
2019-08-05 00:00:00-04:00,42.96647849648307,43.12372071540638,41.05008637595202,41.855953216552734,143200,0.0,0.0,0.0
2019-08-06 00:00:00-04:00,42.39647646163997,43.1728616191202,41.934575766869365,43.15320587158203,45700,0.0,0.0,0.0
2019-08-07 00:00:00-04:00,41.73802594460116,43.08441278989298,41.03043402639791,42.828895568847656,87100,0.0,0.0,0.0
2019-08-08 00:00:00-04:00,43.497168219993874,44.44062527332503,43.172857786778614,44.40131378173828,77000,0.0,0.0,0.0
2019-08-09 00:00:00-04:00,43.92959199969628,44.460285948101,43.41855379926402,44.14579772949219,52400,0.0,0.0,0.0
2019-08-12 00:00:00-04:00,43.26130448333948,43.57578890152227,42.59302415746354,42.740440368652344,55200,0.0,0.0,0.0
2019-08-13 00:00:00-04:00,42.45544385724371,43.97872868191085,42.45544385724371,43.644588470458984,85900,0.0,0.0,0.0
2019-08-14 00:00:00-04:00,41.75768198648126,42.34733942317229,40.98129682064263,41.040260314941406,116000,0.0,0.0,0.0
2019-08-15 00:00:00-04:00,41.29577836789405,41.806816526415645,41.00094967038744,41.54146957397461,65100,0.0,0.0,0.0
2019-08-16 00:00:00-04:00,42.023023550669926,42.9664806606814,42.023023550669926,42.80923843383789,63800,0.0,0.0,0.0
2019-08-19 00:00:00-04:00,43.90010289791204,43.90010289791204,43.39889448710367,43.60527420043945,150900,0.0,0.0,0.0
2019-08-20 00:00:00-04:00,43.14337377981655,43.33009773163521,42.61267991807931,42.6323356628418,38200,0.0,0.0,0.0
2019-08-21 00:00:00-04:00,43.08440677198715,43.24164898196356,42.98613179660814,43.12371826171875,48200,0.0,0.0,0.0
2019-08-22 00:00:00-04:00,43.48734803575837,43.74286526733413,42.88786083023558,43.50700378417969,114300,0.0,0.0,0.0
2019-08-23 00:00:00-04:00,42.99596860777916,43.58562610624833,41.079576114327956,41.48250961303711,98000,0.0,0.0,0.0
2019-08-26 00:00:00-04:00,42.13112776534602,42.258888244628906,41.62991934500602,42.258888244628906,37000,0.0,0.0,0.0
2019-08-27 00:00:00-04:00,42.43578111032124,42.75026552229338,41.639740333732426,41.80681228637695,48100,0.0,0.0,0.0
2019-08-28 00:00:00-04:00,41.49233447579323,42.494755104294754,41.462848980076664,42.445613861083984,60400,0.0,0.0,0.0
2019-08-29 00:00:00-04:00,43.07458238779489,43.73303299519274,42.9664776614579,43.52665328979492,46600,0.0,0.0,0.0
2019-08-30 00:00:00-04:00,43.92958630546697,44.10648426533872,43.408718424088974,43.683895111083984,39000,0.0,0.0,0.0
2019-09-03 00:00:00-04:00,43.09423275352112,43.300616200058386,42.6814733583466,43.2318229675293,173200,0.0,0.0,0.0
2019-09-04 00:00:00-04:00,43.76252001640564,44.22442072138204,43.71338252094978,44.14579772949219,35100,0.0,0.0,0.0
2019-09-05 00:00:00-04:00,45.06960039918399,45.92460484065608,44.92218415974539,45.30546188354492,107600,0.0,0.0,0.0
2019-09-06 00:00:00-04:00,45.31528435554363,45.698562017796355,45.27597286481256,45.36442184448242,79900,0.0,0.0,0.0
2019-09-09 00:00:00-04:00,45.79683718733869,46.14080710925,45.50200850352194,45.96390914916992,43600,0.0,0.0,0.0
2019-09-10 00:00:00-04:00,45.954080859918584,45.954080859918584,45.000801543632186,45.65925216674805,28800,0.0,0.0,0.0
2019-09-11 00:00:00-04:00,45.70839024605589,46.013048690660455,45.34476831142807,45.99339294433594,105600,0.0,0.0,0.0
2019-09-12 00:00:00-04:00,45.59045458314952,46.799254734160805,45.59045458314952,46.573219299316406,77800,0.0,0.0,0.0
2019-09-13 00:00:00-04:00,47.12357514997322,47.12357514997322,46.632192726613646,46.769779205322266,72000,0.0,0.0,0.0
2019-09-16 00:00:00-04:00,46.130979209246334,46.681328856971675,46.121153210604035,46.64201736450195,37800,0.0,0.0,0.0
2019-09-17 00:00:00-04:00,46.52408518839925,46.94667434692383,46.47494769881619,46.94667434692383,43900,0.0,0.0,0.0
2019-09-18 00:00:00-04:00,46.632195327829386,47.21202676969559,46.41598584982656,47.13340377807617,63800,0.0,0.0,0.0
2019-09-19 00:00:00-04:00,47.08426081733646,47.585469209403904,46.89753685734077,46.94667434692383,18100,0.0,0.0,0.0
2019-09-20 00:00:00-04:00,46.98598741531839,47.27098636404657,46.366844528729054,46.425811767578125,49500,0.0,0.0,0.0
2019-09-23 00:00:00-04:00,45.86563535985109,46.85822999260259,45.86563535985109,46.63219451904297,379600,0.0,0.0,0.0
2019-09-24 00:00:00-04:00,46.85822951054931,47.07443898257796,45.669084912292675,45.97373962402344,88700,0.0,0.0,0.0
2019-09-25 00:00:00-04:00,45.9550077576006,46.67459453141263,45.807149625062976,46.546451568603516,20500,0.141,0.0,0.0
2019-09-26 00:00:00-04:00,46.4774461324746,46.654878883628264,46.23101217368159,46.41830062866211,23300,0.0,0.0,0.0
2019-09-27 00:00:00-04:00,46.832316000055215,46.980177905099055,45.86629516521297,46.27044677734375,63400,0.0,0.0,0.0
2019-09-30 00:00:00-04:00,46.477444386547425,46.536586127854456,46.13243460102724,46.23101043701172,62900,0.0,0.0,0.0
2019-10-01 00:00:00-04:00,46.33944488071455,46.428161265717954,44.712982836031095,44.7425537109375,95500,0.0,0.0,0.0
2019-10-02 00:00:00-04:00,44.25954441758487,44.25954441758487,42.86965691748411,43.20480728149414,85800,0.0,0.0,0.0
2019-10-03 00:00:00-04:00,43.086519404143516,43.70753413337101,42.26836048430294,43.67796325683594,90800,0.0,0.0,0.0
2019-10-04 00:00:00-04:00,43.865246387653116,45.06784535707739,43.81596034601591,44.998844146728516,44000,0.0,0.0,0.0
2019-10-07 00:00:00-04:00,44.56511363699464,45.245273730641586,44.56511363699464,44.64397430419922,49000,0.0,0.0,0.0
2019-10-08 00:00:00-04:00,43.92439876172848,43.92439876172848,43.12595122533976,43.185096740722656,66600,0.0,0.0,0.0
2019-10-09 00:00:00-04:00,43.78638651667997,44.200397546657975,43.697673896274694,43.92439270019531,25700,0.0,0.0,0.0
2019-10-10 00:00:00-04:00,44.04268416986082,44.93970376700595,44.04268416986082,44.555267333984375,35900,0.0,0.0,0.0
2019-10-11 00:00:00-04:00,45.52128724425188,46.31973473100268,45.333998764276195,45.35371017456055,197100,0.0,0.0,0.0
2019-10-14 00:00:00-04:00,45.05799068632709,45.51142833408518,45.05799068632709,45.43257141113281,25500,0.0,0.0,0.0
2019-10-15 00:00:00-04:00,45.83671648479547,46.67459044330724,45.67899890106558,46.369014739990234,44100,0.0,0.0,0.0
2019-10-16 00:00:00-04:00,46.33944448873379,46.34930395380866,45.955008077065685,46.171871185302734,25300,0.0,0.0,0.0
2019-10-17 00:00:00-04:00,46.57602383228058,46.75345660484535,46.191587411818354,46.32958984375,22600,0.0,0.0,0.0
2019-10-18 00:00:00-04:00,46.152158771815344,46.74359886196863,46.152158771815344,46.51688003540039,51600,0.0,0.0,0.0
2019-10-21 00:00:00-04:00,46.82245717869988,47.63076034917259,46.80274200865369,47.58147430419922,101100,0.0,0.0,0.0
2019-10-22 00:00:00-04:00,47.52232919487587,47.56175953530081,46.92102966439032,46.93088912963867,36900,0.0,0.0,0.0
2019-10-23 00:00:00-04:00,46.71402579233637,47.25617980957031,46.69431062221897,47.25617980957031,31900,0.0,0.0,0.0
2019-10-24 00:00:00-04:00,47.295610548680024,47.46318761594916,47.01960568527703,47.38432693481445,30500,0.0,0.0,0.0
2019-10-25 00:00:00-04:00,47.187179388075656,47.749048584878665,47.187179388075656,47.512474060058594,34900,0.0,0.0,0.0
2019-10-28 00:00:00-04:00,47.80819142447579,48.14334178281131,47.75890538124963,47.896907806396484,47900,0.0,0.0,0.0
2019-10-29 00:00:00-04:00,47.61104978321726,48.48835425354677,47.61104978321726,48.06448745727539,51400,0.0,0.0,0.0
2019-10-30 00:00:00-04:00,47.847622413053934,48.32077520296284,47.47304171093617,48.20248794555664,53500,0.0,0.0,0.0
2019-10-31 00:00:00-04:00,48.04476765391583,48.04476765391583,47.31532146021263,47.808189392089844,47300,0.0,0.0,0.0
2019-11-01 00:00:00-04:00,48.47849879743093,48.75450368562116,48.32078118128157,48.74464797973633,39100,0.0,0.0,0.0
2019-11-04 00:00:00-05:00,49.286796479809354,49.35579769405835,48.951646113335286,49.06007766723633,49400,0.0,0.0,0.0
2019-11-05 00:00:00-05:00,49.27694299275144,49.27694299275144,48.59678276413754,48.82350158691406,40100,0.0,0.0,0.0
2019-11-06 00:00:00-05:00,48.72492779938065,49.1586502591391,48.72492779938065,49.13893508911133,63300,0.0,0.0,0.0
2019-11-07 00:00:00-05:00,49.37551254144528,49.937381716823175,49.36565683673871,49.43465805053711,253100,0.0,0.0,0.0
2019-11-08 00:00:00-05:00,49.58252203532953,49.72052447921549,49.11922865375303,49.523380279541016,201000,0.0,0.0,0.0
2019-11-11 00:00:00-05:00,49.26707931242341,49.533228453857326,49.030504804671494,49.474082946777344,72000,0.0,0.0,0.0
2019-11-12 00:00:00-05:00,49.58251628425985,49.907810944504085,49.27694055403737,49.38536834716797,70600,0.0,0.0,0.0
2019-11-13 00:00:00-05:00,48.98121586658614,49.36565602896621,48.7347818898288,49.17836380004883,59500,0.0,0.0,0.0
2019-11-14 00:00:00-05:00,48.90235974956306,49.43465805053711,48.90235974956306,49.43465805053711,46800,0.0,0.0,0.0
2019-11-15 00:00:00-05:00,49.79938441504522,49.79938441504522,49.552950408890176,49.769813537597656,68900,0.0,0.0,0.0
2019-11-18 00:00:00-05:00,49.78952268437912,50.016245268779734,49.64166454358209,50.006385803222656,39300,0.0,0.0,0.0
2019-11-19 00:00:00-05:00,50.18382018386297,50.420398481095376,50.07538862097663,50.24296569824219,138500,0.0,0.0,0.0
2019-11-20 00:00:00-05:00,49.85852797863399,50.144388556768284,49.355800519996414,49.907814025878906,66900,0.0,0.0,0.0
2019-11-21 00:00:00-05:00,50.02609722163506,50.124669308105936,49.37551167418871,49.454368591308594,129000,0.0,0.0,0.0
2019-11-22 00:00:00-05:00,49.74023340586143,49.91766617151767,49.47408425737706,49.809234619140625,20700,0.0,0.0,0.0
2019-11-25 00:00:00-05:00,50.11481065186603,50.5682482393796,50.075380315486456,50.4893913269043,41400,0.0,0.0,0.0
2019-11-26 00:00:00-05:00,50.51896362277612,50.84425826664932,50.46967758105459,50.77525329589844,32400,0.0,0.0,0.0
2019-11-27 00:00:00-05:00,50.87383908496705,51.277990722545624,50.82455303361058,51.268131256103516,67200,0.0,0.0,0.0
2019-11-29 00:00:00-05:00,51.20898194175716,51.30755402992397,50.95268849606884,50.99211883544922,123300,0.0,0.0,0.0
2019-12-02 00:00:00-05:00,51.18926416118361,51.18926416118361,50.016239826577916,50.04581069946289,74100,0.0,0.0,0.0
2019-12-03 00:00:00-05:00,49.079793737996525,49.35579860005901,48.646067514430634,49.26708221435547,84700,0.0,0.0,0.0
2019-12-04 00:00:00-05:00,49.483947093989535,50.154247863189056,49.36565982892031,49.95709991455078,31900,0.0,0.0,0.0
2019-12-05 00:00:00-05:00,50.213384503030035,50.40067672729492,49.937379659208915,50.40067672729492,46500,0.0,0.0,0.0
2019-12-06 00:00:00-05:00,51.25827010622155,51.544134438128324,51.15969801397715,51.30755615234375,94600,0.0,0.0,0.0
2019-12-09 00:00:00-05:00,51.218840895800454,51.37655850304348,51.149839677649396,51.18927001953125,34400,0.0,0.0,0.0
2019-12-10 00:00:00-05:00,50.972408294677734,51.1892714206795,50.90340707463799,50.972408294677734,10800,0.0,0.0,0.0
2019-12-11 00:00:00-05:00,51.00198164507489,51.10055373970592,50.61754145133137,50.63725662231445,16900,0.0,0.0,0.0
2019-12-12 00:00:00-05:00,50.775250506707174,52.007420283479455,50.63724809335408,51.760986328125,135400,0.0,0.0,0.0
2019-12-13 00:00:00-05:00,51.977854527882364,52.165142998682875,51.11040586677937,51.59341812133789,59500,0.0,0.0,0.0
2019-12-16 00:00:00-05:00,52.25385931079673,52.43129207669695,52.076430305180615,52.14543151855469,124700,0.0,0.0,0.0
2019-12-17 00:00:00-05:00,52.38200719858672,52.43129324348155,52.12571750896309,52.25386047363281,32100,0.0,0.0,0.0
2019-12-18 00:00:00-05:00,52.411576189678634,52.51015203620945,52.1158561706543,52.1158561706543,21400,0.0,0.0,0.0
2019-12-19 00:00:00-05:00,52.07643338003534,52.46086980875685,52.07643338003534,52.391868591308594,40100,0.0,0.0,0.0
2019-12-20 00:00:00-05:00,52.96359040523437,53.10159283206286,52.56929829433639,52.648155212402344,156200,0.0,0.0,0.0
2019-12-23 00:00:00-05:00,52.865014683163174,52.865014683163174,52.28343038130921,52.32286071777344,165800,0.0,0.0,0.0
2019-12-24 00:00:00-05:00,52.45141946348557,52.520642376233795,52.32286100879638,52.4415283203125,19700,0.17,0.0,0.0
2019-12-26 00:00:00-05:00,52.46131044550036,53.00520641411829,52.46131044550036,52.98543167114258,27800,0.0,0.0,0.0
2019-12-27 00:00:00-05:00,53.27221071268333,53.27221071268333,52.87665172294578,52.98543167114258,32800,0.0,0.0,0.0
2019-12-30 00:00:00-05:00,53.11398681282498,53.193100874863184,52.599756726675025,52.66897964477539,40700,0.0,0.0,0.0
2019-12-31 00:00:00-05:00,52.599754871778885,53.05465316772461,52.431643154425224,53.05465316772461,38800,0.0,0.0,0.0
2020-01-02 00:00:00-05:00,53.37110267775397,53.51943588256836,52.93598288995328,53.51943588256836,78100,0.0,0.0,0.0
2020-01-03 00:00:00-05:00,52.26353251414345,53.202991306874715,52.26353251414345,52.866764068603516,86600,0.0,0.0,0.0
2020-01-06 00:00:00-05:00,52.25364313953128,52.807430267333984,52.05586175300416,52.807430267333984,49600,0.0,0.0,0.0
2020-01-07 00:00:00-05:00,52.58986960914418,52.58986960914418,52.09541803611527,52.125083923339844,45500,0.0,0.0,0.0
2020-01-08 00:00:00-05:00,52.154755377919,53.15354592997126,52.154755377919,52.72831726074219,56100,0.0,0.0,0.0
2020-01-09 00:00:00-05:00,53.4007686039599,53.48977003586114,53.123876936874275,53.4106559753418,26400,0.0,0.0,0.0
2020-01-10 00:00:00-05:00,53.529330707243695,53.529330707243695,52.985434707457955,53.074432373046875,24300,0.0,0.0,0.0
2020-01-13 00:00:00-05:00,53.40076772354902,53.964442192174985,53.10409754622472,53.934776306152344,90800,0.0,0.0,0.0
2020-01-14 00:00:00-05:00,54.083103324554344,54.14243886218093,53.539207432923355,53.647987365722656,71000,0.0,0.0,0.0
2020-01-15 00:00:00-05:00,53.2326540265468,53.895217272184844,53.2326540265468,53.65787887573242,39200,0.0,0.0,0.0
2020-01-16 00:00:00-05:00,54.201776863701156,54.64678021285004,54.06332726961217,54.59733581542969,58400,0.0,0.0,0.0
2020-01-17 00:00:00-05:00,54.93356559391416,55.18079136505902,54.795119765651584,55.111568450927734,48900,0.0,0.0,0.0
2020-01-21 00:00:00-05:00,54.587453232717024,55.2697950306433,54.587453232717024,54.73578643798828,115100,0.0,0.0,0.0
2020-01-22 00:00:00-05:00,55.091794895278255,55.368690349092226,54.775346181519055,54.923683166503906,46600,0.0,0.0,0.0
2020-01-23 00:00:00-05:00,54.54789890427752,54.96324019881536,54.05344731748299,54.923683166503906,64900,0.0,0.0,0.0
2020-01-24 00:00:00-05:00,54.95334678765849,54.95334678765849,53.28210185128582,53.75677490234375,198000,0.0,0.0,0.0
2020-01-27 00:00:00-05:00,51.966861584950394,52.777761894356665,51.6306343513649,52.2932014465332,92200,0.0,0.0,0.0
2020-01-28 00:00:00-05:00,52.837097305899725,53.61833172489756,52.66898180336156,53.2821044921875,81000,0.0,0.0,0.0
2020-01-29 00:00:00-05:00,53.49965544518717,53.83588264533145,53.13376235961914,53.13376235961914,41700,0.0,0.0,0.0
2020-01-30 00:00:00-05:00,52.352531937614415,54.241336822509766,52.352531937614415,54.241336822509766,39700,0.0,0.0,0.0
2020-01-31 00:00:00-05:00,53.43043369440196,53.440324838002525,51.719631771004124,52.06575012207031,75800,0.0,0.0,0.0
2020-02-03 00:00:00-05:00,52.53053513904368,53.60843974123508,52.53053513904368,52.817317962646484,78200,0.0,0.0,0.0
2020-02-04 00:00:00-05:00,54.17211126452548,54.65667544921363,53.924885486542266,53.944664001464844,65000,0.0,0.0,0.0
2020-02-05 00:00:00-05:00,55.29945860767291,55.32912826538086,54.7555626663284,55.32912826538086,98100,0.0,0.0,0.0
2020-02-06 00:00:00-05:00,55.67524144400695,56.07080417638829,55.19068105782389,55.28956985473633,65200,0.0,0.0,0.0
2020-02-07 00:00:00-05:00,54.676454949454715,55.220350916346085,54.587453516882235,54.96323776245117,56200,0.0,0.0,0.0
2020-02-10 00:00:00-05:00,54.627010984822434,55.526912689208984,54.627010984822434,55.526912689208984,51100,0.0,0.0,0.0
2020-02-11 00:00:00-05:00,55.803801361348064,56.555366045743554,55.803801361348064,55.99169158935547,40400,0.0,0.0,0.0
2020-02-12 00:00:00-05:00,56.268589992065266,56.60481720946712,56.219141817333096,56.40703582763672,58800,0.0,0.0,0.0
2020-02-13 00:00:00-05:00,55.94224870020274,56.76304009325507,55.92247018529432,56.58503723144531,33200,0.0,0.0,0.0
2020-02-14 00:00:00-05:00,56.60481965902146,57.05971421626053,56.60481965902146,57.03004455566406,17900,0.0,0.0,0.0
2020-02-18 00:00:00-05:00,56.72348452961893,56.97071031381541,55.962028661609835,56.40703582763672,40700,0.0,0.0,0.0
2020-02-19 00:00:00-05:00,56.73336722839023,57.03992853359622,56.66414431630594,56.71358871459961,42400,0.0,0.0,0.0
2020-02-20 00:00:00-05:00,56.53558890094367,57.27726623230207,55.86313825775543,56.911373138427734,20300,0.0,0.0,0.0
2020-02-21 00:00:00-05:00,56.30814027461314,56.515812789360766,55.50713119046474,55.99169158935547,47300,0.0,0.0,0.0
2020-02-24 00:00:00-05:00,52.7382091416481,53.62821975274212,52.24375754469599,52.63931655883789,211500,0.0,0.0,0.0
2020-02-25 00:00:00-05:00,52.72831437716693,52.72831437716693,48.67381306946443,49.010040283203125,187300,0.0,0.0,0.0
2020-02-26 00:00:00-05:00,49.197930516858186,50.37472387870714,48.129913330078125,48.129913330078125,192200,0.0,0.0,0.0
2020-02-27 00:00:00-05:00,46.20155905654245,47.25968518666329,43.828189849853516,43.828189849853516,250600,0.0,0.0,0.0
2020-02-28 00:00:00-05:00,41.06914525187798,42.453611124962336,39.72423640885112,41.840492248535156,358200,0.0,0.0,0.0
2020-03-02 00:00:00-05:00,42.11738897007267,45.9642219543457,41.53393590996657,45.9642219543457,227400,0.0,0.0,0.0
2020-03-03 00:00:00-05:00,45.96421283116035,47.012451411261814,42.61183213025883,43.28428649902344,156800,0.0,0.0,0.0
2020-03-04 00:00:00-05:00,44.5303076871503,46.290557861328125,43.6304059705384,46.290557861328125,118300,0.0,0.0,0.0
2020-03-05 00:00:00-05:00,43.828188034348635,44.08530497014527,41.65260031373136,42.56239318847656,119200,0.0,0.0,0.0
2020-03-06 00:00:00-05:00,39.55612395658944,40.87136688888169,38.359552112270435,40.27802276611328,197600,0.0,0.0,0.0
2020-03-09 00:00:00-04:00,34.611609309305635,35.34339928025773,32.01079303922961,32.37668991088867,386900,0.0,0.0,0.0
2020-03-10 00:00:00-04:00,35.18517442892369,35.99607467651367,32.3371324187438,35.99607467651367,215700,0.0,0.0,0.0
2020-03-11 00:00:00-04:00,33.771042562109066,34.24571560006989,31.259227768746115,32.03057098388672,218100,0.0,0.0,0.0
2020-03-12 00:00:00-04:00,25.731257785303512,29.78576066306816,25.493921279907227,25.493921279907227,446200,0.0,0.0,0.0
2020-03-13 00:00:00-04:00,28.786971469236857,31.150449408046565,26.235601402691795,31.140560150146484,202300,0.0,0.0,0.0
2020-03-16 00:00:00-04:00,24.702799745341245,26.265266615965974,22.23054191927788,22.250320434570312,355500,0.0,0.0,0.0
2020-03-17 00:00:00-04:00,23.199665868247152,25.167584701127126,21.508642469144323,24.267683029174805,288400,0.0,0.0,0.0
2020-03-18 00:00:00-04:00,21.291085299079047,22.16131923300647,18.274929588123413,20.163734436035156,264300,0.0,0.0,0.0
2020-03-19 00:00:00-04:00,19.778061518088897,21.637198470868764,18.11670404878016,20.89552116394043,208500,0.0,0.0,0.0
2020-03-20 00:00:00-04:00,21.647089048378387,21.904204090138755,19.03638537232396,19.22427749633789,289900,0.0,0.0,0.0
2020-03-23 00:00:00-04:00,18.759489212632165,18.759489212632165,16.623458885615282,17.117910385131836,406100,0.0,0.0,0.0
2020-03-24 00:00:00-04:00,18.789158250980194,21.053747177124023,18.789158250980194,21.053747177124023,332800,0.0,0.0,0.0
2020-03-25 00:00:00-04:00,21.875055442778454,24.390687501443818,20.51283524664738,22.67051124572754,280700,0.116,0.0,0.0
2020-03-26 00:00:00-04:00,23.177616175424184,25.713135228453858,23.177616175424184,25.61370277404785,207600,0.0,0.0,0.0
2020-03-27 00:00:00-04:00,23.843811970815302,25.693249237930797,23.06824297223117,24.132165908813477,126900,0.0,0.0,0.0
2020-03-30 00:00:00-04:00,24.191824610170876,25.25574754610572,23.227334131985803,25.106599807739258,166200,0.0,0.0,0.0
2020-03-31 00:00:00-04:00,24.738700544819956,24.907735155828473,23.167673764600476,23.595232009887695,119400,0.0,0.0,0.0
2020-04-01 00:00:00-04:00,21.815399006877996,21.815399006877996,20.383576515724457,20.801191329956055,142200,0.0,0.0,0.0
2020-04-02 00:00:00-04:00,20.423349683726705,22.083863561784522,20.423349683726705,21.656307220458984,95300,0.0,0.0,0.0
2020-04-03 00:00:00-04:00,21.25857691312561,21.715965446736583,20.18471057329869,20.78130340576172,129100,0.0,0.0,0.0
2020-04-06 00:00:00-04:00,22.730172018065065,24.29125522798871,22.501476813608107,23.95318603515625,194200,0.0,0.0,0.0
2020-04-07 00:00:00-04:00,26.429046467869192,26.67762666485687,24.440404891967773,24.440404891967773,240100,0.0,0.0,0.0
2020-04-08 00:00:00-04:00,25.245801784308345,27.105182314385242,24.79835861044032,26.84665870666504,218600,0.0,0.0,0.0
2020-04-09 00:00:00-04:00,28.318254272375118,29.869395995133743,28.010015373429983,29.342405319213867,269000,0.0,0.0,0.0
2020-04-13 00:00:00-04:00,29.53132769421261,29.53132769421261,26.806887109333406,27.284162521362305,209200,0.0,0.0,0.0
2020-04-14 00:00:00-04:00,28.715981500801696,28.715981500801696,27.184728581300607,27.850923538208008,225700,0.0,0.0,0.0
2020-04-15 00:00:00-04:00,25.93188410927127,26.09097527156918,25.206030444222506,25.414836883544922,186800,0.0,0.0,0.0
2020-04-16 00:00:00-04:00,25.355178729372255,25.46455461705084,24.112277811265773,24.559722900390625,140000,0.0,0.0,0.0
2020-04-17 00:00:00-04:00,26.478759415767964,27.06540878069387,25.951770658354548,26.886432647705078,140600,0.0,0.0,0.0
2020-04-20 00:00:00-04:00,25.84239676260714,26.46881991406836,25.186145201611065,25.554044723510742,86800,0.0,0.0,0.0
2020-04-21 00:00:00-04:00,24.36085495407477,24.858015259259968,23.963127089229822,24.142105102539062,123500,0.0,0.0,0.0
2020-04-22 00:00:00-04:00,25.036997774716717,25.116543361989574,24.698928554677963,24.838132858276367,57100,0.0,0.0,0.0
2020-04-23 00:00:00-04:00,24.848073193005785,25.583870257590107,24.51994744938688,24.5994930267334,126400,0.0,0.0,0.0
2020-04-24 00:00:00-04:00,24.97733894022603,25.335293133002256,24.33102891311072,25.106599807739258,51800,0.0,0.0,0.0
2020-04-27 00:00:00-04:00,25.733019889165124,27.055466396087738,25.4148375561486,26.90631866455078,136500,0.0,0.0,0.0
2020-04-28 00:00:00-04:00,28.278484330745652,28.706042581933712,27.264276650697198,27.393537521362305,231300,0.0,0.0,0.0
2020-04-29 00:00:00-04:00,28.835303046752145,29.66058923050543,28.706042177906337,29.173372268676758,173700,0.0,0.0,0.0
2020-04-30 00:00:00-04:00,28.20887983120175,28.348084125957104,27.423365547330743,27.801206588745117,142400,0.0,0.0,0.0
2020-05-01 00:00:00-04:00,26.31966921110803,26.667681848169085,25.78273699961305,26.021373748779297,115300,0.0,0.0,0.0
2020-05-04 00:00:00-04:00,25.375066172866298,25.80262440180311,24.85801892408148,25.742963790893555,82900,0.0,0.0,0.0
2020-05-05 00:00:00-04:00,26.61796860633105,26.796946656027327,25.792682407799898,25.842397689819336,56700,0.0,0.0,0.0
2020-05-06 00:00:00-04:00,26.20035206200358,26.309726054539354,24.81824493408203,24.81824493408203,84200,0.0,0.0,0.0
2020-05-07 00:00:00-04:00,25.504327384586578,26.687569632532362,25.504327384586578,25.911998748779297,69900,0.0,0.0,0.0
2020-05-08 00:00:00-04:00,26.747228084569528,27.075353859752667,26.54836507033158,27.025638580322266,101000,0.0,0.0,0.0
2020-05-11 00:00:00-04:00,26.438991251219793,26.627912741586446,25.912000523993445,26.18046760559082,70900,0.0,0.0,0.0
2020-05-12 00:00:00-04:00,26.369386117192555,26.369386117192555,24.510005524505424,24.519948959350586,153800,0.0,0.0,0.0
2020-05-13 00:00:00-04:00,24.44040347560292,24.44040347560292,22.80971808475012,23.187559127807617,285800,0.0,0.0,0.0
2020-05-14 00:00:00-04:00,22.402046595598897,24.122220993041992,21.825340651510377,24.122220993041992,403500,0.0,0.0,0.0
2020-05-15 00:00:00-04:00,23.674775975319474,24.042675478721844,23.346650211318995,23.9432430267334,68700,0.0,0.0,0.0
2020-05-18 00:00:00-04:00,25.583873345679212,26.796945917282137,25.554044935896442,26.478761672973633,227300,0.0,0.0,0.0
2020-05-19 00:00:00-04:00,26.359443619791715,26.538421660337228,25.474498748779297,25.474498748779297,315100,0.0,0.0,0.0
2020-05-20 00:00:00-04:00,26.30972683781977,26.717400101010167,26.17052253598465,26.528478622436523,193300,0.0,0.0,0.0
2020-05-21 00:00:00-04:00,26.49864564854766,26.707453976794188,26.00148531031406,26.279895782470703,218800,0.0,0.0,0.0
2020-05-22 00:00:00-04:00,26.279897453555414,26.349499601891388,25.812565492128794,26.329612731933594,49700,0.0,0.0,0.0
2020-05-26 00:00:00-04:00,27.910581948817168,29.08388068680435,27.910581948817168,28.656322479248047,243400,0.0,0.0,0.0
2020-05-27 00:00:00-04:00,30.664853074222698,30.664853074222698,29.19325877175686,30.465988159179688,273300,0.0,0.0,0.0
2020-05-28 00:00:00-04:00,31.152070284518608,31.211729000912552,29.710304379964075,29.92905616760254,129500,0.0,0.0,0.0
2020-05-29 00:00:00-04:00,29.302632431788876,29.78984938188326,28.7955286111152,29.322519302368164,201900,0.0,0.0,0.0
2020-06-01 00:00:00-04:00,29.541267622222858,30.267123187734153,29.292687442716375,30.06825828552246,57900,0.0,0.0,0.0
2020-06-02 00:00:00-04:00,30.625080149994467,30.843831941683565,30.187580359649143,30.53559112548828,114800,0.0,0.0,0.0
2020-06-03 00:00:00-04:00,31.669115163351666,32.73303612882238,31.529908973570947,32.55406188964844,219600,0.0,0.0,0.0
2020-06-04 00:00:00-04:00,32.38502683664478,33.14071273803711,31.818264307116877,33.14071273803711,201700,0.0,0.0,0.0
2020-06-05 00:00:00-04:00,36.47169033996723,36.58106624412674,35.28844985312917,35.606632232666016,302500,0.0,0.0,0.0
2020-06-08 00:00:00-04:00,36.87935467989422,36.91912841796875,35.99440986941424,36.91912841796875,198700,0.0,0.0,0.0
2020-06-09 00:00:00-04:00,35.59668264856777,36.10378836310349,35.05974852483562,35.61656951904297,143600,0.0,0.0,0.0
2020-06-10 00:00:00-04:00,35.308328787141654,35.308328787141654,33.48872375488281,33.48872375488281,198600,0.0,0.0,0.0
2020-06-11 00:00:00-04:00,30.346669923555368,31.241558224512662,28.348084976724824,28.358028411865234,447200,0.0,0.0,0.0
2020-06-12 00:00:00-04:00,30.644963553244136,30.644963553244136,28.71598087160401,30.12791633605957,327900,0.0,0.0,0.0
2020-06-15 00:00:00-04:00,28.427631170575268,30.992978699773836,28.039846674370157,30.823944091796875,372500,0.0,0.0,0.0
2020-06-16 00:00:00-04:00,33.26003205483924,33.26003205483924,30.823945296957028,31.85803985595703,307400,0.0,0.0,0.0
2020-06-17 00:00:00-04:00,31.927638509296564,32.02706906278557,30.88360062901585,30.963146209716797,110100,0.0,0.0,0.0
2020-06-18 00:00:00-04:00,30.37649917994536,31.22167222529673,30.37649917994536,30.863718032836914,98500,0.0,0.0,0.0
2020-06-19 00:00:00-04:00,31.887865053670183,31.887865053670183,29.77990619813029,30.247236251831055,186700,0.0,0.0,0.0
2020-06-22 00:00:00-04:00,29.968827272692547,30.416272375884688,29.501497195537915,30.167692184448242,146400,0.0,0.0,0.0
2020-06-23 00:00:00-04:00,31.082467481694543,31.152069632115904,30.30689659875007,30.386442184448242,286600,0.0,0.0,0.0
2020-06-24 00:00:00-04:00,29.563682105506835,29.782819224663395,27.850421701628626,28.248855590820312,246400,0.054,0.0,0.0
2020-06-25 00:00:00-04:00,28.079520374302422,29.593561859109226,27.930108623154357,29.56368064880371,197100,0.0,0.0,0.0
2020-06-26 00:00:00-04:00,28.657246160111274,28.836541014898998,27.39222304010759,27.46194839477539,174900,0.0,0.0,0.0
2020-06-29 00:00:00-04:00,27.920148247852843,28.2787360791284,27.55159747974144,28.16916847229004,69300,0.0,0.0,0.0
2020-06-30 00:00:00-04:00,27.940069873604468,29.15528984791703,27.890266586078784,28.966033935546875,181100,0.0,0.0,0.0
2020-07-01 00:00:00-04:00,29.075601856654693,29.474033834675055,28.64728676783023,28.89630699157715,229000,0.0,0.0,0.0
2020-07-02 00:00:00-04:00,30.13144584172429,30.171289987834424,28.826580454592698,28.97599220275879,97100,0.0,0.0,0.0
2020-07-06 00:00:00-04:00,30.041799236007773,30.221094098669216,29.51387568482391,29.69317054748535,212800,0.0,0.0,0.0
2020-07-07 00:00:00-04:00,29.175208946424114,29.274815511313633,28.368382091730233,28.537715911865234,102500,0.0,0.0,0.0
2020-07-08 00:00:00-04:00,28.497873620424446,29.015834216593394,28.258814445298754,28.846500396728516,73600,0.0,0.0,0.0
2020-07-09 00:00:00-04:00,28.75685640968841,28.856462979757517,27.292616271240636,27.860382080078125,173500,0.0,0.0,0.0
2020-07-10 00:00:00-04:00,27.780694805878063,29.155287467910327,27.780694805878063,29.125404357910156,103800,0.0,0.0,0.0
2020-07-13 00:00:00-04:00,29.822662527895446,29.94219117136479,28.876384917707746,28.89630699157715,145100,0.0,0.0,0.0
2020-07-14 00:00:00-04:00,28.77677615907881,29.553719933316764,28.46799161669996,29.493955612182617,84100,0.0,0.0,0.0
2020-07-15 00:00:00-04:00,30.56972348662332,30.699213168245127,30.031838886332253,30.60956573486328,180900,0.0,0.0,0.0
2020-07-16 00:00:00-04:00,29.96211322867877,30.67929078871915,29.96211322867877,30.260936737060547,210800,0.0,0.0,0.0
2020-07-17 00:00:00-04:00,30.360544663268588,30.43027002065191,29.912309408715746,30.201171875,35300,0.0,0.0,0.0
2020-07-20 00:00:00-04:00,29.922269502601843,30.27089627853305,29.772855855918827,29.991994857788086,72400,0.0,0.0,0.0
2020-07-21 00:00:00-04:00,30.310739351155465,31.027916850374453,30.310739351155465,30.709171295166016,133400,0.0,0.0,0.0
2020-07-22 00:00:00-04:00,30.440230858706983,31.057801834121747,30.440230858706983,31.01795768737793,78100,0.0,0.0,0.0
2020-07-23 00:00:00-04:00,30.928310942256516,31.31678378212093,30.729095903744525,30.98807716369629,41200,0.0,0.0,0.0
2020-07-24 00:00:00-04:00,30.878508218904823,31.097645335213535,30.529879520329573,30.629487991333008,93400,0.0,0.0,0.0
2020-07-27 00:00:00-04:00,30.48007514953765,30.559761543528495,29.852543134470434,30.50995635986328,52800,0.0,0.0,0.0
2020-07-28 00:00:00-04:00,30.300780332988143,30.8984292387418,30.280858259492536,30.619525909423828,87300,0.0,0.0,0.0
2020-07-29 00:00:00-04:00,30.67928932607683,31.794900710603915,30.67928932607683,31.774978637695312,58500,0.0,0.0,0.0
2020-07-30 00:00:00-04:00,30.679290676030618,30.918351761706177,30.181250230641332,30.878507614135742,72900,0.0,0.0,0.0
2020-07-31 00:00:00-04:00,30.918348935663662,30.918348935663662,30.00195452391401,30.77889633178711,73800,0.0,0.0,0.0
2020-08-03 00:00:00-04:00,31.00799688883917,31.05780207265145,30.539839560244697,30.729095458984375,49800,0.0,0.0,0.0
2020-08-04 00:00:00-04:00,30.649409421780376,30.92831085488397,30.47011455771462,30.768938064575195,55500,0.0,0.0,0.0
2020-08-05 00:00:00-04:00,31.167370705915523,31.665411130875196,31.167370705915523,31.575763702392578,113000,0.0,0.0,0.0
2020-08-06 00:00:00-04:00,31.406431277129684,31.77498014404335,31.257017623105384,31.625568389892578,28800,0.0,0.0,0.0
2020-08-07 00:00:00-04:00,31.42635246050182,32.63160946922006,31.296862776044975,32.58180618286133,72300,0.0,0.0,0.0
2020-08-10 00:00:00-04:00,32.90055017050874,33.16949246342465,32.72125530856479,32.93043518066406,54300,0.0,0.0,0.0
2020-08-11 00:00:00-04:00,33.806982684302874,34.3149860457094,33.159532411589495,33.24917984008789,270500,0.0,0.0,0.0
2020-08-12 00:00:00-04:00,34.245256441654156,34.245256441654156,32.92046725150553,33.31890106201172,157200,0.0,0.0,0.0
2020-08-13 00:00:00-04:00,32.95035861598179,33.289022480598014,32.67145337490497,32.870670318603516,85700,0.0,0.0,0.0
2020-08-14 00:00:00-04:00,32.52204113296263,33.28902004039699,32.52204113296263,32.92047119140625,41000,0.0,0.0,0.0
2020-08-17 00:00:00-04:00,32.72125618680064,32.800944483024324,32.43239561235751,32.50212097167969,128100,0.0,0.0,0.0
2020-08-18 00:00:00-04:00,32.522045360174204,32.54196363590051,31.994119859490066,32.12361145019531,54200,0.0,0.0,0.0
2020-08-19 00:00:00-04:00,32.153489810613095,32.59176783265176,31.77497990956605,31.914432525634766,48900,0.0,0.0,0.0
2020-08-20 00:00:00-04:00,31.276938214220863,31.9144312481821,31.237095968277096,31.774978637695312,43200,0.0,0.0,0.0
2020-08-21 00:00:00-04:00,31.635527017896585,32.033958965250775,31.476154238954912,31.675369262695312,88900,0.0,0.0,0.0
2020-08-24 00:00:00-04:00,31.974190586265966,32.890586853027344,31.75505350500675,32.890586853027344,100700,0.0,0.0,0.0
2020-08-25 00:00:00-04:00,33.40854941855527,33.40854941855527,32.741173337158365,33.10972595214844,68300,0.0,0.0,0.0
2020-08-26 00:00:00-04:00,33.08980512473378,33.08980512473378,32.631605072626044,32.8308219909668,66800,0.0,0.0,0.0
2020-08-27 00:00:00-04:00,32.761103472698885,34.05600801238017,32.761103472698885,33.80698776245117,114700,0.0,0.0,0.0
2020-08-28 00:00:00-04:00,34.195454739165186,34.31498336791992,33.69741435298273,34.31498336791992,38400,0.0,0.0,0.0
2020-08-31 00:00:00-04:00,34.17553435743109,34.17553435743109,33.45835494995117,33.45835494995117,57100,0.0,0.0,0.0
2020-09-01 00:00:00-04:00,33.13961114391766,33.61772950761184,32.87066885188713,33.548004150390625,33600,0.0,0.0,0.0
2020-09-02 00:00:00-04:00,33.61772819868536,34.733337670534844,33.32886384444631,34.55404281616211,56100,0.0,0.0,0.0
2020-09-03 00:00:00-04:00,34.783143674784064,35.360872428480114,32.930436367502,33.37866973876953,120800,0.0,0.0,0.0
2020-09-04 00:00:00-04:00,34.32494382270395,34.32494382270395,32.33278220142461,33.41851043701172,265600,0.0,0.0,0.0
2020-09-08 00:00:00-04:00,32.84078748909216,32.84078748909216,31.685331932385957,31.854665756225586,107500,0.0,0.0,0.0
2020-09-09 00:00:00-04:00,32.56188201904297,32.970275020575585,32.18337402720577,32.56188201904297,74500,0.0,0.0,0.0
2020-09-10 00:00:00-04:00,32.671452425244915,32.94039472145854,31.655451361560434,31.7152156829834,61400,0.0,0.0,0.0
2020-09-11 00:00:00-04:00,31.834744369566852,32.083764592357106,31.376548071572074,31.824785232543945,38000,0.0,0.0,0.0
2020-09-14 00:00:00-04:00,32.7212559766803,33.26910351033241,32.7212559766803,32.900550842285156,37500,0.0,0.0,0.0
2020-09-15 00:00:00-04:00,33.199378035730305,33.199378035730305,32.50212064966939,32.57184600830078,52700,0.0,0.0,0.0
2020-09-16 00:00:00-04:00,32.541958467254304,33.80698156080392,32.541958467254304,33.12964630126953,59600,0.0,0.0,0.0
2020-09-17 00:00:00-04:00,32.23317931436513,32.70133856464796,31.99411822067361,32.3626708984375,35300,0.0,0.0,0.0
2020-09-18 00:00:00-04:00,32.36267051750602,32.47223622608832,31.765019690185582,31.794902801513672,37900,0.0,0.0,0.0
2020-09-21 00:00:00-04:00,30.63944587062471,30.63944587062471,29.55371763832023,30.18124771118164,234100,0.0,0.0,0.0
2020-09-22 00:00:00-04:00,30.101563049613645,30.64940866516521,29.762895403599504,30.16132926940918,71900,0.0,0.0,0.0
2020-09-23 00:00:00-04:00,30.302920066752417,30.492376174413593,28.707506218710936,28.71747589111328,75200,0.032,0.0,0.0
2020-09-24 00:00:00-04:00,28.72744816071487,29.654783671011185,28.258795569244885,28.877017974853516,34300,0.0,0.0,0.0
2020-09-25 00:00:00-04:00,28.51805035278331,29.764468620808074,28.51805035278331,29.644811630249023,35900,0.0,0.0,0.0
2020-09-28 00:00:00-04:00,30.30292035860801,31.26017057853576,30.30292035860801,30.961029052734375,39300,0.0,0.0,0.0
2020-09-29 00:00:00-04:00,30.771573904592106,30.841373021247335,30.133406476851547,30.312891006469727,15900,0.0,0.0,0.0
2020-09-30 00:00:00-04:00,30.562176874450646,31.33994259204109,30.492377752721396,30.82143211364746,43300,0.0,0.0,0.0
2020-10-01 00:00:00-04:00,30.961029065782117,31.668995632115408,30.79151610498823,31.399768829345703,34400,0.0,0.0,0.0
2020-10-02 00:00:00-04:00,30.253064329560992,32.147621616956904,30.253064329560992,31.818565368652344,93300,0.0,0.0,0.0
2020-10-05 00:00:00-04:00,32.47667241198266,32.79575516783519,32.19747595155332,32.74589920043945,26200,0.0,0.0,0.0
2020-10-06 00:00:00-04:00,33.12481260563791,33.613406429180976,31.98807977104933,32.147621154785156,35900,0.0,0.0,0.0
2020-10-07 00:00:00-04:00,32.765845163552164,33.16469674075586,32.546474323641704,32.955299377441406,53300,0.0,0.0,0.0
2020-10-08 00:00:00-04:00,33.35415484238384,33.932490962103586,33.334211692908426,33.85272216796875,35200,0.0,0.0,0.0
2020-10-09 00:00:00-04:00,34.13191899547808,34.27151723943951,33.54360939323571,33.932491302490234,79100,0.0,0.0,0.0
2020-10-12 00:00:00-04:00,33.95243150498207,34.71025591180084,33.90257553700449,34.56068420410156,81300,0.0,0.0,0.0
2020-10-13 00:00:00-04:00,34.381202092121534,34.381202092121534,33.184639757751924,33.3641242980957,61400,0.0,0.0,0.0
2020-10-14 00:00:00-04:00,33.344181866599946,33.55358303735365,32.64619064331055,32.64619064331055,35600,0.0,0.0,0.0
2020-10-15 00:00:00-04:00,31.948195141095148,33.04504173603692,31.948195141095148,32.975242614746094,101300,0.0,0.0,0.0
2020-10-16 00:00:00-04:00,33.00515534912102,33.3242381323907,32.775814836381365,32.955299377441406,51400,0.0,0.0,0.0
2020-10-19 00:00:00-04:00,33.15472644343958,33.15472644343958,31.808594312727763,31.938220977783203,93500,0.0,0.0,0.0
2020-10-20 00:00:00-04:00,32.28722034340232,33.01512816592479,32.28722034340232,32.36698913574219,44400,0.0,0.0,0.0
2020-10-21 00:00:00-04:00,32.247331399942944,32.63621326464393,32.15758913856837,32.19747543334961,54900,0.0,0.0,0.0
2020-10-22 00:00:00-04:00,32.20745030271745,33.055017086647965,32.13765117746949,32.965274810791016,41100,0.0,0.0,0.0
2020-10-23 00:00:00-04:00,33.28435463268567,33.40400972185855,32.80573047222747,33.164695739746094,29300,0.0,0.0,0.0
2020-10-26 00:00:00-04:00,32.40687671280591,32.40687671280591,31.13054365297736,31.778682708740234,80100,0.0,0.0,0.0
2020-10-27 00:00:00-04:00,31.678967768628585,31.678967768628585,30.622003687566313,30.651918411254883,59600,0.0,0.0,0.0
2020-10-28 00:00:00-04:00,29.415473619419835,29.594958169534607,28.717478569392064,28.896963119506836,162500,0.0,0.0,0.0
2020-10-29 00:00:00-04:00,28.886989984055216,29.76446953680358,28.208940022964903,29.41547203063965,110100,0.0,0.0,0.0
2020-10-30 00:00:00-04:00,28.99667510485382,29.47529927312141,28.51805093658623,29.345672607421875,79300,0.0,0.0,0.0
2020-11-02 00:00:00-05:00,30.053636396607757,30.66188911447314,29.66475450912442,30.452491760253906,81900,0.0,0.0,0.0
2020-11-03 00:00:00-05:00,31.379826935542095,32.057880707718276,31.33994253828669,31.688940048217773,89600,0.0,0.0,0.0
2020-11-04 00:00:00-05:00,31.250199538564893,32.58636009843079,30.811459767683296,31.519426345825195,182100,0.0,0.0,0.0
2020-11-05 00:00:00-05:00,32.267279243529345,33.184641334412554,32.267279243529345,32.84561538696289,83800,0.0,0.0,0.0
2020-11-06 00:00:00-05:00,33.07495362859751,33.08492710493974,32.20744757139314,32.32710266113281,37000,0.0,0.0,0.0
2020-11-09 00:00:00-05:00,35.557822409197186,38.24011331942679,35.557822409197186,36.70452880859375,316200,0.0,0.0,0.0
2020-11-10 00:00:00-05:00,36.864068642819284,37.3227496616378,36.554955536867624,37.22303771972656,94500,0.0,0.0,0.0
2020-11-11 00:00:00-05:00,37.77146020980266,37.77146020980266,36.59484106202713,37.04355239868164,63700,0.0,0.0,0.0
2020-11-12 00:00:00-05:00,36.48515410538946,36.48515410538946,35.27862218737189,35.82704544067383,85300,0.0,0.0,0.0
2020-11-13 00:00:00-05:00,36.41535529438308,37.39254672569595,36.40538181848029,37.193119049072266,53600,0.0,0.0,0.0
2020-11-16 00:00:00-05:00,38.788536881133375,38.888248818134784,37.89111423305441,38.53925323486328,76300,0.0,0.0,0.0
2020-11-17 00:00:00-05:00,37.59197557620841,38.559193561821914,37.25294965649131,38.32985305786133,52000,0.0,0.0,0.0
2020-11-18 00:00:00-05:00,38.43953854402573,39.1275638609344,37.472320556640625,37.472320556640625,117400,0.0,0.0,0.0
2020-11-19 00:00:00-05:00,37.19312289121849,37.69169023239774,36.71449870013845,37.6418342590332,43200,0.0,0.0,0.0
2020-11-20 00:00:00-05:00,37.39254952389883,37.39254952389883,36.84412622496835,36.95381164550781,25000,0.0,0.0,0.0
2020-11-23 00:00:00-05:00,37.432432727440386,38.25008277177838,37.432432727440386,37.99082565307617,101200,0.0,0.0,0.0
2020-11-24 00:00:00-05:00,39.03782280260305,40.18452536001758,38.96802368188072,39.93524169921875,131700,0.0,0.0,0.0
2020-11-25 00:00:00-05:00,39.66601410989849,39.775699527097984,39.147503649170616,39.75575637817383,42200,0.0,0.0,0.0
2020-11-27 00:00:00-05:00,39.845497329751645,39.845497329751645,39.21730527634965,39.45661544799805,28500,0.0,0.0,0.0
2020-11-30 00:00:00-05:00,39.07770539424833,39.157477991709584,37.990828478323,38.20022964477539,34000,0.0,0.0,0.0
2020-12-01 00:00:00-05:00,39.42670344277011,39.69593024426673,39.13753349259598,39.207332611083984,43400,0.0,0.0,0.0
2020-12-02 00:00:00-05:00,38.858334905584094,39.64606831479392,38.858334905584094,39.58624267578125,26300,0.0,0.0,0.0
2020-12-03 00:00:00-05:00,39.58624293359574,40.064867067646645,39.44664470330171,39.64606857299805,49800,0.0,0.0,0.0
2020-12-04 00:00:00-05:00,40.024980142142105,40.802743872260734,40.024980142142105,40.79277420043945,30700,0.0,0.0,0.0
2020-12-07 00:00:00-05:00,40.38395435220576,40.413867175261245,39.935242987538984,40.23438262939453,34200,0.0,0.0,0.0
2020-12-08 00:00:00-05:00,39.626129662286466,40.284238329272576,39.626129662286466,40.17455291748047,36200,0.0,0.0,0.0
2020-12-09 00:00:00-05:00,40.513579281719906,40.513579281719906,39.52641436822755,39.845497131347656,49300,0.0,0.0,0.0
2020-12-10 00:00:00-05:00,39.386815958431264,39.86544010096781,39.24721772566226,39.80561065673828,40500,0.0,0.0,0.0
2020-12-11 00:00:00-05:00,39.07770219560604,39.28710334491823,38.668877176497844,39.21730422973633,29500,0.0,0.0,0.0
2020-12-14 00:00:00-05:00,39.98509955762586,40.1047584591684,38.589113273532284,38.599082946777344,61700,0.0,0.0,0.0
2020-12-15 00:00:00-05:00,39.12756099281824,39.9651541579173,38.768591950094866,39.85546875,43300,0.0,0.0,0.0
2020-12-16 00:00:00-05:00,39.98509563269301,40.03495540532499,39.66601286743464,39.90532684326172,30600,0.0,0.0,0.0
2020-12-17 00:00:00-05:00,40.174553873400164,40.46372381977509,40.01501248984273,40.3939208984375,22700,0.0,0.0,0.0
2020-12-18 00:00:00-05:00,40.45375300995658,40.51358245914641,39.27713380225803,39.68595886230469,28600,0.0,0.0,0.0
2020-12-21 00:00:00-05:00,39.86544681512264,40.294215061564515,38.85834239212462,40.03496170043945,130300,0.0,0.0,0.0
2020-12-22 00:00:00-05:00,40.064866806715,40.064866806715,39.57626920010149,39.58624267578125,27700,0.0,0.0,0.0
2020-12-23 00:00:00-05:00,39.84401658480239,40.70324120024965,39.84401658480239,40.223670959472656,340100,0.078,0.0,0.0
2020-12-24 00:00:00-05:00,40.52340184912352,40.62331008911133,40.04383543692299,40.62331008911133,22000,0.0,0.0,0.0
2020-12-28 00:00:00-05:00,41.19279340666925,41.46255021481502,40.95301211804293,41.182804107666016,81900,0.0,0.0,0.0
2020-12-29 00:00:00-05:00,41.47254067877718,41.56245961735158,40.843111920011346,40.863094329833984,98700,0.0,0.0,0.0
2020-12-30 00:00:00-05:00,41.052918116949854,41.662368226832,41.052918116949854,41.412593841552734,32100,0.0,0.0,0.0
2020-12-31 00:00:00-05:00,41.44256724586003,42.39171071105338,41.29270489530623,42.271820068359375,69500,0.0,0.0,0.0
2021-01-04 00:00:00-05:00,42.571547829011394,42.571547829011394,40.30359590046608,40.87308120727539,83400,0.0,0.0,0.0
2021-01-05 00:00:00-05:00,40.71322518491576,41.382618714382055,40.463450797278234,41.032936096191406,68300,0.0,0.0,0.0
2021-01-06 00:00:00-05:00,42.042027181263464,44.06020089985834,42.042027181263464,43.33086013793945,146900,0.0,0.0,0.0
2021-01-07 00:00:00-05:00,44.66965320908811,44.92942072187857,44.000259640079854,44.329959869384766,70900,0.0,0.0,0.0
2021-01-08 00:00:00-05:00,44.67964603138595,44.67964603138595,43.43077402747874,44.409889221191406,85200,0.0,0.0,0.0
2021-01-11 00:00:00-05:00,43.820422052447086,44.459843916957595,43.46074630084619,44.25003433227539,46400,0.0,0.0,0.0
2021-01-12 00:00:00-05:00,44.66965418756312,44.95939341538569,44.459844599659185,44.719608306884766,79900,0.0,0.0,0.0
2021-01-13 00:00:00-05:00,44.69962542055016,45.07927973998208,44.359932105989486,44.98936080932617,48600,0.0,0.0,0.0
2021-01-14 00:00:00-05:00,45.37900889864944,45.408984416807286,44.88945323337599,44.93940734863281,97900,0.0,0.0,0.0
2021-01-15 00:00:00-05:00,43.920330785441415,44.37991477934044,43.37082785262694,43.98027801513672,78400,0.0,0.0,0.0
2021-01-19 00:00:00-05:00,44.30997803783203,44.46983350499792,43.83041163633437,44.17010498046875,54600,0.0,0.0,0.0
2021-01-20 00:00:00-05:00,44.42987171251677,44.67964611375871,44.06020285457518,44.51979064941406,68400,0.0,0.0,0.0
2021-01-21 00:00:00-05:00,44.60970975539233,44.60970975539233,43.720509682146655,43.810428619384766,39800,0.0,0.0,0.0
2021-01-22 00:00:00-05:00,43.071097101036564,43.470733844589745,42.79135099942385,43.280906677246094,49000,0.0,0.0,0.0
2021-01-25 00:00:00-05:00,42.75138519217721,43.021141988740645,41.90214998568018,42.891258239746094,75300,0.0,0.0,0.0
2021-01-26 00:00:00-05:00,43.19098930714152,43.19098930714152,42.561556744463196,42.581539154052734,27800,0.0,0.0,0.0
2021-01-27 00:00:00-05:00,41.46255172756887,41.50251654754966,40.02385250955564,40.37353515625,104500,0.0,0.0,0.0
2021-01-28 00:00:00-05:00,41.222764141276286,42.36173857474145,41.06290868221614,41.722312927246094,57700,0.0,0.0,0.0
2021-01-29 00:00:00-05:00,41.462552245387485,41.48253465562743,39.76408548754229,40.10377883911133,127800,0.0,0.0,0.0
2021-02-01 00:00:00-05:00,40.75318924931583,41.462547582410174,40.45346075193488,41.38261795043945,57400,0.0,0.0,0.0
2021-02-02 00:00:00-05:00,42.00206383701417,43.42078059347493,42.00206383701417,43.0411262512207,46300,0.0,0.0,0.0
2021-02-03 00:00:00-05:00,42.92122918770342,43.34085213424414,42.67145480396037,43.24094009399414,42600,0.0,0.0,0.0
2021-02-04 00:00:00-05:00,43.48072818314978,44.96938147879742,43.48072818314978,44.929420471191406,59300,0.0,0.0,0.0
2021-02-05 00:00:00-05:00,45.46892903926363,45.718703433441924,44.91942613432236,45.13922882080078,64200,0.0,0.0,0.0
2021-02-08 00:00:00-05:00,45.47892367037471,45.78864530156615,45.32905750435355,45.77865219116211,42700,0.0,0.0,0.0
2021-02-09 00:00:00-05:00,45.70871684427556,46.098364312491526,45.50889655483646,45.97847366333008,37400,0.0,0.0,0.0
2021-02-10 00:00:00-05:00,46.32815387155161,46.537967260603175,45.848587488906986,45.988460540771484,151600,0.0,0.0,0.0
2021-02-11 00:00:00-05:00,46.16829755555333,46.677839447913335,45.588822949811174,46.22824478149414,63000,0.0,0.0,0.0
2021-02-12 00:00:00-05:00,45.94850075636576,46.75776738118359,45.94850075636576,46.70781326293945,39300,0.0,0.0,0.0
2021-02-16 00:00:00-05:00,47.227344751581086,47.76685837876132,47.08747169518361,47.557044982910156,96100,0.0,0.0,0.0
2021-02-17 00:00:00-05:00,47.29728135984868,47.71690052975149,46.99755283688168,47.66694641113281,56600,0.0,0.0,0.0
2021-02-18 00:00:00-05:00,47.1374280650256,47.45713901241939,46.71780506453681,47.32725524902344,37900,0.0,0.0,0.0
2021-02-19 00:00:00-05:00,47.71689836265565,48.21644714866494,47.626979428723786,48.00663757324219,82700,0.0,0.0,0.0
2021-02-22 00:00:00-05:00,47.467127978753005,49.2255419883251,47.467127978753005,48.85587692260742,51300,0.0,0.0,0.0
2021-02-23 00:00:00-05:00,48.95578228655714,49.73507719314975,48.67603617880694,49.6551513671875,99500,0.0,0.0,0.0
2021-02-24 00:00:00-05:00,49.86496166177907,51.643354191512856,49.84497925218876,51.57341766357422,87900,0.0,0.0,0.0
2021-02-25 00:00:00-05:00,52.47260650281768,52.47260650281768,49.10564865197164,49.4653205871582,145600,0.0,0.0,0.0
2021-02-26 00:00:00-05:00,49.44534119216132,49.63516836138842,47.62698007987274,47.95668411254883,71600,0.0,0.0,0.0
2021-03-01 00:00:00-05:00,49.43534742530291,50.864057258744005,49.43534742530291,50.27458953857422,78700,0.0,0.0,0.0
2021-03-02 00:00:00-05:00,50.16469103226129,50.51437748912854,49.63517050854701,49.884944915771484,70400,0.0,0.0,0.0
2021-03-03 00:00:00-05:00,50.12472357974547,51.30365902482513,50.07476946317527,50.08476257324219,119900,0.0,0.0,0.0
2021-03-04 00:00:00-05:00,49.81500578180773,50.54434655541513,47.507089007683476,48.7459716796875,200000,0.0,0.0,0.0
2021-03-05 00:00:00-05:00,50.17468330570296,50.83408757732339,47.9067312685943,50.644256591796875,71600,0.0,0.0,0.0
2021-03-08 00:00:00-05:00,51.47350661752576,53.18196252607578,50.96396472892014,51.96306228637695,125300,0.0,0.0,0.0
2021-03-09 00:00:00-05:00,51.98304546672542,52.802305171104074,51.00393030323032,51.613380432128906,107600,0.0,0.0,0.0
2021-03-10 00:00:00-05:00,51.71329125531233,53.67152549165046,51.71329125531233,53.27188491821289,72800,0.0,0.0,0.0
2021-03-11 00:00:00-05:00,53.59159330270219,54.23101514077618,52.9521714646282,53.58160400390625,137500,0.0,0.0,0.0
2021-03-12 00:00:00-05:00,54.60068790488101,54.67062443523452,54.18106491150488,54.62066650390625,88900,0.0,0.0,0.0
2021-03-15 00:00:00-04:00,54.95036804104354,54.95036804104354,53.611577103593376,54.520755767822266,54100,0.0,0.0,0.0
2021-03-16 00:00:00-04:00,54.111126732913014,54.19105637159953,53.22193046442774,53.761444091796875,62400,0.0,0.0,0.0
2021-03-17 00:00:00-04:00,54.17106972555439,54.49078063278801,53.25189800881675,54.14109420776367,76900,0.0,0.0,0.0
2021-03-18 00:00:00-04:00,54.7805218240205,55.459904668137376,53.66152979678788,53.991233825683594,146700,0.0,0.0,0.0
2021-03-19 00:00:00-04:00,53.23191795081263,53.23191795081263,52.112929726093405,52.27278518676758,145800,0.0,0.0,0.0
2021-03-22 00:00:00-04:00,51.83318620787012,52.02301338587107,51.413563220637755,51.553436279296875,69000,0.0,0.0,0.0
2021-03-23 00:00:00-04:00,50.97065840638841,51.610415009570545,50.200950051544226,50.470848083496094,92500,0.027,0.0,0.0
2021-03-24 00:00:00-04:00,51.170582754646766,52.06024838937313,50.740745544433594,50.740745544433594,359800,0.0,0.0,0.0
2021-03-25 00:00:00-04:00,50.540821784934835,52.1901935808469,49.901061361397524,52.000267028808594,86200,0.0,0.0,0.0
2021-03-26 00:00:00-04:00,53.03987314237734,53.9795151820353,52.570050215923274,53.929534912109375,100700,0.0,0.0,0.0
2021-03-29 00:00:00-04:00,52.67001248090621,53.5396852217529,52.160207609763575,53.10984802246094,40300,0.0,0.0,0.0
2021-03-30 00:00:00-04:00,53.50969289082031,53.81957666924009,53.25978772497377,53.6296501159668,82700,0.0,0.0,0.0
2021-03-31 00:00:00-04:00,53.4797073938548,53.53968600856196,52.74998474121094,52.74998474121094,34800,0.0,0.0,0.0
2021-04-01 00:00:00-04:00,52.74998511738291,54.329383850097656,52.74998511738291,54.329383850097656,49200,0.0,0.0,0.0
2021-04-05 00:00:00-04:00,55.22904231103254,55.299015453244415,54.699244573356836,55.10908889770508,100300,0.0,0.0,0.0
2021-04-06 00:00:00-04:00,55.039115948559,55.20904963359814,54.72923216535493,55.01912307739258,34600,0.0,0.0,0.0
2021-04-07 00:00:00-04:00,55.27902185512762,55.69886451612743,54.779211524044634,55.44895935058594,30300,0.0,0.0,0.0
2021-04-08 00:00:00-04:00,55.19905401475821,55.6988643442993,54.889170237672666,55.528926849365234,69100,0.0,0.0,0.0
2021-04-09 00:00:00-04:00,55.9787592661426,56.29863758546053,55.698866690052,56.20867156982422,26400,0.0,0.0,0.0
2021-04-12 00:00:00-04:00,56.45857562179116,56.758461063528756,56.09871156640594,56.72847366333008,70500,0.0,0.0,0.0
2021-04-13 00:00:00-04:00,56.3686109691993,56.408596712596676,55.57890969672781,56.09871292114258,47200,0.0,0.0,0.0
2021-04-14 00:00:00-04:00,56.18867794422413,57.14831288930074,55.88879250054398,56.55854034423828,124500,0.0,0.0,0.0
2021-04-15 00:00:00-04:00,57.128322686469616,57.13831721531688,56.18867681831669,57.08833694458008,149800,0.0,0.0,0.0
2021-04-16 00:00:00-04:00,57.878036879585764,57.98799194742234,57.318247945530736,57.69810485839844,88500,0.0,0.0,0.0
2021-04-19 00:00:00-04:00,57.748085702029115,57.7780731014417,57.2082896331015,57.42820739746094,28600,0.0,0.0,0.0
2021-04-20 00:00:00-04:00,57.00836778840829,57.00836778840829,55.668875886420295,56.01874542236328,79600,0.0,0.0,0.0
2021-04-21 00:00:00-04:00,55.61889245411871,57.53816608839877,55.61889245411871,57.51817321777344,51600,0.0,0.0,0.0
2021-04-22 00:00:00-04:00,57.3182503230829,57.77807492374612,56.348617036825424,56.58852767944336,70600,0.0,0.0,0.0
2021-04-23 00:00:00-04:00,56.64850245681346,58.807686799734114,56.64850245681346,58.36785125732422,84600,0.0,0.0,0.0
2021-04-26 00:00:00-04:00,58.897648308290584,59.65736215629345,58.61775573968439,58.68772888183594,42700,0.0,0.0,0.0
2021-04-27 00:00:00-04:00,59.04759123181175,59.52740868412013,58.72771293027283,59.487422943115234,86800,0.0,0.0,0.0
2021-04-28 00:00:00-04:00,59.66735816009149,60.10719370820212,59.59738501621031,59.77731704711914,61800,0.0,0.0,0.0
2021-04-29 00:00:00-04:00,60.47704908830912,61.38670372371897,60.227143926787186,61.2767448425293,131000,0.0,0.0,0.0
2021-04-30 00:00:00-04:00,60.68697018547708,60.8269164696758,60.23714011965958,60.48704528808594,43000,0.0,0.0,0.0
2021-05-03 00:00:00-04:00,61.156792690645176,61.47667099891284,60.607002086638275,60.68696975708008,67900,0.0,0.0,0.0
2021-05-04 00:00:00-04:00,60.12718370051463,61.13679888048949,59.65736077416733,61.12680435180664,87500,0.0,0.0,0.0
2021-05-05 00:00:00-04:00,61.30673607673113,61.70658204735838,61.15679145446457,61.26675033569336,22800,0.0,0.0,0.0
2021-05-06 00:00:00-04:00,61.6166169584815,62.66621789029985,60.936874603670525,62.62623596191406,99200,0.0,0.0,0.0
2021-05-07 00:00:00-04:00,61.85652952492598,63.52589425118429,61.85652952492598,63.48590850830078,111400,0.0,0.0,0.0
2021-05-10 00:00:00-04:00,64.13566451360076,64.68545129476236,62.9860954284668,62.9860954284668,88700,0.0,0.0,0.0
2021-05-11 00:00:00-04:00,61.656601840615814,62.436304725397385,60.577009710995036,61.236759185791016,94600,0.0,0.0,0.0
2021-05-12 00:00:00-04:00,61.97648105057991,61.97648105057991,58.90764592297412,59.0275993347168,96300,0.0,0.0,0.0
2021-05-13 00:00:00-04:00,59.147552126330815,61.76656097913019,59.09757185639957,61.11680603027344,108400,0.0,0.0,0.0
2021-05-14 00:00:00-04:00,61.65660203201469,63.15603300786475,61.65660203201469,62.94611358642578,94200,0.0,0.0,0.0
2021-05-17 00:00:00-04:00,62.54626365347016,63.126045459792316,62.12642481158183,63.01608657836914,57600,0.0,0.0,0.0
2021-05-18 00:00:00-04:00,63.01608908129029,63.08606222438426,61.75656487909824,61.856529235839844,93700,0.0,0.0,0.0
2021-05-19 00:00:00-04:00,60.157171183020914,61.15679183569557,59.35747542353122,61.08681869506836,127700,0.0,0.0,0.0
2021-05-20 00:00:00-04:00,61.23676202717006,62.26637393484157,60.80692863700662,61.68659210205078,44800,0.0,0.0,0.0
2021-05-21 00:00:00-04:00,62.04645452897409,62.996094925784476,62.04645452897409,62.44630432128906,131200,0.0,0.0,0.0
2021-05-24 00:00:00-04:00,62.706206189443066,63.51590033096972,62.706206189443066,63.206016540527344,72200,0.0,0.0,0.0
2021-05-25 00:00:00-04:00,63.47591280170287,63.915744525511506,62.176406688097586,62.25637435913086,95900,0.0,0.0,0.0
2021-05-26 00:00:00-04:00,62.336345224154,63.00608923874904,62.026461445509156,62.5462646484375,47400,0.0,0.0,0.0
2021-05-27 00:00:00-04:00,63.106055498499664,63.615860374759535,62.846151982563,63.43592834472656,37500,0.0,0.0,0.0
2021-05-28 00:00:00-04:00,63.80579016212712,63.865764962754646,63.106054919886944,63.70582580566406,52600,0.0,0.0,0.0
2021-06-01 00:00:00-04:00,64.47553623826309,64.93536085284424,64.20564200036793,64.52552032470703,62200,0.0,0.0,0.0
2021-06-02 00:00:00-04:00,64.97534537334819,65.27523463336391,64.50552242502387,65.0853042602539,111400,0.0,0.0,0.0
2021-06-03 00:00:00-04:00,64.91537039987999,65.67507663730495,64.27561376494282,65.16527557373047,38000,0.0,0.0,0.0
2021-06-04 00:00:00-04:00,65.25523717065805,65.57511548516125,64.5854931413077,65.4451675415039,38300,0.0,0.0,0.0
2021-06-07 00:00:00-04:00,65.90498887149904,65.90498887149904,65.03531617217766,65.17526245117188,58900,0.0,0.0,0.0
2021-06-08 00:00:00-04:00,64.73543811018372,65.4751552863961,64.17564533698189,65.28522491455078,44100,0.0,0.0,0.0
2021-06-09 00:00:00-04:00,64.81540011016719,65.06530527584766,64.31558977880624,64.37557220458984,66600,0.0,0.0,0.0
2021-06-10 00:00:00-04:00,65.06530693260541,65.17526581842473,63.605865456299945,63.61585998535156,26200,0.0,0.0,0.0
2021-06-11 00:00:00-04:00,64.06568895686826,64.15565878839352,63.66584295261951,64.12567138671875,28500,0.0,0.0,0.0
2021-06-14 00:00:00-04:00,63.915746126560855,64.02570882683032,62.73619339658355,63.295982360839844,72200,0.0,0.0,0.0
2021-06-15 00:00:00-04:00,63.39594271028225,63.855771128514846,62.78617728884943,63.385948181152344,86800,0.0,0.0,0.0
2021-06-16 00:00:00-04:00,62.97610102796849,63.59586476402575,62.05645185918998,62.92612075805664,108800,0.0,0.0,0.0
2021-06-17 00:00:00-04:00,63.226007433591434,63.226007433591434,60.067206266119086,60.5670166015625,153800,0.0,0.0,0.0
2021-06-18 00:00:00-04:00,59.48742602104846,59.48742602104846,57.93801470281696,58.06796646118164,237200,0.0,0.0,0.0
2021-06-21 00:00:00-04:00,59.09757291196539,60.65698252912475,58.77769460279171,60.60700225830078,109100,0.0,0.0,0.0
2021-06-22 00:00:00-04:00,60.709999084472656,61.119998931884766,59.93000030517578,60.7599983215332,55300,0.023,0.0,0.0
2021-06-23 00:00:00-04:00,61.150001525878906,61.20000076293945,60.689998626708984,60.75,388100,0.0,0.0,0.0
2021-06-24 00:00:00-04:00,61.2400016784668,61.869998931884766,60.95000076293945,61.689998626708984,69600,0.0,0.0,0.0
2021-06-25 00:00:00-04:00,62.5,63.25,61.75,63.04999923706055,96500,0.0,0.0,0.0
2021-06-28 00:00:00-04:00,62.90999984741211,62.90999984741211,61.38999938964844,61.90999984741211,62500,0.0,0.0,0.0
2021-06-29 00:00:00-04:00,62.68000030517578,62.84000015258789,61.70000076293945,61.7400016784668,54000,0.0,0.0,0.0
2021-06-30 00:00:00-04:00,61.380001068115234,62.09000015258789,61.380001068115234,61.790000915527344,38800,0.0,0.0,0.0
2021-07-01 00:00:00-04:00,62.04999923706055,62.849998474121094,61.7599983215332,62.66999816894531,36700,0.0,0.0,0.0
2021-07-02 00:00:00-04:00,62.79999923706055,62.90999984741211,62.47999954223633,62.83000183105469,53200,0.0,0.0,0.0
2021-07-06 00:00:00-04:00,62.709999084472656,62.709999084472656,60.849998474121094,61.72999954223633,47700,0.0,0.0,0.0
2021-07-07 00:00:00-04:00,61.22999954223633,62.09000015258789,61.0,61.900001525878906,32300,0.0,0.0,0.0
2021-07-08 00:00:00-04:00,60.08000183105469,60.91999816894531,59.47999954223633,60.040000915527344,55900,0.0,0.0,0.0
2021-07-09 00:00:00-04:00,61.29999923706055,62.880001068115234,61.29999923706055,62.83000183105469,44100,0.0,0.0,0.0
2021-07-12 00:00:00-04:00,62.34000015258789,64.02999877929688,62.279998779296875,63.880001068115234,120500,0.0,0.0,0.0
2021-07-13 00:00:00-04:00,63.779998779296875,63.779998779296875,62.70000076293945,62.72999954223633,38600,0.0,0.0,0.0
2021-07-14 00:00:00-04:00,62.79999923706055,63.33000183105469,62.040000915527344,62.81999969482422,45000,0.0,0.0,0.0
2021-07-15 00:00:00-04:00,62.0,63.65999984741211,62.0,63.279998779296875,36900,0.0,0.0,0.0
2021-07-16 00:00:00-04:00,63.720001220703125,63.720001220703125,61.83000183105469,62.0099983215332,184500,0.0,0.0,0.0
2021-07-19 00:00:00-04:00,59.7599983215332,60.0,58.060001373291016,58.66999816894531,470700,0.0,0.0,0.0
2021-07-20 00:00:00-04:00,58.880001068115234,61.93000030517578,58.880001068115234,61.40999984741211,35700,0.0,0.0,0.0
2021-07-21 00:00:00-04:00,62.209999084472656,63.349998474121094,62.209999084472656,62.90999984741211,196200,0.0,0.0,0.0
2021-07-22 00:00:00-04:00,62.720001220703125,62.720001220703125,61.36000061035156,61.849998474121094,39000,0.0,0.0,0.0
2021-07-23 00:00:00-04:00,62.540000915527344,63.2599983215332,62.349998474121094,62.560001373291016,30600,0.0,0.0,0.0
2021-07-26 00:00:00-04:00,62.599998474121094,63.29999923706055,62.560001373291016,63.11000061035156,20100,0.0,0.0,0.0
2021-07-27 00:00:00-04:00,62.40999984741211,63.529998779296875,62.40999984741211,63.25,18000,0.0,0.0,0.0
2021-07-28 00:00:00-04:00,63.47999954223633,63.47999954223633,62.38999938964844,62.83000183105469,15400,0.0,0.0,0.0
2021-07-29 00:00:00-04:00,63.58000183105469,64.47000122070312,63.439998626708984,63.91999816894531,61800,0.0,0.0,0.0
2021-07-30 00:00:00-04:00,63.70000076293945,64.5,63.029998779296875,63.20000076293945,38800,0.0,0.0,0.0
2021-08-02 00:00:00-04:00,63.79999923706055,65.01000213623047,62.68000030517578,62.7400016784668,71800,0.0,0.0,0.0
2021-08-03 00:00:00-04:00,63.060001373291016,63.47999954223633,61.68000030517578,63.47999954223633,34800,0.0,0.0,0.0
2021-08-04 00:00:00-04:00,62.66999816894531,63.63999938964844,62.540000915527344,62.83000183105469,35100,0.0,0.0,0.0
2021-08-05 00:00:00-04:00,63.22999954223633,64.37000274658203,63.22999954223633,64.30000305175781,40900,0.0,0.0,0.0
2021-08-06 00:00:00-04:00,64.98999786376953,66.33000183105469,64.98999786376953,66.0199966430664,78600,0.0,0.0,0.0
2021-08-09 00:00:00-04:00,66.05000305175781,66.38999938964844,65.36000061035156,66.06999969482422,44600,0.0,0.0,0.0
2021-08-10 00:00:00-04:00,65.9800033569336,66.9000015258789,65.87999725341797,66.44999694824219,57300,0.0,0.0,0.0
2021-08-11 00:00:00-04:00,66.69999694824219,67.58000183105469,66.38999938964844,67.51000213623047,56100,0.0,0.0,0.0
2021-08-12 00:00:00-04:00,67.7699966430664,67.7699966430664,67.0,67.56999969482422,21100,0.0,0.0,0.0
2021-08-13 00:00:00-04:00,67.54000091552734,67.87999725341797,66.83000183105469,67.12999725341797,52500,0.0,0.0,0.0
2021-08-16 00:00:00-04:00,66.3499984741211,67.13999938964844,65.69000244140625,67.08999633789062,41900,0.0,0.0,0.0
2021-08-17 00:00:00-04:00,66.18000030517578,66.95999908447266,65.19000244140625,66.2300033569336,27900,0.0,0.0,0.0
2021-08-18 00:00:00-04:00,65.80999755859375,66.37999725341797,64.77999877929688,64.87999725341797,18500,0.0,0.0,0.0
2021-08-19 00:00:00-04:00,63.40999984741211,64.87000274658203,63.40999984741211,64.12999725341797,26800,0.0,0.0,0.0
2021-08-20 00:00:00-04:00,64.12999725341797,65.12999725341797,63.810001373291016,64.94000244140625,50700,0.0,0.0,0.0
2021-08-23 00:00:00-04:00,65.47000122070312,66.16999816894531,65.47000122070312,65.7699966430664,33200,0.0,0.0,0.0
2021-08-24 00:00:00-04:00,65.91000366210938,66.45999908447266,65.91000366210938,66.33999633789062,358300,0.0,0.0,0.0
2021-08-25 00:00:00-04:00,66.7699966430664,67.80000305175781,66.16000366210938,67.2699966430664,34500,0.0,0.0,0.0
2021-08-26 00:00:00-04:00,67.63999938964844,67.66000366210938,66.5,66.51000213623047,52600,0.0,0.0,0.0
2021-08-27 00:00:00-04:00,66.66999816894531,68.19999694824219,66.66999816894531,68.12999725341797,37900,0.0,0.0,0.0
2021-08-30 00:00:00-04:00,68.16000366210938,68.16000366210938,66.87999725341797,67.01000213623047,40700,0.0,0.0,0.0
2021-08-31 00:00:00-04:00,67.06999969482422,67.70999908447266,66.70999908447266,66.94000244140625,48600,0.0,0.0,0.0
2021-09-01 00:00:00-04:00,67.12999725341797,67.33000183105469,66.33000183105469,67.0,28900,0.0,0.0,0.0
2021-09-02 00:00:00-04:00,67.23999786376953,67.26000213623047,66.72000122070312,67.0999984741211,21300,0.0,0.0,0.0
2021-09-03 00:00:00-04:00,67.31999969482422,67.31999969482422,66.41999816894531,66.83000183105469,241700,0.0,0.0,0.0
2021-09-07 00:00:00-04:00,67.0999984741211,67.0999984741211,65.87000274658203,65.88999938964844,119600,0.0,0.0,0.0
2021-09-08 00:00:00-04:00,65.80000305175781,66.30999755859375,65.3499984741211,65.97000122070312,76100,0.0,0.0,0.0
2021-09-09 00:00:00-04:00,66.0,67.01000213623047,65.58000183105469,65.58000183105469,47700,0.0,0.0,0.0
2021-09-10 00:00:00-04:00,66.38999938964844,66.38999938964844,64.44999694824219,64.51000213623047,51500,0.0,0.0,0.0
2021-09-13 00:00:00-04:00,65.41999816894531,65.81999969482422,64.83999633789062,65.55999755859375,32900,0.0,0.0,0.0
2021-09-14 00:00:00-04:00,65.7699966430664,66.08000183105469,63.900001525878906,64.13999938964844,58100,0.0,0.0,0.0
2021-09-15 00:00:00-04:00,64.0999984741211,65.5,64.0999984741211,65.22000122070312,30700,0.0,0.0,0.0
2021-09-16 00:00:00-04:00,65.62999725341797,65.93000030517578,64.5,65.08000183105469,29800,0.0,0.0,0.0
2021-09-17 00:00:00-04:00,65.12000274658203,65.20999908447266,64.16000366210938,64.33000183105469,62900,0.0,0.0,0.0
2021-09-20 00:00:00-04:00,62.16999816894531,62.16999816894531,60.22999954223633,61.959999084472656,112900,0.0,0.0,0.0
2021-09-21 00:00:00-04:00,62.790000915527344,63.0,61.63999938964844,61.900001525878906,50400,0.0,0.0,0.0
2021-09-22 00:00:00-04:00,62.7400016784668,64.19999694824219,62.7400016784668,63.459999084472656,48800,0.0,0.0,0.0
2021-09-23 00:00:00-04:00,64.2699966430664,66.30000305175781,64.2699966430664,65.70999908447266,390400,0.0,0.0,0.0
2021-09-24 00:00:00-04:00,65.68000030517578,66.5,65.68000030517578,66.13999938964844,31900,0.0,0.0,0.0
2021-09-27 00:00:00-04:00,66.56999969482422,67.61000061035156,66.56999969482422,66.80999755859375,34500,0.0,0.0,0.0
2021-09-28 00:00:00-04:00,66.61000061035156,66.80000305175781,64.66999816894531,64.9000015258789,30900,0.0,0.0,0.0
2021-09-29 00:00:00-04:00,65.19999694824219,65.83999633789062,64.98999786376953,65.29000091552734,30500,0.0,0.0,0.0
2021-09-30 00:00:00-04:00,65.66999816894531,65.87000274658203,63.33000183105469,63.369998931884766,31800,0.0,0.0,0.0
2021-10-01 00:00:00-04:00,63.599998474121094,66.2300033569336,63.25,65.47000122070312,29900,0.0,0.0,0.0
2021-10-04 00:00:00-04:00,65.04000091552734,66.2300033569336,63.81999969482422,64.30000305175781,63100,0.0,0.0,0.0
2021-10-05 00:00:00-04:00,65.0999984741211,66.26000213623047,64.47000122070312,65.7300033569336,36200,0.0,0.0,0.0
2021-10-06 00:00:00-04:00,64.91999816894531,66.2699966430664,63.779998779296875,66.23999786376953,82200,0.0,0.0,0.0
2021-10-07 00:00:00-04:00,67.31999969482422,68.33000183105469,67.05999755859375,67.19000244140625,66000,0.0,0.0,0.0
2021-10-08 00:00:00-04:00,67.37000274658203,68.01000213623047,67.0,67.44000244140625,83900,0.0,0.0,0.0
2021-10-11 00:00:00-04:00,67.75,68.37999725341797,66.29000091552734,66.30000305175781,38100,0.0,0.0,0.0
2021-10-12 00:00:00-04:00,66.19999694824219,66.83999633789062,65.94999694824219,66.44000244140625,68300,0.0,0.0,0.0
2021-10-13 00:00:00-04:00,66.37999725341797,66.44000244140625,64.63999938964844,65.9800033569336,55800,0.0,0.0,0.0
2021-10-14 00:00:00-04:00,67.16999816894531,68.0999984741211,66.69999694824219,68.06999969482422,55900,0.0,0.0,0.0
2021-10-15 00:00:00-04:00,69.0,70.2699966430664,69.0,69.76000213623047,177600,0.0,0.0,0.0
2021-10-18 00:00:00-04:00,69.16999816894531,70.26000213623047,69.16999816894531,69.91000366210938,36600,0.0,0.0,0.0
2021-10-19 00:00:00-04:00,70.56999969482422,71.0999984741211,70.36000061035156,71.05000305175781,48500,0.0,0.0,0.0
2021-10-20 00:00:00-04:00,71.05000305175781,72.2300033569336,70.77999877929688,72.20999908447266,38000,0.0,0.0,0.0
2021-10-21 00:00:00-04:00,72.19999694824219,72.26000213623047,71.37000274658203,72.05000305175781,17000,0.0,0.0,0.0
2021-10-22 00:00:00-04:00,72.4800033569336,73.72000122070312,72.4000015258789,73.61000061035156,710600,0.0,0.0,0.0
2021-10-25 00:00:00-04:00,73.93000030517578,74.0,73.52999877929688,73.73999786376953,45200,0.0,0.0,0.0
2021-10-26 00:00:00-04:00,74.36000061035156,74.62999725341797,73.77999877929688,73.83999633789062,39000,0.0,0.0,0.0
2021-10-27 00:00:00-04:00,73.43000030517578,73.43000030517578,70.68000030517578,70.68000030517578,69800,0.0,0.0,0.0
2021-10-28 00:00:00-04:00,71.2300033569336,72.06999969482422,71.2300033569336,72.04000091552734,73400,0.0,0.0,0.0
2021-10-29 00:00:00-04:00,72.01000213623047,72.19000244140625,71.30000305175781,71.55000305175781,51100,0.0,0.0,0.0
2021-11-01 00:00:00-04:00,72.3499984741211,72.4000015258789,71.18000030517578,71.7699966430664,22200,0.0,0.0,0.0
2021-11-02 00:00:00-04:00,71.7699966430664,72.22000122070312,71.7699966430664,71.9800033569336,22100,0.0,0.0,0.0
2021-11-03 00:00:00-04:00,71.7699966430664,72.93000030517578,71.72000122070312,72.55999755859375,39600,0.0,0.0,0.0
2021-11-04 00:00:00-04:00,72.5,72.5,70.3499984741211,71.04000091552734,35600,0.0,0.0,0.0
2021-11-05 00:00:00-04:00,72.16999816894531,72.94000244140625,71.43000030517578,71.75,37300,0.0,0.0,0.0
2021-11-08 00:00:00-05:00,72.58000183105469,72.86000061035156,72.0999984741211,72.3499984741211,16500,0.0,0.0,0.0
2021-11-09 00:00:00-05:00,71.72000122070312,72.0,70.9000015258789,71.55000305175781,28200,0.0,0.0,0.0
2021-11-10 00:00:00-05:00,71.38999938964844,72.11000061035156,71.25,71.44000244140625,279700,0.0,0.0,0.0
2021-11-11 00:00:00-05:00,71.58999633789062,71.83999633789062,71.08999633789062,71.61000061035156,11200,0.0,0.0,0.0
2021-11-12 00:00:00-05:00,71.63999938964844,72.06999969482422,71.48999786376953,72.0,15900,0.0,0.0,0.0
2021-11-15 00:00:00-05:00,72.55999755859375,72.70999908447266,71.94000244140625,72.12999725341797,21000,0.0,0.0,0.0
2021-11-16 00:00:00-05:00,72.12000274658203,72.73999786376953,71.86000061035156,72.11000061035156,32600,0.0,0.0,0.0
2021-11-17 00:00:00-05:00,71.66000366210938,71.66000366210938,69.87999725341797,70.69000244140625,30700,0.0,0.0,0.0
2021-11-18 00:00:00-05:00,70.58999633789062,70.58999633789062,69.48999786376953,70.0,23600,0.0,0.0,0.0
2021-11-19 00:00:00-05:00,69.19999694824219,69.23999786376953,68.0999984741211,68.5,93700,0.0,0.0,0.0
2021-11-22 00:00:00-05:00,69.77999877929688,70.33999633789062,68.9000015258789,69.13999938964844,207200,0.0,0.0,0.0
2021-11-23 00:00:00-05:00,69.68000030517578,71.04000091552734,69.68000030517578,70.98999786376953,54900,0.0,0.0,0.0
2021-11-24 00:00:00-05:00,70.66000366210938,71.69999694824219,70.66000366210938,71.45999908447266,19200,0.0,0.0,0.0
2021-11-26 00:00:00-05:00,67.3499984741211,67.77999877929688,65.97000122070312,66.66000366210938,96600,0.0,0.0,0.0
2021-11-29 00:00:00-05:00,68.66000366210938,68.66000366210938,66.5,67.55000305175781,78800,0.0,0.0,0.0
2021-11-30 00:00:00-05:00,66.08000183105469,66.33999633789062,64.16999816894531,64.37999725341797,85800,0.0,0.0,0.0
2021-12-01 00:00:00-05:00,66.22000122070312,67.0999984741211,62.68000030517578,62.68000030517578,55500,0.0,0.0,0.0
2021-12-02 00:00:00-05:00,63.529998779296875,67.02999877929688,63.5,66.41000366210938,45800,0.0,0.0,0.0
2021-12-03 00:00:00-05:00,66.5999984741211,66.88999938964844,63.70000076293945,64.80000305175781,113500,0.0,0.0,0.0
2021-12-06 00:00:00-05:00,66.12000274658203,67.91999816894531,65.62999725341797,66.88999938964844,66100,0.0,0.0,0.0
2021-12-07 00:00:00-05:00,68.16000366210938,69.5,68.16000366210938,69.18000030517578,69000,0.0,0.0,0.0
2021-12-08 00:00:00-05:00,69.16999816894531,69.68000030517578,68.66000366210938,69.05999755859375,56600,0.0,0.0,0.0
2021-12-09 00:00:00-05:00,68.25,69.0999984741211,67.77999877929688,68.4000015258789,28900,0.0,0.0,0.0
2021-12-10 00:00:00-05:00,69.06999969482422,69.06999969482422,68.0199966430664,68.72000122070312,22100,0.0,0.0,0.0
2021-12-13 00:00:00-05:00,68.27999877929688,68.27999877929688,67.29000091552734,67.68000030517578,56200,0.0,0.0,0.0
2021-12-14 00:00:00-05:00,67.37999725341797,68.62999725341797,67.29000091552734,67.66999816894531,27900,0.0,0.0,0.0
2021-12-15 00:00:00-05:00,68.01000213623047,68.91000366210938,66.95999908447266,68.70999908447266,50000,0.0,0.0,0.0
2021-12-16 00:00:00-05:00,69.63999938964844,70.69999694824219,69.12000274658203,69.77999877929688,74000,0.0,0.0,0.0
2021-12-17 00:00:00-05:00,68.76000213623047,68.8499984741211,67.01000213623047,67.61000061035156,141600,0.0,0.0,0.0
2021-12-20 00:00:00-05:00,65.62999725341797,65.62999725341797,64.0,65.16000366210938,216600,0.0,0.0,0.0
2021-12-21 00:00:00-05:00,66.4800033569336,68.13999938964844,66.4800033569336,67.73999786376953,40100,0.0,0.0,0.0
2021-12-22 00:00:00-05:00,67.55999755859375,68.91000366210938,67.55999755859375,68.91000366210938,27300,0.0,0.0,0.0
2021-12-23 00:00:00-05:00,66.45999908447266,67.0,66.19000244140625,66.31999969482422,49000,0.0,0.0,0.0
2021-12-27 00:00:00-05:00,66.45999908447266,67.69999694824219,66.25,67.66000366210938,39200,0.0,0.0,0.0
2021-12-28 00:00:00-05:00,67.51000213623047,68.55000305175781,67.51000213623047,67.77999877929688,22700,0.0,0.0,0.0
2021-12-29 00:00:00-05:00,68.18000030517578,68.29000091552734,67.69000244140625,68.0,53900,0.0,0.0,0.0
2021-12-30 00:00:00-05:00,68.5,68.5,67.77999877929688,67.80000305175781,19500,0.0,0.0,0.0
2021-12-31 00:00:00-05:00,67.76000213623047,68.4000015258789,67.61000061035156,67.69000244140625,98900,0.0,0.0,0.0
2022-01-03 00:00:00-05:00,68.69000244140625,69.08000183105469,68.08000183105469,68.80000305175781,80900,0.0,0.0,0.0
2022-01-04 00:00:00-05:00,69.68000030517578,71.52999877929688,69.68000030517578,71.12999725341797,123500,0.0,0.0,0.0
2022-01-05 00:00:00-05:00,71.5,71.72000122070312,68.70999908447266,68.79000091552734,93500,0.0,0.0,0.0
2022-01-06 00:00:00-05:00,69.58999633789062,70.27999877929688,68.73999786376953,70.16000366210938,155200,0.0,0.0,0.0
2022-01-07 00:00:00-05:00,70.25,71.26000213623047,69.75,70.94000244140625,239300,0.0,0.0,0.0
2022-01-10 00:00:00-05:00,71.3499984741211,71.3499984741211,68.63999938964844,70.13999938964844,99300,0.0,0.0,0.0
2022-01-11 00:00:00-05:00,70.4000015258789,71.37999725341797,69.33999633789062,71.30000305175781,48900,0.0,0.0,0.0
2022-01-12 00:00:00-05:00,71.80999755859375,72.13999938964844,71.06999969482422,71.5,43100,0.0,0.0,0.0
2022-01-13 00:00:00-05:00,71.91999816894531,72.54000091552734,70.69999694824219,70.9800033569336,45000,0.0,0.0,0.0
2022-01-14 00:00:00-05:00,69.06999969482422,69.83999633789062,68.36000061035156,69.81999969482422,64800,0.0,0.0,0.0
2022-01-18 00:00:00-05:00,68.91000366210938,68.91000366210938,66.6500015258789,67.20999908447266,96200,0.0,0.0,0.0
2022-01-19 00:00:00-05:00,68.0,68.0,65.16999816894531,65.25,78400,0.0,0.0,0.0
2022-01-20 00:00:00-05:00,65.58999633789062,67.37999725341797,64.13999938964844,64.29000091552734,30000,0.0,0.0,0.0
2022-01-21 00:00:00-05:00,63.970001220703125,64.26000213623047,61.650001525878906,62.040000915527344,92300,0.0,0.0,0.0
2022-01-24 00:00:00-05:00,59.900001525878906,62.130001068115234,57.2400016784668,62.04999923706055,137100,0.0,0.0,0.0
2022-01-25 00:00:00-05:00,60.47999954223633,63.02000045776367,58.849998474121094,62.06999969482422,54200,0.0,0.0,0.0
2022-01-26 00:00:00-05:00,63.15999984741211,64.44000244140625,60.75,61.900001525878906,66500,0.0,0.0,0.0
2022-01-27 00:00:00-05:00,63.0,64.0,60.38999938964844,61.02000045776367,39600,0.0,0.0,0.0
2022-01-28 00:00:00-05:00,61.27000045776367,64.02999877929688,59.900001525878906,63.9900016784668,46700,0.0,0.0,0.0
2022-01-31 00:00:00-05:00,63.40999984741211,65.45999908447266,63.029998779296875,65.33000183105469,77500,0.0,0.0,0.0
2022-02-01 00:00:00-05:00,65.62999725341797,67.12000274658203,65.2300033569336,66.91000366210938,73900,0.0,0.0,0.0
2022-02-02 00:00:00-05:00,66.93000030517578,68.13999938964844,66.70999908447266,67.97000122070312,50000,0.0,0.0,0.0
2022-02-03 00:00:00-05:00,67.44999694824219,67.77999877929688,66.19999694824219,66.37999725341797,26700,0.0,0.0,0.0
2022-02-04 00:00:00-05:00,66.2300033569336,68.25,65.75,67.33999633789062,60400,0.0,0.0,0.0
2022-02-07 00:00:00-05:00,67.38999938964844,68.19999694824219,66.88999938964844,67.29000091552734,28300,0.0,0.0,0.0
2022-02-08 00:00:00-05:00,67.81999969482422,68.69999694824219,67.75,68.44000244140625,36700,0.0,0.0,0.0
2022-02-09 00:00:00-05:00,69.33999633789062,70.38999938964844,69.33999633789062,69.83999633789062,194000,0.0,0.0,0.0
2022-02-10 00:00:00-05:00,68.88999938964844,70.58999633789062,67.48999786376953,68.13999938964844,45700,0.0,0.0,0.0
2022-02-11 00:00:00-05:00,68.08999633789062,69.01000213623047,65.44999694824219,66.2300033569336,60200,0.0,0.0,0.0
2022-02-14 00:00:00-05:00,66.06999969482422,66.6500015258789,64.0999984741211,65.0199966430664,60200,0.0,0.0,0.0
2022-02-15 00:00:00-05:00,66.18000030517578,67.12000274658203,66.0999984741211,66.69999694824219,31400,0.0,0.0,0.0
2022-02-16 00:00:00-05:00,66.26000213623047,67.47000122070312,65.9800033569336,67.04000091552734,21100,0.0,0.0,0.0
2022-02-17 00:00:00-05:00,65.9800033569336,66.19000244140625,63.779998779296875,64.06999969482422,57300,0.0,0.0,0.0
2022-02-18 00:00:00-05:00,63.790000915527344,64.7699966430664,63.29999923706055,63.720001220703125,59100,0.0,0.0,0.0
2022-02-22 00:00:00-05:00,62.95000076293945,64.08000183105469,62.09000015258789,62.95000076293945,62500,0.0,0.0,0.0
2022-02-23 00:00:00-05:00,63.939998626708984,64.0,60.560001373291016,60.7599983215332,50900,0.0,0.0,0.0
2022-02-24 00:00:00-05:00,56.66999816894531,60.72999954223633,56.279998779296875,60.43000030517578,86200,0.0,0.0,0.0
2022-02-25 00:00:00-05:00,61.20000076293945,64.06999969482422,61.20000076293945,63.869998931884766,76100,0.0,0.0,0.0
2022-02-28 00:00:00-05:00,61.369998931884766,62.90999984741211,60.9900016784668,62.09000015258789,45200,0.0,0.0,0.0
2022-03-01 00:00:00-05:00,61.189998626708984,61.540000915527344,57.68000030517578,58.349998474121094,105400,0.0,0.0,0.0
2022-03-02 00:00:00-05:00,58.959999084472656,61.400001525878906,58.959999084472656,60.90999984741211,69900,0.0,0.0,0.0
2022-03-03 00:00:00-05:00,61.5,61.540000915527344,60.0,60.630001068115234,26400,0.0,0.0,0.0
2022-03-04 00:00:00-05:00,59.130001068115234,60.279998779296875,57.400001525878906,58.599998474121094,89400,0.0,0.0,0.0
2022-03-07 00:00:00-05:00,57.79999923706055,57.79999923706055,54.36000061035156,54.47999954223633,93800,0.0,0.0,0.0
2022-03-08 00:00:00-05:00,54.959999084472656,56.709999084472656,53.40999984741211,54.0,48900,0.0,0.0,0.0
2022-03-09 00:00:00-05:00,56.63999938964844,58.43000030517578,56.63999938964844,57.59000015258789,65400,0.0,0.0,0.0
2022-03-10 00:00:00-05:00,55.91999816894531,57.06999969482422,55.720001220703125,56.970001220703125,26900,0.0,0.0,0.0
2022-03-11 00:00:00-05:00,58.16999816894531,58.25,56.099998474121094,56.18000030517578,53900,0.0,0.0,0.0
2022-03-14 00:00:00-04:00,57.41999816894531,58.65999984741211,56.45000076293945,56.880001068115234,94600,0.0,0.0,0.0
2022-03-15 00:00:00-04:00,57.439998626708984,58.5099983215332,57.209999084472656,58.29999923706055,59100,0.0,0.0,0.0
2022-03-16 00:00:00-04:00,59.43000030517578,61.5099983215332,59.0,61.31999969482422,128900,0.0,0.0,0.0
2022-03-17 00:00:00-04:00,60.5,62.7400016784668,60.5,62.709999084472656,40100,0.0,0.0,0.0
2022-03-18 00:00:00-04:00,62.470001220703125,63.54999923706055,62.029998779296875,63.45000076293945,78600,0.0,0.0,0.0
2022-03-21 00:00:00-04:00,63.75,64.0,62.38999938964844,63.04999923706055,36600,0.0,0.0,0.0
2022-03-22 00:00:00-04:00,63.779998779296875,65.19999694824219,63.779998779296875,64.62000274658203,34200,0.0,0.0,0.0
2022-03-23 00:00:00-04:00,63.79999923706055,63.810001373291016,62.349998474121094,62.349998474121094,32300,0.0,0.0,0.0
2022-03-24 00:00:00-04:00,62.90999984741211,63.439998626708984,62.77000045776367,63.349998474121094,20300,0.0,0.0,0.0
2022-03-25 00:00:00-04:00,63.5,64.80999755859375,63.5,64.73999786376953,21300,0.0,0.0,0.0
2022-03-28 00:00:00-04:00,64.55000305175781,64.93000030517578,63.66999816894531,64.87000274658203,27600,0.0,0.0,0.0
2022-03-29 00:00:00-04:00,66.4000015258789,67.08999633789062,65.70999908447266,66.6500015258789,100500,0.0,0.0,0.0
2022-03-30 00:00:00-04:00,66.29000091552734,66.29000091552734,64.91000366210938,65.4000015258789,21500,0.0,0.0,0.0
2022-03-31 00:00:00-04:00,65.62000274658203,65.79000091552734,63.09000015258789,63.130001068115234,21600,0.0,0.0,0.0
2022-04-01 00:00:00-04:00,63.630001068115234,63.93000030517578,62.849998474121094,63.58000183105469,28100,0.0,0.0,0.0
2022-04-04 00:00:00-04:00,63.34000015258789,63.79999923706055,62.869998931884766,63.16999816894531,15300,0.0,0.0,0.0
2022-04-05 00:00:00-04:00,62.66999816894531,63.70000076293945,62.220001220703125,62.27000045776367,22000,0.0,0.0,0.0
2022-04-06 00:00:00-04:00,61.4900016784668,61.900001525878906,60.959999084472656,61.61000061035156,32700,0.0,0.0,0.0
2022-04-07 00:00:00-04:00,61.290000915527344,61.619998931884766,59.779998779296875,61.040000915527344,47000,0.0,0.0,0.0
2022-04-08 00:00:00-04:00,61.040000915527344,62.470001220703125,61.040000915527344,61.91999816894531,32700,0.0,0.0,0.0
2022-04-11 00:00:00-04:00,61.29999923706055,62.220001220703125,60.959999084472656,61.02000045776367,17700,0.0,0.0,0.0
2022-04-12 00:00:00-04:00,61.33000183105469,61.83000183105469,59.630001068115234,60.060001373291016,35100,0.0,0.0,0.0
2022-04-13 00:00:00-04:00,59.439998626708984,60.529998779296875,59.439998626708984,60.529998779296875,29000,0.0,0.0,0.0
2022-04-14 00:00:00-04:00,60.599998474121094,61.0,59.5,59.56999969482422,18800,0.0,0.0,0.0
2022-04-18 00:00:00-04:00,59.56999969482422,60.2599983215332,59.150001525878906,59.84000015258789,20700,0.0,0.0,0.0
2022-04-19 00:00:00-04:00,60.0,62.0,60.0,61.790000915527344,38700,0.0,0.0,0.0
2022-04-20 00:00:00-04:00,62.380001068115234,63.650001525878906,62.380001068115234,62.939998626708984,30200,0.0,0.0,0.0
2022-04-21 00:00:00-04:00,63.88999938964844,64.0,61.04999923706055,61.220001220703125,22300,0.0,0.0,0.0
2022-04-22 00:00:00-04:00,60.849998474121094,60.849998474121094,57.77000045776367,57.900001525878906,52800,0.0,0.0,0.0
2022-04-25 00:00:00-04:00,57.09000015258789,58.16999816894531,55.58000183105469,58.02000045776367,75800,0.0,0.0,0.0
2022-04-26 00:00:00-04:00,57.279998779296875,57.470001220703125,55.13999938964844,55.18000030517578,61000,0.0,0.0,0.0
2022-04-27 00:00:00-04:00,55.84000015258789,56.900001525878906,55.529998779296875,55.58000183105469,23300,0.0,0.0,0.0
2022-04-28 00:00:00-04:00,56.95000076293945,57.810001373291016,55.650001525878906,57.369998931884766,42800,0.0,0.0,0.0
2022-04-29 00:00:00-04:00,56.66999816894531,56.77000045776367,52.959999084472656,53.060001373291016,57800,0.0,0.0,0.0
2022-05-02 00:00:00-04:00,53.22999954223633,53.59000015258789,50.79999923706055,52.650001525878906,50600,0.0,0.0,0.0
2022-05-03 00:00:00-04:00,52.81999969482422,54.470001220703125,52.81999969482422,53.880001068115234,30900,0.0,0.0,0.0
2022-05-04 00:00:00-04:00,53.97999954223633,56.779998779296875,53.20000076293945,56.59000015258789,64600,0.0,0.0,0.0
2022-05-05 00:00:00-04:00,55.849998474121094,55.849998474121094,52.349998474121094,53.20000076293945,38600,0.0,0.0,0.0
2022-05-06 00:00:00-04:00,52.43000030517578,52.59000015258789,51.029998779296875,52.2400016784668,36700,0.0,0.0,0.0
2022-05-09 00:00:00-04:00,50.70000076293945,50.81999969482422,48.43000030517578,48.91999816894531,135000,0.0,0.0,0.0
2022-05-10 00:00:00-04:00,49.91999816894531,50.2400016784668,46.95000076293945,47.900001525878906,66500,0.0,0.0,0.0
2022-05-11 00:00:00-04:00,47.9900016784668,49.560001373291016,47.189998626708984,47.20000076293945,37600,0.0,0.0,0.0
2022-05-12 00:00:00-04:00,46.470001220703125,47.220001220703125,45.349998474121094,46.900001525878906,49500,0.0,0.0,0.0
2022-05-13 00:00:00-04:00,47.83000183105469,49.22999954223633,47.83000183105469,48.779998779296875,181900,0.0,0.0,0.0
2022-05-16 00:00:00-04:00,47.7400016784668,48.869998931884766,47.61000061035156,48.04999923706055,104000,0.0,0.0,0.0
2022-05-17 00:00:00-04:00,49.52000045776367,50.4900016784668,49.27000045776367,50.400001525878906,66100,0.0,0.0,0.0
2022-05-18 00:00:00-04:00,49.58000183105469,49.58000183105469,47.439998626708984,47.720001220703125,30500,0.0,0.0,0.0
2022-05-19 00:00:00-04:00,46.650001525878906,47.650001525878906,46.59000015258789,47.13999938964844,43900,0.0,0.0,0.0
2022-05-20 00:00:00-04:00,47.90999984741211,48.18000030517578,45.43000030517578,47.31999969482422,44700,0.0,0.0,0.0
2022-05-23 00:00:00-04:00,48.619998931884766,50.2400016784668,48.45000076293945,49.97999954223633,172000,0.0,0.0,0.0
2022-05-24 00:00:00-04:00,49.2599983215332,49.84000015258789,47.65999984741211,49.61000061035156,35200,0.0,0.0,0.0
2022-05-25 00:00:00-04:00,49.36000061035156,50.95000076293945,49.36000061035156,50.47999954223633,34900,0.0,0.0,0.0
2022-05-26 00:00:00-04:00,51.439998626708984,52.70000076293945,51.439998626708984,52.380001068115234,54300,0.0,0.0,0.0
2022-05-27 00:00:00-04:00,52.720001220703125,54.459999084472656,52.720001220703125,54.45000076293945,47000,0.0,0.0,0.0
2022-05-31 00:00:00-04:00,53.66999816894531,54.599998474121094,53.119998931884766,53.90999984741211,36800,0.0,0.0,0.0
2022-06-01 00:00:00-04:00,53.83000183105469,53.83000183105469,51.54999923706055,52.45000076293945,46900,0.0,0.0,0.0
2022-06-02 00:00:00-04:00,52.36000061035156,54.060001373291016,51.83000183105469,54.060001373291016,50400,0.0,0.0,0.0
2022-06-03 00:00:00-04:00,52.97999954223633,53.189998626708984,52.439998626708984,52.560001373291016,13200,0.0,0.0,0.0
2022-06-06 00:00:00-04:00,53.459999084472656,54.119998931884766,52.70000076293945,52.81999969482422,56300,0.0,0.0,0.0
2022-06-07 00:00:00-04:00,52.060001373291016,53.689998626708984,52.060001373291016,53.650001525878906,69600,0.0,0.0,0.0
2022-06-08 00:00:00-04:00,53.0099983215332,53.2400016784668,51.56999969482422,51.7599983215332,44900,0.0,0.0,0.0
2022-06-09 00:00:00-04:00,51.43000030517578,51.5,49.130001068115234,49.150001525878906,99500,0.0,0.0,0.0
2022-06-10 00:00:00-04:00,47.29999923706055,47.45000076293945,45.83000183105469,45.869998931884766,127500,0.0,0.0,0.0
2022-06-13 00:00:00-04:00,43.66999816894531,43.86000061035156,41.9900016784668,42.43000030517578,88800,0.0,0.0,0.0
2022-06-14 00:00:00-04:00,42.66999816894531,43.150001525878906,41.33000183105469,41.90999984741211,50100,0.0,0.0,0.0
2022-06-15 00:00:00-04:00,42.88999938964844,44.2599983215332,41.91999816894531,43.09000015258789,31200,0.0,0.0,0.0
2022-06-16 00:00:00-04:00,41.2400016784668,41.2400016784668,40.02000045776367,40.5,71500,0.0,0.0,0.0
2022-06-17 00:00:00-04:00,40.65999984741211,41.58000183105469,40.2400016784668,41.08000183105469,41500,0.0,0.0,0.0
2022-06-21 00:00:00-04:00,42.459999084472656,42.869998931884766,42.380001068115234,42.56999969482422,107000,0.0,0.0,0.0
2022-06-22 00:00:00-04:00,41.40999984741211,43.36000061035156,41.40999984741211,42.630001068115234,34200,0.0,0.0,0.0
2022-06-23 00:00:00-04:00,42.77000045776367,43.02000045776367,41.619998931884766,42.779998779296875,87300,0.0,0.0,0.0
2022-06-24 00:00:00-04:00,43.70000076293945,45.84000015258789,43.70000076293945,45.7400016784668,38000,0.0,0.0,0.0
2022-06-27 00:00:00-04:00,46.18000030517578,46.209999084472656,45.20000076293945,45.43000030517578,36900,0.0,0.0,0.0
2022-06-28 00:00:00-04:00,46.130001068115234,46.9900016784668,44.290000915527344,44.349998474121094,74800,0.0,0.0,0.0
2022-06-29 00:00:00-04:00,44.33000183105469,44.369998931884766,43.54999923706055,43.90999984741211,79000,0.0,0.0,0.0
2022-06-30 00:00:00-04:00,42.93000030517578,43.90999984741211,41.880001068115234,43.150001525878906,40400,0.0,0.0,0.0
2022-07-01 00:00:00-04:00,42.81999969482422,44.630001068115234,42.650001525878906,44.43000030517578,22200,0.0,0.0,0.0
2022-07-05 00:00:00-04:00,43.15999984741211,44.25,42.20000076293945,44.25,47400,0.0,0.0,0.0
2022-07-06 00:00:00-04:00,43.939998626708984,44.529998779296875,43.470001220703125,44.130001068115234,17300,0.0,0.0,0.0
2022-07-07 00:00:00-04:00,45.04999923706055,45.34000015258789,44.86000061035156,45.13999938964844,8900,0.0,0.0,0.0
2022-07-08 00:00:00-04:00,45.20000076293945,45.40999984741211,44.540000915527344,44.880001068115234,20600,0.0,0.0,0.0
2022-07-11 00:00:00-04:00,44.0,44.61000061035156,43.9900016784668,44.310001373291016,14800,0.0,0.0,0.0
2022-07-12 00:00:00-04:00,44.70000076293945,44.970001220703125,43.59000015258789,43.849998474121094,16800,0.0,0.0,0.0
2022-07-13 00:00:00-04:00,42.869998931884766,43.59000015258789,42.20000076293945,43.209999084472656,24400,0.0,0.0,0.0
2022-07-14 00:00:00-04:00,41.599998474121094,42.130001068115234,40.939998626708984,41.959999084472656,43400,0.0,0.0,0.0
2022-07-15 00:00:00-04:00,43.310001373291016,44.45000076293945,43.09000015258789,44.31999969482422,22000,0.0,0.0,0.0
2022-07-18 00:00:00-04:00,45.459999084472656,45.599998474121094,43.61000061035156,43.880001068115234,53500,0.0,0.0,0.0
2022-07-19 00:00:00-04:00,44.939998626708984,46.47999954223633,44.88999938964844,46.459999084472656,22000,0.0,0.0,0.0
2022-07-20 00:00:00-04:00,46.290000915527344,47.0,45.91999816894531,46.709999084472656,76100,0.0,0.0,0.0
2022-07-21 00:00:00-04:00,46.5,47.279998779296875,45.95000076293945,47.2599983215332,13000,0.0,0.0,0.0
2022-07-22 00:00:00-04:00,47.56999969482422,47.900001525878906,46.310001373291016,46.88999938964844,51700,0.0,0.0,0.0
2022-07-25 00:00:00-04:00,47.5,47.68000030517578,46.9900016784668,47.34000015258789,17700,0.0,0.0,0.0
2022-07-26 00:00:00-04:00,46.720001220703125,47.380001068115234,46.36000061035156,46.459999084472656,6800,0.0,0.0,0.0
2022-07-27 00:00:00-04:00,46.77000045776367,47.849998474121094,46.290000915527344,47.59000015258789,22600,0.0,0.0,0.0
2022-07-28 00:00:00-04:00,47.72999954223633,48.91999816894531,46.97999954223633,48.849998474121094,22400,0.0,0.0,0.0
2022-07-29 00:00:00-04:00,49.060001373291016,50.29999923706055,49.060001373291016,50.09000015258789,58100,0.0,0.0,0.0
2022-08-01 00:00:00-04:00,49.040000915527344,49.61000061035156,48.81999969482422,49.22999954223633,30800,0.0,0.0,0.0
2022-08-02 00:00:00-04:00,48.369998931884766,49.16999816894531,48.08000183105469,48.08000183105469,22700,0.0,0.0,0.0
2022-08-03 00:00:00-04:00,48.880001068115234,49.470001220703125,48.52000045776367,49.220001220703125,62200,0.0,0.0,0.0
2022-08-04 00:00:00-04:00,49.29999923706055,49.369998931884766,48.93000030517578,49.11000061035156,13400,0.0,0.0,0.0
2022-08-05 00:00:00-04:00,48.81999969482422,49.7599983215332,48.81999969482422,49.720001220703125,57700,0.0,0.0,0.0
2022-08-08 00:00:00-04:00,50.060001373291016,50.619998931884766,49.68000030517578,49.7599983215332,149300,0.0,0.0,0.0
2022-08-09 00:00:00-04:00,49.959999084472656,50.04999923706055,49.63999938964844,49.939998626708984,12700,0.0,0.0,0.0
2022-08-10 00:00:00-04:00,51.369998931884766,52.20000076293945,51.369998931884766,52.04999923706055,19300,0.0,0.0,0.0
2022-08-11 00:00:00-04:00,53.0,53.43000030517578,52.5099983215332,52.7400016784668,20100,0.0,0.0,0.0
2022-08-12 00:00:00-04:00,53.25,54.2599983215332,53.09000015258789,54.209999084472656,19900,0.0,0.0,0.0
2022-08-15 00:00:00-04:00,53.45000076293945,54.779998779296875,53.45000076293945,54.599998474121094,24400,0.0,0.0,0.0
2022-08-16 00:00:00-04:00,53.9900016784668,55.41999816894531,53.9900016784668,55.029998779296875,20000,0.0,0.0,0.0
2022-08-17 00:00:00-04:00,53.849998474121094,54.77000045776367,53.689998626708984,54.34000015258789,43500,0.0,0.0,0.0
2022-08-18 00:00:00-04:00,54.31999969482422,54.47999954223633,53.86000061035156,54.38999938964844,37100,0.0,0.0,0.0
2022-08-19 00:00:00-04:00,53.869998931884766,53.869998931884766,52.2599983215332,52.45000076293945,55100,0.0,0.0,0.0
2022-08-22 00:00:00-04:00,51.22999954223633,51.22999954223633,50.040000915527344,50.25,65400,0.0,0.0,0.0
2022-08-23 00:00:00-04:00,50.11000061035156,50.5099983215332,49.61000061035156,49.63999938964844,49400,0.0,0.0,0.0
2022-08-24 00:00:00-04:00,49.63999938964844,50.45000076293945,49.43000030517578,50.099998474121094,25600,0.0,0.0,0.0
2022-08-25 00:00:00-04:00,51.02000045776367,51.599998474121094,50.779998779296875,51.58000183105469,10100,0.0,0.0,0.0
2022-08-26 00:00:00-04:00,51.380001068115234,51.380001068115234,48.4900016784668,48.54999923706055,13500,0.0,0.0,0.0
2022-08-29 00:00:00-04:00,48.0,48.40999984741211,47.459999084472656,47.7599983215332,143400,0.0,0.0,0.0
2022-08-30 00:00:00-04:00,48.16999816894531,48.16999816894531,46.79999923706055,47.13999938964844,47800,0.0,0.0,0.0
2022-08-31 00:00:00-04:00,47.54999923706055,47.58000183105469,46.369998931884766,46.43000030517578,35900,0.0,0.0,0.0
2022-09-01 00:00:00-04:00,45.9900016784668,46.68000030517578,45.0,46.630001068115234,33200,0.0,0.0,0.0
2022-09-02 00:00:00-04:00,47.560001373291016,48.06999969482422,45.439998626708984,45.7400016784668,26200,0.0,0.0,0.0
2022-09-06 00:00:00-04:00,46.099998474121094,46.29999923706055,45.0,45.810001373291016,39200,0.0,0.0,0.0
2022-09-07 00:00:00-04:00,45.790000915527344,47.650001525878906,45.790000915527344,47.58000183105469,16300,0.0,0.0,0.0
2022-09-08 00:00:00-04:00,46.849998474121094,48.77000045776367,46.77000045776367,48.7599983215332,17700,0.0,0.0,0.0
2022-09-09 00:00:00-04:00,49.290000915527344,50.04999923706055,49.2599983215332,49.86000061035156,8000,0.0,0.0,0.0
2022-09-12 00:00:00-04:00,50.619998931884766,51.09000015258789,50.209999084472656,50.66999816894531,51800,0.0,0.0,0.0
2022-09-13 00:00:00-04:00,48.689998626708984,48.849998474121094,46.650001525878906,46.959999084472656,74600,0.0,0.0,0.0
2022-09-14 00:00:00-04:00,47.040000915527344,47.040000915527344,45.9900016784668,46.54999923706055,25500,0.0,0.0,0.0
2022-09-15 00:00:00-04:00,46.59000015258789,47.5,46.060001373291016,46.209999084472656,19800,0.0,0.0,0.0
2022-09-16 00:00:00-04:00,45.150001525878906,45.47999954223633,44.61000061035156,45.290000915527344,24400,0.0,0.0,0.0
2022-09-19 00:00:00-04:00,44.400001525878906,46.099998474121094,44.400001525878906,46.099998474121094,14200,0.0,0.0,0.0
2022-09-20 00:00:00-04:00,44.88999938964844,45.150001525878906,44.130001068115234,44.65999984741211,14700,0.0,0.0,0.0
2022-09-21 00:00:00-04:00,45.04999923706055,45.130001068115234,42.81999969482422,42.83000183105469,13600,0.0,0.0,0.0
2022-09-22 00:00:00-04:00,42.20000076293945,42.22999954223633,41.380001068115234,41.41999816894531,11200,0.0,0.0,0.0
2022-09-23 00:00:00-04:00,40.54999923706055,40.63999938964844,39.22999954223633,40.189998626708984,38800,0.0,0.0,0.0
2022-09-26 00:00:00-04:00,39.54999923706055,39.7599983215332,38.25,38.72999954223633,26300,0.0,0.0,0.0
2022-09-27 00:00:00-04:00,39.349998474121094,39.84000015258789,37.599998474121094,38.20000076293945,46700,0.0,0.0,0.0
2022-09-28 00:00:00-04:00,38.40999984741211,39.970001220703125,38.15999984741211,39.63999938964844,26700,0.0,0.0,0.0
2022-09-29 00:00:00-04:00,38.970001220703125,38.970001220703125,37.7400016784668,38.36000061035156,44800,0.0,0.0,0.0
2022-09-30 00:00:00-04:00,38.5099983215332,39.439998626708984,37.91999816894531,37.97999954223633,22300,0.0,0.0,0.0
2022-10-03 00:00:00-04:00,38.40999984741211,40.20000076293945,38.400001525878906,39.790000915527344,97100,0.0,0.0,0.0
2022-10-04 00:00:00-04:00,40.84000015258789,42.630001068115234,40.84000015258789,42.560001373291016,75300,0.0,0.0,0.0
2022-10-05 00:00:00-04:00,41.29999923706055,42.099998474121094,40.880001068115234,41.939998626708984,11100,0.0,0.0,0.0
2022-10-06 00:00:00-04:00,41.38999938964844,41.38999938964844,40.459999084472656,40.4900016784668,34200,0.0,0.0,0.0
2022-10-07 00:00:00-04:00,39.869998931884766,39.869998931884766,38.41999816894531,38.59000015258789,55000,0.0,0.0,0.0
2022-10-10 00:00:00-04:00,38.900001525878906,39.13999938964844,37.869998931884766,38.25,39200,0.0,0.0,0.0
2022-10-11 00:00:00-04:00,37.720001220703125,38.470001220703125,37.18000030517578,37.4900016784668,70800,0.0,0.0,0.0
2022-10-12 00:00:00-04:00,37.5,37.810001373291016,37.13999938964844,37.22999954223633,32900,0.0,0.0,0.0
2022-10-13 00:00:00-04:00,35.95000076293945,39.9900016784668,35.380001068115234,39.810001373291016,48800,0.0,0.0,0.0
2022-10-14 00:00:00-04:00,40.439998626708984,41.08000183105469,38.2400016784668,38.400001525878906,27100,0.0,0.0,0.0
2022-10-17 00:00:00-04:00,39.84000015258789,40.77000045776367,39.84000015258789,40.369998931884766,21800,0.0,0.0,0.0
2022-10-18 00:00:00-04:00,42.279998779296875,42.34000015258789,40.779998779296875,41.47999954223633,18800,0.0,0.0,0.0
2022-10-19 00:00:00-04:00,40.70000076293945,41.25,39.68000030517578,40.040000915527344,15400,0.0,0.0,0.0
2022-10-20 00:00:00-04:00,40.189998626708984,40.619998931884766,38.939998626708984,39.06999969482422,14100,0.0,0.0,0.0
2022-10-21 00:00:00-04:00,38.91999816894531,40.79999923706055,38.91999816894531,40.77000045776367,17100,0.0,0.0,0.0
2022-10-24 00:00:00-04:00,41.31999969482422,41.88999938964844,40.869998931884766,41.56999969482422,40300,0.0,0.0,0.0
2022-10-25 00:00:00-04:00,41.209999084472656,43.310001373291016,41.209999084472656,43.279998779296875,45400,0.0,0.0,0.0
2022-10-26 00:00:00-04:00,43.400001525878906,44.599998474121094,43.400001525878906,43.77000045776367,18000,0.0,0.0,0.0
2022-10-27 00:00:00-04:00,44.5,45.13999938964844,44.13999938964844,44.31999969482422,38000,0.0,0.0,0.0
2022-10-28 00:00:00-04:00,44.369998931884766,46.540000915527344,44.369998931884766,46.470001220703125,14000,0.0,0.0,0.0
2022-10-31 00:00:00-04:00,45.900001525878906,46.41999816894531,45.81999969482422,46.0,133100,0.0,0.0,0.0
2022-11-01 00:00:00-04:00,46.47999954223633,46.91999816894531,45.939998626708984,46.310001373291016,15300,0.0,0.0,0.0
2022-11-02 00:00:00-04:00,45.939998626708984,47.2599983215332,44.619998931884766,44.630001068115234,18800,0.0,0.0,0.0
2022-11-03 00:00:00-04:00,43.52000045776367,44.189998626708984,42.95000076293945,43.65999984741211,22500,0.0,0.0,0.0
2022-11-04 00:00:00-04:00,44.65999984741211,45.7400016784668,44.0,45.150001525878906,25400,0.0,0.0,0.0
2022-11-07 00:00:00-05:00,45.7400016784668,46.02000045776367,45.369998931884766,45.93000030517578,51500,0.0,0.0,0.0
2022-11-08 00:00:00-05:00,46.16999816894531,47.02000045776367,45.93000030517578,46.47999954223633,29500,0.0,0.0,0.0
2022-11-09 00:00:00-05:00,45.970001220703125,45.97999954223633,44.56999969482422,44.72999954223633,11100,0.0,0.0,0.0
2022-11-10 00:00:00-05:00,47.380001068115234,49.91999816894531,47.380001068115234,49.790000915527344,37300,0.0,0.0,0.0
2022-11-11 00:00:00-05:00,50.349998474121094,50.880001068115234,49.7400016784668,50.439998626708984,35500,0.0,0.0,0.0
2022-11-14 00:00:00-05:00,49.869998931884766,50.099998474121094,48.720001220703125,48.779998779296875,29800,0.0,0.0,0.0
2022-11-15 00:00:00-05:00,50.2599983215332,50.27000045776367,48.5099983215332,49.13999938964844,50900,0.0,0.0,0.0
2022-11-16 00:00:00-05:00,49.02000045776367,49.02000045776367,48.470001220703125,48.68000030517578,17400,0.0,0.0,0.0
2022-11-17 00:00:00-05:00,47.380001068115234,48.0,47.119998931884766,47.95000076293945,20600,0.0,0.0,0.0
2022-11-18 00:00:00-05:00,49.04999923706055,49.06999969482422,48.099998474121094,48.65999984741211,16200,0.0,0.0,0.0
2022-11-21 00:00:00-05:00,48.95000076293945,48.95000076293945,48.36000061035156,48.79999923706055,6800,0.0,0.0,0.0
2022-11-22 00:00:00-05:00,49.33000183105469,49.86000061035156,49.33000183105469,49.810001373291016,122700,0.0,0.0,0.0
2022-11-23 00:00:00-05:00,49.779998779296875,50.310001373291016,49.779998779296875,50.150001525878906,10600,0.0,0.0,0.0
2022-11-25 00:00:00-05:00,50.66999816894531,50.75,50.56999969482422,50.75,2700,0.0,0.0,0.0
2022-11-28 00:00:00-05:00,49.88999938964844,50.34000015258789,48.61000061035156,48.79999923706055,28200,0.0,0.0,0.0
2022-11-29 00:00:00-05:00,48.849998474121094,49.439998626708984,48.84000015258789,49.439998626708984,12200,0.0,0.0,0.0
2022-11-30 00:00:00-05:00,48.93000030517578,51.47999954223633,48.16999816894531,51.47999954223633,30500,0.0,0.0,0.0
2022-12-01 00:00:00-05:00,51.5,51.75,50.4900016784668,50.869998931884766,13800,0.0,0.0,0.0
2022-12-02 00:00:00-05:00,49.779998779296875,50.810001373291016,49.779998779296875,50.650001525878906,15900,0.0,0.0,0.0
2022-12-05 00:00:00-05:00,49.7400016784668,49.7400016784668,47.77000045776367,48.11000061035156,50800,0.0,0.0,0.0
2022-12-06 00:00:00-05:00,48.290000915527344,48.290000915527344,46.619998931884766,47.27000045776367,21300,0.0,0.0,0.0
2022-12-07 00:00:00-05:00,46.7599983215332,47.650001525878906,46.720001220703125,46.79999923706055,15300,0.0,0.0,0.0
2022-12-08 00:00:00-05:00,47.68000030517578,47.7599983215332,46.900001525878906,47.27000045776367,6800,0.0,0.0,0.0
2022-12-09 00:00:00-05:00,47.27000045776367,47.4900016784668,46.900001525878906,46.939998626708984,48200,0.0,0.0,0.0
2022-12-12 00:00:00-05:00,47.0,48.20000076293945,46.939998626708984,48.18000030517578,21400,0.0,0.0,0.0
2022-12-13 00:00:00-05:00,50.16999816894531,50.540000915527344,48.20000076293945,48.68000030517578,24600,0.0,0.0,0.0
2022-12-14 00:00:00-05:00,48.9900016784668,49.34000015258789,47.41999816894531,47.66999816894531,9500,0.0,0.0,0.0
2022-12-15 00:00:00-05:00,46.130001068115234,46.33000183105469,45.27000045776367,45.810001373291016,25200,0.0,0.0,0.0
2022-12-16 00:00:00-05:00,45.0,45.099998474121094,44.0,44.720001220703125,23600,0.0,0.0,0.0
2022-12-19 00:00:00-05:00,44.83000183105469,45.08000183105469,43.75,44.22999954223633,14100,0.0,0.0,0.0
2022-12-20 00:00:00-05:00,44.22999954223633,44.88999938964844,44.08000183105469,44.349998474121094,27200,0.0,0.0,0.0
2022-12-21 00:00:00-05:00,45.369998931884766,45.97999954223633,45.369998931884766,45.779998779296875,8600,0.0,0.0,0.0
2022-12-22 00:00:00-05:00,44.540000915527344,44.689998626708984,43.290000915527344,44.689998626708984,24400,0.0,0.0,0.0
2022-12-23 00:00:00-05:00,44.36000061035156,45.2599983215332,44.36000061035156,45.220001220703125,19200,0.0,0.0,0.0
2022-12-27 00:00:00-05:00,44.91999816894531,45.52000045776367,44.91999816894531,45.22999954223633,13600,0.0,0.0,0.0
2022-12-28 00:00:00-05:00,45.220001220703125,45.630001068115234,44.56999969482422,44.56999969482422,16800,0.0,0.0,0.0
2022-12-29 00:00:00-05:00,44.90999984741211,46.11000061035156,44.90999984741211,45.959999084472656,20300,0.0,0.0,0.0
2022-12-30 00:00:00-05:00,45.58000183105469,45.79999923706055,44.81999969482422,45.61000061035156,34200,0.0,0.0,0.0
2023-01-03 00:00:00-05:00,46.31999969482422,46.5,45.34000015258789,45.84000015258789,17500,0.0,0.0,0.0
2023-01-04 00:00:00-05:00,46.33000183105469,48.029998779296875,46.33000183105469,47.52000045776367,15300,0.0,0.0,0.0
2023-01-05 00:00:00-05:00,46.33000183105469,46.70000076293945,46.13999938964844,46.310001373291016,13500,0.0,0.0,0.0
2023-01-06 00:00:00-05:00,47.0,48.900001525878906,47.0,48.65999984741211,17400,0.0,0.0,0.0
2023-01-09 00:00:00-05:00,48.91999816894531,49.689998626708984,48.459999084472656,48.459999084472656,64600,0.0,0.0,0.0
2023-01-10 00:00:00-05:00,48.720001220703125,49.189998626708984,48.119998931884766,49.119998931884766,36400,0.0,0.0,0.0
2023-01-11 00:00:00-05:00,49.2599983215332,50.59000015258789,49.2599983215332,50.59000015258789,28200,0.0,0.0,0.0
2023-01-12 00:00:00-05:00,50.84000015258789,51.38999938964844,50.59000015258789,51.02000045776367,32100,0.0,0.0,0.0
2023-01-13 00:00:00-05:00,49.83000183105469,51.41999816894531,49.599998474121094,51.33000183105469,12500,0.0,0.0,0.0
2023-01-17 00:00:00-05:00,50.9900016784668,51.33000183105469,50.810001373291016,50.880001068115234,12000,0.0,0.0,0.0
2023-01-18 00:00:00-05:00,50.880001068115234,51.0,49.11000061035156,49.189998626708984,40900,0.0,0.0,0.0
2023-01-19 00:00:00-05:00,48.02000045776367,48.63999938964844,48.02000045776367,48.150001525878906,15800,0.0,0.0,0.0
2023-01-20 00:00:00-05:00,48.2599983215332,49.79999923706055,48.2599983215332,49.790000915527344,16400,0.0,0.0,0.0
2023-01-23 00:00:00-05:00,49.84000015258789,51.08000183105469,49.84000015258789,50.66999816894531,24100,0.0,0.0,0.0
2023-01-24 00:00:00-05:00,50.38999938964844,51.029998779296875,50.380001068115234,50.779998779296875,12300,0.0,0.0,0.0
2023-01-25 00:00:00-05:00,50.31999969482422,51.31999969482422,49.86000061035156,51.29999923706055,9100,0.0,0.0,0.0
2023-01-26 00:00:00-05:00,51.97999954223633,51.9900016784668,51.18000030517578,51.959999084472656,40200,0.0,0.0,0.0
2023-01-27 00:00:00-05:00,51.88999938964844,52.779998779296875,51.88999938964844,52.34000015258789,15800,0.0,0.0,0.0
2023-01-30 00:00:00-05:00,51.70000076293945,52.380001068115234,51.540000915527344,51.59000015258789,8500,0.0,0.0,0.0
2023-01-31 00:00:00-05:00,51.790000915527344,53.130001068115234,51.560001373291016,53.130001068115234,10300,0.0,0.0,0.0
2023-02-01 00:00:00-05:00,52.619998931884766,54.20000076293945,51.83000183105469,53.34000015258789,15100,0.0,0.0,0.0
2023-02-02 00:00:00-05:00,53.93000030517578,54.59000015258789,53.43000030517578,53.970001220703125,29000,0.0,0.0,0.0
2023-02-03 00:00:00-05:00,53.29999923706055,54.029998779296875,52.900001525878906,53.4900016784668,29800,0.0,0.0,0.0
2023-02-06 00:00:00-05:00,52.65999984741211,53.209999084472656,52.400001525878906,53.16999816894531,31300,0.0,0.0,0.0
2023-02-07 00:00:00-05:00,52.790000915527344,54.5099983215332,52.599998474121094,54.119998931884766,20300,0.0,0.0,0.0
2023-02-08 00:00:00-05:00,53.58000183105469,54.22999954223633,53.40999984741211,53.58000183105469,13000,0.0,0.0,0.0
2023-02-09 00:00:00-05:00,53.79999923706055,53.97999954223633,52.04999923706055,52.189998626708984,12800,0.0,0.0,0.0
2023-02-10 00:00:00-05:00,51.779998779296875,52.4900016784668,51.68000030517578,52.4900016784668,2900,0.0,0.0,0.0
2023-02-13 00:00:00-05:00,52.279998779296875,53.54999923706055,52.279998779296875,53.54999923706055,7600,0.0,0.0,0.0
2023-02-14 00:00:00-05:00,53.189998626708984,54.06999969482422,52.65999984741211,52.97999954223633,10700,0.0,0.0,0.0
2023-02-15 00:00:00-05:00,52.220001220703125,53.2599983215332,52.06999969482422,53.2400016784668,10900,0.0,0.0,0.0
2023-02-16 00:00:00-05:00,51.97999954223633,53.02000045776367,51.95000076293945,52.11000061035156,22500,0.0,0.0,0.0
2023-02-17 00:00:00-05:00,51.560001373291016,51.939998626708984,51.189998626708984,51.91999816894531,16300,0.0,0.0,0.0
2023-02-21 00:00:00-05:00,51.0,51.0,49.63999938964844,49.869998931884766,15600,0.0,0.0,0.0
2023-02-22 00:00:00-05:00,49.709999084472656,50.15999984741211,49.09000015258789,49.5,32600,0.0,0.0,0.0
2023-02-23 00:00:00-05:00,50.09000015258789,50.09000015258789,48.95000076293945,49.720001220703125,12200,0.0,0.0,0.0
2023-02-24 00:00:00-05:00,48.84000015258789,49.47999954223633,48.5,49.36000061035156,17100,0.0,0.0,0.0
2023-02-27 00:00:00-05:00,50.099998474121094,50.38999938964844,49.150001525878906,49.43000030517578,16500,0.0,0.0,0.0
2023-02-28 00:00:00-05:00,49.70000076293945,50.13999938964844,49.52000045776367,49.52000045776367,4900,0.0,0.0,0.0
2023-03-01 00:00:00-05:00,49.0,49.209999084472656,48.56999969482422,48.95000076293945,10900,0.0,0.0,0.0
2023-03-02 00:00:00-05:00,48.08000183105469,48.869998931884766,47.79999923706055,48.79999923706055,10700,0.0,0.0,0.0
2023-03-03 00:00:00-05:00,49.279998779296875,50.36000061035156,49.279998779296875,50.36000061035156,15800,0.0,0.0,0.0
2023-03-06 00:00:00-05:00,50.349998474121094,50.95000076293945,50.349998474121094,50.470001220703125,10200,0.0,0.0,0.0
2023-03-07 00:00:00-05:00,49.68000030517578,49.75,47.869998931884766,48.06999969482422,16600,0.0,0.0,0.0
2023-03-08 00:00:00-05:00,48.220001220703125,48.56999969482422,47.58000183105469,48.02000045776367,12800,0.0,0.0,0.0
2023-03-09 00:00:00-05:00,47.619998931884766,47.619998931884766,44.459999084472656,44.66999816894531,60000,0.0,0.0,0.0
2023-03-10 00:00:00-05:00,44.0,44.540000915527344,42.0,42.599998474121094,104100,0.0,0.0,0.0
2023-03-13 00:00:00-04:00,39.83000183105469,41.95000076293945,39.189998626708984,40.27000045776367,123100,0.0,0.0,0.0
2023-03-14 00:00:00-04:00,42.58000183105469,42.970001220703125,41.06999969482422,41.790000915527344,66000,0.0,0.0,0.0
2023-03-15 00:00:00-04:00,39.65999984741211,40.310001373291016,39.119998931884766,40.310001373291016,86500,0.0,0.0,0.0
2023-03-16 00:00:00-04:00,39.90999984741211,41.849998474121094,38.93000030517578,41.33000183105469,46900,0.0,0.0,0.0
2023-03-17 00:00:00-04:00,40.75,40.75,38.959999084472656,39.040000915527344,47400,0.0,0.0,0.0
2023-03-20 00:00:00-04:00,39.41999816894531,40.58000183105469,39.41999816894531,39.970001220703125,152300,0.0,0.0,0.0
2023-03-21 00:00:00-04:00,41.90999984741211,42.130001068115234,41.65999984741211,42.060001373291016,76600,0.0,0.0,0.0
2023-03-22 00:00:00-04:00,41.66999816894531,42.0,40.0099983215332,40.0099983215332,34200,0.0,0.0,0.0
2023-03-23 00:00:00-04:00,40.209999084472656,40.72999954223633,38.849998474121094,39.40999984741211,31500,0.0,0.0,0.0
2023-03-24 00:00:00-04:00,38.599998474121094,39.31999969482422,37.88999938964844,39.279998779296875,78000,0.0,0.0,0.0
2023-03-27 00:00:00-04:00,40.470001220703125,40.779998779296875,40.0,40.439998626708984,46500,0.0,0.0,0.0
2023-03-28 00:00:00-04:00,40.16999816894531,40.43000030517578,39.88999938964844,40.349998474121094,13100,0.0,0.0,0.0
2023-03-29 00:00:00-04:00,41.220001220703125,41.540000915527344,40.869998931884766,41.540000915527344,29400,0.0,0.0,0.0
2023-03-30 00:00:00-04:00,41.970001220703125,42.11000061035156,40.849998474121094,41.33000183105469,25600,0.0,0.0,0.0
2023-03-31 00:00:00-04:00,41.81999969482422,42.25,41.4900016784668,42.2400016784668,31400,0.0,0.0,0.0
2023-04-03 00:00:00-04:00,42.11000061035156,42.66999816894531,41.93000030517578,42.40999984741211,15600,0.0,0.0,0.0
2023-04-04 00:00:00-04:00,42.34000015258789,42.47999954223633,41.06999969482422,41.52000045776367,21700,0.0,0.0,0.0
2023-04-05 00:00:00-04:00,40.93000030517578,41.56999969482422,40.93000030517578,41.45000076293945,46800,0.0,0.0,0.0
2023-04-06 00:00:00-04:00,41.310001373291016,41.849998474121094,41.2599983215332,41.68000030517578,21600,0.0,0.0,0.0
2023-04-10 00:00:00-04:00,41.40999984741211,41.88999938964844,41.369998931884766,41.88999938964844,8800,0.0,0.0,0.0
2023-04-11 00:00:00-04:00,42.11000061035156,42.95000076293945,42.04999923706055,42.65999984741211,13700,0.0,0.0,0.0
2023-04-12 00:00:00-04:00,43.349998474121094,43.349998474121094,42.31999969482422,42.41999816894531,16700,0.0,0.0,0.0
2023-04-13 00:00:00-04:00,42.189998626708984,43.16999816894531,42.16999816894531,43.119998931884766,18600,0.0,0.0,0.0
2023-04-14 00:00:00-04:00,43.97999954223633,44.43000030517578,43.59000015258789,44.060001373291016,38900,0.0,0.0,0.0
2023-04-17 00:00:00-04:00,43.95000076293945,45.029998779296875,43.75,45.02000045776367,30300,0.0,0.0,0.0
2023-04-18 00:00:00-04:00,45.04999923706055,45.45000076293945,44.689998626708984,45.29999923706055,27200,0.0,0.0,0.0
2023-04-19 00:00:00-04:00,44.93000030517578,45.720001220703125,44.93000030517578,45.5,16700,0.0,0.0,0.0
2023-04-20 00:00:00-04:00,44.79999923706055,45.369998931884766,44.79999923706055,45.189998626708984,42600,0.0,0.0,0.0
2023-04-21 00:00:00-04:00,44.70000076293945,44.90999984741211,44.47999954223633,44.86000061035156,13800,0.0,0.0,0.0
2023-04-24 00:00:00-04:00,44.65999984741211,44.959999084472656,44.529998779296875,44.65999984741211,18100,0.0,0.0,0.0
2023-04-25 00:00:00-04:00,44.029998779296875,44.15999984741211,43.060001373291016,43.060001373291016,43100,0.0,0.0,0.0
2023-04-26 00:00:00-04:00,43.0,43.040000915527344,41.93000030517578,42.2599983215332,26200,0.0,0.0,0.0
2023-04-27 00:00:00-04:00,42.81999969482422,43.689998626708984,42.65999984741211,43.54999923706055,20200,0.0,0.0,0.0
2023-04-28 00:00:00-04:00,43.150001525878906,44.65999984741211,43.150001525878906,44.61000061035156,37600,0.0,0.0,0.0
2023-05-01 00:00:00-04:00,44.79999923706055,45.119998931884766,44.369998931884766,44.41999816894531,13200,0.0,0.0,0.0
2023-05-02 00:00:00-04:00,43.779998779296875,43.779998779296875,41.779998779296875,42.380001068115234,22500,0.0,0.0,0.0
2023-05-03 00:00:00-04:00,42.459999084472656,42.720001220703125,41.310001373291016,41.369998931884766,20900,0.0,0.0,0.0
2023-05-04 00:00:00-04:00,40.720001220703125,40.83000183105469,39.66999816894531,40.2400016784668,50600,0.0,0.0,0.0
2023-05-05 00:00:00-04:00,41.630001068115234,42.36000061035156,41.540000915527344,42.20000076293945,47500,0.0,0.0,0.0
2023-05-08 00:00:00-04:00,42.5099983215332,42.959999084472656,42.36000061035156,42.400001525878906,29900,0.0,0.0,0.0
2023-05-09 00:00:00-04:00,41.790000915527344,42.36000061035156,41.689998626708984,42.09000015258789,15200,0.0,0.0,0.0
2023-05-10 00:00:00-04:00,42.5,42.79999923706055,40.91999816894531,41.58000183105469,41500,0.0,0.0,0.0
2023-05-11 00:00:00-04:00,41.099998474121094,41.529998779296875,40.84000015258789,41.43000030517578,22200,0.0,0.0,0.0
2023-05-12 00:00:00-04:00,41.88999938964844,41.900001525878906,40.689998626708984,41.099998474121094,21700,0.0,0.0,0.0
2023-05-15 00:00:00-04:00,41.150001525878906,41.900001525878906,41.150001525878906,41.720001220703125,23200,0.0,0.0,0.0
2023-05-16 00:00:00-04:00,41.70000076293945,41.70000076293945,40.95000076293945,40.95000076293945,13600,0.0,0.0,0.0
2023-05-17 00:00:00-04:00,41.650001525878906,42.790000915527344,41.599998474121094,42.650001525878906,51100,0.0,0.0,0.0
2023-05-18 00:00:00-04:00,42.38999938964844,43.189998626708984,42.18000030517578,43.189998626708984,52900,0.0,0.0,0.0
2023-05-19 00:00:00-04:00,43.400001525878906,43.54999923706055,42.459999084472656,42.79999923706055,25000,0.0,0.0,0.0
2023-05-22 00:00:00-04:00,43.119998931884766,43.20000076293945,42.65999984741211,43.0099983215332,19100,0.0,0.0,0.0
2023-05-23 00:00:00-04:00,42.59000015258789,43.0,41.9900016784668,41.9900016784668,94600,0.0,0.0,0.0
2023-05-24 00:00:00-04:00,41.369998931884766,41.369998931884766,40.72999954223633,40.81999969482422,48300,0.0,0.0,0.0
2023-05-25 00:00:00-04:00,40.470001220703125,41.0099983215332,40.400001525878906,40.83000183105469,43300,0.0,0.0,0.0
2023-05-26 00:00:00-04:00,41.06999969482422,41.65999984741211,40.88999938964844,41.470001220703125,33700,0.0,0.0,0.0
2023-05-30 00:00:00-04:00,41.529998779296875,41.7400016784668,40.880001068115234,41.439998626708984,20900,0.0,0.0,0.0
2023-05-31 00:00:00-04:00,40.900001525878906,40.900001525878906,39.93000030517578,40.4900016784668,48300,0.0,0.0,0.0
2023-06-01 00:00:00-04:00,40.81999969482422,41.560001373291016,40.61000061035156,41.380001068115234,36900,0.0,0.0,0.0
2023-06-02 00:00:00-04:00,42.099998474121094,43.45000076293945,42.099998474121094,43.209999084472656,35300,0.0,0.0,0.0
2023-06-05 00:00:00-04:00,43.38999938964844,43.38999938964844,42.61000061035156,42.7400016784668,14200,0.0,0.0,0.0
2023-06-06 00:00:00-04:00,42.54999923706055,43.900001525878906,42.54999923706055,43.81999969482422,40500,0.0,0.0,0.0
2023-06-07 00:00:00-04:00,43.900001525878906,44.25,43.369998931884766,44.15999984741211,29200,0.0,0.0,0.0
2023-06-08 00:00:00-04:00,44.11000061035156,44.150001525878906,43.5,44.06999969482422,13500,0.0,0.0,0.0
2023-06-09 00:00:00-04:00,44.08000183105469,44.29999923706055,43.90999984741211,44.11000061035156,21700,0.0,0.0,0.0
2023-06-12 00:00:00-04:00,44.0099983215332,44.279998779296875,43.470001220703125,44.0,24700,0.0,0.0,0.0
2023-06-13 00:00:00-04:00,44.04999923706055,44.86000061035156,43.849998474121094,44.47999954223633,42100,0.0,0.0,0.0
2023-06-14 00:00:00-04:00,44.939998626708984,45.150001525878906,43.970001220703125,44.15999984741211,50700,0.0,0.0,0.0
2023-06-15 00:00:00-04:00,44.0,45.5099983215332,43.970001220703125,45.279998779296875,32700,0.0,0.0,0.0
2023-06-16 00:00:00-04:00,45.61000061035156,45.61000061035156,45.040000915527344,45.11000061035156,22300,0.0,0.0,0.0
2023-06-20 00:00:00-04:00,44.68000030517578,44.68000030517578,43.90999984741211,44.47999954223633,20200,0.0,0.0,0.0
2023-06-21 00:00:00-04:00,44.060001373291016,44.54999923706055,43.91999816894531,44.20000076293945,22000,0.0,0.0,0.0
2023-06-22 00:00:00-04:00,43.83000183105469,43.849998474121094,43.220001220703125,43.459999084472656,15700,0.0,0.0,0.0
2023-06-23 00:00:00-04:00,42.7599983215332,43.33000183105469,42.7599983215332,43.119998931884766,16900,0.0,0.0,0.0
2023-06-26 00:00:00-04:00,43.0,43.43000030517578,42.900001525878906,42.91999816894531,18900,0.0,0.0,0.0
2023-06-27 00:00:00-04:00,42.88999938964844,43.7400016784668,42.88999938964844,43.560001373291016,10100,0.0,0.0,0.0
2023-06-28 00:00:00-04:00,43.529998779296875,43.529998779296875,43.0099983215332,43.34000015258789,24100,0.0,0.0,0.0
2023-06-29 00:00:00-04:00,43.91999816894531,44.84000015258789,43.810001373291016,44.779998779296875,19100,0.0,0.0,0.0
2023-06-30 00:00:00-04:00,45.400001525878906,45.970001220703125,45.290000915527344,45.619998931884766,20500,0.0,0.0,0.0
2023-07-03 00:00:00-04:00,45.61000061035156,46.38999938964844,45.529998779296875,46.209999084472656,105800,0.0,0.0,0.0
2023-07-05 00:00:00-04:00,45.459999084472656,46.16999816894531,45.349998474121094,45.91999816894531,33600,0.0,0.0,0.0
2023-07-06 00:00:00-04:00,44.790000915527344,45.11000061035156,44.439998626708984,45.06999969482422,25400,0.0,0.0,0.0
2023-07-07 00:00:00-04:00,44.939998626708984,45.84000015258789,44.939998626708984,45.25,31300,0.0,0.0,0.0
2023-07-10 00:00:00-04:00,45.029998779296875,46.09000015258789,45.029998779296875,45.59000015258789,13100,0.0,0.0,0.0
2023-07-11 00:00:00-04:00,45.790000915527344,46.72999954223633,45.790000915527344,46.68000030517578,32500,0.0,0.0,0.0
2023-07-12 00:00:00-04:00,47.41999816894531,47.880001068115234,47.15999984741211,47.27000045776367,17300,0.0,0.0,0.0
2023-07-13 00:00:00-04:00,47.310001373291016,47.72999954223633,47.279998779296875,47.54999923706055,35500,0.0,0.0,0.0
2023-07-14 00:00:00-04:00,48.54999923706055,48.54999923706055,46.81999969482422,46.869998931884766,58700,0.0,0.0,0.0
2023-07-17 00:00:00-04:00,46.83000183105469,48.099998474121094,46.83000183105469,47.869998931884766,103600,0.0,0.0,0.0
2023-07-18 00:00:00-04:00,48.11000061035156,49.0,48.11000061035156,49.0,16900,0.0,0.0,0.0
2023-07-19 00:00:00-04:00,48.869998931884766,49.66999816894531,48.869998931884766,49.380001068115234,11700,0.0,0.0,0.0
2023-07-20 00:00:00-04:00,49.0099983215332,50.0099983215332,49.0099983215332,50.0099983215332,42800,0.0,0.0,0.0
2023-07-21 00:00:00-04:00,50.060001373291016,50.099998474121094,49.58000183105469,49.599998474121094,10700,0.0,0.0,0.0
2023-07-24 00:00:00-04:00,49.810001373291016,50.939998626708984,49.810001373291016,50.66999816894531,39200,0.0,0.0,0.0
2023-07-25 00:00:00-04:00,50.119998931884766,50.400001525878906,49.88999938964844,49.91999816894531,28800,0.0,0.0,0.0
2023-07-26 00:00:00-04:00,49.779998779296875,50.849998474121094,49.779998779296875,50.540000915527344,17400,0.0,0.0,0.0
2023-07-27 00:00:00-04:00,50.61000061035156,50.68000030517578,49.15999984741211,49.220001220703125,9800,0.0,0.0,0.0
2023-07-28 00:00:00-04:00,50.0099983215332,50.06999969482422,49.0,49.369998931884766,13300,0.0,0.0,0.0
2023-07-31 00:00:00-04:00,49.56999969482422,50.04999923706055,49.439998626708984,49.66999816894531,8200,0.0,0.0,0.0
2023-08-01 00:00:00-04:00,49.47999954223633,49.79999923706055,49.279998779296875,49.7599983215332,21700,0.0,0.0,0.0
2023-08-02 00:00:00-04:00,48.900001525878906,49.08000183105469,48.40999984741211,48.86000061035156,14500,0.0,0.0,0.0
2023-08-03 00:00:00-04:00,48.22999954223633,49.08000183105469,48.20000076293945,48.959999084472656,16400,0.0,0.0,0.0
2023-08-04 00:00:00-04:00,48.849998474121094,49.7599983215332,48.4900016784668,48.560001373291016,33700,0.0,0.0,0.0
2023-08-07 00:00:00-04:00,48.869998931884766,50.040000915527344,48.869998931884766,49.810001373291016,56100,0.0,0.0,0.0
2023-08-08 00:00:00-04:00,48.43000030517578,49.0099983215332,47.869998931884766,49.0099983215332,29400,0.0,0.0,0.0
2023-08-09 00:00:00-04:00,48.880001068115234,49.20000076293945,48.220001220703125,48.25,41600,0.0,0.0,0.0
2023-08-10 00:00:00-04:00,49.27000045776367,49.31999969482422,48.189998626708984,48.25,10200,0.0,0.0,0.0
2023-08-11 00:00:00-04:00,48.540000915527344,48.540000915527344,48.459999084472656,48.459999084472656,4100,0.0,0.0,0.0
2023-08-14 00:00:00-04:00,48.099998474121094,48.279998779296875,48.0099983215332,48.25,11600,0.0,0.0,0.0
2023-08-15 00:00:00-04:00,47.4900016784668,47.4900016784668,46.40999984741211,46.56999969482422,26900,0.0,0.0,0.0
2023-08-16 00:00:00-04:00,46.18000030517578,46.97999954223633,46.18000030517578,46.290000915527344,14100,0.0,0.0,0.0
2023-08-17 00:00:00-04:00,46.31999969482422,46.65999984741211,45.65999984741211,45.84000015258789,18200,0.0,0.0,0.0
2023-08-18 00:00:00-04:00,45.189998626708984,46.029998779296875,45.189998626708984,45.66999816894531,17000,0.0,0.0,0.0
2023-08-21 00:00:00-04:00,46.029998779296875,46.06999969482422,45.0,45.59000015258789,22700,0.0,0.0,0.0
2023-08-22 00:00:00-04:00,45.349998474121094,45.349998474121094,44.72999954223633,44.810001373291016,15700,0.0,0.0,0.0
2023-08-23 00:00:00-04:00,44.790000915527344,45.66999816894531,44.790000915527344,45.58000183105469,14700,0.0,0.0,0.0
2023-08-24 00:00:00-04:00,45.2599983215332,46.45000076293945,45.2599983215332,45.439998626708984,14300,0.0,0.0,0.0
2023-08-25 00:00:00-04:00,46.02000045776367,46.02000045776367,45.06999969482422,45.66999816894531,23300,0.0,0.0,0.0
2023-08-28 00:00:00-04:00,46.25,46.560001373291016,45.97999954223633,46.22999954223633,25100,0.0,0.0,0.0
2023-08-29 00:00:00-04:00,46.380001068115234,47.060001373291016,46.2599983215332,47.060001373291016,12000,0.0,0.0,0.0
2023-08-30 00:00:00-04:00,47.18000030517578,47.470001220703125,47.0,47.13999938964844,11000,0.0,0.0,0.0
2023-08-31 00:00:00-04:00,47.099998474121094,47.2599983215332,46.689998626708984,46.86000061035156,13000,0.0,0.0,0.0
2023-09-01 00:00:00-04:00,47.34000015258789,47.779998779296875,47.34000015258789,47.56999969482422,16000,0.0,0.0,0.0
2023-09-05 00:00:00-04:00,47.22999954223633,47.459999084472656,46.68000030517578,46.689998626708984,5900,0.0,0.0,0.0
2023-09-06 00:00:00-04:00,46.45000076293945,46.560001373291016,45.959999084472656,46.5,9600,0.0,0.0,0.0
2023-09-07 00:00:00-04:00,45.9900016784668,46.4900016784668,45.9900016784668,46.29999923706055,10400,0.0,0.0,0.0
2023-09-08 00:00:00-04:00,46.540000915527344,46.59000015258789,46.2400016784668,46.529998779296875,7700,0.0,0.0,0.0
2023-09-11 00:00:00-04:00,46.849998474121094,46.959999084472656,46.72999954223633,46.86000061035156,7200,0.0,0.0,0.0
2023-09-12 00:00:00-04:00,47.02000045776367,48.11000061035156,47.0099983215332,47.650001525878906,12700,0.0,0.0,0.0
2023-09-13 00:00:00-04:00,48.040000915527344,48.040000915527344,47.220001220703125,47.5099983215332,9300,0.0,0.0,0.0
2023-09-14 00:00:00-04:00,47.79999923706055,48.459999084472656,47.79999923706055,48.38999938964844,18500,0.0,0.0,0.0
2023-09-15 00:00:00-04:00,48.310001373291016,48.310001373291016,47.709999084472656,47.86000061035156,9700,0.0,0.0,0.0
2023-09-18 00:00:00-04:00,47.97999954223633,48.18000030517578,47.58000183105469,48.150001525878906,9800,0.0,0.0,0.0
2023-09-19 00:00:00-04:00,48.11000061035156,48.34000015258789,47.58000183105469,48.040000915527344,6000,0.0,0.0,0.0
2023-09-20 00:00:00-04:00,48.5,48.5,47.25,47.29999923706055,19400,0.0,0.0,0.0
2023-09-21 00:00:00-04:00,46.720001220703125,46.720001220703125,45.7400016784668,45.7400016784668,7100,0.0,0.0,0.0
2023-09-22 00:00:00-04:00,45.650001525878906,45.709999084472656,45.0,45.040000915527344,11800,0.0,0.0,0.0
2023-09-25 00:00:00-04:00,44.61000061035156,45.189998626708984,44.470001220703125,45.189998626708984,12200,0.0,0.0,0.0
2023-09-26 00:00:00-04:00,44.38999938964844,44.560001373291016,43.77000045776367,43.959999084472656,31500,0.0,0.0,0.0
2023-09-27 00:00:00-04:00,44.220001220703125,44.220001220703125,43.060001373291016,43.779998779296875,13200,0.0,0.0,0.0
2023-09-28 00:00:00-04:00,43.7599983215332,44.56999969482422,43.7599983215332,44.380001068115234,17000,0.0,0.0,0.0
2023-09-29 00:00:00-04:00,44.93000030517578,44.93000030517578,43.400001525878906,43.61000061035156,11700,0.0,0.0,0.0
2023-10-02 00:00:00-04:00,43.33000183105469,43.33000183105469,42.5,42.880001068115234,82600,0.0,0.0,0.0
2023-10-03 00:00:00-04:00,42.5,42.54999923706055,41.209999084472656,41.459999084472656,34500,0.0,0.0,0.0
2023-10-04 00:00:00-04:00,41.189998626708984,42.06999969482422,41.08000183105469,41.959999084472656,21200,0.0,0.0,0.0
2023-10-05 00:00:00-04:00,41.68000030517578,42.529998779296875,41.66999816894531,42.45000076293945,5200,0.0,0.0,0.0
2023-10-06 00:00:00-04:00,41.939998626708984,43.459999084472656,41.939998626708984,43.13999938964844,8900,0.0,0.0,0.0
2023-10-09 00:00:00-04:00,42.45000076293945,43.2400016784668,42.31999969482422,43.130001068115234,44000,0.0,0.0,0.0
2023-10-10 00:00:00-04:00,43.310001373291016,44.310001373291016,43.310001373291016,43.81999969482422,34300,0.0,0.0,0.0
2023-10-11 00:00:00-04:00,44.09000015258789,44.31999969482422,43.34000015258789,43.90999984741211,36700,0.0,0.0,0.0
2023-10-12 00:00:00-04:00,43.630001068115234,43.90999984741211,42.81999969482422,43.33000183105469,217600,0.0,0.0,0.0
2023-10-13 00:00:00-04:00,43.880001068115234,44.630001068115234,43.18000030517578,43.41999816894531,18500,0.0,0.0,0.0
2023-10-16 00:00:00-04:00,44.150001525878906,44.810001373291016,43.959999084472656,44.349998474121094,37700,0.0,0.0,0.0
2023-10-17 00:00:00-04:00,43.91999816894531,45.2599983215332,43.91999816894531,44.689998626708984,24600,0.0,0.0,0.0
2023-10-18 00:00:00-04:00,44.27000045776367,44.400001525878906,43.130001068115234,43.25,20800,0.0,0.0,0.0
2023-10-19 00:00:00-04:00,42.97999954223633,43.5,42.189998626708984,42.20000076293945,20600,0.0,0.0,0.0
2023-10-20 00:00:00-04:00,41.900001525878906,42.15999984741211,40.810001373291016,40.810001373291016,55800,0.0,0.0,0.0
2023-10-23 00:00:00-04:00,40.52000045776367,41.13999938964844,40.22999954223633,40.22999954223633,24400,0.0,0.0,0.0
2023-10-24 00:00:00-04:00,40.72999954223633,41.02000045776367,40.43000030517578,40.84000015258789,14500,0.0,0.0,0.0
2023-10-25 00:00:00-04:00,40.56999969482422,40.90999984741211,40.34000015258789,40.56999969482422,15700,0.0,0.0,0.0
2023-10-26 00:00:00-04:00,40.2400016784668,41.040000915527344,40.2400016784668,40.31999969482422,19200,0.0,0.0,0.0
2023-10-27 00:00:00-04:00,40.220001220703125,40.220001220703125,38.630001068115234,38.91999816894531,54600,0.0,0.0,0.0
2023-10-30 00:00:00-04:00,39.310001373291016,40.349998474121094,39.310001373291016,40.16999816894531,53500,0.0,0.0,0.0
2023-10-31 00:00:00-04:00,40.47999954223633,41.11000061035156,40.400001525878906,41.06999969482422,7800,0.0,0.0,0.0
2023-11-01 00:00:00-04:00,41.279998779296875,41.869998931884766,41.099998474121094,41.619998931884766,21300,0.0,0.0,0.0
2023-11-02 00:00:00-04:00,42.25,43.61000061035156,42.25,43.540000915527344,33200,0.0,0.0,0.0
2023-11-03 00:00:00-04:00,44.349998474121094,45.099998474121094,44.349998474121094,44.77000045776367,60500,0.0,0.0,0.0
2023-11-06 00:00:00-05:00,45.02000045776367,45.02000045776367,43.97999954223633,44.45000076293945,16900,0.0,0.0,0.0
2023-11-07 00:00:00-05:00,44.11000061035156,44.38999938964844,44.060001373291016,44.2400016784668,10600,0.0,0.0,0.0
2023-11-08 00:00:00-05:00,44.220001220703125,44.439998626708984,43.970001220703125,44.349998474121094,11200,0.0,0.0,0.0
2023-11-09 00:00:00-05:00,44.56999969482422,44.709999084472656,43.88999938964844,43.939998626708984,29100,0.0,0.0,0.0
2023-11-10 00:00:00-05:00,44.2599983215332,45.0,43.95000076293945,44.959999084472656,29000,0.0,0.0,0.0
2023-11-13 00:00:00-05:00,44.45000076293945,45.060001373291016,44.45000076293945,44.77000045776367,12400,0.0,0.0,0.0
2023-11-14 00:00:00-05:00,45.880001068115234,47.0099983215332,45.86000061035156,46.58000183105469,62600,0.0,0.0,0.0
2023-11-15 00:00:00-05:00,46.79999923706055,47.29999923706055,46.75,47.13999938964844,20500,0.0,0.0,0.0
2023-11-16 00:00:00-05:00,46.939998626708984,47.41999816894531,46.939998626708984,47.33000183105469,50900,0.0,0.0,0.0
2023-11-17 00:00:00-05:00,47.779998779296875,47.880001068115234,47.630001068115234,47.880001068115234,17300,0.0,0.0,0.0
2023-11-20 00:00:00-05:00,47.70000076293945,48.369998931884766,47.650001525878906,48.130001068115234,50100,0.0,0.0,0.0
2023-11-21 00:00:00-05:00,47.95000076293945,48.38999938964844,47.95000076293945,48.11000061035156,36800,0.0,0.0,0.0
2023-11-22 00:00:00-05:00,48.31999969482422,48.66999816894531,48.31999969482422,48.52000045776367,40500,0.0,0.0,0.0
2023-11-24 00:00:00-05:00,48.779998779296875,48.95000076293945,48.650001525878906,48.77000045776367,7700,0.0,0.0,0.0
2023-11-27 00:00:00-05:00,48.349998474121094,48.58000183105469,48.29999923706055,48.529998779296875,13600,0.0,0.0,0.0
2023-11-28 00:00:00-05:00,48.33000183105469,48.7599983215332,48.310001373291016,48.43000030517578,13800,0.0,0.0,0.0
2023-11-29 00:00:00-05:00,48.720001220703125,49.65999984741211,48.720001220703125,49.060001373291016,49000,0.0,0.0,0.0
2023-11-30 00:00:00-05:00,49.119998931884766,50.18000030517578,49.060001373291016,50.18000030517578,21400,0.0,0.0,0.0
2023-12-01 00:00:00-05:00,50.099998474121094,51.0099983215332,50.029998779296875,50.900001525878906,29500,0.0,0.0,0.0
2023-12-04 00:00:00-05:00,50.2400016784668,51.18000030517578,50.2400016784668,50.810001373291016,58900,0.0,0.0,0.0
2023-12-05 00:00:00-05:00,50.130001068115234,50.5,49.880001068115234,50.310001373291016,29800,0.0,0.0,0.0
2023-12-06 00:00:00-05:00,50.97999954223633,51.20000076293945,49.689998626708984,49.81999969482422,26300,0.0,0.0,0.0
2023-12-07 00:00:00-05:00,50.040000915527344,50.2599983215332,49.900001525878906,50.189998626708984,14700,0.0,0.0,0.0
2023-12-08 00:00:00-05:00,49.9900016784668,50.779998779296875,49.9900016784668,50.66999816894531,10100,0.0,0.0,0.0
2023-12-11 00:00:00-05:00,50.779998779296875,51.5,50.779998779296875,51.349998474121094,19800,0.0,0.0,0.0
2023-12-12 00:00:00-05:00,51.41999816894531,52.099998474121094,51.400001525878906,52.099998474121094,16600,0.0,0.0,0.0
2023-12-13 00:00:00-05:00,52.04999923706055,53.810001373291016,52.040000915527344,53.77000045776367,78500,0.0,0.0,0.0
2023-12-14 00:00:00-05:00,54.56999969482422,55.13999938964844,54.27000045776367,54.849998474121094,96400,0.0,0.0,0.0
2023-12-15 00:00:00-05:00,54.13999938964844,54.349998474121094,53.709999084472656,54.13999938964844,29600,0.0,0.0,0.0
2023-12-18 00:00:00-05:00,54.81999969482422,54.81999969482422,54.400001525878906,54.45000076293945,18500,0.0,0.0,0.0
2023-12-19 00:00:00-05:00,54.380001068115234,55.29999923706055,54.380001068115234,55.22999954223633,14100,0.0,0.0,0.0
2023-12-20 00:00:00-05:00,54.849998474121094,55.060001373291016,53.209999084472656,53.25,32900,0.0,0.0,0.0
2023-12-21 00:00:00-05:00,53.900001525878906,54.18000030517578,53.20000076293945,54.18000030517578,24700,0.0,0.0,0.0
2023-12-22 00:00:00-05:00,54.25,54.77000045776367,54.029998779296875,54.33000183105469,20600,0.0,0.0,0.0
2023-12-26 00:00:00-05:00,54.31999969482422,54.959999084472656,54.31999969482422,54.709999084472656,21000,0.0,0.0,0.0
2023-12-27 00:00:00-05:00,54.560001373291016,55.13999938964844,54.560001373291016,55.0099983215332,35300,0.0,0.0,0.0
2023-12-28 00:00:00-05:00,55.13999938964844,55.619998931884766,55.09000015258789,55.45000076293945,59200,0.0,0.0,0.0
2023-12-29 00:00:00-05:00,55.41999816894531,55.54999923706055,54.75,55.20000076293945,37200,0.0,0.0,0.0
2024-01-02 00:00:00-05:00,54.33000183105469,55.52000045776367,54.33000183105469,55.4900016784668,40200,0.0,0.0,0.0
2024-01-03 00:00:00-05:00,55.040000915527344,55.150001525878906,54.43000030517578,54.59000015258789,85200,0.0,0.0,0.0
2024-01-04 00:00:00-05:00,54.65999984741211,55.81999969482422,54.65999984741211,54.95000076293945,51400,0.0,0.0,0.0
2024-01-05 00:00:00-05:00,55.189998626708984,56.0,54.939998626708984,55.54999923706055,157800,0.0,0.0,0.0
2024-01-08 00:00:00-05:00,55.40999984741211,56.220001220703125,54.97999954223633,56.119998931884766,64100,0.0,0.0,0.0
2024-01-09 00:00:00-05:00,55.650001525878906,55.650001525878906,55.09000015258789,55.400001525878906,19300,0.0,0.0,0.0
2024-01-10 00:00:00-05:00,55.27000045776367,55.68000030517578,54.95000076293945,55.56999969482422,31600,0.0,0.0,0.0
2024-01-11 00:00:00-05:00,55.27000045776367,55.560001373291016,54.31999969482422,55.150001525878906,50300,0.0,0.0,0.0
2024-01-12 00:00:00-05:00,55.619998931884766,55.84000015258789,54.5,54.880001068115234,48700,0.0,0.0,0.0
2024-01-16 00:00:00-05:00,54.0,54.29999923706055,53.58000183105469,54.040000915527344,89300,0.0,0.0,0.0
2024-01-17 00:00:00-05:00,53.31999969482422,54.34000015258789,53.150001525878906,53.7400016784668,58400,0.0,0.0,0.0
2024-01-18 00:00:00-05:00,53.709999084472656,54.09000015258789,53.0,53.9900016784668,33500,0.0,0.0,0.0
2024-01-19 00:00:00-05:00,54.45000076293945,55.91999816894531,54.16999816894531,55.7599983215332,37400,0.0,0.0,0.0
2024-01-22 00:00:00-05:00,56.16999816894531,56.790000915527344,56.130001068115234,56.22999954223633,26200,0.0,0.0,0.0
2024-01-23 00:00:00-05:00,56.13999938964844,56.5099983215332,56.04999923706055,56.400001525878906,20900,0.0,0.0,0.0
2024-01-24 00:00:00-05:00,57.09000015258789,57.470001220703125,56.849998474121094,56.88999938964844,41900,0.0,0.0,0.0
2024-01-25 00:00:00-05:00,57.25,57.4900016784668,56.72999954223633,57.459999084472656,46800,0.0,0.0,0.0
2024-01-26 00:00:00-05:00,57.25,58.0,57.029998779296875,57.79999923706055,21000,0.0,0.0,0.0
2024-01-29 00:00:00-05:00,57.58000183105469,58.189998626708984,57.22999954223633,58.189998626708984,23500,0.0,0.0,0.0
2024-01-30 00:00:00-05:00,58.119998931884766,59.650001525878906,58.119998931884766,59.529998779296875,40600,0.0,0.0,0.0
2024-01-31 00:00:00-05:00,59.310001373291016,60.15999984741211,58.099998474121094,58.099998474121094,52700,0.0,0.0,0.0
2024-02-01 00:00:00-05:00,57.95000076293945,58.27000045776367,56.65999984741211,58.209999084472656,72800,0.0,0.0,0.0
2024-02-02 00:00:00-05:00,58.06999969482422,59.2599983215332,57.91999816894531,58.83000183105469,50900,0.0,0.0,0.0
2024-02-05 00:00:00-05:00,58.15999984741211,58.369998931884766,57.58000183105469,58.06999969482422,38200,0.0,0.0,0.0
2024-02-06 00:00:00-05:00,57.88999938964844,58.43000030517578,57.88999938964844,58.349998474121094,62700,0.0,0.0,0.0
2024-02-07 00:00:00-05:00,58.77000045776367,59.2599983215332,58.4900016784668,59.11000061035156,17800,0.0,0.0,0.0
2024-02-08 00:00:00-05:00,58.689998626708984,59.0,57.90999984741211,58.54999923706055,36600,0.0,0.0,0.0
2024-02-09 00:00:00-05:00,58.43000030517578,58.959999084472656,58.27000045776367,58.959999084472656,17400,0.0,0.0,0.0
2024-02-12 00:00:00-05:00,58.970001220703125,59.90999984741211,58.77000045776367,59.380001068115234,22900,0.0,0.0,0.0
2024-02-13 00:00:00-05:00,58.470001220703125,58.470001220703125,56.95000076293945,57.790000915527344,80000,0.0,0.0,0.0
2024-02-14 00:00:00-05:00,58.349998474121094,58.95000076293945,58.18000030517578,58.95000076293945,34600,0.0,0.0,0.0
2024-02-15 00:00:00-05:00,59.59000015258789,61.09000015258789,59.59000015258789,60.83000183105469,60000,0.0,0.0,0.0
2024-02-16 00:00:00-05:00,60.470001220703125,61.0,60.33000183105469,60.4900016784668,19400,0.0,0.0,0.0
2024-02-20 00:00:00-05:00,59.689998626708984,60.459999084472656,59.689998626708984,60.0099983215332,23000,0.0,0.0,0.0
2024-02-21 00:00:00-05:00,59.70000076293945,60.380001068115234,59.61000061035156,60.380001068115234,12300,0.0,0.0,0.0
2024-02-22 00:00:00-05:00,60.9900016784668,62.25,60.9900016784668,61.95000076293945,169000,0.0,0.0,0.0
2024-02-23 00:00:00-05:00,62.41999816894531,62.970001220703125,62.310001373291016,62.459999084472656,29500,0.0,0.0,0.0
2024-02-26 00:00:00-05:00,62.27000045776367,63.189998626708984,61.70000076293945,61.7599983215332,52500,0.0,0.0,0.0
2024-02-27 00:00:00-05:00,61.93000030517578,62.119998931884766,61.36000061035156,62.119998931884766,14300,0.0,0.0,0.0
2024-02-28 00:00:00-05:00,61.630001068115234,62.970001220703125,61.630001068115234,62.61000061035156,21900,0.0,0.0,0.0
2024-02-29 00:00:00-05:00,62.75,63.0,62.04999923706055,62.29999923706055,20400,0.0,0.0,0.0
2024-03-01 00:00:00-05:00,62.119998931884766,62.75,61.959999084472656,62.29999923706055,26600,0.0,0.0,0.0
2024-03-04 00:00:00-05:00,61.72999954223633,63.0099983215332,61.72999954223633,62.59000015258789,99500,0.0,0.0,0.0
2024-03-05 00:00:00-05:00,62.08000183105469,63.290000915527344,62.08000183105469,62.720001220703125,49400,0.0,0.0,0.0
2024-03-06 00:00:00-05:00,62.810001373291016,63.619998931884766,62.41999816894531,63.189998626708984,40500,0.0,0.0,0.0
2024-03-07 00:00:00-05:00,63.720001220703125,63.95000076293945,62.709999084472656,62.959999084472656,13700,0.0,0.0,0.0
2024-03-08 00:00:00-05:00,62.959999084472656,63.75,62.959999084472656,63.25,17500,0.0,0.0,0.0
2024-03-11 00:00:00-04:00,62.9900016784668,63.56999969482422,62.61000061035156,63.5099983215332,15400,0.0,0.0,0.0
2024-03-12 00:00:00-04:00,63.56999969482422,64.33999633789062,63.540000915527344,64.0199966430664,18100,0.0,0.0,0.0
2024-03-13 00:00:00-04:00,63.9900016784668,64.94999694824219,63.9900016784668,64.7699966430664,24200,0.0,0.0,0.0
2024-03-14 00:00:00-04:00,64.7300033569336,65.0,63.189998626708984,63.869998931884766,21000,0.0,0.0,0.0
2024-03-15 00:00:00-04:00,62.93000030517578,64.27999877929688,62.93000030517578,63.790000915527344,27200,0.0,0.0,0.0
2024-03-18 00:00:00-04:00,64.16999816894531,64.56999969482422,63.849998474121094,64.37000274658203,8600,0.0,0.0,0.0
2024-03-19 00:00:00-04:00,64.4000015258789,65.0999984741211,64.4000015258789,65.0,13600,0.0,0.0,0.0
2024-03-20 00:00:00-04:00,64.7300033569336,66.66000366210938,64.72000122070312,66.52999877929688,40100,0.0,0.0,0.0
2024-03-21 00:00:00-04:00,66.88999938964844,67.91999816894531,66.88999938964844,67.62000274658203,26900,0.0,0.0,0.0
2024-03-22 00:00:00-04:00,67.58000183105469,68.08999633789062,65.9800033569336,65.9800033569336,20900,0.0,0.0,0.0
2024-03-25 00:00:00-04:00,65.70999908447266,66.13999938964844,65.55000305175781,65.68000030517578,7700,0.0,0.0,0.0
2024-03-26 00:00:00-04:00,66.16000366210938,66.33999633789062,65.9000015258789,65.97000122070312,18800,0.0,0.0,0.0
2024-03-27 00:00:00-04:00,66.44999694824219,67.4800033569336,66.30000305175781,67.4800033569336,18800,0.0,0.0,0.0
2024-03-28 00:00:00-04:00,67.62999725341797,68.5,67.55999755859375,68.31999969482422,25100,0.0,0.0,0.0
2024-04-01 00:00:00-04:00,68.18000030517578,68.31999969482422,67.19000244140625,67.33999633789062,43400,0.0,0.0,0.0
2024-04-02 00:00:00-04:00,66.83999633789062,67.16000366210938,66.54000091552734,66.75,15000,0.0,0.0,0.0
2024-04-03 00:00:00-04:00,66.95999908447266,67.55999755859375,66.27999877929688,66.5999984741211,47200,0.0,0.0,0.0
2024-04-04 00:00:00-04:00,67.4800033569336,67.91000366210938,65.0,65.19000244140625,54300,0.0,0.0,0.0
2024-04-05 00:00:00-04:00,65.30999755859375,66.5999984741211,65.30999755859375,66.31999969482422,32000,0.0,0.0,0.0
2024-04-08 00:00:00-04:00,66.16000366210938,67.11000061035156,66.16000366210938,66.83999633789062,16800,0.0,0.0,0.0
2024-04-09 00:00:00-04:00,67.01000213623047,67.01000213623047,65.11000061035156,66.0999984741211,22400,0.0,0.0,0.0
2024-04-10 00:00:00-04:00,65.0,65.2699966430664,63.779998779296875,64.06999969482422,27300,0.0,0.0,0.0
2024-04-11 00:00:00-04:00,63.7400016784668,64.12999725341797,62.880001068115234,63.36000061035156,13600,0.0,0.0,0.0
2024-04-12 00:00:00-04:00,62.25,62.72999954223633,61.15999984741211,61.470001220703125,38200,0.0,0.0,0.0
2024-04-15 00:00:00-04:00,62.779998779296875,63.4900016784668,60.540000915527344,60.79999923706055,64800,0.0,0.0,0.0
2024-04-16 00:00:00-04:00,60.939998626708984,61.130001068115234,59.88999938964844,60.060001373291016,36900,0.0,0.0,0.0
2024-04-17 00:00:00-04:00,60.369998931884766,60.90999984741211,59.86000061035156,60.29999923706055,19200,0.0,0.0,0.0
2024-04-18 00:00:00-04:00,60.95000076293945,61.65999984741211,60.58000183105469,60.75,12200,0.0,0.0,0.0
2024-04-19 00:00:00-04:00,61.16999816894531,62.439998626708984,61.16999816894531,62.439998626708984,21800,0.0,0.0,0.0
2024-04-22 00:00:00-04:00,63.099998474121094,64.56999969482422,62.7400016784668,63.880001068115234,14900,0.0,0.0,0.0
2024-04-23 00:00:00-04:00,64.58000183105469,64.8499984741211,64.2699966430664,64.73999786376953,9900,0.0,0.0,0.0
2024-04-24 00:00:00-04:00,64.3499984741211,64.73999786376953,64.11000061035156,64.72000122070312,14300,0.0,0.0,0.0
2024-04-25 00:00:00-04:00,63.93000030517578,64.0999984741211,62.790000915527344,63.81999969482422,24800,0.0,0.0,0.0
2024-04-26 00:00:00-04:00,64.0199966430664,64.30000305175781,63.459999084472656,63.650001525878906,12800,0.0,0.0,0.0
2024-04-29 00:00:00-04:00,63.61000061035156,64.02999877929688,63.0,63.41999816894531,19700,0.0,0.0,0.0
2024-04-30 00:00:00-04:00,62.97999954223633,63.380001068115234,62.209999084472656,62.220001220703125,11300,0.0,0.0,0.0
2024-05-01 00:00:00-04:00,62.04999923706055,63.41999816894531,62.04999923706055,62.150001525878906,16900,0.0,0.0,0.0
2024-05-02 00:00:00-04:00,62.29999923706055,62.66999816894531,61.790000915527344,62.439998626708984,11300,0.0,0.0,0.0
2024-05-03 00:00:00-04:00,62.93000030517578,63.099998474121094,62.31999969482422,62.790000915527344,16500,0.0,0.0,0.0
2024-05-06 00:00:00-04:00,63.54999923706055,64.27999877929688,63.54999923706055,64.26000213623047,15500,0.0,0.0,0.0
2024-05-07 00:00:00-04:00,64.77999877929688,64.98999786376953,64.61000061035156,64.72000122070312,11500,0.0,0.0,0.0
2024-05-08 00:00:00-04:00,64.19999694824219,65.3499984741211,64.19999694824219,65.25,12500,0.0,0.0,0.0
2024-05-09 00:00:00-04:00,64.80999755859375,66.11000061035156,64.80999755859375,66.0999984741211,5000,0.0,0.0,0.0
2024-05-10 00:00:00-04:00,66.51000213623047,66.8499984741211,66.51000213623047,66.69000244140625,13400,0.0,0.0,0.0
2024-05-13 00:00:00-04:00,66.88999938964844,67.08000183105469,66.19999694824219,66.19999694824219,11800,0.0,0.0,0.0
2024-05-14 00:00:00-04:00,66.08999633789062,66.80999755859375,66.08999633789062,66.70999908447266,7800,0.0,0.0,0.0
2024-05-15 00:00:00-04:00,67.01000213623047,67.80000305175781,67.01000213623047,67.66000366210938,6700,0.0,0.0,0.0
2024-05-16 00:00:00-04:00,67.98999786376953,68.30999755859375,67.70999908447266,67.70999908447266,12200,0.0,0.0,0.0
2024-05-17 00:00:00-04:00,67.69000244140625,68.54000091552734,67.69000244140625,68.54000091552734,10600,0.0,0.0,0.0
2024-05-20 00:00:00-04:00,68.23999786376953,68.31999969482422,66.87000274658203,66.87000274658203,14300,0.0,0.0,0.0
2024-05-21 00:00:00-04:00,67.12999725341797,67.68000030517578,67.12999725341797,67.68000030517578,45700,0.0,0.0,0.0
2024-05-22 00:00:00-04:00,67.08000183105469,67.87000274658203,66.61000061035156,66.8499984741211,17100,0.0,0.0,0.0
2024-05-23 00:00:00-04:00,66.69000244140625,66.69000244140625,64.5,64.91999816894531,23700,0.0,0.0,0.0
2024-05-24 00:00:00-04:00,64.94999694824219,65.68000030517578,64.94999694824219,65.66999816894531,6000,0.0,0.0,0.0
2024-05-28 00:00:00-04:00,65.3499984741211,65.36000061035156,63.959999084472656,64.2300033569336,8500,0.0,0.0,0.0
2024-05-29 00:00:00-04:00,63.029998779296875,63.400001525878906,63.0,63.119998931884766,12000,0.0,0.0,0.0
2024-05-30 00:00:00-04:00,63.34000015258789,64.06999969482422,63.25,63.619998931884766,20500,0.0,0.0,0.0
2024-05-31 00:00:00-04:00,64.0,65.7699966430664,63.75,65.6500015258789,6900,0.0,0.0,0.0
2024-06-03 00:00:00-04:00,65.54000091552734,65.54000091552734,63.880001068115234,64.9000015258789,9400,0.0,0.0,0.0
2024-06-04 00:00:00-04:00,64.06999969482422,64.4800033569336,63.880001068115234,64.33000183105469,5700,0.0,0.0,0.0
2024-06-05 00:00:00-04:00,63.880001068115234,64.58000183105469,63.880001068115234,64.55999755859375,5500,0.0,0.0,0.0
2024-06-06 00:00:00-04:00,64.6500015258789,65.05999755859375,64.12999725341797,64.55000305175781,3900,0.0,0.0,0.0
2024-06-07 00:00:00-04:00,64.3499984741211,65.5999984741211,64.3499984741211,65.05000305175781,17000,0.0,0.0,0.0
2024-06-10 00:00:00-04:00,64.93000030517578,64.93000030517578,64.19000244140625,64.62999725341797,5000,0.0,0.0,0.0
2024-06-11 00:00:00-04:00,63.75,63.75,62.70000076293945,62.959999084472656,6400,0.0,0.0,0.0
2024-06-12 00:00:00-04:00,64.69999694824219,64.69999694824219,63.09000015258789,63.13999938964844,8100,0.0,0.0,0.0
2024-06-13 00:00:00-04:00,63.310001373291016,63.310001373291016,62.040000915527344,62.869998931884766,13300,0.0,0.0,0.0
2024-06-14 00:00:00-04:00,61.900001525878906,62.540000915527344,61.52000045776367,62.5,14800,0.0,0.0,0.0
2024-06-17 00:00:00-04:00,62.400001525878906,63.5099983215332,62.2400016784668,63.5099983215332,8900,0.0,0.0,0.0
2024-06-18 00:00:00-04:00,63.63999938964844,64.2699966430664,63.560001373291016,64.19000244140625,13200,0.0,0.0,0.0
2024-06-20 00:00:00-04:00,64.31999969482422,65.25,63.90999984741211,64.87999725341797,15100,0.0,0.0,0.0
2024-06-21 00:00:00-04:00,64.73999786376953,64.73999786376953,63.84000015258789,64.4800033569336,15100,0.0,0.0,0.0
2024-06-24 00:00:00-04:00,64.93000030517578,66.30000305175781,64.93000030517578,65.80000305175781,18100,0.0,0.0,0.0
2024-06-25 00:00:00-04:00,65.33999633789062,65.8499984741211,64.54000091552734,64.54000091552734,13100,0.0,0.0,0.0
2024-06-26 00:00:00-04:00,63.869998931884766,64.13999938964844,63.220001220703125,64.13999938964844,20100,0.0,0.0,0.0
2024-06-27 00:00:00-04:00,63.560001373291016,63.779998779296875,63.119998931884766,63.56999969482422,10600,0.0,0.0,0.0
2024-06-28 00:00:00-04:00,63.689998626708984,64.44000244140625,63.65999984741211,63.9900016784668,7700,0.0,0.0,0.0
2024-07-01 00:00:00-04:00,64.36000061035156,65.16999816894531,63.84000015258789,64.26000213623047,19000,0.0,0.0,0.0
2024-07-02 00:00:00-04:00,63.869998931884766,65.79000091552734,63.869998931884766,65.79000091552734,18300,0.0,0.0,0.0
2024-07-03 00:00:00-04:00,66.01000213623047,66.01000213623047,65.33000183105469,65.41999816894531,9700,0.0,0.0,0.0
2024-07-05 00:00:00-04:00,65.29000091552734,65.29000091552734,64.73999786376953,65.16999816894531,11000,0.0,0.0,0.0
2024-07-08 00:00:00-04:00,65.20999908447266,66.13999938964844,64.91000366210938,64.94999694824219,11500,0.0,0.0,0.0
2024-07-09 00:00:00-04:00,64.91999816894531,66.70999908447266,64.91999816894531,65.83999633789062,9200,0.0,0.0,0.0
2024-07-10 00:00:00-04:00,65.25,66.29000091552734,65.25,66.29000091552734,10800,0.0,0.0,0.0
2024-07-11 00:00:00-04:00,66.94999694824219,67.54000091552734,66.16000366210938,67.5199966430664,11800,0.0,0.0,0.0
2024-07-12 00:00:00-04:00,67.4800033569336,68.3499984741211,67.0,67.77999877929688,30500,0.0,0.0,0.0
2024-07-15 00:00:00-04:00,68.26000213623047,69.94999694824219,68.26000213623047,69.94999694824219,58600,0.0,0.0,0.0
2024-07-16 00:00:00-04:00,70.01000213623047,71.30000305175781,70.0,71.29000091552734,61600,0.0,0.0,0.0
2024-07-17 00:00:00-04:00,71.0999984741211,72.62999725341797,70.63999938964844,72.62999725341797,53300,0.0,0.0,0.0
2024-07-18 00:00:00-04:00,72.04000091552734,73.33999633789062,70.41000366210938,70.56999969482422,45700,0.0,0.0,0.0
2024-07-19 00:00:00-04:00,70.41000366210938,70.41000366210938,69.13999938964844,69.36000061035156,11300,0.0,0.0,0.0
2024-07-22 00:00:00-04:00,69.33999633789062,70.13999938964844,68.94999694824219,70.04000091552734,26800,0.0,0.0,0.0
2024-07-23 00:00:00-04:00,70.23999786376953,70.73999786376953,70.12999725341797,70.12999725341797,10100,0.0,0.0,0.0
2024-07-24 00:00:00-04:00,69.0,69.63999938964844,68.38999938964844,68.43000030517578,16100,0.0,0.0,0.0
2024-07-25 00:00:00-04:00,68.58999633789062,70.80000305175781,68.58999633789062,68.94000244140625,30700,0.0,0.0,0.0
2024-07-26 00:00:00-04:00,69.43000030517578,71.2300033569336,69.43000030517578,70.9000015258789,17000,0.0,0.0,0.0
2024-07-29 00:00:00-04:00,71.01000213623047,71.01000213623047,70.01000213623047,70.55000305175781,16900,0.0,0.0,0.0
2024-07-30 00:00:00-04:00,71.16999816894531,72.5999984741211,71.16999816894531,72.19000244140625,19700,0.0,0.0,0.0
2024-07-31 00:00:00-04:00,72.9800033569336,73.05999755859375,71.93000030517578,71.93000030517578,65600,0.0,0.0,0.0
2024-08-01 00:00:00-04:00,72.41000366210938,72.41999816894531,69.37000274658203,69.9000015258789,82300,0.0,0.0,0.0
2024-08-02 00:00:00-04:00,68.41999816894531,68.41999816894531,65.62000274658203,66.41999816894531,39500,0.0,0.0,0.0
2024-08-05 00:00:00-04:00,63.5,63.790000915527344,62.220001220703125,62.720001220703125,58000,0.0,0.0,0.0
2024-08-06 00:00:00-04:00,62.959999084472656,66.01000213623047,62.959999084472656,64.37999725341797,30100,0.0,0.0,0.0
2024-08-07 00:00:00-04:00,65.95999908447266,66.88999938964844,64.5199966430664,64.5199966430664,24600,0.0,0.0,0.0
2024-08-08 00:00:00-04:00,65.2699966430664,66.88999938964844,65.2699966430664,66.6500015258789,19400,0.0,0.0,0.0
2024-08-09 00:00:00-04:00,66.69000244140625,67.43000030517578,66.69000244140625,67.19999694824219,6400,0.0,0.0,0.0
2024-08-12 00:00:00-04:00,67.54000091552734,67.77999877929688,66.33000183105469,66.54000091552734,8700,0.0,0.0,0.0
2024-08-13 00:00:00-04:00,67.37000274658203,67.75,66.5,67.75,12700,0.0,0.0,0.0
2024-08-14 00:00:00-04:00,67.9000015258789,69.5199966430664,67.9000015258789,69.43000030517578,14700,0.0,0.0,0.0
2024-08-15 00:00:00-04:00,70.77999877929688,71.3499984741211,70.23999786376953,70.72000122070312,22100,0.0,0.0,0.0
2024-08-16 00:00:00-04:00,70.54000091552734,71.58000183105469,70.54000091552734,71.58000183105469,9800,0.0,0.0,0.0
2024-08-19 00:00:00-04:00,71.51000213623047,72.33999633789062,71.51000213623047,72.33000183105469,12000,0.0,0.0,0.0
2024-08-20 00:00:00-04:00,72.2699966430664,72.27999877929688,71.72000122070312,71.79000091552734,15500,0.0,0.0,0.0
2024-08-21 00:00:00-04:00,72.0,72.0,70.94000244140625,71.62999725341797,22500,0.0,0.0,0.0
2024-08-22 00:00:00-04:00,71.79000091552734,72.36000061035156,71.75,72.19000244140625,18500,0.0,0.0,0.0
2024-08-23 00:00:00-04:00,72.66999816894531,74.0,72.55000305175781,73.68000030517578,24000,0.0,0.0,0.0
2024-08-26 00:00:00-04:00,74.18000030517578,74.87000274658203,73.87000274658203,74.18000030517578,36400,0.0,0.0,0.0
2024-08-27 00:00:00-04:00,74.0,74.88999938964844,74.0,74.7699966430664,14400,0.0,0.0,0.0
2024-08-28 00:00:00-04:00,74.48999786376953,76.02999877929688,74.36000061035156,75.19000244140625,90800,0.0,0.0,0.0
2024-08-29 00:00:00-04:00,75.91999816894531,77.02999877929688,74.80000305175781,76.55999755859375,53900,0.0,0.0,0.0
2024-08-30 00:00:00-04:00,76.95999908447266,78.08000183105469,76.33999633789062,77.9000015258789,31500,0.0,0.0,0.0
2024-09-03 00:00:00-04:00,77.36000061035156,78.19999694824219,76.22000122070312,76.77999877929688,58000,0.0,0.0,0.0
2024-09-04 00:00:00-04:00,76.94999694824219,77.79000091552734,76.2699966430664,76.91000366210938,22700,0.0,0.0,0.0
2024-09-05 00:00:00-04:00,77.33999633789062,77.61000061035156,74.62999725341797,75.36000061035156,36200,0.0,0.0,0.0
2024-09-06 00:00:00-04:00,75.2300033569336,75.9000015258789,72.77999877929688,72.98999786376953,28300,0.0,0.0,0.0
