Date,Open,High,Low,Close,Volume,Dividends,Stock Splits
2008-07-01 00:00:00+09:00,7903.687959558823,8397.66845703125,6718.134765625,6718.134765625,852200,0.0,0.0
2008-07-02 00:00:00+09:00,5730.173828125,5730.173828125,5730.173828125,5730.173828125,100600,0.0,0.0
2008-07-03 00:00:00+09:00,4890.40673828125,4890.40673828125,4890.40673828125,4890.40673828125,23600,0.0,0.0
2008-07-04 00:00:00+09:00,4475.463337643046,4920.045788402289,4164.255622111576,4208.7138671875,2514000,0.0,0.0
2008-07-07 00:00:00+09:00,4223.532874065897,4559.43958217874,4208.7134604726825,4317.38916015625,707400,0.0,0.0
2008-07-08 00:00:00+09:00,4440.884518577939,4569.319443475632,3670.2749691917784,3734.492431640625,440000,0.0,0.0
2008-07-09 00:00:00+09:00,3833.2886603860293,3961.72358972886,3546.779971852022,3694.97412109375,397200,0.0,0.0
2008-07-10 00:00:00+09:00,3596.1781816952393,3867.867467400237,3186.174350540425,3709.793701171875,224600,0.0,0.0
2008-07-11 00:00:00+09:00,3744.3722276035633,4263.0517578125,3744.3722276035633,4263.0517578125,453000,0.0,0.0
2008-07-14 00:00:00+09:00,4544.620576746323,4757.032190659466,4312.449742934283,4366.78759765625,1114200,0.0,0.0
2008-07-15 00:00:00+09:00,4431.005419755981,4559.440359459053,4070.3996275127406,4361.84814453125,267600,0.0,0.0
2008-07-16 00:00:00+09:00,4554.500454125616,5013.90234375,4426.065517241379,5013.90234375,2439400,0.0,0.0
2008-07-17 00:00:00+09:00,5285.591105317865,5754.87255859375,5013.901842894984,5754.87255859375,1975400,0.0,0.0
2008-07-18 00:00:00+09:00,5927.765961423445,6224.154259494618,5112.698141727721,5162.09619140625,1440600,0.0,0.0
2008-07-21 00:00:00+09:00,5359.688527425131,5927.76611328125,5260.892425537109,5927.76611328125,1518200,0.0,0.0
2008-07-22 00:00:00+09:00,6125.358017743644,6446.445333189884,5656.076556706833,5828.9697265625,2262000,0.0,0.0
2008-07-23 00:00:00+09:00,6051.261345358456,6298.251604352678,5804.271086364233,5878.3681640625,932800,0.0,0.0
2008-07-24 00:00:00+09:00,6125.358449835526,6125.358449835526,5557.280851665296,5631.3779296875,494200,0.0,0.0
2008-07-25 00:00:00+09:00,5507.88243298282,5581.9795060722745,5211.494140625,5211.494140625,299400,0.0,0.0
2008-07-28 00:00:00+09:00,5285.591513206846,5606.67884812128,5186.79541015625,5186.79541015625,288800,0.0,0.0
2008-07-29 00:00:00+09:00,5087.999272480547,5186.79537485881,4781.731355107931,4920.0458984375,362800,0.0,0.0
2008-07-30 00:00:00+09:00,5063.3001881261025,5260.89239058956,4900.28662109375,4900.28662109375,222000,0.0,0.0
2008-07-31 00:00:00+09:00,5013.901970976142,5013.901970976142,4584.138944892473,4594.0185546875,173400,0.0,0.0
2008-08-01 00:00:00+09:00,4594.018529309056,4900.286431262994,4554.500090347258,4752.09228515625,174800,0.0,0.0
2008-08-04 00:00:00+09:00,4816.310071443257,5038.601305509868,4692.81494140625,4692.81494140625,148600,0.0,0.0
2008-08-05 00:00:00+09:00,4766.911785771045,4865.70788495801,4598.958417153205,4613.77783203125,59000,0.0,0.0
2008-08-06 00:00:00+09:00,4742.212500000001,4781.7309375,4426.0650000000005,4445.82421875,117400,0.0,0.0
2008-08-07 00:00:00+09:00,4470.5232421875,5038.60078125,4347.028125,4816.3095703125,588800,0.0,0.0
2008-08-08 00:00:00+09:00,4816.309806871118,4890.406880822981,4603.898194875776,4771.8515625,206800,0.0,0.0
2008-08-11 00:00:00+09:00,4841.0090974506575,4865.708123458059,4648.356694592928,4692.81494140625,78000,0.0,0.0
2008-08-12 00:00:00+09:00,4737.2730007005775,4737.2730007005775,4544.62060546875,4544.62060546875,77400,0.0,0.0
2008-08-13 00:00:00+09:00,4450.76416015625,4519.921427905626,4445.824355317009,4450.76416015625,73600,0.0,0.0
2008-08-14 00:00:00+09:00,4450.7640234375,4692.814453125,4411.2455859375,4445.82421875,66600,0.0,0.0
2008-08-15 00:00:00+09:00,4445.82421875,4445.82421875,4445.82421875,4445.82421875,0,0.0,0.0
2008-08-18 00:00:00+09:00,4480.4033203125,4668.11591807642,4465.583904699559,4480.4033203125,77200,0.0,0.0
2008-08-19 00:00:00+09:00,4569.319790562602,4574.259595741589,4445.824661087938,4514.98193359375,59400,0.0,0.0
2008-08-20 00:00:00+09:00,4524.861286122312,4920.045677923387,4524.861286122312,4594.0185546875,287400,0.0,0.0
2008-08-21 00:00:00+09:00,4643.416506574454,4766.911626430157,4519.92138671875,4519.92138671875,82600,0.0,0.0
2008-08-22 00:00:00+09:00,4450.764168189079,4589.078703937464,4198.834120933093,4203.77392578125,88200,0.0,0.0
2008-08-25 00:00:00+09:00,4218.593404085091,4317.389502541416,4100.0380859375,4100.0380859375,48400,0.0,0.0
2008-08-26 00:00:00+09:00,4011.1215406514834,4114.857442564884,3986.422516386388,4080.27880859375,47800,0.0,0.0
2008-08-27 00:00:00+09:00,4080.2787413274523,4139.556398586446,4016.061279296875,4016.061279296875,36800,0.0,0.0
2008-08-28 00:00:00+09:00,4016.06145904541,4095.098338928223,3951.843994140625,3951.843994140625,60800,0.0,0.0
2008-08-29 00:00:00+09:00,3996.302143150378,3996.302143150378,3877.746826171875,3877.746826171875,65800,0.0,0.0
2008-09-01 00:00:00+09:00,3803.649905660878,3813.529515805452,3615.9373129139776,3635.696533203125,122800,0.0,0.0
2008-09-02 00:00:00+09:00,3665.3353736759404,3833.288746593706,3512.201416015625,3512.201416015625,67200,0.0,0.0
2008-09-03 00:00:00+09:00,3517.140982650162,3951.8438007305194,3517.140982650162,3803.649658203125,38400,0.0,0.0
2008-09-04 00:00:00+09:00,3828.348777430832,3946.9040944093354,3714.733265326433,3877.746826171875,27600,0.0,0.0
2008-09-05 00:00:00+09:00,3877.7467852271393,3951.8438575563205,3734.492445390723,3946.904052734375,16200,0.0,0.0
2008-09-08 00:00:00+09:00,3912.325350647349,4060.5194927173243,3912.325350647349,4006.181640625,22800,0.0,0.0
2008-09-09 00:00:00+09:00,4045.700405309696,4045.700405309696,3951.844107750619,3991.362548828125,36400,0.0,0.0
2008-09-10 00:00:00+09:00,3981.4828169445323,3981.4828169445323,3853.047887365676,3907.3857421875,36800,0.0,0.0
2008-09-11 00:00:00+09:00,3907.385585349357,3981.482657132214,3887.6263662072615,3937.0244140625,10000,0.0,0.0
2008-09-12 00:00:00+09:00,3951.844113372093,4050.6402162063955,3917.2654773800873,4035.82080078125,19800,0.0,0.0
2008-09-15 00:00:00+09:00,4035.82080078125,4035.82080078125,4035.82080078125,4035.82080078125,0,0.0,0.0
2008-09-16 00:00:00+09:00,3655.4556266568925,3897.5060668003894,3615.937187449791,3843.168212890625,27600,0.0,0.0
2008-09-17 00:00:00+09:00,3951.843994140625,4050.640093994141,3946.904189147949,3951.843994140625,19000,0.0,0.0
2008-09-18 00:00:00+09:00,3793.7701271186443,4297.63022212659,3783.890517412606,4080.27880859375,27800,0.0,0.0
2008-09-19 00:00:00+09:00,4450.764420534256,4450.764420534256,4109.917866686461,4159.31591796875,35600,0.0,0.0
2008-09-22 00:00:00+09:00,4198.8342880621185,4233.412923375571,3951.8440358231705,4050.64013671875,8800,0.0,0.0
2008-09-23 00:00:00+09:00,3907.385707096034,4045.7002454003186,3907.385707096034,4021.001220703125,8200,0.0,0.0
2008-09-24 00:00:00+09:00,3956.7838128796416,4080.278938125573,3951.8440078698045,4040.760498046875,46200,0.0,0.0
2008-09-25 00:00:00+09:00,4080.278901772576,4080.278901772576,3932.0847527977853,3986.422607421875,28200,0.0,0.0
2008-09-26 00:00:00+09:00,4016.0614892096796,4544.620627395947,3951.844023822563,4510.0419921875,143000,0.0,0.0
2008-09-29 00:00:00+09:00,4510.042094385901,5063.300270257994,4510.042094385901,4885.46728515625,154600,0.0,0.0
2008-09-30 00:00:00+09:00,4445.824437111802,4811.3700019409935,4445.824437111802,4771.8515625,48800,0.0,0.0
2008-10-01 00:00:00+09:00,4934.865060730908,5038.600962908435,4692.81462231668,4875.58740234375,109200,0.0,0.0
2008-10-02 00:00:00+09:00,4929.925176570391,4939.804786142677,4831.129080847538,4890.40673828125,34400,0.0,0.0
2008-10-03 00:00:00+09:00,4890.40673828125,4890.40673828125,4890.40673828125,4890.40673828125,0,0.0,0.0
2008-10-06 00:00:00+09:00,4890.406939634343,5186.795239006121,4717.5137650008055,4791.61083984375,87400,0.0,0.0
2008-10-07 00:00:00+09:00,4885.467192914207,4885.467192914207,4643.416745540298,4811.3701171875,46800,0.0,0.0
2008-10-08 00:00:00+09:00,4668.11565206137,4811.369994823042,4090.158476091867,4100.0380859375,43000,0.0,0.0
2008-10-09 00:00:00+09:00,4040.760509832974,4351.968226360453,4040.760509832974,4297.63037109375,32400,0.0,0.0
2008-10-10 00:00:00+09:00,4223.533190258977,4243.292409862528,3655.4556266568925,3843.168212890625,116600,0.0,0.0
2008-10-13 00:00:00+09:00,3951.8440090880104,4100.038159428811,3774.01102867905,3872.80712890625,53800,0.0,0.0
2008-10-14 00:00:00+09:00,4134.617047274127,4134.617047274127,4001.2423038136717,4085.218994140625,44600,0.0,0.0
2008-10-15 00:00:00+09:00,4080.2788644148477,4080.2788644148477,3927.1449118762757,3932.084716796875,23600,0.0,0.0
2008-10-16 00:00:00+09:00,3803.6500431941104,3902.4461482121396,3660.3956909179688,3853.048095703125,43800,0.0,0.0
2008-10-17 00:00:00+09:00,3951.844071203581,4095.0984187847107,3709.7936218423615,3724.613037109375,65200,0.0,0.0
2008-10-20 00:00:00+09:00,3862.927265625,3862.927265625,3186.1740234375,3457.86328125,114600,0.0,0.0
2008-10-21 00:00:00+09:00,3586.2983762826493,3843.1682324351254,3457.8634482064112,3640.63623046875,140600,0.0,0.0
2008-10-22 00:00:00+09:00,3571.4790832519534,3739.4324564615886,3373.8868794759114,3556.65966796875,74200,0.0,0.0
2008-10-23 00:00:00+09:00,3507.261328125,3556.659375,3260.27109375,3457.86328125,49400,0.0,0.0
2008-10-24 00:00:00+09:00,3359.067618422421,3596.1782738404745,2968.822998046875,2968.822998046875,121600,0.0,0.0
2008-10-27 00:00:00+09:00,2766.290912828947,3176.294744551809,2667.494808799342,2815.68896484375,103000,0.0,0.0
2008-10-28 00:00:00+09:00,2474.84227274983,2884.8460824069875,2469.9024678142014,2721.83251953125,153600,0.0,0.0
2008-10-29 00:00:00+09:00,2840.3879072081368,3087.3781600088446,2519.300578567217,2618.0966796875,109200,0.0,0.0
2008-10-30 00:00:00+09:00,2771.230663581435,3008.34130859375,2771.230663581435,3008.34130859375,55400,0.0,0.0
2008-10-31 00:00:00+09:00,3210.8732609455187,3423.2848766696065,3008.341255255109,3368.947021484375,77200,0.0,0.0
2008-11-03 00:00:00+09:00,3443.0440536708047,3694.974106378425,3443.0440536708047,3606.0576171875,39800,0.0,0.0
2008-11-04 00:00:00+09:00,3615.9373693517737,3778.9509392815667,3615.9373693517737,3655.455810546875,46800,0.0,0.0
2008-11-05 00:00:00+09:00,3685.0946187092118,3951.844095130522,3685.0946187092118,3690.034423828125,55200,0.0,0.0
2008-11-06 00:00:00+09:00,3512.2012632513324,3601.1177509285812,3418.344970703125,3418.344970703125,76000,0.0,0.0
2008-11-07 00:00:00+09:00,3359.0673961535176,3665.335305802809,3309.669346210084,3615.937255859375,55600,0.0,0.0
2008-11-10 00:00:00+09:00,3927.144776975954,3927.144776975954,3694.9739536830357,3803.649658203125,58200,0.0,0.0
2008-11-11 00:00:00+09:00,3729.552860040213,3877.7470134192945,3729.552860040213,3857.98779296875,25800,0.0,0.0
2008-11-12 00:00:00+09:00,3951.844376391982,4435.9453125,3704.8541028674836,4435.9453125,176200,0.0,0.0
2008-11-13 00:00:00+09:00,4381.606909210167,4791.6107124395285,3956.78369140625,3956.78369140625,298200,0.0,0.0
2008-11-14 00:00:00+09:00,4139.556800255408,4287.750957782452,3853.048095703125,3853.048095703125,122800,0.0,0.0
2008-11-17 00:00:00+09:00,3932.084679787022,4045.700191891421,3803.6497530603106,3877.746826171875,67200,0.0,0.0
2008-11-18 00:00:00+09:00,3759.1914154449064,3946.9039959796064,3754.2516106939934,3803.649658203125,91600,0.0,0.0
2008-11-19 00:00:00+09:00,3897.5059618537807,3902.4457666216563,3512.2011899594904,3601.11767578125,73200,0.0,0.0
2008-11-20 00:00:00+09:00,3364.0072164675357,3428.224681686446,3359.0674114506965,3368.947021484375,65200,0.0,0.0
2008-11-21 00:00:00+09:00,3359.0673961535176,3630.756670842405,3309.669346210084,3615.937255859375,30200,0.0,0.0
2008-11-24 00:00:00+09:00,3571.4789825021408,3783.8905955693494,3556.6595676369866,3606.0576171875,35800,0.0,0.0
2008-11-25 00:00:00+09:00,3704.8537538952,3853.047904051008,3457.86350363552,3492.442138671875,62600,0.0,0.0
2008-11-26 00:00:00+09:00,3492.4420106260927,3635.6963505244757,3492.4420106260927,3531.96044921875,20200,0.0,0.0
2008-11-27 00:00:00+09:00,3655.4557179418102,3694.974158135776,3556.6596174568967,3581.358642578125,36800,0.0,0.0
2008-11-28 00:00:00+09:00,3586.298355594758,3774.0109417002686,3561.5993311071907,3675.21484375,21600,0.0,0.0
2008-12-01 00:00:00+09:00,3724.612979817708,3803.6498600260416,3680.1547347005207,3704.853759765625,49800,0.0,0.0
2008-12-02 00:00:00+09:00,3630.7567443847656,3655.455769856771,3314.609218343099,3556.65966796875,41200,0.0,0.0
2008-12-03 00:00:00+09:00,3561.5994632183306,3704.8538105599832,3561.5994632183306,3680.15478515625,29800,0.0,0.0
2008-12-04 00:00:00+09:00,3640.636344510277,3729.5528359637165,3601.1179038643036,3680.15478515625,23800,0.0,0.0
2008-12-05 00:00:00+09:00,3680.1548362938133,3803.649965028505,3606.0577590529983,3655.455810546875,41800,0.0,0.0
2008-12-08 00:00:00+09:00,3754.2517665044174,3848.108060667028,3724.6129367688563,3774.010986328125,57400,0.0,0.0
2008-12-09 00:00:00+09:00,3848.107996927249,3941.964289535231,3724.6128750746416,3877.746826171875,53000,0.0,0.0
2008-12-10 00:00:00+09:00,3946.904056204074,4159.3156637344555,3823.408935546875,3823.408935546875,55000,0.0,0.0
2008-12-11 00:00:00+09:00,3853.047915599385,3966.6634310593668,3823.40908547939,3917.265380859375,47800,0.0,0.0
2008-12-12 00:00:00+09:00,3951.843944099379,4267.991459627329,3907.385699728261,3976.54296875,80600,0.0,0.0
2008-12-15 00:00:00+09:00,4188.954494297719,4188.954494297719,4040.760349452281,4114.857421875,72000,0.0,0.0
2008-12-16 00:00:00+09:00,4104.977890860316,4198.834184393825,3981.4827677899098,4100.0380859375,52600,0.0,0.0
2008-12-17 00:00:00+09:00,4198.834103954082,4292.690395689526,4016.0613253113743,4114.857421875,44400,0.0,0.0
2008-12-18 00:00:00+09:00,4100.03812902114,4114.8575439453125,3882.686710133272,4030.880859375,61600,0.0,0.0
2008-12-19 00:00:00+09:00,3981.482955778488,4075.3392537434893,3902.4460732816447,3912.32568359375,27500,0.0,0.0
2008-12-22 00:00:00+09:00,4025.940988809056,4169.195330742139,3927.144890924171,3966.663330078125,86734,0.0,0.0
2008-12-23 00:00:00+09:00,3971.603110401901,3971.603110401901,3813.5293547640144,3833.28857421875,42812,0.0,0.0
2008-12-24 00:00:00+09:00,3951.8438007305194,3951.8438007305194,3714.7331726866882,3803.649658203125,20776,0.0,0.0
2008-12-25 00:00:00+09:00,3803.649658203125,3803.649658203125,3803.649658203125,3803.649658203125,0,0.0,0.0
2008-12-26 00:00:00+09:00,3783.8905255819104,3941.964281219797,3754.251696399807,3833.28857421875,19138,0.0,0.0
2008-12-29 00:00:00+09:00,3833.288874699519,3882.6869272085337,3759.1917959359976,3853.048095703125,12956,0.0,0.0
2008-12-30 00:00:00+09:00,3917.26528640394,3917.26528640394,3783.8905540799724,3843.168212890625,4746,0.0,0.0
2008-12-31 00:00:00+09:00,3843.168212890625,3843.168212890625,3843.168212890625,3843.168212890625,0,0.0,0.0
2009-01-02 00:00:00+09:00,3941.9644346992923,4011.1217054834906,3843.1683335790094,3927.14501953125,22260,0.0,0.0
2009-01-05 00:00:00+09:00,3976.5430700913917,4016.0615105395045,3862.927553803066,3927.14501953125,15076,0.0,0.0
2009-01-06 00:00:00+09:00,3946.9040944093354,3946.9040944093354,3867.8672164236664,3877.746826171875,27310,0.0,0.0
2009-01-07 00:00:00+09:00,3867.86732389489,3897.50615396305,3838.22849382673,3872.80712890625,46918,0.0,0.0
2009-01-08 00:00:00+09:00,3833.2886743164063,4040.7604840087893,3793.770234375,3951.843994140625,83190,0.0,0.0
2009-01-09 00:00:00+09:00,3986.422479510161,4045.7001371980446,3927.1448218222777,4025.94091796875,43312,0.0,0.0
2009-01-12 00:00:00+09:00,3991.3626427283652,4025.9412794846753,3803.6500431941104,3853.048095703125,38520,0.0,0.0
2009-01-13 00:00:00+09:00,3902.445821360153,3902.445821360153,3778.9507004310344,3867.8671875,18238,0.0,0.0
2009-01-14 00:00:00+09:00,3877.746864410768,4104.977890860316,3867.867254565135,4100.0380859375,72870,0.0,0.0
2009-01-15 00:00:00+09:00,4025.9411729257317,4050.640198526503,3902.446044921875,3902.446044921875,55894,0.0,0.0
2009-01-16 00:00:00+09:00,3857.987748747052,3981.4828751474056,3857.987748747052,3927.14501953125,39346,0.0,0.0
2009-01-19 00:00:00+09:00,3951.8442546351675,4144.496662048632,3951.8442546351675,4129.67724609375,58422,0.0,0.0
2009-01-20 00:00:00+09:00,4080.279075687767,4090.158686040522,4001.242192865728,4045.700439453125,39872,0.0,0.0
2009-01-21 00:00:00+09:00,3951.8440448113206,4021.001315595519,3887.6265790831367,3927.14501953125,45276,0.0,0.0
2009-01-22 00:00:00+09:00,3976.5430525379065,4198.834279077293,3951.844027366864,4174.13525390625,55866,0.0,0.0
2009-01-23 00:00:00+09:00,4174.135344749273,4416.185796693314,4100.038267623547,4248.232421875,44628,0.0,0.0
2009-01-28 00:00:00+09:00,4263.0516368519175,4574.259346147017,4263.0516368519175,4347.0283203125,77104,0.0,0.0
2009-01-29 00:00:00+09:00,4381.606938691814,4465.583621845998,4258.11181640625,4258.11181640625,29086,0.0,0.0
2009-01-30 00:00:00+09:00,4297.630176345737,4351.968029150108,4154.375837134213,4272.93115234375,16490,0.0,0.0
2009-02-02 00:00:00+09:00,4282.810920333418,4391.486629961256,4164.255600739413,4243.29248046875,20020,0.0,0.0
2009-02-03 00:00:00+09:00,4243.292437960875,4361.847756367232,4233.412828093678,4312.44970703125,47588,0.0,0.0
2009-02-04 00:00:00+09:00,4435.944994848901,4519.921681833791,4347.028502747253,4495.22265625,74104,0.0,0.0
2009-02-05 00:00:00+09:00,4495.222520746112,5162.09619140625,4495.222520746112,5162.09619140625,212374,0.0,0.0
2009-02-06 00:00:00+09:00,5310.2902429080705,5606.678535535498,4939.804877123786,5087.9990234375,860070,0.0,0.0
2009-02-09 00:00:00+09:00,5236.192823683058,5433.7850057088335,4895.346309688595,4934.86474609375,323700,0.0,0.0
2009-02-10 00:00:00+09:00,5063.300191538346,5186.795318161232,4910.1662345259665,5112.6982421875,197830,0.0,0.0
2009-02-11 00:00:00+09:00,4875.587757131594,5606.67893044008,4870.647951906537,5384.3876953125,348670,0.0,0.0
2009-02-12 00:00:00+09:00,5754.873059724507,5878.368189761512,5384.387669613487,5631.3779296875,272318,0.0,0.0
2009-02-13 00:00:00+09:00,5631.37779815051,6150.057332190689,5433.785594706633,6051.26123046875,240160,0.0,0.0
2009-02-16 00:00:00+09:00,6075.959964989626,6125.358013485477,5853.668746758299,5952.46484375,126996,0.0,0.0
2009-02-17 00:00:00+09:00,5878.367689866286,6026.561833308293,5112.697948749249,5137.39697265625,191938,0.0,0.0
2009-02-18 00:00:00+09:00,4989.203106574292,5384.3875110554245,4905.226420622052,5236.193359375,352984,0.0,0.0
2009-02-19 00:00:00+09:00,5162.096023016276,5359.688215284842,4855.828125,4855.828125,159016,0.0,0.0
2009-02-20 00:00:00+09:00,4855.828093427745,4855.828093427745,4198.834058406494,4431.0048828125,295770,0.0,0.0
2009-02-23 00:00:00+09:00,4351.968307864011,4495.22265625,4248.232400412088,4495.22265625,147298,0.0,0.0
2009-02-24 00:00:00+09:00,4347.028125,4569.3193359375,4258.111640625,4445.82421875,75386,0.0,0.0
2009-02-25 00:00:00+09:00,4544.620500654451,4811.369964823299,4475.46323216623,4717.513671875,184542,0.0,0.0
2009-02-26 00:00:00+09:00,4791.6103883368205,4929.924915010461,4692.814297855649,4722.453125,105068,0.0,0.0
2009-02-27 00:00:00+09:00,4742.213169642857,4890.407331194197,4722.453948102679,4841.00927734375,55114,0.0,0.0
2009-03-02 00:00:00+09:00,4841.008760371327,4890.406808946545,4421.125347481978,4539.6806640625,144828,0.0,0.0
2009-03-03 00:00:00+09:00,4282.810739574624,4465.583516234671,4149.436010660535,4431.0048828125,89478,0.0,0.0
2009-03-04 00:00:00+09:00,4347.028218920765,4594.018458632172,4347.028218920765,4519.92138671875,33534,0.0,0.0
2009-03-05 00:00:00+09:00,4435.944895337975,4638.476900581692,4435.944895337975,4544.62060546875,84564,0.0,0.0
2009-03-06 00:00:00+09:00,4519.921948733746,4519.921948733746,4347.02875943792,4416.18603515625,31590,0.0,0.0
2009-03-09 00:00:00+09:00,4490.282840700201,4638.476993858623,4406.306153910427,4618.7177734375,73624,0.0,0.0
2009-03-10 00:00:00+09:00,4643.416578011304,4860.767992301196,4554.500090347258,4752.09228515625,107764,0.0,0.0
2009-03-11 00:00:00+09:00,4924.985668821383,5112.69826201618,4801.490541719543,4865.7080078125,83124,0.0,0.0
2009-03-12 00:00:00+09:00,4915.106058653236,4939.805084073604,4757.032295962881,4865.7080078125,40356,0.0,0.0
2009-03-13 00:00:00+09:00,4939.80517578125,5063.300305175781,4875.587708496094,4939.80517578125,93294,0.0,0.0
2009-03-16 00:00:00+09:00,4964.503986109083,5334.989358206776,4915.105936496057,5285.59130859375,170910,0.0,0.0
2009-03-17 00:00:00+09:00,5433.785346377212,5606.678516489214,5162.096079058351,5581.9794921875,149418,0.0,0.0
2009-03-18 00:00:00+09:00,5581.9796773976295,5804.270903488686,5359.688451306573,5730.173828125,60292,0.0,0.0
2009-03-19 00:00:00+09:00,5804.270802033253,5878.367876101763,5359.688357622195,5779.57177734375,45866,0.0,0.0
2009-03-20 00:00:00+09:00,5680.775678585737,5828.969826722756,5483.183481069711,5779.57177734375,46466,0.0,0.0
2009-03-23 00:00:00+09:00,5804.270808457287,5804.270808457287,5581.979586005731,5656.07666015625,3460,0.0,0.0
2009-03-24 00:00:00+09:00,5927.765832411505,5927.765832411505,5581.9794921875,5581.9794921875,53940,0.0,0.0
2009-03-25 00:00:00+09:00,5581.979787326389,5730.173940972222,5334.98953125,5557.28076171875,45400,0.0,0.0
2009-03-26 00:00:00+09:00,5656.076752761315,5754.872853246228,5409.08650154903,5730.173828125,39024,0.0,0.0
2009-03-27 00:00:00+09:00,5804.270921311937,5853.668971706081,5483.18359375,5483.18359375,39578,0.0,0.0
2009-03-30 00:00:00+09:00,5483.183632425743,5631.377784653465,4934.8652691831685,4989.203125,85998,0.0,0.0
2009-03-31 00:00:00+09:00,4939.80478140024,5532.5813551682695,4939.80478140024,5137.39697265625,77794,0.0,0.0
2009-04-01 00:00:00+09:00,5211.494325136809,5433.785552275345,5211.494325136809,5359.6884765625,32626,0.0,0.0
2009-04-02 00:00:00+09:00,5409.086401265037,6125.358116501046,5409.086401265037,5903.06689453125,236198,0.0,0.0
2009-04-03 00:00:00+09:00,6026.562129579742,6051.26115470097,5581.9796773976295,5730.173828125,83840,0.0,0.0
2009-04-06 00:00:00+09:00,5878.367578125,6322.95,5557.2802734375,5680.775390625,243274,0.0,0.0
2009-04-07 00:00:00+09:00,5804.271086364233,5977.16426766019,5631.377905068278,5878.3681640625,103040,0.0,0.0
2009-04-08 00:00:00+09:00,5754.8727296844245,6446.445418230192,5680.775655911663,6273.55224609375,297520,0.0,0.0
2009-04-09 00:00:00+09:00,6594.639614993579,7212.115234375,6421.746441566781,7212.115234375,358288,0.0,0.0
2009-04-10 00:00:00+09:00,8101.280291863208,8274.173468823703,7607.299786261792,7854.2900390625,1308656,0.0,0.0
2009-04-13 00:00:00+09:00,8076.580848649747,8965.745712721278,7780.192560625903,8545.8623046875,1080146,0.0,0.0
2009-04-14 00:00:00+09:00,8545.863316127232,8644.659423828125,7953.086669921875,8298.873046875,331786,0.0,0.0
2009-04-15 00:00:00+09:00,8150.678352136581,8224.775428065097,7434.406618160943,7730.794921875,296802,0.0,0.0
2009-04-16 00:00:00+09:00,8076.580964378429,8200.076086157917,7656.697550328175,7878.98876953125,289964,0.0,0.0
2009-04-17 00:00:00+09:00,8027.183278401693,8101.280354817709,6841.630055745443,7113.3193359375,359986,0.0,0.0
2009-04-20 00:00:00+09:00,7187.416301972987,7360.309477621821,6767.532875397245,7286.21240234375,268328,0.0,0.0
2009-04-21 00:00:00+09:00,6989.823981540812,7854.289844982255,6965.124956871056,7829.5908203125,207202,0.0,0.0
2009-04-22 00:00:00+09:00,7878.988955829327,8125.979205228366,7706.09578125,8027.18310546875,267502,0.0,0.0
2009-04-23 00:00:00+09:00,8051.882197521865,8842.25100218659,7903.68804664723,8471.765625,430112,0.0,0.0
2009-04-24 00:00:00+09:00,8447.066418015813,8669.357639542544,8150.678122646837,8200.076171875,241692,0.0,0.0
2009-04-27 00:00:00+09:00,8348.270445808532,8348.270445808532,7706.095796130952,7780.19287109375,171752,0.0,0.0
2009-04-28 00:00:00+09:00,7730.794734196865,8101.2801048452775,7483.804487097924,7582.6005859375,196206,0.0,0.0
2009-04-29 00:00:00+09:00,7557.900992936003,8521.162884192552,7557.900992936003,8249.4736328125,419478,0.0,0.0
2009-04-30 00:00:00+09:00,8348.270247609991,8496.46439401727,7385.008295962685,7508.50341796875,797280,0.0,0.0
2009-05-04 00:00:00+09:00,7607.2998143564355,7730.794941212871,7261.513459158416,7483.8046875,202224,0.0,0.0
2009-05-06 00:00:00+09:00,7631.998745117187,7755.493870442708,7385.008494466146,7409.70751953125,96248,0.0,0.0
2009-05-07 00:00:00+09:00,7459.1056621287125,7607.2998143564355,7212.115408415842,7483.8046875,181142,0.0,0.0
2009-05-08 00:00:00+09:00,7508.503782634493,7878.9891666460635,7286.212552227551,7804.89208984375,226582,0.0,0.0
2009-05-11 00:00:00+09:00,8076.581266583137,8076.581266583137,7607.299786261792,7854.2900390625,113816,0.0,0.0
2009-05-12 00:00:00+09:00,7755.493838500977,8101.280187988282,7755.493838500977,7903.68798828125,262116,0.0,0.0
2009-05-13 00:00:00+09:00,8002.484088134766,8027.1831130981445,7656.697738647461,7903.68798828125,223098,0.0,0.0
2009-05-14 00:00:00+09:00,7804.891988502359,8125.979317143278,7681.396862102005,7854.2900390625,146774,0.0,0.0
2009-05-15 00:00:00+09:00,7903.688099041534,8002.484200279553,7582.600770017972,7730.794921875,122698,0.0,0.0
2009-05-18 00:00:00+09:00,7854.2900390625,7854.2900390625,7607.299786261792,7854.2900390625,59888,0.0,0.0
2009-05-19 00:00:00+09:00,7928.387096870236,8496.464677019816,7878.989046422446,8101.2802734375,307122,0.0,0.0
2009-05-20 00:00:00+09:00,8125.979103951643,8348.27032564029,7953.08593152714,8076.5810546875,161650,0.0,0.0
2009-05-21 00:00:00+09:00,8076.581406704215,8891.64925508721,8076.581406704215,8496.46484375,672258,0.0,0.0
2009-05-22 00:00:00+09:00,8619.960042523735,9756.115234375,8545.862964794303,9756.115234375,1106566,0.0,0.0
2009-05-25 00:00:00+09:00,9657.318372716018,9756.114468600581,8298.872054303278,9039.8427734375,923958,0.0,0.0
2009-05-26 00:00:00+09:00,9459.726401589134,9756.114696155895,8348.27029696378,8694.056640625,477248,0.0,0.0
2009-05-27 00:00:00+09:00,8891.649267146018,8941.047318630162,8002.484340431416,8372.9697265625,306462,0.0,0.0
2009-05-28 00:00:00+09:00,8274.17419076663,8545.863492552997,7829.591696934393,8447.0673828125,181520,0.0,0.0
2009-05-29 00:00:00+09:00,8768.154092857765,8866.9501953125,8348.270657425139,8866.9501953125,220434,0.0,0.0
2009-06-01 00:00:00+09:00,8743.454296875001,8990.444531250001,8595.26015625,8768.1533203125,150236,0.0,0.0
2009-06-02 00:00:00+09:00,8941.046864499327,9435.027354250671,8792.852717573924,9188.037109375,246294,0.0,0.0
2009-06-03 00:00:00+09:00,9188.037094234496,9558.5224609375,8916.347825318959,9558.5224609375,154924,0.0,0.0
2009-06-04 00:00:00+09:00,9805.5123046875,10052.5025390625,9163.3376953125,9632.619140625,550166,0.0,0.0
2009-06-05 00:00:00+09:00,9632.619501629148,10521.784378702607,9385.62925799763,10422.98828125,356662,0.0,0.0
2009-06-08 00:00:00+09:00,10422.9887491862,11880.231252034506,10274.794596354168,11855.5322265625,854984,0.0,0.0
2009-06-09 00:00:00+09:00,12102.521484375,12349.51171875,11114.560546875,11361.55078125,520298,0.0,0.0
2009-06-10 00:00:00+09:00,11312.15255688864,12843.491985987104,11213.35646468874,12448.3076171875,740404,0.0,0.0
2009-06-11 00:00:00+09:00,12571.804157021605,13362.1729841821,11880.231433256173,12003.7265625,582256,0.0,0.0
2009-06-12 00:00:00+09:00,12151.91953125,12942.288281250001,11361.55078125,11361.55078125,763506,0.0,0.0
2009-06-15 00:00:00+09:00,11312.152928416484,11633.240238611714,10867.5704989154,11386.25,309546,0.0,0.0
2009-06-16 00:00:00+09:00,11287.45464070638,12077.823455810547,10991.066335042318,11855.5322265625,288270,0.0,0.0
2009-06-17 00:00:00+09:00,11855.53125,11954.327343750001,11114.560546875,11361.55078125,184312,0.0,0.0
2009-06-18 00:00:00+09:00,11410.948828125,11460.346875000001,10793.4732421875,10867.5703125,189374,0.0,0.0
2009-06-19 00:00:00+09:00,11015.765255976383,11114.561356926843,10521.784751224079,10719.376953125,167916,0.0,0.0
2009-06-22 00:00:00+09:00,10916.968359375,11361.55078125,10398.2888671875,11361.55078125,214324,0.0,0.0
2009-06-23 00:00:00+09:00,11065.16288716814,11312.153130185286,10719.376546944137,11163.958984375,205134,0.0,0.0
2009-06-24 00:00:00+09:00,11410.949030444226,11756.735364700113,10916.968552935818,11015.7646484375,380148,0.0,0.0
2009-06-25 00:00:00+09:00,11089.862287666803,11509.745715039488,11089.862287666803,11336.8525390625,184630,0.0,0.0
2009-06-26 00:00:00+09:00,11559.144085730652,12300.114860456975,11262.755775840122,12127.2216796875,561590,0.0,0.0
2009-06-29 00:00:00+09:00,12398.910333464044,12794.0947265625,11830.832768385015,12794.0947265625,331136,0.0,0.0
2009-06-30 00:00:00+09:00,12942.288923574792,13065.784046891344,11682.638665745946,11806.1337890625,395600,0.0,0.0
2009-07-01 00:00:00+09:00,11707.33756430436,11855.53171068796,10052.5029296875,10052.5029296875,654200,0.0,0.0
2009-07-02 00:00:00+09:00,10175.998415389151,10595.881845150354,9879.610112028302,10472.38671875,416636,0.0,0.0
2009-07-03 00:00:00+09:00,10324.191988519658,10768.774418647301,10126.599797351819,10521.7841796875,222416,0.0,0.0
2009-07-06 00:00:00+09:00,10422.988871837799,10546.484000651042,10175.99861421131,10373.5908203125,209434,0.0,0.0
2009-07-07 00:00:00+09:00,10373.590412095842,10768.774808747114,10274.794312933025,10694.677734375,291970,0.0,0.0
2009-07-08 00:00:00+09:00,11312.154200819672,12077.824026639344,10250.09605532787,10546.484375,1190096,0.0,0.0
2009-07-09 00:00:00+09:00,11114.561338682432,11732.036968609234,10842.87206151464,10966.3671875,3142280,0.0,0.0
2009-07-10 00:00:00+09:00,11065.162958115183,11213.357104875655,9360.930270369765,9435.02734375,1441296,0.0,0.0
2009-07-13 00:00:00+09:00,9805.5123046875,9805.5123046875,8348.269921875,8397.66796875,746050,0.0,0.0
2009-07-14 00:00:00+09:00,8447.066412045624,8694.05665801187,7878.988846323257,8323.5712890625,518116,0.0,0.0
2009-07-15 00:00:00+09:00,8323.57183872768,8866.950415736608,8323.57183872768,8644.6591796875,214522,0.0,0.0
2009-07-16 00:00:00+09:00,8743.455531529018,8990.44580078125,8298.873046875,8298.873046875,315242,0.0,0.0
2009-07-17 00:00:00+09:00,8496.465080492424,8496.465080492424,8150.6787109375,8150.6787109375,193396,0.0,0.0
2009-07-20 00:00:00+09:00,8249.474586664244,8694.057049418605,8249.474586664244,8496.46484375,381842,0.0,0.0
2009-07-21 00:00:00+09:00,8694.05625,9064.5416015625,8545.862109375,8768.1533203125,393604,0.0,0.0
2009-07-22 00:00:00+09:00,8866.950027332361,8990.445153061224,8471.765625,8471.765625,238278,0.0,0.0
2009-07-23 00:00:00+09:00,8471.7650390625,8570.5611328125,8298.871875,8397.66796875,126680,0.0,0.0
2009-07-24 00:00:00+09:00,8521.163869458576,8595.260946584302,8397.668740915698,8496.46484375,100378,0.0,0.0
2009-07-27 00:00:00+09:00,8545.86286233461,9039.843374608286,8545.86286233461,8866.9501953125,441382,0.0,0.0
2009-07-28 00:00:00+09:00,8891.649441964286,8916.348468191965,8619.960153459822,8644.6591796875,129900,0.0,0.0
2009-07-29 00:00:00+09:00,8595.26015625,8595.26015625,8348.269921875,8397.66796875,134322,0.0,0.0
2009-07-30 00:00:00+09:00,8348.271273072003,8570.562519988121,8274.17419076663,8447.0673828125,75138,0.0,0.0
2009-07-31 00:00:00+09:00,8447.066015625,8595.26015625,8323.5708984375,8397.66796875,107970,0.0,0.0
2009-08-03 00:00:00+09:00,8372.970300507128,8570.562519988121,8372.970300507128,8447.0673828125,105488,0.0,0.0
2009-08-04 00:00:00+09:00,8545.86289516715,8718.75607512718,8323.571663789971,8496.46484375,124276,0.0,0.0
2009-08-05 00:00:00+09:00,8496.464062500001,8496.464062500001,8348.269921875,8397.66796875,104542,0.0,0.0
2009-08-06 00:00:00+09:00,8397.66895988806,8422.367986240672,8150.678696361941,8274.173828125,147016,0.0,0.0
2009-08-07 00:00:00+09:00,8323.571509771671,8323.571509771671,7977.78515625,7977.78515625,160396,0.0,0.0
2009-08-10 00:00:00+09:00,8051.882250898562,8101.280301517572,7706.095896565495,7730.794921875,174810,0.0,0.0
2009-08-11 00:00:00+09:00,7607.299795327476,7928.387124351038,7607.299795327476,7730.794921875,130618,0.0,0.0
2009-08-12 00:00:00+09:00,7829.590725455315,7829.590725455315,7631.998530491142,7755.49365234375,97518,0.0,0.0
2009-08-13 00:00:00+09:00,7755.494243915265,7829.591322678786,7533.203007624699,7706.09619140625,110504,0.0,0.0
2009-08-14 00:00:00+09:00,7681.396871255991,7903.688099041534,7656.697845946486,7730.794921875,101648,0.0,0.0
2009-08-17 00:00:00+09:00,7607.29994227878,7730.795071211877,7162.717478119631,7187.41650390625,135080,0.0,0.0
2009-08-18 00:00:00+09:00,7063.92139888234,7138.018476492994,6718.135036699288,6940.42626953125,290950,0.0,0.0
2009-08-19 00:00:00+09:00,6915.7269307659935,7656.697673348064,6891.027906013258,7335.6103515625,219218,0.0,0.0
2009-08-20 00:00:00+09:00,7385.008586014851,7730.794941212871,7360.3095606435645,7483.8046875,189542,0.0,0.0
2009-08-21 00:00:00+09:00,7706.095837823276,7706.095837823276,6915.727033943966,7162.71728515625,125896,0.0,0.0
2009-08-24 00:00:00+09:00,7187.4164022504265,7434.406656623293,7113.319325938566,7236.814453125,102406,0.0,0.0
2009-08-25 00:00:00+09:00,7088.620367710887,7582.600881140217,7063.92134203942,7557.90185546875,215730,0.0,0.0
2009-08-26 00:00:00+09:00,7730.795262192234,8397.668974905302,7706.096235795454,8150.6787109375,566324,0.0,0.0
2009-08-27 00:00:00+09:00,8200.076716496395,8224.775742750902,7706.09619140625,7706.09619140625,166162,0.0,0.0
2009-08-28 00:00:00+09:00,7706.09578125,8101.280180288461,7706.09578125,8027.18310546875,181560,0.0,0.0
2009-08-31 00:00:00+09:00,8051.882241303066,8372.969569943985,7829.591013782429,7854.2900390625,156226,0.0,0.0
2009-09-01 00:00:00+09:00,7854.290141045292,7903.688192246836,7631.99891063835,7804.89208984375,99952,0.0,0.0
2009-09-02 00:00:00+09:00,7755.493838500977,8002.484088134766,7508.503588867188,7903.68798828125,109356,0.0,0.0
2009-09-03 00:00:00+09:00,7903.687688821752,8274.173049235273,7878.988664794184,8175.376953125,191446,0.0,0.0
2009-09-04 00:00:00+09:00,8323.571500452554,8323.571500452554,8002.48417254192,8101.2802734375,70010,0.0,0.0
2009-09-07 00:00:00+09:00,8249.474773550724,8521.1640625,8150.678668478261,8521.1640625,256668,0.0,0.0
2009-09-08 00:00:00+09:00,8644.658848024765,8866.950075545401,7854.2900390625,7854.2900390625,878614,0.0,0.0
2009-09-09 00:00:00+09:00,7903.687312874252,8274.172655665232,7804.891221463324,8249.4736328125,155754,0.0,0.0
2009-09-10 00:00:00+09:00,8150.67888532366,8397.669154575893,8125.9798583984375,8298.873046875,111058,0.0,0.0
2009-09-11 00:00:00+09:00,8076.581804547991,8397.669154575893,8002.484723772322,8298.873046875,157280,0.0,0.0
2009-09-14 00:00:00+09:00,8224.775196489081,8348.270319559488,8027.18299957643,8200.076171875,55526,0.0,0.0
2009-09-15 00:00:00+09:00,8150.6787109375,8274.173842921402,8101.280658143939,8150.6787109375,51174,0.0,0.0
2009-09-16 00:00:00+09:00,8175.37773733428,8249.47481652462,7953.086499763257,8150.6787109375,101628,0.0,0.0
2009-09-17 00:00:00+09:00,8125.979017901573,8150.678042272094,7755.49365234375,7755.49365234375,97584,0.0,0.0
2009-09-18 00:00:00+09:00,7780.192676714271,7854.289749825836,7607.299506120621,7755.49365234375,68820,0.0,0.0
2009-09-21 00:00:00+09:00,7804.892296424279,7953.086453951322,7706.09619140625,7706.09619140625,67568,0.0,0.0
2009-09-22 00:00:00+09:00,7730.795262192234,8447.067027698864,7730.795262192234,8150.6787109375,265168,0.0,0.0
2009-09-23 00:00:00+09:00,8027.183206753096,8397.668585526315,7903.688080495356,7977.78515625,134090,0.0,0.0
2009-09-24 00:00:00+09:00,8051.881743988433,8051.881743988433,7582.600292651684,7607.29931640625,75458,0.0,0.0
2009-09-25 00:00:00+09:00,7607.299506120621,7804.891701084793,7607.299506120621,7755.49365234375,54512,0.0,0.0
2009-09-28 00:00:00+09:00,7928.3868229374,7953.0858473079215,7631.998530491142,7755.49365234375,56554,0.0,0.0
2009-09-29 00:00:00+09:00,7730.794532506029,7953.085749095659,7656.697460309485,7681.396484375,46886,0.0,0.0
2009-09-30 00:00:00+09:00,7878.988979019657,7878.988979019657,7533.202628843246,7656.69775390625,27608,0.0,0.0
2009-10-01 00:00:00+09:00,7582.600694986979,7607.299720052083,7113.31921875,7409.70751953125,64384,0.0,0.0
2009-10-05 00:00:00+09:00,7212.115319010417,7434.406544596354,7212.115319010417,7409.70751953125,43404,0.0,0.0
2009-10-06 00:00:00+09:00,7409.7076211199665,7508.503722734899,7310.9115195050335,7360.3095703125,27748,0.0,0.0
2009-10-07 00:00:00+09:00,7335.610358251284,7483.804506902826,7162.717184824487,7212.115234375,28758,0.0,0.0
2009-10-08 00:00:00+09:00,7187.416115308715,7310.911237564878,7088.620017503785,7138.01806640625,42144,0.0,0.0
2009-10-09 00:00:00+09:00,7335.61046100485,7335.61046100485,7138.018260035022,7162.71728515625,32968,0.0,0.0
2009-10-12 00:00:00+09:00,7212.115529692869,7310.9116328393475,7187.41650390625,7187.41650390625,23778,0.0,0.0
2009-10-13 00:00:00+09:00,7212.115335398707,7286.212410762392,7088.620209792565,7162.71728515625,47044,0.0,0.0
2009-10-14 00:00:00+09:00,7236.814174857191,7286.2122238323245,6767.5327095934135,6891.02783203125,114480,0.0,0.0
2009-10-15 00:00:00+09:00,6965.124706686175,7014.522754251325,6816.930563990724,6989.82373046875,54760,0.0,0.0
2009-10-16 00:00:00+09:00,6915.727033943966,7236.814360519936,6891.028008822737,7162.71728515625,43402,0.0,0.0
2009-10-19 00:00:00+09:00,7162.716994919144,7212.115043159965,6989.823826076267,7063.9208984375,11996,0.0,0.0
2009-10-20 00:00:00+09:00,7088.6201171875,7335.610365173127,7088.6201171875,7088.6201171875,46110,0.0,0.0
2009-10-21 00:00:00+09:00,7063.9208984375,7187.416019039554,7014.5228501966785,7063.9208984375,15960,0.0,0.0
2009-10-22 00:00:00+09:00,6965.125,7138.018173758865,6891.027925531915,6965.125,27986,0.0,0.0
2009-10-23 00:00:00+09:00,7088.619726562501,7138.0177734375,6841.629492187501,6915.7265625,45690,0.0,0.0
2009-10-26 00:00:00+09:00,6915.72696461397,7063.921113855698,6718.134765625,6718.134765625,36926,0.0,0.0
2009-10-27 00:00:00+09:00,6569.940616383272,6792.231840245864,6569.940616383272,6718.134765625,32678,0.0,0.0
2009-10-28 00:00:00+09:00,6668.73681640625,6841.629993127894,6619.338765914352,6668.73681640625,41866,0.0,0.0
2009-10-29 00:00:00+09:00,6569.940630963741,6767.532830391221,6421.74648139313,6471.14453125,28966,0.0,0.0
2009-10-30 00:00:00+09:00,6298.251514023156,6866.3291015625,6298.251514023156,6866.3291015625,52250,0.0,0.0
2009-11-02 00:00:00+09:00,6619.338478031015,6718.134574718045,6569.9404296875,6569.9404296875,17828,0.0,0.0
2009-11-03 00:00:00+09:00,6594.639852661598,6816.931083650191,6495.84375,6495.84375,30214,0.0,0.0
2009-11-04 00:00:00+09:00,6446.445698669202,6594.639852661598,6322.9505703422055,6495.84375,33896,0.0,0.0
2009-11-05 00:00:00+09:00,6322.950480769231,6495.843657977764,6322.950480769231,6421.74658203125,34128,0.0,0.0
2009-11-06 00:00:00+09:00,6421.746192163275,6520.542287427325,6322.950096899225,6372.34814453125,28654,0.0,0.0
2009-11-09 00:00:00+09:00,6273.552750062751,6520.543015813253,6100.6595640374,6150.0576171875,69644,0.0,0.0
2009-11-10 00:00:00+09:00,6199.454981650076,6273.5520531439015,6125.35791015625,6125.35791015625,31646,0.0,0.0
2009-11-11 00:00:00+09:00,5952.465318137068,6150.057527867759,5952.465318137068,6075.96044921875,32660,0.0,0.0
2009-11-12 00:00:00+09:00,6075.959670293899,6273.551854693701,6075.959670293899,6224.15380859375,19040,0.0,0.0
2009-11-13 00:00:00+09:00,6150.057332190689,6347.649535634567,6026.562205038265,6051.26123046875,14894,0.0,0.0
2009-11-16 00:00:00+09:00,6001.863064658317,6520.5425887645915,6001.863064658317,6347.6494140625,73324,0.0,0.0
2009-11-17 00:00:00+09:00,6298.2509765625,6471.144140625001,6273.551953125,6298.2509765625,21254,0.0,0.0
2009-11-18 00:00:00+09:00,6224.153906250001,6347.649023437501,6174.755859375,6298.2509765625,24104,0.0,0.0
2009-11-19 00:00:00+09:00,6298.251167385057,6471.144336685824,6273.552143199234,6446.4453125,23526,0.0,0.0
2009-11-20 00:00:00+09:00,6446.4453125,6471.144336685824,6273.552143199234,6446.4453125,14668,0.0,0.0
2009-11-23 00:00:00+09:00,6471.144425970028,6668.736622182853,6421.746376916822,6644.03759765625,35700,0.0,0.0
2009-11-24 00:00:00+09:00,6668.736633536438,6668.736633536438,6347.649314143943,6397.04736328125,35500,0.0,0.0
2009-11-25 00:00:00+09:00,6446.445513892267,6446.445513892267,6174.7562393604085,6347.6494140625,39512,0.0,0.0
2009-11-26 00:00:00+09:00,6199.455166732022,6421.746387849903,6199.455166732022,6397.04736328125,29226,0.0,0.0
2009-11-27 00:00:00+09:00,6174.75664376255,6347.649829787902,5977.1644311621485,6150.0576171875,25870,0.0,0.0
2009-11-30 00:00:00+09:00,6174.75664376255,6397.047882938002,6051.261510887299,6150.0576171875,55404,0.0,0.0
2009-12-01 00:00:00+09:00,6199.45555305481,6372.348735809326,6100.659448623657,6322.95068359375,32442,0.0,0.0
2009-12-02 00:00:00+09:00,6298.251073083212,6594.6393588753635,6224.154001635175,6372.34814453125,53430,0.0,0.0
2009-12-03 00:00:00+09:00,6545.2417903159985,6792.232046554338,6421.746662196829,6619.3388671875,125056,0.0,0.0
2009-12-04 00:00:00+09:00,6619.338377117674,6965.124710250687,6520.542281936813,6742.83349609375,250772,0.0,0.0
2009-12-07 00:00:00+09:00,6816.9311649561805,6891.028242836139,6594.639931316306,6693.43603515625,56302,0.0,0.0
2009-12-08 00:00:00+09:00,6742.833901459316,6742.833901459316,6545.24169921875,6545.24169921875,53230,0.0,0.0
2009-12-09 00:00:00+09:00,6495.84345592152,6668.7366277521305,6421.74638227983,6520.54248046875,104628,0.0,0.0
2009-12-10 00:00:00+09:00,6520.5426649305555,6693.435841652199,6520.5426649305555,6668.73681640625,80136,0.0,0.0
2009-12-11 00:00:00+09:00,6693.435636130712,6965.124905493952,6644.037587155578,6891.02783203125,95258,0.0,0.0
2009-12-14 00:00:00+09:00,6891.0275390625,7212.114843750001,6767.532421875,6915.7265625,151330,0.0,0.0
2009-12-15 00:00:00+09:00,7138.017876817194,7162.716900612409,6742.83349609375,6742.83349609375,145636,0.0,0.0
2009-12-16 00:00:00+09:00,6718.134567481884,6891.027736497962,6693.43554333673,6816.9306640625,44200,0.0,0.0
2009-12-17 00:00:00+09:00,6841.629875886524,7014.52304964539,6767.53280141844,6965.125,141754,0.0,0.0
2009-12-18 00:00:00+09:00,6965.125403771033,8002.484506460337,6915.7273512620195,7706.09619140625,813376,0.0,0.0
2009-12-21 00:00:00+09:00,7878.9891666460635,8521.163832266118,7804.89208984375,7804.89208984375,723982,0.0,0.0
2009-12-22 00:00:00+09:00,7903.687798566879,8002.483896048965,7607.299506120621,7755.49365234375,196570,0.0,0.0
2009-12-23 00:00:00+09:00,7829.590814246894,8150.678134704969,7755.493740295031,7953.0859375,206932,0.0,0.0
2009-12-24 00:00:00+09:00,7953.085749095659,8101.279893488746,7607.299412178457,7681.396484375,130320,0.0,0.0
2009-12-28 00:00:00+09:00,7730.795427594866,8298.873046875,7434.4071044921875,8298.873046875,272218,0.0,0.0
2009-12-29 00:00:00+09:00,8397.668729853152,8792.853140669771,8200.076524444843,8619.9599609375,495446,0.0,0.0
2009-12-30 00:00:00+09:00,8743.454491090239,9435.027162701897,8743.454491090239,8792.8525390625,526790,0.0,0.0
2010-01-04 00:00:00+09:00,8941.047402597402,9756.11525974026,8941.047402597402,9509.125,477920,0.0,0.0
2010-01-05 00:00:00+09:00,9632.620129870129,9805.513311688312,9237.435714285713,9509.125,385412,0.0,0.0
2010-01-06 00:00:00+09:00,9484.425791556729,9682.017995547494,9212.736511069426,9360.9306640625,314958,0.0,0.0
2010-01-07 00:00:00+09:00,9509.124422351624,9509.124422351624,9138.639055247015,9311.5322265625,322664,0.0,0.0
2010-01-08 00:00:00+09:00,9509.124422351624,9509.124422351624,8941.04685945789,9311.5322265625,224144,0.0,0.0
2010-01-11 00:00:00+09:00,9262.1337890625,10151.2986328125,9262.1337890625,10126.599609375,616912,0.0,0.0
2010-01-12 00:00:00+09:00,10126.600212978958,10225.396312617775,9657.318739694567,9830.2119140625,305424,0.0,0.0
2010-01-13 00:00:00+09:00,9830.211524423927,10175.997859453915,9657.318356908934,9780.8134765625,231250,0.0,0.0
2010-01-14 00:00:00+09:00,9879.609572285353,9953.706644077494,9731.415428701073,9780.8134765625,106826,0.0,0.0
2010-01-15 00:00:00+09:00,9879.610770089286,10027.804931640625,9509.125366210938,9682.0185546875,192766,0.0,0.0
2010-01-18 00:00:00+09:00,9830.211125691732,9830.211125691732,9336.230667114258,9484.4248046875,172264,0.0,0.0
2010-01-19 00:00:00+09:00,9682.017795138889,9682.017795138889,9138.639245411707,9336.2314453125,186266,0.0,0.0
2010-01-20 00:00:00+09:00,9336.231648980614,9780.814108455881,9089.241393716577,9237.435546875,186302,0.0,0.0
2010-01-21 00:00:00+09:00,9113.939648437501,9706.7162109375,8916.3474609375,9138.638671875,175164,0.0,0.0
2010-01-22 00:00:00+09:00,9039.842778923807,9237.434970812852,8570.561323187325,8792.8525390625,199144,0.0,0.0
2010-01-25 00:00:00+09:00,8545.862299201195,8990.444730951545,8447.066203256672,8792.8525390625,184292,0.0,0.0
2010-01-26 00:00:00+09:00,8941.046903978116,8965.74592857474,8274.173239869251,8323.5712890625,205824,0.0,0.0
2010-01-27 00:00:00+09:00,8274.172655665232,8471.764838487088,8076.580472843376,8249.4736328125,123018,0.0,0.0
2010-01-28 00:00:00+09:00,8348.270689498546,8792.853152252907,8298.872638081395,8496.46484375,148368,0.0,0.0
2010-01-29 00:00:00+09:00,8372.96946258545,8397.668487548828,7903.68798828125,7903.68798828125,97750,0.0,0.0
2010-02-01 00:00:00+09:00,7903.687980769231,8200.076280048077,7829.590905949519,8027.18310546875,67542,0.0,0.0
2010-02-02 00:00:00+09:00,8175.378081026133,9212.737233301352,8175.378081026133,8447.0673828125,1221418,0.0,0.0
2010-02-03 00:00:00+09:00,8496.464677019816,8644.658828363186,8051.88222298971,8101.2802734375,217226,0.0,0.0
2010-02-04 00:00:00+09:00,8224.77579012784,8323.571895714962,8051.882605350378,8150.6787109375,128440,0.0,0.0
2010-02-05 00:00:00+09:00,7780.192991955445,7829.59104269802,7483.8046875,7483.8046875,152548,0.0,0.0
2010-02-08 00:00:00+09:00,7681.396691328642,7681.396691328642,7113.3191225165565,7459.10546875,104376,0.0,0.0
2010-02-09 00:00:00+09:00,7212.115417890101,7459.105671927433,7162.717367082634,7360.3095703125,131232,0.0,0.0
2010-02-10 00:00:00+09:00,7557.901581228596,7557.901581228596,7212.115234375,7212.115234375,65446,0.0,0.0
2010-02-11 00:00:00+09:00,7212.115234375,7261.513283925514,6767.532788420377,7212.115234375,265526,0.0,0.0
2010-02-12 00:00:00+09:00,7236.814328692036,7804.891903981855,7236.814328692036,7656.69775390625,180528,0.0,0.0
2010-02-16 00:00:00+09:00,7607.299610647395,7878.98888245623,7508.503511807818,7582.6005859375,81668,0.0,0.0
2010-02-17 00:00:00+09:00,7706.095411424513,7780.1924826882105,7508.503221387987,7607.29931640625,93602,0.0,0.0
2010-02-18 00:00:00+09:00,7755.493746303234,8076.581067010055,7706.095696963723,7829.5908203125,208414,0.0,0.0
2010-02-19 00:00:00+09:00,7829.590530197342,7854.289553951908,7607.29931640625,7607.29931640625,96230,0.0,0.0
2010-02-22 00:00:00+09:00,7681.396871255991,7829.591023113019,7631.998820636981,7730.794921875,62994,0.0,0.0
2010-02-23 00:00:00+09:00,7730.794618959781,8125.979008427373,7681.396570276331,8002.48388671875,125870,0.0,0.0
2010-02-24 00:00:00+09:00,7953.085833610372,8150.678028234232,7854.289736298442,8125.97900390625,93080,0.0,0.0
2010-02-25 00:00:00+09:00,8249.474125546163,8249.474125546163,7977.784857938354,8125.97900390625,180850,0.0,0.0
2010-02-26 00:00:00+09:00,8150.678128583715,8150.678128583715,7804.891783734709,8076.5810546875,74282,0.0,0.0
2010-03-02 00:00:00+09:00,8076.581266583137,8101.280291863208,7854.2900390625,7854.2900390625,120370,0.0,0.0
2010-03-03 00:00:00+09:00,7804.891604702572,7977.784773161174,7681.396484375,7681.396484375,63174,0.0,0.0
2010-03-04 00:00:00+09:00,7706.0958203125,7730.794845377604,7385.008494466146,7409.70751953125,116624,0.0,0.0
2010-03-05 00:00:00+09:00,7409.707425820707,7557.901574337121,7261.513277304293,7335.6103515625,108196,0.0,0.0
2010-03-08 00:00:00+09:00,7483.804668779952,7730.794921875,7286.212466303914,7730.794921875,184126,0.0,0.0
2010-03-09 00:00:00+09:00,7631.998622954456,7928.386918991522,7631.998622954456,7829.5908203125,138584,0.0,0.0
2010-03-10 00:00:00+09:00,7829.591231164038,8002.484412924758,7631.9990234375,7631.9990234375,134862,0.0,0.0
2010-03-11 00:00:00+09:00,7706.095696963723,7829.5908203125,7631.998622954456,7829.5908203125,73738,0.0,0.0
2010-03-12 00:00:00+09:00,7829.591104762948,7953.086232598325,7780.193053628796,7928.38720703125,102946,0.0,0.0
2010-03-15 00:00:00+09:00,8002.48429464992,8027.183320250692,7656.697936239121,7804.89208984375,96400,0.0,0.0
2010-03-16 00:00:00+09:00,7804.891997803515,7953.086149660544,7706.095896565495,7730.794921875,42572,0.0,0.0
2010-03-17 00:00:00+09:00,7854.290163526348,7854.290163526348,7533.202829797284,7557.90185546875,114340,0.0,0.0
2010-03-18 00:00:00+09:00,7607.299703881048,7730.794828944052,7582.600678868447,7656.69775390625,53128,0.0,0.0
2010-03-19 00:00:00+09:00,7755.493862064549,7755.493862064549,7508.503611680328,7533.20263671875,61674,0.0,0.0
2010-03-22 00:00:00+09:00,7582.600694986979,7607.299720052083,7409.70751953125,7409.70751953125,69218,0.0,0.0
2010-03-23 00:00:00+09:00,7459.1056621287125,7533.202738242574,7360.3095606435645,7483.8046875,57518,0.0,0.0
2010-03-24 00:00:00+09:00,7483.804298172758,7533.202346345515,7409.707225913621,7434.40625,72148,0.0,0.0
2010-03-25 00:00:00+09:00,7310.911685881877,7656.698049403318,7310.911685881877,7631.9990234375,51470,0.0,0.0
2010-03-26 00:00:00+09:00,7631.998427314992,8076.580859974118,7557.901355205137,8051.8818359375,191214,0.0,0.0
2010-03-29 00:00:00+09:00,8051.882130408654,8150.67823016827,7878.988955829327,8027.18310546875,123130,0.0,0.0
2010-03-30 00:00:00+09:00,8027.183156648372,8817.551959764518,7928.387056258853,8718.755859375,306978,0.0,0.0
2010-03-31 00:00:00+09:00,8743.45468971946,8891.648837002842,8521.16346879439,8694.056640625,148058,0.0,0.0
2010-04-01 00:00:00+09:00,8718.756217893835,9015.14453125,8595.261087328767,9015.14453125,165978,0.0,0.0
2010-04-02 00:00:00+09:00,9089.24022899449,9113.939251355889,8768.152938296314,8965.7451171875,98994,0.0,0.0
2010-04-05 00:00:00+09:00,8990.444924033149,9039.8429730663,8545.862482734807,8941.046875,184826,0.0,0.0
2010-04-06 00:00:00+09:00,8965.745704207064,9039.84277614266,8792.85253635734,8916.34765625,56752,0.0,0.0
2010-04-07 00:00:00+09:00,8891.648629610656,9113.939845350922,8792.852533726093,9039.8427734375,119720,0.0,0.0
2010-04-08 00:00:00+09:00,9089.24082137978,9113.939845350922,8891.648629610656,9039.8427734375,65620,0.0,0.0
2010-04-09 00:00:00+09:00,9064.542583476026,9138.639661815068,8916.348426797944,9015.14453125,44168,0.0,0.0
2010-04-12 00:00:00+09:00,8965.746479023972,9138.639661815068,8743.45524400685,9015.14453125,156346,0.0,0.0
2010-04-13 00:00:00+09:00,9089.24160958904,9089.24160958904,8941.047452910958,9015.14453125,78118,0.0,0.0
2010-04-14 00:00:00+09:00,9039.842384400406,9336.23065929878,8990.444338584011,9113.939453125,181456,0.0,0.0
2010-04-15 00:00:00+09:00,9138.639661815068,9262.134792380137,8842.251348458904,9015.14453125,115270,0.0,0.0
2010-04-16 00:00:00+09:00,9089.240625,9138.638671875,8768.1533203125,9138.638671875,117086,0.0,0.0
2010-04-19 00:00:00+09:00,9113.939845350922,9113.939845350922,8842.250581668373,9039.8427734375,136066,0.0,0.0
2010-04-20 00:00:00+09:00,9385.629114729636,9385.629114729636,8743.454491090239,8792.8525390625,519522,0.0,0.0
2010-04-21 00:00:00+09:00,8866.949027741908,9188.036318440083,8792.851960657714,8965.7451171875,381700,0.0,0.0
2010-04-22 00:00:00+09:00,8965.74689797794,9015.144952512255,8792.853707107843,8817.552734375,180456,0.0,0.0
2010-04-23 00:00:00+09:00,8891.649639423078,8965.746719751603,8496.465211004273,8669.3583984375,314654,0.0,0.0
2010-04-26 00:00:00+09:00,8694.056448699423,8792.85254470737,8545.8623046875,8545.8623046875,66642,0.0,0.0
2010-04-27 00:00:00+09:00,8644.659423828125,8669.358450753349,8249.474993024553,8298.873046875,378496,0.0,0.0
2010-04-28 00:00:00+09:00,8200.076546367995,8694.05706120944,7928.3872632052,8372.9697265625,225600,0.0,0.0
2010-04-29 00:00:00+09:00,8447.066208679553,8570.561328689488,8274.173040665642,8545.8623046875,135624,0.0,0.0
2010-04-30 00:00:00+09:00,8644.657998456212,8644.657998456212,8249.4736328125,8249.4736328125,95250,0.0,0.0
2010-05-03 00:00:00+09:00,8175.377147260919,8298.872270331325,8051.882024190511,8200.076171875,73858,0.0,0.0
2010-05-04 00:00:00+09:00,8249.4736328125,8348.269724223428,8076.580472843376,8249.4736328125,61198,0.0,0.0
2010-05-06 00:00:00+09:00,8200.075980157208,8200.075980157208,7953.085739791028,8051.8818359375,30220,0.0,0.0
2010-05-07 00:00:00+09:00,7780.19297249401,7903.688099041534,7607.299795327476,7730.794921875,82214,0.0,0.0
2010-05-10 00:00:00+09:00,7730.794532506029,7928.386725030145,7681.396484375,7681.396484375,79784,0.0,0.0
2010-05-11 00:00:00+09:00,7829.590628768086,7903.68770096463,7681.396484375,7681.396484375,56824,0.0,0.0
2010-05-12 00:00:00+09:00,7681.397165151743,7755.494243915265,7557.902033879207,7706.09619140625,45526,0.0,0.0
2010-05-13 00:00:00+09:00,7854.289749825836,7854.289749825836,7656.697554861664,7755.49365234375,50474,0.0,0.0
2010-05-14 00:00:00+09:00,7607.299711834016,7755.493862064549,7533.20263671875,7533.20263671875,50098,0.0,0.0
2010-05-17 00:00:00+09:00,7483.804403499681,7557.901476801659,7187.416110291773,7261.51318359375,86766,0.0,0.0
2010-05-18 00:00:00+09:00,7187.4162095997435,7360.309383026542,7014.5230361729455,7212.115234375,59886,0.0,0.0
2010-05-19 00:00:00+09:00,7039.222143554687,7409.70751953125,6866.328968098958,7409.70751953125,56010,0.0,0.0
2010-05-20 00:00:00+09:00,7310.911237564878,7533.202457625973,6915.7268463451555,7138.01806640625,52868,0.0,0.0
2010-05-24 00:00:00+09:00,7014.5232548336335,7113.3193570143885,6816.9310504721225,6866.3291015625,33460,0.0,0.0
2010-05-25 00:00:00+09:00,6718.134269593254,6841.6293848431305,5927.765531994048,6224.15380859375,204266,0.0,0.0
2010-05-26 00:00:00+09:00,6347.649506084736,6471.14463266226,6125.358278245192,6421.74658203125,100778,0.0,0.0
2010-05-27 00:00:00+09:00,6421.746192163275,6520.542287427325,6273.552049267199,6372.34814453125,59010,0.0,0.0
2010-05-28 00:00:00+09:00,6471.14433300047,6668.7365263745305,6471.14433300047,6569.9404296875,112496,0.0,0.0
2010-05-31 00:00:00+09:00,6594.639841563666,6767.533020930504,6594.639841563666,6619.3388671875,56574,0.0,0.0
2010-06-01 00:00:00+09:00,6718.134665830292,6989.823935404311,6718.134665830292,6767.53271484375,48408,0.0,0.0
2010-06-03 00:00:00+09:00,6792.2318262411345,7014.52304964539,6792.2318262411345,6965.125,46990,0.0,0.0
2010-06-04 00:00:00+09:00,7063.920703125,7138.0177734375,6891.0275390625,6915.7265625,31418,0.0,0.0
2010-06-07 00:00:00+09:00,6619.338666130515,6767.532815372242,6594.639641256893,6718.134765625,23446,0.0,0.0
2010-06-08 00:00:00+09:00,6891.027837377395,6940.425886390853,6718.134665830292,6767.53271484375,30894,0.0,0.0
2010-06-09 00:00:00+09:00,6816.930671405075,6841.629695576833,6495.843357172228,6569.9404296875,69812,0.0,0.0
2010-06-10 00:00:00+09:00,6569.940706676136,6841.629984019886,6569.940706676136,6792.23193359375,48430,0.0,0.0
2010-06-11 00:00:00+09:00,6866.3291015625,7039.222280378822,6816.9310504721225,6866.3291015625,51428,0.0,0.0
2010-06-14 00:00:00+09:00,7039.222074468084,7039.222074468084,6891.027925531915,6965.125,32304,0.0,0.0
2010-06-15 00:00:00+09:00,6915.726659121025,7039.221778033901,6866.328611555875,6989.82373046875,25538,0.0,0.0
2010-06-16 00:00:00+09:00,6989.823929981519,7063.92100344422,6866.328807543682,6891.02783203125,50978,0.0,0.0
2010-06-17 00:00:00+09:00,6891.0280344460225,6891.0280344460225,6718.134857954546,6792.23193359375,38496,0.0,0.0
2010-06-18 00:00:00+09:00,6693.43603515625,6816.9311649561805,6594.639931316306,6693.43603515625,28738,0.0,0.0
2010-06-21 00:00:00+09:00,6742.833883167614,6891.0280344460225,6718.134857954546,6792.23193359375,36140,0.0,0.0
2010-06-22 00:00:00+09:00,6866.328812870666,6866.328812870666,6718.134665830292,6767.53271484375,25860,0.0,0.0
2010-06-23 00:00:00+09:00,6767.532615772192,6866.328712352808,6668.736519191576,6816.9306640625,21110,0.0,0.0
2010-06-24 00:00:00+09:00,6866.328515625,6989.8236328125,6792.2314453125,6915.7265625,32924,0.0,0.0
2010-06-25 00:00:00+09:00,6718.134665830292,6940.425886390853,6718.134665830292,6767.53271484375,27426,0.0,0.0
2010-06-28 00:00:00+09:00,6915.726861884124,6915.726861884124,6718.134665830292,6767.53271484375,30378,0.0,0.0
2010-06-29 00:00:00+09:00,6767.532926739387,6866.32902785967,6545.24169921875,6545.24169921875,54094,0.0,0.0
2010-06-30 00:00:00+09:00,6495.843541762408,6816.930865119485,6421.746467141544,6718.134765625,43842,0.0,0.0
2010-07-01 00:00:00+09:00,6816.9310302734375,7113.3193359375,6569.940775553386,7113.3193359375,55304,0.0,0.0
2010-07-02 00:00:00+09:00,7162.717090857483,8175.377093358024,7113.319041955017,7138.01806640625,1184740,0.0,0.0
2010-07-05 00:00:00+09:00,7212.1149482028395,7261.5129957932695,6718.134472298535,6742.83349609375,170510,0.0,0.0
2010-07-06 00:00:00+09:00,6866.3291234258395,6866.3291234258395,6569.940815939833,6619.3388671875,72804,0.0,0.0
2010-07-07 00:00:00+09:00,6792.232138996194,6866.329216876153,6594.639931316306,6693.43603515625,96752,0.0,0.0
2010-07-08 00:00:00+09:00,6816.9309678819445,6816.9309678819445,6644.037791160301,6668.73681640625,60662,0.0,0.0
2010-07-09 00:00:00+09:00,6767.5328227411055,6767.5328227411055,6520.542573735956,6594.6396484375,48382,0.0,0.0
2010-07-12 00:00:00+09:00,6693.435550546288,6693.435550546288,6569.9404296875,6569.9404296875,39394,0.0,0.0
2010-07-13 00:00:00+09:00,6594.63955411044,6644.037603204901,6520.54248046875,6520.54248046875,37190,0.0,0.0
2010-07-14 00:00:00+09:00,6644.0376982385305,6668.736723139045,6520.542573735956,6594.6396484375,36696,0.0,0.0
2010-07-15 00:00:00+09:00,6644.037691004136,6816.930865119485,6644.037691004136,6718.134765625,28686,0.0,0.0
2010-07-16 00:00:00+09:00,6792.23184764162,6891.02794724368,6569.940623536985,6594.6396484375,34924,0.0,0.0
2010-07-19 00:00:00+09:00,6421.74648139313,6594.639655892176,6421.74648139313,6471.14453125,35690,0.0,0.0
2010-07-20 00:00:00+09:00,6495.843556178435,6619.3386808206105,6421.74648139313,6471.14453125,36660,0.0,0.0
2010-07-21 00:00:00+09:00,6569.940638679474,6619.338688594358,6322.950389105058,6347.6494140625,40932,0.0,0.0
2010-07-22 00:00:00+09:00,6322.950199203187,6372.348247634462,6199.455078125,6199.455078125,40768,0.0,0.0
2010-07-23 00:00:00+09:00,6273.55224609375,6397.047369048351,6224.15419691191,6273.55224609375,21134,0.0,0.0
2010-07-26 00:00:00+09:00,6248.8529296875,6446.4451171875,6248.8529296875,6298.2509765625,13192,0.0,0.0
2010-07-27 00:00:00+09:00,6298.2509765625,6397.0470703125,6273.551953125,6298.2509765625,18768,0.0,0.0
2010-07-28 00:00:00+09:00,6372.348621673004,6545.241801330799,6273.552519011407,6495.84375,45024,0.0,0.0
2010-07-29 00:00:00+09:00,6471.144436987211,6569.940535261824,6347.649314143943,6397.04736328125,24018,0.0,0.0
2010-07-30 00:00:00+09:00,6372.34814453125,6471.144239795301,6298.251073083212,6372.34814453125,14468,0.0,0.0
2010-08-02 00:00:00+09:00,6495.84356380715,6495.84356380715,6174.7562393604085,6347.6494140625,27368,0.0,0.0
2010-08-03 00:00:00+09:00,6446.4456073467545,6471.14463266226,6347.649506084736,6421.74658203125,24962,0.0,0.0
2010-08-04 00:00:00+09:00,6372.348439019942,6446.445513892267,6248.853314232733,6347.6494140625,18976,0.0,0.0
2010-08-05 00:00:00+09:00,6347.649618638834,6471.144747406126,6248.853515625,6248.853515625,26698,0.0,0.0
2010-08-06 00:00:00+09:00,6199.455373046875,6347.649525390625,6051.261220703125,6174.75634765625,27456,0.0,0.0
2010-08-09 00:00:00+09:00,6125.358296875001,6248.853423828125,6125.358296875001,6174.75634765625,20108,0.0,0.0
2010-08-10 00:00:00+09:00,6322.950100806452,6322.950100806452,6075.9598624937,6125.35791015625,21120,0.0,0.0
2010-08-11 00:00:00+09:00,6174.7561595479,6174.7561595479,6001.862987080559,6026.56201171875,19286,0.0,0.0
2010-08-12 00:00:00+09:00,5952.464937804176,6075.960060995133,5927.765913165984,6026.56201171875,14950,0.0,0.0
2010-08-13 00:00:00+09:00,6100.659085633325,6125.358110271517,6026.56201171875,6026.56201171875,9816,0.0,0.0
2010-08-16 00:00:00+09:00,6125.358306760204,6125.358306760204,6001.863179607781,6051.26123046875,13510,0.0,0.0
2010-08-17 00:00:00+09:00,5952.465037448347,6075.960162706611,5952.465037448347,5977.1640625,15376,0.0,0.0
2010-08-18 00:00:00+09:00,5977.163962442367,6100.659085633325,5977.163962442367,6026.56201171875,11520,0.0,0.0
2010-08-19 00:00:00+09:00,6199.454981650076,6224.154005481351,6100.658886324974,6125.35791015625,12530,0.0,0.0
2010-08-20 00:00:00+09:00,6125.358212809917,6150.057237861571,5977.1640625,5977.1640625,32180,0.0,0.0
2010-08-23 00:00:00+09:00,6026.562112603306,6075.960162706611,5878.367962293389,5977.1640625,40754,0.0,0.0
2010-08-24 00:00:00+09:00,5903.067087809245,5977.164164225261,5853.669036865234,5927.76611328125,27098,0.0,0.0
2010-08-25 00:00:00+09:00,6026.5619206832625,6051.260944948358,5828.9697265625,5828.9697265625,16748,0.0,0.0
2010-08-26 00:00:00+09:00,5828.96953125,5903.0666015625,5631.37734375,5680.775390625,25710,0.0,0.0
2010-08-27 00:00:00+09:00,5581.979586005731,5680.77568487309,5507.882511855212,5656.07666015625,40116,0.0,0.0
2010-08-30 00:00:00+09:00,5631.377540790929,5730.173637997787,5557.280467885785,5581.9794921875,22536,0.0,0.0
2010-08-31 00:00:00+09:00,5557.280574432792,5557.280574432792,5384.3874010059935,5409.08642578125,30324,0.0,0.0
2010-09-01 00:00:00+09:00,5384.387783689197,5606.679022465357,5384.387783689197,5458.48486328125,14408,0.0,0.0
2010-09-02 00:00:00+09:00,5532.581611570248,6150.057237861571,5532.581611570248,5977.1640625,68122,0.0,0.0
2010-09-03 00:00:00+09:00,5977.163962442367,6125.358110271517,5903.066888527792,6026.56201171875,33932,0.0,0.0
2010-09-06 00:00:00+09:00,6026.562120912447,6026.562120912447,5853.6689453125,5853.6689453125,24810,0.0,0.0
2010-09-07 00:00:00+09:00,5853.668937241736,6100.659187758264,5828.969912190083,5977.1640625,50374,0.0,0.0
2010-09-08 00:00:00+09:00,6051.2611376549585,6051.2611376549585,5903.0669873450415,5977.1640625,20688,0.0,0.0
2010-09-09 00:00:00+09:00,5977.1640625,6125.358212809917,5977.1640625,5977.1640625,23402,0.0,0.0
2010-09-10 00:00:00+09:00,5977.164344353404,6075.96044921875,5952.465318137068,6075.96044921875,14148,0.0,0.0
2010-09-13 00:00:00+09:00,6075.960255899235,6100.659281329719,5977.164154177296,6051.26123046875,14440,0.0,0.0
2010-09-14 00:00:00+09:00,6001.86328125,6051.261332947531,5903.067177854939,6001.86328125,16648,0.0,0.0
2010-09-15 00:00:00+09:00,6001.863087551653,6001.863087551653,5853.668937241736,5977.1640625,23892,0.0,0.0
2010-09-16 00:00:00+09:00,5977.164164225261,5977.164164225261,5828.9700113932295,5927.76611328125,26512,0.0,0.0
2010-09-17 00:00:00+09:00,5903.066888527792,6026.56201171875,5903.066888527792,6026.56201171875,30008,0.0,0.0
2010-09-20 00:00:00+09:00,6026.562215169271,6026.562215169271,5828.9700113932295,5927.76611328125,21778,0.0,0.0
2010-09-24 00:00:00+09:00,5927.766215861345,5977.16426766019,5878.3681640625,5878.3681640625,20204,0.0,0.0
2010-09-27 00:00:00+09:00,5952.46484375,6001.86289224585,5903.066795254149,5952.46484375,27898,0.0,0.0
2010-09-28 00:00:00+09:00,5927.76611328125,6051.261240641276,5878.36806233724,5927.76611328125,27134,0.0,0.0
2010-09-29 00:00:00+09:00,5927.765913165984,6075.960060995133,5927.765913165984,6026.56201171875,35152,0.0,0.0
2010-09-30 00:00:00+09:00,6125.357906371124,6545.241311243338,6001.862787291061,6372.34814453125,55006,0.0,0.0
2010-10-01 00:00:00+09:00,6372.34853140024,6569.940733924279,6322.950480769231,6421.74658203125,54008,0.0,0.0
2010-10-04 00:00:00+09:00,6421.74648139313,6471.14453125,6174.756232108779,6471.14453125,33992,0.0,0.0
2010-10-05 00:00:00+09:00,6495.8434615558635,6495.8434615558635,6298.251265006636,6397.04736328125,11868,0.0,0.0
2010-10-06 00:00:00+09:00,6446.445215979288,6495.843263611313,6322.950096899225,6372.34814453125,20446,0.0,0.0
2010-10-07 00:00:00+09:00,6347.649120715238,6471.144239795301,6322.950096899225,6372.34814453125,24256,0.0,0.0
2010-10-08 00:00:00+09:00,6421.746192163275,6471.144239795301,6322.950096899225,6372.34814453125,8068,0.0,0.0
2010-10-11 00:00:00+09:00,6397.047369048351,6421.746393639272,6273.55224609375,6273.55224609375,12014,0.0,0.0
2010-10-12 00:00:00+09:00,6298.251364147617,6397.047463977383,6248.853314232733,6347.6494140625,18952,0.0,0.0
2010-10-13 00:00:00+09:00,6347.649314143943,6421.746387849903,6273.552240437983,6397.04736328125,17668,0.0,0.0
2010-10-14 00:00:00+09:00,6594.63955411044,6594.63955411044,6372.3483331853695,6520.54248046875,31056,0.0,0.0
2010-10-15 00:00:00+09:00,6446.44540682706,6545.24150501598,6421.74638227983,6520.54248046875,26362,0.0,0.0
2010-10-18 00:00:00+09:00,6520.54246977646,6816.930763857208,6520.54246977646,6767.53271484375,41462,0.0,0.0
2010-10-19 00:00:00+09:00,6668.73681640625,6792.231942635995,6668.73681640625,6668.73681640625,21276,0.0,0.0
2010-10-20 00:00:00+09:00,6742.83379784059,6742.83379784059,6495.84354883544,6594.6396484375,11594,0.0,0.0
2010-10-21 00:00:00+09:00,6644.037892811334,6668.736918435168,6446.445687820663,6619.3388671875,20634,0.0,0.0
2010-10-22 00:00:00+09:00,6693.435554358237,6718.134578544061,6446.4453125,6446.4453125,9512,0.0,0.0
2010-10-25 00:00:00+09:00,6569.940733924279,6619.338784555289,6421.74658203125,6421.74658203125,11370,0.0,0.0
2010-10-26 00:00:00+09:00,6545.241606035305,6594.639655892176,6372.348431536259,6471.14453125,23754,0.0,0.0
2010-10-27 00:00:00+09:00,6619.3386808206105,6619.3386808206105,6421.74648139313,6471.14453125,17164,0.0,0.0
2010-10-28 00:00:00+09:00,6520.54258110687,6520.54258110687,6322.9503816793895,6471.14453125,14630,0.0,0.0
2010-10-29 00:00:00+09:00,6471.14453125,6520.54258110687,6397.047456464695,6471.14453125,8620,0.0,0.0
2010-11-01 00:00:00+09:00,6520.542385057471,6520.542385057471,6372.348239942528,6446.4453125,7518,0.0,0.0
2010-11-02 00:00:00+09:00,6397.047576171875,6471.144652343751,6150.057322265625,6174.75634765625,30858,0.0,0.0
2010-11-03 00:00:00+09:00,6199.454981650076,6224.154005481351,6051.260838662424,6125.35791015625,15926,0.0,0.0
2010-11-04 00:00:00+09:00,6199.4552797634105,6199.4552797634105,6075.960154668523,6100.6591796875,13130,0.0,0.0
2010-11-05 00:00:00+09:00,6075.960162706611,6174.7562629132235,5977.1640625,5977.1640625,27046,0.0,0.0
2010-11-08 00:00:00+09:00,5977.1637671685985,6248.853029312626,5977.1637671685985,6125.35791015625,14240,0.0,0.0
2010-11-09 00:00:00+09:00,6075.9603587962965,6224.154513888889,5977.164255401234,6001.86328125,16168,0.0,0.0
2010-11-10 00:00:00+09:00,5977.163962442367,6075.960060995133,5927.765913165984,6026.56201171875,14960,0.0,0.0
2010-11-11 00:00:00+09:00,6026.56201171875,6051.261036356942,5927.765913165984,6026.56201171875,13086,0.0,0.0
2010-11-12 00:00:00+09:00,6075.959969213453,6100.658993478549,5754.872653767215,5828.9697265625,18202,0.0,0.0
2010-11-15 00:00:00+09:00,5952.465149185505,5952.465149185505,5754.8729450631645,5804.27099609375,14698,0.0,0.0
2010-11-16 00:00:00+09:00,5853.668953731142,5853.668953731142,5705.474803003772,5730.173828125,11208,0.0,0.0
2010-11-17 00:00:00+09:00,5680.775487023873,5878.367677876878,5532.5813438841205,5754.87255859375,16212,0.0,0.0
2010-11-18 00:00:00+09:00,5754.8729450631645,5828.970021609042,5705.47489403258,5804.27099609375,14234,0.0,0.0
2010-11-19 00:00:00+09:00,5828.969826722756,5878.367876101763,5730.173727964743,5779.57177734375,12608,0.0,0.0
2010-11-22 00:00:00+09:00,5779.572176846591,5903.067308830492,5631.378018465909,5705.47509765625,16200,0.0,0.0
2010-11-23 00:00:00+09:00,5730.173637997787,5804.270710902932,5581.9794921875,5581.9794921875,19686,0.0,0.0
2010-11-24 00:00:00+09:00,5433.785836750566,5581.979995934672,5087.999465320984,5458.48486328125,37290,0.0,0.0
2010-11-25 00:00:00+09:00,5483.183799813647,5532.58185206422,5384.3876953125,5384.3876953125,17222,0.0,0.0
2010-11-26 00:00:00+09:00,5433.785450556507,5656.076673533818,5384.3874010059935,5409.08642578125,10952,0.0,0.0
2010-11-29 00:00:00+09:00,5310.29052734375,5433.785655886628,5285.591501635175,5310.29052734375,14196,0.0,0.0
2010-11-30 00:00:00+09:00,5260.892277129709,5433.785450556507,5236.193252354452,5409.08642578125,9992,0.0,0.0
2010-12-01 00:00:00+09:00,5409.08642578125,5433.785450556507,5359.688376230736,5409.08642578125,12366,0.0,0.0
2010-12-02 00:00:00+09:00,5433.785252592489,5532.581348094171,5384.387204841648,5507.88232421875,8960,0.0,0.0
2010-12-03 00:00:00+09:00,5557.280669341216,5557.280669341216,5409.086518158784,5483.18359375,7198,0.0,0.0
2010-12-06 00:00:00+09:00,5384.387582465278,5581.979787326389,5384.387582465278,5557.28076171875,11116,0.0,0.0
2010-12-07 00:00:00+09:00,5557.280851665296,5631.3779296875,5458.484747635691,5631.3779296875,10820,0.0,0.0
2010-12-08 00:00:00+09:00,5656.07666015625,5680.77568487309,5557.2805612888915,5656.07666015625,7258,0.0,0.0
2010-12-09 00:00:00+09:00,5557.280669341216,5730.173845720721,5458.484568552928,5483.18359375,21160,0.0,0.0
2010-12-10 00:00:00+09:00,5557.28037196959,5581.979395845011,5433.785252592489,5507.88232421875,27850,0.0,0.0
2010-12-13 00:00:00+09:00,5532.58203125,5754.873273577009,5409.086896623884,5532.58203125,25922,0.0,0.0
2010-12-14 00:00:00+09:00,5606.678992069129,5754.87315044981,5532.581912878788,5705.47509765625,23828,0.0,0.0
2010-12-15 00:00:00+09:00,5779.571970578458,5878.368072639628,5705.47489403258,5804.27099609375,17644,0.0,0.0
2010-12-16 00:00:00+09:00,5804.2705078125,5903.0666015625,5656.0763671875,5680.775390625,10258,0.0,0.0
2010-12-17 00:00:00+09:00,5705.474314685435,5730.173337692731,4841.008509430066,5606.67822265625,25160,0.0,0.0
2010-12-20 00:00:00+09:00,5384.387109375,5557.2802734375,5384.387109375,5433.78515625,13694,0.0,0.0
2010-12-21 00:00:00+09:00,5631.377838541666,5730.173940972222,5483.183684895834,5557.28076171875,10330,0.0,0.0
2010-12-22 00:00:00+09:00,5557.280851665296,5730.174033717105,5557.280851665296,5631.3779296875,23908,0.0,0.0
2010-12-23 00:00:00+09:00,5705.4744140625,5730.173437500001,5581.979296875,5680.775390625,13954,0.0,0.0
2010-12-24 00:00:00+09:00,5680.775487023873,5754.87255859375,5483.18329617087,5754.87255859375,16238,0.0,0.0
2010-12-27 00:00:00+09:00,5754.8724609375,5804.2705078125,5656.0763671875,5680.775390625,17856,0.0,0.0
2010-12-28 00:00:00+09:00,5730.173437500001,5730.173437500001,5606.678320312501,5680.775390625,4196,0.0,0.0
2010-12-29 00:00:00+09:00,5780.438632981602,5805.354316744453,5680.775897930194,5755.52294921875,14586,50.0,0.0
2010-12-30 00:00:00+09:00,5780.43827436674,5780.43827436674,5581.112816629956,5655.85986328125,14402,0.0,0.0
2011-01-03 00:00:00+09:00,5805.354220695021,6079.426737551867,5780.438537344398,6004.6796875,55022,0.0,0.0
2011-01-04 00:00:00+09:00,6004.679800615348,6702.318947574807,6004.679800615348,6453.162109375,82390,0.0,0.0
2011-01-05 00:00:00+09:00,6552.8245064195735,6552.8245064195735,6129.257903343024,6428.24609375,79726,0.0,0.0
2011-01-06 00:00:00+09:00,6353.4992001307155,6428.246249544018,6253.836467579646,6403.33056640625,22754,0.0,0.0
2011-01-07 00:00:00+09:00,6328.58349609375,6478.077594426673,6328.58349609375,6328.58349609375,16152,0.0,0.0
2011-01-10 00:00:00+09:00,6328.583363614342,6602.655871487404,6328.583363614342,6428.24609375,55146,0.0,0.0
2011-01-11 00:00:00+09:00,6478.077774047852,6502.993457794189,6228.920936584473,6378.4150390625,17224,0.0,0.0
2011-01-12 00:00:00+09:00,6303.6676354786705,6502.993094308035,6278.751953125,6278.751953125,23814,0.0,0.0
2011-01-13 00:00:00+09:00,6403.330545260212,6453.161911371187,6278.752129982776,6328.58349609375,21592,0.0,0.0
2011-01-14 00:00:00+09:00,6428.246406555176,6428.246406555176,6253.836620330811,6378.4150390625,16596,0.0,0.0
2011-01-17 00:00:00+09:00,6428.246228315699,6428.246228315699,6278.752129982776,6328.58349609375,24412,0.0,0.0
2011-01-18 00:00:00+09:00,6403.330364893353,6428.246047247024,6253.8362707713295,6278.751953125,33780,0.0,0.0
2011-01-19 00:00:00+09:00,6328.583363614342,6453.161776283915,6278.7519985465115,6428.24609375,31782,0.0,0.0
2011-01-20 00:00:00+09:00,6428.246406555176,6478.077774047852,6353.499355316162,6378.4150390625,10098,0.0,0.0
2011-01-21 00:00:00+09:00,6253.8362707713295,6378.414682539683,6179.089223710317,6278.751953125,24040,0.0,0.0
2011-01-24 00:00:00+09:00,6328.5836328125,6328.5836328125,6079.426796875,6228.9208984375,18068,0.0,0.0
2011-01-25 00:00:00+09:00,6228.920878669028,6228.920878669028,6029.595410551619,6154.173828125,20606,0.0,0.0
2011-01-26 00:00:00+09:00,6079.426932482215,6154.173984930767,6004.679880033664,6129.25830078125,14950,0.0,0.0
2011-01-27 00:00:00+09:00,6179.089511639676,6204.005195154352,5880.101309463563,6154.173828125,23052,0.0,0.0
2011-01-28 00:00:00+09:00,6079.426602359694,6154.1736507493615,5954.848188376913,6104.34228515625,10704,0.0,0.0
2011-01-31 00:00:00+09:00,6029.595192370554,6104.342240209859,5880.101096691946,5954.84814453125,31234,0.0,0.0
2011-02-01 00:00:00+09:00,5954.848300452994,6029.595350249475,5905.0169339220065,5929.9326171875,13336,0.0,0.0
2011-02-07 00:00:00+09:00,6079.426737551867,6104.34242090249,5929.9326374481325,6004.6796875,11152,0.0,0.0
2011-02-08 00:00:00+09:00,6054.510851843882,6079.426534361758,5880.10107421875,5880.10107421875,16552,0.0,0.0
2011-02-09 00:00:00+09:00,6004.679486808131,6004.679486808131,5705.691296593617,5880.10107421875,15922,0.0,0.0
2011-02-10 00:00:00+09:00,5954.848074473505,5954.848074473505,5730.60693359375,5730.60693359375,17882,0.0,0.0
2011-02-11 00:00:00+09:00,5830.270000507305,5830.270000507305,5606.02884664164,5755.52294921875,13544,0.0,0.0
2011-02-14 00:00:00+09:00,5805.354116254149,5805.354116254149,5606.028653035122,5630.9443359375,19032,0.0,0.0
2011-02-15 00:00:00+09:00,5755.522683626438,6179.089288049163,5655.859953174032,5954.84814453125,18388,0.0,0.0
2011-02-16 00:00:00+09:00,5855.185546875,6029.59532912234,5855.185546875,5855.185546875,10050,0.0,0.0
2011-02-17 00:00:00+09:00,5979.763962765957,5979.763962765957,5755.522814162234,5855.185546875,12090,0.0,0.0
2011-02-18 00:00:00+09:00,5954.848340644211,6253.836541848104,5830.269923475922,6079.4267578125,35006,0.0,0.0
2011-02-21 00:00:00+09:00,6079.426644982569,6378.41484063745,6079.426644982569,6253.83642578125,36148,0.0,0.0
2011-02-22 00:00:00+09:00,6253.836381935586,6253.836381935586,5979.763871173469,6104.34228515625,12154,0.0,0.0
2011-02-23 00:00:00+09:00,6204.004993785511,6204.004993785511,5979.763849431818,6029.59521484375,13554,0.0,0.0
2011-02-24 00:00:00+09:00,6179.089449842438,6179.089449842438,5880.101250656513,5929.9326171875,5570,0.0,0.0
2011-02-25 00:00:00+09:00,5929.9325055803565,6228.92069913903,5929.9325055803565,6104.34228515625,17042,0.0,0.0
2011-02-28 00:00:00+09:00,6179.089491547131,6179.089491547131,6004.679707511526,6079.4267578125,15042,0.0,0.0
2011-03-02 00:00:00+09:00,6079.426932482215,6154.173984930767,5979.764195884146,6129.25830078125,6150,0.0,0.0
2011-03-03 00:00:00+09:00,6079.426623928932,6278.752087008568,6079.426623928932,6179.08935546875,21324,0.0,0.0
2011-03-04 00:00:00+09:00,6129.257967952806,6602.655941087372,6104.34228515625,6104.34228515625,315388,0.0,0.0
2011-03-07 00:00:00+09:00,6253.836499638918,6253.836499638918,5880.101250656513,5929.9326171875,62642,0.0,0.0
2011-03-08 00:00:00+09:00,5905.017071063702,5954.848438752003,5780.438651842948,5830.27001953125,29510,0.0,0.0
2011-03-09 00:00:00+09:00,5830.269863696808,5954.848279587766,5830.269863696808,5855.185546875,17130,0.0,0.0
2011-03-10 00:00:00+09:00,5929.9327549078525,5929.9327549078525,5780.438651842948,5830.27001953125,33330,0.0,0.0
2011-03-11 00:00:00+09:00,5755.52294921875,5905.01705179586,5730.607265455898,5755.52294921875,14174,0.0,0.0
2011-03-14 00:00:00+09:00,5905.0168702238,5905.0168702238,5606.028674263101,5705.69140625,38946,0.0,0.0
2011-03-15 00:00:00+09:00,5655.85986328125,5755.522592149642,5431.618723327368,5655.85986328125,30502,0.0,0.0
2011-03-16 00:00:00+09:00,5606.02884664164,5805.354316744453,5606.02884664164,5755.52294921875,12580,0.0,0.0
2011-03-17 00:00:00+09:00,5730.606909932544,6129.257825406113,5606.028498847054,5655.85986328125,50398,0.0,0.0
2011-03-18 00:00:00+09:00,5680.775568953804,5830.269662873641,5680.775568953804,5730.60693359375,14776,0.0,0.0
2011-03-21 00:00:00+09:00,5730.607320149739,6029.5955281575525,5730.607320149739,5979.76416015625,19138,0.0,0.0
2011-03-22 00:00:00+09:00,5979.763983718488,6054.511033514968,5880.101250656513,5929.9326171875,12218,0.0,0.0
2011-03-23 00:00:00+09:00,5929.932792154948,6004.679844156901,5905.017108154297,5979.76416015625,7218,0.0,0.0
2011-03-24 00:00:00+09:00,5954.848320798755,6104.34242090249,5929.9326374481325,6004.6796875,11406,0.0,0.0
2011-03-25 00:00:00+09:00,6179.089632161458,6179.089632161458,5929.932792154948,5979.76416015625,14990,0.0,0.0
2011-03-28 00:00:00+09:00,6079.426896158854,6079.426896158854,5929.932792154948,5979.76416015625,11442,0.0,0.0
2011-03-29 00:00:00+09:00,5979.764062499999,6278.752265624999,5979.764062499999,6228.9208984375,40474,0.0,0.0
2011-03-30 00:00:00+09:00,6328.583452778478,6353.499135663433,6029.595258159023,6179.08935546875,10748,0.0,0.0
2011-03-31 00:00:00+09:00,6278.752087008568,6278.752087008568,6104.342306813886,6179.08935546875,5064,0.0,0.0
2011-04-01 00:00:00+09:00,6204.005154304979,6204.005154304979,6004.6796875,6004.6796875,27412,0.0,0.0
2011-04-04 00:00:00+09:00,6079.426932482215,6154.173984930767,6004.679880033664,6129.25830078125,17042,0.0,0.0
2011-04-05 00:00:00+09:00,6154.17384765625,6253.836582031249,6079.426796875,6228.9208984375,16030,0.0,0.0
2011-04-06 00:00:00+09:00,6228.920878669028,6278.752245698381,6079.426777580971,6154.173828125,10110,0.0,0.0
2011-04-07 00:00:00+09:00,6253.83642578125,6328.5834746949695,6029.59527904009,6253.83642578125,29620,0.0,0.0
2011-04-08 00:00:00+09:00,6378.414682539683,6378.414682539683,6204.004906063988,6278.751953125,15768,0.0,0.0
2011-04-11 00:00:00+09:00,6527.908823885659,6627.571554021318,6328.583363614342,6428.24609375,84172,0.0,0.0
2011-04-12 00:00:00+09:00,6453.161753216912,6478.077435661765,6228.920611213235,6353.4990234375,31648,0.0,0.0
2011-04-13 00:00:00+09:00,6428.246367187499,6428.246367187499,6228.9208984375,6228.9208984375,19188,0.0,0.0
2011-04-14 00:00:00+09:00,6129.257859002976,6403.330364893353,6129.257859002976,6278.751953125,17576,0.0,0.0
2011-04-15 00:00:00+09:00,6353.49947642131,6378.41516064257,6129.25831842997,6204.00537109375,23512,0.0,0.0
2011-04-18 00:00:00+09:00,6179.08924632353,6353.4990234375,6129.257881433823,6353.4990234375,39552,0.0,0.0
2011-04-19 00:00:00+09:00,6353.499336091897,6378.415019762846,6228.920917737154,6303.66796875,26388,0.0,0.0
2011-04-20 00:00:00+09:00,6378.415019762846,6378.415019762846,6228.920917737154,6303.66796875,26950,0.0,0.0
2011-04-21 00:00:00+09:00,6328.5836328125,6328.5836328125,6228.9208984375,6228.9208984375,42722,0.0,0.0
2011-04-22 00:00:00+09:00,6228.920784441878,6453.161932681785,6228.920784441878,6403.33056640625,18326,0.0,0.0
2011-04-25 00:00:00+09:00,6378.414728682171,6453.161776283915,6278.7519985465115,6428.24609375,19378,0.0,0.0
2011-04-26 00:00:00+09:00,6428.246406555176,6428.246406555176,6253.836620330811,6378.4150390625,12806,0.0,0.0
2011-04-27 00:00:00+09:00,6428.246406555176,6428.246406555176,6278.752304077148,6378.4150390625,9852,0.0,0.0
2011-04-28 00:00:00+09:00,6428.246070772058,6428.246070772058,6278.751976102941,6353.4990234375,23680,0.0,0.0
2011-04-29 00:00:00+09:00,6353.499152214973,7225.548055460165,6353.499152214973,6801.9814453125,146278,0.0,0.0
2011-05-02 00:00:00+09:00,6727.234243128421,6826.89697265625,6627.571513600593,6826.89697265625,35514,0.0,0.0
2011-05-03 00:00:00+09:00,6777.066056436567,6851.813108529617,6652.487636281483,6677.4033203125,30436,0.0,0.0
2011-05-04 00:00:00+09:00,6851.812948347468,7125.8854662813665,6677.403164207714,6702.31884765625,85286,0.0,0.0
2011-05-06 00:00:00+09:00,6652.4875003590305,6926.560019100414,6478.077715705423,6777.06591796875,30124,0.0,0.0
2011-05-09 00:00:00+09:00,6801.981378728693,6801.981378728693,6478.077503551136,6577.740234375,19624,0.0,0.0
2011-05-11 00:00:00+09:00,6527.9091796875,6727.234650822997,6502.993495795563,6527.9091796875,29142,0.0,0.0
2011-05-12 00:00:00+09:00,6677.403009259259,6777.065740740741,6502.993229166666,6727.234375,13036,0.0,0.0
2011-05-13 00:00:00+09:00,6777.065718632959,6777.065718632959,6577.740256320225,6652.4873046875,17292,0.0,0.0
2011-05-16 00:00:00+09:00,6652.487236555233,6652.487236555233,6428.24609375,6428.24609375,13840,0.0,0.0
2011-05-17 00:00:00+09:00,6428.246444119753,6602.656231363311,6378.415076335878,6527.9091796875,14976,0.0,0.0
2011-05-18 00:00:00+09:00,6478.077411954365,6478.077411954365,6278.751953125,6278.751953125,32248,0.0,0.0
2011-05-19 00:00:00+09:00,6278.751953125,6353.4990001860115,6204.004906063988,6278.751953125,16366,0.0,0.0
2011-05-20 00:00:00+09:00,6328.583671569824,6378.4150390625,6204.005252838135,6378.4150390625,18196,0.0,0.0
2011-05-23 00:00:00+09:00,6278.752129982776,6428.246228315699,6253.836446927288,6328.58349609375,12222,0.0,0.0
2011-05-24 00:00:00+09:00,6328.5834746949695,6428.24620657993,6228.92074281001,6253.83642578125,5390,0.0,0.0
2011-05-25 00:00:00+09:00,6328.583317832341,6378.414682539683,6253.8362707713295,6278.751953125,3632,0.0,0.0
2011-05-26 00:00:00+09:00,6204.005080816314,6428.246228315699,6204.005080816314,6328.58349609375,9166,0.0,0.0
2011-05-27 00:00:00+09:00,6353.49915766621,6353.49915766621,6079.426644982569,6253.83642578125,22282,0.0,0.0
2011-05-30 00:00:00+09:00,6278.752064732143,6303.667747528699,6104.34228515625,6104.34228515625,6162,0.0,0.0
2011-05-31 00:00:00+09:00,6079.42694998745,6278.75242375753,6079.42694998745,6204.00537109375,13246,0.0,0.0
2011-06-01 00:00:00+09:00,6204.005016342474,6228.92069913903,6104.34228515625,6104.34228515625,9562,0.0,0.0
2011-06-02 00:00:00+09:00,6179.089650848766,6179.089650848766,6054.51123046875,6054.51123046875,11088,0.0,0.0
2011-06-03 00:00:00+09:00,6129.25830078125,6179.089669080285,6029.595564183181,6129.25830078125,7286,0.0,0.0
2011-06-07 00:00:00+09:00,6179.089669080285,6179.089669080285,6004.679880033664,6129.25830078125,7036,0.0,0.0
2011-06-08 00:00:00+09:00,6179.089632161458,6179.089632161458,5979.76416015625,5979.76416015625,16082,0.0,0.0
2011-06-09 00:00:00+09:00,5979.76416015625,6104.342580159505,5805.354372151693,5979.76416015625,12680,0.0,0.0
2011-06-10 00:00:00+09:00,5905.0168227838,6129.257967952806,5905.0168227838,6104.34228515625,7178,0.0,0.0
2011-06-13 00:00:00+09:00,6154.173787603734,6179.089470954356,5979.764004149378,6004.6796875,11704,0.0,0.0
2011-06-14 00:00:00+09:00,6029.59521484375,6029.59521484375,5880.101118607954,6029.59521484375,4012,0.0,0.0
2011-06-15 00:00:00+09:00,6029.595564183181,6129.25830078125,5979.764195884146,6129.25830078125,13182,0.0,0.0
2011-06-16 00:00:00+09:00,6154.173984930767,6154.173984930767,6004.679880033664,6129.25830078125,13808,0.0,0.0
2011-06-17 00:00:00+09:00,6154.17384765625,6228.9208984375,6104.342480468749,6228.9208984375,24906,0.0,0.0
2011-06-20 00:00:00+09:00,6154.173885345459,6527.909141540527,6154.173885345459,6378.4150390625,28318,0.0,0.0
2011-06-21 00:00:00+09:00,6403.330778301887,6677.403301886792,6403.330778301887,6602.65625,22390,0.0,0.0
2011-06-22 00:00:00+09:00,6702.318647904829,6702.318647904829,6353.499090021307,6577.740234375,37274,0.0,0.0
2011-06-23 00:00:00+09:00,6502.993360476386,6652.487460717222,6478.077677102913,6627.57177734375,19118,0.0,0.0
2011-06-24 00:00:00+09:00,6627.571599786932,6652.487282492897,6502.993186257102,6577.740234375,16906,0.0,0.0
2011-06-27 00:00:00+09:00,6602.655831218636,6826.89697265625,6527.908784072764,6826.89697265625,41270,0.0,0.0
2011-06-28 00:00:00+09:00,6826.897285012638,6826.897285012638,6702.318867402919,6777.06591796875,7260,0.0,0.0
2011-06-29 00:00:00+09:00,6777.065740740741,6851.812789351852,6602.655960648148,6727.234375,11772,0.0,0.0
2011-06-30 00:00:00+09:00,6777.06591796875,6777.06591796875,6577.740449793198,6777.06591796875,20764,0.0,0.0
2011-07-01 00:00:00+09:00,6677.403051403985,7026.222613790761,6677.403051403985,6876.728515625,37994,0.0,0.0
2011-07-04 00:00:00+09:00,7051.138438420665,7424.873691340488,7051.138438420665,7399.9580078125,83426,0.0,0.0
2011-07-05 00:00:00+09:00,7424.873405550733,8496.247756016108,7424.873405550733,8072.68115234375,659108,0.0,0.0
2011-07-06 00:00:00+09:00,8296.922833806819,8296.922833806819,7898.271886837121,8222.17578125,113118,0.0,0.0
2011-07-07 00:00:00+09:00,8222.175247757523,8371.669343171296,7973.018422067901,8072.68115234375,54662,0.0,0.0
2011-07-08 00:00:00+09:00,7948.103007256231,8122.512791114517,7798.60890680627,7873.35595703125,70314,0.0,0.0
2011-07-11 00:00:00+09:00,7948.10306640625,8745.40494140625,7898.27169921875,8720.4892578125,142874,0.0,0.0
2011-07-12 00:00:00+09:00,8820.152140081884,9717.116764496992,8521.163931943516,9318.4658203125,289936,0.0,0.0
2011-07-13 00:00:00+09:00,9467.959294394841,9916.441576760913,9069.308376736111,9418.1279296875,139794,0.0,0.0
2011-07-14 00:00:00+09:00,9467.959886633833,9617.453990106998,9094.224627950918,9168.9716796875,84626,0.0,0.0
2011-07-15 00:00:00+09:00,9119.139828725962,10389.839640925482,9119.139828725962,9717.1162109375,146442,0.0,0.0
2011-07-18 00:00:00+09:00,10016.105048777526,10290.177574987856,9368.297259553108,9617.4541015625,198238,0.0,0.0
2011-07-19 00:00:00+09:00,9492.875332338024,9841.694898355694,9368.296915903142,9517.791015625,89102,0.0,0.0
2011-07-20 00:00:00+09:00,9517.79132915296,9617.454065583881,9094.224699321547,9467.9599609375,122910,0.0,0.0
2011-07-21 00:00:00+09:00,9467.959550498188,10364.924139492754,9467.959550498188,10315.0927734375,191490,0.0,0.0
2011-07-22 00:00:00+09:00,10340.008498418898,10564.24964657738,10115.767350260416,10464.5869140625,109044,0.0,0.0
2011-07-25 00:00:00+09:00,10663.91201547476,10663.91201547476,10090.851323054387,10364.923828125,37652,0.0,0.0
2011-07-26 00:00:00+09:00,10414.755216102327,10464.586580772673,10215.429757420943,10439.6708984375,47118,0.0,0.0
2011-07-27 00:00:00+09:00,10439.671505233617,10464.587189016991,10115.767616049758,10265.26171875,51238,0.0,0.0
2011-07-28 00:00:00+09:00,10065.935835682958,10215.429932252506,9617.453545974311,9941.357421875,115434,0.0,0.0
2011-07-29 00:00:00+09:00,9941.357528023098,10389.83982252038,9816.779112884964,10315.0927734375,92430,0.0,0.0
2011-08-01 00:00:00+09:00,10439.671188575634,10638.996652796648,10016.104577105978,10315.0927734375,103154,0.0,0.0
2011-08-02 00:00:00+09:00,10315.0927734375,10414.755505548008,10140.682992244112,10315.0927734375,32040,0.0,0.0
2011-08-03 00:00:00+09:00,10041.0205078125,10340.008711519074,10016.104824170285,10041.0205078125,45932,0.0,0.0
2011-08-04 00:00:00+09:00,10041.020601263457,11535.961633709629,9816.779446396531,10414.755859375,487500,0.0,0.0
2011-08-05 00:00:00+09:00,8894.899082140977,9966.27348139045,8869.9833984375,8869.9833984375,525292,0.0,0.0
2011-08-08 00:00:00+09:00,8446.416760133045,9168.971586221121,7549.4521484375,7549.4521484375,386846,0.0,0.0
2011-08-09 00:00:00+09:00,6677.402919089148,7076.053839631783,6428.24609375,6428.24609375,486992,0.0,0.0
2011-08-10 00:00:00+09:00,6826.897396955818,7350.126759496228,6777.066029094827,7225.54833984375,329484,0.0,0.0
2011-08-11 00:00:00+09:00,6777.065921001553,8172.344198854814,6777.065921001553,8022.85009765625,482486,0.0,0.0
2011-08-12 00:00:00+09:00,8296.922519178275,9044.393016401544,8247.091152696725,8272.0068359375,325836,0.0,0.0
2011-08-16 00:00:00+09:00,8620.826463984604,8795.23624793805,8321.838262921554,8496.248046875,140954,0.0,0.0
2011-08-17 00:00:00+09:00,8396.58538973973,9144.055899212111,8396.58538973973,8795.236328125,134186,0.0,0.0
2011-08-18 00:00:00+09:00,9368.29675925926,10090.8515625,9318.465393518518,10090.8515625,684106,0.0,0.0
2011-08-19 00:00:00+09:00,9916.442108605295,11461.214497383004,9617.45390432574,10115.767578125,2033964,0.0,0.0
2011-08-22 00:00:00+09:00,9916.441665914017,10041.020078802383,8620.826171875,8620.826171875,896580,0.0,0.0
2011-08-23 00:00:00+09:00,8570.994737574185,8994.56133797756,8072.681090040802,8396.5849609375,674894,0.0,0.0
2011-08-24 00:00:00+09:00,8695.573493551221,9318.465577616495,8396.585293199889,8421.5009765625,782176,0.0,0.0
2011-08-25 00:00:00+09:00,8645.742126825999,8820.151910364275,8172.34414293639,8421.5009765625,226710,0.0,0.0
2011-08-26 00:00:00+09:00,8546.079472656249,8620.8265234375,8072.681484375,8097.59716796875,219784,0.0,0.0
2011-08-29 00:00:00+09:00,8296.922254136029,8570.994761029411,8047.7654296875,8471.33203125,247178,0.0,0.0
2011-08-30 00:00:00+09:00,8620.826782586651,8770.320888643068,8421.501307844765,8446.4169921875,162580,0.0,0.0
2011-08-31 00:00:00+09:00,8595.91055512764,8845.0673828125,8346.753727442781,8845.0673828125,214416,0.0,0.0
2011-09-01 00:00:00+09:00,8894.89855563256,10165.598349294354,8645.741733345934,9268.6337890625,1223214,0.0,0.0
2011-09-02 00:00:00+09:00,9567.62220670391,10041.020180473115,8919.814453125,8919.814453125,1291204,0.0,0.0
2011-09-05 00:00:00+09:00,9393.212627704326,9517.791044517382,8247.091193024224,8421.5009765625,734392,0.0,0.0
2011-09-06 00:00:00+09:00,8247.091352413861,8247.091352413861,7325.211050180288,7773.693359375,534398,0.0,0.0
2011-09-07 00:00:00+09:00,8047.765900917659,8147.428636532738,7624.199274553572,7848.4404296875,321408,0.0,0.0
2011-09-08 00:00:00+09:00,8122.512791114517,8197.259841339497,7723.861856581289,7873.35595703125,176514,0.0,0.0
2011-09-09 00:00:00+09:00,7723.861724853516,8720.489044189453,7723.861724853516,7973.0185546875,415256,0.0,0.0
2011-09-14 00:00:00+09:00,8222.175247757523,8546.07912115403,7948.102739498939,8072.68115234375,231560,0.0,0.0
2011-09-15 00:00:00+09:00,8272.006526010478,8570.994713697604,7997.934020630613,8321.837890625,177554,0.0,0.0
2011-09-16 00:00:00+09:00,8570.995136887608,8770.32060518732,8396.58535212536,8645.7421875,188844,0.0,0.0
2011-09-19 00:00:00+09:00,8670.657830828446,8720.489197672287,8371.669629765396,8496.248046875,141826,0.0,0.0
2011-09-20 00:00:00+09:00,8471.33218273892,9218.802669451177,8396.585134067695,8994.5615234375,344644,0.0,0.0
2011-09-21 00:00:00+09:00,9393.212735702904,9393.212735702904,8670.657909879603,8795.236328125,246700,0.0,0.0
2011-09-22 00:00:00+09:00,8471.332054026967,8645.741831609876,8296.92227644406,8546.0791015625,187948,0.0,0.0
2011-09-23 00:00:00+09:00,8222.175688244048,8371.669791666667,7823.52474578373,7848.4404296875,287042,0.0,0.0
2011-09-26 00:00:00+09:00,7848.440268605025,8122.512785921392,6826.897249516753,7250.4638671875,343662,0.0,0.0
2011-09-27 00:00:00+09:00,7524.53615522541,7698.945933657787,7399.957742059426,7599.283203125,117706,0.0,0.0
2011-09-28 00:00:00+09:00,7823.524392081993,8047.765537077974,7399.9577848673625,7748.77734375,240110,0.0,0.0
2011-09-29 00:00:00+09:00,7923.187167291009,8172.3439964511035,7674.030338130915,7898.271484375,212306,0.0,0.0
2011-09-30 00:00:00+09:00,8222.17520680147,8670.657490808824,7748.7772403492645,8471.33203125,227348,0.0,0.0
2011-10-04 00:00:00+09:00,7997.934378436583,8496.248046875,7798.6089110612165,8496.248046875,208628,0.0,0.0
2011-10-05 00:00:00+09:00,8570.99543128655,8645.742484466375,8122.513112207602,8521.1640625,258346,0.0,0.0
2011-10-06 00:00:00+09:00,8720.48885569853,8869.982950367646,8421.500666360294,8471.33203125,136406,0.0,0.0
2011-10-07 00:00:00+09:00,8595.91119846376,9193.88762966124,8595.91119846376,8894.8994140625,294422,0.0,0.0
2011-10-10 00:00:00+09:00,9044.39314453125,10065.936171874999,8969.64609375,9966.2734375,521626,0.0,0.0
2011-10-11 00:00:00+09:00,10340.008879905523,11411.383293968023,10165.599091569768,10713.744140625,582492,0.0,0.0
2011-10-12 00:00:00+09:00,10514.41805875576,11187.1414890553,10265.261232718894,10813.40625,250662,0.0,0.0
2011-10-13 00:00:00+09:00,10838.321786959792,11386.466796875,10564.249282002189,11386.466796875,343362,0.0,0.0
2011-10-14 00:00:00+09:00,11411.382833683569,12408.010155402657,11112.394637167841,11486.1298828125,464316,0.0,0.0
2011-10-17 00:00:00+09:00,11560.877015063425,12109.022045950052,11311.720182842231,11785.1181640625,326856,0.0,0.0
2011-10-18 00:00:00+09:00,11610.708554687499,12931.23978515625,11610.708554687499,12457.841796875,497260,0.0,0.0
2011-10-19 00:00:00+09:00,12657.166949389939,12806.66104721738,12084.106241051419,12507.6728515625,222282,0.0,0.0
2011-10-20 00:00:00+09:00,12557.503997093023,13504.299933381782,12408.009901889534,12856.4921875,390688,0.0,0.0
2011-10-21 00:00:00+09:00,13429.553109975963,13828.204037173764,12956.155133928572,13603.962890625,364324,0.0,0.0
2011-10-24 00:00:00+09:00,13902.951086023353,14276.686330271292,13105.649231627747,13603.962890625,387202,0.0,0.0
2011-10-25 00:00:00+09:00,13952.782848597359,15447.723868089934,13703.626012015264,15098.904296875,621172,0.0,0.0
2011-10-26 00:00:00+09:00,14849.747027277543,15622.133198159429,14351.433368644068,14700.2529296875,402074,0.0,0.0
2011-10-27 00:00:00+09:00,14999.240945184425,15896.205519979507,14849.746849385245,15198.56640625,344680,0.0,0.0
2011-10-28 00:00:00+09:00,15447.723549290708,15746.711747018915,14451.096223530016,15148.7353515625,302164,0.0,0.0
2011-10-31 00:00:00+09:00,14949.410319577526,14949.410319577526,13977.698648804986,14301.6025390625,251878,0.0,0.0
2011-11-01 00:00:00+09:00,14301.602186129385,14675.337434895833,14102.276720120613,14201.939453125,183150,0.0,0.0
2011-11-02 00:00:00+09:00,13753.457439159292,14251.77111449115,13703.626071626106,14077.361328125,176066,0.0,0.0
2011-11-03 00:00:00+09:00,14102.276600323456,14949.40982366444,14077.360917284015,14924.494140625,186876,0.0,0.0
2011-11-04 00:00:00+09:00,15198.566675534676,15348.06077398256,14675.33733096709,14999.2412109375,118622,0.0,0.0
2011-11-07 00:00:00+09:00,15098.90416461614,16394.519703494094,14775.000279896653,15821.458984375,244328,0.0,0.0
2011-11-08 00:00:00+09:00,15921.1213127102,17092.158404568385,15696.880167460762,16668.591796875,236848,0.0,0.0
2011-11-09 00:00:00+09:00,16942.66528246997,17216.737809098162,16145.363386824325,16593.845703125,165776,0.0,0.0
2011-11-10 00:00:00+09:00,16095.53113425926,16992.495717592592,16045.699768518518,16818.0859375,135754,0.0,0.0
2011-11-11 00:00:00+09:00,16843.00155149648,17690.134765625,16743.338820422538,17690.134765625,162768,0.0,0.0
2011-11-14 00:00:00+09:00,17989.123594635268,18263.196114775143,17590.47265625,17590.47265625,103604,0.0,0.0
2011-11-15 00:00:00+09:00,17889.46141482232,20156.788697202308,17665.220255026496,19982.37890625,355792,0.0,0.0
2011-11-16 00:00:00+09:00,20929.173775337837,21178.33060599662,18437.60546875,18437.60546875,562784,0.0,0.0
2011-11-17 00:00:00+09:00,18886.088121397694,19135.244956772334,17017.411856087896,17291.484375,409360,0.0,0.0
2011-11-18 00:00:00+09:00,16942.66453959924,17914.376182311546,16070.615629472806,16319.7724609375,333732,0.0,0.0
2011-11-21 00:00:00+09:00,16394.51972411344,16618.760875355114,15049.072816663402,15896.2060546875,362526,0.0,0.0
2011-11-22 00:00:00+09:00,16444.351134726225,17416.06279268732,15647.049261527376,17291.484375,268338,0.0,0.0
2011-11-23 00:00:00+09:00,17266.569140625,17291.484824810606,16195.19472064394,16444.3515625,187352,0.0,0.0
2011-11-24 00:00:00+09:00,15995.868410137678,16693.50753082904,15597.217484028328,15721.7958984375,130620,0.0,0.0
2011-11-25 00:00:00+09:00,15572.30198636968,15572.30198636968,13628.878698470744,14052.4453125,611970,0.0,0.0
2011-11-28 00:00:00+09:00,14351.433132279533,15049.072242876457,14177.023354630304,14974.3251953125,174612,0.0,0.0
2011-11-29 00:00:00+09:00,15896.205946828359,17216.737161847013,15572.302063899253,16693.5078125,459362,0.0,0.0
2011-11-30 00:00:00+09:00,16668.592046210106,16892.83319481383,15946.037234042553,16394.51953125,174666,0.0,0.0
2011-12-01 00:00:00+09:00,17092.15892460394,17291.48439311244,15721.796328607998,16120.447265625,173862,0.0,0.0
2011-12-02 00:00:00+09:00,16394.519489311733,16818.08610225748,15696.880362106978,16245.025390625,118376,0.0,0.0
2011-12-05 00:00:00+09:00,16170.277964510658,16593.84456758721,15946.036821705427,16070.615234375,79946,0.0,0.0
2011-12-06 00:00:00+09:00,15970.953224912335,16095.531643203381,15049.07292955858,15098.904296875,166420,0.0,0.0
2011-12-07 00:00:00+09:00,15372.976092182274,15372.976092182274,14401.264475334448,14899.578125,124644,0.0,0.0
2011-12-08 00:00:00+09:00,14750.084725660065,15871.290490279496,14650.421991027228,15098.904296875,103622,0.0,0.0
2011-12-09 00:00:00+09:00,14700.252753586065,15622.133011014344,14700.252753586065,15198.56640625,66214,0.0,0.0
2011-12-12 00:00:00+09:00,15622.133415763608,15622.133415763608,14999.241333795362,15447.7236328125,64024,0.0,0.0
2011-12-13 00:00:00+09:00,15348.060257741692,17764.881434691277,15148.734799848942,16494.181640625,233974,0.0,0.0
2011-12-14 00:00:00+09:00,16593.84533265364,17166.906057354892,16170.27871004837,16419.435546875,137180,0.0,0.0
2011-12-15 00:00:00+09:00,16394.519863192338,16444.351230557662,15846.374822173748,16419.435546875,94294,0.0,0.0
2011-12-16 00:00:00+09:00,16294.857457386363,16768.255456912877,16220.110404829546,16444.3515625,79414,0.0,0.0
2011-12-19 00:00:00+09:00,16444.350829267027,16469.266512341674,14351.433450996677,14999.2412109375,159306,0.0,0.0
2011-12-20 00:00:00+09:00,14999.240988991476,15946.036931818182,14999.240988991476,15348.060546875,47326,0.0,0.0
2011-12-21 00:00:00+09:00,15671.965137970754,15896.20629256811,15497.5553510617,15547.38671875,134300,0.0,0.0
2011-12-22 00:00:00+09:00,14949.410306490385,15721.796505659055,14949.410306490385,15547.38671875,101854,0.0,0.0
2011-12-23 00:00:00+09:00,15397.891821450745,15622.132964481581,14949.409535389073,15049.072265625,94984,0.0,0.0
2011-12-26 00:00:00+09:00,15049.07261898643,15397.892183002672,14849.747153834292,15148.7353515625,77990,0.0,0.0
2011-12-27 00:00:00+09:00,14725.16863406408,15148.735244519392,14725.16863406408,14775.0,61698,0.0,0.0
2011-12-28 00:00:00+09:00,14650.0,15625.0,14525.0,15325.0,61150,50.0,0.0
2011-12-29 00:00:00+09:00,15325.0,16375.0,15150.0,16025.0,97312,0.0,0.0
2012-01-02 00:00:00+09:00,16450.0,16450.0,15950.0,16350.0,57726,0.0,0.0
2012-01-03 00:00:00+09:00,16350.0,16700.0,15975.0,16500.0,69478,0.0,0.0
2012-01-04 00:00:00+09:00,16600.0,17200.0,16325.0,17075.0,114094,0.0,0.0
2012-01-05 00:00:00+09:00,17500.0,18125.0,17175.0,17175.0,94718,0.0,0.0
2012-01-06 00:00:00+09:00,17325.0,17850.0,16875.0,17200.0,83800,0.0,0.0
2012-01-09 00:00:00+09:00,17150.0,17225.0,16525.0,16825.0,61576,0.0,0.0
2012-01-10 00:00:00+09:00,16825.0,16975.0,16275.0,16525.0,111060,0.0,0.0
2012-01-11 00:00:00+09:00,16750.0,16750.0,16100.0,16150.0,59592,0.0,0.0
2012-01-12 00:00:00+09:00,16050.0,16325.0,15750.0,15850.0,58392,0.0,0.0
2012-01-13 00:00:00+09:00,15525.0,16200.0,15100.0,15675.0,147968,0.0,0.0
2012-01-16 00:00:00+09:00,15525.0,15525.0,15000.0,15350.0,89818,0.0,0.0
2012-01-17 00:00:00+09:00,15650.0,15650.0,15250.0,15350.0,59614,0.0,0.0
2012-01-18 00:00:00+09:00,15475.0,15475.0,14650.0,14650.0,141340,0.0,0.0
2012-01-19 00:00:00+09:00,14700.0,15925.0,14200.0,15250.0,181850,0.0,0.0
2012-01-20 00:00:00+09:00,15100.0,15475.0,14850.0,14975.0,73816,0.0,0.0
2012-01-25 00:00:00+09:00,14975.0,15125.0,14225.0,14475.0,115622,0.0,0.0
2012-01-26 00:00:00+09:00,14275.0,14975.0,14275.0,14800.0,47210,0.0,0.0
2012-01-27 00:00:00+09:00,15175.0,15175.0,14800.0,15000.0,36122,0.0,0.0
2012-01-30 00:00:00+09:00,15000.0,15125.0,14600.0,14850.0,34864,0.0,0.0
2012-01-31 00:00:00+09:00,14750.0,14900.0,14500.0,14575.0,57840,0.0,0.0
2012-02-01 00:00:00+09:00,14650.0,14775.0,14225.0,14350.0,76314,0.0,0.0
2012-02-02 00:00:00+09:00,14400.0,14625.0,14125.0,14275.0,64272,0.0,0.0
2012-02-03 00:00:00+09:00,14025.0,14500.0,14025.0,14500.0,73656,0.0,0.0
2012-02-06 00:00:00+09:00,14625.0,14625.0,13750.0,13775.0,111508,0.0,0.0
2012-02-07 00:00:00+09:00,13775.0,14025.0,13450.0,13900.0,71816,0.0,0.0
2012-02-08 00:00:00+09:00,13850.0,14075.0,13850.0,13875.0,61426,0.0,0.0
2012-02-09 00:00:00+09:00,13875.0,15375.0,13450.0,14225.0,169852,0.0,0.0
2012-02-10 00:00:00+09:00,14350.0,15075.0,14250.0,14850.0,87864,0.0,0.0
2012-02-13 00:00:00+09:00,14950.0,16200.0,14850.0,16175.0,153700,0.0,0.0
2012-02-14 00:00:00+09:00,16175.0,17525.0,16175.0,17000.0,173546,0.0,0.0
2012-02-15 00:00:00+09:00,17200.0,17500.0,16425.0,17100.0,182170,0.0,0.0
2012-02-16 00:00:00+09:00,17050.0,17450.0,16575.0,16575.0,85672,0.0,0.0
2012-02-17 00:00:00+09:00,16850.0,17450.0,16750.0,17000.0,80024,0.0,0.0
2012-02-20 00:00:00+09:00,17250.0,18250.0,17025.0,17900.0,259736,0.0,0.0
2012-02-21 00:00:00+09:00,18175.0,18200.0,17650.0,18000.0,103280,0.0,0.0
2012-02-22 00:00:00+09:00,18075.0,19650.0,18075.0,19650.0,243000,0.0,0.0
2012-02-23 00:00:00+09:00,19500.0,20200.0,19000.0,19325.0,172016,0.0,0.0
2012-02-24 00:00:00+09:00,19125.0,20475.0,19050.0,20100.0,189998,0.0,0.0
2012-02-27 00:00:00+09:00,20175.0,20425.0,18775.0,19800.0,126352,0.0,0.0
2012-02-28 00:00:00+09:00,19700.0,20500.0,19150.0,19850.0,163592,0.0,0.0
2012-02-29 00:00:00+09:00,19725.0,20000.0,18700.0,19200.0,202684,0.0,0.0
2012-03-02 00:00:00+09:00,19100.0,19450.0,18850.0,19175.0,48522,0.0,0.0
2012-03-05 00:00:00+09:00,19025.0,19025.0,18000.0,18425.0,128060,0.0,0.0
2012-03-06 00:00:00+09:00,18175.0,19025.0,18175.0,18375.0,66472,0.0,0.0
2012-03-07 00:00:00+09:00,18375.0,18375.0,17425.0,17850.0,138054,0.0,0.0
2012-03-08 00:00:00+09:00,17900.0,18200.0,17450.0,17500.0,105940,0.0,0.0
2012-03-09 00:00:00+09:00,17500.0,17750.0,16900.0,17500.0,94820,0.0,0.0
2012-03-12 00:00:00+09:00,17500.0,17500.0,16950.0,16975.0,125832,0.0,0.0
2012-03-13 00:00:00+09:00,16800.0,19500.0,16750.0,19500.0,337308,0.0,0.0
2012-03-14 00:00:00+09:00,20150.0,20750.0,18800.0,18800.0,323794,0.0,0.0
2012-03-15 00:00:00+09:00,18775.0,19250.0,18100.0,19000.0,152560,0.0,0.0
2012-03-16 00:00:00+09:00,18850.0,19125.0,18675.0,18725.0,74852,0.0,0.0
2012-03-19 00:00:00+09:00,18900.0,18925.0,18250.0,18250.0,44932,0.0,0.0
2012-03-20 00:00:00+09:00,18250.0,19300.0,17950.0,18700.0,127592,0.0,0.0
2012-03-21 00:00:00+09:00,18550.0,19150.0,18500.0,18700.0,37432,0.0,0.0
2012-03-22 00:00:00+09:00,19000.0,19500.0,18650.0,18700.0,81062,0.0,0.0
2012-03-23 00:00:00+09:00,18025.0,18800.0,18025.0,18600.0,49126,0.0,0.0
2012-03-26 00:00:00+09:00,18000.0,18275.0,17325.0,17350.0,211316,0.0,0.0
2012-03-27 00:00:00+09:00,17525.0,17850.0,17300.0,17325.0,79198,0.0,0.0
2012-03-28 00:00:00+09:00,17725.0,18250.0,17425.0,17650.0,70026,0.0,0.0
2012-03-29 00:00:00+09:00,17525.0,17900.0,17375.0,17475.0,47828,0.0,0.0
2012-03-30 00:00:00+09:00,17500.0,18350.0,17350.0,18100.0,69514,0.0,0.0
2012-04-02 00:00:00+09:00,18200.0,18825.0,18025.0,18775.0,52474,0.0,0.0
2012-04-03 00:00:00+09:00,18775.0,19325.0,18575.0,18775.0,61408,0.0,0.0
2012-04-04 00:00:00+09:00,18550.0,18825.0,17800.0,18100.0,52430,0.0,0.0
2012-04-05 00:00:00+09:00,17675.0,18050.0,17625.0,17875.0,40036,0.0,0.0
2012-04-06 00:00:00+09:00,17875.0,19350.0,17875.0,18750.0,134940,0.0,0.0
2012-04-09 00:00:00+09:00,18550.0,19250.0,18000.0,18075.0,112234,0.0,0.0
2012-04-10 00:00:00+09:00,18125.0,18675.0,17950.0,18250.0,44878,0.0,0.0
2012-04-12 00:00:00+09:00,18275.0,18450.0,17850.0,17850.0,32746,0.0,0.0
2012-04-13 00:00:00+09:00,18125.0,18750.0,17900.0,18475.0,56720,0.0,0.0
2012-04-16 00:00:00+09:00,18700.0,18775.0,18175.0,18225.0,46664,0.0,0.0
2012-04-17 00:00:00+09:00,18150.0,18450.0,17950.0,18175.0,35934,0.0,0.0
2012-04-18 00:00:00+09:00,18200.0,18475.0,17800.0,17800.0,50140,0.0,0.0
2012-04-19 00:00:00+09:00,17850.0,18000.0,17500.0,17800.0,43584,0.0,0.0
2012-04-20 00:00:00+09:00,17800.0,18050.0,17400.0,17800.0,37568,0.0,0.0
2012-04-23 00:00:00+09:00,17625.0,18000.0,17450.0,17500.0,44546,0.0,0.0
2012-04-24 00:00:00+09:00,17350.0,17675.0,17225.0,17625.0,28126,0.0,0.0
2012-04-25 00:00:00+09:00,18200.0,18225.0,17825.0,18000.0,37672,0.0,0.0
2012-04-26 00:00:00+09:00,18250.0,18250.0,17575.0,17875.0,48402,0.0,0.0
2012-04-27 00:00:00+09:00,17800.0,17800.0,16525.0,16850.0,130650,0.0,0.0
2012-04-30 00:00:00+09:00,17100.0,17100.0,15925.0,15975.0,74788,0.0,0.0
2012-05-02 00:00:00+09:00,15900.0,16475.0,15750.0,15900.0,62822,0.0,0.0
2012-05-03 00:00:00+09:00,15425.0,16050.0,15425.0,15725.0,42754,0.0,0.0
2012-05-04 00:00:00+09:00,15800.0,16350.0,15525.0,16025.0,54586,0.0,0.0
2012-05-07 00:00:00+09:00,15750.0,16000.0,15600.0,15750.0,20518,0.0,0.0
2012-05-08 00:00:00+09:00,15600.0,16200.0,15600.0,15950.0,24768,0.0,0.0
2012-05-09 00:00:00+09:00,15900.0,16075.0,15850.0,16025.0,11744,0.0,0.0
2012-05-10 00:00:00+09:00,15950.0,16150.0,15775.0,16125.0,24244,0.0,0.0
2012-05-11 00:00:00+09:00,16100.0,16175.0,15625.0,15975.0,26206,0.0,0.0
2012-05-14 00:00:00+09:00,16150.0,16150.0,15325.0,15600.0,37454,0.0,0.0
2012-05-15 00:00:00+09:00,15500.0,15600.0,14750.0,15150.0,55998,0.0,0.0
2012-05-16 00:00:00+09:00,15225.0,15375.0,14650.0,14675.0,38414,0.0,0.0
2012-05-17 00:00:00+09:00,14550.0,14850.0,13500.0,13775.0,91924,0.0,0.0
2012-05-18 00:00:00+09:00,13550.0,13900.0,12700.0,13250.0,95914,0.0,0.0
2012-05-21 00:00:00+09:00,13050.0,13425.0,13050.0,13150.0,38862,0.0,0.0
2012-05-22 00:00:00+09:00,13300.0,14950.0,13300.0,14475.0,85160,0.0,0.0
2012-05-23 00:00:00+09:00,14575.0,14925.0,14125.0,14350.0,33058,0.0,0.0
2012-05-24 00:00:00+09:00,14150.0,14800.0,14150.0,14350.0,21744,0.0,0.0
2012-05-25 00:00:00+09:00,14400.0,15375.0,14400.0,15000.0,37278,0.0,0.0
2012-05-29 00:00:00+09:00,15225.0,15225.0,14600.0,14700.0,28040,0.0,0.0
2012-05-30 00:00:00+09:00,14700.0,14850.0,14250.0,14650.0,26456,0.0,0.0
2012-05-31 00:00:00+09:00,14475.0,14750.0,14075.0,14075.0,28108,0.0,0.0
2012-06-01 00:00:00+09:00,14125.0,14475.0,14100.0,14150.0,21308,0.0,0.0
2012-06-04 00:00:00+09:00,13550.0,13850.0,12800.0,13250.0,60030,0.0,0.0
2012-06-05 00:00:00+09:00,13675.0,14050.0,13600.0,14000.0,25914,0.0,0.0
2012-06-07 00:00:00+09:00,14300.0,14575.0,14150.0,14325.0,27806,0.0,0.0
2012-06-08 00:00:00+09:00,14350.0,14500.0,14100.0,14375.0,24802,0.0,0.0
2012-06-11 00:00:00+09:00,14500.0,14650.0,14175.0,14300.0,30256,0.0,0.0
2012-06-12 00:00:00+09:00,14250.0,14275.0,13875.0,14000.0,23070,0.0,0.0
2012-06-13 00:00:00+09:00,14275.0,14275.0,13775.0,13775.0,22504,0.0,0.0
2012-06-14 00:00:00+09:00,13600.0,14050.0,13575.0,13750.0,25202,0.0,0.0
2012-06-15 00:00:00+09:00,13750.0,14200.0,13200.0,13325.0,37968,0.0,0.0
2012-06-18 00:00:00+09:00,13575.0,13850.0,13400.0,13700.0,34358,0.0,0.0
2012-06-19 00:00:00+09:00,13750.0,13900.0,13475.0,13900.0,19302,0.0,0.0
2012-06-20 00:00:00+09:00,14200.0,14900.0,13975.0,14875.0,62078,0.0,0.0
2012-06-21 00:00:00+09:00,14875.0,14925.0,14350.0,14350.0,44704,0.0,0.0
2012-06-22 00:00:00+09:00,14325.0,14350.0,13750.0,14125.0,27628,0.0,0.0
2012-06-25 00:00:00+09:00,14275.0,14300.0,13700.0,13900.0,36696,0.0,0.0
2012-06-26 00:00:00+09:00,13700.0,13975.0,13675.0,13800.0,10368,0.0,0.0
2012-06-27 00:00:00+09:00,13800.0,14050.0,13675.0,13925.0,8840,0.0,0.0
2012-06-28 00:00:00+09:00,14025.0,14050.0,13750.0,13900.0,17050,0.0,0.0
2012-06-29 00:00:00+09:00,13725.0,14025.0,13525.0,13875.0,12232,0.0,0.0
2012-07-02 00:00:00+09:00,14075.0,14125.0,13875.0,13875.0,18492,0.0,0.0
2012-07-03 00:00:00+09:00,13675.0,14400.0,13675.0,14150.0,38220,0.0,0.0
2012-07-04 00:00:00+09:00,14425.0,14425.0,13850.0,14100.0,14930,0.0,0.0
2012-07-05 00:00:00+09:00,14275.0,14275.0,13800.0,14200.0,20952,0.0,0.0
2012-07-06 00:00:00+09:00,14200.0,14750.0,13750.0,14300.0,36814,0.0,0.0
2012-07-09 00:00:00+09:00,14450.0,14550.0,14000.0,14275.0,15828,0.0,0.0
2012-07-10 00:00:00+09:00,14275.0,14425.0,13600.0,13650.0,33568,0.0,0.0
2012-07-11 00:00:00+09:00,13650.0,13925.0,13500.0,13600.0,19524,0.0,0.0
2012-07-12 00:00:00+09:00,13550.0,13675.0,13250.0,13400.0,37664,0.0,0.0
2012-07-13 00:00:00+09:00,13400.0,13475.0,12500.0,13125.0,33586,0.0,0.0
2012-07-16 00:00:00+09:00,13175.0,13350.0,12825.0,12850.0,21298,0.0,0.0
2012-07-17 00:00:00+09:00,12700.0,12975.0,11675.0,12275.0,115606,0.0,0.0
2012-07-18 00:00:00+09:00,12275.0,12425.0,11525.0,11900.0,61774,0.0,0.0
2012-07-19 00:00:00+09:00,11775.0,12175.0,11650.0,11950.0,45096,0.0,0.0
2012-07-20 00:00:00+09:00,12150.0,13000.0,11950.0,12550.0,68438,0.0,0.0
2012-07-23 00:00:00+09:00,12400.0,12400.0,12000.0,12200.0,35800,0.0,0.0
2012-07-24 00:00:00+09:00,12000.0,12250.0,11775.0,12000.0,13322,0.0,0.0
2012-07-25 00:00:00+09:00,11750.0,11775.0,11000.0,11000.0,72770,0.0,0.0
2012-07-26 00:00:00+09:00,11000.0,11725.0,10800.0,11500.0,31526,0.0,0.0
2012-07-27 00:00:00+09:00,11425.0,11700.0,11425.0,11550.0,18872,0.0,0.0
2012-07-30 00:00:00+09:00,11575.0,11925.0,11425.0,11600.0,19682,0.0,0.0
2012-07-31 00:00:00+09:00,11350.0,11650.0,11275.0,11275.0,19226,0.0,0.0
2012-08-01 00:00:00+09:00,11250.0,11250.0,10900.0,10975.0,38914,0.0,0.0
2012-08-02 00:00:00+09:00,11100.0,11500.0,10925.0,10925.0,22804,0.0,0.0
2012-08-03 00:00:00+09:00,10900.0,11250.0,10900.0,11200.0,14520,0.0,0.0
2012-08-06 00:00:00+09:00,11225.0,11525.0,11100.0,11175.0,28668,0.0,0.0
2012-08-07 00:00:00+09:00,11300.0,11325.0,11100.0,11175.0,13180,0.0,0.0
2012-08-08 00:00:00+09:00,11250.0,11575.0,11250.0,11325.0,16510,0.0,0.0
2012-08-09 00:00:00+09:00,11250.0,11525.0,11250.0,11425.0,17012,0.0,0.0
2012-08-10 00:00:00+09:00,11625.0,11875.0,11400.0,11525.0,22228,0.0,0.0
2012-08-13 00:00:00+09:00,11550.0,11900.0,11525.0,11800.0,24352,0.0,0.0
2012-08-14 00:00:00+09:00,11600.0,12450.0,11600.0,12275.0,38886,0.0,0.0
2012-08-16 00:00:00+09:00,12475.0,12475.0,11700.0,12300.0,29056,0.0,0.0
2012-08-17 00:00:00+09:00,12125.0,12425.0,12125.0,12250.0,7174,0.0,0.0
2012-08-20 00:00:00+09:00,12425.0,12425.0,12000.0,12000.0,14090,0.0,0.0
2012-08-21 00:00:00+09:00,11900.0,12175.0,11875.0,12000.0,23766,0.0,0.0
2012-08-22 00:00:00+09:00,12125.0,12125.0,11675.0,11725.0,19682,0.0,0.0
2012-08-23 00:00:00+09:00,11600.0,12075.0,11600.0,11800.0,30208,0.0,0.0
2012-08-24 00:00:00+09:00,11800.0,12125.0,11700.0,11925.0,27826,0.0,0.0
2012-08-27 00:00:00+09:00,11900.0,12050.0,11825.0,11825.0,31340,0.0,0.0
2012-08-28 00:00:00+09:00,11775.0,12150.0,11775.0,12075.0,19762,0.0,0.0
2012-08-29 00:00:00+09:00,11950.0,12225.0,11925.0,12125.0,18674,0.0,0.0
2012-08-30 00:00:00+09:00,12175.0,12175.0,11950.0,12100.0,9472,0.0,0.0
2012-08-31 00:00:00+09:00,12100.0,12100.0,11875.0,11925.0,14102,0.0,0.0
2012-09-03 00:00:00+09:00,11900.0,12000.0,11800.0,12000.0,18636,0.0,0.0
2012-09-04 00:00:00+09:00,11900.0,12075.0,11675.0,11675.0,27018,0.0,0.0
2012-09-05 00:00:00+09:00,11675.0,11750.0,11525.0,11600.0,12490,0.0,0.0
2012-09-06 00:00:00+09:00,11575.0,11650.0,11425.0,11550.0,16962,0.0,0.0
2012-09-07 00:00:00+09:00,11550.0,11775.0,11550.0,11600.0,16272,0.0,0.0
2012-09-10 00:00:00+09:00,11650.0,11750.0,11350.0,11375.0,38746,0.0,0.0
2012-09-11 00:00:00+09:00,11350.0,11375.0,10900.0,11025.0,51054,0.0,0.0
2012-09-12 00:00:00+09:00,11075.0,11500.0,11075.0,11300.0,33336,0.0,0.0
2012-09-13 00:00:00+09:00,11400.0,11925.0,11025.0,11825.0,39750,0.0,0.0
2012-09-14 00:00:00+09:00,11875.0,12225.0,11825.0,11925.0,52362,0.0,0.0
2012-09-17 00:00:00+09:00,12200.0,12350.0,11950.0,12025.0,38964,0.0,0.0
2012-09-18 00:00:00+09:00,12300.0,12350.0,11950.0,12175.0,39664,0.0,0.0
2012-09-19 00:00:00+09:00,12425.0,13825.0,12325.0,13700.0,243228,0.0,0.0
2012-09-20 00:00:00+09:00,14000.0,14475.0,13525.0,13850.0,115160,0.0,0.0
2012-09-21 00:00:00+09:00,13750.0,14450.0,13750.0,13750.0,85984,0.0,0.0
2012-09-24 00:00:00+09:00,14000.0,14075.0,13325.0,13850.0,63658,0.0,0.0
2012-09-25 00:00:00+09:00,13850.0,13975.0,13350.0,13500.0,50080,0.0,0.0
2012-09-26 00:00:00+09:00,13500.0,13850.0,13200.0,13700.0,31944,0.0,0.0
2012-09-27 00:00:00+09:00,13975.0,14900.0,13525.0,14600.0,112240,0.0,0.0
2012-09-28 00:00:00+09:00,14700.0,14700.0,14150.0,14550.0,54328,0.0,0.0
2012-10-02 00:00:00+09:00,14625.0,14625.0,14175.0,14300.0,35442,0.0,0.0
2012-10-04 00:00:00+09:00,14550.0,15350.0,14300.0,14950.0,104328,0.0,0.0
2012-10-05 00:00:00+09:00,15475.0,15475.0,15075.0,15250.0,36478,0.0,0.0
2012-10-08 00:00:00+09:00,15250.0,15900.0,14850.0,15375.0,70228,0.0,0.0
2012-10-09 00:00:00+09:00,15350.0,15650.0,15225.0,15350.0,64116,0.0,0.0
2012-10-10 00:00:00+09:00,15350.0,16200.0,15275.0,15750.0,73484,0.0,0.0
2012-10-11 00:00:00+09:00,15575.0,16250.0,15575.0,15750.0,53042,0.0,0.0
2012-10-12 00:00:00+09:00,15350.0,15400.0,14275.0,14525.0,186366,0.0,0.0
2012-10-15 00:00:00+09:00,14525.0,14900.0,13200.0,13875.0,126252,0.0,0.0
2012-10-16 00:00:00+09:00,13775.0,14350.0,13750.0,14100.0,31374,0.0,0.0
2012-10-17 00:00:00+09:00,14000.0,14475.0,13925.0,14225.0,42444,0.0,0.0
2012-10-18 00:00:00+09:00,14175.0,14300.0,13450.0,14000.0,38538,0.0,0.0
2012-10-19 00:00:00+09:00,13825.0,13925.0,13150.0,13750.0,46964,0.0,0.0
2012-10-22 00:00:00+09:00,13675.0,13800.0,13225.0,13550.0,23476,0.0,0.0
2012-10-23 00:00:00+09:00,13600.0,13850.0,13500.0,13500.0,31378,0.0,0.0
2012-10-24 00:00:00+09:00,13050.0,13625.0,12900.0,13250.0,60138,0.0,0.0
2012-10-25 00:00:00+09:00,13175.0,13525.0,12975.0,13250.0,30094,0.0,0.0
2012-10-26 00:00:00+09:00,13050.0,13100.0,12600.0,12750.0,37742,0.0,0.0
2012-10-29 00:00:00+09:00,12750.0,12750.0,11700.0,11700.0,72180,0.0,0.0
2012-10-30 00:00:00+09:00,11750.0,12625.0,11750.0,12625.0,35614,0.0,0.0
2012-10-31 00:00:00+09:00,12750.0,13600.0,12750.0,13600.0,34052,0.0,0.0
2012-11-01 00:00:00+09:00,13650.0,13650.0,13200.0,13450.0,17174,0.0,0.0
2012-11-02 00:00:00+09:00,13700.0,14000.0,13500.0,13775.0,31782,0.0,0.0
2012-11-05 00:00:00+09:00,13775.0,14225.0,13750.0,14100.0,32818,0.0,0.0
2012-11-06 00:00:00+09:00,14225.0,14600.0,14125.0,14150.0,43362,0.0,0.0
2012-11-07 00:00:00+09:00,14250.0,14400.0,14025.0,14325.0,15524,0.0,0.0
2012-11-08 00:00:00+09:00,13975.0,14375.0,13750.0,14000.0,37900,0.0,0.0
2012-11-09 00:00:00+09:00,13975.0,14275.0,13875.0,14250.0,15940,0.0,0.0
2012-11-12 00:00:00+09:00,14575.0,14575.0,13925.0,13975.0,27568,0.0,0.0
2012-11-13 00:00:00+09:00,13650.0,13775.0,13450.0,13600.0,25786,0.0,0.0
2012-11-14 00:00:00+09:00,13675.0,14025.0,13275.0,13875.0,25286,0.0,0.0
2012-11-15 00:00:00+09:00,13475.0,13600.0,12600.0,13200.0,60626,0.0,0.0
2012-11-16 00:00:00+09:00,13050.0,13200.0,12400.0,12700.0,36080,0.0,0.0
2012-11-19 00:00:00+09:00,12600.0,12675.0,11650.0,11875.0,99408,0.0,0.0
2012-11-20 00:00:00+09:00,12150.0,12400.0,11875.0,12175.0,63440,0.0,0.0
2012-11-21 00:00:00+09:00,12175.0,12350.0,11700.0,11875.0,41572,0.0,0.0
2012-11-22 00:00:00+09:00,11925.0,12525.0,11700.0,12500.0,29604,0.0,0.0
2012-11-23 00:00:00+09:00,12400.0,12850.0,12200.0,12525.0,36632,0.0,0.0
2012-11-26 00:00:00+09:00,12550.0,12875.0,12050.0,12050.0,26282,0.0,0.0
2012-11-27 00:00:00+09:00,12225.0,12575.0,11875.0,12250.0,19132,0.0,0.0
2012-11-28 00:00:00+09:00,12050.0,12450.0,12050.0,12125.0,14842,0.0,0.0
2012-11-29 00:00:00+09:00,12350.0,12350.0,11750.0,12025.0,14724,0.0,0.0
2012-11-30 00:00:00+09:00,12025.0,12300.0,11850.0,12275.0,25022,0.0,0.0
2012-12-03 00:00:00+09:00,12275.0,12725.0,12100.0,12450.0,26374,0.0,0.0
2012-12-04 00:00:00+09:00,12825.0,12825.0,12400.0,12550.0,23942,0.0,0.0
2012-12-05 00:00:00+09:00,12725.0,12725.0,12000.0,12150.0,45412,0.0,0.0
2012-12-06 00:00:00+09:00,11800.0,12225.0,11800.0,12150.0,29470,0.0,0.0
2012-12-07 00:00:00+09:00,12175.0,12925.0,12175.0,12325.0,27210,0.0,0.0
2012-12-10 00:00:00+09:00,12150.0,12450.0,10950.0,11375.0,152082,0.0,0.0
2012-12-11 00:00:00+09:00,11400.0,11500.0,11050.0,11200.0,25372,0.0,0.0
2012-12-12 00:00:00+09:00,10850.0,11450.0,10850.0,11075.0,44412,0.0,0.0
2012-12-13 00:00:00+09:00,11075.0,11450.0,10825.0,10975.0,47004,0.0,0.0
2012-12-14 00:00:00+09:00,10975.0,11125.0,10700.0,10825.0,61184,0.0,0.0
2012-12-17 00:00:00+09:00,10925.0,10925.0,9625.0,9750.0,137516,0.0,0.0
2012-12-18 00:00:00+09:00,9850.0,10150.0,9850.0,10050.0,48542,0.0,0.0
2012-12-20 00:00:00+09:00,10100.0,10175.0,9325.0,9375.0,105398,0.0,0.0
2012-12-21 00:00:00+09:00,9400.0,9675.0,9275.0,9275.0,36192,0.0,0.0
2012-12-24 00:00:00+09:00,9225.0,9650.0,9225.0,9450.0,24750,0.0,0.0
2012-12-26 00:00:00+09:00,9425.0,9775.0,9425.0,9725.0,31772,0.0,0.0
2012-12-27 00:00:00+09:00,9600.0,9875.0,9450.0,9800.0,20168,0.0,0.0
2012-12-28 00:00:00+09:00,9800.0,10200.0,9500.0,10200.0,39460,0.0,0.0
2013-01-02 00:00:00+09:00,10200.0,10200.0,9800.0,9950.0,21474,0.0,0.0
2013-01-03 00:00:00+09:00,9900.0,10150.0,9700.0,9750.0,21254,0.0,0.0
2013-01-04 00:00:00+09:00,9750.0,10025.0,9625.0,9800.0,21560,0.0,0.0
2013-01-07 00:00:00+09:00,9975.0,10200.0,9800.0,9925.0,17542,0.0,0.0
2013-01-08 00:00:00+09:00,9750.0,10000.0,9750.0,9750.0,26440,0.0,0.0
2013-01-09 00:00:00+09:00,9750.0,10175.0,9725.0,9850.0,25230,0.0,0.0
2013-01-10 00:00:00+09:00,9850.0,9950.0,9675.0,9750.0,34906,0.0,0.0
2013-01-11 00:00:00+09:00,9625.0,9825.0,9550.0,9750.0,31300,0.0,0.0
2013-01-14 00:00:00+09:00,9750.0,9875.0,9625.0,9750.0,13082,0.0,0.0
2013-01-15 00:00:00+09:00,9675.0,9850.0,9300.0,9400.0,54332,0.0,0.0
2013-01-16 00:00:00+09:00,9400.0,9525.0,9300.0,9375.0,16300,0.0,0.0
2013-01-17 00:00:00+09:00,9300.0,9950.0,9150.0,9475.0,92812,0.0,0.0
2013-01-18 00:00:00+09:00,9625.0,9825.0,9575.0,9700.0,23298,0.0,0.0
2013-01-21 00:00:00+09:00,9700.0,9700.0,9375.0,9525.0,29108,0.0,0.0
2013-01-22 00:00:00+09:00,9600.0,9800.0,9550.0,9675.0,56274,0.0,0.0
2013-01-23 00:00:00+09:00,9700.0,10175.0,9700.0,9900.0,69332,0.0,0.0
2013-01-24 00:00:00+09:00,9800.0,9925.0,9550.0,9550.0,65426,0.0,0.0
2013-01-25 00:00:00+09:00,9500.0,9800.0,9350.0,9550.0,35420,0.0,0.0
2013-01-28 00:00:00+09:00,9475.0,9675.0,9425.0,9450.0,12206,0.0,0.0
2013-01-29 00:00:00+09:00,9450.0,10500.0,9375.0,10000.0,77232,0.0,0.0
2013-01-30 00:00:00+09:00,10275.0,10750.0,10250.0,10575.0,126512,0.0,0.0
2013-01-31 00:00:00+09:00,10400.0,10725.0,10400.0,10600.0,41438,0.0,0.0
2013-02-01 00:00:00+09:00,10725.0,11050.0,10525.0,10975.0,148350,0.0,0.0
2013-02-04 00:00:00+09:00,11175.0,11600.0,11000.0,11450.0,125484,0.0,0.0
2013-02-05 00:00:00+09:00,11450.0,12050.0,11275.0,11850.0,83320,0.0,0.0
2013-02-06 00:00:00+09:00,11850.0,11925.0,11400.0,11675.0,89204,0.0,0.0
2013-02-07 00:00:00+09:00,11675.0,11725.0,11375.0,11375.0,74154,0.0,0.0
2013-02-08 00:00:00+09:00,11350.0,12750.0,11200.0,12600.0,177922,0.0,0.0
2013-02-12 00:00:00+09:00,12450.0,12725.0,12250.0,12450.0,51352,0.0,0.0
2013-02-13 00:00:00+09:00,12450.0,12575.0,12250.0,12375.0,38158,0.0,0.0
2013-02-14 00:00:00+09:00,12375.0,12950.0,11875.0,12925.0,108866,0.0,0.0
2013-02-15 00:00:00+09:00,12275.0,13000.0,12150.0,12750.0,168616,0.0,0.0
2013-02-18 00:00:00+09:00,12525.0,12725.0,12250.0,12250.0,80154,0.0,0.0
2013-02-19 00:00:00+09:00,12225.0,12525.0,12225.0,12300.0,86478,0.0,0.0
2013-02-20 00:00:00+09:00,12300.0,14125.0,12300.0,13750.0,294414,0.0,0.0
2013-02-21 00:00:00+09:00,13750.0,14225.0,13475.0,13600.0,90698,0.0,0.0
2013-02-22 00:00:00+09:00,13375.0,14700.0,13375.0,14000.0,134760,0.0,0.0
2013-02-25 00:00:00+09:00,14000.0,14425.0,13575.0,14000.0,64830,0.0,0.0
2013-02-26 00:00:00+09:00,13700.0,14400.0,13650.0,14150.0,56642,0.0,0.0
2013-02-27 00:00:00+09:00,14225.0,14450.0,14000.0,14200.0,54880,0.0,0.0
2013-02-28 00:00:00+09:00,14475.0,15075.0,14100.0,14775.0,131940,0.0,0.0
2013-03-04 00:00:00+09:00,14600.0,14950.0,14525.0,14775.0,39636,0.0,0.0
2013-03-05 00:00:00+09:00,14925.0,14925.0,14550.0,14650.0,43428,0.0,0.0
2013-03-06 00:00:00+09:00,14700.0,14875.0,13825.0,14225.0,102374,0.0,0.0
2013-03-07 00:00:00+09:00,14050.0,14075.0,13475.0,13725.0,110200,0.0,0.0
2013-03-08 00:00:00+09:00,13850.0,13850.0,13250.0,13600.0,58642,0.0,0.0
2013-03-11 00:00:00+09:00,13425.0,13575.0,12825.0,13200.0,63458,0.0,0.0
2013-03-12 00:00:00+09:00,13050.0,13525.0,12975.0,12975.0,65900,0.0,0.0
2013-03-13 00:00:00+09:00,12975.0,13525.0,12800.0,13200.0,80134,0.0,0.0
2013-03-14 00:00:00+09:00,13150.0,13575.0,12950.0,13150.0,63172,0.0,0.0
2013-03-15 00:00:00+09:00,13225.0,13325.0,12875.0,12900.0,45278,0.0,0.0
2013-03-18 00:00:00+09:00,12900.0,13000.0,12000.0,12000.0,150194,0.0,0.0
2013-03-19 00:00:00+09:00,12225.0,12800.0,12100.0,12400.0,64580,0.0,0.0
2013-03-20 00:00:00+09:00,12400.0,14250.0,12275.0,14250.0,487044,0.0,0.0
2013-03-21 00:00:00+09:00,13650.0,13800.0,12475.0,12500.0,859644,0.0,0.0
2013-03-22 00:00:00+09:00,12450.0,12625.0,12000.0,12075.0,153528,0.0,0.0
2013-03-25 00:00:00+09:00,12200.0,12375.0,11975.0,12100.0,83596,0.0,0.0
2013-03-26 00:00:00+09:00,12075.0,13325.0,11825.0,12025.0,447836,0.0,0.0
2013-03-27 00:00:00+09:00,12025.0,12200.0,11950.0,12000.0,73720,0.0,0.0
2013-03-28 00:00:00+09:00,12150.0,12600.0,11975.0,12325.0,135232,0.0,0.0
2013-03-29 00:00:00+09:00,12375.0,12425.0,12100.0,12100.0,43178,0.0,0.0
2013-04-01 00:00:00+09:00,12125.0,12300.0,12050.0,12100.0,34624,0.0,0.0
2013-04-02 00:00:00+09:00,12050.0,12400.0,11750.0,11900.0,72888,0.0,0.0
2013-04-03 00:00:00+09:00,11725.0,12475.0,11725.0,12325.0,87056,0.0,0.0
2013-04-04 00:00:00+09:00,12275.0,12625.0,11900.0,12275.0,64072,0.0,0.0
2013-04-05 00:00:00+09:00,12325.0,12475.0,12000.0,12000.0,37208,0.0,0.0
2013-04-08 00:00:00+09:00,12100.0,12250.0,11225.0,11225.0,72544,0.0,0.0
2013-04-09 00:00:00+09:00,11250.0,11875.0,11175.0,11600.0,59664,0.0,0.0
2013-04-10 00:00:00+09:00,11825.0,12050.0,11600.0,11700.0,26476,0.0,0.0
2013-04-11 00:00:00+09:00,11750.0,12000.0,11600.0,11675.0,30214,0.0,0.0
2013-04-12 00:00:00+09:00,11700.0,12150.0,11650.0,12150.0,41130,0.0,0.0
2013-04-15 00:00:00+09:00,12150.0,12450.0,12100.0,12350.0,35892,0.0,0.0
2013-04-16 00:00:00+09:00,12250.0,12600.0,12025.0,12600.0,33682,0.0,0.0
2013-04-17 00:00:00+09:00,12775.0,12775.0,12400.0,12450.0,37990,0.0,0.0
2013-04-18 00:00:00+09:00,12300.0,12550.0,12200.0,12200.0,28920,0.0,0.0
2013-04-19 00:00:00+09:00,12225.0,12450.0,11950.0,11950.0,30308,0.0,0.0
2013-04-22 00:00:00+09:00,12075.0,12250.0,11950.0,12100.0,22684,0.0,0.0
2013-04-23 00:00:00+09:00,12225.0,12350.0,11900.0,11900.0,30700,0.0,0.0
2013-04-24 00:00:00+09:00,11925.0,12125.0,11875.0,11975.0,34490,0.0,0.0
2013-04-25 00:00:00+09:00,12100.0,12800.0,12025.0,12350.0,81476,0.0,0.0
2013-04-26 00:00:00+09:00,12375.0,12950.0,12375.0,12800.0,48122,0.0,0.0
2013-04-29 00:00:00+09:00,13150.0,13200.0,12750.0,12800.0,33850,0.0,0.0
2013-04-30 00:00:00+09:00,12850.0,13325.0,12575.0,13075.0,62520,0.0,0.0
2013-05-02 00:00:00+09:00,13075.0,13600.0,13075.0,13450.0,87608,0.0,0.0
2013-05-03 00:00:00+09:00,13575.0,13700.0,13075.0,13700.0,46242,0.0,0.0
2013-05-06 00:00:00+09:00,13700.0,13850.0,13400.0,13400.0,47270,0.0,0.0
2013-05-07 00:00:00+09:00,13450.0,14000.0,13250.0,14000.0,72258,0.0,0.0
2013-05-08 00:00:00+09:00,14025.0,14375.0,13800.0,14250.0,59444,0.0,0.0
2013-05-09 00:00:00+09:00,14075.0,14300.0,13850.0,14175.0,53466,0.0,0.0
2013-05-10 00:00:00+09:00,13975.0,14275.0,13975.0,14025.0,31348,0.0,0.0
2013-05-13 00:00:00+09:00,13900.0,14375.0,13550.0,13650.0,35404,0.0,0.0
2013-05-14 00:00:00+09:00,13950.0,14150.0,13300.0,13575.0,42824,0.0,0.0
2013-05-15 00:00:00+09:00,13750.0,13750.0,13400.0,13550.0,12422,0.0,0.0
2013-05-16 00:00:00+09:00,13550.0,13700.0,13200.0,13250.0,47762,0.0,0.0
2013-05-20 00:00:00+09:00,13500.0,13975.0,13300.0,13950.0,59102,0.0,0.0
2013-05-21 00:00:00+09:00,13850.0,14250.0,13850.0,13925.0,32942,0.0,0.0
2013-05-22 00:00:00+09:00,13975.0,14175.0,13650.0,13825.0,36032,0.0,0.0
2013-05-23 00:00:00+09:00,13925.0,13925.0,13525.0,13625.0,17666,0.0,0.0
2013-05-24 00:00:00+09:00,13900.0,13900.0,13575.0,13850.0,12246,0.0,0.0
2013-05-27 00:00:00+09:00,13900.0,14350.0,13600.0,14350.0,58984,0.0,0.0
2013-05-28 00:00:00+09:00,14600.0,14750.0,14375.0,14500.0,44262,0.0,0.0
2013-05-29 00:00:00+09:00,14650.0,14650.0,13975.0,14300.0,40110,0.0,0.0
2013-05-30 00:00:00+09:00,14125.0,14300.0,13700.0,13700.0,29032,0.0,0.0
2013-05-31 00:00:00+09:00,13625.0,13825.0,13300.0,13400.0,20890,0.0,0.0
2013-06-03 00:00:00+09:00,13550.0,13600.0,12950.0,12950.0,19956,0.0,0.0
2013-06-04 00:00:00+09:00,12950.0,13150.0,12400.0,12900.0,48248,0.0,0.0
2013-06-05 00:00:00+09:00,13000.0,13075.0,12625.0,12625.0,14554,0.0,0.0
2013-06-07 00:00:00+09:00,12900.0,12900.0,12425.0,12600.0,14246,0.0,0.0
2013-06-10 00:00:00+09:00,12600.0,12775.0,12375.0,12375.0,21548,0.0,0.0
2013-06-11 00:00:00+09:00,12275.0,12625.0,12150.0,12300.0,35728,0.0,0.0
2013-06-12 00:00:00+09:00,12300.0,12825.0,12000.0,12700.0,22840,0.0,0.0
2013-06-13 00:00:00+09:00,12650.0,13200.0,12425.0,13075.0,29316,0.0,0.0
2013-06-14 00:00:00+09:00,13200.0,13200.0,12500.0,12650.0,25490,0.0,0.0
2013-06-17 00:00:00+09:00,12800.0,12800.0,12250.0,12300.0,14230,0.0,0.0
2013-06-18 00:00:00+09:00,12125.0,12450.0,12125.0,12250.0,10906,0.0,0.0
2013-06-19 00:00:00+09:00,12725.0,12725.0,12225.0,12250.0,7304,0.0,0.0
2013-06-20 00:00:00+09:00,12250.0,12250.0,11625.0,11700.0,30068,0.0,0.0
2013-06-21 00:00:00+09:00,11700.0,11725.0,10875.0,11625.0,66016,0.0,0.0
2013-06-24 00:00:00+09:00,11375.0,11675.0,11375.0,11425.0,18714,0.0,0.0
2013-06-25 00:00:00+09:00,11150.0,12100.0,10500.0,10500.0,129220,0.0,0.0
2013-06-26 00:00:00+09:00,10750.0,11750.0,10575.0,11000.0,39478,0.0,0.0
2013-06-27 00:00:00+09:00,11025.0,11550.0,11025.0,11450.0,24926,0.0,0.0
2013-06-28 00:00:00+09:00,11600.0,11800.0,11525.0,11575.0,13536,0.0,0.0
2013-07-01 00:00:00+09:00,11725.0,11725.0,11425.0,11550.0,12006,0.0,0.0
2013-07-02 00:00:00+09:00,11525.0,11575.0,11400.0,11400.0,20888,0.0,0.0
2013-07-03 00:00:00+09:00,11375.0,11600.0,11300.0,11325.0,15930,0.0,0.0
2013-07-04 00:00:00+09:00,11250.0,11500.0,11200.0,11375.0,13688,0.0,0.0
2013-07-05 00:00:00+09:00,11375.0,11600.0,11375.0,11525.0,11164,0.0,0.0
2013-07-08 00:00:00+09:00,11600.0,11600.0,11225.0,11400.0,11686,0.0,0.0
2013-07-09 00:00:00+09:00,11300.0,11500.0,11250.0,11500.0,8040,0.0,0.0
2013-07-10 00:00:00+09:00,11350.0,11475.0,11275.0,11275.0,8844,0.0,0.0
2013-07-11 00:00:00+09:00,11325.0,11600.0,11300.0,11375.0,17978,0.0,0.0
2013-07-12 00:00:00+09:00,11400.0,11700.0,11400.0,11500.0,11488,0.0,0.0
2013-07-15 00:00:00+09:00,11625.0,11625.0,11375.0,11375.0,20702,0.0,0.0
2013-07-16 00:00:00+09:00,11550.0,11550.0,11275.0,11550.0,12726,0.0,0.0
2013-07-17 00:00:00+09:00,11500.0,11900.0,11500.0,11900.0,27076,0.0,0.0
2013-07-18 00:00:00+09:00,11950.0,12250.0,11850.0,11850.0,16898,0.0,0.0
2013-07-19 00:00:00+09:00,12125.0,12125.0,11825.0,12125.0,10532,0.0,0.0
2013-07-22 00:00:00+09:00,12125.0,12325.0,11900.0,12150.0,12058,0.0,0.0
2013-07-23 00:00:00+09:00,12200.0,12350.0,12150.0,12325.0,22506,0.0,0.0
2013-07-24 00:00:00+09:00,12475.0,13200.0,12400.0,12950.0,89674,0.0,0.0
2013-07-25 00:00:00+09:00,13125.0,13125.0,12800.0,13000.0,26678,0.0,0.0
2013-07-26 00:00:00+09:00,13050.0,13050.0,12825.0,12925.0,28316,0.0,0.0
2013-07-29 00:00:00+09:00,12775.0,13050.0,12650.0,13000.0,25854,0.0,0.0
2013-07-30 00:00:00+09:00,13150.0,13150.0,12850.0,13000.0,18766,0.0,0.0
2013-07-31 00:00:00+09:00,13125.0,13200.0,12900.0,13125.0,9852,0.0,0.0
2013-08-01 00:00:00+09:00,13150.0,13325.0,13000.0,13325.0,21388,0.0,0.0
2013-08-02 00:00:00+09:00,13325.0,13625.0,13325.0,13475.0,13232,0.0,0.0
2013-08-05 00:00:00+09:00,13475.0,13475.0,12950.0,13300.0,16912,0.0,0.0
2013-08-06 00:00:00+09:00,13300.0,13450.0,12700.0,12700.0,18050,0.0,0.0
2013-08-07 00:00:00+09:00,12550.0,12750.0,12250.0,12725.0,22300,0.0,0.0
2013-08-08 00:00:00+09:00,12475.0,12875.0,12475.0,12800.0,11156,0.0,0.0
2013-08-09 00:00:00+09:00,12800.0,13050.0,12625.0,12925.0,13924,0.0,0.0
2013-08-12 00:00:00+09:00,12875.0,13100.0,12625.0,12900.0,13600,0.0,0.0
2013-08-13 00:00:00+09:00,12925.0,13075.0,12500.0,12525.0,31476,0.0,0.0
2013-08-14 00:00:00+09:00,12550.0,12750.0,12225.0,12300.0,27240,0.0,0.0
2013-08-16 00:00:00+09:00,12075.0,12500.0,12075.0,12450.0,6666,0.0,0.0
2013-08-19 00:00:00+09:00,12450.0,12650.0,12300.0,12450.0,26718,0.0,0.0
2013-08-20 00:00:00+09:00,12300.0,12575.0,11750.0,12275.0,27256,0.0,0.0
2013-08-21 00:00:00+09:00,12300.0,12300.0,11700.0,12000.0,31028,0.0,0.0
2013-08-22 00:00:00+09:00,11650.0,11825.0,11400.0,11400.0,19082,0.0,0.0
2013-08-23 00:00:00+09:00,11850.0,11850.0,11500.0,11800.0,12576,0.0,0.0
2013-08-26 00:00:00+09:00,11950.0,11975.0,11625.0,11625.0,14406,0.0,0.0
2013-08-27 00:00:00+09:00,11625.0,11850.0,11125.0,11300.0,27328,0.0,0.0
2013-08-28 00:00:00+09:00,11300.0,11325.0,10950.0,11100.0,17948,0.0,0.0
2013-08-29 00:00:00+09:00,11100.0,11225.0,10850.0,10950.0,18638,0.0,0.0
2013-08-30 00:00:00+09:00,11150.0,11225.0,10950.0,11100.0,11142,0.0,0.0
2013-09-02 00:00:00+09:00,11100.0,11475.0,11075.0,11250.0,8956,0.0,0.0
2013-09-03 00:00:00+09:00,11200.0,11350.0,11125.0,11325.0,12588,0.0,0.0
2013-09-04 00:00:00+09:00,11325.0,11350.0,11200.0,11200.0,10760,0.0,0.0
2013-09-05 00:00:00+09:00,11175.0,11350.0,11175.0,11175.0,13732,0.0,0.0
2013-09-06 00:00:00+09:00,11150.0,11275.0,10900.0,11175.0,27754,0.0,0.0
2013-09-09 00:00:00+09:00,11275.0,11275.0,10750.0,10750.0,32392,0.0,0.0
2013-09-10 00:00:00+09:00,10875.0,11000.0,10650.0,10650.0,19588,0.0,0.0
2013-09-11 00:00:00+09:00,10750.0,10950.0,10650.0,10775.0,24120,0.0,0.0
2013-09-12 00:00:00+09:00,10775.0,10875.0,10625.0,10775.0,28786,0.0,0.0
2013-09-13 00:00:00+09:00,10775.0,10775.0,10600.0,10725.0,16768,0.0,0.0
2013-09-16 00:00:00+09:00,10725.0,10850.0,10475.0,10575.0,24208,0.0,0.0
2013-09-17 00:00:00+09:00,10375.0,10550.0,10300.0,10550.0,55174,0.0,0.0
2013-09-23 00:00:00+09:00,10550.0,10550.0,10350.0,10375.0,14060,0.0,0.0
2013-09-24 00:00:00+09:00,10175.0,10375.0,10175.0,10375.0,17906,0.0,0.0
2013-09-25 00:00:00+09:00,10125.0,10975.0,10075.0,10975.0,92666,0.0,0.0
2013-09-26 00:00:00+09:00,11075.0,11125.0,10825.0,10950.0,26624,0.0,0.0
2013-09-27 00:00:00+09:00,10950.0,11400.0,10750.0,11250.0,60204,0.0,0.0
2013-09-30 00:00:00+09:00,11375.0,11375.0,10875.0,10875.0,22880,0.0,0.0
2013-10-01 00:00:00+09:00,11075.0,11100.0,10500.0,10800.0,13004,0.0,0.0
2013-10-02 00:00:00+09:00,11125.0,11125.0,10700.0,10925.0,10180,0.0,0.0
2013-10-04 00:00:00+09:00,10900.0,11150.0,10500.0,10700.0,18438,0.0,0.0
2013-10-07 00:00:00+09:00,10700.0,10800.0,10475.0,10550.0,10954,0.0,0.0
2013-10-08 00:00:00+09:00,11100.0,11100.0,10250.0,10525.0,16642,0.0,0.0
2013-10-10 00:00:00+09:00,10425.0,10625.0,10400.0,10575.0,8836,0.0,0.0
2013-10-11 00:00:00+09:00,10600.0,10725.0,10500.0,10525.0,17970,0.0,0.0
2013-10-14 00:00:00+09:00,10900.0,11225.0,10525.0,10675.0,33124,0.0,0.0
2013-10-15 00:00:00+09:00,10875.0,10900.0,10600.0,10725.0,20306,0.0,0.0
2013-10-16 00:00:00+09:00,10925.0,10925.0,10400.0,10450.0,21442,0.0,0.0
2013-10-17 00:00:00+09:00,10375.0,10650.0,10050.0,10350.0,55004,0.0,0.0
2013-10-18 00:00:00+09:00,10375.0,10625.0,10275.0,10500.0,29884,0.0,0.0
2013-10-21 00:00:00+09:00,10500.0,10600.0,10250.0,10450.0,10180,0.0,0.0
2013-10-22 00:00:00+09:00,10475.0,10725.0,10325.0,10650.0,20684,0.0,0.0
2013-10-23 00:00:00+09:00,10775.0,11150.0,10750.0,10825.0,33558,0.0,0.0
2013-10-24 00:00:00+09:00,10950.0,10950.0,10550.0,10800.0,38288,0.0,0.0
2013-10-25 00:00:00+09:00,10950.0,11075.0,10600.0,10875.0,25748,0.0,0.0
2013-10-28 00:00:00+09:00,10875.0,10975.0,10600.0,10600.0,19688,0.0,0.0
2013-10-29 00:00:00+09:00,10600.0,10725.0,10525.0,10600.0,14158,0.0,0.0
2013-10-30 00:00:00+09:00,10725.0,10725.0,10425.0,10450.0,12566,0.0,0.0
2013-10-31 00:00:00+09:00,10300.0,10550.0,10300.0,10325.0,14026,0.0,0.0
2013-11-01 00:00:00+09:00,10325.0,10500.0,10200.0,10425.0,51722,0.0,0.0
2013-11-04 00:00:00+09:00,10400.0,10450.0,10150.0,10325.0,17498,0.0,0.0
2013-11-05 00:00:00+09:00,10350.0,10375.0,9950.0,9950.0,38034,0.0,0.0
2013-11-06 00:00:00+09:00,9875.0,10325.0,9800.0,9850.0,64236,0.0,0.0
2013-11-07 00:00:00+09:00,9850.0,9925.0,9600.0,9800.0,45218,0.0,0.0
2013-11-08 00:00:00+09:00,9775.0,9775.0,9400.0,9425.0,27280,0.0,0.0
2013-11-11 00:00:00+09:00,9350.0,9425.0,8750.0,8750.0,48134,0.0,0.0
2013-11-12 00:00:00+09:00,8750.0,9000.0,8300.0,8550.0,63128,0.0,0.0
2013-11-13 00:00:00+09:00,8550.0,8825.0,8525.0,8750.0,47712,0.0,0.0
2013-11-14 00:00:00+09:00,8800.0,9175.0,8750.0,9100.0,23512,0.0,0.0
2013-11-15 00:00:00+09:00,9000.0,9200.0,8950.0,9100.0,21434,0.0,0.0
2013-11-18 00:00:00+09:00,9200.0,9200.0,8900.0,8900.0,23700,0.0,0.0
2013-11-19 00:00:00+09:00,8750.0,8900.0,8650.0,8800.0,36918,0.0,0.0
2013-11-20 00:00:00+09:00,8800.0,8800.0,8650.0,8650.0,7792,0.0,0.0
2013-11-21 00:00:00+09:00,8575.0,9150.0,8550.0,8900.0,25036,0.0,0.0
2013-11-22 00:00:00+09:00,8850.0,8850.0,8125.0,8150.0,98368,0.0,0.0
2013-11-25 00:00:00+09:00,8175.0,8450.0,8000.0,8300.0,27714,0.0,0.0
2013-11-26 00:00:00+09:00,8300.0,8525.0,8250.0,8400.0,24946,0.0,0.0
2013-11-27 00:00:00+09:00,8350.0,8475.0,8150.0,8400.0,14350,0.0,0.0
2013-11-28 00:00:00+09:00,8450.0,8625.0,8225.0,8425.0,24770,0.0,0.0
2013-11-29 00:00:00+09:00,8400.0,8500.0,8300.0,8450.0,47512,0.0,0.0
2013-12-02 00:00:00+09:00,8675.0,8675.0,8325.0,8350.0,22990,0.0,0.0
2013-12-03 00:00:00+09:00,8375.0,8375.0,8050.0,8175.0,23894,0.0,0.0
2013-12-04 00:00:00+09:00,8175.0,8400.0,8175.0,8350.0,12128,0.0,0.0
2013-12-05 00:00:00+09:00,8375.0,8550.0,8275.0,8275.0,11270,0.0,0.0
2013-12-06 00:00:00+09:00,8275.0,8450.0,8100.0,8100.0,21444,0.0,0.0
2013-12-09 00:00:00+09:00,8150.0,8350.0,8100.0,8100.0,16764,0.0,0.0
2013-12-10 00:00:00+09:00,8075.0,8250.0,7750.0,7825.0,17286,0.0,0.0
2013-12-11 00:00:00+09:00,7725.0,7825.0,7550.0,7650.0,24170,0.0,0.0
2013-12-12 00:00:00+09:00,7475.0,8075.0,7475.0,8000.0,14088,0.0,0.0
2013-12-13 00:00:00+09:00,8100.0,9200.0,8075.0,9200.0,103778,0.0,0.0
2013-12-16 00:00:00+09:00,9750.0,10350.0,9225.0,9275.0,218172,0.0,0.0
2013-12-17 00:00:00+09:00,9300.0,9375.0,8650.0,8650.0,101668,0.0,0.0
2013-12-18 00:00:00+09:00,8600.0,9925.0,8475.0,9925.0,345558,0.0,0.0
2013-12-19 00:00:00+09:00,10150.0,10150.0,9500.0,9500.0,191240,0.0,0.0
2013-12-20 00:00:00+09:00,9700.0,10475.0,9150.0,9150.0,407436,0.0,0.0
2013-12-23 00:00:00+09:00,9200.0,10250.0,9150.0,9350.0,229774,0.0,0.0
2013-12-24 00:00:00+09:00,9375.0,10025.0,9375.0,9550.0,179818,0.0,0.0
2013-12-26 00:00:00+09:00,9775.0,9975.0,9550.0,9625.0,80284,0.0,0.0
2013-12-27 00:00:00+09:00,9625.0,9725.0,9525.0,9525.0,36594,0.0,0.0
2013-12-30 00:00:00+09:00,9550.0,9675.0,9025.0,9100.0,67180,0.0,0.0
2014-01-02 00:00:00+09:00,9225.0,9225.0,9000.0,9000.0,27146,0.0,0.0
2014-01-03 00:00:00+09:00,9000.0,9125.0,8825.0,8875.0,27358,0.0,0.0
2014-01-06 00:00:00+09:00,8925.0,9450.0,8925.0,9175.0,52686,0.0,0.0
2014-01-07 00:00:00+09:00,9225.0,9225.0,9050.0,9050.0,25446,0.0,0.0
2014-01-08 00:00:00+09:00,9225.0,9525.0,8850.0,8900.0,56686,0.0,0.0
2014-01-09 00:00:00+09:00,9050.0,9150.0,8875.0,9000.0,29206,0.0,0.0
2014-01-10 00:00:00+09:00,8950.0,9125.0,8550.0,8550.0,53204,0.0,0.0
2014-01-13 00:00:00+09:00,8550.0,8675.0,8475.0,8475.0,23642,0.0,0.0
2014-01-14 00:00:00+09:00,8475.0,9400.0,8425.0,8850.0,88260,0.0,0.0
2014-01-15 00:00:00+09:00,8775.0,9225.0,8675.0,9100.0,36488,0.0,0.0
2014-01-16 00:00:00+09:00,9150.0,9225.0,8950.0,9125.0,18722,0.0,0.0
2014-01-17 00:00:00+09:00,9100.0,9700.0,8925.0,9325.0,74436,0.0,0.0
2014-01-20 00:00:00+09:00,9675.0,9700.0,9300.0,9300.0,44602,0.0,0.0
2014-01-21 00:00:00+09:00,9325.0,9525.0,9250.0,9325.0,29488,0.0,0.0
2014-01-22 00:00:00+09:00,9325.0,9400.0,9250.0,9250.0,19118,0.0,0.0
2014-01-23 00:00:00+09:00,9350.0,9375.0,9075.0,9100.0,20018,0.0,0.0
2014-01-24 00:00:00+09:00,9100.0,9150.0,8775.0,8775.0,22806,0.0,0.0
2014-01-27 00:00:00+09:00,8775.0,8775.0,8300.0,8400.0,42986,0.0,0.0
2014-01-28 00:00:00+09:00,8625.0,8650.0,8225.0,8300.0,14806,0.0,0.0
2014-01-29 00:00:00+09:00,8400.0,8575.0,8325.0,8500.0,15534,0.0,0.0
2014-02-03 00:00:00+09:00,8400.0,8500.0,8325.0,8350.0,11468,0.0,0.0
2014-02-04 00:00:00+09:00,8225.0,8350.0,8000.0,8000.0,21994,0.0,0.0
2014-02-05 00:00:00+09:00,7975.0,8100.0,7950.0,8000.0,18654,0.0,0.0
2014-02-06 00:00:00+09:00,8025.0,8125.0,7925.0,7950.0,37240,0.0,0.0
2014-02-07 00:00:00+09:00,8050.0,8125.0,7900.0,7950.0,27422,0.0,0.0
2014-02-10 00:00:00+09:00,7900.0,8100.0,7900.0,8000.0,46746,0.0,0.0
2014-02-11 00:00:00+09:00,8000.0,8425.0,7950.0,8200.0,40158,0.0,0.0
2014-02-12 00:00:00+09:00,8225.0,8325.0,8200.0,8200.0,13452,0.0,0.0
2014-02-13 00:00:00+09:00,8275.0,8400.0,8150.0,8400.0,19620,0.0,0.0
2014-02-14 00:00:00+09:00,8400.0,8525.0,8225.0,8225.0,28228,0.0,0.0
2014-02-17 00:00:00+09:00,8350.0,8350.0,8050.0,8050.0,26730,0.0,0.0
2014-02-18 00:00:00+09:00,8000.0,8200.0,7950.0,8150.0,15246,0.0,0.0
2014-02-19 00:00:00+09:00,8150.0,8200.0,8000.0,8075.0,11792,0.0,0.0
2014-02-20 00:00:00+09:00,8200.0,8650.0,8075.0,8500.0,48960,0.0,0.0
2014-02-21 00:00:00+09:00,8600.0,8675.0,8300.0,8350.0,30396,0.0,0.0
2014-02-24 00:00:00+09:00,8350.0,8575.0,8250.0,8400.0,27900,0.0,0.0
2014-02-25 00:00:00+09:00,8425.0,8500.0,8200.0,8225.0,36036,0.0,0.0
2014-02-26 00:00:00+09:00,8400.0,8400.0,8175.0,8175.0,15036,0.0,0.0
2014-02-27 00:00:00+09:00,8200.0,8550.0,8175.0,8550.0,27412,0.0,0.0
2014-02-28 00:00:00+09:00,8550.0,8625.0,8425.0,8550.0,29782,0.0,0.0
2014-03-03 00:00:00+09:00,8525.0,8675.0,8375.0,8550.0,18938,0.0,0.0
2014-03-04 00:00:00+09:00,8450.0,8550.0,8275.0,8300.0,16472,0.0,0.0
2014-03-05 00:00:00+09:00,8325.0,8500.0,8300.0,8300.0,11064,0.0,0.0
2014-03-06 00:00:00+09:00,8450.0,8475.0,8275.0,8450.0,11848,0.0,0.0
2014-03-07 00:00:00+09:00,8525.0,9150.0,8525.0,8625.0,228676,0.0,0.0
2014-03-10 00:00:00+09:00,8650.0,8700.0,8475.0,8525.0,32128,0.0,0.0
2014-03-11 00:00:00+09:00,8600.0,8675.0,8500.0,8575.0,28122,0.0,0.0
2014-03-12 00:00:00+09:00,8475.0,8750.0,8400.0,8400.0,34644,0.0,0.0
2014-03-13 00:00:00+09:00,8425.0,8950.0,8425.0,8900.0,92218,0.0,0.0
2014-03-14 00:00:00+09:00,8900.0,9400.0,8800.0,9175.0,139712,0.0,0.0
2014-03-17 00:00:00+09:00,9300.0,9650.0,9100.0,9250.0,78958,0.0,0.0
2014-03-18 00:00:00+09:00,9250.0,9550.0,9175.0,9200.0,58188,0.0,0.0
2014-03-19 00:00:00+09:00,9200.0,9550.0,9150.0,9500.0,49696,0.0,0.0
2014-03-20 00:00:00+09:00,9400.0,9550.0,9275.0,9275.0,26648,0.0,0.0
2014-03-21 00:00:00+09:00,9275.0,9500.0,9275.0,9450.0,35240,0.0,0.0
2014-03-24 00:00:00+09:00,9425.0,9925.0,9425.0,9550.0,98386,0.0,0.0
2014-03-25 00:00:00+09:00,9600.0,9600.0,9125.0,9350.0,55042,0.0,0.0
2014-03-26 00:00:00+09:00,9500.0,9550.0,9275.0,9300.0,20328,0.0,0.0
2014-03-27 00:00:00+09:00,9275.0,9325.0,9150.0,9250.0,26724,0.0,0.0
2014-03-28 00:00:00+09:00,9150.0,9400.0,9150.0,9200.0,7206,0.0,0.0
2014-03-31 00:00:00+09:00,9200.0,9400.0,9100.0,9175.0,22952,0.0,0.0
2014-04-01 00:00:00+09:00,9500.0,9500.0,9200.0,9350.0,19204,0.0,0.0
2014-04-02 00:00:00+09:00,9250.0,9500.0,9200.0,9400.0,32740,0.0,0.0
2014-04-03 00:00:00+09:00,9500.0,9725.0,9250.0,9600.0,22392,0.0,0.0
2014-04-04 00:00:00+09:00,9650.0,9650.0,9325.0,9325.0,19640,0.0,0.0
2014-04-07 00:00:00+09:00,9275.0,10000.0,9250.0,9400.0,16144,0.0,0.0
2014-04-08 00:00:00+09:00,9600.0,9600.0,9200.0,9325.0,18980,0.0,0.0
2014-04-09 00:00:00+09:00,9425.0,9450.0,9250.0,9275.0,10320,0.0,0.0
2014-04-10 00:00:00+09:00,9450.0,9450.0,9150.0,9150.0,20726,0.0,0.0
2014-04-11 00:00:00+09:00,9175.0,9225.0,8800.0,9075.0,19874,0.0,0.0
2014-04-14 00:00:00+09:00,9050.0,9225.0,8900.0,8900.0,20956,0.0,0.0
2014-04-15 00:00:00+09:00,8975.0,9100.0,8750.0,8900.0,19228,0.0,0.0
2014-04-16 00:00:00+09:00,8850.0,9025.0,8625.0,8825.0,41252,0.0,0.0
2014-04-17 00:00:00+09:00,8975.0,8975.0,8625.0,8775.0,19508,0.0,0.0
2014-04-18 00:00:00+09:00,8800.0,8850.0,8675.0,8675.0,15454,0.0,0.0
2014-04-21 00:00:00+09:00,8775.0,8825.0,8575.0,8575.0,19718,0.0,0.0
2014-04-22 00:00:00+09:00,8575.0,8825.0,8575.0,8775.0,23498,0.0,0.0
2014-04-23 00:00:00+09:00,8775.0,8875.0,8650.0,8750.0,20508,0.0,0.0
2014-04-24 00:00:00+09:00,8625.0,8775.0,8575.0,8725.0,15160,0.0,0.0
2014-04-25 00:00:00+09:00,8800.0,8800.0,8475.0,8500.0,24844,0.0,0.0
2014-04-28 00:00:00+09:00,8350.0,8500.0,8175.0,8325.0,19514,0.0,0.0
2014-04-29 00:00:00+09:00,8225.0,8500.0,8225.0,8250.0,14518,0.0,0.0
2014-04-30 00:00:00+09:00,8150.0,8450.0,8150.0,8200.0,19940,0.0,0.0
2014-05-02 00:00:00+09:00,8275.0,8425.0,8250.0,8250.0,5826,0.0,0.0
2014-05-07 00:00:00+09:00,8200.0,8625.0,8200.0,8525.0,26196,0.0,0.0
2014-05-08 00:00:00+09:00,8475.0,8625.0,8375.0,8500.0,11684,0.0,0.0
2014-05-09 00:00:00+09:00,8425.0,8725.0,8425.0,8500.0,17776,0.0,0.0
2014-05-12 00:00:00+09:00,8425.0,8525.0,8250.0,8300.0,22828,0.0,0.0
2014-05-13 00:00:00+09:00,8300.0,8550.0,8300.0,8500.0,18162,0.0,0.0
2014-05-14 00:00:00+09:00,8425.0,8500.0,8375.0,8475.0,12242,0.0,0.0
2014-05-15 00:00:00+09:00,8350.0,8500.0,8350.0,8400.0,10422,0.0,0.0
2014-05-16 00:00:00+09:00,8350.0,8450.0,8150.0,8200.0,15528,0.0,0.0
2014-05-19 00:00:00+09:00,8450.0,8450.0,8200.0,8200.0,12856,0.0,0.0
2014-05-20 00:00:00+09:00,8350.0,8350.0,7850.0,8050.0,29162,0.0,0.0
2014-05-21 00:00:00+09:00,8000.0,8050.0,7800.0,8000.0,33054,0.0,0.0
2014-05-22 00:00:00+09:00,7925.0,8050.0,7625.0,7775.0,45718,0.0,0.0
2014-05-23 00:00:00+09:00,7800.0,8675.0,7775.0,8300.0,44206,0.0,0.0
2014-05-26 00:00:00+09:00,8650.0,9075.0,8500.0,8700.0,113080,0.0,0.0
2014-05-27 00:00:00+09:00,8775.0,9875.0,8625.0,9300.0,452558,0.0,0.0
2014-05-28 00:00:00+09:00,9200.0,9250.0,8700.0,8700.0,130460,0.0,0.0
2014-05-29 00:00:00+09:00,8725.0,8750.0,8425.0,8525.0,54220,0.0,0.0
2014-05-30 00:00:00+09:00,8450.0,8800.0,8325.0,8325.0,38654,0.0,0.0
2014-06-02 00:00:00+09:00,8475.0,8500.0,8050.0,8050.0,27146,0.0,0.0
2014-06-03 00:00:00+09:00,7875.0,8300.0,7600.0,7600.0,49116,0.0,0.0
2014-06-05 00:00:00+09:00,7500.0,7675.0,7350.0,7400.0,24984,0.0,0.0
2014-06-09 00:00:00+09:00,7425.0,7425.0,7150.0,7175.0,33458,0.0,0.0
2014-06-10 00:00:00+09:00,7150.0,7450.0,7100.0,7125.0,24012,0.0,0.0
2014-06-11 00:00:00+09:00,7200.0,7400.0,7200.0,7375.0,17396,0.0,0.0
2014-06-12 00:00:00+09:00,7325.0,7425.0,7250.0,7325.0,19044,0.0,0.0
2014-06-13 00:00:00+09:00,7325.0,7350.0,7150.0,7250.0,21064,0.0,0.0
2014-06-16 00:00:00+09:00,7275.0,7475.0,7075.0,7100.0,33712,0.0,0.0
2014-06-17 00:00:00+09:00,7150.0,7300.0,7050.0,7300.0,18428,0.0,0.0
2014-06-18 00:00:00+09:00,7375.0,7375.0,7050.0,7075.0,21962,0.0,0.0
2014-06-19 00:00:00+09:00,7050.0,7400.0,7050.0,7050.0,22208,0.0,0.0
2014-06-20 00:00:00+09:00,7075.0,8100.0,7075.0,7300.0,26052,0.0,0.0
2014-06-23 00:00:00+09:00,7550.0,7575.0,7325.0,7375.0,24928,0.0,0.0
2014-06-24 00:00:00+09:00,7325.0,7450.0,7275.0,7300.0,11476,0.0,0.0
2014-06-25 00:00:00+09:00,7325.0,7500.0,7200.0,7275.0,16742,0.0,0.0
2014-06-26 00:00:00+09:00,7325.0,7450.0,7175.0,7450.0,16920,0.0,0.0
2014-06-27 00:00:00+09:00,7450.0,7575.0,7350.0,7550.0,11168,0.0,0.0
2014-06-30 00:00:00+09:00,7550.0,7650.0,7450.0,7525.0,8112,0.0,0.0
2014-07-01 00:00:00+09:00,7500.0,7975.0,7475.0,7700.0,21642,0.0,0.0
2014-07-02 00:00:00+09:00,8000.0,8000.0,7725.0,7725.0,33136,0.0,0.0
2014-07-03 00:00:00+09:00,7700.0,7900.0,7625.0,7750.0,32090,0.0,0.0
2014-07-04 00:00:00+09:00,7875.0,7925.0,7750.0,7875.0,20700,0.0,0.0
2014-07-07 00:00:00+09:00,7875.0,7950.0,7575.0,7575.0,13776,0.0,0.0
2014-07-08 00:00:00+09:00,7625.0,7725.0,7450.0,7450.0,11964,0.0,0.0
2014-07-09 00:00:00+09:00,7450.0,7500.0,7275.0,7350.0,16892,0.0,0.0
2014-07-10 00:00:00+09:00,7350.0,7500.0,7325.0,7500.0,15220,0.0,0.0
2014-07-11 00:00:00+09:00,7450.0,7625.0,7450.0,7525.0,16438,0.0,0.0
2014-07-14 00:00:00+09:00,7700.0,7700.0,7525.0,7650.0,13108,0.0,0.0
2014-07-15 00:00:00+09:00,7600.0,7800.0,7425.0,7525.0,19716,0.0,0.0
2014-07-16 00:00:00+09:00,7525.0,7600.0,7350.0,7500.0,15750,0.0,0.0
2014-07-17 00:00:00+09:00,7500.0,7625.0,7325.0,7350.0,10316,0.0,0.0
2014-07-18 00:00:00+09:00,7375.0,7600.0,7350.0,7600.0,18264,0.0,0.0
2014-07-21 00:00:00+09:00,7550.0,7600.0,7400.0,7425.0,9716,0.0,0.0
2014-07-22 00:00:00+09:00,7500.0,7625.0,7425.0,7425.0,22222,0.0,0.0
2014-07-23 00:00:00+09:00,7450.0,7700.0,7300.0,7550.0,42442,0.0,0.0
2014-07-24 00:00:00+09:00,7550.0,7550.0,7400.0,7525.0,12616,0.0,0.0
2014-07-25 00:00:00+09:00,7525.0,7650.0,7425.0,7450.0,14640,0.0,0.0
2014-07-28 00:00:00+09:00,7500.0,7625.0,7400.0,7475.0,11846,0.0,0.0
2014-07-29 00:00:00+09:00,7400.0,7550.0,7350.0,7350.0,11860,0.0,0.0
2014-07-30 00:00:00+09:00,7225.0,7375.0,7175.0,7175.0,23166,0.0,0.0
2014-07-31 00:00:00+09:00,7275.0,7300.0,7000.0,7200.0,20718,0.0,0.0
2014-08-01 00:00:00+09:00,6975.0,7150.0,6875.0,7150.0,14354,0.0,0.0
2014-08-04 00:00:00+09:00,7175.0,7300.0,7050.0,7200.0,17338,0.0,0.0
2014-08-05 00:00:00+09:00,7025.0,7300.0,7025.0,7275.0,24176,0.0,0.0
2014-08-06 00:00:00+09:00,7225.0,7375.0,7150.0,7350.0,16096,0.0,0.0
2014-08-07 00:00:00+09:00,7350.0,7375.0,7175.0,7300.0,13046,0.0,0.0
2014-08-08 00:00:00+09:00,7150.0,7350.0,7150.0,7250.0,5252,0.0,0.0
2014-08-11 00:00:00+09:00,7375.0,7600.0,7225.0,7300.0,22736,0.0,0.0
2014-08-12 00:00:00+09:00,7375.0,7500.0,7275.0,7425.0,13094,0.0,0.0
2014-08-13 00:00:00+09:00,7425.0,7575.0,7200.0,7525.0,25902,0.0,0.0
2014-08-14 00:00:00+09:00,7450.0,7600.0,7450.0,7550.0,10310,0.0,0.0
2014-08-18 00:00:00+09:00,7550.0,7850.0,7550.0,7825.0,33488,0.0,0.0
2014-08-19 00:00:00+09:00,7900.0,7900.0,7700.0,7800.0,27408,0.0,0.0
2014-08-20 00:00:00+09:00,7775.0,7850.0,7725.0,7800.0,6922,0.0,0.0
2014-08-21 00:00:00+09:00,7775.0,7825.0,7650.0,7725.0,7222,0.0,0.0
2014-08-22 00:00:00+09:00,7700.0,7750.0,7600.0,7650.0,17810,0.0,0.0
2014-08-25 00:00:00+09:00,7550.0,7750.0,7375.0,7375.0,14026,0.0,0.0
2014-08-26 00:00:00+09:00,7275.0,7375.0,7175.0,7225.0,19284,0.0,0.0
2014-08-27 00:00:00+09:00,7175.0,7350.0,7175.0,7175.0,11952,0.0,0.0
2014-08-28 00:00:00+09:00,7150.0,7475.0,7150.0,7375.0,14708,0.0,0.0
2014-08-29 00:00:00+09:00,7550.0,7875.0,7375.0,7725.0,33648,0.0,0.0
2014-09-01 00:00:00+09:00,7800.0,7800.0,7625.0,7625.0,10008,0.0,0.0
2014-09-02 00:00:00+09:00,7725.0,7725.0,7200.0,7325.0,27002,0.0,0.0
2014-09-03 00:00:00+09:00,7325.0,7450.0,7200.0,7325.0,22742,0.0,0.0
2014-09-04 00:00:00+09:00,7275.0,7400.0,7050.0,7225.0,19702,0.0,0.0
2014-09-05 00:00:00+09:00,7225.0,7400.0,7100.0,7375.0,32806,0.0,0.0
2014-09-11 00:00:00+09:00,7400.0,7400.0,7275.0,7350.0,19126,0.0,0.0
2014-09-12 00:00:00+09:00,7300.0,7425.0,7275.0,7400.0,14580,0.0,0.0
2014-09-15 00:00:00+09:00,7400.0,7600.0,7375.0,7500.0,39742,0.0,0.0
2014-09-16 00:00:00+09:00,7475.0,7650.0,7475.0,7650.0,14352,0.0,0.0
2014-09-17 00:00:00+09:00,7650.0,7700.0,7425.0,7425.0,18674,0.0,0.0
2014-09-18 00:00:00+09:00,7425.0,7550.0,7400.0,7550.0,14428,0.0,0.0
2014-09-19 00:00:00+09:00,7550.0,7650.0,7475.0,7550.0,11256,0.0,0.0
2014-09-22 00:00:00+09:00,7550.0,7650.0,7475.0,7550.0,21614,0.0,0.0
2014-09-23 00:00:00+09:00,7650.0,7650.0,7375.0,7425.0,19604,0.0,0.0
2014-09-24 00:00:00+09:00,7425.0,7500.0,7300.0,7325.0,17258,0.0,0.0
2014-09-25 00:00:00+09:00,7375.0,7425.0,7300.0,7375.0,14666,0.0,0.0
2014-09-26 00:00:00+09:00,7525.0,7525.0,7375.0,7400.0,10298,0.0,0.0
2014-09-29 00:00:00+09:00,7425.0,7525.0,7225.0,7275.0,14852,0.0,0.0
2014-09-30 00:00:00+09:00,7225.0,7325.0,7150.0,7200.0,9046,0.0,0.0
2014-10-01 00:00:00+09:00,7225.0,7325.0,7200.0,7250.0,10860,0.0,0.0
2014-10-02 00:00:00+09:00,7400.0,7400.0,7100.0,7275.0,15084,0.0,0.0
2014-10-06 00:00:00+09:00,7275.0,7575.0,7050.0,7150.0,20324,0.0,0.0
2014-10-07 00:00:00+09:00,7075.0,7250.0,6925.0,7150.0,13182,0.0,0.0
2014-10-08 00:00:00+09:00,7025.0,7200.0,6950.0,7100.0,13356,0.0,0.0
2014-10-10 00:00:00+09:00,7100.0,7175.0,6900.0,7100.0,18456,0.0,0.0
2014-10-13 00:00:00+09:00,6950.0,7100.0,6900.0,6900.0,17258,0.0,0.0
2014-10-14 00:00:00+09:00,6900.0,7075.0,6850.0,7025.0,24322,0.0,0.0
2014-10-15 00:00:00+09:00,7000.0,7100.0,6900.0,6975.0,22538,0.0,0.0
2014-10-16 00:00:00+09:00,7075.0,7250.0,6900.0,6925.0,8472,0.0,0.0
2014-10-17 00:00:00+09:00,6825.0,7125.0,6825.0,7050.0,14636,0.0,0.0
2014-10-20 00:00:00+09:00,7050.0,7550.0,7050.0,7550.0,27164,0.0,0.0
2014-10-21 00:00:00+09:00,7500.0,7700.0,7400.0,7600.0,28864,0.0,0.0
2014-10-22 00:00:00+09:00,7650.0,8675.0,7550.0,8175.0,119944,0.0,0.0
2014-10-23 00:00:00+09:00,8250.0,8250.0,7750.0,8025.0,27108,0.0,0.0
2014-10-24 00:00:00+09:00,8025.0,8050.0,7700.0,7950.0,13718,0.0,0.0
2014-10-27 00:00:00+09:00,7975.0,8150.0,7750.0,7975.0,14944,0.0,0.0
2014-10-28 00:00:00+09:00,7975.0,7975.0,7725.0,7825.0,9702,0.0,0.0
2014-10-29 00:00:00+09:00,7875.0,7875.0,7525.0,7700.0,20114,0.0,0.0
2014-10-30 00:00:00+09:00,7650.0,7950.0,7650.0,7825.0,10480,0.0,0.0
2014-10-31 00:00:00+09:00,7900.0,8075.0,7725.0,7800.0,12234,0.0,0.0
2014-11-03 00:00:00+09:00,7800.0,7875.0,7650.0,7675.0,15662,0.0,0.0
2014-11-04 00:00:00+09:00,7675.0,7725.0,7375.0,7400.0,18874,0.0,0.0
2014-11-05 00:00:00+09:00,7575.0,7575.0,7350.0,7550.0,10666,0.0,0.0
2014-11-06 00:00:00+09:00,7475.0,7850.0,7425.0,7550.0,4896,0.0,0.0
2014-11-07 00:00:00+09:00,7475.0,7700.0,7375.0,7575.0,7614,0.0,0.0
2014-11-10 00:00:00+09:00,7675.0,7675.0,7375.0,7450.0,11074,0.0,0.0
2014-11-11 00:00:00+09:00,7700.0,7700.0,7250.0,7250.0,25716,0.0,0.0
2014-11-12 00:00:00+09:00,7250.0,7475.0,7200.0,7275.0,10658,0.0,0.0
2014-11-13 00:00:00+09:00,7275.0,7350.0,7175.0,7275.0,6684,0.0,0.0
2014-11-14 00:00:00+09:00,7300.0,7325.0,7150.0,7225.0,6164,0.0,0.0
2014-11-17 00:00:00+09:00,7300.0,7525.0,7200.0,7525.0,7416,0.0,0.0
2014-11-18 00:00:00+09:00,7525.0,7625.0,7400.0,7500.0,6912,0.0,0.0
2014-11-19 00:00:00+09:00,7600.0,7600.0,7225.0,7225.0,8260,0.0,0.0
2014-11-20 00:00:00+09:00,7225.0,7300.0,7000.0,7100.0,10624,0.0,0.0
2014-11-21 00:00:00+09:00,7000.0,7225.0,7000.0,7150.0,6526,0.0,0.0
2014-11-24 00:00:00+09:00,7400.0,8200.0,7300.0,8175.0,118306,0.0,0.0
2014-11-25 00:00:00+09:00,8025.0,8050.0,7625.0,7800.0,80806,0.0,0.0
2014-11-26 00:00:00+09:00,7800.0,7825.0,7550.0,7775.0,21866,0.0,0.0
2014-11-27 00:00:00+09:00,7850.0,7950.0,7550.0,7625.0,45608,0.0,0.0
2014-11-28 00:00:00+09:00,7600.0,7825.0,7600.0,7825.0,14554,0.0,0.0
2014-12-01 00:00:00+09:00,7775.0,8975.0,7775.0,8650.0,125786,0.0,0.0
2014-12-02 00:00:00+09:00,8750.0,9925.0,8625.0,9925.0,411384,0.0,0.0
2014-12-03 00:00:00+09:00,9950.0,10725.0,9575.0,9775.0,434104,0.0,0.0
2014-12-04 00:00:00+09:00,9825.0,11225.0,9500.0,10975.0,693558,0.0,0.0
2014-12-05 00:00:00+09:00,10950.0,11275.0,10475.0,10950.0,321838,0.0,0.0
2014-12-08 00:00:00+09:00,11150.0,11200.0,10050.0,10300.0,212654,0.0,0.0
2014-12-09 00:00:00+09:00,10300.0,10400.0,9575.0,9950.0,222688,0.0,0.0
2014-12-10 00:00:00+09:00,9950.0,10225.0,9700.0,9950.0,150526,0.0,0.0
2014-12-11 00:00:00+09:00,9950.0,10725.0,9800.0,10600.0,226852,0.0,0.0
2014-12-12 00:00:00+09:00,10725.0,10825.0,9675.0,10325.0,152794,0.0,0.0
2014-12-15 00:00:00+09:00,10050.0,10600.0,10000.0,10500.0,71634,0.0,0.0
2014-12-16 00:00:00+09:00,10600.0,10600.0,9925.0,10025.0,79842,0.0,0.0
2014-12-17 00:00:00+09:00,9950.0,10475.0,9950.0,10250.0,68952,0.0,0.0
2014-12-18 00:00:00+09:00,10200.0,10675.0,9800.0,9800.0,68540,0.0,0.0
2014-12-19 00:00:00+09:00,9825.0,10650.0,9825.0,10300.0,92584,0.0,0.0
2014-12-22 00:00:00+09:00,10475.0,10750.0,10225.0,10350.0,88732,0.0,0.0
2014-12-23 00:00:00+09:00,10775.0,11900.0,10600.0,11900.0,1050062,0.0,0.0
2014-12-24 00:00:00+09:00,12650.0,13675.0,11725.0,11900.0,1193216,0.0,0.0
2014-12-26 00:00:00+09:00,11675.0,12050.0,11425.0,11500.0,376624,0.0,0.0
2014-12-29 00:00:00+09:00,11400.0,11500.0,10800.0,11000.0,350026,0.0,0.0
2014-12-30 00:00:00+09:00,11125.0,11450.0,10950.0,11025.0,197446,0.0,0.0
2015-01-02 00:00:00+09:00,11050.0,11250.0,10700.0,10850.0,152426,0.0,0.0
2015-01-05 00:00:00+09:00,11250.0,11250.0,10500.0,10775.0,255906,0.0,0.0
2015-01-06 00:00:00+09:00,10600.0,10825.0,10375.0,10700.0,138636,0.0,0.0
2015-01-07 00:00:00+09:00,10800.0,12300.0,10550.0,12300.0,899900,0.0,0.0
2015-01-08 00:00:00+09:00,12400.0,13025.0,11825.0,12925.0,429646,0.0,0.0
2015-01-09 00:00:00+09:00,13225.0,14850.0,13175.0,14850.0,918866,0.0,0.0
2015-01-12 00:00:00+09:00,15500.0,17075.0,15200.0,16425.0,1082026,0.0,0.0
2015-01-13 00:00:00+09:00,16425.0,17750.0,15800.0,16500.0,936098,0.0,0.0
2015-01-14 00:00:00+09:00,16200.0,18100.0,16075.0,17000.0,440992,0.0,0.0
2015-01-15 00:00:00+09:00,17250.0,18200.0,16775.0,17400.0,306272,0.0,0.0
2015-01-16 00:00:00+09:00,17625.0,17975.0,17100.0,17100.0,298186,0.0,0.0
2015-01-19 00:00:00+09:00,17325.0,17400.0,16200.0,16600.0,391232,0.0,0.0
2015-01-20 00:00:00+09:00,16500.0,18050.0,15925.0,16500.0,616358,0.0,0.0
2015-01-21 00:00:00+09:00,16675.0,17250.0,16375.0,16725.0,231692,0.0,0.0
2015-01-22 00:00:00+09:00,16550.0,17900.0,16275.0,17050.0,391574,0.0,0.0
2015-01-23 00:00:00+09:00,17200.0,18500.0,16950.0,18500.0,360210,0.0,0.0
2015-01-26 00:00:00+09:00,19075.0,21275.0,19025.0,21275.0,614644,0.0,0.0
2015-01-27 00:00:00+09:00,22100.0,24425.0,22050.0,22425.0,1087862,0.0,0.0
2015-01-28 00:00:00+09:00,22025.0,23075.0,21400.0,22400.0,427510,0.0,0.0
2015-01-29 00:00:00+09:00,22725.0,24875.0,21875.0,23500.0,560040,0.0,0.0
2015-01-30 00:00:00+09:00,23900.0,24900.0,22750.0,22750.0,336182,0.0,0.0
2015-02-02 00:00:00+09:00,23400.0,23525.0,21000.0,21250.0,430306,0.0,0.0
2015-02-03 00:00:00+09:00,21500.0,21750.0,20100.0,21250.0,467988,0.0,0.0
2015-02-04 00:00:00+09:00,21550.0,22925.0,20825.0,22150.0,351956,0.0,0.0
2015-02-05 00:00:00+09:00,22450.0,22500.0,21250.0,21250.0,187580,0.0,0.0
2015-02-06 00:00:00+09:00,21100.0,21475.0,20000.0,20750.0,223510,0.0,0.0
2015-02-09 00:00:00+09:00,20250.0,20675.0,17650.0,17650.0,672750,0.0,0.0
2015-02-10 00:00:00+09:00,17175.0,18725.0,16800.0,18200.0,731890,0.0,0.0
2015-02-11 00:00:00+09:00,18200.0,18650.0,17200.0,17200.0,282802,0.0,0.0
2015-02-12 00:00:00+09:00,16900.0,17500.0,16175.0,16625.0,408008,0.0,0.0
2015-02-13 00:00:00+09:00,17625.0,18725.0,17000.0,17400.0,446218,0.0,0.0
2015-02-16 00:00:00+09:00,17725.0,17950.0,16350.0,16450.0,289330,0.0,0.0
2015-02-17 00:00:00+09:00,14425.0,16075.0,14400.0,15500.0,599290,0.0,0.0
2015-02-23 00:00:00+09:00,15850.0,16825.0,15400.0,16100.0,244904,0.0,0.0
2015-02-24 00:00:00+09:00,16150.0,17025.0,15875.0,16875.0,151220,0.0,0.0
2015-02-25 00:00:00+09:00,17175.0,18150.0,16750.0,16900.0,326202,0.0,0.0
2015-02-26 00:00:00+09:00,16900.0,17175.0,15675.0,15975.0,225626,0.0,0.0
2015-02-27 00:00:00+09:00,15850.0,17150.0,15275.0,16275.0,219588,0.0,0.0
2015-03-02 00:00:00+09:00,16475.0,16550.0,15900.0,16375.0,110210,0.0,0.0
2015-03-03 00:00:00+09:00,16500.0,17425.0,16500.0,16825.0,212962,0.0,0.0
2015-03-04 00:00:00+09:00,16950.0,17250.0,16650.0,16850.0,90358,0.0,0.0
2015-03-05 00:00:00+09:00,17100.0,18075.0,16750.0,17800.0,243278,0.0,0.0
2015-03-06 00:00:00+09:00,17800.0,18950.0,17800.0,18675.0,333448,0.0,0.0
2015-03-09 00:00:00+09:00,18675.0,20175.0,18100.0,18825.0,299482,0.0,0.0
2015-03-10 00:00:00+09:00,18850.0,19275.0,18175.0,18175.0,151614,0.0,0.0
2015-03-11 00:00:00+09:00,18400.0,18650.0,17675.0,18650.0,160070,0.0,0.0
2015-03-12 00:00:00+09:00,18650.0,18925.0,18250.0,18650.0,116540,0.0,0.0
2015-03-13 00:00:00+09:00,18675.0,18950.0,18350.0,18875.0,82046,0.0,0.0
2015-03-16 00:00:00+09:00,19075.0,21100.0,19025.0,21025.0,442502,0.0,0.0
2015-03-17 00:00:00+09:00,21450.0,21450.0,20300.0,20600.0,161340,0.0,0.0
2015-03-18 00:00:00+09:00,20600.0,21700.0,20100.0,20800.0,159528,0.0,0.0
2015-03-19 00:00:00+09:00,20800.0,21700.0,19525.0,21175.0,279668,0.0,0.0
2015-03-20 00:00:00+09:00,20775.0,22350.0,20500.0,21100.0,240252,0.0,0.0
2015-03-23 00:00:00+09:00,21600.0,22300.0,21350.0,22300.0,146220,0.0,0.0
2015-03-24 00:00:00+09:00,22175.0,24400.0,22075.0,23700.0,257956,0.0,0.0
2015-03-25 00:00:00+09:00,23850.0,24350.0,23250.0,24175.0,122818,0.0,0.0
2015-03-26 00:00:00+09:00,23750.0,24325.0,23400.0,23925.0,83778,0.0,0.0
2015-03-27 00:00:00+09:00,23925.0,24175.0,20850.0,23525.0,326792,0.0,0.0
2015-03-30 00:00:00+09:00,23525.0,23725.0,22500.0,23225.0,93710,0.0,0.0
2015-03-31 00:00:00+09:00,23475.0,26650.0,23475.0,26400.0,334142,0.0,0.0
2015-04-01 00:00:00+09:00,26400.0,26550.0,24975.0,25350.0,207330,0.0,0.0
2015-04-02 00:00:00+09:00,25500.0,27150.0,25150.0,25850.0,146632,0.0,0.0
2015-04-03 00:00:00+09:00,25650.0,27000.0,25500.0,26450.0,114178,0.0,0.0
2015-04-06 00:00:00+09:00,26650.0,27750.0,26450.0,27450.0,91796,0.0,0.0
2015-04-07 00:00:00+09:00,27400.0,28650.0,26600.0,27550.0,119406,0.0,0.0
2015-04-08 00:00:00+09:00,27300.0,27750.0,26500.0,27100.0,79748,0.0,0.0
2015-04-09 00:00:00+09:00,27350.0,27750.0,26300.0,26850.0,92100,0.0,0.0
2015-04-10 00:00:00+09:00,26800.0,27500.0,25850.0,26750.0,192118,0.0,0.0
2015-04-13 00:00:00+09:00,26800.0,27000.0,25450.0,26500.0,134356,0.0,0.0
2015-04-14 00:00:00+09:00,26250.0,26250.0,22550.0,22550.0,786192,0.0,0.0
2015-04-15 00:00:00+09:00,21650.0,23450.0,21275.0,21775.0,506364,0.0,0.0
2015-04-16 00:00:00+09:00,22025.0,22250.0,21175.0,21550.0,187818,0.0,0.0
2015-04-17 00:00:00+09:00,21400.0,21900.0,21175.0,21850.0,158022,0.0,0.0
2015-04-20 00:00:00+09:00,22250.0,23275.0,21950.0,22750.0,263476,0.0,0.0
2015-04-21 00:00:00+09:00,26150.0,26150.0,24950.0,26150.0,600292,0.0,0.0
2015-04-22 00:00:00+09:00,26450.0,26950.0,23275.0,25100.0,543400,0.0,0.0
2015-04-23 00:00:00+09:00,25450.0,26350.0,24500.0,25400.0,210442,0.0,0.0
2015-04-24 00:00:00+09:00,25000.0,25300.0,23600.0,24925.0,143730,0.0,0.0
2015-04-27 00:00:00+09:00,25000.0,25800.0,24375.0,25100.0,113172,0.0,0.0
2015-04-28 00:00:00+09:00,25900.0,26200.0,24975.0,25150.0,139900,0.0,0.0
2015-04-29 00:00:00+09:00,25600.0,25950.0,24850.0,24900.0,178588,0.0,0.0
2015-04-30 00:00:00+09:00,25250.0,27900.0,24925.0,25300.0,549522,0.0,0.0
2015-05-04 00:00:00+09:00,25600.0,27700.0,25150.0,25500.0,539974,0.0,0.0
2015-05-06 00:00:00+09:00,27200.0,29300.0,25400.0,25400.0,321411,0.0,2.0
2015-05-07 00:00:00+09:00,25600.0,26000.0,23550.0,23900.0,152342,0.0,0.0
2015-05-08 00:00:00+09:00,23100.0,24450.0,23100.0,24000.0,122645,0.0,0.0
2015-05-11 00:00:00+09:00,24750.0,24750.0,23500.0,23500.0,118392,0.0,0.0
2015-05-12 00:00:00+09:00,23550.0,25200.0,23100.0,24000.0,136774,0.0,0.0
2015-05-13 00:00:00+09:00,23150.0,24850.0,22850.0,24000.0,113495,0.0,0.0
2015-05-14 00:00:00+09:00,24000.0,24200.0,23200.0,23300.0,63762,0.0,0.0
2015-05-15 00:00:00+09:00,23750.0,25300.0,23300.0,24500.0,83652,0.0,0.0
2015-05-18 00:00:00+09:00,24900.0,25200.0,24150.0,24300.0,68299,0.0,0.0
2015-05-19 00:00:00+09:00,24100.0,24700.0,23900.0,23900.0,52375,0.0,0.0
2015-05-20 00:00:00+09:00,24300.0,24800.0,23750.0,23750.0,84403,0.0,0.0
2015-05-21 00:00:00+09:00,23900.0,24200.0,23250.0,23400.0,61264,0.0,0.0
2015-05-22 00:00:00+09:00,23650.0,26800.0,23500.0,25550.0,189251,0.0,0.0
2015-05-26 00:00:00+09:00,26000.0,26000.0,24350.0,24950.0,93391,0.0,0.0
2015-05-27 00:00:00+09:00,23900.0,24050.0,21900.0,22350.0,322385,0.0,0.0
2015-05-28 00:00:00+09:00,22200.0,22400.0,20600.0,21300.0,727351,0.0,0.0
2015-05-29 00:00:00+09:00,21150.0,21950.0,20700.0,21700.0,220841,0.0,0.0
2015-06-01 00:00:00+09:00,21250.0,21450.0,20350.0,20350.0,189720,0.0,0.0
2015-06-02 00:00:00+09:00,19650.0,20050.0,18300.0,18850.0,378357,0.0,0.0
2015-06-03 00:00:00+09:00,18650.0,19550.0,17950.0,18000.0,193279,0.0,0.0
2015-06-04 00:00:00+09:00,18100.0,18750.0,17500.0,18500.0,130901,0.0,0.0
2015-06-05 00:00:00+09:00,18350.0,19200.0,18150.0,19000.0,115034,0.0,0.0
2015-06-08 00:00:00+09:00,19000.0,21650.0,18700.0,21150.0,265098,0.0,0.0
2015-06-09 00:00:00+09:00,21300.0,21450.0,20450.0,21450.0,109412,0.0,0.0
2015-06-10 00:00:00+09:00,21350.0,23600.0,20950.0,21650.0,248796,0.0,0.0
2015-06-11 00:00:00+09:00,21700.0,22700.0,21650.0,22400.0,113118,0.0,0.0
2015-06-12 00:00:00+09:00,22850.0,23100.0,22100.0,22450.0,88346,0.0,0.0
2015-06-15 00:00:00+09:00,22800.0,24750.0,22600.0,23800.0,277696,0.0,0.0
2015-06-16 00:00:00+09:00,24000.0,24000.0,22700.0,23650.0,86539,0.0,0.0
2015-06-17 00:00:00+09:00,23700.0,25900.0,23350.0,25150.0,278470,0.0,0.0
2015-06-18 00:00:00+09:00,25150.0,25950.0,25000.0,25350.0,111441,0.0,0.0
2015-06-19 00:00:00+09:00,25350.0,26950.0,24800.0,26700.0,168628,0.0,0.0
2015-06-22 00:00:00+09:00,27500.0,27700.0,25950.0,25950.0,153240,0.0,0.0
2015-06-23 00:00:00+09:00,26200.0,27000.0,25300.0,26850.0,118645,0.0,0.0
2015-06-24 00:00:00+09:00,26900.0,27200.0,26000.0,26300.0,131527,0.0,0.0
2015-06-25 00:00:00+09:00,26000.0,26750.0,25200.0,25300.0,115316,0.0,0.0
2015-06-26 00:00:00+09:00,25550.0,25700.0,24500.0,25400.0,151529,0.0,0.0
2015-06-29 00:00:00+09:00,24200.0,24900.0,23250.0,23550.0,183015,0.0,0.0
2015-06-30 00:00:00+09:00,23050.0,28350.0,22750.0,26100.0,321098,0.0,0.0
2015-07-01 00:00:00+09:00,25850.0,27300.0,25450.0,27050.0,139777,0.0,0.0
2015-07-02 00:00:00+09:00,27200.0,27900.0,26550.0,27700.0,146043,0.0,0.0
2015-07-03 00:00:00+09:00,28100.0,30000.0,27700.0,29150.0,295695,0.0,0.0
2015-07-06 00:00:00+09:00,28800.0,31750.0,27250.0,29600.0,311184,0.0,0.0
2015-07-07 00:00:00+09:00,30100.0,30400.0,27300.0,28350.0,271177,0.0,0.0
2015-07-08 00:00:00+09:00,28500.0,29300.0,27600.0,28400.0,130939,0.0,0.0
2015-07-09 00:00:00+09:00,27950.0,28350.0,25200.0,27050.0,209602,0.0,0.0
2015-07-10 00:00:00+09:00,26550.0,27350.0,24900.0,25100.0,255591,0.0,0.0
2015-07-13 00:00:00+09:00,25250.0,26400.0,24800.0,26350.0,119812,0.0,0.0
2015-07-14 00:00:00+09:00,26600.0,27100.0,25950.0,26200.0,86208,0.0,0.0
2015-07-15 00:00:00+09:00,26250.0,26800.0,26050.0,26750.0,90834,0.0,0.0
2015-07-16 00:00:00+09:00,26750.0,26850.0,25600.0,25800.0,117262,0.0,0.0
2015-07-17 00:00:00+09:00,26250.0,26250.0,24550.0,25050.0,122358,0.0,0.0
2015-07-20 00:00:00+09:00,25100.0,26300.0,24750.0,24850.0,133893,0.0,0.0
2015-07-21 00:00:00+09:00,24600.0,25900.0,24450.0,25600.0,130039,0.0,0.0
2015-07-22 00:00:00+09:00,25600.0,26050.0,24800.0,25000.0,81100,0.0,0.0
2015-07-23 00:00:00+09:00,25000.0,25300.0,23500.0,24150.0,170012,0.0,0.0
2015-07-24 00:00:00+09:00,24400.0,24700.0,22850.0,22900.0,197286,0.0,0.0
2015-07-27 00:00:00+09:00,21850.0,22400.0,20550.0,20550.0,240855,0.0,0.0
2015-07-28 00:00:00+09:00,19750.0,21750.0,19750.0,21550.0,125152,0.0,0.0
2015-07-29 00:00:00+09:00,21550.0,22600.0,20400.0,21100.0,125917,0.0,0.0
2015-07-30 00:00:00+09:00,20700.0,21600.0,19200.0,19600.0,164178,0.0,0.0
2015-07-31 00:00:00+09:00,19500.0,20400.0,19500.0,20350.0,96946,0.0,0.0
2015-08-03 00:00:00+09:00,20100.0,21150.0,20100.0,20400.0,60611,0.0,0.0
2015-08-04 00:00:00+09:00,20200.0,20900.0,20000.0,20900.0,56415,0.0,0.0
2015-08-05 00:00:00+09:00,20950.0,22950.0,20650.0,22600.0,123894,0.0,0.0
2015-08-06 00:00:00+09:00,22450.0,23000.0,21750.0,22100.0,59912,0.0,0.0
2015-08-07 00:00:00+09:00,21600.0,21950.0,20850.0,21500.0,76213,0.0,0.0
2015-08-10 00:00:00+09:00,21700.0,22200.0,20700.0,20900.0,60446,0.0,0.0
2015-08-11 00:00:00+09:00,20950.0,22500.0,20800.0,20950.0,74516,0.0,0.0
2015-08-12 00:00:00+09:00,20950.0,21000.0,19650.0,20350.0,119380,0.0,0.0
2015-08-13 00:00:00+09:00,20700.0,21300.0,19900.0,21300.0,74260,0.0,0.0
2015-08-14 00:00:00+09:00,21300.0,21300.0,21300.0,21300.0,0,0.0,0.0
2015-08-17 00:00:00+09:00,22800.0,23400.0,22100.0,22500.0,140480,0.0,0.0
2015-08-18 00:00:00+09:00,22850.0,22850.0,21700.0,21800.0,72188,0.0,0.0
2015-08-19 00:00:00+09:00,21400.0,22000.0,20250.0,22000.0,109028,0.0,0.0
2015-08-20 00:00:00+09:00,21000.0,22400.0,21000.0,21000.0,72483,0.0,0.0
2015-08-21 00:00:00+09:00,19500.0,20350.0,18450.0,19000.0,182983,0.0,0.0
2015-08-24 00:00:00+09:00,18650.0,19500.0,17350.0,17500.0,180721,0.0,0.0
2015-08-25 00:00:00+09:00,17950.0,18600.0,17000.0,18400.0,164598,0.0,0.0
2015-08-26 00:00:00+09:00,18300.0,19250.0,17750.0,19200.0,76758,0.0,0.0
2015-08-27 00:00:00+09:00,19400.0,19750.0,18800.0,19050.0,59555,0.0,0.0
2015-08-28 00:00:00+09:00,19250.0,21000.0,19250.0,20750.0,109332,0.0,0.0
2015-08-31 00:00:00+09:00,21100.0,21750.0,20500.0,20800.0,61179,0.0,0.0
2015-09-01 00:00:00+09:00,20700.0,21200.0,20300.0,20700.0,80449,0.0,0.0
2015-09-02 00:00:00+09:00,20150.0,20600.0,19750.0,20300.0,64011,0.0,0.0
2015-09-03 00:00:00+09:00,20300.0,21150.0,20250.0,20600.0,75212,0.0,0.0
2015-09-04 00:00:00+09:00,20600.0,20900.0,19150.0,19550.0,95495,0.0,0.0
2015-09-07 00:00:00+09:00,19000.0,19100.0,18150.0,18400.0,163271,0.0,0.0
2015-09-08 00:00:00+09:00,18400.0,18600.0,17700.0,17850.0,67753,0.0,0.0
2015-09-09 00:00:00+09:00,18300.0,19150.0,18300.0,18800.0,69900,0.0,0.0
2015-09-10 00:00:00+09:00,18650.0,18900.0,18300.0,18850.0,31300,0.0,0.0
2015-09-11 00:00:00+09:00,19200.0,19200.0,18550.0,19000.0,38443,0.0,0.0
2015-09-14 00:00:00+09:00,19000.0,20850.0,18100.0,20250.0,200615,0.0,0.0
2015-09-15 00:00:00+09:00,20050.0,20500.0,19650.0,19700.0,47271,0.0,0.0
2015-09-16 00:00:00+09:00,19800.0,20050.0,19250.0,19850.0,44205,0.0,0.0
2015-09-17 00:00:00+09:00,20300.0,20450.0,19300.0,19500.0,36780,0.0,0.0
2015-09-18 00:00:00+09:00,19650.0,20500.0,19600.0,20500.0,64853,0.0,0.0
2015-09-21 00:00:00+09:00,20400.0,22000.0,20200.0,21600.0,171726,0.0,0.0
2015-09-22 00:00:00+09:00,21300.0,22050.0,20500.0,21500.0,99930,0.0,0.0
2015-09-23 00:00:00+09:00,20800.0,21300.0,20450.0,20750.0,79241,0.0,0.0
2015-09-24 00:00:00+09:00,20850.0,21400.0,20400.0,21200.0,46046,0.0,0.0
2015-09-25 00:00:00+09:00,21300.0,21700.0,21000.0,21500.0,55099,0.0,0.0
2015-09-30 00:00:00+09:00,20700.0,21000.0,19800.0,20200.0,86408,0.0,0.0
2015-10-01 00:00:00+09:00,20300.0,20850.0,20250.0,20750.0,43298,0.0,0.0
2015-10-02 00:00:00+09:00,21000.0,21000.0,20300.0,20550.0,35218,0.0,0.0
2015-10-05 00:00:00+09:00,20600.0,20850.0,20300.0,20700.0,33341,0.0,0.0
2015-10-06 00:00:00+09:00,20500.0,20950.0,20100.0,20650.0,65666,0.0,0.0
2015-10-07 00:00:00+09:00,20650.0,20650.0,20100.0,20400.0,39381,0.0,0.0
2015-10-08 00:00:00+09:00,20350.0,20450.0,19700.0,19850.0,47638,0.0,0.0
2015-10-12 00:00:00+09:00,19650.0,19800.0,18950.0,19300.0,91040,0.0,0.0
2015-10-13 00:00:00+09:00,19100.0,19550.0,19000.0,19100.0,33890,0.0,0.0
2015-10-14 00:00:00+09:00,19400.0,20900.0,18950.0,20450.0,103527,0.0,0.0
2015-10-15 00:00:00+09:00,20400.0,20700.0,20250.0,20600.0,35569,0.0,0.0
2015-10-16 00:00:00+09:00,20650.0,20850.0,20100.0,20150.0,33551,0.0,0.0
2015-10-19 00:00:00+09:00,20000.0,20000.0,19150.0,19600.0,46326,0.0,0.0
2015-10-20 00:00:00+09:00,19500.0,20000.0,19400.0,19700.0,47816,0.0,0.0
2015-10-21 00:00:00+09:00,19350.0,19600.0,19200.0,19400.0,58164,0.0,0.0
2015-10-22 00:00:00+09:00,19650.0,19650.0,18900.0,19300.0,53330,0.0,0.0
2015-10-23 00:00:00+09:00,19500.0,19550.0,18900.0,18900.0,57470,0.0,0.0
2015-10-26 00:00:00+09:00,18750.0,19400.0,18650.0,18850.0,66000,0.0,0.0
2015-10-27 00:00:00+09:00,19250.0,19250.0,18900.0,19150.0,31070,0.0,0.0
2015-10-28 00:00:00+09:00,19200.0,19500.0,18600.0,18650.0,54938,0.0,0.0
2015-10-29 00:00:00+09:00,18850.0,18850.0,18100.0,18450.0,46318,0.0,0.0
2015-10-30 00:00:00+09:00,18550.0,18550.0,17700.0,18500.0,73111,0.0,0.0
2015-11-02 00:00:00+09:00,18900.0,18900.0,18150.0,18500.0,23792,0.0,0.0
2015-11-03 00:00:00+09:00,18250.0,18500.0,18100.0,18350.0,28184,0.0,0.0
2015-11-04 00:00:00+09:00,18000.0,18450.0,18000.0,18400.0,33245,0.0,0.0
2015-11-05 00:00:00+09:00,18400.0,18700.0,18000.0,18700.0,63122,0.0,0.0
2015-11-06 00:00:00+09:00,18850.0,18900.0,18400.0,18700.0,49972,0.0,0.0
2015-11-09 00:00:00+09:00,17850.0,18100.0,17400.0,18100.0,105426,0.0,0.0
2015-11-10 00:00:00+09:00,17600.0,18000.0,17000.0,17000.0,45277,0.0,0.0
2015-11-11 00:00:00+09:00,16800.0,17500.0,16800.0,17300.0,38241,0.0,0.0
2015-11-12 00:00:00+09:00,17050.0,17800.0,16650.0,17750.0,54980,0.0,0.0
2015-11-13 00:00:00+09:00,17600.0,17650.0,17250.0,17350.0,32910,0.0,0.0
2015-11-16 00:00:00+09:00,16750.0,17100.0,15850.0,16100.0,93363,0.0,0.0
2015-11-17 00:00:00+09:00,16300.0,19900.0,15900.0,18250.0,251994,0.0,0.0
2015-11-18 00:00:00+09:00,19000.0,19200.0,17900.0,18000.0,82822,0.0,0.0
2015-11-19 00:00:00+09:00,17800.0,18350.0,17450.0,17750.0,41788,0.0,0.0
2015-11-20 00:00:00+09:00,17600.0,18500.0,17600.0,18200.0,31870,0.0,0.0
2015-11-23 00:00:00+09:00,18450.0,18500.0,17800.0,17850.0,29276,0.0,0.0
2015-11-24 00:00:00+09:00,18100.0,18800.0,17850.0,18700.0,59823,0.0,0.0
2015-11-25 00:00:00+09:00,18700.0,18750.0,18050.0,18750.0,45159,0.0,0.0
2015-11-26 00:00:00+09:00,19000.0,20200.0,18400.0,19650.0,144743,0.0,0.0
2015-11-27 00:00:00+09:00,19800.0,20000.0,19300.0,19650.0,34241,0.0,0.0
2015-11-30 00:00:00+09:00,19500.0,19500.0,18450.0,18450.0,46623,0.0,0.0
2015-12-01 00:00:00+09:00,18500.0,19000.0,18200.0,18500.0,24650,0.0,0.0
2015-12-02 00:00:00+09:00,18600.0,18700.0,18000.0,18400.0,35330,0.0,0.0
2015-12-03 00:00:00+09:00,18550.0,18550.0,17900.0,18200.0,19785,0.0,0.0
2015-12-04 00:00:00+09:00,18000.0,18250.0,17200.0,17250.0,54405,0.0,0.0
2015-12-07 00:00:00+09:00,17800.0,19200.0,17800.0,18400.0,88920,0.0,0.0
2015-12-08 00:00:00+09:00,18800.0,19300.0,18550.0,19250.0,83242,0.0,0.0
2015-12-09 00:00:00+09:00,19400.0,20950.0,19250.0,20900.0,159960,0.0,0.0
2015-12-10 00:00:00+09:00,20900.0,21100.0,20000.0,20600.0,87062,0.0,0.0
2015-12-11 00:00:00+09:00,20850.0,20900.0,19700.0,20050.0,87186,0.0,0.0
2015-12-14 00:00:00+09:00,19350.0,20350.0,19300.0,20300.0,59211,0.0,0.0
2015-12-15 00:00:00+09:00,20300.0,20550.0,19800.0,19900.0,30389,0.0,0.0
2015-12-16 00:00:00+09:00,20050.0,20400.0,19800.0,19950.0,56638,0.0,0.0
2015-12-17 00:00:00+09:00,19600.0,19600.0,18350.0,18800.0,137448,0.0,0.0
2015-12-18 00:00:00+09:00,18450.0,18950.0,18100.0,18650.0,53595,0.0,0.0
2015-12-21 00:00:00+09:00,18500.0,18650.0,18000.0,18100.0,50453,0.0,0.0
2015-12-22 00:00:00+09:00,18150.0,19200.0,17250.0,19200.0,157967,0.0,0.0
2015-12-23 00:00:00+09:00,19100.0,19100.0,17750.0,17800.0,80374,0.0,0.0
2015-12-24 00:00:00+09:00,17850.0,18300.0,17500.0,17550.0,105528,0.0,0.0
2015-12-28 00:00:00+09:00,17150.0,17350.0,16050.0,16200.0,171154,0.0,0.0
2015-12-29 00:00:00+09:00,15800.0,16450.0,15750.0,16300.0,89095,0.0,0.0
2015-12-30 00:00:00+09:00,16350.0,16800.0,16300.0,16400.0,57216,0.0,0.0
2016-01-04 00:00:00+09:00,16400.0,16900.0,15500.0,15600.0,62535,0.0,0.0
2016-01-05 00:00:00+09:00,15250.0,15600.0,14700.0,14900.0,174759,0.0,0.0
2016-01-06 00:00:00+09:00,14900.0,15100.0,14150.0,14450.0,233301,0.0,0.0
2016-01-07 00:00:00+09:00,14650.0,14900.0,13250.0,13500.0,248735,0.0,0.0
2016-01-08 00:00:00+09:00,13050.0,13800.0,12800.0,13800.0,193617,0.0,0.0
2016-01-11 00:00:00+09:00,13600.0,13750.0,13200.0,13300.0,100927,0.0,0.0
2016-01-12 00:00:00+09:00,13200.0,13550.0,12150.0,12150.0,242156,0.0,0.0
2016-01-13 00:00:00+09:00,12250.0,12750.0,12250.0,12450.0,100243,0.0,0.0
2016-01-14 00:00:00+09:00,12150.0,12350.0,11800.0,11900.0,106206,0.0,0.0
2016-01-15 00:00:00+09:00,12150.0,13000.0,11850.0,12500.0,155469,0.0,0.0
2016-01-18 00:00:00+09:00,12400.0,12850.0,12200.0,12550.0,75939,0.0,0.0
2016-01-19 00:00:00+09:00,12700.0,12700.0,12000.0,12150.0,61296,0.0,0.0
2016-01-20 00:00:00+09:00,12150.0,12350.0,11300.0,11300.0,96007,0.0,0.0
2016-01-21 00:00:00+09:00,11100.0,11500.0,10700.0,10800.0,125093,0.0,0.0
2016-01-22 00:00:00+09:00,11150.0,12750.0,10900.0,11250.0,417957,0.0,0.0
2016-01-25 00:00:00+09:00,11300.0,11750.0,11250.0,11600.0,75671,0.0,0.0
2016-01-26 00:00:00+09:00,11600.0,11950.0,11300.0,11600.0,64104,0.0,0.0
2016-01-27 00:00:00+09:00,11700.0,12400.0,11700.0,12050.0,79942,0.0,0.0
2016-01-28 00:00:00+09:00,12200.0,12250.0,11700.0,11800.0,70659,0.0,0.0
2016-01-29 00:00:00+09:00,11950.0,12050.0,11400.0,11750.0,56442,0.0,0.0
2016-02-01 00:00:00+09:00,11600.0,12000.0,11500.0,11750.0,34628,0.0,0.0
2016-02-02 00:00:00+09:00,11650.0,11750.0,10950.0,10950.0,96060,0.0,0.0
2016-02-03 00:00:00+09:00,10950.0,11200.0,10450.0,10950.0,62288,0.0,0.0
2016-02-04 00:00:00+09:00,11050.0,11400.0,11000.0,11200.0,43824,0.0,0.0
2016-02-05 00:00:00+09:00,11200.0,11250.0,10950.0,10950.0,36715,0.0,0.0
2016-02-11 00:00:00+09:00,10500.0,10700.0,9890.0,9950.0,127676,0.0,0.0
2016-02-12 00:00:00+09:00,9760.0,10050.0,9070.0,9200.0,107963,0.0,0.0
2016-02-15 00:00:00+09:00,9510.0,9950.0,9510.0,9790.0,76095,0.0,0.0
2016-02-16 00:00:00+09:00,9720.0,10200.0,9720.0,10150.0,39695,0.0,0.0
2016-02-17 00:00:00+09:00,10150.0,10250.0,9750.0,10000.0,62997,0.0,0.0
2016-02-18 00:00:00+09:00,10200.0,10500.0,10000.0,10400.0,75838,0.0,0.0
2016-02-19 00:00:00+09:00,10750.0,10750.0,10100.0,10400.0,66806,0.0,0.0
2016-02-22 00:00:00+09:00,10750.0,10750.0,10250.0,10450.0,47243,0.0,0.0
2016-02-23 00:00:00+09:00,10550.0,10600.0,10150.0,10150.0,42874,0.0,0.0
2016-02-24 00:00:00+09:00,10150.0,11750.0,10000.0,11200.0,513106,0.0,0.0
2016-02-25 00:00:00+09:00,11350.0,11900.0,11200.0,11450.0,272997,0.0,0.0
2016-02-26 00:00:00+09:00,11750.0,11750.0,11000.0,11250.0,113491,0.0,0.0
2016-02-29 00:00:00+09:00,11300.0,11400.0,10800.0,11050.0,85786,0.0,0.0
2016-03-02 00:00:00+09:00,11050.0,11050.0,10650.0,11000.0,91542,0.0,0.0
2016-03-03 00:00:00+09:00,11050.0,13650.0,10850.0,12350.0,1047523,0.0,0.0
2016-03-04 00:00:00+09:00,12200.0,12350.0,11700.0,11900.0,191921,0.0,0.0
2016-03-07 00:00:00+09:00,12000.0,12350.0,11700.0,11750.0,208965,0.0,0.0
2016-03-08 00:00:00+09:00,14500.0,14700.0,12600.0,12650.0,1475387,0.0,0.0
2016-03-09 00:00:00+09:00,12700.0,12850.0,12200.0,12300.0,204357,0.0,0.0
2016-03-10 00:00:00+09:00,12350.0,12450.0,12150.0,12200.0,118825,0.0,0.0
2016-03-11 00:00:00+09:00,12200.0,12750.0,11950.0,12450.0,135796,0.0,0.0
2016-03-14 00:00:00+09:00,12550.0,12550.0,12100.0,12300.0,63450,0.0,0.0
2016-03-15 00:00:00+09:00,12200.0,12300.0,11850.0,11900.0,71946,0.0,0.0
2016-03-16 00:00:00+09:00,11750.0,11950.0,11600.0,11800.0,55137,0.0,0.0
2016-03-17 00:00:00+09:00,11900.0,11900.0,11450.0,11650.0,57592,0.0,0.0
2016-03-18 00:00:00+09:00,11650.0,12150.0,11650.0,12150.0,72580,0.0,0.0
2016-03-21 00:00:00+09:00,12200.0,12350.0,11750.0,11950.0,68257,0.0,0.0
2016-03-22 00:00:00+09:00,11900.0,11950.0,11450.0,11550.0,66333,0.0,0.0
2016-03-23 00:00:00+09:00,11600.0,11800.0,11400.0,11550.0,49451,0.0,0.0
2016-03-24 00:00:00+09:00,11600.0,11750.0,11400.0,11650.0,31191,0.0,0.0
2016-03-25 00:00:00+09:00,11650.0,11950.0,11550.0,11750.0,54826,0.0,0.0
2016-03-28 00:00:00+09:00,11750.0,11850.0,11450.0,11600.0,61797,0.0,0.0
2016-03-29 00:00:00+09:00,11500.0,11750.0,11500.0,11700.0,29585,0.0,0.0
2016-03-30 00:00:00+09:00,11850.0,12000.0,11600.0,11700.0,57118,0.0,0.0
2016-03-31 00:00:00+09:00,11750.0,12050.0,11700.0,12000.0,68529,0.0,0.0
2016-04-01 00:00:00+09:00,12250.0,12300.0,11800.0,12050.0,60059,0.0,0.0
2016-04-04 00:00:00+09:00,12050.0,12050.0,11650.0,11850.0,40318,0.0,0.0
2016-04-05 00:00:00+09:00,11750.0,12000.0,11700.0,11950.0,26748,0.0,0.0
2016-04-06 00:00:00+09:00,11700.0,12000.0,11650.0,11850.0,33413,0.0,0.0
2016-04-07 00:00:00+09:00,11850.0,11950.0,11600.0,11850.0,35610,0.0,0.0
2016-04-08 00:00:00+09:00,11900.0,13200.0,11850.0,12250.0,369569,0.0,0.0
2016-04-11 00:00:00+09:00,12350.0,12550.0,12150.0,12300.0,80088,0.0,0.0
2016-04-12 00:00:00+09:00,12300.0,12350.0,11850.0,11850.0,69250,0.0,0.0
2016-04-14 00:00:00+09:00,12000.0,12050.0,11700.0,12000.0,62277,0.0,0.0
2016-04-15 00:00:00+09:00,12050.0,12600.0,11900.0,12000.0,130299,0.0,0.0
2016-04-18 00:00:00+09:00,11850.0,12050.0,11700.0,11900.0,45981,0.0,0.0
2016-04-19 00:00:00+09:00,11900.0,12050.0,11650.0,11850.0,56826,0.0,0.0
2016-04-20 00:00:00+09:00,11750.0,11950.0,11650.0,11700.0,41293,0.0,0.0
2016-04-21 00:00:00+09:00,11600.0,11900.0,11350.0,11600.0,55935,0.0,0.0
2016-04-22 00:00:00+09:00,11550.0,11650.0,11300.0,11400.0,64321,0.0,0.0
2016-04-25 00:00:00+09:00,11400.0,11450.0,11250.0,11400.0,41963,0.0,0.0
2016-04-26 00:00:00+09:00,11400.0,11450.0,10650.0,10800.0,119295,0.0,0.0
2016-04-27 00:00:00+09:00,10800.0,11650.0,10700.0,11250.0,114251,0.0,0.0
2016-04-28 00:00:00+09:00,11250.0,11450.0,11100.0,11400.0,47957,0.0,0.0
2016-04-29 00:00:00+09:00,11250.0,11450.0,11200.0,11400.0,29472,0.0,0.0
2016-05-02 00:00:00+09:00,11350.0,11400.0,10600.0,10750.0,75280,0.0,0.0
2016-05-03 00:00:00+09:00,10750.0,10850.0,10400.0,10500.0,67420,0.0,0.0
2016-05-04 00:00:00+09:00,10300.0,10700.0,10300.0,10650.0,54440,0.0,0.0
2016-05-09 00:00:00+09:00,10650.0,11350.0,10600.0,10750.0,190058,0.0,0.0
2016-05-10 00:00:00+09:00,10850.0,11350.0,10700.0,11300.0,107940,0.0,0.0
2016-05-11 00:00:00+09:00,11250.0,11400.0,11000.0,11200.0,42834,0.0,0.0
2016-05-12 00:00:00+09:00,11200.0,11350.0,11000.0,11250.0,35833,0.0,0.0
2016-05-13 00:00:00+09:00,11300.0,12400.0,11300.0,12050.0,305716,0.0,0.0
2016-05-16 00:00:00+09:00,12050.0,12600.0,11850.0,12150.0,208603,0.0,0.0
2016-05-17 00:00:00+09:00,12350.0,13000.0,11750.0,11800.0,609917,0.0,0.0
2016-05-18 00:00:00+09:00,11650.0,12200.0,11650.0,12200.0,97858,0.0,0.0
2016-05-19 00:00:00+09:00,12200.0,12450.0,11800.0,11800.0,71493,0.0,0.0
2016-05-20 00:00:00+09:00,11550.0,12050.0,11500.0,11850.0,68945,0.0,0.0
2016-05-23 00:00:00+09:00,11850.0,11900.0,11500.0,11800.0,85954,0.0,0.0
2016-05-24 00:00:00+09:00,11800.0,12050.0,11500.0,11650.0,61029,0.0,0.0
2016-05-25 00:00:00+09:00,11800.0,11900.0,11100.0,11100.0,118953,0.0,0.0
2016-05-26 00:00:00+09:00,11200.0,11300.0,10650.0,11200.0,77697,0.0,0.0
2016-05-27 00:00:00+09:00,11000.0,11300.0,11000.0,11000.0,55875,0.0,0.0
2016-05-30 00:00:00+09:00,11050.0,11250.0,10850.0,10950.0,43365,0.0,0.0
2016-05-31 00:00:00+09:00,11000.0,11400.0,10850.0,11300.0,43205,0.0,0.0
2016-06-01 00:00:00+09:00,11250.0,11700.0,11200.0,11650.0,57612,0.0,0.0
2016-06-02 00:00:00+09:00,11700.0,11850.0,11500.0,11800.0,36889,0.0,0.0
2016-06-03 00:00:00+09:00,11800.0,12000.0,11500.0,11700.0,76245,0.0,0.0
2016-06-07 00:00:00+09:00,12050.0,12250.0,12000.0,12100.0,110302,0.0,0.0
2016-06-08 00:00:00+09:00,12200.0,12200.0,11950.0,12000.0,64371,0.0,0.0
2016-06-09 00:00:00+09:00,12250.0,12300.0,11900.0,12000.0,78942,0.0,0.0
2016-06-10 00:00:00+09:00,12050.0,12300.0,12000.0,12200.0,66220,0.0,0.0
2016-06-13 00:00:00+09:00,12200.0,12200.0,11750.0,11800.0,58642,0.0,0.0
2016-06-14 00:00:00+09:00,11650.0,11800.0,11250.0,11350.0,55422,0.0,0.0
2016-06-15 00:00:00+09:00,11150.0,11550.0,11100.0,11350.0,43223,0.0,0.0
2016-06-16 00:00:00+09:00,11450.0,11450.0,11000.0,11200.0,57939,0.0,0.0
2016-06-17 00:00:00+09:00,11150.0,11250.0,10950.0,11050.0,39178,0.0,0.0
2016-06-20 00:00:00+09:00,11000.0,11550.0,11000.0,11350.0,36905,0.0,0.0
2016-06-21 00:00:00+09:00,11300.0,11400.0,11150.0,11350.0,46020,0.0,0.0
2016-06-22 00:00:00+09:00,11350.0,11500.0,11100.0,11250.0,41255,0.0,0.0
2016-06-23 00:00:00+09:00,11250.0,11250.0,10850.0,11100.0,35254,0.0,0.0
2016-06-24 00:00:00+09:00,11200.0,11300.0,9640.0,10200.0,160633,0.0,0.0
2016-06-27 00:00:00+09:00,9700.0,10600.0,9700.0,10500.0,65845,0.0,0.0
2016-06-28 00:00:00+09:00,10300.0,10850.0,10300.0,10500.0,41061,0.0,0.0
2016-06-29 00:00:00+09:00,10650.0,11000.0,10650.0,10850.0,26617,0.0,0.0
2016-06-30 00:00:00+09:00,10900.0,11100.0,10750.0,11000.0,39527,0.0,0.0
2016-07-01 00:00:00+09:00,11000.0,11400.0,10900.0,11400.0,58293,0.0,0.0
2016-07-04 00:00:00+09:00,11500.0,12300.0,11300.0,12200.0,151295,0.0,0.0
2016-07-05 00:00:00+09:00,12050.0,12150.0,11650.0,11900.0,115611,0.0,0.0
2016-07-06 00:00:00+09:00,11800.0,11850.0,11450.0,11600.0,69769,0.0,0.0
2016-07-07 00:00:00+09:00,11400.0,12100.0,11250.0,11400.0,107575,0.0,0.0
2016-07-08 00:00:00+09:00,11250.0,11400.0,11150.0,11200.0,44500,0.0,0.0
2016-07-11 00:00:00+09:00,11500.0,11900.0,11500.0,11700.0,96005,0.0,0.0
2016-07-12 00:00:00+09:00,11800.0,12150.0,11700.0,12100.0,108004,0.0,0.0
2016-07-13 00:00:00+09:00,12100.0,12550.0,11950.0,12150.0,146725,0.0,0.0
2016-07-14 00:00:00+09:00,12150.0,12200.0,11750.0,11800.0,51212,0.0,0.0
2016-07-15 00:00:00+09:00,11950.0,12200.0,11600.0,12000.0,84481,0.0,0.0
2016-07-18 00:00:00+09:00,12100.0,14000.0,12100.0,13650.0,1220454,0.0,0.0
2016-07-19 00:00:00+09:00,13850.0,13900.0,13100.0,13450.0,436185,0.0,0.0
2016-07-20 00:00:00+09:00,13400.0,13450.0,12850.0,13350.0,255470,0.0,0.0
2016-07-21 00:00:00+09:00,13300.0,13500.0,12950.0,13050.0,149354,0.0,0.0
2016-07-22 00:00:00+09:00,13100.0,13200.0,12700.0,13100.0,184864,0.0,0.0
2016-07-25 00:00:00+09:00,13150.0,13200.0,12550.0,12800.0,231966,0.0,0.0
2016-07-26 00:00:00+09:00,12850.0,13100.0,11850.0,12200.0,291443,0.0,0.0
2016-07-27 00:00:00+09:00,12150.0,12200.0,11750.0,11950.0,143541,0.0,0.0
2016-07-28 00:00:00+09:00,11850.0,12100.0,11850.0,12000.0,54255,0.0,0.0
2016-07-29 00:00:00+09:00,12100.0,12150.0,11800.0,11950.0,67304,0.0,0.0
2016-08-01 00:00:00+09:00,11900.0,11900.0,11700.0,11900.0,37860,0.0,0.0
2016-08-02 00:00:00+09:00,11950.0,12000.0,11800.0,11900.0,43861,0.0,0.0
2016-08-03 00:00:00+09:00,11800.0,11900.0,11750.0,11850.0,40409,0.0,0.0
2016-08-04 00:00:00+09:00,11900.0,11950.0,11650.0,11700.0,53821,0.0,0.0
2016-08-05 00:00:00+09:00,11750.0,11800.0,11250.0,11450.0,65193,0.0,0.0
2016-08-08 00:00:00+09:00,11350.0,11400.0,10700.0,10900.0,127114,0.0,0.0
2016-08-09 00:00:00+09:00,10950.0,11200.0,10850.0,11200.0,37935,0.0,0.0
2016-08-10 00:00:00+09:00,11150.0,11600.0,10950.0,11600.0,83994,0.0,0.0
2016-08-11 00:00:00+09:00,11700.0,11700.0,11350.0,11650.0,55991,0.0,0.0
2016-08-12 00:00:00+09:00,11700.0,11750.0,11450.0,11650.0,35103,0.0,0.0
2016-08-16 00:00:00+09:00,11300.0,11400.0,11100.0,11250.0,75177,0.0,0.0
2016-08-17 00:00:00+09:00,11250.0,11450.0,11200.0,11200.0,29072,0.0,0.0
2016-08-18 00:00:00+09:00,11200.0,11400.0,11150.0,11300.0,40274,0.0,0.0
2016-08-19 00:00:00+09:00,11200.0,11350.0,11150.0,11300.0,19074,0.0,0.0
2016-08-22 00:00:00+09:00,11300.0,11300.0,10950.0,11100.0,35203,0.0,0.0
2016-08-23 00:00:00+09:00,11000.0,11200.0,10850.0,10850.0,39081,0.0,0.0
2016-08-24 00:00:00+09:00,10950.0,11200.0,10900.0,10950.0,42226,0.0,0.0
2016-08-25 00:00:00+09:00,11050.0,11200.0,10950.0,11000.0,34518,0.0,0.0
2016-08-26 00:00:00+09:00,11000.0,11100.0,10700.0,10750.0,35915,0.0,0.0
2016-08-29 00:00:00+09:00,10650.0,10800.0,9940.0,10300.0,64370,0.0,0.0
2016-08-30 00:00:00+09:00,10300.0,10650.0,10300.0,10500.0,35822,0.0,0.0
2016-08-31 00:00:00+09:00,10500.0,10700.0,10150.0,10450.0,47993,0.0,0.0
2016-09-01 00:00:00+09:00,10500.0,10800.0,10450.0,10700.0,30021,0.0,0.0
2016-09-02 00:00:00+09:00,10650.0,11000.0,10550.0,11000.0,43178,0.0,0.0
2016-09-05 00:00:00+09:00,10900.0,11100.0,10850.0,10950.0,19768,0.0,0.0
2016-09-06 00:00:00+09:00,10900.0,11050.0,10800.0,10850.0,36484,0.0,0.0
2016-09-07 00:00:00+09:00,10900.0,10950.0,10600.0,10800.0,34803,0.0,0.0
2016-09-08 00:00:00+09:00,10900.0,10900.0,10500.0,10600.0,32218,0.0,0.0
2016-09-09 00:00:00+09:00,10750.0,10750.0,10300.0,10550.0,23496,0.0,0.0
2016-09-12 00:00:00+09:00,10500.0,10500.0,10100.0,10200.0,27333,0.0,0.0
2016-09-13 00:00:00+09:00,10250.0,10400.0,10150.0,10150.0,39064,0.0,0.0
2016-09-19 00:00:00+09:00,10150.0,10400.0,10000.0,10350.0,25823,0.0,0.0
2016-09-20 00:00:00+09:00,10300.0,10500.0,10200.0,10300.0,15975,0.0,0.0
2016-09-21 00:00:00+09:00,10400.0,10400.0,10100.0,10400.0,18971,0.0,0.0
2016-09-22 00:00:00+09:00,10400.0,10500.0,10300.0,10400.0,26521,0.0,0.0
2016-09-23 00:00:00+09:00,10450.0,10550.0,10350.0,10500.0,13486,0.0,0.0
2016-09-26 00:00:00+09:00,10400.0,10550.0,10300.0,10400.0,15763,0.0,0.0
2016-09-27 00:00:00+09:00,10350.0,10400.0,10100.0,10100.0,39038,0.0,0.0
2016-09-28 00:00:00+09:00,10100.0,10350.0,10100.0,10250.0,19710,0.0,0.0
2016-09-29 00:00:00+09:00,10250.0,10450.0,10200.0,10300.0,22516,0.0,0.0
2016-09-30 00:00:00+09:00,10300.0,10350.0,10100.0,10100.0,34253,0.0,0.0
2016-10-04 00:00:00+09:00,10150.0,10300.0,10100.0,10200.0,23946,0.0,0.0
2016-10-05 00:00:00+09:00,10150.0,10450.0,10150.0,10350.0,10843,0.0,0.0
2016-10-06 00:00:00+09:00,10400.0,10450.0,10250.0,10250.0,21027,0.0,0.0
2016-10-07 00:00:00+09:00,10200.0,10400.0,10200.0,10200.0,15767,0.0,0.0
2016-10-10 00:00:00+09:00,10250.0,10400.0,10150.0,10250.0,29745,0.0,0.0
2016-10-11 00:00:00+09:00,10250.0,10500.0,10200.0,10400.0,38373,0.0,0.0
2016-10-12 00:00:00+09:00,10400.0,10800.0,10400.0,10550.0,69009,0.0,0.0
2016-10-13 00:00:00+09:00,10650.0,10650.0,10300.0,10400.0,18022,0.0,0.0
2016-10-14 00:00:00+09:00,10400.0,10400.0,10200.0,10250.0,15536,0.0,0.0
2016-10-17 00:00:00+09:00,10250.0,10250.0,10000.0,10100.0,42736,0.0,0.0
2016-10-18 00:00:00+09:00,10100.0,10100.0,9920.0,10050.0,34433,0.0,0.0
2016-10-19 00:00:00+09:00,9920.0,10050.0,9920.0,9950.0,24140,0.0,0.0
2016-10-20 00:00:00+09:00,9800.0,9950.0,9600.0,9800.0,77888,0.0,0.0
2016-10-21 00:00:00+09:00,9540.0,9840.0,9500.0,9500.0,34915,0.0,0.0
2016-10-24 00:00:00+09:00,9590.0,9590.0,8380.0,8810.0,194240,0.0,0.0
2016-10-25 00:00:00+09:00,8790.0,8890.0,8210.0,8490.0,97562,0.0,0.0
2016-10-26 00:00:00+09:00,8340.0,8500.0,8110.0,8380.0,45894,0.0,0.0
2016-10-27 00:00:00+09:00,8290.0,8700.0,8290.0,8640.0,26885,0.0,0.0
2016-10-28 00:00:00+09:00,8560.0,8780.0,8520.0,8650.0,13212,0.0,0.0
2016-10-31 00:00:00+09:00,8220.0,8490.0,7760.0,7990.0,72533,0.0,0.0
2016-11-01 00:00:00+09:00,7600.0,8280.0,7600.0,8240.0,48589,0.0,0.0
2016-11-02 00:00:00+09:00,8230.0,8240.0,7900.0,8030.0,16455,0.0,0.0
2016-11-03 00:00:00+09:00,8000.0,8200.0,7970.0,8070.0,7117,0.0,0.0
2016-11-04 00:00:00+09:00,8070.0,8070.0,7710.0,7930.0,21455,0.0,0.0
2016-11-07 00:00:00+09:00,8050.0,8100.0,7850.0,8100.0,10308,0.0,0.0
2016-11-08 00:00:00+09:00,8100.0,8160.0,8000.0,8160.0,16577,0.0,0.0
2016-11-09 00:00:00+09:00,8160.0,8160.0,7300.0,7710.0,64242,0.0,0.0
2016-11-10 00:00:00+09:00,7630.0,7880.0,7630.0,7690.0,32468,0.0,0.0
2016-11-11 00:00:00+09:00,7620.0,8160.0,7580.0,8100.0,36049,0.0,0.0
2016-11-14 00:00:00+09:00,7920.0,8500.0,7920.0,8500.0,29033,0.0,0.0
2016-11-15 00:00:00+09:00,8420.0,8630.0,8320.0,8500.0,19309,0.0,0.0
2016-11-16 00:00:00+09:00,8630.0,8630.0,8300.0,8300.0,15503,0.0,0.0
2016-11-17 00:00:00+09:00,8300.0,8320.0,8150.0,8270.0,11163,0.0,0.0
2016-11-18 00:00:00+09:00,8300.0,8300.0,7840.0,8070.0,14634,0.0,0.0
2016-11-21 00:00:00+09:00,8070.0,8110.0,7800.0,7830.0,19188,0.0,0.0
2016-11-22 00:00:00+09:00,7900.0,8000.0,7680.0,7750.0,14415,0.0,0.0
2016-11-23 00:00:00+09:00,7750.0,7840.0,7510.0,7680.0,14048,0.0,0.0
2016-11-24 00:00:00+09:00,7680.0,7700.0,7350.0,7430.0,18610,0.0,0.0
2016-11-25 00:00:00+09:00,7330.0,7790.0,7330.0,7640.0,16704,0.0,0.0
2016-11-28 00:00:00+09:00,7720.0,7880.0,7500.0,7670.0,21262,0.0,0.0
2016-11-29 00:00:00+09:00,7830.0,7910.0,7670.0,7820.0,17994,0.0,0.0
2016-11-30 00:00:00+09:00,7920.0,7920.0,7770.0,7850.0,10081,0.0,0.0
2016-12-01 00:00:00+09:00,7900.0,7900.0,7690.0,7860.0,8219,0.0,0.0
2016-12-02 00:00:00+09:00,7710.0,8150.0,7710.0,8030.0,11453,0.0,0.0
2016-12-05 00:00:00+09:00,8160.0,8190.0,7830.0,7990.0,13576,0.0,0.0
2016-12-06 00:00:00+09:00,7850.0,8120.0,7850.0,8040.0,9206,0.0,0.0
2016-12-07 00:00:00+09:00,8000.0,8220.0,7860.0,7980.0,14451,0.0,0.0
2016-12-08 00:00:00+09:00,8160.0,8160.0,7830.0,8000.0,9874,0.0,0.0
2016-12-09 00:00:00+09:00,8190.0,8190.0,7980.0,8090.0,6810,0.0,0.0
2016-12-12 00:00:00+09:00,8110.0,8150.0,8050.0,8080.0,6163,0.0,0.0
2016-12-13 00:00:00+09:00,8030.0,8200.0,7970.0,8170.0,24309,0.0,0.0
2016-12-14 00:00:00+09:00,8300.0,8620.0,8200.0,8580.0,44099,0.0,0.0
2016-12-15 00:00:00+09:00,8570.0,8900.0,8510.0,8900.0,47272,0.0,0.0
2016-12-16 00:00:00+09:00,9000.0,9240.0,8740.0,8950.0,47511,0.0,0.0
2016-12-19 00:00:00+09:00,8950.0,9160.0,8880.0,9140.0,19430,0.0,0.0
2016-12-20 00:00:00+09:00,9300.0,9300.0,9150.0,9230.0,24572,0.0,0.0
2016-12-21 00:00:00+09:00,9230.0,9330.0,8980.0,9210.0,20492,0.0,0.0
2016-12-22 00:00:00+09:00,9300.0,9300.0,9140.0,9240.0,17825,0.0,0.0
2016-12-23 00:00:00+09:00,9270.0,9310.0,8980.0,9230.0,24776,0.0,0.0
2016-12-26 00:00:00+09:00,9390.0,9390.0,8920.0,9180.0,16827,0.0,0.0
2016-12-27 00:00:00+09:00,9180.0,9290.0,8930.0,9000.0,8491,0.0,0.0
2016-12-28 00:00:00+09:00,9100.0,9120.0,8980.0,9020.0,11556,0.0,0.0
2016-12-29 00:00:00+09:00,9190.0,9190.0,8980.0,9090.0,9763,0.0,0.0
2017-01-02 00:00:00+09:00,9000.0,9150.0,8880.0,8990.0,15234,0.0,0.0
2017-01-03 00:00:00+09:00,9130.0,9200.0,8900.0,9150.0,15378,0.0,0.0
2017-01-04 00:00:00+09:00,9150.0,9590.0,9150.0,9470.0,35645,0.0,0.0
2017-01-05 00:00:00+09:00,9550.0,9750.0,9530.0,9530.0,73011,0.0,0.0
2017-01-06 00:00:00+09:00,9680.0,9680.0,9340.0,9470.0,12257,0.0,0.0
2017-01-09 00:00:00+09:00,9570.0,9570.0,9130.0,9350.0,17356,0.0,0.0
2017-01-10 00:00:00+09:00,9360.0,9430.0,9130.0,9220.0,15199,0.0,0.0
2017-01-11 00:00:00+09:00,9220.0,9220.0,8800.0,8960.0,15507,0.0,0.0
2017-01-12 00:00:00+09:00,9000.0,9040.0,8850.0,9000.0,14716,0.0,0.0
2017-01-13 00:00:00+09:00,9010.0,9010.0,8850.0,8940.0,11968,0.0,0.0
2017-01-16 00:00:00+09:00,8740.0,8890.0,8500.0,8720.0,15225,0.0,0.0
2017-01-17 00:00:00+09:00,8800.0,9000.0,8630.0,8850.0,11631,0.0,0.0
2017-01-18 00:00:00+09:00,8850.0,8990.0,8700.0,8870.0,6140,0.0,0.0
2017-01-19 00:00:00+09:00,8950.0,8950.0,8730.0,8730.0,5238,0.0,0.0
2017-01-20 00:00:00+09:00,8880.0,8880.0,8610.0,8670.0,4216,0.0,0.0
2017-01-23 00:00:00+09:00,8590.0,8670.0,8350.0,8450.0,12725,0.0,0.0
2017-01-24 00:00:00+09:00,8400.0,8520.0,7900.0,8210.0,24832,0.0,0.0
2017-01-25 00:00:00+09:00,8320.0,8320.0,8040.0,8220.0,7767,0.0,0.0
2017-01-26 00:00:00+09:00,8220.0,8350.0,8100.0,8340.0,6280,0.0,0.0
2017-01-31 00:00:00+09:00,8340.0,8450.0,8250.0,8390.0,8434,0.0,0.0
2017-02-01 00:00:00+09:00,8450.0,8800.0,8400.0,8700.0,20247,0.0,0.0
2017-02-02 00:00:00+09:00,8700.0,8750.0,8400.0,8590.0,10814,0.0,0.0
2017-02-03 00:00:00+09:00,8670.0,8670.0,8180.0,8200.0,18090,0.0,0.0
2017-02-06 00:00:00+09:00,8390.0,8390.0,7830.0,8190.0,13963,0.0,0.0
2017-02-07 00:00:00+09:00,8100.0,8250.0,7980.0,8140.0,20137,0.0,0.0
2017-02-08 00:00:00+09:00,8250.0,8250.0,8040.0,8070.0,4307,0.0,0.0
2017-02-09 00:00:00+09:00,8150.0,8150.0,7940.0,8000.0,16253,0.0,0.0
2017-02-10 00:00:00+09:00,8150.0,8150.0,7950.0,8000.0,8700,0.0,0.0
2017-02-13 00:00:00+09:00,7970.0,8140.0,7960.0,8120.0,6954,0.0,0.0
2017-02-14 00:00:00+09:00,8120.0,8120.0,7980.0,8040.0,8927,0.0,0.0
2017-02-15 00:00:00+09:00,8110.0,8170.0,8050.0,8170.0,6613,0.0,0.0
2017-02-16 00:00:00+09:00,8300.0,8300.0,8010.0,8020.0,11153,0.0,0.0
2017-02-17 00:00:00+09:00,8100.0,8100.0,7990.0,8040.0,9051,0.0,0.0
2017-02-20 00:00:00+09:00,8170.0,8170.0,7950.0,8040.0,4695,0.0,0.0
2017-02-21 00:00:00+09:00,8120.0,8220.0,8030.0,8220.0,19262,0.0,0.0
2017-02-22 00:00:00+09:00,8220.0,8250.0,8100.0,8220.0,9140,0.0,0.0
2017-02-23 00:00:00+09:00,8230.0,8280.0,8170.0,8220.0,4690,0.0,0.0
2017-02-24 00:00:00+09:00,8230.0,8300.0,8200.0,8230.0,11694,0.0,0.0
2017-02-27 00:00:00+09:00,8240.0,8240.0,8130.0,8200.0,4640,0.0,0.0
2017-02-28 00:00:00+09:00,8200.0,8200.0,7730.0,8120.0,8946,0.0,0.0
2017-03-02 00:00:00+09:00,8120.0,8130.0,7900.0,8030.0,14020,0.0,0.0
2017-03-03 00:00:00+09:00,7990.0,7990.0,7480.0,7770.0,31868,0.0,0.0
2017-03-06 00:00:00+09:00,7830.0,7850.0,7650.0,7790.0,6515,0.0,0.0
2017-03-07 00:00:00+09:00,7840.0,7900.0,7750.0,7800.0,5729,0.0,0.0
2017-03-08 00:00:00+09:00,7820.0,7820.0,7630.0,7770.0,9285,0.0,0.0
2017-03-09 00:00:00+09:00,7630.0,7780.0,7600.0,7700.0,6882,0.0,0.0
2017-03-10 00:00:00+09:00,7790.0,8050.0,7550.0,7660.0,16848,0.0,0.0
2017-03-13 00:00:00+09:00,7670.0,7750.0,7620.0,7620.0,7607,0.0,0.0
2017-03-14 00:00:00+09:00,7750.0,7750.0,7550.0,7650.0,6522,0.0,0.0
2017-03-15 00:00:00+09:00,7780.0,7780.0,7490.0,7590.0,9623,0.0,0.0
2017-03-16 00:00:00+09:00,7600.0,7620.0,7500.0,7600.0,8237,0.0,0.0
2017-03-17 00:00:00+09:00,7640.0,9880.0,7600.0,8610.0,1134972,0.0,0.0
2017-03-20 00:00:00+09:00,8450.0,8500.0,8170.0,8170.0,145127,0.0,0.0
2017-03-21 00:00:00+09:00,8240.0,8450.0,8150.0,8420.0,70034,0.0,0.0
2017-03-22 00:00:00+09:00,8400.0,8670.0,8290.0,8600.0,60319,0.0,0.0
2017-03-23 00:00:00+09:00,8770.0,8770.0,8410.0,8450.0,44684,0.0,0.0
2017-03-24 00:00:00+09:00,8460.0,8580.0,8330.0,8500.0,27040,0.0,0.0
2017-03-27 00:00:00+09:00,8500.0,8560.0,8240.0,8350.0,27451,0.0,0.0
2017-03-28 00:00:00+09:00,8310.0,8440.0,8120.0,8420.0,19913,0.0,0.0
2017-03-29 00:00:00+09:00,8690.0,8690.0,8450.0,8510.0,26367,0.0,0.0
2017-03-30 00:00:00+09:00,8520.0,8660.0,8460.0,8510.0,48544,0.0,0.0
2017-03-31 00:00:00+09:00,8510.0,8560.0,8360.0,8380.0,32498,0.0,0.0
2017-04-03 00:00:00+09:00,8390.0,8700.0,8380.0,8590.0,36158,0.0,0.0
2017-04-04 00:00:00+09:00,8590.0,9430.0,8590.0,8950.0,159197,0.0,0.0
2017-04-05 00:00:00+09:00,9100.0,9290.0,9000.0,9150.0,120314,0.0,0.0
2017-04-06 00:00:00+09:00,9250.0,9280.0,8980.0,9130.0,56834,0.0,0.0
2017-04-07 00:00:00+09:00,9200.0,9200.0,8990.0,9100.0,23084,0.0,0.0
2017-04-10 00:00:00+09:00,9100.0,9100.0,8700.0,8800.0,36172,0.0,0.0
2017-04-11 00:00:00+09:00,8810.0,8890.0,8600.0,8800.0,21569,0.0,0.0
2017-04-12 00:00:00+09:00,8730.0,8890.0,8630.0,8700.0,17465,0.0,0.0
2017-04-13 00:00:00+09:00,8800.0,8910.0,8670.0,8910.0,25051,0.0,0.0
2017-04-14 00:00:00+09:00,8820.0,8920.0,8690.0,8800.0,14006,0.0,0.0
2017-04-17 00:00:00+09:00,8890.0,8910.0,8710.0,8910.0,20546,0.0,0.0
2017-04-18 00:00:00+09:00,8920.0,8950.0,8760.0,8850.0,17095,0.0,0.0
2017-04-19 00:00:00+09:00,8800.0,8800.0,8560.0,8610.0,33965,0.0,0.0
2017-04-20 00:00:00+09:00,8610.0,8670.0,8520.0,8610.0,12010,0.0,0.0
2017-04-21 00:00:00+09:00,8550.0,8610.0,8490.0,8540.0,12537,0.0,0.0
2017-04-24 00:00:00+09:00,8400.0,8600.0,8400.0,8510.0,13809,0.0,0.0
2017-04-25 00:00:00+09:00,8600.0,8640.0,8490.0,8570.0,23662,0.0,0.0
2017-04-26 00:00:00+09:00,8550.0,8650.0,8550.0,8650.0,14327,0.0,0.0
2017-04-27 00:00:00+09:00,8510.0,8730.0,8510.0,8650.0,19427,0.0,0.0
2017-04-28 00:00:00+09:00,8720.0,8720.0,8470.0,8620.0,14843,0.0,0.0
2017-05-02 00:00:00+09:00,8620.0,8690.0,8400.0,8430.0,16775,0.0,0.0
2017-05-04 00:00:00+09:00,8500.0,8500.0,8320.0,8340.0,16652,0.0,0.0
2017-05-08 00:00:00+09:00,8350.0,8500.0,8300.0,8390.0,13239,0.0,0.0
2017-05-10 00:00:00+09:00,8550.0,8590.0,8410.0,8570.0,14990,0.0,0.0
2017-05-11 00:00:00+09:00,8600.0,8600.0,8490.0,8540.0,11636,0.0,0.0
2017-05-12 00:00:00+09:00,8650.0,8650.0,8420.0,8650.0,14667,0.0,0.0
2017-05-15 00:00:00+09:00,10800.0,11200.0,9330.0,9400.0,3141596,0.0,0.0
2017-05-16 00:00:00+09:00,9500.0,9540.0,8840.0,9050.0,456105,0.0,0.0
2017-05-17 00:00:00+09:00,8930.0,8990.0,8660.0,8670.0,176682,0.0,0.0
2017-05-18 00:00:00+09:00,8510.0,8610.0,8380.0,8500.0,83478,0.0,0.0
2017-05-19 00:00:00+09:00,8490.0,8660.0,8430.0,8650.0,73421,0.0,0.0
2017-05-22 00:00:00+09:00,8650.0,8700.0,8500.0,8670.0,51401,0.0,0.0
2017-05-23 00:00:00+09:00,8640.0,8700.0,8500.0,8540.0,41834,0.0,0.0
2017-05-24 00:00:00+09:00,8580.0,8590.0,8400.0,8420.0,41917,0.0,0.0
2017-05-25 00:00:00+09:00,8430.0,8470.0,8250.0,8320.0,51445,0.0,0.0
2017-05-26 00:00:00+09:00,8290.0,8430.0,8240.0,8400.0,38393,0.0,0.0
2017-05-29 00:00:00+09:00,8480.0,8480.0,8280.0,8370.0,24514,0.0,0.0
2017-05-30 00:00:00+09:00,8340.0,8440.0,8300.0,8340.0,15740,0.0,0.0
2017-05-31 00:00:00+09:00,8390.0,8430.0,8290.0,8380.0,31577,0.0,0.0
2017-06-01 00:00:00+09:00,8380.0,8440.0,8300.0,8390.0,23340,0.0,0.0
2017-06-02 00:00:00+09:00,8450.0,8450.0,8310.0,8310.0,18071,0.0,0.0
2017-06-05 00:00:00+09:00,8230.0,8330.0,8230.0,8260.0,19065,0.0,0.0
2017-06-07 00:00:00+09:00,8270.0,8310.0,8190.0,8240.0,17158,0.0,0.0
2017-06-08 00:00:00+09:00,8290.0,8290.0,7950.0,8070.0,78695,0.0,0.0
2017-06-09 00:00:00+09:00,8030.0,8070.0,7970.0,8020.0,21343,0.0,0.0
2017-06-12 00:00:00+09:00,8030.0,8210.0,8020.0,8170.0,18338,0.0,0.0
2017-06-13 00:00:00+09:00,8170.0,8340.0,8170.0,8270.0,34116,0.0,0.0
2017-06-14 00:00:00+09:00,8270.0,8320.0,7970.0,8280.0,27322,0.0,0.0
2017-06-15 00:00:00+09:00,8340.0,8370.0,8240.0,8370.0,27097,0.0,0.0
2017-06-16 00:00:00+09:00,8410.0,10000.0,8380.0,8390.0,457929,0.0,0.0
2017-06-19 00:00:00+09:00,8450.0,8470.0,8280.0,8390.0,37572,0.0,0.0
2017-06-20 00:00:00+09:00,8470.0,8470.0,8180.0,8230.0,36299,0.0,0.0
2017-06-21 00:00:00+09:00,8180.0,8240.0,8090.0,8100.0,22664,0.0,0.0
2017-06-22 00:00:00+09:00,8180.0,8250.0,8050.0,8110.0,22794,0.0,0.0
2017-06-23 00:00:00+09:00,8050.0,8330.0,8050.0,8280.0,23752,0.0,0.0
2017-06-26 00:00:00+09:00,8280.0,8340.0,8150.0,8230.0,18796,0.0,0.0
2017-06-27 00:00:00+09:00,8230.0,8280.0,8100.0,8260.0,22214,0.0,0.0
2017-06-28 00:00:00+09:00,8450.0,8570.0,8270.0,8430.0,70295,0.0,0.0
2017-06-29 00:00:00+09:00,8590.0,8590.0,8350.0,8360.0,41808,0.0,0.0
2017-06-30 00:00:00+09:00,8370.0,8370.0,8120.0,8240.0,15127,0.0,0.0
2017-07-03 00:00:00+09:00,8350.0,8350.0,8100.0,8100.0,25254,0.0,0.0
2017-07-04 00:00:00+09:00,8080.0,8180.0,7950.0,8030.0,26727,0.0,0.0
2017-07-05 00:00:00+09:00,7960.0,8130.0,7960.0,8080.0,14797,0.0,0.0
2017-07-06 00:00:00+09:00,8100.0,8230.0,8080.0,8200.0,14423,0.0,0.0
2017-07-07 00:00:00+09:00,8200.0,8220.0,8010.0,8120.0,15933,0.0,0.0
2017-07-10 00:00:00+09:00,8240.0,8240.0,7920.0,7940.0,31551,0.0,0.0
2017-07-11 00:00:00+09:00,7920.0,8030.0,7880.0,8000.0,14274,0.0,0.0
2017-07-12 00:00:00+09:00,8030.0,8030.0,7840.0,7930.0,23043,0.0,0.0
2017-07-13 00:00:00+09:00,8000.0,8000.0,7700.0,7890.0,28165,0.0,0.0
2017-07-14 00:00:00+09:00,7980.0,7980.0,7680.0,7680.0,16826,0.0,0.0
2017-07-17 00:00:00+09:00,7650.0,7720.0,7550.0,7720.0,22049,0.0,0.0
2017-07-18 00:00:00+09:00,7720.0,7780.0,7660.0,7750.0,12380,0.0,0.0
2017-07-19 00:00:00+09:00,7700.0,7840.0,7610.0,7720.0,7862,0.0,0.0
2017-07-20 00:00:00+09:00,7720.0,7810.0,7570.0,7800.0,37719,0.0,0.0
2017-07-21 00:00:00+09:00,7790.0,7970.0,7790.0,7970.0,20892,0.0,0.0
2017-07-24 00:00:00+09:00,7980.0,7980.0,7850.0,7920.0,8489,0.0,0.0
2017-07-25 00:00:00+09:00,7970.0,7970.0,7850.0,7850.0,20697,0.0,0.0
2017-07-26 00:00:00+09:00,7980.0,7990.0,7860.0,7960.0,11983,0.0,0.0
2017-07-27 00:00:00+09:00,8000.0,8000.0,7810.0,7960.0,8407,0.0,0.0
2017-07-28 00:00:00+09:00,7960.0,8000.0,7800.0,7920.0,23127,0.0,0.0
2017-07-31 00:00:00+09:00,7960.0,7960.0,7750.0,7850.0,13679,0.0,0.0
2017-08-01 00:00:00+09:00,7800.0,7870.0,7760.0,7840.0,13890,0.0,0.0
2017-08-02 00:00:00+09:00,7860.0,7940.0,7700.0,7730.0,23681,0.0,0.0
2017-08-03 00:00:00+09:00,7770.0,7790.0,7640.0,7760.0,11743,0.0,0.0
2017-08-04 00:00:00+09:00,7750.0,7780.0,7640.0,7640.0,8549,0.0,0.0
2017-08-07 00:00:00+09:00,7700.0,7740.0,7610.0,7690.0,4659,0.0,0.0
2017-08-08 00:00:00+09:00,7730.0,7740.0,7640.0,7690.0,7196,0.0,0.0
2017-08-09 00:00:00+09:00,7770.0,7770.0,7660.0,7720.0,5035,0.0,0.0
2017-08-10 00:00:00+09:00,7770.0,7770.0,7480.0,7650.0,23393,0.0,0.0
2017-08-11 00:00:00+09:00,7650.0,7650.0,7300.0,7400.0,29129,0.0,0.0
2017-08-14 00:00:00+09:00,7340.0,7400.0,7270.0,7310.0,8196,0.0,0.0
2017-08-16 00:00:00+09:00,7310.0,7310.0,7060.0,7100.0,23673,0.0,0.0
2017-08-17 00:00:00+09:00,7060.0,7250.0,7060.0,7230.0,10355,0.0,0.0
2017-08-18 00:00:00+09:00,7340.0,7340.0,7130.0,7210.0,6663,0.0,0.0
2017-08-21 00:00:00+09:00,7190.0,7200.0,7000.0,7010.0,34335,0.0,0.0
2017-08-22 00:00:00+09:00,7010.0,7090.0,6940.0,7080.0,11305,0.0,0.0
2017-08-23 00:00:00+09:00,7080.0,7160.0,7020.0,7030.0,10232,0.0,0.0
2017-08-24 00:00:00+09:00,7030.0,7210.0,7030.0,7140.0,4864,0.0,0.0
2017-08-25 00:00:00+09:00,7170.0,7170.0,7070.0,7070.0,3578,0.0,0.0
2017-08-28 00:00:00+09:00,7170.0,7170.0,7060.0,7080.0,5681,0.0,0.0
2017-08-29 00:00:00+09:00,7050.0,7150.0,6970.0,7090.0,8367,0.0,0.0
2017-08-30 00:00:00+09:00,7060.0,7170.0,6940.0,7040.0,12453,0.0,0.0
2017-08-31 00:00:00+09:00,7060.0,7120.0,6980.0,7040.0,6544,0.0,0.0
2017-09-01 00:00:00+09:00,7080.0,7080.0,7000.0,7050.0,9530,0.0,0.0
2017-09-04 00:00:00+09:00,6800.0,6950.0,6800.0,6860.0,19891,0.0,0.0
2017-09-05 00:00:00+09:00,6970.0,6980.0,6830.0,6920.0,6130,0.0,0.0
2017-09-06 00:00:00+09:00,6610.0,6700.0,6210.0,6580.0,75741,0.0,0.0
2017-09-07 00:00:00+09:00,6580.0,6770.0,6470.0,6770.0,19503,0.0,0.0
2017-09-08 00:00:00+09:00,6880.0,6880.0,6700.0,6770.0,13169,0.0,0.0
2017-09-11 00:00:00+09:00,6770.0,6850.0,6600.0,6740.0,8286,0.0,0.0
2017-09-12 00:00:00+09:00,6790.0,6790.0,6610.0,6720.0,12582,0.0,0.0
2017-09-13 00:00:00+09:00,6780.0,6810.0,6650.0,6650.0,16838,0.0,0.0
2017-09-14 00:00:00+09:00,6680.0,6680.0,6380.0,6510.0,42781,0.0,0.0
2017-09-15 00:00:00+09:00,6570.0,6580.0,6440.0,6580.0,16720,0.0,0.0
2017-09-18 00:00:00+09:00,6620.0,7260.0,6510.0,6850.0,51332,0.0,0.0
2017-09-19 00:00:00+09:00,6930.0,6930.0,6720.0,6790.0,10868,0.0,0.0
2017-09-20 00:00:00+09:00,6800.0,6800.0,6510.0,6640.0,15913,0.0,0.0
2017-09-21 00:00:00+09:00,6650.0,6660.0,6470.0,6470.0,13850,0.0,0.0
2017-09-25 00:00:00+09:00,6220.0,6220.0,5250.0,5800.0,84931,0.0,0.0
2017-09-26 00:00:00+09:00,5800.0,5800.0,5800.0,5800.0,0,0.0,0.0
2017-09-27 00:00:00+09:00,5740.0,6030.0,5730.0,6030.0,27770,0.0,0.0
2017-09-28 00:00:00+09:00,6050.0,6170.0,6050.0,6170.0,13576,0.0,0.0
2017-09-29 00:00:00+09:00,6170.0,6190.0,6110.0,6180.0,11567,0.0,0.0
2017-10-10 00:00:00+09:00,6200.0,6200.0,6070.0,6170.0,8916,0.0,0.0
2017-10-11 00:00:00+09:00,6200.0,6200.0,6070.0,6170.0,6320,0.0,0.0
2017-10-12 00:00:00+09:00,6150.0,6330.0,6150.0,6310.0,9937,0.0,0.0
2017-10-13 00:00:00+09:00,6360.0,6370.0,6160.0,6220.0,10037,0.0,0.0
2017-10-16 00:00:00+09:00,6360.0,6360.0,6110.0,6210.0,5634,0.0,0.0
2017-10-17 00:00:00+09:00,6350.0,6350.0,6090.0,6120.0,7653,0.0,0.0
2017-10-18 00:00:00+09:00,6120.0,6120.0,5970.0,6020.0,11672,0.0,0.0
2017-10-19 00:00:00+09:00,6040.0,6050.0,5820.0,6020.0,17197,0.0,0.0
2017-10-20 00:00:00+09:00,6050.0,6170.0,5910.0,6160.0,12248,0.0,0.0
2017-10-23 00:00:00+09:00,6170.0,6180.0,6010.0,6060.0,11463,0.0,0.0
2017-10-24 00:00:00+09:00,6080.0,6080.0,5970.0,6020.0,13305,0.0,0.0
2017-10-25 00:00:00+09:00,6070.0,6100.0,5980.0,6060.0,17018,0.0,0.0
2017-10-26 00:00:00+09:00,6060.0,6080.0,5960.0,6050.0,15755,0.0,0.0
2017-10-27 00:00:00+09:00,6040.0,6050.0,5940.0,6010.0,21837,0.0,0.0
2017-10-30 00:00:00+09:00,6050.0,6100.0,5980.0,6080.0,21928,0.0,0.0
2017-10-31 00:00:00+09:00,6110.0,6400.0,6060.0,6320.0,48607,0.0,0.0
2017-11-01 00:00:00+09:00,6380.0,6840.0,6330.0,6600.0,29999,0.0,0.0
2017-11-02 00:00:00+09:00,6510.0,6710.0,6430.0,6660.0,25373,0.0,0.0
2017-11-03 00:00:00+09:00,6660.0,6670.0,6550.0,6610.0,10728,0.0,0.0
2017-11-06 00:00:00+09:00,6660.0,6830.0,6600.0,6630.0,14957,0.0,0.0
2017-11-07 00:00:00+09:00,6710.0,6710.0,6440.0,6570.0,7576,0.0,0.0
2017-11-08 00:00:00+09:00,6510.0,6590.0,6310.0,6440.0,24185,0.0,0.0
2017-11-09 00:00:00+09:00,6430.0,6460.0,6200.0,6340.0,20563,0.0,0.0
2017-11-10 00:00:00+09:00,6390.0,6390.0,6200.0,6330.0,12295,0.0,0.0
2017-11-13 00:00:00+09:00,6400.0,6450.0,6240.0,6420.0,12326,0.0,0.0
2017-11-14 00:00:00+09:00,6470.0,6470.0,6230.0,6420.0,12916,0.0,0.0
2017-11-15 00:00:00+09:00,6460.0,6460.0,6290.0,6370.0,18033,0.0,0.0
2017-11-16 00:00:00+09:00,6370.0,6420.0,6310.0,6380.0,7835,0.0,0.0
2017-11-17 00:00:00+09:00,6380.0,6400.0,6300.0,6310.0,5521,0.0,0.0
2017-11-20 00:00:00+09:00,6360.0,6360.0,6200.0,6330.0,21172,0.0,0.0
2017-11-21 00:00:00+09:00,6300.0,6340.0,6230.0,6300.0,21239,0.0,0.0
2017-11-22 00:00:00+09:00,6270.0,6340.0,6150.0,6170.0,13215,0.0,0.0
2017-11-23 00:00:00+09:00,6250.0,6250.0,6130.0,6130.0,22928,0.0,0.0
2017-11-24 00:00:00+09:00,6190.0,6290.0,6170.0,6270.0,29758,0.0,0.0
2017-11-27 00:00:00+09:00,6300.0,6350.0,6240.0,6300.0,12430,0.0,0.0
2017-11-28 00:00:00+09:00,6370.0,6380.0,6240.0,6240.0,11604,0.0,0.0
2017-11-29 00:00:00+09:00,6390.0,6390.0,6170.0,6260.0,13704,0.0,0.0
2017-11-30 00:00:00+09:00,6200.0,6280.0,6160.0,6190.0,15159,0.0,0.0
2017-12-01 00:00:00+09:00,6200.0,6290.0,6170.0,6230.0,17581,0.0,0.0
2017-12-04 00:00:00+09:00,6230.0,6420.0,6190.0,6390.0,35080,0.0,0.0
2017-12-05 00:00:00+09:00,6390.0,6640.0,6350.0,6580.0,46892,0.0,0.0
2017-12-06 00:00:00+09:00,6650.0,6650.0,6350.0,6500.0,39812,0.0,0.0
2017-12-07 00:00:00+09:00,6500.0,6560.0,6350.0,6370.0,23218,0.0,0.0
2017-12-08 00:00:00+09:00,6350.0,6530.0,6340.0,6390.0,19991,0.0,0.0
2017-12-11 00:00:00+09:00,6390.0,6580.0,6390.0,6470.0,35269,0.0,0.0
2017-12-12 00:00:00+09:00,6470.0,6540.0,6420.0,6430.0,10646,0.0,0.0
2017-12-13 00:00:00+09:00,6420.0,6750.0,6420.0,6680.0,71515,0.0,0.0
2017-12-14 00:00:00+09:00,6770.0,7090.0,6500.0,6930.0,93807,0.0,0.0
2017-12-15 00:00:00+09:00,6930.0,7430.0,6840.0,7200.0,118895,0.0,0.0
2017-12-18 00:00:00+09:00,7300.0,7470.0,7160.0,7200.0,81875,0.0,0.0
2017-12-19 00:00:00+09:00,7200.0,7200.0,6910.0,7030.0,42042,0.0,0.0
2017-12-21 00:00:00+09:00,6690.0,6980.0,6580.0,6660.0,31596,0.0,0.0
2017-12-22 00:00:00+09:00,6780.0,6860.0,6610.0,6800.0,18996,0.0,0.0
2017-12-26 00:00:00+09:00,6900.0,6900.0,6620.0,6630.0,15880,0.0,0.0
2017-12-27 00:00:00+09:00,6740.0,6830.0,6640.0,6730.0,16747,0.0,0.0
2017-12-28 00:00:00+09:00,6810.0,7090.0,6730.0,6840.0,71178,0.0,0.0
2018-01-02 00:00:00+09:00,6910.0,6970.0,6830.0,6930.0,27040,0.0,0.0
2018-01-03 00:00:00+09:00,6990.0,7170.0,6930.0,7130.0,53033,0.0,0.0
2018-01-04 00:00:00+09:00,7180.0,7180.0,6800.0,6850.0,24739,0.0,0.0
2018-01-05 00:00:00+09:00,6810.0,6990.0,6800.0,6800.0,27258,0.0,0.0
2018-01-08 00:00:00+09:00,6910.0,6910.0,6400.0,6500.0,68570,0.0,0.0
2018-01-09 00:00:00+09:00,6540.0,6580.0,6340.0,6360.0,26672,0.0,0.0
2018-01-10 00:00:00+09:00,6330.0,6440.0,6290.0,6420.0,24411,0.0,0.0
2018-01-11 00:00:00+09:00,6490.0,6580.0,6400.0,6500.0,30534,0.0,0.0
2018-01-12 00:00:00+09:00,6590.0,6590.0,6290.0,6450.0,28106,0.0,0.0
2018-01-15 00:00:00+09:00,6530.0,6640.0,6350.0,6620.0,31953,0.0,0.0
2018-01-16 00:00:00+09:00,6650.0,6670.0,6340.0,6630.0,32785,0.0,0.0
2018-01-17 00:00:00+09:00,6630.0,6680.0,6410.0,6630.0,40592,0.0,0.0
2018-01-18 00:00:00+09:00,6650.0,8320.0,6650.0,7440.0,1322787,0.0,0.0
2018-01-19 00:00:00+09:00,7470.0,7600.0,6950.0,7140.0,251149,0.0,0.0
2018-01-22 00:00:00+09:00,7370.0,7600.0,7120.0,7310.0,239199,0.0,0.0
2018-01-23 00:00:00+09:00,7260.0,7320.0,7080.0,7150.0,121540,0.0,0.0
2018-01-24 00:00:00+09:00,7160.0,7290.0,7120.0,7290.0,88819,0.0,0.0
2018-01-25 00:00:00+09:00,7400.0,7740.0,7290.0,7320.0,139516,0.0,0.0
2018-01-26 00:00:00+09:00,7380.0,7480.0,7170.0,7400.0,69605,0.0,0.0
2018-01-29 00:00:00+09:00,7580.0,7650.0,7310.0,7410.0,104579,0.0,0.0
2018-01-30 00:00:00+09:00,7440.0,7440.0,7210.0,7210.0,69928,0.0,0.0
2018-01-31 00:00:00+09:00,7230.0,7290.0,7100.0,7170.0,59266,0.0,0.0
2018-02-01 00:00:00+09:00,7200.0,7390.0,7130.0,7330.0,62848,0.0,0.0
2018-02-02 00:00:00+09:00,7400.0,7400.0,7120.0,7120.0,46462,0.0,0.0
2018-02-05 00:00:00+09:00,7050.0,7050.0,6700.0,6740.0,107397,0.0,0.0
2018-02-06 00:00:00+09:00,6290.0,6650.0,6160.0,6590.0,87263,0.0,0.0
2018-02-07 00:00:00+09:00,6680.0,6730.0,6330.0,6360.0,47837,0.0,0.0
2018-02-08 00:00:00+09:00,6370.0,6540.0,6370.0,6490.0,16332,0.0,0.0
2018-02-09 00:00:00+09:00,6380.0,6380.0,6200.0,6310.0,24346,0.0,0.0
2018-02-12 00:00:00+09:00,6400.0,6480.0,6300.0,6300.0,16547,0.0,0.0
2018-02-13 00:00:00+09:00,6500.0,6500.0,6210.0,6300.0,10050,0.0,0.0
2018-02-14 00:00:00+09:00,6300.0,6360.0,6210.0,6260.0,12202,0.0,0.0
2018-02-19 00:00:00+09:00,6420.0,6450.0,6260.0,6350.0,17839,0.0,0.0
2018-02-20 00:00:00+09:00,6380.0,6400.0,6340.0,6380.0,19698,0.0,0.0
2018-02-21 00:00:00+09:00,6500.0,6500.0,6350.0,6460.0,17917,0.0,0.0
2018-02-22 00:00:00+09:00,6410.0,6530.0,6380.0,6520.0,19694,0.0,0.0
2018-02-23 00:00:00+09:00,6550.0,6640.0,6500.0,6510.0,20800,0.0,0.0
2018-02-26 00:00:00+09:00,6590.0,6590.0,6440.0,6500.0,11544,0.0,0.0
2018-02-27 00:00:00+09:00,6540.0,6570.0,6410.0,6480.0,14759,0.0,0.0
2018-02-28 00:00:00+09:00,6490.0,6700.0,6410.0,6540.0,20461,0.0,0.0
2018-03-02 00:00:00+09:00,6490.0,6580.0,6460.0,6560.0,14045,0.0,0.0
2018-03-05 00:00:00+09:00,6570.0,6940.0,6570.0,6810.0,62099,0.0,0.0
2018-03-06 00:00:00+09:00,6850.0,6920.0,6760.0,6810.0,27427,0.0,0.0
2018-03-07 00:00:00+09:00,6820.0,6940.0,6800.0,6880.0,32120,0.0,0.0
2018-03-08 00:00:00+09:00,6880.0,6940.0,6840.0,6870.0,27871,0.0,0.0
2018-03-09 00:00:00+09:00,6870.0,7060.0,6850.0,7060.0,46999,0.0,0.0
2018-03-12 00:00:00+09:00,7060.0,7120.0,7050.0,7100.0,35014,0.0,0.0
2018-03-13 00:00:00+09:00,7120.0,7120.0,6930.0,6930.0,21298,0.0,0.0
2018-03-14 00:00:00+09:00,6850.0,6970.0,6840.0,6900.0,25932,0.0,0.0
2018-03-15 00:00:00+09:00,6970.0,6990.0,6800.0,6840.0,14429,0.0,0.0
2018-03-16 00:00:00+09:00,6870.0,6870.0,6770.0,6820.0,17638,0.0,0.0
2018-03-19 00:00:00+09:00,6770.0,6860.0,6630.0,6720.0,11637,0.0,0.0
2018-03-20 00:00:00+09:00,6800.0,6960.0,6700.0,6880.0,35129,0.0,0.0
2018-03-21 00:00:00+09:00,6880.0,6980.0,6850.0,6920.0,23982,0.0,0.0
2018-03-22 00:00:00+09:00,6920.0,7060.0,6820.0,6830.0,40306,0.0,0.0
2018-03-23 00:00:00+09:00,6750.0,6760.0,6160.0,6250.0,91718,0.0,0.0
2018-03-26 00:00:00+09:00,6170.0,6470.0,6170.0,6430.0,31723,0.0,0.0
2018-03-27 00:00:00+09:00,6500.0,6520.0,6370.0,6480.0,13468,0.0,0.0
2018-03-28 00:00:00+09:00,6410.0,6410.0,6250.0,6380.0,24526,0.0,0.0
2018-03-29 00:00:00+09:00,6380.0,6700.0,6330.0,6540.0,18923,0.0,0.0
2018-03-30 00:00:00+09:00,6690.0,6690.0,6530.0,6610.0,8663,0.0,0.0
2018-04-02 00:00:00+09:00,6610.0,6680.0,6530.0,6550.0,9045,0.0,0.0
2018-04-03 00:00:00+09:00,6370.0,6800.0,6310.0,6790.0,16868,0.0,0.0
2018-04-04 00:00:00+09:00,6780.0,6780.0,6400.0,6490.0,23760,0.0,0.0
2018-04-05 00:00:00+09:00,6590.0,6590.0,6400.0,6490.0,23571,0.0,0.0
2018-04-06 00:00:00+09:00,6550.0,6550.0,6350.0,6350.0,18055,0.0,0.0
2018-04-09 00:00:00+09:00,6410.0,6460.0,6250.0,6340.0,12149,0.0,0.0
2018-04-10 00:00:00+09:00,6340.0,6340.0,6190.0,6230.0,23271,0.0,0.0
2018-04-11 00:00:00+09:00,6300.0,6480.0,6240.0,6350.0,24528,0.0,0.0
2018-04-12 00:00:00+09:00,6540.0,6540.0,6340.0,6400.0,16694,0.0,0.0
2018-04-13 00:00:00+09:00,6450.0,6590.0,6320.0,6530.0,37702,0.0,0.0
2018-04-16 00:00:00+09:00,6590.0,6700.0,6370.0,6480.0,23524,0.0,0.0
2018-04-17 00:00:00+09:00,6440.0,6470.0,6360.0,6450.0,22923,0.0,0.0
2018-04-18 00:00:00+09:00,6650.0,6650.0,6440.0,6500.0,28465,0.0,0.0
2018-04-19 00:00:00+09:00,6600.0,6600.0,6320.0,6560.0,44550,0.0,0.0
2018-04-20 00:00:00+09:00,6590.0,6670.0,6470.0,6570.0,26616,0.0,0.0
2018-04-23 00:00:00+09:00,6550.0,6600.0,6430.0,6460.0,25653,0.0,0.0
2018-04-24 00:00:00+09:00,6580.0,6740.0,6450.0,6670.0,43522,0.0,0.0
2018-04-25 00:00:00+09:00,6550.0,6950.0,6510.0,6830.0,67180,0.0,0.0
2018-04-26 00:00:00+09:00,6770.0,7170.0,6750.0,7170.0,160263,0.0,0.0
2018-04-27 00:00:00+09:00,7240.0,7240.0,6960.0,7050.0,62152,0.0,0.0
2018-04-30 00:00:00+09:00,7050.0,7090.0,6800.0,6970.0,48141,0.0,0.0
2018-05-02 00:00:00+09:00,6960.0,7140.0,6770.0,7060.0,79414,0.0,0.0
2018-05-03 00:00:00+09:00,7180.0,7190.0,6930.0,7050.0,54216,0.0,0.0
2018-05-04 00:00:00+09:00,7060.0,7060.0,6870.0,6960.0,24497,0.0,0.0
2018-05-08 00:00:00+09:00,6980.0,7390.0,6980.0,7140.0,122745,0.0,0.0
2018-05-09 00:00:00+09:00,7150.0,7580.0,7010.0,7540.0,126301,0.0,0.0
2018-05-10 00:00:00+09:00,7630.0,7990.0,7550.0,7920.0,201021,0.0,0.0
2018-05-11 00:00:00+09:00,7920.0,8000.0,7600.0,7720.0,92233,0.0,0.0
2018-05-14 00:00:00+09:00,7720.0,7760.0,7540.0,7630.0,49592,0.0,0.0
2018-05-15 00:00:00+09:00,7560.0,7700.0,7530.0,7550.0,26135,0.0,0.0
2018-05-16 00:00:00+09:00,7600.0,7670.0,7210.0,7300.0,48032,0.0,0.0
2018-05-17 00:00:00+09:00,7300.0,7420.0,7100.0,7330.0,21380,0.0,0.0
2018-05-18 00:00:00+09:00,7440.0,7700.0,7250.0,7650.0,41824,0.0,0.0
2018-05-21 00:00:00+09:00,7770.0,7990.0,7700.0,7780.0,98685,0.0,0.0
2018-05-23 00:00:00+09:00,7880.0,7880.0,7600.0,7690.0,39998,0.0,0.0
2018-05-24 00:00:00+09:00,7820.0,7820.0,7660.0,7720.0,34651,0.0,0.0
2018-05-25 00:00:00+09:00,7550.0,8110.0,7420.0,7940.0,221361,0.0,0.0
2018-05-28 00:00:00+09:00,7940.0,8050.0,7550.0,7790.0,123359,0.0,0.0
2018-05-29 00:00:00+09:00,7800.0,8500.0,7750.0,8490.0,263788,0.0,0.0
2018-05-30 00:00:00+09:00,8400.0,8430.0,8120.0,8120.0,104969,0.0,0.0
2018-05-31 00:00:00+09:00,8090.0,8350.0,8060.0,8200.0,54435,0.0,0.0
2018-06-01 00:00:00+09:00,8330.0,8330.0,7950.0,8160.0,76671,0.0,0.0
2018-06-04 00:00:00+09:00,8200.0,8230.0,7910.0,7930.0,45224,0.0,0.0
2018-06-05 00:00:00+09:00,8010.0,8300.0,7920.0,8200.0,64061,0.0,0.0
2018-06-07 00:00:00+09:00,8200.0,8450.0,8140.0,8290.0,51723,0.0,0.0
2018-06-08 00:00:00+09:00,8310.0,8470.0,7990.0,8080.0,49694,0.0,0.0
2018-06-11 00:00:00+09:00,8240.0,8240.0,7900.0,7900.0,45868,0.0,0.0
2018-06-12 00:00:00+09:00,7900.0,8060.0,7780.0,8030.0,36605,0.0,0.0
2018-06-14 00:00:00+09:00,8090.0,8100.0,7760.0,7810.0,27976,0.0,0.0
2018-06-15 00:00:00+09:00,7730.0,7850.0,7510.0,7700.0,27602,0.0,0.0
2018-06-18 00:00:00+09:00,7700.0,7700.0,7180.0,7380.0,51958,0.0,0.0
2018-06-19 00:00:00+09:00,7380.0,7530.0,7130.0,7260.0,37169,0.0,0.0
2018-06-20 00:00:00+09:00,7390.0,7430.0,7180.0,7430.0,17046,0.0,0.0
2018-06-21 00:00:00+09:00,7450.0,7780.0,7310.0,7640.0,35690,0.0,0.0
2018-06-22 00:00:00+09:00,7530.0,7770.0,7350.0,7540.0,31136,0.0,0.0
2018-06-25 00:00:00+09:00,7540.0,7770.0,7360.0,7520.0,10595,0.0,0.0
2018-06-26 00:00:00+09:00,7540.0,7590.0,7290.0,7300.0,21834,0.0,0.0
2018-06-27 00:00:00+09:00,7300.0,7820.0,7280.0,7580.0,52802,0.0,0.0
2018-06-28 00:00:00+09:00,7400.0,7740.0,7350.0,7400.0,23651,0.0,0.0
2018-06-29 00:00:00+09:00,7380.0,7560.0,7040.0,7200.0,61841,0.0,0.0
2018-07-02 00:00:00+09:00,7250.0,7380.0,6810.0,6810.0,43915,0.0,0.0
2018-07-03 00:00:00+09:00,6810.0,6990.0,6780.0,6860.0,12010,0.0,0.0
2018-07-04 00:00:00+09:00,6890.0,6950.0,6750.0,6800.0,6798,0.0,0.0
2018-07-05 00:00:00+09:00,6950.0,7080.0,6760.0,6870.0,10074,0.0,0.0
2018-07-06 00:00:00+09:00,6870.0,6870.0,6570.0,6710.0,17352,0.0,0.0
2018-07-09 00:00:00+09:00,6700.0,6900.0,6700.0,6830.0,9972,0.0,0.0
2018-07-10 00:00:00+09:00,6800.0,6940.0,6700.0,6890.0,18327,0.0,0.0
2018-07-11 00:00:00+09:00,6890.0,6890.0,6650.0,6840.0,6339,0.0,0.0
2018-07-12 00:00:00+09:00,6840.0,6880.0,6610.0,6610.0,16810,0.0,0.0
2018-07-13 00:00:00+09:00,6700.0,7100.0,6660.0,6940.0,29905,0.0,0.0
2018-07-16 00:00:00+09:00,7040.0,7200.0,6840.0,7160.0,22937,0.0,0.0
2018-07-17 00:00:00+09:00,7210.0,7350.0,7100.0,7300.0,26027,0.0,0.0
2018-07-18 00:00:00+09:00,7350.0,7360.0,7080.0,7080.0,14118,0.0,0.0
2018-07-19 00:00:00+09:00,7080.0,7370.0,7040.0,7100.0,9897,0.0,0.0
2018-07-20 00:00:00+09:00,7010.0,7170.0,7000.0,7160.0,10256,0.0,0.0
2018-07-23 00:00:00+09:00,7240.0,7240.0,6870.0,6900.0,21338,0.0,0.0
2018-07-24 00:00:00+09:00,6900.0,7000.0,6600.0,6990.0,22223,0.0,0.0
2018-07-25 00:00:00+09:00,6960.0,7080.0,6770.0,7070.0,12521,0.0,0.0
2018-07-26 00:00:00+09:00,7040.0,7190.0,6970.0,7140.0,7921,0.0,0.0
2018-07-27 00:00:00+09:00,7210.0,7220.0,7100.0,7160.0,4645,0.0,0.0
2018-07-30 00:00:00+09:00,7190.0,7190.0,6950.0,7070.0,8436,0.0,0.0
2018-07-31 00:00:00+09:00,6980.0,7150.0,6980.0,7020.0,7745,0.0,0.0
2018-08-01 00:00:00+09:00,7010.0,7160.0,7010.0,7160.0,9840,0.0,0.0
2018-08-02 00:00:00+09:00,7110.0,7200.0,7020.0,7080.0,9610,0.0,0.0
2018-08-03 00:00:00+09:00,7080.0,7190.0,7050.0,7150.0,7593,0.0,0.0
2018-08-06 00:00:00+09:00,7160.0,7240.0,7070.0,7090.0,5229,0.0,0.0
2018-08-07 00:00:00+09:00,7190.0,7190.0,6980.0,7070.0,9818,0.0,0.0
2018-08-08 00:00:00+09:00,7010.0,7150.0,6990.0,7050.0,4901,0.0,0.0
2018-08-09 00:00:00+09:00,7050.0,7110.0,6970.0,7070.0,9328,0.0,0.0
2018-08-10 00:00:00+09:00,6990.0,7120.0,6980.0,7060.0,5359,0.0,0.0
2018-08-13 00:00:00+09:00,6950.0,7250.0,6610.0,6760.0,21385,0.0,0.0
2018-08-14 00:00:00+09:00,6760.0,7030.0,6760.0,6860.0,7627,0.0,0.0
2018-08-16 00:00:00+09:00,6880.0,7000.0,6710.0,6850.0,6143,0.0,0.0
2018-08-17 00:00:00+09:00,6850.0,7050.0,6750.0,6880.0,3691,0.0,0.0
2018-08-20 00:00:00+09:00,6880.0,7040.0,6710.0,7000.0,7154,0.0,0.0
2018-08-21 00:00:00+09:00,7130.0,7130.0,6950.0,7000.0,13167,0.0,0.0
2018-08-22 00:00:00+09:00,7060.0,7060.0,6970.0,7050.0,9595,0.0,0.0
2018-08-23 00:00:00+09:00,7050.0,7100.0,6960.0,7080.0,6598,0.0,0.0
2018-08-24 00:00:00+09:00,7180.0,7180.0,6950.0,7100.0,11003,0.0,0.0
2018-08-27 00:00:00+09:00,6980.0,7100.0,6920.0,7100.0,8799,0.0,0.0
2018-08-28 00:00:00+09:00,7180.0,7180.0,7010.0,7040.0,4829,0.0,0.0
2018-08-29 00:00:00+09:00,7150.0,7150.0,6950.0,7060.0,13411,0.0,0.0
2018-08-30 00:00:00+09:00,7150.0,7150.0,6960.0,6980.0,15672,0.0,0.0
2018-08-31 00:00:00+09:00,7030.0,7030.0,6900.0,6970.0,6900,0.0,0.0
2018-09-03 00:00:00+09:00,7000.0,7000.0,6870.0,6900.0,15748,0.0,0.0
2018-09-04 00:00:00+09:00,7010.0,7010.0,6810.0,6830.0,16217,0.0,0.0
2018-09-05 00:00:00+09:00,6840.0,6910.0,6780.0,6830.0,12919,0.0,0.0
2018-09-06 00:00:00+09:00,6980.0,7250.0,6800.0,7240.0,41154,0.0,0.0
2018-09-07 00:00:00+09:00,7260.0,7560.0,7200.0,7470.0,42482,0.0,0.0
2018-09-10 00:00:00+09:00,7490.0,7490.0,7320.0,7430.0,14867,0.0,0.0
2018-09-11 00:00:00+09:00,7420.0,7560.0,7400.0,7510.0,13140,0.0,0.0
2018-09-12 00:00:00+09:00,7590.0,7860.0,7470.0,7750.0,36315,0.0,0.0
2018-09-13 00:00:00+09:00,7790.0,7950.0,7760.0,7900.0,31800,0.0,0.0
2018-09-14 00:00:00+09:00,7970.0,8190.0,7720.0,8190.0,70323,0.0,0.0
2018-09-17 00:00:00+09:00,8200.0,8840.0,8200.0,8790.0,190112,0.0,0.0
2018-09-18 00:00:00+09:00,8820.0,11400.0,8820.0,11400.0,1132671,0.0,0.0
2018-09-19 00:00:00+09:00,11100.0,11200.0,9430.0,9460.0,825129,0.0,0.0
2018-09-20 00:00:00+09:00,9240.0,9390.0,8740.0,8990.0,322268,0.0,0.0
2018-09-21 00:00:00+09:00,9030.0,9200.0,8520.0,8610.0,160047,0.0,0.0
2018-09-27 00:00:00+09:00,8680.0,8800.0,8360.0,8800.0,129859,0.0,0.0
2018-09-28 00:00:00+09:00,8800.0,8910.0,8540.0,8680.0,68572,0.0,0.0
2018-10-01 00:00:00+09:00,8690.0,8710.0,8260.0,8340.0,70196,0.0,0.0
2018-10-02 00:00:00+09:00,8340.0,8520.0,8260.0,8520.0,25303,0.0,0.0
2018-10-04 00:00:00+09:00,8500.0,8580.0,8290.0,8340.0,29971,0.0,0.0
2018-10-05 00:00:00+09:00,8440.0,8440.0,7890.0,8060.0,87014,0.0,0.0
2018-10-08 00:00:00+09:00,7910.0,8210.0,7900.0,8100.0,28156,0.0,0.0
2018-10-10 00:00:00+09:00,8100.0,8200.0,7890.0,7900.0,45639,0.0,0.0
2018-10-11 00:00:00+09:00,7620.0,7850.0,7540.0,7570.0,37924,0.0,0.0
2018-10-12 00:00:00+09:00,7570.0,7950.0,7550.0,7610.0,31609,0.0,0.0
2018-10-15 00:00:00+09:00,7720.0,7720.0,7500.0,7610.0,16501,0.0,0.0
2018-10-16 00:00:00+09:00,7560.0,7790.0,7560.0,7690.0,30651,0.0,0.0
2018-10-17 00:00:00+09:00,7750.0,8000.0,7740.0,7830.0,13625,0.0,0.0
2018-10-18 00:00:00+09:00,7830.0,7990.0,7680.0,7720.0,7335,0.0,0.0
2018-10-19 00:00:00+09:00,7720.0,7770.0,7480.0,7770.0,12926,0.0,0.0
2018-10-22 00:00:00+09:00,7760.0,7860.0,7680.0,7800.0,8283,0.0,0.0
2018-10-23 00:00:00+09:00,7910.0,7930.0,7520.0,7600.0,18713,0.0,0.0
2018-10-24 00:00:00+09:00,7720.0,7720.0,7260.0,7310.0,42077,0.0,0.0
2018-10-25 00:00:00+09:00,7220.0,7340.0,6970.0,7170.0,34286,0.0,0.0
2018-10-26 00:00:00+09:00,7260.0,7360.0,6850.0,6980.0,32819,0.0,0.0
2018-10-29 00:00:00+09:00,6920.0,7080.0,6450.0,6450.0,50746,0.0,0.0
2018-10-30 00:00:00+09:00,6440.0,6440.0,5920.0,6310.0,103541,0.0,0.0
2018-10-31 00:00:00+09:00,6320.0,6420.0,5690.0,5990.0,154543,0.0,0.0
2018-11-01 00:00:00+09:00,6020.0,6210.0,6010.0,6050.0,63829,0.0,0.0
2018-11-02 00:00:00+09:00,6060.0,6430.0,6060.0,6430.0,53240,0.0,0.0
2018-11-05 00:00:00+09:00,6440.0,6550.0,6290.0,6490.0,17472,0.0,0.0
2018-11-06 00:00:00+09:00,6570.0,6800.0,6490.0,6690.0,24020,0.0,0.0
2018-11-07 00:00:00+09:00,6690.0,6920.0,6480.0,6600.0,45031,0.0,0.0
2018-11-08 00:00:00+09:00,6700.0,6740.0,6500.0,6710.0,44672,0.0,0.0
2018-11-09 00:00:00+09:00,6870.0,6870.0,6550.0,6700.0,19577,0.0,0.0
2018-11-12 00:00:00+09:00,6700.0,6700.0,6530.0,6570.0,4374,0.0,0.0
2018-11-13 00:00:00+09:00,6540.0,6660.0,6160.0,6660.0,19806,0.0,0.0
2018-11-14 00:00:00+09:00,6750.0,6750.0,6450.0,6630.0,21314,0.0,0.0
2018-11-15 00:00:00+09:00,6430.0,6780.0,6430.0,6770.0,10338,0.0,0.0
2018-11-16 00:00:00+09:00,6770.0,6770.0,6670.0,6770.0,7980,0.0,0.0
2018-11-19 00:00:00+09:00,6740.0,6800.0,6650.0,6750.0,10898,0.0,0.0
2018-11-20 00:00:00+09:00,6550.0,6690.0,6500.0,6570.0,16767,0.0,0.0
2018-11-21 00:00:00+09:00,6570.0,6680.0,6340.0,6650.0,18107,0.0,0.0
2018-11-22 00:00:00+09:00,6800.0,6800.0,6500.0,6500.0,6603,0.0,0.0
2018-11-23 00:00:00+09:00,6570.0,6570.0,6380.0,6440.0,12027,0.0,0.0
2018-11-26 00:00:00+09:00,6440.0,6570.0,6400.0,6470.0,4768,0.0,0.0
2018-11-27 00:00:00+09:00,6460.0,6590.0,6420.0,6590.0,10312,0.0,0.0
2018-11-28 00:00:00+09:00,6650.0,6650.0,6530.0,6620.0,6535,0.0,0.0
2018-11-29 00:00:00+09:00,6560.0,6640.0,6520.0,6560.0,7902,0.0,0.0
2018-11-30 00:00:00+09:00,6520.0,6630.0,6520.0,6570.0,4628,0.0,0.0
2018-12-03 00:00:00+09:00,6550.0,6750.0,6410.0,6700.0,16197,0.0,0.0
2018-12-04 00:00:00+09:00,6900.0,7050.0,6790.0,7020.0,62760,0.0,0.0
2018-12-05 00:00:00+09:00,7000.0,7000.0,6810.0,6850.0,13955,0.0,0.0
2018-12-06 00:00:00+09:00,6760.0,6900.0,6450.0,6680.0,28141,0.0,0.0
2018-12-07 00:00:00+09:00,6840.0,6840.0,6640.0,6800.0,10196,0.0,0.0
2018-12-10 00:00:00+09:00,6800.0,6800.0,6420.0,6490.0,23809,0.0,0.0
2018-12-11 00:00:00+09:00,6600.0,6600.0,6120.0,6120.0,36968,0.0,0.0
2018-12-12 00:00:00+09:00,6210.0,6500.0,5860.0,6410.0,40740,0.0,0.0
2018-12-13 00:00:00+09:00,6410.0,6450.0,6300.0,6410.0,3485,0.0,0.0
2018-12-14 00:00:00+09:00,6500.0,6500.0,6260.0,6280.0,6936,0.0,0.0
2018-12-17 00:00:00+09:00,6390.0,6390.0,6180.0,6290.0,13984,0.0,0.0
2018-12-18 00:00:00+09:00,6300.0,6300.0,6140.0,6160.0,11625,0.0,0.0
2018-12-19 00:00:00+09:00,6200.0,6360.0,6150.0,6200.0,21418,0.0,0.0
2018-12-20 00:00:00+09:00,6100.0,6260.0,6060.0,6190.0,14510,0.0,0.0
2018-12-21 00:00:00+09:00,6380.0,6380.0,6080.0,6080.0,35028,0.0,0.0
2018-12-24 00:00:00+09:00,6090.0,6200.0,6080.0,6190.0,7747,0.0,0.0
2018-12-26 00:00:00+09:00,6040.0,6180.0,6040.0,6120.0,7822,0.0,0.0
2018-12-27 00:00:00+09:00,6170.0,6370.0,6110.0,6180.0,9375,0.0,0.0
2018-12-28 00:00:00+09:00,6100.0,6390.0,6100.0,6270.0,8247,0.0,0.0
2019-01-02 00:00:00+09:00,6270.0,6360.0,6180.0,6270.0,10389,0.0,0.0
2019-01-03 00:00:00+09:00,6270.0,6330.0,6180.0,6230.0,3869,0.0,0.0
2019-01-04 00:00:00+09:00,6200.0,6340.0,6060.0,6200.0,19244,0.0,0.0
2019-01-07 00:00:00+09:00,6310.0,6310.0,6110.0,6200.0,5513,0.0,0.0
2019-01-08 00:00:00+09:00,6110.0,6330.0,6110.0,6170.0,3559,0.0,0.0
2019-01-09 00:00:00+09:00,6290.0,6330.0,6170.0,6230.0,3894,0.0,0.0
2019-01-10 00:00:00+09:00,6290.0,6700.0,6200.0,6370.0,17217,0.0,0.0
2019-01-11 00:00:00+09:00,6370.0,6490.0,6250.0,6350.0,20227,0.0,0.0
2019-01-14 00:00:00+09:00,6470.0,6500.0,6300.0,6390.0,16335,0.0,0.0
2019-01-15 00:00:00+09:00,6400.0,6440.0,6320.0,6430.0,7028,0.0,0.0
2019-01-16 00:00:00+09:00,6400.0,6700.0,6300.0,6590.0,20795,0.0,0.0
2019-01-17 00:00:00+09:00,6590.0,6700.0,6300.0,6530.0,24056,0.0,0.0
2019-01-18 00:00:00+09:00,6740.0,6740.0,6450.0,6650.0,22890,0.0,0.0
2019-01-21 00:00:00+09:00,6700.0,6800.0,6580.0,6750.0,33240,0.0,0.0
2019-01-22 00:00:00+09:00,6750.0,6830.0,6640.0,6760.0,11817,0.0,0.0
2019-01-23 00:00:00+09:00,6850.0,6900.0,6580.0,6620.0,30630,0.0,0.0
2019-01-24 00:00:00+09:00,6560.0,6780.0,6560.0,6640.0,20148,0.0,0.0
2019-01-25 00:00:00+09:00,6690.0,6790.0,6590.0,6730.0,14007,0.0,0.0
2019-01-28 00:00:00+09:00,6810.0,6990.0,6700.0,6900.0,28831,0.0,0.0
2019-01-29 00:00:00+09:00,6970.0,7780.0,6850.0,7210.0,178770,0.0,0.0
2019-01-30 00:00:00+09:00,7290.0,7570.0,7100.0,7460.0,54593,0.0,0.0
2019-01-31 00:00:00+09:00,7620.0,7620.0,7120.0,7210.0,28379,0.0,0.0
2019-02-01 00:00:00+09:00,7210.0,7280.0,7070.0,7110.0,15875,0.0,0.0
2019-02-07 00:00:00+09:00,7180.0,7250.0,7050.0,7220.0,10417,0.0,0.0
2019-02-08 00:00:00+09:00,7280.0,7330.0,7060.0,7270.0,16865,0.0,0.0
2019-02-11 00:00:00+09:00,7380.0,7380.0,7000.0,7000.0,23625,0.0,0.0
2019-02-12 00:00:00+09:00,7040.0,7060.0,6890.0,6960.0,8892,0.0,0.0
2019-02-13 00:00:00+09:00,7000.0,7100.0,6800.0,6950.0,25853,0.0,0.0
2019-02-14 00:00:00+09:00,7070.0,7070.0,6790.0,6900.0,14788,0.0,0.0
2019-02-15 00:00:00+09:00,7370.0,7440.0,7030.0,7130.0,44856,0.0,0.0
2019-02-18 00:00:00+09:00,7120.0,7120.0,6920.0,7040.0,22769,0.0,0.0
2019-02-19 00:00:00+09:00,7100.0,7100.0,6950.0,7080.0,7938,0.0,0.0
2019-02-20 00:00:00+09:00,6960.0,7050.0,6940.0,6950.0,11791,0.0,0.0
2019-02-21 00:00:00+09:00,6980.0,7190.0,6840.0,7000.0,32366,0.0,0.0
2019-02-22 00:00:00+09:00,7050.0,7100.0,6650.0,6720.0,86077,0.0,0.0
2019-02-25 00:00:00+09:00,6810.0,6880.0,6740.0,6860.0,12031,0.0,0.0
2019-02-26 00:00:00+09:00,6910.0,6910.0,6720.0,6730.0,16419,0.0,0.0
2019-02-27 00:00:00+09:00,6730.0,6870.0,6720.0,6850.0,15532,0.0,0.0
2019-02-28 00:00:00+09:00,6850.0,7130.0,6320.0,6650.0,53150,0.0,0.0
2019-03-04 00:00:00+09:00,6790.0,6990.0,6790.0,6990.0,21903,0.0,0.0
2019-03-05 00:00:00+09:00,7000.0,7070.0,6900.0,6930.0,13528,0.0,0.0
2019-03-06 00:00:00+09:00,7000.0,7080.0,6810.0,6990.0,8024,0.0,0.0
2019-03-07 00:00:00+09:00,7030.0,7030.0,6710.0,6800.0,21759,0.0,0.0
2019-03-08 00:00:00+09:00,6800.0,6960.0,6750.0,6910.0,11854,0.0,0.0
2019-03-11 00:00:00+09:00,6850.0,7380.0,6810.0,7320.0,89862,0.0,0.0
2019-03-12 00:00:00+09:00,7810.0,8450.0,7220.0,7450.0,611028,0.0,0.0
2019-03-13 00:00:00+09:00,7460.0,8710.0,7350.0,8180.0,922032,0.0,0.0
2019-03-14 00:00:00+09:00,8200.0,8260.0,7800.0,7820.0,201523,0.0,0.0
2019-03-15 00:00:00+09:00,7790.0,7790.0,7260.0,7290.0,151262,0.0,0.0
2019-03-18 00:00:00+09:00,7270.0,7580.0,7240.0,7470.0,45605,0.0,0.0
2019-03-19 00:00:00+09:00,7540.0,7550.0,7310.0,7320.0,40104,0.0,0.0
2019-03-20 00:00:00+09:00,7320.0,7350.0,7160.0,7290.0,35196,0.0,0.0
2019-03-21 00:00:00+09:00,7290.0,7640.0,7230.0,7600.0,74882,0.0,0.0
2019-03-22 00:00:00+09:00,7690.0,7860.0,7510.0,7750.0,46115,0.0,0.0
2019-03-25 00:00:00+09:00,7750.0,7780.0,7430.0,7510.0,35726,0.0,0.0
2019-03-26 00:00:00+09:00,7420.0,7780.0,7300.0,7670.0,23936,0.0,0.0
2019-03-27 00:00:00+09:00,7670.0,7750.0,7550.0,7640.0,21133,0.0,0.0
2019-03-28 00:00:00+09:00,7640.0,7650.0,7390.0,7480.0,23716,0.0,0.0
2019-03-29 00:00:00+09:00,7600.0,7690.0,7330.0,7460.0,15560,0.0,0.0
2019-04-01 00:00:00+09:00,7340.0,7460.0,7210.0,7340.0,26693,0.0,0.0
2019-04-02 00:00:00+09:00,7310.0,7620.0,7290.0,7450.0,19370,0.0,0.0
2019-04-03 00:00:00+09:00,7610.0,7610.0,7340.0,7550.0,12765,0.0,0.0
2019-04-04 00:00:00+09:00,7600.0,7770.0,7500.0,7680.0,30907,0.0,0.0
2019-04-05 00:00:00+09:00,7830.0,7860.0,7650.0,7780.0,18677,0.0,0.0
2019-04-08 00:00:00+09:00,7880.0,7880.0,7710.0,7850.0,28269,0.0,0.0
2019-04-09 00:00:00+09:00,7750.0,7980.0,7730.0,7900.0,26629,0.0,0.0
2019-04-10 00:00:00+09:00,7940.0,8700.0,7760.0,8230.0,160540,0.0,0.0
2019-04-11 00:00:00+09:00,8190.0,8500.0,8190.0,8230.0,70221,0.0,0.0
2019-04-12 00:00:00+09:00,8170.0,8260.0,8030.0,8140.0,35711,0.0,0.0
2019-04-15 00:00:00+09:00,8050.0,8690.0,8050.0,8690.0,52170,0.0,0.0
2019-04-16 00:00:00+09:00,8710.0,8740.0,8390.0,8610.0,51602,0.0,0.0
2019-04-17 00:00:00+09:00,8690.0,9120.0,8500.0,9100.0,73512,0.0,0.0
2019-04-18 00:00:00+09:00,9190.0,9190.0,8800.0,8850.0,32771,0.0,0.0
2019-04-19 00:00:00+09:00,8850.0,9010.0,8600.0,8600.0,27786,0.0,0.0
2019-04-22 00:00:00+09:00,8590.0,8680.0,8280.0,8400.0,37633,0.0,0.0
2019-04-23 00:00:00+09:00,8410.0,8410.0,8230.0,8390.0,16863,0.0,0.0
2019-04-24 00:00:00+09:00,8500.0,8840.0,8420.0,8840.0,48034,0.0,0.0
2019-04-25 00:00:00+09:00,8830.0,8830.0,8390.0,8460.0,28447,0.0,0.0
2019-04-26 00:00:00+09:00,8310.0,8430.0,8220.0,8370.0,15210,0.0,0.0
2019-04-29 00:00:00+09:00,8460.0,8780.0,8350.0,8720.0,35845,0.0,0.0
2019-04-30 00:00:00+09:00,8740.0,8770.0,8500.0,8640.0,15585,0.0,0.0
2019-05-02 00:00:00+09:00,8640.0,8840.0,8480.0,8580.0,10535,0.0,0.0
2019-05-03 00:00:00+09:00,8300.0,8300.0,7850.0,7940.0,122826,0.0,0.0
2019-05-07 00:00:00+09:00,7890.0,7980.0,7710.0,7830.0,24264,0.0,0.0
2019-05-08 00:00:00+09:00,7880.0,7940.0,7710.0,7800.0,9897,0.0,0.0
2019-05-09 00:00:00+09:00,7800.0,7890.0,7280.0,7380.0,48163,0.0,0.0
2019-05-10 00:00:00+09:00,7430.0,7500.0,7180.0,7320.0,35596,0.0,0.0
2019-05-13 00:00:00+09:00,7310.0,7430.0,7080.0,7250.0,34882,0.0,0.0
2019-05-14 00:00:00+09:00,7190.0,7400.0,7100.0,7350.0,15576,0.0,0.0
2019-05-15 00:00:00+09:00,7420.0,7750.0,7320.0,7700.0,37970,0.0,0.0
2019-05-16 00:00:00+09:00,7750.0,7750.0,7450.0,7460.0,21154,0.0,0.0
2019-05-17 00:00:00+09:00,7470.0,7940.0,7470.0,7900.0,50558,0.0,0.0
2019-05-20 00:00:00+09:00,7920.0,8180.0,7920.0,8080.0,41629,0.0,0.0
2019-05-21 00:00:00+09:00,8110.0,8110.0,7700.0,7780.0,30356,0.0,0.0
2019-05-22 00:00:00+09:00,7800.0,8100.0,7460.0,7650.0,40062,0.0,0.0
2019-05-23 00:00:00+09:00,7490.0,7630.0,7290.0,7500.0,34738,0.0,0.0
2019-05-24 00:00:00+09:00,7330.0,8000.0,7300.0,7930.0,78685,0.0,0.0
2019-05-27 00:00:00+09:00,8030.0,8310.0,7730.0,7990.0,61398,0.0,0.0
2019-05-28 00:00:00+09:00,7860.0,8200.0,7550.0,8110.0,40303,0.0,0.0
2019-05-29 00:00:00+09:00,7800.0,8100.0,7770.0,7860.0,13523,0.0,0.0
2019-05-30 00:00:00+09:00,7860.0,8160.0,7800.0,8000.0,47454,0.0,0.0
2019-05-31 00:00:00+09:00,8000.0,8500.0,7870.0,8330.0,73958,0.0,0.0
2019-06-03 00:00:00+09:00,8500.0,9090.0,8360.0,8940.0,246351,0.0,0.0
2019-06-04 00:00:00+09:00,8920.0,9200.0,8790.0,8840.0,88002,0.0,0.0
2019-06-05 00:00:00+09:00,8840.0,8890.0,8550.0,8550.0,80799,0.0,0.0
2019-06-07 00:00:00+09:00,8550.0,9770.0,8500.0,9420.0,321205,0.0,0.0
2019-06-10 00:00:00+09:00,9260.0,9270.0,8150.0,8200.0,252976,0.0,0.0
2019-06-11 00:00:00+09:00,8270.0,8900.0,8220.0,8620.0,460647,0.0,0.0
2019-06-12 00:00:00+09:00,8610.0,8610.0,7820.0,7970.0,283337,0.0,0.0
2019-06-13 00:00:00+09:00,8030.0,8610.0,7910.0,8610.0,334149,0.0,0.0
2019-06-14 00:00:00+09:00,10300.0,11150.0,10100.0,11150.0,2792446,0.0,0.0
2019-06-17 00:00:00+09:00,11750.0,11950.0,9960.0,9980.0,2732142,0.0,0.0
2019-06-18 00:00:00+09:00,10100.0,10100.0,9100.0,9570.0,868074,0.0,0.0
2019-06-19 00:00:00+09:00,9370.0,9660.0,8950.0,9350.0,523792,0.0,0.0
2019-06-20 00:00:00+09:00,9260.0,9350.0,9010.0,9050.0,276522,0.0,0.0
2019-06-21 00:00:00+09:00,9030.0,9990.0,8940.0,9270.0,715944,0.0,0.0
2019-06-24 00:00:00+09:00,9270.0,9270.0,8910.0,8910.0,181019,0.0,0.0
2019-06-25 00:00:00+09:00,8990.0,9360.0,8600.0,8630.0,289664,0.0,0.0
2019-06-26 00:00:00+09:00,8700.0,8890.0,8510.0,8760.0,143712,0.0,0.0
2019-06-27 00:00:00+09:00,8830.0,9130.0,8800.0,8920.0,166697,0.0,0.0
2019-06-28 00:00:00+09:00,8920.0,9060.0,8490.0,8550.0,145922,0.0,0.0
2019-07-01 00:00:00+09:00,8600.0,8610.0,8180.0,8180.0,130350,0.0,0.0
2019-07-02 00:00:00+09:00,8250.0,8380.0,8100.0,8250.0,63064,0.0,0.0
2019-07-03 00:00:00+09:00,8330.0,8330.0,7930.0,8010.0,132628,0.0,0.0
2019-07-04 00:00:00+09:00,8070.0,8100.0,7790.0,8030.0,106879,0.0,0.0
2019-07-05 00:00:00+09:00,8600.0,10250.0,8140.0,9700.0,3887687,0.0,0.0
2019-07-08 00:00:00+09:00,9690.0,10400.0,8970.0,9220.0,1305053,0.0,0.0
2019-07-09 00:00:00+09:00,9130.0,9410.0,8710.0,8860.0,382233,0.0,0.0
2019-07-10 00:00:00+09:00,8860.0,8930.0,8500.0,8660.0,231626,0.0,0.0
2019-07-11 00:00:00+09:00,8850.0,8950.0,8490.0,8810.0,312380,0.0,0.0
2019-07-12 00:00:00+09:00,8870.0,8980.0,8550.0,8590.0,180837,0.0,0.0
2019-07-15 00:00:00+09:00,8780.0,9130.0,8620.0,8730.0,275709,0.0,0.0
2019-07-16 00:00:00+09:00,8820.0,8820.0,8300.0,8450.0,173480,0.0,0.0
2019-07-17 00:00:00+09:00,8300.0,8360.0,8140.0,8150.0,110586,0.0,0.0
2019-07-18 00:00:00+09:00,8160.0,8260.0,7880.0,8150.0,74479,0.0,0.0
2019-07-19 00:00:00+09:00,8290.0,8670.0,8150.0,8290.0,213448,0.0,0.0
2019-07-22 00:00:00+09:00,8350.0,8970.0,8350.0,8880.0,331194,0.0,0.0
2019-07-23 00:00:00+09:00,8840.0,9160.0,8760.0,8890.0,153434,0.0,0.0
2019-07-24 00:00:00+09:00,8790.0,8960.0,8360.0,8550.0,117665,0.0,0.0
2019-07-25 00:00:00+09:00,8740.0,8810.0,8350.0,8430.0,114765,0.0,0.0
2019-07-26 00:00:00+09:00,8590.0,8940.0,8440.0,8490.0,229056,0.0,0.0
2019-07-29 00:00:00+09:00,8530.0,8660.0,8010.0,8010.0,129558,0.0,0.0
2019-07-30 00:00:00+09:00,7820.0,8080.0,7800.0,7950.0,79518,0.0,0.0
2019-07-31 00:00:00+09:00,7960.0,8090.0,7530.0,7650.0,87015,0.0,0.0
2019-08-01 00:00:00+09:00,7650.0,7900.0,7420.0,7420.0,62873,0.0,0.0
2019-08-02 00:00:00+09:00,7180.0,7380.0,7050.0,7070.0,93494,0.0,0.0
2019-08-05 00:00:00+09:00,6990.0,7020.0,6190.0,6190.0,178047,0.0,0.0
2019-08-06 00:00:00+09:00,6190.0,6460.0,5650.0,6150.0,187499,0.0,0.0
2019-08-07 00:00:00+09:00,6240.0,6470.0,6240.0,6310.0,54130,0.0,0.0
2019-08-08 00:00:00+09:00,6310.0,6690.0,6310.0,6600.0,51704,0.0,0.0
2019-08-09 00:00:00+09:00,6980.0,6980.0,6460.0,6570.0,60776,0.0,0.0
2019-08-12 00:00:00+09:00,6660.0,6680.0,6460.0,6620.0,24984,0.0,0.0
2019-08-13 00:00:00+09:00,6600.0,6690.0,6500.0,6630.0,26854,0.0,0.0
2019-08-14 00:00:00+09:00,6780.0,7060.0,6580.0,6700.0,76733,0.0,0.0
2019-08-16 00:00:00+09:00,6150.0,6670.0,6150.0,6450.0,33349,0.0,0.0
2019-08-19 00:00:00+09:00,6480.0,6640.0,6410.0,6480.0,13877,0.0,0.0
2019-08-20 00:00:00+09:00,6490.0,6770.0,6490.0,6740.0,56241,0.0,0.0
2019-08-21 00:00:00+09:00,6750.0,6860.0,6720.0,6840.0,38944,0.0,0.0
2019-08-22 00:00:00+09:00,6880.0,6880.0,6710.0,6820.0,20190,0.0,0.0
2019-08-23 00:00:00+09:00,6820.0,6850.0,6690.0,6790.0,29283,0.0,0.0
2019-08-26 00:00:00+09:00,6620.0,6710.0,6310.0,6330.0,108935,0.0,0.0
2019-08-27 00:00:00+09:00,6580.0,6580.0,6350.0,6430.0,22611,0.0,0.0
2019-08-28 00:00:00+09:00,6430.0,6660.0,6330.0,6600.0,26857,0.0,0.0
2019-08-29 00:00:00+09:00,6650.0,6650.0,6480.0,6550.0,30693,0.0,0.0
2019-08-30 00:00:00+09:00,6680.0,6900.0,6600.0,6830.0,48818,0.0,0.0
2019-09-02 00:00:00+09:00,6830.0,6990.0,6750.0,6940.0,34954,0.0,0.0
2019-09-03 00:00:00+09:00,6940.0,7230.0,6940.0,7200.0,39224,0.0,0.0
2019-09-04 00:00:00+09:00,7060.0,7350.0,7060.0,7350.0,36105,0.0,0.0
2019-09-05 00:00:00+09:00,7350.0,7480.0,7260.0,7290.0,32593,0.0,0.0
2019-09-06 00:00:00+09:00,7300.0,7460.0,7150.0,7250.0,23244,0.0,0.0
2019-09-09 00:00:00+09:00,7250.0,7460.0,7250.0,7380.0,40894,0.0,0.0
2019-09-10 00:00:00+09:00,7460.0,7460.0,7280.0,7370.0,21135,0.0,0.0
2019-09-11 00:00:00+09:00,7370.0,7370.0,7200.0,7290.0,11125,0.0,0.0
2019-09-16 00:00:00+09:00,7150.0,7400.0,7150.0,7310.0,14067,0.0,0.0
2019-09-17 00:00:00+09:00,7310.0,7370.0,7180.0,7330.0,11092,0.0,0.0
2019-09-18 00:00:00+09:00,7300.0,7330.0,7150.0,7290.0,20339,0.0,0.0
2019-09-19 00:00:00+09:00,7500.0,8100.0,7500.0,7610.0,323204,0.0,0.0
2019-09-20 00:00:00+09:00,7520.0,7600.0,7410.0,7450.0,31520,0.0,0.0
2019-09-23 00:00:00+09:00,7430.0,7520.0,7290.0,7350.0,13198,0.0,0.0
2019-09-24 00:00:00+09:00,7420.0,7420.0,7000.0,7300.0,23945,0.0,0.0
2019-09-25 00:00:00+09:00,7300.0,7360.0,7080.0,7080.0,18264,0.0,0.0
2019-09-26 00:00:00+09:00,7150.0,7330.0,7040.0,7150.0,13621,0.0,0.0
2019-09-27 00:00:00+09:00,7150.0,7390.0,7000.0,7150.0,15738,0.0,0.0
2019-09-30 00:00:00+09:00,7200.0,7280.0,6950.0,6980.0,19428,0.0,0.0
2019-10-01 00:00:00+09:00,6980.0,7050.0,6910.0,6910.0,20948,0.0,0.0
2019-10-02 00:00:00+09:00,6900.0,7020.0,6760.0,6830.0,11038,0.0,0.0
2019-10-04 00:00:00+09:00,6890.0,6930.0,6580.0,6780.0,20121,0.0,0.0
2019-10-07 00:00:00+09:00,6780.0,6780.0,6510.0,6620.0,24912,0.0,0.0
2019-10-08 00:00:00+09:00,6590.0,7050.0,6490.0,7030.0,29710,0.0,0.0
2019-10-10 00:00:00+09:00,6930.0,7160.0,6920.0,7130.0,18274,0.0,0.0
2019-10-11 00:00:00+09:00,7130.0,7130.0,6860.0,7000.0,22254,0.0,0.0
2019-10-14 00:00:00+09:00,7170.0,7170.0,6900.0,7020.0,12356,0.0,0.0
2019-10-15 00:00:00+09:00,7020.0,7100.0,6850.0,7090.0,23008,0.0,0.0
2019-10-16 00:00:00+09:00,7090.0,7280.0,7030.0,7230.0,32531,0.0,0.0
2019-10-17 00:00:00+09:00,7290.0,7440.0,7210.0,7300.0,27640,0.0,0.0
2019-10-18 00:00:00+09:00,7280.0,8090.0,7240.0,7440.0,514754,0.0,0.0
2019-10-21 00:00:00+09:00,7430.0,7430.0,6820.0,7150.0,110428,0.0,0.0
2019-10-22 00:00:00+09:00,7080.0,7190.0,6980.0,7160.0,43725,0.0,0.0
2019-10-23 00:00:00+09:00,7160.0,7200.0,7000.0,7030.0,27832,0.0,0.0
2019-10-24 00:00:00+09:00,7200.0,7200.0,6920.0,7050.0,30414,0.0,0.0
2019-10-25 00:00:00+09:00,7050.0,7190.0,6990.0,7040.0,25696,0.0,0.0
2019-10-28 00:00:00+09:00,7030.0,7720.0,7030.0,7200.0,120490,0.0,0.0
2019-10-29 00:00:00+09:00,7180.0,7370.0,7180.0,7290.0,46560,0.0,0.0
2019-10-30 00:00:00+09:00,7240.0,7460.0,7240.0,7300.0,40256,0.0,0.0
2019-10-31 00:00:00+09:00,7400.0,7710.0,7310.0,7600.0,76374,0.0,0.0
2019-11-01 00:00:00+09:00,7650.0,7740.0,7570.0,7700.0,56029,0.0,0.0
2019-11-04 00:00:00+09:00,7600.0,7710.0,7260.0,7650.0,66063,0.0,0.0
2019-11-05 00:00:00+09:00,7650.0,7930.0,7640.0,7870.0,64288,0.0,0.0
2019-11-06 00:00:00+09:00,8000.0,8000.0,7680.0,7850.0,42247,0.0,0.0
2019-11-07 00:00:00+09:00,7800.0,7890.0,7560.0,7570.0,70239,0.0,0.0
2019-11-08 00:00:00+09:00,7600.0,8000.0,7600.0,7840.0,82494,0.0,0.0
2019-11-11 00:00:00+09:00,7870.0,7990.0,7660.0,7840.0,31302,0.0,0.0
2019-11-12 00:00:00+09:00,7830.0,7980.0,7710.0,7890.0,19304,0.0,0.0
2019-11-13 00:00:00+09:00,7830.0,7930.0,7600.0,7630.0,33967,0.0,0.0
2019-11-14 00:00:00+09:00,7680.0,8120.0,7600.0,8010.0,83451,0.0,0.0
2019-11-15 00:00:00+09:00,8010.0,8040.0,7830.0,7850.0,30992,0.0,0.0
2019-11-18 00:00:00+09:00,7850.0,7940.0,7700.0,7790.0,26002,0.0,0.0
2019-11-19 00:00:00+09:00,7790.0,7990.0,7720.0,7730.0,23180,0.0,0.0
2019-11-20 00:00:00+09:00,7670.0,7850.0,7400.0,7430.0,59235,0.0,0.0
2019-11-21 00:00:00+09:00,7500.0,7600.0,7300.0,7470.0,44736,0.0,0.0
2019-11-22 00:00:00+09:00,7450.0,7580.0,7240.0,7340.0,40611,0.0,0.0
2019-11-25 00:00:00+09:00,7240.0,7750.0,7240.0,7750.0,25727,0.0,0.0
2019-11-26 00:00:00+09:00,7800.0,8200.0,7660.0,7960.0,86646,0.0,0.0
2019-11-27 00:00:00+09:00,7930.0,7940.0,7700.0,7800.0,32071,0.0,0.0
2019-11-28 00:00:00+09:00,7950.0,7980.0,7750.0,7760.0,29011,0.0,0.0
2019-11-29 00:00:00+09:00,7760.0,7940.0,7700.0,7700.0,23284,0.0,0.0
2019-12-02 00:00:00+09:00,7540.0,7760.0,7500.0,7640.0,25446,0.0,0.0
2019-12-03 00:00:00+09:00,7630.0,7630.0,7410.0,7520.0,13286,0.0,0.0
2019-12-04 00:00:00+09:00,7360.0,7590.0,7260.0,7460.0,22800,0.0,0.0
2019-12-05 00:00:00+09:00,7730.0,7730.0,7020.0,7150.0,44292,0.0,0.0
2019-12-06 00:00:00+09:00,7300.0,7300.0,7170.0,7290.0,18154,0.0,0.0
2019-12-09 00:00:00+09:00,7290.0,7310.0,7120.0,7180.0,24353,0.0,0.0
2019-12-10 00:00:00+09:00,7220.0,7220.0,6860.0,7040.0,18903,0.0,0.0
2019-12-11 00:00:00+09:00,7100.0,7250.0,6980.0,7240.0,15255,0.0,0.0
2019-12-12 00:00:00+09:00,7290.0,7350.0,7160.0,7220.0,13869,0.0,0.0
2019-12-13 00:00:00+09:00,7390.0,7440.0,7160.0,7440.0,30737,0.0,0.0
2019-12-16 00:00:00+09:00,7450.0,7500.0,7090.0,7330.0,24020,0.0,0.0
2019-12-17 00:00:00+09:00,7330.0,7450.0,7260.0,7370.0,27018,0.0,0.0
2019-12-18 00:00:00+09:00,7370.0,7600.0,7310.0,7390.0,23008,0.0,0.0
2019-12-19 00:00:00+09:00,7330.0,7400.0,7220.0,7350.0,15082,0.0,0.0
2019-12-20 00:00:00+09:00,7450.0,7470.0,7320.0,7330.0,23443,0.0,0.0
2019-12-23 00:00:00+09:00,7390.0,7450.0,7120.0,7200.0,16422,0.0,0.0
2019-12-24 00:00:00+09:00,7200.0,7240.0,7130.0,7220.0,14667,0.0,0.0
2019-12-26 00:00:00+09:00,7300.0,7300.0,7040.0,7110.0,41369,0.0,0.0
2019-12-27 00:00:00+09:00,7120.0,7180.0,7060.0,7160.0,12570,0.0,0.0
2019-12-30 00:00:00+09:00,7160.0,7300.0,7150.0,7260.0,21637,0.0,0.0
2020-01-02 00:00:00+09:00,7300.0,7700.0,7260.0,7550.0,54572,0.0,0.0
2020-01-03 00:00:00+09:00,7750.0,7750.0,7410.0,7560.0,39091,0.0,0.0
2020-01-06 00:00:00+09:00,7420.0,7450.0,7270.0,7330.0,25764,0.0,0.0
2020-01-07 00:00:00+09:00,7330.0,7650.0,7220.0,7480.0,37432,0.0,0.0
2020-01-08 00:00:00+09:00,7480.0,7580.0,7020.0,7100.0,56471,0.0,0.0
2020-01-09 00:00:00+09:00,7210.0,7680.0,7120.0,7550.0,71832,0.0,0.0
2020-01-10 00:00:00+09:00,7590.0,7760.0,7540.0,7650.0,29669,0.0,0.0
2020-01-13 00:00:00+09:00,7660.0,7840.0,7580.0,7770.0,60827,0.0,0.0
2020-01-14 00:00:00+09:00,7810.0,7860.0,7600.0,7670.0,32803,0.0,0.0
2020-01-15 00:00:00+09:00,7850.0,8050.0,7730.0,7910.0,98642,0.0,0.0
2020-01-16 00:00:00+09:00,7940.0,8030.0,7760.0,7830.0,27051,0.0,0.0
2020-01-17 00:00:00+09:00,7830.0,7960.0,7610.0,7770.0,19106,0.0,0.0
2020-01-20 00:00:00+09:00,7780.0,7800.0,7580.0,7590.0,23836,0.0,0.0
2020-01-21 00:00:00+09:00,7600.0,7660.0,7420.0,7540.0,33344,0.0,0.0
2020-01-22 00:00:00+09:00,7460.0,7660.0,7460.0,7570.0,26973,0.0,0.0
2020-01-23 00:00:00+09:00,7570.0,7700.0,7400.0,7440.0,21999,0.0,0.0
2020-01-28 00:00:00+09:00,7250.0,7390.0,7000.0,7130.0,57568,0.0,0.0
2020-01-29 00:00:00+09:00,7140.0,7390.0,7140.0,7200.0,17956,0.0,0.0
2020-01-30 00:00:00+09:00,7210.0,7210.0,7000.0,7010.0,42777,0.0,0.0
2020-01-31 00:00:00+09:00,7060.0,7090.0,6500.0,6800.0,70917,0.0,0.0
2020-02-03 00:00:00+09:00,6520.0,6980.0,6470.0,6970.0,35592,0.0,0.0
2020-02-04 00:00:00+09:00,6910.0,7260.0,6910.0,7220.0,23881,0.0,0.0
2020-02-05 00:00:00+09:00,7330.0,7330.0,7150.0,7180.0,11494,0.0,0.0
2020-02-06 00:00:00+09:00,7180.0,7300.0,7060.0,7300.0,32599,0.0,0.0
2020-02-07 00:00:00+09:00,7320.0,7350.0,7150.0,7150.0,24140,0.0,0.0
2020-02-10 00:00:00+09:00,7100.0,7190.0,7070.0,7140.0,18113,0.0,0.0
2020-02-11 00:00:00+09:00,7220.0,7220.0,7070.0,7150.0,18400,0.0,0.0
2020-02-12 00:00:00+09:00,7170.0,7170.0,7040.0,7080.0,21398,0.0,0.0
2020-02-13 00:00:00+09:00,7140.0,7250.0,6960.0,7030.0,26615,0.0,0.0
2020-02-14 00:00:00+09:00,7030.0,7130.0,6980.0,7050.0,18465,0.0,0.0
2020-02-17 00:00:00+09:00,7060.0,7180.0,7040.0,7150.0,16015,0.0,0.0
2020-02-18 00:00:00+09:00,7180.0,7260.0,7070.0,7140.0,19844,0.0,0.0
2020-02-19 00:00:00+09:00,7080.0,7240.0,6900.0,7000.0,28641,0.0,0.0
2020-02-20 00:00:00+09:00,7000.0,7130.0,6830.0,6900.0,27358,0.0,0.0
2020-02-21 00:00:00+09:00,7000.0,7000.0,6660.0,6660.0,80731,0.0,0.0
2020-02-24 00:00:00+09:00,6570.0,6570.0,6210.0,6350.0,61007,0.0,0.0
2020-02-25 00:00:00+09:00,6340.0,6630.0,6340.0,6480.0,29781,0.0,0.0
2020-02-26 00:00:00+09:00,6300.0,6570.0,6300.0,6380.0,23266,0.0,0.0
2020-02-27 00:00:00+09:00,6450.0,6630.0,6310.0,6400.0,33762,0.0,0.0
2020-02-28 00:00:00+09:00,6230.0,6400.0,6100.0,6100.0,90549,0.0,0.0
2020-03-02 00:00:00+09:00,6100.0,6190.0,5970.0,6170.0,34076,0.0,0.0
2020-03-03 00:00:00+09:00,6490.0,6490.0,6230.0,6320.0,25491,0.0,0.0
2020-03-04 00:00:00+09:00,6310.0,6740.0,5960.0,6640.0,21897,0.0,0.0
2020-03-05 00:00:00+09:00,6620.0,6710.0,6570.0,6680.0,10105,0.0,0.0
2020-03-06 00:00:00+09:00,6500.0,6670.0,6440.0,6490.0,17134,0.0,0.0
2020-03-09 00:00:00+09:00,6490.0,6490.0,6490.0,6490.0,0,0.0,0.0
2020-03-10 00:00:00+09:00,6170.0,6330.0,5900.0,6260.0,39441,0.0,0.0
2020-03-11 00:00:00+09:00,6260.0,6400.0,6010.0,6140.0,25955,0.0,0.0
2020-03-12 00:00:00+09:00,6140.0,6140.0,6140.0,6140.0,0,0.0,0.0
2020-03-13 00:00:00+09:00,5650.0,5650.0,4805.0,5390.0,145494,0.0,0.0
2020-03-16 00:00:00+09:00,5760.0,5760.0,5250.0,5250.0,60394,0.0,0.0
2020-03-17 00:00:00+09:00,5230.0,5310.0,4900.0,5250.0,30976,0.0,0.0
2020-03-18 00:00:00+09:00,5300.0,5570.0,5300.0,5480.0,50890,0.0,0.0
2020-03-19 00:00:00+09:00,5750.0,5760.0,4780.0,4935.0,93292,0.0,0.0
2020-03-20 00:00:00+09:00,4935.0,5300.0,4935.0,5200.0,23259,0.0,0.0
2020-03-23 00:00:00+09:00,5020.0,5190.0,4845.0,5030.0,55666,0.0,0.0
2020-03-24 00:00:00+09:00,5050.0,5390.0,5000.0,5130.0,101113,0.0,0.0
2020-03-25 00:00:00+09:00,5400.0,5400.0,5170.0,5250.0,72643,0.0,0.0
2020-03-26 00:00:00+09:00,5350.0,5550.0,5160.0,5460.0,59043,0.0,0.0
2020-03-27 00:00:00+09:00,6000.0,6000.0,5210.0,5440.0,49174,0.0,0.0
2020-03-30 00:00:00+09:00,5250.0,5560.0,5200.0,5520.0,55698,0.0,0.0
2020-03-31 00:00:00+09:00,5680.0,5860.0,5580.0,5750.0,75634,0.0,0.0
2020-04-01 00:00:00+09:00,5830.0,6100.0,5640.0,5640.0,78011,0.0,0.0
2020-04-02 00:00:00+09:00,5700.0,5870.0,5480.0,5800.0,56518,0.0,0.0
2020-04-03 00:00:00+09:00,6100.0,6100.0,5800.0,6000.0,57294,0.0,0.0
2020-04-06 00:00:00+09:00,6310.0,6340.0,6040.0,6280.0,62245,0.0,0.0
2020-04-07 00:00:00+09:00,6540.0,6640.0,6300.0,6420.0,55686,0.0,0.0
2020-04-08 00:00:00+09:00,6390.0,6580.0,6260.0,6420.0,41599,0.0,0.0
2020-04-09 00:00:00+09:00,6450.0,6980.0,6420.0,6550.0,117049,0.0,0.0
2020-04-10 00:00:00+09:00,6730.0,6800.0,6370.0,6620.0,48112,0.0,0.0
2020-04-13 00:00:00+09:00,6700.0,6700.0,6140.0,6160.0,78390,0.0,0.0
2020-04-14 00:00:00+09:00,6160.0,6510.0,6160.0,6450.0,26162,0.0,0.0
2020-04-16 00:00:00+09:00,6440.0,6640.0,6380.0,6640.0,21386,0.0,0.0
2020-04-17 00:00:00+09:00,6850.0,6980.0,6700.0,6820.0,87019,0.0,0.0
2020-04-20 00:00:00+09:00,6820.0,6980.0,6660.0,6750.0,38665,0.0,0.0
2020-04-21 00:00:00+09:00,6720.0,6800.0,6200.0,6600.0,78725,0.0,0.0
2020-04-22 00:00:00+09:00,6440.0,6690.0,6310.0,6630.0,36384,0.0,0.0
2020-04-23 00:00:00+09:00,6750.0,7350.0,6650.0,7110.0,543823,0.0,0.0
2020-04-24 00:00:00+09:00,7250.0,7510.0,6970.0,7220.0,300839,0.0,0.0
2020-04-27 00:00:00+09:00,7430.0,7430.0,7080.0,7080.0,135427,0.0,0.0
2020-04-28 00:00:00+09:00,7270.0,7270.0,6930.0,7020.0,56692,0.0,0.0
2020-04-29 00:00:00+09:00,7030.0,7140.0,6950.0,7130.0,41207,0.0,0.0
2020-05-04 00:00:00+09:00,7130.0,7200.0,7000.0,7130.0,50150,0.0,0.0
2020-05-06 00:00:00+09:00,7150.0,7230.0,7080.0,7150.0,38701,0.0,0.0
2020-05-07 00:00:00+09:00,7160.0,7470.0,7150.0,7340.0,107210,0.0,0.0
2020-05-08 00:00:00+09:00,7480.0,7490.0,7190.0,7230.0,85733,0.0,0.0
2020-05-11 00:00:00+09:00,7270.0,7650.0,7200.0,7460.0,201725,0.0,0.0
2020-05-12 00:00:00+09:00,7520.0,7530.0,7160.0,7280.0,79721,0.0,0.0
2020-05-13 00:00:00+09:00,7120.0,7200.0,7010.0,7160.0,79574,0.0,0.0
2020-05-14 00:00:00+09:00,7080.0,7100.0,6990.0,6990.0,59612,0.0,0.0
2020-05-15 00:00:00+09:00,6990.0,7070.0,6750.0,6840.0,47121,0.0,0.0
2020-05-18 00:00:00+09:00,6870.0,7120.0,6750.0,6840.0,68311,0.0,0.0
2020-05-19 00:00:00+09:00,6870.0,6900.0,6720.0,6760.0,45324,0.0,0.0
2020-05-20 00:00:00+09:00,6800.0,7000.0,6790.0,6880.0,38494,0.0,0.0
2020-05-21 00:00:00+09:00,6910.0,7070.0,6910.0,7000.0,43046,0.0,0.0
2020-05-22 00:00:00+09:00,7000.0,7030.0,6690.0,6710.0,41652,0.0,0.0
2020-05-25 00:00:00+09:00,6720.0,6870.0,6650.0,6740.0,23411,0.0,0.0
2020-05-26 00:00:00+09:00,6750.0,7030.0,6750.0,6770.0,26824,0.0,0.0
2020-05-27 00:00:00+09:00,6780.0,7000.0,6770.0,6790.0,26003,0.0,0.0
2020-05-28 00:00:00+09:00,6790.0,6880.0,6460.0,6760.0,53973,0.0,0.0
2020-05-29 00:00:00+09:00,6760.0,6770.0,6520.0,6580.0,29718,0.0,0.0
2020-06-01 00:00:00+09:00,6700.0,6790.0,6570.0,6640.0,23250,0.0,0.0
2020-06-02 00:00:00+09:00,6750.0,6750.0,6560.0,6640.0,27815,0.0,0.0
2020-06-03 00:00:00+09:00,6660.0,6740.0,6580.0,6640.0,46768,0.0,0.0
2020-06-04 00:00:00+09:00,6730.0,6730.0,6550.0,6640.0,35053,0.0,0.0
2020-06-05 00:00:00+09:00,6710.0,6710.0,6550.0,6680.0,19386,0.0,0.0
2020-06-08 00:00:00+09:00,6700.0,6700.0,6590.0,6690.0,30365,0.0,0.0
2020-06-09 00:00:00+09:00,6690.0,6720.0,6570.0,6580.0,23180,0.0,0.0
2020-06-10 00:00:00+09:00,6590.0,6720.0,6550.0,6690.0,31162,0.0,0.0
2020-06-11 00:00:00+09:00,6730.0,6730.0,6530.0,6580.0,33137,0.0,0.0
2020-06-12 00:00:00+09:00,6280.0,6480.0,6170.0,6310.0,52547,0.0,0.0
2020-06-15 00:00:00+09:00,6400.0,6400.0,6010.0,6010.0,55811,0.0,0.0
2020-06-16 00:00:00+09:00,6050.0,6750.0,6050.0,6520.0,89387,0.0,0.0
2020-06-17 00:00:00+09:00,6650.0,6650.0,6250.0,6390.0,22276,0.0,0.0
2020-06-18 00:00:00+09:00,6390.0,6510.0,6270.0,6510.0,12901,0.0,0.0
2020-06-19 00:00:00+09:00,6690.0,6690.0,6370.0,6450.0,29523,0.0,0.0
2020-06-22 00:00:00+09:00,6420.0,6500.0,6350.0,6470.0,14297,0.0,0.0
2020-06-23 00:00:00+09:00,6520.0,6630.0,6400.0,6570.0,25426,0.0,0.0
2020-06-24 00:00:00+09:00,6500.0,6800.0,6500.0,6730.0,47180,0.0,0.0
2020-06-25 00:00:00+09:00,6730.0,6790.0,6510.0,6690.0,33903,0.0,0.0
2020-06-26 00:00:00+09:00,6780.0,6950.0,6450.0,6690.0,69031,0.0,0.0
2020-06-29 00:00:00+09:00,6460.0,6600.0,6430.0,6470.0,40185,0.0,0.0
2020-06-30 00:00:00+09:00,6450.0,6730.0,6450.0,6650.0,36591,0.0,0.0
2020-07-01 00:00:00+09:00,6650.0,6800.0,6560.0,6560.0,40781,0.0,0.0
2020-07-02 00:00:00+09:00,6560.0,6740.0,6560.0,6690.0,15252,0.0,0.0
2020-07-03 00:00:00+09:00,6750.0,6980.0,6650.0,6970.0,73000,0.0,0.0
2020-07-06 00:00:00+09:00,7070.0,7200.0,6880.0,7050.0,55600,0.0,0.0
2020-07-07 00:00:00+09:00,7090.0,7150.0,6850.0,6920.0,23957,0.0,0.0
2020-07-08 00:00:00+09:00,6920.0,6940.0,6750.0,6900.0,23321,0.0,0.0
2020-07-09 00:00:00+09:00,6900.0,6990.0,6870.0,6930.0,30990,0.0,0.0
2020-07-10 00:00:00+09:00,7000.0,7040.0,6800.0,6800.0,24195,0.0,0.0
2020-07-13 00:00:00+09:00,6930.0,6930.0,6680.0,6700.0,17389,0.0,0.0
2020-07-14 00:00:00+09:00,6600.0,6900.0,6600.0,6760.0,18315,0.0,0.0
2020-07-15 00:00:00+09:00,6780.0,6840.0,6620.0,6760.0,36437,0.0,0.0
2020-07-16 00:00:00+09:00,6820.0,6890.0,6670.0,6740.0,33859,0.0,0.0
2020-07-17 00:00:00+09:00,6800.0,6930.0,6730.0,6790.0,27570,0.0,0.0
2020-07-20 00:00:00+09:00,6760.0,6870.0,6610.0,6750.0,37553,0.0,0.0
2020-07-21 00:00:00+09:00,6750.0,6790.0,6650.0,6770.0,26817,0.0,0.0
2020-07-22 00:00:00+09:00,6770.0,6830.0,6680.0,6730.0,16770,0.0,0.0
2020-07-23 00:00:00+09:00,6770.0,6770.0,6450.0,6540.0,43956,0.0,0.0
2020-07-24 00:00:00+09:00,6540.0,6570.0,6350.0,6440.0,28506,0.0,0.0
2020-07-27 00:00:00+09:00,6410.0,6510.0,6330.0,6490.0,16939,0.0,0.0
2020-07-28 00:00:00+09:00,6490.0,6700.0,6480.0,6570.0,36001,0.0,0.0
2020-07-29 00:00:00+09:00,6600.0,6660.0,6520.0,6600.0,13158,0.0,0.0
2020-07-30 00:00:00+09:00,6540.0,6640.0,6540.0,6640.0,17882,0.0,0.0
2020-07-31 00:00:00+09:00,6690.0,6690.0,6520.0,6540.0,18259,0.0,0.0
2020-08-03 00:00:00+09:00,6550.0,6650.0,6360.0,6540.0,28430,0.0,0.0
2020-08-04 00:00:00+09:00,6480.0,6540.0,6440.0,6490.0,35493,0.0,0.0
2020-08-05 00:00:00+09:00,6510.0,6600.0,6430.0,6500.0,29793,0.0,0.0
2020-08-06 00:00:00+09:00,6500.0,6570.0,6460.0,6520.0,16336,0.0,0.0
2020-08-07 00:00:00+09:00,6550.0,6550.0,6420.0,6490.0,21653,0.0,0.0
2020-08-10 00:00:00+09:00,6400.0,6490.0,6350.0,6420.0,29367,0.0,0.0
2020-08-11 00:00:00+09:00,6510.0,6510.0,6350.0,6400.0,21818,0.0,0.0
2020-08-12 00:00:00+09:00,6400.0,6490.0,6340.0,6390.0,19589,0.0,0.0
2020-08-13 00:00:00+09:00,6390.0,6530.0,6390.0,6490.0,22992,0.0,0.0
2020-08-14 00:00:00+09:00,6790.0,6890.0,6600.0,6640.0,111660,0.0,0.0
2020-08-18 00:00:00+09:00,6610.0,6800.0,6310.0,6630.0,50614,0.0,0.0
2020-08-19 00:00:00+09:00,6680.0,6680.0,6470.0,6580.0,19120,0.0,0.0
2020-08-20 00:00:00+09:00,6500.0,6660.0,6270.0,6340.0,30897,0.0,0.0
2020-08-21 00:00:00+09:00,6360.0,6500.0,6360.0,6370.0,18532,0.0,0.0
2020-08-24 00:00:00+09:00,6370.0,6680.0,6290.0,6510.0,21640,0.0,0.0
2020-08-25 00:00:00+09:00,6550.0,6620.0,6470.0,6500.0,9617,0.0,0.0
2020-08-26 00:00:00+09:00,6500.0,6620.0,6440.0,6600.0,26305,0.0,0.0
2020-08-27 00:00:00+09:00,6620.0,7100.0,6620.0,6830.0,231943,0.0,0.0
2020-08-28 00:00:00+09:00,6830.0,6910.0,6690.0,6800.0,49886,0.0,0.0
2020-08-31 00:00:00+09:00,6810.0,7000.0,6750.0,6930.0,72786,0.0,0.0
2020-09-01 00:00:00+09:00,6990.0,7020.0,6820.0,6880.0,54312,0.0,0.0
2020-09-02 00:00:00+09:00,6980.0,7070.0,6870.0,7040.0,80299,0.0,0.0
2020-09-03 00:00:00+09:00,7060.0,7200.0,6970.0,7040.0,61846,0.0,0.0
2020-09-04 00:00:00+09:00,6890.0,6980.0,6600.0,6840.0,64772,0.0,0.0
2020-09-07 00:00:00+09:00,6830.0,7080.0,6820.0,7050.0,62669,0.0,0.0
2020-09-08 00:00:00+09:00,7060.0,7130.0,6950.0,7000.0,46086,0.0,0.0
2020-09-09 00:00:00+09:00,6900.0,6970.0,6790.0,6880.0,27074,0.0,0.0
2020-09-10 00:00:00+09:00,6920.0,7080.0,6860.0,6960.0,47546,0.0,0.0
2020-09-11 00:00:00+09:00,6960.0,7020.0,6770.0,6870.0,33444,0.0,0.0
2020-09-14 00:00:00+09:00,6910.0,7150.0,6850.0,7150.0,96687,0.0,0.0
2020-09-15 00:00:00+09:00,7180.0,7180.0,7000.0,7140.0,39927,0.0,0.0
2020-09-16 00:00:00+09:00,7140.0,7200.0,7030.0,7110.0,45759,0.0,0.0
2020-09-17 00:00:00+09:00,7110.0,7140.0,6900.0,7010.0,37015,0.0,0.0
2020-09-18 00:00:00+09:00,7010.0,7010.0,6800.0,6870.0,46113,0.0,0.0
2020-09-21 00:00:00+09:00,6890.0,7000.0,6600.0,6650.0,51185,0.0,0.0
2020-09-22 00:00:00+09:00,7300.0,8020.0,6890.0,7100.0,1178301,0.0,0.0
2020-09-23 00:00:00+09:00,7190.0,7960.0,7130.0,7870.0,1164760,0.0,0.0
2020-09-24 00:00:00+09:00,7600.0,7760.0,7000.0,7040.0,337980,0.0,0.0
2020-09-25 00:00:00+09:00,7030.0,7730.0,6890.0,7340.0,427648,0.0,0.0
2020-09-28 00:00:00+09:00,7430.0,7780.0,7400.0,7430.0,173728,0.0,0.0
2020-09-29 00:00:00+09:00,7510.0,8160.0,7410.0,7980.0,441625,0.0,0.0
2020-10-05 00:00:00+09:00,7970.0,10350.0,7620.0,9660.0,3175094,0.0,0.0
2020-10-06 00:00:00+09:00,9560.0,9980.0,9280.0,9700.0,985453,0.0,0.0
2020-10-07 00:00:00+09:00,9510.0,9580.0,9170.0,9250.0,340745,0.0,0.0
2020-10-08 00:00:00+09:00,9250.0,9700.0,9060.0,9180.0,434081,0.0,0.0
2020-10-12 00:00:00+09:00,9180.0,9240.0,8710.0,8900.0,253649,0.0,0.0
2020-10-13 00:00:00+09:00,8900.0,9160.0,8840.0,9000.0,176453,0.0,0.0
2020-10-14 00:00:00+09:00,8960.0,9190.0,8600.0,8730.0,185949,0.0,0.0
2020-10-15 00:00:00+09:00,8740.0,8820.0,8470.0,8660.0,126889,0.0,0.0
2020-10-16 00:00:00+09:00,8560.0,8710.0,8250.0,8420.0,62219,0.0,0.0
2020-10-19 00:00:00+09:00,8420.0,8730.0,8250.0,8500.0,104330,0.0,0.0
2020-10-20 00:00:00+09:00,8450.0,8670.0,8330.0,8600.0,52362,0.0,0.0
2020-10-21 00:00:00+09:00,8610.0,8780.0,8610.0,8670.0,57457,0.0,0.0
2020-10-22 00:00:00+09:00,8740.0,8740.0,8300.0,8390.0,63104,0.0,0.0
2020-10-23 00:00:00+09:00,8390.0,8520.0,8250.0,8380.0,24868,0.0,0.0
2020-10-26 00:00:00+09:00,8440.0,8750.0,8240.0,8380.0,92725,0.0,0.0
2020-10-27 00:00:00+09:00,8380.0,8380.0,7900.0,8220.0,50701,0.0,0.0
2020-10-28 00:00:00+09:00,8150.0,8340.0,8130.0,8230.0,25449,0.0,0.0
2020-10-29 00:00:00+09:00,8180.0,8450.0,7960.0,8270.0,60224,0.0,0.0
2020-10-30 00:00:00+09:00,8270.0,8380.0,8030.0,8100.0,37462,0.0,0.0
2020-11-02 00:00:00+09:00,7990.0,8270.0,7960.0,8130.0,31979,0.0,0.0
2020-11-03 00:00:00+09:00,8150.0,8290.0,8100.0,8160.0,23643,0.0,0.0
2020-11-04 00:00:00+09:00,8240.0,8370.0,8130.0,8270.0,35617,0.0,0.0
2020-11-05 00:00:00+09:00,8320.0,8480.0,8230.0,8340.0,27523,0.0,0.0
2020-11-06 00:00:00+09:00,8340.0,8440.0,8150.0,8190.0,37067,0.0,0.0
2020-11-09 00:00:00+09:00,8240.0,8500.0,8110.0,8500.0,97015,0.0,0.0
2020-11-10 00:00:00+09:00,8500.0,8500.0,8160.0,8380.0,37403,0.0,0.0
2020-11-11 00:00:00+09:00,8420.0,8500.0,8300.0,8480.0,41780,0.0,0.0
2020-11-12 00:00:00+09:00,8480.0,8720.0,8390.0,8630.0,72999,0.0,0.0
2020-11-13 00:00:00+09:00,8630.0,9400.0,8590.0,9280.0,438707,0.0,0.0
2020-11-16 00:00:00+09:00,9260.0,9320.0,9100.0,9150.0,143969,0.0,0.0
2020-11-17 00:00:00+09:00,9190.0,9610.0,9110.0,9530.0,117277,0.0,0.0
2020-11-18 00:00:00+09:00,9590.0,9660.0,9320.0,9650.0,91541,0.0,0.0
2020-11-19 00:00:00+09:00,9630.0,9650.0,9340.0,9550.0,94436,0.0,0.0
2020-11-20 00:00:00+09:00,9500.0,9990.0,9210.0,9590.0,424621,0.0,0.0
2020-11-23 00:00:00+09:00,9630.0,9690.0,9350.0,9580.0,123379,0.0,0.0
2020-11-24 00:00:00+09:00,9580.0,9580.0,9300.0,9330.0,68964,0.0,0.0
2020-11-25 00:00:00+09:00,9180.0,9390.0,9040.0,9260.0,119962,0.0,0.0
2020-11-26 00:00:00+09:00,9160.0,9400.0,9150.0,9330.0,65821,0.0,0.0
2020-11-27 00:00:00+09:00,9310.0,9330.0,9200.0,9310.0,34307,0.0,0.0
2020-11-30 00:00:00+09:00,9340.0,9750.0,9310.0,9600.0,95249,0.0,0.0
2020-12-01 00:00:00+09:00,9600.0,9820.0,9490.0,9650.0,39585,0.0,0.0
2020-12-02 00:00:00+09:00,9650.0,9700.0,9450.0,9600.0,33989,0.0,0.0
2020-12-03 00:00:00+09:00,9600.0,9850.0,9460.0,9670.0,42549,0.0,0.0
2020-12-04 00:00:00+09:00,9670.0,9850.0,9520.0,9750.0,78878,0.0,0.0
2020-12-07 00:00:00+09:00,9760.0,9950.0,9650.0,9760.0,50411,0.0,0.0
2020-12-08 00:00:00+09:00,9800.0,9800.0,9360.0,9360.0,49470,0.0,0.0
2020-12-09 00:00:00+09:00,9360.0,9570.0,9000.0,9230.0,77107,0.0,0.0
2020-12-10 00:00:00+09:00,9300.0,9300.0,9000.0,9260.0,14089,0.0,0.0
2020-12-11 00:00:00+09:00,9260.0,9370.0,9140.0,9280.0,33108,0.0,0.0
2020-12-14 00:00:00+09:00,9400.0,9400.0,9270.0,9340.0,26020,0.0,0.0
2020-12-15 00:00:00+09:00,9330.0,9430.0,9010.0,9080.0,57885,0.0,0.0
2020-12-16 00:00:00+09:00,9150.0,9150.0,8760.0,8860.0,130969,0.0,0.0
2020-12-17 00:00:00+09:00,8870.0,8990.0,8790.0,8900.0,28502,0.0,0.0
2020-12-18 00:00:00+09:00,8960.0,8960.0,8780.0,8870.0,18195,0.0,0.0
2020-12-21 00:00:00+09:00,8890.0,8960.0,8780.0,8870.0,12883,0.0,0.0
2020-12-22 00:00:00+09:00,8900.0,8900.0,8160.0,8560.0,103829,0.0,0.0
2020-12-23 00:00:00+09:00,8500.0,8660.0,8400.0,8570.0,57424,0.0,0.0
2020-12-24 00:00:00+09:00,8580.0,8640.0,8420.0,8610.0,25501,0.0,0.0
2020-12-28 00:00:00+09:00,8610.0,8680.0,8440.0,8580.0,22351,0.0,0.0
2020-12-29 00:00:00+09:00,8580.0,8850.0,8480.0,8830.0,22106,0.0,0.0
2020-12-30 00:00:00+09:00,8830.0,8960.0,8720.0,8960.0,37256,0.0,0.0
2021-01-04 00:00:00+09:00,9020.0,9220.0,8900.0,9110.0,41834,0.0,0.0
2021-01-05 00:00:00+09:00,9080.0,9120.0,8930.0,9050.0,22731,0.0,0.0
2021-01-06 00:00:00+09:00,9070.0,9210.0,8900.0,9060.0,25031,0.0,0.0
2021-01-07 00:00:00+09:00,9150.0,9310.0,8970.0,9140.0,59236,0.0,0.0
2021-01-08 00:00:00+09:00,9190.0,9230.0,8900.0,8980.0,45108,0.0,0.0
2021-01-11 00:00:00+09:00,9020.0,9020.0,8530.0,8700.0,55984,0.0,0.0
2021-01-12 00:00:00+09:00,8650.0,10000.0,8650.0,9480.0,747082,0.0,0.0
2021-01-13 00:00:00+09:00,9130.0,9280.0,9030.0,9190.0,146376,0.0,0.0
2021-01-14 00:00:00+09:00,9170.0,9290.0,9050.0,9150.0,31580,0.0,0.0
2021-01-15 00:00:00+09:00,9150.0,9150.0,8810.0,8990.0,36217,0.0,0.0
2021-01-18 00:00:00+09:00,8990.0,8990.0,8750.0,8800.0,44858,0.0,0.0
2021-01-19 00:00:00+09:00,8800.0,8990.0,8720.0,8900.0,32649,0.0,0.0
2021-01-20 00:00:00+09:00,8870.0,9010.0,8770.0,8780.0,29293,0.0,0.0
2021-01-21 00:00:00+09:00,8930.0,8930.0,8770.0,8810.0,28165,0.0,0.0
2021-01-22 00:00:00+09:00,8810.0,9000.0,8760.0,8840.0,40062,0.0,0.0
2021-01-25 00:00:00+09:00,8850.0,9000.0,8810.0,8890.0,33467,0.0,0.0
2021-01-26 00:00:00+09:00,8930.0,8990.0,8700.0,8830.0,50202,0.0,0.0
2021-01-27 00:00:00+09:00,8850.0,8990.0,8750.0,8960.0,47372,0.0,0.0
2021-01-28 00:00:00+09:00,8910.0,8960.0,8660.0,8750.0,44505,0.0,0.0
2021-01-29 00:00:00+09:00,8750.0,8770.0,8250.0,8440.0,70534,0.0,0.0
2021-02-01 00:00:00+09:00,8270.0,8480.0,8140.0,8400.0,55273,0.0,0.0
2021-02-02 00:00:00+09:00,8410.0,8660.0,8360.0,8500.0,25685,0.0,0.0
2021-02-03 00:00:00+09:00,8530.0,8600.0,8430.0,8500.0,10019,0.0,0.0
2021-02-04 00:00:00+09:00,8450.0,8630.0,8430.0,8550.0,28783,0.0,0.0
2021-02-05 00:00:00+09:00,8630.0,8850.0,8550.0,8770.0,31042,0.0,0.0
2021-02-08 00:00:00+09:00,8870.0,8870.0,8560.0,8650.0,21976,0.0,0.0
2021-02-09 00:00:00+09:00,8690.0,8690.0,8470.0,8650.0,20563,0.0,0.0
2021-02-10 00:00:00+09:00,8650.0,8740.0,8490.0,8650.0,21187,0.0,0.0
2021-02-15 00:00:00+09:00,8670.0,9350.0,8670.0,9100.0,177370,0.0,0.0
2021-02-16 00:00:00+09:00,9100.0,9300.0,8970.0,9140.0,54566,0.0,0.0
2021-02-17 00:00:00+09:00,9200.0,9330.0,8970.0,9260.0,60443,0.0,0.0
2021-02-18 00:00:00+09:00,9280.0,9380.0,9000.0,9100.0,35685,0.0,0.0
2021-02-19 00:00:00+09:00,9110.0,9170.0,8700.0,9000.0,42779,0.0,0.0
2021-02-22 00:00:00+09:00,8970.0,9280.0,8930.0,9020.0,32991,0.0,0.0
2021-02-23 00:00:00+09:00,9020.0,9090.0,8890.0,8980.0,23685,0.0,0.0
2021-02-24 00:00:00+09:00,9070.0,9440.0,8870.0,9010.0,123889,0.0,0.0
2021-02-25 00:00:00+09:00,9240.0,9240.0,8880.0,9000.0,33814,0.0,0.0
2021-02-26 00:00:00+09:00,8800.0,8900.0,8550.0,8660.0,47398,0.0,0.0
2021-03-02 00:00:00+09:00,8770.0,8980.0,8770.0,8970.0,24796,0.0,0.0
2021-03-03 00:00:00+09:00,8970.0,9100.0,8830.0,9050.0,28809,0.0,0.0
2021-03-04 00:00:00+09:00,9060.0,9100.0,8830.0,9020.0,18901,0.0,0.0
2021-03-05 00:00:00+09:00,9000.0,9050.0,8820.0,8980.0,12180,0.0,0.0
2021-03-08 00:00:00+09:00,8980.0,9090.0,8850.0,8950.0,13394,0.0,0.0
2021-03-09 00:00:00+09:00,8940.0,9230.0,8620.0,9230.0,93828,0.0,0.0
2021-03-10 00:00:00+09:00,9270.0,9750.0,8960.0,9090.0,187499,0.0,0.0
2021-03-11 00:00:00+09:00,9190.0,9270.0,8830.0,9120.0,24183,0.0,0.0
2021-03-12 00:00:00+09:00,9130.0,9200.0,8890.0,9030.0,41190,0.0,0.0
2021-03-15 00:00:00+09:00,9030.0,9320.0,9000.0,9180.0,60445,0.0,0.0
2021-03-16 00:00:00+09:00,9180.0,9550.0,9160.0,9480.0,110703,0.0,0.0
2021-03-17 00:00:00+09:00,9480.0,9660.0,9360.0,9650.0,102877,0.0,0.0
2021-03-18 00:00:00+09:00,9700.0,10050.0,9470.0,9860.0,164345,0.0,0.0
2021-03-19 00:00:00+09:00,9860.0,11000.0,9810.0,10650.0,520742,0.0,0.0
2021-03-22 00:00:00+09:00,10650.0,10950.0,10350.0,10850.0,149824,0.0,0.0
2021-03-23 00:00:00+09:00,10550.0,10700.0,9840.0,10000.0,245334,0.0,0.0
2021-03-24 00:00:00+09:00,9820.0,10850.0,9790.0,10100.0,390360,0.0,0.0
2021-03-25 00:00:00+09:00,10150.0,11600.0,10100.0,11200.0,424496,0.0,0.0
2021-03-26 00:00:00+09:00,11200.0,11250.0,10800.0,11200.0,178719,0.0,0.0
2021-03-29 00:00:00+09:00,11350.0,11350.0,10600.0,10700.0,160607,0.0,0.0
2021-03-30 00:00:00+09:00,10700.0,10900.0,10500.0,10700.0,78451,0.0,0.0
2021-03-31 00:00:00+09:00,10850.0,10850.0,10100.0,10450.0,80757,0.0,0.0
2021-04-01 00:00:00+09:00,10500.0,10850.0,10200.0,10800.0,78188,0.0,0.0
2021-04-02 00:00:00+09:00,10850.0,10900.0,10400.0,10600.0,50202,0.0,0.0
2021-04-05 00:00:00+09:00,10600.0,10600.0,10000.0,10200.0,159659,0.0,0.0
2021-04-06 00:00:00+09:00,10200.0,10500.0,10100.0,10250.0,93376,0.0,0.0
2021-04-07 00:00:00+09:00,10300.0,10750.0,10050.0,10350.0,117191,0.0,0.0
2021-04-08 00:00:00+09:00,10750.0,11150.0,10350.0,10700.0,179604,0.0,0.0
2021-04-09 00:00:00+09:00,10700.0,10700.0,10300.0,10500.0,112124,0.0,0.0
2021-04-12 00:00:00+09:00,10450.0,11000.0,10250.0,11000.0,149672,0.0,0.0
2021-04-13 00:00:00+09:00,10850.0,11050.0,10550.0,10800.0,153720,0.0,0.0
2021-04-14 00:00:00+09:00,10800.0,11000.0,10600.0,10950.0,108209,0.0,0.0
2021-04-15 00:00:00+09:00,11050.0,11100.0,10750.0,10750.0,71986,0.0,0.0
2021-04-16 00:00:00+09:00,10800.0,10800.0,10150.0,10300.0,190843,0.0,0.0
2021-04-19 00:00:00+09:00,10400.0,10500.0,10050.0,10300.0,74522,0.0,0.0
2021-04-20 00:00:00+09:00,10250.0,10450.0,10250.0,10450.0,48690,0.0,0.0
2021-04-21 00:00:00+09:00,10450.0,10550.0,10300.0,10500.0,27674,0.0,0.0
2021-04-22 00:00:00+09:00,10450.0,10550.0,10300.0,10450.0,69216,0.0,0.0
2021-04-23 00:00:00+09:00,10450.0,10450.0,10200.0,10350.0,54129,0.0,0.0
2021-04-26 00:00:00+09:00,10450.0,10450.0,10000.0,10150.0,172252,0.0,0.0
2021-04-27 00:00:00+09:00,10150.0,10250.0,9850.0,10100.0,145358,0.0,0.0
2021-04-28 00:00:00+09:00,10100.0,10100.0,9900.0,9930.0,26733,0.0,0.0
2021-04-29 00:00:00+09:00,9930.0,9980.0,9580.0,9580.0,99782,0.0,0.0
2021-04-30 00:00:00+09:00,9580.0,9700.0,9200.0,9430.0,102950,0.0,0.0
2021-05-03 00:00:00+09:00,9340.0,10000.0,9340.0,9620.0,133913,0.0,0.0
2021-05-04 00:00:00+09:00,9620.0,9970.0,9470.0,9910.0,69237,0.0,0.0
2021-05-06 00:00:00+09:00,9990.0,9990.0,9650.0,9700.0,89412,0.0,0.0
2021-05-07 00:00:00+09:00,9790.0,9940.0,9580.0,9600.0,70176,0.0,0.0
2021-05-10 00:00:00+09:00,9640.0,9950.0,9630.0,9750.0,84144,0.0,0.0
2021-05-11 00:00:00+09:00,9770.0,10200.0,9770.0,10000.0,117729,0.0,0.0
2021-05-12 00:00:00+09:00,10000.0,10850.0,9920.0,10700.0,601900,0.0,0.0
2021-05-13 00:00:00+09:00,10500.0,11400.0,10100.0,10100.0,503673,0.0,0.0
2021-05-14 00:00:00+09:00,10300.0,11500.0,10250.0,10700.0,933010,0.0,0.0
2021-05-17 00:00:00+09:00,10750.0,11050.0,10350.0,10600.0,432161,0.0,0.0
2021-05-18 00:00:00+09:00,10750.0,10850.0,10250.0,10300.0,391074,0.0,0.0
2021-05-20 00:00:00+09:00,10300.0,11150.0,10200.0,11000.0,469103,0.0,0.0
2021-05-21 00:00:00+09:00,11050.0,11450.0,10750.0,11250.0,453501,0.0,0.0
2021-05-24 00:00:00+09:00,11150.0,11200.0,10800.0,10900.0,233342,0.0,0.0
2021-05-25 00:00:00+09:00,10950.0,11100.0,10700.0,10950.0,148397,0.0,0.0
2021-05-26 00:00:00+09:00,11050.0,11700.0,10950.0,11700.0,441446,0.0,0.0
2021-05-27 00:00:00+09:00,11800.0,11800.0,11250.0,11550.0,337858,0.0,0.0
2021-05-28 00:00:00+09:00,11500.0,11950.0,10850.0,10950.0,467984,0.0,0.0
2021-05-31 00:00:00+09:00,10950.0,11100.0,10650.0,10850.0,147313,0.0,0.0
2021-06-01 00:00:00+09:00,10850.0,11100.0,10700.0,10950.0,77686,0.0,0.0
2021-06-02 00:00:00+09:00,11100.0,11200.0,10800.0,11150.0,108069,0.0,0.0
2021-06-03 00:00:00+09:00,11150.0,11350.0,11000.0,11300.0,77612,0.0,0.0
2021-06-04 00:00:00+09:00,11250.0,11500.0,11050.0,11150.0,103214,0.0,0.0
2021-06-07 00:00:00+09:00,11200.0,11200.0,10900.0,11050.0,53855,0.0,0.0
2021-06-08 00:00:00+09:00,11000.0,11100.0,10800.0,10900.0,64814,0.0,0.0
2021-06-09 00:00:00+09:00,10900.0,11000.0,10650.0,10750.0,96853,0.0,0.0
2021-06-10 00:00:00+09:00,10750.0,11100.0,10750.0,10850.0,60286,0.0,0.0
2021-06-11 00:00:00+09:00,10950.0,11050.0,10700.0,10750.0,44605,0.0,0.0
2021-06-14 00:00:00+09:00,10850.0,11000.0,10800.0,10850.0,36969,0.0,0.0
2021-06-15 00:00:00+09:00,11000.0,11150.0,10800.0,11100.0,66113,0.0,0.0
2021-06-16 00:00:00+09:00,11100.0,11200.0,10700.0,10800.0,76812,0.0,0.0
2021-06-17 00:00:00+09:00,10750.0,11000.0,10650.0,10850.0,56837,0.0,0.0
2021-06-18 00:00:00+09:00,10950.0,11250.0,10700.0,11050.0,79939,0.0,0.0
2021-06-21 00:00:00+09:00,11400.0,13300.0,11300.0,12600.0,2147698,0.0,0.0
2021-06-22 00:00:00+09:00,12650.0,12800.0,12300.0,12700.0,478647,0.0,0.0
2021-06-23 00:00:00+09:00,12500.0,13400.0,12450.0,12450.0,923711,0.0,0.0
2021-06-24 00:00:00+09:00,12500.0,13000.0,12500.0,12650.0,257442,0.0,0.0
2021-06-25 00:00:00+09:00,12850.0,12850.0,12300.0,12300.0,142405,0.0,0.0
2021-06-28 00:00:00+09:00,12250.0,12450.0,12000.0,12350.0,130772,0.0,0.0
2021-06-29 00:00:00+09:00,12350.0,12700.0,12100.0,12150.0,175498,0.0,0.0
2021-06-30 00:00:00+09:00,12200.0,12450.0,12000.0,12450.0,149245,0.0,0.0
2021-07-01 00:00:00+09:00,12600.0,12850.0,12150.0,12750.0,345567,0.0,0.0
2021-07-02 00:00:00+09:00,13000.0,13050.0,12400.0,12400.0,279587,0.0,0.0
2021-07-05 00:00:00+09:00,12450.0,12700.0,12400.0,12500.0,169393,0.0,0.0
2021-07-06 00:00:00+09:00,12500.0,12550.0,12300.0,12400.0,75727,0.0,0.0
2021-07-07 00:00:00+09:00,12400.0,12500.0,12050.0,12150.0,125324,0.0,0.0
2021-07-08 00:00:00+09:00,12150.0,12300.0,11700.0,12200.0,339935,0.0,0.0
2021-07-09 00:00:00+09:00,12000.0,12050.0,11600.0,11900.0,165643,0.0,0.0
2021-07-12 00:00:00+09:00,12000.0,12500.0,11750.0,12500.0,139050,0.0,0.0
2021-07-13 00:00:00+09:00,12850.0,13100.0,12600.0,12950.0,315192,0.0,0.0
2021-07-14 00:00:00+09:00,12950.0,13950.0,12650.0,13450.0,601803,0.0,0.0
2021-07-15 00:00:00+09:00,13450.0,14400.0,13250.0,14100.0,547782,0.0,0.0
2021-07-16 00:00:00+09:00,14000.0,14100.0,13500.0,13800.0,227873,0.0,0.0
2021-07-19 00:00:00+09:00,13900.0,14450.0,13700.0,13900.0,210695,0.0,0.0
2021-07-20 00:00:00+09:00,13600.0,15550.0,13450.0,15050.0,1237956,0.0,0.0
2021-07-21 00:00:00+09:00,15000.0,15000.0,14050.0,14300.0,402476,0.0,0.0
2021-07-22 00:00:00+09:00,14300.0,15500.0,14100.0,15200.0,358610,0.0,0.0
2021-07-23 00:00:00+09:00,15750.0,18300.0,15200.0,17450.0,4056917,0.0,0.0
2021-07-26 00:00:00+09:00,17300.0,18200.0,16950.0,17650.0,821840,0.0,0.0
2021-07-27 00:00:00+09:00,17400.0,19250.0,15900.0,16250.0,1617745,0.0,0.0
2021-07-28 00:00:00+09:00,16400.0,16850.0,15300.0,15950.0,536555,0.0,0.0
2021-07-29 00:00:00+09:00,16000.0,16350.0,15700.0,15850.0,197383,0.0,0.0
2021-07-30 00:00:00+09:00,15900.0,16000.0,15250.0,15750.0,253844,0.0,0.0
2021-08-02 00:00:00+09:00,15700.0,15950.0,15350.0,15950.0,179021,0.0,0.0
2021-08-03 00:00:00+09:00,16050.0,16800.0,15800.0,16450.0,478184,0.0,0.0
2021-08-04 00:00:00+09:00,16550.0,17050.0,16250.0,16650.0,271296,0.0,0.0
2021-08-05 00:00:00+09:00,16850.0,17000.0,16450.0,16600.0,200947,0.0,0.0
2021-08-06 00:00:00+09:00,16600.0,16800.0,15800.0,16350.0,199843,0.0,0.0
2021-08-09 00:00:00+09:00,16350.0,17250.0,15950.0,17200.0,252129,0.0,0.0
2021-08-10 00:00:00+09:00,17200.0,17350.0,16700.0,17100.0,153884,0.0,0.0
2021-08-11 00:00:00+09:00,17200.0,17500.0,16050.0,16200.0,258867,0.0,0.0
2021-08-12 00:00:00+09:00,16250.0,16650.0,15900.0,16100.0,157997,0.0,0.0
2021-08-13 00:00:00+09:00,16050.0,16250.0,14950.0,15350.0,276591,0.0,0.0
2021-08-17 00:00:00+09:00,15500.0,15550.0,14100.0,14700.0,294195,0.0,0.0
2021-08-18 00:00:00+09:00,14700.0,15500.0,14050.0,14800.0,368848,0.0,0.0
2021-08-19 00:00:00+09:00,14550.0,15150.0,13700.0,14200.0,230041,0.0,0.0
2021-08-20 00:00:00+09:00,14300.0,14500.0,13100.0,13200.0,333770,0.0,0.0
2021-08-23 00:00:00+09:00,13400.0,13750.0,13000.0,13250.0,166980,0.0,0.0
2021-08-24 00:00:00+09:00,13300.0,14150.0,13300.0,14000.0,222316,0.0,0.0
2021-08-25 00:00:00+09:00,14100.0,14200.0,13500.0,13800.0,96475,0.0,0.0
2021-08-26 00:00:00+09:00,13900.0,14100.0,13500.0,13700.0,122245,0.0,0.0
2021-08-27 00:00:00+09:00,13450.0,13750.0,13350.0,13650.0,63765,0.0,0.0
2021-08-30 00:00:00+09:00,13750.0,13950.0,13500.0,13600.0,64975,0.0,0.0
2021-08-31 00:00:00+09:00,13650.0,13700.0,13100.0,13300.0,141009,0.0,0.0
2021-09-01 00:00:00+09:00,13250.0,13650.0,12700.0,13500.0,396937,0.0,0.0
2021-09-02 00:00:00+09:00,13850.0,14300.0,13550.0,13700.0,311696,0.0,0.0
2021-09-03 00:00:00+09:00,13750.0,13750.0,13350.0,13500.0,84441,0.0,0.0
2021-09-06 00:00:00+09:00,13500.0,13550.0,13050.0,13100.0,114973,0.0,0.0
2021-09-07 00:00:00+09:00,13100.0,13350.0,13000.0,13100.0,104238,0.0,0.0
2021-09-08 00:00:00+09:00,13150.0,13350.0,12850.0,13150.0,95906,0.0,0.0
2021-09-09 00:00:00+09:00,13150.0,13200.0,12650.0,12850.0,98250,0.0,0.0
2021-09-10 00:00:00+09:00,12800.0,13150.0,12600.0,13050.0,69072,0.0,0.0
2021-09-13 00:00:00+09:00,13100.0,13100.0,12800.0,12900.0,59756,0.0,0.0
2021-09-14 00:00:00+09:00,12850.0,13450.0,12800.0,13200.0,99607,0.0,0.0
2021-09-15 00:00:00+09:00,13250.0,14300.0,13100.0,14000.0,344094,0.0,0.0
2021-09-16 00:00:00+09:00,14150.0,14400.0,13500.0,13500.0,158141,0.0,0.0
2021-09-17 00:00:00+09:00,13500.0,14800.0,13350.0,14700.0,366979,0.0,0.0
2021-09-23 00:00:00+09:00,14350.0,15150.0,14100.0,14550.0,261285,0.0,0.0
2021-09-24 00:00:00+09:00,14700.0,14900.0,14250.0,14400.0,117708,0.0,0.0
2021-09-27 00:00:00+09:00,14500.0,14650.0,13750.0,14250.0,130024,0.0,0.0
2021-09-28 00:00:00+09:00,14250.0,14250.0,13150.0,13300.0,210816,0.0,0.0
2021-09-29 00:00:00+09:00,12900.0,13200.0,12550.0,12800.0,164770,0.0,0.0
2021-09-30 00:00:00+09:00,12750.0,13000.0,12750.0,12800.0,58917,0.0,0.0
2021-10-01 00:00:00+09:00,12700.0,12900.0,11850.0,12000.0,197676,0.0,0.0
2021-10-05 00:00:00+09:00,11800.0,12250.0,11300.0,12150.0,251526,0.0,0.0
2021-10-06 00:00:00+09:00,12650.0,14300.0,12300.0,12400.0,911101,0.0,0.0
2021-10-07 00:00:00+09:00,12550.0,13400.0,12450.0,13100.0,272710,0.0,0.0
2021-10-08 00:00:00+09:00,13100.0,13850.0,13100.0,13500.0,196550,0.0,0.0
2021-10-12 00:00:00+09:00,13400.0,13800.0,12750.0,13600.0,145083,0.0,0.0
2021-10-13 00:00:00+09:00,13500.0,14050.0,13400.0,13850.0,129324,0.0,0.0
2021-10-14 00:00:00+09:00,13850.0,14000.0,13650.0,13950.0,102835,0.0,0.0
2021-10-15 00:00:00+09:00,14050.0,14100.0,13750.0,14000.0,95319,0.0,0.0
2021-10-18 00:00:00+09:00,14200.0,14200.0,13500.0,13700.0,107443,0.0,0.0
2021-10-19 00:00:00+09:00,13600.0,13800.0,13300.0,13650.0,96050,0.0,0.0
2021-10-20 00:00:00+09:00,13600.0,14150.0,13550.0,13700.0,98164,0.0,0.0
2021-10-21 00:00:00+09:00,13750.0,13850.0,13300.0,13550.0,73171,0.0,0.0
2021-10-22 00:00:00+09:00,13600.0,14600.0,13500.0,14450.0,324636,0.0,0.0
2021-10-25 00:00:00+09:00,14400.0,14400.0,13700.0,14050.0,280258,0.0,0.0
2021-10-26 00:00:00+09:00,14000.0,14200.0,13750.0,13850.0,110953,0.0,0.0
2021-10-27 00:00:00+09:00,13850.0,14100.0,13700.0,14100.0,67588,0.0,0.0
2021-10-28 00:00:00+09:00,14000.0,15600.0,13850.0,15200.0,651540,0.0,0.0
2021-10-29 00:00:00+09:00,15800.0,19150.0,15600.0,17900.0,5690682,0.0,0.0
2021-11-01 00:00:00+09:00,18250.0,19000.0,17650.0,18650.0,2165603,0.0,0.0
2021-11-02 00:00:00+09:00,18550.0,18650.0,17900.0,17900.0,647970,0.0,0.0
2021-11-03 00:00:00+09:00,18100.0,18550.0,17600.0,18100.0,576415,0.0,0.0
2021-11-04 00:00:00+09:00,18050.0,18100.0,16500.0,17300.0,925897,0.0,0.0
2021-11-05 00:00:00+09:00,17500.0,17500.0,16000.0,16250.0,639931,0.0,0.0
2021-11-08 00:00:00+09:00,16100.0,16600.0,15500.0,16600.0,526828,0.0,0.0
2021-11-09 00:00:00+09:00,16250.0,17450.0,16100.0,16950.0,696725,0.0,0.0
2021-11-10 00:00:00+09:00,17000.0,18650.0,16450.0,18500.0,2091972,0.0,0.0
2021-11-11 00:00:00+09:00,18350.0,19850.0,17850.0,18450.0,2067027,0.0,0.0
2021-11-12 00:00:00+09:00,18300.0,19000.0,17500.0,17950.0,606518,0.0,0.0
2021-11-15 00:00:00+09:00,17950.0,18800.0,17300.0,18800.0,395357,0.0,0.0
2021-11-16 00:00:00+09:00,19150.0,19800.0,18450.0,19350.0,1069945,0.0,0.0
2021-11-17 00:00:00+09:00,19500.0,20700.0,18800.0,19850.0,1672245,0.0,0.0
2021-11-18 00:00:00+09:00,19850.0,20150.0,18550.0,19150.0,573760,0.0,0.0
2021-11-19 00:00:00+09:00,18950.0,19150.0,18050.0,18600.0,436306,0.0,0.0
2021-11-22 00:00:00+09:00,18600.0,18650.0,17500.0,18150.0,318856,0.0,0.0
2021-11-23 00:00:00+09:00,17800.0,18600.0,17600.0,17700.0,191768,0.0,0.0
2021-11-24 00:00:00+09:00,17900.0,18000.0,16750.0,17100.0,243213,0.0,0.0
2021-11-25 00:00:00+09:00,17300.0,17700.0,16800.0,16800.0,158781,0.0,0.0
2021-11-26 00:00:00+09:00,16850.0,18750.0,16850.0,17600.0,624261,0.0,0.0
2021-11-29 00:00:00+09:00,17100.0,18100.0,16950.0,17250.0,290897,0.0,0.0
2021-11-30 00:00:00+09:00,17650.0,19250.0,17350.0,17800.0,1077737,0.0,0.0
2021-12-01 00:00:00+09:00,18250.0,18400.0,16900.0,17950.0,722904,0.0,0.0
2021-12-02 00:00:00+09:00,17650.0,18700.0,17600.0,18000.0,546297,0.0,0.0
2021-12-03 00:00:00+09:00,18000.0,18450.0,17650.0,18350.0,253993,0.0,0.0
2021-12-06 00:00:00+09:00,17950.0,18050.0,17500.0,17550.0,246182,0.0,0.0
2021-12-07 00:00:00+09:00,17750.0,17850.0,16400.0,16450.0,354357,0.0,0.0
2021-12-08 00:00:00+09:00,16800.0,17000.0,15950.0,16000.0,216364,0.0,0.0
2021-12-09 00:00:00+09:00,16200.0,16650.0,16000.0,16250.0,254613,0.0,0.0
2021-12-10 00:00:00+09:00,16150.0,16850.0,16000.0,16550.0,155511,0.0,0.0
2021-12-13 00:00:00+09:00,17300.0,17850.0,16850.0,16900.0,454556,0.0,0.0
2021-12-14 00:00:00+09:00,16650.0,16900.0,16050.0,16300.0,162002,0.0,0.0
2021-12-15 00:00:00+09:00,16400.0,16450.0,15750.0,15850.0,132788,0.0,0.0
2021-12-16 00:00:00+09:00,16000.0,16400.0,15850.0,16250.0,116468,0.0,0.0
2021-12-17 00:00:00+09:00,15950.0,16000.0,15500.0,15600.0,194774,0.0,0.0
2021-12-20 00:00:00+09:00,15650.0,15850.0,15000.0,15200.0,120120,0.0,0.0
2021-12-21 00:00:00+09:00,15300.0,15800.0,15200.0,15750.0,93030,0.0,0.0
2021-12-22 00:00:00+09:00,15750.0,16800.0,15750.0,16650.0,306337,0.0,0.0
2021-12-23 00:00:00+09:00,16800.0,17300.0,16300.0,16400.0,274347,0.0,0.0
2021-12-24 00:00:00+09:00,16450.0,16550.0,16100.0,16200.0,141305,0.0,0.0
2021-12-27 00:00:00+09:00,16800.0,17100.0,16250.0,16250.0,291141,0.0,0.0
2021-12-28 00:00:00+09:00,16400.0,17400.0,16300.0,17200.0,492113,0.0,0.0
2021-12-29 00:00:00+09:00,17200.0,18650.0,16900.0,18250.0,816162,0.0,0.0
2021-12-30 00:00:00+09:00,18200.0,18500.0,17800.0,18100.0,283920,0.0,0.0
2022-01-04 00:00:00+09:00,18100.0,18750.0,17900.0,18350.0,346875,0.0,0.0
2022-01-05 00:00:00+09:00,18300.0,18300.0,17450.0,17450.0,201613,0.0,0.0
2022-01-06 00:00:00+09:00,17000.0,17050.0,16100.0,16100.0,328800,0.0,0.0
2022-01-07 00:00:00+09:00,16300.0,16900.0,16100.0,16550.0,107490,0.0,0.0
2022-01-10 00:00:00+09:00,16350.0,16650.0,16000.0,16550.0,78274,0.0,0.0
2022-01-11 00:00:00+09:00,16400.0,16700.0,15950.0,16250.0,104249,0.0,0.0
2022-01-12 00:00:00+09:00,16350.0,16650.0,16250.0,16600.0,68965,0.0,0.0
2022-01-13 00:00:00+09:00,16600.0,16600.0,15950.0,16000.0,96221,0.0,0.0
2022-01-14 00:00:00+09:00,15700.0,16300.0,15450.0,15850.0,111248,0.0,0.0
2022-01-17 00:00:00+09:00,15850.0,15950.0,15150.0,15200.0,115397,0.0,0.0
2022-01-18 00:00:00+09:00,15200.0,15650.0,14600.0,14850.0,136559,0.0,0.0
2022-01-19 00:00:00+09:00,14500.0,16250.0,14300.0,16200.0,379617,0.0,0.0
2022-01-20 00:00:00+09:00,16800.0,18700.0,15900.0,18600.0,1303407,0.0,0.0
2022-01-21 00:00:00+09:00,18300.0,19100.0,18150.0,18350.0,786511,0.0,0.0
2022-01-24 00:00:00+09:00,18100.0,18350.0,17100.0,17350.0,357525,0.0,0.0
2022-01-25 00:00:00+09:00,17450.0,18100.0,16750.0,17700.0,388178,0.0,0.0
2022-01-26 00:00:00+09:00,17700.0,17700.0,17700.0,17700.0,0,0.0,0.0
2022-01-27 00:00:00+09:00,17050.0,17500.0,16300.0,16550.0,227794,0.0,0.0
2022-01-28 00:00:00+09:00,16650.0,16900.0,16000.0,16550.0,164699,0.0,0.0
2022-02-03 00:00:00+09:00,16850.0,17050.0,16500.0,16850.0,168205,0.0,0.0
2022-02-04 00:00:00+09:00,16850.0,17100.0,16600.0,17000.0,130406,0.0,0.0
2022-02-07 00:00:00+09:00,17000.0,17350.0,16600.0,17000.0,154311,0.0,0.0
2022-02-08 00:00:00+09:00,17000.0,17000.0,17000.0,17000.0,0,0.0,0.0
2022-02-09 00:00:00+09:00,17000.0,17000.0,17000.0,17000.0,0,0.0,0.0
2022-02-10 00:00:00+09:00,15100.0,15550.0,14800.0,15000.0,197367,0.0,0.0
2022-02-11 00:00:00+09:00,14900.0,15150.0,14500.0,14500.0,145012,0.0,0.0
2022-02-14 00:00:00+09:00,14450.0,15250.0,13800.0,14700.0,260472,0.0,0.0
2022-02-15 00:00:00+09:00,14800.0,14950.0,13950.0,14400.0,93059,0.0,0.0
2022-02-16 00:00:00+09:00,14850.0,15100.0,14500.0,15050.0,114447,0.0,0.0
2022-02-17 00:00:00+09:00,15150.0,15150.0,14250.0,14300.0,267578,0.0,0.0
2022-02-18 00:00:00+09:00,14100.0,14300.0,13850.0,14100.0,176933,0.0,0.0
2022-02-21 00:00:00+09:00,14100.0,14100.0,14100.0,14100.0,0,0.0,0.0
2022-02-22 00:00:00+09:00,14100.0,14100.0,14100.0,14100.0,0,0.0,0.0
2022-02-23 00:00:00+09:00,14100.0,14100.0,14100.0,14100.0,0,0.0,0.0
2022-02-24 00:00:00+09:00,13900.0,14100.0,13050.0,13200.0,201878,0.0,0.0
2022-02-25 00:00:00+09:00,13550.0,13750.0,13250.0,13400.0,118845,0.0,0.0
2022-02-28 00:00:00+09:00,13400.0,13400.0,13400.0,13400.0,0,0.0,0.0
2022-03-02 00:00:00+09:00,13450.0,14000.0,13450.0,13900.0,126083,0.0,0.0
2022-03-03 00:00:00+09:00,14100.0,14200.0,13700.0,13800.0,125390,0.0,0.0
2022-03-04 00:00:00+09:00,13800.0,13800.0,13800.0,13800.0,0,0.0,0.0
2022-03-07 00:00:00+09:00,13250.0,13300.0,12900.0,13050.0,96040,0.0,0.0
2022-03-08 00:00:00+09:00,12750.0,13250.0,12600.0,12900.0,110286,0.0,0.0
2022-03-10 00:00:00+09:00,12900.0,12900.0,12900.0,12900.0,0,0.0,0.0
2022-03-11 00:00:00+09:00,12900.0,12900.0,12900.0,12900.0,0,0.0,0.0
2022-03-14 00:00:00+09:00,13850.0,14450.0,13550.0,13900.0,490105,0.0,0.0
2022-03-15 00:00:00+09:00,13900.0,13900.0,13900.0,13900.0,0,0.0,0.0
2022-03-16 00:00:00+09:00,13900.0,13900.0,13900.0,13900.0,0,0.0,0.0
2022-03-17 00:00:00+09:00,13900.0,13900.0,13900.0,13900.0,0,0.0,0.0
2022-03-18 00:00:00+09:00,15300.0,16250.0,14900.0,15800.0,879019,0.0,0.0
2022-03-21 00:00:00+09:00,15800.0,15800.0,15800.0,15800.0,0,0.0,0.0
2022-03-22 00:00:00+09:00,15100.0,15350.0,14950.0,15200.0,161022,0.0,0.0
2022-03-23 00:00:00+09:00,15300.0,15450.0,14850.0,15100.0,201682,0.0,0.0
2022-03-24 00:00:00+09:00,14500.0,14650.0,13450.0,14450.0,879458,0.0,0.0
2022-03-25 00:00:00+09:00,15050.0,15050.0,14400.0,14650.0,345057,0.0,0.0
2022-03-28 00:00:00+09:00,14700.0,16100.0,14500.0,15800.0,635163,0.0,0.0
2022-03-29 00:00:00+09:00,15750.0,15800.0,15250.0,15300.0,204365,0.0,0.0
2022-03-30 00:00:00+09:00,15350.0,15400.0,14700.0,15000.0,176494,0.0,0.0
2022-03-31 00:00:00+09:00,14950.0,15150.0,14800.0,14850.0,67384,0.0,0.0
2022-04-01 00:00:00+09:00,14800.0,14950.0,14650.0,14650.0,89734,0.0,0.0
2022-04-04 00:00:00+09:00,14600.0,14800.0,14250.0,14650.0,95350,0.0,0.0
2022-04-05 00:00:00+09:00,14650.0,14900.0,14600.0,14850.0,54245,0.0,0.0
2022-04-06 00:00:00+09:00,14850.0,15000.0,14500.0,14600.0,104524,0.0,0.0
2022-04-07 00:00:00+09:00,14500.0,14700.0,14100.0,14500.0,96700,0.0,0.0
2022-04-08 00:00:00+09:00,14500.0,14650.0,13850.0,13900.0,171525,0.0,0.0
2022-04-11 00:00:00+09:00,13850.0,14000.0,13700.0,13800.0,68425,0.0,0.0
2022-04-12 00:00:00+09:00,13750.0,13950.0,13200.0,13450.0,125952,0.0,0.0
2022-04-13 00:00:00+09:00,13600.0,13900.0,13500.0,13750.0,73089,0.0,0.0
2022-04-14 00:00:00+09:00,13900.0,13900.0,13400.0,13500.0,85313,0.0,0.0
2022-04-15 00:00:00+09:00,13500.0,13850.0,13350.0,13600.0,41405,0.0,0.0
2022-04-18 00:00:00+09:00,13750.0,13800.0,13400.0,13600.0,41770,0.0,0.0
2022-04-19 00:00:00+09:00,13600.0,14000.0,13450.0,13850.0,77800,0.0,0.0
2022-04-20 00:00:00+09:00,13950.0,13950.0,13650.0,13800.0,48894,0.0,0.0
2022-04-21 00:00:00+09:00,13900.0,13900.0,13600.0,13800.0,53403,0.0,0.0
2022-04-22 00:00:00+09:00,13600.0,13650.0,13300.0,13400.0,51416,0.0,0.0
2022-04-25 00:00:00+09:00,13000.0,13350.0,12800.0,12850.0,101516,0.0,0.0
2022-04-26 00:00:00+09:00,12900.0,13100.0,12800.0,12900.0,35658,0.0,0.0
2022-04-27 00:00:00+09:00,12400.0,12950.0,12350.0,12900.0,55319,0.0,0.0
2022-04-28 00:00:00+09:00,12900.0,13050.0,12400.0,12500.0,72161,0.0,0.0
2022-04-29 00:00:00+09:00,12600.0,12850.0,12450.0,12600.0,31575,0.0,0.0
2022-05-02 00:00:00+09:00,12500.0,12600.0,12100.0,12450.0,70522,0.0,0.0
2022-05-03 00:00:00+09:00,12500.0,13050.0,12500.0,12850.0,66778,0.0,0.0
2022-05-04 00:00:00+09:00,12950.0,12950.0,12500.0,12500.0,41566,0.0,0.0
2022-05-06 00:00:00+09:00,12150.0,12300.0,11700.0,11950.0,135809,0.0,0.0
2022-05-10 00:00:00+09:00,11200.0,11600.0,10700.0,11500.0,112547,0.0,0.0
2022-05-11 00:00:00+09:00,11400.0,11550.0,11200.0,11200.0,58394,0.0,0.0
2022-05-12 00:00:00+09:00,10950.0,11400.0,10350.0,10750.0,249593,0.0,0.0
2022-05-13 00:00:00+09:00,10750.0,11300.0,10600.0,11200.0,129755,0.0,0.0
2022-05-16 00:00:00+09:00,11200.0,11300.0,10550.0,10700.0,156777,0.0,0.0
2022-05-17 00:00:00+09:00,10750.0,10950.0,10650.0,10900.0,53539,0.0,0.0
2022-05-18 00:00:00+09:00,11150.0,12450.0,11000.0,11400.0,1069693,0.0,0.0
2022-05-19 00:00:00+09:00,11350.0,11350.0,10950.0,10950.0,132732,0.0,0.0
2022-05-20 00:00:00+09:00,11050.0,11700.0,10950.0,11600.0,186085,0.0,0.0
2022-05-23 00:00:00+09:00,11600.0,11750.0,11250.0,11400.0,86978,0.0,0.0
2022-05-24 00:00:00+09:00,11350.0,11350.0,11100.0,11200.0,60661,0.0,0.0
2022-05-25 00:00:00+09:00,11200.0,13600.0,11050.0,11600.0,1378839,0.0,0.0
2022-05-26 00:00:00+09:00,11700.0,12100.0,11650.0,11700.0,249397,0.0,0.0
2022-05-27 00:00:00+09:00,11950.0,12100.0,11650.0,11650.0,103083,0.0,0.0
2022-05-30 00:00:00+09:00,11850.0,12000.0,11750.0,11950.0,72980,0.0,0.0
2022-05-31 00:00:00+09:00,12000.0,12150.0,11850.0,12000.0,55347,0.0,0.0
2022-06-02 00:00:00+09:00,11800.0,12000.0,11700.0,11900.0,71713,0.0,0.0
2022-06-03 00:00:00+09:00,12100.0,12100.0,11850.0,11950.0,54200,0.0,0.0
2022-06-07 00:00:00+09:00,11950.0,11950.0,11500.0,11650.0,63169,0.0,0.0
2022-06-08 00:00:00+09:00,11750.0,11900.0,11450.0,11600.0,46615,0.0,0.0
2022-06-09 00:00:00+09:00,11500.0,11550.0,11150.0,11300.0,80596,0.0,0.0
2022-06-10 00:00:00+09:00,11100.0,11400.0,10900.0,11150.0,53558,0.0,0.0
2022-06-13 00:00:00+09:00,10800.0,10900.0,10250.0,10250.0,133087,0.0,0.0
2022-06-14 00:00:00+09:00,9930.0,10450.0,9860.0,10400.0,120520,0.0,0.0
2022-06-15 00:00:00+09:00,10400.0,10500.0,9970.0,10300.0,80076,0.0,0.0
2022-06-16 00:00:00+09:00,10500.0,10750.0,10150.0,10300.0,64000,0.0,0.0
2022-06-17 00:00:00+09:00,9880.0,10200.0,9770.0,10100.0,57124,0.0,0.0
2022-06-20 00:00:00+09:00,10100.0,10150.0,9280.0,9280.0,100258,0.0,0.0
2022-06-21 00:00:00+09:00,9290.0,11200.0,9250.0,9730.0,991325,0.0,0.0
2022-06-22 00:00:00+09:00,9770.0,9820.0,9080.0,9130.0,111932,0.0,0.0
2022-06-23 00:00:00+09:00,9130.0,9170.0,8450.0,8450.0,139112,0.0,0.0
2022-06-24 00:00:00+09:00,8340.0,9000.0,8340.0,8850.0,76344,0.0,0.0
2022-06-27 00:00:00+09:00,8900.0,9270.0,8860.0,9210.0,43925,0.0,0.0
2022-06-28 00:00:00+09:00,9210.0,9380.0,9140.0,9220.0,29849,0.0,0.0
2022-06-29 00:00:00+09:00,9150.0,9680.0,9130.0,9570.0,70626,0.0,0.0
2022-06-30 00:00:00+09:00,9570.0,9700.0,9010.0,9200.0,49404,0.0,0.0
2022-07-01 00:00:00+09:00,9170.0,9240.0,8760.0,9050.0,53787,0.0,0.0
2022-07-04 00:00:00+09:00,8900.0,9170.0,8620.0,9050.0,79143,0.0,0.0
2022-07-05 00:00:00+09:00,9070.0,9370.0,9070.0,9330.0,48156,0.0,0.0
2022-07-06 00:00:00+09:00,9450.0,9740.0,9230.0,9470.0,67503,0.0,0.0
2022-07-07 00:00:00+09:00,9530.0,9730.0,9300.0,9570.0,27305,0.0,0.0
2022-07-08 00:00:00+09:00,9710.0,9770.0,9520.0,9680.0,49934,0.0,0.0
2022-07-11 00:00:00+09:00,9690.0,9800.0,9500.0,9520.0,30149,0.0,0.0
2022-07-12 00:00:00+09:00,9500.0,9500.0,9190.0,9300.0,34791,0.0,0.0
2022-07-13 00:00:00+09:00,9300.0,9540.0,9160.0,9400.0,25590,0.0,0.0
2022-07-14 00:00:00+09:00,9400.0,9630.0,9300.0,9560.0,38302,0.0,0.0
2022-07-15 00:00:00+09:00,9620.0,9620.0,9320.0,9430.0,23703,0.0,0.0
2022-07-18 00:00:00+09:00,9590.0,9650.0,9470.0,9630.0,31895,0.0,0.0
2022-07-19 00:00:00+09:00,9580.0,9580.0,9370.0,9430.0,37297,0.0,0.0
2022-07-20 00:00:00+09:00,9540.0,9690.0,9430.0,9450.0,26245,0.0,0.0
2022-07-21 00:00:00+09:00,9510.0,10050.0,9450.0,9820.0,101951,0.0,0.0
2022-07-22 00:00:00+09:00,9820.0,9890.0,9660.0,9770.0,32494,0.0,0.0
2022-07-25 00:00:00+09:00,10000.0,10250.0,9930.0,10100.0,102073,0.0,0.0
2022-07-26 00:00:00+09:00,10050.0,10050.0,9800.0,9830.0,45768,0.0,0.0
2022-07-27 00:00:00+09:00,9810.0,10100.0,9650.0,9870.0,47333,0.0,0.0
2022-07-28 00:00:00+09:00,9950.0,10000.0,9770.0,9770.0,33973,0.0,0.0
2022-07-29 00:00:00+09:00,9870.0,10100.0,9780.0,9960.0,46774,0.0,0.0
2022-08-01 00:00:00+09:00,10050.0,10100.0,9860.0,10050.0,35694,0.0,0.0
2022-08-02 00:00:00+09:00,10050.0,10100.0,9810.0,9900.0,33498,0.0,0.0
2022-08-03 00:00:00+09:00,9890.0,9970.0,9780.0,9920.0,48698,0.0,0.0
2022-08-04 00:00:00+09:00,9980.0,10400.0,9960.0,10350.0,114134,0.0,0.0
2022-08-05 00:00:00+09:00,10300.0,10400.0,10150.0,10350.0,39414,0.0,0.0
2022-08-08 00:00:00+09:00,10450.0,10450.0,10100.0,10250.0,40820,0.0,0.0
2022-08-09 00:00:00+09:00,10250.0,10300.0,9990.0,9990.0,56176,0.0,0.0
2022-08-10 00:00:00+09:00,10050.0,10050.0,9780.0,9820.0,42742,0.0,0.0
2022-08-11 00:00:00+09:00,9910.0,9980.0,9450.0,9480.0,74993,0.0,0.0
2022-08-12 00:00:00+09:00,9540.0,9650.0,9460.0,9480.0,37873,0.0,0.0
2022-08-16 00:00:00+09:00,9510.0,9820.0,9370.0,9740.0,57716,0.0,0.0
2022-08-17 00:00:00+09:00,9650.0,9760.0,9580.0,9710.0,20964,0.0,0.0
2022-08-18 00:00:00+09:00,9660.0,9680.0,9330.0,9650.0,16948,0.0,0.0
2022-08-19 00:00:00+09:00,9630.0,9630.0,9350.0,9380.0,38969,0.0,0.0
2022-08-22 00:00:00+09:00,9300.0,9300.0,9010.0,9010.0,38013,0.0,0.0
2022-08-23 00:00:00+09:00,8870.0,9000.0,8750.0,8800.0,35264,0.0,0.0
2022-08-24 00:00:00+09:00,8820.0,8990.0,8800.0,8940.0,27187,0.0,0.0
2022-08-25 00:00:00+09:00,9000.0,9470.0,8940.0,9330.0,66638,0.0,0.0
2022-08-26 00:00:00+09:00,9330.0,9460.0,9290.0,9320.0,28926,0.0,0.0
2022-08-29 00:00:00+09:00,9000.0,9230.0,8960.0,9140.0,28441,0.0,0.0
2022-08-30 00:00:00+09:00,9130.0,9440.0,9130.0,9410.0,22509,0.0,0.0
2022-08-31 00:00:00+09:00,8890.0,9370.0,8830.0,9210.0,90940,0.0,0.0
2022-09-01 00:00:00+09:00,9290.0,9290.0,8860.0,8880.0,55765,0.0,0.0
2022-09-02 00:00:00+09:00,9000.0,9000.0,8720.0,8780.0,39999,0.0,0.0
2022-09-05 00:00:00+09:00,8780.0,9050.0,8660.0,8970.0,24337,0.0,0.0
2022-09-06 00:00:00+09:00,8960.0,9040.0,8860.0,9010.0,12724,0.0,0.0
2022-09-07 00:00:00+09:00,8960.0,9020.0,8850.0,8900.0,11996,0.0,0.0
2022-09-08 00:00:00+09:00,8950.0,9260.0,8930.0,9170.0,33029,0.0,0.0
2022-09-13 00:00:00+09:00,9300.0,9500.0,9060.0,9480.0,43293,0.0,0.0
2022-09-14 00:00:00+09:00,9090.0,9460.0,9090.0,9350.0,12975,0.0,0.0
2022-09-15 00:00:00+09:00,9300.0,9590.0,9260.0,9530.0,33715,0.0,0.0
2022-09-16 00:00:00+09:00,9460.0,9510.0,9330.0,9410.0,19997,0.0,0.0
2022-09-19 00:00:00+09:00,9320.0,9350.0,9140.0,9230.0,15820,0.0,0.0
2022-09-20 00:00:00+09:00,9230.0,9380.0,9180.0,9340.0,12969,0.0,0.0
2022-09-21 00:00:00+09:00,9320.0,9790.0,9280.0,9600.0,55584,0.0,0.0
2022-09-22 00:00:00+09:00,9450.0,9750.0,9180.0,9650.0,47487,0.0,0.0
2022-09-23 00:00:00+09:00,9690.0,9980.0,9590.0,9650.0,79675,0.0,0.0
2022-09-26 00:00:00+09:00,9400.0,9590.0,9040.0,9230.0,64743,0.0,0.0
2022-09-27 00:00:00+09:00,9280.0,9410.0,9050.0,9400.0,33150,0.0,0.0
2022-09-28 00:00:00+09:00,9310.0,9600.0,8920.0,9140.0,74131,0.0,0.0
2022-09-29 00:00:00+09:00,9300.0,9400.0,9050.0,9140.0,38531,0.0,0.0
2022-09-30 00:00:00+09:00,9100.0,9180.0,8950.0,9100.0,23735,0.0,0.0
2022-10-04 00:00:00+09:00,9130.0,9580.0,9100.0,9580.0,38881,0.0,0.0
2022-10-05 00:00:00+09:00,9600.0,9650.0,9240.0,9360.0,19044,0.0,0.0
2022-10-06 00:00:00+09:00,9360.0,9610.0,9360.0,9470.0,17168,0.0,0.0
2022-10-07 00:00:00+09:00,9470.0,9750.0,9460.0,9680.0,31176,0.0,0.0
2022-10-11 00:00:00+09:00,9680.0,9680.0,9150.0,9300.0,36696,0.0,0.0
2022-10-12 00:00:00+09:00,9200.0,9360.0,9160.0,9300.0,10924,0.0,0.0
2022-10-13 00:00:00+09:00,9300.0,9300.0,8920.0,9030.0,34157,0.0,0.0
2022-10-14 00:00:00+09:00,9200.0,9730.0,9200.0,9630.0,49390,0.0,0.0
2022-10-17 00:00:00+09:00,9620.0,10550.0,9540.0,9760.0,223072,0.0,0.0
2022-10-18 00:00:00+09:00,9800.0,10150.0,9800.0,9950.0,61448,0.0,0.0
2022-10-19 00:00:00+09:00,9950.0,10000.0,9750.0,9800.0,32459,0.0,0.0
2022-10-20 00:00:00+09:00,9710.0,9810.0,9540.0,9700.0,21355,0.0,0.0
2022-10-21 00:00:00+09:00,9650.0,9800.0,9580.0,9800.0,21968,0.0,0.0
2022-10-24 00:00:00+09:00,9820.0,9880.0,9600.0,9840.0,67996,0.0,0.0
2022-10-25 00:00:00+09:00,9840.0,9850.0,9590.0,9700.0,42661,0.0,0.0
2022-10-26 00:00:00+09:00,9700.0,9750.0,9540.0,9600.0,27242,0.0,0.0
2022-10-27 00:00:00+09:00,9600.0,9670.0,9500.0,9630.0,22084,0.0,0.0
2022-10-28 00:00:00+09:00,9690.0,9760.0,9400.0,9720.0,27764,0.0,0.0
2022-10-31 00:00:00+09:00,9720.0,9840.0,9630.0,9840.0,15817,0.0,0.0
2022-11-01 00:00:00+09:00,9840.0,9860.0,9700.0,9770.0,14233,0.0,0.0
2022-11-02 00:00:00+09:00,9770.0,9780.0,9600.0,9780.0,18533,0.0,0.0
2022-11-03 00:00:00+09:00,9710.0,9850.0,9450.0,9850.0,21289,0.0,0.0
2022-11-04 00:00:00+09:00,9850.0,9930.0,9600.0,9930.0,28102,0.0,0.0
2022-11-07 00:00:00+09:00,9930.0,9930.0,9800.0,9860.0,15363,0.0,0.0
2022-11-08 00:00:00+09:00,9920.0,11350.0,9830.0,10100.0,945021,0.0,0.0
2022-11-09 00:00:00+09:00,10150.0,10250.0,9930.0,9930.0,53014,0.0,0.0
2022-11-10 00:00:00+09:00,9890.0,9920.0,9540.0,9570.0,66477,0.0,0.0
2022-11-11 00:00:00+09:00,9780.0,9870.0,9680.0,9760.0,35695,0.0,0.0
2022-11-14 00:00:00+09:00,9760.0,9790.0,9660.0,9770.0,16977,0.0,0.0
2022-11-15 00:00:00+09:00,9750.0,9790.0,9600.0,9720.0,30032,0.0,0.0
2022-11-16 00:00:00+09:00,9680.0,9680.0,9470.0,9560.0,33542,0.0,0.0
2022-11-17 00:00:00+09:00,9570.0,9760.0,9430.0,9750.0,26187,0.0,0.0
2022-11-18 00:00:00+09:00,9670.0,9970.0,9670.0,9800.0,46814,0.0,0.0
2022-11-21 00:00:00+09:00,9880.0,9910.0,9650.0,9770.0,18986,0.0,0.0
2022-11-22 00:00:00+09:00,9720.0,9760.0,9610.0,9750.0,15767,0.0,0.0
2022-11-23 00:00:00+09:00,9700.0,9900.0,9660.0,9860.0,28951,0.0,0.0
2022-11-24 00:00:00+09:00,9870.0,10150.0,9810.0,10050.0,48398,0.0,0.0
2022-11-25 00:00:00+09:00,9980.0,10100.0,9870.0,9870.0,22922,0.0,0.0
2022-11-28 00:00:00+09:00,9870.0,9870.0,9590.0,9680.0,26170,0.0,0.0
2022-11-29 00:00:00+09:00,9670.0,9710.0,9600.0,9690.0,6168,0.0,0.0
2022-11-30 00:00:00+09:00,9690.0,9710.0,9600.0,9710.0,9514,0.0,0.0
2022-12-01 00:00:00+09:00,9900.0,9990.0,9750.0,9830.0,20984,0.0,0.0
2022-12-02 00:00:00+09:00,9830.0,10400.0,9790.0,10150.0,94862,0.0,0.0
2022-12-05 00:00:00+09:00,10200.0,10500.0,10100.0,10150.0,66897,0.0,0.0
2022-12-06 00:00:00+09:00,10150.0,10250.0,9770.0,9770.0,39309,0.0,0.0
2022-12-07 00:00:00+09:00,9700.0,9700.0,9440.0,9520.0,35178,0.0,0.0
2022-12-08 00:00:00+09:00,9630.0,9630.0,9290.0,9360.0,26295,0.0,0.0
2022-12-09 00:00:00+09:00,9360.0,9520.0,9250.0,9430.0,20665,0.0,0.0
2022-12-12 00:00:00+09:00,9390.0,9470.0,9230.0,9370.0,9788,0.0,0.0
2022-12-13 00:00:00+09:00,9370.0,9400.0,9240.0,9380.0,8814,0.0,0.0
2022-12-14 00:00:00+09:00,9400.0,9720.0,9370.0,9700.0,25093,0.0,0.0
2022-12-15 00:00:00+09:00,9690.0,9690.0,9560.0,9610.0,5953,0.0,0.0
2022-12-16 00:00:00+09:00,9430.0,9560.0,9340.0,9480.0,7244,0.0,0.0
2022-12-19 00:00:00+09:00,9480.0,9950.0,9480.0,9640.0,73800,0.0,0.0
2022-12-20 00:00:00+09:00,9650.0,9770.0,9250.0,9440.0,39670,0.0,0.0
2022-12-21 00:00:00+09:00,9420.0,9420.0,9250.0,9330.0,12306,0.0,0.0
2022-12-22 00:00:00+09:00,9450.0,9600.0,9310.0,9330.0,37990,0.0,0.0
2022-12-23 00:00:00+09:00,9260.0,9260.0,9000.0,9110.0,21004,0.0,0.0
2022-12-26 00:00:00+09:00,9160.0,9160.0,8930.0,9090.0,18554,0.0,0.0
2022-12-27 00:00:00+09:00,9010.0,9130.0,8950.0,9010.0,13079,0.0,0.0
2022-12-28 00:00:00+09:00,9010.0,9050.0,8920.0,8990.0,7023,0.0,0.0
2022-12-29 00:00:00+09:00,8990.0,9010.0,8730.0,8800.0,30278,0.0,0.0
2023-01-02 00:00:00+09:00,8800.0,9580.0,8710.0,8710.0,21672,0.0,0.0
2023-01-03 00:00:00+09:00,8600.0,9090.0,8500.0,8710.0,40475,0.0,0.0
2023-01-04 00:00:00+09:00,8720.0,9000.0,8680.0,8790.0,38859,0.0,0.0
2023-01-05 00:00:00+09:00,8900.0,9120.0,8620.0,8720.0,64049,0.0,0.0
2023-01-06 00:00:00+09:00,8720.0,8880.0,8510.0,8820.0,204708,0.0,0.0
2023-01-09 00:00:00+09:00,8920.0,9000.0,8480.0,8480.0,298285,0.0,0.0
2023-01-10 00:00:00+09:00,8560.0,9010.0,8480.0,8920.0,236045,0.0,0.0
2023-01-11 00:00:00+09:00,9000.0,9210.0,8960.0,9060.0,107821,0.0,0.0
2023-01-12 00:00:00+09:00,9210.0,9210.0,8930.0,8930.0,83041,0.0,0.0
2023-01-13 00:00:00+09:00,9150.0,9410.0,9080.0,9380.0,235156,0.0,0.0
2023-01-16 00:00:00+09:00,9440.0,10650.0,9290.0,10350.0,1287755,0.0,0.0
2023-01-17 00:00:00+09:00,10400.0,11200.0,10300.0,10450.0,865143,0.0,0.0
2023-01-18 00:00:00+09:00,11100.0,11700.0,10950.0,11400.0,917603,0.0,0.0
2023-01-19 00:00:00+09:00,11500.0,11850.0,11200.0,11300.0,461453,0.0,0.0
2023-01-20 00:00:00+09:00,11300.0,11750.0,11150.0,11550.0,305185,0.0,0.0
2023-01-25 00:00:00+09:00,11740.0,12350.0,11530.0,11930.0,3612,0.0,0.0
2023-01-26 00:00:00+09:00,11930.0,12230.0,10870.0,11180.0,4019,0.0,0.0
2023-01-27 00:00:00+09:00,11200.0,13610.0,10760.0,11160.0,41124,0.0,0.0
2023-01-30 00:00:00+09:00,12420.0,12490.0,11840.0,12390.0,21033,0.0,0.0
2023-01-31 00:00:00+09:00,12100.0,12750.0,11700.0,12180.0,8774,0.0,0.0
2023-02-01 00:00:00+09:00,12290.0,12400.0,11580.0,11720.0,5463,0.0,0.0
2023-02-02 00:00:00+09:00,11730.0,12360.0,11700.0,11990.0,2814,0.0,0.0
2023-02-03 00:00:00+09:00,12050.0,12770.0,11900.0,12600.0,19800,0.0,0.0
2023-02-06 00:00:00+09:00,12730.0,12740.0,12010.0,12630.0,6286,0.0,0.0
2023-02-07 00:00:00+09:00,12050.0,13150.0,12050.0,12900.0,17180,0.0,0.0
2023-02-08 00:00:00+09:00,13240.0,13430.0,12780.0,13060.0,7948,0.0,0.0
2023-02-09 00:00:00+09:00,12810.0,13730.0,12500.0,12910.0,7668,0.0,0.0
2023-02-10 00:00:00+09:00,13040.0,13180.0,12500.0,12740.0,8001,0.0,0.0
2023-02-13 00:00:00+09:00,13090.0,15430.0,13090.0,13630.0,17954,0.0,0.0
2023-02-14 00:00:00+09:00,13460.0,13920.0,13220.0,13260.0,10886,0.0,0.0
2023-02-15 00:00:00+09:00,13180.0,13530.0,12350.0,12360.0,10440,0.0,0.0
2023-02-16 00:00:00+09:00,12530.0,12610.0,12090.0,12270.0,2691,0.0,0.0
2023-02-17 00:00:00+09:00,12130.0,13520.0,12110.0,12470.0,8299,0.0,0.0
2023-02-20 00:00:00+09:00,12560.0,13330.0,12420.0,12610.0,4171,0.0,0.0
2023-02-21 00:00:00+09:00,12700.0,12710.0,12210.0,12400.0,3154,0.0,0.0
2023-02-22 00:00:00+09:00,12050.0,12150.0,11500.0,11600.0,4102,0.0,0.0
2023-02-23 00:00:00+09:00,11750.0,12300.0,11710.0,11960.0,3214,0.0,0.0
2023-02-24 00:00:00+09:00,12080.0,12840.0,12070.0,12310.0,4696,0.0,0.0
2023-02-27 00:00:00+09:00,12460.0,12740.0,12250.0,12330.0,323321,0.0,0.0
2023-02-28 00:00:00+09:00,12410.0,12530.0,11980.0,12380.0,254646,0.0,0.0
2023-03-02 00:00:00+09:00,12370.0,12370.0,11540.0,11580.0,306254,0.0,0.0
2023-03-03 00:00:00+09:00,11670.0,11950.0,11590.0,11780.0,124813,0.0,0.0
2023-03-06 00:00:00+09:00,11780.0,11950.0,11370.0,11770.0,136390,0.0,0.0
2023-03-07 00:00:00+09:00,11660.0,11750.0,11260.0,11300.0,146309,0.0,0.0
2023-03-08 00:00:00+09:00,11270.0,11270.0,10970.0,11070.0,94042,0.0,0.0
2023-03-09 00:00:00+09:00,11150.0,11370.0,10880.0,11280.0,96499,0.0,0.0
2023-03-10 00:00:00+09:00,11200.0,11200.0,10660.0,10810.0,123133,0.0,0.0
2023-03-13 00:00:00+09:00,10780.0,10800.0,10310.0,10750.0,95257,0.0,0.0
2023-03-14 00:00:00+09:00,10890.0,10890.0,10200.0,10240.0,101418,0.0,0.0
2023-03-15 00:00:00+09:00,10350.0,12440.0,10350.0,10850.0,5789181,0.0,0.0
2023-03-16 00:00:00+09:00,11150.0,11500.0,10810.0,10810.0,727867,0.0,0.0
2023-03-17 00:00:00+09:00,11070.0,11270.0,10840.0,10880.0,436961,0.0,0.0
2023-03-20 00:00:00+09:00,10750.0,11050.0,10560.0,10750.0,214292,0.0,0.0
2023-03-21 00:00:00+09:00,10760.0,10980.0,10510.0,10510.0,246329,0.0,0.0
2023-03-22 00:00:00+09:00,10750.0,10900.0,10610.0,10820.0,171803,0.0,0.0
2023-03-23 00:00:00+09:00,10700.0,10930.0,10570.0,10640.0,165882,0.0,0.0
2023-03-24 00:00:00+09:00,10770.0,11050.0,10730.0,10940.0,162100,0.0,0.0
2023-03-27 00:00:00+09:00,11030.0,11120.0,10610.0,10710.0,136209,0.0,0.0
2023-03-28 00:00:00+09:00,10770.0,11090.0,10690.0,11080.0,149473,0.0,0.0
2023-03-29 00:00:00+09:00,11060.0,11060.0,10750.0,10930.0,115644,0.0,0.0
2023-03-30 00:00:00+09:00,10950.0,11030.0,10790.0,10870.0,86261,0.0,0.0
2023-03-31 00:00:00+09:00,10880.0,10900.0,10270.0,10310.0,247549,0.0,0.0
2023-04-03 00:00:00+09:00,10350.0,10590.0,10300.0,10580.0,74611,0.0,0.0
2023-04-04 00:00:00+09:00,10610.0,10890.0,10600.0,10770.0,105004,0.0,0.0
2023-04-05 00:00:00+09:00,10770.0,10810.0,10580.0,10620.0,62653,0.0,0.0
2023-04-06 00:00:00+09:00,10640.0,10640.0,10290.0,10630.0,96635,0.0,0.0
2023-04-07 00:00:00+09:00,10630.0,10680.0,10410.0,10420.0,62640,0.0,0.0
2023-04-10 00:00:00+09:00,10320.0,10390.0,9950.0,10100.0,135508,0.0,0.0
2023-04-11 00:00:00+09:00,10100.0,10250.0,10020.0,10240.0,49553,0.0,0.0
2023-04-12 00:00:00+09:00,10170.0,10390.0,10010.0,10190.0,56595,0.0,0.0
2023-04-13 00:00:00+09:00,10060.0,10520.0,10010.0,10500.0,113285,0.0,0.0
2023-04-14 00:00:00+09:00,10640.0,10740.0,10400.0,10570.0,82855,0.0,0.0
2023-04-17 00:00:00+09:00,10660.0,11050.0,10660.0,10730.0,136618,0.0,0.0
2023-04-18 00:00:00+09:00,10790.0,10810.0,10410.0,10780.0,70505,0.0,0.0
2023-04-19 00:00:00+09:00,10780.0,10930.0,10660.0,10930.0,76383,0.0,0.0
2023-04-20 00:00:00+09:00,10840.0,10880.0,10450.0,10620.0,63414,0.0,0.0
2023-04-21 00:00:00+09:00,10600.0,10800.0,9950.0,10520.0,66778,0.0,0.0
2023-04-24 00:00:00+09:00,10420.0,10820.0,10360.0,10670.0,75262,0.0,0.0
2023-04-25 00:00:00+09:00,10670.0,10770.0,10320.0,10380.0,50295,0.0,0.0
2023-04-26 00:00:00+09:00,10380.0,10990.0,10350.0,10610.0,115696,0.0,0.0
2023-04-27 00:00:00+09:00,10960.0,10970.0,10270.0,10900.0,88649,0.0,0.0
2023-04-28 00:00:00+09:00,11000.0,11300.0,10800.0,11250.0,192913,0.0,0.0
2023-05-02 00:00:00+09:00,11450.0,14620.0,11210.0,13200.0,4592242,0.0,0.0
2023-05-03 00:00:00+09:00,12960.0,12960.0,12270.0,12270.0,549204,0.0,0.0
2023-05-04 00:00:00+09:00,12250.0,12420.0,11490.0,11540.0,459630,0.0,0.0
2023-05-08 00:00:00+09:00,11590.0,11870.0,11250.0,11300.0,288416,0.0,0.0
2023-05-09 00:00:00+09:00,11320.0,11540.0,11060.0,11450.0,154705,0.0,0.0
2023-05-10 00:00:00+09:00,11290.0,11390.0,11080.0,11250.0,115746,0.0,0.0
2023-05-11 00:00:00+09:00,11300.0,11670.0,11130.0,11330.0,193413,0.0,0.0
2023-05-12 00:00:00+09:00,11300.0,11300.0,10800.0,11140.0,144374,0.0,0.0
2023-05-15 00:00:00+09:00,11060.0,11380.0,10880.0,11110.0,105177,0.0,0.0
2023-05-16 00:00:00+09:00,11020.0,11210.0,10940.0,11190.0,56092,0.0,0.0
2023-05-17 00:00:00+09:00,11130.0,11550.0,11070.0,11500.0,87495,0.0,0.0
2023-05-18 00:00:00+09:00,11680.0,11770.0,11560.0,11700.0,85335,0.0,0.0
2023-05-19 00:00:00+09:00,11800.0,12800.0,11720.0,11850.0,452189,0.0,0.0
2023-05-22 00:00:00+09:00,12100.0,12460.0,11980.0,12100.0,252092,0.0,0.0
2023-05-23 00:00:00+09:00,12400.0,15730.0,11980.0,14780.0,11046266,0.0,0.0
2023-05-24 00:00:00+09:00,15750.0,17580.0,15560.0,16100.0,9390203,0.0,0.0
2023-05-25 00:00:00+09:00,16210.0,16850.0,15680.0,15760.0,1793657,0.0,0.0
2023-05-26 00:00:00+09:00,16510.0,17680.0,15650.0,16500.0,3779449,0.0,0.0
2023-05-30 00:00:00+09:00,16120.0,16910.0,15850.0,16280.0,858580,0.0,0.0
2023-05-31 00:00:00+09:00,16140.0,16230.0,15070.0,15700.0,676445,0.0,0.0
2023-06-01 00:00:00+09:00,15520.0,15720.0,15100.0,15420.0,352706,0.0,0.0
2023-06-02 00:00:00+09:00,15420.0,15880.0,15090.0,15170.0,370385,0.0,0.0
2023-06-05 00:00:00+09:00,15210.0,16490.0,14840.0,15960.0,829988,0.0,0.0
2023-06-07 00:00:00+09:00,16090.0,20000.0,15990.0,18600.0,10497306,0.0,0.0
2023-06-08 00:00:00+09:00,18030.0,18300.0,17000.0,17440.0,1724668,0.0,0.0
2023-06-09 00:00:00+09:00,17520.0,17630.0,16830.0,16830.0,1251128,0.0,0.0
2023-06-12 00:00:00+09:00,16650.0,16940.0,16400.0,16400.0,584452,0.0,0.0
2023-06-13 00:00:00+09:00,16450.0,17200.0,16380.0,16850.0,850042,0.0,0.0
2023-06-14 00:00:00+09:00,16890.0,17340.0,16170.0,16290.0,659699,0.0,0.0
2023-06-15 00:00:00+09:00,16290.0,16550.0,16030.0,16050.0,315927,0.0,0.0
2023-06-16 00:00:00+09:00,17120.0,18240.0,16530.0,16810.0,2862081,0.0,0.0
2023-06-19 00:00:00+09:00,16600.0,16720.0,16000.0,16000.0,418634,0.0,0.0
2023-06-20 00:00:00+09:00,16070.0,16170.0,15140.0,15410.0,431347,0.0,0.0
2023-06-21 00:00:00+09:00,15360.0,15560.0,15090.0,15440.0,264649,0.0,0.0
2023-06-22 00:00:00+09:00,15340.0,15880.0,15120.0,15150.0,216109,0.0,0.0
2023-06-23 00:00:00+09:00,15200.0,16070.0,15200.0,15720.0,304722,0.0,0.0
2023-06-26 00:00:00+09:00,15450.0,15990.0,15280.0,15540.0,259534,0.0,0.0
2023-06-27 00:00:00+09:00,15530.0,16100.0,15210.0,16010.0,336470,0.0,0.0
2023-06-28 00:00:00+09:00,16600.0,16600.0,15400.0,15400.0,496887,0.0,0.0
2023-06-29 00:00:00+09:00,15250.0,15790.0,14270.0,14430.0,510380,0.0,0.0
2023-06-30 00:00:00+09:00,14500.0,14880.0,13960.0,14040.0,366452,0.0,0.0
2023-07-03 00:00:00+09:00,13950.0,14340.0,13780.0,14000.0,173336,0.0,0.0
2023-07-04 00:00:00+09:00,14040.0,14220.0,13760.0,13760.0,178362,0.0,0.0
2023-07-05 00:00:00+09:00,13850.0,14200.0,13590.0,13690.0,207284,0.0,0.0
2023-07-06 00:00:00+09:00,13720.0,13770.0,13100.0,13160.0,224203,0.0,0.0
2023-07-07 00:00:00+09:00,13270.0,13500.0,12940.0,12970.0,116175,0.0,0.0
2023-07-10 00:00:00+09:00,12950.0,13350.0,12920.0,13000.0,150461,0.0,0.0
2023-07-11 00:00:00+09:00,13000.0,13330.0,13000.0,13200.0,89214,0.0,0.0
2023-07-12 00:00:00+09:00,13350.0,13350.0,12900.0,13160.0,96039,0.0,0.0
2023-07-13 00:00:00+09:00,13330.0,13650.0,13270.0,13400.0,173784,0.0,0.0
2023-07-14 00:00:00+09:00,13410.0,13670.0,12970.0,12970.0,150370,0.0,0.0
2023-07-17 00:00:00+09:00,13010.0,14070.0,13010.0,13780.0,356990,0.0,0.0
2023-07-18 00:00:00+09:00,13850.0,13850.0,13110.0,13410.0,143203,0.0,0.0
2023-07-19 00:00:00+09:00,15160.0,15970.0,14200.0,15250.0,2350607,0.0,0.0
2023-07-20 00:00:00+09:00,15100.0,15500.0,14130.0,14270.0,468603,0.0,0.0
2023-07-21 00:00:00+09:00,14250.0,15070.0,14200.0,14320.0,514789,0.0,0.0
2023-07-24 00:00:00+09:00,14360.0,14600.0,13230.0,13600.0,313132,0.0,0.0
2023-07-25 00:00:00+09:00,13630.0,13740.0,13250.0,13330.0,174189,0.0,0.0
2023-07-26 00:00:00+09:00,13010.0,13200.0,12060.0,12160.0,413051,0.0,0.0
2023-07-27 00:00:00+09:00,11930.0,12630.0,11930.0,12330.0,155301,0.0,0.0
2023-07-28 00:00:00+09:00,12110.0,13140.0,12110.0,13000.0,203876,0.0,0.0
2023-07-31 00:00:00+09:00,13070.0,14080.0,12950.0,13780.0,229240,0.0,0.0
2023-08-01 00:00:00+09:00,13840.0,17430.0,13840.0,17370.0,4041066,0.0,0.0
2023-08-02 00:00:00+09:00,17190.0,17280.0,15500.0,16600.0,919995,0.0,0.0
2023-08-03 00:00:00+09:00,16520.0,19810.0,16100.0,17950.0,6035065,0.0,0.0
2023-08-04 00:00:00+09:00,17470.0,18120.0,16750.0,17240.0,1073807,0.0,0.0
2023-08-07 00:00:00+09:00,17500.0,18620.0,17000.0,17240.0,1875281,0.0,0.0
2023-08-08 00:00:00+09:00,17890.0,19300.0,16820.0,17310.0,2266088,0.0,0.0
2023-08-09 00:00:00+09:00,17140.0,17650.0,16850.0,17150.0,414236,0.0,0.0
2023-08-10 00:00:00+09:00,16950.0,17430.0,16460.0,17150.0,480276,0.0,0.0
2023-08-11 00:00:00+09:00,17150.0,18830.0,16960.0,17770.0,1524148,0.0,0.0
2023-08-14 00:00:00+09:00,17770.0,18120.0,17050.0,17050.0,518530,0.0,0.0
2023-08-16 00:00:00+09:00,17170.0,17540.0,15980.0,15980.0,482243,0.0,0.0
2023-08-17 00:00:00+09:00,15830.0,16100.0,15240.0,15530.0,332051,0.0,0.0
2023-08-18 00:00:00+09:00,15400.0,15630.0,15070.0,15080.0,203322,0.0,0.0
2023-08-21 00:00:00+09:00,15090.0,16050.0,15080.0,15790.0,221956,0.0,0.0
2023-08-22 00:00:00+09:00,16000.0,16350.0,15650.0,16070.0,209296,0.0,0.0
2023-08-23 00:00:00+09:00,15810.0,16300.0,15600.0,15730.0,140072,0.0,0.0
2023-08-24 00:00:00+09:00,16200.0,16750.0,15850.0,16350.0,305486,0.0,0.0
2023-08-25 00:00:00+09:00,15830.0,16300.0,15500.0,15580.0,231347,0.0,0.0
2023-08-28 00:00:00+09:00,15640.0,15890.0,15000.0,15460.0,114903,0.0,0.0
2023-08-29 00:00:00+09:00,16240.0,16980.0,14800.0,15920.0,1224170,0.0,0.0
2023-08-30 00:00:00+09:00,16080.0,17070.0,15900.0,16930.0,1149622,0.0,0.0
2023-08-31 00:00:00+09:00,16930.0,17130.0,16560.0,16850.0,322369,0.0,0.0
2023-09-01 00:00:00+09:00,17100.0,17530.0,16400.0,16440.0,404803,0.0,0.0
2023-09-04 00:00:00+09:00,16390.0,17100.0,16250.0,16670.0,268538,0.0,0.0
2023-09-05 00:00:00+09:00,16670.0,16790.0,16330.0,16750.0,128146,0.0,0.0
2023-09-06 00:00:00+09:00,16980.0,17720.0,16620.0,17430.0,612000,0.0,0.0
2023-09-07 00:00:00+09:00,17430.0,17450.0,16200.0,16510.0,467466,0.0,0.0
2023-09-08 00:00:00+09:00,16530.0,16750.0,16220.0,16520.0,152281,0.0,0.0
2023-09-11 00:00:00+09:00,16710.0,19620.0,16500.0,19620.0,3783415,0.0,0.0
2023-09-12 00:00:00+09:00,18320.0,18380.0,16850.0,17030.0,1239943,0.0,0.0
2023-09-13 00:00:00+09:00,16800.0,16970.0,15930.0,15930.0,494970,0.0,0.0
2023-09-14 00:00:00+09:00,16050.0,16580.0,16020.0,16230.0,210852,0.0,0.0
2023-09-15 00:00:00+09:00,16230.0,18320.0,16130.0,16230.0,2355232,0.0,0.0
2023-09-18 00:00:00+09:00,16050.0,16120.0,15300.0,15530.0,357489,0.0,0.0
2023-09-19 00:00:00+09:00,15540.0,15940.0,15280.0,15280.0,189911,0.0,0.0
2023-09-20 00:00:00+09:00,15150.0,15520.0,15150.0,15410.0,94670,0.0,0.0
2023-09-21 00:00:00+09:00,15130.0,15910.0,15130.0,15710.0,163743,0.0,0.0
2023-09-22 00:00:00+09:00,15400.0,16900.0,15230.0,15610.0,819419,0.0,0.0
2023-09-25 00:00:00+09:00,15590.0,16680.0,15510.0,16510.0,422282,0.0,0.0
2023-09-26 00:00:00+09:00,16510.0,17400.0,16030.0,16220.0,1153392,0.0,0.0
2023-09-27 00:00:00+09:00,15940.0,16990.0,15830.0,16700.0,312346,0.0,0.0
2023-10-04 00:00:00+09:00,16440.0,16760.0,16150.0,16190.0,208024,0.0,0.0
2023-10-05 00:00:00+09:00,16370.0,16450.0,15300.0,15450.0,301739,0.0,0.0
2023-10-06 00:00:00+09:00,15200.0,15900.0,15200.0,15780.0,129021,0.0,0.0
2023-10-10 00:00:00+09:00,15700.0,15860.0,15150.0,15220.0,153610,0.0,0.0
2023-10-11 00:00:00+09:00,15430.0,15450.0,14560.0,14680.0,328866,0.0,0.0
2023-10-12 00:00:00+09:00,14580.0,14840.0,14580.0,14610.0,109097,0.0,0.0
2023-10-13 00:00:00+09:00,14630.0,15000.0,14050.0,14190.0,197046,0.0,0.0
2023-10-16 00:00:00+09:00,14040.0,14100.0,13400.0,13610.0,176271,0.0,0.0
2023-10-17 00:00:00+09:00,13700.0,13900.0,13650.0,13690.0,72631,0.0,0.0
2023-10-18 00:00:00+09:00,13550.0,14480.0,13270.0,13510.0,309258,0.0,0.0
2023-10-19 00:00:00+09:00,13290.0,13670.0,12620.0,12620.0,263312,0.0,0.0
2023-10-20 00:00:00+09:00,12470.0,12620.0,12100.0,12210.0,140805,0.0,0.0
2023-10-23 00:00:00+09:00,12040.0,12600.0,12040.0,12260.0,90222,0.0,0.0
2023-10-24 00:00:00+09:00,12430.0,13120.0,12050.0,13070.0,179659,0.0,0.0
2023-10-25 00:00:00+09:00,13830.0,14170.0,13070.0,13170.0,291542,0.0,0.0
2023-10-26 00:00:00+09:00,12880.0,13220.0,12520.0,13200.0,102047,0.0,0.0
2023-10-27 00:00:00+09:00,13210.0,13430.0,13000.0,13240.0,72019,0.0,0.0
2023-10-30 00:00:00+09:00,13370.0,13640.0,13300.0,13520.0,68658,0.0,0.0
2023-10-31 00:00:00+09:00,13800.0,13980.0,13170.0,13190.0,101074,0.0,0.0
2023-11-01 00:00:00+09:00,13450.0,13530.0,13140.0,13150.0,39701,0.0,0.0
2023-11-02 00:00:00+09:00,13300.0,14180.0,13300.0,13930.0,156000,0.0,0.0
2023-11-03 00:00:00+09:00,14190.0,14460.0,13810.0,14300.0,150508,0.0,0.0
2023-11-06 00:00:00+09:00,14470.0,14650.0,14000.0,14590.0,125189,0.0,0.0
2023-11-07 00:00:00+09:00,14480.0,15000.0,14270.0,14500.0,123071,0.0,0.0
2023-11-08 00:00:00+09:00,14580.0,14800.0,14160.0,14180.0,94081,0.0,0.0
2023-11-09 00:00:00+09:00,14220.0,14700.0,14150.0,14560.0,127604,0.0,0.0
2023-11-10 00:00:00+09:00,14400.0,14480.0,12960.0,13270.0,200109,0.0,0.0
2023-11-13 00:00:00+09:00,13700.0,13890.0,13360.0,13400.0,85663,0.0,0.0
2023-11-14 00:00:00+09:00,13400.0,13930.0,13400.0,13750.0,51132,0.0,0.0
2023-11-15 00:00:00+09:00,14250.0,14450.0,13880.0,14050.0,104353,0.0,0.0
2023-11-16 00:00:00+09:00,14180.0,14300.0,13870.0,13980.0,73022,0.0,0.0
2023-11-17 00:00:00+09:00,14220.0,14270.0,13370.0,13510.0,132208,0.0,0.0
2023-11-20 00:00:00+09:00,13510.0,14240.0,13480.0,13930.0,187145,0.0,0.0
2023-11-21 00:00:00+09:00,16090.0,16600.0,14610.0,14740.0,2903984,0.0,0.0
2023-11-22 00:00:00+09:00,14400.0,14450.0,14130.0,14230.0,293563,0.0,0.0
2023-11-23 00:00:00+09:00,14300.0,14830.0,14230.0,14230.0,349697,0.0,0.0
2023-11-24 00:00:00+09:00,14200.0,14450.0,14130.0,14210.0,129964,0.0,0.0
2023-11-27 00:00:00+09:00,14390.0,14390.0,13730.0,13730.0,165051,0.0,0.0
2023-11-28 00:00:00+09:00,13790.0,13950.0,13650.0,13790.0,93813,0.0,0.0
2023-11-29 00:00:00+09:00,13800.0,14360.0,13700.0,14100.0,164672,0.0,0.0
2023-11-30 00:00:00+09:00,14000.0,14250.0,13870.0,14100.0,117698,0.0,0.0
2023-12-01 00:00:00+09:00,14000.0,14320.0,13870.0,14140.0,97074,0.0,0.0
2023-12-04 00:00:00+09:00,14190.0,14200.0,13700.0,13760.0,122559,0.0,0.0
2023-12-05 00:00:00+09:00,13670.0,13700.0,13100.0,13130.0,128737,0.0,0.0
2023-12-06 00:00:00+09:00,13200.0,13420.0,12940.0,13420.0,68962,0.0,0.0
2023-12-07 00:00:00+09:00,13260.0,13540.0,13220.0,13330.0,44843,0.0,0.0
2023-12-08 00:00:00+09:00,13600.0,13650.0,13280.0,13320.0,63230,0.0,0.0
2023-12-11 00:00:00+09:00,13300.0,13400.0,13220.0,13300.0,37852,0.0,0.0
2023-12-12 00:00:00+09:00,13210.0,13610.0,13100.0,13480.0,81592,0.0,0.0
2023-12-13 00:00:00+09:00,13500.0,14170.0,13300.0,14040.0,230527,0.0,0.0
2023-12-14 00:00:00+09:00,14080.0,14350.0,13860.0,14080.0,141707,0.0,0.0
2023-12-15 00:00:00+09:00,14150.0,14210.0,13880.0,13980.0,83443,0.0,0.0
2023-12-18 00:00:00+09:00,14030.0,14260.0,14020.0,14070.0,82557,0.0,0.0
2023-12-19 00:00:00+09:00,14040.0,14120.0,13750.0,13800.0,66191,0.0,0.0
2023-12-20 00:00:00+09:00,13990.0,14240.0,13760.0,13840.0,80815,0.0,0.0
2023-12-21 00:00:00+09:00,13780.0,14100.0,13690.0,13920.0,57883,0.0,0.0
2023-12-22 00:00:00+09:00,14000.0,14540.0,14000.0,14200.0,189618,0.0,0.0
2023-12-26 00:00:00+09:00,14200.0,14850.0,14080.0,14600.0,204373,0.0,0.0
2023-12-27 00:00:00+09:00,14480.0,14950.0,14400.0,14720.0,162134,0.0,0.0
2023-12-28 00:00:00+09:00,14900.0,14910.0,14500.0,14780.0,88378,0.0,0.0
2024-01-02 00:00:00+09:00,15030.0,15800.0,14910.0,15610.0,343657,0.0,0.0
2024-01-03 00:00:00+09:00,15250.0,15740.0,15210.0,15510.0,140584,0.0,0.0
2024-01-04 00:00:00+09:00,15490.0,15590.0,14910.0,15190.0,122364,0.0,0.0
2024-01-05 00:00:00+09:00,15230.0,19740.0,15230.0,19740.0,4814096,0.0,0.0
2024-01-08 00:00:00+09:00,23000.0,25650.0,22100.0,25650.0,6325051,0.0,0.0
2024-01-09 00:00:00+09:00,24500.0,26700.0,23450.0,25750.0,4994134,0.0,0.0
2024-01-10 00:00:00+09:00,24950.0,25650.0,23050.0,25650.0,1724726,0.0,0.0
2024-01-11 00:00:00+09:00,25250.0,25850.0,23250.0,23800.0,914740,0.0,0.0
2024-01-12 00:00:00+09:00,23300.0,24000.0,22250.0,22700.0,714999,0.0,0.0
2024-01-15 00:00:00+09:00,24150.0,26600.0,23400.0,25550.0,1459400,0.0,0.0
2024-01-16 00:00:00+09:00,26000.0,26650.0,23800.0,25600.0,1061074,0.0,0.0
2024-01-17 00:00:00+09:00,25900.0,27600.0,24650.0,25550.0,1379193,0.0,0.0
2024-01-18 00:00:00+09:00,24750.0,31900.0,24300.0,30100.0,5224989,0.0,0.0
2024-01-19 00:00:00+09:00,31300.0,39100.0,30300.0,39100.0,4092225,0.0,0.0
2024-01-22 00:00:00+09:00,39100.0,39100.0,39100.0,39100.0,0,0.0,0.0
2024-01-23 00:00:00+09:00,43000.0,46000.0,37050.0,39100.0,5629990,0.0,0.0
2024-01-24 00:00:00+09:00,40900.0,41500.0,36450.0,40800.0,2553323,0.0,0.0
2024-01-25 00:00:00+09:00,39850.0,44500.0,38450.0,40850.0,2419608,0.0,0.0
2024-01-26 00:00:00+09:00,41650.0,48000.0,40100.0,47200.0,3298521,0.0,0.0
2024-01-29 00:00:00+09:00,46100.0,49800.0,36500.0,41300.0,3100218,0.0,0.0
2024-01-30 00:00:00+09:00,41400.0,44450.0,35650.0,44450.0,2677936,0.0,0.0
2024-01-31 00:00:00+09:00,41700.0,45700.0,32550.0,32900.0,5914225,0.0,0.0
2024-02-01 00:00:00+09:00,31400.0,32750.0,28950.0,31100.0,3841764,0.0,0.0
2024-02-02 00:00:00+09:00,32150.0,33800.0,29450.0,30750.0,3474489,0.0,0.0
2024-02-05 00:00:00+09:00,30700.0,32600.0,30350.0,30750.0,1581065,0.0,0.0
2024-02-06 00:00:00+09:00,31150.0,31600.0,26800.0,30100.0,2808648,0.0,0.0
2024-02-07 00:00:00+09:00,29600.0,31950.0,29350.0,30800.0,1227812,0.0,0.0
2024-02-08 00:00:00+09:00,31200.0,32600.0,30000.0,31600.0,1763506,0.0,0.0
2024-02-13 00:00:00+09:00,32050.0,34550.0,31200.0,32100.0,2702009,0.0,0.0
2024-02-14 00:00:00+09:00,31500.0,35400.0,31200.0,33800.0,2873550,0.0,0.0
2024-02-15 00:00:00+09:00,35100.0,36300.0,33150.0,34650.0,1699913,0.0,0.0
2024-02-16 00:00:00+09:00,33800.0,34700.0,31250.0,33950.0,1403245,0.0,0.0
2024-02-19 00:00:00+09:00,34300.0,36600.0,33400.0,33800.0,1988001,0.0,0.0
2024-02-20 00:00:00+09:00,32100.0,33050.0,31300.0,32100.0,903297,0.0,0.0
2024-02-21 00:00:00+09:00,31100.0,31450.0,29900.0,30500.0,848243,0.0,0.0
2024-02-22 00:00:00+09:00,31500.0,32450.0,30450.0,32200.0,816997,0.0,0.0
2024-02-23 00:00:00+09:00,32600.0,32800.0,30500.0,30700.0,535613,0.0,0.0
2024-02-26 00:00:00+09:00,30500.0,31350.0,29800.0,30700.0,317731,0.0,0.0
2024-02-27 00:00:00+09:00,30350.0,30500.0,29050.0,29700.0,496541,0.0,0.0
2024-02-28 00:00:00+09:00,29500.0,29850.0,27950.0,28200.0,546753,0.0,0.0
2024-02-29 00:00:00+09:00,28000.0,29450.0,27400.0,28800.0,667067,0.0,0.0
2024-03-04 00:00:00+09:00,28950.0,29450.0,27800.0,28750.0,418605,0.0,0.0
2024-03-05 00:00:00+09:00,28900.0,30950.0,27950.0,28100.0,843709,0.0,0.0
2024-03-06 00:00:00+09:00,28350.0,30350.0,27800.0,28750.0,747555,0.0,0.0
2024-03-07 00:00:00+09:00,29450.0,29950.0,28400.0,28950.0,428250,0.0,0.0
2024-03-08 00:00:00+09:00,29350.0,29500.0,27550.0,27550.0,460982,0.0,0.0
2024-03-11 00:00:00+09:00,27150.0,28000.0,26750.0,27700.0,267981,0.0,0.0
2024-03-12 00:00:00+09:00,28000.0,28000.0,26900.0,27150.0,249570,0.0,0.0
2024-03-13 00:00:00+09:00,27700.0,32000.0,27450.0,32000.0,2532785,0.0,0.0
2024-03-14 00:00:00+09:00,31350.0,31550.0,30150.0,31100.0,832601,0.0,0.0
2024-03-15 00:00:00+09:00,31600.0,31700.0,28250.0,28600.0,804907,0.0,0.0
2024-03-18 00:00:00+09:00,28100.0,28900.0,27250.0,28650.0,305995,0.0,0.0
2024-03-19 00:00:00+09:00,28900.0,28950.0,27400.0,27750.0,238943,0.0,0.0
2024-03-20 00:00:00+09:00,27950.0,28200.0,27350.0,27750.0,167818,0.0,0.0
2024-03-21 00:00:00+09:00,28400.0,28400.0,26550.0,27350.0,339474,0.0,0.0
2024-03-22 00:00:00+09:00,27000.0,27300.0,25850.0,25950.0,364275,0.0,0.0
2024-03-25 00:00:00+09:00,25950.0,27350.0,25650.0,26900.0,272971,0.0,0.0
2024-03-26 00:00:00+09:00,26700.0,27900.0,26500.0,27600.0,234126,0.0,0.0
2024-03-27 00:00:00+09:00,27350.0,27700.0,26550.0,27550.0,175956,0.0,0.0
2024-03-28 00:00:00+09:00,27550.0,29200.0,26950.0,28050.0,544282,0.0,0.0
2024-03-29 00:00:00+09:00,27750.0,28350.0,26550.0,27000.0,322683,0.0,0.0
2024-04-01 00:00:00+09:00,27000.0,28150.0,26600.0,27500.0,228821,0.0,0.0
2024-04-02 00:00:00+09:00,27500.0,27600.0,25100.0,25750.0,325127,0.0,0.0
2024-04-03 00:00:00+09:00,25050.0,25650.0,24450.0,25000.0,245215,0.0,0.0
2024-04-04 00:00:00+09:00,25350.0,25450.0,24750.0,25100.0,127605,0.0,0.0
2024-04-05 00:00:00+09:00,24650.0,25000.0,24100.0,24750.0,158406,0.0,0.0
2024-04-08 00:00:00+09:00,24900.0,24950.0,23800.0,24050.0,135270,0.0,0.0
2024-04-09 00:00:00+09:00,23900.0,24250.0,23400.0,23700.0,167267,0.0,0.0
2024-04-11 00:00:00+09:00,23300.0,23650.0,22600.0,23500.0,156015,0.0,0.0
2024-04-12 00:00:00+09:00,23800.0,25600.0,23250.0,24900.0,404083,0.0,0.0
2024-04-15 00:00:00+09:00,24250.0,24900.0,23550.0,24250.0,182193,0.0,0.0
2024-04-16 00:00:00+09:00,23700.0,24500.0,23300.0,24050.0,147726,0.0,0.0
2024-04-17 00:00:00+09:00,24650.0,25000.0,24150.0,24400.0,145184,0.0,0.0
2024-04-18 00:00:00+09:00,24650.0,25200.0,23700.0,24000.0,195634,0.0,0.0
2024-04-19 00:00:00+09:00,24100.0,24150.0,21850.0,22800.0,288638,0.0,0.0
2024-04-22 00:00:00+09:00,22500.0,23350.0,22300.0,23300.0,136041,0.0,0.0
2024-04-23 00:00:00+09:00,23250.0,24200.0,23100.0,23300.0,176664,0.0,0.0
2024-04-24 00:00:00+09:00,23400.0,24700.0,23400.0,24500.0,237657,0.0,0.0
2024-04-25 00:00:00+09:00,23850.0,24150.0,23500.0,23500.0,131514,0.0,0.0
2024-04-26 00:00:00+09:00,24350.0,25450.0,23300.0,23600.0,415424,0.0,0.0
2024-04-29 00:00:00+09:00,24100.0,24300.0,23700.0,23900.0,138634,0.0,0.0
2024-04-30 00:00:00+09:00,23850.0,24400.0,23350.0,23600.0,131028,0.0,0.0
2024-05-02 00:00:00+09:00,23450.0,23700.0,22600.0,23500.0,120346,0.0,0.0
2024-05-03 00:00:00+09:00,24000.0,25300.0,23600.0,24950.0,513667,0.0,0.0
2024-05-07 00:00:00+09:00,25900.0,26200.0,25000.0,25150.0,440343,0.0,0.0
2024-05-08 00:00:00+09:00,25150.0,26700.0,24750.0,26300.0,797939,0.0,0.0
2024-05-09 00:00:00+09:00,27400.0,31500.0,27100.0,28000.0,5929429,0.0,0.0
2024-05-10 00:00:00+09:00,27400.0,28400.0,26500.0,26950.0,951377,0.0,0.0
2024-05-13 00:00:00+09:00,27000.0,27350.0,25550.0,26150.0,666424,0.0,0.0
2024-05-14 00:00:00+09:00,26650.0,30000.0,26600.0,27850.0,4436103,0.0,0.0
2024-05-16 00:00:00+09:00,28750.0,30700.0,28300.0,28450.0,2269887,0.0,0.0
2024-05-17 00:00:00+09:00,28650.0,28700.0,27000.0,27600.0,747090,0.0,0.0
2024-05-20 00:00:00+09:00,27700.0,28750.0,27000.0,28750.0,704525,0.0,0.0
2024-05-21 00:00:00+09:00,28600.0,30350.0,27750.0,27850.0,1690428,0.0,0.0
2024-05-22 00:00:00+09:00,27500.0,27650.0,26000.0,26400.0,753846,0.0,0.0
2024-05-23 00:00:00+09:00,26350.0,27000.0,25550.0,25750.0,489262,0.0,0.0
2024-05-24 00:00:00+09:00,25550.0,25600.0,24200.0,24200.0,523355,0.0,0.0
2024-05-27 00:00:00+09:00,24200.0,24200.0,22450.0,22950.0,582380,0.0,0.0
2024-05-28 00:00:00+09:00,23550.0,24100.0,22700.0,23000.0,351892,0.0,0.0
2024-05-29 00:00:00+09:00,23050.0,23750.0,22550.0,22600.0,263403,0.0,0.0
2024-05-30 00:00:00+09:00,22250.0,22400.0,21150.0,21300.0,318366,0.0,0.0
2024-05-31 00:00:00+09:00,21100.0,21350.0,20500.0,21200.0,244525,0.0,0.0
2024-06-03 00:00:00+09:00,21700.0,21900.0,20800.0,21000.0,176911,0.0,0.0
2024-06-04 00:00:00+09:00,21200.0,23000.0,20700.0,22050.0,537215,0.0,0.0
2024-06-05 00:00:00+09:00,22100.0,23700.0,21800.0,21800.0,533466,0.0,0.0
2024-06-07 00:00:00+09:00,21950.0,22750.0,21850.0,22350.0,206825,0.0,0.0
2024-06-10 00:00:00+09:00,22500.0,23300.0,22450.0,23000.0,334120,0.0,0.0
2024-06-11 00:00:00+09:00,22600.0,23200.0,22250.0,22350.0,260050,0.0,0.0
2024-06-12 00:00:00+09:00,22600.0,23400.0,22400.0,22500.0,268065,0.0,0.0
2024-06-13 00:00:00+09:00,22550.0,22850.0,21700.0,21750.0,231379,0.0,0.0
2024-06-14 00:00:00+09:00,21750.0,22150.0,21050.0,21050.0,248299,0.0,0.0
2024-06-17 00:00:00+09:00,21100.0,21550.0,20700.0,20800.0,144471,0.0,0.0
2024-06-18 00:00:00+09:00,20800.0,21100.0,20100.0,20400.0,179153,0.0,0.0
2024-06-19 00:00:00+09:00,20550.0,20750.0,19830.0,19970.0,254430,0.0,0.0
2024-06-20 00:00:00+09:00,19860.0,20050.0,19270.0,19560.0,222654,0.0,0.0
2024-06-21 00:00:00+09:00,19500.0,19530.0,19060.0,19100.0,156756,0.0,0.0
2024-06-24 00:00:00+09:00,19120.0,19150.0,18570.0,18730.0,146846,0.0,0.0
2024-06-25 00:00:00+09:00,18350.0,19010.0,18350.0,19010.0,112538,0.0,0.0
2024-06-26 00:00:00+09:00,19010.0,19400.0,18460.0,18460.0,119235,0.0,0.0
2024-06-27 00:00:00+09:00,18460.0,18780.0,18120.0,18120.0,159341,0.0,0.0
2024-06-28 00:00:00+09:00,18200.0,18590.0,17770.0,18010.0,101308,0.0,0.0
2024-07-01 00:00:00+09:00,18020.0,18530.0,18020.0,18380.0,103361,0.0,0.0
2024-07-02 00:00:00+09:00,18500.0,18770.0,17880.0,18050.0,139627,0.0,0.0
2024-07-03 00:00:00+09:00,18020.0,18200.0,17560.0,17560.0,121815,0.0,0.0
2024-07-04 00:00:00+09:00,17520.0,17660.0,17180.0,17190.0,119426,0.0,0.0
2024-07-05 00:00:00+09:00,17190.0,17740.0,17180.0,17310.0,189239,0.0,0.0
2024-07-08 00:00:00+09:00,17210.0,17780.0,17190.0,17700.0,120965,0.0,0.0
2024-07-09 00:00:00+09:00,17720.0,17940.0,17430.0,17530.0,83866,0.0,0.0
2024-07-10 00:00:00+09:00,17520.0,17560.0,17200.0,17530.0,76319,0.0,0.0
2024-07-11 00:00:00+09:00,17650.0,18600.0,17530.0,17800.0,235456,0.0,0.0
2024-07-12 00:00:00+09:00,17830.0,18340.0,17470.0,17470.0,142553,0.0,0.0
2024-07-15 00:00:00+09:00,17470.0,17720.0,17200.0,17720.0,89708,0.0,0.0
2024-07-16 00:00:00+09:00,17630.0,18200.0,17240.0,17460.0,128529,0.0,0.0
2024-07-17 00:00:00+09:00,17480.0,17990.0,17000.0,17080.0,123581,0.0,0.0
2024-07-18 00:00:00+09:00,16940.0,16940.0,16110.0,16460.0,149934,0.0,0.0
2024-07-19 00:00:00+09:00,16370.0,16730.0,16180.0,16720.0,71200,0.0,0.0
2024-07-22 00:00:00+09:00,17080.0,17230.0,16110.0,16210.0,109497,0.0,0.0
2024-07-23 00:00:00+09:00,16210.0,16540.0,15870.0,16000.0,77610,0.0,0.0
2024-07-24 00:00:00+09:00,15810.0,16250.0,15540.0,15550.0,101306,0.0,0.0
2024-07-25 00:00:00+09:00,15160.0,15390.0,14900.0,15280.0,141514,0.0,0.0
2024-07-26 00:00:00+09:00,15270.0,15440.0,15000.0,15200.0,74215,0.0,0.0
2024-07-29 00:00:00+09:00,15200.0,15420.0,14960.0,15420.0,59039,0.0,0.0
2024-07-30 00:00:00+09:00,15280.0,15340.0,14800.0,15010.0,65416,0.0,0.0
2024-07-31 00:00:00+09:00,14840.0,15000.0,14400.0,14950.0,86497,0.0,0.0
2024-08-01 00:00:00+09:00,14980.0,15840.0,14980.0,15450.0,113658,0.0,0.0
2024-08-02 00:00:00+09:00,15200.0,15450.0,14260.0,14520.0,90690,0.0,0.0
2024-08-05 00:00:00+09:00,14000.0,14010.0,11220.0,11900.0,343004,0.0,0.0
2024-08-06 00:00:00+09:00,11900.0,12740.0,11810.0,12700.0,178083,0.0,0.0
2024-08-07 00:00:00+09:00,12700.0,13000.0,12390.0,12500.0,95628,0.0,0.0
2024-08-08 00:00:00+09:00,12280.0,12330.0,11860.0,12130.0,119845,0.0,0.0
2024-08-09 00:00:00+09:00,12350.0,13100.0,12350.0,12840.0,111984,0.0,0.0
2024-08-12 00:00:00+09:00,12850.0,13450.0,12850.0,13200.0,86414,0.0,0.0
2024-08-13 00:00:00+09:00,13400.0,13400.0,12610.0,12910.0,71608,0.0,0.0
2024-08-14 00:00:00+09:00,13110.0,13500.0,12950.0,13250.0,88330,0.0,0.0
2024-08-16 00:00:00+09:00,13320.0,13450.0,13010.0,13090.0,58684,0.0,0.0
2024-08-19 00:00:00+09:00,13010.0,13190.0,12610.0,12630.0,49641,0.0,0.0
2024-08-20 00:00:00+09:00,12670.0,15230.0,12670.0,14320.0,1285558,0.0,0.0
2024-08-21 00:00:00+09:00,14380.0,15700.0,14060.0,14810.0,1230716,0.0,0.0
2024-08-22 00:00:00+09:00,14810.0,15090.0,14200.0,14770.0,201245,0.0,0.0
2024-08-23 00:00:00+09:00,14350.0,14610.0,13730.0,13810.0,190721,0.0,0.0
2024-08-26 00:00:00+09:00,13800.0,14300.0,13750.0,13940.0,129321,0.0,0.0
2024-08-27 00:00:00+09:00,14950.0,16370.0,14860.0,15510.0,2870140,0.0,0.0
2024-08-28 00:00:00+09:00,15720.0,16800.0,14940.0,15040.0,1558835,0.0,0.0
2024-08-29 00:00:00+09:00,15180.0,15310.0,14130.0,14130.0,377126,0.0,0.0
2024-08-30 00:00:00+09:00,14550.0,15880.0,14550.0,15520.0,998814,0.0,0.0
2024-09-02 00:00:00+09:00,15860.0,16220.0,15200.0,15230.0,545759,0.0,0.0
2024-09-03 00:00:00+09:00,15220.0,15230.0,14730.0,14890.0,129343,0.0,0.0
2024-09-04 00:00:00+09:00,13980.0,14370.0,13410.0,13650.0,303968,0.0,0.0
2024-09-05 00:00:00+09:00,13950.0,15470.0,13920.0,14450.0,740354,0.0,0.0
2024-09-06 00:00:00+09:00,14150.0,14350.0,13020.0,13100.0,300427,0.0,0.0
2024-09-09 00:00:00+09:00,12800.0,13530.0,12460.0,13310.0,169616,0.0,0.0
2024-09-10 00:00:00+09:00,13310.0,13500.0,12680.0,12810.0,126572,0.0,0.0
2024-09-11 00:00:00+09:00,12820.0,13110.0,12510.0,12620.0,84459,0.0,0.0
2024-09-12 00:00:00+09:00,12860.0,14740.0,12860.0,13510.0,671491,0.0,0.0
2024-09-13 00:00:00+09:00,13760.0,13790.0,13200.0,13300.0,143911,0.0,0.0
2024-09-19 00:00:00+09:00,13390.0,13500.0,12880.0,13150.0,104796,0.0,0.0
2024-09-20 00:00:00+09:00,13400.0,13800.0,12940.0,12970.0,137984,0.0,0.0
2024-09-23 00:00:00+09:00,12980.0,13090.0,12550.0,12790.0,89892,0.0,0.0
2024-09-24 00:00:00+09:00,13100.0,13210.0,12700.0,12910.0,67256,0.0,0.0
2024-09-25 00:00:00+09:00,13210.0,15990.0,13100.0,14380.0,3156191,0.0,0.0
2024-09-26 00:00:00+09:00,14600.0,15410.0,14230.0,15300.0,676414,0.0,0.0
2024-09-27 00:00:00+09:00,15020.0,15390.0,14840.0,15210.0,328524,0.0,0.0
2024-09-30 00:00:00+09:00,15360.0,15380.0,14150.0,14290.0,244233,0.0,0.0
2024-10-02 00:00:00+09:00,13860.0,14120.0,13560.0,13950.0,145964,0.0,0.0
2024-10-04 00:00:00+09:00,14010.0,14190.0,13800.0,13920.0,91171,0.0,0.0
2024-10-07 00:00:00+09:00,14060.0,14760.0,13570.0,14750.0,211908,0.0,0.0
2024-10-08 00:00:00+09:00,14750.0,14750.0,14280.0,14330.0,94783,0.0,0.0
2024-10-10 00:00:00+09:00,14680.0,14840.0,13840.0,13860.0,134531,0.0,0.0
2024-10-11 00:00:00+09:00,13900.0,14130.0,13530.0,13650.0,79916,0.0,0.0
2024-10-14 00:00:00+09:00,13650.0,13670.0,13360.0,13620.0,75477,0.0,0.0
2024-10-15 00:00:00+09:00,13790.0,14200.0,13500.0,13700.0,118344,0.0,0.0
2024-10-16 00:00:00+09:00,13350.0,13570.0,13230.0,13290.0,98896,0.0,0.0
2024-10-17 00:00:00+09:00,12900.0,14300.0,12880.0,13020.0,258977,0.0,0.0
2024-10-18 00:00:00+09:00,13030.0,13170.0,12630.0,12630.0,97222,0.0,0.0
2024-10-21 00:00:00+09:00,12500.0,13210.0,12460.0,12970.0,80726,0.0,0.0
2024-10-22 00:00:00+09:00,12860.0,12970.0,12220.0,12220.0,90719,0.0,0.0
2024-10-23 00:00:00+09:00,12230.0,12630.0,12020.0,12470.0,62273,0.0,0.0
2024-10-24 00:00:00+09:00,12300.0,12340.0,12030.0,12080.0,47450,0.0,0.0
2024-10-25 00:00:00+09:00,12200.0,13400.0,11990.0,12160.0,174092,0.0,0.0
2024-10-28 00:00:00+09:00,12070.0,12640.0,12070.0,12500.0,45712,0.0,0.0
2024-10-29 00:00:00+09:00,12560.0,12690.0,12150.0,12440.0,47180,0.0,0.0
2024-10-30 00:00:00+09:00,12440.0,13380.0,12430.0,12940.0,227798,0.0,0.0
2024-10-31 00:00:00+09:00,12740.0,13140.0,12560.0,13090.0,116070,0.0,0.0
2024-11-01 00:00:00+09:00,12810.0,13000.0,12600.0,12710.0,56181,0.0,0.0
2024-11-04 00:00:00+09:00,12720.0,13210.0,12720.0,12870.0,81686,0.0,0.0
2024-11-05 00:00:00+09:00,12730.0,13140.0,12730.0,13060.0,54504,0.0,0.0
2024-11-06 00:00:00+09:00,13180.0,14070.0,13060.0,13540.0,477365,0.0,0.0
2024-11-07 00:00:00+09:00,13630.0,13920.0,13100.0,13770.0,171695,0.0,0.0
2024-11-08 00:00:00+09:00,13840.0,15800.0,13700.0,15370.0,1076594,0.0,0.0
2024-11-11 00:00:00+09:00,15100.0,15380.0,14560.0,14990.0,317923,0.0,0.0
2024-11-12 00:00:00+09:00,15000.0,15170.0,14130.0,14340.0,194058,0.0,0.0
2024-11-13 00:00:00+09:00,14200.0,15430.0,14130.0,14160.0,373571,0.0,0.0
2024-11-14 00:00:00+09:00,14500.0,15880.0,14310.0,15570.0,896730,0.0,0.0
2024-11-15 00:00:00+09:00,15570.0,17460.0,15370.0,16600.0,1689840,0.0,0.0
2024-11-18 00:00:00+09:00,16350.0,18270.0,16010.0,16400.0,1176150,0.0,0.0
2024-11-19 00:00:00+09:00,16850.0,17110.0,16340.0,16700.0,443723,0.0,0.0
2024-11-20 00:00:00+09:00,17110.0,17500.0,15540.0,15730.0,513534,0.0,0.0
2024-11-21 00:00:00+09:00,15460.0,15600.0,14360.0,14400.0,461389,0.0,0.0
2024-11-22 00:00:00+09:00,14470.0,16300.0,14470.0,15290.0,910820,0.0,0.0
2024-11-25 00:00:00+09:00,15410.0,16640.0,15290.0,16180.0,749890,0.0,0.0
2024-11-26 00:00:00+09:00,16300.0,17000.0,15890.0,16560.0,476879,0.0,0.0
2024-11-27 00:00:00+09:00,16940.0,21500.0,16220.0,21200.0,7979831,0.0,0.0
2024-11-28 00:00:00+09:00,20750.0,25400.0,20050.0,23000.0,9770724,0.0,0.0
2024-11-29 00:00:00+09:00,23350.0,25650.0,22800.0,24050.0,4605005,0.0,0.0
2024-12-02 00:00:00+09:00,23800.0,23800.0,22950.0,23450.0,622572,0.0,0.0
2024-12-03 00:00:00+09:00,23700.0,23950.0,23350.0,23850.0,326298,0.0,0.0
2024-12-04 00:00:00+09:00,23200.0,23200.0,21700.0,21850.0,730295,0.0,0.0
2024-12-05 00:00:00+09:00,22550.0,25150.0,20800.0,25150.0,7356409,0.0,0.0
2024-12-06 00:00:00+09:00,26900.0,27150.0,22350.0,23300.0,5085812,0.0,0.0
2024-12-09 00:00:00+09:00,22350.0,24100.0,21500.0,22800.0,3045496,0.0,0.0
2024-12-10 00:00:00+09:00,22650.0,24150.0,21700.0,23850.0,2956332,0.0,0.0
2024-12-11 00:00:00+09:00,24150.0,28550.0,23950.0,27500.0,9409331,0.0,0.0
2024-12-12 00:00:00+09:00,27250.0,27300.0,25900.0,26400.0,1762978,0.0,0.0
2024-12-13 00:00:00+09:00,26650.0,29300.0,26450.0,28300.0,5847663,0.0,0.0
2024-12-16 00:00:00+09:00,28750.0,28900.0,28000.0,28750.0,1280922,0.0,0.0
2024-12-17 00:00:00+09:00,29150.0,29150.0,27550.0,27600.0,1153950,0.0,0.0
2024-12-18 00:00:00+09:00,27150.0,27550.0,25300.0,25800.0,1218575,0.0,0.0
2024-12-19 00:00:00+09:00,24750.0,25100.0,24000.0,25050.0,1042182,0.0,0.0
2024-12-20 00:00:00+09:00,25000.0,25450.0,22750.0,23000.0,1155218,0.0,0.0
2024-12-23 00:00:00+09:00,23700.0,28500.0,23600.0,28050.0,8126559,0.0,0.0
2024-12-24 00:00:00+09:00,27750.0,27850.0,25350.0,26050.0,2155398,0.0,0.0
2024-12-26 00:00:00+09:00,25850.0,26800.0,24400.0,24400.0,1653399,0.0,0.0
2024-12-27 00:00:00+09:00,24100.0,24950.0,22300.0,22850.0,1095984,0.0,0.0
2024-12-30 00:00:00+09:00,22850.0,23700.0,22600.0,23150.0,517516,0.0,0.0
2025-01-02 00:00:00+09:00,23050.0,25350.0,22900.0,25200.0,971091,0.0,0.0
2025-01-03 00:00:00+09:00,25000.0,25800.0,24350.0,25750.0,834173,0.0,0.0
2025-01-06 00:00:00+09:00,26750.0,26800.0,24750.0,25750.0,1576353,0.0,0.0
2025-01-07 00:00:00+09:00,26000.0,26050.0,23800.0,24200.0,942753,0.0,0.0
2025-01-08 00:00:00+09:00,24150.0,24550.0,23450.0,23750.0,506238,0.0,0.0
2025-01-09 00:00:00+09:00,23350.0,24200.0,22700.0,23650.0,565969,0.0,0.0
2025-01-10 00:00:00+09:00,23550.0,23750.0,22900.0,23200.0,313103,0.0,0.0
2025-01-13 00:00:00+09:00,23000.0,23500.0,22550.0,22550.0,322725,0.0,0.0
2025-01-14 00:00:00+09:00,22700.0,23650.0,22300.0,22650.0,349991,0.0,0.0
2025-01-15 00:00:00+09:00,22850.0,23150.0,21600.0,21600.0,409050,0.0,0.0
2025-01-16 00:00:00+09:00,22200.0,22550.0,21900.0,22350.0,373054,0.0,0.0
2025-01-17 00:00:00+09:00,22400.0,22450.0,21100.0,21350.0,468919,0.0,0.0
2025-01-20 00:00:00+09:00,21450.0,23000.0,21050.0,22550.0,696045,0.0,0.0
2025-01-21 00:00:00+09:00,22400.0,23100.0,21700.0,22000.0,399476,0.0,0.0
2025-01-22 00:00:00+09:00,23300.0,23550.0,22750.0,22800.0,826179,0.0,0.0
2025-01-23 00:00:00+09:00,23300.0,23500.0,22100.0,22100.0,447765,0.0,0.0
2025-01-24 00:00:00+09:00,22350.0,22450.0,21500.0,21800.0,296525,0.0,0.0
2025-01-31 00:00:00+09:00,22900.0,24700.0,22450.0,24250.0,3136637,0.0,0.0
2025-02-03 00:00:00+09:00,25100.0,26350.0,24700.0,25500.0,3472528,0.0,0.0
2025-02-04 00:00:00+09:00,26000.0,26050.0,23900.0,24350.0,1441725,0.0,0.0
2025-02-05 00:00:00+09:00,25250.0,27250.0,25200.0,26200.0,2828017,0.0,0.0
2025-02-06 00:00:00+09:00,26150.0,26150.0,25100.0,25500.0,760547,0.0,0.0
2025-02-07 00:00:00+09:00,25700.0,25850.0,24150.0,24550.0,705459,0.0,0.0
2025-02-10 00:00:00+09:00,24250.0,26500.0,24050.0,25750.0,1274550,0.0,0.0
2025-02-11 00:00:00+09:00,26100.0,26350.0,25150.0,25250.0,645291,0.0,0.0
2025-02-12 00:00:00+09:00,25900.0,26950.0,24450.0,24600.0,1112296,0.0,0.0
2025-02-13 00:00:00+09:00,24900.0,25100.0,23900.0,24450.0,341441,0.0,0.0
2025-02-14 00:00:00+09:00,24450.0,24950.0,24000.0,24700.0,302648,0.0,0.0
2025-02-17 00:00:00+09:00,24750.0,25950.0,24250.0,25750.0,595875,0.0,0.0
2025-02-18 00:00:00+09:00,25750.0,26350.0,25350.0,25900.0,646875,0.0,0.0
2025-02-19 00:00:00+09:00,26100.0,26500.0,24900.0,24900.0,528505,0.0,0.0
2025-02-20 00:00:00+09:00,25450.0,26000.0,24600.0,24600.0,536201,0.0,0.0
2025-02-21 00:00:00+09:00,24600.0,26100.0,23450.0,23550.0,924598,0.0,0.0
2025-02-24 00:00:00+09:00,23000.0,23200.0,21550.0,22100.0,556887,0.0,0.0
2025-02-25 00:00:00+09:00,21600.0,22250.0,21150.0,21900.0,371574,0.0,0.0
2025-02-26 00:00:00+09:00,21750.0,22800.0,21650.0,21950.0,369396,0.0,0.0
2025-02-27 00:00:00+09:00,22050.0,23000.0,22050.0,22250.0,374514,0.0,0.0
2025-02-28 00:00:00+09:00,21550.0,21900.0,20800.0,20800.0,280369,0.0,0.0
2025-03-04 00:00:00+09:00,20150.0,20500.0,19300.0,19710.0,352476,0.0,0.0
2025-03-05 00:00:00+09:00,19710.0,20700.0,19710.0,20450.0,322389,0.0,0.0
2025-03-06 00:00:00+09:00,20600.0,20650.0,19610.0,19610.0,172661,0.0,0.0
2025-03-07 00:00:00+09:00,19310.0,19560.0,18190.0,18400.0,471778,0.0,0.0
2025-03-10 00:00:00+09:00,18200.0,18740.0,18200.0,18320.0,150307,0.0,0.0
2025-03-11 00:00:00+09:00,17380.0,18190.0,17380.0,18100.0,183136,0.0,0.0
2025-03-12 00:00:00+09:00,18300.0,18730.0,18060.0,18560.0,153719,0.0,0.0
2025-03-13 00:00:00+09:00,18630.0,19140.0,18510.0,18520.0,254327,0.0,0.0
2025-03-14 00:00:00+09:00,18380.0,18960.0,18270.0,18930.0,145565,0.0,0.0
2025-03-17 00:00:00+09:00,19120.0,19140.0,18660.0,18820.0,140844,0.0,0.0
2025-03-18 00:00:00+09:00,18830.0,19300.0,18830.0,18880.0,221338,0.0,0.0
2025-03-19 00:00:00+09:00,18880.0,19230.0,18260.0,18380.0,220190,0.0,0.0
2025-03-20 00:00:00+09:00,18380.0,18680.0,17890.0,17890.0,145404,0.0,0.0
2025-03-21 00:00:00+09:00,17710.0,18040.0,17500.0,17690.0,128970,0.0,0.0
2025-03-24 00:00:00+09:00,18200.0,18390.0,17680.0,18080.0,115396,0.0,0.0
2025-03-25 00:00:00+09:00,18100.0,18450.0,17500.0,17560.0,105835,0.0,0.0
2025-03-26 00:00:00+09:00,17630.0,18310.0,17530.0,18100.0,210844,0.0,0.0
2025-03-27 00:00:00+09:00,17860.0,17900.0,17440.0,17490.0,114856,0.0,0.0
2025-03-28 00:00:00+09:00,17310.0,17460.0,16680.0,16700.0,152279,0.0,0.0
2025-03-31 00:00:00+09:00,16220.0,16550.0,15900.0,16000.0,104904,0.0,0.0
2025-04-01 00:00:00+09:00,16100.0,16750.0,16100.0,16700.0,106323,0.0,0.0
2025-04-02 00:00:00+09:00,16900.0,16960.0,16200.0,16320.0,55640,0.0,0.0
2025-04-03 00:00:00+09:00,15620.0,16480.0,15620.0,16450.0,60569,0.0,0.0
2025-04-04 00:00:00+09:00,16120.0,16790.0,16090.0,16540.0,79572,0.0,0.0
2025-04-07 00:00:00+09:00,15900.0,20050.0,15440.0,18550.0,3462684,0.0,0.0
2025-04-08 00:00:00+09:00,18660.0,19750.0,18540.0,18920.0,1313703,0.0,0.0
2025-04-09 00:00:00+09:00,19980.0,20650.0,19330.0,18920.0,1348410,0.0,0.0
2025-04-10 00:00:00+09:00,20700.0,20700.0,19880.0,20150.0,395355,0.0,0.0
2025-04-11 00:00:00+09:00,21150.0,23250.0,20900.0,21450.0,2044873,0.0,0.0
2025-04-14 00:00:00+09:00,24400.0,26000.0,23100.0,23200.0,3099678,0.0,0.0
2025-04-15 00:00:00+09:00,24150.0,24200.0,22300.0,22800.0,611358,0.0,0.0
2025-04-16 00:00:00+09:00,23850.0,24100.0,22100.0,22300.0,520843,0.0,0.0
2025-04-17 00:00:00+09:00,22050.0,23200.0,21750.0,22350.0,441130,0.0,0.0
2025-04-18 00:00:00+09:00,22300.0,22300.0,21600.0,21950.0,215628,0.0,0.0
2025-04-21 00:00:00+09:00,22450.0,22550.0,21700.0,21700.0,191469,0.0,0.0
2025-04-22 00:00:00+09:00,21350.0,22350.0,20900.0,21100.0,232232,0.0,0.0
2025-04-23 00:00:00+09:00,21900.0,21900.0,20700.0,21100.0,276342,0.0,0.0
2025-04-24 00:00:00+09:00,21050.0,21500.0,20400.0,20400.0,259629,0.0,0.0
2025-04-25 00:00:00+09:00,20550.0,20750.0,20400.0,20550.0,99267,0.0,0.0
2025-04-28 00:00:00+09:00,20800.0,21000.0,19970.0,19970.0,162504,0.0,0.0
2025-04-29 00:00:00+09:00,20100.0,20650.0,19630.0,20150.0,148065,0.0,0.0
2025-04-30 00:00:00+09:00,20500.0,20550.0,19840.0,19890.0,95857,0.0,0.0
2025-05-02 00:00:00+09:00,19670.0,19840.0,19280.0,19370.0,100952,0.0,0.0
2025-05-07 00:00:00+09:00,19400.0,20400.0,19240.0,20200.0,134217,0.0,0.0
2025-05-08 00:00:00+09:00,20400.0,20600.0,20000.0,20350.0,167071,0.0,0.0
2025-05-09 00:00:00+09:00,20450.0,23600.0,19730.0,21900.0,2067521,0.0,0.0
2025-05-12 00:00:00+09:00,22000.0,22250.0,21350.0,21700.0,416192,0.0,0.0
2025-05-13 00:00:00+09:00,21600.0,21900.0,20700.0,20850.0,262379,0.0,0.0
2025-05-14 00:00:00+09:00,21100.0,21350.0,20650.0,20950.0,138641,0.0,0.0
2025-05-15 00:00:00+09:00,21100.0,21950.0,20850.0,21050.0,312369,0.0,0.0
2025-05-16 00:00:00+09:00,20850.0,20900.0,20100.0,20150.0,124250,0.0,0.0
2025-05-19 00:00:00+09:00,19800.0,20300.0,19610.0,19740.0,103890,0.0,0.0
2025-05-20 00:00:00+09:00,19930.0,20350.0,19930.0,20150.0,104917,0.0,0.0
2025-05-21 00:00:00+09:00,20250.0,20850.0,20050.0,20500.0,111895,0.0,0.0
2025-05-22 00:00:00+09:00,20050.0,20100.0,19590.0,19610.0,91379,0.0,0.0
2025-05-23 00:00:00+09:00,19790.0,19790.0,19100.0,19170.0,71812,0.0,0.0
2025-05-26 00:00:00+09:00,19170.0,19870.0,19170.0,19730.0,73984,0.0,0.0
2025-05-27 00:00:00+09:00,20350.0,20500.0,19510.0,19730.0,74684,0.0,0.0
2025-05-28 00:00:00+09:00,19850.0,19890.0,19520.0,19530.0,68864,0.0,0.0
2025-05-29 00:00:00+09:00,19660.0,19730.0,19340.0,19520.0,63296,0.0,0.0
2025-05-30 00:00:00+09:00,19520.0,19520.0,19100.0,19200.0,53487,0.0,0.0
2025-06-02 00:00:00+09:00,19320.0,20900.0,19300.0,20650.0,298987,0.0,0.0
2025-06-04 00:00:00+09:00,21500.0,21550.0,20500.0,21450.0,362644,0.0,0.0
2025-06-05 00:00:00+09:00,21200.0,21700.0,20750.0,21350.0,300976,0.0,0.0
2025-06-09 00:00:00+09:00,21900.0,22800.0,21650.0,22300.0,604049,0.0,0.0
2025-06-10 00:00:00+09:00,22550.0,22550.0,21500.0,21800.0,194801,0.0,0.0
2025-06-11 00:00:00+09:00,21400.0,21900.0,21000.0,21700.0,149903,0.0,0.0
2025-06-12 00:00:00+09:00,22000.0,22000.0,21250.0,21300.0,141141,0.0,0.0
2025-06-13 00:00:00+09:00,21900.0,22000.0,20500.0,20750.0,151281,0.0,0.0
2025-06-16 00:00:00+09:00,21500.0,21800.0,21150.0,21650.0,186888,0.0,0.0
2025-06-17 00:00:00+09:00,21900.0,21950.0,21400.0,21700.0,172726,0.0,0.0
2025-06-18 00:00:00+09:00,21800.0,24350.0,21500.0,24200.0,1217411,0.0,0.0
2025-06-19 00:00:00+09:00,25400.0,25450.0,23700.0,24550.0,590016,0.0,0.0
2025-06-20 00:00:00+09:00,24200.0,24600.0,23400.0,24100.0,472189,0.0,0.0
2025-06-23 00:00:00+09:00,24200.0,24625.0,23350.0,24400.0,462491,0.0,0.0
2025-06-24 00:00:00+09:00,24700.0,24750.0,23650.0,24350.0,278492,0.0,0.0
2025-06-25 00:00:00+09:00,24750.0,24950.0,23900.0,24700.0,324261,0.0,0.0
2025-06-26 00:00:00+09:00,24800.0,24800.0,22900.0,23300.0,255118,0.0,0.0
2025-06-27 00:00:00+09:00,23400.0,23400.0,22500.0,23000.0,163415,0.0,0.0
2025-06-30 00:00:00+09:00,23100.0,23150.0,22500.0,22600.0,78173,0.0,0.0
2025-07-01 00:00:00+09:00,22850.0,23000.0,22250.0,22250.0,101763,0.0,0.0
2025-07-02 00:00:00+09:00,22100.0,22300.0,21550.0,21750.0,92020,0.0,0.0
2025-07-03 00:00:00+09:00,21900.0,22100.0,21650.0,21950.0,71593,0.0,0.0
2025-07-04 00:00:00+09:00,21950.0,22350.0,21850.0,21950.0,92343,0.0,0.0
2025-07-07 00:00:00+09:00,22200.0,22900.0,22100.0,22600.0,108516,0.0,0.0
2025-07-08 00:00:00+09:00,22500.0,22800.0,22150.0,22250.0,69158,0.0,0.0
2025-07-09 00:00:00+09:00,22200.0,22300.0,21650.0,21850.0,58348,0.0,0.0
2025-07-10 00:00:00+09:00,22100.0,22400.0,21500.0,22000.0,108074,0.0,0.0
2025-07-11 00:00:00+09:00,21950.0,22050.0,21700.0,21700.0,48155,0.0,0.0
2025-07-14 00:00:00+09:00,22000.0,22000.0,21550.0,21550.0,51246,0.0,0.0
2025-07-15 00:00:00+09:00,21450.0,21750.0,21200.0,21700.0,66553,0.0,0.0
2025-07-16 00:00:00+09:00,21850.0,22000.0,21500.0,21900.0,57572,0.0,0.0
2025-07-17 00:00:00+09:00,21750.0,22150.0,21200.0,21800.0,72779,0.0,0.0
2025-07-18 00:00:00+09:00,21850.0,21850.0,21000.0,21600.0,75491,0.0,0.0
2025-07-21 00:00:00+09:00,21900.0,22300.0,21700.0,22000.0,71897,0.0,0.0
2025-07-22 00:00:00+09:00,22150.0,22150.0,21300.0,21350.0,78131,0.0,0.0
2025-07-23 00:00:00+09:00,21350.0,21400.0,20050.0,20350.0,106,0.0,0.0
2025-07-24 00:00:00+09:00,20450.0,20500.0,20000.0,20050.0,63645,0.0,0.0
2025-07-25 00:00:00+09:00,20000.0,20200.0,19720.0,19940.0,59438,0.0,0.0
2025-07-28 00:00:00+09:00,20200.0,20750.0,20050.0,20750.0,68043,0.0,0.0
2025-07-29 00:00:00+09:00,20600.0,20600.0,20200.0,20300.0,35237,0.0,0.0
2025-07-30 00:00:00+09:00,20750.0,21100.0,20550.0,20550.0,67786,0.0,0.0
2025-07-31 00:00:00+09:00,21350.0,21750.0,21000.0,21500.0,130571,0.0,0.0
2025-08-01 00:00:00+09:00,21400.0,21550.0,20400.0,20550.0,61842,0.0,0.0
2025-08-04 00:00:00+09:00,20400.0,23850.0,20100.0,21350.0,1412564,0.0,0.0
2025-08-05 00:00:00+09:00,21300.0,21400.0,20400.0,20650.0,174726,0.0,0.0
2025-08-06 00:00:00+09:00,20800.0,20850.0,20350.0,20550.0,65533,0.0,0.0
2025-08-07 00:00:00+09:00,20550.0,20950.0,20400.0,20500.0,56650,0.0,0.0
2025-08-08 00:00:00+09:00,20500.0,20600.0,20050.0,20050.0,76342,0.0,0.0
2025-08-11 00:00:00+09:00,19810.0,20700.0,19770.0,20150.0,86412,0.0,0.0
2025-08-12 00:00:00+09:00,20250.0,21200.0,20250.0,20700.0,115422,0.0,0.0
2025-08-13 00:00:00+09:00,21250.0,21300.0,20550.0,20800.0,60040,0.0,0.0
2025-08-14 00:00:00+09:00,20850.0,21050.0,20600.0,20850.0,42176,0.0,0.0
2025-08-18 00:00:00+09:00,20400.0,20600.0,20150.0,20200.0,44620,0.0,0.0
2025-08-19 00:00:00+09:00,20200.0,20400.0,19910.0,19910.0,44145,0.0,0.0
2025-08-20 00:00:00+09:00,19300.0,19500.0,19100.0,19210.0,60583,0.0,0.0
2025-08-21 00:00:00+09:00,19080.0,19340.0,19080.0,19110.0,48347,0.0,0.0
2025-08-22 00:00:00+09:00,19060.0,19570.0,19060.0,19570.0,42517,0.0,0.0
2025-08-25 00:00:00+09:00,19830.0,20400.0,19700.0,20250.0,58226,0.0,0.0
2025-08-26 00:00:00+09:00,20050.0,20400.0,19970.0,20200.0,46752,0.0,0.0
2025-08-27 00:00:00+09:00,20500.0,20500.0,20150.0,20250.0,35620,0.0,0.0
2025-08-28 00:00:00+09:00,20250.0,20250.0,20000.0,20000.0,31322,0.0,0.0
2025-08-29 00:00:00+09:00,20150.0,20400.0,19920.0,20050.0,37551,0.0,0.0
2025-09-01 00:00:00+09:00,20050.0,20100.0,19590.0,19590.0,38967,0.0,0.0
2025-09-02 00:00:00+09:00,19700.0,20200.0,19700.0,19910.0,35045,0.0,0.0
2025-09-03 00:00:00+09:00,19960.0,20100.0,19870.0,19950.0,23460,0.0,0.0
2025-09-04 00:00:00+09:00,20050.0,20450.0,19980.0,20200.0,34682,0.0,0.0
2025-09-05 00:00:00+09:00,20200.0,20450.0,20050.0,20200.0,23354,0.0,0.0
2025-09-08 00:00:00+09:00,20600.0,21050.0,20450.0,20750.0,73373,0.0,0.0
2025-09-09 00:00:00+09:00,20800.0,21000.0,20600.0,21000.0,58135,0.0,0.0
2025-09-10 00:00:00+09:00,21450.0,21500.0,20800.0,20900.0,72450,0.0,0.0
2025-09-11 00:00:00+09:00,21300.0,21500.0,20900.0,20950.0,76155,0.0,0.0
2025-09-12 00:00:00+09:00,21200.0,22350.0,20950.0,22250.0,373327,0.0,0.0
2025-09-15 00:00:00+09:00,23200.0,23250.0,22050.0,22200.0,200979,0.0,0.0
2025-09-16 00:00:00+09:00,22600.0,22650.0,22100.0,22350.0,67610,0.0,0.0
2025-09-17 00:00:00+09:00,22200.0,22450.0,21650.0,22250.0,86846,0.0,0.0
2025-09-18 00:00:00+09:00,22500.0,22500.0,22200.0,22400.0,74538,0.0,0.0
2025-09-22 00:00:00+09:00,22300.0,22300.0,21800.0,21850.0,61607,0.0,0.0
2025-09-23 00:00:00+09:00,22750.0,23000.0,22050.0,22400.0,149107,0.0,0.0
2025-09-24 00:00:00+09:00,22450.0,22500.0,21650.0,21800.0,89903,0.0,0.0
2025-09-25 00:00:00+09:00,21700.0,21950.0,21300.0,21700.0,63564,0.0,0.0
2025-09-26 00:00:00+09:00,21650.0,21650.0,20800.0,20900.0,63434,0.0,0.0
2025-09-29 00:00:00+09:00,21050.0,21450.0,21050.0,21050.0,42781,0.0,0.0
2025-09-30 00:00:00+09:00,21250.0,21250.0,20650.0,20700.0,44098,0.0,0.0
2025-10-01 00:00:00+09:00,21000.0,21200.0,20800.0,20950.0,29173,0.0,0.0
2025-10-02 00:00:00+09:00,21350.0,21650.0,21150.0,21300.0,52699,0.0,0.0
2025-10-10 00:00:00+09:00,21500.0,21900.0,20850.0,21450.0,75885,0.0,0.0
2025-10-13 00:00:00+09:00,21150.0,22200.0,21000.0,21900.0,82058,0.0,0.0
2025-10-14 00:00:00+09:00,21950.0,22100.0,21150.0,21300.0,94723,0.0,0.0
2025-10-15 00:00:00+09:00,21500.0,21650.0,21200.0,21550.0,48582,0.0,0.0
2025-10-16 00:00:00+09:00,21900.0,22000.0,21500.0,21800.0,67159,0.0,0.0
2025-10-17 00:00:00+09:00,21800.0,22050.0,21300.0,21350.0,89070,0.0,0.0
2025-10-20 00:00:00+09:00,21350.0,21700.0,21000.0,21700.0,64247,0.0,0.0
2025-10-21 00:00:00+09:00,21900.0,22350.0,21450.0,21600.0,109375,0.0,0.0
2025-10-22 00:00:00+09:00,21850.0,21900.0,21200.0,21700.0,87092,0.0,0.0
2025-10-23 00:00:00+09:00,21400.0,21500.0,21100.0,21200.0,48994,0.0,0.0
2025-10-24 00:00:00+09:00,21250.0,21400.0,20900.0,21100.0,75849,0.0,0.0
2025-10-27 00:00:00+09:00,21100.0,22400.0,21100.0,22200.0,201790,0.0,0.0
2025-10-28 00:00:00+09:00,22450.0,22800.0,22000.0,22450.0,143321,0.0,0.0
2025-10-29 00:00:00+09:00,23000.0,23100.0,22500.0,22900.0,169811,0.0,0.0
2025-10-30 00:00:00+09:00,22800.0,22800.0,21700.0,21850.0,115265,0.0,0.0
2025-10-31 00:00:00+09:00,22200.0,22800.0,22100.0,22450.0,110547,0.0,0.0
2025-11-03 00:00:00+09:00,23050.0,23350.0,22500.0,22750.0,165888,0.0,0.0
2025-11-04 00:00:00+09:00,22500.0,22850.0,22150.0,22650.0,113069,0.0,0.0
2025-11-05 00:00:00+09:00,23200.0,23200.0,21200.0,21900.0,168426,0.0,0.0
2025-11-06 00:00:00+09:00,22300.0,22350.0,21150.0,21350.0,81338,0.0,0.0
2025-11-07 00:00:00+09:00,20900.0,21000.0,19930.0,20250.0,92183,0.0,0.0
2025-11-10 00:00:00+09:00,20350.0,20450.0,20050.0,20400.0,38305,0.0,0.0
2025-11-11 00:00:00+09:00,20650.0,20950.0,20000.0,20300.0,60989,0.0,0.0
2025-11-12 00:00:00+09:00,19590.0,19880.0,19310.0,19800.0,97473,0.0,0.0
2025-11-13 00:00:00+09:00,20100.0,20250.0,19760.0,19890.0,55655,0.0,0.0
2025-11-14 00:00:00+09:00,19320.0,19600.0,19270.0,19300.0,52660,0.0,0.0
2025-11-17 00:00:00+09:00,19360.0,19450.0,19080.0,19150.0,31982,0.0,0.0
2025-11-18 00:00:00+09:00,18900.0,19080.0,17500.0,17650.0,95654,0.0,0.0
2025-11-19 00:00:00+09:00,17750.0,17850.0,17030.0,17650.0,36834,0.0,0.0
2025-11-20 00:00:00+09:00,18150.0,18300.0,17770.0,17850.0,38583,0.0,0.0
2025-11-21 00:00:00+09:00,17200.0,17230.0,17000.0,17200.0,39378,0.0,0.0
2025-11-24 00:00:00+09:00,17420.0,17570.0,17000.0,17250.0,22690,0.0,0.0
2025-11-25 00:00:00+09:00,17320.0,18060.0,17320.0,17810.0,35987,0.0,0.0
2025-11-26 00:00:00+09:00,18090.0,18090.0,17810.0,18060.0,22885,0.0,0.0
2025-11-27 00:00:00+09:00,18060.0,18330.0,17580.0,17650.0,32225,0.0,0.0
2025-11-28 00:00:00+09:00,17800.0,18420.0,17730.0,18420.0,36940,0.0,0.0
2025-12-01 00:00:00+09:00,19610.0,19610.0,18530.0,18800.0,73406,0.0,0.0
2025-12-02 00:00:00+09:00,18860.0,18880.0,18450.0,18700.0,32658,0.0,0.0
2025-12-03 00:00:00+09:00,18870.0,18880.0,18510.0,18560.0,19750,0.0,0.0
2025-12-04 00:00:00+09:00,18620.0,18680.0,18100.0,18170.0,25766,0.0,0.0
2025-12-05 00:00:00+09:00,18310.0,18480.0,18010.0,18330.0,32374,0.0,0.0
2025-12-08 00:00:00+09:00,18500.0,18510.0,18240.0,18280.0,21720,0.0,0.0
2025-12-09 00:00:00+09:00,18320.0,18410.0,18130.0,18160.0,19163,0.0,0.0
2025-12-10 00:00:00+09:00,18110.0,18730.0,18060.0,18400.0,49838,0.0,0.0
2025-12-11 00:00:00+09:00,18610.0,18630.0,18300.0,18490.0,15332,0.0,0.0
2025-12-12 00:00:00+09:00,18490.0,18600.0,18370.0,18520.0,20290,0.0,0.0
2025-12-15 00:00:00+09:00,18170.0,18230.0,17950.0,18000.0,31540,0.0,0.0
2025-12-16 00:00:00+09:00,17900.0,17940.0,17250.0,17250.0,42735,0.0,0.0
2025-12-17 00:00:00+09:00,17230.0,17460.0,16990.0,16990.0,31988,0.0,0.0
2025-12-18 00:00:00+09:00,16650.0,17140.0,16510.0,16850.0,30934,0.0,0.0
2025-12-19 00:00:00+09:00,16860.0,16980.0,16400.0,16570.0,42268,0.0,0.0
2025-12-22 00:00:00+09:00,17180.0,17600.0,16900.0,17300.0,45893,0.0,0.0
2025-12-23 00:00:00+09:00,17800.0,17800.0,16890.0,16910.0,34759,0.0,0.0
2025-12-24 00:00:00+09:00,16910.0,17050.0,16590.0,16610.0,30116,0.0,0.0
2025-12-26 00:00:00+09:00,16670.0,16750.0,16110.0,16370.0,31126,0.0,0.0
2025-12-29 00:00:00+09:00,16410.0,16900.0,16250.0,16750.0,34115,0.0,0.0
2025-12-30 00:00:00+09:00,16740.0,16920.0,16550.0,16730.0,26675,0.0,0.0
2026-01-02 00:00:00+09:00,16850.0,17840.0,16850.0,17750.0,89034,0.0,0.0
2026-01-05 00:00:00+09:00,17750.0,18000.0,17290.0,17300.0,79035,0.0,0.0
2026-01-06 00:00:00+09:00,17320.0,17550.0,16970.0,17070.0,56883,0.0,0.0
2026-01-07 00:00:00+09:00,17150.0,17180.0,16550.0,16690.0,82329,0.0,0.0
2026-01-08 00:00:00+09:00,16690.0,16690.0,15930.0,16090.0,78764,0.0,0.0
2026-01-09 00:00:00+09:00,16090.0,16480.0,15920.0,16320.0,52910,0.0,0.0
2026-01-12 00:00:00+09:00,16320.0,17010.0,16320.0,16750.0,56924,0.0,0.0
2026-01-13 00:00:00+09:00,16690.0,16950.0,16610.0,16840.0,50535,0.0,0.0
2026-01-14 00:00:00+09:00,16840.0,16940.0,16550.0,16600.0,39258,0.0,0.0
2026-01-15 00:00:00+09:00,16600.0,19170.0,16250.0,17690.0,484142,0.0,0.0
2026-01-16 00:00:00+09:00,18110.0,19850.0,17930.0,18050.0,615350,0.0,0.0
2026-01-19 00:00:00+09:00,18200.0,18240.0,17580.0,18010.0,141978,0.0,0.0
2026-01-20 00:00:00+09:00,17830.0,18800.0,17430.0,18200.0,162110,0.0,0.0
2026-01-21 00:00:00+09:00,18060.0,18110.0,17500.0,17850.0,107476,0.0,0.0
2026-01-22 00:00:00+09:00,17850.0,18340.0,17520.0,17750.0,136825,0.0,0.0
2026-01-23 00:00:00+09:00,17800.0,18670.0,17800.0,18390.0,184902,0.0,0.0
2026-01-26 00:00:00+09:00,18400.0,18770.0,18200.0,18640.0,144701,0.0,0.0
2026-01-27 00:00:00+09:00,18610.0,18990.0,18420.0,18760.0,131911,0.0,0.0
2026-01-28 00:00:00+09:00,18800.0,19130.0,18800.0,19000.0,184243,0.0,0.0
2026-01-29 00:00:00+09:00,19110.0,19400.0,18200.0,18700.0,165343,0.0,0.0
2026-01-30 00:00:00+09:00,18520.0,18600.0,17960.0,18000.0,158269,0.0,0.0
2026-02-02 00:00:00+09:00,17800.0,19560.0,17510.0,17850.0,396754,0.0,0.0
2026-02-03 00:00:00+09:00,18200.0,18420.0,17870.0,18250.0,77889,0.0,0.0
2026-02-04 00:00:00+09:00,18020.0,18180.0,17500.0,17630.0,141888,0.0,0.0
2026-02-05 00:00:00+09:00,17630.0,17660.0,16840.0,17000.0,157298,0.0,0.0
2026-02-06 00:00:00+09:00,16490.0,16890.0,15990.0,16300.0,97802,0.0,0.0
2026-02-09 00:00:00+09:00,16440.0,17100.0,16440.0,17000.0,83004,0.0,0.0
2026-02-10 00:00:00+09:00,17010.0,17510.0,17010.0,17420.0,83228,0.0,0.0
2026-02-11 00:00:00+09:00,17420.0,17430.0,17080.0,17190.0,37545,0.0,0.0
2026-02-12 00:00:00+09:00,17190.0,17390.0,16960.0,17190.0,86419,0.0,0.0
2026-02-13 00:00:00+09:00,17180.0,17180.0,16650.0,16720.0,67740,0.0,0.0
2026-02-19 00:00:00+09:00,16770.0,17350.0,16630.0,17310.0,90585,0.0,0.0
2026-02-20 00:00:00+09:00,17310.0,17330.0,16980.0,16990.0,62684,0.0,0.0
2026-02-23 00:00:00+09:00,17100.0,17280.0,16700.0,16720.0,80796,0.0,0.0
2026-02-24 00:00:00+09:00,16700.0,16720.0,16270.0,16390.0,98830,0.0,0.0
2026-02-25 00:00:00+09:00,16590.0,16610.0,16080.0,16120.0,126111,0.0,0.0
2026-02-26 00:00:00+09:00,16100.0,16570.0,15950.0,16050.0,193428,0.0,0.0
2026-02-27 00:00:00+09:00,16050.0,16050.0,15500.0,15680.0,191293,0.0,0.0
2026-03-03 00:00:00+09:00,15400.0,15430.0,14090.0,14090.0,205513,0.0,0.0
2026-03-04 00:00:00+09:00,13480.0,14000.0,11610.0,12010.0,293198,0.0,0.0
2026-03-05 00:00:00+09:00,12510.0,13640.0,12510.0,13400.0,125482,0.0,0.0
2026-03-06 00:00:00+09:00,13370.0,13850.0,13040.0,13250.0,67145,0.0,0.0
2026-03-09 00:00:00+09:00,12840.0,12840.0,12290.0,12840.0,100993,0.0,0.0
2026-03-10 00:00:00+09:00,13200.0,13750.0,13100.0,13540.0,58956,0.0,0.0
2026-03-11 00:00:00+09:00,13620.0,14330.0,13380.0,14190.0,99511,0.0,0.0
2026-03-12 00:00:00+09:00,14190.0,14390.0,13830.0,13900.0,34558,0.0,0.0
2026-03-13 00:00:00+09:00,13860.0,14860.0,13510.0,14600.0,117660,0.0,0.0
2026-03-16 00:00:00+09:00,15000.0,15100.0,13940.0,13950.0,71257,0.0,0.0
2026-03-17 00:00:00+09:00,14240.0,14450.0,13900.0,14000.0,51805,0.0,0.0
2026-03-18 00:00:00+09:00,14160.0,14420.0,13910.0,13960.0,42524,0.0,0.0
2026-03-19 00:00:00+09:00,13800.0,13850.0,13570.0,13630.0,40923,0.0,0.0
2026-03-20 00:00:00+09:00,13640.0,13980.0,13620.0,13850.0,29752,0.0,0.0
2026-03-23 00:00:00+09:00,13620.0,13650.0,12840.0,12990.0,38892,0.0,0.0
2026-03-24 00:00:00+09:00,13420.0,13480.0,12810.0,13470.0,30022,0.0,0.0
2026-03-25 00:00:00+09:00,13550.0,13860.0,13550.0,13770.0,25247,0.0,0.0
2026-03-26 00:00:00+09:00,13770.0,13770.0,13360.0,13410.0,32572,0.0,0.0
2026-03-27 00:00:00+09:00,13410.0,13730.0,13020.0,13410.0,28983,0.0,0.0
2026-03-30 00:00:00+09:00,13020.0,13260.0,12980.0,13060.0,27968,0.0,0.0
2026-03-31 00:00:00+09:00,13000.0,13180.0,12500.0,12500.0,48591,0.0,0.0
2026-04-01 00:00:00+09:00,12650.0,13400.0,12650.0,13350.0,36487,0.0,0.0
2026-04-02 00:00:00+09:00,13290.0,13590.0,12520.0,12950.0,59247,0.0,0.0
2026-04-03 00:00:00+09:00,13000.0,13120.0,12500.0,12650.0,35948,0.0,0.0
2026-04-06 00:00:00+09:00,12650.0,12960.0,12000.0,12250.0,38799,0.0,0.0
2026-04-07 00:00:00+09:00,12250.0,12480.0,12120.0,12300.0,36348,0.0,0.0
2026-04-08 00:00:00+09:00,12550.0,13000.0,12550.0,12930.0,35694,0.0,0.0
2026-04-09 00:00:00+09:00,13000.0,13070.0,12820.0,12990.0,25432,0.0,0.0
2026-04-10 00:00:00+09:00,13100.0,13450.0,12880.0,13340.0,39740,0.0,0.0
2026-04-13 00:00:00+09:00,13330.0,13330.0,13000.0,13050.0,34672,0.0,0.0
2026-04-14 00:00:00+09:00,13290.0,13960.0,12900.0,13890.0,67572,0.0,0.0
2026-04-15 00:00:00+09:00,14300.0,15100.0,14000.0,14460.0,118140,0.0,0.0
2026-04-16 00:00:00+09:00,15060.0,15860.0,14670.0,15220.0,319909,0.0,0.0
2026-04-17 00:00:00+09:00,15230.0,15230.0,14510.0,14740.0,72494,0.0,0.0
2026-04-20 00:00:00+09:00,14740.0,15380.0,14500.0,15000.0,99264,0.0,0.0
2026-04-21 00:00:00+09:00,15000.0,15190.0,14420.0,14730.0,79498,0.0,0.0
2026-04-22 00:00:00+09:00,14930.0,15140.0,14730.0,15090.0,70759,0.0,0.0
2026-04-23 00:00:00+09:00,15400.0,15400.0,14790.0,15100.0,50091,0.0,0.0
2026-04-24 00:00:00+09:00,15180.0,15180.0,14740.0,14750.0,50846,0.0,0.0
2026-04-27 00:00:00+09:00,14980.0,15480.0,14950.0,15210.0,125444,0.0,0.0
2026-04-28 00:00:00+09:00,15210.0,15470.0,15060.0,15060.0,50078,0.0,0.0
2026-04-29 00:00:00+09:00,15120.0,15120.0,14830.0,14950.0,27434,0.0,0.0
2026-04-30 00:00:00+09:00,15180.0,15180.0,14600.0,14600.0,54776,0.0,0.0
2026-05-04 00:00:00+09:00,14650.0,14930.0,14500.0,14580.0,55246,0.0,0.0
2026-05-06 00:00:00+09:00,14610.0,14750.0,14200.0,14220.0,78441,0.0,0.0
2026-05-07 00:00:00+09:00,14220.0,14430.0,13680.0,13880.0,71799,0.0,0.0
2026-05-08 00:00:00+09:00,13690.0,14190.0,13690.0,13730.0,41012,0.0,0.0
2026-05-11 00:00:00+09:00,13750.0,14150.0,13650.0,13650.0,76549,0.0,0.0
2026-05-12 00:00:00+09:00,13520.0,13870.0,12800.0,12930.0,83360,0.0,0.0
2026-05-13 00:00:00+09:00,12620.0,12920.0,12600.0,12670.0,51187,0.0,0.0
2026-05-14 00:00:00+09:00,12670.0,13010.0,12540.0,12940.0,29909,0.0,0.0
2026-05-15 00:00:00+09:00,13100.0,13240.0,12130.0,12260.0,68093,0.0,0.0
2026-05-18 00:00:00+09:00,12260.0,12370.0,11650.0,12240.0,47458,0.0,0.0
2026-05-19 00:00:00+09:00,12240.0,12400.0,11800.0,11950.0,34275,0.0,0.0
2026-05-20 00:00:00+09:00,11950.0,11950.0,10800.0,11410.0,53509,0.0,0.0
2026-05-21 00:00:00+09:00,11500.0,12000.0,11010.0,11700.0,45755,0.0,0.0
2026-05-22 00:00:00+09:00,11620.0,12680.0,11620.0,12660.0,53070,0.0,0.0
2026-05-26 00:00:00+09:00,12680.0,13150.0,11850.0,12300.0,68305,0.0,0.0
2026-05-27 00:00:00+09:00,12300.0,12540.0,11680.0,11690.0,68140,0.0,0.0
2026-05-28 00:00:00+09:00,11700.0,11950.0,10940.0,11480.0,71676,0.0,0.0
2026-05-29 00:00:00+09:00,12090.0,12830.0,11310.0,11560.0,114969,0.0,0.0
2026-06-01 00:00:00+09:00,11560.0,12380.0,11000.0,11620.0,102993,0.0,0.0
2026-06-02 00:00:00+09:00,11620.0,11970.0,11020.0,11400.0,63112,0.0,0.0
2026-06-04 00:00:00+09:00,10730.0,11300.0,10730.0,11030.0,70828,0.0,0.0
2026-06-05 00:00:00+09:00,10840.0,10970.0,10510.0,10820.0,59759,0.0,0.0
2026-06-08 00:00:00+09:00,10670.0,10820.0,9890.0,9970.0,76754,0.0,0.0
2026-06-09 00:00:00+09:00,9970.0,10390.0,9970.0,10110.0,52488,0.0,0.0
2026-06-10 00:00:00+09:00,9610.0,10310.0,9570.0,9870.0,55,0.0,0.0
2026-06-11 00:00:00+09:00,9850.0,10050.0,9550.0,9980.0,35668,0.0,0.0
2026-06-12 00:00:00+09:00,10090.0,10420.0,9350.0,9490.0,319536,0.0,0.0
2026-06-15 00:00:00+09:00,9600.0,10030.0,9100.0,9380.0,165918,0.0,0.0
2026-06-16 00:00:00+09:00,9390.0,9640.0,9110.0,9210.0,91363,0.0,0.0
2026-06-17 00:00:00+09:00,9120.0,9570.0,8890.0,9390.0,87106,0.0,0.0
2026-06-18 00:00:00+09:00,9380.0,9390.0,8650.0,8700.0,102524,0.0,0.0
2026-06-19 00:00:00+09:00,8780.0,8850.0,8160.0,8380.0,76290,0.0,0.0
2026-06-22 00:00:00+09:00,8380.0,8500.0,7950.0,8030.0,81946,0.0,0.0
2026-06-23 00:00:00+09:00,7940.0,8200.0,7580.0,7600.0,82636,0.0,0.0
2026-06-24 00:00:00+09:00,7660.0,7730.0,7320.0,7420.0,40158,0.0,0.0
2026-06-25 00:00:00+09:00,7400.0,7760.0,7200.0,7250.0,101708,0.0,0.0
2026-06-26 00:00:00+09:00,7200.0,7310.0,6900.0,7140.0,101387,0.0,0.0
