Date,Open,High,Low,Close,Volume,Dividends,Stock Splits
2023-03-03 00:00:00+09:00,26000.0,33800.0,26000.0,29800.0,8117275,0.0,0.0
2023-03-06 00:00:00+09:00,29650.0,29700.0,25800.0,25950.0,2274397,0.0,0.0
2023-03-07 00:00:00+09:00,25250.0,31300.0,24000.0,30900.0,9324230,0.0,0.0
2023-03-08 00:00:00+09:00,29050.0,30200.0,27900.0,28400.0,2542316,0.0,0.0
2023-03-09 00:00:00+09:00,28150.0,28400.0,25700.0,26100.0,1153150,0.0,0.0
2023-03-10 00:00:00+09:00,26150.0,28350.0,26000.0,26000.0,1053572,0.0,0.0
2023-03-13 00:00:00+09:00,25150.0,26100.0,24050.0,25400.0,650895,0.0,0.0
2023-03-14 00:00:00+09:00,25350.0,26450.0,23200.0,23300.0,648175,0.0,0.0
2023-03-15 00:00:00+09:00,23950.0,28950.0,23850.0,27500.0,3174825,0.0,0.0
2023-03-16 00:00:00+09:00,26750.0,29350.0,25950.0,26900.0,2075288,0.0,0.0
2023-03-17 00:00:00+09:00,27550.0,29000.0,26300.0,26350.0,1400170,0.0,0.0
2023-03-20 00:00:00+09:00,26400.0,26800.0,25150.0,25250.0,495551,0.0,0.0
2023-03-21 00:00:00+09:00,25500.0,27250.0,25450.0,25650.0,944468,0.0,0.0
2023-03-22 00:00:00+09:00,26300.0,27350.0,26250.0,26700.0,850306,0.0,0.0
2023-03-23 00:00:00+09:00,26250.0,27800.0,26000.0,26200.0,886886,0.0,0.0
2023-03-24 00:00:00+09:00,26750.0,27200.0,26000.0,26950.0,458871,0.0,0.0
2023-03-27 00:00:00+09:00,27900.0,28400.0,27250.0,28400.0,1077628,0.0,0.0
2023-03-28 00:00:00+09:00,28650.0,28650.0,27000.0,27100.0,523795,0.0,0.0
2023-03-29 00:00:00+09:00,27950.0,34900.0,27500.0,34900.0,7060609,0.0,0.0
2023-03-30 00:00:00+09:00,34900.0,39450.0,33300.0,36900.0,6824115,0.0,0.0
2023-03-31 00:00:00+09:00,35750.0,36500.0,33050.0,33050.0,1394327,0.0,0.0
2023-04-03 00:00:00+09:00,32550.0,35950.0,31000.0,33000.0,3550954,0.0,0.0
2023-04-04 00:00:00+09:00,32700.0,35100.0,32050.0,33150.0,1854736,0.0,0.0
2023-04-05 00:00:00+09:00,33550.0,33700.0,31800.0,32850.0,822354,0.0,0.0
2023-04-06 00:00:00+09:00,32400.0,33200.0,30250.0,31000.0,1163891,0.0,0.0
2023-04-07 00:00:00+09:00,31350.0,33150.0,31050.0,32850.0,1042100,0.0,0.0
2023-04-10 00:00:00+09:00,33500.0,33600.0,31200.0,31700.0,1187814,0.0,0.0
2023-04-11 00:00:00+09:00,32100.0,33900.0,31400.0,32400.0,1387970,0.0,0.0
2023-04-12 00:00:00+09:00,32450.0,34550.0,31750.0,32950.0,2103524,0.0,0.0
2023-04-13 00:00:00+09:00,32950.0,32950.0,31500.0,31800.0,567397,0.0,0.0
2023-04-14 00:00:00+09:00,32350.0,33150.0,32100.0,32200.0,893699,0.0,0.0
2023-04-17 00:00:00+09:00,32400.0,32450.0,31600.0,31800.0,449884,0.0,0.0
2023-04-18 00:00:00+09:00,32050.0,33150.0,31750.0,32150.0,904208,0.0,0.0
2023-04-19 00:00:00+09:00,32700.0,33650.0,32200.0,32200.0,998684,0.0,0.0
2023-04-20 00:00:00+09:00,31950.0,32600.0,29000.0,29050.0,926839,0.0,0.0
2023-04-21 00:00:00+09:00,28800.0,28950.0,26350.0,26850.0,635307,0.0,0.0
2023-04-24 00:00:00+09:00,26800.0,27750.0,26200.0,27000.0,268045,0.0,0.0
2023-04-25 00:00:00+09:00,27900.0,29100.0,27050.0,27650.0,633745,0.0,0.0
2023-04-26 00:00:00+09:00,27000.0,27300.0,26150.0,26300.0,255125,0.0,0.0
2023-04-27 00:00:00+09:00,26400.0,27450.0,25250.0,27000.0,277543,0.0,0.0
2023-04-28 00:00:00+09:00,27300.0,27450.0,25600.0,25700.0,243276,0.0,0.0
2023-05-02 00:00:00+09:00,25800.0,27300.0,25800.0,26500.0,267297,0.0,0.0
2023-05-03 00:00:00+09:00,26500.0,27900.0,26200.0,26950.0,281505,0.0,0.0
2023-05-04 00:00:00+09:00,27000.0,29150.0,26550.0,28550.0,497437,0.0,0.0
2023-05-08 00:00:00+09:00,28650.0,28800.0,27400.0,28450.0,188208,0.0,0.0
2023-05-09 00:00:00+09:00,28650.0,28950.0,27950.0,28850.0,146314,0.0,0.0
2023-05-10 00:00:00+09:00,29200.0,30100.0,27350.0,27800.0,337594,0.0,0.0
2023-05-11 00:00:00+09:00,27900.0,28650.0,27250.0,27700.0,116680,0.0,0.0
2023-05-12 00:00:00+09:00,27500.0,29500.0,27500.0,28850.0,456667,0.0,0.0
2023-05-15 00:00:00+09:00,29600.0,29900.0,28050.0,28900.0,303471,0.0,0.0
2023-05-16 00:00:00+09:00,29200.0,29600.0,28500.0,28600.0,225090,0.0,0.0
2023-05-17 00:00:00+09:00,28950.0,29600.0,28600.0,28850.0,290466,0.0,0.0
2023-05-18 00:00:00+09:00,29100.0,29600.0,28500.0,28600.0,183837,0.0,0.0
2023-05-19 00:00:00+09:00,29050.0,29050.0,26900.0,27950.0,246233,0.0,0.0
2023-05-22 00:00:00+09:00,27700.0,27900.0,27300.0,27350.0,134944,0.0,0.0
2023-05-23 00:00:00+09:00,27150.0,27850.0,27150.0,27300.0,127489,0.0,0.0
2023-05-24 00:00:00+09:00,27300.0,27450.0,26400.0,27400.0,176022,0.0,0.0
2023-05-25 00:00:00+09:00,27850.0,27850.0,27100.0,27150.0,116336,0.0,0.0
2023-05-26 00:00:00+09:00,27100.0,27300.0,26150.0,26500.0,129140,0.0,0.0
2023-05-30 00:00:00+09:00,26550.0,27500.0,26100.0,26700.0,246521,0.0,0.0
2023-05-31 00:00:00+09:00,26550.0,27200.0,26550.0,26600.0,82770,0.0,0.0
2023-06-01 00:00:00+09:00,26800.0,26850.0,25850.0,26350.0,132100,0.0,0.0
2023-06-02 00:00:00+09:00,26550.0,27250.0,26000.0,27050.0,151668,0.0,0.0
2023-06-05 00:00:00+09:00,27000.0,27000.0,26000.0,26150.0,331570,0.0,0.0
2023-06-07 00:00:00+09:00,26250.0,27300.0,26100.0,27150.0,328572,0.0,0.0
2023-06-08 00:00:00+09:00,26850.0,27350.0,26200.0,26350.0,184646,0.0,0.0
2023-06-09 00:00:00+09:00,26800.0,28750.0,26600.0,28350.0,784962,0.0,0.0
2023-06-12 00:00:00+09:00,28650.0,29300.0,27850.0,29000.0,594580,0.0,0.0
2023-06-13 00:00:00+09:00,28800.0,30150.0,28400.0,29200.0,549049,0.0,0.0
2023-06-14 00:00:00+09:00,29150.0,29700.0,28100.0,28750.0,368116,0.0,0.0
2023-06-15 00:00:00+09:00,28800.0,29500.0,27900.0,29000.0,263643,0.0,0.0
2023-06-16 00:00:00+09:00,28900.0,29500.0,28750.0,29100.0,309432,0.0,0.0
2023-06-19 00:00:00+09:00,29350.0,30000.0,28600.0,29150.0,311606,0.0,0.0
2023-06-20 00:00:00+09:00,29000.0,29050.0,28000.0,28900.0,283691,0.0,0.0
2023-06-21 00:00:00+09:00,28800.0,29450.0,27250.0,27450.0,282151,0.0,0.0
2023-06-22 00:00:00+09:00,27350.0,28000.0,26900.0,28000.0,101687,0.0,0.0
2023-06-23 00:00:00+09:00,28000.0,28250.0,27300.0,27850.0,119431,0.0,0.0
2023-06-26 00:00:00+09:00,27850.0,27850.0,26400.0,27200.0,157492,0.0,0.0
2023-06-27 00:00:00+09:00,27200.0,27200.0,25800.0,25950.0,257634,0.0,0.0
2023-06-28 00:00:00+09:00,26250.0,26300.0,25200.0,25200.0,169111,0.0,0.0
2023-06-29 00:00:00+09:00,25350.0,26300.0,25250.0,25300.0,184542,0.0,0.0
2023-06-30 00:00:00+09:00,25100.0,26200.0,24250.0,26150.0,215817,0.0,0.0
2023-07-03 00:00:00+09:00,26450.0,27000.0,25900.0,26000.0,151422,0.0,0.0
2023-07-04 00:00:00+09:00,26500.0,26500.0,25900.0,25950.0,107818,0.0,0.0
2023-07-05 00:00:00+09:00,26600.0,27250.0,26400.0,26700.0,200864,0.0,0.0
2023-07-06 00:00:00+09:00,27000.0,28150.0,26700.0,26950.0,254350,0.0,0.0
2023-07-07 00:00:00+09:00,27200.0,27200.0,25850.0,26400.0,141716,0.0,0.0
2023-07-10 00:00:00+09:00,26450.0,30000.0,25100.0,28450.0,2678390,0.0,0.0
2023-07-11 00:00:00+09:00,27500.0,28150.0,26750.0,27350.0,921591,0.0,0.0
2023-07-12 00:00:00+09:00,27200.0,27250.0,25750.0,25850.0,508739,0.0,0.0
2023-07-13 00:00:00+09:00,26150.0,26300.0,25350.0,25500.0,304828,0.0,0.0
2023-07-14 00:00:00+09:00,25900.0,26400.0,24900.0,25800.0,320453,0.0,0.0
2023-07-17 00:00:00+09:00,25700.0,25800.0,25100.0,25450.0,143540,0.0,0.0
2023-07-18 00:00:00+09:00,25500.0,27250.0,25450.0,27200.0,820070,0.0,0.0
2023-07-19 00:00:00+09:00,28500.0,28600.0,26450.0,26650.0,909756,0.0,0.0
2023-07-20 00:00:00+09:00,26300.0,26900.0,25550.0,26450.0,271450,0.0,0.0
2023-07-21 00:00:00+09:00,26000.0,27150.0,25900.0,25950.0,295035,0.0,0.0
2023-07-24 00:00:00+09:00,26050.0,26550.0,25500.0,25750.0,350448,0.0,0.0
2023-07-25 00:00:00+09:00,25750.0,25900.0,24800.0,24900.0,341023,0.0,0.0
2023-07-26 00:00:00+09:00,24650.0,24700.0,22150.0,22400.0,598744,0.0,0.0
2023-07-27 00:00:00+09:00,21750.0,22950.0,21300.0,21400.0,230666,0.0,0.0
2023-07-28 00:00:00+09:00,20900.0,21650.0,20400.0,21100.0,227197,0.0,0.0
2023-07-31 00:00:00+09:00,21000.0,22500.0,21000.0,22000.0,176966,0.0,0.0
2023-08-01 00:00:00+09:00,23050.0,23650.0,22100.0,22450.0,299597,0.0,0.0
2023-08-02 00:00:00+09:00,22000.0,23000.0,20850.0,21100.0,183005,0.0,0.0
2023-08-03 00:00:00+09:00,21150.0,21150.0,20200.0,20450.0,168373,0.0,0.0
2023-08-04 00:00:00+09:00,20900.0,21000.0,20250.0,20600.0,85692,0.0,0.0
2023-08-07 00:00:00+09:00,20350.0,20600.0,19040.0,19170.0,311837,0.0,0.0
2023-08-08 00:00:00+09:00,19180.0,19560.0,18830.0,18840.0,146445,0.0,0.0
2023-08-09 00:00:00+09:00,18870.0,19900.0,18870.0,19850.0,147934,0.0,0.0
2023-08-10 00:00:00+09:00,19850.0,20950.0,19400.0,20250.0,151530,0.0,0.0
2023-08-11 00:00:00+09:00,20750.0,20750.0,19750.0,20200.0,154280,0.0,0.0
2023-08-14 00:00:00+09:00,20200.0,20350.0,19710.0,19900.0,83549,0.0,0.0
2023-08-16 00:00:00+09:00,19890.0,20950.0,19850.0,20200.0,188444,0.0,0.0
2023-08-17 00:00:00+09:00,19800.0,20150.0,19100.0,19950.0,104164,0.0,0.0
2023-08-18 00:00:00+09:00,19850.0,21800.0,19830.0,20550.0,481280,0.0,0.0
2023-08-21 00:00:00+09:00,20300.0,22550.0,20300.0,21650.0,372542,0.0,0.0
2023-08-22 00:00:00+09:00,22000.0,22150.0,21100.0,21250.0,118850,0.0,0.0
2023-08-23 00:00:00+09:00,21400.0,22050.0,20200.0,20300.0,200287,0.0,0.0
2023-08-24 00:00:00+09:00,20400.0,21350.0,20400.0,20600.0,133161,0.0,0.0
2023-08-25 00:00:00+09:00,20050.0,20900.0,20000.0,20150.0,103460,0.0,0.0
2023-08-28 00:00:00+09:00,20250.0,24650.0,20250.0,21700.0,1878280,0.0,0.0
2023-08-29 00:00:00+09:00,21400.0,22000.0,21200.0,21700.0,206860,0.0,0.0
2023-08-30 00:00:00+09:00,21900.0,22400.0,21800.0,22050.0,176936,0.0,0.0
2023-08-31 00:00:00+09:00,22150.0,22500.0,21850.0,22100.0,175603,0.0,0.0
2023-09-01 00:00:00+09:00,21950.0,22100.0,21150.0,21400.0,138129,0.0,0.0
2023-09-04 00:00:00+09:00,20150.0,20600.0,19360.0,20100.0,490678,0.0,0.0
2023-09-05 00:00:00+09:00,20200.0,20700.0,19970.0,20100.0,211682,0.0,0.0
2023-09-06 00:00:00+09:00,20350.0,23450.0,20150.0,21350.0,1690469,0.0,0.0
2023-09-07 00:00:00+09:00,21100.0,21500.0,20400.0,20600.0,387643,0.0,0.0
2023-09-08 00:00:00+09:00,20700.0,20700.0,19820.0,20300.0,230052,0.0,0.0
2023-09-11 00:00:00+09:00,20400.0,20500.0,19210.0,19250.0,365885,0.0,0.0
2023-09-12 00:00:00+09:00,19370.0,19590.0,18510.0,18700.0,306312,0.0,0.0
2023-09-13 00:00:00+09:00,18400.0,18400.0,17010.0,17060.0,538496,0.0,0.0
2023-09-14 00:00:00+09:00,17230.0,17570.0,17060.0,17570.0,183844,0.0,0.0
2023-09-15 00:00:00+09:00,17750.0,18160.0,17550.0,17620.0,145309,0.0,0.0
2023-09-18 00:00:00+09:00,17620.0,17630.0,16560.0,17030.0,121833,0.0,0.0
2023-09-19 00:00:00+09:00,17100.0,17150.0,16530.0,16650.0,133435,0.0,0.0
2023-09-20 00:00:00+09:00,16630.0,16820.0,16220.0,16660.0,91361,0.0,0.0
2023-09-21 00:00:00+09:00,16600.0,16610.0,15870.0,15980.0,134177,0.0,0.0
2023-09-22 00:00:00+09:00,15500.0,16040.0,15400.0,16040.0,130233,0.0,0.0
2023-09-25 00:00:00+09:00,15740.0,15840.0,15160.0,15190.0,140060,0.0,0.0
2023-09-26 00:00:00+09:00,15020.0,15480.0,15020.0,15300.0,85761,0.0,0.0
2023-09-27 00:00:00+09:00,14950.0,15750.0,14830.0,15710.0,60166,0.0,0.0
2023-10-04 00:00:00+09:00,15500.0,15570.0,14530.0,14530.0,112397,0.0,0.0
2023-10-05 00:00:00+09:00,14680.0,14810.0,14270.0,14430.0,55782,0.0,0.0
2023-10-06 00:00:00+09:00,14200.0,14950.0,14200.0,14840.0,37733,0.0,0.0
2023-10-10 00:00:00+09:00,14840.0,15050.0,14190.0,14200.0,68047,0.0,0.0
2023-10-11 00:00:00+09:00,14300.0,15030.0,14300.0,14830.0,122664,0.0,0.0
2023-10-12 00:00:00+09:00,14850.0,15640.0,14850.0,15340.0,125432,0.0,0.0
2023-10-13 00:00:00+09:00,15260.0,16040.0,14950.0,15080.0,75024,0.0,0.0
2023-10-16 00:00:00+09:00,15000.0,15000.0,14360.0,14530.0,87929,0.0,0.0
2023-10-17 00:00:00+09:00,14610.0,15250.0,14610.0,15000.0,77075,0.0,0.0
2023-10-18 00:00:00+09:00,15380.0,15380.0,14780.0,14830.0,41425,0.0,0.0
2023-10-19 00:00:00+09:00,15480.0,16270.0,14000.0,14720.0,514371,0.0,0.0
2023-10-20 00:00:00+09:00,15000.0,15260.0,14040.0,14990.0,211455,0.0,0.0
2023-10-23 00:00:00+09:00,15750.0,16900.0,15460.0,16120.0,562539,0.0,0.0
2023-10-24 00:00:00+09:00,16120.0,17350.0,15620.0,16890.0,426204,0.0,0.0
2023-10-25 00:00:00+09:00,17100.0,17570.0,16650.0,17070.0,235228,0.0,0.0
2023-10-26 00:00:00+09:00,16940.0,17070.0,16050.0,16050.0,201401,0.0,0.0
2023-10-27 00:00:00+09:00,16010.0,16930.0,15300.0,16670.0,241885,0.0,0.0
2023-10-30 00:00:00+09:00,16670.0,17800.0,16400.0,16680.0,212210,0.0,0.0
2023-10-31 00:00:00+09:00,16850.0,16850.0,15170.0,15400.0,146468,0.0,0.0
2023-11-01 00:00:00+09:00,15400.0,16090.0,15090.0,15110.0,105911,0.0,0.0
2023-11-02 00:00:00+09:00,15270.0,16280.0,15270.0,16020.0,80877,0.0,0.0
2023-11-03 00:00:00+09:00,16300.0,16990.0,15600.0,16410.0,201296,0.0,0.0
2023-11-06 00:00:00+09:00,16720.0,17500.0,16510.0,17420.0,247790,0.0,0.0
2023-11-07 00:00:00+09:00,17440.0,17440.0,16400.0,16630.0,118979,0.0,0.0
2023-11-08 00:00:00+09:00,16800.0,16980.0,16030.0,16030.0,69171,0.0,0.0
2023-11-09 00:00:00+09:00,16030.0,16130.0,15430.0,15590.0,82381,0.0,0.0
2023-11-10 00:00:00+09:00,15480.0,15560.0,14780.0,14780.0,102450,0.0,0.0
2023-11-13 00:00:00+09:00,14780.0,15250.0,13880.0,14000.0,194926,0.0,0.0
2023-11-14 00:00:00+09:00,14010.0,14290.0,14010.0,14140.0,82019,0.0,0.0
2023-11-15 00:00:00+09:00,14400.0,15040.0,14400.0,14700.0,119486,0.0,0.0
2023-11-16 00:00:00+09:00,14920.0,15170.0,14600.0,15030.0,45966,0.0,0.0
2023-11-17 00:00:00+09:00,15020.0,15020.0,14360.0,14390.0,84307,0.0,0.0
2023-11-20 00:00:00+09:00,14350.0,14850.0,14180.0,14720.0,57267,0.0,0.0
2023-11-21 00:00:00+09:00,14740.0,15940.0,14500.0,15780.0,225494,0.0,0.0
2023-11-22 00:00:00+09:00,15600.0,15600.0,15060.0,15170.0,103874,0.0,0.0
2023-11-23 00:00:00+09:00,15170.0,15290.0,15000.0,15010.0,46463,0.0,0.0
2023-11-24 00:00:00+09:00,15010.0,15800.0,14720.0,15430.0,130711,0.0,0.0
2023-11-27 00:00:00+09:00,15760.0,16400.0,15000.0,15540.0,385973,0.0,0.0
2023-11-28 00:00:00+09:00,15770.0,15770.0,15200.0,15470.0,75927,0.0,0.0
2023-11-29 00:00:00+09:00,15430.0,15610.0,15300.0,15330.0,59423,0.0,0.0
2023-11-30 00:00:00+09:00,15330.0,15750.0,15330.0,15560.0,72737,0.0,0.0
2023-12-01 00:00:00+09:00,15400.0,15550.0,14990.0,15020.0,77071,0.0,0.0
2023-12-04 00:00:00+09:00,14920.0,15140.0,14680.0,14780.0,101294,0.0,0.0
2023-12-05 00:00:00+09:00,14650.0,15000.0,14560.0,14710.0,55970,0.0,0.0
2023-12-06 00:00:00+09:00,14650.0,14850.0,14570.0,14690.0,48864,0.0,0.0
2023-12-07 00:00:00+09:00,14540.0,14660.0,14340.0,14410.0,49844,0.0,0.0
2023-12-08 00:00:00+09:00,14540.0,14750.0,14410.0,14510.0,44669,0.0,0.0
2023-12-11 00:00:00+09:00,14460.0,14680.0,14420.0,14450.0,40433,0.0,0.0
2023-12-12 00:00:00+09:00,14300.0,14630.0,14260.0,14500.0,57786,0.0,0.0
2023-12-13 00:00:00+09:00,14500.0,14500.0,14160.0,14170.0,84627,0.0,0.0
2023-12-14 00:00:00+09:00,14490.0,14700.0,14300.0,14400.0,57084,0.0,0.0
2023-12-15 00:00:00+09:00,14300.0,14830.0,14300.0,14450.0,73311,0.0,0.0
2023-12-18 00:00:00+09:00,14520.0,14810.0,14500.0,14780.0,57634,0.0,0.0
2023-12-19 00:00:00+09:00,14790.0,14810.0,14540.0,14780.0,39674,0.0,0.0
2023-12-20 00:00:00+09:00,15100.0,15240.0,14910.0,15090.0,87357,0.0,0.0
2023-12-21 00:00:00+09:00,15150.0,15600.0,14820.0,14930.0,205784,0.0,0.0
2023-12-22 00:00:00+09:00,15030.0,17080.0,14890.0,15740.0,1659125,0.0,0.0
2023-12-26 00:00:00+09:00,15240.0,15680.0,14610.0,15570.0,321638,0.0,0.0
2023-12-27 00:00:00+09:00,15520.0,15970.0,15210.0,15610.0,190220,0.0,0.0
2023-12-28 00:00:00+09:00,15610.0,16000.0,15410.0,15490.0,181933,0.0,0.0
2024-01-02 00:00:00+09:00,15250.0,15490.0,15200.0,15440.0,75945,0.0,0.0
2024-01-03 00:00:00+09:00,15160.0,15420.0,15070.0,15300.0,63415,0.0,0.0
2024-01-04 00:00:00+09:00,15290.0,15720.0,15090.0,15120.0,113294,0.0,0.0
2024-01-05 00:00:00+09:00,15100.0,15700.0,15030.0,15340.0,107780,0.0,0.0
2024-01-08 00:00:00+09:00,15510.0,15890.0,15260.0,15770.0,123168,0.0,0.0
2024-01-09 00:00:00+09:00,15790.0,15900.0,15570.0,15670.0,79847,0.0,0.0
2024-01-10 00:00:00+09:00,15580.0,15790.0,15150.0,15210.0,94233,0.0,0.0
2024-01-11 00:00:00+09:00,15400.0,15830.0,15220.0,15550.0,137249,0.0,0.0
2024-01-12 00:00:00+09:00,15650.0,15690.0,14640.0,14820.0,179112,0.0,0.0
2024-01-15 00:00:00+09:00,14820.0,14820.0,14350.0,14330.0,21564,0.0,0.0
2024-01-16 00:00:00+09:00,14210.0,14950.0,14200.0,14200.0,113651,0.0,0.0
2024-01-17 00:00:00+09:00,14190.0,14650.0,14000.0,14010.0,131999,0.0,0.0
2024-01-18 00:00:00+09:00,14000.0,14250.0,13890.0,14000.0,62881,0.0,0.0
2024-01-19 00:00:00+09:00,14100.0,14290.0,14000.0,14100.0,46368,0.0,0.0
2024-01-22 00:00:00+09:00,14110.0,14300.0,13950.0,14160.0,55611,0.0,0.0
2024-01-23 00:00:00+09:00,14050.0,14240.0,13890.0,14000.0,84043,0.0,0.0
2024-01-24 00:00:00+09:00,13960.0,14130.0,13940.0,13960.0,53224,0.0,0.0
2024-01-25 00:00:00+09:00,13960.0,13960.0,12900.0,13000.0,218393,0.0,0.0
2024-01-26 00:00:00+09:00,13030.0,13220.0,12900.0,13090.0,66138,0.0,0.0
2024-01-29 00:00:00+09:00,13100.0,13190.0,12500.0,12660.0,159895,0.0,0.0
2024-01-30 00:00:00+09:00,12700.0,12930.0,12580.0,12580.0,55406,0.0,0.0
2024-01-31 00:00:00+09:00,12500.0,12630.0,12020.0,12020.0,80111,0.0,0.0
2024-02-01 00:00:00+09:00,12000.0,12500.0,11990.0,12270.0,74791,0.0,0.0
2024-02-02 00:00:00+09:00,12280.0,12760.0,12270.0,12380.0,58041,0.0,0.0
2024-02-05 00:00:00+09:00,12460.0,12460.0,11890.0,11910.0,66259,0.0,0.0
2024-02-06 00:00:00+09:00,11820.0,12320.0,11590.0,12230.0,77961,0.0,0.0
2024-02-07 00:00:00+09:00,12170.0,12490.0,12170.0,12240.0,30740,0.0,0.0
2024-02-08 00:00:00+09:00,12210.0,12650.0,12210.0,12450.0,55062,0.0,0.0
2024-02-13 00:00:00+09:00,12740.0,12740.0,12450.0,12540.0,43154,0.0,0.0
2024-02-14 00:00:00+09:00,12330.0,12660.0,12180.0,12620.0,51260,0.0,0.0
2024-02-15 00:00:00+09:00,12650.0,12810.0,12380.0,12580.0,85275,0.0,0.0
2024-02-16 00:00:00+09:00,12700.0,13240.0,12660.0,13040.0,140090,0.0,0.0
2024-02-19 00:00:00+09:00,13000.0,13120.0,12710.0,12780.0,74870,0.0,0.0
2024-02-20 00:00:00+09:00,12880.0,13200.0,12530.0,12920.0,76915,0.0,0.0
2024-02-21 00:00:00+09:00,12800.0,13410.0,12740.0,13240.0,145773,0.0,0.0
2024-02-22 00:00:00+09:00,13320.0,13320.0,12940.0,12980.0,70080,0.0,0.0
2024-02-23 00:00:00+09:00,13000.0,13100.0,12670.0,12690.0,57522,0.0,0.0
2024-02-26 00:00:00+09:00,12700.0,12900.0,12690.0,12730.0,37385,0.0,0.0
2024-02-27 00:00:00+09:00,12610.0,12840.0,12310.0,12420.0,56762,0.0,0.0
2024-02-28 00:00:00+09:00,12400.0,13090.0,12400.0,12650.0,66284,0.0,0.0
2024-02-29 00:00:00+09:00,12610.0,12680.0,12400.0,12440.0,45718,0.0,0.0
2024-03-04 00:00:00+09:00,12500.0,12710.0,12210.0,12210.0,61435,0.0,0.0
2024-03-05 00:00:00+09:00,12120.0,12300.0,11960.0,11980.0,67146,0.0,0.0
2024-03-06 00:00:00+09:00,11980.0,12220.0,11680.0,11690.0,69165,0.0,0.0
2024-03-07 00:00:00+09:00,11710.0,13200.0,11700.0,13150.0,427276,0.0,0.0
2024-03-08 00:00:00+09:00,12950.0,12950.0,12500.0,12710.0,109281,0.0,0.0
2024-03-11 00:00:00+09:00,12730.0,12880.0,12560.0,12600.0,49841,0.0,0.0
2024-03-12 00:00:00+09:00,12750.0,13270.0,12660.0,13160.0,123154,0.0,0.0
2024-03-13 00:00:00+09:00,13170.0,14180.0,12990.0,14020.0,272478,0.0,0.0
2024-03-14 00:00:00+09:00,14150.0,14150.0,13510.0,13560.0,106018,0.0,0.0
2024-03-15 00:00:00+09:00,13560.0,13700.0,13170.0,13180.0,70871,0.0,0.0
2024-03-18 00:00:00+09:00,13190.0,13400.0,13010.0,13170.0,48751,0.0,0.0
2024-03-19 00:00:00+09:00,13220.0,13650.0,12990.0,13580.0,97630,0.0,0.0
2024-03-20 00:00:00+09:00,13580.0,13580.0,13050.0,13060.0,91598,0.0,0.0
2024-03-21 00:00:00+09:00,13060.0,14530.0,13060.0,13810.0,404000,0.0,0.0
2024-03-22 00:00:00+09:00,13680.0,13800.0,13540.0,13800.0,61621,0.0,0.0
2024-03-25 00:00:00+09:00,13810.0,14480.0,13810.0,14200.0,141107,0.0,0.0
2024-03-26 00:00:00+09:00,14110.0,14910.0,13970.0,14790.0,173874,0.0,0.0
2024-03-27 00:00:00+09:00,14790.0,15120.0,14350.0,14390.0,165723,0.0,0.0
2024-03-28 00:00:00+09:00,14400.0,14500.0,14000.0,14060.0,79778,0.0,0.0
2024-03-29 00:00:00+09:00,14200.0,15100.0,13890.0,15020.0,236928,0.0,0.0
2024-04-01 00:00:00+09:00,15020.0,15300.0,14700.0,15080.0,151589,0.0,0.0
2024-04-02 00:00:00+09:00,15040.0,15270.0,14270.0,14460.0,120490,0.0,0.0
2024-04-03 00:00:00+09:00,14400.0,15000.0,14000.0,14720.0,82691,0.0,0.0
2024-04-04 00:00:00+09:00,14990.0,14990.0,14100.0,14230.0,101022,0.0,0.0
2024-04-05 00:00:00+09:00,14100.0,14290.0,13450.0,14110.0,141757,0.0,0.0
2024-04-08 00:00:00+09:00,14120.0,14270.0,13280.0,13400.0,104722,0.0,0.0
2024-04-09 00:00:00+09:00,13330.0,13920.0,13330.0,13670.0,42714,0.0,0.0
2024-04-11 00:00:00+09:00,13450.0,13600.0,12890.0,12910.0,90325,0.0,0.0
2024-04-12 00:00:00+09:00,12920.0,13100.0,12690.0,12750.0,40368,0.0,0.0
2024-04-15 00:00:00+09:00,12420.0,12700.0,12300.0,12550.0,52259,0.0,0.0
2024-04-16 00:00:00+09:00,12380.0,12700.0,12150.0,12160.0,52203,0.0,0.0
2024-04-17 00:00:00+09:00,12100.0,12670.0,12100.0,12480.0,44920,0.0,0.0
2024-04-18 00:00:00+09:00,12680.0,12960.0,12500.0,12920.0,32828,0.0,0.0
2024-04-19 00:00:00+09:00,12750.0,12850.0,12170.0,12560.0,54521,0.0,0.0
2024-04-22 00:00:00+09:00,12590.0,13060.0,12590.0,12970.0,49103,0.0,0.0
2024-04-23 00:00:00+09:00,12920.0,13720.0,12920.0,13510.0,84088,0.0,0.0
2024-04-24 00:00:00+09:00,13920.0,14290.0,13580.0,13630.0,79906,0.0,0.0
2024-04-25 00:00:00+09:00,13890.0,14040.0,13550.0,13900.0,68412,0.0,0.0
2024-04-26 00:00:00+09:00,14000.0,14000.0,13370.0,13390.0,50185,0.0,0.0
2024-04-29 00:00:00+09:00,13390.0,13490.0,13270.0,13390.0,22826,0.0,0.0
2024-04-30 00:00:00+09:00,13400.0,14070.0,13400.0,13680.0,72868,0.0,0.0
2024-05-02 00:00:00+09:00,13630.0,13630.0,13330.0,13350.0,28312,0.0,0.0
2024-05-03 00:00:00+09:00,13350.0,13730.0,13350.0,13420.0,29018,0.0,0.0
2024-05-07 00:00:00+09:00,13430.0,13600.0,13150.0,13220.0,26846,0.0,0.0
2024-05-08 00:00:00+09:00,13100.0,13290.0,13040.0,13100.0,26767,0.0,0.0
2024-05-09 00:00:00+09:00,13040.0,13300.0,12830.0,12830.0,50754,0.0,0.0
2024-05-10 00:00:00+09:00,12690.0,13050.0,12690.0,12770.0,44226,0.0,0.0
2024-05-13 00:00:00+09:00,12770.0,12880.0,12510.0,12600.0,33213,0.0,0.0
2024-05-14 00:00:00+09:00,12510.0,13860.0,12510.0,13330.0,191385,0.0,0.0
2024-05-16 00:00:00+09:00,13550.0,13750.0,13190.0,13410.0,41660,0.0,0.0
2024-05-17 00:00:00+09:00,13510.0,13920.0,13300.0,13380.0,65949,0.0,0.0
2024-05-20 00:00:00+09:00,13200.0,13590.0,13000.0,13000.0,40829,0.0,0.0
2024-05-21 00:00:00+09:00,13000.0,13220.0,12680.0,13180.0,53644,0.0,0.0
2024-05-22 00:00:00+09:00,13180.0,13320.0,12710.0,12920.0,67372,0.0,0.0
2024-05-23 00:00:00+09:00,12850.0,13040.0,12700.0,12920.0,22573,0.0,0.0
2024-05-24 00:00:00+09:00,12790.0,12860.0,12610.0,12750.0,42774,0.0,0.0
2024-05-27 00:00:00+09:00,12750.0,12750.0,12200.0,12400.0,94188,0.0,0.0
2024-05-28 00:00:00+09:00,12350.0,13760.0,12310.0,13500.0,229859,0.0,0.0
2024-05-29 00:00:00+09:00,13750.0,14500.0,13500.0,14200.0,337186,0.0,0.0
2024-05-30 00:00:00+09:00,14430.0,14490.0,13600.0,14110.0,117962,0.0,0.0
2024-05-31 00:00:00+09:00,14110.0,14240.0,13800.0,13910.0,64594,0.0,0.0
2024-06-03 00:00:00+09:00,14150.0,14400.0,13600.0,13880.0,62896,0.0,0.0
2024-06-04 00:00:00+09:00,13830.0,14150.0,13620.0,13900.0,77372,0.0,0.0
2024-06-05 00:00:00+09:00,14170.0,14440.0,13600.0,13780.0,99559,0.0,0.0
2024-06-07 00:00:00+09:00,13720.0,14080.0,13400.0,13650.0,68111,0.0,0.0
2024-06-10 00:00:00+09:00,13650.0,13930.0,13500.0,13730.0,51509,0.0,0.0
2024-06-11 00:00:00+09:00,13800.0,14730.0,13600.0,14150.0,197028,0.0,0.0
2024-06-12 00:00:00+09:00,14670.0,15300.0,14260.0,14840.0,380570,0.0,0.0
2024-06-13 00:00:00+09:00,14950.0,15300.0,14750.0,15050.0,246111,0.0,0.0
2024-06-14 00:00:00+09:00,15660.0,15730.0,14580.0,14580.0,569454,0.0,0.0
2024-06-17 00:00:00+09:00,14860.0,15140.0,14560.0,14600.0,220168,0.0,0.0
2024-06-18 00:00:00+09:00,15000.0,15000.0,14280.0,14450.0,149609,0.0,0.0
2024-06-19 00:00:00+09:00,14300.0,14580.0,14150.0,14460.0,141645,0.0,0.0
2024-06-20 00:00:00+09:00,14460.0,14470.0,14110.0,14200.0,93517,0.0,0.0
2024-06-21 00:00:00+09:00,14220.0,14330.0,13830.0,14000.0,76403,0.0,0.0
2024-06-24 00:00:00+09:00,13920.0,13980.0,12960.0,13150.0,140306,0.0,0.0
2024-06-25 00:00:00+09:00,13740.0,16500.0,13700.0,15220.0,5924140,0.0,0.0
2024-06-26 00:00:00+09:00,15050.0,15460.0,14250.0,14630.0,1077849,0.0,0.0
2024-06-27 00:00:00+09:00,14630.0,14700.0,13580.0,13580.0,521007,0.0,0.0
2024-06-28 00:00:00+09:00,13400.0,13690.0,13130.0,13610.0,296111,0.0,0.0
2024-07-01 00:00:00+09:00,13700.0,13920.0,13650.0,13730.0,212836,0.0,0.0
2024-07-02 00:00:00+09:00,13540.0,13740.0,13170.0,13190.0,147726,0.0,0.0
2024-07-03 00:00:00+09:00,13370.0,13440.0,13140.0,13190.0,116568,0.0,0.0
2024-07-04 00:00:00+09:00,13410.0,13410.0,13050.0,13050.0,90845,0.0,0.0
2024-07-05 00:00:00+09:00,13050.0,13290.0,13000.0,13080.0,87034,0.0,0.0
2024-07-08 00:00:00+09:00,13100.0,13430.0,13100.0,13260.0,73564,0.0,0.0
2024-07-09 00:00:00+09:00,13360.0,13360.0,13080.0,13130.0,83404,0.0,0.0
2024-07-10 00:00:00+09:00,13190.0,13190.0,12950.0,12960.0,114768,0.0,0.0
2024-07-11 00:00:00+09:00,13000.0,13000.0,12780.0,12800.0,88405,0.0,0.0
2024-07-12 00:00:00+09:00,12680.0,12730.0,12500.0,12630.0,76418,0.0,0.0
2024-07-15 00:00:00+09:00,12670.0,12680.0,12460.0,12520.0,66001,0.0,0.0
2024-07-16 00:00:00+09:00,12410.0,12520.0,12020.0,12100.0,135734,0.0,0.0
2024-07-17 00:00:00+09:00,12050.0,12200.0,11780.0,11780.0,95315,0.0,0.0
2024-07-18 00:00:00+09:00,11640.0,11780.0,11460.0,11570.0,69886,0.0,0.0
2024-07-19 00:00:00+09:00,11520.0,11850.0,11520.0,11750.0,58277,0.0,0.0
2024-07-22 00:00:00+09:00,11750.0,11750.0,10920.0,11060.0,114044,0.0,0.0
2024-07-23 00:00:00+09:00,11150.0,11250.0,10620.0,10710.0,77884,0.0,0.0
2024-07-24 00:00:00+09:00,10500.0,10710.0,10250.0,10370.0,133211,0.0,0.0
2024-07-25 00:00:00+09:00,10110.0,10160.0,9750.0,9980.0,112736,0.0,0.0
2024-07-26 00:00:00+09:00,9910.0,10050.0,9800.0,9920.0,58734,0.0,0.0
2024-07-29 00:00:00+09:00,9930.0,10090.0,9830.0,9950.0,59712,0.0,0.0
2024-07-30 00:00:00+09:00,9850.0,10440.0,9850.0,9900.0,88981,0.0,0.0
2024-07-31 00:00:00+09:00,9900.0,9950.0,9480.0,9750.0,123346,0.0,0.0
2024-08-01 00:00:00+09:00,9770.0,10150.0,9770.0,9880.0,50443,0.0,0.0
2024-08-02 00:00:00+09:00,9570.0,9680.0,9430.0,9430.0,92537,0.0,0.0
2024-08-05 00:00:00+09:00,9340.0,9430.0,7670.0,7920.0,190042,0.0,0.0
2024-08-06 00:00:00+09:00,7660.0,8580.0,7660.0,8580.0,122536,0.0,0.0
2024-08-07 00:00:00+09:00,8580.0,10930.0,8410.0,10050.0,976432,0.0,0.0
2024-08-08 00:00:00+09:00,9840.0,12390.0,9690.0,11590.0,2184082,0.0,0.0
2024-08-09 00:00:00+09:00,11900.0,12250.0,11410.0,12040.0,664027,0.0,0.0
2024-08-12 00:00:00+09:00,12240.0,14960.0,11650.0,14010.0,7052907,0.0,0.0
2024-08-13 00:00:00+09:00,13700.0,13990.0,12400.0,12530.0,1492607,0.0,0.0
2024-08-14 00:00:00+09:00,12790.0,13010.0,11850.0,11850.0,680270,0.0,0.0
2024-08-16 00:00:00+09:00,11850.0,12700.0,11180.0,11410.0,912100,0.0,0.0
2024-08-19 00:00:00+09:00,11770.0,12480.0,11550.0,11950.0,844321,0.0,0.0
2024-08-20 00:00:00+09:00,11780.0,14410.0,11610.0,13230.0,8408013,0.0,0.0
2024-08-21 00:00:00+09:00,12860.0,13400.0,12630.0,12870.0,866834,0.0,0.0
2024-08-22 00:00:00+09:00,13200.0,13650.0,12090.0,12090.0,962562,0.0,0.0
2024-08-23 00:00:00+09:00,11910.0,13590.0,11900.0,12730.0,2586176,0.0,0.0
2024-08-26 00:00:00+09:00,12450.0,13400.0,12450.0,12940.0,1201012,0.0,0.0
2024-08-27 00:00:00+09:00,12730.0,14880.0,12650.0,13980.0,4566408,0.0,0.0
2024-08-28 00:00:00+09:00,13710.0,14830.0,13150.0,13690.0,1842424,0.0,0.0
2024-08-29 00:00:00+09:00,14240.0,15200.0,13810.0,13910.0,3070636,0.0,0.0
2024-08-30 00:00:00+09:00,13720.0,14150.0,13290.0,13730.0,515227,0.0,0.0
2024-09-02 00:00:00+09:00,13600.0,13700.0,12750.0,12780.0,396653,0.0,0.0
2024-09-03 00:00:00+09:00,12780.0,13130.0,12000.0,12030.0,393795,0.0,0.0
2024-09-04 00:00:00+09:00,11090.0,11790.0,11090.0,11430.0,333006,0.0,0.0
2024-09-05 00:00:00+09:00,11440.0,11900.0,10700.0,11780.0,417316,0.0,0.0
2024-09-06 00:00:00+09:00,12450.0,12800.0,10810.0,10810.0,705280,0.0,0.0
2024-09-09 00:00:00+09:00,10510.0,10850.0,10400.0,10430.0,155197,0.0,0.0
2024-09-10 00:00:00+09:00,10500.0,10820.0,10020.0,10020.0,197013,0.0,0.0
2024-09-11 00:00:00+09:00,10060.0,10470.0,10060.0,10240.0,105691,0.0,0.0
2024-09-12 00:00:00+09:00,10310.0,10730.0,10310.0,10350.0,155543,0.0,0.0
2024-09-13 00:00:00+09:00,10390.0,11950.0,10350.0,10750.0,1127088,0.0,0.0
2024-09-19 00:00:00+09:00,10750.0,10900.0,10400.0,10510.0,136731,0.0,0.0
2024-09-20 00:00:00+09:00,10830.0,10840.0,10430.0,10480.0,101373,0.0,0.0
2024-09-23 00:00:00+09:00,10530.0,10810.0,10430.0,10550.0,136024,0.0,0.0
2024-09-24 00:00:00+09:00,10490.0,10920.0,10490.0,10810.0,127784,0.0,0.0
2024-09-25 00:00:00+09:00,10760.0,11300.0,10730.0,11150.0,184652,0.0,0.0
2024-09-26 00:00:00+09:00,11110.0,11300.0,11010.0,11250.0,111429,0.0,0.0
2024-09-27 00:00:00+09:00,11300.0,11300.0,11020.0,11090.0,71493,0.0,0.0
2024-09-30 00:00:00+09:00,11200.0,11200.0,10870.0,11010.0,74718,0.0,0.0
2024-10-02 00:00:00+09:00,10810.0,11000.0,10530.0,10620.0,81009,0.0,0.0
2024-10-04 00:00:00+09:00,10540.0,10790.0,10250.0,10260.0,102522,0.0,0.0
2024-10-07 00:00:00+09:00,10280.0,11070.0,10280.0,10950.0,164442,0.0,0.0
2024-10-08 00:00:00+09:00,10850.0,11050.0,10630.0,10670.0,48515,0.0,0.0
2024-10-10 00:00:00+09:00,11080.0,11500.0,10830.0,10910.0,188343,0.0,0.0
2024-10-11 00:00:00+09:00,10800.0,11030.0,10550.0,10550.0,69432,0.0,0.0
2024-10-14 00:00:00+09:00,10770.0,10800.0,10600.0,10680.0,88245,0.0,0.0
2024-10-15 00:00:00+09:00,10550.0,10750.0,10400.0,10430.0,58269,0.0,0.0
2024-10-16 00:00:00+09:00,10430.0,11000.0,10430.0,10600.0,171465,0.0,0.0
2024-10-17 00:00:00+09:00,10600.0,11230.0,10300.0,11000.0,183248,0.0,0.0
2024-10-18 00:00:00+09:00,10850.0,10950.0,10580.0,10790.0,79825,0.0,0.0
2024-10-21 00:00:00+09:00,10690.0,10840.0,10550.0,10580.0,42336,0.0,0.0
2024-10-22 00:00:00+09:00,10490.0,10720.0,10100.0,10120.0,87070,0.0,0.0
2024-10-23 00:00:00+09:00,10130.0,10280.0,9730.0,10020.0,60249,0.0,0.0
2024-10-24 00:00:00+09:00,9890.0,10010.0,9690.0,9700.0,70818,0.0,0.0
2024-10-25 00:00:00+09:00,9800.0,9860.0,9350.0,9360.0,66587,0.0,0.0
2024-10-28 00:00:00+09:00,9310.0,9700.0,8960.0,9500.0,58358,0.0,0.0
2024-10-29 00:00:00+09:00,9400.0,9550.0,9200.0,9290.0,66593,0.0,0.0
2024-10-30 00:00:00+09:00,9290.0,9370.0,9110.0,9230.0,43647,0.0,0.0
2024-10-31 00:00:00+09:00,9070.0,9410.0,9020.0,9240.0,44032,0.0,0.0
2024-11-01 00:00:00+09:00,9230.0,9230.0,8970.0,9010.0,83642,0.0,0.0
2024-11-04 00:00:00+09:00,9000.0,9430.0,8950.0,9300.0,39436,0.0,0.0
2024-11-05 00:00:00+09:00,9260.0,9520.0,9180.0,9350.0,46377,0.0,0.0
2024-11-06 00:00:00+09:00,9360.0,9480.0,8800.0,8840.0,76152,0.0,0.0
2024-11-07 00:00:00+09:00,8800.0,8840.0,8480.0,8550.0,82019,0.0,0.0
2024-11-08 00:00:00+09:00,8570.0,9060.0,8570.0,8750.0,52728,0.0,0.0
2024-11-11 00:00:00+09:00,8760.0,8770.0,8170.0,8220.0,84911,0.0,0.0
2024-11-12 00:00:00+09:00,8220.0,8240.0,7800.0,7870.0,125991,0.0,0.0
2024-11-13 00:00:00+09:00,7800.0,8000.0,7510.0,7530.0,105622,0.0,0.0
2024-11-14 00:00:00+09:00,7700.0,7990.0,7180.0,7180.0,82206,0.0,0.0
2024-11-15 00:00:00+09:00,7140.0,7400.0,7020.0,7300.0,87187,0.0,0.0
2024-11-18 00:00:00+09:00,7210.0,7470.0,7120.0,7300.0,65107,0.0,0.0
2024-11-19 00:00:00+09:00,7240.0,7270.0,7000.0,7110.0,80163,0.0,0.0
2024-11-20 00:00:00+09:00,7020.0,7100.0,6780.0,6870.0,100217,0.0,0.0
2024-11-21 00:00:00+09:00,6850.0,6920.0,6580.0,6670.0,125052,0.0,0.0
2024-11-22 00:00:00+09:00,6580.0,6740.0,6460.0,6470.0,139011,0.0,0.0
2024-11-25 00:00:00+09:00,6450.0,6690.0,6450.0,6580.0,122139,0.0,0.0
2024-11-26 00:00:00+09:00,6530.0,6570.0,6270.0,6330.0,161021,0.0,0.0
2024-11-27 00:00:00+09:00,6300.0,6380.0,6120.0,6150.0,142523,0.0,0.0
2024-11-28 00:00:00+09:00,6110.0,7990.0,6110.0,7990.0,2970149,0.0,0.0
2024-11-29 00:00:00+09:00,8560.0,9900.0,8560.0,9000.0,9895378,0.0,0.0
2024-12-02 00:00:00+09:00,9100.0,9140.0,8730.0,8920.0,1576922,0.0,0.0
2024-12-03 00:00:00+09:00,9060.0,9930.0,8910.0,9070.0,3709703,0.0,0.0
2024-12-04 00:00:00+09:00,8770.0,9000.0,8120.0,8280.0,555573,0.0,0.0
2024-12-05 00:00:00+09:00,8350.0,8360.0,7700.0,7900.0,496479,0.0,0.0
2024-12-06 00:00:00+09:00,7750.0,7890.0,7210.0,7310.0,390688,0.0,0.0
2024-12-09 00:00:00+09:00,6990.0,7150.0,6550.0,6560.0,319574,0.0,0.0
2024-12-10 00:00:00+09:00,6560.0,7750.0,6560.0,7300.0,1102354,0.0,0.0
2024-12-11 00:00:00+09:00,7230.0,7520.0,7230.0,7410.0,247267,0.0,0.0
2024-12-12 00:00:00+09:00,7550.0,7590.0,7260.0,7460.0,136534,0.0,0.0
2024-12-13 00:00:00+09:00,7460.0,7700.0,7380.0,7540.0,175366,0.0,0.0
2024-12-16 00:00:00+09:00,7820.0,8540.0,7730.0,8320.0,590179,0.0,0.0
2024-12-17 00:00:00+09:00,8320.0,8360.0,8080.0,8170.0,453485,0.0,0.0
2024-12-18 00:00:00+09:00,8220.0,8300.0,8040.0,8250.0,118840,0.0,0.0
2024-12-19 00:00:00+09:00,8010.0,8010.0,7790.0,7790.0,124198,0.0,0.0
2024-12-20 00:00:00+09:00,7750.0,7820.0,7230.0,7230.0,140170,0.0,0.0
2024-12-23 00:00:00+09:00,7260.0,7880.0,7260.0,7530.0,70664,0.0,0.0
2024-12-24 00:00:00+09:00,7490.0,7650.0,7210.0,7210.0,96151,0.0,0.0
2024-12-26 00:00:00+09:00,7270.0,7400.0,7160.0,7260.0,72345,0.0,0.0
2024-12-27 00:00:00+09:00,7130.0,7220.0,6850.0,6990.0,120003,0.0,0.0
2024-12-30 00:00:00+09:00,6770.0,7150.0,6770.0,7100.0,38572,0.0,0.0
2025-01-02 00:00:00+09:00,7030.0,7240.0,6430.0,6970.0,158269,0.0,0.0
2025-01-03 00:00:00+09:00,6960.0,7320.0,6840.0,7230.0,95216,0.0,0.0
2025-01-06 00:00:00+09:00,7250.0,7370.0,7240.0,7310.0,66862,0.0,0.0
2025-01-07 00:00:00+09:00,7260.0,7420.0,7260.0,7290.0,59475,0.0,0.0
2025-01-08 00:00:00+09:00,7230.0,7400.0,7180.0,7360.0,51114,0.0,0.0
2025-01-09 00:00:00+09:00,7350.0,7400.0,7180.0,7390.0,59920,0.0,0.0
2025-01-10 00:00:00+09:00,7400.0,7420.0,7180.0,7250.0,55311,0.0,0.0
2025-01-13 00:00:00+09:00,7240.0,7320.0,7000.0,7080.0,64724,0.0,0.0
2025-01-14 00:00:00+09:00,7080.0,7280.0,7050.0,7190.0,36608,0.0,0.0
2025-01-15 00:00:00+09:00,7150.0,7310.0,7020.0,7030.0,67067,0.0,0.0
2025-01-16 00:00:00+09:00,7100.0,7310.0,7060.0,7100.0,68966,0.0,0.0
2025-01-17 00:00:00+09:00,7100.0,7190.0,7010.0,7030.0,52619,0.0,0.0
2025-01-20 00:00:00+09:00,7040.0,8340.0,7040.0,7880.0,2274829,0.0,0.0
2025-01-21 00:00:00+09:00,7860.0,7870.0,7390.0,7410.0,258578,0.0,0.0
2025-01-22 00:00:00+09:00,7490.0,7570.0,7280.0,7350.0,452877,0.0,0.0
2025-01-23 00:00:00+09:00,7350.0,7400.0,7020.0,7030.0,149290,0.0,0.0
2025-01-24 00:00:00+09:00,7010.0,7150.0,7000.0,7070.0,52789,0.0,0.0
2025-01-31 00:00:00+09:00,7090.0,7150.0,6930.0,7040.0,54712,0.0,0.0
2025-02-03 00:00:00+09:00,7040.0,7040.0,6580.0,6600.0,143778,0.0,0.0
2025-02-04 00:00:00+09:00,6620.0,6810.0,6590.0,6640.0,61290,0.0,0.0
2025-02-05 00:00:00+09:00,6580.0,6890.0,6580.0,6780.0,60483,0.0,0.0
2025-02-06 00:00:00+09:00,7000.0,7000.0,6790.0,6920.0,37159,0.0,0.0
2025-02-07 00:00:00+09:00,6950.0,7060.0,6860.0,6930.0,40783,0.0,0.0
2025-02-10 00:00:00+09:00,6760.0,6980.0,6670.0,6960.0,69127,0.0,0.0
2025-02-11 00:00:00+09:00,7040.0,7500.0,6970.0,7100.0,149269,0.0,0.0
2025-02-12 00:00:00+09:00,7070.0,7150.0,6960.0,7100.0,64540,0.0,0.0
2025-02-13 00:00:00+09:00,7070.0,7270.0,7060.0,7200.0,83315,0.0,0.0
2025-02-14 00:00:00+09:00,7250.0,7340.0,7170.0,7170.0,75231,0.0,0.0
2025-02-17 00:00:00+09:00,7110.0,7280.0,7070.0,7160.0,76622,0.0,0.0
2025-02-18 00:00:00+09:00,7170.0,7200.0,7100.0,7170.0,50099,0.0,0.0
2025-02-19 00:00:00+09:00,7200.0,7550.0,7190.0,7520.0,200872,0.0,0.0
2025-02-20 00:00:00+09:00,7500.0,7530.0,7290.0,7370.0,121357,0.0,0.0
2025-02-21 00:00:00+09:00,7360.0,7840.0,7360.0,7640.0,225124,0.0,0.0
2025-02-24 00:00:00+09:00,7450.0,8190.0,7440.0,7900.0,682177,0.0,0.0
2025-02-25 00:00:00+09:00,7830.0,8440.0,7720.0,7780.0,409320,0.0,0.0
2025-02-26 00:00:00+09:00,7810.0,7940.0,7700.0,7760.0,105650,0.0,0.0
2025-02-27 00:00:00+09:00,7830.0,7920.0,7590.0,7600.0,77910,0.0,0.0
2025-02-28 00:00:00+09:00,7470.0,7590.0,7260.0,7260.0,90161,0.0,0.0
2025-03-04 00:00:00+09:00,7030.0,7070.0,6920.0,6940.0,84125,0.0,0.0
2025-03-05 00:00:00+09:00,6940.0,7100.0,6860.0,7010.0,63038,0.0,0.0
2025-03-06 00:00:00+09:00,7100.0,7150.0,6760.0,6860.0,112802,0.0,0.0
2025-03-07 00:00:00+09:00,6790.0,7100.0,6730.0,6940.0,57794,0.0,0.0
2025-03-10 00:00:00+09:00,6900.0,7080.0,6820.0,6860.0,25440,0.0,0.0
2025-03-11 00:00:00+09:00,6600.0,6810.0,6500.0,6800.0,59726,0.0,0.0
2025-03-12 00:00:00+09:00,6790.0,6950.0,6730.0,6850.0,42588,0.0,0.0
2025-03-13 00:00:00+09:00,6840.0,6990.0,6760.0,6800.0,73401,0.0,0.0
2025-03-14 00:00:00+09:00,6750.0,7030.0,6750.0,7000.0,36573,0.0,0.0
2025-03-17 00:00:00+09:00,6960.0,7000.0,6820.0,6900.0,52169,0.0,0.0
2025-03-18 00:00:00+09:00,6870.0,6970.0,6810.0,6840.0,32356,0.0,0.0
2025-03-19 00:00:00+09:00,6860.0,6980.0,6810.0,6930.0,60681,0.0,0.0
2025-03-20 00:00:00+09:00,6960.0,6990.0,6710.0,6750.0,60719,0.0,0.0
2025-03-21 00:00:00+09:00,6770.0,6810.0,6570.0,6720.0,54367,0.0,0.0
2025-03-24 00:00:00+09:00,6720.0,7490.0,6640.0,6910.0,295644,0.0,0.0
2025-03-25 00:00:00+09:00,6920.0,7750.0,6920.0,7200.0,606972,0.0,0.0
2025-03-26 00:00:00+09:00,7200.0,7250.0,7110.0,7160.0,76953,0.0,0.0
2025-03-27 00:00:00+09:00,7070.0,7120.0,6930.0,6990.0,66570,0.0,0.0
2025-03-28 00:00:00+09:00,7000.0,7000.0,6690.0,6690.0,90621,0.0,0.0
2025-03-31 00:00:00+09:00,6600.0,6680.0,6240.0,6240.0,74800,0.0,0.0
2025-04-01 00:00:00+09:00,6140.0,6380.0,6140.0,6260.0,74407,0.0,0.0
2025-04-02 00:00:00+09:00,6410.0,6490.0,6080.0,6130.0,48865,0.0,0.0
2025-04-03 00:00:00+09:00,6000.0,6150.0,5970.0,6040.0,31247,0.0,0.0
2025-04-04 00:00:00+09:00,5920.0,6200.0,5920.0,6200.0,39122,0.0,0.0
2025-04-07 00:00:00+09:00,6000.0,6150.0,5860.0,5910.0,57884,0.0,0.0
2025-04-08 00:00:00+09:00,5750.0,6090.0,5700.0,5700.0,71651,0.0,0.0
2025-04-09 00:00:00+09:00,5600.0,5750.0,5370.0,5450.0,87812,0.0,0.0
2025-04-10 00:00:00+09:00,5630.0,5830.0,5600.0,5710.0,44984,0.0,0.0
2025-04-11 00:00:00+09:00,5510.0,5840.0,5490.0,5840.0,60113,0.0,0.0
2025-04-14 00:00:00+09:00,5840.0,6030.0,5840.0,5940.0,27731,0.0,0.0
2025-04-15 00:00:00+09:00,6030.0,6160.0,5940.0,6090.0,56506,0.0,0.0
2025-04-16 00:00:00+09:00,6170.0,6470.0,6040.0,6200.0,112049,0.0,0.0
2025-04-17 00:00:00+09:00,6210.0,6450.0,6210.0,6320.0,23844,0.0,0.0
2025-04-18 00:00:00+09:00,6330.0,6400.0,6210.0,6210.0,30850,0.0,0.0
2025-04-21 00:00:00+09:00,6210.0,6350.0,6160.0,6160.0,12455,0.0,0.0
2025-04-22 00:00:00+09:00,6110.0,6190.0,6070.0,6170.0,15941,0.0,0.0
2025-04-23 00:00:00+09:00,6320.0,6520.0,6150.0,6240.0,100495,0.0,0.0
2025-04-24 00:00:00+09:00,6350.0,6360.0,6230.0,6260.0,18827,0.0,0.0
2025-04-25 00:00:00+09:00,6280.0,6500.0,6270.0,6400.0,33775,0.0,0.0
2025-04-28 00:00:00+09:00,6490.0,6520.0,6320.0,6320.0,22500,0.0,0.0
2025-04-29 00:00:00+09:00,6330.0,6440.0,6260.0,6350.0,22270,0.0,0.0
2025-04-30 00:00:00+09:00,6360.0,6380.0,6190.0,6190.0,26940,0.0,0.0
2025-05-02 00:00:00+09:00,6240.0,6340.0,6220.0,6270.0,14396,0.0,0.0
2025-05-07 00:00:00+09:00,6120.0,6320.0,6110.0,6210.0,24333,0.0,0.0
2025-05-08 00:00:00+09:00,6220.0,6410.0,6220.0,6380.0,21487,0.0,0.0
2025-05-09 00:00:00+09:00,6420.0,6420.0,6240.0,6360.0,23940,0.0,0.0
2025-05-12 00:00:00+09:00,6360.0,6420.0,6210.0,6340.0,24060,0.0,0.0
2025-05-13 00:00:00+09:00,6390.0,6580.0,6340.0,6460.0,52279,0.0,0.0
2025-05-14 00:00:00+09:00,6500.0,6630.0,6370.0,6550.0,35651,0.0,0.0
2025-05-15 00:00:00+09:00,6550.0,6550.0,6410.0,6450.0,29569,0.0,0.0
2025-05-16 00:00:00+09:00,6450.0,6500.0,6280.0,6330.0,26323,0.0,0.0
2025-05-19 00:00:00+09:00,6300.0,6300.0,6100.0,6250.0,32258,0.0,0.0
2025-05-20 00:00:00+09:00,6350.0,6350.0,6060.0,6080.0,31616,0.0,0.0
2025-05-21 00:00:00+09:00,6080.0,6260.0,6080.0,6150.0,23858,0.0,0.0
2025-05-22 00:00:00+09:00,6140.0,6140.0,5930.0,5970.0,37547,0.0,0.0
2025-05-23 00:00:00+09:00,5930.0,5930.0,5760.0,5780.0,54830,0.0,0.0
2025-05-26 00:00:00+09:00,5720.0,5890.0,5680.0,5680.0,25381,0.0,0.0
2025-05-27 00:00:00+09:00,5960.0,5960.0,5540.0,5560.0,23480,0.0,0.0
2025-05-28 00:00:00+09:00,5580.0,5800.0,5580.0,5760.0,39599,0.0,0.0
2025-05-29 00:00:00+09:00,5800.0,5890.0,5760.0,5840.0,23138,0.0,0.0
2025-05-30 00:00:00+09:00,5930.0,5930.0,5700.0,5790.0,12617,0.0,0.0
2025-06-02 00:00:00+09:00,5940.0,5940.0,5670.0,5700.0,30684,0.0,0.0
2025-06-04 00:00:00+09:00,5680.0,5860.0,5680.0,5800.0,25316,0.0,0.0
2025-06-05 00:00:00+09:00,5810.0,6010.0,5810.0,5890.0,26928,0.0,0.0
2025-06-09 00:00:00+09:00,5840.0,5890.0,5770.0,5830.0,19406,0.0,0.0
2025-06-10 00:00:00+09:00,5830.0,5910.0,5770.0,5850.0,21183,0.0,0.0
2025-06-11 00:00:00+09:00,5850.0,5960.0,5830.0,5930.0,23502,0.0,0.0
2025-06-12 00:00:00+09:00,5930.0,6030.0,5880.0,5990.0,24030,0.0,0.0
2025-06-13 00:00:00+09:00,6000.0,6040.0,5700.0,5750.0,39798,0.0,0.0
2025-06-16 00:00:00+09:00,5760.0,5760.0,5570.0,5600.0,33533,0.0,0.0
2025-06-17 00:00:00+09:00,5650.0,5660.0,5400.0,5440.0,72963,0.0,0.0
2025-06-18 00:00:00+09:00,5410.0,5580.0,5340.0,5410.0,60801,0.0,0.0
2025-06-19 00:00:00+09:00,5710.0,5710.0,5400.0,5490.0,42799,0.0,0.0
2025-06-20 00:00:00+09:00,5480.0,5540.0,5390.0,5490.0,34153,0.0,0.0
2025-06-23 00:00:00+09:00,5480.0,5480.0,5270.0,5320.0,32322,0.0,0.0
2025-06-24 00:00:00+09:00,5360.0,5590.0,5360.0,5530.0,41118,0.0,0.0
2025-06-25 00:00:00+09:00,5630.0,5630.0,5460.0,5600.0,18722,0.0,0.0
2025-06-26 00:00:00+09:00,5620.0,5650.0,5370.0,5550.0,28171,0.0,0.0
2025-06-27 00:00:00+09:00,5510.0,5520.0,5380.0,5480.0,17359,0.0,0.0
2025-06-30 00:00:00+09:00,5440.0,5540.0,5260.0,5370.0,17745,0.0,0.0
2025-07-01 00:00:00+09:00,5330.0,5490.0,5330.0,5440.0,12978,0.0,0.0
2025-07-02 00:00:00+09:00,5390.0,5410.0,5290.0,5340.0,27527,0.0,0.0
2025-07-03 00:00:00+09:00,5310.0,5450.0,5310.0,5360.0,36100,0.0,0.0
2025-07-04 00:00:00+09:00,5370.0,5520.0,5330.0,5370.0,35082,0.0,0.0
2025-07-07 00:00:00+09:00,5500.0,5500.0,5290.0,5310.0,26948,0.0,0.0
2025-07-08 00:00:00+09:00,5310.0,5380.0,5180.0,5310.0,38789,0.0,0.0
2025-07-09 00:00:00+09:00,5250.0,5290.0,5170.0,5180.0,30833,0.0,0.0
2025-07-10 00:00:00+09:00,5180.0,5290.0,5170.0,5240.0,15277,0.0,0.0
2025-07-11 00:00:00+09:00,5280.0,5410.0,5260.0,5330.0,37873,0.0,0.0
2025-07-14 00:00:00+09:00,5340.0,5400.0,5280.0,5380.0,25154,0.0,0.0
2025-07-15 00:00:00+09:00,5400.0,5430.0,5260.0,5400.0,33390,0.0,0.0
2025-07-16 00:00:00+09:00,5380.0,5380.0,5290.0,5300.0,11589,0.0,0.0
2025-07-17 00:00:00+09:00,5330.0,5330.0,5210.0,5260.0,25098,0.0,0.0
2025-07-18 00:00:00+09:00,5360.0,5460.0,5300.0,5420.0,52442,0.0,0.0
2025-07-21 00:00:00+09:00,5450.0,5600.0,5370.0,5600.0,37938,0.0,0.0
2025-07-22 00:00:00+09:00,5610.0,5630.0,5370.0,5410.0,41601,0.0,0.0
2025-07-23 00:00:00+09:00,5410.0,5440.0,5300.0,5310.0,34625,0.0,0.0
2025-07-24 00:00:00+09:00,5270.0,5500.0,5270.0,5360.0,19921,0.0,0.0
2025-07-25 00:00:00+09:00,5360.0,5480.0,5330.0,5390.0,19880,0.0,0.0
2025-07-28 00:00:00+09:00,5390.0,5460.0,5260.0,5370.0,18354,0.0,0.0
2025-07-29 00:00:00+09:00,5330.0,5400.0,5250.0,5320.0,18967,0.0,0.0
2025-07-30 00:00:00+09:00,5270.0,5410.0,5250.0,5390.0,30544,0.0,0.0
2025-07-31 00:00:00+09:00,5360.0,5480.0,5320.0,5350.0,21544,0.0,0.0
2025-08-01 00:00:00+09:00,5400.0,5400.0,5030.0,5050.0,60613,0.0,0.0
2025-08-04 00:00:00+09:00,5000.0,5200.0,5000.0,5160.0,14870,0.0,0.0
2025-08-05 00:00:00+09:00,5130.0,5470.0,5130.0,5390.0,39137,0.0,0.0
2025-08-06 00:00:00+09:00,5340.0,5500.0,5290.0,5320.0,32396,0.0,0.0
2025-08-07 00:00:00+09:00,5300.0,5370.0,5275.0,5290.0,18731,0.0,0.0
2025-08-08 00:00:00+09:00,5350.0,5350.0,5250.0,5270.0,14349,0.0,0.0
2025-08-11 00:00:00+09:00,5280.0,5490.0,5190.0,5380.0,52013,0.0,0.0
2025-08-12 00:00:00+09:00,5340.0,5480.0,5330.0,5460.0,32521,0.0,0.0
2025-08-13 00:00:00+09:00,5500.0,5690.0,5460.0,5600.0,80670,0.0,0.0
2025-08-14 00:00:00+09:00,5550.0,5770.0,5540.0,5600.0,53039,0.0,0.0
2025-08-18 00:00:00+09:00,5550.0,5740.0,5400.0,5430.0,19984,0.0,0.0
2025-08-19 00:00:00+09:00,5460.0,5470.0,5260.0,5440.0,18067,0.0,0.0
2025-08-20 00:00:00+09:00,5380.0,5420.0,5220.0,5280.0,23898,0.0,0.0
2025-08-21 00:00:00+09:00,5300.0,5380.0,5240.0,5320.0,8441,0.0,0.0
2025-08-22 00:00:00+09:00,5350.0,5370.0,5110.0,5110.0,30597,0.0,0.0
2025-08-25 00:00:00+09:00,5200.0,5300.0,5130.0,5240.0,20257,0.0,0.0
2025-08-26 00:00:00+09:00,5250.0,5420.0,5140.0,5230.0,9028,0.0,0.0
2025-08-27 00:00:00+09:00,5180.0,5240.0,5060.0,5100.0,26968,0.0,0.0
2025-08-28 00:00:00+09:00,5070.0,5180.0,5010.0,5040.0,23881,0.0,0.0
2025-08-29 00:00:00+09:00,5080.0,5080.0,4875.0,4930.0,87197,0.0,0.0
2025-09-01 00:00:00+09:00,4930.0,4930.0,4595.0,4675.0,96262,0.0,0.0
2025-09-02 00:00:00+09:00,4675.0,4800.0,4655.0,4725.0,56364,0.0,0.0
2025-09-03 00:00:00+09:00,5600.0,5800.0,4885.0,4955.0,448438,0.0,0.0
2025-09-04 00:00:00+09:00,4970.0,4985.0,4880.0,4910.0,44680,0.0,0.0
2025-09-05 00:00:00+09:00,4900.0,4950.0,4810.0,4945.0,49389,0.0,0.0
2025-09-08 00:00:00+09:00,4910.0,4990.0,4860.0,4880.0,39739,0.0,0.0
2025-09-09 00:00:00+09:00,4880.0,4905.0,4835.0,4850.0,31073,0.0,0.0
2025-09-10 00:00:00+09:00,4865.0,4905.0,4815.0,4900.0,47959,0.0,0.0
2025-09-11 00:00:00+09:00,4910.0,4920.0,4825.0,4845.0,31735,0.0,0.0
2025-09-12 00:00:00+09:00,4900.0,4920.0,4845.0,4920.0,35050,0.0,0.0
2025-09-15 00:00:00+09:00,4900.0,4985.0,4900.0,4920.0,22022,0.0,0.0
2025-09-16 00:00:00+09:00,4925.0,5050.0,4925.0,5000.0,44913,0.0,0.0
2025-09-17 00:00:00+09:00,4990.0,5040.0,4955.0,5000.0,25343,0.0,0.0
2025-09-18 00:00:00+09:00,5020.0,5040.0,4970.0,5010.0,56010,0.0,0.0
2025-09-22 00:00:00+09:00,4885.0,4950.0,4825.0,4830.0,24499,0.0,0.0
2025-09-23 00:00:00+09:00,4865.0,4940.0,4780.0,4780.0,24207,0.0,0.0
2025-09-24 00:00:00+09:00,4780.0,4890.0,4650.0,4730.0,32588,0.0,0.0
2025-09-25 00:00:00+09:00,4730.0,4780.0,4650.0,4775.0,14854,0.0,0.0
2025-09-26 00:00:00+09:00,4755.0,4860.0,4625.0,4635.0,29080,0.0,0.0
2025-09-29 00:00:00+09:00,5360.0,5360.0,4910.0,4945.0,341821,0.0,0.0
2025-09-30 00:00:00+09:00,4900.0,4975.0,4810.0,4865.0,51273,0.0,0.0
2025-10-01 00:00:00+09:00,4865.0,4865.0,4735.0,4745.0,46286,0.0,0.0
2025-10-02 00:00:00+09:00,4745.0,4850.0,4710.0,4820.0,29431,0.0,0.0
2025-10-10 00:00:00+09:00,4800.0,4800.0,4565.0,4600.0,90850,0.0,0.0
2025-10-13 00:00:00+09:00,4515.0,4600.0,4470.0,4470.0,53288,0.0,0.0
2025-10-14 00:00:00+09:00,4515.0,4645.0,4510.0,4545.0,45328,0.0,0.0
2025-10-15 00:00:00+09:00,4530.0,4690.0,4530.0,4670.0,28469,0.0,0.0
2025-10-16 00:00:00+09:00,4740.0,4945.0,4725.0,4915.0,90264,0.0,0.0
2025-10-17 00:00:00+09:00,4900.0,5170.0,4735.0,5120.0,135009,0.0,0.0
2025-10-20 00:00:00+09:00,5070.0,5120.0,4895.0,5020.0,30569,0.0,0.0
2025-10-21 00:00:00+09:00,5030.0,5140.0,4860.0,4995.0,60362,0.0,0.0
2025-10-22 00:00:00+09:00,5070.0,5160.0,4950.0,5140.0,44963,0.0,0.0
2025-10-23 00:00:00+09:00,5130.0,5190.0,5030.0,5040.0,19846,0.0,0.0
2025-10-24 00:00:00+09:00,5000.0,5550.0,4985.0,5460.0,211961,0.0,0.0
2025-10-27 00:00:00+09:00,5530.0,5530.0,5270.0,5290.0,53026,0.0,0.0
2025-10-28 00:00:00+09:00,5290.0,5370.0,5100.0,5290.0,33250,0.0,0.0
2025-10-29 00:00:00+09:00,5300.0,5380.0,5190.0,5270.0,34370,0.0,0.0
2025-10-30 00:00:00+09:00,5270.0,5280.0,4900.0,4935.0,59231,0.0,0.0
2025-10-31 00:00:00+09:00,5510.0,5510.0,4950.0,4980.0,57106,0.0,0.0
2025-11-03 00:00:00+09:00,4945.0,5090.0,4620.0,4850.0,48715,0.0,0.0
2025-11-04 00:00:00+09:00,4910.0,5120.0,4875.0,5010.0,37279,0.0,0.0
2025-11-05 00:00:00+09:00,5010.0,5040.0,4735.0,4820.0,29918,0.0,0.0
2025-11-06 00:00:00+09:00,4840.0,4920.0,4730.0,4805.0,23029,0.0,0.0
2025-11-07 00:00:00+09:00,4800.0,4940.0,4605.0,4700.0,33726,0.0,0.0
2025-11-10 00:00:00+09:00,4700.0,4790.0,4675.0,4770.0,24535,0.0,0.0
2025-11-11 00:00:00+09:00,4770.0,4900.0,4710.0,4780.0,16566,0.0,0.0
2025-11-12 00:00:00+09:00,4750.0,4950.0,4750.0,4915.0,13335,0.0,0.0
2025-11-13 00:00:00+09:00,4900.0,4935.0,4840.0,4870.0,13561,0.0,0.0
2025-11-14 00:00:00+09:00,4865.0,4885.0,4775.0,4775.0,17135,0.0,0.0
2025-11-17 00:00:00+09:00,4785.0,4850.0,4640.0,4645.0,18117,0.0,0.0
2025-11-18 00:00:00+09:00,4670.0,4690.0,4500.0,4520.0,31336,0.0,0.0
2025-11-19 00:00:00+09:00,4510.0,4580.0,4340.0,4455.0,34690,0.0,0.0
2025-11-20 00:00:00+09:00,4475.0,4570.0,4475.0,4565.0,5427,0.0,0.0
2025-11-21 00:00:00+09:00,4510.0,4555.0,4450.0,4460.0,12907,0.0,0.0
2025-11-24 00:00:00+09:00,4670.0,4670.0,4300.0,4305.0,37847,0.0,0.0
2025-11-25 00:00:00+09:00,4350.0,4405.0,4230.0,4305.0,19648,0.0,0.0
2025-11-26 00:00:00+09:00,4350.0,4350.0,4255.0,4340.0,16492,0.0,0.0
2025-11-27 00:00:00+09:00,4365.0,4475.0,4330.0,4475.0,19634,0.0,0.0
2025-11-28 00:00:00+09:00,4480.0,4635.0,4435.0,4635.0,22582,0.0,0.0
2025-12-01 00:00:00+09:00,4695.0,4750.0,4625.0,4680.0,20183,0.0,0.0
2025-12-02 00:00:00+09:00,4640.0,4700.0,4600.0,4680.0,11865,0.0,0.0
2025-12-03 00:00:00+09:00,4645.0,4750.0,4605.0,4715.0,19302,0.0,0.0
2025-12-04 00:00:00+09:00,4720.0,4750.0,4675.0,4695.0,8112,0.0,0.0
2025-12-05 00:00:00+09:00,4695.0,4725.0,4645.0,4725.0,6183,0.0,0.0
2025-12-08 00:00:00+09:00,4725.0,4895.0,4700.0,4860.0,24366,0.0,0.0
2025-12-09 00:00:00+09:00,4920.0,4920.0,4780.0,4910.0,13518,0.0,0.0
2025-12-10 00:00:00+09:00,4945.0,4945.0,4845.0,4930.0,13845,0.0,0.0
2025-12-11 00:00:00+09:00,4935.0,4980.0,4855.0,4925.0,49916,0.0,0.0
2025-12-12 00:00:00+09:00,4880.0,4950.0,4800.0,4910.0,11290,0.0,0.0
2025-12-15 00:00:00+09:00,4890.0,5090.0,4845.0,5030.0,30080,0.0,0.0
2025-12-16 00:00:00+09:00,5200.0,6530.0,5140.0,6530.0,2249575,0.0,0.0
2025-12-17 00:00:00+09:00,6800.0,6870.0,5820.0,6130.0,1539998,0.0,0.0
2025-12-18 00:00:00+09:00,5920.0,6680.0,5820.0,6270.0,2911706,0.0,0.0
2025-12-19 00:00:00+09:00,7010.0,8150.0,6990.0,8150.0,8004916,0.0,0.0
2025-12-22 00:00:00+09:00,9350.0,9660.0,8550.0,8630.0,4279053,0.0,0.0
2025-12-23 00:00:00+09:00,8120.0,8120.0,6570.0,6800.0,2409477,0.0,0.0
2025-12-24 00:00:00+09:00,6900.0,7280.0,6690.0,7040.0,1389847,0.0,0.0
2025-12-26 00:00:00+09:00,6850.0,7160.0,6620.0,7100.0,577856,0.0,0.0
2025-12-29 00:00:00+09:00,7100.0,7100.0,6390.0,6890.0,530027,0.0,0.0
2025-12-30 00:00:00+09:00,6890.0,7210.0,6690.0,7150.0,566074,0.0,0.0
2026-01-02 00:00:00+09:00,7150.0,7730.0,7100.0,7500.0,885294,0.0,0.0
2026-01-05 00:00:00+09:00,7650.0,8130.0,7360.0,7950.0,884703,0.0,0.0
2026-01-06 00:00:00+09:00,7950.0,8330.0,7600.0,7950.0,680375,0.0,0.0
2026-01-07 00:00:00+09:00,8000.0,8220.0,7630.0,7900.0,379883,0.0,0.0
2026-01-08 00:00:00+09:00,7900.0,8080.0,7560.0,7900.0,312772,0.0,0.0
2026-01-09 00:00:00+09:00,7990.0,8060.0,7240.0,7640.0,446042,0.0,0.0
2026-01-12 00:00:00+09:00,7680.0,8440.0,7630.0,7870.0,1072591,0.0,0.0
2026-01-13 00:00:00+09:00,7870.0,7870.0,7230.0,7260.0,505974,0.0,0.0
2026-01-14 00:00:00+09:00,7300.0,7320.0,6750.0,6800.0,367794,0.0,0.0
2026-01-15 00:00:00+09:00,6810.0,6900.0,6400.0,6820.0,283251,0.0,0.0
2026-01-16 00:00:00+09:00,6790.0,6790.0,6550.0,6700.0,216261,0.0,0.0
2026-01-19 00:00:00+09:00,6900.0,7580.0,6700.0,7150.0,930310,0.0,0.0
2026-01-20 00:00:00+09:00,7370.0,7940.0,7020.0,7550.0,1052856,0.0,0.0
2026-01-21 00:00:00+09:00,7220.0,7510.0,7090.0,7240.0,498889,0.0,0.0
2026-01-22 00:00:00+09:00,7350.0,7890.0,7090.0,7560.0,748240,0.0,0.0
2026-01-23 00:00:00+09:00,7600.0,9390.0,7450.0,8550.0,7663073,0.0,0.0
2026-01-26 00:00:00+09:00,8690.0,8850.0,8190.0,8600.0,1072432,0.0,0.0
2026-01-27 00:00:00+09:00,8600.0,10850.0,8120.0,10240.0,11394148,0.0,0.0
2026-01-28 00:00:00+09:00,10300.0,10410.0,9860.0,10000.0,1559009,0.0,0.0
2026-01-29 00:00:00+09:00,10000.0,11980.0,9520.0,11070.0,7964135,0.0,0.0
2026-01-30 00:00:00+09:00,11070.0,11380.0,10650.0,11050.0,1339436,0.0,0.0
2026-02-02 00:00:00+09:00,11000.0,11350.0,10120.0,10120.0,973094,0.0,0.0
2026-02-03 00:00:00+09:00,10500.0,13150.0,10500.0,11950.0,6882172,0.0,0.0
2026-02-04 00:00:00+09:00,12080.0,12550.0,11550.0,12100.0,1247946,0.0,0.0
2026-02-05 00:00:00+09:00,11700.0,11800.0,11030.0,11050.0,566481,0.0,0.0
2026-02-06 00:00:00+09:00,10680.0,13470.0,9650.0,12440.0,6399680,0.0,0.0
2026-02-09 00:00:00+09:00,12560.0,15250.0,12180.0,13960.0,10419163,0.0,0.0
2026-02-10 00:00:00+09:00,13960.0,15030.0,13420.0,13900.0,3098975,0.0,0.0
2026-02-11 00:00:00+09:00,13900.0,14600.0,13310.0,13470.0,1133381,0.0,0.0
2026-02-12 00:00:00+09:00,13200.0,13870.0,12820.0,12820.0,1160752,0.0,0.0
2026-02-13 00:00:00+09:00,12610.0,14260.0,12280.0,13150.0,2698393,0.0,0.0
2026-02-19 00:00:00+09:00,13250.0,13820.0,12960.0,13030.0,766317,0.0,0.0
2026-02-20 00:00:00+09:00,13260.0,13600.0,11810.0,11980.0,951139,0.0,0.0
2026-02-23 00:00:00+09:00,11870.0,12080.0,10930.0,11100.0,900334,0.0,0.0
2026-02-24 00:00:00+09:00,11100.0,12920.0,10560.0,11560.0,2566769,0.0,0.0
2026-02-25 00:00:00+09:00,11700.0,13380.0,11230.0,12240.0,3380050,0.0,0.0
2026-02-26 00:00:00+09:00,12240.0,12380.0,11620.0,11730.0,538390,0.0,0.0
2026-02-27 00:00:00+09:00,11880.0,12290.0,11310.0,11310.0,627815,0.0,0.0
2026-03-03 00:00:00+09:00,10600.0,11410.0,10380.0,10380.0,491913,0.0,0.0
2026-03-04 00:00:00+09:00,10050.0,10190.0,8600.0,8730.0,686535,0.0,0.0
2026-03-05 00:00:00+09:00,9350.0,11280.0,9310.0,10620.0,934123,0.0,0.0
2026-03-06 00:00:00+09:00,10700.0,10920.0,10000.0,10550.0,404379,0.0,0.0
2026-03-09 00:00:00+09:00,9730.0,10170.0,9400.0,9740.0,322082,0.0,0.0
2026-03-10 00:00:00+09:00,10300.0,10620.0,10020.0,10390.0,295364,0.0,0.0
2026-03-11 00:00:00+09:00,10530.0,11560.0,10450.0,10750.0,636361,0.0,0.0
2026-03-12 00:00:00+09:00,10750.0,11120.0,10530.0,10680.0,222241,0.0,0.0
2026-03-13 00:00:00+09:00,10500.0,11120.0,10110.0,10680.0,321524,0.0,0.0
2026-03-16 00:00:00+09:00,10730.0,10980.0,10410.0,10470.0,212285,0.0,0.0
2026-03-17 00:00:00+09:00,10710.0,11400.0,10700.0,10730.0,496417,0.0,0.0
2026-03-18 00:00:00+09:00,11410.0,11410.0,10810.0,11170.0,407663,0.0,0.0
2026-03-19 00:00:00+09:00,11120.0,11120.0,10780.0,10890.0,218408,0.0,0.0
2026-03-20 00:00:00+09:00,10900.0,11160.0,10730.0,10740.0,225810,0.0,0.0
2026-03-23 00:00:00+09:00,10370.0,10410.0,10040.0,10100.0,190575,0.0,0.0
2026-03-24 00:00:00+09:00,10740.0,10790.0,10110.0,10270.0,213440,0.0,0.0
2026-03-25 00:00:00+09:00,10310.0,11900.0,10150.0,11490.0,1290567,0.0,0.0
2026-03-26 00:00:00+09:00,11800.0,12170.0,11160.0,11250.0,799667,0.0,0.0
2026-03-27 00:00:00+09:00,10890.0,11100.0,10400.0,10960.0,270835,0.0,0.0
2026-03-30 00:00:00+09:00,10150.0,10450.0,10080.0,10370.0,147591,0.0,0.0
2026-03-31 00:00:00+09:00,10050.0,10310.0,9300.0,9600.0,229812,0.0,0.0
2026-04-01 00:00:00+09:00,10170.0,10550.0,9960.0,10230.0,186353,0.0,0.0
2026-04-02 00:00:00+09:00,10550.0,10550.0,9110.0,9270.0,277355,0.0,0.0
2026-04-03 00:00:00+09:00,9710.0,9800.0,9310.0,9420.0,128922,0.0,0.0
2026-04-06 00:00:00+09:00,9420.0,9740.0,9000.0,9090.0,176991,0.0,0.0
2026-04-07 00:00:00+09:00,9170.0,9320.0,8410.0,8960.0,143326,0.0,0.0
2026-04-08 00:00:00+09:00,9350.0,9850.0,9310.0,9750.0,210789,0.0,0.0
2026-04-09 00:00:00+09:00,9750.0,9750.0,9200.0,9350.0,96802,0.0,0.0
2026-04-10 00:00:00+09:00,9390.0,9870.0,9360.0,9730.0,136372,0.0,0.0
2026-04-13 00:00:00+09:00,9700.0,10120.0,9510.0,10090.0,166076,0.0,0.0
2026-04-14 00:00:00+09:00,10160.0,11470.0,10160.0,10480.0,773559,0.0,0.0
2026-04-15 00:00:00+09:00,10760.0,10910.0,10510.0,10600.0,240976,0.0,0.0
2026-04-16 00:00:00+09:00,11010.0,11010.0,10350.0,10470.0,192438,0.0,0.0
2026-04-17 00:00:00+09:00,10480.0,12620.0,10480.0,12030.0,4385267,0.0,0.0
2026-04-20 00:00:00+09:00,12050.0,13140.0,11490.0,12080.0,1624864,0.0,0.0
2026-04-21 00:00:00+09:00,12250.0,12350.0,11750.0,11940.0,478194,0.0,0.0
2026-04-22 00:00:00+09:00,11940.0,13000.0,11910.0,12220.0,1535333,0.0,0.0
2026-04-23 00:00:00+09:00,12500.0,12500.0,11300.0,11820.0,496286,0.0,0.0
2026-04-24 00:00:00+09:00,11850.0,12320.0,11400.0,11860.0,583014,0.0,0.0
2026-04-27 00:00:00+09:00,11870.0,13400.0,11870.0,12180.0,1854849,0.0,0.0
2026-04-28 00:00:00+09:00,12400.0,12530.0,12100.0,12230.0,389076,0.0,0.0
2026-04-29 00:00:00+09:00,12100.0,12180.0,11650.0,11720.0,347570,0.0,0.0
2026-04-30 00:00:00+09:00,11800.0,11990.0,11150.0,11200.0,280866,0.0,0.0
2026-05-04 00:00:00+09:00,11530.0,11710.0,11130.0,11300.0,268355,0.0,0.0
2026-05-06 00:00:00+09:00,11900.0,12390.0,11730.0,12220.0,720270,0.0,0.0
2026-05-07 00:00:00+09:00,12290.0,12290.0,11310.0,11330.0,353253,0.0,0.0
2026-05-08 00:00:00+09:00,11350.0,11600.0,10710.0,11470.0,342966,0.0,0.0
2026-05-11 00:00:00+09:00,11700.0,12320.0,11240.0,11580.0,572874,0.0,0.0
2026-05-12 00:00:00+09:00,11700.0,12080.0,10500.0,10860.0,496773,0.0,0.0
2026-05-13 00:00:00+09:00,10600.0,11300.0,10410.0,10600.0,211009,0.0,0.0
2026-05-14 00:00:00+09:00,10700.0,11260.0,10600.0,10640.0,156702,0.0,0.0
2026-05-15 00:00:00+09:00,10640.0,10800.0,9620.0,9800.0,280097,0.0,0.0
2026-05-18 00:00:00+09:00,10290.0,11310.0,9820.0,10900.0,790363,0.0,0.0
2026-05-19 00:00:00+09:00,10920.0,12410.0,10160.0,10170.0,991170,0.0,0.0
2026-05-20 00:00:00+09:00,10180.0,10310.0,9300.0,9590.0,252632,0.0,0.0
2026-05-21 00:00:00+09:00,9700.0,10500.0,9700.0,10150.0,181297,0.0,0.0
2026-05-22 00:00:00+09:00,10260.0,10550.0,10200.0,10390.0,164757,0.0,0.0
2026-05-26 00:00:00+09:00,10750.0,11810.0,10460.0,10500.0,430083,0.0,0.0
2026-05-27 00:00:00+09:00,10490.0,13650.0,9760.0,12560.0,8991274,0.0,0.0
2026-05-28 00:00:00+09:00,13310.0,15930.0,12150.0,14650.0,19810696,0.0,0.0
2026-05-29 00:00:00+09:00,14570.0,14840.0,12660.0,13150.0,2643421,0.0,0.0
2026-06-01 00:00:00+09:00,13100.0,13470.0,11370.0,11370.0,1623555,0.0,0.0
2026-06-02 00:00:00+09:00,11370.0,11370.0,10100.0,10220.0,779508,0.0,0.0
2026-06-04 00:00:00+09:00,10220.0,11060.0,9910.0,10310.0,680972,0.0,0.0
2026-06-05 00:00:00+09:00,10100.0,11160.0,9620.0,9990.0,497373,0.0,0.0
2026-06-08 00:00:00+09:00,8990.0,9560.0,8490.0,8630.0,408150,0.0,0.0
2026-06-09 00:00:00+09:00,8780.0,9400.0,8250.0,8500.0,360699,0.0,0.0
2026-06-10 00:00:00+09:00,8570.0,8940.0,7850.0,8120.0,77,0.0,0.0
2026-06-11 00:00:00+09:00,8020.0,8270.0,7580.0,8090.0,292677,0.0,0.0
2026-06-12 00:00:00+09:00,8320.0,8750.0,8000.0,8030.0,358695,0.0,0.0
2026-06-15 00:00:00+09:00,8150.0,8420.0,7370.0,7520.0,387780,0.0,0.0
2026-06-16 00:00:00+09:00,7560.0,7930.0,7560.0,7670.0,195615,0.0,0.0
2026-06-17 00:00:00+09:00,7600.0,7660.0,7150.0,7270.0,212634,0.0,0.0
2026-06-18 00:00:00+09:00,7370.0,7370.0,6790.0,6790.0,334171,0.0,0.0
2026-06-19 00:00:00+09:00,6800.0,6880.0,6130.0,6340.0,319386,0.0,0.0
2026-06-22 00:00:00+09:00,6180.0,6780.0,6070.0,6220.0,174120,0.0,0.0
2026-06-23 00:00:00+09:00,6060.0,6200.0,5610.0,5650.0,229228,0.0,0.0
2026-06-24 00:00:00+09:00,5570.0,5790.0,5320.0,5480.0,140477,0.0,0.0
2026-06-25 00:00:00+09:00,5460.0,5660.0,5160.0,5190.0,126824,0.0,0.0
2026-06-26 00:00:00+09:00,5120.0,5240.0,4800.0,4945.0,136420,0.0,0.0
