Date,Open,High,Low,Close,Volume,Dividends,Stock Splits
1994-05-03 00:00:00-04:00,1.3522628800087553,2.2537717819213867,1.3522628800087553,2.2537717819213867,3960,0.0,0.0
1994-05-04 00:00:00-04:00,2.2537717819213867,2.2537717819213867,2.2537717819213867,2.2537717819213867,0,0.0,0.0
1994-05-05 00:00:00-04:00,2.2537717819213867,2.2537717819213867,2.2537717819213867,2.2537717819213867,1760,0.0,0.0
1994-05-06 00:00:00-04:00,2.2537717819213867,2.2537717819213867,2.2537717819213867,2.2537717819213867,0,0.0,0.0
1994-05-09 00:00:00-04:00,2.2537717819213867,2.2537717819213867,2.2537717819213867,2.2537717819213867,0,0.0,0.0
1994-05-10 00:00:00-04:00,2.2537717819213867,2.2537717819213867,2.2537717819213867,2.2537717819213867,0,0.0,0.0
1994-05-11 00:00:00-04:00,2.2537717819213867,2.2537717819213867,2.2537717819213867,2.2537717819213867,0,0.0,0.0
1994-05-12 00:00:00-04:00,2.2537717819213867,2.2537717819213867,2.2537717819213867,2.2537717819213867,0,0.0,0.0
1994-05-13 00:00:00-04:00,2.2537717819213867,2.2537717819213867,2.2537717819213867,2.2537717819213867,0,0.0,0.0
1994-05-16 00:00:00-04:00,2.2537717819213867,2.2537717819213867,2.2537717819213867,2.2537717819213867,0,0.0,0.0
1994-05-17 00:00:00-04:00,2.2537717819213867,2.2537717819213867,2.2537717819213867,2.2537717819213867,0,0.0,0.0
1994-05-18 00:00:00-04:00,2.2537717819213867,2.2537717819213867,2.2537717819213867,2.2537717819213867,0,0.0,0.0
1994-05-19 00:00:00-04:00,2.2537717819213867,2.2537717819213867,2.2537717819213867,2.2537717819213867,0,0.0,0.0
1994-05-20 00:00:00-04:00,2.2537717819213867,2.2537717819213867,2.2537717819213867,2.2537717819213867,0,0.0,0.0
1994-05-23 00:00:00-04:00,2.2537717819213867,2.2537717819213867,2.2537717819213867,2.2537717819213867,0,0.0,0.0
1994-05-24 00:00:00-04:00,2.2537717819213867,2.2537717819213867,2.2537717819213867,2.2537717819213867,0,0.0,0.0
1994-05-25 00:00:00-04:00,2.2537717819213867,2.2537717819213867,2.2537717819213867,2.2537717819213867,0,0.0,0.0
1994-05-26 00:00:00-04:00,2.2537717819213867,2.2537717819213867,2.2537717819213867,2.2537717819213867,0,0.0,0.0
1994-05-27 00:00:00-04:00,2.2537717819213867,2.2537717819213867,2.2537717819213867,2.2537717819213867,0,0.0,0.0
1994-05-31 00:00:00-04:00,2.2537717819213867,2.2537717819213867,2.2537717819213867,2.2537717819213867,0,0.0,0.0
1994-06-01 00:00:00-04:00,2.2537717819213867,2.2537717819213867,2.2537717819213867,2.2537717819213867,0,0.0,0.0
1994-06-02 00:00:00-04:00,2.2537717819213867,2.2537717819213867,2.2537717819213867,2.2537717819213867,0,0.0,0.0
1994-06-03 00:00:00-04:00,2.2537717819213867,2.2537717819213867,2.2537717819213867,2.2537717819213867,0,0.0,0.0
1994-06-06 00:00:00-04:00,2.2537717819213867,2.2537717819213867,2.2537717819213867,2.2537717819213867,0,0.0,0.0
1994-06-07 00:00:00-04:00,2.2537717819213867,2.2537717819213867,2.2537717819213867,2.2537717819213867,0,0.0,0.0
1994-06-08 00:00:00-04:00,2.2537717819213867,2.2537717819213867,2.2537717819213867,2.2537717819213867,0,0.0,0.0
1994-06-09 00:00:00-04:00,2.2537717819213867,2.2537717819213867,2.2537717819213867,2.2537717819213867,0,0.0,0.0
1994-06-10 00:00:00-04:00,2.2537717819213867,2.2537717819213867,2.2537717819213867,2.2537717819213867,0,0.0,0.0
1994-06-13 00:00:00-04:00,2.2537717819213867,2.2537717819213867,2.2537717819213867,2.2537717819213867,0,0.0,0.0
1994-06-14 00:00:00-04:00,2.2537717819213867,2.2537717819213867,2.2537717819213867,2.2537717819213867,0,0.0,0.0
1994-06-15 00:00:00-04:00,2.2537717819213867,2.2537717819213867,2.2537717819213867,2.2537717819213867,0,0.0,0.0
1994-06-16 00:00:00-04:00,2.2537717819213867,2.2537717819213867,2.2537717819213867,2.2537717819213867,0,0.0,0.0
1994-06-17 00:00:00-04:00,2.2537717819213867,2.2537717819213867,2.2537717819213867,2.2537717819213867,0,0.0,0.0
1994-06-20 00:00:00-04:00,2.2537717819213867,2.2537717819213867,2.2537717819213867,2.2537717819213867,0,0.0,0.0
1994-06-21 00:00:00-04:00,2.2537717819213867,2.2537717819213867,2.2537717819213867,2.2537717819213867,0,0.0,0.0
1994-06-22 00:00:00-04:00,2.2537717819213867,2.2537717819213867,2.2537717819213867,2.2537717819213867,0,0.0,0.0
1994-06-23 00:00:00-04:00,2.2537717819213867,2.2537717819213867,2.2537717819213867,2.2537717819213867,0,0.0,0.0
1994-06-24 00:00:00-04:00,2.2537717819213867,2.2537717819213867,2.2537717819213867,2.2537717819213867,0,0.0,0.0
1994-06-27 00:00:00-04:00,2.2537717819213867,2.2537717819213867,2.2537717819213867,2.2537717819213867,0,0.0,0.0
1994-06-28 00:00:00-04:00,2.2537717819213867,2.2537717819213867,2.2537717819213867,2.2537717819213867,0,0.0,0.0
1994-06-29 00:00:00-04:00,2.2537717819213867,2.2537717819213867,2.2537717819213867,2.2537717819213867,0,0.0,0.0
1994-06-30 00:00:00-04:00,2.2537717819213867,2.2537717819213867,2.2537717819213867,2.2537717819213867,0,0.0,0.0
1994-07-01 00:00:00-04:00,2.2537717819213867,2.2537717819213867,2.2537717819213867,2.2537717819213867,0,0.0,0.0
1994-07-05 00:00:00-04:00,2.2537717819213867,2.2537717819213867,2.2537717819213867,2.2537717819213867,0,0.0,0.0
1994-07-06 00:00:00-04:00,2.2537717819213867,2.2537717819213867,2.2537717819213867,2.2537717819213867,0,0.0,0.0
1994-07-07 00:00:00-04:00,2.2537717819213867,2.2537717819213867,2.2537717819213867,2.2537717819213867,0,0.0,0.0
1994-07-08 00:00:00-04:00,2.2537717819213867,2.2537717819213867,2.2537717819213867,2.2537717819213867,0,0.0,0.0
1994-07-11 00:00:00-04:00,2.2537717819213867,2.2537717819213867,2.2537717819213867,2.2537717819213867,0,0.0,0.0
1994-07-12 00:00:00-04:00,2.2537717819213867,2.2537717819213867,2.2537717819213867,2.2537717819213867,0,0.0,0.0
1994-07-13 00:00:00-04:00,2.2537717819213867,2.2537717819213867,2.2537717819213867,2.2537717819213867,0,0.0,0.0
1994-07-14 00:00:00-04:00,2.2537717819213867,2.2537717819213867,2.2537717819213867,2.2537717819213867,0,0.0,0.0
1994-07-15 00:00:00-04:00,2.2537717819213867,2.2537717819213867,2.2537717819213867,2.2537717819213867,0,0.0,0.0
1994-07-18 00:00:00-04:00,2.2537717819213867,2.2537717819213867,2.2537717819213867,2.2537717819213867,0,0.0,0.0
1994-07-19 00:00:00-04:00,2.2537717819213867,2.2537717819213867,2.2537717819213867,2.2537717819213867,0,0.0,0.0
1994-07-20 00:00:00-04:00,2.2537717819213867,2.2537717819213867,2.2537717819213867,2.2537717819213867,0,0.0,0.0
1994-07-21 00:00:00-04:00,2.2537717819213867,2.2537717819213867,2.2537717819213867,2.2537717819213867,0,0.0,0.0
1994-07-22 00:00:00-04:00,2.2537717819213867,2.2537717819213867,2.2537717819213867,2.2537717819213867,0,0.0,0.0
1994-07-25 00:00:00-04:00,2.2537717819213867,2.2537717819213867,2.2537717819213867,2.2537717819213867,0,0.0,0.0
1994-07-26 00:00:00-04:00,2.2537717819213867,2.2537717819213867,2.2537717819213867,2.2537717819213867,0,0.0,0.0
1994-07-27 00:00:00-04:00,2.2537717819213867,2.2537717819213867,2.2537717819213867,2.2537717819213867,0,0.0,0.0
1994-07-28 00:00:00-04:00,2.2537717819213867,2.2537717819213867,2.2537717819213867,2.2537717819213867,0,0.0,0.0
1994-07-29 00:00:00-04:00,2.2537717819213867,2.2537717819213867,2.2537717819213867,2.2537717819213867,0,0.0,0.0
1994-08-01 00:00:00-04:00,2.2537717819213867,2.2537717819213867,2.2537717819213867,2.2537717819213867,0,0.0,0.0
1994-08-02 00:00:00-04:00,2.2537717819213867,2.2537717819213867,2.2537717819213867,2.2537717819213867,0,0.0,0.0
1994-08-03 00:00:00-04:00,2.2537717819213867,2.2537717819213867,2.2537717819213867,2.2537717819213867,0,0.0,0.0
1994-08-04 00:00:00-04:00,2.2537717819213867,2.2537717819213867,2.2537717819213867,2.2537717819213867,0,0.0,0.0
1994-08-05 00:00:00-04:00,2.2537717819213867,2.2537717819213867,2.2537717819213867,2.2537717819213867,0,0.0,0.0
1994-08-08 00:00:00-04:00,2.2537717819213867,2.2537717819213867,2.2537717819213867,2.2537717819213867,0,0.0,0.0
1994-08-09 00:00:00-04:00,2.2537717819213867,2.2537717819213867,2.2537717819213867,2.2537717819213867,0,0.0,0.0
1994-08-10 00:00:00-04:00,2.2537717819213867,2.2537717819213867,2.2537717819213867,2.2537717819213867,0,0.0,0.0
1994-08-11 00:00:00-04:00,2.2537717819213867,2.2537717819213867,2.2537717819213867,2.2537717819213867,0,0.0,0.0
1994-08-12 00:00:00-04:00,2.2537717819213867,2.2537717819213867,2.2537717819213867,2.2537717819213867,0,0.0,0.0
1994-08-15 00:00:00-04:00,2.2537717819213867,2.2537717819213867,2.2537717819213867,2.2537717819213867,0,0.0,0.0
1994-08-16 00:00:00-04:00,2.2537717819213867,2.2537717819213867,2.2537717819213867,2.2537717819213867,0,0.0,0.0
1994-08-17 00:00:00-04:00,2.2537717819213867,2.2537717819213867,2.2537717819213867,2.2537717819213867,0,0.0,0.0
1994-08-18 00:00:00-04:00,2.2537717819213867,2.2537717819213867,2.2537717819213867,2.2537717819213867,0,0.0,0.0
1994-08-19 00:00:00-04:00,2.2537717819213867,2.2537717819213867,2.2537717819213867,2.2537717819213867,0,0.0,0.0
1994-08-22 00:00:00-04:00,2.2537717819213867,2.2537717819213867,2.2537717819213867,2.2537717819213867,0,0.0,0.0
1994-08-23 00:00:00-04:00,2.2537717819213867,2.2537717819213867,2.2537717819213867,2.2537717819213867,0,0.0,0.0
1994-08-24 00:00:00-04:00,2.2537717819213867,2.2537717819213867,2.2537717819213867,2.2537717819213867,0,0.0,0.0
1994-08-25 00:00:00-04:00,2.2537717819213867,2.2537717819213867,2.2537717819213867,2.2537717819213867,0,0.0,0.0
1994-08-26 00:00:00-04:00,2.2537717819213867,2.2537717819213867,2.2537717819213867,2.2537717819213867,0,0.0,0.0
1994-08-29 00:00:00-04:00,2.2537717819213867,2.2537717819213867,2.2537717819213867,2.2537717819213867,0,0.0,0.0
1994-08-30 00:00:00-04:00,2.2537717819213867,2.2537717819213867,2.2537717819213867,2.2537717819213867,0,0.0,0.0
1994-08-31 00:00:00-04:00,2.2537717819213867,2.2537717819213867,2.2537717819213867,2.2537717819213867,0,0.0,0.0
1994-09-01 00:00:00-04:00,2.2537717819213867,2.2537717819213867,2.2537717819213867,2.2537717819213867,0,0.0,0.0
1994-09-02 00:00:00-04:00,2.2537717819213867,2.2537717819213867,2.2537717819213867,2.2537717819213867,0,0.0,0.0
1994-09-06 00:00:00-04:00,2.2537717819213867,2.2537717819213867,2.2537717819213867,2.2537717819213867,0,0.0,0.0
1994-09-07 00:00:00-04:00,2.2537717819213867,2.2537717819213867,2.2537717819213867,2.2537717819213867,0,0.0,0.0
1994-09-08 00:00:00-04:00,2.2537717819213867,2.2537717819213867,2.2537717819213867,2.2537717819213867,0,0.0,0.0
1994-09-09 00:00:00-04:00,2.2537717819213867,2.2537717819213867,2.2537717819213867,2.2537717819213867,0,0.0,0.0
1994-09-12 00:00:00-04:00,2.2537717819213867,2.2537717819213867,2.2537717819213867,2.2537717819213867,0,0.0,0.0
1994-09-13 00:00:00-04:00,2.2537717819213867,2.2537717819213867,2.2537717819213867,2.2537717819213867,0,0.0,0.0
1994-09-14 00:00:00-04:00,2.2537717819213867,2.2537717819213867,2.2537717819213867,2.2537717819213867,0,0.0,0.0
1994-09-15 00:00:00-04:00,2.2537717819213867,2.2537717819213867,2.2537717819213867,2.2537717819213867,0,0.0,0.0
1994-09-16 00:00:00-04:00,2.2537717819213867,2.2537717819213867,2.2537717819213867,2.2537717819213867,0,0.0,0.0
1994-09-19 00:00:00-04:00,2.2537717819213867,2.2537717819213867,2.2537717819213867,2.2537717819213867,0,0.0,0.0
1994-09-20 00:00:00-04:00,2.2537717819213867,2.2537717819213867,2.2537717819213867,2.2537717819213867,0,0.0,0.0
1994-09-21 00:00:00-04:00,2.2537717819213867,2.2537717819213867,2.2537717819213867,2.2537717819213867,0,0.0,0.0
1994-09-22 00:00:00-04:00,2.2537717819213867,2.2537717819213867,2.2537717819213867,2.2537717819213867,0,0.0,0.0
1994-09-23 00:00:00-04:00,2.2537717819213867,2.2537717819213867,2.2537717819213867,2.2537717819213867,0,0.0,0.0
1994-09-26 00:00:00-04:00,2.2537717819213867,2.2537717819213867,2.2537717819213867,2.2537717819213867,0,0.0,0.0
1994-09-27 00:00:00-04:00,2.2537717819213867,2.2537717819213867,2.2537717819213867,2.2537717819213867,0,0.0,0.0
1994-09-28 00:00:00-04:00,2.2537717819213867,2.2537717819213867,2.2537717819213867,2.2537717819213867,0,0.0,0.0
1994-09-29 00:00:00-04:00,2.2537717819213867,2.2537717819213867,2.2537717819213867,2.2537717819213867,0,0.0,0.0
1994-09-30 00:00:00-04:00,2.2537717819213867,2.2537717819213867,2.2537717819213867,2.2537717819213867,0,0.0,0.0
1994-10-03 00:00:00-04:00,2.2537717819213867,2.2537717819213867,2.2537717819213867,2.2537717819213867,0,0.0,0.0
1994-10-04 00:00:00-04:00,2.2537717819213867,2.2537717819213867,2.2537717819213867,2.2537717819213867,0,0.0,0.0
1994-10-05 00:00:00-04:00,2.2537717819213867,2.2537717819213867,2.2537717819213867,2.2537717819213867,0,0.0,0.0
1994-10-06 00:00:00-04:00,2.2537717819213867,2.2537717819213867,2.2537717819213867,2.2537717819213867,0,0.0,0.0
1994-10-07 00:00:00-04:00,2.2537717819213867,2.2537717819213867,2.2537717819213867,2.2537717819213867,0,0.0,0.0
1994-10-10 00:00:00-04:00,2.2537717819213867,2.2537717819213867,2.2537717819213867,2.2537717819213867,0,0.0,0.0
1994-10-11 00:00:00-04:00,2.2537717819213867,2.2537717819213867,2.2537717819213867,2.2537717819213867,0,0.0,0.0
1994-10-12 00:00:00-04:00,2.2537717819213867,2.2537717819213867,2.2537717819213867,2.2537717819213867,0,0.0,0.0
1994-10-13 00:00:00-04:00,2.2537717819213867,2.2537717819213867,2.2537717819213867,2.2537717819213867,0,0.0,0.0
1994-10-14 00:00:00-04:00,2.2537717819213867,2.2537717819213867,2.2537717819213867,2.2537717819213867,0,0.0,0.0
1994-10-17 00:00:00-04:00,2.2537717819213867,2.2537717819213867,2.2537717819213867,2.2537717819213867,0,0.0,0.0
1994-10-18 00:00:00-04:00,2.2537717819213867,2.2537717819213867,2.2537717819213867,2.2537717819213867,0,0.0,0.0
1994-10-19 00:00:00-04:00,2.2537717819213867,2.2537717819213867,2.2537717819213867,2.2537717819213867,0,0.0,0.0
1994-10-20 00:00:00-04:00,2.2537717819213867,2.2537717819213867,2.2537717819213867,2.2537717819213867,0,0.0,0.0
1994-10-21 00:00:00-04:00,2.2537717819213867,2.2537717819213867,2.2537717819213867,2.2537717819213867,0,0.0,0.0
1994-10-24 00:00:00-04:00,2.2537717819213867,2.2537717819213867,2.2537717819213867,2.2537717819213867,0,0.0,0.0
1994-10-25 00:00:00-04:00,2.2537717819213867,2.2537717819213867,2.2537717819213867,2.2537717819213867,0,0.0,0.0
1994-10-26 00:00:00-04:00,2.2537717819213867,2.2537717819213867,2.2537717819213867,2.2537717819213867,0,0.0,0.0
1994-10-27 00:00:00-04:00,2.2537717819213867,2.2537717819213867,2.2537717819213867,2.2537717819213867,0,0.0,0.0
1994-10-28 00:00:00-04:00,2.2537717819213867,2.2537717819213867,2.2537717819213867,2.2537717819213867,0,0.0,0.0
1994-10-31 00:00:00-05:00,2.2537717819213867,2.2537717819213867,2.2537717819213867,2.2537717819213867,0,0.0,0.0
1994-11-01 00:00:00-05:00,2.2537717819213867,2.2537717819213867,2.2537717819213867,2.2537717819213867,0,0.0,0.0
1994-11-02 00:00:00-05:00,2.2537717819213867,2.2537717819213867,2.2537717819213867,2.2537717819213867,0,0.0,0.0
1994-11-03 00:00:00-05:00,2.2537717819213867,2.2537717819213867,2.2537717819213867,2.2537717819213867,0,0.0,0.0
1994-11-04 00:00:00-05:00,2.2537717819213867,2.2537717819213867,2.2537717819213867,2.2537717819213867,0,0.0,0.0
1994-11-07 00:00:00-05:00,2.2537717819213867,2.2537717819213867,2.2537717819213867,2.2537717819213867,0,0.0,0.0
1994-11-08 00:00:00-05:00,2.2537717819213867,2.2537717819213867,2.2537717819213867,2.2537717819213867,0,0.0,0.0
1994-11-09 00:00:00-05:00,2.2537717819213867,2.2537717819213867,2.2537717819213867,2.2537717819213867,0,0.0,0.0
1994-11-10 00:00:00-05:00,2.2537717819213867,2.2537717819213867,2.2537717819213867,2.2537717819213867,0,0.0,0.0
1994-11-11 00:00:00-05:00,2.2537717819213867,2.2537717819213867,2.2537717819213867,2.2537717819213867,0,0.0,0.0
1994-11-14 00:00:00-05:00,2.2537717819213867,2.2537717819213867,2.2537717819213867,2.2537717819213867,0,0.0,0.0
1994-11-15 00:00:00-05:00,2.2537717819213867,2.2537717819213867,2.2537717819213867,2.2537717819213867,0,0.0,0.0
1994-11-16 00:00:00-05:00,2.2537717819213867,2.2537717819213867,2.2537717819213867,2.2537717819213867,0,0.0,0.0
1994-11-17 00:00:00-05:00,2.2537717819213867,2.2537717819213867,2.2537717819213867,2.2537717819213867,0,0.0,0.0
1994-11-18 00:00:00-05:00,2.2537717819213867,2.2537717819213867,2.2537717819213867,2.2537717819213867,0,0.0,0.0
1994-11-21 00:00:00-05:00,2.2537717819213867,2.2537717819213867,2.2537717819213867,2.2537717819213867,0,0.0,0.0
1994-11-22 00:00:00-05:00,2.2537717819213867,2.2537717819213867,2.2537717819213867,2.2537717819213867,0,0.0,0.0
1994-11-23 00:00:00-05:00,2.2537717819213867,2.2537717819213867,2.2537717819213867,2.2537717819213867,0,0.0,0.0
1994-11-25 00:00:00-05:00,2.2537717819213867,2.2537717819213867,2.2537717819213867,2.2537717819213867,0,0.0,0.0
1994-11-28 00:00:00-05:00,2.2537717819213867,2.2537717819213867,2.2537717819213867,2.2537717819213867,0,0.0,0.0
1994-11-29 00:00:00-05:00,2.2537717819213867,2.2537717819213867,2.2537717819213867,2.2537717819213867,0,0.0,0.0
1994-11-30 00:00:00-05:00,2.2537717819213867,2.2537717819213867,2.2537717819213867,2.2537717819213867,0,0.0,0.0
1994-12-01 00:00:00-05:00,2.2537717819213867,2.2537717819213867,2.2537717819213867,2.2537717819213867,0,0.0,0.0
1994-12-02 00:00:00-05:00,2.2537717819213867,2.2537717819213867,2.2537717819213867,2.2537717819213867,0,0.0,0.0
1994-12-05 00:00:00-05:00,2.2537717819213867,2.2537717819213867,2.2537717819213867,2.2537717819213867,0,0.0,0.0
1994-12-06 00:00:00-05:00,2.2537717819213867,2.2537717819213867,2.2537717819213867,2.2537717819213867,0,0.0,0.0
1994-12-07 00:00:00-05:00,2.2537717819213867,2.2537717819213867,2.2537717819213867,2.2537717819213867,0,0.0,0.0
1994-12-08 00:00:00-05:00,2.2537717819213867,2.2537717819213867,2.2537717819213867,2.2537717819213867,0,0.0,0.0
1994-12-09 00:00:00-05:00,2.2537717819213867,2.2537717819213867,2.2537717819213867,2.2537717819213867,0,0.0,0.0
1994-12-12 00:00:00-05:00,2.2537717819213867,2.2537717819213867,2.2537717819213867,2.2537717819213867,0,0.0,0.0
1994-12-13 00:00:00-05:00,2.2537717819213867,2.2537717819213867,2.2537717819213867,2.2537717819213867,0,0.0,0.0
1994-12-14 00:00:00-05:00,2.2537717819213867,2.2537717819213867,2.2537717819213867,2.2537717819213867,0,0.0,0.0
1994-12-15 00:00:00-05:00,2.2537717819213867,2.2537717819213867,2.2537717819213867,2.2537717819213867,0,0.0,0.0
1994-12-16 00:00:00-05:00,2.2537717819213867,2.2537717819213867,2.2537717819213867,2.2537717819213867,0,0.0,0.0
1994-12-19 00:00:00-05:00,2.2537717819213867,2.2537717819213867,2.2537717819213867,2.2537717819213867,0,0.0,0.0
1994-12-20 00:00:00-05:00,2.2537717819213867,2.2537717819213867,2.2537717819213867,2.2537717819213867,0,0.0,0.0
1994-12-21 00:00:00-05:00,2.2537717819213867,2.2537717819213867,2.2537717819213867,2.2537717819213867,0,0.0,0.0
1994-12-22 00:00:00-05:00,2.2537717819213867,2.2537717819213867,2.2537717819213867,2.2537717819213867,0,0.0,0.0
1994-12-23 00:00:00-05:00,2.2537717819213867,2.2537717819213867,2.2537717819213867,2.2537717819213867,0,0.0,0.0
1994-12-27 00:00:00-05:00,2.2537717819213867,2.2537717819213867,2.2537717819213867,2.2537717819213867,0,0.0,0.0
1994-12-28 00:00:00-05:00,2.2537717819213867,2.2537717819213867,2.2537717819213867,2.2537717819213867,0,0.0,0.0
1994-12-29 00:00:00-05:00,1.3522628545761108,1.3522628545761108,1.3522628545761108,1.3522628545761108,110,0.0,0.0
1994-12-30 00:00:00-05:00,1.3522628545761108,1.3522628545761108,1.3522628545761108,1.3522628545761108,0,0.0,0.0
1995-01-03 00:00:00-05:00,1.3522628545761108,1.3522628545761108,1.3522628545761108,1.3522628545761108,0,0.0,0.0
1995-01-04 00:00:00-05:00,1.3522628545761108,1.3522628545761108,1.3522628545761108,1.3522628545761108,0,0.0,0.0
1995-01-05 00:00:00-05:00,1.3522628545761108,1.3522628545761108,1.3522628545761108,1.3522628545761108,0,0.0,0.0
1995-01-06 00:00:00-05:00,1.3522628545761108,1.3522628545761108,1.3522628545761108,1.3522628545761108,0,0.0,0.0
1995-01-09 00:00:00-05:00,1.3522628545761108,1.3522628545761108,1.3522628545761108,1.3522628545761108,0,0.0,0.0
1995-01-10 00:00:00-05:00,1.3522628545761108,1.3522628545761108,1.3522628545761108,1.3522628545761108,0,0.0,0.0
1995-01-11 00:00:00-05:00,1.3522628545761108,1.3522628545761108,1.3522628545761108,1.3522628545761108,0,0.0,0.0
1995-01-12 00:00:00-05:00,1.3522628545761108,1.3522628545761108,1.3522628545761108,1.3522628545761108,0,0.0,0.0
1995-01-13 00:00:00-05:00,1.3522628545761108,1.3522628545761108,1.3522628545761108,1.3522628545761108,0,0.0,0.0
1995-01-16 00:00:00-05:00,1.3522628545761108,1.3522628545761108,1.3522628545761108,1.3522628545761108,0,0.0,0.0
1995-01-17 00:00:00-05:00,1.3522628545761108,1.3522628545761108,1.3522628545761108,1.3522628545761108,0,0.0,0.0
1995-01-18 00:00:00-05:00,1.3522628545761108,1.3522628545761108,1.3522628545761108,1.3522628545761108,0,0.0,0.0
1995-01-19 00:00:00-05:00,1.3522628545761108,1.3522628545761108,1.3522628545761108,1.3522628545761108,0,0.0,0.0
1995-01-20 00:00:00-05:00,1.3522628545761108,1.3522628545761108,1.3522628545761108,1.3522628545761108,0,0.0,0.0
1995-01-23 00:00:00-05:00,1.3522628545761108,1.3522628545761108,1.3522628545761108,1.3522628545761108,0,0.0,0.0
1995-01-24 00:00:00-05:00,1.3522628545761108,1.3522628545761108,1.3522628545761108,1.3522628545761108,0,0.0,0.0
1995-01-25 00:00:00-05:00,1.3522628545761108,1.3522628545761108,1.3522628545761108,1.3522628545761108,0,0.0,0.0
1995-01-26 00:00:00-05:00,1.3522628545761108,1.3522628545761108,1.3522628545761108,1.3522628545761108,0,0.0,0.0
1995-01-27 00:00:00-05:00,1.3522628545761108,1.3522628545761108,1.3522628545761108,1.3522628545761108,0,0.0,0.0
1995-01-30 00:00:00-05:00,1.3522628545761108,1.3522628545761108,1.3522628545761108,1.3522628545761108,0,0.0,0.0
1995-01-31 00:00:00-05:00,1.3522628545761108,1.3522628545761108,1.3522628545761108,1.3522628545761108,0,0.0,0.0
1995-02-01 00:00:00-05:00,1.3522628545761108,1.3522628545761108,1.3522628545761108,1.3522628545761108,0,0.0,0.0
1995-02-02 00:00:00-05:00,1.3522628545761108,1.3522628545761108,1.3522628545761108,1.3522628545761108,0,0.0,0.0
1995-02-03 00:00:00-05:00,1.3522628545761108,1.3522628545761108,1.3522628545761108,1.3522628545761108,0,0.0,0.0
1995-02-06 00:00:00-05:00,1.3522628545761108,1.3522628545761108,1.3522628545761108,1.3522628545761108,0,0.0,0.0
1995-02-07 00:00:00-05:00,1.3522628545761108,1.3522628545761108,1.3522628545761108,1.3522628545761108,0,0.0,0.0
1995-02-08 00:00:00-05:00,1.3522628545761108,1.3522628545761108,1.3522628545761108,1.3522628545761108,0,0.0,0.0
1995-02-09 00:00:00-05:00,1.3522628545761108,1.3522628545761108,1.3522628545761108,1.3522628545761108,0,0.0,0.0
1995-02-10 00:00:00-05:00,1.3522628545761108,1.3522628545761108,1.3522628545761108,1.3522628545761108,0,0.0,0.0
1995-02-13 00:00:00-05:00,1.3522628545761108,1.3522628545761108,1.3522628545761108,1.3522628545761108,0,0.0,0.0
1995-02-14 00:00:00-05:00,1.3522628545761108,1.3522628545761108,1.3522628545761108,1.3522628545761108,0,0.0,0.0
1995-02-15 00:00:00-05:00,1.3522628545761108,1.3522628545761108,1.3522628545761108,1.3522628545761108,0,0.0,0.0
1995-02-16 00:00:00-05:00,1.3522628545761108,1.3522628545761108,1.3522628545761108,1.3522628545761108,0,0.0,0.0
1995-02-17 00:00:00-05:00,1.3522628545761108,1.3522628545761108,1.3522628545761108,1.3522628545761108,0,0.0,0.0
1995-02-21 00:00:00-05:00,1.3522628545761108,1.3522628545761108,1.3522628545761108,1.3522628545761108,0,0.0,0.0
1995-02-22 00:00:00-05:00,1.3522628545761108,1.3522628545761108,1.3522628545761108,1.3522628545761108,0,0.0,0.0
1995-02-23 00:00:00-05:00,1.3522628545761108,1.3522628545761108,1.3522628545761108,1.3522628545761108,0,0.0,0.0
1995-02-24 00:00:00-05:00,1.3522628545761108,1.3522628545761108,1.3522628545761108,1.3522628545761108,0,0.0,0.0
1995-02-27 00:00:00-05:00,1.3522628545761108,1.3522628545761108,1.3522628545761108,1.3522628545761108,0,0.0,0.0
1995-02-28 00:00:00-05:00,1.3522628545761108,1.3522628545761108,1.3522628545761108,1.3522628545761108,0,0.0,0.0
1995-03-01 00:00:00-05:00,1.3522628545761108,1.3522628545761108,1.3522628545761108,1.3522628545761108,0,0.0,0.0
1995-03-02 00:00:00-05:00,1.3522628545761108,1.3522628545761108,1.3522628545761108,1.3522628545761108,0,0.0,0.0
1995-03-03 00:00:00-05:00,1.3522628545761108,1.3522628545761108,1.3522628545761108,1.3522628545761108,0,0.0,0.0
1995-03-06 00:00:00-05:00,1.3522628545761108,1.3522628545761108,1.3522628545761108,1.3522628545761108,0,0.0,0.0
1995-03-07 00:00:00-05:00,1.3522628545761108,1.3522628545761108,1.3522628545761108,1.3522628545761108,0,0.0,0.0
1995-03-08 00:00:00-05:00,1.3522628545761108,1.3522628545761108,1.3522628545761108,1.3522628545761108,0,0.0,0.0
1995-03-09 00:00:00-05:00,1.3522628545761108,1.3522628545761108,1.3522628545761108,1.3522628545761108,0,0.0,0.0
1995-03-10 00:00:00-05:00,1.3522628545761108,1.3522628545761108,1.3522628545761108,1.3522628545761108,0,0.0,0.0
1995-03-13 00:00:00-05:00,1.3522628545761108,1.3522628545761108,1.3522628545761108,1.3522628545761108,0,0.0,0.0
1995-03-14 00:00:00-05:00,1.3522628545761108,1.3522628545761108,1.3522628545761108,1.3522628545761108,0,0.0,0.0
1995-03-15 00:00:00-05:00,1.3522628545761108,1.3522628545761108,1.3522628545761108,1.3522628545761108,0,0.0,0.0
1995-03-16 00:00:00-05:00,1.3522628545761108,1.3522628545761108,1.3522628545761108,1.3522628545761108,0,0.0,0.0
1995-03-17 00:00:00-05:00,1.3522628545761108,1.3522628545761108,1.3522628545761108,1.3522628545761108,0,0.0,0.0
1995-03-20 00:00:00-05:00,1.3522628545761108,1.3522628545761108,1.3522628545761108,1.3522628545761108,0,0.0,0.0
1995-03-21 00:00:00-05:00,1.3522628545761108,1.3522628545761108,1.3522628545761108,1.3522628545761108,0,0.0,0.0
1995-03-22 00:00:00-05:00,1.3522628545761108,1.3522628545761108,1.3522628545761108,1.3522628545761108,0,0.0,0.0
1995-03-23 00:00:00-05:00,1.3522628545761108,1.3522628545761108,1.3522628545761108,1.3522628545761108,0,0.0,0.0
1995-03-24 00:00:00-05:00,1.3522628545761108,1.3522628545761108,1.3522628545761108,1.3522628545761108,0,0.0,0.0
1995-03-27 00:00:00-05:00,1.3522628545761108,1.3522628545761108,1.3522628545761108,1.3522628545761108,0,0.0,0.0
1995-03-28 00:00:00-05:00,1.3522628545761108,1.3522628545761108,1.3522628545761108,1.3522628545761108,0,0.0,0.0
1995-03-29 00:00:00-05:00,1.3522628545761108,1.3522628545761108,1.3522628545761108,1.3522628545761108,0,0.0,0.0
1995-03-30 00:00:00-05:00,1.3522628545761108,1.3522628545761108,1.3522628545761108,1.3522628545761108,0,0.0,0.0
1995-03-31 00:00:00-05:00,1.3522628545761108,1.3522628545761108,1.3522628545761108,1.3522628545761108,0,0.0,0.0
1995-04-03 00:00:00-04:00,1.3522628545761108,1.3522628545761108,1.3522628545761108,1.3522628545761108,0,0.0,0.0
1995-04-04 00:00:00-04:00,1.3522628545761108,1.3522628545761108,1.3522628545761108,1.3522628545761108,0,0.0,0.0
1995-04-05 00:00:00-04:00,1.3522628545761108,1.3522628545761108,1.3522628545761108,1.3522628545761108,0,0.0,0.0
1995-04-06 00:00:00-04:00,1.3522628545761108,1.3522628545761108,1.3522628545761108,1.3522628545761108,0,0.0,0.0
1995-04-07 00:00:00-04:00,1.3522628545761108,1.3522628545761108,1.3522628545761108,1.3522628545761108,0,0.0,0.0
1995-04-10 00:00:00-04:00,1.3522628545761108,1.3522628545761108,1.3522628545761108,1.3522628545761108,0,0.0,0.0
1995-04-11 00:00:00-04:00,1.3522628545761108,1.3522628545761108,1.3522628545761108,1.3522628545761108,0,0.0,0.0
1995-04-12 00:00:00-04:00,1.3522628545761108,1.3522628545761108,1.3522628545761108,1.3522628545761108,0,0.0,0.0
1995-04-13 00:00:00-04:00,1.3522628545761108,1.3522628545761108,1.3522628545761108,1.3522628545761108,0,0.0,0.0
1995-04-17 00:00:00-04:00,1.3522628545761108,1.3522628545761108,1.3522628545761108,1.3522628545761108,0,0.0,0.0
1995-04-18 00:00:00-04:00,1.3522628545761108,1.3522628545761108,1.3522628545761108,1.3522628545761108,0,0.0,0.0
1995-04-19 00:00:00-04:00,1.3522628545761108,1.3522628545761108,1.3522628545761108,1.3522628545761108,0,0.0,0.0
1995-04-20 00:00:00-04:00,1.3522628545761108,1.3522628545761108,1.3522628545761108,1.3522628545761108,0,0.0,0.0
1995-04-21 00:00:00-04:00,1.3522628545761108,1.3522628545761108,1.3522628545761108,1.3522628545761108,0,0.0,0.0
1995-04-24 00:00:00-04:00,1.3522628545761108,1.3522628545761108,1.3522628545761108,1.3522628545761108,0,0.0,0.0
1995-04-25 00:00:00-04:00,1.3522628545761108,1.3522628545761108,1.3522628545761108,1.3522628545761108,0,0.0,0.0
1995-04-26 00:00:00-04:00,1.3522628545761108,1.3522628545761108,1.3522628545761108,1.3522628545761108,0,0.0,0.0
1995-04-27 00:00:00-04:00,1.3522628545761108,1.3522628545761108,1.3522628545761108,1.3522628545761108,0,0.0,0.0
1995-04-28 00:00:00-04:00,1.3522628545761108,1.3522628545761108,1.3522628545761108,1.3522628545761108,0,0.0,0.0
1995-05-01 00:00:00-04:00,1.3522628545761108,1.3522628545761108,1.3522628545761108,1.3522628545761108,0,0.0,0.0
1995-05-02 00:00:00-04:00,1.3522628545761108,1.3522628545761108,1.3522628545761108,1.3522628545761108,0,0.0,0.0
1995-05-03 00:00:00-04:00,1.3522628545761108,1.3522628545761108,1.3522628545761108,1.3522628545761108,0,0.0,0.0
1995-05-04 00:00:00-04:00,1.3522628545761108,1.3522628545761108,1.3522628545761108,1.3522628545761108,0,0.0,0.0
1995-05-05 00:00:00-04:00,1.3522628545761108,1.3522628545761108,1.3522628545761108,1.3522628545761108,0,0.0,0.0
1995-05-08 00:00:00-04:00,1.3522628545761108,1.3522628545761108,1.3522628545761108,1.3522628545761108,0,0.0,0.0
1995-05-09 00:00:00-04:00,1.3522628545761108,1.3522628545761108,1.3522628545761108,1.3522628545761108,0,0.0,0.0
1995-05-10 00:00:00-04:00,2.479149341583252,2.479149341583252,2.479149341583252,2.479149341583252,330,0.0,0.0
1995-05-11 00:00:00-04:00,2.479149341583252,2.479149341583252,2.479149341583252,2.479149341583252,0,0.0,0.0
1995-05-12 00:00:00-04:00,2.479149341583252,2.479149341583252,2.479149341583252,2.479149341583252,0,0.0,0.0
1995-05-15 00:00:00-04:00,2.479149341583252,2.479149341583252,2.479149341583252,2.479149341583252,0,0.0,0.0
1995-05-16 00:00:00-04:00,2.479149341583252,2.479149341583252,2.479149341583252,2.479149341583252,0,0.0,0.0
1995-05-17 00:00:00-04:00,2.479149341583252,2.479149341583252,2.479149341583252,2.479149341583252,0,0.0,0.0
1995-05-18 00:00:00-04:00,2.479149341583252,2.479149341583252,2.479149341583252,2.479149341583252,0,0.0,0.0
1995-05-19 00:00:00-04:00,2.479149341583252,2.479149341583252,2.479149341583252,2.479149341583252,0,0.0,0.0
1995-05-22 00:00:00-04:00,2.479149341583252,2.479149341583252,2.479149341583252,2.479149341583252,0,0.0,0.0
1995-05-23 00:00:00-04:00,2.479149341583252,2.479149341583252,2.479149341583252,2.479149341583252,0,0.0,0.0
1995-05-24 00:00:00-04:00,2.479149341583252,2.479149341583252,2.479149341583252,2.479149341583252,0,0.0,0.0
1995-05-25 00:00:00-04:00,2.479149341583252,2.479149341583252,2.479149341583252,2.479149341583252,0,0.0,0.0
1995-05-26 00:00:00-04:00,2.479149341583252,2.479149341583252,2.479149341583252,2.479149341583252,0,0.0,0.0
1995-05-30 00:00:00-04:00,2.479149341583252,2.479149341583252,2.479149341583252,2.479149341583252,0,0.0,0.0
1995-05-31 00:00:00-04:00,2.479149341583252,2.479149341583252,2.479149341583252,2.479149341583252,0,0.0,0.0
1995-06-01 00:00:00-04:00,2.479149341583252,2.479149341583252,2.479149341583252,2.479149341583252,0,0.0,0.0
1995-06-02 00:00:00-04:00,2.479149341583252,2.479149341583252,2.479149341583252,2.479149341583252,0,0.0,0.0
1995-06-05 00:00:00-04:00,2.479149341583252,2.479149341583252,2.479149341583252,2.479149341583252,0,0.0,0.0
1995-06-06 00:00:00-04:00,2.479149341583252,2.479149341583252,2.479149341583252,2.479149341583252,0,0.0,0.0
1995-06-07 00:00:00-04:00,2.479149341583252,2.479149341583252,2.479149341583252,2.479149341583252,0,0.0,0.0
1995-06-08 00:00:00-04:00,2.479149341583252,2.479149341583252,2.479149341583252,2.479149341583252,0,0.0,0.0
1995-06-09 00:00:00-04:00,2.479149341583252,2.479149341583252,2.479149341583252,2.479149341583252,0,0.0,0.0
1995-06-12 00:00:00-04:00,2.479149341583252,2.479149341583252,2.479149341583252,2.479149341583252,0,0.0,0.0
1995-06-13 00:00:00-04:00,2.479149341583252,2.479149341583252,2.479149341583252,2.479149341583252,0,0.0,0.0
1995-06-14 00:00:00-04:00,2.479149341583252,2.479149341583252,2.479149341583252,2.479149341583252,0,0.0,0.0
1995-06-15 00:00:00-04:00,2.479149341583252,2.479149341583252,2.479149341583252,2.479149341583252,0,0.0,0.0
1995-06-16 00:00:00-04:00,2.479149341583252,2.479149341583252,2.479149341583252,2.479149341583252,0,0.0,0.0
1995-06-19 00:00:00-04:00,2.479149341583252,2.479149341583252,2.479149341583252,2.479149341583252,0,0.0,0.0
1995-06-20 00:00:00-04:00,2.479149341583252,2.479149341583252,2.479149341583252,2.479149341583252,0,0.0,0.0
1995-06-21 00:00:00-04:00,2.479149341583252,2.479149341583252,2.479149341583252,2.479149341583252,0,0.0,0.0
1995-06-22 00:00:00-04:00,2.479149341583252,2.479149341583252,2.479149341583252,2.479149341583252,0,0.0,0.0
1995-06-23 00:00:00-04:00,2.479149341583252,2.479149341583252,2.479149341583252,2.479149341583252,0,0.0,0.0
1995-06-26 00:00:00-04:00,2.479149341583252,2.479149341583252,2.479149341583252,2.479149341583252,0,0.0,0.0
1995-06-27 00:00:00-04:00,2.479149341583252,2.479149341583252,2.479149341583252,2.479149341583252,0,0.0,0.0
1995-06-28 00:00:00-04:00,2.479149341583252,2.479149341583252,2.479149341583252,2.479149341583252,0,0.0,0.0
1995-06-29 00:00:00-04:00,2.479149341583252,2.479149341583252,2.479149341583252,2.479149341583252,0,0.0,0.0
1995-06-30 00:00:00-04:00,2.479149341583252,2.479149341583252,2.479149341583252,2.479149341583252,0,0.0,0.0
1995-07-03 00:00:00-04:00,2.479149341583252,2.479149341583252,2.479149341583252,2.479149341583252,0,0.0,0.0
1995-07-05 00:00:00-04:00,2.479149341583252,2.479149341583252,2.479149341583252,2.479149341583252,0,0.0,0.0
1995-07-06 00:00:00-04:00,2.479149341583252,2.479149341583252,2.479149341583252,2.479149341583252,0,0.0,0.0
1995-07-07 00:00:00-04:00,2.479149341583252,2.479149341583252,2.479149341583252,2.479149341583252,0,0.0,0.0
1995-07-10 00:00:00-04:00,2.479149341583252,2.479149341583252,2.479149341583252,2.479149341583252,0,0.0,0.0
1995-07-11 00:00:00-04:00,1.1268863677978516,1.1268863677978516,1.1268863677978516,1.1268863677978516,110,0.0,0.0
1995-07-12 00:00:00-04:00,1.1268863677978516,1.1268863677978516,1.1268863677978516,1.1268863677978516,0,0.0,0.0
1995-07-13 00:00:00-04:00,1.1268863677978516,1.1268863677978516,1.1268863677978516,1.1268863677978516,0,0.0,0.0
1995-07-14 00:00:00-04:00,1.1268863677978516,1.1268863677978516,1.1268863677978516,1.1268863677978516,0,0.0,0.0
1995-07-17 00:00:00-04:00,1.1268863677978516,1.1268863677978516,1.1268863677978516,1.1268863677978516,0,0.0,0.0
1995-07-18 00:00:00-04:00,1.1268863677978516,1.1268863677978516,1.1268863677978516,1.1268863677978516,0,0.0,0.0
1995-07-19 00:00:00-04:00,1.1268863677978516,1.1268863677978516,1.1268863677978516,1.1268863677978516,0,0.0,0.0
1995-07-20 00:00:00-04:00,1.1268863677978516,1.1268863677978516,1.1268863677978516,1.1268863677978516,0,0.0,0.0
1995-07-21 00:00:00-04:00,1.1268863677978516,1.1268863677978516,1.1268863677978516,1.1268863677978516,0,0.0,0.0
1995-07-24 00:00:00-04:00,1.1268863677978516,1.1268863677978516,1.1268863677978516,1.1268863677978516,0,0.0,0.0
1995-07-25 00:00:00-04:00,1.1268863677978516,1.1268863677978516,1.1268863677978516,1.1268863677978516,0,0.0,0.0
1995-07-26 00:00:00-04:00,1.1268863677978516,1.1268863677978516,1.1268863677978516,1.1268863677978516,0,0.0,0.0
1995-07-27 00:00:00-04:00,1.1268863677978516,1.1268863677978516,1.1268863677978516,1.1268863677978516,0,0.0,0.0
1995-07-28 00:00:00-04:00,1.1268863677978516,1.1268863677978516,1.1268863677978516,1.1268863677978516,0,0.0,0.0
1995-07-31 00:00:00-04:00,1.1268863677978516,1.1268863677978516,1.1268863677978516,1.1268863677978516,0,0.0,0.0
1995-08-01 00:00:00-04:00,1.1268863677978516,1.1268863677978516,1.1268863677978516,1.1268863677978516,0,0.0,0.0
1995-08-02 00:00:00-04:00,1.1268863677978516,1.1268863677978516,1.1268863677978516,1.1268863677978516,0,0.0,0.0
1995-08-03 00:00:00-04:00,1.1268863677978516,1.1268863677978516,1.1268863677978516,1.1268863677978516,0,0.0,0.0
1995-08-04 00:00:00-04:00,1.1268863677978516,1.1268863677978516,1.1268863677978516,1.1268863677978516,0,0.0,0.0
1995-08-07 00:00:00-04:00,1.1268863677978516,1.1268863677978516,1.1268863677978516,1.1268863677978516,0,0.0,0.0
1995-08-08 00:00:00-04:00,1.1268863677978516,1.1268863677978516,1.1268863677978516,1.1268863677978516,0,0.0,0.0
1995-08-09 00:00:00-04:00,1.1268863677978516,1.1268863677978516,1.1268863677978516,1.1268863677978516,0,0.0,0.0
1995-08-10 00:00:00-04:00,1.1268863677978516,1.1268863677978516,1.1268863677978516,1.1268863677978516,0,0.0,0.0
1995-08-11 00:00:00-04:00,1.1268863677978516,1.1268863677978516,1.1268863677978516,1.1268863677978516,0,0.0,0.0
1995-08-14 00:00:00-04:00,1.1268863677978516,1.1268863677978516,1.1268863677978516,1.1268863677978516,0,0.0,0.0
1995-08-15 00:00:00-04:00,1.1268863677978516,1.1268863677978516,1.1268863677978516,1.1268863677978516,0,0.0,0.0
1995-08-16 00:00:00-04:00,1.1268863677978516,1.1268863677978516,1.1268863677978516,1.1268863677978516,0,0.0,0.0
1995-08-17 00:00:00-04:00,1.1268863677978516,1.1268863677978516,1.1268863677978516,1.1268863677978516,0,0.0,0.0
1995-08-18 00:00:00-04:00,0.9015089273452759,0.9015089273452759,0.9015089273452759,0.9015089273452759,110,0.0,0.0
1995-08-21 00:00:00-04:00,0.9015089273452759,0.9015089273452759,0.9015089273452759,0.9015089273452759,0,0.0,0.0
1995-08-22 00:00:00-04:00,0.9015089273452759,0.9015089273452759,0.9015089273452759,0.9015089273452759,0,0.0,0.0
1995-08-23 00:00:00-04:00,1.8030178546905518,1.8030178546905518,1.8030178546905518,1.8030178546905518,1100,0.0,0.0
1995-08-24 00:00:00-04:00,1.8030178546905518,1.8030178546905518,1.8030178546905518,1.8030178546905518,0,0.0,0.0
1995-08-25 00:00:00-04:00,1.8030178546905518,1.8030178546905518,1.8030178546905518,1.8030178546905518,0,0.0,0.0
1995-08-28 00:00:00-04:00,1.8030178546905518,1.8030178546905518,1.8030178546905518,1.8030178546905518,0,0.0,0.0
1995-08-29 00:00:00-04:00,1.8030178546905518,1.8030178546905518,1.8030178546905518,1.8030178546905518,0,0.0,0.0
1995-08-30 00:00:00-04:00,1.8030178546905518,1.8030178546905518,1.8030178546905518,1.8030178546905518,0,0.0,0.0
1995-08-31 00:00:00-04:00,1.8030178546905518,1.8030178546905518,1.8030178546905518,1.8030178546905518,0,0.0,0.0
1995-09-01 00:00:00-04:00,1.8030178546905518,1.8030178546905518,1.8030178546905518,1.8030178546905518,0,0.0,0.0
1995-09-05 00:00:00-04:00,1.8030178546905518,1.8030178546905518,1.8030178546905518,1.8030178546905518,0,0.0,0.0
1995-09-06 00:00:00-04:00,1.8030178546905518,1.8030178546905518,1.8030178546905518,1.8030178546905518,0,0.0,0.0
1995-09-07 00:00:00-04:00,1.8030178546905518,1.8030178546905518,1.8030178546905518,1.8030178546905518,0,0.0,0.0
1995-09-08 00:00:00-04:00,1.8030178546905518,1.8030178546905518,1.8030178546905518,1.8030178546905518,0,0.0,0.0
1995-09-11 00:00:00-04:00,1.8030178546905518,1.8030178546905518,1.8030178546905518,1.8030178546905518,0,0.0,0.0
1995-09-12 00:00:00-04:00,1.8030178546905518,1.8030178546905518,1.8030178546905518,1.8030178546905518,0,0.0,0.0
1995-09-13 00:00:00-04:00,1.8030178546905518,1.8030178546905518,1.8030178546905518,1.8030178546905518,0,0.0,0.0
1995-09-14 00:00:00-04:00,1.8030178546905518,1.8030178546905518,1.8030178546905518,1.8030178546905518,0,0.0,0.0
1995-09-15 00:00:00-04:00,1.8030178546905518,1.8030178546905518,1.8030178546905518,1.8030178546905518,0,0.0,0.0
1995-09-18 00:00:00-04:00,1.8030178546905518,1.8030178546905518,1.8030178546905518,1.8030178546905518,0,0.0,0.0
1995-09-19 00:00:00-04:00,1.8030178546905518,1.8030178546905518,1.8030178546905518,1.8030178546905518,0,0.0,0.0
1995-09-20 00:00:00-04:00,1.8030178546905518,1.8030178546905518,1.8030178546905518,1.8030178546905518,0,0.0,0.0
1995-09-21 00:00:00-04:00,1.8030178546905518,1.8030178546905518,1.8030178546905518,1.8030178546905518,0,0.0,0.0
1995-09-22 00:00:00-04:00,1.8030178546905518,1.8030178546905518,1.8030178546905518,1.8030178546905518,0,0.0,0.0
1995-09-25 00:00:00-04:00,1.8030178546905518,1.8030178546905518,1.8030178546905518,1.8030178546905518,0,0.0,0.0
1995-09-26 00:00:00-04:00,1.8030178546905518,1.8030178546905518,1.8030178546905518,1.8030178546905518,0,0.0,0.0
1995-09-27 00:00:00-04:00,1.8030178546905518,1.8030178546905518,1.8030178546905518,1.8030178546905518,0,0.0,0.0
1995-09-28 00:00:00-04:00,1.8030178546905518,1.8030178546905518,1.8030178546905518,1.8030178546905518,0,0.0,0.0
1995-09-29 00:00:00-04:00,1.8030178546905518,1.8030178546905518,1.8030178546905518,1.8030178546905518,0,0.0,0.0
1995-10-02 00:00:00-04:00,1.8030178546905518,1.8030178546905518,1.8030178546905518,1.8030178546905518,0,0.0,0.0
1995-10-03 00:00:00-04:00,1.8030178546905518,1.8030178546905518,1.8030178546905518,1.8030178546905518,0,0.0,0.0
1995-10-04 00:00:00-04:00,1.8030178546905518,1.8030178546905518,1.8030178546905518,1.8030178546905518,0,0.0,0.0
1995-10-05 00:00:00-04:00,1.8030178546905518,1.8030178546905518,1.8030178546905518,1.8030178546905518,0,0.0,0.0
1995-10-06 00:00:00-04:00,1.8030178546905518,1.8030178546905518,1.8030178546905518,1.8030178546905518,0,0.0,0.0
1995-10-09 00:00:00-04:00,1.8030178546905518,1.8030178546905518,1.8030178546905518,1.8030178546905518,0,0.0,0.0
1995-10-10 00:00:00-04:00,1.8030178546905518,1.8030178546905518,1.8030178546905518,1.8030178546905518,0,0.0,0.0
1995-10-11 00:00:00-04:00,2.704526662826538,2.704526662826538,2.704526662826538,2.704526662826538,1540,0.0,0.0
1995-10-12 00:00:00-04:00,2.704526662826538,2.704526662826538,2.704526662826538,2.704526662826538,0,0.0,0.0
1995-10-13 00:00:00-04:00,2.704526662826538,2.704526662826538,2.704526662826538,2.704526662826538,0,0.0,0.0
1995-10-16 00:00:00-04:00,2.704526662826538,2.704526662826538,2.704526662826538,2.704526662826538,0,0.0,0.0
1995-10-17 00:00:00-04:00,2.704526662826538,2.704526662826538,2.704526662826538,2.704526662826538,0,0.0,0.0
1995-10-18 00:00:00-04:00,2.704526662826538,2.704526662826538,2.704526662826538,2.704526662826538,0,0.0,0.0
1995-10-19 00:00:00-04:00,2.704526662826538,2.704526662826538,2.704526662826538,2.704526662826538,0,0.0,0.0
1995-10-20 00:00:00-04:00,2.704526662826538,2.704526662826538,2.704526662826538,2.704526662826538,0,0.0,0.0
1995-10-23 00:00:00-04:00,2.704526662826538,2.704526662826538,2.704526662826538,2.704526662826538,0,0.0,0.0
1995-10-24 00:00:00-04:00,2.704526662826538,2.704526662826538,2.704526662826538,2.704526662826538,0,0.0,0.0
1995-10-25 00:00:00-04:00,2.704526662826538,2.704526662826538,2.704526662826538,2.704526662826538,0,0.0,0.0
1995-10-26 00:00:00-04:00,2.704526662826538,2.704526662826538,2.704526662826538,2.704526662826538,0,0.0,0.0
1995-10-27 00:00:00-04:00,2.704526662826538,2.704526662826538,2.704526662826538,2.704526662826538,0,0.0,0.0
1995-10-30 00:00:00-05:00,2.704526662826538,2.704526662826538,2.704526662826538,2.704526662826538,0,0.0,0.0
1995-10-31 00:00:00-05:00,2.704526662826538,2.704526662826538,2.704526662826538,2.704526662826538,0,0.0,0.0
1995-11-01 00:00:00-05:00,2.704526662826538,2.704526662826538,2.704526662826538,2.704526662826538,0,0.0,0.0
1995-11-02 00:00:00-05:00,2.704526662826538,2.704526662826538,2.704526662826538,2.704526662826538,0,0.0,0.0
1995-11-03 00:00:00-05:00,2.704526662826538,2.704526662826538,2.704526662826538,2.704526662826538,0,0.0,0.0
1995-11-06 00:00:00-05:00,2.704526662826538,2.704526662826538,2.704526662826538,2.704526662826538,0,0.0,0.0
1995-11-07 00:00:00-05:00,2.704526662826538,2.704526662826538,2.704526662826538,2.704526662826538,0,0.0,0.0
1995-11-08 00:00:00-05:00,2.704526662826538,2.704526662826538,2.704526662826538,2.704526662826538,0,0.0,0.0
1995-11-09 00:00:00-05:00,2.704526662826538,2.704526662826538,2.704526662826538,2.704526662826538,0,0.0,0.0
1995-11-10 00:00:00-05:00,2.704526662826538,2.704526662826538,2.704526662826538,2.704526662826538,0,0.0,0.0
1995-11-13 00:00:00-05:00,2.704526662826538,2.704526662826538,2.704526662826538,2.704526662826538,0,0.0,0.0
1995-11-14 00:00:00-05:00,2.704526662826538,2.704526662826538,2.704526662826538,2.704526662826538,0,0.0,0.0
1995-11-15 00:00:00-05:00,2.704526662826538,2.704526662826538,2.704526662826538,2.704526662826538,0,0.0,0.0
1995-11-16 00:00:00-05:00,2.704526662826538,2.704526662826538,2.704526662826538,2.704526662826538,0,0.0,0.0
1995-11-17 00:00:00-05:00,2.704526662826538,2.704526662826538,2.704526662826538,2.704526662826538,0,0.0,0.0
1995-11-20 00:00:00-05:00,2.704526662826538,2.704526662826538,2.704526662826538,2.704526662826538,0,0.0,0.0
1995-11-21 00:00:00-05:00,2.704526662826538,2.704526662826538,2.704526662826538,2.704526662826538,0,0.0,0.0
1995-11-22 00:00:00-05:00,2.704526662826538,2.704526662826538,2.704526662826538,2.704526662826538,0,0.0,0.0
1995-11-24 00:00:00-05:00,2.704526662826538,2.704526662826538,2.704526662826538,2.704526662826538,0,0.0,0.0
1995-11-27 00:00:00-05:00,2.704526662826538,2.704526662826538,2.704526662826538,2.704526662826538,110,0.0,0.0
1995-11-28 00:00:00-05:00,2.704526662826538,2.704526662826538,2.704526662826538,2.704526662826538,0,0.0,0.0
1995-11-29 00:00:00-05:00,2.704526662826538,2.704526662826538,2.704526662826538,2.704526662826538,0,0.0,0.0
1995-11-30 00:00:00-05:00,2.704526662826538,2.704526662826538,2.704526662826538,2.704526662826538,0,0.0,0.0
1995-12-01 00:00:00-05:00,2.704526662826538,2.704526662826538,2.704526662826538,2.704526662826538,0,0.0,0.0
1995-12-04 00:00:00-05:00,2.704526662826538,2.704526662826538,2.704526662826538,2.704526662826538,0,0.0,0.0
1995-12-05 00:00:00-05:00,2.704526662826538,2.704526662826538,2.704526662826538,2.704526662826538,0,0.0,0.0
1995-12-06 00:00:00-05:00,2.704526662826538,2.704526662826538,2.704526662826538,2.704526662826538,0,0.0,0.0
1995-12-07 00:00:00-05:00,2.2537717819213867,2.2537717819213867,2.2537717819213867,2.2537717819213867,110,0.0,0.0
1995-12-08 00:00:00-05:00,2.2537717819213867,2.2537717819213867,2.2537717819213867,2.2537717819213867,0,0.0,0.0
1995-12-11 00:00:00-05:00,2.2537717819213867,2.2537717819213867,2.2537717819213867,2.2537717819213867,0,0.0,0.0
1995-12-12 00:00:00-05:00,2.2537717819213867,2.2537717819213867,2.2537717819213867,2.2537717819213867,0,0.0,0.0
1995-12-13 00:00:00-05:00,2.2537717819213867,2.2537717819213867,2.2537717819213867,2.2537717819213867,0,0.0,0.0
1995-12-14 00:00:00-05:00,2.2537717819213867,2.2537717819213867,2.2537717819213867,2.2537717819213867,0,0.0,0.0
1995-12-15 00:00:00-05:00,2.2537717819213867,2.2537717819213867,2.2537717819213867,2.2537717819213867,0,0.0,0.0
1995-12-18 00:00:00-05:00,2.2537717819213867,2.2537717819213867,2.2537717819213867,2.2537717819213867,0,0.0,0.0
1995-12-19 00:00:00-05:00,2.2537717819213867,2.2537717819213867,2.2537717819213867,2.2537717819213867,0,0.0,0.0
1995-12-20 00:00:00-05:00,2.2537717819213867,2.2537717819213867,2.2537717819213867,2.2537717819213867,0,0.0,0.0
1995-12-21 00:00:00-05:00,2.2537717819213867,2.2537717819213867,2.2537717819213867,2.2537717819213867,0,0.0,0.0
1995-12-22 00:00:00-05:00,2.2537717819213867,2.2537717819213867,2.2537717819213867,2.2537717819213867,0,0.0,0.0
1995-12-26 00:00:00-05:00,2.2537717819213867,2.2537717819213867,2.2537717819213867,2.2537717819213867,0,0.0,0.0
1995-12-27 00:00:00-05:00,2.2537717819213867,2.2537717819213867,2.2537717819213867,2.2537717819213867,0,0.0,0.0
1995-12-28 00:00:00-05:00,2.2537717819213867,2.2537717819213867,2.2537717819213867,2.2537717819213867,0,0.0,0.0
1995-12-29 00:00:00-05:00,1.8030178546905518,1.8030178546905518,1.8030178546905518,1.8030178546905518,110,0.0,0.0
1996-01-02 00:00:00-05:00,1.8030178546905518,1.8030178546905518,1.8030178546905518,1.8030178546905518,0,0.0,0.0
1996-01-03 00:00:00-05:00,1.8030178546905518,1.8030178546905518,1.8030178546905518,1.8030178546905518,0,0.0,0.0
1996-01-04 00:00:00-05:00,1.8030178546905518,1.8030178546905518,1.8030178546905518,1.8030178546905518,0,0.0,0.0
1996-01-05 00:00:00-05:00,1.8030178546905518,1.8030178546905518,1.8030178546905518,1.8030178546905518,0,0.0,0.0
1996-01-08 00:00:00-05:00,1.8030178546905518,1.8030178546905518,1.8030178546905518,1.8030178546905518,0,0.0,0.0
1996-01-09 00:00:00-05:00,1.8030178546905518,1.8030178546905518,1.8030178546905518,1.8030178546905518,0,0.0,0.0
1996-01-10 00:00:00-05:00,1.8030178546905518,1.8030178546905518,1.8030178546905518,1.8030178546905518,0,0.0,0.0
1996-01-11 00:00:00-05:00,1.8030178546905518,1.8030178546905518,1.8030178546905518,1.8030178546905518,0,0.0,0.0
1996-01-12 00:00:00-05:00,1.8030178546905518,1.8030178546905518,1.8030178546905518,1.8030178546905518,0,0.0,0.0
1996-01-15 00:00:00-05:00,1.8030178546905518,1.8030178546905518,1.8030178546905518,1.8030178546905518,0,0.0,0.0
1996-01-16 00:00:00-05:00,1.8030178546905518,1.8030178546905518,1.8030178546905518,1.8030178546905518,0,0.0,0.0
1996-01-17 00:00:00-05:00,1.8030178546905518,1.8030178546905518,1.8030178546905518,1.8030178546905518,0,0.0,0.0
1996-01-18 00:00:00-05:00,1.8030178546905518,1.8030178546905518,1.8030178546905518,1.8030178546905518,0,0.0,0.0
1996-01-19 00:00:00-05:00,1.8030178546905518,1.8030178546905518,1.8030178546905518,1.8030178546905518,0,0.0,0.0
1996-01-22 00:00:00-05:00,1.8030178546905518,1.8030178546905518,1.8030178546905518,1.8030178546905518,0,0.0,0.0
1996-01-23 00:00:00-05:00,1.8030178546905518,1.8030178546905518,1.8030178546905518,1.8030178546905518,0,0.0,0.0
1996-01-24 00:00:00-05:00,1.8030178546905518,1.8030178546905518,1.8030178546905518,1.8030178546905518,0,0.0,0.0
1996-01-25 00:00:00-05:00,1.8030178546905518,1.8030178546905518,1.8030178546905518,1.8030178546905518,0,0.0,0.0
1996-01-26 00:00:00-05:00,1.8030178546905518,1.8030178546905518,1.8030178546905518,1.8030178546905518,0,0.0,0.0
1996-01-29 00:00:00-05:00,1.8030178546905518,1.8030178546905518,1.8030178546905518,1.8030178546905518,0,0.0,0.0
1996-01-30 00:00:00-05:00,1.8030178546905518,1.8030178546905518,1.8030178546905518,1.8030178546905518,0,0.0,0.0
1996-01-31 00:00:00-05:00,1.8030178546905518,1.8030178546905518,1.8030178546905518,1.8030178546905518,0,0.0,0.0
1996-02-01 00:00:00-05:00,1.8030178546905518,1.8030178546905518,1.8030178546905518,1.8030178546905518,0,0.0,0.0
1996-02-02 00:00:00-05:00,1.8030178546905518,1.8030178546905518,1.8030178546905518,1.8030178546905518,0,0.0,0.0
1996-02-05 00:00:00-05:00,1.8030178546905518,1.8030178546905518,1.8030178546905518,1.8030178546905518,0,0.0,0.0
1996-02-06 00:00:00-05:00,0.2704523801803589,0.2704523801803589,0.2704523801803589,0.2704523801803589,110,0.0,0.0
1996-02-07 00:00:00-05:00,0.2704523801803589,0.2704523801803589,0.2704523801803589,0.2704523801803589,0,0.0,0.0
1996-02-08 00:00:00-05:00,0.2704523801803589,0.2704523801803589,0.2704523801803589,0.2704523801803589,0,0.0,0.0
1996-02-09 00:00:00-05:00,0.2704523801803589,0.2704523801803589,0.2704523801803589,0.2704523801803589,0,0.0,0.0
1996-02-12 00:00:00-05:00,0.2704523801803589,0.2704523801803589,0.2704523801803589,0.2704523801803589,0,0.0,0.0
1996-02-13 00:00:00-05:00,0.2704523801803589,0.2704523801803589,0.2704523801803589,0.2704523801803589,0,0.0,0.0
1996-02-14 00:00:00-05:00,0.2704523801803589,0.2704523801803589,0.2704523801803589,0.2704523801803589,0,0.0,0.0
1996-02-15 00:00:00-05:00,0.2704523801803589,0.2704523801803589,0.2704523801803589,0.2704523801803589,0,0.0,0.0
1996-02-16 00:00:00-05:00,0.2704523801803589,0.2704523801803589,0.2704523801803589,0.2704523801803589,0,0.0,0.0
1996-02-20 00:00:00-05:00,0.2704523801803589,0.2704523801803589,0.2704523801803589,0.2704523801803589,0,0.0,0.0
1996-02-21 00:00:00-05:00,0.2704523801803589,0.2704523801803589,0.2704523801803589,0.2704523801803589,0,0.0,0.0
1996-02-22 00:00:00-05:00,0.2704523801803589,0.2704523801803589,0.2704523801803589,0.2704523801803589,0,0.0,0.0
1996-02-23 00:00:00-05:00,0.2704523801803589,0.2704523801803589,0.2704523801803589,0.2704523801803589,0,0.0,0.0
1996-02-26 00:00:00-05:00,0.2704523801803589,0.2704523801803589,0.2704523801803589,0.2704523801803589,0,0.0,0.0
1996-02-27 00:00:00-05:00,0.2704523801803589,0.2704523801803589,0.2704523801803589,0.2704523801803589,0,0.0,0.0
1996-02-28 00:00:00-05:00,0.2704523801803589,0.2704523801803589,0.2704523801803589,0.2704523801803589,0,0.0,0.0
1996-02-29 00:00:00-05:00,0.2704523801803589,0.2704523801803589,0.2704523801803589,0.2704523801803589,0,0.0,0.0
1996-03-01 00:00:00-05:00,0.2704523801803589,0.2704523801803589,0.2704523801803589,0.2704523801803589,0,0.0,0.0
1996-03-04 00:00:00-05:00,0.2704523801803589,0.2704523801803589,0.2704523801803589,0.2704523801803589,0,0.0,0.0
1996-03-05 00:00:00-05:00,0.2704523801803589,0.2704523801803589,0.2704523801803589,0.2704523801803589,0,0.0,0.0
1996-03-06 00:00:00-05:00,0.2704523801803589,0.2704523801803589,0.2704523801803589,0.2704523801803589,0,0.0,0.0
1996-03-07 00:00:00-05:00,0.2704523801803589,0.2704523801803589,0.2704523801803589,0.2704523801803589,0,0.0,0.0
1996-03-08 00:00:00-05:00,0.2704523801803589,0.2704523801803589,0.2704523801803589,0.2704523801803589,0,0.0,0.0
1996-03-11 00:00:00-05:00,0.2704523801803589,0.2704523801803589,0.2704523801803589,0.2704523801803589,0,0.0,0.0
1996-03-12 00:00:00-05:00,0.2704523801803589,0.2704523801803589,0.2704523801803589,0.2704523801803589,0,0.0,0.0
1996-03-13 00:00:00-05:00,0.2704523801803589,0.2704523801803589,0.2704523801803589,0.2704523801803589,0,0.0,0.0
1996-03-14 00:00:00-05:00,0.2704523801803589,0.2704523801803589,0.2704523801803589,0.2704523801803589,0,0.0,0.0
1996-03-15 00:00:00-05:00,0.2704523801803589,0.2704523801803589,0.2704523801803589,0.2704523801803589,0,0.0,0.0
1996-03-18 00:00:00-05:00,0.2704523801803589,0.2704523801803589,0.2704523801803589,0.2704523801803589,0,0.0,0.0
1996-03-19 00:00:00-05:00,0.2704523801803589,0.2704523801803589,0.2704523801803589,0.2704523801803589,0,0.0,0.0
1996-03-20 00:00:00-05:00,0.2704523801803589,0.2704523801803589,0.2704523801803589,0.2704523801803589,0,0.0,0.0
1996-03-21 00:00:00-05:00,0.2704523801803589,0.2704523801803589,0.2704523801803589,0.2704523801803589,0,0.0,0.0
1996-03-22 00:00:00-05:00,0.2704523801803589,0.2704523801803589,0.2704523801803589,0.2704523801803589,0,0.0,0.0
1996-03-25 00:00:00-05:00,0.2704523801803589,0.2704523801803589,0.2704523801803589,0.2704523801803589,0,0.0,0.0
1996-03-26 00:00:00-05:00,0.2704523801803589,0.2704523801803589,0.2704523801803589,0.2704523801803589,0,0.0,0.0
1996-03-27 00:00:00-05:00,0.2704523801803589,0.2704523801803589,0.2704523801803589,0.2704523801803589,0,0.0,0.0
1996-03-28 00:00:00-05:00,0.2704523801803589,0.2704523801803589,0.2704523801803589,0.2704523801803589,0,0.0,0.0
1996-03-29 00:00:00-05:00,0.2704523801803589,0.2704523801803589,0.2704523801803589,0.2704523801803589,0,0.0,0.0
1996-04-01 00:00:00-05:00,0.2704523801803589,0.2704523801803589,0.2704523801803589,0.2704523801803589,0,0.0,0.0
1996-04-02 00:00:00-05:00,0.2704523801803589,0.2704523801803589,0.2704523801803589,0.2704523801803589,0,0.0,0.0
1996-04-03 00:00:00-05:00,0.2704523801803589,0.2704523801803589,0.2704523801803589,0.2704523801803589,0,0.0,0.0
1996-04-04 00:00:00-05:00,0.2704523801803589,0.2704523801803589,0.2704523801803589,0.2704523801803589,0,0.0,0.0
1996-04-08 00:00:00-04:00,0.2704523801803589,0.2704523801803589,0.2704523801803589,0.2704523801803589,0,0.0,0.0
1996-04-09 00:00:00-04:00,0.2704523801803589,0.2704523801803589,0.2704523801803589,0.2704523801803589,0,0.0,0.0
1996-04-10 00:00:00-04:00,0.2704523801803589,0.2704523801803589,0.2704523801803589,0.2704523801803589,0,0.0,0.0
1996-04-11 00:00:00-04:00,0.2704523801803589,0.2704523801803589,0.2704523801803589,0.2704523801803589,0,0.0,0.0
1996-04-12 00:00:00-04:00,0.2704523801803589,0.2704523801803589,0.2704523801803589,0.2704523801803589,0,0.0,0.0
1996-04-15 00:00:00-04:00,0.2704523801803589,0.2704523801803589,0.2704523801803589,0.2704523801803589,0,0.0,0.0
1996-04-16 00:00:00-04:00,0.2704523801803589,0.2704523801803589,0.2704523801803589,0.2704523801803589,0,0.0,0.0
1996-04-17 00:00:00-04:00,0.2704523801803589,0.2704523801803589,0.2704523801803589,0.2704523801803589,0,0.0,0.0
1996-04-18 00:00:00-04:00,0.2704523801803589,0.2704523801803589,0.2704523801803589,0.2704523801803589,0,0.0,0.0
1996-04-19 00:00:00-04:00,0.2704523801803589,0.2704523801803589,0.2704523801803589,0.2704523801803589,0,0.0,0.0
1996-04-22 00:00:00-04:00,0.2704523801803589,0.2704523801803589,0.2704523801803589,0.2704523801803589,0,0.0,0.0
1996-04-23 00:00:00-04:00,0.2704523801803589,0.2704523801803589,0.2704523801803589,0.2704523801803589,0,0.0,0.0
1996-04-24 00:00:00-04:00,0.2704523801803589,0.2704523801803589,0.2704523801803589,0.2704523801803589,0,0.0,0.0
1996-04-25 00:00:00-04:00,0.2704523801803589,0.2704523801803589,0.2704523801803589,0.2704523801803589,0,0.0,0.0
1996-04-26 00:00:00-04:00,0.2704523801803589,0.2704523801803589,0.2704523801803589,0.2704523801803589,0,0.0,0.0
1996-04-29 00:00:00-04:00,0.2704523801803589,0.2704523801803589,0.2704523801803589,0.2704523801803589,0,0.0,0.0
1996-04-30 00:00:00-04:00,0.2704523801803589,0.2704523801803589,0.2704523801803589,0.2704523801803589,0,0.0,0.0
1996-05-01 00:00:00-04:00,0.2704523801803589,0.2704523801803589,0.2704523801803589,0.2704523801803589,0,0.0,0.0
1996-05-02 00:00:00-04:00,0.2704523801803589,0.2704523801803589,0.2704523801803589,0.2704523801803589,0,0.0,0.0
1996-05-03 00:00:00-04:00,0.2704523801803589,0.2704523801803589,0.2704523801803589,0.2704523801803589,0,0.0,0.0
1996-05-06 00:00:00-04:00,0.2704523801803589,0.2704523801803589,0.2704523801803589,0.2704523801803589,0,0.0,0.0
1996-05-07 00:00:00-04:00,0.2704523801803589,0.2704523801803589,0.2704523801803589,0.2704523801803589,0,0.0,0.0
1996-05-08 00:00:00-04:00,0.2704523801803589,0.2704523801803589,0.2704523801803589,0.2704523801803589,0,0.0,0.0
1996-05-09 00:00:00-04:00,2.704526662826538,2.704526662826538,2.704526662826538,2.704526662826538,440,0.0,0.0
1996-05-10 00:00:00-04:00,2.704526662826538,2.704526662826538,2.704526662826538,2.704526662826538,0,0.0,0.0
1996-05-13 00:00:00-04:00,2.704526662826538,2.704526662826538,2.704526662826538,2.704526662826538,0,0.0,0.0
1996-05-14 00:00:00-04:00,2.704526662826538,2.704526662826538,2.704526662826538,2.704526662826538,0,0.0,0.0
1996-05-15 00:00:00-04:00,2.704526662826538,2.704526662826538,2.704526662826538,2.704526662826538,0,0.0,0.0
1996-05-16 00:00:00-04:00,2.704526662826538,2.704526662826538,2.704526662826538,2.704526662826538,0,0.0,0.0
1996-05-17 00:00:00-04:00,2.704526662826538,2.704526662826538,2.704526662826538,2.704526662826538,0,0.0,0.0
1996-05-20 00:00:00-04:00,2.704526662826538,2.704526662826538,2.704526662826538,2.704526662826538,0,0.0,0.0
1996-05-21 00:00:00-04:00,2.704526662826538,2.704526662826538,2.704526662826538,2.704526662826538,0,0.0,0.0
1996-05-22 00:00:00-04:00,2.704526662826538,2.704526662826538,2.704526662826538,2.704526662826538,0,0.0,0.0
1996-05-23 00:00:00-04:00,2.704526662826538,2.704526662826538,2.704526662826538,2.704526662826538,0,0.0,0.0
1996-05-24 00:00:00-04:00,2.704526662826538,2.704526662826538,2.704526662826538,2.704526662826538,0,0.0,0.0
1996-05-28 00:00:00-04:00,2.704526662826538,2.704526662826538,2.704526662826538,2.704526662826538,0,0.0,0.0
1996-05-29 00:00:00-04:00,2.704526662826538,2.704526662826538,2.704526662826538,2.704526662826538,0,0.0,0.0
1996-05-30 00:00:00-04:00,2.704526662826538,2.704526662826538,2.704526662826538,2.704526662826538,0,0.0,0.0
1996-05-31 00:00:00-04:00,2.704526662826538,2.704526662826538,2.704526662826538,2.704526662826538,0,0.0,0.0
1996-06-03 00:00:00-04:00,2.704526662826538,2.704526662826538,2.704526662826538,2.704526662826538,0,0.0,0.0
1996-06-04 00:00:00-04:00,2.704526662826538,2.704526662826538,2.704526662826538,2.704526662826538,0,0.0,0.0
1996-06-05 00:00:00-04:00,2.704526662826538,2.704526662826538,2.704526662826538,2.704526662826538,0,0.0,0.0
1996-06-06 00:00:00-04:00,2.704526662826538,2.704526662826538,2.704526662826538,2.704526662826538,0,0.0,0.0
1996-06-07 00:00:00-04:00,2.7045267089194676,3.3806581497192383,2.7045267089194676,3.3806581497192383,11220,0.0,0.0
1996-06-10 00:00:00-04:00,3.3806581497192383,3.3806581497192383,3.3806581497192383,3.3806581497192383,0,0.0,0.0
1996-06-11 00:00:00-04:00,2.704526812378208,2.704526812378208,2.479149341583252,2.479149341583252,5500,0.0,0.0
1996-06-12 00:00:00-04:00,3.6060357093811035,3.6060357093811035,3.6060357093811035,3.6060357093811035,5500,0.0,0.0
1996-06-13 00:00:00-04:00,3.6060357093811035,3.6060357093811035,3.6060357093811035,3.6060357093811035,0,0.0,0.0
1996-06-14 00:00:00-04:00,3.6060357093811035,3.6060357093811035,3.6060357093811035,3.6060357093811035,0,0.0,0.0
1996-06-17 00:00:00-04:00,3.6060357093811035,3.6060357093811035,3.6060357093811035,3.6060357093811035,0,0.0,0.0
1996-06-18 00:00:00-04:00,3.6060357093811035,3.6060357093811035,3.6060357093811035,3.6060357093811035,0,0.0,0.0
1996-06-19 00:00:00-04:00,3.6060357093811035,3.6060357093811035,3.6060357093811035,3.6060357093811035,0,0.0,0.0
1996-06-20 00:00:00-04:00,3.6060357093811035,3.6060357093811035,3.6060357093811035,3.6060357093811035,0,0.0,0.0
1996-06-21 00:00:00-04:00,3.6060357093811035,3.6060357093811035,3.6060357093811035,3.6060357093811035,0,0.0,0.0
1996-06-24 00:00:00-04:00,3.6060357093811035,3.6060357093811035,3.6060357093811035,3.6060357093811035,0,0.0,0.0
1996-06-25 00:00:00-04:00,3.6060357093811035,3.6060357093811035,3.6060357093811035,3.6060357093811035,0,0.0,0.0
1996-06-26 00:00:00-04:00,3.6060357093811035,3.6060357093811035,3.6060357093811035,3.6060357093811035,0,0.0,0.0
1996-06-27 00:00:00-04:00,3.6060357093811035,3.6060357093811035,3.6060357093811035,3.6060357093811035,0,0.0,0.0
1996-06-28 00:00:00-04:00,3.6060357093811035,3.6060357093811035,3.6060357093811035,3.6060357093811035,0,0.0,0.0
1996-07-01 00:00:00-04:00,3.6060357093811035,3.6060357093811035,3.6060357093811035,3.6060357093811035,0,0.0,0.0
1996-07-02 00:00:00-04:00,3.6060357093811035,3.6060357093811035,3.6060357093811035,3.6060357093811035,0,0.0,0.0
1996-07-03 00:00:00-04:00,3.6060357093811035,3.6060357093811035,3.6060357093811035,3.6060357093811035,0,0.0,0.0
1996-07-05 00:00:00-04:00,3.6060357093811035,3.6060357093811035,3.6060357093811035,3.6060357093811035,0,0.0,0.0
1996-07-08 00:00:00-04:00,3.6060357093811035,3.6060357093811035,3.6060357093811035,3.6060357093811035,0,0.0,0.0
1996-07-09 00:00:00-04:00,3.6060357093811035,3.6060357093811035,3.6060357093811035,3.6060357093811035,0,0.0,0.0
1996-07-10 00:00:00-04:00,3.6060357093811035,3.6060357093811035,3.6060357093811035,3.6060357093811035,0,0.0,0.0
1996-07-11 00:00:00-04:00,3.6060357093811035,3.6060357093811035,3.6060357093811035,3.6060357093811035,0,0.0,0.0
1996-07-12 00:00:00-04:00,3.6060357093811035,3.6060357093811035,3.6060357093811035,3.6060357093811035,0,0.0,0.0
1996-07-15 00:00:00-04:00,3.6060357093811035,3.6060357093811035,3.6060357093811035,3.6060357093811035,0,0.0,0.0
1996-07-16 00:00:00-04:00,3.6060357093811035,3.6060357093811035,3.6060357093811035,3.6060357093811035,0,0.0,0.0
1996-07-17 00:00:00-04:00,3.6060357093811035,3.6060357093811035,3.6060357093811035,3.6060357093811035,0,0.0,0.0
1996-07-18 00:00:00-04:00,3.6060357093811035,3.6060357093811035,3.6060357093811035,3.6060357093811035,0,0.0,0.0
1996-07-19 00:00:00-04:00,3.6060357093811035,3.6060357093811035,3.6060357093811035,3.6060357093811035,0,0.0,0.0
1996-07-22 00:00:00-04:00,3.6060357093811035,3.6060357093811035,3.6060357093811035,3.6060357093811035,0,0.0,0.0
1996-07-23 00:00:00-04:00,3.6060357093811035,3.6060357093811035,3.6060357093811035,3.6060357093811035,0,0.0,0.0
1996-07-24 00:00:00-04:00,3.6060357093811035,3.6060357093811035,3.6060357093811035,3.6060357093811035,0,0.0,0.0
1996-07-25 00:00:00-04:00,3.6060357093811035,3.6060357093811035,3.6060357093811035,3.6060357093811035,0,0.0,0.0
1996-07-26 00:00:00-04:00,3.6060357093811035,3.6060357093811035,3.6060357093811035,3.6060357093811035,0,0.0,0.0
1996-07-29 00:00:00-04:00,3.6060357093811035,3.6060357093811035,3.6060357093811035,3.6060357093811035,0,0.0,0.0
1996-07-30 00:00:00-04:00,3.6060357093811035,3.6060357093811035,3.6060357093811035,3.6060357093811035,0,0.0,0.0
1996-07-31 00:00:00-04:00,3.6060357093811035,3.6060357093811035,3.6060357093811035,3.6060357093811035,0,0.0,0.0
1996-08-01 00:00:00-04:00,3.6060357093811035,3.6060357093811035,3.6060357093811035,3.6060357093811035,0,0.0,0.0
1996-08-02 00:00:00-04:00,3.6060357093811035,3.6060357093811035,3.6060357093811035,3.6060357093811035,0,0.0,0.0
1996-08-05 00:00:00-04:00,3.6060357093811035,3.6060357093811035,3.6060357093811035,3.6060357093811035,0,0.0,0.0
1996-08-06 00:00:00-04:00,3.3806581497192383,3.3806581497192383,3.3806581497192383,3.3806581497192383,330,0.0,0.0
1996-08-07 00:00:00-04:00,3.3806581497192383,3.3806581497192383,3.3806581497192383,3.3806581497192383,0,0.0,0.0
1996-08-08 00:00:00-04:00,3.3806581497192383,3.3806581497192383,3.3806581497192383,3.3806581497192383,0,0.0,0.0
1996-08-09 00:00:00-04:00,3.3806581497192383,3.3806581497192383,3.3806581497192383,3.3806581497192383,0,0.0,0.0
1996-08-12 00:00:00-04:00,3.3806581497192383,3.3806581497192383,3.3806581497192383,3.3806581497192383,0,0.0,0.0
1996-08-13 00:00:00-04:00,3.3806581497192383,3.3806581497192383,3.3806581497192383,3.3806581497192383,0,0.0,0.0
1996-08-14 00:00:00-04:00,3.3806581497192383,3.3806581497192383,3.3806581497192383,3.3806581497192383,0,0.0,0.0
1996-08-15 00:00:00-04:00,3.3806581497192383,3.3806581497192383,3.3806581497192383,3.3806581497192383,0,0.0,0.0
1996-08-16 00:00:00-04:00,3.3806581497192383,3.3806581497192383,3.3806581497192383,3.3806581497192383,0,0.0,0.0
1996-08-19 00:00:00-04:00,3.3806581497192383,3.3806581497192383,3.3806581497192383,3.3806581497192383,0,0.0,0.0
1996-08-20 00:00:00-04:00,3.3806581497192383,3.3806581497192383,3.3806581497192383,3.3806581497192383,0,0.0,0.0
1996-08-21 00:00:00-04:00,3.3806581497192383,3.3806581497192383,3.3806581497192383,3.3806581497192383,0,0.0,0.0
1996-08-22 00:00:00-04:00,3.3806581497192383,3.3806581497192383,3.3806581497192383,3.3806581497192383,0,0.0,0.0
1996-08-23 00:00:00-04:00,3.3806581497192383,3.3806581497192383,3.3806581497192383,3.3806581497192383,0,0.0,0.0
1996-08-26 00:00:00-04:00,3.3806581497192383,3.3806581497192383,3.3806581497192383,3.3806581497192383,0,0.0,0.0
1996-08-27 00:00:00-04:00,3.3806581497192383,3.3806581497192383,3.3806581497192383,3.3806581497192383,0,0.0,0.0
1996-08-28 00:00:00-04:00,3.3806581497192383,3.3806581497192383,3.3806581497192383,3.3806581497192383,0,0.0,0.0
1996-08-29 00:00:00-04:00,3.3806581497192383,3.3806581497192383,3.3806581497192383,3.3806581497192383,0,0.0,0.0
1996-08-30 00:00:00-04:00,3.3806581497192383,3.3806581497192383,3.3806581497192383,3.3806581497192383,0,0.0,0.0
1996-09-03 00:00:00-04:00,3.3806581497192383,3.3806581497192383,3.3806581497192383,3.3806581497192383,0,0.0,0.0
1996-09-04 00:00:00-04:00,3.3806581497192383,3.3806581497192383,3.3806581497192383,3.3806581497192383,0,0.0,0.0
1996-09-05 00:00:00-04:00,4.732921123504639,4.732921123504639,4.732921123504639,4.732921123504639,1210,0.0,0.0
1996-09-06 00:00:00-04:00,4.732921123504639,4.732921123504639,4.732921123504639,4.732921123504639,0,0.0,0.0
1996-09-09 00:00:00-04:00,4.732921123504639,4.732921123504639,4.732921123504639,4.732921123504639,0,0.0,0.0
1996-09-10 00:00:00-04:00,4.732921123504639,4.732921123504639,4.732921123504639,4.732921123504639,0,0.0,0.0
1996-09-11 00:00:00-04:00,4.732921123504639,4.732921123504639,4.732921123504639,4.732921123504639,0,0.0,0.0
1996-09-12 00:00:00-04:00,4.732921123504639,4.732921123504639,4.732921123504639,4.732921123504639,0,0.0,0.0
1996-09-13 00:00:00-04:00,4.732921123504639,4.732921123504639,4.732921123504639,4.732921123504639,0,0.0,0.0
1996-09-16 00:00:00-04:00,4.732921123504639,4.732921123504639,4.732921123504639,4.732921123504639,0,0.0,0.0
1996-09-17 00:00:00-04:00,4.732921123504639,4.732921123504639,4.732921123504639,4.732921123504639,0,0.0,0.0
1996-09-18 00:00:00-04:00,4.732921123504639,4.732921123504639,4.732921123504639,4.732921123504639,0,0.0,0.0
1996-09-19 00:00:00-04:00,4.732921123504639,4.732921123504639,4.732921123504639,4.732921123504639,0,0.0,0.0
1996-09-20 00:00:00-04:00,4.732921123504639,4.732921123504639,4.732921123504639,4.732921123504639,0,0.0,0.0
1996-09-23 00:00:00-04:00,4.732921123504639,4.732921123504639,4.732921123504639,4.732921123504639,0,0.0,0.0
1996-09-24 00:00:00-04:00,4.732921123504639,4.732921123504639,4.732921123504639,4.732921123504639,0,0.0,0.0
1996-09-25 00:00:00-04:00,4.732921123504639,4.732921123504639,4.732921123504639,4.732921123504639,0,0.0,0.0
1996-09-26 00:00:00-04:00,4.732921123504639,4.732921123504639,4.732921123504639,4.732921123504639,0,0.0,0.0
1996-09-27 00:00:00-04:00,4.732921123504639,4.732921123504639,4.732921123504639,4.732921123504639,0,0.0,0.0
1996-09-30 00:00:00-04:00,4.732921123504639,4.732921123504639,4.732921123504639,4.732921123504639,0,0.0,0.0
1996-10-01 00:00:00-04:00,4.732921123504639,4.732921123504639,4.732921123504639,4.732921123504639,0,0.0,0.0
1996-10-02 00:00:00-04:00,4.732921123504639,4.732921123504639,4.732921123504639,4.732921123504639,0,0.0,0.0
1996-10-03 00:00:00-04:00,4.732921123504639,4.732921123504639,4.732921123504639,4.732921123504639,0,0.0,0.0
1996-10-04 00:00:00-04:00,4.732921123504639,4.732921123504639,4.732921123504639,4.732921123504639,0,0.0,0.0
1996-10-07 00:00:00-04:00,4.732921123504639,4.732921123504639,4.732921123504639,4.732921123504639,0,0.0,0.0
1996-10-08 00:00:00-04:00,4.732921123504639,4.732921123504639,4.732921123504639,4.732921123504639,0,0.0,0.0
1996-10-09 00:00:00-04:00,4.732921123504639,4.732921123504639,4.732921123504639,4.732921123504639,0,0.0,0.0
1996-10-10 00:00:00-04:00,4.732921123504639,4.732921123504639,4.732921123504639,4.732921123504639,0,0.0,0.0
1996-10-11 00:00:00-04:00,4.732921123504639,4.732921123504639,4.732921123504639,4.732921123504639,0,0.0,0.0
1996-10-14 00:00:00-04:00,4.732921123504639,4.732921123504639,4.732921123504639,4.732921123504639,0,0.0,0.0
1996-10-15 00:00:00-04:00,4.732921123504639,4.732921123504639,4.732921123504639,4.732921123504639,0,0.0,0.0
1996-10-16 00:00:00-04:00,4.732921123504639,4.732921123504639,4.732921123504639,4.732921123504639,0,0.0,0.0
1996-10-17 00:00:00-04:00,4.732921123504639,4.732921123504639,4.732921123504639,4.732921123504639,0,0.0,0.0
1996-10-18 00:00:00-04:00,4.732921123504639,4.732921123504639,4.732921123504639,4.732921123504639,0,0.0,0.0
1996-10-21 00:00:00-04:00,4.732921123504639,4.732921123504639,4.732921123504639,4.732921123504639,0,0.0,0.0
1996-10-22 00:00:00-04:00,4.732921123504639,4.732921123504639,4.732921123504639,4.732921123504639,0,0.0,0.0
1996-10-23 00:00:00-04:00,4.732921123504639,4.732921123504639,4.732921123504639,4.732921123504639,0,0.0,0.0
1996-10-24 00:00:00-04:00,3.155280590057373,3.155280590057373,3.155280590057373,3.155280590057373,330,0.0,0.0
1996-10-25 00:00:00-04:00,3.155280590057373,3.155280590057373,3.155280590057373,3.155280590057373,0,0.0,0.0
1996-10-28 00:00:00-05:00,3.155280590057373,3.155280590057373,3.155280590057373,3.155280590057373,0,0.0,0.0
1996-10-29 00:00:00-05:00,3.155280590057373,3.155280590057373,3.155280590057373,3.155280590057373,0,0.0,0.0
1996-10-30 00:00:00-05:00,3.155280590057373,3.155280590057373,3.155280590057373,3.155280590057373,0,0.0,0.0
1996-10-31 00:00:00-05:00,3.155280590057373,3.155280590057373,3.155280590057373,3.155280590057373,0,0.0,0.0
1996-11-01 00:00:00-05:00,3.155280590057373,3.155280590057373,3.155280590057373,3.155280590057373,0,0.0,0.0
1996-11-04 00:00:00-05:00,3.155280590057373,3.155280590057373,3.155280590057373,3.155280590057373,0,0.0,0.0
1996-11-05 00:00:00-05:00,3.155280590057373,3.155280590057373,3.155280590057373,3.155280590057373,0,0.0,0.0
1996-11-06 00:00:00-05:00,3.155280590057373,3.155280590057373,3.155280590057373,3.155280590057373,0,0.0,0.0
1996-11-07 00:00:00-05:00,3.155280590057373,3.155280590057373,3.155280590057373,3.155280590057373,0,0.0,0.0
1996-11-08 00:00:00-05:00,3.155280590057373,3.155280590057373,3.155280590057373,3.155280590057373,0,0.0,0.0
1996-11-11 00:00:00-05:00,3.155280590057373,3.155280590057373,3.155280590057373,3.155280590057373,0,0.0,0.0
1996-11-12 00:00:00-05:00,3.155280590057373,3.155280590057373,3.155280590057373,3.155280590057373,0,0.0,0.0
1996-11-13 00:00:00-05:00,4.732921123504639,4.732921123504639,4.732921123504639,4.732921123504639,110,0.0,0.0
1996-11-14 00:00:00-05:00,4.732921123504639,4.732921123504639,4.732921123504639,4.732921123504639,0,0.0,0.0
1996-11-15 00:00:00-05:00,4.732921123504639,4.732921123504639,4.732921123504639,4.732921123504639,0,0.0,0.0
1996-11-18 00:00:00-05:00,4.732921123504639,4.732921123504639,4.732921123504639,4.732921123504639,0,0.0,0.0
1996-11-19 00:00:00-05:00,4.732921123504639,4.732921123504639,4.732921123504639,4.732921123504639,0,0.0,0.0
1996-11-20 00:00:00-05:00,4.732921123504639,4.732921123504639,4.732921123504639,4.732921123504639,0,0.0,0.0
1996-11-21 00:00:00-05:00,4.732921123504639,4.732921123504639,4.732921123504639,4.732921123504639,0,0.0,0.0
1996-11-22 00:00:00-05:00,4.732921123504639,4.732921123504639,4.732921123504639,4.732921123504639,0,0.0,0.0
1996-11-25 00:00:00-05:00,4.732921123504639,4.732921123504639,4.732921123504639,4.732921123504639,0,0.0,0.0
1996-11-26 00:00:00-05:00,4.732921123504639,4.732921123504639,4.732921123504639,4.732921123504639,0,0.0,0.0
1996-11-27 00:00:00-05:00,4.732921123504639,4.732921123504639,4.732921123504639,4.732921123504639,0,0.0,0.0
1996-11-29 00:00:00-05:00,4.732921123504639,4.732921123504639,4.732921123504639,4.732921123504639,0,0.0,0.0
1996-12-02 00:00:00-05:00,4.732921123504639,4.732921123504639,4.732921123504639,4.732921123504639,0,0.0,0.0
1996-12-03 00:00:00-05:00,3.6060357093811035,3.6060357093811035,3.6060357093811035,3.6060357093811035,110,0.0,0.0
1996-12-04 00:00:00-05:00,3.6060357093811035,3.6060357093811035,3.6060357093811035,3.6060357093811035,0,0.0,0.0
1996-12-05 00:00:00-05:00,3.6060357093811035,3.6060357093811035,3.6060357093811035,3.6060357093811035,0,0.0,0.0
1996-12-06 00:00:00-05:00,3.6060357093811035,3.6060357093811035,3.6060357093811035,3.6060357093811035,0,0.0,0.0
1996-12-09 00:00:00-05:00,3.6060357093811035,3.6060357093811035,3.6060357093811035,3.6060357093811035,0,0.0,0.0
1996-12-10 00:00:00-05:00,3.6060357093811035,3.6060357093811035,3.6060357093811035,3.6060357093811035,0,0.0,0.0
1996-12-11 00:00:00-05:00,3.6060357093811035,3.6060357093811035,3.6060357093811035,3.6060357093811035,0,0.0,0.0
1996-12-12 00:00:00-05:00,3.6060357093811035,3.6060357093811035,3.6060357093811035,3.6060357093811035,0,0.0,0.0
1996-12-13 00:00:00-05:00,3.6060357093811035,3.6060357093811035,3.6060357093811035,3.6060357093811035,0,0.0,0.0
1996-12-16 00:00:00-05:00,4.056789678923539,4.169477939605713,4.056789678923539,4.169477939605713,4400,0.0,0.0
1996-12-17 00:00:00-05:00,4.169477939605713,4.169477939605713,4.169477939605713,4.169477939605713,0,0.0,0.0
1996-12-18 00:00:00-05:00,4.169477939605713,4.169477939605713,4.169477939605713,4.169477939605713,0,0.0,0.0
1996-12-19 00:00:00-05:00,4.169477939605713,4.169477939605713,4.169477939605713,4.169477939605713,0,0.0,0.0
1996-12-20 00:00:00-05:00,4.169477939605713,4.169477939605713,4.169477939605713,4.169477939605713,0,0.0,0.0
1996-12-23 00:00:00-05:00,4.169477939605713,4.169477939605713,4.169477939605713,4.169477939605713,0,0.0,0.0
1996-12-24 00:00:00-05:00,4.169477939605713,4.169477939605713,4.169477939605713,4.169477939605713,0,0.0,0.0
1996-12-26 00:00:00-05:00,4.169477939605713,4.169477939605713,4.169477939605713,4.169477939605713,0,0.0,0.0
1996-12-27 00:00:00-05:00,4.169477939605713,4.169477939605713,4.169477939605713,4.169477939605713,0,0.0,0.0
1996-12-30 00:00:00-05:00,4.169477939605713,4.169477939605713,4.169477939605713,4.169477939605713,0,0.0,0.0
1996-12-31 00:00:00-05:00,4.169477939605713,4.169477939605713,4.169477939605713,4.169477939605713,0,0.0,0.0
1997-01-02 00:00:00-05:00,4.169477939605713,4.169477939605713,4.169477939605713,4.169477939605713,0,0.0,0.0
1997-01-03 00:00:00-05:00,4.169477939605713,4.169477939605713,4.169477939605713,4.169477939605713,0,0.0,0.0
1997-01-06 00:00:00-05:00,4.169477939605713,4.169477939605713,4.169477939605713,4.169477939605713,0,0.0,0.0
1997-01-07 00:00:00-05:00,4.169477939605713,4.169477939605713,4.169477939605713,4.169477939605713,0,0.0,0.0
1997-01-08 00:00:00-05:00,4.169477939605713,4.169477939605713,4.169477939605713,4.169477939605713,0,0.0,0.0
1997-01-09 00:00:00-05:00,4.169477939605713,4.169477939605713,4.169477939605713,4.169477939605713,0,0.0,0.0
1997-01-10 00:00:00-05:00,4.169477939605713,4.169477939605713,4.169477939605713,4.169477939605713,0,0.0,0.0
1997-01-13 00:00:00-05:00,4.169477939605713,4.169477939605713,4.169477939605713,4.169477939605713,0,0.0,0.0
1997-01-14 00:00:00-05:00,4.169477939605713,4.169477939605713,4.169477939605713,4.169477939605713,0,0.0,0.0
1997-01-15 00:00:00-05:00,4.169477939605713,4.169477939605713,4.169477939605713,4.169477939605713,0,0.0,0.0
1997-01-16 00:00:00-05:00,4.169477939605713,4.169477939605713,4.169477939605713,4.169477939605713,0,0.0,0.0
1997-01-17 00:00:00-05:00,4.169477939605713,4.169477939605713,4.169477939605713,4.169477939605713,0,0.0,0.0
1997-01-20 00:00:00-05:00,4.169477939605713,4.169477939605713,4.169477939605713,4.169477939605713,0,0.0,0.0
1997-01-21 00:00:00-05:00,4.169477939605713,4.169477939605713,4.169477939605713,4.169477939605713,0,0.0,0.0
1997-01-22 00:00:00-05:00,4.169477939605713,4.169477939605713,4.169477939605713,4.169477939605713,0,0.0,0.0
1997-01-23 00:00:00-05:00,4.169477939605713,4.169477939605713,4.169477939605713,4.169477939605713,0,0.0,0.0
1997-01-24 00:00:00-05:00,4.169477939605713,4.169477939605713,4.169477939605713,4.169477939605713,0,0.0,0.0
1997-01-27 00:00:00-05:00,4.169477939605713,4.169477939605713,4.169477939605713,4.169477939605713,0,0.0,0.0
1997-01-28 00:00:00-05:00,4.169477939605713,4.169477939605713,4.169477939605713,4.169477939605713,0,0.0,0.0
1997-01-29 00:00:00-05:00,4.169477939605713,4.169477939605713,4.169477939605713,4.169477939605713,0,0.0,0.0
1997-01-30 00:00:00-05:00,4.169477939605713,4.169477939605713,4.169477939605713,4.169477939605713,0,0.0,0.0
1997-01-31 00:00:00-05:00,4.169477939605713,4.169477939605713,4.169477939605713,4.169477939605713,0,0.0,0.0
1997-02-03 00:00:00-05:00,4.169477939605713,4.169477939605713,4.169477939605713,4.169477939605713,0,0.0,0.0
1997-02-04 00:00:00-05:00,4.169477939605713,4.169477939605713,4.169477939605713,4.169477939605713,0,0.0,0.0
1997-02-05 00:00:00-05:00,4.169477939605713,4.169477939605713,4.169477939605713,4.169477939605713,0,0.0,0.0
1997-02-06 00:00:00-05:00,4.169477939605713,4.169477939605713,4.169477939605713,4.169477939605713,0,0.0,0.0
1997-02-07 00:00:00-05:00,4.169477939605713,4.169477939605713,4.169477939605713,4.169477939605713,0,0.0,0.0
1997-02-10 00:00:00-05:00,4.169477939605713,4.169477939605713,4.169477939605713,4.169477939605713,0,0.0,0.0
1997-02-11 00:00:00-05:00,4.169477939605713,4.169477939605713,4.169477939605713,4.169477939605713,0,0.0,0.0
1997-02-12 00:00:00-05:00,4.169477939605713,4.169477939605713,4.169477939605713,4.169477939605713,0,0.0,0.0
1997-02-13 00:00:00-05:00,4.169477939605713,4.169477939605713,4.169477939605713,4.169477939605713,0,0.0,0.0
1997-02-14 00:00:00-05:00,4.169477939605713,4.169477939605713,4.169477939605713,4.169477939605713,0,0.0,0.0
1997-02-18 00:00:00-05:00,4.169477939605713,4.169477939605713,4.169477939605713,4.169477939605713,0,0.0,0.0
1997-02-19 00:00:00-05:00,4.169477939605713,4.169477939605713,4.169477939605713,4.169477939605713,0,0.0,0.0
1997-02-20 00:00:00-05:00,4.169477939605713,4.169477939605713,4.169477939605713,4.169477939605713,0,0.0,0.0
1997-02-21 00:00:00-05:00,4.169477939605713,4.169477939605713,4.169477939605713,4.169477939605713,0,0.0,0.0
1997-02-24 00:00:00-05:00,4.169477939605713,4.169477939605713,4.169477939605713,4.169477939605713,0,0.0,0.0
1997-02-25 00:00:00-05:00,4.169477939605713,4.169477939605713,4.169477939605713,4.169477939605713,0,0.0,0.0
1997-02-26 00:00:00-05:00,4.169477939605713,4.169477939605713,4.169477939605713,4.169477939605713,0,0.0,0.0
1997-02-27 00:00:00-05:00,4.169477939605713,4.169477939605713,4.169477939605713,4.169477939605713,0,0.0,0.0
1997-02-28 00:00:00-05:00,4.169477939605713,4.169477939605713,4.169477939605713,4.169477939605713,0,0.0,0.0
1997-03-03 00:00:00-05:00,4.169477939605713,4.169477939605713,4.169477939605713,4.169477939605713,0,0.0,0.0
1997-03-04 00:00:00-05:00,4.169477939605713,4.169477939605713,4.169477939605713,4.169477939605713,0,0.0,0.0
1997-03-05 00:00:00-05:00,4.056789398193359,4.056789398193359,4.056789398193359,4.056789398193359,110,0.0,0.0
1997-03-06 00:00:00-05:00,4.056789398193359,4.056789398193359,4.056789398193359,4.056789398193359,0,0.0,0.0
1997-03-07 00:00:00-05:00,4.056789398193359,4.056789398193359,4.056789398193359,4.056789398193359,0,0.0,0.0
1997-03-10 00:00:00-05:00,4.056789398193359,4.056789398193359,4.056789398193359,4.056789398193359,0,0.0,0.0
1997-03-11 00:00:00-05:00,6.310561180114746,6.310561180114746,6.310561180114746,6.310561180114746,440,0.0,0.0
1997-03-12 00:00:00-05:00,6.310561180114746,6.310561180114746,6.310561180114746,6.310561180114746,0,0.0,0.0
1997-03-13 00:00:00-05:00,6.310561180114746,6.310561180114746,6.310561180114746,6.310561180114746,0,0.0,0.0
1997-03-14 00:00:00-05:00,6.310561180114746,6.310561180114746,6.310561180114746,6.310561180114746,0,0.0,0.0
1997-03-17 00:00:00-05:00,6.310561180114746,6.310561180114746,6.310561180114746,6.310561180114746,0,0.0,0.0
1997-03-18 00:00:00-05:00,6.310561180114746,6.310561180114746,6.310561180114746,6.310561180114746,0,0.0,0.0
1997-03-19 00:00:00-05:00,6.310561180114746,6.310561180114746,6.310561180114746,6.310561180114746,0,0.0,0.0
1997-03-20 00:00:00-05:00,6.310561180114746,6.310561180114746,6.310561180114746,6.310561180114746,0,0.0,0.0
1997-03-21 00:00:00-05:00,6.310561180114746,6.310561180114746,6.310561180114746,6.310561180114746,0,0.0,0.0
1997-03-24 00:00:00-05:00,6.310561180114746,6.310561180114746,6.310561180114746,6.310561180114746,0,0.0,0.0
1997-03-25 00:00:00-05:00,6.310561180114746,6.310561180114746,6.310561180114746,6.310561180114746,0,0.0,0.0
1997-03-26 00:00:00-05:00,6.310561180114746,6.310561180114746,6.310561180114746,6.310561180114746,0,0.0,0.0
1997-03-27 00:00:00-05:00,6.310561180114746,6.310561180114746,6.310561180114746,6.310561180114746,0,0.0,0.0
1997-03-31 00:00:00-05:00,6.310561180114746,6.310561180114746,6.310561180114746,6.310561180114746,0,0.0,0.0
1997-04-01 00:00:00-05:00,6.310561180114746,6.310561180114746,6.310561180114746,6.310561180114746,0,0.0,0.0
1997-04-02 00:00:00-05:00,6.310561180114746,6.310561180114746,6.310561180114746,6.310561180114746,0,0.0,0.0
1997-04-03 00:00:00-05:00,6.310561180114746,6.310561180114746,6.310561180114746,6.310561180114746,0,0.0,0.0
1997-04-04 00:00:00-05:00,6.310561180114746,6.310561180114746,6.310561180114746,6.310561180114746,0,0.0,0.0
1997-04-07 00:00:00-04:00,6.310561180114746,6.310561180114746,6.310561180114746,6.310561180114746,0,0.0,0.0
1997-04-08 00:00:00-04:00,6.310561180114746,6.310561180114746,6.310561180114746,6.310561180114746,0,0.0,0.0
1997-04-09 00:00:00-04:00,6.310561180114746,6.310561180114746,6.310561180114746,6.310561180114746,0,0.0,0.0
1997-04-10 00:00:00-04:00,6.310561180114746,6.310561180114746,6.310561180114746,6.310561180114746,0,0.0,0.0
1997-04-11 00:00:00-04:00,6.310561180114746,6.310561180114746,6.310561180114746,6.310561180114746,0,0.0,0.0
1997-04-14 00:00:00-04:00,6.310561180114746,6.310561180114746,6.310561180114746,6.310561180114746,0,0.0,0.0
1997-04-15 00:00:00-04:00,6.310561180114746,6.310561180114746,6.310561180114746,6.310561180114746,0,0.0,0.0
1997-04-16 00:00:00-04:00,6.310561180114746,6.310561180114746,6.310561180114746,6.310561180114746,0,0.0,0.0
1997-04-17 00:00:00-04:00,6.310561180114746,6.310561180114746,6.310561180114746,6.310561180114746,0,0.0,0.0
1997-04-18 00:00:00-04:00,6.310561180114746,6.310561180114746,6.310561180114746,6.310561180114746,0,0.0,0.0
1997-04-21 00:00:00-04:00,6.310561180114746,6.310561180114746,6.310561180114746,6.310561180114746,0,0.0,0.0
1997-04-22 00:00:00-04:00,6.310561180114746,6.310561180114746,6.310561180114746,6.310561180114746,0,0.0,0.0
1997-04-23 00:00:00-04:00,6.310561180114746,6.310561180114746,6.310561180114746,6.310561180114746,0,0.0,0.0
1997-04-24 00:00:00-04:00,6.310561180114746,6.310561180114746,6.310561180114746,6.310561180114746,0,0.0,0.0
1997-04-25 00:00:00-04:00,6.310561180114746,6.310561180114746,6.310561180114746,6.310561180114746,0,0.0,0.0
1997-04-28 00:00:00-04:00,6.310561180114746,6.310561180114746,6.310561180114746,6.310561180114746,0,0.0,0.0
1997-04-29 00:00:00-04:00,6.310561180114746,6.310561180114746,6.310561180114746,6.310561180114746,0,0.0,0.0
1997-04-30 00:00:00-04:00,6.310561180114746,6.310561180114746,6.310561180114746,6.310561180114746,0,0.0,0.0
1997-05-01 00:00:00-04:00,6.310561180114746,6.310561180114746,6.310561180114746,6.310561180114746,0,0.0,0.0
1997-05-02 00:00:00-04:00,6.310561180114746,6.310561180114746,6.310561180114746,6.310561180114746,0,0.0,0.0
1997-05-05 00:00:00-04:00,6.310561180114746,6.310561180114746,6.310561180114746,6.310561180114746,0,0.0,0.0
1997-05-06 00:00:00-04:00,6.310561180114746,6.310561180114746,6.310561180114746,6.310561180114746,0,0.0,0.0
1997-05-07 00:00:00-04:00,6.310561180114746,6.310561180114746,6.310561180114746,6.310561180114746,0,0.0,0.0
1997-05-08 00:00:00-04:00,6.310561180114746,6.310561180114746,6.310561180114746,6.310561180114746,0,0.0,0.0
1997-05-09 00:00:00-04:00,6.310561180114746,6.310561180114746,6.310561180114746,6.310561180114746,0,0.0,0.0
1997-05-12 00:00:00-04:00,6.310561180114746,6.310561180114746,6.310561180114746,6.310561180114746,0,0.0,0.0
1997-05-13 00:00:00-04:00,6.310561180114746,6.310561180114746,6.310561180114746,6.310561180114746,0,0.0,0.0
1997-05-14 00:00:00-04:00,6.310561180114746,6.310561180114746,6.310561180114746,6.310561180114746,0,0.0,0.0
1997-05-15 00:00:00-04:00,6.310561180114746,6.310561180114746,6.310561180114746,6.310561180114746,0,0.0,0.0
1997-05-16 00:00:00-04:00,6.310561180114746,6.310561180114746,6.310561180114746,6.310561180114746,0,0.0,0.0
1997-05-19 00:00:00-04:00,6.310561180114746,6.310561180114746,6.310561180114746,6.310561180114746,0,0.0,0.0
1997-05-20 00:00:00-04:00,6.310561180114746,6.310561180114746,6.310561180114746,6.310561180114746,0,0.0,0.0
1997-05-21 00:00:00-04:00,6.310561180114746,6.310561180114746,6.310561180114746,6.310561180114746,0,0.0,0.0
1997-05-22 00:00:00-04:00,6.310561180114746,6.310561180114746,6.310561180114746,6.310561180114746,0,0.0,0.0
1997-05-23 00:00:00-04:00,6.310561180114746,6.310561180114746,6.310561180114746,6.310561180114746,0,0.0,0.0
1997-05-27 00:00:00-04:00,6.310561180114746,6.310561180114746,6.310561180114746,6.310561180114746,0,0.0,0.0
1997-05-28 00:00:00-04:00,6.310561180114746,6.310561180114746,6.310561180114746,6.310561180114746,0,0.0,0.0
1997-05-29 00:00:00-04:00,6.310561180114746,6.310561180114746,6.310561180114746,6.310561180114746,0,0.0,0.0
1997-05-30 00:00:00-04:00,6.310561180114746,6.310561180114746,6.310561180114746,6.310561180114746,0,0.0,0.0
1997-06-02 00:00:00-04:00,6.310561180114746,6.310561180114746,6.310561180114746,6.310561180114746,0,0.0,0.0
1997-06-03 00:00:00-04:00,6.310561180114746,6.310561180114746,6.310561180114746,6.310561180114746,0,0.0,0.0
1997-06-04 00:00:00-04:00,6.310561180114746,6.310561180114746,6.310561180114746,6.310561180114746,0,0.0,0.0
1997-06-05 00:00:00-04:00,6.310561180114746,6.310561180114746,6.310561180114746,6.310561180114746,0,0.0,0.0
1997-06-06 00:00:00-04:00,6.310561180114746,6.310561180114746,6.310561180114746,6.310561180114746,0,0.0,0.0
1997-06-09 00:00:00-04:00,6.310561180114746,6.310561180114746,6.310561180114746,6.310561180114746,0,0.0,0.0
1997-06-10 00:00:00-04:00,6.310561180114746,6.310561180114746,6.310561180114746,6.310561180114746,0,0.0,0.0
1997-06-11 00:00:00-04:00,6.310561180114746,6.310561180114746,6.310561180114746,6.310561180114746,0,0.0,0.0
1997-06-12 00:00:00-04:00,6.310561180114746,6.310561180114746,6.310561180114746,6.310561180114746,0,0.0,0.0
1997-06-13 00:00:00-04:00,6.310561180114746,6.310561180114746,6.310561180114746,6.310561180114746,0,0.0,0.0
1997-06-16 00:00:00-04:00,6.310561180114746,6.310561180114746,6.310561180114746,6.310561180114746,0,0.0,0.0
1997-06-17 00:00:00-04:00,6.310561180114746,6.310561180114746,6.310561180114746,6.310561180114746,0,0.0,0.0
1997-06-18 00:00:00-04:00,6.310561180114746,6.310561180114746,6.310561180114746,6.310561180114746,0,0.0,0.0
1997-06-19 00:00:00-04:00,6.310561180114746,6.310561180114746,6.310561180114746,6.310561180114746,0,0.0,0.0
1997-06-20 00:00:00-04:00,6.310561180114746,6.310561180114746,6.310561180114746,6.310561180114746,0,0.0,0.0
1997-06-23 00:00:00-04:00,6.310561180114746,6.310561180114746,6.310561180114746,6.310561180114746,0,0.0,0.0
1997-06-24 00:00:00-04:00,6.310561180114746,6.310561180114746,6.310561180114746,6.310561180114746,0,0.0,0.0
1997-06-25 00:00:00-04:00,6.310561180114746,6.310561180114746,6.310561180114746,6.310561180114746,0,0.0,0.0
1997-06-26 00:00:00-04:00,6.310561180114746,6.310561180114746,6.310561180114746,6.310561180114746,0,0.0,0.0
1997-06-27 00:00:00-04:00,6.310561180114746,6.310561180114746,6.310561180114746,6.310561180114746,0,0.0,0.0
1997-06-30 00:00:00-04:00,6.310561180114746,6.310561180114746,6.310561180114746,6.310561180114746,0,0.0,0.0
1997-07-01 00:00:00-04:00,6.310561180114746,6.310561180114746,6.310561180114746,6.310561180114746,0,0.0,0.0
1997-07-02 00:00:00-04:00,6.310561180114746,6.310561180114746,6.310561180114746,6.310561180114746,0,0.0,0.0
1997-07-03 00:00:00-04:00,6.310561180114746,6.310561180114746,6.310561180114746,6.310561180114746,0,0.0,0.0
1997-07-07 00:00:00-04:00,6.310561180114746,6.310561180114746,6.310561180114746,6.310561180114746,0,0.0,0.0
1997-07-08 00:00:00-04:00,6.310561180114746,6.310561180114746,6.310561180114746,6.310561180114746,0,0.0,0.0
1997-07-09 00:00:00-04:00,6.310561180114746,6.310561180114746,6.310561180114746,6.310561180114746,0,0.0,0.0
1997-07-10 00:00:00-04:00,6.310561180114746,6.310561180114746,6.310561180114746,6.310561180114746,0,0.0,0.0
1997-07-11 00:00:00-04:00,6.310561180114746,6.310561180114746,6.310561180114746,6.310561180114746,0,0.0,0.0
1997-07-14 00:00:00-04:00,6.310561180114746,6.310561180114746,6.310561180114746,6.310561180114746,0,0.0,0.0
1997-07-15 00:00:00-04:00,4.958298683166504,4.958298683166504,4.958298683166504,4.958298683166504,330,0.0,0.0
1997-07-16 00:00:00-04:00,4.958298683166504,4.958298683166504,4.958298683166504,4.958298683166504,0,0.0,0.0
1997-07-17 00:00:00-04:00,4.958298683166504,4.958298683166504,4.958298683166504,4.958298683166504,0,0.0,0.0
1997-07-18 00:00:00-04:00,4.958298683166504,4.958298683166504,4.958298683166504,4.958298683166504,0,0.0,0.0
1997-07-21 00:00:00-04:00,4.958298683166504,4.958298683166504,4.958298683166504,4.958298683166504,0,0.0,0.0
1997-07-22 00:00:00-04:00,4.958298683166504,4.958298683166504,4.958298683166504,4.958298683166504,0,0.0,0.0
1997-07-23 00:00:00-04:00,4.958298683166504,4.958298683166504,4.958298683166504,4.958298683166504,0,0.0,0.0
1997-07-24 00:00:00-04:00,4.958298683166504,4.958298683166504,4.958298683166504,4.958298683166504,0,0.0,0.0
1997-07-25 00:00:00-04:00,4.958298683166504,4.958298683166504,4.958298683166504,4.958298683166504,0,0.0,0.0
1997-07-28 00:00:00-04:00,4.958298683166504,4.958298683166504,4.958298683166504,4.958298683166504,0,0.0,0.0
1997-07-29 00:00:00-04:00,4.958298683166504,4.958298683166504,4.958298683166504,4.958298683166504,0,0.0,0.0
1997-07-30 00:00:00-04:00,4.958298683166504,4.958298683166504,4.958298683166504,4.958298683166504,0,0.0,0.0
1997-07-31 00:00:00-04:00,4.958298683166504,4.958298683166504,4.958298683166504,4.958298683166504,0,0.0,0.0
1997-08-01 00:00:00-04:00,4.958298683166504,4.958298683166504,4.958298683166504,4.958298683166504,0,0.0,0.0
1997-08-04 00:00:00-04:00,4.958298683166504,4.958298683166504,4.958298683166504,4.958298683166504,0,0.0,0.0
1997-08-05 00:00:00-04:00,4.958298683166504,4.958298683166504,4.958298683166504,4.958298683166504,0,0.0,0.0
1997-08-06 00:00:00-04:00,4.958298683166504,4.958298683166504,4.958298683166504,4.958298683166504,0,0.0,0.0
1997-08-07 00:00:00-04:00,4.958298683166504,4.958298683166504,4.958298683166504,4.958298683166504,0,0.0,0.0
1997-08-08 00:00:00-04:00,4.958298683166504,4.958298683166504,4.958298683166504,4.958298683166504,0,0.0,0.0
1997-08-11 00:00:00-04:00,4.958298683166504,4.958298683166504,4.958298683166504,4.958298683166504,0,0.0,0.0
1997-08-12 00:00:00-04:00,4.958298683166504,4.958298683166504,4.958298683166504,4.958298683166504,0,0.0,0.0
1997-08-13 00:00:00-04:00,4.958298683166504,4.958298683166504,4.958298683166504,4.958298683166504,0,0.0,0.0
1997-08-14 00:00:00-04:00,4.958298683166504,4.958298683166504,4.958298683166504,4.958298683166504,0,0.0,0.0
1997-08-15 00:00:00-04:00,4.958298683166504,4.958298683166504,4.958298683166504,4.958298683166504,0,0.0,0.0
1997-08-18 00:00:00-04:00,4.958298683166504,4.958298683166504,4.958298683166504,4.958298683166504,0,0.0,0.0
1997-08-19 00:00:00-04:00,4.958298683166504,4.958298683166504,4.958298683166504,4.958298683166504,0,0.0,0.0
1997-08-20 00:00:00-04:00,4.958298683166504,4.958298683166504,4.958298683166504,4.958298683166504,0,0.0,0.0
1997-08-21 00:00:00-04:00,4.958298683166504,4.958298683166504,4.958298683166504,4.958298683166504,0,0.0,0.0
1997-08-22 00:00:00-04:00,4.958298683166504,4.958298683166504,4.958298683166504,4.958298683166504,0,0.0,0.0
1997-08-25 00:00:00-04:00,4.958298683166504,4.958298683166504,4.958298683166504,4.958298683166504,0,0.0,0.0
1997-08-26 00:00:00-04:00,4.958298683166504,4.958298683166504,4.958298683166504,4.958298683166504,0,0.0,0.0
1997-08-27 00:00:00-04:00,4.958298683166504,4.958298683166504,4.958298683166504,4.958298683166504,0,0.0,0.0
1997-08-28 00:00:00-04:00,4.958298683166504,4.958298683166504,4.958298683166504,4.958298683166504,0,0.0,0.0
1997-08-29 00:00:00-04:00,4.958298683166504,4.958298683166504,4.958298683166504,4.958298683166504,0,0.0,0.0
1997-09-02 00:00:00-04:00,4.958298683166504,4.958298683166504,4.958298683166504,4.958298683166504,0,0.0,0.0
1997-09-03 00:00:00-04:00,4.958298683166504,4.958298683166504,4.958298683166504,4.958298683166504,0,0.0,0.0
1997-09-04 00:00:00-04:00,4.958298683166504,4.958298683166504,4.958298683166504,4.958298683166504,0,0.0,0.0
1997-09-05 00:00:00-04:00,4.958298683166504,4.958298683166504,4.958298683166504,4.958298683166504,0,0.0,0.0
1997-09-08 00:00:00-04:00,4.958298683166504,4.958298683166504,4.958298683166504,4.958298683166504,0,0.0,0.0
1997-09-09 00:00:00-04:00,4.958298683166504,4.958298683166504,4.958298683166504,4.958298683166504,0,0.0,0.0
1997-09-10 00:00:00-04:00,4.958298683166504,4.958298683166504,4.958298683166504,4.958298683166504,0,0.0,0.0
1997-09-11 00:00:00-04:00,4.958298683166504,4.958298683166504,4.958298683166504,4.958298683166504,0,0.0,0.0
1997-09-12 00:00:00-04:00,4.958298683166504,4.958298683166504,4.958298683166504,4.958298683166504,0,0.0,0.0
1997-09-15 00:00:00-04:00,4.958298683166504,4.958298683166504,4.958298683166504,4.958298683166504,0,0.0,0.0
1997-09-16 00:00:00-04:00,4.958298683166504,4.958298683166504,4.958298683166504,4.958298683166504,0,0.0,0.0
1997-09-17 00:00:00-04:00,4.958298683166504,4.958298683166504,4.958298683166504,4.958298683166504,0,0.0,0.0
1997-09-18 00:00:00-04:00,4.958298683166504,4.958298683166504,4.958298683166504,4.958298683166504,0,0.0,0.0
1997-09-19 00:00:00-04:00,4.958298683166504,4.958298683166504,4.958298683166504,4.958298683166504,0,0.0,0.0
1997-09-22 00:00:00-04:00,4.958298683166504,4.958298683166504,4.958298683166504,4.958298683166504,0,0.0,0.0
1997-09-23 00:00:00-04:00,4.958298683166504,4.958298683166504,4.958298683166504,4.958298683166504,0,0.0,0.0
1997-09-24 00:00:00-04:00,4.958298683166504,4.958298683166504,4.958298683166504,4.958298683166504,0,0.0,0.0
1997-09-25 00:00:00-04:00,4.958298683166504,4.958298683166504,4.958298683166504,4.958298683166504,0,0.0,0.0
1997-09-26 00:00:00-04:00,4.958298683166504,4.958298683166504,4.958298683166504,4.958298683166504,0,0.0,0.0
1997-09-29 00:00:00-04:00,4.958298683166504,4.958298683166504,4.958298683166504,4.958298683166504,0,0.0,0.0
1997-09-30 00:00:00-04:00,4.958298683166504,4.958298683166504,4.958298683166504,4.958298683166504,0,0.0,0.0
1997-10-01 00:00:00-04:00,4.958298683166504,4.958298683166504,4.958298683166504,4.958298683166504,0,0.0,0.0
1997-10-02 00:00:00-04:00,4.958298683166504,4.958298683166504,4.958298683166504,4.958298683166504,0,0.0,0.0
1997-10-03 00:00:00-04:00,4.958298683166504,4.958298683166504,4.958298683166504,4.958298683166504,0,0.0,0.0
1997-10-06 00:00:00-04:00,4.958298683166504,4.958298683166504,4.958298683166504,4.958298683166504,0,0.0,0.0
1997-10-07 00:00:00-04:00,4.958298683166504,4.958298683166504,4.958298683166504,4.958298683166504,0,0.0,0.0
1997-10-08 00:00:00-04:00,4.958298683166504,4.958298683166504,4.958298683166504,4.958298683166504,0,0.0,0.0
1997-10-09 00:00:00-04:00,4.958298683166504,4.958298683166504,4.958298683166504,4.958298683166504,0,0.0,0.0
1997-10-10 00:00:00-04:00,4.958298683166504,4.958298683166504,4.958298683166504,4.958298683166504,0,0.0,0.0
1997-10-13 00:00:00-04:00,4.958298683166504,4.958298683166504,4.958298683166504,4.958298683166504,0,0.0,0.0
1997-10-14 00:00:00-04:00,4.958298683166504,4.958298683166504,4.958298683166504,4.958298683166504,0,0.0,0.0
1997-10-15 00:00:00-04:00,4.958298683166504,4.958298683166504,4.958298683166504,4.958298683166504,0,0.0,0.0
1997-10-16 00:00:00-04:00,4.958298683166504,4.958298683166504,4.958298683166504,4.958298683166504,0,0.0,0.0
1997-10-17 00:00:00-04:00,4.958298683166504,4.958298683166504,4.958298683166504,4.958298683166504,0,0.0,0.0
1997-10-20 00:00:00-04:00,4.958298683166504,4.958298683166504,4.958298683166504,4.958298683166504,0,0.0,0.0
1997-10-21 00:00:00-04:00,4.958298683166504,4.958298683166504,4.958298683166504,4.958298683166504,0,0.0,0.0
1997-10-22 00:00:00-04:00,4.958298683166504,4.958298683166504,4.958298683166504,4.958298683166504,0,0.0,0.0
1997-10-23 00:00:00-04:00,4.958298683166504,4.958298683166504,4.958298683166504,4.958298683166504,0,0.0,0.0
1997-10-24 00:00:00-04:00,4.958298683166504,4.958298683166504,4.958298683166504,4.958298683166504,0,0.0,0.0
1997-10-27 00:00:00-05:00,4.958298683166504,4.958298683166504,4.958298683166504,4.958298683166504,0,0.0,0.0
1997-10-28 00:00:00-05:00,4.958298683166504,4.958298683166504,4.958298683166504,4.958298683166504,0,0.0,0.0
1997-10-29 00:00:00-05:00,4.958298683166504,4.958298683166504,4.958298683166504,4.958298683166504,0,0.0,0.0
1997-10-30 00:00:00-05:00,4.958298683166504,4.958298683166504,4.958298683166504,4.958298683166504,0,0.0,0.0
1997-10-31 00:00:00-05:00,4.958298683166504,4.958298683166504,4.958298683166504,4.958298683166504,0,0.0,0.0
1997-11-03 00:00:00-05:00,4.958298683166504,4.958298683166504,4.958298683166504,4.958298683166504,0,0.0,0.0
1997-11-04 00:00:00-05:00,4.958298683166504,4.958298683166504,4.958298683166504,4.958298683166504,0,0.0,0.0
1997-11-05 00:00:00-05:00,4.958298683166504,4.958298683166504,4.958298683166504,4.958298683166504,0,0.0,0.0
1997-11-06 00:00:00-05:00,4.958298683166504,4.958298683166504,4.958298683166504,4.958298683166504,0,0.0,0.0
1997-11-07 00:00:00-05:00,4.958298683166504,4.958298683166504,4.958298683166504,4.958298683166504,0,0.0,0.0
1997-11-10 00:00:00-05:00,4.958298683166504,4.958298683166504,4.958298683166504,4.958298683166504,0,0.0,0.0
1997-11-11 00:00:00-05:00,4.958298683166504,4.958298683166504,4.958298683166504,4.958298683166504,0,0.0,0.0
1997-11-12 00:00:00-05:00,4.958298683166504,4.958298683166504,4.958298683166504,4.958298683166504,0,0.0,0.0
1997-11-13 00:00:00-05:00,4.958298683166504,4.958298683166504,4.958298683166504,4.958298683166504,0,0.0,0.0
1997-11-14 00:00:00-05:00,4.958298683166504,4.958298683166504,4.958298683166504,4.958298683166504,0,0.0,0.0
1997-11-17 00:00:00-05:00,4.958298683166504,4.958298683166504,4.958298683166504,4.958298683166504,0,0.0,0.0
1997-11-18 00:00:00-05:00,4.958298683166504,4.958298683166504,4.958298683166504,4.958298683166504,0,0.0,0.0
1997-11-19 00:00:00-05:00,4.958298683166504,4.958298683166504,4.958298683166504,4.958298683166504,0,0.0,0.0
1997-11-20 00:00:00-05:00,4.958298683166504,4.958298683166504,4.958298683166504,4.958298683166504,0,0.0,0.0
1997-11-21 00:00:00-05:00,4.958298683166504,4.958298683166504,4.958298683166504,4.958298683166504,0,0.0,0.0
1997-11-24 00:00:00-05:00,4.958298683166504,4.958298683166504,4.958298683166504,4.958298683166504,0,0.0,0.0
1997-11-25 00:00:00-05:00,4.958298683166504,4.958298683166504,4.958298683166504,4.958298683166504,0,0.0,0.0
1997-11-26 00:00:00-05:00,4.958298683166504,4.958298683166504,4.958298683166504,4.958298683166504,0,0.0,0.0
1997-11-28 00:00:00-05:00,4.958298683166504,4.958298683166504,4.958298683166504,4.958298683166504,0,0.0,0.0
1997-12-01 00:00:00-05:00,4.958298683166504,4.958298683166504,4.958298683166504,4.958298683166504,0,0.0,0.0
1997-12-02 00:00:00-05:00,4.958298683166504,4.958298683166504,4.958298683166504,4.958298683166504,0,0.0,0.0
1997-12-03 00:00:00-05:00,4.958298683166504,4.958298683166504,4.958298683166504,4.958298683166504,0,0.0,0.0
1997-12-04 00:00:00-05:00,4.958298683166504,4.958298683166504,4.958298683166504,4.958298683166504,0,0.0,0.0
1997-12-05 00:00:00-05:00,4.958298683166504,4.958298683166504,4.958298683166504,4.958298683166504,0,0.0,0.0
1997-12-08 00:00:00-05:00,4.958298683166504,4.958298683166504,4.958298683166504,4.958298683166504,0,0.0,0.0
1997-12-09 00:00:00-05:00,4.958298683166504,4.958298683166504,4.958298683166504,4.958298683166504,0,0.0,0.0
1997-12-10 00:00:00-05:00,4.958298683166504,4.958298683166504,4.958298683166504,4.958298683166504,0,0.0,0.0
1997-12-11 00:00:00-05:00,4.958298683166504,4.958298683166504,4.958298683166504,4.958298683166504,0,0.0,0.0
1997-12-12 00:00:00-05:00,4.958298683166504,4.958298683166504,4.958298683166504,4.958298683166504,0,0.0,0.0
1997-12-15 00:00:00-05:00,4.958298683166504,4.958298683166504,4.958298683166504,4.958298683166504,0,0.0,0.0
1997-12-16 00:00:00-05:00,4.958298683166504,4.958298683166504,4.958298683166504,4.958298683166504,0,0.0,0.0
1997-12-17 00:00:00-05:00,4.958298683166504,4.958298683166504,4.958298683166504,4.958298683166504,0,0.0,0.0
1997-12-18 00:00:00-05:00,7.437447547912598,7.437447547912598,7.437447547912598,7.437447547912598,220,0.0,0.0
1997-12-19 00:00:00-05:00,7.437447547912598,7.437447547912598,7.437447547912598,7.437447547912598,0,0.0,0.0
1997-12-22 00:00:00-05:00,7.437447547912598,7.437447547912598,7.437447547912598,7.437447547912598,0,0.0,0.0
1997-12-23 00:00:00-05:00,7.437447547912598,7.437447547912598,7.437447547912598,7.437447547912598,0,0.0,0.0
1997-12-24 00:00:00-05:00,7.437447547912598,7.437447547912598,7.437447547912598,7.437447547912598,0,0.0,0.0
1997-12-26 00:00:00-05:00,7.437447547912598,7.437447547912598,7.437447547912598,7.437447547912598,0,0.0,0.0
1997-12-29 00:00:00-05:00,7.437447547912598,7.437447547912598,7.437447547912598,7.437447547912598,0,0.0,0.0
1997-12-30 00:00:00-05:00,7.437447547912598,7.437447547912598,7.437447547912598,7.437447547912598,0,0.0,0.0
1997-12-31 00:00:00-05:00,7.437447547912598,7.437447547912598,7.437447547912598,7.437447547912598,0,0.0,0.0
1998-01-02 00:00:00-05:00,7.437447547912598,7.437447547912598,7.437447547912598,7.437447547912598,0,0.0,0.0
1998-01-05 00:00:00-05:00,7.437447547912598,7.437447547912598,7.437447547912598,7.437447547912598,0,0.0,0.0
1998-01-06 00:00:00-05:00,7.437447547912598,7.437447547912598,7.437447547912598,7.437447547912598,0,0.0,0.0
1998-01-07 00:00:00-05:00,7.437447547912598,7.437447547912598,7.437447547912598,7.437447547912598,0,0.0,0.0
1998-01-08 00:00:00-05:00,7.437447547912598,7.437447547912598,7.437447547912598,7.437447547912598,0,0.0,0.0
1998-01-09 00:00:00-05:00,7.437447547912598,7.437447547912598,7.437447547912598,7.437447547912598,0,0.0,0.0
1998-01-12 00:00:00-05:00,7.437447547912598,7.437447547912598,7.437447547912598,7.437447547912598,0,0.0,0.0
1998-01-13 00:00:00-05:00,6.761316299438477,6.761316299438477,6.761316299438477,6.761316299438477,330,0.0,0.0
1998-01-14 00:00:00-05:00,6.761316299438477,6.761316299438477,6.761316299438477,6.761316299438477,0,0.0,0.0
1998-01-15 00:00:00-05:00,6.761316299438477,6.761316299438477,6.761316299438477,6.761316299438477,0,0.0,0.0
1998-01-16 00:00:00-05:00,6.761316299438477,6.761316299438477,6.761316299438477,6.761316299438477,0,0.0,0.0
1998-01-20 00:00:00-05:00,6.761316299438477,6.761316299438477,6.761316299438477,6.761316299438477,0,0.0,0.0
1998-01-21 00:00:00-05:00,6.761316299438477,6.761316299438477,6.761316299438477,6.761316299438477,0,0.0,0.0
1998-01-22 00:00:00-05:00,6.761316299438477,6.761316299438477,6.761316299438477,6.761316299438477,0,0.0,0.0
1998-01-23 00:00:00-05:00,6.761316299438477,6.761316299438477,6.761316299438477,6.761316299438477,0,0.0,0.0
1998-01-26 00:00:00-05:00,6.761316299438477,6.761316299438477,6.761316299438477,6.761316299438477,0,0.0,0.0
1998-01-27 00:00:00-05:00,6.761316299438477,6.761316299438477,6.761316299438477,6.761316299438477,0,0.0,0.0
1998-01-28 00:00:00-05:00,6.761316299438477,6.761316299438477,6.761316299438477,6.761316299438477,0,0.0,0.0
1998-01-29 00:00:00-05:00,6.761316299438477,6.761316299438477,6.761316299438477,6.761316299438477,0,0.0,0.0
1998-01-30 00:00:00-05:00,6.761316299438477,6.761316299438477,6.761316299438477,6.761316299438477,0,0.0,0.0
1998-02-02 00:00:00-05:00,6.761316299438477,6.761316299438477,6.761316299438477,6.761316299438477,0,0.0,0.0
1998-02-03 00:00:00-05:00,6.761316299438477,6.761316299438477,6.761316299438477,6.761316299438477,0,0.0,0.0
1998-02-04 00:00:00-05:00,6.761316299438477,6.761316299438477,6.761316299438477,6.761316299438477,0,0.0,0.0
1998-02-05 00:00:00-05:00,6.761316299438477,6.761316299438477,6.761316299438477,6.761316299438477,0,0.0,0.0
1998-02-06 00:00:00-05:00,6.761316299438477,6.761316299438477,6.761316299438477,6.761316299438477,0,0.0,0.0
1998-02-09 00:00:00-05:00,6.761316299438477,6.761316299438477,6.761316299438477,6.761316299438477,0,0.0,0.0
1998-02-10 00:00:00-05:00,6.761316299438477,6.761316299438477,6.761316299438477,6.761316299438477,0,0.0,0.0
1998-02-11 00:00:00-05:00,6.761316299438477,6.761316299438477,6.761316299438477,6.761316299438477,0,0.0,0.0
1998-02-12 00:00:00-05:00,7.662825107574463,7.662825107574463,7.662825107574463,7.662825107574463,440,0.0,0.0
1998-02-13 00:00:00-05:00,7.662825107574463,7.662825107574463,7.662825107574463,7.662825107574463,0,0.0,0.0
1998-02-17 00:00:00-05:00,7.662825107574463,7.662825107574463,7.662825107574463,7.662825107574463,0,0.0,0.0
1998-02-18 00:00:00-05:00,7.662825107574463,7.662825107574463,7.662825107574463,7.662825107574463,0,0.0,0.0
1998-02-19 00:00:00-05:00,6.761316299438477,6.761316299438477,6.761316299438477,6.761316299438477,110,0.0,0.0
1998-02-20 00:00:00-05:00,6.761316299438477,6.761316299438477,6.761316299438477,6.761316299438477,0,0.0,0.0
1998-02-23 00:00:00-05:00,6.761316299438477,6.761316299438477,6.761316299438477,6.761316299438477,0,0.0,0.0
1998-02-24 00:00:00-05:00,6.761316299438477,6.761316299438477,6.761316299438477,6.761316299438477,0,0.0,0.0
1998-02-25 00:00:00-05:00,6.761316299438477,6.761316299438477,6.761316299438477,6.761316299438477,0,0.0,0.0
1998-02-26 00:00:00-05:00,6.761316299438477,6.761316299438477,6.761316299438477,6.761316299438477,0,0.0,0.0
1998-02-27 00:00:00-05:00,6.761316299438477,6.761316299438477,6.761316299438477,6.761316299438477,0,0.0,0.0
1998-03-02 00:00:00-05:00,6.761316299438477,6.761316299438477,6.761316299438477,6.761316299438477,0,0.0,0.0
1998-03-03 00:00:00-05:00,6.761316299438477,6.761316299438477,6.761316299438477,6.761316299438477,0,0.0,0.0
1998-03-04 00:00:00-05:00,6.761316299438477,6.761316299438477,6.761316299438477,6.761316299438477,0,0.0,0.0
1998-03-05 00:00:00-05:00,6.761316299438477,6.761316299438477,6.761316299438477,6.761316299438477,0,0.0,0.0
1998-03-06 00:00:00-05:00,6.761316299438477,6.761316299438477,6.761316299438477,6.761316299438477,0,0.0,0.0
1998-03-09 00:00:00-05:00,6.761316299438477,6.761316299438477,6.761316299438477,6.761316299438477,0,0.0,0.0
1998-03-10 00:00:00-05:00,7.212070465087891,7.212070465087891,7.212070465087891,7.212070465087891,3520,0.0,0.0
1998-03-11 00:00:00-05:00,7.212070465087891,7.212070465087891,7.212070465087891,7.212070465087891,0,0.0,0.0
1998-03-12 00:00:00-05:00,7.212070465087891,7.212070465087891,7.212070465087891,7.212070465087891,0,0.0,0.0
1998-03-13 00:00:00-05:00,7.212070465087891,7.212070465087891,7.212070465087891,7.212070465087891,0,0.0,0.0
1998-03-16 00:00:00-05:00,7.212070465087891,7.212070465087891,7.212070465087891,7.212070465087891,0,0.0,0.0
1998-03-17 00:00:00-05:00,6.874004364013672,6.874004364013672,6.874004364013672,6.874004364013672,220,0.0,0.0
1998-03-18 00:00:00-05:00,6.874004364013672,6.874004364013672,6.874004364013672,6.874004364013672,0,0.0,0.0
1998-03-19 00:00:00-05:00,6.874004364013672,6.874004364013672,6.874004364013672,6.874004364013672,0,0.0,0.0
1998-03-20 00:00:00-05:00,6.874004364013672,6.874004364013672,6.874004364013672,6.874004364013672,0,0.0,0.0
1998-03-23 00:00:00-05:00,6.874004364013672,6.874004364013672,6.874004364013672,6.874004364013672,0,0.0,0.0
1998-03-24 00:00:00-05:00,6.874004364013672,6.874004364013672,6.874004364013672,6.874004364013672,0,0.0,0.0
1998-03-25 00:00:00-05:00,6.874004364013672,6.874004364013672,6.874004364013672,6.874004364013672,0,0.0,0.0
1998-03-26 00:00:00-05:00,6.874004364013672,6.874004364013672,6.874004364013672,6.874004364013672,0,0.0,0.0
1998-03-27 00:00:00-05:00,6.874004364013672,6.874004364013672,6.874004364013672,6.874004364013672,0,0.0,0.0
1998-03-30 00:00:00-05:00,6.874004364013672,6.874004364013672,6.874004364013672,6.874004364013672,0,0.0,0.0
1998-03-31 00:00:00-05:00,7.662825107574463,7.662825107574463,7.662825107574463,7.662825107574463,220,0.0,0.0
1998-04-01 00:00:00-05:00,7.662825107574463,7.662825107574463,7.662825107574463,7.662825107574463,0,0.0,0.0
1998-04-02 00:00:00-05:00,6.986693859100342,6.986693859100342,6.986693859100342,6.986693859100342,110,0.0,0.0
1998-04-03 00:00:00-05:00,6.986693859100342,6.986693859100342,6.986693859100342,6.986693859100342,0,0.0,0.0
1998-04-06 00:00:00-04:00,6.986693859100342,6.986693859100342,6.986693859100342,6.986693859100342,0,0.0,0.0
1998-04-07 00:00:00-04:00,6.986693859100342,6.986693859100342,6.986693859100342,6.986693859100342,0,0.0,0.0
1998-04-08 00:00:00-04:00,6.986693859100342,6.986693859100342,6.986693859100342,6.986693859100342,0,0.0,0.0
1998-04-09 00:00:00-04:00,6.986693859100342,6.986693859100342,6.986693859100342,6.986693859100342,0,0.0,0.0
1998-04-13 00:00:00-04:00,6.986693859100342,6.986693859100342,6.986693859100342,6.986693859100342,0,0.0,0.0
1998-04-14 00:00:00-04:00,6.986693859100342,6.986693859100342,6.986693859100342,6.986693859100342,0,0.0,0.0
1998-04-15 00:00:00-04:00,6.986693859100342,6.986693859100342,6.986693859100342,6.986693859100342,0,0.0,0.0
1998-04-16 00:00:00-04:00,6.986693859100342,6.986693859100342,6.986693859100342,6.986693859100342,0,0.0,0.0
1998-04-17 00:00:00-04:00,6.986693859100342,6.986693859100342,6.986693859100342,6.986693859100342,0,0.0,0.0
1998-04-20 00:00:00-04:00,6.986693859100342,6.986693859100342,6.986693859100342,6.986693859100342,0,0.0,0.0
1998-04-21 00:00:00-04:00,6.986693859100342,6.986693859100342,6.986693859100342,6.986693859100342,0,0.0,0.0
1998-04-22 00:00:00-04:00,6.986693859100342,6.986693859100342,6.986693859100342,6.986693859100342,0,0.0,0.0
1998-04-23 00:00:00-04:00,6.986693859100342,6.986693859100342,6.986693859100342,6.986693859100342,0,0.0,0.0
1998-04-24 00:00:00-04:00,6.986693859100342,6.986693859100342,6.986693859100342,6.986693859100342,1430,0.0,0.0
1998-04-27 00:00:00-04:00,6.986693859100342,6.986693859100342,6.986693859100342,6.986693859100342,0,0.0,0.0
1998-04-28 00:00:00-04:00,6.986693859100342,6.986693859100342,6.986693859100342,6.986693859100342,0,0.0,0.0
1998-04-29 00:00:00-04:00,6.986693859100342,6.986693859100342,6.986693859100342,6.986693859100342,0,0.0,0.0
1998-04-30 00:00:00-04:00,6.986693859100342,6.986693859100342,6.986693859100342,6.986693859100342,0,0.0,0.0
1998-05-01 00:00:00-04:00,6.986693859100342,6.986693859100342,6.986693859100342,6.986693859100342,0,0.0,0.0
1998-05-04 00:00:00-04:00,6.986693859100342,6.986693859100342,6.986693859100342,6.986693859100342,0,0.0,0.0
1998-05-05 00:00:00-04:00,6.986693859100342,6.986693859100342,6.986693859100342,6.986693859100342,0,0.0,0.0
1998-05-06 00:00:00-04:00,6.986693859100342,6.986693859100342,6.986693859100342,6.986693859100342,0,0.0,0.0
1998-05-07 00:00:00-04:00,6.986693859100342,6.986693859100342,6.986693859100342,6.986693859100342,0,0.0,0.0
1998-05-08 00:00:00-04:00,6.986693859100342,6.986693859100342,6.986693859100342,6.986693859100342,0,0.0,0.0
1998-05-11 00:00:00-04:00,6.986693859100342,6.986693859100342,6.986693859100342,6.986693859100342,0,0.0,0.0
1998-05-12 00:00:00-04:00,6.986693859100342,6.986693859100342,6.986693859100342,6.986693859100342,0,0.0,0.0
1998-05-13 00:00:00-04:00,6.986693859100342,6.986693859100342,6.986693859100342,6.986693859100342,0,0.0,0.0
1998-05-14 00:00:00-04:00,6.986693859100342,6.986693859100342,6.986693859100342,6.986693859100342,0,0.0,0.0
1998-05-15 00:00:00-04:00,6.986693859100342,6.986693859100342,6.986693859100342,6.986693859100342,0,0.0,0.0
1998-05-18 00:00:00-04:00,6.986693859100342,6.986693859100342,6.986693859100342,6.986693859100342,0,0.0,0.0
1998-05-19 00:00:00-04:00,6.986693859100342,6.986693859100342,6.986693859100342,6.986693859100342,0,0.0,0.0
1998-05-20 00:00:00-04:00,6.986693859100342,6.986693859100342,6.986693859100342,6.986693859100342,0,0.0,0.0
1998-05-21 00:00:00-04:00,6.986693859100342,6.986693859100342,6.986693859100342,6.986693859100342,0,0.0,0.0
1998-05-22 00:00:00-04:00,6.986693859100342,6.986693859100342,6.986693859100342,6.986693859100342,0,0.0,0.0
1998-05-26 00:00:00-04:00,6.986693859100342,6.986693859100342,6.986693859100342,6.986693859100342,0,0.0,0.0
1998-05-27 00:00:00-04:00,6.986693859100342,6.986693859100342,6.986693859100342,6.986693859100342,0,0.0,0.0
1998-05-28 00:00:00-04:00,6.986693859100342,6.986693859100342,6.986693859100342,6.986693859100342,0,0.0,0.0
1998-05-29 00:00:00-04:00,6.986693859100342,6.986693859100342,6.986693859100342,6.986693859100342,0,0.0,0.0
1998-06-01 00:00:00-04:00,6.986693859100342,6.986693859100342,6.986693859100342,6.986693859100342,0,0.0,0.0
1998-06-02 00:00:00-04:00,6.986693859100342,6.986693859100342,6.986693859100342,6.986693859100342,0,0.0,0.0
1998-06-03 00:00:00-04:00,6.986693859100342,6.986693859100342,6.986693859100342,6.986693859100342,0,0.0,0.0
1998-06-04 00:00:00-04:00,6.986693859100342,6.986693859100342,6.986693859100342,6.986693859100342,110,0.0,0.0
1998-06-05 00:00:00-04:00,6.986693859100342,6.986693859100342,6.986693859100342,6.986693859100342,0,0.0,0.0
1998-06-08 00:00:00-04:00,6.986693859100342,6.986693859100342,6.986693859100342,6.986693859100342,0,0.0,0.0
1998-06-09 00:00:00-04:00,6.986693859100342,6.986693859100342,6.986693859100342,6.986693859100342,0,0.0,0.0
1998-06-10 00:00:00-04:00,6.986693859100342,6.986693859100342,6.986693859100342,6.986693859100342,0,0.0,0.0
1998-06-11 00:00:00-04:00,6.986693859100342,6.986693859100342,6.986693859100342,6.986693859100342,0,0.0,0.0
1998-06-12 00:00:00-04:00,6.986693859100342,6.986693859100342,6.986693859100342,6.986693859100342,0,0.0,0.0
1998-06-15 00:00:00-04:00,6.986693859100342,6.986693859100342,6.986693859100342,6.986693859100342,0,0.0,0.0
1998-06-16 00:00:00-04:00,6.986693859100342,6.986693859100342,6.986693859100342,6.986693859100342,0,0.0,0.0
1998-06-17 00:00:00-04:00,6.986693859100342,6.986693859100342,6.986693859100342,6.986693859100342,0,0.0,0.0
1998-06-18 00:00:00-04:00,6.986693859100342,6.986693859100342,6.986693859100342,6.986693859100342,0,0.0,0.0
1998-06-19 00:00:00-04:00,6.986693859100342,6.986693859100342,6.986693859100342,6.986693859100342,0,0.0,0.0
1998-06-22 00:00:00-04:00,6.986693859100342,6.986693859100342,6.986693859100342,6.986693859100342,0,0.0,0.0
1998-06-23 00:00:00-04:00,6.986693859100342,6.986693859100342,6.986693859100342,6.986693859100342,0,0.0,0.0
1998-06-24 00:00:00-04:00,6.986693859100342,6.986693859100342,6.986693859100342,6.986693859100342,0,0.0,0.0
1998-06-25 00:00:00-04:00,6.986693859100342,6.986693859100342,6.986693859100342,6.986693859100342,0,0.0,0.0
1998-06-26 00:00:00-04:00,6.986693859100342,6.986693859100342,6.986693859100342,6.986693859100342,0,0.0,0.0
1998-06-29 00:00:00-04:00,6.986693859100342,6.986693859100342,6.986693859100342,6.986693859100342,0,0.0,0.0
1998-06-30 00:00:00-04:00,6.986693859100342,6.986693859100342,6.986693859100342,6.986693859100342,0,0.0,0.0
1998-07-01 00:00:00-04:00,6.986693859100342,6.986693859100342,6.986693859100342,6.986693859100342,0,0.0,0.0
1998-07-02 00:00:00-04:00,6.986693859100342,6.986693859100342,6.986693859100342,6.986693859100342,0,0.0,0.0
1998-07-06 00:00:00-04:00,6.986693859100342,6.986693859100342,6.986693859100342,6.986693859100342,0,0.0,0.0
1998-07-07 00:00:00-04:00,6.986693859100342,6.986693859100342,6.986693859100342,6.986693859100342,0,0.0,0.0
1998-07-08 00:00:00-04:00,6.986693859100342,6.986693859100342,6.986693859100342,6.986693859100342,0,0.0,0.0
1998-07-09 00:00:00-04:00,6.986693859100342,6.986693859100342,6.986693859100342,6.986693859100342,0,0.0,0.0
1998-07-10 00:00:00-04:00,6.986693859100342,6.986693859100342,6.986693859100342,6.986693859100342,0,0.0,0.0
1998-07-13 00:00:00-04:00,6.986693859100342,6.986693859100342,6.986693859100342,6.986693859100342,0,0.0,0.0
1998-07-14 00:00:00-04:00,6.986693859100342,6.986693859100342,6.986693859100342,6.986693859100342,0,0.0,0.0
1998-07-15 00:00:00-04:00,6.986693859100342,6.986693859100342,6.986693859100342,6.986693859100342,0,0.0,0.0
1998-07-16 00:00:00-04:00,6.986693859100342,6.986693859100342,6.986693859100342,6.986693859100342,0,0.0,0.0
1998-07-17 00:00:00-04:00,6.986693859100342,6.986693859100342,6.986693859100342,6.986693859100342,220,0.0,0.0
1998-07-20 00:00:00-04:00,6.986693859100342,6.986693859100342,6.986693859100342,6.986693859100342,0,0.0,0.0
1998-07-21 00:00:00-04:00,6.986693859100342,6.986693859100342,6.986693859100342,6.986693859100342,0,0.0,0.0
1998-07-22 00:00:00-04:00,6.986693859100342,6.986693859100342,6.986693859100342,6.986693859100342,0,0.0,0.0
1998-07-23 00:00:00-04:00,6.986693859100342,6.986693859100342,6.986693859100342,6.986693859100342,0,0.0,0.0
1998-07-24 00:00:00-04:00,6.986693859100342,6.986693859100342,6.986693859100342,6.986693859100342,0,0.0,0.0
1998-07-27 00:00:00-04:00,6.986693859100342,6.986693859100342,6.986693859100342,6.986693859100342,0,0.0,0.0
1998-07-28 00:00:00-04:00,6.986693859100342,6.986693859100342,6.986693859100342,6.986693859100342,0,0.0,0.0
1998-07-29 00:00:00-04:00,6.986693859100342,6.986693859100342,6.986693859100342,6.986693859100342,0,0.0,0.0
1998-07-30 00:00:00-04:00,6.986693859100342,6.986693859100342,6.986693859100342,6.986693859100342,0,0.0,0.0
1998-07-31 00:00:00-04:00,6.986693859100342,6.986693859100342,6.986693859100342,6.986693859100342,0,0.0,0.0
1998-08-03 00:00:00-04:00,6.986693859100342,6.986693859100342,6.986693859100342,6.986693859100342,0,0.0,0.0
1998-08-04 00:00:00-04:00,6.986693859100342,6.986693859100342,6.986693859100342,6.986693859100342,0,0.0,0.0
1998-08-05 00:00:00-04:00,6.986693859100342,6.986693859100342,6.986693859100342,6.986693859100342,0,0.0,0.0
1998-08-06 00:00:00-04:00,6.986693859100342,6.986693859100342,6.986693859100342,6.986693859100342,0,0.0,0.0
1998-08-07 00:00:00-04:00,6.986693859100342,6.986693859100342,6.986693859100342,6.986693859100342,0,0.0,0.0
1998-08-10 00:00:00-04:00,6.986693859100342,6.986693859100342,6.986693859100342,6.986693859100342,0,0.0,0.0
1998-08-11 00:00:00-04:00,6.986693859100342,6.986693859100342,6.986693859100342,6.986693859100342,0,0.0,0.0
1998-08-12 00:00:00-04:00,6.986693859100342,6.986693859100342,6.986693859100342,6.986693859100342,0,0.0,0.0
1998-08-13 00:00:00-04:00,6.986693859100342,6.986693859100342,6.986693859100342,6.986693859100342,0,0.0,0.0
1998-08-14 00:00:00-04:00,6.986693859100342,6.986693859100342,6.986693859100342,6.986693859100342,0,0.0,0.0
1998-08-17 00:00:00-04:00,6.986693859100342,6.986693859100342,6.986693859100342,6.986693859100342,0,0.0,0.0
1998-08-18 00:00:00-04:00,6.986693859100342,6.986693859100342,6.986693859100342,6.986693859100342,0,0.0,0.0
1998-08-19 00:00:00-04:00,6.986693859100342,6.986693859100342,6.986693859100342,6.986693859100342,0,0.0,0.0
1998-08-20 00:00:00-04:00,6.986693859100342,6.986693859100342,6.986693859100342,6.986693859100342,0,0.0,0.0
1998-08-21 00:00:00-04:00,6.986693859100342,6.986693859100342,6.986693859100342,6.986693859100342,0,0.0,0.0
1998-08-24 00:00:00-04:00,6.986693859100342,6.986693859100342,6.986693859100342,6.986693859100342,0,0.0,0.0
1998-08-25 00:00:00-04:00,6.986693859100342,6.986693859100342,6.986693859100342,6.986693859100342,0,0.0,0.0
1998-08-26 00:00:00-04:00,6.986693859100342,6.986693859100342,6.986693859100342,6.986693859100342,0,0.0,0.0
1998-08-27 00:00:00-04:00,6.986693859100342,6.986693859100342,6.986693859100342,6.986693859100342,0,0.0,0.0
1998-08-28 00:00:00-04:00,6.986693859100342,6.986693859100342,6.986693859100342,6.986693859100342,0,0.0,0.0
1998-08-31 00:00:00-04:00,6.986693859100342,6.986693859100342,6.986693859100342,6.986693859100342,0,0.0,0.0
1998-09-01 00:00:00-04:00,6.986693859100342,6.986693859100342,6.986693859100342,6.986693859100342,0,0.0,0.0
1998-09-02 00:00:00-04:00,6.986693859100342,6.986693859100342,6.986693859100342,6.986693859100342,0,0.0,0.0
1998-09-03 00:00:00-04:00,6.986693859100342,6.986693859100342,6.986693859100342,6.986693859100342,0,0.0,0.0
1998-09-04 00:00:00-04:00,6.986693859100342,6.986693859100342,6.986693859100342,6.986693859100342,0,0.0,0.0
1998-09-08 00:00:00-04:00,6.986693859100342,6.986693859100342,6.986693859100342,6.986693859100342,0,0.0,0.0
1998-09-09 00:00:00-04:00,6.986693859100342,6.986693859100342,6.986693859100342,6.986693859100342,0,0.0,0.0
1998-09-10 00:00:00-04:00,6.986693859100342,6.986693859100342,6.986693859100342,6.986693859100342,0,0.0,0.0
1998-09-11 00:00:00-04:00,6.986693859100342,6.986693859100342,6.986693859100342,6.986693859100342,0,0.0,0.0
1998-09-14 00:00:00-04:00,6.986693859100342,6.986693859100342,6.986693859100342,6.986693859100342,0,0.0,0.0
1998-09-15 00:00:00-04:00,6.986693859100342,6.986693859100342,6.986693859100342,6.986693859100342,0,0.0,0.0
1998-09-16 00:00:00-04:00,6.986693859100342,6.986693859100342,6.986693859100342,6.986693859100342,0,0.0,0.0
1998-09-17 00:00:00-04:00,6.986693859100342,6.986693859100342,6.986693859100342,6.986693859100342,0,0.0,0.0
1998-09-18 00:00:00-04:00,6.986693859100342,6.986693859100342,6.986693859100342,6.986693859100342,0,0.0,0.0
1998-09-21 00:00:00-04:00,6.986693859100342,6.986693859100342,6.986693859100342,6.986693859100342,0,0.0,0.0
1998-09-22 00:00:00-04:00,6.986693859100342,6.986693859100342,6.986693859100342,6.986693859100342,0,0.0,0.0
1998-09-23 00:00:00-04:00,6.986693859100342,6.986693859100342,6.986693859100342,6.986693859100342,0,0.0,0.0
1998-09-24 00:00:00-04:00,6.986693859100342,6.986693859100342,6.986693859100342,6.986693859100342,0,0.0,0.0
1998-09-25 00:00:00-04:00,6.986693859100342,6.986693859100342,6.986693859100342,6.986693859100342,0,0.0,0.0
1998-09-28 00:00:00-04:00,6.986693859100342,6.986693859100342,6.986693859100342,6.986693859100342,0,0.0,0.0
1998-09-29 00:00:00-04:00,6.986693859100342,6.986693859100342,6.986693859100342,6.986693859100342,0,0.0,0.0
1998-09-30 00:00:00-04:00,6.986693859100342,6.986693859100342,6.986693859100342,6.986693859100342,0,0.0,0.0
1998-10-01 00:00:00-04:00,6.986693859100342,6.986693859100342,6.986693859100342,6.986693859100342,0,0.0,0.0
1998-10-02 00:00:00-04:00,6.986693859100342,6.986693859100342,6.986693859100342,6.986693859100342,0,0.0,0.0
1998-10-05 00:00:00-04:00,6.986693859100342,6.986693859100342,6.986693859100342,6.986693859100342,0,0.0,0.0
1998-10-06 00:00:00-04:00,6.986693859100342,6.986693859100342,6.986693859100342,6.986693859100342,0,0.0,0.0
1998-10-07 00:00:00-04:00,6.986693859100342,6.986693859100342,6.986693859100342,6.986693859100342,0,0.0,0.0
1998-10-08 00:00:00-04:00,6.986693859100342,6.986693859100342,6.986693859100342,6.986693859100342,0,0.0,0.0
1998-10-09 00:00:00-04:00,6.986693859100342,6.986693859100342,6.986693859100342,6.986693859100342,0,0.0,0.0
1998-10-12 00:00:00-04:00,6.986693859100342,6.986693859100342,6.986693859100342,6.986693859100342,0,0.0,0.0
1998-10-13 00:00:00-04:00,6.986693859100342,6.986693859100342,6.986693859100342,6.986693859100342,0,0.0,0.0
1998-10-14 00:00:00-04:00,6.986693859100342,6.986693859100342,6.986693859100342,6.986693859100342,0,0.0,0.0
1998-10-15 00:00:00-04:00,6.986693859100342,6.986693859100342,6.986693859100342,6.986693859100342,0,0.0,0.0
1998-10-16 00:00:00-04:00,6.986693859100342,6.986693859100342,6.986693859100342,6.986693859100342,0,0.0,0.0
1998-10-19 00:00:00-04:00,6.986693859100342,6.986693859100342,6.986693859100342,6.986693859100342,0,0.0,0.0
1998-10-20 00:00:00-04:00,6.986693859100342,6.986693859100342,6.986693859100342,6.986693859100342,0,0.0,0.0
1998-10-21 00:00:00-04:00,6.986693859100342,6.986693859100342,6.986693859100342,6.986693859100342,0,0.0,0.0
1998-10-22 00:00:00-04:00,6.986693859100342,6.986693859100342,6.986693859100342,6.986693859100342,0,0.0,0.0
1998-10-23 00:00:00-04:00,6.986693859100342,6.986693859100342,6.986693859100342,6.986693859100342,0,0.0,0.0
1998-10-26 00:00:00-05:00,6.986693859100342,6.986693859100342,6.986693859100342,6.986693859100342,0,0.0,0.0
1998-10-27 00:00:00-05:00,6.986693859100342,6.986693859100342,6.986693859100342,6.986693859100342,0,0.0,0.0
1998-10-28 00:00:00-05:00,6.986693859100342,6.986693859100342,6.986693859100342,6.986693859100342,0,0.0,0.0
1998-10-29 00:00:00-05:00,6.986693859100342,6.986693859100342,6.986693859100342,6.986693859100342,0,0.0,0.0
1998-10-30 00:00:00-05:00,6.986693859100342,6.986693859100342,6.986693859100342,6.986693859100342,0,0.0,0.0
1998-11-02 00:00:00-05:00,6.986693859100342,6.986693859100342,6.986693859100342,6.986693859100342,0,0.0,0.0
1998-11-03 00:00:00-05:00,6.986693859100342,6.986693859100342,6.986693859100342,6.986693859100342,0,0.0,0.0
1998-11-04 00:00:00-05:00,6.986693859100342,6.986693859100342,6.986693859100342,6.986693859100342,0,0.0,0.0
1998-11-05 00:00:00-05:00,6.986693859100342,6.986693859100342,6.986693859100342,6.986693859100342,0,0.0,0.0
1998-11-06 00:00:00-05:00,6.986693859100342,6.986693859100342,6.986693859100342,6.986693859100342,0,0.0,0.0
1998-11-09 00:00:00-05:00,6.986693859100342,6.986693859100342,6.986693859100342,6.986693859100342,0,0.0,0.0
1998-11-10 00:00:00-05:00,6.986693859100342,6.986693859100342,6.986693859100342,6.986693859100342,0,0.0,0.0
1998-11-11 00:00:00-05:00,6.986693859100342,6.986693859100342,6.986693859100342,6.986693859100342,0,0.0,0.0
1998-11-12 00:00:00-05:00,6.986693859100342,6.986693859100342,6.986693859100342,6.986693859100342,0,0.0,0.0
1998-11-13 00:00:00-05:00,6.986693859100342,6.986693859100342,6.986693859100342,6.986693859100342,0,0.0,0.0
1998-11-16 00:00:00-05:00,6.986693859100342,6.986693859100342,6.986693859100342,6.986693859100342,0,0.0,0.0
1998-11-17 00:00:00-05:00,6.986693859100342,6.986693859100342,6.986693859100342,6.986693859100342,0,0.0,0.0
1998-11-18 00:00:00-05:00,6.986693859100342,6.986693859100342,6.986693859100342,6.986693859100342,0,0.0,0.0
1998-11-19 00:00:00-05:00,6.986693859100342,6.986693859100342,6.986693859100342,6.986693859100342,0,0.0,0.0
1998-11-20 00:00:00-05:00,6.986693859100342,6.986693859100342,6.986693859100342,6.986693859100342,0,0.0,0.0
1998-11-23 00:00:00-05:00,6.986693859100342,6.986693859100342,6.986693859100342,6.986693859100342,0,0.0,0.0
1998-11-24 00:00:00-05:00,6.986693859100342,6.986693859100342,6.986693859100342,6.986693859100342,1100,0.0,0.0
1998-11-25 00:00:00-05:00,6.986693859100342,6.986693859100342,6.986693859100342,6.986693859100342,0,0.0,0.0
1998-11-27 00:00:00-05:00,6.986693859100342,6.986693859100342,6.986693859100342,6.986693859100342,0,0.0,0.0
1998-11-30 00:00:00-05:00,6.986693859100342,6.986693859100342,6.986693859100342,6.986693859100342,0,0.0,0.0
1998-12-01 00:00:00-05:00,6.986693859100342,6.986693859100342,6.986693859100342,6.986693859100342,0,0.0,0.0
1998-12-02 00:00:00-05:00,7.099381923675537,7.099381923675537,7.099381923675537,7.099381923675537,770,0.0,0.0
1998-12-03 00:00:00-05:00,7.099381923675537,7.099381923675537,7.099381923675537,7.099381923675537,0,0.0,0.0
1998-12-04 00:00:00-05:00,7.099381923675537,7.099381923675537,7.099381923675537,7.099381923675537,0,0.0,0.0
1998-12-07 00:00:00-05:00,7.099381923675537,7.099381923675537,7.099381923675537,7.099381923675537,0,0.0,0.0
1998-12-08 00:00:00-05:00,7.099381923675537,7.099381923675537,7.099381923675537,7.099381923675537,0,0.0,0.0
1998-12-09 00:00:00-05:00,7.099381923675537,7.099381923675537,7.099381923675537,7.099381923675537,0,0.0,0.0
1998-12-10 00:00:00-05:00,7.099381923675537,7.099381923675537,7.099381923675537,7.099381923675537,0,0.0,0.0
1998-12-11 00:00:00-05:00,7.099381923675537,7.099381923675537,7.099381923675537,7.099381923675537,0,0.0,0.0
1998-12-14 00:00:00-05:00,7.099381923675537,7.099381923675537,7.099381923675537,7.099381923675537,0,0.0,0.0
1998-12-15 00:00:00-05:00,7.099381923675537,7.099381923675537,7.099381923675537,7.099381923675537,0,0.0,0.0
1998-12-16 00:00:00-05:00,7.099381923675537,7.099381923675537,7.099381923675537,7.099381923675537,0,0.0,0.0
1998-12-17 00:00:00-05:00,7.099381923675537,7.099381923675537,7.099381923675537,7.099381923675537,0,0.0,0.0
1998-12-18 00:00:00-05:00,7.099381923675537,7.099381923675537,7.099381923675537,7.099381923675537,0,0.0,0.0
1998-12-21 00:00:00-05:00,7.099381923675537,7.099381923675537,7.099381923675537,7.099381923675537,0,0.0,0.0
1998-12-22 00:00:00-05:00,7.099381923675537,7.099381923675537,7.099381923675537,7.099381923675537,0,0.0,0.0
1998-12-23 00:00:00-05:00,7.099381923675537,7.099381923675537,7.099381923675537,7.099381923675537,0,0.0,0.0
1998-12-24 00:00:00-05:00,7.099381923675537,7.099381923675537,7.099381923675537,7.099381923675537,0,0.0,0.0
1998-12-28 00:00:00-05:00,7.099381923675537,7.099381923675537,7.099381923675537,7.099381923675537,0,0.0,0.0
1998-12-29 00:00:00-05:00,7.099381923675537,7.099381923675537,7.099381923675537,7.099381923675537,0,0.0,0.0
1998-12-30 00:00:00-05:00,6.986693859100342,6.986693859100342,6.761316393782163,6.986693859100342,330,0.0,0.0
1998-12-31 00:00:00-05:00,6.986693859100342,6.986693859100342,6.986693859100342,6.986693859100342,0,0.0,0.0
1999-01-04 00:00:00-05:00,6.986693859100342,6.986693859100342,6.986693859100342,6.986693859100342,0,0.0,0.0
1999-01-05 00:00:00-05:00,6.986693859100342,6.986693859100342,6.986693859100342,6.986693859100342,0,0.0,0.0
1999-01-06 00:00:00-05:00,6.986693859100342,6.986693859100342,6.986693859100342,6.986693859100342,0,0.0,0.0
1999-01-07 00:00:00-05:00,6.986693859100342,6.986693859100342,6.986693859100342,6.986693859100342,0,0.0,0.0
1999-01-08 00:00:00-05:00,6.986693859100342,6.986693859100342,6.986693859100342,6.986693859100342,0,0.0,0.0
1999-01-11 00:00:00-05:00,6.986693859100342,6.986693859100342,6.986693859100342,6.986693859100342,0,0.0,0.0
1999-01-12 00:00:00-05:00,6.986693859100342,6.986693859100342,6.986693859100342,6.986693859100342,0,0.0,0.0
1999-01-13 00:00:00-05:00,6.986693859100342,6.986693859100342,6.986693859100342,6.986693859100342,0,0.0,0.0
1999-01-14 00:00:00-05:00,6.986693859100342,6.986693859100342,6.986693859100342,6.986693859100342,0,0.0,0.0
1999-01-15 00:00:00-05:00,6.986693859100342,6.986693859100342,6.986693859100342,6.986693859100342,0,0.0,0.0
1999-01-19 00:00:00-05:00,6.986693859100342,6.986693859100342,6.986693859100342,6.986693859100342,0,0.0,0.0
1999-01-20 00:00:00-05:00,6.986693859100342,6.986693859100342,6.986693859100342,6.986693859100342,0,0.0,0.0
1999-01-21 00:00:00-05:00,6.986693859100342,6.986693859100342,6.986693859100342,6.986693859100342,0,0.0,0.0
1999-01-22 00:00:00-05:00,6.986693859100342,6.986693859100342,6.986693859100342,6.986693859100342,0,0.0,0.0
1999-01-25 00:00:00-05:00,6.986693859100342,6.986693859100342,6.986693859100342,6.986693859100342,0,0.0,0.0
1999-01-26 00:00:00-05:00,6.986693859100342,6.986693859100342,6.986693859100342,6.986693859100342,0,0.0,0.0
1999-01-27 00:00:00-05:00,6.986693859100342,6.986693859100342,6.986693859100342,6.986693859100342,0,0.0,0.0
1999-01-28 00:00:00-05:00,6.986693859100342,6.986693859100342,6.986693859100342,6.986693859100342,0,0.0,0.0
1999-01-29 00:00:00-05:00,6.986693859100342,6.986693859100342,6.986693859100342,6.986693859100342,0,0.0,0.0
1999-02-01 00:00:00-05:00,6.986693859100342,6.986693859100342,6.986693859100342,6.986693859100342,0,0.0,0.0
1999-02-02 00:00:00-05:00,6.986693859100342,6.986693859100342,6.986693859100342,6.986693859100342,0,0.0,0.0
1999-02-03 00:00:00-05:00,6.986693859100342,6.986693859100342,6.986693859100342,6.986693859100342,0,0.0,0.0
1999-02-04 00:00:00-05:00,6.986693859100342,6.986693859100342,6.986693859100342,6.986693859100342,0,0.0,0.0
1999-02-05 00:00:00-05:00,6.986693859100342,6.986693859100342,6.986693859100342,6.986693859100342,0,0.0,0.0
1999-02-08 00:00:00-05:00,6.986693859100342,6.986693859100342,6.986693859100342,6.986693859100342,0,0.0,0.0
1999-02-09 00:00:00-05:00,6.986693859100342,6.986693859100342,6.986693859100342,6.986693859100342,0,0.0,0.0
1999-02-10 00:00:00-05:00,6.986693859100342,6.986693859100342,6.986693859100342,6.986693859100342,0,0.0,0.0
1999-02-11 00:00:00-05:00,6.986693859100342,6.986693859100342,6.986693859100342,6.986693859100342,0,0.0,0.0
1999-02-12 00:00:00-05:00,6.986693859100342,6.986693859100342,6.986693859100342,6.986693859100342,0,0.0,0.0
1999-02-16 00:00:00-05:00,6.986693859100342,6.986693859100342,6.986693859100342,6.986693859100342,0,0.0,0.0
1999-02-17 00:00:00-05:00,6.986693859100342,6.986693859100342,6.986693859100342,6.986693859100342,0,0.0,0.0
1999-02-18 00:00:00-05:00,6.986693859100342,6.986693859100342,6.986693859100342,6.986693859100342,0,0.0,0.0
1999-02-19 00:00:00-05:00,6.986693859100342,6.986693859100342,6.986693859100342,6.986693859100342,0,0.0,0.0
1999-02-22 00:00:00-05:00,6.986693859100342,6.986693859100342,6.986693859100342,6.986693859100342,0,0.0,0.0
1999-02-23 00:00:00-05:00,6.986693859100342,6.986693859100342,6.986693859100342,6.986693859100342,0,0.0,0.0
1999-02-24 00:00:00-05:00,6.986693859100342,6.986693859100342,6.986693859100342,6.986693859100342,0,0.0,0.0
1999-02-25 00:00:00-05:00,6.986693859100342,6.986693859100342,6.986693859100342,6.986693859100342,0,0.0,0.0
1999-02-26 00:00:00-05:00,6.986693859100342,6.986693859100342,6.986693859100342,6.986693859100342,0,0.0,0.0
1999-03-01 00:00:00-05:00,6.986693859100342,6.986693859100342,6.986693859100342,6.986693859100342,0,0.0,0.0
1999-03-02 00:00:00-05:00,6.986693859100342,6.986693859100342,6.986693859100342,6.986693859100342,0,0.0,0.0
1999-03-03 00:00:00-05:00,6.986693859100342,6.986693859100342,6.986693859100342,6.986693859100342,0,0.0,0.0
1999-03-04 00:00:00-05:00,6.986693859100342,6.986693859100342,6.986693859100342,6.986693859100342,0,0.0,0.0
1999-03-05 00:00:00-05:00,6.986693859100342,6.986693859100342,6.986693859100342,6.986693859100342,0,0.0,0.0
1999-03-08 00:00:00-05:00,6.986693859100342,6.986693859100342,6.986693859100342,6.986693859100342,0,0.0,0.0
1999-03-09 00:00:00-05:00,6.986693859100342,6.986693859100342,6.986693859100342,6.986693859100342,0,0.0,0.0
1999-03-10 00:00:00-05:00,6.986693859100342,6.986693859100342,6.986693859100342,6.986693859100342,0,0.0,0.0
1999-03-11 00:00:00-05:00,6.986693859100342,6.986693859100342,6.986693859100342,6.986693859100342,0,0.0,0.0
1999-03-12 00:00:00-05:00,6.986693859100342,6.986693859100342,6.986693859100342,6.986693859100342,0,0.0,0.0
1999-03-15 00:00:00-05:00,6.986693859100342,6.986693859100342,6.986693859100342,6.986693859100342,0,0.0,0.0
1999-03-16 00:00:00-05:00,6.986693859100342,6.986693859100342,6.986693859100342,6.986693859100342,0,0.0,0.0
1999-03-17 00:00:00-05:00,6.986693859100342,6.986693859100342,6.986693859100342,6.986693859100342,0,0.0,0.0
1999-03-18 00:00:00-05:00,6.986693859100342,6.986693859100342,6.986693859100342,6.986693859100342,0,0.0,0.0
1999-03-19 00:00:00-05:00,6.986693859100342,6.986693859100342,6.986693859100342,6.986693859100342,0,0.0,0.0
1999-03-22 00:00:00-05:00,6.986693859100342,6.986693859100342,6.986693859100342,6.986693859100342,0,0.0,0.0
1999-03-23 00:00:00-05:00,6.986693859100342,6.986693859100342,6.986693859100342,6.986693859100342,0,0.0,0.0
1999-03-24 00:00:00-05:00,6.986693859100342,6.986693859100342,6.986693859100342,6.986693859100342,0,0.0,0.0
1999-03-25 00:00:00-05:00,6.986693859100342,6.986693859100342,6.986693859100342,6.986693859100342,0,0.0,0.0
1999-03-26 00:00:00-05:00,6.986693859100342,6.986693859100342,6.986693859100342,6.986693859100342,0,0.0,0.0
1999-03-29 00:00:00-05:00,6.986693859100342,6.986693859100342,6.986693859100342,6.986693859100342,0,0.0,0.0
1999-03-30 00:00:00-05:00,6.986693859100342,6.986693859100342,6.986693859100342,6.986693859100342,0,0.0,0.0
1999-03-31 00:00:00-05:00,6.986693859100342,6.986693859100342,6.986693859100342,6.986693859100342,0,0.0,0.0
1999-04-01 00:00:00-05:00,6.986693859100342,6.986693859100342,6.986693859100342,6.986693859100342,0,0.0,0.0
1999-04-05 00:00:00-04:00,6.986693859100342,6.986693859100342,6.986693859100342,6.986693859100342,0,0.0,0.0
1999-04-06 00:00:00-04:00,6.929898738861084,6.929898738861084,6.929898738861084,6.929898738861084,440,0.0,0.0
1999-04-07 00:00:00-04:00,6.929898738861084,6.929898738861084,6.929898738861084,6.929898738861084,0,0.0,0.0
1999-04-08 00:00:00-04:00,6.929898738861084,6.929898738861084,6.929898738861084,6.929898738861084,0,0.0,0.0
1999-04-09 00:00:00-04:00,6.929898738861084,6.929898738861084,6.929898738861084,6.929898738861084,0,0.0,0.0
1999-04-12 00:00:00-04:00,6.929898738861084,6.929898738861084,6.929898738861084,6.929898738861084,0,0.0,0.0
1999-04-13 00:00:00-04:00,6.929898738861084,6.929898738861084,6.929898738861084,6.929898738861084,0,0.0,0.0
1999-04-14 00:00:00-04:00,6.929898738861084,6.929898738861084,6.929898738861084,6.929898738861084,0,0.0,0.0
1999-04-15 00:00:00-04:00,6.929898738861084,6.929898738861084,6.929898738861084,6.929898738861084,0,0.0,0.0
1999-04-16 00:00:00-04:00,6.929898738861084,6.929898738861084,6.929898738861084,6.929898738861084,0,0.0,0.0
1999-04-19 00:00:00-04:00,6.929898738861084,6.929898738861084,6.929898738861084,6.929898738861084,0,0.0,0.0
1999-04-20 00:00:00-04:00,6.929898738861084,6.929898738861084,6.929898738861084,6.929898738861084,0,0.0,0.0
1999-04-21 00:00:00-04:00,6.929898738861084,6.929898738861084,6.929898738861084,6.929898738861084,0,0.0,0.0
1999-04-22 00:00:00-04:00,6.929898738861084,6.929898738861084,6.929898738861084,6.929898738861084,0,0.0,0.0
1999-04-23 00:00:00-04:00,6.929898738861084,6.929898738861084,6.929898738861084,6.929898738861084,0,0.0,0.0
1999-04-26 00:00:00-04:00,6.929898738861084,6.929898738861084,6.929898738861084,6.929898738861084,0,0.0,0.0
1999-04-27 00:00:00-04:00,6.929898738861084,6.929898738861084,6.929898738861084,6.929898738861084,0,0.0,0.0
1999-04-28 00:00:00-04:00,6.929898738861084,6.929898738861084,6.929898738861084,6.929898738861084,0,0.0,0.0
1999-04-29 00:00:00-04:00,6.929898738861084,6.929898738861084,6.929898738861084,6.929898738861084,0,0.0,0.0
1999-04-30 00:00:00-04:00,6.929898738861084,6.929898738861084,6.929898738861084,6.929898738861084,0,0.0,0.0
1999-05-03 00:00:00-04:00,6.929898738861084,6.929898738861084,6.929898738861084,6.929898738861084,0,0.0,0.0
1999-05-04 00:00:00-04:00,6.929898738861084,6.929898738861084,6.929898738861084,6.929898738861084,0,0.0,0.0
1999-05-05 00:00:00-04:00,6.929898738861084,6.929898738861084,6.929898738861084,6.929898738861084,0,0.0,0.0
1999-05-06 00:00:00-04:00,6.929898738861084,6.929898738861084,6.929898738861084,6.929898738861084,0,0.0,0.0
1999-05-07 00:00:00-04:00,6.929898738861084,6.929898738861084,6.929898738861084,6.929898738861084,0,0.0,0.0
1999-05-10 00:00:00-04:00,6.929898738861084,6.929898738861084,6.929898738861084,6.929898738861084,0,0.0,0.0
1999-05-11 00:00:00-04:00,6.929898738861084,6.929898738861084,6.929898738861084,6.929898738861084,0,0.0,0.0
1999-05-12 00:00:00-04:00,6.929898738861084,6.929898738861084,6.929898738861084,6.929898738861084,0,0.0,0.0
1999-05-13 00:00:00-04:00,6.929898738861084,6.929898738861084,6.929898738861084,6.929898738861084,0,0.0,0.0
1999-05-14 00:00:00-04:00,6.929898738861084,6.929898738861084,6.929898738861084,6.929898738861084,0,0.0,0.0
1999-05-17 00:00:00-04:00,6.929898738861084,6.929898738861084,6.929898738861084,6.929898738861084,0,0.0,0.0
1999-05-18 00:00:00-04:00,6.929898738861084,6.929898738861084,6.929898738861084,6.929898738861084,0,0.0,0.0
1999-05-19 00:00:00-04:00,6.929898738861084,6.929898738861084,6.929898738861084,6.929898738861084,0,0.0,0.0
1999-05-20 00:00:00-04:00,6.929898738861084,6.929898738861084,6.929898738861084,6.929898738861084,0,0.0,0.0
1999-05-21 00:00:00-04:00,6.929898738861084,6.929898738861084,6.929898738861084,6.929898738861084,0,0.0,0.0
1999-05-24 00:00:00-04:00,6.929898738861084,6.929898738861084,6.929898738861084,6.929898738861084,0,0.0,0.0
1999-05-25 00:00:00-04:00,6.929898738861084,6.929898738861084,6.929898738861084,6.929898738861084,0,0.0,0.0
1999-05-26 00:00:00-04:00,6.874004364013672,6.874004364013672,6.874004364013672,6.874004364013672,110,0.0,0.0
1999-05-27 00:00:00-04:00,6.874004364013672,6.874004364013672,6.874004364013672,6.874004364013672,0,0.0,0.0
1999-05-28 00:00:00-04:00,6.874004364013672,6.874004364013672,6.874004364013672,6.874004364013672,0,0.0,0.0
1999-06-01 00:00:00-04:00,6.874004364013672,6.874004364013672,6.874004364013672,6.874004364013672,0,0.0,0.0
1999-06-02 00:00:00-04:00,6.874004364013672,6.874004364013672,6.874004364013672,6.874004364013672,0,0.0,0.0
1999-06-03 00:00:00-04:00,6.874004364013672,6.874004364013672,6.874004364013672,6.874004364013672,0,0.0,0.0
1999-06-04 00:00:00-04:00,6.874004364013672,6.874004364013672,6.874004364013672,6.874004364013672,0,0.0,0.0
1999-06-07 00:00:00-04:00,6.874004364013672,6.874004364013672,6.874004364013672,6.874004364013672,0,0.0,0.0
1999-06-08 00:00:00-04:00,6.874004364013672,6.874004364013672,6.874004364013672,6.874004364013672,0,0.0,0.0
1999-06-09 00:00:00-04:00,6.874004364013672,6.874004364013672,6.874004364013672,6.874004364013672,0,0.0,0.0
1999-06-10 00:00:00-04:00,6.874004364013672,6.874004364013672,6.874004364013672,6.874004364013672,0,0.0,0.0
1999-06-11 00:00:00-04:00,6.874004364013672,6.874004364013672,6.874004364013672,6.874004364013672,0,0.0,0.0
1999-06-14 00:00:00-04:00,6.874004364013672,6.874004364013672,6.874004364013672,6.874004364013672,0,0.0,0.0
1999-06-15 00:00:00-04:00,6.874004364013672,6.874004364013672,6.874004364013672,6.874004364013672,0,0.0,0.0
1999-06-16 00:00:00-04:00,6.874004364013672,6.874004364013672,6.874004364013672,6.874004364013672,0,0.0,0.0
1999-06-17 00:00:00-04:00,6.874004364013672,6.874004364013672,6.874004364013672,6.874004364013672,0,0.0,0.0
1999-06-18 00:00:00-04:00,6.874004364013672,6.874004364013672,6.874004364013672,6.874004364013672,0,0.0,0.0
1999-06-21 00:00:00-04:00,6.874004364013672,6.874004364013672,6.874004364013672,6.874004364013672,0,0.0,0.0
1999-06-22 00:00:00-04:00,6.874004364013672,6.874004364013672,6.874004364013672,6.874004364013672,0,0.0,0.0
1999-06-23 00:00:00-04:00,6.874004364013672,6.874004364013672,6.874004364013672,6.874004364013672,0,0.0,0.0
1999-06-24 00:00:00-04:00,6.874004364013672,6.874004364013672,6.874004364013672,6.874004364013672,0,0.0,0.0
1999-06-25 00:00:00-04:00,6.874004364013672,6.874004364013672,6.874004364013672,6.874004364013672,0,0.0,0.0
1999-06-28 00:00:00-04:00,6.874004364013672,6.874004364013672,6.874004364013672,6.874004364013672,0,0.0,0.0
1999-06-29 00:00:00-04:00,6.874004364013672,6.874004364013672,6.874004364013672,6.874004364013672,0,0.0,0.0
1999-06-30 00:00:00-04:00,6.874004364013672,6.874004364013672,6.874004364013672,6.874004364013672,0,0.0,0.0
1999-07-01 00:00:00-04:00,6.874004364013672,6.874004364013672,6.874004364013672,6.874004364013672,0,0.0,0.0
1999-07-02 00:00:00-04:00,6.874004364013672,6.874004364013672,6.874004364013672,6.874004364013672,0,0.0,0.0
1999-07-06 00:00:00-04:00,6.874004364013672,6.874004364013672,6.874004364013672,6.874004364013672,0,0.0,0.0
1999-07-07 00:00:00-04:00,6.874004364013672,6.874004364013672,6.874004364013672,6.874004364013672,0,0.0,0.0
1999-07-08 00:00:00-04:00,6.874004364013672,6.874004364013672,6.874004364013672,6.874004364013672,0,0.0,0.0
1999-07-09 00:00:00-04:00,6.874004364013672,6.874004364013672,6.874004364013672,6.874004364013672,0,0.0,0.0
1999-07-12 00:00:00-04:00,6.874004364013672,6.874004364013672,6.874004364013672,6.874004364013672,0,0.0,0.0
1999-07-13 00:00:00-04:00,6.874004364013672,6.874004364013672,6.874004364013672,6.874004364013672,0,0.0,0.0
1999-07-14 00:00:00-04:00,6.874004364013672,6.874004364013672,6.874004364013672,6.874004364013672,0,0.0,0.0
1999-07-15 00:00:00-04:00,6.874004364013672,6.874004364013672,6.874004364013672,6.874004364013672,0,0.0,0.0
1999-07-16 00:00:00-04:00,6.874004364013672,6.874004364013672,6.874004364013672,6.874004364013672,0,0.0,0.0
1999-07-19 00:00:00-04:00,6.874004364013672,6.874004364013672,6.874004364013672,6.874004364013672,0,0.0,0.0
1999-07-20 00:00:00-04:00,6.874004364013672,6.874004364013672,6.874004364013672,6.874004364013672,0,0.0,0.0
1999-07-21 00:00:00-04:00,6.874004364013672,6.874004364013672,6.874004364013672,6.874004364013672,0,0.0,0.0
1999-07-22 00:00:00-04:00,6.874004364013672,6.874004364013672,6.874004364013672,6.874004364013672,0,0.0,0.0
1999-07-23 00:00:00-04:00,6.874004364013672,6.874004364013672,6.874004364013672,6.874004364013672,0,0.0,0.0
1999-07-26 00:00:00-04:00,6.874004364013672,6.874004364013672,6.874004364013672,6.874004364013672,0,0.0,0.0
1999-07-27 00:00:00-04:00,6.874004364013672,6.874004364013672,6.874004364013672,6.874004364013672,0,0.0,0.0
1999-07-28 00:00:00-04:00,6.874004364013672,6.874004364013672,6.874004364013672,6.874004364013672,0,0.0,0.0
1999-07-29 00:00:00-04:00,6.874004364013672,6.874004364013672,6.874004364013672,6.874004364013672,0,0.0,0.0
1999-07-30 00:00:00-04:00,6.874004364013672,6.874004364013672,6.874004364013672,6.874004364013672,0,0.0,0.0
1999-08-02 00:00:00-04:00,6.874004364013672,6.874004364013672,6.874004364013672,6.874004364013672,0,0.0,0.0
1999-08-03 00:00:00-04:00,6.874004364013672,6.874004364013672,6.874004364013672,6.874004364013672,0,0.0,0.0
1999-08-04 00:00:00-04:00,6.874004364013672,6.874004364013672,6.874004364013672,6.874004364013672,0,0.0,0.0
1999-08-05 00:00:00-04:00,6.874004364013672,6.874004364013672,6.874004364013672,6.874004364013672,0,0.0,0.0
1999-08-06 00:00:00-04:00,6.874004364013672,6.874004364013672,6.874004364013672,6.874004364013672,0,0.0,0.0
1999-08-09 00:00:00-04:00,6.874004364013672,6.874004364013672,6.874004364013672,6.874004364013672,0,0.0,0.0
1999-08-10 00:00:00-04:00,6.874004364013672,6.874004364013672,6.874004364013672,6.874004364013672,0,0.0,0.0
1999-08-11 00:00:00-04:00,6.874004364013672,6.874004364013672,6.874004364013672,6.874004364013672,0,0.0,0.0
1999-08-12 00:00:00-04:00,6.874004364013672,6.874004364013672,6.874004364013672,6.874004364013672,0,0.0,0.0
1999-08-13 00:00:00-04:00,6.874004364013672,6.874004364013672,6.874004364013672,6.874004364013672,0,0.0,0.0
1999-08-16 00:00:00-04:00,6.874004364013672,6.874004364013672,6.874004364013672,6.874004364013672,0,0.0,0.0
1999-08-17 00:00:00-04:00,6.874004364013672,6.874004364013672,6.874004364013672,6.874004364013672,0,0.0,0.0
1999-08-18 00:00:00-04:00,6.874004364013672,6.874004364013672,6.874004364013672,6.874004364013672,0,0.0,0.0
1999-08-19 00:00:00-04:00,6.874004364013672,6.874004364013672,6.874004364013672,6.874004364013672,0,0.0,0.0
1999-08-20 00:00:00-04:00,6.874004364013672,6.874004364013672,6.874004364013672,6.874004364013672,0,0.0,0.0
1999-08-23 00:00:00-04:00,6.874004364013672,6.874004364013672,6.874004364013672,6.874004364013672,0,0.0,0.0
1999-08-24 00:00:00-04:00,6.874004364013672,6.874004364013672,6.874004364013672,6.874004364013672,0,0.0,0.0
1999-08-25 00:00:00-04:00,6.874004364013672,6.874004364013672,6.874004364013672,6.874004364013672,0,0.0,0.0
1999-08-26 00:00:00-04:00,6.874004364013672,6.874004364013672,6.874004364013672,6.874004364013672,0,0.0,0.0
1999-08-27 00:00:00-04:00,6.874004364013672,6.874004364013672,6.874004364013672,6.874004364013672,0,0.0,0.0
1999-08-30 00:00:00-04:00,6.874004364013672,6.874004364013672,6.874004364013672,6.874004364013672,0,0.0,0.0
1999-08-31 00:00:00-04:00,6.874004364013672,6.874004364013672,6.874004364013672,6.874004364013672,0,0.0,0.0
1999-09-01 00:00:00-04:00,6.874004364013672,6.874004364013672,6.874004364013672,6.874004364013672,0,0.0,0.0
1999-09-02 00:00:00-04:00,6.874004364013672,6.874004364013672,6.874004364013672,6.874004364013672,0,0.0,0.0
1999-09-03 00:00:00-04:00,6.874004364013672,6.874004364013672,6.874004364013672,6.874004364013672,0,0.0,0.0
1999-09-07 00:00:00-04:00,6.874004364013672,6.874004364013672,6.874004364013672,6.874004364013672,0,0.0,0.0
1999-09-08 00:00:00-04:00,6.874004364013672,6.874004364013672,6.874004364013672,6.874004364013672,0,0.0,0.0
1999-09-09 00:00:00-04:00,6.874004364013672,6.874004364013672,6.874004364013672,6.874004364013672,0,0.0,0.0
1999-09-10 00:00:00-04:00,6.874004364013672,6.874004364013672,6.874004364013672,6.874004364013672,0,0.0,0.0
1999-09-13 00:00:00-04:00,6.874004364013672,6.874004364013672,6.874004364013672,6.874004364013672,0,0.0,0.0
1999-09-14 00:00:00-04:00,6.874004364013672,6.874004364013672,6.874004364013672,6.874004364013672,0,0.0,0.0
1999-09-15 00:00:00-04:00,6.874004364013672,6.874004364013672,6.874004364013672,6.874004364013672,0,0.0,0.0
1999-09-16 00:00:00-04:00,7.212070465087891,7.212070465087891,7.212070465087891,7.212070465087891,550,0.0,0.0
1999-09-17 00:00:00-04:00,7.212070465087891,7.212070465087891,7.212070465087891,7.212070465087891,0,0.0,0.0
1999-09-20 00:00:00-04:00,7.212070465087891,7.212070465087891,7.212070465087891,7.212070465087891,0,0.0,0.0
1999-09-21 00:00:00-04:00,7.212070465087891,7.212070465087891,7.212070465087891,7.212070465087891,0,0.0,0.0
1999-09-22 00:00:00-04:00,7.212070465087891,7.212070465087891,7.212070465087891,7.212070465087891,0,0.0,0.0
1999-09-23 00:00:00-04:00,7.212070465087891,7.212070465087891,7.212070465087891,7.212070465087891,0,0.0,0.0
1999-09-24 00:00:00-04:00,7.212070465087891,7.212070465087891,7.212070465087891,7.212070465087891,0,0.0,0.0
1999-09-27 00:00:00-04:00,6.986693761611862,6.986693761611862,6.761316299438477,6.761316299438477,770,0.0,0.0
1999-09-28 00:00:00-04:00,6.761316299438477,6.761316299438477,6.761316299438477,6.761316299438477,0,0.0,0.0
1999-09-29 00:00:00-04:00,6.761316299438477,6.761316299438477,6.761316299438477,6.761316299438477,0,0.0,0.0
1999-09-30 00:00:00-04:00,6.761316299438477,6.761316299438477,6.761316299438477,6.761316299438477,0,0.0,0.0
1999-10-01 00:00:00-04:00,6.761316299438477,6.761316299438477,6.761316299438477,6.761316299438477,0,0.0,0.0
1999-10-04 00:00:00-04:00,6.761316299438477,6.761316299438477,6.761316299438477,6.761316299438477,0,0.0,0.0
1999-10-05 00:00:00-04:00,6.761316299438477,6.761316299438477,6.761316299438477,6.761316299438477,0,0.0,0.0
1999-10-06 00:00:00-04:00,6.761316299438477,6.761316299438477,6.761316299438477,6.761316299438477,0,0.0,0.0
1999-10-07 00:00:00-04:00,6.761316299438477,6.761316299438477,6.761316299438477,6.761316299438477,0,0.0,0.0
1999-10-08 00:00:00-04:00,6.761316299438477,6.761316299438477,6.761316299438477,6.761316299438477,0,0.0,0.0
1999-10-11 00:00:00-04:00,6.761316299438477,6.761316299438477,6.761316299438477,6.761316299438477,0,0.0,0.0
1999-10-12 00:00:00-04:00,6.761316299438477,6.761316299438477,6.761316299438477,6.761316299438477,0,0.0,0.0
1999-10-13 00:00:00-04:00,6.761316299438477,6.761316299438477,6.761316299438477,6.761316299438477,0,0.0,0.0
1999-10-14 00:00:00-04:00,6.761316299438477,6.761316299438477,6.761316299438477,6.761316299438477,0,0.0,0.0
1999-10-15 00:00:00-04:00,6.761316299438477,6.761316299438477,6.761316299438477,6.761316299438477,0,0.0,0.0
1999-10-18 00:00:00-04:00,4.958298683166504,4.958298683166504,4.958298683166504,4.958298683166504,110,0.0,0.0
1999-10-19 00:00:00-04:00,4.958298683166504,4.958298683166504,4.958298683166504,4.958298683166504,0,0.0,0.0
1999-10-20 00:00:00-04:00,4.958298683166504,4.958298683166504,4.958298683166504,4.958298683166504,0,0.0,0.0
1999-10-21 00:00:00-04:00,4.958298683166504,4.958298683166504,4.958298683166504,4.958298683166504,0,0.0,0.0
1999-10-22 00:00:00-04:00,4.958298683166504,4.958298683166504,4.958298683166504,4.958298683166504,0,0.0,0.0
1999-10-25 00:00:00-04:00,4.958298683166504,4.958298683166504,4.958298683166504,4.958298683166504,0,0.0,0.0
1999-10-26 00:00:00-04:00,4.958298683166504,4.958298683166504,4.958298683166504,4.958298683166504,0,0.0,0.0
1999-10-27 00:00:00-04:00,4.958298683166504,4.958298683166504,4.958298683166504,4.958298683166504,0,0.0,0.0
1999-10-28 00:00:00-04:00,4.958298683166504,4.958298683166504,4.958298683166504,4.958298683166504,0,0.0,0.0
1999-10-29 00:00:00-04:00,4.958298683166504,4.958298683166504,4.958298683166504,4.958298683166504,0,0.0,0.0
1999-11-01 00:00:00-05:00,4.958298683166504,4.958298683166504,4.958298683166504,4.958298683166504,0,0.0,0.0
1999-11-02 00:00:00-05:00,4.958298683166504,4.958298683166504,4.958298683166504,4.958298683166504,0,0.0,0.0
1999-11-03 00:00:00-05:00,4.958298683166504,4.958298683166504,4.958298683166504,4.958298683166504,0,0.0,0.0
1999-11-04 00:00:00-05:00,4.958298683166504,4.958298683166504,4.958298683166504,4.958298683166504,0,0.0,0.0
1999-11-05 00:00:00-05:00,4.958298683166504,4.958298683166504,4.958298683166504,4.958298683166504,0,0.0,0.0
1999-11-08 00:00:00-05:00,4.958298683166504,4.958298683166504,4.958298683166504,4.958298683166504,0,0.0,0.0
1999-11-09 00:00:00-05:00,4.958298683166504,4.958298683166504,4.958298683166504,4.958298683166504,0,0.0,0.0
1999-11-10 00:00:00-05:00,4.958298683166504,4.958298683166504,4.958298683166504,4.958298683166504,0,0.0,0.0
1999-11-11 00:00:00-05:00,4.958298683166504,4.958298683166504,4.958298683166504,4.958298683166504,0,0.0,0.0
1999-11-12 00:00:00-05:00,4.958298683166504,4.958298683166504,4.958298683166504,4.958298683166504,0,0.0,0.0
1999-11-15 00:00:00-05:00,4.958298683166504,4.958298683166504,4.958298683166504,4.958298683166504,0,0.0,0.0
1999-11-16 00:00:00-05:00,4.958298683166504,4.958298683166504,4.958298683166504,4.958298683166504,0,0.0,0.0
1999-11-17 00:00:00-05:00,4.958298683166504,4.958298683166504,4.958298683166504,4.958298683166504,0,0.0,0.0
1999-11-18 00:00:00-05:00,4.958298683166504,4.958298683166504,4.958298683166504,4.958298683166504,0,0.0,0.0
1999-11-19 00:00:00-05:00,4.958298683166504,4.958298683166504,4.958298683166504,4.958298683166504,0,0.0,0.0
1999-11-22 00:00:00-05:00,4.958298683166504,4.958298683166504,4.958298683166504,4.958298683166504,0,0.0,0.0
1999-11-23 00:00:00-05:00,4.958298683166504,4.958298683166504,4.958298683166504,4.958298683166504,0,0.0,0.0
1999-11-24 00:00:00-05:00,4.958298683166504,4.958298683166504,4.958298683166504,4.958298683166504,0,0.0,0.0
1999-11-26 00:00:00-05:00,4.958298683166504,4.958298683166504,4.958298683166504,4.958298683166504,0,0.0,0.0
1999-11-29 00:00:00-05:00,4.958298683166504,4.958298683166504,4.958298683166504,4.958298683166504,0,0.0,0.0
1999-11-30 00:00:00-05:00,4.958298683166504,4.958298683166504,4.958298683166504,4.958298683166504,0,0.0,0.0
1999-12-01 00:00:00-05:00,4.958298683166504,4.958298683166504,4.958298683166504,4.958298683166504,0,0.0,0.0
1999-12-02 00:00:00-05:00,4.958298683166504,4.958298683166504,4.958298683166504,4.958298683166504,0,0.0,0.0
1999-12-03 00:00:00-05:00,4.958298683166504,4.958298683166504,4.958298683166504,4.958298683166504,0,0.0,0.0
1999-12-06 00:00:00-05:00,4.958298683166504,4.958298683166504,4.958298683166504,4.958298683166504,0,0.0,0.0
1999-12-07 00:00:00-05:00,4.958298683166504,4.958298683166504,4.958298683166504,4.958298683166504,0,0.0,0.0
1999-12-08 00:00:00-05:00,4.958298683166504,4.958298683166504,4.958298683166504,4.958298683166504,0,0.0,0.0
1999-12-09 00:00:00-05:00,4.958298683166504,4.958298683166504,4.958298683166504,4.958298683166504,0,0.0,0.0
1999-12-10 00:00:00-05:00,4.958298683166504,4.958298683166504,4.958298683166504,4.958298683166504,0,0.0,0.0
1999-12-13 00:00:00-05:00,4.958298683166504,4.958298683166504,4.958298683166504,4.958298683166504,0,0.0,0.0
1999-12-14 00:00:00-05:00,4.958298683166504,4.958298683166504,4.958298683166504,4.958298683166504,0,0.0,0.0
1999-12-15 00:00:00-05:00,4.958298683166504,4.958298683166504,4.958298683166504,4.958298683166504,0,0.0,0.0
1999-12-16 00:00:00-05:00,4.958298683166504,4.958298683166504,4.958298683166504,4.958298683166504,0,0.0,0.0
1999-12-17 00:00:00-05:00,4.958298683166504,4.958298683166504,4.958298683166504,4.958298683166504,0,0.0,0.0
1999-12-20 00:00:00-05:00,4.958298683166504,4.958298683166504,4.958298683166504,4.958298683166504,0,0.0,0.0
1999-12-21 00:00:00-05:00,4.958298683166504,4.958298683166504,4.958298683166504,4.958298683166504,0,0.0,0.0
1999-12-22 00:00:00-05:00,4.958298683166504,4.958298683166504,4.958298683166504,4.958298683166504,0,0.0,0.0
1999-12-23 00:00:00-05:00,4.958298683166504,4.958298683166504,4.958298683166504,4.958298683166504,0,0.0,0.0
1999-12-27 00:00:00-05:00,4.958298683166504,4.958298683166504,4.958298683166504,4.958298683166504,0,0.0,0.0
1999-12-28 00:00:00-05:00,4.50754451751709,4.50754451751709,4.50754451751709,4.50754451751709,110,0.0,0.0
1999-12-29 00:00:00-05:00,4.50754451751709,4.50754451751709,4.50754451751709,4.50754451751709,0,0.0,0.0
1999-12-30 00:00:00-05:00,4.50754451751709,4.50754451751709,4.50754451751709,4.50754451751709,0,0.0,0.0
1999-12-31 00:00:00-05:00,5.40905237197876,5.40905237197876,5.40905237197876,5.40905237197876,110,0.0,0.0
2000-01-03 00:00:00-05:00,5.40905237197876,5.40905237197876,5.40905237197876,5.40905237197876,0,0.0,0.0
2000-01-04 00:00:00-05:00,5.40905237197876,5.40905237197876,5.40905237197876,5.40905237197876,0,0.0,0.0
2000-01-05 00:00:00-05:00,5.40905237197876,5.40905237197876,5.40905237197876,5.40905237197876,0,0.0,0.0
2000-01-06 00:00:00-05:00,5.40905237197876,5.40905237197876,5.40905237197876,5.40905237197876,0,0.0,0.0
2000-01-07 00:00:00-05:00,5.40905237197876,5.40905237197876,5.40905237197876,5.40905237197876,0,0.0,0.0
2000-01-10 00:00:00-05:00,5.40905237197876,5.40905237197876,5.40905237197876,5.40905237197876,0,0.0,0.0
2000-01-11 00:00:00-05:00,5.40905237197876,5.40905237197876,5.40905237197876,5.40905237197876,0,0.0,0.0
2000-01-12 00:00:00-05:00,5.40905237197876,5.40905237197876,5.40905237197876,5.40905237197876,0,0.0,0.0
2000-01-13 00:00:00-05:00,5.40905237197876,5.40905237197876,5.40905237197876,5.40905237197876,0,0.0,0.0
2000-01-14 00:00:00-05:00,5.40905237197876,5.40905237197876,5.40905237197876,5.40905237197876,0,0.0,0.0
2000-01-18 00:00:00-05:00,5.40905237197876,5.40905237197876,5.40905237197876,5.40905237197876,0,0.0,0.0
2000-01-19 00:00:00-05:00,5.40905237197876,5.40905237197876,5.40905237197876,5.40905237197876,0,0.0,0.0
2000-01-20 00:00:00-05:00,5.40905237197876,5.40905237197876,5.40905237197876,5.40905237197876,0,0.0,0.0
2000-01-21 00:00:00-05:00,5.40905237197876,5.40905237197876,5.40905237197876,5.40905237197876,0,0.0,0.0
2000-01-24 00:00:00-05:00,5.40905237197876,5.40905237197876,5.40905237197876,5.40905237197876,0,0.0,0.0
2000-01-25 00:00:00-05:00,5.40905237197876,5.40905237197876,5.40905237197876,5.40905237197876,0,0.0,0.0
2000-01-26 00:00:00-05:00,5.40905237197876,5.40905237197876,5.40905237197876,5.40905237197876,0,0.0,0.0
2000-01-27 00:00:00-05:00,5.40905237197876,5.40905237197876,5.40905237197876,5.40905237197876,0,0.0,0.0
2000-01-28 00:00:00-05:00,5.40905237197876,5.40905237197876,5.40905237197876,5.40905237197876,0,0.0,0.0
2000-01-31 00:00:00-05:00,5.40905237197876,5.40905237197876,5.40905237197876,5.40905237197876,0,0.0,0.0
2000-02-01 00:00:00-05:00,5.40905237197876,5.40905237197876,5.40905237197876,5.40905237197876,0,0.0,0.0
2000-02-02 00:00:00-05:00,5.40905237197876,5.40905237197876,5.40905237197876,5.40905237197876,0,0.0,0.0
2000-02-03 00:00:00-05:00,5.40905237197876,5.40905237197876,5.40905237197876,5.40905237197876,0,0.0,0.0
2000-02-04 00:00:00-05:00,5.40905237197876,5.40905237197876,5.40905237197876,5.40905237197876,0,0.0,0.0
2000-02-07 00:00:00-05:00,4.50754451751709,4.50754451751709,4.50754451751709,4.50754451751709,550,0.0,0.0
2000-02-08 00:00:00-05:00,4.50754451751709,4.50754451751709,4.50754451751709,4.50754451751709,0,0.0,0.0
2000-02-09 00:00:00-05:00,4.50754451751709,4.50754451751709,4.50754451751709,4.50754451751709,0,0.0,0.0
2000-02-10 00:00:00-05:00,4.50754451751709,4.50754451751709,4.50754451751709,4.50754451751709,0,0.0,0.0
2000-02-11 00:00:00-05:00,4.50754451751709,4.50754451751709,4.50754451751709,4.50754451751709,0,0.0,0.0
2000-02-14 00:00:00-05:00,4.394855499267578,4.394855499267578,4.394855499267578,4.394855499267578,550,0.0,0.0
2000-02-15 00:00:00-05:00,4.394855499267578,4.394855499267578,4.394855499267578,4.394855499267578,0,0.0,0.0
2000-02-16 00:00:00-05:00,4.394855499267578,4.394855499267578,4.394855499267578,4.394855499267578,0,0.0,0.0
2000-02-17 00:00:00-05:00,4.394855499267578,4.394855499267578,4.394855499267578,4.394855499267578,0,0.0,0.0
2000-02-18 00:00:00-05:00,4.394855499267578,4.394855499267578,4.394855499267578,4.394855499267578,0,0.0,0.0
2000-02-22 00:00:00-05:00,4.394855499267578,4.394855499267578,4.394855499267578,4.394855499267578,0,0.0,0.0
2000-02-23 00:00:00-05:00,4.394855499267578,4.394855499267578,4.394855499267578,4.394855499267578,0,0.0,0.0
2000-02-24 00:00:00-05:00,4.394855499267578,4.394855499267578,4.394855499267578,4.394855499267578,0,0.0,0.0
2000-02-25 00:00:00-05:00,4.394855499267578,4.394855499267578,4.394855499267578,4.394855499267578,0,0.0,0.0
2000-02-28 00:00:00-05:00,4.394855499267578,4.394855499267578,4.394855499267578,4.394855499267578,0,0.0,0.0
2000-02-29 00:00:00-05:00,4.394855499267578,4.394855499267578,4.394855499267578,4.394855499267578,0,0.0,0.0
2000-03-01 00:00:00-05:00,4.394855499267578,4.394855499267578,4.394855499267578,4.394855499267578,0,0.0,0.0
2000-03-02 00:00:00-05:00,4.394855499267578,4.394855499267578,4.394855499267578,4.394855499267578,0,0.0,0.0
2000-03-03 00:00:00-05:00,4.394855499267578,4.394855499267578,4.394855499267578,4.394855499267578,0,0.0,0.0
2000-03-06 00:00:00-05:00,4.394855499267578,4.394855499267578,4.394855499267578,4.394855499267578,0,0.0,0.0
2000-03-07 00:00:00-05:00,4.394855499267578,4.394855499267578,4.394855499267578,4.394855499267578,0,0.0,0.0
2000-03-08 00:00:00-05:00,4.394855499267578,4.394855499267578,4.394855499267578,4.394855499267578,550,0.0,0.0
2000-03-09 00:00:00-05:00,4.394855499267578,4.394855499267578,4.394855499267578,4.394855499267578,550,0.0,0.0
2000-03-10 00:00:00-05:00,4.394855499267578,4.394855499267578,4.394855499267578,4.394855499267578,550,0.0,0.0
2000-03-13 00:00:00-05:00,4.394855499267578,4.394855499267578,4.394855499267578,4.394855499267578,0,0.0,0.0
2000-03-14 00:00:00-05:00,4.394855499267578,4.394855499267578,4.394855499267578,4.394855499267578,0,0.0,0.0
2000-03-15 00:00:00-05:00,4.394855499267578,4.394855499267578,4.394855499267578,4.394855499267578,0,0.0,0.0
2000-03-16 00:00:00-05:00,4.394855499267578,4.394855499267578,4.394855499267578,4.394855499267578,0,0.0,0.0
2000-03-17 00:00:00-05:00,4.394855499267578,4.394855499267578,4.394855499267578,4.394855499267578,0,0.0,0.0
2000-03-20 00:00:00-05:00,4.394855499267578,4.394855499267578,4.394855499267578,4.394855499267578,0,0.0,0.0
2000-03-21 00:00:00-05:00,4.394855499267578,4.394855499267578,4.394855499267578,4.394855499267578,0,0.0,0.0
2000-03-22 00:00:00-05:00,4.394855499267578,4.394855499267578,4.394855499267578,4.394855499267578,0,0.0,0.0
2000-03-23 00:00:00-05:00,4.394855499267578,4.394855499267578,4.394855499267578,4.394855499267578,0,0.0,0.0
2000-03-24 00:00:00-05:00,4.394855499267578,4.394855499267578,4.394855499267578,4.394855499267578,0,0.0,0.0
2000-03-27 00:00:00-05:00,4.394855499267578,4.394855499267578,4.394855499267578,4.394855499267578,0,0.0,0.0
2000-03-28 00:00:00-05:00,4.394855499267578,4.394855499267578,4.394855499267578,4.394855499267578,0,0.0,0.0
2000-03-29 00:00:00-05:00,4.394855499267578,4.394855499267578,4.394855499267578,4.394855499267578,0,0.0,0.0
2000-03-30 00:00:00-05:00,4.394855499267578,4.394855499267578,4.394855499267578,4.394855499267578,0,0.0,0.0
2000-03-31 00:00:00-05:00,4.394855499267578,4.394855499267578,4.394855499267578,4.394855499267578,0,0.0,0.0
2000-04-03 00:00:00-04:00,4.394855499267578,4.394855499267578,4.394855499267578,4.394855499267578,0,0.0,0.0
2000-04-04 00:00:00-04:00,4.394855499267578,4.394855499267578,4.394855499267578,4.394855499267578,0,0.0,0.0
2000-04-05 00:00:00-04:00,4.394855499267578,4.394855499267578,4.394855499267578,4.394855499267578,0,0.0,0.0
2000-04-06 00:00:00-04:00,4.394855499267578,4.394855499267578,4.394855499267578,4.394855499267578,0,0.0,0.0
2000-04-07 00:00:00-04:00,4.282166957855225,4.282166957855225,4.282166957855225,4.282166957855225,770,0.0,0.0
2000-04-10 00:00:00-04:00,4.282166957855225,4.282166957855225,4.282166957855225,4.282166957855225,0,0.0,0.0
2000-04-11 00:00:00-04:00,4.282166957855225,4.282166957855225,4.282166957855225,4.282166957855225,0,0.0,0.0
2000-04-12 00:00:00-04:00,4.282166957855225,4.282166957855225,4.282166957855225,4.282166957855225,0,0.0,0.0
2000-04-13 00:00:00-04:00,4.282166957855225,4.282166957855225,4.282166957855225,4.282166957855225,0,0.0,0.0
2000-04-14 00:00:00-04:00,4.282166957855225,4.282166957855225,4.282166957855225,4.282166957855225,0,0.0,0.0
2000-04-17 00:00:00-04:00,4.50754451751709,4.50754451751709,4.50754451751709,4.50754451751709,770,0.0,0.0
2000-04-18 00:00:00-04:00,4.50754451751709,4.50754451751709,4.50754451751709,4.50754451751709,0,0.0,0.0
2000-04-19 00:00:00-04:00,4.50754451751709,4.50754451751709,4.50754451751709,4.50754451751709,0,0.0,0.0
2000-04-20 00:00:00-04:00,4.50754451751709,4.50754451751709,4.50754451751709,4.50754451751709,0,0.0,0.0
2000-04-24 00:00:00-04:00,4.50754451751709,4.50754451751709,4.50754451751709,4.50754451751709,0,0.0,0.0
2000-04-25 00:00:00-04:00,4.50754451751709,4.50754451751709,4.50754451751709,4.50754451751709,0,0.0,0.0
2000-04-26 00:00:00-04:00,4.50754451751709,4.50754451751709,4.50754451751709,4.50754451751709,0,0.0,0.0
2000-04-27 00:00:00-04:00,4.50754451751709,4.50754451751709,4.50754451751709,4.50754451751709,0,0.0,0.0
2000-04-28 00:00:00-04:00,4.50754451751709,4.50754451751709,4.50754451751709,4.50754451751709,0,0.0,0.0
2000-05-01 00:00:00-04:00,3.944101333618164,3.944101333618164,3.944101333618164,3.944101333618164,220,0.0,0.0
2000-05-02 00:00:00-04:00,3.944101333618164,3.944101333618164,3.944101333618164,3.944101333618164,0,0.0,0.0
2000-05-03 00:00:00-04:00,3.944101333618164,3.944101333618164,3.944101333618164,3.944101333618164,0,0.0,0.0
2000-05-04 00:00:00-04:00,3.944101333618164,3.944101333618164,3.944101333618164,3.944101333618164,0,0.0,0.0
2000-05-05 00:00:00-04:00,3.944101333618164,3.944101333618164,3.944101333618164,3.944101333618164,0,0.0,0.0
2000-05-08 00:00:00-04:00,3.944101333618164,3.944101333618164,3.944101333618164,3.944101333618164,0,0.0,0.0
2000-05-09 00:00:00-04:00,3.944101333618164,3.944101333618164,3.944101333618164,3.944101333618164,0,0.0,0.0
2000-05-10 00:00:00-04:00,3.944101333618164,3.944101333618164,3.944101333618164,3.944101333618164,0,0.0,0.0
2000-05-11 00:00:00-04:00,3.944101333618164,3.944101333618164,3.944101333618164,3.944101333618164,0,0.0,0.0
2000-05-12 00:00:00-04:00,3.944101333618164,3.944101333618164,3.944101333618164,3.944101333618164,0,0.0,0.0
2000-05-15 00:00:00-04:00,3.944101333618164,3.944101333618164,3.944101333618164,3.944101333618164,0,0.0,0.0
2000-05-16 00:00:00-04:00,3.944101333618164,3.944101333618164,3.944101333618164,3.944101333618164,0,0.0,0.0
2000-05-17 00:00:00-04:00,3.944101333618164,3.944101333618164,3.944101333618164,3.944101333618164,0,0.0,0.0
2000-05-18 00:00:00-04:00,3.944101333618164,3.944101333618164,3.944101333618164,3.944101333618164,0,0.0,0.0
2000-05-19 00:00:00-04:00,3.944101333618164,3.944101333618164,3.944101333618164,3.944101333618164,0,0.0,0.0
2000-05-22 00:00:00-04:00,3.944101333618164,3.944101333618164,3.944101333618164,3.944101333618164,0,0.0,0.0
2000-05-23 00:00:00-04:00,3.944101333618164,3.944101333618164,3.944101333618164,3.944101333618164,0,0.0,0.0
2000-05-24 00:00:00-04:00,3.944101333618164,3.944101333618164,3.944101333618164,3.944101333618164,0,0.0,0.0
2000-05-25 00:00:00-04:00,3.944101333618164,3.944101333618164,3.944101333618164,3.944101333618164,0,0.0,0.0
2000-05-26 00:00:00-04:00,3.944101333618164,3.944101333618164,3.944101333618164,3.944101333618164,0,0.0,0.0
2000-05-30 00:00:00-04:00,3.944101333618164,3.944101333618164,3.944101333618164,3.944101333618164,0,0.0,0.0
2000-05-31 00:00:00-04:00,3.944101333618164,3.944101333618164,3.944101333618164,3.944101333618164,0,0.0,0.0
2000-06-01 00:00:00-04:00,3.944101333618164,3.944101333618164,3.944101333618164,3.944101333618164,0,0.0,0.0
2000-06-02 00:00:00-04:00,3.944101333618164,3.944101333618164,3.944101333618164,3.944101333618164,0,0.0,0.0
2000-06-05 00:00:00-04:00,3.944101333618164,3.944101333618164,3.944101333618164,3.944101333618164,0,0.0,0.0
2000-06-06 00:00:00-04:00,3.944101333618164,3.944101333618164,3.944101333618164,3.944101333618164,0,0.0,0.0
2000-06-07 00:00:00-04:00,3.944101333618164,3.944101333618164,3.944101333618164,3.944101333618164,0,0.0,0.0
2000-06-08 00:00:00-04:00,3.944101333618164,3.944101333618164,3.944101333618164,3.944101333618164,0,0.0,0.0
2000-06-09 00:00:00-04:00,3.944101333618164,3.944101333618164,3.944101333618164,3.944101333618164,0,0.0,0.0
2000-06-12 00:00:00-04:00,3.944101333618164,3.944101333618164,3.944101333618164,3.944101333618164,0,0.0,0.0
2000-06-13 00:00:00-04:00,3.944101333618164,3.944101333618164,3.944101333618164,3.944101333618164,0,0.0,0.0
2000-06-14 00:00:00-04:00,3.944101333618164,3.944101333618164,3.944101333618164,3.944101333618164,0,0.0,0.0
2000-06-15 00:00:00-04:00,3.944101333618164,3.944101333618164,3.944101333618164,3.944101333618164,0,0.0,0.0
2000-06-16 00:00:00-04:00,3.944101333618164,3.944101333618164,3.944101333618164,3.944101333618164,0,0.0,0.0
2000-06-19 00:00:00-04:00,3.944101333618164,3.944101333618164,3.944101333618164,3.944101333618164,0,0.0,0.0
2000-06-20 00:00:00-04:00,4.056789398193359,4.056789398193359,4.056789398193359,4.056789398193359,1100,0.0,0.0
2000-06-21 00:00:00-04:00,4.056789398193359,4.056789398193359,4.056789398193359,4.056789398193359,0,0.0,0.0
2000-06-22 00:00:00-04:00,4.056789398193359,4.056789398193359,4.056789398193359,4.056789398193359,0,0.0,0.0
2000-06-23 00:00:00-04:00,4.056789398193359,4.056789398193359,4.056789398193359,4.056789398193359,0,0.0,0.0
2000-06-26 00:00:00-04:00,4.056789398193359,4.056789398193359,4.056789398193359,4.056789398193359,0,0.0,0.0
2000-06-27 00:00:00-04:00,4.056789398193359,4.056789398193359,4.056789398193359,4.056789398193359,0,0.0,0.0
2000-06-28 00:00:00-04:00,4.056789398193359,4.056789398193359,4.056789398193359,4.056789398193359,0,0.0,0.0
2000-06-29 00:00:00-04:00,4.056789398193359,4.056789398193359,4.056789398193359,4.056789398193359,0,0.0,0.0
2000-06-30 00:00:00-04:00,4.056789398193359,4.056789398193359,4.056789398193359,4.056789398193359,0,0.0,0.0
2000-07-03 00:00:00-04:00,4.056789398193359,4.056789398193359,4.056789398193359,4.056789398193359,770,0.0,0.0
2000-07-05 00:00:00-04:00,4.056789398193359,4.056789398193359,4.056789398193359,4.056789398193359,0,0.0,0.0
2000-07-06 00:00:00-04:00,4.056789398193359,4.056789398193359,4.056789398193359,4.056789398193359,0,0.0,0.0
2000-07-07 00:00:00-04:00,4.50754451751709,4.50754451751709,4.50754451751709,4.50754451751709,1100,0.0,0.0
2000-07-10 00:00:00-04:00,4.50754451751709,4.50754451751709,4.50754451751709,4.50754451751709,0,0.0,0.0
2000-07-11 00:00:00-04:00,4.50754451751709,4.50754451751709,4.50754451751709,4.50754451751709,0,0.0,0.0
2000-07-12 00:00:00-04:00,4.50754451751709,4.50754451751709,4.50754451751709,4.50754451751709,0,0.0,0.0
2000-07-13 00:00:00-04:00,4.50754451751709,4.50754451751709,4.50754451751709,4.50754451751709,0,0.0,0.0
2000-07-14 00:00:00-04:00,4.50754451751709,4.50754451751709,4.50754451751709,4.50754451751709,0,0.0,0.0
2000-07-17 00:00:00-04:00,4.50754451751709,4.50754451751709,4.50754451751709,4.50754451751709,0,0.0,0.0
2000-07-18 00:00:00-04:00,4.50754451751709,4.50754451751709,4.50754451751709,4.50754451751709,0,0.0,0.0
2000-07-19 00:00:00-04:00,4.50754451751709,4.50754451751709,4.50754451751709,4.50754451751709,0,0.0,0.0
2000-07-20 00:00:00-04:00,4.50754451751709,4.50754451751709,4.50754451751709,4.50754451751709,0,0.0,0.0
2000-07-21 00:00:00-04:00,4.50754451751709,4.50754451751709,4.50754451751709,4.50754451751709,0,0.0,0.0
2000-07-24 00:00:00-04:00,4.50754451751709,4.50754451751709,4.50754451751709,4.50754451751709,1100,0.0,0.0
2000-07-25 00:00:00-04:00,4.50754451751709,4.50754451751709,4.50754451751709,4.50754451751709,0,0.0,0.0
2000-07-26 00:00:00-04:00,4.50754451751709,4.50754451751709,4.50754451751709,4.50754451751709,0,0.0,0.0
2000-07-27 00:00:00-04:00,4.50754451751709,4.50754451751709,4.50754451751709,4.50754451751709,0,0.0,0.0
2000-07-28 00:00:00-04:00,4.50754451751709,4.50754451751709,4.50754451751709,4.50754451751709,660,0.0,0.0
2000-07-31 00:00:00-04:00,4.50754451751709,4.50754451751709,4.50754451751709,4.50754451751709,0,0.0,0.0
2000-08-01 00:00:00-04:00,4.50754451751709,4.50754451751709,4.50754451751709,4.50754451751709,0,0.0,0.0
2000-08-02 00:00:00-04:00,4.50754451751709,4.50754451751709,4.50754451751709,4.50754451751709,0,0.0,0.0
2000-08-03 00:00:00-04:00,4.50754451751709,4.50754451751709,4.50754451751709,4.50754451751709,0,0.0,0.0
2000-08-04 00:00:00-04:00,4.50754451751709,4.50754451751709,4.50754451751709,4.50754451751709,0,0.0,0.0
2000-08-07 00:00:00-04:00,4.056789398193359,4.056789398193359,4.056789398193359,4.056789398193359,330,0.0,0.0
2000-08-08 00:00:00-04:00,4.056789398193359,4.056789398193359,4.056789398193359,4.056789398193359,0,0.0,0.0
2000-08-09 00:00:00-04:00,4.056789398193359,4.056789398193359,4.056789398193359,4.056789398193359,330,0.0,0.0
2000-08-10 00:00:00-04:00,4.056789398193359,4.056789398193359,4.056789398193359,4.056789398193359,0,0.0,0.0
2000-08-11 00:00:00-04:00,4.056789398193359,4.056789398193359,4.056789398193359,4.056789398193359,0,0.0,0.0
2000-08-14 00:00:00-04:00,4.056789398193359,4.056789398193359,4.056789398193359,4.056789398193359,0,0.0,0.0
2000-08-15 00:00:00-04:00,4.056789398193359,4.056789398193359,4.056789398193359,4.056789398193359,0,0.0,0.0
2000-08-16 00:00:00-04:00,4.056789398193359,4.056789398193359,4.056789398193359,4.056789398193359,0,0.0,0.0
2000-08-17 00:00:00-04:00,4.056789398193359,4.056789398193359,4.056789398193359,4.056789398193359,0,0.0,0.0
2000-08-18 00:00:00-04:00,4.056789398193359,4.056789398193359,4.056789398193359,4.056789398193359,0,0.0,0.0
2000-08-21 00:00:00-04:00,4.056789398193359,4.056789398193359,4.056789398193359,4.056789398193359,0,0.0,0.0
2000-08-22 00:00:00-04:00,4.056789398193359,4.056789398193359,4.056789398193359,4.056789398193359,0,0.0,0.0
2000-08-23 00:00:00-04:00,4.056789398193359,4.056789398193359,4.056789398193359,4.056789398193359,0,0.0,0.0
2000-08-24 00:00:00-04:00,4.056789398193359,4.056789398193359,4.056789398193359,4.056789398193359,0,0.0,0.0
2000-08-25 00:00:00-04:00,4.056789398193359,4.056789398193359,4.056789398193359,4.056789398193359,0,0.0,0.0
2000-08-28 00:00:00-04:00,4.056789398193359,4.056789398193359,4.056789398193359,4.056789398193359,0,0.0,0.0
2000-08-29 00:00:00-04:00,4.50754451751709,4.50754451751709,4.50754451751709,4.50754451751709,1100,0.0,0.0
2000-08-30 00:00:00-04:00,4.50754451751709,4.50754451751709,4.50754451751709,4.50754451751709,0,0.0,0.0
2000-08-31 00:00:00-04:00,4.50754451751709,4.50754451751709,4.50754451751709,4.50754451751709,0,0.0,0.0
2000-09-01 00:00:00-04:00,4.50754451751709,4.50754451751709,4.50754451751709,4.50754451751709,0,0.0,0.0
2000-09-05 00:00:00-04:00,4.50754451751709,4.50754451751709,4.50754451751709,4.50754451751709,0,0.0,0.0
2000-09-06 00:00:00-04:00,4.50754451751709,4.50754451751709,4.50754451751709,4.50754451751709,0,0.0,0.0
2000-09-07 00:00:00-04:00,4.50754451751709,4.50754451751709,4.50754451751709,4.50754451751709,0,0.0,0.0
2000-09-08 00:00:00-04:00,4.50754451751709,4.50754451751709,4.50754451751709,4.50754451751709,0,0.0,0.0
2000-09-11 00:00:00-04:00,4.50754451751709,4.50754451751709,4.50754451751709,4.50754451751709,0,0.0,0.0
2000-09-12 00:00:00-04:00,4.50754451751709,4.50754451751709,4.50754451751709,4.50754451751709,0,0.0,0.0
2000-09-13 00:00:00-04:00,4.50754451751709,4.50754451751709,4.50754451751709,4.50754451751709,0,0.0,0.0
2000-09-14 00:00:00-04:00,4.50754451751709,4.50754451751709,4.50754451751709,4.50754451751709,0,0.0,0.0
2000-09-15 00:00:00-04:00,4.50754451751709,4.50754451751709,4.50754451751709,4.50754451751709,0,0.0,0.0
2000-09-18 00:00:00-04:00,4.50754451751709,4.50754451751709,4.50754451751709,4.50754451751709,0,0.0,0.0
2000-09-19 00:00:00-04:00,4.50754451751709,4.50754451751709,4.50754451751709,4.50754451751709,0,0.0,0.0
2000-09-20 00:00:00-04:00,4.50754451751709,4.50754451751709,4.50754451751709,4.50754451751709,0,0.0,0.0
2000-09-21 00:00:00-04:00,4.50754451751709,4.50754451751709,4.50754451751709,4.50754451751709,0,0.0,0.0
2000-09-22 00:00:00-04:00,4.056789398193359,4.056789398193359,4.056789398193359,4.056789398193359,550,0.0,0.0
2000-09-25 00:00:00-04:00,4.056789398193359,4.056789398193359,4.056789398193359,4.056789398193359,0,0.0,0.0
2000-09-26 00:00:00-04:00,4.056789398193359,4.056789398193359,4.056789398193359,4.056789398193359,0,0.0,0.0
2000-09-27 00:00:00-04:00,4.056789398193359,4.056789398193359,4.056789398193359,4.056789398193359,0,0.0,0.0
2000-09-28 00:00:00-04:00,4.056789398193359,4.056789398193359,4.056789398193359,4.056789398193359,0,0.0,0.0
2000-09-29 00:00:00-04:00,4.056789398193359,4.056789398193359,4.056789398193359,4.056789398193359,0,0.0,0.0
2000-10-02 00:00:00-04:00,4.056789398193359,4.056789398193359,4.056789398193359,4.056789398193359,0,0.0,0.0
2000-10-03 00:00:00-04:00,4.056789398193359,4.056789398193359,4.056789398193359,4.056789398193359,0,0.0,0.0
2000-10-04 00:00:00-04:00,6.310561180114746,6.310561180114746,6.310561180114746,6.310561180114746,550,0.0,0.0
2000-10-05 00:00:00-04:00,5.40905237197876,5.40905237197876,5.40905237197876,5.40905237197876,1100,0.0,0.0
2000-10-06 00:00:00-04:00,5.40905237197876,5.40905237197876,5.40905237197876,5.40905237197876,0,0.0,0.0
2000-10-09 00:00:00-04:00,5.40905237197876,5.40905237197876,5.40905237197876,5.40905237197876,0,0.0,0.0
2000-10-10 00:00:00-04:00,5.40905237197876,5.40905237197876,5.40905237197876,5.40905237197876,0,0.0,0.0
2000-10-11 00:00:00-04:00,5.40905237197876,5.40905237197876,5.40905237197876,5.40905237197876,0,0.0,0.0
2000-10-12 00:00:00-04:00,5.40905237197876,5.40905237197876,5.40905237197876,5.40905237197876,0,0.0,0.0
2000-10-13 00:00:00-04:00,5.40905237197876,5.40905237197876,5.40905237197876,5.40905237197876,0,0.0,0.0
2000-10-16 00:00:00-04:00,5.40905237197876,5.40905237197876,5.40905237197876,5.40905237197876,0,0.0,0.0
2000-10-17 00:00:00-04:00,5.40905237197876,5.40905237197876,5.40905237197876,5.40905237197876,0,0.0,0.0
2000-10-18 00:00:00-04:00,5.40905237197876,5.40905237197876,5.40905237197876,5.40905237197876,0,0.0,0.0
2000-10-19 00:00:00-04:00,5.40905237197876,5.40905237197876,5.40905237197876,5.40905237197876,0,0.0,0.0
2000-10-20 00:00:00-04:00,5.40905237197876,5.40905237197876,5.40905237197876,5.40905237197876,0,0.0,0.0
2000-10-23 00:00:00-04:00,5.40905237197876,5.40905237197876,5.40905237197876,5.40905237197876,0,0.0,0.0
2000-10-24 00:00:00-04:00,5.40905237197876,5.40905237197876,5.40905237197876,5.40905237197876,0,0.0,0.0
2000-10-25 00:00:00-04:00,5.40905237197876,5.40905237197876,5.40905237197876,5.40905237197876,0,0.0,0.0
2000-10-26 00:00:00-04:00,5.40905237197876,5.40905237197876,5.40905237197876,5.40905237197876,0,0.0,0.0
2000-10-27 00:00:00-04:00,5.40905237197876,5.40905237197876,5.40905237197876,5.40905237197876,0,0.0,0.0
2000-10-30 00:00:00-05:00,5.40905237197876,5.40905237197876,5.40905237197876,5.40905237197876,0,0.0,0.0
2000-10-31 00:00:00-05:00,5.29185676574707,5.29185676574707,5.29185676574707,5.29185676574707,110,0.0,0.0
2000-11-01 00:00:00-05:00,5.29185676574707,5.29185676574707,5.29185676574707,5.29185676574707,0,0.0,0.0
2000-11-02 00:00:00-05:00,5.29185676574707,5.29185676574707,5.29185676574707,5.29185676574707,0,0.0,0.0
2000-11-03 00:00:00-05:00,5.29185676574707,5.29185676574707,5.29185676574707,5.29185676574707,0,0.0,0.0
2000-11-06 00:00:00-05:00,5.29185676574707,5.29185676574707,5.29185676574707,5.29185676574707,0,0.0,0.0
2000-11-07 00:00:00-05:00,5.29185676574707,5.29185676574707,5.29185676574707,5.29185676574707,0,0.0,0.0
2000-11-08 00:00:00-05:00,5.29185676574707,5.29185676574707,5.29185676574707,5.29185676574707,0,0.0,0.0
2000-11-09 00:00:00-05:00,5.29185676574707,5.29185676574707,5.29185676574707,5.29185676574707,1100,0.0,0.0
2000-11-10 00:00:00-05:00,5.29185676574707,5.29185676574707,5.29185676574707,5.29185676574707,0,0.0,0.0
2000-11-13 00:00:00-05:00,5.29185676574707,5.29185676574707,5.29185676574707,5.29185676574707,0,0.0,0.0
2000-11-14 00:00:00-05:00,5.29185676574707,5.29185676574707,5.29185676574707,5.29185676574707,0,0.0,0.0
2000-11-15 00:00:00-05:00,5.29185676574707,5.29185676574707,5.29185676574707,5.29185676574707,110,0.0,0.0
2000-11-16 00:00:00-05:00,5.29185676574707,5.29185676574707,5.29185676574707,5.29185676574707,0,0.0,0.0
2000-11-17 00:00:00-05:00,5.29185676574707,5.29185676574707,5.29185676574707,5.29185676574707,0,0.0,0.0
2000-11-20 00:00:00-05:00,5.29185676574707,5.29185676574707,5.29185676574707,5.29185676574707,0,0.0,0.0
2000-11-21 00:00:00-05:00,5.29185676574707,5.29185676574707,5.29185676574707,5.29185676574707,0,0.0,0.0
2000-11-22 00:00:00-05:00,5.29185676574707,5.29185676574707,5.29185676574707,5.29185676574707,0,0.0,0.0
2000-11-24 00:00:00-05:00,5.29185676574707,5.29185676574707,5.29185676574707,5.29185676574707,0,0.0,0.0
2000-11-27 00:00:00-05:00,5.29185676574707,5.29185676574707,5.29185676574707,5.29185676574707,0,0.0,0.0
2000-11-28 00:00:00-05:00,5.29185676574707,5.29185676574707,5.29185676574707,5.29185676574707,0,0.0,0.0
2000-11-29 00:00:00-05:00,5.29185676574707,5.29185676574707,5.29185676574707,5.29185676574707,0,0.0,0.0
2000-11-30 00:00:00-05:00,5.29185676574707,5.29185676574707,5.29185676574707,5.29185676574707,0,0.0,0.0
2000-12-01 00:00:00-05:00,5.29185676574707,5.29185676574707,5.29185676574707,5.29185676574707,0,0.0,0.0
2000-12-04 00:00:00-05:00,5.29185676574707,5.29185676574707,5.29185676574707,5.29185676574707,0,0.0,0.0
2000-12-05 00:00:00-05:00,5.29185676574707,5.29185676574707,5.29185676574707,5.29185676574707,0,0.0,0.0
2000-12-06 00:00:00-05:00,5.29185676574707,5.29185676574707,5.29185676574707,5.29185676574707,0,0.0,0.0
2000-12-07 00:00:00-05:00,5.29185676574707,5.29185676574707,5.29185676574707,5.29185676574707,0,0.0,0.0
2000-12-08 00:00:00-05:00,5.29185676574707,5.29185676574707,5.29185676574707,5.29185676574707,0,0.0,0.0
2000-12-11 00:00:00-05:00,5.29185676574707,5.29185676574707,5.29185676574707,5.29185676574707,0,0.0,0.0
2000-12-12 00:00:00-05:00,5.29185676574707,5.29185676574707,5.29185676574707,5.29185676574707,0,0.0,0.0
2000-12-13 00:00:00-05:00,5.29185676574707,5.29185676574707,5.29185676574707,5.29185676574707,0,0.0,0.0
2000-12-14 00:00:00-05:00,5.29185676574707,5.29185676574707,5.29185676574707,5.29185676574707,0,0.0,0.0
2000-12-15 00:00:00-05:00,5.29185676574707,5.29185676574707,5.29185676574707,5.29185676574707,0,0.0,0.0
2000-12-18 00:00:00-05:00,5.29185676574707,5.29185676574707,5.29185676574707,5.29185676574707,0,0.0,0.0
2000-12-19 00:00:00-05:00,6.0851850509643555,6.0851850509643555,6.0851850509643555,6.0851850509643555,880,0.0,0.0
2000-12-20 00:00:00-05:00,6.0851850509643555,6.0851850509643555,6.0851850509643555,6.0851850509643555,0,0.0,0.0
2000-12-21 00:00:00-05:00,6.0851850509643555,6.0851850509643555,6.0851850509643555,6.0851850509643555,0,0.0,0.0
2000-12-22 00:00:00-05:00,6.0851850509643555,6.0851850509643555,6.0851850509643555,6.0851850509643555,0,0.0,0.0
2000-12-26 00:00:00-05:00,6.0851850509643555,6.0851850509643555,6.0851850509643555,6.0851850509643555,0,0.0,0.0
2000-12-27 00:00:00-05:00,6.0851850509643555,6.0851850509643555,6.0851850509643555,6.0851850509643555,0,0.0,0.0
2000-12-28 00:00:00-05:00,6.0851850509643555,6.0851850509643555,6.0851850509643555,6.0851850509643555,0,0.0,0.0
2000-12-29 00:00:00-05:00,6.0851850509643555,6.0851850509643555,6.0851850509643555,6.0851850509643555,0,0.0,0.0
2001-01-02 00:00:00-05:00,6.0851850509643555,6.0851850509643555,6.0851850509643555,6.0851850509643555,0,0.0,0.0
2001-01-03 00:00:00-05:00,6.0851850509643555,6.0851850509643555,6.0851850509643555,6.0851850509643555,0,0.0,0.0
2001-01-04 00:00:00-05:00,6.0851850509643555,6.0851850509643555,6.0851850509643555,6.0851850509643555,0,0.0,0.0
2001-01-05 00:00:00-05:00,6.0851850509643555,6.0851850509643555,6.0851850509643555,6.0851850509643555,0,0.0,0.0
2001-01-08 00:00:00-05:00,6.0851850509643555,6.0851850509643555,6.0851850509643555,6.0851850509643555,0,0.0,0.0
2001-01-09 00:00:00-05:00,6.0851850509643555,6.0851850509643555,6.0851850509643555,6.0851850509643555,0,0.0,0.0
2001-01-10 00:00:00-05:00,6.0851850509643555,6.0851850509643555,6.0851850509643555,6.0851850509643555,0,0.0,0.0
2001-01-11 00:00:00-05:00,6.0851850509643555,6.0851850509643555,6.0851850509643555,6.0851850509643555,0,0.0,0.0
2001-01-12 00:00:00-05:00,6.0851850509643555,6.0851850509643555,6.0851850509643555,6.0851850509643555,0,0.0,0.0
2001-01-16 00:00:00-05:00,6.0851850509643555,6.0851850509643555,6.0851850509643555,6.0851850509643555,0,0.0,0.0
2001-01-17 00:00:00-05:00,6.0851850509643555,6.0851850509643555,6.0851850509643555,6.0851850509643555,0,0.0,0.0
2001-01-18 00:00:00-05:00,6.0851850509643555,6.0851850509643555,6.0851850509643555,6.0851850509643555,0,0.0,0.0
2001-01-19 00:00:00-05:00,6.0851850509643555,6.0851850509643555,6.0851850509643555,6.0851850509643555,0,0.0,0.0
2001-01-22 00:00:00-05:00,6.0851850509643555,6.0851850509643555,6.0851850509643555,6.0851850509643555,0,0.0,0.0
2001-01-23 00:00:00-05:00,6.0851850509643555,6.0851850509643555,6.0851850509643555,6.0851850509643555,0,0.0,0.0
2001-01-24 00:00:00-05:00,6.0851850509643555,6.0851850509643555,6.0851850509643555,6.0851850509643555,0,0.0,0.0
2001-01-25 00:00:00-05:00,6.0851850509643555,6.0851850509643555,6.0851850509643555,6.0851850509643555,0,0.0,0.0
2001-01-26 00:00:00-05:00,6.0851850509643555,6.0851850509643555,6.0851850509643555,6.0851850509643555,0,0.0,0.0
2001-01-29 00:00:00-05:00,6.0851850509643555,6.0851850509643555,6.0851850509643555,6.0851850509643555,0,0.0,0.0
2001-01-30 00:00:00-05:00,6.0851850509643555,6.0851850509643555,6.0851850509643555,6.0851850509643555,0,0.0,0.0
2001-01-31 00:00:00-05:00,6.0851850509643555,6.0851850509643555,6.0851850509643555,6.0851850509643555,0,0.0,0.0
2001-02-01 00:00:00-05:00,6.0851850509643555,6.0851850509643555,6.0851850509643555,6.0851850509643555,0,0.0,0.0
2001-02-02 00:00:00-05:00,6.0851850509643555,6.0851850509643555,6.0851850509643555,6.0851850509643555,0,0.0,0.0
2001-02-05 00:00:00-05:00,6.0851850509643555,6.0851850509643555,6.0851850509643555,6.0851850509643555,0,0.0,0.0
2001-02-06 00:00:00-05:00,6.0851850509643555,6.0851850509643555,6.0851850509643555,6.0851850509643555,0,0.0,0.0
2001-02-07 00:00:00-05:00,6.0851850509643555,6.0851850509643555,6.0851850509643555,6.0851850509643555,0,0.0,0.0
2001-02-08 00:00:00-05:00,6.0851850509643555,6.0851850509643555,6.0851850509643555,6.0851850509643555,0,0.0,0.0
2001-02-09 00:00:00-05:00,6.0851850509643555,6.0851850509643555,6.0851850509643555,6.0851850509643555,0,0.0,0.0
2001-02-12 00:00:00-05:00,6.0851850509643555,6.0851850509643555,6.0851850509643555,6.0851850509643555,0,0.0,0.0
2001-02-13 00:00:00-05:00,6.085185140360987,6.085185140360987,4.615724737707253,5.066479682922363,15400,0.0,0.0
2001-02-14 00:00:00-05:00,4.958298683166504,4.958298683166504,4.958298683166504,4.958298683166504,550,0.0,0.0
2001-02-15 00:00:00-05:00,4.958298683166504,4.958298683166504,4.958298683166504,4.958298683166504,0,0.0,0.0
2001-02-16 00:00:00-05:00,4.958298683166504,4.958298683166504,4.958298683166504,4.958298683166504,0,0.0,0.0
2001-02-20 00:00:00-05:00,4.958298683166504,4.958298683166504,4.958298683166504,4.958298683166504,0,0.0,0.0
2001-02-21 00:00:00-05:00,4.958298683166504,4.958298683166504,4.958298683166504,4.958298683166504,0,0.0,0.0
2001-02-22 00:00:00-05:00,4.958298683166504,4.958298683166504,4.958298683166504,4.958298683166504,0,0.0,0.0
2001-02-23 00:00:00-05:00,4.958298683166504,4.958298683166504,4.958298683166504,4.958298683166504,0,0.0,0.0
2001-02-26 00:00:00-05:00,4.958298683166504,4.958298683166504,4.958298683166504,4.958298683166504,0,0.0,0.0
2001-02-27 00:00:00-05:00,4.958298683166504,4.958298683166504,4.958298683166504,4.958298683166504,0,0.0,0.0
2001-02-28 00:00:00-05:00,4.958298683166504,4.958298683166504,4.958298683166504,4.958298683166504,0,0.0,0.0
2001-03-01 00:00:00-05:00,4.958298683166504,4.958298683166504,4.958298683166504,4.958298683166504,0,0.0,0.0
2001-03-02 00:00:00-05:00,4.958298683166504,4.958298683166504,4.958298683166504,4.958298683166504,0,0.0,0.0
2001-03-05 00:00:00-05:00,4.615724700585269,4.958298683166504,4.615724700585269,4.958298683166504,440,0.0,0.0
2001-03-06 00:00:00-05:00,4.958298683166504,4.958298683166504,4.958298683166504,4.958298683166504,0,0.0,0.0
2001-03-07 00:00:00-05:00,4.390347852144233,4.390347852144233,4.164970397949219,4.164970397949219,1210,0.0,0.0
2001-03-08 00:00:00-05:00,4.164970397949219,4.164970397949219,4.164970397949219,4.164970397949219,0,0.0,0.0
2001-03-09 00:00:00-05:00,4.164970397949219,4.164970397949219,4.164970397949219,4.164970397949219,0,0.0,0.0
2001-03-12 00:00:00-05:00,4.164970397949219,4.164970397949219,4.164970397949219,4.164970397949219,0,0.0,0.0
2001-03-13 00:00:00-05:00,4.164970397949219,4.164970397949219,4.164970397949219,4.164970397949219,0,0.0,0.0
2001-03-14 00:00:00-05:00,4.958298683166504,4.958298683166504,4.958298683166504,4.958298683166504,1100,0.0,0.0
2001-03-15 00:00:00-05:00,4.958298683166504,4.958298683166504,4.958298683166504,4.958298683166504,0,0.0,0.0
2001-03-16 00:00:00-05:00,3.6060357093811035,3.6060357093811035,3.6060357093811035,3.6060357093811035,1100,0.0,0.0
2001-03-19 00:00:00-05:00,3.6060357093811035,3.6060357093811035,3.6060357093811035,3.6060357093811035,0,0.0,0.0
2001-03-20 00:00:00-05:00,5.634429931640625,5.859807393707958,5.634429931640625,5.634429931640625,12320,0.0,0.0
2001-03-21 00:00:00-05:00,5.634429931640625,5.634429931640625,5.634429931640625,5.634429931640625,0,0.0,0.0
2001-03-22 00:00:00-05:00,5.634429931640625,5.634429931640625,5.634429931640625,5.634429931640625,0,0.0,0.0
2001-03-23 00:00:00-05:00,5.634429931640625,5.634429931640625,5.634429931640625,5.634429931640625,0,0.0,0.0
2001-03-26 00:00:00-05:00,5.634429931640625,5.634429931640625,5.634429931640625,5.634429931640625,0,0.0,0.0
2001-03-27 00:00:00-05:00,5.634429931640625,5.634429931640625,5.634429931640625,5.634429931640625,0,0.0,0.0
2001-03-28 00:00:00-05:00,5.634429931640625,5.634429931640625,5.634429931640625,5.634429931640625,0,0.0,0.0
2001-03-29 00:00:00-05:00,5.634429931640625,5.634429931640625,5.634429931640625,5.634429931640625,0,0.0,0.0
2001-03-30 00:00:00-05:00,5.634429931640625,5.634429931640625,5.634429931640625,5.634429931640625,0,0.0,0.0
2001-04-02 00:00:00-04:00,5.634429931640625,5.634429931640625,5.634429931640625,5.634429931640625,0,0.0,0.0
2001-04-03 00:00:00-04:00,5.634429931640625,5.634429931640625,5.634429931640625,5.634429931640625,0,0.0,0.0
2001-04-04 00:00:00-04:00,5.634429931640625,5.634429931640625,5.634429931640625,5.634429931640625,0,0.0,0.0
2001-04-05 00:00:00-04:00,5.634429931640625,5.634429931640625,5.634429931640625,5.634429931640625,0,0.0,0.0
2001-04-06 00:00:00-04:00,5.634429931640625,5.634429931640625,5.634429931640625,5.634429931640625,0,0.0,0.0
2001-04-09 00:00:00-04:00,5.634429931640625,5.634429931640625,5.634429931640625,5.634429931640625,0,0.0,0.0
2001-04-10 00:00:00-04:00,5.634429931640625,5.634429931640625,5.634429931640625,5.634429931640625,0,0.0,0.0
2001-04-11 00:00:00-04:00,5.634429931640625,5.634429931640625,5.634429931640625,5.634429931640625,0,0.0,0.0
2001-04-12 00:00:00-04:00,5.634429931640625,5.634429931640625,5.634429931640625,5.634429931640625,0,0.0,0.0
2001-04-16 00:00:00-04:00,5.634429931640625,5.634429931640625,5.634429931640625,5.634429931640625,0,0.0,0.0
2001-04-17 00:00:00-04:00,5.634429931640625,5.634429931640625,5.634429931640625,5.634429931640625,0,0.0,0.0
2001-04-18 00:00:00-04:00,5.634429931640625,5.634429931640625,5.634429931640625,5.634429931640625,0,0.0,0.0
2001-04-19 00:00:00-04:00,5.634429931640625,5.634429931640625,5.634429931640625,5.634429931640625,0,0.0,0.0
2001-04-20 00:00:00-04:00,5.634429931640625,5.634429931640625,5.634429931640625,5.634429931640625,0,0.0,0.0
2001-04-23 00:00:00-04:00,5.634429931640625,5.634429931640625,5.634429931640625,5.634429931640625,0,0.0,0.0
2001-04-24 00:00:00-04:00,5.634429931640625,5.634429931640625,5.634429931640625,5.634429931640625,0,0.0,0.0
2001-04-25 00:00:00-04:00,5.634429931640625,5.634429931640625,5.634429931640625,5.634429931640625,0,0.0,0.0
2001-04-26 00:00:00-04:00,5.634429931640625,5.634429931640625,5.634429931640625,5.634429931640625,0,0.0,0.0
2001-04-27 00:00:00-04:00,5.634429931640625,5.634429931640625,5.634429931640625,5.634429931640625,0,0.0,0.0
2001-04-30 00:00:00-04:00,5.634429931640625,5.634429931640625,5.634429931640625,5.634429931640625,0,0.0,0.0
2001-05-01 00:00:00-04:00,5.634429931640625,5.634429931640625,5.634429931640625,5.634429931640625,0,0.0,0.0
2001-05-02 00:00:00-04:00,5.634429931640625,5.634429931640625,5.634429931640625,5.634429931640625,0,0.0,0.0
2001-05-03 00:00:00-04:00,5.634429931640625,5.634429931640625,5.634429931640625,5.634429931640625,0,0.0,0.0
2001-05-04 00:00:00-04:00,5.634429931640625,5.634429931640625,5.634429931640625,5.634429931640625,0,0.0,0.0
2001-05-07 00:00:00-04:00,5.634429931640625,5.634429931640625,5.634429931640625,5.634429931640625,0,0.0,0.0
2001-05-08 00:00:00-04:00,5.634429931640625,5.634429931640625,5.634429931640625,5.634429931640625,0,0.0,0.0
2001-05-09 00:00:00-04:00,5.634429931640625,5.634429931640625,5.634429931640625,5.634429931640625,0,0.0,0.0
2001-05-10 00:00:00-04:00,5.634429931640625,5.634429931640625,5.634429931640625,5.634429931640625,0,0.0,0.0
2001-05-11 00:00:00-04:00,5.634429931640625,5.634429931640625,5.634429931640625,5.634429931640625,0,0.0,0.0
2001-05-14 00:00:00-04:00,5.634429931640625,5.634429931640625,5.634429931640625,5.634429931640625,0,0.0,0.0
2001-05-15 00:00:00-04:00,5.634429931640625,5.634429931640625,5.634429931640625,5.634429931640625,0,0.0,0.0
2001-05-16 00:00:00-04:00,5.634429931640625,5.634429931640625,5.634429931640625,5.634429931640625,0,0.0,0.0
2001-05-17 00:00:00-04:00,5.634429931640625,5.634429931640625,5.634429931640625,5.634429931640625,0,0.0,0.0
2001-05-18 00:00:00-04:00,5.634429931640625,5.634429931640625,5.634429931640625,5.634429931640625,0,0.0,0.0
2001-05-21 00:00:00-04:00,5.634429931640625,5.634429931640625,5.634429931640625,5.634429931640625,0,0.0,0.0
2001-05-22 00:00:00-04:00,5.634429931640625,5.634429931640625,5.634429931640625,5.634429931640625,0,0.0,0.0
2001-05-23 00:00:00-04:00,3.6060357093811035,3.6060357093811035,3.6060357093811035,3.6060357093811035,110,0.0,0.0
2001-05-24 00:00:00-04:00,3.6060357093811035,3.6060357093811035,3.6060357093811035,3.6060357093811035,0,0.0,0.0
2001-05-25 00:00:00-04:00,3.6060357093811035,3.6060357093811035,3.6060357093811035,3.6060357093811035,0,0.0,0.0
2001-05-29 00:00:00-04:00,3.6060357093811035,3.6060357093811035,3.6060357093811035,3.6060357093811035,0,0.0,0.0
2001-05-30 00:00:00-04:00,3.6060357093811035,3.6060357093811035,3.6060357093811035,3.6060357093811035,0,0.0,0.0
2001-05-31 00:00:00-04:00,3.6060357093811035,3.6060357093811035,3.6060357093811035,3.6060357093811035,0,0.0,0.0
2001-06-01 00:00:00-04:00,3.6060357093811035,3.6060357093811035,3.6060357093811035,3.6060357093811035,0,0.0,0.0
2001-06-04 00:00:00-04:00,3.6060357093811035,3.6060357093811035,3.6060357093811035,3.6060357093811035,0,0.0,0.0
2001-06-05 00:00:00-04:00,3.6060357093811035,3.6060357093811035,3.6060357093811035,3.6060357093811035,0,0.0,0.0
2001-06-06 00:00:00-04:00,3.6060357093811035,3.6060357093811035,3.6060357093811035,3.6060357093811035,0,0.0,0.0
2001-06-07 00:00:00-04:00,3.6060357093811035,3.6060357093811035,3.6060357093811035,3.6060357093811035,0,0.0,0.0
2001-06-08 00:00:00-04:00,3.6060357093811035,3.6060357093811035,3.6060357093811035,3.6060357093811035,0,0.0,0.0
2001-06-11 00:00:00-04:00,3.6060357093811035,3.6060357093811035,3.6060357093811035,3.6060357093811035,0,0.0,0.0
2001-06-12 00:00:00-04:00,3.6060357093811035,3.6060357093811035,3.6060357093811035,3.6060357093811035,0,0.0,0.0
2001-06-13 00:00:00-04:00,3.6961863040924072,3.8314120210326292,3.6961863040924072,3.6961863040924072,10230,0.0,0.0
2001-06-14 00:00:00-04:00,3.6961865212170872,3.6961865212170872,3.6511106491088867,3.6511106491088867,8800,0.0,0.0
2001-06-15 00:00:00-04:00,3.6511106491088867,3.6511106491088867,3.6511106491088867,3.6511106491088867,0,0.0,0.0
2001-06-18 00:00:00-04:00,3.6511106491088867,3.6511106491088867,3.6511106491088867,3.6511106491088867,0,0.0,0.0
2001-06-19 00:00:00-04:00,2.938918352127075,2.938918352127075,2.938918352127075,2.938918352127075,550,0.0,0.0
2001-06-20 00:00:00-04:00,2.938918352127075,2.938918352127075,2.938918352127075,2.938918352127075,0,0.0,0.0
2001-06-21 00:00:00-04:00,2.938918352127075,2.938918352127075,2.938918352127075,2.938918352127075,0,0.0,0.0
2001-06-22 00:00:00-04:00,2.938918352127075,2.938918352127075,2.938918352127075,2.938918352127075,0,0.0,0.0
2001-06-25 00:00:00-04:00,2.938918352127075,2.938918352127075,2.938918352127075,2.938918352127075,0,0.0,0.0
2001-06-26 00:00:00-04:00,2.938918352127075,2.938918352127075,2.938918352127075,2.938918352127075,0,0.0,0.0
2001-06-27 00:00:00-04:00,2.938918352127075,2.938918352127075,2.938918352127075,2.938918352127075,0,0.0,0.0
2001-06-28 00:00:00-04:00,4.372317790985107,4.372317790985107,4.372317790985107,4.372317790985107,3190,0.0,0.0
2001-06-29 00:00:00-04:00,4.372317790985107,4.372317790985107,4.372317790985107,4.372317790985107,0,0.0,0.0
2001-07-02 00:00:00-04:00,3.6060357093811035,3.6060357093811035,3.6060357093811035,3.6060357093811035,550,0.0,0.0
2001-07-03 00:00:00-04:00,3.6060357093811035,3.6060357093811035,3.6060357093811035,3.6060357093811035,0,0.0,0.0
2001-07-05 00:00:00-04:00,3.6961863040924072,3.6961863040924072,3.6961863040924072,3.6961863040924072,550,0.0,0.0
2001-07-06 00:00:00-04:00,3.6961863040924072,3.6961863040924072,3.6961863040924072,3.6961863040924072,0,0.0,0.0
2001-07-09 00:00:00-04:00,3.6961863040924072,3.6961863040924072,3.6961863040924072,3.6961863040924072,0,0.0,0.0
2001-07-10 00:00:00-04:00,3.6961863040924072,3.6961863040924072,3.6961863040924072,3.6961863040924072,0,0.0,0.0
2001-07-11 00:00:00-04:00,3.6961863040924072,3.6961863040924072,3.6961863040924072,3.6961863040924072,0,0.0,0.0
2001-07-12 00:00:00-04:00,3.6961863040924072,3.6961863040924072,3.6961863040924072,3.6961863040924072,0,0.0,0.0
2001-07-13 00:00:00-04:00,3.6961863040924072,3.6961863040924072,3.6961863040924072,3.6961863040924072,0,0.0,0.0
2001-07-16 00:00:00-04:00,3.6961863040924072,3.6961863040924072,3.6961863040924072,3.6961863040924072,0,0.0,0.0
2001-07-17 00:00:00-04:00,3.6961863040924072,3.6961863040924072,3.6961863040924072,3.6961863040924072,0,0.0,0.0
2001-07-18 00:00:00-04:00,3.687171220779419,3.687171220779419,3.687171220779419,3.687171220779419,220,0.0,0.0
2001-07-19 00:00:00-04:00,3.687171220779419,3.687171220779419,3.687171220779419,3.687171220779419,0,0.0,0.0
2001-07-20 00:00:00-04:00,3.687171220779419,3.687171220779419,3.687171220779419,3.687171220779419,0,0.0,0.0
2001-07-23 00:00:00-04:00,3.687171220779419,3.687171220779419,3.687171220779419,3.687171220779419,0,0.0,0.0
2001-07-24 00:00:00-04:00,3.687171220779419,3.687171220779419,3.687171220779419,3.687171220779419,0,0.0,0.0
2001-07-25 00:00:00-04:00,3.687171220779419,3.687171220779419,3.687171220779419,3.687171220779419,0,0.0,0.0
2001-07-26 00:00:00-04:00,3.687171220779419,3.687171220779419,3.687171220779419,3.687171220779419,0,0.0,0.0
2001-07-27 00:00:00-04:00,3.687171220779419,3.687171220779419,3.687171220779419,3.687171220779419,0,0.0,0.0
2001-07-30 00:00:00-04:00,3.687171220779419,3.687171220779419,3.687171220779419,3.687171220779419,0,0.0,0.0
2001-07-31 00:00:00-04:00,3.687171220779419,3.687171220779419,3.687171220779419,3.687171220779419,0,0.0,0.0
2001-08-01 00:00:00-04:00,3.687171220779419,3.687171220779419,3.687171220779419,3.687171220779419,0,0.0,0.0
2001-08-02 00:00:00-04:00,3.687171220779419,3.687171220779419,3.687171220779419,3.687171220779419,0,0.0,0.0
2001-08-03 00:00:00-04:00,3.687171220779419,3.687171220779419,3.687171220779419,3.687171220779419,0,0.0,0.0
2001-08-06 00:00:00-04:00,3.687171220779419,3.687171220779419,3.687171220779419,3.687171220779419,0,0.0,0.0
2001-08-07 00:00:00-04:00,3.4798240661621094,3.4798240661621094,3.4798240661621094,3.4798240661621094,220,0.0,0.0
2001-08-08 00:00:00-04:00,3.777322225889828,3.777322225889828,3.6060357093811035,3.6060357093811035,3850,0.0,0.0
2001-08-09 00:00:00-04:00,3.6060357093811035,3.6060357093811035,3.6060357093811035,3.6060357093811035,0,0.0,0.0
2001-08-10 00:00:00-04:00,3.6060357093811035,3.6060357093811035,3.6060357093811035,3.6060357093811035,0,0.0,0.0
2001-08-13 00:00:00-04:00,3.6060357093811035,3.6060357093811035,3.6060357093811035,3.6060357093811035,0,0.0,0.0
2001-08-14 00:00:00-04:00,3.6060357093811035,3.6060357093811035,3.6060357093811035,3.6060357093811035,0,0.0,0.0
2001-08-15 00:00:00-04:00,3.6060357093811035,3.6060357093811035,3.6060357093811035,3.6060357093811035,0,0.0,0.0
2001-08-16 00:00:00-04:00,3.687171220779419,3.687171220779419,3.687171220779419,3.687171220779419,550,0.0,0.0
2001-08-17 00:00:00-04:00,3.687171220779419,3.687171220779419,3.687171220779419,3.687171220779419,0,0.0,0.0
2001-08-20 00:00:00-04:00,3.687171220779419,3.687171220779419,3.687171220779419,3.687171220779419,0,0.0,0.0
2001-08-21 00:00:00-04:00,3.687171220779419,3.687171220779419,3.687171220779419,3.687171220779419,0,0.0,0.0
2001-08-22 00:00:00-04:00,3.687171220779419,3.687171220779419,3.687171220779419,3.687171220779419,0,0.0,0.0
2001-08-23 00:00:00-04:00,3.687171220779419,3.687171220779419,3.687171220779419,3.687171220779419,0,0.0,0.0
2001-08-24 00:00:00-04:00,3.687171220779419,3.687171220779419,3.687171220779419,3.687171220779419,0,0.0,0.0
2001-08-27 00:00:00-04:00,3.687171220779419,3.687171220779419,3.687171220779419,3.687171220779419,0,0.0,0.0
2001-08-28 00:00:00-04:00,3.687171220779419,3.687171220779419,3.687171220779419,3.687171220779419,0,0.0,0.0
2001-08-29 00:00:00-04:00,3.687171220779419,3.687171220779419,3.687171220779419,3.687171220779419,0,0.0,0.0
2001-08-30 00:00:00-04:00,3.687171220779419,3.687171220779419,3.687171220779419,3.687171220779419,0,0.0,0.0
2001-08-31 00:00:00-04:00,3.687171220779419,3.687171220779419,3.687171220779419,3.687171220779419,0,0.0,0.0
2001-09-04 00:00:00-04:00,3.687171220779419,3.687171220779419,3.687171220779419,3.687171220779419,0,0.0,0.0
2001-09-05 00:00:00-04:00,3.687171220779419,3.687171220779419,3.687171220779419,3.687171220779419,0,0.0,0.0
2001-09-06 00:00:00-04:00,3.669140981766658,3.669140981766658,3.4888393878936768,3.4888393878936768,1210,0.0,0.0
2001-09-07 00:00:00-04:00,3.4888393878936768,3.4888393878936768,3.4888393878936768,3.4888393878936768,0,0.0,0.0
2001-09-10 00:00:00-04:00,3.4888393878936768,3.4888393878936768,3.4888393878936768,3.4888393878936768,0,0.0,0.0
2001-09-17 00:00:00-04:00,3.6691410541534424,3.6691410541534424,3.6691410541534424,3.6691410541534424,110,0.0,0.0
2001-09-18 00:00:00-04:00,3.6691410541534424,3.6691410541534424,3.6691410541534424,3.6691410541534424,0,0.0,0.0
2001-09-19 00:00:00-04:00,3.6691410541534424,3.6691410541534424,3.6691410541534424,3.6691410541534424,0,0.0,0.0
2001-09-20 00:00:00-04:00,3.6691410541534424,3.6691410541534424,3.6691410541534424,3.6691410541534424,0,0.0,0.0
2001-09-21 00:00:00-04:00,3.4798240661621094,3.4798240661621094,3.4798240661621094,3.4798240661621094,550,0.0,0.0
2001-09-24 00:00:00-04:00,3.4798240661621094,3.4798240661621094,3.4798240661621094,3.4798240661621094,0,0.0,0.0
2001-09-25 00:00:00-04:00,3.4798240661621094,3.4798240661621094,3.4798240661621094,3.4798240661621094,0,0.0,0.0
2001-09-26 00:00:00-04:00,3.4798240661621094,3.4798240661621094,3.4798240661621094,3.4798240661621094,0,0.0,0.0
2001-09-27 00:00:00-04:00,3.4798240661621094,3.4798240661621094,3.4798240661621094,3.4798240661621094,0,0.0,0.0
2001-09-28 00:00:00-04:00,3.903533458709717,3.903533458709717,3.903533458709717,3.903533458709717,550,0.0,0.0
2001-10-01 00:00:00-04:00,3.6961863040924072,3.6961863040924072,3.6961863040924072,3.6961863040924072,550,0.0,0.0
2001-10-02 00:00:00-04:00,3.6961863040924072,3.6961863040924072,3.6961863040924072,3.6961863040924072,0,0.0,0.0
2001-10-03 00:00:00-04:00,3.6961863040924072,3.6961863040924072,3.6961863040924072,3.6961863040924072,0,0.0,0.0
2001-10-04 00:00:00-04:00,3.6961863040924072,3.6961863040924072,3.6961863040924072,3.6961863040924072,0,0.0,0.0
2001-10-05 00:00:00-04:00,3.6961863040924072,3.6961863040924072,3.6961863040924072,3.6961863040924072,0,0.0,0.0
2001-10-08 00:00:00-04:00,3.7052013874053955,3.7052013874053955,3.7052013874053955,3.7052013874053955,1100,0.0,0.0
2001-10-09 00:00:00-04:00,3.7052013874053955,3.7052013874053955,3.7052013874053955,3.7052013874053955,0,0.0,0.0
2001-10-10 00:00:00-04:00,3.7052013874053955,3.7052013874053955,3.7052013874053955,3.7052013874053955,0,0.0,0.0
2001-10-11 00:00:00-04:00,3.7052013874053955,3.7052013874053955,3.7052013874053955,3.7052013874053955,0,0.0,0.0
2001-10-12 00:00:00-04:00,3.7052013874053955,3.7052013874053955,3.7052013874053955,3.7052013874053955,0,0.0,0.0
2001-10-15 00:00:00-04:00,3.7052013874053955,3.7052013874053955,3.7052013874053955,3.7052013874053955,0,0.0,0.0
2001-10-16 00:00:00-04:00,3.7052013874053955,3.7052013874053955,3.7052013874053955,3.7052013874053955,0,0.0,0.0
2001-10-17 00:00:00-04:00,3.6961863040924072,3.6961863040924072,3.6961863040924072,3.6961863040924072,2200,0.0,0.0
2001-10-18 00:00:00-04:00,3.6961863040924072,3.6961863040924072,3.6961863040924072,3.6961863040924072,0,0.0,0.0
2001-10-19 00:00:00-04:00,3.6961863040924072,3.6961863040924072,3.6961863040924072,3.6961863040924072,0,0.0,0.0
2001-10-22 00:00:00-04:00,3.6961863040924072,3.6961863040924072,3.6961863040924072,3.6961863040924072,0,0.0,0.0
2001-10-23 00:00:00-04:00,3.6961863040924072,3.6961863040924072,3.6961863040924072,3.6961863040924072,0,0.0,0.0
2001-10-24 00:00:00-04:00,3.6961863040924072,3.6961863040924072,3.6961863040924072,3.6961863040924072,0,0.0,0.0
2001-10-25 00:00:00-04:00,3.6961863040924072,3.6961863040924072,3.6961863040924072,3.6961863040924072,0,0.0,0.0
2001-10-26 00:00:00-04:00,3.6961863040924072,3.6961863040924072,3.6961863040924072,3.6961863040924072,0,0.0,0.0
2001-10-29 00:00:00-05:00,3.6961863040924072,3.6961863040924072,3.6961863040924072,3.6961863040924072,1100,0.0,0.0
2001-10-30 00:00:00-05:00,3.6961863040924072,3.6961863040924072,3.6961863040924072,3.6961863040924072,0,0.0,0.0
2001-10-31 00:00:00-05:00,3.6961863040924072,3.6961863040924072,3.6961863040924072,3.6961863040924072,0,0.0,0.0
2001-11-01 00:00:00-05:00,3.542929406140686,3.6330802034065734,3.5158848762512207,3.5158848762512207,6600,0.0,0.0
2001-11-02 00:00:00-05:00,3.5158848762512207,3.5158848762512207,3.5158848762512207,3.5158848762512207,0,0.0,0.0
2001-11-05 00:00:00-05:00,3.155280590057373,3.155280590057373,3.155280590057373,3.155280590057373,110,0.0,0.0
2001-11-06 00:00:00-05:00,3.155280590057373,3.155280590057373,3.155280590057373,3.155280590057373,0,0.0,0.0
2001-11-07 00:00:00-05:00,3.155280590057373,3.155280590057373,3.155280590057373,3.155280590057373,0,0.0,0.0
2001-11-08 00:00:00-05:00,3.155280753832494,3.560959815979004,3.155280753832494,3.560959815979004,1870,0.0,0.0
2001-11-09 00:00:00-05:00,3.560959815979004,3.560959815979004,3.560959815979004,3.560959815979004,0,0.0,0.0
2001-11-12 00:00:00-05:00,3.560959815979004,3.560959815979004,3.560959815979004,3.560959815979004,0,0.0,0.0
2001-11-13 00:00:00-05:00,2.8848283065028615,3.1372502986401636,2.7946775105859336,2.839752435684204,8030,0.0,0.0
2001-11-14 00:00:00-05:00,3.1552807189542835,3.1552807189542835,2.8848283290863037,2.8848283290863037,2200,0.0,0.0
2001-11-15 00:00:00-05:00,3.155280590057373,3.155280590057373,3.155280590057373,3.155280590057373,7150,0.0,0.0
2001-11-16 00:00:00-05:00,3.155280590057373,3.155280590057373,3.155280590057373,3.155280590057373,3410,0.0,0.0
2001-11-19 00:00:00-05:00,2.9749791257089635,2.9749791257089635,2.8848283290863037,2.8848283290863037,2200,0.0,0.0
2001-11-20 00:00:00-05:00,2.7496016025543213,2.7496016025543213,2.7496016025543213,2.7496016025543213,3080,0.0,0.0
2001-11-21 00:00:00-05:00,2.7496016025543213,2.7496016025543213,2.7496016025543213,2.7496016025543213,0,0.0,0.0
2001-11-23 00:00:00-05:00,2.7496016025543213,2.7496016025543213,2.7496016025543213,2.7496016025543213,0,0.0,0.0
2001-11-26 00:00:00-05:00,2.7496016025543213,2.7496016025543213,2.7496016025543213,2.7496016025543213,0,0.0,0.0
2001-11-27 00:00:00-05:00,2.7496016025543213,2.7496016025543213,2.7496016025543213,2.7496016025543213,0,0.0,0.0
2001-11-28 00:00:00-05:00,2.704526662826538,2.704526662826538,2.704526662826538,2.704526662826538,2200,0.0,0.0
2001-11-29 00:00:00-05:00,2.794677495956421,2.794677495956421,2.794677495956421,2.794677495956421,550,0.0,0.0
2001-11-30 00:00:00-05:00,2.6143758296966553,2.6143758296966553,2.6143758296966553,2.6143758296966553,110,0.0,0.0
2001-12-03 00:00:00-05:00,2.6143758296966553,2.6143758296966553,2.6143758296966553,2.6143758296966553,0,0.0,0.0
2001-12-04 00:00:00-05:00,2.794677495956421,2.794677495956421,2.794677495956421,2.794677495956421,550,0.0,0.0
2001-12-05 00:00:00-05:00,2.794677495956421,2.794677495956421,2.794677495956421,2.794677495956421,0,0.0,0.0
2001-12-06 00:00:00-05:00,2.794677495956421,2.794677495956421,2.794677495956421,2.794677495956421,0,0.0,0.0
2001-12-07 00:00:00-05:00,2.794677495956421,2.794677495956421,2.794677495956421,2.794677495956421,0,0.0,0.0
2001-12-10 00:00:00-05:00,2.794677495956421,2.794677495956421,2.794677495956421,2.794677495956421,0,0.0,0.0
2001-12-11 00:00:00-05:00,2.794677495956421,2.794677495956421,2.794677495956421,2.794677495956421,0,0.0,0.0
2001-12-12 00:00:00-05:00,2.794677495956421,2.794677495956421,2.794677495956421,2.794677495956421,0,0.0,0.0
2001-12-13 00:00:00-05:00,2.839752506419352,3.6060357093811035,2.839752506419352,3.6060357093811035,4950,0.0,0.0
2001-12-14 00:00:00-05:00,3.606035614013672,6.3105613788035395,3.606035614013672,4.50754451751709,11220,0.0,0.0
2001-12-17 00:00:00-05:00,4.552619224036107,4.552619224036107,4.056789398193359,4.056789398193359,550,0.0,0.0
2001-12-18 00:00:00-05:00,4.056789398193359,4.056789398193359,4.056789398193359,4.056789398193359,0,0.0,0.0
2001-12-19 00:00:00-05:00,4.056789398193359,4.056789398193359,4.056789398193359,4.056789398193359,0,0.0,0.0
2001-12-20 00:00:00-05:00,4.056789398193359,4.056789398193359,4.056789398193359,4.056789398193359,0,0.0,0.0
2001-12-21 00:00:00-05:00,4.056789398193359,4.056789398193359,4.056789398193359,4.056789398193359,0,0.0,0.0
2001-12-24 00:00:00-05:00,4.056789398193359,4.056789398193359,4.056789398193359,4.056789398193359,0,0.0,0.0
2001-12-26 00:00:00-05:00,4.056789398193359,4.056789398193359,4.056789398193359,4.056789398193359,0,0.0,0.0
2001-12-27 00:00:00-05:00,4.056789398193359,4.056789398193359,4.056789398193359,4.056789398193359,0,0.0,0.0
2001-12-28 00:00:00-05:00,4.056789398193359,4.056789398193359,4.056789398193359,4.056789398193359,0,0.0,0.0
2001-12-31 00:00:00-05:00,4.056789398193359,4.056789398193359,4.056789398193359,4.056789398193359,0,0.0,0.0
2002-01-02 00:00:00-05:00,4.056789398193359,4.056789398193359,4.056789398193359,4.056789398193359,0,0.0,0.0
2002-01-03 00:00:00-05:00,4.056789398193359,4.056789398193359,4.056789398193359,4.056789398193359,0,0.0,0.0
2002-01-04 00:00:00-05:00,4.056789398193359,4.056789398193359,4.056789398193359,4.056789398193359,0,0.0,0.0
2002-01-07 00:00:00-05:00,4.056789398193359,4.056789398193359,4.056789398193359,4.056789398193359,0,0.0,0.0
2002-01-08 00:00:00-05:00,4.50754451751709,4.50754451751709,4.50754451751709,4.50754451751709,550,0.0,0.0
2002-01-09 00:00:00-05:00,4.50754451751709,4.50754451751709,4.50754451751709,4.50754451751709,0,0.0,0.0
2002-01-10 00:00:00-05:00,4.50754451751709,4.50754451751709,4.50754451751709,4.50754451751709,0,0.0,0.0
2002-01-11 00:00:00-05:00,4.50754451751709,4.50754451751709,4.50754451751709,4.50754451751709,0,0.0,0.0
2002-01-14 00:00:00-05:00,4.282167055211139,4.50754451751709,4.056789592905188,4.50754451751709,2970,0.0,0.0
2002-01-15 00:00:00-05:00,4.50754451751709,4.50754451751709,4.50754451751709,4.50754451751709,0,0.0,0.0
2002-01-16 00:00:00-05:00,4.50754451751709,4.50754451751709,4.50754451751709,4.50754451751709,0,0.0,0.0
2002-01-17 00:00:00-05:00,4.50754451751709,4.50754451751709,4.50754451751709,4.50754451751709,0,0.0,0.0
2002-01-18 00:00:00-05:00,4.056789398193359,4.056789398193359,4.056789398193359,4.056789398193359,110,0.0,0.0
2002-01-22 00:00:00-05:00,4.056789398193359,4.056789398193359,4.056789398193359,4.056789398193359,0,0.0,0.0
2002-01-23 00:00:00-05:00,4.056789398193359,4.056789398193359,4.056789398193359,4.056789398193359,0,0.0,0.0
2002-01-24 00:00:00-05:00,4.056789398193359,4.056789398193359,4.056789398193359,4.056789398193359,0,0.0,0.0
2002-01-25 00:00:00-05:00,4.056789398193359,4.056789398193359,4.056789398193359,4.056789398193359,0,0.0,0.0
2002-01-28 00:00:00-05:00,4.056789398193359,4.056789398193359,4.056789398193359,4.056789398193359,0,0.0,0.0
2002-01-29 00:00:00-05:00,4.056789398193359,4.056789398193359,4.056789398193359,4.056789398193359,0,0.0,0.0
2002-01-30 00:00:00-05:00,4.50754451751709,4.50754451751709,4.50754451751709,4.50754451751709,330,0.0,0.0
2002-01-31 00:00:00-05:00,4.50754451751709,4.50754451751709,4.50754451751709,4.50754451751709,0,0.0,0.0
2002-02-01 00:00:00-05:00,4.50754451751709,4.50754451751709,4.50754451751709,4.50754451751709,0,0.0,0.0
2002-02-04 00:00:00-05:00,4.50754451751709,4.50754451751709,4.50754451751709,4.50754451751709,0,0.0,0.0
2002-02-05 00:00:00-05:00,4.50754451751709,4.50754451751709,4.50754451751709,4.50754451751709,0,0.0,0.0
2002-02-06 00:00:00-05:00,4.50754451751709,4.50754451751709,4.50754451751709,4.50754451751709,0,0.0,0.0
2002-02-07 00:00:00-05:00,4.056789500673275,4.282166957855225,4.056789500673275,4.282166957855225,2640,0.0,0.0
2002-02-08 00:00:00-05:00,4.056789398193359,4.056789398193359,3.831411946704745,4.056789398193359,4840,0.0,0.0
2002-02-11 00:00:00-05:00,4.056789398193359,4.056789398193359,4.056789398193359,4.056789398193359,0,0.0,0.0
2002-02-12 00:00:00-05:00,4.056789398193359,4.056789398193359,4.056789398193359,4.056789398193359,0,0.0,0.0
2002-02-13 00:00:00-05:00,4.056789398193359,4.056789398193359,4.056789398193359,4.056789398193359,0,0.0,0.0
2002-02-14 00:00:00-05:00,4.0558881759643555,4.0558881759643555,4.0558881759643555,4.0558881759643555,0,0.0,1.1
2002-02-15 00:00:00-05:00,4.0558881759643555,4.0558881759643555,4.0558881759643555,4.0558881759643555,0,0.0,0.0
2002-02-19 00:00:00-05:00,4.0558881759643555,4.0558881759643555,4.0558881759643555,4.0558881759643555,0,0.0,0.0
2002-02-20 00:00:00-05:00,4.0558881759643555,4.0558881759643555,4.0558881759643555,4.0558881759643555,0,0.0,0.0
2002-02-21 00:00:00-05:00,4.0558881759643555,4.0558881759643555,4.0558881759643555,4.0558881759643555,0,0.0,0.0
2002-02-22 00:00:00-05:00,4.0558881759643555,4.0558881759643555,4.0558881759643555,4.0558881759643555,0,0.0,0.0
2002-02-25 00:00:00-05:00,4.0558881759643555,4.0558881759643555,4.0558881759643555,4.0558881759643555,0,0.0,0.0
2002-02-26 00:00:00-05:00,4.0558881759643555,4.0558881759643555,4.0558881759643555,4.0558881759643555,0,0.0,0.0
2002-02-27 00:00:00-05:00,4.0558881759643555,4.0558881759643555,4.0558881759643555,4.0558881759643555,0,0.0,0.0
2002-02-28 00:00:00-05:00,4.0558881759643555,4.0558881759643555,4.0558881759643555,4.0558881759643555,0,0.0,0.0
2002-03-01 00:00:00-05:00,4.0558881759643555,4.0558881759643555,4.0558881759643555,4.0558881759643555,0,0.0,0.0
2002-03-04 00:00:00-05:00,4.0558881759643555,4.0558881759643555,4.0558881759643555,4.0558881759643555,0,0.0,0.0
2002-03-05 00:00:00-05:00,4.0558881759643555,4.0558881759643555,4.0558881759643555,4.0558881759643555,0,0.0,0.0
2002-03-06 00:00:00-05:00,3.966638715225003,3.966638715225003,3.7683067321777344,3.7683067321777344,1000,0.0,0.0
2002-03-07 00:00:00-05:00,3.7683067321777344,3.7683067321777344,3.7683067321777344,3.7683067321777344,0,0.0,0.0
2002-03-08 00:00:00-05:00,4.214553728699684,4.214553728699684,3.9666388034820557,3.9666388034820557,4600,0.0,0.0
2002-03-11 00:00:00-05:00,3.9666388034820557,3.9666388034820557,3.9666388034820557,3.9666388034820557,0,0.0,0.0
2002-03-12 00:00:00-05:00,3.9666388034820557,3.9666388034820557,3.9666388034820557,3.9666388034820557,0,0.0,0.0
2002-03-13 00:00:00-05:00,3.9666388034820557,3.9666388034820557,3.867472927967043,3.9666388034820557,5000,0.0,0.0
2002-03-14 00:00:00-05:00,3.9666388034820557,3.9666388034820557,3.9666388034820557,3.9666388034820557,0,0.0,0.0
2002-03-15 00:00:00-05:00,3.9666388034820557,3.9666388034820557,3.9666388034820557,3.9666388034820557,0,0.0,0.0
2002-03-18 00:00:00-05:00,3.966638737632423,3.966638737632423,3.81788969039917,3.81788969039917,2100,0.0,0.0
2002-03-19 00:00:00-05:00,3.81788969039917,3.81788969039917,3.81788969039917,3.81788969039917,0,0.0,0.0
2002-03-20 00:00:00-05:00,3.81788969039917,3.81788969039917,3.81788969039917,3.81788969039917,0,0.0,0.0
2002-03-21 00:00:00-05:00,3.81788969039917,3.81788969039917,3.81788969039917,3.81788969039917,0,0.0,0.0
2002-03-22 00:00:00-05:00,3.81788969039917,3.81788969039917,3.81788969039917,3.81788969039917,0,0.0,0.0
2002-03-25 00:00:00-05:00,3.81788969039917,3.81788969039917,3.81788969039917,3.81788969039917,0,0.0,0.0
2002-03-26 00:00:00-05:00,3.81788969039917,3.81788969039917,3.81788969039917,3.81788969039917,0,0.0,0.0
2002-03-27 00:00:00-05:00,3.81788969039917,3.81788969039917,3.81788969039917,3.81788969039917,0,0.0,0.0
2002-03-28 00:00:00-05:00,3.81788969039917,3.81788969039917,3.81788969039917,3.81788969039917,0,0.0,0.0
2002-04-01 00:00:00-05:00,3.81788969039917,3.81788969039917,3.81788969039917,3.81788969039917,0,0.0,0.0
2002-04-02 00:00:00-05:00,3.81788969039917,3.81788969039917,3.81788969039917,3.81788969039917,0,0.0,0.0
2002-04-03 00:00:00-05:00,3.81788969039917,3.81788969039917,3.81788969039917,3.81788969039917,0,0.0,0.0
2002-04-04 00:00:00-05:00,3.7683067321777344,3.7683067321777344,3.7683067321777344,3.7683067321777344,200,0.0,0.0
2002-04-05 00:00:00-05:00,3.7683067321777344,3.7683067321777344,3.7683067321777344,3.7683067321777344,0,0.0,0.0
2002-04-08 00:00:00-04:00,3.7683067321777344,3.7683067321777344,3.7683067321777344,3.7683067321777344,0,0.0,0.0
2002-04-09 00:00:00-04:00,3.7683067321777344,3.7683067321777344,3.7683067321777344,3.7683067321777344,0,0.0,0.0
2002-04-10 00:00:00-04:00,3.7683067321777344,3.7683067321777344,3.7683067321777344,3.7683067321777344,0,0.0,0.0
2002-04-11 00:00:00-04:00,3.7683067321777344,3.7683067321777344,3.7683067321777344,3.7683067321777344,0,0.0,0.0
2002-04-12 00:00:00-04:00,3.7683067321777344,3.7683067321777344,3.7683067321777344,3.7683067321777344,0,0.0,0.0
2002-04-15 00:00:00-04:00,3.7683067321777344,3.7683067321777344,3.7683067321777344,3.7683067321777344,0,0.0,0.0
2002-04-16 00:00:00-04:00,3.966638737632423,3.966638737632423,3.81788969039917,3.81788969039917,1000,0.0,0.0
2002-04-17 00:00:00-04:00,3.81788969039917,3.81788969039917,3.81788969039917,3.81788969039917,1600,0.0,0.0
2002-04-18 00:00:00-04:00,3.81788969039917,3.81788969039917,3.81788969039917,3.81788969039917,0,0.0,0.0
2002-04-19 00:00:00-04:00,3.81788969039917,3.81788969039917,3.81788969039917,3.81788969039917,0,0.0,0.0
2002-04-22 00:00:00-04:00,3.81788969039917,3.81788969039917,3.81788969039917,3.81788969039917,0,0.0,0.0
2002-04-23 00:00:00-04:00,3.81788969039917,3.81788969039917,3.81788969039917,3.81788969039917,0,0.0,0.0
2002-04-24 00:00:00-04:00,3.81788969039917,3.81788969039917,3.81788969039917,3.81788969039917,0,0.0,0.0
2002-04-25 00:00:00-04:00,3.81788969039917,3.81788969039917,3.81788969039917,3.81788969039917,0,0.0,0.0
2002-04-26 00:00:00-04:00,3.81788969039917,3.81788969039917,3.81788969039917,3.81788969039917,0,0.0,0.0
2002-04-29 00:00:00-04:00,3.81788969039917,3.81788969039917,3.81788969039917,3.81788969039917,0,0.0,0.0
2002-04-30 00:00:00-04:00,3.9666388034820557,3.9666388034820557,3.9666388034820557,3.9666388034820557,400,0.0,0.0
2002-05-01 00:00:00-04:00,3.9666388034820557,3.9666388034820557,3.9666388034820557,3.9666388034820557,0,0.0,0.0
2002-05-02 00:00:00-04:00,3.9666388034820557,3.9666388034820557,3.9666388034820557,3.9666388034820557,0,0.0,0.0
2002-05-03 00:00:00-04:00,3.9666388034820557,3.9666388034820557,3.9666388034820557,3.9666388034820557,0,0.0,0.0
2002-05-06 00:00:00-04:00,3.9666388034820557,3.9666388034820557,3.9666388034820557,3.9666388034820557,0,0.0,0.0
2002-05-07 00:00:00-04:00,3.9666388034820557,3.9666388034820557,3.9666388034820557,3.9666388034820557,0,0.0,0.0
2002-05-08 00:00:00-04:00,3.9666388034820557,3.9666388034820557,3.9666388034820557,3.9666388034820557,0,0.0,0.0
2002-05-09 00:00:00-04:00,3.966638737632423,3.966638737632423,3.81788969039917,3.81788969039917,1500,0.0,0.0
2002-05-10 00:00:00-04:00,3.81788969039917,3.81788969039917,3.81788969039917,3.81788969039917,0,0.0,0.0
2002-05-13 00:00:00-04:00,3.81788969039917,3.81788969039917,3.81788969039917,3.81788969039917,0,0.0,0.0
2002-05-14 00:00:00-04:00,3.81788969039917,3.81788969039917,3.81788969039917,3.81788969039917,0,0.0,0.0
2002-05-15 00:00:00-04:00,3.81788969039917,3.81788969039917,3.81788969039917,3.81788969039917,0,0.0,0.0
2002-05-16 00:00:00-04:00,3.81788969039917,3.81788969039917,3.81788969039917,3.81788969039917,0,0.0,0.0
2002-05-17 00:00:00-04:00,4.065804678997068,4.065804678997068,3.9666388034820557,3.9666388034820557,1600,0.0,0.0
2002-05-20 00:00:00-04:00,4.9582986270680145,4.9582986270680145,4.2145538330078125,4.2145538330078125,2000,0.0,0.0
2002-05-21 00:00:00-04:00,4.660800457000732,4.660800457000732,3.7683068581076578,4.660800457000732,1500,0.0,0.0
2002-05-22 00:00:00-04:00,5.454128318362765,5.454128318362765,4.46246862411499,4.46246862411499,2100,0.0,0.0
2002-05-23 00:00:00-04:00,4.46246862411499,4.46246862411499,4.46246862411499,4.46246862411499,0,0.0,0.0
2002-05-24 00:00:00-04:00,4.46246862411499,4.46246862411499,4.46246862411499,4.46246862411499,0,0.0,0.0
2002-05-28 00:00:00-04:00,4.313719749450684,4.313719749450684,4.313719749450684,4.313719749450684,500,0.0,0.0
2002-05-29 00:00:00-04:00,4.313719749450684,4.313719749450684,4.313719749450684,4.313719749450684,0,0.0,0.0
2002-05-30 00:00:00-04:00,6.941617965698242,6.941617965698242,6.941617965698242,6.941617965698242,100,0.0,0.0
2002-05-31 00:00:00-04:00,6.941617965698242,6.941617965698242,6.941617965698242,6.941617965698242,0,0.0,0.0
2002-06-03 00:00:00-04:00,6.941617965698242,6.941617965698242,6.941617965698242,6.941617965698242,900,0.0,0.0
2002-06-04 00:00:00-04:00,6.941617965698242,6.941617965698242,6.941617965698242,6.941617965698242,0,0.0,0.0
2002-06-05 00:00:00-04:00,8.92493748664856,8.92493748664856,5.949958324432373,5.949958324432373,1700,0.0,0.0
2002-06-06 00:00:00-04:00,5.949958324432373,5.949958324432373,5.949958324432373,5.949958324432373,0,0.0,0.0
2002-06-07 00:00:00-04:00,5.949958324432373,5.949958324432373,5.949958324432373,5.949958324432373,0,0.0,0.0
2002-06-10 00:00:00-04:00,8.92493724822998,8.92493724822998,8.92493724822998,8.92493724822998,100,0.0,0.0
2002-06-11 00:00:00-04:00,8.92493724822998,8.92493724822998,8.92493724822998,8.92493724822998,0,0.0,0.0
2002-06-12 00:00:00-04:00,8.92493724822998,8.92493724822998,8.92493724822998,8.92493724822998,0,0.0,0.0
2002-06-13 00:00:00-04:00,8.92493724822998,8.92493724822998,8.92493724822998,8.92493724822998,0,0.0,0.0
2002-06-14 00:00:00-04:00,8.92493724822998,8.92493724822998,8.92493724822998,8.92493724822998,0,0.0,0.0
2002-06-17 00:00:00-04:00,8.92493724822998,8.92493724822998,8.92493724822998,8.92493724822998,0,0.0,0.0
2002-06-18 00:00:00-04:00,8.92493724822998,8.92493724822998,8.92493724822998,8.92493724822998,0,0.0,0.0
2002-06-19 00:00:00-04:00,8.92493724822998,8.92493724822998,8.92493724822998,8.92493724822998,0,0.0,0.0
2002-06-20 00:00:00-04:00,8.92493724822998,8.92493724822998,8.92493724822998,8.92493724822998,0,0.0,0.0
2002-06-21 00:00:00-04:00,8.429107666015625,8.429107666015625,8.429107666015625,8.429107666015625,100,0.0,0.0
2002-06-24 00:00:00-04:00,5.949958324432373,5.949958324432373,5.949958324432373,5.949958324432373,500,0.0,0.0
2002-06-25 00:00:00-04:00,5.949958324432373,5.949958324432373,5.949958324432373,5.949958324432373,0,0.0,0.0
2002-06-26 00:00:00-04:00,5.949958324432373,5.949958324432373,5.949958324432373,5.949958324432373,0,0.0,0.0
2002-06-27 00:00:00-04:00,5.949958324432373,5.949958324432373,5.949958324432373,5.949958324432373,0,0.0,0.0
2002-06-28 00:00:00-04:00,5.949958324432373,5.949958324432373,5.949958324432373,5.949958324432373,0,0.0,0.0
2002-07-01 00:00:00-04:00,5.949958324432373,5.949958324432373,5.949958324432373,5.949958324432373,0,0.0,0.0
2002-07-02 00:00:00-04:00,5.949958324432373,5.949958324432373,5.949958324432373,5.949958324432373,600,0.0,0.0
2002-07-03 00:00:00-04:00,6.148289814118961,6.4457879066467285,6.148289814118961,6.4457879066467285,900,0.0,0.0
2002-07-05 00:00:00-04:00,6.4457879066467285,6.4457879066467285,6.4457879066467285,6.4457879066467285,0,0.0,0.0
2002-07-08 00:00:00-04:00,6.4457879066467285,6.4457879066467285,6.4457879066467285,6.4457879066467285,0,0.0,0.0
2002-07-09 00:00:00-04:00,6.4457879066467285,6.4457879066467285,6.4457879066467285,6.4457879066467285,0,0.0,0.0
2002-07-10 00:00:00-04:00,6.4457879066467285,6.4457879066467285,6.4457879066467285,6.4457879066467285,0,0.0,0.0
2002-07-11 00:00:00-04:00,6.4457879066467285,6.4457879066467285,6.4457879066467285,6.4457879066467285,0,0.0,0.0
2002-07-12 00:00:00-04:00,6.4457879066467285,6.4457879066467285,6.4457879066467285,6.4457879066467285,0,0.0,0.0
2002-07-15 00:00:00-04:00,6.4457879066467285,6.4457879066467285,6.4457879066467285,6.4457879066467285,0,0.0,0.0
2002-07-16 00:00:00-04:00,6.4457879066467285,6.4457879066467285,6.4457879066467285,6.4457879066467285,0,0.0,0.0
2002-07-17 00:00:00-04:00,6.4457879066467285,6.4457879066467285,6.4457879066467285,6.4457879066467285,0,0.0,0.0
2002-07-18 00:00:00-04:00,6.4457879066467285,6.4457879066467285,6.4457879066467285,6.4457879066467285,0,0.0,0.0
2002-07-19 00:00:00-04:00,6.4457879066467285,6.4457879066467285,6.4457879066467285,6.4457879066467285,0,0.0,0.0
2002-07-22 00:00:00-04:00,6.4457879066467285,6.4457879066467285,6.4457879066467285,6.4457879066467285,0,0.0,0.0
2002-07-23 00:00:00-04:00,4.9582986036936445,5.949958324432373,4.9582986036936445,5.949958324432373,1300,0.0,0.0
2002-07-24 00:00:00-04:00,5.949958324432373,5.949958324432373,5.949958324432373,5.949958324432373,500,0.0,0.0
2002-07-25 00:00:00-04:00,5.949958324432373,5.949958324432373,5.949958324432373,5.949958324432373,0,0.0,0.0
2002-07-26 00:00:00-04:00,5.949958324432373,5.949958324432373,5.949958324432373,5.949958324432373,0,0.0,0.0
2002-07-29 00:00:00-04:00,5.949958324432373,5.949958324432373,5.949958324432373,5.949958324432373,0,0.0,0.0
2002-07-30 00:00:00-04:00,5.949958324432373,5.949958324432373,5.949958324432373,5.949958324432373,0,0.0,0.0
2002-07-31 00:00:00-04:00,5.949958324432373,5.949958324432373,5.949958324432373,5.949958324432373,0,0.0,0.0
2002-08-01 00:00:00-04:00,5.949958324432373,5.949958324432373,5.949958324432373,5.949958324432373,0,0.0,0.0
2002-08-02 00:00:00-04:00,5.949958324432373,5.949958324432373,5.949958324432373,5.949958324432373,0,0.0,0.0
2002-08-05 00:00:00-04:00,5.949958324432373,5.949958324432373,5.949958324432373,5.949958324432373,0,0.0,0.0
2002-08-06 00:00:00-04:00,5.949958324432373,5.949958324432373,5.949958324432373,5.949958324432373,0,0.0,0.0
2002-08-07 00:00:00-04:00,4.9087152016283975,4.9087152016283975,4.264136791229248,4.264136791229248,1400,0.0,0.0
2002-08-08 00:00:00-04:00,4.264136791229248,4.264136791229248,4.264136791229248,4.264136791229248,0,0.0,0.0
2002-08-09 00:00:00-04:00,4.264136791229248,4.264136791229248,4.264136791229248,4.264136791229248,0,0.0,0.0
2002-08-12 00:00:00-04:00,4.264136791229248,4.264136791229248,4.264136791229248,4.264136791229248,0,0.0,0.0
2002-08-13 00:00:00-04:00,4.264136791229248,4.264136791229248,4.264136791229248,4.264136791229248,0,0.0,0.0
2002-08-14 00:00:00-04:00,4.264136791229248,4.264136791229248,4.264136791229248,4.264136791229248,0,0.0,0.0
2002-08-15 00:00:00-04:00,4.264136791229248,4.264136791229248,4.264136791229248,4.264136791229248,0,0.0,0.0
2002-08-16 00:00:00-04:00,4.264136791229248,4.264136791229248,4.264136791229248,4.264136791229248,0,0.0,0.0
2002-08-19 00:00:00-04:00,4.264136791229248,4.264136791229248,4.264136791229248,4.264136791229248,0,0.0,0.0
2002-08-20 00:00:00-04:00,4.264136791229248,4.264136791229248,4.264136791229248,4.264136791229248,0,0.0,0.0
2002-08-21 00:00:00-04:00,4.264136791229248,4.264136791229248,4.264136791229248,4.264136791229248,0,0.0,0.0
2002-08-22 00:00:00-04:00,4.264136791229248,4.264136791229248,4.264136791229248,4.264136791229248,0,0.0,0.0
2002-08-23 00:00:00-04:00,4.264136791229248,4.264136791229248,4.264136791229248,4.264136791229248,0,0.0,0.0
2002-08-26 00:00:00-04:00,4.264136791229248,4.264136791229248,4.264136791229248,4.264136791229248,0,0.0,0.0
2002-08-27 00:00:00-04:00,4.264136791229248,4.264136791229248,4.264136791229248,4.264136791229248,0,0.0,0.0
2002-08-28 00:00:00-04:00,4.264136791229248,4.264136791229248,4.264136791229248,4.264136791229248,0,0.0,0.0
2002-08-29 00:00:00-04:00,4.264136791229248,4.264136791229248,4.264136791229248,4.264136791229248,0,0.0,0.0
2002-08-30 00:00:00-04:00,4.264136791229248,4.264136791229248,4.264136791229248,4.264136791229248,0,0.0,0.0
2002-09-03 00:00:00-04:00,4.264136791229248,4.264136791229248,4.264136791229248,4.264136791229248,0,0.0,0.0
2002-09-04 00:00:00-04:00,4.264136791229248,4.264136791229248,4.264136791229248,4.264136791229248,0,0.0,0.0
2002-09-05 00:00:00-04:00,4.264136791229248,4.264136791229248,4.264136791229248,4.264136791229248,0,0.0,0.0
2002-09-06 00:00:00-04:00,4.264136791229248,4.264136791229248,4.264136791229248,4.264136791229248,0,0.0,0.0
2002-09-09 00:00:00-04:00,3.470808896151456,3.470808896151456,2.7270641326904297,2.7270641326904297,1500,0.0,0.0
2002-09-10 00:00:00-04:00,2.7270641326904297,2.7270641326904297,2.7270641326904297,2.7270641326904297,0,0.0,0.0
2002-09-11 00:00:00-04:00,3.4708090225855512,3.4708090225855512,2.7270642320315046,2.9749791622161865,4000,0.0,0.0
2002-09-12 00:00:00-04:00,2.5287322998046875,2.5287322998046875,2.5287322998046875,2.5287322998046875,700,0.0,0.0
2002-09-13 00:00:00-04:00,2.9749792318714223,2.9749792318714223,2.5287322998046875,2.5287322998046875,1400,0.0,0.0
2002-09-16 00:00:00-04:00,2.9749790135774163,3.1733109951019287,2.9749790135774163,3.1733109951019287,1000,0.0,0.0
2002-09-17 00:00:00-04:00,3.1733109951019287,3.1733109951019287,3.1733109951019287,3.1733109951019287,0,0.0,0.0
2002-09-18 00:00:00-04:00,3.1733109951019287,3.1733109951019287,3.1733109951019287,3.1733109951019287,0,0.0,0.0
2002-09-19 00:00:00-04:00,3.1733109951019287,3.1733109951019287,3.1733109951019287,3.1733109951019287,0,0.0,0.0
2002-09-20 00:00:00-04:00,3.1733109951019287,3.1733109951019287,3.1733109951019287,3.1733109951019287,0,0.0,0.0
2002-09-23 00:00:00-04:00,3.1733109951019287,3.1733109951019287,3.1733109951019287,3.1733109951019287,0,0.0,0.0
2002-09-24 00:00:00-04:00,3.1733109951019287,3.1733109951019287,3.1733109951019287,3.1733109951019287,0,0.0,0.0
2002-09-25 00:00:00-04:00,3.1733109951019287,3.1733109951019287,3.1733109951019287,3.1733109951019287,0,0.0,0.0
2002-09-26 00:00:00-04:00,3.1733109951019287,3.1733109951019287,3.1733109951019287,3.1733109951019287,0,0.0,0.0
2002-09-27 00:00:00-04:00,3.1733109951019287,3.1733109951019287,3.1733109951019287,3.1733109951019287,0,0.0,0.0
2002-09-30 00:00:00-04:00,3.1733109951019287,3.1733109951019287,3.1733109951019287,3.1733109951019287,0,0.0,0.0
2002-10-01 00:00:00-04:00,3.1733109951019287,3.1733109951019287,3.1733109951019287,3.1733109951019287,0,0.0,0.0
2002-10-02 00:00:00-04:00,3.1733109951019287,3.1733109951019287,3.1733109951019287,3.1733109951019287,0,0.0,0.0
2002-10-03 00:00:00-04:00,3.1733109951019287,3.1733109951019287,3.1733109951019287,3.1733109951019287,0,0.0,0.0
2002-10-04 00:00:00-04:00,3.1733109951019287,3.1733109951019287,3.1733109951019287,3.1733109951019287,0,0.0,0.0
2002-10-07 00:00:00-04:00,3.1733109951019287,3.1733109951019287,3.1733109951019287,3.1733109951019287,0,0.0,0.0
2002-10-08 00:00:00-04:00,3.1733109951019287,3.1733109951019287,3.1733109951019287,3.1733109951019287,0,0.0,0.0
2002-10-09 00:00:00-04:00,2.974979109867326,2.974979109867326,2.2808172702789307,2.2808172702789307,2000,0.0,0.0
2002-10-10 00:00:00-04:00,2.2808172702789307,2.2808172702789307,2.2808172702789307,2.2808172702789307,0,0.0,0.0
2002-10-11 00:00:00-04:00,2.2808172702789307,2.2808172702789307,2.2808172702789307,2.2808172702789307,0,0.0,0.0
2002-10-14 00:00:00-04:00,2.2808172702789307,2.2808172702789307,2.2808172702789307,2.2808172702789307,0,0.0,0.0
2002-10-15 00:00:00-04:00,2.2808172702789307,2.2808172702789307,2.2808172702789307,2.2808172702789307,0,0.0,0.0
2002-10-16 00:00:00-04:00,2.2808172702789307,2.2808172702789307,2.2808172702789307,2.2808172702789307,0,0.0,0.0
2002-10-17 00:00:00-04:00,2.2808172702789307,2.2808172702789307,2.2808172702789307,2.2808172702789307,0,0.0,0.0
2002-10-18 00:00:00-04:00,2.2808172702789307,2.2808172702789307,2.2808172702789307,2.2808172702789307,0,0.0,0.0
2002-10-21 00:00:00-04:00,3.0741450407453987,3.0741450407453987,2.280817311175306,2.379983425140381,2600,0.0,0.0
2002-10-22 00:00:00-04:00,2.379983425140381,2.379983425140381,2.379983425140381,2.379983425140381,0,0.0,0.0
2002-10-23 00:00:00-04:00,2.379983425140381,2.379983425140381,2.379983425140381,2.379983425140381,0,0.0,0.0
2002-10-24 00:00:00-04:00,2.379983425140381,2.379983425140381,2.379983425140381,2.379983425140381,0,0.0,0.0
2002-10-25 00:00:00-04:00,2.379983425140381,2.379983425140381,2.379983425140381,2.379983425140381,0,0.0,0.0
2002-10-28 00:00:00-05:00,2.379983425140381,2.379983425140381,2.379983425140381,2.379983425140381,0,0.0,0.0
2002-10-29 00:00:00-05:00,2.379983425140381,2.379983425140381,2.379983425140381,2.379983425140381,0,0.0,0.0
2002-10-30 00:00:00-05:00,2.379983425140381,2.379983425140381,2.379983425140381,2.379983425140381,0,0.0,0.0
2002-10-31 00:00:00-05:00,2.379983425140381,2.379983425140381,2.379983425140381,2.379983425140381,0,0.0,0.0
2002-11-01 00:00:00-05:00,2.379983425140381,2.379983425140381,2.379983425140381,2.379983425140381,0,0.0,0.0
2002-11-04 00:00:00-05:00,2.379983425140381,2.379983425140381,2.379983425140381,2.379983425140381,0,0.0,0.0
2002-11-05 00:00:00-05:00,2.379983425140381,2.379983425140381,2.379983425140381,2.379983425140381,0,0.0,0.0
2002-11-06 00:00:00-05:00,2.379983425140381,2.379983425140381,2.379983425140381,2.379983425140381,0,0.0,0.0
2002-11-07 00:00:00-05:00,2.379983425140381,2.379983425140381,2.379983425140381,2.379983425140381,0,0.0,0.0
2002-11-08 00:00:00-05:00,2.379983425140381,2.379983425140381,2.379983425140381,2.379983425140381,0,0.0,0.0
2002-11-11 00:00:00-05:00,2.379983425140381,2.379983425140381,2.379983425140381,2.379983425140381,0,0.0,0.0
2002-11-12 00:00:00-05:00,2.379983425140381,2.379983425140381,2.379983425140381,2.379983425140381,0,0.0,0.0
2002-11-13 00:00:00-05:00,2.379983425140381,2.379983425140381,2.379983425140381,2.379983425140381,0,0.0,0.0
2002-11-14 00:00:00-05:00,2.379983425140381,2.379983425140381,2.379983425140381,2.379983425140381,0,0.0,0.0
2002-11-15 00:00:00-05:00,2.379983425140381,2.379983425140381,2.379983425140381,2.379983425140381,0,0.0,0.0
2002-11-18 00:00:00-05:00,2.5287322998046875,2.5287322998046875,2.5287322998046875,2.5287322998046875,200,0.0,0.0
2002-11-19 00:00:00-05:00,2.5287322998046875,2.5287322998046875,2.5287322998046875,2.5287322998046875,0,0.0,0.0
2002-11-20 00:00:00-05:00,2.5287322998046875,2.5287322998046875,2.5287322998046875,2.5287322998046875,0,0.0,0.0
2002-11-21 00:00:00-05:00,2.5287322998046875,2.5287322998046875,2.5287322998046875,2.5287322998046875,0,0.0,0.0
2002-11-22 00:00:00-05:00,2.5287322998046875,2.5287322998046875,2.5287322998046875,2.5287322998046875,0,0.0,0.0
2002-11-25 00:00:00-05:00,2.5287322998046875,2.5287322998046875,2.5287322998046875,2.5287322998046875,0,0.0,0.0
2002-11-26 00:00:00-05:00,2.5287322998046875,2.5287322998046875,2.5287322998046875,2.5287322998046875,0,0.0,0.0
2002-11-27 00:00:00-05:00,2.5287322998046875,2.5287322998046875,2.5287322998046875,2.5287322998046875,0,0.0,0.0
2002-11-29 00:00:00-05:00,2.5287322998046875,2.5287322998046875,2.5287322998046875,2.5287322998046875,0,0.0,0.0
2002-12-02 00:00:00-05:00,2.5287322998046875,2.5287322998046875,2.5287322998046875,2.5287322998046875,0,0.0,0.0
2002-12-03 00:00:00-05:00,2.5287322998046875,2.5287322998046875,2.5287322998046875,2.5287322998046875,0,0.0,0.0
2002-12-04 00:00:00-05:00,2.5287322998046875,2.5287322998046875,2.5287322998046875,2.5287322998046875,0,0.0,0.0
2002-12-05 00:00:00-05:00,2.5287322998046875,2.5287322998046875,2.5287322998046875,2.5287322998046875,0,0.0,0.0
2002-12-06 00:00:00-05:00,2.5287322998046875,2.5287322998046875,2.5287322998046875,2.5287322998046875,0,0.0,0.0
2002-12-09 00:00:00-05:00,2.5287322998046875,2.5287322998046875,2.5287322998046875,2.5287322998046875,0,0.0,0.0
2002-12-10 00:00:00-05:00,2.5287322998046875,2.5287322998046875,2.5287322998046875,2.5287322998046875,0,0.0,0.0
2002-12-11 00:00:00-05:00,2.5287322998046875,2.5287322998046875,2.5287322998046875,2.5287322998046875,0,0.0,0.0
2002-12-12 00:00:00-05:00,2.5287322998046875,2.5287322998046875,2.5287322998046875,2.5287322998046875,0,0.0,0.0
2002-12-13 00:00:00-05:00,2.5287322998046875,2.5287322998046875,2.5287322998046875,2.5287322998046875,0,0.0,0.0
2002-12-16 00:00:00-05:00,2.5287322998046875,2.5287322998046875,2.5287322998046875,2.5287322998046875,0,0.0,0.0
2002-12-17 00:00:00-05:00,2.5287322998046875,2.5287322998046875,2.5287322998046875,2.5287322998046875,0,0.0,0.0
2002-12-18 00:00:00-05:00,2.5287322998046875,2.5287322998046875,2.5287322998046875,2.5287322998046875,0,0.0,0.0
2002-12-19 00:00:00-05:00,2.5287322998046875,2.5287322998046875,2.5287322998046875,2.5287322998046875,0,0.0,0.0
2002-12-20 00:00:00-05:00,2.9749791219323547,2.9749791219323547,2.528732206356482,2.8758132457733154,3700,0.0,0.0
2002-12-23 00:00:00-05:00,3.4708089227473553,3.4708089227473553,2.7766470909118652,2.7766470909118652,1000,0.0,0.0
2002-12-24 00:00:00-05:00,2.7766470909118652,2.7766470909118652,2.7766470909118652,2.7766470909118652,0,0.0,0.0
2002-12-26 00:00:00-05:00,3.718723878264427,3.9666388034820557,3.718723878264427,3.9666388034820557,1100,0.0,0.0
2002-12-27 00:00:00-05:00,3.9666388034820557,3.9666388034820557,3.9666388034820557,3.9666388034820557,0,0.0,0.0
2002-12-30 00:00:00-05:00,3.9666388034820557,3.9666388034820557,3.9666388034820557,3.9666388034820557,0,0.0,0.0
2002-12-31 00:00:00-05:00,3.9666388034820557,3.9666388034820557,3.9666388034820557,3.9666388034820557,0,0.0,0.0
2003-01-02 00:00:00-05:00,3.9666388034820557,3.9666388034820557,3.9666388034820557,3.9666388034820557,0,0.0,0.0
2003-01-03 00:00:00-05:00,3.9666388034820557,3.9666388034820557,3.9666388034820557,3.9666388034820557,0,0.0,0.0
2003-01-06 00:00:00-05:00,2.826230052908926,3.9666388034820557,2.826230052908926,3.9666388034820557,700,0.0,0.0
2003-01-07 00:00:00-05:00,3.9666388034820557,3.9666388034820557,3.9666388034820557,3.9666388034820557,0,0.0,0.0
2003-01-08 00:00:00-05:00,3.9666388034820557,3.9666388034820557,3.9666388034820557,3.9666388034820557,0,0.0,0.0
2003-01-09 00:00:00-05:00,3.9666388034820557,3.9666388034820557,3.9666388034820557,3.9666388034820557,0,0.0,0.0
2003-01-10 00:00:00-05:00,3.9666388034820557,3.9666388034820557,3.9666388034820557,3.9666388034820557,0,0.0,0.0
2003-01-13 00:00:00-05:00,3.9666388034820557,3.9666388034820557,3.9666388034820557,3.9666388034820557,0,0.0,0.0
2003-01-14 00:00:00-05:00,3.9666388034820557,3.9666388034820557,3.9666388034820557,3.9666388034820557,0,0.0,0.0
2003-01-15 00:00:00-05:00,3.9666388034820557,3.9666388034820557,3.9666388034820557,3.9666388034820557,0,0.0,0.0
2003-01-16 00:00:00-05:00,3.9666388034820557,3.9666388034820557,3.9666388034820557,3.9666388034820557,0,0.0,0.0
2003-01-17 00:00:00-05:00,3.9666388034820557,3.9666388034820557,3.9666388034820557,3.9666388034820557,0,0.0,0.0
2003-01-21 00:00:00-05:00,3.9666388034820557,3.9666388034820557,3.9666388034820557,3.9666388034820557,0,0.0,0.0
2003-01-22 00:00:00-05:00,3.9666388034820557,3.9666388034820557,3.9666388034820557,3.9666388034820557,0,0.0,0.0
2003-01-23 00:00:00-05:00,3.9666388034820557,3.9666388034820557,3.9666388034820557,3.9666388034820557,0,0.0,0.0
2003-01-24 00:00:00-05:00,3.9666388034820557,3.9666388034820557,3.9666388034820557,3.9666388034820557,0,0.0,0.0
2003-01-27 00:00:00-05:00,4.9582986036936445,4.9582986036936445,2.9749791622161865,2.9749791622161865,2400,0.0,0.0
2003-01-28 00:00:00-05:00,2.9749791622161865,2.9749791622161865,2.9749791622161865,2.9749791622161865,0,0.0,0.0
2003-01-29 00:00:00-05:00,4.9582986036936445,4.9582986036936445,2.9749791622161865,2.9749791622161865,200,0.0,0.0
2003-01-30 00:00:00-05:00,2.9749791622161865,2.9749791622161865,2.9749791622161865,2.9749791622161865,0,0.0,0.0
2003-01-31 00:00:00-05:00,2.9749791622161865,2.9749791622161865,2.9749791622161865,2.9749791622161865,0,0.0,0.0
2003-02-03 00:00:00-05:00,4.958298389728252,4.958298389728252,3.2228939533233643,3.2228939533233643,1200,0.0,0.0
2003-02-04 00:00:00-05:00,3.2228939533233643,3.2228939533233643,3.2228939533233643,3.2228939533233643,0,0.0,0.0
2003-02-05 00:00:00-05:00,3.2228939533233643,3.2228939533233643,3.2228939533233643,3.2228939533233643,0,0.0,0.0
2003-02-06 00:00:00-05:00,3.2228939533233643,3.2228939533233643,3.2228939533233643,3.2228939533233643,0,0.0,0.0
2003-02-07 00:00:00-05:00,3.2228939533233643,3.2228939533233643,3.2228939533233643,3.2228939533233643,0,0.0,0.0
2003-02-10 00:00:00-05:00,3.2228939533233643,3.2228939533233643,3.2228939533233643,3.2228939533233643,0,0.0,0.0
2003-02-11 00:00:00-05:00,3.2228939533233643,3.2228939533233643,3.2228939533233643,3.2228939533233643,0,0.0,0.0
2003-02-12 00:00:00-05:00,3.2228939533233643,3.2228939533233643,3.2228939533233643,3.2228939533233643,0,0.0,0.0
2003-02-13 00:00:00-05:00,3.2228939533233643,3.2228939533233643,3.2228939533233643,3.2228939533233643,0,0.0,0.0
2003-02-14 00:00:00-05:00,3.2228939533233643,3.2228939533233643,3.2228939533233643,3.2228939533233643,0,0.0,0.0
2003-02-18 00:00:00-05:00,3.2228939533233643,3.2228939533233643,3.2228939533233643,3.2228939533233643,0,0.0,0.0
2003-02-19 00:00:00-05:00,3.2228939533233643,3.2228939533233643,3.2228939533233643,3.2228939533233643,0,0.0,0.0
2003-02-20 00:00:00-05:00,3.2228939533233643,3.2228939533233643,3.2228939533233643,3.2228939533233643,0,0.0,0.0
2003-02-21 00:00:00-05:00,3.2228939533233643,3.2228939533233643,3.2228939533233643,3.2228939533233643,0,0.0,0.0
2003-02-24 00:00:00-05:00,3.2228939533233643,3.2228939533233643,3.2228939533233643,3.2228939533233643,0,0.0,0.0
2003-02-25 00:00:00-05:00,3.2228939533233643,3.2228939533233643,3.2228939533233643,3.2228939533233643,0,0.0,0.0
2003-02-26 00:00:00-05:00,3.2228939533233643,3.2228939533233643,3.2228939533233643,3.2228939533233643,0,0.0,0.0
2003-02-27 00:00:00-05:00,3.2228939533233643,3.2228939533233643,3.2228939533233643,3.2228939533233643,0,0.0,0.0
2003-02-28 00:00:00-05:00,3.2228939533233643,3.2228939533233643,3.2228939533233643,3.2228939533233643,0,0.0,0.0
2003-03-03 00:00:00-05:00,3.2228939533233643,3.2228939533233643,3.2228939533233643,3.2228939533233643,0,0.0,0.0
2003-03-04 00:00:00-05:00,3.2228939533233643,3.2228939533233643,3.2228939533233643,3.2228939533233643,0,0.0,0.0
2003-03-05 00:00:00-05:00,3.2228939533233643,3.2228939533233643,3.2228939533233643,3.2228939533233643,0,0.0,0.0
2003-03-06 00:00:00-05:00,3.2228939533233643,3.2228939533233643,3.2228939533233643,3.2228939533233643,0,0.0,0.0
2003-03-07 00:00:00-05:00,3.2228939533233643,3.2228939533233643,3.2228939533233643,3.2228939533233643,0,0.0,0.0
2003-03-10 00:00:00-05:00,3.2228939533233643,3.2228939533233643,3.2228939533233643,3.2228939533233643,0,0.0,0.0
2003-03-11 00:00:00-05:00,3.2228939533233643,3.2228939533233643,3.2228939533233643,3.2228939533233643,0,0.0,0.0
2003-03-12 00:00:00-05:00,3.2228939533233643,3.2228939533233643,3.2228939533233643,3.2228939533233643,0,0.0,0.0
2003-03-13 00:00:00-05:00,3.2228939533233643,3.2228939533233643,3.2228939533233643,3.2228939533233643,0,0.0,0.0
2003-03-14 00:00:00-05:00,3.2228939533233643,3.2228939533233643,3.2228939533233643,3.2228939533233643,0,0.0,0.0
2003-03-17 00:00:00-05:00,4.958298683166504,4.958298683166504,4.958298683166504,4.958298683166504,500,0.0,0.0
2003-03-18 00:00:00-05:00,4.958298683166504,4.958298683166504,4.958298683166504,4.958298683166504,0,0.0,0.0
2003-03-19 00:00:00-05:00,4.958298683166504,4.958298683166504,4.958298683166504,4.958298683166504,0,0.0,0.0
2003-03-20 00:00:00-05:00,4.958298683166504,4.958298683166504,4.958298683166504,4.958298683166504,0,0.0,0.0
2003-03-21 00:00:00-05:00,4.958298683166504,4.958298683166504,4.958298683166504,4.958298683166504,0,0.0,0.0
2003-03-24 00:00:00-05:00,4.958298683166504,4.958298683166504,4.958298683166504,4.958298683166504,0,0.0,0.0
2003-03-25 00:00:00-05:00,4.958298683166504,4.958298683166504,4.958298683166504,4.958298683166504,0,0.0,0.0
2003-03-26 00:00:00-05:00,4.958298683166504,4.958298683166504,4.958298683166504,4.958298683166504,0,0.0,0.0
2003-03-27 00:00:00-05:00,4.958298683166504,4.958298683166504,4.958298683166504,4.958298683166504,0,0.0,0.0
2003-03-28 00:00:00-05:00,4.958298683166504,4.958298683166504,4.958298683166504,4.958298683166504,0,0.0,0.0
2003-03-31 00:00:00-05:00,4.958298683166504,4.958298683166504,4.958298683166504,4.958298683166504,0,0.0,0.0
2003-04-01 00:00:00-05:00,4.958298683166504,4.958298683166504,4.958298683166504,4.958298683166504,0,0.0,0.0
2003-04-02 00:00:00-05:00,4.958298683166504,4.958298683166504,4.958298683166504,4.958298683166504,0,0.0,0.0
2003-04-03 00:00:00-05:00,4.958298683166504,4.958298683166504,4.958298683166504,4.958298683166504,0,0.0,0.0
2003-04-04 00:00:00-05:00,4.958298683166504,4.958298683166504,4.958298683166504,4.958298683166504,0,0.0,0.0
2003-04-07 00:00:00-04:00,4.759966675294643,5.454128265380859,4.759966675294643,5.454128265380859,1100,0.0,0.0
2003-04-08 00:00:00-04:00,4.759966587684366,4.958298331812808,4.710383415222168,4.710383415222168,1100,0.0,0.0
2003-04-09 00:00:00-04:00,4.710383415222168,4.710383415222168,4.710383415222168,4.710383415222168,0,0.0,0.0
2003-04-10 00:00:00-04:00,4.710383415222168,4.710383415222168,4.710383415222168,4.710383415222168,0,0.0,0.0
2003-04-11 00:00:00-04:00,4.710383415222168,4.710383415222168,4.710383415222168,4.710383415222168,0,0.0,0.0
2003-04-14 00:00:00-04:00,4.710383415222168,4.710383415222168,4.710383415222168,4.710383415222168,0,0.0,0.0
2003-04-15 00:00:00-04:00,4.710383415222168,4.710383415222168,4.710383415222168,4.710383415222168,0,0.0,0.0
2003-04-16 00:00:00-04:00,4.710383415222168,4.710383415222168,4.710383415222168,4.710383415222168,0,0.0,0.0
2003-04-17 00:00:00-04:00,4.710383415222168,4.710383415222168,4.710383415222168,4.710383415222168,0,0.0,0.0
2003-04-21 00:00:00-04:00,4.710383415222168,4.710383415222168,4.710383415222168,4.710383415222168,0,0.0,0.0
2003-04-22 00:00:00-04:00,4.710383415222168,4.710383415222168,4.710383415222168,4.710383415222168,0,0.0,0.0
2003-04-23 00:00:00-04:00,4.809549287286388,4.809549287286388,4.710383415222168,4.710383415222168,1100,0.0,0.0
2003-04-24 00:00:00-04:00,4.710383415222168,4.710383415222168,4.710383415222168,4.710383415222168,0,0.0,0.0
2003-04-25 00:00:00-04:00,4.710383415222168,4.710383415222168,4.710383415222168,4.710383415222168,0,0.0,0.0
2003-04-28 00:00:00-04:00,4.710383415222168,4.710383415222168,4.710383415222168,4.710383415222168,0,0.0,0.0
2003-04-29 00:00:00-04:00,4.710383415222168,4.710383415222168,4.710383415222168,4.710383415222168,0,0.0,0.0
2003-04-30 00:00:00-04:00,4.710383415222168,4.710383415222168,4.710383415222168,4.710383415222168,0,0.0,0.0
2003-05-01 00:00:00-04:00,4.710383415222168,4.710383415222168,4.710383415222168,4.710383415222168,0,0.0,0.0
2003-05-02 00:00:00-04:00,4.710383415222168,4.710383415222168,4.710383415222168,4.710383415222168,0,0.0,0.0
2003-05-05 00:00:00-04:00,4.710383415222168,4.710383415222168,4.710383415222168,4.710383415222168,0,0.0,0.0
2003-05-06 00:00:00-04:00,4.710383415222168,4.710383415222168,4.710383415222168,4.710383415222168,0,0.0,0.0
2003-05-07 00:00:00-04:00,4.710383415222168,4.710383415222168,4.710383415222168,4.710383415222168,0,0.0,0.0
2003-05-08 00:00:00-04:00,4.710383415222168,4.710383415222168,4.710383415222168,4.710383415222168,0,0.0,0.0
2003-05-09 00:00:00-04:00,4.710383415222168,4.710383415222168,4.710383415222168,4.710383415222168,0,0.0,0.0
2003-05-12 00:00:00-04:00,4.710383415222168,4.710383415222168,4.710383415222168,4.710383415222168,0,0.0,0.0
2003-05-13 00:00:00-04:00,4.710383415222168,4.710383415222168,4.710383415222168,4.710383415222168,0,0.0,0.0
2003-05-14 00:00:00-04:00,4.710383415222168,4.710383415222168,4.710383415222168,4.710383415222168,400,0.0,0.0
2003-05-15 00:00:00-04:00,4.710383415222168,4.710383415222168,4.710383415222168,4.710383415222168,0,0.0,0.0
2003-05-16 00:00:00-04:00,4.710383415222168,4.710383415222168,4.710383415222168,4.710383415222168,0,0.0,0.0
2003-05-19 00:00:00-04:00,4.710383415222168,4.710383415222168,4.710383415222168,4.710383415222168,0,0.0,0.0
2003-05-20 00:00:00-04:00,4.710383415222168,4.710383415222168,4.710383415222168,4.710383415222168,0,0.0,0.0
2003-05-21 00:00:00-04:00,4.710383415222168,4.710383415222168,4.710383415222168,4.710383415222168,0,0.0,0.0
2003-05-22 00:00:00-04:00,4.710383415222168,4.710383415222168,4.710383415222168,4.710383415222168,0,0.0,0.0
2003-05-23 00:00:00-04:00,4.710383415222168,4.710383415222168,4.710383415222168,4.710383415222168,0,0.0,0.0
2003-05-27 00:00:00-04:00,4.710383415222168,4.710383415222168,4.710383415222168,4.710383415222168,0,0.0,0.0
2003-05-28 00:00:00-04:00,5.206213474273682,5.206213474273682,5.206213474273682,5.206213474273682,200,0.0,0.0
2003-05-29 00:00:00-04:00,5.206213474273682,5.206213474273682,5.206213474273682,5.206213474273682,0,0.0,0.0
2003-05-30 00:00:00-04:00,5.206213474273682,5.206213474273682,5.206213474273682,5.206213474273682,0,0.0,0.0
2003-06-02 00:00:00-04:00,5.206213474273682,5.206213474273682,5.206213474273682,5.206213474273682,0,0.0,0.0
2003-06-03 00:00:00-04:00,5.206213474273682,5.206213474273682,5.206213474273682,5.206213474273682,0,0.0,0.0
2003-06-04 00:00:00-04:00,5.206213474273682,5.206213474273682,5.206213474273682,5.206213474273682,0,0.0,0.0
2003-06-05 00:00:00-04:00,5.206213474273682,5.206213474273682,5.206213474273682,5.206213474273682,0,0.0,0.0
2003-06-06 00:00:00-04:00,5.206213474273682,5.206213474273682,5.206213474273682,5.206213474273682,0,0.0,0.0
2003-06-09 00:00:00-04:00,5.949958324432373,5.949958324432373,5.949958324432373,5.949958324432373,500,0.0,0.0
2003-06-10 00:00:00-04:00,7.933277606964111,7.933277606964111,7.933277606964111,7.933277606964111,1000,0.0,0.0
2003-06-11 00:00:00-04:00,7.933277606964111,7.933277606964111,7.933277606964111,7.933277606964111,0,0.0,0.0
2003-06-12 00:00:00-04:00,7.933277606964111,7.933277606964111,7.933277606964111,7.933277606964111,0,0.0,0.0
2003-06-13 00:00:00-04:00,7.933277606964111,7.933277606964111,7.933277606964111,7.933277606964111,0,0.0,0.0
2003-06-16 00:00:00-04:00,7.1895327832963725,8.92493724822998,7.1895327832963725,8.92493724822998,400,0.0,0.0
2003-06-17 00:00:00-04:00,7.933277606964111,7.933277606964111,7.933277606964111,7.933277606964111,1000,0.0,0.0
2003-06-18 00:00:00-04:00,7.933277606964111,7.933277606964111,7.933277606964111,7.933277606964111,1000,0.0,0.0
2003-06-19 00:00:00-04:00,7.933277606964111,7.933277606964111,7.933277606964111,7.933277606964111,0,0.0,0.0
2003-06-20 00:00:00-04:00,7.933277606964111,7.933277606964111,7.933277606964111,7.933277606964111,0,0.0,0.0
2003-06-23 00:00:00-04:00,7.933277606964111,7.933277606964111,7.933277606964111,7.933277606964111,0,0.0,0.0
2003-06-24 00:00:00-04:00,7.933277606964111,7.933277606964111,7.933277606964111,7.933277606964111,0,0.0,0.0
2003-06-25 00:00:00-04:00,7.933277606964111,7.933277606964111,7.933277606964111,7.933277606964111,0,0.0,0.0
2003-06-26 00:00:00-04:00,7.933277606964111,7.933277606964111,7.933277606964111,7.933277606964111,0,0.0,0.0
2003-06-27 00:00:00-04:00,7.933277606964111,7.933277606964111,7.933277606964111,7.933277606964111,0,0.0,0.0
2003-06-30 00:00:00-04:00,7.933277606964111,7.933277606964111,7.933277606964111,7.933277606964111,0,0.0,0.0
2003-07-01 00:00:00-04:00,7.933277606964111,7.933277606964111,7.933277606964111,7.933277606964111,0,0.0,0.0
2003-07-02 00:00:00-04:00,7.933277606964111,7.933277606964111,7.933277606964111,7.933277606964111,0,0.0,0.0
2003-07-03 00:00:00-04:00,7.933277606964111,7.933277606964111,7.933277606964111,7.933277606964111,0,0.0,0.0
2003-07-07 00:00:00-04:00,7.933277606964111,7.933277606964111,7.933277606964111,7.933277606964111,0,0.0,0.0
2003-07-08 00:00:00-04:00,6.941617965698242,6.941617965698242,6.941617965698242,6.941617965698242,1000,0.0,0.0
2003-07-09 00:00:00-04:00,6.941617965698242,6.941617965698242,6.941617965698242,6.941617965698242,0,0.0,0.0
2003-07-10 00:00:00-04:00,6.941617965698242,6.941617965698242,6.941617965698242,6.941617965698242,0,0.0,0.0
2003-07-11 00:00:00-04:00,6.941617965698242,6.941617965698242,6.941617965698242,6.941617965698242,0,0.0,0.0
2003-07-14 00:00:00-04:00,6.941617965698242,6.941617965698242,6.941617965698242,6.941617965698242,0,0.0,0.0
2003-07-15 00:00:00-04:00,6.941617965698242,6.941617965698242,6.941617965698242,6.941617965698242,0,0.0,0.0
2003-07-16 00:00:00-04:00,6.941617965698242,6.941617965698242,6.941617965698242,6.941617965698242,0,0.0,0.0
2003-07-17 00:00:00-04:00,6.941617965698242,6.941617965698242,6.941617965698242,6.941617965698242,0,0.0,0.0
2003-07-18 00:00:00-04:00,6.941617965698242,6.941617965698242,6.941617965698242,6.941617965698242,0,0.0,0.0
2003-07-21 00:00:00-04:00,6.941617965698242,6.941617965698242,6.941617965698242,6.941617965698242,0,0.0,0.0
2003-07-22 00:00:00-04:00,6.941617965698242,6.941617965698242,6.941617965698242,6.941617965698242,500,0.0,0.0
2003-07-23 00:00:00-04:00,6.941617965698242,6.941617965698242,6.941617965698242,6.941617965698242,0,0.0,0.0
2003-07-24 00:00:00-04:00,6.941617965698242,6.941617965698242,6.941617965698242,6.941617965698242,0,0.0,0.0
2003-07-25 00:00:00-04:00,6.941617965698242,6.941617965698242,6.941617965698242,6.941617965698242,0,0.0,0.0
2003-07-28 00:00:00-04:00,6.941617965698242,6.941617965698242,6.941617965698242,6.941617965698242,0,0.0,0.0
2003-07-29 00:00:00-04:00,6.941617965698242,6.941617965698242,6.941617965698242,6.941617965698242,0,0.0,0.0
2003-07-30 00:00:00-04:00,6.941617965698242,6.941617965698242,6.941617965698242,6.941617965698242,0,0.0,0.0
2003-07-31 00:00:00-04:00,6.941617965698242,6.941617965698242,6.941617965698242,6.941617965698242,0,0.0,0.0
2003-08-01 00:00:00-04:00,6.941617965698242,6.941617965698242,6.941617965698242,6.941617965698242,0,0.0,0.0
2003-08-04 00:00:00-04:00,6.941617965698242,6.941617965698242,6.941617965698242,6.941617965698242,0,0.0,0.0
2003-08-05 00:00:00-04:00,6.941617965698242,6.941617965698242,6.941617965698242,6.941617965698242,0,0.0,0.0
2003-08-06 00:00:00-04:00,6.941617965698242,6.941617965698242,6.941617965698242,6.941617965698242,0,0.0,0.0
2003-08-07 00:00:00-04:00,6.941617965698242,6.941617965698242,6.941617965698242,6.941617965698242,0,0.0,0.0
2003-08-08 00:00:00-04:00,6.941617965698242,6.941617965698242,6.941617965698242,6.941617965698242,0,0.0,0.0
2003-08-11 00:00:00-04:00,6.941617965698242,6.941617965698242,6.941617965698242,6.941617965698242,0,0.0,0.0
2003-08-12 00:00:00-04:00,6.941617965698242,6.941617965698242,6.941617965698242,6.941617965698242,0,0.0,0.0
2003-08-13 00:00:00-04:00,6.941617965698242,6.941617965698242,6.941617965698242,6.941617965698242,0,0.0,0.0
2003-08-14 00:00:00-04:00,6.941617965698242,6.941617965698242,6.941617965698242,6.941617965698242,0,0.0,0.0
2003-08-15 00:00:00-04:00,6.941617965698242,6.941617965698242,6.941617965698242,6.941617965698242,0,0.0,0.0
2003-08-18 00:00:00-04:00,6.941617965698242,6.941617965698242,6.941617965698242,6.941617965698242,0,0.0,0.0
2003-08-19 00:00:00-04:00,6.941617965698242,6.941617965698242,6.941617965698242,6.941617965698242,0,0.0,0.0
2003-08-20 00:00:00-04:00,6.941617965698242,6.941617965698242,6.941617965698242,6.941617965698242,0,0.0,0.0
2003-08-21 00:00:00-04:00,6.941617965698242,6.941617965698242,6.941617965698242,6.941617965698242,0,0.0,0.0
2003-08-22 00:00:00-04:00,6.941617965698242,6.941617965698242,6.941617965698242,6.941617965698242,0,0.0,0.0
2003-08-25 00:00:00-04:00,6.941617965698242,6.941617965698242,6.941617965698242,6.941617965698242,0,0.0,0.0
2003-08-26 00:00:00-04:00,6.941617965698242,6.941617965698242,6.941617965698242,6.941617965698242,0,0.0,0.0
2003-08-27 00:00:00-04:00,6.941617965698242,6.941617965698242,6.941617965698242,6.941617965698242,0,0.0,0.0
2003-08-28 00:00:00-04:00,6.941617965698242,6.941617965698242,6.941617965698242,6.941617965698242,0,0.0,0.0
2003-08-29 00:00:00-04:00,6.941617965698242,6.941617965698242,6.941617965698242,6.941617965698242,0,0.0,0.0
2003-09-02 00:00:00-04:00,6.941617965698242,6.941617965698242,6.941617965698242,6.941617965698242,0,0.0,0.0
2003-09-03 00:00:00-04:00,6.941617965698242,6.941617965698242,6.941617965698242,6.941617965698242,0,0.0,0.0
2003-09-04 00:00:00-04:00,6.941617965698242,6.941617965698242,6.941617965698242,6.941617965698242,0,0.0,0.0
2003-09-05 00:00:00-04:00,6.941617965698242,6.941617965698242,6.941617965698242,6.941617965698242,0,0.0,0.0
2003-09-08 00:00:00-04:00,7.437447808437529,7.685362735385447,7.437447808437529,7.487030982971191,5400,0.0,0.0
2003-09-09 00:00:00-04:00,7.487030982971191,7.487030982971191,7.487030982971191,7.487030982971191,0,0.0,0.0
2003-09-10 00:00:00-04:00,7.487030982971191,7.487030982971191,7.487030982971191,7.487030982971191,1000,0.0,0.0
2003-09-11 00:00:00-04:00,7.487030982971191,7.487030982971191,7.487030982971191,7.487030982971191,0,0.0,0.0
2003-09-12 00:00:00-04:00,7.5861968994140625,7.5861968994140625,7.5861968994140625,7.5861968994140625,200,0.0,0.0
2003-09-15 00:00:00-04:00,7.5861968994140625,7.5861968994140625,7.5861968994140625,7.5861968994140625,0,0.0,0.0
2003-09-16 00:00:00-04:00,7.734945774078369,7.734945774078369,7.734945774078369,7.734945774078369,100,0.0,0.0
2003-09-17 00:00:00-04:00,7.734945774078369,7.734945774078369,7.734945774078369,7.734945774078369,0,0.0,0.0
2003-09-18 00:00:00-04:00,7.734945774078369,7.734945774078369,7.734945774078369,7.734945774078369,0,0.0,0.0
2003-09-19 00:00:00-04:00,7.734945774078369,7.734945774078369,7.734945774078369,7.734945774078369,0,0.0,0.0
2003-09-22 00:00:00-04:00,7.685362815856934,7.685362815856934,7.685362815856934,7.685362815856934,500,0.0,0.0
2003-09-23 00:00:00-04:00,7.685362815856934,7.685362815856934,7.685362815856934,7.685362815856934,0,0.0,0.0
2003-09-24 00:00:00-04:00,7.834111907602306,7.834111907602306,7.784528732299805,7.784528732299805,1700,0.0,0.0
2003-09-25 00:00:00-04:00,7.784528732299805,7.784528732299805,7.784528732299805,7.784528732299805,0,0.0,0.0
2003-09-26 00:00:00-04:00,7.784528732299805,7.784528732299805,7.784528732299805,7.784528732299805,0,0.0,0.0
2003-09-29 00:00:00-04:00,7.784528732299805,7.784528732299805,7.784528732299805,7.784528732299805,0,0.0,0.0
2003-09-30 00:00:00-04:00,7.784528732299805,7.784528732299805,7.784528732299805,7.784528732299805,0,0.0,0.0
2003-10-01 00:00:00-04:00,7.784528732299805,7.784528732299805,7.784528732299805,7.784528732299805,0,0.0,0.0
2003-10-02 00:00:00-04:00,7.784528732299805,7.784528732299805,7.784528732299805,7.784528732299805,500,0.0,0.0
2003-10-03 00:00:00-04:00,7.784528732299805,7.784528732299805,7.784528732299805,7.784528732299805,300,0.0,0.0
2003-10-06 00:00:00-04:00,7.784528732299805,7.784528732299805,7.784528732299805,7.784528732299805,0,0.0,0.0
2003-10-07 00:00:00-04:00,7.83411169052124,7.83411169052124,7.83411169052124,7.83411169052124,500,0.0,0.0
2003-10-08 00:00:00-04:00,7.83411169052124,7.83411169052124,7.83411169052124,7.83411169052124,0,0.0,0.0
2003-10-09 00:00:00-04:00,7.83411169052124,7.83411169052124,7.83411169052124,7.83411169052124,0,0.0,0.0
2003-10-10 00:00:00-04:00,7.83411169052124,7.83411169052124,7.83411169052124,7.83411169052124,0,0.0,0.0
2003-10-13 00:00:00-04:00,7.83411169052124,7.83411169052124,7.83411169052124,7.83411169052124,0,0.0,0.0
2003-10-14 00:00:00-04:00,7.933277606964111,7.933277606964111,7.933277606964111,7.933277606964111,100,0.0,0.0
2003-10-15 00:00:00-04:00,7.933277606964111,7.933277606964111,7.933277606964111,7.933277606964111,0,0.0,0.0
2003-10-16 00:00:00-04:00,7.933277606964111,7.933277606964111,7.933277606964111,7.933277606964111,0,0.0,0.0
2003-10-17 00:00:00-04:00,7.933277606964111,7.933277606964111,7.933277606964111,7.933277606964111,0,0.0,0.0
2003-10-20 00:00:00-04:00,7.933277606964111,7.933277606964111,7.933277606964111,7.933277606964111,300,0.0,0.0
2003-10-21 00:00:00-04:00,7.933277606964111,7.933277606964111,7.933277606964111,7.933277606964111,0,0.0,0.0
2003-10-22 00:00:00-04:00,7.933277606964111,7.933277606964111,7.933277606964111,7.933277606964111,0,0.0,0.0
2003-10-23 00:00:00-04:00,7.933277606964111,7.933277606964111,7.933277606964111,7.933277606964111,0,0.0,0.0
2003-10-24 00:00:00-04:00,7.933277606964111,7.933277606964111,7.933277606964111,7.933277606964111,0,0.0,0.0
2003-10-27 00:00:00-05:00,7.933277606964111,7.933277606964111,7.933277606964111,7.933277606964111,0,0.0,0.0
2003-10-28 00:00:00-05:00,7.933277606964111,7.933277606964111,7.933277606964111,7.933277606964111,0,0.0,0.0
2003-10-29 00:00:00-05:00,7.933277606964111,7.933277606964111,7.933277606964111,7.933277606964111,0,0.0,0.0
2003-10-30 00:00:00-05:00,7.933277606964111,7.933277606964111,7.933277606964111,7.933277606964111,0,0.0,0.0
2003-10-31 00:00:00-05:00,8.032444331365113,8.280359268188477,8.032444331365113,8.280359268188477,2500,0.0,0.0
2003-11-03 00:00:00-05:00,8.280359268188477,8.280359268188477,8.280359268188477,8.280359268188477,1000,0.0,0.0
2003-11-04 00:00:00-05:00,8.181192577918132,8.181192577918132,8.03244400024414,8.03244400024414,1000,0.0,0.0
2003-11-05 00:00:00-05:00,8.181192398071289,8.181192398071289,8.181192398071289,8.181192398071289,200,0.0,0.0
2003-11-06 00:00:00-05:00,8.181192398071289,8.181192398071289,8.181192398071289,8.181192398071289,0,0.0,0.0
2003-11-07 00:00:00-05:00,8.181192398071289,8.181192398071289,8.181192398071289,8.181192398071289,0,0.0,0.0
2003-11-10 00:00:00-05:00,8.181192398071289,8.181192398071289,8.181192398071289,8.181192398071289,0,0.0,0.0
2003-11-11 00:00:00-05:00,8.181192398071289,8.181192398071289,8.181192398071289,8.181192398071289,0,0.0,0.0
2003-11-12 00:00:00-05:00,8.181192398071289,8.181192398071289,8.181192398071289,8.181192398071289,0,0.0,0.0
2003-11-13 00:00:00-05:00,8.181192398071289,8.181192398071289,8.181192398071289,8.181192398071289,0,0.0,0.0
2003-11-14 00:00:00-05:00,8.181192398071289,8.181192398071289,8.181192398071289,8.181192398071289,0,0.0,0.0
2003-11-17 00:00:00-05:00,8.181192398071289,8.181192398071289,8.181192398071289,8.181192398071289,0,0.0,0.0
2003-11-18 00:00:00-05:00,8.181192398071289,8.181192398071289,8.181192398071289,8.181192398071289,0,0.0,0.0
2003-11-19 00:00:00-05:00,8.181192398071289,8.181192398071289,8.181192398071289,8.181192398071289,0,0.0,0.0
2003-11-20 00:00:00-05:00,8.181192398071289,8.181192398071289,8.181192398071289,8.181192398071289,0,0.0,0.0
2003-11-21 00:00:00-05:00,8.181192398071289,8.181192398071289,8.181192398071289,8.181192398071289,0,0.0,0.0
2003-11-24 00:00:00-05:00,8.181192398071289,8.181192398071289,8.181192398071289,8.181192398071289,0,0.0,0.0
2003-11-25 00:00:00-05:00,8.181192398071289,8.181192398071289,8.181192398071289,8.181192398071289,0,0.0,0.0
2003-11-26 00:00:00-05:00,8.181192398071289,8.181192398071289,8.181192398071289,8.181192398071289,0,0.0,0.0
2003-11-28 00:00:00-05:00,8.181192398071289,8.181192398071289,8.181192398071289,8.181192398071289,0,0.0,0.0
2003-12-01 00:00:00-05:00,8.03244373803174,8.03244373803174,7.982860565185547,7.982860565185547,1000,0.0,0.0
2003-12-02 00:00:00-05:00,7.933277606964111,7.933277606964111,7.933277606964111,7.933277606964111,600,0.0,0.0
2003-12-03 00:00:00-05:00,7.933277606964111,7.933277606964111,7.933277606964111,7.933277606964111,0,0.0,0.0
2003-12-04 00:00:00-05:00,7.933277392339353,8.131609138003764,7.933277392339353,7.982860565185547,1900,0.0,0.0
2003-12-05 00:00:00-05:00,7.982860565185547,7.982860565185547,7.982860565185547,7.982860565185547,0,0.0,0.0
2003-12-08 00:00:00-05:00,7.982860565185547,7.982860565185547,7.982860565185547,7.982860565185547,0,0.0,0.0
2003-12-09 00:00:00-05:00,7.982860565185547,7.982860565185547,7.982860565185547,7.982860565185547,0,0.0,0.0
2003-12-10 00:00:00-05:00,8.181192398071289,8.181192398071289,8.181192398071289,8.181192398071289,600,0.0,0.0
2003-12-11 00:00:00-05:00,8.181192398071289,8.181192398071289,8.181192398071289,8.181192398071289,0,0.0,0.0
2003-12-12 00:00:00-05:00,8.181192398071289,8.181192398071289,8.181192398071289,8.181192398071289,0,0.0,0.0
2003-12-15 00:00:00-05:00,8.429107666015625,8.429107666015625,8.429107666015625,8.429107666015625,2500,0.0,0.0
2003-12-16 00:00:00-05:00,8.429107666015625,8.429107666015625,8.429107666015625,8.429107666015625,1500,0.0,0.0
2003-12-17 00:00:00-05:00,8.429107666015625,8.429107666015625,8.429107666015625,8.429107666015625,200,0.0,0.0
2003-12-18 00:00:00-05:00,8.429107666015625,8.429107666015625,8.429107666015625,8.429107666015625,0,0.0,0.0
2003-12-19 00:00:00-05:00,8.429107666015625,8.429107666015625,8.429107666015625,8.429107666015625,0,0.0,0.0
2003-12-22 00:00:00-05:00,8.429107666015625,8.429107666015625,8.429107666015625,8.429107666015625,0,0.0,0.0
2003-12-23 00:00:00-05:00,8.429107666015625,8.429107666015625,8.429107666015625,8.429107666015625,0,0.0,0.0
2003-12-24 00:00:00-05:00,8.429107666015625,8.429107666015625,8.429107666015625,8.429107666015625,0,0.0,0.0
2003-12-26 00:00:00-05:00,8.429107666015625,8.429107666015625,8.429107666015625,8.429107666015625,0,0.0,0.0
2003-12-29 00:00:00-05:00,8.429107666015625,8.429107666015625,8.429107666015625,8.429107666015625,0,0.0,0.0
2003-12-30 00:00:00-05:00,8.429107666015625,8.429107666015625,8.429107666015625,8.429107666015625,0,0.0,0.0
2003-12-31 00:00:00-05:00,8.429107666015625,8.429107666015625,8.429107666015625,8.429107666015625,500,0.0,0.0
2004-01-02 00:00:00-05:00,8.429107666015625,8.429107666015625,8.429107666015625,8.429107666015625,600,0.0,0.0
2004-01-05 00:00:00-05:00,8.42910785199432,8.42910785199432,8.280359268188477,8.280359268188477,600,0.0,0.0
2004-01-06 00:00:00-05:00,8.280359268188477,8.280359268188477,8.280359268188477,8.280359268188477,0,0.0,0.0
2004-01-07 00:00:00-05:00,8.131608963012695,8.131608963012695,8.131608963012695,8.131608963012695,500,0.0,0.0
2004-01-08 00:00:00-05:00,8.131608963012695,8.131608963012695,8.131608963012695,8.131608963012695,100,0.0,0.0
2004-01-09 00:00:00-05:00,8.131608963012695,8.131608963012695,8.131608963012695,8.131608963012695,0,0.0,0.0
2004-01-12 00:00:00-05:00,8.131608963012695,8.131608963012695,8.131608963012695,8.131608963012695,0,0.0,0.0
2004-01-13 00:00:00-05:00,8.131608963012695,8.131608963012695,8.131608963012695,8.131608963012695,0,0.0,0.0
2004-01-14 00:00:00-05:00,8.131608963012695,8.131608963012695,8.131608963012695,8.131608963012695,0,0.0,0.0
2004-01-15 00:00:00-05:00,8.181192398071289,8.181192398071289,8.181192398071289,8.181192398071289,100,0.0,0.0
2004-01-16 00:00:00-05:00,8.181192398071289,8.181192398071289,8.181192398071289,8.181192398071289,0,0.0,0.0
2004-01-20 00:00:00-05:00,8.181192398071289,8.181192398071289,8.181192398071289,8.181192398071289,0,0.0,0.0
2004-01-21 00:00:00-05:00,8.181192398071289,8.181192398071289,8.181192398071289,8.181192398071289,0,0.0,0.0
2004-01-22 00:00:00-05:00,8.379524230957031,8.379524230957031,8.379524230957031,8.379524230957031,100,0.0,0.0
2004-01-23 00:00:00-05:00,8.230775655042205,8.379524230957031,8.230775655042205,8.379524230957031,1100,0.0,0.0
2004-01-26 00:00:00-05:00,8.429107319224965,8.429107319224965,8.181192398071289,8.181192398071289,3100,0.0,0.0
2004-01-27 00:00:00-05:00,8.082026481628418,8.082026481628418,8.082026481628418,8.082026481628418,500,0.0,0.0
2004-01-28 00:00:00-05:00,8.082026481628418,8.082026481628418,8.082026481628418,8.082026481628418,0,0.0,0.0
2004-01-29 00:00:00-05:00,8.082026481628418,8.082026481628418,8.082026481628418,8.082026481628418,0,0.0,0.0
2004-01-30 00:00:00-05:00,8.082026481628418,8.082026481628418,8.082026481628418,8.082026481628418,0,0.0,0.0
2004-02-02 00:00:00-05:00,7.933277606964111,7.933277606964111,7.933277606964111,7.933277606964111,200,0.0,0.0
2004-02-03 00:00:00-05:00,7.933277606964111,7.933277606964111,7.933277606964111,7.933277606964111,0,0.0,0.0
2004-02-04 00:00:00-05:00,8.181192398071289,8.181192398071289,8.181192398071289,8.181192398071289,600,0.0,0.0
2004-02-05 00:00:00-05:00,8.181192398071289,8.181192398071289,8.181192398071289,8.181192398071289,0,0.0,0.0
2004-02-06 00:00:00-05:00,8.181192398071289,8.181192398071289,8.181192398071289,8.181192398071289,0,0.0,0.0
2004-02-09 00:00:00-05:00,8.181192398071289,8.181192398071289,8.181192398071289,8.181192398071289,0,0.0,0.0
2004-02-10 00:00:00-05:00,8.181192398071289,8.181192398071289,8.181192398071289,8.181192398071289,0,0.0,0.0
2004-02-11 00:00:00-05:00,8.181192398071289,8.181192398071289,8.181192398071289,8.181192398071289,0,0.0,0.0
2004-02-12 00:00:00-05:00,8.181192398071289,8.181192398071289,8.181192398071289,8.181192398071289,0,0.0,0.0
2004-02-13 00:00:00-05:00,8.181192398071289,8.181192398071289,8.181192398071289,8.181192398071289,0,0.0,0.0
2004-02-17 00:00:00-05:00,8.181192398071289,8.181192398071289,8.181192398071289,8.181192398071289,0,0.0,0.0
2004-02-18 00:00:00-05:00,8.181192398071289,8.181192398071289,8.181192398071289,8.181192398071289,0,0.0,0.0
2004-02-19 00:00:00-05:00,8.181192398071289,8.181192398071289,8.181192398071289,8.181192398071289,0,0.0,0.0
2004-02-20 00:00:00-05:00,8.181192398071289,8.181192398071289,8.181192398071289,8.181192398071289,0,0.0,0.0
2004-02-23 00:00:00-05:00,8.082025965157571,8.082025965157571,7.982860565185547,7.982860565185547,1300,0.0,0.0
2004-02-24 00:00:00-05:00,7.9828607811517145,7.9828607811517145,7.933277606964111,7.933277606964111,800,0.0,0.0
2004-02-25 00:00:00-05:00,7.933277606964111,7.933277606964111,7.933277606964111,7.933277606964111,200,0.0,0.0
2004-02-26 00:00:00-05:00,7.933277606964111,7.933277606964111,7.933277606964111,7.933277606964111,800,0.0,0.0
2004-02-27 00:00:00-05:00,7.933277606964111,7.933277606964111,7.933277606964111,7.933277606964111,200,0.0,0.0
2004-03-01 00:00:00-05:00,7.933277606964111,7.933277606964111,7.933277606964111,7.933277606964111,1200,0.0,0.0
2004-03-02 00:00:00-05:00,8.131609580751693,8.131609580751693,7.883694648742676,7.883694648742676,4100,0.0,0.0
2004-03-03 00:00:00-05:00,7.883694610044603,7.883694610044603,7.784528732299805,7.784528732299805,1500,0.0,0.0
2004-03-04 00:00:00-05:00,7.685362554162819,7.685362554162819,7.63577938079834,7.63577938079834,700,0.0,0.0
2004-03-05 00:00:00-05:00,7.63577938079834,7.63577938079834,7.63577938079834,7.63577938079834,0,0.0,0.0
2004-03-08 00:00:00-05:00,7.63577938079834,7.63577938079834,7.63577938079834,7.63577938079834,0,0.0,0.0
2004-03-09 00:00:00-05:00,7.5861968994140625,7.5861968994140625,7.5861968994140625,7.5861968994140625,100,0.0,0.0
2004-03-10 00:00:00-05:00,7.5861968994140625,7.5861968994140625,7.5861968994140625,7.5861968994140625,0,0.0,0.0
2004-03-11 00:00:00-05:00,7.5861968994140625,7.5861968994140625,7.5861968994140625,7.5861968994140625,0,0.0,0.0
2004-03-12 00:00:00-05:00,7.625863075256348,7.625863075256348,7.625863075256348,7.625863075256348,500,0.0,0.0
2004-03-15 00:00:00-05:00,7.625863075256348,7.625863075256348,7.625863075256348,7.625863075256348,0,0.0,0.0
2004-03-16 00:00:00-05:00,7.625863075256348,7.625863075256348,7.625863075256348,7.625863075256348,0,0.0,0.0
2004-03-17 00:00:00-05:00,7.625863075256348,7.625863075256348,7.625863075256348,7.625863075256348,0,0.0,0.0
2004-03-18 00:00:00-05:00,7.5861968994140625,7.5861968994140625,7.5861968994140625,7.5861968994140625,400,0.0,0.0
2004-03-19 00:00:00-05:00,7.5861968994140625,7.5861968994140625,7.5861968994140625,7.5861968994140625,0,0.0,0.0
2004-03-22 00:00:00-05:00,7.625863075256348,7.625863075256348,7.625863075256348,7.625863075256348,200,0.0,0.0
2004-03-23 00:00:00-05:00,7.63577938079834,7.63577938079834,7.63577938079834,7.63577938079834,2300,0.0,0.0
2004-03-24 00:00:00-05:00,7.635779640804099,7.784528693102402,7.635779640804099,7.685362815856934,5000,0.0,0.0
2004-03-25 00:00:00-05:00,7.685362815856934,7.685362815856934,7.685362815856934,7.685362815856934,2500,0.0,0.0
2004-03-26 00:00:00-05:00,7.685362815856934,7.685362815856934,7.685362815856934,7.685362815856934,0,0.0,0.0
2004-03-29 00:00:00-05:00,7.685362815856934,7.685362815856934,7.685362815856934,7.685362815856934,0,0.0,0.0
2004-03-30 00:00:00-05:00,7.536613464355469,7.536613464355469,7.536613464355469,7.536613464355469,200,0.0,0.0
2004-03-31 00:00:00-05:00,7.487030982971191,7.487030982971191,7.487030982971191,7.487030982971191,300,0.0,0.0
2004-04-01 00:00:00-05:00,7.487030982971191,7.487030982971191,7.487030982971191,7.487030982971191,0,0.0,0.0
2004-04-02 00:00:00-05:00,7.5861968994140625,7.5861968994140625,7.5861968994140625,7.5861968994140625,500,0.0,0.0
2004-04-05 00:00:00-04:00,7.536613464355469,7.536613464355469,7.536613464355469,7.536613464355469,500,0.0,0.0
2004-04-06 00:00:00-04:00,7.536613464355469,7.536613464355469,7.536613464355469,7.536613464355469,0,0.0,0.0
2004-04-07 00:00:00-04:00,7.536613464355469,7.536613464355469,7.536613464355469,7.536613464355469,0,0.0,0.0
2004-04-08 00:00:00-04:00,7.784528732299805,7.784528732299805,7.784528732299805,7.784528732299805,1000,0.0,0.0
2004-04-12 00:00:00-04:00,7.685362815856934,7.685362815856934,7.685362815856934,7.685362815856934,200,0.0,0.0
2004-04-13 00:00:00-04:00,7.536613420646063,7.586196593442885,7.437447547912598,7.437447547912598,1700,0.0,0.0
2004-04-14 00:00:00-04:00,7.437447547912598,7.437447547912598,7.437447547912598,7.437447547912598,0,0.0,0.0
2004-04-15 00:00:00-04:00,7.437447547912598,7.437447547912598,7.437447547912598,7.437447547912598,0,0.0,0.0
2004-04-16 00:00:00-04:00,7.437447547912598,7.437447547912598,7.437447547912598,7.437447547912598,100,0.0,0.0
2004-04-19 00:00:00-04:00,7.437447547912598,7.437447547912598,7.437447547912598,7.437447547912598,0,0.0,0.0
2004-04-20 00:00:00-04:00,7.387864811170049,7.387864811170049,7.338282108306885,7.338282108306885,2000,0.0,0.0
2004-04-21 00:00:00-04:00,7.338282108306885,7.338282108306885,7.338282108306885,7.338282108306885,200,0.0,0.0
2004-04-22 00:00:00-04:00,7.437447547912598,7.437447547912598,7.437447547912598,7.437447547912598,200,0.0,0.0
2004-04-23 00:00:00-04:00,7.387864589691162,7.387864589691162,7.387864589691162,7.387864589691162,100,0.0,0.0
2004-04-26 00:00:00-04:00,7.387864589691162,7.387864589691162,7.387864589691162,7.387864589691162,0,0.0,0.0
2004-04-27 00:00:00-04:00,7.387864589691162,7.387864589691162,7.387864589691162,7.387864589691162,0,0.0,0.0
2004-04-28 00:00:00-04:00,7.387864589691162,7.387864589691162,7.387864589691162,7.387864589691162,0,0.0,0.0
2004-04-29 00:00:00-04:00,7.387864589691162,7.387864589691162,7.387864589691162,7.387864589691162,0,0.0,0.0
2004-04-30 00:00:00-04:00,7.387864548306461,7.387864548306461,7.288698673248291,7.288698673248291,2000,0.0,0.0
2004-05-03 00:00:00-04:00,7.288698673248291,7.288698673248291,7.288698673248291,7.288698673248291,0,0.0,0.0
2004-05-04 00:00:00-04:00,7.288698673248291,7.288698673248291,7.288698673248291,7.288698673248291,400,0.0,0.0
2004-05-05 00:00:00-04:00,7.189532973753955,7.189532973753955,7.139949798583984,7.139949798583984,400,0.0,0.0
2004-05-06 00:00:00-04:00,7.090367057036694,7.090367057036694,7.040783882141113,7.040783882141113,900,0.0,0.0
2004-05-07 00:00:00-04:00,7.040783882141113,7.040783882141113,7.040783882141113,7.040783882141113,0,0.0,0.0
2004-05-10 00:00:00-04:00,7.040783882141113,7.040783882141113,7.040783882141113,7.040783882141113,100,0.0,0.0
2004-05-11 00:00:00-04:00,6.991201180105732,7.090367057036694,6.991201180105732,7.040783882141113,900,0.0,0.0
2004-05-12 00:00:00-04:00,7.040783882141113,7.040783882141113,7.040783882141113,7.040783882141113,0,0.0,0.0
2004-05-13 00:00:00-04:00,7.040783882141113,7.040783882141113,7.040783882141113,7.040783882141113,0,0.0,0.0
2004-05-14 00:00:00-04:00,7.040783882141113,7.040783882141113,7.040783882141113,7.040783882141113,0,0.0,0.0
2004-05-17 00:00:00-04:00,7.040783882141113,7.040783882141113,7.040783882141113,7.040783882141113,0,0.0,0.0
2004-05-18 00:00:00-04:00,7.040783882141113,7.040783882141113,7.040783882141113,7.040783882141113,0,0.0,0.0
2004-05-19 00:00:00-04:00,6.991200923919678,6.991200923919678,6.991200923919678,6.991200923919678,200,0.0,0.0
2004-05-20 00:00:00-04:00,6.991200923919678,6.991200923919678,6.991200923919678,6.991200923919678,0,0.0,0.0
2004-05-21 00:00:00-04:00,6.941617703379286,6.941617703379286,6.892034530639648,6.892034530639648,1100,0.0,0.0
2004-05-24 00:00:00-04:00,6.892034530639648,6.892034530639648,6.892034530639648,6.892034530639648,0,0.0,0.0
2004-05-25 00:00:00-04:00,6.892034530639648,6.892034530639648,6.892034530639648,6.892034530639648,0,0.0,0.0
2004-05-26 00:00:00-04:00,6.892034530639648,6.892034530639648,6.892034530639648,6.892034530639648,0,0.0,0.0
2004-05-27 00:00:00-04:00,6.892034530639648,6.892034530639648,6.892034530639648,6.892034530639648,0,0.0,0.0
2004-05-28 00:00:00-04:00,6.892034530639648,6.892034530639648,6.892034530639648,6.892034530639648,0,0.0,0.0
2004-06-01 00:00:00-04:00,6.892034530639648,6.892034530639648,6.892034530639648,6.892034530639648,0,0.0,0.0
2004-06-02 00:00:00-04:00,6.941617965698242,6.941617965698242,6.941617965698242,6.941617965698242,200,0.0,0.0
2004-06-03 00:00:00-04:00,6.941617965698242,6.941617965698242,6.941617965698242,6.941617965698242,0,0.0,0.0
2004-06-04 00:00:00-04:00,6.842452266934267,6.842452266934267,6.7928690910339355,6.7928690910339355,1000,0.0,0.0
2004-06-07 00:00:00-04:00,6.7928690910339355,6.7928690910339355,6.7928690910339355,6.7928690910339355,0,0.0,0.0
2004-06-08 00:00:00-04:00,6.7928690910339355,6.7928690910339355,6.7928690910339355,6.7928690910339355,0,0.0,0.0
2004-06-09 00:00:00-04:00,6.7928690910339355,6.7928690910339355,6.7928690910339355,6.7928690910339355,0,0.0,0.0
2004-06-10 00:00:00-04:00,6.7928690910339355,6.7928690910339355,6.7928690910339355,6.7928690910339355,0,0.0,0.0
2004-06-14 00:00:00-04:00,6.7432861328125,6.7432861328125,6.7432861328125,6.7432861328125,100,0.0,0.0
2004-06-15 00:00:00-04:00,6.7432861328125,6.7432861328125,6.7432861328125,6.7432861328125,0,0.0,0.0
2004-06-16 00:00:00-04:00,6.7432861328125,6.7432861328125,6.7432861328125,6.7432861328125,0,0.0,0.0
2004-06-17 00:00:00-04:00,6.7432861328125,6.7432861328125,6.7432861328125,6.7432861328125,0,0.0,0.0
2004-06-18 00:00:00-04:00,6.7432861328125,6.7432861328125,6.7432861328125,6.7432861328125,0,0.0,0.0
2004-06-21 00:00:00-04:00,6.7432861328125,6.7432861328125,6.7432861328125,6.7432861328125,0,0.0,0.0
2004-06-22 00:00:00-04:00,6.7432861328125,6.7432861328125,6.7432861328125,6.7432861328125,0,0.0,0.0
2004-06-23 00:00:00-04:00,6.7432861328125,6.7432861328125,6.7432861328125,6.7432861328125,0,0.0,0.0
2004-06-24 00:00:00-04:00,6.7432861328125,6.7432861328125,6.7432861328125,6.7432861328125,0,0.0,0.0
2004-06-25 00:00:00-04:00,6.7432861328125,6.7432861328125,6.7432861328125,6.7432861328125,0,0.0,0.0
2004-06-28 00:00:00-04:00,6.7432861328125,6.7432861328125,6.7432861328125,6.7432861328125,0,0.0,0.0
2004-06-29 00:00:00-04:00,6.7432861328125,6.7432861328125,6.7432861328125,6.7432861328125,0,0.0,0.0
2004-06-30 00:00:00-04:00,6.7432861328125,6.7432861328125,6.7432861328125,6.7432861328125,0,0.0,0.0
2004-07-01 00:00:00-04:00,6.644119739532471,6.644119739532471,6.644119739532471,6.644119739532471,800,0.0,0.0
2004-07-02 00:00:00-04:00,6.644119739532471,6.644119739532471,6.644119739532471,6.644119739532471,0,0.0,0.0
2004-07-06 00:00:00-04:00,6.7432861328125,6.7432861328125,6.7432861328125,6.7432861328125,200,0.0,0.0
2004-07-07 00:00:00-04:00,6.7432861328125,6.7432861328125,6.7432861328125,6.7432861328125,0,0.0,0.0
2004-07-08 00:00:00-04:00,6.7432861328125,6.7432861328125,6.7432861328125,6.7432861328125,0,0.0,0.0
2004-07-09 00:00:00-04:00,6.7432861328125,6.7432861328125,6.7432861328125,6.7432861328125,0,0.0,0.0
2004-07-12 00:00:00-04:00,6.7432861328125,6.7432861328125,6.7432861328125,6.7432861328125,0,0.0,0.0
2004-07-13 00:00:00-04:00,6.7432861328125,6.7432861328125,6.7432861328125,6.7432861328125,0,0.0,0.0
2004-07-14 00:00:00-04:00,6.7432861328125,6.7432861328125,6.7432861328125,6.7432861328125,0,0.0,0.0
2004-07-15 00:00:00-04:00,6.7432861328125,6.7432861328125,6.7432861328125,6.7432861328125,0,0.0,0.0
2004-07-16 00:00:00-04:00,6.7432861328125,6.7432861328125,6.7432861328125,6.7432861328125,0,0.0,0.0
2004-07-19 00:00:00-04:00,6.7432861328125,6.7432861328125,6.7432861328125,6.7432861328125,0,0.0,0.0
2004-07-20 00:00:00-04:00,6.7432861328125,6.7432861328125,6.7432861328125,6.7432861328125,0,0.0,0.0
2004-07-21 00:00:00-04:00,6.7432861328125,6.7432861328125,6.7432861328125,6.7432861328125,0,0.0,0.0
2004-07-22 00:00:00-04:00,6.7432861328125,6.7432861328125,6.7432861328125,6.7432861328125,0,0.0,0.0
2004-07-23 00:00:00-04:00,6.7432861328125,6.7432861328125,6.7432861328125,6.7432861328125,0,0.0,0.0
2004-07-26 00:00:00-04:00,6.7432861328125,6.7432861328125,6.7432861328125,6.7432861328125,0,0.0,0.0
2004-07-27 00:00:00-04:00,6.7432861328125,6.7432861328125,6.7432861328125,6.7432861328125,0,0.0,0.0
2004-07-28 00:00:00-04:00,6.7432861328125,6.7432861328125,6.7432861328125,6.7432861328125,0,0.0,0.0
2004-07-29 00:00:00-04:00,6.7432861328125,6.7432861328125,6.7432861328125,6.7432861328125,0,0.0,0.0
2004-07-30 00:00:00-04:00,6.7432861328125,6.7432861328125,6.7432861328125,6.7432861328125,0,0.0,0.0
2004-08-02 00:00:00-04:00,6.7432861328125,6.7432861328125,6.7432861328125,6.7432861328125,0,0.0,0.0
2004-08-03 00:00:00-04:00,6.6937031745910645,6.6937031745910645,6.6937031745910645,6.6937031745910645,1000,0.0,0.0
2004-08-04 00:00:00-04:00,6.644119739532471,6.644119739532471,6.644119739532471,6.644119739532471,1000,0.0,0.0
2004-08-05 00:00:00-04:00,6.644119739532471,6.644119739532471,6.644119739532471,6.644119739532471,0,0.0,0.0
2004-08-06 00:00:00-04:00,6.644119739532471,6.644119739532471,6.644119739532471,6.644119739532471,0,0.0,0.0
2004-08-09 00:00:00-04:00,6.644119739532471,6.644119739532471,6.644119739532471,6.644119739532471,0,0.0,0.0
2004-08-10 00:00:00-04:00,6.5449538230896,6.5449538230896,6.5449538230896,6.5449538230896,600,0.0,0.0
2004-08-11 00:00:00-04:00,6.445787862751069,6.445787862751069,6.346621990203857,6.346621990203857,1000,0.0,0.0
2004-08-12 00:00:00-04:00,6.247456073760986,6.247456073760986,6.247456073760986,6.247456073760986,500,0.0,0.0
2004-08-13 00:00:00-04:00,6.247456073760986,6.247456073760986,6.247456073760986,6.247456073760986,0,0.0,0.0
2004-08-16 00:00:00-04:00,6.148290119015454,6.148290119015454,6.049124240875244,6.049124240875244,1000,0.0,0.0
2004-08-17 00:00:00-04:00,6.049124240875244,6.049124240875244,6.049124240875244,6.049124240875244,0,0.0,0.0
2004-08-18 00:00:00-04:00,6.148290157318115,6.148290157318115,6.148290157318115,6.148290157318115,500,0.0,0.0
2004-08-19 00:00:00-04:00,6.118540287017822,6.118540287017822,6.118540287017822,6.118540287017822,600,0.0,0.0
2004-08-20 00:00:00-04:00,6.197873115539551,6.197873115539551,6.197873115539551,6.197873115539551,100,0.0,0.0
2004-08-23 00:00:00-04:00,6.197873115539551,6.197873115539551,6.197873115539551,6.197873115539551,0,0.0,0.0
2004-08-24 00:00:00-04:00,6.197873115539551,6.197873115539551,6.197873115539551,6.197873115539551,0,0.0,0.0
2004-08-25 00:00:00-04:00,6.197873115539551,6.197873115539551,6.197873115539551,6.197873115539551,0,0.0,0.0
2004-08-26 00:00:00-04:00,6.1284565925598145,6.1284565925598145,6.1284565925598145,6.1284565925598145,500,0.0,0.0
2004-08-27 00:00:00-04:00,6.1284565925598145,6.1284565925598145,6.1284565925598145,6.1284565925598145,0,0.0,0.0
2004-08-30 00:00:00-04:00,6.1284565925598145,6.1284565925598145,6.1284565925598145,6.1284565925598145,0,0.0,0.0
2004-08-31 00:00:00-04:00,6.1284565925598145,6.1284565925598145,6.1284565925598145,6.1284565925598145,0,0.0,0.0
2004-09-01 00:00:00-04:00,6.178040027618408,6.178040027618408,6.178040027618408,6.178040027618408,100,0.0,0.0
2004-09-02 00:00:00-04:00,6.178040027618408,6.178040027618408,6.178040027618408,6.178040027618408,0,0.0,0.0
2004-09-03 00:00:00-04:00,6.178040027618408,6.178040027618408,6.178040027618408,6.178040027618408,0,0.0,0.0
2004-09-07 00:00:00-04:00,6.178040027618408,6.178040027618408,6.178040027618408,6.178040027618408,0,0.0,0.0
2004-09-08 00:00:00-04:00,6.148290157318115,6.148290157318115,6.148290157318115,6.148290157318115,500,0.0,0.0
2004-09-09 00:00:00-04:00,6.049124240875244,6.049124240875244,6.049124240875244,6.049124240875244,500,0.0,0.0
2004-09-10 00:00:00-04:00,6.049124240875244,6.049124240875244,6.049124240875244,6.049124240875244,0,0.0,0.0
2004-09-13 00:00:00-04:00,6.049124240875244,6.049124240875244,6.049124240875244,6.049124240875244,0,0.0,0.0
2004-09-14 00:00:00-04:00,6.118540287017822,6.118540287017822,6.118540287017822,6.118540287017822,100,0.0,0.0
2004-09-15 00:00:00-04:00,6.118540287017822,6.118540287017822,6.118540287017822,6.118540287017822,0,0.0,0.0
2004-09-16 00:00:00-04:00,6.118540287017822,6.118540287017822,6.118540287017822,6.118540287017822,0,0.0,0.0
2004-09-17 00:00:00-04:00,6.049124240875244,6.049124240875244,6.049124240875244,6.049124240875244,1000,0.0,0.0
2004-09-20 00:00:00-04:00,6.148289899970197,6.247456247437611,6.09870719909668,6.09870719909668,2200,0.0,0.0
2004-09-21 00:00:00-04:00,5.949958324432373,5.949958324432373,5.949958324432373,5.949958324432373,300,0.0,0.0
2004-09-22 00:00:00-04:00,5.949958324432373,5.949958324432373,5.949958324432373,5.949958324432373,0,0.0,0.0
2004-09-23 00:00:00-04:00,5.949958324432373,5.949958324432373,5.949958324432373,5.949958324432373,0,0.0,0.0
2004-09-24 00:00:00-04:00,5.949958324432373,5.949958324432373,5.949958324432373,5.949958324432373,300,0.0,0.0
2004-09-27 00:00:00-04:00,5.949958324432373,5.949958324432373,5.949958324432373,5.949958324432373,0,0.0,0.0
2004-09-28 00:00:00-04:00,5.949958324432373,5.949958324432373,5.949958324432373,5.949958324432373,0,0.0,0.0
2004-09-29 00:00:00-04:00,5.949958324432373,5.949958324432373,5.949958324432373,5.949958324432373,0,0.0,0.0
2004-09-30 00:00:00-04:00,5.949958324432373,5.949958324432373,5.949958324432373,5.949958324432373,0,0.0,0.0
2004-10-01 00:00:00-04:00,5.949958324432373,5.949958324432373,5.949958324432373,5.949958324432373,0,0.0,0.0
2004-10-04 00:00:00-04:00,5.949958324432373,5.949958324432373,5.949958324432373,5.949958324432373,0,0.0,0.0
2004-10-05 00:00:00-04:00,5.949958324432373,5.949958324432373,5.949958324432373,5.949958324432373,0,0.0,0.0
2004-10-06 00:00:00-04:00,5.949958324432373,5.949958324432373,5.949958324432373,5.949958324432373,0,0.0,0.0
2004-10-07 00:00:00-04:00,5.949958324432373,5.949958324432373,5.949958324432373,5.949958324432373,0,0.0,0.0
2004-10-08 00:00:00-04:00,5.949958324432373,6.098707377115224,5.949958324432373,5.949958324432373,1300,0.0,0.0
2004-10-11 00:00:00-04:00,5.900374889373779,5.900374889373779,5.900374889373779,5.900374889373779,100,0.0,0.0
2004-10-12 00:00:00-04:00,5.801209233138494,5.850792407989502,5.801209233138494,5.850792407989502,1100,0.0,0.0
2004-10-13 00:00:00-04:00,5.801208972930908,5.801208972930908,5.801208972930908,5.801208972930908,100,0.0,0.0
2004-10-14 00:00:00-04:00,5.751626491546631,5.751626491546631,5.751626491546631,5.751626491546631,100,0.0,0.0
2004-10-15 00:00:00-04:00,5.702043056488037,5.702043056488037,5.652459884244071,5.702043056488037,1100,0.0,0.0
2004-10-18 00:00:00-04:00,5.692126274108887,5.692126274108887,5.692126274108887,5.692126274108887,100,0.0,0.0
2004-10-19 00:00:00-04:00,5.692126274108887,5.692126274108887,5.692126274108887,5.692126274108887,0,0.0,0.0
2004-10-20 00:00:00-04:00,5.692126274108887,5.692126274108887,5.692126274108887,5.692126274108887,0,0.0,0.0
2004-10-21 00:00:00-04:00,5.652460281916026,5.652460281916026,5.503711700439453,5.503711700439453,900,0.0,0.0
2004-10-22 00:00:00-04:00,5.503711700439453,5.503711700439453,5.503711700439453,5.503711700439453,0,0.0,0.0
2004-10-25 00:00:00-04:00,5.503711700439453,5.503711700439453,5.503711700439453,5.503711700439453,0,0.0,0.0
2004-10-26 00:00:00-04:00,5.5532941818237305,5.5532941818237305,5.5532941818237305,5.5532941818237305,200,0.0,0.0
2004-10-27 00:00:00-04:00,5.5532941818237305,5.5532941818237305,5.5532941818237305,5.5532941818237305,0,0.0,0.0
2004-10-28 00:00:00-04:00,5.602877228143255,5.801208972930908,5.602877228143255,5.801208972930908,1200,0.0,0.0
2004-10-29 00:00:00-04:00,5.850792145557911,5.850792145557911,5.801208972930908,5.801208972930908,1000,0.0,0.0
2004-11-01 00:00:00-05:00,5.801208972930908,5.801208972930908,5.801208972930908,5.801208972930908,0,0.0,0.0
2004-11-02 00:00:00-05:00,5.850792407989502,5.850792407989502,5.850792407989502,5.850792407989502,200,0.0,0.0
2004-11-03 00:00:00-05:00,5.850792407989502,5.850792407989502,5.850792407989502,5.850792407989502,0,0.0,0.0
2004-11-04 00:00:00-05:00,5.900374889373779,5.900374889373779,5.900374889373779,5.900374889373779,200,0.0,0.0
2004-11-05 00:00:00-05:00,5.900374889373779,5.900374889373779,5.900374889373779,5.900374889373779,0,0.0,0.0
2004-11-08 00:00:00-05:00,5.900374889373779,5.900374889373779,5.900374889373779,5.900374889373779,0,0.0,0.0
2004-11-09 00:00:00-05:00,5.751626491546631,5.751626491546631,5.751626491546631,5.751626491546631,100,0.0,0.0
2004-11-10 00:00:00-05:00,5.751626491546631,5.751626491546631,5.751626491546631,5.751626491546631,0,0.0,0.0
2004-11-11 00:00:00-05:00,5.751626491546631,5.751626491546631,5.751626491546631,5.751626491546631,0,0.0,0.0
2004-11-12 00:00:00-05:00,5.751626491546631,5.751626491546631,5.751626491546631,5.751626491546631,0,0.0,0.0
2004-11-15 00:00:00-05:00,5.751626491546631,5.751626491546631,5.751626491546631,5.751626491546631,0,0.0,0.0
2004-11-16 00:00:00-05:00,5.801209271749523,5.949958324432373,5.801209271749523,5.949958324432373,400,0.0,0.0
2004-11-17 00:00:00-05:00,5.949958324432373,5.949958324432373,5.949958324432373,5.949958324432373,0,0.0,0.0
2004-11-18 00:00:00-05:00,5.949958324432373,5.949958324432373,5.949958324432373,5.949958324432373,0,0.0,0.0
2004-11-19 00:00:00-05:00,5.949958324432373,5.949958324432373,5.949958324432373,5.949958324432373,0,0.0,0.0
2004-11-22 00:00:00-05:00,5.949958324432373,5.949958324432373,5.949958324432373,5.949958324432373,0,0.0,0.0
2004-11-23 00:00:00-05:00,5.949958324432373,5.949958324432373,5.949958324432373,5.949958324432373,0,0.0,0.0
2004-11-24 00:00:00-05:00,5.949958324432373,5.949958324432373,5.949958324432373,5.949958324432373,0,0.0,0.0
2004-11-26 00:00:00-05:00,5.949958324432373,5.949958324432373,5.949958324432373,5.949958324432373,0,0.0,0.0
2004-11-29 00:00:00-05:00,5.949958324432373,5.949958324432373,5.949958324432373,5.949958324432373,0,0.0,0.0
2004-11-30 00:00:00-05:00,5.949958324432373,5.949958324432373,5.949958324432373,5.949958324432373,500,0.0,0.0
2004-12-01 00:00:00-05:00,5.949958324432373,5.949958324432373,5.949958324432373,5.949958324432373,0,0.0,0.0
2004-12-02 00:00:00-05:00,5.949958324432373,5.949958324432373,5.949958324432373,5.949958324432373,0,0.0,0.0
2004-12-03 00:00:00-05:00,5.949958324432373,5.949958324432373,5.949958324432373,5.949958324432373,0,0.0,0.0
2004-12-06 00:00:00-05:00,5.949958324432373,5.949958324432373,5.949958324432373,5.949958324432373,1000,0.0,0.0
2004-12-07 00:00:00-05:00,5.949958324432373,5.949958324432373,5.949958324432373,5.949958324432373,2800,0.0,0.0
2004-12-08 00:00:00-05:00,5.840875321888438,5.840875321888438,5.801208972930908,5.801208972930908,500,0.0,0.0
2004-12-09 00:00:00-05:00,5.801208972930908,5.801208972930908,5.801208972930908,5.801208972930908,0,0.0,0.0
2004-12-10 00:00:00-05:00,5.801208972930908,5.801208972930908,5.801208972930908,5.801208972930908,0,0.0,0.0
2004-12-13 00:00:00-05:00,5.90037510998031,5.90037510998031,5.850792407989502,5.850792407989502,2100,0.0,0.0
2004-12-14 00:00:00-05:00,5.801208972930908,5.801208972930908,5.801208972930908,5.801208972930908,200,0.0,0.0
2004-12-15 00:00:00-05:00,5.900374889373779,5.900374889373779,5.900374889373779,5.900374889373779,1000,0.0,0.0
2004-12-16 00:00:00-05:00,5.949958150755748,6.09870719909668,5.949958150755748,6.09870719909668,3900,0.0,0.0
2004-12-17 00:00:00-05:00,6.049124113191139,6.049124113191139,5.969791412353516,5.969791412353516,700,0.0,0.0
2004-12-20 00:00:00-05:00,5.969791412353516,5.969791412353516,5.969791412353516,5.969791412353516,0,0.0,0.0
2004-12-21 00:00:00-05:00,5.870625320036676,5.870625320036676,5.801208972930908,5.801208972930908,900,0.0,0.0
2004-12-22 00:00:00-05:00,5.801208972930908,5.801208972930908,5.801208972930908,5.801208972930908,0,0.0,0.0
2004-12-23 00:00:00-05:00,5.860708586311604,5.999541282653809,5.860708586311604,5.999541282653809,1000,0.0,0.0
2004-12-27 00:00:00-05:00,5.999541282653809,5.999541282653809,5.999541282653809,5.999541282653809,0,0.0,0.0
2004-12-28 00:00:00-05:00,6.049124240875244,6.049124240875244,6.049124240875244,6.049124240875244,100,0.0,0.0
2004-12-29 00:00:00-05:00,6.049124240875244,6.049124240875244,6.049124240875244,6.049124240875244,0,0.0,0.0
2004-12-30 00:00:00-05:00,6.049124240875244,6.049124240875244,6.049124240875244,6.049124240875244,0,0.0,0.0
2004-12-31 00:00:00-05:00,5.999541282653809,5.999541282653809,5.999541282653809,5.999541282653809,100,0.0,0.0
2005-01-03 00:00:00-05:00,5.949958324432373,5.949958324432373,5.949958324432373,5.949958324432373,300,0.0,0.0
2005-01-04 00:00:00-05:00,5.949958324432373,5.949958324432373,5.949958324432373,5.949958324432373,0,0.0,0.0
2005-01-05 00:00:00-05:00,5.949958324432373,5.949958324432373,5.949958324432373,5.949958324432373,0,0.0,0.0
2005-01-06 00:00:00-05:00,5.949958324432373,5.949958324432373,5.949958324432373,5.949958324432373,0,0.0,0.0
2005-01-07 00:00:00-05:00,5.900374889373779,5.900374889373779,5.900374889373779,5.900374889373779,100,0.0,0.0
2005-01-10 00:00:00-05:00,5.900374889373779,5.900374889373779,5.900374889373779,5.900374889373779,0,0.0,0.0
2005-01-11 00:00:00-05:00,5.900374889373779,5.900374889373779,5.900374889373779,5.900374889373779,0,0.0,0.0
2005-01-12 00:00:00-05:00,5.900374889373779,5.900374889373779,5.900374889373779,5.900374889373779,0,0.0,0.0
2005-01-13 00:00:00-05:00,5.900374889373779,5.900374889373779,5.900374889373779,5.900374889373779,0,0.0,0.0
2005-01-14 00:00:00-05:00,5.890458797931274,5.949958324432373,5.890458797931274,5.949958324432373,1300,0.0,0.0
2005-01-18 00:00:00-05:00,5.949958324432373,5.949958324432373,5.949958324432373,5.949958324432373,0,0.0,0.0
2005-01-19 00:00:00-05:00,5.949958324432373,5.949958324432373,5.949958324432373,5.949958324432373,100,0.0,0.0
2005-01-20 00:00:00-05:00,5.850792407989502,5.850792407989502,5.850792407989502,5.850792407989502,200,0.0,0.0
2005-01-21 00:00:00-05:00,5.850792407989502,5.850792407989502,5.850792407989502,5.850792407989502,0,0.0,0.0
2005-01-24 00:00:00-05:00,5.850792407989502,5.850792407989502,5.850792407989502,5.850792407989502,0,0.0,0.0
2005-01-25 00:00:00-05:00,5.751626672223666,5.751626672223666,5.602877616882324,5.602877616882324,1100,0.0,0.0
2005-01-26 00:00:00-05:00,5.602877616882324,5.602877616882324,5.602877616882324,5.602877616882324,0,0.0,0.0
2005-01-27 00:00:00-05:00,5.602877616882324,5.602877616882324,5.602877616882324,5.602877616882324,0,0.0,0.0
2005-01-28 00:00:00-05:00,5.7020431005370815,5.801208972930908,5.7020431005370815,5.801208972930908,1600,0.0,0.0
2005-01-31 00:00:00-05:00,5.801208972930908,5.801208972930908,5.801208972930908,5.801208972930908,0,0.0,0.0
2005-02-01 00:00:00-05:00,5.801208972930908,5.801208972930908,5.801208972930908,5.801208972930908,0,0.0,0.0
2005-02-02 00:00:00-05:00,5.801208972930908,5.801208972930908,5.801208972930908,5.801208972930908,0,0.0,0.0
2005-02-03 00:00:00-05:00,5.751626491546631,5.751626491546631,5.751626491546631,5.751626491546631,200,0.0,0.0
2005-02-04 00:00:00-05:00,5.751626491546631,5.751626491546631,5.751626491546631,5.751626491546631,0,0.0,0.0
2005-02-07 00:00:00-05:00,5.751626491546631,5.751626491546631,5.751626491546631,5.751626491546631,0,0.0,0.0
2005-02-08 00:00:00-05:00,5.801208972930908,5.801208972930908,5.801208972930908,5.801208972930908,200,0.0,0.0
2005-02-09 00:00:00-05:00,5.801208972930908,5.801208972930908,5.801208972930908,5.801208972930908,0,0.0,0.0
2005-02-10 00:00:00-05:00,5.801208972930908,5.801208972930908,5.801208972930908,5.801208972930908,0,0.0,0.0
2005-02-11 00:00:00-05:00,5.801208972930908,5.801208972930908,5.801208972930908,5.801208972930908,0,0.0,0.0
2005-02-14 00:00:00-05:00,5.731793403625488,5.731793403625488,5.731793403625488,5.731793403625488,200,0.0,0.0
2005-02-15 00:00:00-05:00,5.7516263161026515,5.900374889373779,5.7516263161026515,5.900374889373779,500,0.0,0.0
2005-02-16 00:00:00-05:00,5.850792407989502,5.850792407989502,5.850792407989502,5.850792407989502,300,0.0,0.0
2005-02-17 00:00:00-05:00,5.850792407989502,5.850792407989502,5.850792407989502,5.850792407989502,0,0.0,0.0
2005-02-18 00:00:00-05:00,5.702043317037013,5.850792367705671,5.702043317037013,5.751626491546631,1300,0.0,0.0
2005-02-22 00:00:00-05:00,5.751626491546631,5.751626491546631,5.751626491546631,5.751626491546631,700,0.0,0.0
2005-02-23 00:00:00-05:00,5.751626491546631,5.751626491546631,5.751626491546631,5.751626491546631,0,0.0,0.0
2005-02-24 00:00:00-05:00,5.751626491546631,5.751626491546631,5.751626491546631,5.751626491546631,0,0.0,0.0
2005-02-25 00:00:00-05:00,5.751626491546631,5.751626491546631,5.751626491546631,5.751626491546631,0,0.0,0.0
2005-02-28 00:00:00-05:00,5.751626491546631,5.751626491546631,5.751626491546631,5.751626491546631,0,0.0,0.0
2005-03-01 00:00:00-05:00,5.751626491546631,5.751626491546631,5.751626491546631,5.751626491546631,0,0.0,0.0
2005-03-02 00:00:00-05:00,5.702043056488037,5.702043056488037,5.702043056488037,5.702043056488037,2000,0.0,0.0
2005-03-03 00:00:00-05:00,5.602877616882324,5.602877616882324,5.602877616882324,5.602877616882324,300,0.0,0.0
2005-03-04 00:00:00-05:00,5.652460098266602,5.652460098266602,5.652460098266602,5.652460098266602,200,0.0,0.0
2005-03-07 00:00:00-05:00,5.702043186534534,8.181192398071289,5.702043186534534,8.181192398071289,46500,0.0,0.0
2005-03-08 00:00:00-05:00,8.429107516355172,12.792409852415576,8.429107516355172,11.066922187805176,132700,0.0,0.0
2005-03-09 00:00:00-05:00,11.89991621537642,12.147831136530096,10.908256530761719,10.908256530761719,74100,0.0,0.0
2005-03-10 00:00:00-05:00,10.918173259400485,10.918173259400485,10.015763105583217,10.27359390258789,14300,0.0,0.0
2005-03-11 00:00:00-05:00,10.273594248774057,10.412426948547363,10.273594248774057,10.412426948547363,1400,0.0,0.0
2005-03-14 00:00:00-05:00,10.313260803421334,10.313260803421334,8.81585533136295,9.718265533447266,21300,0.0,0.0
2005-03-15 00:00:00-05:00,9.619098754919206,9.867013676157951,8.855521289278467,9.272018432617188,17500,0.0,0.0
2005-03-16 00:00:00-05:00,9.17285248433365,9.311685186718048,7.725029243572171,7.883694648742676,16300,0.0,0.0
2005-03-17 00:00:00-05:00,7.992777522303406,8.92493721534466,6.951534658035786,7.18953275680542,102000,0.0,0.0
2005-03-18 00:00:00-05:00,7.288698544653906,7.863861082703902,7.139949498260932,7.536613464355469,41000,0.0,0.0
2005-03-21 00:00:00-05:00,7.437447579423424,11.304919942435458,7.3382817062698145,11.255337715148926,154400,0.0,0.0
2005-03-22 00:00:00-05:00,11.622251666808687,11.622251666808687,9.619098667465803,9.837264060974121,74200,0.0,0.0
2005-03-23 00:00:00-05:00,9.767848177694614,9.767848177694614,9.053852946844927,9.400933265686035,19100,0.0,0.0
2005-03-24 00:00:00-05:00,9.371184173892908,10.263678490185818,9.17285241884573,9.410850524902344,22900,0.0,0.0
2005-03-28 00:00:00-05:00,9.37118363181583,9.37118363181583,7.933277308749122,8.329940795898438,49000,0.0,0.0
2005-03-29 00:00:00-05:00,8.329940704409037,8.329940704409037,8.032443565174695,8.131608963012695,9400,0.0,0.0
2005-03-30 00:00:00-05:00,8.131609058241901,9.073685550197425,8.032443659242576,8.657188415527344,28900,0.0,0.0
2005-03-31 00:00:00-05:00,8.825770728353266,9.361266914972356,8.429107236679998,8.528273582458496,37300,0.0,0.0
2005-04-01 00:00:00-05:00,8.528273997536301,8.677022577723395,7.685362854555007,7.784528732299805,20200,0.0,0.0
2005-04-04 00:00:00-04:00,8.131609307306249,9.757931547055652,8.131609307306249,8.815855026245117,64900,0.0,0.0
2005-04-05 00:00:00-04:00,8.924937074131764,9.123268819968397,8.528273582458496,8.528273582458496,11000,0.0,0.0
2005-04-06 00:00:00-04:00,8.429107320761522,8.924937163159258,8.429107320761522,8.726605415344238,4000,0.0,0.0
2005-04-07 00:00:00-04:00,8.905103246964531,9.668681635175432,8.32994072278608,8.677021980285645,33100,0.0,0.0
2005-04-08 00:00:00-04:00,8.627438884120599,8.627438884120599,8.280358569295036,8.329940795898438,4700,0.0,0.0
2005-04-11 00:00:00-04:00,8.528273937116824,8.528273937116824,7.933277729142942,8.230775833129883,3800,0.0,0.0
2005-04-12 00:00:00-04:00,8.082026049637912,8.082026049637912,7.63577938079834,7.63577938079834,6500,0.0,0.0
2005-04-13 00:00:00-04:00,7.685362735385447,7.883694487799702,7.487030982971191,7.487030982971191,3500,0.0,0.0
2005-04-14 00:00:00-04:00,7.387864772535847,7.4870311234640115,6.991201260264016,7.239116191864014,9600,0.0,0.0
2005-04-15 00:00:00-04:00,7.239116025258328,7.239116025258328,6.5945371233610475,6.842452049255371,10200,0.0,0.0
2005-04-18 00:00:00-04:00,7.040783624138147,7.040783624138147,6.991200923919678,6.991200923919678,1600,0.0,0.0
2005-04-19 00:00:00-04:00,6.941617874114599,7.487030896224823,6.941617874114599,7.288698673248291,7200,0.0,0.0
2005-04-20 00:00:00-04:00,7.338281983503241,7.437447860403244,7.149866580963135,7.149866580963135,7400,0.0,0.0
2005-04-21 00:00:00-04:00,7.080450192611352,7.080450192611352,6.941617965698242,6.941617965698242,1300,0.0,0.0
2005-04-22 00:00:00-04:00,6.991200921741781,7.268865366887221,6.991200921741781,7.100283145904541,4400,0.0,0.0
2005-04-25 00:00:00-04:00,7.189533039375588,7.189533039375588,6.6937031745910645,6.6937031745910645,3700,0.0,0.0
2005-04-26 00:00:00-04:00,6.7432861328125,6.892034709164091,6.693702958788508,6.7432861328125,4800,0.0,0.0
2005-04-27 00:00:00-04:00,6.842452043516709,7.199449668905981,6.842452043516709,7.060616970062256,5700,0.0,0.0
2005-04-28 00:00:00-04:00,6.991200876118925,6.991200876118925,6.892034530639648,6.892034530639648,1300,0.0,0.0
2005-04-29 00:00:00-04:00,6.792869020595408,6.802785844816726,6.37637186050415,6.37637186050415,5000,0.0,0.0
2005-05-02 00:00:00-04:00,6.346622212877125,6.346622212877125,6.068957287142791,6.078874111175537,2300,0.0,0.0
2005-05-03 00:00:00-04:00,6.148289767052493,6.197872939714279,6.1284565925598145,6.1284565925598145,1400,0.0,0.0
2005-05-04 00:00:00-04:00,6.049123853892268,6.187956074406993,5.949957982096036,6.138373374938965,2300,0.0,0.0
2005-05-05 00:00:00-04:00,6.148289982783234,6.19787315718479,6.138373631619039,6.1879563331604,2200,0.0,0.0
2005-05-06 00:00:00-04:00,6.237539336449328,6.644119653091786,6.237539336449328,6.4457879066467285,5300,0.0,0.0
2005-05-09 00:00:00-04:00,6.495371297838558,6.594537174391625,6.396204948425293,6.396204948425293,3000,0.0,0.0
2005-05-10 00:00:00-04:00,6.3962049466393,7.0903670280373365,6.3962049466393,6.5052876472473145,12500,0.0,0.0
2005-05-11 00:00:00-04:00,6.5052876472473145,6.5052876472473145,6.5052876472473145,6.5052876472473145,0,0.0,0.0
2005-05-12 00:00:00-04:00,6.356538467015585,6.644119739532471,6.356538467015585,6.644119739532471,1100,0.0,0.0
2005-05-13 00:00:00-04:00,6.644119739532471,6.644119739532471,6.644119739532471,6.644119739532471,0,0.0,0.0
2005-05-16 00:00:00-04:00,6.59453721892811,6.59453721892811,6.465621342108385,6.495371341705322,2200,0.0,0.0
2005-05-17 00:00:00-04:00,6.445787993637756,6.445787993637756,6.346622119076906,6.425954818725586,6500,0.0,0.0
2005-05-18 00:00:00-04:00,6.4457879066467285,6.4457879066467285,6.4457879066467285,6.4457879066467285,100,0.0,0.0
2005-05-19 00:00:00-04:00,6.346621945611441,6.346621945611441,6.247456073760986,6.247456073760986,1000,0.0,0.0
2005-05-20 00:00:00-04:00,6.197872944952951,6.495371035454764,6.197872944952951,6.346621990203857,3500,0.0,0.0
2005-05-23 00:00:00-04:00,6.346621945611441,6.346621945611441,6.098707029555215,6.247456073760986,2300,0.0,0.0
2005-05-24 00:00:00-04:00,6.148289769696315,6.237539291381836,6.04912389719028,6.237539291381836,600,0.0,0.0
2005-05-25 00:00:00-04:00,6.1978731953191595,6.892034804050826,6.1978731953191595,6.396204948425293,9500,0.0,0.0
2005-05-26 00:00:00-04:00,6.5350373844736485,6.842451825800094,6.346621990203857,6.346621990203857,9000,0.0,0.0
2005-05-27 00:00:00-04:00,6.495371417821338,6.842452228598463,6.495371417821338,6.6937031745910645,6200,0.0,0.0
2005-05-31 00:00:00-04:00,6.713536363193713,9.172852516174316,6.713536363193713,9.172852516174316,75400,0.0,0.0
2005-06-01 00:00:00-04:00,9.301767766154455,9.400933165168597,8.329940803205602,8.439023971557617,29200,0.0,0.0
2005-06-02 00:00:00-04:00,8.429107370047735,8.429107370047735,6.941617834156958,7.18953275680542,33500,0.0,0.0
2005-06-03 00:00:00-04:00,7.278782082092575,8.825770627695258,7.278782082092575,8.329940795898438,55000,0.0,0.0
2005-06-06 00:00:00-04:00,8.726605663126378,12.395746411906673,8.726605663126378,12.246997833251953,255400,0.0,0.0
2005-06-07 00:00:00-04:00,12.246997485731118,12.29657971339548,11.007422879714623,11.126421928405762,107400,0.0,0.0
2005-06-08 00:00:00-04:00,10.928090545735852,13.387406192301794,10.114928933928386,12.990742683410645,204200,0.0,0.0
2005-06-09 00:00:00-04:00,13.089907646453472,16.352467970678894,13.089907646453472,15.816971778869629,283000,0.0,0.0
2005-06-10 00:00:00-04:00,15.767388508863943,15.767388508863943,13.595654229203353,13.764236450195312,138200,0.0,0.0
2005-06-13 00:00:00-04:00,13.615486872519757,16.838380813598633,12.901492588030173,16.838380813598633,171300,0.0,0.0
2005-06-14 00:00:00-04:00,16.8383806284423,17.33421046007917,15.787221914975538,16.114469528198242,164500,0.0,0.0
2005-06-15 00:00:00-04:00,16.362384269583732,18.04820643575348,16.16405158246705,16.26321792602539,182400,0.0,0.0
2005-06-16 00:00:00-04:00,16.461551699994626,16.610300279432728,14.954228474422699,15.370725631713867,81300,0.0,0.0
2005-06-17 00:00:00-04:00,15.469891932756497,15.469891932756497,13.387406152905292,14.081567764282227,103400,0.0,0.0
2005-06-20 00:00:00-04:00,14.230317268354858,16.312803045189362,14.230317268354858,14.736063003540039,140200,0.0,0.0
2005-06-21 00:00:00-04:00,14.874895070612958,15.132726812143135,13.070074771342433,13.129573822021484,105400,0.0,0.0
2005-06-22 00:00:00-04:00,13.337822665466726,13.684903935882296,11.999082648978911,12.19741439819336,65200,0.0,0.0
2005-06-23 00:00:00-04:00,12.445329418443027,12.445329418443027,11.166088443857847,11.304920196533203,68100,0.0,0.0
2005-06-24 00:00:00-04:00,11.503252546328168,12.29657952547878,11.463586197370637,11.602417945861816,49700,0.0,0.0
2005-06-27 00:00:00-04:00,11.800750329843208,13.655154844783526,11.800750329843208,13.40723991394043,104600,0.0,0.0
2005-06-28 00:00:00-04:00,13.605571042737171,13.605571042737171,11.681750738411113,12.237080574035645,73500,0.0,0.0
2005-06-29 00:00:00-04:00,12.187497200277882,12.187497200277882,10.819006754115504,11.185920715332031,72600,0.0,0.0
2005-06-30 00:00:00-04:00,10.938006304346153,12.187497762246183,10.561175502167394,11.394169807434082,111700,0.0,0.0
2005-07-01 00:00:00-04:00,11.582585505111405,12.098248053173286,11.30492011043463,11.65200138092041,35800,0.0,0.0
2005-07-05 00:00:00-04:00,12.038748657566973,12.69324388428228,12.038748657566973,12.27674674987793,65700,0.0,0.0
2005-07-06 00:00:00-04:00,12.37591214938449,13.288239115672233,12.108164531952408,12.167664527893066,75800,0.0,0.0
2005-07-07 00:00:00-04:00,11.969332695007324,12.098248574002715,11.652001882538926,11.969332695007324,23600,0.0,0.0
2005-07-08 00:00:00-04:00,12.06849897771577,12.395746612631612,11.661918640136719,11.661918640136719,20100,0.0,0.0
2005-07-11 00:00:00-04:00,11.82058333348126,11.82058333348126,11.096671283131904,11.27517032623291,21000,0.0,0.0
2005-07-12 00:00:00-04:00,11.285087483025078,12.762660206896875,11.285087483025078,12.177580833435059,69600,0.0,0.0
2005-07-13 00:00:00-04:00,12.276747558416872,12.276747558416872,11.40408688341679,11.552835464477539,17700,0.0,0.0
2005-07-14 00:00:00-04:00,11.652001639275655,11.899916567770882,11.552835289589405,11.592501640319824,14300,0.0,0.0
2005-07-15 00:00:00-04:00,11.592501128859604,12.1974141329603,11.592501128859604,11.711501121520996,10100,0.0,0.0
2005-07-18 00:00:00-04:00,11.701584280726916,11.701584280726916,11.007422701726243,11.057004928588867,12100,0.0,0.0
2005-07-19 00:00:00-04:00,11.156171454148454,11.602418123170317,11.007422879714623,11.126421928405762,9400,0.0,0.0
2005-07-20 00:00:00-04:00,11.176005366447251,11.354503470850752,10.957839965820312,10.957839965820312,9500,0.0,0.0
2005-07-21 00:00:00-04:00,10.908256437720322,11.007422783624108,9.91659676156393,10.164511680603027,30800,0.0,0.0
2005-07-22 00:00:00-04:00,10.114928517213214,11.007422794029898,9.916596770938517,10.92809009552002,30700,0.0,0.0
2005-07-25 00:00:00-04:00,11.057005196544473,11.057005196544473,10.41242677450606,10.452093124389648,19800,0.0,0.0
2005-07-26 00:00:00-04:00,10.630591893095126,10.630591893095126,9.728181747605623,9.857096672058105,21300,0.0,0.0
2005-07-27 00:00:00-04:00,9.74801462668959,10.362843517827285,9.599266052246094,9.599266052246094,16100,0.0,0.0
2005-07-28 00:00:00-04:00,9.61909858579724,10.114928419557101,9.61909858579724,9.966179847717285,19400,0.0,0.0
2005-07-29 00:00:00-04:00,10.11492885892312,10.11492885892312,9.867013931274414,9.867013931274414,10700,0.0,0.0
2005-08-01 00:00:00-04:00,9.916597340722156,10.90825707479437,9.916597340722156,10.462010383605957,47700,0.0,0.0
2005-08-02 00:00:00-04:00,10.66034133763967,10.66034133763967,9.936430240285254,10.09509563446045,18300,0.0,0.0
2005-08-03 00:00:00-04:00,10.293427556042596,10.759507868821311,10.124845335372004,10.38267707824707,27000,0.0,0.0
2005-08-04 00:00:00-04:00,10.263678550720215,10.313260780484137,9.936430916532188,10.263678550720215,11900,0.0,0.0
2005-08-05 00:00:00-04:00,10.263677844097705,10.263677844097705,9.74801436771513,9.767848014831543,7300,0.0,0.0
2005-08-08 00:00:00-04:00,9.757931959786946,10.263678652442831,9.757931959786946,9.916597366333008,13700,0.0,0.0
2005-08-09 00:00:00-04:00,9.876930938773684,10.204178573689525,9.718265533447266,9.718265533447266,12100,0.0,0.0
2005-08-10 00:00:00-04:00,9.619098574572776,9.619098574572776,9.420766830444336,9.420766830444336,10200,0.0,0.0
2005-08-11 00:00:00-04:00,9.519933883630616,11.057005724271024,9.470350707479538,10.878507614135742,65600,0.0,0.0
2005-08-12 00:00:00-04:00,11.037172405457316,11.790833992888233,10.918173356766175,11.126421928405762,60800,0.0,0.0
2005-08-15 00:00:00-04:00,11.255338360007814,11.453670117678174,10.422344032071885,10.462010383605957,29900,0.0,0.0
2005-08-16 00:00:00-04:00,10.382677506836867,10.590926085336875,10.114928929170969,10.501676559448242,8000,0.0,0.0
2005-08-17 00:00:00-04:00,10.590925829065013,11.285087425361398,9.797597885131836,9.797597885131836,23000,0.0,0.0
2005-08-18 00:00:00-04:00,9.867014295242239,10.2636787615443,9.420767598157797,9.5695161819458,22600,0.0,0.0
2005-08-19 00:00:00-04:00,9.767848014831543,9.867013413252566,9.619098498619486,9.767848014831543,6400,0.0,0.0
2005-08-22 00:00:00-04:00,9.867013760761761,10.11492868412623,9.579432487487793,9.579432487487793,5000,0.0,0.0
2005-08-23 00:00:00-04:00,9.529849579024717,9.678599104617481,9.470350525363935,9.519933700561523,11000,0.0,0.0
2005-08-24 00:00:00-04:00,9.619098754169054,9.678598751378676,9.519933353113512,9.599266052246094,3600,0.0,0.0
2005-08-25 00:00:00-04:00,9.569515406509579,10.313260156623391,9.569515406509579,9.857096672058105,14300,0.0,0.0
2005-08-26 00:00:00-04:00,9.956263717969522,9.986013245266804,9.718265608150432,9.916597366333008,3000,0.0,0.0
2005-08-29 00:00:00-04:00,10.114928419557101,10.41242650895709,9.94634620042112,9.966179847717285,25200,0.0,0.0
2005-08-30 00:00:00-04:00,10.065345671974294,10.462010123160717,9.966180268467985,10.412426948547363,18300,0.0,0.0
2005-08-31 00:00:00-04:00,10.412426519846411,10.80909000898099,10.412426519846411,10.511592864990234,15800,0.0,0.0
2005-09-01 00:00:00-04:00,10.51159276703051,10.75950768185934,10.09509563446045,10.09509563446045,11200,0.0,0.0
2005-09-02 00:00:00-04:00,10.194261144047278,11.840416045133704,10.194261144047278,11.82058334350586,87000,0.0,0.0
2005-09-06 00:00:00-04:00,11.652001718680065,12.395746509234112,11.552835368318028,11.899916648864746,64300,0.0,0.0
2005-09-07 00:00:00-04:00,11.899916781179178,11.899916781179178,11.007423400878906,11.007423400878906,18400,0.0,0.0
2005-09-08 00:00:00-04:00,11.106588535459,11.404086636869232,11.04708948260919,11.285087585449219,5700,0.0,0.0
2005-09-09 00:00:00-04:00,11.354503197328736,11.354503197328736,10.690091133117676,10.690091133117676,13000,0.0,0.0
2005-09-12 00:00:00-04:00,10.670258529179618,10.670258529179618,10.015763282775879,10.015763282775879,12600,0.0,0.0
2005-09-13 00:00:00-04:00,9.976096758250273,10.392592952173224,9.976096758250273,10.164511680603027,9000,0.0,0.0
2005-09-14 00:00:00-04:00,10.263678536023916,10.64050839943629,10.16451218519724,10.481842994689941,4100,0.0,0.0
2005-09-15 00:00:00-04:00,10.709924952943352,11.136337981004756,10.709924952943352,11.086755752563477,17000,0.0,0.0
2005-09-16 00:00:00-04:00,11.076838931156079,11.076838931156079,10.610758607080935,10.65042495727539,5200,0.0,0.0
2005-09-19 00:00:00-04:00,10.660342188466466,11.205755233764648,10.660342188466466,11.205755233764648,5600,0.0,0.0
2005-09-20 00:00:00-04:00,11.295004504030317,11.295004504030317,10.938006401062012,10.938006401062012,7800,0.0,0.0
2005-09-21 00:00:00-04:00,11.106588613335804,11.493336242452928,11.106588613335804,11.483419418334961,12700,0.0,0.0
2005-09-22 00:00:00-04:00,11.503252802460384,12.29657979927527,11.503252802460384,11.979249000549316,19700,0.0,0.0
2005-09-23 00:00:00-04:00,11.8999164995579,11.8999164995579,10.957839965820312,10.957839965820312,11800,0.0,0.0
2005-09-26 00:00:00-04:00,10.928090354356968,10.93800623261529,10.263678279309545,10.65042495727539,9800,0.0,0.0
2005-09-27 00:00:00-04:00,10.610758432794558,10.70992477951204,9.807514618120369,9.81743049621582,20000,0.0,0.0
2005-09-28 00:00:00-04:00,9.916597254418155,10.779341102066084,9.916597254418155,10.590926170349121,28600,0.0,0.0
2005-09-29 00:00:00-04:00,10.660341352703867,11.463586094001299,10.561175008344064,10.858673095703125,22200,0.0,0.0
2005-09-30 00:00:00-04:00,10.809090103807229,11.701584380770258,10.640507883016003,11.255337715148926,20200,0.0,0.0
2005-10-03 00:00:00-04:00,11.404086280341442,11.790833894655831,10.81900691986084,10.81900691986084,18600,0.0,0.0
2005-10-04 00:00:00-04:00,10.809090273341948,10.85867344712653,10.273594077053309,10.452093124389648,10300,0.0,0.0
2005-10-05 00:00:00-04:00,10.531426000187173,10.561175526667025,10.412426948547363,10.412426948547363,5200,0.0,0.0
2005-10-06 00:00:00-04:00,10.31326088269816,10.31326088269816,9.916597366333008,9.916597366333008,7400,0.0,0.0
2005-10-07 00:00:00-04:00,10.263678286613564,10.263678286613564,10.055429711514376,10.105011940002441,5100,0.0,0.0
2005-10-10 00:00:00-04:00,9.966179934288476,9.966179934288476,9.728181838989258,9.728181838989258,1400,0.0,0.0
2005-10-11 00:00:00-04:00,9.817430498463674,10.10501176914577,9.767848270813952,10.035595893859863,4100,0.0,0.0
2005-10-12 00:00:00-04:00,10.01576301315415,10.01576301315415,9.698431276682415,9.857096672058105,9600,0.0,0.0
2005-10-13 00:00:00-04:00,9.76784861704005,9.86701402157483,9.73809814453125,9.73809814453125,1500,0.0,0.0
2005-10-14 00:00:00-04:00,9.76784876073043,9.76784876073043,8.58777314735986,8.627439498901367,28400,0.0,0.0
2005-10-17 00:00:00-04:00,8.706772124329719,9.024103879551951,8.379524490600863,8.429107666015625,13800,0.0,0.0
2005-10-18 00:00:00-04:00,8.47869058278515,8.627439158771402,8.230775658994476,8.270442008972168,4700,0.0,0.0
2005-10-19 00:00:00-04:00,8.181192833657894,8.181192833657894,7.853945195969213,8.082026481628418,6600,0.0,0.0
2005-10-20 00:00:00-04:00,8.082026362332192,8.082026362332192,7.804361904756766,7.893611431121826,2500,0.0,0.0
2005-10-21 00:00:00-04:00,7.834111946364907,7.9927778244018555,7.834111946364907,7.9927778244018555,4300,0.0,0.0
2005-10-24 00:00:00-04:00,8.082026228988543,8.349774803666197,8.03244400024414,8.03244400024414,3800,0.0,0.0
2005-10-25 00:00:00-04:00,8.032444234083606,8.409274101257324,8.032444234083606,8.409274101257324,5300,0.0,0.0
2005-10-26 00:00:00-04:00,8.409274203102644,8.508440556120162,8.280359268188477,8.280359268188477,5100,0.0,0.0
2005-10-27 00:00:00-04:00,8.290274805164366,8.290274805164366,8.03244400024414,8.03244400024414,3200,0.0,0.0
2005-10-28 00:00:00-04:00,8.03244391337531,8.03244391337531,7.83411169052124,7.83411169052124,700,0.0,0.0
2005-10-31 00:00:00-05:00,7.824195121803736,8.032444175380334,7.6357797167336585,7.883694648742676,9300,0.0,0.0
2005-11-01 00:00:00-05:00,7.8341118681552375,7.8341118681552375,7.675445991702286,7.685362815856934,1300,0.0,0.0
2005-11-02 00:00:00-05:00,7.685362600415484,7.734945774078369,7.5961130769663665,7.734945774078369,4000,0.0,0.0
2005-11-03 00:00:00-05:00,7.685362393365924,8.280358569850137,7.655612395397643,8.220858573913574,21000,0.0,0.0
2005-11-04 00:00:00-05:00,8.141526365041281,8.141526365041281,7.734946029857508,7.784528732299805,9300,0.0,0.0
2005-11-07 00:00:00-05:00,7.83411169052124,7.83411169052124,7.83411169052124,7.83411169052124,1100,0.0,0.0
2005-11-08 00:00:00-05:00,7.933277824288562,7.982860999834449,7.84402829745005,7.883694648742676,2600,0.0,0.0
2005-11-09 00:00:00-05:00,7.982860999834449,7.982860999834449,7.883694648742676,7.883694648742676,800,0.0,0.0
2005-11-10 00:00:00-05:00,7.953111077971907,7.953111077971907,7.536613464355469,7.536613464355469,3800,0.0,0.0
2005-11-11 00:00:00-05:00,7.586196725949903,7.784528474881066,7.586196725949903,7.734945774078369,3300,0.0,0.0
2005-11-14 00:00:00-05:00,7.834111558417046,8.002693306639005,7.685362511999851,7.863861083984375,4800,0.0,0.0
2005-11-15 00:00:00-05:00,8.062193605727963,8.300191710629354,8.032444079045389,8.230775833129883,8600,0.0,0.0
2005-11-16 00:00:00-05:00,8.151443229578597,8.151443229578597,7.9927778244018555,7.9927778244018555,1200,0.0,0.0
2005-11-17 00:00:00-05:00,8.131609272921807,8.131609272921807,7.953111171722412,7.953111171722412,1100,0.0,0.0
2005-11-18 00:00:00-05:00,7.982860825779347,8.082026228988543,7.933277651314552,8.03244400024414,2900,0.0,0.0
2005-11-21 00:00:00-05:00,7.982860565185547,8.022526914318428,7.982860565185547,7.982860565185547,2200,0.0,0.0
2005-11-22 00:00:00-05:00,7.903527696852305,7.933277696271812,7.804361820220947,7.804361820220947,900,0.0,0.0
2005-11-23 00:00:00-05:00,7.744862079620361,7.744862079620361,7.744862079620361,7.744862079620361,2000,0.0,0.0
2005-11-25 00:00:00-05:00,7.7448622528986055,7.834111777820496,7.734945901718504,7.814278602600098,900,0.0,0.0
2005-11-28 00:00:00-05:00,7.814278732053347,7.814278732053347,7.784528732299805,7.784528732299805,900,0.0,0.0
2005-11-29 00:00:00-05:00,7.734945774078369,7.7746121238646015,7.685362600415484,7.734945774078369,2600,0.0,0.0
2005-11-30 00:00:00-05:00,7.685362600415484,7.734945774078369,7.635779426752599,7.734945774078369,2100,0.0,0.0
2005-12-01 00:00:00-05:00,7.665529679006047,7.873778258700225,7.665529679006047,7.784528732299805,4300,0.0,0.0
2005-12-02 00:00:00-05:00,7.834111731449099,7.933277606964111,7.834111731449099,7.933277606964111,1500,0.0,0.0
2005-12-05 00:00:00-05:00,8.02252716380538,8.716688768078248,7.9828608134389425,8.46877384185791,28500,0.0,0.0
2005-12-06 00:00:00-05:00,8.528274016845149,8.5778562465395,8.429107666015625,8.429107666015625,5900,0.0,0.0
2005-12-07 00:00:00-05:00,8.518356928672482,8.62743915462866,8.379524230957031,8.379524230957031,8400,0.0,0.0
2005-12-08 00:00:00-05:00,8.329941570274759,8.478691101074219,8.329941570274759,8.478691101074219,4000,0.0,0.0
2005-12-09 00:00:00-05:00,8.518356758736575,8.528273582458496,8.518356758736575,8.528273582458496,600,0.0,0.0
2005-12-12 00:00:00-05:00,8.429107047967378,8.478690219746548,8.082025791233525,8.131608963012695,4800,0.0,0.0
2005-12-13 00:00:00-05:00,8.181192398071289,8.181192398071289,8.181192398071289,8.181192398071289,500,0.0,0.0
2005-12-14 00:00:00-05:00,8.101860010733498,8.101860010733498,7.893611431121826,7.893611431121826,2300,0.0,0.0
2005-12-15 00:00:00-05:00,7.8936111732233,7.8936111732233,7.734945774078369,7.734945774078369,1900,0.0,0.0
2005-12-16 00:00:00-05:00,7.794445387392475,7.794445387392475,7.606029987335205,7.606029987335205,1800,0.0,0.0
2005-12-19 00:00:00-05:00,7.73494603300911,7.73494603300911,7.675446033477783,7.675446033477783,2300,0.0,0.0
2005-12-20 00:00:00-05:00,7.675446091323703,7.675446091323703,7.447364807128906,7.447364807128906,5100,0.0,0.0
2005-12-21 00:00:00-05:00,7.397781242200572,7.437447591526565,7.249032195798003,7.318448543548584,6200,0.0,0.0
2005-12-22 00:00:00-05:00,7.387864677127482,7.387864677127482,7.3680315017700195,7.3680315017700195,300,0.0,0.0
2005-12-23 00:00:00-05:00,7.318448717977707,7.318448717977707,7.199449667163482,7.278782367706299,3100,0.0,0.0
2005-12-27 00:00:00-05:00,7.239115843592572,7.239115843592572,6.842451877543905,6.991200923919678,6400,0.0,0.0
2005-12-28 00:00:00-05:00,6.991200876118925,6.991200876118925,6.892034530639648,6.892034530639648,1900,0.0,0.0
2005-12-29 00:00:00-05:00,6.941617924070113,6.99120109838612,6.892034749754106,6.951534748077393,1100,0.0,0.0
2005-12-30 00:00:00-05:00,7.011034050642744,7.011034050642744,6.892034530639648,6.892034530639648,300,0.0,0.0
2006-01-03 00:00:00-05:00,6.951534574170027,7.2093658447265625,6.951534574170027,7.2093658447265625,11100,0.0,0.0
2006-01-04 00:00:00-05:00,7.249032543240706,7.338282069931972,7.1399498409358495,7.239116191864014,5300,0.0,0.0
2006-01-05 00:00:00-05:00,7.288698502382309,7.635779293379528,7.288698502382309,7.437447547912598,7100,0.0,0.0
2006-01-06 00:00:00-05:00,7.5366135928774645,7.685362641807059,7.4969472428775985,7.615946292877197,700,0.0,0.0
2006-01-09 00:00:00-05:00,7.615946465355005,7.685362815856934,7.526697412264184,7.685362815856934,1700,0.0,0.0
2006-01-10 00:00:00-05:00,7.596113184448605,7.933277635262525,7.596113184448605,7.872786521911621,12800,0.0,0.0
2006-01-11 00:00:00-05:00,7.863861538561025,8.300191879272461,7.8341120112740015,8.300191879272461,14000,0.0,0.0
2006-01-12 00:00:00-05:00,8.49852353284122,10.809090614318848,8.49852353284122,10.809090614318848,87100,0.0,0.0
2006-01-13 00:00:00-05:00,10.908256449821021,12.76265993280415,10.313260265179,11.255337715148926,78900,0.0,0.0
2006-01-17 00:00:00-05:00,11.503252457464006,12.395745774973994,11.255337541964527,11.404086112976074,43200,0.0,0.0
2006-01-18 00:00:00-05:00,11.156171730586461,11.156171730586461,10.21409519581435,10.412426948547363,15600,0.0,0.0
2006-01-19 00:00:00-05:00,10.313260418441402,12.098248053173286,10.16451184293057,11.65200138092041,31600,0.0,0.0
2006-01-20 00:00:00-05:00,11.909833389512317,12.891576279185053,11.304920358843347,11.919750213623047,70200,0.0,0.0
2006-01-23 00:00:00-05:00,11.999082309401613,12.395745796604826,11.949499137071124,12.167664527893066,10800,0.0,0.0
2006-01-24 00:00:00-05:00,12.088331484774413,12.395746411906673,11.423920347158981,12.246997833251953,12600,0.0,0.0
2006-01-25 00:00:00-05:00,12.246997744420144,12.246997744420144,11.800750120251976,12.048665046691895,5500,0.0,0.0
2006-01-26 00:00:00-05:00,11.949499208530478,12.395745870732785,11.552834773234814,11.602417945861816,10500,0.0,0.0
2006-01-27 00:00:00-05:00,11.404086090565121,11.404086090565121,8.924936940442269,10.422343254089355,41000,0.0,0.0
2006-01-30 00:00:00-05:00,10.43226094944276,10.809090819517609,10.11492918861912,10.333094596862793,11500,0.0,0.0
2006-01-31 00:00:00-05:00,10.214095551902636,10.303345080174047,9.638932976065128,10.11492919921875,28300,0.0,0.0
2006-02-01 00:00:00-05:00,10.214095467720284,10.214095467720284,10.025679588317871,10.025679588317871,600,0.0,0.0
2006-02-02 00:00:00-05:00,10.164511854296126,10.164511854296126,9.817430583422253,9.9066801071167,11000,0.0,0.0
2006-02-03 00:00:00-05:00,9.817430409288566,9.817430409288566,9.52984914121867,9.619098663330078,3100,0.0,0.0
2006-02-06 00:00:00-05:00,9.569515739136017,10.243844638642027,9.470350336439502,10.105011940002441,6300,0.0,0.0
2006-02-07 00:00:00-05:00,10.24384437903791,10.313260253738342,10.164511680603027,10.164511680603027,2500,0.0,0.0
2006-02-08 00:00:00-05:00,10.313260518389754,10.511593215286792,10.01576336448497,10.214095115661621,4500,0.0,0.0
2006-02-09 00:00:00-05:00,10.114928939227628,10.263678464430042,10.065345764160156,10.065345764160156,1900,0.0,0.0
2006-02-10 00:00:00-05:00,9.92651358507194,9.92651358507194,9.728181838989258,9.728181838989258,2400,0.0,0.0
2006-02-13 00:00:00-05:00,9.668682357852656,9.718265533447266,9.648848709326648,9.718265533447266,1600,0.0,0.0
2006-02-14 00:00:00-05:00,9.629015661846225,11.304920127767302,9.619098837938196,10.015763282775879,36800,0.0,0.0
2006-02-15 00:00:00-05:00,10.015762929464625,10.065345155814963,9.60918167506128,9.767848014831543,9400,0.0,0.0
2006-02-16 00:00:00-05:00,9.837264663059978,10.065345948539834,9.837264663059978,9.916597366333008,3100,0.0,0.0
2006-02-17 00:00:00-05:00,9.916597111762487,10.015763461168271,9.668682183968425,9.75793170928955,5000,0.0,0.0
2006-02-21 00:00:00-05:00,9.678598922385554,10.214095123852111,9.668682098388672,9.668682098388672,13800,0.0,0.0
2006-02-22 00:00:00-05:00,9.767848701341832,9.827347755432129,9.678599174485974,9.827347755432129,1800,0.0,0.0
2006-02-23 00:00:00-05:00,9.738098158278262,9.738098158278262,9.519933700561523,9.519933700561523,3600,0.0,0.0
2006-02-24 00:00:00-05:00,9.420767259745695,9.539766311645508,9.222435506579338,9.539766311645508,4500,0.0,0.0
2006-02-27 00:00:00-05:00,9.59926587302011,9.59926587302011,9.420766830444336,9.420766830444336,3000,0.0,0.0
2006-02-28 00:00:00-05:00,9.420766830444336,9.420766830444336,9.420766830444336,9.420766830444336,200,0.0,0.0
2006-03-01 00:00:00-05:00,9.569516106859501,9.668682459087025,9.480267524719238,9.480267524719238,1400,0.0,0.0
2006-03-02 00:00:00-05:00,9.430684349546596,9.569516107814474,9.371184349060059,9.371184349060059,500,0.0,0.0
2006-03-03 00:00:00-05:00,9.420767091469122,9.420767091469122,9.222435341845427,9.252184867858887,2000,0.0,0.0
2006-03-06 00:00:00-05:00,9.222435429732789,9.222435429732789,9.123269081115723,9.123269081115723,1600,0.0,0.0
2006-03-07 00:00:00-05:00,8.974520422086446,8.974520422086446,8.92493724822998,8.92493724822998,2300,0.0,0.0
2006-03-08 00:00:00-05:00,8.825770989915922,8.825770989915922,8.577856063842773,8.577856063842773,1000,0.0,0.0
2006-03-09 00:00:00-05:00,8.587772900682987,8.587772900682987,7.992777644651141,8.141526222229004,7800,0.0,0.0
2006-03-10 00:00:00-05:00,8.082026481628418,8.082026481628418,7.943194723651657,8.082026481628418,1500,0.0,0.0
2006-03-13 00:00:00-05:00,8.03244373803174,8.082025965157571,7.982860565185547,7.982860565185547,3300,0.0,0.0
2006-03-14 00:00:00-05:00,7.982860904094165,8.230775833129883,7.982860904094165,8.230775833129883,2300,0.0,0.0
2006-03-15 00:00:00-05:00,8.349774360656738,8.379523885469053,8.329940713634967,8.349774360656738,5800,0.0,0.0
2006-03-16 00:00:00-05:00,8.280359185687372,8.280359185687372,8.052276954307743,8.082026481628418,900,0.0,0.0
2006-03-17 00:00:00-05:00,8.230775306571037,8.240692130070938,8.032443565174695,8.131608963012695,4500,0.0,0.0
2006-03-20 00:00:00-05:00,8.230775752382927,8.329941155592122,8.03244400024414,8.03244400024414,1900,0.0,0.0
2006-03-21 00:00:00-05:00,7.933277523009532,8.02252704645865,7.734945774078369,7.734945774078369,1200,0.0,0.0
2006-03-22 00:00:00-05:00,7.685362815856934,7.8341118681552375,7.685362815856934,7.685362815856934,2000,0.0,0.0
2006-03-23 00:00:00-05:00,7.784528512455147,8.270442008972168,7.7547789864019725,8.270442008972168,7600,0.0,0.0
2006-03-24 00:00:00-05:00,8.667105418139545,8.776188588728086,8.577855895192695,8.726605415344238,8400,0.0,0.0
2006-03-27 00:00:00-05:00,8.716688849595492,8.815855199299174,8.667105674743652,8.667105674743652,1100,0.0,0.0
2006-03-28 00:00:00-05:00,8.726605934212728,9.024104046484153,8.716689109802246,8.716689109802246,2300,0.0,0.0
2006-03-29 00:00:00-05:00,8.875353813171387,9.172851901834411,8.855521111644707,8.875353813171387,4700,0.0,0.0
2006-03-30 00:00:00-05:00,8.974520783799502,8.984437608114563,8.627439498535711,8.736522674560547,5300,0.0,0.0
2006-03-31 00:00:00-05:00,8.627438982516631,8.627438982516631,8.250608192566848,8.528273582458496,5100,0.0,0.0
2006-04-03 00:00:00-04:00,8.577856063842773,8.577856063842773,8.577856063842773,8.577856063842773,500,0.0,0.0
2006-04-04 00:00:00-04:00,8.667105500752667,9.073685824078995,8.667105500752667,8.92493724822998,4000,0.0,0.0
2006-04-05 00:00:00-04:00,8.95468703488058,8.974520683288574,8.835687981593843,8.974520683288574,2300,0.0,0.0
2006-04-06 00:00:00-04:00,8.875353902007992,8.964603424072266,8.825770729114467,8.964603424072266,700,0.0,0.0
2006-04-07 00:00:00-04:00,8.815855026222515,8.815855026222515,8.379524230957031,8.379524230957031,1900,0.0,0.0
2006-04-10 00:00:00-04:00,8.320024844984644,8.76627150054098,8.320024844984644,8.677021980285645,6200,0.0,0.0
2006-04-11 00:00:00-04:00,8.627439140843856,10.412426777571643,8.627439140843856,9.9066801071167,43600,0.0,0.0
2006-04-12 00:00:00-04:00,10.908256717640095,11.007423066088615,10.214095115661621,10.214095115661621,32800,0.0,0.0
2006-04-13 00:00:00-04:00,10.21409528936257,10.21409528936257,9.63893272830887,10.065345764160156,10100,0.0,0.0
2006-04-17 00:00:00-04:00,10.005846121211087,10.630591820528489,10.005846121211087,10.422343254089355,10600,0.0,0.0
2006-04-18 00:00:00-04:00,10.561175837124622,11.384253344452212,10.561175837124622,11.096672058105469,21800,0.0,0.0
2006-04-19 00:00:00-04:00,11.205754355486688,11.404086098490275,10.749590873718262,10.749590873718262,15900,0.0,0.0
2006-04-20 00:00:00-04:00,10.610758432794558,10.7991743024137,9.81743049621582,9.81743049621582,18300,0.0,0.0
2006-04-21 00:00:00-04:00,9.83726456556352,10.313260780484137,9.83726456556352,10.263678550720215,18200,0.0,0.0
2006-04-24 00:00:00-04:00,10.164511858514773,10.164511858514773,10.015763282775879,10.015763282775879,500,0.0,0.0
2006-04-25 00:00:00-04:00,9.86701349207014,9.906679840899473,9.242267788717873,9.311684608459473,16100,0.0,0.0
2006-04-26 00:00:00-04:00,9.222435164708122,9.222435164708122,8.86543707652203,9.073685646057129,8600,0.0,0.0
2006-04-27 00:00:00-04:00,8.627438808397086,9.073685463953423,8.528273410340313,8.677021980285645,15200,0.0,0.0
2006-04-28 00:00:00-04:00,8.726605924948858,8.994353563704609,8.726605924948858,8.82577133178711,2200,0.0,0.0
2006-05-01 00:00:00-04:00,8.924936894008091,8.924936894008091,8.577855636508527,8.677021980285645,3000,0.0,0.0
2006-05-02 00:00:00-04:00,8.776189182681824,9.073686351678141,8.776189182681824,8.915020942687988,4300,0.0,0.0
2006-05-03 00:00:00-04:00,9.024103246678854,9.024103246678854,8.87535373086658,8.895187377929688,1000,0.0,0.0
2006-05-04 00:00:00-04:00,8.924937244354295,9.034019470214844,8.825770896684428,9.034019470214844,5200,0.0,0.0
2006-05-05 00:00:00-04:00,9.034019470214844,9.034019470214844,9.034019470214844,9.034019470214844,0,0.0,0.0
2006-05-08 00:00:00-04:00,9.123269166569358,9.212518692016602,9.093519639993744,9.212518692016602,1300,0.0,0.0
2006-05-09 00:00:00-04:00,9.02410385858815,9.02410385858815,8.825771157389847,8.974520683288574,3000,0.0,0.0
2006-05-10 00:00:00-04:00,8.87535398977541,8.87535398977541,8.67702224196039,8.726605415344238,1500,0.0,0.0
2006-05-11 00:00:00-04:00,8.627438975024974,8.627438975024974,7.923360568626042,7.982860565185547,9500,0.0,0.0
2006-05-12 00:00:00-04:00,7.933277390045646,8.03244373570936,7.863861042653081,7.873777866363525,4200,0.0,0.0
2006-05-15 00:00:00-04:00,8.022527351127074,8.022527351127074,7.883694648742676,7.883694648742676,1000,0.0,0.0
2006-05-16 00:00:00-04:00,7.883694648742676,7.883694648742676,7.883694648742676,7.883694648742676,0,0.0,0.0
2006-05-17 00:00:00-04:00,7.73494573044659,7.77461208000907,7.487030809250997,7.526697158813477,3600,0.0,0.0
2006-05-18 00:00:00-04:00,7.526697158813477,7.526697158813477,7.526697158813477,7.526697158813477,0,0.0,0.0
2006-05-19 00:00:00-04:00,7.5366136792741765,7.7349459044073,7.5366136792741765,7.596113204956055,2800,0.0,0.0
2006-05-22 00:00:00-04:00,7.685362554162819,7.754778902301053,7.63577938079834,7.63577938079834,2000,0.0,0.0
2006-05-23 00:00:00-04:00,7.635779337664057,7.725028860071879,7.536613464355469,7.536613464355469,1300,0.0,0.0
2006-05-24 00:00:00-04:00,7.437447947999929,7.437447947999929,7.239116191864014,7.239116191864014,3200,0.0,0.0
2006-05-25 00:00:00-04:00,7.338281888314425,7.387864589691162,7.338281888314425,7.387864589691162,1800,0.0,0.0
2006-05-26 00:00:00-04:00,7.437447763928094,7.635779515155432,7.368031414568429,7.387864589691162,14100,0.0,0.0
2006-05-30 00:00:00-04:00,7.288698589278631,7.288698589278631,7.189532715362905,7.19944953918457,1600,0.0,0.0
2006-05-31 00:00:00-04:00,7.3184487569889765,7.487030982971191,7.3184487569889765,7.487030982971191,1800,0.0,0.0
2006-06-01 00:00:00-04:00,7.586196927523471,8.01261043548584,7.536613752543107,8.01261043548584,5900,0.0,0.0
2006-06-02 00:00:00-04:00,8.131609559247462,8.429107666015625,8.131609559247462,8.429107666015625,4100,0.0,0.0
2006-06-05 00:00:00-04:00,8.329940886527522,8.329940886527522,8.230775486521457,8.310108184814453,1500,0.0,0.0
2006-06-06 00:00:00-04:00,8.40927362233123,8.40927362233123,7.487030764131267,7.536613464355469,9200,0.0,0.0
2006-06-07 00:00:00-04:00,7.635779337664057,7.725028860071879,7.536613464355469,7.536613464355469,5100,0.0,0.0
2006-06-08 00:00:00-04:00,7.437447587869902,7.437447587869902,7.100283145904541,7.100283145904541,3800,0.0,0.0
2006-06-09 00:00:00-04:00,7.18953284992976,7.239116024245767,6.951534748077393,6.951534748077393,4500,0.0,0.0
2006-06-12 00:00:00-04:00,6.991201099364004,6.991201099364004,6.842452049255371,6.842452049255371,3900,0.0,0.0
2006-06-13 00:00:00-04:00,6.842451919445746,6.842451919445746,6.297038903681304,6.326788902282715,7400,0.0,0.0
2006-06-14 00:00:00-04:00,6.326789031189984,6.396204907907303,6.267289505635055,6.297039031982422,3000,0.0,0.0
2006-06-15 00:00:00-04:00,6.326789125513284,7.358115196228027,6.326789125513284,7.358115196228027,13200,0.0,0.0
2006-06-16 00:00:00-04:00,7.298615675411768,7.298615675411768,6.6937031134950615,7.139949798583984,7000,0.0,0.0
2006-06-19 00:00:00-04:00,6.991201270832447,7.040783973511276,6.892034919754376,6.911868095397949,1500,0.0,0.0
2006-06-20 00:00:00-04:00,6.7928690910339355,6.7928690910339355,6.7928690910339355,6.7928690910339355,200,0.0,0.0
2006-06-21 00:00:00-04:00,6.8424520893317355,6.961451140971544,6.8424520893317355,6.941617965698242,400,0.0,0.0
2006-06-22 00:00:00-04:00,6.931701183319092,6.931701183319092,6.931701183319092,6.931701183319092,200,0.0,0.0
2006-06-23 00:00:00-04:00,6.892034658970456,7.734945774078369,6.792868784504874,7.734945774078369,9200,0.0,0.0
2006-06-26 00:00:00-04:00,7.447364459264741,7.586196682725522,7.090366840362549,7.090366840362549,9200,0.0,0.0
2006-06-27 00:00:00-04:00,7.090367096274217,7.139949798583984,7.090367096274217,7.139949798583984,800,0.0,0.0
2006-06-28 00:00:00-04:00,7.090366927465161,7.110200102488916,7.040783753475678,7.070533752441406,1100,0.0,0.0
2006-06-29 00:00:00-04:00,7.139949798583984,7.139949798583984,7.120116623088037,7.139949798583984,1300,0.0,0.0
2006-06-30 00:00:00-04:00,7.387864598871941,9.668682105121636,7.387864598871941,9.341434478759766,63900,0.0,0.0
2006-07-03 00:00:00-04:00,9.490183261406708,9.490183261406708,8.429107658758259,8.538189888000488,18900,0.0,0.0
2006-07-05 00:00:00-04:00,8.528273492029294,8.696855710632969,8.478690319665798,8.54810619354248,8300,0.0,0.0
2006-07-06 00:00:00-04:00,8.548106537515705,8.716688762903077,8.429107486487041,8.577856063842773,4500,0.0,0.0
2006-07-07 00:00:00-04:00,8.726606040019544,9.073686387110737,8.478691101074219,8.478691101074219,7500,0.0,0.0
2006-07-10 00:00:00-04:00,8.429107147940098,8.439023971557617,8.429107147940098,8.439023971557617,300,0.0,0.0
2006-07-11 00:00:00-04:00,8.548106284181978,8.548106284181978,8.528273582458496,8.528273582458496,400,0.0,0.0
2006-07-12 00:00:00-04:00,8.379524677335718,8.379524677335718,8.171276092529297,8.171276092529297,1600,0.0,0.0
2006-07-13 00:00:00-04:00,8.280359270016737,8.329941500816012,8.131609740457618,8.171276092529297,7000,0.0,0.0
2006-07-14 00:00:00-04:00,8.567940444086181,9.014187135339329,8.567940444086181,8.736522674560547,13300,0.0,0.0
2006-07-17 00:00:00-04:00,8.637356246181298,8.637356246181298,8.429107666015625,8.429107666015625,3300,0.0,0.0
2006-07-18 00:00:00-04:00,8.329941498976803,8.329941498976803,8.280359268188477,8.280359268188477,1500,0.0,0.0
2006-07-19 00:00:00-04:00,8.181192218206364,8.181192218206364,8.002693176269531,8.002693176269531,1700,0.0,0.0
2006-07-20 00:00:00-04:00,7.9828609204535415,7.9828609204535415,7.685362815856934,7.685362815856934,1400,0.0,0.0
2006-07-21 00:00:00-04:00,7.734945641417843,7.734945641417843,7.536613423028048,7.546530246734619,1500,0.0,0.0
2006-07-24 00:00:00-04:00,7.56636385338667,7.56636385338667,7.516780677742585,7.5564470291137695,1800,0.0,0.0
2006-07-25 00:00:00-04:00,7.437447947999929,7.437447947999929,7.189533016399931,7.239116191864014,5100,0.0,0.0
2006-07-26 00:00:00-04:00,7.239116005498829,7.933277606964111,7.239116005498829,7.933277606964111,5700,0.0,0.0
2006-07-27 00:00:00-04:00,7.883694391485691,8.042359791478702,7.844028041487438,7.943194389343262,9900,0.0,0.0
2006-07-28 00:00:00-04:00,7.9332776623333645,7.9332776623333645,7.437447808437529,7.487030982971191,700,0.0,0.0
2006-07-31 00:00:00-04:00,7.8341118177569555,7.933277694364472,7.8341118177569555,7.913444519042969,1200,0.0,0.0
2006-08-01 00:00:00-04:00,8.082026183806533,8.082026183806533,7.933277606964111,7.933277606964111,1000,0.0,0.0
2006-08-02 00:00:00-04:00,7.933277852686317,7.933277852686317,7.338282108306885,7.338282108306885,9700,0.0,0.0
2006-08-03 00:00:00-04:00,7.487031063913721,7.576280117034912,7.437447888844014,7.576280117034912,9000,0.0,0.0
2006-08-04 00:00:00-04:00,7.348198026022389,7.437447547912598,7.239115802445667,7.437447547912598,1600,0.0,0.0
2006-08-07 00:00:00-04:00,7.586196811468615,7.883694438219032,7.586196811468615,7.715112686157227,3800,0.0,0.0
2006-08-08 00:00:00-04:00,7.784528384057031,7.8341115571414175,7.487030764131267,7.536613464355469,3100,0.0,0.0
2006-08-09 00:00:00-04:00,7.38786454394787,7.675445817876996,7.38786454394787,7.615946292877197,800,0.0,0.0
2006-08-10 00:00:00-04:00,7.606029941807326,7.615946292877197,7.606029941807326,7.615946292877197,500,0.0,0.0
2006-08-11 00:00:00-04:00,7.536613420646063,7.536613420646063,7.437447547912598,7.437447547912598,500,0.0,0.0
2006-08-14 00:00:00-04:00,7.338282069931972,7.338282069931972,7.149866665172748,7.239116191864014,4200,0.0,0.0
2006-08-15 00:00:00-04:00,7.239115843592572,7.288698543811041,6.991200923919678,6.991200923919678,2900,0.0,0.0
2006-08-16 00:00:00-04:00,7.040783578523535,7.15978262570913,7.00111722946167,7.00111722946167,1800,0.0,0.0
2006-08-17 00:00:00-04:00,7.070533757362307,7.070533757362307,6.713536133826066,6.7432861328125,2600,0.0,0.0
2006-08-18 00:00:00-04:00,6.7432861328125,6.7432861328125,6.7432861328125,6.7432861328125,0,0.0,0.0
2006-08-21 00:00:00-04:00,6.941618084799934,7.239116191864014,6.941618084799934,7.239116191864014,3600,0.0,0.0
2006-08-22 00:00:00-04:00,7.1994494533522815,7.437447547912598,7.1994494533522815,7.437447547912598,1400,0.0,0.0
2006-08-23 00:00:00-04:00,7.189532714263106,7.189532714263106,7.090366840362549,7.090366840362549,500,0.0,0.0
2006-08-24 00:00:00-04:00,6.991200923919678,6.991200923919678,6.991200923919678,6.991200923919678,300,0.0,0.0
2006-08-25 00:00:00-04:00,7.090367106157749,7.090367106157749,6.842452175682724,6.9217848777771,2000,0.0,0.0
2006-08-28 00:00:00-04:00,6.842452128279189,7.239116108863238,6.693703076452646,7.040783882141113,9200,0.0,0.0
2006-08-29 00:00:00-04:00,7.070533752441406,7.070533752441406,7.070533752441406,7.070533752441406,1000,0.0,0.0
2006-08-30 00:00:00-04:00,6.802785698941094,6.872201575560981,6.792868874932428,6.842452049255371,2100,0.0,0.0
2006-08-31 00:00:00-04:00,6.792868884467024,6.792868884467024,6.297039031982422,6.297039031982422,15400,0.0,0.0
2006-09-01 00:00:00-04:00,6.55487060546875,6.663952829614179,6.485454257763327,6.55487060546875,6000,0.0,0.0
2006-09-05 00:00:00-04:00,6.6937028714692905,6.7928687453634655,6.505287474640267,6.654036521911621,2900,0.0,0.0
2006-09-06 00:00:00-04:00,6.654036521911621,6.654036521911621,6.654036521911621,6.654036521911621,0,0.0,0.0
2006-09-07 00:00:00-04:00,6.594536867778362,6.594536867778362,6.574703693389893,6.574703693389893,2000,0.0,0.0
2006-09-08 00:00:00-04:00,6.554870646907431,6.554870646907431,6.5449538230896,6.5449538230896,200,0.0,0.0
2006-09-11 00:00:00-04:00,6.475537863543278,6.475537863543278,6.455704689025879,6.455704689025879,500,0.0,0.0
2006-09-12 00:00:00-04:00,6.455704730399073,6.465621081291235,6.4457879066467285,6.4457879066467285,2000,0.0,0.0
2006-09-13 00:00:00-04:00,6.535037472131955,6.634203346009336,6.535037472131955,6.5449538230896,3200,0.0,0.0
2006-09-14 00:00:00-04:00,6.445788082299842,6.445788082299842,6.297039031982422,6.297039031982422,2900,0.0,0.0
2006-09-15 00:00:00-04:00,6.197873115539551,6.247456289607944,6.197873115539551,6.197873115539551,2100,0.0,0.0
2006-09-18 00:00:00-04:00,6.197873074027367,6.247456247763661,6.197873074027367,6.207789897918701,1600,0.0,0.0
2006-09-19 00:00:00-04:00,6.237539293971835,6.346621990203857,6.237539293971835,6.346621990203857,2800,0.0,0.0
2006-09-20 00:00:00-04:00,6.346622118700148,6.346622118700148,6.297038944992572,6.3168721199035645,2000,0.0,0.0
2006-09-21 00:00:00-04:00,6.346622031574161,6.346622031574161,6.336705207824707,6.336705207824707,300,0.0,0.0
2006-09-22 00:00:00-04:00,6.306955726388993,6.306955726388993,6.217706203460693,6.217706203460693,600,0.0,0.0
2006-09-25 00:00:00-04:00,6.227622985839844,6.227622985839844,6.217706162087049,6.227622985839844,2700,0.0,0.0
2006-09-26 00:00:00-04:00,6.3168719476262165,6.3168719476262165,6.247456073760986,6.247456073760986,600,0.0,0.0
2006-09-27 00:00:00-04:00,6.267289638519287,6.267289638519287,6.267289638519287,6.267289638519287,300,0.0,0.0
2006-09-28 00:00:00-04:00,6.148290165685392,6.148290165685392,5.969791583678083,6.039207935333252,3300,0.0,0.0
2006-09-29 00:00:00-04:00,6.068957071691487,6.237539291381836,6.068957071691487,6.237539291381836,3300,0.0,0.0
2006-10-02 00:00:00-04:00,6.09870719909668,6.148289899970197,6.09870719909668,6.09870719909668,400,0.0,0.0
2006-10-03 00:00:00-04:00,6.049124161673133,6.049124161673133,5.801209233138494,5.850792407989502,4800,0.0,0.0
2006-10-04 00:00:00-04:00,5.8904585384904555,5.930124887744114,5.8904585384904555,5.900374889373779,1600,0.0,0.0
2006-10-05 00:00:00-04:00,5.949958282700793,5.959875106811523,5.949958282700793,5.959875106811523,400,0.0,0.0
2006-10-06 00:00:00-04:00,5.900375149251356,5.949958324432373,5.900375149251356,5.949958324432373,600,0.0,0.0
2006-10-09 00:00:00-04:00,5.920208324751722,5.949958324432373,5.920208324751722,5.949958324432373,1600,0.0,0.0
2006-10-10 00:00:00-04:00,5.900375149251356,5.949958324432373,5.880541973750989,5.949958324432373,900,0.0,0.0
2006-10-11 00:00:00-04:00,5.880541801452637,5.880541801452637,5.880541801452637,5.880541801452637,200,0.0,0.0
2006-10-12 00:00:00-04:00,5.880542060597942,5.9400415879777615,5.8607088848046685,5.9301252365112305,700,0.0,0.0
2006-10-13 00:00:00-04:00,5.920208110661041,5.999541282653809,5.920208110661041,5.999541282653809,700,0.0,0.0
2006-10-16 00:00:00-04:00,6.049123853892268,6.197872898016704,6.049123853892268,6.138373374938965,2800,0.0,0.0
2006-10-17 00:00:00-04:00,6.197873204945705,6.237539555628541,5.949958276747877,6.068957328796387,3400,0.0,0.0
2006-10-18 00:00:00-04:00,6.068957200284418,6.09870719909668,6.068957200284418,6.09870719909668,3500,0.0,0.0
2006-10-19 00:00:00-04:00,6.138373543087673,6.6937029132189085,6.138373543087673,6.644119739532471,8600,0.0,0.0
2006-10-20 00:00:00-04:00,6.574703820531791,6.892034616883853,6.396204774723571,6.435871124267578,6500,0.0,0.0
2006-10-23 00:00:00-04:00,6.3466222946038,6.3466222946038,6.277205944061279,6.277205944061279,1400,0.0,0.0
2006-10-24 00:00:00-04:00,6.24745650061114,6.376371906394638,6.24745650061114,6.366455554962158,3600,0.0,0.0
2006-10-25 00:00:00-04:00,6.396204907907303,6.495371256692381,6.297039031982422,6.297039031982422,1500,0.0,0.0
2006-10-26 00:00:00-04:00,6.247456203873219,6.297038904400989,5.9697912840489975,5.999541282653809,4000,0.0,0.0
2006-10-27 00:00:00-04:00,5.979708362607201,6.07887424074741,5.979708362607201,6.049124240875244,600,0.0,0.0
2006-10-30 00:00:00-05:00,6.068957462571032,6.068957462571032,6.039207935333252,6.039207935333252,800,0.0,0.0
2006-10-31 00:00:00-05:00,6.029290676116943,6.039207499721035,6.029290676116943,6.029290676116943,1000,0.0,0.0
2006-11-01 00:00:00-05:00,5.999541365392647,6.088790416717529,5.999541365392647,6.088790416717529,400,0.0,0.0
2006-11-02 00:00:00-05:00,6.0590410232543945,6.0590410232543945,6.0590410232543945,6.0590410232543945,200,0.0,0.0
2006-11-03 00:00:00-05:00,5.999541365392647,6.098707240675957,5.999541365392647,6.088790416717529,2000,0.0,0.0
2006-11-06 00:00:00-05:00,6.049124240875244,6.049124240875244,6.049124240875244,6.049124240875244,1000,0.0,0.0
2006-11-07 00:00:00-05:00,6.049124240875244,6.049124240875244,6.049124240875244,6.049124240875244,0,0.0,0.0
2006-11-08 00:00:00-05:00,6.049124240875244,6.049124240875244,6.049124240875244,6.049124240875244,0,0.0,0.0
2006-11-09 00:00:00-05:00,6.098707153681887,6.18795620373369,6.098707153681887,6.108623504638672,2600,0.0,0.0
2006-11-10 00:00:00-05:00,6.247456247099685,6.247456247099685,5.900374976702889,5.989624500274658,6700,0.0,0.0
2006-11-13 00:00:00-05:00,5.979708194732666,5.979708194732666,5.979708194732666,5.979708194732666,2000,0.0,0.0
2006-11-14 00:00:00-05:00,5.979708194732666,5.979708194732666,5.969791370766948,5.979708194732666,4300,0.0,0.0
2006-11-15 00:00:00-05:00,5.9797082363883165,5.999541411597723,5.969791412353516,5.969791412353516,10000,0.0,0.0
2006-11-16 00:00:00-05:00,5.969791502855961,5.969791502855961,5.801209274590195,5.840875625610352,1800,0.0,0.0
2006-11-17 00:00:00-05:00,5.711960141083016,5.751626491546631,5.692126492991011,5.751626491546631,1600,0.0,0.0
2006-11-20 00:00:00-05:00,5.622710779604139,5.821042537689209,5.622710779604139,5.821042537689209,1600,0.0,0.0
2006-11-21 00:00:00-05:00,5.82104248472266,6.049124240875244,5.741709782210492,6.049124240875244,5700,0.0,0.0
2006-11-22 00:00:00-05:00,6.059040677501979,6.138373374938965,5.99954115442424,6.138373374938965,1800,0.0,0.0
2006-11-24 00:00:00-05:00,6.138373374938965,6.138373374938965,6.138373374938965,6.138373374938965,0,0.0,0.0
2006-11-27 00:00:00-05:00,6.088790199160972,6.138373371461082,6.019374325373026,6.029290676116943,500,0.0,0.0
2006-11-28 00:00:00-05:00,6.078874111175537,6.2970390384337875,5.959875059943763,6.078874111175537,8700,0.0,0.0
2006-11-29 00:00:00-05:00,6.128456643704474,7.397781240409507,6.128456643704474,7.2093658447265625,95300,0.0,0.0
2006-11-30 00:00:00-05:00,7.219282935801789,7.387864690208611,6.892034832533933,6.931701183319092,19900,0.0,0.0
2006-12-01 00:00:00-05:00,7.080450376391357,7.090367200715507,6.6540368605173,6.7928690910339355,7000,0.0,0.0
2006-12-04 00:00:00-05:00,6.713536350268037,6.73336952594501,6.6937031745910645,6.6937031745910645,1400,0.0,0.0
2006-12-05 00:00:00-05:00,6.644119957450892,6.8523685371879095,6.564787255238734,6.703619956970215,10100,0.0,0.0
2006-12-06 00:00:00-05:00,6.7829526129043405,6.792868964183103,6.703619911233446,6.713536262512207,2200,0.0,0.0
2006-12-07 00:00:00-05:00,6.8920349699743895,6.961451321662812,6.7928690910339355,6.7928690910339355,11800,0.0,0.0
2006-12-08 00:00:00-05:00,7.179616255331811,7.179616255331811,6.7928690910339355,6.7928690910339355,11400,0.0,0.0
2006-12-11 00:00:00-05:00,6.753202743946477,6.763119568277219,6.663953216410641,6.683786392211914,1400,0.0,0.0
2006-12-12 00:00:00-05:00,6.753202483901183,6.901951533112967,6.7432861328125,6.7432861328125,6200,0.0,0.0
2006-12-13 00:00:00-05:00,6.654036608713392,6.7432861328125,6.654036608713392,6.7432861328125,600,0.0,0.0
2006-12-14 00:00:00-05:00,6.654036437792006,6.782952308654785,6.654036437792006,6.782952308654785,900,0.0,0.0
2006-12-15 00:00:00-05:00,6.7928688339763,6.842452008000292,6.7432861328125,6.7432861328125,1200,0.0,0.0
2006-12-18 00:00:00-05:00,6.6937028714692905,6.743286044846471,6.654036521911621,6.654036521911621,1700,0.0,0.0
2006-12-19 00:00:00-05:00,6.644119607845491,6.693702780549187,6.346621990203857,6.346621990203857,11100,0.0,0.0
2006-12-20 00:00:00-05:00,6.346622291978328,6.386288642883301,6.346622291978328,6.386288642883301,600,0.0,0.0
2006-12-21 00:00:00-05:00,6.346621990203857,6.386288339222742,6.346621990203857,6.346621990203857,1300,0.0,0.0
2006-12-22 00:00:00-05:00,6.247456247763661,6.247456247763661,6.207789897918701,6.207789897918701,2100,0.0,0.0
2006-12-26 00:00:00-05:00,6.24745620091514,6.24745620091514,6.059040804134378,6.108623504638672,3000,0.0,0.0
2006-12-27 00:00:00-05:00,6.108623504638672,6.108623504638672,6.108623504638672,6.108623504638672,0,0.0,0.0
2006-12-28 00:00:00-05:00,6.068957287142791,6.078874111175537,6.059040935970241,6.078874111175537,2900,0.0,0.0
2006-12-29 00:00:00-05:00,6.068957328796387,6.118540503580032,6.068957328796387,6.068957328796387,7200,0.0,0.0
2007-01-03 00:00:00-05:00,6.098707240675957,6.13837359078928,6.088790416717529,6.088790416717529,2000,0.0,0.0
2007-01-04 00:00:00-05:00,6.049124244502974,6.049124244502974,5.940041542053223,5.940041542053223,2100,0.0,0.0
2007-01-05 00:00:00-05:00,5.949958324432373,5.949958324432373,5.949958324432373,5.949958324432373,4000,0.0,0.0
2007-01-08 00:00:00-05:00,5.949958324432373,5.949958324432373,5.949958324432373,5.949958324432373,100,0.0,0.0
2007-01-09 00:00:00-05:00,5.949958238423104,5.949958238423104,5.860708713531494,5.860708713531494,200,0.0,0.0
2007-01-10 00:00:00-05:00,5.860708713531494,5.860708713531494,5.860708713531494,5.860708713531494,0,0.0,0.0
2007-01-11 00:00:00-05:00,5.940041542053223,5.940041542053223,5.940041542053223,5.940041542053223,500,0.0,0.0
2007-01-12 00:00:00-05:00,5.91029167175293,5.91029167175293,5.91029167175293,5.91029167175293,200,0.0,0.0
2007-01-16 00:00:00-05:00,5.910292015023422,5.940041542053223,5.90037519077335,5.940041542053223,300,0.0,0.0
2007-01-17 00:00:00-05:00,6.03920789311311,6.03920789311311,5.940041542053223,5.940041542053223,400,0.0,0.0
2007-01-18 00:00:00-05:00,5.949958017951737,5.949958017951737,5.652459927910079,5.801208972930908,2300,0.0,0.0
2007-01-19 00:00:00-05:00,5.850792145557911,5.850792145557911,5.801208972930908,5.801208972930908,400,0.0,0.0
2007-01-22 00:00:00-05:00,5.890458583831787,5.890458583831787,5.890458583831787,5.890458583831787,100,0.0,0.0
2007-01-23 00:00:00-05:00,5.751626228732003,5.751626228732003,5.60287718486028,5.702043056488037,2000,0.0,0.0
2007-01-24 00:00:00-05:00,5.73179327040011,5.999541370314809,5.721876446433546,5.8706254959106445,8100,0.0,0.0
2007-01-25 00:00:00-05:00,5.989624586321609,6.078874111175537,5.989624586321609,6.078874111175537,700,0.0,0.0
2007-01-26 00:00:00-05:00,6.078874111175537,6.078874111175537,6.078874111175537,6.078874111175537,0,0.0,0.0
2007-01-29 00:00:00-05:00,6.009457893223102,6.009457893223102,5.940041542053223,5.940041542053223,800,0.0,0.0
2007-01-30 00:00:00-05:00,5.940041538490911,6.17804011888762,5.940041538490911,6.049124240875244,2000,0.0,0.0
2007-01-31 00:00:00-05:00,6.148289982783234,6.1879563331604,6.148289982783234,6.1879563331604,400,0.0,0.0
2007-02-01 00:00:00-05:00,6.098707454369222,6.148290157318115,6.049124278560122,6.148290157318115,600,0.0,0.0
2007-02-02 00:00:00-05:00,6.098707281241873,6.1879563331604,6.098707281241873,6.1879563331604,300,0.0,0.0
2007-02-05 00:00:00-05:00,6.237539291381836,6.237539291381836,6.237539291381836,6.237539291381836,100,0.0,0.0
2007-02-06 00:00:00-05:00,6.237539291381836,6.237539291381836,6.237539291381836,6.237539291381836,0,0.0,0.0
2007-02-07 00:00:00-05:00,6.098707416375452,6.138373767631536,6.049124240875244,6.049124240875244,1000,0.0,0.0
2007-02-08 00:00:00-05:00,6.039207935333252,6.039207935333252,6.039207935333252,6.039207935333252,600,0.0,0.0
2007-02-09 00:00:00-05:00,6.039207935333252,6.039207935333252,6.039207935333252,6.039207935333252,0,0.0,0.0
2007-02-12 00:00:00-05:00,5.999541459682325,5.999541459682325,5.850792407989502,5.850792407989502,3800,0.0,0.0
2007-02-13 00:00:00-05:00,5.761542842732436,5.761542842732436,5.751626491546631,5.751626491546631,2400,0.0,0.0
2007-02-14 00:00:00-05:00,5.702043397039804,5.840875625610352,5.702043397039804,5.840875625610352,500,0.0,0.0
2007-02-15 00:00:00-05:00,5.840875625610352,5.840875625610352,5.840875625610352,5.840875625610352,0,0.0,0.0
2007-02-16 00:00:00-05:00,5.7119601825339785,5.840875586046154,5.7119601825339785,5.7417097091674805,900,0.0,0.0
2007-02-20 00:00:00-05:00,5.711960054122825,5.721876405157661,5.523544655859031,5.5532941818237305,2900,0.0,0.0
2007-02-21 00:00:00-05:00,5.5136279642276795,5.523544788360596,5.5136279642276795,5.523544788360596,600,0.0,0.0
2007-02-22 00:00:00-05:00,5.602877616882324,5.602877616882324,5.602877616882324,5.602877616882324,500,0.0,0.0
2007-02-23 00:00:00-05:00,5.602877616882324,5.602877616882324,5.602877616882324,5.602877616882324,0,0.0,0.0
2007-02-26 00:00:00-05:00,5.652460183546575,5.890458760915591,5.583044306161604,5.7417097091674805,7500,0.0,0.0
2007-02-27 00:00:00-05:00,5.900375254704796,5.900375254704796,5.602877616882324,5.602877616882324,2400,0.0,0.0
2007-02-28 00:00:00-05:00,5.553294139270292,5.702043186534534,5.454128265380859,5.454128265380859,4300,0.0,0.0
2007-03-01 00:00:00-05:00,5.464045262143702,5.523544788360596,5.454128438010786,5.523544788360596,900,0.0,0.0
2007-03-02 00:00:00-05:00,5.523544788360596,5.523544788360596,5.523544788360596,5.523544788360596,0,0.0,0.0
2007-03-05 00:00:00-05:00,5.51362804396209,5.612793922424316,5.51362804396209,5.612793922424316,2300,0.0,0.0
2007-03-06 00:00:00-05:00,5.563210964202881,5.602877313766594,5.563210964202881,5.563210964202881,500,0.0,0.0
2007-03-07 00:00:00-05:00,5.513627831964005,5.602877355578483,5.513627831964005,5.5532941818237305,1200,0.0,0.0
2007-03-08 00:00:00-05:00,5.612793619001647,5.612793619001647,5.354962348937988,5.354962348937988,1900,0.0,0.0
2007-03-09 00:00:00-05:00,5.543377700353251,5.543377700353251,5.325212308397999,5.473961353302002,2300,0.0,0.0
2007-03-12 00:00:00-04:00,5.3351291303220325,5.3351291303220325,5.245879608836663,5.255796432495117,1100,0.0,0.0
2007-03-13 00:00:00-04:00,5.345045523179937,5.354962346916426,5.196296477153891,5.245879650115967,68100,0.0,0.0
2007-03-14 00:00:00-04:00,5.3252126121361,5.454128489929985,5.2756299095801324,5.2954630851745605,15400,0.0,0.0
2007-03-15 00:00:00-04:00,5.404545353055259,5.404545353055259,5.394629001617432,5.394629001617432,600,0.0,0.0
2007-03-16 00:00:00-04:00,5.354962565704452,5.40454526783215,5.305379390716553,5.305379390716553,700,0.0,0.0
2007-03-19 00:00:00-04:00,5.265712738037109,5.265712738037109,5.265712738037109,5.265712738037109,200,0.0,0.0
2007-03-20 00:00:00-04:00,5.354962303683733,5.464044999603525,5.354962303683733,5.3648786544799805,2100,0.0,0.0
2007-03-21 00:00:00-04:00,5.444211441561823,5.5433777883114415,5.364878742450276,5.454128265380859,4600,0.0,0.0
2007-03-22 00:00:00-04:00,5.434295001494426,5.493794524852445,5.3648786544799805,5.3648786544799805,700,0.0,0.0
2007-03-23 00:00:00-04:00,5.4045451783872975,5.434295177459717,5.374795652175072,5.434295177459717,2600,0.0,0.0
2007-03-26 00:00:00-04:00,5.315296298673974,5.424378528791124,5.305379474375937,5.394629001617432,8300,0.0,0.0
2007-03-27 00:00:00-04:00,5.2657128703206535,5.275629694143004,5.235963344573975,5.235963344573975,700,0.0,0.0
2007-03-28 00:00:00-04:00,5.2062135136009555,5.40454526783215,5.107047636485359,5.305379390716553,12800,0.0,0.0
2007-03-29 00:00:00-04:00,5.255796641911352,5.801209197633346,5.206213467363808,5.424378395080566,47600,0.0,0.0
2007-03-30 00:00:00-04:00,5.374795658349387,5.652460109996699,4.93846533290056,5.1070475578308105,24000,0.0,0.0
2007-04-02 00:00:00-04:00,5.15663034758121,5.3450457508586275,5.007881768079219,5.087214469909668,21200,0.0,0.0
2007-04-03 00:00:00-04:00,5.027714642958325,5.156630039295584,5.007881468686426,5.047547817230225,8100,0.0,0.0
2007-04-04 00:00:00-04:00,5.107047425816552,5.196296475108912,5.007881552791608,5.136796951293945,7700,0.0,0.0
2007-04-05 00:00:00-04:00,5.206213516040839,5.345045744067739,5.057464463867632,5.196296691894531,2500,0.0,0.0
2007-04-09 00:00:00-04:00,5.097130892719256,5.454128528825025,5.097130892719256,5.394629001617432,8900,0.0,0.0
2007-04-10 00:00:00-04:00,5.394628652589079,5.503711348508871,5.354962303683733,5.3648786544799805,5200,0.0,0.0
2007-04-11 00:00:00-04:00,5.305379491591171,5.305379491591171,5.017798206057869,5.067381381988525,5400,0.0,0.0
2007-04-12 00:00:00-04:00,5.077297472370989,5.146713820532301,4.988048422289515,5.126880645751953,16100,0.0,0.0
2007-04-13 00:00:00-04:00,5.077297345887437,5.3450454351821985,5.077297345887437,5.265712738037109,24200,0.0,0.0
2007-04-16 00:00:00-04:00,5.2359635998468725,5.364879005801237,5.216130424095416,5.28554630279541,13400,0.0,0.0
2007-04-17 00:00:00-04:00,5.156630341029703,5.295463041916804,5.156630341029703,5.196296691894531,8100,0.0,0.0
2007-04-18 00:00:00-04:00,5.156630299660329,5.424378402279997,5.107047597907175,5.206213474273682,18200,0.0,0.0
2007-04-19 00:00:00-04:00,5.354962346916426,5.354962346916426,5.186380126277585,5.245879650115967,10700,0.0,0.0
2007-04-20 00:00:00-04:00,5.305379303540468,5.39462882790809,5.206213428054329,5.325212478637695,11900,0.0,0.0
2007-04-23 00:00:00-04:00,5.404545133144006,5.444211483001709,5.3252124334286,5.444211483001709,3100,0.0,0.0
2007-04-24 00:00:00-04:00,5.444211483001709,5.444211483001709,5.444211483001709,5.444211483001709,0,0.0,0.0
2007-04-25 00:00:00-04:00,5.394629043613518,5.444211746909066,5.384712219238281,5.384712219238281,1200,0.0,0.0
2007-04-26 00:00:00-04:00,5.354962482456386,5.354962482456386,5.216130256652832,5.216130256652832,1700,0.0,0.0
2007-04-27 00:00:00-04:00,5.1566304366594125,5.196296788259853,5.05746455765831,5.067381381988525,1400,0.0,0.0
2007-04-30 00:00:00-04:00,5.107047638878768,5.196296691894531,5.107047638878768,5.196296691894531,2800,0.0,0.0
2007-05-01 00:00:00-04:00,5.107047387639561,5.404545004490495,5.107047387639561,5.255796432495117,6000,0.0,0.0
2007-05-02 00:00:00-04:00,5.255796432495117,5.255796432495117,5.255796432495117,5.255796432495117,0,0.0,0.0
2007-05-03 00:00:00-04:00,5.255796432495117,5.255796432495117,5.255796432495117,5.255796432495117,0,0.0,0.0
2007-05-04 00:00:00-04:00,5.30537913220685,5.454128177062406,5.255796432495117,5.255796432495117,3100,0.0,0.0
2007-05-07 00:00:00-04:00,5.255796648887034,5.255796648887034,5.206213474273682,5.206213474273682,1600,0.0,0.0
2007-05-08 00:00:00-04:00,5.206213474273682,5.255796648887034,5.206213474273682,5.206213474273682,800,0.0,0.0
2007-05-09 00:00:00-04:00,5.206213474273682,5.206213474273682,5.107047597907175,5.206213474273682,1100,0.0,0.0
2007-05-10 00:00:00-04:00,5.206213474273682,5.206213474273682,5.206213474273682,5.206213474273682,0,0.0,0.0
2007-05-11 00:00:00-04:00,5.206213474273682,5.206213474273682,5.206213474273682,5.206213474273682,0,0.0,0.0
2007-05-14 00:00:00-04:00,5.156630039215088,5.156630039215088,5.156630039215088,5.156630039215088,200,0.0,0.0
2007-05-15 00:00:00-04:00,5.107047775951318,5.107047775951318,5.057464599609375,5.057464599609375,900,0.0,0.0
2007-05-16 00:00:00-04:00,5.04754799129967,5.04754799129967,4.958298467568182,5.0078816413879395,1500,0.0,0.0
2007-05-17 00:00:00-04:00,4.958298337114865,5.037631034851074,4.91863198824676,5.037631034851074,1000,0.0,0.0
2007-05-18 00:00:00-04:00,4.958298508018225,5.1070475578308105,4.958298508018225,5.1070475578308105,300,0.0,0.0
2007-05-21 00:00:00-04:00,5.156630039215088,5.156630039215088,5.156630039215088,5.156630039215088,1000,0.0,0.0
2007-05-22 00:00:00-04:00,5.156630039215088,5.156630039215088,5.156630039215088,5.156630039215088,0,0.0,0.0
2007-05-23 00:00:00-04:00,5.186380299000381,5.206213474273682,5.186380299000381,5.206213474273682,400,0.0,0.0
2007-05-24 00:00:00-04:00,5.156630259194877,5.156630259194877,5.1070475578308105,5.1070475578308105,700,0.0,0.0
2007-05-25 00:00:00-04:00,5.107047775951318,5.107047775951318,5.057464599609375,5.057464599609375,2000,0.0,0.0
2007-05-29 00:00:00-04:00,5.057464599609375,5.057464599609375,5.057464599609375,5.057464599609375,0,0.0,0.0
2007-05-30 00:00:00-04:00,5.057464599609375,5.057464599609375,5.057464599609375,5.057464599609375,0,0.0,0.0
2007-05-31 00:00:00-04:00,5.057464424892519,5.107047599521545,5.007881723123691,5.09713077545166,1500,0.0,0.0
2007-06-01 00:00:00-04:00,5.067380991423021,5.156630039215088,5.067380991423021,5.156630039215088,2000,0.0,0.0
2007-06-04 00:00:00-04:00,5.107047770599544,5.1665472984313965,5.107047770599544,5.1665472984313965,2700,0.0,0.0
2007-06-05 00:00:00-04:00,5.206213474273682,5.255796648887034,5.206213474273682,5.206213474273682,1500,0.0,0.0
2007-06-06 00:00:00-04:00,5.156630087351294,5.255796432495117,5.156630087351294,5.255796432495117,400,0.0,0.0
2007-06-07 00:00:00-04:00,5.305379390716553,5.305379390716553,5.305379390716553,5.305379390716553,400,0.0,0.0
2007-06-08 00:00:00-04:00,5.305379390716553,5.305379390716553,5.305379390716553,5.305379390716553,0,0.0,0.0
2007-06-11 00:00:00-04:00,5.255796606882419,5.255796606882419,5.156630258448257,5.216130256652832,2000,0.0,0.0
2007-06-12 00:00:00-04:00,5.216130256652832,5.216130256652832,5.216130256652832,5.216130256652832,0,0.0,0.0
2007-06-13 00:00:00-04:00,5.216130256652832,5.255796606882419,5.216130256652832,5.216130256652832,800,0.0,0.0
2007-06-14 00:00:00-04:00,5.255796606882419,5.305379308239306,5.216130256652832,5.216130256652832,1800,0.0,0.0
2007-06-15 00:00:00-04:00,5.216130124626867,5.255796473852455,5.216130124626867,5.245879650115967,1600,0.0,0.0
2007-06-18 00:00:00-04:00,5.245879650115967,5.245879650115967,5.245879650115967,5.245879650115967,0,0.0,0.0
2007-06-19 00:00:00-04:00,5.226046562194824,5.305379261962002,5.226046562194824,5.226046562194824,700,0.0,0.0
2007-06-20 00:00:00-04:00,5.275629561610333,5.275629561610333,5.265712738037109,5.265712738037109,500,0.0,0.0
2007-06-21 00:00:00-04:00,5.265712738037109,5.265712738037109,5.265712738037109,5.265712738037109,0,0.0,0.0
2007-06-22 00:00:00-04:00,5.404544961879582,5.404544961879582,5.3549622625587725,5.374795436859131,3800,0.0,0.0
2007-06-25 00:00:00-04:00,5.374795436859131,5.374795436859131,5.374795436859131,5.374795436859131,0,0.0,0.0
2007-06-26 00:00:00-04:00,5.374795436859131,5.374795436859131,5.374795436859131,5.374795436859131,0,0.0,0.0
2007-06-27 00:00:00-04:00,5.325212264678147,5.374795436859131,5.325212264678147,5.374795436859131,300,0.0,0.0
2007-06-28 00:00:00-04:00,5.374795436859131,5.374795436859131,5.374795436859131,5.374795436859131,0,0.0,0.0
2007-06-29 00:00:00-04:00,5.374795436859131,5.374795436859131,5.374795436859131,5.374795436859131,0,0.0,0.0
2007-07-02 00:00:00-04:00,5.325212478637695,5.325212478637695,5.325212478637695,5.325212478637695,700,0.0,0.0
2007-07-03 00:00:00-04:00,5.325212264678147,5.374795436859131,5.325212264678147,5.374795436859131,400,0.0,0.0
2007-07-05 00:00:00-04:00,5.28554630279541,5.28554630279541,5.28554630279541,5.28554630279541,400,0.0,0.0
2007-07-06 00:00:00-04:00,5.3252123066635795,5.37479547923549,5.255796432495117,5.255796432495117,3800,0.0,0.0
2007-07-09 00:00:00-04:00,5.255796601605781,5.434295177459717,5.166547077248717,5.434295177459717,6600,0.0,0.0
2007-07-10 00:00:00-04:00,5.434295177459717,5.434295177459717,5.434295177459717,5.434295177459717,0,0.0,0.0
2007-07-11 00:00:00-04:00,5.424378482726863,5.483878482289387,5.404545307159424,5.404545307159424,3100,0.0,0.0
2007-07-12 00:00:00-04:00,5.503711657856826,5.503711657856826,5.404545307159424,5.404545307159424,1400,0.0,0.0
2007-07-13 00:00:00-04:00,5.464045045779628,5.464045045779628,5.354962348937988,5.354962348937988,4500,0.0,0.0
2007-07-16 00:00:00-04:00,5.404545307159424,5.404545307159424,5.404545307159424,5.404545307159424,500,0.0,0.0
2007-07-17 00:00:00-04:00,5.30537913220685,5.30537913220685,5.255796432495117,5.255796432495117,2600,0.0,0.0
2007-07-18 00:00:00-04:00,5.255796432495117,5.255796432495117,5.255796432495117,5.255796432495117,0,0.0,0.0
2007-07-19 00:00:00-04:00,5.2062135136009555,5.305379390716553,5.2062135136009555,5.305379390716553,2100,0.0,0.0
2007-07-20 00:00:00-04:00,5.305379390716553,5.305379390716553,5.305379390716553,5.305379390716553,0,0.0,0.0
2007-07-23 00:00:00-04:00,5.206213211324149,5.206213211324149,5.156630039215088,5.156630039215088,2100,0.0,0.0
2007-07-24 00:00:00-04:00,5.057464338549885,5.116963863372803,5.057464338549885,5.116963863372803,1800,0.0,0.0
2007-07-25 00:00:00-04:00,5.156630299660329,5.206213474273682,5.156630299660329,5.206213474273682,1100,0.0,0.0
2007-07-26 00:00:00-04:00,5.206213474273682,5.206213474273682,5.206213474273682,5.206213474273682,0,0.0,0.0
2007-07-27 00:00:00-04:00,5.156630479433046,5.206213655774989,5.057464599609375,5.057464599609375,2100,0.0,0.0
2007-07-30 00:00:00-04:00,5.107047775951318,5.30537953559866,5.007881896127646,5.057464599609375,16400,0.0,0.0
2007-07-31 00:00:00-04:00,5.116964127503578,5.156630479433046,5.057464599609375,5.057464599609375,4100,0.0,0.0
2007-08-01 00:00:00-04:00,5.10704735386132,6.197872887486997,5.10704735386132,5.702043056488037,47800,0.0,0.0
2007-08-02 00:00:00-04:00,5.702043311822141,6.098707288955721,5.65246013735787,5.860708713531494,17900,0.0,0.0
2007-08-03 00:00:00-04:00,5.8012093618807015,5.860708889306222,5.702043482838167,5.821042537689209,1800,0.0,0.0
2007-08-06 00:00:00-04:00,5.7516265888799225,5.7516265888799225,5.354962604670927,5.404545307159424,13900,0.0,0.0
2007-08-07 00:00:00-04:00,5.30537953559866,5.404545415422331,5.057464599609375,5.057464599609375,500,0.0,0.0
2007-08-08 00:00:00-04:00,4.97813168313589,5.1070475578308105,4.95929009584508,5.1070475578308105,2400,0.0,0.0
2007-08-09 00:00:00-04:00,5.00788180928777,5.156630390013775,5.00788180928777,5.077297687530518,500,0.0,0.0
2007-08-10 00:00:00-04:00,5.0772975985671245,5.206213474273682,5.057464423293823,5.206213474273682,1500,0.0,0.0
2007-08-13 00:00:00-04:00,5.156630087351294,5.255796432495117,5.156630087351294,5.255796432495117,800,0.0,0.0
2007-08-14 00:00:00-04:00,5.2062135136009555,5.305379390716553,5.2062135136009555,5.305379390716553,300,0.0,0.0
2007-08-15 00:00:00-04:00,5.305379390716553,5.305379390716553,5.305379390716553,5.305379390716553,0,0.0,0.0
2007-08-16 00:00:00-04:00,5.255796432495117,5.255796432495117,5.157622148005283,5.255796432495117,900,0.0,0.0
2007-08-17 00:00:00-04:00,5.226046473446486,5.226046473446486,5.107047425816552,5.136796951293945,2700,0.0,0.0
2007-08-20 00:00:00-04:00,5.206213655774989,5.206213655774989,5.057464599609375,5.057464599609375,2300,0.0,0.0
2007-08-21 00:00:00-04:00,5.057464167857139,5.156630039215088,5.057464167857139,5.156630039215088,1000,0.0,0.0
2007-08-22 00:00:00-04:00,5.057464212237667,5.146713733673096,5.007881512553679,5.146713733673096,4700,0.0,0.0
2007-08-23 00:00:00-04:00,5.057464167857139,5.156630039215088,5.057464167857139,5.156630039215088,600,0.0,0.0
2007-08-24 00:00:00-04:00,5.0574645119097035,5.077297687530518,5.0574645119097035,5.077297687530518,400,0.0,0.0
2007-08-27 00:00:00-04:00,5.057464470293149,5.087214469909668,5.057464470293149,5.087214469909668,300,0.0,0.0
2007-08-28 00:00:00-04:00,5.156630039215088,5.156630039215088,5.156630039215088,5.156630039215088,300,0.0,0.0
2007-08-29 00:00:00-04:00,5.1070475578308105,5.1070475578308105,5.1070475578308105,5.1070475578308105,100,0.0,0.0
2007-08-30 00:00:00-04:00,5.057464599609375,5.057464599609375,5.057464599609375,5.057464599609375,200,0.0,0.0
2007-08-31 00:00:00-04:00,5.057464599609375,5.057464599609375,5.057464599609375,5.057464599609375,0,0.0,0.0
2007-09-04 00:00:00-04:00,5.057464167857139,5.156630039215088,5.057464167857139,5.156630039215088,800,0.0,0.0
2007-09-05 00:00:00-04:00,5.156630039215088,5.156630039215088,5.156630039215088,5.156630039215088,0,0.0,0.0
2007-09-06 00:00:00-04:00,5.206213433419136,5.305379309007462,5.1070475578308105,5.1070475578308105,1100,0.0,0.0
2007-09-07 00:00:00-04:00,5.1070475578308105,5.1070475578308105,5.1070475578308105,5.1070475578308105,0,0.0,0.0
2007-09-10 00:00:00-04:00,5.1070475578308105,5.1070475578308105,5.1070475578308105,5.1070475578308105,0,0.0,0.0
2007-09-11 00:00:00-04:00,5.1070475578308105,5.1070475578308105,5.1070475578308105,5.1070475578308105,0,0.0,0.0
2007-09-12 00:00:00-04:00,5.08721416569461,5.156630039215088,5.007881468608251,5.156630039215088,5900,0.0,0.0
2007-09-13 00:00:00-04:00,5.206213432665338,5.216130256652832,5.206213432665338,5.216130256652832,700,0.0,0.0
2007-09-14 00:00:00-04:00,5.216130256652832,5.216130256652832,5.216130256652832,5.216130256652832,0,0.0,0.0
2007-09-17 00:00:00-04:00,5.216130256652832,5.216130256652832,5.216130256652832,5.216130256652832,0,0.0,0.0
2007-09-18 00:00:00-04:00,5.156630259194877,5.156630259194877,5.1070475578308105,5.1070475578308105,1000,0.0,0.0
2007-09-19 00:00:00-04:00,5.1070475578308105,5.1070475578308105,5.1070475578308105,5.1070475578308105,0,0.0,0.0
2007-09-20 00:00:00-04:00,5.1070475578308105,5.1070475578308105,5.1070475578308105,5.1070475578308105,1600,0.0,0.0
2007-09-21 00:00:00-04:00,5.057464338549885,5.116963863372803,5.057464338549885,5.116963863372803,300,0.0,0.0
2007-09-24 00:00:00-04:00,5.057464342347507,5.057464342347507,4.958298467568182,5.0078816413879395,10200,0.0,0.0
2007-09-25 00:00:00-04:00,5.007881468686426,5.047547817230225,4.95829829657659,5.047547817230225,1900,0.0,0.0
2007-09-26 00:00:00-04:00,5.047547817230225,5.047547817230225,5.047547817230225,5.047547817230225,0,0.0,0.0
2007-09-27 00:00:00-04:00,5.0376314236446404,5.057464599609375,4.958298719785704,5.057464599609375,1400,0.0,0.0
2007-09-28 00:00:00-04:00,5.007881453269062,5.107047324323264,4.948381457776367,5.106055736541748,3100,0.0,0.0
2007-10-01 00:00:00-04:00,5.0574643836065505,5.1070475578308105,5.0574643836065505,5.1070475578308105,1100,0.0,0.0
2007-10-02 00:00:00-04:00,5.1070475578308105,5.1070475578308105,5.1070475578308105,5.1070475578308105,0,0.0,0.0
2007-10-03 00:00:00-04:00,5.1070475578308105,5.1070475578308105,5.1070475578308105,5.1070475578308105,0,0.0,0.0
2007-10-04 00:00:00-04:00,5.057464338549885,5.116963863372803,5.057464338549885,5.116963863372803,200,0.0,0.0
2007-10-05 00:00:00-04:00,5.0574642092851265,5.0574642092851265,5.037631034851074,5.037631034851074,3200,0.0,0.0
2007-10-08 00:00:00-04:00,4.988048683323996,5.057464562257792,4.908715507190754,4.958298683166504,3100,0.0,0.0
2007-10-09 00:00:00-04:00,5.007881556652973,5.354962348937988,5.007881556652973,5.354962348937988,11200,0.0,0.0
2007-10-10 00:00:00-04:00,5.354962348937988,5.354962348937988,5.354962348937988,5.354962348937988,0,0.0,0.0
2007-10-11 00:00:00-04:00,5.206213433419136,5.206213433419136,5.1070475578308105,5.1070475578308105,2700,0.0,0.0
2007-10-12 00:00:00-04:00,5.206213259923206,5.255796432495117,5.156630087351294,5.255796432495117,700,0.0,0.0
2007-10-15 00:00:00-04:00,5.206213259923206,5.255796432495117,5.206213259923206,5.255796432495117,600,0.0,0.0
2007-10-16 00:00:00-04:00,5.255796432495117,5.255796432495117,5.255796432495117,5.255796432495117,0,0.0,0.0
2007-10-17 00:00:00-04:00,5.255796475836581,5.354962348937988,5.206213302855787,5.354962348937988,600,0.0,0.0
2007-10-18 00:00:00-04:00,5.354962348937988,5.354962348937988,5.354962348937988,5.354962348937988,0,0.0,0.0
2007-10-19 00:00:00-04:00,5.454128222039396,5.929133297984345,5.354962348937988,5.354962348937988,20000,0.0,0.0
2007-10-22 00:00:00-04:00,5.354962348937988,5.354962348937988,5.354962348937988,5.354962348937988,0,0.0,0.0
2007-10-23 00:00:00-04:00,5.255796726833729,5.404545307159424,5.255796726833729,5.404545307159424,1900,0.0,0.0
2007-10-24 00:00:00-04:00,5.2657127832933925,5.354962304778762,5.255796432495117,5.255796432495117,4100,0.0,0.0
2007-10-25 00:00:00-04:00,5.15663030710308,5.255796656472914,4.988048553466797,4.988048553466797,3900,0.0,0.0
2007-10-26 00:00:00-04:00,5.156630039215088,5.156630039215088,5.156630039215088,5.156630039215088,200,0.0,0.0
2007-10-29 00:00:00-04:00,5.05746421506765,5.255796432495117,5.05746421506765,5.255796432495117,800,0.0,0.0
2007-10-30 00:00:00-04:00,5.255796561037611,5.255796561037611,5.226046562194824,5.226046562194824,400,0.0,0.0
2007-10-31 00:00:00-04:00,5.255796432495117,5.255796432495117,5.255796432495117,5.255796432495117,200,0.0,0.0
2007-11-01 00:00:00-04:00,5.305379175957194,5.354962348937988,5.305379175957194,5.354962348937988,1300,0.0,0.0
2007-11-02 00:00:00-04:00,5.305379343598698,5.652460146850912,5.226046642610786,5.424378395080566,18900,0.0,0.0
2007-11-05 00:00:00-05:00,5.454128442820049,5.456111618504301,5.2062135136009555,5.305379390716553,10000,0.0,0.0
2007-11-06 00:00:00-05:00,5.30537943910082,5.404545317120795,5.206213561080845,5.402562141418457,3600,0.0,0.0
2007-11-07 00:00:00-05:00,5.2062136450892185,5.404545404329484,5.2062136450892185,5.275629997253418,1800,0.0,0.0
2007-11-08 00:00:00-05:00,5.275629824160336,5.553294277986555,5.206213474273682,5.206213474273682,9900,0.0,0.0
2007-11-09 00:00:00-05:00,5.305379217011328,5.345045566558838,5.305379217011328,5.345045566558838,500,0.0,0.0
2007-11-12 00:00:00-05:00,5.255796793300578,5.2855463205978594,4.958298683166504,4.958298683166504,5900,0.0,0.0
2007-11-13 00:00:00-05:00,5.027714678687851,5.027714678687851,4.710383415222168,4.710383415222168,7100,0.0,0.0
2007-11-14 00:00:00-05:00,4.611217755119567,4.7500499823911095,4.611217755119567,4.660800457000732,3300,0.0,0.0
2007-11-15 00:00:00-05:00,4.64096701938243,4.64096701938243,4.323636232124934,4.502134799957275,10000,0.0,0.0
2007-11-16 00:00:00-05:00,4.412885313847629,4.492218484137668,4.115387698485642,4.164970397949219,13300,0.0,0.0
2007-11-19 00:00:00-05:00,4.164970530539258,4.264136878343681,4.065804655595026,4.135221004486084,1800,0.0,0.0
2007-11-20 00:00:00-05:00,4.115387743260729,4.155054092407227,4.075721394114231,4.155054092407227,1500,0.0,0.0
2007-11-21 00:00:00-05:00,4.155054092407227,4.155054092407227,4.155054092407227,4.155054092407227,0,0.0,0.0
2007-11-23 00:00:00-05:00,4.065804887212778,4.512052059173584,4.065804887212778,4.512052059173584,5400,0.0,0.0
2007-11-26 00:00:00-05:00,4.611217714866394,4.650884065169143,4.561634540557861,4.561634540557861,800,0.0,0.0
2007-11-27 00:00:00-05:00,4.561634540557861,4.611217714866394,4.561634540557861,4.561634540557861,500,0.0,0.0
2007-11-28 00:00:00-05:00,4.482301756361132,4.482301756361132,4.264136833764609,4.363302707672119,1800,0.0,0.0
2007-11-29 00:00:00-05:00,4.363302707672119,4.363302707672119,4.363302707672119,4.363302707672119,0,0.0,0.0
2007-11-30 00:00:00-05:00,4.759966913582954,4.759966913582954,4.264137046453905,4.313719749450684,800,0.0,0.0
2007-12-03 00:00:00-05:00,4.184803833186914,4.25422018419554,4.105471130811458,4.2145538330078125,3000,0.0,0.0
2007-12-04 00:00:00-05:00,4.1947205770469775,4.244303751511771,4.01622200012207,4.01622200012207,2300,0.0,0.0
2007-12-05 00:00:00-05:00,3.9864719577584773,3.9864719577584773,3.7881399713345036,3.91705584526062,6400,0.0,0.0
2007-12-06 00:00:00-05:00,3.8674728870391846,3.8674728870391846,3.8674728870391846,3.8674728870391846,200,0.0,0.0
2007-12-07 00:00:00-05:00,3.867472782587232,4.164970397949219,3.698890564118685,4.164970397949219,9200,0.0,0.0
2007-12-10 00:00:00-05:00,4.12530434319842,4.313719749450684,4.026138464344652,4.313719749450684,6500,0.0,0.0
2007-12-11 00:00:00-05:00,4.313719749450684,4.313719749450684,4.313719749450684,4.313719749450684,0,0.0,0.0
2007-12-12 00:00:00-05:00,4.31371961564689,4.462468665743719,4.31371961564689,4.45255184173584,2000,0.0,0.0
2007-12-13 00:00:00-05:00,4.412885665893555,4.412885665893555,4.412885665893555,4.412885665893555,300,0.0,0.0
2007-12-14 00:00:00-05:00,4.412885665893555,4.412885665893555,4.412885665893555,4.412885665893555,0,0.0,0.0
2007-12-17 00:00:00-05:00,4.3633026641475645,4.412885364176633,4.264136791229248,4.264136791229248,1000,0.0,0.0
2007-12-18 00:00:00-05:00,4.214553746885657,4.214553746885657,4.125304222106934,4.125304222106934,600,0.0,0.0
2007-12-19 00:00:00-05:00,4.065804481506348,4.065804481506348,4.065804481506348,4.065804481506348,200,0.0,0.0
2007-12-20 00:00:00-05:00,4.016221977669659,4.016221977669659,3.9666388034820557,3.9666388034820557,800,0.0,0.0
2007-12-21 00:00:00-05:00,3.8873060619323008,3.8873060619323008,3.8674728870391846,3.8674728870391846,1000,0.0,0.0
2007-12-24 00:00:00-05:00,3.8674728870391846,3.8674728870391846,3.8674728870391846,3.8674728870391846,0,0.0,0.0
2007-12-26 00:00:00-05:00,3.8575564256259542,3.946805715560913,3.8575564256259542,3.946805715560913,400,0.0,0.0
2007-12-27 00:00:00-05:00,3.9567222595214844,3.9567222595214844,3.9567222595214844,3.9567222595214844,500,0.0,0.0
2007-12-28 00:00:00-05:00,3.9567222595214844,3.966638847182236,3.9269724965392294,3.9567222595214844,4700,0.0,0.0
2007-12-31 00:00:00-05:00,3.9170559522492603,3.966638891102015,3.6691410215553844,3.946805715560913,6700,0.0,0.0
2008-01-02 00:00:00-05:00,3.9666388034820557,3.9666388034820557,3.7683068160219335,3.9666388034820557,1100,0.0,0.0
2008-01-03 00:00:00-05:00,3.9666388034820557,3.9666388034820557,3.9666388034820557,3.9666388034820557,0,0.0,0.0
2008-01-04 00:00:00-05:00,3.9666388034820557,3.9666388034820557,3.9666388034820557,3.9666388034820557,0,0.0,0.0
2008-01-07 00:00:00-05:00,3.9666388034820557,3.9666388034820557,3.9666388034820557,3.9666388034820557,0,0.0,0.0
2008-01-08 00:00:00-05:00,3.758390123049685,3.758390123049685,3.718723773956299,3.718723773956299,1100,0.0,0.0
2008-01-09 00:00:00-05:00,3.6810406218081217,3.7683067321777344,3.6810406218081217,3.7683067321777344,200,0.0,0.0
2008-01-10 00:00:00-05:00,3.7683067321777344,3.7683067321777344,3.7683067321777344,3.7683067321777344,0,0.0,0.0
2008-01-11 00:00:00-05:00,3.718723773956299,3.718723773956299,3.718723773956299,3.718723773956299,100,0.0,0.0
2008-01-14 00:00:00-05:00,3.718723773956299,3.718723773956299,3.718723773956299,3.718723773956299,0,0.0,0.0
2008-01-15 00:00:00-05:00,3.718723773956299,3.718723773956299,3.718723773956299,3.718723773956299,0,0.0,0.0
2008-01-16 00:00:00-05:00,3.718723773956299,3.718723773956299,3.718723773956299,3.718723773956299,0,0.0,0.0
2008-01-17 00:00:00-05:00,3.6691410541534424,3.6691410541534424,3.6691410541534424,3.6691410541534424,200,0.0,0.0
2008-01-18 00:00:00-05:00,3.619558095932007,3.619558095932007,3.619558095932007,3.619558095932007,300,0.0,0.0
2008-01-22 00:00:00-05:00,3.619558095932007,3.619558095932007,3.619558095932007,3.619558095932007,0,0.0,0.0
2008-01-23 00:00:00-05:00,3.569974899291992,3.569974899291992,3.569974899291992,3.569974899291992,900,0.0,0.0
2008-01-24 00:00:00-05:00,3.569974838306221,3.569974838306221,3.4212260246276855,3.4212260246276855,1700,0.0,0.0
2008-01-25 00:00:00-05:00,3.3716432270185033,4.303803443908691,3.3716432270185033,4.303803443908691,2300,0.0,0.0
2008-01-28 00:00:00-05:00,3.4509756784035037,3.917055752740596,3.4509756784035037,3.500558614730835,900,0.0,0.0
2008-01-29 00:00:00-05:00,3.46089246370395,3.46089246370395,3.401392936706543,3.401392936706543,1000,0.0,0.0
2008-01-30 00:00:00-05:00,3.470808982849121,3.470808982849121,3.470808982849121,3.470808982849121,200,0.0,0.0
2008-01-31 00:00:00-05:00,3.470808982849121,3.470808982849121,3.470808982849121,3.470808982849121,100,0.0,0.0
2008-02-01 00:00:00-05:00,3.520391921032375,3.520391921032375,3.470808982849121,3.470808982849121,500,0.0,0.0
2008-02-04 00:00:00-05:00,3.470808982849121,3.470808982849121,3.470808982849121,3.470808982849121,0,0.0,0.0
2008-02-05 00:00:00-05:00,3.470808982849121,3.470808982849121,3.470808982849121,3.470808982849121,0,0.0,0.0
2008-02-06 00:00:00-05:00,3.470808982849121,3.470808982849121,3.470808982849121,3.470808982849121,0,0.0,0.0
2008-02-07 00:00:00-05:00,3.470808982849121,3.470808982849121,3.470808982849121,3.470808982849121,0,0.0,0.0
2008-02-08 00:00:00-05:00,3.470808982849121,3.470808982849121,3.470808982849121,3.470808982849121,0,0.0,0.0
2008-02-11 00:00:00-05:00,3.421226103365988,3.619558095932007,3.421226103365988,3.619558095932007,500,0.0,0.0
2008-02-12 00:00:00-05:00,3.5203918796893916,3.5342750549316406,3.5203918796893916,3.5342750549316406,400,0.0,0.0
2008-02-13 00:00:00-05:00,3.6096414461923296,3.669140972012234,3.470808982849121,3.470808982849121,1000,0.0,0.0
2008-02-14 00:00:00-05:00,3.4212260246276855,3.4212260246276855,3.4212260246276855,3.4212260246276855,1000,0.0,0.0
2008-02-15 00:00:00-05:00,3.569974899291992,3.569974899291992,3.569974899291992,3.569974899291992,100,0.0,0.0
2008-02-19 00:00:00-05:00,4.065804772074961,4.075721596283583,3.619558085611445,3.8377230167388916,8400,0.0,0.0
2008-02-20 00:00:00-05:00,3.9368890881544547,3.9368890881544547,3.847639799118042,3.847639799118042,2600,0.0,0.0
2008-02-21 00:00:00-05:00,3.9567222595214844,3.9567222595214844,3.9567222595214844,3.9567222595214844,800,0.0,0.0
2008-02-22 00:00:00-05:00,4.164970397949219,4.164970397949219,4.06580452616189,4.164970397949219,1700,0.0,0.0
2008-02-25 00:00:00-05:00,4.184803620034414,4.303803140396575,4.184803620034414,4.264136791229248,1100,0.0,0.0
2008-02-26 00:00:00-05:00,4.313719837706066,4.313719837706066,4.274053485353016,4.293886661529541,300,0.0,0.0
2008-02-27 00:00:00-05:00,4.264136926725651,4.264136926725651,3.956722238050337,4.01622200012207,2400,0.0,0.0
2008-02-28 00:00:00-05:00,4.115387916564941,4.115387916564941,4.115387916564941,4.115387916564941,100,0.0,0.0
2008-02-29 00:00:00-05:00,3.9666386549135444,4.0558881759643555,3.9666386549135444,4.0558881759643555,300,0.0,0.0
2008-03-03 00:00:00-05:00,4.1649706575930505,4.2145538330078125,4.09555477944463,4.2145538330078125,2500,0.0,0.0
2008-03-04 00:00:00-05:00,4.1649706610162855,4.244303836317151,4.085637958575626,4.105471134185791,9200,0.0,0.0
2008-03-05 00:00:00-05:00,4.194720443756336,4.264136791229248,4.194720443756336,4.264136791229248,1500,0.0,0.0
2008-03-06 00:00:00-05:00,4.194720349844054,4.194720349844054,4.065804481506348,4.065804481506348,4400,0.0,0.0
2008-03-07 00:00:00-05:00,4.1153878698296396,4.234386920928955,4.09555469464642,4.234386920928955,700,0.0,0.0
2008-03-10 00:00:00-04:00,4.313719491258316,4.313719491258316,4.264136791229248,4.264136791229248,1100,0.0,0.0
2008-03-11 00:00:00-04:00,4.2244706539379075,4.323636531829834,4.2244706539379075,4.323636531829834,600,0.0,0.0
2008-03-12 00:00:00-04:00,4.4029693603515625,4.4029693603515625,4.4029693603515625,4.4029693603515625,300,0.0,0.0
2008-03-13 00:00:00-04:00,4.341485966292641,4.45255184173584,4.333552790802454,4.45255184173584,5900,0.0,0.0
2008-03-14 00:00:00-04:00,4.839299421415591,4.839299421415591,4.46246862411499,4.46246862411499,400,0.0,0.0
2008-03-17 00:00:00-04:00,4.363302707672119,4.363302707672119,4.363302707672119,4.363302707672119,300,0.0,0.0
2008-03-18 00:00:00-04:00,4.442635536193848,4.512051886381011,4.293886484570041,4.442635536193848,14500,0.0,0.0
2008-03-19 00:00:00-04:00,4.3236364923739385,4.363302843168729,4.184803791731972,4.224470615386963,5900,0.0,0.0
2008-03-20 00:00:00-04:00,4.24430374609863,4.317686447010369,4.125304222106934,4.125304222106934,2600,0.0,0.0
2008-03-24 00:00:00-04:00,4.164970530493403,4.2443037033081055,4.145137355504775,4.2443037033081055,1300,0.0,0.0
2008-03-25 00:00:00-04:00,4.214553746885657,4.264136921287213,4.125304222106934,4.125304222106934,1100,0.0,0.0
2008-03-26 00:00:00-04:00,4.125304222106934,4.125304222106934,4.125304222106934,4.125304222106934,0,0.0,0.0
2008-03-27 00:00:00-04:00,4.176870444772985,4.264136791229248,4.176870444772985,4.264136791229248,900,0.0,0.0
2008-03-28 00:00:00-04:00,4.174887180328369,4.174887180328369,4.174887180328369,4.174887180328369,100,0.0,0.0
2008-03-31 00:00:00-04:00,4.174887180328369,4.174887180328369,4.174887180328369,4.174887180328369,0,0.0,0.0
2008-04-01 00:00:00-04:00,4.283969874647258,4.283969874647258,4.174887180328369,4.174887180328369,2300,0.0,0.0
2008-04-02 00:00:00-04:00,4.264137097546149,4.264137097546149,4.184803920652366,4.19472074508667,3000,0.0,0.0
2008-04-03 00:00:00-04:00,4.214553745745736,4.234386920928955,4.1153878698296396,4.234386920928955,2000,0.0,0.0
2008-04-04 00:00:00-04:00,4.234386920928955,4.234386920928955,4.234386920928955,4.234386920928955,0,0.0,0.0
2008-04-07 00:00:00-04:00,4.2343867929236625,4.264136791229248,4.2343867929236625,4.264136791229248,1900,0.0,0.0
2008-04-08 00:00:00-04:00,4.313719707610539,4.323636531829834,4.313719707610539,4.323636531829834,700,0.0,0.0
2008-04-09 00:00:00-04:00,4.353385883851275,4.4396606433679855,4.353385883851275,4.363302707672119,3700,0.0,0.0
2008-04-10 00:00:00-04:00,4.46246866480099,4.561634540557861,4.46246866480099,4.561634540557861,2200,0.0,0.0
2008-04-11 00:00:00-04:00,4.561634540557861,4.561634540557861,4.561634540557861,4.561634540557861,0,0.0,0.0
2008-04-14 00:00:00-04:00,4.462468455684448,4.611217498779297,4.462468455684448,4.611217498779297,300,0.0,0.0
2008-04-15 00:00:00-04:00,4.561634453705249,4.581467628479004,4.561634453705249,4.581467628479004,700,0.0,0.0
2008-04-16 00:00:00-04:00,4.581467628479004,4.581467628479004,4.581467628479004,4.581467628479004,0,0.0,0.0
2008-04-17 00:00:00-04:00,4.512052013187407,4.660800596131434,4.512052013187407,4.521968364715576,1300,0.0,0.0
2008-04-18 00:00:00-04:00,4.759966960138361,5.057464599609375,4.759966960138361,5.057464599609375,4500,0.0,0.0
2008-04-21 00:00:00-04:00,5.255796409536079,6.5449536893123526,5.107047365330308,6.247456073760986,18800,0.0,0.0
2008-04-22 00:00:00-04:00,6.743286539419852,8.399358409924623,6.118540778775498,8.260525703430176,74700,0.0,0.0
2008-04-23 00:00:00-04:00,8.92493732471044,9.728182100051349,6.94161791921923,7.060616970062256,125600,0.0,0.0
2008-04-24 00:00:00-04:00,7.635779560851785,7.635779560851785,6.445788100645859,7.487030982971191,34300,0.0,0.0
2008-04-25 00:00:00-04:00,7.913444140734686,8.677022063399429,7.487030655277292,8.54810619354248,38500,0.0,0.0
2008-04-28 00:00:00-04:00,8.80593796106158,10.154594768429076,8.686938914445657,9.966179847717285,73700,0.0,0.0
2008-04-29 00:00:00-04:00,10.759508144011958,10.809090372531148,9.12326906842818,9.777764320373535,73000,0.0,0.0
2008-04-30 00:00:00-04:00,10.402510440303443,10.402510440303443,8.696856369295046,9.371184349060059,38700,0.0,0.0
2008-05-01 00:00:00-04:00,9.37118429959494,9.37118429959494,8.617522674585885,8.627439498901367,16500,0.0,0.0
2008-05-02 00:00:00-04:00,8.627439150811572,9.172852171791924,8.45885692713182,8.92493724822998,16600,0.0,0.0
2008-05-05 00:00:00-04:00,9.61909866280098,9.757931357824466,8.88527072993476,9.182768821716309,20000,0.0,0.0
2008-05-06 00:00:00-04:00,9.599265853911252,9.61909855542444,8.528273492029294,8.54810619354248,9500,0.0,0.0
2008-05-07 00:00:00-04:00,8.528273491400258,8.919978567030242,8.488607142656457,8.657188415527344,4400,0.0,0.0
2008-05-08 00:00:00-04:00,8.657188590936984,9.470350175241483,8.528273664197858,9.162935256958008,7600,0.0,0.0
2008-05-09 00:00:00-04:00,9.262101682529748,11.255337892130166,8.92493723564565,10.670258522033691,75800,0.0,0.0
2008-05-12 00:00:00-04:00,10.57109232621114,11.394169807434082,9.916597070850283,11.394169807434082,48900,0.0,0.0
2008-05-13 00:00:00-04:00,11.404086806852629,11.800750317498471,11.007423296206788,11.354503631591797,27400,0.0,0.0
2008-05-14 00:00:00-04:00,11.721416922639012,13.387405460333213,11.50325247753742,12.167664527893066,47500,0.0,0.0
2008-05-15 00:00:00-04:00,13.1593246284109,14.825312275682863,12.19741445786457,14.031984329223633,89100,0.0,0.0
2008-05-16 00:00:00-04:00,15.261643019992048,19.76377798964072,14.31163285225439,19.486112594604492,128000,0.0,0.0
2008-05-19 00:00:00-04:00,20.041441441469768,28.411049760712448,19.099365870154443,27.66730499267578,166200,0.0,0.0
2008-05-20 00:00:00-04:00,30.09687192281633,44.416438353671374,27.270641432439046,42.17528533935547,816200,0.0,0.0
2008-05-21 00:00:00-04:00,44.466021680106884,55.23544676803245,42.88928258519709,48.98799133300781,1110100,0.0,0.0
2008-05-22 00:00:00-04:00,51.54646808970138,51.54646808970138,33.71642805856104,33.76601028442383,625800,0.0,0.0
2008-05-23 00:00:00-04:00,38.168985049994475,44.525523830901214,35.20392076347601,40.60846710205078,555000,0.0,0.0
2008-05-27 00:00:00-04:00,40.658047255354994,42.472786302291766,36.70132343115868,37.59381866455078,213200,0.0,0.0
2008-05-28 00:00:00-04:00,35.709665402067806,36.502996216577216,31.832275988535674,33.855262756347656,297400,0.0,0.0
2008-05-29 00:00:00-04:00,32.25868958502264,36.53274435383199,30.74145141905587,31.2471981048584,141100,0.0,0.0
2008-05-30 00:00:00-04:00,32.20910698302911,33.71643019880377,31.376112673861044,31.544694900512695,75400,0.0,0.0
2008-06-02 00:00:00-04:00,31.18769770051915,39.547389107678704,30.106788497728605,39.41847229003906,246600,0.0,0.0
2008-06-03 00:00:00-04:00,39.22014138353167,39.666389016544116,35.4518351835363,37.93098449707031,110600,0.0,0.0
2008-06-04 00:00:00-04:00,37.930984587013825,37.97065188401603,35.69975019954243,36.185665130615234,48700,0.0,0.0
2008-06-05 00:00:00-04:00,36.20549418624725,41.64970763434774,36.185664321071435,40.7076301574707,151200,0.0,0.0
2008-06-06 00:00:00-04:00,44.6147722035614,49.582985706927644,43.84127505417384,46.806339263916016,238600,0.0,0.0
2008-06-09 00:00:00-04:00,46.80633749844165,47.00467019036483,41.510874673364505,42.839698791503906,115000,0.0,0.0
2008-06-10 00:00:00-04:00,46.49892483181652,48.09549762632252,41.92737280269262,42.928951263427734,94000,0.0,0.0
2008-06-11 00:00:00-04:00,44.049521733774284,45.91384301524963,42.244701395698044,43.33552932739258,100900,0.0,0.0
2008-06-12 00:00:00-04:00,43.41486017150491,43.53386205840125,38.67472804703182,40.063053131103516,55700,0.0,0.0
2008-06-13 00:00:00-04:00,39.66638685117702,39.914301768996886,38.17889734425789,39.06147384643555,48600,0.0,0.0
2008-06-16 00:00:00-04:00,40.59854784991517,44.85276898541836,40.59854784991517,42.943824768066406,107800,0.0,0.0
2008-06-17 00:00:00-04:00,43.633027890818056,44.5255231562829,40.6580487164441,43.0181999206543,97500,0.0,0.0
2008-06-18 00:00:00-04:00,42.95869940314226,50.177981060995606,41.74887331632643,48.095497131347656,312900,0.0,0.0
2008-06-19 00:00:00-04:00,50.15815044229988,50.15815044229988,42.64136795057766,44.257774353027344,160700,0.0,0.0
2008-06-20 00:00:00-04:00,46.608005545023815,48.59132492991844,43.13719662145821,45.517181396484375,85500,0.0,0.0
2008-06-23 00:00:00-04:00,46.59809259646848,48.3434120650144,44.674270290170305,48.095497131347656,114400,0.0,0.0
2008-06-24 00:00:00-04:00,50.197813331431476,55.40402679549412,43.33552997172634,44.922183990478516,440000,0.0,0.0
2008-06-25 00:00:00-04:00,47.59966560963834,47.59966560963834,40.65804770823275,44.12885665893555,114600,0.0,0.0
2008-06-26 00:00:00-04:00,46.617920102113004,48.59132453866118,39.86472007196772,41.45137405395508,189600,0.0,0.0
2008-06-27 00:00:00-04:00,42.671115192979556,42.671115192979556,38.67472785815858,42.39345169067383,102900,0.0,0.0
2008-06-30 00:00:00-04:00,42.7405323810881,44.12885750101423,38.9028103272854,39.82505416870117,85200,0.0,0.0
2008-07-01 00:00:00-04:00,39.66638665814758,39.66638665814758,35.749330219079226,37.24673843383789,79100,0.0,0.0
2008-07-02 00:00:00-04:00,37.09798865012073,38.97222484878148,31.931442601169692,32.724769592285156,88400,0.0,0.0
2008-07-03 00:00:00-04:00,33.46851578182887,33.46851578182887,27.80613964929846,28.41105079650879,77400,0.0,0.0
2008-07-07 00:00:00-04:00,27.8358883062207,28.25238546829506,26.60623046853469,26.665729522705078,54900,0.0,0.0
2008-07-08 00:00:00-04:00,20.824853221485448,26.635979535218137,20.824853221485448,24.25599479675293,87700,0.0,0.0
2008-07-09 00:00:00-04:00,26.110400767537644,31.33644802906564,25.793069954717268,26.735145568847656,82100,0.0,0.0
2008-07-10 00:00:00-04:00,27.766471839636424,29.74979125675331,26.52689720393837,28.857297897338867,50900,0.0,0.0
2008-07-11 00:00:00-04:00,29.74979070941401,32.724769780355416,28.857297366419743,30.50345230102539,98100,0.0,0.0
2008-07-14 00:00:00-04:00,30.146455308702947,30.146455308702947,24.791493163644006,29.007038116455078,33000,0.0,0.0
2008-07-15 00:00:00-04:00,29.749791399552482,30.443953955451693,28.31188405866446,29.908456802368164,44600,0.0,0.0
2008-07-16 00:00:00-04:00,29.749791028680395,31.48519550535342,28.063968780478863,31.29677963256836,29400,0.0,0.0
2008-07-17 00:00:00-04:00,30.959615211059333,32.17935808183853,28.262301502926757,29.55145835876465,51600,0.0,0.0
2008-07-18 00:00:00-04:00,31.237279717334616,31.733109554117704,29.01596227551926,30.84061622619629,35000,0.0,0.0
2008-07-21 00:00:00-04:00,31.733109249005437,34.202343476911494,31.23727941698973,33.53792953491211,46300,0.0,0.0
2008-07-22 00:00:00-04:00,33.51809677813897,33.51809677813897,29.85887388248817,30.939783096313477,38400,0.0,0.0
2008-07-23 00:00:00-04:00,30.067121148870946,32.72476938982679,28.768047499666075,29.055627822875977,27000,0.0,0.0
2008-07-24 00:00:00-04:00,29.065545172060776,31.733110284996727,28.807713424022285,29.70020866394043,25900,0.0,0.0
2008-07-25 00:00:00-04:00,30.493536729701702,30.493536729701702,28.887047133171258,29.571292877197266,22600,0.0,0.0
2008-07-28 00:00:00-04:00,29.28866829236455,29.9193635266655,28.95646320978267,29.74979019165039,7400,0.0,0.0
2008-07-29 00:00:00-04:00,29.898538958330757,29.94812307716969,27.12189261233548,27.629621505737305,16000,0.0,0.0
2008-07-30 00:00:00-04:00,27.082225942908853,29.54154344235296,26.77481196476863,29.006046295166016,15300,0.0,0.0
2008-07-31 00:00:00-04:00,27.766472532038105,28.470550034780324,26.983060434849712,28.26230239868164,9800,0.0,0.0
2008-08-01 00:00:00-04:00,27.25080835996674,29.531626826417778,27.08222613371358,27.76647186279297,5600,0.0,0.0
2008-08-04 00:00:00-04:00,27.07230970442051,28.58954976282364,25.882319170669753,26.378149032592773,17800,0.0,0.0
2008-08-05 00:00:00-04:00,25.75340187256938,25.783152344654972,24.404745959182545,24.533660888671875,22500,0.0,0.0
2008-08-06 00:00:00-04:00,24.047748355383405,25.77323605164214,24.047748355383405,25.06915855407715,15500,0.0,0.0
2008-08-07 00:00:00-04:00,25.77323480283457,25.783151626586914,25.18815544153138,25.783151626586914,5200,0.0,0.0
2008-08-08 00:00:00-04:00,26.52689618197711,28.599465044332824,24.146913351414973,24.513826370239258,13700,0.0,0.0
2008-08-11 00:00:00-04:00,24.751824263761584,24.751824263761584,22.421425570448406,22.917255401611328,44800,0.0,0.0
2008-08-12 00:00:00-04:00,22.421427108428635,23.056088730590268,22.262761702888227,22.669342041015625,7500,0.0,0.0
2008-08-13 00:00:00-04:00,22.639590972241148,27.104043762720156,22.62967414822581,26.278982162475586,40000,0.0,0.0
2008-08-14 00:00:00-04:00,27.468975419537735,28.758132318623847,26.278982980811445,27.171476364135742,40100,0.0,0.0
2008-08-15 00:00:00-04:00,28.758130671678796,29.253960510845673,26.37814782196594,26.873977661132812,34400,0.0,0.0
2008-08-18 00:00:00-04:00,26.39798303427746,28.262302507822668,25.783153165031205,26.080650329589844,12800,0.0,0.0
2008-08-19 00:00:00-04:00,24.999739906587234,27.66730500544681,24.801409103217026,26.794645309448242,10900,0.0,0.0
2008-08-20 00:00:00-04:00,27.855721587340273,30.44395405262359,26.75497869678239,29.615917205810547,30900,0.0,0.0
2008-08-21 00:00:00-04:00,29.928289765984175,34.40067330627857,29.848957066391034,33.390174865722656,82000,0.0,0.0
2008-08-22 00:00:00-04:00,33.38917956962336,33.38917956962336,29.958037988845284,30.146453857421875,32400,0.0,0.0
2008-08-25 00:00:00-04:00,32.46693981166242,32.476854744062976,30.156370925538333,31.508995056152344,16200,0.0,0.0
2008-08-26 00:00:00-04:00,31.247197401402786,33.032185997834176,31.247197401402786,31.733110427856445,22800,0.0,0.0
2008-08-27 00:00:00-04:00,33.22059942418783,33.22059942418783,32.23885467225891,32.5066032409668,18200,0.0,0.0
2008-08-28 00:00:00-04:00,33.31976541506306,33.31976541506306,29.749791900192612,30.443954467773438,34400,0.0,0.0
2008-08-29 00:00:00-04:00,31.733110491324734,31.733110491324734,28.063968834189,28.351551055908203,29900,0.0,0.0
2008-09-02 00:00:00-04:00,26.98305947154532,27.27064169182339,25.1385737196599,25.773235321044922,28300,0.0,0.0
2008-09-03 00:00:00-04:00,25.297239151978186,25.555070900726907,23.621333730831886,23.809749603271484,34100,0.0,0.0
2008-09-04 00:00:00-04:00,23.799832261316602,24.295662100094034,22.421425914776385,23.819665908813477,44100,0.0,0.0
2008-09-05 00:00:00-04:00,23.82958241677035,26.526896023055883,23.304002113712645,25.535236358642578,34800,0.0,0.0
2008-09-08 00:00:00-04:00,28.262301620577333,28.262301620577333,24.295662796636655,24.31549644470215,12800,0.0,0.0
2008-09-09 00:00:00-04:00,23.908915601321496,24.315495920698265,21.519015912715325,21.816513061523438,19400,0.0,0.0
2008-09-10 00:00:00-04:00,21.60826575900963,23.799832786912962,21.38018259064006,23.046171188354492,7800,0.0,0.0
2008-09-11 00:00:00-04:00,23.78991686076325,23.78991686076325,21.8165142113462,23.06600570678711,10200,0.0,0.0
2008-09-12 00:00:00-04:00,23.68083243315263,23.799832427524176,22.312342900803916,23.45275115966797,9400,0.0,0.0
2008-09-15 00:00:00-04:00,23.20483741860413,23.20483741860413,19.843111522520545,20.487689971923828,32400,0.0,0.0
2008-09-16 00:00:00-04:00,20.279441990342704,20.824854078684304,19.833194360651717,20.676105499267578,16800,0.0,0.0
2008-09-17 00:00:00-04:00,21.618180179565545,21.618180179565545,19.437521142237443,20.54718780517578,10600,0.0,0.0
2008-09-18 00:00:00-04:00,21.816514167550242,22.262761804826468,19.833194697772946,20.596773147583008,8700,0.0,0.0
2008-09-19 00:00:00-04:00,24.79149310230966,24.79149310230966,20.576939274917017,21.618181228637695,9000,0.0,0.0
2008-09-22 00:00:00-04:00,22.024760370677118,25.535236511622827,22.014845438441405,24.513826370239258,47800,0.0,0.0
2008-09-23 00:00:00-04:00,25.535237959561755,25.535237959561755,21.102519662645847,21.283000946044922,14100,0.0,0.0
2008-09-24 00:00:00-04:00,21.33060073852539,22.927173488072803,21.33060073852539,21.33060073852539,7300,0.0,0.0
2008-09-25 00:00:00-04:00,21.667764121971757,21.667764121971757,20.329023192014375,20.80501937866211,3100,0.0,0.0
2008-09-26 00:00:00-04:00,20.824852829190707,20.824852829190707,19.535696029674227,19.753860473632812,12000,0.0,0.0
2008-09-29 00:00:00-04:00,17.909374288100818,19.35719848504143,15.88638941184293,17.145797729492188,29100,0.0,0.0
2008-09-30 00:00:00-04:00,16.729299885545394,17.592042760919536,16.729299885545394,16.868131637573242,11400,0.0,0.0
2008-10-01 00:00:00-04:00,16.37230189172945,18.891116548912024,15.370725366670298,15.975638389587402,18800,0.0,0.0
2008-10-02 00:00:00-04:00,15.380641745500103,15.86655475799068,13.893152236938477,13.893152236938477,15800,0.0,0.0
2008-10-03 00:00:00-04:00,17.849874679287666,17.849874679287666,12.901492981280256,12.92132568359375,26300,0.0,0.0
2008-10-06 00:00:00-04:00,12.276747707920611,12.574245819385396,10.065345993562131,10.6603422164917,19100,0.0,0.0
2008-10-07 00:00:00-04:00,10.918173440919926,12.594077905054593,10.323177247157822,10.561175346374512,20800,0.0,0.0
2008-10-08 00:00:00-04:00,10.015763019260168,10.908256341652702,9.19268557095673,10.075262069702148,20500,0.0,0.0
2008-10-09 00:00:00-04:00,10.224012330284681,10.967757134904058,9.301768469926118,9.371184349060059,11700,0.0,0.0
2008-10-10 00:00:00-04:00,8.439024145939747,9.916596849549773,8.14152605130918,9.272018432617188,10400,0.0,0.0
2008-10-13 00:00:00-04:00,12.79240973218548,12.79240973218548,9.757931584420731,12.395746231079102,16700,0.0,0.0
2008-10-14 00:00:00-04:00,19.73402783848256,19.73402783848256,13.139491149357388,13.883235931396484,34800,0.0,0.0
2008-10-15 00:00:00-04:00,15.866555063972259,15.866555063972259,12.078415345079403,12.306496620178223,19900,0.0,0.0
2008-10-16 00:00:00-04:00,11.909833707177354,13.774154132302803,9.420767532218342,10.769424438476562,6000,0.0,0.0
2008-10-17 00:00:00-04:00,10.938006056498455,12.395746057683771,9.916596846147016,10.908256530761719,20600,0.0,0.0
2008-10-20 00:00:00-04:00,13.139490549697294,14.52781370118849,10.412426473345025,12.7130765914917,13300,0.0,0.0
2008-10-21 00:00:00-04:00,13.684904204408783,13.883235957514916,12.643661318451084,12.792409896850586,14400,0.0,0.0
2008-10-22 00:00:00-04:00,12.405663471352193,13.387406378826576,10.947923400856027,11.007423400878906,9500,0.0,0.0
2008-10-23 00:00:00-04:00,12.891575981894244,13.28823947997207,11.076838823177532,11.437803268432617,11800,0.0,0.0
2008-10-24 00:00:00-04:00,13.784069770764233,13.784069770764233,10.832890601701678,11.245421409606934,12400,0.0,0.0
2008-10-27 00:00:00-04:00,11.246412014161951,12.891575813293457,11.235504075466592,12.891575813293457,3900,0.0,0.0
2008-10-28 00:00:00-04:00,13.88323538643973,13.88323538643973,11.255337638008927,12.147830963134766,6200,0.0,0.0
2008-10-29 00:00:00-04:00,12.891575902653102,13.337822571677789,11.701584470013813,12.326330184936523,19600,0.0,0.0
2008-10-30 00:00:00-04:00,13.377488918137177,13.38740574195596,12.147831136219295,12.435412406921387,10100,0.0,0.0
2008-10-31 00:00:00-04:00,12.792409380094746,12.792409380094746,12.197414144811479,12.693243980407715,3900,0.0,0.0
2008-11-03 00:00:00-05:00,11.909833072245336,13.387405779448628,11.909833072245336,12.863809585571289,8800,0.0,0.0
2008-11-04 00:00:00-05:00,12.643660816869415,13.883235406758573,12.494912244370859,13.784069061279297,14300,0.0,0.0
2008-11-05 00:00:00-05:00,13.099824810629201,13.38740608878162,12.504828606172971,13.337822914123535,8600,0.0,0.0
2008-11-06 00:00:00-05:00,13.278323969095313,13.278323969095313,11.89991662013679,12.772577285766602,4900,0.0,0.0
2008-11-07 00:00:00-05:00,12.514745108856088,12.881659078750525,11.116505104584741,11.126421928405762,5400,0.0,0.0
2008-11-10 00:00:00-05:00,12.891575802220071,12.891575802220071,10.908256448032368,10.92809009552002,3300,0.0,0.0
2008-11-11 00:00:00-05:00,10.918173873801,12.098248538494683,10.412427183623528,10.898340225219727,3700,0.0,0.0
2008-11-12 00:00:00-05:00,10.90825662865,11.205754725848166,9.916596935136363,10.015763282775879,2200,0.0,0.0
2008-11-13 00:00:00-05:00,9.767848775761525,10.065345939920418,8.974520797990163,10.025679588317871,9500,0.0,0.0
2008-11-14 00:00:00-05:00,10.313260420206536,11.106588363080974,9.073685805002848,10.888422966003418,3000,0.0,0.0
2008-11-17 00:00:00-05:00,11.999083132749567,11.999083132749567,9.926514142027331,10.898340225219727,700,0.0,0.0
2008-11-18 00:00:00-05:00,11.40408616316946,11.999082341275138,9.420766830444336,9.420766830444336,11700,0.0,0.0
2008-11-19 00:00:00-05:00,9.569515487972312,10.343010715593891,9.291851043701172,9.291851043701172,8700,0.0,0.0
2008-11-20 00:00:00-05:00,9.60918228755717,9.916597217413981,9.291851479230452,9.35630989074707,5100,0.0,0.0
2008-11-21 00:00:00-05:00,9.668682238075354,9.668682238075354,7.65561280506374,8.01261043548584,5000,0.0,0.0
2008-11-24 00:00:00-05:00,10.908256636854173,10.908256636854173,8.473732163104804,9.143102645874023,8600,0.0,0.0
2008-11-25 00:00:00-05:00,9.817430989026766,10.759508492971706,9.817430989026766,10.462010383605957,4000,0.0,0.0
2008-11-26 00:00:00-05:00,10.412426512982972,10.412426512982972,9.553649066566306,10.402509689331055,3000,0.0,0.0
2008-11-28 00:00:00-05:00,10.035595892122794,10.452093035206895,9.490182876586914,9.490182876586914,4900,0.0,0.0
2008-12-01 00:00:00-05:00,9.638932306449506,10.065345323638317,9.391017387682844,9.400933265686035,6800,0.0,0.0
2008-12-02 00:00:00-05:00,9.668682432174682,10.065345948539834,9.172852563858031,9.916597366333008,5300,0.0,0.0
2008-12-03 00:00:00-05:00,9.321600654069155,10.065345417289153,9.321600654069155,9.81743049621582,3900,0.0,0.0
2008-12-04 00:00:00-05:00,9.430684249659917,9.817430938704629,8.786104858384707,9.609182357788086,4700,0.0,0.0
2008-12-05 00:00:00-05:00,9.182769324898528,10.00584682497289,9.133186149264565,9.500100135803223,5700,0.0,0.0
2008-12-08 00:00:00-05:00,10.20417840034752,10.20417840034752,9.430684089660645,9.430684089660645,12600,0.0,0.0
2008-12-09 00:00:00-05:00,9.519933435757357,10.055429632411185,9.430683912028321,9.797597885131836,12700,0.0,0.0
2008-12-10 00:00:00-05:00,9.966180019521826,10.908256530761719,9.966180019521826,10.908256530761719,16000,0.0,0.0
2008-12-11 00:00:00-05:00,10.858673356067278,14.299732726063812,10.858673356067278,13.0899076461792,63200,0.0,0.0
2008-12-12 00:00:00-05:00,11.037172669692428,13.427072415992296,9.916597085539964,13.018508911132812,34600,0.0,0.0
2008-12-15 00:00:00-05:00,12.90149313394137,14.726147162952408,12.90149313394137,13.536154747009277,14600,0.0,0.0
2008-12-16 00:00:00-05:00,14.031984329223633,14.527814177545604,13.01057510648208,14.031984329223633,9900,0.0,0.0
2008-12-17 00:00:00-05:00,14.230316938309914,15.01372805605024,13.873318844435087,14.37906551361084,13900,0.0,0.0
2008-12-18 00:00:00-05:00,14.47823215081912,14.924478831376335,13.446906089782715,13.446906089782715,14000,0.0,0.0
2008-12-19 00:00:00-05:00,13.198991079609428,13.813819982754485,13.099824730896835,13.139491081237793,8300,0.0,0.0
2008-12-22 00:00:00-05:00,13.139490732779871,13.228740255110237,12.891575813293457,12.891575813293457,4900,0.0,0.0
2008-12-23 00:00:00-05:00,12.89157573144081,13.76423635597863,12.89157573144081,13.45682144165039,4900,0.0,0.0
2008-12-24 00:00:00-05:00,13.784069145156396,13.833652318197752,12.891575813293457,12.891575813293457,3500,0.0,0.0
2008-12-26 00:00:00-05:00,12.792410181013222,12.802327005318913,12.038749502468566,12.40566349029541,11300,0.0,0.0
2008-12-29 00:00:00-05:00,12.286664466333693,14.535748398977102,12.286664466333693,13.476655960083008,6300,0.0,0.0
2008-12-30 00:00:00-05:00,14.686480249884404,14.686480249884404,12.4056628009385,13.54607105255127,8600,0.0,0.0
2008-12-31 00:00:00-05:00,13.684904033144207,13.684904033144207,11.89991638608707,12.286664009094238,5100,0.0,0.0
2009-01-02 00:00:00-05:00,12.3461627255703,14.359231594653755,12.3461627255703,13.238656997680664,3600,0.0,0.0
2009-01-05 00:00:00-05:00,14.230316852509118,14.230316852509118,13.327905745104626,13.635320663452148,10400,0.0,0.0
2009-01-06 00:00:00-05:00,14.359231689825435,14.775728830426704,13.625403754754768,13.764236450195312,35100,0.0,0.0
2009-01-07 00:00:00-05:00,14.52781370260675,14.52781370260675,12.365996277686293,12.494912147521973,15600,0.0,0.0
2009-01-08 00:00:00-05:00,12.405663538301377,13.238657868794576,12.405663538301377,13.040325164794922,2500,0.0,0.0
2009-01-09 00:00:00-05:00,12.415580216124106,12.881659606149803,12.296580216840512,12.643661499023438,2900,0.0,0.0
2009-01-12 00:00:00-05:00,12.653577802988972,12.752743204020824,12.10816478729248,12.10816478729248,3400,0.0,0.0
2009-01-13 00:00:00-05:00,11.939582920399362,12.167665146425836,11.624235290184329,11.701584815979004,4000,0.0,0.0
2009-01-14 00:00:00-05:00,11.691667556762695,11.691667556762695,11.691667556762695,11.691667556762695,200,0.0,0.0
2009-01-15 00:00:00-05:00,10.898339706942682,11.716458757605736,10.898339706942682,10.908256530761719,3400,0.0,0.0
2009-01-16 00:00:00-05:00,10.719841527259254,11.85033295407058,10.719841527259254,11.255337715148926,1700,0.0,0.0
2009-01-20 00:00:00-05:00,10.908256897608208,10.908256897608208,10.2835111618042,10.2835111618042,1200,0.0,0.0
2009-01-21 00:00:00-05:00,10.114928674384075,10.80909026999193,10.114928674384075,10.779340744018555,6300,0.0,0.0
2009-01-22 00:00:00-05:00,10.462010213668316,10.462010213668316,10.2835111618042,10.2835111618042,2300,0.0,0.0
2009-01-23 00:00:00-05:00,10.283510814389402,10.590925732689731,10.283510814389402,10.36284351348877,4400,0.0,0.0
2009-01-26 00:00:00-05:00,10.7892574820944,10.987589229873265,10.7892574820944,10.908256530761719,2000,0.0,0.0
2009-01-27 00:00:00-05:00,10.640508308137685,10.640508308137685,10.283511150521536,10.610758781433105,2000,0.0,0.0
2009-01-28 00:00:00-05:00,10.8090905356643,10.82892418394762,10.610758781433105,10.610758781433105,3300,0.0,0.0
2009-01-29 00:00:00-05:00,10.53142626271634,10.630592614415082,10.28351132918991,10.352927207946777,3200,0.0,0.0
2009-01-30 00:00:00-05:00,10.432260069780062,10.46200959475736,10.313260078430176,10.313260078430176,800,0.0,0.0
2009-02-02 00:00:00-05:00,10.323177337646484,10.323177337646484,10.323177337646484,10.323177337646484,1200,0.0,0.0
2009-02-03 00:00:00-05:00,10.323177512693958,10.323177512693958,10.2835111618042,10.2835111618042,1400,0.0,0.0
2009-02-04 00:00:00-05:00,10.283511355400877,10.283511355400877,9.886847839035726,9.916597366333008,2300,0.0,0.0
2009-02-05 00:00:00-05:00,9.798588968766643,9.827347379719045,9.179793722994726,9.423742294311523,2000,0.0,0.0
2009-02-06 00:00:00-05:00,9.232352356838739,9.232352356838739,7.883694540043676,8.776188850402832,6300,0.0,0.0
2009-02-09 00:00:00-05:00,8.597689383021038,9.420766830444336,8.597689383021038,9.420766830444336,4000,0.0,0.0
2009-02-10 00:00:00-05:00,9.599266052246094,9.599266052246094,9.599266052246094,9.599266052246094,100,0.0,0.0
2009-02-11 00:00:00-05:00,9.549683415071968,9.549683415071968,9.153018951416016,9.153018951416016,1100,0.0,0.0
2009-02-12 00:00:00-05:00,8.70677184710344,10.065345514176226,8.70677184710344,9.252184867858887,17900,0.0,0.0
2009-02-13 00:00:00-05:00,8.805937849314986,8.984436889833912,8.786104202270508,8.786104202270508,1000,0.0,0.0
2009-02-17 00:00:00-05:00,8.36960756349808,9.619099029133888,8.36960756349808,9.103436470031738,6600,0.0,0.0
2009-02-18 00:00:00-05:00,7.943194766040655,9.024104036904468,7.943194766040655,8.82577133178711,1300,0.0,0.0
2009-02-19 00:00:00-05:00,9.024103266729524,9.10938549041748,8.934853746187926,9.10938549041748,1100,0.0,0.0
2009-02-20 00:00:00-05:00,8.61752229270996,8.61752229270996,7.21928275354295,7.625863075256348,10000,0.0,0.0
2009-02-23 00:00:00-05:00,7.487030906011223,7.533638843706475,6.445788034388934,6.7432861328125,10200,0.0,0.0
2009-02-24 00:00:00-05:00,6.743286173469681,6.852368400403843,6.528096010227644,6.842452049255371,1300,0.0,0.0
2009-02-25 00:00:00-05:00,6.991200923919678,6.991200923919678,6.991200923919678,6.991200923919678,100,0.0,0.0
2009-02-26 00:00:00-05:00,7.090366881861589,7.407697680200671,7.011034182276818,7.080450057983398,3600,0.0,0.0
2009-02-27 00:00:00-05:00,6.7135360859737405,7.437447678975054,6.7135360859737405,7.080450057983398,800,0.0,0.0
2009-03-02 00:00:00-05:00,6.753202785743932,6.753202785743932,5.107047765469085,5.275629997253418,11100,0.0,0.0
2009-03-03 00:00:00-05:00,5.473961479484793,6.088790374876519,5.473961479484793,5.989624500274658,3500,0.0,0.0
2009-03-04 00:00:00-05:00,6.336705251517006,7.139949539214075,6.336705251517006,6.5449538230896,9400,0.0,0.0
2009-03-05 00:00:00-05:00,6.5449538230896,6.5449538230896,6.5449538230896,6.5449538230896,0,0.0,0.0
2009-03-06 00:00:00-05:00,7.090366838705477,7.090366838705477,6.5449538230896,6.5449538230896,700,0.0,0.0
2009-03-09 00:00:00-04:00,7.040783770334543,7.040783770334543,5.979708194732666,5.979708194732666,4600,0.0,0.0
2009-03-10 00:00:00-04:00,5.9797080663421776,6.227622985839844,5.840875370964153,6.227622985839844,600,0.0,0.0
2009-03-11 00:00:00-04:00,5.959875148612658,5.959875148612658,5.949958324432373,5.949958324432373,500,0.0,0.0
2009-03-12 00:00:00-04:00,6.197873333127216,6.287122860439515,5.949958399802128,6.148290157318115,1200,0.0,0.0
2009-03-13 00:00:00-04:00,5.949958324432373,5.949958324432373,5.949958324432373,5.949958324432373,500,0.0,0.0
2009-03-16 00:00:00-04:00,5.99954144960302,6.197873202953452,5.99954144960302,6.178040027618408,5600,0.0,0.0
2009-03-17 00:00:00-04:00,6.39620500962072,6.39620500962072,5.949958324432373,5.949958324432373,1200,0.0,0.0
2009-03-18 00:00:00-04:00,6.445788181759083,6.445788181759083,5.949958321623768,6.0590410232543945,1100,0.0,0.0
2009-03-19 00:00:00-04:00,6.059040764391757,7.457280758920555,6.059040764391757,6.663952827453613,17100,0.0,0.0
2009-03-20 00:00:00-04:00,7.040783861468034,9.916597121183203,7.040783861468034,8.780155181884766,29700,0.0,0.0
2009-03-23 00:00:00-04:00,9.420767273049071,13.387406124859208,9.03401964453824,12.246997833251953,63700,0.0,0.0
2009-03-24 00:00:00-04:00,12.346162801279277,12.891575813293457,12.197414227875575,12.891575813293457,24100,0.0,0.0
2009-03-25 00:00:00-04:00,13.070074777806052,14.557564285602965,12.871742086856843,13.238656997680664,28000,0.0,0.0
2009-03-26 00:00:00-04:00,13.42707229402041,13.79894468135006,11.304920196533203,11.304920196533203,15200,0.0,0.0
2009-03-27 00:00:00-04:00,11.017338702406047,11.389211082340747,9.956263147622886,10.429285049438477,15200,0.0,0.0
2009-03-30 00:00:00-04:00,10.095096061737062,10.70992496304885,9.470350336439502,10.105011940002441,15300,0.0,0.0
2009-03-31 00:00:00-04:00,10.799174471774739,13.089907848813983,10.630592247143404,11.414003372192383,20800,0.0,0.0
2009-04-01 00:00:00-04:00,11.116505273094713,11.850333224007349,10.799174471774739,11.414003372192383,5000,0.0,0.0
2009-04-02 00:00:00-04:00,11.969331831237756,12.618869591500545,11.924707070739691,12.058581352233887,6500,0.0,0.0
2009-04-03 00:00:00-04:00,11.899916311076577,12.742827428065986,10.362843598418443,11.21567153930664,15000,0.0,0.0
2009-04-06 00:00:00-04:00,11.215671193313424,11.889999120382171,11.215671193313424,11.404086112976074,6900,0.0,0.0
2009-04-07 00:00:00-04:00,10.873548593115464,10.908256530761719,10.561175262858423,10.908256530761719,2500,0.0,0.0
2009-04-08 00:00:00-04:00,10.680175731010957,12.395746607550091,10.680175731010957,11.338637351989746,3100,0.0,0.0
2009-04-09 00:00:00-04:00,11.156171709980772,11.989166015641265,10.90825678309231,11.285087585449219,6700,0.0,0.0
2009-04-13 00:00:00-04:00,10.908256444078791,11.354503109465215,10.660341524895182,10.709924697875977,10600,0.0,0.0
2009-04-14 00:00:00-04:00,10.32317716337312,11.523085419335743,9.916596844081058,10.690091133117676,8300,0.0,0.0
2009-04-15 00:00:00-04:00,10.690091402373582,10.690091402373582,10.065345671974294,10.412426948547363,5600,0.0,0.0
2009-04-16 00:00:00-04:00,10.412427156150848,11.027256074741876,10.412427156150848,10.473910331726074,4300,0.0,0.0
2009-04-17 00:00:00-04:00,10.896356354878739,10.908256354124813,10.511592864990234,10.511592864990234,1800,0.0,0.0
2009-04-20 00:00:00-04:00,10.065346022876808,10.571092719267853,9.718265679924064,10.11492919921875,8000,0.0,0.0
2009-04-21 00:00:00-04:00,9.86701411429817,9.896763641366128,9.371184249803584,9.609182357788086,4200,0.0,0.0
2009-04-22 00:00:00-04:00,10.343010532599187,10.343010532599187,9.420766748293618,9.658764839172363,4500,0.0,0.0
2009-04-23 00:00:00-04:00,10.164511949588091,10.164511949588091,9.668682098388672,9.668682098388672,5200,0.0,0.0
2009-04-24 00:00:00-04:00,10.10501195132719,10.10501195132719,9.619098924124652,9.668682098388672,2600,0.0,0.0
2009-04-27 00:00:00-04:00,9.053853200952526,10.809090383308806,9.053853200952526,9.559599876403809,5000,0.0,0.0
2009-04-28 00:00:00-04:00,9.420767172788963,9.787681149190085,9.420767172788963,9.668682098388672,7500,0.0,0.0
2009-04-29 00:00:00-04:00,9.569515496621046,10.21409485355492,9.569515496621046,10.164511680603027,3200,0.0,0.0
2009-04-30 00:00:00-04:00,10.214095476467081,10.39259358597119,9.916597366333008,9.916597366333008,1000,0.0,0.0
2009-05-01 00:00:00-04:00,10.392593119921942,11.05700518932875,10.164511844670246,10.888422966003418,10900,0.0,0.0
2009-05-04 00:00:00-04:00,10.89834022474278,11.899916780763254,10.848757049012184,11.599443435668945,14100,0.0,0.0
2009-05-05 00:00:00-04:00,11.969331825102278,11.969331825102278,11.622251510620117,11.622251510620117,5100,0.0,0.0
2009-05-06 00:00:00-04:00,11.949499869481956,15.1723939741374,11.949499869481956,15.13272762298584,77100,0.0,0.0
2009-05-07 00:00:00-04:00,15.321142690141228,17.00299769615103,14.00223532052705,14.13115119934082,30600,0.0,0.0
2009-05-08 00:00:00-04:00,14.835228758385872,16.655915412639036,14.626980189051913,16.18388557434082,19900,0.0,0.0
2009-05-11 00:00:00-04:00,15.926054702970987,16.362385512918923,15.469892135956965,15.876472473144531,14700,0.0,0.0
2009-05-12 00:00:00-04:00,15.935970829127736,16.85821463844993,15.678140029875397,16.362384796142578,9700,0.0,0.0
2009-05-13 00:00:00-04:00,16.511133462769003,16.798715680805103,15.14264392259099,15.578973770141602,19400,0.0,0.0
2009-05-14 00:00:00-04:00,15.588890793778289,16.084719699488453,14.379065691486032,14.880845069885254,7500,0.0,0.0
2009-05-15 00:00:00-04:00,14.527814364208878,14.85506199264845,13.655154652183619,13.883235931396484,8000,0.0,0.0
2009-05-18 00:00:00-04:00,14.210483206465172,15.341966702461875,14.086525745874429,14.180733680725098,11700,0.0,0.0
2009-05-19 00:00:00-04:00,13.883236087249015,14.47823229784785,13.883236087249015,14.279899597167969,3000,0.0,0.0
2009-05-20 00:00:00-04:00,14.88481269806753,15.866555598768427,14.299733309047678,14.860020637512207,29100,0.0,0.0
2009-05-21 00:00:00-04:00,14.557565187284796,14.755896944798128,13.883236266019052,14.13115119934082,7600,0.0,0.0
2009-05-22 00:00:00-04:00,13.982402114424149,14.27989926712733,13.189074167201435,13.486572265625,15100,0.0,0.0
2009-05-26 00:00:00-04:00,13.665070808659745,13.665070808659745,12.990742835642676,13.387406349182129,4000,0.0,0.0
2009-05-27 00:00:00-04:00,13.536154367249411,14.329482307047703,13.536154367249411,14.16883373260498,5400,0.0,0.0
2009-05-28 00:00:00-04:00,14.855061966234087,14.974061963382692,13.893152730759281,14.864978790283203,11100,0.0,0.0
2009-05-29 00:00:00-04:00,14.567480195566178,16.37230144541323,14.567480195566178,15.965721130371094,14100,0.0,0.0
2009-06-01 00:00:00-04:00,16.58055033685589,17.849875497604238,16.11447093533716,17.031755447387695,26900,0.0,0.0
2009-06-02 00:00:00-04:00,17.056547360454708,17.63964260532703,16.12438672575562,16.790781021118164,16900,0.0,0.0
2009-06-03 00:00:00-04:00,16.025220181210237,16.06488747606348,15.132726852860204,15.965721130371094,7900,0.0,0.0
2009-06-04 00:00:00-04:00,15.67814035720438,16.76400799932998,15.370725432438636,16.610300064086914,6500,0.0,0.0
2009-06-05 00:00:00-04:00,16.610299989581108,16.83838126683554,15.479807590129383,15.866555213928223,9700,0.0,0.0
2009-06-08 00:00:00-04:00,15.955804750910069,16.362385077272485,14.87489552479317,15.21205997467041,9400,0.0,0.0
2009-06-09 00:00:00-04:00,15.261643348716003,15.370725576866679,13.94273600390701,14.950262069702148,19600,0.0,0.0
2009-06-10 00:00:00-04:00,16.134303985289545,16.134303985289545,14.993894747848373,15.172393798828125,10400,0.0,0.0
2009-06-11 00:00:00-04:00,15.965721568468828,16.362385070682055,14.47823201658864,15.539307594299316,21100,0.0,0.0
2009-06-12 00:00:00-04:00,14.934395524524575,15.588890776366618,14.855061878321537,14.993894577026367,6200,0.0,0.0
2009-06-15 00:00:00-04:00,14.428648860600424,14.67656378622682,14.180733934974025,14.557564735412598,6000,0.0,0.0
2009-06-16 00:00:00-04:00,15.311225815083462,16.11447061250047,14.329482909356333,15.112894058227539,9300,0.0,0.0
2009-06-17 00:00:00-04:00,14.575414363152959,14.59723118695573,13.387406076703753,13.883235931396484,9700,0.0,0.0
2009-06-18 00:00:00-04:00,13.496488305422224,14.170817210492094,13.486572427075028,13.937777519226074,4600,0.0,0.0
2009-06-19 00:00:00-04:00,13.942735930076587,14.07165086006275,13.883235931396484,13.883235931396484,2800,0.0,0.0
2009-06-22 00:00:00-04:00,13.337822479224927,13.883235491239109,12.6337440700547,12.891575813293457,12200,0.0,0.0
2009-06-23 00:00:00-04:00,13.089908105383067,13.367572561980415,12.227164263093863,12.445329666137695,11100,0.0,0.0
2009-06-24 00:00:00-04:00,12.94115951889634,13.228740799506463,12.554411888122559,12.554411888122559,2700,0.0,0.0
2009-06-25 00:00:00-04:00,12.643660779748242,13.372530296003813,12.395745862498277,13.137507438659668,4500,0.0,0.0
2009-06-26 00:00:00-04:00,12.901492723810158,13.635320663452148,12.227163835641642,13.635320663452148,5700,0.0,0.0
2009-06-29 00:00:00-04:00,13.228740943766347,13.63532128157439,12.891576484397605,13.387406349182129,3200,0.0,0.0
2009-06-30 00:00:00-04:00,12.365996621455736,12.891575993304121,11.899916301511496,12.19741439819336,10700,0.0,0.0
2009-07-01 00:00:00-04:00,12.901493046077771,14.269983558516158,12.455246365998391,13.883235931396484,27000,0.0,0.0
2009-07-02 00:00:00-04:00,13.883236064033142,13.883236064033142,12.147831556028999,12.663495063781738,7800,0.0,0.0
2009-07-06 00:00:00-04:00,12.207331492791436,12.494912771959825,11.899916565401586,11.919750213623047,6700,0.0,0.0
2009-07-07 00:00:00-04:00,11.919749863014493,11.919749863014493,10.189302881127912,10.908256530761719,15800,0.0,0.0
2009-07-08 00:00:00-04:00,10.908257151758948,11.438794961915592,10.313260928829381,10.6603422164917,5500,0.0,0.0
2009-07-09 00:00:00-04:00,10.908256354124813,10.908256354124813,10.432260167163319,10.511592864990234,5800,0.0,0.0
2009-07-10 00:00:00-04:00,10.263678026506813,10.73471580524888,10.025678985481802,10.164511680603027,5900,0.0,0.0
2009-07-13 00:00:00-04:00,9.916597366333008,10.31326088269816,9.867014190357258,9.916597366333008,3800,0.0,0.0
2009-07-14 00:00:00-04:00,10.610758351914388,11.899916120813227,10.263678032489553,10.709924697875977,5900,0.0,0.0
2009-07-15 00:00:00-04:00,10.878506756918876,11.701584200719521,10.878506756918876,11.404086112976074,8200,0.0,0.0
2009-07-16 00:00:00-04:00,11.899916861543963,11.899916861543963,10.412427253850966,11.205755233764648,5100,0.0,0.0
2009-07-17 00:00:00-04:00,11.3842526550868,11.3842526550868,11.142288208007812,11.142288208007812,1800,0.0,0.0
2009-07-20 00:00:00-04:00,11.404086112976074,11.503252457464006,11.106588025232629,11.404086112976074,3700,0.0,0.0
2009-07-21 00:00:00-04:00,11.48341953011888,11.48341953011888,10.908256965763526,10.918173789978027,2300,0.0,0.0
2009-07-22 00:00:00-04:00,10.918173438779279,11.324753761291504,10.46200994250987,11.324753761291504,2300,0.0,0.0
2009-07-23 00:00:00-04:00,11.379295584418486,12.484995937387666,10.779340966307595,12.246997833251953,10800,0.0,0.0
2009-07-24 00:00:00-04:00,12.395746231079102,12.395746231079102,11.80075003369915,12.395746231079102,5600,0.0,0.0
2009-07-27 00:00:00-04:00,12.237080744403865,12.643661066602894,12.177580746797002,12.306496620178223,3000,0.0,0.0
2009-07-28 00:00:00-04:00,12.311454948372633,12.365996533664536,10.908256532276756,11.453669548034668,5800,0.0,0.0
2009-07-29 00:00:00-04:00,11.453669257834225,11.89991591552224,10.759507685239498,11.080804824829102,7100,0.0,0.0
2009-07-30 00:00:00-04:00,11.54291948985815,11.899916648864746,10.75950834830337,11.899916648864746,10600,0.0,0.0
2009-07-31 00:00:00-04:00,11.899916704963236,12.643661499023438,11.751168124439358,12.643661499023438,8900,0.0,0.0
2009-08-03 00:00:00-04:00,12.44532952235332,13.387406055643407,11.91975014200755,13.291214942932129,9700,0.0,0.0
2009-08-04 00:00:00-04:00,13.015533701924692,13.357656566891281,12.628786074322443,13.174199104309082,5500,0.0,0.0
2009-08-05 00:00:00-04:00,13.327906018669163,13.327906018669163,12.594078063964844,12.594078063964844,3500,0.0,0.0
2009-08-06 00:00:00-04:00,12.84199337457232,12.851910198891721,12.078415870666504,12.078415870666504,600,0.0,0.0
2009-08-07 00:00:00-04:00,11.899915943975035,12.296579430486062,11.404086112976074,11.404086112976074,8100,0.0,0.0
2009-08-10 00:00:00-04:00,11.30492002631945,11.344586375875224,10.908256530761719,10.908256530761719,4200,0.0,0.0
2009-08-11 00:00:00-04:00,10.918173354580755,11.483419072180615,10.908256530761719,10.908256530761719,4100,0.0,0.0
2009-08-12 00:00:00-04:00,10.819007260853553,11.304920290705839,10.809090436802594,11.066922187805176,2700,0.0,0.0
2009-08-13 00:00:00-04:00,11.066922447167345,11.634152312666512,11.066922447167345,11.11650562286377,900,0.0,0.0
2009-08-14 00:00:00-04:00,11.076839193769588,11.285087773657805,10.789257911611612,10.809090614318848,6300,0.0,0.0
2009-08-17 00:00:00-04:00,10.492751710335403,10.501676473707318,10.313260599320659,10.412426948547363,4300,0.0,0.0
2009-08-18 00:00:00-04:00,9.91659660049141,11.171046410912899,9.91659660049141,10.422343254089355,2300,0.0,0.0
2009-08-19 00:00:00-04:00,10.462010457421984,10.928090800526132,10.422344105608042,10.6603422164917,1700,0.0,0.0
2009-08-20 00:00:00-04:00,10.908256267883027,11.166088006642237,10.858673095703125,10.858673095703125,3500,0.0,0.0
2009-08-21 00:00:00-04:00,11.1650966154282,12.182539511024167,11.131380737242996,12.00899887084961,14100,0.0,0.0
2009-08-24 00:00:00-04:00,12.296579888254804,13.258490061003824,11.453669711609495,12.068498611450195,15700,0.0,0.0
2009-08-25 00:00:00-04:00,12.147831319032148,12.147831319032148,11.795792579650879,11.795792579650879,3200,0.0,0.0
2009-08-26 00:00:00-04:00,11.751167644088207,12.068498440618534,11.45366954948084,11.999082565307617,4800,0.0,0.0
2009-08-27 00:00:00-04:00,11.810666503833191,12.136923003938518,10.918173180220947,11.057004928588867,11100,0.0,0.0
2009-08-28 00:00:00-04:00,11.235504751656128,11.602418741091663,11.037172993274815,11.423920631408691,3000,0.0,0.0
2009-08-31 00:00:00-04:00,11.642084197386156,11.642084197386156,11.185920715332031,11.185920715332031,2600,0.0,0.0
2009-09-01 00:00:00-04:00,11.185921066108609,11.185921066108609,10.521508996505064,10.561175346374512,4700,0.0,0.0
2009-09-02 00:00:00-04:00,10.412427253850966,11.899916861543963,10.412427253850966,11.205755233764648,6100,0.0,0.0
2009-09-03 00:00:00-04:00,11.037172678946654,11.899916512625559,10.412426948547363,10.412426948547363,20600,0.0,0.0
2009-09-04 00:00:00-04:00,10.590925734315533,10.908256530761719,10.511593035203987,10.908256530761719,3200,0.0,0.0
2009-09-08 00:00:00-04:00,10.908256695003065,11.39416972080758,10.66034177011663,11.304920196533203,14900,0.0,0.0
2009-09-09 00:00:00-04:00,11.245420795260127,11.652001108143935,10.929081118815468,11.057004928588867,13000,0.0,0.0
2009-09-10 00:00:00-04:00,11.096671789217835,12.15774832683034,10.957840034447893,11.483419418334961,9500,0.0,0.0
2009-09-11 00:00:00-04:00,11.463586691096136,11.701584795091666,11.354503517474553,11.651009559631348,4700,0.0,0.0
2009-09-14 00:00:00-04:00,11.126421837762068,11.136337715781936,10.134762161027634,10.709924697875977,14200,0.0,0.0
2009-09-15 00:00:00-04:00,10.70992495874604,11.40408656022431,10.323177334939961,10.75950813293457,24400,0.0,0.0
2009-09-16 00:00:00-04:00,10.93800589153291,11.602417945861816,10.908256366244851,11.602417945861816,9900,0.0,0.0
2009-09-17 00:00:00-04:00,11.642084560734215,11.652001384630195,11.017338841093128,11.542919158935547,8000,0.0,0.0
2009-09-18 00:00:00-04:00,11.314837191211117,11.483419418334961,10.997506385199362,11.483419418334961,2200,0.0,0.0
2009-09-21 00:00:00-04:00,11.136338342182388,11.453670099676636,10.789258003234863,10.789258003234863,5700,0.0,0.0
2009-09-22 00:00:00-04:00,10.957839617059586,10.957839617059586,10.412426605711573,10.709924697875977,10700,0.0,0.0
2009-09-23 00:00:00-04:00,10.660342141276317,10.755541195814006,10.462010383605957,10.462010383605957,9400,0.0,0.0
2009-09-24 00:00:00-04:00,10.51159346737019,10.64050839943629,10.462010291956853,10.481842994689941,3300,0.0,0.0
2009-09-25 00:00:00-04:00,11.275171142468025,11.275171142468025,10.114929169759666,10.6603422164917,6100,0.0,0.0
2009-09-28 00:00:00-04:00,10.551259465073134,10.908256613792458,10.551259465073134,10.888422966003418,6100,0.0,0.0
2009-09-29 00:00:00-04:00,10.878507654482371,10.878507654482371,10.114929197796904,10.22401237487793,5100,0.0,0.0
2009-09-30 00:00:00-04:00,10.313260259749985,10.709924697875977,10.293427557989885,10.709924697875977,2300,0.0,0.0
2009-10-01 00:00:00-04:00,10.11492892299492,10.709925131408903,10.11492892299492,10.610758781433105,5500,0.0,0.0
2009-10-02 00:00:00-04:00,10.313260078430176,10.314252139074904,10.313260078430176,10.313260078430176,1200,0.0,0.0
2009-10-05 00:00:00-04:00,10.214094939107547,10.462009860223166,10.214094939107547,10.36284351348877,1300,0.0,0.0
2009-10-06 00:00:00-04:00,10.362843807569783,10.838840961394405,10.114928879418734,10.51357650756836,2700,0.0,0.0
2009-10-07 00:00:00-04:00,10.531426000187173,10.531426000187173,10.412426948547363,10.412426948547363,1100,0.0,0.0
2009-10-08 00:00:00-04:00,10.660341870231797,10.819007272333936,10.392593294894139,10.521509170532227,5400,0.0,0.0
2009-10-09 00:00:00-04:00,10.799174853628458,10.908257084009199,10.236903398080598,10.243844985961914,5800,0.0,0.0
2009-10-12 00:00:00-04:00,10.323177254595581,10.343010902404785,10.323177254595581,10.343010902404785,200,0.0,0.0
2009-10-13 00:00:00-04:00,10.34499407804163,10.34499407804163,10.343010902404785,10.343010902404785,500,0.0,0.0
2009-10-14 00:00:00-04:00,10.411434626186068,10.759507954705981,10.11492859237315,10.36284351348877,9000,0.0,0.0
2009-10-15 00:00:00-04:00,10.18434556259004,12.296579889208317,10.124845564533572,11.850333213806152,57000,0.0,0.0
2009-10-16 00:00:00-04:00,11.999082481430518,13.635320571752695,11.21567137368227,12.891575813293457,61100,0.0,0.0
2009-10-19 00:00:00-04:00,12.891576484397605,13.387406349182129,12.395746619613082,13.387406349182129,18300,0.0,0.0
2009-10-20 00:00:00-04:00,14.369148508853785,14.369148508853785,12.693244068963356,12.782493591308594,9100,0.0,0.0
2009-10-21 00:00:00-04:00,12.742827503837471,13.248573231318005,12.246997654594306,12.395746231079102,17000,0.0,0.0
2009-10-22 00:00:00-04:00,12.594077802268483,12.594077802268483,11.096671451907172,12.54449462890625,11500,0.0,0.0
2009-10-23 00:00:00-04:00,12.217247449914998,12.88165953808931,11.999082992395376,12.00899887084961,3700,0.0,0.0
2009-10-26 00:00:00-04:00,12.04668179554291,12.286664017830972,10.571092245842253,11.304920196533203,8100,0.0,0.0
2009-10-27 00:00:00-04:00,10.709925036292484,10.908256788762264,10.511593283822704,10.848756790161133,17300,0.0,0.0
2009-10-28 00:00:00-04:00,10.531425917544263,10.809090369191576,10.01576336448497,10.214095115661621,23500,0.0,0.0
2009-10-29 00:00:00-04:00,10.015763437761752,10.858673622859472,10.015763437761752,10.521509170532227,5500,0.0,0.0
2009-10-30 00:00:00-04:00,10.610758351914388,10.709924697875977,10.263678032489553,10.709924697875977,6100,0.0,0.0
2009-11-02 00:00:00-05:00,10.263678428197535,11.354503547229092,10.065345728627795,11.319795608520508,15300,0.0,0.0
2009-11-03 00:00:00-05:00,10.819007277951298,10.98758950420245,10.610758701154015,10.953872680664062,2400,0.0,0.0
2009-11-04 00:00:00-05:00,10.957839790789375,11.14625471623916,10.471926768458538,10.561175346374512,8000,0.0,0.0
2009-11-05 00:00:00-05:00,10.789257326282923,10.789257326282923,10.561175110340765,10.616708755493164,5000,0.0,0.0
2009-11-06 00:00:00-05:00,10.589933407208484,10.590925467853577,10.412426426483352,10.476883888244629,3800,0.0,0.0
2009-11-09 00:00:00-05:00,10.412426768242065,11.106588363647461,10.412426768242065,11.106588363647461,3000,0.0,0.0
2009-11-10 00:00:00-05:00,10.878506735540775,10.878506735540775,10.382676905516204,10.422343254089355,4500,0.0,0.0
2009-11-11 00:00:00-05:00,10.422343690827203,10.422343690827203,10.164511941437361,10.214095115661621,6200,0.0,0.0
2009-11-12 00:00:00-05:00,9.926514182171713,10.134762764515191,9.926514182171713,10.025679588317871,9700,0.0,0.0
2009-11-13 00:00:00-05:00,9.926514114368294,9.926514114368294,9.539766479594839,9.718265533447266,9700,0.0,0.0
2009-11-16 00:00:00-05:00,9.91659659299838,10.521508644711956,9.91659659299838,10.313260078430176,8000,0.0,0.0
2009-11-17 00:00:00-05:00,10.105012028001521,10.3033447265625,10.055429799081674,10.3033447265625,3000,0.0,0.0
2009-11-18 00:00:00-05:00,10.243844722294204,11.10658855597311,10.02567932142769,10.412426948547363,24100,0.0,0.0
2009-11-19 00:00:00-05:00,10.263678550720215,10.263678550720215,10.263678550720215,10.263678550720215,500,0.0,0.0
2009-11-20 00:00:00-05:00,10.065345977560725,10.114929153679435,9.23235259079218,9.371184349060059,10300,0.0,0.0
2009-11-23 00:00:00-05:00,9.440600651168355,10.313260341366767,9.440600651168355,9.708348274230957,5500,0.0,0.0
2009-11-24 00:00:00-05:00,9.70834844865581,9.70834844865581,9.212518597456391,9.668682098388672,5300,0.0,0.0
2009-11-25 00:00:00-05:00,9.619099182258047,9.718265533447266,9.470350601194633,9.718265533447266,1300,0.0,0.0
2009-11-27 00:00:00-05:00,9.718265013347866,9.8471808847064,9.718265013347866,9.837264060974121,1500,0.0,0.0
2009-11-30 00:00:00-05:00,9.797597797158614,9.797597797158614,9.708348274230957,9.708348274230957,600,0.0,0.0
2009-12-01 00:00:00-05:00,9.708348002628869,9.708348002628869,9.232351821291726,9.331517219543457,3500,0.0,0.0
2009-12-02 00:00:00-05:00,9.351351465646667,9.629015922546387,8.835687957112496,9.629015922546387,10200,0.0,0.0
2009-12-03 00:00:00-05:00,9.519933535057104,9.519933535057104,9.01418685913086,9.01418685913086,5900,0.0,0.0
2009-12-04 00:00:00-05:00,9.123269088167538,9.123269088167538,8.538189711459465,8.796021461486816,8700,0.0,0.0
2009-12-07 00:00:00-05:00,8.82577090051705,9.034019474137898,8.82577090051705,8.92493724822998,3400,0.0,0.0
2009-12-08 00:00:00-05:00,8.865436907335026,9.02311118603756,8.677021988837227,8.895187377929688,3100,0.0,0.0
2009-12-09 00:00:00-05:00,8.84560489654541,8.84560489654541,8.84560489654541,8.84560489654541,100,0.0,0.0
2009-12-10 00:00:00-05:00,8.924937074131764,8.973528186360674,8.528273582458496,8.528273582458496,7600,0.0,0.0
2009-12-11 00:00:00-05:00,8.746438030018611,8.746438030018611,8.48860723329117,8.528273582458496,500,0.0,0.0
2009-12-14 00:00:00-05:00,8.617522242540321,8.677022239729718,8.320025093754458,8.508440017700195,5300,0.0,0.0
2009-12-15 00:00:00-05:00,8.538190064130035,8.538190064130035,8.260525600327222,8.498523712158203,3800,0.0,0.0
2009-12-16 00:00:00-05:00,8.498523603809684,8.954687118530273,8.498523603809684,8.954687118530273,4400,0.0,0.0
2009-12-17 00:00:00-05:00,9.569515382355105,9.569515382355105,8.539181429945687,8.657188415527344,9200,0.0,0.0
2009-12-18 00:00:00-05:00,8.915020087827825,9.91659656818766,8.870395327613352,9.222434997558594,5400,0.0,0.0
2009-12-21 00:00:00-05:00,9.331518069596823,9.708348887009587,9.331518069596823,9.5695161819458,3400,0.0,0.0
2009-12-22 00:00:00-05:00,9.461425853047642,9.470350616610709,9.39101791381836,9.39101791381836,700,0.0,0.0
2009-12-23 00:00:00-05:00,9.500099528095712,9.500099528095712,9.341434132792958,9.420766830444336,1400,0.0,0.0
2009-12-24 00:00:00-05:00,9.281934821190466,9.410850700810942,9.281934821190466,9.371184349060059,800,0.0,0.0
2009-12-28 00:00:00-05:00,9.420767002943668,10.313260340723867,9.420767002943668,10.035595893859863,11400,0.0,0.0
2009-12-29 00:00:00-05:00,9.906680458032799,10.21409538990071,8.924937554059188,9.827347755432129,5800,0.0,0.0
2009-12-30 00:00:00-05:00,9.89676346136871,10.08517933605327,9.62901583118591,9.648848533630371,2300,0.0,0.0
2009-12-31 00:00:00-05:00,9.708348019208188,10.313260070453927,9.708348019208188,9.876930236816406,2300,0.0,0.0
2010-01-04 00:00:00-05:00,9.966180020758765,10.581008911809743,9.966180020758765,10.253761291503906,9900,0.0,0.0
2010-01-05 00:00:00-05:00,10.035596244047573,10.114928945919855,9.103436524188071,9.956263542175293,7900,0.0,0.0
2010-01-06 00:00:00-05:00,9.906679897465198,9.916596721159243,9.272018312572037,9.736114501953125,2500,0.0,0.0
2010-01-07 00:00:00-05:00,9.767848433299463,10.90825671118014,9.70834843512151,10.541342735290527,12700,0.0,0.0
2010-01-08 00:00:00-05:00,10.6107582644137,10.799174131042893,10.511592864990234,10.511592864990234,3300,0.0,0.0
2010-01-11 00:00:00-05:00,10.739674134812528,10.739674134812528,10.511592864990234,10.511592864990234,5800,0.0,0.0
2010-01-12 00:00:00-05:00,10.462010322266352,10.481843025056897,9.936430931091309,9.936430931091309,3300,0.0,0.0
2010-01-13 00:00:00-05:00,9.92651384629309,9.92651384629309,9.519933519694138,9.886847496032715,6800,0.0,0.0
2010-01-14 00:00:00-05:00,9.867014198994791,9.916597375013946,9.807515144348145,9.807515144348145,1600,0.0,0.0
2010-01-15 00:00:00-05:00,9.281934063413711,10.462009586671902,9.27201818557584,9.98601245880127,9900,0.0,0.0
2010-01-19 00:00:00-05:00,9.90668036052057,10.065345764160156,9.609182255836146,10.065345764160156,9800,0.0,0.0
2010-01-20 00:00:00-05:00,9.886847323031795,9.886847323031795,9.599266052246094,9.599266052246094,900,0.0,0.0
2010-01-21 00:00:00-05:00,9.629015296618004,9.629015296618004,8.924936903100177,9.00426959991455,5200,0.0,0.0
2010-01-22 00:00:00-05:00,8.974520422086446,9.093519471909733,8.92493724822998,8.92493724822998,2200,0.0,0.0
2010-01-25 00:00:00-05:00,8.994353657668471,8.994353657668471,8.805938720703125,8.805938720703125,2700,0.0,0.0
2010-01-26 00:00:00-05:00,8.82577090051705,9.162935347876555,8.82577090051705,8.92493724822998,2000,0.0,0.0
2010-01-27 00:00:00-05:00,8.825770818549797,9.014186688310419,8.825770818549797,8.944770812988281,2400,0.0,0.0
2010-01-28 00:00:00-05:00,8.984437334860802,8.984437334860802,8.736522408846898,8.796021461486816,900,0.0,0.0
2010-01-29 00:00:00-05:00,8.65718909986961,8.82577133178711,8.65718909986961,8.82577133178711,3900,0.0,0.0
2010-02-01 00:00:00-05:00,8.825770728353266,8.825770728353266,8.429107236679998,8.528273582458496,6200,0.0,0.0
2010-02-02 00:00:00-05:00,7.4969476981816685,8.424149513244629,7.4969476981816685,8.424149513244629,1200,0.0,0.0
2010-02-03 00:00:00-05:00,8.38944096677152,8.38944096677152,8.290274620056152,8.290274620056152,800,0.0,0.0
2010-02-04 00:00:00-05:00,8.230775481966505,8.230775481966505,8.09194278717041,8.09194278717041,2800,0.0,0.0
2010-02-05 00:00:00-05:00,8.121692345534797,8.121692345534797,7.744862027322741,7.81130313873291,2400,0.0,0.0
2010-02-08 00:00:00-05:00,7.7448622611097235,7.7448622611097235,7.487030982971191,7.487030982971191,3500,0.0,0.0
2010-02-09 00:00:00-05:00,7.536613349244871,8.310108094958242,7.536613349244871,8.220858573913574,2600,0.0,0.0
2010-02-10 00:00:00-05:00,8.23077533338083,9.391017206479061,8.23077533338083,9.113351821899414,16900,0.0,0.0
2010-02-11 00:00:00-05:00,9.30672654234118,9.896763384879518,9.01418685421326,9.123269081115723,13200,0.0,0.0
2010-02-12 00:00:00-05:00,9.024104057935492,9.024104057935492,8.230776072778456,8.498523712158203,9000,0.0,0.0
2010-02-16 00:00:00-05:00,8.45885701566323,8.696856063521112,8.45885701566323,8.686939239501953,6500,0.0,0.0
2010-02-17 00:00:00-05:00,8.91502007048631,8.97452006589665,8.627438808397086,8.677021980285645,4300,0.0,0.0
2010-02-18 00:00:00-05:00,8.677022500678348,8.776188850402832,8.498523449462436,8.776188850402832,1400,0.0,0.0
2010-02-19 00:00:00-05:00,8.587772535405668,8.587772535405668,8.329940795898438,8.329940795898438,600,0.0,0.0
2010-02-22 00:00:00-05:00,8.32994114271518,8.46877384185791,8.310108440392156,8.46877384185791,1500,0.0,0.0
2010-02-23 00:00:00-05:00,8.429107666015625,8.429107666015625,8.429107666015625,8.429107666015625,100,0.0,0.0
2010-02-24 00:00:00-05:00,8.409274288751023,8.419191113297865,8.012610764081803,8.260525703430176,2900,0.0,0.0
2010-02-25 00:00:00-05:00,8.260524922077394,8.329940795898438,8.012610006178985,8.329940795898438,5400,0.0,0.0
2010-02-26 00:00:00-05:00,8.15144314331652,8.290274898516785,8.082026319995984,8.226808547973633,1800,0.0,0.0
2010-03-01 00:00:00-05:00,8.11177669585751,8.141526222229004,7.953111294249017,8.141526222229004,900,0.0,0.0
2010-03-02 00:00:00-05:00,8.17127579822251,9.708348540649707,7.120116560462442,7.913444519042969,63400,0.0,0.0
2010-03-03 00:00:00-05:00,7.95311146560397,8.716688963726712,7.744862412215668,8.101860046386719,20000,0.0,0.0
2010-03-04 00:00:00-05:00,8.230775831485685,8.280359006427004,7.933277727558173,8.121692657470703,3600,0.0,0.0
2010-03-05 00:00:00-05:00,8.062193951845623,8.230776186484938,8.062193951845623,8.151443481445312,4500,0.0,0.0
2010-03-08 00:00:00-05:00,8.369607588128828,8.964603796102708,8.230775833129883,8.230775833129883,13500,0.0,0.0
2010-03-09 00:00:00-05:00,8.38944079297096,8.38944079297096,8.111776351928711,8.111776351928711,1100,0.0,0.0
2010-03-10 00:00:00-05:00,8.627439675412132,8.7761892060264,8.429107913646881,8.587773323059082,5800,0.0,0.0
2010-03-11 00:00:00-05:00,8.528273410340313,8.677021980285645,8.528273410340313,8.677021980285645,2500,0.0,0.0
2010-03-12 00:00:00-05:00,8.677022809768156,8.924937747190102,8.490591049194336,8.490591049194336,2300,0.0,0.0
2010-03-15 00:00:00-04:00,8.399357878796545,8.399357878796545,8.379524230957031,8.379524230957031,300,0.0,0.0
2010-03-16 00:00:00-04:00,8.379524145850155,8.399357793488226,8.181192398071289,8.181192398071289,3000,0.0,0.0
2010-03-17 00:00:00-04:00,8.171275924655946,8.181192748900239,8.101860046386719,8.101860046386719,4300,0.0,0.0
2010-03-18 00:00:00-04:00,8.165326181243415,8.201026180144936,7.863861257673506,7.933277606964111,12400,0.0,0.0
2010-03-19 00:00:00-04:00,7.734945774078369,7.883694349346647,7.536613552287018,7.734945774078369,8300,0.0,0.0
2010-03-22 00:00:00-04:00,7.893611468208312,8.320025453635726,7.576280185199562,7.669496536254883,9300,0.0,0.0
2010-03-23 00:00:00-04:00,7.754778815970805,7.754778815970805,7.298615328392511,7.546530246734619,7200,0.0,0.0
2010-03-24 00:00:00-04:00,7.596113089184728,7.982860709512863,7.596113089184728,7.949143886566162,2700,0.0,0.0
2010-03-25 00:00:00-04:00,7.804361781272726,7.933277656680227,7.596113204956055,7.596113204956055,2300,0.0,0.0
2010-03-26 00:00:00-04:00,8.0820263655342,8.0820263655342,7.784528732299805,7.784528732299805,1300,0.0,0.0
2010-03-29 00:00:00-04:00,8.458856572746743,8.458856572746743,7.934269282254482,8.131608963012695,13300,0.0,0.0
2010-03-30 00:00:00-04:00,8.181192398071289,8.181192398071289,8.181192398071289,8.181192398071289,100,0.0,0.0
2010-03-31 00:00:00-04:00,8.171276009310862,8.171276009310862,8.082026481628418,8.082026481628418,1600,0.0,0.0
2010-04-01 00:00:00-04:00,7.98286087101759,8.022527221670133,7.794445468987911,7.804361820220947,1600,0.0,0.0
2010-04-05 00:00:00-04:00,8.032444074568428,8.87535426538782,7.943194548850049,8.448941230773926,17600,0.0,0.0
2010-04-06 00:00:00-04:00,8.563972637188648,8.994352951353129,8.563972637188648,8.855521202087402,17400,0.0,0.0
2010-04-07 00:00:00-04:00,8.657188928803532,9.222435614066047,8.657188928803532,8.974520683288574,12800,0.0,0.0
2010-04-08 00:00:00-04:00,8.71073957207433,9.123269442415864,8.71073957207433,8.934854507446289,3700,0.0,0.0
2010-04-09 00:00:00-04:00,9.321601074410806,9.807515060373479,9.182769317610397,9.718265533447266,28800,0.0,0.0
2010-04-12 00:00:00-04:00,9.638932449859752,10.700008015337472,9.638932449859752,10.078237533569336,52500,0.0,0.0
2010-04-13 00:00:00-04:00,10.21409503233453,10.21409503233453,9.619098837938196,10.015763282775879,11900,0.0,0.0
2010-04-14 00:00:00-04:00,10.015763738457823,10.134762793607052,9.718265627724541,9.912631034851074,6500,0.0,0.0
2010-04-15 00:00:00-04:00,9.995930078356423,10.055430078723493,9.202602099211223,9.807515144348145,12600,0.0,0.0
2010-04-16 00:00:00-04:00,9.64884881131624,9.64884881131624,9.25218529380741,9.371184349060059,7300,0.0,0.0
2010-04-19 00:00:00-04:00,9.222435257741974,9.222435257741974,7.972943827926789,8.726605415344238,33000,0.0,0.0
2010-04-20 00:00:00-04:00,8.90510360050426,9.39101756943889,8.90510360050426,9.143102645874023,3000,0.0,0.0
2010-04-21 00:00:00-04:00,8.667105833970798,9.004270294293027,8.667105833970798,8.954687118530273,11800,0.0,0.0
2010-04-22 00:00:00-04:00,9.024104118347168,9.024104118347168,9.004270469368262,9.024104118347168,700,0.0,0.0
2010-04-23 00:00:00-04:00,8.810896269352169,9.310692448410208,8.746437862117414,8.895187377929688,3900,0.0,0.0
2010-04-26 00:00:00-04:00,8.72660576597321,8.914029582548084,8.56595623992594,8.647273063659668,7100,0.0,0.0
2010-04-27 00:00:00-04:00,8.835687995224227,8.924937521757062,8.647273063659668,8.647273063659668,1400,0.0,0.0
2010-04-28 00:00:00-04:00,8.627439572390177,8.82577133178711,8.627439572390177,8.82577133178711,1000,0.0,0.0
2010-04-29 00:00:00-04:00,8.716688588678922,9.024103506982165,8.716688588678922,8.835687637329102,4200,0.0,0.0
2010-04-30 00:00:00-04:00,8.875354578217884,9.51993398350325,8.875354578217884,9.133186340332031,7600,0.0,0.0
2010-05-03 00:00:00-04:00,8.647272798642309,9.014186772027541,8.647272798642309,8.92493724822998,3300,0.0,0.0
2010-05-04 00:00:00-04:00,8.776188499360329,8.923945011616667,8.548106282405334,8.63735580444336,3000,0.0,0.0
2010-05-05 00:00:00-04:00,8.508439928790605,8.577855803352557,8.241683423476351,8.419190406799316,10200,0.0,0.0
2010-05-06 00:00:00-04:00,8.26052514617271,8.26052514617271,7.953111171722412,7.953111171722412,8200,0.0,0.0
2010-05-07 00:00:00-04:00,8.111776609061398,8.399357882829765,7.953111209150626,8.270442008972168,7000,0.0,0.0
2010-05-10 00:00:00-04:00,8.419191039622701,8.587773272561991,8.062193870544434,8.062193870544434,11800,0.0,0.0
2010-05-11 00:00:00-04:00,8.00269344148045,8.458856939320547,7.7845285164900595,7.943194389343262,17500,0.0,0.0
2010-05-12 00:00:00-04:00,8.022526829787806,8.329940795898438,8.022526829787806,8.329940795898438,4200,0.0,0.0
2010-05-13 00:00:00-04:00,8.478690238049678,8.577855636101749,8.429107066163471,8.567939758300781,3700,0.0,0.0
2010-05-14 00:00:00-04:00,8.429107056764964,8.429107056764964,8.208958492583134,8.240692138671875,3500,0.0,0.0
2010-05-17 00:00:00-04:00,8.230775390491079,8.230775390491079,7.933277302503141,8.002693176269531,7200,0.0,0.0
2010-05-18 00:00:00-04:00,8.042359616024688,8.121692314290454,7.982860565185547,7.982860565185547,16500,0.0,0.0
2010-05-19 00:00:00-04:00,8.201026575823976,8.250608806683411,8.022527518424626,8.062193870544434,600,0.0,0.0
2010-05-20 00:00:00-04:00,7.953111288157796,8.101859865621735,7.933277640111729,7.979885578155518,20300,0.0,0.0
2010-05-21 00:00:00-04:00,7.972943957170116,8.041368718634601,7.933277606964111,7.933277606964111,4600,0.0,0.0
2010-05-24 00:00:00-04:00,7.972944004363285,8.04235988120458,7.784528603339402,7.814278602600098,1100,0.0,0.0
2010-05-25 00:00:00-04:00,7.42753076728593,7.814278382479699,7.2787821937531385,7.536613464355469,6800,0.0,0.0
2010-05-26 00:00:00-04:00,7.586196594228954,7.933277385262136,7.586196594228954,7.655612468719482,6300,0.0,0.0
2010-05-27 00:00:00-04:00,7.645696331540478,7.933277606964111,7.645696331540478,7.933277606964111,1000,0.0,0.0
2010-05-28 00:00:00-04:00,8.062193702419702,8.062193702419702,7.883694648742676,7.883694648742676,200,0.0,0.0
2010-06-01 00:00:00-04:00,7.953111170762837,8.131609271940695,7.734945774078369,7.734945774078369,27900,0.0,0.0
2010-06-02 00:00:00-04:00,7.734945893084765,7.734945893084765,7.536613668241963,7.707179069519043,4300,0.0,0.0
2010-06-03 00:00:00-04:00,7.606030074760679,7.635779601350505,7.447364671987744,7.5861968994140625,3100,0.0,0.0
2010-06-04 00:00:00-04:00,7.625863286987318,9.14310286335185,7.606030111544784,7.794445514678955,21100,0.0,0.0
2010-06-07 00:00:00-04:00,7.883694391589614,8.181192489440622,7.625863116597573,7.83411169052124,6100,0.0,0.0
2010-06-08 00:00:00-04:00,8.022526952857827,8.04235965465936,7.536613464355469,7.536613464355469,6100,0.0,0.0
2010-06-09 00:00:00-04:00,7.784528770817072,7.9927778244018555,7.635779717033774,7.9927778244018555,7700,0.0,0.0
2010-06-10 00:00:00-04:00,7.844028082570503,8.121692534012539,7.844028082570503,7.933277606964111,12700,0.0,0.0
2010-06-11 00:00:00-04:00,8.032443653935108,8.220858573913574,7.883694136953878,8.220858573913574,1700,0.0,0.0
2010-06-14 00:00:00-04:00,8.220858928345889,8.230775752382927,7.7349458991757665,8.03244400024414,4900,0.0,0.0
2010-06-15 00:00:00-04:00,8.032444402744273,8.379524749949002,8.032444402744273,8.369607925415039,4300,0.0,0.0
2010-06-16 00:00:00-04:00,8.379524618581526,9.698431997867685,8.379524618581526,9.153018951416016,48000,0.0,0.0
2010-06-17 00:00:00-04:00,9.03401980550377,9.837264603424279,8.726605818614495,9.28193473815918,19700,0.0,0.0
2010-06-18 00:00:00-04:00,9.281934029309092,9.291850852830871,8.677021980285645,8.677021980285645,4900,0.0,0.0
2010-06-21 00:00:00-04:00,8.68693906490148,8.69685588872132,7.496947159551315,7.853944778442383,21200,0.0,0.0
2010-06-22 00:00:00-04:00,7.903527391774495,8.03244373570936,7.853944691802818,7.873777866363525,4600,0.0,0.0
2010-06-23 00:00:00-04:00,8.131609242606958,8.260525115377261,7.933277494391252,7.9590606689453125,2600,0.0,0.0
2010-06-24 00:00:00-04:00,8.052276615514506,8.052276615514506,7.83411169052124,7.83411169052124,2900,0.0,0.0
2010-06-25 00:00:00-04:00,8.022526741027832,8.022526741027832,7.734945479596244,8.022526741027832,6600,0.0,0.0
2010-06-28 00:00:00-04:00,8.121692314290454,8.121692314290454,7.844027870360278,7.982860565185547,5900,0.0,0.0
2010-06-29 00:00:00-04:00,7.903527785593563,7.903527785593563,7.784528732299805,7.784528732299805,500,0.0,0.0
2010-06-30 00:00:00-04:00,7.9332776623333645,7.9332776623333645,7.487030982971191,7.487030982971191,2900,0.0,0.0
2010-07-01 00:00:00-04:00,7.685362735385447,7.834111786126237,7.487030982971191,7.487030982971191,3800,0.0,0.0
2010-07-02 00:00:00-04:00,7.824195092607225,7.824195092607225,5.702043414929844,6.485454559326172,31500,0.0,0.0
2010-07-06 00:00:00-04:00,6.604453304102557,6.9912009189782465,6.217706162087049,6.227622985839844,7400,0.0,0.0
2010-07-07 00:00:00-04:00,6.346622033712279,6.693702826436975,6.108623465107225,6.227622985839844,4900,0.0,0.0
2010-07-08 00:00:00-04:00,6.34662220637496,6.435871258277256,6.297039031982422,6.297039031982422,2300,0.0,0.0
2010-07-09 00:00:00-04:00,6.3466220334242,6.495371079688084,6.3466220334242,6.4457879066467285,2700,0.0,0.0
2010-07-12 00:00:00-04:00,6.54495408281181,6.594537258148193,6.138373747350199,6.594537258148193,3700,0.0,0.0
2010-07-13 00:00:00-04:00,6.644119785079632,6.644119785079632,6.242497872334981,6.6342034339904785,9000,0.0,0.0
2010-07-14 00:00:00-04:00,6.306955596255551,6.564786863041564,6.306955596255551,6.35653829574585,2100,0.0,0.0
2010-07-15 00:00:00-04:00,6.297038990816145,6.345630577060802,6.197873115539551,6.197873115539551,1300,0.0,0.0
2010-07-16 00:00:00-04:00,6.257372728958581,6.257372728958581,6.178040027618408,6.178040027618408,1500,0.0,0.0
2010-07-19 00:00:00-04:00,6.148289750783922,6.186964511871338,6.1086234019035235,6.186964511871338,700,0.0,0.0
2010-07-20 00:00:00-04:00,6.148290157318115,6.197873333127216,6.1225069815550155,6.148290157318115,2500,0.0,0.0
2010-07-21 00:00:00-04:00,6.148289941887515,6.197873115959266,6.088790416717529,6.088790416717529,7600,0.0,0.0
2010-07-22 00:00:00-04:00,6.2077899390914615,6.683786140387995,6.2077899390914615,6.306955814361572,2800,0.0,0.0
2010-07-23 00:00:00-04:00,6.544954115995217,6.544954115995217,6.370421886444092,6.370421886444092,1600,0.0,0.0
2010-07-26 00:00:00-04:00,6.6738699671008215,6.6738699671008215,6.326789157978175,6.37637186050415,5000,0.0,0.0
2010-07-27 00:00:00-04:00,6.356538382463432,6.431904729806694,6.336705207824707,6.336705207824707,1100,0.0,0.0
2010-07-28 00:00:00-04:00,6.380338597320882,6.5647871749956055,6.37637177311468,6.396204948425293,2000,0.0,0.0
2010-07-29 00:00:00-04:00,6.693703148685039,6.753202675485681,6.693703148685039,6.699653148651123,3500,0.0,0.0
2010-07-30 00:00:00-04:00,6.7730358772989545,6.7730358772989545,6.6937031745910645,6.6937031745910645,1300,0.0,0.0
2010-08-02 00:00:00-04:00,6.723453174536627,6.723453174536627,6.396205066576267,6.6937031745910645,6200,0.0,0.0
2010-08-03 00:00:00-04:00,6.6937031745910645,6.841460640743645,6.6937031745910645,6.6937031745910645,2000,0.0,0.0
2010-08-04 00:00:00-04:00,6.693703098826944,6.743286273888262,6.217706415107064,6.386288642883301,13400,0.0,0.0
2010-08-05 00:00:00-04:00,6.445787862751069,6.465621037260511,6.257372468481278,6.346621990203857,5300,0.0,0.0
2010-08-06 00:00:00-04:00,6.326788813067357,6.326788813067357,6.237539291381836,6.237539291381836,1100,0.0,0.0
2010-08-09 00:00:00-04:00,6.237539291381836,6.237539291381836,6.237539291381836,6.237539291381836,0,0.0,0.0
2010-08-10 00:00:00-04:00,6.247456115062529,6.247456115062529,6.237539291381836,6.237539291381836,400,0.0,0.0
2010-08-11 00:00:00-04:00,6.197873341561971,6.197873341561971,6.039207935333252,6.039207935333252,900,0.0,0.0
2010-08-12 00:00:00-04:00,6.009457675520083,6.09870719909668,5.9995413244894555,6.09870719909668,3100,0.0,0.0
2010-08-13 00:00:00-04:00,6.0094576336152885,6.049123983181579,5.949958109265852,5.999541282653809,1900,0.0,0.0
2010-08-16 00:00:00-04:00,6.049124025362973,6.425954821730616,6.049124025362973,6.09870719909668,1500,0.0,0.0
2010-08-17 00:00:00-04:00,6.118540328455642,6.316872076193189,6.108623504638672,6.108623504638672,500,0.0,0.0
2010-08-18 00:00:00-04:00,6.4457882620827025,6.4457882620827025,6.257372856140137,6.257372856140137,600,0.0,0.0
2010-08-19 00:00:00-04:00,6.227623294387827,6.237539645771745,6.049124240875244,6.049124240875244,900,0.0,0.0
2010-08-20 00:00:00-04:00,6.168123165773465,6.168123165773465,5.860708713531494,5.860708713531494,1100,0.0,0.0
2010-08-23 00:00:00-04:00,5.880541760011948,5.949958108170268,5.880541760011948,5.890458583831787,500,0.0,0.0
2010-08-24 00:00:00-04:00,5.870625722409396,5.870625722409396,5.652460315329741,5.711960315704346,2200,0.0,0.0
2010-08-25 00:00:00-04:00,5.652459926350459,5.682209924490488,5.583044052124023,5.583044052124023,2000,0.0,0.0
2010-08-26 00:00:00-04:00,5.751626238096315,5.949957981674736,5.751626238096315,5.809142112731934,1100,0.0,0.0
2010-08-27 00:00:00-04:00,5.809142112731934,5.809142112731934,5.809142112731934,5.809142112731934,0,0.0,0.0
2010-08-30 00:00:00-04:00,5.61279370661332,5.692126406332772,5.216130208016059,5.5532941818237305,3100,0.0,0.0
2010-08-31 00:00:00-04:00,5.5532941818237305,5.5532941818237305,5.5532941818237305,5.5532941818237305,0,0.0,0.0
2010-09-01 00:00:00-04:00,5.583044318172369,5.630643844604492,5.49379479235946,5.630643844604492,2500,0.0,0.0
2010-09-02 00:00:00-04:00,5.711959880080901,5.711959880080901,5.702043056488037,5.702043056488037,900,0.0,0.0
2010-09-03 00:00:00-04:00,5.801209357424849,5.9301252365112305,5.751626654371771,5.9301252365112305,600,0.0,0.0
2010-09-07 00:00:00-04:00,5.7813757573732065,5.949957975674958,5.7516262322965295,5.811125755310059,1100,0.0,0.0
2010-09-08 00:00:00-04:00,5.959875198326178,6.802785873413086,5.949958374063174,6.802785873413086,4800,0.0,0.0
2010-09-09 00:00:00-04:00,6.445788257862836,6.514212548613599,6.3466223792369885,6.366455554962158,4100,0.0,0.0
2010-09-10 00:00:00-04:00,6.217706332373373,6.2474563315863465,6.148289982783234,6.1879563331604,500,0.0,0.0
2010-09-13 00:00:00-04:00,6.257372768600589,6.277205944061279,6.257372768600589,6.277205944061279,700,0.0,0.0
2010-09-14 00:00:00-04:00,6.02929097811355,6.068957328796387,5.949958276747877,6.068957328796387,1200,0.0,0.0
2010-09-15 00:00:00-04:00,6.287122803603129,6.564787261615389,6.287122803603129,6.485454559326172,1300,0.0,0.0
2010-09-16 00:00:00-04:00,6.738327494065873,6.74328590587344,6.088790205940081,6.247456073760986,2400,0.0,0.0
2010-09-17 00:00:00-04:00,6.624286764305036,6.624286764305036,5.949958324432373,5.949958324432373,1400,0.0,0.0
2010-09-20 00:00:00-04:00,6.078873937738953,6.425954730359148,5.949958066152538,6.118540287017822,2700,0.0,0.0
2010-09-21 00:00:00-04:00,6.138373374938965,6.138373374938965,6.138373374938965,6.138373374938965,100,0.0,0.0
2010-09-22 00:00:00-04:00,5.949958324432373,5.949958324432373,5.7615429207487905,5.949958324432373,1200,0.0,0.0
2010-09-23 00:00:00-04:00,5.949958324432373,5.949958324432373,5.949958324432373,5.949958324432373,0,0.0,0.0
2010-09-24 00:00:00-04:00,5.711960011868107,5.999541282653809,5.633618900545655,5.999541282653809,2800,0.0,0.0
2010-09-27 00:00:00-04:00,5.999541282653809,5.999541282653809,5.999541282653809,5.999541282653809,0,0.0,0.0
2010-09-28 00:00:00-04:00,5.761542641919965,5.761542641919965,5.6336188316345215,5.6336188316345215,1900,0.0,0.0
2010-09-29 00:00:00-04:00,5.969791325354286,5.989624500274658,5.969791325354286,5.989624500274658,500,0.0,0.0
2010-09-30 00:00:00-04:00,6.029290930555144,6.297039031982422,6.029290930555144,6.297039031982422,3400,0.0,0.0
2010-10-01 00:00:00-04:00,6.297038990404465,6.49537121380488,6.297038990404465,6.306955814361572,900,0.0,0.0
2010-10-04 00:00:00-04:00,6.247456073760986,6.247456073760986,6.247456073760986,6.247456073760986,100,0.0,0.0
2010-10-05 00:00:00-04:00,5.999541405298955,6.1879563331604,5.811126004577313,6.1879563331604,2700,0.0,0.0
2010-10-06 00:00:00-04:00,6.088790416717529,6.098707240675957,5.9202081923058065,6.088790416717529,5800,0.0,0.0
2010-10-07 00:00:00-04:00,5.850792194716948,6.227622985839844,5.771459496135324,6.227622985839844,500,0.0,0.0
2010-10-08 00:00:00-04:00,5.989624545838192,6.119532008055912,5.979708194732666,5.979708194732666,1500,0.0,0.0
2010-10-11 00:00:00-04:00,6.118540285108747,6.118540285108747,5.850792191129831,6.009457588195801,1700,0.0,0.0
2010-10-12 00:00:00-04:00,6.059040761209007,6.059040761209007,6.009457588195801,6.009457588195801,400,0.0,0.0
2010-10-13 00:00:00-04:00,6.148289981665002,6.297039031982422,6.148289981665002,6.297039031982422,2400,0.0,0.0
2010-10-14 00:00:00-04:00,6.247456203873219,6.247456203873219,5.999541282653809,5.999541282653809,400,0.0,0.0
2010-10-15 00:00:00-04:00,5.989624413562555,6.009457588195801,5.989624413562555,6.009457588195801,1100,0.0,0.0
2010-10-18 00:00:00-04:00,5.890458901633743,6.336705594678334,5.781376198031208,6.087799072265625,2800,0.0,0.0
2010-10-19 00:00:00-04:00,6.087799072265625,6.087799072265625,6.087799072265625,6.087799072265625,0,0.0,0.0
2010-10-20 00:00:00-04:00,6.1482897482649665,6.2970387929356075,5.900374831433957,6.023340702056885,2200,0.0,0.0
2010-10-21 00:00:00-04:00,5.850792235350125,6.297038904400989,5.850792235350125,5.999541282653809,1200,0.0,0.0
2010-10-22 00:00:00-04:00,6.059040938528382,6.059040938528382,5.860708713531494,5.860708713531494,900,0.0,0.0
2010-10-25 00:00:00-04:00,6.088790464918787,6.237539515451404,5.7714596615000815,5.860708713531494,8300,0.0,0.0
2010-10-26 00:00:00-04:00,5.8111257993128165,6.237539287235395,5.8111257993128165,5.91029167175293,2900,0.0,0.0
2010-10-27 00:00:00-04:00,5.88054171474695,5.900374889373779,5.860708540120121,5.900374889373779,800,0.0,0.0
2010-10-28 00:00:00-04:00,5.711960180410961,5.850792407989502,5.711960180410961,5.850792407989502,300,0.0,0.0
2010-10-29 00:00:00-04:00,5.702043478458482,6.068957467064143,5.702043478458482,5.9301252365112305,1300,0.0,0.0
2010-11-01 00:00:00-04:00,5.8706254959106445,5.8706254959106445,5.8706254959106445,5.8706254959106445,600,0.0,0.0
2010-11-02 00:00:00-04:00,5.8706254959106445,5.8706254959106445,5.8706254959106445,5.8706254959106445,0,0.0,0.0
2010-11-03 00:00:00-04:00,5.850792276148524,6.09870719909668,5.702043227807592,6.09870719909668,3800,0.0,0.0
2010-11-04 00:00:00-04:00,6.287122484169512,7.437447554638313,6.287122484169512,7.380922794342041,41300,0.0,0.0
2010-11-05 00:00:00-04:00,7.834111732124543,8.290274759532931,7.468189344083471,7.82419490814209,19800,0.0,0.0
2010-11-08 00:00:00-05:00,8.726605749568515,8.726605749568515,7.341256806654842,7.893611431121826,6700,0.0,0.0
2010-11-09 00:00:00-05:00,8.329941522299348,8.329941522299348,8.032444353854713,8.112768173217773,5100,0.0,0.0
2010-11-10 00:00:00-05:00,8.03244373803174,8.03244373803174,7.928318980482698,7.982860565185547,1300,0.0,0.0
2010-11-11 00:00:00-05:00,7.8241948241750325,7.913444347618535,7.268865454342527,7.625863075256348,5700,0.0,0.0
2010-11-12 00:00:00-05:00,7.328364938844922,7.328364938844922,7.189532715362905,7.19944953918457,700,0.0,0.0
2010-11-15 00:00:00-05:00,7.199449758090853,7.199449758090853,6.9416180052101515,7.040783882141113,4800,0.0,0.0
2010-11-16 00:00:00-05:00,6.842451998897284,7.7547789951316135,6.644119775925365,7.3977813720703125,6700,0.0,0.0
2010-11-17 00:00:00-05:00,6.961451219120455,7.804361886988533,6.941618043624508,7.139949798583984,4300,0.0,0.0
2010-11-18 00:00:00-05:00,7.586196680294046,7.63577938079834,7.562396681421466,7.63577938079834,1400,0.0,0.0
2010-11-19 00:00:00-05:00,7.338281760878208,7.417614459991455,7.151849539673926,7.417614459991455,1400,0.0,0.0
2010-11-22 00:00:00-05:00,7.139949540882735,7.139949540882735,7.090366840362549,7.090366840362549,1300,0.0,0.0
2010-11-23 00:00:00-05:00,7.090366840362549,7.090366840362549,7.090366840362549,7.090366840362549,0,0.0,0.0
2010-11-24 00:00:00-05:00,7.437447547095363,7.437447547095363,7.139949456067477,7.219282627105713,800,0.0,0.0
2010-11-26 00:00:00-05:00,7.219282627105713,7.219282627105713,7.219282627105713,7.219282627105713,0,0.0,0.0
2010-11-29 00:00:00-05:00,6.941618145874721,6.941618145874721,6.7928690910339355,6.7928690910339355,600,0.0,0.0
2010-11-30 00:00:00-05:00,6.74328608733269,6.93070942467248,6.74328608733269,6.753202438354492,700,0.0,0.0
2010-12-01 00:00:00-05:00,6.76311944663695,7.0903670779022505,6.3168722898441025,6.495371341705322,7100,0.0,0.0
2010-12-02 00:00:00-05:00,6.217706161804822,6.584620129158268,6.207789810912661,6.4457879066467285,1800,0.0,0.0
2010-12-03 00:00:00-05:00,6.445788034388934,6.7432861328125,6.435871210440059,6.7432861328125,2200,0.0,0.0
2010-12-06 00:00:00-05:00,6.75320231374262,7.4076975463511,6.75320231374262,7.110199928283691,3100,0.0,0.0
2010-12-07 00:00:00-05:00,7.209366149249902,7.7746123601747135,7.130033447266111,7.139949798583984,5500,0.0,0.0
2010-12-08 00:00:00-05:00,7.189533058028008,7.229199409484863,7.189533058028008,7.229199409484863,600,0.0,0.0
2010-12-09 00:00:00-05:00,6.971368125015306,7.229199409484863,6.8424522463504225,7.229199409484863,2100,0.0,0.0
2010-12-10 00:00:00-05:00,6.971367965038294,6.991201140311595,6.8424520893317355,6.941617965698242,5300,0.0,0.0
2010-12-13 00:00:00-05:00,6.792868658020551,6.941617703379286,6.792868658020551,6.892034530639648,500,0.0,0.0
2010-12-14 00:00:00-05:00,6.792868916320264,6.921784792057222,6.743286214555417,6.832535266876221,2600,0.0,0.0
2010-12-15 00:00:00-05:00,6.832535266876221,6.832535266876221,6.832535266876221,6.832535266876221,0,0.0,0.0
2010-12-16 00:00:00-05:00,7.199449882322327,7.357123700292357,7.199449882322327,7.229199409484863,1600,0.0,0.0
2010-12-17 00:00:00-05:00,7.318448586763924,7.318448586763924,6.981284142641843,7.090366840362549,4000,0.0,0.0
2010-12-20 00:00:00-05:00,6.971367835998535,7.138957998454774,6.971367835998535,6.971367835998535,1500,0.0,0.0
2010-12-21 00:00:00-05:00,6.882118517136665,7.139949798583984,6.87220169295859,7.139949798583984,3000,0.0,0.0
2010-12-22 00:00:00-05:00,7.159782850768116,7.159782850768116,6.792868873982286,6.951534748077393,700,0.0,0.0
2010-12-23 00:00:00-05:00,6.792868804392915,6.967401027679443,6.792868804392915,6.967401027679443,1100,0.0,0.0
2010-12-27 00:00:00-05:00,6.753202438768858,6.941617836796558,6.753202438768858,6.862285137176514,2100,0.0,0.0
2010-12-28 00:00:00-05:00,6.842451875788981,6.882118225097656,6.7532023534143715,6.882118225097656,1200,0.0,0.0
2010-12-29 00:00:00-05:00,6.882118428817417,7.586196859178319,6.882118428817417,7.487030982971191,8300,0.0,0.0
2010-12-30 00:00:00-05:00,7.655612791973279,7.933277720240173,7.040783882141113,7.040783882141113,12400,0.0,0.0
2010-12-31 00:00:00-05:00,7.011034341501972,7.715112775597172,7.011034341501972,7.5861968994140625,6800,0.0,0.0
2011-01-03 00:00:00-05:00,7.863861392297721,8.03244409284956,7.655612813721017,7.794445514678955,11200,0.0,0.0
2011-01-04 00:00:00-05:00,7.853944727200407,8.032443771911442,7.695279329999649,7.8658447265625,5900,0.0,0.0
2011-01-05 00:00:00-05:00,7.883694648742676,7.883694648742676,7.883694648742676,7.883694648742676,1000,0.0,0.0
2011-01-06 00:00:00-05:00,8.062193439553573,8.062193439553573,7.69527946562983,7.725028991699219,2200,0.0,0.0
2011-01-07 00:00:00-05:00,7.5465305662094435,7.734945968869045,6.931701183319092,6.931701183319092,12500,0.0,0.0
2011-01-10 00:00:00-05:00,7.040783708644304,7.18953275680542,7.020950533746835,7.18953275680542,3200,0.0,0.0
2011-01-11 00:00:00-05:00,7.437447661243922,7.8043616323788445,7.437447661243922,7.520747184753418,4400,0.0,0.0
2011-01-12 00:00:00-05:00,7.784528557932664,7.913444432543393,7.645696332199678,7.82419490814209,1500,0.0,0.0
2011-01-13 00:00:00-05:00,7.923361165264891,8.062193870544434,7.685363052546046,8.062193870544434,6300,0.0,0.0
2011-01-14 00:00:00-05:00,8.181192395245546,8.538189541124199,8.082026048530178,8.290274620056152,7300,0.0,0.0
2011-01-18 00:00:00-05:00,8.677022796714922,9.738098424654094,8.488607860674675,9.460433959960938,31200,0.0,0.0
2011-01-19 00:00:00-05:00,9.420766830444336,9.688515394307997,9.341434132792958,9.420766830444336,8900,0.0,0.0
2011-01-20 00:00:00-05:00,9.321600368015144,9.321600368015144,7.93327723089641,8.458856582641602,7700,0.0,0.0
2011-01-21 00:00:00-05:00,8.786104558682172,8.9745204303665,8.032443909106012,8.270442008972168,7100,0.0,0.0
2011-01-24 00:00:00-05:00,8.240692834019665,8.419190943664132,8.082026481628418,8.082026481628418,2900,0.0,0.0
2011-01-25 00:00:00-05:00,8.260525281489159,8.490590681478016,7.814278602600098,7.814278602600098,3400,0.0,0.0
2011-01-26 00:00:00-05:00,8.21094175030409,8.39935761600291,8.131609052868908,8.220858573913574,2600,0.0,0.0
2011-01-27 00:00:00-05:00,8.30019137780413,8.32002502527748,8.25160026550293,8.25160026550293,700,0.0,0.0
2011-01-28 00:00:00-05:00,8.191109657287598,8.210942360259503,8.191109657287598,8.191109657287598,600,0.0,0.0
2011-01-31 00:00:00-05:00,8.022527429165537,8.726605880748828,8.022527429165537,8.3507661819458,2900,0.0,0.0
2011-02-01 00:00:00-05:00,8.439024751432337,8.4489415759663,8.369607925415039,8.369607925415039,1100,0.0,0.0
2011-02-02 00:00:00-05:00,8.329940970145623,8.329940970145623,7.93327747469883,7.963027000427246,1200,0.0,0.0
2011-02-03 00:00:00-05:00,7.8440282018078795,8.22085900735334,7.8440282018078795,8.121692657470703,1500,0.0,0.0
2011-02-04 00:00:00-05:00,8.111777035490956,8.300191971359721,8.111777035490956,8.280359268188477,1300,0.0,0.0
2011-02-07 00:00:00-05:00,8.488607406616211,8.488607406616211,8.488607406616211,8.488607406616211,300,0.0,0.0
2011-02-08 00:00:00-05:00,8.845604373026871,8.865437074744143,7.913444222166263,8.20102596282959,5800,0.0,0.0
2011-02-09 00:00:00-05:00,8.230775833129883,8.230775833129883,8.230775833129883,8.230775833129883,100,0.0,0.0
2011-02-10 00:00:00-05:00,8.002693266891807,8.002693266891807,7.943194216052665,7.982860565185547,600,0.0,0.0
2011-02-11 00:00:00-05:00,8.082026481628418,8.082026481628418,8.082026481628418,8.082026481628418,400,0.0,0.0
2011-02-14 00:00:00-05:00,7.834111756539041,7.922369220528993,7.536613656181027,7.547522068023682,2700,0.0,0.0
2011-02-15 00:00:00-05:00,7.536613464355469,7.546530288116419,7.4374475910468805,7.536613464355469,2400,0.0,0.0
2011-02-16 00:00:00-05:00,7.5266970751210645,7.992777386587948,7.5266970751210645,7.873777866363525,4000,0.0,0.0
2011-02-17 00:00:00-05:00,7.953111414560088,7.953111414560088,7.764695538009439,7.897578239440918,4400,0.0,0.0
2011-02-18 00:00:00-05:00,7.893611215626396,7.893611215626396,7.665529466700249,7.725028991699219,2300,0.0,0.0
2011-02-22 00:00:00-05:00,7.7646956218174905,9.569516030477471,7.7646956218174905,9.172852516174316,68900,0.0,0.0
2011-02-23 00:00:00-05:00,9.68851563765385,14.08156742689017,9.66868198988267,12.633744239807129,430100,0.0,0.0
2011-02-24 00:00:00-05:00,13.883236051275937,18.3457047820432,12.703161403034459,12.990742683410645,665800,0.0,0.0
2011-02-25 00:00:00-05:00,13.139490913821835,13.863402034750766,11.503252800954815,12.742827415466309,215400,0.0,0.0
2011-02-28 00:00:00-05:00,12.534579237277175,14.557565034061362,12.118082078022747,13.516322135925293,186900,0.0,0.0
2011-03-01 00:00:00-05:00,13.784069785833788,15.370725722582034,13.784069785833788,15.241809844970703,167400,0.0,0.0
2011-03-02 00:00:00-05:00,16.352468388768,17.75070842836812,14.60714707242555,15.507574081420898,386200,0.0,0.0
2011-03-03 00:00:00-05:00,14.89472883057631,15.172393275858266,14.08156725081289,14.636897087097168,105400,0.0,0.0
2011-03-04 00:00:00-05:00,14.874895097366506,16.35246778339869,14.677554466817254,15.311224937438965,178700,0.0,0.0
2011-03-07 00:00:00-05:00,16.09463613801095,16.36238470531645,15.331058676870775,15.618639945983887,98400,0.0,0.0
2011-03-08 00:00:00-05:00,16.94746480718207,16.94746480718207,13.486572602968593,13.734487533569336,93200,0.0,0.0
2011-03-09 00:00:00-05:00,13.536154880959414,14.012152041191085,12.147831642914493,12.425496101379395,78500,0.0,0.0
2011-03-10 00:00:00-05:00,12.296579963330004,13.387406017084286,11.741251058150667,12.594078063964844,72700,0.0,0.0
2011-03-11 00:00:00-05:00,11.721417691270675,12.187498028587921,11.711501812730626,12.094282150268555,30400,0.0,0.0
2011-03-14 00:00:00-04:00,11.979249180428457,12.048665057262006,11.552835203947184,11.830500602722168,25800,0.0,0.0
2011-03-15 00:00:00-04:00,11.334670987972144,11.334670987972144,9.787681396952895,10.045513153076172,75900,0.0,0.0
2011-03-16 00:00:00-04:00,10.025679660441236,11.404087043556556,10.025679660441236,10.333094596862793,57700,0.0,0.0
2011-03-17 00:00:00-04:00,10.4322607513977,11.592501758523015,10.4322607513977,10.809090614318848,58000,0.0,0.0
2011-03-18 00:00:00-04:00,10.719841957092285,11.13633816817749,10.412427028699419,10.719841957092285,20400,0.0,0.0
2011-03-21 00:00:00-04:00,11.086755578162713,11.602418122459385,11.086755578162713,11.453669548034668,42100,0.0,0.0
2011-03-22 00:00:00-04:00,11.404086842256433,12.841993254962075,11.10658873548827,12.643661499023438,84500,0.0,0.0
2011-03-23 00:00:00-04:00,13.27832360256018,14.359231871313385,12.792409635236934,13.724570274353027,100900,0.0,0.0
2011-03-24 00:00:00-04:00,14.002235276176052,14.14106797885585,13.020492370304341,13.169240951538086,56500,0.0,0.0
2011-03-25 00:00:00-04:00,12.960991690278705,13.149407558723176,12.64366089591374,12.782493591308594,24600,0.0,0.0
2011-03-28 00:00:00-04:00,12.57424556775483,12.822160498060907,11.503253144490202,11.681751251220703,63100,0.0,0.0
2011-03-29 00:00:00-04:00,11.731333909816348,12.246997396090649,11.304919945837241,11.909832954406738,37400,0.0,0.0
2011-03-30 00:00:00-04:00,11.751168251615521,11.899916833749218,11.55283554781003,11.642085075378418,31900,0.0,0.0
2011-03-31 00:00:00-04:00,11.939583197054864,13.46673915438559,11.899916845399018,13.040325164794922,82100,0.0,0.0
2011-04-01 00:00:00-04:00,13.883235672741264,13.981409959444074,13.347739477478632,13.506404876708984,54800,0.0,0.0
2011-04-04 00:00:00-04:00,13.74440308056117,13.74440308056117,12.395746231079102,12.395746231079102,41100,0.0,0.0
2011-04-05 00:00:00-04:00,12.326330689521615,12.692252613727332,12.008998934299383,12.643661499023438,29700,0.0,0.0
2011-04-06 00:00:00-04:00,12.951075896216404,13.397322565115573,12.324347005849836,12.762660026550293,22000,0.0,0.0
2011-04-07 00:00:00-04:00,12.50482878979781,13.079991354548515,11.99908304887592,12.7527437210083,28400,0.0,0.0
2011-04-08 00:00:00-04:00,12.891576234265095,13.397322913505313,12.74282765600404,12.796377182006836,23100,0.0,0.0
2011-04-11 00:00:00-04:00,12.990742617966353,12.990742617966353,12.167665131873381,12.246997833251953,24300,0.0,0.0
2011-04-12 00:00:00-04:00,12.118081350816421,12.276746745635563,11.404086128409928,11.454660415649414,50800,0.0,0.0
2011-04-13 00:00:00-04:00,11.404086457319847,11.542919154650905,11.404086457319847,11.433835983276367,17100,0.0,0.0
2011-04-14 00:00:00-04:00,11.404086613982008,12.54449489709205,11.404086613982008,12.266830444335938,28200,0.0,0.0
2011-04-15 00:00:00-04:00,12.21724717843269,12.53457892492679,11.949499551709962,12.504828453063965,9200,0.0,0.0
2011-04-18 00:00:00-04:00,12.375912315785786,12.375912315785786,11.304919940216646,11.800749778747559,22800,0.0,0.0
2011-04-19 00:00:00-04:00,11.642084218551775,11.999082302551205,11.503252470970088,11.949499130249023,19500,0.0,0.0
2011-04-20 00:00:00-04:00,11.999082817980224,12.296579973131813,11.979249169919242,12.048665046691895,12000,0.0,0.0
2011-04-21 00:00:00-04:00,12.078415620838102,12.147831498197274,11.691667991864723,11.701584815979004,12900,0.0,0.0
2011-04-25 00:00:00-04:00,11.77100007404487,11.894957531790565,11.503252457088749,11.513168334960938,16800,0.0,0.0
2011-04-26 00:00:00-04:00,11.503252546328168,11.632167471149874,11.463586197370637,11.602417945861816,3900,0.0,0.0
2011-04-27 00:00:00-04:00,11.552834778627284,11.840416045133704,11.493335728023395,11.82058334350586,8200,0.0,0.0
2011-04-28 00:00:00-04:00,11.99908273608713,12.098248138554064,11.809675748711252,11.850333213806152,7700,0.0,0.0
2011-04-29 00:00:00-04:00,11.899915943975035,11.899915943975035,11.35450294073211,11.404086112976074,11000,0.0,0.0
2011-05-02 00:00:00-04:00,11.453669285220041,11.533001982522247,11.106588025232629,11.404086112976074,10000,0.0,0.0
2011-05-03 00:00:00-04:00,11.136337713726782,11.423919927818245,10.729757397655954,10.81900691986084,9600,0.0,0.0
2011-05-04 00:00:00-04:00,10.868590742022521,10.957840269558357,9.916597357840972,10.025679588317871,27000,0.0,0.0
2011-05-05 00:00:00-04:00,9.906679839989106,10.084186821913088,9.143102388664518,9.420766830444336,25000,0.0,0.0
2011-05-06 00:00:00-04:00,9.599266390241791,10.561175637523814,9.579432741900106,9.84718132019043,23300,0.0,0.0
2011-05-09 00:00:00-04:00,9.956263709443519,10.134762764515191,9.817431005974393,10.025679588317871,15200,0.0,0.0
2011-05-10 00:00:00-04:00,9.916596681027807,10.184345245361328,9.798588749275092,10.184345245361328,11400,0.0,0.0
2011-05-11 00:00:00-04:00,10.164512214345187,10.164512214345187,9.609182350420078,9.827347755432129,12700,0.0,0.0
2011-05-12 00:00:00-04:00,9.748015207441059,11.602418815154461,9.074678339649084,10.11492919921875,19600,0.0,0.0
2011-05-13 00:00:00-04:00,10.352926964810013,10.352926964810013,9.916597108167613,9.976097106933594,6300,0.0,0.0
2011-05-16 00:00:00-04:00,9.9661801982524,9.9661801982524,9.668682098388672,9.668682098388672,1700,0.0,0.0
2011-05-17 00:00:00-04:00,9.301768309941291,9.54968324055043,8.756355273457107,9.192686080932617,29000,0.0,0.0
2011-05-18 00:00:00-04:00,9.162935090217184,9.420766830444336,9.123268741391497,9.420766830444336,2300,0.0,0.0
2011-05-19 00:00:00-04:00,9.50010016030893,9.50010016030893,8.796021712507644,9.063770294189453,6500,0.0,0.0
2011-05-20 00:00:00-04:00,9.014187034384154,9.014187034384154,8.916012744493564,8.974520683288574,3900,0.0,0.0
2011-05-23 00:00:00-04:00,8.766271848465596,8.92493724822998,8.766271848465596,8.92493724822998,700,0.0,0.0
2011-05-24 00:00:00-04:00,9.014187212504515,9.034019915583995,8.82577133178711,8.82577133178711,3600,0.0,0.0
2011-05-25 00:00:00-04:00,9.053853624059595,9.500100322074097,9.053853624059595,9.351351737976074,8000,0.0,0.0
2011-05-26 00:00:00-04:00,9.420767350166347,9.569515930038705,9.420767350166347,9.519933700561523,4700,0.0,0.0
2011-05-27 00:00:00-04:00,9.698431766744976,9.767848590019744,9.52786636352539,9.52786636352539,1700,0.0,0.0
2011-05-31 00:00:00-04:00,9.658765708400855,10.105012405387999,9.658765708400855,9.947339057922363,11600,0.0,0.0
2011-06-01 00:00:00-04:00,9.718265277552355,9.945355440305338,9.529849404398163,9.559599876403809,7300,0.0,0.0
2011-06-02 00:00:00-04:00,9.638932830784057,9.956263641436893,9.638932830784057,9.718265533447266,1800,0.0,0.0
2011-06-03 00:00:00-04:00,9.57943240307264,9.57943240307264,8.69685588893355,9.053853034973145,12300,0.0,0.0
2011-06-06 00:00:00-04:00,8.994353461877688,9.449525861190006,8.994353461877688,9.172852516174316,3100,0.0,0.0
2011-06-07 00:00:00-04:00,9.232351910800805,9.361266835205873,9.232351910800805,9.311684608459473,6200,0.0,0.0
2011-06-08 00:00:00-04:00,9.262101695698714,9.390025508759189,9.043936298159924,9.143102645874023,2600,0.0,0.0
2011-06-09 00:00:00-04:00,9.123268821469075,9.638932306449506,9.123268821469075,9.400933265686035,5500,0.0,0.0
2011-06-10 00:00:00-04:00,9.473325497698106,9.500099787383013,9.272018511840345,9.36126708984375,4400,0.0,0.0
2011-06-13 00:00:00-04:00,9.361267652816046,9.361267652816046,8.567940606940445,8.805938720703125,8100,0.0,0.0
2011-06-14 00:00:00-04:00,8.67702224196039,8.865437165954566,8.67702224196039,8.726605415344238,4200,0.0,0.0
2011-06-15 00:00:00-04:00,8.617522458509564,8.617522458509564,8.220858953040459,8.406299591064453,5800,0.0,0.0
2011-06-16 00:00:00-04:00,8.379524148072,8.399357795715332,8.379524148072,8.399357795715332,1900,0.0,0.0
2011-06-17 00:00:00-04:00,8.409273760941318,8.59768963262357,8.313083595179767,8.488607406616211,3500,0.0,0.0
2011-06-20 00:00:00-04:00,8.488607242814627,8.488607242814627,8.171275503399633,8.19705867767334,4700,0.0,0.0
2011-06-21 00:00:00-04:00,8.270441745686215,8.458856665652053,8.270441745686215,8.329940795898438,6000,0.0,0.0
2011-06-22 00:00:00-04:00,8.32994105707863,8.419190580915677,8.27044200500085,8.379524230957031,900,0.0,0.0
2011-06-23 00:00:00-04:00,8.250608271056263,8.250608271056263,7.824194777020869,7.963027000427246,4800,0.0,0.0
2011-06-24 00:00:00-04:00,7.9828603933955256,8.131608963012695,7.9828603933955256,8.131608963012695,3900,0.0,0.0
2011-06-27 00:00:00-04:00,8.022527426284505,8.359691888290692,8.022527426284505,8.191109657287598,4400,0.0,0.0
2011-06-28 00:00:00-04:00,8.280358575932167,8.726605235762925,8.280358575932167,8.54810619354248,6200,0.0,0.0
2011-06-29 00:00:00-04:00,8.59768978370497,9.827347600328233,8.59768978370497,9.212518692016602,12500,0.0,0.0
2011-06-30 00:00:00-04:00,9.242268394747263,10.01576366621904,8.994353461877688,9.172852516174316,49000,0.0,0.0
2011-07-01 00:00:00-04:00,9.222435849717922,9.222435849717922,8.478691038381323,8.868412971496582,12500,0.0,0.0
2011-07-05 00:00:00-04:00,8.815855453107584,9.212518971901448,8.815855453107584,8.82577133178711,8900,0.0,0.0
2011-07-06 00:00:00-04:00,8.786104639573033,9.024103687350753,8.389441136144152,8.577856063842773,13900,0.0,0.0
2011-07-07 00:00:00-04:00,8.77618901771641,9.381101114550983,8.77618901771641,8.900146484375,15200,0.0,0.0
2011-07-08 00:00:00-04:00,8.924937076720266,9.371183741412207,8.67702215792248,8.855521202087402,9500,0.0,0.0
2011-07-11 00:00:00-04:00,8.746438023620467,8.746438023620467,8.329940884808028,8.419190406799316,8200,0.0,0.0
2011-07-12 00:00:00-04:00,8.389441136144152,8.696856060591829,8.389441136144152,8.577856063842773,1200,0.0,0.0
2011-07-13 00:00:00-04:00,8.726605778052223,8.756355305030878,8.56893148819658,8.643305778503418,7700,0.0,0.0
2011-07-14 00:00:00-04:00,8.508440192224349,8.60760654100064,8.429107491491472,8.46877384185791,10000,0.0,0.0
2011-07-15 00:00:00-04:00,8.528273831227006,9.162935436417218,8.478690656891422,9.01418685913086,19900,0.0,0.0
2011-07-18 00:00:00-04:00,8.974520850153331,9.073686256875872,8.786104969655774,9.043936729431152,20500,0.0,0.0
2011-07-19 00:00:00-04:00,9.153018433141037,9.420767001877005,9.034019384498508,9.162935256958008,17900,0.0,0.0
2011-07-20 00:00:00-04:00,9.311685294293946,9.371184349060059,9.113352589819106,9.371184349060059,8000,0.0,0.0
2011-07-21 00:00:00-04:00,9.351351562392576,9.420767440905559,8.78610487284836,9.28193473815918,3600,0.0,0.0
2011-07-22 00:00:00-04:00,9.172852335497769,9.420767263484194,8.954686934068002,9.321600914001465,14100,0.0,0.0
2011-07-25 00:00:00-04:00,9.172852516174316,9.232352516179997,8.835688056156426,9.172852516174316,10200,0.0,0.0
2011-07-26 00:00:00-04:00,9.202601608734833,9.38110065460205,9.014186684768612,9.38110065460205,5700,0.0,0.0
2011-07-27 00:00:00-04:00,9.10343629207121,9.291851217783625,9.10343629207121,9.252184867858887,5400,0.0,0.0
2011-07-28 00:00:00-04:00,9.272018320704397,9.272018320704397,8.944770704276747,9.132193565368652,1000,0.0,0.0
2011-07-29 00:00:00-04:00,9.143103044564576,10.412427243764643,9.133186220216661,9.807515144348145,25100,0.0,0.0
2011-08-01 00:00:00-04:00,9.72818235771027,9.797598236110476,9.559600128120847,9.718265533447266,3900,0.0,0.0
2011-08-02 00:00:00-04:00,9.589349050264806,9.719256035321758,9.123268742229873,9.311684608459473,12800,0.0,0.0
2011-08-03 00:00:00-04:00,9.40093381758067,9.40093381758067,8.726605842037856,8.84560489654541,3600,0.0,0.0
2011-08-04 00:00:00-04:00,8.756355374398733,8.756355374398733,8.379524562042361,8.413241386413574,4800,0.0,0.0
2011-08-05 00:00:00-04:00,8.230775478869845,8.42910722441796,6.872201366854625,7.764695167541504,14300,0.0,0.0
2011-08-08 00:00:00-04:00,7.437447971767849,7.437447971767849,6.6937031745910645,6.6937031745910645,14500,0.0,0.0
2011-08-09 00:00:00-04:00,6.693703000113345,6.872201576553365,6.693703000113345,6.73336935043335,4500,0.0,0.0
2011-08-10 00:00:00-04:00,6.713535910729001,6.743285908726814,6.019374334621907,6.465620994567871,11300,0.0,0.0
2011-08-11 00:00:00-04:00,6.445788192350644,7.199449807967617,6.445788192350644,6.9217848777771,11600,0.0,0.0
2011-08-12 00:00:00-04:00,6.921784699268848,7.2093659733745294,6.683786126263344,7.1796159744262695,14400,0.0,0.0
2011-08-15 00:00:00-04:00,7.179616061758486,7.288698762082055,6.9614511339715435,7.159782886505127,2800,0.0,0.0
2011-08-16 00:00:00-04:00,7.0110344886779785,7.0110344886779785,7.0110344886779785,7.0110344886779785,400,0.0,0.0
2011-08-17 00:00:00-04:00,7.318448894318379,7.467197947850419,7.1399498409358495,7.239116191864014,2400,0.0,0.0
2011-08-18 00:00:00-04:00,7.110200336667697,7.110200336667697,6.406121890844857,6.6937031745910645,14100,0.0,0.0
2011-08-19 00:00:00-04:00,6.673869561972034,6.792868608242935,6.3168719502991575,6.465620994567871,13300,0.0,0.0
2011-08-22 00:00:00-04:00,6.554870601945564,6.554870601945564,6.118540287017822,6.118540287017822,1800,0.0,0.0
2011-08-23 00:00:00-04:00,6.22762328006602,6.37637186050415,6.170106929018909,6.37637186050415,2500,0.0,0.0
2011-08-24 00:00:00-04:00,6.37637186050415,6.396205036086581,6.37637186050415,6.37637186050415,1800,0.0,0.0
2011-08-25 00:00:00-04:00,6.346621938545268,6.346621938545268,6.009457501768934,6.029290676116943,2900,0.0,0.0
2011-08-26 00:00:00-04:00,6.009457505173775,6.316871944172183,5.99954115442424,6.138373374938965,4300,0.0,0.0
2011-08-29 00:00:00-04:00,6.396204776457106,6.445787949830647,6.088790330977636,6.217706203460693,2100,0.0,0.0
2011-08-30 00:00:00-04:00,6.4160382116690124,6.435871387251443,6.37637186050415,6.37637186050415,2200,0.0,0.0
2011-08-31 00:00:00-04:00,6.445788082299842,6.445788082299842,6.297039031982422,6.297039031982422,1500,0.0,0.0
2011-09-01 00:00:00-04:00,6.29703894572772,6.773035616507306,6.29703894572772,6.535037517547607,6900,0.0,0.0
2011-09-02 00:00:00-04:00,6.505287516412786,7.298615458380765,6.505287516412786,6.971367835998535,4300,0.0,0.0
2011-09-06 00:00:00-04:00,6.743286071869262,6.822618771302516,5.99954130539222,6.484462738037109,11500,0.0,0.0
2011-09-07 00:00:00-04:00,6.37637185410035,6.733369487085781,6.088790572013815,6.594537258148193,3700,0.0,0.0
2011-09-08 00:00:00-04:00,6.336705575047636,6.8127022668220265,6.336705575047636,6.7928690910339355,3800,0.0,0.0
2011-09-09 00:00:00-04:00,6.7928690910339355,6.7928690910339355,6.7928690910339355,6.7928690910339355,0,0.0,0.0
2011-09-12 00:00:00-04:00,6.544953739018031,6.673869609832764,6.435871042724013,6.673869609832764,3500,0.0,0.0
2011-09-13 00:00:00-04:00,6.663952786142317,6.9217845277717815,6.44578786641446,6.673869609832764,6100,0.0,0.0
2011-09-14 00:00:00-04:00,6.594537258148193,6.601478845952062,6.594537258148193,6.594537258148193,1500,0.0,0.0
2011-09-15 00:00:00-04:00,6.753202743946477,6.753202743946477,6.584620513205547,6.683786392211914,1800,0.0,0.0
2011-09-16 00:00:00-04:00,6.604453684616968,6.961451321662812,6.604453684616968,6.7928690910339355,1500,0.0,0.0
2011-09-19 00:00:00-04:00,6.6837860020972775,6.6837860020972775,6.42595473172964,6.663952827453613,3000,0.0,0.0
2011-09-20 00:00:00-04:00,6.673869998914092,6.7432863502136,6.673869998914092,6.6937031745910645,6100,0.0,0.0
2011-09-21 00:00:00-04:00,6.535037692594437,6.65502833310498,6.495371341705322,6.495371341705322,4400,0.0,0.0
2011-09-22 00:00:00-04:00,6.297038904400989,6.297038904400989,5.989624458832143,5.999541282653809,7200,0.0,0.0
2011-09-23 00:00:00-04:00,6.148290165685392,6.148290165685392,6.039207935333252,6.039207935333252,800,0.0,0.0
2011-09-26 00:00:00-04:00,6.267289512055942,6.267289512055942,6.078874111175537,6.078874111175537,500,0.0,0.0
2011-09-27 00:00:00-04:00,5.979708282172785,6.078874158979091,5.771459704449441,5.959875106811523,7600,0.0,0.0
2011-09-28 00:00:00-04:00,5.940041411878272,6.078874111175537,5.940041411878272,6.078874111175537,1700,0.0,0.0
2011-09-29 00:00:00-04:00,5.959875164984463,6.019374691649007,5.930125165222088,6.000533103942871,4500,0.0,0.0
2011-09-30 00:00:00-04:00,6.000533103942871,6.000533103942871,6.000533103942871,6.000533103942871,0,0.0,0.0
2011-10-03 00:00:00-04:00,5.731793139583518,5.761542665083849,5.206213302855787,5.354962348937988,8800,0.0,0.0
2011-10-04 00:00:00-04:00,5.354962304778762,5.354962304778762,5.206213259923206,5.255796432495117,6300,0.0,0.0
2011-10-05 00:00:00-04:00,5.404545191485871,5.7575764656066895,5.384712016342921,5.7575764656066895,2800,0.0,0.0
2011-10-06 00:00:00-04:00,5.622710405246511,5.9499580207289755,5.358928664409611,5.91029167175293,3600,0.0,0.0
2011-10-07 00:00:00-04:00,5.7714594349938055,5.9142584800720215,5.612793566651245,5.9142584800720215,1300,0.0,0.0
2011-10-10 00:00:00-04:00,5.989624635568044,5.989624635568044,5.702043356296679,5.850792407989502,2500,0.0,0.0
2011-10-11 00:00:00-04:00,5.959875106811523,5.959875106811523,5.959875106811523,5.959875106811523,300,0.0,0.0
2011-10-12 00:00:00-04:00,5.969791370766948,6.168123121479393,5.781375971160027,5.979708194732666,3200,0.0,0.0
2011-10-13 00:00:00-04:00,5.930124800893188,6.574703676115091,5.493794492633134,5.920207977294922,7200,0.0,0.0
2011-10-14 00:00:00-04:00,5.771459659063358,6.078874111175537,5.711960133447471,6.078874111175537,3300,0.0,0.0
2011-10-17 00:00:00-04:00,6.1978733445310015,7.189533079655962,6.1978733445310015,6.7928690910339355,29900,0.0,0.0
2011-10-18 00:00:00-04:00,6.83253500854496,7.18953262291105,6.604453265041651,6.782952308654785,20000,0.0,0.0
2011-10-19 00:00:00-04:00,6.654036476561872,7.139949491761741,6.535037428699886,6.663952827453613,10900,0.0,0.0
2011-10-20 00:00:00-04:00,6.663953046147544,6.921784797836744,6.663953046147544,6.723453044891357,5100,0.0,0.0
2011-10-21 00:00:00-04:00,6.792869049150082,7.189533035326335,6.763119522081482,6.802785873413086,6100,0.0,0.0
2011-10-24 00:00:00-04:00,6.921784530351528,7.070533575742413,6.782952308654785,6.782952308654785,6800,0.0,0.0
2011-10-25 00:00:00-04:00,6.604453684616968,6.8920349699743895,6.604453684616968,6.7928690910339355,6400,0.0,0.0
2011-10-26 00:00:00-04:00,6.7928690004436385,7.387864739011657,6.683786298633771,6.9217848777771,14500,0.0,0.0
2011-10-27 00:00:00-04:00,7.139949756843034,7.774612314723456,6.99120117792313,7.149866580963135,10000,0.0,0.0
2011-10-28 00:00:00-04:00,7.18953284992976,7.18953284992976,6.287122671115908,6.951534748077393,3800,0.0,0.0
2011-10-31 00:00:00-04:00,7.437447586310319,7.437447586310319,6.506279019886297,6.773035526275635,9200,0.0,0.0
2011-11-01 00:00:00-04:00,6.21770629059487,6.594537089506121,6.197873115539551,6.197873115539551,8400,0.0,0.0
2011-11-02 00:00:00-04:00,6.50528738357822,6.544953732580634,5.702043106989068,6.237539291381836,5500,0.0,0.0
2011-11-03 00:00:00-04:00,6.802785431862264,6.802785431862264,6.346621948296971,6.465620994567871,10500,0.0,0.0
2011-11-04 00:00:00-04:00,6.535037604804589,6.733369356585832,6.49537125444834,6.515204429626465,1500,0.0,0.0
2011-11-07 00:00:00-05:00,6.57470386660666,6.57470386660666,6.237539420259593,6.3168721199035645,2600,0.0,0.0
2011-11-08 00:00:00-05:00,6.396204731969905,6.396204731969905,5.999541239181215,6.118540287017822,2500,0.0,0.0
2011-11-09 00:00:00-05:00,6.138373417556619,6.138373417556619,5.821042152745325,6.019374370574951,3600,0.0,0.0
2011-11-10 00:00:00-05:00,6.267289248131077,6.267289248131077,5.999541157704759,6.247456073760986,4200,0.0,0.0
2011-11-11 00:00:00-05:00,6.346622033154983,6.753202349780194,6.3069556838676535,6.663952827453613,4800,0.0,0.0
2011-11-14 00:00:00-05:00,6.396204777585697,6.435871127147454,6.2474562031592,6.326788902282715,5400,0.0,0.0
2011-11-15 00:00:00-05:00,6.029290806645498,6.217706203460693,5.999541280909523,6.217706203460693,1000,0.0,0.0
2011-11-16 00:00:00-05:00,6.287122827063952,8.924937552324632,6.287122827063952,7.883694648742676,55400,0.0,0.0
2011-11-17 00:00:00-05:00,7.9927775853084295,7.9927775853084295,6.544953914939579,6.8503851890563965,30800,0.0,0.0
2011-11-18 00:00:00-05:00,6.991201263679035,7.130033493041992,6.737336331984933,7.130033493041992,9000,0.0,0.0
2011-11-21 00:00:00-05:00,7.040783573719247,7.040783573719247,6.445787865337089,6.455704689025879,4400,0.0,0.0
2011-11-22 00:00:00-05:00,6.505287636825415,7.090367016678101,6.505287636825415,6.941617965698242,6500,0.0,0.0
2011-11-23 00:00:00-05:00,6.862285004960718,6.862285004960718,6.445787867119954,6.619328498840332,7700,0.0,0.0
2011-11-25 00:00:00-05:00,6.812702050089566,7.100283326298166,6.604453474509519,6.842452049255371,12100,0.0,0.0
2011-11-28 00:00:00-05:00,7.318448767078745,7.763703859221738,6.951534788176418,7.050700664520264,9800,0.0,0.0
2011-11-29 00:00:00-05:00,7.159782673384426,7.3680312437759845,6.614370133721921,7.318448543548584,9000,0.0,0.0
2011-11-30 00:00:00-05:00,7.3184488579991225,7.338282033514288,6.862285348290112,7.030867576599121,8100,0.0,0.0
2011-12-01 00:00:00-05:00,7.040783758375874,7.040783758375874,6.693702958788508,6.7432861328125,3700,0.0,0.0
2011-12-02 00:00:00-05:00,6.9416179250410615,7.040783800826752,6.842452049255371,6.842452049255371,3700,0.0,0.0
2011-12-05 00:00:00-05:00,7.020950618081952,7.913444444909022,6.96145109267484,7.278782367706299,11700,0.0,0.0
2011-12-06 00:00:00-05:00,7.249032535881591,7.456289528192352,7.141933482248963,7.348198413848877,4500,0.0,0.0
2011-12-07 00:00:00-05:00,7.139949820577482,7.923360964370893,6.8622853627789135,7.675446033477783,22600,0.0,0.0
2011-12-08 00:00:00-05:00,7.7845287781606105,8.130618473748202,7.536613845907978,7.7746124267578125,25400,0.0,0.0
2011-12-09 00:00:00-05:00,7.665529422104767,7.917411168709215,7.487030848146302,7.844027996063232,2300,0.0,0.0
2011-12-12 00:00:00-05:00,7.764695426060674,7.784528601275816,7.487030973048703,7.489014148712158,3000,0.0,0.0
2011-12-13 00:00:00-05:00,7.496947474840704,7.834111933131966,7.239116191864014,7.239116191864014,9400,0.0,0.0
2011-12-14 00:00:00-05:00,7.04078400836812,7.1895330628614325,6.709569547906521,6.7422943115234375,5000,0.0,0.0
2011-12-15 00:00:00-05:00,6.792868788162081,6.792868788162081,6.753202438354492,6.753202438354492,600,0.0,0.0
2011-12-16 00:00:00-05:00,6.445787994007626,6.792868791420614,6.445787994007626,6.535037517547607,2100,0.0,0.0
2011-12-19 00:00:00-05:00,6.445787816832635,6.7522106681797425,6.247456073151086,6.35653829574585,8700,0.0,0.0
2011-12-20 00:00:00-05:00,6.663952873963031,7.001117318118665,6.663952873963031,6.763119220733643,2100,0.0,0.0
2011-12-21 00:00:00-05:00,6.544953741457333,6.782952308654785,6.544953741457333,6.782952308654785,1800,0.0,0.0
2011-12-22 00:00:00-05:00,6.892034532129279,7.2490321464953675,6.693702786848219,6.782952308654785,8100,0.0,0.0
2011-12-23 00:00:00-05:00,6.713536174303876,7.019959037840787,6.713536174303876,6.842452049255371,5900,0.0,0.0
2011-12-27 00:00:00-05:00,6.564787143913757,7.44736462320787,6.564787143913757,7.109208583831787,12600,0.0,0.0
2011-12-28 00:00:00-05:00,6.822618700759101,7.36803124015345,6.822618700759101,7.100283145904541,4600,0.0,0.0
2011-12-29 00:00:00-05:00,7.02095081235361,7.298615744796727,6.901951758246649,7.178624629974365,4200,0.0,0.0
2011-12-30 00:00:00-05:00,7.011034315584896,7.387864645777622,6.792868914718383,6.941617965698242,17700,0.0,0.0
2012-01-03 00:00:00-05:00,7.358115022047967,7.586196771106549,7.23911597198093,7.3977813720703125,13600,0.0,0.0
2012-01-04 00:00:00-05:00,7.298615325310361,7.834111510874363,7.2589489762211885,7.491988658905029,12600,0.0,0.0
2012-01-05 00:00:00-05:00,7.2589491925705945,7.437447768791931,7.189532843165533,7.278782367706299,5600,0.0,0.0
2012-01-06 00:00:00-05:00,7.407697858660018,7.427531034034013,7.210357692759739,7.258949279785156,8200,0.0,0.0
2012-01-09 00:00:00-05:00,7.268865413383552,7.268865413383552,6.951534616901768,7.090366840362549,3500,0.0,0.0
2012-01-10 00:00:00-05:00,7.159782968561221,7.834111880624079,7.040783915677259,7.358115196228027,11600,0.0,0.0
2012-01-11 00:00:00-05:00,7.417614514763727,7.6754457887856296,7.040783718333064,7.187549591064453,6300,0.0,0.0
2012-01-12 00:00:00-05:00,7.405714779793547,7.487031130892092,7.020950794219971,7.020950794219971,8500,0.0,0.0
2012-01-13 00:00:00-05:00,7.110199971435587,7.2093658447265625,7.110199971435587,7.2093658447265625,600,0.0,0.0
2012-01-17 00:00:00-05:00,7.3680315017700195,7.3680315017700195,7.3680315017700195,7.3680315017700195,100,0.0,0.0
2012-01-18 00:00:00-05:00,7.417614501487031,7.417614501487031,7.333323389992618,7.407697677612305,2900,0.0,0.0
2012-01-19 00:00:00-05:00,7.397781287016024,7.397781287016024,7.139949541974948,7.19944953918457,1100,0.0,0.0
2012-01-20 00:00:00-05:00,7.169699645901112,7.169699645901112,6.9118678970725425,7.012025833129883,7900,0.0,0.0
2012-01-23 00:00:00-05:00,7.1498664483382015,7.1796159744262695,7.011034223253436,7.1796159744262695,1000,0.0,0.0
2012-01-24 00:00:00-05:00,7.169699581907951,7.190524344621266,6.961451009054427,7.18953275680542,2400,0.0,0.0
2012-01-25 00:00:00-05:00,7.040783834984977,7.239116060378758,7.040783834984977,7.159782886505127,3800,0.0,0.0
2012-01-26 00:00:00-05:00,7.139949759072075,7.139949759072075,7.040783882141113,7.040783882141113,3000,0.0,0.0
2012-01-27 00:00:00-05:00,7.011034394290426,7.368031553217483,7.011034394290426,7.139949798583984,3000,0.0,0.0
2012-01-30 00:00:00-05:00,7.159782984060226,7.159782984060226,6.723453122541161,6.9217848777771,5200,0.0,0.0
2012-01-31 00:00:00-05:00,7.10028340829969,7.10028340829969,6.9614511805963435,7.040783882141113,400,0.0,0.0
2012-02-01 00:00:00-05:00,6.941617965698242,6.941617965698242,6.941617965698242,6.941617965698242,300,0.0,0.0
2012-02-02 00:00:00-05:00,6.89203470436742,7.070533752441406,6.89203470436742,7.070533752441406,300,0.0,0.0
2012-02-03 00:00:00-05:00,7.011034050642744,7.011034050642744,6.743285958141093,6.892034530639648,2100,0.0,0.0
2012-02-06 00:00:00-05:00,6.832535312609494,6.941618013798614,6.8226189613342285,6.8226189613342285,2300,0.0,0.0
2012-02-07 00:00:00-05:00,6.892034878061607,6.931701229108795,6.842452175682724,6.9217848777771,1700,0.0,0.0
2012-02-08 00:00:00-05:00,6.901951397924791,6.901951397924791,6.287122510942915,6.773035526275635,12100,0.0,0.0
2012-02-09 00:00:00-05:00,6.7432861754492865,6.7432861754492865,6.624286651611328,6.624286651611328,1700,0.0,0.0
2012-02-10 00:00:00-05:00,6.644119998968529,6.6937031745910645,6.644119998968529,6.6937031745910645,800,0.0,0.0
2012-02-13 00:00:00-05:00,6.703619769835753,7.933277565518179,6.445788021983521,7.83411169052124,84800,0.0,0.0
2012-02-14 00:00:00-05:00,8.280358656542345,8.349774531094798,7.764695172094513,7.982860565185547,32800,0.0,0.0
2012-02-15 00:00:00-05:00,8.012610564678235,8.131609619117565,6.981284480483623,7.120116710662842,10100,0.0,0.0
2012-02-16 00:00:00-05:00,7.120116599085452,7.536613755956504,7.040783897369099,7.416623115539551,10000,0.0,0.0
2012-02-17 00:00:00-05:00,7.5068641382118875,8.87535417194454,7.139949687932799,8.250608444213867,79700,0.0,0.0
2012-02-21 00:00:00-05:00,8.89518786080114,10.412426951838796,8.89518786080114,10.19426155090332,102900,0.0,0.0
2012-02-22 00:00:00-05:00,10.164511858514773,10.511593129532697,9.689506774532584,10.015763282775879,36700,0.0,0.0
2012-02-23 00:00:00-05:00,10.114929124515584,10.115921185237676,9.718265608150432,9.916597366333008,21700,0.0,0.0
2012-02-24 00:00:00-05:00,9.916597154405382,11.156171798706055,9.787681277911664,11.156171798706055,79700,0.0,0.0
2012-02-27 00:00:00-05:00,10.908256986963563,11.384253201539812,10.293428070275702,10.372760772705078,51600,0.0,0.0
2012-02-28 00:00:00-05:00,10.194261105405435,10.620675064571849,9.381100481618647,9.420766830444336,37900,0.0,0.0
2012-02-29 00:00:00-05:00,9.470350793475328,9.915605430711716,9.410850792409658,9.620091438293457,22300,0.0,0.0
2012-03-01 00:00:00-05:00,9.708348011202188,9.797597531711803,8.954686444365816,9.658764839172363,28000,0.0,0.0
2012-03-02 00:00:00-05:00,9.529849226702561,9.529849226702561,8.97452033303743,9.162935256958008,12000,0.0,0.0
2012-03-05 00:00:00-05:00,9.143102631015262,9.153018509194252,8.478690561283544,8.656197547912598,23200,0.0,0.0
2012-03-06 00:00:00-05:00,8.320025706737747,8.320025706737747,7.635779944389117,8.046327590942383,22500,0.0,0.0
2012-03-07 00:00:00-05:00,7.933278024519525,8.924937777584466,7.933278024519525,8.805938720703125,11000,0.0,0.0
2012-03-08 00:00:00-05:00,8.984437714284107,9.410850761946076,8.924937713411044,9.036004066467285,31000,0.0,0.0
2012-03-09 00:00:00-05:00,9.172852355935706,9.172852355935706,8.617522499891813,8.667105674743652,10800,0.0,0.0
2012-03-12 00:00:00-04:00,8.379523894674639,8.677021980285645,8.32994072278608,8.677021980285645,5300,0.0,0.0
2012-03-13 00:00:00-04:00,8.518357442871354,8.895188263085549,8.369607912257088,8.587773323059082,10700,0.0,0.0
2012-03-14 00:00:00-04:00,8.508440375384263,8.60661466558361,7.853945107388613,8.210942268371582,11900,0.0,0.0
2012-03-15 00:00:00-04:00,8.09194278717041,8.409273580166783,8.022526912632545,8.09194278717041,5500,0.0,0.0
2012-03-16 00:00:00-04:00,8.136567815471857,8.359691627703235,8.03244400024414,8.03244400024414,5400,0.0,0.0
2012-03-19 00:00:00-04:00,8.478691007502096,8.63339006388044,8.310108775222139,8.607606887817383,8400,0.0,0.0
2012-03-20 00:00:00-04:00,8.419191113297865,8.429107937844705,8.260525703430176,8.260525703430176,4000,0.0,0.0
2012-03-21 00:00:00-04:00,8.4390244113487,8.4390244113487,8.230775833129883,8.230775833129883,3200,0.0,0.0
2012-03-22 00:00:00-04:00,8.042359957459313,8.4786907621656,7.794445501283796,8.230775833129883,8400,0.0,0.0
2012-03-23 00:00:00-04:00,8.12169265909311,8.528273937116824,8.12169265909311,8.230775833129883,7800,0.0,0.0
2012-03-26 00:00:00-04:00,8.07211051937425,8.250608627169466,7.977902580494291,8.101860046386719,2100,0.0,0.0
2012-03-27 00:00:00-04:00,7.982860482157578,8.111776351928711,7.982860482157578,8.111776351928711,3600,0.0,0.0
2012-03-28 00:00:00-04:00,8.062193089303902,8.062193089303902,7.883694049201419,8.022526741027832,7200,0.0,0.0
2012-03-29 00:00:00-04:00,7.893611391891623,7.893611391891623,7.71511281290882,7.794445514678955,2200,0.0,0.0
2012-03-30 00:00:00-04:00,7.705195646167426,7.873777866363525,7.6853624716067195,7.873777866363525,1800,0.0,0.0
2012-04-02 00:00:00-04:00,7.923360733561444,8.181192481152474,7.923360733561444,8.161358833312988,3900,0.0,0.0
2012-04-03 00:00:00-04:00,8.121692314290454,8.121692314290454,7.933277392339353,7.982860565185547,1000,0.0,0.0
2012-04-04 00:00:00-04:00,7.863861346199762,7.98286087101759,7.794445468987911,7.804361820220947,10200,0.0,0.0
2012-04-05 00:00:00-04:00,7.635779704904985,7.883694636529955,7.635779704904985,7.833120346069336,800,0.0,0.0
2012-04-09 00:00:00-04:00,7.6060301523591685,7.963027312240442,7.417614748213951,7.784528732299805,8600,0.0,0.0
2012-04-10 00:00:00-04:00,7.784528562635559,7.784528562635559,7.586196811468615,7.715112686157227,3700,0.0,0.0
2012-04-11 00:00:00-04:00,7.863861128764917,8.181192398071289,7.387864461235453,8.181192398071289,16700,0.0,0.0
2012-04-12 00:00:00-04:00,7.8737780405200155,7.883694391589614,7.734945815524301,7.83411169052124,1800,0.0,0.0
2012-04-13 00:00:00-04:00,7.86386148082382,7.86386148082382,7.7746124267578125,7.7746124267578125,800,0.0,0.0
2012-04-16 00:00:00-04:00,7.695279600250555,7.695279600250555,7.001117517398564,7.5861968994140625,20200,0.0,0.0
2012-04-17 00:00:00-04:00,7.506864111741956,7.685362687809804,7.288698712576615,7.606029987335205,6800,0.0,0.0
2012-04-18 00:00:00-04:00,7.52669720292259,7.675445778223517,7.030867357625665,7.18953275680542,8800,0.0,0.0
2012-04-19 00:00:00-04:00,7.050700832003336,7.278782589442157,7.050700832003336,7.120116710662842,1200,0.0,0.0
2012-04-20 00:00:00-04:00,7.10028340829969,7.10028340829969,6.777002602218734,7.040783882141113,3400,0.0,0.0
2012-04-23 00:00:00-04:00,6.782952307915911,6.95351770341108,6.782952307915911,6.837493419647217,1800,0.0,0.0
2012-04-24 00:00:00-04:00,6.8424519780409225,7.0308673765028535,6.703619753385885,6.858318328857422,5200,0.0,0.0
2012-04-25 00:00:00-04:00,6.852368228443526,7.139949497435268,6.713536005827557,6.991200923919678,10000,0.0,0.0
2012-04-26 00:00:00-04:00,6.8523681864317565,7.804361509967826,6.782952311979451,7.110199928283691,12600,0.0,0.0
2012-04-27 00:00:00-04:00,7.189532933967657,7.189532933967657,6.991201180105732,7.040783882141113,2500,0.0,0.0
2012-04-30 00:00:00-04:00,7.030867357625665,7.377948154761475,7.020950533746835,7.18953275680542,2000,0.0,0.0
2012-05-01 00:00:00-04:00,7.338282108306885,7.4076979868873565,6.992192884680734,7.338282108306885,3400,0.0,0.0
2012-05-02 00:00:00-04:00,7.288698719712683,7.457280944816355,6.9713679175036,7.169699668884277,5600,0.0,0.0
2012-05-03 00:00:00-04:00,7.268865585327148,7.268865585327148,7.268865585327148,7.268865585327148,300,0.0,0.0
2012-05-04 00:00:00-04:00,7.229199107051868,7.298615455627441,7.060616883982755,7.298615455627441,2200,0.0,0.0
2012-05-07 00:00:00-04:00,7.110200098143585,7.417614547254008,7.110200098143585,7.288698673248291,600,0.0,0.0
2012-05-08 00:00:00-04:00,7.080450232913498,7.139949759072075,6.743286251348227,7.040783882141113,16800,0.0,0.0
2012-05-09 00:00:00-04:00,6.832535382495077,7.239116191864014,6.782952679891201,7.239116191864014,2700,0.0,0.0
2012-05-10 00:00:00-04:00,7.288698714077493,7.397781413682626,6.852368388517155,7.387864589691162,1400,0.0,0.0
2012-05-11 00:00:00-04:00,7.189532931723136,7.229199282483138,6.941618003043028,7.149866580963135,5500,0.0,0.0
2012-05-14 00:00:00-04:00,6.9713679242068665,6.9713679242068665,6.743286173469681,6.842452049255371,1800,0.0,0.0
2012-05-15 00:00:00-04:00,6.812702102808372,6.842452102204391,5.672293340297607,6.396204948425293,8800,0.0,0.0
2012-05-16 00:00:00-04:00,6.386288336570978,6.386288336570978,5.9995411973673525,6.237539291381836,6100,0.0,0.0
2012-05-17 00:00:00-04:00,6.30695558984925,6.30695558984925,6.029290676116943,6.029290676116943,6000,0.0,0.0
2012-05-18 00:00:00-04:00,6.04912389316909,6.138373414795281,5.751626275848748,5.91029167175293,6700,0.0,0.0
2012-05-21 00:00:00-04:00,5.900375152140586,6.207790081837102,5.702043397039804,5.840875625610352,2800,0.0,0.0
2012-05-22 00:00:00-04:00,5.900375149251356,5.949958324432373,5.791292920429441,5.949958324432373,2800,0.0,0.0
2012-05-23 00:00:00-04:00,5.761542755571793,6.0094576786490315,5.384711959007945,5.771459579467773,8400,0.0,0.0
2012-05-24 00:00:00-04:00,5.781376115800979,5.781376115800979,5.404545307159424,5.404545307159424,10300,0.0,0.0
2012-05-25 00:00:00-04:00,5.473961603130404,6.02929098630477,5.473961603130404,5.850792407989502,19000,0.0,0.0
2012-05-29 00:00:00-04:00,5.979708266902412,6.663953051548672,5.949958267506393,6.396204948425293,7500,0.0,0.0
2012-05-30 00:00:00-04:00,6.356538500035297,6.495371197934428,5.959874999924039,5.9836745262146,8900,0.0,0.0
2012-05-31 00:00:00-04:00,5.98169146221601,5.98169146221601,5.702043358416011,5.7417097091674805,2900,0.0,0.0
2012-06-01 00:00:00-04:00,5.602877579043905,5.692126633357807,5.444211700416574,5.503711700439453,10000,0.0,0.0
2012-06-04 00:00:00-04:00,5.573127579032465,5.5929607547533555,5.354962646102671,5.503711700439453,3500,0.0,0.0
2012-06-05 00:00:00-04:00,5.513628089105477,5.602877616882324,5.464045385898504,5.602877616882324,3000,0.0,0.0
2012-06-06 00:00:00-04:00,5.702043478458482,5.98962476389105,5.702043478458482,5.9301252365112305,1200,0.0,0.0
2012-06-07 00:00:00-04:00,6.049124201934205,6.297039132118888,5.949958324432373,5.949958324432373,4800,0.0,0.0
2012-06-08 00:00:00-04:00,5.910291800912859,6.148289899970197,5.910291800912859,6.09870719909668,9500,0.0,0.0
2012-06-11 00:00:00-04:00,6.138373767631536,6.346622348156078,5.949958362735035,6.049124240875244,5000,0.0,0.0
2012-06-12 00:00:00-04:00,6.128456766415839,6.267289464663263,6.128456766415839,6.197873115539551,700,0.0,0.0
2012-06-13 00:00:00-04:00,6.1383736305026115,6.316872207167398,6.1383736305026115,6.297039031982422,500,0.0,0.0
2012-06-14 00:00:00-04:00,6.2573726407055075,6.4358712162033775,6.178039940484232,6.197873115539551,2400,0.0,0.0
2012-06-15 00:00:00-04:00,6.148289853643429,6.435871124267578,5.850792232063371,6.435871124267578,2700,0.0,0.0
2012-06-18 00:00:00-04:00,6.297038990816145,6.297038990816145,6.197873115539551,6.197873115539551,500,0.0,0.0
2012-06-19 00:00:00-04:00,6.247456203873219,6.247456203873219,5.999541282653809,5.999541282653809,700,0.0,0.0
2012-06-20 00:00:00-04:00,5.920208239172502,6.049124114491449,5.860708713531494,5.860708713531494,2100,0.0,0.0
2012-06-21 00:00:00-04:00,5.850792367705671,5.850792367705671,5.702043317037013,5.751626491546631,4300,0.0,0.0
2012-06-22 00:00:00-04:00,5.751626672223666,6.039207958548828,5.4541285615409825,5.602877616882324,4800,0.0,0.0
2012-06-25 00:00:00-04:00,5.483878390831257,6.039207770318187,5.483878390831257,5.642543792724609,2200,0.0,0.0
2012-06-26 00:00:00-04:00,5.55329444081514,5.602877616882324,5.54337808931783,5.602877616882324,1500,0.0,0.0
2012-06-27 00:00:00-04:00,5.761542711334987,5.890458583831787,5.73179318559584,5.890458583831787,3100,0.0,0.0
2012-06-28 00:00:00-04:00,5.702043056488037,5.702043056488037,5.702043056488037,5.702043056488037,300,0.0,0.0
2012-06-29 00:00:00-04:00,5.8012090608939735,6.097715567636615,5.8012090608939735,5.890458583831787,2200,0.0,0.0
2012-07-02 00:00:00-04:00,6.098707246218486,6.098707246218486,5.761542797088623,5.761542797088623,900,0.0,0.0
2012-07-03 00:00:00-04:00,6.078874065207638,6.673869789727396,6.059040890152319,6.197873115539551,16800,0.0,0.0
2012-07-05 00:00:00-04:00,6.078874198745399,6.495371356916695,5.969791497114773,6.0590410232543945,3100,0.0,0.0
2012-07-06 00:00:00-04:00,6.1482898992927355,6.1482898992927355,5.880541801452637,5.880541801452637,1300,0.0,0.0
2012-07-09 00:00:00-04:00,5.880541670845969,5.99954119057874,5.741709449494612,5.801208972930908,3500,0.0,0.0
2012-07-10 00:00:00-04:00,5.930125113956535,5.930125113956535,5.543377957550296,5.632627010345459,4000,0.0,0.0
2012-07-11 00:00:00-04:00,5.741709449494612,6.33670515671775,5.7218762750158465,5.801208972930908,19000,0.0,0.0
2012-07-12 00:00:00-04:00,5.9400413268649315,6.09870719909668,5.9400413268649315,6.09870719909668,1600,0.0,0.0
2012-07-13 00:00:00-04:00,6.078874065207638,6.634203439616758,6.078874065207638,6.197873115539551,15400,0.0,0.0
2012-07-16 00:00:00-04:00,6.138373421424624,6.445787862751069,6.138373421424624,6.346621990203857,2700,0.0,0.0
2012-07-17 00:00:00-04:00,6.406121599661265,6.941617791459311,6.366455250110313,6.5449538230896,7900,0.0,0.0
2012-07-18 00:00:00-04:00,6.336705204024204,6.465621075528684,5.741709492359146,5.900374889373779,14700,0.0,0.0
2012-07-19 00:00:00-04:00,5.85079247880619,6.051107883453369,5.85079247880619,6.051107883453369,7600,0.0,0.0
2012-07-20 00:00:00-04:00,6.059041068753046,6.059041068753046,5.940041542053223,5.940041542053223,2000,0.0,0.0
2012-07-23 00:00:00-04:00,5.860708461049339,6.138373374938965,5.7516262385035715,6.138373374938965,7000,0.0,0.0
2012-07-24 00:00:00-04:00,6.098707377115224,6.098707377115224,5.692126570067407,5.949958324432373,2000,0.0,0.0
2012-07-25 00:00:00-04:00,5.949958022125708,6.197872939714279,5.949958022125708,6.1284565925598145,4600,0.0,0.0
2012-07-26 00:00:00-04:00,6.0392077150970005,6.247456289607944,6.0392077150970005,6.197873115539551,2600,0.0,0.0
2012-07-27 00:00:00-04:00,6.2573726407055075,6.297038990816145,6.197873115539551,6.197873115539551,1100,0.0,0.0
2012-07-30 00:00:00-04:00,6.138373461437464,6.336705207824707,6.138373461437464,6.336705207824707,500,0.0,0.0
2012-07-31 00:00:00-04:00,5.751626491546631,5.751626491546631,5.751626491546631,5.751626491546631,2000,0.0,0.0
2012-08-01 00:00:00-04:00,5.7912929577107,6.098707416375452,5.7912929577107,6.049124240875244,5100,0.0,0.0
2012-08-02 00:00:00-04:00,6.148289810628524,6.297038856807963,5.949958064296062,6.009457588195801,11200,0.0,0.0
2012-08-03 00:00:00-04:00,6.207789808268492,6.257372508428546,6.158206635248256,6.173081398010254,1100,0.0,0.0
2012-08-06 00:00:00-04:00,6.197872939714279,6.197872939714279,6.03920754377285,6.1284565925598145,3600,0.0,0.0
2012-08-07 00:00:00-04:00,6.178039935860722,6.74328613380458,6.178039935860722,6.4160380363464355,11000,0.0,0.0
2012-08-08 00:00:00-04:00,6.267289335130656,6.446779494742552,6.039207590278395,6.227622985839844,6900,0.0,0.0
2012-08-09 00:00:00-04:00,6.108623420042618,6.604453255380108,5.771459453558046,6.292080402374268,6700,0.0,0.0
2012-08-10 00:00:00-04:00,6.425954645810904,6.644119563974221,6.425954645810904,6.465620994567871,4200,0.0,0.0
2012-08-13 00:00:00-04:00,6.594537296206201,6.842452228598463,6.445788242198803,6.6937031745910645,1700,0.0,0.0
2012-08-14 00:00:00-04:00,6.6639527355329,6.6639527355329,6.247456073760986,6.247456073760986,2300,0.0,0.0
2012-08-15 00:00:00-04:00,6.336705438675489,6.416038140120534,5.940041458590063,5.959875106811523,12400,0.0,0.0
2012-08-16 00:00:00-04:00,6.039207674332345,6.334722122519931,6.039207674332345,6.09870719909668,2700,0.0,0.0
2012-08-17 00:00:00-04:00,6.0689572412498825,6.197873115539551,5.970782953797025,6.197873115539551,1600,0.0,0.0
2012-08-20 00:00:00-04:00,6.197873115539551,6.197873115539551,6.197873115539551,6.197873115539551,0,0.0,0.0
2012-08-21 00:00:00-04:00,6.187956291581796,6.197873115539551,6.187956291581796,6.197873115539551,900,0.0,0.0
2012-08-22 00:00:00-04:00,6.128456894300886,6.168123245239258,6.128456894300886,6.168123245239258,1200,0.0,0.0
2012-08-23 00:00:00-04:00,6.207789725020804,6.445787817461897,6.207789725020804,6.247456073760986,5800,0.0,0.0
2012-08-24 00:00:00-04:00,6.148290157318115,6.187956508821313,6.148290157318115,6.148290157318115,2100,0.0,0.0
2012-08-27 00:00:00-04:00,6.197873115539551,6.197873115539551,6.197873115539551,6.197873115539551,100,0.0,0.0
2012-08-28 00:00:00-04:00,6.2474562031592,6.445787950967987,6.237539379338668,6.326788902282715,2600,0.0,0.0
2012-08-29 00:00:00-04:00,6.237539441764309,6.237539441764309,6.149281978607178,6.149281978607178,500,0.0,0.0
2012-08-30 00:00:00-04:00,6.149281978607178,6.149281978607178,6.149281978607178,6.149281978607178,0,0.0,0.0
2012-08-31 00:00:00-04:00,6.148290079436038,6.148290079436038,5.949958324432373,5.949958324432373,3700,0.0,0.0
2012-09-04 00:00:00-04:00,6.009457788758364,6.16812319111971,5.963841438293457,5.963841438293457,1100,0.0,0.0
2012-09-05 00:00:00-04:00,5.949958191320896,6.088790416717529,5.949958191320896,6.088790416717529,800,0.0,0.0
2012-09-06 00:00:00-04:00,6.1086237677593695,6.1086237677593695,6.049124240875244,6.049124240875244,200,0.0,0.0
2012-09-07 00:00:00-04:00,6.19787316240731,6.19787316240731,6.078874111175537,6.078874111175537,1500,0.0,0.0
2012-09-10 00:00:00-04:00,6.078874111175537,6.078874111175537,6.078874111175537,6.078874111175537,0,0.0,0.0
2012-09-11 00:00:00-04:00,6.078873937738953,6.158206636296691,6.078873937738953,6.118540287017822,6200,0.0,0.0
2012-09-12 00:00:00-04:00,6.187956161825752,6.187956161825752,6.118540287017822,6.118540287017822,500,0.0,0.0
2012-09-13 00:00:00-04:00,6.148289990107703,6.544953967212114,6.068957289258859,6.404138565063477,16400,0.0,0.0
2012-09-14 00:00:00-04:00,6.465621037260511,6.878151350773018,6.346621990203857,6.346621990203857,9400,0.0,0.0
2012-09-17 00:00:00-04:00,6.445788111005511,7.189532893044609,6.445788111005511,6.941617965698242,24000,0.0,0.0
2012-09-18 00:00:00-04:00,7.050700666131499,7.635779573123988,6.941617965698242,6.941617965698242,12900,0.0,0.0
2012-09-19 00:00:00-04:00,6.84245191758193,6.84245191758193,6.366455250110313,6.5449538230896,4000,0.0,0.0
2012-09-20 00:00:00-04:00,6.237539300730501,7.00111722946167,6.237539300730501,7.00111722946167,8900,0.0,0.0
2012-09-21 00:00:00-04:00,7.060616883087206,7.229199106134937,6.8533598980628705,7.080450057983398,14200,0.0,0.0
2012-09-24 00:00:00-04:00,7.080450057983398,7.080450057983398,7.080450057983398,7.080450057983398,0,0.0,0.0
2012-09-25 00:00:00-04:00,6.941617791459311,6.941617791459311,6.465621123987694,6.5449538230896,3400,0.0,0.0
2012-09-26 00:00:00-04:00,6.614370487956882,6.641145251542851,6.366455554962158,6.366455554962158,2200,0.0,0.0
2012-09-27 00:00:00-04:00,6.5251206483141235,6.872201443315052,6.5251206483141235,6.5449538230896,6500,0.0,0.0
2012-09-28 00:00:00-04:00,6.594537258148193,6.594537258148193,6.594537258148193,6.594537258148193,800,0.0,0.0
2012-10-01 00:00:00-04:00,6.544953949038105,6.9118679258752564,6.544953949038105,6.842452049255371,1900,0.0,0.0
2012-10-02 00:00:00-04:00,6.6937029132189085,6.889059898795987,6.544953865019784,6.644119739532471,2700,0.0,0.0
2012-10-03 00:00:00-04:00,6.544953779591626,6.663952827453613,6.544953779591626,6.663952827453613,600,0.0,0.0
2012-10-04 00:00:00-04:00,6.644119610511082,6.792868655821666,5.9697912040593275,6.455704689025879,12900,0.0,0.0
2012-10-05 00:00:00-04:00,6.6342034339904785,6.644119785079632,6.495371208720987,6.6342034339904785,1500,0.0,0.0
2012-10-08 00:00:00-04:00,6.4160379063796045,6.4160379063796045,6.2474561583805395,6.336705207824707,5500,0.0,0.0
2012-10-09 00:00:00-04:00,6.247456073760986,6.287122422501168,6.128456554680263,6.247456073760986,4900,0.0,0.0
2012-10-10 00:00:00-04:00,6.118540542996394,6.168123245239258,6.04019942896408,6.168123245239258,5400,0.0,0.0
2012-10-11 00:00:00-04:00,6.178039898782459,6.306955772201946,6.078874024175235,6.09870719909668,3600,0.0,0.0
2012-10-12 00:00:00-04:00,6.098707029555215,6.247456073760986,6.098707029555215,6.247456073760986,4900,0.0,0.0
2012-10-15 00:00:00-04:00,6.247456329352508,6.406121730804443,6.207789978989523,6.406121730804443,1000,0.0,0.0
2012-10-16 00:00:00-04:00,6.31687194700954,6.35653829574585,6.31687194700954,6.35653829574585,700,0.0,0.0
2012-10-17 00:00:00-04:00,6.396204733605373,6.51520425433259,6.396204733605373,6.4457879066467285,1600,0.0,0.0
2012-10-18 00:00:00-04:00,6.376371732722327,6.376371732722327,6.297039031982422,6.297039031982422,1600,0.0,0.0
2012-10-19 00:00:00-04:00,6.168123201606896,6.346622252427097,6.168123201606896,6.28712272644043,700,0.0,0.0
2012-10-22 00:00:00-04:00,6.236547965785816,6.236547965785816,6.178040027618408,6.178040027618408,1000,0.0,0.0
2012-10-23 00:00:00-04:00,6.128456682314161,6.128456682314161,5.999541282653809,5.999541282653809,3000,0.0,0.0
2012-10-24 00:00:00-04:00,6.049123983181579,6.217706205268408,5.979708107870663,5.999541282653809,12700,0.0,0.0
2012-10-25 00:00:00-04:00,5.999541282653809,5.999541282653809,5.999541282653809,5.999541282653809,0,0.0,0.0
2012-10-26 00:00:00-04:00,6.108623685590883,6.108623685590883,5.959875106811523,5.959875106811523,1100,0.0,0.0
2012-10-31 00:00:00-04:00,5.90037510998031,5.920208285348673,5.791292881884413,5.850792407989502,1300,0.0,0.0
2012-11-01 00:00:00-04:00,5.850792407989502,5.850792407989502,5.850792407989502,5.850792407989502,0,0.0,0.0
2012-11-02 00:00:00-04:00,5.930125198397371,5.940041549800169,5.830959320068359,5.830959320068359,900,0.0,0.0
2012-11-05 00:00:00-05:00,5.8706254959106445,5.8706254959106445,5.8706254959106445,5.8706254959106445,300,0.0,0.0
2012-11-06 00:00:00-05:00,5.930125148932007,5.97574149986887,5.930125148932007,5.949958324432373,2800,0.0,0.0
2012-11-07 00:00:00-05:00,5.76154275529993,5.850792278918785,5.662376880645752,5.662376880645752,3700,0.0,0.0
2012-11-08 00:00:00-05:00,5.7020433131204475,5.915250301361084,5.7020433131204475,5.915250301361084,1100,0.0,0.0
2012-11-09 00:00:00-05:00,5.751626531147687,5.850792407989502,5.702043356296679,5.850792407989502,900,0.0,0.0
2012-11-12 00:00:00-05:00,5.781375972693993,5.781375972693993,5.652460098266602,5.652460098266602,2400,0.0,0.0
2012-11-13 00:00:00-05:00,5.642543663330307,5.642543663330307,5.563210964202881,5.563210964202881,1800,0.0,0.0
2012-11-14 00:00:00-05:00,5.464045262143702,5.553294315038942,5.464045262143702,5.523544788360596,3700,0.0,0.0
2012-11-15 00:00:00-05:00,5.427353416956518,5.473961353302002,5.4243781807139415,5.473961353302002,300,0.0,0.0
2012-11-16 00:00:00-05:00,5.414461874670452,5.7020431431940315,5.414461874670452,5.6822099685668945,2200,0.0,0.0
2012-11-19 00:00:00-05:00,5.692126232895174,5.74170940513914,5.4144617923374545,5.702043056488037,4600,0.0,0.0
2012-11-20 00:00:00-05:00,5.5037116485553,5.731793403625488,5.5037116485553,5.731793403625488,1400,0.0,0.0
2012-11-21 00:00:00-05:00,5.781375798452142,5.801208972930908,5.781375798452142,5.801208972930908,400,0.0,0.0
2012-11-23 00:00:00-05:00,5.672293054917137,5.672293054917137,5.493794486102113,5.592960357666016,1200,0.0,0.0
2012-11-26 00:00:00-05:00,5.662376880645752,5.662376880645752,5.662376880645752,5.662376880645752,200,0.0,0.0
2012-11-27 00:00:00-05:00,5.612793524476961,5.612793524476961,5.11696369445998,5.265712738037109,4000,0.0,0.0
2012-11-28 00:00:00-05:00,5.126880881529302,5.652460273809207,4.462468786542071,5.612793922424316,18000,0.0,0.0
2012-11-29 00:00:00-05:00,5.444211483279389,5.563211005718757,5.444211483279389,5.5532941818237305,800,0.0,0.0
2012-11-30 00:00:00-05:00,5.464044957640833,5.473961308360924,5.0177978265925,5.374795436859131,5500,0.0,0.0
2012-12-03 00:00:00-05:00,5.126880521674559,5.602877177743344,5.126880521674559,5.374795436859131,1500,0.0,0.0
2012-12-04 00:00:00-05:00,5.454128265380859,5.454128265380859,5.454128265380859,5.454128265380859,5300,0.0,0.0
2012-12-05 00:00:00-05:00,5.434295306940685,5.444211658294303,5.404545307159424,5.404545307159424,1300,0.0,0.0
2012-12-06 00:00:00-05:00,5.374795436859131,5.374795436859131,5.374795436859131,5.374795436859131,1300,0.0,0.0
2012-12-07 00:00:00-05:00,5.374795485240328,5.444211359486343,5.1070473933452645,5.253812789916992,7800,0.0,0.0
2012-12-10 00:00:00-05:00,5.104072234047965,5.454128265380859,5.104072234047965,5.454128265380859,3800,0.0,0.0
2012-12-11 00:00:00-05:00,5.23596355126629,5.404545307159424,5.23596355126629,5.404545307159424,600,0.0,0.0
2012-12-12 00:00:00-05:00,5.275629951349786,5.364879005801237,5.275629951349786,5.28554630279541,1500,0.0,0.0
2012-12-13 00:00:00-05:00,5.28554630279541,5.28554630279541,5.28554630279541,5.28554630279541,0,0.0,0.0
2012-12-14 00:00:00-05:00,5.186380386352539,5.186380386352539,5.186380386352539,5.186380386352539,300,0.0,0.0
2012-12-17 00:00:00-05:00,5.1367970840772115,5.166547083183806,5.1070475578308105,5.1070475578308105,1100,0.0,0.0
2012-12-18 00:00:00-05:00,5.087214469909668,5.087214469909668,5.087214469909668,5.087214469909668,300,0.0,0.0
2012-12-19 00:00:00-05:00,5.146713902762645,5.325212478637695,5.0872143774709615,5.325212478637695,1500,0.0,0.0
2012-12-20 00:00:00-05:00,5.156630039215088,5.156630039215088,5.156630039215088,5.156630039215088,300,0.0,0.0
2012-12-21 00:00:00-05:00,5.136796868746253,5.265712738037109,5.027714646601843,5.265712738037109,900,0.0,0.0
2012-12-24 00:00:00-05:00,5.226046608536802,5.226046608536802,5.1070475578308105,5.1070475578308105,3600,0.0,0.0
2012-12-26 00:00:00-05:00,5.206213211324149,5.206213211324149,5.156630039215088,5.156630039215088,800,0.0,0.0
2012-12-27 00:00:00-05:00,5.24587964914832,5.300420761108398,5.24587964914832,5.300420761108398,600,0.0,0.0
2012-12-28 00:00:00-05:00,5.275629876265688,6.2276232445070185,5.255796700796502,6.168123245239258,32700,0.0,0.0
2012-12-31 00:00:00-05:00,6.148290074171789,6.3862886528326115,5.911283556216307,6.384305477142334,5900,0.0,0.0
2013-01-02 00:00:00-05:00,6.39620473174088,6.842451870402452,6.128456637688011,6.336705207824707,15300,0.0,0.0
2013-01-03 00:00:00-05:00,6.158206981624019,6.178040157375618,6.148290157318115,6.148290157318115,1000,0.0,0.0
2013-01-04 00:00:00-05:00,6.287122768221726,6.287122768221726,6.247456417300344,6.277205944061279,2400,0.0,0.0
2013-01-07 00:00:00-05:00,6.049124201934205,6.049124201934205,5.949958324432373,5.949958324432373,4600,0.0,0.0
2013-01-08 00:00:00-05:00,6.009457850933472,6.039207850614124,5.949958324432373,5.949958324432373,800,0.0,0.0
2013-01-09 00:00:00-05:00,5.949958324432373,5.949958324432373,5.949958324432373,5.949958324432373,0,0.0,0.0
2013-01-10 00:00:00-05:00,5.830959271430174,5.949958324432373,5.82104244724989,5.949958324432373,5100,0.0,0.0
2013-01-11 00:00:00-05:00,5.850792446930541,5.949958324432373,5.830959271430174,5.949958324432373,1300,0.0,0.0
2013-01-14 00:00:00-05:00,5.949958324432373,5.949958324432373,5.949958324432373,5.949958324432373,0,0.0,0.0
2013-01-15 00:00:00-05:00,5.662376794034707,5.731793141660942,5.206213304742721,5.46404504776001,8700,0.0,0.0
2013-01-16 00:00:00-05:00,5.305379308239306,5.305379308239306,5.206213432665338,5.216130256652832,4500,0.0,0.0
2013-01-17 00:00:00-05:00,5.255796640518481,5.55329426914431,5.255796640518481,5.533461093902588,9300,0.0,0.0
2013-01-18 00:00:00-05:00,5.5136277050374085,5.583044052124023,5.5136277050374085,5.583044052124023,600,0.0,0.0
2013-01-22 00:00:00-05:00,5.583044137867215,5.583044137867215,5.325212392894503,5.454128265380859,5000,0.0,0.0
2013-01-23 00:00:00-05:00,5.602877314517593,5.672293189833302,5.156630172575729,5.235963344573975,4000,0.0,0.0
2013-01-24 00:00:00-05:00,5.315296082665374,5.632626881543183,5.315296082665374,5.5532941818237305,3200,0.0,0.0
2013-01-25 00:00:00-05:00,5.721876446433546,5.940041372235815,5.553294221883514,5.8706254959106445,7800,0.0,0.0
2013-01-28 00:00:00-05:00,5.830959323910226,5.830959323910226,5.702043445567468,5.721876621246338,5600,0.0,0.0
2013-01-29 00:00:00-05:00,6.009457711586578,6.42595486029677,5.8507923112627696,6.4160380363464355,11100,0.0,0.0
2013-01-30 00:00:00-05:00,6.425955055700309,6.9217849196498396,6.316872353230555,6.911868095397949,22400,0.0,0.0
2013-01-31 00:00:00-05:00,6.703619654927936,7.326381717522001,6.46760426176255,6.991200923919678,23100,0.0,0.0
2013-02-01 00:00:00-05:00,6.961451219120455,7.209366149249902,6.941618043624508,7.139949798583984,7700,0.0,0.0
2013-02-04 00:00:00-05:00,7.0903670779022505,7.239116130166533,6.227623236773694,6.495371341705322,12100,0.0,0.0
2013-02-05 00:00:00-05:00,6.713536262512207,6.7958442005688715,6.396204982968426,6.713536262512207,2100,0.0,0.0
2013-02-06 00:00:00-05:00,6.495371297838558,6.693703050944691,6.346622246578859,6.396204948425293,4800,0.0,0.0
2013-02-07 00:00:00-05:00,6.078873980019039,6.38628842549851,5.999541280909523,6.217706203460693,7500,0.0,0.0
2013-02-08 00:00:00-05:00,6.059041016588837,6.433888174814512,6.059041016588837,6.168123245239258,6300,0.0,0.0
2013-02-11 00:00:00-05:00,5.999541404207777,6.297039031982422,5.999541404207777,6.297039031982422,1500,0.0,0.0
2013-02-12 00:00:00-05:00,6.297039172655871,6.297039172655871,5.999541538235243,6.049124240875244,2600,0.0,0.0
2013-02-13 00:00:00-05:00,6.049124278560122,6.29703921188521,5.999541575611229,6.148290157318115,3000,0.0,0.0
2013-02-14 00:00:00-05:00,6.336705207824707,6.336705207824707,6.170106635431459,6.336705207824707,5000,0.0,0.0
2013-02-15 00:00:00-05:00,5.999541151025017,6.30695558984925,5.999541151025017,6.029290676116943,2600,0.0,0.0
2013-02-19 00:00:00-05:00,6.306955641184973,6.663952782354934,6.247456117656646,6.346621990203857,14500,0.0,0.0
2013-02-20 00:00:00-05:00,6.505287793707101,6.508263030142956,6.009457927056924,6.148290157318115,5700,0.0,0.0
2013-02-21 00:00:00-05:00,6.059041111111842,6.308939220494117,5.751626650113593,6.039207935333252,4800,0.0,0.0
2013-02-22 00:00:00-05:00,5.94995815010014,5.94995815010014,5.801209101775599,5.880541801452637,5700,0.0,0.0
2013-02-25 00:00:00-05:00,5.786334341894763,5.821042279806976,5.5532941818237305,5.5532941818237305,8700,0.0,0.0
2013-02-26 00:00:00-05:00,5.5532941818237305,5.563211005718757,5.5532941818237305,5.5532941818237305,2000,0.0,0.0
2013-02-27 00:00:00-05:00,5.5037115211177,5.779392796513899,5.5037115211177,5.761542797088623,4100,0.0,0.0
2013-02-28 00:00:00-05:00,5.630643527191811,5.630643527191811,5.374795436859131,5.374795436859131,9500,0.0,0.0
2013-03-01 00:00:00-05:00,5.315296260768989,5.501728016784571,5.255796733985704,5.2954630851745605,3400,0.0,0.0
2013-03-04 00:00:00-05:00,5.202246562905003,5.41446196034758,5.097130688431831,5.116963863372803,4400,0.0,0.0
2013-03-05 00:00:00-05:00,5.265712937690275,5.329179286956787,5.265712937690275,5.329179286956787,400,0.0,0.0
2013-03-06 00:00:00-05:00,5.176463599732294,5.28554630279541,5.057464545223554,5.28554630279541,800,0.0,0.0
2013-03-07 00:00:00-05:00,5.285546298640073,5.442228528811465,5.18638041996075,5.394629001617432,3900,0.0,0.0
2013-03-08 00:00:00-05:00,5.394629001617432,5.394629001617432,5.2657131229042085,5.394629001617432,2500,0.0,0.0
2013-03-11 00:00:00-04:00,5.226046759991529,5.642543922393088,5.226046759991529,5.612793922424316,3900,0.0,0.0
2013-03-12 00:00:00-04:00,5.6326270399926965,6.098707373245909,5.6326270399926965,5.788317680358887,2500,0.0,0.0
2013-03-13 00:00:00-04:00,5.850792231993843,5.940041282036708,5.404545090338781,5.672293186187744,6100,0.0,0.0
2013-03-14 00:00:00-04:00,5.583044451968924,6.118540673959029,5.464045396606726,5.707993507385254,9600,0.0,0.0
2013-03-15 00:00:00-04:00,5.900375249736488,5.920208425574619,5.672293491167872,5.711960315704346,3400,0.0,0.0
2013-03-18 00:00:00-04:00,5.672293273343108,5.751626446509329,5.652460098266602,5.652460098266602,2000,0.0,0.0
2013-03-19 00:00:00-04:00,5.652460098266602,5.652460098266602,5.652460098266602,5.652460098266602,0,0.0,0.0
2013-03-20 00:00:00-04:00,5.394628962087795,5.711960244396562,5.275629908544585,5.457103252410889,1900,0.0,0.0
2013-03-21 00:00:00-04:00,5.444211618678389,5.444211618678389,5.285546215293434,5.305379390716553,6500,0.0,0.0
2013-03-22 00:00:00-04:00,5.34207080424279,5.454128265380859,5.34207080424279,5.454128265380859,600,0.0,0.0
2013-03-25 00:00:00-04:00,5.364878866551046,5.900375070801307,5.364878866551046,5.642543792724609,7100,0.0,0.0
2013-03-26 00:00:00-04:00,5.612793747102315,6.217706296117078,5.46404517048541,5.8706254959106445,10500,0.0,0.0
2013-03-27 00:00:00-04:00,5.721876402729037,6.187956249813087,5.473961479780881,6.09870719909668,10500,0.0,0.0
2013-03-28 00:00:00-04:00,6.049124090512218,6.366455365533194,6.049124090512218,6.301005840301514,3900,0.0,0.0
2013-04-01 00:00:00-04:00,6.359513759613037,6.359513759613037,6.359513759613037,6.359513759613037,200,0.0,0.0
2013-04-02 00:00:00-04:00,6.40612164680917,6.505287521416395,5.892441801625501,6.09870719909668,6300,0.0,0.0
2013-04-03 00:00:00-04:00,5.979708284313962,5.979708284313962,5.682210180928316,5.850792407989502,1600,0.0,0.0
2013-04-04 00:00:00-04:00,5.642543721481733,5.65841007232666,5.48090308527065,5.65841007232666,2200,0.0,0.0
2013-04-05 00:00:00-04:00,5.592960779461274,5.821042537689209,5.503711724753098,5.821042537689209,1500,0.0,0.0
2013-04-08 00:00:00-04:00,5.821042537689209,5.821042537689209,5.821042537689209,5.821042537689209,0,0.0,0.0
2013-04-09 00:00:00-04:00,5.7218762750158465,5.801208972930908,5.519577706188369,5.801208972930908,800,0.0,0.0
2013-04-10 00:00:00-04:00,5.483878287067571,6.336705278967696,5.483878287067571,6.320838928222656,6600,0.0,0.0
2013-04-11 00:00:00-04:00,6.257372598129776,6.346622121701546,5.949958150433914,5.989624500274658,4500,0.0,0.0
2013-04-12 00:00:00-04:00,5.801208928115794,5.801208928115794,5.616760359602149,5.702043056488037,2000,0.0,0.0
2013-04-15 00:00:00-04:00,5.493794614936633,5.533460964492406,5.454128265380859,5.454128265380859,4900,0.0,0.0
2013-04-16 00:00:00-04:00,5.662376880645752,5.662376880645752,5.662376880645752,5.662376880645752,200,0.0,0.0
2013-04-17 00:00:00-04:00,5.662376880645752,5.662376880645752,5.662376880645752,5.662376880645752,0,0.0,0.0
2013-04-18 00:00:00-04:00,5.543378005745284,5.672293410428041,5.503711654633635,5.513628005981445,900,0.0,0.0
2013-04-19 00:00:00-04:00,5.622710754764795,5.622710754764795,5.454128524707123,5.503711700439453,800,0.0,0.0
2013-04-22 00:00:00-04:00,5.51362770388651,5.801208970119318,5.51362770388651,5.692126274108887,1300,0.0,0.0
2013-04-23 00:00:00-04:00,5.801209187890486,6.049124114491449,5.801209187890486,5.860708713531494,6600,0.0,0.0
2013-04-24 00:00:00-04:00,5.989624545838192,5.989624545838192,5.711960094840767,5.979708194732666,4900,0.0,0.0
2013-04-25 00:00:00-04:00,5.959875148612658,5.9697914999327395,5.949958324432373,5.949958324432373,900,0.0,0.0
2013-04-26 00:00:00-04:00,5.949958324432373,5.949958324432373,5.949958324432373,5.949958324432373,0,0.0,0.0
2013-04-29 00:00:00-04:00,5.969791412353516,5.969791412353516,5.969791412353516,5.969791412353516,200,0.0,0.0
2013-04-30 00:00:00-04:00,5.999541236286309,6.063998699188232,5.950949651084023,6.063998699188232,2000,0.0,0.0
2013-05-01 00:00:00-04:00,5.9499580810788455,5.950949668884277,5.9499580810788455,5.950949668884277,400,0.0,0.0
2013-05-02 00:00:00-04:00,5.717909812927246,5.717909812927246,5.717909812927246,5.717909812927246,100,0.0,0.0
2013-05-03 00:00:00-04:00,5.890458670481968,6.0401993077709335,5.62271057059007,5.979708194732666,4000,0.0,0.0
2013-05-06 00:00:00-04:00,5.920207977294922,5.920207977294922,5.920207977294922,5.920207977294922,100,0.0,0.0
2013-05-07 00:00:00-04:00,5.949958276747877,6.078874152897195,5.949958276747877,6.068957328796387,2000,0.0,0.0
2013-05-08 00:00:00-04:00,6.068957328796387,6.068957328796387,5.9608666886867265,6.068957328796387,900,0.0,0.0
2013-05-09 00:00:00-04:00,5.949958197274398,5.949958197274398,5.583044221928923,5.652460098266602,1400,0.0,0.0
2013-05-10 00:00:00-04:00,5.731793311072742,5.860708713531494,5.503711559685449,5.860708713531494,1700,0.0,0.0
2013-05-13 00:00:00-04:00,5.860708713531494,5.860708713531494,5.860708713531494,5.860708713531494,0,0.0,0.0
2013-05-14 00:00:00-04:00,5.553294120895492,5.730801105499268,5.553294120895492,5.730801105499268,1300,0.0,0.0
2013-05-15 00:00:00-04:00,5.602877616882324,5.602877616882324,5.602877616882324,5.602877616882324,200,0.0,0.0
2013-05-16 00:00:00-04:00,5.602877579043905,5.602877579043905,5.503711700439453,5.503711700439453,1300,0.0,0.0
2013-05-17 00:00:00-04:00,5.483878431400121,5.672293361112242,5.305379380089395,5.632627010345459,4600,0.0,0.0
2013-05-20 00:00:00-04:00,5.64254376453648,5.751626464223321,5.602877414261301,5.7030348777771,21200,0.0,0.0
2013-05-21 00:00:00-04:00,5.791292711000689,6.07887398178639,5.791292711000689,5.999541282653809,15500,0.0,0.0
2013-05-22 00:00:00-04:00,5.731793143487546,5.8408753675433,5.612793622824622,5.791292667388916,3700,0.0,0.0
2013-05-23 00:00:00-04:00,5.9400415879777615,5.9400415879777615,5.9301252365112305,5.9301252365112305,400,0.0,0.0
2013-05-24 00:00:00-04:00,5.940041414386171,5.940041414386171,5.761542837463148,5.860708713531494,5000,0.0,0.0
2013-05-28 00:00:00-04:00,5.91029197343164,5.949958324432373,5.91029197343164,5.949958324432373,1300,0.0,0.0
2013-05-29 00:00:00-04:00,5.75162661740515,5.8507924957341615,5.592960739218525,5.830959320068359,2000,0.0,0.0
2013-05-30 00:00:00-04:00,5.696093231010928,5.940041329957737,5.696093231010928,5.771459579467773,800,0.0,0.0
2013-05-31 00:00:00-04:00,5.731793445515876,5.771459796873616,5.503711688778769,5.721876621246338,2500,0.0,0.0
2013-06-03 00:00:00-04:00,5.692126319450372,5.771459490819103,5.473961398551864,5.6822099685668945,6200,0.0,0.0
2013-06-04 00:00:00-04:00,5.48387822238748,5.652459970290881,5.46404504776001,5.46404504776001,2900,0.0,0.0
2013-06-05 00:00:00-04:00,5.50371130624155,5.672293051364512,5.3549622625587725,5.374795436859131,2000,0.0,0.0
2013-06-06 00:00:00-04:00,5.404545218401297,5.672293320594641,5.3619041044186835,5.533461093902588,4300,0.0,0.0
2013-06-07 00:00:00-04:00,5.553294462029216,5.652460341682195,5.404545406119639,5.651468753814697,2300,0.0,0.0
2013-06-10 00:00:00-04:00,5.503711657856826,5.661385474547001,5.404545307159424,5.404545307159424,3000,0.0,0.0
2013-06-11 00:00:00-04:00,5.285546250659362,5.513628005981445,5.285546250659362,5.513628005981445,600,0.0,0.0
2013-06-12 00:00:00-04:00,5.384711781600476,5.622710345800701,5.384711781600476,5.485861301422119,6000,0.0,0.0
2013-06-13 00:00:00-04:00,5.454128224016184,5.48387822238748,5.454128224016184,5.46404504776001,1300,0.0,0.0
2013-06-14 00:00:00-04:00,5.652459927910079,5.801208972930908,5.652459927910079,5.801208972930908,1800,0.0,0.0
2013-06-17 00:00:00-04:00,5.791292577383106,5.850792100359761,5.702043056488037,5.702043056488037,1000,0.0,0.0
2013-06-18 00:00:00-04:00,5.702043056488037,5.702043056488037,5.652459884244071,5.702043056488037,2600,0.0,0.0
2013-06-19 00:00:00-04:00,5.702043056488037,5.702043056488037,5.702043056488037,5.702043056488037,0,0.0,0.0
2013-06-20 00:00:00-04:00,5.563210964202881,5.563210964202881,5.563210964202881,5.563210964202881,400,0.0,0.0
2013-06-21 00:00:00-04:00,5.523544742711826,5.55329426914431,5.464045216986659,5.533461093902588,1300,0.0,0.0
2013-06-24 00:00:00-04:00,5.533461093902588,5.533461093902588,5.533461093902588,5.533461093902588,0,0.0,0.0
2013-06-25 00:00:00-04:00,5.612793922424316,5.612793922424316,5.612793922424316,5.612793922424316,200,0.0,0.0
2013-06-26 00:00:00-04:00,5.74170940513914,5.74170940513914,5.553294012616314,5.702043056488037,1500,0.0,0.0
2013-06-27 00:00:00-04:00,5.721876572549882,5.87062562530557,5.6722933973445855,5.840875625610352,4500,0.0,0.0
2013-06-28 00:00:00-04:00,5.771459579467773,5.771459579467773,5.771459579467773,5.771459579467773,100,0.0,0.0
2013-07-01 00:00:00-04:00,5.7417097091674805,5.7417097091674805,5.7417097091674805,5.7417097091674805,300,0.0,0.0
2013-07-02 00:00:00-04:00,5.761542842732436,5.761542842732436,5.751626491546631,5.751626491546631,1400,0.0,0.0
2013-07-03 00:00:00-04:00,5.80120893171105,5.811125755310059,5.65245988774714,5.811125755310059,9700,0.0,0.0
2013-07-05 00:00:00-04:00,5.751626533285448,5.751626533285448,5.703034946255768,5.7417097091674805,8900,0.0,0.0
2013-07-08 00:00:00-04:00,5.811125977122663,5.870625502407308,5.434295177459717,5.434295177459717,9500,0.0,0.0
2013-07-09 00:00:00-04:00,5.51362774590024,5.51362774590024,5.1665469536152235,5.354962348937988,6700,0.0,0.0
2013-07-10 00:00:00-04:00,5.424378524695683,5.543378051881234,5.424378524695683,5.503711700439453,2500,0.0,0.0
2013-07-11 00:00:00-04:00,5.354962348937988,5.583044093501316,5.345045525197756,5.354962348937988,1000,0.0,0.0
2013-07-12 00:00:00-04:00,5.355954064905905,5.553294228029007,5.077297552891653,5.434295177459717,10000,0.0,0.0
2013-07-15 00:00:00-04:00,5.394628893310058,5.4640452434220235,5.25678825378418,5.25678825378418,11800,0.0,0.0
2013-07-16 00:00:00-04:00,5.41446209197381,5.43429526739693,5.305379390716553,5.305379390716553,1100,0.0,0.0
2013-07-17 00:00:00-04:00,5.354962303683733,5.3648786544799805,5.354962303683733,5.3648786544799805,700,0.0,0.0
2013-07-18 00:00:00-04:00,5.434295172425025,5.662376922234952,5.414461997348518,5.652460098266602,5200,0.0,0.0
2013-07-19 00:00:00-04:00,5.721876621246338,5.731793445515876,5.394628986114881,5.721876621246338,1800,0.0,0.0
2013-07-22 00:00:00-04:00,5.414461957038527,5.513627831682784,5.206213383855491,5.444211483001709,8500,0.0,0.0
2013-07-23 00:00:00-04:00,5.404544946159668,5.433303356170654,5.285545900703642,5.433303356170654,5300,0.0,0.0
2013-07-24 00:00:00-04:00,5.433303356170654,5.433303356170654,5.433303356170654,5.433303356170654,0,0.0,0.0
2013-07-25 00:00:00-04:00,5.305379474375937,5.394629001617432,5.245879947168344,5.394629001617432,1600,0.0,0.0
2013-07-26 00:00:00-04:00,5.394629001617432,5.394629001617432,5.394629001617432,5.394629001617432,0,0.0,0.0
2013-07-29 00:00:00-04:00,5.235963258038388,5.354962304778762,5.186380085466477,5.255796432495117,2700,0.0,0.0
2013-07-30 00:00:00-04:00,5.305379342192687,5.602877443678713,5.305379342192687,5.533461093902588,6500,0.0,0.0
2013-07-31 00:00:00-04:00,5.473961398643653,5.473961398643653,5.46404504776001,5.46404504776001,600,0.0,0.0
2013-08-01 00:00:00-04:00,5.592960573037081,5.702043272387965,5.553294222884067,5.652460098266602,9200,0.0,0.0
2013-08-02 00:00:00-04:00,5.741709582265633,5.751626406164421,5.483878308079606,5.60783576965332,6200,0.0,0.0
2013-08-05 00:00:00-04:00,5.493794807986486,5.5830443340532625,5.454128457036853,5.465036869049072,3800,0.0,0.0
2013-08-06 00:00:00-04:00,5.573127579032465,5.573127579032465,5.503711700439453,5.503711700439453,2800,0.0,0.0
2013-08-07 00:00:00-04:00,5.464044961367268,5.483878135681152,5.464044961367268,5.483878135681152,1400,0.0,0.0
2013-08-08 00:00:00-04:00,5.454128306896229,5.454128306896229,5.354962432251972,5.444211483001709,7400,0.0,0.0
2013-08-09 00:00:00-04:00,5.454128265380859,5.454128265380859,5.454128265380859,5.454128265380859,100,0.0,0.0
2013-08-12 00:00:00-04:00,5.454128524707123,5.543378051881234,5.454128524707123,5.503711700439453,4500,0.0,0.0
2013-08-13 00:00:00-04:00,5.523544888038441,5.65246029407135,5.404545360596989,5.554286003112793,19500,0.0,0.0
2013-08-14 00:00:00-04:00,6.396204680154046,6.693702770195705,5.751626273164084,5.801208972930908,38100,0.0,0.0
2013-08-15 00:00:00-04:00,5.801209101775599,6.049124024696438,5.801209101775599,5.880541801452637,7400,0.0,0.0
2013-08-16 00:00:00-04:00,5.949958150755748,6.148289899970197,5.949958150755748,6.09870719909668,5200,0.0,0.0
2013-08-19 00:00:00-04:00,6.277205884752351,7.04078384206475,6.148290009045793,6.941617965698242,30300,0.0,0.0
2013-08-20 00:00:00-04:00,7.139949903755629,7.278782607132475,6.495371454212573,6.7928690910339355,12900,0.0,0.0
2013-08-21 00:00:00-04:00,6.693702828019412,6.931700923820548,6.55487060546875,6.55487060546875,6800,0.0,0.0
2013-08-22 00:00:00-04:00,6.5945370246731185,6.595528612487107,6.44578797679053,6.593545436859131,3300,0.0,0.0
2013-08-23 00:00:00-04:00,6.396204914089739,6.458679676055908,6.276214275033681,6.458679676055908,4100,0.0,0.0
2013-08-26 00:00:00-04:00,6.458679676055908,6.458679676055908,6.458679676055908,6.458679676055908,0,0.0,0.0
2013-08-27 00:00:00-04:00,6.396204776926582,6.94161779263482,6.376371602147747,6.654036521911621,35100,0.0,0.0
2013-08-28 00:00:00-04:00,6.812702009013858,6.941617883188083,6.644119784764516,6.7432861328125,12200,0.0,0.0
2013-08-29 00:00:00-04:00,6.574704046112024,6.733369449731917,6.346622291978328,6.386288642883301,7000,0.0,0.0
2013-08-30 00:00:00-04:00,6.356538760890159,6.38232193674148,6.297039233431773,6.305964469909668,1800,0.0,0.0
2013-09-03 00:00:00-04:00,6.832535043253438,6.8821182162556696,6.743285993853676,6.829560279846191,4400,0.0,0.0
2013-09-04 00:00:00-04:00,6.822618914058435,7.1201165431579545,6.822618914058435,6.941617965698242,10300,0.0,0.0
2013-09-05 00:00:00-04:00,6.971368088055756,7.130033493041992,6.971368088055756,7.130033493041992,2200,0.0,0.0
2013-09-06 00:00:00-04:00,7.139949697039018,8.379524330056917,7.139949697039018,8.03244400024414,80600,0.0,0.0
2013-09-09 00:00:00-04:00,7.933277709453295,8.429107566294126,7.685362781032879,7.747837543487549,22800,0.0,0.0
2013-09-10 00:00:00-04:00,7.744861992264234,7.764695166817195,7.340264853095676,7.546530246734619,21900,0.0,0.0
2013-09-11 00:00:00-04:00,7.566363722086722,7.883694527549522,7.179616093638636,7.695279598236084,20800,0.0,0.0
2013-09-12 00:00:00-04:00,7.536613722644485,7.794445474943209,7.487031020721022,7.695279598236084,8200,0.0,0.0
2013-09-13 00:00:00-04:00,7.1102003511277445,7.437447986893422,7.1102003511277445,7.338282108306885,12600,0.0,0.0
2013-09-16 00:00:00-04:00,7.338281686770896,7.338281686770896,6.842451849460162,6.9426093101501465,22100,0.0,0.0
2013-09-17 00:00:00-04:00,6.624286739115133,6.8722016683570795,6.366455458590814,6.6044535636901855,21500,0.0,0.0
2013-09-18 00:00:00-04:00,6.604453382149012,6.743286079167657,6.604453382149012,6.700644493103027,5800,0.0,0.0
2013-09-19 00:00:00-04:00,6.62428678506186,6.62428678506186,6.4557050292106055,6.594537258148193,5800,0.0,0.0
2013-09-20 00:00:00-04:00,6.63420365142043,7.22919939493603,6.584620475769043,6.584620475769043,5300,0.0,0.0
2013-09-23 00:00:00-04:00,6.644119617354479,7.110199928283691,6.644119617354479,7.110199928283691,6200,0.0,0.0
2013-09-24 00:00:00-04:00,7.11020038122961,7.11020038122961,6.594537337536289,6.683786392211914,5700,0.0,0.0
2013-09-25 00:00:00-04:00,6.703619862418626,7.030867490858197,6.251422709611039,6.941617965698242,18300,0.0,0.0
2013-09-26 00:00:00-04:00,6.822618832962733,6.847410419974729,6.723452957774942,6.7432861328125,3000,0.0,0.0
2013-09-27 00:00:00-04:00,6.6342034339904785,6.6342034339904785,6.6342034339904785,6.6342034339904785,200,0.0,0.0
2013-09-30 00:00:00-04:00,6.386288595416862,6.554870821940102,6.178040018283471,6.5052876472473145,2200,0.0,0.0
2013-10-01 00:00:00-04:00,6.77303569977529,6.882118399569647,6.753202524618152,6.842452049255371,6800,0.0,0.0
2013-10-02 00:00:00-04:00,6.6342035467247,6.941618001475385,6.6342035467247,6.933684825897217,6200,0.0,0.0
2013-10-03 00:00:00-04:00,6.941617965698242,6.941617965698242,6.931701141631493,6.941617965698242,1600,0.0,0.0
2013-10-04 00:00:00-04:00,6.773035528068709,6.882118225097656,6.773035528068709,6.882118225097656,900,0.0,0.0
2013-10-07 00:00:00-04:00,6.77303564106309,6.77303564106309,6.690728177661538,6.692711353302002,3800,0.0,0.0
2013-10-08 00:00:00-04:00,6.683786320800221,6.8761685495912905,6.673869969435638,6.754194259643555,3000,0.0,0.0
2013-10-09 00:00:00-04:00,6.872201488198924,6.872201488198924,6.79286878857888,6.862285137176514,900,0.0,0.0
2013-10-10 00:00:00-04:00,6.673869739545496,6.981284187021536,6.673869739545496,6.971367835998535,13600,0.0,0.0
2013-10-11 00:00:00-04:00,6.941618091686896,7.090367145366514,6.842452213520553,7.020950794219971,9700,0.0,0.0
2013-10-14 00:00:00-04:00,6.921784827663028,7.338281983503241,6.862285301523025,7.149866580963135,5900,0.0,0.0
2013-10-15 00:00:00-04:00,7.417614791136288,7.417614791136288,7.348198439883147,7.396790027618408,1000,0.0,0.0
2013-10-16 00:00:00-04:00,7.179615890442958,7.199449538083255,6.892034619701248,7.090366840362549,4300,0.0,0.0
2013-10-17 00:00:00-04:00,7.090366840362549,7.090366840362549,6.94161779308162,7.090366840362549,2000,0.0,0.0
2013-10-18 00:00:00-04:00,7.0804500165424,7.090366840362549,7.0804500165424,7.090366840362549,1300,0.0,0.0
2013-10-21 00:00:00-04:00,7.139949425676117,7.140941486330274,6.941617681075184,6.952526092529297,7200,0.0,0.0
2013-10-22 00:00:00-04:00,7.011034355491925,7.040783882141113,7.011034355491925,7.040783882141113,200,0.0,0.0
2013-10-23 00:00:00-04:00,7.5663638876196515,7.5663638876196515,6.574704153132994,6.901951789855957,22700,0.0,0.0
2013-10-24 00:00:00-04:00,6.991201140311595,6.991201140311595,6.941617965698242,6.941617965698242,200,0.0,0.0
2013-10-25 00:00:00-04:00,6.941618025637968,6.941618025637968,6.445788166663827,6.495371341705322,40000,0.0,0.0
2013-10-28 00:00:00-04:00,6.515204342260446,6.545945456015187,6.3367052951907255,6.425954818725586,3000,0.0,0.0
2013-10-29 00:00:00-04:00,6.34662241987274,6.34662241987274,6.088790660934498,6.249439716339111,6700,0.0,0.0
2013-10-30 00:00:00-04:00,6.138373377696146,6.445787816832635,6.138373377696146,6.35653829574585,8300,0.0,0.0
2013-10-31 00:00:00-04:00,6.257372679450653,6.673869831051459,6.227623153113565,6.515204429626465,39100,0.0,0.0
2013-11-01 00:00:00-04:00,6.435871082894384,6.4457879066467285,6.435871082894384,6.4457879066467285,500,0.0,0.0
2013-11-04 00:00:00-05:00,6.693702827679287,6.7829523500302695,6.356538385784628,6.773035526275635,15300,0.0,0.0
2013-11-05 00:00:00-05:00,6.763119399073493,6.763119399073493,6.5052876472473145,6.5052876472473145,400,0.0,0.0
2013-11-06 00:00:00-05:00,6.723453044891357,6.723453044891357,6.298030654604178,6.723453044891357,13000,0.0,0.0
2013-11-07 00:00:00-05:00,6.604453303802774,6.703619649885486,6.4457879066467285,6.4457879066467285,900,0.0,0.0
2013-11-08 00:00:00-05:00,6.544953737924086,6.8523681793738636,6.3664551672674925,6.455704689025879,16400,0.0,0.0
2013-11-11 00:00:00-05:00,6.4259550821376665,6.4259550821376665,6.366455554962158,6.366455554962158,400,0.0,0.0
2013-11-12 00:00:00-05:00,6.396205070298065,6.802785881202895,6.30695601612986,6.584620475769043,14400,0.0,0.0
2013-11-13 00:00:00-05:00,6.346622322849724,9.321601019494684,6.346622322849724,7.784528732299805,145700,0.0,0.0
2013-11-14 00:00:00-05:00,7.8836945045228015,8.042359906790772,7.208374484188588,7.4830641746521,39100,0.0,0.0
2013-11-15 00:00:00-05:00,7.41761462791042,8.141526232996899,7.41761462791042,7.596113204956055,18300,0.0,0.0
2013-11-18 00:00:00-05:00,7.834111925339504,9.321601040599703,7.82419510111247,8.429107666015625,376100,0.0,0.0
2013-11-19 00:00:00-05:00,8.329941109024162,8.796021433235012,7.734945855934086,7.933277606964111,106600,0.0,0.0
2013-11-20 00:00:00-05:00,8.0423600783243,8.0423600783243,7.447364807128906,7.447364807128906,8700,0.0,0.0
2013-11-21 00:00:00-05:00,7.348198344371554,7.765687088597641,7.139949766179145,7.6347880363464355,9200,0.0,0.0
2013-11-22 00:00:00-05:00,7.635779727992353,7.9233610117180255,7.457281146912345,7.665529727935791,4800,0.0,0.0
2013-11-25 00:00:00-05:00,7.725029205652926,7.923360961142523,7.338282046018112,7.784528732299805,9300,0.0,0.0
2013-11-26 00:00:00-05:00,7.566363865486024,7.873778325534394,7.338282108306885,7.338282108306885,3200,0.0,0.0
2013-11-27 00:00:00-05:00,7.397781329658944,7.685362602102345,7.090366882318073,7.18953275680542,19400,0.0,0.0
2013-11-29 00:00:00-05:00,7.358115278000858,7.476122744351268,7.090367169606281,7.23118257522583,3400,0.0,0.0
2013-12-02 00:00:00-05:00,7.2886985429341795,7.784528382220317,7.2886985429341795,7.427530765533447,3500,0.0,0.0
2013-12-03 00:00:00-05:00,7.3382818516921935,7.774612175074993,7.020950578451923,7.070533752441406,28400,0.0,0.0
2013-12-04 00:00:00-05:00,7.090366987715538,7.2688655644461235,6.941617937343286,7.002109050750732,5600,0.0,0.0
2013-12-05 00:00:00-05:00,6.951534583247104,7.1696995047721215,6.9416177594749655,7.043758869171143,3500,0.0,0.0
2013-12-06 00:00:00-05:00,7.0417755507195405,7.239116191864014,6.941618084799934,7.239116191864014,10300,0.0,0.0
2013-12-09 00:00:00-05:00,7.239116229720347,7.338282108306885,7.167716702565999,7.338282108306885,6600,0.0,0.0
2013-12-10 00:00:00-05:00,7.397781590051801,7.668504460574383,7.132016658782959,7.132016658782959,2500,0.0,0.0
2013-12-11 00:00:00-05:00,7.132016381425317,7.132016381425317,6.9912009820309935,7.086400032043457,4000,0.0,0.0
2013-12-12 00:00:00-05:00,7.011034121716117,7.130033170065369,6.966409360370101,7.094333171844482,2600,0.0,0.0
2013-12-13 00:00:00-05:00,6.901951399751994,6.9416177490606685,6.644119656385424,6.882118225097656,5900,0.0,0.0
2013-12-16 00:00:00-05:00,6.8523684880202245,7.159782943316653,6.792868961788032,6.8226189613342285,2800,0.0,0.0
2013-12-17 00:00:00-05:00,6.951534616901768,7.100283191322512,6.852368270141025,7.090366840362549,1100,0.0,0.0
2013-12-18 00:00:00-05:00,7.189533053996975,7.427531162604664,7.061608763261206,7.338282108306885,10100,0.0,0.0
2013-12-19 00:00:00-05:00,7.437447545491976,7.437447545491976,7.328364849090576,7.328364849090576,900,0.0,0.0
2013-12-20 00:00:00-05:00,7.328365085084275,7.328365085084275,7.140941745144537,7.274815559387207,1100,0.0,0.0
2013-12-23 00:00:00-05:00,6.743286387993813,7.15978307954372,6.068957465478306,6.7928690910339355,8200,0.0,0.0
2013-12-24 00:00:00-05:00,6.7928690910339355,6.7928690910339355,6.7928690910339355,6.7928690910339355,0,0.0,0.0
2013-12-26 00:00:00-05:00,6.941618013798614,6.9614511892093445,6.64411990977745,6.8226189613342285,16300,0.0,0.0
2013-12-27 00:00:00-05:00,6.743286271192392,6.771052622242733,6.386288640330155,6.495371341705322,19700,0.0,0.0
2013-12-30 00:00:00-05:00,6.564786909807722,6.564786909807722,6.346621990203857,6.346621990203857,5100,0.0,0.0
2013-12-31 00:00:00-05:00,6.445788073252414,6.882118399569647,6.445788073252414,6.842452049255371,8700,0.0,0.0
2014-01-02 00:00:00-05:00,6.882118526729912,6.9326932898161475,6.743286298064755,6.9217848777771,2900,0.0,0.0
2014-01-03 00:00:00-05:00,6.892034530639648,6.931700879687287,6.6143700873061775,6.892034530639648,8100,0.0,0.0
2014-01-06 00:00:00-05:00,6.842452141649759,6.842452141649759,6.584620388265238,6.6044535636901855,17600,0.0,0.0
2014-01-07 00:00:00-05:00,6.445788278312241,6.842452266934267,6.435871453988091,6.7928690910339355,15900,0.0,0.0
2014-01-08 00:00:00-05:00,6.6837861351566294,6.6837861351566294,6.559828672950964,6.6342034339904785,1100,0.0,0.0
2014-01-09 00:00:00-05:00,6.555862406293378,6.733369396108528,6.555862406293378,6.723453044891357,1600,0.0,0.0
2014-01-10 00:00:00-05:00,6.574703780118845,6.7730355266197915,6.475537906868372,6.55487060546875,8800,0.0,0.0
2014-01-13 00:00:00-05:00,6.584620475769043,6.584620475769043,6.584620475769043,6.584620475769043,700,0.0,0.0
2014-01-14 00:00:00-05:00,6.584620475769043,6.584620475769043,6.544954124392017,6.584620475769043,2100,0.0,0.0
2014-01-15 00:00:00-05:00,6.654036733912916,6.842452136744959,6.634203558502185,6.8226189613342285,3800,0.0,0.0
2014-01-16 00:00:00-05:00,6.802785657925175,6.802785657925175,6.7432861328125,6.7432861328125,2500,0.0,0.0
2014-01-17 00:00:00-05:00,6.792868704465253,7.001117274819299,6.594536957871012,6.991200923919678,14000,0.0,0.0
2014-01-21 00:00:00-05:00,7.249032368572645,7.437447768791931,7.139949668896175,7.278782367706299,2700,0.0,0.0
2014-01-22 00:00:00-05:00,7.408690047604399,7.413647986888569,7.338282108306885,7.338282108306885,2500,0.0,0.0
2014-01-23 00:00:00-05:00,7.368031652411187,7.368031652411187,6.832535433951165,7.0110344886779785,8500,0.0,0.0
2014-01-24 00:00:00-05:00,6.812702186081831,7.030867590025469,6.703619956970215,6.703619956970215,3200,0.0,0.0
2014-01-27 00:00:00-05:00,6.812702224815884,6.812702224815884,6.445788238568438,6.802785873413086,5400,0.0,0.0
2014-01-28 00:00:00-05:00,6.792868829721953,6.991201052833513,6.792868829721953,6.852368354797363,2800,0.0,0.0
2014-01-29 00:00:00-05:00,6.951534544302731,7.580246603840417,6.94161772058615,7.435464382171631,22900,0.0,0.0
2014-01-30 00:00:00-05:00,7.427531127391186,7.546530653991069,7.08045031755369,7.130033493041992,9500,0.0,0.0
2014-01-31 00:00:00-05:00,7.030867398097048,7.586196771282993,7.030867398097048,7.288698673248291,25600,0.0,0.0
2014-02-03 00:00:00-05:00,7.4969475140453445,7.586197041203332,7.00111764825245,7.338282108306885,18300,0.0,0.0
2014-02-04 00:00:00-05:00,7.437447986893422,7.536613865479959,7.3085321083008195,7.338282108306885,16500,0.0,0.0
2014-02-05 00:00:00-05:00,7.239115930479188,7.308531806190237,6.6441197378347265,7.18953275680542,62000,0.0,0.0
2014-02-06 00:00:00-05:00,7.120116407775783,7.288698630823514,7.040783708191013,7.080450057983398,10600,0.0,0.0
2014-02-07 00:00:00-05:00,7.1399498409358495,7.239116191864014,7.090367138331974,7.239116191864014,8200,0.0,0.0
2014-02-10 00:00:00-05:00,7.162758170839306,7.288698810898619,7.040783882141113,7.040783882141113,11700,0.0,0.0
2014-02-11 00:00:00-05:00,7.04078384045578,7.19944971546613,6.892034789509913,7.050700664520264,5700,0.0,0.0
2014-02-12 00:00:00-05:00,7.044750745347517,7.139949798583984,7.044750745347517,7.139949798583984,1400,0.0,0.0
2014-02-13 00:00:00-05:00,7.139949583131652,7.18953275680542,7.090366882318073,7.18953275680542,4700,0.0,0.0
2014-02-14 00:00:00-05:00,7.189532876366456,8.022527181633142,7.179616052322711,7.596113204956055,55200,0.0,0.0
2014-02-18 00:00:00-05:00,7.715112599185253,7.804361649774182,7.258949103783389,7.734945774078369,33800,0.0,0.0
2014-02-19 00:00:00-05:00,7.8737781296104465,7.8737781296104465,7.547522089819863,7.705195903778076,13000,0.0,0.0
2014-02-20 00:00:00-05:00,7.893611485212708,8.181192768959436,7.834111958181683,8.043352127075195,33600,0.0,0.0
2014-02-21 00:00:00-05:00,8.280358575321417,9.024103323557938,8.230775402961578,8.657188415527344,124100,0.0,0.0
2014-02-24 00:00:00-05:00,8.637356032410992,8.786104609253414,7.725029031952488,7.933277606964111,39500,0.0,0.0
2014-02-25 00:00:00-05:00,7.695279622704325,8.171275832412022,7.546530570740568,8.121692657470703,21900,0.0,0.0
2014-02-26 00:00:00-05:00,7.945177606597952,8.109793480099086,7.933277606964111,7.933277606964111,5500,0.0,0.0
2014-02-27 00:00:00-05:00,7.705196208593504,8.529265310103469,7.705196208593504,8.38944149017334,26500,0.0,0.0
2014-02-28 00:00:00-05:00,8.389440971198518,8.776188588728086,8.389440971198518,8.726605415344238,15200,0.0,0.0
2014-03-03 00:00:00-05:00,8.726605578088236,9.123269081115723,8.726605578088236,9.123269081115723,19400,0.0,0.0
2014-03-04 00:00:00-05:00,9.172852247189253,9.9066801999915,8.976503671508862,9.668682098388672,33200,0.0,0.0
2014-03-05 00:00:00-05:00,9.420767007860729,9.787680977838333,8.924937165341742,8.944770812988281,13400,0.0,0.0
2014-03-06 00:00:00-05:00,9.172852247189253,10.11492877532407,8.954686847859799,9.668682098388672,45100,0.0,0.0
2014-03-07 00:00:00-05:00,9.490182964294979,10.015763282775879,9.222435338820894,10.015763282775879,119100,0.0,0.0
2014-03-10 00:00:00-04:00,10.015763100967416,11.047089125671913,8.924937079615193,9.619098663330078,277400,0.0,0.0
2014-03-11 00:00:00-04:00,9.76784826970799,10.055429540357526,8.439024141285868,9.162935256958008,219400,0.0,0.0
2014-03-12 00:00:00-04:00,9.004269570876936,9.133185439214643,8.042359442954258,8.131608963012695,86800,0.0,0.0
2014-03-13 00:00:00-04:00,8.09194323741065,8.329941345400277,7.75477925109201,7.7746124267578125,22900,0.0,0.0
2014-03-14 00:00:00-04:00,7.6853630415242336,8.677022788817684,7.6853630415242336,8.280359268188477,58000,0.0,0.0
2014-03-17 00:00:00-04:00,8.538189895351774,8.612565131334122,8.111776856513803,8.429107666015625,7400,0.0,0.0
2014-03-18 00:00:00-04:00,8.280358744820907,8.346799383823633,7.804361604431257,8.181192398071289,23700,0.0,0.0
2014-03-19 00:00:00-04:00,8.082026324838807,8.082026324838807,7.467197885916903,7.685362815856934,24400,0.0,0.0
2014-03-20 00:00:00-04:00,7.576279691489651,8.30019126425747,7.477113819780397,8.002693176269531,48400,0.0,0.0
2014-03-21 00:00:00-04:00,7.845019807293108,8.131609499891644,7.685362815856934,7.685362815856934,7100,0.0,0.0
2014-03-24 00:00:00-04:00,7.695279377979789,7.8539447761698264,7.239115885323246,7.63577938079834,17000,0.0,0.0
2014-03-25 00:00:00-04:00,7.635779467667171,8.03244391337531,7.427530893743503,7.83411169052124,40300,0.0,0.0
2014-03-26 00:00:00-04:00,8.032443963330497,8.032443963330497,7.308531889200227,7.387864589691162,21800,0.0,0.0
2014-03-27 00:00:00-04:00,7.001117615060571,7.457281127256207,6.951534912432476,7.130033493041992,7400,0.0,0.0
2014-03-28 00:00:00-04:00,7.274815327485642,7.74486198981643,7.139949456852022,7.437447547912598,39300,0.0,0.0
2014-03-31 00:00:00-04:00,7.417614418085367,7.705195687176281,7.411664418399469,7.64569616317749,21400,0.0,0.0
2014-04-01 00:00:00-04:00,7.871794960943005,7.871794960943005,7.46025574717808,7.487030982971191,4700,0.0,0.0
2014-04-02 00:00:00-04:00,7.497938877123403,7.526697288410493,7.139949664226893,7.387864589691162,14300,0.0,0.0
2014-04-03 00:00:00-04:00,6.87220169295859,7.139949798583984,6.713536288991008,7.139949798583984,15100,0.0,0.0
2014-04-04 00:00:00-04:00,6.941617964111935,7.093341778561028,6.921784788843166,7.050700664520264,8700,0.0,0.0
2014-04-07 00:00:00-04:00,6.961451260413526,7.318448894318379,6.961451260413526,7.239116191864014,3600,0.0,0.0
2014-04-08 00:00:00-04:00,7.288698894467889,7.338282069931972,7.001117611640709,7.239116191864014,1900,0.0,0.0
2014-04-09 00:00:00-04:00,7.199449667163482,7.278782367706299,6.85236839299837,7.278782367706299,35200,0.0,0.0
2014-04-10 00:00:00-04:00,7.407697948149439,7.665529703986335,7.060617138481484,7.239116191864014,15600,0.0,0.0
2014-04-11 00:00:00-04:00,7.081441905405823,7.3184488978932505,7.071525554024286,7.130033493041992,1400,0.0,0.0
2014-04-14 00:00:00-04:00,7.328365288127001,7.348198463855429,7.02293400362105,7.229199409484863,2900,0.0,0.0
2014-04-15 00:00:00-04:00,7.050700704063131,7.149866580963135,7.040783879943032,7.149866580963135,6900,0.0,0.0
2014-04-16 00:00:00-04:00,7.145899664049732,7.734945863629295,7.145899664049732,7.387864589691162,51800,0.0,0.0
2014-04-17 00:00:00-04:00,7.417614634639741,7.4671978091830535,7.239116057432171,7.37794828414917,11100,0.0,0.0
2014-04-21 00:00:00-04:00,7.496947450409789,7.834111907602306,7.447364747967492,7.784528732299805,2000,0.0,0.0
2014-04-22 00:00:00-04:00,7.27878253570188,7.525705879199555,7.1994498333280506,7.348198413848877,11500,0.0,0.0
2014-04-23 00:00:00-04:00,7.308531676929003,7.437447547912598,7.2490321532889235,7.437447547912598,3300,0.0,0.0
2014-04-24 00:00:00-04:00,7.239116012700756,7.804361740128766,7.239116012700756,7.387864589691162,5900,0.0,0.0
2014-04-25 00:00:00-04:00,7.2391159721493015,7.42753089832973,6.99120104807378,7.288698673248291,9500,0.0,0.0
2014-04-28 00:00:00-04:00,7.100283526838987,7.536613865479959,7.090367175410437,7.338282108306885,1600,0.0,0.0
2014-04-29 00:00:00-04:00,7.169699668884277,7.406706182713215,7.169699668884277,7.169699668884277,2300,0.0,0.0
2014-04-30 00:00:00-04:00,7.287707085426738,7.288698673248291,7.1458996240204495,7.288698673248291,2600,0.0,0.0
2014-05-01 00:00:00-04:00,7.229199187954148,7.536613638754508,7.001117437636437,7.496947288513184,81000,0.0,0.0
2014-05-02 00:00:00-04:00,7.397781596772746,7.4176147723863375,7.045742374986341,7.239116191864014,4600,0.0,0.0
2014-05-05 00:00:00-04:00,7.110200057215542,7.208374343887044,7.100283233336714,7.18953275680542,1500,0.0,0.0
2014-05-06 00:00:00-04:00,7.100283191322512,7.288698588163664,7.090366840362549,7.090366840362549,4400,0.0,0.0
2014-05-07 00:00:00-04:00,7.268865456395298,7.268865456395298,7.040783708644304,7.18953275680542,1700,0.0,0.0
2014-05-08 00:00:00-04:00,7.020950849027084,7.060617200603266,6.644120036193149,6.7928690910339355,52200,0.0,0.0
2014-05-09 00:00:00-04:00,6.71353621520835,6.832535266876221,6.71353621520835,6.832535266876221,2700,0.0,0.0
2014-05-12 00:00:00-04:00,6.889059767248156,7.030867225166563,6.6837859617094555,6.892034530639648,49900,0.0,0.0
2014-05-13 00:00:00-04:00,6.8722017941862985,7.040784024815175,6.743286387993813,6.7928690910339355,23500,0.0,0.0
2014-05-14 00:00:00-04:00,6.971367669810081,6.991200844243473,6.87220132478294,6.899968147277832,3200,0.0,0.0
2014-05-15 00:00:00-04:00,6.644119995226461,6.87220175181329,6.644119995226461,6.802785873413086,1700,0.0,0.0
2014-05-16 00:00:00-04:00,6.81171055175897,6.842452139157512,6.713536262512207,6.713536262512207,3700,0.0,0.0
2014-05-19 00:00:00-04:00,6.644119998968529,6.7631195258905725,6.644119998968529,6.6937031745910645,2500,0.0,0.0
2014-05-20 00:00:00-04:00,6.73039436340332,6.73039436340332,6.73039436340332,6.73039436340332,200,0.0,0.0
2014-05-21 00:00:00-04:00,6.505287643791235,6.723453044891357,6.505287643791235,6.723453044891357,1400,0.0,0.0
2014-05-22 00:00:00-04:00,6.683786298633771,7.2490325103465,6.4557050165425425,6.9217848777771,17600,0.0,0.0
2014-05-23 00:00:00-04:00,6.852368312873463,6.931701012488641,6.535037514412756,6.753202438354492,4200,0.0,0.0
2014-05-27 00:00:00-04:00,6.931701183319092,6.931701183319092,6.931701183319092,6.931701183319092,100,0.0,0.0
2014-05-28 00:00:00-04:00,6.842451918101648,6.981284141540527,6.842451918101648,6.981284141540527,200,0.0,0.0
2014-05-29 00:00:00-04:00,6.892034530639648,6.892034530639648,6.892034530639648,6.892034530639648,500,0.0,0.0
2014-05-30 00:00:00-04:00,6.8027855264803065,6.882118225097656,6.693702829451359,6.882118225097656,2600,0.0,0.0
2014-06-02 00:00:00-04:00,6.66395321198124,6.7928690910339355,6.535037805788755,6.7928690910339355,1600,0.0,0.0
2014-06-03 00:00:00-04:00,6.872201759682587,6.911868111059612,6.544954124392017,6.584620475769043,2000,0.0,0.0
2014-06-04 00:00:00-04:00,6.616353572704186,6.6441199237656265,6.346622291978328,6.386288642883301,6600,0.0,0.0
2014-06-05 00:00:00-04:00,6.425954774436741,6.554870646907431,6.425954774436741,6.5449538230896,2800,0.0,0.0
2014-06-06 00:00:00-04:00,6.326789022309586,7.655612703558227,6.326789022309586,6.842452049255371,151100,0.0,0.0
2014-06-09 00:00:00-04:00,6.9912010966199984,7.385881423950195,6.9912010966199984,7.385881423950195,23400,0.0,0.0
2014-06-10 00:00:00-04:00,7.377948111104258,7.56636350794541,6.743286045280505,7.090366840362549,24100,0.0,0.0
2014-06-11 00:00:00-04:00,7.397781702400776,9.51993388765691,7.13994994288247,9.153018951416016,181500,0.0,0.0
2014-06-12 00:00:00-04:00,8.915020697537766,9.420767384076898,8.220859079434078,8.647273063659668,88800,0.0,0.0
2014-06-13 00:00:00-04:00,8.90510391545819,9.807515063555725,8.686939455923785,9.23136043548584,122300,0.0,0.0
2014-06-16 00:00:00-04:00,9.311685119237946,9.559600049450369,8.805938434631706,8.923945426940918,27500,0.0,0.0
2014-06-17 00:00:00-04:00,8.706772305243193,9.321601234288387,8.448941490025836,9.250202178955078,27700,0.0,0.0
2014-06-18 00:00:00-04:00,9.272018794366984,10.114928992032812,9.12326926838802,9.621082305908203,132000,0.0,0.0
2014-06-19 00:00:00-04:00,9.4901827938853,10.689099924378786,9.232351996948962,9.510016441345215,131100,0.0,0.0
2014-06-20 00:00:00-04:00,9.51993318647748,10.15360365349648,9.510016362829399,9.966179847717285,51500,0.0,0.0
2014-06-23 00:00:00-04:00,10.11492886258016,10.313260615626753,9.470350428748636,9.648848533630371,32600,0.0,0.0
2014-06-24 00:00:00-04:00,8.934853984683146,9.727189860789673,8.310108269936162,8.508440017700195,76600,0.0,0.0
2014-06-25 00:00:00-04:00,8.359692030957993,8.875354611393362,8.111777092395494,8.696856498718262,36400,0.0,0.0
2014-06-26 00:00:00-04:00,8.865437428430615,9.063770127837977,8.478690745171138,8.667105674743652,26600,0.0,0.0
2014-06-27 00:00:00-04:00,8.627438890399581,8.736522058735297,8.42910714668058,8.657188415527344,6600,0.0,0.0
2014-06-30 00:00:00-04:00,8.44894070378547,8.528273400426807,8.240692138671875,8.240692138671875,5600,0.0,0.0
2014-07-01 00:00:00-04:00,8.280358793928409,8.468773719005652,7.953111171722412,7.953111171722412,19000,0.0,0.0
2014-07-02 00:00:00-04:00,8.04235997394062,8.04235997394062,7.645696464958746,7.685362815856934,23600,0.0,0.0
2014-07-03 00:00:00-04:00,7.715112868129459,7.734946043713949,7.278782532410498,7.457281112670898,15400,0.0,0.0
2014-07-07 00:00:00-04:00,7.422573176969496,7.427531116222706,7.308532062661962,7.348198413848877,12400,0.0,0.0
2014-07-08 00:00:00-04:00,7.298615591809975,7.526697343830918,7.04078384045578,7.050700664520264,15200,0.0,0.0
2014-07-09 00:00:00-04:00,7.070533915328351,7.417614722670009,7.055658679072704,7.358115196228027,16800,0.0,0.0
2014-07-10 00:00:00-04:00,7.338282062482251,7.625863345017484,7.050700779947019,7.348198413848877,11300,0.0,0.0
2014-07-11 00:00:00-04:00,7.536613551812845,7.675445776055924,7.34819815391,7.625863075256348,31600,0.0,0.0
2014-07-14 00:00:00-04:00,7.625863077886221,8.111776572194854,7.20936593215316,7.298615455627441,37200,0.0,0.0
2014-07-15 00:00:00-04:00,7.100283526838987,7.387864811170049,7.040783999687064,7.338282108306885,24200,0.0,0.0
2014-07-16 00:00:00-04:00,7.338282061744165,7.824195100165095,7.316465237591412,7.564380168914795,50200,0.0,0.0
2014-07-17 00:00:00-04:00,7.487030806425272,7.6060298550678,6.733369219302223,6.872201442718506,47900,0.0,0.0
2014-07-18 00:00:00-04:00,6.9515347022988765,7.298615501644684,6.921784703333149,7.070533752441406,14900,0.0,0.0
2014-07-21 00:00:00-04:00,7.298615497014449,7.913444395220996,7.298615497014449,7.3977813720703125,59300,0.0,0.0
2014-07-22 00:00:00-04:00,7.6853628280890245,7.6853628280890245,7.239116143344066,7.358115196228027,14400,0.0,0.0
2014-07-23 00:00:00-04:00,7.635779692931298,7.635779692931298,7.090367127927752,7.457281112670898,14500,0.0,0.0
2014-07-24 00:00:00-04:00,7.437447903883402,7.437447903883402,7.090367096274217,7.139949798583984,7700,0.0,0.0
2014-07-25 00:00:00-04:00,7.120116710662842,7.377948468141599,6.951534953303895,7.120116710662842,6300,0.0,0.0
2014-07-28 00:00:00-04:00,7.090367138331974,7.249032543240706,7.090367138331974,7.239116191864014,4700,0.0,0.0
2014-07-29 00:00:00-04:00,7.32836498154541,7.437447679918399,7.249032281950576,7.298615455627441,8300,0.0,0.0
2014-07-30 00:00:00-04:00,7.2490324556680585,7.288698806416049,7.130033403424089,7.258949279785156,2400,0.0,0.0
2014-07-31 00:00:00-04:00,7.080449973456995,7.090366797216799,6.991200923919678,6.991200923919678,19100,0.0,0.0
2014-08-01 00:00:00-04:00,6.981284407409663,7.139949811667999,6.743286301022158,6.812702178955078,18500,0.0,0.0
2014-08-04 00:00:00-04:00,6.981284298958894,7.209366050467218,6.842452072389539,6.891043186187744,9300,0.0,0.0
2014-08-05 00:00:00-04:00,6.84245223257992,6.862285408268434,6.386288718883912,6.584620475769043,35500,0.0,0.0
2014-08-06 00:00:00-04:00,6.74328634641568,6.862285400410493,6.584620468229054,6.802785873413086,7700,0.0,0.0
2014-08-07 00:00:00-04:00,6.951534943747337,7.001117646598789,6.47553825378418,6.47553825378418,10300,0.0,0.0
2014-08-08 00:00:00-04:00,6.74328634641568,6.802785873413086,6.666928407315248,6.802785873413086,2400,0.0,0.0
2014-08-11 00:00:00-04:00,6.79286863807702,6.79286863807702,6.568753719329834,6.568753719329834,2500,0.0,0.0
2014-08-12 00:00:00-04:00,6.792868659488748,6.792868659488748,6.644119614097863,6.782952308654785,2200,0.0,0.0
2014-08-13 00:00:00-04:00,6.654036784835731,6.760144250452163,6.594537258148193,6.594537258148193,6400,0.0,0.0
2014-08-14 00:00:00-04:00,6.61437017123386,6.61437017123386,6.5449538230896,6.5449538230896,1900,0.0,0.0
2014-08-15 00:00:00-04:00,6.634203346009336,6.634203346009336,6.5449538230896,6.5449538230896,700,0.0,0.0
2014-08-18 00:00:00-04:00,6.812702258188209,7.169699894781626,6.644120027772979,7.0110344886779785,24600,0.0,0.0
2014-08-19 00:00:00-04:00,7.011034227370142,7.229199152631446,7.011034227370142,7.070533752441406,11200,0.0,0.0
2014-08-20 00:00:00-04:00,7.139949540882735,7.139949540882735,7.090366840362549,7.090366840362549,10800,0.0,0.0
2014-08-21 00:00:00-04:00,7.011034227370142,7.070533752441406,7.011034227370142,7.070533752441406,800,0.0,0.0
2014-08-22 00:00:00-04:00,7.030867211271552,7.139949434506891,7.011034036786929,7.059625148773193,5700,0.0,0.0
2014-08-25 00:00:00-04:00,7.011034366638265,7.020950717917026,6.67386991167676,6.713536262512207,6700,0.0,0.0
2014-08-26 00:00:00-04:00,6.703619609093455,6.931700879687287,6.703619609093455,6.892034530639648,4400,0.0,0.0
2014-08-27 00:00:00-04:00,6.901951794298539,6.901951794298539,6.763119563781904,6.7928690910339355,4100,0.0,0.0
2014-08-28 00:00:00-04:00,6.7928690910339355,6.7928690910339355,6.7928690910339355,6.7928690910339355,0,0.0,0.0
2014-08-29 00:00:00-04:00,6.703619998859654,6.703619998859654,6.644119998968529,6.6937031745910645,5900,0.0,0.0
2014-09-02 00:00:00-04:00,6.842451918101648,7.278782236055454,6.743286044216735,6.981284141540527,34600,0.0,0.0
2014-09-03 00:00:00-04:00,6.951534656072631,7.675445776055924,6.941617832196603,7.625863075256348,37700,0.0,0.0
2014-09-04 00:00:00-04:00,7.734945862821323,7.913444438907281,7.348198238678121,7.496947288513184,30100,0.0,0.0
2014-09-05 00:00:00-04:00,7.496947474840704,7.625863352759152,7.239116191864014,7.239116191864014,21600,0.0,0.0
2014-09-08 00:00:00-04:00,7.33828176072083,8.677022240378639,7.310515410603825,8.181192398071289,107000,0.0,0.0
2014-09-09 00:00:00-04:00,8.448941336813117,8.51835721514511,7.774612419118057,7.883694648742676,25300,0.0,0.0
2014-09-10 00:00:00-04:00,7.725028815269737,7.7547788135198665,7.338281675179132,7.437447547912598,12700,0.0,0.0
2014-09-11 00:00:00-04:00,7.695279398629958,7.7051957496133525,7.437447653019074,7.468189239501953,12900,0.0,0.0
2014-09-12 00:00:00-04:00,7.447364371616034,7.477113897005983,7.437447547912598,7.437447547912598,3100,0.0,0.0
2014-09-15 00:00:00-04:00,7.437447818691359,7.627846395843581,6.981284314649473,7.050700664520264,14300,0.0,0.0
2014-09-16 00:00:00-04:00,7.338281888314425,7.4771141141735615,7.17961601447236,7.387864589691162,17800,0.0,0.0
2014-09-17 00:00:00-04:00,7.467197982835419,7.467197982835419,7.358115280019493,7.447364807128906,6500,0.0,0.0
2014-09-18 00:00:00-04:00,7.46719778910271,7.46719778910271,7.37001508880409,7.3819146156311035,1300,0.0,0.0
2014-09-19 00:00:00-04:00,7.407697901311518,7.407697901311518,7.179616146767243,7.249032497406006,17400,0.0,0.0
2014-09-22 00:00:00-04:00,7.209366246307538,7.219283070619121,7.0110344886779785,7.0110344886779785,3700,0.0,0.0
2014-09-23 00:00:00-04:00,7.046733711497982,7.120116411364866,6.971367835998535,6.971367835998535,8000,0.0,0.0
2014-09-24 00:00:00-04:00,7.030867360717106,7.040783711740106,6.971367835998535,6.971367835998535,6500,0.0,0.0
2014-09-25 00:00:00-04:00,6.971367739289774,7.211349010467529,6.971367739289774,7.211349010467529,4700,0.0,0.0
2014-09-26 00:00:00-04:00,7.184574348025031,7.184574348025031,6.812701963888826,6.971367835998535,6100,0.0,0.0
2014-09-29 00:00:00-04:00,6.941618007445482,6.95252641941247,6.842452130482586,6.931701183319092,2400,0.0,0.0
2014-09-30 00:00:00-04:00,6.931701012913958,6.931701012913958,6.852368313293914,6.862285137176514,5200,0.0,0.0
2014-10-01 00:00:00-04:00,6.713536026160649,6.852368249197095,6.475537929526741,6.494379043579102,14600,0.0,0.0
2014-10-02 00:00:00-04:00,6.078874286890432,6.306956044774321,5.9499584078994925,6.039207935333252,35500,0.0,0.0
2014-10-03 00:00:00-04:00,6.168123031880452,6.187956206663597,5.949958109265852,5.999541282653809,13900,0.0,0.0
2014-10-06 00:00:00-04:00,5.949958367788166,5.969791543433051,5.454128503805818,5.7784013748168945,10800,0.0,0.0
2014-10-07 00:00:00-04:00,5.860708540211129,5.860708540211129,5.592960446314686,5.6822099685668945,7100,0.0,0.0
2014-10-08 00:00:00-04:00,5.771459535842467,5.771459535842467,5.454128266472577,5.563210964202881,10300,0.0,0.0
2014-10-09 00:00:00-04:00,5.503711654633635,5.602877532412758,5.503711654633635,5.513628005981445,3200,0.0,0.0
2014-10-10 00:00:00-04:00,5.454128528825025,5.542386468208758,5.335129474409838,5.394629001617432,10100,0.0,0.0
2014-10-13 00:00:00-04:00,5.588002803629018,5.721876621246338,5.55329439154584,5.721876621246338,2000,0.0,0.0
2014-10-14 00:00:00-04:00,5.850792357397591,6.133415222167969,5.751626481413265,6.133415222167969,7300,0.0,0.0
2014-10-15 00:00:00-04:00,5.870625530143064,6.1879563331604,5.870625530143064,6.1879563331604,9100,0.0,0.0
2014-10-16 00:00:00-04:00,5.870625581255748,6.138373685062875,5.870625581255748,5.959875106811523,15200,0.0,0.0
2014-10-17 00:00:00-04:00,6.138373414795281,6.594536900879984,5.91029167175293,5.91029167175293,15700,0.0,0.0
2014-10-20 00:00:00-04:00,5.870625450423102,6.396204822213575,5.870625450423102,5.880541801452637,12100,0.0,0.0
2014-10-21 00:00:00-04:00,6.108623805814918,6.257372860382013,5.880542048241428,6.148290157318115,9700,0.0,0.0
2014-10-22 00:00:00-04:00,6.29703899587258,6.544953920693234,5.979708194732666,5.979708194732666,5600,0.0,0.0
2014-10-23 00:00:00-04:00,5.870625450423102,5.94995815010014,5.870625450423102,5.880541801452637,900,0.0,0.0
2014-10-24 00:00:00-04:00,5.949958282700793,5.959875106811523,5.949958282700793,5.959875106811523,600,0.0,0.0
2014-10-27 00:00:00-04:00,6.06895724612317,6.06895724612317,5.91425866971154,5.979708194732666,5400,0.0,0.0
2014-10-28 00:00:00-04:00,5.91029197343164,6.061024201806466,5.900375149251356,5.949958324432373,1500,0.0,0.0
2014-10-29 00:00:00-04:00,6.039207584621765,6.039207584621765,5.900374889373779,5.900374889373779,4700,0.0,0.0
2014-10-30 00:00:00-04:00,5.900374889373779,5.900374889373779,5.900374889373779,5.900374889373779,500,0.0,0.0
2014-10-31 00:00:00-04:00,6.0590407195688405,6.078873894065786,5.702043105763657,6.019374370574951,2200,0.0,0.0
2014-11-03 00:00:00-05:00,6.019374415632989,6.584620129457151,6.019374415632989,6.227622985839844,24500,0.0,0.0
2014-11-04 00:00:00-05:00,6.118540374018124,6.1284567250487525,6.09870719909668,6.09870719909668,3200,0.0,0.0
2014-11-05 00:00:00-05:00,6.098707281241873,6.287122681963513,6.098707281241873,6.1879563331604,4200,0.0,0.0
2014-11-06 00:00:00-05:00,5.949958017951737,5.949958017951737,5.771459447642849,5.801208972930908,6000,0.0,0.0
2014-11-07 00:00:00-05:00,5.940041460717036,5.999541459682325,5.761542882401768,5.850792407989502,4800,0.0,0.0
2014-11-10 00:00:00-05:00,5.85079245032319,6.039207854116028,5.85079245032319,5.895417213439941,4700,0.0,0.0
2014-11-11 00:00:00-05:00,5.811125755310059,5.940041152075949,5.80120893171105,5.811125755310059,2900,0.0,0.0
2014-11-12 00:00:00-05:00,5.871617084793167,5.910291847121385,5.652460098266602,5.652460098266602,6600,0.0,0.0
2014-11-13 00:00:00-05:00,5.5532940971535325,5.6147772695008165,5.365870289564825,5.46404504776001,10000,0.0,0.0
2014-11-14 00:00:00-05:00,5.642543930485685,5.642543930485685,5.354962646102671,5.503711700439453,6600,0.0,0.0
2014-11-17 00:00:00-05:00,5.642543621205399,5.940041240712251,5.642543621205399,5.791292667388916,12100,0.0,0.0
2014-11-18 00:00:00-05:00,5.930125224050529,6.197873333127216,5.900375223993026,6.148290157318115,11700,0.0,0.0
2014-11-19 00:00:00-05:00,6.158206903616323,6.158206903616323,5.949958324432373,5.949958324432373,4100,0.0,0.0
2014-11-20 00:00:00-05:00,6.098707156569535,6.098707156569535,5.999541282653809,5.999541282653809,3400,0.0,0.0
2014-11-21 00:00:00-05:00,6.118540243059675,6.118540243059675,5.940041199726993,6.019374370574951,5800,0.0,0.0
2014-11-24 00:00:00-05:00,6.1403568915244495,6.277205944061279,6.1403568915244495,6.277205944061279,9400,0.0,0.0
2014-11-25 00:00:00-05:00,6.287122629928401,7.070533752683873,6.267289454903966,6.961451053619385,24000,0.0,0.0
2014-11-26 00:00:00-05:00,6.872201356115829,7.1300330977856605,6.4656210419474425,6.892034530639648,12500,0.0,0.0
2014-11-28 00:00:00-05:00,6.247456073151086,6.525120514305255,6.247456073151086,6.35653829574585,5100,0.0,0.0
2014-12-01 00:00:00-05:00,6.356538515982102,6.356538515982102,6.178039940484232,6.197873115539551,6900,0.0,0.0
2014-12-02 00:00:00-05:00,6.168123074891643,6.168123074891643,5.9995413244894555,6.09870719909668,1100,0.0,0.0
2014-12-03 00:00:00-05:00,6.187956371233753,6.396204948425293,6.1681231959231395,6.396204948425293,1300,0.0,0.0
2014-12-04 00:00:00-05:00,6.3862882943516235,6.3862882943516235,6.247456073760986,6.247456073760986,500,0.0,0.0
2014-12-05 00:00:00-05:00,6.297039129146448,6.465621357250087,5.999541496781381,6.0590410232543945,65300,0.0,0.0
2014-12-08 00:00:00-05:00,6.00945767836547,6.00945767836547,5.65246005675024,5.662376880645752,10500,0.0,0.0
2014-12-09 00:00:00-05:00,5.652459963396022,5.940041231573634,5.652459963396022,5.738734722137451,3500,0.0,0.0
2014-12-10 00:00:00-05:00,5.702043491355175,5.741709843031437,5.655435551778576,5.711960315704346,12600,0.0,0.0
2014-12-11 00:00:00-05:00,5.731793102706244,6.207789763390708,5.706009928579744,6.1284565925598145,9400,0.0,0.0
2014-12-12 00:00:00-05:00,6.396204778316717,6.396204778316717,5.963841284328035,5.999541282653809,7400,0.0,0.0
2014-12-15 00:00:00-05:00,6.09870701585924,6.187956063894134,5.702043056488037,5.702043056488037,1500,0.0,0.0
2014-12-16 00:00:00-05:00,5.652459884244071,5.702043056488037,5.652459884244071,5.702043056488037,1600,0.0,0.0
2014-12-17 00:00:00-05:00,5.890458452220472,6.12845654425677,5.62271036224955,5.920207977294922,18100,0.0,0.0
2014-12-18 00:00:00-05:00,5.900374799743552,6.049123843615274,5.625685122547586,5.702043056488037,4400,0.0,0.0
2014-12-19 00:00:00-05:00,5.80418450814769,5.952933087970337,5.80418450814769,5.949958324432373,1300,0.0,0.0
2014-12-22 00:00:00-05:00,5.930124797661966,5.930124797661966,5.702043056488037,5.702043056488037,12000,0.0,0.0
2014-12-23 00:00:00-05:00,5.83095905902089,5.969791282466097,5.454128265380859,5.454128265380859,8400,0.0,0.0
2014-12-24 00:00:00-05:00,5.642543974646182,5.642543974646182,5.454128567393016,5.600893974304199,1800,0.0,0.0
2014-12-26 00:00:00-05:00,5.560235638573864,5.622710398206006,5.414461829912437,5.473961353302002,9400,0.0,0.0
2014-12-29 00:00:00-05:00,5.5632109613731116,5.672293186187744,5.454128263698294,5.672293186187744,2900,0.0,0.0
2014-12-30 00:00:00-05:00,5.489827703728482,5.6722930979338875,5.473961353302002,5.473961353302002,3500,0.0,0.0
2014-12-31 00:00:00-05:00,5.504703335305545,5.555278099326786,5.36487904334802,5.384712219238281,4900,0.0,0.0
2015-01-02 00:00:00-05:00,5.345045701186791,5.592960628533157,5.206213474273682,5.206213474273682,55400,0.0,0.0
2015-01-05 00:00:00-05:00,5.077297738076049,5.2458799689613445,4.888882331372497,4.958298683166504,27000,0.0,0.0
2015-01-06 00:00:00-05:00,5.047548081202369,5.156630308972414,4.5616345768387045,4.878965854644775,39400,0.0,0.0
2015-01-07 00:00:00-05:00,4.789716290264164,5.107047565482442,4.660800415376095,4.670717239379883,9200,0.0,0.0
2015-01-08 00:00:00-05:00,4.897807265975684,5.057464250543239,4.809549331665039,4.809549331665039,11200,0.0,0.0
2015-01-09 00:00:00-05:00,4.918632310312549,4.918632310312549,4.432718795571001,4.531885147094727,18800,0.0,0.0
2015-01-12 00:00:00-05:00,4.452551956284375,5.176463577376469,4.343469726552566,4.859132766723633,41900,0.0,0.0
2015-01-13 00:00:00-05:00,4.94838182078964,5.186380401639474,4.856157530300649,4.859132766723633,9200,0.0,0.0
2015-01-14 00:00:00-05:00,4.85913245729794,4.85913245729794,4.4723853200124415,4.492218494415283,4700,0.0,0.0
2015-01-15 00:00:00-05:00,4.4624687438721615,4.4823019193749625,4.273061752319336,4.273061752319336,5700,0.0,0.0
2015-01-16 00:00:00-05:00,4.561634763040195,4.660800643633634,4.482302058565443,4.512052059173584,2100,0.0,0.0
2015-01-20 00:00:00-05:00,4.7401337287182175,4.7401337287182175,4.343469741203939,4.531885147094727,18100,0.0,0.0
2015-01-21 00:00:00-05:00,4.611217583271154,4.839299327433044,4.373219015386486,4.482301712036133,9700,0.0,0.0
2015-01-22 00:00:00-05:00,4.769883175826857,4.769883175826857,4.38313601910041,4.386110782623291,3900,0.0,0.0
2015-01-23 00:00:00-05:00,4.462468750507551,4.541801452636719,4.2443038196523375,4.541801452636719,20200,0.0,0.0
2015-01-26 00:00:00-05:00,4.680633458256092,4.9384652007463075,4.46246853779991,4.700466632843018,28900,0.0,0.0
2015-01-27 00:00:00-05:00,4.670717197735838,4.670717197735838,4.46246862411499,4.46246862411499,600,0.0,0.0
2015-01-28 00:00:00-05:00,4.690550456417591,4.690550456417591,4.482301879080177,4.660800457000732,2800,0.0,0.0
2015-01-29 00:00:00-05:00,4.529901324496237,4.571551322937012,4.529901324496237,4.571551322937012,500,0.0,0.0
2015-01-30 00:00:00-05:00,4.571551322937012,4.571551322937012,4.571551322937012,4.571551322937012,0,0.0,0.0
2015-02-02 00:00:00-05:00,4.492218848184342,5.057464599609375,4.482302023771868,5.057464599609375,19500,0.0,0.0
2015-02-03 00:00:00-05:00,5.196296528932594,5.702043195888652,5.036639542637721,5.343062400817871,24800,0.0,0.0
2015-02-04 00:00:00-05:00,5.781376123668151,5.781376123668151,5.2756299095801324,5.2954630851745605,5400,0.0,0.0
2015-02-05 00:00:00-05:00,5.404544961879582,5.404544961879582,5.265712741777071,5.374795436859131,8000,0.0,0.0
2015-02-06 00:00:00-05:00,5.4442113044354885,6.00945748065837,5.4442113044354885,5.485861301422119,12500,0.0,0.0
2015-02-09 00:00:00-05:00,5.702043184775489,5.7516263581350024,5.454128263698294,5.672293186187744,8700,0.0,0.0
2015-02-10 00:00:00-05:00,5.6028772136672575,5.682209911377349,5.355953884685482,5.475944519042969,10200,0.0,0.0
2015-02-11 00:00:00-05:00,5.483878135681152,5.652459880919086,5.483878135681152,5.483878135681152,6500,0.0,0.0
2015-02-12 00:00:00-05:00,5.404545395128543,5.503711747440064,5.0574645806188565,5.384712219238281,41500,0.0,0.0
2015-02-13 00:00:00-05:00,5.295462826996426,5.523544571642419,5.176463306371425,5.46404504776001,28700,0.0,0.0
2015-02-17 00:00:00-05:00,5.454128431894933,6.098707341145465,5.454128431894933,5.632627010345459,81900,0.0,0.0
2015-02-18 00:00:00-05:00,5.741709401761654,5.830958922604224,5.464044961367268,5.483878135681152,6200,0.0,0.0
2015-02-19 00:00:00-05:00,5.4749531560104785,5.662376969403879,5.473961568177422,5.533461093902588,3800,0.0,0.0
2015-02-20 00:00:00-05:00,5.622710772707729,5.622710772707729,5.454128542112085,5.606843948364258,2500,0.0,0.0
2015-02-23 00:00:00-05:00,5.483878174056198,5.503711348508871,5.305379131121961,5.3648786544799805,13500,0.0,0.0
2015-02-24 00:00:00-05:00,5.821042235201854,5.821042235201854,5.454128265380859,5.454128265380859,2500,0.0,0.0
2015-02-25 00:00:00-05:00,5.454128482508125,5.454128482508125,5.354962604670927,5.404545307159424,4100,0.0,0.0
2015-02-26 00:00:00-05:00,5.354962348937988,5.354962348937988,5.354962348937988,5.354962348937988,200,0.0,0.0
2015-02-27 00:00:00-05:00,5.374795691968813,5.533461093902588,5.374795691968813,5.533461093902588,600,0.0,0.0
2015-03-02 00:00:00-05:00,5.335129468509102,5.454128522792674,5.335129468509102,5.342071056365967,7500,0.0,0.0
2015-03-03 00:00:00-05:00,4.978131895750438,5.097130951538843,4.958298719785704,5.057464599609375,7400,0.0,0.0
2015-03-04 00:00:00-05:00,4.9612734467521475,5.05647297439591,4.958298683166504,4.958298683166504,1400,0.0,0.0
2015-03-05 00:00:00-05:00,4.908715473353959,4.908715473353959,4.670717365175438,4.750050067901611,14900,0.0,0.0
2015-03-06 00:00:00-05:00,4.908715564426069,4.918632388880933,4.62113427527805,4.730216979980469,25600,0.0,0.0
2015-03-09 00:00:00-04:00,4.819466502777079,4.83929967880249,4.60130109363734,4.83929967880249,26900,0.0,0.0
2015-03-10 00:00:00-04:00,4.839299628256958,5.007881859142253,4.670717397371663,4.958298683166504,25100,0.0,0.0
2015-03-11 00:00:00-04:00,4.730216959761153,5.087214599986583,4.6498926680330115,5.057464599609375,21200,0.0,0.0
2015-03-12 00:00:00-04:00,5.061431271752332,5.999541459682325,5.05746444753458,5.850792407989502,61300,0.0,0.0
2015-03-13 00:00:00-04:00,5.771459715962114,5.771459715962114,5.06738127994257,5.307363033294678,32500,0.0,0.0
2015-03-16 00:00:00-04:00,4.99796477100957,5.063414295041403,4.720300324209141,4.90871524810791,6000,0.0,0.0
2015-03-17 00:00:00-04:00,4.769882941549879,4.8194661140441895,4.769882941549879,4.8194661140441895,1100,0.0,0.0
2015-03-18 00:00:00-04:00,4.859132592788856,5.107047516167265,4.769883069057368,5.0078816413879395,7300,0.0,0.0
2015-03-19 00:00:00-04:00,5.146713733673096,5.146713733673096,5.146713733673096,5.146713733673096,400,0.0,0.0
2015-03-20 00:00:00-04:00,4.9682154295343075,5.126880833590265,4.7500500260971625,4.759966850280762,7600,0.0,0.0
2015-03-23 00:00:00-04:00,4.680633621720477,5.126880774801116,4.680633621720477,5.09713077545166,6200,0.0,0.0
2015-03-24 00:00:00-04:00,5.057464296481932,5.057464296481932,4.730216676247834,5.017797946929932,13900,0.0,0.0
2015-03-25 00:00:00-04:00,4.878966010814004,5.1665472984313965,4.829382834524021,5.1665472984313965,12200,0.0,0.0
2015-03-26 00:00:00-04:00,5.126880951916052,5.156630479433046,4.869049191514293,5.057464599609375,6600,0.0,0.0
2015-03-27 00:00:00-04:00,4.918632117656451,5.206213390946591,4.868057356017929,5.0078816413879395,23100,0.0,0.0
2015-03-30 00:00:00-04:00,4.9087155162428,5.602877616882324,4.7897164611138106,5.602877616882324,25800,0.0,0.0
2015-03-31 00:00:00-04:00,5.632626970111198,5.900375072304542,5.325212517434409,5.533461093902588,68900,0.0,0.0
2015-04-01 00:00:00-04:00,5.602877443678713,5.930125071597224,5.35496251672709,5.533461093902588,40600,0.0,0.0
2015-04-02 00:00:00-04:00,5.583044356856933,5.622710707968582,5.35496260153485,5.513628005981445,58400,0.0,0.0
2015-04-06 00:00:00-04:00,5.553294009349662,5.6881598784001834,5.364878616937669,5.483878135681152,46200,0.0,0.0
2015-04-07 00:00:00-04:00,5.553294270616022,5.6623769709045,5.424378395080566,5.424378395080566,35700,0.0,0.0
2015-04-08 00:00:00-04:00,5.721876270521948,5.721876270521948,5.454128178838814,5.473961353302002,3700,0.0,0.0
2015-04-09 00:00:00-04:00,5.255796688588855,5.473961618243169,5.255796688588855,5.305379390716553,1300,0.0,0.0
2015-04-10 00:00:00-04:00,5.39462891655069,5.39462891655069,5.305379390716553,5.305379390716553,8100,0.0,0.0
2015-04-13 00:00:00-04:00,5.226046475503173,5.295462823078044,5.037631080251537,5.245879650115967,11000,0.0,0.0
2015-04-14 00:00:00-04:00,5.245879650115967,5.245879650115967,5.245879650115967,5.245879650115967,0,0.0,0.0
2015-04-15 00:00:00-04:00,5.067381395941663,5.702043496156482,5.067381395941663,5.602877616882324,6600,0.0,0.0
2015-04-16 00:00:00-04:00,5.305379174978112,5.652459967199077,5.305379174978112,5.40950345993042,3500,0.0,0.0
2015-04-17 00:00:00-04:00,5.216130298340431,5.3946288758001435,5.206213474273682,5.206213474273682,6800,0.0,0.0
2015-04-20 00:00:00-04:00,5.2954631840464,5.2954631840464,5.057464599609375,5.057464599609375,900,0.0,0.0
2015-04-21 00:00:00-04:00,5.077297471257932,5.166546994180027,4.8383077861361565,5.017797946929932,24500,0.0,0.0
2015-04-22 00:00:00-04:00,4.958298683166504,4.958298683166504,4.938465507348246,4.958298683166504,3500,0.0,0.0
2015-04-23 00:00:00-04:00,4.819466199169929,5.087214295076025,4.759966674841928,5.017797946929932,31400,0.0,0.0
2015-04-24 00:00:00-04:00,5.090189193484633,5.090189193484633,4.819466326970315,4.988048553466797,16000,0.0,0.0
2015-04-27 00:00:00-04:00,5.057464338759477,5.483878309298341,5.007881637835085,5.226046562194824,35900,0.0,0.0
2015-04-28 00:00:00-04:00,5.4640449610630295,5.7020430528163955,5.335129091599869,5.592960357666016,41700,0.0,0.0
2015-04-29 00:00:00-04:00,5.672293235040752,5.900374983310549,5.335129261016846,5.335129261016846,49400,0.0,0.0
2015-04-30 00:00:00-04:00,5.4045451783872975,5.434295177459717,5.4045451783872975,5.434295177459717,300,0.0,0.0
2015-05-01 00:00:00-04:00,5.107047596359067,5.573127451570464,4.978131720691588,5.315296173095703,6100,0.0,0.0
2015-05-04 00:00:00-04:00,5.255796826609281,5.315296354441133,5.05746459430956,5.1665472984313965,4300,0.0,0.0
2015-05-05 00:00:00-04:00,5.56321109466961,5.56321109466961,5.424378395080566,5.424378395080566,1200,0.0,0.0
2015-05-06 00:00:00-04:00,5.374795436859131,5.374795436859131,5.374795436859131,5.374795436859131,200,0.0,0.0
2015-05-07 00:00:00-04:00,5.374795436859131,5.374795436859131,5.374795436859131,5.374795436859131,0,0.0,0.0
2015-05-08 00:00:00-04:00,5.116963863372803,5.354962435524663,5.087214337391439,5.116963863372803,3600,0.0,0.0
2015-05-11 00:00:00-04:00,5.345045699566539,5.345045699566539,5.315296173095703,5.315296173095703,2100,0.0,0.0
2015-05-12 00:00:00-04:00,5.146713907320958,5.245879782894925,5.126880732206164,5.216130256652832,4500,0.0,0.0
2015-05-13 00:00:00-04:00,5.115972518920898,5.115972518920898,5.115972518920898,5.115972518920898,1000,0.0,0.0
2015-05-14 00:00:00-04:00,5.115972518920898,5.115972518920898,5.115972518920898,5.115972518920898,0,0.0,0.0
2015-05-15 00:00:00-04:00,5.2458798539790505,5.2954630288680065,4.869049048831545,5.145722389221191,30000,0.0,0.0
2015-05-18 00:00:00-04:00,4.90871537386564,5.09713077545166,4.90871537386564,5.09713077545166,7600,0.0,0.0
2015-05-19 00:00:00-04:00,4.958298683166504,5.107047738233541,4.958298683166504,4.958298683166504,1100,0.0,0.0
2015-05-20 00:00:00-04:00,4.958298473431489,5.047547997268516,4.958298473431489,5.0058979988098145,1900,0.0,0.0
2015-05-21 00:00:00-04:00,5.007881859142253,5.007881859142253,4.958298683166504,4.958298683166504,500,0.0,0.0
2015-05-22 00:00:00-04:00,5.047548168148664,5.047548168148664,4.958298641290175,4.968215465545654,2000,0.0,0.0
2015-05-26 00:00:00-04:00,4.958298683166504,5.057464562257792,4.958298683166504,4.958298683166504,5000,0.0,0.0
2015-05-27 00:00:00-04:00,4.859132547609355,4.90871524810791,4.859132547609355,4.90871524810791,1800,0.0,0.0
2015-05-28 00:00:00-04:00,4.908715162529701,4.908715162529701,4.759966590767123,4.8194661140441895,7600,0.0,0.0
2015-05-29 00:00:00-04:00,4.908715469458035,4.958298645052644,4.809549591129024,4.859132766723633,1500,0.0,0.0
2015-06-01 00:00:00-04:00,5.037631347715854,5.037631347715854,4.859132766723633,4.859132766723633,2800,0.0,0.0
2015-06-02 00:00:00-04:00,4.8591327278157355,4.8591327278157355,4.759966850280762,4.759966850280762,500,0.0,0.0
2015-06-03 00:00:00-04:00,4.84921585901364,4.84921585901364,4.660800457000732,4.660800457000732,700,0.0,0.0
2015-06-04 00:00:00-04:00,4.859132804075216,4.958298683166504,4.859132804075216,4.958298683166504,500,0.0,0.0
2015-06-05 00:00:00-04:00,4.81946606889632,4.859132417376111,4.81946606889632,4.829382419586182,600,0.0,0.0
2015-06-08 00:00:00-04:00,4.878965856494349,4.928548558355839,4.759966804594535,4.769883155822754,1000,0.0,0.0
2015-06-09 00:00:00-04:00,4.759966888394621,4.869049118126431,4.759966888394621,4.859132766723633,2700,0.0,0.0
2015-06-10 00:00:00-04:00,4.69055019981199,4.852190829936962,4.680633376262157,4.720300197601318,2600,0.0,0.0
2015-06-11 00:00:00-04:00,4.670717415326596,4.670717415326596,4.631051063537598,4.631051063537598,1000,0.0,0.0
2015-06-12 00:00:00-04:00,4.631050801307482,5.275629690670184,4.244303656833935,4.90871524810791,77600,0.0,0.0
2015-06-15 00:00:00-04:00,4.888882029779521,4.918632028101749,4.591384410858154,4.591384410858154,6200,0.0,0.0
2015-06-16 00:00:00-04:00,4.512051623489158,4.610225906725971,4.472385275081971,4.502134799957275,5100,0.0,0.0
2015-06-17 00:00:00-04:00,4.4922188372708565,4.710383772352919,4.412885660744439,4.521968364715576,15100,0.0,0.0
2015-06-18 00:00:00-04:00,4.809549598942901,4.8293827746409255,4.631051017660681,4.64096736907959,1900,0.0,0.0
2015-06-19 00:00:00-04:00,4.8293827706277845,4.859132770580204,4.6211341895414755,4.750050067901611,11000,0.0,0.0
2015-06-22 00:00:00-04:00,5.037631310516103,5.047548134705878,4.621134151749618,4.65088415145874,5800,0.0,0.0
2015-06-23 00:00:00-04:00,4.898799174543444,4.908715526060588,4.631051063537598,4.631051063537598,500,0.0,0.0
2015-06-24 00:00:00-04:00,4.878965993473856,4.878965993473856,4.63105105862547,4.740133762359619,4200,0.0,0.0
2015-06-25 00:00:00-04:00,4.740133762359619,4.740133762359619,4.740133762359619,4.740133762359619,0,0.0,0.0
2015-06-26 00:00:00-04:00,4.898798979609347,4.898798979609347,4.67270040512085,4.67270040512085,900,0.0,0.0
2015-06-29 00:00:00-04:00,4.621134281158447,4.621134281158447,4.621134281158447,4.621134281158447,200,0.0,0.0
2015-06-30 00:00:00-04:00,4.621134281158447,4.621134281158447,4.621134281158447,4.621134281158447,300,0.0,0.0
2015-07-01 00:00:00-04:00,4.621133933214685,4.660800282377544,4.5368428230285645,4.5368428230285645,8400,0.0,0.0
2015-07-02 00:00:00-04:00,4.323636655764002,4.462468888792233,4.184803949875553,4.4029693603515625,30300,0.0,0.0
2015-07-06 00:00:00-04:00,4.2046367140432,4.502134799957275,4.2046367140432,4.502134799957275,1700,0.0,0.0
2015-07-07 00:00:00-04:00,4.254219986172801,4.254219986172801,3.5630331632522756,3.877389430999756,13100,0.0,0.0
2015-07-08 00:00:00-04:00,3.9864718898867206,4.0162218883093885,3.7683067321777344,3.7683067321777344,1500,0.0,0.0
2015-07-09 00:00:00-04:00,3.718723773956299,3.718723773956299,3.718723773956299,3.718723773956299,200,0.0,0.0
2015-07-10 00:00:00-04:00,3.817889858516887,4.026138439241463,3.698890804634331,3.9963889122009277,34800,0.0,0.0
2015-07-13 00:00:00-04:00,3.867472955712253,3.867472955712253,3.688974142074585,3.688974142074585,28400,0.0,0.0
2015-07-14 00:00:00-04:00,3.7484735575160166,3.7683067321777344,3.579891336461325,3.7683067321777344,8600,0.0,0.0
2015-07-15 00:00:00-04:00,3.760373717242601,3.760373717242601,3.639391252074905,3.6780660152435303,3300,0.0,0.0
2015-07-16 00:00:00-04:00,3.556091590428001,3.6691408756612436,3.520391828587508,3.546175003051758,3400,0.0,0.0
2015-07-17 00:00:00-04:00,3.5203919814339457,3.669141034965986,3.5203919814339457,3.619558095932007,5100,0.0,0.0
2015-07-20 00:00:00-04:00,3.520392005930238,3.523367005935988,3.0443953150316596,3.0741450786590576,54200,0.0,0.0
2015-07-21 00:00:00-04:00,2.9848956629943757,3.421225984149125,2.974979075533136,3.1038949489593506,47700,0.0,0.0
2015-07-22 00:00:00-04:00,2.9253961162899302,3.2526437364869754,2.8758131793555437,3.054311752319336,50500,0.0,0.0
2015-07-23 00:00:00-04:00,3.0741449709437574,3.093978146000419,3.0245620333021024,3.0443952083587646,4500,0.0,0.0
2015-07-24 00:00:00-04:00,3.044395099580486,3.044395099580486,2.8758131176224064,3.0146453380584717,3400,0.0,0.0
2015-07-27 00:00:00-04:00,3.034478654935511,3.0543118302150822,2.508899037166689,2.54856538772583,9000,0.0,0.0
2015-07-28 00:00:00-04:00,2.5783151564867923,2.6278983312281574,2.320483640838113,2.330400228500366,34500,0.0,0.0
2015-07-29 00:00:00-04:00,2.2609841537723936,2.538648849523729,2.2609841537723936,2.4295663833618164,72600,0.0,0.0
2015-07-30 00:00:00-04:00,2.4295663833618164,2.4295663833618164,2.4295663833618164,2.4295663833618164,0,0.0,0.0
2015-07-31 00:00:00-04:00,2.3720500469207764,2.3720500469207764,2.3720500469207764,2.3720500469207764,100,0.0,0.0
2015-08-03 00:00:00-04:00,2.290733792481501,2.290733792481501,2.2312342687253794,2.2411508560180664,3600,0.0,0.0
2015-08-04 00:00:00-04:00,2.2798257514072287,2.2798257514072287,2.2114012241363525,2.2114012241363525,600,0.0,0.0
2015-08-05 00:00:00-04:00,2.2014845496016733,2.231234312057495,2.2014845496016733,2.231234312057495,1600,0.0,0.0
2015-08-06 00:00:00-04:00,2.2262758786539307,2.2312342905638505,1.7849873851650617,1.9634861946105957,44700,0.0,0.0
2015-08-07 00:00:00-04:00,1.9634862176395926,1.9634862176395926,1.6263218877885899,1.7949039936065674,44800,0.0,0.0
2015-08-10 00:00:00-04:00,1.656071712025831,2.2114012241363525,1.656071712025831,2.2114012241363525,62500,0.0,0.0
2015-08-11 00:00:00-04:00,2.1519017319812326,2.4295664334578255,1.874236912289585,2.3105671405792236,23900,0.0,0.0
2015-08-12 00:00:00-04:00,2.2510674354118887,2.2510674354118887,2.2411508481539983,2.2431342601776123,1000,0.0,0.0
2015-08-13 00:00:00-04:00,2.280817153928685,2.6407897610662223,2.032902240753174,2.032902240753174,15900,0.0,0.0
2015-08-14 00:00:00-04:00,2.0527355349049174,2.3799834002014255,2.0329023596057474,2.3313920497894287,9800,0.0,0.0
2015-08-17 00:00:00-04:00,2.3016422831408803,2.677481261815141,2.3006504588764467,2.6576480865478516,13600,0.0,0.0
2015-08-18 00:00:00-04:00,2.6080650632980094,2.677481174468994,2.578315064937496,2.677481174468994,5300,0.0,0.0
2015-08-19 00:00:00-04:00,2.479149211300965,2.677481195491061,2.479149211300965,2.508898973464966,6500,0.0,0.0
2015-08-20 00:00:00-04:00,2.677481174468994,2.677481174468994,2.538648715696933,2.677481174468994,7100,0.0,0.0
2015-08-21 00:00:00-04:00,2.6576479998487126,2.677481174468994,2.5981482395577773,2.677481174468994,1400,0.0,0.0
2015-08-24 00:00:00-04:00,2.6576479569790274,2.6873977184295654,2.598148197647864,2.6873977184295654,3100,0.0,0.0
2015-08-25 00:00:00-04:00,3.024562060011874,3.024562060011874,2.8758132457733154,2.8758132457733154,2800,0.0,0.0
2015-08-26 00:00:00-04:00,3.044395235243682,3.3518099241969,2.8758132457733154,2.8758132457733154,12900,0.0,0.0
2015-08-27 00:00:00-04:00,2.8758131589817997,3.0047287940979004,2.8758131589817997,3.0047287940979004,1600,0.0,0.0
2015-08-28 00:00:00-04:00,3.2030607786788585,3.7187237922961898,3.2030607786788585,3.2228939533233643,12200,0.0,0.0
2015-08-31 00:00:00-04:00,3.371642949182815,3.371642949182815,3.004728750884467,3.0146453380584717,5000,0.0,0.0
2015-09-01 00:00:00-04:00,2.836146655676116,2.984895706176758,2.836146655676116,2.984895706176758,1800,0.0,0.0
2015-09-02 00:00:00-04:00,3.2129773660011116,3.2228939533233643,3.1733110167121,3.2228939533233643,400,0.0,0.0
2015-09-03 00:00:00-04:00,3.490642047306213,3.490642047306213,3.3220598264049745,3.3319764137268066,1400,0.0,0.0
2015-09-04 00:00:00-04:00,3.163394512083461,3.312143325805664,3.163394512083461,3.312143325805664,2300,0.0,0.0
2015-09-08 00:00:00-04:00,3.3220599572700404,3.3220599572700404,3.3022267818450928,3.3022267818450928,400,0.0,0.0
2015-09-09 00:00:00-04:00,3.148519524999589,3.148519524999589,2.766730546951294,2.766730546951294,4900,0.0,0.0
2015-09-10 00:00:00-04:00,2.9253962134423013,3.085053441174306,2.4692327056365735,2.5981483459472656,6200,0.0,0.0
2015-09-11 00:00:00-04:00,2.479149341583252,2.479149341583252,2.479149341583252,2.479149341583252,100,0.0,0.0
2015-09-14 00:00:00-04:00,2.4890659294923805,2.4989825174015095,2.479149341583252,2.479149341583252,1200,0.0,0.0
2015-09-15 00:00:00-04:00,2.479149341583252,2.479149341583252,2.479149341583252,2.479149341583252,300,0.0,0.0
2015-09-16 00:00:00-04:00,2.4791493155716475,2.4791493155716475,1.983319452457318,2.0527355670928955,7300,0.0,0.0
2015-09-17 00:00:00-04:00,2.2788340112405123,2.479149167512006,2.263959012206201,2.4097330570220947,3400,0.0,0.0
2015-09-18 00:00:00-04:00,2.409733244016282,2.5287322998046875,2.17867648395401,2.5287322998046875,5400,0.0,0.0
2015-09-21 00:00:00-04:00,2.7270641288449573,3.3220598442027294,2.7270641288449573,3.164386034011841,5000,0.0,0.0
2015-09-22 00:00:00-04:00,3.125711405415141,3.153477993105402,2.498982489198967,2.6477315425872803,19000,0.0,0.0
2015-09-23 00:00:00-04:00,2.5783151394244244,2.697314427014066,2.5783151394244244,2.6596312522888184,800,0.0,0.0
2015-09-24 00:00:00-04:00,2.7082226276397705,2.7082226276397705,2.7082226276397705,2.7082226276397705,300,0.0,0.0
2015-09-25 00:00:00-04:00,2.7270640682741285,2.7270640682741285,2.5207989135982656,2.5773234367370605,700,0.0,0.0
2015-09-28 00:00:00-04:00,2.479149266529165,2.550548791885376,2.479149266529165,2.550548791885376,2800,0.0,0.0
2015-09-29 00:00:00-04:00,2.479149232123792,2.667564630508423,2.479149232123792,2.667564630508423,3900,0.0,0.0
2015-09-30 00:00:00-04:00,2.4989825174015095,2.4989825174015095,2.479149341583252,2.479149341583252,1100,0.0,0.0
2015-10-01 00:00:00-04:00,2.527740603610434,2.6179817158838126,2.527740603610434,2.608065128326416,3600,0.0,0.0
2015-10-02 00:00:00-04:00,2.608065128326416,2.608065128326416,2.608065128326416,2.608065128326416,0,0.0,0.0
2015-10-05 00:00:00-04:00,2.676489485258949,2.677481309541062,2.538648843765259,2.538648843765259,3100,0.0,0.0
2015-10-06 00:00:00-04:00,2.538648715696933,2.974979030203307,2.538648715696933,2.677481174468994,16100,0.0,0.0
2015-10-07 00:00:00-04:00,3.173311174078039,3.2724770522182487,2.9650625935534967,3.024562120437622,13700,0.0,0.0
2015-10-08 00:00:00-04:00,3.0245620808365663,3.0711700193092097,2.8758132655738433,2.925396203994751,4500,0.0,0.0
2015-10-09 00:00:00-04:00,2.8658965336392206,3.123728036880493,2.6477313791381305,3.123728036880493,5000,0.0,0.0
2015-10-12 00:00:00-04:00,3.2228939533233643,3.2228939533233643,3.2228939533233643,3.2228939533233643,200,0.0,0.0
2015-10-13 00:00:00-04:00,3.2228939533233643,3.2228939533233643,3.2228939533233643,3.2228939533233643,0,0.0,0.0
2015-10-14 00:00:00-04:00,3.2228939533233643,3.2228939533233643,3.2228939533233643,3.2228939533233643,0,0.0,0.0
2015-10-15 00:00:00-04:00,3.113811492919922,3.113811492919922,3.113811492919922,3.113811492919922,200,0.0,0.0
2015-10-16 00:00:00-04:00,3.1931443214416504,3.1931443214416504,3.1931443214416504,3.1931443214416504,700,0.0,0.0
2015-10-19 00:00:00-04:00,3.123728058828323,3.18322758235665,3.123728058828323,3.1733109951019287,2800,0.0,0.0
2015-10-20 00:00:00-04:00,2.945229251813253,3.1733109951019287,2.945229251813253,3.1733109951019287,300,0.0,0.0
2015-10-21 00:00:00-04:00,3.153477907180786,3.153477907180786,3.153477907180786,3.153477907180786,100,0.0,0.0
2015-10-22 00:00:00-04:00,3.153477907180786,3.153477907180786,3.153477907180786,3.153477907180786,0,0.0,0.0
2015-10-23 00:00:00-04:00,3.153477907180786,3.153477907180786,3.153477907180786,3.153477907180786,0,0.0,0.0
2015-10-26 00:00:00-04:00,3.0146453539674005,3.0146453539674005,2.6824393272399902,2.6824393272399902,1200,0.0,0.0
2015-10-27 00:00:00-04:00,2.67748112739558,2.88572969367736,2.578315019607544,2.578315019607544,900,0.0,0.0
2015-10-28 00:00:00-04:00,2.479149259727552,2.8777964115142822,2.479149259727552,2.8777964115142822,800,0.0,0.0
2015-10-29 00:00:00-04:00,2.8777964115142822,2.8777964115142822,2.8777964115142822,2.8777964115142822,0,0.0,0.0
2015-10-30 00:00:00-04:00,2.95514598671582,3.034478688717286,2.8857298724645375,2.9749791622161865,4700,0.0,0.0
2015-11-02 00:00:00-05:00,2.8361467391692337,2.9650626182556152,2.8361467391692337,2.9650626182556152,1700,0.0,0.0
2015-11-03 00:00:00-05:00,2.9749791622161865,2.9749791622161865,2.8758132847143543,2.9749791622161865,600,0.0,0.0
2015-11-04 00:00:00-05:00,2.9749791622161865,2.9749791622161865,2.9749791622161865,2.9749791622161865,0,0.0,0.0
2015-11-05 00:00:00-05:00,2.736980720079373,2.850030005457401,2.7270641326904297,2.7270641326904297,500,0.0,0.0
2015-11-06 00:00:00-05:00,2.7270641326904297,2.7270641326904297,2.7270641326904297,2.7270641326904297,0,0.0,0.0
2015-11-09 00:00:00-05:00,2.7270641326904297,2.7270641326904297,2.7270641326904297,2.7270641326904297,0,0.0,0.0
2015-11-10 00:00:00-05:00,2.677481174468994,2.677481174468994,2.677481174468994,2.677481174468994,200,0.0,0.0
2015-11-11 00:00:00-05:00,2.677481174468994,2.677481174468994,2.677481174468994,2.677481174468994,0,0.0,0.0
2015-11-12 00:00:00-05:00,2.7766470909118652,2.7766470909118652,2.7766470909118652,2.7766470909118652,100,0.0,0.0
2015-11-13 00:00:00-05:00,2.7270641326904297,2.7270641326904297,2.7270641326904297,2.7270641326904297,300,0.0,0.0
2015-11-16 00:00:00-05:00,2.5584818596514096,2.794497013092041,2.4890657493124415,2.794497013092041,600,0.0,0.0
2015-11-17 00:00:00-05:00,2.794497013092041,2.794497013092041,2.794497013092041,2.794497013092041,0,0.0,0.0
2015-11-18 00:00:00-05:00,2.816313467031748,2.816313467031748,2.608065128326416,2.608065128326416,300,0.0,0.0
2015-11-19 00:00:00-05:00,2.8123469367563185,2.8163135245743027,2.757805585861206,2.757805585861206,2400,0.0,0.0
2015-11-20 00:00:00-05:00,2.7270641326904297,2.7270641326904297,2.7270641326904297,2.7270641326904297,4000,0.0,0.0
2015-11-23 00:00:00-05:00,2.4097330570220947,2.4097330570220947,2.4097330570220947,2.4097330570220947,200,0.0,0.0
2015-11-24 00:00:00-05:00,2.2590010166168213,2.2590010166168213,2.2590010166168213,2.2590010166168213,300,0.0,0.0
2015-11-25 00:00:00-05:00,2.419649839401245,2.419649839401245,2.419649839401245,2.419649839401245,100,0.0,0.0
2015-11-27 00:00:00-05:00,2.419649839401245,2.419649839401245,2.419649839401245,2.419649839401245,0,0.0,0.0
2015-11-30 00:00:00-05:00,2.593190247838647,2.593190247838647,2.419649839401245,2.419649839401245,700,0.0,0.0
2015-12-01 00:00:00-05:00,2.419649839401245,2.419649839401245,2.419649839401245,2.419649839401245,0,0.0,0.0
2015-12-02 00:00:00-05:00,2.419649839401245,2.419649839401245,2.419649839401245,2.419649839401245,0,0.0,0.0
2015-12-03 00:00:00-05:00,2.419649839401245,2.419649839401245,2.419649839401245,2.419649839401245,0,0.0,0.0
2015-12-04 00:00:00-05:00,2.5039407302520345,2.5039407302520345,2.360150098800659,2.360150098800659,700,0.0,0.0
2015-12-07 00:00:00-05:00,2.276850700378418,2.276850700378418,2.276850700378418,2.276850700378418,700,0.0,0.0
2015-12-08 00:00:00-05:00,2.389899969100952,2.389899969100952,2.389899969100952,2.389899969100952,100,0.0,0.0
2015-12-09 00:00:00-05:00,2.389899969100952,2.389899969100952,2.389899969100952,2.389899969100952,0,0.0,0.0
2015-12-10 00:00:00-05:00,2.389899969100952,2.389899969100952,2.389899969100952,2.389899969100952,0,0.0,0.0
2015-12-11 00:00:00-05:00,2.389899969100952,2.389899969100952,2.389899969100952,2.389899969100952,0,0.0,0.0
2015-12-14 00:00:00-05:00,2.389899969100952,2.389899969100952,2.389899969100952,2.389899969100952,0,0.0,0.0
2015-12-15 00:00:00-05:00,2.3085837364196777,2.3085837364196777,2.3085837364196777,2.3085837364196777,300,0.0,0.0
2015-12-16 00:00:00-05:00,2.3085837364196777,2.3085837364196777,2.3085837364196777,2.3085837364196777,0,0.0,0.0
2015-12-17 00:00:00-05:00,2.1320684620640424,2.984895705031601,2.0626521124276556,2.822263479232788,8100,0.0,0.0
2015-12-18 00:00:00-05:00,3.0543117529556514,3.0543117529556514,2.7270641326904297,2.7270641326904297,2000,0.0,0.0
2015-12-21 00:00:00-05:00,2.7270641326904297,2.7270641326904297,2.7270641326904297,2.7270641326904297,200,0.0,0.0
2015-12-22 00:00:00-05:00,2.508898973464966,2.508898973464966,2.508898973464966,2.508898973464966,200,0.0,0.0
2015-12-23 00:00:00-05:00,2.97497907664059,2.97497907664059,2.7766470909118652,2.7766470909118652,1900,0.0,0.0
2015-12-24 00:00:00-05:00,2.28081718778682,2.7766470214983063,2.28081718778682,2.518815517425537,7800,0.0,0.0
2015-12-28 00:00:00-05:00,2.1221518481484236,2.5039408206939697,2.062652086850733,2.5039408206939697,12500,0.0,0.0
2015-12-29 00:00:00-05:00,2.3264337208455674,2.3661000728607178,2.3264337208455674,2.3661000728607178,300,0.0,0.0
2015-12-30 00:00:00-05:00,2.260984108341868,2.95514595198729,2.260984108341868,2.6576480865478516,10000,0.0,0.0
2015-12-31 00:00:00-05:00,2.6179817246880135,3.578899842450621,2.578315137894932,3.2030608654022217,70000,0.0,0.0
2016-01-04 00:00:00-05:00,2.5783152029726635,3.3716431759766556,2.5783152029726635,3.2387607097625732,9900,0.0,0.0
2016-01-05 00:00:00-05:00,2.9154795962369313,2.9749791219323547,2.776647133184178,2.8758132457733154,800,0.0,0.0
2016-01-06 00:00:00-05:00,2.9848957095482587,2.9848957095482587,2.7478889581690273,2.8758132457733154,2200,0.0,0.0
2016-01-07 00:00:00-05:00,2.578315180210328,2.5882317679638254,2.379983425140381,2.379983425140381,5600,0.0,0.0
2016-01-08 00:00:00-05:00,2.2709006403528185,2.2808172277435697,2.1023184182799586,2.1816513538360596,4900,0.0,0.0
2016-01-11 00:00:00-05:00,2.161818199660577,2.241150899542769,2.032902325921921,2.231234312057495,3600,0.0,0.0
2016-01-12 00:00:00-05:00,2.0824852292083555,2.0824852292083555,1.398240112866622,1.556905746459961,12000,0.0,0.0
2016-01-13 00:00:00-05:00,2.181651374396114,2.786563683792853,1.6858215273256378,1.7958956956863403,81600,0.0,0.0
2016-01-14 00:00:00-05:00,1.983319420894652,2.181651410270137,1.5767389727114622,1.6808632612228394,24600,0.0,0.0
2016-01-15 00:00:00-05:00,1.5172392890197373,1.8335787340717329,1.507322701631246,1.7453210353851318,13500,0.0,0.0
2016-01-19 00:00:00-05:00,1.7849873459674805,2.3105669389427335,1.7849873459674805,2.1925594806671143,39000,0.0,0.0
2016-01-20 00:00:00-05:00,2.3304002833439186,2.346266871262947,2.0031526463580343,2.102318525314331,10500,0.0,0.0
2016-01-21 00:00:00-05:00,2.0676104364215537,2.102318373332075,2.032902263080945,2.0824851989746094,3700,0.0,0.0
2016-01-22 00:00:00-05:00,2.0567020484805947,2.1598347454597167,2.0567020484805947,2.132068395614624,6200,0.0,0.0
2016-01-25 00:00:00-05:00,2.0924017705438116,2.140993118286133,2.0924017705438116,2.140993118286133,600,0.0,0.0
2016-01-26 00:00:00-05:00,2.2510673975786615,2.2510673975786615,2.1419849395751953,2.1419849395751953,1400,0.0,0.0
2016-01-27 00:00:00-05:00,2.141985093768741,2.1618182693789056,2.0527355670928955,2.0527355670928955,2200,0.0,0.0
2016-01-28 00:00:00-05:00,2.1816513322619446,2.2411508560180664,2.1618181576765707,2.2411508560180664,1300,0.0,0.0
2016-01-29 00:00:00-05:00,2.1320683758052557,2.3006503582000732,2.1320683758052557,2.3006503582000732,1200,0.0,0.0
2016-02-01 00:00:00-05:00,2.161818289118214,2.2014846407007327,2.0031526463580343,2.102318525314331,5400,0.0,0.0
2016-02-02 00:00:00-05:00,2.1558682289202915,2.278834104537964,2.1558682289202915,2.278834104537964,2000,0.0,0.0
2016-02-03 00:00:00-05:00,2.1261184215545654,2.1261184215545654,2.1261184215545654,2.1261184215545654,400,0.0,0.0
2016-02-04 00:00:00-05:00,2.29073392714139,2.29073392714139,2.2114012241363525,2.2114012241363525,2200,0.0,0.0
2016-02-05 00:00:00-05:00,2.1717348098754883,2.1717348098754883,2.1717348098754883,2.1717348098754883,100,0.0,0.0
2016-02-08 00:00:00-05:00,1.9932359569816973,2.1816513538360596,1.9734027822001954,2.1816513538360596,3600,0.0,0.0
2016-02-09 00:00:00-05:00,2.280817254643726,2.280817254643726,2.1320684420281046,2.175701379776001,1400,0.0,0.0
2016-02-10 00:00:00-05:00,2.118185004563762,2.290733814239502,2.118185004563762,2.290733814239502,7200,0.0,0.0
2016-02-11 00:00:00-05:00,2.37998345642578,2.7270642687907416,2.37998345642578,2.5882318019866943,3300,0.0,0.0
2016-02-12 00:00:00-05:00,2.7171476140322803,2.7270642016720656,2.439482923688191,2.54856538772583,4500,0.0,0.0
2016-02-16 00:00:00-05:00,2.554515470601712,2.676489526177486,2.4692327668423766,2.637814998626709,600,0.0,0.0
2016-02-17 00:00:00-05:00,2.389899969100952,2.389899969100952,2.389899969100952,2.389899969100952,100,0.0,0.0
2016-02-18 00:00:00-05:00,2.477165834450481,2.5009658336639404,2.477165834450481,2.5009658336639404,600,0.0,0.0
2016-02-19 00:00:00-05:00,2.5009658336639404,2.5009658336639404,2.5009658336639404,2.5009658336639404,0,0.0,0.0
2016-02-22 00:00:00-05:00,2.5882318019866943,2.5882318019866943,2.5882318019866943,2.5882318019866943,200,0.0,0.0
2016-02-23 00:00:00-05:00,2.4295663833618164,2.45931614686052,2.4295663833618164,2.4295663833618164,900,0.0,0.0
2016-02-24 00:00:00-05:00,2.382958413960041,2.4365079402923584,2.382958413960041,2.4365079402923584,1300,0.0,0.0
2016-02-25 00:00:00-05:00,2.270900618073806,2.389899902025451,2.270900618073806,2.350233316421509,800,0.0,0.0
2016-02-26 00:00:00-05:00,2.350233316421509,2.350233316421509,2.350233316421509,2.350233316421509,0,0.0,0.0
2016-02-29 00:00:00-05:00,2.350233316421509,2.350233316421509,2.350233316421509,2.350233316421509,0,0.0,0.0
2016-03-01 00:00:00-05:00,2.2014846011040627,2.327425241470337,2.2014846011040627,2.327425241470337,1000,0.0,0.0
2016-03-02 00:00:00-05:00,2.4394829595643746,2.486090898513794,2.4394829595643746,2.486090898513794,2700,0.0,0.0
2016-03-03 00:00:00-05:00,2.4146913606538156,2.4791492991756057,2.330400246653029,2.4345245361328125,3500,0.0,0.0
2016-03-04 00:00:00-05:00,2.4791493026753546,2.72706423294289,2.280817311175306,2.379983425140381,20100,0.0,0.0
2016-03-07 00:00:00-05:00,2.4493995716127515,2.96506261443332,2.4196498079611923,2.5882318019866943,12300,0.0,0.0
2016-03-08 00:00:00-05:00,2.498982338624065,2.498982338624065,2.280817183800683,2.3006503582000732,2400,0.0,0.0
2016-03-09 00:00:00-05:00,2.526749056248635,2.86887145067283,2.387916591791635,2.5981483459472656,9500,0.0,0.0
2016-03-10 00:00:00-05:00,2.687397735411829,2.687397735411829,2.300650361250717,2.4097330570220947,5500,0.0,0.0
2016-03-11 00:00:00-05:00,2.4593161035638103,2.479149278880446,2.350233402892215,2.384941577911377,15300,0.0,0.0
2016-03-14 00:00:00-04:00,2.3095755577087402,2.3095755577087402,2.3095755577087402,2.3095755577087402,300,0.0,0.0
2016-03-15 00:00:00-04:00,2.3095755577087402,2.3095755577087402,2.3095755577087402,2.3095755577087402,0,0.0,0.0
2016-03-16 00:00:00-04:00,2.3006505051039983,2.4295663833618164,2.3006505051039983,2.4295663833618164,1600,0.0,0.0
2016-03-17 00:00:00-04:00,2.4097332076960143,2.479149322526322,2.2907339172710968,2.4295663833618164,11800,0.0,0.0
2016-03-18 00:00:00-04:00,2.4394829899467365,2.6516981603461773,2.4394829899467365,2.479149341583252,19500,0.0,0.0
2016-03-21 00:00:00-04:00,2.578315234424523,2.637814998626709,2.5178241187852737,2.637814998626709,2200,0.0,0.0
2016-03-22 00:00:00-04:00,2.7171475887298584,2.7171475887298584,2.7171475887298584,2.7171475887298584,100,0.0,0.0
2016-03-23 00:00:00-04:00,2.5118739328886144,2.6973143268461097,2.3700667118799936,2.6278982162475586,2900,0.0,0.0
2016-03-24 00:00:00-04:00,2.677481174468994,2.677481174468994,2.677481174468994,2.677481174468994,100,0.0,0.0
2016-03-28 00:00:00-04:00,2.6774813504747623,2.6774813504747623,2.540632294740915,2.637814998626709,1400,0.0,0.0
2016-03-29 00:00:00-04:00,2.4424579283827623,2.5475738048553467,2.4424579283827623,2.5475738048553467,700,0.0,0.0
2016-03-30 00:00:00-04:00,2.6774812809620143,2.6774812809620143,2.3284170627593994,2.3284170627593994,7500,0.0,0.0
2016-03-31 00:00:00-04:00,2.3284170627593994,2.3284170627593994,2.3284170627593994,2.3284170627593994,0,0.0,0.0
2016-04-01 00:00:00-04:00,2.3809748909435275,2.5188155245807846,2.3809748909435275,2.407749652862549,700,0.0,0.0
2016-04-04 00:00:00-04:00,2.2114011997214833,2.2709007263183594,2.2114011997214833,2.2709007263183594,1700,0.0,0.0
2016-04-05 00:00:00-04:00,2.2709007263183594,2.2709007263183594,2.2709007263183594,2.2709007263183594,0,0.0,0.0
2016-04-06 00:00:00-04:00,2.408741202928783,2.408741202928783,2.2897421578503647,2.306600332260132,2000,0.0,0.0
2016-04-07 00:00:00-04:00,2.4791492991756057,2.622939939613383,2.330400246653029,2.4345245361328125,9300,0.0,0.0
2016-04-08 00:00:00-04:00,2.624923304307686,2.624923304307686,2.4989824295043945,2.4989824295043945,700,0.0,0.0
2016-04-11 00:00:00-04:00,2.4989824295043945,2.4989824295043945,2.4989824295043945,2.4989824295043945,0,0.0,0.0
2016-04-12 00:00:00-04:00,2.3204836755061984,2.538648843765259,2.3204836755061984,2.538648843765259,1300,0.0,0.0
2016-04-13 00:00:00-04:00,2.6973143304986738,2.6973143304986738,2.479149174749139,2.5723652839660645,800,0.0,0.0
2016-04-14 00:00:00-04:00,2.482124173217951,2.5178239345550537,2.482124173217951,2.5178239345550537,800,0.0,0.0
2016-04-15 00:00:00-04:00,2.482124322519203,2.592198612965478,2.4295663833618164,2.4295663833618164,3400,0.0,0.0
2016-04-18 00:00:00-04:00,2.4097332262193505,2.5485654569471534,2.4097332262193505,2.479149341583252,2000,0.0,0.0
2016-04-19 00:00:00-04:00,2.469232602545718,2.641781410747862,2.4493994279413425,2.4593160152435303,2700,0.0,0.0
2016-04-20 00:00:00-04:00,2.479149341583252,2.479149341583252,2.479149341583252,2.479149341583252,600,0.0,0.0
2016-04-21 00:00:00-04:00,2.555506944656372,2.555506944656372,2.555506944656372,2.555506944656372,400,0.0,0.0
2016-04-22 00:00:00-04:00,2.555506944656372,2.555506944656372,2.555506944656372,2.555506944656372,0,0.0,0.0
2016-04-25 00:00:00-04:00,2.3809750320515697,2.4295663833618164,2.3105670929368993,2.4295663833618164,600,0.0,0.0
2016-04-26 00:00:00-04:00,2.4295663833618164,2.4295663833618164,2.4295663833618164,2.4295663833618164,0,0.0,0.0
2016-04-27 00:00:00-04:00,2.1320684789807,2.334367056788221,2.1320684789807,2.221317768096924,1800,0.0,0.0
2016-04-28 00:00:00-04:00,2.3125504830520285,2.45931612343931,2.3125504830520285,2.3264336585998535,1900,0.0,0.0
2016-04-29 00:00:00-04:00,2.4890658855438232,2.5703819995349515,2.4890658855438232,2.4890658855438232,3000,0.0,0.0
2016-05-02 00:00:00-04:00,2.558481999682069,2.610048350471092,2.4890658855438232,2.4890658855438232,400,0.0,0.0
2016-05-03 00:00:00-04:00,2.4890658855438232,2.4890658855438232,2.4890658855438232,2.4890658855438232,0,0.0,0.0
2016-05-04 00:00:00-04:00,2.379983464753805,2.424607992172241,2.379983464753805,2.424607992172241,200,0.0,0.0
2016-05-05 00:00:00-04:00,2.568398453510668,2.568398453510668,2.3799832963871705,2.518815517425537,900,0.0,0.0
2016-05-06 00:00:00-04:00,2.518815517425537,2.518815517425537,2.518815517425537,2.518815517425537,0,0.0,0.0
2016-05-09 00:00:00-04:00,2.5545153617858887,2.5545153617858887,2.5545153617858887,2.5545153617858887,100,0.0,0.0
2016-05-10 00:00:00-04:00,2.5545153617858887,2.5545153617858887,2.5545153617858887,2.5545153617858887,0,0.0,0.0
2016-05-11 00:00:00-04:00,2.5882318019866943,2.5882318019866943,2.5882318019866943,2.5882318019866943,100,0.0,0.0
2016-05-12 00:00:00-04:00,2.5882318019866943,2.5882318019866943,2.5882318019866943,2.5882318019866943,0,0.0,0.0
2016-05-13 00:00:00-04:00,2.5882318019866943,2.5882318019866943,2.5882318019866943,2.5882318019866943,0,0.0,0.0
2016-05-16 00:00:00-04:00,2.4940243295767717,2.5356738567352295,2.4196498024036477,2.5356738567352295,700,0.0,0.0
2016-05-17 00:00:00-04:00,2.3304001271073354,2.4652659971622373,2.2808171909533663,2.463282585144043,2400,0.0,0.0
2016-05-18 00:00:00-04:00,2.4692327719104847,2.5287322998046875,2.4593161839281175,2.5287322998046875,9900,0.0,0.0
2016-05-19 00:00:00-04:00,2.479149341583252,2.479149341583252,2.479149341583252,2.479149341583252,100,0.0,0.0
2016-05-20 00:00:00-04:00,2.558481888344478,2.5683984756469727,2.528732126436995,2.5683984756469727,8000,0.0,0.0
2016-05-23 00:00:00-04:00,2.5683984756469727,2.5683984756469727,2.5683984756469727,2.5683984756469727,0,0.0,0.0
2016-05-24 00:00:00-04:00,2.566415309906006,2.566415309906006,2.566415309906006,2.566415309906006,1000,0.0,0.0
2016-05-25 00:00:00-04:00,2.54856538772583,2.54856538772583,2.54856538772583,2.54856538772583,100,0.0,0.0
2016-05-26 00:00:00-04:00,2.4979907376724695,2.52278208732605,2.4979907376724695,2.52278208732605,1000,0.0,0.0
2016-05-27 00:00:00-04:00,2.5683985208637945,2.5683985208637945,2.3403167724609375,2.3403167724609375,3200,0.0,0.0
2016-05-31 00:00:00-04:00,2.3403167724609375,2.3403167724609375,2.3403167724609375,2.3403167724609375,0,0.0,0.0
2016-06-01 00:00:00-04:00,2.5069157739463668,2.5069157739463668,2.350233316421509,2.350233316421509,700,0.0,0.0
2016-06-02 00:00:00-04:00,2.4791493026753546,2.4791493026753546,2.379983425140381,2.379983425140381,1000,0.0,0.0
2016-06-03 00:00:00-04:00,2.379983425140381,2.379983425140381,2.379983425140381,2.379983425140381,0,0.0,0.0
2016-06-06 00:00:00-04:00,2.3799834204694372,2.7568139907928724,2.2828007188178323,2.4890658855438232,35700,0.0,0.0
2016-06-07 00:00:00-04:00,2.4791492333804994,2.9749790800565994,2.4791492333804994,2.939279317855835,19800,0.0,0.0
2016-06-08 00:00:00-04:00,2.965062540519739,3.470808982849121,2.9253961899731364,3.470808982849121,30000,0.0,0.0
2016-06-09 00:00:00-04:00,3.470808968023482,3.470808968023482,3.0840615789859083,3.0939781665802,9000,0.0,0.0
2016-06-10 00:00:00-04:00,3.0939781665802,3.0939781665802,3.0939781665802,3.0939781665802,0,0.0,0.0
2016-06-13 00:00:00-04:00,2.67748121498128,2.994812250137329,2.67748121498128,2.994812250137329,8500,0.0,0.0
2016-06-14 00:00:00-04:00,2.915479635715087,2.9749791622161865,2.915479635715087,2.9749791622161865,300,0.0,0.0
2016-06-15 00:00:00-04:00,2.9958038330078125,2.9958038330078125,2.9958038330078125,2.9958038330078125,200,0.0,0.0
2016-06-16 00:00:00-04:00,2.7766472016557873,2.7766472016557873,2.7518558502197266,2.7518558502197266,500,0.0,0.0
2016-06-17 00:00:00-04:00,2.7637555599212646,2.7637555599212646,2.7637555599212646,2.7637555599212646,100,0.0,0.0
2016-06-20 00:00:00-04:00,2.61798166797724,2.6735146045684814,2.61798166797724,2.6735146045684814,300,0.0,0.0
2016-06-21 00:00:00-04:00,2.627898244230212,2.627898244230212,2.3601501497832205,2.4573326110839844,2600,0.0,0.0
2016-06-22 00:00:00-04:00,2.4573326110839844,2.4573326110839844,2.4573326110839844,2.4573326110839844,0,0.0,0.0
2016-06-23 00:00:00-04:00,2.414691209793091,2.414691209793091,2.414691209793091,2.414691209793091,100,0.0,0.0
2016-06-24 00:00:00-04:00,2.1618181576765707,2.268917442295644,2.0626520483196105,2.2411508560180664,3400,0.0,0.0
2016-06-27 00:00:00-04:00,2.24115092485013,2.280817275239143,2.24115092485013,2.2798256874084473,2400,0.0,0.0
2016-06-28 00:00:00-04:00,2.4593160785353674,2.608065128326416,2.4593160785353674,2.608065128326416,2700,0.0,0.0
2016-06-29 00:00:00-04:00,2.5267491240662783,2.65268976779933,2.5267491240662783,2.5287322998046875,1200,0.0,0.0
2016-06-30 00:00:00-04:00,2.627898282310933,2.627898282310933,2.449399471282959,2.449399471282959,500,0.0,0.0
2016-07-01 00:00:00-04:00,2.652689566103425,2.677481152389381,2.5981482181323763,2.6278982162475586,1200,0.0,0.0
2016-07-05 00:00:00-04:00,2.6278982162475586,2.6278982162475586,2.6278982162475586,2.6278982162475586,0,0.0,0.0
2016-07-06 00:00:00-04:00,2.5981482596627923,2.672522783279419,2.5783150848890375,2.672522783279419,3300,0.0,0.0
2016-07-07 00:00:00-04:00,2.6159983205421677,2.766730546951294,2.6159983205421677,2.766730546951294,2500,0.0,0.0
2016-07-08 00:00:00-04:00,2.776647008028963,2.9055628776550293,2.776647008028963,2.9055628776550293,1800,0.0,0.0
2016-07-11 00:00:00-04:00,2.7964803962624014,2.801438808441162,2.7171476928430756,2.801438808441162,1300,0.0,0.0
2016-07-12 00:00:00-04:00,2.677481238540095,2.875813225919009,2.625914888721364,2.7171475887298584,3000,0.0,0.0
2016-07-13 00:00:00-04:00,2.7171475887298584,2.7171475887298584,2.7171475887298584,2.7171475887298584,0,0.0,0.0
2016-07-14 00:00:00-04:00,2.826230049133301,2.826230049133301,2.826230049133301,2.826230049133301,100,0.0,0.0
2016-07-15 00:00:00-04:00,2.836146593093872,2.836146593093872,2.836146593093872,2.836146593093872,300,0.0,0.0
2016-07-18 00:00:00-04:00,2.978945732116699,2.978945732116699,2.978945732116699,2.978945732116699,200,0.0,0.0
2016-07-19 00:00:00-04:00,2.9055628776550293,2.9055628776550293,2.9055628776550293,2.9055628776550293,2100,0.0,0.0
2016-07-20 00:00:00-04:00,3.0344786643981934,3.0344786643981934,3.0344786643981934,3.0344786643981934,500,0.0,0.0
2016-07-21 00:00:00-04:00,3.0344786643981934,3.0344786643981934,3.0344786643981934,3.0344786643981934,0,0.0,0.0
2016-07-22 00:00:00-04:00,3.0860450395902794,3.837723005772432,2.83614669728352,2.9749791622161865,158000,0.0,0.0
2016-07-25 00:00:00-04:00,3.064228471693706,3.064228471693706,2.736980837400912,3.024562120437622,20000,0.0,0.0
2016-07-26 00:00:00-04:00,2.7726806285847148,2.9650626232474333,2.7726806285847148,2.964071035385132,1300,0.0,0.0
2016-07-27 00:00:00-04:00,2.875813201991275,2.875813201991275,2.7766470909118652,2.7766470909118652,2000,0.0,0.0
2016-07-28 00:00:00-04:00,2.697314350926465,2.895646333694458,2.697314350926465,2.895646333694458,1600,0.0,0.0
2016-07-29 00:00:00-04:00,2.76871395111084,2.76871395111084,2.76871395111084,2.76871395111084,200,0.0,0.0
2016-08-01 00:00:00-04:00,2.955145878154574,2.955145878154574,2.836146593093872,2.836146593093872,4800,0.0,0.0
2016-08-02 00:00:00-04:00,2.935312704526147,3.1237281013614275,2.8361465941985866,2.9452292919158936,2900,0.0,0.0
2016-08-03 00:00:00-04:00,2.974979107023603,3.272476970439944,2.974979107023603,3.2050442695617676,5000,0.0,0.0
2016-08-04 00:00:00-04:00,3.2129773447096026,3.7187237676532394,3.0741448866879755,3.282393455505371,17100,0.0,0.0
2016-08-05 00:00:00-04:00,3.2923101256013987,4.065804660363951,2.9561375017870204,3.5898079872131348,46500,0.0,0.0
2016-08-08 00:00:00-04:00,3.56997487875224,3.638399404748611,3.4123010635375977,3.4123010635375977,5800,0.0,0.0
2016-08-09 00:00:00-04:00,3.4123010592272283,3.9468056788818138,3.381559708353241,3.8466479778289795,12000,0.0,0.0
2016-08-10 00:00:00-04:00,3.912097574905511,3.912097574905511,3.6691410541534424,3.6691410541534424,6100,0.0,0.0
2016-08-11 00:00:00-04:00,3.738557076796149,3.9666388283401135,3.733598901204375,3.7980566024780273,5000,0.0,0.0
2016-08-12 00:00:00-04:00,3.966638780607123,4.287936404566973,3.966638780607123,4.2443037033081055,24500,0.0,0.0
2016-08-15 00:00:00-04:00,4.264136921287213,4.264136921287213,3.9666388205982654,4.125304222106934,8600,0.0,0.0
2016-08-16 00:00:00-04:00,4.164970779952019,4.293886661529541,4.115388075940816,4.293886661529541,9300,0.0,0.0
2016-08-17 00:00:00-04:00,4.293886314419971,4.293886314419971,4.036055044967732,4.155054092407227,1500,0.0,0.0
2016-08-18 00:00:00-04:00,4.303803443908691,4.422802499802703,3.966638979348777,4.303803443908691,12600,0.0,0.0
2016-08-19 00:00:00-04:00,4.067788216605832,4.303803135754939,3.9468055207738386,4.045971393585205,10700,0.0,0.0
2016-08-22 00:00:00-04:00,3.9666386575540247,4.293886271144603,3.7326069162322346,4.27405309677124,14900,0.0,0.0
2016-08-23 00:00:00-04:00,4.3137196620031295,4.88888222055552,4.15505425905356,4.333552837371826,37500,0.0,0.0
2016-08-24 00:00:00-04:00,4.125304114088035,4.214553636529807,3.9864718914031982,3.9864718914031982,13300,0.0,0.0
2016-08-25 00:00:00-04:00,3.946805548493078,3.946805548493078,3.5699747563031425,3.6026995182037354,8000,0.0,0.0
2016-08-26 00:00:00-04:00,3.748473640918931,4.006305153688061,3.5402250659073076,3.9666388034820557,5800,0.0,0.0
2016-08-29 00:00:00-04:00,3.966638761504766,3.966638761504766,3.8674728870391846,3.8674728870391846,1600,0.0,0.0
2016-08-30 00:00:00-04:00,3.9864719118597858,4.145137310028076,3.8674728632335675,4.145137310028076,5200,0.0,0.0
2016-08-31 00:00:00-04:00,4.145137310028076,4.145137310028076,4.145137310028076,4.145137310028076,300,0.0,0.0
2016-09-01 00:00:00-04:00,3.9329224530929707,4.065804678997068,3.7683068160219335,3.9666388034820557,62200,0.0,0.0
2016-09-02 00:00:00-04:00,4.145137402582183,4.145137402582183,3.825823187066699,4.01622200012207,2900,0.0,0.0
2016-09-06 00:00:00-04:00,3.887306038537404,3.976555561449393,3.738556991304151,3.81788969039917,19000,0.0,0.0
2016-09-07 00:00:00-04:00,3.827806383501614,4.264136949864984,3.7683068575371044,3.9567222595214844,7400,0.0,0.0
2016-09-08 00:00:00-04:00,3.9567221049467056,4.135220912297033,3.718723773956299,3.718723773956299,4000,0.0,0.0
2016-09-09 00:00:00-04:00,3.867472934343843,3.867472934343843,3.4906421339052716,3.6393911838531494,4100,0.0,0.0
2016-09-12 00:00:00-04:00,3.4013929277523967,3.7583903252271478,3.371643164332009,3.619558095932007,8600,0.0,0.0
2016-09-13 00:00:00-04:00,3.520391874670752,3.599724811149285,3.520391874670752,3.5898079872131348,2500,0.0,0.0
2016-09-14 00:00:00-04:00,3.4708090619261425,3.520392001239067,3.12372825030557,3.183227777481079,17800,0.0,0.0
2016-09-15 00:00:00-04:00,3.3220598070489316,3.589807899608453,3.3220598070489316,3.3914761543273926,17200,0.0,0.0
2016-09-16 00:00:00-04:00,3.5402251360480705,3.569974899291992,3.371643144332516,3.569974899291992,3000,0.0,0.0
2016-09-19 00:00:00-04:00,3.55014175420006,3.55014175420006,3.401392936706543,3.401392936706543,600,0.0,0.0
2016-09-20 00:00:00-04:00,3.4608924149119793,3.609641466738523,3.3151183630363747,3.5203919410705566,2300,0.0,0.0
2016-09-21 00:00:00-04:00,3.4529592584379416,3.5898080747879395,3.371643144332516,3.569974899291992,6500,0.0,0.0
2016-09-22 00:00:00-04:00,3.504525393657052,3.619558095932007,3.504525393657052,3.619558095932007,1000,0.0,0.0
2016-09-23 00:00:00-04:00,3.351809931209313,3.569974859215628,3.3418931071425635,3.470808982849121,31200,0.0,0.0
2016-09-26 00:00:00-04:00,3.4361006792902598,3.679057421939317,3.3081766326367186,3.500558614730835,20900,0.0,0.0
2016-09-27 00:00:00-04:00,3.416267700240843,3.4906422272026534,3.401392936706543,3.401392936706543,800,0.0,0.0
2016-09-28 00:00:00-04:00,3.3418930440235552,3.7583901897566157,3.2724769318780766,3.6493077278137207,18700,0.0,0.0
2016-09-29 00:00:00-04:00,3.57989142588479,3.6145996006248304,3.4212260246276855,3.4212260246276855,20500,0.0,0.0
2016-09-30 00:00:00-04:00,3.5798912422251425,4.293886220542225,3.470808784457155,4.065804481506348,90500,0.0,0.0
2016-10-03 00:00:00-04:00,3.867472950859252,4.045971527842838,3.5213837359041733,3.907139301300049,20500,0.0,0.0
2016-10-04 00:00:00-04:00,3.936889110866377,3.9567222863222193,3.649307830326558,3.788140058517456,6000,0.0,0.0
2016-10-05 00:00:00-04:00,3.694924133173437,3.956722234934555,3.5669998457855288,3.8535895347595215,2100,0.0,0.0
2016-10-06 00:00:00-04:00,3.9666386108081775,4.155054001564786,3.8674727401100073,4.065804481506348,13800,0.0,0.0
2016-10-07 00:00:00-04:00,3.9239975138002947,5.563211139962345,3.8674729875292244,4.115387916564941,56500,0.0,0.0
2016-10-10 00:00:00-04:00,4.1748875383870105,4.5299015281854365,4.065804834712659,4.30975341796875,10300,0.0,0.0
2016-10-11 00:00:00-04:00,4.303803156746242,4.303803156746242,3.867472841387897,4.0420050621032715,9000,0.0,0.0
2016-10-12 00:00:00-04:00,3.9170557589304287,4.055888217296432,3.784173300219125,4.045971393585205,6700,0.0,0.0
2016-10-13 00:00:00-04:00,3.832764609246623,4.164970397949219,3.7940898483205383,4.164970397949219,6600,0.0,0.0
2016-10-14 00:00:00-04:00,4.105470923205659,4.105470923205659,3.867472828114401,3.99043869972229,2100,0.0,0.0
2016-10-17 00:00:00-04:00,4.065804613790503,4.065804613790503,3.924988978245519,4.036055088043213,3900,0.0,0.0
2016-10-18 00:00:00-04:00,4.016221791633439,4.561634318131941,3.9666386197425876,4.393052101135254,22100,0.0,0.0
2016-10-19 00:00:00-04:00,3.9963889159709227,4.859132766723633,3.9963889159709227,4.859132766723633,11500,0.0,0.0
2016-10-20 00:00:00-04:00,4.740133403835537,4.750049754592131,4.27405309677124,4.27405309677124,10500,0.0,0.0
2016-10-21 00:00:00-04:00,4.402969253549974,5.1139892868162855,4.194720672628946,4.859132766723633,26700,0.0,0.0
2016-10-24 00:00:00-04:00,4.918631935649894,4.918631935649894,4.562625914576362,4.611217498779297,4200,0.0,0.0
2016-10-25 00:00:00-04:00,4.6112175857065525,4.839299329988903,4.561634412786839,4.809549331665039,10000,0.0,0.0
2016-10-26 00:00:00-04:00,4.611217918678269,4.677659034729004,4.544776802627534,4.677659034729004,500,0.0,0.0
2016-10-27 00:00:00-04:00,4.531885095520221,4.759966850280762,4.531885095520221,4.759966850280762,3200,0.0,0.0
2016-10-28 00:00:00-04:00,4.759966850280762,4.759966850280762,4.759966850280762,4.759966850280762,0,0.0,0.0
2016-10-31 00:00:00-04:00,4.536843095086714,4.537835155806429,4.313719749450684,4.313719749450684,14800,0.0,0.0
2016-11-01 00:00:00-04:00,4.418835441826049,4.418835441826049,4.2016621053730026,4.300827980041504,3500,0.0,0.0
2016-11-02 00:00:00-04:00,4.264136968558412,4.264136968558412,4.055888390339593,4.115387916564941,1300,0.0,0.0
2016-11-03 00:00:00-04:00,4.164970397949219,4.164970397949219,4.164970397949219,4.164970397949219,1600,0.0,0.0
2016-11-04 00:00:00-04:00,4.3444612580336015,4.363302845600658,4.115387916564941,4.115387916564941,6200,0.0,0.0
2016-11-07 00:00:00-05:00,4.539818060191771,4.958298374945287,4.4723853611735365,4.482301712036133,7900,0.0,0.0
2016-11-08 00:00:00-05:00,4.462468857630065,4.462468857630065,4.19472074508667,4.19472074508667,1700,0.0,0.0
2016-11-09 00:00:00-05:00,4.055888431590481,4.481310355787653,3.877389614668894,4.105471134185791,11200,0.0,0.0
2016-11-10 00:00:00-05:00,4.0658047984280765,4.0658047984280765,3.7782235145568848,3.7782235145568848,5000,0.0,0.0
2016-11-11 00:00:00-05:00,3.9596971930936657,4.123321004968595,3.887306080740527,4.0261383056640625,7400,0.0,0.0
2016-11-14 00:00:00-05:00,4.164970618655964,4.164970618655964,4.115387916564941,4.115387916564941,900,0.0,0.0
2016-11-15 00:00:00-05:00,4.16497044545075,4.3999937770542425,4.02018822370399,4.264136791229248,34400,0.0,0.0
2016-11-16 00:00:00-05:00,4.214553616609937,4.564609644371088,4.214553616609937,4.373219013214111,19200,0.0,0.0
2016-11-17 00:00:00-05:00,4.254219922397877,4.452551666131508,4.254219922397877,4.27405309677124,10200,0.0,0.0
2016-11-18 00:00:00-05:00,4.383136061985757,4.462468764361213,4.2145538330078125,4.2145538330078125,14600,0.0,0.0
2016-11-21 00:00:00-05:00,4.313719442060299,4.313719442060299,3.9676302421634078,4.164970397949219,7100,0.0,0.0
2016-11-22 00:00:00-05:00,4.169928809753629,4.169928809753629,4.103487699299127,4.164970397949219,500,0.0,0.0
2016-11-23 00:00:00-05:00,4.406935317786755,4.412885317384782,4.266119921593931,4.27405309677124,1100,0.0,0.0
2016-11-25 00:00:00-05:00,4.283970315204903,4.283970315204903,4.223478725860003,4.239345550537109,800,0.0,0.0
2016-11-28 00:00:00-05:00,4.313719762797078,4.313719762797078,3.9765557736511017,4.095554828643799,23300,0.0,0.0
2016-11-29 00:00:00-05:00,3.911105955444024,3.9468057187327172,3.77822349006777,3.8377230167388916,26800,0.0,0.0
2016-11-30 00:00:00-05:00,3.9666386627594794,4.888881981621394,3.9666386627594794,4.6013007164001465,115800,0.0,0.0
2016-12-01 00:00:00-05:00,4.710383733096069,5.225055187630489,4.422802448272705,4.422802448272705,48300,0.0,0.0
2016-12-02 00:00:00-05:00,4.710383502778497,4.719308265929109,4.343469532890617,4.363302707672119,4300,0.0,0.0
2016-12-05 00:00:00-05:00,4.561634396180334,4.710383441537773,4.452551699870187,4.649892330169678,4500,0.0,0.0
2016-12-06 00:00:00-05:00,4.631050801843483,4.660800327574022,4.353385882150732,4.581467628479004,25800,0.0,0.0
2016-12-07 00:00:00-05:00,4.452551623271116,4.953339862453151,4.265128292748039,4.283969879150391,33800,0.0,0.0
2016-12-08 00:00:00-05:00,4.293886649007798,4.686583819873951,4.254220296770423,4.512052059173584,16700,0.0,0.0
2016-12-09 00:00:00-05:00,4.6112179253641585,4.6112179253641585,4.216537107116746,4.406935691833496,24600,0.0,0.0
2016-12-12 00:00:00-05:00,4.561634707672721,5.156630456871735,4.561634707672721,4.847232818603516,49300,0.0,0.0
2016-12-13 00:00:00-05:00,5.08721438428489,5.275629784391018,4.710383584072632,4.888882160186768,34700,0.0,0.0
2016-12-14 00:00:00-05:00,4.978131741472747,5.087214442328301,4.492218708965621,4.551718235015869,6600,0.0,0.0
2016-12-15 00:00:00-05:00,4.482301971332864,4.531885147094727,4.2681033897035405,4.531885147094727,11600,0.0,0.0
2016-12-16 00:00:00-05:00,4.393052154601611,4.958298335024012,4.393052154601611,4.8194661140441895,31700,0.0,0.0
2016-12-19 00:00:00-05:00,4.660800409097339,5.1367970848534235,4.660800409097339,4.997964859008789,35400,0.0,0.0
2016-12-20 00:00:00-05:00,5.007881554696549,5.057464254797791,5.007881554696549,5.027714729309082,2000,0.0,0.0
2016-12-21 00:00:00-05:00,5.1120058628961464,5.1120058628961464,4.967223167419434,4.967223167419434,600,0.0,0.0
2016-12-22 00:00:00-05:00,5.00292340471942,5.00292340471942,4.968215465545654,4.968215465545654,2400,0.0,0.0
2016-12-23 00:00:00-05:00,4.962265291703431,5.32917926481703,4.962265291703431,5.0078816413879395,5300,0.0,0.0
2016-12-27 00:00:00-05:00,5.146714143626472,5.354962728323397,4.640967445688163,4.83929967880249,23500,0.0,0.0
2016-12-28 00:00:00-05:00,4.750050067901611,5.012839763897113,4.750050067901611,4.750050067901611,6800,0.0,0.0
2016-12-29 00:00:00-05:00,4.611217669012434,4.747075130235469,4.581467670151109,4.680633544921875,2100,0.0,0.0
2016-12-30 00:00:00-05:00,4.680633748850687,4.958298683166504,4.561634693941142,4.958298683166504,3800,0.0,0.0
2017-01-03 00:00:00-05:00,4.759966965346337,4.978131901197112,4.662784261154745,4.9483819007873535,5300,0.0,0.0
2017-01-04 00:00:00-05:00,4.9483819007873535,4.9483819007873535,4.9483819007873535,4.9483819007873535,0,0.0,0.0
2017-01-05 00:00:00-05:00,4.789716100094908,4.877974033355713,4.7203002262652385,4.877974033355713,5000,0.0,0.0
2017-01-06 00:00:00-05:00,4.938465396665764,4.938465396665764,4.8531826952726185,4.874999046325684,5000,0.0,0.0
2017-01-09 00:00:00-05:00,4.700466591585657,4.710383415222168,4.700466591585657,4.710383415222168,1300,0.0,0.0
2017-01-10 00:00:00-05:00,4.526926390120888,4.611217498779297,4.462468455684448,4.611217498779297,6900,0.0,0.0
2017-01-11 00:00:00-05:00,4.54180122819141,4.611217575554139,4.482301704534863,4.593367576599121,1900,0.0,0.0
2017-01-12 00:00:00-05:00,4.591384497853647,4.591384497853647,4.214553700553046,4.46246862411499,9900,0.0,0.0
2017-01-13 00:00:00-05:00,4.660800327574022,4.660800327574022,4.561634453705249,4.581467628479004,4200,0.0,0.0
2017-01-17 00:00:00-05:00,4.660800570857254,4.759966922762472,4.635017395019531,4.635017395019531,800,0.0,0.0
2017-01-18 00:00:00-05:00,4.640967153924534,4.690550327301025,4.640967153924534,4.690550327301025,7800,0.0,0.0
2017-01-19 00:00:00-05:00,4.680633632325239,4.70344204402153,4.660800457000732,4.660800457000732,1200,0.0,0.0
2017-01-20 00:00:00-05:00,4.711375371665623,5.097130951538843,4.6984837836455355,5.057464599609375,2700,0.0,0.0
2017-01-23 00:00:00-05:00,4.898799206284383,5.000940322875977,4.849216029796763,5.000940322875977,6500,0.0,0.0
2017-01-24 00:00:00-05:00,5.176463309387035,5.19133854501144,4.93846521371875,5.18935489654541,5200,0.0,0.0
2017-01-25 00:00:00-05:00,5.007881896127646,5.116964127503578,5.007881896127646,5.057464599609375,1400,0.0,0.0
2017-01-26 00:00:00-05:00,5.107047719411651,5.255796773930477,5.097130895108965,5.123905658721924,2300,0.0,0.0
2017-01-27 00:00:00-05:00,5.156630137626437,5.350003945109997,5.156630137626437,5.243896484375,3700,0.0,0.0
2017-01-30 00:00:00-05:00,5.335129348362993,5.335129348362993,5.11894759609148,5.315296173095703,11900,0.0,0.0
2017-01-31 00:00:00-05:00,5.206213345967109,5.235963344573975,5.077297473437669,5.235963344573975,1000,0.0,0.0
2017-02-01 00:00:00-05:00,5.206213612590068,5.295463140121165,4.978131854457429,5.067381381988525,3500,0.0,0.0
2017-02-02 00:00:00-05:00,5.107047339966201,5.214146386460751,5.107047339966201,5.156630039215088,1400,0.0,0.0
2017-02-03 00:00:00-05:00,5.16654724828667,5.28554630279541,4.82442437549878,5.28554630279541,5700,0.0,0.0
2017-02-06 00:00:00-05:00,5.28554630279541,5.28554630279541,5.28554630279541,5.28554630279541,0,0.0,0.0
2017-02-07 00:00:00-05:00,5.047547817230225,5.173488450213777,5.007881468686426,5.047547817230225,1900,0.0,0.0
2017-02-08 00:00:00-05:00,5.057464599609375,5.057464599609375,5.057464599609375,5.057464599609375,200,0.0,0.0
2017-02-09 00:00:00-05:00,5.107047596359067,5.352978875101415,5.107047596359067,5.315296173095703,1100,0.0,0.0
2017-02-10 00:00:00-05:00,5.166546993595046,5.345045566558838,5.067381119726273,5.345045566558838,2600,0.0,0.0
2017-02-13 00:00:00-05:00,5.345045566558838,5.345045566558838,5.345045566558838,5.345045566558838,0,0.0,0.0
2017-02-14 00:00:00-05:00,5.1169640319645024,5.2954630851745605,4.84921592500962,5.2954630851745605,3700,0.0,0.0
2017-02-15 00:00:00-05:00,5.206213474273682,5.206213474273682,5.206213474273682,5.206213474273682,1300,0.0,0.0
2017-02-16 00:00:00-05:00,5.206213474273682,5.206213474273682,5.206213474273682,5.206213474273682,0,0.0,0.0
2017-02-17 00:00:00-05:00,5.01779789909401,5.01779789909401,4.184803620722769,4.700466632843018,17000,0.0,0.0
2017-02-21 00:00:00-05:00,5.110022232111323,5.146713818225606,4.710383500393318,4.90871524810791,6900,0.0,0.0
2017-02-22 00:00:00-05:00,4.7797997203198,4.7797997203198,4.528909569687019,4.720300197601318,1000,0.0,0.0
2017-02-23 00:00:00-05:00,4.670717281093085,4.670717281093085,4.313719652391775,4.660800457000732,4100,0.0,0.0
2017-02-24 00:00:00-05:00,4.61121753711582,4.61121753711582,4.383135795236882,4.437676906585693,2700,0.0,0.0
2017-02-27 00:00:00-05:00,4.313719749450684,4.388094513236167,4.204637046281435,4.313719749450684,3400,0.0,0.0
2017-02-28 00:00:00-05:00,4.224470484201605,4.363302707672119,4.115387786473251,4.363302707672119,26200,0.0,0.0
2017-03-01 00:00:00-05:00,4.422802274173894,4.660800373820469,4.1153878257003065,4.46246862411499,63500,0.0,0.0
2017-03-02 00:00:00-05:00,4.363302845600658,4.363302845600658,4.065804741613718,4.115387916564941,6300,0.0,0.0
2017-03-03 00:00:00-05:00,4.082663191665608,4.274053359789404,4.005313664991477,4.2145538330078125,3500,0.0,0.0
2017-03-06 00:00:00-05:00,4.184803791731972,4.224470615386963,4.016222037284214,4.224470615386963,26200,0.0,0.0
2017-03-07 00:00:00-05:00,4.214553775131126,4.264136949864984,3.9567222595214844,3.9567222595214844,51900,0.0,0.0
2017-03-08 00:00:00-05:00,4.036055152772661,4.125304204306076,3.9567222159305544,3.9666388034820557,6100,0.0,0.0
2017-03-09 00:00:00-05:00,3.956722174058208,3.956722174058208,3.8674728870391846,3.8674728870391846,1600,0.0,0.0
2017-03-10 00:00:00-05:00,3.6790574462000047,3.8565644303514057,3.6493076842074283,3.7683067321777344,10700,0.0,0.0
2017-03-13 00:00:00-04:00,3.778223294593979,3.8476396418823327,3.490642027465369,3.500558614730835,12900,0.0,0.0
2017-03-14 00:00:00-04:00,3.480725483381772,3.5699747698781947,3.1078615138583854,3.4906420707702637,31200,0.0,0.0
2017-03-15 00:00:00-04:00,3.4410592585683326,3.569974899291992,3.361726556584542,3.569974899291992,8500,0.0,0.0
2017-03-16 00:00:00-04:00,3.520391960552123,3.9666388820711473,3.4906421973082016,3.569974899291992,41800,0.0,0.0
2017-03-17 00:00:00-04:00,3.619557985990465,3.754423623352459,3.4708089369765736,3.6988906860351562,3300,0.0,0.0
2017-03-20 00:00:00-04:00,3.441059210760491,3.907139301300049,3.2129774592958116,3.907139301300049,16200,0.0,0.0
2017-03-21 00:00:00-04:00,3.827806389379842,3.8416898012702942,3.6691409865641593,3.7385571002960205,1600,0.0,0.0
2017-03-22 00:00:00-04:00,3.996388736223148,3.996388736223148,3.6096413552747455,3.81788969039917,16200,0.0,0.0
2017-03-23 00:00:00-04:00,3.81788969039917,3.81788969039917,3.81788969039917,3.81788969039917,0,0.0,0.0
2017-03-24 00:00:00-04:00,3.7980564941703108,3.9170557785707087,3.609641334883993,3.7683067321777344,13200,0.0,0.0
2017-03-27 00:00:00-04:00,3.708807271438933,3.9368890203682594,3.708807271438933,3.8079731464385986,5000,0.0,0.0
2017-03-28 00:00:00-04:00,3.813923224782331,4.115387916564941,3.813923224782331,4.115387916564941,800,0.0,0.0
2017-03-29 00:00:00-04:00,4.115387743260729,4.234386790700223,4.065804570397515,4.155054092407227,14100,0.0,0.0
2017-03-30 00:00:00-04:00,4.115387831684593,4.115387831684593,3.7484736213357284,3.91705584526062,11700,0.0,0.0
2017-03-31 00:00:00-04:00,3.817889647085367,3.966638692631068,3.758390123439123,3.827806234359741,13300,0.0,0.0
2017-04-03 00:00:00-04:00,3.8377229288824424,3.9666388034820557,3.668149116250703,3.9666388034820557,22200,0.0,0.0
2017-04-04 00:00:00-04:00,3.966638851166592,3.966638851166592,3.847639799118042,3.847639799118042,5500,0.0,0.0
2017-04-05 00:00:00-04:00,3.86747293063696,3.9368890435453907,3.847639755520266,3.8575563430786133,1100,0.0,0.0
2017-04-06 00:00:00-04:00,3.9299474558975573,3.9666388062204323,3.8575563430786133,3.8575563430786133,700,0.0,0.0
2017-04-07 00:00:00-04:00,3.8476397121460684,4.204636860222162,3.7673151883278813,3.8674728870391846,21300,0.0,0.0
2017-04-10 00:00:00-04:00,3.857556294026025,3.8674728814582733,3.6493077215187206,3.7593817710876465,22300,0.0,0.0
2017-04-11 00:00:00-04:00,3.8575562991001795,3.8575562991001795,3.7484736007718706,3.758390188217163,7100,0.0,0.0
2017-04-12 00:00:00-04:00,3.7683067321777344,3.7683067321777344,3.7683067321777344,3.7683067321777344,200,0.0,0.0
2017-04-13 00:00:00-04:00,3.7484737336918066,4.2145538330078125,3.6691410313163515,4.2145538330078125,67400,0.0,0.0
2017-04-17 00:00:00-04:00,4.214553796084128,4.214553796084128,3.847639814382076,4.00630521774292,18300,0.0,0.0
2017-04-18 00:00:00-04:00,3.9666388070139718,3.9666388070139718,3.748473644256592,3.748473644256592,17800,0.0,0.0
2017-04-19 00:00:00-04:00,3.748473644256592,3.748473644256592,3.748473644256592,3.748473644256592,0,0.0,0.0
2017-04-20 00:00:00-04:00,3.81788982170122,3.867472996770928,3.6691410057824005,3.788140058517456,11100,0.0,0.0
2017-04-21 00:00:00-04:00,3.8674728865454715,3.887306061436056,3.728640425881286,3.758390188217163,16600,0.0,0.0
2017-04-24 00:00:00-04:00,3.698890599409606,3.718723773956299,3.698890599409606,3.718723773956299,500,0.0,0.0
2017-04-25 00:00:00-04:00,3.718723773956299,3.718723773956299,3.718723773956299,3.718723773956299,0,0.0,0.0
2017-04-26 00:00:00-04:00,3.8178897763781583,4.184803754385626,3.807973188767959,3.907139301300049,22600,0.0,0.0
2017-04-27 00:00:00-04:00,3.8377229515985563,3.966638826961244,3.827806363988357,3.907139301300049,13400,0.0,0.0
2017-04-28 00:00:00-04:00,3.907139274963104,4.022171974182129,3.907139274963104,4.022171974182129,9800,0.0,0.0
2017-05-01 00:00:00-04:00,4.14513728905396,4.178854111568284,3.807973083222278,3.877389430999756,32900,0.0,0.0
2017-05-02 00:00:00-04:00,3.8873061260796504,3.907139301300049,3.8873061260796504,3.907139301300049,1000,0.0,0.0
2017-05-03 00:00:00-04:00,3.7881400148643807,3.9368890654991744,3.7683068396370882,3.7980566024780273,28400,0.0,0.0
2017-05-04 00:00:00-04:00,3.8674729765138625,3.8674729765138625,3.7385571002960205,3.7385571002960205,6500,0.0,0.0
2017-05-05 00:00:00-04:00,3.6195580287160856,3.7722734308187644,3.6195580287160856,3.688974142074585,14000,0.0,0.0
2017-05-08 00:00:00-04:00,3.738556970185158,3.8674728419164146,3.738556970185158,3.7683067321777344,5800,0.0,0.0
2017-05-09 00:00:00-04:00,3.6988905997928785,3.8575562326129536,3.669140837969756,3.827806234359741,44400,0.0,0.0
2017-05-10 00:00:00-04:00,3.7583901660779055,3.857556276376772,3.649307704822255,3.81788969039917,10800,0.0,0.0
2017-05-11 00:00:00-04:00,3.7484737437520628,4.184803844418204,3.61955810204596,3.9963889122009277,76500,0.0,0.0
2017-05-12 00:00:00-04:00,4.105470914472305,4.105470914472305,3.6790574252441304,3.827806234359741,13200,0.0,0.0
2017-05-15 00:00:00-04:00,4.016221912159005,4.016221912159005,3.8575562774929644,3.9269723892211914,3600,0.0,0.0
2017-05-16 00:00:00-04:00,3.9269723892211914,3.9269723892211914,3.9269723892211914,3.9269723892211914,0,0.0,0.0
2017-05-17 00:00:00-04:00,3.7484737483442876,3.9408557415008545,3.6691410456587272,3.9408557415008545,1100,0.0,0.0
2017-05-18 00:00:00-04:00,3.9408557415008545,3.9408557415008545,3.9408557415008545,3.9408557415008545,0,0.0,0.0
2017-05-19 00:00:00-04:00,3.877389559038633,3.877389559038633,3.738557095329253,3.739548683166504,1200,0.0,0.0
2017-05-22 00:00:00-04:00,3.7484735786910286,3.81788969039917,3.738556991304151,3.81788969039917,5500,0.0,0.0
2017-05-23 00:00:00-04:00,3.778223297987871,3.966638692631068,3.6889740125185044,3.827806234359741,32400,0.0,0.0
2017-05-24 00:00:00-04:00,3.728640523239979,4.115387916564941,3.728640523239979,4.115387916564941,29600,0.0,0.0
2017-05-25 00:00:00-04:00,4.090596326809395,4.224470615386963,3.9269725115658356,4.224470615386963,5800,0.0,0.0
2017-05-26 00:00:00-04:00,4.224470440327788,4.809549326735774,4.016221870854718,4.373219013214111,117400,0.0,0.0
2017-05-30 00:00:00-04:00,4.303803455519098,4.303803455519098,4.085638046264648,4.085638046264648,5000,0.0,0.0
2017-05-31 00:00:00-04:00,4.085638046264648,4.085638046264648,4.085638046264648,4.085638046264648,0,0.0,0.0
2017-06-01 00:00:00-04:00,4.204636880565752,4.353385929413921,4.01622195459962,4.0261383056640625,3100,0.0,0.0
2017-06-02 00:00:00-04:00,3.939863976869874,4.363302707672119,3.8178896918905347,4.363302707672119,27800,0.0,0.0
2017-06-05 00:00:00-04:00,4.472385403135808,5.087214293911228,4.29388635733249,4.90871524810791,85700,0.0,0.0
2017-06-06 00:00:00-04:00,4.561634412786839,5.037631075947391,4.214553620929396,4.809549331665039,40900,0.0,0.0
2017-06-07 00:00:00-04:00,4.789716066777013,4.789716066777013,4.026138149940969,4.611217498779297,34400,0.0,0.0
2017-06-08 00:00:00-04:00,4.244303793149962,4.3038033193753105,3.8873061629376737,4.115387916564941,33400,0.0,0.0
2017-06-09 00:00:00-04:00,4.016222021916094,4.135221073845113,3.8377229711623655,3.9567222595214844,7600,0.0,0.0
2017-06-12 00:00:00-04:00,3.8178899280670127,4.19472074508667,3.8178899280670127,4.19472074508667,29700,0.0,0.0
2017-06-13 00:00:00-04:00,4.1649706575930505,4.482301939955077,4.09555477944463,4.2145538330078125,38800,0.0,0.0
2017-06-14 00:00:00-04:00,4.065804613790503,4.4228022327792855,3.8377228673338064,4.036055088043213,60000,0.0,0.0
2017-06-15 00:00:00-04:00,4.0558884769795664,4.095554828643799,3.9725889493405937,4.095554828643799,1700,0.0,0.0
2017-06-16 00:00:00-04:00,4.006305132757865,4.085637832755417,3.91705584526062,3.91705584526062,2800,0.0,0.0
2017-06-19 00:00:00-04:00,3.9596973138395697,4.2145538330078125,3.9567223138574796,4.2145538330078125,29600,0.0,0.0
2017-06-20 00:00:00-04:00,4.224470483773779,4.254220009512927,3.887306039662205,3.9269723892211914,26300,0.0,0.0
2017-06-21 00:00:00-04:00,3.9269723892211914,3.9269723892211914,3.9269723892211914,3.9269723892211914,0,0.0,0.0
2017-06-22 00:00:00-04:00,3.8377228283902145,4.264136791229248,3.8317730651591884,4.264136791229248,13500,0.0,0.0
2017-06-23 00:00:00-04:00,4.2343866981233225,4.442635263019565,4.065804481506348,4.065804481506348,26100,0.0,0.0
2017-06-26 00:00:00-04:00,4.075721628936992,4.343469737532256,4.075721628936992,4.208603858947754,20000,0.0,0.0
2017-06-27 00:00:00-04:00,4.214553706681532,4.283970055609486,3.91705584526062,3.91705584526062,4000,0.0,0.0
2017-06-28 00:00:00-04:00,4.016221826698313,4.184803572306684,3.9606886547813036,4.164970397949219,13200,0.0,0.0
2017-06-29 00:00:00-04:00,4.164970641344109,4.164970641344109,4.055888412433526,4.1639790534973145,14000,0.0,0.0
2017-06-30 00:00:00-04:00,4.075721594633518,4.271078586578369,4.075721594633518,4.271078586578369,7300,0.0,0.0
2017-07-03 00:00:00-04:00,4.274053393708156,4.444618799741027,4.274053393708156,4.422802448272705,4700,0.0,0.0
2017-07-05 00:00:00-04:00,4.303803308679721,4.462468711553009,4.224470607243077,4.442635536193848,24600,0.0,0.0
2017-07-06 00:00:00-04:00,4.313719657954677,4.5913845857160345,4.313719657954677,4.551718235015869,16100,0.0,0.0
2017-07-07 00:00:00-04:00,4.535851514524658,4.535851514524658,4.4624688113408295,4.527918338775635,1200,0.0,0.0
2017-07-10 00:00:00-04:00,4.59138438731591,4.958298351867675,4.5120516893436555,4.760958194732666,7400,0.0,0.0
2017-07-11 00:00:00-04:00,4.878966026005696,4.958298730028519,4.80954967355562,4.893840789794922,2000,0.0,0.0
2017-07-12 00:00:00-04:00,4.938465118408203,4.938465118408203,4.938465118408203,4.938465118408203,200,0.0,0.0
2017-07-13 00:00:00-04:00,4.918632388880933,4.918632388880933,4.631051099732913,4.730216979980469,2900,0.0,0.0
2017-07-14 00:00:00-04:00,4.849215597824988,4.9582982926644545,4.556675922900157,4.938465118408203,10000,0.0,0.0
2017-07-17 00:00:00-04:00,4.958298641290175,5.156630397797699,4.898799114337917,4.968215465545654,10400,0.0,0.0
2017-07-18 00:00:00-04:00,4.9087152760516295,4.957306861877441,4.9087152760516295,4.957306861877441,700,0.0,0.0
2017-07-19 00:00:00-04:00,4.898799029953892,4.898799029953892,4.710383628087182,4.878965854644775,3200,0.0,0.0
2017-07-20 00:00:00-04:00,4.809549684326241,4.837316036224365,4.541801571219508,4.837316036224365,1000,0.0,0.0
2017-07-21 00:00:00-04:00,4.660800247743902,5.156630081455388,4.660800247743902,5.037631034851074,40300,0.0,0.0
2017-07-24 00:00:00-04:00,4.987056485572534,5.206213474273682,4.869049021767361,5.206213474273682,24400,0.0,0.0
2017-07-25 00:00:00-04:00,5.3648787867873855,5.761542758483463,5.156630213468449,5.226046562194824,35600,0.0,0.0
2017-07-26 00:00:00-04:00,5.754601036548818,6.068957064824329,5.754601036548818,5.801208972930908,2600,0.0,0.0
2017-07-27 00:00:00-04:00,5.98962432063862,5.98962432063862,5.650476708669569,5.702043056488037,9900,0.0,0.0
2017-07-28 00:00:00-04:00,5.513627907561678,5.644526958465576,5.32521250671451,5.644526958465576,3900,0.0,0.0
2017-07-31 00:00:00-04:00,5.325212658661289,5.702043471107914,5.176463603973389,5.176463603973389,12300,0.0,0.0
2017-08-01 00:00:00-04:00,5.116964038772146,5.521561199724922,4.7996332288391175,5.077297687530518,8500,0.0,0.0
2017-08-02 00:00:00-04:00,5.305379470370342,5.503711700439453,5.067381361719658,5.503711700439453,3400,0.0,0.0
2017-08-03 00:00:00-04:00,5.503711438755668,5.503711438755668,5.116963821296601,5.454128265380859,4800,0.0,0.0
2017-08-04 00:00:00-04:00,5.9499579719875175,6.396204630742511,5.354962269360801,5.702043056488037,30100,0.0,0.0
2017-08-07 00:00:00-04:00,5.404544965264513,5.848808448158936,5.404544965264513,5.592960357666016,18100,0.0,0.0
2017-08-08 00:00:00-04:00,5.464045266961709,5.523544793231068,5.305379390716553,5.305379390716553,8500,0.0,0.0
2017-08-09 00:00:00-04:00,5.33512921671354,5.695101599005284,5.305379218116617,5.454128265380859,7400,0.0,0.0
2017-08-10 00:00:00-04:00,5.573127356469338,5.628660529986235,5.2161302077500125,5.444211483001709,17000,0.0,0.0
2017-08-11 00:00:00-04:00,5.349012391772042,5.454128265380859,5.047547946004091,5.454128265380859,20700,0.0,0.0
2017-08-14 00:00:00-04:00,5.434295091277442,5.434295091277442,5.1169638219316855,5.126880645751953,6500,0.0,0.0
2017-08-15 00:00:00-04:00,5.107047427826408,5.245879650115967,5.057464254864332,5.245879650115967,7000,0.0,0.0
2017-08-16 00:00:00-04:00,5.136796860970712,5.136796860970712,4.928548294849991,4.938465118408203,3800,0.0,0.0
2017-08-17 00:00:00-04:00,4.908715525555153,4.908715525555153,4.462468831544762,4.469410419464111,7400,0.0,0.0
2017-08-18 00:00:00-04:00,4.214553700602749,4.859132596443443,4.214553700602749,4.571551322937012,14300,0.0,0.0
2017-08-21 00:00:00-04:00,4.531885194391927,4.809549657547633,4.412885665893555,4.412885665893555,10900,0.0,0.0
2017-08-22 00:00:00-04:00,4.462468872560456,4.700466985457443,4.247278699362333,4.621134281158447,23100,0.0,0.0
2017-08-23 00:00:00-04:00,4.720300499266773,4.8392995523087405,4.41288556961805,4.759966850280762,22100,0.0,0.0
2017-08-24 00:00:00-04:00,4.799633114267952,4.799633114267952,4.4981681900235,4.670717239379883,5600,0.0,0.0
2017-08-25 00:00:00-04:00,4.809549465411544,4.948381691443205,4.576509302784681,4.670717239379883,10800,0.0,0.0
2017-08-28 00:00:00-04:00,4.908715340205001,4.908715340205001,4.640967239336732,4.779799938201904,6600,0.0,0.0
2017-08-29 00:00:00-04:00,4.660800369967721,4.888882118370579,4.551718144149974,4.680633544921875,33400,0.0,0.0
2017-08-30 00:00:00-04:00,4.789716201193822,4.789716201193822,4.611217628186789,4.690550327301025,11000,0.0,0.0
2017-08-31 00:00:00-04:00,4.373219013214111,4.46246853523405,4.293886314912024,4.373219013214111,5700,0.0,0.0
2017-09-01 00:00:00-04:00,4.313719491967876,4.700466632843018,4.313719491967876,4.700466632843018,15900,0.0,0.0
2017-09-05 00:00:00-04:00,4.660800242759969,4.759966587684366,4.551718019919415,4.710383415222168,29100,0.0,0.0
2017-09-06 00:00:00-04:00,4.5418013202428025,4.680633544921875,4.472385444333361,4.680633544921875,3100,0.0,0.0
2017-09-07 00:00:00-04:00,4.422802485132821,4.6013010683817805,4.413877721471447,4.521968364715576,5000,0.0,0.0
2017-09-08 00:00:00-04:00,4.551718103851111,4.690550327301025,4.383135881803264,4.690550327301025,16800,0.0,0.0
2017-09-11 00:00:00-04:00,4.789716531646028,4.789716531646028,4.363303008057782,4.4029693603515625,15100,0.0,0.0
2017-09-12 00:00:00-04:00,4.283970009593704,4.561634456602631,4.283970009593704,4.472385406494141,3400,0.0,0.0
2017-09-13 00:00:00-04:00,4.442635490588155,4.531885015218292,4.442635490588155,4.45255184173584,2500,0.0,0.0
2017-09-14 00:00:00-04:00,4.561634455487139,4.561634455487139,4.323636358109115,4.363302707672119,2900,0.0,0.0
2017-09-15 00:00:00-04:00,4.214553660380761,4.6211339798316455,4.214553660380761,4.363302707672119,10600,0.0,0.0
2017-09-18 00:00:00-04:00,4.402969354090691,4.596343175893062,4.365286177607119,4.512052059173584,21700,0.0,0.0
2017-09-19 00:00:00-04:00,4.502134799957275,4.502134799957275,4.502134799957275,4.502134799957275,200,0.0,0.0
2017-09-20 00:00:00-04:00,4.6806335914661075,4.6806335914661075,4.512051839109523,4.561634540557861,1300,0.0,0.0
2017-09-21 00:00:00-04:00,4.581467628479004,4.581467628479004,4.581467628479004,4.581467628479004,600,0.0,0.0
2017-09-22 00:00:00-04:00,4.512051709446914,4.5368428230285645,4.512051709446914,4.5368428230285645,300,0.0,0.0
2017-09-25 00:00:00-04:00,4.412885553267463,4.561634605448881,4.363302851113791,4.493210315704346,10100,0.0,0.0
2017-09-26 00:00:00-04:00,4.561634348592043,4.561634348592043,4.441643714904785,4.441643714904785,1000,0.0,0.0
2017-09-27 00:00:00-04:00,4.561634721871361,4.561634721871361,4.4029693143538156,4.412885665893555,1800,0.0,0.0
2017-09-28 00:00:00-04:00,4.402969183460149,4.564609822636433,4.402969183460149,4.551718235015869,5800,0.0,0.0
2017-09-29 00:00:00-04:00,4.482302018112588,4.482302018112588,4.412885665893555,4.412885665893555,1900,0.0,0.0
2017-10-02 00:00:00-04:00,4.551717976113392,4.660800197904131,4.541801152572321,4.611217498779297,10300,0.0,0.0
2017-10-03 00:00:00-04:00,4.606259496111908,4.606259496111908,4.571551556355934,4.572543144226074,800,0.0,0.0
2017-10-04 00:00:00-04:00,4.561634583284679,4.606259346008301,4.561634583284679,4.606259346008301,1800,0.0,0.0
2017-10-05 00:00:00-04:00,4.561634588348814,4.561634588348814,4.424785536512543,4.442635536193848,1600,0.0,0.0
2017-10-06 00:00:00-04:00,4.412885491424711,4.45255184173584,4.194720564713504,4.45255184173584,16300,0.0,0.0
2017-10-09 00:00:00-04:00,4.521968196354095,4.6211340722447165,4.323636444572852,4.343469619750977,12500,0.0,0.0
2017-10-10 00:00:00-04:00,4.135220942904342,4.530892848968506,4.135220942904342,4.530892848968506,5500,0.0,0.0
2017-10-11 00:00:00-04:00,4.363302925307672,4.525935155771935,4.204637046281435,4.313719749450684,7500,0.0,0.0
2017-10-12 00:00:00-04:00,4.386110961288847,4.386110961288847,4.1848039627075195,4.1848039627075195,10000,0.0,0.0
2017-10-13 00:00:00-04:00,4.264136878296734,4.264136878296734,4.1748873544178124,4.2443037033081055,1200,0.0,0.0
2017-10-16 00:00:00-04:00,4.26413705086265,4.313719753910694,4.204637050628662,4.204637050628662,3100,0.0,0.0
2017-10-17 00:00:00-04:00,4.293886578119434,4.293886578119434,4.204637050628662,4.204637050628662,400,0.0,0.0
2017-10-18 00:00:00-04:00,4.4029690991488195,4.4029690991488195,4.353385925292969,4.353385925292969,1400,0.0,0.0
2017-10-19 00:00:00-04:00,4.204637050628662,4.204637050628662,4.204637050628662,4.204637050628662,200,0.0,0.0
2017-10-20 00:00:00-04:00,4.204636709560425,4.333552578176426,4.164970361195529,4.283969879150391,4400,0.0,0.0
2017-10-23 00:00:00-04:00,4.217528343200684,4.217528343200684,4.217528343200684,4.217528343200684,200,0.0,0.0
2017-10-24 00:00:00-04:00,4.300827974126854,4.302811622619629,4.300827974126854,4.302811622619629,200,0.0,0.0
2017-10-25 00:00:00-04:00,4.244303744950662,4.40792755842727,4.234386920928955,4.234386920928955,1700,0.0,0.0
2017-10-26 00:00:00-04:00,4.3038030913116545,4.3038030913116545,4.164970397949219,4.164970397949219,1500,0.0,0.0
2017-10-27 00:00:00-04:00,4.1253041904424235,4.167945776843682,4.1253041904424235,4.133237838745117,2300,0.0,0.0
2017-10-30 00:00:00-04:00,3.887306039662205,4.075721436497486,3.867472864882711,3.9269723892211914,15500,0.0,0.0
2017-10-31 00:00:00-04:00,3.956722195259396,4.05588830668643,3.91705584526062,3.91705584526062,1000,0.0,0.0
2017-11-01 00:00:00-04:00,3.926972432760314,3.9864719577584773,3.91705584526062,3.91705584526062,3800,0.0,0.0
2017-11-02 00:00:00-04:00,3.9200308402005746,4.016221951613153,3.9180474281311035,3.9180474281311035,1700,0.0,0.0
2017-11-03 00:00:00-04:00,3.9200308241489523,3.9616803495664397,3.8674728870391846,3.8674728870391846,2900,0.0,0.0
2017-11-06 00:00:00-05:00,4.045971593266422,4.184803822054136,3.7881400748019955,3.946805715560913,19600,0.0,0.0
2017-11-07 00:00:00-05:00,3.9170559976055075,4.46246880416144,3.887306233949377,4.313719749450684,17600,0.0,0.0
2017-11-08 00:00:00-05:00,4.2373615113934395,4.293886271144603,4.214553573651151,4.27405309677124,4400,0.0,0.0
2017-11-09 00:00:00-05:00,4.1748875190554084,4.313719749450684,4.115387991743148,4.313719749450684,6900,0.0,0.0
2017-11-10 00:00:00-05:00,4.323636573766165,4.323636573766165,4.313719749450684,4.313719749450684,3300,0.0,0.0
2017-11-13 00:00:00-05:00,4.316695080991989,4.316695080991989,4.145137610292109,4.1848039627075195,7600,0.0,0.0
2017-11-14 00:00:00-05:00,4.164970527490523,4.20463687743918,3.9170558403114155,3.9180474281311035,5600,0.0,0.0
2017-11-15 00:00:00-05:00,3.9170558423222697,3.9170558423222697,3.7881399684928585,3.808964967727661,3000,0.0,0.0
2017-11-16 00:00:00-05:00,3.867472782587232,7.120116214372674,3.857556195408499,4.164970397949219,417800,0.0,0.0
2017-11-17 00:00:00-05:00,3.9993634157073883,4.363302614384052,3.9993634157073883,4.164970397949219,11800,0.0,0.0
2017-11-20 00:00:00-05:00,4.115387754045638,4.363302673291035,3.887306009425465,3.9339139461517334,19700,0.0,0.0
2017-11-21 00:00:00-05:00,3.956722193112809,4.710383551970959,3.956722193112809,4.2443037033081055,44500,0.0,0.0
2017-11-22 00:00:00-05:00,4.167945881065921,5.394628946245685,3.996388889068585,4.541801452636719,198800,0.0,0.0
2017-11-24 00:00:00-05:00,4.535851545863738,4.7798001300682,4.293886610255396,4.412885665893555,20400,0.0,0.0
2017-11-27 00:00:00-05:00,4.333552578176426,4.621133840252012,4.283969879150391,4.283969879150391,19500,0.0,0.0
2017-11-28 00:00:00-05:00,4.381152748539544,4.561634498911238,4.333552750322666,4.353385925292969,15200,0.0,0.0
2017-11-29 00:00:00-05:00,4.383135965121462,4.5913845406849845,4.363302789965898,4.45255184173584,25300,0.0,0.0
2017-11-30 00:00:00-05:00,4.4723855378129,4.4723855378129,4.333552837371826,4.333552837371826,7800,0.0,0.0
2017-12-01 00:00:00-05:00,4.363302749313707,4.938465296326569,4.204636876687263,4.571551322937012,79100,0.0,0.0
2017-12-04 00:00:00-05:00,4.4922185812804925,4.710383503930364,4.363302708739112,4.472385406494141,16000,0.0,0.0
2017-12-05 00:00:00-05:00,4.551718147856183,4.571551322826484,4.2839700493270065,4.353385925292969,50700,0.0,0.0
2017-12-06 00:00:00-05:00,4.501143247097466,4.501143247097466,4.066796113950737,4.164970397949219,10300,0.0,0.0
2017-12-07 00:00:00-05:00,4.075721350324516,4.164970398515151,3.9775470663126944,4.0558881759643555,5300,0.0,0.0
2017-12-08 00:00:00-05:00,4.2145536611075105,4.274053185462277,3.9368889776885094,4.036055088043213,28300,0.0,0.0
2017-12-11 00:00:00-05:00,4.115387787182901,4.115387787182901,3.976555563688447,4.036055088043213,6100,0.0,0.0
2017-12-12 00:00:00-05:00,4.065804794371127,4.402969253549974,3.7187239837894834,3.8873062133789062,127800,0.0,0.0
2017-12-13 00:00:00-05:00,3.80797316885678,3.9666388062204323,3.7782234061817386,3.8575563430786133,19200,0.0,0.0
2017-12-14 00:00:00-05:00,3.8873061722267703,4.036055224575691,3.778223470789535,3.788140058517456,21900,0.0,0.0
2017-12-15 00:00:00-05:00,3.7871482974638346,3.907139168984824,3.7871482974638346,3.827806234359741,11600,0.0,0.0
2017-12-18 00:00:00-05:00,3.7683068575371044,4.0658047237897526,3.7683068575371044,3.9567222595214844,21200,0.0,0.0
2017-12-19 00:00:00-05:00,4.016221912159005,4.016221912159005,3.9269723892211914,3.9269723892211914,1000,0.0,0.0
2017-12-20 00:00:00-05:00,4.075721593008177,4.948381789676866,3.946805715560913,3.946805715560913,106100,0.0,0.0
2017-12-21 00:00:00-05:00,3.926972430629867,4.640967203080665,3.926972430629867,4.2443037033081055,69400,0.0,0.0
2017-12-22 00:00:00-05:00,4.293886446478612,4.636009309464388,4.234386920928955,4.234386920928955,27800,0.0,0.0
2017-12-26 00:00:00-05:00,4.194720395915505,4.234386744630437,4.075721349770711,4.164970397949219,33100,0.0,0.0
2017-12-27 00:00:00-05:00,4.184803926443846,4.194720750891873,4.036055342605158,4.085638046264648,19300,0.0,0.0
2017-12-28 00:00:00-05:00,4.085637890911873,4.085637890911873,3.9567222515808207,3.9587056636810303,14700,0.0,0.0
2017-12-29 00:00:00-05:00,3.926972520503278,3.9368891082245447,3.779215292527372,3.8972227573394775,29400,0.0,0.0
2018-01-02 00:00:00-05:00,4.0162217912572515,4.462468446792426,4.0162217912572515,4.283969879150391,89300,0.0,0.0
2018-01-03 00:00:00-05:00,4.2988448449302075,5.295462958678915,4.0459715074966205,4.997964859008789,288000,0.0,0.0
2018-01-04 00:00:00-05:00,5.107047516026872,5.305379265580071,4.720300367968039,4.898798942565918,68300,0.0,0.0
2018-01-05 00:00:00-05:00,4.7302167657746415,4.7599667649318,4.135221038373214,4.561634540557861,93500,0.0,0.0
2018-01-08 00:00:00-05:00,4.561634361615093,4.740133403835537,4.184803575661019,4.27405309677124,74300,0.0,0.0
2018-01-09 00:00:00-05:00,4.279011508579625,4.393052143011419,4.105470878167567,4.27405309677124,48900,0.0,0.0
2018-01-10 00:00:00-05:00,4.264136695198697,4.601300655527869,4.2443035210616875,4.285953044891357,23900,0.0,0.0
2018-01-11 00:00:00-05:00,4.343469781466616,4.918632355906812,4.333552957078234,4.521968364715576,45400,0.0,0.0
2018-01-12 00:00:00-05:00,4.4823016800949205,4.544776439666748,4.373218984222604,4.544776439666748,7200,0.0,0.0
2018-01-16 00:00:00-05:00,4.551718105639548,4.611217629998604,4.23438683619773,4.472385406494141,34700,0.0,0.0
2018-01-17 00:00:00-05:00,4.472385577766651,4.561634631292984,4.402969226925988,4.432718753814697,15500,0.0,0.0
2018-01-18 00:00:00-05:00,4.442635719283589,4.442635719283589,4.244303957518338,4.293886661529541,12100,0.0,0.0
2018-01-19 00:00:00-05:00,4.303803310748882,4.502135064435844,4.0658047334643275,4.333552837371826,36600,0.0,0.0
2018-01-22 00:00:00-05:00,4.3633027492082155,4.393052275233574,4.2839700493270065,4.353385925292969,6400,0.0,0.0
2018-01-23 00:00:00-05:00,4.353386190059116,4.442635719283589,4.228437132860987,4.293886661529541,8300,0.0,0.0
2018-01-24 00:00:00-05:00,4.319669403534729,4.319669403534729,4.2373614706044735,4.283969879150391,6000,0.0,0.0
2018-01-25 00:00:00-05:00,4.264136742596723,4.4327184882050945,4.1352208728431075,4.164970397949219,59400,0.0,0.0
2018-01-26 00:00:00-05:00,4.264137097546149,4.31371980113702,4.164970744643975,4.19472074508667,8500,0.0,0.0
2018-01-29 00:00:00-05:00,4.189761984111095,4.189761984111095,4.036055001055779,4.164970397949219,11800,0.0,0.0
2018-01-30 00:00:00-05:00,4.135221004534079,4.135221004534079,3.9567221932022947,4.0261383056640625,8200,0.0,0.0
2018-01-31 00:00:00-05:00,4.065804748601013,4.065804748601013,3.8972227573394775,3.8972227573394775,30200,0.0,0.0
2018-02-01 00:00:00-05:00,3.956722303331464,4.016222066384872,3.9358975399423377,3.946805715560913,13200,0.0,0.0
2018-02-02 00:00:00-05:00,3.917055932782011,3.9468056959458115,3.8972227573394775,3.8972227573394775,26200,0.0,0.0
2018-02-05 00:00:00-05:00,3.897222631496311,3.986471918105811,3.633441122912122,3.6532742977142334,44800,0.0,0.0
2018-02-06 00:00:00-05:00,3.4380841341986677,3.7583901669415076,3.4380841341986677,3.7088072299957275,16100,0.0,0.0
2018-02-07 00:00:00-05:00,3.748473693271623,3.748473693271623,3.531300351931586,3.5749332904815674,3100,0.0,0.0
2018-02-08 00:00:00-05:00,3.5699747707966303,3.619557944181936,3.371643022975779,3.3815596103668213,5500,0.0,0.0
2018-02-09 00:00:00-05:00,3.3845345643208153,3.4311425007835368,3.093978061201052,3.282393455505371,15600,0.0,0.0
2018-02-12 00:00:00-05:00,3.312143363085436,3.579891467229134,3.312143363085436,3.5203919410705566,7400,0.0,0.0
2018-02-13 00:00:00-05:00,3.4906422272026534,3.4906422272026534,3.323051821897593,3.401392936706543,3900,0.0,0.0
2018-02-14 00:00:00-05:00,3.381559629822158,3.550141616439795,3.381559629822158,3.540225028991699,1900,0.0,0.0
2018-02-15 00:00:00-05:00,3.5551000513663715,3.5699748144196497,3.4807255268096924,3.4807255268096924,3100,0.0,0.0
2018-02-16 00:00:00-05:00,3.480725630206763,3.619558095932007,3.480725630206763,3.619558095932007,32100,0.0,0.0
2018-02-20 00:00:00-05:00,3.6393912275795754,3.917055919245605,3.62054964004525,3.629474639892578,28100,0.0,0.0
2018-02-21 00:00:00-05:00,3.6314578178052743,3.728640519055677,3.490642177991268,3.5203919410705566,5300,0.0,0.0
2018-02-22 00:00:00-05:00,3.5501415534892247,3.639391075369627,3.5501415534892247,3.6096413135528564,1300,0.0,0.0
2018-02-23 00:00:00-05:00,3.6532742702932217,3.658232445741487,3.5501415729522705,3.5501415729522705,8900,0.0,0.0
2018-02-26 00:00:00-05:00,3.5313004080920964,3.5997249351703275,3.5313004080920964,3.562041759490967,1300,0.0,0.0
2018-02-27 00:00:00-05:00,3.500558658158755,3.5699747698781947,3.4906420707702637,3.4906420707702637,9100,0.0,0.0
2018-02-28 00:00:00-05:00,3.5303085086690253,3.5303085086690253,3.470808982849121,3.470808982849121,2600,0.0,0.0
2018-03-01 00:00:00-05:00,3.5005587700154033,3.5283253574484865,3.3518099544349216,3.4113094806671143,22800,0.0,0.0
2018-03-02 00:00:00-05:00,3.421226083072385,3.569974899291992,3.371643144332516,3.569974899291992,1900,0.0,0.0
2018-03-05 00:00:00-05:00,3.540225030124241,3.540225030124241,3.2923101074124292,3.3220598697662354,2400,0.0,0.0
2018-03-06 00:00:00-05:00,3.47080891796536,3.47080891796536,3.3220598697662354,3.3220598697662354,4800,0.0,0.0
2018-03-07 00:00:00-05:00,3.411309393257748,3.4311425681602854,3.3220598697662354,3.3220598697662354,4600,0.0,0.0
2018-03-08 00:00:00-05:00,3.3220598039227456,3.3220598039227456,3.1733109951019287,3.1733109951019287,5300,0.0,0.0
2018-03-09 00:00:00-05:00,3.2228939952535485,3.47080891796536,3.2228939952535485,3.3220598697662354,19300,0.0,0.0
2018-03-12 00:00:00-04:00,3.361726556584542,3.6790576009498053,3.338918381121192,3.569974899291992,35500,0.0,0.0
2018-03-13 00:00:00-04:00,3.530308466706716,3.530308466706716,3.37164306640625,3.37164306640625,1000,0.0,0.0
2018-03-14 00:00:00-04:00,3.3716431770686777,3.3716431770686777,3.2724770621960086,3.2923102378845215,1700,0.0,0.0
2018-03-15 00:00:00-04:00,3.2724769745190523,3.4906421376776686,3.263551974769311,3.4212260246276855,6200,0.0,0.0
2018-03-16 00:00:00-04:00,3.3726347555297376,3.5104753971099854,3.3716431676771053,3.5104753971099854,2700,0.0,0.0
2018-03-19 00:00:00-04:00,3.469817374691703,3.4708089625205307,3.4212260246276855,3.4212260246276855,800,0.0,0.0
2018-03-20 00:00:00-04:00,3.483700500995033,3.7534320103387393,3.3914762141690584,3.486675500869751,64800,0.0,0.0
2018-03-21 00:00:00-04:00,3.4906422214767168,3.8674730313690264,3.4807256336600827,3.5104753971099854,15800,0.0,0.0
2018-03-22 00:00:00-04:00,3.411309504986338,3.5104753827469457,3.322059978571689,3.4599008560180664,5900,0.0,0.0
2018-03-23 00:00:00-04:00,3.4599007881288464,3.4599007881288464,3.2923101506427037,3.312143325805664,5500,0.0,0.0
2018-03-26 00:00:00-04:00,3.2258691040696377,3.299251806401143,3.2228941040907815,3.242727279663086,7000,0.0,0.0
2018-03-27 00:00:00-04:00,3.24272712796787,3.24272712796787,3.2228939533233643,3.2228939533233643,3000,0.0,0.0
2018-03-28 00:00:00-04:00,3.222893933833248,3.222893933833248,2.9749790158460754,3.063236713409424,12800,0.0,0.0
2018-03-29 00:00:00-04:00,3.1237281898646754,3.1237281898646754,3.0344786643981934,3.0344786643981934,5500,0.0,0.0
2018-04-02 00:00:00-04:00,3.113811465364505,3.215952337527467,3.113811465364505,3.1197612285614014,2200,0.0,0.0
2018-04-03 00:00:00-04:00,3.1138115781988813,3.2030608665475073,3.0840615789859083,3.0939781665802,16200,0.0,0.0
2018-04-04 00:00:00-04:00,3.0443952083587646,3.0443952083587646,3.0443952083587646,3.0443952083587646,600,0.0,0.0
2018-04-05 00:00:00-04:00,3.173311103764632,3.217935629723896,3.0929865787498003,3.0939781665802,11800,0.0,0.0
2018-04-06 00:00:00-04:00,3.1237281908519203,3.1425695419311523,3.0443952530310745,3.1425695419311523,6600,0.0,0.0
2018-04-09 00:00:00-04:00,3.203060889206882,3.2536354153665195,3.143561363220215,3.143561363220215,1600,0.0,0.0
2018-04-10 00:00:00-04:00,3.1633945651949644,3.718723951941701,3.1633945651949644,3.569974899291992,46400,0.0,0.0
2018-04-11 00:00:00-04:00,3.624516271620353,3.7385571496135563,3.36866816434696,3.619558095932007,26400,0.0,0.0
2018-04-12 00:00:00-04:00,3.55212513591768,3.5838583112832367,3.327018381251583,3.569974899291992,17100,0.0,0.0
2018-04-13 00:00:00-04:00,3.525350245751985,3.669140881137149,3.378584610506499,3.3815596103668213,19900,0.0,0.0
2018-04-16 00:00:00-04:00,3.480725570485772,3.510475333395724,3.4608923952124706,3.470808982849121,14200,0.0,0.0
2018-04-17 00:00:00-04:00,3.4708090026050757,3.540225116456749,3.4708090026050757,3.5203919410705566,7500,0.0,0.0
2018-04-18 00:00:00-04:00,3.510475336393775,4.164970593831876,3.510475336393775,3.849622964859009,138900,0.0,0.0
2018-04-19 00:00:00-04:00,3.8902813196661112,4.244303964190855,3.8873063195919446,4.1848039627075195,46400,0.0,0.0
2018-04-20 00:00:00-04:00,4.214553659297291,4.402969056103216,4.214553659297291,4.254220008850098,11400,0.0,0.0
2018-04-23 00:00:00-04:00,4.214553540105947,4.2244703636437855,4.007296562194824,4.007296562194824,7800,0.0,0.0
2018-04-24 00:00:00-04:00,4.201662070912613,4.201662070912613,4.036055085217469,4.145137310028076,2000,0.0,0.0
2018-04-25 00:00:00-04:00,4.1451371826558825,4.244303526324057,4.10051289543741,4.174887180328369,4100,0.0,0.0
2018-04-26 00:00:00-04:00,4.172904091859395,4.664767105048446,4.172904091859395,4.373219013214111,64700,0.0,0.0
2018-04-27 00:00:00-04:00,4.3157031628408555,4.375202686910623,4.164970467765223,4.2036452293396,9900,0.0,0.0
2018-04-30 00:00:00-04:00,4.235378463343093,4.502134974056085,4.235378463343093,4.46246862411499,9300,0.0,0.0
2018-05-01 00:00:00-04:00,4.551718057253989,4.611217580980555,4.373219013214111,4.373219013214111,14700,0.0,0.0
2018-05-02 00:00:00-04:00,4.303803449562932,4.561634737672024,4.19472074508667,4.19472074508667,28500,0.0,0.0
2018-05-03 00:00:00-04:00,4.234386748024514,4.3831357922548255,4.204636750034382,4.27405309677124,6400,0.0,0.0
2018-05-04 00:00:00-04:00,4.442635498073035,5.751626479126229,4.442635498073035,5.428345203399658,178400,0.0,0.0
2018-05-07 00:00:00-04:00,5.741709627208017,5.741709627208017,5.00788167592059,5.543377876281738,46200,0.0,0.0
2018-05-08 00:00:00-04:00,5.454128399966728,5.464045224030472,5.092172833123649,5.315296173095703,15200,0.0,0.0
2018-05-09 00:00:00-04:00,5.364878783823028,6.098707201984325,5.354962432787705,5.662376880645752,71100,0.0,0.0
2018-05-10 00:00:00-04:00,5.7615428867676055,5.7615428867676055,5.36487890623957,5.632627010345459,28700,0.0,0.0
2018-05-11 00:00:00-04:00,5.632626866673267,5.7149348024880124,5.354962418388208,5.393637180328369,18200,0.0,0.0
2018-05-14 00:00:00-04:00,5.374795483724358,5.840875320276831,5.374795483724358,5.583044052124023,28600,0.0,0.0
2018-05-15 00:00:00-04:00,5.602877598243819,5.900375235076638,5.553294422341578,5.768484592437744,21300,0.0,0.0
2018-05-16 00:00:00-04:00,5.75162664454591,6.098707456765357,5.741709820236109,5.986649990081787,24300,0.0,0.0
2018-05-17 00:00:00-04:00,5.989624535603018,6.3466221591355705,5.364878812636099,6.090774059295654,38900,0.0,0.0
2018-05-18 00:00:00-04:00,6.187956067729073,6.187956067729073,5.7912925809722156,5.811125755310059,11300,0.0,0.0
2018-05-21 00:00:00-04:00,5.821042156413368,6.346621990203857,5.780384219598038,6.346621990203857,17900,0.0,0.0
2018-05-22 00:00:00-04:00,6.396204907907303,6.673869833357167,6.287122680820032,6.297039031982422,27300,0.0,0.0
2018-05-23 00:00:00-04:00,6.1978731706924055,6.1978731706924055,5.703034904869574,5.751626491546631,11900,0.0,0.0
2018-05-24 00:00:00-04:00,5.672293272822438,5.761542797088623,5.662376921715191,5.761542797088623,4500,0.0,0.0
2018-05-25 00:00:00-04:00,5.692126448419615,5.751626446509329,5.226046597691606,5.652460098266602,15200,0.0,0.0
2018-05-29 00:00:00-04:00,5.553294308811892,5.652460185728851,5.473961607278325,5.632627010345459,6800,0.0,0.0
2018-05-30 00:00:00-04:00,5.731793319180004,5.870625545872058,5.464045216986659,5.533461093902588,6200,0.0,0.0
2018-05-31 00:00:00-04:00,5.464045303521986,5.553294357093094,5.335129425979025,5.513628005981445,3400,0.0,0.0
2018-06-01 00:00:00-04:00,5.5136277437462375,5.541394093631747,5.027714729309082,5.027714729309082,10300,0.0,0.0
2018-06-04 00:00:00-04:00,5.05746446149746,5.305379390716553,5.03763128607434,5.305379390716553,3800,0.0,0.0
2018-06-05 00:00:00-04:00,5.403553548852913,5.403553548852913,5.166547037369441,5.226046562194824,2700,0.0,0.0
2018-06-06 00:00:00-04:00,5.196296475108912,5.259762822988949,5.136796951293945,5.136796951293945,3200,0.0,0.0
2018-06-07 00:00:00-04:00,5.235963256967693,5.533460873757792,5.235963256967693,5.3648786544799805,15400,0.0,0.0
2018-06-08 00:00:00-04:00,5.404545133144006,5.493794656753932,5.404545133144006,5.444211483001709,2600,0.0,0.0
2018-06-11 00:00:00-04:00,5.345045523109614,5.345045523109614,5.027714729309082,5.027714729309082,13400,0.0,0.0
2018-06-12 00:00:00-04:00,5.073331035510279,5.216130080662893,5.037631037792036,5.146713733673096,8100,0.0,0.0
2018-06-13 00:00:00-04:00,5.187371845377255,5.216130256652832,5.156630258448257,5.216130256652832,2300,0.0,0.0
2018-06-14 00:00:00-04:00,5.216130256652832,5.216130256652832,5.216130256652832,5.216130256652832,0,0.0,0.0
2018-06-15 00:00:00-04:00,5.136797045973808,5.173488632456408,4.447593861102127,4.46246862411499,43900,0.0,0.0
2018-06-18 00:00:00-04:00,4.512051712727309,4.809549331665039,4.512051712727309,4.809549331665039,12400,0.0,0.0
2018-06-19 00:00:00-04:00,4.789716247615611,4.869048947498738,4.542792911870254,4.571551322937012,11200,0.0,0.0
2018-06-20 00:00:00-04:00,4.502134847457215,4.710383415222168,4.502134847457215,4.710383415222168,1900,0.0,0.0
2018-06-21 00:00:00-04:00,4.546759564342857,4.641959084324409,4.546759564342857,4.611217498779297,1000,0.0,0.0
2018-06-22 00:00:00-04:00,4.643942309548055,5.30537912614087,4.643942309548055,5.037631034851074,18100,0.0,0.0
2018-06-25 00:00:00-04:00,5.037631075947391,5.037631075947391,4.809549331665039,4.809549331665039,3900,0.0,0.0
2018-06-26 00:00:00-04:00,4.859132845278507,4.993006664971884,4.859132845278507,4.9483819007873535,7100,0.0,0.0
2018-06-27 00:00:00-04:00,5.02176502368484,6.356538746271343,5.02176502368484,5.877567291259766,105800,0.0,0.0
2018-06-28 00:00:00-04:00,6.16812323380323,6.882118495090543,5.135805577754699,5.196296691894531,105400,0.0,0.0
2018-06-29 00:00:00-04:00,5.940041542053223,6.098707420032918,5.454128502444686,5.940041542053223,33100,0.0,0.0
2018-07-02 00:00:00-04:00,5.94995810768821,8.924937161532315,5.850792233798777,8.181192398071289,1441900,0.0,0.0
2018-07-03 00:00:00-04:00,10.908256641566076,14.369148749053695,8.250608357172183,8.597689628601074,2033300,0.0,0.0
2018-07-05 00:00:00-04:00,8.528273555390353,8.528273555390353,6.544953739018031,6.673869609832764,387300,0.0,0.0
2018-07-06 00:00:00-04:00,6.683786130653605,7.417614552304051,6.098707230981972,6.852368354797363,306900,0.0,0.0
2018-07-09 00:00:00-04:00,6.604453525616832,7.030867504085317,6.297039071872226,6.396204948425293,136900,0.0,0.0
2018-07-10 00:00:00-04:00,6.396204906783599,7.2391160341474965,6.29703903087614,6.406121730804443,226100,0.0,0.0
2018-07-11 00:00:00-04:00,6.257372646262945,6.7432861448401065,5.850792320837711,5.8706254959106445,120200,0.0,0.0
2018-07-12 00:00:00-04:00,5.9003749106661445,6.2365477655932375,5.7317931621598355,6.005491256713867,56800,0.0,0.0
2018-07-13 00:00:00-04:00,5.979708362607201,6.41405505071938,5.850792484594826,6.049124240875244,35900,0.0,0.0
2018-07-16 00:00:00-04:00,5.920207970256981,5.920207970256981,5.573127183353235,5.592960357666016,58100,0.0,0.0
2018-07-17 00:00:00-04:00,5.5433779902447595,6.175065315578726,5.534452753910463,5.949958324432373,101300,0.0,0.0
2018-07-18 00:00:00-04:00,5.821042280092437,5.9896245034346345,5.662376880645752,5.662376880645752,28900,0.0,0.0
2018-07-19 00:00:00-04:00,5.682210290725441,6.172090157364117,5.682210290725441,6.148290157318115,51500,0.0,0.0
2018-07-20 00:00:00-04:00,6.197872981636399,6.197872981636399,5.711959966848993,5.900374889373779,19600,0.0,0.0
2018-07-23 00:00:00-04:00,5.959874930851284,6.059040804729803,5.554285726468837,5.781375885009766,29400,0.0,0.0
2018-07-24 00:00:00-04:00,5.949958243864709,5.952933007362392,5.682210141805205,5.751626491546631,22000,0.0,0.0
2018-07-25 00:00:00-04:00,5.821042499640687,5.999541553610723,5.642543918530858,5.721876621246338,37600,0.0,0.0
2018-07-26 00:00:00-04:00,5.6524602316903545,5.850792459997159,5.573127529511715,5.622710704803467,29000,0.0,0.0
2018-07-27 00:00:00-04:00,5.660393616362003,5.878558537184464,5.573127269744873,5.573127269744873,18100,0.0,0.0
2018-07-30 00:00:00-04:00,5.7169180034833635,5.999541337817019,5.602877365646769,5.660393714904785,26600,0.0,0.0
2018-07-31 00:00:00-04:00,5.652459884244071,5.84682527635058,5.563210836209178,5.702043056488037,38600,0.0,0.0
2018-08-01 00:00:00-04:00,5.602877443678713,5.6524601453529195,5.374795691968813,5.533461093902588,8100,0.0,0.0
2018-08-02 00:00:00-04:00,5.464045216986659,5.721876495129044,5.464045216986659,5.533461093902588,7100,0.0,0.0
2018-08-03 00:00:00-04:00,5.809142410872939,5.809142410872939,5.354962552910555,5.7417097091674805,28000,0.0,0.0
2018-08-06 00:00:00-04:00,5.602877244828278,5.745676290644706,5.602877244828278,5.688159942626953,15100,0.0,0.0
2018-08-07 00:00:00-04:00,5.7912930290034375,5.850792556620022,5.4640453906821165,5.493794918060303,12200,0.0,0.0
2018-08-08 00:00:00-04:00,5.483878305999305,5.607835767525996,5.4541283071744155,5.5532941818237305,6900,0.0,0.0
2018-08-09 00:00:00-04:00,5.503711690469986,5.533461217567329,5.454128514827471,5.50569486618042,8100,0.0,0.0
2018-08-10 00:00:00-04:00,5.462061486077337,6.255389429501026,5.305379262172877,5.335129261016846,286600,0.0,0.0
2018-08-13 00:00:00-04:00,5.305379171866441,5.443219806300142,5.007881552791608,5.136796951293945,89300,0.0,0.0
2018-08-14 00:00:00-04:00,5.067381032932242,5.143738494430245,5.017797860417022,5.037631034851074,15600,0.0,0.0
2018-08-15 00:00:00-04:00,5.00788190160687,5.116964133102151,4.779800141332771,4.9483819007873535,20800,0.0,0.0
2018-08-16 00:00:00-04:00,5.027714816343805,5.08523069271368,4.839299417832991,5.0078816413879395,16400,0.0,0.0
2018-08-17 00:00:00-04:00,4.9781317710876465,5.077297648427997,4.958298595619576,4.9781317710876465,3400,0.0,0.0
2018-08-20 00:00:00-04:00,4.948381858827269,5.071347738044551,4.948381858827269,4.958298683166504,7000,0.0,0.0
2018-08-21 00:00:00-04:00,5.033665027768477,5.325212664592459,5.033665027768477,5.2290215492248535,15300,0.0,0.0
2018-08-22 00:00:00-04:00,5.275629784781161,5.403553598838017,5.206213435412656,5.37777042388916,18500,0.0,0.0
2018-08-23 00:00:00-04:00,5.434295361813778,5.434295361813778,5.037631373599446,5.176463603973389,13300,0.0,0.0
2018-08-24 00:00:00-04:00,5.216130124558239,5.414461870683571,4.958298381735125,5.027714729309082,49200,0.0,0.0
2018-08-27 00:00:00-04:00,4.978131854457429,5.464045370853144,4.978131854457429,5.067381381988525,20500,0.0,0.0
2018-08-28 00:00:00-04:00,5.11696407667027,5.354962658742953,5.11696407667027,5.176463603973389,7100,0.0,0.0
2018-08-29 00:00:00-04:00,5.027715030388085,5.166547260989628,5.027715030388085,5.067381381988525,16000,0.0,0.0
2018-08-30 00:00:00-04:00,5.0475481189944436,5.330170987480469,5.04258970691499,5.087214469909668,7800,0.0,0.0
2018-08-31 00:00:00-04:00,5.037631167391642,5.077297517303372,5.0078816413879395,5.0078816413879395,3600,0.0,0.0
2018-09-04 00:00:00-04:00,5.007881728768724,5.100106017565696,4.9781317293857335,4.988048553466797,11600,0.0,0.0
2018-09-05 00:00:00-04:00,5.1209307339009715,5.1209307339009715,4.958298508767465,4.997964859008789,9600,0.0,0.0
2018-09-06 00:00:00-04:00,5.099114340616782,5.099114340616782,4.660800370241889,4.898798942565918,23700,0.0,0.0
2018-09-07 00:00:00-04:00,4.7599665749851,4.989039904343359,4.710383402655185,4.877974033355713,3300,0.0,0.0
2018-09-10 00:00:00-04:00,4.878965722380814,4.99796477100957,4.7401334989806,4.90871524810791,11000,0.0,0.0
2018-09-11 00:00:00-04:00,4.7401336680822475,4.878965896435225,4.730216843912648,4.869049072265625,3800,0.0,0.0
2018-09-12 00:00:00-04:00,4.898798813812708,5.17646325588944,4.819466116076498,5.037631034851074,25900,0.0,0.0
2018-09-13 00:00:00-04:00,5.156630301290373,5.156630301290373,4.869049023306498,5.09713077545166,11300,0.0,0.0
2018-09-14 00:00:00-04:00,5.062422979238533,5.110022506675546,4.849215984344482,4.849215984344482,6800,0.0,0.0
2018-09-17 00:00:00-04:00,4.809549506456025,5.044572846745247,4.769883155822754,4.769883155822754,3900,0.0,0.0
2018-09-18 00:00:00-04:00,4.773850114058484,4.842274405320855,4.71038376211932,4.740133762359619,21700,0.0,0.0
2018-09-19 00:00:00-04:00,4.680633460361932,4.809549331665039,4.680633460361932,4.809549331665039,23400,0.0,0.0
2018-09-20 00:00:00-04:00,4.759966904039869,4.855165958404541,4.750050079744269,4.855165958404541,6900,0.0,0.0
2018-09-21 00:00:00-04:00,5.066389621333936,5.066389621333936,4.759966758312212,4.888882160186768,6900,0.0,0.0
2018-09-24 00:00:00-04:00,4.839299411725789,6.039207677191818,4.839299411725789,5.662376880645752,399000,0.0,0.0
2018-09-25 00:00:00-04:00,5.79129266125808,6.108623455062786,5.156630127928302,5.245879650115967,108100,0.0,0.0
2018-09-26 00:00:00-04:00,5.144730643784482,5.2389381057554365,4.95829842260193,5.017797946929932,28300,0.0,0.0
2018-09-27 00:00:00-04:00,5.007881896127646,5.202246831437956,4.978131895750438,5.057464599609375,12100,0.0,0.0
2018-09-28 00:00:00-04:00,5.226046559050896,5.5532941818237305,4.959290048885116,5.5532941818237305,56700,0.0,0.0
2018-10-01 00:00:00-04:00,5.632627059316392,6.34662232504648,5.166547197324415,5.513628005981445,164900,0.0,0.0
2018-10-02 00:00:00-04:00,5.786334207482498,5.85079214272229,5.553294052824816,5.692126274108887,61700,0.0,0.0
2018-10-03 00:00:00-04:00,5.741709707033405,5.897400346462145,5.271663025229021,5.850792407989502,87300,0.0,0.0
2018-10-04 00:00:00-04:00,5.771459868214296,5.840875747518282,5.0872145895450585,5.275629997253418,31100,0.0,0.0
2018-10-05 00:00:00-04:00,5.235963645405365,5.454128580569657,5.116964117000992,5.275629997253418,10400,0.0,0.0
2018-10-08 00:00:00-04:00,5.255796733985704,5.523544840940586,5.255796733985704,5.2954630851745605,11800,0.0,0.0
2018-10-09 00:00:00-04:00,5.414461997348518,5.741709622540979,5.295462946889477,5.652460098266602,47300,0.0,0.0
2018-10-10 00:00:00-04:00,5.602877358716913,5.602877358716913,5.116963863372803,5.116963863372803,15500,0.0,0.0
2018-10-11 00:00:00-04:00,5.116963950731231,5.255796650548424,4.958298548494665,5.09713077545166,32800,0.0,0.0
2018-10-12 00:00:00-04:00,5.3133125755544075,5.414462101390371,5.077297645750761,5.087214469909668,10700,0.0,0.0
2018-10-15 00:00:00-04:00,5.077297687530518,5.166547214254285,5.0574645119097035,5.077297687530518,8400,0.0,0.0
2018-10-16 00:00:00-04:00,5.153655626457745,5.206213565495913,5.077297687530518,5.077297687530518,2300,0.0,0.0
2018-10-17 00:00:00-04:00,5.077297517303372,5.077297517303372,4.978131642524047,5.0078816413879395,12400,0.0,0.0
2018-10-18 00:00:00-04:00,4.968215116222666,5.12787209805646,4.759966550101946,4.938465118408203,10100,0.0,0.0
2018-10-19 00:00:00-04:00,5.057464576335017,5.057464576335017,4.611217882752008,4.740133762359619,19900,0.0,0.0
2018-10-22 00:00:00-04:00,4.978131462815484,5.0138314601633995,4.710383374146809,4.829382419586182,6500,0.0,0.0
2018-10-23 00:00:00-04:00,4.680633503481653,4.750049851636703,4.383135881803264,4.690550327301025,7500,0.0,0.0
2018-10-24 00:00:00-04:00,4.581467673938278,4.581467673938278,4.3633027492622505,4.46246862411499,2900,0.0,0.0
2018-10-25 00:00:00-04:00,4.37321910031743,4.750049897618029,4.37321910031743,4.46246862411499,16900,0.0,0.0
2018-10-26 00:00:00-04:00,4.442635362865385,4.606259171409765,4.363302664523889,4.482301712036133,15200,0.0,0.0
2018-10-29 00:00:00-04:00,4.5616344103776285,4.609233934810489,4.4128853645572335,4.482301712036133,6500,0.0,0.0
2018-10-30 00:00:00-04:00,4.462468753563611,4.54180145574711,4.094563181686567,4.432718753814697,12000,0.0,0.0
2018-10-31 00:00:00-04:00,4.452551666131508,4.472385313365048,4.234386748024514,4.27405309677124,2400,0.0,0.0
2018-11-01 00:00:00-04:00,4.333552666215738,4.551718059515032,4.333552666215738,4.482301712036133,1800,0.0,0.0
2018-11-02 00:00:00-04:00,4.393052489953861,4.561634721871361,4.393052489953861,4.412885665893555,5700,0.0,0.0
2018-11-05 00:00:00-05:00,4.452551757758785,4.750049852341502,4.313719534288271,4.363302707672119,16000,0.0,0.0
2018-11-06 00:00:00-05:00,4.393052361365846,4.524943474007475,4.313719659929202,4.442635536193848,6400,0.0,0.0
2018-11-07 00:00:00-05:00,4.492218804247676,4.720300562041446,4.313719749450684,4.313719749450684,3100,0.0,0.0
2018-11-08 00:00:00-05:00,4.303803486047913,4.472385719978486,4.293886661529541,4.293886661529541,2000,0.0,0.0
2018-11-09 00:00:00-05:00,4.58146785428278,4.884915963423277,4.204637042148644,4.422802448272705,48400,0.0,0.0
2018-11-12 00:00:00-05:00,4.383136021009108,4.383136021009108,4.115387916564941,4.115387916564941,7500,0.0,0.0
2018-11-13 00:00:00-05:00,4.293886314419971,4.31371948899322,4.065804570397515,4.155054092407227,7400,0.0,0.0
2018-11-14 00:00:00-05:00,4.242320129284541,4.412885531753196,4.143154252600462,4.280994892120361,18500,0.0,0.0
2018-11-15 00:00:00-05:00,4.255211809997929,4.343469749536919,3.8674730581786236,4.313719749450684,14000,0.0,0.0
2018-11-16 00:00:00-05:00,4.164970510938449,4.164970510938449,3.951763762596678,3.976555585861206,6100,0.0,0.0
2018-11-19 00:00:00-05:00,3.97655543430808,4.130262415675201,3.8178895683308367,4.065804481506348,10500,0.0,0.0
2018-11-20 00:00:00-05:00,3.966638826961244,4.262153279603239,3.6393911993945727,3.907139301300049,8700,0.0,0.0
2018-11-21 00:00:00-05:00,3.956722274661928,4.363302843168729,3.86747298537365,4.224470615386963,55900,0.0,0.0
2018-11-23 00:00:00-05:00,4.016221865016875,4.164970437686982,3.718723773956299,3.718723773956299,7000,0.0,0.0
2018-11-26 00:00:00-05:00,3.8178898659280693,3.826814865915617,3.718723987500108,3.7782235145568848,7600,0.0,0.0
2018-11-27 00:00:00-05:00,3.6691410033202394,3.8972227573394775,3.6195580647139054,3.8972227573394775,6700,0.0,0.0
2018-11-28 00:00:00-05:00,3.8575562991001795,3.8575562991001795,3.6393911388736564,3.758390188217163,6600,0.0,0.0
2018-11-29 00:00:00-05:00,3.7385570148579075,3.807973127003386,3.490642092193961,3.6493077278137207,5700,0.0,0.0
2018-11-30 00:00:00-05:00,3.649307771421001,3.6889741216924095,3.6393911838531494,3.6393911838531494,1400,0.0,0.0
2018-12-03 00:00:00-05:00,3.798056539554032,3.798056539554032,3.6493077278137207,3.6493077278137207,6800,0.0,0.0
2018-12-04 00:00:00-05:00,3.679057551114271,3.9567222407264673,3.679057551114271,3.7980566024780273,31700,0.0,0.0
2018-12-06 00:00:00-05:00,3.6889741225852597,3.6889741225852597,3.40139284661785,3.530308485031128,7400,0.0,0.0
2018-12-07 00:00:00-05:00,3.6592243792066568,3.7881400183010125,3.579891441795416,3.688974142074585,7000,0.0,0.0
2018-12-10 00:00:00-05:00,3.6294747133360064,3.639391301223669,3.3240434281078373,3.4509758949279785,16500,0.0,0.0
2018-12-11 00:00:00-05:00,3.550141659312384,3.649307771421001,3.5253503086078024,3.6393911838531494,3500,0.0,0.0
2018-12-12 00:00:00-05:00,3.649307772304251,3.8873061104204,3.4311426093286066,3.530308485031128,11600,0.0,0.0
2018-12-13 00:00:00-05:00,3.577908351281786,3.6691410541534424,3.577908351281786,3.6691410541534424,1200,0.0,0.0
2018-12-14 00:00:00-05:00,3.421225958790965,3.531300244295924,3.222893974606109,3.2724769115448,22400,0.0,0.0
2018-12-17 00:00:00-05:00,3.272476955103964,3.3349514801213074,3.2625603675842285,3.2625603675842285,3000,0.0,0.0
2018-12-18 00:00:00-05:00,3.222894141298316,3.385526372012843,3.222894141298316,3.341893196105957,3600,0.0,0.0
2018-12-19 00:00:00-05:00,3.3418931575246074,3.3418931575246074,3.2328106918769337,3.242727279663086,1600,0.0,0.0
2018-12-20 00:00:00-05:00,3.2228940451197263,3.242727220329132,2.9234127684555604,2.984895706176758,5300,0.0,0.0
2018-12-21 00:00:00-05:00,2.8758131571018994,2.9551458555830252,2.6278982379182905,2.677481174468994,9900,0.0,0.0
2018-12-24 00:00:00-05:00,2.627898213242914,2.8004467835331517,2.518815517425537,2.518815517425537,4800,0.0,0.0
2018-12-26 00:00:00-05:00,2.468241056634005,2.6873978052328176,2.468241056634005,2.5584819316864014,5000,0.0,0.0
2018-12-27 00:00:00-05:00,2.690372849381889,2.690372849381889,2.5416237984471204,2.6576480865478516,6500,0.0,0.0
2018-12-28 00:00:00-05:00,2.6348399985950945,2.6774813504747623,2.5088991186904295,2.637814998626709,58000,0.0,0.0
2018-12-31 00:00:00-05:00,2.7072311072857618,2.9372960419752645,2.588231815622487,2.7468974590301514,56000,0.0,0.0
2019-01-02 00:00:00-05:00,2.8857297894562066,3.1733110623693155,2.736980741052139,2.7766470909118652,31300,0.0,0.0
2019-01-03 00:00:00-05:00,2.8123468091647457,2.8301968081810016,2.7865636348724365,2.7865636348724365,1600,0.0,0.0
2019-01-04 00:00:00-05:00,3.0939781665802,3.1524861043155505,2.9948122906372827,3.0939781665802,14500,0.0,0.0
2019-01-07 00:00:00-05:00,3.212977434859984,3.619557996646158,3.212977434859984,3.4787421226501465,7000,0.0,0.0
2019-01-08 00:00:00-05:00,3.7583901670406092,3.7583901670406092,3.3270182609558105,3.3270182609558105,13500,0.0,0.0
2019-01-09 00:00:00-05:00,3.4599007165214544,3.758390162047429,3.4599007165214544,3.546175003051758,20500,0.0,0.0
2019-01-10 00:00:00-05:00,3.589807991819391,3.676082516019856,3.312143304863479,3.37164306640625,2200,0.0,0.0
2019-01-11 00:00:00-05:00,3.5650165953161554,3.619557944181936,3.371643022975779,3.3815596103668213,2200,0.0,0.0
2019-01-14 00:00:00-05:00,3.632449560555443,3.632449560555443,3.4698173368944123,3.592782974243164,1000,0.0,0.0
2019-01-15 00:00:00-05:00,3.599724769592285,3.599724769592285,3.599724769592285,3.599724769592285,200,0.0,0.0
2019-01-16 00:00:00-05:00,3.599724769592285,3.6086495327436356,3.398417785470257,3.599724769592285,3100,0.0,0.0
2019-01-17 00:00:00-05:00,3.44800066947937,3.44800066947937,3.44800066947937,3.44800066947937,1600,0.0,0.0
2019-01-18 00:00:00-05:00,3.619558008717445,3.6393911838531494,3.4708089587695676,3.6393911838531494,3100,0.0,0.0
2019-01-22 00:00:00-05:00,3.4480006737291684,3.5015501976013184,3.431142499044606,3.5015501976013184,2800,0.0,0.0
2019-01-23 00:00:00-05:00,3.4083344570952123,3.470808982849121,3.4083344570952123,3.470808982849121,2000,0.0,0.0
2019-01-24 00:00:00-05:00,3.5203919527049776,3.592783066746833,3.5203919527049776,3.571958303451538,1200,0.0,0.0
2019-01-25 00:00:00-05:00,3.7088074164373057,3.7088074164373057,3.4509758949279785,3.4509758949279785,1200,0.0,0.0
2019-01-28 00:00:00-05:00,3.4509758949279785,3.4509758949279785,3.4509758949279785,3.4509758949279785,100,0.0,0.0
2019-01-29 00:00:00-05:00,3.4113095372822584,3.560058355331421,3.4113095372822584,3.560058355331421,1300,0.0,0.0
2019-01-30 00:00:00-05:00,3.5769166593984005,3.629474597163747,3.530308485031128,3.530308485031128,1600,0.0,0.0
2019-01-31 00:00:00-05:00,3.5798914650274907,3.708807341388558,3.5798914650274907,3.629474639892578,2100,0.0,0.0
2019-02-01 00:00:00-05:00,3.708807290712926,3.986471978585058,3.708807290712926,3.9666388034820557,20200,0.0,0.0
2019-02-04 00:00:00-05:00,3.7286403612296453,3.849622820536509,3.718723773956299,3.718723773956299,3400,0.0,0.0
2019-02-05 00:00:00-05:00,3.7187238811982923,3.966638806611512,3.7187238811982923,3.8030149936676025,2100,0.0,0.0
2019-02-06 00:00:00-05:00,3.7286405813053647,3.7772319327417994,3.6691410541534424,3.6691410541534424,3100,0.0,0.0
2019-02-07 00:00:00-05:00,3.708807405588057,3.8178898720332484,3.6691410541534424,3.6691410541534424,3300,0.0,0.0
2019-02-08 00:00:00-05:00,3.6691410541534424,3.6691410541534424,3.6691410541534424,3.6691410541534424,100,0.0,0.0
2019-02-11 00:00:00-05:00,3.607657939984337,3.607657939984337,3.589807940845938,3.6007163524627686,4300,0.0,0.0
2019-02-12 00:00:00-05:00,3.647324323654175,3.647324323654175,3.647324323654175,3.647324323654175,200,0.0,0.0
2019-02-13 00:00:00-05:00,3.7683067321777344,3.7683067321777344,3.6959156210194557,3.7683067321777344,2000,0.0,0.0
2019-02-14 00:00:00-05:00,3.810948226559594,3.8119400508315375,3.6274912357330322,3.6274912357330322,1400,0.0,0.0
2019-02-15 00:00:00-05:00,3.758390335121088,3.9666389160421156,3.758390335121088,3.8873062133789062,8200,0.0,0.0
2019-02-19 00:00:00-05:00,3.9319306082951133,3.9864719577584773,3.9071392577609263,3.91705584526062,6800,0.0,0.0
2019-02-20 00:00:00-05:00,3.9765556910428623,4.155054269823812,3.8585479899341038,4.00630521774292,14700,0.0,0.0
2019-02-21 00:00:00-05:00,4.155054269823812,4.205629032646151,3.986472042322814,4.00630521774292,5400,0.0,0.0
2019-02-22 00:00:00-05:00,3.99638890147531,4.3533860621648595,3.99638890147531,4.2145538330078125,12700,0.0,0.0
2019-02-25 00:00:00-05:00,4.264136791229248,4.353385840425642,4.155054094589009,4.264136791229248,8800,0.0,0.0
2019-02-26 00:00:00-05:00,4.333552790802454,4.45255184173584,4.333552790802454,4.45255184173584,9100,0.0,0.0
2019-02-27 00:00:00-05:00,4.462468799775224,4.462468799775224,4.366277684594523,4.422802448272705,1100,0.0,0.0
2019-02-28 00:00:00-05:00,4.264136917602228,4.288928031921387,4.055888341871968,4.288928031921387,3200,0.0,0.0
2019-03-01 00:00:00-05:00,4.160012721758899,4.160012721758899,3.688974209942224,4.105471134185791,12200,0.0,0.0
2019-03-04 00:00:00-05:00,4.214553570272971,4.254219918987903,4.115387698485642,4.164970397949219,2900,0.0,0.0
2019-03-05 00:00:00-05:00,4.175878897554277,4.254220008850098,4.175878897554277,4.254220008850098,3900,0.0,0.0
2019-03-06 00:00:00-05:00,4.239345291345901,4.283970053285362,4.239345291345901,4.2443037033081055,1300,0.0,0.0
2019-03-07 00:00:00-05:00,4.017213754442078,4.105471222300488,4.016222166569318,4.085638046264648,1100,0.0,0.0
2019-03-08 00:00:00-05:00,4.085638046264648,4.085638046264648,4.085638046264648,4.085638046264648,100,0.0,0.0
2019-03-11 00:00:00-04:00,4.06580478923707,4.254220194254376,4.061838437825043,4.212570667266846,17400,0.0,0.0
2019-03-12 00:00:00-04:00,4.155054092407227,4.155054092407227,4.155054092407227,4.155054092407227,300,0.0,0.0
2019-03-13 00:00:00-04:00,4.204636986345943,4.274053336984182,4.1649706353698654,4.1659626960754395,800,0.0,0.0
2019-03-14 00:00:00-04:00,4.068780106707304,4.105471222300488,4.065804870228809,4.085638046264648,1800,0.0,0.0
2019-03-15 00:00:00-04:00,4.085638092422499,4.373219384621253,4.065804916162593,4.075721740722656,5200,0.0,0.0
2019-03-18 00:00:00-04:00,4.12827953009117,4.412885575342744,4.125304293688149,4.325619697570801,6300,0.0,0.0
2019-03-19 00:00:00-04:00,4.402969011002931,4.402969011002931,4.011263458536125,4.155054092407227,4900,0.0,0.0
2019-03-20 00:00:00-04:00,4.164970589717506,4.383135990554824,4.155054238512282,4.175879001617432,4200,0.0,0.0
2019-03-21 00:00:00-04:00,4.135220922510041,4.323636317599057,3.8674728290383213,3.9894466400146484,7300,0.0,0.0
2019-03-22 00:00:00-04:00,3.996388715167921,4.115387763183495,3.91705578006078,3.9864718914031982,3400,0.0,0.0
2019-03-25 00:00:00-04:00,4.045971527842838,4.14513740394483,3.907139301300049,3.907139301300049,4000,0.0,0.0
2019-03-26 00:00:00-04:00,3.897222759029385,4.1302626887952565,3.897222759029385,3.950772285461426,4400,0.0,0.0
2019-03-27 00:00:00-04:00,4.145137470971932,4.164970646513034,3.9170559522492603,3.946805715560913,7500,0.0,0.0
2019-03-28 00:00:00-04:00,3.936889266050421,4.065804911594987,3.936889266050421,4.023163795471191,2700,0.0,0.0
2019-03-29 00:00:00-04:00,4.155054133932276,5.315296040213102,4.155054133932276,4.90871524810791,267500,0.0,0.0
2019-04-01 00:00:00-04:00,4.759966683189392,6.624286533983399,4.660800336275298,6.052099227905273,394200,0.0,0.0
2019-04-02 00:00:00-04:00,5.632626837208374,6.1383735032293965,4.958298422040529,5.345045566558838,195300,0.0,0.0
2019-04-03 00:00:00-04:00,5.235963249843835,5.235963249843835,4.720300241915745,4.8194661140441895,45800,0.0,0.0
2019-04-04 00:00:00-04:00,4.8690489089775735,5.107047479604235,4.60427604885538,4.74310827255249,28200,0.0,0.0
2019-04-05 00:00:00-04:00,4.750049976983471,5.444211585411124,4.73120838951761,4.988048553466797,56500,0.0,0.0
2019-04-08 00:00:00-04:00,5.473961658075565,5.852775642415803,5.156630376136327,5.404545307159424,53800,0.0,0.0
2019-04-09 00:00:00-04:00,5.264721146354366,5.652459868865007,4.95829829649919,5.156630039215088,23200,0.0,0.0
2019-04-10 00:00:00-04:00,5.245879737136619,5.245879737136619,4.958298464050505,5.226046562194824,15100,0.0,0.0
2019-04-11 00:00:00-04:00,5.156630479433046,5.263730007930782,5.057464599609375,5.057464599609375,10100,0.0,0.0
2019-04-12 00:00:00-04:00,5.275629875968902,5.325212578208976,4.769883192242808,4.9781317710876465,4900,0.0,0.0
2019-04-15 00:00:00-04:00,5.077297433234077,5.46404504776001,4.938465210841788,5.46404504776001,3700,0.0,0.0
2019-04-16 00:00:00-04:00,5.424378172745184,5.424378172745184,4.7966577054042405,5.037631034851074,16200,0.0,0.0
2019-04-17 00:00:00-04:00,5.057464599609375,5.057464599609375,4.833349663921856,5.057464599609375,7700,0.0,0.0
2019-04-18 00:00:00-04:00,4.809549391299797,4.938465264201363,4.769883041616266,4.850207328796387,10700,0.0,0.0
2019-04-22 00:00:00-04:00,4.949373813245201,5.305379382465561,4.949373813245201,5.03663969039917,21600,0.0,0.0
2019-04-23 00:00:00-04:00,5.007881634822403,5.977724503610951,5.004906398509819,5.5532941818237305,104900,0.0,0.0
2019-04-24 00:00:00-04:00,5.540402872196163,5.540402872196163,5.224063645278906,5.275629997253418,12100,0.0,0.0
2019-04-25 00:00:00-04:00,5.18638036011125,5.255796710815833,4.571551446534211,4.759966850280762,45200,0.0,0.0
2019-04-26 00:00:00-04:00,4.660800627377072,4.789716508129002,4.660800627377072,4.730216979980469,10100,0.0,0.0
2019-04-29 00:00:00-04:00,4.799633114267952,4.96821533945078,4.670717239379883,4.670717239379883,2600,0.0,0.0
2019-04-30 00:00:00-04:00,4.769883262043292,4.813516437855637,4.56163468015103,4.584443092346191,7600,0.0,0.0
2019-05-01 00:00:00-04:00,4.660800370241889,4.898798942565918,4.405943859278943,4.898798942565918,10800,0.0,0.0
2019-05-02 00:00:00-04:00,4.7401336311589555,4.809549508364628,4.52196822972919,4.660800457000732,3300,0.0,0.0
2019-05-03 00:00:00-04:00,4.704433631858725,4.704433631858725,4.660800457000732,4.660800457000732,1300,0.0,0.0
2019-05-06 00:00:00-04:00,4.660800457000732,4.660800457000732,4.660800457000732,4.660800457000732,100,0.0,0.0
2019-05-07 00:00:00-04:00,4.52196819751573,4.584442959415979,4.234386920928955,4.234386920928955,2200,0.0,0.0
2019-05-08 00:00:00-04:00,4.234386697232168,4.234386697232168,4.225461934372271,4.231411933898926,2200,0.0,0.0
2019-05-09 00:00:00-04:00,4.417843820106203,4.426769056117,4.363302707672119,4.363302707672119,1000,0.0,0.0
2019-05-10 00:00:00-04:00,4.363302707672119,4.363302707672119,4.363302707672119,4.363302707672119,100,0.0,0.0
2019-05-13 00:00:00-04:00,4.363302734732167,4.512051782946027,4.164970512826956,4.193728923797607,5300,0.0,0.0
2019-05-14 00:00:00-04:00,4.315703139718809,4.462468537065882,4.155054094589009,4.264136791229248,15600,0.0,0.0
2019-05-15 00:00:00-04:00,4.083654739063317,4.224470615386963,3.9666388623606257,4.224470615386963,21400,0.0,0.0
2019-05-16 00:00:00-04:00,4.2839699267553595,4.492218494415283,4.264136752352518,4.492218494415283,3300,0.0,0.0
2019-05-17 00:00:00-04:00,4.264136926725651,4.264136926725651,4.01622200012207,4.01622200012207,3200,0.0,0.0
2019-05-20 00:00:00-04:00,4.055888262828135,4.055888262828135,3.9666387398658927,4.036055088043213,3700,0.0,0.0
2019-05-21 00:00:00-04:00,4.065804481506348,4.669725414277487,4.055888130866616,4.065804481506348,7700,0.0,0.0
2019-05-22 00:00:00-04:00,4.095554524128176,4.164970397949219,4.06580452616189,4.164970397949219,800,0.0,0.0
2019-05-23 00:00:00-04:00,4.164970397949219,4.164970397949219,4.164970397949219,4.164970397949219,100,0.0,0.0
2019-05-24 00:00:00-04:00,4.164970618655964,4.2145537936071875,4.115387916564941,4.115387916564941,2800,0.0,0.0
2019-05-28 00:00:00-04:00,4.2046370911368,4.363302971855697,4.2046370911368,4.303803443908691,1800,0.0,0.0
2019-05-29 00:00:00-04:00,4.18480361783701,4.18480361783701,4.016221870394483,4.155054092407227,500,0.0,0.0
2019-05-30 00:00:00-04:00,4.07572141384497,4.078696177258277,3.8178896702843765,3.9864718914031982,15100,0.0,0.0
2019-05-31 00:00:00-04:00,3.8575563430786133,3.956722218662085,3.803014993292655,3.8575563430786133,2000,0.0,0.0
2019-06-03 00:00:00-04:00,3.9765555389859535,3.9765555389859535,3.7683067321777344,3.7683067321777344,3200,0.0,0.0
2019-06-04 00:00:00-04:00,3.8674728419164146,3.8674728419164146,3.7683067321777344,3.7683067321777344,1500,0.0,0.0
2019-06-05 00:00:00-04:00,3.817889841181851,3.9864720698467986,3.7633487266150407,3.8377230167388916,15600,0.0,0.0
2019-06-06 00:00:00-04:00,3.778223495296672,3.778223495296672,3.728640556335449,3.728640556335449,1300,0.0,0.0
2019-06-07 00:00:00-04:00,3.8476396240620567,3.858547799074522,3.5203917729571343,3.5590665340423584,3800,0.0,0.0
2019-06-10 00:00:00-04:00,3.597741300104903,3.7107905837081026,3.540224952293959,3.558074951171875,900,0.0,0.0
2019-06-11 00:00:00-04:00,3.788140108457287,3.788140108457287,3.6691410541534424,3.6691410541534424,700,0.0,0.0
2019-06-12 00:00:00-04:00,3.7484736511505616,3.7534320631548947,3.4212260246276855,3.4212260246276855,11400,0.0,0.0
2019-06-13 00:00:00-04:00,3.4212260246276855,3.4212260246276855,3.4212260246276855,3.4212260246276855,100,0.0,0.0
2019-06-14 00:00:00-04:00,3.6423661708831787,3.6423661708831787,3.6423661708831787,3.6423661708831787,1200,0.0,0.0
2019-06-17 00:00:00-04:00,3.4212259067860313,3.4222174945807047,3.232810512852954,3.3389182090759277,9900,0.0,0.0
2019-06-18 00:00:00-04:00,3.4311426590786023,3.5035337730340905,3.3815597205084114,3.4103176593780518,5100,0.0,0.0
2019-06-19 00:00:00-04:00,3.6126162302593614,3.6126162302593614,3.5203919410705566,3.5203919410705566,1400,0.0,0.0
2019-06-20 00:00:00-04:00,3.5699748218574094,3.96663879603272,3.5699748218574094,3.85953950881958,11100,0.0,0.0
2019-06-21 00:00:00-04:00,3.85953950881958,3.85953950881958,3.85953950881958,3.85953950881958,100,0.0,0.0
2019-06-24 00:00:00-04:00,3.7216989770097624,3.7216989770097624,3.322059991567876,3.348834991455078,14700,0.0,0.0
2019-06-25 00:00:00-04:00,3.5005586796433152,3.778223364655324,3.47180050511116,3.6493077278137207,3600,0.0,0.0
2019-06-26 00:00:00-04:00,3.7484735786910286,4.016221910996903,3.7484735786910286,3.81788969039917,10200,0.0,0.0
2019-06-27 00:00:00-04:00,4.0162218883093885,4.0162218883093885,3.7683067321777344,3.7683067321777344,1300,0.0,0.0
2019-06-28 00:00:00-04:00,4.025146719936313,4.026138307757253,3.87243108329695,3.91705584526062,10300,0.0,0.0
2019-07-01 00:00:00-04:00,4.02613833946111,4.462468665743719,4.02613833946111,4.45255184173584,15300,0.0,0.0
2019-07-02 00:00:00-04:00,4.274053360607427,4.274053360607427,3.857556436626469,3.9983720779418945,3600,0.0,0.0
2019-07-03 00:00:00-04:00,4.050930152182718,4.085638092422499,4.045971739902686,4.075721740722656,1000,0.0,0.0
2019-07-05 00:00:00-04:00,4.095554790436391,4.105471141829834,3.9963889122009277,3.9963889122009277,2700,0.0,0.0
2019-07-08 00:00:00-04:00,3.817889933350708,4.090596458488662,3.817889933350708,4.085638046264648,3600,0.0,0.0
2019-07-09 00:00:00-04:00,4.085638046264648,4.085638046264648,4.085638046264648,4.085638046264648,0,0.0,0.0
2019-07-10 00:00:00-04:00,4.115387695684267,4.462468483133746,4.115387695684267,4.3851189613342285,8800,0.0,0.0
2019-07-11 00:00:00-04:00,4.383136021009108,4.383136021009108,3.9269725137545723,4.115387916564941,7500,0.0,0.0
2019-07-12 00:00:00-04:00,4.0658047866995926,4.264137015843601,4.050930023193359,4.050930023193359,2200,0.0,0.0
2019-07-15 00:00:00-04:00,3.778223463981606,4.00630521774292,3.778223463981606,4.00630521774292,800,0.0,0.0
2019-07-16 00:00:00-04:00,4.122329350674728,4.244303634963792,3.9765555404986586,3.9864718914031982,1900,0.0,0.0
2019-07-17 00:00:00-04:00,4.01622195459962,4.045971480653139,4.01622195459962,4.0261383056640625,1600,0.0,0.0
2019-07-18 00:00:00-04:00,3.9557305624358854,4.036055085770657,3.81788969039917,3.81788969039917,1500,0.0,0.0
2019-07-19 00:00:00-04:00,3.91705584526062,3.91705584526062,3.91705584526062,3.91705584526062,500,0.0,0.0
2019-07-22 00:00:00-04:00,3.976555637437745,4.105471039500514,3.976555637437745,4.072746276855469,900,0.0,0.0
2019-07-23 00:00:00-04:00,4.09654644252606,4.333552966154255,4.075721678699099,4.08960485458374,8200,0.0,0.0
2019-07-24 00:00:00-04:00,4.204637005499317,4.363302882986605,4.110429539717039,4.323636531829834,22100,0.0,0.0
2019-07-25 00:00:00-04:00,4.363302845600658,4.383136021009108,4.115387916564941,4.115387916564941,8600,0.0,0.0
2019-07-26 00:00:00-04:00,4.164970341212205,4.194720338773225,4.164970341212205,4.178853988647461,1300,0.0,0.0
2019-07-29 00:00:00-04:00,4.115387809633233,4.115387809633233,3.6691409016779275,3.8674728870391846,4100,0.0,0.0
2019-07-30 00:00:00-04:00,3.9061475402005827,4.065804768807524,3.9061475402005827,3.946805715560913,3900,0.0,0.0
2019-07-31 00:00:00-04:00,4.08563782681439,4.561634498967729,4.08563782681439,4.46246862411499,43300,0.0,0.0
2019-08-01 00:00:00-04:00,4.6013009899272275,4.710383692038449,4.323636531829834,4.323636531829834,29100,0.0,0.0
2019-08-02 00:00:00-04:00,4.190753615175819,4.194720439232346,4.045971393585205,4.045971393585205,3100,0.0,0.0
2019-08-05 00:00:00-04:00,3.9249890411937116,3.986471978585058,3.9249890411937116,3.9666388034820557,2800,0.0,0.0
2019-08-06 00:00:00-04:00,4.045971652987725,4.164970707990844,4.0360553015009035,4.041013240814209,5500,0.0,0.0
2019-08-07 00:00:00-04:00,4.01622200012207,4.145137402582183,4.01622200012207,4.01622200012207,3900,0.0,0.0
2019-08-08 00:00:00-04:00,4.254220235300729,4.292894999102387,4.095554828643799,4.095554828643799,6600,0.0,0.0
2019-08-09 00:00:00-04:00,4.174887175704421,4.174887175704421,4.065804481506348,4.065804481506348,2700,0.0,0.0
2019-08-12 00:00:00-04:00,4.343469603299297,4.343469603299297,3.9666388034820557,3.9666388034820557,3600,0.0,0.0
2019-08-13 00:00:00-04:00,4.1153878531846715,4.224470552681282,3.8377229288824424,3.9666388034820557,25900,0.0,0.0
2019-08-14 00:00:00-04:00,3.8278064598919017,3.9269725749085436,3.569974939136801,3.6691410541534424,8500,0.0,0.0
2019-08-15 00:00:00-04:00,3.8674729941756767,4.2244706250014845,3.639391240156439,3.8972227573394775,36600,0.0,0.0
2019-08-16 00:00:00-04:00,4.1550542555473875,4.1649706067932675,3.70880733726808,3.7385571002960205,3900,0.0,0.0
2019-08-19 00:00:00-04:00,3.768306834653166,4.155054223934062,3.7088073090499813,4.070763111114502,25100,0.0,0.0
2019-08-20 00:00:00-04:00,4.105471005572719,4.135221004486084,3.9041642557929195,4.135221004486084,5400,0.0,0.0
2019-08-21 00:00:00-04:00,4.164970443263761,4.164970443263761,4.155054092407227,4.155054092407227,500,0.0,0.0
2019-08-22 00:00:00-04:00,3.877389430722255,3.9864718914031982,3.877389430722255,3.9864718914031982,1000,0.0,0.0
2019-08-23 00:00:00-04:00,3.9864718914031982,3.9864718914031982,3.9864718914031982,3.9864718914031982,0,0.0,0.0
2019-08-26 00:00:00-04:00,3.8367313004537884,4.343469557334164,3.8367313004537884,3.8674728870391846,27900,0.0,0.0
2019-08-27 00:00:00-04:00,4.011263634349096,4.011263634349096,3.8972227573394775,3.8972227573394775,800,0.0,0.0
2019-08-28 00:00:00-04:00,4.022171912979786,4.055888262828135,3.9120973909923107,4.036055088043213,2300,0.0,0.0
2019-08-29 00:00:00-04:00,3.8278062777860473,3.9864719124061776,3.768306753464783,3.81788969039917,11300,0.0,0.0
2019-08-30 00:00:00-04:00,3.966639004714268,4.2244707669935995,3.9170560644413612,4.02911376953125,6500,0.0,0.0
2019-09-03 00:00:00-04:00,3.9071391713407024,3.9368889331817627,3.9071391713407024,3.9368889331817627,1600,0.0,0.0
2019-09-04 00:00:00-04:00,4.085638092422499,4.164970797462125,3.956722446733107,4.075721740722656,6100,0.0,0.0
2019-09-05 00:00:00-04:00,4.174887547718255,4.184803899241608,4.14513754742777,4.146129608154297,5100,0.0,0.0
2019-09-06 00:00:00-04:00,4.12530413525704,4.190753659287478,4.085637785714967,4.145137310028076,5600,0.0,0.0
2019-09-09 00:00:00-04:00,4.164970601752866,4.660800457812026,4.164970601752866,4.390077590942383,13600,0.0,0.0
2019-09-10 00:00:00-04:00,4.37321910031743,4.46246862411499,4.37321910031743,4.46246862411499,800,0.0,0.0
2019-09-11 00:00:00-04:00,4.541801139030567,4.660800184007572,4.229428291320801,4.229428291320801,27100,0.0,0.0
2019-09-12 00:00:00-04:00,4.442635407564207,4.442635407564207,4.036055088043213,4.036055088043213,5000,0.0,0.0
2019-09-13 00:00:00-04:00,4.095554828643799,4.095554828643799,4.095554828643799,4.095554828643799,500,0.0,0.0
2019-09-16 00:00:00-04:00,4.849215798377781,5.751626446509329,4.551718172230177,5.652460098266602,210100,0.0,0.0
2019-09-17 00:00:00-04:00,5.166547309498344,5.440245421827264,4.6707174369772755,4.9483819007873535,67500,0.0,0.0
2019-09-18 00:00:00-04:00,4.948381643233039,4.948381643233039,4.660800369967721,4.680633544921875,9700,0.0,0.0
2019-09-19 00:00:00-04:00,4.72030037164797,4.726249898565033,4.561634499021525,4.571551322937012,8200,0.0,0.0
2019-09-20 00:00:00-04:00,4.620142392021598,4.740133501380844,4.363302707672119,4.363302707672119,12300,0.0,0.0
2019-09-23 00:00:00-04:00,4.373219013214111,4.437676948799603,4.363302662356441,4.373219013214111,4100,0.0,0.0
2019-09-24 00:00:00-04:00,4.24430374609863,4.2740532724514075,4.006305170975432,4.125304222106934,17900,0.0,0.0
2019-09-25 00:00:00-04:00,4.0420053011831065,4.095554828643799,4.02911371324922,4.095554828643799,1900,0.0,0.0
2019-09-26 00:00:00-04:00,3.966638848135906,4.055888373534228,3.8972227344939556,3.9021809101104736,9000,0.0,0.0
2019-09-27 00:00:00-04:00,3.9021809101104736,3.9021809101104736,3.9021809101104736,3.9021809101104736,0,0.0,0.0
2019-09-30 00:00:00-04:00,3.9071393212177266,4.026138373146746,3.8575563829139683,3.9567222595214844,15200,0.0,0.0
2019-10-01 00:00:00-04:00,3.9557306667203656,3.9577138423919678,3.9557306667203656,3.9577138423919678,600,0.0,0.0
2019-10-02 00:00:00-04:00,3.966638871388345,4.001346810197728,3.7980566436967083,3.8972227573394775,18500,0.0,0.0
2019-10-03 00:00:00-04:00,3.8972227573394775,3.8972227573394775,3.8972227573394775,3.8972227573394775,0,0.0,0.0
2019-10-04 00:00:00-04:00,3.8575564256259542,4.2730617605711725,3.7980566625725465,3.946805715560913,30700,0.0,0.0
2019-10-07 00:00:00-04:00,4.0658046364609035,4.244303683380675,3.9636637621060213,3.976555585861206,4500,0.0,0.0
2019-10-08 00:00:00-04:00,3.976555585861206,3.976555585861206,3.976555585861206,3.976555585861206,0,0.0,0.0
2019-10-09 00:00:00-04:00,4.065804779623731,4.25422018419554,4.026138428436004,4.2145538330078125,14400,0.0,0.0
2019-10-10 00:00:00-04:00,4.006304963268887,4.1203460693359375,3.9765554384584716,4.1203460693359375,700,0.0,0.0
2019-10-11 00:00:00-04:00,4.055888494246518,4.668734244786225,4.055888494246518,4.521968364715576,23400,0.0,0.0
2019-10-14 00:00:00-04:00,4.710383378031231,5.4342949476746485,4.640967031704267,4.938465118408203,56800,0.0,0.0
2019-10-15 00:00:00-04:00,4.809549284023833,4.809549284023833,4.346444212580901,4.6013007164001465,15500,0.0,0.0
2019-10-16 00:00:00-04:00,4.581467535988456,4.581467535988456,4.0757213530376095,4.27405309677124,6600,0.0,0.0
2019-10-17 00:00:00-04:00,4.402969272521446,4.513043563442008,4.1848038663973846,4.422802448272705,15300,0.0,0.0
2019-10-18 00:00:00-04:00,4.461477121671923,4.650884111766282,4.244303780659488,4.551718235015869,12600,0.0,0.0
2019-10-21 00:00:00-04:00,4.58146792900895,4.710383809924926,4.5517184013269345,4.621134281158447,6900,0.0,0.0
2019-10-22 00:00:00-04:00,4.621133978643653,4.634025565891324,4.254220008850098,4.254220008850098,13700,0.0,0.0
2019-10-23 00:00:00-04:00,4.1947206283899625,4.502135084397902,4.1947206283899625,4.275044918060303,10700,0.0,0.0
2019-10-24 00:00:00-04:00,4.34346979665736,4.655842673080685,4.135221212375143,4.249261856079102,11600,0.0,0.0
2019-10-25 00:00:00-04:00,4.343469489563901,4.771866155143066,4.194720443756336,4.264136791229248,15500,0.0,0.0
2019-10-28 00:00:00-04:00,4.533868346567289,4.561634698166527,4.257195472717285,4.257195472717285,6900,0.0,0.0
2019-10-29 00:00:00-04:00,4.4118939573912765,4.472385544284502,4.224470615386963,4.224470615386963,10000,0.0,0.0
2019-10-30 00:00:00-04:00,4.362311298541232,4.4228024131734855,4.2145538330078125,4.2145538330078125,4800,0.0,0.0
2019-10-31 00:00:00-04:00,4.1649706163345765,4.243311730083318,4.1153879142711896,4.224470615386963,9400,0.0,0.0
2019-11-01 00:00:00-04:00,4.184803705482031,4.333552754326836,4.145137355504775,4.2443037033081055,19900,0.0,0.0
2019-11-04 00:00:00-05:00,4.313719442060299,4.419826901229733,4.164970397949219,4.164970397949219,22100,0.0,0.0
2019-11-05 00:00:00-05:00,4.343469489563901,4.343469489563901,4.214553618339999,4.264136791229248,5000,0.0,0.0
2019-11-06 00:00:00-05:00,4.125304091834298,4.164970440958845,4.026138219022932,4.045971393585205,11400,0.0,0.0
2019-11-07 00:00:00-05:00,4.164970583964707,4.164970583964707,4.003330418519284,4.014238357543945,6000,0.0,0.0
2019-11-08 00:00:00-05:00,4.105470986251921,4.105470986251921,3.976555585861206,3.976555585861206,3200,0.0,0.0
2019-11-11 00:00:00-05:00,4.016221885015238,4.016221885015238,3.8476396640988186,3.8783810138702393,6800,0.0,0.0
2019-11-12 00:00:00-05:00,4.006305263594371,4.01622208784802,3.8278064463404333,3.9963889122009277,7600,0.0,0.0
2019-11-13 00:00:00-05:00,4.111421053356172,4.111421053356172,3.79805660115776,3.907139301300049,5100,0.0,0.0
2019-11-14 00:00:00-05:00,3.782189971652666,3.837722908938498,3.782189971652666,3.8079731464385986,2900,0.0,0.0
2019-11-15 00:00:00-05:00,3.7881399713345036,4.095554656685206,3.7286404463363403,3.91705584526062,9100,0.0,0.0
2019-11-18 00:00:00-05:00,3.907139284615251,4.055888334563129,3.510475309040976,3.6393911838531494,25700,0.0,0.0
2019-11-19 00:00:00-05:00,3.549150096653547,3.7980566118728296,3.5352669212461203,3.633441209793091,11000,0.0,0.0
2019-11-20 00:00:00-05:00,3.62947448809737,3.8178896462702507,3.6096413135528564,3.6096413135528564,8600,0.0,0.0
2019-11-21 00:00:00-05:00,3.7197155397874675,3.7197155397874675,3.564025135787289,3.569974899291992,8900,0.0,0.0
2019-11-22 00:00:00-05:00,3.6493077690344786,4.055888331910716,3.520391894306612,3.693932294845581,21700,0.0,0.0
2019-11-25 00:00:00-05:00,3.638399251541129,3.867472819486587,3.5798913156993573,3.718723773956299,7900,0.0,0.0
2019-11-26 00:00:00-05:00,3.6493078726005352,3.837723041613662,3.5798915212708584,3.7782235145568848,3800,0.0,0.0
2019-11-27 00:00:00-05:00,3.6592242799228174,3.847639676070951,3.6592242799228174,3.820864677429199,4200,0.0,0.0
2019-11-29 00:00:00-05:00,3.7296319706583576,3.8773894292472733,3.6294745095457106,3.7683067321777344,5300,0.0,0.0
2019-12-02 00:00:00-05:00,3.6691408806576837,4.016221912159005,3.6691408806576837,3.9269723892211914,12000,0.0,0.0
2019-12-03 00:00:00-05:00,3.9368891037725504,4.00630521774292,3.788140051691659,4.00630521774292,11500,0.0,0.0
2019-12-04 00:00:00-05:00,4.006305256134966,4.303803363147646,3.742523736803649,4.105471134185791,24900,0.0,0.0
2019-12-05 00:00:00-05:00,4.174887354463777,4.353385929363394,3.917055843178679,4.135221004486084,14800,0.0,0.0
2019-12-06 00:00:00-05:00,4.065804526714348,4.442635312417576,3.991430241078789,4.0558881759643555,18900,0.0,0.0
2019-12-09 00:00:00-05:00,3.8178899379830895,4.343469812860863,3.8178899379830895,4.031096935272217,16100,0.0,0.0
2019-12-10 00:00:00-05:00,4.065804794371127,4.313719726623759,3.847639862047302,3.8873062133789062,46000,0.0,0.0
2019-12-11 00:00:00-05:00,4.026138249974725,4.224470469982361,3.9170557890436273,3.9299473762512207,35900,0.0,0.0
2019-12-12 00:00:00-05:00,3.925980976856252,4.085637970036929,3.8873062133789062,3.8873062133789062,11300,0.0,0.0
2019-12-13 00:00:00-05:00,3.8307814259532553,4.085637944449819,3.6909573728839526,3.838714838027954,12300,0.0,0.0
2019-12-16 00:00:00-05:00,3.8575562995926265,3.8674728870391846,3.7484736012503928,3.8674728870391846,4200,0.0,0.0
2019-12-17 00:00:00-05:00,3.858548037734462,3.9963889159709227,3.817889862118495,3.8873062133789062,10000,0.0,0.0
2019-12-18 00:00:00-05:00,3.8278063873465173,3.9884552021840998,3.8278063873465173,3.847639799118042,6700,0.0,0.0
2019-12-19 00:00:00-05:00,3.8674729937244154,3.915072520208902,3.7851650555743936,3.7891318798065186,7100,0.0,0.0
2019-12-20 00:00:00-05:00,3.893256061686255,3.9269724117185336,3.8079731259297414,3.8674728870391846,3700,0.0,0.0
2019-12-23 00:00:00-05:00,3.9666387957946996,4.0707630830987185,3.8674729204718705,3.914080858230591,9100,0.0,0.0
2019-12-24 00:00:00-05:00,3.929947523099842,3.929947523099842,3.788140058517456,3.788140058517456,8100,0.0,0.0
2019-12-26 00:00:00-05:00,3.862514475100858,3.966638761504766,3.7980565384831833,3.8674728870391846,9900,0.0,0.0
2019-12-27 00:00:00-05:00,3.8079731464385986,3.9666387828681593,3.7683067964387322,3.8079731464385986,9400,0.0,0.0
2019-12-30 00:00:00-05:00,3.926972345901409,3.9368889331817627,3.926972345901409,3.9368889331817627,300,0.0,0.0
2019-12-31 00:00:00-05:00,3.8813561262275114,4.005313589570051,3.7683068383271623,3.907139301300049,8800,0.0,0.0
2020-01-02 00:00:00-05:00,3.884331077960764,3.966638777747237,3.8178897290096776,3.9180474281311035,5400,0.0,0.0
2020-01-03 00:00:00-05:00,4.660800520299851,4.660800520299851,4.115387955038493,4.2145538330078125,97400,0.0,0.0
2020-01-06 00:00:00-05:00,4.31371962428976,4.31371962428976,4.1649705738949,4.179845809936523,2400,0.0,0.0
2020-01-07 00:00:00-05:00,4.071754741522272,4.15505426738184,4.026138390796819,4.115387916564941,5200,0.0,0.0
2020-01-08 00:00:00-05:00,4.174887265547399,4.174887265547399,3.9666386961696767,3.9914302825927734,3700,0.0,0.0
2020-01-09 00:00:00-05:00,3.7881399937400855,4.0261383315705155,3.7881399937400855,3.8575563430786133,1800,0.0,0.0
2020-01-10 00:00:00-05:00,3.8912726908046267,4.006305153688061,3.867472927967043,3.9666388034820557,5700,0.0,0.0
2020-01-13 00:00:00-05:00,3.9567224324337302,4.16497078241015,3.9567224324337302,4.025146961212158,8400,0.0,0.0
2020-01-14 00:00:00-05:00,4.015229896006523,4.264136880610097,3.8674729077621506,3.91705584526062,13300,0.0,0.0
2020-01-15 00:00:00-05:00,3.8674729495878832,4.1947205770469775,3.8674729495878832,4.01622200012207,8000,0.0,0.0
2020-01-16 00:00:00-05:00,3.915072561045703,4.184803844418204,3.8724312097614435,3.9963889122009277,12000,0.0,0.0
2020-01-17 00:00:00-05:00,4.055888327875664,4.136212616113795,3.907139278173048,3.9666388034820557,7800,0.0,0.0
2020-01-21 00:00:00-05:00,3.8972227573394775,4.055888397309848,3.8972227573394775,3.8972227573394775,4500,0.0,0.0
2020-01-22 00:00:00-05:00,3.8942477151174852,4.065804704476577,3.7683068396370882,3.7980566024780273,13800,0.0,0.0
2020-01-23 00:00:00-05:00,3.893256177021267,3.893256177021267,3.6790575981140137,3.6790575981140137,10000,0.0,0.0
2020-01-24 00:00:00-05:00,3.693932209219491,3.8178896690782667,3.579891336692213,3.659224271774292,9000,0.0,0.0
2020-01-27 00:00:00-05:00,3.599724769592285,3.72864040568273,3.5501415962043286,3.599724769592285,5300,0.0,0.0
2020-01-28 00:00:00-05:00,3.5402249856256476,3.7930983170996684,3.5203918109724017,3.5501415729522705,10500,0.0,0.0
2020-01-29 00:00:00-05:00,3.5699749420544418,3.66814923286438,3.52039200272065,3.66814923286438,7500,0.0,0.0
2020-01-30 00:00:00-05:00,3.649307859352394,3.652282859337443,3.5898080960815166,3.619558095932007,1600,0.0,0.0
2020-01-31 00:00:00-05:00,3.648315906524658,3.648315906524658,3.648315906524658,3.648315906524658,400,0.0,0.0
2020-02-03 00:00:00-05:00,3.520391960552123,3.6205496623077296,3.520391960552123,3.569974899291992,4500,0.0,0.0
2020-02-04 00:00:00-05:00,3.5868331391836565,3.619557900825113,3.5203917916724543,3.6096413135528564,1800,0.0,0.0
2020-02-05 00:00:00-05:00,3.647324441867004,3.8674730218569744,3.621541266321148,3.728640556335449,13400,0.0,0.0
2020-02-06 00:00:00-05:00,3.8079731986705156,3.8168981984719337,3.6879825592041016,3.6879825592041016,1900,0.0,0.0
2020-02-07 00:00:00-05:00,3.6691409835961375,3.6691409835961375,3.550141695150536,3.5769166946411133,4100,0.0,0.0
2020-02-10 00:00:00-05:00,3.569974899291992,3.569974899291992,3.569974899291992,3.569974899291992,200,0.0,0.0
2020-02-11 00:00:00-05:00,3.569974899291992,3.569974899291992,3.569974899291992,3.569974899291992,0,0.0,0.0
2020-02-12 00:00:00-05:00,3.6691409865641593,4.295869658688246,3.6691409865641593,3.7385571002960205,36200,0.0,0.0
2020-02-13 00:00:00-05:00,3.7683069327399794,3.7683069327399794,3.530308587702186,3.6691410541534424,11600,0.0,0.0
2020-02-14 00:00:00-05:00,3.619557920668722,3.778223317894688,3.5501415729522705,3.5501415729522705,2700,0.0,0.0
2020-02-18 00:00:00-05:00,3.6195579432507445,3.6195579432507445,3.4906420707702637,3.4906420707702637,4900,0.0,0.0
2020-02-19 00:00:00-05:00,3.5501417483765225,3.659224450789603,3.5104753971099854,3.5104753971099854,7700,0.0,0.0
2020-02-20 00:00:00-05:00,3.5005587823579694,3.7187239490753345,3.490642194617639,3.6790575981140137,10300,0.0,0.0
2020-02-21 00:00:00-05:00,3.688974143576133,3.688974143576133,3.5798914432525635,3.5798914432525635,2400,0.0,0.0
2020-02-24 00:00:00-05:00,3.5798915067471944,3.7048407967756294,3.4708090409189856,3.5114669799804688,18300,0.0,0.0
2020-02-25 00:00:00-05:00,3.502542133976148,3.5848498344421387,3.3964344342003985,3.5848498344421387,19900,0.0,0.0
2020-02-26 00:00:00-05:00,3.3309849316712774,3.5977414464563093,3.3309849316712774,3.470808982849121,6100,0.0,0.0
2020-02-27 00:00:00-05:00,3.4202341356908224,3.4202341356908224,3.3815596103668213,3.3815596103668213,900,0.0,0.0
2020-02-28 00:00:00-05:00,3.3617265224456787,3.4509758112711024,3.2129774713065404,3.3617265224456787,7800,0.0,0.0
2020-03-02 00:00:00-05:00,3.401392892961749,3.5590667084060894,3.401392892961749,3.4113094806671143,1600,0.0,0.0
2020-03-03 00:00:00-05:00,3.533283505050181,3.5798914432525635,3.38155969071898,3.5798914432525635,1100,0.0,0.0
2020-03-04 00:00:00-05:00,3.3518098027312297,3.3518098027312297,3.2754518680688034,3.282393455505371,3400,0.0,0.0
2020-03-05 00:00:00-05:00,3.3091683049648357,3.37164306640625,3.2823935423071418,3.37164306640625,1400,0.0,0.0
2020-03-06 00:00:00-05:00,3.222893941645685,3.2804102897644043,3.222893941645685,3.2804102897644043,1500,0.0,0.0
2020-03-09 00:00:00-04:00,3.21297734065085,3.218927340283275,2.7766470290541707,2.955145835876465,6600,0.0,0.0
2020-03-10 00:00:00-04:00,2.8807713325335444,2.8807713325335444,2.727064111011765,2.7865636348724365,8000,0.0,0.0
2020-03-11 00:00:00-04:00,2.875813179954672,2.875813179954672,2.7270641326904297,2.7270641326904297,8200,0.0,0.0
2020-03-12 00:00:00-04:00,2.7270642678921906,2.7270642678921906,2.5287322738503737,2.534682273864746,5800,0.0,0.0
2020-03-13 00:00:00-04:00,2.707230980393588,2.707230980393588,2.5783151068367056,2.667564630508423,3300,0.0,0.0
2020-03-16 00:00:00-04:00,2.7667305584997,2.7667305584997,2.31056705317586,2.330400228500366,7000,0.0,0.0
2020-03-17 00:00:00-04:00,2.2966837882995605,2.2966837882995605,2.2966837882995605,2.2966837882995605,200,0.0,0.0
2020-03-18 00:00:00-04:00,2.239167422989928,2.3006503582000732,2.239167422989928,2.3006503582000732,1500,0.0,0.0
2020-03-19 00:00:00-04:00,2.221317703041774,2.221317703041774,1.5172392891214215,1.8544036149978638,29400,0.0,0.0
2020-03-20 00:00:00-04:00,1.8742367920251926,1.9932359590529054,1.8266371488571167,1.8266371488571167,9500,0.0,0.0
2020-03-23 00:00:00-04:00,1.7354044914245605,1.7443293730115266,1.7354044914245605,1.7354044914245605,3700,0.0,0.0
2020-03-24 00:00:00-04:00,1.81473727818586,2.5783151035885914,1.6858215230064304,1.9059699773788452,21500,0.0,0.0
2020-03-25 00:00:00-04:00,1.7354044675048197,1.9634862164341464,1.6759049425050203,1.9039865732192993,1800,0.0,0.0
2020-03-26 00:00:00-04:00,2.0229856967926025,2.2114010915642894,1.9694360545454375,2.0229856967926025,3100,0.0,0.0
2020-03-27 00:00:00-04:00,2.1618183260705313,2.1618183260705313,2.147934913635254,2.147934913635254,1400,0.0,0.0
2020-03-30 00:00:00-04:00,2.0428188928574835,2.1717347652993126,1.9734027811588564,2.072568655014038,3400,0.0,0.0
2020-03-31 00:00:00-04:00,1.9843109180780139,3.1733109757462046,1.9843109180780139,2.191567897796631,29200,0.0,0.0
2020-04-01 00:00:00-04:00,2.3304002390393026,2.3304002390393026,2.1023184853459123,2.1657848358154297,3600,0.0,0.0
2020-04-02 00:00:00-04:00,2.3006503700153087,2.8956463143429487,2.2966837824010775,2.4622910022735596,13900,0.0,0.0
2020-04-03 00:00:00-04:00,2.5783151084925384,2.7766470944758326,2.3799833589393393,2.449399471282959,12000,0.0,0.0
2020-04-06 00:00:00-04:00,2.280817353319123,2.3700668811798096,1.9932360667238131,2.3700668811798096,2300,0.0,0.0
2020-04-07 00:00:00-04:00,2.50889890965698,2.6278981917166053,2.3105669305109946,2.578315019607544,8400,0.0,0.0
2020-04-08 00:00:00-04:00,2.617981750328074,2.96506255583353,2.5485654000829023,2.8708548545837402,14000,0.0,0.0
2020-04-09 00:00:00-04:00,3.193144184994396,3.3716429928693867,2.340316731259509,2.5683984756469727,151900,0.0,0.0
2020-04-13 00:00:00-04:00,2.6873979384367757,2.836146757866975,2.47914935480439,2.637814998626709,11400,0.0,0.0
2020-04-14 00:00:00-04:00,2.7320226328925687,2.7320226328925687,2.5445988178253174,2.5445988178253174,12700,0.0,0.0
2020-04-15 00:00:00-04:00,2.4067580572152325,2.467249168284557,2.3601501209578726,2.4097330570220947,1900,0.0,0.0
2020-04-16 00:00:00-04:00,2.3403168406813815,2.3403168406813815,2.0824853223314825,2.2709007263183594,10800,0.0,0.0
2020-04-17 00:00:00-04:00,2.24115081882713,2.4692325592041016,2.24115081882713,2.4692325592041016,2100,0.0,0.0
2020-04-20 00:00:00-04:00,2.280817182544742,2.316516943730004,2.191567897796631,2.191567897796631,5000,0.0,0.0
2020-04-21 00:00:00-04:00,2.241151019920826,2.241151019920826,2.042819023132324,2.042819023132324,1500,0.0,0.0
2020-04-22 00:00:00-04:00,1.9833193271872804,2.0824851989746094,1.9833193271872804,2.0824851989746094,500,0.0,0.0
2020-04-23 00:00:00-04:00,2.231234229813861,2.4791491442376232,2.231234229813861,2.360150098800659,17400,0.0,0.0
2020-04-24 00:00:00-04:00,2.479149300406384,2.479149300406384,2.251067545854588,2.2718923091888428,8400,0.0,0.0
2020-04-27 00:00:00-04:00,2.3561832904815674,2.3561832904815674,2.3561832904815674,2.3561832904815674,900,0.0,0.0
2020-04-28 00:00:00-04:00,2.3204835356764058,2.4097330570220947,2.3204835356764058,2.4097330570220947,3200,0.0,0.0
2020-04-29 00:00:00-04:00,2.429566316582077,2.5683985424267117,2.3403167921090007,2.4989824295043945,4500,0.0,0.0
2020-04-30 00:00:00-04:00,2.608065037709073,2.608065037709073,2.4097330570220947,2.4097330570220947,2200,0.0,0.0
2020-05-01 00:00:00-04:00,2.3700666816302847,2.3700666816302847,2.2411508128768407,2.2510673999786377,1800,0.0,0.0
2020-05-04 00:00:00-04:00,2.2411509344623846,2.6685562636683025,2.112235295145175,2.54856538772583,34700,0.0,0.0
2020-05-05 00:00:00-04:00,2.657648044743913,2.657648044743913,2.3799833589393393,2.449399471282959,7200,0.0,0.0
2020-05-06 00:00:00-04:00,2.5783151950068874,2.6675647217306544,2.489065904713223,2.538648843765259,2000,0.0,0.0
2020-05-07 00:00:00-04:00,2.379983275050973,2.5386486691009797,2.379983275050973,2.4692325592041016,3300,0.0,0.0
2020-05-08 00:00:00-04:00,2.4890659294923805,2.528732281128896,2.479149341583252,2.479149341583252,1800,0.0,0.0
2020-05-11 00:00:00-04:00,2.399816533753492,2.479149233570105,2.3403167724609375,2.3403167724609375,1900,0.0,0.0
2020-05-12 00:00:00-04:00,2.3869250369405437,2.389900036939536,2.21140121915054,2.212392807006836,3300,0.0,0.0
2020-05-13 00:00:00-04:00,2.191567881334873,2.360150098800659,2.191567881334873,2.360150098800659,3200,0.0,0.0
2020-05-14 00:00:00-04:00,2.518815673857927,2.5783152008553336,2.368083444225788,2.4295663833618164,1900,0.0,0.0
2020-05-15 00:00:00-04:00,2.5783151085634164,2.7766470945521626,2.4692326463061582,2.5039408206939697,1800,0.0,0.0
2020-05-18 00:00:00-04:00,2.528732104801364,3.064228287414583,2.528732104801364,2.9571292400360107,7600,0.0,0.0
2020-05-19 00:00:00-04:00,3.0245621009671027,3.1733111536499528,2.9749791622161865,2.9749791622161865,8200,0.0,0.0
2020-05-20 00:00:00-04:00,2.965062444831408,3.2427271261269466,2.965062444831408,3.0047287940979004,8100,0.0,0.0
2020-05-21 00:00:00-04:00,2.974979032229619,3.0939780800323597,2.885729746377563,2.895646333694458,3800,0.0,0.0
2020-05-22 00:00:00-04:00,2.895646333694458,2.895646333694458,2.786563636778521,2.895646333694458,1600,0.0,0.0
2020-05-26 00:00:00-04:00,2.741939283818645,2.9006046908275374,2.741939283818645,2.8004469871520996,2700,0.0,0.0
2020-05-27 00:00:00-04:00,2.8004469871520996,2.8004469871520996,2.8004469871520996,2.8004469871520996,0,0.0,0.0
2020-05-28 00:00:00-04:00,2.796480387582687,2.9650626182556152,2.796480387582687,2.9650626182556152,700,0.0,0.0
2020-05-29 00:00:00-04:00,2.9650626182556152,2.9650626182556152,2.9650626182556152,2.9650626182556152,0,0.0,0.0
2020-06-01 00:00:00-04:00,3.123728209988102,3.123728209988102,3.084061622619629,3.084061622619629,7900,0.0,0.0
2020-06-02 00:00:00-04:00,3.0741448556420217,3.0741448556420217,2.7766470045202274,2.796480178833008,3400,0.0,0.0
2020-06-03 00:00:00-04:00,3.103894973064591,3.1138115606028443,2.810363698216172,2.826230049133301,4200,0.0,0.0
2020-06-04 00:00:00-04:00,2.8361465533955297,2.855979964319777,2.6774811574422688,2.790530204772949,3300,0.0,0.0
2020-06-05 00:00:00-04:00,2.8857297288137462,3.3716429772443064,2.8857297288137462,3.282393455505371,43500,0.0,0.0
2020-06-08 00:00:00-04:00,4.055888184692593,5.196296422146245,3.6493076365741652,4.492218494415283,309400,0.0,0.0
2020-06-09 00:00:00-04:00,4.353385747782774,4.38313574545526,3.7583900500745866,4.174887180328369,61000,0.0,0.0
2020-06-10 00:00:00-04:00,4.17488739650849,4.328594386004963,3.837722945442375,4.125304222106934,25100,0.0,0.0
2020-06-11 00:00:00-04:00,4.11538768922338,4.240336734680216,3.758390078732294,4.003330230712891,41200,0.0,0.0
2020-06-12 00:00:00-04:00,3.778223297596378,3.966638692220052,3.5501415538793175,3.718723773956299,28100,0.0,0.0
2020-06-15 00:00:00-04:00,3.5501415530314335,4.164970436692259,3.272476873013956,3.992421865463257,82600,0.0,0.0
2020-06-16 00:00:00-04:00,4.016221961642031,4.1451373628669845,3.877389500044958,3.9706056118011475,8000,0.0,0.0
2020-06-17 00:00:00-04:00,3.99638874139459,4.1173709658129924,3.639391122144855,3.8168981075286865,6000,0.0,0.0
2020-06-18 00:00:00-04:00,3.7782233195085935,3.966638715225003,3.7683067321777344,3.7683067321777344,7900,0.0,0.0
2020-06-19 00:00:00-04:00,4.0162220956442,4.0162220956442,3.5898081091136547,3.7782235145568848,20400,0.0,0.0
2020-06-22 00:00:00-04:00,3.6443494228078075,3.688974185854344,3.5808833085557144,3.6790575981140137,4000,0.0,0.0
2020-06-23 00:00:00-04:00,3.6790575194622357,3.6790575194622357,3.0245620333021024,3.0443952083587646,35300,0.0,0.0
2020-06-24 00:00:00-04:00,3.0443952520689024,3.2724770049253125,2.9749791383739383,3.0344786643981934,14600,0.0,0.0
2020-06-25 00:00:00-04:00,3.2228940803012827,3.252643843440144,3.031503677368164,3.031503677368164,3600,0.0,0.0
2020-06-26 00:00:00-04:00,2.974979199901064,3.1138116665923596,2.974979199901064,3.0741450786590576,7700,0.0,0.0
2020-06-29 00:00:00-04:00,3.2427271922320253,3.37164306640625,3.0741449679826838,3.37164306640625,30900,0.0,0.0
2020-06-30 00:00:00-04:00,3.28239358658127,3.28239358658127,3.203060885360969,3.2526438236236572,1300,0.0,0.0
2020-07-01 00:00:00-04:00,3.441059090647658,3.441059090647658,3.2526436962005603,3.3914761543273926,700,0.0,0.0
2020-07-02 00:00:00-04:00,3.3914761543273926,3.3914761543273926,3.3914761543273926,3.3914761543273926,0,0.0,0.0
2020-07-06 00:00:00-04:00,3.2427272356581063,3.2724769986128477,3.074145009151139,3.0900115966796875,9800,0.0,0.0
2020-07-07 00:00:00-04:00,3.0741450786590576,3.0741450786590576,3.0741450786590576,3.0741450786590576,300,0.0,0.0
2020-07-08 00:00:00-04:00,3.2625603699779084,3.2625603699779084,3.074144970534601,3.153477907180786,3400,0.0,0.0
2020-07-09 00:00:00-04:00,3.074144950145536,3.1038949489593506,3.074144950145536,3.1038949489593506,1100,0.0,0.0
2020-07-10 00:00:00-04:00,3.157444405539568,3.157444405539568,3.054311709033568,3.0642282962799072,3500,0.0,0.0
2020-07-13 00:00:00-04:00,3.0741448835262464,3.0741448835262464,3.0642282962799072,3.0642282962799072,400,0.0,0.0
2020-07-14 00:00:00-04:00,2.9759707500621744,3.049353688557612,2.8976296359066964,2.9749791622161865,12500,0.0,0.0
2020-07-15 00:00:00-04:00,3.054311752319336,3.054311752319336,3.054311752319336,3.054311752319336,1900,0.0,0.0
2020-07-16 00:00:00-04:00,2.9948121861997223,3.0096871852874756,2.9948121861997223,3.0096871852874756,900,0.0,0.0
2020-07-17 00:00:00-04:00,3.1733111709384403,3.1733111709384403,3.0077039418210454,3.0255539417266846,2700,0.0,0.0
2020-07-20 00:00:00-04:00,3.093978080912876,3.093978080912876,2.9551458584368344,3.059270143508911,4000,0.0,0.0
2020-07-21 00:00:00-04:00,3.0840616450747254,3.619558095932007,3.0840616450747254,3.619558095932007,856900,0.0,0.0
2020-07-22 00:00:00-04:00,9.63893261114889,14.507981618327934,7.44736462214443,8.03244400024414,56367400,0.0,0.0
2020-07-23 00:00:00-04:00,7.100283526838987,7.338282108306885,6.45570507959639,7.338282108306885,1072100,0.0,0.0
2020-07-24 00:00:00-04:00,6.2474561566549385,6.842451868512508,5.979708062676023,6.009457588195801,403000,0.0,0.0
2020-07-27 00:00:00-04:00,5.930125109462955,6.2573727394710446,5.850792407989502,5.850792407989502,156100,0.0,0.0
2020-07-28 00:00:00-04:00,5.464044994473467,5.652459915166875,5.017797860417022,5.037631034851074,281500,0.0,0.0
2020-07-29 00:00:00-04:00,4.95829829657659,5.374795429146652,4.799632902401395,5.047547817230225,235000,0.0,0.0
2020-07-30 00:00:00-04:00,4.819466242877126,5.454128314325,4.809549418969098,5.0078816413879395,268700,0.0,0.0
2020-07-31 00:00:00-04:00,4.859132512174973,6.207789805379905,4.809549339177809,5.900374889373779,614600,0.0,0.0
2020-08-03 00:00:00-04:00,5.007881472315571,5.751626217341041,5.007881472315571,5.265712738037109,596600,0.0,0.0
2020-08-04 00:00:00-04:00,5.186380431133466,6.287122868995731,5.183405667553772,6.039207935333252,495200,0.0,0.0
2020-08-05 00:00:00-04:00,5.900374971770962,6.852368312873463,5.880541796867168,6.753202438354492,691400,0.0,0.0
2020-08-06 00:00:00-04:00,5.999541474613951,7.09036706830916,5.999541474613951,6.713536262512207,434200,0.0,0.0
2020-08-07 00:00:00-04:00,6.1780397729221095,6.93170087744346,6.148289774715921,6.455704689025879,145400,0.0,0.0
2020-08-10 00:00:00-04:00,6.475537814814955,6.703619556478825,6.19787290080061,6.35653829574585,198300,0.0,0.0
2020-08-11 00:00:00-04:00,6.227622895985662,6.406121465218879,5.711959889785079,6.138373374938965,113600,0.0,0.0
2020-08-12 00:00:00-04:00,5.900374977329977,6.445787996988461,5.900374977329977,6.207789897918701,36200,0.0,0.0
2020-08-13 00:00:00-04:00,6.019374678061258,6.019374678061258,5.741709748059961,5.840875625610352,23500,0.0,0.0
2020-08-14 00:00:00-04:00,5.731793393928342,6.386288658300638,5.5433779902447595,5.949958324432373,232900,0.0,0.0
2020-08-17 00:00:00-04:00,5.8607088471369595,6.31687236031062,5.702043441810541,5.830959320068359,129300,0.0,0.0
2020-08-18 00:00:00-04:00,6.287122873650359,6.336705576703437,5.850792533338137,5.9301252365112305,62500,0.0,0.0
2020-08-19 00:00:00-04:00,5.850792398160098,6.3267890790613315,5.583044294706917,6.178040027618408,50900,0.0,0.0
2020-08-20 00:00:00-04:00,5.731793054406452,6.297038759114754,5.702043056488037,5.702043056488037,104600,0.0,0.0
2020-08-21 00:00:00-04:00,5.692126270543152,5.999541183912718,5.245879608836663,5.255796432495117,47900,0.0,0.0
2020-08-24 00:00:00-04:00,5.206213516040839,5.325212568635324,4.888882236262011,5.196296691894531,56700,0.0,0.0
2020-08-25 00:00:00-04:00,5.136797163189938,5.652460197051243,5.05746446149746,5.305379390716553,173600,0.0,0.0
2020-08-26 00:00:00-04:00,5.265713183669192,5.652460351411617,5.057464599609375,5.057464599609375,188400,0.0,0.0
2020-08-27 00:00:00-04:00,5.057464230894925,5.464045017820524,4.908715185573861,5.197288513183594,162100,0.0,0.0
2020-08-28 00:00:00-04:00,5.136797284179903,5.513628098955088,5.0068898165976155,5.384712219238281,196800,0.0,0.0
2020-08-31 00:00:00-04:00,5.007881554696549,5.573127267583837,4.988048380084016,5.027714729309082,62000,0.0,0.0
2020-09-01 00:00:00-04:00,4.968215291339632,5.206213390803471,4.878965767610598,4.898798942565918,104400,0.0,0.0
2020-09-02 00:00:00-04:00,4.809549516768425,4.918632217673911,4.323636484038882,4.442635536193848,87500,0.0,0.0
2020-09-03 00:00:00-04:00,4.4426354491968345,4.725258310745523,4.363302749313707,4.571551322937012,36700,0.0,0.0
2020-09-04 00:00:00-04:00,4.601300710361819,4.601300710361819,4.145137226914293,4.27405309677124,28300,0.0,0.0
2020-09-08 00:00:00-04:00,4.115387787182901,4.289920009006326,3.9666387398658927,4.036055088043213,27000,0.0,0.0
2020-09-09 00:00:00-04:00,4.026138177994026,4.095554524684677,4.026138177994026,4.0558881759643555,5300,0.0,0.0
2020-09-10 00:00:00-04:00,4.016222087690167,4.214553844153299,3.9368891486748114,3.941847324371338,23000,0.0,0.0
2020-09-11 00:00:00-04:00,3.94680558661165,4.303803207547931,3.809956537991091,3.8674728870391846,17800,0.0,0.0
2020-09-14 00:00:00-04:00,3.976555750631916,3.976555750631916,3.6691410541534424,3.6691410541534424,23700,0.0,0.0
2020-09-15 00:00:00-04:00,3.8476396139315794,4.462468492784308,3.768306679954065,4.437676906585693,215200,0.0,0.0
2020-09-16 00:00:00-04:00,4.660800326652186,5.156630168758171,4.036055084972386,4.308761119842529,252900,0.0,0.0
2020-09-17 00:00:00-04:00,4.174887478561842,4.42280240972176,4.01622207393476,4.323636531829834,36100,0.0,0.0
2020-09-18 00:00:00-04:00,4.174887350560248,4.7103835476186005,4.126295764523884,4.353385925292969,81800,0.0,0.0
2020-09-21 00:00:00-04:00,4.393052413352587,4.393052413352587,4.145137481999186,4.2145538330078125,16700,0.0,0.0
2020-09-22 00:00:00-04:00,4.340494526527424,4.340494526527424,4.03605530114745,4.095554828643799,9700,0.0,0.0
2020-09-23 00:00:00-04:00,4.045971439005581,4.293886360247199,4.036055088043213,4.036055088043213,17900,0.0,0.0
2020-09-24 00:00:00-04:00,4.036055217303178,4.114396331141625,3.917055928352445,4.00630521774292,27000,0.0,0.0
2020-09-25 00:00:00-04:00,3.9487892708011887,4.145137621202219,3.9487892708011887,4.075721740722656,9200,0.0,0.0
2020-09-28 00:00:00-04:00,4.145137443247515,4.189762206131576,4.00630521538837,4.115387916564941,4800,0.0,0.0
2020-09-29 00:00:00-04:00,5.969791639707578,6.435871511308941,4.393052495500457,5.057464599609375,1735200,0.0,0.0
2020-09-30 00:00:00-04:00,4.402969338733427,4.730216979980469,4.3345445740034725,4.730216979980469,60600,0.0,0.0
2020-10-01 00:00:00-04:00,4.664767340922142,4.680633692240769,4.164970654342547,4.323636531829834,32900,0.0,0.0
2020-10-02 00:00:00-04:00,4.293886605245132,4.809549651935674,4.293886605245132,4.521968364715576,84300,0.0,0.0
2020-10-05 00:00:00-04:00,4.6211341785079645,4.6211341785079645,4.293886544113738,4.374210834503174,13100,0.0,0.0
2020-10-06 00:00:00-04:00,4.3732190586327775,4.640967154613148,4.274053184725267,4.363302707672119,39600,0.0,0.0
2020-10-07 00:00:00-04:00,4.323636601239162,4.710383767656408,4.2641370735488335,4.576509475708008,53900,0.0,0.0
2020-10-08 00:00:00-04:00,4.710383673508963,8.716688907464611,4.561634620826112,5.949958324432373,6913400,0.0,0.0
2020-10-09 00:00:00-04:00,5.206213344227184,5.801209060423967,5.156630170852374,5.454128265380859,360500,0.0,0.0
2020-10-12 00:00:00-04:00,5.05746459430956,5.7317935221243115,5.05746459430956,5.1665472984313965,427700,0.0,0.0
2020-10-13 00:00:00-04:00,5.126880602439202,5.553294093044368,5.126880602439202,5.245879650115967,284300,0.0,0.0
2020-10-14 00:00:00-04:00,5.1169640724779235,5.454128533112897,5.1169640724779235,5.28554630279541,248000,0.0,0.0
2020-10-15 00:00:00-04:00,5.245879559867329,5.39462860333434,5.08225575391167,5.156630039215088,253300,0.0,0.0
2020-10-16 00:00:00-04:00,5.02771505321357,5.662377154562157,5.02771505321357,5.384712219238281,245900,0.0,0.0
2020-10-19 00:00:00-04:00,5.315295913958055,5.801208920746931,5.196296395295728,5.374795436859131,348300,0.0,0.0
2020-10-20 00:00:00-04:00,5.305379388330379,5.652460194508964,5.081264458863909,5.414462089538574,569800,0.0,0.0
2020-10-21 00:00:00-04:00,5.424378308349526,6.029290853000632,5.285546083840485,5.5532941818237305,877500,0.0,0.0
2020-10-22 00:00:00-04:00,5.533460879510701,5.702043098963781,5.305379136637743,5.583044052124023,38400,0.0,0.0
2020-10-23 00:00:00-04:00,5.513628051869794,5.731793457659796,5.404545348974794,5.503711700439453,198200,0.0,0.0
2020-10-26 00:00:00-04:00,5.444211618678389,5.602877494923545,5.285546215293434,5.305379390716553,266000,0.0,0.0
2020-10-27 00:00:00-04:00,5.245879978635147,5.786334611754569,5.126880923506158,5.602877616882324,348400,0.0,0.0
2020-10-28 00:00:00-04:00,5.4937944864080075,5.72187622744777,5.186380048112706,5.483878135681152,149000,0.0,0.0
2020-10-29 00:00:00-04:00,5.493794830425621,5.83095928773484,5.4045453039943085,5.513628005981445,179000,0.0,0.0
2020-10-30 00:00:00-04:00,5.473961522578039,5.682210097311458,5.224063422042013,5.652460098266602,290800,0.0,0.0
2020-11-02 00:00:00-05:00,5.652460056184744,5.74170957979467,5.424378308072858,5.444211483001709,209300,0.0,0.0
2020-11-03 00:00:00-05:00,5.513627835280938,5.632626884931705,5.216130211154022,5.226046562194824,47000,0.0,0.0
2020-11-04 00:00:00-05:00,5.166546862861621,5.265712734221118,4.979123058633059,5.047547817230225,18200,0.0,0.0
2020-11-05 00:00:00-05:00,5.116963823006699,5.424378268596772,5.111013823285326,5.235963344573975,32100,0.0,0.0
2020-11-06 00:00:00-05:00,5.073331166028313,5.305379265725916,5.0078816413879395,5.0078816413879395,23200,0.0,0.0
2020-11-09 00:00:00-05:00,5.255796607643396,5.692126460232029,5.1070475578308105,5.1070475578308105,159100,0.0,0.0
2020-11-10 00:00:00-05:00,5.097130516400319,5.2855459084105085,4.988048294336662,5.156630039215088,43200,0.0,0.0
2020-11-11 00:00:00-05:00,5.206213433419136,5.394628833467052,5.01779803337122,5.1070475578308105,26800,0.0,0.0
2020-11-12 00:00:00-05:00,5.057464342063115,5.116963866927364,4.7500498938343965,4.7897162437438965,43400,0.0,0.0
2020-11-13 00:00:00-05:00,4.720300334586494,5.037631131627476,4.720300334586494,5.015814781188965,25500,0.0,0.0
2020-11-16 00:00:00-05:00,5.099114545303759,5.295463127101243,5.01779819372064,5.28554630279541,19800,0.0,0.0
2020-11-17 00:00:00-05:00,5.315296349101471,5.454128580569657,5.147705705184308,5.275629997253418,15100,0.0,0.0
2020-11-18 00:00:00-05:00,5.4342952699437035,5.553294322538188,5.196296691894531,5.196296691894531,43900,0.0,0.0
2020-11-19 00:00:00-05:00,5.702043277670716,5.702043277670716,5.275629776700663,5.434295177459717,13500,0.0,0.0
2020-11-20 00:00:00-05:00,5.543378005745284,5.543378005745284,5.384712128438484,5.513628005981445,8300,0.0,0.0
2020-11-23 00:00:00-05:00,5.476936160065637,5.583044093501316,5.345045525197756,5.354962348937988,17900,0.0,0.0
2020-11-24 00:00:00-05:00,5.702043443072722,7.1399498613121954,5.4442116865000125,6.532062530517578,270000,0.0,0.0
2020-11-25 00:00:00-05:00,6.8424520145910686,6.8424520145910686,5.751626440754276,6.088790416717529,126900,0.0,0.0
2020-11-27 00:00:00-05:00,5.840875671366524,6.019374725215754,5.654443914683363,5.7764177322387695,32200,0.0,0.0
2020-11-30 00:00:00-05:00,5.890458676832824,5.890458676832824,5.285546127217382,5.543377876281738,48400,0.0,0.0
2020-12-01 00:00:00-05:00,5.553294270616022,5.709976496925208,5.315296167652286,5.424378395080566,25700,0.0,0.0
2020-12-02 00:00:00-05:00,5.3162876709944005,5.940041329957737,5.3162876709944005,5.771459579467773,49700,0.0,0.0
2020-12-03 00:00:00-05:00,5.702043141206418,5.870625361908411,5.573127269744873,5.573127269744873,18900,0.0,0.0
2020-12-04 00:00:00-05:00,5.5929603612674175,5.890458449010863,5.553294012616314,5.702043056488037,26600,0.0,0.0
2020-12-07 00:00:00-05:00,5.741709537239589,5.741709537239589,5.5037114398573115,5.563210964202881,13100,0.0,0.0
2020-12-08 00:00:00-05:00,5.464045090293599,5.697084775765366,5.464045090293599,5.563210964202881,7800,0.0,0.0
2020-12-09 00:00:00-05:00,5.652459880919086,5.860708447644964,5.25579639464139,5.483878135681152,48800,0.0,0.0
2020-12-10 00:00:00-05:00,5.583044013994778,5.89045845266143,5.4243781464318594,5.811125755310059,48700,0.0,0.0
2020-12-11 00:00:00-05:00,5.811126017242055,5.82104236842786,5.61279379206378,5.751626491546631,14900,0.0,0.0
2020-12-14 00:00:00-05:00,5.751626225028434,5.850792096592336,5.50371130968859,5.592960357666016,26000,0.0,0.0
2020-12-15 00:00:00-05:00,5.553294055516252,5.949958017951737,5.503711355749428,5.801208972930908,30500,0.0,0.0
2020-12-16 00:00:00-05:00,5.940041284350428,5.940041284350428,5.6921263631766665,5.890458583831787,22800,0.0,0.0
2020-12-17 00:00:00-05:00,5.920208244586899,6.247456345202024,5.731793316314823,5.751626491546631,37700,0.0,0.0
2020-12-18 00:00:00-05:00,5.771459446050396,5.895416904723521,5.583044052124023,5.583044052124023,24800,0.0,0.0
2020-12-21 00:00:00-05:00,5.464045345040928,5.83393409561069,5.404545345061135,5.558252811431885,28300,0.0,0.0
2020-12-22 00:00:00-05:00,5.583044436326387,5.7516266673806085,5.513628084462821,5.711960315704346,40700,0.0,0.0
2020-12-23 00:00:00-05:00,5.751626445473043,6.029290896494113,5.702043271360613,5.8706254959106445,58100,0.0,0.0
2020-12-24 00:00:00-05:00,5.98962450371726,5.98962450371726,5.632626882085184,5.771459579467773,12600,0.0,0.0
2020-12-28 00:00:00-05:00,5.957891510140142,5.957891510140142,5.532469587578413,5.731793403625488,29300,0.0,0.0
2020-12-29 00:00:00-05:00,6.049123983181579,6.297038904400989,5.778401123748635,5.999541282653809,48500,0.0,0.0
2020-12-30 00:00:00-05:00,6.257372598129776,6.584620220746012,5.949958150433914,5.989624500274658,47300,0.0,0.0
2020-12-31 00:00:00-05:00,5.85079232033948,6.407113283019055,5.781375971160027,5.979708194732666,73600,0.0,0.0
2021-01-04 00:00:00-05:00,5.840875273005858,6.049123839720141,5.454128137476552,5.592960357666016,29600,0.0,0.0
2021-01-05 00:00:00-05:00,5.513627788868128,12.792409551277755,5.513627788868128,10.36284351348877,2371700,0.0,0.0
2021-01-06 00:00:00-05:00,8.677022574285658,8.905103856578227,7.199449814323055,7.893611431121826,411200,0.0,0.0
2021-01-07 00:00:00-05:00,8.052276724883397,8.141526250022956,7.04078384045578,7.050700664520264,109900,0.0,0.0
2021-01-08 00:00:00-05:00,7.199449667163482,7.348198244251165,7.114166493933741,7.278782367706299,34400,0.0,0.0
2021-01-11 00:00:00-05:00,7.100283293974199,7.268865518472501,6.8424520181051784,7.175649642944336,30400,0.0,0.0
2021-01-12 00:00:00-05:00,7.229199184308893,7.9233607860422355,7.18953283408757,7.769653797149658,104900,0.0,0.0
2021-01-13 00:00:00-05:00,7.7349459044073,7.754779079634592,7.4374478031377125,7.596113204956055,42300,0.0,0.0
2021-01-14 00:00:00-05:00,7.427530765533447,7.913444253921156,7.427530765533447,7.427530765533447,23000,0.0,0.0
2021-01-15 00:00:00-05:00,7.6804041458908925,7.6804041458908925,7.189532715362905,7.19944953918457,19100,0.0,0.0
2021-01-19 00:00:00-05:00,7.288698873685389,7.764695559914569,7.23911617122289,7.675446033477783,63700,0.0,0.0
2021-01-20 00:00:00-05:00,7.52669720292259,7.8737780000584,7.18953275680542,7.18953275680542,19000,0.0,0.0
2021-01-21 00:00:00-05:00,7.139949498260932,7.665529336086726,6.951534575404706,7.536613464355469,30000,0.0,0.0
2021-01-22 00:00:00-05:00,7.424556220887593,7.516780509403231,7.377948282713253,7.487030982971191,7700,0.0,0.0
2021-01-25 00:00:00-05:00,7.3977811341670705,9.113351899613416,7.175649392041334,8.54810619354248,285600,0.0,0.0
2021-01-26 00:00:00-05:00,8.548106413745236,8.601655938646758,7.646687835035679,7.844027996063232,82000,0.0,0.0
2021-01-27 00:00:00-05:00,7.44736463248834,7.923360838282553,7.338281932230402,7.487030982971191,19500,0.0,0.0
2021-01-28 00:00:00-05:00,7.566363372014067,12.693243925599326,7.4870306743188495,9.748014450073242,1234700,0.0,0.0
2021-01-29 00:00:00-05:00,9.539765998816314,9.609181873718144,7.536613466082948,7.64569616317749,187800,0.0,0.0
2021-02-01 00:00:00-05:00,7.695279743244543,9.817430963347048,7.519755925378303,9.172852516174316,498600,0.0,0.0
2021-02-02 00:00:00-05:00,8.151443038926404,8.92097099261162,8.151443038926404,8.46877384185791,61000,0.0,0.0
2021-02-03 00:00:00-05:00,8.498523196770872,9.172852085118189,8.379524148072,8.399357795715332,57800,0.0,0.0
2021-02-04 00:00:00-05:00,8.389440881375675,8.637355799920204,8.0820259662635,8.419190406799316,59500,0.0,0.0
2021-02-05 00:00:00-05:00,8.627438982516631,9.133185643690318,7.863861051755322,8.528273582458496,194200,0.0,0.0
2021-02-08 00:00:00-05:00,8.83568772443242,9.093519471909733,8.567940098760118,8.92493724822998,104500,0.0,0.0
2021-02-09 00:00:00-05:00,8.984437599664435,9.420767466192139,8.71668901773212,8.84560489654541,87600,0.0,0.0
2021-02-10 00:00:00-05:00,9.029061246641648,14.131150931726637,8.121692645696438,11.483419418334961,1152800,0.0,0.0
2021-02-11 00:00:00-05:00,11.066922664747256,11.17600584256809,8.924937754889134,9.133186340332031,162200,0.0,0.0
2021-02-12 00:00:00-05:00,8.458856765167386,9.837264054238327,8.458856765167386,9.291851043701172,84400,0.0,0.0
2021-02-16 00:00:00-05:00,9.400933357368377,10.323177166805031,9.381100655448215,10.253761291503906,57200,0.0,0.0
2021-02-17 00:00:00-05:00,10.462009949585402,10.809090274679663,9.956263279216769,10.070303916931152,34400,0.0,0.0
2021-02-18 00:00:00-05:00,10.196244182859363,10.196244182859363,9.222434997558594,9.222434997558594,29900,0.0,0.0
2021-02-19 00:00:00-05:00,9.25218538476377,10.075262900976421,9.25218538476377,9.351351737976074,26300,0.0,0.0
2021-02-22 00:00:00-05:00,8.934854301201781,10.80909056611748,8.934854301201781,9.73809814453125,342400,0.0,0.0
2021-02-23 00:00:00-05:00,9.529849519379264,9.70834857068523,8.538189804515726,8.558023452758789,79100,0.0,0.0
2021-02-24 00:00:00-05:00,8.597689874190191,9.692482299186956,8.597689874190191,8.865437507629395,59500,0.0,0.0
2021-02-25 00:00:00-05:00,9.024103599947361,9.024103599947361,8.29027470713088,8.597689628601074,43800,0.0,0.0
2021-02-26 00:00:00-05:00,8.397374884849018,8.518357112982498,7.9531113774115925,8.230775833129883,24400,0.0,0.0
2021-03-01 00:00:00-05:00,8.349774531094798,8.657188500444546,7.834111519507148,7.982860565185547,48300,0.0,0.0
2021-03-02 00:00:00-05:00,8.250608321299392,8.300191494962277,7.635779426752599,7.734945774078369,25600,0.0,0.0
2021-03-03 00:00:00-05:00,7.695279709574821,8.488607680430443,7.695279709574821,8.101860046386719,110600,0.0,0.0
2021-03-04 00:00:00-05:00,8.22085874591438,8.22085874591438,6.94161779085674,7.63577938079834,47900,0.0,0.0
2021-03-05 00:00:00-05:00,8.032443875630173,8.032443875630173,6.644119740756116,6.971367835998535,82500,0.0,0.0
2021-03-08 00:00:00-05:00,6.981284305024545,7.7151127346776835,6.981284305024545,7.487030982971191,24400,0.0,0.0
2021-03-09 00:00:00-05:00,7.834111695176305,7.834111695176305,7.179615974087221,7.3977813720703125,44400,0.0,0.0
2021-03-10 00:00:00-05:00,7.596113436603688,9.034019866582645,7.447364854292922,8.191109657287598,175700,0.0,0.0
2021-03-11 00:00:00-05:00,8.191109223383497,8.865437165954566,7.972943827926789,8.726605415344238,41400,0.0,0.0
2021-03-12 00:00:00-05:00,8.726605413100819,8.726605413100819,8.131609224088347,8.508440017700195,12700,0.0,0.0
2021-03-15 00:00:00-04:00,8.270441835667956,8.77618849657608,8.141525964511745,8.310108184814453,33500,0.0,0.0
2021-03-16 00:00:00-04:00,8.448940720011887,8.657188339805085,8.052276290323055,8.291266441345215,18400,0.0,0.0
2021-03-17 00:00:00-04:00,8.131609657643157,8.260525536993306,7.734946140966094,8.082026481628418,25500,0.0,0.0
2021-03-18 00:00:00-04:00,8.05227651611148,8.468773658817279,7.85394476856595,7.85592794418335,29000,0.0,0.0
2021-03-19 00:00:00-04:00,8.131609280442149,8.458856902950794,7.785520070836316,7.787503719329834,20900,0.0,0.0
2021-03-22 00:00:00-04:00,7.914435978339732,7.933277565518179,7.794445340522465,7.83411169052124,4400,0.0,0.0
2021-03-23 00:00:00-04:00,7.726020704895634,8.151443095761206,7.705195941737085,7.913444519042969,7500,0.0,0.0
2021-03-24 00:00:00-04:00,7.883694136953878,9.123268716529028,7.804361439518696,8.220858573913574,83200,0.0,0.0
2021-03-25 00:00:00-04:00,8.205983745062728,8.205983745062728,7.695279598236084,7.695279598236084,8500,0.0,0.0
2021-03-26 00:00:00-04:00,7.922369512229649,9.51993388765691,7.922369512229649,9.153018951416016,308400,0.0,0.0
2021-03-29 00:00:00-04:00,9.024103415171783,9.024103415171783,8.141525964511745,8.310108184814453,41000,0.0,0.0
2021-03-30 00:00:00-04:00,8.032443568123036,8.831721006389854,7.844027704437098,8.626447677612305,62700,0.0,0.0
2021-03-31 00:00:00-04:00,8.37952398132111,8.924936986294275,8.230775409837682,8.766271591186523,35700,0.0,0.0
2021-04-01 00:00:00-04:00,8.815854938291091,9.07368573759043,8.468773670324525,8.726605415344238,62300,0.0,0.0
2021-04-05 00:00:00-04:00,8.716688405159283,8.90510332512512,8.280358569295036,8.329940795898438,21400,0.0,0.0
2021-04-06 00:00:00-04:00,8.042360292001884,8.924937816541453,7.8489869419406935,8.260525703430176,60100,0.0,0.0
2021-04-07 00:00:00-04:00,8.280359003465966,8.540173932173984,8.230775828542379,8.448941230773926,13000,0.0,0.0
2021-04-08 00:00:00-04:00,8.458857381479076,8.458857381479076,8.101860212833966,8.171276092529297,5400,0.0,0.0
2021-04-09 00:00:00-04:00,8.151442609355144,8.389440699011558,7.923360397477489,8.022526741027832,11800,0.0,0.0
2021-04-12 00:00:00-04:00,8.290274986248038,8.369607688836409,7.94319464885402,7.9927778244018555,13800,0.0,0.0
2021-04-13 00:00:00-04:00,7.873778272805371,7.933277799558837,7.457281112670898,7.457281112670898,8000,0.0,0.0
2021-04-14 00:00:00-04:00,7.457281053144783,8.05227678879023,7.457281053144783,7.903527736663818,20100,0.0,0.0
2021-04-15 00:00:00-04:00,7.883694664356146,7.883694664356146,7.4473647992731165,7.5564470291137695,18700,0.0,0.0
2021-04-16 00:00:00-04:00,7.61792976728963,7.675445642472914,7.268865327835616,7.437447547912598,24200,0.0,0.0
2021-04-19 00:00:00-04:00,7.377948196892527,8.012610270095914,7.318448671860352,7.506864070892334,76600,0.0,0.0
2021-04-20 00:00:00-04:00,7.338281901044018,7.496947302301123,6.818652049922727,6.842452049255371,77600,0.0,0.0
2021-04-21 00:00:00-04:00,6.882118349079697,7.933277570416685,6.842451999056429,7.288698673248291,103000,0.0,0.0
2021-04-22 00:00:00-04:00,7.288698808623139,7.477114211163245,6.882118476903026,7.149866580963135,25200,0.0,0.0
2021-04-23 00:00:00-04:00,7.239116101371388,7.417614679662389,7.120116576317186,7.313490390777588,11900,0.0,0.0
2021-04-26 00:00:00-04:00,7.1796160200232135,7.487030943953554,7.1498664937462095,7.169699668884277,7400,0.0,0.0
2021-04-27 00:00:00-04:00,7.179615846309178,7.437447589725897,7.179615846309178,7.2093658447265625,8200,0.0,0.0
2021-04-28 00:00:00-04:00,7.358115234748454,7.8539450972208815,7.19449141796137,7.457281112670898,51600,0.0,0.0
2021-04-29 00:00:00-04:00,7.493972154350367,8.409273400967573,7.189532482089822,8.131608963012695,195300,0.0,0.0
2021-04-30 00:00:00-04:00,8.012610270095914,8.131609320160264,7.3382818468710775,7.506864070892334,51400,0.0,0.0
2021-05-03 00:00:00-04:00,7.576279811891324,8.082026002075889,7.1399494965763015,7.427530765533447,101700,0.0,0.0
2021-05-04 00:00:00-04:00,7.338281802419067,8.022527045434511,7.020950531309527,7.516780376434326,247000,0.0,0.0
2021-05-05 00:00:00-04:00,7.516780379513231,7.685362602582345,7.2658906934015635,7.298615455627441,9100,0.0,0.0
2021-05-06 00:00:00-04:00,7.4076979868873565,7.761720859088596,7.3085321083008195,7.338282108306885,44800,0.0,0.0
2021-05-07 00:00:00-04:00,7.502897288335402,7.615946339237156,7.394806176568667,7.496947288513184,12700,0.0,0.0
2021-05-10 00:00:00-04:00,7.645696161918123,7.685362511244117,7.249032195798003,7.318448543548584,30800,0.0,0.0
2021-05-11 00:00:00-04:00,7.249032193620104,7.625862984964011,6.852368227619157,7.427530765533447,193100,0.0,0.0
2021-05-12 00:00:00-04:00,7.338282143128308,8.726605868508292,7.0903672090554615,8.300191879272461,321800,0.0,0.0
2021-05-13 00:00:00-04:00,8.339857938763197,8.339857938763197,7.5366136372467825,7.715112686157227,85100,0.0,0.0
2021-05-14 00:00:00-04:00,7.715112510427363,7.863861083984375,7.625862988005009,7.863861083984375,12800,0.0,0.0
2021-05-17 00:00:00-04:00,7.99277752054907,8.111776569907768,7.506864026377437,7.734945774078369,17500,0.0,0.0
2021-05-18 00:00:00-04:00,7.908486025329948,7.908486025329948,7.60602998658531,7.715112686157227,21900,0.0,0.0
2021-05-19 00:00:00-04:00,7.555455088055877,7.834111595342982,7.477113976831049,7.637763023376465,16000,0.0,0.0
2021-05-20 00:00:00-04:00,8.010626992551067,8.010626992551067,7.637763023376465,7.637763023376465,900,0.0,0.0
2021-05-21 00:00:00-04:00,7.881710961376051,8.349774443675832,7.725028742083515,8.220858573913574,55700,0.0,0.0
2021-05-24 00:00:00-04:00,8.329941148785963,8.329941148785963,7.744862244024499,8.086984634399414,13900,0.0,0.0
2021-05-25 00:00:00-04:00,8.320025038513846,8.320025038513846,7.844027901320165,7.974926948547363,15200,0.0,0.0
2021-05-26 00:00:00-04:00,8.111776794619695,8.176234260162778,7.734945988351353,7.794445514678955,34400,0.0,0.0
2021-05-27 00:00:00-04:00,7.675445654376658,8.72660532556216,7.675445654376658,8.20102596282959,105100,0.0,0.0
2021-05-28 00:00:00-04:00,8.101860222664241,8.57785644810193,7.982861166304819,8.062193870544434,29500,0.0,0.0
2021-06-01 00:00:00-04:00,8.498523603809684,9.36126745748811,8.240692792140111,8.954687118530273,160200,0.0,0.0
2021-06-02 00:00:00-04:00,8.924937163898779,8.928903515139295,8.32002509658275,8.399357795715332,32600,0.0,0.0
2021-06-03 00:00:00-04:00,8.803955369325829,8.885271248047928,8.429107732908756,8.84560489654541,22600,0.0,0.0
2021-06-04 00:00:00-04:00,8.85552180498697,8.924937684345789,8.429107812993246,8.82577133178711,32100,0.0,0.0
2021-06-07 00:00:00-04:00,8.805937857878614,9.043935948321737,8.726605161064242,9.00426959991455,10500,0.0,0.0
2021-06-08 00:00:00-04:00,9.10343665417199,9.301768411684584,8.84560489654541,8.84560489654541,29800,0.0,0.0
2021-06-09 00:00:00-04:00,8.845604221524095,9.133185484401702,8.835687397975128,8.836679458618164,14100,0.0,0.0
2021-06-10 00:00:00-04:00,9.262101417404727,9.272018241022248,8.329940803205602,8.439023971557617,8100,0.0,0.0
2021-06-11 00:00:00-04:00,8.63735640526243,9.063770397674421,8.62743958085275,8.771230697631836,4200,0.0,0.0
2021-06-14 00:00:00-04:00,8.994353306644056,9.012203779197888,8.72660567554059,8.776188850402832,6900,0.0,0.0
2021-06-15 00:00:00-04:00,9.222435879534048,9.222435879534048,8.458857416814016,9.024104118347168,43700,0.0,0.0
2021-06-16 00:00:00-04:00,8.835687364595621,9.083602278061134,8.458856582641602,8.458856582641602,25300,0.0,0.0
2021-06-17 00:00:00-04:00,8.706772124329719,8.706772124329719,8.429107666015625,8.429107666015625,4800,0.0,0.0
2021-06-18 00:00:00-04:00,8.345808221348975,8.456873621184531,7.407697593830408,7.863861083984375,36700,0.0,0.0
2021-06-21 00:00:00-04:00,7.873778449308795,10.114929232035864,7.873778449308795,9.5695161819458,307800,0.0,0.0
2021-06-22 00:00:00-04:00,9.272018431125822,9.510016528503847,8.726605415344238,8.726605415344238,25500,0.0,0.0
2021-06-23 00:00:00-04:00,8.77618858557691,9.232352078247853,8.77618858557691,8.999311447143555,15000,0.0,0.0
2021-06-24 00:00:00-04:00,9.024103599958636,9.272018523630901,8.77618867628637,8.815855026245117,62300,0.0,0.0
2021-06-25 00:00:00-04:00,8.815855451825437,9.291851674308846,8.71668909928118,8.934854507446289,493400,0.0,0.0
2021-06-28 00:00:00-04:00,10.164511507901826,10.511592766947588,9.440600410553122,10.204177856445312,329900,0.0,0.0
2021-06-29 00:00:00-04:00,10.07526233421673,10.11492868412623,9.420767087849795,9.579432487487793,60000,0.0,0.0
2021-06-30 00:00:00-04:00,9.51001661561817,10.015763286469525,9.351351215912736,9.688515663146973,66700,0.0,0.0
2021-07-01 00:00:00-04:00,9.827347584232502,10.090137748094484,9.599266304659022,9.648848533630371,75000,0.0,0.0
2021-07-02 00:00:00-04:00,9.609181844533046,9.698431366690254,9.222435176145625,9.564558029174805,18900,0.0,0.0
2021-07-06 00:00:00-04:00,10.114929046763312,11.304920532431863,9.341434722936816,9.718265533447266,396500,0.0,0.0
2021-07-07 00:00:00-04:00,9.51993371270427,9.708348643830943,8.885271149950517,9.083602905273438,51800,0.0,0.0
2021-07-08 00:00:00-04:00,8.924937081362836,10.114928503067143,8.430099304170486,9.510016441345215,437000,0.0,0.0
2021-07-09 00:00:00-04:00,9.232352003029233,10.620675171645187,9.153018358857691,10.491759300231934,304800,0.0,0.0
2021-07-12 00:00:00-04:00,10.114929023819407,10.412427130991826,9.648848687439962,10.154595375061035,148100,0.0,0.0
2021-07-13 00:00:00-04:00,9.966179841595267,10.035595715648492,9.619098579888426,9.748014450073242,76200,0.0,0.0
2021-07-14 00:00:00-04:00,9.648848865314173,11.652002004245093,9.38110122592742,9.896763801574707,679000,0.0,0.0
2021-07-15 00:00:00-04:00,9.500100248372041,9.906680591091446,8.875354497710362,9.043936729431152,53000,0.0,0.0
2021-07-16 00:00:00-04:00,9.222435163830095,9.410850085905647,8.63735580444336,8.63735580444336,33400,0.0,0.0
2021-07-19 00:00:00-04:00,8.458857379611404,8.597690084691841,7.824195273744456,8.280359268188477,50000,0.0,0.0
2021-07-20 00:00:00-04:00,8.052276849939087,8.875354345666084,8.022527323004008,8.538189888000488,227500,0.0,0.0
2021-07-21 00:00:00-04:00,8.62743915070473,8.924937248119454,8.429107401001707,8.706771850585938,46900,0.0,0.0
2021-07-22 00:00:00-04:00,8.696855974330946,8.924937250110201,8.300191529116042,8.543148040771484,98300,0.0,0.0
2021-07-23 00:00:00-04:00,8.538190158205104,8.607606984210975,8.280359340407603,8.424149513244629,82200,0.0,0.0
2021-07-26 00:00:00-04:00,8.339858221945082,8.567940452821945,8.280359167434888,8.518357276916504,111700,0.0,0.0
2021-07-27 00:00:00-04:00,8.369607831819648,8.677022768891655,8.270442424750286,8.498523712158203,212700,0.0,0.0
2021-07-28 00:00:00-04:00,8.538189713499884,8.841638286629388,8.349774785801264,8.577856063842773,29600,0.0,0.0
2021-07-29 00:00:00-04:00,8.786104377359827,8.924937072276798,8.528273580685973,8.63735580444336,46100,0.0,0.0
2021-07-30 00:00:00-04:00,8.60760619607877,8.875353813893016,8.498523027651926,8.766271591186523,16700,0.0,0.0
2021-08-02 00:00:00-04:00,8.587772975070392,8.845604727777731,8.528273921812023,8.776188850402832,4900,0.0,0.0
2021-08-03 00:00:00-04:00,8.8654375221617,8.875354346380997,8.597689888283602,8.647273063659668,18700,0.0,0.0
2021-08-04 00:00:00-04:00,8.647273239782054,8.726605943711395,8.498523710624218,8.607606887817383,11100,0.0,0.0
2021-08-05 00:00:00-04:00,8.439023856194511,8.776188288818268,8.414231797489624,8.739496231079102,49800,0.0,0.0
2021-08-06 00:00:00-04:00,8.725613925661479,8.725613925661479,8.43902469681599,8.490591049194336,37400,0.0,0.0
2021-08-09 00:00:00-04:00,8.59768928355209,8.677021980285645,8.439023890084977,8.677021980285645,10500,0.0,0.0
2021-08-10 00:00:00-04:00,8.746438030772971,9.103436119030064,8.706771681602223,8.964603424072266,16000,0.0,0.0
2021-08-11 00:00:00-04:00,8.954687118530273,9.371184281784744,8.796021712665793,8.954687118530273,76800,0.0,0.0
2021-08-12 00:00:00-04:00,9.024104108231631,9.658765743318225,9.024104108231631,9.133186340332031,107800,0.0,0.0
2021-08-13 00:00:00-04:00,9.297802051551479,9.549683336070792,8.98443759125864,9.063770294189453,46100,0.0,0.0
2021-08-16 00:00:00-04:00,9.063769765356936,9.167893577233288,8.558023104390855,8.746438026428223,51100,0.0,0.0
2021-08-17 00:00:00-04:00,8.577855890145393,8.845604458828404,8.339857792907411,8.617522239685059,22500,0.0,0.0
2021-08-18 00:00:00-04:00,8.528273842574427,8.627439245657149,7.982860815598087,8.250608444213867,46700,0.0,0.0
2021-08-19 00:00:00-04:00,8.270441873906066,8.419190447463077,7.73494568509231,7.863861083984375,33600,0.0,0.0
2021-08-20 00:00:00-04:00,8.032444077440811,8.14350948141778,7.903527728021341,8.121692657470703,7600,0.0,0.0
2021-08-23 00:00:00-04:00,8.429107666015625,8.528274016845149,8.220859085849952,8.429107666015625,25800,0.0,0.0
2021-08-24 00:00:00-04:00,8.528273785784974,8.77618871042151,8.528273785784974,8.64429759979248,22800,0.0,0.0
2021-08-25 00:00:00-04:00,8.726605152174203,8.885270545641314,8.379523894674639,8.677021980285645,20200,0.0,0.0
2021-08-26 00:00:00-04:00,8.726606017331632,8.974520955632414,8.329941548618118,8.751397132873535,83700,0.0,0.0
2021-08-27 00:00:00-04:00,8.964603859084578,9.311685140461202,8.77123051570868,8.974520683288574,72900,0.0,0.0
2021-08-30 00:00:00-04:00,9.123268821469075,9.420766913133143,8.933861838662873,9.400933265686035,44800,0.0,0.0
2021-08-31 00:00:00-04:00,9.103436295825102,9.391017569328142,8.92493724822998,8.92493724822998,15500,0.0,0.0
2021-09-01 00:00:00-04:00,8.954686860784083,9.321600837714772,8.815855107508918,9.01418685913086,24200,0.0,0.0
2021-09-02 00:00:00-04:00,9.252185284307572,9.609182449698968,9.123269404819464,9.589349746704102,63800,0.0,0.0
2021-09-03 00:00:00-04:00,9.579432491168077,9.658765191017556,9.252184867858887,9.252184867858887,2900,0.0,0.0
2021-09-07 00:00:00-04:00,9.316643539202143,9.410850531843785,9.016170197150725,9.30176830291748,12100,0.0,0.0
2021-09-08 00:00:00-04:00,9.182768904591947,9.60918192579758,8.96460350922046,9.162935256958008,19100,0.0,0.0
2021-09-09 00:00:00-04:00,9.133186352909666,9.30176858639181,8.695864417449373,8.915020942687988,43900,0.0,0.0
2021-09-10 00:00:00-04:00,8.885271072387695,9.162935527415948,8.875354248278015,8.885271072387695,3300,0.0,0.0
2021-09-13 00:00:00-04:00,8.839654388535445,9.321601077521498,8.835688037117084,9.28590202331543,34400,0.0,0.0
2021-09-14 00:00:00-04:00,9.381100560466425,9.420766909625508,8.63735580444336,8.63735580444336,44900,0.0,0.0
2021-09-15 00:00:00-04:00,8.845604799791662,9.361267363684055,8.845604799791662,9.192686080932617,21500,0.0,0.0
2021-09-16 00:00:00-04:00,9.222435436861254,9.222435436861254,8.746438287139958,8.796021461486816,10400,0.0,0.0
2021-09-17 00:00:00-04:00,8.875354508066449,9.172852620022061,8.763297040364172,8.82577133178711,2700,0.0,0.0
2021-09-20 00:00:00-04:00,8.587772633349305,8.686938979127802,8.288291366133862,8.528273582458496,8100,0.0,0.0
2021-09-21 00:00:00-04:00,8.548106804171601,8.736522683468195,8.429107749430793,8.518357276916504,7300,0.0,0.0
2021-09-22 00:00:00-04:00,8.805938278693732,9.123269081115723,8.548106528865672,9.123269081115723,17900,0.0,0.0
2021-09-23 00:00:00-04:00,9.123268645431619,9.16293499384009,8.724621985784529,9.113351821899414,7200,0.0,0.0
2021-09-24 00:00:00-04:00,9.024103511378442,9.46043335664167,9.024103511378442,9.272018432617188,27500,0.0,0.0
2021-09-27 00:00:00-04:00,9.430683978390027,10.89833988113166,9.133185879106607,10.868590354919434,265300,0.0,0.0
2021-09-28 00:00:00-04:00,11.185921169287408,11.701584668067088,9.91659701603645,10.214095115661621,133500,0.0,0.0
2021-09-29 00:00:00-04:00,10.177402969503149,10.749591225289663,10.040554393357086,10.343010902404785,54400,0.0,0.0
2021-09-30 00:00:00-04:00,10.154594684257457,10.412426422648299,10.114928335714279,10.313260078430176,21900,0.0,0.0
2021-10-01 00:00:00-04:00,10.581008752036688,11.751167464988411,9.976096693940137,11.493335723876953,116500,0.0,0.0
2021-10-04 00:00:00-04:00,12.157748206751176,17.84987468482945,11.701584704754497,16.82846450805664,6411900,0.0,0.0
2021-10-05 00:00:00-04:00,14.974061616363606,16.759048292140676,11.215671449403946,12.10816478729248,1578500,0.0,0.0
2021-10-06 00:00:00-04:00,11.840416407428831,12.346163081638606,10.759508128327681,10.868590354919434,192800,0.0,0.0
2021-10-07 00:00:00-04:00,10.749591303128607,11.72141735552757,10.715874479896966,11.086755752563477,244800,0.0,0.0
2021-10-08 00:00:00-04:00,11.215671793258409,12.380871201858143,11.03717274192006,11.374337196350098,176800,0.0,0.0
2021-10-11 00:00:00-04:00,11.8999164691161,12.677378071851368,11.552835193812056,12.048665046691895,248100,0.0,0.0
2021-10-12 00:00:00-04:00,11.899916569662635,12.12304038363197,11.235504485532173,11.701584815979004,84100,0.0,0.0
2021-10-13 00:00:00-04:00,11.513168770209807,11.628201469359103,11.106588444748638,11.523085594177246,97100,0.0,0.0
2021-10-14 00:00:00-04:00,11.899916303918715,11.899916303918715,11.30492011043463,11.65200138092041,81500,0.0,0.0
2021-10-15 00:00:00-04:00,11.800750490576366,11.949500018540526,11.185921567197607,11.533002853393555,32700,0.0,0.0
2021-10-18 00:00:00-04:00,11.463586632629646,11.691667911365338,11.36442028361041,11.503252983093262,18100,0.0,0.0
2021-10-19 00:00:00-04:00,11.533002246489813,11.959416213539201,11.414994312762614,11.780917167663574,34000,0.0,0.0
2021-10-20 00:00:00-04:00,11.54291898145896,12.137914220263838,11.477469457904407,11.800749778747559,41200,0.0,0.0
2021-10-21 00:00:00-04:00,11.711501730749251,11.949499837011896,11.463586800295563,11.57266902923584,64700,0.0,0.0
2021-10-22 00:00:00-04:00,11.64208499161071,11.780917694131533,10.987589721779027,11.661918640136719,66800,0.0,0.0
2021-10-25 00:00:00-04:00,11.989165915642102,12.262864015341394,11.572668766285773,11.959416389465332,37700,0.0,0.0
2021-10-26 00:00:00-04:00,11.89991665576505,12.058582059859985,11.50325314552771,11.790834426879883,28800,0.0,0.0
2021-10-27 00:00:00-04:00,11.671835283317359,11.999082913156126,11.156171778286332,11.810667037963867,23400,0.0,0.0
2021-10-28 00:00:00-04:00,11.78091689763741,11.949499115829184,11.513168334960938,11.513168334960938,18100,0.0,0.0
2021-10-29 00:00:00-04:00,11.562751857913948,11.88999948063073,11.404086458502222,11.870166778564453,23700,0.0,0.0
2021-11-01 00:00:00-04:00,11.89991630020028,11.89991630020028,11.615310263751915,11.761083602905273,22300,0.0,0.0
2021-11-02 00:00:00-04:00,11.61233529039127,11.889999745548353,11.454661002423554,11.701584815979004,34200,0.0,0.0
2021-11-03 00:00:00-04:00,11.562751853712678,11.825542012468103,11.453669628086844,11.761083602905273,40900,0.0,0.0
2021-11-04 00:00:00-04:00,11.949499844262132,11.949499844262132,11.463586807250977,11.463586807250977,18300,0.0,0.0
2021-11-05 00:00:00-04:00,12.24699748360152,13.684903837186546,11.513168598219876,12.10816478729248,362300,0.0,0.0
2021-11-08 00:00:00-05:00,12.375912495222906,12.375912495222906,11.771000423903965,12.08833122253418,33600,0.0,0.0
2021-11-09 00:00:00-05:00,12.00899861993716,12.058581794053973,11.017338920482453,11.523085594177246,57200,0.0,0.0
2021-11-10 00:00:00-05:00,11.47350258995253,11.834467043661016,11.399128300536217,11.701584815979004,9300,0.0,0.0
2021-11-11 00:00:00-05:00,11.414003024743634,11.701584291115822,11.414003024743634,11.602417945861816,17200,0.0,0.0
2021-11-12 00:00:00-05:00,11.483419668345606,11.78091777831879,11.404086965115479,11.751168251037598,9300,0.0,0.0
2021-11-15 00:00:00-05:00,11.612335034218715,11.80074995963156,11.324753761291504,11.324753761291504,20400,0.0,0.0
2021-11-16 00:00:00-05:00,11.374337446808124,11.559777144251626,11.10658886390489,11.533002853393555,9600,0.0,0.0
2021-11-17 00:00:00-05:00,11.533002244902262,11.62225176782779,10.957839703515939,11.235504150390625,55100,0.0,0.0
2021-11-18 00:00:00-05:00,10.868590432618971,11.34458663829903,10.868590432618971,11.285087585449219,6700,0.0,0.0
2021-11-19 00:00:00-05:00,11.066921841041042,11.066921841041042,10.462009778692368,10.709924697875977,24200,0.0,0.0
2021-11-22 00:00:00-05:00,10.47291779787597,11.027255576563041,10.462009859110088,11.017338752746582,9900,0.0,0.0
2021-11-23 00:00:00-05:00,11.086755937308373,11.334670866527468,10.463001317171736,10.610758781433105,24800,0.0,0.0
2021-11-24 00:00:00-05:00,10.833882157467782,10.987589142559917,10.462009778692368,10.709924697875977,44400,0.0,0.0
2021-11-26 00:00:00-05:00,10.253761540914963,10.576050757149986,10.169470427833152,10.521509170532227,13000,0.0,0.0
2021-11-29 00:00:00-05:00,10.2140950288061,10.690091227582432,10.2140950288061,10.343010902404785,5800,0.0,0.0
2021-11-30 00:00:00-05:00,10.164511596007188,10.402509689331055,9.990970964980066,10.402509689331055,4200,0.0,0.0
2021-12-01 00:00:00-05:00,10.610758631873123,10.610758631873123,9.431675116508472,9.559599876403809,33200,0.0,0.0
2021-12-02 00:00:00-05:00,9.420766721888645,9.420766721888645,8.339857546693535,8.786104202270508,88500,0.0,0.0
2021-12-03 00:00:00-05:00,9.073686082006272,9.212518783606736,8.518357167045233,9.192686080932617,9800,0.0,0.0
2021-12-06 00:00:00-05:00,9.182768631676973,9.2373092696086,8.766271500946374,8.786104202270508,18400,0.0,0.0
2021-12-07 00:00:00-05:00,8.815855052958415,9.371183954063603,8.815855052958415,9.13516902923584,13400,0.0,0.0
2021-12-08 00:00:00-05:00,9.024103762743842,9.281934569266502,9.014186938645171,9.212518692016602,5800,0.0,0.0
2021-12-09 00:00:00-05:00,9.20359429129226,9.49216669646003,9.024104118347168,9.024104118347168,3100,0.0,0.0
2021-12-10 00:00:00-05:00,9.212518338243258,9.212518338243258,8.627438978975091,8.746438026428223,18300,0.0,0.0
2021-12-13 00:00:00-05:00,8.9745209543818,9.123269539053366,8.726606016115564,8.805938720703125,5200,0.0,0.0
2021-12-14 00:00:00-05:00,8.875353897599206,8.915020246750249,8.38944088406883,8.746438026428223,48600,0.0,0.0
2021-12-15 00:00:00-05:00,8.567940106570724,8.746438208608184,8.34481629687342,8.488607406616211,3700,0.0,0.0
2021-12-16 00:00:00-05:00,8.71668886220866,8.776188861261044,8.439024406645128,8.448941230773926,8500,0.0,0.0
2021-12-17 00:00:00-05:00,8.280359208747281,8.836680194367336,8.280359208747281,8.67008113861084,9300,0.0,0.0
2021-12-20 00:00:00-05:00,8.686939239501953,8.686939239501953,8.686939239501953,8.686939239501953,400,0.0,0.0
2021-12-21 00:00:00-05:00,8.71668833351518,9.123268640931554,8.657188338071647,8.949728012084961,25500,0.0,0.0
2021-12-22 00:00:00-05:00,8.915020767064153,9.187727760899094,8.915020767064153,8.954687118530273,13500,0.0,0.0
2021-12-23 00:00:00-05:00,8.924937334470888,9.272018609099579,8.905103686448498,9.01418685913086,29600,0.0,0.0
2021-12-27 00:00:00-05:00,9.081619468610471,9.281934393872346,8.77618866876202,9.252184867858887,6100,0.0,0.0
2021-12-28 00:00:00-05:00,9.250201958032854,9.49514165221365,9.043936554208853,9.083602905273438,6000,0.0,0.0
2021-12-29 00:00:00-05:00,9.073685682660113,9.197643142509133,8.771230123718352,9.011211395263672,5300,0.0,0.0
2021-12-30 00:00:00-05:00,8.974520510279419,9.326559251251094,8.974520510279419,9.06872844696045,2300,0.0,0.0
2021-12-31 00:00:00-05:00,9.123269250383157,9.361267356615317,9.004270197267076,9.30176830291748,6000,0.0,0.0
2022-01-03 00:00:00-05:00,9.212518521841664,9.395975981396633,9.12326899804305,9.143102645874023,9200,0.0,0.0
2022-01-04 00:00:00-05:00,9.143102383248257,9.372175713081967,9.04889445019792,9.09351921081543,8300,0.0,0.0
2022-01-05 00:00:00-05:00,9.139135517694992,9.767848547177003,9.139135517694992,9.212518692016602,18900,0.0,0.0
2022-01-06 00:00:00-05:00,9.222435747907054,9.926514199361861,9.222435747907054,9.807515144348145,38700,0.0,0.0
2022-01-07 00:00:00-05:00,9.767848272074236,9.767848272074236,9.321600657406188,9.38110065460205,4400,0.0,0.0
2022-01-10 00:00:00-05:00,9.39101791381836,9.658765549312433,9.39101791381836,9.39101791381836,1400,0.0,0.0
2022-01-11 00:00:00-05:00,9.738097802158565,10.005846371001804,9.44060065329324,9.926513671875,18600,0.0,0.0
2022-01-12 00:00:00-05:00,9.951305388634516,10.402510496900863,9.553649808237191,10.005846977233887,61800,0.0,0.0
2022-01-13 00:00:00-05:00,9.916596585328909,10.131786738796308,9.7182648427664,9.876930236816406,13100,0.0,0.0
2022-01-14 00:00:00-05:00,9.698431862922101,10.402510306751317,9.698431862922101,10.154595375061035,19300,0.0,0.0
2022-01-18 00:00:00-05:00,10.164511853329843,10.898339799182716,10.164511853329843,10.506634712219238,47800,0.0,0.0
2022-01-19 00:00:00-05:00,10.789258038244535,10.789258038244535,9.69843195065178,10.13476276397705,54300,0.0,0.0
2022-01-20 00:00:00-05:00,9.995930069606038,10.600842168493,9.202602091155313,9.916597366333008,29400,0.0,0.0
2022-01-21 00:00:00-05:00,9.728182469886248,9.878914228396273,9.043936719375491,9.262102127075195,24800,0.0,0.0
2022-01-24 00:00:00-05:00,9.272018429750068,9.640915575203307,8.924937161835002,9.38110065460205,12600,0.0,0.0
2022-01-25 00:00:00-05:00,9.024103505357454,10.114928590647894,9.02211938401799,9.81743049621582,17000,0.0,0.0
2022-01-26 00:00:00-05:00,9.66868200945055,10.114928682281112,9.569515661834698,9.743056297302246,64500,0.0,0.0
2022-01-27 00:00:00-05:00,9.916597375757345,10.759508530984888,9.51993385901522,9.698431968688965,117100,0.0,0.0
2022-01-28 00:00:00-05:00,10.222027819821086,10.452093218653,9.926513841525358,9.995929718017578,26200,0.0,0.0
2022-01-31 00:00:00-05:00,10.055429538668104,10.402509860720405,9.962212718812765,10.144678115844727,13500,0.0,0.0
2022-02-01 00:00:00-05:00,10.015762944631142,10.690090870364397,10.015762944631142,10.531425476074219,16300,0.0,0.0
2022-02-02 00:00:00-05:00,10.362843691113596,10.52646750402569,10.273594166666928,10.432260513305664,7200,0.0,0.0
2022-02-03 00:00:00-05:00,10.452093299093967,10.590925998867274,10.313260599320659,10.412426948547363,9700,0.0,0.0
2022-02-04 00:00:00-05:00,10.55125998488227,11.265254317495941,10.31326092829062,10.714883804321289,83300,0.0,0.0
2022-02-07 00:00:00-05:00,11.265253859903968,11.322770682413136,10.46300114687685,10.70496654510498,9500,0.0,0.0
2022-02-08 00:00:00-05:00,10.898339436967175,10.898339436967175,9.876930251918258,10.422343254089355,33800,0.0,0.0
2022-02-09 00:00:00-05:00,10.412427291388266,10.957840338652689,10.273594587043736,10.442176818847656,38000,0.0,0.0
2022-02-10 00:00:00-05:00,10.343011320623367,10.85173230227866,10.293428144815845,10.68017578125,24700,0.0,0.0
2022-02-11 00:00:00-05:00,10.709924944237994,11.304920196533203,10.709924944237994,11.304920196533203,54800,0.0,0.0
2022-02-14 00:00:00-05:00,10.94792261648288,11.304919753881542,10.828923570683324,10.858673095703125,13500,0.0,0.0
2022-02-15 00:00:00-05:00,10.458043078103339,10.709925308578105,10.343011320750612,10.62563419342041,10700,0.0,0.0
2022-02-16 00:00:00-05:00,10.809090614318848,11.30492047636504,10.759508384690555,10.809090614318848,41000,0.0,0.0
2022-02-17 00:00:00-05:00,10.967756952405479,11.453669989698527,10.908256952908996,11.299962997436523,29800,0.0,0.0
2022-02-18 00:00:00-05:00,11.220629348221001,11.266246172116366,10.90825695163215,11.136338233947754,16400,0.0,0.0
2022-02-22 00:00:00-05:00,11.473502872235755,11.721417806869859,10.908257123900537,11.096672058105469,76300,0.0,0.0
2022-02-23 00:00:00-05:00,11.096671937038662,12.237081191345707,10.977672883199045,11.880083084106445,75200,0.0,0.0
2022-02-24 00:00:00-05:00,13.169240435264124,13.169240435264124,12.008998520820573,12.633744239807129,228700,0.0,0.0
2022-02-25 00:00:00-05:00,12.395746054539918,12.83207589954276,12.346162881177685,12.54449462890625,30900,0.0,0.0
2022-02-28 00:00:00-05:00,12.921325906065514,14.061735153198242,12.544495098417165,14.061735153198242,93000,0.0,0.0
2022-03-01 00:00:00-05:00,14.755896216883292,16.1144698709811,13.893152404969518,14.071650505065918,360800,0.0,0.0
2022-03-02 00:00:00-05:00,14.250149556717693,14.458398128349073,13.32790574724724,13.853486061096191,115800,0.0,0.0
2022-03-03 00:00:00-05:00,14.101401531157018,14.448481866905107,13.198991334203413,13.40723991394043,89500,0.0,0.0
2022-03-04 00:00:00-05:00,13.942735388806463,26.328563505508093,13.71663634831985,24.731992721557617,7227300,0.0,0.0
2022-03-07 00:00:00-05:00,24.553494022184463,42.64136644564207,21.826429889032937,30.106788635253906,8949300,0.0,0.0
2022-03-08 00:00:00-05:00,35.273334441896274,37.1872379229619,17.473044357636283,25.783151626586914,2118600,0.0,0.0
2022-03-09 00:00:00-05:00,22.312343999098214,24.295663465684722,18.95061810849515,21.14218521118164,1026800,0.0,0.0
2022-03-10 00:00:00-05:00,22.699089379513275,23.799832225189313,18.345704006916762,20.00177574157715,456500,0.0,0.0
2022-03-11 00:00:00-05:00,19.267947417391987,19.833193118642797,17.482958901849724,18.226703643798828,331200,0.0,0.0
2022-03-14 00:00:00-04:00,17.50279354142149,18.216789744702293,15.598806818407342,15.717806816101074,341200,0.0,0.0
2022-03-15 00:00:00-04:00,15.073227691815957,17.522627487273677,15.073227691815957,15.549224853515625,447500,0.0,0.0
2022-03-16 00:00:00-04:00,15.717806858875251,20.567022259296902,15.573024631294333,17.116046905517578,265500,0.0,0.0
2022-03-17 00:00:00-04:00,18.24653781924119,19.8232768691473,17.006963213430772,18.7622013092041,511400,0.0,0.0
2022-03-18 00:00:00-04:00,18.722533657600252,19.129115860693503,17.48791843291703,18.18703842163086,143400,0.0,0.0
2022-03-21 00:00:00-04:00,18.196955064642903,19.12911567082251,17.135879535426024,18.226703643798828,184600,0.0,0.0
2022-03-22 00:00:00-04:00,18.196955936653385,18.643201668342833,17.4432943350561,18.355621337890625,119600,0.0,0.0
2022-03-23 00:00:00-04:00,18.43495317157612,19.823276312834253,17.453210338298422,18.444869995117188,364300,0.0,0.0
2022-03-24 00:00:00-04:00,18.028374366604222,18.791952819959253,18.000608014950647,18.742368698120117,133900,0.0,0.0
2022-03-25 00:00:00-04:00,18.206872061678162,19.714193315564163,17.026796530269948,18.07795524597168,222300,0.0,0.0
2022-03-28 00:00:00-04:00,17.502793775261928,17.502793775261928,16.5607181709835,16.85821533203125,79800,0.0,0.0
2022-03-29 00:00:00-04:00,16.005387858284774,16.967299032229455,15.867547212712191,16.739215850830078,72900,0.0,0.0
2022-03-30 00:00:00-04:00,16.65988228543036,17.79037563517483,16.39213560260739,16.93754768371582,86100,0.0,0.0
2022-03-31 00:00:00-04:00,16.411967384580667,17.413543915032022,16.06488800048828,16.06488800048828,32900,0.0,0.0
2022-04-01 00:00:00-04:00,15.866555634230767,16.838381712881603,15.27155941965895,16.203720092773438,25600,0.0,0.0
2022-04-04 00:00:00-04:00,15.866555107767917,17.453210996832862,15.866555107767917,17.413543701171875,71500,0.0,0.0
2022-04-05 00:00:00-04:00,16.897881758650602,17.760624616119873,16.897881758650602,17.16562843322754,67400,0.0,0.0
2022-04-06 00:00:00-04:00,17.116046918058995,17.39073708296021,16.873089455505454,16.89788246154785,21200,0.0,0.0
2022-04-07 00:00:00-04:00,16.78879929692928,16.78879929692928,16.044063394840936,16.461551666259766,24800,0.0,0.0
2022-04-08 00:00:00-04:00,16.45163396502657,16.732272696446923,16.010345717500268,16.114469528198242,27300,0.0,0.0
2022-04-11 00:00:00-04:00,16.312802755235982,16.42188403561265,14.974061787392174,15.340975761413574,78200,0.0,0.0
2022-04-12 00:00:00-04:00,15.420308120503691,16.71938270961622,15.420308120503691,15.965721130371094,39300,0.0,0.0
2022-04-13 00:00:00-04:00,16.154137435072244,16.67971586601152,15.483774887154254,15.866555213928223,91800,0.0,0.0
2022-04-14 00:00:00-04:00,15.807055815163334,19.82327794512833,15.807055815163334,19.178699493408203,371100,0.0,0.0
2022-04-18 00:00:00-04:00,19.297696733790055,19.42661355319311,17.076379246612543,18.068038940429688,416200,0.0,0.0
2022-04-19 00:00:00-04:00,17.701126081998748,18.841534362493068,17.493869567167955,18.246538162231445,72000,0.0,0.0
2022-04-20 00:00:00-04:00,18.365538164900126,19.304638512123347,18.167205467600763,18.464704513549805,60200,0.0,0.0
2022-04-21 00:00:00-04:00,18.236620987397096,19.218363847794055,17.235044479370117,17.235044479370117,52700,0.0,0.0
2022-04-22 00:00:00-04:00,17.37387841319719,17.423460641664406,15.866555213928223,15.866555213928223,66000,0.0,0.0
2022-04-25 00:00:00-04:00,15.787222167090231,15.836805340189809,14.56748027001023,15.618639945983887,72300,0.0,0.0
2022-04-26 00:00:00-04:00,15.192226557606846,16.362385325973673,15.192226557606846,16.02522087097168,26100,0.0,0.0
2022-04-27 00:00:00-04:00,15.602774365195138,16.164052810411615,15.56905754102222,15.767389297485352,28000,0.0,0.0
2022-04-28 00:00:00-04:00,15.63847401399341,17.242979448197936,15.444108613306888,16.283052444458008,64100,0.0,0.0
2022-04-29 00:00:00-04:00,16.38221897265005,16.76400819052495,15.539307835227591,15.9161376953125,19500,0.0,0.0
2022-05-02 00:00:00-04:00,15.658306706482838,16.6598822899364,15.63847400415445,16.501216888427734,5500,0.0,0.0
2022-05-03 00:00:00-04:00,15.76738876722754,16.858214809670866,15.76738876722754,16.759048461914062,22600,0.0,0.0
2022-05-04 00:00:00-04:00,16.858214307444744,17.800291745907643,16.491299399107625,17.532543182373047,33600,0.0,0.0
2022-05-05 00:00:00-04:00,17.830040852511388,19.22828087038993,16.411967186797785,17.522626876831055,57200,0.0,0.0
2022-05-06 00:00:00-04:00,18.71261946334501,18.71261946334501,16.709466405538898,16.93754768371582,17900,0.0,0.0
2022-05-09 00:00:00-04:00,16.659882140911247,17.740791361170643,13.677962410183666,14.795562744140625,198300,0.0,0.0
2022-05-10 00:00:00-04:00,15.23189223766567,15.846721121473335,14.507981130281284,14.874895095825195,38300,0.0,0.0
2022-05-11 00:00:00-04:00,15.846722031556798,15.916137910026714,14.874895950096306,15.221977233886719,27400,0.0,0.0
2022-05-12 00:00:00-04:00,14.765813205605227,15.5591402053833,13.704736688391383,15.5591402053833,55700,0.0,0.0
2022-05-13 00:00:00-04:00,15.866555126632198,16.347510684169283,15.073227181156511,16.21363639831543,41600,0.0,0.0
2022-05-16 00:00:00-04:00,16.203719754125235,17.66542519296226,15.727722603271758,16.06488800048828,127900,0.0,0.0
2022-05-17 00:00:00-04:00,17.235045195454457,17.542461072170067,16.392135942005552,16.85821533203125,58400,0.0,0.0
2022-05-18 00:00:00-04:00,16.419902138130986,17.40362726000431,16.07480308918944,16.352468490600586,25800,0.0,0.0
2022-05-19 00:00:00-04:00,16.575592294059334,17.30446279013205,16.187852603897042,16.679716110229492,49300,0.0,0.0
2022-05-20 00:00:00-04:00,16.52105002390248,17.25487795597288,16.26321828159006,16.620216369628906,45600,0.0,0.0
2022-05-23 00:00:00-04:00,16.808633286117885,16.947465043932674,16.372302472561746,16.7094669342041,18500,0.0,0.0
2022-05-24 00:00:00-04:00,16.92763156397951,16.92763156397951,16.461552164212414,16.77888298034668,9800,0.0,0.0
2022-05-25 00:00:00-04:00,16.75904793644438,17.04663014677807,16.659881591796875,16.659881591796875,12700,0.0,0.0
2022-05-26 00:00:00-04:00,16.659882920869133,18.048208073808937,16.659882920869133,17.65154266357422,42200,0.0,0.0
2022-05-27 00:00:00-04:00,17.839957015143632,19.13903063713405,17.839957015143632,19.099365234375,42900,0.0,0.0
2022-05-31 00:00:00-04:00,20.983518962856444,21.360350705588093,19.238197675347532,19.595195770263672,111300,0.0,0.0
2022-06-01 00:00:00-04:00,19.8034440915136,21.149126690725023,19.287782470337383,19.545612335205078,17300,0.0,0.0
2022-06-02 00:00:00-04:00,19.605112594710373,20.031526565551758,18.345704330002274,20.031526565551758,20100,0.0,0.0
2022-06-03 00:00:00-04:00,20.150523981995164,20.82485285320567,18.841533533852747,20.73560333251953,53200,0.0,0.0
2022-06-06 00:00:00-04:00,20.795103274840017,20.795103274840017,19.71419404809428,19.77369499206543,20800,0.0,0.0
2022-06-07 00:00:00-04:00,19.117215428186423,22.535466887077856,19.01011637812182,21.885929107666016,143500,0.0,0.0
2022-06-08 00:00:00-04:00,22.381759811263752,23.978332582380812,21.538848662182048,22.560258865356445,105700,0.0,0.0
2022-06-09 00:00:00-04:00,22.381759497202665,22.411509969614265,21.07276897414512,21.657848358154297,39300,0.0,0.0
2022-06-10 00:00:00-04:00,20.745521233464757,20.84567869784677,19.09440690646472,19.5158634185791,41500,0.0,0.0
2022-06-13 00:00:00-04:00,19.317530201715545,20.021609561318094,18.544036858263503,19.416696548461914,59600,0.0,0.0
2022-06-14 00:00:00-04:00,19.664612024755137,20.725687614582586,17.849874826395858,18.425037384033203,70100,0.0,0.0
2022-06-15 00:00:00-04:00,18.256454458933373,18.643201126784614,17.64360874973856,17.82012367248535,29500,0.0,0.0
2022-06-16 00:00:00-04:00,17.482959243783203,18.03829002380371,16.679715436371637,18.03829002380371,33800,0.0,0.0
2022-06-17 00:00:00-04:00,17.642617439333797,17.642617439333797,16.263218105737817,16.44171714782715,23600,0.0,0.0
2022-06-21 00:00:00-04:00,16.36238479049109,17.244961304232298,16.263218443775724,16.580549240112305,20600,0.0,0.0
2022-06-22 00:00:00-04:00,15.85663812671272,16.451634315645734,15.157518124862635,15.27155876159668,42000,0.0,0.0
2022-06-23 00:00:00-04:00,15.667231142122299,15.667231142122299,15.172393360588092,15.27155876159668,21000,0.0,0.0
2022-06-24 00:00:00-04:00,15.271559177754183,16.33263476635517,15.271559177754183,15.9359712600708,45700,0.0,0.0
2022-06-27 00:00:00-04:00,15.777305606901042,16.51509990601262,15.711856082117905,15.886388778686523,10400,0.0,0.0
2022-06-28 00:00:00-04:00,16.402051922183347,17.1061293831036,16.00538653927764,16.620216369628906,25200,0.0,0.0
2022-06-29 00:00:00-04:00,16.65988177025313,16.95738080738237,15.688055743467185,16.29296875,20200,0.0,0.0
2022-06-30 00:00:00-04:00,16.10455338300328,17.046630859375,15.668223528899226,17.046630859375,12300,0.0,0.0
2022-07-01 00:00:00-04:00,17.056547505160857,17.056547505160857,15.866555114962374,16.322717666625977,17200,0.0,0.0
2022-07-05 00:00:00-04:00,15.50955807588397,15.856638404065459,14.398899323406503,14.993894577026367,24400,0.0,0.0
2022-07-06 00:00:00-04:00,15.231893535810295,16.411968231201172,14.85506271444738,16.411968231201172,20000,0.0,0.0
2022-07-07 00:00:00-04:00,16.40205262253429,16.40205262253429,15.66822371340978,16.02522087097168,16400,0.0,0.0
2022-07-08 00:00:00-04:00,16.064888321480606,16.421884536743164,15.668223863556895,16.421884536743164,12200,0.0,0.0
2022-07-11 00:00:00-04:00,15.92605452101095,16.1045535726521,15.635498950323596,16.02522087097168,8500,0.0,0.0
2022-07-12 00:00:00-04:00,15.370725716173313,16.025220982449945,15.370725716173313,15.459975242614746,2300,0.0,0.0
2022-07-13 00:00:00-04:00,15.420308890695516,15.93597145517857,15.350892066955566,15.350892066955566,8600,0.0,0.0
2022-07-14 00:00:00-04:00,15.350892068150552,15.886389226812948,14.976045381095448,15.514516830444336,7500,0.0,0.0
2022-07-15 00:00:00-04:00,15.301309153526773,15.519473602044089,15.301309153526773,15.509557723999023,2700,0.0,0.0
2022-07-18 00:00:00-04:00,16.005387405870184,16.203720108061525,15.737639771064536,15.985555648803711,7500,0.0,0.0
2022-07-19 00:00:00-04:00,15.816971696095646,16.26321836264799,15.816971696095646,15.83680534362793,9000,0.0,0.0
2022-07-20 00:00:00-04:00,16.08471906475577,16.79871523316226,16.064887308976136,16.223552703857422,7700,0.0,0.0
2022-07-21 00:00:00-04:00,15.995470043037507,16.322717666625977,15.747556065086602,16.322717666625977,5400,0.0,0.0
2022-07-22 00:00:00-04:00,16.01530396721012,16.064888087664375,15.658306811423062,15.826889038085938,28500,0.0,0.0
2022-07-25 00:00:00-04:00,15.696981956575348,16.292969273481035,15.696981956575348,15.846721649169922,5500,0.0,0.0
2022-07-26 00:00:00-04:00,15.86655590142097,17.324295043945312,15.86655590142097,17.324295043945312,30200,0.0,0.0
2022-07-27 00:00:00-04:00,16.957380814749392,17.94904048939625,16.699549072368324,17.82012367248535,22600,0.0,0.0
2022-07-28 00:00:00-04:00,18.08787224123015,19.23819731267342,18.08787224123015,18.147371292114258,19600,0.0,0.0
2022-07-29 00:00:00-04:00,18.95061664706764,18.95061664706764,18.444869995117188,18.444869995117188,20100,0.0,0.0
2022-08-01 00:00:00-04:00,18.4448711901928,19.039867401123047,18.087873085346487,19.039867401123047,8000,0.0,0.0
2022-08-02 00:00:00-04:00,19.03986634691255,19.25803079254983,18.29612159729004,18.29612159729004,21900,0.0,0.0
2022-08-03 00:00:00-04:00,18.732450303721105,19.08944838527824,18.137456023046806,18.335786819458008,6000,0.0,0.0
2022-08-04 00:00:00-04:00,18.077955780189505,18.077955780189505,16.759048461914062,16.759048461914062,13900,0.0,0.0
2022-08-05 00:00:00-04:00,17.165629136441478,17.582126292384427,17.067455793077627,17.225130081176758,7900,0.0,0.0
2022-08-08 00:00:00-04:00,17.382801942751243,18.062090188429572,17.03671368129955,17.99862289428711,9900,0.0,0.0
2022-08-09 00:00:00-04:00,18.048207184048323,18.167205288099556,17.562292269610055,18.068038940429688,4000,0.0,0.0
2022-08-10 00:00:00-04:00,17.998622393346892,18.7126185567933,17.254877650717347,18.663034439086914,13500,0.0,0.0
2022-08-11 00:00:00-04:00,18.900042990119122,19.43653127234121,18.375455653714766,18.742368698120117,26000,0.0,0.0
2022-08-12 00:00:00-04:00,18.73245083103997,20.32902352801327,18.73245083103997,19.63486099243164,37100,0.0,0.0
2022-08-15 00:00:00-04:00,19.24811558145852,19.585280047515834,18.653119353625563,18.70270347595215,19800,0.0,0.0
2022-08-16 00:00:00-04:00,19.833193884955513,19.833193884955513,17.84987449645996,17.84987449645996,13000,0.0,0.0
2022-08-17 00:00:00-04:00,19.717170272206374,19.833195038177738,17.671376476385824,17.830041885375977,13900,0.0,0.0
2022-08-18 00:00:00-04:00,19.326457196099213,19.326457196099213,17.81020821186492,18.266372680664062,48300,0.0,0.0
2022-08-19 00:00:00-04:00,16.292969705378482,18.04820788560936,16.292969705378482,18.018457412719727,13700,0.0,0.0
2022-08-22 00:00:00-04:00,17.65154111030917,18.236620458335796,17.562291590004047,17.899456024169922,7600,0.0,0.0
2022-08-23 00:00:00-04:00,17.78045844249825,19.342321310438695,17.78045844249825,19.307613372802734,31900,0.0,0.0
2022-08-24 00:00:00-04:00,19.327447026167647,19.327447026167647,18.256454642441398,19.089448928833008,12700,0.0,0.0
2022-08-25 00:00:00-04:00,18.841533667946084,19.029949534228944,18.643200978023,18.95061683654785,2100,0.0,0.0
2022-08-26 00:00:00-04:00,18.85145048452518,19.33736349406995,18.752284139600786,18.841533660888672,5200,0.0,0.0
2022-08-29 00:00:00-04:00,18.831617187481765,20.666187982659913,18.79095877724812,19.85302734375,59500,0.0,0.0
2022-08-30 00:00:00-04:00,19.952193680763695,19.952193680763695,18.643201308650326,19.307613372802734,22100,0.0,0.0
2022-08-31 00:00:00-04:00,18.742367914708815,19.590236502589086,18.643201566616444,19.302656173706055,7800,0.0,0.0
2022-09-01 00:00:00-04:00,19.094406397755506,19.26298861982177,17.780458450317383,17.780458450317383,19800,0.0,0.0
2022-09-02 00:00:00-04:00,18.801867240510678,18.82170088870584,17.86970847262769,18.315954208374023,23900,0.0,0.0
2022-09-06 00:00:00-04:00,18.84153521383922,19.634862255740313,18.34570533979082,19.029951095581055,10100,0.0,0.0
2022-09-07 00:00:00-04:00,19.33736458751273,19.476196343392786,18.385372161865234,18.385372161865234,8400,0.0,0.0
2022-09-08 00:00:00-04:00,18.478588375167234,18.94169253580057,18.444871550572394,18.52420425415039,11400,0.0,0.0
2022-09-09 00:00:00-04:00,18.9407010485534,19.248115032446425,18.444871188075254,18.821701049804688,10600,0.0,0.0
2022-09-12 00:00:00-04:00,19.24811415415726,19.82327669040968,18.82170019097274,19.02003288269043,17800,0.0,0.0
2022-09-13 00:00:00-04:00,19.10928307710804,19.793526915581097,18.901033554333914,19.734027862548828,26200,0.0,0.0
2022-09-14 00:00:00-04:00,19.833194031872605,20.527356579564458,19.833194031872605,19.882776260375977,28600,0.0,0.0
2022-09-15 00:00:00-04:00,19.297696197791158,19.8331933254704,18.752284137917005,19.0596981048584,21400,0.0,0.0
2022-09-16 00:00:00-04:00,19.22828087475991,19.22828087475991,17.631710052490234,17.631710052490234,18600,0.0,0.0
2022-09-19 00:00:00-04:00,17.8102075620722,17.86970850677137,16.669799268842635,17.552377700805664,9200,0.0,0.0
2022-09-20 00:00:00-04:00,17.02679734033319,17.24496179617796,16.605342719071004,17.123979568481445,13400,0.0,0.0
2022-09-21 00:00:00-04:00,17.339169653038986,18.137455977028445,16.65492396227078,16.917713165283203,22700,0.0,0.0
2022-09-22 00:00:00-04:00,17.324294387215982,17.324294387215982,15.86655529995161,15.955804824829102,15600,0.0,0.0
2022-09-23 00:00:00-04:00,15.717806563955689,15.876471964041489,14.874895443849404,15.013728141784668,8500,0.0,0.0
2022-09-26 00:00:00-04:00,15.003811852379446,15.52244965746015,14.67656421661377,14.67656421661377,12900,0.0,0.0
2022-09-27 00:00:00-04:00,14.626980380867083,15.080168638345127,14.31163275933348,14.50004768371582,3900,0.0,0.0
2022-09-28 00:00:00-04:00,14.787629246985562,16.06488800048828,14.787629246985562,16.06488800048828,4100,0.0,0.0
2022-09-29 00:00:00-04:00,15.777305700426508,16.362385075659283,15.430225372314453,15.430225372314453,1400,0.0,0.0
2022-09-30 00:00:00-04:00,15.459975795577567,16.322718726781716,15.459975795577567,16.084720611572266,1700,0.0,0.0
2022-10-03 00:00:00-04:00,16.26321811891393,16.878047943115234,16.213635892267032,16.878047943115234,7200,0.0,0.0
2022-10-04 00:00:00-04:00,17.254878660337415,17.73583422730729,16.90779738184702,17.116046905517578,15000,0.0,0.0
2022-10-05 00:00:00-04:00,17.836982080958922,17.836982080958922,17.155711612212393,17.492876052856445,13900,0.0,0.0
2022-10-06 00:00:00-04:00,17.621794081815214,17.65154266357422,17.227112793036827,17.65154266357422,4400,0.0,0.0
2022-10-07 00:00:00-04:00,17.066461707611396,17.651541053763765,16.907796314564045,17.52956771850586,10300,0.0,0.0
2022-10-10 00:00:00-04:00,17.274711415458842,17.274711415458842,16.362384449295064,16.659881591796875,8700,0.0,0.0
2022-10-11 00:00:00-04:00,15.886388774942233,16.932590056265095,15.5591402053833,15.5591402053833,6100,0.0,0.0
2022-10-12 00:00:00-04:00,16.31081793197672,16.788798232889267,16.07480207199592,16.590465545654297,8400,0.0,0.0
2022-10-13 00:00:00-04:00,18.09778995965623,18.09778995965623,16.64996767077532,17.512710571289062,7400,0.0,0.0
2022-10-14 00:00:00-04:00,17.046630414767495,17.046630414767495,15.945887565612793,15.945887565612793,6600,0.0,0.0
2022-10-17 00:00:00-04:00,16.40205191310637,16.46155096393301,15.459974466387754,16.18388557434082,2200,0.0,0.0
2022-10-18 00:00:00-04:00,15.955804827521655,16.43180103265474,15.866555302629104,16.06488800048828,4800,0.0,0.0
2022-10-19 00:00:00-04:00,16.01530438022708,16.273136138916016,15.668224039580055,16.273136138916016,6300,0.0,0.0
2022-10-20 00:00:00-04:00,15.529390598998853,16.013321390368972,15.251726150512695,15.251726150512695,5800,0.0,0.0
2022-10-21 00:00:00-04:00,16.659881668198707,16.659881668198707,15.400474381433753,16.04009437561035,6200,0.0,0.0
2022-10-24 00:00:00-04:00,15.965722334564182,16.015304565429688,15.965722334564182,16.015304565429688,700,0.0,0.0
2022-10-25 00:00:00-04:00,15.866554866935743,15.945887565612793,15.66822312024312,15.945887565612793,1900,0.0,0.0
2022-10-26 00:00:00-04:00,15.980596156853506,15.985555514659127,14.488148165138156,14.716230392456055,14300,0.0,0.0
2022-10-27 00:00:00-04:00,15.291393007742812,15.812013984146265,15.271559359332574,15.678140640258789,5900,0.0,0.0
2022-10-28 00:00:00-04:00,15.549224838236114,16.053978520073503,15.549224838236114,15.767389297485352,1700,0.0,0.0
2022-10-31 00:00:00-04:00,15.767389297485352,15.767389297485352,15.767389297485352,15.767389297485352,1000,0.0,0.0
2022-11-01 00:00:00-04:00,15.598806912948344,16.262227884800062,15.370725631713867,15.370725631713867,9900,0.0,0.0
2022-11-02 00:00:00-04:00,15.271558939606013,16.263218635573168,15.271558939606013,15.340975761413574,4700,0.0,0.0
2022-11-03 00:00:00-04:00,15.340975761413574,15.340975761413574,15.340975761413574,15.340975761413574,300,0.0,0.0
2022-11-04 00:00:00-04:00,14.894729004971063,15.275526152103234,14.884812181093363,14.924478530883789,12200,0.0,0.0
2022-11-07 00:00:00-05:00,14.220400450128906,15.221976988245581,14.220400450128906,14.626980781555176,6100,0.0,0.0
2022-11-08 00:00:00-05:00,14.626980350540013,15.08314384336872,14.626980350540013,15.053394317626953,3400,0.0,0.0
2022-11-09 00:00:00-05:00,15.281475806536545,15.281475806536545,14.220400231496631,14.460381507873535,5000,0.0,0.0
2022-11-10 00:00:00-05:00,14.77572937565916,14.77572937565916,13.974468711768827,14.081567764282227,7800,0.0,0.0
2022-11-11 00:00:00-05:00,14.081568023532384,14.527814714367484,14.081568023532384,14.13115119934082,3500,0.0,0.0
2022-11-14 00:00:00-05:00,14.230317550957695,14.384024544815475,14.13115119934082,14.13115119934082,4700,0.0,0.0
2022-11-15 00:00:00-05:00,14.379065592045531,14.978028139220584,14.379065592045531,14.904644966125488,8800,0.0,0.0
2022-11-16 00:00:00-05:00,15.668223314932616,15.668223314932616,14.90464489852752,15.411383628845215,5700,0.0,0.0
2022-11-17 00:00:00-05:00,14.795562744140625,14.795562744140625,14.795562744140625,14.795562744140625,600,0.0,0.0
2022-11-18 00:00:00-05:00,14.835229085755731,15.231892585754395,14.835229085755731,15.231892585754395,1100,0.0,0.0
2022-11-21 00:00:00-05:00,14.438565686319087,15.112893641013388,14.289816163493288,14.339399337768555,5100,0.0,0.0
2022-11-22 00:00:00-05:00,14.736062573231166,14.979019082480534,14.686480345575664,14.83522891998291,2400,0.0,0.0
2022-11-23 00:00:00-05:00,14.82927956723379,14.82927956723379,14.379065596045805,14.795562744140625,1900,0.0,0.0
2022-11-25 00:00:00-05:00,14.458398213200718,14.77572901156023,14.37906551361084,14.37906551361084,2100,0.0,0.0
2022-11-28 00:00:00-05:00,14.39889924459714,14.39889924459714,13.893152572498066,14.359231948852539,1600,0.0,0.0
2022-11-29 00:00:00-05:00,14.37906551361084,14.44848138932189,14.303699165284343,14.37906551361084,3400,0.0,0.0
2022-11-30 00:00:00-05:00,14.379066032799862,14.825312720535777,13.93281934506395,14.478232383728027,3400,0.0,0.0
2022-12-01 00:00:00-05:00,14.40683238408685,14.478232383728027,14.40683238408685,14.478232383728027,1200,0.0,0.0
2022-12-02 00:00:00-05:00,14.379066047065713,14.38104922277098,14.041901588439941,14.041901588439941,3200,0.0,0.0
2022-12-05 00:00:00-05:00,14.349315711136894,14.349315711136894,13.020491600036621,13.020491600036621,5700,0.0,0.0
2022-12-06 00:00:00-05:00,13.060157945262487,13.337822388394677,12.693243980407715,12.693243980407715,5200,0.0,0.0
2022-12-07 00:00:00-05:00,12.812243728001382,12.96099230852526,12.643661499023438,12.643661499023438,1500,0.0,0.0
2022-12-08 00:00:00-05:00,12.68927737731514,12.908434842418714,12.581187208689858,12.643661499023438,5500,0.0,0.0
2022-12-09 00:00:00-05:00,12.643661591008378,12.660520003172902,12.494913009402328,12.514745712280273,5700,0.0,0.0
2022-12-12 00:00:00-05:00,12.514745451965808,12.514745451965808,12.46516227722168,12.46516227722168,600,0.0,0.0
2022-12-13 00:00:00-05:00,12.693243980407715,13.08990747059656,12.494912235313292,12.693243980407715,1100,0.0,0.0
2022-12-14 00:00:00-05:00,12.792409896850586,12.792409896850586,12.792409896850586,12.792409896850586,1000,0.0,0.0
2022-12-15 00:00:00-05:00,12.782493591308594,12.782493591308594,12.782493591308594,12.782493591308594,500,0.0,0.0
2022-12-16 00:00:00-05:00,13.962568550710674,13.962568550710674,13.139491072399153,13.684904098510742,3100,0.0,0.0
2022-12-19 00:00:00-05:00,13.635321176123488,13.635321176123488,12.89157638469857,12.978842735290527,3100,0.0,0.0
2022-12-20 00:00:00-05:00,12.941158812755072,12.951075636374402,12.415579455295175,12.931241989135742,4000,0.0,0.0
2022-12-21 00:00:00-05:00,13.538138611588389,13.538138611588389,13.37748908996582,13.37748908996582,800,0.0,0.0
2022-12-22 00:00:00-05:00,13.37748908996582,13.37748908996582,13.37748908996582,13.37748908996582,200,0.0,0.0
2022-12-23 00:00:00-05:00,13.286256130577176,13.286256130577176,12.891575813293457,12.891575813293457,1600,0.0,0.0
2022-12-27 00:00:00-05:00,13.516321343294068,13.565904515672942,12.392770572471026,12.822159767150879,3600,0.0,0.0
2022-12-28 00:00:00-05:00,12.859843182914426,13.139490805082723,12.445329215845069,13.03933334350586,2500,0.0,0.0
2022-12-29 00:00:00-05:00,12.792410079547313,12.792410079547313,12.594078323608676,12.643661499023438,1600,0.0,0.0
2022-12-30 00:00:00-05:00,12.693244415058528,12.693244415058528,12.296579965566467,12.3759126663208,3600,0.0,0.0
2023-01-03 00:00:00-05:00,12.237080917970738,12.44433743327691,12.098248218732486,12.266830444335938,6700,0.0,0.0
2023-01-04 00:00:00-05:00,12.464170645499461,12.464170645499461,12.365996360778809,12.365996360778809,2100,0.0,0.0
2023-01-05 00:00:00-05:00,12.395746231079102,12.445329405147495,12.395746231079102,12.395746231079102,1900,0.0,0.0
2023-01-06 00:00:00-05:00,12.812243045801106,12.812243045801106,12.44532908042121,12.798359870910645,2000,0.0,0.0
2023-01-09 00:00:00-05:00,12.84992628839805,13.377488828513938,12.841992640252101,12.891575813293457,2400,0.0,0.0
2023-01-10 00:00:00-05:00,12.702169004953706,12.901492814808519,12.702169004953706,12.742827415466309,4000,0.0,0.0
2023-01-11 00:00:00-05:00,12.742827415466309,12.742827415466309,12.742827415466309,12.742827415466309,0,0.0,0.0
2023-01-12 00:00:00-05:00,12.742827415466309,12.742827415466309,12.742827415466309,12.742827415466309,1000,0.0,0.0
2023-01-13 00:00:00-05:00,13.0899076461792,13.09982446999703,13.0899076461792,13.0899076461792,600,0.0,0.0
2023-01-17 00:00:00-05:00,12.841992474468249,13.618461984710088,12.841992474468249,13.149407386779785,1800,0.0,0.0
2023-01-18 00:00:00-05:00,13.139491416789868,13.387406349182129,13.139491416789868,13.387406349182129,3100,0.0,0.0
2023-01-19 00:00:00-05:00,13.635320580692756,13.684903753766621,13.635320580692756,13.65515422821045,2700,0.0,0.0
2023-01-20 00:00:00-05:00,13.308073043823242,13.308073043823242,13.308073043823242,13.308073043823242,400,0.0,0.0
2023-01-23 00:00:00-05:00,13.089908322425114,13.531197547912598,13.089908322425114,13.531197547912598,5200,0.0,0.0
2023-01-24 00:00:00-05:00,13.531197547912598,13.531197547912598,13.531197547912598,13.531197547912598,0,0.0,0.0
2023-01-25 00:00:00-05:00,13.387405603399703,13.394347190856934,13.387405603399703,13.394347190856934,900,0.0,0.0
2023-01-26 00:00:00-05:00,13.387406169468756,13.645237922668457,13.17915759122598,13.645237922668457,1400,0.0,0.0
2023-01-27 00:00:00-05:00,13.422114372253418,13.422114372253418,13.422114372253418,13.422114372253418,300,0.0,0.0
2023-01-30 00:00:00-05:00,13.422114372253418,13.422114372253418,13.422114372253418,13.422114372253418,0,0.0,0.0
2023-01-31 00:00:00-05:00,13.61846243040758,13.61846243040758,13.387405917577016,13.486572265625,1300,0.0,0.0
2023-02-01 00:00:00-05:00,13.402280807495117,13.402280807495117,13.402280807495117,13.402280807495117,200,0.0,0.0
2023-02-02 00:00:00-05:00,13.479630859823068,13.479630859823068,13.010575294494629,13.010575294494629,8000,0.0,0.0
2023-02-03 00:00:00-05:00,13.665070373963495,13.665070373963495,12.94115924835205,12.94115924835205,1900,0.0,0.0
2023-02-06 00:00:00-05:00,12.960991771439266,12.960991771439266,12.683327324631213,12.871742248535156,4800,0.0,0.0
2023-02-07 00:00:00-05:00,13.099824561035081,13.099824561035081,13.026441388281672,13.070075035095215,1900,0.0,0.0
2023-02-08 00:00:00-05:00,13.144449899717536,13.317990542470858,13.144449899717536,13.316998481750488,1700,0.0,0.0
2023-02-09 00:00:00-05:00,13.31997295248198,13.327905654907227,13.07999073543133,13.327905654907227,4700,0.0,0.0
2023-02-10 00:00:00-05:00,13.466739008854239,14.874895895999858,13.361623130816183,14.478232383728027,13200,0.0,0.0
2023-02-13 00:00:00-05:00,14.12123402047667,15.261643252555466,13.883235917436371,14.319565773010254,7600,0.0,0.0
2023-02-14 00:00:00-05:00,14.279899690648827,14.279899690648827,13.512355841217083,13.718620300292969,12000,0.0,0.0
2023-02-15 00:00:00-05:00,13.55598804953948,13.623420749636068,12.951075978581995,13.288239479064941,14900,0.0,0.0
2023-02-16 00:00:00-05:00,13.927860889556444,13.927860889556444,13.288239914075245,13.29815673828125,14400,0.0,0.0
2023-02-17 00:00:00-05:00,13.189073992916766,13.189073992916766,13.0899076461792,13.0899076461792,9600,0.0,0.0
2023-02-21 00:00:00-05:00,13.407239300379539,13.698786920380988,12.455245971679688,12.455245971679688,37700,0.0,0.0
2023-02-22 00:00:00-05:00,12.57424545678249,12.693244508792748,12.356080055236816,12.356080055236816,6800,0.0,0.0
2023-02-23 00:00:00-05:00,12.243030036520324,12.683327173206413,12.243030036520324,12.634736061096191,8700,0.0,0.0
2023-02-24 00:00:00-05:00,12.691260889661729,12.691260889661729,12.207331050107902,12.56432819366455,4400,0.0,0.0
2023-02-27 00:00:00-05:00,12.812243027464369,12.91140937287176,12.681343981130013,12.693243980407715,4100,0.0,0.0
2023-02-28 00:00:00-05:00,12.901492817868258,12.901492817868258,12.25096392383461,12.415579795837402,5100,0.0,0.0
2023-03-01 00:00:00-05:00,12.574244878334373,12.759684562683105,12.574244878334373,12.759684562683105,1100,0.0,0.0
2023-03-02 00:00:00-05:00,12.507803775553207,12.753735526135069,12.39574631211508,12.594078063964844,2200,0.0,0.0
2023-03-03 00:00:00-05:00,12.365004388120584,13.089907559738515,12.365004388120584,12.891575813293457,6900,0.0,0.0
2023-03-06 00:00:00-05:00,12.68332766907231,13.035367358341047,12.587136556028748,12.792409896850586,6200,0.0,0.0
2023-03-07 00:00:00-05:00,12.65357780456543,12.65357780456543,12.65357780456543,12.65357780456543,1100,0.0,0.0
2023-03-08 00:00:00-05:00,12.65357780456543,12.65357780456543,12.65357780456543,12.65357780456543,0,0.0,0.0
2023-03-09 00:00:00-05:00,12.623827507785172,12.643661155700684,12.177580832610403,12.395746231079102,9700,0.0,0.0
2023-03-10 00:00:00-05:00,12.108164696606783,12.356079615910181,12.108164696606783,12.127997398376465,1900,0.0,0.0
2023-03-13 00:00:00-04:00,12.108165381426147,12.494913017872635,12.108165381426147,12.29658031463623,8000,0.0,0.0
2023-03-14 00:00:00-04:00,12.246005157693173,12.246005157693173,11.949499130249023,11.949499130249023,800,0.0,0.0
2023-03-15 00:00:00-04:00,12.004040028315185,12.004040028315185,10.908256530761719,10.908256530761719,3900,0.0,0.0
2023-03-16 00:00:00-04:00,10.660341606837408,11.076838749924963,10.412426685748166,11.017338752746582,5200,0.0,0.0
2023-03-17 00:00:00-04:00,11.017339279546118,11.930658369152756,10.563159886535873,10.898340225219727,1400,0.0,0.0
2023-03-20 00:00:00-04:00,11.235504463374472,11.453669864856417,11.235504463374472,11.327729225158691,1600,0.0,0.0
2023-03-21 00:00:00-04:00,11.106588107967989,11.701584287887135,10.878506837955209,11.166088104248047,6600,0.0,0.0
2023-03-22 00:00:00-04:00,11.344586379586072,11.711501295247459,11.106588282173584,11.671834945678711,4000,0.0,0.0
2023-03-23 00:00:00-04:00,11.40904509520935,11.40904509520935,10.98362317729664,11.382269859313965,2400,0.0,0.0
2023-03-24 00:00:00-04:00,10.789258042752408,11.642085075378418,10.789258042752408,11.642085075378418,1000,0.0,0.0
2023-03-27 00:00:00-04:00,11.285087154201571,11.85033286327647,11.285087154201571,11.602417945861816,2100,0.0,0.0
2023-03-28 00:00:00-04:00,11.344586883560241,11.572669113003194,11.200796714630906,11.552835464477539,4300,0.0,0.0
2023-03-29 00:00:00-04:00,11.637126319461295,11.637126319461295,11.285087577474247,11.612335205078125,3600,0.0,0.0
2023-03-30 00:00:00-04:00,11.780917234366818,11.780917234366818,11.655967712402344,11.655967712402344,700,0.0,0.0
2023-03-31 00:00:00-04:00,10.977672881243283,11.288063049316406,10.977672881243283,11.288063049316406,1500,0.0,0.0
2023-04-03 00:00:00-04:00,12.891575903409347,13.347739396281876,12.395746060970525,13.198990821838379,61200,0.0,0.0
2023-04-04 00:00:00-04:00,13.347739873428507,13.347739873428507,12.157748398180342,12.550445556640625,19100,0.0,0.0
2023-04-05 00:00:00-04:00,12.742827415466309,13.198990911435354,12.742827415466309,12.742827415466309,4800,0.0,0.0
2023-04-06 00:00:00-04:00,12.742827600197586,12.742827600197586,11.99908282070871,12.157748222351074,7700,0.0,0.0
2023-04-10 00:00:00-04:00,12.445329904757944,13.456822346045168,12.276747673590004,12.553421020507812,5100,0.0,0.0
2023-04-11 00:00:00-04:00,12.375912901353967,12.550445602904398,12.324347496032715,12.324347496032715,8200,0.0,0.0
2023-04-12 00:00:00-04:00,12.584161017329905,13.040324511375076,12.098247997463632,12.700185775756836,27900,0.0,0.0
2023-04-13 00:00:00-04:00,12.891575813293457,13.20196502012298,12.742827239889756,12.891575813293457,10700,0.0,0.0
2023-04-14 00:00:00-04:00,12.683327067607749,13.258489597200567,12.494912147521973,12.494912147521973,4000,0.0,0.0
2023-04-17 00:00:00-04:00,12.812243283002134,13.724570274353027,12.276747087706644,13.724570274353027,20300,0.0,0.0
2023-04-18 00:00:00-04:00,13.674986915216934,13.674986915216934,12.346162796020508,12.346162796020508,3600,0.0,0.0
2023-04-19 00:00:00-04:00,12.07048212322577,13.050241849813565,12.07048212322577,12.261872291564941,2800,0.0,0.0
2023-04-20 00:00:00-04:00,12.217247133949789,12.425495707629404,12.078415381976965,12.244022369384766,3300,0.0,0.0
2023-04-21 00:00:00-04:00,12.217247100254616,12.51474519693648,12.147831224459653,12.19741439819336,1700,0.0,0.0
2023-04-24 00:00:00-04:00,12.296579799940394,12.296579799940394,12.172622338466317,12.19741439819336,1000,0.0,0.0
2023-04-25 00:00:00-04:00,12.147831220137535,12.389796616097337,12.048664872705404,12.08833122253418,4500,0.0,0.0
2023-04-26 00:00:00-04:00,12.532594361009362,12.532594361009362,11.93958230614583,12.058581352233887,5400,0.0,0.0
2023-04-27 00:00:00-04:00,12.096264700188245,12.182538986206055,12.096264700188245,12.182538986206055,700,0.0,0.0
2023-04-28 00:00:00-04:00,11.810666868146459,11.810666868146459,11.701584641675423,11.741250991821289,2200,0.0,0.0
2023-05-01 00:00:00-04:00,11.734309662825623,11.96139982977515,11.681751251220703,11.681751251220703,3000,0.0,0.0
2023-05-02 00:00:00-04:00,11.67183512229646,11.67183512229646,11.185921150575998,11.19583797454834,1300,0.0,0.0
2023-05-03 00:00:00-04:00,11.50325296373717,11.50325296373717,10.739674536446921,10.747608184814453,2500,0.0,0.0
2023-05-04 00:00:00-04:00,10.747608184814453,10.747608184814453,10.747608184814453,10.747608184814453,0,0.0,0.0
2023-05-05 00:00:00-04:00,11.51316832424731,11.51316832424731,10.581008658984054,11.022296905517578,3400,0.0,0.0
2023-05-08 00:00:00-04:00,10.64050848402765,10.69009165983517,10.64050848402765,10.68017578125,1200,0.0,0.0
2023-05-09 00:00:00-04:00,10.840824185332652,10.840824185332652,10.630592431245312,10.719841957092285,1100,0.0,0.0
2023-05-10 00:00:00-04:00,11.394170017701862,11.394170017701862,10.46399346765812,10.481842994689941,3700,0.0,0.0
2023-05-11 00:00:00-04:00,11.255337891682798,11.513168693065936,10.243844551070712,10.452093124389648,4800,0.0,0.0
2023-05-12 00:00:00-04:00,10.442176828124415,10.5314263563023,10.333094596862793,10.333094596862793,1800,0.0,0.0
2023-05-15 00:00:00-04:00,10.977672763190915,10.977672763190915,10.610758781433105,10.610758781433105,700,0.0,0.0
2023-05-16 00:00:00-04:00,10.908256442065728,11.354503107369798,10.729757397655954,10.81900691986084,10300,0.0,0.0
2023-05-17 00:00:00-04:00,10.809090477929107,11.382269859313965,10.809090477929107,11.382269859313965,5100,0.0,0.0
2023-05-18 00:00:00-04:00,10.949906004478768,11.582585364498536,10.920156478881836,10.920156478881836,16800,0.0,0.0
2023-05-19 00:00:00-04:00,11.13633824149774,11.354503645480005,10.941973783047828,11.08179759979248,2800,0.0,0.0
2023-05-22 00:00:00-04:00,10.778349366588303,10.778349366588303,10.729757308959961,10.729757308959961,600,0.0,0.0
2023-05-23 00:00:00-04:00,10.908256706399545,10.988581467474482,10.65042495727539,10.65042495727539,2700,0.0,0.0
2023-05-24 00:00:00-04:00,11.374337018591266,11.840416396459084,11.156171619889497,11.304920196533203,13700,0.0,0.0
2023-05-25 00:00:00-04:00,11.086755492539778,11.344586289836702,10.61075835576014,10.92809009552002,5400,0.0,0.0
2023-05-26 00:00:00-04:00,10.87850726783568,10.87850726783568,10.73967456817627,10.73967456817627,3300,0.0,0.0
2023-05-30 00:00:00-04:00,10.987589719991709,11.176005598076493,10.667283672967992,10.79719066619873,6200,0.0,0.0
2023-05-31 00:00:00-04:00,11.076839279569521,11.235504685338041,10.61075894083418,10.898340225219727,5600,0.0,0.0
2023-06-01 00:00:00-04:00,11.780917551672077,11.780917551672077,10.610758782959138,10.719841957092285,2900,0.0,0.0
2023-06-02 00:00:00-04:00,10.908257123081965,11.205755233764648,10.809090770947597,11.205755233764648,1300,0.0,0.0
2023-06-05 00:00:00-04:00,11.880083211118285,11.880083211118285,10.809090769391176,10.882473945617676,5600,0.0,0.0
2023-06-06 00:00:00-04:00,10.819006828005628,10.819006828005628,10.214094770904394,10.566133499145508,11300,0.0,0.0
2023-06-07 00:00:00-04:00,10.422343512273404,10.908256530761719,10.422343512273404,10.908256530761719,1200,0.0,0.0
2023-06-08 00:00:00-04:00,10.848756966196927,11.11650554566601,10.543326157009474,10.918173789978027,4300,0.0,0.0
2023-06-09 00:00:00-04:00,10.918173267819023,10.918173267819023,10.709924697875977,10.709924697875977,1200,0.0,0.0
2023-06-12 00:00:00-04:00,10.71984188038792,10.769424109307769,10.3033447265625,10.3033447265625,10200,0.0,0.0
2023-06-13 00:00:00-04:00,10.719842101178523,11.592501831650768,10.491759871423874,11.334671020507812,26600,0.0,0.0
2023-06-14 00:00:00-04:00,11.780917340963937,11.959416389465332,11.265253843391191,11.959416389465332,4200,0.0,0.0
2023-06-15 00:00:00-04:00,11.71150129236544,12.732910502799632,11.71150129236544,11.780917167663574,17100,0.0,0.0
2023-06-16 00:00:00-04:00,11.98916616938716,12.529620792592283,11.711501712513096,12.118082046508789,5500,0.0,0.0
2023-06-20 00:00:00-04:00,12.187497751254703,12.187497751254703,11.89991647428822,11.939582824707031,4900,0.0,0.0
2023-06-21 00:00:00-04:00,12.273772133748452,12.273772133748452,11.919750213623047,11.919750213623047,900,0.0,0.0
2023-06-22 00:00:00-04:00,11.919750213623047,11.919750213623047,11.919750213623047,11.919750213623047,400,0.0,0.0
2023-06-23 00:00:00-04:00,12.157748227484102,12.52466220536708,11.721417427062988,11.721417427062988,5500,0.0,0.0
2023-06-26 00:00:00-04:00,11.72141757690429,11.98321568221551,11.72141757690429,11.90388298034668,2500,0.0,0.0
2023-06-27 00:00:00-04:00,13.38740630093509,13.38740630093509,11.880083063476603,12.534579277038574,5300,0.0,0.0
2023-06-28 00:00:00-04:00,12.39673830171744,12.554411641602671,11.949499565499613,11.959416389465332,3700,0.0,0.0
2023-06-29 00:00:00-04:00,11.81661765118513,12.643661499023438,11.81661765118513,12.643661499023438,900,0.0,0.0
2023-06-30 00:00:00-04:00,12.643660888824446,12.643660888824446,11.899916130658301,11.909832954406738,1600,0.0,0.0
2023-07-03 00:00:00-04:00,11.919750039322842,12.385829417066995,11.919750039322842,11.959416389465332,2700,0.0,0.0
2023-07-05 00:00:00-04:00,11.691667376745253,11.970323877941308,11.513168334960938,11.513168334960938,4800,0.0,0.0
2023-07-06 00:00:00-04:00,11.453669808583644,12.209314588777858,11.265253934591176,11.503252983093262,6800,0.0,0.0
2023-07-07 00:00:00-04:00,11.60241828393167,12.177580833435059,11.60241828393167,12.177580833435059,2500,0.0,0.0
2023-07-10 00:00:00-04:00,12.326330448026184,12.326330448026184,11.914791707871155,12.157748222351074,1600,0.0,0.0
2023-07-11 00:00:00-04:00,11.964373593582406,11.977265653599448,11.899916130658301,11.909832954406738,2200,0.0,0.0
2023-07-12 00:00:00-04:00,11.85925798056419,12.335255127994447,11.85925798056419,11.959416389465332,2900,0.0,0.0
2023-07-13 00:00:00-04:00,12.335255542685301,12.732911118163441,11.9693326700998,12.569287300109863,17300,0.0,0.0
2023-07-14 00:00:00-04:00,12.405662881828782,12.633744155350378,12.088331139653887,12.10816478729248,4900,0.0,0.0
2023-07-17 00:00:00-04:00,12.118081780304639,12.395746231079102,12.118081780304639,12.395746231079102,1000,0.0,0.0
2023-07-18 00:00:00-04:00,12.599036132641862,13.114699619119374,12.494912320403344,12.891575813293457,19100,0.0,0.0
2023-07-19 00:00:00-04:00,12.72299393543064,12.846951398516067,12.72299393543064,12.757701873779297,600,0.0,0.0
2023-07-20 00:00:00-04:00,12.703161401630377,13.070075383744237,12.703161401630377,12.881659507751465,1700,0.0,0.0
2023-07-21 00:00:00-04:00,12.931242779745432,13.021483421325684,12.931242779745432,13.021483421325684,600,0.0,0.0
2023-07-24 00:00:00-04:00,12.603994458685134,12.693243980407715,12.603994458685134,12.693243980407715,700,0.0,0.0
2023-07-25 00:00:00-04:00,12.77852629224561,12.891575813293457,12.72795200426124,12.891575813293457,1100,0.0,0.0
2023-07-26 00:00:00-04:00,12.805301615282161,12.805301615282161,12.65357780456543,12.65357780456543,500,0.0,0.0
2023-07-27 00:00:00-04:00,13.089908178769834,13.089908178769834,12.7527437210083,12.7527437210083,3200,0.0,0.0
2023-07-28 00:00:00-04:00,13.040324559864741,13.506404879490162,13.040324559864741,13.179157257080078,4700,0.0,0.0
2023-07-31 00:00:00-04:00,13.202957791832649,13.202957791832649,12.95107650756836,12.95107650756836,3500,0.0,0.0
2023-08-01 00:00:00-04:00,13.007600213894644,13.516322135925293,12.960992275012586,13.516322135925293,1600,0.0,0.0
2023-08-02 00:00:00-04:00,13.06511722565509,13.169241044106528,12.911410231203737,13.040325164794922,3200,0.0,0.0
2023-08-03 00:00:00-04:00,13.040325164794922,13.040325164794922,13.040325164794922,13.040325164794922,0,0.0,0.0
2023-08-04 00:00:00-04:00,12.938183729219618,12.99074213844607,12.731918334960938,12.731918334960938,2300,0.0,0.0
2023-08-07 00:00:00-04:00,12.990741985131368,13.09982420778294,12.87670040494978,12.931241989135742,2000,0.0,0.0
2023-08-08 00:00:00-04:00,12.941159546927972,12.941159546927972,12.64961096858991,12.873726844787598,1100,0.0,0.0
2023-08-09 00:00:00-04:00,13.167257349305146,13.198990996811078,12.871742426400537,12.94115924835205,7100,0.0,0.0
2023-08-10 00:00:00-04:00,12.974875138496033,13.248573238115986,12.645644337836769,13.209898948669434,8200,0.0,0.0
2023-08-11 00:00:00-04:00,12.524662536484305,13.179157808698617,12.247989191149921,12.569287300109863,13800,0.0,0.0
2023-08-14 00:00:00-04:00,12.772576763836023,12.975866922131939,12.534578668131589,12.56432819366455,2800,0.0,0.0
2023-08-15 00:00:00-04:00,12.256913109360527,12.832075638953345,12.256913109360527,12.494912147521973,7700,0.0,0.0
2023-08-16 00:00:00-04:00,12.49491273071557,12.523670196533203,12.49491273071557,12.523670196533203,1800,0.0,0.0
2023-08-17 00:00:00-04:00,12.613911289196885,13.476655090114829,12.613911289196885,13.075033187866211,4400,0.0,0.0
2023-08-18 00:00:00-04:00,12.802326637588042,12.832076163930182,12.802326637588042,12.812243461608887,700,0.0,0.0
2023-08-21 00:00:00-04:00,12.792409896850586,13.079991175284578,12.494912740051584,12.792409896850586,4400,0.0,0.0
2023-08-22 00:00:00-04:00,12.713077197737089,13.000658476219241,12.713077197737089,12.901493072509766,1900,0.0,0.0
2023-08-23 00:00:00-04:00,12.901493072509766,12.901493072509766,12.901493072509766,12.901493072509766,0,0.0,0.0
2023-08-24 00:00:00-04:00,12.580195000439069,12.603995000016663,11.721417514290035,11.919750213623047,6600,0.0,0.0
2023-08-25 00:00:00-04:00,11.899916648864746,12.11708999152279,11.354503613314364,11.899916648864746,10400,0.0,0.0
2023-08-28 00:00:00-04:00,11.691667472903623,11.899916041457951,11.691667472903623,11.82058334350586,1600,0.0,0.0
2023-08-29 00:00:00-04:00,11.87016643908329,12.27674674987793,11.414994070889207,12.27674674987793,2500,0.0,0.0
2023-08-30 00:00:00-04:00,12.27674674987793,12.27674674987793,12.27674674987793,12.27674674987793,0,0.0,0.0
2023-08-31 00:00:00-04:00,12.276747268364469,12.296579970701139,11.99412440359409,12.266830444335938,5300,0.0,0.0
2023-09-01 00:00:00-04:00,11.711501635899703,12.296580072626812,11.711501635899703,11.919750213623047,3100,0.0,0.0
2023-09-05 00:00:00-04:00,11.979249435515264,12.430454535982108,11.979249435515264,11.989166259765625,3800,0.0,0.0
2023-09-06 00:00:00-04:00,12.028832091052243,12.343187651291995,11.989165741485952,11.999082565307617,2200,0.0,0.0
2023-09-07 00:00:00-04:00,11.989165707391354,12.116098403930664,11.989165707391354,12.116098403930664,1600,0.0,0.0
2023-09-08 00:00:00-04:00,12.098248354410757,12.425495985259117,12.098248354410757,12.398721694946289,5400,0.0,0.0
2023-09-11 00:00:00-04:00,12.108164530845917,12.385828971862793,12.108164530845917,12.385828971862793,900,0.0,0.0
2023-09-12 00:00:00-04:00,12.36599636953301,13.288239221022163,12.068498278911841,12.911409378051758,10000,0.0,0.0
2023-09-13 00:00:00-04:00,12.891575813293457,12.891575813293457,12.891575813293457,12.891575813293457,500,0.0,0.0
2023-09-14 00:00:00-04:00,13.139491404791313,13.377489512697652,13.015533938708376,13.2822904586792,3700,0.0,0.0
2023-09-15 00:00:00-04:00,13.347739306738635,13.347739306738635,13.1097412109375,13.1097412109375,7200,0.0,0.0
2023-09-18 00:00:00-04:00,13.11965708527518,13.3427808911011,12.891575813293457,12.891575813293457,3200,0.0,0.0
2023-09-19 00:00:00-04:00,13.288240005751272,13.288240005751272,13.089908248864916,13.278324127197266,1100,0.0,0.0
2023-09-20 00:00:00-04:00,13.238657678298905,13.288239907864941,12.921325923897909,13.029417037963867,2800,0.0,0.0
2023-09-21 00:00:00-04:00,13.020492386183697,13.090900325464858,12.554412047644913,12.84199333190918,7500,0.0,0.0
2023-09-22 00:00:00-04:00,12.494912906327082,12.747785303827241,12.494912906327082,12.593087196350098,1800,0.0,0.0
2023-09-25 00:00:00-04:00,12.544494887368451,12.8191850492794,12.51474536102631,12.812243461608887,3900,0.0,0.0
2023-09-26 00:00:00-04:00,12.73191826212589,12.73191826212589,12.584160804748535,12.584160804748535,1000,0.0,0.0
2023-09-27 00:00:00-04:00,12.534578923477637,12.94115924835205,12.494912573385507,12.94115924835205,10200,0.0,0.0
2023-09-28 00:00:00-04:00,12.594077975755637,12.94115924835205,12.594077975755637,12.94115924835205,600,0.0,0.0
2023-09-29 00:00:00-04:00,13.05024126236668,13.05024126236668,12.693244117345351,12.87967586517334,2500,0.0,0.0
2023-10-02 00:00:00-04:00,12.842985417814266,12.842985417814266,12.165681260103636,12.29658031463623,8600,0.0,0.0
2023-10-03 00:00:00-04:00,12.48499613351034,12.703161538588697,12.131965323113935,12.58118724822998,5600,0.0,0.0
2023-10-04 00:00:00-04:00,12.841992551407165,12.851909375090901,12.296579543166322,12.802326202392578,4000,0.0,0.0
2023-10-05 00:00:00-04:00,12.13494010706637,12.822160114432751,12.13494010706637,12.524662017822266,5800,0.0,0.0
2023-10-06 00:00:00-04:00,11.949499129749922,12.594077532490314,11.909832781053904,12.058581352233887,7000,0.0,0.0
2023-10-09 00:00:00-04:00,12.467144966125488,12.467144966125488,12.467144966125488,12.467144966125488,800,0.0,0.0
2023-10-10 00:00:00-04:00,12.48003759967575,12.683327766384318,12.48003759967575,12.663495063781738,3500,0.0,0.0
2023-10-11 00:00:00-04:00,12.380871234269193,12.394754409790039,12.380871234269193,12.394754409790039,600,0.0,0.0
2023-10-12 00:00:00-04:00,12.207331304483668,12.395746231079102,12.207331304483668,12.395746231079102,2200,0.0,0.0
2023-10-13 00:00:00-04:00,12.395745802201045,12.891575634289087,12.395745802201045,12.603994369506836,7700,0.0,0.0
2023-10-16 00:00:00-04:00,12.3759126663208,12.3759126663208,12.3759126663208,12.3759126663208,500,0.0,0.0
2023-10-17 00:00:00-04:00,12.405662619081317,12.832075631355716,12.385828971862793,12.385828971862793,4800,0.0,0.0
2023-10-18 00:00:00-04:00,12.415579878994613,13.38740592956543,12.36599670492622,12.395746231079102,8200,0.0,0.0
2023-10-19 00:00:00-04:00,12.306496707733457,12.31145511971267,12.177580833435059,12.177580833435059,2500,0.0,0.0
2023-10-20 00:00:00-04:00,12.385829488092494,12.871742516554512,12.220222498940952,12.594078063964844,6100,0.0,0.0
2023-10-23 00:00:00-04:00,12.703160890600744,12.891575813293457,12.703160890600744,12.891575813293457,1500,0.0,0.0
2023-10-24 00:00:00-04:00,12.494912235313292,12.822159851149179,12.415579537275523,12.693243980407715,6900,0.0,0.0
2023-10-25 00:00:00-04:00,12.878684785273174,12.878684785273174,12.435412406921387,12.435412406921387,1500,0.0,0.0
2023-10-26 00:00:00-04:00,12.346163130696556,12.92132568359375,12.296579956332236,12.92132568359375,2200,0.0,0.0
2023-10-27 00:00:00-04:00,12.92132568359375,12.92132568359375,12.92132568359375,12.92132568359375,0,0.0,0.0
2023-10-30 00:00:00-04:00,12.346162796020508,12.346162796020508,12.346162796020508,12.346162796020508,400,0.0,0.0
2023-10-31 00:00:00-04:00,12.652585983276367,12.652585983276367,12.652585983276367,12.652585983276367,100,0.0,0.0
2023-11-01 00:00:00-04:00,12.652585983276367,12.652585983276367,12.652585983276367,12.652585983276367,0,0.0,0.0
2023-11-02 00:00:00-04:00,12.782493728963342,12.782493728963342,12.512761983416159,12.641677856445312,1300,0.0,0.0
2023-11-03 00:00:00-04:00,12.641677856445312,12.641677856445312,12.641677856445312,12.641677856445312,0,0.0,0.0
2023-11-06 00:00:00-05:00,12.494912147521973,12.494912147521973,12.494912147521973,12.494912147521973,400,0.0,0.0
2023-11-07 00:00:00-05:00,12.494912147521973,12.494912147521973,12.494912147521973,12.494912147521973,0,0.0,0.0
2023-11-08 00:00:00-05:00,12.018915267230577,12.018915267230577,11.899916218531704,11.999082565307617,2800,0.0,0.0
2023-11-09 00:00:00-05:00,11.414003278248327,11.91776582662548,11.414003278248327,11.761083602905273,1500,0.0,0.0
2023-11-10 00:00:00-05:00,11.248396375118457,12.246997661820336,11.248396375118457,11.63216781616211,1300,0.0,0.0
2023-11-13 00:00:00-05:00,12.14783168037898,12.14783168037898,11.661918640136719,11.661918640136719,500,0.0,0.0
2023-11-14 00:00:00-05:00,12.157748317958182,12.300547369703345,11.696626399733608,11.919750213623047,3400,0.0,0.0
2023-11-15 00:00:00-05:00,11.255337628913512,11.602417945861816,10.71091573639193,11.602417945861816,10000,0.0,0.0
2023-11-16 00:00:00-05:00,10.928090127043856,10.928090127043856,10.918173303271423,10.920156478881836,800,0.0,0.0
2023-11-17 00:00:00-05:00,11.347562135490774,11.347562135490774,11.146255142138266,11.334671020507812,1200,0.0,0.0
2023-11-20 00:00:00-05:00,10.521509246321463,11.047089576721191,10.521509246321463,11.047089576721191,2300,0.0,0.0
2023-11-21 00:00:00-05:00,11.047089576721191,11.047089576721191,11.047089576721191,11.047089576721191,0,0.0,0.0
2023-11-22 00:00:00-05:00,11.047089576721191,11.047089576721191,11.047089576721191,11.047089576721191,600,0.0,0.0
2023-11-24 00:00:00-05:00,10.422343992930049,11.334671020507812,10.303344938774742,11.334671020507812,1200,0.0,0.0
2023-11-27 00:00:00-05:00,10.343011393266043,10.920157142674805,10.343011393266043,10.769424438476562,1900,0.0,0.0
2023-11-28 00:00:00-05:00,10.97767249337503,11.096671542988917,10.779340744018555,10.779340744018555,1700,0.0,0.0
2023-11-29 00:00:00-05:00,9.91659732174745,10.52051830291748,9.91659732174745,10.52051830291748,2300,0.0,0.0
2023-11-30 00:00:00-05:00,10.466968006540302,10.466968006540302,10.313260078430176,10.313260078430176,1100,0.0,0.0
2023-12-01 00:00:00-05:00,10.412426597682995,10.42234342141558,10.27359390258789,10.27359390258789,1700,0.0,0.0
2023-12-04 00:00:00-05:00,10.055429717843172,10.065345596114794,9.539766218903344,10.050471305847168,5400,0.0,0.0
2023-12-05 00:00:00-05:00,10.263678652442831,10.263678652442831,9.916597366333008,9.916597366333008,2400,0.0,0.0
2023-12-06 00:00:00-05:00,9.99493859695872,10.333094161630868,9.886847485257867,10.323177337646484,1700,0.0,0.0
2023-12-07 00:00:00-05:00,9.986012983059346,9.986012983059346,9.867013931274414,9.867013931274414,1800,0.0,0.0
2023-12-08 00:00:00-05:00,10.114929124515584,10.114929124515584,9.896763717654538,9.916597366333008,1900,0.0,0.0
2023-12-11 00:00:00-05:00,10.090137394035372,10.164511680603027,9.966179934515822,10.164511680603027,1600,0.0,0.0
2023-12-12 00:00:00-05:00,10.043529885877975,10.065345764160156,10.043529885877975,10.065345764160156,1000,0.0,0.0
2023-12-13 00:00:00-05:00,9.748015237263811,9.99593017401156,9.5496834770097,9.67859935760498,8200,0.0,0.0
2023-12-14 00:00:00-05:00,9.678598501890388,10.100054046243468,9.66868167832435,10.09509563446045,4500,0.0,0.0
2023-12-15 00:00:00-05:00,9.92651400883572,10.065345764160156,9.90370606984962,10.065345764160156,1100,0.0,0.0
2023-12-18 00:00:00-05:00,9.638932830784057,9.94634681717389,9.638932830784057,9.718265533447266,3300,0.0,0.0
2023-12-19 00:00:00-05:00,9.843214199585862,9.843214199585862,9.698431968688965,9.698431968688965,3000,0.0,0.0
2023-12-20 00:00:00-05:00,9.619099104535449,9.926514034161773,9.619099104535449,9.84321403503418,5800,0.0,0.0
2023-12-21 00:00:00-05:00,9.738098061120235,9.75793170928955,9.582407895016775,9.75793170928955,8300,0.0,0.0
2023-12-22 00:00:00-05:00,9.698431541144847,9.698431541144847,9.47035026550293,9.47035026550293,4300,0.0,0.0
2023-12-26 00:00:00-05:00,9.4901834128966,9.629016117010478,8.974520839668703,9.316643714904785,8000,0.0,0.0
2023-12-27 00:00:00-05:00,9.138144576887843,9.175827752604704,9.038978225451846,9.172852516174316,3000,0.0,0.0
2023-12-28 00:00:00-05:00,9.222435516115272,9.321600919940789,9.212518692016602,9.212518692016602,2100,0.0,0.0
2023-12-29 00:00:00-05:00,9.123268910272973,9.192685731293173,9.043936211153063,9.053853034973145,2200,0.0,0.0
2024-01-02 00:00:00-05:00,9.26210202768305,9.888830946656016,9.26210202768305,9.554641723632812,7000,0.0,0.0
2024-01-03 00:00:00-05:00,9.589349053791718,10.087162062785069,9.589349053791718,9.857096672058105,2800,0.0,0.0
2024-01-04 00:00:00-05:00,9.61909926534054,9.986013254757111,9.529849737643456,9.698431968688965,3200,0.0,0.0
2024-01-05 00:00:00-05:00,9.554641542008488,9.732148531914218,8.94477104674507,9.648848533630371,8200,0.0,0.0
2024-01-08 00:00:00-05:00,9.69843182039345,9.69843182039345,9.625049591064453,9.625049591064453,1200,0.0,0.0
2024-01-09 00:00:00-05:00,9.64884836367665,10.04551280850343,9.64884836367665,9.797597885131836,3100,0.0,0.0
2024-01-10 00:00:00-05:00,9.895772526585228,9.895772526585228,9.698431884921257,9.718265533447266,5600,0.0,0.0
2024-01-11 00:00:00-05:00,9.718265533447266,9.718265533447266,9.718265533447266,9.718265533447266,0,0.0,0.0
2024-01-12 00:00:00-05:00,9.529848985412118,10.313260078430176,9.529848985412118,10.313260078430176,6100,0.0,0.0
2024-01-16 00:00:00-05:00,10.263678116024098,10.263678116024098,9.846188912077954,9.926513671875,3400,0.0,0.0
2024-01-17 00:00:00-05:00,10.095095805902597,10.164511680603027,10.095095805902597,10.164511680603027,1500,0.0,0.0
2024-01-18 00:00:00-05:00,10.164511680603027,10.164511680603027,10.164511680603027,10.164511680603027,700,0.0,0.0
2024-01-19 00:00:00-05:00,9.678599167387084,10.045513153076172,9.678599167387084,10.045513153076172,1400,0.0,0.0
2024-01-22 00:00:00-05:00,9.9066801071167,9.94138804506001,9.9066801071167,9.9066801071167,1600,0.0,0.0
2024-01-23 00:00:00-05:00,9.862055437725921,9.9066801999915,9.668682098388672,9.668682098388672,1400,0.0,0.0
2024-01-24 00:00:00-05:00,9.837263973066616,10.020720481872559,9.71925604143591,10.020720481872559,2900,0.0,0.0
2024-01-25 00:00:00-05:00,10.020720481872559,10.020720481872559,10.020720481872559,10.020720481872559,400,0.0,0.0
2024-01-26 00:00:00-05:00,9.797597627625416,10.114928418570253,9.797597627625416,10.075262069702148,3600,0.0,0.0
2024-01-29 00:00:00-05:00,10.085178893349264,10.085178893349264,10.075262069702148,10.075262069702148,900,0.0,0.0
2024-01-30 00:00:00-05:00,9.83726474647562,9.896763801574707,9.83726474647562,9.896763801574707,700,0.0,0.0
2024-01-31 00:00:00-05:00,9.440600637073581,9.82139778137207,9.440600637073581,9.82139778137207,5800,0.0,0.0
2024-02-01 00:00:00-05:00,9.83726474647562,9.923539038373598,9.83726474647562,9.896763801574707,1000,0.0,0.0
2024-02-02 00:00:00-05:00,9.867013931274414,9.867013931274414,9.867013931274414,9.867013931274414,800,0.0,0.0
2024-02-05 00:00:00-05:00,9.98601245880127,9.98601245880127,9.98601245880127,9.98601245880127,700,0.0,0.0
2024-02-06 00:00:00-05:00,9.98601245880127,9.98601245880127,9.98601245880127,9.98601245880127,0,0.0,0.0
2024-02-07 00:00:00-05:00,9.876931098448487,9.90172221378637,9.85709744960184,9.896763801574707,5500,0.0,0.0
2024-02-08 00:00:00-05:00,9.896763457790549,9.896763457790549,9.867013931274414,9.867013931274414,1500,0.0,0.0
2024-02-09 00:00:00-05:00,9.777764587584466,9.86701411451068,9.718265533447266,9.718265533447266,2500,0.0,0.0
2024-02-12 00:00:00-05:00,9.43068424986303,9.777764587584466,9.420767425600024,9.718265533447266,2200,0.0,0.0
2024-02-13 00:00:00-05:00,9.755948190966786,10.15459485882065,9.678598668119852,10.055429458618164,10700,0.0,0.0
2024-02-14 00:00:00-05:00,9.926513671875,9.926513671875,9.926513671875,9.926513671875,800,0.0,0.0
2024-02-15 00:00:00-05:00,9.926513671875,9.926513671875,9.926513671875,9.926513671875,1100,0.0,0.0
2024-02-16 00:00:00-05:00,9.678598498132336,10.015762933483884,9.678598498132336,9.931471824645996,2400,0.0,0.0
2024-02-20 00:00:00-05:00,9.80255629889888,9.80255629889888,9.604224549308995,9.633974075317383,2500,0.0,0.0
2024-02-21 00:00:00-05:00,9.591332913021619,9.817431022975638,9.591332913021619,9.807515144348145,4200,0.0,0.0
2024-02-22 00:00:00-05:00,9.807515228455765,9.827347931601254,9.718265699999982,9.787681579589844,2200,0.0,0.0
2024-02-23 00:00:00-05:00,9.995929365872012,9.995929365872012,9.842222382316857,9.857096672058105,900,0.0,0.0
2024-02-26 00:00:00-05:00,9.926513459654918,9.974112510681152,9.926513459654918,9.974112510681152,1200,0.0,0.0
2024-02-27 00:00:00-05:00,9.896763287320308,10.015763282775879,9.896763287320308,10.015763282775879,1700,0.0,0.0
2024-02-28 00:00:00-05:00,10.015763548213135,10.015763548213135,9.837264496019586,9.84718132019043,4100,0.0,0.0
2024-02-29 00:00:00-05:00,9.924530323259765,9.966179847717285,9.924530323259765,9.966179847717285,400,0.0,0.0
2024-03-01 00:00:00-05:00,9.966179847717285,9.966179847717285,9.966179847717285,9.966179847717285,900,0.0,0.0
2024-03-04 00:00:00-05:00,9.745039390399016,9.807514623899213,9.599266052246094,9.599266052246094,3300,0.0,0.0
2024-03-05 00:00:00-05:00,9.698431365883307,9.956263108600377,9.698431365883307,9.837264060974121,5200,0.0,0.0
2024-03-06 00:00:00-05:00,9.746032051835927,9.8799063445196,9.746032051835927,9.787681579589844,3200,0.0,0.0
2024-03-07 00:00:00-05:00,9.88585543534504,9.886847496032715,9.88585543534504,9.886847496032715,1000,0.0,0.0
2024-03-08 00:00:00-05:00,9.886847492844685,9.886847492844685,9.777764320373535,9.777764320373535,1000,0.0,0.0
2024-03-11 00:00:00-04:00,9.331517480603274,9.708348274230957,9.331517480603274,9.708348274230957,1300,0.0,0.0
2024-03-12 00:00:00-04:00,9.688516090060729,9.698431968688965,9.688516090060729,9.698431968688965,1000,0.0,0.0
2024-03-13 00:00:00-04:00,9.592325034842629,10.22401237487793,9.592325034842629,10.22401237487793,8600,0.0,0.0
2024-03-14 00:00:00-04:00,10.090137310058523,10.402509689331055,10.090137310058523,10.402509689331055,3200,0.0,0.0
2024-03-15 00:00:00-04:00,10.134762242821816,10.313260342984764,10.129803830911683,10.253761291503906,3000,0.0,0.0
2024-03-18 00:00:00-04:00,10.25376102847558,10.313260078430176,10.25376102847558,10.313260078430176,1100,0.0,0.0
2024-03-19 00:00:00-04:00,9.92155507455301,9.92651348637082,9.5298490524292,9.5298490524292,1300,0.0,0.0
2024-03-20 00:00:00-04:00,9.5298490524292,9.5298490524292,9.5298490524292,9.5298490524292,400,0.0,0.0
2024-03-21 00:00:00-04:00,9.782722902184528,10.164512121020131,9.781731787200355,9.956263542175293,2000,0.0,0.0
2024-03-22 00:00:00-04:00,9.420767411087972,10.16451220670018,9.420767411087972,9.990971565246582,1700,0.0,0.0
2024-03-25 00:00:00-04:00,9.76288960305244,10.105011504327441,9.76288960305244,9.767848014831543,2600,0.0,0.0
2024-03-26 00:00:00-04:00,9.668682098388672,9.668682098388672,9.668682098388672,9.668682098388672,400,0.0,0.0
2024-03-27 00:00:00-04:00,9.589348981236753,10.12484515943821,9.589348981236753,10.09509563446045,2200,0.0,0.0
2024-03-28 00:00:00-04:00,10.124845810142018,10.134762634345389,9.77776452878729,9.893789291381836,1400,0.0,0.0
2024-04-01 00:00:00-04:00,9.785697869046993,11.830500425927282,9.757931518728514,11.59745979309082,26900,0.0,0.0
2024-04-02 00:00:00-04:00,11.75116787548587,14.347333011880872,11.75116787548587,12.92132568359375,108800,0.0,0.0
2024-04-03 00:00:00-04:00,12.713077478008522,13.16924099314576,11.889999975044438,12.40566349029541,11100,0.0,0.0
2024-04-04 00:00:00-04:00,11.810666526423752,12.613911275787443,11.810666526423752,12.584160804748535,12400,0.0,0.0
2024-04-05 00:00:00-04:00,12.683327495676606,13.13949099444463,12.633744321647832,13.050241470336914,19200,0.0,0.0
2024-04-08 00:00:00-04:00,13.149408080412286,13.337823010611558,12.494912818207942,13.099824905395508,13900,0.0,0.0
2024-04-09 00:00:00-04:00,13.365589467048007,13.417155818156841,12.841993253155497,13.021483421325684,14500,0.0,0.0
2024-04-10 00:00:00-04:00,12.861826463505807,13.387405835197022,12.861826463505807,12.906451225280762,15300,0.0,0.0
2024-04-11 00:00:00-04:00,13.119657171912321,13.198990816734598,12.990742245162004,13.0899076461792,7200,0.0,0.0
2024-04-12 00:00:00-04:00,13.297165024995003,14.86001994473392,13.26840661437972,13.982401847839355,57800,0.0,0.0
2024-04-15 00:00:00-04:00,13.912985549903434,16.38221896135342,13.912985549903434,16.243385314941406,44400,0.0,0.0
2024-04-16 00:00:00-04:00,16.372302181075696,16.372302181075696,15.16247705958074,15.261643409729004,24900,0.0,0.0
2024-04-17 00:00:00-04:00,15.717806484917926,15.990512521729029,12.455246138468384,12.633744239807129,28000,0.0,0.0
2024-04-18 00:00:00-04:00,12.405663216801202,13.07999117747498,11.899916537005568,12.901493072509766,13000,0.0,0.0
2024-04-19 00:00:00-04:00,12.822160443023993,13.208907127380371,12.668452505975296,13.208907127380371,18400,0.0,0.0
2024-04-22 00:00:00-04:00,13.010575126087364,13.407239572774895,12.504828453063965,12.504828453063965,10500,0.0,0.0
2024-04-23 00:00:00-04:00,12.89157581544146,13.103790736887012,12.663494543421733,12.782493591308594,7000,0.0,0.0
2024-04-24 00:00:00-04:00,12.841992815008265,13.05024138803955,12.098248046428013,12.688285827636719,8100,0.0,0.0
2024-04-25 00:00:00-04:00,12.306496277511586,12.549452781677246,12.306496277511586,12.549452781677246,2000,0.0,0.0
2024-04-26 00:00:00-04:00,12.504828896458122,12.77753589054797,12.256913963133032,12.29658031463623,7200,0.0,0.0
2024-04-29 00:00:00-04:00,11.999082645417172,12.395746143728328,11.999082645417172,12.306496620178223,8000,0.0,0.0
2024-04-30 00:00:00-04:00,12.544495247961319,12.792410181286407,12.29658031463623,12.29658031463623,6100,0.0,0.0
2024-05-01 00:00:00-04:00,12.633744628460091,12.633744628460091,11.899916661318358,11.950490951538086,4100,0.0,0.0
2024-05-02 00:00:00-04:00,12.656552765338581,12.656552765338581,11.76306826507628,12.07048225402832,2800,0.0,0.0
2024-05-03 00:00:00-04:00,12.118081355562577,12.167664527893066,12.118081355562577,12.167664527893066,1200,0.0,0.0
2024-05-06 00:00:00-04:00,12.008998443408911,12.0486647929752,11.999082565307617,11.999082565307617,2300,0.0,0.0
2024-05-07 00:00:00-04:00,11.99908291936465,12.109157208160136,11.701584815979004,11.701584815979004,2100,0.0,0.0
2024-05-08 00:00:00-04:00,11.701584717108243,12.048665046691895,11.701584717108243,12.048665046691895,2600,0.0,0.0
2024-05-09 00:00:00-04:00,11.86421622020593,11.999082565307617,11.86421622020593,11.999082565307617,1700,0.0,0.0
2024-05-10 00:00:00-04:00,12.054615701483726,12.054615701483726,11.899916648864746,11.899916648864746,3500,0.0,0.0
2024-05-13 00:00:00-04:00,11.919750217891199,12.083374032895243,11.701584815979004,11.701584815979004,6800,0.0,0.0
2024-05-14 00:00:00-04:00,11.701584214458464,12.063539764539795,11.691667390853958,11.949499130249023,3500,0.0,0.0
2024-05-15 00:00:00-04:00,11.949499130249023,11.949499130249023,11.661917865760788,11.949499130249023,4800,0.0,0.0
2024-05-16 00:00:00-04:00,11.94949998881938,11.94949998881938,11.62225235212076,11.755134582519531,6900,0.0,0.0
2024-05-17 00:00:00-04:00,11.922724151669705,11.922724151669705,11.701584465718858,11.889999389648438,3200,0.0,0.0
2024-05-20 00:00:00-04:00,11.510000228881836,12.140000343322754,11.510000228881836,11.9399995803833,5500,0.1,0.0
2024-05-21 00:00:00-04:00,12.039999961853027,12.039999961853027,11.880000114440918,11.946000099182129,2300,0.0,0.0
2024-05-22 00:00:00-04:00,11.907999992370605,12.005000114440918,11.880000114440918,11.880000114440918,1300,0.0,0.0
2024-05-23 00:00:00-04:00,11.880000114440918,11.880000114440918,11.652000427246094,11.729999542236328,3400,0.0,0.0
2024-05-24 00:00:00-04:00,11.779999732971191,11.800000190734863,11.770999908447266,11.770999908447266,2100,0.0,0.0
2024-05-28 00:00:00-04:00,11.800000190734863,12.708000183105469,11.649999618530273,11.899999618530273,8100,0.0,0.0
2024-05-29 00:00:00-04:00,12.199999809265137,12.199999809265137,11.630000114440918,11.630000114440918,1000,0.0,0.0
2024-05-30 00:00:00-04:00,11.800000190734863,11.899999618530273,11.600000381469727,11.600000381469727,2800,0.0,0.0
2024-05-31 00:00:00-04:00,12.0,12.5,11.5,11.630000114440918,1900,0.0,0.0
2024-06-03 00:00:00-04:00,12.399999618530273,12.399999618530273,11.600000381469727,12.350000381469727,2100,0.0,0.0
2024-06-04 00:00:00-04:00,11.875,11.875,11.399999618530273,11.875,700,0.0,0.0
2024-06-05 00:00:00-04:00,11.875,11.875,11.875,11.875,300,0.0,0.0
2024-06-06 00:00:00-04:00,11.347999572753906,11.814000129699707,11.260000228881836,11.473999977111816,2300,0.0,0.0
2024-06-07 00:00:00-04:00,11.239999771118164,11.239999771118164,11.199999809265137,11.229999542236328,1300,0.0,0.0
2024-06-10 00:00:00-04:00,11.229999542236328,11.229999542236328,11.229999542236328,11.229999542236328,0,0.0,0.0
2024-06-11 00:00:00-04:00,10.970000267028809,11.789999961853027,10.890000343322754,11.789999961853027,1200,0.0,0.0
2024-06-12 00:00:00-04:00,11.789999961853027,11.789999961853027,11.789999961853027,11.789999961853027,400,0.0,0.0
2024-06-13 00:00:00-04:00,11.600000381469727,11.72599983215332,11.600000381469727,11.72599983215332,1300,0.0,0.0
2024-06-14 00:00:00-04:00,11.649999618530273,11.649999618530273,11.01200008392334,11.100000381469727,2100,0.0,0.0
2024-06-17 00:00:00-04:00,11.0,11.0649995803833,11.0,11.0649995803833,400,0.0,0.0
2024-06-18 00:00:00-04:00,11.0649995803833,11.0649995803833,11.0649995803833,11.0649995803833,0,0.0,0.0
2024-06-20 00:00:00-04:00,11.1899995803833,11.1899995803833,11.119999885559082,11.119999885559082,1200,0.0,0.0
2024-06-21 00:00:00-04:00,11.404999732971191,11.404999732971191,11.295999526977539,11.295999526977539,700,0.0,0.0
2024-06-24 00:00:00-04:00,11.399999618530273,11.399999618530273,10.8100004196167,10.960000038146973,16400,0.0,0.0
2024-06-25 00:00:00-04:00,11.479999542236328,11.567999839782715,11.229999542236328,11.34000015258789,3300,0.0,0.0
2024-06-26 00:00:00-04:00,11.75,11.75,11.720000267028809,11.720000267028809,800,0.0,0.0
2024-06-27 00:00:00-04:00,11.23900032043457,11.324999809265137,11.23900032043457,11.324999809265137,2000,0.0,0.0
2024-06-28 00:00:00-04:00,11.359999656677246,11.663000106811523,11.319999694824219,11.319999694824219,4000,0.0,0.0
2024-07-01 00:00:00-04:00,10.916999816894531,11.40999984741211,10.916999816894531,11.40999984741211,2100,0.0,0.0
2024-07-02 00:00:00-04:00,11.859999656677246,12.0,10.989999771118164,12.0,1600,0.0,0.0
2024-07-03 00:00:00-04:00,11.989999771118164,11.989999771118164,11.458000183105469,11.458000183105469,900,0.0,0.0
2024-07-05 00:00:00-04:00,11.859999656677246,11.859999656677246,11.859999656677246,11.859999656677246,900,0.0,0.0
2024-07-08 00:00:00-04:00,11.75,12.0,11.532999992370605,11.532999992370605,1000,0.0,0.0
2024-07-09 00:00:00-04:00,11.107999801635742,11.843000411987305,11.107999801635742,11.449999809265137,9400,0.0,0.0
2024-07-10 00:00:00-04:00,11.404999732971191,11.5,10.923999786376953,11.166999816894531,6900,0.0,0.0
2024-07-11 00:00:00-04:00,11.767999649047852,12.0,11.40999984741211,11.40999984741211,3400,0.0,0.0
2024-07-12 00:00:00-04:00,11.739999771118164,12.25,11.739999771118164,11.979999542236328,5700,0.0,0.0
2024-07-15 00:00:00-04:00,12.152999877929688,12.178999900817871,12.100000381469727,12.119999885559082,3600,0.0,0.0
2024-07-16 00:00:00-04:00,12.119999885559082,12.119999885559082,12.119999885559082,12.119999885559082,0,0.0,0.0
2024-07-17 00:00:00-04:00,12.119999885559082,12.119999885559082,12.119999885559082,12.119999885559082,400,0.0,0.0
2024-07-18 00:00:00-04:00,12.37399959564209,12.37399959564209,12.37399959564209,12.37399959564209,400,0.0,0.0
2024-07-19 00:00:00-04:00,12.37399959564209,12.37399959564209,12.37399959564209,12.37399959564209,300,0.0,0.0
2024-07-22 00:00:00-04:00,11.479999542236328,11.6899995803833,11.0,11.6899995803833,700,0.0,0.0
2024-07-23 00:00:00-04:00,11.260000228881836,11.34000015258789,11.260000228881836,11.300000190734863,2000,0.0,0.0
2024-07-24 00:00:00-04:00,11.300000190734863,11.300000190734863,11.300000190734863,11.300000190734863,0,0.0,0.0
2024-07-25 00:00:00-04:00,11.60200023651123,12.0,11.1899995803833,11.1899995803833,2900,0.0,0.0
2024-07-26 00:00:00-04:00,11.5,11.968999862670898,10.979999542236328,10.979999542236328,3200,0.0,0.0
2024-07-29 00:00:00-04:00,10.319999694824219,11.02400016784668,10.319999694824219,10.600000381469727,2500,0.0,0.0
2024-07-30 00:00:00-04:00,10.899999618530273,10.899999618530273,10.109999656677246,10.109999656677246,2900,0.0,0.0
2024-07-31 00:00:00-04:00,10.15999984741211,10.911999702453613,10.109999656677246,10.26099967956543,3700,0.0,0.0
2024-08-01 00:00:00-04:00,10.319999694824219,11.0,10.3100004196167,11.0,4800,0.0,0.0
2024-08-02 00:00:00-04:00,10.479999542236328,11.539999961853027,10.479999542236328,10.899999618530273,5300,0.0,0.0
2024-08-05 00:00:00-04:00,11.149999618530273,11.619999885559082,10.600000381469727,11.192999839782715,13900,0.0,0.0
2024-08-06 00:00:00-04:00,12.0,12.1899995803833,11.069999694824219,11.5,16100,0.0,0.0
2024-08-07 00:00:00-04:00,11.420000076293945,13.130000114440918,11.355999946594238,12.949999809265137,23900,0.0,0.0
2024-08-08 00:00:00-04:00,11.899999618530273,12.75,11.899999618530273,12.100000381469727,4700,0.0,0.0
2024-08-09 00:00:00-04:00,12.359999656677246,12.678000450134277,12.100000381469727,12.375,5000,0.0,0.0
2024-08-12 00:00:00-04:00,11.399999618530273,13.890000343322754,11.399999618530273,12.399999618530273,34900,0.0,0.0
2024-08-13 00:00:00-04:00,12.314000129699707,12.552000045776367,10.800000190734863,11.501999855041504,8600,0.0,0.0
2024-08-14 00:00:00-04:00,11.470000267028809,11.5,10.819999694824219,11.300000190734863,11000,0.0,0.0
2024-08-15 00:00:00-04:00,11.09000015258789,11.850000381469727,10.8100004196167,11.149999618530273,16100,0.0,0.0
2024-08-16 00:00:00-04:00,11.15999984741211,11.548999786376953,11.15999984741211,11.350000381469727,1000,0.0,0.0
2024-08-19 00:00:00-04:00,11.0,11.420000076293945,10.859999656677246,11.225000381469727,3000,0.0,0.0
2024-08-20 00:00:00-04:00,11.800000190734863,13.57800006866455,11.387999534606934,12.949999809265137,59600,0.0,0.0
2024-08-21 00:00:00-04:00,12.319999694824219,13.170000076293945,11.149999618530273,13.0600004196167,101100,0.0,0.0
2024-08-22 00:00:00-04:00,14.100000381469727,14.100000381469727,12.0,12.0,9600,0.0,0.0
2024-08-23 00:00:00-04:00,11.609999656677246,11.90999984741211,10.83899974822998,11.399999618530273,53600,0.0,0.0
2024-08-26 00:00:00-04:00,11.550000190734863,11.968999862670898,11.220000267028809,11.704999923706055,12200,0.0,0.0
2024-08-27 00:00:00-04:00,11.84000015258789,12.529999732971191,11.109999656677246,12.029999732971191,29700,0.0,0.0
2024-08-28 00:00:00-04:00,11.949999809265137,14.029999732971191,11.720000267028809,13.199999809265137,178500,0.0,0.0
2024-08-29 00:00:00-04:00,13.319999694824219,13.369999885559082,11.199999809265137,11.890000343322754,53600,0.0,0.0
2024-08-30 00:00:00-04:00,11.699999809265137,11.779999732971191,11.340999603271484,11.779999732971191,68400,0.0,0.0
2024-09-03 00:00:00-04:00,11.699999809265137,11.699999809265137,11.15999984741211,11.359999656677246,17000,0.0,0.0
2024-09-04 00:00:00-04:00,11.510000228881836,11.704999923706055,11.130000114440918,11.130000114440918,12700,0.0,0.0
2024-09-05 00:00:00-04:00,11.149999618530273,11.489999771118164,11.149999618530273,11.38700008392334,13600,0.0,0.0
2024-09-06 00:00:00-04:00,11.5,11.670000076293945,11.25,11.65999984741211,11100,0.0,0.0
2024-09-09 00:00:00-04:00,11.399999618530273,11.550000190734863,11.069999694824219,11.069999694824219,2200,0.0,0.0
2024-09-10 00:00:00-04:00,11.279999732971191,11.460000038146973,11.100000381469727,11.210000038146973,5800,0.0,0.0
2024-09-11 00:00:00-04:00,11.399999618530273,11.944999694824219,11.399999618530273,11.5,25600,0.0,0.0
2024-09-12 00:00:00-04:00,11.350000381469727,11.739999771118164,11.350000381469727,11.489999771118164,7900,0.0,0.0
2024-09-13 00:00:00-04:00,11.670000076293945,11.859999656677246,11.380000114440918,11.739999771118164,11900,0.0,0.0
2024-09-16 00:00:00-04:00,11.47599983215332,12.130000114440918,11.40999984741211,11.75,27200,0.0,0.0
2024-09-17 00:00:00-04:00,11.869999885559082,12.175000190734863,11.600000381469727,11.65999984741211,21400,0.0,0.0
2024-09-18 00:00:00-04:00,11.821999549865723,12.050000190734863,11.4399995803833,11.4399995803833,19500,0.0,0.0
2024-09-19 00:00:00-04:00,11.789999961853027,12.074999809265137,11.449999809265137,11.956999778747559,25800,0.0,0.0
2024-09-20 00:00:00-04:00,12.0,12.885000228881836,11.760000228881836,12.609999656677246,14200,0.0,0.0
2024-09-23 00:00:00-04:00,12.90999984741211,13.109999656677246,12.600000381469727,12.890000343322754,11500,0.0,0.0
2024-09-24 00:00:00-04:00,12.699999809265137,13.6899995803833,12.699999809265137,13.6899995803833,11100,0.0,0.0
2024-09-25 00:00:00-04:00,13.40999984741211,13.4399995803833,13.067000389099121,13.199999809265137,7500,0.0,0.0
2024-09-26 00:00:00-04:00,13.508000373840332,13.508000373840332,13.508000373840332,13.508000373840332,400,0.0,0.0
2024-09-27 00:00:00-04:00,13.350000381469727,13.350000381469727,12.420000076293945,12.430000305175781,11500,0.0,0.0
2024-09-30 00:00:00-04:00,12.144000053405762,12.427000045776367,12.140000343322754,12.140000343322754,2500,0.0,0.0
2024-10-01 00:00:00-04:00,12.0,13.199999809265137,12.0,13.199999809265137,11000,0.0,0.0
2024-10-02 00:00:00-04:00,13.109999656677246,13.598999977111816,12.902999877929688,13.220999717712402,6500,0.0,0.0
2024-10-03 00:00:00-04:00,13.09000015258789,13.611000061035156,13.09000015258789,13.170000076293945,2200,0.0,0.0
2024-10-04 00:00:00-04:00,13.020000457763672,13.581000328063965,12.949999809265137,12.949999809265137,4400,0.0,0.0
2024-10-07 00:00:00-04:00,13.010000228881836,13.779999732971191,13.010000228881836,13.25,15700,0.0,0.0
2024-10-08 00:00:00-04:00,13.444999694824219,13.444999694824219,12.90999984741211,13.149999618530273,6400,0.0,0.0
2024-10-09 00:00:00-04:00,13.640000343322754,13.640000343322754,12.899999618530273,13.1899995803833,9300,0.0,0.0
2024-10-10 00:00:00-04:00,12.9399995803833,13.470000267028809,12.9399995803833,13.204000473022461,7700,0.0,0.0
2024-10-11 00:00:00-04:00,13.052000045776367,13.545000076293945,13.052000045776367,13.545000076293945,14100,0.0,0.0
2024-10-14 00:00:00-04:00,13.050000190734863,13.130000114440918,12.083999633789062,12.199999809265137,27100,0.0,0.0
2024-10-15 00:00:00-04:00,12.199999809265137,12.324000358581543,12.005000114440918,12.024999618530273,6500,0.0,0.0
2024-10-16 00:00:00-04:00,12.329999923706055,12.329999923706055,12.329999923706055,12.329999923706055,700,0.0,0.0
2024-10-17 00:00:00-04:00,12.390000343322754,12.75,12.27400016784668,12.609999656677246,7000,0.0,0.0
2024-10-18 00:00:00-04:00,12.300000190734863,12.9350004196167,12.220000267028809,12.454999923706055,15500,0.0,0.0
2024-10-21 00:00:00-04:00,12.300000190734863,12.60200023651123,12.109999656677246,12.300000190734863,6500,0.0,0.0
2024-10-22 00:00:00-04:00,12.392000198364258,12.520000457763672,12.050000190734863,12.050000190734863,8400,0.0,0.0
2024-10-23 00:00:00-04:00,12.050000190734863,12.241999626159668,11.706000328063965,11.706000328063965,8700,0.0,0.0
2024-10-24 00:00:00-04:00,12.020000457763672,12.020000457763672,12.020000457763672,12.020000457763672,500,0.0,0.0
2024-10-25 00:00:00-04:00,12.220000267028809,12.529999732971191,11.899999618530273,12.239999771118164,10200,0.0,0.0
2024-10-28 00:00:00-04:00,11.770000457763672,12.180000305175781,11.399999618530273,12.170000076293945,5800,0.0,0.0
2024-10-29 00:00:00-04:00,11.949999809265137,11.949999809265137,11.755000114440918,11.916000366210938,3100,0.0,0.0
2024-10-30 00:00:00-04:00,11.869999885559082,11.888999938964844,11.869999885559082,11.888999938964844,1100,0.0,0.0
2024-10-31 00:00:00-04:00,11.470000267028809,11.920000076293945,11.420000076293945,11.75,16100,0.0,0.0
2024-11-01 00:00:00-04:00,11.710000038146973,11.789999961853027,11.5,11.5,1100,0.0,0.0
2024-11-04 00:00:00-05:00,11.989999771118164,11.989999771118164,11.510000228881836,11.720000267028809,7800,0.0,0.0
2024-11-05 00:00:00-05:00,11.890000343322754,12.319999694824219,11.869999885559082,12.229999542236328,9100,0.0,0.0
2024-11-06 00:00:00-05:00,11.774999618530273,12.149999618530273,11.774999618530273,12.149999618530273,4000,0.0,0.0
2024-11-07 00:00:00-05:00,12.239999771118164,12.239999771118164,11.649999618530273,11.649999618530273,13100,0.0,0.0
2024-11-08 00:00:00-05:00,11.84000015258789,12.100000381469727,11.71500015258789,11.89900016784668,27600,0.0,0.0
2024-11-11 00:00:00-05:00,12.119999885559082,12.300000190734863,11.699999809265137,12.25,27900,0.0,0.0
2024-11-12 00:00:00-05:00,12.279999732971191,12.350000381469727,12.010000228881836,12.350000381469727,5400,0.0,0.0
2024-11-13 00:00:00-05:00,12.0600004196167,12.90999984741211,12.010000228881836,12.420000076293945,15600,0.0,0.0
2024-11-14 00:00:00-05:00,12.420000076293945,13.359999656677246,12.100000381469727,12.59000015258789,19700,0.0,0.0
2024-11-15 00:00:00-05:00,12.949999809265137,13.097000122070312,12.157999992370605,12.157999992370605,7400,0.0,0.0
2024-11-18 00:00:00-05:00,12.020000457763672,12.13700008392334,11.779999732971191,11.800000190734863,7000,0.0,0.0
2024-11-19 00:00:00-05:00,11.819999694824219,12.119999885559082,11.819999694824219,12.119999885559082,900,0.0,0.0
2024-11-20 00:00:00-05:00,11.75,12.23799991607666,11.75,12.210000038146973,2000,0.0,0.0
2024-11-21 00:00:00-05:00,12.039999961853027,12.34000015258789,12.039999961853027,12.0600004196167,8800,0.0,0.0
2024-11-22 00:00:00-05:00,12.199999809265137,12.25,12.119999885559082,12.119999885559082,1600,0.0,0.0
2024-11-25 00:00:00-05:00,11.850000381469727,12.147000312805176,11.850000381469727,11.970000267028809,3400,0.0,0.0
2024-11-26 00:00:00-05:00,11.75,12.15999984741211,11.75,12.085000038146973,8700,0.0,0.0
2024-11-27 00:00:00-05:00,12.210000038146973,12.25,11.800000190734863,11.800000190734863,3600,0.0,0.0
2024-11-29 00:00:00-05:00,11.8100004196167,11.8100004196167,11.8100004196167,11.8100004196167,400,0.0,0.0
2024-12-02 00:00:00-05:00,12.0,12.149999618530273,11.399999618530273,11.5,8200,0.0,0.0
2024-12-03 00:00:00-05:00,11.890000343322754,11.920000076293945,11.600000381469727,11.850000381469727,24500,0.0,0.0
2024-12-04 00:00:00-05:00,11.739999771118164,12.0,11.550000190734863,11.800000190734863,4000,0.0,0.0
2024-12-05 00:00:00-05:00,11.800000190734863,11.800000190734863,11.605999946594238,11.609000205993652,6100,0.0,0.0
2024-12-06 00:00:00-05:00,11.5,12.0,11.449999809265137,11.8100004196167,6200,0.0,0.0
2024-12-09 00:00:00-05:00,12.0,12.0,11.5,11.5600004196167,3000,0.0,0.0
2024-12-10 00:00:00-05:00,11.899999618530273,11.899999618530273,11.25,11.260000228881836,7600,0.0,0.0
2024-12-11 00:00:00-05:00,11.319999694824219,11.477999687194824,11.319999694824219,11.477999687194824,1700,0.0,0.0
2024-12-12 00:00:00-05:00,11.199999809265137,11.343999862670898,11.100000381469727,11.229999542236328,7400,0.0,0.0
2024-12-13 00:00:00-05:00,10.989999771118164,11.5,10.880000114440918,11.5,3500,0.0,0.0
2024-12-16 00:00:00-05:00,11.010000228881836,11.420000076293945,10.890000343322754,11.420000076293945,1700,0.0,0.0
2024-12-17 00:00:00-05:00,11.489999771118164,11.489999771118164,11.199999809265137,11.350000381469727,5500,0.0,0.0
2024-12-18 00:00:00-05:00,11.100000381469727,11.289999961853027,10.906000137329102,11.119999885559082,33500,0.0,0.0
2024-12-19 00:00:00-05:00,11.020000457763672,11.15999984741211,10.619999885559082,10.920000076293945,12700,0.0,0.0
2024-12-20 00:00:00-05:00,10.720000267028809,11.229999542236328,10.645000457763672,11.199999809265137,63500,0.0,0.0
2024-12-23 00:00:00-05:00,10.550000190734863,11.0,10.550000190734863,10.989999771118164,3500,0.0,0.0
2024-12-24 00:00:00-05:00,10.989999771118164,10.989999771118164,10.989999771118164,10.989999771118164,0,0.0,0.0
2024-12-26 00:00:00-05:00,10.84000015258789,11.039999961853027,10.5600004196167,10.890000343322754,93800,0.0,0.0
2024-12-27 00:00:00-05:00,10.869999885559082,10.899999618530273,10.859999656677246,10.880000114440918,2100,0.0,0.0
2024-12-30 00:00:00-05:00,10.640000343322754,11.239999771118164,10.630000114440918,10.649999618530273,8000,0.0,0.0
2024-12-31 00:00:00-05:00,10.899999618530273,11.279999732971191,10.899999618530273,11.279999732971191,11800,0.0,0.0
2025-01-02 00:00:00-05:00,11.40999984741211,11.90999984741211,11.40999984741211,11.569999694824219,2300,0.0,0.0
2025-01-03 00:00:00-05:00,11.470000267028809,11.539999961853027,11.364999771118164,11.520000457763672,20500,0.0,0.0
2025-01-06 00:00:00-05:00,11.75,12.050999641418457,11.109999656677246,12.050999641418457,90800,0.0,0.0
2025-01-07 00:00:00-05:00,12.010000228881836,12.239999771118164,11.680000305175781,12.140000343322754,12300,0.0,0.0
2025-01-08 00:00:00-05:00,12.100000381469727,13.175999641418457,12.0,13.175999641418457,41800,0.0,0.0
2025-01-10 00:00:00-05:00,12.869999885559082,14.109999656677246,12.779999732971191,12.779999732971191,6500,0.0,0.0
2025-01-13 00:00:00-05:00,12.64799976348877,13.229999542236328,12.270000457763672,13.229999542236328,25500,0.0,0.0
2025-01-14 00:00:00-05:00,13.399999618530273,13.399999618530273,12.5,12.605999946594238,21900,0.0,0.0
2025-01-15 00:00:00-05:00,12.8100004196167,12.899999618530273,12.100000381469727,12.649999618530273,12400,0.0,0.0
2025-01-16 00:00:00-05:00,12.5600004196167,12.5600004196167,11.350000381469727,12.010000228881836,4100,0.0,0.0
2025-01-17 00:00:00-05:00,11.630000114440918,12.430000305175781,11.630000114440918,11.859999656677246,8000,0.0,0.0
2025-01-21 00:00:00-05:00,11.850000381469727,13.484999656677246,11.850000381469727,13.09000015258789,34300,0.0,0.0
2025-01-22 00:00:00-05:00,12.890000343322754,13.029999732971191,12.600000381469727,12.600000381469727,50900,0.0,0.0
2025-01-23 00:00:00-05:00,12.131999969482422,12.131999969482422,12.131999969482422,12.131999969482422,4300,0.0,0.0
2025-01-24 00:00:00-05:00,12.140000343322754,12.140000343322754,11.774999618530273,11.935999870300293,4800,0.0,0.0
2025-01-27 00:00:00-05:00,11.9399995803833,12.125,11.50100040435791,11.819999694824219,10200,0.0,0.0
2025-01-28 00:00:00-05:00,12.119999885559082,12.119999885559082,11.699999809265137,11.800000190734863,14800,0.0,0.0
2025-01-29 00:00:00-05:00,11.739999771118164,11.739999771118164,11.5,11.557999610900879,3400,0.0,0.0
2025-01-30 00:00:00-05:00,11.649999618530273,11.753999710083008,11.541000366210938,11.753000259399414,5100,0.0,0.0
2025-01-31 00:00:00-05:00,12.199999809265137,12.199999809265137,11.824999809265137,12.095999717712402,14400,0.0,0.0
2025-02-03 00:00:00-05:00,12.199999809265137,12.65999984741211,11.510000228881836,12.100000381469727,3500,0.0,0.0
2025-02-04 00:00:00-05:00,12.09000015258789,12.09000015258789,12.09000015258789,12.09000015258789,100,0.0,0.0
2025-02-05 00:00:00-05:00,11.800000190734863,12.09000015258789,11.800000190734863,12.09000015258789,1500,0.0,0.0
2025-02-06 00:00:00-05:00,12.055000305175781,12.055000305175781,11.510000228881836,11.510000228881836,2800,0.0,0.0
2025-02-07 00:00:00-05:00,11.67199993133545,11.850000381469727,11.5,11.850000381469727,1800,0.0,0.0
2025-02-10 00:00:00-05:00,11.822999954223633,11.822999954223633,11.5,11.5,1300,0.0,0.0
2025-02-11 00:00:00-05:00,12.494000434875488,12.494000434875488,11.402000427246094,11.800000190734863,2800,0.0,0.0
2025-02-12 00:00:00-05:00,11.380000114440918,11.380000114440918,11.380000114440918,11.380000114440918,500,0.0,0.0
2025-02-13 00:00:00-05:00,11.609999656677246,11.843000411987305,11.300000190734863,11.710000038146973,51100,0.0,0.0
2025-02-14 00:00:00-05:00,11.489999771118164,12.013999938964844,11.399999618530273,11.550000190734863,19000,0.0,0.0
2025-02-18 00:00:00-05:00,11.85099983215332,11.949999809265137,11.244999885559082,11.534000396728516,10300,0.0,0.0
2025-02-19 00:00:00-05:00,11.880000114440918,12.0,11.260000228881836,11.40999984741211,13800,0.0,0.0
2025-02-20 00:00:00-05:00,11.609999656677246,11.609999656677246,11.609999656677246,11.609999656677246,500,0.0,0.0
2025-02-21 00:00:00-05:00,11.529999732971191,11.529999732971191,11.489999771118164,11.489999771118164,1000,0.0,0.0
2025-02-24 00:00:00-05:00,11.489999771118164,11.489999771118164,11.489999771118164,11.489999771118164,0,0.0,0.0
2025-02-25 00:00:00-05:00,11.5,11.5,11.0,11.090999603271484,1100,0.0,0.0
2025-02-26 00:00:00-05:00,11.0,11.5,11.0,11.1899995803833,7400,0.0,0.0
2025-02-27 00:00:00-05:00,11.904999732971191,11.904999732971191,11.220000267028809,11.3100004196167,2000,0.0,0.0
2025-02-28 00:00:00-05:00,11.420000076293945,11.890000343322754,11.180000305175781,11.3100004196167,9900,0.0,0.0
2025-03-03 00:00:00-05:00,11.1899995803833,11.260000228881836,11.020000457763672,11.020000457763672,3600,0.0,0.0
2025-03-04 00:00:00-05:00,10.550000190734863,10.65999984741211,10.081999778747559,10.609999656677246,9100,0.0,0.0
2025-03-05 00:00:00-05:00,10.5600004196167,10.5600004196167,10.170000076293945,10.170000076293945,600,0.0,0.0
2025-03-06 00:00:00-05:00,10.050000190734863,10.050000190734863,9.5,9.779999732971191,7100,0.0,0.0
2025-03-07 00:00:00-05:00,9.550000190734863,10.019000053405762,9.510000228881836,9.989999771118164,4400,0.0,0.0
2025-03-10 00:00:00-04:00,9.609999656677246,9.989999771118164,9.199999809265137,9.210000038146973,5600,0.0,0.0
2025-03-11 00:00:00-04:00,9.258000373840332,9.300000190734863,8.960000038146973,8.979999542236328,4100,0.0,0.0
2025-03-12 00:00:00-04:00,9.069999694824219,9.1899995803833,8.880000114440918,8.899999618530273,7700,0.0,0.0
2025-03-13 00:00:00-04:00,9.100000381469727,9.199999809265137,9.0,9.199999809265137,2900,0.0,0.0
2025-03-14 00:00:00-04:00,8.8100004196167,9.5,8.8100004196167,9.451000213623047,2600,0.0,0.0
2025-03-17 00:00:00-04:00,8.819999694824219,9.489999771118164,8.800000190734863,9.489999771118164,9600,0.0,0.0
2025-03-18 00:00:00-04:00,8.90999984741211,9.59000015258789,8.90999984741211,9.54800033569336,1200,0.0,0.0
2025-03-19 00:00:00-04:00,9.159000396728516,9.789999961853027,9.159000396728516,9.789999961853027,7600,0.0,0.0
2025-03-20 00:00:00-04:00,9.083999633789062,9.083999633789062,9.083999633789062,9.083999633789062,300,0.0,0.0
2025-03-21 00:00:00-04:00,9.489999771118164,9.489999771118164,8.350000381469727,8.399999618530273,19100,0.0,0.0
2025-03-24 00:00:00-04:00,9.100000381469727,9.100000381469727,8.0,8.539999961853027,9600,0.0,0.0
2025-03-25 00:00:00-04:00,8.5,8.539999961853027,8.109999656677246,8.109999656677246,4400,0.0,0.0
2025-03-26 00:00:00-04:00,7.900000095367432,8.40999984741211,7.900000095367432,8.010000228881836,2400,0.0,0.0
2025-03-27 00:00:00-04:00,7.900000095367432,8.220000267028809,7.900000095367432,8.220000267028809,1000,0.0,0.0
2025-03-28 00:00:00-04:00,7.900000095367432,8.34000015258789,7.546999931335449,8.170000076293945,3600,0.0,0.0
2025-03-31 00:00:00-04:00,8.170000076293945,8.170000076293945,8.170000076293945,8.170000076293945,0,0.0,0.0
2025-04-01 00:00:00-04:00,8.380000114440918,8.380000114440918,7.71999979019165,7.71999979019165,2600,0.0,0.0
2025-04-02 00:00:00-04:00,7.789999961853027,7.900000095367432,7.4070000648498535,7.53000020980835,5300,0.0,0.0
2025-04-03 00:00:00-04:00,7.150000095367432,7.385000228881836,7.150000095367432,7.385000228881836,1300,0.0,0.0
2025-04-04 00:00:00-04:00,7.380000114440918,7.420000076293945,6.800000190734863,7.420000076293945,2300,0.0,0.0
2025-04-07 00:00:00-04:00,7.010000228881836,7.420000076293945,7.010000228881836,7.409999847412109,900,0.0,0.0
2025-04-08 00:00:00-04:00,7.78000020980835,10.149999618530273,7.409999847412109,8.210000038146973,83000,0.0,0.0
2025-04-09 00:00:00-04:00,7.550000190734863,8.020000457763672,7.21999979019165,7.5,18300,0.0,0.0
2025-04-10 00:00:00-04:00,7.659999847412109,7.659999847412109,7.150000095367432,7.199999809265137,9200,0.0,0.0
2025-04-11 00:00:00-04:00,7.199999809265137,7.199999809265137,5.889999866485596,7.059999942779541,23600,0.0,0.0
2025-04-14 00:00:00-04:00,7.019999980926514,7.019999980926514,6.659999847412109,6.960000038146973,5300,0.0,0.0
2025-04-15 00:00:00-04:00,6.4070000648498535,6.900000095367432,6.4070000648498535,6.809999942779541,2700,0.0,0.0
2025-04-16 00:00:00-04:00,6.800000190734863,7.14300012588501,6.760000228881836,6.875,4300,0.0,0.0
2025-04-17 00:00:00-04:00,6.889999866485596,7.099999904632568,6.539999961853027,7.007999897003174,6000,0.0,0.0
2025-04-21 00:00:00-04:00,6.340000152587891,6.900000095367432,6.309999942779541,6.900000095367432,2500,0.0,0.0
2025-04-22 00:00:00-04:00,6.816999912261963,6.816999912261963,6.5,6.699999809265137,2200,0.0,0.0
2025-04-23 00:00:00-04:00,6.949999809265137,6.949999809265137,6.210000038146973,6.800000190734863,5400,0.0,0.0
2025-04-24 00:00:00-04:00,6.5,7.0,6.5,6.715000152587891,1800,0.0,0.0
2025-04-25 00:00:00-04:00,6.75,7.0,6.5,6.614999771118164,5200,0.0,0.0
