Date,Open,High,Low,Close,Volume,Dividends,Stock Splits,Capital Gains
2004-01-30 00:00:00-05:00,36.021278097753104,36.19080700412362,35.96968246589038,36.11709976196289,11100,0.0,0.0,0.0
2004-02-02 00:00:00-05:00,36.3013761791543,36.5593543775543,36.190812487410604,36.264522552490234,3400,0.0,0.0,0.0
2004-02-03 00:00:00-05:00,36.227673045341334,36.30138030705087,36.168704986572266,36.168704986572266,1200,0.0,0.0,0.0
2004-02-04 00:00:00-05:00,35.99180505047677,35.99180505047677,35.41687774658203,35.41687774658203,1600,0.0,0.0,0.0
2004-02-05 00:00:00-05:00,35.6674955140196,35.74120560355896,35.45374047198408,35.52745056152344,4000,0.0,0.0,0.0
2004-02-06 00:00:00-05:00,35.73382181312682,36.375083923339844,35.73382181312682,36.375083923339844,2000,0.0,0.0,0.0
2004-02-09 00:00:00-05:00,36.63308958052865,36.758392559520615,36.62571716308594,36.62571716308594,2900,0.0,0.0,0.0
2004-02-10 00:00:00-05:00,36.59622939535549,36.832096099853516,36.55937293822844,36.832096099853516,43100,0.0,0.0,0.0
2004-02-11 00:00:00-05:00,36.913158852720265,37.259586334228516,36.883674825261636,37.259586334228516,35600,0.0,0.0,0.0
2004-02-12 00:00:00-05:00,37.2079888734427,37.333294578141526,37.075313568115234,37.075313568115234,4700,0.0,0.0,0.0
2004-02-13 00:00:00-05:00,37.22275040289868,37.22275040289868,36.706790924072266,36.706790924072266,1800,0.0,0.0,0.0
2004-02-17 00:00:00-05:00,36.96476045025324,37.11217498779297,36.96476045025324,37.11217498779297,600,0.0,0.0,0.0
2004-02-18 00:00:00-05:00,37.25221491246902,37.25221491246902,37.03845994146904,37.075313568115234,2900,0.0,0.0,0.0
2004-02-19 00:00:00-05:00,37.33330964350503,37.33330964350503,37.00162124633789,37.00162124633789,6200,0.0,0.0,0.0
2004-02-20 00:00:00-05:00,36.522501175443416,36.59621124137988,36.15395928101563,36.44142150878906,4200,0.0,0.0,0.0
2004-02-23 00:00:00-05:00,36.44880704821508,36.44880704821508,35.80754470825195,35.80754470825195,1600,0.0,0.0,0.0
2004-02-24 00:00:00-05:00,35.77804575532627,36.036023942083844,35.56429079386921,35.8812370300293,1800,0.0,0.0,0.0
2004-02-25 00:00:00-05:00,35.89599023624955,36.08026123046875,35.89599023624955,36.08026123046875,3000,0.0,0.0,0.0
2004-02-26 00:00:00-05:00,36.19083337539,36.5814899164055,36.19083337539,36.48566818237305,4100,0.0,0.0,0.0
2004-02-27 00:00:00-05:00,36.66991607666015,36.85418701171875,36.62569004001561,36.85418701171875,1100,0.0,0.0,0.0
2004-03-01 00:00:00-05:00,36.81734039323591,37.21536636352539,36.81734039323591,37.21536636352539,2900,0.0,0.0,0.0
2004-03-02 00:00:00-05:00,37.421749663392404,37.421749663392404,37.22273667445538,37.296443939208984,2700,0.0,0.0,0.0
2004-03-03 00:00:00-05:00,37.09005739396881,37.259586334228516,36.85419079780301,37.259586334228516,5500,0.0,0.0,0.0
2004-03-04 00:00:00-05:00,37.215368697277086,37.47334694692836,37.215368697277086,37.44386291503906,2100,0.0,0.0,0.0
2004-03-05 00:00:00-05:00,37.36278622035605,37.768184661865234,37.36278622035605,37.768184661865234,4600,0.0,0.0,0.0
2004-03-08 00:00:00-05:00,37.84189460166902,37.88612065615452,37.21537429442962,37.28908157348633,5000,0.0,0.0,0.0
2004-03-09 00:00:00-05:00,37.23747679378997,37.23747679378997,36.83945083618164,36.83945083618164,2500,0.0,0.0,0.0
2004-03-10 00:00:00-05:00,36.98685871586453,37.03845434772725,36.11709976196289,36.11709976196289,2500,0.0,0.0,0.0
2004-03-11 00:00:00-05:00,36.190832036481694,36.46355520696498,35.93285369873047,35.93285369873047,1400,0.0,0.0,0.0
2004-03-12 00:00:00-05:00,36.07288307439716,36.389829358946,36.07288307439716,36.36771774291992,6700,0.0,0.0,0.0
2004-03-15 00:00:00-05:00,36.37509523044129,36.47091694024804,35.726463317871094,35.726463317871094,9200,0.0,0.0,0.0
2004-03-16 00:00:00-05:00,36.11711160075779,36.11711160075779,35.601152301253705,35.785423278808594,5300,0.0,0.0,0.0
2004-03-17 00:00:00-05:00,36.0728772219404,36.44879150390625,36.0728772219404,36.44879150390625,2200,0.0,0.0,0.0
2004-03-18 00:00:00-05:00,36.30138586118134,36.30138586118134,35.99181194053416,36.08026123046875,11300,0.0,0.0,0.0
2004-03-19 00:00:00-05:00,36.190824173703795,36.21293860624434,36.065521240234375,36.065521240234375,2600,0.0,0.0,0.0
2004-03-22 00:00:00-05:00,35.78541917538645,35.78541917538645,35.276832347884024,35.30631637573242,12200,0.0,0.0,0.0
2004-03-23 00:00:00-05:00,35.593788719232485,35.645384376733965,35.232616304969625,35.468482971191406,2400,0.0,0.0,0.0
2004-03-24 00:00:00-05:00,35.490595069242325,35.490595069242325,35.19576034998656,35.409515380859375,2200,0.0,0.0,0.0
2004-03-25 00:00:00-05:00,35.520076322443934,35.873876298805065,35.520076322443934,35.85176467895508,2300,0.0,0.0,0.0
2004-03-26 00:00:00-05:00,36.00656434537969,36.20557742950292,36.00656434537969,36.09501647949219,7900,0.0,0.0,0.0
2004-03-29 00:00:00-05:00,36.37510101341711,36.65519377259209,36.37510101341711,36.49303436279297,2300,0.0,0.0,0.0
2004-03-30 00:00:00-05:00,36.76575116583536,37.04584106486699,36.76575116583536,37.00898742675781,5200,0.0,0.0,0.0
2004-03-31 00:00:00-05:00,37.03845746438594,37.22272839704458,36.98686182818163,37.14902114868164,11300,0.0,0.0,0.0
2004-04-01 00:00:00-05:00,37.333301700795325,37.38489735029399,37.333301700795325,37.370155334472656,1700,0.0,0.0,0.0
2004-04-02 00:00:00-05:00,38.18095255411336,38.18095255411336,37.79766851746443,37.90085983276367,10900,0.0,0.0,0.0
2004-04-05 00:00:00-04:00,37.97455992972056,37.98192953098,37.79765857022538,37.84188461303711,5900,0.0,0.0,0.0
2004-04-06 00:00:00-04:00,37.79765084118325,37.82713486369536,37.73131319640655,37.738685607910156,2500,0.0,0.0,0.0
2004-04-07 00:00:00-04:00,37.547054290771484,37.547054290771484,37.547054290771484,37.547054290771484,700,0.0,0.0,0.0
2004-04-08 00:00:00-04:00,38.08512245326265,38.08512245326265,37.59864720846707,37.650245666503906,7200,0.0,0.0,0.0
2004-04-12 00:00:00-04:00,37.78291255044936,37.8123965758648,37.59127200875184,37.635498046875,5000,0.0,0.0,0.0
2004-04-13 00:00:00-04:00,37.73870027016541,37.73870027016541,36.795230865478516,36.795230865478516,6600,0.0,0.0,0.0
2004-04-14 00:00:00-04:00,36.63307597852136,36.950022328792606,36.42669054305837,36.43406295776367,1300,0.0,0.0,0.0
2004-04-15 00:00:00-04:00,36.574117499766714,36.574117499766714,36.42670009627519,36.48566818237305,7800,0.0,0.0,0.0
2004-04-16 00:00:00-04:00,36.58147825829689,36.82471450655109,36.434060901785635,36.78786087036133,6200,0.0,0.0,0.0
2004-04-19 00:00:00-04:00,36.780497216328015,36.97950744628906,36.41932477505069,36.97950744628906,6100,0.0,0.0,0.0
2004-04-20 00:00:00-04:00,37.04583915030644,37.21537093800134,36.61833190917969,36.61833190917969,54500,0.0,0.0,0.0
2004-04-21 00:00:00-04:00,36.264531871281314,36.58884780571576,36.25715945700314,36.515140533447266,5700,0.0,0.0,0.0
2004-04-22 00:00:00-04:00,36.75838016667016,37.28908157348633,36.743638148508325,37.28908157348633,1200,0.0,0.0,0.0
2004-04-23 00:00:00-04:00,37.14167022705078,37.14167022705078,37.14167022705078,37.14167022705078,200,0.0,0.0,0.0
2004-04-26 00:00:00-04:00,37.27434560027138,37.33331368248183,37.11218618594555,37.14167022705078,4800,0.0,0.0,0.0
2004-04-27 00:00:00-04:00,37.222734407963976,37.36277932716926,37.14902714769841,37.171138763427734,6300,0.0,0.0,0.0
2004-04-28 00:00:00-04:00,36.76574024415482,36.78785185810135,36.345602708661644,36.375083923339844,86000,0.0,0.0,0.0
2004-04-29 00:00:00-04:00,36.3750936349214,36.3750936349214,35.58641399374616,35.85176467895508,5800,0.0,0.0,0.0
2004-04-30 00:00:00-04:00,35.9697004314564,35.9697004314564,35.321065691818376,35.40214538574219,2900,0.0,0.0,0.0
2004-05-03 00:00:00-04:00,35.380038671285156,35.64538941120025,35.380038671285156,35.60853576660156,1600,0.0,0.0,0.0
2004-05-04 00:00:00-04:00,35.7411955782503,36.212928771972656,35.7411955782503,36.212928771972656,3300,0.0,0.0,0.0
2004-05-05 00:00:00-04:00,36.02129168710433,36.20556267377506,36.02129168710433,36.139225006103516,2700,0.0,0.0,0.0
2004-05-06 00:00:00-04:00,35.63800577779114,35.63800577779114,35.33580148839935,35.57904052734375,3300,0.0,0.0,0.0
2004-05-07 00:00:00-04:00,35.4611016570721,35.4611016570721,34.753501892089844,34.753501892089844,9600,0.0,0.0,0.0
2004-05-10 00:00:00-04:00,34.27440246590212,34.47341546279179,33.79529679060268,34.06801986694336,4700,0.0,0.0,0.0
2004-05-11 00:00:00-04:00,34.49554787373719,34.65033491625771,34.44395219289701,34.59136962890625,5400,0.0,0.0,0.0
2004-05-12 00:00:00-04:00,34.45868626644987,34.68718338012695,33.91324272260102,34.68718338012695,1100,0.0,0.0,0.0
2004-05-13 00:00:00-04:00,34.215449737303004,34.790377367688535,34.215449737303004,34.54713821411133,4000,0.0,0.0,0.0
2004-05-14 00:00:00-04:00,34.67242319976264,34.701907227070215,34.39970016479492,34.39970016479492,1000,0.0,0.0,0.0
2004-05-17 00:00:00-04:00,33.72159022735762,34.14172784787306,33.669994576540084,33.97956848144531,10500,0.0,0.0,0.0
2004-05-18 00:00:00-04:00,34.07539139845656,34.34074207600103,34.07539139845656,34.289146423339844,2200,0.0,0.0,0.0
2004-05-19 00:00:00-04:00,34.91566675514882,34.91566675514882,34.222808837890625,34.222808837890625,5200,0.0,0.0,0.0
2004-05-20 00:00:00-04:00,34.34811386166734,34.38497031169839,34.244922549786104,34.31126022338867,10800,0.0,0.0,0.0
2004-05-21 00:00:00-04:00,34.45130422463509,34.63557520766603,34.414447778627256,34.58397674560547,2000,0.0,0.0,0.0
2004-05-24 00:00:00-04:00,34.85670718558079,34.9525260925293,34.753515863173064,34.9525260925293,5600,0.0,0.0,0.0
2004-05-25 00:00:00-04:00,34.95251044576384,35.75593185424805,34.878803194683286,35.75593185424805,11300,0.0,0.0,0.0
2004-05-26 00:00:00-04:00,35.68960343957013,35.903358459472656,35.68223383725548,35.903358459472656,326500,0.0,0.0,0.0
2004-05-27 00:00:00-04:00,36.161341088695266,36.25715998168046,35.81491071816532,35.94758605957031,22300,0.0,0.0,0.0
2004-05-28 00:00:00-04:00,36.02128927655897,36.1465950012207,35.96232402688139,36.1465950012207,2500,0.0,0.0,0.0
2004-06-01 00:00:00-04:00,36.117110972693595,36.316123962402344,35.93283999834312,36.316123962402344,24900,0.0,0.0,0.0
2004-06-02 00:00:00-04:00,36.478283319591384,36.478283319591384,36.15396460521331,36.316123962402344,38800,0.0,0.0,0.0
2004-06-03 00:00:00-04:00,35.94021803728598,36.117119451361745,35.82228469848633,35.82228469848633,21900,0.0,0.0,0.0
2004-06-04 00:00:00-04:00,35.822284030396176,36.16134483340515,35.822284030396176,36.0139274597168,126900,0.0,0.0,0.0
2004-06-07 00:00:00-04:00,36.32349364577553,36.60358631470778,36.32349364577553,36.588844299316406,12100,0.0,0.0,0.0
2004-06-08 00:00:00-04:00,36.56673019223943,36.66255187988281,36.50039253337121,36.66255187988281,70200,0.0,0.0,0.0
2004-06-09 00:00:00-04:00,36.50777254432554,36.50777254432554,36.22031021118164,36.22031021118164,1300,0.0,0.0,0.0
2004-06-10 00:00:00-04:00,36.087632861022534,36.10974729356308,35.97707194532935,36.065521240234375,1600,0.0,0.0,0.0
2004-06-14 00:00:00-04:00,35.93284218910001,35.93284218910001,35.638007487462964,35.66012191772461,800,0.0,0.0,0.0
2004-06-15 00:00:00-04:00,35.940215495012566,36.22030820925627,35.837024182331305,36.065521240234375,85300,0.0,0.0,0.0
2004-06-16 00:00:00-04:00,36.12449949575026,36.12449949575026,36.10976028442383,36.10976028442383,500,0.0,0.0,0.0
2004-06-17 00:00:00-04:00,36.16133950940911,36.249788795898816,36.16133950940911,36.24241638183594,600,0.0,0.0,0.0
2004-06-18 00:00:00-04:00,36.21293864354993,36.419321269125064,36.21293864354993,36.33824157714844,42600,0.0,0.0,0.0
2004-06-21 00:00:00-04:00,36.3971958670484,36.44879150390625,36.3971958670484,36.44879150390625,10800,0.0,0.0,0.0
2004-06-22 00:00:00-04:00,36.279271955624424,36.46354293823242,36.04340532282634,36.46354293823242,1900,0.0,0.0,0.0
2004-06-23 00:00:00-04:00,36.49301307167398,36.94263458251953,36.49301307167398,36.94263458251953,41500,0.0,0.0,0.0
2004-06-24 00:00:00-04:00,37.023715934562496,37.149021632513026,36.85418701171875,36.85418701171875,2100,0.0,0.0,0.0
2004-06-25 00:00:00-04:00,37.05320941826392,37.2079963684082,36.99424135435064,37.2079963684082,102300,0.0,0.0,0.0
2004-06-28 00:00:00-04:00,37.23749161913489,37.3111989094807,36.96477127075195,36.96477127075195,61300,0.0,0.0,0.0
2004-06-29 00:00:00-04:00,37.11217225838408,37.23010556679371,37.11217225838408,37.21536636352539,1100,0.0,0.0,0.0
2004-06-30 00:00:00-04:00,37.39964720567549,37.51020812988281,37.29645307329501,37.51020812988281,17600,0.0,0.0,0.0
2004-07-01 00:00:00-04:00,37.591289908718174,37.591289908718174,36.935285495485694,37.053218841552734,7800,0.0,0.0,0.0
2004-07-02 00:00:00-04:00,37.00160801099901,37.031092038368115,36.84682108493859,36.98686599731445,1800,0.0,0.0,0.0
2004-07-06 00:00:00-04:00,36.78784718900628,36.78784718900628,36.352967695492936,36.59620666503906,247900,0.0,0.0,0.0
2004-07-07 00:00:00-04:00,36.59622419364225,36.59622419364225,36.463548839751205,36.551998138427734,15700,0.0,0.0,0.0
2004-07-08 00:00:00-04:00,36.39720954700509,36.41932116775448,35.96232986450195,35.96232986450195,44600,0.0,0.0,0.0
2004-07-09 00:00:00-04:00,36.06552872555899,36.06552872555899,35.9254837452473,36.0286750793457,2500,0.0,0.0,0.0
2004-07-12 00:00:00-04:00,35.741194239983926,35.97706082801349,35.73382182749777,35.969688415527344,1700,0.0,0.0,0.0
2004-07-13 00:00:00-04:00,36.02129333290542,36.02129333290542,35.94758605957031,35.94758605957031,400,0.0,0.0,0.0
2004-07-14 00:00:00-04:00,35.74856778200142,36.08025608665902,35.74856778200142,35.83701705932617,2200,0.0,0.0,0.0
2004-07-15 00:00:00-04:00,35.94758418908758,35.99917984008789,35.89598853808726,35.99917984008789,2700,0.0,0.0,0.0
2004-07-16 00:00:00-04:00,35.895984553724865,35.895984553724865,35.601149884947155,35.62326431274414,2500,0.0,0.0,0.0
2004-07-19 00:00:00-04:00,35.564313587779765,35.564313587779765,35.380042532920804,35.43901062011719,2100,0.0,0.0,0.0
2004-07-20 00:00:00-04:00,35.601145901395,35.99180221557617,35.601145901395,35.99180221557617,1600,0.0,0.0,0.0
2004-07-21 00:00:00-04:00,36.19081894938063,36.19081894938063,35.380027770996094,35.380027770996094,54600,0.0,0.0,0.0
2004-07-22 00:00:00-04:00,35.136788496145236,35.136788496145236,34.68716967475845,35.07045364379883,32700,0.0,0.0,0.0
2004-07-23 00:00:00-04:00,34.64294775829514,34.90092603179429,34.63557815551758,34.63557815551758,3700,0.0,0.0,0.0
2004-07-26 00:00:00-04:00,34.67243286961997,34.67243286961997,34.18595753037732,34.281776428222656,3600,0.0,0.0,0.0
2004-07-27 00:00:00-04:00,34.495523102937085,34.53974914550781,34.48815350171782,34.53974914550781,1600,0.0,0.0,0.0
2004-07-28 00:00:00-04:00,34.76825714111328,34.76825714111328,34.76825714111328,34.76825714111328,600,0.0,0.0,0.0
2004-07-29 00:00:00-04:00,34.96725806694495,35.23998112553982,34.87880878911108,35.129417419433594,23800,0.0,0.0,0.0
2004-07-30 00:00:00-04:00,35.32106392974675,35.365289981976815,35.217872619628906,35.217872619628906,6400,0.0,0.0,0.0
2004-08-02 00:00:00-04:00,35.13679803019155,35.32106905693705,35.01149508164591,35.291587829589844,3500,0.0,0.0,0.0
2004-08-03 00:00:00-04:00,35.18838882446289,35.18838882446289,35.18838882446289,35.18838882446289,200,0.0,0.0,0.0
2004-08-04 00:00:00-04:00,34.642942241986376,34.930404504326816,34.569234978938205,34.893550872802734,42600,0.0,0.0,0.0
2004-08-05 00:00:00-04:00,34.79036010890866,34.79036010890866,34.09012985229492,34.09012985229492,3700,0.0,0.0,0.0
2004-08-06 00:00:00-04:00,33.79531882344217,33.79531882344217,33.35306930541992,33.35306930541992,10300,0.0,0.0,0.0
2004-08-09 00:00:00-04:00,33.633135636675235,33.633135636675235,33.36041259765625,33.36041259765625,5400,0.0,0.0,0.0
2004-08-10 00:00:00-04:00,33.692111211422905,34.00905757749382,33.692111211422905,33.95009231567383,7200,0.0,0.0,0.0
2004-08-11 00:00:00-04:00,33.67736588258485,33.90586292758853,33.67736588258485,33.89112091064453,41300,0.0,0.0,0.0
2004-08-12 00:00:00-04:00,33.50785635555232,33.56682445755735,33.35306930541992,33.35306930541992,3500,0.0,0.0,0.0
2004-08-13 00:00:00-04:00,33.43412804493928,33.49309329816339,33.353048361473036,33.40464401245117,1900,0.0,0.0,0.0
2004-08-16 00:00:00-04:00,33.869014739990234,33.869014739990234,33.869014739990234,33.869014739990234,1100,0.0,0.0,0.0
2004-08-17 00:00:00-04:00,34.185951703588245,34.333369044361646,34.06064597981769,34.126983642578125,30900,0.0,0.0,0.0
2004-08-18 00:00:00-04:00,34.37758820317618,34.731388092041016,34.37758820317618,34.731388092041016,8000,0.0,0.0,0.0
2004-08-19 00:00:00-04:00,34.6429444965618,34.753508210081435,34.51026916503906,34.51026916503906,1600,0.0,0.0,0.0
2004-08-20 00:00:00-04:00,34.62084154559969,35.085202510426164,34.62084154559969,35.055721282958984,2300,0.0,0.0,0.0
2004-08-23 00:00:00-04:00,35.27683867127072,35.27683867127072,34.967261946874096,35.06308364868164,68700,0.0,0.0,0.0
2004-08-24 00:00:00-04:00,35.203121230938514,35.203121230938514,34.84932134253856,34.967254638671875,36100,0.0,0.0,0.0
2004-08-25 00:00:00-04:00,34.96727732817094,35.298965817443644,34.878828001616014,35.20314407348633,102200,0.0,0.0,0.0
2004-08-26 00:00:00-04:00,35.181036122492856,35.24000422086273,35.09258678669174,35.16629409790039,42400,0.0,0.0,0.0
2004-08-27 00:00:00-04:00,35.29157848885916,35.380027770996094,35.276836473211006,35.380027770996094,2800,0.0,0.0,0.0
2004-08-30 00:00:00-04:00,35.217865209419124,35.298944882238075,34.98199860399222,35.01885223388672,91600,0.0,0.0,0.0
2004-08-31 00:00:00-04:00,35.026249560976524,35.04099158577063,34.900943756103516,34.900943756103516,1500,0.0,0.0,0.0
2004-09-01 00:00:00-04:00,35.298951658200394,35.57167194587301,35.25472841853862,35.409515380859375,352200,0.0,0.0,0.0
2004-09-02 00:00:00-04:00,35.623273694673266,35.80754470825195,35.59378965768006,35.80754470825195,41100,0.0,0.0,0.0
2004-09-03 00:00:00-04:00,35.99179927069353,35.99179927069353,35.652738623754715,35.7043342590332,88500,0.0,0.0,0.0
2004-09-07 00:00:00-04:00,35.96970125431598,36.006554894646484,35.90336357702006,35.977073669433594,43900,0.0,0.0,0.0
2004-09-08 00:00:00-04:00,36.20556064405546,36.21293305769017,35.81490707397461,35.81490707397461,1400,0.0,0.0,0.0
2004-09-09 00:00:00-04:00,35.977073784982736,36.24979409840741,35.91810571086251,36.18345642089844,20700,0.0,0.0,0.0
2004-09-10 00:00:00-04:00,36.24979195466422,36.43406295776367,36.24979195466422,36.43406295776367,700,0.0,0.0,0.0
2004-09-13 00:00:00-04:00,36.55935023080396,36.75099356652233,36.55935023080396,36.59620666503906,11300,0.0,0.0,0.0
2004-09-14 00:00:00-04:00,36.655187904387766,36.655187904387766,36.49302852054907,36.50777053833008,2700,0.0,0.0,0.0
2004-09-15 00:00:00-04:00,36.470910747439426,36.470910747439426,36.27927017211914,36.27927017211914,3300,0.0,0.0,0.0
2004-09-16 00:00:00-04:00,36.52987299114577,36.7362555488933,36.52987299114577,36.63306427001953,1700,0.0,0.0,0.0
2004-09-17 00:00:00-04:00,36.49303747230975,36.692050543542784,36.49303747230975,36.6846809387207,1900,0.0,0.0,0.0
2004-09-20 00:00:00-04:00,36.55936384185064,36.61833190917969,36.55936384185064,36.61833190917969,1200,0.0,0.0,0.0
2004-09-21 00:00:00-04:00,36.68466900643745,36.94264726759472,36.68466900643745,36.91316604614258,4200,0.0,0.0,0.0
2004-09-22 00:00:00-04:00,36.559354870898304,36.618322923757745,36.316118682231924,36.375083923339844,6000,0.0,0.0,0.0
2004-09-23 00:00:00-04:00,36.36034814149516,36.36771774291992,36.27189605388726,36.36771774291992,1300,0.0,0.0,0.0
2004-09-24 00:00:00-04:00,36.38247463165771,36.41932827735187,36.3603630065918,36.3603630065918,2000,0.0,0.0,0.0
2004-09-27 00:00:00-04:00,36.131847121111925,36.131847121111925,35.888608124824515,35.99180221557617,3800,0.0,0.0,0.0
2004-09-28 00:00:00-04:00,35.9328458665978,36.235050201416016,35.86650819252783,36.235050201416016,3100,0.0,0.0,0.0
2004-09-29 00:00:00-04:00,36.51513656059136,36.51513656059136,36.4782829284668,36.4782829284668,2000,0.0,0.0,0.0
2004-09-30 00:00:00-04:00,36.58149390544332,36.68468525561398,36.485672160961954,36.62571716308594,22700,0.0,0.0,0.0
2004-10-01 00:00:00-04:00,37.185888302161494,37.407012939453125,37.185888302161494,37.407012939453125,202400,0.0,0.0,0.0
2004-10-04 00:00:00-04:00,37.70183765556293,37.75343329684295,37.61338557472441,37.687095642089844,86100,0.0,0.0,0.0
2004-10-05 00:00:00-04:00,37.59127978817035,37.68710148472487,37.49545809161582,37.502830505371094,82900,0.0,0.0,0.0
2004-10-06 00:00:00-04:00,37.569159229145825,37.60601285389521,37.569159229145825,37.59864044189453,700,0.0,0.0,0.0
2004-10-07 00:00:00-04:00,37.81240857644649,37.81240857644649,37.39227092206671,37.407012939453125,4100,0.0,0.0,0.0
2004-10-08 00:00:00-04:00,37.18588264049513,37.18588264049513,36.950016021728516,36.950016021728516,6900,0.0,0.0,0.0
2004-10-11 00:00:00-04:00,36.96476794209156,36.96476794209156,36.905799865722656,36.905799865722656,600,0.0,0.0,0.0
2004-10-12 00:00:00-04:00,36.84681741148699,36.920524660809896,36.84681741148699,36.85418701171875,800,0.0,0.0,0.0
2004-10-13 00:00:00-04:00,36.89105038905399,36.89105038905399,36.52988083543958,36.60358810424805,42200,0.0,0.0,0.0
2004-10-14 00:00:00-04:00,36.48564761657553,36.48564761657553,36.375083923339844,36.375083923339844,700,0.0,0.0,0.0
2004-10-15 00:00:00-04:00,36.375083557423615,36.5372428894043,36.375083557423615,36.5372428894043,1800,0.0,0.0,0.0
2004-10-18 00:00:00-04:00,36.411958313127755,36.773127973815946,36.3161365858674,36.728904724121094,16000,0.0,0.0,0.0
2004-10-19 00:00:00-04:00,36.85419503003416,36.85419503003416,36.35297775268555,36.35297775268555,6400,0.0,0.0,0.0
2004-10-20 00:00:00-04:00,36.36035752266984,36.551998138427734,36.33824308918633,36.551998138427734,11000,0.0,0.0,0.0
2004-10-21 00:00:00-04:00,36.72888979735185,36.97212600708008,36.71414778286048,36.97212600708008,4700,0.0,0.0,0.0
2004-10-22 00:00:00-04:00,36.8910639331599,36.986885667192354,36.48566818237305,36.48566818237305,1800,0.0,0.0,0.0
2004-10-25 00:00:00-04:00,36.44879688889057,36.743628741386864,36.43405487450299,36.66255187988281,31500,0.0,0.0,0.0
2004-10-26 00:00:00-04:00,36.72890146065914,37.04584503173828,36.72890146065914,37.04584503173828,1500,0.0,0.0,0.0
2004-10-27 00:00:00-04:00,37.112179959127815,37.591285705566406,37.06795671664283,37.591285705566406,5100,0.0,0.0,0.0
2004-10-28 00:00:00-04:00,37.517580302700814,37.58391798149744,37.27434120986232,37.53969192504883,4500,0.0,0.0,0.0
2004-10-29 00:00:00-04:00,37.340675267090404,37.45860859442942,37.340675267090404,37.407012939453125,2000,0.0,0.0,0.0
2004-11-01 00:00:00-05:00,37.41437872299254,37.5765380859375,37.41437872299254,37.5765380859375,4300,0.0,0.0,0.0
2004-11-02 00:00:00-05:00,37.93033009801025,37.959814123606215,37.606014251708984,37.606014251708984,4200,0.0,0.0,0.0
2004-11-03 00:00:00-05:00,38.23990657493097,38.298871814111884,37.97455596923828,37.97455596923828,9500,0.0,0.0,0.0
2004-11-04 00:00:00-05:00,38.17357619789528,38.64530944824219,38.004047236786356,38.64530944824219,10200,0.0,0.0,0.0
2004-11-05 00:00:00-05:00,38.82958844910622,38.97700582324172,38.61583339719738,38.82221603393555,52700,0.0,0.0,0.0
2004-11-08 00:00:00-05:00,38.807467009872454,38.82957862628575,38.62319604175673,38.63056564331055,53200,0.0,0.0,0.0
2004-11-09 00:00:00-05:00,38.83696494280679,38.95489830068789,38.6969199589958,38.910675048828125,4100,0.0,0.0,0.0
2004-11-10 00:00:00-05:00,38.74113839493273,39.19075730024953,38.74113839493273,39.080196380615234,3500,0.0,0.0,0.0
2004-11-11 00:00:00-05:00,39.139153847392606,39.38239288330078,39.08755819948819,39.38239288330078,3900,0.0,0.0,0.0
2004-11-12 00:00:00-05:00,39.352905237066885,39.765673194131544,39.352905237066885,39.75830078125,5800,0.0,0.0,0.0
2004-11-15 00:00:00-05:00,39.773047927556064,39.91309567286038,39.72145227773406,39.83201599121094,11500,0.0,0.0,0.0
2004-11-16 00:00:00-05:00,39.80254548595583,39.809915090541175,39.64775848388672,39.64775848388672,3900,0.0,0.0,0.0
2004-11-17 00:00:00-05:00,40.06789224135136,40.17845316961836,39.88362121582031,39.88362121582031,6400,0.0,0.0,0.0
2004-11-18 00:00:00-05:00,39.87622620186033,39.87622620186033,39.64035964778934,39.787776947021484,78800,0.0,0.0,0.0
2004-11-19 00:00:00-05:00,39.60352564850842,39.60352564850842,39.30132130063558,39.32343292236328,34900,0.0,0.0,0.0
2004-11-22 00:00:00-05:00,39.36027137625145,39.66984518589272,39.279191717987906,39.6624755859375,27500,0.0,0.0,0.0
2004-11-23 00:00:00-05:00,39.817270630207325,39.88360829036995,39.60351563504422,39.77304458618164,15700,0.0,0.0,0.0
2004-11-24 00:00:00-05:00,39.9867968200852,40.28163146972656,39.9867968200852,40.28163146972656,6200,0.0,0.0,0.0
2004-11-26 00:00:00-05:00,40.28163723033557,40.465908209775804,40.28163723033557,40.33323287963867,2300,0.0,0.0,0.0
2004-11-29 00:00:00-05:00,40.48802363836457,40.50276565551758,40.05314397348377,40.50276565551758,27600,0.0,0.0,0.0
2004-11-30 00:00:00-05:00,40.35536029739876,40.465924053051786,40.333248670969404,40.377471923828125,800,0.0,0.0,0.0
2004-12-01 00:00:00-05:00,40.45853563139833,40.97449493408203,40.45853563139833,40.97449493408203,5000,0.0,0.0,0.0
2004-12-02 00:00:00-05:00,40.85656926103732,40.93027654159718,40.760747546907496,40.80497360229492,6200,0.0,0.0,0.0
2004-12-03 00:00:00-05:00,40.760757371917585,40.959770451502514,40.760757371917585,40.9302864074707,5600,0.0,0.0,0.0
2004-12-06 00:00:00-05:00,40.86393716385086,40.87130957865156,40.569105242128266,40.72389221191406,8300,0.0,0.0,0.0
2004-12-07 00:00:00-05:00,40.73862302425502,40.782849065637244,40.097360888846815,40.11947250366211,35400,0.0,0.0,0.0
2004-12-08 00:00:00-05:00,40.06051376569753,40.27426879779895,40.06051376569753,40.2005615234375,8100,0.0,0.0,0.0
2004-12-09 00:00:00-05:00,39.80990509641538,40.23741516061823,39.75830944201191,40.2005615234375,9600,0.0,0.0,0.0
2004-12-10 00:00:00-05:00,40.05312900486989,40.38481723747372,40.05312900486989,40.37007522583008,6400,0.0,0.0,0.0
2004-12-13 00:00:00-05:00,40.55435136593748,40.7828483581543,40.42904565673742,40.7828483581543,35000,0.0,0.0,0.0
2004-12-14 00:00:00-05:00,40.819692507453055,41.10715467532054,40.819692507453055,41.0703010559082,6100,0.0,0.0,0.0
2004-12-15 00:00:00-05:00,41.05557630688036,41.39463424682617,41.05557630688036,41.39463424682617,68400,0.0,0.0,0.0
2004-12-16 00:00:00-05:00,41.36514647170536,41.36514647170536,40.97449291588384,41.15876388549805,171300,0.0,0.0,0.0
2004-12-17 00:00:00-05:00,41.18089469287789,41.18089469287789,40.900804713000376,41.092445373535156,3200,0.0,0.0,0.0
2004-12-20 00:00:00-05:00,41.17350785035851,41.195619467998775,40.849189128957356,40.87130355834961,4000,0.0,0.0,0.0
2004-12-21 00:00:00-05:00,41.07031600136299,41.33566665649414,40.98186390848464,41.33566665649414,8100,0.0,0.0,0.0
2004-12-22 00:00:00-05:00,41.50518798828125,41.578895240380625,41.43885033669124,41.50518798828125,3200,0.0,0.0,0.0
2004-12-23 00:00:00-05:00,41.571531730791165,41.682092625139234,41.52730568600083,41.630496978759766,12500,0.0,0.0,0.0
2004-12-27 00:00:00-05:00,41.68342976427773,41.72814750101454,41.25862121582031,41.25862121582031,10400,0.621,0.0,0.0
2004-12-28 00:00:00-05:00,41.40020230733478,41.728126525878906,41.40020230733478,41.728126525878906,4600,0.0,0.0,0.0
2004-12-29 00:00:00-05:00,41.81011397142165,41.85483169555664,41.70577545811793,41.85483169555664,56200,0.0,0.0,0.0
2004-12-30 00:00:00-05:00,41.89209584668424,41.899550222355174,41.73558807373047,41.73558807373047,54700,0.0,0.0,0.0
2004-12-31 00:00:00-05:00,41.84738016303977,41.92190686025349,41.73558727420792,41.85483169555664,6100,0.0,0.0,0.0
2005-01-03 00:00:00-05:00,41.996433101932325,42.0038874773796,41.027571833606835,41.14681625366211,516300,0.0,0.0,0.0
2005-01-04 00:00:00-05:00,41.1766303901543,41.191536298877715,40.245032417526375,40.33446502685547,194700,0.0,0.0,0.0
2005-01-05 00:00:00-05:00,40.20031822047075,40.34192294426871,39.65626529785597,39.68607711791992,15300,0.0,0.0,0.0
2005-01-06 00:00:00-05:00,39.8574859240793,40.00654216308261,39.73824150147891,39.97673034667969,3800,0.0,0.0,0.0
2005-01-07 00:00:00-05:00,39.85003482536872,39.85748635804494,39.50720461902502,39.57427978515625,13200,0.0,0.0,0.0
2005-01-10 00:00:00-05:00,39.57427802664625,40.08852189180537,39.57427802664625,40.04380416870117,3300,0.0,0.0,0.0
2005-01-11 00:00:00-05:00,39.67861815890464,39.67861815890464,39.328336446234424,39.48484420776367,127400,0.0,0.0,0.0
2005-01-12 00:00:00-05:00,39.469938845556584,39.55191991501666,39.00041555448526,39.53701400756836,7100,0.0,0.0,0.0
2005-01-13 00:00:00-05:00,39.56683617473919,39.79787353611979,39.40287399291992,39.40287399291992,37700,0.0,0.0,0.0
2005-01-14 00:00:00-05:00,39.66372273625705,39.86494827270508,39.54447828980768,39.86494827270508,5600,0.0,0.0,0.0
2005-01-18 00:00:00-05:00,39.79785855012363,40.34191131591797,39.79785855012363,40.34191131591797,4900,0.0,0.0,0.0
2005-01-19 00:00:00-05:00,40.29719861816875,40.31955605805134,39.820220947265625,39.820220947265625,12800,0.0,0.0,0.0
2005-01-20 00:00:00-05:00,39.61899571026168,39.91710817797016,39.574277987202045,39.648807525634766,9200,0.0,0.0,0.0
2005-01-21 00:00:00-05:00,39.64881942885632,39.80532724203444,39.64136505126953,39.64136505126953,2300,0.0,0.0,0.0
2005-01-24 00:00:00-05:00,39.55191927131037,39.55191927131037,39.060035705566406,39.060035705566406,17100,0.0,0.0,0.0
2005-01-25 00:00:00-05:00,39.38050207896624,39.58917907515032,39.19418252008449,39.28361511230469,7200,0.0,0.0,0.0
2005-01-26 00:00:00-05:00,39.380496978759766,39.49974136728019,39.37304544829432,39.380496978759766,1400,0.0,0.0,0.0
2005-01-27 00:00:00-05:00,39.68608450323434,39.991648608224196,39.68608450323434,39.91712188720703,4800,0.0,0.0,0.0
2005-01-28 00:00:00-05:00,39.90220556581006,39.90220556581006,39.45503682731563,39.596641540527344,6800,0.0,0.0,0.0
2005-01-31 00:00:00-05:00,40.08852089321007,40.36427307128906,39.96927647758041,40.36427307128906,8600,0.0,0.0,0.0
2005-02-01 00:00:00-05:00,40.31955180858041,40.62511577448606,40.31955180858041,40.558040618896484,1845100,0.0,0.0,0.0
2005-02-02 00:00:00-05:00,40.580408310157054,40.84870898151197,40.580408310157054,40.759273529052734,3300,0.0,0.0,0.0
2005-02-03 00:00:00-05:00,40.55804309592912,40.625118255615234,40.50587384317449,40.625118255615234,1800,0.0,0.0,0.0
2005-02-04 00:00:00-05:00,40.6922093008301,41.22135925292969,40.6922093008301,41.22135925292969,642500,0.0,0.0,0.0
2005-02-07 00:00:00-05:00,41.325686241965414,41.42257322624191,41.06483710629968,41.16172409057617,13500,0.0,0.0,0.0
2005-02-08 00:00:00-05:00,41.21387594350678,41.362932123364175,41.16170670700821,41.318214416503906,12200,0.0,0.0,0.0
2005-02-09 00:00:00-05:00,41.437464810508,41.437464810508,40.56549072265625,40.56549072265625,11400,0.0,0.0,0.0
2005-02-10 00:00:00-05:00,40.72199147400762,40.75180327780068,40.43133349455053,40.677276611328125,686300,0.0,0.0,0.0
2005-02-11 00:00:00-05:00,40.65492649052696,41.206433626396816,40.51332465166008,41.10954666137695,9300,0.0,0.0,0.0
2005-02-14 00:00:00-05:00,41.23625556460994,41.23625556460994,40.99031232600837,41.176631927490234,11100,0.0,0.0,0.0
2005-02-15 00:00:00-05:00,41.124468965418856,41.40022122180487,41.03503633905268,41.27352523803711,9200,0.0,0.0,0.0
2005-02-16 00:00:00-05:00,41.176624651700436,41.43001937866211,41.072286148188745,41.43001937866211,3700,0.0,0.0,0.0
2005-02-17 00:00:00-05:00,41.50454786220825,41.50454786220825,40.99030685424805,40.99030685424805,7600,0.0,0.0,0.0
2005-02-18 00:00:00-05:00,40.99776215996412,40.99776215996412,40.84870875936545,40.96049880981445,3300,0.0,0.0,0.0
2005-02-22 00:00:00-05:00,40.75927433238475,40.75927433238475,40.245033264160156,40.245033264160156,8500,0.0,0.0,0.0
2005-02-23 00:00:00-05:00,40.31956731030345,40.47607796219359,40.29720986418142,40.41645431518555,3300,0.0,0.0,0.0
2005-02-24 00:00:00-05:00,40.408982876922,40.79652786254883,40.12577637915422,40.79652786254883,11800,0.0,0.0,0.0
2005-02-25 00:00:00-05:00,40.7071012639827,41.35549545288086,40.7071012639827,41.35549545288086,6400,0.0,0.0,0.0
2005-02-28 00:00:00-05:00,41.288424825583945,41.377857438252015,40.915785622620234,41.176631927490234,10900,0.0,0.0,0.0
2005-03-01 00:00:00-05:00,41.28841569970965,41.50454422896952,41.19898026379777,41.474735260009766,99900,0.0,0.0,0.0
2005-03-02 00:00:00-05:00,41.22134049737536,41.623788586477396,41.22134049737536,41.444923400878906,5000,0.0,0.0,0.0
2005-03-03 00:00:00-05:00,41.63869495069288,41.63869495069288,41.184074764192935,41.437469482421875,7800,0.0,0.0,0.0
2005-03-04 00:00:00-05:00,41.63870604400327,41.94427009359798,41.63870604400327,41.89955520629883,6500,0.0,0.0,0.0
2005-03-07 00:00:00-05:00,41.87719975611735,42.13059457112035,41.87719975611735,41.97408676147461,2500,0.0,0.0,0.0
2005-03-08 00:00:00-05:00,41.98153265072382,41.98153265072382,41.668514251708984,41.668514251708984,4200,0.0,0.0,0.0
2005-03-09 00:00:00-05:00,41.5269136880398,41.549271130453945,41.176631927490234,41.176631927490234,7300,0.0,0.0,0.0
2005-03-10 00:00:00-05:00,41.13191768515556,41.161729506241656,40.81890209278672,40.893428802490234,32300,0.0,0.0,0.0
2005-03-11 00:00:00-05:00,41.06484967606505,41.07230405414342,40.87107849121094,40.87107849121094,4400,0.0,0.0,0.0
2005-03-14 00:00:00-05:00,41.04248181735895,41.11700852116542,40.975406646728516,40.975406646728516,4300,0.0,0.0,0.0
2005-03-15 00:00:00-05:00,41.362951299171804,41.362951299171804,40.98286056518555,40.98286056518555,3000,0.0,0.0,0.0
2005-03-16 00:00:00-05:00,40.92321688509563,40.92321688509563,40.647464807535066,40.677276611328125,8200,0.0,0.0,0.0
2005-03-17 00:00:00-05:00,40.84124820012532,40.953041076660156,40.722003791893265,40.953041076660156,1400,0.0,0.0,0.0
2005-03-18 00:00:00-05:00,40.811436818464266,40.811436818464266,40.48351540311456,40.58040237426758,5900,0.0,0.0,0.0
2005-03-21 00:00:00-05:00,40.69594222735451,40.69594222735451,40.576686829394106,40.613956451416016,2600,0.005,0.0,0.0
2005-03-22 00:00:00-05:00,40.69592696586999,40.88971869192691,40.3232536315918,40.3232536315918,4200,0.0,0.0,0.0
2005-03-23 00:00:00-05:00,40.24872448943436,40.28599125827014,40.01766597341702,40.12201690673828,227800,0.0,0.0,0.0
2005-03-24 00:00:00-05:00,40.12201253316084,40.42760455353808,40.12201253316084,40.3232536315918,14200,0.0,0.0,0.0
2005-03-28 00:00:00-05:00,40.323253053801736,40.420148915441786,40.10710468390421,40.34561538696289,5300,0.0,0.0,0.0
2005-03-29 00:00:00-05:00,40.13692530929106,40.39779840348687,39.57791519165039,39.57791519165039,8300,0.0,0.0,0.0
2005-03-30 00:00:00-05:00,39.652440271899636,40.15182113647461,39.652440271899636,40.15182113647461,7400,0.0,0.0,0.0
2005-03-31 00:00:00-05:00,40.16673929855841,40.189098793101735,40.0474839222066,40.136924743652344,157000,0.0,0.0,0.0
2005-04-01 00:00:00-05:00,40.53940928698216,40.681026989209236,39.96549194815635,40.084747314453125,3400,0.0,0.0,0.0
2005-04-04 00:00:00-04:00,40.06239524232471,40.27109146118164,39.77171041083892,40.27109146118164,2300,0.0,0.0,0.0
2005-04-05 00:00:00-04:00,40.20400505335127,40.285993655632325,40.12201929434259,40.21146011352539,660800,0.0,0.0,0.0
2005-04-06 00:00:00-04:00,40.39779014195102,40.613941358953554,40.367975592722004,40.39033508300781,3600,0.0,0.0,0.0
2005-04-07 00:00:00-04:00,40.33815920082261,40.569217681884766,40.25617061582405,40.569217681884766,4200,0.0,0.0,0.0
2005-04-08 00:00:00-04:00,40.55431584332068,40.55431584332068,40.02512034247669,40.0400276184082,322100,0.0,0.0,0.0
2005-04-11 00:00:00-04:00,40.15928555782082,40.15928555782082,39.84623842972908,39.94313430786133,12300,0.0,0.0,0.0
2005-04-12 00:00:00-04:00,39.80150903301674,40.15927505493164,39.51082147464377,40.15927505493164,3200,0.0,0.0,0.0
2005-04-13 00:00:00-04:00,40.04748618232713,40.04748618232713,39.62263870239258,39.62263870239258,900,0.0,0.0,0.0
2005-04-14 00:00:00-04:00,39.63008535222505,39.63008535222505,39.041263580322266,39.041263580322266,7400,0.0,0.0,0.0
2005-04-15 00:00:00-04:00,38.79530120889486,38.97418569579664,38.213931602190875,38.26610565185547,8300,0.0,0.0,0.0
2005-04-18 00:00:00-04:00,38.40027315842184,38.54934310913086,38.102133257003786,38.54934310913086,17900,0.0,0.0,0.0
2005-04-19 00:00:00-04:00,38.78784557146671,39.063623072986154,38.78784557146671,39.041263580322266,12900,0.0,0.0,0.0
2005-04-20 00:00:00-04:00,39.16050456873161,39.16050456873161,38.71329497674287,38.75056457519531,12800,0.0,0.0,0.0
2005-04-21 00:00:00-04:00,38.94436402150417,39.39157089209784,38.817656450702344,39.361759185791016,11400,0.0,0.0,0.0
2005-04-22 00:00:00-04:00,39.167979470792304,39.167979470792304,38.80276107788086,38.80276107788086,5500,0.0,0.0,0.0
2005-04-25 00:00:00-04:00,39.071066670424095,39.294672920824624,39.0337999097812,39.078521728515625,7100,0.0,0.0,0.0
2005-04-26 00:00:00-04:00,39.19033167461122,39.354306018633245,38.81765831677706,38.92945861816406,6200,0.0,0.0,0.0
2005-04-27 00:00:00-04:00,38.66858742301891,38.96672439575195,38.37790266621359,38.96672439575195,8000,0.0,0.0,0.0
2005-04-28 00:00:00-04:00,38.594068103335864,38.594068103335864,38.11704646153426,38.18412780761719,13000,0.0,0.0,0.0
2005-04-29 00:00:00-04:00,38.19157728537959,38.392818450927734,37.68474115426142,38.392818450927734,3700,0.0,0.0,0.0
2005-05-02 00:00:00-04:00,38.482264026149984,38.60151942504361,38.370460845755275,38.57170486450195,3200,0.0,0.0,0.0
2005-05-03 00:00:00-04:00,38.683511206957796,38.84003339768641,38.48226717176106,38.48971939086914,9000,0.0,0.0,0.0
2005-05-04 00:00:00-04:00,38.7431247020779,39.22014617919922,38.6760433791532,39.22014617919922,6500,0.0,0.0,0.0
2005-05-05 00:00:00-04:00,39.16050411510505,39.44373372581876,39.05615606449777,39.205223083496094,6000,0.0,0.0,0.0
2005-05-06 00:00:00-04:00,39.495938831701686,39.495938831701686,39.2276134564338,39.36922836303711,5300,0.0,0.0,0.0
2005-05-09 00:00:00-04:00,39.36921940106661,39.64499693252614,39.279778577428594,39.563011169433594,5300,0.0,0.0,0.0
2005-05-10 00:00:00-04:00,39.50338200254139,39.50338200254139,39.16797536028041,39.24251174926758,3800,0.0,0.0,0.0
2005-05-11 00:00:00-04:00,39.43630094452599,39.43630094452599,39.09344208265137,39.33940505981445,2700,0.0,0.0,0.0
2005-05-12 00:00:00-04:00,39.48102721792659,39.48102721792659,38.780399294218476,38.81766891479492,5400,0.0,0.0,0.0
2005-05-13 00:00:00-04:00,38.89221309065915,38.95183938197395,38.467365458174264,38.60152816772461,4700,0.0,0.0,0.0
2005-05-16 00:00:00-04:00,38.579145699276154,39.14561080932617,38.579145699276154,39.14561080932617,2500,0.0,0.0,0.0
2005-05-17 00:00:00-04:00,39.11578542258549,39.42137738513415,38.94435606245052,39.41392517089844,6200,0.0,0.0,0.0
2005-05-18 00:00:00-04:00,39.6002736132208,40.15182861584358,39.6002736132208,40.12201690673828,18000,0.0,0.0,0.0
2005-05-19 00:00:00-04:00,40.17420232932459,40.36053906954729,40.17420232932459,40.33817672729492,25300,0.0,0.0,0.0
2005-05-20 00:00:00-04:00,40.271080579074855,40.315802403862,40.107106241399244,40.285987854003906,10000,0.0,0.0,0.0
2005-05-23 00:00:00-04:00,40.360535048298594,40.681034437011114,40.360535048298594,40.52450942993164,19900,0.0,0.0,0.0
2005-05-24 00:00:00-04:00,40.524497695341346,40.524497695341346,40.36797557685836,40.42760467529297,7700,0.0,0.0,0.0
2005-05-25 00:00:00-04:00,40.25618494788141,40.27109222712225,40.01767416657347,40.09966278076172,8700,0.0,0.0,0.0
2005-05-26 00:00:00-04:00,40.25617005698234,40.59157660765131,40.25617005698234,40.5543098449707,4600,0.0,0.0,0.0
2005-05-27 00:00:00-04:00,40.69591902837426,40.80772214415995,40.50958239757902,40.73318862915039,10200,0.0,0.0,0.0
2005-05-31 00:00:00-04:00,40.80773757895409,40.89717839944922,40.6661227095641,40.76301574707031,26400,0.0,0.0,0.0
2005-06-01 00:00:00-04:00,40.76301904394545,41.217681086749664,40.76301904394545,41.06861114501953,15200,0.0,0.0,0.0
2005-06-02 00:00:00-04:00,41.12824216832795,41.269857055745845,41.04625355440656,41.24749755859375,10200,0.0,0.0,0.0
2005-06-03 00:00:00-04:00,41.2922183634994,41.2922183634994,40.9046376440103,40.964263916015625,11900,0.0,0.0,0.0
2005-06-06 00:00:00-04:00,41.04624808739152,41.2176775103611,40.87481866442193,41.2027702331543,14100,0.0,0.0,0.0
2005-06-07 00:00:00-04:00,41.314587646056005,41.672353892648246,41.23259901476486,41.277320861816406,8300,0.0,0.0,0.0
2005-06-08 00:00:00-04:00,41.44129213509884,41.44129213509884,41.0388069152832,41.0388069152832,4000,0.0,0.0,0.0
2005-06-09 00:00:00-04:00,41.016436000184854,41.39656448364258,40.90463567931749,41.39656448364258,17100,0.0,0.0,0.0
2005-06-10 00:00:00-04:00,41.39656122892793,41.4710947703128,41.366746675065045,41.411468505859375,2100,0.0,0.0,0.0
2005-06-13 00:00:00-04:00,41.56054247493519,41.73942698448015,41.41147536746602,41.58290481567383,25200,0.0,0.0,0.0
2005-06-14 00:00:00-04:00,41.61272365929048,41.82887212468646,41.61272365929048,41.81396484375,5100,0.0,0.0,0.0
2005-06-15 00:00:00-04:00,42.0375567036603,42.06736841196947,41.724509598600854,41.96302032470703,6300,0.0,0.0,0.0
2005-06-16 00:00:00-04:00,42.00027653224966,42.37294980349685,42.00027653224966,42.36549758911133,8700,0.0,0.0,0.0
2005-06-17 00:00:00-04:00,42.715822611659206,42.715822611659206,42.38786822698935,42.484764099121094,12900,0.0,0.0,0.0
2005-06-20 00:00:00-04:00,42.34316659330184,42.45496694393806,42.253722900864865,42.440059661865234,7000,0.0,0.0,0.0
2005-06-21 00:00:00-04:00,42.410234555105646,42.477315881623916,42.2760719020691,42.298431396484375,4400,0.0,0.0,0.0
2005-06-22 00:00:00-04:00,42.596567678614754,42.596567678614754,42.216439245856236,42.43259048461914,4300,0.0,0.0,0.0
2005-06-23 00:00:00-04:00,42.350617379146215,42.4102465054191,41.90341030519249,41.9257698059082,9100,0.0,0.0,0.0
2005-06-24 00:00:00-04:00,41.81395689745018,41.81395689745018,41.34439043191663,41.39656448364258,15100,0.0,0.0,0.0
2005-06-27 00:00:00-04:00,41.39655600118175,41.51581135830084,41.32201962593732,41.50090408325195,14700,0.0,0.0,0.0
2005-06-28 00:00:00-04:00,41.672351027097555,42.16427993774414,41.672351027097555,42.16427993774414,68800,0.0,0.0,0.0
2005-06-29 00:00:00-04:00,42.2760719020691,42.33569816826732,42.19408329818316,42.298431396484375,10500,0.0,0.0,0.0
2005-06-30 00:00:00-04:00,42.44004204305772,42.44004204305772,42.09718322753906,42.09718322753906,2600,0.0,0.0,0.0
2005-07-01 00:00:00-04:00,42.33570166643901,42.41769027709961,42.171727288390464,42.41769027709961,3000,0.0,0.0,0.0
2005-07-05 00:00:00-04:00,42.44749475666753,42.88724941949284,42.372958381366296,42.83507537841797,2700,0.0,0.0,0.0
2005-07-06 00:00:00-04:00,42.96923503260623,43.043768559469754,42.7083620020403,42.7307243347168,8300,0.0,0.0,0.0
2005-07-07 00:00:00-04:00,42.3804208667314,42.768001556396484,42.268617705824596,42.768001556396484,11000,0.0,0.0,0.0
2005-07-08 00:00:00-04:00,42.93196849006181,43.62514114379883,42.88724950806071,43.62514114379883,12000,0.0,0.0,0.0
2005-07-11 00:00:00-04:00,43.70714469385823,44.11708494771097,43.69223741366521,44.064910888671875,52000,0.0,0.0,0.0
2005-07-12 00:00:00-04:00,44.1170746118228,44.29595908895649,43.88601893114583,44.0947151184082,74000,0.0,0.0,0.0
2005-07-13 00:00:00-04:00,44.13943883632996,44.13943883632996,43.87856574782228,43.91583251953125,33700,0.0,0.0,0.0
2005-07-14 00:00:00-04:00,44.310861718682176,44.310861718682176,43.57296723738972,43.692222595214844,8200,0.0,0.0,0.0
2005-07-15 00:00:00-04:00,43.550615473619914,43.81148572662676,43.42390503410765,43.75931167602539,14800,0.0,0.0,0.0
2005-07-18 00:00:00-04:00,43.80403685585509,43.80403685585509,43.490989685058594,43.490989685058594,11100,0.0,0.0,0.0
2005-07-19 00:00:00-04:00,43.50590067616188,44.10963272925095,43.50590067616188,44.064910888671875,69300,0.0,0.0,0.0
2005-07-20 00:00:00-04:00,44.03510382388031,44.601566314697266,43.938207914025064,44.601566314697266,4600,0.0,0.0,0.0
2005-07-21 00:00:00-04:00,44.47483274537572,44.50464729342889,43.878556000671324,43.96054458618164,30900,0.0,0.0,0.0
2005-07-22 00:00:00-04:00,44.11707270269214,44.527015686035156,44.02017967324032,44.527015686035156,4200,0.0,0.0,0.0
2005-07-25 00:00:00-04:00,44.586642004573896,44.623908773124434,44.16179458789892,44.236328125,10800,0.0,0.0,0.0
2005-07-26 00:00:00-04:00,44.33322537887066,44.46738802444965,44.15434374694686,44.400306701660156,7300,0.0,0.0,0.0
2005-07-27 00:00:00-04:00,44.489745943370046,44.489745943370046,44.1021652968865,44.45993423461914,88600,0.0,0.0,0.0
2005-07-28 00:00:00-04:00,44.59409513176291,44.99658019524813,44.48974420376238,44.92204666137695,5900,0.0,0.0,0.0
2005-07-29 00:00:00-04:00,45.04876335341957,45.14565924167703,44.72081175744314,44.795345306396484,9500,0.0,0.0,0.0
2005-08-01 00:00:00-04:00,45.0562220366462,45.13821065305007,44.929511581311246,44.981685638427734,7900,0.0,0.0,0.0
2005-08-02 00:00:00-04:00,45.24255429445756,45.31708784203453,45.108391634200956,45.220191955566406,9800,0.0,0.0,0.0
2005-08-03 00:00:00-04:00,45.235088072710795,45.26490262169436,45.05620646535318,45.10092544555664,7300,0.0,0.0,0.0
2005-08-04 00:00:00-04:00,44.97421660875,44.97421660875,44.489740152883726,44.534461975097656,8900,0.0,0.0,0.0
2005-08-05 00:00:00-04:00,44.42267955752086,44.42267955752086,43.72205440906663,43.93820571899414,16400,0.0,0.0,0.0
2005-08-08 00:00:00-04:00,44.042539581613205,44.04999179807519,43.58787760908247,43.64750671386719,7100,0.0,0.0,0.0
2005-08-09 00:00:00-04:00,43.804026996024554,43.84874882272128,43.64750486749418,43.789119720458984,9900,0.0,0.0,0.0
2005-08-10 00:00:00-04:00,44.01272518038352,44.221424204574596,43.513344220821324,43.67731857299805,42800,0.0,0.0,0.0
2005-08-11 00:00:00-04:00,43.78169032523952,44.109642028808594,43.76678304190362,44.109642028808594,5400,0.0,0.0,0.0
2005-08-12 00:00:00-04:00,43.975466303443696,43.975466303443696,43.48353747208523,43.848758697509766,13600,0.0,0.0,0.0
2005-08-15 00:00:00-04:00,43.789137655874306,44.21398523205242,43.62516040076232,44.0798225402832,17000,0.0,0.0,0.0
2005-08-16 00:00:00-04:00,43.893475847587574,43.893475847587574,43.41645431518555,43.41645431518555,7200,0.0,0.0,0.0
2005-08-17 00:00:00-04:00,43.40900388932114,43.595340610811014,43.24502666456278,43.52825927734375,16000,0.0,0.0,0.0
2005-08-18 00:00:00-04:00,42.946879177908,43.28974084570311,42.946879177908,43.17048263549805,28200,0.0,0.0,0.0
2005-08-19 00:00:00-04:00,43.32699641410155,43.40898499078619,43.23010056499503,43.34190368652344,12200,0.0,0.0,0.0
2005-08-22 00:00:00-04:00,43.43882425498444,43.58044201121535,43.24503527708069,43.453731536865234,118500,0.0,0.0,0.0
2005-08-23 00:00:00-04:00,43.625143985821026,43.625143985821026,43.252470614082874,43.44626235961914,7000,0.0,0.0,0.0
2005-08-24 00:00:00-04:00,43.41645701450162,43.833852302940265,43.19285351269522,43.38664245605469,46300,0.0,0.0,0.0
2005-08-25 00:00:00-04:00,43.49098091452762,43.632598614082106,43.379180610074876,43.498435974121094,23800,0.0,0.0,0.0
2005-08-26 00:00:00-04:00,43.52825245046797,43.52825245046797,43.021416420044744,43.06613540649414,12000,0.0,0.0,0.0
2005-08-29 00:00:00-04:00,42.9319776024438,43.34937286376953,42.753095949927484,43.34937286376953,38900,0.0,0.0,0.0
2005-08-30 00:00:00-04:00,43.274827329531014,43.356813072316946,43.08849066786225,43.33445358276367,17100,0.0,0.0,0.0
2005-08-31 00:00:00-04:00,43.23757772726678,43.93820571899414,43.23757772726678,43.93820571899414,9500,0.0,0.0,0.0
2005-09-01 00:00:00-04:00,44.23633572845097,44.34068667890964,44.03509457503378,44.27360534667969,6100,0.0,0.0,0.0
2005-09-02 00:00:00-04:00,44.333216484167686,44.333216484167686,43.796566009521484,43.796566009521484,11100,0.0,0.0,0.0
2005-09-06 00:00:00-04:00,44.20652606002174,44.482303619384766,44.17671150136822,44.482303619384766,17700,0.0,0.0,0.0
2005-09-07 00:00:00-04:00,44.54937178646541,44.73570845806183,44.45247592111912,44.69098663330078,51900,0.0,0.0,0.0
2005-09-08 00:00:00-04:00,44.63135231418214,44.63135231418214,44.34811982840572,44.4897346496582,5800,0.0,0.0,0.0
2005-09-09 00:00:00-04:00,44.497196325300166,44.81769561767578,44.497196325300166,44.81769561767578,4800,0.0,0.0,0.0
2005-09-12 00:00:00-04:00,44.77297943493846,45.05621199852118,44.7058981131234,44.892234802246094,13100,0.0,0.0,0.0
2005-09-13 00:00:00-04:00,44.75807107601489,44.78043341159384,44.534467623130595,44.60900115966797,7500,0.0,0.0,0.0
2005-09-14 00:00:00-04:00,44.5941084571041,44.60156067540922,44.13944637212322,44.20652770996094,5400,0.0,0.0,0.0
2005-09-15 00:00:00-04:00,44.32577093579926,44.34067821158951,44.079805150168305,44.12452697753906,5300,0.0,0.0,0.0
2005-09-16 00:00:00-04:00,44.1990718781732,44.49721178409501,44.1990718781732,44.37795639038086,10600,0.0,0.0,0.0
2005-09-19 00:00:00-04:00,44.48974656482285,44.48974656482285,44.18415451049805,44.18415451049805,16600,0.0,0.0,0.0
2005-09-20 00:00:00-04:00,44.422669899333535,44.45993951542524,43.67732306985967,43.75931167602539,9900,0.0,0.0,0.0
2005-09-21 00:00:00-04:00,43.61022947025655,43.62513674384406,43.140663146972656,43.140663146972656,14000,0.0,0.0,0.0
2005-09-22 00:00:00-04:00,42.991596208814315,43.24501419067383,42.72327095234284,43.24501419067383,13900,0.0,0.0,0.0
2005-09-23 00:00:00-04:00,42.976691712347915,43.535701751708984,42.96923949619616,43.535701751708984,7100,0.0,0.0,0.0
2005-09-26 00:00:00-04:00,43.78167401433492,43.93074110561168,43.59533730696645,43.75931167602539,11600,0.0,0.0,0.0
2005-09-27 00:00:00-04:00,43.78912057918833,43.856201898912865,43.38663266084111,43.68477249145508,43800,0.0,0.0,0.0
2005-09-28 00:00:00-04:00,43.8263845280121,43.8263845280121,43.37917765413041,43.610233306884766,12700,0.0,0.0,0.0
2005-09-29 00:00:00-04:00,43.62515030038751,44.17670822143555,43.468628143986855,44.17670822143555,38500,0.0,0.0,0.0
2005-09-30 00:00:00-04:00,44.2437794892479,44.430116159709165,44.10216180000328,44.340675354003906,11900,0.0,0.0,0.0
2005-10-03 00:00:00-04:00,44.68354618117532,44.78789428981721,44.48975439946378,44.57174301147461,21200,0.0,0.0,0.0
2005-10-04 00:00:00-04:00,44.75062234098664,44.772981835032844,44.191612243652344,44.191612243652344,11200,0.0,0.0,0.0
2005-10-05 00:00:00-04:00,43.87856136155619,43.87856136155619,42.85743713378906,42.85743713378906,42500,0.0,0.0,0.0
2005-10-06 00:00:00-04:00,42.84253316525518,43.021417645967034,42.074826881093266,42.589115142822266,91100,0.0,0.0,0.0
2005-10-07 00:00:00-04:00,42.782918166346676,42.90217357046672,42.64875548130248,42.77546310424805,11800,0.0,0.0,0.0
2005-10-10 00:00:00-04:00,42.86487684466264,42.86487684466264,42.261147986952025,42.387855529785156,28600,0.0,0.0,0.0
2005-10-11 00:00:00-04:00,42.48476561298892,42.64128775128301,41.88848876953125,41.88848876953125,11800,0.0,0.0,0.0
2005-10-12 00:00:00-04:00,41.86612765754285,41.92575676526862,41.098421376843746,41.411468505859375,13400,0.0,0.0,0.0
2005-10-13 00:00:00-04:00,41.277307986882505,41.4561896327464,40.912086791395595,41.36674880981445,16300,0.0,0.0,0.0
2005-10-14 00:00:00-04:00,41.724517303558095,42.03010940551758,41.3667511483328,42.03010940551758,10500,0.0,0.0,0.0
2005-10-17 00:00:00-04:00,42.08227044997003,42.17916630891302,41.77667844247763,42.05245590209961,9300,0.0,0.0,0.0
2005-10-18 00:00:00-04:00,42.04501468164448,42.09718873242548,41.5679931640625,41.5679931640625,3300,0.0,0.0,0.0
2005-10-19 00:00:00-04:00,41.336924073740136,42.2238883972168,41.18040196134018,42.2238883972168,12600,0.0,0.0,0.0
2005-10-20 00:00:00-04:00,42.22391252266957,42.35807522231794,41.329495472771605,41.57545852661133,29200,0.0,0.0,0.0
2005-10-21 00:00:00-04:00,41.84376440192635,42.11954189218413,41.81394985074387,41.94811248779297,10800,0.0,0.0,0.0
2005-10-24 00:00:00-04:00,42.13445462130774,42.82017517089844,42.13445462130774,42.82017517089844,60300,0.0,0.0,0.0
2005-10-25 00:00:00-04:00,42.65619972873005,42.87235099682712,42.29843358322762,42.57421112060547,19200,0.0,0.0,0.0
2005-10-26 00:00:00-04:00,42.46987071492859,42.93944010994566,42.32825581185434,42.358070373535156,18900,0.0,0.0,0.0
2005-10-27 00:00:00-04:00,42.261155469654554,42.298422233364384,41.46363478452247,41.56052780151367,92500,0.0,0.0,0.0
2005-10-28 00:00:00-04:00,41.85122979028407,42.238807678222656,41.560542109420936,42.238807678222656,5500,0.0,0.0,0.0
2005-10-31 00:00:00-05:00,42.618927562615006,43.09594902959593,42.618927562615006,42.63383483886719,55300,0.0,0.0,0.0
2005-11-01 00:00:00-05:00,42.80525702994014,42.81270924517298,42.55183906294716,42.79780197143555,18200,0.0,0.0,0.0
2005-11-02 00:00:00-05:00,42.89470422370824,43.56551742553711,42.89470422370824,43.56551742553711,18100,0.0,0.0,0.0
2005-11-03 00:00:00-05:00,43.781666110618666,43.99036227534913,43.59532943688876,43.62514114379883,9400,0.0,0.0,0.0
2005-11-04 00:00:00-05:00,43.789122717998225,43.789122717998225,43.379182563335256,43.640052795410156,13300,0.0,0.0,0.0
2005-11-07 00:00:00-05:00,43.84129702163678,43.84129702163678,43.52825274131021,43.77421569824219,8900,0.0,0.0,0.0
2005-11-08 00:00:00-05:00,43.58042526245117,43.632599307345856,43.356818963448575,43.58042526245117,10800,0.0,0.0,0.0
2005-11-09 00:00:00-05:00,43.58042229659429,43.90092160386281,43.31209703066976,43.692222595214844,7100,0.0,0.0,0.0
2005-11-10 00:00:00-05:00,43.662417187626794,44.00527603543113,43.230114676095084,43.88602066040039,11500,0.0,0.0,0.0
2005-11-11 00:00:00-05:00,43.96055472530736,44.16179870617376,43.85620662632607,44.1170768737793,14800,0.0,0.0,0.0
2005-11-14 00:00:00-05:00,44.16180113948406,44.17670841777027,43.81894226871906,43.99037170410156,19900,0.0,0.0,0.0
2005-11-15 00:00:00-05:00,44.04999893437127,44.10962804881617,43.4760843458388,43.632606506347656,18800,0.0,0.0,0.0
2005-11-16 00:00:00-05:00,43.729500552784536,43.729500552784536,43.32701539416475,43.595340728759766,61100,0.0,0.0,0.0
2005-11-17 00:00:00-05:00,43.85620952146287,44.28105700580268,43.789128190079076,44.258697509765625,11600,0.0,0.0,0.0
2005-11-18 00:00:00-05:00,44.42265954072087,44.64626581203984,44.27359248420402,44.616451263427734,27700,0.0,0.0,0.0
2005-11-21 00:00:00-05:00,44.66118466203662,45.04131317138672,44.47484793795948,45.04131317138672,23300,0.0,0.0,0.0
2005-11-22 00:00:00-05:00,44.9816699449936,45.354343276247135,44.83260288710968,45.287261962890625,18800,0.0,0.0,0.0
2005-11-23 00:00:00-05:00,45.29472434671009,45.577956920382654,45.279817069856556,45.406524658203125,24100,0.0,0.0,0.0
2005-11-25 00:00:00-05:00,45.31709737299334,45.45871512375582,45.227656528435524,45.399085998535156,5500,0.0,0.0,0.0
2005-11-28 00:00:00-05:00,45.36180866720388,45.36180866720388,44.6313691127667,44.72080993652344,16200,0.0,0.0,0.0
2005-11-29 00:00:00-05:00,44.840072075007164,45.04876830965527,44.74317617608927,44.825164794921875,19100,0.0,0.0,0.0
2005-11-30 00:00:00-05:00,44.92949463911445,45.1903676695987,44.847506053627164,44.97421646118164,18600,0.0,0.0,0.0
2005-12-01 00:00:00-05:00,45.27981392332825,45.7866499280388,45.22018482005777,45.74192810058594,20000,0.0,0.0,0.0
2005-12-02 00:00:00-05:00,45.63013145421993,45.712120056152344,45.421432419317675,45.712120056152344,10100,0.0,0.0,0.0
2005-12-05 00:00:00-05:00,45.67484638425885,45.67484638425885,45.242546762391854,45.54068374633789,11500,0.0,0.0,0.0
2005-12-06 00:00:00-05:00,45.667391470080986,45.89844996468803,45.57049560546875,45.57049560546875,10800,0.0,0.0,0.0
2005-12-07 00:00:00-05:00,45.570506128109336,45.652494736846066,45.20528776244723,45.35435485839844,20000,0.0,0.0,0.0
2005-12-08 00:00:00-05:00,45.339459716587676,45.69722593809212,45.190389746809196,45.399085998535156,5900,0.0,0.0,0.0
2005-12-09 00:00:00-05:00,45.5779675957736,45.69722299526188,45.324549516451874,45.615234375,39800,0.0,0.0,0.0
2005-12-12 00:00:00-05:00,45.87608619539171,45.87608619539171,45.46614610246646,45.69720458984375,8500,0.0,0.0,0.0
2005-12-13 00:00:00-05:00,45.7121152520645,45.883544654783115,45.46614947211688,45.74938201904297,10200,0.0,0.0,0.0
2005-12-14 00:00:00-05:00,45.78665499103244,46.010258466478085,45.63013284254774,45.838829040527344,6000,0.0,0.0,0.0
2005-12-15 00:00:00-05:00,45.809028102916855,45.809028102916855,45.33946151787804,45.4736213684082,42300,0.0,0.0,0.0
2005-12-16 00:00:00-05:00,45.652509401198586,45.652509401198586,45.30965042114258,45.30965042114258,7900,0.0,0.0,0.0
2005-12-19 00:00:00-05:00,45.264898333895296,45.264898333895296,44.683528900146484,44.683528900146484,56800,0.0,0.0,0.0
2005-12-20 00:00:00-05:00,44.720817121240316,45.07858331701748,44.56429494370149,44.77299118041992,16000,0.0,0.0,0.0
2005-12-21 00:00:00-05:00,45.09348757656182,45.391627474707704,45.033858459623524,45.242557525634766,51700,0.0,0.0,0.0
2005-12-22 00:00:00-05:00,45.45126186719873,45.49598371289098,45.22765832528406,45.4736213684082,110100,0.0,0.0,0.0
2005-12-23 00:00:00-05:00,45.61520669309622,45.67483293501926,45.57048487920048,45.65247344970703,10600,0.0,0.0,0.0
2005-12-27 00:00:00-05:00,45.854487016878636,45.854487016878636,45.04050066224192,45.13848114013672,27300,0.678,0.0,0.0
2005-12-28 00:00:00-05:00,45.25907055886993,45.40980908937299,45.00281591954422,45.31182861328125,19300,0.0,0.0,0.0
2005-12-29 00:00:00-05:00,45.28168170013552,45.4474914905817,45.17616271972656,45.17616271972656,22300,0.0,0.0,0.0
2005-12-30 00:00:00-05:00,44.82192754075726,45.00281145935502,44.72394707437628,44.88222122192383,54700,0.0,0.0,0.0
2006-01-03 00:00:00-05:00,45.16109008963705,45.703747649491156,44.46769687435532,45.628379821777344,174600,0.0,0.0,0.0
2006-01-04 00:00:00-05:00,45.6736083572058,46.02784354239265,45.6660727229907,46.00523376464844,40900,0.0,0.0,0.0
2006-01-05 00:00:00-05:00,45.990148147699436,46.12581253051758,45.86201939721644,46.12581253051758,45300,0.0,0.0,0.0
2006-01-06 00:00:00-05:00,46.31422797011398,46.630776232149074,46.12580556411279,46.57801818847656,13000,0.0,0.0,0.0
2006-01-09 00:00:00-05:00,46.713690910623896,47.09053579006594,46.69861677043443,46.98501968383789,55200,0.0,0.0,0.0
2006-01-10 00:00:00-05:00,46.79659411113818,47.2488067861542,46.76644583277763,47.196048736572266,23100,0.0,0.0,0.0
2006-01-11 00:00:00-05:00,47.294037596454785,47.294037596454785,46.917192675367495,47.26388931274414,41700,0.0,0.0,0.0
2006-01-12 00:00:00-05:00,47.24880836780412,47.24880836780412,46.87196350097656,46.87196350097656,11400,0.0,0.0,0.0
2006-01-13 00:00:00-05:00,47.04530113862162,47.04530113862162,46.811659214172856,46.91717529296875,30600,0.0,0.0,0.0
2006-01-17 00:00:00-05:00,46.74382781982422,46.781511723581566,46.5177215221826,46.74382781982422,33300,0.0,0.0,0.0
2006-01-18 00:00:00-05:00,46.38206545925066,46.75891031437926,46.351917180816834,46.713687896728516,25900,0.0,0.0,0.0
2006-01-19 00:00:00-05:00,46.841815782469865,47.41461868670505,46.80412899757051,47.34678649902344,30500,0.0,0.0,0.0
2006-01-20 00:00:00-05:00,47.376937212581154,47.376937212581154,46.61570897000802,46.728763580322266,76500,0.0,0.0,0.0
2006-01-23 00:00:00-05:00,46.804142871019685,46.924733143187545,46.608184756909004,46.82675552368164,22400,0.0,0.0,0.0
2006-01-24 00:00:00-05:00,47.165898004358255,47.45983649741838,47.1282112231165,47.399539947509766,63700,0.0,0.0,0.0
2006-01-25 00:00:00-05:00,47.53520968415449,47.63319015128503,47.15836482991188,47.41461944580078,31600,0.0,0.0,0.0
2006-01-26 00:00:00-05:00,47.63318397612415,48.03263854980469,47.48244547894922,48.03263854980469,27900,0.0,0.0,0.0
2006-01-27 00:00:00-05:00,48.04017868511109,48.53007522367093,48.03264017869296,48.243675231933594,24800,0.0,0.0,0.0
2006-01-30 00:00:00-05:00,48.33412879690105,48.45472193495795,48.20600290036357,48.29644775390625,20800,0.0,0.0,0.0
2006-01-31 00:00:00-05:00,48.205985131610866,48.54514889473198,48.1155431865038,48.30396270751953,45200,0.0,0.0,0.0
2006-02-01 00:00:00-05:00,48.36426557257977,48.63559431844468,48.23613970653132,48.53761672973633,9900,0.0,0.0,0.0
2006-02-02 00:00:00-05:00,48.545164518114106,48.55269727624238,47.821620099105075,47.99496841430664,25700,0.0,0.0,0.0
2006-02-03 00:00:00-05:00,48.040180129156255,48.183380129329386,47.61811288508582,47.84421920776367,31300,0.0,0.0,0.0
2006-02-06 00:00:00-05:00,47.95727904863449,48.175846888558226,47.693485914094786,48.12308883666992,18900,0.0,0.0,0.0
2006-02-07 00:00:00-05:00,48.16829747236065,48.175833102574785,47.42968208218821,47.437217712402344,116500,0.0,0.0,0.0
2006-02-08 00:00:00-05:00,47.55781024084876,47.75377113714157,47.22618786840382,47.640716552734375,71900,0.0,0.0,0.0
2006-02-09 00:00:00-05:00,47.768853831785236,48.07786649275119,47.467376802751026,47.542747497558594,20500,0.0,0.0,0.0
2006-02-10 00:00:00-05:00,47.40708384582475,47.57289362673696,47.00762634499071,47.51259994506836,20000,0.0,0.0,0.0
2006-02-13 00:00:00-05:00,47.35432588199463,47.35432588199463,46.96240688759543,47.15082931518555,34800,0.0,0.0,0.0
2006-02-14 00:00:00-05:00,47.1734350787254,47.701018406175145,46.91718048396968,47.67840576171875,27900,0.0,0.0,0.0
2006-02-15 00:00:00-05:00,47.58043204898329,47.93466425651219,47.5427481386204,47.87437057495117,28600,0.0,0.0,0.0
2006-02-16 00:00:00-05:00,48.123084194313876,48.417022705078125,48.085400285900135,48.417022705078125,31300,0.0,0.0,0.0
2006-02-17 00:00:00-05:00,48.417025915165304,48.545157537482666,48.19845808183523,48.401954650878906,16900,0.0,0.0,0.0
2006-02-21 00:00:00-05:00,48.54516671069253,48.605457529427035,47.99497058203505,48.22107696533203,23900,0.0,0.0,0.0
2006-02-22 00:00:00-05:00,48.273824816382586,48.7109604471621,48.07786389556682,48.688350677490234,28600,0.0,0.0,0.0
2006-02-23 00:00:00-05:00,48.560226500192414,48.816478232289306,48.386875343035854,48.53761672973633,22400,0.0,0.0,0.0
2006-02-24 00:00:00-05:00,48.492406559507394,48.80142218595352,48.40196744948238,48.778812408447266,19400,0.0,0.0,0.0
2006-02-27 00:00:00-05:00,48.88432540481218,49.09535764827957,48.84663861125127,48.96723175048828,24200,0.0,0.0,0.0
2006-02-28 00:00:00-05:00,48.8617026596014,48.8617026596014,48.258748623850636,48.394412994384766,47500,0.0,0.0,0.0
2006-03-01 00:00:00-05:00,48.65821594925579,49.065209167257045,48.43964519791082,49.03506088256836,29000,0.0,0.0,0.0
2006-03-02 00:00:00-05:00,48.95215533420524,49.072748474923344,48.74866159699024,48.982303619384766,23600,0.0,0.0,0.0
2006-03-03 00:00:00-05:00,48.801403710238084,49.223468064426214,48.75618417234523,48.79386520385742,22000,0.0,0.0,0.0
2006-03-06 00:00:00-05:00,48.79387132223597,48.85416788045088,48.303971849583355,48.43963623046875,35500,0.0,0.0,0.0
2006-03-07 00:00:00-05:00,48.04771660760146,48.13815856324717,47.7311683252925,47.76885223388672,28400,0.0,0.0,0.0
2006-03-08 00:00:00-05:00,47.65579073489245,47.99495161334318,47.36185226526765,47.85928726196289,277400,0.0,0.0,0.0
2006-03-09 00:00:00-05:00,47.91957925683039,48.13814702432438,47.648250579833984,47.648250579833984,21600,0.0,0.0,0.0
2006-03-10 00:00:00-05:00,47.71609856140277,48.153237116348436,47.46737956670232,48.12308883666992,8200,0.0,0.0,0.0
2006-03-13 00:00:00-05:00,48.46224185760407,48.60543896638166,48.153226372493535,48.334110260009766,125000,0.0,0.0,0.0
2006-03-14 00:00:00-05:00,48.160776142020595,48.83155955904499,48.160776142020595,48.81648254394531,27800,0.0,0.0,0.0
2006-03-15 00:00:00-05:00,48.79387203508284,49.28377151489257,48.79387203508284,49.28377151489258,28800,0.0,0.0,0.0
2006-03-16 00:00:00-05:00,49.44960707036984,49.63802959212854,49.283794331190336,49.30640411376953,61800,0.0,0.0,0.0
2006-03-17 00:00:00-05:00,49.42695988190514,49.532475954220466,49.253608762990154,49.4721794128418,61700,0.0,0.0,0.0
2006-03-20 00:00:00-05:00,49.42697494613798,49.56266002491834,49.178218009861716,49.404361724853516,32500,0.01,0.0,0.0
2006-03-21 00:00:00-05:00,49.3063674937113,49.63049798911985,48.79378007488113,48.8465461730957,20000,0.0,0.0,0.0
2006-03-22 00:00:00-05:00,48.74854399747025,49.464661845962176,48.680704341347,49.411895751953125,27200,0.0,0.0,0.0
2006-03-23 00:00:00-05:00,49.34404365380966,49.50988156994311,49.215898264460044,49.47972869873047,28500,0.0,0.0,0.0
2006-03-24 00:00:00-05:00,49.5701952479055,49.78879928588867,49.47219696300815,49.78879928588867,24100,0.0,0.0,0.0
2006-03-27 00:00:00-05:00,49.82647242257634,49.82647242257634,49.60033454081625,49.76616668701172,34800,0.0,0.0,0.0
2006-03-28 00:00:00-05:00,49.75111018586768,50.05263321599672,49.43451359221524,49.61542510986328,33600,0.0,0.0,0.0
2006-03-29 00:00:00-05:00,49.77372425320125,50.399383544921875,49.751111031994846,50.399383544921875,26900,0.0,0.0,0.0
2006-03-30 00:00:00-05:00,50.44460324489711,50.595367617911236,50.09031415715489,50.323997497558594,22100,0.0,0.0,0.0
2006-03-31 00:00:00-05:00,50.40692320234853,50.40692320234853,50.01494153119223,50.399383544921875,35500,0.0,0.0,0.0
2006-04-03 00:00:00-04:00,50.42199253715452,50.731055203916696,50.08278274536133,50.08278274536133,54800,0.0,0.0,0.0
2006-04-04 00:00:00-04:00,50.09784970834796,50.43706520652843,49.909398570827356,50.3013801574707,29600,0.0,0.0,0.0
2006-04-05 00:00:00-04:00,50.39183466710769,50.62551799598762,50.082777782046804,50.56521224975586,42400,0.0,0.0,0.0
2006-04-06 00:00:00-04:00,50.5350584892085,50.97226651510231,50.24107517033187,50.64059066772461,22400,0.0,0.0,0.0
2006-04-07 00:00:00-04:00,50.71596977336825,50.7913490790003,49.871712348573524,49.91693878173828,30000,0.0,0.0,0.0
2006-04-10 00:00:00-04:00,49.90184662945936,50.11291668241886,49.570176619807654,49.67570877075195,33300,0.0,0.0,0.0
2006-04-11 00:00:00-04:00,49.864174418490265,49.864174418490265,49.004837652184015,49.05006408691406,123600,0.0,0.0,0.0
2006-04-12 00:00:00-04:00,49.16315185794588,49.40436917313577,49.08777252527549,49.38928985595703,13000,0.0,0.0,0.0
2006-04-13 00:00:00-04:00,49.24605025666237,49.72094502987257,49.22343704142456,49.55510711669922,19400,0.0,0.0,0.0
2006-04-17 00:00:00-04:00,49.61540759773937,49.72093975837517,49.20835251339928,49.44956970214844,24700,0.0,0.0,0.0
2006-04-18 00:00:00-04:00,49.84909406485993,50.69335725231052,49.743561885312666,50.67828369140625,33600,0.0,0.0,0.0
2006-04-19 00:00:00-04:00,50.85920342865278,51.1531867980957,50.61798615754389,51.1531867980957,31200,0.0,0.0,0.0
2006-04-20 00:00:00-04:00,51.16825985725531,51.16825985725531,50.62552531591321,50.97227478027344,18500,0.0,0.0,0.0
2006-04-21 00:00:00-04:00,51.16071202418712,51.16071202418712,50.57273970007975,50.791343688964844,27300,0.0,0.0,0.0
2006-04-24 00:00:00-04:00,50.80642282512105,50.80642282512105,50.308909110519984,50.49736022949219,19900,0.0,0.0,0.0
2006-04-25 00:00:00-04:00,50.610440096380614,50.610440096380614,50.2033849245645,50.38429641723633,13100,0.0,0.0,0.0
2006-04-26 00:00:00-04:00,50.51999270812963,50.84412898640593,50.36923405589253,50.51245880126953,18600,0.0,0.0,0.0
2006-04-27 00:00:00-04:00,50.18077256682765,50.783818554165215,49.79633060612313,50.16569900512695,42700,0.0,0.0,0.0
2006-04-28 00:00:00-04:00,50.14308544921733,50.65567286846936,50.12801188588935,50.429534912109375,38000,0.0,0.0,0.0
2006-05-01 00:00:00-04:00,50.700897965911246,50.79889049151425,50.04508590698242,50.04508590698242,32400,0.0,0.0,0.0
2006-05-02 00:00:00-04:00,50.35415530335732,50.55768003801664,50.15816447478191,50.550140380859375,12900,0.0,0.0,0.0
2006-05-03 00:00:00-04:00,50.53508377075195,50.64061600206342,50.21094741713096,50.53508377075195,19900,0.0,0.0,0.0
2006-05-04 00:00:00-04:00,50.60287585636521,50.9797779711183,50.58780230224583,50.9571647644043,20100,0.0,0.0,0.0
2006-05-05 00:00:00-04:00,51.18332887413715,51.59791791610294,51.175789218516776,51.4848518371582,14100,0.0,0.0,0.0
2006-05-08 00:00:00-04:00,51.48485697353961,51.52254375325695,51.236100072899625,51.43962478637695,33700,0.0,0.0,0.0
2006-05-09 00:00:00-04:00,51.40947621387099,51.56024059857446,51.303944020115175,51.47732162475586,21600,0.0,0.0,0.0
2006-05-10 00:00:00-04:00,51.30393738835096,51.3868563514511,51.092873028122405,51.26625061035156,46900,0.0,0.0,0.0
2006-05-11 00:00:00-04:00,51.14562630902789,51.14562630902789,50.18075761758791,50.188297271728516,24000,0.0,0.0,0.0
2006-05-12 00:00:00-04:00,49.77369553732626,49.85661446796049,49.2611083984375,49.2611083984375,31700,0.0,0.0,0.0
2006-05-15 00:00:00-04:00,48.84652879468611,49.16312527133621,48.49223979654709,49.11035919189453,42900,0.0,0.0,0.0
2006-05-16 00:00:00-04:00,49.05757906048118,49.17818474277123,48.75605622815155,48.92189407348633,26400,0.0,0.0,0.0
2006-05-17 00:00:00-04:00,48.49225249305671,48.74854330285656,48.00227834076971,48.14550018310547,48800,0.0,0.0,0.0
2006-05-18 00:00:00-04:00,48.59779523198758,48.605334890110846,47.70830535888672,47.70830535888672,85300,0.0,0.0,0.0
2006-05-19 00:00:00-04:00,47.73843142530339,48.175636458149505,47.25599422019897,47.97964859008789,41700,0.0,0.0,0.0
2006-05-22 00:00:00-04:00,47.791214179148305,47.791214179148305,46.87910840123258,47.51984405517578,48400,0.0,0.0,0.0
2006-05-23 00:00:00-04:00,47.94195739054127,48.20579064871264,47.20322944362534,47.30876159667969,23200,0.0,0.0,0.0
2006-05-24 00:00:00-04:00,47.18815274790942,47.61782101182713,46.321279441555916,47.15046310424805,29300,0.0,0.0,0.0
2006-05-25 00:00:00-04:00,47.49722065965014,48.10780334472656,47.43691779444653,48.10780334472656,430300,0.0,0.0,0.0
2006-05-26 00:00:00-04:00,48.29627336410914,48.44703202386098,48.10028538110949,48.37919235229492,452000,0.0,0.0,0.0
2006-05-30 00:00:00-04:00,48.296260863279116,48.296260863279116,47.26354935848937,47.301239013671875,53300,0.0,0.0,0.0
2006-05-31 00:00:00-04:00,47.5499931183833,47.964585052089774,47.36154197801343,47.87412643432617,22100,0.0,0.0,0.0
2006-06-01 00:00:00-04:00,48.06257694402351,48.748538970947266,47.96458442270309,48.748538970947266,32800,0.0,0.0,0.0
2006-06-02 00:00:00-04:00,49.11037455194047,49.2083670869605,48.620400374694036,48.97468948364258,28700,0.0,0.0,0.0
2006-06-05 00:00:00-04:00,48.97467798240659,48.97467798240659,47.580137969180875,47.632904052734375,422400,0.0,0.0,0.0
2006-06-06 00:00:00-04:00,47.70829334073124,47.76105943215369,46.886646220035004,47.45199966430664,26900,0.0,0.0,0.0
2006-06-07 00:00:00-04:00,47.55754491430838,47.91183409023655,46.992191314697266,46.992191314697266,26500,0.0,0.0,0.0
2006-06-08 00:00:00-04:00,46.73587511523756,47.06001125333771,45.68054775274371,47.0147819519043,202400,0.0,0.0,0.0
2006-06-09 00:00:00-04:00,47.203248084236805,47.48969466674201,46.56251525878906,46.56251525878906,29000,0.0,0.0,0.0
2006-06-12 00:00:00-04:00,46.7811033187652,46.7811033187652,45.605167388916016,45.605167388916016,446000,0.0,0.0,0.0
2006-06-13 00:00:00-04:00,45.48456187966876,45.98207271533787,44.8061367057855,44.91920852661133,119500,0.0,0.0,0.0
2006-06-14 00:00:00-04:00,44.8513726506909,45.32627034273073,44.700611159110736,45.130279541015625,30100,0.0,0.0,0.0
2006-06-15 00:00:00-04:00,45.46195432341525,46.74341978272725,45.46195432341525,46.6831169128418,36100,0.0,0.0,0.0
2006-06-16 00:00:00-04:00,46.56250868983109,46.56250868983109,45.997155261652765,46.21575927734375,18100,0.0,0.0,0.0
2006-06-19 00:00:00-04:00,46.34390633102883,46.34390633102883,45.43180345775364,45.48456954956055,41800,0.0,0.0,0.0
2006-06-20 00:00:00-04:00,45.60518593383644,45.778560675793216,45.29612611112447,45.34889221191406,102900,0.0,0.0,0.0
2006-06-21 00:00:00-04:00,45.265966514980384,46.29867803145251,45.265966514980384,46.05746078491211,17900,0.0,0.0,0.0
2006-06-22 00:00:00-04:00,45.95192993908599,46.08007822253699,45.710712685510984,45.944393157958984,24000,0.0,0.0,0.0
2006-06-23 00:00:00-04:00,45.83131082350942,46.38158773701404,45.673012576241476,46.223289489746094,16600,0.0,0.0,0.0
2006-06-26 00:00:00-04:00,46.5248064928436,46.69818115234375,46.39665825506105,46.69818115234375,13700,0.0,0.0,0.0
2006-06-27 00:00:00-04:00,46.6831264596139,46.83388797846281,45.891632080078125,45.891632080078125,34300,0.0,0.0,0.0
2006-06-28 00:00:00-04:00,46.01976007086073,46.193134745429084,45.67301072172402,46.15544509887695,12100,0.0,0.0,0.0
2006-06-29 00:00:00-04:00,46.419290203683026,47.67814254760742,46.419290203683026,47.67814254760742,31700,0.0,0.0,0.0
2006-06-30 00:00:00-04:00,48.00981837944863,48.01735803644636,47.46708097261315,47.88920974731445,59600,0.0,0.0,0.0
2006-07-03 00:00:00-04:00,47.86659521046235,48.36410903930664,47.86659521046235,48.36410903930664,22200,0.0,0.0,0.0
2006-07-05 00:00:00-04:00,48.03242735150417,48.03242735150417,47.40676818816447,47.71582794189453,31100,0.0,0.0,0.0
2006-07-06 00:00:00-04:00,47.904275620520444,48.024884226054475,47.62536875938598,47.813819885253906,19700,0.0,0.0,0.0
2006-07-07 00:00:00-04:00,47.62535756829307,47.82888508146949,47.09769396474702,47.13538360595703,22800,0.0,0.0,0.0
2006-07-10 00:00:00-04:00,47.33137635204312,47.61028315948929,46.99216381567053,47.14292526245117,13000,0.0,0.0,0.0
2006-07-11 00:00:00-04:00,46.97710122042649,47.48968856514075,46.6605046769163,47.46707534790039,51800,0.0,0.0,0.0
2006-07-12 00:00:00-04:00,47.30876699618682,47.44445203003873,46.652957916259766,46.652957916259766,23300,0.0,0.0,0.0
2006-07-13 00:00:00-04:00,46.33637196843568,46.456980595365124,45.73332595825195,45.73332595825195,56200,0.0,0.0,0.0
2006-07-14 00:00:00-04:00,45.688094505822534,45.7333209387469,44.97951638428828,45.431800842285156,56700,0.0,0.0,0.0
2006-07-17 00:00:00-04:00,45.38657321404103,45.680556541077394,45.09258988700466,45.130279541015625,38000,0.0,0.0,0.0
2006-07-18 00:00:00-04:00,45.379048453011755,45.590112871806895,44.700622998974445,45.3865852355957,61200,0.0,0.0,0.0
2006-07-19 00:00:00-04:00,45.386568807136484,46.63034739748521,45.386568807136484,46.57004165649414,55200,0.0,0.0,0.0
2006-07-20 00:00:00-04:00,46.74341993128612,46.80372567689945,45.416725158691406,45.416725158691406,178500,0.0,0.0,0.0
2006-07-21 00:00:00-04:00,45.341334366337115,45.341334366337115,44.58752999034172,44.715675354003906,73400,0.0,0.0,0.0
2006-07-24 00:00:00-04:00,45.26597170095119,45.831325226463996,45.1227498430145,45.808712005615234,59700,0.0,0.0,0.0
2006-07-25 00:00:00-04:00,45.944382643292705,46.374050957611864,45.65793614190132,46.223289489746094,49700,0.0,0.0,0.0
2006-07-26 00:00:00-04:00,45.8991492950271,46.735872636179884,45.612702818881196,46.06498718261719,28200,0.0,0.0,0.0
2006-07-27 00:00:00-04:00,46.44942670234116,46.47957956871605,45.49963441581703,45.54486083984375,24500,0.0,0.0,0.0
2006-07-28 00:00:00-04:00,45.88409466960388,46.45698789417783,45.77856246390262,46.35145568847656,36900,0.0,0.0,0.0
2006-07-31 00:00:00-04:00,46.358969458010634,46.50219125528975,46.155441929959984,46.41173553466797,32500,0.0,0.0,0.0
2006-08-01 00:00:00-04:00,46.11023432781503,46.11023432781503,45.62026297466326,45.899169921875,29300,0.0,0.0,0.0
2006-08-02 00:00:00-04:00,46.18558923179517,46.53987816856123,46.15543637004164,46.28358459472656,113600,0.0,0.0,0.0
2006-08-03 00:00:00-04:00,45.85392444036754,46.78864031477144,45.83130835230884,46.600189208984375,54500,0.0,0.0,0.0
2006-08-04 00:00:00-04:00,47.26355037445804,47.45953831094181,46.18560953495625,46.449440002441406,78700,0.0,0.0,0.0
2006-08-07 00:00:00-04:00,46.35897910361085,46.36651588375766,46.004690050452346,46.20821762084961,17000,0.0,0.0,0.0
2006-08-08 00:00:00-04:00,46.41174633344374,46.51727851131293,45.642865340421686,45.72578430175781,41300,0.0,0.0,0.0
2006-08-09 00:00:00-04:00,46.1102251967852,46.15545450718871,45.273504520842565,45.36396026611328,40300,0.0,0.0,0.0
2006-08-10 00:00:00-04:00,45.13781366538101,45.77854633165288,44.91167289349305,45.567481994628906,30300,0.0,0.0,0.0
2006-08-11 00:00:00-04:00,45.454415790853304,45.454415790853304,45.03982384520968,45.20566177368164,9500,0.0,0.0,0.0
2006-08-14 00:00:00-04:00,45.53733497602227,45.9368504868762,45.30365451890861,45.36396026611328,14600,0.0,0.0,0.0
2006-08-15 00:00:00-04:00,46.04238628830233,46.34390640258789,45.89916157414557,46.34390640258789,20500,0.0,0.0,0.0
2006-08-16 00:00:00-04:00,46.50975064752843,46.992185196297484,46.4343684520728,46.962032318115234,18100,0.0,0.0,0.0
2006-08-17 00:00:00-04:00,46.916805913493576,47.27109216803671,46.88665303528747,47.03741455078125,66800,0.0,0.0,0.0
2006-08-18 00:00:00-04:00,47.127865591646405,47.2032449040783,46.69819718460435,47.112789154052734,82500,0.0,0.0,0.0
2006-08-21 00:00:00-04:00,46.94695488673457,46.94695488673457,46.622818641968294,46.74342727661133,31300,0.0,0.0,0.0
2006-08-22 00:00:00-04:00,46.683117935706704,47.02233057229545,46.64542828176046,46.9017219543457,17200,0.0,0.0,0.0
2006-08-23 00:00:00-04:00,46.9318657890566,47.06755082587385,46.170524527391734,46.306209564208984,20000,0.0,0.0,0.0
2006-08-24 00:00:00-04:00,46.509744025700485,46.509744025700485,45.98208023478422,46.321292877197266,28800,0.0,0.0,0.0
2006-08-25 00:00:00-04:00,46.2308339412142,46.600196556494744,46.147914981508244,46.36651611328125,34700,0.0,0.0,0.0
2006-08-28 00:00:00-04:00,46.32883527474694,46.864035911254355,46.31375883597448,46.74342727661133,8700,0.0,0.0,0.0
2006-08-29 00:00:00-04:00,46.89417634243074,47.16554641723633,46.50973732014676,47.16554641723633,131300,0.0,0.0,0.0
2006-08-30 00:00:00-04:00,47.30123237331329,47.52737314819803,47.120318028083915,47.444454193115234,29600,0.0,0.0,0.0
2006-08-31 00:00:00-04:00,47.5952276390013,47.67814661493924,47.44446612598111,47.48215866088867,34700,0.0,0.0,0.0
2006-09-01 00:00:00-04:00,47.72335777374863,47.821350275721436,47.3916819961927,47.625362396240234,36900,0.0,0.0,0.0
2006-09-05 00:00:00-04:00,47.71581533917424,48.575154723696365,47.51982747111262,47.97964859008789,166400,0.0,0.0,0.0
2006-09-06 00:00:00-04:00,47.67059546711592,47.67059546711592,47.02232316937021,47.06001281738281,29100,0.0,0.0,0.0
2006-09-07 00:00:00-04:00,46.85648628109249,47.06001383540632,46.517273690569425,46.71326446533203,110100,0.0,0.0,0.0
2006-09-08 00:00:00-04:00,46.88663526337916,46.977090988174396,46.72833702610358,46.84894561767578,32200,0.0,0.0,0.0
2006-09-11 00:00:00-04:00,46.63788796218941,46.99971381089139,46.2685253330199,46.78111267089844,28000,0.0,0.0,0.0
2006-09-12 00:00:00-04:00,46.90171498273841,47.79874126568203,46.90171498273841,47.72336196899414,32100,0.0,0.0,0.0
2006-09-13 00:00:00-04:00,47.828898471866204,48.213337520694104,47.828898471866204,48.1153450012207,11400,0.0,0.0,0.0
2006-09-14 00:00:00-04:00,47.99474807028062,48.00228772824122,47.715841112014935,47.919368743896484,84900,0.0,0.0,0.0
2006-09-15 00:00:00-04:00,48.20579654641562,48.24348619489821,47.821354655499945,48.0173454284668,97000,0.0,0.0,0.0
2006-09-18 00:00:00-04:00,47.813817876017765,48.25855975386256,47.80627822099974,48.0173454284668,15400,0.0,0.0,0.0
2006-09-19 00:00:00-04:00,48.13041564017694,48.13041564017694,47.24092611001407,47.828895568847656,11500,0.0,0.0,0.0
2006-09-20 00:00:00-04:00,48.21333655766755,48.50731986128786,48.16057047114781,48.32640838623047,27200,0.0,0.0,0.0
2006-09-21 00:00:00-04:00,48.43194478717036,48.52240340813176,47.74598272699609,47.85905456542969,58500,0.0,0.0,0.0
2006-09-22 00:00:00-04:00,47.64043209559196,47.65550852658039,47.15799780610306,47.41429138183594,64900,0.0,0.0,0.0
2006-09-25 00:00:00-04:00,47.5047618778961,48.002272753221675,47.11278317680079,47.94196701049805,20100,0.0,0.0,0.0
2006-09-26 00:00:00-04:00,47.89674509872402,48.251034181817275,47.836439350309696,48.137962341308594,29000,0.0,0.0,0.0
2006-09-27 00:00:00-04:00,48.02489349662015,48.416875134692575,48.02489349662015,48.36410903930664,21300,0.0,0.0,0.0
2006-09-28 00:00:00-04:00,48.46964608022229,48.58271218802541,48.03997474181268,48.296268463134766,61300,0.0,0.0,0.0
2006-09-29 00:00:00-04:00,48.303792001422885,48.36409773950927,47.88166046142578,47.88166046142578,107400,0.0,0.0,0.0
2006-10-02 00:00:00-04:00,47.8891881241388,48.00225992375709,47.39167738178189,47.5650520324707,23300,0.0,0.0,0.0
2006-10-03 00:00:00-04:00,47.4896827463591,47.74597638731327,47.12785693716544,47.459529876708984,22600,0.0,0.0,0.0
2006-10-04 00:00:00-04:00,47.38414347576913,48.37916502079314,47.361530264688966,48.33393859863281,34700,0.0,0.0,0.0
2006-10-05 00:00:00-04:00,48.424409553580844,48.99730270318004,47.93443825187098,48.97468948364258,32900,0.0,0.0,0.0
2006-10-06 00:00:00-04:00,48.88423216166395,48.92192469594976,48.454563725742794,48.78623962402344,38300,0.0,0.0,0.0
2006-10-09 00:00:00-04:00,48.70332904035759,49.0877711022284,48.52241749697838,48.98977279663086,33700,0.0,0.0,0.0
2006-10-10 00:00:00-04:00,49.13298646765422,49.253592219011246,48.88422955719708,49.16313934326172,7300,0.0,0.0,0.0
2006-10-11 00:00:00-04:00,48.98973369144892,49.20833760111116,48.552531623194106,48.92189407348633,40200,0.0,0.0,0.0
2006-10-12 00:00:00-04:00,49.14051417381924,49.826473236083984,49.14051417381924,49.826473236083984,12300,0.0,0.0,0.0
2006-10-13 00:00:00-04:00,49.901841825333726,50.195825039100775,49.72847005878923,50.158138275146484,421700,0.0,0.0,0.0
2006-10-16 00:00:00-04:00,50.16569674534735,50.61043868389343,50.16569674534735,50.56521224975586,49200,0.0,0.0,0.0
2006-10-17 00:00:00-04:00,50.3089170761526,50.376762480282174,49.86417512547469,50.2410774230957,27300,0.0,0.0,0.0
2006-10-18 00:00:00-04:00,50.69335588723679,50.69335588723679,50.03754385964785,50.15061569213867,17200,0.0,0.0,0.0
2006-10-19 00:00:00-04:00,50.165687250458255,50.42197799682617,50.09030220640048,50.42197799682617,116300,0.0,0.0,0.0
2006-10-20 00:00:00-04:00,50.46721584365627,50.46721584365627,49.886788830126086,49.9923210144043,12100,0.0,0.0,0.0
2006-10-23 00:00:00-04:00,49.78878366652907,50.391823744923116,49.75109114553577,50.18075942993164,18300,0.0,0.0,0.0
2006-10-24 00:00:00-04:00,50.030013668873025,50.28630447387695,49.932015389605745,50.28630447387695,31400,0.0,0.0,0.0
2006-10-25 00:00:00-04:00,50.203376070998324,50.602891516100776,50.18830251221423,50.57273864746094,34900,0.0,0.0,0.0
2006-10-26 00:00:00-04:00,50.79886656633638,50.99485727630755,50.35412483144127,50.9571647644043,17800,0.0,0.0,0.0
2006-10-27 00:00:00-04:00,50.89688225117832,50.97980121431479,50.33152882128736,50.41444778442383,23400,0.0,0.0,0.0
2006-10-30 00:00:00-05:00,50.241072877887085,50.6858147883301,50.09030852183443,50.610435485839844,25100,0.0,0.0,0.0
2006-10-31 00:00:00-05:00,50.7536621723547,51.115485138895224,50.15061622669068,50.33152770996094,59200,0.0,0.0,0.0
2006-11-01 00:00:00-05:00,50.61042698786684,50.62550629647621,49.56263933129102,49.5701789855957,46700,0.0,0.0,0.0
2006-11-02 00:00:00-05:00,49.37419671171487,49.660640362709835,49.29881740893432,49.494808197021484,20600,0.0,0.0,0.0
2006-11-03 00:00:00-05:00,49.74355190948926,49.86416337682522,49.351576142789995,49.653099060058594,15700,0.0,0.0,0.0
2006-11-06 00:00:00-05:00,49.92447800386525,50.42952567339158,49.81140617086339,50.30891418457031,121300,0.0,0.0,0.0
2006-11-07 00:00:00-05:00,50.33153112494065,50.86673745734406,50.30891790688162,50.444602966308594,25900,0.0,0.0,0.0
2006-11-08 00:00:00-05:00,50.16570055451468,50.82150690359591,50.06016836613211,50.70843505859375,28800,0.0,0.0,0.0
2006-11-09 00:00:00-05:00,50.88179416560379,50.88179416560379,50.15060301816378,50.339054107666016,19000,0.0,0.0,0.0
2006-11-10 00:00:00-05:00,50.339068491095745,50.700897216796875,50.26368918397082,50.700897216796875,27300,0.0,0.0,0.0
2006-11-13 00:00:00-05:00,50.700876426817,50.91948035359111,50.512425360743116,50.85163497924805,26700,0.0,0.0,0.0
2006-11-14 00:00:00-05:00,50.97980737757726,51.60546662922045,50.74612977198147,51.59039306640625,25400,0.0,0.0,0.0
2006-11-15 00:00:00-05:00,51.63560566108845,52.118040056814344,51.612992447393744,51.974815368652344,24800,0.0,0.0,0.0
2006-11-16 00:00:00-05:00,52.20095989088137,52.20095989088137,51.84667086747936,51.899436950683594,33700,0.0,0.0,0.0
2006-11-17 00:00:00-05:00,51.83913178084234,51.83913178084234,51.51499562301314,51.80144500732422,35900,0.0,0.0,0.0
2006-11-20 00:00:00-05:00,51.680818908159125,52.08033425106704,51.680818908159125,51.98234176635742,41700,0.0,0.0,0.0
2006-11-21 00:00:00-05:00,52.125574330967,52.140647888183594,51.816511772851904,52.140647888183594,37600,0.0,0.0,0.0
2006-11-22 00:00:00-05:00,52.24620467958723,52.26881790161133,52.050219587995855,52.26881790161133,15800,0.0,0.0,0.0
2006-11-24 00:00:00-05:00,51.95973134541881,52.336633500615214,51.95219169201515,52.185874938964844,21500,0.0,0.0,0.0
2006-11-27 00:00:00-05:00,52.087878023386054,52.087878023386054,51.00240369952675,51.03255081176758,108600,0.0,0.0,0.0
2006-11-28 00:00:00-05:00,50.92702347686786,51.183319963692654,50.80641776329885,51.107940673828125,23100,0.0,0.0,0.0
2006-11-29 00:00:00-05:00,51.447165359550354,51.82406766987673,51.3567067346858,51.793914794921875,69400,0.0,0.0,0.0
2006-11-30 00:00:00-05:00,51.786374032654905,52.17835564762541,51.620541850553394,51.99744415283203,19800,0.0,0.0,0.0
2006-12-01 00:00:00-05:00,52.02758704361379,52.05020601081154,51.2587089399858,51.82406234741211,48900,0.0,0.0,0.0
2006-12-04 00:00:00-05:00,51.93713518607011,52.63817365491338,51.93713518607011,52.6080207824707,36100,0.0,0.0,0.0
2006-12-05 00:00:00-05:00,52.80399834718319,52.85676442296866,52.63062081184754,52.758766174316406,84700,0.0,0.0,0.0
2006-12-06 00:00:00-05:00,52.66831588745117,52.84168768013203,52.525091210050384,52.66831588745117,26200,0.0,0.0,0.0
2006-12-07 00:00:00-05:00,52.75125002466432,52.83416324217059,52.404494837293676,52.5175666809082,55100,0.0,0.0,0.0
2006-12-08 00:00:00-05:00,52.336668096506756,52.69849693514454,52.11806401186143,52.4874267578125,35900,0.0,0.0,0.0
2006-12-11 00:00:00-05:00,52.51003579418358,52.62310189322526,52.34419784749153,52.4572639465332,33100,0.0,0.0,0.0
2006-12-12 00:00:00-05:00,52.50247136907291,52.50247136907291,51.89188596692681,52.185874938964844,45100,0.0,0.0,0.0
2006-12-13 00:00:00-05:00,52.442187745556225,52.48741418289776,52.09543830676769,52.26127624511719,78100,0.0,0.0,0.0
2006-12-14 00:00:00-05:00,52.28388409989127,52.819084640792894,52.28388409989127,52.57032775878906,45400,0.0,0.0,0.0
2006-12-15 00:00:00-05:00,52.72862629455855,52.773858478564364,52.41202976187961,52.44972229003906,36400,0.0,0.0,0.0
2006-12-18 00:00:00-05:00,52.58540654637978,52.60801976250527,51.710990515712396,51.82406234741211,46300,0.0,0.0,0.0
2006-12-19 00:00:00-05:00,51.62053266585949,51.952202722122124,51.37931546536316,51.87682342529297,63000,0.0,0.0,0.0
2006-12-20 00:00:00-05:00,51.952218199976464,52.24620157094531,51.89191244411788,52.03513717651367,29600,0.0,0.0,0.0
2006-12-21 00:00:00-05:00,52.08790763598292,52.253745602941486,51.65823915389661,51.78638458251953,39700,0.0,0.0,0.0
2006-12-22 00:00:00-05:00,51.75965572918973,51.81306898384317,51.48499308524655,51.492618560791016,58000,0.825,0.0,0.0
2006-12-26 00:00:00-05:00,51.62997595194115,52.034347534179695,51.57656849430542,52.03434753417969,43300,0.0,0.0,0.0
2006-12-27 00:00:00-05:00,52.20982324737538,52.58367538452149,52.20982324737538,52.583675384521484,38400,0.0,0.0,0.0
2006-12-28 00:00:00-05:00,52.56842973394489,52.62946849361467,52.36242537530352,52.499759674072266,28800,0.0,0.0,0.0
2006-12-29 00:00:00-05:00,52.36241749471778,52.507383071871935,51.958045959472656,51.958045959472656,51400,0.0,0.0,0.0
2007-01-03 00:00:00-05:00,52.301371367750576,52.583665330796315,51.60706885339387,52.026702880859375,97800,0.0,0.0,0.0
2007-01-04 00:00:00-05:00,51.95804650628116,52.1640508360867,51.622345017040814,52.10301208496094,358300,0.0,0.0,0.0
2007-01-05 00:00:00-05:00,51.942784375794155,54.323237214614096,51.24848175048828,51.24848175048828,66600,0.0,0.0,0.0
2007-01-08 00:00:00-05:00,51.36292100003309,51.5460313888158,50.94328696222448,51.43159103393555,61000,0.0,0.0,0.0
2007-01-09 00:00:00-05:00,51.507885318734765,51.62995696802754,51.00432448534486,51.5765495300293,64100,0.0,0.0,0.0
2007-01-10 00:00:00-05:00,51.34767250247931,51.69100526440631,51.21033823351347,51.584190368652344,29200,0.0,0.0,0.0
2007-01-11 00:00:00-05:00,51.80544463585252,52.37003841347637,51.74440589746765,52.232704162597656,48300,0.0,0.0,0.0
2007-01-12 00:00:00-05:00,52.30900350414947,52.70574951171875,52.232707986070736,52.70574951171875,33800,0.0,0.0,0.0
2007-01-16 00:00:00-05:00,52.81257692548789,52.9117605404137,52.36242336641411,52.46923828125,49700,0.0,0.0,0.0
2007-01-17 00:00:00-05:00,52.33190166076881,52.63708961286218,52.30901358303261,52.370052337646484,39300,0.0,0.0,0.0
2007-01-18 00:00:00-05:00,52.26323697649366,52.31664443107586,51.691011754123295,51.782569885253906,50900,0.0,0.0,0.0
2007-01-19 00:00:00-05:00,51.729160351178585,52.2098274230957,51.63760222372858,52.2098274230957,27400,0.0,0.0,0.0
2007-01-22 00:00:00-05:00,52.13353409176729,52.13353409176729,51.683380555714564,51.79019546508789,38200,0.0,0.0,0.0
2007-01-23 00:00:00-05:00,51.84360094653492,52.48449619935751,51.79019349388102,52.2556037902832,42300,0.0,0.0,0.0
2007-01-24 00:00:00-05:00,52.37767231425547,52.8507080078125,52.35478424146719,52.8507080078125,36600,0.0,0.0,0.0
2007-01-25 00:00:00-05:00,52.94990445685765,52.94990445685765,52.11826750215495,52.2403450012207,41900,0.0,0.0,0.0
2007-01-26 00:00:00-05:00,52.41581165666609,52.53025782956192,52.0190715210646,52.44633102416992,42600,0.0,0.0,0.0
2007-01-29 00:00:00-05:00,52.53788837773041,52.873595594512736,52.453961573534826,52.7133674621582,47900,0.0,0.0,0.0
2007-01-30 00:00:00-05:00,52.87360840351609,53.08723820377668,52.71338023234515,53.06435012817383,33200,0.0,0.0,0.0
2007-01-31 00:00:00-05:00,53.0490616959148,53.43817625459353,52.75913651117785,53.25506591796875,47500,0.0,0.0,0.0
2007-02-01 00:00:00-05:00,53.430560548430485,53.78152455476437,53.36189633502736,53.77389907836914,32100,0.0,0.0,0.0
2007-02-02 00:00:00-05:00,53.97227826727096,53.97227826727096,53.71287230865296,53.88835144042969,36200,0.0,0.0,0.0
2007-02-05 00:00:00-05:00,53.88071191853183,53.995152269872705,53.66707634708922,53.72811508178711,47700,0.0,0.0,0.0
2007-02-06 00:00:00-05:00,53.94173278144474,54.03329086303711,53.66706435764046,54.03329086303711,54800,0.0,0.0,0.0
2007-02-07 00:00:00-05:00,54.117226595668,54.36137569930312,53.97989236106239,54.34611892700195,40700,0.0,0.0,0.0
2007-02-08 00:00:00-05:00,54.39955149224915,54.445327651273445,54.09436351647541,54.40717697143555,49800,0.0,0.0,0.0
2007-02-09 00:00:00-05:00,54.43767519472018,54.48345715692847,53.57552488262445,53.934120178222656,32700,0.0,0.0,0.0
2007-02-12 00:00:00-05:00,54.00279304606075,54.00279304606075,53.499237948849505,53.712867736816406,103600,0.0,0.0,0.0
2007-02-13 00:00:00-05:00,53.82731759481164,54.147762298583984,53.82731759481164,54.147762298583984,102800,0.0,0.0,0.0
2007-02-14 00:00:00-05:00,54.28511619549707,54.529265461041895,54.10963118230345,54.27748489379883,58000,0.0,0.0,0.0
2007-02-15 00:00:00-05:00,54.30033933304882,54.59027040816212,54.178267686401675,54.44530487060547,99400,0.0,0.0,0.0
2007-02-16 00:00:00-05:00,54.43768187038081,54.628423576878966,54.193532718902155,54.597904205322266,233600,0.0,0.0,0.0
2007-02-20 00:00:00-05:00,54.54449865270106,55.14724316466378,54.27746141853406,55.063316345214844,39200,0.0,0.0,0.0
2007-02-21 00:00:00-05:00,54.92598252824285,55.20065106305438,54.85731830502756,55.185394287109375,30500,0.0,0.0,0.0
2007-02-22 00:00:00-05:00,55.31510173647326,55.376140487147666,54.93361827622172,55.35325241088867,59700,0.0,0.0,0.0
2007-02-23 00:00:00-05:00,55.315097139673654,55.315097139673654,54.93361371112418,55.14724349975586,39100,0.0,0.0,0.0
2007-02-26 00:00:00-05:00,55.39138250769553,55.39138250769553,54.681823227819955,55.02516174316406,52400,0.0,0.0,0.0
2007-02-27 00:00:00-05:00,54.16302106644377,54.552135833028096,52.72864532470703,52.72864532470703,100700,0.0,0.0,0.0
2007-02-28 00:00:00-05:00,52.94987801100022,53.4686954809548,52.49972473424408,53.216915130615234,87700,0.0,0.0,0.0
2007-03-01 00:00:00-05:00,52.392912571218375,53.37714013764025,51.881726370192624,52.98040008544922,66400,0.0,0.0,0.0
2007-03-02 00:00:00-05:00,52.77441508500607,52.94226872166855,51.942784020964744,52.095375061035156,147800,0.0,0.0,0.0
2007-03-05 00:00:00-05:00,51.42396545680282,52.141150318051,50.9661865234375,50.9661865234375,68600,0.0,0.0,0.0
2007-03-06 00:00:00-05:00,51.408708046518,52.33952860347997,51.408708046518,52.2403450012207,33300,0.0,0.0,0.0
2007-03-07 00:00:00-05:00,52.225100872444585,52.476881437576736,52.00384551384947,52.072509765625,35700,0.0,0.0,0.0
2007-03-08 00:00:00-05:00,52.58366944384675,52.812561807817914,52.3547829008502,52.54552459716797,54000,0.0,0.0,0.0
2007-03-09 00:00:00-05:00,52.88886036113805,52.965155879854166,52.43871272603052,52.79730224609375,50500,0.0,0.0,0.0
2007-03-12 00:00:00-04:00,52.8430790714137,53.03382076012847,52.598929942697765,52.949893951416016,22500,0.0,0.0,0.0
2007-03-13 00:00:00-04:00,52.6523439929164,52.71337691702695,51.65285346030777,51.76729965209961,37900,0.0,0.0,0.0
2007-03-14 00:00:00-04:00,51.74441502139638,52.22508207373916,51.19507792101863,52.15641784667969,56400,0.0,0.0,0.0
2007-03-15 00:00:00-04:00,52.2021996275066,52.606571197509766,52.2021996275066,52.606571197509766,24300,0.0,0.0,0.0
2007-03-16 00:00:00-04:00,52.644705347184164,52.690481489122114,52.18692646488177,52.32426071166992,28000,0.0,0.0,0.0
2007-03-19 00:00:00-04:00,52.68283550612507,53.00328001690713,52.606534204629504,52.87357711791992,29300,0.0,0.0,0.0
2007-03-20 00:00:00-04:00,52.858344671794086,53.26271618803719,52.782049147762905,53.247459411621094,66500,0.0,0.0,0.0
2007-03-21 00:00:00-04:00,53.384790079559366,54.27745987451334,53.24745581718376,54.22405242919922,177500,0.0,0.0,0.0
2007-03-22 00:00:00-04:00,54.303409101441154,54.303409101441154,54.00578811187394,54.22709274291992,57700,0.014,0.0,0.0
2007-03-23 00:00:00-04:00,54.30341967335256,54.4255153909391,54.20421071680902,54.379730224609375,43300,0.0,0.0,0.0
2007-03-26 00:00:00-04:00,54.41025173512366,54.46366969941186,53.86843346890145,54.31104278564453,120700,0.0,0.0,0.0
2007-03-27 00:00:00-04:00,54.21947802669892,54.21947802669892,53.799761248394546,53.97528076171875,36900,0.0,0.0,0.0
2007-03-28 00:00:00-04:00,53.74634605986311,53.87607459000776,53.31900227956433,53.65476989746094,67500,0.0,0.0,0.0
2007-03-29 00:00:00-04:00,54.02870522784562,54.02870522784562,53.341898518094844,53.75398254394531,48500,0.0,0.0,0.0
2007-03-30 00:00:00-04:00,53.738692323330504,54.13551638369975,53.46396976526567,53.822635650634766,38800,0.0,0.0,0.0
2007-04-02 00:00:00-04:00,54.028680733266285,54.059200286865234,53.7463253744551,54.059200286865234,30100,0.0,0.0,0.0
2007-04-03 00:00:00-04:00,54.303420206393575,54.68497878854489,54.295787404556414,54.55524444580078,751100,0.0,0.0,0.0
2007-04-04 00:00:00-04:00,54.52470878380321,54.55523416327655,54.303409971332954,54.50944900512695,29500,0.0,0.0,0.0
2007-04-05 00:00:00-04:00,54.50944319025896,54.76890015492318,54.50944319025896,54.707855224609375,22700,0.0,0.0,0.0
2007-04-09 00:00:00-04:00,54.74601057662491,54.83758671029137,54.578123909296664,54.69259262084961,95300,0.0,0.0,0.0
2007-04-10 00:00:00-04:00,54.75365758152343,54.967329460058146,54.75365758152343,54.87575912475586,52200,0.0,0.0,0.0
2007-04-11 00:00:00-04:00,54.913910444562525,54.913910444562525,54.33393976949839,54.55524444580078,30900,0.0,0.0,0.0
2007-04-12 00:00:00-04:00,54.52471835583856,54.952067921367416,54.21184335002181,54.944435119628906,51000,0.0,0.0,0.0
2007-04-13 00:00:00-04:00,54.98258951142331,55.21152114868164,54.776544633557236,55.21152114868164,41600,0.0,0.0,0.0
2007-04-16 00:00:00-04:00,55.52437880303722,55.90593719482422,55.52437880303722,55.90593719482422,60200,0.0,0.0,0.0
2007-04-17 00:00:00-04:00,56.00517603488279,56.00517603488279,55.64650998608866,55.82966232299805,232600,0.0,0.0,0.0
2007-04-18 00:00:00-04:00,55.63887705436637,55.78386536125876,55.455724737046324,55.62361145019531,86300,0.0,0.0,0.0
2007-04-19 00:00:00-04:00,55.18862342007152,55.55492215649248,55.04362932117893,55.28782653808594,38600,0.0,0.0,0.0
2007-04-20 00:00:00-04:00,55.66939298689048,55.898330457544816,55.56255705315092,55.860172271728516,156200,0.0,0.0,0.0
2007-04-23 00:00:00-04:00,55.91356417073427,56.03566565072323,55.730417772869835,55.90593719482422,51300,0.0,0.0,0.0
2007-04-24 00:00:00-04:00,55.99754323198088,55.99754323198088,55.45573066840011,55.82966232299805,58400,0.0,0.0,0.0
2007-04-25 00:00:00-04:00,56.142512287347245,56.379076672485084,55.84489715052218,56.157772064208984,41200,0.0,0.0,0.0
2007-04-26 00:00:00-04:00,56.24937266877978,56.47067737335711,56.005175377888,56.38673400878906,30800,0.0,0.0,0.0
2007-04-27 00:00:00-04:00,56.302785316497584,56.35620328688408,56.020435682507,56.22647476196289,332900,0.0,0.0,0.0
2007-04-30 00:00:00-04:00,56.24935334244287,56.24935334244287,55.249671936035156,55.249671936035156,32900,0.0,0.0,0.0
2007-05-01 00:00:00-04:00,55.37941741943359,55.45572797838283,54.84523768466644,55.379417419433594,36800,0.0,0.0,0.0
2007-05-02 00:00:00-04:00,55.37940704555768,56.310410827857744,55.37940704555768,56.1654167175293,41200,0.0,0.0,0.0
2007-05-03 00:00:00-04:00,56.09674202437497,56.33330647230401,56.012798674054025,56.21883773803711,22700,0.0,0.0,0.0
2007-05-04 00:00:00-04:00,56.279898282137765,56.455417814785534,56.1806951336724,56.42489242553711,23200,0.0,0.0,0.0
2007-05-07 00:00:00-04:00,56.47066174501794,56.5851304670334,56.3485602223025,56.44776916503906,38800,0.0,0.0,0.0
2007-05-08 00:00:00-04:00,56.111997650169094,56.43250542468534,55.82201525733838,56.279884338378906,41300,0.0,0.0,0.0
2007-05-09 00:00:00-04:00,56.17304980194054,56.806438387797726,56.111999037060514,56.737754821777344,52000,0.0,0.0,0.0
2007-05-10 00:00:00-04:00,56.4401451133432,56.49356308228146,55.799129486083984,55.799129486083984,37000,0.0,0.0,0.0
2007-05-11 00:00:00-04:00,56.043294199880215,56.4935302734375,56.012768832197224,56.4935302734375,23000,0.0,0.0,0.0
2007-05-14 00:00:00-04:00,56.40962274618851,56.638560237957456,55.99753875427776,56.05095672607422,29100,0.0,0.0,0.0
2007-05-15 00:00:00-04:00,56.035687158286905,56.47829645995026,55.60071065758222,55.6464958190918,42100,0.0,0.0,0.0
2007-05-16 00:00:00-04:00,55.81437523029176,56.02042007446289,55.425183941840004,56.02042007446289,22800,0.0,0.0,0.0
2007-05-17 00:00:00-04:00,55.87545491233885,56.05860145143397,55.699935355035215,55.79151153564453,30000,0.0,0.0,0.0
2007-05-18 00:00:00-04:00,55.92124072089981,56.46305336249105,55.80677194938085,56.272274017333984,42500,0.0,0.0,0.0
2007-05-21 00:00:00-04:00,56.379083227923594,57.1803584261558,56.325665269516165,56.905635833740234,63100,0.0,0.0,0.0
2007-05-22 00:00:00-04:00,56.99721950992365,57.394037850270216,56.87511797620374,57.271942138671875,47100,0.0,0.0,0.0
2007-05-23 00:00:00-04:00,57.34822848853419,57.668736146130804,57.02008803277028,57.05061340332031,34200,0.0,0.0,0.0
2007-05-24 00:00:00-04:00,57.06587674017462,57.310073897701024,56.0127775899894,56.15013885498047,34400,0.0,0.0,0.0
2007-05-25 00:00:00-04:00,56.44013393517775,56.70722372697102,56.3638233978255,56.638545989990234,61000,0.0,0.0,0.0
2007-05-29 00:00:00-04:00,56.80643443914477,57.13457499991393,56.745383678508425,57.03536605834961,40900,0.0,0.0,0.0
2007-05-30 00:00:00-04:00,56.74537533311147,57.485599686131614,56.64617222825768,57.455074310302734,35300,0.0,0.0,0.0
2007-05-31 00:00:00-04:00,57.6458570263462,57.882421425666166,57.50849573787514,57.714534759521484,84100,0.0,0.0,0.0
2007-06-01 00:00:00-04:00,58.035058373514545,58.33267357976875,57.96637480631354,58.15715408325195,68400,0.0,0.0,0.0
2007-06-04 00:00:00-04:00,58.035075860325726,58.28690015695042,57.93586688026689,58.264007568359375,38000,0.0,0.0,0.0
2007-06-05 00:00:00-04:00,58.080831043233765,58.1571415731698,57.67637999466452,57.905311584472656,64300,0.0,0.0,0.0
2007-06-06 00:00:00-04:00,57.470359065858275,57.49325165214986,57.104066040947664,57.25668716430664,434200,0.0,0.0,0.0
2007-06-07 00:00:00-04:00,57.0658951175433,57.14983846329962,56.15778391642744,56.1654167175293,60700,0.0,0.0,0.0
2007-06-08 00:00:00-04:00,56.195930475795976,56.85984430341542,55.88305556079381,56.76063537597656,253100,0.0,0.0,0.0
2007-06-11 00:00:00-04:00,56.66144943237305,56.97433026426124,56.42488497458963,56.66144943237305,54600,0.0,0.0,0.0
2007-06-12 00:00:00-04:00,56.46302349629769,56.59275780719527,55.94410371906885,56.02042007446289,19100,0.0,0.0,0.0
2007-06-13 00:00:00-04:00,56.18830539964499,56.85221931852283,56.15015304102594,56.73011779785156,48600,0.0,0.0,0.0
2007-06-14 00:00:00-04:00,56.867483413554446,57.340618108883135,56.84459083222137,57.07352828979492,33100,0.0,0.0,0.0
2007-06-15 00:00:00-04:00,57.72983107151142,57.91297761286607,57.62299510387758,57.68404006958008,98900,0.0,0.0,0.0
2007-06-18 00:00:00-04:00,57.928217983435516,57.928217983435516,57.3635071752559,57.6458625793457,31100,0.0,0.0,0.0
2007-06-19 00:00:00-04:00,57.47036717488101,57.821400465835296,57.210910064137025,57.767982482910156,60000,0.0,0.0,0.0
2007-06-20 00:00:00-04:00,57.89005308805853,57.905312865535244,56.97431506432631,56.99720764160156,81500,0.0,0.0,0.0
2007-06-21 00:00:00-04:00,56.77593694906855,57.294857025146484,56.546999395280935,57.294857025146484,43800,0.0,0.0,0.0
2007-06-22 00:00:00-04:00,56.966688038621896,57.24141063801128,56.49355337920219,56.73011779785156,735200,0.0,0.0,0.0
2007-06-25 00:00:00-04:00,56.73012334435785,57.07352953822989,56.21883627633053,56.39435577392578,94900,0.0,0.0,0.0
2007-06-26 00:00:00-04:00,56.67672825360799,56.691993862405965,56.08913040161133,56.08913040161133,52200,0.0,0.0,0.0
2007-06-27 00:00:00-04:00,55.89068455562806,56.99720764160156,55.707538115305695,56.99720764160156,40400,0.0,0.0,0.0
2007-06-28 00:00:00-04:00,57.027761780059,57.33300406050207,57.02012897641093,57.065914154052734,26300,0.0,0.0,0.0
2007-06-29 00:00:00-04:00,57.26432763239291,57.50852495572861,56.65383141299196,56.920921325683594,63600,0.0,0.0,0.0
2007-07-02 00:00:00-04:00,57.18037014963109,57.500877965788156,57.1040595965635,57.47798538208008,39500,0.0,0.0,0.0
2007-07-03 00:00:00-04:00,57.6458660441843,57.8290125167561,57.60770786059288,57.70691680908203,34000,0.0,0.0,0.0
2007-07-05 00:00:00-04:00,57.8442630099002,57.928206334177915,57.500856913640504,57.87478256225586,60000,0.0,0.0,0.0
2007-07-06 00:00:00-04:00,57.88244420135233,58.18769227607762,57.615354319263744,58.08085632324219,27500,0.0,0.0,0.0
2007-07-09 00:00:00-04:00,58.21058508727498,58.23347767409617,57.882444424551444,58.119014739990234,52600,0.0,0.0,0.0
2007-07-10 00:00:00-04:00,57.8518956707257,57.8518956707257,57.14219665527344,57.14219665527344,55900,0.0,0.0,0.0
2007-07-11 00:00:00-04:00,57.13456544854299,57.500858306884766,56.94378622003832,57.500858306884766,60900,0.0,0.0,0.0
2007-07-12 00:00:00-04:00,57.76796185902884,58.30978012084961,57.74506927768007,58.30978012084961,34800,0.0,0.0,0.0
2007-07-13 00:00:00-04:00,58.22582328077088,58.492913038144685,58.17240532929612,58.43949508666992,50900,0.0,0.0,0.0
2007-07-16 00:00:00-04:00,58.355567864400385,58.462403796833875,57.943483915533356,58.01979446411133,27200,0.0,0.0,0.0
2007-07-17 00:00:00-04:00,58.18002183560949,58.37080103112957,58.050293379964394,58.057926177978516,31800,0.0,0.0,0.0
2007-07-18 00:00:00-04:00,57.65348378601811,57.89004816055355,57.23376716462954,57.87478256225586,41900,0.0,0.0,0.0
2007-07-19 00:00:00-04:00,58.241067601792075,58.3326437037841,58.10370635986328,58.10370635986328,38800,0.0,0.0,0.0
2007-07-20 00:00:00-04:00,57.99690393131817,58.1266324506974,57.00484929838109,57.28720474243164,114500,0.0,0.0,0.0
2007-07-23 00:00:00-04:00,57.5848395474368,57.691675519971334,57.27959141642793,57.294857025146484,60600,0.0,0.0,0.0
2007-07-24 00:00:00-04:00,56.684349940084225,56.699615545888044,55.593092010020776,55.82966232299805,87400,0.0,0.0,0.0
2007-07-25 00:00:00-04:00,56.226472595386596,56.37146671890093,55.20389257323402,55.75333786010742,101900,0.0,0.0,0.0
2007-07-26 00:00:00-04:00,54.837602790673834,55.21152859074962,53.64714181452597,54.372100830078125,331100,0.0,0.0,0.0
2007-07-27 00:00:00-04:00,54.204207064943155,54.71549412825125,53.11294937133789,53.11294937133789,98200,0.0,0.0,0.0
2007-07-30 00:00:00-04:00,53.47160379238032,54.311031262575824,53.26556478016114,54.043941497802734,177000,0.0,0.0,0.0
2007-07-31 00:00:00-04:00,54.63156251507345,54.799449245860636,53.38005065917969,53.38005065917969,249200,0.0,0.0,0.0
2007-08-01 00:00:00-04:00,53.341894864634284,53.89896717507772,52.777189751793415,53.65476989746094,220800,0.0,0.0,0.0
2007-08-02 00:00:00-04:00,53.929501512713415,54.181331634521484,53.647151820495246,54.181331634521484,43300,0.0,0.0,0.0
2007-08-03 00:00:00-04:00,54.1584068281046,54.1584068281046,52.120886121089995,52.4566535949707,73200,0.0,0.0,0.0
2007-08-06 00:00:00-04:00,52.60166188068647,52.97558762910008,51.373042885206026,52.838226318359375,160800,0.0,0.0,0.0
2007-08-07 00:00:00-04:00,52.62456532981713,53.570829098046595,52.32695006543752,53.265586853027344,181100,0.0,0.0,0.0
2007-08-08 00:00:00-04:00,53.72345201659987,54.852862211626494,53.540305518888935,54.43315124511719,206100,0.0,0.0,0.0
2007-08-09 00:00:00-04:00,53.57081711851182,54.24236388047683,53.105315230193824,53.18925857543945,107500,0.0,0.0,0.0
2007-08-10 00:00:00-04:00,52.616930941876944,54.08212045559202,52.30405590352133,53.57082748413086,81000,0.0,0.0,0.0
2007-08-13 00:00:00-04:00,54.486574607653445,54.53235978108108,53.3876838684082,53.3876838684082,43300,0.0,0.0,0.0
2007-08-14 00:00:00-04:00,53.532673850280624,53.532673850280624,52.24300389256005,52.31168746948242,66500,0.0,0.0,0.0
2007-08-15 00:00:00-04:00,52.12852991193889,52.97559040215995,51.212791673813186,51.25094985961914,264700,0.0,0.0,0.0
2007-08-16 00:00:00-04:00,51.06780466839512,52.09038480480565,49.984179577161484,52.044593811035156,254300,0.0,0.0,0.0
2007-08-17 00:00:00-04:00,53.33427258975619,53.33427258975619,52.54826262921994,53.135860443115234,47800,0.0,0.0,0.0
2007-08-20 00:00:00-04:00,53.418206616442184,53.60898592578662,52.7695581290956,53.341896057128906,209900,0.0,0.0,0.0
2007-08-21 00:00:00-04:00,53.41818187357336,53.74632236653868,53.15872492766207,53.50975799560547,116200,0.0,0.0,0.0
2007-08-22 00:00:00-04:00,54.08213590194673,54.32633325362384,53.792147544119835,54.21186447143555,103700,0.0,0.0,0.0
2007-08-23 00:00:00-04:00,54.52470316547504,54.58575391813093,53.58607258740166,53.7463264465332,123500,0.0,0.0,0.0
2007-08-24 00:00:00-04:00,53.80737931367425,54.509445530445646,53.616600070717645,54.448394775390625,205300,0.0,0.0,0.0
2007-08-27 00:00:00-04:00,54.295796807295886,54.33394917884495,53.83029479068766,53.88371276855469,125800,0.0,0.0,0.0
2007-08-28 00:00:00-04:00,53.57845134848503,53.593716951002996,52.45666827039531,52.47956085205078,37500,0.0,0.0,0.0
2007-08-29 00:00:00-04:00,52.86110799938345,53.75395924614525,52.754272093295754,53.7463264465332,85100,0.0,0.0,0.0
2007-08-30 00:00:00-04:00,53.25795134410146,54.03632834474556,53.20453337172512,53.41820526123047,59400,0.0,0.0,0.0
2007-08-31 00:00:00-04:00,54.188948185541584,54.43314543044451,53.776864243120094,54.19657516479492,87300,0.0,0.0,0.0
2007-09-04 00:00:00-04:00,54.14317653349967,55.14286427421644,54.105024157244365,54.807090759277344,91200,0.0,0.0,0.0
2007-09-05 00:00:00-04:00,54.50947176914048,54.50947176914048,53.95239354981887,54.27290725708008,119800,0.0,0.0,0.0
2007-09-06 00:00:00-04:00,54.3568368266263,54.56287589414333,53.96001265064434,54.364463806152344,142300,0.0,0.0,0.0
2007-09-07 00:00:00-04:00,53.708161438911944,53.708161438911944,53.135823805334844,53.395286560058594,210200,0.0,0.0,0.0
2007-09-10 00:00:00-04:00,53.715795880244556,53.715795880244556,52.27350546529291,52.89162826538086,112400,0.0,0.0,0.0
2007-09-11 00:00:00-04:00,53.242685899834676,53.68529528492833,53.11295736969002,53.65476989746094,119400,0.0,0.0,0.0
2007-09-12 00:00:00-04:00,53.62422786689825,53.883690668781675,53.418188843093645,53.46397399902344,119700,0.0,0.0,0.0
2007-09-13 00:00:00-04:00,53.71582435146698,54.120275574397226,53.341898518094844,53.75398254394531,120800,0.0,0.0,0.0
2007-09-14 00:00:00-04:00,53.219801408709145,53.944766371540844,53.19690882015756,53.89897537231445,143000,0.0,0.0,0.0
2007-09-17 00:00:00-04:00,53.8531652907883,53.91421604677505,53.38766346510027,53.46397399902344,95700,0.0,0.0,0.0
2007-09-18 00:00:00-04:00,53.7845124259392,55.409950256347656,53.502156915534485,55.409950256347656,149100,0.0,0.0,0.0
2007-09-19 00:00:00-04:00,55.93647997027678,56.47829235655289,55.82964405310238,56.04331588745117,139000,0.0,0.0,0.0
2007-09-20 00:00:00-04:00,55.905948996394336,56.00515210323757,55.226775381411585,55.478599548339844,39300,0.0,0.0,0.0
2007-09-21 00:00:00-04:00,55.745693542884695,55.98225792588911,55.6235920406114,55.68464279174805,46900,0.0,0.0,0.0
2007-09-24 00:00:00-04:00,55.70755209941674,55.86780600269195,55.074163465908654,55.24205017089844,79300,0.0,0.0,0.0
2007-09-25 00:00:00-04:00,54.84523712408247,55.15811215921315,54.646825015144486,55.13521957397461,65500,0.0,0.0,0.0
2007-09-26 00:00:00-04:00,55.41756744698938,55.74570804204638,55.2496807487572,55.470985412597656,81900,0.0,0.0,0.0
2007-09-27 00:00:00-04:00,55.738065546111905,55.867794036865234,55.5625460770005,55.867794036865234,93000,0.0,0.0,0.0
2007-09-28 00:00:00-04:00,55.822017768725274,56.005164244956845,55.27257251790905,55.455718994140625,160000,0.0,0.0,0.0
2007-10-01 00:00:00-04:00,55.47861774616527,56.60040095432477,55.47861774616527,56.501197814941406,168800,0.0,0.0,0.0
2007-10-02 00:00:00-04:00,56.66909900582629,56.974347126219946,56.52410483866148,56.890403747558594,51000,0.0,0.0,0.0
2007-10-03 00:00:00-04:00,56.76826724960044,56.92852110424927,56.409601365430184,56.64617156982422,42100,0.0,0.0,0.0
2007-10-04 00:00:00-04:00,56.79116075194851,56.836951726966504,56.455393260497424,56.76063537597656,45900,0.0,0.0,0.0
2007-10-05 00:00:00-04:00,57.26433340600473,57.95114026654647,57.073554045972244,57.729835510253906,131100,0.0,0.0,0.0
2007-10-08 00:00:00-04:00,57.61534022729431,57.798486698485114,57.271939866046395,57.432193756103516,44800,0.0,0.0,0.0
2007-10-09 00:00:00-04:00,57.64590178013146,57.90535895860786,57.26434299616617,57.86720657348633,57400,0.0,0.0,0.0
2007-10-10 00:00:00-04:00,57.80611378787966,57.87479152449481,57.39402990182642,57.79848098754883,65700,0.0,0.0,0.0
2007-10-11 00:00:00-04:00,58.12662958622496,58.34030144811322,56.97432692788156,57.271942138671875,74600,0.0,0.0,0.0
2007-10-12 00:00:00-04:00,57.44745882714774,57.775599438569216,57.27194514087688,57.52376937866211,66000,0.0,0.0,0.0
2007-10-15 00:00:00-04:00,57.69164857035791,57.69164857035791,56.71485966511791,57.22614669799805,51000,0.0,0.0,0.0
2007-10-16 00:00:00-04:00,56.85986382812134,56.90564899674103,56.45541264632172,56.501197814941406,110700,0.0,0.0,0.0
2007-10-17 00:00:00-04:00,57.08116194752273,57.08116194752273,56.02042963428233,56.653812408447266,43000,0.0,0.0,0.0
2007-10-18 00:00:00-04:00,56.363824726399336,56.69959808520884,56.27224858614558,56.56223678588867,29100,0.0,0.0,0.0
2007-10-19 00:00:00-04:00,56.3638175850704,56.409602738335806,54.707855224609375,54.707855224609375,93100,0.0,0.0,0.0
2007-10-22 00:00:00-04:00,54.242367308844,55.65413284301758,54.21184192481431,55.65413284301758,250600,0.0,0.0,0.0
2007-10-23 00:00:00-04:00,56.00516087700795,56.08910421984135,55.3336199564619,55.997528076171875,81900,0.0,0.0,0.0
2007-10-24 00:00:00-04:00,55.78385312919647,55.85253668866136,54.65444319731932,55.67701721191406,288900,0.0,0.0,0.0
2007-10-25 00:00:00-04:00,55.74572068618817,55.93650000979302,54.936812395059995,55.356529235839844,148100,0.0,0.0,0.0
2007-10-26 00:00:00-04:00,56.06623049793214,56.32568759241844,55.51678509534572,56.295162200927734,129800,0.0,0.0,0.0
2007-10-29 00:00:00-04:00,56.5775163767171,56.707244920913155,56.11964715935734,56.440155029296875,59600,0.0,0.0,0.0
2007-10-30 00:00:00-04:00,56.27225645810982,56.39435799552903,55.89833068847656,55.89833068847656,96600,0.0,0.0,0.0
2007-10-31 00:00:00-04:00,56.29514023054746,57.035364674470046,55.71517548493708,56.84458541870117,172300,0.0,0.0,0.0
2007-11-01 00:00:00-04:00,56.0662365224018,56.14254709826678,54.89866782750879,54.990238189697266,346100,0.0,0.0,0.0
2007-11-02 00:00:00-04:00,55.51676950655329,55.51676950655329,54.3949864282835,55.15047073364258,189600,0.0,0.0,0.0
2007-11-05 00:00:00-05:00,55.26493305095993,55.26493305095993,54.150782903239495,54.539974212646484,171500,0.0,0.0,0.0
2007-11-06 00:00:00-05:00,55.181009696389296,55.356529235839844,54.27290407507376,55.356529235839844,179700,0.0,0.0,0.0
2007-11-07 00:00:00-05:00,55.013109494302775,55.013109494302775,53.708179938913034,53.78449630737305,143600,0.0,0.0,0.0
2007-11-08 00:00:00-05:00,54.181302538334286,54.2423532906159,52.80768972259886,54.00578308105469,243200,0.0,0.0,0.0
2007-11-09 00:00:00-05:00,53.22741928714011,53.95237822456793,52.9374368765933,53.33425521850586,107300,0.0,0.0,0.0
2007-11-12 00:00:00-05:00,53.24268805371273,53.88370957221512,52.65509033203125,52.65509033203125,123200,0.0,0.0,0.0
2007-11-13 00:00:00-05:00,53.55553980502508,54.12787743225656,53.280817278184415,54.08209228515625,72500,0.0,0.0,0.0
2007-11-14 00:00:00-05:00,54.4865494696448,54.55522719810097,53.59370406699412,53.822635650634766,139300,0.0,0.0,0.0
2007-11-15 00:00:00-05:00,53.9218555403875,53.9218555403875,52.63218581514693,53.01374435424805,105700,0.0,0.0,0.0
2007-11-16 00:00:00-05:00,53.3876698241683,53.3876698241683,52.27351959424478,52.70849609375,164500,0.0,0.0,0.0
2007-11-19 00:00:00-05:00,52.609295715245594,52.609295715245594,51.45698724262668,51.655399322509766,110200,0.0,0.0,0.0
2007-11-20 00:00:00-05:00,52.861121630788375,52.861121630788375,50.74728971853195,51.71644592285156,149600,0.0,0.0,0.0
2007-11-21 00:00:00-05:00,50.89228322520531,51.54856442229051,50.61756059283841,50.93806838989258,111400,0.0,0.0,0.0
2007-11-23 00:00:00-05:00,51.5638263997688,52.21247482299805,51.34252172414999,52.21247482299805,41400,0.0,0.0,0.0
2007-11-26 00:00:00-05:00,52.2582710212719,52.2582710212719,50.663352966308594,50.663352966308594,62400,0.0,0.0,0.0
2007-11-27 00:00:00-05:00,51.23567939189985,51.35014811632781,50.64044901141984,51.1975212097168,101700,0.0,0.0,0.0
2007-11-28 00:00:00-05:00,51.93775430437222,52.99085975711109,51.56382850991095,52.952701568603516,115900,0.0,0.0,0.0
2007-11-29 00:00:00-05:00,53.15110788715972,53.15110788715972,52.479561104060004,52.78480911254883,106300,0.0,0.0,0.0
2007-11-30 00:00:00-05:00,53.700550123242934,53.75396808507046,52.7313881873592,53.067161560058594,137100,0.0,0.0,0.0
2007-12-03 00:00:00-05:00,53.250317954783675,53.250317954783675,52.51772613221636,52.571144104003906,96300,0.0,0.0,0.0
2007-12-04 00:00:00-05:00,52.66272296703415,52.66272296703415,51.82329515782406,52.0827522277832,131800,0.0,0.0,0.0
2007-12-05 00:00:00-05:00,52.97559878242814,53.235061678285575,52.54062217719074,52.96797180175781,198200,0.0,0.0,0.0
2007-12-06 00:00:00-05:00,53.18925971347082,54.31104278564453,53.02137884150893,54.31104278564453,67700,0.0,0.0,0.0
2007-12-07 00:00:00-05:00,54.53233961198756,54.53233961198756,54.059204980443425,54.34156036376953,90900,0.0,0.0,0.0
2007-12-10 00:00:00-05:00,54.188951870612996,54.89101826968712,54.188951870612996,54.8299674987793,111800,0.0,0.0,0.0
2007-12-11 00:00:00-05:00,55.051270915533344,55.051270915533344,52.891647976650944,52.93743896484375,218900,0.0,0.0,0.0
2007-12-12 00:00:00-05:00,54.76893369992995,54.76893369992995,52.70088622707706,53.28085708618164,108700,0.0,0.0,0.0
2007-12-13 00:00:00-05:00,52.7695498132095,53.1816337551084,52.456669000572326,53.12821578979492,109900,0.0,0.0,0.0
2007-12-14 00:00:00-05:00,53.036639237015855,53.13584236552422,52.13616081276871,52.15142059326172,103100,0.0,0.0,0.0
2007-12-17 00:00:00-05:00,51.76986559378303,52.00643587358661,51.21279332463809,51.31199645996094,254400,0.0,0.0,0.0
2007-12-18 00:00:00-05:00,51.51804163565396,52.044588522467464,50.907545572478895,51.95301818847656,366800,0.0,0.0,0.0
2007-12-19 00:00:00-05:00,52.35746629253337,52.35746629253337,51.56382378568996,52.16668701171875,159800,0.0,0.0,0.0
2007-12-20 00:00:00-05:00,52.82594789196203,52.91106414794922,51.64980511459545,52.91106414794922,158600,0.942,0.0,0.0
2007-12-21 00:00:00-05:00,53.81638879868799,53.81638879868799,53.36759508661926,53.669368743896484,208000,0.0,0.0,0.0
2007-12-24 00:00:00-05:00,53.62293890204664,54.350287850864134,53.62293890204664,54.29612350463867,92700,0.0,0.0,0.0
2007-12-26 00:00:00-05:00,54.22647964570168,54.50504079381253,53.924706052493306,54.38123321533203,214300,0.0,0.0,0.0
2007-12-27 00:00:00-05:00,54.28840004256033,54.28840004256033,53.01939558880921,53.08903884887695,193600,0.0,0.0,0.0
2007-12-28 00:00:00-05:00,53.85509211878881,53.85509211878881,52.8414421081543,52.8414421081543,206000,0.0,0.0,0.0
2007-12-31 00:00:00-05:00,52.446780118944545,53.00390237311494,52.29202656099491,52.67117691040039,199900,0.0,0.0,0.0
2008-01-02 00:00:00-05:00,52.9652270611721,52.9652270611721,51.65754316137461,51.96705627441406,253300,0.0,0.0,0.0
2008-01-03 00:00:00-05:00,52.152762365716285,52.152762365716285,51.247441370287234,51.40219497680664,148700,0.0,0.0,0.0
2008-01-04 00:00:00-05:00,50.59746622703056,50.73674684252217,49.59155001476087,49.916542053222656,117100,0.0,0.0,0.0
2008-01-07 00:00:00-05:00,50.148674103833564,50.22605681765122,49.20466462032761,49.7927360534668,474100,0.0,0.0,0.0
2008-01-08 00:00:00-05:00,49.993911550538506,50.46591768382439,48.52372880276959,48.60110855102539,661500,0.0,0.0,0.0
2008-01-09 00:00:00-05:00,48.65528426469853,48.93384552001953,47.517826789383186,48.93384552001953,424900,0.0,0.0,0.0
2008-01-10 00:00:00-05:00,48.376712977160466,49.74630356397632,48.29159672771506,49.436790466308594,372000,0.0,0.0,0.0
2008-01-11 00:00:00-05:00,49.003480692095515,49.220138111618226,48.34576603010221,48.52373504638672,328200,0.0,0.0,0.0
2008-01-14 00:00:00-05:00,48.95704840416039,49.08858955360656,48.54694605384502,48.825504302978516,305900,0.0,0.0,0.0
2008-01-15 00:00:00-05:00,48.41540344642482,48.41540344642482,47.72673987399291,47.88149642944336,356200,0.0,0.0,0.0
2008-01-16 00:00:00-05:00,47.81185583411484,48.51599535295082,47.33984967116425,47.88923263549805,365500,0.0,0.0,0.0
2008-01-17 00:00:00-05:00,48.175531891854746,48.252911647461985,46.58928379860462,46.6589241027832,292200,0.0,0.0,0.0
2008-01-18 00:00:00-05:00,46.75178023824491,47.27021430722417,45.745866956503384,46.24882507324219,514500,0.0,0.0,0.0
2008-01-22 00:00:00-05:00,46.92974894813607,46.92974894813607,43.95069476316791,45.94704818725586,327500,0.0,0.0,0.0
2008-01-23 00:00:00-05:00,45.134569092180755,47.49459647045726,44.87922038693943,47.316627502441406,322500,0.0,0.0,0.0
2008-01-24 00:00:00-05:00,47.68031342204587,48.19100800381466,47.13866693793089,47.64936447143555,186000,0.0,0.0,0.0
2008-01-25 00:00:00-05:00,48.35348873390558,48.39991362101715,47.0612752608263,47.37852478027344,197800,0.0,0.0,0.0
2008-01-28 00:00:00-05:00,47.688048165755944,48.322547342536154,46.86784054496748,48.3148078918457,408900,0.0,0.0,0.0
2008-01-29 00:00:00-05:00,48.639794493168424,48.7868115798273,47.97434345044904,48.724910736083984,200500,0.0,0.0,0.0
2008-01-30 00:00:00-05:00,48.32255784087829,49.45227584480388,47.62615471421938,47.85055160522461,283000,0.0,0.0,0.0
2008-01-31 00:00:00-05:00,47.23152553364222,49.707618838058124,47.23152553364222,49.30525588989258,173200,0.0,0.0,0.0
2008-02-01 00:00:00-05:00,49.62248789894788,50.6903076171875,49.49868622208365,50.6903076171875,280600,0.0,0.0,0.0
2008-02-04 00:00:00-05:00,50.68257583222649,50.68257583222649,49.962960397248395,50.024864196777344,149000,0.0,0.0,0.0
2008-02-05 00:00:00-05:00,49.06537080938989,49.754037223959344,48.6475290616921,48.949302673339844,197000,0.0,0.0,0.0
2008-02-06 00:00:00-05:00,48.902883308584705,49.282033752637055,47.97434697042294,48.35350036621094,205300,0.0,0.0,0.0
2008-02-07 00:00:00-05:00,47.73447305269191,48.98025895738426,47.73447305269191,48.95704650878906,131600,0.0,0.0,0.0
2008-02-08 00:00:00-05:00,48.833241598066394,49.16596713422249,48.20647892378117,48.60884475708008,102500,0.0,0.0,0.0
2008-02-11 00:00:00-05:00,48.48503849424249,48.99573300566758,48.07493617571892,48.779075622558594,201200,0.0,0.0,0.0
2008-02-12 00:00:00-05:00,49.21239720508891,49.57607467859594,48.724918025573906,49.06538009643555,163100,0.0,0.0,0.0
2008-02-13 00:00:00-05:00,49.72309647751025,50.0712950602709,49.32846708783542,49.95522689819336,88400,0.0,0.0,0.0
2008-02-14 00:00:00-05:00,50.241537236778676,50.241537236778676,48.933850057742326,49.07312774658203,230900,0.0,0.0,0.0
2008-02-15 00:00:00-05:00,48.933832161237355,48.964781107584734,48.283857060174924,48.779075622558594,221800,0.0,0.0,0.0
2008-02-19 00:00:00-05:00,49.58380946710391,49.59154301436531,48.70943749366405,48.9725227355957,232100,0.0,0.0,0.0
2008-02-20 00:00:00-05:00,48.686212117801695,49.560586863825044,48.50824315997929,49.475467681884766,348900,0.0,0.0,0.0
2008-02-21 00:00:00-05:00,49.81595734999667,50.06356672914322,48.5624344991002,48.84099578857422,286700,0.0,0.0,0.0
2008-02-22 00:00:00-05:00,48.779072886780625,49.26655197143555,47.85827315673962,49.26655197143555,225300,0.0,0.0,0.0
2008-02-25 00:00:00-05:00,48.82551920304162,49.91655188997449,48.57790982709187,49.80048370361328,418400,0.0,0.0,0.0
2008-02-26 00:00:00-05:00,49.53738883885055,50.62842138081618,49.53738883885055,50.195106506347656,312700,0.0,0.0,0.0
2008-02-27 00:00:00-05:00,49.924281535911945,50.58199923936936,49.73083654159452,50.10999298095703,95300,0.0,0.0,0.0
2008-02-28 00:00:00-05:00,49.83916255411871,49.89332690702551,49.19692386717254,49.40584182739258,295400,0.0,0.0,0.0
2008-02-29 00:00:00-05:00,48.98026122176774,49.01894962179351,47.90470776167832,48.12910461425781,221600,0.0,0.0,0.0
2008-03-03 00:00:00-05:00,48.22971104028442,48.26065999839151,47.39402718492484,48.044002532958984,290900,0.0,0.0,0.0
2008-03-04 00:00:00-05:00,47.87375888257079,47.96661459057621,47.02260222133914,47.74995422363281,522200,0.0,0.0,0.0
2008-03-05 00:00:00-05:00,48.005325824295056,48.3457880603638,47.53331941519108,48.05949020385742,709900,0.0,0.0,0.0
2008-03-06 00:00:00-05:00,47.77316003105195,47.87374926691684,46.457733949210066,46.57379913330078,300200,0.0,0.0,0.0
2008-03-07 00:00:00-05:00,46.256559373188736,46.906534577690174,45.88514539229305,46.38810348510742,808700,0.0,0.0,0.0
2008-03-10 00:00:00-04:00,46.43451627184829,46.4499922193145,45.142305651638644,45.35896301269531,502700,0.0,0.0,0.0
2008-03-11 00:00:00-04:00,46.651192162164584,47.038082122802734,45.69170376101807,47.038082122802734,404400,0.0,0.0,0.0
2008-03-12 00:00:00-04:00,47.83847278533619,47.83847278533619,46.584455378022554,46.599937438964844,181600,0.024,0.0,0.0
2008-03-13 00:00:00-04:00,46.13548860287453,47.45917687947393,45.67877809931249,47.335323333740234,274600,0.0,0.0,0.0
2008-03-14 00:00:00-04:00,47.83073363730415,47.83073363730415,45.82585249822849,46.32900619506836,468100,0.0,0.0,0.0
2008-03-17 00:00:00-04:00,44.89695989870098,46.027124042626994,44.680216899291025,45.44655990600586,294000,0.0,0.0,0.0
2008-03-18 00:00:00-04:00,46.39868896970094,47.40500259399414,45.91875673311178,47.40500259399414,341000,0.0,0.0,0.0
2008-03-19 00:00:00-04:00,47.544317843549116,47.908138880510066,46.251596806272595,46.274818420410156,203200,0.0,0.0,0.0
2008-03-20 00:00:00-04:00,46.54574845142792,47.35079489389539,46.18192742694582,46.88634490966797,173600,0.0,0.0,0.0
2008-03-24 00:00:00-04:00,47.505627173562694,48.92220508176034,47.45918393257385,48.69771957397461,560300,0.0,0.0,0.0
2008-03-25 00:00:00-04:00,48.66674761967891,49.030568697736854,48.26422286271939,48.868011474609375,391200,0.0,0.0,0.0
2008-03-26 00:00:00-04:00,48.77510594385439,48.89121990213684,48.34935968498646,48.47321319580078,219200,0.0,0.0,0.0
2008-03-27 00:00:00-04:00,48.73642435229879,48.79835261220888,48.00104250682727,48.10941696166992,211800,0.0,0.0,0.0
2008-03-28 00:00:00-04:00,48.024267313596646,48.21778869740105,47.40499947600296,47.59077835083008,141400,0.0,0.0,0.0
2008-03-31 00:00:00-04:00,47.43594881566455,48.1635909270448,47.33531984728744,47.72236251831055,159300,0.0,0.0,0.0
2008-04-01 00:00:00-04:00,48.38034357524135,49.42535781530583,48.27971163379233,49.355690002441406,225400,0.0,0.0,0.0
2008-04-02 00:00:00-04:00,49.525982848364464,49.96721423689288,49.255054143295744,49.61112976074219,85100,0.0,0.0,0.0
2008-04-03 00:00:00-04:00,49.347952243893644,49.967223026530725,49.30924855820431,49.92851638793945,59400,0.0,0.0,0.0
2008-04-04 00:00:00-04:00,49.85109981992715,50.20717838722201,49.50276080718158,49.81239318847656,117500,0.0,0.0,0.0
2008-04-07 00:00:00-04:00,50.14524124287629,50.27683431717771,49.611120533791805,49.688533782958984,157000,0.0,0.0,0.0
2008-04-08 00:00:00-04:00,49.347943140083395,49.87432143647639,49.33246107808343,49.81239318847656,111700,0.0,0.0,0.0
2008-04-09 00:00:00-04:00,49.796905205239035,49.88205505461384,48.720924234749354,48.96089172363281,101800,0.0,0.0,0.0
2008-04-10 00:00:00-04:00,48.883488532521895,49.53372031136863,48.59707484158742,49.347938537597656,117800,0.0,0.0,0.0
2008-04-11 00:00:00-04:00,48.76738147236417,48.86801340380212,48.04748179534953,48.225521087646484,159900,0.0,0.0,0.0
2008-04-14 00:00:00-04:00,48.18682433365557,48.488717218462355,47.89267100488657,48.10941696166992,150700,0.0,0.0,0.0
2008-04-15 00:00:00-04:00,48.37260887938238,48.4500162557189,47.915898272031825,48.41905212402344,101700,0.0,0.0,0.0
2008-04-16 00:00:00-04:00,48.84479699668372,49.905296325683594,48.84479699668372,49.905296325683594,67700,0.0,0.0,0.0
2008-04-17 00:00:00-04:00,49.71952173222264,49.71952173222264,49.2782902142729,49.704036712646484,147800,0.0,0.0,0.0
2008-04-18 00:00:00-04:00,50.47037233042756,50.64841459430836,50.1607428545015,50.23040771484375,198400,0.0,0.0,0.0
2008-04-21 00:00:00-04:00,50.10655129521799,50.346515882975204,50.00591641198844,50.3155517578125,70300,0.0,0.0,0.0
2008-04-22 00:00:00-04:00,50.06010202106282,50.06010202106282,49.00734834445199,49.47953796386719,107900,0.0,0.0,0.0
2008-04-23 00:00:00-04:00,49.541461495727994,49.820132689105655,49.19312250400591,49.603389739990234,97300,0.0,0.0,0.0
2008-04-24 00:00:00-04:00,49.58791464059134,50.4935991530518,49.06153922362527,50.183963775634766,224200,0.0,0.0,0.0
2008-04-25 00:00:00-04:00,50.509059309083,50.85739528682508,49.951717020054545,50.74128723144531,119900,0.0,0.0,0.0
2008-04-28 00:00:00-04:00,50.78001200498968,51.190276410497894,50.501340728455006,51.00449752807617,82100,0.0,0.0,0.0
2008-04-29 00:00:00-04:00,50.896110461359605,50.95029619824227,50.35425309253301,50.61743927001953,126700,0.0,0.0,0.0
2008-04-30 00:00:00-04:00,50.7954807432327,51.20574501724804,50.292324104877125,50.43165969848633,124100,0.0,0.0,0.0
2008-05-01 00:00:00-04:00,50.408452239208195,51.40702328951897,50.35426648791089,51.368316650390625,74000,0.0,0.0,0.0
2008-05-02 00:00:00-04:00,51.84049524161996,51.92564509996792,51.151559773751835,51.37604522705078,119900,0.0,0.0,0.0
2008-05-05 00:00:00-04:00,51.27540405931901,51.52311109706252,51.050918633582455,51.19025421142578,91800,0.0,0.0,0.0
2008-05-06 00:00:00-04:00,51.043186188349104,51.778564855503056,50.9038505991639,51.577301025390625,64600,0.0,0.0,0.0
2008-05-07 00:00:00-04:00,51.63923853984137,51.88694564223212,50.78000323652902,50.880638122558594,89000,0.0,0.0,0.0
2008-05-08 00:00:00-04:00,51.066412777041,51.174784256319946,50.68711259956472,51.027706146240234,121600,0.0,0.0,0.0
2008-05-09 00:00:00-04:00,50.70259395377107,51.190265632122866,50.64840821173198,51.05093002319336,72700,0.0,0.0,0.0
2008-05-12 00:00:00-04:00,51.19801511715562,51.92565738581903,51.01997875725101,51.84050750732422,90400,0.0,0.0,0.0
2008-05-13 00:00:00-04:00,52.010807507882255,52.258514635807984,51.65472888060176,52.2275505065918,177400,0.0,0.0,0.0
2008-05-14 00:00:00-04:00,52.328166251627394,52.8468019966604,52.219794779704145,52.28172302246094,143100,0.0,0.0,0.0
2008-05-15 00:00:00-04:00,52.3513849474254,52.88550567626953,52.09594129544956,52.88550567626953,258900,0.0,0.0,0.0
2008-05-16 00:00:00-04:00,53.14098435743352,53.14098435743352,52.204341371399046,52.7694206237793,189300,0.0,0.0,0.0
2008-05-19 00:00:00-04:00,52.684253007116496,53.31900282988405,52.49847415566832,52.77714538574219,125900,0.0,0.0,0.0
2008-05-20 00:00:00-04:00,52.552668198922866,52.583632330021125,52.08047553483169,52.544925689697266,200500,0.0,0.0,0.0
2008-05-21 00:00:00-04:00,52.60687879244672,52.924256856714166,51.59282811981968,51.825050354003906,329200,0.0,0.0,0.0
2008-05-22 00:00:00-04:00,51.93339313545507,52.2972142638091,51.7940634156296,52.04950714111328,367900,0.0,0.0,0.0
2008-05-23 00:00:00-04:00,51.863726205645314,51.90243284125447,51.08964073988941,51.4379768371582,124200,0.0,0.0,0.0
2008-05-27 00:00:00-04:00,51.52310895995504,52.03400802612305,51.46118663243884,52.03400802612305,159100,0.0,0.0,0.0
2008-05-28 00:00:00-04:00,52.27398613539986,52.421064251308366,51.82501518584974,52.366878509521484,92400,0.0,0.0,0.0
2008-05-29 00:00:00-04:00,52.188842799864155,53.09452141412643,52.188842799864155,52.746185302734375,79800,0.0,0.0,0.0
2008-05-30 00:00:00-04:00,52.862298385093496,53.04807724753725,52.583627138526076,52.87004089355469,291600,0.0,0.0,0.0
2008-06-02 00:00:00-04:00,53.032588144058444,53.032588144058444,51.98757411923316,52.568138122558594,238400,0.0,0.0,0.0
2008-06-03 00:00:00-04:00,52.78489215902255,52.90874276806133,51.910171763907734,52.43655014038086,248000,0.0,0.0,0.0
2008-06-04 00:00:00-04:00,52.3668727739309,53.13321558263949,52.165608938279355,52.73069381713867,114800,0.0,0.0,0.0
2008-06-05 00:00:00-04:00,52.88553840812624,53.853145599365234,52.792645991677276,53.853145599365234,110200,0.0,0.0,0.0
2008-06-06 00:00:00-04:00,53.667350750123106,53.837650510185156,52.27399444580078,52.27399444580078,121800,0.0,0.0,0.0
2008-06-09 00:00:00-04:00,52.43654964962,52.57588527461188,51.53087104007463,51.94113540649414,171300,0.0,0.0,0.0
2008-06-10 00:00:00-04:00,51.67794465887598,52.010801628065835,51.47668079462551,51.75535202026367,138500,0.0,0.0,0.0
2008-06-11 00:00:00-04:00,51.6701871092918,51.71663033144371,50.74128723144531,50.74128723144531,91400,0.0,0.0,0.0
2008-06-12 00:00:00-04:00,51.043198783832345,51.561834641522346,50.69485677201098,50.88837814331055,108400,0.0,0.0,0.0
2008-06-13 00:00:00-04:00,51.17479526513467,51.78632354736328,51.11286700485239,51.78632354736328,82700,0.0,0.0,0.0
2008-06-16 00:00:00-04:00,51.49992022535575,52.28174842913883,51.49992022535575,52.13467025756836,85200,0.0,0.0,0.0
2008-06-17 00:00:00-04:00,52.36687387655433,52.36687387655433,51.87145973667481,51.90242385864258,108200,0.0,0.0,0.0
2008-06-18 00:00:00-04:00,51.59280083529792,51.71665144687052,51.14382981851417,51.499908447265625,167100,0.0,0.0,0.0
2008-06-19 00:00:00-04:00,51.453451631602306,51.89468002319336,51.267672810354036,51.89468002319336,104500,0.0,0.0,0.0
2008-06-20 00:00:00-04:00,51.670198420395856,51.670198420395856,50.68711259956472,51.027706146240234,160700,0.0,0.0,0.0
2008-06-23 00:00:00-04:00,51.32961682163529,51.32961682163529,50.478123800072034,50.51683044433594,168000,0.0,0.0,0.0
2008-06-24 00:00:00-04:00,50.292331162738044,50.45488839379448,49.649838840608,49.79691696166992,132300,0.0,0.0,0.0
2008-06-25 00:00:00-04:00,49.866571923114385,50.68710632932574,49.85883532255343,50.30780029296875,97900,0.0,0.0,0.0
2008-06-26 00:00:00-04:00,49.82788073855433,49.82788073855433,48.93768132212363,48.99186706542969,136800,0.0,0.0,0.0
2008-06-27 00:00:00-04:00,49.06152968617672,49.18538322248633,48.52740891160928,48.844783782958984,103000,0.0,0.0,0.0
2008-06-30 00:00:00-04:00,48.937673757489506,49.10797051602678,48.380331394891996,48.4035530090332,227200,0.0,0.0,0.0
2008-07-01 00:00:00-04:00,47.86171051839495,48.480978361921,47.47466774707842,48.364864349365234,148600,0.0,0.0,0.0
2008-07-02 00:00:00-04:00,48.39582729932063,48.697720181119585,46.98699188232422,46.98699188232422,187400,0.0,0.0,0.0
2008-07-03 00:00:00-04:00,46.99472038983541,47.149538048768584,46.282563292804525,46.71604919433594,115300,0.0,0.0,0.0
2008-07-07 00:00:00-04:00,46.87087809840464,47.11858523096646,45.71749231608278,46.25934982299805,327100,0.0,0.0,0.0
2008-07-08 00:00:00-04:00,46.313537020861865,47.606258392333984,45.64008050775903,47.606258392333984,611100,0.0,0.0,0.0
2008-07-09 00:00:00-04:00,47.63721159296768,47.76880468078029,46.3290055043066,46.352230072021484,301700,0.0,0.0,0.0
2008-07-10 00:00:00-04:00,46.398681202985514,47.025691485841335,46.120012919062376,46.669612884521484,191200,0.0,0.0,0.0
2008-07-11 00:00:00-04:00,46.38319761169428,47.203729231661946,45.83359766433839,46.83216857910156,314000,0.0,0.0,0.0
2008-07-14 00:00:00-04:00,47.21921876813187,47.32759027316817,45.918754801892135,46.23612976074219,254200,0.0,0.0,0.0
2008-07-15 00:00:00-04:00,45.67105503913269,46.685108341182065,44.89696936050332,45.84909439086914,276900,0.0,0.0,0.0
2008-07-16 00:00:00-04:00,46.197428468853346,47.51337456874103,45.76393947333088,47.412742614746094,373300,0.0,0.0,0.0
2008-07-17 00:00:00-04:00,47.71462081542171,48.18681335449219,47.28113490642688,48.18681335449219,249200,0.0,0.0,0.0
2008-07-18 00:00:00-04:00,48.44227011793176,48.44227011793176,47.668184648124495,47.90040969848633,234000,0.0,0.0,0.0
2008-07-21 00:00:00-04:00,48.233265167818836,48.38034033940604,47.90814774522917,48.341636657714844,276900,0.0,0.0,0.0
2008-07-22 00:00:00-04:00,48.13263645236826,49.371172066733706,47.85396520091057,49.355690002441406,386200,0.0,0.0,0.0
2008-07-23 00:00:00-04:00,49.37890900896601,50.036880426257035,49.224091336397095,49.618873596191406,315200,0.0,0.0,0.0
2008-07-24 00:00:00-04:00,49.64208178929814,49.64208178929814,48.19454329096184,48.27195358276367,296800,0.0,0.0,0.0
2008-07-25 00:00:00-04:00,48.70545484097901,49.0305722637815,48.38034037107815,48.62030792236328,270500,0.0,0.0,0.0
2008-07-28 00:00:00-04:00,48.46550536669752,48.79061993805334,47.83849489677944,47.88494110107422,107600,0.0,0.0,0.0
2008-07-29 00:00:00-04:00,48.124886006671716,49.16990302728637,48.008774972982096,49.138938903808594,438200,0.0,0.0,0.0
2008-07-30 00:00:00-04:00,49.386644044097324,49.6653181915393,48.80608003977118,49.50275802612305,507500,0.0,0.0,0.0
2008-07-31 00:00:00-04:00,48.953171701819464,49.75047592408078,48.953171701819464,49.10798645019531,1429000,0.0,0.0,0.0
2008-08-01 00:00:00-04:00,49.363416756719445,49.525973950555745,48.61255311914101,49.27826690673828,358300,0.0,0.0,0.0
2008-08-04 00:00:00-04:00,49.131210099154025,49.169913785518816,48.32616042999757,48.46549606323242,143600,0.0,0.0,0.0
2008-08-05 00:00:00-04:00,48.937678317769425,49.618871321198,48.79060020676671,49.52598190307617,202900,0.0,0.0,0.0
2008-08-06 00:00:00-04:00,49.48729590654475,50.09108176941894,49.15443884036989,49.86659622192383,215400,0.0,0.0,0.0
2008-08-07 00:00:00-04:00,49.34793689653256,49.789165272551834,48.97637631424797,49.09248733520508,96100,0.0,0.0,0.0
2008-08-08 00:00:00-04:00,49.1776492109185,50.501334662563636,49.03831358938726,50.28459167480469,342200,0.0,0.0,0.0
2008-08-11 00:00:00-04:00,50.45490122569268,51.755365310686656,50.36200882469146,51.283172607421875,269600,0.0,0.0,0.0
2008-08-12 00:00:00-04:00,51.25993542728535,51.36830690932928,50.710335509547484,50.896114349365234,559600,0.0,0.0,0.0
2008-08-13 00:00:00-04:00,50.888371163493424,51.21349151109411,50.377477884354214,50.98900604248047,192400,0.0,0.0,0.0
2008-08-14 00:00:00-04:00,50.57099028116386,51.64696829516294,50.57099028116386,51.43022537231445,281200,0.0,0.0,0.0
2008-08-15 00:00:00-04:00,51.82500437135414,52.04175319907489,51.089625756871364,51.46118927001953,823100,0.0,0.0,0.0
2008-08-18 00:00:00-04:00,51.600536188946,51.61601529856976,50.43166556795269,50.625186920166016,377700,0.0,0.0,0.0
2008-08-19 00:00:00-04:00,50.594231992336255,50.594231992336255,49.74273906897046,49.905296325683594,140300,0.0,0.0,0.0
2008-08-20 00:00:00-04:00,50.19169927018323,50.43166978293003,49.64984180101976,50.00592041015625,121200,0.0,0.0,0.0
2008-08-21 00:00:00-04:00,49.9594757541702,50.09106886354732,49.57243302837632,49.77369689941406,113900,0.0,0.0,0.0
2008-08-22 00:00:00-04:00,50.013658738475556,50.625186920166016,50.013658738475556,50.625186920166016,230200,0.0,0.0,0.0
2008-08-25 00:00:00-04:00,50.46263863753842,50.46263863753842,49.30924987463145,49.518253326416016,184100,0.0,0.0,0.0
2008-08-26 00:00:00-04:00,49.626613391246906,49.82787724045555,49.21634909133124,49.65757751464844,60900,0.0,0.0,0.0
2008-08-27 00:00:00-04:00,49.78918901012886,50.45490314478029,49.72726074043923,50.253639221191406,144500,0.0,0.0,0.0
2008-08-28 00:00:00-04:00,50.50907769916653,51.19801330566406,50.431670332129286,51.19801330566406,170900,0.0,0.0,0.0
2008-08-29 00:00:00-04:00,51.03545462502713,51.08189786278005,50.49359716523174,50.68711853027344,1905100,0.0,0.0,0.0
2008-09-02 00:00:00-04:00,51.39151955338318,51.75534056778199,50.19168504706391,50.63291931152344,130800,0.0,0.0,0.0
2008-09-03 00:00:00-04:00,50.617437981501105,51.12059461449023,50.3310242905252,50.74903106689453,133800,0.0,0.0,0.0
2008-09-04 00:00:00-04:00,50.3155490349722,50.39295639078854,48.99960331578497,49.2086067199707,157200,0.0,0.0,0.0
2008-09-05 00:00:00-04:00,49.13121684792222,49.40214564259311,48.101681522368025,49.23184585571289,180400,0.0,0.0,0.0
2008-09-08 00:00:00-04:00,50.69485782863017,51.28316446326778,49.40213645879804,50.09107208251953,131000,0.0,0.0,0.0
2008-09-09 00:00:00-04:00,50.12203096832291,50.33877394109527,48.295188903808594,48.295188903808594,119300,0.0,0.0,0.0
2008-09-10 00:00:00-04:00,48.72868798052042,49.17765608259931,48.07071346403808,48.77513122558594,213000,0.0,0.0,0.0
2008-09-11 00:00:00-04:00,48.54291296589019,49.14670181274414,47.737863138686635,49.14670181274414,137800,0.0,0.0,0.0
2008-09-12 00:00:00-04:00,48.8293194426976,49.52599468780436,48.57386978579363,49.25506591796875,174700,0.0,0.0,0.0
2008-09-15 00:00:00-04:00,48.04748276732149,48.82931071116048,47.18050790597572,47.28887939453125,292600,0.0,0.0,0.0
2008-09-16 00:00:00-04:00,46.59221141687423,48.43453598022461,46.44513621523745,48.43453598022461,377400,0.0,0.0,0.0
2008-09-17 00:00:00-04:00,47.86945051300031,47.92363626524877,46.12775802612305,46.12775802612305,334800,0.0,0.0,0.0
2008-09-18 00:00:00-04:00,47.459185905964546,48.87576092016261,45.601379413712436,48.612571716308594,224900,0.0,0.0,0.0
2008-09-19 00:00:00-04:00,57.63840275602561,58.05640961394241,50.06784788729607,50.911598205566406,258400,0.0,0.0,0.0
2008-09-22 00:00:00-04:00,51.08963250504979,51.08963250504979,48.78285854326084,49.05378723144531,141100,0.0,0.0,0.0
2008-09-23 00:00:00-04:00,48.87576433715908,49.177657248852995,47.993307225160805,48.04749298095703,321900,0.0,0.0,0.0
2008-09-24 00:00:00-04:00,48.17133272053078,48.24874303007472,47.34306160226955,47.536582946777344,351100,0.0,0.0,0.0
2008-09-25 00:00:00-04:00,47.57530609061348,48.39583799009298,47.474677076385895,47.96234893798828,201300,0.0,0.0,0.0
2008-09-26 00:00:00-04:00,46.84766113880842,47.807525634765625,46.83217907237011,47.807525634765625,186100,0.0,0.0,0.0
2008-09-29 00:00:00-04:00,47.14181376442461,47.21922114251376,44.33188223683618,44.43251419067383,220000,0.0,0.0,0.0
2008-09-30 00:00:00-04:00,44.99758791542151,46.84765166352796,44.4325058927753,46.174198150634766,355500,0.0,0.0,0.0
2008-10-01 00:00:00-04:00,45.77941283281745,45.77941283281745,45.03629151288567,45.40785217285156,313800,0.0,0.0,0.0
2008-10-02 00:00:00-04:00,45.353669193391966,45.353669193391966,42.938523279892806,43.16300582885742,301100,0.0,0.0,0.0
2008-10-03 00:00:00-04:00,43.62746183185328,44.316397495120974,41.85480522335196,41.96317672729492,302700,0.0,0.0,0.0
2008-10-06 00:00:00-04:00,40.86397733099191,40.93364514935437,38.15467787696588,40.39178466796875,565100,0.0,0.0,0.0
2008-10-07 00:00:00-04:00,40.213739653134276,40.747857549727065,37.891483306884766,37.891483306884766,337100,0.0,0.0,0.0
2008-10-08 00:00:00-04:00,36.49038680769491,38.47978613255759,36.227197642585764,37.07869338989258,370100,0.0,0.0,0.0
2008-10-09 00:00:00-04:00,37.83728461012042,38.05402751665143,34.15263748168945,34.15263748168945,356000,0.0,0.0,0.0
2008-10-10 00:00:00-04:00,32.29483682015578,35.71629212779947,31.73749450825331,35.00413513183594,516400,0.0,0.0,0.0
2008-10-13 00:00:00-04:00,36.90063924390808,38.47203417284631,36.31233580430061,38.36366271972656,515600,0.0,0.0,0.0
2008-10-14 00:00:00-04:00,40.57755609513273,40.57755609513273,36.614239591458116,37.63603210449219,563600,0.0,0.0,0.0
2008-10-15 00:00:00-04:00,37.06320493937944,37.06320493937944,33.95138168334961,33.95138168334961,418200,0.0,0.0,0.0
2008-10-16 00:00:00-04:00,34.353910218440674,35.840152740478516,32.60447559444455,35.840152740478516,329600,0.0,0.0,0.0
2008-10-17 00:00:00-04:00,34.740948589484375,37.07868651609787,34.41583123266741,35.27506637573242,312300,0.0,0.0,0.0
2008-10-20 00:00:00-04:00,35.987236743125756,36.954843632882934,35.57696941389543,36.800025939941406,288500,0.0,0.0,0.0
2008-10-21 00:00:00-04:00,36.45168249586061,36.84646476024182,35.70856120237743,35.886600494384766,257700,0.0,0.0,0.0
2008-10-22 00:00:00-04:00,34.91124609332965,35.228620950436245,33.10762886720714,34.12942123413086,431200,0.0,0.0,0.0
2008-10-23 00:00:00-04:00,34.13715730870567,34.26875333272377,31.342712121377797,32.80573272705078,268100,0.0,0.0,0.0
2008-10-24 00:00:00-04:00,31.257553999039818,32.372235367100515,29.879680652618934,31.737485885620117,363300,0.0,0.0,0.0
2008-10-27 00:00:00-04:00,31.24983155034838,32.00069544810944,30.14288902282715,30.14288902282715,268400,0.0,0.0,0.0
2008-10-28 00:00:00-04:00,30.978896556990414,32.836699654973295,29.77132232862555,32.441917419433594,396200,0.0,0.0,0.0
2008-10-29 00:00:00-04:00,32.56577155523741,34.322945714354674,32.2793607927262,33.07666778564453,307800,0.0,0.0,0.0
2008-10-30 00:00:00-04:00,34.059770807873605,34.67129921971159,33.556613921596245,34.64033508300781,285700,0.0,0.0,0.0
2008-10-31 00:00:00-04:00,34.779660087350095,36.304609394324096,34.206835545477595,36.08012390136719,702500,0.0,0.0,0.0
2008-11-03 00:00:00-05:00,36.0027115664297,36.52908988799144,35.87111846249004,36.095603942871094,628700,0.0,0.0,0.0
2008-11-04 00:00:00-05:00,36.84646400825545,37.04772786669641,35.99497124596315,36.6529426574707,423100,0.0,0.0,0.0
2008-11-05 00:00:00-05:00,36.46716578552914,36.567797720189155,34.69450940782578,34.849327087402344,237900,0.0,0.0,0.0
2008-11-06 00:00:00-05:00,34.63259088493236,34.83385184073519,33.31664478036859,33.37083053588867,356500,0.0,0.0,0.0
2008-11-07 00:00:00-05:00,33.680454078799315,34.22231444333164,33.138596667168414,33.990089416503906,296800,0.0,0.0,0.0
2008-11-10 00:00:00-05:00,34.80287598844683,34.818358049510785,32.95281250837161,33.27018737792969,242300,0.0,0.0,0.0
2008-11-11 00:00:00-05:00,32.88315561445156,33.37856992117816,32.17099828675761,32.56578063964844,395900,0.0,0.0,0.0
2008-11-12 00:00:00-05:00,31.892329804169545,32.10133328685932,30.506715763134984,30.576383590698242,221000,0.0,0.0,0.0
2008-11-13 00:00:00-05:00,30.746669998684247,33.053443908691406,29.12883155422505,33.053443908691406,368600,0.0,0.0,0.0
2008-11-14 00:00:00-05:00,32.31806405603073,32.728328355406404,30.72344713776653,30.88600730895996,279500,0.0,0.0,0.0
2008-11-17 00:00:00-05:00,30.576377865364467,31.327241760404558,30.32867073661139,30.437042236328125,286500,0.0,0.0,0.0
2008-11-18 00:00:00-05:00,30.42929884588087,30.86278479012179,29.136574662258703,30.29770278930664,217900,0.0,0.0,0.0
2008-11-19 00:00:00-05:00,30.313185031712667,30.421556518415326,27.874814769296673,27.975446701049805,475200,0.0,0.0,0.0
2008-11-20 00:00:00-05:00,27.681297472253785,28.246382512172666,25.854458087456205,25.89316177368164,468800,0.0,0.0,0.0
2008-11-21 00:00:00-05:00,26.450498670094802,27.40262638154292,25.142295309731328,27.35618019104004,542400,0.0,0.0,0.0
2008-11-24 00:00:00-05:00,27.696785109199173,29.59329564479404,27.418113787671427,29.306884765625,466200,0.0,0.0,0.0
2008-11-25 00:00:00-05:00,29.840991746712092,29.87195587158203,28.757273952377506,29.87195587158203,9288100,0.0,0.0,0.0
2008-11-26 00:00:00-05:00,29.353313043588617,31.613643646240234,28.97401290169948,31.613643646240234,761300,0.0,0.0,0.0
2008-11-28 00:00:00-05:00,31.21886154818055,31.96198272705078,31.125969186145962,31.96198272705078,109700,0.0,0.0,0.0
2008-12-01 00:00:00-05:00,31.42012907034977,31.567204245317583,28.17671204248876,28.246379852294922,324600,0.0,0.0,0.0
2008-12-02 00:00:00-05:00,28.919840526172795,29.864225969643442,28.43216573699833,29.856483459472656,458100,0.0,0.0,0.0
2008-12-03 00:00:00-05:00,29.213987401354125,30.8086016050391,29.05916971431337,30.707969665527344,416300,0.0,0.0,0.0
2008-12-04 00:00:00-05:00,30.220306031490527,31.21113476927626,29.10562074857901,29.724891662597656,400400,0.0,0.0,0.0
2008-12-05 00:00:00-05:00,29.314620125172265,31.025351503359587,28.486348789748142,30.971162796020508,470800,0.0,0.0,0.0
2008-12-08 00:00:00-05:00,31.74525284077945,32.52708104113635,31.605920133279845,32.3258171081543,394800,0.0,0.0,0.0
2008-12-09 00:00:00-05:00,32.0316429365991,33.06891711046946,31.164665480328097,31.427854537963867,630300,0.0,0.0,0.0
2008-12-10 00:00:00-05:00,31.853608224159018,32.511579484956144,31.543972952665786,32.14775848388672,479200,0.0,0.0,0.0
2008-12-11 00:00:00-05:00,31.87683768660061,32.23291626948194,30.2744811107331,30.661523818969727,418800,0.0,0.0,0.0
2008-12-12 00:00:00-05:00,29.833248053796805,31.660089827102627,29.601023055286976,31.613643646240234,504100,0.0,0.0,0.0
2008-12-15 00:00:00-05:00,31.79943007874742,31.931023181131483,30.111923647730652,30.622819900512695,378700,0.0,0.0,0.0
2008-12-16 00:00:00-05:00,32.519325256347656,32.60447511993586,31.079528941415575,32.519325256347656,589600,0.0,0.0,0.0
2008-12-17 00:00:00-05:00,32.511589319565715,33.31663890665137,32.070360843603744,32.89863204956055,449900,0.0,0.0,0.0
2008-12-18 00:00:00-05:00,32.97603501125769,33.28567033507002,31.8845747765261,32.40321350097656,443500,0.0,0.0,0.0
2008-12-19 00:00:00-05:00,32.8831477044319,33.432747634194435,32.41095513413678,32.7360725402832,545300,0.0,0.0,0.0
2008-12-22 00:00:00-05:00,32.774772409063736,32.782511962949954,31.06404456879935,31.938758850097656,543900,0.0,0.0,0.0
2008-12-23 00:00:00-05:00,32.15549577713204,32.36449910857391,31.311742899637235,31.5207462310791,488300,0.0,0.0,0.0
2008-12-24 00:00:00-05:00,31.61098502656723,31.808850487968552,31.25482961139473,31.721792221069336,319800,0.894,0.0,0.0
2008-12-26 00:00:00-05:00,32.04628663744814,32.2441520690918,31.595150675648682,32.2441520690918,454700,0.0,0.0,0.0
2008-12-29 00:00:00-05:00,32.06210272982389,32.18873644389532,31.14400754800954,31.658458709716797,612500,0.0,0.0,0.0
2008-12-30 00:00:00-05:00,31.95132439062987,32.711130307372095,31.761375175835564,32.64781188964844,536900,0.0,0.0,0.0
2008-12-31 00:00:00-05:00,32.67946277236535,34.0091190139061,32.6319739711719,33.61338806152344,370300,0.0,0.0,0.0
2009-01-02 00:00:00-05:00,33.827088744580024,34.539402765414486,33.39969852056651,34.36528015136719,353500,0.0,0.0,0.0
2009-01-05 00:00:00-05:00,34.381099541730116,34.55522210405556,33.63712653584469,34.30986785888672,349000,0.0,0.0,0.0
2009-01-06 00:00:00-05:00,34.681857447929175,35.35459880155148,34.436503191607464,35.022186279296875,470800,0.0,0.0,0.0
2009-01-07 00:00:00-05:00,34.412760442877016,34.45233293104183,33.51049442829509,33.8429069519043,331400,0.0,0.0,0.0
2009-01-08 00:00:00-05:00,33.724192495642406,34.15158265199559,33.49466781695041,34.11200714111328,358500,0.0,0.0,0.0
2009-01-09 00:00:00-05:00,34.214902937603476,34.22281924858932,32.84567399829055,32.86150360107422,325000,0.0,0.0,0.0
2009-01-12 00:00:00-05:00,32.86150482746426,32.893164034213115,31.745543452666322,31.943408966064453,504400,0.0,0.0,0.0
2009-01-13 00:00:00-05:00,31.887998628625727,32.457849106997905,31.698046456376765,32.283729553222656,489800,0.0,0.0,0.0
2009-01-14 00:00:00-05:00,31.6822172252837,31.824680601329213,30.819523678869142,30.946157455444336,492500,0.0,0.0,0.0
2009-01-15 00:00:00-05:00,30.954068823754408,31.753443844688068,29.91725286785462,31.39728546142578,514100,0.0,0.0,0.0
2009-01-16 00:00:00-05:00,32.04628576899334,32.30746656170778,30.779945229279683,31.753442764282227,777800,0.0,0.0,0.0
2009-01-20 00:00:00-05:00,31.452683373115626,31.56348750721378,29.64814898333382,29.663978576660156,963700,0.0,0.0,0.0
2009-01-21 00:00:00-05:00,30.146786015421835,31.16777266294903,29.489871142936227,31.080711364746094,572400,0.0,0.0,0.0
2009-01-22 00:00:00-05:00,30.384223645824207,30.961990504519147,29.679822996445274,30.24176025390625,580500,0.0,0.0,0.0
2009-01-23 00:00:00-05:00,29.481947550841287,30.851175893584667,29.347400514583978,30.41587257385254,750300,0.0,0.0,0.0
2009-01-26 00:00:00-05:00,30.44752815384288,31.397279640891618,30.257576044921326,30.716625213623047,596500,0.0,0.0,0.0
2009-01-27 00:00:00-05:00,30.874925266550523,31.270656189326644,30.59791482828217,31.09653663635254,305500,0.0,0.0,0.0
2009-01-28 00:00:00-05:00,31.595157729788568,32.43410843417451,31.57933114860799,32.29164505004883,390100,0.0,0.0,0.0
2009-01-29 00:00:00-05:00,31.911742796398727,31.911742796398727,30.94615833555935,30.97781753540039,329200,0.0,0.0,0.0
2009-01-30 00:00:00-05:00,31.231094401738623,31.38147413619874,30.091390040548742,30.36840057373047,378300,0.0,0.0,0.0
2009-02-02 00:00:00-05:00,29.85393630215286,30.661227598780123,29.74313214717816,30.407957077026367,316200,0.0,0.0,0.0
2009-02-03 00:00:00-05:00,30.732460457697414,30.8986666965688,30.202179528057936,30.67705535888672,317900,0.0,0.0,0.0
2009-02-04 00:00:00-05:00,30.708728968464154,31.302325545248337,30.312997917274696,30.518779754638672,389500,0.0,0.0,0.0
2009-02-05 00:00:00-05:00,30.28925301652915,31.294410182355836,30.091387504024404,30.87493324279785,397600,0.0,0.0,0.0
2009-02-06 00:00:00-05:00,30.96197753009799,32.17291585396455,30.835343792479065,32.054195404052734,413500,0.0,0.0,0.0
2009-02-09 00:00:00-05:00,31.95924077471815,32.18084919887547,31.587252617721212,31.951324462890625,272400,0.0,0.0,0.0
2009-02-10 00:00:00-05:00,31.713879877788713,32.14127005246701,30.368393968165037,30.471284866333008,545200,0.0,0.0,0.0
2009-02-11 00:00:00-05:00,30.724541975549673,30.851175722755766,30.11511612362452,30.57416534423828,427100,0.0,0.0,0.0
2009-02-12 00:00:00-05:00,30.16261627027909,30.819528137808206,29.6798239837402,30.74038314819336,581700,0.0,0.0,0.0
2009-02-13 00:00:00-05:00,30.73247544201151,31.08863097919134,30.36840057373047,30.36840057373047,227400,0.0,0.0,0.0
2009-02-17 00:00:00-05:00,29.27618203664075,29.59276503949069,29.094143111496656,29.2049503326416,330100,0.0,0.0,0.0
2009-02-18 00:00:00-05:00,29.45029913714492,29.45821544757882,28.579692179060167,28.785470962524414,224700,0.0,0.0,0.0
2009-02-19 00:00:00-05:00,29.030821653049827,29.18119832154551,28.215616892530583,28.271018981933594,378000,0.0,0.0,0.0
2009-02-20 00:00:00-05:00,27.70117395419748,28.247281725243848,27.250040791335618,27.93861198425293,720600,0.0,0.0,0.0
2009-02-23 00:00:00-05:00,28.009828203318012,28.176034430511496,26.814722402162932,26.957185745239258,280600,0.0,0.0,0.0
2009-02-24 00:00:00-05:00,27.091728484683575,28.096885015132926,26.909692690549846,27.946508407592773,250300,0.0,0.0,0.0
2009-02-25 00:00:00-05:00,27.74864927907274,28.009830079415426,26.97301714769798,27.37666130065918,304100,0.0,0.0,0.0
2009-02-26 00:00:00-05:00,27.685344176031748,27.867380098572397,26.846393254628964,26.97303009033203,134800,0.0,0.0,0.0
2009-02-27 00:00:00-05:00,26.57728530778517,27.25793983296592,26.403162767825073,26.719745635986328,288300,0.0,0.0,0.0
2009-03-02 00:00:00-05:00,26.07075528870054,26.173646186557285,25.0655997694156,25.16057586669922,487200,0.0,0.0,0.0
2009-03-03 00:00:00-05:00,25.4454967684109,25.48506925253732,24.5590589338002,24.76483917236328,333300,0.0,0.0,0.0
2009-03-04 00:00:00-05:00,25.160574047974023,25.73834086170359,24.812330395898584,25.326780319213867,163300,0.0,0.0,0.0
2009-03-05 00:00:00-05:00,24.875637705201765,25.113075575405226,23.92588320520159,24.05251693725586,449000,0.0,0.0,0.0
2009-03-06 00:00:00-05:00,24.171244534189192,24.543231043469763,23.395610808856382,24.0683536529541,466500,0.0,0.0,0.0
2009-03-09 00:00:00-04:00,23.712193280288545,24.36119318265991,23.47475535937734,23.625133514404297,216000,0.0,0.0,0.0
2009-03-10 00:00:00-04:00,24.187078650351822,25.287211872933423,24.044615246737372,25.16849136352539,191800,0.0,0.0,0.0
2009-03-11 00:00:00-04:00,25.41383951000116,25.97577667730283,25.089340284738075,25.30303382873535,240700,0.0,0.0,0.0
2009-03-12 00:00:00-04:00,25.176405068358463,26.909707220858905,24.946881879992915,26.78307342529297,141700,0.0,0.0,0.0
2009-03-13 00:00:00-04:00,27.028422072440637,27.218371216470146,26.63269116666076,27.083824157714844,198800,0.0,0.0,0.0
2009-03-16 00:00:00-04:00,27.424147375498613,27.637839364077976,26.593110227791037,26.60102653503418,356700,0.0,0.0,0.0
2009-03-17 00:00:00-04:00,26.688088513444644,27.796133041381836,26.426904712793444,27.796133041381836,434900,0.0,0.0,0.0
2009-03-18 00:00:00-04:00,27.772392262323443,28.94375526193332,27.42415018758112,28.817121505737305,323400,0.0,0.0,0.0
2009-03-19 00:00:00-04:00,29.228687898255483,29.284089989132355,28.40556680638838,28.49262809753418,468600,0.0,0.0,0.0
2009-03-20 00:00:00-04:00,28.674658350208244,28.80129210727686,27.45580655143097,27.614099502563477,215500,0.0,0.0,0.0
2009-03-23 00:00:00-04:00,28.486030966806826,29.871923446655273,28.224689791952592,29.871923446655273,276600,0.021,0.0,0.0
2009-03-24 00:00:00-04:00,29.48387837011778,29.705620246402386,28.771135330200195,28.771135330200195,748300,0.0,0.0,0.0
2009-03-25 00:00:00-04:00,29.19084549245173,29.97486269811173,28.25635808010593,29.547218322753906,376700,0.0,0.0,0.0
2009-03-26 00:00:00-04:00,29.927358982575164,30.743054734701122,29.642260616898476,30.655941009521484,331800,0.0,0.0,0.0
2009-03-27 00:00:00-04:00,30.20453067567281,30.42627246523138,29.76104709655567,29.816482543945312,381200,0.0,0.0,0.0
2009-03-30 00:00:00-04:00,30.04614588705828,30.04614588705828,28.280123377849826,28.826562881469727,212600,0.0,0.0,0.0
2009-03-31 00:00:00-04:00,29.182937727683587,29.83232717196213,28.779050349805438,28.992874145507812,160200,0.0,0.0,0.0
2009-04-01 00:00:00-04:00,28.660247720319912,29.729366302490238,28.43058789541374,29.729366302490234,264300,0.0,0.0,0.0
2009-04-02 00:00:00-04:00,30.70345259810034,31.519148195800803,30.410436231519494,31.10733985900879,217200,0.0,0.0,0.0
2009-04-03 00:00:00-04:00,31.12318066509093,31.645859924345693,30.806407095818457,31.622102737426758,151400,0.0,0.0,0.0
2009-04-06 00:00:00-04:00,31.24989397400205,31.352846829789286,30.655940070700414,31.178619384765625,188400,0.0,0.0,0.0
2009-04-07 00:00:00-04:00,30.663853104237013,30.82223835343259,30.0144639153192,30.093656539916992,194200,0.0,0.0,0.0
2009-04-08 00:00:00-04:00,30.315407186186093,30.68761927704242,30.046147954269873,30.655941009521484,183600,0.0,0.0,0.0
2009-04-09 00:00:00-04:00,31.527073106166984,32.50907516479492,31.360763723442897,32.50907516479492,191100,0.0,0.0,0.0
2009-04-13 00:00:00-04:00,32.208128625432174,32.79416428602125,31.82799861086284,32.556583404541016,274200,0.0,0.0,0.0
2009-04-14 00:00:00-04:00,32.136867775753934,32.54867316284173,31.66170283364323,31.717138290405273,664800,0.0,0.0,0.0
2009-04-15 00:00:00-04:00,31.519154135548366,32.231900049120924,31.42412235407398,32.16062545776367,327000,0.0,0.0,0.0
2009-04-16 00:00:00-04:00,32.55661684133385,33.37231314653328,32.07353350761104,33.15848922729492,373100,0.0,0.0,0.0
2009-04-17 00:00:00-04:00,33.21390421472259,33.8632936332203,32.87337037075354,33.50692367553711,1920100,0.0,0.0,0.0
2009-04-20 00:00:00-04:00,32.881282614699515,33.063428083537296,31.67753588841897,31.74089241027832,380200,0.0,0.0,0.0
2009-04-21 00:00:00-04:00,31.57459373188527,32.897132873535156,31.43204453048573,32.897132873535156,285500,0.0,0.0,0.0
2009-04-22 00:00:00-04:00,32.374446200916694,33.81577400586452,32.23189703154773,32.93672180175781,451200,0.0,0.0,0.0
2009-04-23 00:00:00-04:00,33.079268428970316,33.15846106319793,32.31900826476593,32.849605560302734,341300,0.0,0.0,0.0
2009-04-24 00:00:00-04:00,33.19014316923268,34.085034540472954,32.92088395226683,33.696983337402344,279600,0.0,0.0,0.0
2009-04-27 00:00:00-04:00,33.24557188704033,33.807847395853045,32.85752378360821,33.26932907104492,366300,0.0,0.0,0.0
2009-04-28 00:00:00-04:00,32.91295872599639,33.831607085920965,32.76248850691066,33.2851676940918,261400,0.0,0.0,0.0
2009-04-29 00:00:00-04:00,33.76825645488226,34.9324069924112,33.64946749495426,34.49684143066406,623000,0.0,0.0,0.0
2009-04-30 00:00:00-04:00,35.14622996921684,35.47884267487554,34.40180587768555,34.40180587768555,341300,0.0,0.0,0.0
2009-05-01 00:00:00-04:00,34.49684821285188,34.94033191738228,34.29094247488606,34.66315460205078,175400,0.0,0.0,0.0
2009-05-04 00:00:00-04:00,34.93240832826423,36.01736324632545,34.86905179707536,36.00944519042969,304300,0.0,0.0,0.0
2009-05-05 00:00:00-04:00,35.88273722739019,36.033204466170325,35.33629768775616,35.85105895996094,269800,0.0,0.0,0.0
2009-05-06 00:00:00-04:00,36.33414033572507,36.43709016874566,35.36005631349189,36.08863830566406,473500,0.0,0.0,0.0
2009-05-07 00:00:00-04:00,36.69051435613227,36.94393444965439,34.892813490768226,35.20958709716797,723600,0.0,0.0,0.0
2009-05-08 00:00:00-04:00,35.92232357501896,36.44500275842246,35.35212700366786,36.42124557495117,475200,0.0,0.0,0.0
2009-05-11 00:00:00-04:00,36.76970837765796,36.76970837765796,35.38381586768681,35.77978515625,308200,0.0,0.0,0.0
2009-05-12 00:00:00-04:00,35.906480657207226,36.175739785157354,34.56810609178126,35.16205978393555,334400,0.0,0.0,0.0
2009-05-13 00:00:00-04:00,34.58396340924966,34.67107715422112,33.43565465028132,33.49900817871094,2555100,0.0,0.0,0.0
2009-05-14 00:00:00-04:00,33.55443053781511,34.5285144472309,33.32477068836328,34.09294891357422,343700,0.0,0.0,0.0
2009-05-15 00:00:00-04:00,33.91079993879029,34.40972194566415,33.538587947201286,33.84744644165039,241100,0.0,0.0,0.0
2009-05-18 00:00:00-04:00,34.267185576402866,35.233351691286074,34.18007184197816,35.09872055053711,362800,0.0,0.0,0.0
2009-05-19 00:00:00-04:00,35.106637261116106,35.59763831468949,34.766103444007165,35.20958709716797,559600,0.0,0.0,0.0
2009-05-20 00:00:00-04:00,35.518441170114635,36.151994398576115,34.85321269703462,34.99576187133789,242500,0.0,0.0,0.0
2009-05-21 00:00:00-04:00,34.496829482913405,34.74232839434101,33.89495475211351,34.51266860961914,259000,0.0,0.0,0.0
2009-05-22 00:00:00-04:00,34.67107592696359,34.71859333735873,34.116721244052435,34.28302764892578,195500,0.0,0.0,0.0
2009-05-26 00:00:00-04:00,33.86327946457397,35.67681884765625,33.83952228293688,35.67681884765625,596600,0.0,0.0,0.0
2009-05-27 00:00:00-04:00,35.47885852515873,35.87482793508462,34.932421827023454,35.00369644165039,308700,0.0,0.0,0.0
2009-05-28 00:00:00-04:00,35.24917655576121,35.47092136016386,34.33052814039373,35.1383056640625,461400,0.0,0.0,0.0
2009-05-29 00:00:00-04:00,35.288772261251616,36.34204864501953,35.067027479665015,36.34204864501953,217200,0.0,0.0,0.0
2009-06-01 00:00:00-04:00,36.5954846689487,37.33990894107156,36.45293546879778,37.1181640625,340500,0.0,0.0,0.0
2009-06-02 00:00:00-04:00,37.07065654828061,37.64085043357551,36.86475076722421,37.49038314819336,460700,0.0,0.0,0.0
2009-06-03 00:00:00-04:00,37.11023688293871,37.22110778446773,36.61923588145067,37.070640563964844,258000,0.0,0.0,0.0
2009-06-04 00:00:00-04:00,37.33197777342589,37.712107864092715,36.84097678394025,37.688350677490234,234700,0.0,0.0,0.0
2009-06-05 00:00:00-04:00,38.10807708616301,38.15559448037339,37.37949516763628,37.688350677490234,419000,0.0,0.0,0.0
2009-06-08 00:00:00-04:00,37.49037763021353,37.696280359957576,36.85682728368606,37.33198928833008,195800,0.0,0.0,0.0
2009-06-09 00:00:00-04:00,37.53788375854492,37.77546468947132,37.284463696089375,37.53788375854492,212900,0.0,0.0,0.0
2009-06-10 00:00:00-04:00,37.93386564921554,37.93386564921554,36.75387563486182,37.41118621826172,292800,0.0,0.0,0.0
2009-06-11 00:00:00-04:00,37.41909257663128,37.93385378873317,37.30030059814453,37.30030059814453,323600,0.0,0.0,0.0
2009-06-12 00:00:00-04:00,37.11024436844227,37.466617353102016,36.888502520656694,37.355743408203125,154300,0.0,0.0,0.0
2009-06-15 00:00:00-04:00,36.872657382992394,36.95976807972262,36.08071888867473,36.365814208984375,257100,0.0,0.0,0.0
2009-06-16 00:00:00-04:00,36.650913239292095,36.793462412629474,35.66099010278567,35.80353927612305,284800,0.0,0.0,0.0
2009-06-17 00:00:00-04:00,35.74810735260706,36.231190374291906,35.29670259946029,35.858978271484375,236400,0.0,0.0,0.0
2009-06-18 00:00:00-04:00,35.75602307234086,36.09655685558262,35.478842795676016,36.001522064208984,283700,0.0,0.0,0.0
2009-06-19 00:00:00-04:00,36.35789571221661,36.532123145574694,35.985683657680916,36.19158935546875,109800,0.0,0.0,0.0
2009-06-22 00:00:00-04:00,35.922334265100766,35.922334265100766,34.631473541259766,34.631473541259766,280700,0.0,0.0,0.0
2009-06-23 00:00:00-04:00,34.94825201273289,35.10664034032794,34.417651568440355,34.52852249145508,237500,0.0,0.0,0.0
2009-06-24 00:00:00-04:00,34.876975502239645,35.40757289640573,34.78194069829468,34.89281463623047,156800,0.0,0.0,0.0
2009-06-25 00:00:00-04:00,34.62354396933335,35.98567581176758,34.62354396933335,35.98567581176758,274800,0.0,0.0,0.0
2009-06-26 00:00:00-04:00,35.74809618070063,36.40540645291797,35.63722529647241,36.15990447998047,222200,0.0,0.0,0.0
2009-06-29 00:00:00-04:00,36.37374268765247,36.59548454446351,35.81146696730663,36.32622528076172,235500,0.0,0.0,0.0
2009-06-30 00:00:00-04:00,36.46085263907723,36.650916204902295,36.03320508446198,36.2311897277832,150800,0.0,0.0,0.0
2009-07-01 00:00:00-04:00,36.51627901594065,37.06271540804654,36.460843571277955,36.95976257324219,286900,0.0,0.0,0.0
2009-07-02 00:00:00-04:00,36.27078750012212,36.278708577934474,35.4709308384179,35.78770446777344,232300,0.0,0.0,0.0
2009-07-06 00:00:00-04:00,35.32044677814318,35.415481548746165,34.63146130679821,35.24917221069336,185300,0.0,0.0,0.0
2009-07-07 00:00:00-04:00,35.1620787592615,35.18583595304681,34.370140075683594,34.370140075683594,245900,0.0,0.0,0.0
2009-07-08 00:00:00-04:00,34.560204020512025,34.6631568963091,33.6257161226773,34.14839553833008,265300,0.0,0.0,0.0
2009-07-09 00:00:00-04:00,34.34637660716227,34.48100774153982,34.013763841651944,34.18798828125,224000,0.0,0.0,0.0
2009-07-10 00:00:00-04:00,33.92664808417116,34.37013476602518,33.73658150023205,34.2513427734375,135500,0.0,0.0,0.0
2009-07-13 00:00:00-04:00,34.32262857321676,35.106649334113044,33.75243165620128,35.00369644165039,157300,0.0,0.0,0.0
2009-07-14 00:00:00-04:00,35.11455426162924,35.42340980251071,34.845295042731536,35.33629608154297,153500,0.0,0.0,0.0
2009-07-15 00:00:00-04:00,35.93025205405419,36.75386889141506,35.89065572977848,36.682594299316406,788700,0.0,0.0,0.0
2009-07-16 00:00:00-04:00,36.58754582501906,37.31612752652028,36.47667495922579,37.18149948120117,205900,0.0,0.0,0.0
2009-07-17 00:00:00-04:00,37.22112723565614,37.22112723565614,36.87267521718275,37.01522445678711,125600,0.0,0.0,0.0
2009-07-20 00:00:00-04:00,37.22111671405956,37.66460344757655,37.181520385586275,37.5695686340332,196100,0.0,0.0,0.0
2009-07-21 00:00:00-04:00,37.80715373672991,37.92594272557403,36.98353678831624,37.4428596496582,407300,0.0,0.0,0.0
2009-07-22 00:00:00-04:00,37.33197397551745,37.94968493238353,37.260699401955584,37.78337860107422,323300,0.0,0.0,0.0
2009-07-23 00:00:00-04:00,37.78337479052808,39.08215309244363,37.73586042694885,38.85249328613281,332000,0.0,0.0,0.0
2009-07-24 00:00:00-04:00,38.67828499888511,39.1217717443447,38.440704000641375,39.08217239379883,240100,0.0,0.0,0.0
2009-07-27 00:00:00-04:00,39.1217650555845,39.414781469287036,38.86042388749423,39.31182861328125,216600,0.0,0.0,0.0
2009-07-28 00:00:00-04:00,39.16135454844796,39.430613725729906,38.78914253311564,39.24054718017578,300300,0.0,0.0,0.0
2009-07-29 00:00:00-04:00,39.02672576904297,39.2722277756002,38.89209768290236,39.02672576904297,244200,0.0,0.0,0.0
2009-07-30 00:00:00-04:00,39.64442976090326,40.18294801093106,39.49395956042202,39.69194412231445,207300,0.0,0.0,0.0
2009-07-31 00:00:00-04:00,39.6523478141369,40.159187809220796,39.604830431721034,39.69194412231445,245100,0.0,0.0,0.0
2009-08-03 00:00:00-04:00,40.04041777126098,40.49974060058594,39.79491571115237,40.49974060058594,287100,0.0,0.0,0.0
2009-08-04 00:00:00-04:00,40.27798404569774,41.03032606523929,40.24630578737905,40.9352912902832,228200,0.0,0.0,0.0
2009-08-05 00:00:00-04:00,40.99073213483534,40.99073213483534,40.25423216837992,40.697715759277344,339600,0.0,0.0,0.0
2009-08-06 00:00:00-04:00,40.87194587755891,41.02241310282188,40.0245719364881,40.23839569091797,711700,0.0,0.0,0.0
2009-08-07 00:00:00-04:00,40.713561608277615,41.576774767140385,40.50765891010199,41.125370025634766,1080100,0.0,0.0,0.0
2009-08-10 00:00:00-04:00,41.014485909374564,41.41045506543108,40.81650133134631,41.0620002746582,169400,0.0,0.0,0.0
2009-08-11 00:00:00-04:00,41.00657414123564,41.08576980302393,40.317588499208306,40.468055725097656,197600,0.0,0.0,0.0
2009-08-12 00:00:00-04:00,40.46805960822263,41.553017621287694,40.46805960822263,41.030338287353516,343000,0.0,0.0,0.0
2009-08-13 00:00:00-04:00,41.378782389149656,41.537170677136935,40.80066770585059,41.48173522949219,313300,0.0,0.0,0.0
2009-08-14 00:00:00-04:00,41.36295215688148,41.442147828415564,40.27007605775885,40.73731994628906,201300,0.0,0.0,0.0
2009-08-17 00:00:00-04:00,39.882018857562294,39.94537235951357,39.36725768205869,39.48604965209961,319900,0.0,0.0,0.0
2009-08-18 00:00:00-04:00,39.68404046809005,40.1908806470765,39.557330423343444,40.024574279785156,212400,0.0,0.0,0.0
2009-08-19 00:00:00-04:00,39.59693233446023,40.50766298655529,39.4702222718302,40.412628173828125,444100,0.0,0.0,0.0
2009-08-20 00:00:00-04:00,40.34926865916763,40.99073693425237,40.18296229310904,40.92738342285156,641500,0.0,0.0,0.0
2009-08-21 00:00:00-04:00,41.18872475587251,41.988584423908996,41.18872475587251,41.8856315612793,217500,0.0,0.0,0.0
2009-08-24 00:00:00-04:00,42.0677750590118,42.33703428767703,41.6797268600861,41.782676696777344,196300,0.0,0.0,0.0
2009-08-25 00:00:00-04:00,42.059844724947446,42.479571068488355,41.93313471438765,42.02024841308594,285600,0.0,0.0,0.0
2009-08-26 00:00:00-04:00,42.0281774031882,42.32911488945138,41.77475731612628,42.03609848022461,166800,0.0,0.0,0.0
2009-08-27 00:00:00-04:00,42.01232555462511,42.27366663962566,41.172872903179304,42.218231201171875,212900,0.0,0.0,0.0
2009-08-28 00:00:00-04:00,42.59045505837067,42.71716510792863,41.758920169333706,42.06777572631836,213500,0.0,0.0,0.0
2009-08-31 00:00:00-04:00,41.64012658325217,41.655962694312045,41.21247908050236,41.38670349121094,1376800,0.0,0.0,0.0
2009-09-01 00:00:00-04:00,41.18080133452385,42.09153180320882,40.26215281020931,40.42845916748047,254600,0.0,0.0,0.0
2009-09-02 00:00:00-04:00,40.23046824326348,40.48388827778757,40.056243857656355,40.246307373046875,239000,0.0,0.0,0.0
2009-09-03 00:00:00-04:00,40.42847420353792,40.80860445625149,39.92163386658649,40.784847259521484,153300,0.0,0.0,0.0
2009-09-04 00:00:00-04:00,40.76108369568418,41.39463401790939,40.45222810241228,41.355037689208984,188300,0.0,0.0,0.0
2009-09-08 00:00:00-04:00,41.814363619559124,41.98859110388019,41.42631534030678,41.82228469848633,192500,0.0,0.0,0.0
2009-09-09 00:00:00-04:00,41.893558647094395,42.76469001303136,41.72724922330107,42.519187927246094,298100,0.0,0.0,0.0
2009-09-10 00:00:00-04:00,42.606294786238855,43.22400892982666,42.31327835898924,43.20024871826172,185200,0.0,0.0,0.0
2009-09-11 00:00:00-04:00,43.20024695258529,43.540780768040605,42.907230537311804,43.208168029785156,227300,0.0,0.0,0.0
2009-09-14 00:00:00-04:00,42.80426656344316,43.67540054782061,42.75675219660776,43.6041259765625,159400,0.0,0.0,0.0
2009-09-15 00:00:00-04:00,43.71500864189774,44.23768796498649,43.548702271143554,44.134735107421875,204000,0.0,0.0,0.0
2009-09-16 00:00:00-04:00,44.3327104204418,45.085052490234375,44.213921475319935,45.085052490234375,295100,0.0,0.0,0.0
2009-09-17 00:00:00-04:00,45.06129406383607,45.53645587324177,44.61780749298701,44.815792083740234,304400,0.0,0.0,0.0
2009-09-18 00:00:00-04:00,45.23552536225957,45.23552536225957,44.530700594828346,44.8870735168457,166100,0.0,0.0,0.0
2009-09-21 00:00:00-04:00,44.5861519368741,45.06131700924089,44.46736293453739,44.91084671020508,179100,0.0,0.0,0.0
2009-09-22 00:00:00-04:00,45.2434547219138,45.38600391681827,44.94251719700369,45.2672119140625,216200,0.0,0.0,0.0
2009-09-23 00:00:00-04:00,45.37016089104753,45.61565991154796,44.65741497764596,44.776206970214844,229900,0.0,0.0,0.0
2009-09-24 00:00:00-04:00,44.75244999606936,44.966273785555835,43.51702768482228,43.73876953125,267300,0.0,0.0,0.0
2009-09-25 00:00:00-04:00,43.59621128804108,43.897148746439456,43.2635985874472,43.42990493774414,206400,0.0,0.0,0.0
2009-09-28 00:00:00-04:00,43.71500477673841,44.74452419833981,43.619973004853584,44.49110412597656,184600,0.0,0.0,0.0
2009-09-29 00:00:00-04:00,44.649499288784234,45.02170837795818,44.38024004288924,44.56238555908203,184500,0.0,0.0,0.0
2009-09-30 00:00:00-04:00,44.697016228416736,44.704937306664256,43.48535106307905,43.992191314697266,268500,0.0,0.0,0.0
2009-10-01 00:00:00-04:00,43.97634843412433,43.97634843412433,42.558780670166016,42.558780670166016,455700,0.0,0.0,0.0
2009-10-02 00:00:00-04:00,42.17865212256224,42.630059942585135,41.545101792451746,42.32120132446289,376500,0.0,0.0,0.0
2009-10-05 00:00:00-04:00,42.54293428734175,43.26359815238695,42.36870686249387,43.08937072753906,273300,0.0,0.0,0.0
2009-10-06 00:00:00-04:00,43.52494795278828,44.17433741117729,43.40615896659882,43.88132095336914,370100,0.0,0.0,0.0
2009-10-07 00:00:00-04:00,43.77836348904246,44.05554380308447,43.66749257182803,43.95259094238281,348900,0.0,0.0,0.0
2009-10-08 00:00:00-04:00,44.32481202069484,44.752456642170394,44.071391866855066,44.35648727416992,313900,0.0,0.0,0.0
2009-10-09 00:00:00-04:00,44.42775862182525,44.871245369011895,44.324808768822706,44.807891845703125,220800,0.0,0.0,0.0
2009-10-12 00:00:00-04:00,45.108816587561215,45.27512294881983,44.641572748068675,44.89499282836914,199300,0.0,0.0,0.0
2009-10-13 00:00:00-04:00,44.78410847437999,44.88706129515461,44.2772684659584,44.69699478149414,236900,0.0,0.0,0.0
2009-10-14 00:00:00-04:00,45.34640242593795,45.61566166792317,44.96627226448929,45.5206298828125,276200,0.0,0.0,0.0
2009-10-15 00:00:00-04:00,45.251362045979704,45.66317039791682,45.172169410263315,45.55229949951172,186400,0.0,0.0,0.0
2009-10-16 00:00:00-04:00,45.21177375383833,45.298887481193496,44.689094410713274,45.045467376708984,254400,0.0,0.0,0.0
2009-10-19 00:00:00-04:00,45.21969140143931,45.66317809077922,44.87123951617604,45.457275390625,227600,0.0,0.0,0.0
2009-10-20 00:00:00-04:00,45.50480055824789,45.50480055824789,44.578233656408884,44.87125015258789,200800,0.0,0.0,0.0
2009-10-21 00:00:00-04:00,44.768280925551096,45.560219398791375,44.22976252206727,44.245601654052734,327000,0.0,0.0,0.0
2009-10-22 00:00:00-04:00,44.261437602456276,45.132571672966044,43.770436630244966,44.98210144042969,212400,0.0,0.0,0.0
2009-10-23 00:00:00-04:00,45.10882463321938,45.13258484692683,43.992191261167285,44.087223052978516,418700,0.0,0.0,0.0
2009-10-26 00:00:00-04:00,44.158503869990206,44.83957168605106,43.38240424873682,43.54871368408203,326300,0.0,0.0,0.0
2009-10-27 00:00:00-04:00,43.65957590742458,43.81004315401248,42.907233632473044,43.018104553222656,523200,0.0,0.0,0.0
2009-10-28 00:00:00-04:00,42.88347183516017,42.96266447833086,41.35503025812159,41.48965835571289,521700,0.0,0.0,0.0
2009-10-29 00:00:00-04:00,41.85395458138434,42.661732330954884,41.82227933275877,42.45582962036133,570800,0.0,0.0,0.0
2009-10-30 00:00:00-04:00,42.28158313884313,42.29742226653403,40.96696575054568,41.19662857055664,630200,0.0,0.0,0.0
2009-11-02 00:00:00-05:00,41.46590254416239,41.83811462563934,40.53933287906181,41.21248245239258,977800,0.0,0.0,0.0
2009-11-03 00:00:00-05:00,40.90361277834232,41.901453667456956,40.80857801099445,41.89353561401367,905400,0.0,0.0,0.0
2009-11-04 00:00:00-05:00,42.19447592986552,42.37662139478887,41.378780364990234,41.378780364990234,698400,0.0,0.0,0.0
2009-11-05 00:00:00-05:00,41.90938971784341,42.645892865536204,41.7193261435391,42.60629653930664,617300,0.0,0.0,0.0
2009-11-06 00:00:00-05:00,42.18656023916341,42.962659532717666,42.03609302605775,42.63004684448242,279800,0.0,0.0,0.0
2009-11-09 00:00:00-05:00,43.002255674331096,43.572452304414554,42.970577412436384,43.53285598754883,307200,0.0,0.0,0.0
2009-11-10 00:00:00-05:00,43.45367437351036,43.7625299742675,43.0181087052373,43.358642578125,404300,0.0,0.0,0.0
2009-11-11 00:00:00-05:00,43.78629052685839,44.087225051402676,43.38240010659192,43.69917678833008,3150800,0.0,0.0,0.0
2009-11-12 00:00:00-05:00,43.68333935131323,43.98427690856955,42.835965168860234,42.89931869506836,3053200,0.0,0.0,0.0
2009-11-13 00:00:00-05:00,43.11312787212888,43.509097094756456,42.614208826742036,43.350711822509766,2058700,0.0,0.0,0.0
2009-11-16 00:00:00-05:00,43.66748214318799,44.60989075645709,43.619967773446824,44.37230682373047,2178700,0.0,0.0,0.0
2009-11-17 00:00:00-05:00,44.22977719725003,44.451522097614735,43.96843898529311,44.35648727416992,3861800,0.0,0.0,0.0
2009-11-18 00:00:00-05:00,44.356480718593424,44.41191920124608,43.88131875562107,44.22977066040039,3376400,0.0,0.0,0.0
2009-11-19 00:00:00-05:00,43.73874762653904,43.857539568208274,42.86761679097987,43.1606330871582,776100,0.0,0.0,0.0
2009-11-20 00:00:00-05:00,42.87555791532593,43.1923345828986,42.717169581539586,43.010189056396484,379500,0.0,0.0,0.0
2009-11-23 00:00:00-05:00,43.66749954223633,44.19017896468396,43.390322204955915,43.66749954223633,411700,0.0,0.0,0.0
2009-11-24 00:00:00-05:00,43.63580428350946,43.714999935480854,42.95473980258681,43.4140625,449500,0.0,0.0,0.0
2009-11-25 00:00:00-05:00,43.707099019067385,43.75461643216696,43.41408252413653,43.54871368408203,306800,0.0,0.0,0.0
2009-11-27 00:00:00-05:00,42.13904536137247,43.08145407630129,41.81435070875977,42.55085372924805,184600,0.0,0.0,0.0
2009-11-30 00:00:00-05:00,42.447900882027774,42.66172463194425,41.84602897267455,42.55085372924805,388400,0.0,0.0,0.0
2009-12-01 00:00:00-05:00,43.0814536414642,43.46950179698422,42.93098339989051,43.319034576416016,304800,0.0,0.0,0.0
2009-12-02 00:00:00-05:00,43.334877374879675,44.07138045025142,43.29527803153253,43.770442962646484,297500,0.0,0.0,0.0
2009-12-03 00:00:00-05:00,43.89714748641366,44.23768125353582,43.224001028244935,43.25567626953125,470400,0.0,0.0,0.0
2009-12-04 00:00:00-05:00,44.182258093452724,44.56238828366253,43.43783382757809,44.198097229003906,418300,0.0,0.0,0.0
2009-12-07 00:00:00-05:00,44.269367729055155,44.51486675484933,44.02386568225506,44.2535285949707,256600,0.0,0.0,0.0
2009-12-08 00:00:00-05:00,43.944672885870034,44.2376893129376,43.469507927943425,43.95259094238281,167000,0.0,0.0,0.0
2009-12-09 00:00:00-05:00,43.944660956346645,44.01593552963664,43.48533525714326,43.87338638305664,204600,0.0,0.0,0.0
2009-12-10 00:00:00-05:00,44.10305668218732,44.29312326308619,43.63581281769199,43.833797454833984,197800,0.0,0.0,0.0
2009-12-11 00:00:00-05:00,44.0317860056609,44.25353087325327,43.72293042762826,44.22977066040039,215600,0.0,0.0,0.0
2009-12-14 00:00:00-05:00,44.59407279417621,44.87125015258789,44.1109896657959,44.87125015258789,265100,0.0,0.0,0.0
2009-12-15 00:00:00-05:00,44.73661724385181,45.08506917456584,44.61782523376419,44.807891845703125,249000,0.0,0.0,0.0
2009-12-16 00:00:00-05:00,45.16425784140019,45.27512876314421,44.83956313300442,45.09298324584961,326400,0.0,0.0,0.0
2009-12-17 00:00:00-05:00,44.776209858613505,44.9266771073686,44.31688401345681,44.546546936035156,279200,0.0,0.0,0.0
2009-12-18 00:00:00-05:00,44.871250376092846,44.91084671020508,44.34065285277425,44.91084671020508,284800,0.0,0.0,0.0
2009-12-21 00:00:00-05:00,45.259292227054054,45.560226720120234,45.203856766699445,45.504791259765625,282400,0.0,0.0,0.0
2009-12-22 00:00:00-05:00,45.639403262991365,45.972015885704266,45.50477218641371,45.9561767578125,263300,0.0,0.0,0.0
2009-12-23 00:00:00-05:00,46.24128893436593,46.49470901489258,45.940351455863414,46.49470901489258,429200,0.0,0.0,0.0
2009-12-24 00:00:00-05:00,46.56435552103609,46.66843763880971,46.5163169157231,46.64441680908203,182300,0.637,0.0,0.0
2009-12-28 00:00:00-05:00,46.780540557492095,46.844588998860935,46.4122536207269,46.5723762512207,253200,0.0,0.0,0.0
2009-12-29 00:00:00-05:00,46.724489819189394,46.78853825067938,46.53233841643356,46.5483512878418,207400,0.0,0.0,0.0
2009-12-30 00:00:00-05:00,46.37222338772572,46.652444120398364,46.172067030449675,46.508331298828125,238200,0.0,0.0,0.0
2009-12-31 00:00:00-05:00,46.556346426958065,46.700459175794236,45.91584396362305,45.91584396362305,229700,0.0,0.0,0.0
2010-01-04 00:00:00-05:00,46.56435963165742,46.98868999321634,46.428254819135745,46.91663360595703,353900,0.0,0.0,0.0
2010-01-05 00:00:00-05:00,46.948665818383,47.15683010100584,46.70047393682746,47.060752868652344,395900,0.0,0.0,0.0
2010-01-06 00:00:00-05:00,47.00470037036257,47.24488729710871,46.97267463235842,47.092769622802734,363800,0.0,0.0,0.0
2010-01-07 00:00:00-05:00,47.028748180238786,47.42906097251334,46.68447893455112,47.31697082519531,202900,0.0,0.0,0.0
2010-01-08 00:00:00-05:00,47.284920282882105,47.669219970703125,47.140807518181425,47.669219970703125,469700,0.0,0.0,0.0
2010-01-11 00:00:00-05:00,47.885400552743974,47.95745695230132,47.34898001067415,47.50910568237305,359600,0.0,0.0,0.0
2010-01-12 00:00:00-05:00,47.21287387520697,47.30894805392423,46.684461311047414,46.92464828491211,179700,0.0,0.0,0.0
2010-01-13 00:00:00-05:00,47.07676728502898,47.56514920934619,46.69246750543752,47.50910568237305,296200,0.0,0.0,0.0
2010-01-14 00:00:00-05:00,47.284938896078664,47.741295145889644,47.284938896078664,47.64521789550781,226300,0.0,0.0,0.0
2010-01-15 00:00:00-05:00,47.70123970890615,47.72525748195477,46.70846334962178,46.99668884277344,328900,0.0,0.0,0.0
2010-01-19 00:00:00-05:00,47.14881684777683,47.77330351729142,47.14881684777683,47.757293701171875,189100,0.0,0.0,0.0
2010-01-20 00:00:00-05:00,47.46907353711959,47.46907353711959,46.66044029480139,47.22087860107422,206000,0.0,0.0,0.0
2010-01-21 00:00:00-05:00,47.25289268635587,47.56513597954239,46.300149938665946,46.44425964355469,211100,0.0,0.0,0.0
2010-01-22 00:00:00-05:00,46.348195100405306,46.50832076077291,45.35542150358346,45.47551345825195,301100,0.0,0.0,0.0
2010-01-25 00:00:00-05:00,45.79576406637758,45.82778980878135,45.267351533286956,45.59560775756836,329000,0.0,0.0,0.0
2010-01-26 00:00:00-05:00,45.37143719484745,45.80377561756925,45.147263073796154,45.28337097167969,269400,0.0,0.0,0.0
2010-01-27 00:00:00-05:00,45.11523788816181,45.64365050446068,44.80299448591384,45.619632720947266,245000,0.0,0.0,0.0
2010-01-28 00:00:00-05:00,45.73171752710073,45.73972549063912,44.466731106782305,44.883056640625,257800,0.0,0.0,0.0
2010-01-29 00:00:00-05:00,45.13924994898006,45.571585238875585,44.27457326090345,44.37064743041992,310600,0.0,0.0,0.0
2010-02-01 00:00:00-05:00,44.53078639165414,45.04318618774414,44.506768605632324,45.04318618774414,200400,0.0,0.0,0.0
2010-02-02 00:00:00-05:00,45.13123267602319,45.659645080566406,44.90705864201763,45.659645080566406,150900,0.0,0.0,0.0
2010-02-03 00:00:00-05:00,45.41145471994314,45.64363366793041,45.01114218695109,45.331390380859375,3936900,0.0,0.0,0.0
2010-02-04 00:00:00-05:00,44.96311958021533,44.96311958021533,43.690125150236454,43.778194427490234,296800,0.0,0.0,0.0
2010-02-05 00:00:00-05:00,43.78618946212011,43.858245849609375,42.83344660900006,43.858245849609375,462600,0.0,0.0,0.0
2010-02-08 00:00:00-05:00,43.73015601662242,44.13847665782166,43.409907707242574,43.481964111328125,136100,0.0,0.0,0.0
2010-02-09 00:00:00-05:00,43.96233477147748,44.338629636984166,43.529996379722114,44.02638626098633,253800,0.0,0.0,0.0
2010-02-10 00:00:00-05:00,43.95433354784596,44.290594733532906,43.51398715590825,44.11445617675781,151200,0.0,0.0,0.0
2010-02-11 00:00:00-05:00,44.06641318548509,44.843017578125,43.690118351824516,44.843017578125,192900,0.0,0.0,0.0
2010-02-12 00:00:00-05:00,44.426716461762524,45.195316314697266,44.194534301768385,45.195316314697266,222900,0.0,0.0,0.0
2010-02-16 00:00:00-05:00,45.659666819087356,45.97191024486592,45.259354108264866,45.963905334472656,176400,0.0,0.0,0.0
2010-02-17 00:00:00-05:00,46.196078228504625,46.348195928794055,45.963896169528915,46.292152404785156,143800,0.0,0.0,0.0
2010-02-18 00:00:00-05:00,46.30015326869463,46.68445296903651,46.22008892228432,46.67644500732422,329800,0.0,0.0,0.0
2010-02-19 00:00:00-05:00,46.47630030769485,46.96468225303821,46.4682953981297,46.788543701171875,319500,0.0,0.0,0.0
2010-02-22 00:00:00-05:00,47.00472120098079,47.052759829275814,46.75652925681607,46.87662124633789,159000,0.0,0.0,0.0
2010-02-23 00:00:00-05:00,46.75651279978538,46.8285691897941,46.124018160169186,46.244110107421875,160600,0.0,0.0,0.0
2010-02-24 00:00:00-05:00,46.43625807637836,46.796539999868415,46.27613243770027,46.67644500732422,133900,0.0,0.0,0.0
2010-02-25 00:00:00-05:00,46.00392383893955,46.73249265795831,45.87582392749041,46.700469970703125,136800,0.0,0.0,0.0
2010-02-26 00:00:00-05:00,46.78054406688929,46.78054406688929,46.276149191393436,46.508331298828125,199300,0.0,0.0,0.0
2010-03-01 00:00:00-05:00,46.92464957669376,47.613187827098805,46.91664161333008,47.50910568237305,5228500,0.0,0.0,0.0
2010-03-02 00:00:00-05:00,47.74128870874848,48.19764489702721,47.693250090034795,48.02951431274414,369900,0.0,0.0,0.0
2010-03-03 00:00:00-05:00,48.11757872073359,48.46985580308321,47.949448142781144,48.08555603027344,4368200,0.0,0.0,0.0
2010-03-04 00:00:00-05:00,48.16562031317774,48.34976377480769,47.989481761121574,48.29372024536133,213600,0.0,0.0,0.0
2010-03-05 00:00:00-05:00,48.589947010949224,49.24645949442404,48.51789061378038,49.23044967651367,293000,0.0,0.0,0.0
2010-03-08 00:00:00-05:00,49.2384585912236,49.43861492696028,49.15839727858625,49.3425407409668,501300,0.0,0.0,0.0
2010-03-09 00:00:00-05:00,49.182413005557606,49.81490773303949,49.182413005557606,49.53468704223633,309800,0.0,0.0,0.0
2010-03-10 00:00:00-05:00,49.56670353209275,50.07109823803903,49.53467779269939,49.910972595214844,299500,0.0,0.0,0.0
2010-03-11 00:00:00-05:00,49.63075978593782,50.071103055463546,49.43860838523307,50.06309509277344,260100,0.0,0.0,0.0
2010-03-12 00:00:00-05:00,50.247229515170126,50.31928589573782,49.74283790533864,50.09511184692383,304000,0.0,0.0,0.0
2010-03-15 00:00:00-04:00,50.023066827527806,50.11914100539085,49.54269288406955,49.93499755859375,164100,0.0,0.0,0.0
2010-03-16 00:00:00-04:00,50.11913484118424,50.43138122558594,49.870942991051514,50.43138122558594,177500,0.0,0.0,0.0
2010-03-17 00:00:00-04:00,50.55148443039877,50.97581489125951,50.48743599014779,50.727622985839844,333700,0.0,0.0,0.0
2010-03-18 00:00:00-04:00,50.735633674154805,50.919777160296704,50.495446651106406,50.6235466003418,198600,0.0,0.0,0.0
2010-03-19 00:00:00-04:00,49.97502136230469,50.727610972492585,49.79888590271949,49.97502136230469,268100,0.0,0.0,0.0
2010-03-22 00:00:00-04:00,49.55068838524546,50.719600332101095,49.51065773991471,50.65555191040039,235700,0.0,0.0,0.0
2010-03-23 00:00:00-04:00,50.718823911131494,51.239305642321895,50.48660879693407,51.23129653930664,301000,0.009,0.0,0.0
2010-03-24 00:00:00-04:00,50.983059992410986,51.119187235698796,50.67878131603105,50.710811614990234,254800,0.0,0.0,0.0
2010-03-25 00:00:00-04:00,51.08715661974294,51.38342924683342,50.366493225097656,50.366493225097656,552700,0.0,0.0,0.0
2010-03-26 00:00:00-04:00,50.574687838249275,50.87096048748558,50.166312189549366,50.39051818847656,234100,0.0,0.0,0.0
2010-03-29 00:00:00-04:00,50.582685947912736,50.7508434752955,50.41453147510714,50.66276168823242,227000,0.0,0.0,0.0
2010-03-30 00:00:00-04:00,50.71882032733693,50.98306267119057,50.422547682841156,50.774871826171875,252000,0.0,0.0,0.0
2010-03-31 00:00:00-04:00,50.590692172535995,51.04711317538504,50.39851346127361,50.43855285644531,281800,0.0,0.0,0.0
2010-04-01 00:00:00-04:00,50.846937986587754,51.03911673401576,50.42254719818027,50.8869743347168,253400,0.0,0.0,0.0
2010-04-05 00:00:00-04:00,51.07915509438251,51.855873107910156,50.94302783988802,51.855873107910156,362300,0.0,0.0,0.0
2010-04-06 00:00:00-04:00,51.66369569672761,52.216207755276244,51.559601789544836,52.16015625,468600,0.0,0.0,0.0
2010-04-07 00:00:00-04:00,52.088084186489496,52.20018717883314,51.62365401297733,51.95195388793945,311900,0.0,0.0,0.0
2010-04-08 00:00:00-04:00,51.743764157956434,52.10409431846352,51.367415793915235,51.91191864013672,214600,0.0,0.0,0.0
2010-04-09 00:00:00-04:00,52.01602617806991,52.30429282579288,51.719750426477894,52.29628372192383,181100,0.0,0.0,0.0
2010-04-12 00:00:00-04:00,52.38435310722905,52.592546994330014,52.22420772278512,52.520477294921875,198000,0.0,0.0,0.0
2010-04-13 00:00:00-04:00,52.4003874806605,52.65662384033203,52.12813291210885,52.65662384033203,222200,0.0,0.0,0.0
2010-04-14 00:00:00-04:00,52.89682988475966,53.713587294328704,52.880817788700895,53.6655387878418,2474600,0.0,0.0,0.0
2010-04-15 00:00:00-04:00,53.72959436584161,53.993839744765005,53.6655337692866,53.881736755371094,2078500,0.0,0.0,0.0
2010-04-16 00:00:00-04:00,53.73762042405513,53.89776585682019,52.72067798761135,53.13706588745117,4329100,0.0,0.0,0.0
2010-04-19 00:00:00-04:00,52.86478986411098,53.273168493813664,52.13612049887712,52.848777770996094,365900,0.0,0.0,0.0
2010-04-20 00:00:00-04:00,53.129037480121944,53.64951911124099,52.96088300406584,53.641510009765625,217700,0.0,0.0,0.0
2010-04-21 00:00:00-04:00,53.71358943339728,53.993846944251324,53.50539552141047,53.969825744628906,266600,0.0,0.0,0.0
2010-04-22 00:00:00-04:00,53.32922943886244,54.59439883965273,53.097014338022056,54.554359436035156,125200,0.0,0.0,0.0
2010-04-23 00:00:00-04:00,54.5864018360772,55.16293516468848,54.35418668376673,55.14692306518555,216800,0.0,0.0,0.0
2010-04-26 00:00:00-04:00,55.17894143442029,55.427168632525394,54.86664752469557,54.898677825927734,836700,0.0,0.0,0.0
2010-04-27 00:00:00-04:00,54.706510192679445,55.042819241463796,53.433337604071745,53.569461822509766,403700,0.0,0.0,0.0
2010-04-28 00:00:00-04:00,53.92178069100648,54.009862501369106,53.401305041425815,53.673553466796875,354300,0.0,0.0,0.0
2010-04-29 00:00:00-04:00,54.097916868041,54.73851041676986,53.80965038202829,54.72249221801758,1077000,0.0,0.0,0.0
2010-04-30 00:00:00-04:00,54.7465432704097,54.826615971455766,53.201116314514316,53.25716781616211,472400,0.0,0.0,0.0
2010-05-03 00:00:00-04:00,53.53741298644086,54.354164123535156,53.513391792578396,54.354164123535156,313500,0.0,0.0,0.0
2010-05-04 00:00:00-04:00,53.521398301737804,53.553428598710745,52.36833815648425,52.680625915527344,373500,0.0,0.0,0.0
2010-05-05 00:00:00-04:00,52.19217999524765,52.648601083468165,51.43148021793183,51.887901306152344,498800,0.0,0.0,0.0
2010-05-06 00:00:00-04:00,51.49553452911187,52.07206771414176,20.018479429342833,49.90206527709961,920800,0.0,0.0,0.0
2010-05-07 00:00:00-04:00,49.413614985990975,50.18232388002451,47.98029109396883,48.65291213989258,1415100,0.0,0.0,0.0
2010-05-10 00:00:00-04:00,51.167245153141,51.311378479003906,50.47860883059118,51.311378479003906,749600,0.0,0.0,0.0
2010-05-11 00:00:00-04:00,50.70280433848538,52.27225238906316,50.51863469470531,51.543582916259766,382800,0.0,0.0,0.0
2010-05-12 00:00:00-04:00,51.81583611342755,53.032963194062056,51.759784610316466,52.968902587890625,492100,0.0,0.0,0.0
2010-05-13 00:00:00-04:00,52.88884033685891,53.30522214094893,52.24023726221607,52.41640090942383,547700,0.0,0.0,0.0
2010-05-14 00:00:00-04:00,52.04806090675303,52.128133624778215,50.78289119082201,51.383445739746094,593700,0.0,0.0,0.0
2010-05-17 00:00:00-04:00,51.647679461994535,52.024027871197966,50.00616467915676,51.375431060791016,722300,0.0,0.0,0.0
2010-05-18 00:00:00-04:00,52.07207442449202,52.17617444079888,50.28642619583356,50.558677673339844,618200,0.0,0.0,0.0
2010-05-19 00:00:00-04:00,50.20634706919972,50.7828772002204,49.13335644854612,49.87804412841797,676500,0.0,0.0,0.0
2010-05-20 00:00:00-04:00,48.58885254602368,48.78102823414845,47.40375895399596,47.42778015136719,959100,0.0,0.0,0.0
2010-05-21 00:00:00-04:00,46.619047775325164,48.56484471702568,46.38683262155684,48.260562896728516,1399900,0.0,0.0,0.0
2010-05-24 00:00:00-04:00,48.12440779988647,48.476734879100924,47.57990509071556,47.63595962524414,527400,0.0,0.0,0.0
2010-05-25 00:00:00-04:00,46.458893481068856,47.60395089802666,45.65014509615731,47.53989028930664,1140700,0.0,0.0,0.0
2010-05-26 00:00:00-04:00,47.83617005665469,48.845100292451576,47.48384278813974,47.676021575927734,512600,0.0,0.0,0.0
2010-05-27 00:00:00-04:00,48.861115548367074,49.677870052665625,48.46875192249277,49.62181854248047,423600,0.0,0.0,0.0
2010-05-28 00:00:00-04:00,49.50168399519461,49.72588993437637,48.74899044610097,49.125335693359375,257000,0.0,0.0,0.0
2010-06-01 00:00:00-04:00,48.540806206316404,49.20542116411909,47.57191257213466,47.60394287109375,225100,0.0,0.0,0.0
2010-06-02 00:00:00-04:00,47.86018546677848,48.925167083740234,47.491846143894136,48.925167083740234,302700,0.0,0.0,0.0
2010-06-03 00:00:00-04:00,49.01325851157012,49.5977979138266,48.79705850450346,49.485694885253906,274100,0.0,0.0,0.0
2010-06-04 00:00:00-04:00,48.14043793020899,48.652910509053335,46.98737462780921,47.107486724853516,318500,0.0,0.0,0.0
2010-06-07 00:00:00-04:00,47.36371570302367,47.49983987438887,45.95441327416975,45.994449615478516,244100,0.0,0.0,0.0
2010-06-08 00:00:00-04:00,46.0585265407414,46.42686589874363,45.08162358253033,45.978450775146484,558700,0.0,0.0,0.0
2010-06-09 00:00:00-04:00,46.37080625232005,47.16353939241014,45.81829731227869,46.066524505615234,491500,0.0,0.0,0.0
2010-06-10 00:00:00-04:00,46.87528805481465,47.64399719238281,46.7311547096983,47.64399719238281,297700,0.0,0.0,0.0
2010-06-11 00:00:00-04:00,47.09948376416958,48.27657147221165,47.027417107461325,48.24454116821289,242800,0.0,0.0,0.0
2010-06-14 00:00:00-04:00,48.805051199075486,49.413611601525766,48.43671192773512,48.54080581665039,338000,0.0,0.0,0.0
2010-06-15 00:00:00-04:00,48.9732152936892,49.87004245125525,48.7970516708434,49.74192428588867,257700,0.0,0.0,0.0
2010-06-16 00:00:00-04:00,49.36557394862488,50.02217986218195,49.253467892402455,49.57376480102539,665100,0.0,0.0,0.0
2010-06-17 00:00:00-04:00,49.789960973575035,49.926085163922814,48.997227864975606,49.549739837646484,209300,0.0,0.0,0.0
2010-06-18 00:00:00-04:00,49.645834218789055,49.910079641312244,49.30952519511722,49.58978271484375,173600,0.0,0.0,0.0
2010-06-21 00:00:00-04:00,50.294427627950625,50.39051547165629,48.84508865190999,49.117340087890625,400900,0.0,0.0,0.0
2010-06-22 00:00:00-04:00,49.35756986208698,49.73391830978046,48.052363950480746,48.116424560546875,276000,0.0,0.0,0.0
2010-06-23 00:00:00-04:00,48.04434805169596,48.404681272999156,47.371727056789126,47.96427536010742,299300,0.0,0.0,0.0
2010-06-24 00:00:00-04:00,47.56391824206038,47.89222125082496,47.0594516002003,47.14753341674805,219000,0.0,0.0,0.0
2010-06-25 00:00:00-04:00,47.283635422930466,48.044338053018606,46.87525989349358,47.86016845703125,411200,0.0,0.0,0.0
2010-06-28 00:00:00-04:00,47.90022761619855,48.31661244425736,47.45982158513307,47.676021575927734,306700,0.0,0.0,0.0
2010-06-29 00:00:00-04:00,46.85124174555368,46.8752659948194,45.56205440584039,45.84231185913086,364800,0.0,0.0,0.0
2010-06-30 00:00:00-04:00,45.70619204335549,46.44287059346851,45.20172552473096,45.321834564208984,756500,0.0,0.0,0.0
2010-07-01 00:00:00-04:00,45.305816829290784,45.457956148854564,43.90452349444784,45.081607818603516,8657900,0.0,0.0,0.0
2010-07-02 00:00:00-04:00,45.19370709354806,45.35385550103747,44.32891058042816,44.60116195678711,1702600,0.0,0.0,0.0
2010-07-06 00:00:00-04:00,45.257773820064834,45.714194857873174,43.81644406621864,44.11271667480469,943800,0.0,0.0,0.0
2010-07-07 00:00:00-04:00,44.20080456589742,45.71420116910188,44.20080456589742,45.68217086791992,523500,0.0,0.0,0.0
2010-07-08 00:00:00-04:00,46.250696644046165,46.44287540352323,45.70619677711294,46.330772399902344,272400,0.0,0.0,0.0
2010-07-09 00:00:00-04:00,46.370795279878536,47.003379821777344,46.17061053025817,47.003379821777344,191100,0.0,0.0,0.0
2010-07-12 00:00:00-04:00,46.85925533398855,47.14752191616383,46.13858887855034,46.55497360229492,262100,0.0,0.0,0.0
2010-07-13 00:00:00-04:00,47.24361202361466,48.11641785945437,47.05944237719056,47.91623306274414,361200,0.0,0.0,0.0
2010-07-14 00:00:00-04:00,47.828149650279684,48.10040108680603,47.46781641743931,47.836158752441406,318300,0.0,0.0,0.0
2010-07-15 00:00:00-04:00,47.8521732724661,47.94826417581116,46.91530987418409,47.53187942504883,431700,0.0,0.0,0.0
2010-07-16 00:00:00-04:00,47.203564488051676,47.203564488051676,45.78625609669276,45.954410552978516,613400,0.0,0.0,0.0
2010-07-19 00:00:00-04:00,46.00246766822857,46.21065851629277,45.30582541924813,46.09054946899414,227700,0.0,0.0,0.0
2010-07-20 00:00:00-04:00,45.506015028768815,46.931329978479255,45.30583020753632,46.87527847290039,307100,0.0,0.0,0.0
2010-07-21 00:00:00-04:00,47.219593319845835,47.283650869796595,45.99446022214889,46.146602630615234,370900,0.0,0.0,0.0
2010-07-22 00:00:00-04:00,46.843238943977966,47.820141656684655,46.819217747625295,47.667999267578125,352300,0.0,0.0,0.0
2010-07-23 00:00:00-04:00,47.33971114354976,48.75702020830505,47.33971114354976,48.692962646484375,512500,0.0,0.0,0.0
2010-07-26 00:00:00-04:00,48.813056623364076,49.76593814283084,48.67693243748447,49.72589874267578,487300,0.0,0.0,0.0
2010-07-27 00:00:00-04:00,50.20634435504959,50.230365551625084,49.29350223025226,49.45364761352539,742200,0.0,0.0,0.0
2010-07-28 00:00:00-04:00,49.40562020374238,49.5577595858225,48.46074749390552,48.692962646484375,297900,0.0,0.0,0.0
2010-07-29 00:00:00-04:00,49.18139931782874,49.26147506914258,47.828151193689564,48.55682373046875,237400,0.0,0.0,0.0
2010-07-30 00:00:00-04:00,47.84415878157547,48.90113409522905,47.70002550657025,48.58083724975586,559600,0.0,0.0,0.0
2010-08-02 00:00:00-04:00,49.42963264823242,49.64583260839897,49.09332363546962,49.509708404541016,514800,0.0,0.0,0.0
2010-08-03 00:00:00-04:00,49.38158559356249,49.61380069746266,48.70095848718218,49.069297790527344,859500,0.0,0.0,0.0
2010-08-04 00:00:00-04:00,49.205427634628194,49.613803309036946,49.093324628107275,49.51771545410156,253300,0.0,0.0,0.0
2010-08-05 00:00:00-04:00,49.12535105415952,49.45365401972141,48.96520565014126,49.077308654785156,217900,0.0,0.0,0.0
2010-08-06 00:00:00-04:00,48.23653126735076,49.00524017446466,48.02833736256304,48.861106872558594,277100,0.0,0.0,0.0
2010-08-09 00:00:00-04:00,49.16538352455651,49.517707640107346,48.92515934325916,49.35755920410156,234600,0.0,0.0,0.0
2010-08-10 00:00:00-04:00,48.84509032604339,49.05328117030419,48.1724692878951,48.55682373046875,234200,0.0,0.0,0.0
2010-08-11 00:00:00-04:00,47.50784926898426,47.587921952096615,46.64304962940095,46.77116775512695,274700,0.0,0.0,0.0
2010-08-12 00:00:00-04:00,45.906377931307894,46.72312919399332,45.73822038468206,46.51493835449219,424900,0.0,0.0,0.0
2010-08-13 00:00:00-04:00,46.258696693084694,46.4748966097147,46.002460433651464,46.02648162841797,535100,0.0,0.0,0.0
2010-08-16 00:00:00-04:00,45.69818767423845,46.55497840714413,45.55405436827509,46.330772399902344,234700,0.0,0.0,0.0
2010-08-17 00:00:00-04:00,46.88327768067598,47.49184115898677,46.611026241342735,47.107486724853516,200100,0.0,0.0,0.0
2010-08-18 00:00:00-04:00,47.10749269707715,47.66000169345676,46.64306245450868,47.283653259277344,420100,0.0,0.0,0.0
2010-08-19 00:00:00-04:00,47.12352399082182,47.21160583509216,45.99448128293122,46.138614654541016,412700,0.0,0.0,0.0
2010-08-20 00:00:00-04:00,45.97043831568773,46.14660192085389,45.44195055476694,46.12257766723633,359800,0.0,0.0,0.0
2010-08-23 00:00:00-04:00,46.442879182521565,46.63505795763597,45.5380429224768,45.55405807495117,799200,0.0,0.0,0.0
2010-08-24 00:00:00-04:00,44.79335379285376,45.46597490376947,44.38497810799468,45.01756286621094,905000,0.0,0.0,0.0
2010-08-25 00:00:00-04:00,44.641218524137386,45.66616390919964,44.425018534242405,45.54605484008789,365400,0.0,0.0,0.0
2010-08-26 00:00:00-04:00,45.618119147990505,46.09856150878726,45.09763737831233,45.2337646484375,419400,0.0,0.0,0.0
2010-08-27 00:00:00-04:00,45.69017302188171,46.418845462776666,44.80135215401022,46.37080001831055,348400,0.0,0.0,0.0
2010-08-30 00:00:00-04:00,46.194647676440184,46.362805245674274,45.401917504730854,45.4099235534668,445700,0.0,0.0,0.0
2010-08-31 00:00:00-04:00,45.25778634425009,45.7942802178449,44.96151365367652,45.35387420654297,593000,0.0,0.0,0.0
2010-09-01 00:00:00-04:00,46.03449379214101,47.027408599853516,45.95441804663041,47.027408599853516,549700,0.0,0.0,0.0
2010-09-02 00:00:00-04:00,47.0354225297578,47.716049636286996,46.9393316252816,47.627967834472656,305500,0.0,0.0,0.0
2010-09-03 00:00:00-04:00,48.25253216079679,48.58884413868926,47.940244430696104,48.4046745300293,374300,0.0,0.0,0.0
2010-09-07 00:00:00-04:00,48.212494870910916,48.284561503712844,47.45980130409507,47.55588912963867,560000,0.0,0.0,0.0
2010-09-08 00:00:00-04:00,47.65198705560322,48.18848389230725,47.65198705560322,47.84416580200195,292400,0.0,0.0,0.0
2010-09-09 00:00:00-04:00,48.51678643844426,48.644904583476894,47.6039442732645,47.908226013183594,229300,0.0,0.0,0.0
2010-09-10 00:00:00-04:00,48.10841298621472,48.31660383586241,47.828152431231004,48.084388732910156,572600,0.0,0.0,0.0
2010-09-13 00:00:00-04:00,48.60486751535708,49.22944308131015,48.548816018647315,49.117340087890625,356300,0.0,0.0,0.0
2010-09-14 00:00:00-04:00,49.037271645564694,49.39760185434694,48.749005034876696,49.02926254272461,338700,0.0,0.0,0.0
2010-09-15 00:00:00-04:00,48.861118409633846,49.34156082637756,48.548830533292595,49.25347900390625,261200,0.0,0.0,0.0
2010-09-16 00:00:00-04:00,49.205424432269744,49.285497130408345,48.66092153210987,48.997230529785156,339100,0.0,0.0,0.0
2010-09-17 00:00:00-04:00,49.36556534551501,49.36556534551501,48.58884746294125,49.181392669677734,414900,0.0,0.0,0.0
2010-09-20 00:00:00-04:00,49.37358218024407,50.42255170052426,49.0693004090537,50.31845474243164,287300,0.0,0.0,0.0
2010-09-21 00:00:00-04:00,50.36649458429445,50.57468542270071,49.98213709795175,50.07822799682617,724700,0.0,0.0,0.0
2010-09-22 00:00:00-04:00,49.87805368670169,50.230377892874486,49.16539617047823,49.477684020996094,403700,0.0,0.0,0.0
2010-09-23 00:00:00-04:00,49.077308441177706,49.8059810227693,48.83708728161808,48.94118118286133,223700,0.0,0.0,0.0
2010-09-24 00:00:00-04:00,49.62981642181901,50.422549592559314,49.581770969036114,50.35048294067383,388200,0.0,0.0,0.0
2010-09-27 00:00:00-04:00,50.47860219942867,50.54265974996489,50.110262883756526,50.310447692871094,460000,0.0,0.0,0.0
2010-09-28 00:00:00-04:00,50.430553730712894,50.84693847532788,49.533726694776234,50.774871826171875,468000,0.0,0.0,0.0
2010-09-29 00:00:00-04:00,50.63073324823355,51.07113914511709,50.51863026225344,50.878963470458984,499600,0.0,0.0,0.0
2010-09-30 00:00:00-04:00,51.27933061873276,51.5275577747426,50.4225400608249,50.798885345458984,362100,0.0,0.0,0.0
2010-10-01 00:00:00-04:00,51.29535297439331,51.343401482283724,50.65476220311313,51.039119720458984,508900,0.0,0.0,0.0
2010-10-04 00:00:00-04:00,50.94303094206228,51.19926726127905,50.05420987340131,50.41454315185547,236400,0.0,0.0,0.0
2010-10-05 00:00:00-04:00,50.93501547601533,51.783796981021716,50.67877920417447,51.63966369628906,269100,0.0,0.0,0.0
2010-10-06 00:00:00-04:00,51.663700835561656,51.82385237310636,51.20728269916136,51.45551300048828,209800,0.0,0.0,0.0
2010-10-07 00:00:00-04:00,51.82385289106632,51.82385289106632,50.999089264648255,51.34341049194336,387600,0.0,0.0,0.0
2010-10-08 00:00:00-04:00,51.46350218212939,52.20018683878779,51.20726895456841,51.99199295043945,219900,0.0,0.0,0.0
2010-10-11 00:00:00-04:00,51.9279281616176,52.37634620103503,51.903906966661275,52.05604934692383,216900,0.0,0.0,0.0
2010-10-12 00:00:00-04:00,51.8718873743415,52.40037820905469,51.3834359455874,52.26424789428711,522300,0.0,0.0,0.0
2010-10-13 00:00:00-04:00,52.552524713685735,53.29721260134126,52.3683580724947,52.92086410522461,321500,0.0,0.0,0.0
2010-10-14 00:00:00-04:00,52.976896941053106,53.13704230273814,52.40036386434067,52.832763671875,307100,0.0,0.0,0.0
2010-10-15 00:00:00-04:00,53.265158132585356,53.32120962089272,52.39235551334868,52.70464324951172,1416900,0.0,0.0,0.0
2010-10-18 00:00:00-04:00,52.84079210452312,53.153079986572266,52.69665876594991,53.153079986572266,1527500,0.0,0.0,0.0
2010-10-19 00:00:00-04:00,52.38434732754714,52.95287132149784,51.72774154912409,52.0960807800293,1127300,0.0,0.0,0.0
2010-10-20 00:00:00-04:00,52.4003874806605,52.92887229972698,52.20020263375597,52.65662384033203,1132500,0.0,0.0,0.0
2010-10-21 00:00:00-04:00,52.97690422562201,53.25716170168449,51.9119197074298,52.512474060058594,1198700,0.0,0.0,0.0
2010-10-22 00:00:00-04:00,52.704642495203814,52.920839344394,52.512466839350985,52.832763671875,400700,0.0,0.0,0.0
2010-10-25 00:00:00-04:00,53.24114990234375,53.737610426199865,53.14506510422391,53.24114990234375,596700,0.0,0.0,0.0
2010-10-26 00:00:00-04:00,52.91285983791742,53.45736286213795,52.64861437561408,53.13706588745117,413600,0.0,0.0,0.0
2010-10-27 00:00:00-04:00,52.79272932626501,53.07298679059616,52.328299180142224,52.97690200805664,566700,0.0,0.0,0.0
2010-10-28 00:00:00-04:00,53.42532086011557,53.433329962747806,52.52048164648825,52.744693756103516,380400,0.0,0.0,0.0
2010-10-29 00:00:00-04:00,52.560533929392946,53.145076381669845,52.560533929392946,52.87282180786133,383500,0.0,0.0,0.0
2010-11-01 00:00:00-04:00,53.2091223973436,53.54543753591111,52.3122983189125,52.66461944580078,566600,0.0,0.0,0.0
2010-11-02 00:00:00-04:00,53.3692714878238,53.58546839427124,52.9288624628218,53.53742599487305,475100,0.0,0.0,0.0
2010-11-03 00:00:00-04:00,53.64152095548996,53.76964216862165,52.9849150110793,53.753623962402344,350400,0.0,0.0,0.0
2010-11-04 00:00:00-04:00,54.65044994924108,54.98675894426993,54.45827425338963,54.978755950927734,394300,0.0,0.0,0.0
2010-11-05 00:00:00-04:00,55.05082947298644,55.47522034454955,54.91470525175985,55.3150749206543,302400,0.0,0.0,0.0
2010-11-08 00:00:00-05:00,55.186950128389185,55.41916525444248,54.906692600102765,55.32307434082031,263500,0.0,0.0,0.0
2010-11-09 00:00:00-05:00,55.49121662545629,55.56328020498682,54.378189874467175,54.63442611694336,267700,0.0,0.0,0.0
2010-11-10 00:00:00-05:00,54.74652890417035,55.13888931274414,54.16198673253054,55.13888931274414,344700,0.0,0.0,0.0
2010-11-11 00:00:00-05:00,54.61040704497523,55.16291900792764,54.4102222594597,54.96273422241211,219100,0.0,0.0,0.0
2010-11-12 00:00:00-05:00,54.466260452881485,54.8506178352288,53.96980621590981,54.0819091796875,246200,0.0,0.0,0.0
2010-11-15 00:00:00-05:00,54.35418628096067,54.666474146784715,54.07392872306172,54.121971130371094,360300,0.0,0.0,0.0
2010-11-16 00:00:00-05:00,53.77764082617514,53.82568321719011,52.76870785077918,53.121028900146484,423800,0.0,0.0,0.0
2010-11-17 00:00:00-05:00,53.281196486069035,53.43333891579715,52.97691773576916,53.32923889160156,288700,0.0,0.0,0.0
2010-11-18 00:00:00-05:00,53.91378464090275,54.45027856646293,53.91378464090275,54.19404220581055,425600,0.0,0.0,0.0
2010-11-19 00:00:00-05:00,54.057899845625265,54.48229060288993,53.77764237471036,54.378196716308594,231600,0.0,0.0,0.0
2010-11-22 00:00:00-05:00,54.202035533088655,54.770559601888316,53.953802240006304,54.690486907958984,288200,0.0,0.0,0.0
2010-11-23 00:00:00-05:00,54.07391109119959,54.27409586858988,53.78564452302521,54.17000198364258,264500,0.0,0.0,0.0
2010-11-24 00:00:00-05:00,54.658444505836314,55.33106231689453,54.65043540547031,55.33106231689453,281400,0.0,0.0,0.0
2010-11-26 00:00:00-05:00,54.93070006475594,55.26700901459921,54.91468797106767,54.986751556396484,117700,0.0,0.0,0.0
2010-11-29 00:00:00-05:00,54.722523182860726,55.06684134103383,54.11396568728302,54.97075653076172,276700,0.0,0.0,0.0
2010-11-30 00:00:00-05:00,54.370192841366915,54.89067454261915,54.18602013754341,54.554359436035156,344300,0.0,0.0,0.0
2010-12-01 00:00:00-05:00,55.603334027293684,55.8435521305462,55.49923401764432,55.731449127197266,753300,0.0,0.0,0.0
2010-12-02 00:00:00-05:00,55.795514156144215,56.42809893043559,55.731453546534865,56.372047424316406,634700,0.0,0.0,0.0
2010-12-03 00:00:00-05:00,56.17986986637193,56.90053031885032,56.091788058330216,56.74839401245117,597900,0.0,0.0,0.0
2010-12-06 00:00:00-05:00,56.71635881649918,57.17277991463858,56.65229821451166,57.02063751220703,476600,0.0,0.0,0.0
2010-12-07 00:00:00-05:00,57.749315627382124,57.84540042538962,57.212815698833,57.28488540649414,505700,0.0,0.0,0.0
2010-12-08 00:00:00-05:00,57.38095749535748,57.605163429386494,57.140733360810096,57.26884841918945,316900,0.0,0.0,0.0
2010-12-09 00:00:00-05:00,57.66924181476662,57.66924181476662,57.244850962372084,57.45304489135742,707900,0.0,0.0,0.0
2010-12-10 00:00:00-05:00,57.66123756163577,58.26179202474234,57.50909514271888,58.133670806884766,547000,0.0,0.0,0.0
2010-12-13 00:00:00-05:00,58.35787227330683,58.445954076418886,57.8774299621582,57.8774299621582,347600,0.0,0.0,0.0
2010-12-14 00:00:00-05:00,58.0776168797334,58.18171689219106,57.74931696368514,57.845401763916016,239200,0.0,0.0,0.0
2010-12-15 00:00:00-05:00,57.789349544092794,58.317840375431516,57.525104128423436,57.58916473388672,282300,0.0,0.0,0.0
2010-12-16 00:00:00-05:00,57.70126892442437,58.18171736611492,57.45304170959844,58.09363555908203,619200,0.0,0.0,0.0
2010-12-17 00:00:00-05:00,58.149684653124076,58.389902754859506,57.84539983810823,58.26979064941406,329300,0.0,0.0,0.0
2010-12-20 00:00:00-05:00,58.493986317226515,58.710183158916365,58.165680395261724,58.46195602416992,349600,0.0,0.0,0.0
2010-12-21 00:00:00-05:00,58.7021506832207,59.12654120620962,58.65410831734311,59.07849884033203,346000,0.0,0.0,0.0
2010-12-22 00:00:00-05:00,59.23066548303762,59.36678964839333,59.06251102421814,59.15059280395508,290300,0.0,0.0,0.0
2010-12-23 00:00:00-05:00,59.20665264959862,59.350785935958854,58.99044966548091,59.04650115966797,326600,0.0,0.0,0.0
2010-12-27 00:00:00-05:00,58.914479897785945,59.27895317826008,58.711996801731544,59.21415710449219,247100,0.837,0.0,0.0
2010-12-28 00:00:00-05:00,59.35187148291815,59.35187148291815,58.89021005829941,59.05220031738281,239900,0.0,0.0,0.0
2010-12-29 00:00:00-05:00,59.189876644932546,59.287064603421406,59.08458145084238,59.230369567871094,220400,0.0,0.0,0.0
2010-12-30 00:00:00-05:00,59.206055863378005,59.457139103611844,59.17365782659642,59.181758880615234,282700,0.0,0.0,0.0
2010-12-31 00:00:00-05:00,59.1250709182869,59.23035991592416,58.768698650446304,58.82539367675781,287400,0.0,0.0,0.0
2011-01-03 00:00:00-05:00,59.432845078653656,60.056496568814225,59.3032590908987,59.74871826171875,630500,0.0,0.0,0.0
2011-01-04 00:00:00-05:00,59.983586766212,59.983586766212,58.42041711213882,59.02786636352539,595400,0.0,0.0,0.0
2011-01-05 00:00:00-05:00,58.93877623165275,59.651520676664205,58.80108921088232,59.60292053222656,429600,0.0,0.0,0.0
2011-01-06 00:00:00-05:00,59.692002804960495,59.837790853350675,59.311339847940175,59.473323822021484,410200,0.0,0.0,0.0
2011-01-07 00:00:00-05:00,59.65964005498723,59.82972516452626,58.51763208898803,59.173675537109375,508500,0.0,0.0,0.0
2011-01-10 00:00:00-05:00,58.946909651468424,59.68395148373795,58.54194324146461,59.5219612121582,392700,0.0,0.0,0.0
2011-01-11 00:00:00-05:00,59.854007350122984,59.99169437912794,59.49763510630403,59.78921127319336,370300,0.0,0.0,0.0
2011-01-12 00:00:00-05:00,60.29946753457745,60.33186557361124,59.95929739366387,60.25087356567383,446800,0.0,0.0,0.0
2011-01-13 00:00:00-05:00,60.250864469379714,60.45334754830068,59.983585322173674,60.2022705078125,264700,0.0,0.0,0.0
2011-01-14 00:00:00-05:00,60.1779754286305,60.680129525474754,60.04028223435038,60.5748405456543,323000,0.0,0.0,0.0
2011-01-18 00:00:00-05:00,60.485765164086075,60.842137475732656,60.242782919000646,60.82593536376953,405800,0.0,0.0,0.0
2011-01-19 00:00:00-05:00,60.83401160942759,60.86640964084557,59.327537134601464,59.48142623901367,459500,0.0,0.0,0.0
2011-01-20 00:00:00-05:00,59.1898927633739,59.35997791634199,58.57434208170573,58.84162139892578,310100,0.0,0.0,0.0
2011-01-21 00:00:00-05:00,59.3842286080774,59.3842286080774,58.54189837925382,58.5823974609375,279400,0.0,0.0,0.0
2011-01-24 00:00:00-05:00,58.63101270428861,59.1817670469856,58.48522460830133,59.01978302001953,320400,0.0,0.0,0.0
2011-01-25 00:00:00-05:00,58.71200860379792,59.060279846191406,58.42853344819739,59.060279846191406,254100,0.0,0.0,0.0
2011-01-26 00:00:00-05:00,59.181781526785024,60.06461137384425,59.003595345949435,59.9188232421875,398800,0.0,0.0,0.0
2011-01-27 00:00:00-05:00,59.91882310008278,60.34808643691626,59.77303496877179,60.18609619140625,290600,0.0,0.0,0.0
2011-01-28 00:00:00-05:00,60.21036556555979,60.3075596682839,58.76868702793133,58.79298400878906,490100,0.0,0.0,0.0
2011-01-31 00:00:00-05:00,59.14936366549819,59.651523990627275,58.79299142319407,59.23845672607422,573600,0.0,0.0,0.0
2011-02-01 00:00:00-05:00,59.70821360253086,60.63963703733041,59.659619639090444,60.42095184326172,1345600,0.0,0.0,0.0
2011-02-02 00:00:00-05:00,60.299458050455975,60.66393129778979,60.137474060058594,60.137474060058594,4821300,0.0,0.0,0.0
2011-02-03 00:00:00-05:00,60.2346636415593,60.55863159804187,59.61101234881574,60.485740661621094,774900,0.0,0.0,0.0
2011-02-04 00:00:00-05:00,60.461472616314396,60.777345850549146,60.25898945696927,60.70444869995117,843300,0.0,0.0,0.0
2011-02-07 00:00:00-05:00,60.76114419346236,61.63587293142988,60.76114419346236,61.31999969482422,544500,0.0,0.0,0.0
2011-02-08 00:00:00-05:00,61.352389648547366,61.73305892944336,61.133710582551196,61.73305892944336,703700,0.0,0.0,0.0
2011-02-09 00:00:00-05:00,61.56296747701381,61.781646520414036,61.22279115052179,61.49007034301758,463600,0.0,0.0,0.0
2011-02-10 00:00:00-05:00,61.125604764402304,61.838343116544145,61.05270762855343,61.78974914550781,381800,0.0,0.0,0.0
2011-02-11 00:00:00-05:00,61.61965479131436,62.47818110661633,61.55485872015745,62.45388412475586,179600,0.0,0.0,0.0
2011-02-14 00:00:00-05:00,62.502490094629636,62.81026840209961,62.486294163376044,62.81026840209961,323000,0.0,0.0,0.0
2011-02-15 00:00:00-05:00,62.640177678097395,62.7130748176039,62.32430449192349,62.43769454956055,369300,0.0,0.0,0.0
2011-02-16 00:00:00-05:00,62.6482990745473,63.05326546310843,62.61590102194681,62.96417236328125,296200,0.0,0.0,0.0
2011-02-17 00:00:00-05:00,62.92364495474967,63.53918907899875,62.84264677798077,63.409603118896484,297200,0.0,0.0,0.0
2011-02-18 00:00:00-05:00,63.595891844704155,63.66068792229774,63.182830753456706,63.450103759765625,255800,0.0,0.0,0.0
2011-02-22 00:00:00-05:00,62.85075621399965,63.093738418126556,61.70065363029315,61.797847747802734,411400,0.0,0.0,0.0
2011-02-23 00:00:00-05:00,61.93554494538001,61.98413892246354,60.26708581969722,60.75304412841797,536700,0.0,0.0,0.0
2011-02-24 00:00:00-05:00,60.7854395336737,61.36858577124199,60.33187310983852,60.98792266845703,335300,0.0,0.0,0.0
2011-02-25 00:00:00-05:00,61.31188706019726,62.33240372844745,61.28759007416896,62.324302673339844,254800,0.0,0.0,0.0
2011-02-28 00:00:00-05:00,62.76165903318994,62.85885314432243,62.04892075609954,62.510581970214844,344000,0.0,0.0,0.0
2011-03-01 00:00:00-05:00,62.76978803088038,62.76978803088038,61.149922533309265,61.384803771972656,445100,0.0,0.0,0.0
2011-03-02 00:00:00-05:00,61.31998690562928,61.903139275982525,61.117503786995194,61.57106399536133,328200,0.0,0.0,0.0
2011-03-03 00:00:00-05:00,62.219015045733556,63.037048609388734,62.219015045733556,62.85076141357422,319900,0.0,0.0,0.0
2011-03-04 00:00:00-05:00,62.939862507308725,62.939862507308725,62.09753184971069,62.65638732910156,299700,0.0,0.0,0.0
2011-03-07 00:00:00-05:00,62.93174117741216,62.93174117741216,61.18229051313999,61.71684265136719,345600,0.0,0.0,0.0
2011-03-08 00:00:00-05:00,61.76545822100908,62.84266382021791,61.31189178941563,62.526790618896484,4583000,0.0,0.0,0.0
2011-03-09 00:00:00-05:00,62.45389720291817,62.64017822238566,62.07322792927407,62.27571105957031,219600,0.0,0.0,0.0
2011-03-10 00:00:00-05:00,61.554859376715456,61.67635046660715,60.655833962527836,60.84212112426758,390800,0.0,0.0,0.0
2011-03-11 00:00:00-05:00,60.29946026771196,61.360475835496494,60.21846826953514,61.06079864501953,251700,0.0,0.0,0.0
2011-03-14 00:00:00-04:00,60.33997795941484,61.11751250435629,60.153690744811286,60.7287483215332,258800,0.0,0.0,0.0
2011-03-15 00:00:00-04:00,59.44094247162659,60.69634025056944,58.963085288486006,60.258975982666016,626200,0.0,0.0,0.0
2011-03-16 00:00:00-04:00,60.04029747397034,60.712542970892514,59.26276297050292,59.578636169433594,315200,0.0,0.0,0.0
2011-03-17 00:00:00-04:00,60.420968309203886,60.485764397644964,59.837815871824375,59.87831497192383,908000,0.0,0.0,0.0
2011-03-18 00:00:00-04:00,60.50195302944353,60.61534308088529,60.27517292656,60.46146011352539,1216700,0.0,0.0,0.0
2011-03-21 00:00:00-04:00,61.26331197071364,61.805965423583984,61.19851586847038,61.805965423583984,522500,0.0,0.0,0.0
2011-03-22 00:00:00-04:00,61.95174935512022,62.00034951814909,61.328103906463085,61.44149398803711,195500,0.0,0.0,0.0
2011-03-23 00:00:00-04:00,61.31672912157036,61.737930738505,60.7173334756984,61.559730529785156,170600,0.006,0.0,0.0
2011-03-24 00:00:00-04:00,61.964744315712586,62.22394299899218,61.405844644353685,62.07004165649414,323000,0.0,0.0,0.0
2011-03-25 00:00:00-04:00,62.37784217282462,63.14733649899394,62.151044105312984,62.59653854370117,309700,0.0,0.0,0.0
2011-03-28 00:00:00-04:00,62.81521324855651,62.92861223204289,62.3535156215674,62.38591003417969,294000,0.0,0.0,0.0
2011-03-29 00:00:00-04:00,62.394033240551906,62.9853334409937,62.029537265065585,62.904335021972656,179500,0.0,0.0,0.0
2011-03-30 00:00:00-04:00,63.26072579289315,63.79532645239048,63.171625682976924,63.7224235534668,245300,0.0,0.0,0.0
2011-03-31 00:00:00-04:00,63.68192224656574,64.01401757300457,63.617121048310516,63.98161697387695,315700,0.0,0.0,0.0
2011-04-01 00:00:00-04:00,64.43521851918248,64.59721533337205,64.07071641758246,64.2651138305664,503700,0.0,0.0,0.0
2011-04-04 00:00:00-04:00,64.54052304199753,64.605324246827,64.29752161377858,64.4271240234375,324800,0.0,0.0,0.0
2011-04-05 00:00:00-04:00,64.35424153852473,65.16423831650383,64.3056437093772,64.75114440917969,194200,0.0,0.0,0.0
2011-04-06 00:00:00-04:00,65.14801950392885,65.31001633390983,64.54052212182573,64.81591796875,219200,0.0,0.0,0.0
2011-04-07 00:00:00-04:00,64.86452504262904,65.1561242942721,64.33802605050778,64.5000228881836,137100,0.0,0.0,0.0
2011-04-08 00:00:00-04:00,64.83212658020594,64.89692778932961,63.64953232272445,63.95732879638672,293900,0.0,0.0,0.0
2011-04-11 00:00:00-04:00,63.884424355115186,64.11122237987233,63.13922289976394,63.374122619628906,159800,0.0,0.0,0.0
2011-04-12 00:00:00-04:00,62.98531423249781,63.21211220850394,62.49931768680162,62.61271667480469,251800,0.0,0.0,0.0
2011-04-13 00:00:00-04:00,62.97722071426932,63.06632081352095,62.30492221256413,62.7423210144043,220700,0.0,0.0,0.0
2011-04-14 00:00:00-04:00,62.280612271973624,62.97720955370254,62.15101608316277,62.928611755371094,253900,0.0,0.0,0.0
2011-04-15 00:00:00-04:00,62.977221147637586,63.51182174682617,62.70992084804329,63.51182174682617,250800,0.0,0.0,0.0
2011-04-18 00:00:00-04:00,62.588409423828125,62.63701340255887,62.05381509603912,62.588409423828125,335200,0.0,0.0,0.0
2011-04-19 00:00:00-04:00,62.76662993738423,63.001529674746564,62.337332761432876,62.69373321533203,123500,0.0,0.0,0.0
2011-04-20 00:00:00-04:00,63.77102924811481,63.94922329292051,63.519926122656514,63.94112777709961,277200,0.0,0.0,0.0
2011-04-21 00:00:00-04:00,64.3704404568647,64.47573780595444,63.95734039849268,64.46763610839844,164200,0.0,0.0,0.0
2011-04-25 00:00:00-04:00,64.46760270331751,64.56480448426889,64.01400675177375,64.38660430908203,317200,0.0,0.0,0.0
2011-04-26 00:00:00-04:00,64.5648061391989,65.28570237200101,64.4514071484063,65.00220489501953,276200,0.0,0.0,0.0
2011-04-27 00:00:00-04:00,65.06703089215478,65.48822642143384,64.79162882395458,65.43962860107422,234200,0.0,0.0,0.0
2011-04-28 00:00:00-04:00,65.30192733464155,65.69072223730636,65.30192733464155,65.53682708740234,187300,0.0,0.0,0.0
2011-04-29 00:00:00-04:00,65.62589440989439,66.0308925407818,65.5448960196731,65.86079406738281,160000,0.0,0.0,0.0
2011-05-02 00:00:00-04:00,66.26580670611493,66.29820730525324,65.1642110545418,65.25331115722656,221000,0.0,0.0,0.0
2011-05-03 00:00:00-04:00,65.12370609920642,65.28570289312276,64.0302122908171,64.44330596923828,1586200,0.0,0.0,0.0
2011-05-04 00:00:00-04:00,64.5243385558057,64.55673298482606,63.32554074917272,63.6738395690918,297000,0.0,0.0,0.0
2011-05-05 00:00:00-04:00,63.204029344072616,64.24082393170141,63.05822971895087,63.39033126831055,258800,0.0,0.0,0.0
2011-05-06 00:00:00-04:00,64.00591343535514,64.4919162239376,63.406517823827535,63.70621871948242,229800,0.0,0.0,0.0
2011-05-09 00:00:00-04:00,63.67383383973939,64.500027660671,63.5766320220718,64.41902923583984,287600,0.0,0.0,0.0
2011-05-10 00:00:00-04:00,64.63774169774952,65.29383707326264,64.63774169774952,65.26143646240234,232700,0.0,0.0,0.0
2011-05-11 00:00:00-04:00,65.12372125611952,65.17231906964878,63.9249236908727,64.2408218383789,377900,0.0,0.0,0.0
2011-05-12 00:00:00-04:00,63.87633535359492,64.86453224051199,63.50373764176755,64.66203308105469,222400,0.0,0.0,0.0
2011-05-13 00:00:00-04:00,64.74302283941233,64.85642185914092,63.64142706509199,63.852027893066406,365200,0.0,0.0,0.0
2011-05-16 00:00:00-04:00,63.463228199225924,64.07882730506923,62.969129811346626,63.0096321105957,676500,0.0,0.0,0.0
2011-05-17 00:00:00-04:00,62.52363087370036,62.912425727183965,62.2644322447837,62.70992660522461,605500,0.0,0.0,0.0
2011-05-18 00:00:00-04:00,62.815232140828904,63.74672318822436,62.669432521098514,63.71432876586914,369000,0.0,0.0,0.0
2011-05-19 00:00:00-04:00,64.15172193577762,64.17602702240433,63.32552820417703,63.827728271484375,124600,0.0,0.0,0.0
2011-05-20 00:00:00-04:00,63.72241752110606,63.74671642518604,62.95292338625604,63.3579216003418,126900,0.0,0.0,0.0
2011-05-23 00:00:00-04:00,62.22393798828125,62.556039557500355,62.08624005070514,62.22393798828125,334900,0.0,0.0,0.0
2011-05-24 00:00:00-04:00,62.41834983004542,62.645147939464636,61.87565347110874,62.01335144042969,237000,0.0,0.0,0.0
2011-05-25 00:00:00-04:00,61.859432587759024,62.84762308932909,61.786529692032,62.66132736206055,134200,0.0,0.0,0.0
2011-05-26 00:00:00-04:00,62.49932430593796,63.4308152089318,62.44261862614952,63.398414611816406,190600,0.0,0.0,0.0
2011-05-27 00:00:00-04:00,63.58471636702834,64.00591176908165,63.58471636702834,63.77911376953125,218000,0.0,0.0,0.0
2011-05-31 00:00:00-04:00,64.50812817173656,64.57292938232422,63.860128425427156,64.57292938232422,181500,0.0,0.0,0.0
2011-06-01 00:00:00-04:00,64.50002914976886,64.50002914976886,62.588436616659564,62.66944122314453,256700,0.0,0.0,0.0
2011-06-02 00:00:00-04:00,62.871951395276525,63.05824719135074,62.27254933714535,62.57225036621094,467700,0.0,0.0,0.0
2011-06-03 00:00:00-04:00,61.58403136605669,62.31302943378148,61.503032954038986,61.70553207397461,327700,0.0,0.0,0.0
2011-06-06 00:00:00-04:00,61.60022637418729,61.778420384465726,60.6687293132787,60.71732711791992,260100,0.0,0.0,0.0
2011-06-07 00:00:00-04:00,61.13854119815103,61.35723754355814,60.86313916268612,60.927940368652344,472200,0.0,0.0,0.0
2011-06-08 00:00:00-04:00,60.72542821690898,60.846928907103326,60.207031039876135,60.2961311340332,390400,0.0,0.0,0.0
2011-06-09 00:00:00-04:00,60.49864316719026,60.927940341907615,60.24754003912712,60.6363410949707,180300,0.0,0.0,0.0
2011-06-10 00:00:00-04:00,60.296129493392954,60.34472729623564,59.4537325586905,59.69672775268555,415900,0.0,0.0,0.0
2011-06-13 00:00:00-04:00,59.88307298826407,60.10987113878546,59.1783734378988,59.52667236328125,293300,0.0,0.0,0.0
2011-06-14 00:00:00-04:00,60.036928447033354,60.95222204842124,60.01262336682825,60.78212356567383,146100,0.0,0.0,0.0
2011-06-15 00:00:00-04:00,60.215136232689126,60.62013447857953,59.57524444239116,59.78583908081055,197400,0.0,0.0,0.0
2011-06-16 00:00:00-04:00,59.80204772192874,60.24754212365279,59.10545018345354,59.81824493408203,272700,0.0,0.0,0.0
2011-06-17 00:00:00-04:00,60.417626705018094,60.42572839911508,59.63193541150381,59.85063171386719,166800,0.0,0.0,0.0
2011-06-20 00:00:00-04:00,59.631932728746655,60.57152526892319,59.631932728746655,60.36902618408203,171300,0.0,0.0,0.0
2011-06-21 00:00:00-04:00,60.846947655211785,61.746044387984306,60.78214644317073,61.67314147949219,305900,0.0,0.0,0.0
2011-06-22 00:00:00-04:00,61.37345053604255,62.0295521005328,61.3167510111888,61.33295440673828,239700,0.0,0.0,0.0
2011-06-23 00:00:00-04:00,60.57962164991955,61.503016901432424,60.03692563328641,61.40581512451172,257700,0.0,0.0,0.0
2011-06-24 00:00:00-04:00,61.64881676073003,61.689319046245394,60.74161871130367,60.903621673583984,266400,0.0,0.0,0.0
2011-06-27 00:00:00-04:00,60.90364480916511,61.52733945647025,60.65254166718889,61.4139404296875,166600,0.0,0.0,0.0
2011-06-28 00:00:00-04:00,61.64075266275959,62.353553771972656,61.49495299767373,62.353553771972656,232700,0.0,0.0,0.0
2011-06-29 00:00:00-04:00,62.53173709999038,62.855736986578776,62.11864326987941,62.66944122314453,4287200,0.0,0.0,0.0
2011-06-30 00:00:00-04:00,62.90433575353217,63.40652966517297,62.807133941706546,63.22023391723633,407000,0.0,0.0,0.0
2011-07-01 00:00:00-04:00,63.30932256055947,64.36231418882812,63.11491897213698,64.21651458740234,1185700,0.0,0.0,0.0
2011-07-05 00:00:00-04:00,64.33800506393693,64.48380464219974,64.00590362131227,64.35420227050781,565900,0.0,0.0,0.0
2011-07-06 00:00:00-04:00,64.24892691019494,64.79972481834218,64.07072667817917,64.69442749023438,369000,0.0,0.0,0.0
2011-07-07 00:00:00-04:00,65.39912368129346,65.77982307163758,65.20472622784798,65.56112670898438,423400,0.0,0.0,0.0
2011-07-08 00:00:00-04:00,64.7430445148364,65.22093966086169,64.52434809779444,65.18854522705078,219700,0.0,0.0,0.0
2011-07-11 00:00:00-04:00,64.31372902645927,64.70252392018158,63.58473087600067,63.73863220214844,163500,0.0,0.0,0.0
2011-07-12 00:00:00-04:00,63.374117153537796,64.0302184454617,63.374117153537796,63.41461944580078,160200,0.0,0.0,0.0
2011-07-13 00:00:00-04:00,63.82772898595072,64.58102600545239,63.70622827058921,63.852027893066406,196900,0.0,0.0,0.0
2011-07-14 00:00:00-04:00,64.03024913422583,64.30564507830451,62.78285332800949,62.92055130004883,291900,0.0,0.0,0.0
2011-07-15 00:00:00-04:00,63.15543937044739,63.34173513803291,62.73423765456156,63.301239013671875,168200,0.0,0.0,0.0
2011-07-18 00:00:00-04:00,63.00963832949265,63.13923457627074,61.980939152954896,62.37784194946289,398700,0.0,0.0,0.0
2011-07-19 00:00:00-04:00,62.90433153301115,63.771027546010224,62.90433153301115,63.7224235534668,265700,0.0,0.0,0.0
2011-07-20 00:00:00-04:00,63.787221877539814,63.83581968810655,63.260722937197244,63.65761947631836,165000,0.0,0.0,0.0
2011-07-21 00:00:00-04:00,63.892529976644994,64.50002743038517,63.771035429723895,64.20033264160156,168400,0.0,0.0,0.0
2011-07-22 00:00:00-04:00,64.20034048465942,64.5324359197871,63.8844422645054,64.40283966064453,158400,0.0,0.0,0.0
2011-07-25 00:00:00-04:00,63.60902526397426,64.20032543837611,63.42272952640836,63.71432876586914,278800,0.0,0.0,0.0
2011-07-26 00:00:00-04:00,63.6252513676107,63.72244702893881,63.09875220953778,63.252647399902344,197400,0.0,0.0,0.0
2011-07-27 00:00:00-04:00,62.774723971470515,62.88002128373325,61.31672791054275,61.42203140258789,262400,0.0,0.0,0.0
2011-07-28 00:00:00-04:00,61.413933478472366,62.02953253974671,61.041335835532905,61.130435943603516,575400,0.0,0.0,0.0
2011-07-29 00:00:00-04:00,60.31234127153942,61.30863972897504,59.8020456790674,60.927940368652344,400200,0.0,0.0,0.0
2011-08-01 00:00:00-04:00,61.68934148391954,62.02143686276708,60.020744354325664,60.60394287109375,726600,0.0,0.0,0.0
2011-08-02 00:00:00-04:00,60.25563960655689,60.88743589267713,58.716645008699714,58.72474670410156,8811600,0.0,0.0,0.0
2011-08-03 00:00:00-04:00,58.7004623062801,59.016360527418676,57.250567460133716,58.992061614990234,1215600,0.0,0.0,0.0
2011-08-04 00:00:00-04:00,58.15776021075735,58.20635803077988,55.403770446777344,55.403770446777344,1461300,0.0,0.0,0.0
2011-08-05 00:00:00-04:00,56.011245583663474,56.1894457590734,53.11145733602149,54.37504959106445,1509300,0.0,0.0,0.0
2011-08-08 00:00:00-04:00,52.60927374201575,53.64607452277704,49.73378968145696,49.798587799072266,1569200,0.0,0.0,0.0
2011-08-09 00:00:00-04:00,51.216088640798425,53.070978651116086,49.01289672823869,53.02238082885742,4211200,0.0,0.0,0.0
2011-08-10 00:00:00-04:00,51.44286877239695,52.73886483529262,50.63287239179627,50.786773681640625,1047300,0.0,0.0,0.0
2011-08-11 00:00:00-04:00,51.0054719133969,54.075358867522006,50.80297282285922,53.2896614074707,1775900,0.0,0.0,0.0
2011-08-12 00:00:00-04:00,53.937663054172326,54.245465674014454,53.01426755421144,53.69466781616211,776200,0.0,0.0,0.0
2011-08-15 00:00:00-04:00,54.26975191484808,55.22554779277845,54.15635292761747,55.2093505859375,722200,0.0,0.0,0.0
2011-08-16 00:00:00-04:00,54.666661937412506,54.998763467996,53.783768720601905,54.30216598510742,718100,0.0,0.0,0.0
2011-08-17 00:00:00-04:00,54.59375870638125,55.023055810484436,53.662261608540724,54.13206100463867,293000,0.0,0.0,0.0
2011-08-18 00:00:00-04:00,52.2528629463628,52.447260327663244,50.60856835928879,51.04596710205078,626200,0.0,0.0,0.0
2011-08-19 00:00:00-04:00,50.03349589576364,51.791187229341965,49.928195460928194,50.10639572143555,380700,0.0,0.0,0.0
2011-08-22 00:00:00-04:00,51.531990996151194,51.58059191221691,49.68519944414635,50.06589889526367,511600,0.0,0.0,0.0
2011-08-23 00:00:00-04:00,50.268392933583975,52.32578206489716,49.879594914519465,52.301483154296875,591300,0.0,0.0,0.0
2011-08-24 00:00:00-04:00,52.22048422488639,53.241081718798284,51.83168620955061,53.06288146972656,540300,0.0,0.0,0.0
2011-08-25 00:00:00-04:00,53.58937760695408,53.783775059107995,51.629184243402726,51.82358169555664,615800,0.0,0.0,0.0
2011-08-26 00:00:00-04:00,51.5643703057564,53.232963989346594,50.77057421061864,53.05476379394531,558500,0.0,0.0,0.0
2011-08-29 00:00:00-04:00,53.76755139145373,55.565744140205304,53.76755139145373,55.5090446472168,441500,0.0,0.0,0.0
2011-08-30 00:00:00-04:00,55.1769631636615,56.157058175700556,54.67476311477436,55.76825714111328,716400,0.0,0.0,0.0
2011-08-31 00:00:00-04:00,56.108453964771726,56.7807525324817,55.30655917256092,55.84115982055664,536500,0.0,0.0,0.0
2011-09-01 00:00:00-04:00,55.8492563941705,56.49725606830073,54.54516153032602,54.7962646484375,775500,0.0,0.0,0.0
2011-09-02 00:00:00-04:00,53.48407145037347,53.95387093465277,52.59307647728798,52.844173431396484,471700,0.0,0.0,0.0
2011-09-06 00:00:00-04:00,50.77869158092435,52.64168335718035,50.77869158092435,52.56878662109375,375800,0.0,0.0,0.0
2011-09-07 00:00:00-04:00,53.467880894439226,54.69907309018702,53.32208124943635,54.65857696533203,369200,0.0,0.0,0.0
2011-09-08 00:00:00-04:00,54.277867727326104,54.95826182769899,53.516469032332985,53.72706985473633,361000,0.0,0.0,0.0
2011-09-09 00:00:00-04:00,53.192465349355366,53.4192633664239,51.72637375346059,52.179969787597656,525000,0.0,0.0,0.0
2011-09-12 00:00:00-04:00,51.43478325515487,52.67407704403339,51.3456831362357,52.576881408691406,736500,0.0,0.0,0.0
2011-09-13 00:00:00-04:00,52.90895864878011,53.67845267030252,52.43106379283662,53.50835418701172,780500,0.0,0.0,0.0
2011-09-14 00:00:00-04:00,53.98627590936734,55.10406901921842,52.917080619140805,54.399375915527344,462500,0.0,0.0,0.0
2011-09-15 00:00:00-04:00,54.94206715990136,55.22556471484644,54.1644712178592,55.16886520385742,327800,0.0,0.0,0.0
2011-09-16 00:00:00-04:00,55.33896040859442,55.630559641795585,54.8043659342475,55.26606369018555,232200,0.0,0.0,0.0
2011-09-19 00:00:00-04:00,54.1563637782265,54.90155903784172,53.6784626536198,54.42366409301758,583000,0.0,0.0,0.0
2011-09-20 00:00:00-04:00,54.64236171428639,55.16075896629794,53.59746551513672,53.59746551513672,130700,0.0,0.0,0.0
2011-09-21 00:00:00-04:00,53.58127417153249,53.83237112990549,51.588680267333984,51.588680267333984,548000,0.0,0.0,0.0
2011-09-22 00:00:00-04:00,49.86339259246604,50.875888358387606,49.04529428326198,49.87959289550781,1026800,0.0,0.0,0.0
2011-09-23 00:00:00-04:00,49.88769007445296,50.68148636143247,49.56369020267318,50.44658660888672,392200,0.0,0.0,0.0
2011-09-26 00:00:00-04:00,50.87588598113153,51.44288111164037,49.766188448811725,51.394283294677734,318600,0.0,0.0,0.0
2011-09-27 00:00:00-04:00,52.56068614048474,53.613684337862054,52.07468934930463,52.39868927001953,473000,0.0,0.0,0.0
2011-09-28 00:00:00-04:00,52.30149361460263,52.63359527198418,50.42230126833946,50.503299713134766,7427900,0.0,0.0,0.0
2011-09-29 00:00:00-04:00,51.63727443083656,51.80737294621129,49.81478239210115,51.207977294921875,351200,0.0,0.0,0.0
2011-09-30 00:00:00-04:00,50.34128733160555,51.029783170167015,49.701389309008825,49.70948791503906,292300,0.0,0.0,0.0
2011-10-03 00:00:00-04:00,49.19109319562454,50.04158900848319,47.13370108802572,47.222801208496094,1094300,0.0,0.0,0.0
2011-10-04 00:00:00-04:00,46.688198218402555,49.78238463121886,46.37230007472158,49.717586517333984,957600,0.0,0.0,0.0
2011-10-05 00:00:00-04:00,49.766181387639136,50.90827627258841,49.166785737607164,50.624778747558594,620900,0.0,0.0,0.0
2011-10-06 00:00:00-04:00,50.535678631286636,51.96127413083841,50.21168190130943,51.8964729309082,629600,0.0,0.0,0.0
2011-10-07 00:00:00-04:00,52.1313692472372,52.19617044294285,50.527576732215365,50.73817443847656,485500,0.0,0.0,0.0
2011-10-10 00:00:00-04:00,51.80737883145822,52.844173431396484,51.734479018031834,52.844173431396484,338400,0.0,0.0,0.0
2011-10-11 00:00:00-04:00,52.43917233875407,53.31397005289705,52.24477490664995,53.07096862792969,301400,0.0,0.0,0.0
2011-10-12 00:00:00-04:00,53.58128378081033,54.39128049350653,53.459783037949,53.783782958984375,337500,0.0,0.0,0.0
2011-10-13 00:00:00-04:00,53.524566202819834,54.02676004022575,52.81986707576593,53.73516082763672,284600,0.0,0.0,0.0
2011-10-14 00:00:00-04:00,54.439871073542854,54.89346719475431,53.87287592202853,54.788169860839844,272300,0.0,0.0,0.0
2011-10-17 00:00:00-04:00,54.40746681868753,54.41556851453255,53.02237345878559,53.208675384521484,194600,0.0,0.0,0.0
2011-10-18 00:00:00-04:00,53.37069048830448,54.99878584249021,52.44729459901356,54.58568572998047,213400,0.0,0.0,0.0
2011-10-19 00:00:00-04:00,54.39937737208827,54.852973513485985,53.42737769508523,53.573177337646484,124200,0.0,0.0,0.0
2011-10-20 00:00:00-04:00,53.73515515491415,53.91335534154879,52.528262317863806,53.8647575378418,163200,0.0,0.0,0.0
2011-10-21 00:00:00-04:00,54.60997223182812,55.039269464197915,54.23737451732256,54.942073822021484,193600,0.0,0.0,0.0
2011-10-24 00:00:00-04:00,55.306560689013715,56.90225480175709,55.17696446095948,56.78075408935547,249700,0.0,0.0,0.0
2011-10-25 00:00:00-04:00,56.44868119854835,56.44868119854835,55.20938703437735,55.282283782958984,237900,0.0,0.0,0.0
2011-10-26 00:00:00-04:00,56.229975240378664,56.48107844557534,54.707183511770374,56.18137741088867,989200,0.0,0.0,0.0
2011-10-27 00:00:00-04:00,58.28736225564334,59.42946057805544,57.65556581336619,58.992061614990234,733100,0.0,0.0,0.0
2011-10-28 00:00:00-04:00,58.80574870693584,59.34844491609829,58.56275344809965,58.81385040283203,424100,0.0,0.0,0.0
2011-10-31 00:00:00-04:00,57.87424604081328,58.352147177638415,57.3072509765625,57.3072509765625,310600,0.0,0.0,0.0
2011-11-01 00:00:00-04:00,55.071669570861935,56.440565863719016,54.90967271551796,55.428070068359375,382900,0.0,0.0,0.0
2011-11-02 00:00:00-04:00,56.22995501457705,56.772651181291984,55.70345605860434,56.65925216674805,198200,0.0,0.0,0.0
2011-11-03 00:00:00-04:00,57.44496221575099,58.19015766721908,56.09226926323701,58.052459716796875,188100,0.0,0.0,0.0
2011-11-04 00:00:00-04:00,57.404463027342224,57.95526097942678,56.926561805197295,57.78515625,199900,0.0,0.0,0.0
2011-11-07 00:00:00-05:00,57.744657277421894,58.01195763357919,56.6187625188262,57.687957763671875,146900,0.0,0.0,0.0
2011-11-08 00:00:00-05:00,58.279249209441886,58.497951738278466,56.97515427159874,58.408851623535156,247000,0.0,0.0,0.0
2011-11-09 00:00:00-05:00,56.764554582076364,57.19385172605132,55.76015450131617,55.8492546081543,295800,0.0,0.0,0.0
2011-11-10 00:00:00-05:00,56.659246341127485,56.715945842569695,55.654852524244625,56.205650329589844,161200,0.0,0.0,0.0
2011-11-11 00:00:00-05:00,56.950870862714886,57.80947164028738,56.83747180941407,57.63127136230469,295400,0.0,0.0,0.0
2011-11-14 00:00:00-05:00,57.42065954822499,57.55026197293306,56.57016063048361,56.8698616027832,128200,0.0,0.0,0.0
2011-11-15 00:00:00-05:00,56.51349183330828,57.73658911724113,56.246197501677926,57.4611930847168,159500,0.0,0.0,0.0
2011-11-16 00:00:00-05:00,56.79695816958986,57.833752725739444,56.497257232666016,56.497257232666016,141800,0.0,0.0,0.0
2011-11-17 00:00:00-05:00,56.52156064986595,56.72405979589143,55.298464077532685,55.63056564331055,265000,0.0,0.0,0.0
2011-11-18 00:00:00-05:00,55.90594711662486,55.922150504812365,55.21745143342202,55.56575012207031,226600,0.0,0.0,0.0
2011-11-21 00:00:00-05:00,54.52087046458872,54.77197361881104,53.937671909959015,54.399375915527344,273200,0.0,0.0,0.0
2011-11-22 00:00:00-05:00,54.29406880915238,54.658570971581,53.702774776880446,54.018672943115234,338900,0.0,0.0,0.0
2011-11-23 00:00:00-05:00,53.475961466830434,53.540762664229554,52.3419714112575,52.422969818115234,260700,0.0,0.0,0.0
2011-11-25 00:00:00-05:00,52.14757057559342,52.82797082468563,51.920772552490234,51.920772552490234,91500,0.0,0.0,0.0
2011-11-28 00:00:00-05:00,53.799970178449534,54.33457087580026,53.57317212979772,54.10777282714844,284600,0.0,0.0,0.0
2011-11-29 00:00:00-05:00,54.21307253347804,54.472271197561334,53.7675719328113,54.09157180786133,150200,0.0,0.0,0.0
2011-11-30 00:00:00-05:00,56.24615588767079,57.05615234375,55.76015307019724,57.05615234375,265400,0.0,0.0,0.0
2011-12-01 00:00:00-05:00,56.796961536508555,57.33965775357299,56.56206179036498,56.67546081542969,238700,0.0,0.0,0.0
2011-12-02 00:00:00-05:00,57.4206557041768,57.712254960464975,56.75645877147226,56.853660583496094,181100,0.0,0.0,0.0
2011-12-05 00:00:00-05:00,58.003862648350115,58.23876242671588,57.30726501037833,57.75276565551758,275900,0.0,0.0,0.0
2011-12-06 00:00:00-05:00,57.83375595048336,58.03625509164067,57.21815683102581,57.6717529296875,272100,0.0,0.0,0.0
2011-12-07 00:00:00-05:00,57.23436260298164,57.88235617376061,56.50536442854463,57.60696029663086,191200,0.0,0.0,0.0
2011-12-08 00:00:00-05:00,57.06424594657609,57.23435063486094,55.80875518959583,55.93025588989258,209300,0.0,0.0,0.0
2011-12-09 00:00:00-05:00,56.067957619238676,57.69605228264996,56.03555701830013,57.493553161621094,1524000,0.0,0.0,0.0
2011-12-12 00:00:00-05:00,56.675450310074474,56.70785090834196,55.93835060399922,56.594451904296875,188300,0.0,0.0,0.0
2011-12-13 00:00:00-05:00,57.056150807428054,57.299146029839285,55.16885763243387,55.476654052734375,262500,0.0,0.0,0.0
2011-12-14 00:00:00-05:00,54.877281957963866,55.27417865064107,54.38318342676397,54.609981536865234,190100,0.0,0.0,0.0
2011-12-15 00:00:00-05:00,55.34707546956704,55.37137438157123,54.69907564379504,55.152671813964844,220400,0.0,0.0,0.0
2011-12-16 00:00:00-05:00,55.59004809097113,56.27854994239295,55.217450506081036,55.64674758911133,241800,0.0,0.0,0.0
2011-12-19 00:00:00-05:00,55.99504251899591,56.19754159589348,54.51275397273953,54.57754898071289,172000,0.0,0.0,0.0
2011-12-20 00:00:00-05:00,55.76825188065123,56.74834680024069,55.68725347518921,56.69974899291992,271700,0.0,0.0,0.0
2011-12-21 00:00:00-05:00,56.48105460507546,57.10474914614899,55.88975448346497,56.86174774169922,152500,0.0,0.0,0.0
2011-12-22 00:00:00-05:00,57.22627064178269,57.606970096517635,57.11287159311075,57.388267517089844,859400,0.0,0.0,0.0
2011-12-23 00:00:00-05:00,57.51959250855736,57.70018877830679,57.24049373739931,57.64272689819336,583800,0.94,0.0,0.0
2011-12-27 00:00:00-05:00,57.46212910604197,58.04495852114396,57.29795409946044,57.79048538208008,337000,0.0,0.0,0.0
2011-12-28 00:00:00-05:00,57.815107386359244,57.815107386359244,56.682284880984675,56.7725830078125,317800,0.0,0.0,0.0
2011-12-29 00:00:00-05:00,57.018856326319344,57.55243455989958,56.920347552113874,57.4046745300293,167700,0.0,0.0,0.0
2011-12-30 00:00:00-05:00,57.41287390672469,57.67555765690793,57.16660515092026,57.19123077392578,340400,0.0,0.0,0.0
2012-01-03 00:00:00-05:00,58.46360118639185,58.70986364679871,57.80688876622596,58.00390625,365900,0.0,0.0,0.0
2012-01-04 00:00:00-05:00,57.68376467181104,57.90540781478901,57.29795278888164,57.72481155395508,271700,0.0,0.0,0.0
2012-01-05 00:00:00-05:00,57.1748163599405,58.32406012723635,56.846460103159586,58.1024169921875,537700,0.0,0.0,0.0
2012-01-06 00:00:00-05:00,58.118829984097964,58.41434994688523,57.60166691778335,58.00390625,242400,0.0,0.0,0.0
2012-01-09 00:00:00-05:00,58.29123481977363,58.37332233366257,57.7166096967993,58.26660919189453,206300,0.0,0.0,0.0
2012-01-10 00:00:00-05:00,58.9561541683088,59.16137609262941,58.80018350170479,59.00540542602539,1137400,0.0,0.0,0.0
2012-01-11 00:00:00-05:00,58.808397582864906,59.35839086922471,58.7345206919553,59.292724609375,265400,0.0,0.0,0.0
2012-01-12 00:00:00-05:00,59.44867426197691,59.514346768397544,58.8001723525418,59.46509552001953,212000,0.0,0.0,0.0
2012-01-13 00:00:00-05:00,58.95614440572744,59.16957692528377,58.512864371052785,59.05465316772461,278700,0.0,0.0,0.0
2012-01-17 00:00:00-05:00,59.61285801718751,59.793448023072465,58.9725604471629,59.06285858154297,448200,0.0,0.0,0.0
2012-01-18 00:00:00-05:00,59.062864340004,60.171067685828724,58.97256619682012,60.16285705566406,210300,0.0,0.0,0.0
2012-01-19 00:00:00-05:00,60.409106709971425,60.70462670410934,60.17925921739182,60.57328796386719,370800,0.0,0.0,0.0
2012-01-20 00:00:00-05:00,60.48299189921144,60.74567565151381,60.38448314352005,60.59791564941406,456800,0.0,0.0,0.0
2012-01-23 00:00:00-05:00,60.58971962327976,61.06583599622362,60.105398882540314,60.565093994140625,401700,0.0,0.0,0.0
2012-01-24 00:00:00-05:00,60.203900711582705,60.967326520558615,59.92480190069152,60.86882400512695,334100,0.0,0.0,0.0
2012-01-25 00:00:00-05:00,60.83598298736064,61.607619366560456,60.58150982523117,61.4516487121582,344200,0.0,0.0,0.0
2012-01-26 00:00:00-05:00,61.853887000928424,61.91955952008081,60.950911782649584,61.254642486572266,387200,0.0,0.0,0.0
2012-01-27 00:00:00-05:00,61.032970322934354,61.77177015544117,61.032970322934354,61.72251892089844,362000,0.0,0.0,0.0
2012-01-30 00:00:00-05:00,61.14793478991699,61.517338083750055,60.81137402482714,61.30390548706055,427500,0.0,0.0,0.0
2012-01-31 00:00:00-05:00,61.61581005433712,61.81282755180307,60.86880573078663,61.16432571411133,653400,0.0,0.0,0.0
2012-02-01 00:00:00-05:00,61.771814645027554,62.58449191465871,61.60763956972672,62.444942474365234,700800,0.0,0.0,0.0
2012-02-02 00:00:00-05:00,62.641934754001284,62.99491669506791,62.4695490985328,62.70760726928711,359400,0.0,0.0,0.0
2012-02-03 00:00:00-05:00,63.65161244745774,64.13593302782174,63.52026745170703,63.99638366699219,544000,0.0,0.0,0.0
2012-02-06 00:00:00-05:00,63.73373506516873,63.96358267153871,63.57776436247014,63.81582260131836,611900,0.0,0.0,0.0
2012-02-07 00:00:00-05:00,63.73373923531391,64.04567439824368,63.421804072384155,63.79941177368164,501300,0.0,0.0,0.0
2012-02-08 00:00:00-05:00,63.89788678263215,64.24266432904764,63.35610423176542,63.906097412109375,377000,0.0,0.0,0.0
2012-02-09 00:00:00-05:00,64.07027534097006,64.0784797071435,63.290428416121074,63.75012969970703,381500,0.0,0.0,0.0
2012-02-10 00:00:00-05:00,63.11804211478625,63.26580212171751,62.797896476914325,62.978492736816406,268800,0.0,0.0,0.0
2012-02-13 00:00:00-05:00,63.6598540663825,63.84044412914365,63.28224015120578,63.76656723022461,256800,0.0,0.0,0.0
2012-02-14 00:00:00-05:00,63.471031491533736,63.594165888978324,63.07700267228616,63.52028274536133,319600,0.0,0.0,0.0
2012-02-15 00:00:00-05:00,63.88968844344213,63.8978928108181,62.929251378882185,63.12626266479492,395100,0.0,0.0,0.0
2012-02-16 00:00:00-05:00,63.14268635954461,64.3001411323182,63.14268635954461,64.25909423828125,378300,0.0,0.0,0.0
2012-02-17 00:00:00-05:00,64.57924977275803,64.59567103801602,64.11134391894832,64.21806335449219,273400,0.0,0.0,0.0
2012-02-21 00:00:00-05:00,64.37400308630689,64.43146496689693,63.57774112464834,63.906097412109375,345700,0.0,0.0,0.0
2012-02-22 00:00:00-05:00,63.73374356728583,63.980012471464676,63.372550844591075,63.446434020996094,627300,0.0,0.0,0.0
2012-02-23 00:00:00-05:00,63.544917686943805,64.26729658356894,63.20835073528975,64.22624969482422,328600,0.0,0.0,0.0
2012-02-24 00:00:00-05:00,64.29191883473881,64.4396788584324,64.03744567394034,64.13594818115234,226000,0.0,0.0,0.0
2012-02-27 00:00:00-05:00,63.56955306455273,64.3740195991705,63.15089853407711,64.11133575439453,321100,0.0,0.0,0.0
2012-02-28 00:00:00-05:00,64.15236368973628,64.45608807691212,63.62699615545235,63.97176742553711,527300,0.0,0.0,0.0
2012-02-29 00:00:00-05:00,64.10312032578773,64.43147667290503,63.16730880737305,63.16730880737305,553400,0.0,0.0,0.0
2012-03-01 00:00:00-05:00,63.47922820051439,64.11951941136013,63.42176632935834,63.585941314697266,719000,0.0,0.0,0.0
2012-03-02 00:00:00-05:00,63.51208831206935,63.69267835864135,62.494182979336685,62.74045181274414,318600,0.0,0.0,0.0
2012-03-05 00:00:00-05:00,62.55985214918925,62.70761218873634,62.12478266132176,62.650150299072266,373500,0.0,0.0,0.0
2012-03-06 00:00:00-05:00,61.919563215461565,62.034486999398865,61.15613735766293,61.394195556640625,462400,0.0,0.0,0.0
2012-03-07 00:00:00-05:00,61.60759124017062,62.05086484832176,61.45162065697534,62.00161361694336,185300,0.0,0.0,0.0
2012-03-08 00:00:00-05:00,62.42030433679188,62.90462509593597,61.96881357583008,62.76507568359375,216700,0.0,0.0,0.0
2012-03-09 00:00:00-05:00,62.78966956379152,63.938913068220714,62.76504394616864,63.577720642089844,306400,0.0,0.0,0.0
2012-03-12 00:00:00-04:00,63.717302851984684,63.7993903659611,63.15909898891879,63.388946533203125,185400,0.0,0.0,0.0
2012-03-13 00:00:00-04:00,63.82402835147828,64.66133117675781,63.65164265988771,64.66133117675781,353600,0.0,0.0,0.0
2012-03-14 00:00:00-04:00,64.6284906311764,64.75982940496581,63.930731083924144,64.15237426757812,263700,0.0,0.0,0.0
2012-03-15 00:00:00-04:00,64.16880922525583,64.77627081446884,63.947172235538325,64.75984954833984,281200,0.0,0.0,0.0
2012-03-16 00:00:00-04:00,64.89116272205285,64.89116272205285,64.47250832188722,64.69414520263672,234800,0.0,0.0,0.0
2012-03-19 00:00:00-04:00,64.55460576409692,65.57250471965695,64.49714387780425,65.10459899902344,635500,0.0,0.0,0.0
2012-03-20 00:00:00-04:00,64.67773450800472,64.75161138554179,64.2672907095756,64.5381851196289,323300,0.0,0.0,0.0
2012-03-21 00:00:00-04:00,64.6777261978179,64.85011181946395,64.28369744628802,64.50534057617188,253100,0.0,0.0,0.0
2012-03-22 00:00:00-04:00,63.87229876747614,64.11041452658917,63.46996826764624,63.86408615112305,289000,0.019,0.0,0.0
2012-03-23 00:00:00-04:00,63.92156896212173,64.43885735457506,63.371442629428614,64.3731689453125,230600,0.0,0.0,0.0
2012-03-26 00:00:00-04:00,65.13678565922902,65.60480465696787,65.03825303598165,65.57196044921875,297100,0.0,0.0,0.0
2012-03-27 00:00:00-04:00,65.63765045202037,65.76902102180168,65.17783779680516,65.18605041503906,287800,0.0,0.0,0.0
2012-03-28 00:00:00-04:00,65.26814847157962,65.37489370018032,64.33211058730893,64.89044952392578,307400,0.0,0.0,0.0
2012-03-29 00:00:00-04:00,64.44704172179688,64.8411657785282,63.94617873472072,64.65231323242188,247500,0.0,0.0,0.0
2012-03-30 00:00:00-04:00,65.04647618913195,65.16964042204118,64.36497286284161,64.63593292236328,228100,0.0,0.0,0.0
2012-04-02 00:00:00-04:00,64.42241032507488,65.3995047230187,64.32387774451597,65.251708984375,833000,0.0,0.0,0.0
2012-04-03 00:00:00-04:00,65.1614185144991,65.39132170881602,64.66876791747825,65.02183532714844,279900,0.0,0.0,0.0
2012-04-04 00:00:00-04:00,64.31568311441077,64.50452943107466,63.66702426907155,64.01187896728516,295300,0.0,0.0,0.0
2012-04-05 00:00:00-04:00,63.749134490592,64.08578285229885,63.63418291937278,63.757347106933594,202100,0.0,0.0,0.0
2012-04-09 00:00:00-04:00,62.632455207747185,63.02657934557912,62.48465943910904,62.7884635925293,245800,0.0,0.0,0.0
2012-04-10 00:00:00-04:00,62.59958757896234,62.73096433053398,61.2037440476494,61.302276611328125,663600,0.0,0.0,0.0
2012-04-11 00:00:00-04:00,61.87703400277176,62.221888577751166,61.72923829001083,62.074092864990234,292300,0.0,0.0,0.0
2012-04-12 00:00:00-04:00,62.13981002076507,63.33038262292052,62.13981002076507,63.133323669433594,248100,0.0,0.0,0.0
2012-04-13 00:00:00-04:00,62.94444233328157,62.94444233328157,62.279358555439444,62.36967849731445,228000,0.0,0.0,0.0
2012-04-16 00:00:00-04:00,62.6406808941116,62.780264075730344,61.84422610051103,62.377933502197266,180200,0.0,0.0,0.0
2012-04-17 00:00:00-04:00,62.94446318644948,63.78196824883874,62.77202959346162,63.36321258544922,247200,0.0,0.0,0.0
2012-04-18 00:00:00-04:00,63.04302210416156,63.19081792857374,62.714586242757484,62.936283111572266,263900,0.0,0.0,0.0
2012-04-19 00:00:00-04:00,62.95268887528165,63.54387204887283,62.304029907835314,62.66530990600586,340900,0.0,0.0,0.0
2012-04-20 00:00:00-04:00,62.99372482299805,63.52743202586883,62.96088062819481,62.99372482299805,266100,0.0,0.0,0.0
2012-04-23 00:00:00-04:00,62.07411999479015,62.287604176390985,61.5732568751061,62.21370315551758,363500,0.0,0.0,0.0
2012-04-24 00:00:00-04:00,62.22191798136703,62.72278111883448,62.024859026026284,62.49287796020508,279200,0.0,0.0,0.0
2012-04-25 00:00:00-04:00,63.33038947394853,63.773776865552776,63.18259367674712,63.560298919677734,235800,0.0,0.0,0.0
2012-04-26 00:00:00-04:00,63.502784975375086,64.22534462751646,63.46994704972204,64.10218048095703,248900,0.0,0.0,0.0
2012-04-27 00:00:00-04:00,64.36497286284161,64.71804032283839,63.71631374961992,64.63593292236328,307100,0.0,0.0,0.0
2012-04-30 00:00:00-04:00,64.5455782026002,64.61126659342322,63.89691943809967,63.979026794433594,269700,0.0,0.0,0.0
2012-05-01 00:00:00-04:00,64.03652969384932,65.08751933461981,63.87231491162607,64.11863708496094,383000,0.0,0.0,0.0
2012-05-02 00:00:00-04:00,63.68343369618625,64.33209244434963,63.43711163338837,64.28282928466797,267400,0.0,0.0,0.0
2012-05-03 00:00:00-04:00,64.19251129723126,64.2910438840258,63.08404631944939,63.36321258544922,295900,0.0,0.0,0.0
2012-05-04 00:00:00-04:00,62.96910419381462,62.97731054565036,62.12338638982054,62.254756927490234,489600,0.0,0.0,0.0
2012-05-07 00:00:00-04:00,62.04126653330181,62.5667611600524,61.91810862421189,62.38612747192383,276800,0.0,0.0,0.0
2012-05-08 00:00:00-04:00,61.91811879928066,62.25476091343066,61.21198410397156,62.20549774169922,346900,0.0,0.0,0.0
2012-05-09 00:00:00-04:00,61.458289467735966,62.18905554963553,61.17091060368379,61.885257720947266,410400,0.0,0.0,0.0
2012-05-10 00:00:00-04:00,62.35331183029256,62.41078763565308,61.77854751229438,62.05772018432617,208400,0.0,0.0,0.0
2012-05-11 00:00:00-04:00,61.60608582400413,62.46822868918444,61.58145424460861,61.97557830810547,314300,0.0,0.0,0.0
2012-05-14 00:00:00-04:00,61.34335301287411,61.62252559548074,60.96565408943416,61.15450668334961,279600,0.0,0.0,0.0
2012-05-15 00:00:00-04:00,61.129882931582706,61.597901951648836,60.80145336720763,60.973880767822266,350900,0.0,0.0,0.0
2012-05-16 00:00:00-04:00,61.236583596863305,61.5239623886719,60.50581769866953,60.56329345703125,343600,0.0,0.0,0.0
2012-05-17 00:00:00-04:00,60.612585944390894,60.612585944390894,59.027889251708984,59.027889251708984,612500,0.0,0.0,0.0
2012-05-18 00:00:00-04:00,59.14282313582418,59.41378301725313,58.313524527991184,58.485958099365234,453900,0.0,0.0,0.0
2012-05-21 00:00:00-04:00,58.65839542444305,59.79970464968567,58.26427132374521,59.78327941894531,429200,0.0,0.0,0.0
2012-05-22 00:00:00-04:00,59.85719180498377,60.30057915339299,59.29064026017346,59.676551818847656,276400,0.0,0.0,0.0
2012-05-23 00:00:00-04:00,59.0853701876686,60.12815331069489,58.633776475254706,60.02140808105469,342000,0.0,0.0,0.0
2012-05-24 00:00:00-04:00,60.02142381472497,60.2349080655755,59.38918994585881,60.136375427246094,574600,0.0,0.0,0.0
2012-05-25 00:00:00-04:00,60.16098463443187,60.39089403831636,59.89003094253748,60.11993408203125,205700,0.0,0.0,0.0
2012-05-29 00:00:00-04:00,60.75215265951526,61.146276704108445,60.32519068689606,60.95742416381836,669900,0.0,0.0,0.0
2012-05-30 00:00:00-04:00,60.44014048593002,60.44014048593002,59.72579341636664,59.83253860473633,177200,0.0,0.0,0.0
2012-05-31 00:00:00-04:00,59.79971601524876,59.9885623539247,58.863678145626395,59.676551818847656,288400,0.0,0.0,0.0
2012-06-01 00:00:00-04:00,58.29711617113159,58.72407820929273,57.779834156061156,57.820884704589844,692300,0.0,0.0,0.0
2012-06-04 00:00:00-04:00,57.96046756063099,58.190376941700265,57.008010896618664,57.63203811645508,531200,0.0,0.0,0.0
2012-06-05 00:00:00-04:00,57.336450484079485,58.37922719510258,57.23791788552678,58.36280822753906,255000,0.0,0.0,0.0
2012-06-06 00:00:00-04:00,58.83903154319023,59.8325449489977,58.78976211856886,59.80790710449219,264500,0.0,0.0,0.0
2012-06-07 00:00:00-04:00,60.75217614982882,61.02313614373115,59.44665188457656,59.454864501953125,612700,0.0,0.0,0.0
2012-06-08 00:00:00-04:00,59.29886992682177,60.218482826990744,58.96222144415774,60.136375427246094,371600,0.0,0.0,0.0
2012-06-11 00:00:00-04:00,60.84246805024674,60.84246805024674,58.78975316147736,58.87186050415039,426800,0.0,0.0,0.0
2012-06-12 00:00:00-04:00,59.05253136836043,59.63550195060152,58.56809340760492,59.610870361328125,331400,0.0,0.0,0.0
2012-06-13 00:00:00-04:00,59.46305993373546,59.816127243383036,58.683030564797775,58.945777893066406,347900,0.0,0.0,0.0
2012-06-14 00:00:00-04:00,58.99504483581378,59.74223631788784,58.789773276702114,59.56980895996094,399800,0.0,0.0,0.0
2012-06-15 00:00:00-04:00,59.61907947146491,60.32521422291881,59.47128368012824,60.243106842041016,196900,0.0,0.0,0.0
2012-06-18 00:00:00-04:00,59.824309682401804,60.59613231053546,59.660095034214216,60.45654296875,299700,0.0,0.0,0.0
2012-06-19 00:00:00-04:00,60.76858802136341,61.76210151613672,60.67005542768705,61.425453186035156,275200,0.0,0.0,0.0
2012-06-20 00:00:00-04:00,61.48294484227629,61.8031680239242,60.973875304472855,61.38441848754883,554900,0.0,0.0,0.0
2012-06-21 00:00:00-04:00,61.318741682026285,61.40084908130549,59.7833076314938,59.865421295166016,291300,0.0,0.0,0.0
2012-06-22 00:00:00-04:00,60.193834178596404,60.604377325392214,59.881823642212446,60.46479415893555,336100,0.0,0.0,0.0
2012-06-25 00:00:00-04:00,59.61086995487383,59.742246782625486,59.24959620734063,59.47128677368164,306000,0.0,0.0,0.0
2012-06-26 00:00:00-04:00,59.64370448623496,60.029616024661834,59.1592666073695,59.74223709106445,268300,0.0,0.0,0.0
2012-06-27 00:00:00-04:00,59.840748058626154,60.64541513037362,59.840748058626154,60.57151412963867,267200,0.0,0.0,0.0
2012-06-28 00:00:00-04:00,60.11994059621556,60.6946985072268,59.758660615356256,60.64543533325195,336100,0.0,0.0,0.0
2012-06-29 00:00:00-04:00,61.98378301808498,62.48464600050502,61.630715772516574,62.43538284301758,212700,0.0,0.0,0.0
2012-07-02 00:00:00-04:00,62.71457069100674,63.084063292608164,62.156231744392755,63.034793853759766,522300,0.0,0.0,0.0
2012-07-03 00:00:00-04:00,63.116882663812476,63.84764869789855,63.07582585832445,63.82301712036133,363100,0.0,0.0,0.0
2012-07-05 00:00:00-04:00,63.86408589287945,64.04472586557205,63.428911193787705,63.806610107421875,459600,0.0,0.0,0.0
2012-07-06 00:00:00-04:00,63.22364383369569,63.297538592307816,62.80488807505336,63.08406066894531,164100,0.0,0.0,0.0
2012-07-09 00:00:00-04:00,62.96908506408122,63.10866817557263,62.616017846292536,62.87876510620117,220000,0.0,0.0,0.0
2012-07-10 00:00:00-04:00,63.27288602163141,63.40426279033675,61.90167388631223,62.13978958129883,187800,0.0,0.0,0.0
2012-07-11 00:00:00-04:00,62.17263607517268,62.3286444276886,61.540396315052966,61.901676177978516,157400,0.0,0.0,0.0
2012-07-12 00:00:00-04:00,61.47471001051663,61.95914773522005,60.842470293408354,61.737457275390625,170600,0.0,0.0,0.0
2012-07-13 00:00:00-04:00,61.950950697853386,62.714561107201135,61.950950697853386,62.55034637451172,525500,0.0,0.0,0.0
2012-07-16 00:00:00-04:00,62.476420936806115,62.599585070371816,62.033040078990474,62.31220626831055,261500,0.0,0.0,0.0
2012-07-17 00:00:00-04:00,62.67351862768397,62.780257591239504,61.69642392849164,62.55856704711914,270500,0.0,0.0,0.0
2012-07-18 00:00:00-04:00,62.44361276569865,63.22364220927748,62.402555946819334,62.895206451416016,412300,0.0,0.0,0.0
2012-07-19 00:00:00-04:00,63.23186208350414,63.272912642704085,62.64067890437739,62.75563049316406,307600,0.0,0.0,0.0
2012-07-20 00:00:00-04:00,62.320467618030406,62.38615604255471,61.95097492837595,62.05772018432617,170900,0.0,0.0,0.0
2012-07-23 00:00:00-04:00,60.84250863734264,61.35158452453402,60.67008122338899,61.097049713134766,162900,0.0,0.0,0.0
2012-07-24 00:00:00-04:00,61.269437217131056,61.31048775691774,60.029595650819346,60.36623764038086,160700,0.0,0.0,0.0
2012-07-25 00:00:00-04:00,60.67827469128383,60.88354625230686,60.16098634829564,60.41552734375,745200,0.0,0.0,0.0
2012-07-26 00:00:00-04:00,61.4501108957116,61.52401193848767,60.69471281618339,61.097049713134766,183400,0.0,0.0,0.0
2012-07-27 00:00:00-04:00,61.417257345064655,62.72278154663946,61.09703419130513,62.50109100341797,195800,0.0,0.0,0.0
2012-07-30 00:00:00-04:00,62.5010853835686,62.796676924213024,62.024853872042506,62.230125427246094,386600,0.0,0.0,0.0
2012-07-31 00:00:00-04:00,62.057680076691675,62.56674937676311,61.81135177612305,61.81135177612305,208400,0.0,0.0,0.0
2012-08-01 00:00:00-04:00,62.131588999382714,62.262965793530114,60.9820671081543,60.9820671081543,307700,0.0,0.0,0.0
2012-08-02 00:00:00-04:00,60.308775984020436,60.94922845130942,60.25951281899446,60.65363693237305,293000,0.0,0.0,0.0
2012-08-03 00:00:00-04:00,61.66357660991976,62.27939130229124,61.4500924292015,62.02485656738281,265200,0.0,0.0,0.0
2012-08-06 00:00:00-04:00,62.13982165233628,62.731004887848194,62.04128902495351,62.460044860839844,227900,0.0,0.0,0.0
2012-08-07 00:00:00-04:00,62.93624931659246,63.47816287218292,62.79666618637564,63.05120086669922,171200,0.0,0.0,0.0
2012-08-08 00:00:00-04:00,62.79666955946221,63.264688399861825,62.68992435406528,63.042991638183594,143300,0.0,0.0,0.0
2012-08-09 00:00:00-04:00,63.0429897489871,63.46995802899994,63.034777133958826,63.2893180847168,108200,0.0,0.0,0.0
2012-08-10 00:00:00-04:00,63.08406836782146,63.26470837455162,62.82952732906897,63.1908073425293,136200,0.0,0.0,0.0
2012-08-13 00:00:00-04:00,63.11690902709961,63.11690902709961,62.43540586343107,63.11690902709961,71900,0.0,0.0,0.0
2012-08-14 00:00:00-04:00,63.511029103495076,63.54387330983431,62.730999562211665,62.95269012451172,181900,0.0,0.0,0.0
2012-08-15 00:00:00-04:00,62.82130734723899,63.42890938538025,62.796675763372406,63.40427780151367,121900,0.0,0.0,0.0
2012-08-16 00:00:00-04:00,63.37964619971516,64.151462973009,63.17437464836424,64.02830505371094,142600,0.0,0.0,0.0
2012-08-17 00:00:00-04:00,64.13504201897973,64.52095352587033,63.97903364017959,64.43063354492188,163200,0.0,0.0,0.0
2012-08-20 00:00:00-04:00,64.34031625390972,64.40600465450768,63.92977314675837,64.2253646850586,131600,0.0,0.0,0.0
2012-08-21 00:00:00-04:00,64.54559224040581,65.05466798341688,64.05294173086763,64.31568908691406,228700,0.0,0.0,0.0
2012-08-22 00:00:00-04:00,64.1350667465655,64.30749415911357,63.798418276072006,64.07759094238281,305800,0.0,0.0,0.0
2012-08-23 00:00:00-04:00,64.01187364113788,64.01187364113788,63.46996005537684,63.64238739013672,155800,0.0,0.0,0.0
2012-08-24 00:00:00-04:00,63.51923118013401,64.00366904836345,63.33037859112153,63.806610107421875,283300,0.0,0.0,0.0
2012-08-27 00:00:00-04:00,64.12683001014945,64.20893737604604,63.6834427170393,63.89692687988281,125600,0.0,0.0,0.0
2012-08-28 00:00:00-04:00,63.8722747494706,64.29103032454127,63.75732322131606,64.17607879638672,147200,0.0,0.0,0.0
2012-08-29 00:00:00-04:00,64.25820855017047,64.54558747079923,64.02830541366745,64.32389068603516,106200,0.0,0.0,0.0
2012-08-30 00:00:00-04:00,64.02829123369584,64.08576700509276,63.57669141244192,63.77375030517578,107300,0.0,0.0,0.0
2012-08-31 00:00:00-04:00,64.31568311441077,64.31568311441077,63.46996533643385,64.01187896728516,153700,0.0,0.0,0.0
2012-09-04 00:00:00-04:00,63.78198794472031,64.9807732644847,63.658823739291485,64.7837142944336,138400,0.0,0.0,0.0
2012-09-05 00:00:00-04:00,64.77548607446192,65.02181442598659,64.52915772293726,64.7508544921875,177500,0.0,0.0,0.0
2012-09-06 00:00:00-04:00,65.13676065321728,66.16311825988821,65.04644068267906,65.94142150878906,426300,0.0,0.0,0.0
2012-09-07 00:00:00-04:00,66.09745900968984,66.54905906147576,66.03998320895276,66.40946960449219,212900,0.0,0.0,0.0
2012-09-10 00:00:00-04:00,66.38483636712557,66.52441955625522,66.06461316176116,66.11387634277344,388100,0.0,0.0,0.0
2012-09-11 00:00:00-04:00,66.1549416090869,66.58190384924177,66.08925318309596,66.26168060302734,148400,0.0,0.0,0.0
2012-09-12 00:00:00-04:00,66.5490486903492,66.67220662674089,66.16313711794467,66.61473083496094,167400,0.0,0.0,0.0
2012-09-13 00:00:00-04:00,66.64755991238422,67.72318700640314,66.32733682166433,67.3454818725586,306700,0.0,0.0,0.0
2012-09-14 00:00:00-04:00,67.61646972543538,68.47861302690863,67.54257494985389,68.10091400146484,288300,0.0,0.0,0.0
2012-09-17 00:00:00-04:00,67.84634632607083,67.97772311699119,67.41117166882995,67.60823059082031,218000,0.0,0.0,0.0
2012-09-18 00:00:00-04:00,67.41118214872871,67.50971475723709,67.12380320440155,67.35370635986328,132900,0.0,0.0,0.0
2012-09-19 00:00:00-04:00,67.54253991216665,67.60001568482315,67.17304743275547,67.32905578613281,223700,0.0,0.0,0.0
2012-09-20 00:00:00-04:00,66.92673459539141,67.10737455273127,66.59008626318709,67.02526092529297,145400,0.0,0.0,0.0
2012-09-21 00:00:00-04:00,67.50150486424636,67.60824382947753,67.12380591297676,67.1484375,129500,0.0,0.0,0.0
2012-09-24 00:00:00-04:00,66.81178995478562,67.2059078439961,66.64756894728883,66.82820892333984,206700,0.0,0.0,0.0
2012-09-25 00:00:00-04:00,67.22235933462017,67.22235933462017,65.80187682077604,65.84293365478516,433700,0.0,0.0,0.0
2012-09-26 00:00:00-04:00,65.87577100097273,65.90860894748434,65.14499827103907,65.44058990478516,307000,0.0,0.0,0.0
2012-09-27 00:00:00-04:00,65.7279485734357,66.34376318368878,65.44056341047212,66.14669799804688,136900,0.0,0.0,0.0
2012-09-28 00:00:00-04:00,65.9250211951534,66.13029277456376,65.56374121078593,65.8018569946289,158900,0.0,0.0,0.0
2012-10-01 00:00:00-04:00,66.03173738716754,66.49975617622954,65.555505983732,65.88394165039062,159700,0.0,0.0,0.0
2012-10-02 00:00:00-04:00,66.29451298013707,66.29451298013707,65.71154239843261,65.99071502685547,163900,0.0,0.0,0.0
2012-10-03 00:00:00-04:00,66.13848328356644,66.3437547943604,65.6047761026243,65.94963073730469,122400,0.0,0.0,0.0
2012-10-04 00:00:00-04:00,66.23701583388667,66.4669189453125,65.76899699580126,66.4669189453125,215300,0.0,0.0,0.0
2012-10-05 00:00:00-04:00,66.73788294749338,67.20590181418379,66.22881353090504,66.39302825927734,204400,0.0,0.0,0.0
2012-10-08 00:00:00-04:00,66.07281442905155,66.26166076675054,65.95786285017618,66.0892333984375,206300,0.0,0.0,0.0
2012-10-09 00:00:00-04:00,66.02356256703001,66.13030154730228,65.22710773095882,65.3010025024414,170300,0.0,0.0,0.0
2012-10-10 00:00:00-04:00,65.31740736333627,65.47340947593224,64.94791482800929,65.14497375488281,182600,0.0,0.0,0.0
2012-10-11 00:00:00-04:00,65.6212267150559,65.87576777098559,65.35026668667545,65.3995361328125,140100,0.0,0.0,0.0
2012-10-12 00:00:00-04:00,65.39951845844095,65.58015842854289,64.7590722112728,64.90686798095703,386200,0.0,0.0,0.0
2012-10-15 00:00:00-04:00,65.03823973094089,65.35025024414062,64.63590923100608,65.35025024414062,220200,0.0,0.0,0.0
2012-10-16 00:00:00-04:00,65.66227770230951,65.95786929527031,65.56374508319196,65.90859985351562,227200,0.0,0.0,0.0
2012-10-17 00:00:00-04:00,66.0481963099055,66.5983227301777,65.92503208902856,66.52442169189453,242700,0.0,0.0,0.0
2012-10-18 00:00:00-04:00,66.48332865590176,66.59006757146375,66.16310564482727,66.25342559814453,185100,0.0,0.0,0.0
2012-10-19 00:00:00-04:00,65.71976453018615,65.85113511333844,64.79193903587161,65.0875244140625,498000,0.0,0.0,0.0
2012-10-22 00:00:00-04:00,64.94789583444798,65.144954703693,64.62767282277912,64.98895263671875,183200,0.0,0.0,0.0
2012-10-23 00:00:00-04:00,64.33209017699802,64.78369000612877,63.921547155748016,64.65231323242188,200200,0.0,0.0,0.0
2012-10-24 00:00:00-04:00,64.8986490054481,64.98896898164878,64.29104701823552,64.4388427734375,92500,0.0,0.0,0.0
2012-10-25 00:00:00-04:00,64.93967387424644,65.12031375521647,64.1760700827801,64.64408874511719,162400,0.0,0.0,0.0
2012-10-26 00:00:00-04:00,64.57021669206388,64.95612819895449,63.962614672911876,64.43063354492188,147100,0.0,0.0,0.0
2012-10-31 00:00:00-04:00,64.47988327989862,64.88221367025115,64.22534862173116,64.85758209228516,166200,0.0,0.0,0.0
2012-11-01 00:00:00-04:00,64.94794520565283,65.85113916269053,64.84120620875338,65.82650756835938,209700,0.0,0.0,0.0
2012-11-02 00:00:00-04:00,66.16313182308939,66.20418237713761,64.87402665542442,64.91507720947266,210600,0.0,0.0,0.0
2012-11-05 00:00:00-05:00,64.93149774111991,65.33382822225062,64.66053779357881,65.25993347167969,195700,0.0,0.0,0.0
2012-11-06 00:00:00-05:00,65.54730738612783,65.95785045190934,65.44877479515986,65.83468627929688,230100,0.0,0.0,0.0
2012-11-07 00:00:00-05:00,65.00540659904638,65.10393921891483,64.0201054579293,64.34854125976562,362100,0.0,0.0,0.0
2012-11-08 00:00:00-05:00,64.30748314547586,64.45527894011803,63.48639678955078,63.48639678955078,187800,0.0,0.0,0.0
2012-11-09 00:00:00-05:00,63.18259367674712,64.02010528235242,63.10869891034234,63.560298919677734,313300,0.0,0.0,0.0
2012-11-12 00:00:00-05:00,63.74915542411784,63.75736804315625,63.31398058097514,63.428932189941406,235900,0.0,0.0,0.0
2012-11-13 00:00:00-05:00,63.05118121789407,63.71625873116468,62.97728023620417,63.09223175048828,210500,0.0,0.0,0.0
2012-11-14 00:00:00-05:00,63.256470551788695,63.313946325174754,61.81135733815283,61.97557830810547,269400,0.0,0.0,0.0
2012-11-15 00:00:00-05:00,61.78671597760608,62.12336421442376,61.15448257044523,61.647132873535156,523400,0.0,0.0,0.0
2012-11-16 00:00:00-05:00,61.60612877560512,62.29584480149512,61.170953864509606,62.23836898803711,320800,0.0,0.0,0.0
2012-11-19 00:00:00-05:00,63.043002337852144,63.46997070312499,62.845943388552165,63.469970703125,260300,0.0,0.0,0.0
2012-11-20 00:00:00-05:00,63.437130218800235,63.69166497091358,63.14153864533055,63.6259765625,233300,0.0,0.0,0.0
2012-11-21 00:00:00-05:00,63.79020011803748,63.95441488120457,63.519240120859294,63.93799591064453,134600,0.0,0.0,0.0
2012-11-23 00:00:00-05:00,64.15964485848049,64.65229509287938,64.10216910220709,64.64408874511719,74600,0.0,0.0,0.0
2012-11-26 00:00:00-05:00,64.65231766226266,64.79190705998795,64.26640619354352,64.74263763427734,417500,0.0,0.0,0.0
2012-11-27 00:00:00-05:00,64.75085361736808,65.06286409594573,64.5948452458842,64.60305786132812,604800,0.0,0.0,0.0
2012-11-28 00:00:00-05:00,64.38959174664002,65.07930755615234,63.831252763469806,65.07930755615234,414100,0.0,0.0,0.0
2012-11-29 00:00:00-05:00,65.55549339733966,65.78540270493153,65.2599082449263,65.67865753173828,286800,0.0,0.0,0.0
2012-11-30 00:00:00-05:00,65.78542274803087,65.88394907405768,65.38308603545468,65.67047119140625,278400,0.0,0.0,0.0
2012-12-03 00:00:00-05:00,66.1631241489096,66.1631241489096,65.32561275926302,65.51446533203125,257100,0.0,0.0,0.0
2012-12-04 00:00:00-05:00,65.63764156737888,65.72796156254952,65.11214683059956,65.60479736328125,193400,0.0,0.0,0.0
2012-12-05 00:00:00-05:00,65.79364642710657,65.85112222055636,65.07109270025322,65.53089904785156,258200,0.0,0.0,0.0
2012-12-06 00:00:00-05:00,65.54733324845135,65.8018680450602,65.33384901598353,65.66228485107422,299700,0.0,0.0,0.0
2012-12-07 00:00:00-05:00,65.90857607763718,66.01532127593852,65.4980330426679,65.76078033447266,453200,0.0,0.0,0.0
2012-12-10 00:00:00-05:00,65.85931977051885,66.10564812288601,65.72794924314253,66.08101654052734,356800,0.0,0.0,0.0
2012-12-11 00:00:00-05:00,66.53260448583828,66.72966339227014,66.35196454478002,66.59008026123047,337100,0.0,0.0,0.0
2012-12-12 00:00:00-05:00,66.75430015730508,66.9185148659442,66.21238034289473,66.36017608642578,457100,0.0,0.0,0.0
2012-12-13 00:00:00-05:00,66.45870633925385,66.56544526968653,65.72794026197855,65.94963073730469,302100,0.0,0.0,0.0
2012-12-14 00:00:00-05:00,65.84290262700792,66.15491311950804,65.65405004971151,65.85932159423828,288900,0.0,0.0,0.0
2012-12-17 00:00:00-05:00,66.13847979402183,66.65576171875,65.99068406347249,66.65576171875,397500,0.0,0.0,0.0
2012-12-18 00:00:00-05:00,66.88568139577754,67.64107919966118,66.68862246093627,67.56718444824219,529100,0.0,0.0,0.0
2012-12-19 00:00:00-05:00,67.73960398855674,67.95308813091347,67.46043771842012,67.61643981933594,438100,0.0,0.0,0.0
2012-12-20 00:00:00-05:00,67.68213014984289,68.0187722066716,67.48507123207999,67.994140625,438700,0.0,0.0,0.0
2012-12-21 00:00:00-05:00,67.03346943370666,67.61643981933594,66.88567368351967,67.61643981933594,479300,0.0,0.0,0.0
2012-12-24 00:00:00-05:00,67.47013289141402,67.47013289141402,67.14402916293467,67.3279800415039,181000,1.485,0.0,0.0
2012-12-26 00:00:00-05:00,67.4282873314427,67.49518200520542,66.87642222146825,66.89314270019531,271100,0.0,0.0,0.0
2012-12-27 00:00:00-05:00,66.96838214236924,67.07708756215513,66.01515554405653,66.81787872314453,239900,0.0,0.0,0.0
2012-12-28 00:00:00-05:00,66.52525055944275,66.90988549270956,66.34129333496094,66.34129333496094,462000,0.0,0.0,0.0
2012-12-31 00:00:00-05:00,66.4499907422451,67.75440526010313,66.2660335401003,67.64570617675781,812700,0.0,0.0,0.0
2013-01-02 00:00:00-05:00,69.27621715278384,69.57723683796392,69.04209214862777,69.56051635742188,732800,0.0,0.0,0.0
2013-01-03 00:00:00-05:00,69.66922476754861,69.97860792418147,69.35984161091575,69.51871490478516,448700,0.0,0.0,0.0
2013-01-04 00:00:00-05:00,69.8281035186693,70.17092766766108,69.56053111722596,70.04550170898438,337800,0.0,0.0,0.0
2013-01-07 00:00:00-05:00,69.76955274295665,69.93678305480391,69.64412681935745,69.83644104003906,349100,0.0,0.0,0.0
2013-01-08 00:00:00-05:00,69.84479836813473,69.91169303880102,69.40999576765772,69.70265197753906,254400,0.0,0.0,0.0
2013-01-09 00:00:00-05:00,69.89497954208973,70.07057968101203,69.7695599848997,70.0036849975586,306100,0.0,0.0,0.0
2013-01-10 00:00:00-05:00,70.28799164977191,70.354886346375,69.75284683580601,70.10403442382812,380500,0.0,0.0,0.0
2013-01-11 00:00:00-05:00,70.10403297244294,70.16257061533075,69.76957225521073,70.04550170898438,341300,0.0,0.0,0.0
2013-01-14 00:00:00-05:00,69.94514458580761,70.22108033435103,69.88661334030695,70.13745880126953,219500,0.0,0.0,0.0
2013-01-15 00:00:00-05:00,69.7862888473605,70.57228552376598,69.7444844497525,70.4886703491211,296500,0.0,0.0,0.0
2013-01-16 00:00:00-05:00,70.3465375962397,70.50541093897263,70.15422327765528,70.33818054199219,254000,0.0,0.0,0.0
2013-01-17 00:00:00-05:00,70.6893551729407,71.10743746775621,70.61409704257053,70.97364807128906,332200,0.0,0.0,0.0
2013-01-18 00:00:00-05:00,70.9736415742794,71.19940956529325,70.77296387737849,71.16596221923828,345000,0.0,0.0,0.0
2013-01-22 00:00:00-05:00,71.20776771008235,71.67601776123047,71.03216756147332,71.67601776123047,375000,0.0,0.0,0.0
2013-01-23 00:00:00-05:00,71.7178301986946,71.7596409777052,71.47534809460656,71.5087890625,388200,0.0,0.0,0.0
2013-01-24 00:00:00-05:00,71.68438587693286,72.1526359586836,71.47534475051859,71.71782684326172,636200,0.0,0.0,0.0
2013-01-25 00:00:00-05:00,72.13591132466416,72.27806414338353,71.80145061561159,72.26133728027344,459300,0.0,0.0,0.0
2013-01-28 00:00:00-05:00,72.43694789409132,72.43694789409132,71.88508249240812,72.28643798828125,453200,0.0,0.0,0.0
2013-01-29 00:00:00-05:00,72.286425678365,72.2947891104387,71.9854059180066,72.24462127685547,487900,0.0,0.0,0.0
2013-01-30 00:00:00-05:00,72.25299516031093,72.25299516031093,71.3164883949049,71.51716613769531,564400,0.0,0.0,0.0
2013-01-31 00:00:00-05:00,71.44191360375436,72.01050585170297,71.3499349769222,71.94361114501953,925900,0.0,0.0,0.0
2013-02-01 00:00:00-05:00,72.48710930539386,72.80484954842679,72.29478864551244,72.57072448730469,1132700,0.0,0.0,0.0
2013-02-04 00:00:00-05:00,72.12754722663136,72.44528742096395,71.7345489145133,71.86833190917969,1031000,0.0,0.0,0.0
2013-02-05 00:00:00-05:00,72.31988642394201,72.62090624006206,72.10248818519028,72.478759765625,378200,0.0,0.0,0.0
2013-02-06 00:00:00-05:00,71.99378367556645,72.82994842529297,71.99378367556645,72.82994842529297,315000,0.0,0.0,0.0
2013-02-07 00:00:00-05:00,72.81319449850852,72.92189356945892,72.21115513447714,72.71285247802734,266100,0.0,0.0,0.0
2013-02-08 00:00:00-05:00,72.90520434020645,73.23130807227118,72.80486227671324,73.19786071777344,464400,0.0,0.0,0.0
2013-02-11 00:00:00-05:00,73.21455854751417,73.23128540930185,72.83828708986329,73.09749603271484,397100,0.0,0.0,0.0
2013-02-12 00:00:00-05:00,73.15604215914335,73.47378880340545,73.09751088984716,73.39016723632812,313800,0.0,0.0,0.0
2013-02-13 00:00:00-05:00,73.57410100739223,73.73297427884427,73.32325552446719,73.62427520751953,215200,0.0,0.0,0.0
2013-02-14 00:00:00-05:00,73.48212984966794,73.9336594199215,73.39851468023473,73.85004425048828,266800,0.0,0.0,0.0
2013-02-15 00:00:00-05:00,73.87513450345725,74.02564437312543,73.59919867916074,73.72462463378906,324300,0.0,0.0,0.0
2013-02-19 00:00:00-05:00,73.95875477713392,74.38520050048828,73.95875477713392,74.38520050048828,282400,0.0,0.0,0.0
2013-02-20 00:00:00-05:00,74.46046053104907,74.46046053104907,72.98044560962606,73.0807876586914,347600,0.0,0.0,0.0
2013-02-21 00:00:00-05:00,72.96374625552549,72.97210331079566,71.86836596914212,72.31153869628906,604300,0.0,0.0,0.0
2013-02-22 00:00:00-05:00,72.71287926051852,73.06406689241457,72.6292640690333,73.05570983886719,397300,0.0,0.0,0.0
2013-02-25 00:00:00-05:00,73.55739428028969,73.55739428028969,71.54223471304165,71.55059814453125,344700,0.0,0.0,0.0
2013-02-26 00:00:00-05:00,71.85998240497543,72.08574402318555,71.29139026421274,71.90178680419922,377900,0.0,0.0,0.0
2013-02-27 00:00:00-05:00,71.9101474718486,73.12258345303262,71.90178404055364,72.82156372070312,296100,0.0,0.0,0.0
2013-02-28 00:00:00-05:00,72.81320945228688,73.34835424590112,72.6877834957834,72.8466567993164,346400,0.0,0.0,0.0
2013-03-01 00:00:00-05:00,72.43693009904511,73.07241692073123,71.85998091803351,72.94699096679688,425400,0.0,0.0,0.0
2013-03-04 00:00:00-05:00,72.87174340321876,73.21456755891842,72.4703816034859,73.18948364257812,321500,0.0,0.0,0.0
2013-03-05 00:00:00-05:00,73.5573831302352,74.14269565720295,73.5573831302352,74.03399658203125,492000,0.0,0.0,0.0
2013-03-06 00:00:00-05:00,74.29321906855922,74.41028159532613,74.02564666745928,74.23468780517578,333600,0.0,0.0,0.0
2013-03-07 00:00:00-05:00,74.26815445705905,74.55245379555386,74.20962317846174,74.5106430053711,256700,0.0,0.0,0.0
2013-03-08 00:00:00-05:00,75.08757632789944,75.19627541873146,74.58587251315716,75.18791198730469,613600,0.0,0.0,0.0
2013-03-11 00:00:00-04:00,74.99559916936013,75.2798920490727,74.89525712858733,75.24644470214844,492500,0.0,0.0,0.0
2013-03-12 00:00:00-04:00,75.17120540352367,75.33007235343385,74.88690609730565,75.095947265625,321700,0.0,0.0,0.0
2013-03-13 00:00:00-04:00,75.14611615391007,75.54747159613412,74.94543205336831,75.44713592529297,276000,0.0,0.0,0.0
2013-03-14 00:00:00-04:00,75.59763283139837,76.11605072021484,75.55582205610669,76.11605072021484,331900,0.0,0.0,0.0
2013-03-15 00:00:00-04:00,75.98228607565466,76.14951645835833,75.80669225998673,76.00736999511719,544600,0.0,0.0,0.0
2013-03-18 00:00:00-04:00,75.25480299144424,75.94882103898378,75.12937704390609,75.68960571289062,573200,0.0,0.0,0.0
2013-03-19 00:00:00-04:00,75.8400990239606,75.99897228146762,74.75308926784133,75.3718490600586,266700,0.0,0.0,0.0
2013-03-20 00:00:00-04:00,75.88786051946413,76.1053060375767,75.69551002241253,76.03839874267578,363400,0.017,0.0,0.0
2013-03-21 00:00:00-04:00,75.46136030456337,75.96315238428583,75.22718471210258,75.46971893310547,913400,0.0,0.0,0.0
2013-03-22 00:00:00-04:00,75.75407801742448,75.83770897411536,75.48645512763386,75.65371704101562,481300,0.0,0.0,0.0
2013-03-25 00:00:00-04:00,75.9129890072104,76.23916064590469,75.18539253029209,75.60355377197266,417200,0.0,0.0,0.0
2013-03-26 00:00:00-04:00,75.92972244146485,76.04680708394514,75.5868271451765,75.9548110961914,228000,0.0,0.0,0.0
2013-03-27 00:00:00-04:00,75.46135847905401,76.14714246023227,75.21882426391835,76.0886001586914,363200,0.0,0.0,0.0
2013-03-28 00:00:00-04:00,76.06353609897792,76.4649737448585,76.01335878598094,76.23080444335938,459900,0.0,0.0,0.0
2013-04-01 00:00:00-04:00,76.2224147174394,76.38131799792195,75.19374185071773,75.49481201171875,603000,0.0,0.0,0.0
2013-04-02 00:00:00-04:00,75.97985381464099,76.00494245419934,74.95953993506386,75.1268081665039,329300,0.0,0.0,0.0
2013-04-03 00:00:00-04:00,75.21884558268772,75.31920019626784,73.68000890790643,73.930908203125,510900,0.0,0.0,0.0
2013-04-04 00:00:00-04:00,73.86398448358725,74.47450256347656,73.84726084524615,74.47450256347656,324700,0.0,0.0,0.0
2013-04-05 00:00:00-04:00,73.28690328380463,74.33230590820312,73.22836099206357,74.33230590820312,741600,0.0,0.0,0.0
2013-04-08 00:00:00-04:00,74.47449578898407,75.00974149606868,74.03960466408274,74.97628784179688,316500,0.0,0.0,0.0
2013-04-09 00:00:00-04:00,75.17702954003569,75.3359328579494,74.73377963283887,74.96794891357422,228700,0.0,0.0,0.0
2013-04-10 00:00:00-04:00,75.2355693163596,76.18897643033662,75.14357333337637,76.05516815185547,468300,0.0,0.0,0.0
2013-04-11 00:00:00-04:00,76.04679772714658,76.70749320307026,75.98825541310948,76.35623931884766,464100,0.0,0.0,0.0
2013-04-12 00:00:00-04:00,76.0216795481553,76.26421372085953,75.60351850155449,76.03004455566406,205300,0.0,0.0,0.0
2013-04-15 00:00:00-04:00,75.59517955681724,75.73735283032678,73.29529300758628,73.46255493164062,959300,0.0,0.0,0.0
2013-04-16 00:00:00-04:00,74.14000760331727,74.69197725973463,73.82220089811612,74.62507629394531,309900,0.0,0.0,0.0
2013-04-17 00:00:00-04:00,74.02289007887042,74.12324467332517,72.8604025684614,73.37055969238281,331400,0.0,0.0,0.0
2013-04-18 00:00:00-04:00,73.50436516164812,73.59636112350312,72.63458921905807,72.94403076171875,688600,0.0,0.0,0.0
2013-04-19 00:00:00-04:00,73.32037506591736,73.76362486737898,72.75167564237742,73.71344757080078,262500,0.0,0.0,0.0
2013-04-22 00:00:00-04:00,73.80544012507895,74.12324028977962,72.88548690672854,73.97270202636719,459100,0.0,0.0,0.0
2013-04-23 00:00:00-04:00,74.549766848807,74.92610931912145,74.17342437849254,74.90938568115234,587800,0.0,0.0,0.0
2013-04-24 00:00:00-04:00,74.71701197936167,75.3358949160524,74.68356471093132,75.31080627441406,165500,0.0,0.0,0.0
2013-04-25 00:00:00-04:00,75.51151262892563,76.13038910991813,75.38606305531935,75.76240539550781,318700,0.0,0.0,0.0
2013-04-26 00:00:00-04:00,75.51154203105,75.7707999049886,75.16864682172087,75.49481201171875,215500,0.0,0.0,0.0
2013-04-29 00:00:00-04:00,75.77080513054946,76.13878901362074,75.60354320949885,75.98825073242188,149900,0.0,0.0,0.0
2013-04-30 00:00:00-04:00,76.01331615900075,76.4565658569336,75.64533238835553,76.4565658569336,214000,0.0,0.0,0.0
2013-05-01 00:00:00-04:00,76.24749606218639,76.25586107105073,74.96792407312688,75.0097427368164,310600,0.0,0.0,0.0
2013-05-02 00:00:00-04:00,75.44463991805748,76.09697034304143,75.26901298676435,75.98825073242188,207500,0.0,0.0,0.0
2013-05-03 00:00:00-04:00,76.96673831621034,77.49362543559029,76.67402679468404,77.03364562988281,385000,0.0,0.0,0.0
2013-05-06 00:00:00-04:00,77.09219315646547,77.58562027180166,77.0503744874292,77.54380798339844,229100,0.0,0.0,0.0
2013-05-07 00:00:00-04:00,77.6609014613702,78.17105865478516,77.44345584270961,78.17105865478516,202600,0.0,0.0,0.0
2013-05-08 00:00:00-04:00,77.93687202484922,78.48047637939453,77.89505336036157,78.48047637939453,368200,0.0,0.0,0.0
2013-05-09 00:00:00-04:00,78.4386707117039,78.58920898367178,78.06232184146775,78.19613647460938,194400,0.0,0.0,0.0
2013-05-10 00:00:00-04:00,78.32158862306437,78.86519942162035,78.23795766497109,78.8568344116211,226100,0.0,0.0,0.0
2013-05-13 00:00:00-04:00,78.73977782256956,79.00740081211167,78.50560850429964,78.78995513916016,217100,0.0,0.0,0.0
2013-05-14 00:00:00-04:00,78.91538531075005,79.75170774398765,78.87356663683465,79.73497772216797,217900,0.0,0.0,0.0
2013-05-15 00:00:00-04:00,79.59280224277734,80.26186272315208,79.53425992929206,79.9942398071289,303800,0.0,0.0,0.0
2013-05-16 00:00:00-04:00,79.93569848085176,80.24513369282387,79.51753727061164,79.66807556152344,273100,0.0,0.0,0.0
2013-05-17 00:00:00-04:00,79.93568430352308,80.55456099833754,79.93568430352308,80.52947235107422,325100,0.0,0.0,0.0
2013-05-20 00:00:00-04:00,80.42075891742016,80.99781699060875,80.38730525829381,80.71347045898438,336300,0.0,0.0,0.0
2013-05-21 00:00:00-04:00,80.7302130347243,80.99783598987703,80.5127673897144,80.83057403564453,213000,0.0,0.0,0.0
2013-05-22 00:00:00-04:00,80.93088698488593,81.52468129212808,79.05752726340341,79.43387603759766,480200,0.0,0.0,0.0
2013-05-23 00:00:00-04:00,78.43028568704429,79.53423060621111,78.2462938037446,79.43387603759766,317600,0.0,0.0,0.0
2013-05-24 00:00:00-04:00,79.04918968077737,79.34190762247088,78.48885520951481,79.22482299804688,298800,0.0,0.0,0.0
2013-05-28 00:00:00-04:00,80.37057197537436,80.81382177469472,79.65969929454175,80.14476776123047,271500,0.0,0.0,0.0
2013-05-29 00:00:00-04:00,79.6513477681347,79.7935274328753,78.7313943559983,79.3753662109375,214300,0.0,0.0,0.0
2013-05-30 00:00:00-04:00,79.60950383036038,80.13638446354416,79.45896559507482,79.952392578125,211700,0.0,0.0,0.0
2013-05-31 00:00:00-04:00,79.50917596107342,80.20332513373754,79.20809936523438,79.20809936523438,228500,0.0,0.0,0.0
2013-06-03 00:00:00-04:00,79.45063289224855,79.56771752500747,78.29651020621043,79.31681823730469,287600,0.0,0.0,0.0
2013-06-04 00:00:00-04:00,79.37534388853285,79.74332132152229,78.22121515694977,78.70628356933594,251000,0.0,0.0,0.0
2013-06-05 00:00:00-04:00,78.51392886431078,78.65610849306965,77.47689108292809,77.61906433105469,245100,0.0,0.0,0.0
2013-06-06 00:00:00-04:00,77.56053073863677,78.44703674316406,77.23436554189706,78.44703674316406,183000,0.0,0.0,0.0
2013-06-07 00:00:00-04:00,78.9320670508277,79.36695805840418,78.45536377216568,79.24150848388672,383200,0.0,0.0,0.0
2013-06-10 00:00:00-04:00,79.44225754202796,79.58443718956012,78.92374177318831,79.46734619140625,371600,0.0,0.0,0.0
2013-06-11 00:00:00-04:00,78.67283258858298,79.2080783098751,78.09576820318303,78.55574798583984,259400,0.0,0.0,0.0
2013-06-12 00:00:00-04:00,79.04082026289167,79.15790487133519,77.71106452323654,77.84487915039062,206600,0.0,0.0,0.0
2013-06-13 00:00:00-04:00,77.86159527850481,79.39206643064031,77.58560742209374,79.24989318847656,204100,0.0,0.0,0.0
2013-06-14 00:00:00-04:00,79.22479974746783,79.4840575710874,78.5808281214925,78.86518096923828,338200,0.0,0.0,0.0
2013-06-17 00:00:00-04:00,79.41717922851258,79.62625984138693,78.90702202264849,79.31681823730469,186100,0.0,0.0,0.0
2013-06-18 00:00:00-04:00,79.4589856687841,80.2618543329252,79.37535471263807,80.10295104980469,260800,0.0,0.0,0.0
2013-06-19 00:00:00-04:00,80.11132616904818,80.1280498101346,78.98229216701904,78.99901580810547,242200,0.0,0.0,0.0
2013-06-20 00:00:00-04:00,78.02887766706715,78.1375972753439,76.69075680496468,76.98347473144531,452200,0.0,0.0,0.0
2013-06-21 00:00:00-04:00,77.03363551843358,77.38488929815951,76.06349873942092,76.95000457763672,1303500,0.0,0.0,0.0
2013-06-24 00:00:00-04:00,75.96314930415312,76.67402191998838,75.20209301593772,76.07186889648438,1129300,0.0,0.0,0.0
2013-06-25 00:00:00-04:00,76.79948032682839,77.09219186327304,76.197327234352,76.91656494140625,312500,0.0,0.0,0.0
2013-06-26 00:00:00-04:00,77.65250857226049,77.71105086619394,77.05035561715549,77.44342803955078,215100,0.0,0.0,0.0
2013-06-27 00:00:00-04:00,77.97031229908221,78.71463845866847,77.80304405047048,78.62264251708984,319600,0.0,0.0,0.0
2013-06-28 00:00:00-04:00,78.52229576798265,78.9070032384137,78.12086465998176,78.37175750732422,334000,0.0,0.0,0.0
2013-07-01 00:00:00-04:00,78.89865359432957,79.90224432103965,78.89865359432957,79.5426254272461,553700,0.0,0.0,0.0
2013-07-02 00:00:00-04:00,79.55096825868455,80.04439528342213,79.03244620875309,79.45060729980469,850600,0.0,0.0,0.0
2013-07-03 00:00:00-04:00,79.15791788189568,79.74334102033465,79.03246824347772,79.5426254272461,128200,0.0,0.0,0.0
2013-07-05 00:00:00-04:00,80.44585467572531,80.58802795410156,79.40881029306256,80.58802795410156,329300,0.0,0.0,0.0
2013-07-08 00:00:00-04:00,80.9560039663438,81.0814472111361,80.72182835458786,80.82218933105469,280000,0.0,0.0,0.0
2013-07-09 00:00:00-04:00,81.37415170933922,81.69195184478544,80.95599061397907,81.57486724853516,394700,0.0,0.0,0.0
2013-07-10 00:00:00-04:00,81.57489381124458,81.77560941579824,81.33235953128496,81.70870208740234,564300,0.0,0.0,0.0
2013-07-11 00:00:00-04:00,82.69555221177448,82.77918955182798,82.3108446939346,82.67046356201172,563800,0.0,0.0,0.0
2013-07-12 00:00:00-04:00,82.62863706985922,83.07188682116792,82.5951834157147,82.93807220458984,288100,0.0,0.0,0.0
2013-07-15 00:00:00-04:00,83.06352851914876,83.33951640265064,82.92972027239891,83.26424407958984,395600,0.0,0.0,0.0
2013-07-16 00:00:00-04:00,83.34788505739459,83.41478599337924,82.61191733586732,82.77082061767578,421400,0.0,0.0,0.0
2013-07-17 00:00:00-04:00,83.29768957887089,83.42313918459818,82.9548007958904,83.12206268310547,364700,0.0,0.0,0.0
2013-07-18 00:00:00-04:00,83.43988186338224,84.03367637396272,83.35625090068878,83.83295440673828,420000,0.0,0.0,0.0
2013-07-19 00:00:00-04:00,83.67406068822511,83.8245989790774,83.50679237581497,83.80786895751953,230100,0.0,0.0,0.0
2013-07-22 00:00:00-04:00,83.95006486320842,84.19259919609397,83.76607924092133,84.02533721923828,369400,0.0,0.0,0.0
2013-07-23 00:00:00-04:00,84.38491219941082,84.41000084479013,83.87475514125754,83.98347473144531,349200,0.0,0.0,0.0
2013-07-24 00:00:00-04:00,84.38492301168831,84.38492301168831,83.17225182437333,83.36460876464844,321400,0.0,0.0,0.0
2013-07-25 00:00:00-04:00,83.19734130170563,83.92493758490802,83.13879899868208,83.89984893798828,254300,0.0,0.0,0.0
2013-07-26 00:00:00-04:00,83.38969843183355,83.63223267225906,83.08862188376278,83.61550903320312,264000,0.0,0.0,0.0
2013-07-29 00:00:00-04:00,83.4816928723012,83.80785806331055,82.92972346468262,83.2224349975586,151500,0.0,0.0,0.0
2013-07-30 00:00:00-04:00,83.45660400390625,83.63223092316896,83.15552746213221,83.45660400390625,203300,0.0,0.0,0.0
2013-07-31 00:00:00-04:00,83.69075775146484,84.38490667110018,83.5903967958904,83.69075775146484,243300,0.0,0.0,0.0
2013-08-01 00:00:00-04:00,84.46854414740149,85.1877817664339,84.25946359258118,85.04560852050781,509700,0.0,0.0,0.0
2013-08-02 00:00:00-04:00,84.744527589358,85.07905773574196,84.54380567314851,85.03723907470703,272300,0.0,0.0,0.0
2013-08-05 00:00:00-04:00,84.95360866376775,85.30486244838002,84.8114354243721,85.16268920898438,210400,0.0,0.0,0.0
2013-08-06 00:00:00-04:00,84.9201743408426,84.98708166189338,84.05876331937225,84.25111389160156,321400,0.0,0.0,0.0
2013-08-07 00:00:00-04:00,83.96675645668286,84.05875241603647,83.39805706278447,83.66567993164062,278200,0.0,0.0,0.0
2013-08-08 00:00:00-04:00,84.12566375732422,84.33474434888409,83.6238716137072,84.12566375732422,206900,0.0,0.0,0.0
2013-08-09 00:00:00-04:00,83.89986075680861,84.41838292851227,83.7660524941765,84.15911865234375,302900,0.0,0.0,0.0
2013-08-12 00:00:00-04:00,83.5402277696807,84.48526960075947,83.46496183103059,84.41000366210938,248400,0.0,0.0,0.0
2013-08-13 00:00:00-04:00,84.56056558425551,84.56893059554612,83.81623909524342,84.33475494384766,323800,0.0,0.0,0.0
2013-08-14 00:00:00-04:00,84.33472532599843,84.44345129269018,83.95838289833331,83.97511291503906,161300,0.0,0.0,0.0
2013-08-15 00:00:00-04:00,83.21405848145824,83.38968537689905,82.30247035074663,82.52827453613281,428700,0.0,0.0,0.0
2013-08-16 00:00:00-04:00,82.27737942620146,82.70390555389302,82.07666387578344,82.1770248413086,276900,0.0,0.0,0.0
2013-08-19 00:00:00-04:00,82.10174363760692,82.20210459227182,81.34905242919922,81.34905242919922,265400,0.0,0.0,0.0
2013-08-20 00:00:00-04:00,81.37419492550579,82.60358383903706,81.35746489965251,82.46141052246094,323600,0.0,0.0,0.0
2013-08-21 00:00:00-04:00,82.16868420727019,82.74574876411656,81.62507331552274,81.99305725097656,203800,0.0,0.0,0.0
2013-08-22 00:00:00-04:00,82.2355658434771,83.03843441309708,82.17702354300374,82.95480346679688,328100,0.0,0.0,0.0
2013-08-23 00:00:00-04:00,83.2475371777193,83.2475371777193,82.60356532008296,83.08026885986328,226100,0.0,0.0,0.0
2013-08-26 00:00:00-04:00,83.23080445147218,83.69914934561874,82.95482290208564,83.21408081054688,232900,0.0,0.0,0.0
2013-08-27 00:00:00-04:00,82.22720793336555,82.55337311853688,81.3407083409135,81.4243392944336,233200,0.0,0.0,0.0
2013-08-28 00:00:00-04:00,81.29887939424579,81.87594374764502,81.24870210460479,81.57486724853516,241200,0.0,0.0,0.0
2013-08-29 00:00:00-04:00,81.54978193231693,82.42791644003675,81.4828746229767,82.14356994628906,171700,0.0,0.0,0.0
2013-08-30 00:00:00-04:00,82.10176324219852,82.26903153991435,80.91418704126524,80.98109436035156,199800,0.0,0.0,0.0
2013-09-03 00:00:00-04:00,82.05996216090598,82.44466972724562,80.68002882428796,81.31563568115234,335300,0.0,0.0,0.0
2013-09-04 00:00:00-04:00,81.35741938726726,82.1435642660727,81.1232502014014,82.10174560546875,222200,0.0,0.0,0.0
2013-09-05 00:00:00-04:00,82.21884526844254,82.56174048247581,82.11849067360973,82.30248260498047,247200,0.0,0.0,0.0
2013-09-06 00:00:00-04:00,82.8711722226335,82.9715331939396,81.44106187984312,82.56173706054688,171600,0.0,0.0,0.0
2013-09-09 00:00:00-04:00,82.93807216317182,83.74094072034303,82.7958989186027,83.73258209228516,185600,0.0,0.0,0.0
2013-09-10 00:00:00-04:00,84.18420758361059,84.53546142578125,83.99185064301261,84.53546142578125,254200,0.0,0.0,0.0
2013-09-11 00:00:00-04:00,84.45183293897023,84.69436080329743,84.17584503463955,84.60237121582031,271000,0.0,0.0,0.0
2013-09-12 00:00:00-04:00,84.5939881080872,84.68598405651615,84.07546606972696,84.17582702636719,183800,0.0,0.0,0.0
2013-09-13 00:00:00-04:00,84.37656526716083,84.46019622988597,83.99185773411843,84.39329528808594,371000,0.0,0.0,0.0
2013-09-16 00:00:00-04:00,85.5139637392108,85.84012895842558,84.71946002689448,84.86163330078125,273400,0.0,0.0,0.0
2013-09-17 00:00:00-04:00,84.8867143869632,85.4805024608414,84.86162573858752,85.47213745117188,191500,0.0,0.0,0.0
2013-09-18 00:00:00-04:00,85.55574878764138,86.58442134224494,84.89505359844702,86.30843353271484,211400,0.0,0.0,0.0
2013-09-19 00:00:00-04:00,86.51751279641189,86.70986967378015,86.0742631345212,86.25825500488281,277200,0.0,0.0,0.0
2013-09-20 00:00:00-04:00,86.43393473026228,86.5008420659737,85.64779586787468,85.75651550292969,1153600,0.0,0.0,0.0
2013-09-23 00:00:00-04:00,85.61433239498858,85.7063283758972,84.8783645477196,85.43870544433594,285000,0.0,0.0,0.0
2013-09-24 00:00:00-04:00,85.51396302626432,86.14956981919825,85.04562453706741,85.54741668701172,1026900,0.0,0.0,0.0
2013-09-25 00:00:00-04:00,85.68958035403239,86.199737457134,85.32996151710228,85.60594940185547,603300,0.0,0.0,0.0
2013-09-26 00:00:00-04:00,85.84846922833411,86.37534988123261,85.63938869264923,86.10772705078125,238600,0.0,0.0,0.0
2013-09-27 00:00:00-04:00,85.63106584362947,86.00740844089542,85.48052752859614,85.75651550292969,305000,0.0,0.0,0.0
2013-09-30 00:00:00-04:00,84.81146016319626,85.9237641389186,84.72782281620776,85.71468353271484,316400,0.0,0.0,0.0
2013-10-01 00:00:00-04:00,85.53070222482933,86.88554701870277,85.53070222482933,86.87718200683594,603000,0.0,0.0,0.0
2013-10-02 00:00:00-04:00,86.2917318647011,86.76843530222054,85.99065533778014,86.6011734008789,161200,0.0,0.0,0.0
2013-10-03 00:00:00-04:00,86.40881334824645,86.55098659731078,85.27141459446716,85.83174896240234,334500,0.0,0.0,0.0
2013-10-04 00:00:00-04:00,85.85683088934505,86.60115705691628,85.74810493142321,86.36698150634766,230800,0.0,0.0,0.0
2013-10-07 00:00:00-04:00,85.51396253124656,85.98230101773238,85.3968779096251,85.40524291992188,166300,0.0,0.0,0.0
2013-10-08 00:00:00-04:00,85.54742614724272,85.55579115851296,83.93332352632743,83.94168853759766,345400,0.0,0.0,0.0
2013-10-09 00:00:00-04:00,84.06714047560178,84.25949747085572,83.08027960483683,83.63225555419922,242900,0.0,0.0,0.0
2013-10-10 00:00:00-04:00,84.67762115692386,85.59757428348999,84.48526424706468,85.52230834960938,290300,0.0,0.0,0.0
2013-10-11 00:00:00-04:00,85.4554392316501,86.50920744130765,85.30490091598475,86.49247741699219,501800,0.0,0.0,0.0
2013-10-14 00:00:00-04:00,85.99902575310044,86.9440676782896,85.75649151446613,86.89389038085938,193700,0.0,0.0,0.0
2013-10-15 00:00:00-04:00,86.7684518275662,86.8269941422486,85.90704074839633,86.05757904052734,285800,0.0,0.0,0.0
2013-10-16 00:00:00-04:00,86.66809399162342,87.2367935180664,86.45901337720517,87.2367935180664,250900,0.0,0.0,0.0
2013-10-17 00:00:00-04:00,86.93571543452603,87.99784851074219,86.64300385547847,87.99784851074219,384300,0.0,0.0,0.0
2013-10-18 00:00:00-04:00,88.55815620854871,88.78396677305334,88.12327147712905,88.70869445800781,550300,0.0,0.0,0.0
2013-10-21 00:00:00-04:00,88.91776931287616,88.98467661515933,88.49124323661034,88.650146484375,298100,0.0,0.0,0.0
2013-10-22 00:00:00-04:00,89.09342956542969,89.58686312879193,88.7421756678298,89.09342956542969,363100,0.0,0.0,0.0
2013-10-23 00:00:00-04:00,88.7421614124702,88.85924602619527,88.2905465964023,88.76725006103516,620500,0.0,0.0,0.0
2013-10-24 00:00:00-04:00,88.8843386525297,89.35267712838913,88.65853442470697,89.24395751953125,228100,0.0,0.0,0.0
2013-10-25 00:00:00-04:00,89.46974252299823,89.51155480030063,88.99303917345767,89.39447021484375,249800,0.0,0.0,0.0
2013-10-28 00:00:00-04:00,89.5031993884048,89.55338305943187,88.98468370597072,89.3359375,289500,0.0,0.0,0.0
2013-10-29 00:00:00-04:00,89.56175921716982,89.69557385859059,89.06833208335568,89.65375518798828,282800,0.0,0.0,0.0
2013-10-30 00:00:00-04:00,89.72904066343315,89.81267163625566,88.44946827540959,88.74217987060547,176800,0.0,0.0,0.0
2013-10-31 00:00:00-04:00,88.72544765090196,89.14360888529542,88.14002447500472,88.44110107421875,232800,0.0,0.0,0.0
2013-11-01 00:00:00-04:00,88.60833315698945,88.84250872907126,87.7552873337603,88.33235168457031,384900,0.0,0.0,0.0
2013-11-04 00:00:00-05:00,88.68361795168177,89.33594832841429,88.49962602375561,89.31085968017578,197700,0.0,0.0,0.0
2013-11-05 00:00:00-05:00,88.97635160094343,89.11016626565775,88.34910971652248,88.82581329345703,269700,0.0,0.0,0.0
2013-11-06 00:00:00-05:00,89.30249407703452,89.41122005952255,88.40762947222245,88.59162139892578,738800,0.0,0.0,0.0
2013-11-07 00:00:00-05:00,88.96796867929329,88.96796867929329,86.94407013767385,86.99424743652344,794900,0.0,0.0,0.0
2013-11-08 00:00:00-05:00,87.1447950535481,88.45782101944661,87.11970640143439,88.34073638916016,791400,0.0,0.0,0.0
2013-11-11 00:00:00-05:00,88.32398896672635,88.73378506239135,88.0730897518764,88.63343048095703,725400,0.0,0.0,0.0
2013-11-12 00:00:00-05:00,88.34908716651074,88.62507505656573,88.12328295323206,88.59162139892578,228400,0.0,0.0,0.0
2013-11-13 00:00:00-05:00,88.0730739961929,89.5700912475586,87.92253577033964,89.5700912475586,412500,0.0,0.0,0.0
2013-11-14 00:00:00-05:00,89.60357273444014,89.82938333369239,89.14359290680251,89.72065734863281,316600,0.0,0.0,0.0
2013-11-15 00:00:00-05:00,89.98826333330366,90.14716658584739,89.65373319245825,90.12207794189453,195800,0.0,0.0,0.0
2013-11-18 00:00:00-05:00,90.4733663498955,90.4733663498955,89.18542896205456,89.44468688964844,295600,0.0,0.0,0.0
2013-11-19 00:00:00-05:00,89.35268773444506,89.73740167743259,88.59163762083777,88.87598419189453,312300,0.0,0.0,0.0
2013-11-20 00:00:00-05:00,89.12685554957267,89.4530206932825,88.35744066598191,88.72541809082031,434300,0.0,0.0,0.0
2013-11-21 00:00:00-05:00,88.91777777572274,89.9631805460264,88.88432412139717,89.94645690917969,233300,0.0,0.0,0.0
2013-11-22 00:00:00-05:00,90.02174034891141,90.34790556621205,89.80429474383318,90.24755096435547,418600,0.0,0.0,0.0
2013-11-25 00:00:00-05:00,90.54025558280955,90.54025558280955,90.01336844090386,90.18899536132812,200900,0.0,0.0,0.0
2013-11-26 00:00:00-05:00,90.28934264851739,90.75768103198331,90.08862710997941,90.5820541381836,270700,0.0,0.0,0.0
2013-11-27 00:00:00-05:00,90.72424295494254,90.96677079908216,90.5235210154281,90.95841217041016,174000,0.0,0.0,0.0
2013-11-29 00:00:00-05:00,91.20095032995499,91.27621627504574,90.80787782390453,90.8413314819336,106900,0.0,0.0,0.0
2013-12-02 00:00:00-05:00,90.9667848183937,91.00023848013514,90.2475534231702,90.33118438720703,545200,0.0,0.0,0.0
2013-12-03 00:00:00-05:00,90.22245690071637,90.4148138573931,89.56176144866458,89.9381103515625,518000,0.0,0.0,0.0
2013-12-04 00:00:00-05:00,89.60357520254881,90.33117793704461,88.94287978675833,89.78756713867188,1305500,0.0,0.0,0.0
2013-12-05 00:00:00-05:00,89.7122972773934,89.97992017894218,89.41958572579837,89.85447692871094,171900,0.0,0.0,0.0
2013-12-06 00:00:00-05:00,90.73260840714858,90.74097341708224,90.19736262278877,90.47335052490234,283000,0.0,0.0,0.0
2013-12-09 00:00:00-05:00,90.62387475569626,90.84967894384584,90.23080229796176,90.52351379394531,268900,0.0,0.0,0.0
2013-12-10 00:00:00-05:00,90.32281837812147,90.86642920930167,90.03847182741293,90.08028411865234,310900,0.0,0.0,0.0
2013-12-11 00:00:00-05:00,90.16391403744714,90.17227904785153,88.44945698128528,88.64180755615234,918700,0.0,0.0,0.0
2013-12-12 00:00:00-05:00,88.62506032635288,88.9930441185976,88.399249769973,88.71705627441406,272400,0.0,0.0,0.0
2013-12-13 00:00:00-05:00,88.8843319817341,89.19377352613651,88.45780582715409,88.93450927734375,246500,0.0,0.0,0.0
2013-12-16 00:00:00-05:00,89.31918063473597,89.85442613526678,89.24390834651432,89.70388793945312,302400,0.0,0.0,0.0
2013-12-17 00:00:00-05:00,89.779193261136,89.88791923845149,89.21049386957779,89.75410461425781,235100,0.0,0.0,0.0
2013-12-18 00:00:00-05:00,89.85446457700355,90.8915023803711,88.96795865322086,90.8915023803711,366000,0.0,0.0,0.0
2013-12-19 00:00:00-05:00,90.7075147941717,90.84132942325542,90.32280730650511,90.33953094482422,288700,0.0,0.0,0.0
2013-12-20 00:00:00-05:00,90.33954788584866,91.72784621008712,90.33954788584866,91.66930389404297,1039000,0.0,0.0,0.0
2013-12-23 00:00:00-05:00,92.20453621453363,92.48888274196987,92.00382064336495,92.43870544433594,585700,0.0,0.0,0.0
2013-12-24 00:00:00-05:00,92.44039164352222,92.95719757339347,92.44039164352222,92.81317138671875,264500,1.422,0.0,0.0
2013-12-26 00:00:00-05:00,93.28764344877224,93.38083841435886,92.79625298727788,92.91486358642578,980400,0.0,0.0,0.0
2013-12-27 00:00:00-05:00,93.17746532626828,93.77899208618688,92.63523737568434,92.89788055419922,351000,0.0,0.0,0.0
2013-12-30 00:00:00-05:00,92.98264291845112,93.1266691511603,92.68611642058137,92.91486358642578,329000,0.0,0.0,0.0
2013-12-31 00:00:00-05:00,93.2452334935736,93.39773368308245,93.0588436548639,93.15203857421875,469600,0.0,0.0,0.0
2014-01-02 00:00:00-05:00,92.93179578535724,92.9402633525701,91.96596309216505,92.33026885986328,524500,0.0,0.0,0.0
2014-01-03 00:00:00-05:00,92.62678105406492,92.8809437709686,92.32178062274788,92.6776123046875,359800,0.0,0.0,0.0
2014-01-06 00:00:00-05:00,93.20291043790291,93.20291043790291,92.09304502713724,92.14388275146484,316900,0.0,0.0,0.0
2014-01-07 00:00:00-05:00,92.33867806520742,93.10117877889863,92.33867806520742,92.78770446777344,318700,0.0,0.0,0.0
2014-01-08 00:00:00-05:00,92.7708180063725,93.14359779097576,92.34720696524751,92.99956512451172,294600,0.0,0.0,0.0
2014-01-09 00:00:00-05:00,93.2706977210925,93.3808407543419,92.44889753891553,92.95722961425781,264600,0.0,0.0,0.0
2014-01-10 00:00:00-05:00,93.07583342915076,93.64347076416016,92.77930694547366,93.64347076416016,298600,0.0,0.0,0.0
2014-01-13 00:00:00-05:00,93.37236076366288,93.60958195276619,92.02528052677226,92.42346954345703,313100,0.0,0.0,0.0
2014-01-14 00:00:00-05:00,92.7623403969679,93.61803647688971,92.55900891493394,93.59262084960938,246300,0.0,0.0,0.0
2014-01-15 00:00:00-05:00,93.80443882576412,94.1856862132079,93.66041260951133,94.12638092041016,365300,0.0,0.0,0.0
2014-01-16 00:00:00-05:00,94.05857649792937,94.16024545722178,93.82135539003748,94.11788177490234,260300,0.0,0.0,0.0
2014-01-17 00:00:00-05:00,94.1178783441865,94.1687160538748,93.55871524793645,93.72815704345703,368200,0.0,0.0,0.0
2014-01-21 00:00:00-05:00,94.46525269382958,94.46525269382958,93.6180306965755,94.17720031738281,429100,0.0,0.0,0.0
2014-01-22 00:00:00-05:00,94.17720287170317,94.71942444754892,94.12636515511129,94.66858673095703,337400,0.0,0.0,0.0
2014-01-23 00:00:00-05:00,94.2534606325798,94.27887626191449,93.45706977320351,93.9315185546875,387800,0.0,0.0,0.0
2014-01-24 00:00:00-05:00,93.4824797206691,93.52484340951324,91.55081444313838,91.6948471069336,496800,0.0,0.0,0.0
2014-01-27 00:00:00-05:00,91.91510341904305,91.91510341904305,89.92413321868722,90.56802368164062,726900,0.0,0.0,0.0
2014-01-28 00:00:00-05:00,90.69512425398598,91.57622950966282,90.67817619303564,91.52539825439453,360700,0.0,0.0,0.0
2014-01-29 00:00:00-05:00,90.65271549088256,91.27965769469715,90.20368905583476,90.37313079833984,529600,0.0,0.0,0.0
2014-01-30 00:00:00-05:00,91.16959322199611,92.08459486736172,91.03403454988567,91.7457046508789,436300,0.0,0.0,0.0
2014-01-31 00:00:00-05:00,90.38165432881833,91.9235982998119,90.30540097827354,91.23735046386719,668200,0.0,0.0,0.0
2014-02-03 00:00:00-05:00,91.06791802313384,91.27125601746768,88.19583510704483,88.3822250366211,831600,0.0,0.0,0.0
2014-02-04 00:00:00-05:00,88.77192506881057,89.45817285860929,88.23817750605505,89.23789978027344,753900,0.0,0.0,0.0
2014-02-05 00:00:00-05:00,88.71263122558594,89.00069011994874,87.69596722337009,88.71263122558594,480200,0.0,0.0,0.0
2014-02-06 00:00:00-05:00,88.97524300045453,89.86482860003223,88.97524300045453,89.75469207763672,491800,0.0,0.0,0.0
2014-02-07 00:00:00-05:00,90.18677894121227,90.75442259134394,89.8394212838212,90.67816925048828,437900,0.0,0.0,0.0
2014-02-10 00:00:00-05:00,90.76290736107248,90.9916609632078,90.25457535958259,90.95777130126953,582100,0.0,0.0,0.0
2014-02-11 00:00:00-05:00,91.08485503311545,91.97443441113654,90.93235478777011,91.77110290527344,334800,0.0,0.0,0.0
2014-02-12 00:00:00-05:00,92.05067384299534,92.52511610618029,91.85580993416377,92.2201156616211,320600,0.0,0.0,0.0
2014-02-13 00:00:00-05:00,91.36443438229144,93.27915826852471,91.30512908980506,93.20291137695312,355800,0.0,0.0,0.0
2014-02-14 00:00:00-05:00,93.01651136430992,93.52484331094679,92.72845250081448,93.46553802490234,389000,0.0,0.0,0.0
2014-02-18 00:00:00-05:00,93.78747905968285,94.30428503119964,93.43164734729825,94.21109008789062,450400,0.0,0.0,0.0
2014-02-19 00:00:00-05:00,93.99928559930234,94.46526032093112,93.37234308057658,93.46553802490234,350100,0.0,0.0,0.0
2014-02-20 00:00:00-05:00,93.44859004986057,94.37205893578249,93.36386267804419,94.21955871582031,214600,0.0,0.0,0.0
2014-02-21 00:00:00-05:00,94.49915102234695,94.7956774558424,94.24498181432715,94.52456665039062,193500,0.0,0.0,0.0
2014-02-24 00:00:00-05:00,94.66010978604218,95.70218914795949,94.60080450905332,95.13455200195312,393700,0.0,0.0,0.0
2014-02-25 00:00:00-05:00,95.22778087272286,95.60055426217642,94.77875412065406,95.18541717529297,333100,0.0,0.0,0.0
2014-02-26 00:00:00-05:00,95.27858509762684,96.1173330655935,95.0667795981753,95.60900115966797,282600,0.0,0.0,0.0
2014-02-27 00:00:00-05:00,95.3802751226684,96.10888671875,95.2616645338916,96.10888671875,341700,0.0,0.0,0.0
2014-02-28 00:00:00-05:00,96.02415210175141,96.6256854958623,95.38026794365291,95.87165832519531,478100,0.0,0.0,0.0
2014-03-03 00:00:00-05:00,95.05832124579563,95.71915994265736,94.53304765735139,95.40568542480469,546200,0.0,0.0,0.0
2014-03-04 00:00:00-05:00,96.46470130717482,97.63386538711583,96.29525948589333,97.29497528076172,360500,0.0,0.0,0.0
2014-03-05 00:00:00-05:00,97.33733790590361,97.43900687583786,97.07470114664567,97.28650665283203,339900,0.0,0.0,0.0
2014-03-06 00:00:00-05:00,97.48136387045915,97.6084484666315,97.11705814212031,97.2187271118164,215500,0.0,0.0,0.0
2014-03-07 00:00:00-05:00,97.7948385749211,97.81178017134793,96.7951163271698,97.28650665283203,417600,0.0,0.0,0.0
2014-03-10 00:00:00-04:00,97.1509685455192,97.23568947312945,96.32069440562937,96.87138366699219,237200,0.0,0.0,0.0
2014-03-11 00:00:00-04:00,96.9815045269526,97.25261531162346,95.7445611679049,96.05802917480469,328100,0.0,0.0,0.0
2014-03-12 00:00:00-04:00,95.65138334306278,96.33763122558594,95.19388260011662,96.33763122558594,218300,0.0,0.0,0.0
2014-03-13 00:00:00-04:00,96.72733801605841,96.72733801605841,94.74484156023337,95.15150451660156,374500,0.0,0.0,0.0
2014-03-14 00:00:00-04:00,94.90581352450121,95.79539928433485,94.89734595772326,95.43956756591797,371100,0.0,0.0,0.0
2014-03-17 00:00:00-04:00,95.97330298596583,96.7019143916403,95.9055236775797,96.10038757324219,268100,0.0,0.0,0.0
2014-03-18 00:00:00-04:00,96.27831142549049,97.34581299817908,96.1766424544469,97.29497528076172,218400,0.0,0.0,0.0
2014-03-19 00:00:00-04:00,97.26110655161817,97.33735344339647,96.06652020342128,96.64263153076172,268300,0.0,0.0,0.0
2014-03-20 00:00:00-04:00,96.46470975822083,96.98998979227783,96.10040399313763,96.85443115234375,194500,0.0,0.0,0.0
2014-03-21 00:00:00-04:00,97.19330952639473,97.64233615520125,96.481639680448,96.60025024414062,1176300,0.0,0.0,0.0
2014-03-24 00:00:00-04:00,96.87135679315064,97.04927909470352,94.88886048912241,95.59205627441406,338300,0.0,0.0,0.0
2014-03-25 00:00:00-04:00,96.02334228735377,96.47240478955129,95.04048314236442,95.57427978515625,243700,0.009,0.0,0.0
2014-03-26 00:00:00-04:00,96.2859873568713,96.2859873568713,94.0999786889738,94.11692810058594,404500,0.0,0.0,0.0
2014-03-27 00:00:00-04:00,94.10848646938702,94.55754907033503,93.44760139898742,93.87124633789062,1149700,0.0,0.0,0.0
2014-03-28 00:00:00-04:00,93.97290062925754,95.08284803105676,93.88816649060739,94.08304595947266,274500,0.0,0.0,0.0
2014-03-31 00:00:00-04:00,94.74392764023635,95.77762203918783,94.37111812866513,95.70136260986328,252900,0.0,0.0,0.0
2014-04-01 00:00:00-04:00,95.79456331817424,96.7350553228413,95.75220271533841,96.63338470458984,627100,0.0,0.0,0.0
2014-04-02 00:00:00-04:00,97.00620911446653,97.20108861622246,96.66729189558698,97.15025329589844,409100,0.0,0.0,0.0
2014-04-03 00:00:00-04:00,97.17565205763648,97.21801266156558,96.04875527134843,96.3876724243164,275700,0.0,0.0,0.0
2014-04-04 00:00:00-04:00,97.00619992615229,97.09940231412386,94.31181831094636,94.65921020507812,406000,0.0,0.0,0.0
2014-04-07 00:00:00-04:00,94.26096767943966,94.46431537274226,92.61722379245154,93.12560272216797,349200,0.0,0.0,0.0
2014-04-08 00:00:00-04:00,93.31199000830617,94.10844420432733,92.6426305297382,93.7949447631836,391200,0.0,0.0,0.0
2014-04-09 00:00:00-04:00,94.04913909657684,95.0489410140136,93.78648140731752,95.04046630859375,284000,0.0,0.0,0.0
2014-04-10 00:00:00-04:00,95.00657572913882,95.02352514029567,92.35456174204504,92.72737121582031,415400,0.0,0.0,0.0
2014-04-11 00:00:00-04:00,91.99022728888112,92.75278918589369,91.1090453705895,91.41407012939453,688600,0.0,0.0,0.0
2014-04-14 00:00:00-04:00,92.26983372862084,92.61721908434099,91.007374103096,91.77840423583984,219700,0.0,0.0,0.0
2014-04-15 00:00:00-04:00,92.15966940280609,92.5917888265472,90.46509052541157,92.26982116699219,464100,0.0,0.0,0.0
2014-04-16 00:00:00-04:00,92.91381081193617,93.36287341147685,92.49863411880985,93.33745574951172,638100,0.0,0.0,0.0
2014-04-17 00:00:00-04:00,93.20184598503292,93.98982548693316,92.99849831288941,93.69327545166016,214200,0.0,0.0,0.0
2014-04-21 00:00:00-04:00,93.76956011741005,94.14236969601207,93.26118753296701,94.0745849609375,380200,0.0,0.0,0.0
2014-04-22 00:00:00-04:00,94.26096469326967,95.17603898060193,94.15928761768618,94.95574188232422,290400,0.0,0.0,0.0
2014-04-23 00:00:00-04:00,94.78630006421035,95.0659007493812,94.44738289493141,94.52363586425781,237300,0.0,0.0,0.0
2014-04-24 00:00:00-04:00,95.08284328864167,95.15909625245493,93.6593964520324,94.3711166381836,167000,0.0,0.0,0.0
2014-04-25 00:00:00-04:00,94.17624959584636,94.17624959584636,92.71891030621636,92.93073272705078,493600,0.0,0.0,0.0
2014-04-28 00:00:00-04:00,93.20185991134132,93.60856178070404,91.30393293769812,92.47319030761719,350900,0.0,0.0,0.0
2014-04-29 00:00:00-04:00,92.93073597921865,93.21034313593887,92.4986164155881,92.84600830078125,251400,0.0,0.0,0.0
2014-04-30 00:00:00-04:00,92.68498936295106,93.43907643144777,92.10035759314596,93.36282348632812,254200,0.0,0.0,0.0
2014-05-01 00:00:00-04:00,93.46450133475565,94.09150021005543,92.7188889126089,93.52381134033203,400800,0.0,0.0,0.0
2014-05-02 00:00:00-04:00,93.60008419544774,94.45584851104582,93.34589472687588,93.71870422363281,155800,0.0,0.0,0.0
2014-05-05 00:00:00-04:00,93.03241250988677,93.82039219677849,92.5664005848351,93.63398742675781,250100,0.0,0.0,0.0
2014-05-06 00:00:00-04:00,93.36286593241941,93.5323213081515,92.43084197296825,92.49862670898438,196000,0.0,0.0,0.0
2014-05-07 00:00:00-04:00,92.62569621292685,92.75279094221995,91.3547618486088,92.64263916015625,253000,0.0,0.0,0.0
2014-05-08 00:00:00-04:00,92.56641461040651,93.46453976825372,91.70218182172636,91.9902572631836,245700,0.0,0.0,0.0
2014-05-09 00:00:00-04:00,91.85466659149405,92.3799819946289,91.42254709511982,92.3799819946289,189200,0.0,0.0,0.0
2014-05-12 00:00:00-04:00,92.86295123343231,94.31181586665667,92.82059062637526,94.06610107421875,191500,0.0,0.0,0.0
2014-05-13 00:00:00-04:00,94.09997678046085,94.36264094066965,93.43909195573447,93.47298431396484,198500,0.0,0.0,0.0
2014-05-14 00:00:00-04:00,93.25269431558404,93.33742844976271,92.27831641559769,92.41387939453125,1242600,0.0,0.0,0.0
2014-05-15 00:00:00-04:00,91.72759595102025,92.00719667334401,90.60069896075801,91.75301361083984,479800,0.0,0.0,0.0
2014-05-16 00:00:00-04:00,91.8292482741837,92.26136779785156,91.1598886871082,92.26136779785156,209800,0.0,0.0,0.0
2014-05-19 00:00:00-04:00,91.93940213736524,93.25269722207847,91.84619975830924,93.01545715332031,288300,0.0,0.0,0.0
2014-05-20 00:00:00-04:00,92.82058080502603,92.82058080502603,91.43102634015635,91.88008880615234,278700,0.0,0.0,0.0
2014-05-21 00:00:00-04:00,92.26986522704664,92.62572540979403,91.62592313614053,92.36306762695312,198800,0.0,0.0,0.0
2014-05-22 00:00:00-04:00,92.50708981208788,93.26965183583565,92.29526738684169,92.94767761230469,372000,0.0,0.0,0.0
2014-05-23 00:00:00-04:00,92.96460467586039,93.83731182376994,92.88834525966612,93.7949447631836,149900,0.0,0.0,0.0
2014-05-27 00:00:00-04:00,94.26098129989926,94.95575861135768,94.18472832800741,94.75241088867188,359700,0.0,0.0,0.0
2014-05-28 00:00:00-04:00,94.59140441716941,94.73544208858466,94.08303198232923,94.46430969238281,249000,0.0,0.0,0.0
2014-05-29 00:00:00-04:00,94.79475492997494,94.87948905856803,94.30333189138972,94.85406494140625,255000,0.0,0.0,0.0
2014-05-30 00:00:00-04:00,94.85406612833128,94.89643319315797,94.26096600659665,94.54057312011719,188400,0.0,0.0,0.0
2014-06-02 00:00:00-04:00,94.90490789898462,94.90490789898462,93.75259355020889,94.54057312011719,276700,0.0,0.0,0.0
2014-06-03 00:00:00-04:00,94.23556216822877,94.62531465740679,93.87970204301938,94.43043518066406,273600,0.0,0.0,0.0
2014-06-04 00:00:00-04:00,94.14236045141506,94.99812487084976,93.98984804462776,94.90492248535156,182300,0.0,0.0,0.0
2014-06-05 00:00:00-04:00,95.13364680434475,96.38763788163827,94.65069213534282,96.3113784790039,262300,0.0,0.0,0.0
2014-06-06 00:00:00-04:00,96.79435071171709,97.27730546835302,96.53169303518175,97.06548309326172,897300,0.0,0.0,0.0
2014-06-09 00:00:00-04:00,97.06549944666476,97.99752322553672,96.9214617587689,97.54845428466797,186100,0.0,0.0,0.0
2014-06-10 00:00:00-04:00,97.33662724808755,97.4721966874105,96.97229246029042,97.35357666015625,165000,0.0,0.0,0.0
2014-06-11 00:00:00-04:00,96.92996844555931,97.09942384436836,96.57410822947485,97.0316390991211,220100,0.0,0.0,0.0
2014-06-12 00:00:00-04:00,96.87064387824924,96.89606153782685,96.1504488448816,96.4554672241211,157900,0.0,0.0,0.0
2014-06-13 00:00:00-04:00,96.53170373451269,96.89603851862393,96.04027421839864,96.7689437866211,145300,0.0,0.0,0.0
2014-06-16 00:00:00-04:00,96.75203833751708,97.13331621699199,96.44701344821351,97.0316390991211,213700,0.0,0.0,0.0
2014-06-17 00:00:00-04:00,96.89603318034558,98.09918278649994,96.82824846510432,97.73484802246094,290100,0.0,0.0,0.0
2014-06-18 00:00:00-04:00,97.73484337736964,98.35336756201335,97.40440098665637,98.33641815185547,182900,0.0,0.0,0.0
2014-06-19 00:00:00-04:00,98.556732832912,98.70077052344487,97.99752501965791,98.50589752197266,211900,0.0,0.0,0.0
2014-06-20 00:00:00-04:00,98.61606514408075,98.77705228419168,98.33645794209076,98.7685775756836,219000,0.0,0.0,0.0
2014-06-23 00:00:00-04:00,98.89566137536946,99.04817379005378,98.4974341556766,98.64147186279297,281400,0.0,0.0,0.0
2014-06-24 00:00:00-04:00,98.47201621243515,99.20915416102059,97.70945414121934,97.79418182373047,653300,0.0,0.0,0.0
2014-06-25 00:00:00-04:00,97.24342476938656,98.47199857077128,97.23495652766805,98.4635238647461,511800,0.0,0.0,0.0
2014-06-26 00:00:00-04:00,98.45505693394006,98.4635316406345,97.5738813669327,98.36185455322266,190400,0.0,0.0,0.0
2014-06-27 00:00:00-04:00,97.97209955241861,98.92954099065538,97.97209955241861,98.92106628417969,466600,0.0,0.0,0.0
2014-06-30 00:00:00-04:00,98.76006395121877,99.25996812727422,98.54824157214405,99.23455047607422,360200,0.0,0.0,0.0
2014-07-01 00:00:00-04:00,99.73445541359301,100.61563735010228,99.53958243073707,100.02253723144531,501300,0.0,0.0,0.0
2014-07-02 00:00:00-04:00,100.08184220195653,100.28518988035205,99.53957741669775,99.67514038085938,282800,0.0,0.0,0.0
2014-07-03 00:00:00-04:00,100.00561092959292,100.24285103187813,99.85309851179414,100.13270568847656,1166000,0.0,0.0,0.0
2014-07-07 00:00:00-04:00,99.82764024388995,99.98015259964806,98.88714846076577,98.9549331665039,263900,0.0,0.0,0.0
2014-07-08 00:00:00-04:00,98.74313664370092,98.81092136717373,97.45525275494576,97.9212646484375,365100,0.0,0.0,0.0
2014-07-09 00:00:00-04:00,98.18391897866664,98.42116550262315,97.74333121993241,98.107666015625,231800,0.0,0.0,0.0
2014-07-10 00:00:00-04:00,96.41308967349437,97.92126421032789,96.13348253865033,97.3874740600586,251900,0.0,0.0,0.0
2014-07-11 00:00:00-04:00,97.37900053929837,97.48067762529071,96.87062803795084,97.2434310913086,436200,0.0,0.0,0.0
2014-07-14 00:00:00-04:00,98.1161047853176,98.22625006858206,97.51452368600678,97.65009307861328,772700,0.0,0.0,0.0
2014-07-15 00:00:00-04:00,97.63322063280415,97.95518847626498,96.54021585685122,97.0316390991211,235700,0.0,0.0,0.0
2014-07-16 00:00:00-04:00,97.52301889830954,97.57386066338128,96.60794469868793,96.9977035522461,228400,0.0,0.0,0.0
2014-07-17 00:00:00-04:00,96.33682984223769,97.05703121037426,95.55732492195875,95.70136260986328,253600,0.0,0.0,0.0
2014-07-18 00:00:00-04:00,95.87082397613743,97.05703076397528,95.83693161484985,97.01466369628906,170000,0.0,0.0,0.0
2014-07-21 00:00:00-04:00,96.44699363456563,96.75201846120623,96.10807644226409,96.62492370605469,374700,0.0,0.0,0.0
2014-07-22 00:00:00-04:00,97.09088977559418,97.5992685898263,96.97226977608805,97.25187683105469,340900,0.0,0.0,0.0
2014-07-23 00:00:00-04:00,97.43830432757977,97.6501267282919,97.02313423218986,97.35357666015625,144100,0.0,0.0,0.0
2014-07-24 00:00:00-04:00,97.63319492772801,97.79417557492056,97.20107537093247,97.3790054321289,165100,0.0,0.0,0.0
2014-07-25 00:00:00-04:00,96.71812543468003,97.04009320979723,96.47241063354805,96.6757583618164,246200,0.0,0.0,0.0
2014-07-28 00:00:00-04:00,96.74353512769584,96.93841459679305,95.74373305492172,96.3537826538086,167200,0.0,0.0,0.0
2014-07-29 00:00:00-04:00,96.63340942847813,96.97232019510324,96.20976450588824,96.2267074584961,136200,0.0,0.0,0.0
2014-07-30 00:00:00-04:00,96.79435796438777,96.86214268092941,96.08263783361957,96.43002319335938,174500,0.0,0.0,0.0
2014-07-31 00:00:00-04:00,95.5149764538187,95.74374184224368,94.25251007080078,94.25251007080078,419600,0.0,0.0,0.0
2014-08-01 00:00:00-04:00,94.32875673058587,94.65919917149279,93.31200528876646,94.00678253173828,558500,0.0,0.0,0.0
2014-08-04 00:00:00-04:00,94.32877312399643,94.80325333405465,93.48995158424744,94.70157623291016,639800,0.0,0.0,0.0
2014-08-05 00:00:00-04:00,94.21859792715979,95.04046984721766,93.794953140681,94.26943969726562,325700,0.0,0.0,0.0
2014-08-06 00:00:00-04:00,93.70174999147399,94.92184903496704,93.70174999147399,94.42195129394531,442800,0.0,0.0,0.0
2014-08-07 00:00:00-04:00,94.60838428197138,94.98966211475599,93.76109446306485,94.04069519042969,502500,0.0,0.0,0.0
2014-08-08 00:00:00-04:00,94.14236171715605,95.02354380551819,94.02374167298302,94.97270202636719,234200,0.0,0.0,0.0
2014-08-11 00:00:00-04:00,95.40480904992766,96.21820630200017,95.23535371319424,95.67594146728516,190600,0.0,0.0,0.0
2014-08-12 00:00:00-04:00,95.41329288728797,95.8623553904837,94.79476856683426,95.15910339355469,201700,0.0,0.0,0.0
2014-08-13 00:00:00-04:00,95.47262167367172,96.04877903698554,95.32010924031488,95.92168426513672,138900,0.0,0.0,0.0
2014-08-14 00:00:00-04:00,95.95558103054069,96.27754886490476,95.86237862453629,96.2182388305664,210900,0.0,0.0,0.0
2014-08-15 00:00:00-04:00,96.76046770114357,96.84520183080845,95.37938800931325,96.17584228515625,299500,0.0,0.0,0.0
2014-08-18 00:00:00-04:00,97.00618918890072,97.43830871582031,96.7011644009936,97.43830871582031,250300,0.0,0.0,0.0
2014-08-19 00:00:00-04:00,97.56540867472651,97.99752822476513,97.56540867472651,97.8958511352539,162200,0.0,0.0,0.0
2014-08-20 00:00:00-04:00,97.45523859811267,97.98903513753528,97.35356799197967,97.8788833618164,377000,0.0,0.0,0.0
2014-08-21 00:00:00-04:00,97.76874488461202,98.13307966543711,97.2688471313648,98.03140258789062,308100,0.0,0.0,0.0
2014-08-22 00:00:00-04:00,97.94667298561254,98.2771154007224,97.53150290637566,98.01445770263672,433400,0.0,0.0,0.0
2014-08-25 00:00:00-04:00,98.52283557069208,98.7007656144373,98.11614017479063,98.37032318115234,238100,0.0,0.0,0.0
2014-08-26 00:00:00-04:00,98.52281722565664,99.09897431615838,98.480456631304,98.98035430908203,159800,0.0,0.0,0.0
2014-08-27 00:00:00-04:00,99.06508376246268,99.10745082189085,98.62449608021572,98.78547668457031,185200,0.0,0.0,0.0
2014-08-28 00:00:00-04:00,98.4211648137317,98.6414554594035,98.03140590211319,98.47200012207031,150500,0.0,0.0,0.0
2014-08-29 00:00:00-04:00,98.64992611172192,99.09051384926713,98.35337605142165,99.02273559570312,408900,0.0,0.0,0.0
2014-09-02 00:00:00-04:00,99.24301794323351,99.64124504707834,98.92105025670017,99.3870620727539,311900,0.0,0.0,0.0
2014-09-03 00:00:00-04:00,99.86156116717632,99.895453529742,98.8956514591297,98.99732208251953,237300,0.0,0.0,0.0
2014-09-04 00:00:00-04:00,99.16677499112936,99.64125509583073,98.41268776859756,98.61603546142578,150600,0.0,0.0,0.0
2014-09-05 00:00:00-04:00,98.53979805626567,98.95496821341831,98.11615319181793,98.93801879882812,212100,0.0,0.0,0.0
2014-09-08 00:00:00-04:00,98.8617501930827,99.23455968342277,98.47199775513927,98.92953491210938,277100,0.0,0.0,0.0
2014-09-09 00:00:00-04:00,98.85327256681508,98.85327256681508,97.86194532148552,98.01445770263672,226200,0.0,0.0,0.0
2014-09-10 00:00:00-04:00,97.95515307908015,98.40421554152859,97.59929299158968,98.37032318115234,191500,0.0,0.0,0.0
2014-09-11 00:00:00-04:00,97.88736689321607,98.93800419192746,97.73485450595904,98.88716888427734,219800,0.0,0.0,0.0
2014-09-12 00:00:00-04:00,98.89565150893776,98.89565150893776,97.68402701991013,97.98905181884766,470200,0.0,0.0,0.0
2014-09-15 00:00:00-04:00,98.00600471317703,98.02295412834195,96.90453190684781,97.10787963867188,258700,0.0,0.0,0.0
2014-09-16 00:00:00-04:00,96.98073374730366,97.828023058181,96.80280376773595,97.65009307861328,178600,0.0,0.0,0.0
2014-09-17 00:00:00-04:00,97.73483936155051,98.32794587089323,97.34508697991106,97.77720642089844,251000,0.0,0.0,0.0
2014-09-18 00:00:00-04:00,98.13308715820312,98.2855995540144,97.92126474537119,98.13308715820312,177800,0.0,0.0,0.0
2014-09-19 00:00:00-04:00,98.6753535885441,98.6753535885441,97.0570336901887,97.30274200439453,448400,0.0,0.0,0.0
2014-09-22 00:00:00-04:00,96.98079659002912,96.98079659002912,95.73527946166628,95.92168426513672,409600,0.0,0.0,0.0
2014-09-23 00:00:00-04:00,95.59970442580017,96.07418461911695,95.09133186663107,95.09980010986328,241900,0.0,0.0,0.0
2014-09-24 00:00:00-04:00,95.15909775538168,95.83693205563716,94.7269846916681,95.70136260986328,289800,0.0,0.0,0.0
2014-09-25 00:00:00-04:00,95.48952809443163,95.5318951569421,94.02372081757825,94.29485321044922,461800,0.0,0.0,0.0
2014-09-26 00:00:00-04:00,94.62530101313897,95.0913128701278,94.28638388662951,94.96421813964844,561700,0.0,0.0,0.0
2014-09-29 00:00:00-04:00,93.98135412877123,95.10825076724647,93.96441118228336,94.9303207397461,262900,0.0,0.0,0.0
2014-09-30 00:00:00-04:00,94.86251497978006,94.95571732555166,93.7356185913086,93.7356185913086,256100,0.0,0.0,0.0
2014-10-01 00:00:00-04:00,93.64244873083331,93.73565110893755,92.17664126484294,92.43082427978516,578400,0.0,0.0,0.0
2014-10-02 00:00:00-04:00,92.31220737926867,93.26964884786577,91.50728477484247,92.97309875488281,594700,0.0,0.0,0.0
2014-10-03 00:00:00-04:00,93.65092054152319,94.04914769669016,93.19338337160626,93.67633819580078,694900,0.0,0.0,0.0
2014-10-06 00:00:00-04:00,93.95593299194617,94.01524299891308,92.94765640920272,93.16795349121094,443400,0.0,0.0,0.0
2014-10-07 00:00:00-04:00,92.67653341420433,92.94766582556473,91.62589612822116,91.65131378173828,287400,0.0,0.0,0.0
2014-10-08 00:00:00-04:00,91.5072899592657,93.15103408822353,90.72778496660207,93.11714172363281,526500,0.0,0.0,0.0
2014-10-09 00:00:00-04:00,92.96464268210777,92.96464268210777,90.87183573394572,90.88877868652344,312500,0.0,0.0,0.0
2014-10-10 00:00:00-04:00,90.65998617899967,91.27003571841844,89.3127988330387,89.38057708740234,605000,0.0,0.0,0.0
2014-10-13 00:00:00-04:00,89.51614490573255,89.99062499922934,88.32146350192698,88.36383056640625,543800,0.0,0.0,0.0
2014-10-14 00:00:00-04:00,89.12639797467978,90.34649064240568,88.77053141829899,89.2450180053711,860900,0.0,0.0,0.0
2014-10-15 00:00:00-04:00,88.37229843631692,90.06687745550379,87.4402748043194,89.63475799560547,1206100,0.0,0.0,0.0
2014-10-16 00:00:00-04:00,88.49094396082806,91.09212324657983,88.45705159495706,90.66000366210938,832100,0.0,0.0,0.0
2014-10-17 00:00:00-04:00,91.89701187600151,91.89701187600151,90.52440065621111,90.9565200805664,1021400,0.0,0.0,0.0
2014-10-20 00:00:00-04:00,90.69386978773507,91.96480405079586,90.69386978773507,91.95632934570312,718700,0.0,0.0,0.0
2014-10-21 00:00:00-04:00,92.45627379338801,93.90513870871993,92.43932437581897,93.87124633789062,865400,0.0,0.0,0.0
2014-10-22 00:00:00-04:00,94.04915213153308,94.3626516324554,92.66807231477011,92.75279998779297,391000,0.0,0.0,0.0
2014-10-23 00:00:00-04:00,93.60853880749869,94.76084648189789,93.42213409913394,94.21011352539062,453200,0.0,0.0,0.0
2014-10-24 00:00:00-04:00,94.2609550416207,94.47277741250075,93.74410793952893,94.41346740722656,300800,0.0,0.0,0.0
2014-10-27 00:00:00-04:00,93.94746552238563,94.28638264442995,93.26963774260342,94.26943969726562,218700,0.0,0.0,0.0
2014-10-28 00:00:00-04:00,94.73548541884497,96.31991992202242,94.47282760797573,96.29450225830078,329300,0.0,0.0,0.0
2014-10-29 00:00:00-04:00,96.48933283128291,96.86214230651453,95.35396792297766,96.1080551147461,555600,0.0,0.0,0.0
2014-10-30 00:00:00-04:00,95.72679864111723,96.89605616703436,95.5488621053204,96.62492370605469,346800,0.0,0.0,0.0
2014-10-31 00:00:00-04:00,98.32797352500685,98.32797352500685,97.34511435760183,97.97210693359375,519200,0.0,0.0,0.0
2014-11-03 00:00:00-05:00,98.2686640118716,98.58215706933458,97.71792440413749,98.02294921875,503300,0.0,0.0,0.0
2014-11-04 00:00:00-05:00,97.82805546052408,97.98056784556891,97.00618352246616,97.45524597167969,880100,0.0,0.0,0.0
2014-11-05 00:00:00-05:00,98.14158182987015,98.18394244246983,97.26887434575502,97.63320922851562,320300,0.0,0.0,0.0
2014-11-06 00:00:00-05:00,97.70944426036883,98.15003204345703,97.44678653185319,98.15003204345703,472700,0.0,0.0,0.0
2014-11-07 00:00:00-05:00,98.23476588926438,98.44658830564502,97.78570340082656,98.35338592529297,664200,0.0,0.0,0.0
2014-11-10 00:00:00-05:00,98.5143912951868,98.81941616848711,98.28562587236594,98.68385314941406,273500,0.0,0.0,0.0
2014-11-11 00:00:00-05:00,98.63298422219535,98.74312954168627,98.3787947596082,98.6668701171875,295200,0.0,0.0,0.0
2014-11-12 00:00:00-05:00,98.23476654986696,99.115948583653,98.18392477386485,98.99732208251953,202400,0.0,0.0,0.0
2014-11-13 00:00:00-05:00,99.06510026704325,99.27692267086312,98.20934240991183,98.47200012207031,532200,0.0,0.0,0.0
2014-11-14 00:00:00-05:00,98.49740005092394,98.72616536158647,98.05681237456051,98.4041976928711,239000,0.0,0.0,0.0
2014-11-17 00:00:00-05:00,98.27714406169056,98.51438417615609,97.82808149297965,97.99754333496094,209800,0.0,0.0,0.0
2014-11-18 00:00:00-05:00,98.37032135319865,98.89564323280862,98.29406839199913,98.56520080566406,315600,0.0,0.0,0.0
2014-11-19 00:00:00-05:00,98.43810262291876,98.48893792860359,97.34509830055019,97.91278076171875,284000,0.0,0.0,0.0
2014-11-20 00:00:00-05:00,97.47220510966869,98.73466491699219,97.43831274690942,98.73466491699219,554400,0.0,0.0,0.0
2014-11-21 00:00:00-05:00,100.13270093097513,100.13270093097513,98.70077921324825,98.98886108398438,795900,0.0,0.0,0.0
2014-11-24 00:00:00-05:00,99.21761596435931,99.92086791992188,99.16678065432582,99.92086791992188,397400,0.0,0.0,0.0
2014-11-25 00:00:00-05:00,100.03948950546375,100.4038243164078,99.50569934890682,99.9293441772461,999700,0.0,0.0,0.0
2014-11-26 00:00:00-05:00,99.88696649858778,100.13268124864132,99.79376412910862,100.12420654296875,191800,0.0,0.0,0.0
2014-11-28 00:00:00-05:00,100.08186757147458,100.08186757147458,98.84482531250887,99.00580596923828,298400,0.0,0.0,0.0
2014-12-01 00:00:00-05:00,98.70075131482494,98.74311837523386,97.51454473073909,97.531494140625,445400,0.0,0.0,0.0
2014-12-02 00:00:00-05:00,97.62473248196612,98.58216763559867,97.62473248196612,98.31103515625,450100,0.0,0.0,0.0
2014-12-03 00:00:00-05:00,98.33643637712976,99.34471314629732,98.21781634126383,99.14983367919922,383000,0.0,0.0,0.0
2014-12-04 00:00:00-05:00,99.0566466297631,99.13289960351348,98.39575520238786,98.83634948730469,254300,0.0,0.0,0.0
2014-12-05 00:00:00-05:00,99.17527549620576,99.42098385412484,98.92956067397839,99.21763610839844,350000,0.0,0.0,0.0
2014-12-08 00:00:00-05:00,98.99730267119556,99.68361156604195,97.86193783724929,98.22627258300781,383000,0.0,0.0,0.0
2014-12-09 00:00:00-05:00,97.2942702874212,99.17525431042311,97.01466315658428,99.1244125366211,594400,0.0,0.0,0.0
2014-12-10 00:00:00-05:00,98.81940210478115,98.9210792028471,97.01467724818838,97.10787963867188,480500,0.0,0.0,0.0
2014-12-11 00:00:00-05:00,97.52301943568204,98.59060600778989,97.31967176719202,97.531494140625,368800,0.0,0.0,0.0
2014-12-12 00:00:00-05:00,96.59101521923193,97.18411535853963,96.2097374817208,96.2520980834961,618200,0.0,0.0,0.0
2014-12-15 00:00:00-05:00,96.73506177098224,96.98077655531347,95.07437476434005,95.41329193115234,836400,0.0,0.0,0.0
2014-12-16 00:00:00-05:00,95.18451756213747,96.64185681561665,94.89644217981616,95.13368225097656,1214700,0.0,0.0,0.0
2014-12-17 00:00:00-05:00,95.39633299373494,97.72637939453125,95.26077001912807,97.72637939453125,796800,0.0,0.0,0.0
2014-12-18 00:00:00-05:00,99.02273919119253,99.25997924804688,98.23475959417961,99.25997924804688,1366700,0.0,0.0,0.0
2014-12-19 00:00:00-05:00,99.30235024662407,99.91239986486623,99.02274955851924,99.64974212646484,795300,0.0,0.0,0.0
2014-12-22 00:00:00-05:00,99.73912768714158,100.1258773803711,99.51566895743474,100.1258773803711,1444300,1.664,0.0,0.0
2014-12-23 00:00:00-05:00,100.5727708791749,100.84779443849978,100.20320735660593,100.38369750976562,910000,0.0,0.0,0.0
2014-12-24 00:00:00-05:00,100.5212119231145,100.78763916770217,100.23759201670099,100.5727767944336,247900,0.0,0.0,0.0
2014-12-26 00:00:00-05:00,100.91654705235827,101.34627175269064,100.91654705235827,101.09703063964844,315900,0.0,0.0,0.0
2014-12-29 00:00:00-05:00,101.29473194024776,101.80180406465695,101.15721685473194,101.56975555419922,853200,0.0,0.0,0.0
2014-12-30 00:00:00-05:00,101.47519591477824,101.63849340792484,101.0282850875861,101.04547119140625,569800,0.0,0.0,0.0
2014-12-31 00:00:00-05:00,101.46660601403177,101.6213071865319,100.22040686011582,100.26338195800781,576000,0.0,0.0,0.0
2015-01-02 00:00:00-05:00,100.77044217485775,100.99390085489486,99.12030090014954,99.93677520751953,622800,0.0,0.0,0.0
2015-01-05 00:00:00-05:00,99.36952012269683,99.42108497708506,98.02018512389556,98.3983383178711,596400,0.0,0.0,0.0
2015-01-06 00:00:00-05:00,98.62182404427709,98.69058157373674,96.39585312392178,97.14356994628906,569400,0.0,0.0,0.0
2015-01-07 00:00:00-05:00,97.8655280591163,98.31243896484375,97.42720692826896,98.31243896484375,503400,0.0,0.0,0.0
2015-01-08 00:00:00-05:00,99.06873286951361,99.9367786294323,98.9913855682438,99.87661743164062,406600,0.0,0.0,0.0
2015-01-09 00:00:00-05:00,100.11727208933286,100.11727208933286,98.78512927635553,99.03437042236328,447400,0.0,0.0,0.0
2015-01-12 00:00:00-05:00,99.19766119602721,99.23203996338955,97.88270449054475,98.57026672363281,402300,0.0,0.0,0.0
2015-01-13 00:00:00-05:00,99.2922202038443,100.19464498815519,97.4787808595446,98.55309295654297,900500,0.0,0.0,0.0
2015-01-14 00:00:00-05:00,97.53890952254041,98.2952291829485,97.06621629186382,98.19209289550781,428200,0.0,0.0,0.0
2015-01-15 00:00:00-05:00,98.5101027733373,98.681990048277,96.65368873000816,96.70525360107422,397800,0.0,0.0,0.0
2015-01-16 00:00:00-05:00,96.55056124888478,98.30383915313169,96.54197147430874,98.2178955078125,855000,0.0,0.0,0.0
2015-01-20 00:00:00-05:00,98.35540678043071,98.5186977330952,96.96309617464344,97.77098083496094,658500,0.0,0.0,0.0
2015-01-21 00:00:00-05:00,97.50454728136735,98.44994701706733,97.2123375863907,97.9686508178711,343100,0.0,0.0,0.0
2015-01-22 00:00:00-05:00,98.62185432870396,99.78211012703723,97.66786462501015,99.77351379394531,584700,0.0,0.0,0.0
2015-01-23 00:00:00-05:00,99.81646101773413,100.09148458611685,99.38673628231868,99.59300231933594,474000,0.0,0.0,0.0
2015-01-26 00:00:00-05:00,99.52423324894089,100.58135223388672,98.89683236419742,100.58135223388672,383100,0.0,0.0,0.0
2015-01-27 00:00:00-05:00,99.5844098341826,100.46964171590216,99.18906387521457,100.0399169921875,447300,0.0,0.0,0.0
2015-01-28 00:00:00-05:00,100.50402332728356,100.60715306736559,98.4241506222152,98.58744812011719,603300,0.0,0.0,0.0
2015-01-29 00:00:00-05:00,98.87108991716055,99.62740325927734,98.10618024243999,99.62740325927734,430300,0.0,0.0,0.0
2015-01-30 00:00:00-05:00,99.0085907911348,99.31799317011985,97.99444000603492,98.1147689819336,426600,0.0,0.0,0.0
2015-02-02 00:00:00-05:00,98.30383720638376,99.01718190685816,96.98888044350912,98.93983459472656,549900,0.0,0.0,0.0
2015-02-03 00:00:00-05:00,99.26642261667938,100.83921686040901,99.26642261667938,100.7962417602539,650600,0.0,0.0,0.0
2015-02-04 00:00:00-05:00,100.42668295571619,100.90797918337606,100.17744178857161,100.35792541503906,447800,0.0,0.0,0.0
2015-02-05 00:00:00-05:00,100.66733768353652,101.75024610583812,100.58999036048385,101.60414123535156,386000,0.0,0.0,0.0
2015-02-06 00:00:00-05:00,101.75884165381609,101.99089017826523,100.99393197648443,101.32911682128906,718100,0.0,0.0,0.0
2015-02-09 00:00:00-05:00,101.07126586464956,101.54396574043074,100.55559744557537,100.7188949584961,249500,0.0,0.0,0.0
2015-02-10 00:00:00-05:00,101.20877081890379,101.46660172411693,100.27196749251596,101.36347198486328,466100,0.0,0.0,0.0
2015-02-11 00:00:00-05:00,101.2689134879098,101.5353406750001,100.72745622759356,101.31188201904297,292700,0.0,0.0,0.0
2015-02-12 00:00:00-05:00,101.92214460356774,102.52376337402261,101.64712094072823,102.47219848632812,534300,0.0,0.0,0.0
2015-02-13 00:00:00-05:00,102.71282766733253,103.09098104774301,102.34326406217022,103.01363372802734,292100,0.0,0.0,0.0
2015-02-17 00:00:00-05:00,103.11675974367516,103.34880823672155,102.71281740663174,103.19410705566406,520900,0.0,0.0,0.0
2015-02-18 00:00:00-05:00,102.97065312610486,103.49491789978958,102.81595193785233,103.486328125,309400,0.0,0.0,0.0
2015-02-19 00:00:00-05:00,103.28863332897332,103.66679317852281,103.01360977214064,103.43473815917969,301200,0.0,0.0,0.0
2015-02-20 00:00:00-05:00,103.29725048508155,104.0105886763496,102.68704205024352,104.00199890136719,278700,0.0,0.0,0.0
2015-02-23 00:00:00-05:00,103.7527299853542,103.97618865966797,103.25424777229978,103.97618865966797,379500,0.0,0.0,0.0
2015-02-24 00:00:00-05:00,104.03638677742848,104.25983897396931,103.69260559272163,104.08795166015625,366800,0.0,0.0,0.0
2015-02-25 00:00:00-05:00,104.04495516396969,104.38873627800322,103.84728544942898,104.17387390136719,267300,0.0,0.0,0.0
2015-02-26 00:00:00-05:00,104.18246188973144,104.34575938116375,103.82149469958733,104.20824432373047,294100,0.0,0.0,0.0
2015-02-27 00:00:00-05:00,104.15669877127348,104.24264241956784,103.7785388502822,103.8043212890625,283300,0.0,0.0,0.0
2015-03-02 00:00:00-05:00,103.86450056814921,104.59503154136375,103.778556904903,104.55206298828125,549100,0.0,0.0,0.0
2015-03-03 00:00:00-05:00,104.26840816623114,104.27700449680843,103.65819983682407,104.02776336669922,562500,0.0,0.0,0.0
2015-03-04 00:00:00-05:00,103.60666185289053,103.75276672522276,103.04801824782413,103.62384796142578,320900,0.0,0.0,0.0
2015-03-05 00:00:00-05:00,103.81290307518135,103.9332254773504,103.34020324017499,103.76992797851562,393500,0.0,0.0,0.0
2015-03-06 00:00:00-05:00,103.28005539394154,103.60665043384216,102.24871851139642,102.4463882446289,333700,0.0,0.0,0.0
2015-03-09 00:00:00-04:00,102.73860460379314,102.91908823054197,102.39482345695153,102.75579071044922,298800,0.0,0.0,0.0
2015-03-10 00:00:00-04:00,101.92210917030717,101.96508426649983,101.33768982739298,101.56114196777344,402800,0.0,0.0,0.0
2015-03-11 00:00:00-04:00,101.90494886802614,102.26591616195542,101.3463052614704,102.15419006347656,264300,0.0,0.0,0.0
2015-03-12 00:00:00-04:00,102.72141342829124,103.62383813218985,102.62688000469319,103.57227325439453,449800,0.0,0.0,0.0
2015-03-13 00:00:00-04:00,103.46912093039515,103.64960453182991,102.15416429345677,103.03079986572266,438900,0.0,0.0,0.0
2015-03-16 00:00:00-04:00,103.57226302820607,103.97620534993312,103.35740064916652,103.9074478149414,293200,0.0,0.0,0.0
2015-03-17 00:00:00-04:00,103.69259584293452,104.22545039990132,103.5378946522164,104.19107818603516,322000,0.0,0.0,0.0
2015-03-18 00:00:00-04:00,103.9074373500293,105.53179624740659,103.62381746456246,105.20520782470703,318500,0.0,0.0,0.0
2015-03-19 00:00:00-04:00,104.99033235929389,105.24816322173645,104.73249493977337,105.10205841064453,1172800,0.0,0.0,0.0
2015-03-20 00:00:00-04:00,105.65214819268022,106.1506305749668,105.30836701327289,106.09046936035156,521100,0.0,0.0,0.0
2015-03-23 00:00:00-04:00,106.03889789127794,106.2967354150305,105.90998568648227,105.9357681274414,315100,0.0,0.0,0.0
2015-03-24 00:00:00-04:00,105.8583991022547,106.01310028295691,105.51461797212981,105.66931915283203,1311600,0.0,0.0,0.0
2015-03-25 00:00:00-04:00,105.78280297986801,105.86018956877477,103.57308361001252,103.63327026367188,428100,0.052,0.0,0.0
2015-03-26 00:00:00-04:00,103.34954996822863,103.84824322731467,102.84226329974265,103.40973663330078,459300,0.0,0.0,0.0
2015-03-27 00:00:00-04:00,103.38392424742592,104.03738403348608,103.06579760199327,104.00299072265625,346300,0.0,0.0,0.0
2015-03-30 00:00:00-04:00,104.6650586795123,105.54206521492179,104.55327877059128,105.38729858398438,439800,0.0,0.0,0.0
2015-03-31 00:00:00-04:00,105.00038692138561,106.530853317899,104.73384037737715,105.37870025634766,536800,0.0,0.0,0.0
2015-04-01 00:00:00-04:00,105.03478243083244,105.2153424135357,103.95141597475889,104.8628158569336,1595000,0.0,0.0,0.0
2015-04-02 00:00:00-04:00,104.83702736978134,105.64525390493034,104.80263405340752,105.21534729003906,453400,0.0,0.0,0.0
2015-04-06 00:00:00-04:00,104.72524155831438,105.9977613135556,104.46729499611095,105.87738800048828,466600,0.0,0.0,0.0
2015-04-07 00:00:00-04:00,105.82584791507557,106.0322013197991,105.16378784179688,105.16378784179688,287700,0.0,0.0,0.0
2015-04-08 00:00:00-04:00,105.30991311716082,105.97196632878197,105.13794655840283,105.85159301757812,407100,0.0,0.0,0.0
2015-04-09 00:00:00-04:00,105.85157608983171,106.06652933401384,104.82839654837204,105.61942291259766,322700,0.0,0.0,0.0
2015-04-10 00:00:00-04:00,105.91177696075752,106.15252357699964,105.77420371727442,105.99775695800781,414200,0.0,0.0,0.0
2015-04-13 00:00:00-04:00,106.07514626403676,106.41906626184577,105.81719970582654,105.85159301757812,399600,0.0,0.0,0.0
2015-04-14 00:00:00-04:00,105.99777986170243,106.10955978614885,105.18955328123319,105.92899322509766,456700,0.0,0.0,0.0
2015-04-15 00:00:00-04:00,106.31589129513888,106.96075112115892,106.17831805019166,106.63401794433594,282900,0.0,0.0,0.0
2015-04-16 00:00:00-04:00,106.50506756538988,106.737214252034,106.1439410219316,106.46207427978516,339900,0.0,0.0,0.0
2015-04-17 00:00:00-04:00,105.93759772224915,105.93759772224915,104.59629105040435,105.00040435791016,423000,0.0,0.0,0.0
2015-04-20 00:00:00-04:00,105.55066137530271,106.04934800379539,105.43888147041439,105.8429946899414,350400,0.0,0.0,0.0
2015-04-21 00:00:00-04:00,106.22132659537654,106.30730660589896,105.68824003437068,105.79141998291016,938700,0.0,0.0,0.0
2015-04-22 00:00:00-04:00,105.86019461733457,106.10094124345343,105.1637415233724,106.01496124267578,399200,0.0,0.0,0.0
2015-04-23 00:00:00-04:00,105.91179161829432,106.81459811399843,105.89459824040613,106.60823822021484,262600,0.0,0.0,0.0
2015-04-24 00:00:00-04:00,106.73723396654185,106.73723396654185,106.18695392040674,106.30732727050781,466500,0.0,0.0,0.0
2015-04-27 00:00:00-04:00,106.54804338238733,106.90916332901854,105.1379503490004,105.32711029052734,440000,0.0,0.0,0.0
2015-04-28 00:00:00-04:00,105.37013452492404,105.76564790073158,104.46732783328672,105.73125457763672,638400,0.0,0.0,0.0
2015-04-29 00:00:00-04:00,105.28411210005939,105.5076653441539,104.71663886179287,104.97457885742188,323700,0.0,0.0,0.0
2015-04-30 00:00:00-04:00,104.38994026309845,104.6220869774613,102.87666695511516,103.22918701171875,510700,0.0,0.0,0.0
2015-05-01 00:00:00-04:00,103.55590435589932,104.14057759682709,103.33235108617143,104.0459976196289,666300,0.0,0.0,0.0
2015-05-04 00:00:00-04:00,104.17498990937631,104.94022327545099,104.00302330135902,104.46732330322266,561500,0.0,0.0,0.0
2015-05-05 00:00:00-04:00,104.42431270284465,104.59627928235834,102.75627952061458,103.02281951904297,581900,0.0,0.0,0.0
2015-05-06 00:00:00-04:00,103.39251214289126,103.54727874362815,102.5069058119506,103.1431655883789,338900,0.0,0.0,0.0
2015-05-07 00:00:00-04:00,103.13458469706225,103.82243784086039,102.67029136883032,103.56449127197266,338400,0.0,0.0,0.0
2015-05-08 00:00:00-04:00,104.29534638275365,104.9144063919018,104.29534638275365,104.47590637207031,265300,0.0,0.0,0.0
2015-05-11 00:00:00-04:00,104.4931166544614,105.07779000200946,104.29536325506072,104.46732330322266,268800,0.0,0.0,0.0
2015-05-12 00:00:00-04:00,104.16635460103632,104.59626113545261,103.19476163494951,104.32112121582031,333200,0.0,0.0,0.0
2015-05-13 00:00:00-04:00,104.7080514206031,104.88001799811552,104.13197814560844,104.41571807861328,287000,0.0,0.0,0.0
2015-05-14 00:00:00-04:00,104.94020459556798,105.4302978614313,104.52749136964688,105.36151123046875,704100,0.0,0.0,0.0
2015-05-15 00:00:00-04:00,105.30993378013349,105.48189381277845,104.94880721581146,105.45610046386719,512000,0.0,0.0,0.0
2015-05-18 00:00:00-04:00,106.4018783569336,106.45346504728676,105.16374530962696,106.4018783569336,275100,0.0,0.0,0.0
2015-05-19 00:00:00-04:00,106.29872569243945,106.37611230768029,105.91181229580174,106.2127456665039,303600,0.0,0.0,0.0
2015-05-20 00:00:00-04:00,106.38468933981996,106.61683601577658,105.8430028294977,106.31590270996094,335400,0.0,0.0,0.0
2015-05-21 00:00:00-04:00,106.29010936372731,106.61683601577658,106.01496940414528,106.31590270996094,233600,0.0,0.0,0.0
2015-05-22 00:00:00-04:00,106.20412281840211,106.47926277804095,105.8344028826511,106.14393615722656,473000,0.0,0.0,0.0
2015-05-26 00:00:00-04:00,105.851616597721,105.851616597721,104.68226997708997,105.10357666015625,418900,0.0,0.0,0.0
2015-05-27 00:00:00-04:00,105.2497497276691,106.14394979146516,104.82843648546825,106.0837631225586,308400,0.0,0.0,0.0
2015-05-28 00:00:00-04:00,105.87738963421509,106.0837429512498,105.38729640634911,105.97196960449219,655800,0.0,0.0,0.0
2015-05-29 00:00:00-04:00,105.85159353833613,105.97196685013218,104.94878714001226,105.3099136352539,709800,0.0,0.0,0.0
2015-06-01 00:00:00-04:00,105.9891700948697,106.04076334748153,104.75104354970586,105.56786346435547,496900,0.0,0.0,0.0
2015-06-02 00:00:00-04:00,105.17234420343372,106.161130637508,104.96599088427551,105.69683074951172,379300,0.0,0.0,0.0
2015-06-03 00:00:00-04:00,106.0493393031059,106.59962569465824,105.6194327746,106.3244857788086,589400,0.0,0.0,0.0
2015-06-04 00:00:00-04:00,105.8515968339052,106.12673677798426,105.07776369122854,105.32711029052734,300100,0.0,0.0,0.0
2015-06-05 00:00:00-04:00,105.19813321760012,105.90317970889824,104.42430010279645,105.7484130859375,632100,0.0,0.0,0.0
2015-06-08 00:00:00-04:00,105.63666326237092,105.92899663757656,105.034796572327,105.13796997070312,287200,0.0,0.0,0.0
2015-06-09 00:00:00-04:00,105.20674408663055,105.28412412620202,104.29534419023344,104.88861083984375,290200,0.0,0.0,0.0
2015-06-10 00:00:00-04:00,105.48189643349299,106.41908978644585,105.33572974612775,106.0837631225586,400000,0.0,0.0,0.0
2015-06-11 00:00:00-04:00,106.33310098282537,106.56525422932386,106.12674764360234,106.46207427978516,346500,0.0,0.0,0.0
2015-06-12 00:00:00-04:00,106.15252357699964,106.23850357424993,105.8085970281452,105.99775695800781,367400,0.0,0.0,0.0
2015-06-15 00:00:00-04:00,105.48189105850753,105.75703103946806,104.59628444978628,105.67105102539062,712000,0.0,0.0,0.0
2015-06-16 00:00:00-04:00,105.47330562400579,106.41909902890278,105.46471221331204,106.24713897705078,312900,0.0,0.0,0.0
2015-06-17 00:00:00-04:00,106.52225440716067,106.72001432501106,105.87739452178687,106.22132110595703,349800,0.0,0.0,0.0
2015-06-18 00:00:00-04:00,106.60823167076482,107.63141142839012,106.48785835337993,107.31327819824219,486400,0.0,0.0,0.0
2015-06-19 00:00:00-04:00,107.27028492074695,107.57121819581855,107.09831836366787,107.24449157714844,307600,0.0,0.0,0.0
2015-06-22 00:00:00-04:00,107.78619387170525,107.88077385779039,107.47666056449114,107.68301391601562,282600,0.0,0.0,0.0
2015-06-23 00:00:00-04:00,107.70020020952373,107.91515350341797,107.56262695270154,107.91515350341797,239300,0.0,0.0,0.0
2015-06-24 00:00:00-04:00,107.81197194617181,107.91515188724321,106.78879218340552,106.8747787475586,280100,0.0,0.0,0.0
2015-06-25 00:00:00-04:00,107.1757257507617,107.21011906885121,106.27291919051233,106.64263916015625,309200,0.0,0.0,0.0
2015-06-26 00:00:00-04:00,106.79739161368946,106.9091649627299,106.00636508235594,106.50505828857422,333200,0.0,0.0,0.0
2015-06-29 00:00:00-04:00,105.88599292272553,106.12673956012424,103.97720664070168,104.06318664550781,525000,0.0,0.0,0.0
2015-06-30 00:00:00-04:00,104.96596898057646,104.96596898057646,104.05456277142842,104.44148254394531,347200,0.0,0.0,0.0
2015-07-01 00:00:00-04:00,105.4216831265752,105.4216831265752,104.35551673540643,104.75102996826172,883700,0.0,0.0,0.0
2015-07-02 00:00:00-04:00,104.93159537963467,105.09496197381048,104.06318227986044,104.35552215576172,585500,0.0,0.0,0.0
2015-07-06 00:00:00-04:00,103.68488194749602,104.74245518517438,103.50432194298602,104.09759521484375,501600,0.0,0.0,0.0
2015-07-07 00:00:00-04:00,104.43291200255713,104.5790786743164,102.57571887469041,104.5790786743164,512200,0.0,0.0,0.0
2015-07-08 00:00:00-04:00,103.54730448634456,104.05459112829902,102.42095128753745,102.82505798339844,381900,0.0,0.0,0.0
2015-07-09 00:00:00-04:00,103.84823171931424,104.14916501132686,103.04000525517712,103.16038513183594,627800,0.0,0.0,0.0
2015-07-10 00:00:00-04:00,104.15775192870288,104.46728515023256,103.84821870717322,104.3297119140625,349800,0.0,0.0,0.0
2015-07-13 00:00:00-04:00,105.00896782344965,105.45607429313704,104.91438786101013,105.30130767822266,433100,0.0,0.0,0.0
2015-07-14 00:00:00-04:00,105.32710812365096,106.01496124962439,105.24972809090207,105.87738800048828,305800,0.0,0.0,0.0
2015-07-15 00:00:00-04:00,105.93758889434197,106.1267488573992,105.08637562043886,105.2755355834961,395800,0.0,0.0,0.0
2015-07-16 00:00:00-04:00,105.96336800301069,105.99776131529528,105.59364809576827,105.8429946899414,491300,0.0,0.0,0.0
2015-07-17 00:00:00-04:00,105.92899826385795,105.9375982338063,104.98320492504503,105.23255157470703,311500,0.0,0.0,0.0
2015-07-20 00:00:00-04:00,105.30992403257999,105.32711741031115,104.68225750779904,104.88861083984375,989300,0.0,0.0,0.0
2015-07-21 00:00:00-04:00,104.94018165453163,105.28410161445146,104.20933534007015,104.38130187988281,312100,0.0,0.0,0.0
2015-07-22 00:00:00-04:00,104.02878952200454,104.69944271872795,103.93420955222523,104.5876693725586,401300,0.0,0.0,0.0
2015-07-23 00:00:00-04:00,104.77683425962326,104.94879427105808,103.54730115428791,103.75365447998047,372400,0.0,0.0,0.0
2015-07-24 00:00:00-04:00,103.77945228660403,103.98581218102078,102.4037524564301,102.54991912841797,518700,0.0,0.0,0.0
2015-07-27 00:00:00-04:00,102.14582181245059,102.19740851086699,101.42357523534672,101.62992858886719,698300,0.0,0.0,0.0
2015-07-28 00:00:00-04:00,102.0254390875686,102.7992657320243,101.0452459888732,102.6530990600586,889400,0.0,0.0,0.0
2015-07-29 00:00:00-04:00,102.67030324753915,103.71067649200856,102.3607699530031,103.54730987548828,642900,0.0,0.0,0.0
2015-07-30 00:00:00-04:00,103.2807714621593,103.82245145603443,102.84226486148631,103.74507141113281,660600,0.0,0.0,0.0
2015-07-31 00:00:00-04:00,103.95140403520838,104.68224385073775,103.75364413790234,104.14056396484375,463000,0.0,0.0,0.0
2015-08-03 00:00:00-04:00,104.16634577516938,104.23513238921254,103.07437959675501,103.65045928955078,943300,0.0,0.0,0.0
2015-08-04 00:00:00-04:00,103.81385154394891,104.19217147884457,103.23777823207023,103.46992492675781,413100,0.0,0.0,0.0
2015-08-05 00:00:00-04:00,104.00299779670641,104.77683094337871,103.51290456378958,103.80524444580078,334000,0.0,0.0,0.0
2015-08-06 00:00:00-04:00,103.93422056780521,104.08898721113324,101.92226076439528,102.67889404296875,627200,0.0,0.0,0.0
2015-08-07 00:00:00-04:00,102.35218816121471,102.53274818845196,101.67293478645236,102.21461486816406,769200,0.0,0.0,0.0
2015-08-10 00:00:00-04:00,102.73905898415262,103.6590586805699,102.68747230056847,103.52149200439453,281700,0.0,0.0,0.0
2015-08-11 00:00:00-04:00,102.86805070964678,103.2549640256541,102.24898415615175,102.73048400878906,578700,0.0,0.0,0.0
2015-08-12 00:00:00-04:00,102.05121400182699,102.79065375684777,100.89046112509116,102.56710052490234,898300,0.0,0.0,0.0
2015-08-13 00:00:00-04:00,102.67030610908513,102.87665945790899,102.07703285138004,102.42095947265625,328600,0.0,0.0,0.0
2015-08-14 00:00:00-04:00,102.31779405475343,103.08302745188709,102.07704735361327,102.9970474243164,287100,0.0,0.0,0.0
2015-08-17 00:00:00-04:00,102.78208463002541,103.98582458496094,102.39516470173095,103.98582458496094,420400,0.0,0.0,0.0
2015-08-18 00:00:00-04:00,103.89123321575799,103.89123321575799,103.22057995199953,103.42693328857422,452700,0.0,0.0,0.0
2015-08-19 00:00:00-04:00,102.83364756295342,103.07439418632819,101.73308782189534,102.26617431640625,552200,0.0,0.0,0.0
2015-08-20 00:00:00-04:00,101.55253056097224,101.56113052913726,99.83290427977363,99.85009765625,739900,0.0,0.0,0.0
2015-08-21 00:00:00-04:00,99.14505003471012,99.51476994342775,97.88972365065467,98.09607696533203,1208500,0.0,0.0,0.0
2015-08-24 00:00:00-04:00,93.7196236146786,97.2534558188827,77.4089688039053,94.209716796875,1791600,0.0,0.0,0.0
2015-08-25 00:00:00-04:00,95.14693191672595,97.27926498046257,93.22954559326172,93.22954559326172,2090300,0.0,0.0,0.0
2015-08-26 00:00:00-04:00,94.1581297323862,96.05831580164924,93.24672343103812,95.73158264160156,992100,0.0,0.0,0.0
2015-08-27 00:00:00-04:00,96.66018414460132,98.25943698603497,96.15289757998632,97.88971710205078,1138900,0.0,0.0,0.0
2015-08-28 00:00:00-04:00,97.71775825062328,98.74093135927632,97.60597835146349,98.56037139892578,600300,0.0,0.0,0.0
2015-08-31 00:00:00-04:00,98.30243519742699,98.80972178750258,97.76074873565071,98.07028198242188,766000,0.0,0.0,0.0
2015-09-01 00:00:00-04:00,97.09010211485577,97.09010211485577,94.98356246073685,95.40486907958984,726800,0.0,0.0,0.0
2015-09-02 00:00:00-04:00,96.3506551585821,96.81495502589281,95.31888204890504,96.7891616821289,737500,0.0,0.0,0.0
2015-09-03 00:00:00-04:00,96.96973418082548,97.96712066762318,96.77198081317532,97.03852081298828,538400,0.0,0.0,0.0
2015-09-04 00:00:00-04:00,96.10131344870109,96.67739324804408,95.59402683597729,95.98954010009766,921400,0.0,0.0,0.0
2015-09-08 00:00:00-04:00,97.4340161668717,98.32822254076812,97.16747621613877,98.26803588867188,430200,0.0,0.0,0.0
2015-09-09 00:00:00-04:00,98.93871999930153,99.1020866317803,97.07292664042717,97.18470001220703,509400,0.0,0.0,0.0
2015-09-10 00:00:00-04:00,97.01273123793108,98.08749780781017,96.86656455879262,97.4254379272461,312600,0.0,0.0,0.0
2015-09-11 00:00:00-04:00,97.03850399565673,97.8553237915039,96.6515907365403,97.8553237915039,687600,0.0,0.0,0.0
2015-09-14 00:00:00-04:00,98.12188013336045,98.12188013336045,97.30505369584264,97.47702026367188,301400,0.0,0.0,0.0
2015-09-15 00:00:00-04:00,97.73494243826711,98.74092207701746,97.54578252810497,98.60335540771484,498200,0.0,0.0,0.0
2015-09-16 00:00:00-04:00,98.61196146496177,99.59214782374683,98.49158816194276,99.48896789550781,496900,0.0,0.0,0.0
2015-09-17 00:00:00-04:00,99.52337210090248,100.95066507846595,99.34281212660596,99.71253204345703,549000,0.0,0.0,0.0
2015-09-18 00:00:00-04:00,98.32824381363314,99.18805706379793,97.96712382292901,98.20787048339844,640800,0.0,0.0,0.0
2015-09-21 00:00:00-04:00,98.80113604568895,99.54056934829089,97.98430958560886,98.24225616455078,319800,0.0,0.0,0.0
2015-09-22 00:00:00-04:00,97.47702851523927,97.51142183171656,96.23889536147428,96.76338195800781,352300,0.0,0.0,0.0
2015-09-23 00:00:00-04:00,97.06429172460668,97.22765829826913,96.18728532673265,96.4624252319336,412500,0.0,0.0,0.0
2015-09-24 00:00:00-04:00,96.00674331121621,96.18730329274341,94.98356352270812,96.04113006591797,490000,0.0,0.0,0.0
2015-09-25 00:00:00-04:00,96.77744521219982,97.1330246391087,94.93018560775802,95.40718078613281,437400,0.959,0.0,0.0
2015-09-28 00:00:00-04:00,95.17299657498155,95.1816710172609,92.37175383488332,92.68396759033203,819900,0.0,0.0,0.0
2015-09-29 00:00:00-04:00,92.76202308230286,93.30839387758672,91.80803949292068,92.20697784423828,794400,0.0,0.0,0.0
2015-09-30 00:00:00-04:00,93.08290912878074,93.73335337228755,92.56255505730749,93.62060546875,785100,0.0,0.0,0.0
2015-10-01 00:00:00-04:00,93.63796359803555,93.97619410871701,92.38910840988143,93.55123901367188,1089000,0.0,0.0,0.0
2015-10-02 00:00:00-04:00,92.83143205533429,95.02559692614481,92.1462964454112,94.99090576171875,668800,0.0,0.0,0.0
2015-10-05 00:00:00-04:00,95.84948030178681,97.2110769303939,95.78010459703499,97.11568450927734,436400,0.0,0.0,0.0
2015-10-06 00:00:00-04:00,97.05495821626042,97.46256438973614,96.19636703916586,96.74274444580078,606300,0.0,0.0,0.0
2015-10-07 00:00:00-04:00,97.20241100166211,98.18241149829888,96.76010696483381,98.14772033691406,316600,0.0,0.0,0.0
2015-10-08 00:00:00-04:00,98.04364232929257,99.30983980098654,97.74009635583121,99.0843505859375,379200,0.0,0.0,0.0
2015-10-09 00:00:00-04:00,99.21443879245537,99.57001156999361,98.9282417117572,99.28382110595703,315700,0.0,0.0,0.0
2015-10-12 00:00:00-04:00,99.32715118857463,99.55264033351457,98.84148836869754,99.11901092529297,300500,0.0,0.0,0.0
2015-10-13 00:00:00-04:00,98.68540225282818,99.57000352014224,97.92221671599525,97.99159240722656,558600,0.0,0.0,0.0
2015-10-14 00:00:00-04:00,98.06098454915066,98.46859737806943,97.07230972084893,97.23709106445312,229500,0.0,0.0,0.0
2015-10-15 00:00:00-04:00,97.47993397299439,98.80683947085848,96.87284857190468,98.78082275390625,268900,0.0,0.0,0.0
2015-10-16 00:00:00-04:00,98.95427194469616,99.06701987370586,98.06099604046935,98.78082275390625,457400,0.0,0.0,0.0
2015-10-19 00:00:00-04:00,98.39920984867142,99.24045217583178,98.26911966938637,98.9022216796875,220200,0.0,0.0,0.0
2015-10-20 00:00:00-04:00,98.82415748111079,99.48327615428578,98.59000046936566,98.910888671875,428500,0.0,0.0,0.0
2015-10-21 00:00:00-04:00,99.29247834592428,99.29247834592428,97.50592697204175,97.60132598876953,282200,0.0,0.0,0.0
2015-10-22 00:00:00-04:00,98.18240218192209,98.71143076368249,97.57532345694877,98.31249237060547,421000,0.0,0.0,0.0
2015-10-23 00:00:00-04:00,98.98895281466439,99.11036855892667,98.17372714605034,98.99762725830078,555200,0.0,0.0,0.0
2015-10-26 00:00:00-04:00,98.99760220412719,99.0149444703492,98.30379245536382,98.52928161621094,387900,0.0,0.0,0.0
2015-10-27 00:00:00-04:00,98.18239510969961,98.26911969035434,97.05496232786524,97.62734985351562,570800,0.0,0.0,0.0
2015-10-28 00:00:00-04:00,97.81814430270424,99.8475272053519,97.61867181954071,99.83018493652344,411200,0.0,0.0,0.0
2015-10-29 00:00:00-04:00,99.51797156971604,99.82151090040908,98.88486957998954,99.18841552734375,389700,0.0,0.0,0.0
2015-10-30 00:00:00-04:00,99.03229628652917,99.5179591550526,98.8501727108329,98.93689727783203,260500,0.0,0.0,0.0
2015-11-02 00:00:00-05:00,99.06698851062708,100.91424761270972,98.99760620961149,100.76681518554688,808300,0.0,0.0,0.0
2015-11-03 00:00:00-05:00,100.67145209963579,101.46065455116265,100.35056380542746,100.95764923095703,495200,0.0,0.0,0.0
2015-11-04 00:00:00-05:00,101.23513495566824,101.3565506731118,100.34185272496158,100.77548217773438,432700,0.0,0.0,0.0
2015-11-05 00:00:00-05:00,100.84487980603738,101.01833558350702,99.93426178680184,100.8275375366211,411000,0.0,0.0,0.0
2015-11-06 00:00:00-05:00,100.58471738381049,101.16577941623373,99.83019955439829,101.13108825683594,618700,0.0,0.0,0.0
2015-11-09 00:00:00-05:00,101.06168031007377,101.25247833004659,99.483269349381,100.07300567626953,334900,0.0,0.0,0.0
2015-11-10 00:00:00-05:00,99.7781600588162,100.34187316894531,99.44859737290005,100.34187316894531,275700,0.0,0.0,0.0
2015-11-11 00:00:00-05:00,100.54135474399285,100.54135474399285,99.57869654648034,99.59603881835938,228700,0.0,0.0,0.0
2015-11-12 00:00:00-05:00,98.89354725772667,99.02363743703947,97.60133314098535,97.62734985351562,361700,0.0,0.0,0.0
2015-11-13 00:00:00-05:00,97.43656914606821,97.80949086424465,96.62135000284212,96.86418151855469,379900,0.0,0.0,0.0
2015-11-16 00:00:00-05:00,96.67337135226671,97.85284423828125,96.49991556511063,97.85284423828125,393800,0.0,0.0,0.0
2015-11-17 00:00:00-05:00,98.14771174840965,98.68541477782838,97.44523398765989,97.58399200439453,333600,0.0,0.0,0.0
2015-11-18 00:00:00-05:00,97.87884532971339,99.21442490266523,97.63601388311498,99.15371704101562,602900,0.0,0.0,0.0
2015-11-19 00:00:00-05:00,99.10167197013229,99.26645327909287,98.69406584357033,98.93689727783203,369400,0.0,0.0,0.0
2015-11-20 00:00:00-05:00,99.28384192944561,99.77817943766803,99.12773499965627,99.4312744140625,375100,0.0,0.0,0.0
2015-11-23 00:00:00-05:00,99.43994430873643,100.19445558763834,99.4139209744099,99.80419158935547,428300,0.0,0.0,0.0
2015-11-24 00:00:00-05:00,99.47461384450177,100.54134542439556,99.10169217537845,100.42860412597656,282000,0.0,0.0,0.0
2015-11-25 00:00:00-05:00,100.47196385023115,101.06170029373251,100.27249796566167,100.93161010742188,342500,0.0,0.0,0.0
2015-11-27 00:00:00-05:00,101.0096644096681,101.36523718583169,100.69745061677924,101.15709686279297,490600,0.0,0.0,0.0
2015-11-30 00:00:00-05:00,101.34790771206025,101.50401462821478,100.67144661427811,100.71480560302734,378900,0.0,0.0,0.0
2015-12-01 00:00:00-05:00,101.25248439541302,101.47797357949396,100.7408047808895,101.46062469482422,311500,0.0,0.0,0.0
2015-12-02 00:00:00-05:00,101.45197022865278,101.54736264025466,100.24647401847331,100.38523864746094,295600,0.0,0.0,0.0
2015-12-03 00:00:00-05:00,100.7321635255072,100.86225373674618,98.32985169017141,98.77215576171875,497600,0.0,0.0,0.0
2015-12-04 00:00:00-05:00,98.80684217337816,99.9082584600108,98.71144313083565,99.80419158935547,426900,0.0,0.0,0.0
2015-12-07 00:00:00-05:00,99.69145178631132,99.69145178631132,98.08702343847384,98.4859619140625,395800,0.0,0.0,0.0
2015-12-08 00:00:00-05:00,97.67938785162032,98.2951410047564,97.20239932735745,97.92222595214844,428900,0.0,0.0,0.0
2015-12-09 00:00:00-05:00,97.62736607839612,98.66807445253308,96.54329209839409,96.90753936767578,478700,0.0,0.0,0.0
2015-12-10 00:00:00-05:00,96.90752837724474,97.73142847860399,96.65602244840845,97.23709106445312,395800,0.0,0.0,0.0
2015-12-11 00:00:00-05:00,96.31778363752855,96.43919936972708,95.06026071833179,95.36380004882812,1546500,0.0,0.0,0.0
2015-12-14 00:00:00-05:00,95.28574282822974,95.78008016303863,93.99352223402668,94.73069763183594,644700,0.0,0.0,0.0
2015-12-15 00:00:00-05:00,95.2163683245102,96.19636863227878,95.2163683245102,95.96221160888672,956600,0.0,0.0,0.0
2015-12-16 00:00:00-05:00,96.60398037685533,97.50593053922199,96.11831744968141,97.33248138427734,540900,0.0,0.0,0.0
2015-12-17 00:00:00-05:00,97.76612480002264,97.84417494585561,96.13567339822735,96.17903900146484,1654600,0.0,0.0,0.0
2015-12-18 00:00:00-05:00,95.8321272643835,95.95354300488779,94.84345245361328,94.84345245361328,1112500,0.0,0.0,0.0
2015-12-21 00:00:00-05:00,95.30310682652232,95.67602852319371,94.76540377512154,95.43319702148438,710900,0.0,0.0,0.0
2015-12-22 00:00:00-05:00,95.66732838131735,96.47387943343497,95.12963209101252,96.30043029785156,990700,0.0,0.0,0.0
2015-12-23 00:00:00-05:00,96.82026204010744,97.70115503109143,96.66327009002143,97.6488265991211,917500,0.626,0.0,0.0
2015-12-24 00:00:00-05:00,97.65754234165306,98.19828717284237,97.40461051724941,97.74475860595703,252500,0.0,0.0,0.0
2015-12-28 00:00:00-05:00,97.33485412597656,97.35230137479827,96.49756584527927,97.33485412597656,855600,0.0,0.0,0.0
2015-12-29 00:00:00-05:00,97.8494222459343,98.32911502733222,97.4307748608735,98.25934600830078,800400,0.0,0.0,0.0
2015-12-30 00:00:00-05:00,98.18958938363292,98.40763341407045,97.41335316760934,97.43079376220703,1266400,0.0,0.0,0.0
2015-12-31 00:00:00-05:00,97.1778471716273,97.5267188983288,96.49755096435547,96.49755096435547,813100,0.0,0.0,0.0
2016-01-04 00:00:00-05:00,95.06718793389642,95.11951636672585,93.95952729589816,94.9625244140625,649400,0.0,0.0,0.0
2016-01-05 00:00:00-05:00,95.3201300044726,95.3201300044726,94.55261740591189,95.0148696899414,675800,0.0,0.0,0.0
2016-01-06 00:00:00-05:00,93.81997594556374,94.33456326708014,93.06118039858534,93.59320831298828,1288500,0.0,0.0,0.0
2016-01-07 00:00:00-05:00,92.23261998395796,92.62509655626211,90.98540792982821,91.07262420654297,1182700,0.0,0.0,0.0
2016-01-08 00:00:00-05:00,91.37786549774748,91.79651285475536,89.65096095375317,89.80795288085938,999200,0.0,0.0,0.0
2016-01-11 00:00:00-05:00,90.08704828092729,90.43591996700431,88.4473600067914,89.37186431884766,1331300,0.0,0.0,0.0
2016-01-12 00:00:00-05:00,90.06090493964298,90.55804504490332,88.18572501482745,89.62481689453125,1681500,0.0,0.0,0.0
2016-01-13 00:00:00-05:00,89.79054008069295,90.2091875982959,86.44138655657554,86.94725036621094,1458300,0.0,0.0,0.0
2016-01-14 00:00:00-05:00,87.32225508706331,88.6130717161344,85.83955203767056,87.97638702392578,1301500,0.0,0.0,0.0
2016-01-15 00:00:00-05:00,85.90063144884903,86.65942713282296,84.67086647598236,86.53732299804688,1723000,0.0,0.0,0.0
2016-01-19 00:00:00-05:00,87.38331704685373,87.44436910171903,84.81911743416111,85.63024139404297,775600,0.0,0.0,0.0
2016-01-20 00:00:00-05:00,84.56618311125433,86.34542292765856,82.20258697910928,85.46452331542969,1379400,0.0,0.0,0.0
2016-01-21 00:00:00-05:00,85.53429253739375,86.9908247323971,84.99354106941009,85.48196411132812,945000,0.0,0.0,0.0
2016-01-22 00:00:00-05:00,86.94723667242755,87.81941276374154,86.67685755928086,87.62753295898438,949800,0.0,0.0,0.0
2016-01-25 00:00:00-05:00,87.15655404665084,87.34843384474935,85.60408172265421,85.76979064941406,689200,0.0,0.0,0.0
2016-01-26 00:00:00-05:00,86.10121413380212,87.69729778020148,85.93549856764353,87.63624572753906,1114200,0.0,0.0,0.0
2016-01-27 00:00:00-05:00,87.25248129558669,88.11593360766894,86.1012093280856,86.58090209960938,969700,0.0,0.0,0.0
2016-01-28 00:00:00-05:00,87.39205242389868,87.70603638767794,86.14484019393558,86.45882415771484,449700,0.0,0.0,0.0
2016-01-29 00:00:00-05:00,86.90362164817809,89.21488952636719,86.90362164817809,89.21488952636719,620100,0.0,0.0,0.0
2016-02-01 00:00:00-05:00,88.68286206259236,89.56376174651665,88.0723414821549,89.13639068603516,509200,0.0,0.0,0.0
2016-02-02 00:00:00-05:00,88.29038673150221,88.35143879039947,86.8338476335098,87.15655517578125,806200,0.0,0.0,0.0
2016-02-03 00:00:00-05:00,87.8455711822391,87.8455711822391,85.5517439548497,87.58391571044922,645700,0.0,0.0,0.0
2016-02-04 00:00:00-05:00,87.32226210425027,89.0317262381219,87.23503918232007,88.28165435791016,876800,0.0,0.0,0.0
2016-02-05 00:00:00-05:00,87.73217679396156,87.73217679396156,85.91805585078656,86.02271270751953,650000,0.0,0.0,0.0
2016-02-08 00:00:00-05:00,85.17672235042208,85.17672235042208,83.01372266333928,84.21732330322266,1063500,0.0,0.0,0.0
2016-02-09 00:00:00-05:00,82.9614029167885,84.66214385285245,82.91779144491963,83.7201919555664,803100,0.0,0.0,0.0
2016-02-10 00:00:00-05:00,84.2696576833512,85.42964684614087,83.74634669686945,83.7637939453125,822400,0.0,0.0,0.0
2016-02-11 00:00:00-05:00,82.46426073681052,83.28410182371721,81.90606851221084,82.7171859741211,853300,0.0,0.0,0.0
2016-02-12 00:00:00-05:00,83.51960105828222,84.39177732389534,83.06606567382437,84.29583740234375,799700,0.0,0.0,0.0
2016-02-16 00:00:00-05:00,85.22031192177998,86.27564403077612,84.7493361067101,86.21459197998047,610200,0.0,0.0,0.0
2016-02-17 00:00:00-05:00,86.81637547949713,88.15952694113565,86.7640470635154,87.74960327148438,599700,0.0,0.0,0.0
2016-02-18 00:00:00-05:00,87.82811170223663,87.92405158491843,87.07803988536487,87.4443588256836,491600,0.0,0.0,0.0
2016-02-19 00:00:00-05:00,87.08677680874735,87.62752835243809,86.51114407891217,87.60136413574219,411000,0.0,0.0,0.0
2016-02-22 00:00:00-05:00,88.47355431396578,89.03174653989433,88.42121921803883,88.72648620605469,912700,0.0,0.0,0.0
2016-02-23 00:00:00-05:00,88.54329949742291,88.81367856670428,87.94150261688888,87.985107421875,1041900,0.0,0.0,0.0
2016-02-24 00:00:00-05:00,87.19144993107453,88.90963799451052,86.59836988868307,88.71775817871094,1044000,0.0,0.0,0.0
2016-02-25 00:00:00-05:00,88.91834973661092,89.65098111256987,88.58692521782918,89.62481689453125,291000,0.0,0.0,0.0
2016-02-26 00:00:00-05:00,90.20916563712196,90.50570228867659,89.83412968392498,90.25277709960938,975800,0.0,0.0,0.0
2016-02-29 00:00:00-05:00,90.26148883227101,90.92434442940967,89.90390014648438,89.90390014648438,302500,0.0,0.0,0.0
2016-03-01 00:00:00-05:00,90.61908004395477,91.80523983567122,90.25276775202963,91.7790756225586,304600,0.0,0.0,0.0
2016-03-02 00:00:00-05:00,91.70931319013692,92.79080963134766,91.53487398724796,92.79080963134766,502600,0.0,0.0,0.0
2016-03-03 00:00:00-05:00,92.80825306617969,93.86358524714804,92.70358954874587,93.84613800048828,672400,0.0,0.0,0.0
2016-03-04 00:00:00-05:00,93.95953139489252,94.9450879631671,93.63682385195776,94.43922424316406,1386700,0.0,0.0,0.0
2016-03-07 00:00:00-05:00,94.0292983357243,95.328845448342,93.9246414678237,95.20674133300781,1466800,0.0,0.0,0.0
2016-03-08 00:00:00-05:00,94.73573799063375,94.75317857883417,93.01755059635445,93.10476684570312,568200,0.0,0.0,0.0
2016-03-09 00:00:00-05:00,93.4013423746201,93.73277357620134,92.9042022264243,93.55833435058594,295600,0.0,0.0,0.0
2016-03-10 00:00:00-05:00,93.94207811617991,94.14268152819085,92.17156186400823,93.12223052978516,472800,0.0,0.0,0.0
2016-03-11 00:00:00-05:00,93.9333440735187,95.08461602360474,93.85485143459597,95.03228759765625,422700,0.0,0.0,0.0
2016-03-14 00:00:00-04:00,94.66598669227018,94.99741118675826,94.27350348793362,94.71831512451172,656000,0.0,0.0,0.0
2016-03-15 00:00:00-04:00,94.18042720525598,94.3553510348605,93.4107530129132,93.66439056396484,299700,0.305,0.0,0.0
2016-03-16 00:00:00-04:00,93.3232955041318,94.72271299876617,93.3232955041318,94.57402038574219,651100,0.0,0.0,0.0
2016-03-17 00:00:00-04:00,94.43405475298773,96.13958514565714,94.16292086310573,95.85970306396484,432000,0.0,0.0,0.0
2016-03-18 00:00:00-04:00,96.01716371080084,96.73436216057522,95.84223986370155,96.52445220947266,553900,0.0,0.0,0.0
2016-03-21 00:00:00-04:00,96.38449901578215,96.72560515760338,96.06963078134466,96.35826110839844,655200,0.0,0.0,0.0
2016-03-22 00:00:00-04:00,95.98215867613769,96.69935698445829,95.65854895553815,96.40198516845703,466500,0.0,0.0,0.0
2016-03-23 00:00:00-04:00,96.06086973099819,96.12209372675176,94.76641095560338,94.81889343261719,421300,0.0,0.0,0.0
2016-03-24 00:00:00-04:00,94.29413477835803,94.99384350012616,93.77810476756464,94.96760559082031,719000,0.0,0.0,0.0
2016-03-28 00:00:00-04:00,95.25622085321196,95.40490676434219,94.47779185388983,95.1337661743164,333000,0.0,0.0,0.0
2016-03-29 00:00:00-04:00,94.89761839965516,97.17166137695312,94.65272238758065,97.17166137695312,313100,0.0,0.0,0.0
2016-03-30 00:00:00-04:00,97.670193634558,97.8713620126063,97.01421936727903,97.25037384033203,658600,0.0,0.0,0.0
2016-03-31 00:00:00-04:00,97.29408304115599,97.78388160561062,97.18913144891961,97.51274108886719,434700,0.0,0.0,0.0
2016-04-01 00:00:00-04:00,96.88300794114721,97.86259842845998,96.34074023615213,97.74015045166016,391500,0.0,0.0,0.0
2016-04-04 00:00:00-04:00,97.60896969394265,97.87136207017471,96.90051962019754,97.00547790527344,439100,0.0,0.0,0.0
2016-04-05 00:00:00-04:00,96.26203272299097,96.58564908941977,95.82471655518103,95.88594055175781,340400,0.0,0.0,0.0
2016-04-06 00:00:00-04:00,95.94716190208972,96.98797648810431,95.69352440392066,96.96173858642578,345300,0.0,0.0,0.0
2016-04-07 00:00:00-04:00,96.35827507332449,96.69063974279742,95.25624276599531,95.7285385131836,257000,0.0,0.0,0.0
2016-04-08 00:00:00-04:00,96.5156784609683,96.96174282776003,95.95591429095782,96.27078247070312,294300,0.0,0.0,0.0
2016-04-11 00:00:00-04:00,96.79555524009369,97.4252915650651,96.05211911813602,96.06086730957031,350100,0.0,0.0,0.0
2016-04-12 00:00:00-04:00,96.1046027229263,97.20664138109255,95.78099301564976,97.01422119140625,359600,0.0,0.0,0.0
2016-04-13 00:00:00-04:00,97.64396182358897,98.85970034096331,97.50402410775463,98.8509521484375,672400,0.0,0.0,0.0
2016-04-14 00:00:00-04:00,98.79846889425431,98.92966508059241,98.40488700815526,98.65853118896484,308400,0.0,0.0,0.0
2016-04-15 00:00:00-04:00,98.36989286125464,99.00837068403226,98.34365496071784,98.92965698242188,782100,0.0,0.0,0.0
2016-04-18 00:00:00-04:00,98.50108141088286,99.53314768055371,98.33489915646277,99.41944122314453,342500,0.0,0.0,0.0
2016-04-19 00:00:00-04:00,99.77808786479933,100.30286608629918,99.35826128384917,99.82181549072266,341400,0.0,0.0,0.0
2016-04-20 00:00:00-04:00,99.74307315934581,100.39029922450865,99.36698098507918,99.88301086425781,450900,0.0,0.0,0.0
2016-04-21 00:00:00-04:00,99.91800438823888,100.10167639310785,98.99089617140056,99.17456817626953,352200,0.0,0.0,0.0
2016-04-22 00:00:00-04:00,99.2620333255822,100.21538615104926,99.2620333255822,100.11042785644531,1063300,0.0,0.0,0.0
2016-04-25 00:00:00-04:00,99.96174471484181,99.96174471484181,99.16582597275884,99.576904296875,355100,0.0,0.0,0.0
2016-04-26 00:00:00-04:00,99.81304766250648,100.5040080299896,99.55940347650011,100.46027374267578,440100,0.0,0.0,0.0
2016-04-27 00:00:00-04:00,100.55649590847844,101.17748415997671,100.25911739945727,101.02005004882812,330100,0.0,0.0,0.0
2016-04-28 00:00:00-04:00,100.59146265933342,101.09874432175631,99.67309607546036,99.89175415039062,335400,0.0,0.0,0.0
2016-04-29 00:00:00-04:00,99.6119015933933,99.83930792711057,98.50986270082778,99.23580932617188,661800,0.0,0.0,0.0
2016-05-02 00:00:00-04:00,99.54194206157145,100.05797880691415,98.97343616426738,99.98800659179688,325900,0.0,0.0,0.0
2016-05-03 00:00:00-04:00,99.37575176153133,99.37575176153133,97.88013091640588,98.46613311767578,930700,0.0,0.0,0.0
2016-05-04 00:00:00-04:00,98.02881422506448,98.81598482589696,97.5477636709678,97.91510772705078,457900,0.0,0.0,0.0
2016-05-05 00:00:00-04:00,98.43113679691302,98.49236080154189,97.47778395578807,97.67020416259766,450600,0.0,0.0,0.0
2016-05-06 00:00:00-04:00,97.39031255700637,98.22121730792229,97.1891508497881,98.1512451171875,1005600,0.0,0.0,0.0
2016-05-09 00:00:00-04:00,98.15124576220589,98.73724784940109,97.81888119048918,98.29118347167969,334600,0.0,0.0,0.0
2016-05-10 00:00:00-04:00,98.79849449665124,99.3844967181793,98.36992640494293,99.32327270507812,364900,0.0,0.0,0.0
2016-05-11 00:00:00-04:00,99.25329719707251,99.3320109176142,98.27370641297291,98.33493041992188,312100,0.0,0.0,0.0
2016-05-12 00:00:00-04:00,98.73725262917799,98.85970063323845,97.27661810008844,97.87136840820312,462400,0.0,0.0,0.0
2016-05-13 00:00:00-04:00,97.71394081872951,98.17749496112437,96.84805654005017,97.16291809082031,457500,0.0,0.0,0.0
2016-05-16 00:00:00-04:00,97.48651924860319,98.57106147547852,97.27660935664042,98.24745178222656,267100,0.0,0.0,0.0
2016-05-17 00:00:00-04:00,98.10749703414731,98.58854743666073,96.76056258002416,97.20662689208984,1749400,0.0,0.0,0.0
2016-05-18 00:00:00-04:00,96.85679087034532,97.98506747598054,96.48944686095219,97.13667297363281,449100,0.0,0.0,0.0
2016-05-19 00:00:00-04:00,96.489470276452,97.26789277365195,95.77227179567505,96.62066650390625,2218000,0.0,0.0,0.0
2016-05-20 00:00:00-04:00,96.99674758684333,97.97633173639794,96.83056527307966,97.91510772705078,336700,0.0,0.0,0.0
2016-05-23 00:00:00-04:00,98.00255998326996,98.28244207548332,97.68769179541552,97.8013916015625,289800,0.0,0.0,0.0
2016-05-24 00:00:00-04:00,98.32616038837858,99.64685701399732,98.32616038837858,99.48067474365234,389000,0.0,0.0,0.0
2016-05-25 00:00:00-04:00,99.68185899983541,100.29409903096315,99.5769007061067,100.16290283203125,390500,0.0,0.0,0.0
2016-05-26 00:00:00-04:00,100.33782461395631,100.53024479930218,99.8655223425388,100.0491943359375,234500,0.0,0.0,0.0
2016-05-27 00:00:00-04:00,100.01421506097923,100.94132995605469,99.92675315428947,100.94132995605469,772600,0.0,0.0,0.0
2016-05-31 00:00:00-04:00,101.12503270632467,101.4661389171599,100.74019219239047,101.10753631591797,589800,0.0,0.0,0.0
2016-06-01 00:00:00-04:00,100.74891938261308,101.74599989454676,100.53900277900445,101.71101379394531,496300,0.0,0.0,0.0
2016-06-02 00:00:00-04:00,101.44858412591343,102.41067818398314,101.34363253556171,102.3931884765625,1553300,0.0,0.0,0.0
2016-06-03 00:00:00-04:00,102.32325419662142,102.32325419662142,101.21247385889833,101.92967224121094,390600,0.0,0.0,0.0
2016-06-06 00:00:00-04:00,102.10457797075783,103.11915469280324,102.05210216545039,102.95297241210938,467700,0.0,0.0,0.0
2016-06-07 00:00:00-04:00,103.04917985821348,103.59145429982448,102.72556349699022,103.2416000366211,595900,0.0,0.0,0.0
2016-06-08 00:00:00-04:00,103.37283611314614,103.95009019822818,103.31161209392656,103.84513854980469,418900,0.0,0.0,0.0
2016-06-09 00:00:00-04:00,103.48652000472775,103.81013644095768,103.00546944721253,103.3553237915039,549600,0.0,0.0,0.0
2016-06-10 00:00:00-04:00,102.44568871743544,102.44568871743544,101.40488071824328,101.6935043334961,768500,0.0,0.0,0.0
2016-06-13 00:00:00-04:00,101.40486947534879,101.82468923621539,100.47775471368172,100.59146118164062,410500,0.0,0.0,0.0
2016-06-14 00:00:00-04:00,100.3406399109123,100.78788638464268,99.6390837678401,100.22663879394531,378400,0.304,0.0,0.0
2016-06-15 00:00:00-04:00,100.5599022451091,101.23515780980271,100.34943601937373,100.4809799194336,500500,0.0,0.0,0.0
2016-06-16 00:00:00-04:00,99.86710495753847,100.37573777396369,98.99892597129562,100.30558013916016,811700,0.0,0.0,0.0
2016-06-17 00:00:00-04:00,100.47219257167586,100.84928145692137,99.92848099346617,100.26172637939453,739100,0.0,0.0,0.0
2016-06-20 00:00:00-04:00,101.7087093836141,102.19102808473804,101.39300670732183,101.4631576538086,485100,0.0,0.0,0.0
2016-06-21 00:00:00-04:00,101.48945938286147,101.55961032077525,100.78789647892611,101.28775787353516,611800,0.0,0.0,0.0
2016-06-22 00:00:00-04:00,101.49823002073485,101.88409030958766,100.92821096418416,100.97206115722656,407700,0.0,0.0,0.0
2016-06-23 00:00:00-04:00,101.98057590860219,102.81367621929466,101.94549708522759,102.78736877441406,266800,0.0,0.0,0.0
2016-06-24 00:00:00-04:00,98.85862751560317,100.44590569462193,98.6130757686458,98.8936996459961,1227600,0.0,0.0,0.0
2016-06-27 00:00:00-04:00,97.66595821940753,97.76242328854424,95.40342481881896,95.85943603515625,840200,0.0,0.0,0.0
2016-06-28 00:00:00-04:00,96.88547326429304,97.89396076905872,96.71885056427789,97.6834945678711,865800,0.0,0.0,0.0
2016-06-29 00:00:00-04:00,98.87617103561638,99.88466547077401,98.65693340582565,99.78820037841797,553700,0.0,0.0,0.0
2016-06-30 00:00:00-04:00,99.98987687008892,101.44561767578125,99.472479370384,101.44561767578125,1289300,0.0,0.0,0.0
2016-07-01 00:00:00-04:00,101.48946712667394,102.19102339353948,101.33161579577416,101.75254821777344,923900,0.0,0.0,0.0
2016-07-05 00:00:00-04:00,101.43685151016143,101.48947308395032,99.80572322531899,100.4458999633789,564000,0.0,0.0,0.0
2016-07-06 00:00:00-04:00,99.91972553722606,101.16499343492814,99.73556676564479,101.10360717773438,1061700,0.0,0.0,0.0
2016-07-07 00:00:00-04:00,101.37546569798563,101.95425617801918,100.75283171196813,101.25269317626953,783800,0.0,0.0,0.0
2016-07-08 00:00:00-04:00,102.1383943502278,103.41874088305099,102.05946535042263,103.26966094970703,1004600,0.0,0.0,0.0
2016-07-11 00:00:00-04:00,103.76951773282688,104.31322256940004,103.67305267654474,104.08522033691406,934200,0.0,0.0,0.0
2016-07-12 00:00:00-04:00,104.90078928514141,105.68127445730116,104.66400897548436,105.2515640258789,1051200,0.0,0.0,0.0
2016-07-13 00:00:00-04:00,105.74266141277697,105.78650491036255,104.62893086263337,104.94463348388672,1058100,0.0,0.0,0.0
2016-07-14 00:00:00-04:00,105.7076025511577,105.87422526898891,105.05866112525815,105.08496856689453,492700,0.0,0.0,0.0
2016-07-15 00:00:00-04:00,105.54975090517543,105.55852228256236,104.94465298688803,105.2077407836914,619200,0.0,0.0,0.0
2016-07-18 00:00:00-04:00,105.05865666313204,105.61990436287242,104.94464883341581,105.40943145751953,480300,0.0,0.0,0.0
2016-07-19 00:00:00-04:00,105.52344541656092,105.52344541656092,104.71665263764665,105.0323486328125,392900,0.0,0.0,0.0
2016-07-20 00:00:00-04:00,105.26034685724319,105.90928822695214,104.81310031634918,105.69882202148438,492900,0.0,0.0,0.0
2016-07-21 00:00:00-04:00,105.69884081095758,106.06715840864986,105.0323565694659,105.27790832519531,567200,0.0,0.0,0.0
2016-07-22 00:00:00-04:00,105.26036737869161,106.10223905529308,105.12005877789204,105.99700927734375,743700,0.0,0.0,0.0
2016-07-25 00:00:00-04:00,105.7689694483904,105.95312819673114,105.40065195170892,105.75142669677734,592200,0.0,0.0,0.0
2016-07-26 00:00:00-04:00,105.742670551597,106.2776107788086,105.51466159640847,106.2776107788086,672500,0.0,0.0,0.0
2016-07-27 00:00:00-04:00,106.42666217790473,106.6108208917185,105.57601953033769,106.04080200195312,486500,0.0,0.0,0.0
2016-07-28 00:00:00-04:00,105.9969922833368,106.41792470885072,105.6725182419446,106.20745849609375,390500,0.0,0.0,0.0
2016-07-29 00:00:00-04:00,106.11097989638546,106.86515764412012,105.57603971042019,106.52314758300781,926900,0.0,0.0,0.0
2016-08-01 00:00:00-04:00,106.61085962383493,106.85640466479404,105.97945426673975,106.38285064697266,1226600,0.0,0.0,0.0
2016-08-02 00:00:00-04:00,106.36531566311437,106.47055212056587,104.63772229090604,104.96219635009766,1032500,0.0,0.0,0.0
2016-08-03 00:00:00-04:00,104.92709801714727,105.76019807258388,104.61139539410617,105.75142669677734,518900,0.0,0.0,0.0
2016-08-04 00:00:00-04:00,105.83035670005074,106.28636788731775,105.57604032404818,105.84789276123047,464700,0.0,0.0,0.0
2016-08-05 00:00:00-04:00,106.33022533901311,107.04932432729007,106.13729519986077,106.92655181884766,466400,0.0,0.0,0.0
2016-08-08 00:00:00-04:00,107.0054946131898,107.38258358716963,106.79502837138281,106.91780090332031,977000,0.0,0.0,0.0
2016-08-09 00:00:00-04:00,107.0230129685986,107.1545568487118,106.7862326462749,106.90901184082031,393500,0.0,0.0,0.0
2016-08-10 00:00:00-04:00,106.96162707201127,107.0230133241881,106.16359910311274,106.35652923583984,410100,0.0,0.0,0.0
2016-08-11 00:00:00-04:00,106.7774887084961,106.97918356534102,106.34777817058983,106.7774887084961,460600,0.0,0.0,0.0
2016-08-12 00:00:00-04:00,106.6108458995515,107.01424222785418,106.37407226642156,106.75992584228516,647600,0.0,0.0,0.0
2016-08-15 00:00:00-04:00,106.97041026331075,107.864896706771,106.97041026331075,107.67196655273438,349700,0.0,0.0,0.0
2016-08-16 00:00:00-04:00,107.44395232327763,107.44395232327763,106.65470237262004,106.68978118896484,383500,0.0,0.0,0.0
2016-08-17 00:00:00-04:00,106.75116431240639,106.76870037476415,105.77774893185254,106.4617691040039,328000,0.0,0.0,0.0
2016-08-18 00:00:00-04:00,106.51439853391713,107.2334976196289,106.49686246916355,107.2334976196289,322800,0.0,0.0,0.0
2016-08-19 00:00:00-04:00,107.13700703813588,107.23347209782375,106.6634531152861,107.18962860107422,382700,0.0,0.0,0.0
2016-08-22 00:00:00-04:00,107.10191790923022,107.30361938476562,106.69852164875799,107.30361938476562,315000,0.0,0.0,0.0
2016-08-23 00:00:00-04:00,107.7509148810936,108.24200504078138,107.7509148810936,107.9964599609375,608500,0.0,0.0,0.0
2016-08-24 00:00:00-04:00,107.92626780571867,108.03150424512023,106.8826948594349,107.08439636230469,282300,0.0,0.0,0.0
2016-08-25 00:00:00-04:00,106.86516987488442,107.63688377201987,106.81255499502979,107.28610229492188,656200,0.0,0.0,0.0
2016-08-26 00:00:00-04:00,107.47026083609295,108.1367382400075,106.40914509627686,106.97916412353516,576900,0.0,0.0,0.0
2016-08-29 00:00:00-04:00,107.16332854889755,107.94381381389809,107.07563485328178,107.68073272705078,237000,0.0,0.0,0.0
2016-08-30 00:00:00-04:00,107.80352459046865,107.92629712448922,107.18089054204967,107.63690185546875,501800,0.0,0.0,0.0
2016-08-31 00:00:00-04:00,107.59302997870518,107.59302997870518,106.62837933629575,107.24224853515625,301700,0.0,0.0,0.0
2016-09-01 00:00:00-04:00,107.2597845965639,107.47902216245703,106.30391202075762,107.24224853515625,678500,0.0,0.0,0.0
2016-09-02 00:00:00-04:00,107.75967506662705,108.3209228515625,107.69828879923102,108.3209228515625,1412800,0.0,0.0,0.0
2016-09-06 00:00:00-04:00,108.54016743915807,108.56648157595978,107.8473823872206,108.47001647949219,751000,0.0,0.0,0.0
2016-09-07 00:00:00-04:00,108.33846254837762,108.93478913935398,108.20691863892968,108.92601776123047,617700,0.0,0.0,0.0
2016-09-08 00:00:00-04:00,108.78572150927349,108.85587247041879,108.44371132025817,108.63663482666016,487300,0.0,0.0,0.0
2016-09-09 00:00:00-04:00,107.84737503489573,107.84737503489573,105.28667449951172,105.28667449951172,809100,0.0,0.0,0.0
2016-09-12 00:00:00-04:00,104.87450930224972,106.7599542552587,104.7078932533337,106.62841033935547,939800,0.0,0.0,0.0
2016-09-13 00:00:00-04:00,105.99700544822338,105.99700544822338,104.10278922634724,104.62019348144531,801100,0.0,0.0,0.0
2016-09-14 00:00:00-04:00,104.70787092495621,105.29542604134937,104.25185300581519,104.52371215820312,304900,0.0,0.0,0.0
2016-09-15 00:00:00-04:00,104.49742825981036,105.81285405346999,104.38342040904152,105.67253875732422,602200,0.0,0.0,0.0
2016-09-16 00:00:00-04:00,105.28667058690324,105.44452193807736,104.8131165333809,105.26913452148438,1495000,0.0,0.0,0.0
2016-09-19 00:00:00-04:00,105.7426816639074,106.63716813503173,105.45328642390223,105.9531478881836,357600,0.0,0.0,0.0
2016-09-20 00:00:00-04:00,106.43954027380019,106.47477923805909,105.54960517164737,105.55841827392578,476900,0.572,0.0,0.0
2016-09-21 00:00:00-04:00,105.8755940937504,107.10915918196991,105.55838972180094,107.02986145019531,343200,0.0,0.0,0.0
2016-09-22 00:00:00-04:00,107.70833285052015,108.5277764383104,107.70833285052015,108.44847869873047,542100,0.0,0.0,0.0
2016-09-23 00:00:00-04:00,108.36919373488357,108.51017648273782,107.65548706054688,107.65548706054688,396000,0.0,0.0,0.0
2016-09-26 00:00:00-04:00,107.17966052687535,107.51448440739857,106.81840406663007,106.87126922607422,632700,0.0,0.0,0.0
2016-09-27 00:00:00-04:00,106.83604180812758,107.2677897030519,106.53646355683279,107.09156799316406,539600,0.0,0.0,0.0
2016-09-28 00:00:00-04:00,107.33827678976841,108.06960962921143,106.58051136714046,108.02555084228516,372200,0.0,0.0,0.0
2016-09-29 00:00:00-04:00,107.9286051513325,108.00790960734186,106.4835659672299,106.77433776855469,797300,0.0,0.0,0.0
2016-09-30 00:00:00-04:00,107.22373915949123,108.03436979237087,106.72149988450848,107.65548706054688,1233600,0.0,0.0,0.0
2016-10-03 00:00:00-04:00,107.36467006887239,107.52327223234798,106.73026141496999,107.07389831542969,1080100,0.0,0.0,0.0
2016-10-04 00:00:00-04:00,107.28543432958215,107.47046917346508,106.04304887753152,106.4483642578125,845100,0.0,0.0,0.0
2016-10-05 00:00:00-04:00,107.05632570467158,107.56737809096538,106.93296915934928,107.02108001708984,1140900,0.0,0.0,0.0
2016-10-06 00:00:00-04:00,106.83602023077694,107.16203772289471,106.25447660523051,106.98580932617188,687100,0.0,0.0,0.0
2016-10-07 00:00:00-04:00,107.13561463611174,107.44401269644503,105.72582086109222,106.1663818359375,1298900,0.0,0.0,0.0
2016-10-10 00:00:00-04:00,106.16637196908597,107.68190265729223,106.16637196908597,107.1884765625,385500,0.0,0.0,0.0
2016-10-11 00:00:00-04:00,106.95055952441108,107.02986398048606,104.92398345840766,105.4350357055664,398100,0.0,0.0,0.0
2016-10-12 00:00:00-04:00,105.51434768292727,105.85798468664747,105.12665189517047,105.53196716308594,316700,0.0,0.0,0.0
2016-10-13 00:00:00-04:00,104.75658277833698,105.320500259908,104.03406308492244,104.95924377441406,622200,0.0,0.0,0.0
2016-10-14 00:00:00-04:00,105.41740481440411,105.82272000956871,104.66845267719938,104.69488525390625,535500,0.0,0.0,0.0
2016-10-17 00:00:00-04:00,104.8182637668931,105.0032985651149,104.43056796732733,104.50987243652344,382400,0.0,0.0,0.0
2016-10-18 00:00:00-04:00,105.54079368858785,105.54960679100148,104.90638476335673,105.11785888671875,436200,0.0,0.0,0.0
2016-10-19 00:00:00-04:00,105.28525622063309,105.89323249592891,104.82707578061388,105.56721496582031,261300,0.0,0.0,0.0
2016-10-20 00:00:00-04:00,105.443874025762,105.64653505496807,104.68610852557399,105.23240661621094,317200,0.0,0.0,0.0
2016-10-21 00:00:00-04:00,104.58915981611132,105.28524687704858,104.31601419663414,105.10021209716797,239900,0.0,0.0,0.0
2016-10-24 00:00:00-04:00,105.84919112967863,106.2633195753527,105.35576492500887,105.60247802734375,554000,0.0,0.0,0.0
2016-10-25 00:00:00-04:00,105.61128443065816,105.61128443065816,104.58037329454424,104.73897552490234,556800,0.0,0.0,0.0
2016-10-26 00:00:00-04:00,104.23671745028507,104.66846527411768,103.71685206359066,104.0428695678711,314500,0.0,0.0,0.0
2016-10-27 00:00:00-04:00,104.342473279565,104.36890586591531,102.66834001229104,102.87981414794922,380500,0.0,0.0,0.0
2016-10-28 00:00:00-04:00,102.87979464888372,103.61112071486762,102.5361576466044,102.8093032836914,409900,0.0,0.0,0.0
2016-10-31 00:00:00-04:00,102.87978760577006,103.39964626301425,102.69475282662758,103.28510284423828,357400,0.0,0.0,0.0
2016-11-01 00:00:00-04:00,103.49656707968016,103.53181275879979,101.46117784810899,102.1043930053711,872900,0.0,0.0,0.0
2016-11-02 00:00:00-04:00,101.91056716938667,102.02511060192009,100.83559732317758,100.95895385742188,875000,0.0,0.0,0.0
2016-11-03 00:00:00-04:00,101.21446078517621,101.50522586208626,100.5095606757125,100.59767150878906,508500,0.0,0.0,0.0
2016-11-04 00:00:00-04:00,100.85322998999085,101.91938687388125,100.59770378638324,100.9677734375,586200,0.0,0.0,0.0
2016-11-07 00:00:00-05:00,102.70356805498847,103.30273122488238,102.51853325990123,103.17937469482422,465100,0.0,0.0,0.0
2016-11-08 00:00:00-05:00,103.02958637001392,103.92832777050702,102.56259282802252,103.46133422851562,1705400,0.0,0.0,0.0
2016-11-09 00:00:00-05:00,102.64189651622762,106.07827354750314,102.64189651622762,105.76988220214844,1231500,0.0,0.0,0.0
2016-11-10 00:00:00-05:00,106.80078693995863,107.42638269543326,105.64651937784329,106.52764129638672,862600,0.0,0.0,0.0
2016-11-11 00:00:00-05:00,106.51882766583306,108.19296064723537,106.38665803422269,108.060791015625,1307300,0.0,0.0,0.0
2016-11-14 00:00:00-05:00,108.99479585536585,109.85829842983433,108.78332844378436,109.71731567382812,754400,0.0,0.0,0.0
2016-11-15 00:00:00-05:00,109.5763422107491,110.41340549628184,109.32962910437854,110.2283706665039,586000,0.0,0.0,0.0
2016-11-16 00:00:00-05:00,110.14905015268242,110.40457630933295,109.7966000496325,110.13142395019531,808900,0.0,0.0,0.0
2016-11-17 00:00:00-05:00,110.40458206199315,110.99493214996683,110.23716674177524,110.72178649902344,805200,0.0,0.0,0.0
2016-11-18 00:00:00-05:00,110.88920054792952,111.01255708812452,110.58962229957804,110.82752227783203,586900,0.0,0.0,0.0
2016-11-21 00:00:00-05:00,111.10065721656076,111.76149864199097,110.90681604527293,111.56765747070312,537600,0.0,0.0,0.0
2016-11-22 00:00:00-05:00,111.97297740506673,112.44878405789825,111.63814676654071,112.39591217041016,645700,0.0,0.0,0.0
2016-11-23 00:00:00-05:00,112.20207207197201,113.0391352816488,111.90249381922112,113.02152252197266,606800,0.0,0.0,0.0
2016-11-25 00:00:00-05:00,113.1624763240161,113.40038299560547,113.03031342027359,113.40038299560547,463400,0.0,0.0,0.0
2016-11-28 00:00:00-05:00,113.45325262635487,113.46207245018705,112.14038285885889,112.27255249023438,653900,0.0,0.0,0.0
2016-11-29 00:00:00-05:00,112.33422524406718,112.75716669923376,112.0082144547521,112.30779266357422,732100,0.0,0.0,0.0
2016-11-30 00:00:00-05:00,113.02149617266355,113.03030255044854,112.05225682225144,112.13156127929688,915800,0.0,0.0,0.0
2016-12-01 00:00:00-05:00,112.72192721276247,112.76598599762305,111.26807470391084,111.64695739746094,985300,0.0,0.0,0.0
2016-12-02 00:00:00-05:00,111.64692776523154,112.19322562934677,111.5147581681557,111.78791046142578,1012800,0.0,0.0,0.0
2016-12-05 00:00:00-05:00,112.59858194942537,113.2946691408319,112.122775259511,113.2506103515625,1336300,0.0,0.0,0.0
2016-12-06 00:00:00-05:00,113.40037223926718,114.41367036963946,113.00387012079611,114.37841796875,1315400,0.0,0.0,0.0
2016-12-07 00:00:00-05:00,114.31677008744389,115.66488563609141,114.1669809648002,115.5239028930664,1347600,0.0,0.0,0.0
2016-12-08 00:00:00-05:00,115.91161003948366,117.01301261788079,115.46222918279,116.88965606689453,1398900,0.0,0.0,0.0
2016-12-09 00:00:00-05:00,117.26849928667114,117.34779702336155,116.51073398697493,116.8103256225586,855500,0.0,0.0,0.0
2016-12-12 00:00:00-05:00,116.84557887526215,117.0658593562543,115.51508961021695,115.76180267333984,718600,0.0,0.0,0.0
2016-12-13 00:00:00-05:00,116.26402631154345,116.58123071777396,115.33003929454597,115.91158294677734,970900,0.0,0.0,0.0
2016-12-14 00:00:00-05:00,115.68250410324526,116.14069131825688,114.10530160300176,114.34320831298828,639000,0.0,0.0,0.0
2016-12-15 00:00:00-05:00,114.55463344493243,115.70009440457872,114.10526619427503,114.9511489868164,1012900,0.0,0.0,0.0
2016-12-16 00:00:00-05:00,115.13619606396884,115.93802021279978,114.44011568472366,114.77493286132812,1591200,0.0,0.0,0.0
2016-12-19 00:00:00-05:00,115.07451501662095,115.70010397941397,114.9159060977714,115.50625610351562,1107700,0.0,0.0,0.0
2016-12-20 00:00:00-05:00,115.89397053362754,116.42264908852906,115.62963125617678,116.25523376464844,1058000,0.0,0.0,0.0
2016-12-21 00:00:00-05:00,116.22880497557654,116.54600942990147,115.68250019905022,115.70894622802734,903200,0.0,0.0,0.0
2016-12-22 00:00:00-05:00,115.74349139408523,115.74349139408523,114.51170683209352,114.81300354003906,778300,0.749,0.0,0.0
2016-12-23 00:00:00-05:00,114.83957754492735,115.32697718916842,114.81299333905753,115.30924987792969,1045500,0.0,0.0,0.0
2016-12-27 00:00:00-05:00,115.55737813237494,116.08023239902562,115.38901600254671,115.72575378417969,682400,0.0,0.0,0.0
2016-12-28 00:00:00-05:00,116.07136378320764,116.07136378320764,114.26357014636423,114.43194580078125,1214300,0.0,0.0,0.0
2016-12-29 00:00:00-05:00,114.77754973635739,115.18518323212585,114.26356589745157,114.73323822021484,803200,0.0,0.0,0.0
2016-12-30 00:00:00-05:00,115.00796862973634,115.00796862973634,113.94455968631422,114.28131103515625,1241400,0.0,0.0,0.0
2017-01-03 00:00:00-05:00,115.46879422977477,115.8764278247853,114.15725686890248,114.94595336914062,709600,0.0,0.0,0.0
2017-01-04 00:00:00-05:00,115.36245422975476,117.03734085320824,115.36245422975476,116.86896514892578,782600,0.0,0.0,0.0
2017-01-05 00:00:00-05:00,116.71825478700652,116.8068642798032,115.44215909736693,115.93841552734375,719500,0.0,0.0,0.0
2017-01-06 00:00:00-05:00,116.29292221496398,116.46129789017915,115.67260145520677,115.77893829345703,699700,0.0,0.0,0.0
2017-01-09 00:00:00-05:00,115.74347515244784,115.77891625112441,114.90161045862702,115.08769989013672,1261500,0.0,0.0,0.0
2017-01-10 00:00:00-05:00,115.4156044489424,116.18657349134692,115.20291727222042,115.9295883178711,670900,0.0,0.0,0.0
2017-01-11 00:00:00-05:00,116.1511323499099,116.42584483517975,115.52194123689107,116.2574691772461,499700,0.0,0.0,0.0
2017-01-12 00:00:00-05:00,116.16885639233833,116.2043110192308,114.40537408081701,115.62828826904297,700200,0.0,0.0,0.0
2017-01-13 00:00:00-05:00,115.93844601179006,116.79803809758002,115.93844601179006,116.35494995117188,503300,0.0,0.0,0.0
2017-01-17 00:00:00-05:00,115.93843843464708,116.06250256665408,114.99909378916894,115.14974212646484,1417700,0.0,0.0,0.0
2017-01-18 00:00:00-05:00,115.40672812434353,115.7080383231032,114.81299166527883,115.66372680664062,1003500,0.0,0.0,0.0
2017-01-19 00:00:00-05:00,115.68146709763106,116.09797110824059,114.43196858778191,114.80416107177734,530700,0.0,0.0,0.0
2017-01-20 00:00:00-05:00,115.11429764011838,115.73463187674757,114.86616935425768,115.35356903076172,543100,0.0,0.0,0.0
2017-01-23 00:00:00-05:00,115.14087425381204,115.5042097634225,114.38763255069144,114.98136901855469,800900,0.0,0.0,0.0
2017-01-24 00:00:00-05:00,115.43331734134752,116.86893210959906,115.3890193449381,116.62080383300781,774300,0.0,0.0,0.0
2017-01-25 00:00:00-05:00,117.51585388052489,117.7373979822888,117.29430977876098,117.56016540527344,898100,0.0,0.0,0.0
2017-01-26 00:00:00-05:00,117.63104758375722,117.94120117729486,117.03731108209423,117.24998474121094,850800,0.0,0.0,0.0
2017-01-27 00:00:00-05:00,117.24999501421583,117.36520227098295,116.33723442192782,116.66511535644531,631300,0.0,0.0,0.0
2017-01-30 00:00:00-05:00,115.92960283059703,116.15114693000854,114.37879413471657,115.37130737304688,1079700,0.0,0.0,0.0
2017-01-31 00:00:00-05:00,115.10542888281816,116.2220060541235,114.76867759157761,116.02704620361328,605300,0.0,0.0,0.0
2017-02-01 00:00:00-05:00,116.71827780705708,117.0815997865356,115.3624157279216,115.80550384521484,1084200,0.0,0.0,0.0
2017-02-02 00:00:00-05:00,115.79664695078043,116.28404658419825,115.34470193905275,115.80550384521484,554300,0.0,0.0,0.0
2017-02-03 00:00:00-05:00,116.66512534658968,117.40065342974351,116.45245165062786,117.32975769042969,588300,0.0,0.0,0.0
2017-02-06 00:00:00-05:00,117.13479374950089,117.28545564158586,116.38155189897192,116.64740753173828,569300,0.0,0.0,0.0
2017-02-07 00:00:00-05:00,116.85122183975295,117.08162283819658,115.92960432399951,116.22203063964844,749400,0.0,0.0,0.0
2017-02-08 00:00:00-05:00,115.8587119760515,116.34609819770223,115.29155959854907,116.23976135253906,535200,0.0,0.0,0.0
2017-02-09 00:00:00-05:00,116.23975769084818,117.76398219274215,116.23975769084818,117.56016540527344,643000,0.0,0.0,0.0
2017-02-10 00:00:00-05:00,118.14502711002558,118.57038793456326,117.79940538274126,118.33997344970703,728400,0.0,0.0,0.0
2017-02-13 00:00:00-05:00,118.90713166650954,119.1995714736142,118.50835502844956,118.650146484375,815800,0.0,0.0,0.0
2017-02-14 00:00:00-05:00,118.48178513595157,119.08439213545428,118.12731997528817,119.01349639892578,582700,0.0,0.0,0.0
2017-02-15 00:00:00-05:00,118.70333836424838,119.73130633994263,118.65902683526532,119.58065795898438,888900,0.0,0.0,0.0
2017-02-16 00:00:00-05:00,119.50975127961537,119.76673648902988,118.69447060446524,119.27935028076172,617800,0.0,0.0,0.0
2017-02-17 00:00:00-05:00,119.07550640576741,119.40340083529665,118.65900245845577,119.38567352294922,755300,0.0,0.0,0.0
2017-02-21 00:00:00-05:00,119.63381938149332,120.44024318704362,119.54519632871528,120.37820434570312,718300,0.0,0.0,0.0
2017-02-22 00:00:00-05:00,120.2364155613924,120.29845440412156,119.61609474399913,119.79332733154297,640500,0.0,0.0,0.0
2017-02-23 00:00:00-05:00,120.13888865321543,120.13888865321543,118.5348987101567,119.190673828125,643200,0.0,0.0,0.0
2017-02-24 00:00:00-05:00,118.38433120598458,119.2261962890625,118.1982416884318,119.2261962890625,1190600,0.0,0.0,0.0
2017-02-27 00:00:00-05:00,119.13757539974111,120.22756875045464,118.95147237792132,120.21871185302734,757900,0.0,0.0,0.0
2017-02-28 00:00:00-05:00,119.82878228414228,119.82878228414228,118.72106170654297,118.72106170654297,882700,0.0,0.0,0.0
2017-03-01 00:00:00-05:00,120.05914817083077,120.85671486654711,120.05029127671392,120.64402770996094,1242400,0.0,0.0,0.0
2017-03-02 00:00:00-05:00,120.58200068708682,120.58200068708682,119.26159329582114,119.33248901367188,501100,0.0,0.0,0.0
2017-03-03 00:00:00-05:00,119.33250510788432,119.75786595038097,118.84510543316034,119.38567352294922,462200,0.0,0.0,0.0
2017-03-06 00:00:00-05:00,118.79193710391716,118.83624862382906,118.12730487117086,118.59697723388672,963500,0.0,0.0,0.0
2017-03-07 00:00:00-05:00,118.4640359260165,118.64128199556754,117.74623531905539,117.81713104248047,485000,0.0,0.0,0.0
2017-03-08 00:00:00-05:00,118.10071139910595,118.3576965592717,117.07274371449026,117.10818481445312,570400,0.0,0.0,0.0
2017-03-09 00:00:00-05:00,117.0018726941073,117.53358395964001,116.11569626620556,116.64740753173828,1355500,0.0,0.0,0.0
2017-03-10 00:00:00-05:00,117.40948909603024,117.49809860246,116.39924877329649,117.06388092041016,1065700,0.0,0.0,0.0
2017-03-13 00:00:00-04:00,117.05501727564176,117.72851987774132,117.05501727564176,117.3829116821289,548500,0.0,0.0,0.0
2017-03-14 00:00:00-04:00,116.98412495063883,117.10818908800077,116.05365068141263,116.85120391845703,881200,0.0,0.0,0.0
2017-03-15 00:00:00-04:00,117.38292838978167,118.82738668371893,117.22340961111436,118.60584259033203,1006700,0.0,0.0,0.0
2017-03-16 00:00:00-04:00,118.97804103301482,119.09324829440772,118.348863348436,118.5438232421875,1834200,0.0,0.0,0.0
2017-03-17 00:00:00-04:00,118.67670525314581,119.02231340164523,118.26020139188054,118.72987365722656,622300,0.0,0.0,0.0
2017-03-20 00:00:00-04:00,118.72989575034714,118.82737568329232,117.97665401574996,118.34884643554688,375600,0.0,0.0,0.0
2017-03-21 00:00:00-04:00,118.73874463722763,118.90710674362577,115.61054397717137,115.67256927490234,802000,0.0,0.0,0.0
2017-03-22 00:00:00-04:00,115.41561376800323,115.87641573847542,114.96365517122342,115.70805358886719,741200,0.0,0.0,0.0
2017-03-23 00:00:00-04:00,115.7523481338648,116.83348434043006,115.44219453091827,116.06251525878906,1121100,0.0,0.0,0.0
2017-03-24 00:00:00-04:00,116.43059667789566,116.91068019410889,115.63043939634477,116.13720703125,1119700,0.424,0.0,0.0
2017-03-27 00:00:00-04:00,114.94584269747999,116.37722088999605,114.51910036428903,116.16385650634766,999000,0.0,0.0,0.0
2017-03-28 00:00:00-04:00,115.87938962130814,117.23964226552835,115.77270739537667,117.141845703125,1006800,0.0,0.0,0.0
2017-03-29 00:00:00-04:00,117.07068889962954,117.68413866915336,116.01272545036254,117.6485824584961,386000,0.0,0.0,0.0
2017-03-30 00:00:00-04:00,117.70191529451161,118.35092122913113,117.64857419932288,118.26202392578125,608800,0.0,0.0,0.0
2017-03-31 00:00:00-04:00,118.32427965608093,118.90217331588931,118.07534544031334,118.49320220947266,510500,0.0,0.0,0.0
2017-04-03 00:00:00-04:00,118.60876409129786,118.78657227810457,117.04401948925056,117.52411651611328,1144900,0.0,0.0,0.0
2017-04-04 00:00:00-04:00,117.31962988579492,117.78192842720787,117.12403682369938,117.46186828613281,841800,0.0,0.0,0.0
2017-04-05 00:00:00-04:00,118.14648459578439,118.57322707520495,116.2439079829066,116.35948944091797,946500,0.0,0.0,0.0
2017-04-06 00:00:00-04:00,116.51059682938624,117.49744788304068,116.12829633391527,117.38186645507812,1273700,0.0,0.0,0.0
2017-04-07 00:00:00-04:00,117.07067463668162,117.66635301125162,116.81285483461596,117.29293823242188,359900,0.0,0.0,0.0
2017-04-10 00:00:00-04:00,117.31964682131886,118.26204249332977,117.11515450313074,117.65747833251953,589500,0.0,0.0,0.0
2017-04-11 00:00:00-04:00,117.30184211296113,118.32424926757812,116.91065599839307,118.32424926757812,417400,0.0,0.0,0.0
2017-04-12 00:00:00-04:00,118.15534862084078,118.15534862084078,116.8217667467189,116.91956329345703,770000,0.0,0.0,0.0
2017-04-13 00:00:00-04:00,116.76841970142047,117.08847987756174,115.75489807128906,115.75489807128906,1350100,0.0,0.0,0.0
2017-04-17 00:00:00-04:00,116.05717261778844,117.14182023190853,115.77268222186439,117.1329345703125,549600,0.0,0.0,0.0
2017-04-18 00:00:00-04:00,116.68839712994861,117.23072088972168,116.3149958870401,117.12403869628906,672900,0.0,0.0,0.0
2017-04-19 00:00:00-04:00,117.3996563911517,118.18201517267809,117.21294896610014,117.37298583984375,811400,0.0,0.0,0.0
2017-04-20 00:00:00-04:00,117.80861323323457,118.67989645743464,117.35520029762532,118.58209991455078,688000,0.0,0.0,0.0
2017-04-21 00:00:00-04:00,118.38648958848388,118.56429775895286,117.95084803982512,118.32424926757812,871400,0.0,0.0,0.0
2017-04-24 00:00:00-04:00,119.88900167142202,119.98679820654544,119.10662939043466,119.51558685302734,721900,0.0,0.0,0.0
2017-04-25 00:00:00-04:00,120.28909947828025,120.82252414036073,119.91569814505462,120.41356658935547,1393900,0.0,0.0,0.0
2017-04-26 00:00:00-04:00,120.28016065822419,121.24034101299512,120.20904824607216,120.6446762084961,1005100,0.0,0.0,0.0
2017-04-27 00:00:00-04:00,120.93808135185938,121.16923063584765,120.32463158239227,120.7069320678711,672800,0.0,0.0,0.0
2017-04-28 00:00:00-04:00,121.0091873622293,121.0358579072906,119.48889846427092,119.50668334960938,1002300,0.0,0.0,0.0
2017-05-01 00:00:00-04:00,119.83565148272268,120.29796362656168,119.20443037726689,119.95123291015625,585900,0.0,0.0,0.0
2017-05-02 00:00:00-04:00,120.03124322239313,120.33353206262731,119.29332635911,119.64895629882812,442500,0.0,0.0,0.0
2017-05-03 00:00:00-04:00,119.20442532450359,119.52448547730327,118.54652013100018,118.99994659423828,1102300,0.0,0.0,0.0
2017-05-04 00:00:00-04:00,119.0177020351995,119.20440941854226,117.89749843282158,118.67987060546875,771800,0.0,0.0,0.0
2017-05-05 00:00:00-04:00,119.05328743081616,119.72007828386113,118.58208964660263,119.7022933959961,594000,0.0,0.0,0.0
2017-05-08 00:00:00-04:00,119.53333690539651,119.67558883610037,118.6531819116842,119.14215087890625,471100,0.0,0.0,0.0
2017-05-09 00:00:00-04:00,119.28443669455656,119.4978146512263,118.59986095373223,118.93770599365234,509800,0.0,0.0,0.0
2017-05-10 00:00:00-04:00,118.81326485848092,119.75566063260345,118.6887977480477,119.66676330566406,611800,0.0,0.0,0.0
2017-05-11 00:00:00-04:00,119.22221940017533,119.34668649330635,118.04866089417226,118.96438598632812,777400,0.0,0.0,0.0
2017-05-12 00:00:00-04:00,118.68878041301402,118.77769129286516,118.18201281647463,118.38650512695312,782700,0.0,0.0,0.0
2017-05-15 00:00:00-04:00,118.88439009171047,119.74677419624824,118.43986276219192,119.28446197509766,1002300,0.0,0.0,0.0
2017-05-16 00:00:00-04:00,119.56890667101787,119.56890667101787,118.49314509816965,119.14215087890625,674200,0.0,0.0,0.0
2017-05-17 00:00:00-04:00,117.52411219502005,118.00419563833611,116.46613520846113,116.55504608154297,827800,0.0,0.0,0.0
2017-05-18 00:00:00-04:00,116.28835873889206,117.21296966796058,115.98608339341756,116.85735321044922,587000,0.0,0.0,0.0
2017-05-19 00:00:00-04:00,117.07068889962954,118.22646245146768,116.8839950533627,117.6485824584961,921600,0.0,0.0,0.0
2017-05-22 00:00:00-04:00,118.0842069362429,118.63541629989484,117.97751118793805,118.55540466308594,643900,0.0,0.0,0.0
2017-05-23 00:00:00-04:00,118.81326229563375,118.99996974020502,118.0842445405066,118.66212463378906,404100,0.0,0.0,0.0
2017-05-24 00:00:00-04:00,118.7598778260771,119.18662010170361,118.45760261275383,119.0088119506836,397800,0.0,0.0,0.0
2017-05-25 00:00:00-04:00,119.36443954856918,119.83563729801476,118.81323015847667,119.06216430664062,825500,0.0,0.0,0.0
2017-05-26 00:00:00-04:00,118.91104153259259,119.07106483386652,118.53764026372478,118.97328186035156,366700,0.0,0.0,0.0
2017-05-30 00:00:00-04:00,118.64431455331967,118.8487932799445,118.02197914670425,118.14644622802734,322700,0.0,0.0,0.0
2017-05-31 00:00:00-04:00,118.43984788096022,118.49318898325687,116.91067297427597,118.18201446533203,856400,0.0,0.0,0.0
2017-06-01 00:00:00-04:00,118.50207177691834,120.0846013134933,118.1909108324203,120.04014587402344,902200,0.0,0.0,0.0
2017-06-02 00:00:00-04:00,120.45799436830893,121.10700032942557,119.9512268115381,120.48466491699219,1236600,0.0,0.0,0.0
2017-06-05 00:00:00-04:00,120.52021516764006,120.58245548875328,119.87120923861268,119.91566467285156,938300,0.0,0.0,0.0
2017-06-06 00:00:00-04:00,119.37331825645283,120.17346165717758,119.0265876406866,119.57779693603516,803600,0.0,0.0,0.0
2017-06-07 00:00:00-04:00,119.74674023525161,120.02234493084612,119.20441650440982,119.48890686035156,1051600,0.0,0.0,0.0
2017-06-08 00:00:00-04:00,119.51556218819007,120.87582773814579,119.28441295555356,120.59132385253906,279200,0.0,0.0,0.0
2017-06-09 00:00:00-04:00,120.83138561744491,121.82712219494503,120.25349212337233,120.90251159667969,389200,0.0,0.0,0.0
2017-06-12 00:00:00-04:00,120.9558502283833,121.2403405736401,120.37795674606987,120.92028045654297,298800,0.0,0.0,0.0
2017-06-13 00:00:00-04:00,121.26705052747008,121.80048875127997,121.00923064436375,121.7916030883789,494700,0.0,0.0,0.0
2017-06-14 00:00:00-04:00,121.75603046382149,121.80048590908454,120.57358616248986,121.12480926513672,263600,0.0,0.0,0.0
2017-06-15 00:00:00-04:00,120.08459532408509,120.83139783270703,119.88010302590222,120.60023498535156,277000,0.0,0.0,0.0
2017-06-16 00:00:00-04:00,120.40462263922318,120.45797729492188,119.80895785990094,120.45797729492188,294700,0.0,0.0,0.0
2017-06-19 00:00:00-04:00,120.76916253444953,121.56042051326054,120.76916253444953,121.35594177246094,251800,0.0,0.0,0.0
2017-06-20 00:00:00-04:00,121.13368932566354,121.13368932566354,120.14683817641125,120.21796417236328,299700,0.0,0.0,0.0
2017-06-21 00:00:00-04:00,120.36311597759234,120.7639809378024,119.54359369880673,119.72174835205078,253900,0.263,0.0,0.0
2017-06-22 00:00:00-04:00,119.79305466612216,120.29189330592574,119.38330018014074,119.98902893066406,317600,0.0,0.0,0.0
2017-06-23 00:00:00-04:00,120.08697636325546,120.84415064342811,119.721750482592,120.69271850585938,1065500,0.0,0.0,0.0
2017-06-26 00:00:00-04:00,121.04015236226695,121.43210085088758,120.50567467917844,121.09359741210938,693100,0.0,0.0,0.0
2017-06-27 00:00:00-04:00,121.16486185449038,121.30737745644402,119.99793295998168,120.0068359375,464800,0.0,0.0,0.0
2017-06-28 00:00:00-04:00,120.77289416749073,121.76166820812608,120.50565536877012,121.5478744506836,340000,0.0,0.0,0.0
2017-06-29 00:00:00-04:00,121.66370591202369,121.78841556454748,119.57035075287493,120.65711212158203,615900,0.0,0.0,0.0
2017-06-30 00:00:00-04:00,120.88871993393043,121.20048725479423,120.52349397100546,120.73727416992188,793400,0.0,0.0,0.0
2017-07-03 00:00:00-04:00,121.23615825131377,121.82406754536711,121.20051914722832,121.58356475830078,219600,0.0,0.0,0.0
2017-07-05 00:00:00-04:00,121.36086400173936,121.41430906380154,120.7105795004224,121.19161224365234,498700,0.0,0.0,0.0
2017-07-06 00:00:00-04:00,120.45222550727385,120.65710272210265,119.38328377000978,119.49907684326172,642600,0.0,0.0,0.0
2017-07-07 00:00:00-04:00,119.79301941113872,120.77289044547304,119.62376772408739,120.66600036621094,938000,0.0,0.0,0.0
2017-07-10 00:00:00-04:00,120.25626101551099,120.85308675391545,120.04246721379918,120.23844146728516,425800,0.0,0.0,0.0
2017-07-11 00:00:00-04:00,120.2384504570226,120.67494107102738,119.6149021458256,120.54132843017578,658400,0.0,0.0,0.0
2017-07-12 00:00:00-04:00,121.37864027337993,122.09127264202462,120.99560836072841,121.44100189208984,844100,0.0,0.0,0.0
2017-07-13 00:00:00-04:00,121.49440050999377,121.69927765026993,120.90647801112128,121.61911010742188,956200,0.0,0.0,0.0
2017-07-14 00:00:00-04:00,121.53008388217009,122.39414850172925,121.53008388217009,122.02001953125,765500,0.0,0.0,0.0
2017-07-17 00:00:00-04:00,122.02893257453393,122.48322911291292,121.73497119358301,122.29615783691406,263800,0.0,0.0,0.0
2017-07-18 00:00:00-04:00,121.94876913062328,122.14474341307844,121.54791758645034,122.00222778320312,805200,0.0,0.0,0.0
2017-07-19 00:00:00-04:00,122.25161389328947,123.28491649258491,122.24269732411598,123.25819396972656,437800,0.0,0.0,0.0
2017-07-20 00:00:00-04:00,123.3472781074751,123.51652981379871,122.98205217196954,123.25819396972656,319300,0.0,0.0,0.0
2017-07-21 00:00:00-04:00,123.0533182308391,123.16912489282673,122.55447967509423,122.78607940673828,640300,0.0,0.0,0.0
2017-07-24 00:00:00-04:00,122.72374967549709,123.13350415350548,122.52777541476848,123.04443359375,522400,0.0,0.0,0.0
2017-07-25 00:00:00-04:00,123.67690346735452,124.14901964132352,123.4185811351647,124.04212951660156,235500,0.0,0.0,0.0
2017-07-26 00:00:00-04:00,124.10444086917335,124.10444086917335,123.2938215055656,123.40961456298828,270200,0.0,0.0,0.0
2017-07-27 00:00:00-04:00,123.53434165155734,123.53434165155734,122.10018754874524,122.75936126708984,357500,0.0,0.0,0.0
2017-07-28 00:00:00-04:00,122.32294891481084,122.63471639177476,122.09133546024114,122.36747741699219,280700,0.0,0.0,0.0
2017-07-31 00:00:00-04:00,122.58119284371739,122.60791536485507,121.72603139032107,122.17142486572266,667300,0.0,0.0,0.0
2017-08-01 00:00:00-04:00,122.67027569278942,122.73262371068189,121.99326891816814,122.45648193359375,272200,0.0,0.0,0.0
2017-08-02 00:00:00-04:00,122.36740844593629,122.36740844593629,120.83525368592673,121.39645385742188,377700,0.0,0.0,0.0
2017-08-03 00:00:00-04:00,121.44099793136277,121.59243009600696,120.70164306233659,120.93324279785156,346000,0.0,0.0,0.0
2017-08-04 00:00:00-04:00,121.36083431860443,121.49444694108011,120.96888583623327,121.44100189208984,275100,0.0,0.0,0.0
2017-08-07 00:00:00-04:00,121.59243344695389,121.85075571321153,121.17376244220421,121.50334930419922,326000,0.0,0.0,0.0
2017-08-08 00:00:00-04:00,121.61023355216105,122.38521381936981,120.94214336530395,121.22718811035156,531400,0.0,0.0,0.0
2017-08-09 00:00:00-04:00,120.60364994687197,120.79962417191943,119.97118520379499,120.27406311035156,987700,0.0,0.0,0.0
2017-08-10 00:00:00-04:00,119.96229701098089,119.96229701098089,118.2430844339477,118.28761291503906,443500,0.0,0.0,0.0
2017-08-11 00:00:00-04:00,118.23419206871438,118.71522481243647,117.86006304156122,118.59051513671875,270000,0.0,0.0,0.0
2017-08-14 00:00:00-04:00,119.33874022280635,120.22062428111298,119.17839148841811,119.97119140625,696900,0.0,0.0,0.0
2017-08-15 00:00:00-04:00,120.26517970905671,120.26517970905671,119.21405729603403,119.27640533447266,303800,0.0,0.0,0.0
2017-08-16 00:00:00-04:00,119.61486438713821,120.05135486335655,119.40998720506121,119.57923889160156,317000,0.0,0.0,0.0
2017-08-17 00:00:00-04:00,119.0982452672169,119.6327230212141,117.53936767578125,117.53936767578125,377200,0.0,0.0,0.0
2017-08-18 00:00:00-04:00,117.25431751653993,117.94021383914288,116.91581404822509,117.4324722290039,382300,0.0,0.0,0.0
2017-08-21 00:00:00-04:00,117.32558702898132,117.55718680564146,116.92472191874828,117.41465759277344,342600,0.0,0.0,0.0
2017-08-22 00:00:00-04:00,117.63736788559761,118.68850396066365,117.63736788559761,118.54597473144531,349200,0.0,0.0,0.0
2017-08-23 00:00:00-04:00,118.00253112288712,118.74188581450449,117.7976539601562,118.34993743896484,569900,0.0,0.0,0.0
2017-08-24 00:00:00-04:00,118.8042861729734,118.99135746821189,118.38561509574198,118.51924133300781,273500,0.0,0.0,0.0
2017-08-25 00:00:00-04:00,118.94677522590547,119.18729149790461,118.59046589817531,118.86660766601562,269300,0.0,0.0,0.0
2017-08-28 00:00:00-04:00,119.24967108392795,119.35657478441242,118.56377476684636,119.00025177001953,453800,0.0,0.0,0.0
2017-08-29 00:00:00-04:00,118.18068652569701,119.0981958687131,118.15396400831428,118.9022216796875,526200,0.0,0.0,0.0
2017-08-30 00:00:00-04:00,118.96461033801576,119.90884241316203,118.76863610441958,119.83757781982422,517000,0.0,0.0,0.0
2017-08-31 00:00:00-04:00,120.22956213130502,121.11144644540579,120.12267200559658,121.03126525878906,425600,0.0,0.0,0.0
2017-09-01 00:00:00-04:00,121.21829961503376,121.69041564942485,121.09358997561594,121.52116394042969,340300,0.0,0.0,0.0
2017-09-05 00:00:00-04:00,121.47663102634601,121.68152184337785,119.85540559172536,120.3898696899414,299800,0.0,0.0,0.0
2017-09-06 00:00:00-04:00,120.95108282536368,121.05797293795807,120.33643749327847,120.61257934570312,353700,0.0,0.0,0.0
2017-09-07 00:00:00-04:00,120.7818133445653,120.7818133445653,119.9088458378244,120.29187774658203,453600,0.0,0.0,0.0
2017-09-08 00:00:00-04:00,119.98014023373288,120.621508159062,119.81979145623303,120.39881134033203,842500,0.0,0.0,0.0
2017-09-11 00:00:00-04:00,121.25390869490411,121.84183131211267,121.2361027433495,121.69039916992188,262800,0.0,0.0,0.0
2017-09-12 00:00:00-04:00,122.01110576228206,122.54558343988752,121.83295106719089,122.53666687011719,1132100,0.0,0.0,0.0
2017-09-13 00:00:00-04:00,122.3495988640705,122.723727769863,122.3050567959767,122.51883697509766,1061800,0.0,0.0,0.0
2017-09-14 00:00:00-04:00,122.35848613879597,122.60790537731695,122.06452483789714,122.39411163330078,420200,0.0,0.0,0.0
2017-09-15 00:00:00-04:00,122.26937896243847,122.85730145339433,122.2426564485156,122.81275939941406,359800,0.0,0.0,0.0
2017-09-18 00:00:00-04:00,123.1246116212011,123.63235327265093,122.7326630664907,123.48983764648438,648600,0.0,0.0,0.0
2017-09-19 00:00:00-04:00,123.64125141127082,123.68579348445371,123.23148336725343,123.3472900390625,330100,0.0,0.0,0.0
2017-09-20 00:00:00-04:00,123.51989668730816,123.99383712131227,123.43046830000861,123.940185546875,306700,0.533,0.0,0.0
2017-09-21 00:00:00-04:00,123.93119623905545,123.98484779691984,123.53773328824742,123.64505004882812,636200,0.0,0.0,0.0
2017-09-22 00:00:00-04:00,123.58246376367114,124.15476986444204,123.52881219873227,124.05640411376953,460700,0.0,0.0,0.0
2017-09-25 00:00:00-04:00,124.0921843100604,124.44093313654342,123.5914181638134,124.14583587646484,1349500,0.0,0.0,0.0
2017-09-26 00:00:00-04:00,124.38728673637445,124.62871879522197,124.2531441699378,124.3246841430664,628100,0.0,0.0,0.0
2017-09-27 00:00:00-04:00,124.95063306200122,125.99687951130448,124.4319785269455,125.8001480102539,479100,0.0,0.0,0.0
2017-09-28 00:00:00-04:00,125.549773469278,126.12207960805233,125.25468984251944,126.06842803955078,635500,0.0,0.0,0.0
2017-09-29 00:00:00-04:00,126.09521409875788,126.52445380125192,126.0236741483422,126.3724365234375,703600,0.0,0.0,0.0
2017-10-02 00:00:00-04:00,126.45298267491977,127.59759521484375,126.34566586846216,127.59759521484375,1725100,0.0,0.0,0.0
2017-10-03 00:00:00-04:00,127.81215663157634,127.92841077903574,127.19515002430327,127.8658218383789,1403800,0.0,0.0,0.0
2017-10-04 00:00:00-04:00,127.75849740226991,128.09830880069424,127.46340018440438,127.76744842529297,412200,0.0,0.0,0.0
2017-10-05 00:00:00-04:00,128.01780453918218,128.3218390712771,127.83896149941158,128.09828186035156,392400,0.0,0.0,0.0
2017-10-06 00:00:00-04:00,127.72280545485367,128.05366601472178,127.65126545504386,127.92847442626953,619500,0.0,0.0,0.0
2017-10-09 00:00:00-04:00,128.08938832441058,128.3129456118517,127.34717649272358,127.51708221435547,339900,0.0,0.0,0.0
2017-10-10 00:00:00-04:00,128.02677644701285,128.18774477761747,127.46340775717613,127.6690902709961,1012000,0.0,0.0,0.0
2017-10-11 00:00:00-04:00,127.72275801021682,127.95525268959007,127.49026333084356,127.68698120117188,456300,0.0,0.0,0.0
2017-10-12 00:00:00-04:00,127.49919304336792,127.9284192121122,127.24880997452928,127.74063873291016,338900,0.0,0.0,0.0
2017-10-13 00:00:00-04:00,128.0088880447561,128.14303059440212,127.58859928326729,127.6690902709961,346100,0.0,0.0,0.0
2017-10-16 00:00:00-04:00,127.88371263767188,128.348715640987,127.56178958073906,127.64228057861328,355600,0.0,0.0,0.0
2017-10-17 00:00:00-04:00,127.88369053626128,127.96418152022471,127.29350973792764,127.4634017944336,471200,0.0,0.0,0.0
2017-10-18 00:00:00-04:00,127.74060748248154,128.07146781860806,127.579639180548,127.8121337890625,379200,0.0,0.0,0.0
2017-10-19 00:00:00-04:00,127.23091653637893,127.73168265424022,126.76591357914201,127.7048568725586,953600,0.0,0.0,0.0
2017-10-20 00:00:00-04:00,128.4381417018247,128.5543822169156,128.20563338193395,128.41131591796875,818100,0.0,0.0,0.0
2017-10-23 00:00:00-04:00,128.55436662182956,128.57225502384827,127.55283442642639,127.62437438964844,397600,0.0,0.0,0.0
2017-10-24 00:00:00-04:00,127.91947340032847,128.22350801461138,127.76745609318702,127.8658218383789,591000,0.0,0.0,0.0
2017-10-25 00:00:00-04:00,127.66013305881638,127.87475294093402,126.22042375613486,127.12360382080078,442300,0.0,0.0,0.0
2017-10-26 00:00:00-04:00,127.41874870798586,127.76749761885783,127.24884294335588,127.60652923583984,385300,0.0,0.0,0.0
2017-10-27 00:00:00-04:00,127.60651078375547,128.41132529275322,127.15939616037521,128.40237426757812,444400,0.0,0.0,0.0
2017-10-30 00:00:00-04:00,127.60652579543682,128.25037202043515,127.05210796357711,127.47239685058594,323200,0.0,0.0,0.0
2017-10-31 00:00:00-04:00,127.85686514351275,128.60802791204662,127.80321358394298,128.34869384765625,346500,0.0,0.0,0.0
2017-11-01 00:00:00-04:00,129.07303321898618,129.13563580949273,127.38294065841211,127.8300552368164,500200,0.0,0.0,0.0
2017-11-02 00:00:00-04:00,127.78534280191498,128.53650567402158,127.65121388449644,128.07150268554688,458900,0.0,0.0,0.0
2017-11-03 00:00:00-04:00,127.92841688447092,128.38448247251418,127.74063640868552,128.3129425048828,421700,0.0,0.0,0.0
2017-11-06 00:00:00-05:00,128.34868553907634,128.93887994584264,128.321859761028,128.6706085205078,309300,0.0,0.0,0.0
2017-11-07 00:00:00-05:00,128.670638777087,128.81371872355734,127.32929497985077,127.68698120117188,298000,0.0,0.0,0.0
2017-11-08 00:00:00-05:00,127.54391580811026,128.0446819794689,127.03419861199929,127.95525360107422,367700,0.0,0.0,0.0
2017-11-09 00:00:00-05:00,127.11465458296146,127.84792895685607,126.3635054522786,127.21302032470703,357800,0.0,0.0,0.0
2017-11-10 00:00:00-05:00,127.09678322002515,127.56177251628205,127.02524325640418,127.30245208740234,738500,0.0,0.0,0.0
2017-11-13 00:00:00-05:00,126.81956170836673,127.49917082753254,126.55129028282578,127.32032775878906,326800,0.0,0.0,0.0
2017-11-14 00:00:00-05:00,126.9447386477752,127.2934873674868,126.61386468148986,126.9983901977539,401700,0.0,0.0,0.0
2017-11-15 00:00:00-05:00,126.21152072680275,126.81065271031162,125.50508559545827,126.3993148803711,749900,0.0,0.0,0.0
2017-11-16 00:00:00-05:00,126.77482350827609,128.2324072049568,126.77482350827609,127.96414947509766,656900,0.0,0.0,0.0
2017-11-17 00:00:00-05:00,127.5796655928541,128.70638936024775,127.5796655928541,128.39341735839844,698500,0.0,0.0,0.0
2017-11-20 00:00:00-05:00,128.59908561900477,129.05515119601316,128.36659096346844,129.01043701171875,321200,0.0,0.0,0.0
2017-11-21 00:00:00-05:00,129.4307422671736,130.1103515625,129.3592022921621,130.1103515625,738600,0.0,0.0,0.0
2017-11-22 00:00:00-05:00,130.2981516511629,130.53958372738705,130.03881752429973,130.06564331054688,323100,0.0,0.0,0.0
2017-11-24 00:00:00-05:00,130.51268746625735,130.51268746625735,130.05663570146154,130.21759033203125,113900,0.0,0.0,0.0
2017-11-27 00:00:00-05:00,130.45016885455595,130.45016885455595,129.72584533691406,129.72584533691406,463900,0.0,0.0,0.0
2017-11-28 00:00:00-05:00,130.12825454307932,131.37123275281215,129.92257197506228,131.3175811767578,296200,0.0,0.0,0.0
2017-11-29 00:00:00-05:00,131.64836630200423,132.24749796642226,131.33538076103494,131.63047790527344,1041200,0.0,0.0,0.0
2017-11-30 00:00:00-05:00,132.2028393021143,132.7930338383833,131.93456781791437,132.26544189453125,409000,0.0,0.0,0.0
2017-12-01 00:00:00-05:00,132.3459208606027,132.3995724291262,128.96573559507567,132.0150604248047,1557400,0.0,0.0,0.0
2017-12-04 00:00:00-05:00,133.45474842804245,133.75878303049177,131.56792458542083,131.6126251220703,1081100,0.0,0.0,0.0
2017-12-05 00:00:00-05:00,131.94348827906703,132.1133939678652,130.50377908037123,130.52166748046875,1214400,0.0,0.0,0.0
2017-12-06 00:00:00-05:00,130.34281475166648,130.66473773900125,129.77050873472152,129.94041442871094,1017200,0.0,0.0,0.0
2017-12-07 00:00:00-05:00,130.00301077579348,131.27281426361017,129.74367673586866,130.99560546875,917200,0.0,0.0,0.0
2017-12-08 00:00:00-05:00,131.5232093604931,131.8183065822419,131.093983240155,131.29965209960938,1090100,0.0,0.0,0.0
2017-12-11 00:00:00-05:00,131.55000621286877,131.8093265747353,131.05817761810533,131.2459716796875,415900,0.0,0.0,0.0
2017-12-12 00:00:00-05:00,131.25499634928977,131.65739686904678,130.82577003787287,130.84365844726562,497300,0.0,0.0,0.0
2017-12-13 00:00:00-05:00,130.90618657085744,131.8540671552448,130.90618657085744,131.1833953857422,524700,0.0,0.0,0.0
2017-12-14 00:00:00-05:00,131.29966691021906,131.46957263083243,129.7884174729997,129.92254638671875,611400,0.0,0.0,0.0
2017-12-15 00:00:00-05:00,130.5932457133311,132.04190651047006,130.50383096699602,131.40699768066406,462000,0.0,0.0,0.0
2017-12-18 00:00:00-05:00,132.47109325664965,133.0970508737147,132.30118755097783,132.93609619140625,478900,0.0,0.0,0.0
2017-12-19 00:00:00-05:00,133.1686178971283,133.26698366014517,132.05083133778007,132.25650024414062,824500,0.0,0.0,0.0
2017-12-20 00:00:00-05:00,132.82885236436633,132.98982077991886,132.05981439971794,132.45327758789062,1452800,0.0,0.0,0.0
2017-12-21 00:00:00-05:00,132.76336040952674,133.26676048042546,132.61054351061986,132.97909545898438,382700,0.775,0.0,0.0
2017-12-22 00:00:00-05:00,132.9880874854184,133.0869706174413,132.53862119742746,132.96112060546875,530800,0.0,0.0,0.0
2017-12-26 00:00:00-05:00,132.88922707136075,133.30272844569356,132.88922707136075,133.13194274902344,355900,0.0,0.0,0.0
2017-12-27 00:00:00-05:00,133.23079379837029,133.63531068593036,132.97009568827002,133.16786193847656,399800,0.0,0.0,0.0
2017-12-28 00:00:00-05:00,133.38365301587015,133.6533218820893,132.96115350329222,133.61737060546875,559700,0.0,0.0,0.0
2017-12-29 00:00:00-05:00,133.90496264532547,133.9948476461613,132.77229915852223,132.86219787597656,397200,0.0,0.0,0.0
2018-01-02 00:00:00-05:00,133.3386729350224,133.9229736328125,132.9251579076437,133.9229736328125,1155000,0.0,0.0,0.0
2018-01-03 00:00:00-05:00,133.99489883022258,134.42638266226314,133.82409943178763,134.1746826171875,900000,0.0,0.0,0.0
2018-01-04 00:00:00-05:00,134.86684607823747,135.06461233172683,134.2555785431772,134.35446166992188,756200,0.0,0.0,0.0
2018-01-05 00:00:00-05:00,134.7320097946391,134.99269418878612,134.3005123112886,134.84886169433594,847900,0.0,0.0,0.0
2018-01-08 00:00:00-05:00,134.80391059295152,135.4061936632389,134.15667815872206,135.19044494628906,758600,0.0,0.0,0.0
2018-01-09 00:00:00-05:00,135.4691638560075,135.68491265586283,135.01071308751844,135.12757873535156,462900,0.0,0.0,0.0
2018-01-10 00:00:00-05:00,134.91178287308708,135.1185334946017,134.21960105039133,134.85784912109375,428600,0.0,0.0,0.0
2018-01-11 00:00:00-05:00,135.118545836644,136.85349274508678,135.118545836644,136.83551025390625,555800,0.0,0.0,0.0
2018-01-12 00:00:00-05:00,136.94341703672075,137.46479969748972,136.7995844992757,137.27603149414062,443300,0.0,0.0,0.0
2018-01-16 00:00:00-05:00,137.83330031268576,138.05803340253559,135.5769850285765,135.81968688964844,607100,0.0,0.0,0.0
2018-01-17 00:00:00-05:00,136.42199669856748,137.19507922804044,136.12534731575116,136.95237731933594,404900,0.0,0.0,0.0
2018-01-18 00:00:00-05:00,136.7546238140053,136.95239008765432,136.2242431437885,136.2602081298828,810200,0.0,0.0,0.0
2018-01-19 00:00:00-05:00,136.41302373360557,137.8603057861328,136.41302373360557,137.8603057861328,421900,0.0,0.0,0.0
2018-01-22 00:00:00-05:00,137.91422516890972,138.77720642089844,137.86029141252698,138.77720642089844,582300,0.0,0.0,0.0
2018-01-23 00:00:00-05:00,138.6872905971118,139.43340614060676,138.34569189327507,139.30755615234375,418000,0.0,0.0,0.0
2018-01-24 00:00:00-05:00,139.7031104634522,140.10762736639992,138.23784602208056,138.7142791748047,502400,0.0,0.0,0.0
2018-01-25 00:00:00-05:00,139.39747825700243,139.39747825700243,138.16593132608776,138.67832946777344,698600,0.0,0.0,0.0
2018-01-26 00:00:00-05:00,139.1547605687301,139.39747619628906,138.43561179013227,139.39747619628906,356100,0.0,0.0,0.0
2018-01-29 00:00:00-05:00,138.94801526346816,139.39748155278528,138.36370085738238,138.38168334960938,844800,0.0,0.0,0.0
2018-01-30 00:00:00-05:00,137.5636494796231,137.76141574147573,136.66471691361022,136.9254150390625,1040400,0.0,0.0,0.0
2018-01-31 00:00:00-05:00,137.57263730612155,138.06705297311174,136.0534527535484,136.4399871826172,666700,0.0,0.0,0.0
2018-02-01 00:00:00-05:00,136.17026945765812,137.15011615041098,135.96351885641414,136.77255249023438,620500,0.0,0.0,0.0
2018-02-02 00:00:00-05:00,136.0264675300209,136.74560253053357,133.99487137537207,134.2196044921875,601900,0.0,0.0,0.0
2018-02-05 00:00:00-05:00,132.97007340495676,134.13868821944232,129.22152709960938,129.22152709960938,1410700,0.0,0.0,0.0
2018-02-06 00:00:00-05:00,126.8393596520513,131.1722064320759,125.8595129691622,130.55194091796875,1584300,0.0,0.0,0.0
2018-02-07 00:00:00-05:00,130.56994784732973,131.75654535150417,129.77888284454679,130.53399658203125,683700,0.0,0.0,0.0
2018-02-08 00:00:00-05:00,130.75877391112425,130.8756258503099,126.23712921142578,126.23712921142578,782200,0.0,0.0,0.0
2018-02-09 00:00:00-05:00,127.40571277135045,128.35857912681234,123.8729142591241,127.5675277709961,844000,0.0,0.0,0.0
2018-02-12 00:00:00-05:00,127.87311961984837,129.67098421907295,126.83035486030971,128.93385314941406,817700,0.0,0.0,0.0
2018-02-13 00:00:00-05:00,128.36756526404858,129.50921339322727,127.95405027383639,129.3114471435547,358200,0.0,0.0,0.0
2018-02-14 00:00:00-05:00,128.50235039590467,131.85536353468072,128.30458422204072,131.63063049316406,407700,0.0,0.0,0.0
2018-02-15 00:00:00-05:00,132.53865002823485,133.05103457535853,131.24418464257946,133.03306579589844,725600,0.0,0.0,0.0
2018-02-16 00:00:00-05:00,132.72736475810768,134.20161336082384,132.72736475810768,133.35662841796875,354700,0.0,0.0,0.0
2018-02-20 00:00:00-05:00,132.83525410964953,133.80610281722971,132.21498851453268,132.5026397705078,382600,0.0,0.0,0.0
2018-02-21 00:00:00-05:00,132.69145707756493,134.41740622443965,132.17007446289062,132.17007446289062,602600,0.0,0.0,0.0
2018-02-22 00:00:00-05:00,132.72737623021968,133.5903574531266,131.99025872345985,132.08914184570312,274900,0.0,0.0,0.0
2018-02-23 00:00:00-05:00,132.86227775359578,133.82412876885914,132.35887755308858,133.78817749023438,353900,0.0,0.0,0.0
2018-02-26 00:00:00-05:00,134.28254229171995,134.6510941949761,133.32967602891156,134.4623260498047,345300,0.0,0.0,0.0
2018-02-27 00:00:00-05:00,134.56121202189516,135.01966267220638,132.60153198242188,132.60153198242188,351900,0.0,0.0,0.0
2018-02-28 00:00:00-05:00,133.03303061434747,133.44653189858502,131.01043241330808,131.0373992919922,330700,0.0,0.0,0.0
2018-03-01 00:00:00-05:00,130.83067815063157,131.83749224836671,129.3474444665606,130.49807739257812,495500,0.0,0.0,0.0
2018-03-02 00:00:00-05:00,129.3833671591948,132.40378135183295,129.1676321061214,132.14309692382812,974700,0.0,0.0,0.0
2018-03-05 00:00:00-05:00,131.6846390799652,133.92297243398784,131.56777345480418,133.50047302246094,621100,0.0,0.0,0.0
2018-03-06 00:00:00-05:00,133.97688702266032,134.82188572479745,132.9521045728946,134.74996948242188,388300,0.0,0.0,0.0
2018-03-07 00:00:00-05:00,133.7791325479673,135.6309311830743,133.7791325479673,135.4691162109375,831100,0.0,0.0,0.0
2018-03-08 00:00:00-05:00,135.77479133385114,136.16133953421806,134.66910793427783,135.3792724609375,1148400,0.0,0.0,0.0
2018-03-09 00:00:00-05:00,136.18825615242181,137.4557541056311,135.87362433142843,137.4287872314453,437700,0.0,0.0,0.0
2018-03-12 00:00:00-04:00,137.60854339417875,138.00407575848212,136.91636175664792,137.62652587890625,290300,0.0,0.0,0.0
2018-03-13 00:00:00-04:00,138.21084345580806,138.4715277918922,136.66467877640386,137.0242462158203,879200,0.0,0.0,0.0
2018-03-14 00:00:00-04:00,137.51869597842264,137.51869597842264,136.05344526712514,136.26918029785156,318600,0.0,0.0,0.0
2018-03-15 00:00:00-04:00,136.57482366326045,136.57482366326045,135.3702572683461,135.75680541992188,490300,0.0,0.0,0.0
2018-03-16 00:00:00-04:00,135.81070371012828,136.73660295120263,135.75676996274444,136.43096923828125,214900,0.0,0.0,0.0
2018-03-19 00:00:00-04:00,136.01745502128438,136.11633813087545,133.83305594116322,135.1005401611328,585400,0.0,0.0,0.0
2018-03-20 00:00:00-04:00,135.3252899940235,135.72982058478556,134.92977122335267,135.21742248535156,1195200,0.0,0.0,0.0
2018-03-21 00:00:00-04:00,135.33429381834208,136.70067509130453,135.19046132295196,135.76577758789062,425400,0.0,0.0,0.0
2018-03-22 00:00:00-04:00,134.76043063331394,135.46371557021845,132.71368408203125,132.71368408203125,399000,0.455,0.0,0.0
2018-03-23 00:00:00-04:00,132.77681587083453,133.18256889393302,130.08990592399923,130.17105102539062,935900,0.0,0.0,0.0
2018-03-26 00:00:00-04:00,131.95631484095338,133.1013989758601,130.63990146500385,133.04730224609375,827600,0.0,0.0,0.0
2018-03-27 00:00:00-04:00,133.35386185196714,133.91289350468398,130.2431760141597,130.79318237304688,551800,0.0,0.0,0.0
2018-03-28 00:00:00-04:00,131.1267739092388,131.6948170364529,130.21611360519339,130.8743133544922,422800,0.0,0.0,0.0
2018-03-29 00:00:00-04:00,131.4874665774076,133.2456792588768,131.19893231271982,132.4702606201172,475400,0.0,0.0,0.0
2018-04-02 00:00:00-04:00,132.15467379456183,132.5874613747343,128.3767630476681,129.27841186523438,738100,0.0,0.0,0.0
2018-04-03 00:00:00-04:00,130.1349711549284,131.3792508842994,129.38660101031167,130.95547485351562,720500,0.0,0.0,0.0
2018-04-04 00:00:00-04:00,129.39564381696206,132.61453737023686,129.01695288564832,132.3440399169922,593800,0.0,0.0,0.0
2018-04-05 00:00:00-04:00,133.07433936886034,133.65139403440122,132.42515115036832,133.30877685546875,481800,0.0,0.0,0.0
2018-04-06 00:00:00-04:00,132.39808323609552,133.20054997683013,129.7562593199699,130.73004150390625,517400,0.0,0.0,0.0
2018-04-09 00:00:00-04:00,131.58666393567546,132.4883129814092,130.6759895943179,130.7481231689453,306000,0.0,0.0,0.0
2018-04-10 00:00:00-04:00,132.39809972250802,133.52516066489807,131.86613025963626,133.0292510986328,612500,0.0,0.0,0.0
2018-04-11 00:00:00-04:00,132.49732984408485,133.68751323616223,132.271917573592,133.11045837402344,373600,0.0,0.0,0.0
2018-04-12 00:00:00-04:00,133.71453350815875,134.38174488343776,133.32681733019072,133.88584899902344,295600,0.0,0.0,0.0
2018-04-13 00:00:00-04:00,134.38174482236982,134.48092675082165,132.95715167998188,133.3719024658203,819600,0.0,0.0,0.0
2018-04-16 00:00:00-04:00,134.12925830030102,134.97681029628137,133.57024049787466,134.6251678466797,545700,0.0,0.0,0.0
2018-04-17 00:00:00-04:00,135.3826007320949,136.26622671590007,135.0399834450974,135.8604736328125,696200,0.0,0.0,0.0
2018-04-18 00:00:00-04:00,136.2932750526477,137.05065696022726,136.1490079012784,136.37442016601562,332600,0.0,0.0,0.0
2018-04-19 00:00:00-04:00,136.1760076710261,136.45551657825155,135.0399352151223,135.49977111816406,273700,0.0,0.0,0.0
2018-04-20 00:00:00-04:00,135.3825453543859,136.02272197809134,134.4718851300261,134.7784423828125,223100,0.0,0.0,0.0
2018-04-23 00:00:00-04:00,134.91374168445762,135.57194158957086,134.1653713778454,134.7153778076172,258600,0.0,0.0,0.0
2018-04-24 00:00:00-04:00,135.3104511188414,135.76127554915715,132.79484309316047,133.7415771484375,395900,0.0,0.0,0.0
2018-04-25 00:00:00-04:00,133.52520788069427,134.2104699811463,132.6776555510234,133.72357177734375,442700,0.0,0.0,0.0
2018-04-26 00:00:00-04:00,134.0030666466076,134.71537704342254,133.55224215781342,134.3186492919922,305000,0.0,0.0,0.0
2018-04-27 00:00:00-04:00,134.29156904410837,134.64321151156932,133.4891021948735,134.13829040527344,197500,0.0,0.0,0.0
2018-04-30 00:00:00-04:00,134.42683815565547,134.7243839590219,132.95715972808742,132.96617126464844,277200,0.0,0.0,0.0
2018-05-01 00:00:00-04:00,132.80386019877267,133.48912216675777,131.64073917332644,133.35386657714844,546000,0.0,0.0,0.0
2018-05-02 00:00:00-04:00,133.15552585058134,134.38176911581527,133.10142910856808,133.3629150390625,720900,0.0,0.0,0.0
2018-05-03 00:00:00-04:00,132.95715972808742,133.42600727453961,131.53255274139553,132.96617126464844,646400,0.0,0.0,0.0
2018-05-04 00:00:00-04:00,132.6686433830649,135.274408640595,132.3620860017256,134.73341369628906,929400,0.0,0.0,0.0
2018-05-07 00:00:00-04:00,135.13013897471302,136.39245590192746,135.13013897471302,135.77932739257812,671000,0.0,0.0,0.0
2018-05-08 00:00:00-04:00,135.60800303450648,136.35637334961285,135.60800303450648,136.30227661132812,513900,0.0,0.0,0.0
2018-05-09 00:00:00-04:00,136.59981981557536,137.51048032810678,136.23916572853182,137.24900817871094,478400,0.0,0.0,0.0
2018-05-10 00:00:00-04:00,137.50146130331203,138.42114706068253,137.36621946755346,137.95228576660156,910400,0.0,0.0,0.0
2018-05-11 00:00:00-04:00,138.10556934699923,138.56540536301023,137.6908185305355,138.19573974609375,291500,0.0,0.0,0.0
2018-05-14 00:00:00-04:00,138.48425967681314,138.89902424960547,137.69081795201444,137.898193359375,427500,0.0,0.0,0.0
2018-05-15 00:00:00-04:00,137.33917164762116,137.9252379490044,136.92440708619102,137.7358856201172,715800,0.0,0.0,0.0
2018-05-16 00:00:00-04:00,137.8080471408914,139.12446089953755,137.8080471408914,138.78182983398438,361700,0.0,0.0,0.0
2018-05-17 00:00:00-04:00,138.78178697205905,139.62933907788266,138.7457270722252,139.2416229248047,331400,0.0,0.0,0.0
2018-05-18 00:00:00-04:00,139.3949439949094,139.5301858446802,139.01623929940672,139.27772521972656,394500,0.0,0.0,0.0
2018-05-21 00:00:00-04:00,139.7375150915296,140.4137516330694,139.70145519619723,140.2875213623047,829800,0.0,0.0,0.0
2018-05-22 00:00:00-04:00,140.5220007089926,140.60314581622137,139.22362396104538,139.23263549804688,919800,0.0,0.0,0.0
2018-05-23 00:00:00-04:00,138.8899875811346,139.46704231467442,138.72769738642188,139.3678741455078,461700,0.0,0.0,0.0
2018-05-24 00:00:00-04:00,139.32278483302863,139.74656089523882,138.49326953795568,139.52114868164062,321300,0.0,0.0,0.0
2018-05-25 00:00:00-04:00,139.33180048574715,139.59328636576666,139.07933989970286,139.3678741455078,238700,0.0,0.0,0.0
2018-05-29 00:00:00-04:00,138.61948546510894,139.53915729549368,137.9342236016047,138.98915100097656,826800,0.0,0.0,0.0
2018-05-30 00:00:00-04:00,139.63840392376662,141.32449724368092,139.5843071743284,140.9728546142578,924400,0.0,0.0,0.0
2018-05-31 00:00:00-04:00,140.99984278681816,141.54984910139711,139.5301508502401,139.74655151367188,340000,0.0,0.0,0.0
2018-06-01 00:00:00-04:00,140.72936673207113,141.16215436647795,140.5219913303032,140.7654266357422,408000,0.0,0.0,0.0
2018-06-04 00:00:00-04:00,141.27936264062754,141.4687011974669,140.55804079812413,141.4236297607422,675700,0.0,0.0,0.0
2018-06-05 00:00:00-04:00,141.36947794641543,142.14489629277077,141.20718780228015,142.06375122070312,986700,0.0,0.0,0.0
2018-06-06 00:00:00-04:00,142.24412734922862,143.28103185247014,142.04576348801965,143.23594665527344,1317400,0.0,0.0,0.0
2018-06-07 00:00:00-04:00,143.38925326016007,143.64171390397138,142.19005832301966,142.8753204345703,409100,0.0,0.0,0.0
2018-06-08 00:00:00-04:00,142.8301880855568,143.45232795177236,142.68592097726102,143.3892059326172,602300,0.0,0.0,0.0
2018-06-11 00:00:00-04:00,143.56055893066343,143.89416466749185,143.38023187719057,143.69580078125,1029500,0.0,0.0,0.0
2018-06-12 00:00:00-04:00,143.87611564713058,144.53431546474368,143.6146297723881,144.2548065185547,940900,0.0,0.0,0.0
2018-06-13 00:00:00-04:00,144.39904382690713,144.4982257411157,143.3260933561924,143.44329833984375,352400,0.0,0.0,0.0
2018-06-14 00:00:00-04:00,143.93922424316406,144.15562492364649,143.25397605874116,143.93922424316406,441300,0.0,0.0,0.0
2018-06-15 00:00:00-04:00,143.51544589151604,143.94823348752186,142.857246082872,143.7769317626953,254800,0.0,0.0,0.0
2018-06-18 00:00:00-04:00,143.11869979513193,144.33593109010593,142.98345798816496,144.32691955566406,875600,0.0,0.0,0.0
2018-06-19 00:00:00-04:00,143.36214386173208,144.16461065755368,142.46950669233024,144.08346557617188,564500,0.0,0.0,0.0
2018-06-20 00:00:00-04:00,144.64253760264694,145.2105809014387,144.27285819365318,145.0843505859375,665800,0.0,0.0,0.0
2018-06-21 00:00:00-04:00,145.09335400523116,145.09335400523116,143.33514122409886,143.6687469482422,446300,0.0,0.0,0.0
2018-06-22 00:00:00-04:00,144.52013198361973,144.52013198361973,143.39940928711803,143.58016967773438,549400,0.382,0.0,0.0
2018-06-25 00:00:00-04:00,143.25482450440182,143.28193787893508,140.65183022011715,141.23931884765625,1014300,0.0,0.0,0.0
2018-06-26 00:00:00-04:00,141.47425491923298,142.323843790742,141.07657384821755,141.92616271972656,637400,0.0,0.0,0.0
2018-06-27 00:00:00-04:00,142.17020189001144,142.60402953252023,139.96488953796586,139.9739227294922,797700,0.0,0.0,0.0
2018-06-28 00:00:00-04:00,139.92877253665404,140.97718841157032,139.21475031242764,140.715087890625,622100,0.0,0.0,0.0
2018-06-29 00:00:00-04:00,141.16700962052826,141.85390474941659,140.697021484375,140.697021484375,1020900,0.0,0.0,0.0
2018-07-02 00:00:00-04:00,139.9468246826896,141.26640171997684,139.56722373005087,141.25735473632812,876300,0.0,0.0,0.0
2018-07-03 00:00:00-04:00,141.6369781695255,142.35098657376457,141.5375578812254,141.65504455566406,432100,0.0,0.0,0.0
2018-07-05 00:00:00-04:00,142.40519957006038,142.94749450683594,141.5375442205792,142.94749450683594,407400,0.0,0.0,0.0
2018-07-06 00:00:00-04:00,142.97462458216077,144.33938148464554,142.62213696940591,144.24900817871094,499500,0.0,0.0,0.0
2018-07-09 00:00:00-04:00,144.9177958794891,145.34259033203125,144.5924216986298,145.34259033203125,476400,0.0,0.0,0.0
2018-07-10 00:00:00-04:00,145.604700323557,145.86680078242404,144.4749308107769,145.0081787109375,705800,0.0,0.0,0.0
2018-07-11 00:00:00-04:00,144.04111643416164,144.9630123912071,143.85132284341174,143.9236297607422,635500,0.0,0.0,0.0
2018-07-12 00:00:00-04:00,144.8003342621249,144.87262738936525,143.71574427763602,144.72802734375,521300,0.0,0.0,0.0
2018-07-13 00:00:00-04:00,144.67380240469996,145.40589099955412,144.49302821094386,144.5020751953125,603300,0.0,0.0,0.0
2018-07-16 00:00:00-04:00,144.7098930258356,144.89065335857745,143.4083965642875,143.84222412109375,581900,0.0,0.0,0.0
2018-07-17 00:00:00-04:00,143.72476568741223,144.85453522761077,143.58918506790917,144.5562744140625,899500,0.0,0.0,0.0
2018-07-18 00:00:00-04:00,144.52012726077936,145.1528092939616,143.97784610665175,145.03530883789062,860400,0.0,0.0,0.0
2018-07-19 00:00:00-04:00,144.81839500029304,145.9120181352508,144.36648712142573,145.67701721191406,766100,0.0,0.0,0.0
2018-07-20 00:00:00-04:00,145.56861022206385,145.72225729501048,145.0443952602316,145.17092895507812,825100,0.0,0.0,0.0
2018-07-23 00:00:00-04:00,145.04436027371278,145.39684789512782,144.55630579449775,145.0805206298828,238500,0.0,0.0,0.0
2018-07-24 00:00:00-04:00,145.83968109642973,145.83968109642973,143.1734279200556,143.63436889648438,404700,0.0,0.0,0.0
2018-07-25 00:00:00-04:00,143.7157142446409,144.4929962158203,143.23669307775342,144.4929962158203,650800,0.0,0.0,0.0
2018-07-26 00:00:00-04:00,144.38455119842496,145.7402746838562,144.38455119842496,145.1347198486328,849200,0.0,0.0,0.0
2018-07-27 00:00:00-04:00,145.2702936858273,145.40587431558777,142.5227000242928,142.94749450683594,965900,0.0,0.0,0.0
2018-07-30 00:00:00-04:00,142.99268464900481,143.35420540416766,141.7725279658478,141.8719482421875,557800,0.0,0.0,0.0
2018-07-31 00:00:00-04:00,142.1882953325915,143.76997283861417,142.1069414367347,143.25479125976562,606400,0.0,0.0,0.0
2018-08-01 00:00:00-04:00,143.3090362548828,143.65249068454048,142.46849415004922,143.3090362548828,608700,0.0,0.0,0.0
2018-08-02 00:00:00-04:00,142.65829977083578,144.62862562390396,142.2967789236798,144.52920532226562,432900,0.0,0.0,0.0
2018-08-03 00:00:00-04:00,144.56534442004303,144.98110578481044,143.76094885422262,144.4026641845703,591300,0.0,0.0,0.0
2018-08-06 00:00:00-04:00,144.42975071284144,145.37875995011902,144.1766834217185,145.24317932128906,298400,0.0,0.0,0.0
2018-08-07 00:00:00-04:00,145.72220474606914,146.05662594060507,145.5143309918838,145.5595245361328,520200,0.0,0.0,0.0
2018-08-08 00:00:00-04:00,145.5414584263182,145.59568516820448,144.66475598946397,145.27935791015625,309600,0.0,0.0,0.0
2018-08-09 00:00:00-04:00,145.4330016629505,146.18317042144176,145.3606947450211,145.4962615966797,259600,0.0,0.0,0.0
2018-08-10 00:00:00-04:00,144.71896782129951,145.80355771182144,144.682821260811,145.03530883789062,316500,0.0,0.0,0.0
2018-08-13 00:00:00-04:00,145.17991747766808,145.4420179574667,143.70669350218756,144.1766815185547,347800,0.0,0.0,0.0
2018-08-14 00:00:00-04:00,144.54725966647817,145.82164330189036,144.50207990770048,145.604736328125,423200,0.0,0.0,0.0
2018-08-15 00:00:00-04:00,145.03530064900028,145.08049419040924,143.19150897212265,144.13148498535156,344800,0.0,0.0,0.0
2018-08-16 00:00:00-04:00,144.74612652370945,145.82166976761772,144.70094675673192,145.29745483398438,432800,0.0,0.0,0.0
2018-08-17 00:00:00-04:00,145.08950712171986,146.17408300841998,144.84547306509486,146.09274291992188,438200,0.0,0.0,0.0
2018-08-20 00:00:00-04:00,146.41817159076734,146.86104633384457,145.84876317697314,146.490478515625,814800,0.0,0.0,0.0
2018-08-21 00:00:00-04:00,146.78870274118424,148.34326675945454,146.7706225667023,147.92750549316406,924600,0.0,0.0,0.0
2018-08-22 00:00:00-04:00,147.81002000539817,148.43365507238505,147.65637298458213,148.1805877685547,362800,0.0,0.0,0.0
2018-08-23 00:00:00-04:00,148.19864391939663,148.4878577378305,147.54789558900606,147.7738494873047,303200,0.0,0.0,0.0
2018-08-24 00:00:00-04:00,148.14442092735484,148.7047821961086,148.14442092735484,148.59632873535156,1018200,0.0,0.0,0.0
2018-08-27 00:00:00-04:00,148.98498205675997,149.7441839622966,148.98498205675997,149.17478942871094,592100,0.0,0.0,0.0
2018-08-28 00:00:00-04:00,149.47304398580195,149.66283755863307,148.65056839384573,149.31939697265625,870900,0.0,0.0,0.0
2018-08-29 00:00:00-04:00,149.50017500943008,150.06053639309744,148.98499338292194,149.87074279785156,520100,0.0,0.0,0.0
2018-08-30 00:00:00-04:00,149.56340202071277,150.01530982190394,149.10246102830516,149.3374481201172,356600,0.0,0.0,0.0
2018-08-31 00:00:00-04:00,149.03019319610138,149.9159288571306,148.98499964590764,149.72613525390625,494600,0.0,0.0,0.0
2018-09-04 00:00:00-04:00,149.55440239035016,149.924970180356,148.57827966579396,149.39170837402344,415900,0.0,0.0,0.0
2018-09-05 00:00:00-04:00,149.2922596022364,149.4549535875248,147.7377094017028,148.91265869140625,463400,0.0,0.0,0.0
2018-09-06 00:00:00-04:00,149.0844173640146,149.5092119044527,147.97272776235957,148.1625213623047,769900,0.0,0.0,0.0
2018-09-07 00:00:00-04:00,147.80998978668828,148.83130577693166,147.5026958078803,147.91845703125,433700,0.0,0.0,0.0
2018-09-10 00:00:00-04:00,148.56924619710836,149.10249421131758,147.98175765013428,148.35232543945312,449700,0.0,0.0,0.0
2018-09-11 00:00:00-04:00,148.18055528227367,149.06629065149625,147.86422811740238,148.65957641601562,604700,0.0,0.0,0.0
2018-09-12 00:00:00-04:00,148.6144256591797,148.9126865286877,147.4937028913572,148.6144256591797,338200,0.0,0.0,0.0
2018-09-13 00:00:00-04:00,149.12962224838702,149.4369163419353,148.58732719648393,148.8494415283203,329600,0.0,0.0,0.0
2018-09-14 00:00:00-04:00,148.96689867770536,149.72610049663288,148.71381761359746,149.40072631835938,963200,0.0,0.0,0.0
2018-09-17 00:00:00-04:00,149.36455996651972,149.57244748256912,147.69250939378873,147.7738494873047,375900,0.0,0.0,0.0
2018-09-18 00:00:00-04:00,148.06305964800512,148.82226134694693,147.89133249895477,148.50592041015625,290700,0.0,0.0,0.0
2018-09-19 00:00:00-04:00,148.48792356443303,149.0663652488629,147.54796099891112,147.85525512695312,590700,0.0,0.0,0.0
2018-09-20 00:00:00-04:00,148.47886593417962,149.05730752341552,148.1263783062255,148.97596740722656,521600,0.0,0.0,0.0
2018-09-21 00:00:00-04:00,149.44589473591125,149.49107447688695,148.37938530096793,148.4878387451172,377700,0.0,0.0,0.0
2018-09-24 00:00:00-04:00,148.2980933084803,148.33423987120852,147.14121022529775,147.74676513671875,829300,0.0,0.0,0.0
2018-09-25 00:00:00-04:00,147.99080825127123,148.2981023221085,147.84619440930018,147.90945434570312,320900,0.0,0.0,0.0
2018-09-26 00:00:00-04:00,148.1987035319125,148.22581690732412,146.64413898300813,146.70741271972656,724400,0.0,0.0,0.0
2018-09-27 00:00:00-04:00,147.00560772254204,147.48462890647352,146.67120035028515,146.8700408935547,555000,0.0,0.0,0.0
2018-09-28 00:00:00-04:00,146.53065307597018,147.76474883328476,146.52158383115602,147.52882385253906,993700,0.646,0.0,0.0
2018-10-01 00:00:00-04:00,148.1368350066491,148.5723942586819,145.67771208206074,146.0497589111328,632300,0.0,0.0,0.0
2018-10-02 00:00:00-04:00,145.98624247783553,146.2493891020364,144.61602464405934,144.89732360839844,614300,0.0,0.0,0.0
2018-10-03 00:00:00-04:00,145.48713369784576,146.34011354757644,144.90638352192775,145.7684326171875,569100,0.0,0.0,0.0
2018-10-04 00:00:00-04:00,145.36010609819118,145.36010609819118,143.34562574322922,143.81748962402344,652500,0.0,0.0,0.0
2018-10-05 00:00:00-04:00,143.844737745559,144.21677075568286,141.56709652209202,142.6378631591797,371000,0.0,0.0,0.0
2018-10-08 00:00:00-04:00,142.31114196777344,142.71041027851786,141.23130644903515,142.31114196777344,322800,0.0,0.0,0.0
2018-10-09 00:00:00-04:00,142.10245803668676,142.7376514152722,141.40373839715417,141.55799865722656,2006900,0.0,0.0,0.0
2018-10-10 00:00:00-04:00,141.2857528352672,141.54891324888987,137.42920523527275,137.55624389648438,1617800,0.0,0.0,0.0
2018-10-11 00:00:00-04:00,136.88479066173187,138.1098036328871,134.83400543704477,134.90660095214844,1002600,0.0,0.0,0.0
2018-10-12 00:00:00-04:00,136.61258528132834,137.0753661956149,133.87216294417496,135.46922302246094,1234800,0.0,0.0,0.0
2018-10-15 00:00:00-04:00,135.3330434976441,136.96640739932278,134.8158196723806,135.95916748046875,895600,0.0,0.0,0.0
2018-10-16 00:00:00-04:00,136.85757209348031,139.58891090938906,135.93199656321335,139.39834594726562,446100,0.0,0.0,0.0
2018-10-17 00:00:00-04:00,139.18054963914997,139.28943597265172,137.4019943969534,138.99905395507812,525600,0.0,0.0,0.0
2018-10-18 00:00:00-04:00,138.49091321411714,138.9809294565645,136.13162139158732,136.65792846679688,513400,0.0,0.0,0.0
2018-10-19 00:00:00-04:00,136.88479954021162,137.75591808559975,135.01549605894948,135.44198608398438,527500,0.0,0.0,0.0
2018-10-22 00:00:00-04:00,135.88661963677984,136.28588804676065,134.6797451597665,134.90660095214844,400100,0.0,0.0,0.0
2018-10-23 00:00:00-04:00,133.06450408379555,134.63434194870433,131.2678104758466,133.7178497314453,811600,0.0,0.0,0.0
2018-10-24 00:00:00-04:00,133.63616491126828,134.08079323927936,129.09905073206207,129.19886779785156,696800,0.0,0.0,0.0
2018-10-25 00:00:00-04:00,129.82499010748225,132.41113684880844,129.53460815756821,131.65797424316406,870100,0.0,0.0,0.0
2018-10-26 00:00:00-04:00,130.1698389179024,131.5854167166788,127.89221195665864,129.8522491455078,1066900,0.0,0.0,0.0
2018-10-29 00:00:00-04:00,131.5854216257406,132.6561881071836,127.855912049284,129.26242065429688,676200,0.0,0.0,0.0
2018-10-30 00:00:00-04:00,129.2623785410672,131.79409597450132,129.01737050159892,131.65797424316406,476400,0.0,0.0,0.0
2018-10-31 00:00:00-04:00,133.0554724786884,133.79955232634111,132.5473176859149,132.6017608642578,565300,0.0,0.0,0.0
2018-11-01 00:00:00-04:00,133.10086554084836,135.42388121308448,132.93753596535234,135.1062774658203,1201700,0.0,0.0,0.0
2018-11-02 00:00:00-04:00,135.77770154417618,136.32214701090143,134.16248978772634,135.37843322753906,619300,0.0,0.0,0.0
2018-11-05 00:00:00-05:00,135.44193629714607,136.11343422394035,134.4256270857165,135.47824096679688,613700,0.0,0.0,0.0
2018-11-06 00:00:00-05:00,135.1969719195395,136.29494611071829,134.75232961832984,136.08624267578125,282400,0.0,0.0,0.0
2018-11-07 00:00:00-05:00,136.7668070759319,138.47276688900885,136.4582865532793,138.38201904296875,663000,0.0,0.0,0.0
2018-11-08 00:00:00-05:00,137.88294000232133,138.60888126591195,137.34756368581722,137.84664916992188,470800,0.0,0.0,0.0
2018-11-09 00:00:00-05:00,137.0662860892903,137.11166002149224,135.0336530037921,135.9864501953125,360400,0.0,0.0,0.0
2018-11-12 00:00:00-05:00,135.90478259182777,136.04089053941604,133.36399474946828,133.50918579101562,392600,0.0,0.0,0.0
2018-11-13 00:00:00-05:00,133.8993787701025,135.24236136551215,133.0373294118229,133.30047607421875,303800,0.0,0.0,0.0
2018-11-14 00:00:00-05:00,134.38031016740663,134.92476967369765,131.51284928047738,132.33860778808594,445800,0.0,0.0,0.0
2018-11-15 00:00:00-05:00,131.58541763805698,134.30768691512785,131.20430160080838,134.01731872558594,515000,0.0,0.0,0.0
2018-11-16 00:00:00-05:00,133.12802970694295,134.65249364678212,132.9919079540587,134.29859924316406,553200,0.0,0.0,0.0
2018-11-19 00:00:00-05:00,134.09899601591093,134.40751657306907,131.25875704056148,131.62173461914062,544600,0.0,0.0,0.0
2018-11-20 00:00:00-05:00,130.0518900750143,131.1226427258488,128.7814893810362,129.39854431152344,743500,0.0,0.0,0.0
2018-11-21 00:00:00-05:00,130.04282372569403,132.1389692175406,129.9067157766832,131.05006408691406,311100,0.0,0.0,0.0
2018-11-23 00:00:00-05:00,130.06094568485454,132.03005201557306,130.06094568485454,131.02281188964844,145500,0.0,0.0,0.0
2018-11-26 00:00:00-05:00,132.030061074781,133.04637051619488,131.8576484703602,132.77415466308594,402700,0.0,0.0,0.0
2018-11-27 00:00:00-05:00,132.23874566511276,132.65616632402129,131.4583613563343,131.7850341796875,675000,0.0,0.0,0.0
2018-11-28 00:00:00-05:00,132.31135488740946,134.8521422385517,131.2859623932204,134.82492065429688,448700,0.0,0.0,0.0
2018-11-29 00:00:00-05:00,134.33492880413277,135.53273411325034,133.5091841883765,134.67068481445312,751800,0.0,0.0,0.0
2018-11-30 00:00:00-05:00,134.4074899857617,135.6597381533381,134.1806342363414,135.50547790527344,684100,0.0,0.0,0.0
2018-12-03 00:00:00-05:00,137.51092194097146,137.88296882016974,135.32404229275946,136.9120330810547,751200,0.0,0.0,0.0
2018-12-04 00:00:00-05:00,136.65792620917233,136.9120035728446,131.53097731853427,131.69432067871094,747600,0.0,0.0,0.0
2018-12-06 00:00:00-05:00,129.74335063711646,131.5219060009938,128.08276470672143,131.50375366210938,1475300,0.0,0.0,0.0
2018-12-07 00:00:00-05:00,131.4311581921255,132.44748147729317,128.0918478376282,128.7724151611328,1197700,0.0,0.0,0.0
2018-12-10 00:00:00-05:00,128.88129657210567,129.24426025895286,126.36773080984871,128.1735076904297,1518600,0.0,0.0,0.0
2018-12-11 00:00:00-05:00,129.86131873324615,130.3604042010958,127.34775290147797,128.0010986328125,1506700,0.0,0.0,0.0
2018-12-12 00:00:00-05:00,129.26243358985695,130.50561280386864,128.95391302131424,128.99020385742188,890600,0.0,0.0,0.0
2018-12-13 00:00:00-05:00,129.31682705711717,129.86128631269466,127.22976555180952,127.43846893310547,775300,0.0,0.0,0.0
2018-12-14 00:00:00-05:00,126.5310553604624,127.57458618972643,125.22436412808568,125.66900634765625,856700,0.0,0.0,0.0
2018-12-17 00:00:00-05:00,125.23346550648436,125.83236811602568,121.95766734034171,122.57472229003906,1558200,0.0,0.0,0.0
2018-12-18 00:00:00-05:00,123.56380261679227,124.4621564758787,122.12100320210192,122.60193634033203,1346400,0.0,0.0,0.0
2018-12-19 00:00:00-05:00,122.62008791144547,124.10826124132734,119.72540600758421,120.42412567138672,1260600,0.0,0.0,0.0
2018-12-20 00:00:00-05:00,120.0430229563321,120.63285641243898,116.9759416000634,118.40058898925781,2132000,0.0,0.0,0.0
2018-12-21 00:00:00-05:00,118.87243528760192,119.68911060225135,115.35163587979275,115.714599609375,2136400,0.0,0.0,0.0
2018-12-24 00:00:00-05:00,115.02743124977603,115.46545325860545,112.97418480752307,113.08368682861328,1988900,0.717,0.0,0.0
2018-12-26 00:00:00-05:00,113.47608177423886,118.65026793851713,112.97418128136076,118.53163146972656,2637800,0.0,0.0,0.0
2018-12-27 00:00:00-05:00,116.8799219714811,119.18868255615234,115.13694043024833,119.18868255615234,2780900,0.0,0.0,0.0
2018-12-28 00:00:00-05:00,119.37119541314019,120.92253454392385,118.32176380467567,119.31644439697266,2907000,0.0,0.0,0.0
2018-12-31 00:00:00-05:00,120.0373528462021,120.44801330566406,118.53164424307376,120.44801330566406,2985600,0.0,0.0,0.0
2019-01-02 00:00:00-05:00,118.91494696441441,120.86781258249178,118.06627816087082,120.34766387939453,1153100,0.0,0.0,0.0
2019-01-03 00:00:00-05:00,119.67231628694402,120.3384767261751,117.77420252941836,118.29436492919922,706200,0.0,0.0,0.0
2019-01-04 00:00:00-05:00,119.84574767830723,122.93018540532482,119.77274166959099,122.49214935302734,841700,0.0,0.0,0.0
2019-01-07 00:00:00-05:00,122.72027062515538,125.3758063797652,122.28224855901956,124.52713775634766,887900,0.0,0.0,0.0
2019-01-08 00:00:00-05:00,125.77734459408289,126.54388676519989,124.61839688392415,126.4891357421875,621200,0.0,0.0,0.0
2019-01-09 00:00:00-05:00,126.95450516938523,128.07695658976272,126.58948914738083,127.60242462158203,742500,0.0,0.0,0.0
2019-01-10 00:00:00-05:00,126.8632539180316,128.57884587390808,126.4891034569831,128.49671936035156,466500,0.0,0.0,0.0
2019-01-11 00:00:00-05:00,127.95831822993478,128.87087219595944,127.75755524345188,128.67922973632812,1036400,0.0,0.0,0.0
2019-01-14 00:00:00-05:00,127.83967961427823,128.56060503304803,127.52029408620771,127.75755310058594,794100,0.0,0.0,0.0
2019-01-15 00:00:00-05:00,128.04957437229757,128.9438733264595,127.75755043042625,128.8161163330078,694200,0.0,0.0,0.0
2019-01-16 00:00:00-05:00,128.94387497495453,130.16669391712097,128.9256199972372,129.64654541015625,681500,0.0,0.0,0.0
2019-01-17 00:00:00-05:00,129.20850073494245,131.40775893114838,129.20850073494245,130.84197998046875,529500,0.0,0.0,0.0
2019-01-18 00:00:00-05:00,131.60859973602211,132.84967430580105,131.2527040687423,132.50289916992188,647700,0.0,0.0,0.0
2019-01-22 00:00:00-05:00,131.71801774744424,132.0556721364296,129.81078356626875,130.47694396972656,1400300,0.0,0.0,0.0
2019-01-23 00:00:00-05:00,130.87852146003007,131.56293710881144,129.1355395992602,130.2214813232422,507000,0.0,0.0,0.0
2019-01-24 00:00:00-05:00,130.13024586201746,131.34393080054735,130.11199087756998,131.1614227294922,503700,0.0,0.0,0.0
2019-01-25 00:00:00-05:00,132.1287361507826,133.03216995601525,131.9827380396582,132.8040313720703,592800,0.0,0.0,0.0
2019-01-28 00:00:00-05:00,131.58117149995988,132.5667315509074,131.4077840014872,132.42984008789062,1379000,0.0,0.0,0.0
2019-01-29 00:00:00-05:00,132.63975781440928,132.7857559030121,132.01921372107745,132.3203582763672,539500,0.0,0.0,0.0
2019-01-30 00:00:00-05:00,132.99562840210405,134.1728169656915,131.90968688618796,133.6617889404297,573500,0.0,0.0,0.0
2019-01-31 00:00:00-05:00,133.53406551859595,134.76600540551917,133.25117592806856,134.55612182617188,1123000,0.0,0.0,0.0
2019-02-01 00:00:00-05:00,134.8755381561265,135.35919085642263,134.36450993879285,135.14930725097656,1849400,0.0,0.0,0.0
2019-02-04 00:00:00-05:00,135.24963760018628,136.54546263927125,134.78422613774362,136.4998321533203,745300,0.0,0.0,0.0
2019-02-05 00:00:00-05:00,136.65496020454037,137.21161869624214,136.27168919910997,136.96522521972656,606700,0.0,0.0,0.0
2019-02-06 00:00:00-05:00,136.93783630701338,137.23898076561125,136.12566389120727,136.7918243408203,665700,0.0,0.0,0.0
2019-02-07 00:00:00-05:00,135.879315255219,136.47248384184488,134.69300593091145,135.8428192138672,682600,0.0,0.0,0.0
2019-02-08 00:00:00-05:00,135.2496188868875,136.08916679924073,134.8937234248631,136.0800323486328,509300,0.0,0.0,0.0
2019-02-11 00:00:00-05:00,136.435934942771,136.96521790040532,136.00703347579957,136.8922119140625,872500,0.0,0.0,0.0
2019-02-12 00:00:00-05:00,137.64967362177842,138.63523383899422,137.55842655550998,138.50747680664062,753000,0.0,0.0,0.0
2019-02-13 00:00:00-05:00,138.87245610804612,139.2557410279771,138.30667710395417,138.90896606445312,1019400,0.0,0.0,0.0
2019-02-14 00:00:00-05:00,138.20628280113687,139.65724013329438,137.91427279928783,139.09146118164062,703100,0.0,0.0,0.0
2019-02-15 00:00:00-05:00,139.84888770337966,140.81619262695312,139.5021127592806,140.81619262695312,904500,0.0,0.0,0.0
2019-02-19 00:00:00-05:00,140.28693276601683,141.37287433323596,140.10442473758243,141.0078582763672,772700,0.0,0.0,0.0
2019-02-20 00:00:00-05:00,141.03521224288104,141.51886471037125,140.84356979139062,141.38197326660156,722500,0.0,0.0,0.0
2019-02-21 00:00:00-05:00,141.16299567484984,141.27249771080048,140.32344757546386,140.8709716796875,470900,0.0,0.0,0.0
2019-02-22 00:00:00-05:00,141.39114523991904,142.31281993823694,141.23601270205194,142.22157287597656,566400,0.0,0.0,0.0
2019-02-25 00:00:00-05:00,143.02459873493137,143.3439982364609,142.16679566176788,142.258056640625,417000,0.0,0.0,0.0
2019-02-26 00:00:00-05:00,142.13031535292126,142.33107838904687,141.22688169035604,141.25425720214844,464200,0.0,0.0,0.0
2019-02-27 00:00:00-05:00,140.93486532493162,141.82916449416484,140.7067267871548,141.65577697753906,627700,0.0,0.0,0.0
2019-02-28 00:00:00-05:00,141.52800312068484,141.79265159073384,140.8253465335222,141.08998107910156,462800,0.0,0.0,0.0
2019-03-01 00:00:00-05:00,142.19417591310608,142.49530649005482,141.08997940790587,142.35842895507812,846600,0.0,0.0,0.0
2019-03-04 00:00:00-05:00,142.63218358689838,142.8694425984566,140.04965426612426,141.23597717285156,748700,0.0,0.0,0.0
2019-03-05 00:00:00-05:00,141.32722183296335,141.34547681030455,140.5241838480331,140.788818359375,334800,0.0,0.0,0.0
2019-03-06 00:00:00-05:00,140.69753683606442,140.69753683606442,138.55304378153681,138.56216430664062,306800,0.0,0.0,0.0
2019-03-07 00:00:00-05:00,138.50747430904974,138.56222533271796,137.12038803674278,137.4671630859375,809200,0.0,0.0,0.0
2019-03-08 00:00:00-05:00,136.6184501931318,137.31198614278722,136.3173057358628,137.20248413085938,797900,0.0,0.0,0.0
2019-03-11 00:00:00-04:00,137.6405327794743,139.38351440429688,137.47626580527816,139.38351440429688,290000,0.0,0.0,0.0
2019-03-12 00:00:00-04:00,139.5386150572878,140.04964299457245,139.1827196063598,139.6481170654297,403000,0.0,0.0,0.0
2019-03-13 00:00:00-04:00,140.07706651018253,140.85274313230775,140.01318103389076,140.33258056640625,816500,0.0,0.0,0.0
2019-03-14 00:00:00-04:00,140.3143209223955,140.40558190707424,139.72116629539755,139.96755981445312,713100,0.0,0.0,0.0
2019-03-15 00:00:00-04:00,140.1409532288589,141.026117980035,139.9219352110948,140.30520629882812,274700,0.0,0.0,0.0
2019-03-18 00:00:00-04:00,140.50593606465802,141.4914960245256,140.0861551111248,141.09909057617188,342600,0.0,0.0,0.0
2019-03-19 00:00:00-04:00,141.68314455584843,141.68314455584843,140.09530933347978,140.39645385742188,385200,0.0,0.0,0.0
2019-03-20 00:00:00-04:00,140.39647637768653,140.9257455870597,138.6443599710718,139.34703063964844,531400,0.0,0.0,0.0
2019-03-21 00:00:00-04:00,138.79946276455144,141.66488163946988,138.79946276455144,141.27247619628906,464900,0.0,0.0,0.0
2019-03-22 00:00:00-04:00,140.50594604278464,140.6884540650984,136.8922259333061,136.9196014404297,517200,0.0,0.0,0.0
2019-03-25 00:00:00-04:00,136.81007439663102,137.96902170934126,135.85189004909793,137.1659698486328,592300,0.0,0.0,0.0
2019-03-26 00:00:00-04:00,138.14242408430005,139.23748606063083,137.66789212225157,138.64431762695312,345700,0.0,0.0,0.0
2019-03-27 00:00:00-04:00,138.57129151922035,138.98193791889926,136.74618403223405,138.01463317871094,317800,0.0,0.0,0.0
2019-03-28 00:00:00-04:00,138.41471880861215,139.39424768357364,137.9295360474617,139.29354858398438,393200,0.477,0.0,0.0
2019-03-29 00:00:00-04:00,140.19067171972472,140.51108174292847,139.35761683421487,139.87942504882812,974200,0.0,0.0,0.0
2019-04-01 00:00:00-04:00,140.90473841890375,141.73779344420998,140.61180443493888,141.62794494628906,1341300,0.0,0.0,0.0
2019-04-02 00:00:00-04:00,141.75609274280944,141.75609274280944,140.69417746850166,141.38990783691406,558600,0.0,0.0,0.0
2019-04-03 00:00:00-04:00,142.35109102454032,142.77220007661495,141.69197231517637,142.0673065185547,502900,0.0,0.0,0.0
2019-04-04 00:00:00-04:00,142.17716604299008,142.62573724548,141.59128425225006,142.47926330566406,694500,0.0,0.0,0.0
2019-04-05 00:00:00-04:00,142.80883312117072,143.70596162318088,142.80883312117072,143.66018676757812,585400,0.0,0.0,0.0
2019-04-08 00:00:00-04:00,143.2940010836138,143.55032348632812,142.63488234277037,143.55032348632812,921300,0.0,0.0,0.0
2019-04-09 00:00:00-04:00,142.99192095131716,143.10178340029444,141.7560836406538,141.9483184814453,382300,0.0,0.0,0.0
2019-04-10 00:00:00-04:00,142.18632512228197,143.63270983680272,142.1771617709915,143.55032348632812,517400,0.0,0.0,0.0
2019-04-11 00:00:00-04:00,143.76091270334496,143.94401215994154,143.22080562455614,143.63275146484375,341100,0.0,0.0,0.0
2019-04-12 00:00:00-04:00,144.5115456866728,144.71294386438623,143.80665206467586,144.4383087158203,668600,0.0,0.0,0.0
2019-04-15 00:00:00-04:00,144.65801377390298,144.8044737411567,143.69679777708572,144.09959411621094,345100,0.0,0.0,0.0
2019-04-16 00:00:00-04:00,144.58479385333442,144.77702869424937,143.8432886727553,144.19114685058594,663700,0.0,0.0,0.0
2019-04-17 00:00:00-04:00,144.74042902266652,144.76789114504223,142.2870389984022,142.79969787597656,439400,0.0,0.0,0.0
2019-04-18 00:00:00-04:00,142.9370355468159,143.08350953956568,141.84765792459876,142.81802368164062,312700,0.0,0.0,0.0
2019-04-22 00:00:00-04:00,142.48836797582928,142.75385365450165,141.84756215087418,142.30528259277344,576100,0.0,0.0,0.0
2019-04-23 00:00:00-04:00,142.61657789388667,144.6213963497099,142.61657789388667,144.4199981689453,668000,0.0,0.0,0.0
2019-04-24 00:00:00-04:00,144.49327810010206,145.28055832210467,144.33765472661096,144.8777618408203,519600,0.0,0.0,0.0
2019-04-25 00:00:00-04:00,144.2735556136274,144.2735556136274,142.79969455017692,143.6968231201172,379700,0.0,0.0,0.0
2019-04-26 00:00:00-04:00,143.78838389351458,145.1249204825191,143.40388622259488,144.98760986328125,360100,0.0,0.0,0.0
2019-04-29 00:00:00-04:00,145.1889376163512,145.77481925495292,145.02415098471818,145.3262481689453,340200,0.0,0.0,0.0
2019-04-30 00:00:00-04:00,145.37212116442817,145.3995832934894,143.6877120622019,144.89608764648438,574900,0.0,0.0,0.0
2019-05-01 00:00:00-04:00,145.2988353300451,145.2988353300451,143.44049072265625,143.44049072265625,452700,0.0,0.0,0.0
2019-05-02 00:00:00-04:00,143.34892722793418,144.32845596948812,142.37856183779286,143.81581115722656,638200,0.0,0.0,0.0
2019-05-03 00:00:00-04:00,144.52072017255654,146.28752922601728,144.3925589434345,146.23260498046875,1202900,0.0,0.0,0.0
2019-05-06 00:00:00-04:00,143.9256766933448,146.39736531329473,143.9256766933448,146.1501922607422,458000,0.0,0.0,0.0
2019-05-07 00:00:00-04:00,144.8136860993729,145.2805562130686,142.3145348367202,143.31236267089844,391400,0.0,0.0,0.0
2019-05-08 00:00:00-04:00,143.11097166714015,143.8982519175092,142.67156365741963,142.81802368164062,397200,0.0,0.0,0.0
2019-05-09 00:00:00-04:00,141.60960261945397,142.71727865812656,140.26390292698204,142.44265747070312,428900,0.0,0.0,0.0
2019-05-10 00:00:00-04:00,141.8384542146033,143.10176747330001,140.13573311447777,142.71726989746094,752600,0.0,0.0,0.0
2019-05-13 00:00:00-04:00,140.0899661482122,140.35545191940005,138.04853617713735,138.44216918945312,826100,0.0,0.0,0.0
2019-05-14 00:00:00-04:00,138.826658330069,140.71247901628396,138.66188561191342,140.09912109375,676800,0.0,0.0,0.0
2019-05-15 00:00:00-04:00,139.14707791666038,140.9138729247888,138.94567971272,140.63925170898438,386800,0.0,0.0,0.0
2019-05-16 00:00:00-04:00,140.94136389722885,142.51591025202856,140.87727629442352,141.62794494628906,544700,0.0,0.0,0.0
2019-05-17 00:00:00-04:00,140.61179350561042,141.8018560566597,139.778738545055,140.00759887695312,890700,0.0,0.0,0.0
2019-05-20 00:00:00-04:00,139.07382207811585,139.6688672248984,138.39639057776344,138.7442626953125,547500,0.0,0.0,0.0
2019-05-21 00:00:00-04:00,139.5773020479582,140.82230247070808,139.5773020479582,140.7216033935547,633000,0.0,0.0,0.0
2019-05-22 00:00:00-04:00,140.08083492598433,140.40123100739112,139.26609270859697,139.5224151611328,414000,0.0,0.0,0.0
2019-05-23 00:00:00-04:00,138.36892608660094,138.36892608660094,136.46482076142274,137.22462463378906,1172300,0.0,0.0,0.0
2019-05-24 00:00:00-04:00,137.83802479935056,138.4513688900349,137.3894534635391,138.07603454589844,552300,0.0,0.0,0.0
2019-05-28 00:00:00-04:00,138.25907766854536,138.79003521907063,136.8950653076172,136.8950653076172,371500,0.0,0.0,0.0
2019-05-29 00:00:00-04:00,136.16273831308823,136.34582377174897,135.09167371297153,135.97048950195312,425600,0.0,0.0,0.0
2019-05-30 00:00:00-04:00,136.34582574753796,137.14225518694207,135.11913779135742,135.9064178466797,830000,0.0,0.0,0.0
2019-05-31 00:00:00-04:00,134.3044082029933,135.0825249786377,133.73682506064057,134.49664306640625,666000,0.0,0.0,0.0
2019-06-03 00:00:00-04:00,134.53328214908117,135.5127972406666,134.00232442984134,134.7804412841797,595300,0.0,0.0,0.0
2019-06-04 00:00:00-04:00,136.00712836622367,138.222494761754,135.94304076669346,138.12179565429688,627200,0.0,0.0,0.0
2019-06-05 00:00:00-04:00,138.6801939040637,138.91820358994775,137.1147832891235,138.59779357910156,587800,0.0,0.0,0.0
2019-06-06 00:00:00-04:00,138.70767362632304,139.13793216702393,137.54505923111896,138.75344848632812,326500,0.0,0.0,0.0
2019-06-07 00:00:00-04:00,139.2844084209402,140.13577621712648,139.06471141691358,139.6139678955078,363300,0.0,0.0,0.0
2019-06-10 00:00:00-04:00,140.3097275975573,141.57302741380826,140.2731021138809,140.49281311035156,475800,0.0,0.0,0.0
2019-06-11 00:00:00-04:00,141.48147863928813,141.70117564703904,139.61397026223767,140.14492797851562,543000,0.0,0.0,0.0
2019-06-12 00:00:00-04:00,140.10825915213135,140.37373091740884,139.60476376778897,140.17233276367188,369500,0.0,0.0,0.0
2019-06-13 00:00:00-04:00,140.749073284093,141.3258056640625,140.34627695322686,141.3258056640625,397200,0.0,0.0,0.0
2019-06-14 00:00:00-04:00,141.10610763572106,141.10610763572106,140.02589371216158,140.1357421875,514800,0.0,0.0,0.0
2019-06-17 00:00:00-04:00,140.59345374660884,141.2983473445658,140.4652925441188,140.69415283203125,339400,0.0,0.0,0.0
2019-06-18 00:00:00-04:00,141.6096037420896,143.22993860335475,141.536366768688,142.2687225341797,382400,0.0,0.0,0.0
2019-06-19 00:00:00-04:00,142.3877535292788,142.96448609870308,141.83849705373305,142.84547424316406,358700,0.0,0.0,0.0
2019-06-20 00:00:00-04:00,144.19112729644792,144.3101391132248,142.80881621940276,143.56863403320312,457500,0.0,0.0,0.0
2019-06-21 00:00:00-04:00,143.46795985036576,143.46795985036576,142.32365823974743,142.57083129882812,595200,0.0,0.0,0.0
2019-06-24 00:00:00-04:00,142.9553307968565,143.17502779057153,141.18852165074475,141.2526092529297,507400,0.0,0.0,0.0
2019-06-25 00:00:00-04:00,141.46312801137333,141.51805224860084,140.16320317906732,140.30967712402344,319400,0.0,0.0,0.0
2019-06-26 00:00:00-04:00,140.74910830675066,141.1427413844394,139.9160533213993,139.9252166748047,307500,0.0,0.0,0.0
2019-06-27 00:00:00-04:00,140.38893500088912,142.12462552185545,140.38893500088912,142.04197692871094,310900,0.485,0.0,0.0
2019-06-28 00:00:00-04:00,142.42772798538476,144.10831995882424,142.42772798538476,143.8695526123047,459600,0.0,0.0,0.0
2019-07-01 00:00:00-04:00,145.65116461230036,146.0368721790579,143.85118195444122,144.61341857910156,699700,0.0,0.0,0.0
2019-07-02 00:00:00-04:00,144.5858634079977,144.5858634079977,143.58485947518764,144.1358642578125,545000,0.0,0.0,0.0
2019-07-03 00:00:00-04:00,144.5950630980567,145.38484934720495,144.35629572524152,145.3572998046875,316400,0.0,0.0,0.0
2019-07-05 00:00:00-04:00,144.62257096709365,145.65113830566406,143.97972513860472,145.65113830566406,391100,0.0,0.0,0.0
2019-07-08 00:00:00-04:00,145.08177878024568,145.32973865609262,144.10832432105755,144.3470916748047,326100,0.0,0.0,0.0
2019-07-09 00:00:00-04:00,143.7409745005714,144.59503819751902,143.72260347105941,144.4940185546875,341800,0.0,0.0,0.0
2019-07-10 00:00:00-04:00,145.31135021229522,145.48583995538993,144.22769772169133,144.76034545898438,339500,0.0,0.0,0.0
2019-07-11 00:00:00-04:00,145.01746432926103,145.01746432926103,143.74095123806157,144.37461853027344,312500,0.0,0.0,0.0
2019-07-12 00:00:00-04:00,144.57661814890594,145.85314502687137,144.42049948346056,145.50416564941406,360500,0.0,0.0,0.0
2019-07-15 00:00:00-04:00,145.92664919577769,145.93584171694192,144.7236060143867,145.05421447753906,303000,0.0,0.0,0.0
2019-07-16 00:00:00-04:00,144.99911499023438,145.6052328397886,144.549115857143,144.99911499023438,315600,0.0,0.0,0.0
2019-07-17 00:00:00-04:00,144.9440280681697,144.98075611683296,143.84200443939272,143.9981231689453,388900,0.0,0.0,0.0
2019-07-18 00:00:00-04:00,143.9705182697193,144.81540319400654,143.64908841230135,144.51234436035156,435600,0.0,0.0,0.0
2019-07-19 00:00:00-04:00,144.83378188898428,145.2745883917458,143.85113525390625,143.85113525390625,275200,0.0,0.0,0.0
2019-07-22 00:00:00-04:00,144.13582307887694,144.5674510757635,143.7225661067264,143.85113525390625,335100,0.0,0.0,0.0
2019-07-23 00:00:00-04:00,144.42973290916223,145.0634002685547,143.9062636947114,145.0634002685547,624500,0.0,0.0,0.0
2019-07-24 00:00:00-04:00,144.76034013555713,147.04703570173638,144.6776775145594,147.00112915039062,495900,0.0,0.0,0.0
2019-07-25 00:00:00-04:00,146.82666009987213,146.82666009987213,145.3572859120817,145.48585510253906,263100,0.0,0.0,0.0
2019-07-26 00:00:00-04:00,145.81644876774376,147.1297040916626,145.81644876774376,146.91847229003906,384300,0.0,0.0,0.0
2019-07-29 00:00:00-04:00,146.94600464426694,147.12968688732877,145.72459059544204,146.0460205078125,230900,0.0,0.0,0.0
2019-07-30 00:00:00-04:00,145.2011474076316,147.14805603027344,144.89808849718452,147.14805603027344,625000,0.0,0.0,0.0
2019-07-31 00:00:00-04:00,147.12971987524864,147.74501629109557,144.7144407699314,145.59605407714844,833700,0.0,0.0,0.0
2019-08-01 00:00:00-04:00,145.88993342321643,146.73481867501823,142.9236495264679,143.3644561767578,1071100,0.0,0.0,0.0
2019-08-02 00:00:00-04:00,142.81342111880042,142.98791085988879,140.9032405007101,141.91343688964844,428500,0.0,0.0,0.0
2019-08-05 00:00:00-04:00,139.46142201901998,139.89305008649325,136.30227787112568,137.716552734375,793000,0.0,0.0,0.0
2019-08-06 00:00:00-04:00,138.82777950963234,139.5073675276601,137.67983529789066,139.34205627441406,411700,0.0,0.0,0.0
2019-08-07 00:00:00-04:00,138.05634559052112,140.02162525327822,137.04614921635155,139.7001953125,499600,0.0,0.0,0.0
2019-08-08 00:00:00-04:00,140.48998347272894,142.63894542674177,140.41651337051584,142.60220336914062,513100,0.0,0.0,0.0
2019-08-09 00:00:00-04:00,142.1154564178529,142.1154564178529,140.47160690028485,140.87567138671875,255700,0.0,0.0,0.0
2019-08-12 00:00:00-04:00,140.25120512790883,140.4440518696968,138.58898448331567,138.910400390625,306000,0.0,0.0,0.0
2019-08-13 00:00:00-04:00,138.65328804603493,141.74815513174894,138.3135010476858,140.4991912841797,551100,0.0,0.0,0.0
2019-08-14 00:00:00-04:00,138.33184959337646,138.3502066082018,136.21045130300888,136.48594665527344,608700,0.0,0.0,0.0
2019-08-15 00:00:00-04:00,136.97269559716676,137.07371524673943,135.622712104237,136.38494873046875,414200,0.0,0.0,0.0
2019-08-16 00:00:00-04:00,137.04613467543552,139.16753282311734,137.02777766184485,139.02978515625,764500,0.0,0.0,0.0
2019-08-19 00:00:00-04:00,140.57265851097927,140.82979688494055,140.0583677500663,140.27877807617188,381500,0.0,0.0,0.0
2019-08-20 00:00:00-04:00,140.02162965548638,140.02162965548638,139.24102206790536,139.3236846923828,338300,0.0,0.0,0.0
2019-08-21 00:00:00-04:00,140.63693058716402,140.72877172269017,139.90224354192435,140.45326232910156,266700,0.0,0.0,0.0
2019-08-22 00:00:00-04:00,140.79304848215992,141.123656949931,139.5165351785696,140.3430633544922,288600,0.0,0.0,0.0
2019-08-23 00:00:00-04:00,139.74613605339323,140.57266430058755,136.32067442040736,136.66046142578125,373100,0.0,0.0,0.0
2019-08-26 00:00:00-04:00,137.98284771228458,138.10223835419453,136.83490388772313,137.85427856445312,336800,0.0,0.0,0.0
2019-08-27 00:00:00-04:00,138.69919220962106,138.73593426687455,136.19208630214692,136.329833984375,362700,0.0,0.0,0.0
2019-08-28 00:00:00-04:00,136.09105872424198,137.9828681857421,135.73290075835592,137.58798217773438,451400,0.0,0.0,0.0
2019-08-29 00:00:00-04:00,138.94714584951473,140.0491692971239,138.94714584951473,139.8746795654297,449400,0.0,0.0,0.0
2019-08-30 00:00:00-04:00,140.49000611859992,140.7012379513824,139.1216655316593,139.81961059570312,470300,0.0,0.0,0.0
2019-09-03 00:00:00-04:00,138.8277737998665,139.20430284894954,137.4869828629717,138.04718017578125,351900,0.0,0.0,0.0
2019-09-04 00:00:00-04:00,139.39714257327242,139.80122114083434,138.96552848118353,139.50735473632812,419400,0.0,0.0,0.0
2019-09-05 00:00:00-04:00,140.98589437161687,142.41852624300182,140.8665037113387,141.81240844726562,469100,0.0,0.0,0.0
2019-09-06 00:00:00-04:00,141.97768472188,142.43686220932076,141.33482502907503,141.46339416503906,274200,0.0,0.0,0.0
2019-09-09 00:00:00-04:00,141.99607987734916,142.31750981009944,141.18793681118643,142.12464904785156,486200,0.0,0.0,0.0
2019-09-10 00:00:00-04:00,141.86752728948406,142.94200134277344,141.0501916072559,142.94200134277344,399100,0.0,0.0,0.0
2019-09-11 00:00:00-04:00,143.22672562358747,145.0542440451233,142.5103954632506,144.98077392578125,442500,0.0,0.0,0.0
2019-09-12 00:00:00-04:00,145.31136922535669,145.7062693292395,144.20934556155288,145.09097290039062,581500,0.0,0.0,0.0
2019-09-13 00:00:00-04:00,145.65114609043042,146.19297231676006,144.8889095627006,144.98992919921875,615300,0.0,0.0,0.0
2019-09-16 00:00:00-04:00,144.73294536839606,145.8381398192216,144.3369281309175,145.52499389648438,673000,0.451,0.0,0.0
2019-09-17 00:00:00-04:00,145.2671282337924,145.34080880543732,144.55797908133252,145.33160400390625,559700,0.0,0.0,0.0
2019-09-18 00:00:00-04:00,145.24876587827038,145.25797068279564,143.41599795189856,144.73300170898438,331000,0.0,0.0,0.0
2019-09-19 00:00:00-04:00,145.0276890320551,145.68158132369336,144.19880712478218,144.2816925048828,336900,0.0,0.0,0.0
2019-09-20 00:00:00-04:00,144.38302316903355,145.23953366463186,143.27784244275313,143.9685821533203,394100,0.0,0.0,0.0
2019-09-23 00:00:00-04:00,143.5633169618892,144.53955997392674,143.31464678140316,144.00538635253906,295900,0.0,0.0,0.0
2019-09-24 00:00:00-04:00,144.36459233212517,144.65009581646547,141.79504691992784,142.20948791503906,576500,0.0,0.0,0.0
2019-09-25 00:00:00-04:00,142.1541967413256,143.69224169680615,141.66607527863968,143.40673828125,408000,0.0,0.0,0.0
2019-09-26 00:00:00-04:00,143.40677843155913,143.40677843155913,141.97924690097398,142.32000732421875,400200,0.0,0.0,0.0
2019-09-27 00:00:00-04:00,142.78971096175786,143.10285698675762,140.52409251458255,141.20562744140625,406300,0.0,0.0,0.0
2019-09-30 00:00:00-04:00,141.4450720682723,142.31080140466938,141.14114491486896,141.73057556152344,350900,0.0,0.0,0.0
2019-10-01 00:00:00-04:00,142.3200456929715,143.08446619031236,139.12422134697854,139.33604431152344,652500,0.0,0.0,0.0
2019-10-02 00:00:00-04:00,138.4886767590447,138.79260386149096,136.65592339553467,137.6045379638672,661600,0.0,0.0,0.0
2019-10-03 00:00:00-04:00,137.3374745039019,138.5992353089026,135.83627636977494,138.53475952148438,839400,0.0,0.0,0.0
2019-10-04 00:00:00-04:00,138.82023125595555,140.08199177215633,138.276852828385,140.06356811523438,610700,0.0,0.0,0.0
2019-10-07 00:00:00-04:00,139.79647973076752,140.653004146903,139.17021590230993,139.53860473632812,367100,0.0,0.0,0.0
2019-10-08 00:00:00-04:00,138.5716068769053,138.86631518951876,137.0243425629931,137.2637939453125,646900,0.0,0.0,0.0
2019-10-09 00:00:00-04:00,138.2124111927239,138.59000486913075,137.57692844133314,138.1847686767578,497600,0.0,0.0,0.0
2019-10-10 00:00:00-04:00,138.23080636851432,139.33598692579707,138.18475425089144,138.69129943847656,519500,0.0,0.0,0.0
2019-10-11 00:00:00-04:00,140.40431125606665,142.21865477921108,140.35825914597615,141.08584594726562,399200,0.0,0.0,0.0
2019-10-14 00:00:00-04:00,140.699074307942,140.92010201544463,139.9530776888506,140.5056610107422,277500,0.0,0.0,0.0
2019-10-15 00:00:00-04:00,141.0029929496517,142.27394435049757,140.62538523460924,141.84107971191406,287500,0.0,0.0,0.0
2019-10-16 00:00:00-04:00,141.54635874776474,142.09894198677807,141.27926490374531,141.53713989257812,325600,0.0,0.0,0.0
2019-10-17 00:00:00-04:00,142.2002675426785,142.97390665219095,141.98844464577053,142.76206970214844,247800,0.0,0.0,0.0
2019-10-18 00:00:00-04:00,142.4396837847414,142.78044407341451,141.27002774768462,142.2646942138672,310800,0.0,0.0,0.0
2019-10-21 00:00:00-04:00,143.25019170879384,143.82121272624173,143.0844209332711,143.18572998046875,343200,0.0,0.0,0.0
2019-10-22 00:00:00-04:00,143.40675196124792,143.77514078037217,142.86335948131062,143.02914428710938,503600,0.0,0.0,0.0
2019-10-23 00:00:00-04:00,143.02916510388295,143.3699255138245,142.50419620443654,143.13967895507812,212400,0.0,0.0,0.0
2019-10-24 00:00:00-04:00,143.7106587004168,143.7106587004168,142.6975824657222,143.34226989746094,269900,0.0,0.0,0.0
2019-10-25 00:00:00-04:00,143.1673322419676,144.42909315880883,142.92788083848086,143.95938110351562,374000,0.0,0.0,0.0
2019-10-28 00:00:00-04:00,144.7145590295889,145.55264575024265,144.6961353716119,145.03689575195312,575500,0.0,0.0,0.0
2019-10-29 00:00:00-04:00,144.6961213699592,145.7368401213874,144.41061793804263,145.33160400390625,452400,0.0,0.0,0.0
2019-10-30 00:00:00-04:00,145.36849233858177,145.50664873268357,144.29093991964743,145.09219360351562,467700,0.0,0.0,0.0
2019-10-31 00:00:00-04:00,145.00926453140787,145.00926453140787,143.33307706887197,144.06985473632812,341400,0.0,0.0,0.0
2019-11-01 00:00:00-04:00,144.9447954318982,146.34468417131876,144.64086833563212,146.25259399414062,355100,0.0,0.0,0.0
2019-11-04 00:00:00-05:00,147.34856086658226,147.59721697789192,146.71307825363877,147.1643524169922,685500,0.0,0.0,0.0
2019-11-05 00:00:00-05:00,147.62488949401825,148.2787959577084,147.19203885706395,147.33938598632812,378600,0.0,0.0,0.0
2019-11-06 00:00:00-05:00,147.21045601479372,147.2473033388514,146.29868851484673,146.6855010986328,640500,0.0,0.0,0.0
2019-11-07 00:00:00-05:00,147.6524927822903,148.17744753205287,146.51966980334873,146.81439208984375,472700,0.0,0.0,0.0
2019-11-08 00:00:00-05:00,146.63941926261936,147.48672485351562,146.39074906158592,147.48672485351562,282100,0.0,0.0,0.0
2019-11-11 00:00:00-05:00,146.65785883796778,147.5143693244041,146.42761227024167,147.35780334472656,279000,0.0,0.0,0.0
2019-11-12 00:00:00-05:00,147.4683004753915,148.168258955901,147.15516855154965,147.32095336914062,740200,0.0,0.0,0.0
2019-11-13 00:00:00-05:00,146.66706068866438,147.32096711122085,146.20656756248334,146.943359375,310000,0.0,0.0,0.0
2019-11-14 00:00:00-05:00,146.85125364080102,147.57884064255168,146.80520151802247,147.20123291015625,319700,0.0,0.0,0.0
2019-11-15 00:00:00-05:00,148.13140686988203,148.3708722594548,147.62486168401634,148.306396484375,312900,0.0,0.0,0.0
2019-11-18 00:00:00-05:00,148.19587513588388,148.19587513588388,147.59722574541863,148.03009033203125,360800,0.0,0.0,0.0
2019-11-19 00:00:00-05:00,148.42614820691517,148.7024468940019,147.67093273242045,148.29721069335938,298200,0.0,0.0,0.0
2019-11-20 00:00:00-05:00,147.81829203849983,148.66559769589574,146.81442040613092,147.8367156982422,355900,0.0,0.0,0.0
2019-11-21 00:00:00-05:00,148.0577609367832,148.07618459870744,146.9065279964069,147.10914611816406,239400,0.0,0.0,0.0
2019-11-22 00:00:00-05:00,147.54199183359626,147.67092934419367,146.74994311045944,147.4591064453125,230800,0.0,0.0,0.0
2019-11-25 00:00:00-05:00,148.1405990983383,149.90889047678078,148.06691853426184,149.7799530029297,414400,0.0,0.0,0.0
2019-11-26 00:00:00-05:00,149.92733024329286,150.54440333494662,149.63262198082253,150.28651428222656,710900,0.0,0.0,0.0
2019-11-27 00:00:00-05:00,150.75624934149607,151.2812042236328,150.52600276703674,151.2812042236328,1639800,0.0,0.0,0.0
2019-11-29 00:00:00-05:00,150.95881288109257,151.11537880875153,149.98257000678922,150.12071228027344,350500,0.0,0.0,0.0
2019-12-02 00:00:00-05:00,150.49840307412447,150.49840307412447,148.5366973876953,148.5366973876953,455600,0.0,0.0,0.0
2019-12-03 00:00:00-05:00,147.34857070440134,148.08534833942647,146.67624073539864,147.98403930664062,797400,0.0,0.0,0.0
2019-12-04 00:00:00-05:00,148.7392526163887,149.61418658585862,148.5090060953107,149.00633239746094,485600,0.0,0.0,0.0
2019-12-05 00:00:00-05:00,149.20894682096073,149.4944643047647,148.59188784589801,149.0615997314453,333700,0.0,0.0,0.0
2019-12-06 00:00:00-05:00,150.3509704432651,150.94960574567628,150.34176564202843,150.470703125,739200,0.0,0.0,0.0
2019-12-09 00:00:00-05:00,150.35101765426845,150.46153151633695,149.78001062939973,149.87210083007812,387800,0.0,0.0,0.0
2019-12-10 00:00:00-05:00,149.77995892531334,150.06546233919184,149.31946592147546,149.67864990234375,606900,0.0,0.0,0.0
2019-12-11 00:00:00-05:00,149.93653262914967,150.01021319995724,149.19974097420624,149.6970672607422,636500,0.0,0.0,0.0
2019-12-12 00:00:00-05:00,149.78918694737533,151.557478669867,149.4207981084479,150.96804809570312,692300,0.0,0.0,0.0
2019-12-13 00:00:00-05:00,150.91278512210624,151.5851010500924,149.80760459651913,150.43386840820312,429000,0.0,0.0,0.0
2019-12-16 00:00:00-05:00,151.45615216664146,152.0548015272844,151.28116256973246,151.35484313964844,781500,0.0,0.0,0.0
2019-12-17 00:00:00-05:00,151.73248591745596,151.92589921490315,151.20751700519577,151.8522186279297,483400,0.0,0.0,0.0
2019-12-18 00:00:00-05:00,152.23901621895698,152.39558218097426,151.59432871267003,152.22979736328125,518500,0.0,0.0,0.0
2019-12-19 00:00:00-05:00,152.37715969727714,152.81922912597656,152.0916562318018,152.81922912597656,1496400,0.0,0.0,0.0
2019-12-20 00:00:00-05:00,153.2244653704137,153.758639038055,152.99421882676486,153.4547119140625,513400,0.0,0.0,0.0
2019-12-23 00:00:00-05:00,153.74022215828688,153.79549313583195,153.04027769386119,153.56524658203125,655200,0.0,0.0,0.0
2019-12-24 00:00:00-05:00,153.66063829528827,153.71619275939923,153.3643431104279,153.68841552734375,354100,0.893,0.0,0.0
2019-12-26 00:00:00-05:00,153.88283186976147,154.15134975554145,153.52171381437338,153.9569091796875,365800,0.0,0.0,0.0
2019-12-27 00:00:00-05:00,154.29024681525632,154.29024681525632,153.04946956068912,153.4846649169922,692400,0.0,0.0,0.0
2019-12-30 00:00:00-05:00,153.66060244386793,153.70690252942643,152.41983927219357,153.02169799804688,570100,0.0,0.0,0.0
2019-12-31 00:00:00-05:00,152.75319926896051,153.7346990391876,152.4939357118743,153.3735809326172,610000,0.0,0.0,0.0
2020-01-02 00:00:00-05:00,154.16988542251755,154.2347083723887,152.32724927314047,153.64208984375,779100,0.0,0.0,0.0
2020-01-03 00:00:00-05:00,151.97540109882942,153.3828277310502,151.94762387114108,153.08653259277344,982800,0.0,0.0,0.0
2020-01-06 00:00:00-05:00,152.0402057002662,153.43839205618556,151.65131039462068,153.2902374267578,846100,0.0,0.0,0.0
2020-01-07 00:00:00-05:00,153.0772930081959,153.37358817508405,152.4846744168099,152.94764709472656,599000,0.0,0.0,0.0
2020-01-08 00:00:00-05:00,153.02169836753538,153.94764356573157,152.87355787371385,153.43838500976562,448000,0.0,0.0,0.0
2020-01-09 00:00:00-05:00,154.1328543208875,154.1791402808822,153.48468133532074,153.78099060058594,590300,0.0,0.0,0.0
2020-01-10 00:00:00-05:00,153.94765707329785,154.05878011441715,153.01245742743293,153.28097534179688,625200,0.0,0.0,0.0
2020-01-13 00:00:00-05:00,153.5865453969666,154.62361376085886,153.10506400427823,154.54026794433594,521900,0.0,0.0,0.0
2020-01-14 00:00:00-05:00,154.4291345117376,155.68842050963448,154.0772708254893,155.0680389404297,3864100,0.0,0.0,0.0
2020-01-15 00:00:00-05:00,154.7902794204149,156.22549751045528,154.7902794204149,155.42918395996094,5931800,0.0,0.0,0.0
2020-01-16 00:00:00-05:00,156.4384278291932,157.33659574100253,156.35509615790403,157.2347412109375,614300,0.0,0.0,0.0
2020-01-17 00:00:00-05:00,157.69774025199266,157.87367211789393,156.65141755192954,156.86439514160156,890800,0.0,0.0,0.0
2020-01-21 00:00:00-05:00,156.086575746246,156.59583425948566,155.80878938433267,156.04953002929688,542300,0.0,0.0,0.0
2020-01-22 00:00:00-05:00,156.49401247437504,157.05883968121736,155.7254761680942,155.9477081298828,452600,0.0,0.0,0.0
2020-01-23 00:00:00-05:00,155.82731465868062,156.30881012853223,154.336542291227,156.0680694580078,520900,0.0,0.0,0.0
2020-01-24 00:00:00-05:00,156.41066595854014,156.41066595854014,153.34578951955868,154.24395751953125,577700,0.0,0.0,0.0
2020-01-27 00:00:00-05:00,151.92908325843896,153.08651470623107,151.41981059565006,152.17909240722656,568600,0.0,0.0,0.0
2020-01-28 00:00:00-05:00,153.0958074195871,154.07730727255708,152.83654384064425,153.75323486328125,622100,0.0,0.0,0.0
2020-01-29 00:00:00-05:00,154.14210271949182,154.42914347860253,153.2161574945913,153.25318908691406,503100,0.0,0.0,0.0
2020-01-30 00:00:00-05:00,152.24390303274853,153.27170273576894,151.48463534094,153.20689392089844,634100,0.0,0.0,0.0
2020-01-31 00:00:00-05:00,152.72536263831876,152.7809170748291,149.87345049079943,150.28086853027344,731100,0.0,0.0,0.0
2020-02-03 00:00:00-05:00,151.1420319739372,152.37354079300377,151.03092307046737,151.61427307128906,873800,0.0,0.0,0.0
2020-02-04 00:00:00-05:00,153.54949252568636,154.5309921663024,153.35503781914812,153.9939422607422,551200,0.0,0.0,0.0
2020-02-05 00:00:00-05:00,155.51251073758237,155.882897335885,154.79952889855343,155.7717742919922,546600,0.0,0.0,0.0
2020-02-06 00:00:00-05:00,156.36437176431335,156.3921489918498,155.2717631377365,155.34584045410156,430400,0.0,0.0,0.0
2020-02-07 00:00:00-05:00,154.81803304328693,154.81803304328693,153.4291152573804,153.71615600585938,1055900,0.0,0.0,0.0
2020-02-10 00:00:00-05:00,153.6606005485638,154.6884002685547,153.45689147766092,154.6884002685547,449200,0.0,0.0,0.0
2020-02-11 00:00:00-05:00,155.4476498381853,156.53100378378758,155.18838637062913,155.78099060058594,562400,0.0,0.0,0.0
2020-02-12 00:00:00-05:00,156.65140871501566,156.92919511241035,156.04954996132975,156.85511779785156,770900,0.0,0.0,0.0
2020-02-13 00:00:00-05:00,156.2347200717167,157.47549730161822,156.02175664482385,157.25326538085938,362200,0.0,0.0,0.0
2020-02-14 00:00:00-05:00,157.37366147862272,157.51254761510617,156.54957076827984,157.16995239257812,315700,0.0,0.0,0.0
2020-02-18 00:00:00-05:00,156.8088324755799,157.23475937501829,155.8921415990967,156.7162322998047,574500,0.0,0.0,0.0
2020-02-19 00:00:00-05:00,157.29027469603403,157.93844750759246,157.04953407923782,157.40139770507812,412800,0.0,0.0,0.0
2020-02-20 00:00:00-05:00,157.08658166401116,158.18845860133894,155.8921186933153,157.85511779785156,389000,0.0,0.0,0.0
2020-02-21 00:00:00-05:00,157.27176350975571,157.27176350975571,155.5402367564853,155.9569091796875,475300,0.0,0.0,0.0
2020-02-24 00:00:00-05:00,151.6420415623569,152.29945470842213,150.51238734614157,151.32720947265625,646500,0.0,0.0,0.0
2020-02-25 00:00:00-05:00,152.0864793819442,152.52167469982518,145.95672747388508,146.27154541015625,1644700,0.0,0.0,0.0
2020-02-26 00:00:00-05:00,146.97528514367826,148.33642578747475,144.1233720866191,144.3548583984375,760400,0.0,0.0,0.0
2020-02-27 00:00:00-05:00,141.41961054684822,144.24374631462337,138.57696604727337,139.03067016601562,1371300,0.0,0.0,0.0
2020-02-28 00:00:00-05:00,134.9287318590802,138.0306538428917,133.73425467272563,137.45655822753906,2306900,0.0,0.0,0.0
2020-03-02 00:00:00-05:00,138.030669663193,141.29925537109375,135.53987459953296,141.29925537109375,1074700,0.0,0.0,0.0
2020-03-03 00:00:00-05:00,141.53072656094344,143.73446648403785,136.5954370509813,138.03065490722656,890600,0.0,0.0,0.0
2020-03-04 00:00:00-05:00,140.36399345731184,142.45663811473742,138.956567287219,142.39181518554688,633100,0.0,0.0,0.0
2020-03-05 00:00:00-05:00,139.3455385205388,139.86406572184174,136.0121291852963,137.55845642089844,1164300,0.0,0.0,0.0
2020-03-06 00:00:00-05:00,133.62314843298103,135.97505713342522,131.6601491466279,134.79910278320312,1418600,0.0,0.0,0.0
2020-03-09 00:00:00-04:00,125.92854410626381,127.52117094144133,121.65068190857654,121.96549987792969,2206000,0.0,0.0,0.0
2020-03-10 00:00:00-04:00,126.50669261500249,126.74828983334642,120.29007673250715,126.6832504272461,2041000,0.467,0.0,0.0
2020-03-11 00:00:00-04:00,123.49596595295525,124.22077187556818,117.26077472392939,118.53382873535156,2070900,0.0,0.0,0.0
2020-03-12 00:00:00-04:00,110.74680453740339,112.80971811881348,104.07486219523454,106.04485321044922,4698900,0.0,0.0,0.0
2020-03-13 00:00:00-04:00,112.1778212600267,114.29648670859184,104.63239210556783,113.96195983886719,3205400,0.0,0.0,0.0
2020-03-16 00:00:00-04:00,102.25353248249363,105.9054446100661,96.28781559914191,99.05694580078125,3138900,0.0,0.0,0.0
2020-03-17 00:00:00-04:00,100.33003176522321,103.76821651238784,95.73958445334958,103.22925567626953,3663300,0.0,0.0,0.0
2020-03-18 00:00:00-04:00,96.92898657164662,99.43793790492727,89.30922420287426,94.20631408691406,3065000,0.0,0.0,0.0
2020-03-19 00:00:00-04:00,92.93324636871158,99.2241947989338,89.60656718603694,97.03118896484375,3269800,0.0,0.0,0.0
2020-03-20 00:00:00-04:00,98.49011742751904,101.32430145220427,93.89038357975674,94.24349212646484,4583400,0.0,0.0,0.0
2020-03-23 00:00:00-04:00,93.63019884282905,94.13198915668569,88.75169017368223,91.48365020751953,3768000,0.0,0.0,0.0
2020-03-24 00:00:00-04:00,96.87321726998927,101.03621332338504,96.18558202935355,100.79460906982422,3369200,0.0,0.0,0.0
2020-03-25 00:00:00-04:00,101.71459545002533,107.7267785509691,99.43796060141787,103.97264862060547,3858800,0.0,0.0,0.0
2020-03-26 00:00:00-04:00,104.79964753741253,110.27286855808914,104.64167849697711,109.7060317993164,2514200,0.0,0.0,0.0
2020-03-27 00:00:00-04:00,106.38865486621077,109.09274588764606,104.54876416812225,106.36077880859375,2461300,0.0,0.0,0.0
2020-03-30 00:00:00-04:00,106.9183065312695,108.5630645999307,104.54874979559575,108.52589416503906,2140000,0.0,0.0,0.0
2020-03-31 00:00:00-04:00,108.21926771741965,109.15780191315335,105.5523469032025,107.27144622802734,1958100,0.0,0.0,0.0
2020-04-01 00:00:00-04:00,102.95046781992711,103.43366934737628,99.80034578554178,100.75746154785156,1869700,0.0,0.0,0.0
2020-04-02 00:00:00-04:00,100.37646070837326,103.99120935526025,99.11270134659716,101.46367645263672,2238900,0.0,0.0,0.0
2020-04-03 00:00:00-04:00,101.16633657582119,102.05840590660193,97.41220704449172,98.74102020263672,1913700,0.0,0.0,0.0
2020-04-06 00:00:00-04:00,102.68099114175345,107.1878024572172,102.68099114175345,106.8346939086914,2266800,0.0,0.0,0.0
2020-04-07 00:00:00-04:00,110.6073991515703,112.73535889212985,107.17850242727765,107.44798278808594,2469200,0.0,0.0,0.0
2020-04-08 00:00:00-04:00,109.02770962593426,113.2092888099452,108.00554724330568,112.6610336303711,2001700,0.0,0.0,0.0
2020-04-09 00:00:00-04:00,115.33722838249908,118.46876147851864,114.94694233985369,116.87046813964844,1993300,0.0,0.0,0.0
2020-04-13 00:00:00-04:00,116.52666421294718,116.7589741467491,112.28003890662966,113.73894500732422,2019200,0.0,0.0,0.0
2020-04-14 00:00:00-04:00,116.43372940453578,117.82758886066573,114.93765302112678,116.29434204101562,1563200,0.0,0.0,0.0
2020-04-15 00:00:00-04:00,112.70748712577978,113.03271961170843,111.13706972146309,111.98268127441406,1224600,0.0,0.0,0.0
2020-04-16 00:00:00-04:00,112.43800349621827,113.1906853832025,109.70603651451806,111.59239196777344,1371100,0.0,0.0,0.0
2020-04-17 00:00:00-04:00,115.30935324360252,116.70321282108556,114.56596572266675,116.06204223632812,1538600,0.0,0.0,0.0
2020-04-20 00:00:00-04:00,114.17569836882743,116.56384440451548,113.36725717933162,114.38941955566406,1513800,0.0,0.0,0.0
2020-04-21 00:00:00-04:00,111.83400113541454,113.04201563154756,110.34721897139153,111.31362915039062,1220100,0.0,0.0,0.0
2020-04-22 00:00:00-04:00,113.59025371573418,114.20355529248869,112.29861115933588,112.97695922851562,880800,0.0,0.0,0.0
2020-04-23 00:00:00-04:00,113.75753008796579,115.9784125544313,113.18140597219416,113.90621185302734,1088900,0.0,0.0,0.0
2020-04-24 00:00:00-04:00,114.7703887621824,116.38726373438044,113.65529695172438,115.74608612060547,1478300,0.0,0.0,0.0
2020-04-27 00:00:00-04:00,116.87048685332391,120.87551522340546,116.70322340527483,120.12283325195312,1472600,0.0,0.0,0.0
2020-04-28 00:00:00-04:00,122.97559471815822,123.91413601357853,120.05778224239867,121.35872650146484,1086800,0.0,0.0,0.0
2020-04-29 00:00:00-04:00,125.04776585843904,127.71467867627267,123.9884192204505,126.59959411621094,1041300,0.0,0.0,0.0
2020-04-30 00:00:00-04:00,124.85265124048696,124.87124000530937,122.76186183876786,122.8826675415039,950500,0.0,0.0,0.0
2020-05-01 00:00:00-04:00,120.42947989496957,120.55027142333094,117.20500966836774,118.59886932373047,1472200,0.0,0.0,0.0
2020-05-04 00:00:00-04:00,117.3444071798738,119.1192586972018,115.95984178778117,119.02632904052734,977200,0.0,0.0,0.0
2020-05-05 00:00:00-04:00,120.91267505636696,122.52027007698965,119.78830286824108,120.06707763671875,1206500,0.0,0.0,0.0
2020-05-06 00:00:00-04:00,120.94986479747136,121.53527627339027,119.32369502611024,119.63963317871094,773300,0.0,0.0,0.0
2020-05-07 00:00:00-04:00,121.34011530984682,122.81760295172553,121.02417723153411,121.68392944335938,778600,0.0,0.0,0.0
2020-05-08 00:00:00-04:00,123.72827122961651,125.8004861512029,123.15214710241565,125.64251708984375,855500,0.0,0.0,0.0
2020-05-11 00:00:00-04:00,124.24865675432397,126.08854754164912,123.4680845659697,124.98274993896484,891500,0.0,0.0,0.0
2020-05-12 00:00:00-04:00,125.6239470524805,125.96776128557354,120.89411926269531,120.89411926269531,1194000,0.0,0.0,0.0
2020-05-13 00:00:00-04:00,120.20644465355016,120.2157319458132,115.17925462018204,116.74967193603516,1326900,0.0,0.0,0.0
2020-05-14 00:00:00-04:00,114.87262857903652,117.94841010061856,112.43801770945785,117.87406921386719,887600,0.0,0.0,0.0
2020-05-15 00:00:00-04:00,117.08419331590343,119.68606711429337,116.1177832504882,119.16569519042969,1098300,0.0,0.0,0.0
2020-05-18 00:00:00-04:00,123.7468668777524,126.40449336769552,123.7468668777524,125.7540283203125,996800,0.0,0.0,0.0
2020-05-19 00:00:00-04:00,125.60534656636393,126.8412372461487,124.09998257371352,124.21148681640625,805900,0.0,0.0,0.0
2020-05-20 00:00:00-04:00,126.18145983342647,127.71471393347055,126.14429648209511,127.01778411865234,790900,0.0,0.0,0.0
2020-05-21 00:00:00-04:00,127.04565536091022,127.97489507877582,125.8748184208658,127.2593765258789,652600,0.0,0.0,0.0
2020-05-22 00:00:00-04:00,127.58466081430949,128.14219633298876,126.32089378792749,127.81697082519531,887500,0.0,0.0,0.0
2020-05-26 00:00:00-04:00,132.02634805774147,132.5002550918019,131.12498462073034,131.34800720214844,1032400,0.0,0.0,0.0
2020-05-27 00:00:00-04:00,133.79193129202284,134.6003794924678,129.94487940755806,134.48886108398438,1127600,0.0,0.0,0.0
2020-05-28 00:00:00-04:00,135.73406637461588,135.73406637461588,131.96134082108563,132.51889038085938,1778000,0.0,0.0,0.0
2020-05-29 00:00:00-04:00,131.7011345288799,132.84410953251862,130.48383282918516,132.28656005859375,715700,0.0,0.0,0.0
2020-06-01 00:00:00-04:00,132.8533736681886,135.0556667660913,132.29582429144557,134.08926391601562,1181700,0.0,0.0,0.0
2020-06-02 00:00:00-04:00,134.87915717229978,135.52963640388714,133.75478490561534,135.21368408203125,975600,0.0,0.0,0.0
2020-06-03 00:00:00-04:00,136.96066149709807,139.24659777645067,136.84915725193574,138.72621154785156,1194400,0.0,0.0,0.0
2020-06-04 00:00:00-04:00,138.0385745627261,139.29303978016443,137.18367565170232,138.43814086914062,827900,0.0,0.0,0.0
2020-06-05 00:00:00-04:00,143.33524069853817,144.76626376720577,142.22015576230604,142.79627990722656,1191400,0.0,0.0,0.0
2020-06-08 00:00:00-04:00,144.51539986107275,145.71411314838065,144.06006718467526,145.6676483154297,1394800,0.0,0.0,0.0
2020-06-09 00:00:00-04:00,143.70693095092412,143.85561272350822,141.94138098347946,142.79627990722656,1261900,0.0,0.0,0.0
2020-06-10 00:00:00-04:00,142.6661623387129,142.814844085699,138.96779250163164,139.57179260253906,1309900,0.0,0.0,0.0
2020-06-11 00:00:00-04:00,134.19154381716228,134.86059771167268,129.46171590161558,129.9356231689453,1206700,0.0,0.0,0.0
2020-06-12 00:00:00-04:00,134.21936524222917,135.3158611246499,129.03420676012203,132.6861114501953,587800,0.0,0.0,0.0
2020-06-15 00:00:00-04:00,128.99708755390947,135.8084034287399,128.34660829159162,135.22299194335938,651800,0.0,0.0,0.0
2020-06-16 00:00:00-04:00,140.13861833334514,140.21295920099075,135.3344514219278,137.9363250732422,800900,0.0,0.0,0.0
2020-06-17 00:00:00-04:00,138.25230019486625,138.53107497851525,136.0500063442807,136.3287811279297,792800,0.0,0.0,0.0
2020-06-18 00:00:00-04:00,135.23222717975312,137.3880696875459,134.73973136495167,136.2079315185547,593400,0.0,0.0,0.0
2020-06-19 00:00:00-04:00,138.11291982938846,138.44744673379932,134.50746476841317,135.63185119628906,895600,0.0,0.0,0.0
2020-06-22 00:00:00-04:00,135.3995296827578,136.57965395171834,133.81052347766823,136.3101806640625,585800,0.0,0.0,0.0
2020-06-23 00:00:00-04:00,138.08501511648427,138.252271444447,136.5517612148017,136.75619506835938,708200,0.0,0.0,0.0
2020-06-24 00:00:00-04:00,135.30660823725066,135.66901119313786,130.62324587047195,132.2679901123047,701500,0.0,0.0,0.0
2020-06-25 00:00:00-04:00,131.55086251599752,134.07478266207448,130.61952897606125,134.0375213623047,715500,0.32,0.0,0.0
2020-06-26 00:00:00-04:00,133.3297073493775,133.9443908703856,130.88960391444203,131.04794311523438,819400,0.0,0.0,0.0
2020-06-29 00:00:00-04:00,132.17483892957557,134.37278639696197,130.72196104979852,133.99093627929688,969700,0.0,0.0,0.0
2020-06-30 00:00:00-04:00,133.69289099733302,136.24473500952698,133.6742603532317,135.71388244628906,775500,0.0,0.0,0.0
2020-07-01 00:00:00-04:00,136.10510135310108,137.04574323960105,134.76397860057017,135.26690673828125,723900,0.0,0.0,0.0
2020-07-02 00:00:00-04:00,137.65110357719914,138.3496037500763,135.64872788833782,135.88156127929688,589200,0.0,0.0,0.0
2020-07-06 00:00:00-04:00,138.49859304263552,138.76867346969436,136.68248158478696,137.157470703125,562500,0.0,0.0,0.0
2020-07-07 00:00:00-04:00,136.30065586898374,137.08297255505929,134.62425281952142,134.85708618164062,547500,0.0,0.0,0.0
2020-07-08 00:00:00-04:00,135.04336738693894,136.33792047827626,133.98164768764804,135.94676208496094,771500,0.0,0.0,0.0
2020-07-09 00:00:00-04:00,136.10509833137743,136.4031319191115,132.34251665788824,134.1492919921875,713500,0.0,0.0,0.0
2020-07-10 00:00:00-04:00,134.13995681295285,135.7697903643811,133.5439039682999,135.69528198242188,420000,0.0,0.0,0.0
2020-07-13 00:00:00-04:00,136.82221249885436,138.00499585171215,133.49734497070312,133.49734497070312,925600,0.0,0.0,0.0
2020-07-14 00:00:00-04:00,133.34831717563185,135.58352599273607,132.39836728410776,135.49038696289062,463600,0.0,0.0,0.0
2020-07-15 00:00:00-04:00,138.29373437512547,140.18434048719024,137.6511119034439,139.74661254882812,707100,0.0,0.0,0.0
2020-07-16 00:00:00-04:00,138.97358690850226,139.33680640741787,138.08882291996645,139.11328125,505200,0.0,0.0,0.0
2020-07-17 00:00:00-04:00,139.42060943144912,140.1004788455483,138.56378439467562,139.5882568359375,604400,0.0,0.0,0.0
2020-07-20 00:00:00-04:00,139.36473170029305,140.02598467802028,138.92700385821027,139.5882568359375,790900,0.0,0.0,0.0
2020-07-21 00:00:00-04:00,140.72450207424126,141.7955299493845,140.25883530921865,140.87350463867188,932400,0.0,0.0,0.0
2020-07-22 00:00:00-04:00,140.43576423929596,141.92590343910598,140.28676168813146,141.7862091064453,648500,0.0,0.0,0.0
2020-07-23 00:00:00-04:00,141.59994606268396,143.52781332394534,140.54754881933505,141.6558380126953,863200,0.0,0.0,0.0
2020-07-24 00:00:00-04:00,140.8921333822013,141.10633611212756,139.5323944049037,139.9142303466797,541500,0.0,0.0,0.0
2020-07-27 00:00:00-04:00,140.21229708115203,141.41371135017573,139.51379677773647,141.2833251953125,467400,0.0,0.0,0.0
2020-07-28 00:00:00-04:00,140.8641947695054,141.62789507648833,139.98873898775292,140.0166778564453,440000,0.0,0.0,0.0
2020-07-29 00:00:00-04:00,140.78038496179073,143.41606065354992,140.75244609174916,143.1087188720703,531000,0.0,0.0,0.0
2020-07-30 00:00:00-04:00,141.3391452548922,143.07142586873226,140.51025913494297,142.83859252929688,628900,0.0,0.0,0.0
2020-07-31 00:00:00-04:00,142.4288630342099,142.6337575953266,139.7000619781946,141.95388793945312,3022400,0.0,0.0,0.0
2020-08-03 00:00:00-04:00,142.82933242902956,144.18908584226392,142.0097542505856,143.89105224609375,1098300,0.0,0.0,0.0
2020-08-04 00:00:00-04:00,143.55575772998148,144.58953857421875,143.2856772441099,144.58953857421875,408700,0.0,0.0,0.0
2020-08-05 00:00:00-04:00,145.51155309508744,146.6012115992859,145.12970294435368,146.5453338623047,416900,0.0,0.0,0.0
2020-08-06 00:00:00-04:00,146.51740951541666,146.8619984016347,145.59538413077826,146.23800659179688,692100,0.0,0.0,0.0
2020-08-07 00:00:00-04:00,145.77229556949737,147.3089898667164,145.56740110173234,147.1879119873047,624600,0.0,0.0,0.0
2020-08-10 00:00:00-04:00,147.51391636643257,148.44524989086514,147.40216089102765,147.88644409179688,762900,0.0,0.0,0.0
2020-08-11 00:00:00-04:00,148.9388396343548,149.57215375314348,146.80609234375785,147.2438201904297,531300,0.0,0.0,0.0
2020-08-12 00:00:00-04:00,148.54768215522014,148.81776259719888,147.2344986076545,147.90505981445312,978500,0.0,0.0,0.0
2020-08-13 00:00:00-04:00,147.54182482935983,148.75256100381387,147.48594710317283,147.83053588867188,470300,0.0,0.0,0.0
2020-08-14 00:00:00-04:00,147.29972870624613,148.3055707208712,147.00169512664317,147.67225646972656,582700,0.0,0.0,0.0
2020-08-17 00:00:00-04:00,148.0354776818221,148.5104669282911,147.70951943785792,148.41732788085938,574000,0.0,0.0,0.0
2020-08-18 00:00:00-04:00,148.30555504306022,148.42661873733059,146.66639895057048,147.29971313476562,641000,0.0,0.0,0.0
2020-08-19 00:00:00-04:00,147.59774681215657,147.98890522377172,146.6105354574579,146.86199951171875,422100,0.0,0.0,0.0
2020-08-20 00:00:00-04:00,145.54879876000626,146.8992294975978,145.38116555070124,146.2007293701172,350700,0.0,0.0,0.0
2020-08-21 00:00:00-04:00,145.72575314447596,146.22866697908168,145.02725302301053,145.66055297851562,660700,0.0,0.0,0.0
2020-08-24 00:00:00-04:00,146.59189056354623,147.3090213540105,145.93995994086134,147.29971313476562,561300,0.0,0.0,0.0
2020-08-25 00:00:00-04:00,147.82125780934996,148.08203005873517,146.31250205061812,147.48597717285156,386500,0.0,0.0,0.0
2020-08-26 00:00:00-04:00,147.5605157221102,147.82128802479866,146.99240158889083,147.19729614257812,560500,0.0,0.0,0.0
2020-08-27 00:00:00-04:00,147.70018089185288,148.5476978135346,146.992372526076,147.9237060546875,612600,0.0,0.0,0.0
2020-08-28 00:00:00-04:00,148.5476847645277,148.9574737548828,147.90506241247272,148.9574737548828,1581600,0.0,0.0,0.0
2020-08-31 00:00:00-04:00,148.96679468033693,148.96679468033693,147.56979439097267,147.57911682128906,553400,0.0,0.0,0.0
2020-09-01 00:00:00-04:00,147.63499780941436,149.39521764432524,146.99237538839543,149.2927703857422,449500,0.0,0.0,0.0
2020-09-02 00:00:00-04:00,150.0378426897613,151.18337899321125,148.64084234520496,150.9132843017578,505100,0.0,0.0,0.0
2020-09-03 00:00:00-04:00,150.25203600342658,150.31722195901784,145.24145720111883,145.9772186279297,547600,0.0,0.0,0.0
2020-09-04 00:00:00-04:00,147.28107719993426,147.48597170414263,141.5813208018277,145.0086212158203,682300,0.0,0.0,0.0
2020-09-08 00:00:00-04:00,143.4253661843964,144.12386634438533,141.1715407068214,141.89797973632812,579300,0.0,0.0,0.0
2020-09-09 00:00:00-04:00,143.54643319815122,144.6174610111036,142.8479330911768,143.93759155273438,405300,0.0,0.0,0.0
2020-09-10 00:00:00-04:00,144.68270363964038,145.69785401574168,142.04702742377148,142.1867218017578,395800,0.0,0.0,0.0
2020-09-11 00:00:00-04:00,142.97831396327862,143.1832084573549,140.37057748405172,141.50680541992188,480400,0.0,0.0,0.0
2020-09-14 00:00:00-04:00,143.34152608141179,145.31594832916858,143.12730916885718,145.0738067626953,601600,0.0,0.0,0.0
2020-09-15 00:00:00-04:00,146.2007588042241,146.59191724904127,145.20423914479036,145.60470581054688,526900,0.0,0.0,0.0
2020-09-16 00:00:00-04:00,146.24731436792072,148.04479560930056,146.0610504897473,146.3311309814453,451300,0.0,0.0,0.0
2020-09-17 00:00:00-04:00,144.23564394564724,145.80029193374324,143.61165207900382,145.4743194580078,541100,0.0,0.0,0.0
2020-09-18 00:00:00-04:00,145.7723205581429,146.36837341808564,142.95038124502113,144.48707580566406,457500,0.0,0.0,0.0
2020-09-21 00:00:00-04:00,141.58132780377184,141.92591666379076,139.24367153860885,140.9945831298828,595200,0.0,0.0,0.0
2020-09-22 00:00:00-04:00,141.54408467693216,142.42884880553422,140.3519787373586,142.2519073486328,544800,0.0,0.0,0.0
2020-09-23 00:00:00-04:00,142.158761282806,143.23911167817013,138.84321591381263,138.87115478515625,475500,0.0,0.0,0.0
2020-09-24 00:00:00-04:00,138.61967534716973,140.5382200919571,136.79426963720607,138.6569366455078,668100,0.0,0.0,0.0
2020-09-25 00:00:00-04:00,138.1475166551011,141.33503650831037,138.1475166551011,140.9891815185547,480200,0.545,0.0,0.0
2020-09-28 00:00:00-04:00,142.7838378843021,144.3822753403668,142.76513878907423,143.9616241455078,371000,0.0,0.0,0.0
2020-09-29 00:00:00-04:00,143.95236668105892,144.30757838385904,142.33524343867342,143.20455932617188,465800,0.0,0.0,0.0
2020-09-30 00:00:00-04:00,143.653200514336,145.34511973987605,142.6717187720824,143.765380859375,767300,0.0,0.0,0.0
2020-10-01 00:00:00-04:00,144.64408201324,145.82186889648438,143.91497380981664,145.82186889648438,1059400,0.0,0.0,0.0
2020-10-02 00:00:00-04:00,143.1390678168694,147.08373588750496,143.06428568955494,146.55091857910156,644900,0.0,0.0,0.0
2020-10-05 00:00:00-04:00,147.85961325919303,149.98151216780371,147.7754886901489,149.85064697265625,732000,0.0,0.0,0.0
2020-10-06 00:00:00-04:00,150.75734784243272,153.00075506844055,149.16826653540755,149.49542236328125,757500,0.0,0.0,0.0
2020-10-07 00:00:00-04:00,151.08447596694384,152.78572288374497,151.04707777439842,152.39312744140625,796700,0.0,0.0,0.0
2020-10-08 00:00:00-04:00,153.63638751553032,154.2439727783203,153.0194455709151,154.2439727783203,741200,0.0,0.0,0.0
2020-10-09 00:00:00-04:00,155.39372356491103,155.6274123859381,154.2813624947049,154.96372985839844,983400,0.0,0.0,0.0
2020-10-12 00:00:00-04:00,155.66483434840563,156.24437820189308,155.01985076269236,156.02938842773438,470500,0.0,0.0,0.0
2020-10-13 00:00:00-04:00,155.2535321985084,155.61808626036174,154.5150816548904,154.92637634277344,822800,0.0,0.0,0.0
2020-10-14 00:00:00-04:00,155.0572083402764,156.16021270959666,153.97288880677837,154.234619140625,453100,0.0,0.0,0.0
2020-10-15 00:00:00-04:00,152.35578853897204,155.47786816733273,151.6734068240466,155.26287841796875,490700,0.0,0.0,0.0
2020-10-16 00:00:00-04:00,155.66484816918637,155.96397680608473,154.76749078496815,154.83291625976562,400700,0.0,0.0,0.0
2020-10-19 00:00:00-04:00,155.2908941941866,156.03868698334702,152.72965967528933,153.000732421875,583100,0.0,0.0,0.0
2020-10-20 00:00:00-04:00,154.1224750244765,155.00114738321128,153.3279272286243,153.59901428222656,552000,0.0,0.0,0.0
2020-10-21 00:00:00-04:00,153.65507916941598,154.29070592040847,152.29033016988242,152.3651123046875,612100,0.0,0.0,0.0
2020-10-22 00:00:00-04:00,152.84188227722137,154.91704084017888,152.1782137918656,154.83291625976562,1417200,0.0,0.0,0.0
2020-10-23 00:00:00-04:00,155.56199595844117,155.87046695996526,154.15052040289396,155.79568481445312,657700,0.0,0.0,0.0
2020-10-26 00:00:00-04:00,154.00090740330657,154.64589072401708,150.6638247485804,152.39312744140625,558600,0.0,0.0,0.0
2020-10-27 00:00:00-04:00,152.4492314366001,152.8418269329409,150.8321088357416,150.94427490234375,486500,0.0,0.0,0.0
2020-10-28 00:00:00-04:00,148.07460793157296,148.71023476406407,146.50421142578125,146.50421142578125,825800,0.0,0.0,0.0
2020-10-29 00:00:00-04:00,146.45745109323727,148.8410799207752,145.54139490835706,148.0652313232422,984300,0.0,0.0,0.0
2020-10-30 00:00:00-04:00,147.44830591986684,148.28957998322164,145.03663553815346,146.85940551757812,646900,0.0,0.0,0.0
2020-11-02 00:00:00-05:00,148.35502618145998,149.27108242030124,147.3828726411417,149.2056427001953,801100,0.0,0.0,0.0
2020-11-03 00:00:00-05:00,151.3368969788544,153.43075425699482,150.94430141355983,152.81381225585938,516500,0.0,0.0,0.0
2020-11-04 00:00:00-05:00,152.7576788226192,155.70216598588618,151.65467463586302,153.79525756835938,549400,0.0,0.0,0.0
2020-11-05 00:00:00-05:00,155.3563607748363,158.06716027453362,155.33766167118682,157.70260620117188,512800,0.0,0.0,0.0
2020-11-06 00:00:00-05:00,158.2821117742841,158.2821117742841,156.42194364994484,156.63694763183594,657300,0.0,0.0,0.0
2020-11-09 00:00:00-05:00,164.9936924582907,166.38648332425356,161.1425042624372,161.32945251464844,1390400,0.0,0.0,0.0
2020-11-10 00:00:00-05:00,161.84352049793273,163.18022789822555,160.2731385525841,162.85305786132812,1077900,0.0,0.0,0.0
2020-11-11 00:00:00-05:00,164.00284720024086,164.00284720024086,161.89030493620572,163.0120086669922,707100,0.0,0.0,0.0
2020-11-12 00:00:00-05:00,162.23608798029878,162.46043433229485,159.28225853022076,160.63766479492188,459200,0.0,0.0,0.0
2020-11-13 00:00:00-05:00,161.8622752811686,164.24590479839156,161.57250334131865,163.8719940185547,899600,0.0,0.0,0.0
2020-11-16 00:00:00-05:00,167.11554901496183,167.2464141845703,165.29277905854582,167.2464141845703,2632300,0.0,0.0,0.0
2020-11-17 00:00:00-05:00,166.2275659983071,168.23728454210686,164.64782698085466,167.86338806152344,1080300,0.0,0.0,0.0
2020-11-18 00:00:00-05:00,168.51768769064878,168.66725196479612,165.69472263486333,165.76016235351562,869800,0.0,0.0,0.0
2020-11-19 00:00:00-05:00,165.8349754321152,167.452098441258,165.15259365271186,167.3866729736328,709500,0.0,0.0,0.0
2020-11-20 00:00:00-05:00,167.05015530896102,167.83534647583429,166.29299140172276,167.35861206054688,565400,0.0,0.0,0.0
2020-11-23 00:00:00-05:00,168.67659928869878,170.88262247520808,168.37748499493946,170.0880889892578,669700,0.0,0.0,0.0
2020-11-24 00:00:00-05:00,172.10714862862406,173.33167584185003,171.43412364279635,172.72409057617188,848300,0.0,0.0,0.0
2020-11-25 00:00:00-05:00,172.2473759762248,172.35954205635872,170.87328444164396,172.01368713378906,563400,0.0,0.0,0.0
2020-11-27 00:00:00-05:00,172.3314991700663,172.911042930477,172.02302818890854,172.75213623046875,280300,0.0,0.0,0.0
2020-11-30 00:00:00-05:00,172.35955917606222,172.64933108734667,169.38704365138602,170.03201293945312,656500,0.0,0.0,0.0
2020-12-01 00:00:00-05:00,172.21933266457881,172.70539518225934,171.06023088339128,171.66781616210938,882900,0.0,0.0,0.0
2020-12-02 00:00:00-05:00,171.04155092172635,171.93892244358176,170.1254945601089,171.62110900878906,1115400,0.0,0.0,0.0
2020-12-03 00:00:00-05:00,171.91087385585408,174.04211508653412,171.54631981016502,173.03257751464844,880800,0.0,0.0,0.0
2020-12-04 00:00:00-05:00,173.78973515138532,176.27618812305343,173.53734718095254,176.266845703125,876800,0.0,0.0,0.0
2020-12-07 00:00:00-05:00,176.08927866154735,176.3696939535206,175.26668910312,175.8181915283203,1372800,0.0,0.0,0.0
2020-12-08 00:00:00-05:00,174.98622032554468,177.55679785620723,174.89275333691702,177.3511505126953,882900,0.0,0.0,0.0
2020-12-09 00:00:00-05:00,178.27652224391386,178.73455745072266,175.0142212898915,176.3322296142578,1387100,0.0,0.0,0.0
2020-12-10 00:00:00-05:00,175.07965549801273,177.97738812106954,174.6777033366709,177.8184814453125,649300,0.0,0.0,0.0
2020-12-11 00:00:00-05:00,177.0893965338151,178.38870588752525,175.49097288780945,177.25765991210938,1159800,0.0,0.0,0.0
2020-12-14 00:00:00-05:00,178.91213513009325,179.84689030687167,176.4911226454129,176.98654174804688,836700,0.0,0.0,0.0
2020-12-15 00:00:00-05:00,178.51022890062572,180.85645967556704,177.60351507733006,180.4732208251953,681500,0.0,0.0,0.0
2020-12-16 00:00:00-05:00,180.83774950653606,181.25838649909693,179.22061272098907,180.10862731933594,792800,0.0,0.0,0.0
2020-12-17 00:00:00-05:00,180.68823525396147,181.99688720703125,180.30498208797798,181.99688720703125,806600,0.0,0.0,0.0
2020-12-18 00:00:00-05:00,182.26795514113294,182.73533282718444,180.57603593650902,181.19297790527344,738900,0.0,0.0,0.0
2020-12-21 00:00:00-05:00,179.3047642115415,181.55751359070047,178.03349646336304,181.2023162841797,829400,0.0,0.0,0.0
2020-12-22 00:00:00-05:00,181.9968593929102,183.02509595834834,181.43601475440843,182.72596740722656,667500,0.0,0.0,0.0
2020-12-23 00:00:00-05:00,183.6794299810596,184.61418534991998,183.25879291771946,184.06268310546875,1147300,0.0,0.0,0.0
2020-12-24 00:00:00-05:00,184.50686505608317,185.15477267700288,183.15468261061923,183.94345092773438,714400,0.893,0.0,0.0
2020-12-28 00:00:00-05:00,185.68058796374325,185.8683878520256,183.03256225585938,183.03256225585938,854100,0.0,0.0,0.0
2020-12-29 00:00:00-05:00,183.66172778365296,184.06551121686817,179.96201067434652,181.03248596191406,696000,0.0,0.0,0.0
2020-12-30 00:00:00-05:00,181.63343188772456,183.62415088067635,181.5301541251329,182.9292755126953,671800,0.0,0.0,0.0
2020-12-31 00:00:00-05:00,182.65698912337217,183.30491101143932,181.11700688967983,182.80722045898438,690600,0.0,0.0,0.0
2021-01-04 00:00:00-05:00,183.77443593975147,183.9716208556233,178.0464448179608,179.84934997558594,1234900,0.0,0.0,0.0
2021-01-05 00:00:00-05:00,179.45493872621898,183.0983170752264,179.3516466288539,182.42222595214844,993800,0.0,0.0,0.0
2021-01-06 00:00:00-05:00,183.6429746629551,189.82167416757758,183.49272898434234,188.30047607421875,1292100,0.0,0.0,0.0
2021-01-07 00:00:00-05:00,189.50238757718859,191.64333806317424,189.50238757718859,191.40858459472656,1107500,0.0,0.0,0.0
2021-01-08 00:00:00-05:00,192.1410640664177,192.95801609152758,189.02354464814977,191.33351135253906,1179700,0.0,0.0,0.0
2021-01-11 00:00:00-05:00,189.07049821965097,192.07534052889068,188.74183754736077,191.33351135253906,614800,0.0,0.0,0.0
2021-01-12 00:00:00-05:00,192.10343761347275,194.31011136257638,191.69026926468044,194.18804931640625,3995600,0.0,0.0,0.0
2021-01-13 00:00:00-05:00,194.29135604922982,194.75146365834797,192.60112828049475,193.023681640625,840700,0.0,0.0,0.0
2021-01-14 00:00:00-05:00,194.2256140139874,196.41351792185174,194.10355196124905,195.4463348388672,931500,0.0,0.0,0.0
2021-01-15 00:00:00-05:00,194.00027409754114,194.7233044716525,190.96724893697188,192.8358917236328,1230100,0.0,0.0,0.0
2021-01-19 00:00:00-05:00,194.9862327586043,195.54026185517057,193.8030803896861,195.0613555908203,982600,0.0,0.0,0.0
2021-01-20 00:00:00-05:00,195.953400510941,197.1271678064921,195.24914013361035,196.2445068359375,992400,0.0,0.0,0.0
2021-01-21 00:00:00-05:00,196.72339808087784,197.04265934543582,194.62940124447056,194.77963256835938,968800,0.0,0.0,0.0
2021-01-22 00:00:00-05:00,193.38991269726674,195.98160026962424,192.97674428264654,195.6435546875,866400,0.0,0.0,0.0
2021-01-25 00:00:00-05:00,195.92523516873666,197.65303155185816,192.74197877253346,194.98622131347656,771500,0.0,0.0,0.0
2021-01-26 00:00:00-05:00,196.46989719713793,196.9112349278633,193.22091674804688,193.22091674804688,889800,0.0,0.0,0.0
2021-01-27 00:00:00-05:00,190.4413581434299,192.00950923666733,187.85907057773372,188.72296142578125,1311900,0.0,0.0,0.0
2021-01-28 00:00:00-05:00,190.43201753508376,192.00955397432895,189.04228100600372,189.92494201660156,661100,0.0,0.0,0.0
2021-01-29 00:00:00-05:00,190.19726097053493,190.7794449810384,185.68999155883682,186.478759765625,1343200,0.0,0.0,0.0
2021-02-01 00:00:00-05:00,188.74179185609137,190.99541946040054,186.86376407642877,190.46957397460938,611100,0.0,0.0,0.0
2021-02-02 00:00:00-05:00,192.76077034417494,193.72795350537658,191.4085880489997,193.09881591796875,697100,0.0,0.0,0.0
2021-02-03 00:00:00-05:00,193.69975671546732,194.1598786147149,191.9813598201706,193.634033203125,614700,0.0,0.0,0.0
2021-02-04 00:00:00-05:00,194.60122114230094,196.97692486209237,194.38523765634667,196.75155639648438,593500,0.0,0.0,0.0
2021-02-05 00:00:00-05:00,198.64837259285065,199.05214164999356,197.33374467369094,199.01458740234375,733500,0.0,0.0,0.0
2021-02-08 00:00:00-05:00,200.54516665807955,202.60159466508097,200.3761367381462,202.58282470703125,746800,0.0,0.0,0.0
2021-02-09 00:00:00-05:00,202.50773520266966,203.99137884075597,201.70018269910915,203.09930419921875,635500,0.0,0.0,0.0
2021-02-10 00:00:00-05:00,204.51719746475194,205.07121213807216,201.2400343215132,202.73306274414062,819000,0.0,0.0,0.0
2021-02-11 00:00:00-05:00,203.7660332900214,204.68626297684997,201.18374484971005,203.55006408691406,575400,0.0,0.0,0.0
2021-02-12 00:00:00-05:00,203.0147938045097,204.67685234974078,202.5734561437522,204.61111450195312,592200,0.0,0.0,0.0
2021-02-16 00:00:00-05:00,206.06659065576054,206.51731330091343,202.8363806543666,203.4091796875,795300,0.0,0.0,0.0
2021-02-17 00:00:00-05:00,202.2823760571661,202.73309872492763,199.89728701503714,202.33871459960938,679900,0.0,0.0,0.0
2021-02-18 00:00:00-05:00,200.76114968592097,201.16491873509855,198.46056878304313,199.67189025878906,752300,0.0,0.0,0.0
2021-02-19 00:00:00-05:00,201.15556202309398,203.67211243781995,201.12739275190043,203.2213897705078,645100,0.0,0.0,0.0
2021-02-22 00:00:00-05:00,201.98190762554268,203.73785913787418,201.41849352077165,201.58750915527344,1191800,0.0,0.0,0.0
2021-02-23 00:00:00-05:00,199.19302780112878,201.71897754309077,194.84538875850055,200.86447143554688,801600,0.0,0.0,0.0
2021-02-24 00:00:00-05:00,201.62503103324025,205.39047096565193,200.920770729518,204.83645629882812,538500,0.0,0.0,0.0
2021-02-25 00:00:00-05:00,204.87407103917354,205.21211665790685,197.3056203662068,198.15074157714844,845900,0.0,0.0,0.0
2021-02-26 00:00:00-05:00,199.16485615042512,200.61093126819563,194.98623278608414,197.981689453125,1080100,0.0,0.0,0.0
2021-03-01 00:00:00-05:00,201.88799091797355,204.67686338063254,201.85982164689338,203.83175659179688,757700,0.0,0.0,0.0
2021-03-02 00:00:00-05:00,204.04772805655475,204.04772805655475,200.5452101404196,200.56398010253906,805100,0.0,0.0,0.0
2021-03-03 00:00:00-05:00,201.37149147457617,202.27295095952874,198.13189697265625,198.13189697265625,732100,0.0,0.0,0.0
2021-03-04 00:00:00-05:00,197.84083030591225,199.48410454305423,190.15030458357344,193.55892944335938,805200,0.0,0.0,0.0
2021-03-05 00:00:00-05:00,196.06609025164065,197.64362660593932,188.1689805153777,197.1553497314453,763200,0.0,0.0,0.0
2021-03-08 00:00:00-05:00,198.24459480736303,200.84566712315137,197.1929039048987,197.44644165039062,958700,0.0,0.0,0.0
2021-03-09 00:00:00-05:00,200.92079330521676,201.6626079374085,198.77044357910333,200.00994873046875,960200,0.0,0.0,0.0
2021-03-10 00:00:00-05:00,201.94433047429115,203.70968122132874,200.9771472871074,202.33871459960938,825200,0.0,0.0,0.0
2021-03-11 00:00:00-05:00,204.90223425344533,206.73330853596505,204.0852823980016,206.41404724121094,766000,0.0,0.0,0.0
2021-03-12 00:00:00-05:00,206.33890043918854,208.01034388017197,205.66280934753078,207.73802185058594,659100,0.0,0.0,0.0
2021-03-15 00:00:00-04:00,208.16058699442948,209.98227618748342,207.3342645353087,209.85081481933594,551500,0.0,0.0,0.0
2021-03-16 00:00:00-04:00,209.9071192177454,209.9071192177454,205.83180313980264,206.99618530273438,655000,0.0,0.0,0.0
2021-03-17 00:00:00-04:00,205.86002505848685,208.49865197587874,204.47967340028563,208.31085205078125,696200,0.0,0.0,0.0
2021-03-18 00:00:00-04:00,207.1370721822311,208.68645370982173,202.6204176283924,202.9960174560547,801100,0.0,0.0,0.0
2021-03-19 00:00:00-04:00,203.24952691531772,205.53133781883085,201.36211440260476,204.1322021484375,738900,0.0,0.0,0.0
2021-03-22 00:00:00-04:00,204.47030387393312,204.5360417332048,202.2542302025611,203.06178283691406,720000,0.0,0.0,0.0
2021-03-23 00:00:00-04:00,201.99127536221346,202.26358308173482,196.4229156289921,197.25865173339844,672400,0.0,0.0,0.0
2021-03-24 00:00:00-04:00,199.39959022486806,200.34798902403872,194.2537841796875,194.2537841796875,822700,0.0,0.0,0.0
2021-03-25 00:00:00-04:00,193.13613795458173,198.64436539578386,191.21532850588866,198.0605926513672,831600,0.563,0.0,0.0
2021-03-26 00:00:00-04:00,199.98138286631414,201.73271529844004,197.7875084391076,201.6103057861328,477500,0.0,0.0,0.0
2021-03-29 00:00:00-04:00,200.8947057282727,202.11875770512702,197.04366238191088,197.71217346191406,627200,0.0,0.0,0.0
2021-03-30 00:00:00-04:00,197.98526565899348,200.6875852203709,196.7894596564149,200.15089416503906,636900,0.0,0.0,0.0
2021-03-31 00:00:00-04:00,201.16779228894657,203.06978064145778,200.89474145432675,201.5726776123047,513000,0.0,0.0,0.0
2021-04-01 00:00:00-04:00,203.11686556587313,204.6798858642578,202.71198023607462,204.6798858642578,588200,0.0,0.0,0.0
2021-04-05 00:00:00-04:00,206.53476522556198,207.02437455252917,204.57628481575117,205.4707794189453,680400,0.0,0.0,0.0
2021-04-06 00:00:00-04:00,205.69679863790992,207.2409834490944,205.46140452420914,205.74386596679688,853000,0.0,0.0,0.0
2021-04-07 00:00:00-04:00,205.85685257610626,206.00749388068772,203.07919070702266,203.46524047851562,583200,0.0,0.0,0.0
2021-04-08 00:00:00-04:00,204.60453853161889,204.94350658370186,202.5989763595183,204.73635864257812,735500,0.0,0.0,0.0
2021-04-09 00:00:00-04:00,204.97175303473946,205.54611516921403,204.02075174887156,205.22598266601562,572700,0.0,0.0,0.0
2021-04-12 00:00:00-04:00,205.34837610338857,205.90390268382413,204.0301750028103,205.4519500732422,686600,0.0,0.0,0.0
2021-04-13 00:00:00-04:00,205.5273086029764,206.05458912196883,203.6347450900251,205.38607788085938,674400,0.0,0.0,0.0
2021-04-14 00:00:00-04:00,205.79091720233873,208.58740000856088,205.79091720233873,206.5912628173828,530000,0.0,0.0,0.0
2021-04-15 00:00:00-04:00,207.89061822179207,208.0695200117677,206.15812133406314,207.7776336669922,510600,0.0,0.0,0.0
2021-04-16 00:00:00-04:00,208.8228012403804,208.9734569041657,207.18445322317365,208.66273498535156,721800,0.0,0.0,0.0
2021-04-19 00:00:00-04:00,207.95655809247563,208.53092025408233,205.45196149482572,206.55360412597656,607600,0.0,0.0,0.0
2021-04-20 00:00:00-04:00,206.03577161646584,206.45005319784596,201.7045140748553,203.23928833007812,1219200,0.0,0.0,0.0
2021-04-21 00:00:00-04:00,202.90029495753612,207.29745483398438,201.996375330456,207.29745483398438,907200,0.0,0.0,0.0
2021-04-22 00:00:00-04:00,207.9094676126819,209.48189836336584,205.8662486959017,206.4029541015625,882700,0.0,0.0,0.0
2021-04-23 00:00:00-04:00,207.51401030287457,210.640050667644,207.1467961026579,209.93386840820312,1198700,0.0,0.0,0.0
2021-04-26 00:00:00-04:00,211.40273706131666,212.38197019435663,210.97903055536008,212.08067321777344,629300,0.0,0.0,0.0
2021-04-27 00:00:00-04:00,212.60794715166747,212.96573640237904,211.29915657247741,212.23130798339844,450200,0.0,0.0,0.0
2021-04-28 00:00:00-04:00,212.2690004151699,212.97518276341023,211.49690081811514,212.50439453125,746400,0.0,0.0,0.0
2021-04-29 00:00:00-04:00,214.15212968120065,214.50993329564844,210.4046597901284,212.25955200195312,757900,0.0,0.0,0.0
2021-04-30 00:00:00-04:00,210.68714000640657,211.82645382563996,209.02997063665615,209.49134826660156,641800,0.0,0.0,0.0
2021-05-03 00:00:00-04:00,211.33680780425496,211.44980673545174,209.60431077726238,209.99977111816406,833000,0.0,0.0,0.0
2021-05-04 00:00:00-04:00,208.96398915752076,209.37828496444047,206.21458850933132,208.34255981445312,1059100,0.0,0.0,0.0
2021-05-05 00:00:00-04:00,209.49131694101806,209.49131694101806,207.4480980864708,207.95654296875,581200,0.0,0.0,0.0
2021-05-06 00:00:00-04:00,208.28609960243722,208.28609960243722,205.12240266038535,208.18252563476562,862300,0.0,0.0,0.0
2021-05-07 00:00:00-04:00,208.37085240225338,210.7153683555074,207.74940855333406,210.49880981445312,911500,0.0,0.0,0.0
2021-05-10 00:00:00-04:00,210.51762975666216,210.80951610933704,206.95847251100673,207.00555419921875,557700,0.0,0.0,0.0
2021-05-11 00:00:00-04:00,203.21101755168687,206.60068383797628,202.57073815386596,205.66851806640625,576500,0.0,0.0,0.0
2021-05-12 00:00:00-04:00,204.38797070004563,205.4519421303377,199.07746666992918,199.39761352539062,630700,0.0,0.0,0.0
2021-05-13 00:00:00-04:00,200.21677170131,203.66294419823384,199.33168773427687,202.25057983398438,945300,0.0,0.0,0.0
2021-05-14 00:00:00-04:00,204.11490260529803,206.99612369193852,203.493458819113,206.8643035888672,818500,0.0,0.0,0.0
2021-05-17 00:00:00-04:00,205.79092338232326,206.78899200788467,204.28440985277734,206.5724334716797,436000,0.0,0.0,0.0
2021-05-18 00:00:00-04:00,206.99615675280353,208.04130715383835,205.00942993164062,205.00942993164062,589800,0.0,0.0,0.0
2021-05-19 00:00:00-04:00,202.26943702390653,203.6347198486328,200.4427766185933,203.6347198486328,536200,0.0,0.0,0.0
2021-05-20 00:00:00-04:00,203.98309933752327,205.40487444994392,202.90029228487828,204.87759399414062,391700,0.0,0.0,0.0
2021-05-21 00:00:00-04:00,206.44062656428676,207.26921839729678,204.8964418365145,205.1318359375,359200,0.0,0.0,0.0
2021-05-24 00:00:00-04:00,206.3370248765302,207.49515967500662,205.41428414742862,206.63833618164062,498000,0.0,0.0,0.0
2021-05-25 00:00:00-04:00,207.4857572217921,208.52149691458737,205.04707801558203,205.1883087158203,337900,0.0,0.0,0.0
2021-05-26 00:00:00-04:00,205.75325043448774,208.03186328260563,205.75325043448774,207.7776336669922,365400,0.0,0.0,0.0
2021-05-27 00:00:00-04:00,209.06759748584804,210.03743430277598,208.3708402117456,209.62313842773438,522700,0.0,0.0,0.0
2021-05-28 00:00:00-04:00,210.59296924243148,210.63062597469727,209.11468748116008,209.57606506347656,307900,0.0,0.0,0.0
2021-06-01 00:00:00-04:00,211.24267616686384,211.70403941887662,209.92446055477416,211.44039916992188,803100,0.0,0.0,0.0
2021-06-02 00:00:00-04:00,211.854696373049,211.99592709037125,210.442331730562,211.6381378173828,583700,0.0,0.0,0.0
2021-06-03 00:00:00-04:00,210.53646532601317,210.79068058121769,208.21077072778928,210.00917053222656,1010800,0.0,0.0,0.0
2021-06-04 00:00:00-04:00,210.96021608322673,211.42157936961124,209.839737758035,211.01670837402344,554100,0.0,0.0,0.0
2021-06-07 00:00:00-04:00,211.2238411342554,212.58912407697707,211.1202671528177,212.41964721679688,591100,0.0,0.0,0.0
2021-06-08 00:00:00-04:00,212.9940043323894,215.06546954443837,212.14657694974503,214.72650146484375,687700,0.0,0.0,0.0
2021-06-09 00:00:00-04:00,215.29141405669844,215.29141405669844,213.05988283558779,213.3046875,431400,0.0,0.0,0.0
2021-06-10 00:00:00-04:00,213.84139287634045,214.49108281849118,212.04297870520438,212.68325805664062,307900,0.0,0.0,0.0
2021-06-11 00:00:00-04:00,213.55891412020407,214.4722442626953,212.99397697166074,214.4722442626953,331200,0.0,0.0,0.0
2021-06-14 00:00:00-04:00,214.8771604747532,215.4985899908986,212.73977798502068,213.4930419921875,608700,0.0,0.0,0.0
2021-06-15 00:00:00-04:00,213.56838091187015,213.64369438591058,211.3650810622959,212.70211791992188,365100,0.0,0.0,0.0
2021-06-16 00:00:00-04:00,212.39139515342575,213.078741901636,210.3858328266315,212.08067321777344,379900,0.0,0.0,0.0
2021-06-17 00:00:00-04:00,211.62870244833056,212.35372028532655,207.4763615228262,209.3971710205078,460100,0.0,0.0,0.0
2021-06-18 00:00:00-04:00,207.53285191872993,208.18254191517605,205.38605893666508,205.57437133789062,581500,0.0,0.0,0.0
2021-06-21 00:00:00-04:00,206.95847253125996,210.47995867976476,206.35586427710362,210.00917053222656,417200,0.0,0.0,0.0
2021-06-22 00:00:00-04:00,209.9997719817764,211.1673318268459,208.53091517601104,210.6212158203125,477300,0.0,0.0,0.0
2021-06-23 00:00:00-04:00,210.97900782851627,212.11830710253284,210.97900782851627,211.0543212890625,905100,0.0,0.0,0.0
2021-06-24 00:00:00-04:00,212.3616750739335,213.37166952689657,211.73870305188666,213.34335327148438,449900,0.555,0.0,0.0
2021-06-25 00:00:00-04:00,213.83414238738874,215.20282838514166,213.3338694210425,214.59872436523438,857700,0.0,0.0,0.0
2021-06-28 00:00:00-04:00,215.35387971642245,215.35387971642245,211.90860087540784,213.0318603515625,539900,0.0,0.0,0.0
2021-06-29 00:00:00-04:00,214.13623377229013,214.35332986127202,212.17289181185996,212.72979736328125,396800,0.0,0.0,0.0
2021-06-30 00:00:00-04:00,212.28614467957865,213.16399174186992,211.80475396992043,212.64483642578125,1040200,0.0,0.0,0.0
2021-07-01 00:00:00-04:00,213.85305352058947,214.6459374530567,213.0224049801126,214.13623046875,874900,0.0,0.0,0.0
2021-07-02 00:00:00-04:00,214.80642442413478,214.80642442413478,212.7203690351098,213.22064208984375,748800,0.0,0.0,0.0
2021-07-06 00:00:00-04:00,213.3999695485173,213.5226829146207,209.3789031531137,210.89859008789062,608000,0.0,0.0,0.0
2021-07-07 00:00:00-04:00,211.04962043636962,212.03129856263357,208.24619613031214,209.88861083984375,654400,0.0,0.0,0.0
2021-07-08 00:00:00-04:00,206.4338825949892,209.55823402130474,204.88586500841987,207.6798553466797,916100,0.0,0.0,0.0
2021-07-09 00:00:00-04:00,209.65262175902743,212.13511879835698,209.30337838347822,212.05015563964844,310500,0.0,0.0,0.0
2021-07-12 00:00:00-04:00,211.7481226664158,212.50325636656484,210.5304661542184,212.4088592529297,522100,0.0,0.0,0.0
2021-07-13 00:00:00-04:00,211.62540903879858,211.62540903879858,208.76535221549813,208.9163818359375,833400,0.0,0.0,0.0
2021-07-14 00:00:00-04:00,210.06795834030186,210.7286949286877,206.33005443561171,206.5471649169922,588000,0.0,0.0,0.0
2021-07-15 00:00:00-04:00,205.70705668146587,206.63210225705572,203.55493511082804,205.52772521972656,544800,0.0,0.0,0.0
2021-07-16 00:00:00-04:00,207.03799859446906,207.53827163338212,202.8942186061462,203.22459411621094,436200,0.0,0.0,0.0
2021-07-19 00:00:00-04:00,200.053038655248,201.77095381436624,197.77820355936493,200.01527404785156,1181300,0.0,0.0,0.0
2021-07-20 00:00:00-04:00,200.34564692662858,206.3583715093018,199.99640352916038,205.61268615722656,535900,0.0,0.0,0.0
2021-07-21 00:00:00-04:00,206.66986335026883,208.82198503432372,206.66986335026883,208.64263916015625,613900,0.0,0.0,0.0
2021-07-22 00:00:00-04:00,208.1423431606647,208.1423431606647,205.5371473052651,206.52825927734375,523400,0.0,0.0,0.0
2021-07-23 00:00:00-04:00,207.47220947149464,207.95360021618293,205.91474340989424,207.8308868408203,338500,0.0,0.0,0.0
2021-07-26 00:00:00-04:00,207.94416378308827,209.4732991680619,207.45332469047548,208.2650909423828,319900,0.0,0.0,0.0
2021-07-27 00:00:00-04:00,207.44385838901547,207.6609544449201,204.90472895973554,206.717041015625,435100,0.0,0.0,0.0
2021-07-28 00:00:00-04:00,207.4911001927749,209.86031820909977,205.92420011680915,208.58602905273438,392900,0.0,0.0,0.0
2021-07-29 00:00:00-04:00,210.04908630395215,211.75756756706522,209.39778363393046,210.28506469726562,336900,0.0,0.0,0.0
2021-07-30 00:00:00-04:00,209.3789184595447,211.67262155899522,209.10517545406813,209.50161743164062,366700,0.0,0.0,0.0
2021-08-02 00:00:00-04:00,210.65321854019598,212.49384737319804,208.48221415125354,208.66156005859375,1083500,0.0,0.0,0.0
2021-08-03 00:00:00-04:00,209.36005513565155,209.84144592285156,206.5943805897121,209.84144592285156,409300,0.0,0.0,0.0
2021-08-04 00:00:00-04:00,208.58600931065413,210.09627673059063,207.76480914266406,207.82144165039062,490900,0.0,0.0,0.0
2021-08-05 00:00:00-04:00,208.2650689765661,210.5871024671554,208.2650689765661,210.4171905517578,270100,0.0,0.0,0.0
2021-08-06 00:00:00-04:00,211.50269917925382,212.2955830412492,210.2189762776047,211.04017639160156,353400,0.0,0.0,0.0
2021-08-09 00:00:00-04:00,210.52104122143774,210.9835640532977,209.13348712883587,210.134033203125,293200,0.0,0.0,0.0
2021-08-10 00:00:00-04:00,210.4832885808393,211.417753781346,209.66207399487607,210.60598754882812,339200,0.0,0.0,0.0
2021-08-11 00:00:00-04:00,210.90804043555525,212.0596160888672,209.49217014734984,212.0596160888672,359900,0.0,0.0,0.0
2021-08-12 00:00:00-04:00,212.04071688987506,212.0690331411447,210.58709651378703,211.59707641601562,412200,0.0,0.0,0.0
2021-08-13 00:00:00-04:00,211.68205119974564,212.15400798290986,210.37946027223742,210.79478454589844,330000,0.0,0.0,0.0
2021-08-16 00:00:00-04:00,209.55825299415295,210.00189353805933,207.89697024446806,209.37892150878906,344100,0.0,0.0,0.0
2021-08-17 00:00:00-04:00,207.67040776029526,207.93470239290642,204.58382092880555,206.70762634277344,468600,0.0,0.0,0.0
2021-08-18 00:00:00-04:00,206.4904967763213,207.6987048145686,204.87641287657374,205.00856018066406,405200,0.0,0.0,0.0
2021-08-19 00:00:00-04:00,202.91309900626092,204.62158024421262,201.72377310654872,203.0358123779297,517200,0.0,0.0,0.0
2021-08-20 00:00:00-04:00,202.80927782338455,205.88643099178003,202.35620332564662,205.72596740722656,479000,0.0,0.0,0.0
2021-08-23 00:00:00-04:00,207.16070543744985,208.755921621919,207.16070543744985,208.5199432373047,359400,0.0,0.0,0.0
2021-08-24 00:00:00-04:00,209.36003007569582,210.8891654309271,209.10516938216463,210.68150329589844,324900,0.0,0.0,0.0
2021-08-25 00:00:00-04:00,210.9174756291215,212.710919979874,210.23785673453827,211.86138916015625,380000,0.0,0.0,0.0
2021-08-26 00:00:00-04:00,211.75753612816874,212.05959534019382,209.5582161006551,209.8980255126953,274500,0.0,0.0,0.0
2021-08-27 00:00:00-04:00,210.341657652383,214.94795963259878,210.341657652383,214.579833984375,383400,0.0,0.0,0.0
2021-08-30 00:00:00-04:00,215.16509185200692,215.19340810640162,213.32446330146155,214.0607147216797,1275100,0.0,0.0,0.0
2021-08-31 00:00:00-04:00,213.86249216167042,214.34388286959683,212.93744654615773,213.6170654296875,380100,0.0,0.0,0.0
2021-09-01 00:00:00-04:00,214.53269212559047,215.561554542128,212.9186078579911,214.90081787109375,487300,0.0,0.0,0.0
2021-09-02 00:00:00-04:00,215.57096388743298,217.06234890530766,215.29722091419643,216.55262756347656,356200,0.0,0.0,0.0
2021-09-03 00:00:00-04:00,216.2222750886158,216.61871703526432,215.3066778298166,215.9485321044922,414400,0.0,0.0,0.0
2021-09-07 00:00:00-04:00,215.91078442327054,216.24114551451453,213.99464112393252,214.11734008789062,367400,0.0,0.0,0.0
2021-09-08 00:00:00-04:00,213.70203025467148,213.85305988524908,211.34224628806524,212.6071014404297,342300,0.0,0.0,0.0
2021-09-09 00:00:00-04:00,212.27670912410363,214.14565384491155,211.91801738061366,212.18231201171875,315400,0.0,0.0,0.0
2021-09-10 00:00:00-04:00,213.3244675162968,213.36221772190967,210.105718775376,210.247314453125,351300,0.0,0.0,0.0
2021-09-13 00:00:00-04:00,211.64428545235026,212.21063931174848,209.42608297318043,211.14401245117188,326100,0.0,0.0,0.0
2021-09-14 00:00:00-04:00,211.9840759077254,212.2389365619337,208.48215081003914,209.13345336914062,334400,0.0,0.0,0.0
2021-09-15 00:00:00-04:00,209.180677533365,211.5782115573717,208.71815471953516,211.47438049316406,494100,0.0,0.0,0.0
2021-09-16 00:00:00-04:00,211.2667214957393,212.28613537705272,210.0113148420203,211.42718505859375,305100,0.0,0.0,0.0
2021-09-17 00:00:00-04:00,211.46492165264036,212.29557006853045,209.75644067239196,210.56820678710938,298300,0.0,0.0,0.0
2021-09-20 00:00:00-04:00,206.43388429282803,207.66097475150053,204.14018134877463,206.78314208984375,757800,0.0,0.0,0.0
2021-09-21 00:00:00-04:00,208.34060398449407,208.55770007240787,205.5088632790901,206.6793212890625,669900,0.0,0.0,0.0
2021-09-22 00:00:00-04:00,208.0951598843271,211.0495991087294,208.0951598843271,209.70924377441406,330300,0.0,0.0,0.0
2021-09-23 00:00:00-04:00,210.6342917799272,213.82472401912398,210.37944550505114,212.96575927734375,412900,0.0,0.0,0.0
2021-09-24 00:00:00-04:00,211.9304066173783,213.22693077154474,211.08813667685368,212.327880859375,349600,0.586,0.0,0.0
2021-09-27 00:00:00-04:00,212.82948276608278,215.29951292050438,212.61182136778407,214.12600708007812,361600,0.0,0.0,0.0
2021-09-28 00:00:00-04:00,213.15126517137867,213.61499244034863,209.79164320184404,210.1228790283203,610900,0.0,0.0,0.0
2021-09-29 00:00:00-04:00,211.10710156412674,211.58974583998977,209.5739698846215,209.94305419921875,419000,0.0,0.0,0.0
2021-09-30 00:00:00-04:00,210.8042361090904,210.87994755637575,206.9430389404297,206.9430389404297,503000,0.0,0.0,0.0
2021-10-01 00:00:00-04:00,208.2017419672006,211.38155096759178,206.167048901442,210.17019653320312,438000,0.0,0.0,0.0
2021-10-04 00:00:00-04:00,210.0281931097476,210.8420730729182,207.56763618981128,208.51400756835938,905100,0.0,0.0,0.0
2021-10-05 00:00:00-04:00,209.14811634445454,210.9840794952408,208.20174477728506,209.0818634033203,379600,0.0,0.0,0.0
2021-10-06 00:00:00-04:00,207.160715911486,208.80740752274409,205.5708187203263,208.7600860595703,450000,0.0,0.0,0.0
2021-10-07 00:00:00-04:00,210.3689380652116,213.07556143755147,210.27430956884788,211.58030700683594,575800,0.0,0.0,0.0
2021-10-08 00:00:00-04:00,212.02508593934476,212.46042322716463,210.23644420115417,210.34054565429688,277200,0.0,0.0,0.0
2021-10-11 00:00:00-04:00,210.48247243475066,212.12914947496137,209.16701672952763,209.2711181640625,217400,0.0,0.0,0.0
2021-10-12 00:00:00-04:00,209.8294981473962,211.20173398669723,209.67807523589832,210.28375244140625,263700,0.0,0.0,0.0
2021-10-13 00:00:00-04:00,210.8042495573755,211.34368823851645,208.94935508175627,211.27743530273438,273300,0.0,0.0,0.0
2021-10-14 00:00:00-04:00,213.32159263387106,214.88309975474328,213.075526814243,214.80738830566406,493500,0.0,0.0,0.0
2021-10-15 00:00:00-04:00,216.5203392059846,216.89889648788892,214.49510467936878,214.50457763671875,313000,0.0,0.0,0.0
2021-10-18 00:00:00-04:00,213.87051158792758,215.3184589028677,213.10393850312062,214.83580017089844,421100,0.0,0.0,0.0
2021-10-19 00:00:00-04:00,215.82001532721,216.47301394807084,214.73167947894774,215.6591339111328,436200,0.0,0.0,0.0
2021-10-20 00:00:00-04:00,215.85787810688322,217.65599267229982,215.36577531003886,217.21119689941406,442300,0.0,0.0,0.0
2021-10-21 00:00:00-04:00,217.22069293504143,218.24277609349772,216.47306565346415,217.8263702392578,364900,0.0,0.0,0.0
2021-10-22 00:00:00-04:00,217.9114811008657,219.04713837356462,216.71905829311035,217.8357696533203,252900,0.0,0.0,0.0
2021-10-25 00:00:00-04:00,218.57396975891504,220.0029855368812,217.84525965469507,219.39730834960938,312000,0.0,0.0,0.0
2021-10-26 00:00:00-04:00,220.13545974600532,220.29634115685852,217.7505996900125,217.8357696533203,332400,0.0,0.0,0.0
2021-10-27 00:00:00-04:00,217.5140113580337,217.5140113580337,213.87994844312297,213.96511840820312,405800,0.0,0.0,0.0
2021-10-28 00:00:00-04:00,214.78849849664184,217.58029174804688,214.78849849664184,217.58029174804688,375500,0.0,0.0,0.0
2021-10-29 00:00:00-04:00,217.36259874759818,218.30897024567824,216.45409019611182,217.18280029296875,525600,0.0,0.0,0.0
2021-11-01 00:00:00-04:00,218.0723809822482,222.0376799353429,218.0723809822482,221.93357849121094,626200,0.0,0.0,0.0
2021-11-02 00:00:00-04:00,222.22696312868874,222.39730306769167,220.64651001202935,221.8578643798828,478800,0.0,0.0,0.0
2021-11-03 00:00:00-04:00,221.97143444762006,225.40675311481553,221.64967160879434,224.75376892089844,859500,0.0,0.0,0.0
2021-11-04 00:00:00-04:00,225.25537210991965,226.1544222411625,223.30584892582883,223.76956176757812,721400,0.0,0.0,0.0
2021-11-05 00:00:00-04:00,225.93673696795963,227.35629421707614,224.73484112037238,226.0029754638672,517600,0.0,0.0,0.0
2021-11-08 00:00:00-05:00,227.55502668923418,228.13231388794802,226.13546942424773,226.53294372558594,529300,0.0,0.0,0.0
2021-11-09 00:00:00-05:00,226.53297188399986,227.1481221062481,224.83897302436185,225.936767578125,434300,0.0,0.0,0.0
2021-11-10 00:00:00-05:00,225.1228682830278,226.04084983910815,221.88627932425862,222.93675231933594,543800,0.0,0.0,0.0
2021-11-11 00:00:00-05:00,223.71277837322094,224.88628433705207,223.23959258077872,224.33738708496094,294900,0.0,0.0,0.0
2021-11-12 00:00:00-05:00,224.98087687039242,225.23640120080395,224.12914835633012,224.9619598388672,317600,0.0,0.0,0.0
2021-11-15 00:00:00-05:00,226.03135899292053,226.03135899292053,224.11969901589939,224.74429321289062,441100,0.0,0.0,0.0
2021-11-16 00:00:00-05:00,224.54556995995512,225.70014434576768,223.76007988170667,225.09446716308594,371100,0.0,0.0,0.0
2021-11-17 00:00:00-05:00,224.55500476396278,224.90515756120703,221.8010605226872,222.66226196289062,2231400,0.0,0.0,0.0
2021-11-18 00:00:00-05:00,223.56131327493517,223.93987050175775,220.29633481117935,221.69696044921875,436400,0.0,0.0,0.0
2021-11-19 00:00:00-05:00,220.49512996706952,221.2711471900237,219.6433868408203,219.6433868408203,479800,0.0,0.0,0.0
2021-11-22 00:00:00-05:00,221.15754853813033,222.14176850156207,219.11338272121537,219.3499755859375,397400,0.0,0.0,0.0
2021-11-23 00:00:00-05:00,219.34996040224513,220.50453465740654,216.79476052821695,218.8957061767578,414000,0.0,0.0,0.0
2021-11-24 00:00:00-05:00,217.55189867735317,219.61498174523766,216.73801855871892,219.18911743164062,351700,0.0,0.0,0.0
2021-11-26 00:00:00-05:00,213.99350724200514,214.6843687963254,210.31212288619565,212.4698486328125,540600,0.0,0.0,0.0
2021-11-29 00:00:00-05:00,215.6212519040412,215.98087764964632,211.3625806910676,212.79161071777344,964600,0.0,0.0,0.0
2021-11-30 00:00:00-05:00,211.32479439530425,212.1670645944041,206.6023946171461,207.8705291748047,891300,0.0,0.0,0.0
2021-12-01 00:00:00-05:00,211.71279605021203,212.91467757972907,203.58345306752253,203.59292602539062,741700,0.0,0.0,0.0
2021-12-02 00:00:00-05:00,204.44464410885197,209.6023661510394,204.08501830009752,208.93045043945312,904700,0.0,0.0,0.0
2021-12-03 00:00:00-05:00,210.07553641146444,210.07553641146444,203.9525118003174,205.49510192871094,814400,0.0,0.0,0.0
2021-12-06 00:00:00-05:00,207.34056034379762,210.99355547299274,205.09766416495123,209.3468780517578,599100,0.0,0.0,0.0
2021-12-07 00:00:00-05:00,212.16706189973357,215.65917558843665,212.12919894717317,213.95570373535156,1086300,0.0,0.0,0.0
2021-12-08 00:00:00-05:00,214.71277099299985,215.85787242374016,213.00929940131684,215.30897521972656,429500,0.0,0.0,0.0
2021-12-09 00:00:00-05:00,214.40992130951017,214.911497041271,211.31528251053692,211.4004669189453,1043400,0.0,0.0,0.0
2021-12-10 00:00:00-05:00,212.83892980484347,213.37836845384354,209.621272704311,210.96511840820312,487600,0.0,0.0,0.0
2021-12-13 00:00:00-05:00,210.80426532783957,211.523502516018,207.67177776969683,208.81687927246094,821300,0.0,0.0,0.0
2021-12-14 00:00:00-05:00,207.61497426160955,209.7443100337468,206.45092697569385,207.16070556640625,762800,0.0,0.0,0.0
2021-12-15 00:00:00-05:00,207.33107075695094,210.08501529834749,204.59605768896304,209.73484802246094,703700,0.0,0.0,0.0
2021-12-16 00:00:00-05:00,211.47622940064463,211.79799231743897,205.78852616199367,206.621337890625,1128200,0.0,0.0,0.0
2021-12-17 00:00:00-05:00,206.26166946906335,208.95883407167517,203.94306213795818,207.28375244140625,900900,0.0,0.0,0.0
2021-12-20 00:00:00-05:00,204.40678935980884,204.8515851284823,201.10394756360202,203.84841918945312,1885700,0.0,0.0,0.0
2021-12-21 00:00:00-05:00,205.8925977144663,209.83896545257718,205.8925977144663,209.80111694335938,693300,0.0,0.0,0.0
2021-12-22 00:00:00-05:00,209.69698286490754,211.62757422528168,209.43200002015976,211.47616577148438,573300,0.0,0.0,0.0
2021-12-23 00:00:00-05:00,212.2427557184956,213.7001615802252,211.91151989331496,213.10394287109375,493800,0.0,0.0,0.0
2021-12-27 00:00:00-05:00,213.5518648876187,215.51087951660156,212.16344352432327,215.51087951660156,685700,1.091,0.0,0.0
2021-12-28 00:00:00-05:00,215.48231228535954,216.91829975669143,214.341140471415,214.9402618408203,618700,0.0,0.0,0.0
2021-12-29 00:00:00-05:00,214.98782405281176,215.57742637443397,213.76105304782592,215.3682098388672,508300,0.0,0.0,0.0
2021-12-30 00:00:00-05:00,215.87223683021105,217.2226252928764,215.08292250491172,215.26361083984375,563200,0.0,0.0,0.0
2021-12-31 00:00:00-05:00,215.10193937849385,216.4523277986592,214.8071382142674,214.93075561523438,480100,0.0,0.0,0.0
2022-01-03 00:00:00-05:00,215.74858851850976,217.52692901225163,214.72152951704464,216.30967712402344,628400,0.0,0.0,0.0
2022-01-04 00:00:00-05:00,217.46989529209367,218.34480884030415,215.68206443770734,216.79470825195312,715400,0.0,0.0,0.0
2022-01-05 00:00:00-05:00,217.06093670932452,217.85975551298253,210.70840454101562,210.70840454101562,566100,0.0,0.0,0.0
2022-01-06 00:00:00-05:00,211.38361438125267,213.46626074669496,209.34851986873778,211.72596740722656,668000,0.0,0.0,0.0
2022-01-07 00:00:00-05:00,211.78304482643523,213.25706534861703,209.64334182962637,210.0998077392578,684100,0.0,0.0,0.0
2022-01-10 00:00:00-05:00,209.21539498071868,209.35803603661722,205.41147870834197,209.3009796142578,664900,0.0,0.0,0.0
2022-01-11 00:00:00-05:00,209.8334893759789,211.86858365023053,207.75085776515357,211.7544708251953,486200,0.0,0.0,0.0
2022-01-12 00:00:00-05:00,212.89569261514995,213.8276626078038,209.90011416804947,211.0222625732422,627100,0.0,0.0,0.0
2022-01-13 00:00:00-05:00,211.85912385819907,213.01931952720145,208.7874654119663,209.3390350341797,962200,0.0,0.0,0.0
2022-01-14 00:00:00-05:00,207.96959687091652,209.15832060399296,205.67773403095606,208.9871368408203,551300,0.0,0.0,0.0
2022-01-18 00:00:00-05:00,207.26590972624874,207.50365452164723,203.414441138635,203.77581787109375,1060200,0.0,0.0,0.0
2022-01-19 00:00:00-05:00,204.85038241435242,205.63017762035176,200.87528279346898,200.913330078125,787600,0.0,0.0,0.0
2022-01-20 00:00:00-05:00,202.0259818205955,205.03107895417514,197.4137278494119,197.71804809570312,911300,0.0,0.0,0.0
2022-01-21 00:00:00-05:00,196.5673633971497,198.92578733810709,193.76197814941406,193.76197814941406,3159100,0.0,0.0,0.0
2022-01-24 00:00:00-05:00,191.27993069444713,198.03188793582967,187.6757263825065,197.64198303222656,2074800,0.0,0.0,0.0
2022-01-25 00:00:00-05:00,194.95069015139737,197.2140247585583,190.88050129348974,194.53225708007812,1168500,0.0,0.0,0.0
2022-01-26 00:00:00-05:00,197.61345660853746,199.12550986989964,190.50964168835452,192.30699157714844,827500,0.0,0.0,0.0
2022-01-27 00:00:00-05:00,194.2469888582243,196.27257901717144,188.21778475009333,189.1782684326172,764900,0.0,0.0,0.0
2022-01-28 00:00:00-05:00,189.3684500945794,192.87756487407,186.31580116527337,192.8109893798828,1160600,0.0,0.0,0.0
2022-01-31 00:00:00-05:00,192.24038199800572,198.12694380771754,191.84097259471946,198.00332641601562,1008200,0.0,0.0,0.0
2022-02-01 00:00:00-05:00,198.82120227804586,200.64708036169355,196.04433060811823,200.4283447265625,1039000,0.0,0.0,0.0
2022-02-02 00:00:00-05:00,200.8087528418701,201.0750258324589,197.8131599315616,199.6390380859375,830600,0.0,0.0,0.0
2022-02-03 00:00:00-05:00,197.6895273925255,199.05893953125508,195.63540918443115,195.94923400878906,950400,0.0,0.0,0.0
2022-02-04 00:00:00-05:00,195.6924747699809,198.2601153949553,193.82856389114167,196.74806213378906,552100,0.0,0.0,0.0
2022-02-07 00:00:00-05:00,197.01433970184476,198.79266598709157,196.30110537215245,197.14747619628906,829500,0.0,0.0,0.0
2022-02-08 00:00:00-05:00,197.12843138917427,200.55196160849317,196.9857903428643,200.27618408203125,661900,0.0,0.0,0.0
2022-02-09 00:00:00-05:00,202.07352933340215,204.24176025390625,202.07352933340215,204.24176025390625,1114500,0.0,0.0,0.0
2022-02-10 00:00:00-05:00,201.37930297851562,206.28635798322583,200.16205104861987,201.37930297851562,671300,0.0,0.0,0.0
2022-02-11 00:00:00-05:00,201.626597783214,203.5190369516579,197.42327179956183,198.89727783203125,584900,0.0,0.0,0.0
2022-02-14 00:00:00-05:00,198.81168400064388,200.55197745709182,196.5768918707184,197.87022399902344,671200,0.0,0.0,0.0
2022-02-15 00:00:00-05:00,199.64854059518188,202.72019881006557,199.2396120652069,202.49195861816406,484900,0.0,0.0,0.0
2022-02-16 00:00:00-05:00,201.61705879696308,203.66167241662333,201.0179518757839,202.9389190673828,482700,0.0,0.0,0.0
2022-02-17 00:00:00-05:00,201.17960001810343,201.67411313572225,197.7085181399308,198.04136657714844,410200,0.0,0.0,0.0
2022-02-18 00:00:00-05:00,197.6229354537451,199.65802984872147,195.94921770719964,196.54832458496094,602500,0.0,0.0,0.0
2022-02-22 00:00:00-05:00,195.73050786913115,197.46128213114537,192.715891621523,193.81903076171875,1380600,0.0,0.0,0.0
2022-02-23 00:00:00-05:00,195.1694152057493,196.11088963528553,190.04363899985,190.18629455566406,1161600,0.0,0.0,0.0
2022-02-24 00:00:00-05:00,185.51701611780928,194.64640733964413,185.0320219705024,194.18994140625,2212900,0.0,0.0,0.0
2022-02-25 00:00:00-05:00,194.39914418293623,199.31570434570312,193.70493350902012,199.31570434570312,792200,0.0,0.0,0.0
2022-02-28 00:00:00-05:00,197.1094148046241,200.80872241054297,197.1094148046241,199.715087890625,858100,0.0,0.0,0.0
2022-03-01 00:00:00-05:00,199.22059066795805,200.24764970210472,194.62736047807468,196.03480529785156,577800,0.0,0.0,0.0
2022-03-02 00:00:00-05:00,197.25207485207105,201.51245697716257,197.20452299692093,200.63755798339844,672400,0.0,0.0,0.0
2022-03-03 00:00:00-05:00,201.22715737680076,201.81675969920383,197.21402493221427,198.6690216064453,936900,0.0,0.0,0.0
2022-03-04 00:00:00-05:00,196.78607450558013,197.309115849766,193.52422355047264,195.2930450439453,1116800,0.0,0.0,0.0
2022-03-07 00:00:00-05:00,195.1409349179486,195.43573615725626,188.95006536011377,188.98809814453125,1418300,0.0,0.0,0.0
2022-03-08 00:00:00-05:00,189.18776022774452,194.1708807861583,188.35089408355208,189.64422607421875,1218500,0.0,0.0,0.0
2022-03-09 00:00:00-05:00,193.19136700529413,195.95871921973614,192.44960458854698,195.02676391601562,1005900,0.0,0.0,0.0
2022-03-10 00:00:00-05:00,192.60177221768782,195.15040343709646,192.03117902371625,194.91265869140625,884900,0.0,0.0,0.0
2022-03-11 00:00:00-05:00,196.06336501328275,196.70051928753614,191.93611908172446,192.05023193359375,689100,0.0,0.0,0.0
2022-03-14 00:00:00-04:00,192.46863177628362,193.17236143291558,188.37941933247942,189.2543182373047,812000,0.0,0.0,0.0
2022-03-15 00:00:00-04:00,189.71080932428256,192.39256260659954,189.47306457003373,192.3164825439453,1072300,0.0,0.0,0.0
2022-03-16 00:00:00-04:00,193.89512927204262,198.0509033203125,192.8965983089445,198.0509033203125,1005400,0.0,0.0,0.0
2022-03-17 00:00:00-04:00,196.9953074474984,201.02746390569425,196.89069916995027,200.94187927246094,707900,0.0,0.0,0.0
2022-03-18 00:00:00-04:00,200.2096291994674,203.30031128121857,199.70561143622962,203.0150146484375,1193900,0.0,0.0,0.0
2022-03-21 00:00:00-04:00,203.1196058183562,204.27980138601336,200.7516773405744,202.25421142578125,1138700,0.0,0.0,0.0
2022-03-22 00:00:00-04:00,202.87232516048041,205.23074870763978,202.87232516048041,204.05154418945312,1582700,0.0,0.0,0.0
2022-03-23 00:00:00-04:00,203.0571510062271,203.51480496861888,200.64491293875923,200.74024963378906,2108900,0.557,0.0,0.0
2022-03-24 00:00:00-04:00,201.58879278388235,202.89503479003906,200.44465077697495,202.89503479003906,959300,0.0,0.0,0.0
2022-03-25 00:00:00-04:00,202.97132512290608,203.59106450408404,201.5792756555778,203.5529327392578,622200,0.0,0.0,0.0
2022-03-28 00:00:00-04:00,203.32410653961057,203.6387481689453,200.88326613471182,203.6387481689453,1089300,0.0,0.0,0.0
2022-03-29 00:00:00-04:00,205.22148281048075,209.14018006973686,205.22148281048075,208.83506774902344,1189900,0.0,0.0,0.0
2022-03-30 00:00:00-04:00,208.2820315469495,208.42505838168273,204.45868609470037,205.50747680664062,503700,0.0,0.0,0.0
2022-03-31 00:00:00-04:00,205.22149421007623,206.41331200052292,202.6280975341797,202.6280975341797,654200,0.0,0.0,0.0
2022-04-01 00:00:00-04:00,203.6101277601079,204.95450154461554,202.41831012459866,204.35382080078125,648500,0.0,0.0,0.0
2022-04-04 00:00:00-04:00,204.77332973974293,205.07842746952278,203.37175112682365,204.677978515625,1403700,0.0,0.0,0.0
2022-04-05 00:00:00-04:00,204.63029777650084,205.72677863216768,200.17766923457398,200.64486694335938,1076400,0.0,0.0,0.0
2022-04-06 00:00:00-04:00,198.9000570381381,199.30050600757735,196.63083166276095,198.070556640625,1199500,0.0,0.0,0.0
2022-04-07 00:00:00-04:00,198.0133568867418,198.86194507256005,194.83836727379685,197.66058349609375,710600,0.0,0.0,0.0
2022-04-08 00:00:00-04:00,197.57475576061955,199.00493688162672,196.22085271189266,196.9168701171875,401500,0.0,0.0,0.0
2022-04-11 00:00:00-04:00,196.05875282604512,198.31843417529376,195.62968688249606,195.97293090820312,1110600,0.0,0.0,0.0
2022-04-12 00:00:00-04:00,197.77496787503776,200.13000055750723,195.4866839598019,196.13504028320312,770500,0.0,0.0,0.0
2022-04-13 00:00:00-04:00,196.55455681355514,199.92024862126624,196.55455681355514,199.70095825195312,399600,0.0,0.0,0.0
2022-04-14 00:00:00-04:00,199.863032201274,201.03579115125387,197.96566796333113,198.06100463867188,353000,0.0,0.0,0.0
2022-04-18 00:00:00-04:00,197.52709611414613,198.09917442821532,196.01110749498545,196.9550323486328,519800,0.0,0.0,0.0
2022-04-19 00:00:00-04:00,197.1170791333273,201.66504409845425,197.1170791333273,201.29319763183594,574600,0.0,0.0,0.0
2022-04-20 00:00:00-04:00,202.36109801369358,203.50523999340714,201.45530500405548,202.2085418701172,528000,0.0,0.0,0.0
2022-04-21 00:00:00-04:00,204.02011493702085,204.39196147356697,197.29826027002,197.89894104003906,578200,0.0,0.0,0.0
2022-04-22 00:00:00-04:00,197.21244791275694,197.3268723008845,192.5977334349781,192.73121643066406,767100,0.0,0.0,0.0
2022-04-25 00:00:00-04:00,191.13893559864053,194.1518539045492,189.09854450257413,193.980224609375,990300,0.0,0.0,0.0
2022-04-26 00:00:00-04:00,192.75030409598048,192.8933164062109,188.02116487408998,188.11651611328125,886900,0.0,0.0,0.0
2022-04-27 00:00:00-04:00,188.6981219333398,190.30946183963667,186.84841847992342,187.88768005371094,1739600,0.0,0.0,0.0
2022-04-28 00:00:00-04:00,189.71830469503598,192.3689060961168,186.06657351618153,191.54893493652344,1163100,0.0,0.0,0.0
2022-04-29 00:00:00-04:00,190.6240835995288,192.91238231715238,185.79960786823133,185.9712371826172,990500,0.0,0.0,0.0
2022-05-02 00:00:00-04:00,186.0951640794629,188.30718457268642,183.22527247864502,187.50628662109375,1062000,0.0,0.0,0.0
2022-05-03 00:00:00-04:00,187.50629852385902,190.18550238464135,187.02002759137358,189.22251892089844,826900,0.0,0.0,0.0
2022-05-04 00:00:00-04:00,189.73738127663003,194.57140093869336,186.88654804911403,194.23768615722656,863200,0.0,0.0,0.0
2022-05-05 00:00:00-04:00,192.37845635934315,192.37845635934315,184.81755705287375,186.8865509033203,1014100,0.0,0.0,0.0
2022-05-06 00:00:00-04:00,186.0475092940515,186.34307774698237,181.60440955058928,184.0166473388672,1014400,0.0,0.0,0.0
2022-05-09 00:00:00-04:00,181.21348906148947,181.9381235091315,175.38788376320312,176.18878173828125,1910700,0.0,0.0,0.0
2022-05-10 00:00:00-04:00,178.50566253853205,179.373309187171,171.89821862392876,175.42601013183594,1496200,0.0,0.0,0.0
2022-05-11 00:00:00-04:00,175.45462438854705,178.80124298165902,171.3738420780917,171.67893981933594,4765800,0.0,0.0,0.0
2022-05-12 00:00:00-04:00,171.00200914070925,175.16859915767776,169.89599882523262,173.7002716064453,1104900,0.0,0.0,0.0
2022-05-13 00:00:00-04:00,175.80740503695588,180.5079414253576,175.80740503695588,179.32565307617188,835700,0.0,0.0,0.0
2022-05-16 00:00:00-04:00,178.9156683432536,180.12655920707894,177.29479917155498,178.29592895507812,817000,0.0,0.0,0.0
2022-05-17 00:00:00-04:00,181.40415144543047,183.64477414808968,179.83095817662095,183.49221801757812,775500,0.0,0.0,0.0
2022-05-18 00:00:00-04:00,181.4137104263277,182.01437659891326,176.08389110479294,176.8943328857422,1043400,0.0,0.0,0.0
2022-05-19 00:00:00-04:00,175.44509583896118,179.37333689569286,175.21627615020904,177.18038940429688,1148700,0.0,0.0,0.0
2022-05-20 00:00:00-04:00,179.0396111739745,179.72609929537973,172.4989154134312,176.7703857421875,1105800,0.0,0.0,0.0
2022-05-23 00:00:00-04:00,178.59146238256798,179.56398951421926,176.04574200583497,178.7821502685547,1086100,0.0,0.0,0.0
2022-05-24 00:00:00-04:00,177.2185061250913,177.6189550949685,173.1091213464711,176.16017150878906,954200,0.0,0.0,0.0
2022-05-25 00:00:00-04:00,175.43554539311313,180.46025231573933,175.43554539311313,179.55447387695312,790200,0.0,0.0,0.0
2022-05-26 00:00:00-04:00,180.50794076947676,184.57917938213023,180.50794076947676,183.67340087890625,945400,0.0,0.0,0.0
2022-05-27 00:00:00-04:00,184.74125837048294,188.27857942908045,184.44568993174434,188.22137451171875,729700,0.0,0.0,0.0
2022-05-31 00:00:00-04:00,187.73510262934695,187.8876587738787,185.0082233771992,185.8949432373047,878600,0.0,0.0,0.0
2022-06-01 00:00:00-04:00,186.8579328844772,187.54442100932607,182.19554285653587,184.63638305664062,620400,0.0,0.0,0.0
2022-06-02 00:00:00-04:00,184.817541751798,189.05088034081797,184.61732453528109,188.98414611816406,709200,0.0,0.0,0.0
2022-06-03 00:00:00-04:00,187.5825844293376,188.01163590936065,186.13332997263907,187.0963134765625,523200,0.0,0.0,0.0
2022-06-06 00:00:00-04:00,189.13671141284198,189.4418237504967,187.21074433848545,188.04977416992188,698700,0.0,0.0,0.0
2022-06-07 00:00:00-04:00,186.41935396023598,190.3952559021512,186.09516850193532,190.3666534423828,1421500,0.0,0.0,0.0
2022-06-08 00:00:00-04:00,189.36552586937145,189.89945785589168,186.72445384831013,187.34420776367188,499200,0.0,0.0,0.0
2022-06-09 00:00:00-04:00,186.48606878734606,186.72443229299435,183.11084794872988,183.1585235595703,671900,0.0,0.0,0.0
2022-06-10 00:00:00-04:00,180.145622140296,180.93699079860488,177.36153788076336,177.8859405517578,1008600,0.0,0.0,0.0
2022-06-13 00:00:00-04:00,173.06145173998354,173.74793986890444,168.47533975966135,169.22857666015625,1487300,0.0,0.0,0.0
2022-06-14 00:00:00-04:00,170.17249777496733,170.62062240293085,166.98796430912304,168.59930419921875,1378700,0.0,0.0,0.0
2022-06-15 00:00:00-04:00,170.3441123519253,173.128196567545,167.9890795699682,170.86851501464844,632400,0.0,0.0,0.0
2022-06-16 00:00:00-04:00,166.94981482532557,167.2739857200917,161.7248760045504,162.75460815429688,1894300,0.0,0.0,0.0
2022-06-17 00:00:00-04:00,163.58410381854085,166.10122170512483,162.44949127200493,164.3373260498047,1401200,0.0,0.0,0.0
2022-06-21 00:00:00-04:00,166.74004502024906,168.77089220623992,165.98680819117345,166.92120361328125,1265600,0.0,0.0,0.0
2022-06-22 00:00:00-04:00,164.5375805641372,167.86512605283662,163.87969490919235,166.53982543945312,957400,0.0,0.0,0.0
2022-06-23 00:00:00-04:00,167.1415727143652,168.88272275989053,165.6587157638348,168.5670166015625,1141800,0.589,0.0,0.0
2022-06-24 00:00:00-04:00,170.20292207856278,174.4123077392578,169.8489405941365,174.4123077392578,1050200,0.0,0.0,0.0
2022-06-27 00:00:00-04:00,175.10111726408343,175.83776485904195,173.07296058982396,174.68017578125,1023700,0.0,0.0,0.0
2022-06-28 00:00:00-04:00,175.88563046611233,177.28237514398288,171.80060262481913,171.9058380126953,653700,0.0,0.0,0.0
2022-06-29 00:00:00-04:00,171.86755894512325,171.98237047347246,168.80618581508503,170.18380737304688,855100,0.0,0.0,0.0
2022-06-30 00:00:00-04:00,167.7155795435578,170.5473589536461,165.99355251024593,168.48092651367188,874500,0.0,0.0,0.0
2022-07-01 00:00:00-04:00,168.1461001295451,171.13095216345755,166.99808685393913,170.8630828857422,793800,0.0,0.0,0.0
2022-07-05 00:00:00-04:00,168.0121500009314,171.53274026569636,165.87875752232026,171.475341796875,892700,0.0,0.0,0.0
2022-07-06 00:00:00-04:00,171.32226025131675,172.6998818199265,168.5478794262614,170.3081817626953,616700,0.0,0.0,0.0
2022-07-07 00:00:00-04:00,171.571011059472,174.56542453851233,171.571011059472,174.28797912597656,749600,0.0,0.0,0.0
2022-07-08 00:00:00-04:00,173.6852906451956,175.18727094600047,172.20243343770358,173.66615295410156,670300,0.0,0.0,0.0
2022-07-11 00:00:00-04:00,172.41290134896724,173.10171223896495,170.71001181474534,170.93960571289062,1776700,0.0,0.0,0.0
2022-07-12 00:00:00-04:00,170.32732203812148,172.29809534625747,169.37064191870368,170.38473510742188,4519900,0.0,0.0,0.0
2022-07-13 00:00:00-04:00,168.01213583045583,170.9108750436852,167.45725968234953,170.03073120117188,948700,0.0,0.0,0.0
2022-07-14 00:00:00-04:00,167.63903061032607,168.4617759858826,165.64913447879914,168.11737060546875,832600,0.0,0.0,0.0
2022-07-15 00:00:00-04:00,170.231658541506,171.46576944176917,168.00259216709253,171.4083709716797,759500,0.0,0.0,0.0
2022-07-18 00:00:00-04:00,173.3312958908969,174.4314867796704,170.75783864869854,171.217041015625,819900,0.0,0.0,0.0
2022-07-19 00:00:00-04:00,173.2164496280875,177.0144697636331,173.1207904026794,176.947509765625,499400,0.0,0.0,0.0
2022-07-20 00:00:00-04:00,176.765794550306,179.8463057862706,176.65098300636893,179.5401611328125,628700,0.0,0.0,0.0
2022-07-21 00:00:00-04:00,178.55477565457795,180.70730590820312,177.51199783517788,180.70730590820312,784400,0.0,0.0,0.0
2022-07-22 00:00:00-04:00,180.90818892331876,181.54916275416826,177.24410287114907,178.45907592773438,488800,0.0,0.0,0.0
2022-07-25 00:00:00-04:00,179.12879119698522,179.6358304935355,177.4067640588049,179.26272583007812,1201600,0.0,0.0,0.0
2022-07-26 00:00:00-04:00,178.58347558096852,178.76524713873374,177.2823900387219,177.74159240722656,500500,0.0,0.0,0.0
2022-07-27 00:00:00-04:00,179.00443732210786,182.18060807539482,178.46869873223645,181.50137329101562,480800,0.0,0.0,0.0
2022-07-28 00:00:00-04:00,182.30496129061075,184.54358926744072,180.26722796417874,184.48619079589844,596500,0.0,0.0,0.0
2022-07-29 00:00:00-04:00,184.7923364109478,186.82049360424634,184.01742784549998,186.35171508789062,448000,0.0,0.0,0.0
2022-08-01 00:00:00-04:00,185.10803248038582,187.03095417088073,183.79737085459092,186.23690795898438,641300,0.0,0.0,0.0
2022-08-02 00:00:00-04:00,185.3663355349287,187.14576114913328,184.55316618835525,185.22283935546875,664200,0.0,0.0,0.0
2022-08-03 00:00:00-04:00,186.41868359491775,188.10243530420112,185.79684737328267,187.51885986328125,493400,0.0,0.0,0.0
2022-08-04 00:00:00-04:00,187.73889388057702,187.73889388057702,186.40910922605934,186.8109130859375,567300,0.0,0.0,0.0
2022-08-05 00:00:00-04:00,184.9358260331181,188.1885471007911,184.4861852225803,188.13113403320312,368800,0.0,0.0,0.0
2022-08-08 00:00:00-04:00,189.46092484632865,191.77610358649676,189.32699021322458,189.7096710205078,514000,0.0,0.0,0.0
2022-08-09 00:00:00-04:00,189.34614031362196,189.34614031362196,186.64830978490315,187.37538146972656,436300,0.0,0.0,0.0
2022-08-10 00:00:00-04:00,190.589811077245,192.6658051467314,190.56111184200904,192.47447204589844,437700,0.0,0.0,0.0
2022-08-11 00:00:00-04:00,194.41651692968395,196.15766699402346,192.9527976511149,193.2111053466797,611200,0.0,0.0,0.0
2022-08-12 00:00:00-04:00,194.1773428290231,196.6073036317948,193.53636897395253,196.5881805419922,716800,0.0,0.0,0.0
2022-08-15 00:00:00-04:00,195.11491359896098,197.09524851564478,194.66527276080902,196.90391540527344,472100,0.0,0.0,0.0
2022-08-16 00:00:00-04:00,196.36814972512283,198.549379159245,195.82284966548212,197.6692352294922,385500,0.0,0.0,0.0
2022-08-17 00:00:00-04:00,195.19143409300983,196.02374108508818,193.28763549286458,194.59829711914062,481500,0.0,0.0,0.0
2022-08-18 00:00:00-04:00,194.6174166980037,196.06201292449552,193.75641048710088,195.7941436767578,441800,0.0,0.0,0.0
2022-08-19 00:00:00-04:00,194.0721156774281,194.38782184590642,191.37427092740174,191.96742248535156,471300,0.0,0.0,0.0
2022-08-22 00:00:00-04:00,189.50875824230602,189.60443209178993,187.52843801845245,187.98764038085938,472700,0.0,0.0,0.0
2022-08-23 00:00:00-04:00,188.4564392840713,190.06365502533916,187.67195450718,188.04505920410156,656600,0.0,0.0,0.0
2022-08-24 00:00:00-04:00,188.13112673808294,190.1401606901471,187.51885208757048,189.39395141601562,680500,0.0,0.0,0.0
2022-08-25 00:00:00-04:00,190.53242140043935,192.4840424754568,189.92014669084753,192.46490478515625,600700,0.0,0.0,0.0
2022-08-26 00:00:00-04:00,192.6944965268947,192.6944965268947,186.370840726909,186.3804168701172,658500,0.0,0.0,0.0
2022-08-29 00:00:00-04:00,184.96453987094353,186.6578678528743,184.1609320346235,185.0889129638672,442600,0.0,0.0,0.0
2022-08-30 00:00:00-04:00,185.85422861668013,185.85422861668013,181.76920090887637,182.611083984375,457000,0.0,0.0,0.0
2022-08-31 00:00:00-04:00,183.14684328061028,183.78781720497952,181.21434536378752,181.49179077148438,471900,0.0,0.0,0.0
2022-09-01 00:00:00-04:00,180.20980249560893,180.20980249560893,177.35890025311812,179.80799865722656,953200,0.0,0.0,0.0
2022-09-02 00:00:00-04:00,181.9509686567175,182.5536817184701,177.9616148715726,178.7556610107422,709000,0.0,0.0,0.0
2022-09-06 00:00:00-04:00,179.51144226455634,179.69321380794563,176.50746752047672,177.4737091064453,650200,0.0,0.0,0.0
2022-09-07 00:00:00-04:00,177.17714668241726,181.89358703534532,177.17714668241726,181.577880859375,657800,0.0,0.0,0.0
2022-09-08 00:00:00-04:00,180.16202008496526,183.51040074433817,179.47320918150035,183.45298767089844,606300,0.0,0.0,0.0
2022-09-09 00:00:00-04:00,185.05061265375943,187.2127188811705,184.67750802303132,186.887451171875,411200,0.0,0.0,0.0
2022-09-12 00:00:00-04:00,188.15981321442587,189.5661339659648,187.68147321996443,189.0303955078125,457300,0.0,0.0,0.0
2022-09-13 00:00:00-04:00,184.45749297170704,185.20370230302748,181.06127560092386,181.69268798828125,498200,0.0,0.0,0.0
2022-09-14 00:00:00-04:00,182.05623688422693,182.36236694376822,179.9324057668429,181.92230224609375,414500,0.0,0.0,0.0
2022-09-15 00:00:00-04:00,181.04213326318762,183.82606104280967,179.99934094118237,180.80296325683594,593300,0.0,0.0,0.0
2022-09-16 00:00:00-04:00,178.66002774921992,178.75570160854625,176.2683272438756,177.913818359375,575300,0.0,0.0,0.0
2022-09-19 00:00:00-04:00,176.02913496280001,179.86541683369083,176.02913496280001,179.74105834960938,489100,0.0,0.0,0.0
2022-09-20 00:00:00-04:00,178.28690432891332,178.34430279936802,175.6081971247147,176.75621032714844,490300,0.0,0.0,0.0
2022-09-21 00:00:00-04:00,177.7894318878016,179.74106752811062,174.11578369140625,174.11578369140625,547300,0.0,0.0,0.0
2022-09-22 00:00:00-04:00,174.1540561080609,174.35496537184233,169.60026363942146,170.08816528320312,1103600,0.0,0.0,0.0
2022-09-23 00:00:00-04:00,167.93232961939097,168.00915311829144,164.0240165336151,166.38629150390625,1979200,0.665,0.0,0.0
2022-09-26 00:00:00-04:00,165.67569661997305,168.04756919742348,163.17898401657723,163.67832946777344,1053100,0.0,0.0,0.0
2022-09-27 00:00:00-04:00,165.74291525238252,167.07769244179462,162.65083894552833,164.08163452148438,1541600,0.0,0.0,0.0
2022-09-28 00:00:00-04:00,165.39721705169896,169.8048610156602,164.4369452694372,168.84458923339844,1298000,0.0,0.0,0.0
2022-09-29 00:00:00-04:00,166.81840257947113,167.0872774859775,163.31341670013774,165.18594360351562,1415300,0.0,0.0,0.0
2022-09-30 00:00:00-04:00,164.83066322850397,168.00917547659108,163.97602183680553,164.1200714111328,1057800,0.0,0.0,0.0
2022-10-03 00:00:00-04:00,166.06939993870802,169.71843554447824,164.37931226935783,168.76776123046875,858600,0.0,0.0,0.0
2022-10-04 00:00:00-04:00,171.74462447890875,175.70093977166175,171.74462447890875,175.64332580566406,770900,0.0,0.0,0.0
2022-10-05 00:00:00-04:00,173.30024944778071,175.5280723598233,171.427722405796,174.66383361816406,1040400,0.0,0.0,0.0
2022-10-06 00:00:00-04:00,173.6459670195117,176.027437195656,172.6952925768066,173.40589904785156,442900,0.0,0.0,0.0
2022-10-07 00:00:00-04:00,171.46611958434272,172.0326763944361,167.85550311614946,168.71974182128906,510700,0.0,0.0,0.0
2022-10-10 00:00:00-04:00,169.2095197531289,169.55521822692404,166.4727389478682,167.64427185058594,645600,0.0,0.0,0.0
2022-10-11 00:00:00-04:00,166.80880512660875,169.77604119273911,164.86905217043693,167.56741333007812,1022800,0.0,0.0,0.0
2022-10-12 00:00:00-04:00,167.61547103051464,167.90355554470435,165.51247312529296,166.693603515625,674200,0.0,0.0,0.0
2022-10-13 00:00:00-04:00,163.52468029371528,171.13964337641588,161.94983510933892,170.25619506835938,847000,0.0,0.0,0.0
2022-10-14 00:00:00-04:00,171.60056602045327,172.6568708509671,165.73330479478398,165.9541778564453,499400,0.0,0.0,0.0
2022-10-17 00:00:00-04:00,168.9790351793612,171.33169823348658,168.9790351793612,170.5826873779297,719900,0.0,0.0,0.0
2022-10-18 00:00:00-04:00,173.97247467292112,175.72017672799268,171.6486182153925,173.20425415039062,537300,0.0,0.0,0.0
2022-10-19 00:00:00-04:00,171.63898279633278,172.34957453407446,168.36445251822664,169.8912811279297,602900,0.0,0.0,0.0
2022-10-20 00:00:00-04:00,170.12177806227365,172.02311237454364,167.17373621386403,167.69229125976562,592800,0.0,0.0,0.0
2022-10-21 00:00:00-04:00,168.00916184418458,171.36050107384443,166.5399324987088,171.04360961914062,692700,0.0,0.0,0.0
2022-10-24 00:00:00-04:00,171.6678153783255,172.3111958069293,169.83369249303882,171.9270782470703,639900,0.0,0.0,0.0
2022-10-25 00:00:00-04:00,172.07111796920725,176.7956537904158,172.07111796920725,176.51718139648438,552600,0.0,0.0,0.0
2022-10-26 00:00:00-04:00,176.8052607235881,179.87814258100244,176.5171908704688,176.94931030273438,431200,0.0,0.0,0.0
2022-10-27 00:00:00-04:00,178.31286574237498,179.7532733846656,176.8916676380385,177.24696350097656,818300,0.0,0.0,0.0
2022-10-28 00:00:00-04:00,177.5926799070605,180.65594948098024,176.45955149435633,180.47349548339844,687500,0.0,0.0,0.0
2022-10-31 00:00:00-04:00,179.7052845178446,181.43377688507832,179.03309711186108,180.37747192382812,726700,0.0,0.0,0.0
2022-11-01 00:00:00-04:00,182.47084638903237,182.65330037029673,180.18539488070525,180.9920196533203,611500,0.0,0.0,0.0
2022-11-02 00:00:00-04:00,180.2046089248822,182.01952203494002,175.16318199110103,175.24000549316406,800900,0.0,0.0,0.0
2022-11-03 00:00:00-04:00,173.02178089578615,175.85459467352507,171.6870035641332,174.46218872070312,838700,0.0,0.0,0.0
2022-11-04 00:00:00-04:00,176.88208425454175,177.99600319534642,173.5019230025699,176.42115783691406,793200,0.0,0.0,0.0
2022-11-07 00:00:00-05:00,177.44864355999053,178.25528311744029,175.729763251824,177.79434204101562,907200,0.0,0.0,0.0
2022-11-08 00:00:00-05:00,178.42811567684706,180.33906199296155,176.07545250138455,178.15924072265625,834200,0.0,0.0,0.0
2022-11-09 00:00:00-05:00,176.45956883068467,177.49666429836643,173.50192945675985,173.87644958496094,624400,0.0,0.0,0.0
2022-11-10 00:00:00-05:00,180.6655572921797,184.8331338818189,180.3870848842912,184.63148498535156,2322200,0.0,0.0,0.0
2022-11-11 00:00:00-05:00,185.3900985826969,187.9252159208013,185.18844968053818,186.58084106445312,574900,0.0,0.0,0.0
2022-11-14 00:00:00-05:00,185.59175417337408,187.1569874062582,184.28578380356865,184.32418823242188,494100,0.0,0.0,0.0
2022-11-15 00:00:00-05:00,187.34902214380568,188.6933967173999,185.81258150034037,187.22418212890625,1567900,0.0,0.0,0.0
2022-11-16 00:00:00-05:00,185.98544621660122,186.18710975369382,183.50795772000203,183.91127014160156,876300,0.0,0.0,0.0
2022-11-17 00:00:00-05:00,181.15527990675116,182.5188788375506,180.2910410967491,182.32681274414062,630500,0.0,0.0,0.0
2022-11-18 00:00:00-05:00,184.7371061324527,184.7371061324527,181.9139045040996,183.41192626953125,405800,0.0,0.0,0.0
2022-11-21 00:00:00-05:00,182.61490511768721,183.13346014815025,181.6066166940859,182.73013305664062,518400,0.0,0.0,0.0
2022-11-22 00:00:00-05:00,183.9304823086195,185.4093093126684,182.99903200027097,185.27487182617188,666400,0.0,0.0,0.0
2022-11-23 00:00:00-05:00,185.39971183257992,186.56163268295134,184.58347481663012,185.8030242919922,423500,0.0,0.0,0.0
2022-11-25 00:00:00-05:00,185.7646042035036,186.99375111675306,185.67818324536583,186.84971618652344,384300,0.0,0.0,0.0
2022-11-28 00:00:00-05:00,185.03477391040096,185.95662662510168,182.45164044598891,182.90296936035156,534900,0.0,0.0,0.0
2022-11-29 00:00:00-05:00,183.21025841655518,184.69868270321632,183.21025841655518,183.60397338867188,453000,0.0,0.0,0.0
2022-11-30 00:00:00-05:00,184.12253916618928,188.3861340890441,182.0195413632282,188.29971313476562,789900,0.0,0.0,0.0
2022-12-01 00:00:00-05:00,188.93350061063938,190.24906845465318,187.38746223046664,188.3765411376953,723600,0.0,0.0,0.0
2022-12-02 00:00:00-05:00,186.09108132586613,189.58647038573892,185.77420449949017,188.76065063476562,568300,0.0,0.0,0.0
2022-12-05 00:00:00-05:00,187.74273827456355,187.74273827456355,183.1814471290462,183.7960205078125,540700,0.0,0.0,0.0
2022-12-06 00:00:00-05:00,183.63280675656944,183.96890781083124,179.84933280840278,181.1361083984375,622400,0.0,0.0,0.0
2022-12-07 00:00:00-05:00,180.87681757926217,182.4228559406841,180.13740410573345,180.64634704589844,619700,0.0,0.0,0.0
2022-12-08 00:00:00-05:00,181.72185846386006,183.55596664511523,181.0304615280935,181.91390991210938,627400,0.0,0.0,0.0
2022-12-09 00:00:00-05:00,181.0880533786478,182.19236006063758,180.12778160210556,180.20460510253906,612900,0.0,0.0,0.0
2022-12-12 00:00:00-05:00,180.79038673763569,182.739737436406,179.8781314034098,182.59568786621094,677300,0.0,0.0,0.0
2022-12-13 00:00:00-05:00,188.01161010781306,188.57818160828762,182.69171075938158,184.0072784423828,605700,0.0,0.0,0.0
2022-12-14 00:00:00-05:00,183.8152381861593,185.45730951839286,181.77946652621296,183.13345336914062,501200,0.0,0.0,0.0
2022-12-15 00:00:00-05:00,180.8190774641303,181.54922730049262,178.40763474559162,178.9264373779297,704800,0.091,0.0,0.0
2022-12-16 00:00:00-05:00,177.40846128064555,178.33075416221405,175.55424417276507,177.1202392578125,1407200,0.0,0.0,0.0
2022-12-19 00:00:00-05:00,177.34120972394058,177.629431757502,174.14197593652997,174.8144989013672,791700,0.0,0.0,0.0
2022-12-20 00:00:00-05:00,174.67997894974252,176.4861418290815,173.98825200545778,175.62149047851562,834300,0.0,0.0,0.0
2022-12-21 00:00:00-05:00,177.1970840181718,179.20500665849235,177.01454293094633,178.6477813720703,728800,0.0,0.0,0.0
2022-12-22 00:00:00-05:00,177.27514856764327,177.27514856764327,173.42091578582486,176.4444122314453,1201000,1.009,0.0,0.0
2022-12-23 00:00:00-05:00,176.50236000150596,177.42003021953775,175.14033629140064,177.39105224609375,697000,0.0,0.0,0.0
2022-12-27 00:00:00-05:00,177.3813969361601,177.83540483722845,175.9807261088526,176.81146240234375,746300,0.0,0.0,0.0
2022-12-28 00:00:00-05:00,177.17857210124467,177.5456461564205,173.81699386507066,173.86529541015625,1045600,0.0,0.0,0.0
2022-12-29 00:00:00-05:00,175.01476184872442,178.28942036701721,174.77326890120852,177.7581329345703,1084400,0.0,0.0,0.0
2022-12-30 00:00:00-05:00,176.01938895369358,177.47800111830867,175.62333696384718,177.29446411132812,896600,0.0,0.0,0.0
2023-01-03 00:00:00-05:00,178.7047854906892,179.87361787038614,174.94715572589982,176.28985595703125,561300,0.0,0.0,0.0
2023-01-04 00:00:00-05:00,177.31379272028252,179.89293582438273,177.31379272028252,178.9752655029297,887200,0.0,0.0,0.0
2023-01-05 00:00:00-05:00,177.87404075334427,178.09621013288688,175.8744868583417,177.04330444335938,415100,0.0,0.0,0.0
2023-01-06 00:00:00-05:00,178.70478468311308,181.4674646467155,177.39106243315754,181.0424346923828,397100,0.0,0.0,0.0
2023-01-09 00:00:00-05:00,182.42377354569754,183.73749573445295,181.36119870936616,181.60269165039062,678600,0.0,0.0,0.0
2023-01-10 00:00:00-05:00,181.3032616997345,183.75682375142168,180.7526506616966,183.69886779785156,380100,0.0,0.0,0.0
2023-01-11 00:00:00-05:00,184.50061712233685,186.41323719370098,184.2108226292065,186.3456268310547,533200,0.0,0.0,0.0
2023-01-12 00:00:00-05:00,187.09907242936475,188.77985385733857,185.39895269956776,188.6349639892578,627600,0.0,0.0,0.0
2023-01-13 00:00:00-05:00,187.29226464299555,189.7458264369785,186.95416862993315,189.50433349609375,478900,0.0,0.0,0.0
2023-01-17 00:00:00-05:00,189.11792786462468,190.36403954336825,188.77983189236213,189.3594207763672,556900,0.0,0.0,0.0
2023-01-18 00:00:00-05:00,190.3930252368823,191.47490880871675,186.71266073140464,186.7416534423828,2643300,0.0,0.0,0.0
2023-01-19 00:00:00-05:00,185.41827629742176,186.0075196603287,183.66021535961434,184.68414306640625,726500,0.0,0.0,0.0
2023-01-20 00:00:00-05:00,185.71772326662585,188.10367466723542,184.41367024843808,188.08436584472656,508400,0.0,0.0,0.0
2023-01-23 00:00:00-05:00,188.46108982619256,191.25274752753162,187.89115530522002,190.74078369140625,424100,0.0,0.0,0.0
2023-01-24 00:00:00-05:00,189.68788935931073,190.8760453591421,188.9923884412107,189.92938232421875,624100,0.0,0.0,0.0
2023-01-25 00:00:00-05:00,188.4514639119589,190.35442982983642,187.05080753442306,190.2868194580078,410400,0.0,0.0,0.0
2023-01-26 00:00:00-05:00,191.65847666896664,192.46988947858384,189.6299299053631,191.9772491455078,594700,0.0,0.0,0.0
2023-01-27 00:00:00-05:00,191.52322874704194,193.8512095323379,191.04989726909633,193.107421875,514400,0.0,0.0,0.0
2023-01-30 00:00:00-05:00,191.59082216812058,193.2619638105043,190.50893858796422,190.56689453125,433400,0.0,0.0,0.0
2023-01-31 00:00:00-05:00,191.1078269732628,195.30014038085938,191.1078269732628,195.30014038085938,733800,0.0,0.0,0.0
2023-02-01 00:00:00-05:00,194.90412536767218,199.90785198959745,194.00576396987165,198.42991638183594,644100,0.0,0.0,0.0
2023-02-02 00:00:00-05:00,199.95617534743604,202.8540909321815,199.71468238204056,201.65628051757812,874500,0.0,0.0,0.0
2023-02-03 00:00:00-05:00,199.14474555397803,201.90742543230286,199.1060984286534,199.8209228515625,805400,0.0,0.0,0.0
2023-02-06 00:00:00-05:00,198.56515332379357,198.99018325801396,196.60423182327983,197.11619567871094,684100,0.0,0.0,0.0
2023-02-07 00:00:00-05:00,196.66220802672476,199.27999826054273,195.05869119684542,198.79701232910156,468800,0.0,0.0,0.0
2023-02-08 00:00:00-05:00,197.73442249795752,198.55550441541791,195.89908199247634,196.32411193847656,355200,0.0,0.0,0.0
2023-02-09 00:00:00-05:00,197.80208029776435,198.48791212800268,193.1654119905742,193.72567749023438,403100,0.0,0.0,0.0
2023-02-10 00:00:00-05:00,192.88523404962228,193.96713244421517,192.18974794250025,193.77394104003906,375800,0.0,0.0,0.0
2023-02-13 00:00:00-05:00,193.8802176283447,196.22752216252965,193.19437112544261,196.0633087158203,559000,0.0,0.0,0.0
2023-02-14 00:00:00-05:00,194.84616518222495,197.52189627610406,193.91882583107636,196.23715209960938,393300,0.0,0.0,0.0
2023-02-15 00:00:00-05:00,195.184270129285,198.19809759198498,194.84618882469587,198.14981079101562,509400,0.0,0.0,0.0
2023-02-16 00:00:00-05:00,195.7155386321646,198.32365943290765,194.89445674139395,196.0536346435547,373000,0.0,0.0,0.0
2023-02-17 00:00:00-05:00,195.65758849034142,196.08261843513688,194.1313512974667,195.84112548828125,352000,0.0,0.0,0.0
2023-02-21 00:00:00-05:00,193.61937809366887,194.09269481336605,190.4220139897953,190.5862274169922,473000,0.0,0.0,0.0
2023-02-22 00:00:00-05:00,191.1465087523778,192.44090745567505,190.47998583722259,191.26242065429688,538600,0.0,0.0,0.0
2023-02-23 00:00:00-05:00,192.47953146768603,193.39721644981466,189.69754276576018,192.015869140625,426200,0.0,0.0,0.0
2023-02-24 00:00:00-05:00,189.78448265591027,190.7890868527241,188.59634145689967,190.42202758789062,360800,0.0,0.0,0.0
2023-02-27 00:00:00-05:00,192.00620531525726,193.01080943122835,190.39303429140855,190.7117919921875,563600,0.0,0.0,0.0
2023-02-28 00:00:00-05:00,190.8373842171964,192.44090092393233,190.72147231921153,190.7987518310547,447100,0.0,0.0,0.0
2023-03-01 00:00:00-05:00,190.56689546020047,191.92891909228848,190.15153470492226,191.146484375,708200,0.0,0.0,0.0
2023-03-02 00:00:00-05:00,189.99700706608957,192.37328958208695,189.08899116144178,192.11248779296875,538800,0.0,0.0,0.0
2023-03-03 00:00:00-05:00,192.79830693514376,195.1166480857805,192.11247521517245,194.8171844482422,408800,0.0,0.0,0.0
2023-03-06 00:00:00-05:00,194.73994041322294,195.1553012541188,191.79372317821708,192.35398864746094,317000,0.0,0.0,0.0
2023-03-07 00:00:00-05:00,192.2477239464847,192.77901141806623,189.66858084578263,190.02598571777344,507700,0.0,0.0,0.0
2023-03-08 00:00:00-05:00,190.31575406907942,190.82771790600071,188.7218918733783,190.03561401367188,371600,0.0,0.0,0.0
2023-03-09 00:00:00-05:00,190.17086509489621,190.71180694896296,184.8869981267884,184.99325561523438,642100,0.0,0.0,0.0
2023-03-10 00:00:00-05:00,184.4716310307141,184.4716310307141,177.85471847686486,179.48721313476562,1065500,0.0,0.0,0.0
2023-03-13 00:00:00-04:00,175.75857616892742,179.2650587212237,173.93288995152534,176.1449737548828,807100,0.0,0.0,0.0
2023-03-14 00:00:00-04:00,180.79128202874654,181.63167276136824,177.30412331053932,179.16844177246094,539700,0.0,0.0,0.0
2023-03-15 00:00:00-04:00,175.54604674444494,176.1449592685304,172.76405805216368,175.72958374023438,817900,0.0,0.0,0.0
2023-03-16 00:00:00-04:00,174.44483063878403,179.02354193093558,173.07315255521192,178.1831512451172,841800,0.0,0.0,0.0
2023-03-17 00:00:00-04:00,176.830812231671,176.830812231671,173.33399869849012,174.03915405273438,946700,0.0,0.0,0.0
2023-03-20 00:00:00-04:00,175.47845713700812,177.83543090777223,174.9664932142918,176.4154510498047,519400,0.0,0.0,0.0
2023-03-21 00:00:00-04:00,179.34231593213175,180.404875997338,178.90763159911288,179.72869873046875,394900,0.0,0.0,0.0
2023-03-22 00:00:00-04:00,179.7673743937257,180.1730808182568,174.84091186523438,174.84091186523438,391400,0.0,0.0,0.0
2023-03-23 00:00:00-04:00,176.3016482601301,178.35799363264928,172.79036346071413,174.1192169189453,716300,0.746,0.0,0.0
2023-03-24 00:00:00-04:00,172.86796835310855,175.72937546565242,171.4518063472764,175.50628662109375,654400,0.0,0.0,0.0
2023-03-27 00:00:00-04:00,177.76632877166256,178.40649744495894,176.10767428040631,177.39773559570312,501600,0.0,0.0,0.0
2023-03-28 00:00:00-04:00,177.2813544641379,178.4453150668858,176.69936676248292,177.64993286132812,592600,0.0,0.0,0.0
2023-03-29 00:00:00-04:00,179.3958628495302,180.06514419793163,178.42589331284657,180.02635192871094,750800,0.0,0.0,0.0
2023-03-30 00:00:00-04:00,181.50070555363473,182.1311946695871,179.79356439770862,180.27854919433594,671800,0.0,0.0,0.0
2023-03-31 00:00:00-04:00,181.49102418583283,183.94504624850015,181.4231192051716,183.86744689941406,475800,0.0,0.0,0.0
2023-04-03 00:00:00-04:00,184.07112994029671,184.77920358415238,182.11178725944677,183.78013610839844,486400,0.0,0.0,0.0
2023-04-04 00:00:00-04:00,184.39123068368565,184.39123068368565,179.68687210642366,180.72474670410156,494500,0.0,0.0,0.0
2023-04-05 00:00:00-04:00,179.85174133941007,180.2203344823624,178.01849959248167,179.19216918945312,504700,0.0,0.0,0.0
2023-04-06 00:00:00-04:00,178.9788064068509,179.7450759285701,178.04762901788445,179.25039672851562,551300,0.0,0.0,0.0
2023-04-10 00:00:00-04:00,178.53259709860788,181.30671066723988,178.2804103380272,181.25820922851562,410000,0.0,0.0,0.0
2023-04-11 00:00:00-04:00,182.07299386284276,183.6443398245907,181.6849971558574,182.81016540527344,899000,0.0,0.0,0.0
2023-04-12 00:00:00-04:00,184.371820670769,184.57550599550123,181.38431257001898,181.5880126953125,419500,0.0,0.0,0.0
2023-04-13 00:00:00-04:00,182.18938785071515,183.7510394653654,181.52980084051842,183.3824462890625,570500,0.0,0.0,0.0
2023-04-14 00:00:00-04:00,183.3727664760092,184.46882212320023,181.00603814664552,182.1990966796875,372800,0.0,0.0,0.0
2023-04-17 00:00:00-04:00,182.54828136207922,183.83834274573707,182.17970296714984,183.81893920898438,489000,0.0,0.0,0.0
2023-04-18 00:00:00-04:00,184.5851828853237,184.78886817443748,182.72284338206123,183.59580993652344,395400,0.0,0.0,0.0
2023-04-19 00:00:00-04:00,182.7616731208708,184.26512898455098,182.26699394531843,183.9159393310547,979200,0.0,0.0,0.0
2023-04-20 00:00:00-04:00,182.60645872163326,183.92561787685432,182.2572690981759,182.9750518798828,560400,0.0,0.0,0.0
2023-04-21 00:00:00-04:00,183.09144592285156,183.32424394177312,181.61710287136376,183.09144592285156,447600,0.0,0.0,0.0
2023-04-24 00:00:00-04:00,182.868361211181,183.72193916598778,181.88869727709485,182.81016540527344,417500,0.0,0.0,0.0
2023-04-25 00:00:00-04:00,181.54920530322943,181.66559691715676,178.74599379684312,178.82359313964844,432200,0.0,0.0,0.0
2023-04-26 00:00:00-04:00,178.62958328132987,179.23095962373515,176.9127331547629,177.2813262939453,518200,0.0,0.0,0.0
2023-04-27 00:00:00-04:00,177.90212397588627,180.09424989547705,177.06794954620815,179.91966247558594,502200,0.0,0.0,0.0
2023-04-28 00:00:00-04:00,179.47346812583848,182.02449282788837,179.4443702228202,181.68499755859375,413700,0.0,0.0,0.0
2023-05-01 00:00:00-04:00,181.39399534569623,183.2854477578471,181.3261051753111,181.76258850097656,533900,0.0,0.0,0.0
2023-05-02 00:00:00-04:00,180.83143009536434,180.83143009536434,176.45687241455332,178.4744110107422,681400,0.0,0.0,0.0
2023-05-03 00:00:00-04:00,178.8138943804878,181.66559245560097,178.29010252955615,178.406494140625,907600,0.0,0.0,0.0
2023-05-04 00:00:00-04:00,177.49472353516333,177.85360751277494,174.75940245011074,175.81666564941406,589600,0.0,0.0,0.0
2023-05-05 00:00:00-04:00,178.29981279420113,180.30764210029304,178.231907820286,179.8323516845703,564500,0.0,0.0,0.0
2023-05-08 00:00:00-04:00,180.67625479649527,180.89934367671117,178.82360917238964,179.55108642578125,387900,0.0,0.0,0.0
2023-05-09 00:00:00-04:00,178.51318646304114,179.7741498169148,177.90211572121476,179.08547973632812,407700,0.0,0.0,0.0
2023-05-10 00:00:00-04:00,181.27760383738058,181.27760383738058,177.7275118256623,179.483154296875,349500,0.0,0.0,0.0
2023-05-11 00:00:00-04:00,178.65868546124,179.20186601585067,177.4559179470592,178.39678955078125,524300,0.0,0.0,0.0
2023-05-12 00:00:00-04:00,179.10488507596867,179.60927342439362,176.97095486417945,178.23191833496094,923400,0.0,0.0,0.0
2023-05-15 00:00:00-04:00,178.56172410700046,180.8896603401656,178.3774274901448,180.28826904296875,812800,0.0,0.0,0.0
2023-05-16 00:00:00-04:00,179.21160200118558,179.29891052532096,177.49476623535156,177.49476623535156,774300,0.0,0.0,0.0
2023-05-17 00:00:00-04:00,178.3676995726556,181.1127151693006,177.6499167790023,180.81202697753906,609500,0.0,0.0,0.0
2023-05-18 00:00:00-04:00,180.31734453305805,182.69378191740486,179.89057033723805,182.49008178710938,771400,0.0,0.0,0.0
2023-05-19 00:00:00-04:00,183.4115328355892,183.5473279762564,180.34642560274605,181.0351104736328,1184100,0.0,0.0,0.0
2023-05-22 00:00:00-04:00,181.43278600610384,183.3145290804709,180.8507984241449,182.61614990234375,470000,0.0,0.0,0.0
2023-05-23 00:00:00-04:00,181.99538225001578,183.87712545047142,181.03510711560676,181.10301208496094,552200,0.0,0.0,0.0
2023-05-24 00:00:00-04:00,180.08455622980085,180.2785471861786,178.23191077518666,179.0369873046875,425800,0.0,0.0,0.0
2023-05-25 00:00:00-04:00,179.1824624815974,179.63834933290852,176.90304302560193,178.39678955078125,535100,0.0,0.0,0.0
2023-05-26 00:00:00-04:00,178.64896672373143,180.52101546404464,178.48407369281213,180.23973083496094,444200,0.0,0.0,0.0
2023-05-30 00:00:00-04:00,181.0739027768448,181.65589040870736,179.31826031482507,180.1233367919922,507400,0.0,0.0,0.0
2023-05-31 00:00:00-04:00,179.2600552209187,180.22033032355398,176.84484071515533,178.1057891845703,482300,0.0,0.0,0.0
2023-06-01 00:00:00-04:00,178.3386106613256,180.394941470381,177.2522494490792,179.8517608642578,486100,0.0,0.0,0.0
2023-06-02 00:00:00-04:00,181.90809401716206,185.603690661093,181.60740580636678,185.4678955078125,605000,0.0,0.0,0.0
2023-06-05 00:00:00-04:00,184.6240139512479,185.10899876133348,182.51918165154385,183.7316436767578,454400,0.0,0.0,0.0
2023-06-06 00:00:00-04:00,183.32422292254105,187.90247983248202,183.32422292254105,187.38839721679688,591500,0.0,0.0,0.0
2023-06-07 00:00:00-04:00,188.17409877556685,190.5214233862875,188.17409877556685,190.06553649902344,757300,0.0,0.0,0.0
2023-06-08 00:00:00-04:00,189.58055894437578,189.92005423101938,187.8734177443002,189.47386169433594,588700,0.0,0.0,0.0
2023-06-09 00:00:00-04:00,189.51265495306384,189.7745360745215,187.7667068072091,188.37779235839844,480800,0.0,0.0,0.0
2023-06-12 00:00:00-04:00,188.55237712083135,189.8812306462221,187.66000692562528,189.4156494140625,380400,0.0,0.0,0.0
2023-06-13 00:00:00-04:00,190.3953307583038,192.39348061386067,189.9879452927714,191.81149291992188,639500,0.0,0.0,0.0
2023-06-14 00:00:00-04:00,192.28676291958888,193.15972956712227,189.0276647412718,190.42442321777344,741400,0.0,0.0,0.0
2023-06-15 00:00:00-04:00,189.5514562936342,192.3546678284229,189.5514562936342,192.2479705810547,832700,0.0,0.0,0.0
2023-06-16 00:00:00-04:00,193.00454333568516,193.27613363467552,190.4341298628974,191.2198028564453,414900,0.0,0.0,0.0
2023-06-20 00:00:00-04:00,190.33710968464857,190.54080979065762,188.88215544348662,189.9782257080078,465300,0.0,0.0,0.0
2023-06-21 00:00:00-04:00,189.26044174099982,190.33710846458058,188.56206252567392,189.46414184570312,581000,0.0,0.0,0.0
2023-06-22 00:00:00-04:00,189.01796593135828,189.01796593135828,187.20412756624827,188.15469360351562,654200,0.0,0.0,0.0
2023-06-23 00:00:00-04:00,186.28407779448207,187.1896858718466,185.44662657625764,185.61216735839844,419800,0.759,0.0,0.0
2023-06-26 00:00:00-04:00,185.9432407927316,187.9394922573606,185.89454883336018,186.6443634033203,458800,0.0,0.0,0.0
2023-06-27 00:00:00-04:00,186.97545175200014,190.22788753665859,186.5372538191232,189.84811401367188,558400,0.0,0.0,0.0
2023-06-28 00:00:00-04:00,189.64359445825525,190.48104558525583,188.54321865475362,190.36419677734375,589100,0.0,0.0,0.0
2023-06-29 00:00:00-04:00,190.85109706783592,192.63311577952535,190.43236405206753,192.57467651367188,512300,0.0,0.0,0.0
2023-06-30 00:00:00-04:00,193.86981707543467,194.42487869435396,193.07132536489004,193.67506408691406,685100,0.0,0.0,0.0
2023-07-03 00:00:00-04:00,193.42184342278242,194.86303304590777,193.42184342278242,194.42483520507812,272700,0.0,0.0,0.0
2023-07-05 00:00:00-04:00,193.51925788684875,193.51925788684875,191.97095155178872,192.51626586914062,489300,0.0,0.0,0.0
2023-07-06 00:00:00-04:00,190.4031335164145,190.76342723164024,188.0368561023133,190.07205200195312,459600,0.0,0.0,0.0
2023-07-07 00:00:00-04:00,190.334969963811,193.52896591026933,190.08177775450662,191.9027557373047,434400,0.0,0.0,0.0
2023-07-10 00:00:00-04:00,191.4743122870695,194.77542496401506,191.4743122870695,194.73646545410156,376700,0.0,0.0,0.0
2023-07-11 00:00:00-04:00,195.46677689538544,197.3364319629728,195.08700344194892,197.09298706054688,409800,0.0,0.0,0.0
2023-07-12 00:00:00-04:00,199.63457300839448,199.93645719981757,198.38813616822532,198.6997528076172,558100,0.0,0.0,0.0
2023-07-13 00:00:00-04:00,199.5566492389248,200.2967312554061,198.69973328220115,200.06301879882812,508000,0.0,0.0,0.0
2023-07-14 00:00:00-04:00,200.02410835376395,200.02410835376395,197.06380949905932,198.0083770751953,480300,0.0,0.0,0.0
2023-07-17 00:00:00-04:00,197.677266467901,199.9072153005738,197.25854835583374,199.39111328125,399800,0.0,0.0,0.0
2023-07-18 00:00:00-04:00,199.7124696503785,201.6405641019625,199.39112057511448,201.27052307128906,557000,0.0,0.0,0.0
2023-07-19 00:00:00-04:00,202.17615135424023,202.69225344431206,201.2121188902608,202.03009033203125,564100,0.0,0.0,0.0
2023-07-20 00:00:00-04:00,202.20534845079771,202.20534845079771,199.926707522387,200.7057342529297,736400,0.0,0.0,0.0
2023-07-21 00:00:00-04:00,201.74767061097813,201.74767061097813,199.95591953353176,200.22857666015625,288800,0.0,0.0,0.0
2023-07-24 00:00:00-04:00,200.34543684612797,201.73793465728252,199.72221844485972,200.37464904785156,418000,0.0,0.0,0.0
2023-07-25 00:00:00-04:00,200.1604348873195,201.61135723644378,199.93646970044063,200.5986328125,360400,0.0,0.0,0.0
2023-07-26 00:00:00-04:00,200.4915018492308,202.30273268567433,200.0046119992051,201.76715087890625,285700,0.0,0.0,0.0
2023-07-27 00:00:00-04:00,203.1401930473397,203.1791376992828,198.68028003552098,199.2548065185547,371200,0.0,0.0,0.0
2023-07-28 00:00:00-04:00,201.1147172734587,201.91322374780702,200.74467623815593,201.65029907226562,434000,0.0,0.0,0.0
2023-07-31 00:00:00-04:00,202.51697277043485,203.39336858886088,202.24431563320454,203.27651977539062,339400,0.0,0.0,0.0
2023-08-01 00:00:00-04:00,201.92296841631108,202.68251542833428,201.0270928344042,202.48776245117188,506600,0.0,0.0,0.0
2023-08-02 00:00:00-04:00,200.61809615782727,200.7933693700821,198.836077539742,199.69300842285156,665700,0.0,0.0,0.0
2023-08-03 00:00:00-04:00,199.0113418422917,199.8682726870366,197.6870009270942,199.0795135498047,407000,0.0,0.0,0.0
2023-08-04 00:00:00-04:00,199.66380354379436,201.00762442183566,198.56344247431903,198.81661987304688,461400,0.0,0.0,0.0
2023-08-07 00:00:00-04:00,199.32297269428872,199.8877667133178,198.28102126469219,199.7124786376953,474000,0.0,0.0,0.0
2023-08-08 00:00:00-04:00,197.37541466900305,198.39788635111933,195.89526532783185,198.2323455810547,712900,0.0,0.0,0.0
2023-08-09 00:00:00-04:00,198.4368534398977,198.51475760968384,196.4113896015612,196.9859161376953,627400,0.0,0.0,0.0
2023-08-10 00:00:00-04:00,197.78440189747792,199.3521878598434,195.6713016627591,196.48927307128906,1123100,0.0,0.0,0.0
2023-08-11 00:00:00-04:00,195.7492144976914,197.29752077359043,195.4960222466663,196.6256103515625,776400,0.0,0.0,0.0
2023-08-14 00:00:00-04:00,196.02186816551233,196.7716827392578,194.82412322416818,196.7716827392578,815900,0.0,0.0,0.0
2023-08-15 00:00:00-04:00,195.6907770864124,195.6907770864124,193.99639504164705,194.1424560546875,444800,0.0,0.0,0.0
2023-08-16 00:00:00-04:00,193.94770666021222,194.87279443015578,192.0585716103299,192.08778381347656,500900,0.0,0.0,0.0
2023-08-17 00:00:00-04:00,192.71100029699187,192.89602082085008,189.53648376464844,189.53648376464844,633800,0.0,0.0,0.0
2023-08-18 00:00:00-04:00,188.22187933707272,190.86082896932334,187.9589695056338,190.45184326171875,517100,0.0,0.0,0.0
2023-08-21 00:00:00-04:00,190.53946998921185,191.16268839590774,188.98143140182165,190.36419677734375,458000,0.0,0.0,0.0
2023-08-22 00:00:00-04:00,190.85109534190906,191.4451015737671,189.22488496980256,189.65333557128906,470500,0.0,0.0,0.0
2023-08-23 00:00:00-04:00,189.88704368259178,191.88329506227683,189.25409281379618,191.8638153076172,463400,0.0,0.0,0.0
2023-08-24 00:00:00-04:00,191.37692415244928,192.50651217585008,189.44884449781625,189.52674865722656,661200,0.0,0.0,0.0
2023-08-25 00:00:00-04:00,190.26682240042138,191.29902654523863,188.2218790072818,190.3447265625,558600,0.0,0.0,0.0
2023-08-28 00:00:00-04:00,191.3282364806206,192.89602243445609,191.3185040324885,191.9806671142578,494600,0.0,0.0,0.0
2023-08-29 00:00:00-04:00,191.88330395007608,194.86306762695312,191.05558521374363,194.86306762695312,497400,0.0,0.0,0.0
2023-08-30 00:00:00-04:00,194.60986402801504,196.2944986190745,194.23009056855776,195.7783966064453,394900,0.0,0.0,0.0
2023-08-31 00:00:00-04:00,196.0997552204867,196.91772657937267,195.71023443623247,195.75892639160156,572000,0.0,0.0,0.0
2023-09-01 00:00:00-04:00,197.23909129538774,198.34919961582108,196.98589905086976,197.6675567626953,390700,0.0,0.0,0.0
2023-09-05 00:00:00-04:00,196.58662727810668,196.9858656151508,193.68475341796875,193.68475341796875,477200,0.0,0.0,0.0
2023-09-06 00:00:00-04:00,193.81137421014657,194.94096223818812,192.1169921680842,193.08103942871094,359600,0.0,0.0,0.0
2023-09-07 00:00:00-04:00,191.91249096477935,192.22409271937147,190.66605422901497,191.54244995117188,844700,0.0,0.0,0.0
2023-09-08 00:00:00-04:00,191.74697944210203,191.97094463036072,190.7537199091936,191.114013671875,350100,0.0,0.0,0.0
2023-09-11 00:00:00-04:00,192.26306720291356,192.79864901204215,191.20165089126726,191.4353485107422,299000,0.0,0.0,0.0
2023-09-12 00:00:00-04:00,190.89002324477454,192.44807662534794,190.89002324477454,191.39639282226562,399400,0.0,0.0,0.0
2023-09-13 00:00:00-04:00,191.65930452706627,191.65930452706627,189.3319570609397,189.9746551513672,359800,0.0,0.0,0.0
2023-09-14 00:00:00-04:00,191.6885529450719,192.68179760846203,191.16270355038296,192.27281188964844,658100,0.0,0.0,0.0
2023-09-15 00:00:00-04:00,191.62034138683478,191.6787657832746,189.789631052003,190.59786987304688,614000,0.0,0.0,0.0
2023-09-18 00:00:00-04:00,190.48105412795718,190.75371126444605,189.5170068433503,190.02337646484375,372400,0.0,0.0,0.0
2023-09-19 00:00:00-04:00,190.0331096353682,190.56869146218557,188.50428317557996,189.28330993652344,729100,0.0,0.0,0.0
2023-09-20 00:00:00-04:00,190.2083682188635,191.02633950459662,187.88103560386514,187.91024780273438,645100,0.0,0.0,0.0
2023-09-21 00:00:00-04:00,186.88879655702104,186.88879655702104,184.32774353027344,184.32774353027344,1424100,0.735,0.0,0.0
2023-09-22 00:00:00-04:00,185.1781363299284,185.65710316508506,183.83896224149717,183.8682861328125,607900,0.0,0.0,0.0
2023-09-25 00:00:00-04:00,182.96898791412042,185.09995201840894,182.94944859504756,184.77737426757812,547800,0.0,0.0,0.0
2023-09-26 00:00:00-04:00,183.7705400672242,184.70894938783874,182.00126225412245,182.05014038085938,800000,0.0,0.0,0.0
2023-09-27 00:00:00-04:00,183.3502302210481,184.34727246222272,181.99148684071056,183.43820190429688,861600,0.0,0.0,0.0
2023-09-28 00:00:00-04:00,183.6923365721002,186.25338930503491,183.28178715872585,185.29544067382812,601100,0.0,0.0,0.0
2023-09-29 00:00:00-04:00,187.02563375324212,187.2602398214682,184.4450266647984,184.8164825439453,540500,0.0,0.0,0.0
2023-10-02 00:00:00-04:00,184.3374748178899,184.84578043645618,181.48316850910928,182.3629150390625,717500,0.0,0.0,0.0
2023-10-03 00:00:00-04:00,181.19968625156037,181.81551777828835,178.2867321323152,179.03941345214844,773400,0.0,0.0,0.0
2023-10-04 00:00:00-04:00,179.4108655716123,180.10489915424398,177.4656444563882,179.8507537841797,734900,0.0,0.0,0.0
2023-10-05 00:00:00-04:00,179.6259188371574,180.27107429964232,178.48224228939404,179.69435119628906,631300,0.0,0.0,0.0
2023-10-06 00:00:00-04:00,178.7070777210851,182.35315916554381,177.92507246006326,181.3365478515625,469500,0.0,0.0,0.0
2023-10-09 00:00:00-04:00,180.2613140606754,183.1547143030961,180.04626222860907,182.60731506347656,488600,0.0,0.0,0.0
2023-10-10 00:00:00-04:00,183.41862772259614,185.82329121179666,183.29154758360517,184.7089385986328,675400,0.0,0.0,0.0
2023-10-11 00:00:00-04:00,185.06086677173718,186.03836972764407,183.71190791962204,185.09996032714844,407100,0.0,0.0,0.0
2023-10-12 00:00:00-04:00,185.44207870407055,185.44207870407055,180.27108009453386,181.43431091308594,527300,0.0,0.0,0.0
2023-10-13 00:00:00-04:00,181.92304135162308,182.09898469100168,179.36198886394368,180.0364532470703,388500,0.0,0.0,0.0
2023-10-16 00:00:00-04:00,181.41474872024088,183.34043051066323,180.9846450836274,183.01785278320312,467200,0.0,0.0,0.0
2023-10-17 00:00:00-04:00,182.2358600591361,186.5466514650344,182.1967665056236,185.23680114746094,498000,0.0,0.0,0.0
2023-10-18 00:00:00-04:00,183.86829712504715,183.86829712504715,180.89668002635992,181.17037963867188,809200,0.0,0.0,0.0
2023-10-19 00:00:00-04:00,180.81846840013435,181.95237525690663,177.96416194086956,178.25741577148438,845800,0.0,0.0,0.0
2023-10-20 00:00:00-04:00,178.43336873225078,178.64842055858526,176.07759813278528,176.09713745117188,862100,0.0,0.0,0.0
2023-10-23 00:00:00-04:00,175.1685192857292,177.00622953785225,174.24966415966767,174.6699981689453,787500,0.0,0.0,0.0
2023-10-24 00:00:00-04:00,176.06782604906257,177.2212872826434,175.01212107639094,175.9896240234375,731900,0.0,0.0,0.0
2023-10-25 00:00:00-04:00,174.62110738427614,175.24670860756044,172.60745391293946,172.832275390625,824700,0.0,0.0,0.0
2023-10-26 00:00:00-04:00,173.3014547095727,174.88501929546692,172.56832765246685,173.4871826171875,1300600,0.0,0.0,0.0
2023-10-27 00:00:00-04:00,174.1323360537541,174.21053806216244,170.90657405557315,171.31712341308594,919900,0.0,0.0,0.0
2023-10-30 00:00:00-04:00,172.88116746964465,173.80979226291572,171.08256567197066,172.568359375,1155900,0.0,0.0,0.0
2023-10-31 00:00:00-04:00,172.90071125702718,174.31808742590331,172.21644732021593,174.0443878173828,838600,0.0,0.0,0.0
2023-11-01 00:00:00-04:00,173.99550489869694,174.9339141845703,172.52925064393264,174.9339141845703,995900,0.0,0.0,0.0
2023-11-02 00:00:00-04:00,177.15283714624903,179.08830352641772,176.85958330844983,178.9709930419922,758900,0.0,0.0,0.0
2023-11-03 00:00:00-04:00,181.36586170195602,184.12242673844395,181.36586170195602,183.15469360351562,925800,0.0,0.0,0.0
2023-11-06 00:00:00-05:00,183.3991047343187,183.57506302716828,180.2906524105901,181.12152099609375,589700,0.0,0.0,0.0
2023-11-07 00:00:00-05:00,180.65229230953486,181.5222692156441,179.7041133886001,180.85757446289062,698600,0.0,0.0,0.0
2023-11-08 00:00:00-05:00,180.8380272070681,181.37565675754243,179.1273972199742,179.7334442138672,673400,0.0,0.0,0.0
2023-11-09 00:00:00-05:00,180.75006856126382,180.75006856126382,176.98667635213624,177.2603759765625,704200,0.0,0.0,0.0
2023-11-10 00:00:00-05:00,177.92505073095637,179.4401829424925,176.8497917639287,179.29354858398438,784000,0.0,0.0,0.0
2023-11-13 00:00:00-05:00,178.59957411330598,179.65526419467517,177.86644688620916,179.0687713623047,560400,0.0,0.0,0.0
2023-11-14 00:00:00-05:00,183.27201905298392,187.35797390322816,183.08629112060734,187.0842742919922,944000,0.0,0.0,0.0
2023-11-15 00:00:00-05:00,187.3970964508158,190.32960529054233,187.14293613877896,187.9640350341797,1101700,0.0,0.0,0.0
2023-11-16 00:00:00-05:00,187.1136163045721,187.85651319050862,184.80670870396636,185.6278076171875,836300,0.0,0.0,0.0
2023-11-17 00:00:00-05:00,186.98652561408653,187.72943737369135,186.53688262691486,187.4850616455078,489400,0.0,0.0,0.0
2023-11-20 00:00:00-05:00,187.49481423181052,188.69713852864706,186.69326967242262,188.4429931640625,625500,0.0,0.0,0.0
2023-11-21 00:00:00-05:00,187.5143801276965,187.81740363541664,186.70305094368211,186.84967041015625,526200,0.0,0.0,0.0
2023-11-22 00:00:00-05:00,187.88585525688393,188.69716960855553,187.23091513146753,188.022705078125,714100,0.0,0.0,0.0
2023-11-24 00:00:00-05:00,187.77831221143163,189.21524266120804,187.3482085508849,188.9806365966797,318900,0.0,0.0,0.0
2023-11-27 00:00:00-05:00,188.13020278963396,189.03927326965174,187.18202384340552,188.55052185058594,585500,0.0,0.0,0.0
2023-11-28 00:00:00-05:00,188.47233904563296,189.1468184591785,187.19181258363142,187.7783203125,599000,0.0,0.0,0.0
2023-11-29 00:00:00-05:00,189.4205099165987,191.23866589903963,188.7167066385241,188.9806365966797,736700,0.0,0.0,0.0
2023-11-30 00:00:00-05:00,189.72354551837395,190.38825528580938,188.7069490049868,190.05589294433594,1050100,0.0,0.0,0.0
2023-12-01 00:00:00-05:00,189.91901899969662,195.4028104934591,189.26409389096858,195.26596069335938,1199100,0.0,0.0,0.0
2023-12-04 00:00:00-05:00,194.13207302695685,196.8690690893632,194.13207302695685,196.78109741210938,1262800,0.0,0.0,0.0
2023-12-05 00:00:00-05:00,195.78404689486513,195.96977483008592,193.7019758857577,194.17117309570312,595500,0.0,0.0,0.0
2023-12-06 00:00:00-05:00,195.32464106006546,197.21121454033698,193.6335502656075,193.88771057128906,692400,0.0,0.0,0.0
2023-12-07 00:00:00-05:00,194.1613841454546,195.03136103280707,193.31094657475538,194.98248291015625,879100,0.0,0.0,0.0
2023-12-08 00:00:00-05:00,194.81631003374224,196.8788415278882,194.55238010274007,196.08706665039062,842700,0.0,0.0,0.0
2023-12-11 00:00:00-05:00,196.07729896593943,197.23076011950155,195.59833210104105,197.07435607910156,677300,0.0,0.0,0.0
2023-12-12 00:00:00-05:00,196.86907167388412,197.6706311851903,195.61786919592677,196.927734375,754800,0.0,0.0,0.0
2023-12-13 00:00:00-05:00,196.92773870814972,202.67544555664062,195.9404512436944,202.67544555664062,870100,0.0,0.0,0.0
2023-12-14 00:00:00-05:00,205.73501959620592,208.6870822871917,205.46132000000952,207.70957946777344,1600400,0.0,0.0,0.0
2023-12-15 00:00:00-05:00,208.22766777660172,208.22766777660172,205.1387550945564,205.99896240234375,1021800,0.0,0.0,0.0
2023-12-18 00:00:00-05:00,206.83962103910412,207.18173810716783,205.56886427719874,206.21401977539062,792200,0.0,0.0,0.0
2023-12-19 00:00:00-05:00,207.39676631073667,209.53749981915007,206.98621692652858,209.40065002441406,1039400,0.0,0.0,0.0
2023-12-20 00:00:00-05:00,208.90214782871547,210.4563738340043,205.33425335406886,205.53953552246094,1613800,0.0,0.0,0.0
2023-12-21 00:00:00-05:00,207.7964187103295,208.73964430575464,206.52893963908255,208.68069458007812,882000,1.077,0.0,0.0
2023-12-22 00:00:00-05:00,209.4470751433026,211.14685723391509,208.74948338592503,210.07589721679688,764100,0.0,0.0,0.0
2023-12-26 00:00:00-05:00,210.38048035929566,212.3259112948438,210.03660195599832,211.7069091796875,769000,0.0,0.0,0.0
2023-12-27 00:00:00-05:00,212.3750283901293,212.7877064662714,211.28441345701316,212.12939453125,945800,0.0,0.0,0.0
2023-12-28 00:00:00-05:00,211.32372308752,212.6894467420168,211.24511845367044,211.95254516601562,969800,0.0,0.0,0.0
2023-12-29 00:00:00-05:00,211.41214010129514,212.09991188245237,209.48637911405484,209.60427856445312,780200,0.0,0.0,0.0
2024-01-02 00:00:00-05:00,208.12065134170604,209.82043335088468,207.22654054795248,208.20907592773438,980000,0.0,0.0,0.0
2024-01-03 00:00:00-05:00,206.31278409138002,206.36191386103013,202.83461528774544,203.0409393310547,945700,0.0,0.0,0.0
2024-01-04 00:00:00-05:00,203.0802607011958,204.0824510883502,202.61846782634532,202.81497192382812,558800,0.0,0.0,0.0
2024-01-05 00:00:00-05:00,201.9405166464734,204.72109386278203,201.14466530391368,203.25711059570312,543900,0.0,0.0,0.0
2024-01-08 00:00:00-05:00,203.16868147131788,206.47000122070312,202.3433552820469,206.47000122070312,764600,0.0,0.0,0.0
2024-01-09 00:00:00-05:00,204.42631640019115,205.81169493589272,203.82696919631107,204.95689392089844,729200,0.0,0.0,0.0
2024-01-10 00:00:00-05:00,205.20252692292516,205.72326949223051,203.65993912880506,205.41868591308594,523700,0.0,0.0,0.0
2024-01-11 00:00:00-05:00,204.8586316038059,205.15339522327864,202.274558695392,204.3575439453125,853800,0.0,0.0,0.0
2024-01-12 00:00:00-05:00,206.018020150324,206.92196593205924,203.37501245788548,203.7680206298828,572700,0.0,0.0,0.0
2024-01-16 00:00:00-05:00,202.26473441265017,202.9426862252477,201.05622009018947,202.0583953857422,1369900,0.0,0.0,0.0
2024-01-17 00:00:00-05:00,199.70033898073083,201.12501244732366,199.1206466379306,200.43724060058594,945000,0.0,0.0,0.0
2024-01-18 00:00:00-05:00,201.81276154015177,202.117360102216,199.77892109465935,202.0583953857422,621300,0.0,0.0,0.0
2024-01-19 00:00:00-05:00,202.87391384928935,204.28876728441878,200.86954814439002,204.0824432373047,842700,0.0,0.0,0.0
2024-01-22 00:00:00-05:00,205.3400940714639,207.64904343956667,205.3400940714639,206.98092651367188,812800,0.0,0.0,0.0
2024-01-23 00:00:00-05:00,208.24839103069522,208.74949371826585,205.418699056062,206.25384521484375,809600,0.0,0.0,0.0
2024-01-24 00:00:00-05:00,208.2975110129722,208.7101740942048,204.4852687497268,204.6522979736328,1044000,0.0,0.0,0.0
2024-01-25 00:00:00-05:00,206.53878881028825,207.51148933553083,204.8488265937902,206.16542053222656,923300,0.0,0.0,0.0
2024-01-26 00:00:00-05:00,206.97108069243566,208.1010054233621,206.1555894852228,206.56825256347656,634200,0.0,0.0,0.0
2024-01-29 00:00:00-05:00,206.72544995295084,209.3291778564453,205.99838332462565,209.3291778564453,664200,0.0,0.0,0.0
2024-01-30 00:00:00-05:00,208.54315485378896,209.11302722914405,207.76695842409072,208.32699584960938,693700,0.0,0.0,0.0
2024-01-31 00:00:00-05:00,207.70797402331374,208.85755361494694,203.82696225791415,203.95469665527344,766000,0.0,0.0,0.0
2024-02-01 00:00:00-05:00,205.2123424136756,206.78440503657663,202.75600393558042,206.7352752685547,578300,0.0,0.0,0.0
2024-02-02 00:00:00-05:00,205.18288567170003,207.52132490689803,203.90558655182798,206.51913452148438,640600,0.0,0.0,0.0
2024-02-05 00:00:00-05:00,204.976542282555,204.976542282555,202.33351950393134,204.0431365966797,551200,0.0,0.0,0.0
2024-02-06 00:00:00-05:00,204.19050971890172,205.49726858012406,203.53219782155801,205.40884399414062,613300,0.0,0.0,0.0
2024-02-07 00:00:00-05:00,206.27350815942705,206.8925103306382,204.47546637015358,205.97874450683594,490900,0.0,0.0,0.0
2024-02-08 00:00:00-05:00,206.19487062415064,208.56278443272356,205.7527327119511,208.4448699951172,1984200,0.0,0.0,0.0
2024-02-09 00:00:00-05:00,209.21126529531963,210.51803923741863,208.39577406846269,210.39031982421875,850400,0.0,0.0,0.0
2024-02-12 00:00:00-05:00,210.8815798418196,213.56389731322434,210.58681622036508,212.7385711669922,680000,0.0,0.0,0.0
2024-02-13 00:00:00-05:00,207.1086245205161,208.67086715654574,205.0059994235875,206.50927734375,4469300,0.0,0.0,0.0
2024-02-14 00:00:00-05:00,209.13267223468515,210.8717491510147,207.81606336457403,210.4296112060547,5489500,0.0,0.0,0.0
2024-02-15 00:00:00-05:00,211.81498324202465,214.54643045349226,211.81498324202465,214.38922119140625,590900,0.0,0.0,0.0
2024-02-16 00:00:00-05:00,212.7189207429468,214.4580126531006,212.09991862408003,212.41433715820312,1001300,0.0,0.0,0.0
2024-02-20 00:00:00-05:00,210.35101028222195,210.89140777661476,209.76149800931256,210.6555938720703,665600,0.0,0.0,0.0
2024-02-21 00:00:00-05:00,209.682894059678,210.22329155583677,208.5628042459586,210.01695251464844,659500,0.0,0.0,0.0
2024-02-22 00:00:00-05:00,211.5497007326214,212.63049570099932,210.74402947716766,212.2374725341797,987100,0.0,0.0,0.0
2024-02-23 00:00:00-05:00,212.51256914266756,213.69162358362547,211.8542722421027,212.9252471923828,704900,0.0,0.0,0.0
2024-02-26 00:00:00-05:00,212.74837821169498,214.0649719830108,212.18834085799185,213.16104125976562,592700,0.0,0.0,0.0
2024-02-27 00:00:00-05:00,214.69381097879926,215.08683414538663,214.03551404110388,214.94927978515625,623300,0.0,0.0,0.0
2024-02-28 00:00:00-05:00,213.80953549693237,215.16543918770972,213.39687241545684,214.3106231689453,473700,0.0,0.0,0.0
2024-02-29 00:00:00-05:00,216.1577971189827,217.0420730193672,214.45801500311862,215.72547912597656,623300,0.0,0.0,0.0
2024-03-01 00:00:00-05:00,216.27569777735764,217.5628168140479,214.7822546925039,217.42526245117188,717500,0.0,0.0,0.0
2024-03-04 00:00:00-05:00,218.407795346937,219.0464523753524,217.63159894955328,217.8182830810547,656600,0.0,0.0,0.0
2024-03-05 00:00:00-05:00,216.63924401603575,217.91652809097107,215.4798444037655,216.18727111816406,736400,0.0,0.0,0.0
2024-03-06 00:00:00-05:00,218.27023222189595,218.51586607089303,216.8062640769455,217.6512451171875,683700,0.0,0.0,0.0
2024-03-07 00:00:00-05:00,218.79100157360566,219.9995310531135,218.7025769752911,219.49842834472656,588200,0.0,0.0,0.0
2024-03-08 00:00:00-05:00,220.92308366886476,222.43618154018606,218.43727038521556,218.98748779296875,1009700,0.0,0.0,0.0
2024-03-11 00:00:00-04:00,218.42745388345674,219.10540574394386,217.05191024790403,217.95584106445312,609100,0.0,0.0,0.0
2024-03-12 00:00:00-04:00,218.28988702661184,219.17417787797223,216.87503365827547,218.55517578125,712300,0.0,0.0,0.0
2024-03-13 00:00:00-04:00,218.55520915526165,220.07814224935498,218.30957526886925,219.33140563964844,520100,0.0,0.0,0.0
2024-03-14 00:00:00-04:00,219.04645650690455,219.28225542078462,214.55626228595574,216.3248291015625,537800,0.0,0.0,0.0
2024-03-15 00:00:00-04:00,215.4798307747599,217.01258356157715,215.37175128377663,216.1676025390625,822700,0.0,0.0,0.0
2024-03-18 00:00:00-04:00,216.6883396586442,217.02241307204824,215.5780849070561,215.8728485107422,561000,0.0,0.0,0.0
2024-03-19 00:00:00-04:00,215.05736314924474,217.44491708595672,215.05736314924474,217.1599884033203,735100,0.0,0.0,0.0
2024-03-20 00:00:00-04:00,216.89470382171947,221.16873908987213,216.47222076822422,220.5399169921875,795700,0.0,0.0,0.0
2024-03-21 00:00:00-04:00,221.93510628132168,223.68401813595364,221.5715579798235,222.99624633789062,1155400,0.0,0.0,0.0
2024-03-22 00:00:00-04:00,223.02285125321808,223.2889337212681,220.63800348914165,220.73655700683594,607000,0.677,0.0,0.0
2024-03-25 00:00:00-04:00,221.29827338425793,222.17534557157325,220.74640976578837,220.8548126220703,500300,0.0,0.0,0.0
2024-03-26 00:00:00-04:00,222.20491069792809,222.35274097814366,220.4606306812009,220.66757202148438,579800,0.0,0.0,0.0
2024-03-27 00:00:00-04:00,222.23447984263476,224.49122619628906,221.7811697267133,224.49122619628906,1043000,0.0,0.0,0.0
2024-03-28 00:00:00-04:00,224.85584714400713,226.20594319138604,224.83613343200818,225.26974487304688,828500,0.0,0.0,0.0
2024-04-01 00:00:00-04:00,225.57522855290932,225.65406835983816,223.04256554287605,223.3382110595703,769500,0.0,0.0,0.0
2024-04-02 00:00:00-04:00,221.2785641093772,221.2785641093772,219.05139587957117,219.9678955078125,634300,0.0,0.0,0.0
2024-04-03 00:00:00-04:00,219.4652902615332,221.40667730976773,219.27804759640054,220.89422607421875,553000,0.0,0.0,0.0
2024-04-04 00:00:00-04:00,222.88488207662778,223.35790587286937,218.18416205018863,218.56849670410156,588500,0.0,0.0,0.0
2024-04-05 00:00:00-04:00,218.58821601663828,220.9533651327697,218.24330877524702,220.30294799804688,522500,0.0,0.0,0.0
2024-04-08 00:00:00-04:00,221.44607919988883,221.95851533919827,220.43102618293344,221.31796264648438,365800,0.0,0.0,0.0
2024-04-09 00:00:00-04:00,222.11622319860865,222.5695483426118,220.05658393187858,222.01766967773438,555900,0.0,0.0,0.0
2024-04-10 00:00:00-04:00,217.62244633885163,219.0119696995847,216.1836462206231,217.17898559570312,502200,0.0,0.0,0.0
2024-04-11 00:00:00-04:00,217.88852510645603,218.19401994573238,215.70076943770644,217.5731658935547,488600,0.0,0.0,0.0
2024-04-12 00:00:00-04:00,216.5285675597158,216.8537761132083,212.8921624145739,213.79879760742188,527600,0.0,0.0,0.0
2024-04-15 00:00:00-04:00,215.01094083253045,215.81903759753422,209.95546401270363,210.62557983398438,918800,0.0,0.0,0.0
2024-04-16 00:00:00-04:00,209.7879194978446,210.88179733205067,208.17174112486177,209.58096313476562,881700,0.0,0.0,0.0
2024-04-17 00:00:00-04:00,210.79309651565788,210.99020354541054,207.83667151522982,208.14218139648438,751300,0.0,0.0,0.0
2024-04-18 00:00:00-04:00,208.67434091854062,210.32993177741488,207.14685159033618,207.69871520996094,816300,0.0,0.0,0.0
2024-04-19 00:00:00-04:00,207.3045261056175,209.41344204995198,206.92019144875323,208.2998504638672,758600,0.0,0.0,0.0
2024-04-22 00:00:00-04:00,209.13750479954928,211.5519155316886,208.09290371000654,210.43832397460938,434600,0.0,0.0,0.0
2024-04-23 00:00:00-04:00,210.6354466743958,214.22257532429026,210.6354466743958,213.5524444580078,480500,0.0,0.0,0.0
2024-04-24 00:00:00-04:00,213.3651801115255,214.31124269805463,211.87711832180383,213.3356170654297,406400,0.0,0.0,0.0
2024-04-25 00:00:00-04:00,211.19713716749206,212.66550027749605,209.57110949145672,212.27130126953125,369600,0.0,0.0,0.0
2024-04-26 00:00:00-04:00,212.62609143963246,213.98605182093814,211.93626191185274,213.4144744873047,395200,0.0,0.0,0.0
2024-04-29 00:00:00-04:00,214.07472804387672,215.18831959538485,213.72982081938522,214.78427124023438,513900,0.0,0.0,0.0
2024-04-30 00:00:00-04:00,213.50315146756546,213.67069544926727,210.55659085883855,210.6846923828125,437900,0.0,0.0,0.0
2024-05-01 00:00:00-04:00,210.2806677535148,214.55762579595486,209.8076289100227,210.7142791748047,668800,0.0,0.0,0.0
2024-05-02 00:00:00-04:00,213.1779691027454,213.9564877724965,210.40877159312936,213.64112854003906,676500,0.0,0.0,0.0
2024-05-03 00:00:00-04:00,216.84389528625732,217.58300147798133,214.9616496129038,215.5627899169922,610800,0.0,0.0,0.0
2024-05-06 00:00:00-04:00,217.2972401318598,218.5586469441653,217.2381140370885,218.54879760742188,1001100,0.0,0.0,0.0
2024-05-07 00:00:00-04:00,218.6177955019909,219.76095024221334,218.24332518424393,218.53895568847656,455400,0.0,0.0,0.0
2024-05-08 00:00:00-04:00,216.99174836711282,217.7308546365659,216.6468260931725,217.62245178222656,406100,0.0,0.0,0.0
2024-05-09 00:00:00-04:00,217.8392641342691,220.19454891660163,217.57318165874779,220.17483520507812,681500,0.0,0.0,0.0
2024-05-10 00:00:00-04:00,220.74640205847612,221.0814599526833,218.83457813470338,219.30760192871094,1076600,0.0,0.0,0.0
2024-05-13 00:00:00-04:00,220.74639727589877,221.5643433202636,219.56383029792318,219.66236877441406,454500,0.0,0.0,0.0
2024-05-14 00:00:00-04:00,221.73187727423112,222.53010962647352,220.85480511672148,221.88955688476562,381000,0.0,0.0,0.0
2024-05-15 00:00:00-04:00,223.83094993834266,224.44193964931816,222.60895547923596,223.64370727539062,414700,0.0,0.0,0.0
2024-05-16 00:00:00-04:00,223.4663136983046,223.73239616836665,221.93883942258242,222.08665466308594,529700,0.0,0.0,0.0
2024-05-17 00:00:00-04:00,222.13592194841783,222.3625769865752,221.37710199283268,222.2837371826172,553700,0.0,0.0,0.0
2024-05-20 00:00:00-04:00,222.37243510628377,223.219944235863,221.8501345419431,222.5793914794922,337600,0.0,0.0,0.0
2024-05-21 00:00:00-04:00,222.04724840761278,222.39215565736075,221.4165299316382,222.03738403320312,339300,0.0,0.0,0.0
2024-05-22 00:00:00-04:00,221.37711182885636,221.99796591438897,219.64268117618272,220.54931640625,312100,0.0,0.0,0.0
2024-05-23 00:00:00-04:00,221.41653205824758,221.41653205824758,216.5975595554965,217.19869995117188,321800,0.0,0.0,0.0
2024-05-24 00:00:00-04:00,218.60793219259915,219.47515504867405,217.7998354335919,219.3568878173828,315500,0.0,0.0,0.0
2024-05-28 00:00:00-04:00,220.4211879666782,220.82523631921842,217.30708340691024,218.0856170654297,604100,0.0,0.0,0.0
2024-05-29 00:00:00-04:00,215.86830680027717,216.06539879745034,215.07007443757468,215.5332489013672,520700,0.0,0.0,0.0
2024-05-30 00:00:00-04:00,216.04567156681702,217.52388400884516,215.73032739850473,216.88333129882812,359400,0.0,0.0,0.0
2024-05-31 00:00:00-04:00,217.9673556571029,219.0612335205078,216.05554676748244,219.0612335205078,395000,0.0,0.0,0.0
2024-06-03 00:00:00-04:00,220.60843751809244,221.1208887364323,216.1048094805094,217.54360961914062,405800,0.0,0.0,0.0
2024-06-04 00:00:00-04:00,216.32162619704278,216.64683477309023,214.55763244628906,214.55763244628906,811900,0.0,0.0,0.0
2024-06-05 00:00:00-04:00,215.9471522700338,217.5337677001953,214.67588103618854,217.5337677001953,408700,0.0,0.0,0.0
2024-06-06 00:00:00-04:00,217.18884855330668,217.6520230359323,215.94715538718725,216.607421875,345500,0.0,0.0,0.0
2024-06-07 00:00:00-04:00,214.98137001045149,216.21321378781406,214.10429784245557,214.7547149658203,396700,0.0,0.0,0.0
2024-06-10 00:00:00-04:00,213.21736521219543,215.67120330203937,212.93158408710747,215.40512084960938,375200,0.0,0.0,0.0
2024-06-11 00:00:00-04:00,214.2422366213909,214.93208107910536,212.59649534764077,214.60687255859375,533700,0.0,0.0,0.0
2024-06-12 00:00:00-04:00,219.1006636721494,220.30294440320435,216.97203401351223,217.6027374267578,489900,0.0,0.0,0.0
2024-06-13 00:00:00-04:00,217.29722858817885,217.5041849460394,214.54776006728866,215.83872985839844,416700,0.0,0.0,0.0
2024-06-14 00:00:00-04:00,213.84808555601867,214.04517755831654,211.76873260189097,212.88232421875,486100,0.0,0.0,0.0
2024-06-17 00:00:00-04:00,212.58667793709148,214.79414745154503,211.88698403870498,214.66603088378906,442600,0.0,0.0,0.0
2024-06-18 00:00:00-04:00,214.56748483963602,215.6219503924894,214.20286387212718,214.92225646972656,456200,0.0,0.0,0.0
2024-06-20 00:00:00-04:00,214.84339736757948,215.57265427427168,213.66083038584875,214.27182006835938,579600,0.0,0.0,0.0
2024-06-21 00:00:00-04:00,214.5871869565573,215.06021075873306,212.87245499758126,215.04051208496094,310700,0.0,0.0,0.0
2024-06-24 00:00:00-04:00,215.28686027819984,217.38591165826207,215.18830677013037,216.15406799316406,346100,0.0,0.0,0.0
2024-06-25 00:00:00-04:00,216.0161166196782,216.03583033004762,213.71010873257612,214.57733154296875,587900,0.0,0.0,0.0
2024-06-26 00:00:00-04:00,213.89735883801157,214.3999456912727,213.14838818943932,214.05503845214844,416600,0.0,0.0,0.0
2024-06-27 00:00:00-04:00,214.28169551439987,215.23760750800517,213.71996752268808,215.1587677001953,537100,0.0,0.0,0.0
2024-06-28 00:00:00-04:00,216.02639576798776,217.52025302219846,214.48306984269055,215.70980834960938,414300,0.847,0.0,0.0
2024-07-01 00:00:00-04:00,216.65954538105424,216.94643950679438,213.69160640323156,213.998291015625,666300,0.0,0.0,0.0
2024-07-02 00:00:00-04:00,214.39401491112295,214.9084467735057,213.7905334109623,214.8194122314453,817000,0.0,0.0,0.0
2024-07-03 00:00:00-04:00,215.37344295721851,216.43201514204597,214.77986419845402,215.25473022460938,467500,0.0,0.0,0.0
2024-07-05 00:00:00-04:00,215.15577105651198,215.15577105651198,213.24640435406195,214.1664581298828,408600,0.0,0.0,0.0
2024-07-08 00:00:00-04:00,214.97770592526356,216.17476613487577,214.45337127217434,214.8095245361328,441800,0.0,0.0,0.0
2024-07-09 00:00:00-04:00,214.9677968696727,215.06673419955683,213.3255489019024,213.78062438964844,452000,0.0,0.0,0.0
2024-07-10 00:00:00-04:00,214.5424254080025,215.7790667019489,213.8202311191391,215.55152893066406,630900,0.0,0.0,0.0
2024-07-11 00:00:00-04:00,218.74700867898474,221.55665411274157,218.46011453713933,221.24008178710938,701400,0.0,0.0,0.0
2024-07-12 00:00:00-04:00,222.66466221693113,224.63338523169426,222.40743120101618,223.4363250732422,771400,0.0,0.0,0.0
2024-07-15 00:00:00-04:00,224.86093760389588,227.04732590285403,223.94088379062626,225.89971923828125,700400,0.0,0.0,0.0
2024-07-16 00:00:00-04:00,227.07700907221852,231.91474898278264,226.87914949363648,231.88507080078125,1617000,0.0,0.0,0.0
2024-07-17 00:00:00-04:00,229.95591263569284,232.83481704485217,228.94680916424892,229.15457153320312,1020600,0.0,0.0,0.0
2024-07-18 00:00:00-04:00,228.53129402988827,231.51902339941768,224.97966412226617,225.68206787109375,786700,0.0,0.0,0.0
2024-07-19 00:00:00-04:00,225.8106932950449,225.95908420744428,223.82217959030072,224.77191162109375,438200,0.0,0.0,0.0
2024-07-22 00:00:00-04:00,225.84035713299542,227.63101114223198,223.40665574991417,227.4826202392578,691100,0.0,0.0,0.0
2024-07-23 00:00:00-04:00,226.95829112993152,229.2930703332826,226.53287870482154,228.41258239746094,755800,0.0,0.0,0.0
2024-07-24 00:00:00-04:00,227.3639146952224,228.8775623362178,223.34729134453792,223.56494140625,830800,0.0,0.0,0.0
2024-07-25 00:00:00-04:00,224.14866033429334,229.1743572397982,223.63421333216462,225.73155212402344,697000,0.0,0.0,0.0
2024-07-26 00:00:00-04:00,228.50163927970928,230.0647557301264,227.61126356164405,229.61956787109375,620900,0.0,0.0,0.0
2024-07-29 00:00:00-04:00,230.40111401728905,230.8166236839292,228.05644693563414,228.86767578125,642000,0.0,0.0,0.0
2024-07-30 00:00:00-04:00,229.42167696110582,230.8957587546377,228.02675711419175,229.4711456298828,509900,0.0,0.0,0.0
2024-07-31 00:00:00-04:00,231.0936115268221,234.4276064789893,229.36231384065343,230.9056396484375,660400,0.0,0.0,0.0
2024-08-01 00:00:00-04:00,231.25191831855207,232.3203781911465,223.79250479330196,225.33583068847656,1808600,0.0,0.0,0.0
2024-08-02 00:00:00-04:00,220.32988512610495,220.3397728207602,216.19454930694107,218.6876220703125,1727900,0.0,0.0,0.0
2024-08-05 00:00:00-04:00,207.7062510345384,215.28439186185074,207.56774782523294,212.47474670410156,1119300,0.0,0.0,0.0
2024-08-06 00:00:00-04:00,213.30576430769096,217.5598129830035,211.74264804579855,214.7600555419922,769200,0.0,0.0,0.0
2024-08-07 00:00:00-04:00,217.91597044957066,218.5491301416632,212.53410551892523,212.900146484375,609400,0.0,0.0,0.0
2024-08-08 00:00:00-04:00,214.562198229924,217.89617805327637,213.8004230287711,217.7082061767578,673200,0.0,0.0,0.0
2024-08-09 00:00:00-04:00,217.72801256977468,218.37105999837596,216.2044620561587,217.81704711914062,415500,0.0,0.0,0.0
2024-08-12 00:00:00-04:00,218.14351210878704,218.32158119925768,215.64055147682893,216.11541748046875,367800,0.0,0.0,0.0
2024-08-13 00:00:00-04:00,217.42132308599784,219.8946055956579,216.67933833309982,219.57801818847656,385300,0.0,0.0,0.0
2024-08-14 00:00:00-04:00,220.53766607668697,220.53766607668697,218.34138987032253,219.18231201171875,912200,0.0,0.0,0.0
2024-08-15 00:00:00-04:00,222.83286044269482,224.47510851227582,222.1403292820067,223.73312377929688,398500,0.0,0.0,0.0
2024-08-16 00:00:00-04:00,223.297839725485,224.8312627704347,222.8229586253863,223.89141845703125,445800,0.0,0.0,0.0
2024-08-19 00:00:00-04:00,224.4948990674201,226.3053436279297,224.2376831277004,226.3053436279297,426300,0.0,0.0,0.0
2024-08-20 00:00:00-04:00,226.05800272343225,226.2459745939656,223.5748327231604,224.18820190429688,483800,0.0,0.0,0.0
2024-08-21 00:00:00-04:00,225.2269998273328,226.9582975667584,224.4058682308619,226.93850708007812,414500,0.0,0.0,0.0
2024-08-22 00:00:00-04:00,227.17593862072894,227.7596296410357,225.08848768246173,225.4347381591797,598200,0.0,0.0,0.0
2024-08-23 00:00:00-04:00,227.0077590915323,231.3805205757248,226.60213715380252,230.85618591308594,695900,0.0,0.0,0.0
2024-08-26 00:00:00-04:00,232.1917463896726,232.7259838363753,230.2032327942557,230.3615264892578,498700,0.0,0.0,0.0
2024-08-27 00:00:00-04:00,229.2139303359658,229.90644641365176,228.42247692044543,229.57008361816406,471800,0.0,0.0,0.0
2024-08-28 00:00:00-04:00,228.78852520945432,229.61955962495287,227.19573063201707,228.22462463378906,447500,0.0,0.0,0.0
2024-08-29 00:00:00-04:00,229.6393271900148,231.5091281436521,228.1256795178188,229.49093627929688,400200,0.0,0.0,0.0
2024-08-30 00:00:00-04:00,230.5000329691795,230.99468945129186,228.13557558851107,230.92543029785156,389800,0.0,0.0,0.0
2024-09-03 00:00:00-04:00,229.27327441812278,230.02514681994398,224.25745055384016,224.96975708007812,573200,0.0,0.0,0.0
2024-09-04 00:00:00-04:00,224.25746284849723,226.37460715334828,223.77270914136858,224.45533752441406,545700,0.0,0.0,0.0
2024-09-05 00:00:00-04:00,224.6630929579714,225.2863649991611,222.4866073053195,223.26815795898438,589400,0.0,0.0,0.0
2024-09-06 00:00:00-04:00,223.72322821449916,224.83125387947638,219.39993548637713,219.85501098632812,727200,0.0,0.0,0.0
2024-09-09 00:00:00-04:00,220.91358931440118,222.48659331440004,220.20128276803985,220.9036865234375,412300,0.0,0.0,0.0
2024-09-10 00:00:00-04:00,221.4577271712451,221.4577271712451,218.36117256555966,220.45851135253906,673600,0.0,0.0,0.0
2024-09-11 00:00:00-04:00,219.91437792651024,221.8237598471706,216.5012511298198,221.6456756591797,495600,0.0,0.0,0.0
2024-09-12 00:00:00-04:00,222.42723995650434,224.5641596244584,220.97294866267876,223.97056579589844,1723000,0.0,0.0,0.0
2024-09-13 00:00:00-04:00,225.5237893800288,228.52140644617324,225.4545302267687,228.25428771972656,567100,0.0,0.0,0.0
2024-09-16 00:00:00-04:00,228.63022540407366,229.97569160001603,228.17513481168427,229.797607421875,626400,0.0,0.0,0.0
2024-09-17 00:00:00-04:00,231.13319396987205,232.76555433178928,230.25270603056023,231.15296936035156,511400,0.0,0.0,0.0
2024-09-18 00:00:00-04:00,231.20245409757558,235.5950064041967,230.35164428056592,231.28160095214844,515300,0.0,0.0,0.0
2024-09-19 00:00:00-04:00,235.55543290887871,235.75329249105428,233.33936633964422,235.1794891357422,774800,0.0,0.0,0.0
2024-09-20 00:00:00-04:00,234.3088797473634,234.35834841491314,232.71608526485608,233.6559295654297,523000,0.0,0.0,0.0
2024-09-23 00:00:00-04:00,234.37814265895142,235.42681200666104,233.309682824761,234.27920532226562,509800,0.0,0.0,0.0
2024-09-24 00:00:00-04:00,235.1794871857041,235.64446550260638,233.89337726864917,234.86289978027344,593300,0.0,0.0,0.0
2024-09-25 00:00:00-04:00,234.961838581561,235.0607759203038,232.09283690664196,232.5281219482422,503700,0.0,0.0,0.0
2024-09-26 00:00:00-04:00,234.75407083795938,235.86211164279942,233.31957003331732,234.20005798339844,1395900,0.0,0.0,0.0
2024-09-27 00:00:00-04:00,235.8720514587432,237.11238655611385,234.31418330885714,235.24691772460938,452300,0.705,0.0,0.0
2024-09-30 00:00:00-04:00,234.5324816115893,235.75296709816257,233.34176295584882,235.37591552734375,534900,0.0,0.0,0.0
2024-10-01 00:00:00-04:00,235.23699446415176,235.2965281247699,231.51598926742878,232.974609375,701000,0.0,0.0,0.0
2024-10-02 00:00:00-04:00,232.5677920795743,233.88751041247917,231.5953584821861,232.9845428466797,393700,0.0,0.0,0.0
2024-10-03 00:00:00-04:00,232.0815753761349,232.5876266347972,230.55348922945464,231.95257568359375,568400,0.0,0.0,0.0
2024-10-04 00:00:00-04:00,234.55231751848768,235.15760161143194,232.657081981799,234.80038452148438,407600,0.0,0.0,0.0
2024-10-07 00:00:00-04:00,234.09587095393545,234.09587095393545,231.46636674049492,232.91506958007812,635100,0.0,0.0,0.0
2024-10-08 00:00:00-04:00,233.1035982578622,233.9668665784133,232.11133025141422,233.31198120117188,329000,0.0,0.0,0.0
2024-10-09 00:00:00-04:00,233.0837587461127,235.26676056742457,232.65709075246193,234.44317626953125,421900,0.0,0.0,0.0
2024-10-10 00:00:00-04:00,232.95477628636414,233.58982723804337,231.71444121348998,233.2822265625,726800,0.0,0.0,0.0
2024-10-11 00:00:00-04:00,233.53028262978185,237.2413553037382,233.53028262978185,237.16197204589844,360700,0.0,0.0,0.0
2024-10-14 00:00:00-04:00,237.47950046865677,238.79921871561615,236.298699135019,238.73968505859375,376100,0.0,0.0,0.0
2024-10-15 00:00:00-04:00,238.16417753147482,240.69446404390752,238.10464387202134,238.24356079101562,513100,0.0,0.0,0.0
2024-10-16 00:00:00-04:00,239.68235332678464,241.05167295615186,239.09691880418805,240.52577209472656,407800,0.0,0.0,0.0
2024-10-17 00:00:00-04:00,241.05165749335842,241.05165749335842,239.32512086690681,240.22808837890625,362200,0.0,0.0,0.0
2024-10-18 00:00:00-04:00,240.83338594351991,241.0219041554184,239.96018521132095,240.5059356689453,651500,0.0,0.0,0.0
2024-10-21 00:00:00-04:00,240.20825591932166,240.57539025972991,237.09253478882707,237.5886688232422,484900,0.0,0.0,0.0
2024-10-22 00:00:00-04:00,236.84446165832796,236.86431125861878,235.5148261142094,236.34832763671875,369400,0.0,0.0,0.0
2024-10-23 00:00:00-04:00,235.6934289125447,236.34832945991485,233.17307472528375,234.8896942138672,522700,0.0,0.0,0.0
2024-10-24 00:00:00-04:00,235.7529611100809,236.23917790268248,234.30425824364968,235.61404418945312,340500,0.0,0.0,0.0
2024-10-25 00:00:00-04:00,236.99328715276766,237.2810533536438,234.12563321823436,234.64161682128906,381500,0.0,0.0,0.0
2024-10-28 00:00:00-04:00,235.9911163612464,237.87641963357876,235.7926657758655,237.29098510742188,422900,0.0,0.0,0.0
2024-10-29 00:00:00-04:00,236.15979796615034,237.29098294741468,235.04846258548616,237.12229919433594,477600,0.0,0.0,0.0
2024-10-30 00:00:00-04:00,236.5864599218662,239.75179737075283,236.5864599218662,237.2115936279297,375700,0.0,0.0,0.0
2024-10-31 00:00:00-04:00,236.75515898320515,237.41997674912878,233.7287384511583,233.8180389404297,515300,0.0,0.0,0.0
2024-11-01 00:00:00-04:00,235.31637409575376,236.49717555847295,233.91728758035953,234.41342163085938,453100,0.0,0.0,0.0
2024-11-04 00:00:00-05:00,234.18517731271956,236.91391445351604,233.9172758402783,235.0385284423828,479800,0.0,0.0,0.0
2024-11-05 00:00:00-05:00,234.59200609886918,238.9778289794922,234.10578931293267,238.9778289794922,432900,0.0,0.0,0.0
2024-11-06 00:00:00-05:00,248.42423530182907,249.05928626276312,245.1398304035229,248.82113647460938,940700,0.0,0.0,0.0
2024-11-07 00:00:00-05:00,249.49589016439094,250.82552576689199,248.62268940295888,249.2974395751953,826500,0.0,0.0,0.0
2024-11-08 00:00:00-05:00,249.69433714911705,251.60942240219265,249.08905301928186,251.1827392578125,1026800,0.0,0.0,0.0
2024-11-11 00:00:00-05:00,253.5840246282518,255.2708924537897,253.2764239501953,254.26869201660156,817900,0.0,0.0,0.0
2024-11-12 00:00:00-05:00,252.8993495978734,254.18931621419267,250.35914584716187,251.2422637939453,815200,0.0,0.0,0.0
2024-11-13 00:00:00-05:00,252.27423003293939,253.4351818140648,249.82332678140506,250.05154418945312,1279900,0.0,0.0,0.0
2024-11-14 00:00:00-05:00,250.8949890642081,251.40104033225916,246.74730063345135,247.20375061035156,1392500,0.0,0.0,0.0
2024-11-15 00:00:00-05:00,247.00528561740867,247.13428531272697,243.86972999504366,244.40554809570312,833800,0.0,0.0,0.0
2024-11-18 00:00:00-05:00,244.94137914003713,246.51908173757005,244.33609501169434,245.41766357421875,827000,0.0,0.0,0.0
2024-11-19 00:00:00-05:00,243.10566002214458,246.72743216615126,242.62937562152746,246.57859802246094,872600,0.0,0.0,0.0
2024-11-20 00:00:00-05:00,246.77705780943324,247.8784759362949,245.1596712046392,247.8487091064453,650500,0.0,0.0,0.0
2024-11-21 00:00:00-05:00,249.24780897610054,252.67113065278306,248.46390875323993,251.81777954101562,680500,0.0,0.0,0.0
2024-11-22 00:00:00-05:00,252.52230493465257,256.04485958829304,252.52230493465257,255.7372589111328,1135300,0.0,0.0,0.0
2024-11-25 00:00:00-05:00,258.2278290392086,261.3137984378486,258.2278290392086,259.5574645996094,817400,0.0,0.0,0.0
2024-11-26 00:00:00-05:00,258.59496008595465,258.8430270966422,256.8981902117047,257.900390625,1422600,0.0,0.0,0.0
2024-11-27 00:00:00-05:00,259.0117217193957,260.4901913886112,257.01725329621837,257.71185302734375,597500,0.0,0.0,0.0
2024-11-29 00:00:00-05:00,259.0414933686667,260.19252793449857,258.36675836575,258.4957580566406,291700,0.0,0.0,0.0
2024-12-02 00:00:00-05:00,258.823194610362,258.92242747171707,256.87835771059764,257.92022705078125,849800,0.0,0.0,0.0
2024-12-03 00:00:00-05:00,258.2873466270555,258.5651804540049,256.56081000827106,257.33477783203125,845900,0.0,0.0,0.0
2024-12-04 00:00:00-05:00,257.93015572664865,258.6346575534276,256.8088880007956,258.3270568847656,843600,0.0,0.0,0.0
2024-12-05 00:00:00-05:00,258.6743435478327,258.8728092575677,255.8563061029666,255.9853057861328,556800,0.0,0.0,0.0
2024-12-06 00:00:00-05:00,257.74161486399424,257.97974949559926,256.00514585143605,256.6302795410156,498100,0.0,0.0,0.0
2024-12-09 00:00:00-05:00,257.55307882779846,258.13851331211856,254.68544006347656,254.68544006347656,486100,0.0,0.0,0.0
2024-12-10 00:00:00-05:00,254.88389924380158,254.88389924380158,252.4429282230691,252.70091247558594,571800,0.0,0.0,0.0
2024-12-11 00:00:00-05:00,254.8243536415625,255.17165351285595,253.52448492806153,254.3579864501953,1469800,0.0,0.0,0.0
2024-12-12 00:00:00-05:00,253.90155001054066,254.496916888731,252.42306518554688,252.42306518554688,674400,0.0,0.0,0.0
2024-12-13 00:00:00-05:00,253.1771896178584,253.1771896178584,250.2400846371952,251.3018035888672,679700,0.0,0.0,0.0
2024-12-16 00:00:00-05:00,251.2025805615688,253.10773338087543,250.54768002157968,252.13531494140625,1122800,0.0,0.0,0.0
2024-12-17 00:00:00-05:00,251.14305363356644,251.60942083598607,248.74175158923987,249.24781799316406,1322000,0.0,0.0,0.0
2024-12-18 00:00:00-05:00,250.25992160310537,250.5079886057432,238.05502204516242,239.07705688476562,925500,0.0,0.0,0.0
2024-12-19 00:00:00-05:00,241.34935346341973,242.51030526454812,237.90618212006245,238.13441467285156,1464900,0.0,0.0,0.0
2024-12-20 00:00:00-05:00,237.2314553411714,242.9667636554642,236.7055544679127,240.87307739257812,957200,0.0,0.0,0.0
2024-12-23 00:00:00-05:00,240.65793125423886,241.06627028079788,238.5663734415473,240.9268341064453,1090600,0.904,0.0,0.0
2024-12-24 00:00:00-05:00,241.27544084995307,242.96859879889305,240.23963140271806,242.938720703125,427800,0.0,0.0,0.0
2024-12-26 00:00:00-05:00,242.06224795280053,244.3828762302019,241.14595091922885,243.99444580078125,639000,0.0,0.0,0.0
2024-12-27 00:00:00-05:00,242.7793659814944,243.69566306548705,239.59224238556254,241.17584228515625,685300,0.0,0.0,0.0
2024-12-30 00:00:00-05:00,239.38309401265244,240.35914728255102,236.64415707977267,239.12413024902344,634100,0.0,0.0,0.0
2024-12-31 00:00:00-05:00,240.3989811125632,241.39495818500689,238.6659907328498,239.31336975097656,1060400,0.0,0.0,0.0
2025-01-02 00:00:00-05:00,241.1957573938705,242.1917344315612,237.92895392603725,239.05441284179688,652000,0.0,0.0,0.0
2025-01-03 00:00:00-05:00,240.15994587409187,242.7096446368339,239.04444126733972,242.5104522705078,600700,0.0,0.0,0.0
2025-01-06 00:00:00-05:00,244.3629674370861,245.5083349287865,242.60008386001218,242.8988800048828,669500,0.0,0.0,0.0
2025-01-07 00:00:00-05:00,244.31316648485435,244.5920388351636,239.78146799622388,240.89695739746094,698000,0.0,0.0,0.0
2025-01-08 00:00:00-05:00,239.8611521692937,241.215681550474,238.14807044611263,241.0264434814453,635700,0.0,0.0,0.0
2025-01-10 00:00:00-05:00,238.03851299983236,238.41698913890082,236.17604079476015,237.16204833984375,1063600,0.0,0.0,0.0
2025-01-13 00:00:00-05:00,235.55852503445263,238.8452523167485,234.8812679397778,238.805419921875,1087000,0.0,0.0,0.0
2025-01-14 00:00:00-05:00,240.74757260150633,242.00249820749713,239.19385084245005,241.43479919433594,711800,0.0,0.0,0.0
2025-01-15 00:00:00-05:00,247.00230225660374,247.24134221372373,244.27331973641319,244.84103393554688,1192000,0.0,0.0,0.0
2025-01-16 00:00:00-05:00,245.2394245165125,247.0023081484905,243.9944532052802,246.4744415283203,721600,0.0,0.0,0.0
2025-01-17 00:00:00-05:00,248.45643874340425,248.6456616149249,246.9724274847808,247.5202178955078,525700,0.0,0.0,0.0
2025-01-21 00:00:00-05:00,249.17353173145352,251.67344385988554,249.0440650488466,251.62364196777344,809300,0.0,0.0,0.0
2025-01-22 00:00:00-05:00,251.89256255595384,251.94236444856588,250.15955699592033,250.2491912841797,590900,0.0,0.0,0.0
2025-01-23 00:00:00-05:00,249.81096876732403,251.22525434213273,248.70543364370124,251.13560485839844,1034500,0.0,0.0,0.0
2025-01-24 00:00:00-05:00,251.41448272743654,252.05192263728736,250.22928278824293,250.79698181152344,467200,0.0,0.0,0.0
2025-01-27 00:00:00-05:00,248.62575179164327,250.50814777748514,246.86286818667915,248.31700134277344,621400,0.0,0.0,0.0
2025-01-28 00:00:00-05:00,248.81499135009395,249.7810750969819,247.7592429222036,249.05401611328125,474600,0.0,0.0,0.0
2025-01-29 00:00:00-05:00,249.2233385593447,250.25916322513694,246.88280155776016,247.998291015625,550500,0.0,0.0,0.0
2025-01-30 00:00:00-05:00,249.87072909811704,252.13158607695777,249.17353299980627,251.0459747314453,755400,0.0,0.0,0.0
2025-01-31 00:00:00-05:00,251.24516669366133,252.14155516256844,248.0082412614273,248.63571166992188,531900,0.0,0.0,0.0
2025-02-03 00:00:00-05:00,243.31720007400034,247.16167215366582,242.19174112712656,245.61790466308594,1018000,0.0,0.0,0.0
2025-02-04 00:00:00-05:00,245.8170890959169,247.75924127088712,245.47846055205613,247.5500946044922,457500,0.0,0.0,0.0
2025-02-05 00:00:00-05:00,248.5460720292489,249.63168334960938,246.97242649085868,249.63168334960938,560200,0.0,0.0,0.0
2025-02-06 00:00:00-05:00,250.7969829783572,251.27504771556562,247.5003013159547,249.23330688476562,923200,0.0,0.0,0.0
2025-02-07 00:00:00-05:00,249.5818893337589,249.61176742994803,246.195573388155,246.71348571777344,672900,0.0,0.0,0.0
2025-02-10 00:00:00-05:00,248.26719501134835,248.26719501134835,246.4146771538582,247.2014923095703,719000,0.0,0.0,0.0
2025-02-11 00:00:00-05:00,245.9664999589052,246.6736351567457,245.15974577929288,245.78721618652344,1136200,0.0,0.0,0.0
2025-02-12 00:00:00-05:00,242.72957011342464,244.83108226713367,242.01246543176256,244.12393188476562,870000,0.0,0.0,0.0
2025-02-13 00:00:00-05:00,245.32906582825404,247.09193420410156,244.51235738053904,247.09193420410156,690300,0.0,0.0,0.0
2025-02-14 00:00:00-05:00,247.72936025046323,248.41658682673864,246.58399275493977,246.95249938964844,415500,0.0,0.0,0.0
2025-02-18 00:00:00-05:00,247.6596625950893,248.79507585030095,247.15170456157088,248.76519775390625,685000,0.0,0.0,0.0
2025-02-19 00:00:00-05:00,247.31105323625079,248.15763978848207,246.58399426153895,247.4704132080078,646100,0.0,0.0,0.0
2025-02-20 00:00:00-05:00,247.0819865092149,247.36085886530242,243.47655447879484,245.080078125,832900,0.0,0.0,0.0
2025-02-21 00:00:00-05:00,246.08600677010625,246.55411719070997,237.99867813738368,238.64605712890625,869600,0.0,0.0,0.0
2025-02-24 00:00:00-05:00,239.56235540040493,239.59223349571099,236.12623766357547,237.84927368164062,1064700,0.0,0.0,0.0
2025-02-25 00:00:00-05:00,237.86920572349132,239.01457327633798,235.15019257455867,237.23178100585938,874400,0.0,0.0,0.0
2025-02-26 00:00:00-05:00,238.44687013185387,240.34918995226175,237.1022950300694,237.65008544921875,929500,0.0,0.0,0.0
2025-02-27 00:00:00-05:00,238.28750812546912,238.6460604697296,234.20399616013597,234.28367614746094,798800,0.0,0.0,0.0
2025-02-28 00:00:00-05:00,233.48689463732396,236.72382007894512,233.14826608465435,236.63418579101562,879000,0.0,0.0,0.0
2025-03-03 00:00:00-05:00,237.719786160762,238.287500352908,229.6125338830879,230.92723083496094,964300,0.0,0.0,0.0
2025-03-04 00:00:00-05:00,228.2879040795825,231.34554569046026,224.34382831338635,227.60067749023438,2000400,0.0,0.0,0.0
2025-03-05 00:00:00-05:00,227.6006807241005,230.76788046230166,226.26605992119323,230.49896240234375,850500,0.0,0.0,0.0
2025-03-06 00:00:00-05:00,227.59070487652994,229.65238461633857,225.1904117924586,226.12661743164062,969400,0.0,0.0,0.0
2025-03-07 00:00:00-05:00,225.6784407171406,228.46717955352617,222.34192665000054,227.45127868652344,792300,0.0,0.0,0.0
2025-03-10 00:00:00-04:00,224.8418199539681,226.3059074392281,219.94161467168303,221.81405639648438,1211000,0.0,0.0,0.0
2025-03-11 00:00:00-04:00,221.81405761530135,223.52712417608538,218.75640074778326,220.90771484375,1536800,0.0,0.0,0.0
2025-03-12 00:00:00-04:00,223.74623896231026,223.9554008303772,219.40377840168787,221.04714965820312,1083300,0.0,0.0,0.0
2025-03-13 00:00:00-04:00,220.7682807992013,221.20651314121997,215.93778593477393,217.01344299316406,1536400,0.0,0.0,0.0
2025-03-14 00:00:00-04:00,219.74242379978574,222.81998927045325,218.9257153151301,222.7701873779297,772500,0.0,0.0,0.0
2025-03-17 00:00:00-04:00,222.58094982044872,226.7441418471211,222.37180314773062,225.83779907226562,1166700,0.0,0.0,0.0
2025-03-18 00:00:00-04:00,224.95137978258558,224.95137978258558,222.8896999699374,223.8657684326172,743900,0.0,0.0,0.0
2025-03-19 00:00:00-04:00,224.07490459630557,228.3376850050344,223.59683988434244,226.84371948242188,1098800,0.0,0.0,0.0
2025-03-20 00:00:00-04:00,225.25016648623162,227.80981952493255,225.1804408000794,225.3896026611328,868200,0.0,0.0,0.0
2025-03-21 00:00:00-04:00,223.57691558197934,224.98124681742866,221.93355958979188,224.43345642089844,741700,0.0,0.0,0.0
2025-03-24 00:00:00-04:00,227.4114371228558,230.32964252650606,227.03296098822136,230.07069396972656,826400,0.0,0.0,0.0
2025-03-25 00:00:00-04:00,230.16032669355238,230.78779708147277,228.23809833311537,229.3336639404297,636200,0.0,0.0,0.0
2025-03-26 00:00:00-04:00,229.52290446115856,230.73799765851203,226.68437903251092,227.52099609375,608300,0.0,0.0,0.0
2025-03-27 00:00:00-04:00,226.89999389648438,228.0500030517578,224.8800048828125,226.0,783300,0.919,0.0,0.0
2025-03-28 00:00:00-04:00,225.74000549316406,225.8300018310547,220.5399932861328,221.6300048828125,915200,0.0,0.0,0.0
2025-03-31 00:00:00-04:00,219.0,222.99000549316406,217.02000427246094,221.75,1265100,0.0,0.0,0.0
2025-04-01 00:00:00-04:00,221.52999877929688,223.75,219.02999877929688,222.47000122070312,878200,0.0,0.0,0.0
2025-04-02 00:00:00-04:00,219.97999572753906,226.8000030517578,219.57000732421875,226.02999877929688,723000,0.0,0.0,0.0
2025-04-03 00:00:00-04:00,216.63999938964844,217.8000030517578,210.8300018310547,210.85000610351562,2361000,0.0,0.0,0.0
2025-04-04 00:00:00-04:00,204.0800018310547,204.9199981689453,196.33999633789062,200.80999755859375,3629200,0.0,0.0,0.0
2025-04-07 00:00:00-04:00,193.16000366210938,208.0,190.27000427246094,198.97999572753906,4194600,0.0,0.0,0.0
2025-04-08 00:00:00-04:00,205.88999938964844,205.88999938964844,191.2100067138672,193.72999572753906,3431900,0.0,0.0,0.0
2025-04-09 00:00:00-04:00,191.7100067138672,213.22000122070312,190.89999389648438,212.02999877929688,3092000,0.0,0.0,0.0
2025-04-10 00:00:00-04:00,206.6300048828125,207.17999267578125,197.44000244140625,203.0,1781600,0.0,0.0,0.0
2025-04-11 00:00:00-04:00,202.69000244140625,206.44000244140625,199.27999877929688,205.82000732421875,1652500,0.0,0.0,0.0
2025-04-14 00:00:00-04:00,209.44000244140625,209.4499969482422,204.86000061035156,208.17999267578125,1438000,0.0,0.0,0.0
2025-04-15 00:00:00-04:00,207.83999633789062,210.30999755859375,206.99000549316406,207.77000427246094,1269200,0.0,0.0,0.0
2025-04-16 00:00:00-04:00,206.57000732421875,208.0800018310547,203.0,205.19000244140625,2112200,0.0,0.0,0.0
2025-04-17 00:00:00-04:00,205.83999633789062,208.25,205.30999755859375,207.02000427246094,1036000,0.0,0.0,0.0
2025-04-21 00:00:00-04:00,205.44000244140625,205.6999969482422,200.25,202.27000427246094,1309000,0.0,0.0,0.0
2025-04-22 00:00:00-04:00,204.57000732421875,208.2899932861328,204.17999267578125,207.66000366210938,2003300,0.0,0.0,0.0
2025-04-23 00:00:00-04:00,213.0,216.80999755859375,209.8699951171875,210.42999267578125,1221000,0.0,0.0,0.0
2025-04-24 00:00:00-04:00,211.32000732421875,215.5,210.39999389648438,215.3000030517578,859100,0.0,0.0,0.0
2025-04-25 00:00:00-04:00,214.19000244140625,215.41000366210938,212.8800048828125,214.77999877929688,674900,0.0,0.0,0.0
