Date,Open,High,Low,Close,Volume,Dividends,Stock Splits
2001-01-01 00:00:00+09:00,877.2142333984375,877.2142333984375,877.2142333984375,877.2142333984375,0,0.0,0.0
2001-01-02 00:00:00+09:00,877.2142333984375,877.2142333984375,877.2142333984375,877.2142333984375,0,0.0,0.0
2001-01-03 00:00:00+09:00,877.2142333984375,877.2142333984375,877.2142333984375,877.2142333984375,0,0.0,0.0
2001-01-04 00:00:00+09:00,901.9422331764914,901.9422331764914,850.0140991210938,850.0140991210938,115000,0.0,0.0
2001-01-05 00:00:00+09:00,850.0140079424033,860.5232720406003,845.0684718961929,857.4323120117188,252000,0.0,0.0
2001-01-08 00:00:00+09:00,857.4323120117188,857.4323120117188,857.4323120117188,857.4323120117188,0,0.0,0.0
2001-01-09 00:00:00+09:00,831.4680623402784,831.4680623402784,820.3406087178806,827.7589111328125,170000,0.0,0.0
2001-01-10 00:00:00+09:00,828.9953839083958,831.4681516456319,825.2862323025416,827.1408081054688,242000,0.0,0.0
2001-01-11 00:00:00+09:00,828.9953010272263,829.6134928997299,816.0132717046523,822.1951904296875,335000,0.0,0.0
2001-01-12 00:00:00+09:00,812.9222616298106,852.4865390019078,812.9222616298106,851.8683471679688,319000,0.0,0.0
2001-01-15 00:00:00+09:00,900.7055167362607,910.5965862405711,884.0143369477371,896.378173828125,462000,0.0,0.0
2001-01-16 00:00:00+09:00,895.7599819841056,896.378173828125,864.8503897831357,896.378173828125,227000,0.0,0.0
2001-01-17 00:00:00+09:00,859.2863691519722,859.2863691519722,833.9405122201514,851.2498779296875,354000,0.0,0.0
2001-01-18 00:00:00+09:00,843.2135132809667,853.1045808854356,836.4134043028944,852.4863891601562,324000,0.0,0.0
2001-01-19 00:00:00+09:00,864.8505788282914,880.9235702861439,861.1414269534024,870.414306640625,280000,0.0,0.0
2001-01-22 00:00:00+09:00,888.34182630037,888.34182630037,871.6506437602795,880.9235229492188,177000,0.0,0.0
2001-01-23 00:00:00+09:00,880.9234565525765,887.723567445263,869.1778104652088,879.6870727539062,168000,0.0,0.0
2001-01-24 00:00:00+09:00,867.3236788903557,877.8329465604455,867.3236788903557,869.7964477539062,156000,0.0,0.0
2001-01-25 00:00:00+09:00,862.3778109116987,870.414306640625,856.8140830993652,870.414306640625,280000,0.0,0.0
2001-01-26 00:00:00+09:00,868.560063322131,871.6510244015692,863.6145255950299,869.7964477539062,444000,0.0,0.0
2001-01-29 00:00:00+09:00,865.4691022426928,869.7964477539062,863.6145255950299,869.7964477539062,122000,0.0,0.0
2001-01-30 00:00:00+09:00,865.4686557641619,866.7050395581107,854.9593935155971,864.8504638671875,235000,0.0,0.0
2001-01-31 00:00:00+09:00,852.486693436472,880.9235229492188,828.9953994911594,880.9235229492188,328000,0.0,0.0
2001-02-01 00:00:00+09:00,853.1049453406025,859.286865234375,838.2683375955485,859.286865234375,219000,0.0,0.0
2001-02-02 00:00:00+09:00,858.6683356148857,871.650362287249,858.6683356148857,865.4684448242188,191000,0.0,0.0
2001-02-05 00:00:00+09:00,877.8325632195723,882.1599068410773,868.5596840306332,880.9235229492188,377000,0.0,0.0
2001-02-06 00:00:00+09:00,868.5596162647611,869.1778081624584,853.1048188223276,858.0503540039062,751000,0.0,0.0
2001-02-07 00:00:00+09:00,849.3954594203404,865.4684448242189,848.1590759277344,865.4684448242188,142000,0.0,0.0
2001-02-08 00:00:00+09:00,865.4684448242189,871.0321705409459,859.2865273611886,865.4684448242188,165000,0.0,0.0
2001-02-09 00:00:00+09:00,877.8325822558108,877.8325822558108,865.4687430691093,871.032470703125,84000,0.0,0.0
2001-02-12 00:00:00+09:00,871.032470703125,871.032470703125,871.032470703125,871.032470703125,0,0.0,0.0
2001-02-13 00:00:00+09:00,876.5962264321067,876.5962264321067,863.6141948699951,870.414306640625,99000,0.0,0.0
2001-02-14 00:00:00+09:00,864.2321171290438,877.8323364257812,859.286582839321,877.8323364257812,174000,0.0,0.0
2001-02-15 00:00:00+09:00,874.7413547033927,880.9232724044767,866.0866699218751,866.086669921875,134000,0.0,0.0
2001-02-16 00:00:00+09:00,871.6508216441761,871.6508216441761,850.0140991210938,850.0140991210938,124000,0.0,0.0
2001-02-19 00:00:00+09:00,847.5411655843692,852.4867011968237,843.8320138750285,846.9229736328125,101000,0.0,0.0
2001-02-20 00:00:00+09:00,871.6505908898188,871.6505908898188,862.9959041717639,868.5596313476562,160000,0.0,0.0
2001-02-21 00:00:00+09:00,865.4687342376928,865.4687342376928,851.2503193180736,861.7595825195312,111000,0.0,0.0
2001-02-22 00:00:00+09:00,865.4686706887801,881.5416602872859,864.8504787811452,875.3597412109375,260000,0.0,0.0
2001-02-23 00:00:00+09:00,866.7050911856697,884.0144653320312,866.7050911856697,884.0144653320312,141000,0.0,0.0
2001-02-26 00:00:00+09:00,903.1781413487026,914.9237845284599,865.4684448242189,865.4684448242188,277000,0.0,0.0
2001-02-27 00:00:00+09:00,869.7960867844549,890.8146134018475,866.7051269877795,871.032470703125,172000,0.0,0.0
2001-02-28 00:00:00+09:00,858.6686562033261,871.0324957454907,834.5591690961053,840.7410888671875,379000,0.0,0.0
2001-03-01 00:00:00+09:00,864.2320613316127,878.450471496582,856.8137603759766,865.4684448242188,358000,0.0,0.0
2001-03-02 00:00:00+09:00,871.6508216441761,887.1056234463778,848.7777149769175,850.0140991210938,334000,0.0,0.0
2001-03-05 00:00:00+09:00,837.6498484968885,876.595930013718,837.6498484968885,866.086669921875,313000,0.0,0.0
2001-03-06 00:00:00+09:00,890.8143649860964,911.8328857421875,889.5779814122086,911.8328857421875,272000,0.0,0.0
2001-03-07 00:00:00+09:00,930.3786676580256,930.3786676580256,914.3056807084517,924.81494140625,460000,0.0,0.0
2001-03-08 00:00:00+09:00,922.9601630002456,933.4694213867186,918.0146296419055,933.4694213867188,328000,0.0,0.0
2001-03-09 00:00:00+09:00,914.9242120870305,926.6698607557153,892.0511067848547,896.9966430664062,415000,0.0,0.0
2001-03-12 00:00:00+09:00,900.087481466697,900.087481466697,838.8864782625741,846.9229736328125,453000,0.0,0.0
2001-03-13 00:00:00+09:00,837.6500204003138,884.014412673394,822.8134148729282,864.8504638671875,256000,0.0,0.0
2001-03-14 00:00:00+09:00,864.8504638671875,864.8504638671875,864.8504638671875,864.8504638671875,0,0.0,0.0
2001-03-15 00:00:00+09:00,850.0136334873193,902.5599308301719,837.6497988184129,901.3235473632812,208000,0.0,0.0
2001-03-16 00:00:00+09:00,908.7422500238185,914.9241700920078,880.9236097169669,887.1055297851562,344000,0.0,0.0
2001-03-19 00:00:00+09:00,890.1961146763393,908.7418670654298,865.4684448242189,865.4684448242188,127000,0.0,0.0
2001-03-20 00:00:00+09:00,865.4684448242189,865.4684448242189,865.4684448242189,865.4684448242188,0,0.0,0.0
2001-03-21 00:00:00+09:00,853.1048853824012,896.3783215974506,853.1048853824012,880.9235229492188,198000,0.0,0.0
2001-03-22 00:00:00+09:00,927.2879028320312,942.7427012125652,914.9240641276042,927.2879028320312,223000,0.0,0.0
2001-03-23 00:00:00+09:00,884.0143369477371,907.5056270204741,865.4685816271551,896.378173828125,304000,0.0,0.0
2001-03-26 00:00:00+09:00,859.2866514065122,927.2877533163801,859.2866514065122,921.1058349609375,465000,0.0,0.0
2001-03-27 00:00:00+09:00,924.8324723786,950.2979736328126,923.5902528052237,950.2979736328125,334000,7.0,0.0
2001-03-28 00:00:00+09:00,931.6649541229187,937.2549438476562,900.6094556521548,937.2549438476562,246000,0.0,0.0
2001-03-29 00:00:00+09:00,927.9380329411204,932.2858015024242,908.0625195180174,916.758056640625,203000,0.0,0.0
2001-03-30 00:00:00+09:00,916.7584149598092,940.9817064119992,881.9762528746131,903.093994140625,246000,0.0,0.0
2001-04-02 00:00:00+09:00,878.2492015893909,882.5969699140908,857.1314697265625,857.1314697265625,416000,0.0,0.0
2001-04-03 00:00:00+09:00,869.5536590428744,899.988037109375,868.9325492864151,899.988037109375,301000,0.0,0.0
2001-04-04 00:00:00+09:00,1024.2099609375,1024.2099609375,1024.2099609375,1024.2099609375,211000,0.0,0.0
2001-04-05 00:00:00+09:00,1061.4764977380428,1121.103030086113,1034.1476704118438,1078.2464599609375,3207000,0.0,0.0
2001-04-06 00:00:00+09:00,1086.320912620641,1105.5753141593714,1050.9176581784589,1081.97314453125,1081000,0.0,0.0
2001-04-09 00:00:00+09:00,1063.3401342975205,1063.3401342975205,1042.843507877066,1052.16015625,611000,0.0,0.0
2001-04-10 00:00:00+09:00,1049.675221466212,1055.8863174512192,1027.9363855186868,1028.5574951171875,535000,0.0,0.0
2001-04-11 00:00:00+09:00,1040.3590877106542,1055.8868352884251,1027.9368896484375,1027.9368896484375,1100000,0.0,0.0
2001-04-12 00:00:00+09:00,1065.2034357680975,1114.8922257747724,1065.2034357680975,1104.9544677734375,1011000,0.0,0.0
2001-04-13 00:00:00+09:00,1113.6497277715512,1117.9974958108155,1106.1964111328125,1106.1964111328125,950000,0.0,0.0
2001-04-16 00:00:00+09:00,1087.563389094234,1088.1844989680742,1055.8867855283825,1062.718994140625,532000,0.0,0.0
2001-04-17 00:00:00+09:00,1076.3833103925333,1080.7310791015625,1062.0977846342942,1080.7310791015625,330000,0.0,0.0
2001-04-18 00:00:00+09:00,1099.364297461589,1116.75537109375,1099.364297461589,1116.75537109375,403000,0.0,0.0
2001-04-19 00:00:00+09:00,1142.8421521732068,1204.9531387043594,1131.6621745975995,1195.015380859375,1411000,0.0,0.0
2001-04-20 00:00:00+09:00,1176.3820451638092,1176.3820451638092,1136.631015126595,1168.3076171875,586000,0.0,0.0
2001-04-23 00:00:00+09:00,1170.1709696451824,1183.214276631673,1161.4754316541882,1162.7176513671875,480000,0.0,0.0
2001-04-24 00:00:00+09:00,1162.7174889271655,1192.5307578740158,1149.6741837629183,1183.214111328125,760000,0.0,0.0
2001-04-25 00:00:00+09:00,1183.2142304920014,1185.6986698211185,1167.6864846850199,1173.8975830078125,775000,0.0,0.0
2001-04-26 00:00:00+09:00,1183.2142304920014,1185.6986698211185,1167.6864846850199,1173.8975830078125,775000,0.0,0.0
2001-04-27 00:00:00+09:00,1211.1641619508518,1217.3752602172665,1201.84751455123,1216.754150390625,724000,0.0,0.0
2001-04-30 00:00:00+09:00,1216.754150390625,1216.754150390625,1216.754150390625,1216.754150390625,0,0.0,0.0
2001-05-01 00:00:00+09:00,1227.9340887764556,1273.275104699916,1217.375222054554,1270.1695556640625,896000,0.0,0.0
2001-05-02 00:00:00+09:00,1270.169636146695,1276.3807346119602,1236.0085945877374,1267.0640869140625,1118000,0.0,0.0
2001-05-03 00:00:00+09:00,1267.0640869140625,1267.0640869140625,1267.0640869140625,1267.0640869140625,0,0.0,0.0
2001-05-04 00:00:00+09:00,1267.0640869140625,1267.0640869140625,1267.0640869140625,1267.0640869140625,0,0.0,0.0
2001-05-07 00:00:00+09:00,1276.3810647136927,1338.4920654296875,1273.275514677893,1338.4920654296875,12200,0.0,0.0
2001-05-08 00:00:00+09:00,1301.2255439317805,1360.2309981912167,1282.5922425866952,1344.7032470703125,11800,0.0,0.0
2001-05-09 00:00:00+09:00,1319.8585472296718,1319.8585472296718,1239.1142596344448,1248.430908203125,11100,0.0,0.0
2001-05-10 00:00:00+09:00,1248.4308300300183,1273.2752246574814,1236.008632716287,1260.85302734375,8700,0.0,0.0
2001-05-11 00:00:00+09:00,1273.275190712749,1295.014035432235,1254.641895238904,1285.6973876953125,8200,0.0,0.0
2001-05-14 00:00:00+09:00,1298.1194493946984,1298.1194493946984,1213.6485187163833,1234.1451416015625,4400,0.0,0.0
2001-05-15 00:00:00+09:00,1254.6419286868843,1270.1696753290487,1248.4308300300183,1260.85302734375,565000,0.0,0.0
2001-05-16 00:00:00+09:00,1260.852650756836,1260.852650756836,1237.2504829101563,1242.2193603515625,597000,0.0,0.0
2001-05-17 00:00:00+09:00,1267.064427894662,1267.064427894662,1213.6489667187104,1226.0711669921875,558000,0.0,0.0
2001-05-18 00:00:00+09:00,1226.0710678335336,1233.5243873948316,1211.1644287109375,1211.1644287109375,463000,0.0,0.0
2001-05-21 00:00:00+09:00,1204.953172846655,1241.5986559383832,1199.9842937833698,1236.0086669921875,597000,0.0,0.0
2001-05-22 00:00:00+09:00,1242.2199681862114,1245.325518106677,1198.742269299694,1204.953369140625,1051000,0.0,0.0
2001-05-23 00:00:00+09:00,1223.586433050946,1273.2752222103752,1219.8597738639887,1251.536376953125,1231000,0.0,0.0
2001-05-24 00:00:00+09:00,1254.6415539550783,1254.6415539550783,1230.4182764282227,1242.2193603515625,880000,0.0,0.0
2001-05-25 00:00:00+09:00,1242.2200028366112,1242.2200028366112,1214.2700527727875,1231.6611328125,639000,0.0,0.0
2001-05-28 00:00:00+09:00,1245.3252783081964,1267.0641235654466,1240.9775092567463,1251.536376953125,509000,0.0,0.0
2001-05-29 00:00:00+09:00,1254.6416437596451,1267.0638382523148,1251.5360951364776,1257.7471923828125,375000,0.0,0.0
2001-05-30 00:00:00+09:00,1257.747478015317,1276.3807739859144,1251.5363793584513,1260.85302734375,427000,0.0,0.0
2001-05-31 00:00:00+09:00,1260.8529937301855,1298.1195846778758,1257.7474444845448,1285.6973876953125,983000,0.0,0.0
2001-06-01 00:00:00+09:00,1295.0141187814568,1310.541866009052,1288.8030198904185,1291.9085693359375,898000,0.0,0.0
2001-06-04 00:00:00+09:00,1301.2248111706601,1301.2248111706601,1285.697068793922,1298.1192626953125,398000,0.0,0.0
2001-06-05 00:00:00+09:00,1304.3303596460078,1316.7525535473983,1295.0137142199649,1298.1192626953125,537000,0.0,0.0
2001-06-06 00:00:00+09:00,1298.1195846778758,1298.1195846778758,1273.275190712749,1285.6973876953125,420000,0.0,0.0
2001-06-07 00:00:00+09:00,1288.8029010199134,1319.8583926107547,1285.6973518608293,1301.22509765625,385000,0.0,0.0
2001-06-08 00:00:00+09:00,1301.2248440573926,1304.330392611229,1282.591552734375,1282.591552734375,780000,0.0,0.0
2001-06-11 00:00:00+09:00,1282.5917236328125,1316.7527622767857,1282.5917236328125,1304.33056640625,583000,0.0,0.0
2001-06-12 00:00:00+09:00,1304.3306468153341,1316.7528434516707,1276.380704383577,1301.22509765625,828000,0.0,0.0
2001-06-13 00:00:00+09:00,1285.69730084333,1288.8028498791832,1254.6418104847953,1270.1695556640625,644000,0.0,0.0
2001-06-14 00:00:00+09:00,1270.1699224675742,1285.697672130992,1257.74772273684,1279.486572265625,448000,0.0,0.0
2001-06-15 00:00:00+09:00,1273.2749354986497,1273.2749354986497,1240.9772298177083,1257.7471923828125,865000,0.0,0.0
2001-06-18 00:00:00+09:00,1260.85302734375,1267.0641260006157,1248.4308300300183,1260.85302734375,316000,0.0,0.0
2001-06-19 00:00:00+09:00,1279.4862447599085,1279.4862447599085,1251.5363025200077,1273.275146484375,633000,0.0,0.0
2001-06-20 00:00:00+09:00,1270.169636146695,1270.169636146695,1248.4307915182676,1267.0640869140625,500000,0.0,0.0
2001-06-21 00:00:00+09:00,1267.0641375375187,1267.0641375375187,1239.1141933271324,1241.5986328125,705000,0.0,0.0
2001-06-22 00:00:00+09:00,1242.2193603515625,1248.4304571533203,1238.4927022705078,1242.2193603515625,1125000,0.0,0.0
2001-06-25 00:00:00+09:00,1248.430908203125,1263.9586558175915,1242.2198091573382,1248.430908203125,591000,0.0,0.0
2001-06-26 00:00:00+09:00,1257.7474755980536,1260.853024920518,1248.4308276306606,1251.536376953125,564000,0.0,0.0
2001-06-27 00:00:00+09:00,1226.6920615428714,1248.430908203125,1226.6920615428714,1248.430908203125,759000,0.0,0.0
2001-06-28 00:00:00+09:00,1257.7474755980536,1260.853024920518,1248.4308276306606,1251.536376953125,574000,0.0,0.0
2001-06-29 00:00:00+09:00,1273.275146484375,1273.275146484375,1260.8529499333079,1273.275146484375,377000,0.0,0.0
2001-07-02 00:00:00+09:00,1270.1697127420705,1270.1697127420705,1236.0086691230906,1245.3253173828125,179000,0.0,0.0
2001-07-03 00:00:00+09:00,1257.747439216165,1267.0640869140625,1236.0085945877374,1267.0640869140625,278000,0.0,0.0
2001-07-04 00:00:00+09:00,1245.325103992724,1260.8528484315361,1220.480712890625,1220.480712890625,133000,0.0,0.0
2001-07-05 00:00:00+09:00,1239.1142164067408,1239.7353262896513,1229.1764582801702,1236.0086669921875,207000,0.0,0.0
2001-07-06 00:00:00+09:00,1203.710865535007,1236.0085770973499,1193.151998293472,1234.766357421875,486000,0.0,0.0
2001-07-09 00:00:00+09:00,1216.1331190239473,1237.2508544921875,1204.9531414231144,1237.2508544921875,488000,0.0,0.0
2001-07-10 00:00:00+09:00,1241.598459014355,1241.598459014355,1214.2696285007826,1234.1451416015625,522000,0.0,0.0
2001-07-11 00:00:00+09:00,1234.7661325713734,1260.85274100598,1229.1761450496722,1257.7471923828125,481000,0.0,0.0
2001-07-12 00:00:00+09:00,1270.1696870128787,1329.175124795873,1260.8530389418795,1307.436279296875,712000,0.0,0.0
2001-07-13 00:00:00+09:00,1316.7526519704254,1332.2803955078125,1304.3304571405158,1332.2803955078125,651000,0.0,0.0
2001-07-16 00:00:00+09:00,1332.280681095567,1350.9139773346658,1326.0695823492006,1335.38623046875,941000,0.0,0.0
2001-07-17 00:00:00+09:00,1301.225017438616,1316.7527622767857,1285.6972726004465,1304.33056640625,433000,0.0,0.0
2001-07-18 00:00:00+09:00,1322.9641095966313,1329.1752087027187,1291.9086140661939,1313.6474609375,347000,0.0,0.0
2001-07-19 00:00:00+09:00,1310.5418309625588,1326.0695777749115,1304.330732237618,1316.7529296875,380000,0.0,0.0
2001-07-20 00:00:00+09:00,1316.7529296875,1316.7529296875,1316.7529296875,1316.7529296875,0,0.0,0.0
2001-07-23 00:00:00+09:00,1304.3303596460078,1307.4359081213554,1279.4859718432267,1298.1192626953125,281000,0.0,0.0
2001-07-24 00:00:00+09:00,1273.2746897977943,1322.9634581801472,1273.2746897977943,1319.85791015625,745000,0.0,0.0
2001-07-25 00:00:00+09:00,1295.0138110180835,1338.4914929227673,1295.0138110180835,1332.2803955078125,633000,0.0,0.0
2001-07-26 00:00:00+09:00,1344.702496897721,1397.496821256292,1341.5969484060402,1388.18017578125,1417000,0.0,0.0
2001-07-27 00:00:00+09:00,1385.0751963999862,1403.708495006264,1369.5474475614212,1394.391845703125,775000,0.0,0.0
2001-07-30 00:00:00+09:00,1394.391845703125,1394.391845703125,1360.2307982582824,1394.391845703125,502000,0.0,0.0
2001-07-31 00:00:00+09:00,1403.7082572837062,1431.6582004597092,1372.652764865925,1422.341552734375,823000,0.0,0.0
2001-08-01 00:00:00+09:00,1422.3418353949653,1425.4473852539063,1391.2863368055557,1397.4974365234375,702000,0.0,0.0
2001-08-02 00:00:00+09:00,1397.4974365234375,1400.6029863823785,1391.2863368055557,1397.4974365234375,780000,0.0,0.0
2001-08-03 00:00:00+09:00,1347.8081475619613,1372.6525373787715,1322.963757745151,1350.9136962890625,484000,0.0,0.0
2001-08-06 00:00:00+09:00,1360.2304444439642,1403.7081298828125,1357.1248954840464,1403.7081298828125,454000,0.0,0.0
2001-08-07 00:00:00+09:00,1397.497117858486,1422.341511064859,1391.2860195568926,1419.2359619140625,757000,0.0,0.0
2001-08-08 00:00:00+09:00,1344.7027269566681,1378.863766209609,1344.7027269566681,1369.547119140625,626000,0.0,0.0
2001-08-09 00:00:00+09:00,1344.7025903377223,1354.0192364601544,1322.9637493853802,1332.2803955078125,511000,0.0,0.0
2001-08-10 00:00:00+09:00,1322.9640329760175,1347.8084279614825,1322.9640329760175,1335.38623046875,527000,0.0,0.0
2001-08-13 00:00:00+09:00,1310.541456596703,1313.6470050720507,1273.2748748925314,1298.1192626953125,582000,0.0,0.0
2001-08-14 00:00:00+09:00,1285.697068793922,1329.1747474487888,1279.4859718432267,1298.1192626953125,564000,0.0,0.0
2001-08-15 00:00:00+09:00,1298.119631225876,1310.5418286538747,1295.0140818688762,1307.436279296875,385000,0.0,0.0
2001-08-16 00:00:00+09:00,1282.5917908764588,1285.6973400069103,1248.4307504414926,1263.95849609375,876000,0.0,0.0
2001-08-17 00:00:00+09:00,1263.9581938390468,1263.9581938390468,1231.6604906058133,1232.9027099609375,567000,0.0,0.0
2001-08-20 00:00:00+09:00,1191.9097224108039,1195.0152714530414,1136.6309494589739,1161.475341796875,800000,0.0,0.0
2001-08-21 00:00:00+09:00,1180.108294254097,1214.2693238246104,1168.307211311556,1208.0582275390625,1724000,0.0,0.0
2001-08-22 00:00:00+09:00,1223.586571443938,1223.586571443938,1210.5432628143326,1217.99658203125,1131000,0.0,0.0
2001-08-23 00:00:00+09:00,1219.8596031130724,1220.480712890625,1202.468529341603,1220.480712890625,812000,0.0,0.0
2001-08-24 00:00:00+09:00,1192.5309253246753,1220.4808688869723,1175.139849330357,1195.636474609375,393000,0.0,0.0
2001-08-27 00:00:00+09:00,1211.1641884345,1211.1641884345,1195.6364424289293,1196.878662109375,330000,0.0,0.0
2001-08-28 00:00:00+09:00,1196.2577895883412,1211.1644287109375,1183.835590319511,1211.1644287109375,395000,0.0,0.0
2001-08-29 00:00:00+09:00,1202.4686489044157,1202.4686489044157,1163.3387290278774,1163.9598388671875,347000,0.0,0.0
2001-08-30 00:00:00+09:00,1126.6933348913817,1126.6933348913817,1062.097906650641,1090.0478515625,800000,0.0,0.0
2001-08-31 00:00:00+09:00,1108.6810824007603,1173.8976166596285,1104.333313450169,1149.05322265625,801000,0.0,0.0
2001-09-03 00:00:00+09:00,1149.674235071761,1151.5375644640976,1105.575439453125,1105.575439453125,496000,0.0,0.0
2001-09-04 00:00:00+09:00,1124.2086501670094,1127.9353086758504,1105.5753576228049,1122.9664306640625,897000,0.0,0.0
2001-09-05 00:00:00+09:00,1141.5999479739955,1145.9477170903276,1117.9977727710511,1128.556640625,879000,0.0,0.0
2001-09-06 00:00:00+09:00,1139.7363556546084,1139.7363556546084,1119.2397345447434,1129.177490234375,332000,0.0,0.0
2001-09-07 00:00:00+09:00,1117.9976895960365,1147.1898514910442,1099.9855045969894,1145.9476318359375,539000,0.0,0.0
2001-09-10 00:00:00+09:00,1090.0480788608768,1090.0480788608768,1053.402587890625,1053.402587890625,445000,0.0,0.0
2001-09-11 00:00:00+09:00,1072.0356280510287,1075.762287244717,1031.663486786071,1039.7379150390625,393000,0.0,0.0
2001-09-12 00:00:00+09:00,946.5711456534182,973.8999713809447,946.5711456534182,966.4466552734375,188000,0.0,0.0
2001-09-13 00:00:00+09:00,962.7203583567774,1005.5769420513694,962.7203583567774,990.0491943359375,438000,0.0,0.0
2001-09-14 00:00:00+09:00,1027.3158644980967,1027.3158644980967,996.8814767348521,1022.3469848632812,563000,0.0,0.0
2001-09-17 00:00:00+09:00,1021.1044501816085,1030.4210966248713,1002.4711572950828,1017.9989013671875,444000,0.0,0.0
2001-09-18 00:00:00+09:00,1024.8315470851617,1032.9059774561356,1013.0304565429689,1013.0304565429688,683000,0.0,0.0
2001-09-19 00:00:00+09:00,1027.9367450567393,1044.0856002660898,1012.4089996631328,1033.5267333984375,330000,0.0,0.0
2001-09-20 00:00:00+09:00,1019.2413304391218,1019.2413304391218,975.1425282080569,988.8069458007812,369000,0.0,0.0
2001-09-21 00:00:00+09:00,995.6392220861218,995.6392220861218,956.5092963272785,974.521484375,613000,0.0,0.0
2001-09-24 00:00:00+09:00,974.521484375,974.521484375,974.521484375,974.521484375,0,0.0,0.0
2001-09-25 00:00:00+09:00,1068.105443676098,1089.9417115082613,923.3621826171875,923.3621826171875,1188000,7.0,0.0
2001-09-26 00:00:00+09:00,923.9859849600253,935.216064453125,892.1674263962433,935.216064453125,828000,0.0,0.0
2001-09-27 00:00:00+09:00,937.7115436882373,970.1539923055282,921.4903193795917,942.0787963867188,423000,0.0,0.0
2001-09-28 00:00:00+09:00,942.0787963867188,942.0787963867188,942.0787963867188,942.0787963867188,0,0.0,0.0
2001-10-01 00:00:00+09:00,1059.9944894906316,1065.6095279870503,1030.0476175097308,1049.3883056640625,440000,0.0,0.0
2001-10-02 00:00:00+09:00,1049.3885235906414,1066.233642578125,1036.9106576739869,1066.233642578125,288000,0.0,0.0
2001-10-03 00:00:00+09:00,1065.6098964051143,1073.7205103707272,1030.0479736328125,1030.0479736328125,295000,0.0,0.0
2001-10-04 00:00:00+09:00,1061.2426471710205,1078.0877685546875,1060.6187537864403,1078.0877685546875,444000,0.0,0.0
2001-10-05 00:00:00+09:00,1035.6630598364163,1036.2869532459563,957.0524902343751,957.052490234375,890000,0.0,0.0
2001-10-08 00:00:00+09:00,957.0524902343751,957.0524902343751,957.0524902343751,957.052490234375,0,0.0,0.0
2001-10-09 00:00:00+09:00,994.4860440368846,997.6055109253315,982.6320698607861,991.3665771484375,271000,0.0,0.0
2001-10-10 00:00:00+09:00,1010.0836243357315,1010.0836243357315,1001.3491149220811,1005.7163696289062,399000,0.0,0.0
2001-10-11 00:00:00+09:00,1024.4326537564589,1025.6804401800355,1010.083109885327,1022.5609741210938,366000,0.0,0.0
2001-10-12 00:00:00+09:00,1004.4681645513923,1031.919468427331,982.6319001046229,996.9814453125,516000,0.0,0.0
2001-10-15 00:00:00+09:00,996.3575076741018,996.3575076741018,957.052233420208,979.5123901367188,484000,0.0,0.0
2001-10-16 00:00:00+09:00,978.2648097278226,978.2648097278226,964.5391555097026,967.0347290039062,288000,0.0,0.0
2001-10-17 00:00:00+09:00,967.0347432070558,995.1099454291962,967.0347432070558,991.990478515625,317000,0.0,0.0
2001-10-18 00:00:00+09:00,975.7689754500058,1021.9370727539062,967.6583637614826,1021.9370727539062,644000,0.0,0.0
2001-10-19 00:00:00+09:00,1042.5259077986316,1081.2072999491493,1035.6630801590236,1054.3798828125,1555000,0.0,0.0
2001-10-22 00:00:00+09:00,1084.9505149832428,1085.5744083213583,1071.8487548828125,1071.8487548828125,922000,0.0,0.0
2001-10-23 00:00:00+09:00,1090.5652830632164,1097.4281080710512,1076.8396330475466,1088.693603515625,732000,0.0,0.0
2001-10-24 00:00:00+09:00,1079.3353998009811,1094.3088388733647,1073.7203601488375,1084.950439453125,494000,0.0,0.0
2001-10-25 00:00:00+09:00,1066.2336014619464,1077.4636803538804,1055.0035225700126,1072.4725341796875,512000,0.0,0.0
2001-10-26 00:00:00+09:00,1076.8401666456652,1076.8401666456652,1049.3888530115928,1063.7384033203125,401000,0.0,0.0
2001-10-29 00:00:00+09:00,1060.618860153925,1060.618860153925,1041.9020567394439,1048.1409912109375,148000,0.0,0.0
2001-10-30 00:00:00+09:00,1040.65390625,1060.6184895833333,1040.65390625,1057.4990234375,401000,0.0,0.0
2001-10-31 00:00:00+09:00,1053.7557044893151,1060.6185302734375,1041.9017326803769,1060.6185302734375,629000,0.0,0.0
2001-11-01 00:00:00+09:00,1059.3708932859088,1059.9947866270666,1020.0656127929688,1020.0656127929688,245000,0.0,0.0
2001-11-02 00:00:00+09:00,1038.7821529222572,1057.498948470406,1014.4503187096637,1033.1671142578125,359000,0.0,0.0
2001-11-05 00:00:00+09:00,1013.8266268818724,1014.4505201907227,969.5302019534952,987.6231079101562,795000,0.0,0.0
2001-11-06 00:00:00+09:00,1001.348653414272,1001.348653414272,977.0168169761682,988.8707885742188,496000,0.0,0.0
2001-11-07 00:00:00+09:00,982.6319698879408,982.6319698879408,948.3178376061397,955.1806640625,469000,0.0,0.0
2001-11-08 00:00:00+09:00,983.2559711576258,1003.8444527871953,973.2736770341982,991.990478515625,291000,0.0,0.0
2001-11-09 00:00:00+09:00,991.990478515625,991.990478515625,991.990478515625,991.990478515625,0,0.0,0.0
2001-11-12 00:00:00+09:00,978.8885993370643,979.5124926444812,960.1718001145583,973.2735595703125,637000,0.0,0.0
2001-11-13 00:00:00+09:00,973.2735595703125,973.2735595703125,957.6762268848909,973.2735595703125,455000,0.0,0.0
2001-11-14 00:00:00+09:00,980.7602815128021,1004.4682272491166,979.5124948951012,987.6231079101562,421000,0.0,0.0
2001-11-15 00:00:00+09:00,995.1100545247396,1029.4241943359375,988.8711200136127,1029.4241943359375,313000,0.0,0.0
2001-11-16 00:00:00+09:00,1048.1406666825458,1050.012346444479,998.8530996183069,1023.1849365234375,490000,0.0,0.0
2001-11-19 00:00:00+09:00,1010.7073460820895,1048.1409514925374,1005.0923052705224,1045.021484375,381000,0.0,0.0
2001-11-20 00:00:00+09:00,1045.02096964641,1045.02096964641,1019.4413518819308,1033.7908935546875,604000,0.0,0.0
2001-11-21 00:00:00+09:00,1026.304402793326,1033.7911218410584,1016.9460039836604,1023.1849365234375,423000,0.0,0.0
2001-11-22 00:00:00+09:00,1010.7074952357025,1028.8004071874527,1010.7074952357025,1028.176513671875,162000,0.0,0.0
2001-11-23 00:00:00+09:00,1028.176513671875,1028.176513671875,1028.176513671875,1028.176513671875,0,0.0,0.0
2001-11-26 00:00:00+09:00,1046.8932350744858,1053.1321697292801,1024.4330703172263,1031.2958984375,311000,0.0,0.0
2001-11-27 00:00:00+09:00,1050.0126525554444,1058.7471606575098,1043.7737181968262,1056.2515869140625,171000,0.0,0.0
2001-11-28 00:00:00+09:00,1059.9950855994591,1059.9950855994591,1007.5880301607572,1013.8269653320312,256000,0.0,0.0
2001-11-29 00:00:00+09:00,1012.578929452335,1023.1851166369868,1008.2116759057138,1018.1939697265625,333000,0.0,0.0
2001-11-30 00:00:00+09:00,1018.1938933228416,1046.8929859042453,1016.9461066888675,1040.654052734375,313000,0.0,0.0
2001-12-03 00:00:00+09:00,1053.1320287657102,1053.1320287657102,1017.5701059934084,1030.0479736328125,260000,0.0,0.0
2001-12-04 00:00:00+09:00,1045.0211104307743,1053.755615234375,1020.6892756207444,1053.755615234375,286000,0.0,0.0
2001-12-05 00:00:00+09:00,1035.0392592303767,1050.6365958673625,1023.1852833862674,1031.2958984375,330000,0.0,0.0
2001-12-06 00:00:00+09:00,1042.5259313251024,1057.4993737857862,1041.278144453379,1056.2515869140625,372000,0.0,0.0
2001-12-07 00:00:00+09:00,1037.5348026093982,1048.1409912109375,1031.2958681379046,1048.1409912109375,456000,0.0,0.0
2001-12-10 00:00:00+09:00,1029.4237037941261,1041.9015668704187,1010.7069091796876,1010.7069091796875,785000,0.0,0.0
2001-12-11 00:00:00+09:00,998.2289240910458,1038.1580810546875,998.2289240910458,1038.1580810546875,587000,0.0,0.0
2001-12-12 00:00:00+09:00,1023.8093011212494,1026.3048752860789,948.318182635161,1016.9464721679688,551000,0.0,0.0
2001-12-13 00:00:00+09:00,998.853012344843,1026.304313121341,998.853012344843,1025.680419921875,398000,0.0,0.0
2001-12-14 00:00:00+09:00,988.2470258139624,1032.543451844765,988.2470258139624,1013.2027587890625,981000,0.0,0.0
2001-12-17 00:00:00+09:00,975.7692348374527,1009.4594769609965,970.1541944835288,990.74267578125,344000,0.0,0.0
2001-12-18 00:00:00+09:00,980.760389727718,991.3665771484376,960.7958016416576,991.3665771484375,378000,0.0,0.0
2001-12-19 00:00:00+09:00,980.7602882599965,998.2293010279863,980.7602882599965,997.6054077148438,218000,0.0,0.0
2001-12-20 00:00:00+09:00,1016.3220622731816,1028.7999267578125,1002.5964113400877,1028.7999267578125,316000,0.0,0.0
2001-12-21 00:00:00+09:00,1028.8000164739267,1028.8000164739267,1004.4681786070478,1026.304443359375,293000,0.0,0.0
2001-12-24 00:00:00+09:00,1026.304443359375,1026.304443359375,1026.304443359375,1026.304443359375,0,0.0,0.0
2001-12-25 00:00:00+09:00,1029.4243007030302,1029.4243007030302,989.4951157060642,1028.176513671875,230000,0.0,0.0
2001-12-26 00:00:00+09:00,1026.9279112107683,1026.9279112107683,1008.2111206054689,1008.2111206054688,375000,0.0,0.0
2001-12-27 00:00:00+09:00,1020.6896044774358,1035.6630461079117,998.8533354329919,1032.5435791015625,287000,0.0,0.0
2001-12-28 00:00:00+09:00,1041.9018306828996,1106.162841796875,1028.8000711353902,1106.162841796875,336000,0.0,0.0
2001-12-31 00:00:00+09:00,1106.162841796875,1106.162841796875,1106.162841796875,1106.162841796875,0,0.0,0.0
2002-01-01 00:00:00+09:00,1106.162841796875,1106.162841796875,1106.162841796875,1106.162841796875,0,0.0,0.0
2002-01-02 00:00:00+09:00,1106.162841796875,1106.162841796875,1106.162841796875,1106.162841796875,0,0.0,0.0
2002-01-03 00:00:00+09:00,1106.162841796875,1106.162841796875,1106.162841796875,1106.162841796875,0,0.0,0.0
2002-01-04 00:00:00+09:00,1091.8131908224948,1122.3839601655247,1091.8131908224948,1116.7689208984375,217000,0.0,0.0
2002-01-07 00:00:00+09:00,1060.6186009605017,1091.813265694634,1033.1672959944653,1084.950439453125,428000,0.0,0.0
2002-01-08 00:00:00+09:00,1078.7116748075614,1078.7116748075614,1040.6541778941657,1059.994873046875,348000,0.0,0.0
2002-01-09 00:00:00+09:00,1054.3799256824311,1055.62771257673,1043.773737080892,1048.1409912109375,360000,0.0,0.0
2002-01-10 00:00:00+09:00,1066.85776230259,1069.3533360155784,1041.9020251727047,1045.6453857421875,337000,0.0,0.0
2002-01-11 00:00:00+09:00,1064.3617735047271,1064.3617735047271,1030.047648333121,1033.1671142578125,325000,0.0,0.0
2002-01-14 00:00:00+09:00,1033.1671142578125,1033.1671142578125,1033.1671142578125,1033.1671142578125,0,0.0,0.0
2002-01-15 00:00:00+09:00,1018.193627025463,1033.167062717014,1010.7069091796876,1010.7069091796875,235000,0.0,0.0
2002-01-16 00:00:00+09:00,1015.07416125639,1028.7998106403115,1010.7069091796876,1010.7069091796875,357000,0.0,0.0
2002-01-17 00:00:00+09:00,1010.7072494380569,1013.8267162573102,973.2736476070178,980.136474609375,649000,0.0,0.0
2002-01-18 00:00:00+09:00,973.2733634748542,1069.976806640625,973.2733634748542,1069.976806640625,506000,0.0,0.0
2002-01-21 00:00:00+09:00,1055.6274238054143,1080.583154864644,1049.3884910406068,1073.096435546875,640000,0.0,0.0
2002-01-22 00:00:00+09:00,1060.6188229480422,1060.6188229480422,1029.4241516848645,1035.6630859375,386000,0.0,0.0
2002-01-23 00:00:00+09:00,1036.910872788027,1053.755995270143,1035.6630859375,1035.6630859375,217000,0.0,0.0
2002-01-24 00:00:00+09:00,1020.0656127929688,1032.5434796161244,1012.5788926990754,1020.0656127929688,399000,0.0,0.0
2002-01-25 00:00:00+09:00,1035.6628016029915,1035.6628016029915,1009.4592849359279,1023.1849365234375,450000,0.0,0.0
2002-01-28 00:00:00+09:00,1016.9462440698169,1032.5435791015625,1016.9462440698169,1032.5435791015625,393000,0.0,0.0
2002-01-29 00:00:00+09:00,1041.9016188469486,1041.9016188469486,1026.3042892234914,1033.1671142578125,260000,0.0,0.0
2002-01-30 00:00:00+09:00,1038.7825422389533,1044.3975830078125,1025.6807804449484,1044.3975830078125,320000,0.0,0.0
2002-01-31 00:00:00+09:00,1044.3975830078125,1044.3975830078125,1044.3975830078125,1044.3975830078125,0,0.0,0.0
2002-02-01 00:00:00+09:00,1041.9018329479607,1043.1496195742457,988.8709013308489,997.6054077148438,430000,0.0,0.0
2002-02-04 00:00:00+09:00,1016.3223145617008,1016.3223145617008,967.0347376124225,982.0081787109375,247000,0.0,0.0
2002-02-05 00:00:00+09:00,982.0081661744208,991.3665667415214,947.6940307617186,947.6940307617188,260000,0.0,0.0
2002-02-06 00:00:00+09:00,1003.8442787444577,1029.4239030008423,988.8708401553545,1006.9637451171875,644000,0.0,0.0
2002-02-07 00:00:00+09:00,1025.6807993081518,1025.6807993081518,945.8224402379308,959.548095703125,716000,0.0,0.0
2002-02-08 00:00:00+09:00,958.9239860539386,1015.6982754039116,953.9328397374575,1008.83544921875,721000,0.0,0.0
2002-02-11 00:00:00+09:00,1008.83544921875,1008.83544921875,1008.83544921875,1008.83544921875,0,0.0,0.0
2002-02-12 00:00:00+09:00,1019.4420069861778,1023.8092616060696,1007.5880301607572,1013.8269653320312,448000,0.0,0.0
2002-02-13 00:00:00+09:00,1013.8269653320312,1020.6897940204326,998.8535209209736,1013.8269653320312,312000,0.0,0.0
2002-02-14 00:00:00+09:00,1014.4500508072354,1024.4323391300618,994.4854741615825,1008.2111206054688,329000,0.0,0.0
2002-02-15 00:00:00+09:00,990.7426539268471,1029.424042178399,990.7426539268471,1017.570068359375,400000,0.0,0.0
2002-02-18 00:00:00+09:00,1036.2866948569692,1042.5256273967464,1012.5787512058165,1023.1849365234375,377000,0.0,0.0
2002-02-19 00:00:00+09:00,1016.9460008028295,1020.0654670629609,998.2292032420412,999.4769897460938,257000,0.0,0.0
2002-02-20 00:00:00+09:00,999.4769055443089,1025.680419921875,992.6140803501844,1025.680419921875,364000,0.0,0.0
2002-02-21 00:00:00+09:00,1043.1496017501877,1043.1496017501877,1026.9283758856513,1038.7823486328125,340000,0.0,0.0
2002-02-22 00:00:00+09:00,1035.039054474871,1035.6629478169293,1008.8355341084184,1034.4151611328125,335000,0.0,0.0
2002-02-25 00:00:00+09:00,1029.423980987165,1045.021314032425,1021.3133678036296,1041.2779541015625,551000,0.0,0.0
2002-02-26 00:00:00+09:00,1054.379508434632,1059.3706540366895,1051.2600424333461,1053.755615234375,458000,0.0,0.0
2002-02-27 00:00:00+09:00,1060.6184895833333,1085.57421875,1057.4990234375,1085.57421875,333000,0.0,0.0
2002-02-28 00:00:00+09:00,1123.0078941068941,1134.8618663224668,1119.888427734375,1119.888427734375,906000,0.0,0.0
2002-03-01 00:00:00+09:00,1116.7690323656113,1134.8619384765625,1104.9150593963675,1134.8619384765625,665000,0.0,0.0
2002-03-04 00:00:00+09:00,1157.321996253051,1212.84849634282,1152.9547434370018,1174.1671142578125,807000,0.0,0.0
2002-03-05 00:00:00+09:00,1156.074421432783,1167.9283955327414,1116.7691388908158,1124.255859375,444000,0.0,0.0
2002-03-06 00:00:00+09:00,1140.4772045685215,1174.167450217701,1138.6055242546781,1142.9727783203125,424000,0.0,0.0
2002-03-07 00:00:00+09:00,1154.2027472400562,1166.0567214009,1120.5125048881841,1134.2381591796875,474000,0.0,0.0
2002-03-08 00:00:00+09:00,1078.0879891304348,1110.5304517663044,1059.371183763587,1076.21630859375,1561000,0.0,0.0
2002-03-11 00:00:00+09:00,1094.9330660574778,1101.172000906808,1067.481752720424,1091.8135986328125,691000,0.0,0.0
2002-03-12 00:00:00+09:00,1091.1893405648166,1091.8132338412972,1073.096435546875,1073.096435546875,771000,0.0,0.0
2002-03-13 00:00:00+09:00,1073.0965052177007,1076.839865119623,1038.7823727834138,1040.654052734375,424000,0.0,0.0
2002-03-14 00:00:00+09:00,1040.6536533649153,1042.525332597586,1028.799684891334,1038.1580810546875,640000,0.0,0.0
2002-03-15 00:00:00+09:00,1056.8754994710287,1065.6100077311198,1038.782589503697,1048.1409912109375,452000,0.0,0.0
2002-03-18 00:00:00+09:00,1051.260349721015,1063.73821737349,1045.0214158947776,1058.7470703125,613000,0.0,0.0
2002-03-19 00:00:00+09:00,1108.6582682291667,1108.6582682291667,1060.6184895833333,1085.57421875,1133000,0.0,0.0
2002-03-20 00:00:00+09:00,1066.8573883626204,1069.9768544104645,1015.0742519684114,1036.28662109375,707000,0.0,0.0
2002-03-21 00:00:00+09:00,1036.28662109375,1036.28662109375,1036.28662109375,1036.28662109375,0,0.0,0.0
2002-03-22 00:00:00+09:00,1054.3795572916667,1064.9857421875,1042.5255859375,1057.4990234375,801000,0.0,0.0
2002-03-25 00:00:00+09:00,1076.2160082496225,1076.2160082496225,1051.8841680631094,1071.8487548828125,825000,0.0,0.0
2002-03-26 00:00:00+09:00,1099.4122003512718,1103.170874540507,1083.7510578961255,1094.400634765625,1006000,7.0,0.0
2002-03-27 00:00:00+09:00,1102.5448290794682,1116.3266394429616,1091.2688024184283,1107.556396484375,773000,0.0,0.0
2002-03-28 00:00:00+09:00,1088.136368248981,1088.7628140568386,1070.5958856289628,1080.6190185546875,588000,0.0,0.0
2002-03-29 00:00:00+09:00,1118.2055639690218,1118.2055639690218,1098.1593017578125,1098.1593017578125,446000,0.0,0.0
2002-04-01 00:00:00+09:00,1096.9064587896269,1096.9064587896269,1059.3197154844427,1083.7510986328125,219000,0.0,0.0
2002-04-02 00:00:00+09:00,1094.4006275217346,1094.4006275217346,1054.9345487959936,1066.2105712890625,533000,0.0,0.0
2002-04-03 00:00:00+09:00,1066.2107453574351,1121.3379754346704,1066.2107453574351,1100.038818359375,673000,0.0,0.0
2002-04-04 00:00:00+09:00,1118.8321570523121,1142.0106507874384,1100.0387837535611,1126.9759521484375,609000,0.0,0.0
2002-04-05 00:00:00+09:00,1131.987480484768,1156.4188649556622,1131.987480484768,1145.769287109375,402000,0.0,0.0
2002-04-08 00:00:00+09:00,1147.022307017036,1167.068573442238,1144.5165237138856,1162.0570068359375,848000,0.0,0.0
2002-04-09 00:00:00+09:00,1196.5116597128267,1214.6785906718173,1165.1893649559465,1186.488525390625,1308000,0.0,0.0
2002-04-10 00:00:00+09:00,1167.6950791897714,1183.3562256381322,1142.01079901446,1172.0802001953125,468000,0.0,0.0
2002-04-11 00:00:00+09:00,1177.7180558488176,1186.4882966902449,1158.9246826171875,1158.9246826171875,506000,0.0,0.0
2002-04-12 00:00:00+09:00,1158.9248597721537,1158.9248597721537,1115.0736488618559,1124.4703369140625,554000,0.0,0.0
2002-04-15 00:00:00+09:00,1111.9411937198693,1136.9990234375,1108.8089650051654,1136.9990234375,418000,0.0,0.0
2002-04-16 00:00:00+09:00,1137.6256151745965,1153.9132065812814,1125.72314453125,1125.72314453125,479000,0.0,0.0
2002-04-17 00:00:00+09:00,1106.9295510200386,1130.7344876011146,1106.9295510200386,1114.4468994140625,556000,0.0,0.0
2002-04-18 00:00:00+09:00,1118.205707281989,1158.9246826171875,1113.8205868612754,1158.9246826171875,701000,0.0,0.0
2002-04-19 00:00:00+09:00,1152.6605366866677,1153.9134285743705,1123.2175773256495,1128.8555908203125,511000,0.0,0.0
2002-04-22 00:00:00+09:00,1165.1891989291598,1165.1891989291598,1127.6024505766063,1140.7578125,315000,0.0,0.0
2002-04-23 00:00:00+09:00,1140.7579768228813,1158.9249078101761,1135.7464096539725,1158.2984619140625,400000,0.0,0.0
2002-04-24 00:00:00+09:00,1152.6605867084704,1153.2870326795078,1141.3845592298007,1142.637451171875,199000,0.0,0.0
2002-04-25 00:00:00+09:00,1153.91329213018,1162.6835343070652,1143.8901582137398,1152.660400390625,297000,0.0,0.0
2002-04-26 00:00:00+09:00,1133.8671393767786,1134.4935853101358,1122.5911125763464,1128.2291259765625,421000,0.0,0.0
2002-04-29 00:00:00+09:00,1128.2291259765625,1128.2291259765625,1128.2291259765625,1128.2291259765625,0,0.0,0.0
2002-04-30 00:00:00+09:00,1138.8785506002018,1159.551263564892,1115.0736083984375,1115.0736083984375,580000,0.0,0.0
2002-05-01 00:00:00+09:00,1133.8672341381593,1143.2639239238347,1115.0738545668084,1131.3614501953125,748000,0.0,0.0
2002-05-02 00:00:00+09:00,1140.131421582452,1164.5628091877904,1131.987625714006,1162.6834716796875,386000,0.0,0.0
2002-05-03 00:00:00+09:00,1162.6834716796875,1162.6834716796875,1162.6834716796875,1162.6834716796875,0,0.0,0.0
2002-05-06 00:00:00+09:00,1162.6834716796875,1162.6834716796875,1162.6834716796875,1162.6834716796875,0,0.0,0.0
2002-05-07 00:00:00+09:00,1168.9482533724577,1190.2474176889975,1167.6953613538376,1189.6209716796875,1156000,0.0,0.0
2002-05-08 00:00:00+09:00,1188.36796491907,1193.3795325096617,1174.5861540449428,1177.7183837890625,634000,0.0,0.0
2002-05-09 00:00:00+09:00,1190.247371030117,1205.9085206489342,1183.98291118259,1192.126708984375,612000,0.0,0.0
2002-05-10 00:00:00+09:00,1192.7527237178647,1202.7758558499474,1183.982483102292,1194.005615234375,541000,0.0,0.0
2002-05-13 00:00:00+09:00,1194.0056836600095,1200.2701416015625,1187.114779924301,1200.2701416015625,368000,0.0,0.0
2002-05-14 00:00:00+09:00,1197.7641865290707,1197.7641865290707,1169.5741298377484,1194.6319580078125,674000,0.0,0.0
2002-05-15 00:00:00+09:00,1187.1148417143788,1189.6206250214277,1137.6256214001646,1142.0107421875,916000,0.0,0.0
2002-05-16 00:00:00+09:00,1150.154886564327,1150.154886564327,1125.0970458984375,1125.0970458984375,1498000,0.0,0.0
2002-05-17 00:00:00+09:00,1143.2636799951254,1150.7810302197508,1138.8785590307605,1139.5050048828125,1637000,0.0,0.0
2002-05-20 00:00:00+09:00,1121.338201904297,1148.9018225097657,1118.2059722900392,1127.6026611328125,1267000,0.0,0.0
2002-05-21 00:00:00+09:00,1131.9873740868577,1140.1311681450366,1130.1080369965086,1138.2518310546875,886000,0.0,0.0
2002-05-22 00:00:00+09:00,1154.539376272746,1176.4649748454785,1148.9013652111862,1160.8038330078125,694000,0.0,0.0
2002-05-23 00:00:00+09:00,1166.4420872202252,1222.8222095885496,1161.4305207874852,1200.8966064453125,1512000,0.0,0.0
2002-05-24 00:00:00+09:00,1238.4831624155656,1365.6516409033552,1229.0864768130195,1318.668212890625,4464000,0.0,0.0
2002-05-27 00:00:00+09:00,1303.0071982493857,1303.0071982493857,1271.6849098299294,1274.817138671875,1043000,0.0,0.0
2002-05-28 00:00:00+09:00,1259.1562871518342,1296.7430419921875,1259.1562871518342,1296.7430419921875,750000,0.0,0.0
2002-05-29 00:00:00+09:00,1296.7426652931085,1324.9327232342632,1290.478207972852,1312.40380859375,888000,0.0,0.0
2002-05-30 00:00:00+09:00,1303.0074057960048,1309.2718644777165,1281.0818004100145,1293.6107177734375,840000,0.0,0.0
2002-05-31 00:00:00+09:00,1306.1397181068978,1309.2719476467225,1277.9496522484756,1284.214111328125,388000,0.0,0.0
2002-06-03 00:00:00+09:00,1299.874893953237,1318.6682659140065,1299.874893953237,1312.40380859375,350000,0.0,0.0
2002-06-04 00:00:00+09:00,1312.4042144341493,1324.9331329490337,1296.7430662905435,1321.8009033203125,483000,0.0,0.0
2002-06-05 00:00:00+09:00,1312.4040265561262,1343.726318359375,1306.1395681954764,1343.726318359375,829000,0.0,0.0
2002-06-06 00:00:00+09:00,1343.726629058059,1362.5200084854444,1324.9332496306736,1349.9910888671875,708000,0.0,0.0
2002-06-07 00:00:00+09:00,1324.932712770858,1328.06494140625,1306.1393409585053,1328.06494140625,683000,0.0,0.0
2002-06-10 00:00:00+09:00,1303.0071710324755,1312.4038573620367,1265.420425714231,1277.9493408203125,641000,0.0,0.0
2002-06-11 00:00:00+09:00,1306.138941544753,1331.1967629652756,1296.7422585120569,1303.0067138671875,375000,0.0,0.0
2002-06-12 00:00:00+09:00,1299.875271562217,1312.4041898423347,1287.3463532820992,1296.7430419921875,359000,0.0,0.0
2002-06-13 00:00:00+09:00,1290.4782945623444,1296.7427523029382,1250.3857650225434,1259.156005859375,494000,0.0,0.0
2002-06-14 00:00:00+09:00,1252.26532055347,1265.4206841010553,1196.5116369470372,1205.9083251953125,1735000,0.0,0.0
2002-06-17 00:00:00+09:00,1220.9431116795452,1220.9431116795452,1196.5117205274148,1204.655517578125,664000,0.0,0.0
2002-06-18 00:00:00+09:00,1223.448793173944,1226.5810225471494,1185.2355948208408,1213.4256591796875,457000,0.0,0.0
2002-06-19 00:00:00+09:00,1225.954567154594,1225.954567154594,1152.660400390625,1152.660400390625,844000,0.0,0.0
2002-06-20 00:00:00+09:00,1183.9826220850791,1251.6387719185122,1171.4537054492582,1242.8685302734375,931000,0.0,0.0
2002-06-21 00:00:00+09:00,1214.6783640479641,1221.5692676088345,1186.4883040262218,1195.258544921875,350000,0.0,0.0
2002-06-24 00:00:00+09:00,1190.2470452724358,1221.5693359375,1177.7181290064102,1221.5693359375,470000,0.0,0.0
2002-06-25 00:00:00+09:00,1222.1959169029583,1237.2306180847477,1205.90832395602,1234.098388671875,525000,0.0,0.0
2002-06-26 00:00:00+09:00,1217.1842602885818,1218.43715196155,1175.212389244148,1190.87353515625,523000,0.0,0.0
2002-06-27 00:00:00+09:00,1247.253577353395,1274.8171923225307,1228.4602035108023,1268.552734375,868000,0.0,0.0
2002-06-28 00:00:00+09:00,1256.0238329600588,1281.0816650390625,1240.9891337126567,1281.0816650390625,432000,0.0,0.0
2002-07-01 00:00:00+09:00,1256.0237503998333,1281.08158083175,1247.2535097486623,1262.2882080078125,396000,0.0,0.0
2002-07-02 00:00:00+09:00,1262.2882383026347,1299.874984852589,1252.891551665146,1287.3460693359375,412000,0.0,0.0
2002-07-03 00:00:00+09:00,1306.138941544753,1331.1967629652756,1299.874486189622,1303.0067138671875,853000,0.0,0.0
2002-07-04 00:00:00+09:00,1312.4040796069964,1343.7263726763758,1293.610703765369,1337.4619140625,690000,0.0,0.0
2002-07-05 00:00:00+09:00,1324.9329025913294,1353.1229643485917,1303.0072990023475,1334.32958984375,539000,0.0,0.0
2002-07-08 00:00:00+09:00,1343.7261451272404,1343.7261451272404,1277.9493408203125,1277.9493408203125,530000,0.0,0.0
2002-07-09 00:00:00+09:00,1290.478207972852,1328.0649518943915,1287.3459793127238,1312.40380859375,465000,0.0,0.0
2002-07-10 00:00:00+09:00,1312.4040796069964,1362.5197485180036,1303.0073916861827,1337.4619140625,648000,0.0,0.0
2002-07-11 00:00:00+09:00,1331.1977094398019,1349.9910888671875,1328.0654795352377,1349.9910888671875,663000,0.0,0.0
2002-07-12 00:00:00+09:00,1368.7841097692929,1378.1807970217137,1334.32958984375,1334.32958984375,978000,0.0,0.0
2002-07-15 00:00:00+09:00,1309.2717682181053,1328.0651428815231,1290.4783935546875,1290.4783935546875,326000,0.0,0.0
2002-07-16 00:00:00+09:00,1290.4782828816033,1328.065028984951,1271.6849098299294,1274.817138671875,746000,0.0,0.0
2002-07-17 00:00:00+09:00,1249.759480794271,1252.8917100694446,1219.0636338975696,1240.36279296875,1126000,0.0,0.0
2002-07-18 00:00:00+09:00,1244.7477157891965,1277.9493408203125,1244.7477157891965,1277.9493408203125,872000,0.0,0.0
2002-07-19 00:00:00+09:00,1265.4208095471665,1265.4208095471665,1228.4604987732641,1242.2423095703125,363000,0.0,0.0
2002-07-22 00:00:00+09:00,1239.1100059546495,1284.214111328125,1237.2306682307546,1284.214111328125,708000,0.0,0.0
2002-07-23 00:00:00+09:00,1221.5695127506845,1230.9662013103052,1215.3050537109375,1215.3050537109375,858000,0.0,0.0
2002-07-24 00:00:00+09:00,1215.9314824620926,1215.9314824620926,1159.551351899708,1186.488525390625,1252000,0.0,0.0
2002-07-25 00:00:00+09:00,1234.0981831740532,1234.0981831740532,1175.2122800175248,1195.258544921875,621000,0.0,0.0
2002-07-26 00:00:00+09:00,1240.362767021437,1251.6387921761775,1167.068603515625,1167.068603515625,662000,0.0,0.0
2002-07-29 00:00:00+09:00,1183.3560678183067,1183.3560678183067,1158.9246826171875,1158.9246826171875,386000,0.0,0.0
2002-07-30 00:00:00+09:00,1175.8389217170345,1183.9827181913665,1167.0686793600614,1169.574462890625,469000,0.0,0.0
2002-07-31 00:00:00+09:00,1177.7181586631114,1193.3793043900146,1165.815687910665,1178.3446044921875,622000,0.0,0.0
2002-08-01 00:00:00+09:00,1178.9709121595645,1178.9709121595645,1139.5048295527354,1145.769287109375,329000,0.0,0.0
2002-08-02 00:00:00+09:00,1128.2286428769078,1143.2633388397317,1121.3377405606136,1136.3724365234375,594000,0.0,0.0
2002-08-05 00:00:00+09:00,1117.579619871018,1132.6143232773545,1115.700281945226,1130.7349853515625,446000,0.0,0.0
2002-08-06 00:00:00+09:00,1149.5279330668477,1149.5279330668477,1108.1825142208465,1108.8089599609375,429000,0.0,0.0
2002-08-07 00:00:00+09:00,1115.0733706121575,1146.3956563035103,1115.0733706121575,1143.263427734375,438000,0.0,0.0
2002-08-08 00:00:00+09:00,1124.4705443524838,1135.1201261095825,1121.3383144239253,1131.3614501953125,422000,0.0,0.0
2002-08-09 00:00:00+09:00,1168.9481115096655,1182.7299220419338,1155.7927469106821,1172.706787109375,737000,0.0,0.0
2002-08-12 00:00:00+09:00,1191.5002226562501,1191.5002226562501,1163.310154296875,1174.586181640625,565000,0.0,0.0
2002-08-13 00:00:00+09:00,1155.7924236024837,1187.11471150499,1155.7924236024837,1173.9593505859375,467000,0.0,0.0
2002-08-14 00:00:00+09:00,1190.2471136173162,1190.2471136173162,1175.2124132347817,1179.5975341796875,235000,0.0,0.0
2002-08-15 00:00:00+09:00,1183.9829575958977,1190.2474176889975,1162.0573472700476,1189.6209716796875,350000,0.0,0.0
2002-08-16 00:00:00+09:00,1195.8853444010417,1199.01757421875,1169.5746139322916,1174.586181640625,210000,0.0,0.0
2002-08-19 00:00:00+09:00,1168.3210327082058,1168.3210327082058,1127.6020691017536,1152.033447265625,292000,0.0,0.0
2002-08-20 00:00:00+09:00,1133.240347173267,1138.878358850746,1096.280048398683,1096.906494140625,688000,0.0,0.0
2002-08-21 00:00:00+09:00,1100.6652108978508,1135.7461737949934,1099.41231936581,1126.3494873046875,731000,0.0,0.0
2002-08-22 00:00:00+09:00,1115.7001935173482,1118.2059772198015,1101.2919372282415,1107.556396484375,836000,0.0,0.0
2002-08-23 00:00:00+09:00,1107.556396484375,1107.556396484375,1107.556396484375,1107.556396484375,0,0.0,0.0
2002-08-26 00:00:00+09:00,1124.4701795934993,1187.1147578438336,1121.3379506809827,1171.45361328125,971000,0.0,0.0
2002-08-27 00:00:00+09:00,1158.9245123083322,1160.1774036729898,1141.384033203125,1141.384033203125,739000,0.0,0.0
2002-08-28 00:00:00+09:00,1122.5907896580718,1152.6601858096274,1111.3147661012385,1117.5792236328125,636000,0.0,0.0
2002-08-29 00:00:00+09:00,1126.3497230546702,1135.1199656146064,1121.3381558775638,1130.1083984375,463000,0.0,0.0
2002-08-30 00:00:00+09:00,1127.602566264798,1127.602566264798,1118.2058782125914,1124.4703369140625,280000,0.0,0.0
2002-09-02 00:00:00+09:00,1130.1082541353876,1132.6140374039803,1118.8322294267196,1121.3380126953125,238000,0.0,0.0
2002-09-03 00:00:00+09:00,1116.3262657752402,1121.3378315026264,1099.4122314453125,1099.4122314453125,643000,0.0,0.0
2002-09-04 00:00:00+09:00,1095.0271559932191,1095.0271559932191,1066.8370976295494,1076.8602294921875,485000,0.0,0.0
2002-09-05 00:00:00+09:00,1095.6537055664062,1111.3148505859376,1084.3776811523437,1096.2801513671875,468000,0.0,0.0
2002-09-06 00:00:00+09:00,1098.1595757748173,1116.3265054368078,1096.2802382235768,1103.171142578125,447000,0.0,0.0
2002-09-09 00:00:00+09:00,1106.9297299804687,1110.061958984375,1091.2685849609375,1096.2801513671875,420000,0.0,0.0
2002-09-10 00:00:00+09:00,1113.1944235759865,1137.6258149769226,1111.3150857759144,1128.2291259765625,401000,0.0,0.0
2002-09-11 00:00:00+09:00,1131.987442726507,1151.4072605043275,1131.987442726507,1144.516357421875,253000,0.0,0.0
2002-09-12 00:00:00+09:00,1139.5047534514126,1149.5278848726457,1128.2287306025257,1143.263427734375,285000,0.0,0.0
2002-09-13 00:00:00+09:00,1148.2749694790516,1148.2749694790516,1111.314673134663,1134.4931640625,674000,0.0,0.0
2002-09-16 00:00:00+09:00,1134.4931640625,1134.4931640625,1134.4931640625,1134.4931640625,0,0.0,0.0
2002-09-17 00:00:00+09:00,1116.9527279104313,1133.8667624889965,1111.941162109375,1111.941162109375,724000,0.0,0.0
2002-09-18 00:00:00+09:00,1111.31465643521,1111.941102126549,1080.618817559604,1090.0155029296875,527000,0.0,0.0
2002-09-19 00:00:00+09:00,1126.9757825095621,1153.9129468497017,1126.9757825095621,1141.384033203125,696000,0.0,0.0
2002-09-20 00:00:00+09:00,1142.6369245677827,1170.82698027258,1136.9989134268233,1141.384033203125,462000,0.0,0.0
2002-09-23 00:00:00+09:00,1141.384033203125,1141.384033203125,1141.384033203125,1141.384033203125,0,0.0,0.0
2002-09-24 00:00:00+09:00,1142.0106197763994,1142.0106197763994,1096.2800793245742,1121.96435546875,436000,0.0,0.0
2002-09-25 00:00:00+09:00,1140.8314084147405,1143.9759271810435,1124.4799108299646,1137.6868896484375,396000,7.0,0.0
2002-09-26 00:00:00+09:00,1138.3161157362954,1157.1832336766759,1114.4177663451467,1125.738037109375,489000,0.0,0.0
2002-09-27 00:00:00+09:00,1126.3667644840655,1150.265110129177,1126.3667644840655,1143.34716796875,369000,0.0,0.0
2002-09-30 00:00:00+09:00,1143.975965283891,1144.6048690580985,1116.30419921875,1116.30419921875,225000,0.0,0.0
2002-10-01 00:00:00+09:00,1132.0266087496525,1132.0266087496525,1126.3664757059043,1131.397705078125,298000,0.0,0.0
2002-10-02 00:00:00+09:00,1150.2651028215394,1159.6986602530992,1132.0268917871902,1141.46044921875,812000,0.0,0.0
2002-10-03 00:00:00+09:00,1122.59312950447,1132.0266852145915,1114.4173812223646,1120.0775146484375,559000,0.0,0.0
2002-10-04 00:00:00+09:00,1113.15962117513,1132.0267333984375,1108.757294989692,1132.0267333984375,424000,0.0,0.0
2002-10-07 00:00:00+09:00,1130.7693084950029,1130.7693084950029,1069.765625,1069.765625,826000,0.0,0.0
2002-10-08 00:00:00+09:00,1013.1641080329755,1031.4023197852762,1006.2461656441718,1025.11328125,1819000,0.0,0.0
2002-10-09 00:00:00+09:00,1043.9802347284551,1098.69486148832,1035.175582146408,1077.3121337890625,883000,0.0,0.0
2002-10-10 00:00:00+09:00,1077.3122117844302,1077.3122117844302,1057.8161939412796,1065.991943359375,586000,0.0,0.0
2002-10-11 00:00:00+09:00,1059.702868507022,1060.9606760660809,1050.2693118140812,1056.558349609375,330000,0.0,0.0
2002-10-14 00:00:00+09:00,1056.558349609375,1056.558349609375,1056.558349609375,1056.558349609375,0,0.0,0.0
2002-10-15 00:00:00+09:00,1059.7030029296875,1062.2186183669094,1028.257809964415,1059.7030029296875,515000,0.0,0.0
2002-10-16 00:00:00+09:00,1052.7853007916883,1060.3321488260374,1052.7853007916883,1059.0743408203125,546000,0.0,0.0
2002-10-17 00:00:00+09:00,1059.702528011164,1072.280599560258,1059.702528011164,1062.8470458984375,624000,0.0,0.0
2002-10-18 00:00:00+09:00,1063.4763109830883,1064.1052147743262,1054.0427541145216,1061.589599609375,352000,0.0,0.0
2002-10-21 00:00:00+09:00,1061.589714507604,1075.425599412324,1057.1873874924659,1059.7030029296875,692000,0.0,0.0
2002-10-22 00:00:00+09:00,1078.5700188154055,1078.5700188154055,1015.0507349084924,1018.8241577148438,420000,0.0,0.0
2002-10-23 00:00:00+09:00,1020.082225036621,1020.082225036621,981.7190834045409,1006.246337890625,761000,0.0,0.0
2002-10-24 00:00:00+09:00,1005.6173400878906,1005.6173400878906,972.2854332557092,981.090087890625,770000,0.0,0.0
2002-10-25 00:00:00+09:00,962.2227774699177,999.9570040373654,959.078258589297,993.0390625,947000,0.0,0.0
2002-10-28 00:00:00+09:00,993.0391018714433,1018.8241577148436,993.0391018714433,1018.8241577148438,604000,0.0,0.0
2002-10-29 00:00:00+09:00,1006.2460238664405,1032.6599819929345,1004.3593125716909,1019.4530029296875,594000,0.0,0.0
2002-10-30 00:00:00+09:00,1038.3203030130542,1047.7538611870068,1019.4531866651488,1035.8046875,436000,0.0,0.0
2002-10-31 00:00:00+09:00,1037.691650390625,1050.2697310014205,998.0706964666193,1037.691650390625,283000,0.0,0.0
2002-11-01 00:00:00+09:00,1036.4335457616708,1036.4335457616708,1010.0195840371621,1023.85546875,234000,0.0,0.0
2002-11-04 00:00:00+09:00,1023.8554687499999,1023.8554687499999,1023.8554687499999,1023.85546875,0,0.0,0.0
2002-11-05 00:00:00+09:00,1032.0312331202476,1081.7146380053784,1032.0312331202476,1059.7030029296875,460000,0.0,0.0
2002-11-06 00:00:00+09:00,1065.3628187582526,1088.6322545870928,1065.3628187582526,1071.65185546875,593000,0.0,0.0
2002-11-07 00:00:00+09:00,1084.2300751035282,1084.2300751035282,1063.4762511601311,1077.3121337890625,367000,0.0,0.0
2002-11-08 00:00:00+09:00,1077.9411741814827,1086.1169240440026,1076.6833665103256,1081.085693359375,468000,0.0,0.0
2002-11-11 00:00:00+09:00,1069.1365608192693,1070.3943685378802,1049.0116373214948,1059.7030029296875,769000,0.0,0.0
2002-11-12 00:00:00+09:00,1053.41394283322,1069.1365389949099,1053.41394283322,1054.0428466796875,342000,0.0,0.0
2002-11-13 00:00:00+09:00,1068.5076891697026,1069.136593047966,1035.8046875,1035.8046875,399000,0.0,0.0
2002-11-14 00:00:00+09:00,1040.835454522952,1050.8979120893368,1027.6284789670715,1042.09326171875,258000,0.0,0.0
2002-11-15 00:00:00+09:00,1029.5156552544956,1030.1445591367526,999.3282689061659,1021.3399047851562,877000,0.0,0.0
2002-11-18 00:00:00+09:00,1030.1442823434056,1032.6598971965032,964.738296162872,998.6990966796875,414000,0.0,0.0
2002-11-19 00:00:00+09:00,1012.5350952148436,1018.8241330733209,998.0703081403459,1012.5350952148438,387000,0.0,0.0
2002-11-20 00:00:00+09:00,1012.5349680582683,1037.6911163330078,1007.5037384033204,1026.370849609375,487000,0.0,0.0
2002-11-21 00:00:00+09:00,1008.1327420158865,1059.0739473204947,1001.2148005547668,1052.156005859375,560000,0.0,0.0
2002-11-22 00:00:00+09:00,1068.5078101994995,1068.5078101994995,1049.640691714517,1067.87890625,849000,0.0,0.0
2002-11-25 00:00:00+09:00,1038.3200175391555,1066.6206842800775,1038.3200175391555,1055.9293212890625,446000,0.0,0.0
2002-11-26 00:00:00+09:00,1054.6717553303552,1056.5584668783522,1010.6484858770906,1055.3006591796875,531000,0.0,0.0
2002-11-27 00:00:00+09:00,1017.5663501127266,1039.5779831497757,1016.3085425106095,1018.8241577148438,904000,0.0,0.0
2002-11-28 00:00:00+09:00,1025.113231980657,1061.589653732116,1023.855424334055,1043.9803466796875,465000,0.0,0.0
2002-11-29 00:00:00+09:00,1036.4332938974762,1062.8472492031158,1036.4332938974762,1052.7847900390625,384000,0.0,0.0
2002-12-02 00:00:00+09:00,1052.7847900390625,1052.7847900390625,1052.7847900390625,1052.7847900390625,0,0.0,0.0
2002-12-03 00:00:00+09:00,1025.1132485905162,1050.2694019301607,1023.8554409235339,1048.3826904296875,466000,0.0,0.0
2002-12-04 00:00:00+09:00,1029.5155297430372,1040.2068944379862,1020.0819726592584,1020.7108764648438,403000,0.0,0.0
2002-12-05 00:00:00+09:00,1021.9686767201364,1023.8553881233121,1017.5663501127266,1018.8241577148438,1087000,0.0,0.0
2002-12-06 00:00:00+09:00,1018.8244171142578,1021.968936920166,993.0393547058105,1006.246337890625,627000,0.0,0.0
2002-12-09 00:00:00+09:00,1036.433375024645,1036.433375024645,996.8124389648438,996.8124389648438,550000,0.0,0.0
2002-12-10 00:00:00+09:00,1003.730340880976,1041.464564222366,999.9569185468371,1032.659912109375,1103000,0.0,0.0
2002-12-11 00:00:00+09:00,1050.2694586525006,1099.952864181571,1049.640554785044,1095.550537109375,1217000,0.0,0.0
2002-12-12 00:00:00+09:00,1093.6639587330283,1093.6639587330283,1061.5898575855963,1065.36328125,671000,0.0,0.0
2002-12-13 00:00:00+09:00,1091.148282660086,1100.5818412997985,1082.3436279296875,1082.3436279296875,1322000,0.0,0.0
2002-12-16 00:00:00+09:00,1082.3435010305318,1094.2926739065226,1068.5076166478057,1081.085693359375,522000,0.0,0.0
2002-12-17 00:00:00+09:00,1077.312174333845,1081.7145007905506,1056.558349609375,1056.558349609375,861000,0.0,0.0
2002-12-18 00:00:00+09:00,1056.5584280516698,1077.3122543169704,1043.9803515272451,1045.2381591796875,555000,0.0,0.0
2002-12-19 00:00:00+09:00,1045.867087888358,1088.0036452476602,1045.867087888358,1083.601318359375,1296000,0.0,0.0
2002-12-20 00:00:00+09:00,1075.4256016232189,1094.2927174411702,1069.1365630172352,1092.406005859375,600000,0.0,0.0
2002-12-23 00:00:00+09:00,1092.406005859375,1092.406005859375,1092.406005859375,1092.406005859375,0,0.0,0.0
2002-12-24 00:00:00+09:00,1100.5818798555342,1128.2536528347591,1100.5818798555342,1125.738037109375,1113000,0.0,0.0
2002-12-25 00:00:00+09:00,1125.737738285669,1125.737738285669,1106.870625353507,1111.90185546875,1114000,0.0,0.0
2002-12-26 00:00:00+09:00,1118.8198633900593,1128.88232421875,1113.1597291739206,1128.88232421875,260000,0.0,0.0
2002-12-27 00:00:00+09:00,1128.8820903920146,1138.3156454649284,1125.7375720343766,1131.397705078125,543000,0.0,0.0
2002-12-30 00:00:00+09:00,1132.0267333984375,1143.3470007324217,1131.3978296576606,1132.0267333984375,140000,0.0,0.0
2002-12-31 00:00:00+09:00,1132.0267333984375,1132.0267333984375,1132.0267333984375,1132.0267333984375,0,0.0,0.0
2003-01-01 00:00:00+09:00,1132.0267333984375,1132.0267333984375,1132.0267333984375,1132.0267333984375,0,0.0,0.0
2003-01-02 00:00:00+09:00,1132.0267333984375,1132.0267333984375,1132.0267333984375,1132.0267333984375,0,0.0,0.0
2003-01-03 00:00:00+09:00,1132.0267333984375,1132.0267333984375,1132.0267333984375,1132.0267333984375,0,0.0,0.0
2003-01-06 00:00:00+09:00,1132.026927510246,1162.8432160924692,1132.026927510246,1150.89404296875,113000,0.0,0.0
2003-01-07 00:00:00+09:00,1163.472198031345,1163.472198031345,1133.9137151624404,1138.9449462890625,500000,0.0,0.0
2003-01-08 00:00:00+09:00,1136.4294039422573,1142.0895393243713,1125.738037109375,1125.738037109375,293000,0.0,0.0
2003-01-09 00:00:00+09:00,1125.7376759392876,1131.3978095054626,1115.675216266087,1126.9954833984375,243000,0.0,0.0
2003-01-10 00:00:00+09:00,1143.3472735248567,1143.3472735248567,1123.8512529091963,1138.9449462890625,198000,0.0,0.0
2003-01-13 00:00:00+09:00,1138.9449462890625,1138.9449462890625,1138.9449462890625,1138.9449462890625,0,0.0,0.0
2003-01-14 00:00:00+09:00,1148.3783712967404,1174.7923316442009,1148.3783712967404,1167.8743896484375,409000,0.0,0.0
2003-01-15 00:00:00+09:00,1167.8740651486585,1179.8232343666577,1160.3272214320275,1177.9365234375,503000,0.0,0.0
2003-01-16 00:00:00+09:00,1157.1829661500954,1160.3274850798512,1147.1205055748771,1152.7806396484375,1205000,0.0,0.0
2003-01-17 00:00:00+09:00,1126.3668379226701,1154.0386083685648,1120.706703058737,1130.7691650390625,537000,0.0,0.0
2003-01-20 00:00:00+09:00,1136.4293518066406,1144.6051025390625,1127.6246971717248,1144.6051025390625,398000,0.0,0.0
2003-01-21 00:00:00+09:00,1133.913467128874,1145.2337346875647,1124.4799108299646,1137.6868896484375,553000,0.0,0.0
2003-01-22 00:00:00+09:00,1024.4846847338326,1079.8282404468941,1024.4846847338326,1077.9415283203125,3321000,0.0,0.0
2003-01-23 00:00:00+09:00,1077.9410819985287,1105.6128483975574,1070.3942366169754,1088.6324462890625,721000,0.0,0.0
2003-01-24 00:00:00+09:00,1107.4993780056868,1113.1595111130412,1068.5073499328007,1074.79638671875,786000,0.0,0.0
2003-01-27 00:00:00+09:00,1076.05419407594,1088.0033639692438,1072.2807720043702,1074.79638671875,613000,0.0,0.0
2003-01-28 00:00:00+09:00,1075.4257651937758,1086.117132450088,1071.0234375,1071.0234375,486000,0.0,0.0
2003-01-29 00:00:00+09:00,1074.7966340214373,1074.7966340214373,1043.9803466796875,1043.9803466796875,398000,0.0,0.0
2003-01-30 00:00:00+09:00,1047.7538587864522,1060.9608401997266,1032.031261865887,1035.17578125,423000,0.0,0.0
2003-01-31 00:00:00+09:00,1037.6912422437135,1072.280950318504,1026.9998779296875,1026.9998779296875,722000,0.0,0.0
2003-02-03 00:00:00+09:00,1031.402094541743,1042.7223614330549,1028.257575960823,1030.144287109375,433000,0.0,0.0
2003-02-04 00:00:00+09:00,1037.6911802839702,1082.972249969089,1037.6911802839702,1072.9097900390625,553000,0.0,0.0
2003-02-05 00:00:00+09:00,1088.0037305353717,1118.1911172785497,1084.2303071924744,1106.241943359375,1051000,0.0,0.0
2003-02-06 00:00:00+09:00,1109.3863281806762,1109.3863281806762,1088.0035984991894,1103.0972900390625,483000,0.0,0.0
2003-02-07 00:00:00+09:00,1092.4060600974342,1106.870849609375,1073.538943342729,1106.870849609375,441000,0.0,0.0
2003-02-10 00:00:00+09:00,1100.581647373837,1100.581647373837,1063.4763232623764,1064.734130859375,1065000,0.0,0.0
2003-02-11 00:00:00+09:00,1064.734130859375,1064.734130859375,1064.734130859375,1064.734130859375,0,0.0,0.0
2003-02-12 00:00:00+09:00,1065.9919261480395,1073.538771642893,1057.8161768619484,1061.589599609375,669000,0.0,0.0
2003-02-13 00:00:00+09:00,1050.8982155936105,1061.5895798456102,1048.382600475493,1056.558349609375,687000,0.0,0.0
2003-02-14 00:00:00+09:00,867.88720703125,868.516110804461,867.88720703125,867.88720703125,2156000,0.0,0.0
2003-02-17 00:00:00+09:00,880.4655187270221,898.7037330435104,876.063191133387,898.0748291015625,5474000,0.0,0.0
2003-02-18 00:00:00+09:00,899.3323184147158,924.4884671815611,894.929992380518,910.023681640625,1857000,0.0,0.0
2003-02-19 00:00:00+09:00,922.6017405226777,927.632970191513,909.3947626419849,921.3439331054688,1230000,0.0,0.0
2003-02-20 00:00:00+09:00,921.3437579827997,924.4882759281335,902.476650310797,923.23046875,1219000,0.0,0.0
2003-02-21 00:00:00+09:00,923.2306546009949,923.2306546009949,904.3635431309473,908.765869140625,932000,0.0,0.0
2003-02-24 00:00:00+09:00,908.7660879892846,925.7464924015411,908.7660879892846,918.1996459960938,1235000,0.0,0.0
2003-02-25 00:00:00+09:00,911.9107087787828,919.4575560238486,893.0435906661183,896.1881103515625,792000,0.0,0.0
2003-02-26 00:00:00+09:00,899.3325299824754,923.2308769330587,899.3325299824754,918.1996459960938,1090000,0.0,0.0
2003-02-27 00:00:00+09:00,918.8283182710512,924.4884516484909,904.992436681754,921.3439331054688,571000,0.0,0.0
2003-02-28 00:00:00+09:00,921.3442242251757,927.633263298385,910.0239538933988,917.57080078125,747000,0.0,0.0
2003-03-03 00:00:00+09:00,892.4145411191474,899.3324832983657,881.0942720986086,889.89892578125,1331000,0.0,0.0
2003-03-04 00:00:00+09:00,890.5275477720111,896.8165841263332,888.0119332302821,895.5587768554688,666000,0.0,0.0
2003-03-05 00:00:00+09:00,896.8165841263332,908.1368495641129,895.5587768554688,895.5587768554688,526000,0.0,0.0
2003-03-06 00:00:00+09:00,895.5591713763297,898.7036909387466,884.2389009516289,886.7545166015625,759000,0.0,0.0
2003-03-07 00:00:00+09:00,885.4965126811594,889.2699353204257,867.88720703125,867.88720703125,869000,0.0,0.0
2003-03-10 00:00:00+09:00,842.7310711000024,847.7623013752263,818.203823508286,825.1217651367188,656000,0.0,0.0
2003-03-11 00:00:00+09:00,827.0086888576325,841.4734796133173,816.3173217773438,816.3173217773438,1323000,0.0,0.0
2003-03-12 00:00:00+09:00,820.0904891111059,847.1333503317942,820.0904891111059,828.8951416015625,939000,0.0,0.0
2003-03-13 00:00:00+09:00,830.1532398265797,858.4539184570312,830.1532398265797,858.4539184570312,1243000,0.0,0.0
2003-03-14 00:00:00+09:00,896.1880057198662,896.8169095835292,836.442138671875,836.442138671875,1511000,0.0,0.0
2003-03-17 00:00:00+09:00,849.0200743383291,872.918417171556,844.6177480269452,862.85595703125,970000,0.0,0.0
2003-03-18 00:00:00+09:00,852.7936220060941,860.9693720695744,830.7819872198012,832.039794921875,876000,0.0,0.0
2003-03-19 00:00:00+09:00,827.637324937924,828.266228680278,798.7077527896379,811.2858276367188,869000,0.0,0.0
2003-03-20 00:00:00+09:00,811.9147313790728,830.1529399073402,794.9343303355136,811.2858276367188,1180000,0.0,0.0
2003-03-21 00:00:00+09:00,811.2858276367188,811.2858276367188,811.2858276367188,811.2858276367188,0,0.0,0.0
2003-03-24 00:00:00+09:00,818.2039748396963,834.5554762584759,814.4305514353626,833.2976684570312,1566000,0.0,0.0
2003-03-25 00:00:00+09:00,825.1218164659787,827.6374317600822,820.7194897012973,822.606201171875,663000,0.0,0.0
2003-03-26 00:00:00+09:00,835.2517748451513,863.7047119140626,832.7226248834703,863.7047119140625,592000,7.0,0.0
2003-03-27 00:00:00+09:00,872.5569721784656,878.8798487884545,844.1040274335156,852.9560546875,662000,0.0,0.0
2003-03-28 00:00:00+09:00,853.5881951149929,853.5881951149929,842.8393067320634,844.1038818359375,424000,0.0,0.0
2003-03-31 00:00:00+09:00,843.4715517996984,843.4715517996984,796.0499877929688,796.0499877929688,716000,0.0,0.0
2003-04-01 00:00:00+09:00,794.1530755864059,796.049938028093,784.6687633779694,790.9916381835938,703000,0.0,0.0
2003-04-02 00:00:00+09:00,790.3593677585408,820.7091674804688,784.0364928164724,820.7091674804688,813000,0.0,0.0
2003-04-03 00:00:00+09:00,846.0011150013316,851.6917054609819,831.4584949377811,834.6199340820312,1400000,0.0,0.0
2003-04-04 00:00:00+09:00,809.3284209280303,844.7365393436316,806.7992696126302,834.6199340820312,924000,0.0,0.0
2003-04-07 00:00:00+09:00,850.4266853642658,871.2921728118649,846.6329603737933,855.4849853515625,917000,0.0,0.0
2003-04-08 00:00:00+09:00,856.1174553789888,870.0277833098143,855.4851677457694,868.1309204101562,1124000,0.0,0.0
2003-04-09 00:00:00+09:00,866.8661262329367,870.6598510742186,860.5432514974667,870.6598510742188,983000,0.0,0.0
2003-04-10 00:00:00+09:00,870.6599376864283,882.6734008789062,864.9693498584124,882.6734008789062,1341000,0.0,0.0
2003-04-11 00:00:00+09:00,882.6737917226702,891.5258211525537,876.3509135584677,882.04150390625,1486000,0.0,0.0
2003-04-14 00:00:00+09:00,847.897606917073,848.529894468838,831.4581305711789,840.9424438476562,1347000,0.0,0.0
2003-04-15 00:00:00+09:00,832.722717653115,849.7944817963452,815.6509535098849,839.0455932617188,1302000,0.0,0.0
2003-04-16 00:00:00+09:00,826.3998901367187,828.2967529296875,813.1218505859375,825.1353149414062,1029000,0.0,0.0
2003-04-17 00:00:00+09:00,821.9739874111805,823.8708504590523,816.9156859501885,817.5479736328125,1395000,0.0,0.0
2003-04-18 00:00:00+09:00,817.5476907298447,820.0768405851574,806.7988038447655,807.4310913085938,729000,0.0,0.0
2003-04-21 00:00:00+09:00,794.7855834960938,797.3147341197886,780.2429674098486,794.7855834960938,1360000,0.0,0.0
2003-04-22 00:00:00+09:00,790.3596196308672,790.3596196308672,783.4044549781156,787.1981811523438,1442000,0.0,0.0
2003-04-23 00:00:00+09:00,787.8303466796875,794.15322265625,765.0679931640625,768.2294311523438,1968000,0.0,0.0
2003-04-24 00:00:00+09:00,771.3907844549656,790.3594103022187,771.3907844549656,778.345947265625,2047000,0.0,0.0
2003-04-25 00:00:00+09:00,781.507384906834,785.9333976045264,773.2876470396909,778.345947265625,996000,0.0,0.0
2003-04-28 00:00:00+09:00,803.637549063064,803.637549063064,784.6689208397029,788.462646484375,893000,0.0,0.0
2003-04-29 00:00:00+09:00,788.4626464843751,788.4626464843751,788.4626464843751,788.462646484375,0,0.0,0.0
2003-04-30 00:00:00+09:00,799.2115962190447,805.5344727714106,789.7272813904959,804.2698974609375,1357000,0.0,0.0
2003-05-01 00:00:00+09:00,804.2699817952283,823.2386134413422,801.7408309090798,809.9605712890625,1397000,0.0,0.0
2003-05-02 00:00:00+09:00,809.9604485177335,830.1936525400345,809.9604485177335,825.7676391601562,625000,0.0,0.0
2003-05-05 00:00:00+09:00,825.7676391601561,825.7676391601561,825.7676391601561,825.7676391601562,0,0.0,0.0
2003-05-06 00:00:00+09:00,851.0589621056575,871.2921617991055,845.3683746918753,863.7047119140625,1107000,0.0,0.0
2003-05-07 00:00:00+09:00,866.233924629875,890.2608510064701,866.233924629875,879.511962890625,1435000,0.0,0.0
2003-05-08 00:00:00+09:00,878.8797731546041,880.7766359743622,864.337158203125,864.337158203125,1020000,0.0,0.0
2003-05-09 00:00:00+09:00,876.3505747077171,904.1712278730414,876.3505747077171,900.3775024414062,1031000,0.0,0.0
2003-05-12 00:00:00+09:00,912.3907823123693,912.3907823123693,900.3773208682009,906.7001953125,601000,0.0,0.0
2003-05-13 00:00:00+09:00,917.4493041992188,930.7273437499999,911.1264282226563,913.6555786132812,851000,0.0,0.0
2003-05-14 00:00:00+09:00,914.2880404839564,914.2880404839564,880.1445037023977,896.583984375,803000,0.0,0.0
2003-05-15 00:00:00+09:00,894.6870469117231,913.655676881583,882.0412935984832,907.965087890625,768000,0.0,0.0
2003-05-16 00:00:00+09:00,916.1848971178479,931.3598022460938,904.8037182716633,931.3598022460938,768000,0.0,0.0
2003-05-19 00:00:00+09:00,928.8304074144656,929.4626949620589,921.8752443909401,925.0366821289062,524000,0.0,0.0
2003-05-20 00:00:00+09:00,925.66904296875,933.8887817382812,920.6107421875,929.4627685546875,338000,0.0,0.0
2003-05-21 00:00:00+09:00,938.9476079526155,940.8444718070652,914.9206657962524,916.1852416992188,461000,0.0,0.0
2003-05-22 00:00:00+09:00,916.1848315099555,986.3687627022296,907.9650918207702,981.9427490234375,1287000,0.0,0.0
2003-05-23 00:00:00+09:00,1042.6424477128387,1052.75905120793,1019.2478021304403,1022.4092407226562,2165000,0.0,0.0
2003-05-26 00:00:00+09:00,1023.0415693230234,1023.6738570667335,992.6917576249361,1004.0729370117188,610000,0.0,0.0
2003-05-27 00:00:00+09:00,992.6912716456821,999.0141459873744,984.4715350014822,991.4266967773438,450000,0.0,0.0
2003-05-28 00:00:00+09:00,992.0589442391883,1024.3056020825272,988.2652197870308,1021.1441650390625,1252000,0.0,0.0
2003-05-29 00:00:00+09:00,1030.6292665423769,1043.2750244140625,1030.6292665423769,1043.2750244140625,733000,0.0,0.0
2003-05-30 00:00:00+09:00,1043.274735431282,1043.274735431282,1022.4092407226564,1022.4092407226562,586000,0.0,0.0
2003-06-02 00:00:00+09:00,1023.0411881351239,1048.3326884598487,1023.0411881351239,1034.42236328125,729000,0.0,0.0
2003-06-03 00:00:00+09:00,1040.1133077023146,1043.2747463275496,1028.0998409264216,1029.9967041015625,606000,0.0,0.0
2003-06-04 00:00:00+09:00,1026.2023452006458,1032.5252185536997,999.0139897825142,1000.278564453125,625000,0.0,0.0
2003-06-05 00:00:00+09:00,1006.6014378061789,1014.8211731651489,999.0139897825142,1000.278564453125,788000,0.0,0.0
2003-06-06 00:00:00+09:00,1017.9830932617189,1023.6736819818154,1003.4404776436943,1017.9830932617188,747000,0.0,0.0
2003-06-09 00:00:00+09:00,1002.1757186548398,1009.7631688907124,988.2653932224067,989.5299682617188,1112000,0.0,0.0
2003-06-10 00:00:00+09:00,989.529991347555,990.1622788819624,962.9739149024449,976.251953125,1188000,0.0,0.0
2003-06-11 00:00:00+09:00,980.0456817035305,1014.8214962155913,980.0456817035305,1011.0277709960938,740000,0.0,0.0
2003-06-12 00:00:00+09:00,1014.1895829470513,1022.4093239559738,982.5751944511957,985.7366333007812,703000,0.0,0.0
2003-06-13 00:00:00+09:00,1000.2790389122596,1038.8485846604567,992.6915872896634,1027.4674072265625,2015000,0.0,0.0
2003-06-16 00:00:00+09:00,1030.6285855774572,1038.8483227630443,1008.4985239239535,1013.5568237304688,621000,0.0,0.0
2003-06-17 00:00:00+09:00,1036.9516852748588,1041.3776985656662,1002.1758665613728,1007.866455078125,1239000,0.0,0.0
2003-06-18 00:00:00+09:00,1035.6871219660895,1044.5391486495605,1017.9830685991479,1024.938232421875,1141000,0.0,0.0
2003-06-19 00:00:00+09:00,1027.4674649723988,1064.7724375467812,1027.4674649723988,1055.92041015625,996000,0.0,0.0
2003-06-20 00:00:00+09:00,1062.2433603095096,1065.4047988818593,1047.7007428767008,1057.18505859375,522000,0.0,0.0
2003-06-23 00:00:00+09:00,1058.4495354377502,1067.3015626158437,1048.3329329485007,1066.0369873046875,781000,0.0,0.0
2003-06-24 00:00:00+09:00,1060.9788026288654,1066.0371044292415,1029.9967041015625,1029.9967041015625,489000,0.0,0.0
2003-06-25 00:00:00+09:00,1048.9652110036368,1063.507826948835,1036.3194580078125,1036.3194580078125,626000,0.0,0.0
2003-06-26 00:00:00+09:00,1055.9205209958002,1062.8756861041556,1040.1133275677194,1051.4945068359375,855000,0.0,0.0
2003-06-27 00:00:00+09:00,1066.6691175554802,1117.2521225373641,1066.6691175554802,1090.696044921875,994000,0.0,0.0
2003-06-30 00:00:00+09:00,1112.8262960621387,1119.14917274431,1093.857666015625,1093.857666015625,468000,0.0,0.0
2003-07-01 00:00:00+09:00,1112.8266158689726,1114.0911915688237,1100.1808588704614,1101.4454345703125,555000,0.0,0.0
2003-07-02 00:00:00+09:00,1101.445458208413,1101.445458208413,1067.9342014431743,1074.257080078125,1167000,0.0,0.0
2003-07-03 00:00:00+09:00,1074.2566284179686,1087.53466796875,1067.30146484375,1087.53466796875,1163000,0.0,0.0
2003-07-04 00:00:00+09:00,1076.1531982421875,1080.5792102208568,1059.0814377530342,1076.1531982421875,888000,0.0,0.0
2003-07-07 00:00:00+09:00,1077.4182004476054,1086.2702279160717,1068.5661729791393,1079.3150634765625,534000,0.0,0.0
2003-07-08 00:00:00+09:00,1125.4718593518176,1125.4718593518176,1059.7139529627225,1065.404541015625,826000,0.0,0.0
2003-07-09 00:00:00+09:00,1066.0368285770585,1069.83055394566,1056.5525151555544,1065.404541015625,655000,0.0,0.0
2003-07-10 00:00:00+09:00,1065.4045037528235,1069.1982289887387,1052.75875296644,1058.4493408203125,864000,0.0,0.0
2003-07-11 00:00:00+09:00,1061.610851711697,1062.2431392946105,1043.9067993901203,1047.0682373046875,1309000,0.0,0.0
2003-07-14 00:00:00+09:00,1066.0370389668512,1071.727628142831,1043.9069699491527,1045.8038330078125,531000,0.0,0.0
2003-07-15 00:00:00+09:00,1043.2746849623807,1043.9069726502366,1009.1311498181574,1026.835205078125,1174000,0.0,0.0
2003-07-16 00:00:00+09:00,1012.2921964621243,1017.3504960072192,995.8527229405657,999.01416015625,523000,0.0,0.0
2003-07-17 00:00:00+09:00,1000.9112424107499,1014.8215692162056,989.5300659335588,990.162353515625,559000,0.0,0.0
2003-07-18 00:00:00+09:00,990.7949210596448,1007.234402838554,990.7949210596448,993.9563598632812,409000,0.0,0.0
2003-07-21 00:00:00+09:00,993.9563598632811,993.9563598632811,993.9563598632811,993.9563598632812,0,0.0,0.0
2003-07-22 00:00:00+09:00,1023.0414938866942,1040.113261708042,1005.3374383682594,1009.1311645507812,600000,0.0,0.0
2003-07-23 00:00:00+09:00,1009.1311005491533,1048.3329352822657,995.2207720954682,1040.7454833984375,1062000,0.0,0.0
2003-07-24 00:00:00+09:00,1040.1131608963012,1040.1131608963012,1011.6602172851562,1011.6602172851562,669000,0.0,0.0
2003-07-25 00:00:00+09:00,1008.4989133296195,1014.8217905291782,1001.5437484101049,1009.7634887695312,667000,0.0,0.0
2003-07-28 00:00:00+09:00,1021.1446671122766,1021.1446671122766,1008.4989127207933,1012.9249267578125,810000,0.0,0.0
2003-07-29 00:00:00+09:00,1024.3058357657967,1040.113024589343,1021.1443980010874,1035.68701171875,525000,0.0,0.0
2003-07-30 00:00:00+09:00,1024.9381958007812,1031.2610717773437,1019.8798950195312,1024.305908203125,521000,0.0,0.0
2003-07-31 00:00:00+09:00,1024.3060171918057,1032.5257568359375,1022.4091541970062,1032.5257568359375,564000,0.0,0.0
2003-08-01 00:00:00+09:00,1040.1132205870094,1043.2746589474561,1029.3643301614902,1036.9517822265625,766000,0.0,0.0
2003-08-04 00:00:00+09:00,1051.494337946732,1051.494337946732,1014.8216550838874,1017.9830932617188,1069000,0.0,0.0
2003-08-05 00:00:00+09:00,1024.3057120430194,1033.790024191566,1018.6151247538917,1019.8796997070312,1038000,0.0,0.0
2003-08-06 00:00:00+09:00,1019.8798455473166,1020.512133114302,992.6914801669479,1006.601806640625,805000,0.0,0.0
2003-08-07 00:00:00+09:00,1007.2340942076103,1017.9829828463606,1000.9112185377571,1006.601806640625,775000,0.0,0.0
2003-08-08 00:00:00+09:00,1007.2341554759792,1017.9830447685665,981.3103636526802,990.794677734375,501000,0.0,0.0
2003-08-11 00:00:00+09:00,1007.2341182314116,1007.2341182314116,989.5300659335588,990.162353515625,349000,0.0,0.0
2003-08-12 00:00:00+09:00,992.6916492353854,1005.9696904035021,986.3687724886632,1002.1759643554688,420000,0.0,0.0
2003-08-13 00:00:00+09:00,1021.1447121087759,1040.1133445318492,1012.292683644675,1030.6290283203125,660000,0.0,0.0
2003-08-14 00:00:00+09:00,1033.1580303508122,1055.9203859766562,1033.1580303508122,1053.3912353515625,401000,0.0,0.0
2003-08-15 00:00:00+09:00,1045.8038330078125,1045.8038330078125,1045.8038330078125,1045.8038330078125,579000,0.0,0.0
2003-08-18 00:00:00+09:00,1062.2430419921875,1062.8753295171828,1047.7004289172944,1062.2430419921875,401000,0.0,0.0
2003-08-19 00:00:00+09:00,1091.9603890293465,1106.5029998849777,1081.2115027447496,1095.121826171875,902000,0.0,0.0
2003-08-20 00:00:00+09:00,1105.2386114026037,1114.722924429514,1087.5345604190381,1110.92919921875,1577000,0.0,0.0
2003-08-21 00:00:00+09:00,1110.929296916544,1124.207336321921,1102.0772706462926,1114.7230224609375,820000,0.0,0.0
2003-08-22 00:00:00+09:00,1114.7233015574357,1124.2076177930348,1114.7233015574357,1121.678466796875,880000,0.0,0.0
2003-08-25 00:00:00+09:00,1124.839430101353,1143.8080545550015,1123.5748551377765,1132.4268798828125,1014000,0.0,0.0
2003-08-26 00:00:00+09:00,1151.395598337274,1213.9920641447368,1150.7633108038651,1201.3463134765625,2036000,0.0,0.0
2003-08-27 00:00:00+09:00,1203.2431350138588,1203.2431350138588,1169.099609375,1169.099609375,827000,0.0,0.0
2003-08-28 00:00:00+09:00,1185.5392334502994,1213.9921750531066,1171.6289064444827,1190.5975341796875,1255000,0.0,0.0
2003-08-29 00:00:00+09:00,1201.346435546875,1201.346435546875,1194.391271972656,1195.0235595703125,813000,0.0,0.0
2003-09-01 00:00:00+09:00,1213.992440292758,1236.7547985482472,1207.6695629995666,1231.064208984375,690000,0.0,0.0
2003-09-02 00:00:00+09:00,1231.0640632956988,1231.0640632956988,1213.3600089699262,1222.2120361328125,677000,0.0,0.0
2003-09-03 00:00:00+09:00,1221.5794145368598,1221.5794145368598,1195.0233403077975,1197.552490234375,548000,0.0,0.0
2003-09-04 00:00:00+09:00,1178.5840081549309,1196.9203473375987,1165.3059694364472,1168.4674072265625,820000,0.0,0.0
2003-09-05 00:00:00+09:00,1166.5706666898675,1166.5706666898675,1155.8217770780911,1162.1446533203125,1106000,0.0,0.0
2003-09-08 00:00:00+09:00,1160.2474615481833,1176.054647672818,1158.3505992132273,1162.776611328125,768000,0.0,0.0
2003-09-09 00:00:00+09:00,1162.7767484945527,1196.2879870319161,1162.7767484945527,1186.17138671875,528000,0.0,0.0
2003-09-10 00:00:00+09:00,1186.1718353190963,1206.4050435974605,1176.0552311799142,1198.185302734375,624000,0.0,0.0
2003-09-11 00:00:00+09:00,1217.1538588767642,1227.2704623791167,1209.56640625,1209.56640625,1287000,0.0,0.0
2003-09-12 00:00:00+09:00,1264.5754358451356,1305.6741375101024,1248.1359551791488,1283.5440673828125,1943000,0.0,0.0
2003-09-15 00:00:00+09:00,1283.5440673828125,1283.5440673828125,1283.5440673828125,1283.5440673828125,0,0.0,0.0
2003-09-16 00:00:00+09:00,1258.2523689620707,1267.7366833009808,1232.9608640583106,1238.0191650390625,947000,0.0,0.0
2003-09-17 00:00:00+09:00,1246.2390955810547,1267.736878051758,1245.6068078613282,1264.575439453125,1168000,0.0,0.0
2003-09-18 00:00:00+09:00,1264.5752076615454,1267.7366456806992,1241.1805663198068,1250.0325927734375,981000,0.0,0.0
2003-09-19 00:00:00+09:00,1251.2972420833134,1267.7367207564646,1238.6514892578125,1238.6514892578125,816000,0.0,0.0
2003-09-22 00:00:00+09:00,1263.3108604092904,1302.5126989204896,1262.678572691368,1283.5440673828125,1296000,0.0,0.0
2003-09-23 00:00:00+09:00,1283.5440673828125,1283.5440673828125,1283.5440673828125,1283.5440673828125,0,0.0,0.0
2003-09-24 00:00:00+09:00,1283.5438835348236,1299.35107421875,1277.2210072612531,1299.35107421875,1055000,0.0,0.0
2003-09-25 00:00:00+09:00,1302.5435598895278,1328.0836296912835,1296.1585424390892,1318.506103515625,1544000,20.0,0.0
2003-09-26 00:00:00+09:00,1286.5808240082629,1289.7733322564225,1264.2332662711467,1273.810791015625,487000,0.0,0.0
2003-09-29 00:00:00+09:00,1254.655857658189,1263.5948815804356,1234.8623046875,1234.8623046875,470000,0.0,0.0
2003-09-30 00:00:00+09:00,1254.0172177969691,1289.7733095467809,1246.9936997746847,1271.895263671875,419000,0.0,0.0
2003-10-01 00:00:00+09:00,1239.3320835568454,1247.6326075579989,1211.8765041684146,1236.778076171875,1280000,0.0,0.0
2003-10-02 00:00:00+09:00,1237.416371154785,1245.0783920288086,1203.5757789611816,1225.92333984375,1253000,0.0,0.0
2003-10-03 00:00:00+09:00,1225.9233759236454,1308.9286045018089,1225.9233759236454,1296.1585693359375,1097000,0.0,0.0
2003-10-06 00:00:00+09:00,1305.7358564622332,1312.1208728752515,1273.8107743971418,1289.7733154296875,827000,0.0,0.0
2003-10-07 00:00:00+09:00,1289.7734820896576,1289.7734820896576,1253.3788838326723,1272.533935546875,856000,0.0,0.0
2003-10-08 00:00:00+09:00,1269.9797721073544,1283.3883066544909,1251.4632243994042,1259.125244140625,647000,0.0,0.0
2003-10-09 00:00:00+09:00,1259.7642435274115,1276.3652928592476,1245.7172017850887,1252.74072265625,582000,0.0,0.0
2003-10-10 00:00:00+09:00,1252.7404051469398,1252.7404051469398,1225.923332253886,1232.308349609375,1318000,0.0,0.0
2003-10-13 00:00:00+09:00,1232.308349609375,1232.308349609375,1232.308349609375,1232.308349609375,0,0.0,0.0
2003-10-14 00:00:00+09:00,1236.139481056125,1241.8859972387208,1213.791918123809,1214.430419921875,701000,0.0,0.0
2003-10-15 00:00:00+09:00,1232.308342058634,1247.6323836179124,1229.115833400451,1238.693359375,1098000,0.0,0.0
2003-10-16 00:00:00+09:00,1239.3319928458568,1251.463527036517,1222.0924442591293,1250.1865234375,1136000,0.0,0.0
2003-10-17 00:00:00+09:00,1245.0783394478462,1250.1863531481451,1224.0077829341135,1228.477294921875,497000,0.0,0.0
2003-10-20 00:00:00+09:00,1229.1159970916972,1234.8625134417362,1219.538469841632,1224.646484375,403000,0.0,0.0
2003-10-21 00:00:00+09:00,1237.4165207084202,1237.4165207084202,1221.4539752916448,1224.646484375,346000,0.0,0.0
2003-10-22 00:00:00+09:00,1229.1159612773972,1234.8624774599928,1214.430419921875,1214.430419921875,576000,0.0,0.0
2003-10-23 00:00:00+09:00,1206.7681168485278,1206.7681168485278,1139.7254436902763,1158.8804931640625,761000,0.0,0.0
2003-10-24 00:00:00+09:00,1168.45830826233,1178.674337187028,1155.6882721064576,1162.7117919921875,749000,0.0,0.0
2003-10-27 00:00:00+09:00,1149.303017467212,1197.1906431950126,1149.303017467212,1180.589599609375,660000,0.0,0.0
2003-10-28 00:00:00+09:00,1199.7446992441623,1218.8997503231008,1194.6366856231123,1202.2987060546875,542000,0.0,0.0
2003-10-29 00:00:00+09:00,1206.768008961397,1229.1155646829045,1206.768008961397,1215.70703125,474000,0.0,0.0
2003-10-30 00:00:00+09:00,1226.5616529408069,1289.7733154296875,1224.6461480169014,1289.7733154296875,1359000,0.0,0.0
2003-10-31 00:00:00+09:00,1261.0407332244608,1261.0407332244608,1233.5851628302069,1250.82470703125,637000,0.0,0.0
2003-11-03 00:00:00+09:00,1250.82470703125,1250.82470703125,1250.82470703125,1250.82470703125,0,0.0,0.0
2003-11-04 00:00:00+09:00,1261.04098963026,1272.5340214344849,1253.378968427443,1262.3179931640625,760000,0.0,0.0
2003-11-05 00:00:00+09:00,1262.9562798669497,1273.810808055897,1239.9702201727077,1257.8482666015625,566000,0.0,0.0
2003-11-06 00:00:00+09:00,1251.4634055397726,1252.1019072772929,1229.1158447265625,1229.1158447265625,434000,0.0,0.0
2003-11-07 00:00:00+09:00,1245.0782706730315,1276.3648528591743,1243.801267318495,1268.0643310546875,1066000,0.0,0.0
2003-11-10 00:00:00+09:00,1273.810882253095,1286.5809161603943,1232.3082720543728,1236.1392822265625,1175000,0.0,0.0
2003-11-11 00:00:00+09:00,1251.4634910449922,1259.7640141998825,1239.970458984375,1239.970458984375,870000,0.0,0.0
2003-11-12 00:00:00+09:00,1263.5953579493346,1270.6188793932165,1178.0360967238616,1185.6981201171875,800000,0.0,0.0
2003-11-13 00:00:00+09:00,1204.8527351765038,1241.8858346148913,1204.214233462049,1225.2847900390625,515000,0.0,0.0
2003-11-14 00:00:00+09:00,1225.9234241737738,1252.7404990775751,1197.829345703125,1197.829345703125,336000,0.0,0.0
2003-11-17 00:00:00+09:00,1216.984252266262,1216.984252266262,1149.9415731015413,1174.8431396484375,333000,0.0,0.0
2003-11-18 00:00:00+09:00,1168.4581117861355,1196.5521866050372,1158.8805862796917,1184.420654296875,755000,0.0,0.0
2003-11-19 00:00:00+09:00,1165.2655390511572,1178.674074021061,1142.9179807679843,1154.4110107421875,816000,0.0,0.0
2003-11-20 00:00:00+09:00,1162.7113745451627,1181.866421901755,1155.6878571810787,1165.265380859375,671000,0.0,0.0
2003-11-21 00:00:00+09:00,1196.5523994063324,1229.7544937335092,1186.3363703825858,1209.9609375,525000,0.0,0.0
2003-11-24 00:00:00+09:00,1209.9609375,1209.9609375,1209.9609375,1209.9609375,0,0.0,0.0
2003-11-25 00:00:00+09:00,1222.7309737796834,1229.115991919525,1209.9609375,1209.9609375,581000,0.0,0.0
2003-11-26 00:00:00+09:00,1228.4772618821828,1252.7403263060514,1225.923255100723,1236.1392822265625,635000,0.0,0.0
2003-11-27 00:00:00+09:00,1229.1159407611208,1231.6699479107542,1223.3694246744453,1230.3929443359375,369000,0.0,0.0
2003-11-28 00:00:00+09:00,1225.9234838143527,1229.1159928867858,1208.0454330087266,1227.8389892578125,555000,0.0,0.0
2003-12-01 00:00:00+09:00,1208.6839348232133,1237.4165164751123,1202.9374184928336,1227.8389892578125,658000,0.0,0.0
2003-12-02 00:00:00+09:00,1227.2001662029388,1233.5851826764192,1203.5756052510612,1231.669677734375,500000,0.0,0.0
2003-12-03 00:00:00+09:00,1231.6697703590078,1250.8248212199564,1230.3927669682778,1236.1392822265625,726000,0.0,0.0
2003-12-04 00:00:00+09:00,1229.1156668208432,1259.125244140625,1229.1156668208432,1259.125244140625,578000,0.0,0.0
2003-12-05 00:00:00+09:00,1262.3183857669105,1273.172919180182,1256.5718680775315,1261.0413818359375,689000,0.0,0.0
2003-12-08 00:00:00+09:00,1261.6794281923223,1274.449462890625,1257.8484177828313,1274.449462890625,577000,0.0,0.0
2003-12-09 00:00:00+09:00,1274.449292665257,1280.195807511944,1259.7637547237234,1273.810791015625,631000,0.0,0.0
2003-12-10 00:00:00+09:00,1276.3652731824277,1292.9663222583374,1270.6187561946128,1283.3887939453125,1048000,0.0,0.0
2003-12-11 00:00:00+09:00,1312.121228386374,1315.3137374578737,1302.543701171875,1302.543701171875,750000,0.0,0.0
2003-12-12 00:00:00+09:00,1308.9287320360727,1315.3137502411266,1292.9661865234375,1292.9661865234375,681000,0.0,0.0
2003-12-15 00:00:00+09:00,1280.1961501133296,1302.5437138310185,1275.7266373697917,1292.9661865234375,918000,0.0,0.0
2003-12-16 00:00:00+09:00,1266.787628584788,1283.3886761368065,1245.717068230303,1280.1961669921875,690000,0.0,0.0
2003-12-17 00:00:00+09:00,1277.0034327651515,1277.0034327651515,1248.2708555279357,1264.2333984375,485000,0.0,0.0
2003-12-18 00:00:00+09:00,1257.8486934784921,1266.7877197265625,1248.2711653555593,1266.7877197265625,570000,0.0,0.0
2003-12-19 00:00:00+09:00,1277.0036578475685,1318.5062767276145,1273.8111487029496,1280.1961669921875,947000,0.0,0.0
2003-12-22 00:00:00+09:00,1296.1586872072712,1299.3511962890625,1280.1961417983146,1299.3511962890625,401000,0.0,0.0
2003-12-23 00:00:00+09:00,1299.3511962890625,1299.3511962890625,1299.3511962890625,1299.3511962890625,0,0.0,0.0
2003-12-24 00:00:00+09:00,1299.3510781274053,1308.9286045018089,1286.581042961534,1296.1585693359375,432000,0.0,0.0
2003-12-25 00:00:00+09:00,1280.196137671377,1302.543701171875,1277.0036285998774,1302.543701171875,188000,0.0,0.0
2003-12-26 00:00:00+09:00,1277.0037395198171,1308.9288330078125,1276.3652376500572,1308.9288330078125,312000,0.0,0.0
2003-12-29 00:00:00+09:00,1296.1585693359375,1296.1585693359375,1292.9660605444697,1296.1585693359375,200000,0.0,0.0
2003-12-30 00:00:00+09:00,1296.1584189594655,1321.698486328125,1292.965910538383,1321.698486328125,228000,0.0,0.0
2003-12-31 00:00:00+09:00,1321.698486328125,1321.698486328125,1321.698486328125,1321.698486328125,0,0.0,0.0
2004-01-01 00:00:00+09:00,1321.698486328125,1321.698486328125,1321.698486328125,1321.698486328125,0,0.0,0.0
2004-01-02 00:00:00+09:00,1321.698486328125,1321.698486328125,1321.698486328125,1321.698486328125,0,0.0,0.0
2004-01-05 00:00:00+09:00,1324.8909635070368,1350.4310302734375,1318.5059468154366,1350.4310302734375,278000,0.0,0.0
2004-01-06 00:00:00+09:00,1395.1263787100247,1401.511396461558,1366.393798828125,1366.393798828125,749000,0.0,0.0
2004-01-07 00:00:00+09:00,1372.7789435286154,1375.9714526996122,1350.431379331638,1363.201416015625,312000,0.0,0.0
2004-01-08 00:00:00+09:00,1360.008674477631,1379.1637262308373,1353.6236572265625,1353.6236572265625,350000,0.0,0.0
2004-01-09 00:00:00+09:00,1379.1637262308373,1385.5487434819058,1340.8536227244251,1353.6236572265625,476000,0.0,0.0
2004-01-12 00:00:00+09:00,1353.6236572265625,1353.6236572265625,1353.6236572265625,1353.6236572265625,0,0.0,0.0
2004-01-13 00:00:00+09:00,1356.8162082182582,1356.8162082182582,1308.9285773399668,1318.506103515625,510000,0.0,0.0
2004-01-14 00:00:00+09:00,1328.0836572506157,1334.4686748335514,1296.1585693359375,1296.1585693359375,407000,0.0,0.0
2004-01-15 00:00:00+09:00,1308.9287320360727,1312.1212411385995,1280.1961501133296,1292.9661865234375,624000,0.0,0.0
2004-01-16 00:00:00+09:00,1289.773526900169,1289.773526900169,1265.5104605525419,1276.364990234375,797000,0.0,0.0
2004-01-19 00:00:00+09:00,1280.1962845076378,1302.543850571362,1277.0037750699628,1283.3887939453125,395000,0.0,0.0
2004-01-20 00:00:00+09:00,1286.5811558143764,1318.5062465293734,1280.196137671377,1302.543701171875,574000,0.0,0.0
2004-01-21 00:00:00+09:00,1302.5437053708538,1324.891268943393,1289.7736690436884,1299.3511962890625,500000,0.0,0.0
2004-01-22 00:00:00+09:00,1292.96617812548,1315.313741698019,1286.5811599618971,1299.3511962890625,387000,0.0,0.0
2004-01-23 00:00:00+09:00,1292.9661739573758,1324.8912646723727,1286.5811558143764,1302.543701171875,417000,0.0,0.0
2004-01-26 00:00:00+09:00,1318.5060958678464,1334.4686394013554,1318.5060958678464,1324.89111328125,461000,0.0,0.0
2004-01-27 00:00:00+09:00,1340.8536685091779,1340.8536685091779,1315.3135986328125,1315.3135986328125,280000,0.0,0.0
2004-01-28 00:00:00+09:00,1312.121342356612,1315.3138517054115,1299.351304961414,1308.9288330078125,318000,0.0,0.0
2004-01-29 00:00:00+09:00,1286.581018170218,1289.773526900169,1262.317951822591,1276.364990234375,703000,0.0,0.0
2004-01-30 00:00:00+09:00,1289.7735287564471,1318.5061073673583,1286.5810200219016,1315.3135986328125,469000,0.0,0.0
2004-02-02 00:00:00+09:00,1315.3135947904057,1366.3937343939165,1315.3135947904057,1318.506103515625,733000,0.0,0.0
2004-02-03 00:00:00+09:00,1321.6986045745482,1328.0836219879518,1305.7360610410392,1324.89111328125,725000,0.0,0.0
2004-02-04 00:00:00+09:00,1334.4684337682227,1334.4684337682227,1286.580810546875,1286.580810546875,355000,0.0,0.0
2004-02-05 00:00:00+09:00,1286.5812159205104,1289.7737251411568,1264.2336513759853,1275.7266845703125,523000,0.0,0.0
2004-02-06 00:00:00+09:00,1276.3647818156376,1283.3882998746533,1261.0407424141492,1265.51025390625,371000,0.0,0.0
2004-02-09 00:00:00+09:00,1277.0036578475685,1289.7736944260441,1270.6186395583306,1280.1961669921875,346000,0.0,0.0
2004-02-10 00:00:00+09:00,1277.0034476135224,1286.5809734706238,1270.6184303754546,1272.533935546875,299000,0.0,0.0
2004-02-11 00:00:00+09:00,1272.533935546875,1272.533935546875,1272.533935546875,1272.533935546875,0,0.0,0.0
2004-02-12 00:00:00+09:00,1265.5104282565474,1277.0034593910668,1239.9703590687259,1241.8858642578125,1320000,0.0,0.0
2004-02-13 00:00:00+09:00,1245.0781538998167,1252.1016716910465,1234.22362640428,1240.608642578125,894000,0.0,0.0
2004-02-16 00:00:00+09:00,1248.2710180389747,1266.1490684252108,1245.7170108409412,1250.1865234375,401000,0.0,0.0
2004-02-17 00:00:00+09:00,1266.7876328125,1277.003662109375,1255.9331016845704,1277.003662109375,421000,0.0,0.0
2004-02-18 00:00:00+09:00,1269.9802291008734,1271.2572328505978,1262.3182066025272,1266.7877197265625,379000,0.0,0.0
2004-02-19 00:00:00+09:00,1269.3413120410205,1271.895318705087,1262.9562953808545,1266.1488037109375,398000,0.0,0.0
2004-02-20 00:00:00+09:00,1246.9941057117564,1261.6796481753356,1226.5620466319938,1236.778076171875,698000,0.0,0.0
2004-02-23 00:00:00+09:00,1241.2478209058543,1269.9804093527491,1241.2478209058543,1261.0413818359375,407000,0.0,0.0
2004-02-24 00:00:00+09:00,1246.355342999489,1257.8483738263285,1246.355342999489,1249.5478515625,330000,0.0,0.0
2004-02-25 00:00:00+09:00,1249.5478958386398,1261.0409270727203,1249.5478958386398,1253.37890625,323000,0.0,0.0
2004-02-26 00:00:00+09:00,1234.2235363447128,1243.1625583358282,1229.7540253491552,1232.946533203125,649000,0.0,0.0
2004-02-27 00:00:00+09:00,1232.9470911937783,1256.571660004845,1218.2615484193313,1235.5010986328125,1302000,0.0,0.0
2004-03-01 00:00:00+09:00,1271.895614085478,1302.543701171875,1270.618610456878,1302.543701171875,1433000,0.0,0.0
2004-03-02 00:00:00+09:00,1305.736095710341,1318.5061308762122,1277.0035165871304,1296.1585693359375,773000,0.0,0.0
2004-03-03 00:00:00+09:00,1321.69863966768,1321.69863966768,1292.9660605444697,1296.1585693359375,571000,0.0,0.0
2004-03-04 00:00:00+09:00,1305.7363600090368,1308.9288694467118,1283.3887939453125,1283.3887939453125,493000,0.0,0.0
2004-03-05 00:00:00+09:00,1277.0036578475685,1283.3886761368065,1265.5106249269404,1280.1961669921875,935000,0.0,0.0
2004-03-08 00:00:00+09:00,1296.1583088598693,1315.3133577592762,1296.1583088598693,1312.120849609375,1550000,0.0,0.0
2004-03-09 00:00:00+09:00,1312.1213072270298,1334.4688720703125,1308.9287979637036,1334.4688720703125,902000,0.0,0.0
2004-03-10 00:00:00+09:00,1366.3940027442077,1420.6666617317112,1360.0089840397955,1395.1265869140625,1906000,0.0,0.0
2004-03-11 00:00:00+09:00,1344.0458826772483,1369.585946956151,1340.8533746423855,1360.0084228515625,768000,0.0,0.0
2004-03-12 00:00:00+09:00,1369.5860838686685,1372.778592222675,1331.275983620594,1347.238525390625,832000,0.0,0.0
2004-03-15 00:00:00+09:00,1372.7787889502513,1411.0888946883979,1369.586280138739,1388.7413330078125,569000,0.0,0.0
2004-03-16 00:00:00+09:00,1398.3189994652698,1398.3189994652698,1356.8163807596795,1375.971435546875,517000,0.0,0.0
2004-03-17 00:00:00+09:00,1391.933570603485,1433.4361770664327,1391.933570603485,1414.2811279296875,759000,0.0,0.0
2004-03-18 00:00:00+09:00,1427.0515598682089,1433.4365780331673,1385.548941795979,1391.9339599609375,1185000,0.0,0.0
2004-03-19 00:00:00+09:00,1366.3935861519242,1366.3935861519242,1334.4685023633278,1337.6610107421875,975000,0.0,0.0
2004-03-22 00:00:00+09:00,1363.2014554402474,1369.5864739668998,1324.8913442803341,1334.4688720703125,717000,0.0,0.0
2004-03-23 00:00:00+09:00,1340.853712293837,1388.7413448757595,1331.2761857774524,1379.163818359375,611000,0.0,0.0
2004-03-24 00:00:00+09:00,1353.6237593786423,1379.1638303103148,1347.238741645724,1369.5863037109375,710000,0.0,0.0
2004-03-25 00:00:00+09:00,1350.4312083851207,1404.703857421875,1350.4312083851207,1404.703857421875,707000,0.0,0.0
2004-03-26 00:00:00+09:00,1472.361690588165,1478.8052866082444,1443.3655084978072,1469.139892578125,1155000,20.0,0.0
2004-03-29 00:00:00+09:00,1465.9181808676956,1465.9181808676956,1411.1476114726388,1436.9219970703125,824000,0.0,0.0
2004-03-30 00:00:00+09:00,1427.2567105530613,1440.143904327807,1414.369516778316,1424.034912109375,406000,0.0,0.0
2004-03-31 00:00:00+09:00,1459.4743930982506,1482.0269775390625,1459.4743930982506,1482.0269775390625,1081000,0.0,0.0
2004-04-01 00:00:00+09:00,1472.36179172092,1475.583589952257,1414.3694235568576,1449.8092041015625,1034000,0.0,0.0
2004-04-02 00:00:00+09:00,1424.0343157478933,1449.8086925035113,1424.0343157478933,1433.69970703125,786000,0.0,0.0
2004-04-05 00:00:00+09:00,1424.0347755466967,1424.0347755466967,1404.7039867383705,1411.1475830078125,929000,0.0,0.0
2004-04-06 00:00:00+09:00,1411.1475609673396,1411.1475609673396,1366.0423877857352,1391.8167724609375,1006000,0.0,0.0
2004-04-07 00:00:00+09:00,1385.3731835712485,1411.1475683818765,1382.1513854699201,1398.2603759765625,580000,0.0,0.0
2004-04-08 00:00:00+09:00,1411.147453098122,1420.8128466124926,1391.8166660693805,1404.703857421875,597000,0.0,0.0
2004-04-09 00:00:00+09:00,1407.925770280548,1407.925770280548,1375.7077892672633,1398.2603759765625,389000,0.0,0.0
2004-04-12 00:00:00+09:00,1391.8165409482758,1404.7037311422414,1372.4857556573274,1401.48193359375,252000,0.0,0.0
2004-04-13 00:00:00+09:00,1391.8167724609377,1398.2603686297382,1382.1513782077366,1391.8167724609375,330000,0.0,0.0
2004-04-14 00:00:00+09:00,1395.0384362138511,1398.2602339880173,1375.7076495688557,1382.1512451171875,401000,0.0,0.0
2004-04-15 00:00:00+09:00,1375.7077295038687,1391.8167193107056,1343.489749890195,1346.7115478515625,655000,0.0,0.0
2004-04-16 00:00:00+09:00,1353.1551588881073,1378.9295428669284,1353.1551588881073,1359.5987548828125,441000,0.0,0.0
2004-04-19 00:00:00+09:00,1359.598739697032,1375.7077295038687,1330.6025580447256,1346.7115478515625,570000,0.0,0.0
2004-04-20 00:00:00+09:00,1356.3765082780706,1391.8162745276163,1356.3765082780706,1385.3726806640625,603000,0.0,0.0
2004-04-21 00:00:00+09:00,1362.820552880165,1378.9295428669284,1340.2679668986966,1359.5987548828125,897000,0.0,0.0
2004-04-22 00:00:00+09:00,1382.1509825942096,1401.4817655675552,1369.2637939453125,1369.2637939453125,581000,0.0,0.0
2004-04-23 00:00:00+09:00,1398.2603868707095,1411.1475793764303,1388.5949924914187,1407.92578125,651000,0.0,0.0
2004-04-26 00:00:00+09:00,1411.147453098122,1411.147453098122,1395.0384639075041,1404.703857421875,517000,0.0,0.0
2004-04-27 00:00:00+09:00,1401.4821740778912,1401.4821740778912,1369.2641930646062,1398.2603759765625,265000,0.0,0.0
2004-04-28 00:00:00+09:00,1404.7039721792196,1407.925770280548,1391.8167797739056,1398.2603759765625,322000,0.0,0.0
2004-04-29 00:00:00+09:00,1398.2603759765625,1398.2603759765625,1398.2603759765625,1398.2603759765625,0,0.0,0.0
2004-04-30 00:00:00+09:00,1398.260323079427,1398.260323079427,1346.7115554082961,1353.1551513671875,416000,0.0,0.0
2004-05-03 00:00:00+09:00,1353.1551513671875,1353.1551513671875,1353.1551513671875,1353.1551513671875,0,0.0,0.0
2004-05-04 00:00:00+09:00,1353.1551513671875,1353.1551513671875,1353.1551513671875,1353.1551513671875,0,0.0,0.0
2004-05-05 00:00:00+09:00,1353.1551513671875,1353.1551513671875,1353.1551513671875,1353.1551513671875,0,0.0,0.0
2004-05-06 00:00:00+09:00,1353.1551244703392,1353.1551244703392,1320.9371453162835,1330.6025390625,458000,0.0,0.0
2004-05-07 00:00:00+09:00,1298.3847788217906,1337.046360325169,1291.9411819045608,1311.27197265625,603000,0.0,0.0
2004-05-10 00:00:00+09:00,1304.8281984913106,1304.8281984913106,1244.258395697146,1262.94482421875,730000,0.0,0.0
2004-05-11 00:00:00+09:00,1295.1631885383702,1308.0503844442246,1271.3218761125395,1272.610595703125,902000,0.0,0.0
2004-05-12 00:00:00+09:00,1317.7153474008778,1337.0461348933113,1288.7191661622278,1330.6025390625,679000,0.0,0.0
2004-05-13 00:00:00+09:00,1343.4895733868636,1343.4895733868636,1301.6062053915896,1304.8280029296875,434000,0.0,0.0
2004-05-14 00:00:00+09:00,1333.8242228680347,1349.9332110669238,1320.937032308923,1337.0460205078125,772000,0.0,0.0
2004-05-17 00:00:00+09:00,1311.271832366488,1317.7154285943332,1288.71924556903,1295.162841796875,358000,0.0,0.0
2004-05-18 00:00:00+09:00,1320.937032308923,1346.711413427146,1311.2716393895896,1337.0460205078125,762000,0.0,0.0
2004-05-19 00:00:00+09:00,1440.143809407552,1456.2528005642362,1411.1476253255207,1449.8092041015625,1590000,0.0,0.0
2004-05-20 00:00:00+09:00,1424.03441939927,1430.4780140571854,1398.260040767609,1420.8126220703125,679000,0.0,0.0
2004-05-21 00:00:00+09:00,1407.925330275632,1436.9215041257023,1407.925330275632,1433.69970703125,764000,0.0,0.0
2004-05-24 00:00:00+09:00,1449.80894767198,1453.030745333473,1433.6999593645135,1440.1435546875,487000,0.0,0.0
2004-05-25 00:00:00+09:00,1424.03441939927,1427.2562167282276,1404.7036354255242,1420.8126220703125,503000,0.0,0.0
2004-05-26 00:00:00+09:00,1417.590615408761,1446.5867870875768,1417.590615408761,1443.364990234375,422000,0.0,0.0
2004-05-27 00:00:00+09:00,1436.9217570260066,1446.5871500104865,1433.6999593645135,1440.1435546875,295000,0.0,0.0
2004-05-28 00:00:00+09:00,1443.3656181015451,1459.474609375,1440.1438198468543,1459.474609375,438000,0.0,0.0
2004-05-31 00:00:00+09:00,1407.9257048541028,1446.5872802734375,1391.816715096047,1446.5872802734375,844000,0.0,0.0
2004-06-01 00:00:00+09:00,1427.2566024711848,1440.1437952700219,1417.5912078720573,1436.9219970703125,434000,0.0,0.0
2004-06-02 00:00:00+09:00,1443.3653523489934,1443.3653523489934,1417.590971057047,1440.1435546875,327000,0.0,0.0
2004-06-03 00:00:00+09:00,1440.1437662203018,1440.1437662203018,1388.5949960647654,1411.1475830078125,307000,0.0,0.0
2004-06-04 00:00:00+09:00,1395.0385887442792,1411.1475793764303,1391.816790617849,1407.92578125,236000,0.0,0.0
2004-06-07 00:00:00+09:00,1407.925432754482,1436.9216087151005,1398.260040767609,1420.8126220703125,555000,0.0,0.0
2004-06-08 00:00:00+09:00,1417.5908335390802,1430.4780229348899,1417.5908335390802,1427.2562255859375,282000,0.0,0.0
2004-06-09 00:00:00+09:00,1430.4779099367977,1440.1433012201546,1424.0343157478933,1433.69970703125,787000,0.0,0.0
2004-06-10 00:00:00+09:00,1449.8088550987748,1469.139639833425,1446.5870576429998,1462.696044921875,589000,0.0,0.0
2004-06-11 00:00:00+09:00,1446.5875341364767,1465.9183252385233,1446.5875341364767,1456.2529296875,749000,0.0,0.0
2004-06-14 00:00:00+09:00,1469.1400386406588,1514.2452152655912,1465.9182403103064,1491.692626953125,989000,0.0,0.0
2004-06-15 00:00:00+09:00,1494.9141605826967,1494.9141605826967,1465.9179807438081,1475.5833740234375,379000,0.0,0.0
2004-06-16 00:00:00+09:00,1482.0269775390625,1491.6923708708389,1478.8051797618036,1482.0269775390625,416000,0.0,0.0
2004-06-17 00:00:00+09:00,1465.9179807438081,1475.5833740234375,1456.2525874641785,1475.5833740234375,473000,0.0,0.0
2004-06-18 00:00:00+09:00,1482.027084618284,1482.027084618284,1446.587306507847,1469.139892578125,459000,0.0,0.0
2004-06-21 00:00:00+09:00,1475.5831433873375,1507.8011159503797,1462.6959543621206,1485.24853515625,464000,0.0,0.0
2004-06-22 00:00:00+09:00,1478.8051797618036,1491.6923708708389,1472.361584207286,1482.0269775390625,168000,0.0,0.0
2004-06-23 00:00:00+09:00,1501.3580184870468,1504.5798168099802,1485.2490268723789,1488.4708251953125,307000,0.0,0.0
2004-06-24 00:00:00+09:00,1491.6922691427253,1507.8012569304437,1491.6922691427253,1498.1358642578125,417000,0.0,0.0
2004-06-25 00:00:00+09:00,1514.2448688824293,1514.2448688824293,1501.3576785089617,1511.0230712890625,297000,0.0,0.0
2004-06-28 00:00:00+09:00,1485.2490669604595,1527.1324462890625,1485.2490669604595,1527.1324462890625,526000,0.0,0.0
2004-06-29 00:00:00+09:00,1530.353996163947,1533.5757940506078,1523.910400390625,1523.910400390625,416000,0.0,0.0
2004-06-30 00:00:00+09:00,1523.9105152041036,1523.9105152041036,1501.3579282983346,1517.4669189453125,212000,0.0,0.0
2004-07-01 00:00:00+09:00,1520.6884471606184,1520.6884471606184,1494.914066700269,1498.1358642578125,473000,0.0,0.0
2004-07-02 00:00:00+09:00,1507.8012611487393,1511.0230587152964,1498.1358684490679,1501.357666015625,367000,0.0,0.0
2004-07-05 00:00:00+09:00,1478.8052978515625,1485.2488939206326,1462.6963076788875,1478.8052978515625,428000,0.0,0.0
2004-07-06 00:00:00+09:00,1494.9139269251627,1511.022913206684,1485.2485351562502,1485.24853515625,810000,0.0,0.0
2004-07-07 00:00:00+09:00,1498.1360860587724,1498.1360860587724,1465.9181057134224,1478.8052978515625,535000,0.0,0.0
2004-07-08 00:00:00+09:00,1507.801359757133,1520.6885508661683,1482.0269775390625,1482.0269775390625,460000,0.0,0.0
2004-07-09 00:00:00+09:00,1469.139786430027,1488.47057309358,1465.9179886527681,1482.0269775390625,662000,0.0,0.0
2004-07-12 00:00:00+09:00,1482.0267688718616,1511.0229447845718,1482.0267688718616,1507.8011474609375,195000,0.0,0.0
2004-07-13 00:00:00+09:00,1520.6888119262958,1520.6888119262958,1491.692626953125,1491.692626953125,438000,0.0,0.0
2004-07-14 00:00:00+09:00,1491.6924899897024,1511.0232781969123,1475.5834998170274,1478.8052978515625,342000,0.0,0.0
2004-07-15 00:00:00+09:00,1472.361346131033,1488.4703324125544,1465.9177516184247,1485.24853515625,356000,0.0,0.0
2004-07-16 00:00:00+09:00,1482.027231962068,1494.9144252834774,1469.1400386406588,1491.692626953125,255000,0.0,0.0
2004-07-19 00:00:00+09:00,1491.692626953125,1491.692626953125,1491.692626953125,1491.692626953125,0,0.0,0.0
2004-07-20 00:00:00+09:00,1465.9181952582464,1465.9181952582464,1433.7002129448783,1449.8092041015625,595000,0.0,0.0
2004-07-21 00:00:00+09:00,1469.1399934895833,1475.583589952257,1443.3656076388888,1449.8092041015625,475000,0.0,0.0
2004-07-22 00:00:00+09:00,1453.0309025279264,1472.361690588165,1449.8091045178867,1469.139892578125,601000,0.0,0.0
2004-07-23 00:00:00+09:00,1472.3618023937638,1472.3618023937638,1449.809214610927,1459.474609375,477000,0.0,0.0
2004-07-26 00:00:00+09:00,1462.6964005768432,1462.6964005768432,1433.7002164244388,1453.031005859375,487000,0.0,0.0
2004-07-27 00:00:00+09:00,1436.9213965279716,1446.5867870875768,1427.2560059683663,1443.364990234375,470000,0.0,0.0
2004-07-28 00:00:00+09:00,1469.1399970551554,1469.1399970551554,1446.587409381063,1453.031005859375,190000,0.0,0.0
2004-07-29 00:00:00+09:00,1449.809207620219,1459.4746023376872,1446.587409381063,1453.031005859375,321000,0.0,0.0
2004-07-30 00:00:00+09:00,1469.1400041390727,1482.0271971578366,1456.252811120309,1459.474609375,329000,0.0,0.0
2004-08-02 00:00:00+09:00,1453.0305953598886,1453.0305953598886,1417.590824741355,1420.8126220703125,536000,0.0,0.0
2004-08-03 00:00:00+09:00,1395.0384362138511,1420.8128184071788,1362.8204584721918,1382.1512451171875,1108000,0.0,0.0
2004-08-04 00:00:00+09:00,1356.3769606281396,1378.929546671838,1356.3769606281396,1362.820556640625,928000,0.0,0.0
2004-08-05 00:00:00+09:00,1362.8205376583992,1362.8205376583992,1343.489749890195,1346.7115478515625,774000,0.0,0.0
2004-08-06 00:00:00+09:00,1327.3809108332114,1375.7078857421875,1327.3809108332114,1375.7078857421875,534000,0.0,0.0
2004-08-09 00:00:00+09:00,1366.0422562463577,1382.1512451171875,1359.598660698026,1382.1512451171875,499000,0.0,0.0
2004-08-10 00:00:00+09:00,1382.1516175590923,1398.2606107707368,1382.1516175590923,1388.59521484375,527000,0.0,0.0
2004-08-11 00:00:00+09:00,1404.7037311422414,1407.9255286907326,1391.8165409482758,1401.48193359375,390000,0.0,0.0
2004-08-12 00:00:00+09:00,1401.4821740778912,1417.5911645845335,1391.8167797739056,1398.2603759765625,533000,0.0,0.0
2004-08-13 00:00:00+09:00,1385.372784395173,1388.594581568185,1366.0420013571008,1372.485595703125,639000,0.0,0.0
2004-08-16 00:00:00+09:00,1346.7115286395278,1359.5987203011503,1327.3807411470946,1330.6025390625,423000,0.0,0.0
2004-08-17 00:00:00+09:00,1330.6027700708664,1340.26816549511,1311.2719792223793,1317.715576171875,501000,0.0,0.0
2004-08-18 00:00:00+09:00,1340.2678014750609,1346.7113966744603,1317.7152182771633,1324.1588134765625,357000,0.0,0.0
2004-08-19 00:00:00+09:00,1349.9333226472427,1349.9333226472427,1327.3807373046875,1327.3807373046875,353000,0.0,0.0
2004-08-20 00:00:00+09:00,1327.3807411470946,1349.9333265549335,1327.3807411470946,1330.6025390625,279000,0.0,0.0
2004-08-23 00:00:00+09:00,1320.9371453162835,1346.7115286395278,1317.7153474008778,1330.6025390625,326000,0.0,0.0
2004-08-24 00:00:00+09:00,1333.82421875,1346.7114092693237,1327.3806234903382,1333.82421875,288000,0.0,0.0
2004-08-25 00:00:00+09:00,1333.8241185299821,1356.376700244257,1327.380523754475,1349.93310546875,438000,0.0,0.0
2004-08-26 00:00:00+09:00,1353.1551513671875,1359.5987473260789,1340.2679594494048,1353.1551513671875,326000,0.0,0.0
2004-08-27 00:00:00+09:00,1356.3763427734375,1356.3763427734375,1340.2673600801663,1356.3763427734375,245000,0.0,0.0
2004-08-30 00:00:00+09:00,1346.7113080809963,1356.376700244257,1346.7113080809963,1349.93310546875,151000,0.0,0.0
2004-08-31 00:00:00+09:00,1346.711540222168,1349.9333381652832,1340.2679443359375,1340.2679443359375,406000,0.0,0.0
2004-09-01 00:00:00+09:00,1340.2678181475903,1346.711413427146,1337.0460205078125,1337.0460205078125,410000,0.0,0.0
2004-09-02 00:00:00+09:00,1340.2673600801663,1356.3763427734375,1333.8237670028577,1356.3763427734375,691000,0.0,0.0
2004-09-03 00:00:00+09:00,1353.1548940535072,1359.5984887870952,1333.8241098527428,1343.489501953125,637000,0.0,0.0
2004-09-06 00:00:00+09:00,1420.8128466124926,1430.4782401268635,1391.8166660693805,1404.703857421875,1319000,0.0,0.0
2004-09-07 00:00:00+09:00,1404.7039867383705,1424.0347755466967,1395.0385923342074,1411.1475830078125,928000,0.0,0.0
2004-09-08 00:00:00+09:00,1398.2602339880173,1407.925627310515,1378.9294473430216,1382.1512451171875,304000,0.0,0.0
2004-09-09 00:00:00+09:00,1395.0384362138511,1398.2602339880173,1378.9294473430216,1382.1512451171875,580000,0.0,0.0
2004-09-10 00:00:00+09:00,1356.3769606281396,1362.820556640625,1353.155162621897,1362.820556640625,1081000,0.0,0.0
2004-09-13 00:00:00+09:00,1372.4858517946896,1391.8166384396852,1369.2640540205236,1382.1512451171875,511000,0.0,0.0
2004-09-14 00:00:00+09:00,1362.820552880165,1375.7077448695757,1349.9333608907546,1359.5987548828125,586000,0.0,0.0
2004-09-15 00:00:00+09:00,1340.2678014750609,1343.4895990747605,1314.4934206774635,1324.1588134765625,924000,0.0,0.0
2004-09-16 00:00:00+09:00,1308.0498130648743,1320.9370033413757,1304.828015495749,1314.493408203125,592000,0.0,0.0
2004-09-17 00:00:00+09:00,1308.0499189018021,1314.493514561417,1298.38452541238,1301.6063232421875,586000,0.0,0.0
2004-09-20 00:00:00+09:00,1301.6063232421875,1301.6063232421875,1301.6063232421875,1301.6063232421875,0,0.0,0.0
2004-09-21 00:00:00+09:00,1311.2717477742908,1333.824333116846,1308.0499498682113,1327.3807373046875,957000,0.0,0.0
2004-09-22 00:00:00+09:00,1327.380837727063,1337.0462321765317,1308.050048828125,1308.050048828125,464000,0.0,0.0
2004-09-23 00:00:00+09:00,1308.050048828125,1308.050048828125,1308.050048828125,1308.050048828125,0,0.0,0.0
2004-09-24 00:00:00+09:00,1295.1627275825726,1314.493514561417,1295.1627275825726,1301.6063232421875,730000,0.0,0.0
2004-09-27 00:00:00+09:00,1314.6223094959548,1314.6223094959548,1275.574122085184,1282.0821533203125,643000,20.0,0.0
2004-09-28 00:00:00+09:00,1283.3834913910412,1301.605975041624,1269.0658256655834,1270.367431640625,651000,0.0,0.0
2004-09-29 00:00:00+09:00,1287.939942840171,1293.7971735049316,1271.6698576602798,1274.2730712890625,653000,0.0,0.0
2004-09-30 00:00:00+09:00,1314.6219346115074,1327.637993370037,1304.85989054261,1311.367919921875,591000,0.0,0.0
2004-10-01 00:00:00+09:00,1330.8924308608146,1340.6544780309428,1321.1303836906864,1324.3843994140625,642400,0.0,0.0
2004-10-04 00:00:00+09:00,1324.3843157512385,1340.6543933403202,1324.3843157512385,1334.1463623046875,494100,0.0,0.0
2004-10-05 00:00:00+09:00,1321.1305298746943,1330.892578125,1308.1144655409535,1330.892578125,733300,0.0,0.0
2004-10-06 00:00:00+09:00,1317.87617704294,1343.9082990586032,1317.87617704294,1337.4002685546875,434700,0.0,0.0
2004-10-07 00:00:00+09:00,1343.9086424587408,1356.9247067924816,1330.892578125,1330.892578125,399100,0.0,0.0
2004-10-08 00:00:00+09:00,1334.146594208435,1343.9086424587408,1314.6224977078239,1330.892578125,335000,0.0,0.0
2004-10-11 00:00:00+09:00,1330.892578125,1330.892578125,1330.892578125,1330.892578125,0,0.0,0.0
2004-10-12 00:00:00+09:00,1314.6220663885924,1330.892141467659,1287.939143258923,1295.748779296875,783100,0.0,0.0
2004-10-13 00:00:00+09:00,1285.336340516057,1308.1144528796326,1285.336340516057,1295.098388671875,636200,0.0,0.0
2004-10-14 00:00:00+09:00,1295.748878784489,1295.748878784489,1278.177196349943,1284.034423828125,479700,0.0,0.0
2004-10-15 00:00:00+09:00,1284.0346474259711,1287.288663258272,1261.9073397663244,1272.3201904296875,391000,0.0,0.0
2004-10-18 00:00:00+09:00,1272.9710837417508,1280.7807222923136,1256.050200215531,1257.351806640625,419900,0.0,0.0
2004-10-19 00:00:00+09:00,1258.6534130657187,1267.1138548288286,1254.0977905778905,1257.351806640625,624000,0.0,0.0
2004-10-20 00:00:00+09:00,1259.304047271985,1262.5580628980106,1232.6211191385732,1239.129150390625,591000,0.0,0.0
2004-10-21 00:00:00+09:00,1230.0176837516094,1234.5733048025413,1209.842790526054,1231.9700927734375,905300,0.0,0.0
2004-10-22 00:00:00+09:00,1231.9703920929671,1233.2719984237574,1213.7479034619037,1220.90673828125,636200,0.0,0.0
2004-10-25 00:00:00+09:00,1223.5096998189017,1230.0177301370873,1197.477578546159,1207.2396240234375,576400,0.0,0.0
2004-10-26 00:00:00+09:00,1205.2873789524033,1211.79541015625,1198.7793477485566,1211.79541015625,650500,0.0,0.0
2004-10-27 00:00:00+09:00,1212.4463618542923,1220.2560002559303,1196.17628185088,1199.4302978515625,331000,0.0,0.0
2004-10-28 00:00:00+09:00,1203.9859474532252,1226.1132567577708,1203.9859474532252,1219.605224609375,331600,0.0,0.0
2004-10-29 00:00:00+09:00,1207.8906995625662,1227.414794921875,1203.9858804907044,1227.414794921875,495400,0.0,0.0
2004-11-01 00:00:00+09:00,1238.4785327148438,1242.3833520507812,1226.113271484375,1236.526123046875,650000,0.0,0.0
2004-11-02 00:00:00+09:00,1250.1928581022053,1265.8121337890625,1240.4308107979193,1265.8121337890625,562200,0.0,0.0
2004-11-03 00:00:00+09:00,1265.8121337890625,1265.8121337890625,1265.8121337890625,1265.8121337890625,0,0.0,0.0
2004-11-04 00:00:00+09:00,1304.8604368276933,1304.8604368276933,1274.272685939463,1295.098388671875,1035100,0.0,0.0
2004-11-05 00:00:00+09:00,1301.6064207757538,1308.1144528796326,1282.0823244641176,1295.098388671875,781800,0.0,0.0
2004-11-08 00:00:00+09:00,1279.4788635883135,1280.1296666725395,1251.4943309665955,1262.5579833984375,1364900,0.0,0.0
2004-11-09 00:00:00+09:00,1203.9860391209268,1218.3037109375,1198.7796130058093,1218.3037109375,3158000,0.0,0.0
2004-11-10 00:00:00+09:00,1207.240211419892,1217.6530649954814,1178.6048640870213,1187.0653076171875,1635400,0.0,0.0
2004-11-11 00:00:00+09:00,1176.6521299041972,1177.9537362425867,1151.2708063056,1159.0804443359375,1621300,0.0,0.0
2004-11-12 00:00:00+09:00,1178.6046932646218,1183.1603160436678,1155.8265793693915,1160.3822021484375,1069900,0.0,0.0
2004-11-15 00:00:00+09:00,1166.2392609934855,1198.7794189453125,1163.6360483573392,1198.7794189453125,1222000,0.0,0.0
2004-11-16 00:00:00+09:00,1183.1599188835323,1197.4775856687015,1172.7470703125,1172.7470703125,880600,0.0,0.0
2004-11-17 00:00:00+09:00,1173.3979944529267,1176.0012068643587,1153.8739013671875,1153.8739013671875,1172600,0.0,0.0
2004-11-18 00:00:00+09:00,1173.3980501575631,1184.4617034313726,1155.175562412465,1161.68359375,915100,0.0,0.0
2004-11-19 00:00:00+09:00,1187.0648864341888,1191.6205082571269,1172.0964147302489,1179.2552490234375,975500,0.0,0.0
2004-11-22 00:00:00+09:00,1183.1600800584627,1183.1600800584627,1157.1279550846791,1163.635986328125,630600,0.0,0.0
2004-11-23 00:00:00+09:00,1163.635986328125,1163.635986328125,1163.635986328125,1163.635986328125,0,0.0,0.0
2004-11-24 00:00:00+09:00,1174.0490330527193,1187.0650977207097,1171.4458201191214,1183.1602783203125,850900,0.0,0.0
2004-11-25 00:00:00+09:00,1187.7156057707523,1192.9220303439938,1174.6995443376481,1189.0172119140625,688600,0.0,0.0
2004-11-26 00:00:00+09:00,1196.17628185088,1206.589133053064,1194.874675450607,1199.4302978515625,1194300,0.0,0.0
2004-11-29 00:00:00+09:00,1197.4776149171646,1217.6525095163124,1197.4776149171646,1198.12841796875,893800,0.0,0.0
2004-11-30 00:00:00+09:00,1185.7631408186985,1201.3824138042355,1158.4294130940084,1181.20751953125,1081900,0.0,0.0
2004-12-01 00:00:00+09:00,1164.2867726763156,1180.5568505504955,1148.0166948021358,1165.58837890625,911200,0.0,0.0
2004-12-02 00:00:00+09:00,1186.4140125258,1200.0808771791415,1181.2075878959554,1192.271240234375,978900,0.0,0.0
2004-12-03 00:00:00+09:00,1201.3827121828167,1201.3827121828167,1190.9698609396287,1194.223876953125,590500,0.0,0.0
2004-12-06 00:00:00+09:00,1194.2236494705667,1196.176058706758,1188.3664217619917,1192.271240234375,577100,0.0,0.0
2004-12-07 00:00:00+09:00,1192.271447290348,1194.2238568656053,1182.5093994140625,1182.5093994140625,682200,0.0,0.0
2004-12-08 00:00:00+09:00,1183.1602225072377,1194.223876953125,1179.9062064937414,1194.223876953125,629500,0.0,0.0
2004-12-09 00:00:00+09:00,1194.2238615678118,1195.5254679564416,1164.937717823642,1177.302978515625,436200,0.0,0.0
2004-12-10 00:00:00+09:00,1171.4457171227602,1171.4457171227602,1160.382063127712,1162.33447265625,667600,0.0,0.0
2004-12-13 00:00:00+09:00,1177.9539158325867,1184.4619485167448,1165.5886537326867,1180.55712890625,764300,0.0,0.0
2004-12-14 00:00:00+09:00,1161.0330712005766,1185.11279296875,1158.4298580364498,1185.11279296875,580700,0.0,0.0
2004-12-15 00:00:00+09:00,1184.4617204755662,1184.4617204755662,1170.7948544700787,1178.6044921875,645100,0.0,0.0
2004-12-16 00:00:00+09:00,1179.255626652979,1181.8588399568487,1167.541166785565,1168.8427734375,342500,0.0,0.0
2004-12-17 00:00:00+09:00,1181.207882763248,1200.0811767578125,1177.9538665572888,1200.0811767578125,1071700,0.0,0.0
2004-12-20 00:00:00+09:00,1181.8584614936879,1183.8108708463756,1170.7948084951236,1179.2552490234375,653500,0.0,0.0
2004-12-21 00:00:00+09:00,1181.8584614936879,1194.2237207273774,1179.2552490234375,1179.2552490234375,600700,0.0,0.0
2004-12-22 00:00:00+09:00,1185.7632169345402,1194.8744600943007,1179.25518610614,1181.8583984375,699600,0.0,0.0
2004-12-23 00:00:00+09:00,1181.8583984375,1181.8583984375,1181.8583984375,1181.8583984375,0,0.0,0.0
2004-12-24 00:00:00+09:00,1184.4617203422215,1198.12858634617,1183.8109171991762,1197.477783203125,520700,0.0,0.0
2004-12-27 00:00:00+09:00,1230.0181924777926,1230.0181924777926,1204.6368646965047,1211.1448974609375,518000,0.0,0.0
2004-12-28 00:00:00+09:00,1214.3986647898275,1225.4623182203886,1209.192239646034,1216.35107421875,303900,0.0,0.0
2004-12-29 00:00:00+09:00,1210.4938033832857,1212.4462127435813,1185.1124816994427,1192.922119140625,689600,0.0,0.0
2004-12-30 00:00:00+09:00,1192.9224057205258,1211.1448974609375,1192.9224057205258,1211.1448974609375,267000,0.0,0.0
2004-12-31 00:00:00+09:00,1211.1448974609375,1211.1448974609375,1211.1448974609375,1211.1448974609375,0,0.0,0.0
2005-01-03 00:00:00+09:00,1211.1448974609375,1211.1448974609375,1211.1448974609375,1211.1448974609375,0,0.0,0.0
2005-01-04 00:00:00+09:00,1209.1924636651217,1210.4940701922103,1190.9699722858843,1204.6368408203125,334000,0.0,0.0
2005-01-05 00:00:00+09:00,1208.5409578649007,1215.6997896023881,1198.128111701283,1200.7313232421875,937500,0.0,0.0
2005-01-06 00:00:00+09:00,1194.2237968320567,1204.6366473766413,1192.2713873549471,1198.7794189453125,601000,0.0,0.0
2005-01-07 00:00:00+09:00,1200.7318840967464,1203.3350968535958,1185.763410744863,1187.7158203125,710100,0.0,0.0
2005-01-10 00:00:00+09:00,1187.7158203125,1187.7158203125,1187.7158203125,1187.7158203125,0,0.0,0.0
2005-01-11 00:00:00+09:00,1195.5254279974984,1211.7955073115636,1195.5254279974984,1205.2874755859375,644000,0.0,0.0
2005-01-12 00:00:00+09:00,1220.90675172744,1221.5575549000025,1205.2874755859375,1205.2874755859375,640700,0.0,0.0
2005-01-13 00:00:00+09:00,1217.6523735343742,1222.2079943867209,1211.1443437453077,1218.9539794921875,1004200,0.0,0.0
2005-01-14 00:00:00+09:00,1221.5573875471164,1249.541920133438,1217.0017659632965,1243.6846923828125,1891800,0.0,0.0
2005-01-17 00:00:00+09:00,1263.2091115605194,1263.2091115605194,1252.7962595332303,1258.002685546875,977500,0.0,0.0
2005-01-18 00:00:00+09:00,1256.0499639650477,1256.700767055185,1243.033902162301,1246.938720703125,909100,0.0,0.0
2005-01-19 00:00:00+09:00,1249.5420384966128,1257.3516762372167,1248.8912353515625,1248.8912353515625,435200,0.0,0.0
2005-01-20 00:00:00+09:00,1242.3832680306782,1242.3832680306782,1220.9067631354387,1227.414794921875,608500,0.0,0.0
2005-01-21 00:00:00+09:00,1244.9866447774773,1244.9866447774773,1216.3513011443308,1218.3037109375,534300,0.0,0.0
2005-01-24 00:00:00+09:00,1233.2721069335937,1236.526123046875,1220.2560424804688,1236.526123046875,455500,0.0,0.0
2005-01-25 00:00:00+09:00,1236.5259757874503,1238.4783852229043,1226.763928610181,1230.0179443359375,434400,0.0,0.0
2005-01-26 00:00:00+09:00,1229.3666231834284,1233.9222432799259,1222.858594474146,1228.7158203125,538000,0.0,0.0
2005-01-27 00:00:00+09:00,1222.2078994208046,1230.0175345608736,1222.2078994208046,1225.4619140625,636000,0.0,0.0
2005-01-28 00:00:00+09:00,1236.5256839552487,1243.0337138708026,1224.8112301072515,1230.66845703125,515500,0.0,0.0
2005-01-31 00:00:00+09:00,1230.0180076364495,1239.7800553161037,1213.7479281703588,1227.414794921875,656300,0.0,0.0
2005-02-01 00:00:00+09:00,1230.0180760468083,1230.0180760468083,1215.049602105498,1219.605224609375,636800,0.0,0.0
2005-02-02 00:00:00+09:00,1222.8590165208375,1222.8590165208375,1208.5413484189437,1212.4461669921875,764100,0.0,0.0
2005-02-03 00:00:00+09:00,1213.0969858299768,1215.700198245921,1187.0648616705353,1191.6204833984375,865300,0.0,0.0
2005-02-04 00:00:00+09:00,1192.922119140625,1196.1761347411177,1181.2076629788514,1192.922119140625,585400,0.0,0.0
2005-02-07 00:00:00+09:00,1199.430222104349,1204.6366473766413,1192.9221905139837,1198.7794189453125,472300,0.0,0.0
2005-02-08 00:00:00+09:00,1200.7320848102497,1209.8433309822517,1200.0812815122497,1202.03369140625,533600,0.0,0.0
2005-02-09 00:00:00+09:00,1211.1446238369501,1211.7954269663628,1203.985789413411,1209.843017578125,314900,0.0,0.0
2005-02-10 00:00:00+09:00,1213.7478363546008,1220.2558676487274,1205.2873956722362,1209.843017578125,560900,0.0,0.0
2005-02-11 00:00:00+09:00,1209.843017578125,1209.843017578125,1209.843017578125,1209.843017578125,0,0.0,0.0
2005-02-14 00:00:00+09:00,1235.8751347645991,1240.4307566410353,1223.509875385701,1239.129150390625,1026400,0.0,0.0
2005-02-15 00:00:00+09:00,1233.2720483707476,1237.8276707130142,1224.1608036862144,1233.9228515625,530400,0.0,0.0
2005-02-16 00:00:00+09:00,1222.208146484375,1226.7637679036459,1219.6049342447916,1220.2557373046875,282800,0.0,0.0
2005-02-17 00:00:00+09:00,1215.0497419748447,1231.31982421875,1215.0497419748447,1231.31982421875,379500,0.0,0.0
2005-02-18 00:00:00+09:00,1232.6213037109376,1239.1293359375,1228.716484375,1236.526123046875,408800,0.0,0.0
2005-02-21 00:00:00+09:00,1236.526123046875,1239.1293359375,1229.3672875976563,1236.526123046875,713500,0.0,0.0
2005-02-22 00:00:00+09:00,1223.5101610238444,1227.4149806866862,1213.7481118667392,1224.811767578125,738600,0.0,0.0
2005-02-23 00:00:00+09:00,1223.5100438984125,1237.1769114100437,1217.0020117500167,1219.605224609375,1056700,0.0,0.0
2005-02-24 00:00:00+09:00,1239.7798867116144,1252.795948514361,1239.7798867116144,1246.938720703125,847100,0.0,0.0
2005-02-25 00:00:00+09:00,1236.5258917220308,1249.5419537401574,1233.9226793184055,1239.7799072265625,887600,0.0,0.0
2005-02-28 00:00:00+09:00,1243.0340869855681,1252.7961347891198,1235.224448742727,1244.335693359375,489400,0.0,0.0
2005-03-01 00:00:00+09:00,1234.5737446880687,1252.1454321454107,1234.5737446880687,1251.49462890625,325100,0.0,0.0
2005-03-02 00:00:00+09:00,1261.907373435195,1278.177453030801,1256.050144780777,1268.4154052734375,676700,0.0,0.0
2005-03-03 00:00:00+09:00,1257.35167604795,1269.0661326570923,1256.0500697580453,1267.7645263671875,650700,0.0,0.0
2005-03-04 00:00:00+09:00,1264.510783253205,1276.876045673077,1250.1931109775642,1269.06640625,832000,0.0,0.0
2005-03-07 00:00:00+09:00,1287.9395258437619,1287.9395258437619,1269.0662331456977,1274.9234619140625,1026800,0.0,0.0
2005-03-08 00:00:00+09:00,1276.2254815106494,1281.4319087682145,1269.0666440314974,1274.2730712890625,288600,0.0,0.0
2005-03-09 00:00:00+09:00,1282.0820865573364,1296.3997545290426,1281.4312834677132,1289.8917236328125,616900,0.0,0.0
2005-03-10 00:00:00+09:00,1295.098430115877,1308.1144947401572,1290.5428074973788,1299.654052734375,779300,0.0,0.0
2005-03-11 00:00:00+09:00,1300.9553280065556,1334.146284348894,1298.3521157444115,1314.6221923828125,1135600,0.0,0.0
2005-03-14 00:00:00+09:00,1317.8764759410512,1324.384507921007,1288.59033203125,1288.59033203125,555400,0.0,0.0
2005-03-15 00:00:00+09:00,1285.3361689378767,1286.6377751849025,1274.2725158381584,1282.0821533203125,1043300,0.0,0.0
2005-03-16 00:00:00+09:00,1289.2410296016008,1324.3843994140625,1284.034604444199,1324.3843994140625,1152000,0.0,0.0
2005-03-17 00:00:00+09:00,1298.3521637979118,1301.6061792460268,1284.0344958262053,1289.8917236328125,1388000,0.0,0.0
2005-03-18 00:00:00+09:00,1278.8279012146456,1308.1140363569657,1278.8279012146456,1295.748779296875,617400,0.0,0.0
2005-03-21 00:00:00+09:00,1295.748779296875,1295.748779296875,1295.748779296875,1295.748779296875,0,0.0,0.0
2005-03-22 00:00:00+09:00,1295.7488847768893,1314.6221734049805,1295.7488847768893,1297.7012939453125,589300,0.0,0.0
2005-03-23 00:00:00+09:00,1304.8603640124572,1317.8764274938783,1299.653938619889,1308.1143798828125,630900,0.0,0.0
2005-03-24 00:00:00+09:00,1321.130223038173,1337.4002996765741,1308.114161727452,1314.6221923828125,845700,0.0,0.0
2005-03-25 00:00:00+09:00,1327.638475104944,1327.638475104944,1299.0031354458179,1308.1143798828125,299100,0.0,0.0
2005-03-28 00:00:00+09:00,1312.058635393937,1324.5481715023964,1308.1145713596866,1317.9747314453125,260100,20.0,0.0
2005-03-29 00:00:00+09:00,1314.6878756009614,1314.6878756009614,1247.6387939453125,1264.729736328125,1377500,0.0,0.0
2005-03-30 00:00:00+09:00,1262.1004533179012,1277.876708984375,1262.1004533179012,1277.876708984375,1079600,0.0,0.0
2005-03-31 00:00:00+09:00,1279.8482474350349,1293.6524658203125,1275.9041850392412,1293.6524658203125,451500,0.0,0.0
2005-04-01 00:00:00+09:00,1287.0790284939899,1296.9391844834738,1278.5335599697703,1293.6524658203125,544700,0.0,0.0
2005-04-04 00:00:00+09:00,1283.7926825973586,1298.2542489143796,1281.8206508268559,1294.967529296875,557000,0.0,0.0
2005-04-05 00:00:00+09:00,1294.9674533309078,1296.9394849857265,1282.4779195170563,1284.449951171875,771100,0.0,0.0
2005-04-06 00:00:00+09:00,1294.967438948576,1306.142284868437,1282.4779052734375,1282.4779052734375,796100,0.0,0.0
2005-04-07 00:00:00+09:00,1289.0512838888071,1294.3100346644883,1279.8484700313654,1291.0233154296875,496500,0.0,0.0
2005-04-08 00:00:00+09:00,1291.0234175546957,1291.0234175546957,1271.3031005859375,1271.3031005859375,488400,0.0,0.0
2005-04-11 00:00:00+09:00,1267.3591402202073,1274.5899236965674,1262.7577325534328,1268.673828125,638700,0.0,0.0
2005-04-12 00:00:00+09:00,1267.3589945211038,1269.988370028409,1264.7296190137986,1265.386962890625,396000,0.0,0.0
2005-04-13 00:00:00+09:00,1266.0443067674512,1276.561808796672,1264.0722751369724,1265.386962890625,359000,0.0,0.0
2005-04-14 00:00:00+09:00,1262.7578931992025,1263.415237235225,1254.21242073091,1256.841796875,439600,0.0,0.0
2005-04-15 00:00:00+09:00,1257.498779296875,1267.3589370017642,1256.8414354498823,1257.498779296875,768000,0.0,0.0
2005-04-18 00:00:00+09:00,1258.813524122362,1264.0722751369724,1214.771484375,1214.771484375,935400,0.0,0.0
2005-04-19 00:00:00+09:00,1215.4287779025346,1234.4917495408113,1210.1700271057687,1224.631591796875,561200,0.0,0.0
2005-04-20 00:00:00+09:00,1231.204984899402,1241.065142279803,1222.0021713443612,1235.1490478515625,436800,0.0,0.0
2005-04-21 00:00:00+09:00,1232.5198360979878,1233.834523923159,1206.226079594564,1223.974365234375,366000,0.0,0.0
2005-04-22 00:00:00+09:00,1243.6945417205745,1246.981260911168,1231.2050087963194,1238.435791015625,399700,0.0,0.0
2005-04-25 00:00:00+09:00,1231.8625768783245,1246.3241439494682,1220.6877295960771,1235.806640625,437100,0.0,0.0
2005-04-26 00:00:00+09:00,1242.3802581851628,1246.9816665488115,1240.4082260293133,1243.6949462890625,425500,0.0,0.0
2005-04-27 00:00:00+09:00,1248.9536040198564,1251.5829800283193,1236.4640679796578,1247.638916015625,453400,0.0,0.0
2005-04-28 00:00:00+09:00,1222.6595813007627,1245.0092725718519,1220.030205857105,1244.3519287109375,657700,0.0,0.0
2005-04-29 00:00:00+09:00,1244.3519287109375,1244.3519287109375,1244.3519287109375,1244.3519287109375,0,0.0,0.0
2005-05-02 00:00:00+09:00,1245.0093106064653,1249.6107177734375,1235.806496272521,1249.6107177734375,361300,0.0,0.0
2005-05-03 00:00:00+09:00,1249.6107177734375,1249.6107177734375,1249.6107177734375,1249.6107177734375,0,0.0,0.0
2005-05-04 00:00:00+09:00,1249.6107177734375,1249.6107177734375,1249.6107177734375,1249.6107177734375,0,0.0,0.0
2005-05-05 00:00:00+09:00,1249.6107177734375,1249.6107177734375,1249.6107177734375,1249.6107177734375,0,0.0,0.0
2005-05-06 00:00:00+09:00,1254.86958656826,1266.7017775364259,1246.3241153134736,1266.04443359375,385100,0.0,0.0
2005-05-09 00:00:00+09:00,1271.96044921875,1274.58982482437,1238.435910247093,1271.96044921875,443800,0.0,0.0
2005-05-10 00:00:00+09:00,1275.247117888622,1292.3380586438302,1269.331023011819,1281.820556640625,652200,0.0,0.0
2005-05-11 00:00:00+09:00,1281.8205756321167,1289.051358366452,1271.9604173580237,1284.449951171875,490100,0.0,0.0
2005-05-12 00:00:00+09:00,1283.7924381671567,1283.7924381671567,1257.4986862333694,1261.4427490234375,533300,0.0,0.0
2005-05-13 00:00:00+09:00,1252.240028520934,1264.072217766801,1250.9253408269487,1257.498779296875,320000,0.0,0.0
2005-05-16 00:00:00+09:00,1237.7781982421875,1255.5264783019534,1237.7781982421875,1237.7781982421875,286900,0.0,0.0
2005-05-17 00:00:00+09:00,1233.1771561679625,1235.8065317674677,1213.456839171673,1220.6876220703125,600200,0.0,0.0
2005-05-18 00:00:00+09:00,1211.4843849244157,1221.3445399834857,1192.42141847688,1212.799072265625,591200,0.0,0.0
2005-05-19 00:00:00+09:00,1223.317280678618,1243.6949462890625,1214.1144639513204,1243.6949462890625,512600,0.0,0.0
2005-05-20 00:00:00+09:00,1257.4990777561807,1257.4990777561807,1223.9745336027227,1230.5479736328125,452400,0.0,0.0
2005-05-23 00:00:00+09:00,1233.1775310324106,1240.4083161290826,1225.9467459357386,1239.0936279296875,464400,0.0,0.0
2005-05-24 00:00:00+09:00,1235.1494255785672,1238.4361457104953,1208.198320496757,1219.3731689453125,992600,0.0,0.0
2005-05-25 00:00:00+09:00,1219.3728483364982,1224.6315991649037,1208.8553466796875,1208.8553466796875,473500,0.0,0.0
2005-05-26 00:00:00+09:00,1209.5129718377775,1219.373131934281,1203.5968757798753,1214.1143798828125,314700,0.0,0.0
2005-05-27 00:00:00+09:00,1202.939208984375,1210.1699911148821,1197.6804583440062,1202.939208984375,463800,0.0,0.0
2005-05-30 00:00:00+09:00,1208.8555249379558,1232.5199071553384,1203.596773334093,1216.74365234375,345400,0.0,0.0
2005-05-31 00:00:00+09:00,1206.8834930865073,1216.74365234375,1200.9673975321616,1216.74365234375,889300,0.0,0.0
2005-06-01 00:00:00+09:00,1212.79930555846,1233.1769632670303,1210.8272741673081,1227.918212890625,556400,0.0,0.0
2005-06-02 00:00:00+09:00,1233.8343553959498,1240.4077936239516,1221.3448227627462,1234.49169921875,304300,0.0,0.0
2005-06-03 00:00:00+09:00,1229.233163686899,1229.8905076246995,1206.8834698016826,1213.4569091796875,439900,0.0,0.0
2005-06-06 00:00:00+09:00,1210.1702834419582,1210.8276274307914,1204.2541875424592,1209.512939453125,261900,0.0,0.0
2005-06-07 00:00:00+09:00,1204.91135324691,1209.5127604878967,1192.4218193070894,1201.6246337890625,440200,0.0,0.0
2005-06-08 00:00:00+09:00,1196.3658447265625,1202.9392834338512,1193.736469243647,1196.3658447265625,372700,0.0,0.0
2005-06-09 00:00:00+09:00,1196.365595687019,1204.2537204937466,1193.0788770175493,1195.708251953125,599000,0.0,0.0
2005-06-10 00:00:00+09:00,1196.365595687019,1198.337626888701,1192.4215332836552,1195.708251953125,724200,0.0,0.0
2005-06-13 00:00:00+09:00,1197.022939420913,1200.3096580903828,1193.7362207514432,1195.708251953125,239800,0.0,0.0
2005-06-14 00:00:00+09:00,1195.708251953125,1197.680283154807,1194.393564485337,1195.708251953125,208800,0.0,0.0
2005-06-15 00:00:00+09:00,1198.337876338749,1200.9672518216646,1194.3938131143757,1196.3658447265625,535500,0.0,0.0
2005-06-16 00:00:00+09:00,1201.6244381312058,1213.4566262528479,1200.3097505621345,1208.1978759765625,623400,0.0,0.0
2005-06-17 00:00:00+09:00,1216.086131241622,1227.9183206266755,1211.4847242585456,1225.9462890625,467400,0.0,0.0
2005-06-20 00:00:00+09:00,1227.9183329728216,1227.9183329728216,1210.827392578125,1210.827392578125,319600,0.0,0.0
2005-06-21 00:00:00+09:00,1210.8274776335686,1227.9184192288305,1210.8274776335686,1222.65966796875,434000,0.0,0.0
2005-06-22 00:00:00+09:00,1227.2609314905842,1237.7784327781308,1219.3728055249244,1236.4637451171875,398100,0.0,0.0
2005-06-23 00:00:00+09:00,1226.6035301245233,1239.0930623176455,1226.6035301245233,1228.5755615234375,258200,0.0,0.0
2005-06-24 00:00:00+09:00,1229.2331165350597,1229.2331165350597,1216.086238283348,1223.974365234375,365400,0.0,0.0
2005-06-27 00:00:00+09:00,1228.5757057883523,1228.5757057883523,1210.170077237216,1214.771484375,356000,0.0,0.0
2005-06-28 00:00:00+09:00,1219.3730979665938,1236.4640416577697,1216.086378025983,1226.6038818359375,224700,0.0,0.0
2005-06-29 00:00:00+09:00,1240.4074756816283,1242.3795066445562,1226.6032589411332,1241.0648193359375,323200,0.0,0.0
2005-06-30 00:00:00+09:00,1233.1770115731495,1240.4077936239516,1223.3168542311469,1234.49169921875,341900,0.0,0.0
2005-07-01 00:00:00+09:00,1229.2332856267944,1243.0375096899832,1229.2332856267944,1230.5479736328125,456300,0.0,0.0
2005-07-04 00:00:00+09:00,1243.0374375388783,1257.4990047656659,1237.7786858200466,1254.86962890625,597200,0.0,0.0
2005-07-05 00:00:00+09:00,1262.7575731227848,1268.016324078007,1257.4988221675624,1263.4149169921875,689500,0.0,0.0
2005-07-06 00:00:00+09:00,1263.4150341668042,1264.0723780971718,1243.037372325404,1245.666748046875,407600,0.0,0.0
2005-07-07 00:00:00+09:00,1233.177250455695,1252.897568959784,1220.6877154031054,1250.925537109375,847400,0.0,0.0
2005-07-08 00:00:00+09:00,1266.7015544260582,1271.302961214321,1243.0371766578494,1252.239990234375,898500,0.0,0.0
2005-07-11 00:00:00+09:00,1250.267968340325,1260.7854696512848,1249.6106245083902,1253.5546875,301000,0.0,0.0
2005-07-12 00:00:00+09:00,1244.3516353013601,1255.5264783019534,1236.463510830353,1237.7781982421875,354500,0.0,0.0
2005-07-13 00:00:00+09:00,1245.6666864928225,1247.6387181864789,1231.8624646372293,1237.1212158203125,410000,0.0,0.0
2005-07-14 00:00:00+09:00,1244.3520224469644,1246.9813980886906,1237.7785833426487,1240.407958984375,239700,0.0,0.0
2005-07-15 00:00:00+09:00,1239.0932711635119,1243.0373346261013,1233.8345198800591,1240.407958984375,333500,0.0,0.0
2005-07-18 00:00:00+09:00,1240.407958984375,1240.407958984375,1240.407958984375,1240.407958984375,0,0.0,0.0
2005-07-19 00:00:00+09:00,1232.519727609752,1239.093166157004,1225.9462890625,1225.9462890625,384200,0.0,0.0
2005-07-20 00:00:00+09:00,1229.2330890456876,1245.6666864928225,1227.2610573520315,1237.1212158203125,318500,0.0,0.0
2005-07-21 00:00:00+09:00,1237.7784736207627,1243.0372244380576,1224.6315965775257,1225.2889404296875,353700,0.0,0.0
2005-07-22 00:00:00+09:00,1235.1492829572696,1235.1492829572696,1212.799588640853,1216.74365234375,538500,0.0,0.0
2005-07-25 00:00:00+09:00,1216.0857906186484,1222.0018836540905,1209.5123539126016,1212.799072265625,390300,0.0,0.0
2005-07-26 00:00:00+09:00,1214.1140782660295,1219.3728290110907,1202.939232932774,1206.2259521484375,578900,0.0,0.0
2005-07-27 00:00:00+09:00,1201.6245785194421,1213.456768023463,1200.9672346581076,1210.827392578125,446000,0.0,0.0
2005-07-28 00:00:00+09:00,1212.799677983282,1214.7717099800027,1209.5129579887473,1212.142333984375,370300,0.0,0.0
2005-07-29 00:00:00+09:00,1212.1420226050204,1214.7713979252048,1202.939208984375,1202.939208984375,444700,0.0,0.0
2005-08-01 00:00:00+09:00,1201.6240447861198,1202.9387319248353,1168.756866318228,1172.700927734375,1227300,0.0,0.0
2005-08-02 00:00:00+09:00,1183.2189104198353,1197.6804748805223,1176.6454720286142,1188.4776611328125,754300,0.0,0.0
2005-08-03 00:00:00+09:00,1173.3585499519081,1177.3026123046875,1164.1557377954225,1177.3026123046875,890900,0.0,0.0
2005-08-04 00:00:00+09:00,1168.7574547797,1174.0162059823083,1151.666513371223,1152.981201171875,1121600,0.0,0.0
2005-08-05 00:00:00+09:00,1154.9530174948952,1163.4984866055574,1150.3516110506923,1156.925048828125,893900,0.0,0.0
2005-08-08 00:00:00+09:00,1162.8411131714622,1172.0439258251652,1151.008925473844,1169.41455078125,1065900,0.0,0.0
2005-08-09 00:00:00+09:00,1161.5264304857576,1172.7012744689255,1158.8970554308944,1170.0718994140625,683400,0.0,0.0
2005-08-10 00:00:00+09:00,1163.4984085950564,1181.2466894041336,1163.4984085950564,1179.274658203125,673200,0.0,0.0
2005-08-11 00:00:00+09:00,1173.358627987229,1178.6173781406733,1170.0719091413266,1171.3865966796875,823700,0.0,0.0
2005-08-12 00:00:00+09:00,1183.2190507295115,1198.9953047392382,1175.330923724648,1191.107177734375,875500,0.0,0.0
2005-08-15 00:00:00+09:00,1193.0788623288865,1197.0229246836927,1179.9319878128656,1193.7362060546875,432000,0.0,0.0
2005-08-16 00:00:00+09:00,1193.7361481897553,1204.2536472927486,1192.421460801881,1202.2816162109375,1065300,0.0,0.0
2005-08-17 00:00:00+09:00,1206.8830121420874,1208.1976995191485,1198.9948878797209,1200.9669189453125,978200,0.0,0.0
2005-08-18 00:00:00+09:00,1204.911456860994,1205.5688008090906,1191.1072339509662,1198.995361328125,600400,0.0,0.0
2005-08-19 00:00:00+09:00,1186.5057373046875,1189.7924567986063,1181.9043300132012,1186.5057373046875,593900,0.0,0.0
2005-08-22 00:00:00+09:00,1191.7646103696964,1204.254145723819,1187.1632026076513,1203.5968017578125,341200,0.0,0.0
2005-08-23 00:00:00+09:00,1215.428870871302,1231.8624683682099,1214.7715269714256,1220.6876220703125,1586700,0.0,0.0
2005-08-24 00:00:00+09:00,1229.2331070438509,1230.547794858871,1220.6876362462197,1222.65966796875,1010100,0.0,0.0
2005-08-25 00:00:00+09:00,1220.0301485655737,1220.0301485655737,1197.6804583440062,1202.939208984375,640600,0.0,0.0
2005-08-26 00:00:00+09:00,1210.8274673395283,1210.8274673395283,1198.3379332030186,1204.2540283203125,579200,0.0,0.0
2005-08-29 00:00:00+09:00,1205.568608305305,1208.855327520968,1193.7364191289169,1206.2259521484375,525200,0.0,0.0
2005-08-30 00:00:00+09:00,1216.086294200657,1231.862548828125,1211.4848866009788,1231.862548828125,706000,0.0,0.0
2005-08-31 00:00:00+09:00,1233.834316771808,1233.834316771808,1223.3168159362467,1229.23291015625,517500,0.0,0.0
2005-09-01 00:00:00+09:00,1235.8063916769227,1248.9532681841238,1232.5196725501223,1235.1490478515625,766000,0.0,0.0
2005-09-02 00:00:00+09:00,1248.953280676455,1257.4987504916098,1243.6945300209752,1253.5546875,610500,0.0,0.0
2005-09-05 00:00:00+09:00,1252.8973723679267,1257.498779296875,1244.3519023570227,1257.498779296875,525200,0.0,0.0
2005-09-06 00:00:00+09:00,1255.5270533511514,1256.1843973581415,1243.037517218339,1248.95361328125,630200,0.0,0.0
2005-09-07 00:00:00+09:00,1248.9531986297122,1254.8692927284847,1242.3797607421875,1242.3797607421875,538200,0.0,0.0
2005-09-08 00:00:00+09:00,1239.0934596354166,1241.7228356770834,1225.9465794270834,1232.52001953125,417400,0.0,0.0
2005-09-09 00:00:00+09:00,1212.7996593972912,1218.7157552967901,1202.2821555759595,1209.512939453125,1909100,0.0,0.0
2005-09-12 00:00:00+09:00,1225.2892139625135,1235.1493739461175,1211.484989985468,1212.142333984375,703400,0.0,0.0
2005-09-13 00:00:00+09:00,1212.7994574902186,1222.0022718017976,1210.8274258520232,1215.4288330078125,683700,0.0,0.0
2005-09-14 00:00:00+09:00,1215.428870871302,1222.6596537699413,1215.428870871302,1220.6876220703125,943200,0.0,0.0
2005-09-15 00:00:00+09:00,1214.7711032774391,1216.743134289253,1208.1976665713923,1212.799072265625,702000,0.0,0.0
2005-09-16 00:00:00+09:00,1212.7991053388623,1212.7991053388623,1200.309575256782,1200.9669189453125,760700,0.0,0.0
2005-09-19 00:00:00+09:00,1200.9669189453125,1200.9669189453125,1200.9669189453125,1200.9669189453125,0,0.0,0.0
2005-09-20 00:00:00+09:00,1203.5969123120578,1220.030512971698,1203.5969123120578,1219.3731689453125,749600,0.0,0.0
2005-09-21 00:00:00+09:00,1222.6595266934098,1225.946245851188,1219.3728075356319,1220.0301513671875,423500,0.0,0.0
2005-09-22 00:00:00+09:00,1226.6038384175288,1257.4990047656659,1223.317118593259,1254.86962890625,1668100,0.0,0.0
2005-09-23 00:00:00+09:00,1254.86962890625,1254.86962890625,1254.86962890625,1254.86962890625,0,0.0,0.0
2005-09-26 00:00:00+09:00,1275.2467404998097,1296.28173828125,1275.2467404998097,1296.28173828125,1415200,0.0,0.0
2005-09-27 00:00:00+09:00,1295.6180211200617,1295.6180211200617,1276.3597317236076,1281.67236328125,1188900,20.0,0.0
2005-09-28 00:00:00+09:00,1296.2821704151693,1297.6103283766604,1283.00059080026,1293.6258544921875,1538200,0.0,0.0
2005-09-29 00:00:00+09:00,1288.3130342050076,1307.5713218297217,1277.6877720672344,1306.2431640625,1088000,0.0,0.0
2005-09-30 00:00:00+09:00,1286.3208664579831,1294.9538924073654,1277.0237615894173,1283.66455078125,598200,0.0,0.0
2005-10-03 00:00:00+09:00,1281.0086228605273,1294.2902052644727,1275.031910778752,1287.6494140625,995700,0.0,0.0
2005-10-04 00:00:00+09:00,1301.594884390783,1321.5172550702337,1293.6259361190025,1314.87646484375,1216100,0.0,0.0
2005-10-05 00:00:00+09:00,1315.5404614196316,1318.19677734375,1294.2899340266845,1318.19677734375,1429500,0.0,0.0
2005-10-06 00:00:00+09:00,1281.6725847081682,1294.9541658968537,1275.6958731732595,1277.6881103515625,611600,0.0,0.0
2005-10-07 00:00:00+09:00,1262.4142756315948,1285.6570424107142,1262.4142756315948,1278.3521728515625,608700,0.0,0.0
2005-10-10 00:00:00+09:00,1278.3521728515625,1278.3521728515625,1278.3521728515625,1278.3521728515625,0,0.0,0.0
2005-10-11 00:00:00+09:00,1258.4296685126772,1293.6258544921875,1256.4374315704408,1293.6258544921875,547500,0.0,0.0
2005-10-12 00:00:00+09:00,1278.3520312852188,1311.5559801497698,1272.3753204895995,1288.977294921875,699400,0.0,0.0
2005-10-13 00:00:00+09:00,1276.3598336109383,1276.3598336109383,1251.7889106954312,1267.726806640625,621400,0.0,0.0
2005-10-14 00:00:00+09:00,1274.3672527741514,1274.3672527741514,1261.749755221932,1271.7109375,364200,0.0,0.0
2005-10-17 00:00:00+09:00,1277.687581422616,1281.007975345232,1267.0623208702448,1274.3671875,515000,0.0,0.0
2005-10-18 00:00:00+09:00,1267.062744140625,1273.039455197892,1264.406428115173,1267.062744140625,551900,0.0,0.0
2005-10-19 00:00:00+09:00,1255.7731695929003,1257.7654062448194,1243.8197496813868,1251.7886962890625,628200,0.0,0.0
2005-10-20 00:00:00+09:00,1268.3907234768908,1270.3829602153362,1255.1091452205883,1264.40625,765700,0.0,0.0
2005-10-21 00:00:00+09:00,1260.4219441901666,1274.3676032143992,1258.4297071867047,1272.3753662109375,879600,0.0,0.0
2005-10-24 00:00:00+09:00,1279.6801621257107,1288.313188647576,1269.0548987141842,1270.383056640625,812800,0.0,0.0
2005-10-25 00:00:00+09:00,1272.3754697291392,1290.9696832742416,1252.4530980736727,1258.4298095703125,771900,0.0,0.0
2005-10-26 00:00:00+09:00,1251.788846842448,1301.5947691306092,1251.788846842448,1294.9539794921875,673700,0.0,0.0
2005-10-27 00:00:00+09:00,1294.9537104888495,1304.9148928772254,1286.3206857522573,1300.930419921875,444200,0.0,0.0
2005-10-28 00:00:00+09:00,1300.9308255384024,1308.2356949007924,1292.297798110123,1304.251220703125,361900,0.0,0.0
2005-10-31 00:00:00+09:00,1298.9384409251456,1316.868572778407,1294.2898882224483,1310.227783203125,427800,0.0,0.0
2005-11-01 00:00:00+09:00,1321.5171722488979,1323.5094091919866,1312.8841454955132,1318.19677734375,305700,0.0,0.0
2005-11-02 00:00:00+09:00,1317.5323243174926,1320.8527182799862,1313.5478515625,1313.5478515625,501700,0.0,0.0
2005-11-03 00:00:00+09:00,1268.390869140625,1268.390869140625,1268.390869140625,1268.390869140625,501700,0.0,0.0
2005-11-04 00:00:00+09:00,1322.1810436286548,1348.080119822285,1313.548018230778,1341.4393310546875,947100,0.0,0.0
2005-11-07 00:00:00+09:00,1318.860684983927,1325.5014739314795,1304.2509492993115,1320.1888427734375,1074400,0.0,0.0
2005-11-08 00:00:00+09:00,1324.8375106110589,1331.4783001379315,1311.555931557314,1315.5404052734375,544000,0.0,0.0
2005-11-09 00:00:00+09:00,1319.5245606949886,1331.4779789599659,1309.5633788075077,1313.5478515625,970100,0.0,0.0
2005-11-10 00:00:00+09:00,1321.5171296160322,1331.4783140101229,1312.8841031411537,1324.8375244140625,700200,0.0,0.0
2005-11-11 00:00:00+09:00,1358.0415691258495,1414.4882847129875,1354.721174091312,1404.527099609375,1836800,0.0,0.0
2005-11-14 00:00:00+09:00,1414.4883359610315,1414.4883359610315,1374.6435941029742,1377.9639892578125,612100,0.0,0.0
2005-11-15 00:00:00+09:00,1381.2839367378049,1381.2839367378049,1361.361572265625,1361.361572265625,322400,0.0,0.0
2005-11-16 00:00:00+09:00,1361.3618535580842,1374.6434326171875,1351.4006692637568,1374.6434326171875,915400,0.0,0.0
2005-11-17 00:00:00+09:00,1377.9636981229826,1414.488037109375,1374.6433036696742,1414.488037109375,934800,0.0,0.0
2005-11-18 00:00:00+09:00,1427.7697670486903,1474.25529434795,1421.1289774345103,1457.6533203125,1433900,0.0,0.0
2005-11-21 00:00:00+09:00,1457.6533424344125,1540.663213871452,1444.3717630044862,1520.7408447265625,1488700,0.0,0.0
2005-11-22 00:00:00+09:00,1467.6142940014863,1504.1386316350076,1464.2938996711664,1500.8182373046875,812600,0.0,0.0
2005-11-23 00:00:00+09:00,1500.8182373046875,1500.8182373046875,1500.8182373046875,1500.8182373046875,0,0.0,0.0
2005-11-24 00:00:00+09:00,1497.497680936541,1504.1384688786097,1477.5753171103343,1487.5364990234375,645200,0.0,0.0
2005-11-25 00:00:00+09:00,1434.4102750211148,1480.8957931930954,1431.0898808659733,1474.2550048828125,622600,0.0,0.0
2005-11-28 00:00:00+09:00,1437.7311069324915,1477.5758489260015,1437.7311069324915,1470.93505859375,762400,0.0,0.0
2005-11-29 00:00:00+09:00,1470.934844703005,1520.7407649525423,1467.6144500197026,1514.0999755859375,826600,0.0,0.0
2005-11-30 00:00:00+09:00,1487.537034424379,1507.4594054211343,1470.93505859375,1470.93505859375,1451700,0.0,0.0
2005-12-01 00:00:00+09:00,1464.2939388451987,1517.4202495516006,1427.7696002345476,1504.138671875,1134200,0.0,0.0
2005-12-02 00:00:00+09:00,1500.8185000090007,1500.8185000090007,1441.0513916015625,1441.0513916015625,991800,0.0,0.0
2005-12-05 00:00:00+09:00,1494.1772869655065,1500.8180749075755,1484.216105052403,1487.5364990234375,1237600,0.0,0.0
2005-12-06 00:00:00+09:00,1490.8572683834,1497.4980579975797,1451.0125306983202,1457.6533203125,894500,0.0,0.0
2005-12-07 00:00:00+09:00,1477.575816583196,1477.575816583196,1441.0514705552966,1447.6922607421875,571900,0.0,0.0
2005-12-08 00:00:00+09:00,1451.0124192147885,1451.0124192147885,1397.8861063831257,1407.8472900390625,761300,0.0,0.0
2005-12-09 00:00:00+09:00,1397.8858634061592,1434.4101971293603,1387.9246814816497,1427.7694091796875,1104600,0.0,0.0
2005-12-12 00:00:00+09:00,1401.2064576048951,1470.9347410402097,1401.2064576048951,1424.44921875,607200,0.0,0.0
2005-12-13 00:00:00+09:00,1494.1776275634766,1494.1776275634766,1427.7697330050999,1434.4105224609375,911600,0.0,0.0
2005-12-14 00:00:00+09:00,1431.0902634393601,1431.0902634393601,1394.56591796875,1394.56591796875,961300,0.0,0.0
2005-12-15 00:00:00+09:00,1421.1291262707077,1421.1291262707077,1377.9639892578125,1377.9639892578125,790400,0.0,0.0
2005-12-16 00:00:00+09:00,1381.2843844126505,1401.2067553416791,1371.3231989481362,1377.9639892578125,638900,0.0,0.0
2005-12-19 00:00:00+09:00,1391.2455698771648,1391.2455698771648,1374.6435941029742,1377.9639892578125,321000,0.0,0.0
2005-12-20 00:00:00+09:00,1374.6433465010764,1401.2065029552034,1364.6821628307787,1397.8861083984375,474300,0.0,0.0
2005-12-21 00:00:00+09:00,1441.0516309934567,1474.2555856246424,1437.7312355303382,1451.0128173828125,1169900,0.0,0.0
2005-12-22 00:00:00+09:00,1454.3325609783792,1457.6529549532158,1394.5654694313225,1427.7694091796875,637100,0.0,0.0
2005-12-23 00:00:00+09:00,1427.7694091796875,1427.7694091796875,1427.7694091796875,1427.7694091796875,0,0.0,0.0
2005-12-26 00:00:00+09:00,1431.0900948330125,1431.0900948330125,1394.5657536655806,1401.20654296875,447700,0.0,0.0
2005-12-27 00:00:00+09:00,1414.488081182267,1414.488081182267,1394.5657138416716,1397.8861083984375,351800,0.0,0.0
2005-12-28 00:00:00+09:00,1424.44931913677,1543.98352773566,1417.808529770165,1514.0999755859375,2153500,0.0,0.0
2005-12-29 00:00:00+09:00,1534.022601905727,1636.9548544145528,1527.3818114212866,1587.14892578125,2431600,0.0,0.0
2005-12-30 00:00:00+09:00,1587.1489340572034,1587.1489340572034,1547.3041909427966,1567.2265625,609100,0.0,0.0
2006-01-02 00:00:00+09:00,1567.2265625,1567.2265625,1567.2265625,1567.2265625,0,0.0,0.0
2006-01-03 00:00:00+09:00,1567.2265625,1567.2265625,1567.2265625,1567.2265625,0,0.0,0.0
2006-01-04 00:00:00+09:00,1663.5175415784909,1663.5175415784909,1626.9932043382446,1630.3135986328125,869200,0.0,0.0
2006-01-05 00:00:00+09:00,1656.876917645214,1656.876917645214,1626.9933660243585,1633.6341552734375,669700,0.0,0.0
2006-01-06 00:00:00+09:00,1607.0708857442348,1623.6728577044028,1570.546547431866,1583.828125,956100,0.0,0.0
2006-01-09 00:00:00+09:00,1583.8281250000002,1583.8281250000002,1583.8281250000002,1583.828125,0,0.0,0.0
2006-01-10 00:00:00+09:00,1557.2650525857227,1603.7505765435055,1553.9446580173096,1570.546630859375,863600,0.0,0.0
2006-01-11 00:00:00+09:00,1633.6339880638045,1680.11950804936,1617.032016640392,1670.1583251953125,1545700,0.0,0.0
2006-01-12 00:00:00+09:00,1660.197265625,1670.1584492187499,1643.59529296875,1660.197265625,904000,0.0,0.0
2006-01-13 00:00:00+09:00,1660.1972255056987,1673.4788033097443,1650.2360421526646,1656.8768310546875,724100,0.0,0.0
2006-01-16 00:00:00+09:00,1603.750714878836,1676.7994016849113,1603.750714878836,1663.517822265625,617900,0.0,0.0
2006-01-17 00:00:00+09:00,1650.23643116148,1663.5180120963812,1593.7897121881497,1597.110107421875,470000,0.0,0.0
2006-01-18 00:00:00+09:00,1623.6732819120762,1630.314072431144,1543.9837956832625,1567.2265625,751400,0.0,0.0
2006-01-19 00:00:00+09:00,1543.9836562798948,1640.2751101124045,1543.9836562798948,1626.9935302734375,944400,0.0,0.0
2006-01-20 00:00:00+09:00,1603.7511704241642,1633.634732605981,1583.8287956362865,1620.3531494140625,753600,0.0,0.0
2006-01-23 00:00:00+09:00,1540.6627604166667,1597.1094563802083,1537.3423665364583,1543.983154296875,567800,0.0,0.0
2006-01-24 00:00:00+09:00,1527.3815495214421,1577.1874696145326,1527.3815495214421,1534.0223388671875,702200,0.0,0.0
2006-01-25 00:00:00+09:00,1510.7792560068208,1537.342407760787,1510.7792560068208,1517.4200439453125,868700,0.0,0.0
2006-01-26 00:00:00+09:00,1510.77952862794,1603.7505765435055,1504.138739491114,1570.546630859375,890500,0.0,0.0
2006-01-27 00:00:00+09:00,1610.3916883567763,1633.6344549928533,1567.226550318347,1597.110107421875,649700,0.0,0.0
2006-01-30 00:00:00+09:00,1626.9935302734375,1650.2362949916296,1597.109975635762,1626.9935302734375,753800,0.0,0.0
2006-01-31 00:00:00+09:00,1600.430009389262,1660.1971051755831,1600.430009389262,1636.954345703125,710600,0.0,0.0
2006-02-01 00:00:00+09:00,1620.3528740579522,1620.3528740579522,1577.187736019523,1597.110107421875,718600,0.0,0.0
2006-02-02 00:00:00+09:00,1590.4691190318902,1600.4303034934676,1577.1875397497865,1580.5079345703125,494300,0.0,0.0
2006-02-03 00:00:00+09:00,1567.2259114583333,1573.86669921875,1534.02197265625,1543.983154296875,550000,0.0,0.0
2006-02-06 00:00:00+09:00,1570.546795693173,1580.5079804438694,1537.342846524184,1563.906005859375,533600,0.0,0.0
2006-02-07 00:00:00+09:00,1543.9836489608865,1547.3040439048884,1507.4593045768656,1524.061279296875,948800,0.0,0.0
2006-02-08 00:00:00+09:00,1507.458984375,1527.3813498072686,1500.8181958975772,1507.458984375,577400,0.0,0.0
2006-02-09 00:00:00+09:00,1534.0220137915412,1534.0220137915412,1504.1384680683293,1517.4200439453125,471700,0.0,0.0
2006-02-10 00:00:00+09:00,1494.1777038574219,1497.498098754883,1411.1678314208984,1460.9737548828125,1532200,0.0,0.0
2006-02-13 00:00:00+09:00,1437.7307982825337,1441.051192735842,1401.2064592961412,1414.488037109375,812300,0.0,0.0
2006-02-14 00:00:00+09:00,1424.449402263276,1490.8572998046873,1417.8086125091347,1490.8572998046875,1072900,0.0,0.0
2006-02-15 00:00:00+09:00,1514.0996507917132,1517.4200447627477,1464.2937412261963,1487.5364990234375,841300,0.0,0.0
2006-02-16 00:00:00+09:00,1487.536862527716,1510.7796260047116,1470.9348886155765,1497.498046875,685600,0.0,0.0
2006-02-17 00:00:00+09:00,1480.8962440921275,1510.77980058726,1444.3718972647432,1470.93505859375,564800,0.0,0.0
2006-02-20 00:00:00+09:00,1510.7796690671107,1537.3428280836754,1480.8961151734757,1490.8572998046875,1194100,0.0,0.0
2006-02-21 00:00:00+09:00,1494.177724800858,1527.381674240877,1484.2165399688522,1524.061279296875,657600,0.0,0.0
2006-02-22 00:00:00+09:00,1510.779255742612,1557.2647713039232,1504.1384678052818,1527.3812255859375,795000,0.0,0.0
2006-02-23 00:00:00+09:00,1527.3815839885394,1563.9059262143523,1527.3815839885394,1557.26513671875,449900,0.0,0.0
2006-02-24 00:00:00+09:00,1560.585165003206,1560.585165003206,1534.0220132584705,1537.3424072265625,314600,0.0,0.0
2006-02-27 00:00:00+09:00,1457.6533424344125,1547.304003586415,1451.0125527194493,1520.7408447265625,1045800,0.0,0.0
2006-02-28 00:00:00+09:00,1494.1776074861225,1543.98352773566,1490.85721280282,1514.0999755859375,883900,0.0,0.0
2006-03-01 00:00:00+09:00,1510.7796690671107,1510.7796690671107,1470.934930542264,1490.8572998046875,511300,0.0,0.0
2006-03-02 00:00:00+09:00,1480.8960783883426,1514.1000263342696,1470.9348940045645,1477.57568359375,515400,0.0,0.0
2006-03-03 00:00:00+09:00,1454.3329712476598,1457.653366159184,1437.7309966900382,1441.0513916015625,339900,0.0,0.0
2006-03-06 00:00:00+09:00,1437.7309966900382,1444.3717865130868,1404.5270475747948,1441.0513916015625,667300,0.0,0.0
2006-03-07 00:00:00+09:00,1467.614501953125,1480.8960811563206,1434.4105539451357,1467.614501953125,703500,0.0,0.0
2006-03-08 00:00:00+09:00,1467.61450473377,1467.61450473377,1437.7309514699602,1457.6533203125,523000,0.0,0.0
2006-03-09 00:00:00+09:00,1437.7309846749756,1484.2165130478386,1437.7309846749756,1480.8961181640625,578600,0.0,0.0
2006-03-10 00:00:00+09:00,1587.1488825480144,1603.7508583068848,1557.2653261820476,1593.7896728515625,2336200,0.0,0.0
2006-03-13 00:00:00+09:00,1597.109969354445,1663.5178682881017,1597.109969354445,1646.9158935546875,2172000,0.0,0.0
2006-03-14 00:00:00+09:00,1633.6341575201304,1640.2749467783424,1607.0710004872828,1623.6729736328125,761300,0.0,0.0
2006-03-15 00:00:00+09:00,1643.5955050721461,1646.9159000318878,1607.0711605149872,1626.9935302734375,361500,0.0,0.0
2006-03-16 00:00:00+09:00,1646.9156477016531,1670.1584088587329,1640.2748587996305,1656.8768310546875,1302100,0.0,0.0
2006-03-17 00:00:00+09:00,1653.5562751538826,1653.5562751538826,1626.9931221393622,1643.5950927734375,683900,0.0,0.0
2006-03-20 00:00:00+09:00,1653.5567626953125,1673.4791333301957,1646.9159724836845,1653.5567626953125,527400,0.0,0.0
2006-03-21 00:00:00+09:00,1653.5567626953125,1653.5567626953125,1653.5567626953125,1653.5567626953125,0,0.0,0.0
2006-03-22 00:00:00+09:00,1650.236083984375,1660.1972675899146,1636.9545058436559,1650.236083984375,802300,0.0,0.0
2006-03-23 00:00:00+09:00,1660.1970634075126,1660.1970634075126,1643.5950927734373,1643.5950927734375,518600,0.0,0.0
2006-03-24 00:00:00+09:00,1650.2363675894985,1660.1975529069402,1640.2751822720568,1653.5567626953125,287400,0.0,0.0
2006-03-27 00:00:00+09:00,1630.3135986328125,1653.5563586947874,1626.9932043382446,1630.3135986328125,409500,0.0,0.0
2006-03-28 00:00:00+09:00,1690.5716038124233,1737.4389354032628,1690.5716038124233,1707.3099365234375,1757900,20.0,0.0
2006-03-29 00:00:00+09:00,1667.1379581962044,1710.6576237716074,1650.399625282588,1700.6146240234375,1102900,0.0,0.0
2006-03-30 00:00:00+09:00,1703.9624448870668,1707.310111772896,1657.095108485458,1690.57177734375,986100,0.0,0.0
2006-03-31 00:00:00+09:00,1693.9194335937498,1693.9194335937498,1663.7904318104618,1693.91943359375,389200,0.0,0.0
2006-04-03 00:00:00+09:00,1673.8332812116282,1714.0052799607074,1663.7902815243585,1703.9622802734375,585400,0.0,0.0
2006-04-04 00:00:00+09:00,1707.3099365234375,1727.3959357766544,1693.9192703546262,1707.3099365234375,678700,0.0,0.0
2006-04-05 00:00:00+09:00,1707.310111772896,1724.0484462020422,1687.224110457921,1690.57177734375,567700,0.0,0.0
2006-04-06 00:00:00+09:00,1717.3528646620375,1740.7865294819874,1717.3528646620375,1730.7435302734375,679100,0.0,0.0
2006-04-07 00:00:00+09:00,1740.786684241234,1837.8690185546875,1740.786684241234,1837.8690185546875,1925800,0.0,0.0
2006-04-10 00:00:00+09:00,1837.869406423261,1874.6937478998655,1821.1310693884407,1867.9984130859375,1839500,0.0,0.0
2006-04-11 00:00:00+09:00,1871.3458316670476,1871.3458316670476,1827.8261611631629,1831.173828125,1556800,0.0,0.0
2006-04-12 00:00:00+09:00,1791.0013483858656,1821.1303430316093,1740.7863573096265,1747.481689453125,983900,0.0,0.0
2006-04-13 00:00:00+09:00,1747.481699293726,1764.220029746731,1710.6573722971148,1744.134033203125,693200,0.0,0.0
2006-04-14 00:00:00+09:00,1727.396086411669,1750.829754250587,1703.9624185727512,1737.4390869140625,591400,0.0,0.0
2006-04-17 00:00:00+09:00,1734.0912898506706,1737.4389564333937,1690.5716242752676,1700.6146240234375,572100,0.0,0.0
2006-04-18 00:00:00+09:00,1697.267168914735,1717.3531709137262,1680.5288339155761,1710.6578369140625,613700,0.0,0.0
2006-04-19 00:00:00+09:00,1720.7011491642443,1770.9161632449127,1714.0058139534883,1727.396484375,577800,0.0,0.0
2006-04-20 00:00:00+09:00,1754.1775334284857,1787.654203913762,1717.3531958946817,1740.786865234375,796500,0.0,0.0
2006-04-21 00:00:00+09:00,1780.9588731094045,1794.3495413282722,1760.8728707811028,1777.6112060546875,1043300,0.0,0.0
2006-04-24 00:00:00+09:00,1780.9589255916262,1787.6542598983615,1720.7009168310071,1724.048583984375,658200,0.0,0.0
2006-04-25 00:00:00+09:00,1693.9194442295793,1707.310111772896,1673.8334429146041,1690.57177734375,694000,0.0,0.0
2006-04-26 00:00:00+09:00,1680.528802418987,1724.048472601152,1680.528802418987,1720.7008056640625,423400,0.0,0.0
2006-04-27 00:00:00+09:00,1720.700837913558,1720.700837913558,1707.3101699142308,1710.6578369140625,304800,0.0,0.0
2006-04-28 00:00:00+09:00,1707.3099675827477,1714.0053007889546,1680.5286347579204,1697.2669677734375,532000,0.0,0.0
2006-05-01 00:00:00+09:00,1720.700837913558,1737.4391729127171,1700.614835914567,1710.6578369140625,533300,0.0,0.0
2006-05-02 00:00:00+09:00,1710.6579387169759,1767.5682811009067,1710.6579387169759,1754.1776123046875,777000,0.0,0.0
2006-05-03 00:00:00+09:00,1754.1776123046877,1754.1776123046877,1754.1776123046877,1754.1776123046875,0,0.0,0.0
2006-05-04 00:00:00+09:00,1754.1776123046877,1754.1776123046877,1754.1776123046877,1754.1776123046875,0,0.0,0.0
2006-05-05 00:00:00+09:00,1754.1776123046877,1754.1776123046877,1754.1776123046877,1754.1776123046875,0,0.0,0.0
2006-05-08 00:00:00+09:00,1807.7403997605845,1911.51808937647,1797.6973975396925,1867.9984130859375,2737200,0.0,0.0
2006-05-09 00:00:00+09:00,1867.9977582626627,1867.9977582626627,1777.6107699596305,1801.04443359375,1362400,0.0,0.0
2006-05-10 00:00:00+09:00,1794.3495413282722,1797.6972083829892,1737.4392013980844,1777.6112060546875,1791800,0.0,0.0
2006-05-11 00:00:00+09:00,1774.2634494894803,1780.9587832611387,1683.8764435720916,1690.57177734375,1943400,0.0,0.0
2006-05-12 00:00:00+09:00,1693.9195198763805,1700.614853947038,1650.3998484171059,1667.13818359375,1044200,0.0,0.0
2006-05-15 00:00:00+09:00,1643.7044044049453,1673.8334057076836,1620.2707367250378,1663.7904052734375,1079800,0.0,0.0
2006-05-16 00:00:00+09:00,1680.5284603931864,1693.9191254162397,1633.6611328125,1633.6611328125,590600,0.0,0.0
2006-05-17 00:00:00+09:00,1626.9658003009733,1640.3564653240267,1600.1844702548667,1633.6611328125,590400,0.0,0.0
2006-05-18 00:00:00+09:00,1637.0090156188837,1640.3566823174908,1600.1846819342054,1603.5323486328125,738100,0.0,0.0
2006-05-19 00:00:00+09:00,1549.9699494177555,1606.8802931328783,1546.6222821403953,1593.4896240234375,705200,0.0,0.0
2006-05-22 00:00:00+09:00,1610.2281494140625,1610.2281494140625,1610.2281494140625,1610.2281494140625,590400,0.0,0.0
2006-05-23 00:00:00+09:00,1573.40348534318,1596.837154273823,1553.3174834026286,1560.0128173828125,689200,0.0,0.0
2006-05-24 00:00:00+09:00,1563.3608020298693,1620.271152424961,1563.3608020298693,1610.2281494140625,619800,0.0,0.0
2006-05-25 00:00:00+09:00,1583.446887825109,1606.8805626977849,1576.7515521472014,1586.7945556640625,481000,0.0,0.0
2006-05-26 00:00:00+09:00,1613.57513527792,1650.3994640913165,1610.2274690221568,1633.6611328125,620400,0.0,0.0
2006-05-29 00:00:00+09:00,1687.2238873949848,1687.2238873949848,1633.6612243030804,1643.7042236328125,489100,0.0,0.0
2006-05-30 00:00:00+09:00,1647.0524474468427,1650.4001150229542,1620.2711068379508,1623.6187744140625,730300,0.0,0.0
2006-05-31 00:00:00+09:00,1606.880089711335,1613.5754234184653,1566.7080874685514,1580.0987548828125,1036800,0.0,0.0
2006-06-01 00:00:00+09:00,1620.2702732757507,1643.7039342528792,1616.922607421875,1616.922607421875,810600,0.0,0.0
2006-06-02 00:00:00+09:00,1620.2711068379508,1630.3141095662854,1573.4037607723903,1623.6187744140625,843100,0.0,0.0
2006-06-05 00:00:00+09:00,1610.2275492350261,1647.0518798828125,1596.8368835449219,1606.8798828125,567200,0.0,0.0
2006-06-06 00:00:00+09:00,1570.0557754841257,1583.446443078873,1566.7081085854388,1573.4034423828125,412500,0.0,0.0
2006-06-07 00:00:00+09:00,1570.055614124645,1590.1416134524654,1546.6219482421875,1546.6219482421875,429100,0.0,0.0
2006-06-08 00:00:00+09:00,1519.8406913533436,1529.8836915164713,1483.016357421875,1483.016357421875,620500,0.0,0.0
2006-06-09 00:00:00+09:00,1506.4498492649623,1526.5358472551618,1449.5395216260638,1499.7545166015625,902600,0.0,0.0
2006-06-12 00:00:00+09:00,1449.5395216260638,1499.7545166015625,1449.5395216260638,1499.7545166015625,784200,0.0,0.0
2006-06-13 00:00:00+09:00,1456.2350699717322,1472.9734041093384,1422.75840169652,1429.4537353515625,895900,0.0,0.0
2006-06-14 00:00:00+09:00,1449.5400390625002,1449.5400390625002,1449.5400390625002,1449.5400390625,895900,0.0,0.0
2006-06-15 00:00:00+09:00,1476.3211669921875,1489.7118351735226,1462.9304988108524,1476.3211669921875,301000,0.0,0.0
2006-06-16 00:00:00+09:00,1546.6220597664685,1553.3173933585313,1523.1883921942494,1549.9697265625,708500,0.0,0.0
2006-06-19 00:00:00+09:00,1553.3176491477273,1560.0129838423295,1496.407304243608,1509.7979736328125,822500,0.0,0.0
2006-06-20 00:00:00+09:00,1506.4503062855115,1536.5793124112217,1489.7119695490057,1509.7979736328125,462800,0.0,0.0
2006-06-21 00:00:00+09:00,1499.7547713926174,1519.8407727951972,1486.3641037908976,1496.4071044921875,630300,0.0,0.0
2006-06-22 00:00:00+09:00,1509.798351779514,1519.8413563368056,1489.7123426649307,1506.45068359375,952200,0.0,0.0
2006-06-23 00:00:00+09:00,1509.7975565592449,1529.8835550944011,1496.4068908691406,1526.535888671875,1026000,0.0,0.0
2006-06-26 00:00:00+09:00,1539.926747220716,1546.622080904284,1523.188413011795,1543.2744140625,898800,0.0,0.0
2006-06-27 00:00:00+09:00,1539.926523777914,1543.274190133953,1526.5358583537584,1536.578857421875,486800,0.0,0.0
2006-06-28 00:00:00+09:00,1526.5361543226873,1553.3174903634363,1513.1454863023127,1519.8408203125,1249300,0.0,0.0
2006-06-29 00:00:00+09:00,1526.5361474818937,1560.0128173828125,1519.8408135017098,1560.0128173828125,514000,0.0,0.0
2006-06-30 00:00:00+09:00,1596.8374787328644,1610.2281494140625,1566.708469700169,1610.2281494140625,751000,0.0,0.0
2006-07-03 00:00:00+09:00,1650.4002446041832,1650.4002446041832,1583.446887825109,1586.7945556640625,875100,0.0,0.0
2006-07-04 00:00:00+09:00,1606.8800789508455,1610.2277457819932,1576.7510774705172,1583.4464111328125,545800,0.0,0.0
2006-07-05 00:00:00+09:00,1553.3173933585313,1566.7080605426565,1549.9697265624998,1549.9697265625,570900,0.0,0.0
2006-07-06 00:00:00+09:00,1553.317425271739,1553.317425271739,1526.5360903532608,1539.9267578125,405600,0.0,0.0
2006-07-07 00:00:00+09:00,1539.9265543619792,1539.9265543619792,1509.7975565592449,1526.535888671875,423600,0.0,0.0
2006-07-10 00:00:00+09:00,1526.535888671875,1526.535888671875,1526.535888671875,1526.535888671875,423600,0.0,0.0
2006-07-11 00:00:00+09:00,1536.5788982014078,1539.9265646462911,1506.4499001974586,1523.188232421875,395500,0.0,0.0
2006-07-12 00:00:00+09:00,1506.4499204521935,1516.492919921875,1476.3209220431497,1516.492919921875,702600,0.0,0.0
2006-07-13 00:00:00+09:00,1496.4070243060453,1513.1453579112583,1466.278023816662,1483.016357421875,877300,0.0,0.0
2006-07-14 00:00:00+09:00,1489.7114960134845,1496.4068285798373,1466.27783203125,1466.27783203125,777600,0.0,0.0
2006-07-17 00:00:00+09:00,1466.27783203125,1466.27783203125,1466.27783203125,1466.27783203125,0,0.0,0.0
2006-07-18 00:00:00+09:00,1439.4969366164435,1459.5829403831845,1406.020263671875,1406.020263671875,924600,0.0,0.0
2006-07-19 00:00:00+09:00,1479.6688085485387,1509.7978114375362,1432.8014707212094,1446.192138671875,1415900,0.0,0.0
2006-07-20 00:00:00+09:00,1499.7547866520788,1556.66512453843,1493.0594527830963,1529.8837890625,1952700,0.0,0.0
2006-07-21 00:00:00+09:00,1506.4502836891968,1506.4502836891968,1466.2782761241515,1479.6689453125,597800,0.0,0.0
2006-07-24 00:00:00+09:00,1496.407304243608,1516.4933083274148,1483.0166348544035,1509.7979736328125,1169200,0.0,0.0
2006-07-25 00:00:00+09:00,1539.9269251037206,1576.7512646170703,1533.231590646748,1563.360595703125,1247000,0.0,0.0
2006-07-26 00:00:00+09:00,1590.1415613195397,1590.1415613195397,1516.4928995321084,1523.188232421875,837200,0.0,0.0
2006-07-27 00:00:00+09:00,1519.8408239877353,1570.055829185568,1493.0594878822244,1556.6651611328125,823000,0.0,0.0
2006-07-28 00:00:00+09:00,1560.0126144607345,1560.0126144607345,1506.4499495865464,1546.6219482421875,646400,0.0,0.0
2006-07-31 00:00:00+09:00,1566.7083405901672,1596.8373471399782,1543.2746688292032,1576.7513427734375,899600,0.0,0.0
2006-08-01 00:00:00+09:00,1593.4897551359954,1637.0094333224827,1590.1420875831886,1626.9664306640625,1376100,0.0,0.0
2006-08-02 00:00:00+09:00,1613.5749415679995,1616.922607421875,1570.0552854676178,1616.922607421875,883600,0.0,0.0
2006-08-03 00:00:00+09:00,1596.8371514630462,1643.704489241836,1596.8371514630462,1637.0091552734375,844700,0.0,0.0
2006-08-04 00:00:00+09:00,1643.7046008051657,1653.7476024394132,1620.270930325255,1640.35693359375,717000,0.0,0.0
2006-08-07 00:00:00+09:00,1667.1382811478493,1667.1382811478493,1600.1849365234375,1600.1849365234375,1059800,0.0,0.0
2006-08-08 00:00:00+09:00,1603.5321365106302,1643.7041315797899,1596.8368039991035,1633.6611328125,710900,0.0,0.0
2006-08-09 00:00:00+09:00,1623.618370072147,1623.618370072147,1570.055702193478,1596.8370361328125,1273300,0.0,0.0
2006-08-10 00:00:00+09:00,1586.7940151397768,1620.270682125848,1586.7940151397768,1603.5323486328125,1259300,0.0,0.0
2006-08-11 00:00:00+09:00,1583.446443078873,1590.1417768762467,1563.360441686752,1573.4034423828125,906800,0.0,0.0
2006-08-14 00:00:00+09:00,1563.360441686752,1593.4894437749335,1563.360441686752,1573.4034423828125,539300,0.0,0.0
2006-08-15 00:00:00+09:00,1563.360618527196,1596.8372913007977,1560.0129512498359,1593.4896240234375,1066100,0.0,0.0
2006-08-16 00:00:00+09:00,1616.9234733106687,1620.2711409572746,1600.185135077639,1613.5758056640625,916800,0.0,0.0
2006-08-17 00:00:00+09:00,1623.6182655788791,1630.3135986328127,1610.2275994710121,1630.3135986328125,1076200,0.0,0.0
2006-08-18 00:00:00+09:00,1640.35693359375,1660.4429368622448,1633.6615991709184,1640.35693359375,826500,0.0,0.0
2006-08-21 00:00:00+09:00,1653.7477825990657,1657.0954501751771,1610.2281041096164,1623.6187744140625,494700,0.0,0.0
2006-08-22 00:00:00+09:00,1606.880152415644,1637.0091552734373,1606.880152415644,1637.0091552734375,597000,0.0,0.0
2006-08-23 00:00:00+09:00,1626.9662743732022,1630.3139416044228,1593.4896020609965,1600.1849365234375,706600,0.0,0.0
2006-08-24 00:00:00+09:00,1603.5322163899739,1610.2275492350261,1586.7938842773438,1606.8798828125,914800,0.0,0.0
2006-08-25 00:00:00+09:00,1613.5758056640627,1630.3141438970924,1603.532802724245,1613.5758056640625,865000,0.0,0.0
2006-08-28 00:00:00+09:00,1620.2712340535998,1620.2712340535998,1583.446887825109,1586.7945556640625,554700,0.0,0.0
2006-08-29 00:00:00+09:00,1596.8370572060032,1600.1847239925987,1573.4033896998355,1590.1417236328125,439200,0.0,0.0
2006-08-30 00:00:00+09:00,1590.1417236328125,1590.1417236328125,1590.1417236328125,1590.1417236328125,439200,0.0,0.0
2006-08-31 00:00:00+09:00,1626.966111993693,1667.1381147589693,1613.5754444052675,1650.3997802734375,1012900,0.0,0.0
2006-09-01 00:00:00+09:00,1653.747142233686,1677.180806192463,1623.6181457152586,1670.4854736328125,1279200,0.0,0.0
2006-09-04 00:00:00+09:00,1693.919808321221,1734.0918195857557,1687.2244731104652,1727.396484375,1393400,0.0,0.0
2006-09-05 00:00:00+09:00,1734.0914734124208,1740.7868072866002,1697.267137104435,1720.7008056640625,999700,0.0,0.0
2006-09-06 00:00:00+09:00,1700.6146240234375,1724.0482901025007,1687.2239576925442,1700.6146240234375,609900,0.0,0.0
2006-09-07 00:00:00+09:00,1673.8335834286079,1677.181250595465,1640.3569117600357,1647.05224609375,793100,0.0,0.0
2006-09-08 00:00:00+09:00,1626.9662430926066,1660.4429147611788,1626.9662430926066,1647.05224609375,1257000,0.0,0.0
2006-09-11 00:00:00+09:00,1640.35693359375,1683.8766073421555,1633.6615991709184,1640.35693359375,950300,0.0,0.0
2006-09-12 00:00:00+09:00,1653.74713034708,1657.0947966028432,1626.9658003009733,1633.6611328125,766000,0.0,0.0
2006-09-13 00:00:00+09:00,1660.4427384620221,1683.8764061419297,1630.3137371592838,1663.7904052734375,920800,0.0,0.0
2006-09-14 00:00:00+09:00,1653.747142233686,1677.180806192463,1637.0088108345597,1670.4854736328125,661300,0.0,0.0
2006-09-15 00:00:00+09:00,1673.8335176644075,1673.8335176644075,1647.052181381777,1667.13818359375,368800,0.0,0.0
2006-09-18 00:00:00+09:00,1667.13818359375,1667.13818359375,1667.13818359375,1667.13818359375,0,0.0,0.0
2006-09-19 00:00:00+09:00,1680.529052734375,1707.310392220182,1677.1813852986493,1680.529052734375,599000,0.0,0.0
2006-09-20 00:00:00+09:00,1647.0517978355533,1653.74713034708,1603.5321365106302,1633.6611328125,1275800,0.0,0.0
2006-09-21 00:00:00+09:00,1633.661174158896,1670.4855039042811,1626.9658414779171,1660.4425048828125,435500,0.0,0.0
2006-09-22 00:00:00+09:00,1637.0094447185083,1650.4001150229542,1623.6187744140623,1623.6187744140625,320800,0.0,0.0
2006-09-25 00:00:00+09:00,1633.6609366912526,1657.0945976683813,1570.0552854676178,1616.922607421875,977300,0.0,0.0
2006-09-26 00:00:00+09:00,1630.4258781511758,1654.0552387040914,1616.9233864066525,1637.1771240234375,369100,20.0,0.0
2006-09-27 00:00:00+09:00,1667.5576048571654,1677.6844729028567,1657.430736811474,1670.9332275390625,601900,0.0,0.0
2006-09-28 00:00:00+09:00,1647.3039054560468,1660.806396484375,1640.5526599418827,1660.806396484375,669700,0.0,0.0
2006-09-29 00:00:00+09:00,1667.5574951171875,1677.6843624964417,1657.4306277379333,1667.5574951171875,409500,0.0,0.0
2006-10-02 00:00:00+09:00,1681.0601557617188,1694.5626469726562,1674.30891015625,1687.8114013671875,398800,0.0,0.0
2006-10-03 00:00:00+09:00,1687.811229875696,1687.811229875696,1654.0550052781819,1667.5574951171875,538200,0.0,0.0
2006-10-04 00:00:00+09:00,1667.557197946017,1708.0646602443007,1640.5522230804943,1647.303466796875,790000,0.0,0.0
2006-10-05 00:00:00+09:00,1667.5573880933152,1697.93798828125,1650.6792768777957,1697.93798828125,784400,0.0,0.0
2006-10-06 00:00:00+09:00,1691.1869387712995,1697.9381840358556,1667.5575803453532,1677.6844482421875,460400,0.0,0.0
2006-10-09 00:00:00+09:00,1677.6844482421875,1677.6844482421875,1677.6844482421875,1677.6844482421875,0,0.0,0.0
2006-10-10 00:00:00+09:00,1660.806396484375,1684.4357557839494,1657.430773727293,1660.806396484375,574500,0.0,0.0
2006-10-11 00:00:00+09:00,1670.9333662553267,1677.6846121795907,1633.801513671875,1633.801513671875,646400,0.0,0.0
2006-10-12 00:00:00+09:00,1647.3031549236541,1660.8056398000776,1630.425048828125,1630.425048828125,531800,0.0,0.0
2006-10-13 00:00:00+09:00,1670.932908067878,1677.6841521408796,1654.0547978853742,1657.430419921875,659800,0.0,0.0
2006-10-16 00:00:00+09:00,1684.4357182666508,1687.811340948548,1670.9332275390625,1670.9332275390625,614200,0.0,0.0
2006-10-17 00:00:00+09:00,1687.811018250382,1704.6891284328858,1657.430419921875,1657.430419921875,1203800,0.0,0.0
2006-10-18 00:00:00+09:00,1670.9329524002676,1714.8160400390625,1667.5573302742066,1714.8160400390625,1443500,0.0,0.0
2006-10-19 00:00:00+09:00,1718.1917724609375,1728.3186394891945,1691.1867937189188,1718.1917724609375,1552300,0.0,0.0
2006-10-20 00:00:00+09:00,1714.816051836785,1721.567296135355,1701.313563239645,1711.4404296875,505000,0.0,0.0
2006-10-23 00:00:00+09:00,1731.6944333567203,1738.4456787109377,1711.4406972940687,1738.4456787109375,1183300,0.0,0.0
2006-10-24 00:00:00+09:00,1748.5721551242143,1762.0746428085713,1735.0696674398575,1745.196533203125,1305700,0.0,0.0
2006-10-25 00:00:00+09:00,1745.1964683532713,1748.5720901489256,1718.191493988037,1728.318359375,471000,0.0,0.0
2006-10-26 00:00:00+09:00,1714.8160400390625,1728.3185285433071,1701.313551534818,1714.8160400390625,706900,0.0,0.0
2006-10-27 00:00:00+09:00,1701.3138066681338,1711.4406745649678,1664.1819577130752,1677.6844482421875,792200,0.0,0.0
2006-10-30 00:00:00+09:00,1647.304031055498,1660.8065231133298,1627.05029296875,1627.05029296875,850500,0.0,0.0
2006-10-31 00:00:00+09:00,1630.4253273010254,1640.5521926879883,1613.547218322754,1620.2984619140625,1100600,0.0,0.0
2006-11-01 00:00:00+09:00,1623.6738063899134,1643.9275337045483,1613.5469427325957,1630.425048828125,875100,0.0,0.0
2006-11-02 00:00:00+09:00,1637.1767060791524,1640.5523281535425,1610.1717294840323,1616.9229736328125,802700,0.0,0.0
2006-11-03 00:00:00+09:00,1616.9229736328125,1616.9229736328125,1616.9229736328125,1616.9229736328125,0,0.0,0.0
2006-11-06 00:00:00+09:00,1643.9281378989278,1677.6843624964417,1606.7962908416625,1667.5574951171875,1619200,0.0,0.0
2006-11-07 00:00:00+09:00,1681.0604594666281,1697.938576529546,1637.1773551030415,1640.552978515625,1347500,0.0,0.0
2006-11-08 00:00:00+09:00,1664.1815452575684,1667.5571670532227,1613.547218322754,1620.2984619140625,1136200,0.0,0.0
2006-11-09 00:00:00+09:00,1630.4261082778742,1664.18234240371,1623.674861452707,1640.552978515625,951500,0.0,0.0
2006-11-10 00:00:00+09:00,1643.9282359916622,1650.67948131401,1606.79638671875,1606.79638671875,640200,0.0,0.0
2006-11-13 00:00:00+09:00,1606.7961308061451,1623.6742414238568,1586.5423980648911,1610.1717529296875,781400,0.0,0.0
2006-11-14 00:00:00+09:00,1623.6742414238568,1633.8011077944836,1606.7961308061451,1610.1717529296875,798100,0.0,0.0
2006-11-15 00:00:00+09:00,1620.2985957072024,1637.1767060791524,1613.5473515584224,1616.9229736328125,759000,0.0,0.0
2006-11-16 00:00:00+09:00,1623.6746322789143,1650.6796157679605,1623.6746322789143,1637.1771240234375,1061000,0.0,0.0
2006-11-17 00:00:00+09:00,1620.2986430921053,1633.8011317845396,1603.4205322265625,1603.4205322265625,484100,0.0,0.0
2006-11-20 00:00:00+09:00,1600.0449547095309,1606.7961992441703,1552.7862429670554,1556.161865234375,534600,0.0,0.0
2006-11-21 00:00:00+09:00,1502.1517627707642,1556.1617137917356,1502.1517627707642,1529.15673828125,857300,0.0,0.0
2006-11-22 00:00:00+09:00,1525.7812145861951,1549.4105696793442,1502.1518594930462,1535.9080810546875,814500,0.0,0.0
2006-11-23 00:00:00+09:00,1535.9080810546877,1535.9080810546877,1535.9080810546877,1535.9080810546875,0,0.0,0.0
2006-11-24 00:00:00+09:00,1535.9081434166949,1562.913121762483,1508.9031650709069,1552.7862548828125,928700,0.0,0.0
2006-11-27 00:00:00+09:00,1525.7811337425596,1569.6642194475446,1525.7811337425596,1559.537353515625,674700,0.0,0.0
2006-11-28 00:00:00+09:00,1549.4106325895889,1562.913121762483,1532.5325211234715,1552.7862548828125,560400,0.0,0.0
2006-11-29 00:00:00+09:00,1566.2889754179937,1593.2939577527868,1562.9133526261446,1589.9183349609375,521300,0.0,0.0
2006-11-30 00:00:00+09:00,1562.9132080078125,1576.4156979258066,1552.786340569317,1562.9132080078125,1297600,0.0,0.0
2006-12-01 00:00:00+09:00,1613.547558283402,1613.547558283402,1586.5425782284494,1593.2938232421875,1316000,0.0,0.0
2006-12-04 00:00:00+09:00,1549.4106325895889,1566.2887440557065,1542.6593880031419,1552.7862548828125,2060500,0.0,0.0
2006-12-05 00:00:00+09:00,1562.9130703426142,1566.2886925247797,1525.781226338794,1532.532470703125,1021300,0.0,0.0
2006-12-06 00:00:00+09:00,1529.1566696665645,1562.9128875399988,1529.1566696665645,1549.410400390625,859500,0.0,0.0
2006-12-07 00:00:00+09:00,1576.4153171407766,1583.1665604690027,1549.4103438278726,1566.2884521484375,655700,0.0,0.0
2006-12-08 00:00:00+09:00,1586.5423818734976,1606.796114408053,1573.0398935171274,1579.7911376953125,1093600,0.0,0.0
2006-12-11 00:00:00+09:00,1583.16650390625,1600.0446116238006,1576.4152608192296,1583.16650390625,590100,0.0,0.0
2006-12-12 00:00:00+09:00,1586.5425782284494,1603.4206907627947,1579.7913332147114,1593.2938232421875,708100,0.0,0.0
2006-12-13 00:00:00+09:00,1593.2938232421875,1593.2938232421875,1593.2938232421875,1593.2938232421875,708100,0.0,0.0
2006-12-14 00:00:00+09:00,1606.7961543996712,1610.1717765727797,1589.9180435341284,1603.4205322265625,1178800,0.0,0.0
2006-12-15 00:00:00+09:00,1593.2938960740546,1620.2988773634454,1593.2938960740546,1606.79638671875,694600,0.0,0.0
2006-12-18 00:00:00+09:00,1620.2985957072024,1630.4254619303724,1600.0448632608625,1616.9229736328125,568300,0.0,0.0
2006-12-19 00:00:00+09:00,1616.9236496551127,1620.2992731408228,1593.2942852551425,1600.0455322265625,871000,0.0,0.0
2006-12-20 00:00:00+09:00,1616.9236146275398,1647.304225340792,1610.1723678023727,1640.552978515625,1081000,0.0,0.0
2006-12-21 00:00:00+09:00,1643.9281498597554,1667.5575072499366,1630.4256599225089,1664.181884765625,985600,0.0,0.0
2006-12-22 00:00:00+09:00,1664.1818847656252,1667.5575072499366,1640.5525273754438,1664.181884765625,513400,0.0,0.0
2006-12-25 00:00:00+09:00,1670.9326942459138,1687.8108022685997,1664.1814510368395,1684.4351806640625,896000,0.0,0.0
2006-12-26 00:00:00+09:00,1687.8110980043318,1704.689208984375,1681.0598536123143,1704.689208984375,668000,0.0,0.0
2006-12-27 00:00:00+09:00,1694.5626220703125,1704.6894903296968,1684.4357538109282,1694.5626220703125,403400,0.0,0.0
2006-12-28 00:00:00+09:00,1687.8111215519384,1701.3136105243539,1674.308632579523,1697.93798828125,401200,0.0,0.0
2006-12-29 00:00:00+09:00,1701.3133888473055,1701.3133888473055,1681.0596580276947,1691.1865234375,160900,0.0,0.0
2007-01-04 00:00:00+09:00,1691.1865234375,1691.1865234375,1691.1865234375,1691.1865234375,328900,0.0,0.0
2007-01-05 00:00:00+09:00,1674.308349609375,1674.308349609375,1674.308349609375,1674.308349609375,328900,0.0,0.0
2007-01-09 00:00:00+09:00,1687.8113966721755,1755.3238525390625,1681.060151085487,1755.3238525390625,1638800,0.0,0.0
2007-01-10 00:00:00+09:00,1755.3236182312132,1755.3236182312132,1701.3136607471758,1718.1917724609375,954600,0.0,0.0
2007-01-11 00:00:00+09:00,1735.0699584247077,1748.572448373538,1724.9430909630848,1731.6943359375,1178500,0.0,0.0
2007-01-12 00:00:00+09:00,1735.0696217835293,1775.5770837706932,1728.3183781190019,1758.698974609375,1138400,0.0,0.0
2007-01-15 00:00:00+09:00,1768.8261000147406,1799.2067009691923,1755.323610701651,1789.079833984375,930200,0.0,0.0
2007-01-16 00:00:00+09:00,1789.0797629285216,1822.835984870569,1782.328518540112,1809.33349609375,1304800,0.0,0.0
2007-01-17 00:00:00+09:00,1809.33349609375,1819.4603626763644,1782.328518540112,1809.33349609375,1567600,0.0,0.0
2007-01-18 00:00:00+09:00,1792.4554563126474,1802.5823232974647,1778.9529669995577,1789.079833984375,458500,0.0,0.0
2007-01-19 00:00:00+09:00,1789.0797473538307,1805.9578581779235,1778.952880859375,1778.952880859375,472400,0.0,0.0
2007-01-22 00:00:00+09:00,1795.8310427782014,1805.957909560785,1782.3285537347563,1799.2066650390625,511800,0.0,0.0
2007-01-23 00:00:00+09:00,1772.2019166436814,1785.704407437157,1765.4506712469436,1768.8262939453125,825500,0.0,0.0
2007-01-24 00:00:00+09:00,1768.8255835054479,1775.576826190583,1755.3230981351771,1762.0743408203125,628700,0.0,0.0
2007-01-25 00:00:00+09:00,1758.6996488349382,1765.4508950876634,1738.4459100767622,1741.821533203125,395500,0.0,0.0
2007-01-26 00:00:00+09:00,1758.6992804813747,1782.328637416825,1751.9480356426745,1775.577392578125,800100,0.0,0.0
2007-01-29 00:00:00+09:00,1778.9530282564253,1816.084875146028,1775.577405811916,1805.9580078125,1260300,0.0,0.0
2007-01-30 00:00:00+09:00,1816.0850559303976,1870.095020419034,1812.709433149858,1856.592529296875,1523400,0.0,0.0
2007-01-31 00:00:00+09:00,1870.0951306573274,1876.8463766163793,1836.3389008620688,1859.96826171875,2041600,0.0,0.0
2007-02-01 00:00:00+09:00,1870.0949583861204,1897.0999397346563,1866.7193357175533,1873.4705810546875,1542000,0.0,0.0
2007-02-02 00:00:00+09:00,1870.0945054206295,1876.845749122509,1859.9676398678102,1863.34326171875,1073800,0.0,0.0
2007-02-05 00:00:00+09:00,1846.465502659919,1856.5923701333738,1829.587390204161,1832.9630126953125,572600,0.0,0.0
2007-02-06 00:00:00+09:00,1832.962369478666,1853.2160973182092,1829.5867481720754,1843.0892333984375,523000,0.0,0.0
2007-02-07 00:00:00+09:00,1849.840774314991,1876.845749122509,1846.4651524640512,1863.34326171875,988400,0.0,0.0
2007-02-08 00:00:00+09:00,1870.0948109182186,1883.5973005277365,1839.7142092968036,1846.4654541015625,497100,0.0,0.0
2007-02-09 00:00:00+09:00,1856.59224939605,1880.2216052974543,1849.8410048527917,1866.7191162109375,601800,0.0,0.0
2007-02-13 00:00:00+09:00,1856.5920180168705,1880.2213709734488,1849.840774314991,1863.34326171875,796100,0.0,0.0
2007-02-14 00:00:00+09:00,1836.3386351864642,1876.8461050802832,1829.587390204161,1832.9630126953125,1267200,0.0,0.0
2007-02-15 00:00:00+09:00,1822.8355055588943,1846.464854705028,1799.2061564127605,1843.0892333984375,1465200,0.0,0.0
2007-02-16 00:00:00+09:00,1843.0898316991832,1856.592321308701,1829.5873420896653,1846.4654541015625,830200,0.0,0.0
2007-02-19 00:00:00+09:00,1849.8409305982466,1863.3434191427596,1832.9628199176057,1853.216552734375,731200,0.0,0.0
2007-02-20 00:00:00+09:00,1849.841076503942,1853.2166989063214,1832.9629644920446,1846.4654541015625,731800,0.0,0.0
2007-02-21 00:00:00+09:00,1839.7139545078694,1853.2164422473768,1836.3383325729926,1849.8408203125,478900,0.0,0.0
2007-02-22 00:00:00+09:00,1836.3383325729926,1849.8408203124998,1836.3383325729926,1849.8408203125,1012700,0.0,0.0
2007-02-23 00:00:00+09:00,1849.8406097692086,1849.8406097692086,1829.5868804651664,1839.7137451171875,1097600,0.0,0.0
2007-02-26 00:00:00+09:00,1789.079625484717,1853.2164422473768,1789.079625484717,1849.8408203125,1561700,0.0,0.0
2007-02-27 00:00:00+09:00,1846.4651524640512,1866.7188835696898,1832.9626650602922,1863.34326171875,1014500,0.0,0.0
2007-02-28 00:00:00+09:00,1782.328686707002,1802.5824217832178,1772.201819168894,1795.8311767578125,1343300,0.0,0.0
2007-03-01 00:00:00+09:00,1782.328784738788,1782.328784738788,1745.1969350567301,1768.8262939453125,1186400,0.0,0.0
2007-03-02 00:00:00+09:00,1775.5772823660714,1795.831015625,1741.821060267857,1772.20166015625,1407300,0.0,0.0
2007-03-05 00:00:00+09:00,1745.19665118035,1762.074761926775,1704.68918538893,1711.4404296875,648000,0.0,0.0
2007-03-06 00:00:00+09:00,1704.6891503427541,1724.9428828220741,1694.5622841030943,1721.5672607421875,784500,0.0,0.0
2007-03-07 00:00:00+09:00,1748.5724361434523,1758.6993035342443,1714.816211507478,1735.0699462890625,942400,0.0,0.0
2007-03-08 00:00:00+09:00,1721.5676246056191,1755.3238525390625,1708.0651334322417,1755.3238525390625,759400,0.0,0.0
2007-03-09 00:00:00+09:00,1741.821533203125,1748.5727794558502,1731.694663824037,1741.821533203125,957500,0.0,0.0
2007-03-12 00:00:00+09:00,1741.821361365685,1762.0750981257513,1741.821361365685,1755.3238525390625,638800,0.0,0.0
2007-03-13 00:00:00+09:00,1755.3238525390625,1755.3238525390625,1755.3238525390625,1755.3238525390625,638800,0.0,0.0
2007-03-14 00:00:00+09:00,1687.8108022685997,1704.6889102912858,1674.308315850451,1684.4351806640625,1030000,0.0,0.0
2007-03-15 00:00:00+09:00,1684.4354524932198,1721.567296135355,1681.059830343935,1711.4404296875,830100,0.0,0.0
2007-03-16 00:00:00+09:00,1711.4404296875,1711.4404296875,1711.4404296875,1711.4404296875,830100,0.0,0.0
2007-03-19 00:00:00+09:00,1687.8111215519384,1701.3136105243539,1670.933010336419,1697.93798828125,452500,0.0,0.0
2007-03-20 00:00:00+09:00,1684.435279830963,1708.0646324538425,1684.435279830963,1691.1865234375,696100,0.0,0.0
2007-03-22 00:00:00+09:00,1724.943115234375,1724.943115234375,1724.943115234375,1724.943115234375,696100,0.0,0.0
2007-03-23 00:00:00+09:00,1724.943115234375,1731.6943603037855,1708.0650025608488,1724.943115234375,675900,0.0,0.0
2007-03-26 00:00:00+09:00,1718.191942648286,1741.8213013880463,1718.191942648286,1738.4456787109375,739800,0.0,0.0
2007-03-27 00:00:00+09:00,1748.6514924002165,1755.4555838103342,1711.22898964457,1718.0330810546875,857500,20.0,0.0
2007-03-28 00:00:00+09:00,1731.6412638749227,1748.6514924002165,1714.6310353496287,1718.0330810546875,957100,0.0,0.0
2007-03-29 00:00:00+09:00,1721.4352197553414,1752.0536327549423,1694.218852644585,1731.641357421875,607200,0.0,0.0
2007-03-30 00:00:00+09:00,1748.651817724896,1752.0538640628824,1731.6415860349653,1738.4456787109375,397100,0.0,0.0
2007-04-02 00:00:00+09:00,1762.2600121973044,1775.8681976196774,1704.425224152219,1707.8272705078125,900300,0.0,0.0
2007-04-03 00:00:00+09:00,1735.0432896205357,1792.8780659412203,1735.0432896205357,1786.073974609375,1388300,0.0,0.0
2007-04-04 00:00:00+09:00,1803.0844803850966,1843.909034657967,1796.280388006285,1826.8988037109375,1346800,0.0,0.0
2007-04-05 00:00:00+09:00,1826.898548514888,1826.898548514888,1789.4760456589033,1803.084228515625,784500,0.0,0.0
2007-04-06 00:00:00+09:00,1806.48660998398,1840.5070734488384,1806.48660998398,1816.6927490234375,483700,0.0,0.0
2007-04-09 00:00:00+09:00,1860.9191894531252,1860.9191894531252,1860.9191894531252,1860.919189453125,483700,0.0,0.0
2007-04-10 00:00:00+09:00,1843.908731275086,1860.91895942338,1826.8985031267919,1854.1148681640625,639200,0.0,0.0
2007-04-11 00:00:00+09:00,1857.5171734720304,1867.7233117878109,1837.1048968404698,1847.31103515625,563400,0.0,0.0
2007-04-12 00:00:00+09:00,1850.7131035596806,1860.9192419984288,1799.6824113659393,1809.8885498046875,1039300,0.0,0.0
2007-04-13 00:00:00+09:00,1803.084228515625,1803.084228515625,1803.084228515625,1803.084228515625,1039300,0.0,0.0
2007-04-16 00:00:00+09:00,1803.084825505131,1847.3114344326152,1803.084825505131,1833.7032470703125,733800,0.0,0.0
2007-04-17 00:00:00+09:00,1820.0947573674375,1837.1049887447034,1779.2702020619997,1806.486572265625,711800,0.0,0.0
2007-04-18 00:00:00+09:00,1809.8886185410781,1820.0947573674375,1789.4763408883591,1806.486572265625,927000,0.0,0.0
2007-04-19 00:00:00+09:00,1813.2905959509371,1813.2905959509371,1782.6721806346923,1809.8885498046875,1134400,0.0,0.0
2007-04-20 00:00:00+09:00,1820.0947265625002,1820.0947265625002,1796.2804030373834,1820.0947265625,722600,0.0,0.0
2007-04-23 00:00:00+09:00,1837.104973139951,1847.3111118796173,1799.6824644278408,1813.2906494140625,584300,0.0,0.0
2007-04-24 00:00:00+09:00,1864.321044921875,1864.321044921875,1864.321044921875,1864.321044921875,584300,0.0,0.0
2007-04-25 00:00:00+09:00,1867.7231193991267,1867.7231193991267,1823.4965245863968,1850.712890625,841400,0.0,0.0
2007-04-26 00:00:00+09:00,1860.9186466203068,1884.7329620249543,1847.3104663890797,1857.5166015625,1105300,0.0,0.0
2007-04-27 00:00:00+09:00,1860.9192195772907,1877.9294501035913,1830.3008046299494,1847.31103515625,800100,0.0,0.0
2007-05-01 00:00:00+09:00,1820.0947419071736,1847.3111118796173,1809.8886031675072,1813.2906494140625,1177900,0.0,0.0
2007-05-02 00:00:00+09:00,1820.09492264217,1850.713341901571,1820.09492264217,1840.5072021484375,1036600,0.0,0.0
2007-05-07 00:00:00+09:00,1843.9091796874998,1850.7132726014759,1840.507133230512,1843.9091796875,737400,0.0,0.0
2007-05-08 00:00:00+09:00,1840.5073407514637,1850.713481273191,1826.899153389161,1833.7032470703125,530500,0.0,0.0
2007-05-09 00:00:00+09:00,1806.486503658438,1833.7028728284336,1803.0844575121887,1809.8885498046875,926700,0.0,0.0
2007-05-10 00:00:00+09:00,1809.8885498046877,1813.2905959509371,1803.0844575121887,1809.8885498046875,850600,0.0,0.0
2007-05-11 00:00:00+09:00,1816.6923856026785,1816.6923856026785,1758.857609281994,1786.073974609375,1008800,0.0,0.0
2007-05-14 00:00:00+09:00,1796.280742112811,1823.497116993308,1769.0643672323138,1779.2705078125,905100,0.0,0.0
2007-05-15 00:00:00+09:00,1745.2494722254135,1748.6515179802389,1728.2392434512867,1735.0433349609375,913000,0.0,0.0
2007-05-16 00:00:00+09:00,1738.4456478970724,1758.8579255631828,1735.0436016193871,1752.0538330078125,687000,0.0,0.0
2007-05-17 00:00:00+09:00,1755.4556786437868,1762.2597704214759,1721.4352197553414,1731.641357421875,696000,0.0,0.0
2007-05-18 00:00:00+09:00,1745.2495409772532,1745.2495409772532,1724.837265644186,1731.641357421875,497500,0.0,0.0
2007-05-21 00:00:00+09:00,1738.4458215994428,1762.2601479227228,1721.4355885113855,1755.4560546875,776800,0.0,0.0
2007-05-22 00:00:00+09:00,1765.6620099016727,1789.4763337346433,1752.053824854261,1782.6722412109375,922600,0.0,0.0
2007-05-23 00:00:00+09:00,1786.0740176515083,1792.8781091473236,1762.259697416155,1765.6617431640625,428700,0.0,0.0
2007-05-24 00:00:00+09:00,1735.0435487027298,1752.0537795723646,1731.641502528803,1748.6517333984375,859800,0.0,0.0
2007-05-25 00:00:00+09:00,1748.6514924002165,1748.6514924002165,1707.8269439395112,1718.0330810546875,704700,0.0,0.0
2007-05-28 00:00:00+09:00,1741.8477250489238,1741.8477250489238,1731.6415860349653,1738.4456787109375,372500,0.0,0.0
2007-05-29 00:00:00+09:00,1728.2393115330306,1745.2495409772532,1718.0331738664968,1731.641357421875,519200,0.0,0.0
2007-05-30 00:00:00+09:00,1724.8370901993878,1728.2391357421875,1707.82686248539,1728.2391357421875,608500,0.0,0.0
2007-05-31 00:00:00+09:00,1721.4354470210067,1741.8477250489238,1721.4354470210067,1738.4456787109375,618900,0.0,0.0
2007-06-01 00:00:00+09:00,1731.6413623046876,1735.0434082031252,1694.218857421875,1701.02294921875,1583600,0.0,0.0
2007-06-04 00:00:00+09:00,1684.0127342867565,1697.6209179981645,1680.6106883589043,1694.2188720703125,814900,0.0,0.0
2007-06-05 00:00:00+09:00,1701.023177796626,1714.6313632189988,1697.6211314410327,1707.8272705078125,888900,0.0,0.0
2007-06-06 00:00:00+09:00,1711.2287866749123,1714.6308319764528,1687.4144695641282,1697.62060546875,971500,0.0,0.0
2007-06-07 00:00:00+09:00,1694.219185228559,1704.4253248986104,1687.415092115191,1690.817138671875,1370300,0.0,0.0
2007-06-08 00:00:00+09:00,1673.8060249660325,1673.8060249660325,1632.981487771739,1643.1876220703125,1900200,0.0,0.0
2007-06-11 00:00:00+09:00,1653.3940294609695,1660.1981201171875,1646.5899388047515,1660.1981201171875,1072600,0.0,0.0
2007-06-12 00:00:00+09:00,1646.5903853898196,1653.3944778914304,1643.188339139014,1649.992431640625,617300,0.0,0.0
2007-06-13 00:00:00+09:00,1649.9917116026945,1653.3937563688858,1639.7855773041213,1643.1876220703125,1208500,0.0,0.0
2007-06-14 00:00:00+09:00,1656.796142578125,1660.1981880454314,1643.1879607089002,1656.796142578125,535800,0.0,0.0
2007-06-15 00:00:00+09:00,1660.1985929528062,1667.002685546875,1656.7965466557719,1667.002685546875,512000,0.0,0.0
2007-06-18 00:00:00+09:00,1673.806778140944,1684.0129170320472,1660.1985929528062,1667.002685546875,960700,0.0,0.0
2007-06-19 00:00:00+09:00,1649.992622816858,1653.3946694618414,1643.1885295268917,1646.590576171875,533800,0.0,0.0
2007-06-20 00:00:00+09:00,1663.6001654452964,1680.6103920858413,1653.3940294609695,1660.1981201171875,904000,0.0,0.0
2007-06-21 00:00:00+09:00,1663.6004443359375,1707.8270410156251,1660.1983984375001,1701.02294921875,1131300,0.0,0.0
2007-06-22 00:00:00+09:00,1663.6006392498407,1677.2088244379784,1653.3945003587373,1667.002685546875,1201300,0.0,0.0
2007-06-25 00:00:00+09:00,1670.4039801998413,1680.6101144984148,1643.1876220703123,1643.1876220703125,523600,0.0,0.0
2007-06-26 00:00:00+09:00,1649.9920516435127,1660.1981880454314,1646.5900061762065,1656.796142578125,734800,0.0,0.0
2007-06-27 00:00:00+09:00,1649.992431640625,1656.7965241422357,1639.7862928882087,1649.992431640625,784500,0.0,0.0
2007-06-28 00:00:00+09:00,1677.208671786042,1684.0127637608332,1673.8066257986463,1680.6107177734375,967400,0.0,0.0
2007-06-29 00:00:00+09:00,1653.394306640625,1704.4249951171876,1653.394306640625,1701.02294921875,800200,0.0,0.0
2007-07-02 00:00:00+09:00,1714.6313632189988,1718.033409574592,1704.425224152219,1707.8272705078125,929500,0.0,0.0
2007-07-03 00:00:00+09:00,1690.81698665029,1701.0231254027062,1643.188339139014,1649.992431640625,1588800,0.0,0.0
2007-07-04 00:00:00+09:00,1667.0026701640306,1690.8169940235168,1663.6006238983898,1673.8067626953125,1219800,0.0,0.0
2007-07-05 00:00:00+09:00,1677.2083336595065,1711.2287866749123,1677.2083336595065,1697.62060546875,952300,0.0,0.0
2007-07-06 00:00:00+09:00,1704.4250098538687,1707.8270557817207,1677.2086424310523,1694.2188720703125,900700,0.0,0.0
2007-07-09 00:00:00+09:00,1721.435356185281,1731.6414946606878,1677.208756125185,1724.83740234375,1123700,0.0,0.0
2007-07-10 00:00:00+09:00,1718.0331787109376,1721.4352246093752,1687.414765625,1701.02294921875,667900,0.0,0.0
2007-07-11 00:00:00+09:00,1677.2088089609533,1680.6108552265941,1653.3944851014671,1673.8067626953125,740800,0.0,0.0
2007-07-12 00:00:00+09:00,1673.806778140944,1687.4149633290817,1653.3945003587373,1667.002685546875,455800,0.0,0.0
2007-07-13 00:00:00+09:00,1673.8063699146562,1684.012506316575,1646.5900061762065,1656.796142578125,1112700,0.0,0.0
2007-07-17 00:00:00+09:00,1656.7965241422357,1667.002662894652,1632.982200386598,1649.992431640625,746000,0.0,0.0
2007-07-18 00:00:00+09:00,1605.7659380805467,1605.7659380805467,1585.3536592066414,1602.3638916015625,1289100,0.0,0.0
2007-07-19 00:00:00+09:00,1612.5698392189156,1619.3739313675185,1602.363700996011,1605.7657470703125,1084000,0.0,0.0
2007-07-20 00:00:00+09:00,1619.3737135667068,1632.981896033654,1588.755303016076,1592.1573486328125,1180200,0.0,0.0
2007-07-23 00:00:00+09:00,1592.1576543393342,1598.961746879246,1541.1269602899965,1564.9412841796875,1336300,0.0,0.0
2007-07-24 00:00:00+09:00,1571.7452863272974,1609.167793144614,1571.7452863272974,1605.7657470703125,837000,0.0,0.0
2007-07-25 00:00:00+09:00,1568.3429360225282,1585.353163094356,1564.9408906081626,1578.549072265625,625900,0.0,0.0
2007-07-26 00:00:00+09:00,1575.1475732204378,1575.1475732204378,1527.5189208984377,1527.5189208984375,967400,0.0,0.0
2007-07-27 00:00:00+09:00,1493.4981928644954,1513.910468848976,1486.6941008696685,1510.5084228515625,881100,0.0,0.0
2007-07-30 00:00:00+09:00,1507.1063768541492,1541.1268368282836,1476.4879628774283,1510.5084228515625,1122100,0.0,0.0
2007-07-31 00:00:00+09:00,1517.3131966145834,1534.3234342447915,1517.3131966145834,1530.92138671875,1021900,0.0,0.0
2007-08-01 00:00:00+09:00,1537.7246115794298,1558.1368851844666,1500.302109970196,1507.106201171875,1327500,0.0,0.0
2007-08-02 00:00:00+09:00,1496.9003295898438,1500.302375793457,1449.2716827392578,1469.6839599609375,1700800,0.0,0.0
2007-08-03 00:00:00+09:00,1473.0858932877456,1493.4981689453125,1442.4674798013953,1493.4981689453125,1444300,0.0,0.0
2007-08-06 00:00:00+09:00,1466.2819063009317,1503.7044143503756,1456.0757677419926,1500.3023681640625,1494500,0.0,0.0
2007-08-07 00:00:00+09:00,1524.1166456935123,1530.9207378617868,1513.9105074411002,1520.714599609375,2102800,0.0,0.0
2007-08-08 00:00:00+09:00,1571.745376719599,1578.549469259511,1554.73514536982,1564.9412841796875,2368100,0.0,0.0
2007-08-09 00:00:00+09:00,1541.1265599387034,1551.3326960972377,1517.3122422354563,1524.1163330078125,2303900,0.0,0.0
2007-08-10 00:00:00+09:00,1496.9002770204138,1534.3227839459241,1425.4573092535304,1520.714599609375,2553500,0.0,0.0
2007-08-13 00:00:00+09:00,1541.1268761141987,1544.528922198336,1517.3125535252375,1520.714599609375,1256700,0.0,0.0
2007-08-14 00:00:00+09:00,1527.5186917776496,1530.9207378617868,1513.9105074411002,1520.714599609375,1016500,0.0,0.0
2007-08-15 00:00:00+09:00,1507.1063527170238,1510.5083986599516,1490.0961230023847,1493.4981689453125,1068800,0.0,0.0
2007-08-16 00:00:00+09:00,1483.2921073999298,1517.3125685788273,1479.89006128204,1513.9105224609375,1313800,0.0,0.0
2007-08-17 00:00:00+09:00,1459.4776611328125,1459.4776611328125,1459.4776611328125,1459.4776611328125,1313800,0.0,0.0
2007-08-20 00:00:00+09:00,1469.6839599609375,1469.6839599609375,1469.6839599609375,1469.6839599609375,1313800,0.0,0.0
2007-08-21 00:00:00+09:00,1479.89006128204,1520.714614696717,1476.4880151641503,1513.9105224609375,1287400,0.0,0.0
2007-08-22 00:00:00+09:00,1476.4876981513446,1479.88974353879,1456.0754258266716,1462.8795166015625,1394100,0.0,0.0
2007-08-23 00:00:00+09:00,1490.095947265625,1493.4979928073274,1479.8898106405181,1490.095947265625,941300,0.0,0.0
2007-08-24 00:00:00+09:00,1490.0961996357091,1520.714614696717,1483.2921073999298,1513.9105224609375,907300,0.0,0.0
2007-08-27 00:00:00+09:00,1541.127529296875,1544.5295768229166,1530.92138671875,1530.92138671875,1214000,0.0,0.0
2007-08-28 00:00:00+09:00,1530.92138671875,1530.92138671875,1530.92138671875,1530.92138671875,1214000,0.0,0.0
2007-08-29 00:00:00+09:00,1520.7146908237771,1537.7249222647588,1520.7146908237771,1534.3228759765625,1145300,0.0,0.0
2007-08-30 00:00:00+09:00,1537.7250606817233,1541.127107276152,1517.312781115152,1527.5189208984375,1116400,0.0,0.0
2007-08-31 00:00:00+09:00,1558.137191639776,1564.9412841796875,1554.73514536982,1564.9412841796875,1053800,0.0,0.0
2007-09-03 00:00:00+09:00,1575.147422989555,1581.9515155294666,1558.137191639776,1564.9412841796875,456500,0.0,0.0
2007-09-04 00:00:00+09:00,1575.147216796875,1592.1574459199514,1571.7451709722598,1575.147216796875,822000,0.0,0.0
2007-09-05 00:00:00+09:00,1581.9514377946896,1585.3534838974738,1534.3227923557097,1544.5289306640625,945100,0.0,0.0
2007-09-06 00:00:00+09:00,1537.7248452861656,1541.1268914040554,1490.0961996357091,1513.9105224609375,1284900,0.0,0.0
2007-09-07 00:00:00+09:00,1510.5085067230018,1513.9105529093147,1486.6941834188103,1500.3023681640625,970300,0.0,0.0
2007-09-10 00:00:00+09:00,1500.3025220788045,1507.1066151494565,1483.292289402174,1486.6943359375,569900,0.0,0.0
2007-09-11 00:00:00+09:00,1486.6942827417217,1496.9004219825115,1473.0860970873352,1483.292236328125,467100,0.0,0.0
2007-09-12 00:00:00+09:00,1469.6835370006052,1473.0855822251438,1391.436496836221,1405.044677734375,2522800,0.0,0.0
2007-09-13 00:00:00+09:00,1371.0244536925413,1374.4264994833418,1356.0554522130199,1358.0966796875,1989400,0.0,0.0
2007-09-14 00:00:00+09:00,1360.818330368193,1388.034696975557,1352.653420385984,1374.426513671875,1503500,0.0,0.0
2007-09-18 00:00:00+09:00,1371.0243195268445,1377.8284104426104,1354.0140922374296,1357.4161376953125,1288900,0.0,0.0
2007-09-19 00:00:00+09:00,1388.034912109375,1391.4369584625842,1381.2308194029565,1388.034912109375,507000,0.0,0.0
2007-09-20 00:00:00+09:00,1371.024251098633,1371.024251098633,1360.818115234375,1360.818115234375,846500,0.0,0.0
2007-09-21 00:00:00+09:00,1346.5300409349345,1353.3341341180317,1268.2829693293168,1284.61279296875,2343200,0.0,0.0
2007-09-25 00:00:00+09:00,1305.2434873838681,1332.7512531875325,1303.868099093685,1323.12353515625,2232400,20.0,0.0
2007-09-26 00:00:00+09:00,1334.1265490215335,1343.7542663856066,1323.123443462593,1340.3157958984375,1502300,0.0,0.0
2007-09-27 00:00:00+09:00,1340.315841760136,1358.883583026182,1322.4357946150546,1352.6943359375,848000,0.0,0.0
2007-09-28 00:00:00+09:00,1372.637673073464,1385.7038633482114,1360.94687124869,1374.0130615234375,1213700,0.0,0.0
2007-10-01 00:00:00+09:00,1389.1419860496774,1396.0189265746758,1327.9372153771915,1345.8172607421875,1446600,0.0,0.0
2007-10-02 00:00:00+09:00,1325.1867397265223,1353.3822022738952,1312.1205497655446,1338.2529296875,1299700,0.0,0.0
2007-10-03 00:00:00+09:00,1396.0189010064128,1406.3343116049823,1351.3187884126114,1358.8834228515625,1725500,0.0,0.0
2007-10-04 00:00:00+09:00,1327.937400014985,1337.5651180886307,1316.9342936451042,1326.56201171875,1473000,0.0,0.0
2007-10-05 00:00:00+09:00,1337.5650073204413,1340.3157836851108,1330.0003723176007,1333.4388427734375,1445600,0.0,0.0
2007-10-09 00:00:00+09:00,1317.621961527047,1339.628173828125,1313.4957967205949,1339.628173828125,1397800,0.0,0.0
2007-10-10 00:00:00+09:00,1333.4386553688344,1343.066371292075,1333.4386553688344,1337.5648193359375,1383300,0.0,0.0
2007-10-11 00:00:00+09:00,1332.7510892427883,1358.1957694811697,1332.0633951822915,1341.00341796875,1324100,0.0,0.0
2007-10-12 00:00:00+09:00,1327.2498002255322,1327.2498002255322,1324.4990234375,1324.4990234375,1324100,0.0,0.0
2007-10-15 00:00:00+09:00,1221.3450214336447,1275.6728686708393,1208.2788303259647,1270.8590087890625,2427200,0.0,0.0
2007-10-16 00:00:00+09:00,1273.8454664219666,1273.8454664219666,1243.3511962890625,1243.3511962890625,2427200,0.0,0.0
2007-10-17 00:00:00+09:00,1213.7801251603885,1226.8463134765625,1213.7801251603885,1226.8463134765625,2427200,0.0,0.0
2007-10-18 00:00:00+09:00,1206.2153758370534,1209.6538461216517,1178.019919503348,1203.464599609375,2155500,0.0,0.0
2007-10-19 00:00:00+09:00,1180.083251953125,1180.083251953125,1180.083251953125,1180.083251953125,2155500,0.0,0.0
2007-10-22 00:00:00+09:00,1166.329245683294,1172.5184928596793,1144.3230335005903,1164.953857421875,1174300,0.0,0.0
2007-10-23 00:00:00+09:00,1170.5076332435283,1171.1429443359375,1170.5076332435283,1171.1429443359375,1174300,0.0,0.0
2007-10-24 00:00:00+09:00,1184.2804623171687,1184.2804623171687,1163.578369140625,1163.578369140625,1174300,0.0,0.0
2007-10-25 00:00:00+09:00,1163.5785305168622,1172.5185546875,1163.5785305168622,1172.5185546875,1174300,0.0,0.0
2007-10-26 00:00:00+09:00,1172.518258413418,1183.5213623046875,1172.518258413418,1183.5213623046875,1174300,0.0,0.0
2007-10-29 00:00:00+09:00,1179.3953541126327,1202.7769529696761,1175.9568836924793,1189.0230712890625,770300,0.0,0.0
2007-10-30 00:00:00+09:00,1200.026150209974,1282.5494384765625,1200.026150209974,1282.5494384765625,770300,0.0,0.0
2007-10-31 00:00:00+09:00,1258.480330985871,1297.678898672316,1246.1018359269935,1278.4234619140625,2003800,0.0,0.0
2007-11-01 00:00:00+09:00,1274.2973038455475,1312.1204833984375,1274.2973038455475,1312.1204833984375,2003800,0.0,0.0
2007-11-02 00:00:00+09:00,1307.9941846166193,1307.9941846166193,1305.243408203125,1305.243408203125,2003800,0.0,0.0
2007-11-05 00:00:00+09:00,1265.3569064825415,1266.044600453456,1189.710569681955,1201.4013671875,2776200,0.0,0.0
2007-11-06 00:00:00+09:00,1198.6507381834278,1215.1553955078125,1198.6507381834278,1215.1553955078125,2776200,0.0,0.0
2007-11-07 00:00:00+09:00,1217.2185989343639,1217.2185989343639,1158.076904296875,1158.076904296875,2776200,0.0,0.0
2007-11-08 00:00:00+09:00,1155.3259125389004,1160.1397705078125,1155.3259125389004,1160.1397705078125,2776200,0.0,0.0
2007-11-09 00:00:00+09:00,1160.1401033475329,1160.1401033475329,1154.6385498046875,1154.6385498046875,2776200,0.0,0.0
2007-11-12 00:00:00+09:00,1154.6386001642134,1154.6386001642134,1140.197021484375,1140.197021484375,2776200,0.0,0.0
2007-11-13 00:00:00+09:00,1140.196701366962,1191.0860595703125,1140.196701366962,1191.0860595703125,2776200,0.0,0.0
2007-11-14 00:00:00+09:00,1191.0865349603614,1191.0865349603614,1165.641845703125,1165.641845703125,2776200,0.0,0.0
2007-11-15 00:00:00+09:00,1169.7675844217101,1173.2060546875,1169.7675844217101,1173.2060546875,2776200,0.0,0.0
2007-11-16 00:00:00+09:00,1173.8938323347284,1173.8938323347284,1137.446044921875,1137.446044921875,2776200,0.0,0.0
2007-11-19 00:00:00+09:00,1123.6922210561575,1123.6922210561575,1114.752197265625,1114.752197265625,2776200,0.0,0.0
2007-11-20 00:00:00+09:00,1112.6892476037995,1121.6292724609375,1112.6892476037995,1121.6292724609375,2776200,0.0,0.0
2007-11-21 00:00:00+09:00,1122.3165851076008,1126.4427490234375,1122.3165851076008,1126.4427490234375,2776200,0.0,0.0
2007-11-22 00:00:00+09:00,1126.4427647254279,1160.1397705078125,1126.4427647254279,1160.1397705078125,2776200,0.0,0.0
2007-11-26 00:00:00+09:00,1159.4521766242506,1169.7675874483098,1120.941309547763,1161.5152587890625,1855600,0.0,0.0
2007-11-27 00:00:00+09:00,1161.5154759754334,1189.7109375,1161.5154759754334,1189.7109375,2776200,0.0,0.0
2007-11-28 00:00:00+09:00,1209.654113700565,1217.21875,1198.6510063559322,1217.21875,2776200,0.0,0.0
2007-11-29 00:00:00+09:00,1227.5338572052874,1227.5338572052874,1224.7830810546875,1224.7830810546875,2776200,0.0,0.0
2007-11-30 00:00:00+09:00,1228.221695743966,1228.221695743966,1223.4078369140625,1223.4078369140625,2776200,0.0,0.0
2007-12-03 00:00:00+09:00,1228.851851141485,1265.3570556640625,1228.851851141485,1265.3570556640625,2776200,0.0,0.0
2007-12-04 00:00:00+09:00,1265.357049344346,1265.357049344346,1261.9185791015625,1261.9185791015625,2776200,0.0,0.0
2007-12-05 00:00:00+09:00,1261.9186791766253,1263.2940673828125,1261.9186791766253,1263.2940673828125,2776200,0.0,0.0
2007-12-06 00:00:00+09:00,1263.2940466308594,1263.2940466308594,1237.849365234375,1237.849365234375,2776200,0.0,0.0
2007-12-07 00:00:00+09:00,1279.798756075981,1280.4864501953125,1279.798756075981,1280.4864501953125,2776200,0.0,0.0
2007-12-10 00:00:00+09:00,1276.360353618421,1306.618896484375,1276.360353618421,1306.618896484375,2776200,0.0,0.0
2007-12-11 00:00:00+09:00,1320.3724231020942,1320.3724231020942,1313.4954833984375,1313.4954833984375,2776200,0.0,0.0
2007-12-12 00:00:00+09:00,1310.7450463120463,1326.56201171875,1310.7450463120463,1326.56201171875,2776200,0.0,0.0
2007-12-13 00:00:00+09:00,1281.1740315535262,1281.1740315535262,1272.2340087890625,1272.2340087890625,2776200,0.0,0.0
2007-12-14 00:00:00+09:00,1273.609469011966,1273.609469011966,1271.54638671875,1271.54638671875,2776200,0.0,0.0
2007-12-17 00:00:00+09:00,1268.1081099076705,1268.1081099076705,1225.4710693359375,1225.4710693359375,2776200,0.0,0.0
2007-12-18 00:00:00+09:00,1226.1585934385616,1248.1648048743632,1211.717017183817,1239.9124755859375,1109800,0.0,0.0
2007-12-19 00:00:00+09:00,1239.9125912640545,1239.9125912640545,1221.3448486328125,1221.3448486328125,2776200,0.0,0.0
2007-12-20 00:00:00+09:00,1202.089227165358,1202.089227165358,1198.6507568359375,1198.6507568359375,2776200,0.0,0.0
2007-12-21 00:00:00+09:00,1198.650918321892,1207.5909423828125,1198.650918321892,1207.5909423828125,2776200,0.0,0.0
2007-12-25 00:00:00+09:00,1220.657154461285,1221.3448486328125,1220.657154461285,1221.3448486328125,2776200,0.0,0.0
2007-12-26 00:00:00+09:00,1228.2217853501463,1234.4110328687082,1228.2217853501463,1233.03564453125,2776200,0.0,0.0
2007-12-27 00:00:00+09:00,1234.411093971946,1234.411093971946,1225.4710693359375,1225.4710693359375,2776200,0.0,0.0
2007-12-28 00:00:00+09:00,1225.4710693359375,1225.4710693359375,1225.4710693359375,1225.4710693359375,2776200,0.0,0.0
2008-01-04 00:00:00+09:00,1167.704345703125,1167.704345703125,1167.704345703125,1167.704345703125,2776200,0.0,0.0
2008-01-07 00:00:00+09:00,1154.6382684210466,1160.8275146484375,1154.6382684210466,1160.8275146484375,2776200,0.0,0.0
2008-01-08 00:00:00+09:00,1160.8276883721144,1176.6446533203125,1160.8276883721144,1176.6446533203125,2776200,0.0,0.0
2008-01-09 00:00:00+09:00,1176.6445284175818,1215.1553955078125,1176.6445284175818,1215.1553955078125,2776200,0.0,0.0
2008-01-10 00:00:00+09:00,1213.092200020032,1213.092200020032,1206.9029541015625,1206.9029541015625,2776200,0.0,0.0
2008-01-11 00:00:00+09:00,1207.5907282759285,1207.5907282759285,1171.1429443359375,1171.1429443359375,2776200,0.0,0.0
2008-01-15 00:00:00+09:00,1172.5182034298161,1172.5182034298161,1167.704345703125,1167.704345703125,2776200,0.0,0.0
2008-01-16 00:00:00+09:00,1164.9539626975227,1187.64787106176,1147.7616078761307,1154.6385498046875,1585600,0.0,0.0
2008-01-17 00:00:00+09:00,1154.638336619357,1198.6507568359375,1154.638336619357,1198.6507568359375,1585600,0.0,0.0
2008-01-18 00:00:00+09:00,1191.7740747449666,1239.2249755859375,1191.7740747449666,1239.2249755859375,1585600,0.0,0.0
2008-01-21 00:00:00+09:00,1116.8152694188227,1123.0045166015625,1116.8152694188227,1123.0045166015625,1585600,0.0,0.0
2008-01-22 00:00:00+09:00,1128.5632305305412,1128.5632305305412,1113.376708984375,1113.376708984375,1585600,0.0,0.0
2008-01-23 00:00:00+09:00,1107.8752950157063,1123.6922607421875,1107.8752950157063,1123.6922607421875,1585600,0.0,0.0
2008-01-24 00:00:00+09:00,1123.6922137920674,1153.2630615234375,1123.6922137920674,1153.2630615234375,1585600,0.0,0.0
2008-01-25 00:00:00+09:00,1168.392120415662,1168.392120415662,1158.764404296875,1158.764404296875,1585600,0.0,0.0
2008-01-28 00:00:00+09:00,1147.0737114223182,1163.578369140625,1147.0737114223182,1163.578369140625,1585600,0.0,0.0
2008-01-29 00:00:00+09:00,1185.5847366797957,1241.2879638671875,1185.5847366797957,1241.2879638671875,1585600,0.0,0.0
2008-01-30 00:00:00+09:00,1234.1503218311384,1263.9815673828125,1234.1503218311384,1263.9815673828125,1585600,0.0,0.0
2008-01-31 00:00:00+09:00,1261.2309038481842,1272.2340087890625,1261.2309038481842,1272.2340087890625,1585600,0.0,0.0
2008-02-01 00:00:00+09:00,1272.234212912147,1272.234212912147,1248.1649169921875,1248.1649169921875,1585600,0.0,0.0
2008-02-04 00:00:00+09:00,1248.852558035112,1274.2972412109375,1248.852558035112,1274.2972412109375,1585600,0.0,0.0
2008-02-05 00:00:00+09:00,1278.423385563212,1290.8018798828125,1278.423385563212,1290.8018798828125,1585600,0.0,0.0
2008-02-06 00:00:00+09:00,1245.4142012162642,1245.4142012162642,1225.4710693359375,1225.4710693359375,1585600,0.0,0.0
2008-02-07 00:00:00+09:00,1225.4710094105114,1248.1649169921875,1225.4710094105114,1248.1649169921875,1585600,0.0,0.0
2008-02-08 00:00:00+09:00,1247.4772220745608,1247.4772220745608,1233.03564453125,1233.03564453125,1585600,0.0,0.0
2008-02-12 00:00:00+09:00,1228.2217129340024,1228.2217129340024,1176.6446533203125,1176.6446533203125,1585600,0.0,0.0
2008-02-13 00:00:00+09:00,1207.590941397239,1207.590941397239,1192.461669921875,1192.461669921875,1585600,0.0,0.0
2008-02-14 00:00:00+09:00,1239.2251991259473,1259.1683349609375,1239.2251991259473,1259.1683349609375,1585600,0.0,0.0
2008-02-15 00:00:00+09:00,1255.041748046875,1258.4802185894691,1255.041748046875,1255.041748046875,1585600,0.0,0.0
2008-02-18 00:00:00+09:00,1283.2371863803069,1283.2371863803069,1271.54638671875,1271.54638671875,1585600,0.0,0.0
2008-02-19 00:00:00+09:00,1277.204752559079,1277.204752559079,1271.54638671875,1271.54638671875,1585600,0.0,0.0
2008-02-20 00:00:00+09:00,1259.1679249175372,1259.1679249175372,1219.9693603515625,1219.9693603515625,1585600,0.0,0.0
2008-02-21 00:00:00+09:00,1224.7834304024443,1229.5972900390625,1224.7834304024443,1229.5972900390625,1585600,0.0,0.0
2008-02-22 00:00:00+09:00,1234.82283414384,1234.82283414384,1202.7769775390625,1202.7769775390625,1585600,0.0,0.0
2008-02-25 00:00:00+09:00,1207.5280814061518,1239.2249755859375,1207.5280814061518,1239.2249755859375,1585600,0.0,0.0
2008-02-26 00:00:00+09:00,1244.038514108888,1244.038514108888,1224.7830810546875,1224.7830810546875,1585600,0.0,0.0
2008-02-27 00:00:00+09:00,1224.7831370091517,1255.7293701171875,1224.7831370091517,1255.7293701171875,1585600,0.0,0.0
2008-02-28 00:00:00+09:00,1263.9500771189325,1263.9500771189325,1224.7830810546875,1224.7830810546875,1585600,0.0,0.0
2008-02-29 00:00:00+09:00,1223.4078369140625,1223.4078369140625,1223.4078369140625,1223.4078369140625,1585600,0.0,0.0
2008-03-03 00:00:00+09:00,1223.4078076880385,1223.4078076880385,1137.446044921875,1137.446044921875,1585600,0.0,0.0
2008-03-04 00:00:00+09:00,1141.9389272324267,1141.9389272324267,1125.0675048828125,1125.0675048828125,1585600,0.0,0.0
2008-03-05 00:00:00+09:00,1129.5114333304261,1132.632080078125,1129.5114333304261,1132.632080078125,1585600,0.0,0.0
2008-03-06 00:00:00+09:00,1146.3861525874502,1146.3861525874502,1143.6353759765625,1143.6353759765625,1585600,0.0,0.0
2008-03-07 00:00:00+09:00,1143.6352355463894,1143.6352355463894,1106.499755859375,1106.499755859375,1585600,0.0,0.0
2008-03-10 00:00:00+09:00,1100.9980196967902,1100.9980196967902,1087.244140625,1087.244140625,1585600,0.0,0.0
2008-03-11 00:00:00+09:00,1087.244653294229,1087.244653294229,965.5227661132811,965.5227661132812,1585600,0.0,0.0
2008-03-12 00:00:00+09:00,970.2051096220969,991.6546630859374,970.2051096220969,991.6546630859375,1585600,0.0,0.0
2008-03-13 00:00:00+09:00,987.5289097452888,987.5289097452888,951.0811157226562,951.0811157226562,1585600,0.0,0.0
2008-03-14 00:00:00+09:00,957.9580628307153,969.6488647460938,957.9580628307153,969.6488647460938,1585600,0.0,0.0
2008-03-17 00:00:00+09:00,944.2039794921874,944.2039794921874,944.2039794921874,944.2039794921875,1585600,0.0,0.0
2008-03-18 00:00:00+09:00,940.7655429715785,949.70556640625,940.7655429715785,949.70556640625,1585600,0.0,0.0
2008-03-19 00:00:00+09:00,949.7055801423999,971.7117919921875,949.7055801423999,971.7117919921875,1585600,0.0,0.0
2008-03-21 00:00:00+09:00,971.7117303265027,998.5317993164061,971.7117303265027,998.5317993164062,1585600,0.0,0.0
2008-03-24 00:00:00+09:00,1001.9701731770833,1031.541015625,1001.9701731770833,1031.541015625,1585600,0.0,0.0
2008-03-25 00:00:00+09:00,1031.5414814752205,1032.9168701171875,1031.5414814752205,1032.9168701171875,1585600,0.0,0.0
2008-03-26 00:00:00+09:00,1032.2195785814158,1057.3106689453125,1032.2195785814158,1057.3106689453125,1585600,20.0,0.0
2008-03-27 00:00:00+09:00,1067.0683384622403,1074.0380859375,1067.0683384622403,1074.0380859375,1585600,0.0,0.0
2008-03-28 00:00:00+09:00,1069.8562402375705,1069.8562402375705,1064.9774169921875,1064.9774169921875,1585600,0.0,0.0
2008-03-31 00:00:00+09:00,1044.0680684285237,1044.0680684285237,1043.37109375,1043.37109375,1585600,0.0,0.0
2008-04-01 00:00:00+09:00,1080.3109561695771,1080.3109561695771,1066.3714599609375,1066.3714599609375,1585600,0.0,0.0
2008-04-02 00:00:00+09:00,1066.3713381912908,1131.886962890625,1066.3713381912908,1131.886962890625,1585600,0.0,0.0
2008-04-03 00:00:00+09:00,1134.674718119118,1147.917236328125,1134.674718119118,1147.917236328125,1585600,0.0,0.0
2008-04-04 00:00:00+09:00,1138.1596413270172,1138.1596413270172,1130.492919921875,1130.492919921875,1585600,0.0,0.0
2008-04-07 00:00:00+09:00,1155.5839546053123,1166.03857421875,1155.5839546053123,1166.03857421875,1585600,0.0,0.0
2008-04-08 00:00:00+09:00,1174.8494203484813,1174.8494203484813,1172.3114013671875,1172.3114013671875,1585600,0.0,0.0
2008-04-09 00:00:00+09:00,1172.3118019511608,1172.3118019511608,1108.8870849609375,1108.8870849609375,1585600,0.0,0.0
2008-04-10 00:00:00+09:00,1122.1292123995393,1122.1292123995393,1092.1593017578125,1092.1593017578125,1585600,0.0,0.0
2008-04-11 00:00:00+09:00,1092.856425926644,1123.5233154296875,1092.856425926644,1123.5233154296875,1585600,0.0,0.0
2008-04-14 00:00:00+09:00,1120.0383949377347,1120.0383949377347,1090.0684814453125,1090.0684814453125,1585600,0.0,0.0
2008-04-15 00:00:00+09:00,1109.583721950716,1109.583721950716,1107.4927978515625,1107.4927978515625,1585600,0.0,0.0
2008-04-16 00:00:00+09:00,1108.189882491145,1143.735595703125,1108.189882491145,1143.735595703125,1585600,0.0,0.0
2008-04-17 00:00:00+09:00,1171.614201450065,1174.402099609375,1171.614201450065,1174.402099609375,1585600,0.0,0.0
2008-04-18 00:00:00+09:00,1177.1903874021725,1191.1298828125,1177.1903874021725,1191.1298828125,1585600,0.0,0.0
2008-04-21 00:00:00+09:00,1193.9178856159078,1212.7362060546875,1193.9178856159078,1212.7362060546875,1585600,0.0,0.0
2008-04-22 00:00:00+09:00,1213.4327029921224,1213.4327029921224,1173.0081787109375,1173.0081787109375,1585600,0.0,0.0
2008-04-23 00:00:00+09:00,1206.4632354339997,1206.4632354339997,1180.6751708984375,1180.6751708984375,1585600,0.0,0.0
2008-04-24 00:00:00+09:00,1182.0690201225632,1215.5238037109375,1182.0690201225632,1215.5238037109375,1585600,0.0,0.0
2008-04-25 00:00:00+09:00,1239.2207974928817,1239.2207974928817,1231.5540771484375,1231.5540771484375,1585600,0.0,0.0
2008-04-28 00:00:00+09:00,1246.887843085395,1254.5545654296875,1246.887843085395,1254.5545654296875,1585600,0.0,0.0
2008-04-30 00:00:00+09:00,1254.5544901270127,1255.25146484375,1254.5544901270127,1255.25146484375,1585600,0.0,0.0
2008-05-01 00:00:00+09:00,1212.039044287897,1212.039044287897,1209.9481201171875,1209.9481201171875,1585600,0.0,0.0
2008-05-02 00:00:00+09:00,1254.4660227195077,1266.403076171875,1254.4660227195077,1266.403076171875,1585600,0.0,0.0
2008-05-07 00:00:00+09:00,1290.2955596756287,1290.2955596756287,1271.281982421875,1271.281982421875,1585600,0.0,0.0
2008-05-08 00:00:00+09:00,1271.2819255334082,1271.2819255334082,1241.31201171875,1241.31201171875,1585600,0.0,0.0
2008-05-09 00:00:00+09:00,1238.524325038464,1238.524325038464,1228.0697021484375,1228.0697021484375,1585600,0.0,0.0
2008-05-12 00:00:00+09:00,1228.7661788413668,1231.5540771484375,1228.7661788413668,1231.5540771484375,1585600,0.0,0.0
2008-05-13 00:00:00+09:00,1243.4031406206307,1246.1910400390625,1243.4031406206307,1246.1910400390625,1585600,0.0,0.0
2008-05-14 00:00:00+09:00,1246.1908906635485,1271.281982421875,1246.1908906635485,1271.281982421875,1585600,0.0,0.0
2008-05-15 00:00:00+09:00,1262.7858571225438,1262.7858571225438,1261.5242919921875,1261.5242919921875,1585600,0.0,0.0
2008-05-16 00:00:00+09:00,1258.0392631127409,1258.0392631127409,1239.220947265625,1239.220947265625,1585600,0.0,0.0
2008-05-19 00:00:00+09:00,1239.2210585071196,1239.2210585071196,1209.9481201171875,1209.9481201171875,1585600,0.0,0.0
2008-05-20 00:00:00+09:00,1219.0087055333308,1219.0087055333308,1214.1298828125,1214.1298828125,1585600,0.0,0.0
2008-05-21 00:00:00+09:00,1196.0084895718915,1196.0084895718915,1189.7357177734375,1189.7357177734375,1585600,0.0,0.0
2008-05-22 00:00:00+09:00,1221.0996422190303,1243.40283203125,1221.0996422190303,1243.40283203125,1585600,0.0,0.0
2008-05-23 00:00:00+09:00,1240.614746646417,1240.614746646417,1231.5540771484375,1231.5540771484375,1585600,0.0,0.0
2008-05-26 00:00:00+09:00,1232.9481265645632,1232.9481265645632,1187.644775390625,1187.644775390625,1585600,0.0,0.0
2008-05-27 00:00:00+09:00,1187.6449851373052,1207.1602783203125,1187.6449851373052,1207.1602783203125,1585600,0.0,0.0
2008-05-28 00:00:00+09:00,1201.5843709547294,1201.5843709547294,1194.6146240234375,1194.6146240234375,1585600,0.0,0.0
2008-05-29 00:00:00+09:00,1227.3724181920595,1227.3724181920595,1225.281494140625,1225.281494140625,1585600,0.0,0.0
2008-05-30 00:00:00+09:00,1224.5846051761614,1253.8575439453125,1224.5846051761614,1253.8575439453125,1585600,0.0,0.0
2008-06-02 00:00:00+09:00,1223.1905599973854,1228.766357421875,1223.1905599973854,1228.766357421875,1585600,0.0,0.0
2008-06-03 00:00:00+09:00,1209.9403331545866,1209.9403331545866,1200.8875732421875,1200.8875732421875,1585600,0.0,0.0
2008-06-04 00:00:00+09:00,1225.6122810268616,1243.40283203125,1225.6122810268616,1243.40283203125,1585600,0.0,0.0
2008-06-05 00:00:00+09:00,1246.1907307577774,1246.1907307577774,1243.40283203125,1243.40283203125,1585600,0.0,0.0
2008-06-06 00:00:00+09:00,1257.3424307358928,1257.3424307358928,1241.31201171875,1241.31201171875,1585600,0.0,0.0
2008-06-09 00:00:00+09:00,1209.2509296773626,1209.2509296773626,1208.553955078125,1208.553955078125,1585600,0.0,0.0
2008-06-10 00:00:00+09:00,1208.553955078125,1208.553955078125,1208.553955078125,1208.553955078125,1585600,0.0,0.0
2008-06-11 00:00:00+09:00,1208.5541377683885,1229.46337890625,1208.5541377683885,1229.46337890625,1585600,0.0,0.0
2008-06-12 00:00:00+09:00,1232.251327094025,1232.251327094025,1188.3419189453125,1188.3419189453125,1585600,0.0,0.0
2008-06-13 00:00:00+09:00,1163.9477215554605,1183.4630126953125,1163.9477215554605,1183.4630126953125,1585600,0.0,0.0
2008-06-16 00:00:00+09:00,1186.251238458807,1226.67578125,1186.251238458807,1226.67578125,1585600,0.0,0.0
2008-06-17 00:00:00+09:00,1225.9786774057557,1244.7969970703125,1225.9786774057557,1244.7969970703125,1585600,0.0,0.0
2008-06-18 00:00:00+09:00,1258.039374064762,1258.039374064762,1251.7666015625,1251.7666015625,1585600,0.0,0.0
2008-06-19 00:00:00+09:00,1234.3421548463646,1234.3421548463646,1228.766357421875,1228.766357421875,1585600,0.0,0.0
2008-06-20 00:00:00+09:00,1228.0692438567798,1228.0692438567798,1208.553955078125,1208.553955078125,1585600,0.0,0.0
2008-06-23 00:00:00+09:00,1190.4327392578125,1190.4327392578125,1190.4327392578125,1190.4327392578125,1585600,0.0,0.0
2008-06-24 00:00:00+09:00,1190.432827857233,1209.9481201171875,1190.432827857233,1209.9481201171875,1585600,0.0,0.0
2008-06-25 00:00:00+09:00,1205.7662310415628,1223.8875732421875,1205.7662310415628,1223.8875732421875,1585600,0.0,0.0
2008-06-26 00:00:00+09:00,1220.4026548821398,1220.4026548821398,1214.1298828125,1214.1298828125,1585600,0.0,0.0
2008-06-27 00:00:00+09:00,1214.1296578482197,1214.1296578482197,1189.03857421875,1189.03857421875,1585600,0.0,0.0
2008-06-30 00:00:00+09:00,1189.7356344877649,1189.7356344877649,1175.796142578125,1175.796142578125,1585600,0.0,0.0
2008-07-01 00:00:00+09:00,1175.7962699816064,1175.7962699816064,1148.6142578125,1148.6142578125,1585600,0.0,0.0
2008-07-02 00:00:00+09:00,1148.6142651550751,1148.6142651550751,1112.37158203125,1112.37158203125,1585600,0.0,0.0
2008-07-03 00:00:00+09:00,1113.068603515625,1113.068603515625,1113.068603515625,1113.068603515625,1585600,0.0,0.0
2008-07-04 00:00:00+09:00,1114.4627146594928,1114.4627146594928,1108.18994140625,1108.18994140625,1585600,0.0,0.0
2008-07-07 00:00:00+09:00,1122.1292702797675,1131.18994140625,1122.1292702797675,1131.18994140625,1585600,0.0,0.0
2008-07-08 00:00:00+09:00,1115.1592832623105,1115.1592832623105,1104.0076904296875,1104.0076904296875,1585600,0.0,0.0
2008-07-09 00:00:00+09:00,1117.947010225837,1117.947010225837,1103.310546875,1103.310546875,1585600,0.0,0.0
2008-07-10 00:00:00+09:00,1103.3108946981308,1103.3108946981308,1101.219970703125,1101.219970703125,1585600,0.0,0.0
2008-07-11 00:00:00+09:00,1101.2200113932292,1101.2200113932292,1087.280517578125,1087.280517578125,1585600,0.0,0.0
2008-07-14 00:00:00+09:00,1097.735216700861,1097.735216700861,1077.52294921875,1077.52294921875,1585600,0.0,0.0
2008-07-15 00:00:00+09:00,1057.3105753177858,1057.3105753177858,1055.9166259765625,1055.9166259765625,1585600,0.0,0.0
2008-07-16 00:00:00+09:00,1058.0074809412802,1080.3106689453125,1058.0074809412802,1080.3106689453125,1585600,0.0,0.0
2008-07-17 00:00:00+09:00,1061.4924580600148,1069.1591796875,1061.4924580600148,1069.1591796875,1585600,0.0,0.0
2008-07-18 00:00:00+09:00,1069.1593036459208,1069.1593036459208,1036.4014892578125,1036.4014892578125,1585600,0.0,0.0
2008-07-22 00:00:00+09:00,1008.5227418216973,1041.9775390625,972.9770197533445,1041.9775390625,1846500,0.0,0.0
2008-07-23 00:00:00+09:00,1044.7649763900129,1049.643798828125,1044.7649763900129,1049.643798828125,1846500,0.0,0.0
2008-07-24 00:00:00+09:00,1040.5831454423662,1060.79541015625,1035.7043229252217,1060.79541015625,1846500,0.0,0.0
2008-07-25 00:00:00+09:00,1060.7952788943817,1060.7952788943817,1055.219482421875,1055.219482421875,1846500,0.0,0.0
2008-07-28 00:00:00+09:00,1054.522978059982,1054.522978059982,1053.1290283203125,1053.1290283203125,1846500,0.0,0.0
2008-07-29 00:00:00+09:00,1011.3101470571537,1018.9768676757812,1011.3101470571537,1018.9768676757812,1846500,0.0,0.0
2008-07-30 00:00:00+09:00,1019.6739334106445,1059.4014892578125,1019.6739334106445,1059.4014892578125,1846500,0.0,0.0
2008-07-31 00:00:00+09:00,1056.8593602276978,1095.6444091796875,1056.8593602276978,1095.6444091796875,1846500,0.0,0.0
2008-08-01 00:00:00+09:00,1097.0382286019876,1097.0382286019876,1024.5528564453125,1024.5528564453125,1846500,0.0,0.0
2008-08-04 00:00:00+09:00,1024.5528275684644,1024.5528275684644,972.2797241210936,972.2797241210938,1846500,0.0,0.0
2008-08-05 00:00:00+09:00,972.2798855058663,979.2496337890625,972.2798855058663,979.2496337890625,1846500,0.0,0.0
2008-08-06 00:00:00+09:00,979.2496540074856,1007.8256225585936,979.2496540074856,1007.8256225585938,1846500,0.0,0.0
2008-08-07 00:00:00+09:00,998.0674956234777,1001.5523681640625,998.0674956234777,1001.5523681640625,1846500,0.0,0.0
2008-08-08 00:00:00+09:00,1000.1587601395341,1005.7345581054688,1000.1587601395341,1005.7345581054688,1846500,0.0,0.0
2008-08-11 00:00:00+09:00,1027.3406414192004,1030.1285400390625,1027.3406414192004,1030.1285400390625,1846500,0.0,0.0
2008-08-12 00:00:00+09:00,1030.1286279731944,1030.1286279731944,1016.8861083984375,1016.8861083984375,1846500,0.0,0.0
2008-08-13 00:00:00+09:00,1016.1892699338077,1016.1892699338077,992.4921264648438,992.4921264648438,1846500,0.0,0.0
2008-08-14 00:00:00+09:00,990.4011448878867,995.2799682617188,990.4011448878867,995.2799682617188,1846500,0.0,0.0
2008-08-15 00:00:00+09:00,995.2798782975707,1017.5830688476562,995.2798782975707,1017.5830688476562,1846500,0.0,0.0
2008-08-18 00:00:00+09:00,1028.0375791632612,1028.0375791632612,1025.9466552734375,1025.9466552734375,1846500,0.0,0.0
2008-08-19 00:00:00+09:00,989.0071953525062,995.2799682617188,989.0071953525062,995.2799682617188,1846500,0.0,0.0
2008-08-20 00:00:00+09:00,994.5828817095826,1012.7042236328125,994.5828817095826,1012.7042236328125,1846500,0.0,0.0
2008-08-21 00:00:00+09:00,1005.7346836767612,1008.5225830078125,1005.7346836767612,1008.5225830078125,1846500,0.0,0.0
2008-08-22 00:00:00+09:00,1009.2194636155243,1009.2194636155243,995.2799682617188,995.2799682617188,1846500,0.0,0.0
2008-08-25 00:00:00+09:00,995.9766554979732,1015.491943359375,995.9766554979732,1015.491943359375,1846500,0.0,0.0
2008-08-26 00:00:00+09:00,1015.4921940334594,1015.4921940334594,1009.2194213867189,1009.2194213867188,1846500,0.0,0.0
2008-08-27 00:00:00+09:00,989.0072021484375,989.0072021484375,989.0072021484375,989.0072021484375,1846500,0.0,0.0
2008-08-28 00:00:00+09:00,995.9767740058498,995.9767740058498,994.5828247070314,994.5828247070312,1846500,0.0,0.0
2008-08-29 00:00:00+09:00,995.2799326921055,1035.7044677734375,995.2799326921055,1035.7044677734375,1846500,0.0,0.0
2008-09-01 00:00:00+09:00,1035.7045645553073,1035.7045645553073,992.4921264648438,992.4921264648438,1846500,0.0,0.0
2008-09-02 00:00:00+09:00,992.4921516881171,992.4921516881171,988.310302734375,988.310302734375,1846500,0.0,0.0
2008-09-03 00:00:00+09:00,1002.6909404405156,1002.6909404405156,994.5828247070314,994.5828247070312,1846500,0.0,0.0
2008-09-04 00:00:00+09:00,994.5825064741957,994.5825064741957,970.8853759765625,970.8853759765625,1846500,0.0,0.0
2008-09-05 00:00:00+09:00,945.7948285430119,945.7948285430119,944.40087890625,944.40087890625,1846500,0.0,0.0
2008-09-08 00:00:00+09:00,944.4006729931331,990.4010009765624,944.4006729931331,990.4010009765625,1846500,0.0,0.0
2008-09-09 00:00:00+09:00,990.4010666495155,990.4010666495155,972.2797241210936,972.2797241210938,1846500,0.0,0.0
2008-09-10 00:00:00+09:00,977.1584756905692,981.3403236607143,967.4008304268973,975.7645263671875,600200,0.0,0.0
2008-09-11 00:00:00+09:00,975.7646237803388,979.9464721679688,975.7646237803388,979.9464721679688,600200,0.0,0.0
2008-09-12 00:00:00+09:00,980.6435048786832,989.0072021484375,980.6435048786832,989.0072021484375,600200,0.0,0.0
2008-09-16 00:00:00+09:00,989.0071379657284,989.0071379657284,932.5521850585939,932.5521850585938,600200,0.0,0.0
2008-09-17 00:00:00+09:00,929.067268982632,929.067268982632,913.7338256835938,913.7338256835938,600200,0.0,0.0
2008-09-18 00:00:00+09:00,913.7338175330817,913.7338175330817,908.1580200195312,908.1580200195312,600200,0.0,0.0
2008-09-19 00:00:00+09:00,975.0675903663448,991.7949829101564,975.0675903663448,991.7949829101562,600200,0.0,0.0
2008-09-22 00:00:00+09:00,991.0980650787798,991.0980650787798,956.2493286132812,956.2493286132812,600200,0.0,0.0
2008-09-24 00:00:00+09:00,956.2492533528882,956.9462280273438,956.2492533528882,956.9462280273438,600200,0.0,0.0
2008-09-25 00:00:00+09:00,945.6299036709456,980.9937744140625,945.6299036709456,980.9937744140625,600200,20.0,0.0
2008-09-26 00:00:00+09:00,1022.0156177154369,1022.0156177154369,1001.5045776367188,1001.5045776367188,600200,0.0,0.0
2008-09-29 00:00:00+09:00,1001.5046221564797,1001.5046221564797,961.8970947265625,961.8970947265625,600200,0.0,0.0
2008-09-30 00:00:00+09:00,962.6046385331587,962.6046385331587,933.6062622070311,933.6062622070312,600200,0.0,0.0
2008-10-01 00:00:00+09:00,960.4827270507812,960.4827270507812,960.4827270507812,960.4827270507812,600200,0.0,0.0
2008-10-02 00:00:00+09:00,961.1898962459209,961.1898962459209,910.9732055664062,910.9732055664062,600200,0.0,0.0
2008-10-03 00:00:00+09:00,912.3878495771806,912.3878495771806,901.0714111328125,901.0714111328125,600200,0.0,0.0
2008-10-06 00:00:00+09:00,896.1205316131943,896.1205316131943,858.6348266601562,858.6348266601562,600200,0.0,0.0
2008-10-07 00:00:00+09:00,820.4417167378996,820.4417167378996,796.394287109375,796.394287109375,600200,0.0,0.0
2008-10-08 00:00:00+09:00,796.394374521809,796.394374521809,787.1997680664062,787.1997680664062,600200,0.0,0.0
2008-10-09 00:00:00+09:00,758.6787664498621,770.9323120117188,758.6787664498621,770.9323120117188,600200,0.0,0.0
2008-10-10 00:00:00+09:00,770.9322326955012,770.9322326955012,732.031982421875,732.031982421875,600200,0.0,0.0
2008-10-14 00:00:00+09:00,802.0526994111523,854.3912353515625,802.0526994111523,854.3912353515625,600200,0.0,0.0
2008-10-15 00:00:00+09:00,791.4433002506045,791.4433002506045,790.7360229492188,790.7360229492188,600200,0.0,0.0
2008-10-16 00:00:00+09:00,790.7362687191189,790.7362687191189,688.8883056640625,688.8883056640625,600200,0.0,0.0
2008-10-17 00:00:00+09:00,757.4941344873865,759.615966796875,757.4941344873865,759.615966796875,600200,0.0,0.0
2008-10-20 00:00:00+09:00,760.3231259246371,760.3231259246371,758.2012939453125,758.2012939453125,600200,0.0,0.0
2008-10-21 00:00:00+09:00,798.8775610455039,816.197998046875,798.8775610455039,816.197998046875,600200,0.0,0.0
2008-10-22 00:00:00+09:00,816.1981568672288,816.1981568672288,803.4671630859376,803.4671630859375,600200,0.0,0.0
2008-10-23 00:00:00+09:00,773.761583721929,839.5383911132812,773.761583721929,839.5383911132812,600200,0.0,0.0
2008-10-24 00:00:00+09:00,836.0020550426899,836.0020550426899,822.5637817382812,822.5637817382812,600200,0.0,0.0
2008-10-27 00:00:00+09:00,822.5637342731944,822.5637342731944,715.7648315429688,715.7648315429688,600200,0.0,0.0
2008-10-28 00:00:00+09:00,732.0321153968597,835.2946166992186,732.0321153968597,835.2946166992188,600200,0.0,0.0
2008-10-29 00:00:00+09:00,836.0019823884311,929.3626098632812,836.0019823884311,929.3626098632812,600200,0.0,0.0
2008-10-30 00:00:00+09:00,988.7738647460938,988.7738647460938,988.7738647460938,988.7738647460938,600200,0.0,0.0
2008-10-31 00:00:00+09:00,988.7736856807772,988.7736856807772,897.534912109375,897.534912109375,600200,0.0,0.0
2008-11-04 00:00:00+09:00,898.2424246676381,1002.9194946289062,898.2424246676381,1002.9194946289062,2135800,0.0,0.0
2008-11-05 00:00:00+09:00,1002.2122026152264,1028.3814697265625,1002.2122026152264,1028.3814697265625,2135800,0.0,0.0
2008-11-06 00:00:00+09:00,1029.0887153784804,1029.0887153784804,914.5097656250001,914.509765625,2135800,0.0,0.0
2008-11-07 00:00:00+09:00,856.5130056156288,875.6094970703125,856.5130056156288,875.6094970703125,2135800,0.0,0.0
2008-11-10 00:00:00+09:00,930.069659967073,945.6297607421875,930.069659967073,945.6297607421875,2135800,0.0,0.0
2008-11-11 00:00:00+09:00,946.3371743567903,946.3371743567903,940.678955078125,940.678955078125,2135800,0.0,0.0
2008-11-12 00:00:00+09:00,879.1458724308087,921.58251953125,879.1458724308087,921.58251953125,2135800,0.0,0.0
2008-11-13 00:00:00+09:00,889.0475969034517,915.2168579101564,889.0475969034517,915.2168579101562,2135800,0.0,0.0
2008-11-14 00:00:00+09:00,915.9243011474609,942.0935668945312,915.9243011474609,942.0935668945312,2135800,0.0,0.0
2008-11-17 00:00:00+09:00,942.093351484317,954.1170654296875,942.093351484317,954.1170654296875,2135800,0.0,0.0
2008-11-18 00:00:00+09:00,955.5316178317496,955.5316178317496,932.1914672851562,932.1914672851562,2135800,0.0,0.0
2008-11-19 00:00:00+09:00,951.9953200724672,966.84814453125,951.9953200724672,966.84814453125,2135800,0.0,0.0
2008-11-20 00:00:00+09:00,966.8481246411991,966.8481246411991,885.51123046875,885.51123046875,2135800,0.0,0.0
2008-11-21 00:00:00+09:00,886.2186716253107,933.6062622070311,886.2186716253107,933.6062622070312,2135800,0.0,0.0
2008-11-25 00:00:00+09:00,935.0207036949781,935.0207036949781,908.8514404296875,908.8514404296875,23200,0.0,0.0
2008-11-26 00:00:00+09:00,909.5589318631519,918.7535400390625,909.5589318631519,918.7535400390625,23200,0.0,0.0
2008-11-27 00:00:00+09:00,916.6315007329806,927.2406616210938,916.6315007329806,927.2406616210938,23200,0.0,0.0
2008-11-28 00:00:00+09:00,927.2407202457707,949.1663208007812,927.2407202457707,949.1663208007812,23200,0.0,0.0
2008-12-01 00:00:00+09:00,949.1661338806152,949.1661338806152,882.6820678710938,882.6820678710938,23200,0.0,0.0
2008-12-02 00:00:00+09:00,882.6823076627765,882.6823076627765,863.5858154296875,863.5858154296875,23200,0.0,0.0
2008-12-03 00:00:00+09:00,871.3655490451389,891.1693115234375,871.3655490451389,891.1693115234375,23200,0.0,0.0
2008-12-04 00:00:00+09:00,891.1694297246435,892.583984375,891.1694297246435,892.583984375,23200,0.0,0.0
2008-12-05 00:00:00+09:00,901.0714111328125,901.0714111328125,898.2423015217204,901.0714111328125,23200,0.0,0.0
2008-12-08 00:00:00+09:00,918.0461598845302,932.8989868164062,918.0461598845302,932.8989868164062,23200,0.0,0.0
2008-12-09 00:00:00+09:00,938.5614942277407,938.5614942277407,925.8259277343751,925.825927734375,23200,0.0,0.0
2008-12-10 00:00:00+09:00,926.5331457295549,926.5331457295549,925.1185913085938,925.1185913085938,23200,0.0,0.0
2008-12-11 00:00:00+09:00,930.7770436604818,950.580810546875,930.7770436604818,950.580810546875,23200,0.0,0.0
2008-12-12 00:00:00+09:00,951.2881531125565,951.2881531125565,949.1663208007812,949.1663208007812,23200,0.0,0.0
2008-12-15 00:00:00+09:00,980.9936976278983,986.6519165039064,980.9936976278983,986.6519165039062,23200,0.0,0.0
2008-12-16 00:00:00+09:00,986.6520476779195,986.6520476779195,962.6046142578125,962.6046142578125,743800,0.0,0.0
2008-12-17 00:00:00+09:00,963.3112744677197,965.43310546875,963.3112744677197,965.43310546875,1335200,0.0,0.0
2008-12-18 00:00:00+09:00,976.0427916283701,976.0427916283701,973.9209594726562,973.9209594726562,976500,0.0,0.0
2008-12-19 00:00:00+09:00,974.6281494859214,974.6281494859214,961.1898803710938,961.1898803710938,784300,0.0,0.0
2008-12-22 00:00:00+09:00,961.1899969166723,984.5301513671875,961.1899969166723,984.5301513671875,1027200,0.0,0.0
2008-12-24 00:00:00+09:00,987.359086355512,987.359086355512,958.3607177734375,958.3607177734375,493000,0.0,0.0
2008-12-25 00:00:00+09:00,964.597601555288,964.597601555288,964.0192260742189,964.0192260742188,259900,0.0,0.0
2008-12-26 00:00:00+09:00,966.1409003432465,978.1646157940775,966.1409003432465,976.7500610351562,548700,0.0,0.0
2008-12-29 00:00:00+09:00,975.335295931316,987.3590087890624,969.6770781159058,987.3590087890625,458000,0.0,0.0
2008-12-30 00:00:00+09:00,964.7262872225997,983.1154979761096,964.7262872225997,976.042724609375,294900,0.0,0.0
2009-01-05 00:00:00+09:00,961.1898803710938,961.1898803710938,961.1898803710938,961.1898803710938,455600,0.0,0.0
2009-01-06 00:00:00+09:00,959.0680295934228,959.0680295934228,945.6297607421875,945.6297607421875,936800,0.0,0.0
2009-01-07 00:00:00+09:00,945.6300340912046,956.2391967773438,945.6300340912046,956.2391967773438,1095900,0.0,0.0
2009-01-08 00:00:00+09:00,956.2389266663066,956.2389266663066,920.8750610351562,920.8750610351562,984400,0.0,0.0
2009-01-09 00:00:00+09:00,921.5824524673532,923.7042846679688,921.5824524673532,923.7042846679688,877000,0.0,0.0
2009-01-13 00:00:00+09:00,927.2406956998803,927.2406956998803,872.7803344726562,872.7803344726562,1939300,0.0,0.0
2009-01-14 00:00:00+09:00,871.3658515190282,889.7550659179688,871.3658515190282,889.7550659179688,634300,0.0,0.0
2009-01-15 00:00:00+09:00,889.75489451253,889.75489451253,885.51123046875,885.51123046875,1067900,0.0,0.0
2009-01-16 00:00:00+09:00,885.511379435911,918.046142578125,885.511379435911,918.046142578125,582200,0.0,0.0
2009-01-19 00:00:00+09:00,893.9984950182063,893.9984950182063,886.2184448242188,886.2184448242188,868900,0.0,0.0
2009-01-20 00:00:00+09:00,873.4875957593442,878.4385375976562,873.4875957593442,878.4385375976562,459700,0.0,0.0
2009-01-21 00:00:00+09:00,860.7563769287312,860.7563769287312,849.43994140625,849.43994140625,1968500,0.0,0.0
2009-01-22 00:00:00+09:00,849.4402615039542,865.0003662109375,849.4402615039542,865.0003662109375,956700,0.0,0.0
2009-01-23 00:00:00+09:00,865.0001704704782,865.0001704704782,847.3182373046876,847.3182373046875,1488100,0.0,0.0
2009-01-26 00:00:00+09:00,848.0255638452068,851.5619506835938,848.0255638452068,851.5619506835938,793600,0.0,0.0
2009-01-27 00:00:00+09:00,843.0746692592919,877.7312622070312,843.0746692592919,877.7312622070312,1071300,0.0,0.0
2009-01-28 00:00:00+09:00,878.4385384762317,878.4385384762317,835.2946166992186,835.2946166992188,1145100,0.0,0.0
2009-01-29 00:00:00+09:00,836.0016465149722,836.0016465149722,812.6614990234375,812.6614990234375,1744000,0.0,0.0
2009-01-30 00:00:00+09:00,812.6618580715715,855.8057861328125,812.6618580715715,855.8057861328125,1647300,0.0,0.0
2009-02-02 00:00:00+09:00,855.8055146316003,855.8055146316003,820.441650390625,820.441650390625,777200,0.0,0.0
2009-02-03 00:00:00+09:00,820.441757108207,820.441757108207,804.1743774414062,804.1743774414062,910700,0.0,0.0
2009-02-04 00:00:00+09:00,804.1743384042277,818.3198852539062,804.1743384042277,818.3198852539062,1043300,0.0,0.0
2009-02-05 00:00:00+09:00,816.1979999525694,816.1979999525694,815.49072265625,815.49072265625,1166700,0.0,0.0
2009-02-06 00:00:00+09:00,818.3198659025715,825.3926391601562,818.3198659025715,825.3926391601562,806200,0.0,0.0
2009-02-09 00:00:00+09:00,825.3925235438803,825.3925235438803,775.8831176757812,775.8831176757812,725000,0.0,0.0
2009-02-10 00:00:00+09:00,819.0271091378469,826.8071593973601,793.565126470349,815.49072265625,877100,0.0,0.0
2009-02-12 00:00:00+09:00,794.2724786891972,794.2724786891972,787.906982421875,787.906982421875,774000,0.0,0.0
2009-02-13 00:00:00+09:00,787.9069590051898,796.394287109375,787.9069590051898,796.394287109375,887500,0.0,0.0
2009-02-16 00:00:00+09:00,796.3942988804408,796.3942988804408,792.150634765625,792.150634765625,783500,0.0,0.0
2009-02-17 00:00:00+09:00,792.1507120475495,792.1507120475495,786.4924926757812,786.4924926757812,726000,0.0,0.0
2009-02-18 00:00:00+09:00,799.9308263058207,807.0036010742188,799.9308263058207,807.0036010742188,908100,0.0,0.0
2009-02-19 00:00:00+09:00,804.174442563498,804.174442563498,802.7598876953125,802.7598876953125,654000,0.0,0.0
2009-02-20 00:00:00+09:00,798.5162151007878,798.5162151007878,763.15234375,763.15234375,1043900,0.0,0.0
2009-02-23 00:00:00+09:00,765.274015131685,765.274015131685,754.6648559570312,754.6648559570312,790000,0.0,0.0
2009-02-24 00:00:00+09:00,754.665096106896,754.665096106896,735.568603515625,735.568603515625,1048400,0.0,0.0
2009-02-25 00:00:00+09:00,735.5685036291302,735.5685036291302,727.7884521484375,727.7884521484375,1568700,0.0,0.0
2009-02-26 00:00:00+09:00,727.7885278153093,727.7885278153093,722.8375854492188,722.8375854492188,945700,0.0,0.0
2009-02-27 00:00:00+09:00,722.8376854086822,749.7142333984375,722.8376854086822,749.7142333984375,974800,0.0,0.0
2009-03-02 00:00:00+09:00,749.7139551808227,749.7139551808227,739.8120727539062,739.8120727539062,679100,0.0,0.0
2009-03-03 00:00:00+09:00,739.8121660251062,739.8121660251062,728.4957275390625,728.4957275390625,771200,0.0,0.0
2009-03-04 00:00:00+09:00,728.495635694573,739.8120727539062,728.495635694573,739.8120727539062,776600,0.0,0.0
2009-03-05 00:00:00+09:00,734.8611392206057,736.9829711914062,734.8611392206057,736.9829711914062,1141700,0.0,0.0
2009-03-06 00:00:00+09:00,733.4466358695444,733.4466358695444,718.5938110351562,718.5938110351562,980600,0.0,0.0
2009-03-09 00:00:00+09:00,719.3010258243773,719.3010258243773,696.6681518554688,696.6681518554688,1099400,0.0,0.0
2009-03-10 00:00:00+09:00,688.8881815905448,689.595458984375,688.8881815905448,689.595458984375,959900,0.0,0.0
2009-03-11 00:00:00+09:00,715.057332824707,715.057332824707,707.2772827148438,707.2772827148438,875800,0.0,0.0
2009-03-12 00:00:00+09:00,707.9846712239583,707.9846712239583,689.595458984375,689.595458984375,870000,0.0,0.0
2009-03-13 00:00:00+09:00,689.5954775522991,704.4483032226562,689.5954775522991,704.4483032226562,1268100,0.0,0.0
2009-03-16 00:00:00+09:00,729.9103834885817,735.568603515625,729.9103834885817,735.568603515625,845400,0.0,0.0
2009-03-17 00:00:00+09:00,749.4008720363217,749.4008720363217,748.2993774414062,748.2993774414062,925700,0.0,0.0
2009-03-18 00:00:00+09:00,748.2994463520666,748.2994463520666,745.4703369140625,745.4703369140625,761300,0.0,0.0
2009-03-19 00:00:00+09:00,745.4703295026507,792.150634765625,745.4703295026507,792.150634765625,1459500,0.0,0.0
2009-03-23 00:00:00+09:00,790.0288641092052,813.3690185546875,790.0288641092052,813.3690185546875,1209300,0.0,0.0
2009-03-24 00:00:00+09:00,813.3689750176648,828.9290771484375,813.3689750176648,828.9290771484375,1052500,0.0,0.0
2009-03-25 00:00:00+09:00,827.5144653320312,827.5144653320312,827.5144653320312,827.5144653320312,1032900,0.0,0.0
2009-03-26 00:00:00+09:00,837.5885165467554,846.2234497070312,837.5885165467554,846.2234497070312,678300,20.0,0.0
2009-03-27 00:00:00+09:00,854.8586107336956,854.8586107336956,844.06494140625,844.06494140625,662200,0.0,0.0
2009-03-30 00:00:00+09:00,844.0649114231303,844.0649114231303,821.7579956054688,821.7579956054688,812700,0.0,0.0
2009-03-31 00:00:00+09:00,821.7578905322883,821.7578905322883,795.8530883789062,795.8530883789062,758700,0.0,0.0
2009-04-01 00:00:00+09:00,797.2922576419892,816.0012817382814,797.2922576419892,816.0012817382812,1036800,0.0,0.0
2009-04-02 00:00:00+09:00,816.7209324533065,836.1495361328125,816.7209324533065,836.1495361328125,1418000,0.0,0.0
2009-04-03 00:00:00+09:00,838.3080206536628,838.3080206536628,831.1122436523438,831.1122436523438,648000,0.0,0.0
2009-04-06 00:00:00+09:00,824.6362349779437,824.6362349779437,818.1600341796876,818.1600341796875,658700,0.0,0.0
2009-04-07 00:00:00+09:00,820.3188403215531,838.3082885742188,820.3188403215531,838.3082885742188,685400,0.0,0.0
2009-04-08 00:00:00+09:00,846.9430274703875,846.9430274703875,846.2234497070312,846.2234497070312,1358400,0.0,0.0
2009-04-09 00:00:00+09:00,858.4562725041876,869.2499389648438,858.4562725041876,869.2499389648438,1140200,0.0,0.0
2009-04-10 00:00:00+09:00,864.9324416097005,864.9324416097005,858.4562419637044,863.4932861328125,512200,0.0,0.0
2009-04-13 00:00:00+09:00,854.1390380859375,854.1390380859375,854.1390380859375,854.1390380859375,600600,0.0,0.0
2009-04-14 00:00:00+09:00,863.4935016396605,874.2871704101562,863.4935016396605,874.2871704101562,1033300,0.0,0.0
2009-04-15 00:00:00+09:00,874.2870938533441,877.1654052734374,874.2870938533441,877.1654052734375,741600,0.0,0.0
2009-04-16 00:00:00+09:00,877.1656310934769,877.1656310934769,875.0068969726562,875.0068969726562,1307100,0.0,0.0
2009-04-17 00:00:00+09:00,875.7262901702485,886.5199584960938,875.7262901702485,886.5199584960938,1021000,0.0,0.0
2009-04-20 00:00:00+09:00,882.9219208631354,885.8002319335938,882.9219208631354,885.8002319335938,860100,0.0,0.0
2009-04-21 00:00:00+09:00,870.6890345554726,880.7631225585938,870.6890345554726,880.7631225585938,889700,0.0,0.0
2009-04-22 00:00:00+09:00,886.0478046820452,886.0478046820452,872.1282958984374,872.1282958984375,604600,0.0,0.0
2009-04-23 00:00:00+09:00,869.2501619606112,878.6046752929688,869.2501619606112,878.6046752929688,1044700,0.0,0.0
2009-04-24 00:00:00+09:00,866.3718553291237,866.3718553291237,855.5781860351562,855.5781860351562,870200,0.0,0.0
2009-04-27 00:00:00+09:00,857.8882292182903,857.8882292182903,851.2606811523438,851.2606811523438,1377800,0.0,0.0
2009-04-28 00:00:00+09:00,842.6254793132496,842.6254793132496,832.5513916015625,832.5513916015625,1043100,0.0,0.0
2009-04-30 00:00:00+09:00,832.55144337972,863.4932861328125,832.55144337972,863.4932861328125,1060000,0.0,0.0
2009-05-01 00:00:00+09:00,854.1387781021442,854.1387781021442,845.5038452148438,845.5038452148438,710400,0.0,0.0
2009-05-07 00:00:00+09:00,859.8955344515899,860.6151123046875,859.8955344515899,860.6151123046875,1008200,0.0,0.0
2009-05-08 00:00:00+09:00,860.615290912829,888.6788330078126,860.615290912829,888.6788330078125,1484700,0.0,0.0
2009-05-11 00:00:00+09:00,889.3982543945312,889.3982543945312,889.3982543945312,889.3982543945312,1441000,0.0,0.0
2009-05-12 00:00:00+09:00,889.3981892413404,895.8743896484375,889.3981892413404,895.8743896484375,1473800,0.0,0.0
2009-05-13 00:00:00+09:00,892.996239786498,921.7793579101562,892.996239786498,921.7793579101562,1449000,0.0,0.0
2009-05-14 00:00:00+09:00,921.0597268373729,921.0597268373729,920.3401489257812,920.3401489257812,1685500,0.0,0.0
2009-05-15 00:00:00+09:00,917.4617473895734,954.1602172851562,917.4617473895734,954.1602172851562,1308400,0.0,0.0
2009-05-18 00:00:00+09:00,932.5731628842808,932.5731628842808,930.4144287109375,930.4144287109375,702000,0.0,0.0
2009-05-19 00:00:00+09:00,953.4407051567246,953.4407051567246,947.68408203125,947.68408203125,1206700,0.0,0.0
2009-05-20 00:00:00+09:00,945.525378762084,969.9910278320312,945.525378762084,969.9910278320312,1741800,0.0,0.0
2009-05-21 00:00:00+09:00,967.112587261057,967.112587261057,959.9168090820312,959.9168090820312,987900,0.0,0.0
2009-05-22 00:00:00+09:00,961.3559647178364,961.3559647178364,959.9168090820312,959.9168090820312,1114600,0.0,0.0
2009-05-25 00:00:00+09:00,957.0388040677724,964.9541625976562,957.0388040677724,964.9541625976562,829100,0.0,0.0
2009-05-26 00:00:00+09:00,964.9538533528647,971.4300537109376,964.9538533528647,971.4300537109375,962200,0.0,0.0
2009-05-27 00:00:00+09:00,1000.9329512068994,1023.2398681640625,1000.9329512068994,1023.2398681640625,1833700,0.0,0.0
2009-05-28 00:00:00+09:00,1023.959276848033,1023.959276848033,992.2978515625,992.2978515625,1268100,0.0,0.0
2009-05-29 00:00:00+09:00,995.1761474609374,995.1761474609374,995.1761474609374,995.1761474609375,1621500,0.0,0.0
2009-06-01 00:00:00+09:00,1002.3719921287542,1016.7635498046875,1002.3719921287542,1016.7635498046875,1066400,0.0,0.0
2009-06-02 00:00:00+09:00,1017.4831554861473,1034.033447265625,1017.4831554861473,1034.033447265625,1153300,0.0,0.0
2009-06-03 00:00:00+09:00,1021.8004914192157,1021.8004914192157,1018.9221801757812,1018.9221801757812,484000,0.0,0.0
2009-06-04 00:00:00+09:00,1018.9225628126106,1018.9225628126106,1016.0442504882811,1016.0442504882812,656700,0.0,0.0
2009-06-05 00:00:00+09:00,1012.9350101878193,1014.6049194335938,1012.9350101878193,1014.6049194335938,570000,0.0,0.0
2009-06-08 00:00:00+09:00,1009.567860440976,1009.567860440976,1005.969970703125,1005.969970703125,612200,0.0,0.0
2009-06-09 00:00:00+09:00,1005.9697033445154,1005.9697033445154,998.77392578125,998.77392578125,978500,0.0,0.0
2009-06-10 00:00:00+09:00,994.4568523390931,1026.1182861328125,994.4568523390931,1026.1182861328125,953100,0.0,0.0
2009-06-11 00:00:00+09:00,1054.181528307309,1111.7477551090733,1053.461950472287,1080.805908203125,2592300,0.0,0.0
2009-06-12 00:00:00+09:00,1070.0124298502606,1083.6844111328126,1066.4145400390626,1079.366943359375,996800,0.0,0.0
2009-06-15 00:00:00+09:00,1073.6102880988894,1088.0018469205902,1071.4515542756342,1085.12353515625,582200,0.0,0.0
2009-06-16 00:00:00+09:00,1080.806061558623,1080.806061558623,1057.0599896335666,1058.4991455078125,1099200,0.0,0.0
2009-06-17 00:00:00+09:00,1087.2823221168771,1096.636835808154,1076.488652473096,1086.562744140625,985000,0.0,0.0
2009-06-18 00:00:00+09:00,1071.4513054660047,1077.2079276578972,1064.9751055001254,1075.0491943359375,845900,0.0,0.0
2009-06-19 00:00:00+09:00,1059.2187026196093,1070.7319493872137,1053.462079235807,1067.8536376953125,1118200,0.0,0.0
2009-06-22 00:00:00+09:00,1069.2925039689171,1085.8427917154079,1068.5729262408088,1076.48828125,927600,0.0,0.0
2009-06-23 00:00:00+09:00,1039.790273030599,1055.6209899902344,1034.0336486816407,1036.1923828125,1765600,0.0,0.0
2009-06-24 00:00:00+09:00,1045.5465816757055,1052.0227821127883,1033.3137586278824,1037.6312255859375,929700,0.0,0.0
2009-06-25 00:00:00+09:00,1037.6311646345057,1059.9380759407954,1031.8745423619148,1049.1444091796875,838900,0.0,0.0
2009-06-26 00:00:00+09:00,1063.5361155770754,1063.5361155770754,1040.5096232235799,1049.8641357421875,814600,0.0,0.0
2009-06-29 00:00:00+09:00,1013.1653700313807,1043.3876324897033,1013.1653700313807,1031.8743896484375,897700,0.0,0.0
2009-06-30 00:00:00+09:00,1046.2660982067953,1079.3666762793625,1038.3507425807468,1072.1708984375,864600,0.0,0.0
2009-07-01 00:00:00+09:00,1057.7794189453125,1076.4884426817603,1045.5465957330198,1057.7794189453125,601100,0.0,0.0
2009-07-02 00:00:00+09:00,1058.498782219215,1071.4511806420198,1043.3876507259426,1052.0225830078125,1128400,0.0,0.0
2009-07-03 00:00:00+09:00,1040.509834775634,1044.1077249373755,1022.5203839669267,1039.0706787109375,797000,0.0,0.0
2009-07-06 00:00:00+09:00,1052.0230832932068,1058.4992855843414,1038.351100678589,1039.0706787109375,969300,0.0,0.0
2009-07-07 00:00:00+09:00,1039.0703812386225,1049.1444708074182,1026.8375581907994,1037.6312255859375,806000,0.0,0.0
2009-07-08 00:00:00+09:00,1013.1657501788269,1021.081107602099,993.7371455944318,1005.969970703125,789000,0.0,0.0
2009-07-09 00:00:00+09:00,1012.4459962264352,1021.8005079186481,987.2607724397079,993.0173950195312,1042900,0.0,0.0
2009-07-10 00:00:00+09:00,993.7370810703925,1001.6524379797149,980.0651009542901,984.382568359375,862800,0.0,0.0
2009-07-13 00:00:00+09:00,972.8693082052013,979.3455092213601,944.8057704685127,947.68408203125,627200,0.0,0.0
2009-07-14 00:00:00+09:00,949.8425840369255,979.3452703592845,942.6468068851306,962.7949829101562,1561400,0.0,0.0
2009-07-15 00:00:00+09:00,963.5149360883354,967.1128260662605,943.3667522119549,944.805908203125,1291100,0.0,0.0
2009-07-16 00:00:00+09:00,973.5888146561184,980.0650151970682,957.7581022226856,960.6364135742188,926900,0.0,0.0
2009-07-17 00:00:00+09:00,974.3081517619835,991.5780156041457,972.8689964418032,977.1864624023438,859000,0.0,0.0
2009-07-21 00:00:00+09:00,998.7741025788642,1006.6894592995901,975.0280324166866,988.7000122070312,1157600,0.0,0.0
2009-07-22 00:00:00+09:00,1003.0918251723264,1013.8854961748981,998.7743567712978,1008.8484497070312,1279200,0.0,0.0
2009-07-23 00:00:00+09:00,995.1760094974443,1005.9696755440543,982.943187977953,986.5410766601562,1140100,0.0,0.0
2009-07-24 00:00:00+09:00,996.6153038934626,1001.6523487506859,980.7845914850466,983.6629028320312,1028800,0.0,0.0
2009-07-27 00:00:00+09:00,1021.8005661109611,1021.8005661109611,990.8587179822489,999.49365234375,1504100,0.0,0.0
2009-07-28 00:00:00+09:00,1000.2133050192942,1008.848240026655,996.6154154328939,1008.128662109375,1101100,0.0,0.0
2009-07-29 00:00:00+09:00,1008.8484815823386,1064.975572569088,1005.9701692240438,1051.3035888671875,2706600,0.0,0.0
2009-07-30 00:00:00+09:00,1036.9119943137175,1046.2665091826132,1003.8114032391645,1008.8484497070312,1385700,0.0,0.0
2009-07-31 00:00:00+09:00,1013.1655419788827,1057.7793655603393,1013.1655419788827,1056.3402099609375,1874600,0.0,0.0
2009-08-03 00:00:00+09:00,1057.0597261791386,1059.2184594524792,1041.9485932657542,1044.826904296875,816700,0.0,0.0
2009-08-04 00:00:00+09:00,1058.499215238157,1068.573307021525,1036.9118757023687,1040.509765625,1800400,0.0,0.0
2009-08-05 00:00:00+09:00,1044.1073265390949,1050.5835263591168,1037.6311267190729,1044.826904296875,735400,0.0,0.0
2009-08-06 00:00:00+09:00,1030.4355374461206,1052.7424520137392,1030.4355374461206,1043.387939453125,1072400,0.0,0.0
2009-08-07 00:00:00+09:00,1043.3879102749409,1066.414402087905,1037.6312873216998,1065.69482421875,1095100,0.0,0.0
2009-08-10 00:00:00+09:00,1088.0017484334442,1109.5890847118856,1087.282170557496,1108.8695068359375,2012900,0.0,0.0
2009-08-11 00:00:00+09:00,1138.3724262283508,1153.4835646296121,1130.4570680181664,1134.7745361328125,1671200,0.0,0.0
2009-08-12 00:00:00+09:00,1108.8695865295094,1114.6262099508176,1094.4780279762385,1111.0283203125,1107000,0.0,0.0
2009-08-13 00:00:00+09:00,1111.0281142893145,1129.737136939264,1106.7106475239416,1115.3455810546875,987800,0.0,0.0
2009-08-14 00:00:00+09:00,1111.0278496353178,1139.091376925329,1103.112495784289,1137.6522216796875,1141600,0.0,0.0
2009-08-17 00:00:00+09:00,1116.7848322002098,1126.1393443255981,1106.7107422190224,1114.6260986328125,980700,0.0,0.0
2009-08-18 00:00:00+09:00,1096.636787962682,1115.3458145289744,1096.636787962682,1111.7479248046875,917500,0.0,0.0
2009-08-19 00:00:00+09:00,1123.260822501024,1134.7740660372292,1116.0650452908958,1125.4195556640625,938900,0.0,0.0
2009-08-20 00:00:00+09:00,1127.5786144921149,1168.5945564359888,1123.9807248479153,1160.67919921875,1078400,0.0,0.0
2009-08-21 00:00:00+09:00,1157.0812781944016,1174.3511480181987,1140.5309862799295,1166.435791015625,1047300,0.0,0.0
2009-08-24 00:00:00+09:00,1179.3882685122283,1198.8168733016305,1170.0337550951087,1175.07080078125,942800,0.0,0.0
2009-08-25 00:00:00+09:00,1175.7902232996464,1182.266424039975,1159.2399325188069,1164.2769775390625,1025400,0.0,0.0
2009-08-26 00:00:00+09:00,1169.3140291700176,1185.864320044424,1165.7161398494945,1174.35107421875,1356600,0.0,0.0
2009-08-27 00:00:00+09:00,1169.3139494819243,1172.1922607421875,1153.4832375504766,1172.1922607421875,1192600,0.0,0.0
2009-08-28 00:00:00+09:00,1172.911603559609,1182.9856909521454,1167.1549821924452,1182.26611328125,727000,0.0,0.0
2009-08-31 00:00:00+09:00,1174.3508917058555,1194.4990687694365,1170.7530029445018,1185.8641357421875,1061400,0.0,0.0
2009-09-02 00:00:00+09:00,1175.7899878575251,1198.0968970518848,1159.9592781066895,1197.3773193359375,1371700,0.0,0.0
2009-09-03 00:00:00+09:00,1179.3883265396405,1195.9386203226861,1162.8380327565949,1186.5841064453125,815300,0.0,0.0
2009-09-04 00:00:00+09:00,1170.7531317400787,1186.5838440315856,1164.9965090886217,1172.911865234375,924100,0.0,0.0
2009-09-07 00:00:00+09:00,1177.949091488362,1186.584026795546,1172.9120458925045,1184.42529296875,590000,0.0,0.0
2009-09-08 00:00:00+09:00,1184.4251105372891,1185.1446883687213,1167.155242582918,1172.911865234375,646000,0.0,0.0
2009-09-09 00:00:00+09:00,1166.4357111191719,1171.4727561394275,1139.0917524377849,1164.2769775390625,768000,0.0,0.0
2009-09-10 00:00:00+09:00,1164.9967667282965,1193.0603083604174,1164.2771887377294,1186.5841064453125,789700,0.0,0.0
2009-09-11 00:00:00+09:00,1176.5099407888144,1183.7057202431802,1163.5575377709558,1177.9490966796875,1049200,0.0,0.0
2009-09-14 00:00:00+09:00,1162.1183550764297,1174.351179866708,1142.6897509977525,1160.67919921875,503700,0.0,0.0
2009-09-15 00:00:00+09:00,1162.1184083564797,1162.1184083564797,1139.0919135778993,1145.568115234375,424300,0.0,0.0
2009-09-16 00:00:00+09:00,1159.2397836775435,1175.0704945657533,1134.054561809937,1140.53076171875,642400,0.0,0.0
2009-09-17 00:00:00+09:00,1160.6790010546388,1176.50971278632,1143.4091337109865,1152.0440673828125,613700,0.0,0.0
2009-09-18 00:00:00+09:00,1152.044478856647,1152.7640569196428,1129.0179808407738,1133.33544921875,957900,0.0,0.0
2009-09-21 00:00:00+09:00,1133.33544921875,1133.33544921875,1133.33544921875,1133.33544921875,0,0.0,0.0
2009-09-24 00:00:00+09:00,1176.509762898864,1176.509762898864,1142.6896045770006,1159.95947265625,1040100,0.0,0.0
2009-09-25 00:00:00+09:00,1161.416695431699,1161.416695431699,1135.1864563880722,1146.11572265625,418400,20.0,0.0
2009-09-28 00:00:00+09:00,1146.8444081454588,1150.487497116696,1123.528638729541,1135.1865234375,708000,0.0,0.0
2009-09-29 00:00:00+09:00,1146.844338009371,1154.130515506254,1141.7440137615529,1150.4874267578125,519400,0.0,0.0
2009-09-30 00:00:00+09:00,1128.6290559120785,1153.4020629495287,1128.6290559120785,1147.5731201171875,614400,0.0,0.0
2009-10-01 00:00:00+09:00,1145.387175255215,1146.1157930511788,1121.342787988407,1130.8148193359375,1047900,0.0,0.0
2009-10-02 00:00:00+09:00,1104.584756361166,1106.0419921875,1092.1982518373272,1106.0419921875,859700,0.0,0.0
2009-10-05 00:00:00+09:00,1084.1835779245441,1093.6556118714657,1063.0536560429503,1079.083251953125,1084000,0.0,0.0
2009-10-06 00:00:00+09:00,1091.4692762017164,1091.4692762017164,993.1058901621759,1006.2210083007812,3404200,0.0,0.0
2009-10-07 00:00:00+09:00,1001.1209980119978,1030.2657141113282,975.6193714250837,1020.0650634765625,3386800,0.0,0.0
2009-10-08 00:00:00+09:00,1022.2507725281256,1022.2507725281256,985.0912647598188,990.1915893554688,1927700,0.0,0.0
2009-10-09 00:00:00+09:00,990.9202667550019,996.7492095006195,961.7755530269136,992.3775024414062,2481300,0.0,0.0
2009-10-13 00:00:00+09:00,998.9347489601109,1107.4987734641638,996.0202785036263,1067.4248046875,3827000,0.0,0.0
2009-10-14 00:00:00+09:00,1052.8527270788434,1084.911910463943,1042.6520778199479,1077.625732421875,2787100,0.0,0.0
2009-10-15 00:00:00+09:00,1060.1387518607564,1074.7111058382238,1045.566397883289,1063.05322265625,2352500,0.0,0.0
2009-10-16 00:00:00+09:00,1057.2244902614077,1063.0534330057849,1038.280426342182,1052.852783203125,696700,0.0,0.0
2009-10-19 00:00:00+09:00,1038.280275760191,1039.0088934975665,1014.235890426797,1033.9085693359375,1667200,0.0,0.0
2009-10-20 00:00:00+09:00,1034.6371884047173,1077.625634965195,1028.0796287598987,1069.61083984375,1363700,0.0,0.0
2009-10-21 00:00:00+09:00,1052.852783203125,1062.3248151627379,1035.3659549699935,1052.852783203125,1053600,0.0,0.0
2009-10-22 00:00:00+09:00,1054.3096648425592,1076.1681927936834,1054.3096648425592,1075.4395751953125,1114600,0.0,0.0
2009-10-23 00:00:00+09:00,1126.4431402702435,1133.7293184091195,1084.9119248786496,1087.0977783203125,2496700,0.0,0.0
2009-10-26 00:00:00+09:00,1085.6406810269345,1107.4992182288192,1077.6258840529104,1092.1982421875,1118100,0.0,0.0
2009-10-27 00:00:00+09:00,1095.112390849957,1117.6995392972947,1074.711095478168,1084.9117431640625,939200,0.0,0.0
2009-10-28 00:00:00+09:00,1076.8972463744867,1083.4548074146562,1055.7673274672743,1064.5107421875,1157600,0.0,0.0
2009-10-29 00:00:00+09:00,1044.1089819870308,1071.7964497577964,1041.9231292682862,1065.2388916015625,1449900,0.0,0.0
2009-10-30 00:00:00+09:00,1094.3838134601883,1103.8558438030527,1071.79666418105,1086.3690185546875,1348100,0.0,0.0
2009-11-02 00:00:00+09:00,1057.953068482924,1090.012252376346,1057.953068482924,1082.72607421875,1081200,0.0,0.0
2009-11-04 00:00:00+09:00,1068.1539820143694,1079.811869949042,1047.0240601327755,1079.083251953125,1017600,0.0,0.0
2009-11-05 00:00:00+09:00,1084.9116866837687,1085.6403043376865,1058.681451142724,1073.982421875,903000,0.0,0.0
2009-11-06 00:00:00+09:00,1099.4839797088312,1099.4839797088312,1058.681393318046,1067.4248046875,1081500,0.0,0.0
2009-11-09 00:00:00+09:00,1054.3099417975554,1055.0385595873258,1031.7227903146777,1045.5665283203125,1331200,0.0,0.0
2009-11-10 00:00:00+09:00,1046.294930557099,1046.294930557099,1022.97916608786,1024.4364013671875,1118200,0.0,0.0
2009-11-11 00:00:00+09:00,1030.2656812741568,1055.038689169009,1027.3512097571154,1036.8232421875,708400,0.0,0.0
2009-11-12 00:00:00+09:00,1033.1801016607299,1033.1801016607299,987.2771775389908,992.3775024414062,1671600,0.0,0.0
2009-11-13 00:00:00+09:00,980.719482421875,1001.849396976284,961.7754210972325,980.719482421875,2308000,0.0,0.0
2009-11-16 00:00:00+09:00,977.8051133393354,993.8347053612918,960.3182856790195,979.990966796875,691400,0.0,0.0
2009-11-17 00:00:00+09:00,994.563338951871,1001.8495172592106,983.6340714908613,987.2771606445312,1012700,0.0,0.0
2009-11-18 00:00:00+09:00,972.7046931587065,993.1059900938703,958.8609559527024,969.7902221679688,1337500,0.0,0.0
2009-11-19 00:00:00+09:00,981.4484291162,990.1918449657876,955.2181815674375,977.0767211914062,1279800,0.0,0.0
2009-11-20 00:00:00+09:00,977.0764028224362,1017.150379075407,977.0764028224362,1001.1207885742188,1831700,0.0,0.0
2009-11-24 00:00:00+09:00,998.9348965763959,1008.4069269596878,988.7342484713124,997.4776611328125,1578800,0.0,0.0
2009-11-25 00:00:00+09:00,985.0915587333628,992.377738901509,976.3481425315874,978.5339965820312,1426300,0.0,0.0
2009-11-26 00:00:00+09:00,960.3183572224008,998.2064866424045,960.3183572224008,991.64892578125,906500,0.0,0.0
2009-11-27 00:00:00+09:00,977.0765974862235,993.8348090762184,969.0618006388346,979.262451171875,1374400,0.0,0.0
2009-11-30 00:00:00+09:00,988.0058694034393,1028.8084716796875,988.0058694034393,1028.8084716796875,1406600,0.0,0.0
2009-12-01 00:00:00+09:00,1063.7817166168943,1076.8968336710752,1047.0235114921074,1067.4248046875,2001100,0.0,0.0
2009-12-02 00:00:00+09:00,1078.3541859828051,1090.0120690745111,1055.7670374926247,1080.5400390625,1707000,0.0,0.0
2009-12-03 00:00:00+09:00,1090.0120899579679,1122.7998867815697,1085.640383714821,1121.3426513671875,1398600,0.0,0.0
2009-12-04 00:00:00+09:00,1114.7851163055261,1122.071293536281,1095.1124377824874,1113.327880859375,1396900,0.0,0.0
2009-12-07 00:00:00+09:00,1152.6736336077463,1152.6736336077463,1113.328263054764,1118.4285888671875,908600,0.0,0.0
2009-12-08 00:00:00+09:00,1118.428322135628,1139.5582383192977,1110.4135263418223,1122.0714111328125,917100,0.0,0.0
2009-12-09 00:00:00+09:00,1112.5994505791227,1117.6997754999177,1100.9415650458773,1106.7705078125,840300,0.0,0.0
2009-12-10 00:00:00+09:00,1122.0713183529376,1135.1864376583615,1105.3131103515625,1105.3131103515625,1153800,0.0,0.0
2009-12-11 00:00:00+09:00,1126.4431522300113,1167.9743680625538,1119.8855918353993,1163.6026611328125,1929400,0.0,0.0
2009-12-14 00:00:00+09:00,1148.301718104749,1155.587896519119,1133.0007434345714,1146.844482421875,1217900,0.0,0.0
2009-12-15 00:00:00+09:00,1116.971134382977,1146.8444654395341,1106.041866923261,1141.744140625,1199800,0.0,0.0
2009-12-16 00:00:00+09:00,1151.2158387730387,1189.832572605299,1143.9296625782729,1156.316162109375,1523200,0.0,0.0
2009-12-17 00:00:00+09:00,1143.9298968082223,1149.7588389575635,1118.4282749048543,1133.729248046875,1185300,0.0,0.0
2009-12-18 00:00:00+09:00,1128.628539018539,1138.1005667830586,1123.5282163761053,1133.000244140625,1027600,0.0,0.0
2009-12-21 00:00:00+09:00,1123.52851574988,1151.9446066151495,1118.4281917484213,1139.55810546875,1176400,0.0,0.0
2009-12-22 00:00:00+09:00,1167.974385097437,1175.9891812521919,1149.030321458926,1168.7030029296875,1318500,0.0,0.0
2009-12-24 00:00:00+09:00,1174.531845464939,1174.531845464939,1156.3164012114505,1165.059814453125,969700,0.0,0.0
2009-12-25 00:00:00+09:00,1149.7588660867148,1165.0598395897698,1148.3016305149952,1157.0450439453125,638900,0.0,0.0
2009-12-28 00:00:00+09:00,1178.9036637339707,1196.3904918734115,1169.431631825107,1182.5467529296875,1143500,0.0,0.0
2009-12-29 00:00:00+09:00,1188.3757095896526,1192.7474166758195,1187.6470917419583,1192.018798828125,407200,0.0,0.0
2009-12-30 00:00:00+09:00,1172.3459921545204,1181.089405396195,1165.059814453125,1165.059814453125,471300,0.0,0.0
2010-01-04 00:00:00+09:00,1160.6881250972913,1185.461129650529,1159.9595073163136,1170.16015625,423400,0.0,0.0
2010-01-05 00:00:00+09:00,1175.9890933419924,1189.104213342089,1170.1601511197273,1178.903564453125,839900,0.0,0.0
2010-01-06 00:00:00+09:00,1193.4761171002428,1197.1192065907808,1180.360994934306,1190.5616455078125,774100,0.0,0.0
2010-01-07 00:00:00+09:00,1184.0036033403755,1187.6466913506538,1172.3457217074858,1177.446044921875,618500,0.0,0.0
2010-01-08 00:00:00+09:00,1184.7327056059964,1200.033681508657,1173.8034371040962,1186.18994140625,601600,0.0,0.0
2010-01-12 00:00:00+09:00,1165.0596250180845,1184.0036839614681,1161.4165367597416,1180.360595703125,723800,0.0,0.0
2010-01-13 00:00:00+09:00,1164.3312930657999,1193.4760062839675,1164.3312930657999,1173.07470703125,888700,0.0,0.0
2010-01-14 00:00:00+09:00,1172.3456147036989,1202.947551196897,1148.3012360304722,1200.0330810546875,1334500,0.0,0.0
2010-01-15 00:00:00+09:00,1229.178107387938,1240.1073733101782,1204.4051046308605,1216.06298828125,1166700,0.0,0.0
2010-01-18 00:00:00+09:00,1216.0631847683608,1216.0631847683608,1189.8329423167966,1196.3905029296875,556000,0.0,0.0
2010-01-19 00:00:00+09:00,1205.8625208021601,1205.8625208021601,1179.632278657823,1186.91845703125,575000,0.0,0.0
2010-01-20 00:00:00+09:00,1205.8623246639822,1211.691266414624,1190.561352568548,1206.5909423828125,945800,0.0,0.0
2010-01-21 00:00:00+09:00,1226.2636791332347,1231.3640034077046,1208.0482352958427,1213.1485595703125,1117800,0.0,0.0
2010-01-22 00:00:00+09:00,1165.7885374136306,1171.6174801006987,1147.5730915165427,1159.9595947265625,1423800,0.0,0.0
2010-01-25 00:00:00+09:00,1132.272097565407,1165.0598996184592,1132.272097565407,1159.23095703125,727200,0.0,0.0
2010-01-26 00:00:00+09:00,1154.8592615766593,1154.8592615766593,1132.2721088265796,1141.744140625,892200,0.0,0.0
2010-01-27 00:00:00+09:00,1149.0302509061908,1181.0894335567123,1146.8443975436553,1152.67333984375,1594700,0.0,0.0
2010-01-28 00:00:00+09:00,1169.431348916718,1193.4757317916412,1144.6583483789184,1185.4609375,954600,0.0,0.0
2010-01-29 00:00:00+09:00,1190.5614364080088,1196.3903785691252,1165.059814453125,1165.059814453125,1343700,0.0,0.0
2010-02-01 00:00:00+09:00,1162.874016070553,1208.0483199529929,1148.3016599794432,1207.3197021484375,1525000,0.0,0.0
2010-02-02 00:00:00+09:00,1209.505638099509,1224.8066130393222,1197.8477524310802,1205.862548828125,1502100,0.0,0.0
2010-02-03 00:00:00+09:00,1235.0072051085722,1286.0104525171857,1235.0072051085722,1261.966064453125,2011400,0.0,0.0
2010-02-04 00:00:00+09:00,1261.966064453125,1274.352567395217,1245.2078545902948,1261.966064453125,945500,0.0,0.0
2010-02-05 00:00:00+09:00,1252.4941040253095,1259.0516647793688,1238.650364655629,1246.6651611328125,1124700,0.0,0.0
2010-02-08 00:00:00+09:00,1238.650218507277,1266.3376939797927,1224.0778629954268,1254.6798095703125,1548800,0.0,0.0
2010-02-09 00:00:00+09:00,1225.5349244093713,1256.865484308065,1204.4050119195547,1243.7503662109375,1543700,0.0,0.0
2010-02-10 00:00:00+09:00,1214.605834391845,1265.6090787874234,1194.9331544106935,1250.30810546875,1612700,0.0,0.0
2010-02-12 00:00:00+09:00,1245.9365693933823,1250.3082766544119,1227.7211224724265,1238.650390625,1526600,0.0,0.0
2010-02-15 00:00:00+09:00,1245.936255180718,1257.5941382701283,1231.3639013189552,1253.9510498046875,863600,0.0,0.0
2010-02-16 00:00:00+09:00,1246.6648149579485,1259.0513151650116,1235.7355500693632,1247.3934326171875,615400,0.0,0.0
2010-02-17 00:00:00+09:00,1271.4382455454752,1291.8395469066631,1238.6504397864228,1280.9102783203125,855300,0.0,0.0
2010-02-18 00:00:00+09:00,1289.6534499076947,1289.6534499076947,1272.1666234682684,1276.538330078125,616900,0.0,0.0
2010-02-19 00:00:00+09:00,1275.0810440726902,1277.9955150305707,1254.6797473675272,1256.8656005859375,571300,0.0,0.0
2010-02-22 00:00:00+09:00,1278.7241881675998,1316.6123122614545,1269.9807749151717,1303.4971923828125,1276100,0.0,0.0
2010-02-23 00:00:00+09:00,1307.8692786145818,1317.3413123872779,1293.2969189642802,1312.9696044921875,1046300,0.0,0.0
2010-02-24 00:00:00+09:00,1297.6683377805898,1304.9545159826143,1284.5532170169454,1293.296630859375,1132600,0.0,0.0
2010-02-25 00:00:00+09:00,1298.397050965507,1299.8542867129431,1261.9661572796063,1274.3526611328125,1261800,0.0,0.0
2010-02-26 00:00:00+09:00,1272.1667253199064,1283.095992719562,1260.5088400936072,1275.809814453125,1223000,0.0,0.0
2010-03-01 00:00:00+09:00,1262.69476163662,1278.724354686825,1253.2227293796805,1264.880615234375,1052300,0.0,0.0
2010-03-02 00:00:00+09:00,1284.553553463319,1285.2821714743588,1268.5239572204416,1278.724609375,773700,0.0,0.0
2010-03-03 00:00:00+09:00,1273.6238168355815,1287.4675539750988,1266.3376393937303,1279.4527587890625,1047500,0.0,0.0
2010-03-04 00:00:00+09:00,1272.1665707593154,1277.2668949261626,1251.0366563538055,1261.2373046875,1564900,0.0,0.0
2010-03-05 00:00:00+09:00,1267.794817622621,1274.3523770241172,1256.8655519534602,1272.8951416015625,1058100,0.0,0.0
2010-03-08 00:00:00+09:00,1302.0401016030078,1302.0401016030078,1279.452948189637,1299.854248046875,979200,0.0,0.0
2010-03-09 00:00:00+09:00,1304.2258671473078,1317.3409875990685,1299.1255425271786,1310.0548095703125,1143700,0.0,0.0
2010-03-10 00:00:00+09:00,1311.5120078997904,1318.0695679392895,1289.653474434794,1304.225830078125,917600,0.0,0.0
2010-03-11 00:00:00+09:00,1316.612466435725,1345.0285628336185,1302.0401093086002,1318.0697021484375,1007000,0.0,0.0
2010-03-12 00:00:00+09:00,1347.2140973200565,1347.2140973200565,1324.6269491226947,1333.370361328125,1266000,0.0,0.0
2010-03-15 00:00:00+09:00,1339.1993088880122,1345.0282503848043,1315.8835429008434,1320.2552490234375,584800,0.0,0.0
2010-03-16 00:00:00+09:00,1317.3408835204289,1358.8720950030972,1313.697794793879,1350.8572998046875,1656900,0.0,0.0
2010-03-17 00:00:00+09:00,1353.7718678001424,1368.3442237506283,1347.2143076224238,1358.8721923828125,705800,0.0,0.0
2010-03-18 00:00:00+09:00,1374.173209180632,1378.5449161027339,1351.5860567497732,1355.957763671875,555700,0.0,0.0
2010-03-19 00:00:00+09:00,1364.7010747169961,1367.6155457788584,1347.2142483458226,1356.686279296875,612300,0.0,0.0
2010-03-23 00:00:00+09:00,1356.6865068543634,1356.6865068543634,1339.928295437795,1351.586181640625,615700,0.0,0.0
2010-03-24 00:00:00+09:00,1353.0431879929863,1369.8013965680204,1351.5859524647224,1361.0579833984375,855400,0.0,0.0
2010-03-25 00:00:00+09:00,1373.444382375163,1378.544706341543,1354.500321928609,1361.7864990234375,631200,0.0,0.0
2010-03-26 00:00:00+09:00,1375.630532820767,1380.730857889488,1363.2440290824445,1377.0877685546875,1048700,0.0,0.0
2010-03-29 00:00:00+09:00,1359.413785486795,1386.6609740366387,1358.6773749854478,1383.71533203125,398500,20.0,0.0
2010-03-30 00:00:00+09:00,1388.8703294726154,1410.962646484375,1384.4518660702636,1410.962646484375,607700,0.0,0.0
2010-03-31 00:00:00+09:00,1413.1717279767965,1424.954295797343,1395.4978762459768,1401.38916015625,913700,0.0,0.0
2010-04-01 00:00:00+09:00,1402.1255502046517,1428.6363274144037,1400.6527292485546,1416.853759765625,753700,0.0,0.0
2010-04-02 00:00:00+09:00,1435.2637340210404,1435.2637340210404,1406.5437311340108,1416.1170654296875,552000,0.0,0.0
2010-04-05 00:00:00+09:00,1416.1175569534303,1419.7996098836263,1408.753451093038,1413.9083251953125,614300,0.0,0.0
2010-04-06 00:00:00+09:00,1413.171970811746,1425.690951272298,1388.1340098906414,1403.5986328125,699600,0.0,0.0
2010-04-07 00:00:00+09:00,1406.544002446307,1406.544002446307,1389.6065615791526,1394.0250244140625,1067100,0.0,0.0
2010-04-08 00:00:00+09:00,1385.187991011257,1396.9705576546276,1378.5602972743611,1382.978759765625,453300,0.0,0.0
2010-04-09 00:00:00+09:00,1391.079550209692,1402.125708628509,1368.987233372058,1390.3431396484375,926200,0.0,0.0
2010-04-12 00:00:00+09:00,1419.7996364540222,1441.8919544486387,1414.6447622552782,1423.481689453125,1230500,0.0,0.0
2010-04-13 00:00:00+09:00,1414.6447521299826,1417.5903945081816,1388.1339707261934,1402.8621826171875,1219300,0.0,0.0
2010-04-14 00:00:00+09:00,1399.9163878911404,1410.2261350928636,1391.0794617182348,1395.4979248046875,1221300,0.0,0.0
2010-04-15 00:00:00+09:00,1400.6529346466064,1416.8539675394695,1385.1883123397827,1413.9083251953125,1566200,0.0,0.0
2010-04-16 00:00:00+09:00,1406.5441848982628,1406.5441848982628,1371.9328882018133,1381.5062255859375,1293000,0.0,0.0
2010-04-19 00:00:00+09:00,1365.3053630689994,1379.2971656031477,1355.732024493003,1375.6151123046875,1062800,0.0,0.0
2010-04-20 00:00:00+09:00,1369.72333287202,1394.024875874588,1368.9869224780027,1382.2423095703125,861600,0.0,0.0
2010-04-21 00:00:00+09:00,1395.4976556496542,1404.334580118148,1337.3212362320696,1347.6309814453125,2456700,0.0,0.0
2010-04-22 00:00:00+09:00,1347.6311461200337,1348.3675565823944,1328.4844740986562,1346.1583251953125,1643300,0.0,0.0
2010-04-23 00:00:00+09:00,1339.530801358066,1343.2128541380496,1329.9574641301083,1340.2672119140625,1021600,0.0,0.0
2010-04-26 00:00:00+09:00,1354.9956414808162,1371.1966763246085,1352.7864094566626,1357.9412841796875,652000,0.0,0.0
2010-04-27 00:00:00+09:00,1359.4141055291232,1364.5689802521479,1347.6315347336376,1357.9412841796875,594300,0.0,0.0
2010-04-28 00:00:00+09:00,1335.1123903863927,1335.848800971272,1312.2836622551306,1332.166748046875,947100,0.0,0.0
2010-04-30 00:00:00+09:00,1341.740115724761,1402.8621956397747,1338.794473319218,1366.778076171875,1871600,0.0,0.0
2010-05-06 00:00:00+09:00,1354.99510906302,1354.99510906302,1317.4381794096428,1327.7479248046875,1550100,0.0,0.0
2010-05-07 00:00:00+09:00,1298.2915643262704,1326.2751601540629,1285.036176828895,1315.22900390625,1380600,0.0,0.0
2010-05-10 00:00:00+09:00,1261.4714240962771,1298.2919560313699,1259.2621921801717,1295.3463134765625,1444000,0.0,0.0
2010-05-11 00:00:00+09:00,1311.547043278117,1312.2834537459878,1272.5172884809579,1276.1993408203125,1411000,0.0,0.0
2010-05-12 00:00:00+09:00,1288.7182761365034,1315.9654625462465,1279.144940370918,1309.3377685546875,2755000,0.0,0.0
2010-05-13 00:00:00+09:00,1310.0743045018723,1339.530725064028,1299.764557305118,1336.5850830078125,1874200,0.0,0.0
2010-05-14 00:00:00+09:00,1337.321684821673,1354.9955396871576,1324.0662936725594,1344.685791015625,1424600,0.0,0.0
2010-05-17 00:00:00+09:00,1338.7944830962965,1341.0037149165873,1322.5934497474964,1332.9031982421875,1737700,0.0,0.0
2010-05-18 00:00:00+09:00,1336.5851910980055,1344.6857074076902,1310.8108210217354,1318.1749267578125,1453300,0.0,0.0
2010-05-19 00:00:00+09:00,1291.6643112909226,1314.4930419921875,1279.8817406063988,1314.4930419921875,1150100,0.0,0.0
2010-05-20 00:00:00+09:00,1296.082380571569,1319.6475147637796,1295.3459701280626,1309.3377685546875,1039800,0.0,0.0
2010-05-21 00:00:00+09:00,1279.881173190461,1322.59297298623,1272.5170697773974,1290.19091796875,1376400,0.0,0.0
2010-05-24 00:00:00+09:00,1295.346105963955,1307.1286742956343,1287.982000756656,1298.291748046875,1023800,0.0,0.0
2010-05-25 00:00:00+09:00,1268.8351336327669,1279.8812897584148,1251.16128383173,1260.734619140625,1179200,0.0,0.0
2010-05-26 00:00:00+09:00,1282.0906982421875,1294.6096769154312,1271.0445405893256,1282.0906982421875,1743500,0.0,0.0
2010-05-27 00:00:00+09:00,1268.835303111696,1289.4547973003946,1259.2619665240861,1286.5091552734375,1353300,0.0,0.0
2010-05-28 00:00:00+09:00,1304.183204655226,1307.8652577457265,1282.8272967303242,1292.400634765625,1576900,0.0,0.0
2010-05-31 00:00:00+09:00,1274.7264606934987,1299.7644154384893,1272.51722939247,1290.927490234375,706400,0.0,0.0
2010-06-01 00:00:00+09:00,1297.5553284380292,1307.8650756560385,1277.6722445175826,1304.91943359375,614100,0.0,0.0
2010-06-02 00:00:00+09:00,1294.609579400034,1302.710094401968,1278.4085493961654,1293.8731689453125,810100,0.0,0.0
2010-06-03 00:00:00+09:00,1315.229156698044,1324.066082722891,1293.8732521379975,1322.59326171875,821000,0.0,0.0
2010-06-04 00:00:00+09:00,1310.8106263371562,1317.4383205152653,1300.5008798378751,1312.283447265625,1040400,0.0,0.0
2010-06-07 00:00:00+09:00,1302.7103534512669,1303.4467640524265,1276.9359824106823,1285.0364990234375,719200,0.0,0.0
2010-06-08 00:00:00+09:00,1266.6260745547233,1288.7183898085848,1260.7347904870269,1284.2999267578125,960900,0.0,0.0
2010-06-09 00:00:00+09:00,1288.7183898085848,1299.0281369270535,1278.408642690116,1284.2999267578125,895800,0.0,0.0
2010-06-10 00:00:00+09:00,1294.6097014718541,1330.6938171556544,1290.191238326899,1323.3297119140625,1357500,0.0,0.0
2010-06-11 00:00:00+09:00,1320.3841071662275,1329.9574442510914,1293.1369170016148,1296.8189697265625,1711300,0.0,0.0
2010-06-14 00:00:00+09:00,1312.2834415307782,1320.3839566019558,1306.3921578426489,1316.701904296875,823400,0.0,0.0
2010-06-15 00:00:00+09:00,1311.5470483812235,1318.1747426178495,1294.6096075542903,1303.446533203125,747600,0.0,0.0
2010-06-16 00:00:00+09:00,1312.2835601346576,1322.5933075206763,1303.4466338037844,1318.9112548828125,747000,0.0,0.0
2010-06-17 00:00:00+09:00,1318.9111872873216,1321.1204187568146,1307.1286194500256,1308.6014404296875,909800,0.0,0.0
2010-06-18 00:00:00+09:00,1322.5932862406007,1349.840475322395,1322.5932862406007,1334.3758544921875,1394000,0.0,0.0
2010-06-21 00:00:00+09:00,1352.7862548828125,1368.2508772848478,1350.577023111093,1352.7862548828125,1091300,0.0,0.0
2010-06-22 00:00:00+09:00,1353.5225892712456,1360.1502842132702,1344.6856626818794,1349.1041259765625,679300,0.0,0.0
2010-06-23 00:00:00+09:00,1349.1043587005395,1353.5228227574191,1324.0663957115557,1330.694091796875,925600,0.0,0.0
2010-06-24 00:00:00+09:00,1324.066048841226,1327.011690774132,1316.701944008961,1317.4383544921875,803100,0.0,0.0
2010-06-25 00:00:00+09:00,1294.6095708931289,1300.5008544921875,1289.4546977439525,1300.5008544921875,699600,0.0,0.0
2010-06-28 00:00:00+09:00,1307.1283558187963,1309.3375868427156,1283.5632248969928,1290.19091796875,447000,0.0,0.0
2010-06-29 00:00:00+09:00,1296.8189611181358,1307.128708679552,1266.6261289739884,1273.990234375,494300,0.0,0.0
2010-06-30 00:00:00+09:00,1245.27012693309,1259.2619261121135,1237.1696116189187,1256.3162841796875,679300,0.0,0.0
2010-07-01 00:00:00+09:00,1244.5336943006262,1245.2701047706266,1236.4331791306222,1242.324462890625,440200,0.0,0.0
2010-07-02 00:00:00+09:00,1240.8514802509637,1251.1612254874703,1229.0689142663848,1241.587890625,371300,0.0,0.0
2010-07-05 00:00:00+09:00,1246.0063424801237,1250.4248046875,1232.7509558579948,1250.4248046875,395300,0.0,0.0
2010-07-06 00:00:00+09:00,1244.5335901563412,1261.4710295490015,1230.541792397187,1260.734619140625,677400,0.0,0.0
2010-07-07 00:00:00+09:00,1248.952218804921,1258.5255553877416,1236.433240196617,1257.052734375,798000,0.0,0.0
2010-07-08 00:00:00+09:00,1284.29992375322,1306.3922389553968,1271.780945138653,1286.5091552734375,869900,0.0,0.0
2010-07-09 00:00:00+09:00,1292.40034803587,1295.345989854755,1279.1449598508866,1293.8731689453125,813800,0.0,0.0
2010-07-12 00:00:00+09:00,1287.982034636922,1294.6097294978324,1272.5174132947977,1273.990234375,348400,0.0,0.0
2010-07-13 00:00:00+09:00,1281.3544162013688,1282.8272373694165,1267.3626151049173,1277.67236328125,494900,0.0,0.0
2010-07-14 00:00:00+09:00,1291.6639919051206,1299.0280967620483,1278.4086031626507,1283.5634765625,623900,0.0,0.0
2010-07-15 00:00:00+09:00,1279.1448152144842,1290.1909707862844,1272.517121871404,1279.8812255859375,553900,0.0,0.0
2010-07-16 00:00:00+09:00,1277.6722224692608,1279.8814539778532,1254.843496880473,1261.47119140625,850700,0.0,0.0
2010-07-21 00:00:00+09:00,1285.0363342599592,1292.4004393273515,1275.462997672349,1286.5091552734375,693000,0.0,0.0
2010-07-22 00:00:00+09:00,1287.981888147961,1298.2916345367955,1285.0362463225797,1291.6639404296875,873300,0.0,0.0
2010-07-23 00:00:00+09:00,1295.3460180250265,1310.8106379104872,1295.3460180250265,1303.446533203125,698100,0.0,0.0
2010-07-26 00:00:00+09:00,1310.0742158729217,1321.1203728364371,1303.4465216948126,1312.283447265625,506500,0.0,0.0
2010-07-27 00:00:00+09:00,1304.1829774907017,1316.7019558178285,1296.0824621025606,1308.6014404296875,419400,0.0,0.0
2010-07-28 00:00:00+09:00,1314.4927402712262,1330.6937712437568,1310.8106877774694,1327.01171875,1042900,0.0,0.0
2010-07-29 00:00:00+09:00,1309.3381673177084,1321.857148670015,1307.1289353143602,1314.4930419921875,514000,0.0,0.0
2010-07-30 00:00:00+09:00,1315.965537932982,1318.1747693900604,1280.617834619729,1283.5634765625,785400,0.0,0.0
2010-08-02 00:00:00+09:00,1294.6097465310168,1305.6559047778683,1223.914333751166,1233.4876708984375,1324800,0.0,0.0
2010-08-03 00:00:00+09:00,1257.0528669285843,1287.982111457583,1254.843635176513,1277.67236328125,1374600,0.0,0.0
2010-08-04 00:00:00+09:00,1279.1451302445234,1286.5092357727015,1245.2702448149046,1258.525634765625,972000,0.0,0.0
2010-08-05 00:00:00+09:00,1287.981976286916,1295.3460813543084,1277.6722291925669,1286.5091552734375,1047300,0.0,0.0
2010-08-06 00:00:00+09:00,1279.8814607127845,1287.2455657801768,1269.5717136184353,1286.5091552734375,817500,0.0,0.0
2010-08-09 00:00:00+09:00,1265.8897915520467,1310.8108370928696,1264.4169703867738,1307.1287841796875,1081500,0.0,0.0
2010-08-10 00:00:00+09:00,1310.8109242088378,1314.492977366728,1269.57192884047,1276.93603515625,792700,0.0,0.0
2010-08-11 00:00:00+09:00,1249.6887334534958,1257.0528391308883,1234.2241115309719,1240.851806640625,779700,0.0,0.0
2010-08-12 00:00:00+09:00,1213.6043432006109,1239.3787072855753,1211.3951119933283,1235.6966552734375,794300,0.0,0.0
2010-08-13 00:00:00+09:00,1221.704704668882,1234.9600902529928,1213.6041912563699,1228.3323974609375,1061500,0.0,0.0
2010-08-16 00:00:00+09:00,1212.1318102077096,1231.278485217066,1202.5584727030314,1229.8056640625,789900,0.0,0.0
2010-08-17 00:00:00+09:00,1209.1861082504736,1219.4958558238636,1204.767645004735,1215.077392578125,823300,0.0,0.0
2010-08-18 00:00:00+09:00,1217.28662109375,1226.1235475626702,1191.5122522260663,1217.28662109375,928700,0.0,0.0
2010-08-19 00:00:00+09:00,1218.7595118009126,1229.8056705181414,1218.0231012197642,1225.38720703125,604000,0.0,0.0
2010-08-20 00:00:00+09:00,1204.767584116181,1208.4496366348735,1190.039374041411,1200.34912109375,675000,0.0,0.0
2010-08-23 00:00:00+09:00,1206.9767097870706,1211.3951724220447,1183.411575733876,1187.0936279296875,448000,0.0,0.0
2010-08-24 00:00:00+09:00,1184.1480862317562,1184.1480862317562,1163.5285921928948,1173.1019287109375,824400,0.0,0.0
2010-08-25 00:00:00+09:00,1157.6370279130026,1184.147799544598,1152.4821556513034,1172.365234375,798800,0.0,0.0
2010-08-26 00:00:00+09:00,1181.2022306807548,1181.2022306807548,1156.1642781600904,1180.4658203125,584600,0.0,0.0
2010-08-27 00:00:00+09:00,1165.0013092757745,1198.1397788822283,1159.1100257901826,1191.5120849609375,734600,0.0,0.0
2010-08-30 00:00:00+09:00,1210.658599172073,1232.014499035814,1205.50372679117,1220.23193359375,711700,0.0,0.0
2010-08-31 00:00:00+09:00,1218.7595341778633,1226.1236401245574,1178.9933620657155,1182.6754150390625,985100,0.0,0.0
2010-09-01 00:00:00+09:00,1181.2023360989551,1194.4577239105392,1169.4197691553245,1193.7213134765625,771900,0.0,0.0
2010-09-02 00:00:00+09:00,1198.1397253298294,1206.9766501632391,1184.1479276769303,1201.82177734375,476700,0.0,0.0
2010-09-03 00:00:00+09:00,1201.085516747008,1217.286547628942,1193.7214118006743,1211.395263671875,478700,0.0,0.0
2010-09-06 00:00:00+09:00,1226.859936494269,1232.751220703125,1212.1317259721288,1232.751220703125,441400,0.0,0.0
2010-09-07 00:00:00+09:00,1229.805594013713,1232.7512361550632,1215.077383306962,1221.705078125,484800,0.0,0.0
2010-09-08 00:00:00+09:00,1213.6043895494008,1213.6043895494008,1183.4115618967762,1198.1397705078125,507300,0.0,0.0
2010-09-09 00:00:00+09:00,1205.504229486825,1206.97705078125,1187.093963306513,1206.97705078125,463300,0.0,0.0
2010-09-10 00:00:00+09:00,1218.7597117704504,1243.797675637638,1208.449961942785,1226.8602294921875,1043800,0.0,0.0
2010-09-13 00:00:00+09:00,1232.751000576332,1234.223821365551,1210.6586887380465,1212.867919921875,660800,0.0,0.0
2010-09-14 00:00:00+09:00,1212.8682764063947,1212.8682764063947,1187.8303156305492,1192.248779296875,925800,0.0,0.0
2010-09-16 00:00:00+09:00,1256.3163324777122,1262.2076165690496,1218.759396395436,1220.9686279296875,700500,0.0,0.0
2010-09-17 00:00:00+09:00,1228.3324423105832,1236.4329560188664,1215.8134665796001,1224.650390625,655500,0.0,0.0
2010-09-21 00:00:00+09:00,1229.8056002580536,1240.8517583442037,1216.5502105546732,1217.28662109375,566800,0.0,0.0
2010-09-22 00:00:00+09:00,1221.705004631426,1226.1234675776518,1214.3408997210497,1215.813720703125,589200,0.0,0.0
2010-09-24 00:00:00+09:00,1207.7132840857532,1237.1697056488204,1201.8219997731396,1217.28662109375,1024400,0.0,0.0
2010-09-27 00:00:00+09:00,1227.5960245086817,1237.1693588329845,1223.1775625128496,1231.278076171875,642800,0.0,0.0
2010-09-28 00:00:00+09:00,1238.7317567870211,1256.6195799897216,1227.5518672853332,1235.005126953125,421300,20.0,0.0
2010-09-29 00:00:00+09:00,1244.6939800216492,1249.1659344408886,1229.7874652908508,1237.24072265625,498800,0.0,0.0
2010-09-30 00:00:00+09:00,1242.458039355409,1250.6566226984862,1218.6076150846393,1220.0982666015625,803600,0.0,0.0
2010-10-01 00:00:00+09:00,1205.1917159850339,1243.2033285485693,1198.4837843561747,1237.24072265625,1482800,0.0,0.0
2010-10-04 00:00:00+09:00,1240.9677432628162,1241.7130692347457,1191.0309031435315,1194.01220703125,789500,0.0,0.0
2010-10-05 00:00:00+09:00,1198.48388671875,1207.4277963211287,1162.708248309235,1198.48388671875,1082600,0.0,0.0
2010-10-06 00:00:00+09:00,1205.937331273741,1206.6826571892377,1176.8696205693677,1189.5401611328125,1625100,0.0,0.0
2010-10-07 00:00:00+09:00,1180.5961792226487,1191.7760672834693,1065.8159951315579,1164.9443359375,1886900,0.0,0.0
2010-10-08 00:00:00+09:00,1109.0450791994106,1141.8394229391781,1108.299753205325,1138.11279296875,3069100,0.0,0.0
2010-10-12 00:00:00+09:00,1142.5843196385342,1144.0749710666341,1106.808685364138,1111.2806396484375,1725300,0.0,0.0
2010-10-13 00:00:00+09:00,1114.2621786663642,1121.7154373865405,1076.2505591934648,1077.7412109375,1827700,0.0,0.0
2010-10-14 00:00:00+09:00,1092.6476907552083,1123.2060504557292,1088.1757356770834,1117.98876953125,2746200,0.0,0.0
2010-10-15 00:00:00+09:00,1116.4979298325666,1117.9885812742657,1091.9021810445329,1103.827392578125,1286500,0.0,0.0
2010-10-18 00:00:00+09:00,1099.3555752931009,1107.5541592444392,1094.1382945967946,1101.591552734375,966100,0.0,0.0
2010-10-19 00:00:00+09:00,1101.591400228742,1116.497914440227,1097.8647716758708,1106.0633544921875,1297200,0.0,0.0
2010-10-20 00:00:00+09:00,1097.8647577043466,1162.7080936991042,1084.4488950847415,1144.074951171875,2946600,0.0,0.0
2010-10-21 00:00:00+09:00,1129.168819217041,1179.850984039984,1129.168819217041,1175.3790283203125,2342400,0.0,0.0
2010-10-22 00:00:00+09:00,1175.37888231923,1179.105511622715,1157.4910616625011,1167.1802978515625,888000,0.0,0.0
2010-10-25 00:00:00+09:00,1154.5098522886135,1163.4537633457235,1149.2925708386326,1153.7645263671875,841500,0.0,0.0
2010-10-26 00:00:00+09:00,1153.019085625587,1158.2363665560194,1135.1312652926754,1141.0938720703125,917300,0.0,0.0
2010-10-27 00:00:00+09:00,1143.329813652159,1196.2479471393187,1130.659274648191,1181.3414306640625,3735200,0.0,0.0
2010-10-28 00:00:00+09:00,1192.5211997487438,1195.5025027481156,1161.2175182553392,1186.55859375,2402900,0.0,0.0
2010-10-29 00:00:00+09:00,1192.5215287642045,1195.5028325861151,1161.217838634144,1180.5963134765625,1313400,0.0,0.0
2010-11-01 00:00:00+09:00,1162.7082116825065,1173.8880983333,1142.5844157110785,1156.74560546875,1084800,0.0,0.0
2010-11-02 00:00:00+09:00,1161.2176137655163,1192.5212978336497,1157.4909847097863,1178.360107421875,1452700,0.0,0.0
2010-11-04 00:00:00+09:00,1197.738290498909,1199.9742673946755,1184.3224291243102,1190.2850341796875,1029500,0.0,0.0
2010-11-05 00:00:00+09:00,1206.6823527144204,1220.0982158082188,1199.9744211675213,1203.7010498046875,1186700,0.0,0.0
2010-11-08 00:00:00+09:00,1204.4463398873143,1206.6823170034415,1199.2290599496835,1202.9556884765625,601700,0.0,0.0
2010-11-09 00:00:00+09:00,1199.2290599496835,1203.7010141819383,1192.5211286013011,1202.9556884765625,920700,0.0,0.0
2010-11-10 00:00:00+09:00,1202.210368333254,1231.2780709773936,1200.7197169156059,1226.060791015625,1331900,0.0,0.0
2010-11-11 00:00:00+09:00,1214.1357577278166,1224.5703191815853,1201.4652188196687,1211.8997802734375,939800,0.0,0.0
2010-11-12 00:00:00+09:00,1211.899648207293,1220.0982313132465,1190.2852018370522,1201.465087890625,645800,0.0,0.0
2010-11-15 00:00:00+09:00,1211.899949903612,1223.8251646628112,1201.4653869893127,1205.1920166015625,707100,0.0,0.0
2010-11-16 00:00:00+09:00,1214.1357081691524,1222.334291833892,1183.577350873305,1195.5025634765625,820500,0.0,0.0
2010-11-17 00:00:00+09:00,1178.3603774423223,1199.229504936557,1177.6150514603853,1191.7762451171875,663300,0.0,0.0
2010-11-18 00:00:00+09:00,1191.776138052445,1212.645263671875,1188.7948343925264,1212.645263671875,716300,0.0,0.0
2010-11-19 00:00:00+09:00,1191.7758028959254,1222.3341568163337,1188.794500074422,1202.9556884765625,875400,0.0,0.0
2010-11-22 00:00:00+09:00,1203.7013582418895,1205.1920100787215,1164.9444104842557,1171.65234375,2152200,0.0,0.0
2010-11-24 00:00:00+09:00,1162.7083818555575,1171.6522924852156,1141.8392570530218,1150.037841796875,1448800,0.0,0.0
2010-11-25 00:00:00+09:00,1158.981609183368,1163.4535639454903,1141.8391159285657,1147.056396484375,887900,0.0,0.0
2010-11-26 00:00:00+09:00,1155.2548878301623,1167.180099575506,1148.5469562234064,1160.47216796875,907100,0.0,0.0
2010-11-29 00:00:00+09:00,1151.528096897822,1165.6892838499637,1148.5467943815818,1154.5093994140625,957700,0.0,0.0
2010-11-30 00:00:00+09:00,1161.217678467587,1161.963004320262,1149.2924648247877,1151.5284423828125,904500,0.0,0.0
2010-12-01 00:00:00+09:00,1155.2552275817911,1175.3790283203125,1146.311316142448,1175.3790283203125,1319500,0.0,0.0
2010-12-02 00:00:00+09:00,1185.0680597828766,1191.030666372979,1176.8694757214855,1181.3414306640625,1137900,0.0,0.0
2010-12-03 00:00:00+09:00,1181.3414306640625,1185.0680597828766,1172.3975207789088,1181.3414306640625,556500,0.0,0.0
2010-12-06 00:00:00+09:00,1177.6144984370108,1196.2476392350648,1175.3785215412443,1190.2850341796875,1103600,0.0,0.0
2010-12-07 00:00:00+09:00,1195.5025989948404,1205.9371603327006,1191.0306441357575,1196.2479248046875,1038800,0.0,0.0
2010-12-08 00:00:00+09:00,1198.4840401102265,1217.1171875,1198.4840401102265,1217.1171875,910200,0.0,0.0
2010-12-09 00:00:00+09:00,1224.5703453594547,1249.166097883412,1223.8250195253954,1243.2034912109375,1439500,0.0,0.0
2010-12-10 00:00:00+09:00,1273.0166012713364,1274.5072530292653,1240.9675884758635,1249.9114990234375,2186800,0.0,0.0
2010-12-13 00:00:00+09:00,1249.1661574590773,1257.3647420247396,1243.9488763718377,1252.1474609375,868100,0.0,0.0
2010-12-14 00:00:00+09:00,1262.58206263748,1287.9231429973822,1261.8367367445417,1281.2152099609375,1371700,0.0,0.0
2010-12-15 00:00:00+09:00,1273.016617313508,1299.8483492943549,1270.0353137600807,1293.8857421875,1380000,0.0,0.0
2010-12-16 00:00:00+09:00,1314.0094214790522,1352.0210383227459,1305.0655116334774,1340.0958251953125,2829000,0.0,0.0
2010-12-17 00:00:00+09:00,1337.8596956060173,1340.0956728131582,1321.4625294203167,1326.6798095703125,1275700,0.0,0.0
2010-12-20 00:00:00+09:00,1340.8411865234375,1371.3995459717205,1333.3879281214174,1340.8411865234375,1451300,0.0,0.0
2010-12-21 00:00:00+09:00,1343.077172541842,1355.0023860605265,1339.350543317253,1351.2757568359375,1050100,0.0,0.0
2010-12-22 00:00:00+09:00,1344.5681344091365,1358.72932872941,1337.860200257428,1347.5494384765625,1391900,0.0,0.0
2010-12-24 00:00:00+09:00,1342.3320632127002,1344.5680411081128,1330.4068477704996,1337.860107421875,967000,0.0,0.0
2010-12-27 00:00:00+09:00,1346.0586450411845,1347.5492969183065,1338.6053856555745,1344.5679931640625,943900,0.0,0.0
2010-12-28 00:00:00+09:00,1340.0958251953125,1342.3318026567063,1335.623870272525,1340.0958251953125,402200,0.0,0.0
2010-12-29 00:00:00+09:00,1333.3879986243535,1342.3319091796875,1322.2081104301863,1342.3319091796875,650500,0.0,0.0
2010-12-30 00:00:00+09:00,1333.3879906174584,1339.3505976185427,1317.7361472396124,1331.8973388671875,549400,0.0,0.0
2011-01-04 00:00:00+09:00,1347.5491347960747,1347.5491347960747,1334.878595364917,1338.605224609375,606800,0.0,0.0
2011-01-05 00:00:00+09:00,1341.586272885101,1341.586272885101,1319.9718273775077,1328.17041015625,766700,0.0,0.0
2011-01-06 00:00:00+09:00,1326.6797587419333,1335.6236672278337,1316.2451988417158,1328.17041015625,1064200,0.0,0.0
2011-01-07 00:00:00+09:00,1328.1707448255295,1334.878677880204,1317.736182296036,1332.6427001953125,902300,0.0,0.0
2011-01-11 00:00:00+09:00,1331.8974414254199,1331.8974414254199,1317.7362487074104,1328.9161376953125,632000,0.0,0.0
2011-01-12 00:00:00+09:00,1337.85955335829,1355.0020434570313,1337.114227701823,1341.586181640625,1032700,0.0,0.0
2011-01-13 00:00:00+09:00,1354.2572534650483,1357.2385572701446,1340.0960603908402,1352.7666015625,710500,0.0,0.0
2011-01-14 00:00:00+09:00,1359.4743054118378,1365.436912014521,1350.5303955078125,1350.5303955078125,798400,0.0,0.0
2011-01-17 00:00:00+09:00,1359.474278681507,1371.3994916523973,1351.2756947640198,1360.2196044921875,926200,0.0,0.0
2011-01-18 00:00:00+09:00,1366.9275656093157,1381.8340821372253,1364.6915881301293,1373.635498046875,1042800,0.0,0.0
2011-01-19 00:00:00+09:00,1373.6358804453976,1385.561096987517,1363.9466420049253,1371.39990234375,1031300,0.0,0.0
2011-01-20 00:00:00+09:00,1364.6916233815753,1379.5981402945363,1363.9462975359272,1374.380859375,956600,0.0,0.0
2011-01-21 00:00:00+09:00,1381.834129341816,1393.759342971519,1360.9650054898361,1366.9276123046875,1314300,0.0,0.0
2011-01-24 00:00:00+09:00,1382.579734287078,1392.2689723171222,1375.126474263967,1390.7783203125,1352100,0.0,0.0
2011-01-25 00:00:00+09:00,1399.721923828125,1402.7032271802616,1391.5233396097492,1399.721923828125,1261900,0.0,0.0
2011-01-26 00:00:00+09:00,1404.939133373659,1412.3923913756412,1398.231201171875,1398.231201171875,801200,0.0,0.0
2011-01-27 00:00:00+09:00,1398.2313626364285,1408.665925044163,1391.5234296600277,1404.1939697265625,683800,0.0,0.0
2011-01-28 00:00:00+09:00,1404.1938613809123,1410.1564680109798,1371.3995249155407,1378.852783203125,1500400,0.0,0.0
2011-01-31 00:00:00+09:00,1333.3879946365273,1353.5117933258432,1307.3015889281546,1337.1146240234375,3018400,0.0,0.0
2011-02-01 00:00:00+09:00,1335.6239762631872,1357.9837526515216,1329.661369226298,1342.3319091796875,1608000,0.0,0.0
2011-02-02 00:00:00+09:00,1345.3134604259928,1360.9653067799795,1339.3508522911409,1347.5494384765625,867800,0.0,0.0
2011-02-03 00:00:00+09:00,1328.1705369346964,1347.549007170556,1322.9532564865804,1333.3878173828125,1181500,0.0,0.0
2011-02-04 00:00:00+09:00,1347.5492297626452,1363.9463995938277,1346.0585779598102,1348.2945556640625,958400,0.0,0.0
2011-02-07 00:00:00+09:00,1363.2010061312405,1371.3995906405044,1345.3131853837556,1352.0211181640625,1252900,0.0,0.0
2011-02-08 00:00:00+09:00,1361.7105873509456,1366.927869294819,1352.7666754471627,1359.474609375,657400,0.0,0.0
2011-02-09 00:00:00+09:00,1377.3621542008198,1389.287367657104,1357.9836823343578,1363.9462890625,1154000,0.0,0.0
2011-02-10 00:00:00+09:00,1369.1636763151112,1395.2500827772935,1365.4370468205138,1389.2874755859375,1226500,0.0,0.0
2011-02-14 00:00:00+09:00,1407.1754410414483,1434.007176146052,1403.4488111658088,1420.59130859375,1523400,0.0,0.0
2011-02-15 00:00:00+09:00,1416.119051846591,1436.988174715909,1402.7031871448864,1434.752197265625,1044000,0.0,0.0
2011-02-16 00:00:00+09:00,1438.4791259765625,1450.4043415287,1431.7711922284852,1438.4791259765625,1014400,0.0,0.0
2011-02-17 00:00:00+09:00,1436.2429478505583,1450.4041393446737,1429.5350150375561,1449.6588134765625,1106600,0.0,0.0
2011-02-18 00:00:00+09:00,1440.7149106100883,1442.2055623541235,1429.5350225298237,1436.98828125,893700,0.0,0.0
2011-02-21 00:00:00+09:00,1432.5162989337807,1448.168141950227,1422.0817369228168,1446.677490234375,765900,0.0,0.0
2011-02-22 00:00:00+09:00,1437.733504964698,1444.4414373362285,1424.3176402216372,1439.969482421875,859300,0.0,0.0
2011-02-23 00:00:00+09:00,1424.3178974822001,1442.9510463241966,1422.8272455748404,1437.7337646484375,1576400,0.0,0.0
2011-02-24 00:00:00+09:00,1427.298741411205,1431.0253699788582,1408.6655985729385,1410.15625,904400,0.0,0.0
2011-02-25 00:00:00+09:00,1417.6097034801137,1440.714803799716,1417.6097034801137,1434.752197265625,871800,0.0,0.0
2011-02-28 00:00:00+09:00,1447.4225366849535,1484.6888223874496,1444.4412338287539,1481.70751953125,1935100,0.0,0.0
2011-03-01 00:00:00+09:00,1483.1985485600492,1524.9367991727943,1483.1985485600492,1520.46484375,1639000,0.0,0.0
2011-03-02 00:00:00+09:00,1498.8502694063409,1505.558201989462,1474.2545166015625,1474.2545166015625,999000,0.0,0.0
2011-03-03 00:00:00+09:00,1489.1611720015733,1502.5770384160019,1480.217261058621,1495.123779296875,988000,0.0,0.0
2011-03-04 00:00:00+09:00,1532.389991363349,1562.2030262147762,1532.389991363349,1547.2965087890625,2070600,0.0,0.0
2011-03-07 00:00:00+09:00,1546.5511580835753,1546.5511580835753,1505.558235821119,1515.9927978515625,1659200,0.0,0.0
2011-03-08 00:00:00+09:00,1513.7568235482743,1513.7568235482743,1492.887699442242,1498.10498046875,1267200,0.0,0.0
2011-03-09 00:00:00+09:00,1501.086248357003,1510.7754843195853,1489.9063607078692,1497.359619140625,1415200,0.0,0.0
2011-03-10 00:00:00+09:00,1515.992543679417,1524.1911267573291,1488.4154915082574,1505.5579833984375,1616500,0.0,0.0
2011-03-11 00:00:00+09:00,1500.3409580515392,1501.8316097733987,1483.1984632501556,1498.10498046875,1944100,0.0,0.0
2011-03-14 00:00:00+09:00,1535.3714237692368,1624.8105358334642,1472.0187193904092,1483.1986083984375,3613600,0.0,0.0
2011-03-15 00:00:00+09:00,1439.9694459829757,1469.0371521907066,1274.5071183389691,1398.231201171875,2355800,0.0,0.0
2011-03-16 00:00:00+09:00,1439.9695935277882,1500.3409895297298,1431.025683008982,1493.633056640625,3310900,0.0,0.0
2011-03-17 00:00:00+09:00,1456.3667190442654,1477.2358429609694,1419.1004263358657,1459.3480224609375,1927700,0.0,0.0
2011-03-18 00:00:00+09:00,1462.3294009374192,1478.7265705707644,1412.392566144959,1442.950927734375,2616100,0.0,0.0
2011-03-22 00:00:00+09:00,1500.340809626992,1573.3827367722704,1490.6515743934347,1566.6748046875,2149800,0.0,0.0
2011-03-23 00:00:00+09:00,1575.6189357192363,1623.319792808182,1568.1656767990885,1604.6866455078125,2612800,0.0,0.0
2011-03-24 00:00:00+09:00,1602.4505600832497,1604.6865376089472,1562.2029646206938,1579.345458984375,1843700,0.0,0.0
2011-03-25 00:00:00+09:00,1601.7055266816737,1601.7055266816737,1530.8995587734564,1539.09814453125,1893400,0.0,0.0
2011-03-28 00:00:00+09:00,1565.1843296999189,1570.4016107989185,1533.8806431059204,1547.2965087890625,1714200,0.0,0.0
2011-03-29 00:00:00+09:00,1557.8326208815772,1563.1006538990512,1531.4924557942077,1551.81201171875,1415300,20.0,0.0
2011-03-30 00:00:00+09:00,1561.5952795718385,1582.6674086455791,1536.7602703063587,1579.6571044921875,829900,0.0,0.0
2011-03-31 00:00:00+09:00,1611.2651435569483,1625.5640869140625,1596.2136242336699,1625.5640869140625,1767100,0.0,0.0
2011-04-01 00:00:00+09:00,1655.6674733723044,1663.1932346149056,1595.4613834314932,1605.244873046875,1659700,0.0,0.0
2011-04-04 00:00:00+09:00,1623.30657385726,1636.852943041048,1606.7499004104081,1634.59521484375,1482800,0.0,0.0
2011-04-05 00:00:00+09:00,1636.8530103659598,1637.6055864626796,1606.7499664971606,1623.306640625,1237700,0.0,0.0
2011-04-06 00:00:00+09:00,1612.0180938456863,1612.770669986604,1555.5748832768597,1566.863525390625,1306900,0.0,0.0
2011-04-07 00:00:00+09:00,1578.904767792052,1603.7397808221463,1570.626430115354,1587.18310546875,1251700,0.0,0.0
2011-04-08 00:00:00+09:00,1563.1006118312027,1563.1006118312027,1528.4821100766358,1539.770751953125,2515700,0.0,0.0
2011-04-11 00:00:00+09:00,1535.2551179375923,1545.0386064342533,1513.430412829656,1528.48193359375,1466400,0.0,0.0
2011-04-12 00:00:00+09:00,1505.1521431845968,1540.5232185494347,1497.6263824686737,1539.01806640625,2415600,0.0,0.0
2011-04-13 00:00:00+09:00,1508.1623660700357,1526.2241908133894,1494.6159975125204,1507.4097900390625,1836200,0.0,0.0
2011-04-14 00:00:00+09:00,1508.9151771835802,1530.739885481996,1498.379111108483,1522.4615478515625,1528800,0.0,0.0
2011-04-15 00:00:00+09:00,1505.1521747773538,1510.4202073890744,1475.0491312818067,1478.81201171875,1596700,0.0,0.0
2011-04-18 00:00:00+09:00,1469.0282156266185,1484.0797342293502,1453.22412109375,1453.22412109375,1407100,0.0,0.0
2011-04-19 00:00:00+09:00,1437.4205144974542,1456.987495323074,1436.6679383118535,1445.6988525390625,877800,0.0,0.0
2011-04-20 00:00:00+09:00,1458.4925161704857,1460.7502445236908,1438.925537109375,1438.925537109375,785700,0.0,0.0
2011-04-21 00:00:00+09:00,1438.925579663639,1441.1833080836132,1417.100871603887,1429.14208984375,1245500,0.0,0.0
2011-04-22 00:00:00+09:00,1417.8534603138996,1432.1524071005047,1397.533904353987,1428.3895263671875,1284600,0.0,0.0
2011-04-25 00:00:00+09:00,1429.1420436079263,1454.7296315398219,1419.3585541045545,1424.6265869140625,887200,0.0,0.0
2011-04-26 00:00:00+09:00,1441.9357229848515,1441.9357229848515,1423.1213215889113,1431.399658203125,865500,0.0,0.0
2011-04-27 00:00:00+09:00,1426.1315792421751,1442.688251929947,1415.595514804502,1426.8841552734375,1028400,0.0,0.0
2011-04-28 00:00:00+09:00,1429.8945862569926,1463.0079345703125,1417.8533686885128,1463.0079345703125,1208700,0.0,0.0
2011-05-02 00:00:00+09:00,1484.0801155159065,1542.0284770243877,1466.770864675711,1503.6470947265625,2417600,0.0,0.0
2011-05-06 00:00:00+09:00,1496.8739295003454,1540.523345242437,1490.1007442989865,1531.492431640625,1845600,0.0,0.0
2011-05-09 00:00:00+09:00,1539.0180286765099,1543.5334849953651,1520.9562034010887,1541.2757568359375,1789700,0.0,0.0
2011-05-10 00:00:00+09:00,1555.5748618393923,1582.6676025390625,1555.5748618393923,1582.6676025390625,2611600,0.0,0.0
2011-05-11 00:00:00+09:00,1579.657260415413,1589.4407498796343,1554.0696725859113,1563.1005859375,2041100,0.0,0.0
2011-05-12 00:00:00+09:00,1563.8530738523048,1574.3891388349477,1556.3273131504168,1568.3685302734375,1122400,0.0,0.0
2011-05-13 00:00:00+09:00,1567.6161142080693,1580.409908707127,1556.3274720030183,1566.1109619140625,1826400,0.0,0.0
2011-05-16 00:00:00+09:00,1538.2658380293196,1555.575091588358,1520.9565844702813,1547.2967529296875,863400,0.0,0.0
2011-05-17 00:00:00+09:00,1539.018370903535,1561.5956575182568,1517.193660509304,1557.0802001953125,1460800,0.0,0.0
2011-05-18 00:00:00+09:00,1543.533737279051,1554.8223799212672,1522.4616043469136,1548.0491943359375,1340100,0.0,0.0
2011-05-19 00:00:00+09:00,1559.3375676825497,1560.8427197749072,1513.4304288656406,1520.20361328125,1621900,0.0,0.0
2011-05-20 00:00:00+09:00,1523.2139227447583,1545.7912042083665,1514.1830101593152,1534.5025634765625,1634700,0.0,0.0
2011-05-23 00:00:00+09:00,1535.255146905182,1535.255146905182,1510.4201371758334,1519.4510498046875,1088600,0.0,0.0
2011-05-24 00:00:00+09:00,1510.4203169147959,1529.9872966057696,1498.3790986434271,1523.214111328125,1148300,0.0,0.0
2011-05-25 00:00:00+09:00,1523.9665646660599,1524.7191407473763,1494.6160974947134,1501.3892822265625,1524400,0.0,0.0
2011-05-26 00:00:00+09:00,1527.729695840057,1530.7400006594464,1498.3792238510118,1515.6884765625,1403900,0.0,0.0
2011-05-27 00:00:00+09:00,1508.1625907020918,1511.1728952743515,1475.0492404072354,1479.564697265625,1440000,0.0,0.0
2011-05-30 00:00:00+09:00,1479.5645248800365,1492.3583178215222,1462.2552756062619,1482.5748291015625,1106300,0.0,0.0
2011-05-31 00:00:00+09:00,1481.8222368482025,1490.8531494140625,1469.7810200937224,1490.8531494140625,2336900,0.0,0.0
2011-06-01 00:00:00+09:00,1479.564697265625,1486.3378825532093,1467.5234789765864,1479.564697265625,1548000,0.0,0.0
2011-06-02 00:00:00+09:00,1449.4615984072173,1459.2450879084083,1446.4512939453125,1446.4512939453125,1189000,0.0,0.0
2011-06-03 00:00:00+09:00,1444.9459260471203,1457.7397181006627,1429.8944059841297,1437.420166015625,1070800,0.0,0.0
2011-06-06 00:00:00+09:00,1442.688514637723,1458.4926141720955,1431.399872113171,1440.4307861328125,1415700,0.0,0.0
2011-06-07 00:00:00+09:00,1426.8841019715314,1438.1727420187744,1417.1006139305873,1437.420166015625,985900,0.0,0.0
2011-06-08 00:00:00+09:00,1444.193397028212,1452.471733332178,1432.9047566137133,1441.9356689453125,765200,0.0,0.0
2011-06-09 00:00:00+09:00,1417.1009571668114,1426.884447577416,1402.0494334581888,1409.5751953125,1654300,0.0,0.0
2011-06-10 00:00:00+09:00,1410.3272930759647,1456.2344248142965,1408.0695652855547,1453.22412109375,2120300,0.0,0.0
2011-06-13 00:00:00+09:00,1433.6574667471427,1465.2656628644024,1423.1214013747226,1463.0079345703125,1381000,0.0,0.0
2011-06-14 00:00:00+09:00,1463.7604487990948,1488.595458984375,1458.4924163355504,1488.595458984375,1550900,0.0,0.0
2011-06-15 00:00:00+09:00,1499.8842612737342,1502.8945658623418,1475.8018245648734,1486.337890625,977400,0.0,0.0
2011-06-16 00:00:00+09:00,1471.2863596919108,1492.3584916977286,1468.2760551196511,1479.564697265625,776900,0.0,0.0
2011-06-17 00:00:00+09:00,1480.317132883236,1481.0697089548594,1441.1831771588188,1444.1934814453125,786100,0.0,0.0
2011-06-20 00:00:00+09:00,1449.461429221645,1463.0077977190435,1440.430516890046,1441.9356689453125,670900,0.0,0.0
2011-06-21 00:00:00+09:00,1458.4925278585656,1484.8326921903765,1447.956462125841,1481.8223876953125,776500,0.0,0.0
2011-06-22 00:00:00+09:00,1493.863496355373,1514.1830502100806,1484.0800074623655,1502.8944091796875,1222300,0.0,0.0
2011-06-23 00:00:00+09:00,1503.6469586522446,1505.904686818389,1482.5748291015625,1482.5748291015625,895200,0.0,0.0
2011-06-24 00:00:00+09:00,1501.3893285290949,1510.4202417834053,1489.3481108566812,1505.90478515625,848100,0.0,0.0
2011-06-27 00:00:00+09:00,1531.4923086575236,1531.4923086575236,1506.657298246861,1509.6676025390625,1134200,0.0,0.0
2011-06-28 00:00:00+09:00,1520.203625857092,1530.739690590755,1512.677865333047,1519.4510498046875,1577400,0.0,0.0
2011-06-29 00:00:00+09:00,1544.2863918138587,1557.832763671875,1537.5132058848505,1557.832763671875,1501900,0.0,0.0
2011-06-30 00:00:00+09:00,1568.3687333304372,1569.1213094980621,1545.038872134063,1556.3275146484375,1286000,0.0,0.0
2011-07-01 00:00:00+09:00,1557.0799263104593,1566.8634154559577,1529.234611050195,1544.2861328125,1050300,0.0,0.0
2011-07-04 00:00:00+09:00,1556.3273375186466,1568.3685548302028,1543.533544125118,1545.0386962890625,1164600,0.0,0.0
2011-07-05 00:00:00+09:00,1537.5127097061393,1538.265285677606,1493.1107273896137,1499.8839111328125,1843400,0.0,0.0
2011-07-06 00:00:00+09:00,1512.6779155115928,1525.4717088268649,1500.6366982736895,1516.4407958984375,1350500,0.0,0.0
2011-07-07 00:00:00+09:00,1531.492431640625,1545.0388020433431,1529.234703240172,1531.492431640625,1757800,0.0,0.0
2011-07-08 00:00:00+09:00,1550.3069819854768,1554.0698630097133,1515.6884765625,1515.6884765625,1127800,0.0,0.0
2011-07-11 00:00:00+09:00,1516.4409386657926,1524.719276296226,1510.4203294800227,1522.4615478515625,786800,0.0,0.0
2011-07-12 00:00:00+09:00,1512.6777123023462,1518.6983201125047,1502.1416486345686,1506.6571044921875,1341100,0.0,0.0
2011-07-13 00:00:00+09:00,1501.3895391007004,1510.420453621607,1498.3792342603983,1500.636962890625,894100,0.0,0.0
2011-07-14 00:00:00+09:00,1490.8531910345807,1496.1212235117346,1478.811973943943,1481.0697021484375,1036100,0.0,0.0
2011-07-15 00:00:00+09:00,1484.080099086569,1496.121316929056,1475.0491857047032,1490.1007080078125,1189600,0.0,0.0
2011-07-19 00:00:00+09:00,1498.3790789423242,1502.1419596026517,1488.5955892254733,1495.3687744140625,1043500,0.0,0.0
2011-07-20 00:00:00+09:00,1500.6364425018573,1503.6467462982503,1483.3271956725982,1487.8426513671875,776800,0.0,0.0
2011-07-21 00:00:00+09:00,1493.110837595908,1493.8634136229218,1468.2758287044437,1471.2861328125,846700,0.0,0.0
2011-07-22 00:00:00+09:00,1471.286267502159,1480.3171806530675,1467.5233870226139,1470.53369140625,996300,0.0,0.0
2011-07-25 00:00:00+09:00,1466.7708702285056,1467.5234463548413,1447.9564670701102,1452.471923828125,900400,0.0,0.0
2011-07-26 00:00:00+09:00,1448.7091623383126,1449.4617385265403,1430.647333820848,1438.173095703125,1845600,0.0,0.0
2011-07-27 00:00:00+09:00,1438.1727605162814,1450.966552734375,1426.1315443110168,1450.966552734375,2045000,0.0,0.0
2011-07-28 00:00:00+09:00,1429.8946111412865,1452.4718944750964,1428.3894589190327,1439.6781005859375,1828400,0.0,0.0
2011-07-29 00:00:00+09:00,1440.4306222532598,1450.966687410807,1435.162589674486,1450.214111328125,1082200,0.0,0.0
2011-08-01 00:00:00+09:00,1463.0078754552928,1482.5748532134396,1447.956354102872,1459.2449951171875,1409900,0.0,0.0
2011-08-02 00:00:00+09:00,1456.2348773236472,1502.1420233271317,1447.2039633557486,1491.60595703125,1922700,0.0,0.0
2011-08-03 00:00:00+09:00,1463.76013979164,1482.5745374753374,1456.2343807181612,1478.05908203125,1418300,0.0,0.0
2011-08-04 00:00:00+09:00,1486.337663922991,1493.8634242466517,1433.657341657366,1448.7088623046875,1678400,0.0,0.0
2011-08-05 00:00:00+09:00,1414.0904432676648,1458.492431640625,1396.0286174888336,1458.492431640625,2210000,0.0,0.0
2011-08-08 00:00:00+09:00,1429.1418556960398,1435.162463829567,1403.5542711285489,1406.5645751953125,1351300,0.0,0.0
2011-08-09 00:00:00+09:00,1364.4203494185037,1393.0182387058194,1326.0389716907907,1390.0079345703125,1414200,0.0,0.0
2011-08-10 00:00:00+09:00,1390.0079345703125,1390.0079345703125,1390.0079345703125,1390.0079345703125,1107600,0.0,0.0
2011-08-11 00:00:00+09:00,1371.1939659404245,1420.8639998328877,1371.1939659404245,1407.317626953125,2246900,0.0,0.0
2011-08-12 00:00:00+09:00,1407.317626953125,1407.317626953125,1407.317626953125,1407.317626953125,1210900,0.0,0.0
2011-08-15 00:00:00+09:00,1447.9564292355537,1481.8223540357615,1444.9461248088685,1476.5543212890625,1245700,0.0,0.0
2011-08-16 00:00:00+09:00,1472.7915131072132,1480.3172745436323,1451.7193810852398,1457.739990234375,806200,0.0,0.0
2011-08-17 00:00:00+09:00,1457.7398721549446,1460.7501764856725,1438.9254700878957,1450.214111328125,635700,0.0,0.0
2011-08-18 00:00:00+09:00,1450.214111328125,1450.214111328125,1450.214111328125,1450.214111328125,653300,0.0,0.0
2011-08-19 00:00:00+09:00,1399.0390442440923,1434.4101228236902,1397.5338919641094,1429.14208984375,1059400,0.0,0.0
2011-08-22 00:00:00+09:00,1429.894539041722,1459.2450058957365,1410.3275611390459,1414.843017578125,1134100,0.0,0.0
2011-08-23 00:00:00+09:00,1429.1418833672244,1447.9562841487834,1418.6058189295513,1426.8841552734375,877700,0.0,0.0
2011-08-24 00:00:00+09:00,1439.6779478048975,1446.451132086259,1422.3686990858632,1426.8841552734375,595900,0.0,0.0
2011-08-25 00:00:00+09:00,1438.1727888071462,1459.2449175808772,1438.1727888071462,1441.9356689453125,1208600,0.0,0.0
2011-08-26 00:00:00+09:00,1441.1831771588188,1456.9872746629103,1432.9048403709614,1444.1934814453125,669200,0.0,0.0
2011-08-29 00:00:00+09:00,1447.9561767578125,1462.2551202912837,1433.6572332243416,1447.9561767578125,674400,0.0,0.0
2011-08-30 00:00:00+09:00,1441.1832707645374,1466.0182827411586,1434.4100856800042,1447.77685546875,990700,0.0,0.0
2011-08-31 00:00:00+09:00,1444.9462335186142,1456.9874521312693,1437.4204718857047,1455.4822998046875,725600,0.0,0.0
2011-09-01 00:00:00+09:00,1467.5232976119712,1467.5232976119712,1447.2037442604208,1453.9769287109375,768500,0.0,0.0
2011-09-02 00:00:00+09:00,1459.9979205637321,1459.9979205637321,1418.6062269395024,1426.9786376953125,1333400,0.0,0.0
2011-09-05 00:00:00+09:00,1414.8431873064753,1414.8431873064753,1387.7504454218833,1397.533935546875,1308800,0.0,0.0
2011-09-06 00:00:00+09:00,1393.771034121062,1400.5442194920608,1377.214358769732,1391.5133056640625,687600,0.0,0.0
2011-09-07 00:00:00+09:00,1403.5544686514527,1410.3276537548645,1386.2452178316225,1402.04931640625,794700,0.0,0.0
2011-09-08 00:00:00+09:00,1421.6161251395088,1448.7088623046875,1421.6161251395088,1448.7088623046875,1136600,0.0,0.0
2011-09-09 00:00:00+09:00,1451.7193432994725,1467.523441904599,1444.193582058936,1459.9976806640625,1394300,0.0,0.0
2011-09-12 00:00:00+09:00,1418.6057659368864,1439.6778940250736,1409.574853899092,1437.420166015625,949100,0.0,0.0
2011-09-13 00:00:00+09:00,1439.6781253146144,1463.7605612843308,1430.6472118259705,1459.9976806640625,1288700,0.0,0.0
2011-09-14 00:00:00+09:00,1455.4821328646228,1501.3892735599393,1448.708948171871,1494.6160888671875,1704600,0.0,0.0
2011-09-15 00:00:00+09:00,1505.9047411918225,1517.9459585126967,1493.8635238709483,1506.719970703125,1678500,0.0,0.0
2011-09-16 00:00:00+09:00,1508.9151105790545,1523.214056764093,1502.1419255440362,1511.9254150390625,1928500,0.0,0.0
2011-09-20 00:00:00+09:00,1504.3996621350232,1518.6986083984375,1484.080106918592,1518.6986083984375,1433100,0.0,0.0
2011-09-21 00:00:00+09:00,1517.94589040325,1545.0386281595795,1506.6572496714457,1534.5025634765625,1760700,0.0,0.0
2011-09-22 00:00:00+09:00,1514.1831642948996,1524.7192300504307,1508.162555291739,1517.946044921875,827600,0.0,0.0
2011-09-26 00:00:00+09:00,1505.1521841935285,1540.5232605220765,1497.626423272561,1529.234619140625,1355600,0.0,0.0
2011-09-27 00:00:00+09:00,1541.2759912959382,1562.3481239894372,1529.9873487815637,1556.3275146484375,1654500,0.0,0.0
2011-09-28 00:00:00+09:00,1573.8058133673958,1638.3994850893796,1563.1668556720101,1624.7208251953125,1657500,20.0,0.0
2011-09-29 00:00:00+09:00,1612.5619567092658,1623.9608395323755,1595.8435952353714,1608.7623291015625,1626500,0.0,0.0
2011-09-30 00:00:00+09:00,1611.0420521322435,1668.7963898501919,1596.6034677027565,1658.9173583984375,2088000,0.0,0.0
2011-10-03 00:00:00+09:00,1632.3200315591653,1717.431690560388,1622.440999710809,1709.072509765625,3368400,0.0,0.0
2011-10-04 00:00:00+09:00,1671.8358059686614,1671.8358059686614,1600.4028215318185,1608.0020751953125,2697000,0.0,0.0
2011-10-05 00:00:00+09:00,1611.041856086117,1622.4407371433301,1580.6448399335488,1586.7242431640625,1819500,0.0,0.0
2011-10-06 00:00:00+09:00,1586.72449241029,1607.242481536285,1565.4465777611097,1598.88330078125,1253500,0.0,0.0
2011-10-07 00:00:00+09:00,1575.3253132356676,1576.0852386159067,1537.3290442237121,1543.408447265625,1870600,0.0,0.0
2011-10-11 00:00:00+09:00,1555.5674205791217,1568.4861534320014,1538.8490604165713,1554.8074951171875,2040300,0.0,0.0
2011-10-12 00:00:00+09:00,1304.0319889322916,1390.6634847005207,1303.272063530816,1367.86572265625,9997800,0.0,0.0
2011-10-13 00:00:00+09:00,1365.5859542602261,1376.2249099417193,1322.2702061284326,1328.349609375,4548100,0.0,0.0
2011-10-14 00:00:00+09:00,1307.071700894196,1310.8713279316792,1233.3589363670235,1266.795654296875,6056500,0.0,0.0
2011-10-17 00:00:00+09:00,1272.8753665817464,1295.6731343414194,1244.7581196781496,1250.8375244140625,3818900,0.0,0.0
2011-10-18 00:00:00+09:00,1238.6784794299037,1282.754155385078,1215.8807160048134,1262.99609375,3007200,0.0,0.0
2011-10-19 00:00:00+09:00,1251.5971790796093,1266.7956876294527,1238.6784468122423,1243.9979248046875,1288900,0.0,0.0
2011-10-20 00:00:00+09:00,1261.4761604383152,1263.7559366318785,1240.1982492983918,1252.3570556640625,1421600,0.0,0.0
2011-10-21 00:00:00+09:00,1253.8770751953125,1258.4366281960229,1238.6785651929451,1253.8770751953125,928100,0.0,0.0
2011-10-24 00:00:00+09:00,1257.676639149138,1286.5538066945562,1256.9167136874164,1279.7144775390625,1504400,0.0,0.0
2011-10-25 00:00:00+09:00,1280.474300668861,1285.0338530748036,1256.9166132381579,1274.3948974609375,1697600,0.0,0.0
2011-10-26 00:00:00+09:00,1284.27396791496,1284.27396791496,1253.8769509228898,1263.7559814453125,1200700,0.0,0.0
2011-10-27 00:00:00+09:00,1261.476275088452,1282.7541881622333,1255.396871353086,1281.9942626953125,1356200,0.0,0.0
2011-10-28 00:00:00+09:00,1285.7939310113754,1291.113409449366,1263.7560917682727,1271.3553466796875,2001700,0.0,0.0
2011-10-31 00:00:00+09:00,1281.9941260208177,1281.9941260208177,1255.3967375141617,1257.676513671875,1314900,0.0,0.0
2011-11-01 00:00:00+09:00,1266.0357038205086,1313.9110035448136,1257.6765245035665,1301.752197265625,2119900,0.0,0.0
2011-11-02 00:00:00+09:00,1293.3931129706298,1311.6313237293225,1269.075498625706,1294.9129638671875,2229100,0.0,0.0
2011-11-04 00:00:00+09:00,1294.1530550949865,1299.4725333014837,1261.4762603979316,1267.5556640625,1448800,0.0,0.0
2011-11-07 00:00:00+09:00,1250.0773302054047,1321.5103205028563,1231.0791944879973,1317.710693359375,2753200,0.0,0.0
2011-11-08 00:00:00+09:00,1238.6785215750424,1259.1965093557333,1172.5650053928161,1178.6444091796875,3088800,0.0,0.0
2011-11-09 00:00:00+09:00,1179.4039963942307,1209.801006610577,1175.6043701171875,1185.4833984375,1545500,0.0,0.0
2011-11-10 00:00:00+09:00,1149.7672981464932,1175.6047655205716,1135.3287134374493,1172.5650634765625,1358400,0.0,0.0
2011-11-11 00:00:00+09:00,1165.7257080078125,1187.7635473378168,1158.1264530664316,1165.7257080078125,906300,0.0,0.0
2011-11-14 00:00:00+09:00,1177.1244761380733,1192.322984545279,1165.7255948326692,1168.00537109375,522300,0.0,0.0
2011-11-15 00:00:00+09:00,1170.2851739367723,1189.2833098773044,1166.485546748666,1174.8447265625,807600,0.0,0.0
2011-11-16 00:00:00+09:00,1140.6481439499628,1164.9657592773438,1139.888218470982,1149.00732421875,1191400,0.0,0.0
2011-11-17 00:00:00+09:00,1164.20585943748,1190.0433262918366,1145.2077220445708,1187.7635498046875,1633400,0.0,0.0
2011-11-18 00:00:00+09:00,1174.0848212586043,1180.1642248638268,1163.445864949465,1169.5252685546875,1050400,0.0,0.0
2011-11-21 00:00:00+09:00,1161.1662935349107,1161.1662935349107,1137.6086004069118,1148.24755859375,1217500,0.0,0.0
2011-11-22 00:00:00+09:00,1139.8880539557363,1144.447606171559,1110.2509645528871,1127.729248046875,1253500,0.0,0.0
2011-11-24 00:00:00+09:00,1101.8920055992278,1126.2096222745213,1071.4949847551113,1101.132080078125,1512500,0.0,0.0
2011-11-25 00:00:00+09:00,1083.653534844941,1108.7310710650554,1079.0939828049204,1096.572265625,1083200,0.0,0.0
2011-11-28 00:00:00+09:00,1127.7294019869419,1134.568731244275,1109.4911906340533,1114.8106689453125,1113000,0.0,0.0
2011-11-29 00:00:00+09:00,1115.5703804584205,1117.090231112996,1078.3340394213205,1092.0126953125,1978700,0.0,0.0
2011-11-30 00:00:00+09:00,1082.1337762396338,1100.3719859515377,1076.0543730023323,1099.612060546875,2040000,0.0,0.0
2011-12-01 00:00:00+09:00,1123.1698970674381,1129.249301111105,1080.6140687617708,1084.4136962890625,2544800,0.0,0.0
2011-12-02 00:00:00+09:00,1095.8124209449404,1118.6101828231292,1088.9730923814839,1117.09033203125,1530400,0.0,0.0
2011-12-05 00:00:00+09:00,1139.8880103326612,1183.9636800655242,1136.0883836315525,1177.88427734375,2541300,0.0,0.0
2011-12-06 00:00:00+09:00,1168.7653626717176,1168.7653626717176,1127.7293876494336,1132.2889404296875,1712600,0.0,0.0
2011-12-07 00:00:00+09:00,1111.0110162760418,1139.88818359375,1098.852208984375,1139.88818359375,1471800,0.0,0.0
2011-12-08 00:00:00+09:00,1117.0907389322917,1132.2892523871528,1102.6521511501737,1128.4896240234375,1919800,0.0,0.0
2011-12-09 00:00:00+09:00,1110.2511019917943,1138.3683441366925,1109.4911765284185,1132.2889404296875,1624300,0.0,0.0
2011-12-12 00:00:00+09:00,1174.8447692085942,1176.3646201390065,1119.3702102485506,1122.409912109375,1812100,0.0,0.0
2011-12-13 00:00:00+09:00,1104.9316435052156,1109.4911963669977,1091.252984919869,1095.0526123046875,1559200,0.0,0.0
2011-12-14 00:00:00+09:00,1094.2925377531424,1098.8520899937805,1079.0940302843487,1088.213134765625,1272900,0.0,0.0
2011-12-15 00:00:00+09:00,1077.5743958077126,1090.4931297489898,1075.2946192298402,1081.3740234375,980400,0.0,0.0
2011-12-16 00:00:00+09:00,1090.4931312750193,1105.6916418154378,1076.8144717886428,1103.411865234375,1832900,0.0,0.0
2011-12-19 00:00:00+09:00,1092.7729063268623,1092.7729063268623,1069.2152150221802,1081.3740234375,1109700,0.0,0.0
2011-12-20 00:00:00+09:00,1069.9751440602836,1078.3343248732547,1065.4155908895723,1071.4949951171875,1166400,0.0,0.0
2011-12-21 00:00:00+09:00,1077.5744335319423,1080.6141357421875,1070.7351035588904,1080.6141357421875,822500,0.0,0.0
2011-12-22 00:00:00+09:00,1084.4137759978644,1090.493180488392,1061.6160091583859,1073.014892578125,1381200,0.0,0.0
2011-12-26 00:00:00+09:00,1112.530880471472,1115.5705823306837,1083.6537128089612,1090.4930419921875,1249400,0.0,0.0
2011-12-27 00:00:00+09:00,1086.6935021192023,1095.0526829047346,1081.3740234375,1081.3740234375,754300,0.0,0.0
2011-12-28 00:00:00+09:00,1092.0128065002484,1118.6101956634416,1090.492955690923,1099.612060546875,1563600,0.0,0.0
2011-12-29 00:00:00+09:00,1094.29248046875,1098.0921071370442,1086.6932271321614,1094.29248046875,751600,0.0,0.0
2011-12-30 00:00:00+09:00,1103.4118498411017,1123.929838784428,1100.3721477754239,1120.89013671875,766100,0.0,0.0
2012-01-04 00:00:00+09:00,1135.3286450178782,1138.3683468787026,1114.0507319921082,1122.409912109375,1534300,0.0,0.0
2012-01-05 00:00:00+09:00,1112.5307345360825,1127.729241838488,1103.4116301546392,1105.69140625,1371600,0.0,0.0
2012-01-06 00:00:00+09:00,1106.451228526416,1106.451228526416,1087.453096168476,1100.371826171875,805900,0.0,0.0
2012-01-10 00:00:00+09:00,1108.7313284560382,1136.8485725635594,1108.7313284560382,1120.89013671875,1144500,0.0,0.0
2012-01-11 00:00:00+09:00,1121.64990234375,1133.0487834651294,1115.570499079014,1121.64990234375,1507800,0.0,0.0
2012-01-12 00:00:00+09:00,1122.4098387506128,1128.4892420749222,1107.971255855378,1114.0506591796875,1277400,0.0,0.0
2012-01-13 00:00:00+09:00,1116.3303417200593,1123.169669885805,1106.4513121473153,1111.0108642578125,814300,0.0,0.0
2012-01-16 00:00:00+09:00,1111.0110274551698,1133.048865893063,1094.292667260906,1132.2889404296875,1221800,0.0,0.0
2012-01-17 00:00:00+09:00,1134.5688338516022,1196.8827282761376,1130.769206142789,1196.122802734375,2781900,0.0,0.0
2012-01-18 00:00:00+09:00,1191.5632118055555,1215.880828373016,1186.2437331814235,1196.8826904296875,1495300,0.0,0.0
2012-01-19 00:00:00+09:00,1204.4817912710434,1208.2814183728449,1159.646191469787,1168.00537109375,1733900,0.0,0.0
2012-01-20 00:00:00+09:00,1185.4837386711392,1212.8410557173963,1176.3646329890537,1210.561279296875,2090300,0.0,0.0
2012-01-23 00:00:00+09:00,1200.6820703490982,1218.1603536516484,1187.0034138514502,1216.6405029296875,1282500,0.0,0.0
2012-01-24 00:00:00+09:00,1213.6011074404173,1214.3610329929786,1194.6029686263846,1200.682373046875,1053500,0.0,0.0
2012-01-25 00:00:00+09:00,1206.761399371069,1215.1205778301887,1198.4022209119496,1208.28125,702100,0.0,0.0
2012-01-26 00:00:00+09:00,1223.4799360795455,1235.6387428977273,1208.281427556818,1212.0810546875,1164500,0.0,0.0
2012-01-27 00:00:00+09:00,1218.1605927765181,1221.960220327287,1204.48193359375,1204.48193359375,685800,0.0,0.0
2012-01-30 00:00:00+09:00,1198.4022409621318,1200.6820169436703,1183.9636597457204,1193.082763671875,824100,0.0,0.0
2012-01-31 00:00:00+09:00,1178.6443206477286,1208.2814118825845,1177.8843952314503,1197.6424560546875,863500,0.0,0.0
2012-02-01 00:00:00+09:00,1190.0430361868891,1197.642289291531,1161.9257996997148,1166.4853515625,1919800,0.0,0.0
2012-02-02 00:00:00+09:00,1167.2457819597662,1183.9641460242942,1164.966005041876,1171.04541015625,634500,0.0,0.0
2012-02-03 00:00:00+09:00,1180.1641618128035,1184.7237142731235,1149.0072200006175,1153.5667724609375,1307000,0.0,0.0
2012-02-06 00:00:00+09:00,1172.5647999621976,1183.2037547253024,1136.0883836315525,1177.88427734375,2780500,0.0,0.0
2012-02-07 00:00:00+09:00,1236.3985908517393,1282.754038941448,1229.559262445061,1275.15478515625,4138100,0.0,0.0
2012-02-08 00:00:00+09:00,1273.634977869353,1274.3949032738096,1236.3986330509767,1244.7578125,1949500,0.0,0.0
2012-02-09 00:00:00+09:00,1240.1984161931819,1265.2759576970882,1236.39878869259,1253.8770751953125,901800,0.0,0.0
2012-02-10 00:00:00+09:00,1252.3572414232337,1263.756124081819,1240.9583587646484,1258.4366455078125,2021800,0.0,0.0
2012-02-13 00:00:00+09:00,1275.9147162591078,1305.5518061543462,1268.315462439816,1297.192626953125,1844000,0.0,0.0
2012-02-14 00:00:00+09:00,1292.6334144403572,1296.433042348765,1275.155126061681,1290.3536376953125,997900,0.0,0.0
2012-02-15 00:00:00+09:00,1304.7920796055946,1319.9905895602317,1291.1134206464212,1295.6729736328125,1577800,0.0,0.0
2012-02-16 00:00:00+09:00,1295.6730215890066,1319.9906384164835,1288.8336918562788,1319.230712890625,1111300,0.0,0.0
2012-02-17 00:00:00+09:00,1335.9489126254857,1336.7088380592886,1309.3515224423845,1319.990478515625,1618600,0.0,0.0
2012-02-20 00:00:00+09:00,1324.5501935974626,1329.109746759588,1280.4745130302492,1287.3138427734375,2206700,0.0,0.0
2012-02-21 00:00:00+09:00,1281.9943811035157,1306.3119982910157,1278.1947534179687,1291.8734130859375,1043100,0.0,0.0
2012-02-22 00:00:00+09:00,1300.2324482762538,1315.4309573151345,1300.2324482762538,1307.07177734375,1088700,0.0,0.0
2012-02-23 00:00:00+09:00,1304.0321485068828,1304.7920740013506,1281.2343836728464,1283.51416015625,1602000,0.0,0.0
2012-02-24 00:00:00+09:00,1291.8733579922566,1300.2325385439713,1278.9546244123342,1288.07373046875,1050100,0.0,0.0
2012-02-27 00:00:00+09:00,1300.2323610946119,1300.2323610946119,1272.8750466589568,1274.3948974609375,1246400,0.0,0.0
2012-02-28 00:00:00+09:00,1274.394996656554,1289.593505859375,1268.3155929754255,1289.593505859375,881100,0.0,0.0
2012-02-29 00:00:00+09:00,1291.8734130859375,1309.3517004394532,1282.7543066406251,1291.8734130859375,1819200,0.0,0.0
2012-03-01 00:00:00+09:00,1288.0736631018406,1288.0736631018406,1256.1567935736534,1259.9564208984375,1591300,0.0,0.0
2012-03-02 00:00:00+09:00,1281.2342841603786,1281.2342841603786,1260.7162974033618,1268.3155517578125,1195900,0.0,0.0
2012-03-05 00:00:00+09:00,1266.03598532622,1273.635240940423,1254.6371019049157,1259.1966552734375,968000,0.0,0.0
2012-03-06 00:00:00+09:00,1259.9564208984375,1269.0755264779195,1249.3174643890418,1259.9564208984375,1071900,0.0,0.0
2012-03-07 00:00:00+09:00,1250.8373558619887,1262.996163695398,1247.0377284140482,1249.3175048828125,1206100,0.0,0.0
2012-03-08 00:00:00+09:00,1257.6767199972403,1261.476347550102,1243.2381352963655,1258.4366455078125,797500,0.0,0.0
2012-03-09 00:00:00+09:00,1279.7142618815105,1280.4741872151692,1269.0753072102864,1276.674560546875,1321100,0.0,0.0
2012-03-12 00:00:00+09:00,1288.8336613274403,1315.4310541024759,1280.4744807410004,1300.2325439453125,1395400,0.0,0.0
2012-03-13 00:00:00+09:00,1291.873096110997,1291.873096110997,1270.5951862926984,1273.6348876953125,1207600,0.0,0.0
2012-03-14 00:00:00+09:00,1291.873067220052,1308.5914245605468,1276.674560546875,1276.674560546875,1563800,0.0,0.0
2012-03-15 00:00:00+09:00,1293.3928697654865,1294.1527950708714,1283.5138407954798,1285.03369140625,995700,0.0,0.0
2012-03-16 00:00:00+09:00,1291.8732769878118,1313.9111152423097,1288.0736497025537,1309.3515625,1145500,0.0,0.0
2012-03-19 00:00:00+09:00,1322.2703363145167,1335.9489949660463,1318.4707089113142,1330.6295166015625,1566000,0.0,0.0
2012-03-21 00:00:00+09:00,1336.7086820109507,1357.9865916734332,1332.9090552855073,1352.6671142578125,2006000,0.0,0.0
2012-03-22 00:00:00+09:00,1342.7883798516693,1348.1078584362542,1326.0700185858307,1334.42919921875,1229500,0.0,0.0
2012-03-23 00:00:00+09:00,1337.4686871046579,1341.2683140566596,1318.4705523446485,1321.51025390625,834500,0.0,0.0
2012-03-26 00:00:00+09:00,1322.270391025413,1338.9887522912513,1322.270391025413,1334.42919921875,1060500,0.0,0.0
2012-03-27 00:00:00+09:00,1348.1076462760122,1366.3458556957555,1345.0679447060552,1353.4271240234375,1053800,0.0,0.0
2012-03-28 00:00:00+09:00,1372.6411297958357,1372.6411297958357,1347.278779693225,1363.41845703125,868600,20.0,0.0
2012-03-29 00:00:00+09:00,1357.2701650390625,1364.9557265624999,1334.21348046875,1344.9732666015625,1063500,0.0,0.0
2012-03-30 00:00:00+09:00,1352.658605471004,1359.5756097035262,1328.0648126442584,1331.9075927734375,1390300,0.0,0.0
2012-04-02 00:00:00+09:00,1329.6018284465304,1346.510059790937,1316.536376953125,1316.536376953125,1396500,0.0,0.0
2012-04-03 00:00:00+09:00,1324.2224262108464,1331.9079887541477,1317.305419921875,1317.305419921875,971200,0.0,0.0
2012-04-04 00:00:00+09:00,1312.6939047052874,1313.4624608555835,1281.9516586934542,1282.72021484375,1170200,0.0,0.0
2012-04-05 00:00:00+09:00,1282.7199733393165,1285.0256413561037,1265.8117412162098,1281.182861328125,1228300,0.0,0.0
2012-04-06 00:00:00+09:00,1260.4319872043152,1282.7201138073183,1249.672201947693,1271.1917724609375,1359300,0.0,0.0
2012-04-09 00:00:00+09:00,1255.0521368769002,1268.1175908431633,1248.1351318359375,1248.1351318359375,753300,0.0,0.0
2012-04-10 00:00:00+09:00,1254.2835496089003,1275.0345642164004,1241.986652063715,1265.0433349609375,1376300,0.0,0.0
2012-04-11 00:00:00+09:00,1248.135176970535,1248.135176970535,1222.004268093073,1224.3099365234375,1125500,0.0,0.0
2012-04-12 00:00:00+09:00,1215.087193506236,1218.929974004358,1188.1877300193805,1195.873291015625,1721800,0.0,0.0
2012-04-13 00:00:00+09:00,1196.6418471152494,1206.633076410367,1188.1877300193805,1195.873291015625,1448800,0.0,0.0
2012-04-16 00:00:00+09:00,1190.4932982605774,1195.8731905057832,1176.6592896300476,1183.5762939453125,845400,0.0,0.0
2012-04-17 00:00:00+09:00,1176.6593913074626,1204.327410959369,1176.6593913074626,1194.336181640625,914300,0.0,0.0
2012-04-18 00:00:00+09:00,1212.0129338939457,1223.541275053368,1202.7902609664077,1215.087158203125,920000,0.0,0.0
2012-04-19 00:00:00+09:00,1214.31875081224,1214.31875081224,1192.0306218416358,1201.2532958984375,900600,0.0,0.0
2012-04-20 00:00:00+09:00,1202.0217526614013,1214.3186503868376,1187.4191866124456,1188.956298828125,777100,0.0,0.0
2012-04-23 00:00:00+09:00,1188.1872714767258,1188.1872714767258,1176.65893443135,1177.427490234375,807900,0.0,0.0
2012-04-24 00:00:00+09:00,1178.1965203786174,1187.4191937279609,1174.353739816391,1185.113525390625,791200,0.0,0.0
2012-04-25 00:00:00+09:00,1199.7160352858823,1221.2356054255392,1199.7160352858823,1215.855712890625,1859600,0.0,0.0
2012-04-26 00:00:00+09:00,1231.2267889536572,1241.986573626161,1222.0041163772253,1241.218017578125,1720100,0.0,0.0
2012-04-27 00:00:00+09:00,1238.143851908922,1239.6809640776482,1202.0217159438573,1208.938720703125,1554200,0.0,0.0
2012-05-01 00:00:00+09:00,1209.707442525755,1215.8558920430396,1180.5023073186528,1186.6507568359375,1383400,0.0,0.0
2012-05-02 00:00:00+09:00,1194.3361858906553,1198.178966411539,1179.7336199112972,1192.030517578125,854700,0.0,0.0
2012-05-07 00:00:00+09:00,1173.5851669016952,1213.5500841766711,1163.5939375829512,1194.336181640625,2469200,0.0,0.0
2012-05-08 00:00:00+09:00,1191.2617586096937,1202.0215422358458,1152.833959944865,1167.4365234375,2102200,0.0,0.0
2012-05-09 00:00:00+09:00,1152.0651171033137,1154.370784449084,1104.4146586240572,1114.4058837890625,1887700,0.0,0.0
2012-05-10 00:00:00+09:00,1137.4627550459004,1168.9735475843343,1135.9256432147572,1145.9168701171875,1456600,0.0,0.0
2012-05-11 00:00:00+09:00,1164.362363108642,1164.362363108642,1129.0087864069935,1130.5458984375,847800,0.0,0.0
2012-05-14 00:00:00+09:00,1131.3144584468664,1142.074242698399,1123.6288982672002,1128.240234375,535300,0.0,0.0
2012-05-15 00:00:00+09:00,1113.6375544813814,1133.620008875112,1096.7293238405323,1125.1658935546875,1067700,0.0,0.0
2012-05-16 00:00:00+09:00,1110.5636204005955,1121.3234063421928,1095.1924976268847,1099.0352783203125,662800,0.0,0.0
2012-05-17 00:00:00+09:00,1099.0347681505928,1123.6285531721444,1083.6636525121228,1114.4058837890625,885800,0.0,0.0
2012-05-18 00:00:00+09:00,1095.1926223370208,1106.720965730042,1085.9699476226037,1097.498291015625,913400,0.0,0.0
2012-05-21 00:00:00+09:00,1084.432710254384,1109.0265066598695,1082.1270418413696,1099.8038330078125,619400,0.0,0.0
2012-05-22 00:00:00+09:00,1110.5635773123126,1124.3975872719125,1108.2579089857127,1122.0919189453125,844000,0.0,0.0
2012-05-23 00:00:00+09:00,1125.934507599845,1138.2314032459865,1082.1268168604652,1090.5809326171875,1783400,0.0,0.0
2012-05-24 00:00:00+09:00,1090.5811607947717,1102.87805901374,1078.284262575803,1099.0352783203125,1195700,0.0,0.0
2012-05-25 00:00:00+09:00,1099.8037260673416,1106.720730633803,1082.1269366197184,1091.349609375,1090500,0.0,0.0
2012-05-28 00:00:00+09:00,1094.4238715900933,1094.4238715900933,1055.9960671101041,1070.5986328125,1767700,0.0,0.0
2012-05-29 00:00:00+09:00,1070.5988321425039,1096.7297440540942,1057.533376186709,1092.886962890625,1017500,0.0,0.0
2012-05-30 00:00:00+09:00,1129.7773955787359,1142.8428484527758,1096.7294853679293,1100.572265625,1511800,0.0,0.0
2012-05-31 00:00:00+09:00,1090.581152190737,1109.026499373667,1079.821366334028,1103.6466064453125,1336000,0.0,0.0
2012-06-01 00:00:00+09:00,1102.1094855574397,1108.2579345703125,1085.9698068986488,1108.2579345703125,1258200,0.0,0.0
2012-06-04 00:00:00+09:00,1085.2013102387805,1094.4239842634727,1062.1446251770499,1076.7471923828125,1098400,0.0,0.0
2012-06-05 00:00:00+09:00,1099.8034013317479,1147.45386316443,1097.4977338237147,1143.611083984375,1687400,0.0,0.0
2012-06-06 00:00:00+09:00,1160.519748086474,1178.9650950759278,1145.917181719823,1175.122314453125,1838300,0.0,0.0
2012-06-07 00:00:00+09:00,1175.1223630802476,1213.5501708984375,1175.1223630802476,1213.5501708984375,1919900,0.0,0.0
2012-06-08 00:00:00+09:00,1201.2529862625493,1202.7900982091426,1156.676739811348,1167.4365234375,1551300,0.0,0.0
2012-06-11 00:00:00+09:00,1198.1786260155482,1198.9471819013825,1152.8338287513293,1174.3533935546875,1160000,0.0,0.0
2012-06-12 00:00:00+09:00,1174.3536404150966,1179.733532746841,1146.6856227089818,1172.8165283203125,795500,0.0,0.0
2012-06-13 00:00:00+09:00,1175.8908464004892,1195.1047491194515,1172.0480658566967,1188.187744140625,747900,0.0,0.0
2012-06-14 00:00:00+09:00,1185.1135211240899,1192.7990822208737,1181.2707405756978,1187.419189453125,417500,0.0,0.0
2012-06-15 00:00:00+09:00,1192.030050491851,1202.0212759311767,1174.3532670222748,1177.427490234375,898900,0.0,0.0
2012-06-18 00:00:00+09:00,1192.0306441432747,1216.6244420882035,1183.5765260997052,1189.7249755859375,916400,0.0,0.0
2012-06-19 00:00:00+09:00,1189.7244861225993,1208.9383828623054,1182.0389274267168,1190.4930419921875,613500,0.0,0.0
2012-06-20 00:00:00+09:00,1195.1045892078055,1215.0870453617624,1194.3360332018842,1209.7071533203125,806900,0.0,0.0
2012-06-21 00:00:00+09:00,1210.4759462729824,1216.6243955238926,1202.7903847093444,1213.5501708984375,803600,0.0,0.0
2012-06-22 00:00:00+09:00,1199.7161835556371,1211.2445261266396,1182.807947784834,1201.2532958984375,1121200,0.0,0.0
2012-06-25 00:00:00+09:00,1201.2532709435573,1226.6156240728837,1197.4104901663866,1214.3187255859375,874100,0.0,0.0
2012-06-26 00:00:00+09:00,1198.947265625,1215.0869403545673,1192.7988181089743,1198.947265625,1041900,0.0,0.0
2012-06-27 00:00:00+09:00,1202.7900614123564,1263.5059814453125,1198.178725713651,1263.5059814453125,1445800,0.0,0.0
2012-06-28 00:00:00+09:00,1263.5060615630593,1301.1653054904255,1262.7375055645416,1288.099853515625,1489500,0.0,0.0
2012-06-29 00:00:00+09:00,1288.868528891235,1304.2396502852866,1272.7288514274808,1289.6370849609375,910400,0.0,0.0
2012-07-02 00:00:00+09:00,1295.0171132484834,1295.7856693987792,1278.108877941975,1282.72021484375,736600,0.0,0.0
2012-07-03 00:00:00+09:00,1272.7288473425417,1299.628309695796,1270.4231791408342,1291.9427490234375,743500,0.0,0.0
2012-07-04 00:00:00+09:00,1293.4798653094504,1301.1654260064763,1285.025748542722,1289.6370849609375,638000,0.0,0.0
2012-07-05 00:00:00+09:00,1289.6371101103632,1292.7113344491245,1268.8860958237246,1275.8031005859375,691000,0.0,0.0
2012-07-06 00:00:00+09:00,1275.8031346104256,1285.7943639778566,1250.4407831392543,1257.3577880859375,1072500,0.0,0.0
2012-07-09 00:00:00+09:00,1269.654489070811,1308.0822883768283,1267.34882111245,1300.396728515625,1993700,0.0,0.0
2012-07-10 00:00:00+09:00,1301.1654837458336,1328.0649473790907,1292.711366603953,1316.155517578125,1961900,0.0,0.0
2012-07-11 00:00:00+09:00,1323.4535086674775,1341.898853736014,1309.6194998660753,1326.7998046875,1825200,0.0,0.0
2012-07-12 00:00:00+09:00,1321.9163790980342,1343.4359480600951,1316.5364868575189,1326.8118896484375,1131200,0.0,0.0
2012-07-13 00:00:00+09:00,1326.5277996406464,1338.0561408889719,1316.5365705587642,1332.416748046875,1245600,0.0,0.0
2012-07-17 00:00:00+09:00,1333.4445637369047,1358.038353961447,1321.1476686246335,1343.435791015625,1023600,0.0,0.0
2012-07-18 00:00:00+09:00,1342.6675683044944,1366.492808497648,1336.5191192223904,1352.2347412109375,1205200,0.0,0.0
2012-07-19 00:00:00+09:00,1344.2045888609625,1363.418490931588,1331.907691535762,1342.513427734375,998000,0.0,0.0
2012-07-20 00:00:00+09:00,1318.842279478561,1348.0474115416062,1314.99949894395,1321.91650390625,1126900,0.0,0.0
2012-07-23 00:00:00+09:00,1314.2308873798258,1326.5277845716837,1308.0824387838968,1315.7025146484375,1032300,0.0,0.0
2012-07-24 00:00:00+09:00,1308.0824348472481,1313.4623273524953,1270.4231873105177,1287.3314208984375,1291300,0.0,0.0
2012-07-25 00:00:00+09:00,1257.357640790219,1280.4143212448073,1255.0519727447602,1271.960205078125,1142700,0.0,0.0
2012-07-26 00:00:00+09:00,1274.2658102676837,1281.9513700401064,1225.0782277241785,1236.6065673828125,1866000,0.0,0.0
2012-07-27 00:00:00+09:00,1251.2092642911953,1263.506161237546,1245.0608158180198,1257.881591796875,1050700,0.0,0.0
2012-07-30 00:00:00+09:00,1273.4973118042212,1280.414315911788,1262.7375276368953,1275.034423828125,593400,0.0,0.0
2012-07-31 00:00:00+09:00,1269.6546731814708,1276.571678059578,1256.5892195228237,1267.2059326171875,768000,0.0,0.0
2012-08-01 00:00:00+09:00,1253.5150160713429,1271.1918066106691,1246.5980110776936,1252.7464599609375,979200,0.0,0.0
2012-08-02 00:00:00+09:00,1248.9037877397611,1270.4233606977386,1236.6068889066312,1259.66357421875,731100,0.0,0.0
2012-08-03 00:00:00+09:00,1245.060645984357,1263.505988887829,1238.9121983498665,1258.99072265625,789800,0.0,0.0
2012-08-06 00:00:00+09:00,1261.200344643996,1331.9074937648052,1259.6632327065872,1318.073486328125,1549900,0.0,0.0
2012-08-07 00:00:00+09:00,1301.9339928925278,1312.6937779577552,1285.7943152946866,1297.6287841796875,1480400,0.0,0.0
2012-08-08 00:00:00+09:00,1301.9338249958737,1318.8420564893265,1289.6369293642715,1309.619384765625,1093300,0.0,0.0
2012-08-09 00:00:00+09:00,1310.3882504912401,1328.0650421400956,1299.6284642701978,1314.8612060546875,750100,0.0,0.0
2012-08-10 00:00:00+09:00,1317.305161619961,1329.6020592780235,1309.6196005836719,1324.99072265625,656600,0.0,0.0
2012-08-13 00:00:00+09:00,1305.0082988979577,1311.1567478915877,1296.5541815317165,1303.33740234375,431300,0.0,0.0
2012-08-14 00:00:00+09:00,1313.4621409384451,1320.3791446063478,1266.5802271893256,1272.1507568359375,2153100,0.0,0.0
2012-08-15 00:00:00+09:00,1281.9516660250151,1293.480008345384,1272.72899216872,1278.87744140625,717500,0.0,0.0
2012-08-16 00:00:00+09:00,1282.7201011414566,1295.016998456174,1265.0433112515504,1278.1087646484375,935200,0.0,0.0
2012-08-17 00:00:00+09:00,1278.1087646484375,1284.2572133057963,1260.4319747585314,1278.1087646484375,805900,0.0,0.0
2012-08-20 00:00:00+09:00,1289.636956362801,1302.7024082449032,1287.3312883836063,1293.479736328125,765500,0.0,0.0
2012-08-21 00:00:00+09:00,1307.3137027662628,1326.5276019838739,1300.3966990479228,1318.073486328125,1058700,0.0,0.0
2012-08-22 00:00:00+09:00,1312.693703267644,1313.4622593000022,1269.6545654555903,1296.1541748046875,1389100,0.0,0.0
2012-08-23 00:00:00+09:00,1292.7111469266567,1323.453385854758,1291.9425909534543,1313.462158203125,1485300,0.0,0.0
2012-08-24 00:00:00+09:00,1299.628378201807,1321.14794921875,1291.9428171243273,1321.14794921875,919200,0.0,0.0
2012-08-27 00:00:00+09:00,1328.8333848047782,1334.2132770509513,1317.3050442772642,1322.6849365234375,718700,0.0,0.0
2012-08-28 00:00:00+09:00,1337.287260469023,1353.42693430227,1316.5362512548486,1318.8419189453125,1045800,0.0,0.0
2012-08-29 00:00:00+09:00,1309.6194839255882,1328.8333848047782,1307.3138158200854,1322.6849365234375,491300,0.0,0.0
2012-08-30 00:00:00+09:00,1315.7679675977138,1324.9906402677914,1301.165402536758,1302.7025146484375,1132500,0.0,0.0
2012-08-31 00:00:00+09:00,1292.7113050906735,1318.8422113766917,1285.7943004855508,1291.9427490234375,1176700,0.0,0.0
2012-09-03 00:00:00+09:00,1313.4622350310842,1365.7240442657908,1313.4622350310842,1339.5931396484375,2080900,0.0,0.0
2012-09-04 00:00:00+09:00,1327.2961413065593,1332.6760330200195,1311.1564661661785,1328.064697265625,988400,0.0,0.0
2012-09-05 00:00:00+09:00,1352.6583784054487,1366.4923845482317,1313.4620276675635,1318.8419189453125,1371400,0.0,0.0
2012-09-06 00:00:00+09:00,1313.462014503678,1328.8331322860497,1310.3877909472035,1327.2960205078125,833200,0.0,0.0
2012-09-07 00:00:00+09:00,1343.4360548677191,1344.2046109631813,1321.9164841947809,1332.67626953125,862300,0.0,0.0
2012-09-10 00:00:00+09:00,1323.4533615112305,1333.4445889790854,1316.5363578796387,1328.064697265625,911300,0.0,0.0
2012-09-11 00:00:00+09:00,1318.8421563475995,1324.9906046289402,1312.6937080662588,1322.6849365234375,705900,0.0,0.0
2012-09-12 00:00:00+09:00,1323.4535673744658,1351.121586204594,1321.9164552172365,1348.81591796875,742000,0.0,0.0
2012-09-13 00:00:00+09:00,1352.6588729536627,1391.0866818443917,1351.1217605980335,1384.938232421875,1485900,0.0,0.0
2012-09-14 00:00:00+09:00,1391.0865793932205,1405.6891456962433,1373.4097886053507,1374.1783447265625,1648000,0.0,0.0
2012-09-18 00:00:00+09:00,1374.1780851236979,1385.7064247639973,1365.7239693874783,1383.4007568359375,1390100,0.0,0.0
2012-09-19 00:00:00+09:00,1389.5490565794892,1404.9201744620057,1386.4748330029859,1399.540283203125,1574900,0.0,0.0
2012-09-20 00:00:00+09:00,1394.92894783837,1403.383062673754,1391.0861683677408,1399.540283203125,1439700,0.0,0.0
2012-09-21 00:00:00+09:00,1402.6147222493048,1424.134290590664,1401.077610224922,1416.44873046875,2050300,0.0,0.0
2012-09-24 00:00:00+09:00,1410.300449011143,1417.217453938173,1378.0210926850023,1391.8551025390625,1892200,0.0,0.0
2012-09-25 00:00:00+09:00,1414.9118492835028,1423.365966796875,1407.994844045289,1423.365966796875,1264500,0.0,0.0
2012-09-26 00:00:00+09:00,1454.4433881915984,1473.8670445509947,1417.1499679815574,1421.8116455078125,1759200,20.0,0.0
2012-09-27 00:00:00+09:00,1413.2653772458834,1446.6740695062315,1394.6186652866195,1443.5662841796875,1497500,0.0,0.0
2012-09-28 00:00:00+09:00,1437.3508375518177,1464.5439615055006,1435.0199983557877,1446.6741943359375,1540000,0.0,0.0
2012-10-01 00:00:00+09:00,1464.5440148687983,1464.5440148687983,1424.9197470925071,1435.7969970703125,1253200,0.0,0.0
2012-10-02 00:00:00+09:00,1413.2656581945587,1441.2357316937364,1400.8345144171465,1417.150390625,1354400,0.0,0.0
2012-10-03 00:00:00+09:00,1435.0200046658583,1439.6816830784164,1411.711612603067,1416.373291015625,1158100,0.0,0.0
2012-10-04 00:00:00+09:00,1403.1650960286458,1419.4809692382812,1394.6186862521702,1398.50341796875,1138800,0.0,0.0
2012-10-05 00:00:00+09:00,1388.4031155056423,1404.7189887152779,1358.1022081163194,1398.50341796875,1684100,0.0,0.0
2012-10-09 00:00:00+09:00,1397.7264091992404,1418.7039595318583,1390.7338924217013,1396.949462890625,1060300,0.0,0.0
2012-10-10 00:00:00+09:00,1396.9494513823129,1397.7263976845277,1375.1949549202968,1384.518310546875,1185700,0.0,0.0
2012-10-11 00:00:00+09:00,1361.2099719845871,1375.1950059433327,1341.0093673775098,1373.64111328125,1556500,0.0,0.0
2012-10-12 00:00:00+09:00,1357.3257111648034,1375.1954829775054,1348.7792985587284,1351.8870849609375,1626600,0.0,0.0
2012-10-15 00:00:00+09:00,1329.3550436915464,1351.1095388542367,1285.8460533661655,1300.6080322265625,2174400,0.0,0.0
2012-10-16 00:00:00+09:00,1363.540906906128,1388.403191248576,1330.1322123209636,1342.5633544921875,2378600,0.0,0.0
2012-10-17 00:00:00+09:00,1361.9870135068222,1380.6337267550616,1353.4406032680458,1379.079833984375,1372900,0.0,0.0
2012-10-18 00:00:00+09:00,1382.964683752918,1384.5185766560112,1361.9871295611604,1372.8643798828125,1058500,0.0,0.0
2012-10-19 00:00:00+09:00,1354.9945330490789,1374.4181932131999,1343.3403369506063,1349.555908203125,1033500,0.0,0.0
2012-10-22 00:00:00+09:00,1324.6935568645501,1349.55584062975,1320.0318786585754,1341.786376953125,1088600,0.0,0.0
2012-10-23 00:00:00+09:00,1350.3327068363856,1372.0872038395032,1349.5557605148456,1354.994384765625,884100,0.0,0.0
2012-10-24 00:00:00+09:00,1375.1949859293939,1410.1575703174294,1369.756361691255,1385.2952880859375,1700600,0.0,0.0
2012-10-25 00:00:00+09:00,1389.1801733179477,1389.1801733179477,1373.6412452047716,1386.0723876953125,1248000,0.0,0.0
2012-10-26 00:00:00+09:00,1385.2954412896538,1413.2655118933708,1384.518494883995,1386.0723876953125,1176900,0.0,0.0
2012-10-29 00:00:00+09:00,1386.849307981967,1393.8418255012039,1375.1951121165725,1391.510986328125,829500,0.0,0.0
2012-10-30 00:00:00+09:00,1397.7264618147794,1398.5034081526421,1350.3327352051622,1352.66357421875,1615000,0.0,0.0
2012-10-31 00:00:00+09:00,1375.1950344701665,1381.4106052474328,1356.5483221383677,1371.310302734375,827600,0.0,0.0
2012-11-01 00:00:00+09:00,1386.8493580051686,1386.8493580051686,1365.8718046908048,1377.5260009765625,618500,0.0,0.0
2012-11-02 00:00:00+09:00,1381.4107931385868,1388.4033112140914,1358.1023995535713,1375.97216796875,1039300,0.0,0.0
2012-11-05 00:00:00+09:00,1357.3251581576121,1375.1949226897386,1342.5631787615075,1350.3326416015625,1256400,0.0,0.0
2012-11-06 00:00:00+09:00,1343.3403510199653,1343.3403510199653,1306.8238695289656,1328.578369140625,1366100,0.0,0.0
2012-11-07 00:00:00+09:00,1309.1548118545843,1328.5784737515364,1285.0694711023634,1303.7161865234375,1462200,0.0,0.0
2012-11-08 00:00:00+09:00,1283.5154304644468,1298.277411807561,1259.4300924835766,1269.5303955078125,1733100,0.0,0.0
2012-11-09 00:00:00+09:00,1258.6529940939795,1272.6380273616905,1250.8835311674736,1268.7532958984375,1614500,0.0,0.0
2012-11-12 00:00:00+09:00,1256.3223755475387,1287.4002327039404,1255.5454291186286,1280.40771484375,1308500,0.0,0.0
2012-11-13 00:00:00+09:00,1281.9618320978736,1302.1624427854765,1280.407938968058,1298.2777099609375,1770200,0.0,0.0
2012-11-14 00:00:00+09:00,1308.3776754395954,1341.7863690523643,1306.82378271342,1332.4630126953125,2358400,0.0,0.0
2012-11-15 00:00:00+09:00,1341.0095686431623,1365.8718549679488,1327.8014790331197,1363.541015625,1412800,0.0,0.0
2012-11-16 00:00:00+09:00,1372.087288100218,1384.5184300082608,1354.9944679766593,1381.41064453125,1625200,0.0,0.0
2012-11-19 00:00:00+09:00,1383.7413986626023,1389.9569692349216,1348.7788141933056,1354.994384765625,1494500,0.0,0.0
2012-11-20 00:00:00+09:00,1344.117208141627,1351.8866717725036,1328.5782808798742,1332.4630126953125,1619500,0.0,0.0
2012-11-21 00:00:00+09:00,1352.6634745162346,1361.986829883377,1334.7937100625452,1344.1170654296875,847600,0.0,0.0
2012-11-22 00:00:00+09:00,1368.9797258169042,1375.1952977842907,1342.563544955511,1353.4407958984375,1077900,0.0,0.0
2012-11-26 00:00:00+09:00,1368.2027896829584,1371.3105756901884,1320.0321065708952,1323.139892578125,1575600,0.0,0.0
2012-11-27 00:00:00+09:00,1316.9240437969302,1339.4554876141049,1315.3701511198838,1319.2548828125,1912900,0.0,0.0
2012-11-28 00:00:00+09:00,1318.4779245923912,1346.447992527174,1316.9240319293478,1340.232421875,969200,0.0,0.0
2012-11-29 00:00:00+09:00,1348.0021329474905,1349.5560258961332,1337.124882306992,1343.3404541015625,1097800,0.0,0.0
2012-11-30 00:00:00+09:00,1344.8941444842676,1368.9794815605312,1343.34025176967,1356.54833984375,1886800,0.0,0.0
2012-12-03 00:00:00+09:00,1361.9869643448417,1365.0947497740372,1348.0019299134628,1356.54833984375,963200,0.0,0.0
2012-12-04 00:00:00+09:00,1354.994384765625,1370.5333111964235,1347.2249215502259,1354.994384765625,940000,0.0,0.0
2012-12-05 00:00:00+09:00,1354.994611497241,1386.0724695591043,1354.994611497241,1372.8643798828125,1103600,0.0,0.0
2012-12-06 00:00:00+09:00,1394.6185363667976,1413.2652466023426,1390.7338050677258,1400.8341064453125,1434800,0.0,0.0
2012-12-07 00:00:00+09:00,1405.495843780365,1417.926984466095,1398.5033271446418,1399.2802734375,846300,0.0,0.0
2012-12-10 00:00:00+09:00,1397.7264205108272,1410.1575615492782,1387.6261184170858,1409.380615234375,624200,0.0,0.0
2012-12-11 00:00:00+09:00,1417.1502223457476,1425.6966326778766,1389.9570985617008,1397.7265625,641900,0.0,0.0
2012-12-12 00:00:00+09:00,1421.8119397700227,1424.9197254307223,1404.7191186361756,1407.826904296875,847000,0.0,0.0
2012-12-13 00:00:00+09:00,1420.2580956485685,1420.2580956485685,1390.734130859375,1390.734130859375,711900,0.0,0.0
2012-12-14 00:00:00+09:00,1382.9645297202496,1418.704062510773,1382.9645297202496,1408.603759765625,1239000,0.0,0.0
2012-12-17 00:00:00+09:00,1429.5813221876708,1431.9121612999334,1410.9346092895707,1421.034912109375,766800,0.0,0.0
2012-12-18 00:00:00+09:00,1421.034901605807,1431.1352043509548,1408.603759765625,1408.603759765625,894500,0.0,0.0
2012-12-19 00:00:00+09:00,1433.4663762938533,1445.1205744751041,1418.7043919309356,1444.3436279296875,1166500,0.0,0.0
2012-12-20 00:00:00+09:00,1457.5515252608286,1484.7446507321129,1456.774578818792,1473.0904541015625,1417700,0.0,0.0
2012-12-21 00:00:00+09:00,1480.859681844839,1490.1830376591822,1449.0048828125,1449.0048828125,1333100,0.0,0.0
2012-12-25 00:00:00+09:00,1468.4288263777955,1474.6443981296593,1451.3360040601704,1459.10546875,902400,0.0,0.0
2012-12-26 00:00:00+09:00,1457.551409553079,1480.0828545834838,1452.8897312709264,1479.305908203125,890700,0.0,0.0
2012-12-27 00:00:00+09:00,1491.7369384765625,1508.05281124115,1482.4135826110842,1491.7369384765625,1095000,0.0,0.0
2012-12-28 00:00:00+09:00,1497.1754685920791,1498.72936113862,1468.4284564810741,1489.406005859375,851900,0.0,0.0
2013-01-04 00:00:00+09:00,1526.6997737836234,1534.46923828125,1512.7147376878956,1534.46923828125,992500,0.0,0.0
2013-01-07 00:00:00+09:00,1538.353955614698,1569.4318133038837,1538.353955614698,1555.44677734375,1122700,0.0,0.0
2013-01-08 00:00:00+09:00,1553.8928198193262,1570.2086944274292,1544.5694629004104,1550.7850341796875,1197200,0.0,0.0
2013-01-09 00:00:00+09:00,1553.8926433589854,1568.6546234708958,1547.6770727855496,1558.5543212890625,1051100,0.0,0.0
2013-01-10 00:00:00+09:00,1553.892877473304,1556.2237167895141,1535.2461629436243,1546.1234130859375,1306700,0.0,0.0
2013-01-11 00:00:00+09:00,1550.008278069039,1551.5621710796347,1508.0531667829598,1515.8226318359375,1581300,0.0,0.0
2013-01-15 00:00:00+09:00,1533.6921412037036,1575.6472453703702,1525.9226774691358,1573.31640625,2074300,0.0,0.0
2013-01-16 00:00:00+09:00,1573.31645101115,1574.8703438022724,1540.6847023975856,1553.1158447265625,1272900,0.0,0.0
2013-01-17 00:00:00+09:00,1553.8927294431492,1630.0334731858636,1539.1307485134394,1624.5948486328125,3896200,0.0,0.0
2013-01-18 00:00:00+09:00,1624.5950041326857,1647.903397305321,1600.5096645209626,1628.479736328125,2167900,0.0,0.0
2013-01-21 00:00:00+09:00,1629.25637890113,1650.2339288440628,1614.4943993116585,1630.0333251953125,698300,0.0,0.0
2013-01-22 00:00:00+09:00,1619.1561849114985,1626.9256483707666,1599.7325262633278,1614.4945068359375,1065200,0.0,0.0
2013-01-23 00:00:00+09:00,1592.7400551881308,1616.0484462396644,1588.078376977824,1597.4017333984375,584200,0.0,0.0
2013-01-24 00:00:00+09:00,1592.7401038153853,1643.2416193022145,1592.7401038153853,1619.9332275390625,1147400,0.0,0.0
2013-01-25 00:00:00+09:00,1639.3570049544026,1654.1189874634706,1633.141433371637,1653.342041015625,653200,0.0,0.0
2013-01-28 00:00:00+09:00,1670.4347214471725,1670.4347214471725,1629.2565631975447,1631.58740234375,754200,0.0,0.0
2013-01-29 00:00:00+09:00,1631.5873453080485,1648.6801651160376,1628.479559888414,1636.2490234375,622100,0.0,0.0
2013-01-30 00:00:00+09:00,1637.802988630679,1653.3419164165489,1627.7026855698637,1650.234130859375,715100,0.0,0.0
2013-01-31 00:00:00+09:00,1646.3493989129074,1668.1038978131253,1644.018559745027,1650.234130859375,816400,0.0,0.0
2013-02-01 00:00:00+09:00,1654.8957386468824,1665.772987633294,1637.8029188110931,1639.3568115234375,772500,0.0,0.0
2013-02-04 00:00:00+09:00,1667.3271058603186,1681.312142162968,1595.0710849632962,1608.2791748046875,1576600,0.0,0.0
2013-02-05 00:00:00+09:00,1553.8926671762936,1584.9705205198195,1513.49145782971,1516.5992431640625,2489100,0.0,0.0
2013-02-06 00:00:00+09:00,1547.6775077528625,1586.5248347546915,1523.5921650117286,1526.699951171875,2833100,0.0,0.0
2013-02-07 00:00:00+09:00,1520.4841790566456,1529.8075363119751,1497.175785918322,1503.391357421875,2199600,0.0,0.0
2013-02-08 00:00:00+09:00,1499.506495689515,1515.8223694768103,1487.0753537563378,1494.06787109375,1649000,0.0,0.0
2013-02-12 00:00:00+09:00,1511.1607145082592,1533.6921596088964,1496.3987332354277,1522.0379638671875,1174600,0.0,0.0
2013-02-13 00:00:00+09:00,1532.9153808470694,1590.4094194596812,1529.8075949761173,1541.4617919921875,1588700,0.0,0.0
2013-02-14 00:00:00+09:00,1548.4541171768485,1577.9780792705365,1525.9226724211392,1567.100830078125,1839800,0.0,0.0
2013-02-15 00:00:00+09:00,1575.6470394736843,1581.8626096491228,1529.8072094298245,1550.0078125,1150100,0.0,0.0
2013-02-18 00:00:00+09:00,1561.6620555915456,1586.5243370736,1555.446485221032,1569.4315185546875,980800,0.0,0.0
2013-02-19 00:00:00+09:00,1563.2164075989763,1581.8631241906141,1560.8855680250215,1574.87060546875,591400,0.0,0.0
2013-02-20 00:00:00+09:00,1577.2009125515003,1584.9703751749068,1551.5616858942592,1561.6619873046875,1083200,0.0,0.0
2013-02-21 00:00:00+09:00,1550.008061638012,1580.3089711136422,1543.0155440667124,1556.2236328125,887500,0.0,0.0
2013-02-22 00:00:00+09:00,1556.2237859486106,1573.3166083604276,1536.023177643736,1557.000732421875,883200,0.0,0.0
2013-02-25 00:00:00+09:00,1567.1007050335104,1571.7623828868575,1526.699496971169,1530.584228515625,1574200,0.0,0.0
2013-02-26 00:00:00+09:00,1504.9451070395635,1522.8148734112258,1477.7519843000773,1478.5289306640625,2225200,0.0,0.0
2013-02-27 00:00:00+09:00,1469.2054554034712,1471.5362943068083,1443.5662274667634,1448.2279052734375,2524500,0.0,0.0
2013-02-28 00:00:00+09:00,1459.8822461579975,1479.3059056332238,1446.6741577148437,1476.1981201171875,1432300,0.0,0.0
2013-03-01 00:00:00+09:00,1494.844629772268,1524.3685881565436,1481.636543126671,1489.406005859375,3170700,0.0,0.0
2013-03-04 00:00:00+09:00,1494.84463575487,1509.6066150060876,1493.2907432021104,1495.62158203125,1088700,0.0,0.0
2013-03-05 00:00:00+09:00,1509.6068879605832,1511.9377272111656,1488.6293347053409,1490.1832275390625,1481400,0.0,0.0
2013-03-06 00:00:00+09:00,1505.7220485384753,1521.2609757679745,1501.0603703696254,1508.829833984375,1196400,0.0,0.0
2013-03-07 00:00:00+09:00,1504.168205277092,1514.2685083083948,1490.1831703106727,1494.8448486328125,1318900,0.0,0.0
2013-03-08 00:00:00+09:00,1489.406099510193,1498.7294553756715,1485.521367899577,1491.7369384765625,2097400,0.0,0.0
2013-03-11 00:00:00+09:00,1505.7221967357073,1517.3763933048692,1493.2910537286014,1503.391357421875,1484900,0.0,0.0
2013-03-12 00:00:00+09:00,1507.2759567666265,1522.814884155973,1489.4061902688777,1490.9600830078125,1832400,0.0,0.0
2013-03-13 00:00:00+09:00,1496.3988473626632,1497.9527402467365,1468.4287754493423,1473.0904541015625,1681400,0.0,0.0
2013-03-14 00:00:00+09:00,1499.5064238251234,1525.1456528335323,1487.075282487713,1516.5992431640625,2399200,0.0,0.0
2013-03-15 00:00:00+09:00,1536.7999654450887,1549.2311077338256,1518.1532520119836,1546.9002685546875,1866200,0.0,0.0
2013-03-18 00:00:00+09:00,1546.1233358907602,1546.1233358907602,1518.9302118926814,1525.9227294921875,1044800,0.0,0.0
2013-03-19 00:00:00+09:00,1533.6919105159047,1556.2233519571212,1515.8221466142504,1518.929931640625,1523600,0.0,0.0
2013-03-21 00:00:00+09:00,1519.707215540012,1537.5769834119037,1506.4991262433964,1521.2611083984375,1623500,0.0,0.0
2013-03-22 00:00:00+09:00,1529.030233681824,1529.030233681824,1487.8520820633603,1488.6290283203125,1112700,0.0,0.0
2013-03-25 00:00:00+09:00,1501.0603884311622,1507.275959397751,1494.06787109375,1494.06787109375,657200,0.0,0.0
2013-03-26 00:00:00+09:00,1489.4061902688777,1504.168171288757,1488.6292438994103,1490.9600830078125,775800,0.0,0.0
2013-03-27 00:00:00+09:00,1491.745157598758,1519.2246736597876,1487.034383416867,1489.3897705078125,2037300,20.0,0.0
2013-03-28 00:00:00+09:00,1483.8939197246843,1488.6046940730168,1450.9184992863582,1469.7615966796875,1598200,0.0,0.0
2013-03-29 00:00:00+09:00,1472.902098295378,1479.1831306974905,1445.4225815361358,1458.769775390625,1233400,0.0,0.0
2013-04-01 00:00:00+09:00,1460.3402109697831,1461.1253401154659,1423.4391411226973,1425.0093994140625,856900,0.0,0.0
2013-04-02 00:00:00+09:00,1406.95134762309,1410.8769931242705,1370.0502799119931,1387.3231201171875,1716400,0.0,0.0
2013-04-03 00:00:00+09:00,1394.3893229166665,1398.314968532986,1365.3395453559026,1377.901611328125,1368600,0.0,0.0
2013-04-04 00:00:00+09:00,1376.3314968652292,1428.1500244140625,1359.8437835542366,1428.1500244140625,2253100,0.0,0.0
2013-04-05 00:00:00+09:00,1483.8942435761949,1483.8942435761949,1400.670545259223,1404.59619140625,4226200,0.0,0.0
2013-04-08 00:00:00+09:00,1436.000980227882,1476.8276893431637,1433.645593163539,1464.265625,2406500,0.0,0.0
2013-04-09 00:00:00+09:00,1511.373549122964,1559.2664252250424,1498.0263541436964,1557.6961669921875,3314200,0.0,0.0
2013-04-10 00:00:00+09:00,1558.4811389457889,1611.084784441692,1537.282654939977,1609.5145263671875,2808000,0.0,0.0
2013-04-11 00:00:00+09:00,1623.6469999135288,1644.845485889189,1607.944417709336,1631.498291015625,1815200,0.0,0.0
2013-04-12 00:00:00+09:00,1606.374077796936,1625.2171754837036,1597.7376580238342,1607.9443359375,1636100,0.0,0.0
2013-04-15 00:00:00+09:00,1585.9607884634645,1599.30798321786,1577.3243683282676,1592.2418212890625,1670000,0.0,0.0
2013-04-16 00:00:00+09:00,1555.3406853862368,1579.679686520499,1547.4893946977652,1565.54736328125,1709500,0.0,0.0
2013-04-17 00:00:00+09:00,1560.8365722153903,1563.9770884572722,1516.8693448290412,1526.2908935546875,2003400,0.0,0.0
2013-04-18 00:00:00+09:00,1527.0759257072602,1531.7866997711387,1512.943603515625,1512.943603515625,1327600,0.0,0.0
2013-04-19 00:00:00+09:00,1513.7288972476201,1593.8120650480648,1504.3073480946268,1567.11767578125,2583200,0.0,0.0
2013-04-22 00:00:00+09:00,1601.6632166043134,1691.1679257674957,1599.3078295210719,1672.3248291015625,3985600,0.0,0.0
2013-04-23 00:00:00+09:00,1652.6965084669166,1691.1678286165027,1652.6965084669166,1666.043701171875,1383500,0.0,0.0
2013-04-24 00:00:00+09:00,1669.9697265625,1693.5236014082334,1651.9117558474377,1669.9697265625,819800,0.0,0.0
2013-04-25 00:00:00+09:00,1662.9036152128133,1719.432916579821,1662.9036152128133,1706.870849609375,1707400,0.0,0.0
2013-04-26 00:00:00+09:00,1719.4327248899444,1719.4327248899444,1685.672173670644,1694.30859375,952800,0.0,0.0
2013-04-30 00:00:00+09:00,1717.8624539155292,1727.284003022927,1706.870646623565,1718.6475830078125,1138000,0.0,0.0
2013-05-01 00:00:00+09:00,1698.2342130220852,1723.3583437741456,1684.1018894740512,1714.721923828125,824900,0.0,0.0
2013-05-02 00:00:00+09:00,1696.6637832689955,1750.0525557179967,1694.3083962491864,1734.3499755859375,1282100,0.0,0.0
2013-05-07 00:00:00+09:00,1761.8298189718028,1878.8140627448859,1761.0446898189632,1800.3011474609375,3176400,0.0,0.0
2013-05-08 00:00:00+09:00,1868.6073133680554,1879.5991210937498,1794.80517578125,1808.9375,2692900,0.0,0.0
2013-05-09 00:00:00+09:00,1835.63207791028,1871.7480212737844,1825.4253982640723,1856.83056640625,1731200,0.0,0.0
2013-05-10 00:00:00+09:00,1954.9713678497753,1995.7980791462367,1925.136463440823,1956.5416259765625,2705000,0.0,0.0
2013-05-13 00:00:00+09:00,1958.8973134338107,1958.8973134338107,1889.020816080861,1936.9136962890625,1415500,0.0,0.0
2013-05-14 00:00:00+09:00,1940.8389877655104,1976.9549236219884,1900.7974067072414,1926.7066650390625,1789200,0.0,0.0
2013-05-15 00:00:00+09:00,1951.0459380004545,1998.1536870065017,1928.2771926475318,1984.0213623046875,2132400,0.0,0.0
2013-05-16 00:00:00+09:00,2002.0791425391542,2013.8560786717374,1962.8226887638766,2006.7899169921875,1980600,0.0,0.0
2013-05-17 00:00:00+09:00,2005.2199146677574,2053.1127943837846,1999.7240104380494,2031.914306640625,1745100,0.0,0.0
2013-05-20 00:00:00+09:00,2070.385567335138,2070.385567335138,2025.633205811398,2026.4183349609375,847300,0.0,0.0
2013-05-21 00:00:00+09:00,2008.360325232646,2009.930583501006,1946.3351236324195,1951.0458984375,1683000,0.0,0.0
2013-05-22 00:00:00+09:00,1952.6161431589435,1964.3930800899382,1929.0622692969537,1947.1202392578125,924200,0.0,0.0
2013-05-23 00:00:00+09:00,1961.252492169192,1966.7483958702264,1835.6318361455449,1842.697998046875,2045600,0.0,0.0
2013-05-24 00:00:00+09:00,1835.6314441261388,1890.5904693993766,1779.1021609879515,1841.9124755859375,1787600,0.0,0.0
2013-05-27 00:00:00+09:00,1795.590208442515,1799.5158538479425,1752.408108982813,1767.3255615234375,1055200,0.0,0.0
2013-05-28 00:00:00+09:00,1756.3338217593237,1784.5984697626027,1721.0030117552246,1765.75537109375,1147400,0.0,0.0
2013-05-29 00:00:00+09:00,1829.3507097169004,1879.5989695546177,1803.4414507380773,1850.5491943359375,1550900,0.0,0.0
2013-05-30 00:00:00+09:00,1821.4995521769508,1861.541137160151,1782.2430963110683,1790.8795166015625,1278600,0.0,0.0
2013-05-31 00:00:00+09:00,1884.3097358722357,1943.1944151182431,1867.0368966267404,1917.28515625,2685900,0.0,0.0
2013-06-03 00:00:00+09:00,1915.7150607638887,1915.7150607638887,1846.6236979166665,1851.33447265625,1428900,0.0,0.0
2013-06-04 00:00:00+09:00,1871.7476828835229,1915.714910333807,1851.3343272816053,1900.0123291015625,1503000,0.0,0.0
2013-06-05 00:00:00+09:00,1902.3673296883383,1926.7063256521594,1828.5652128948163,1829.350341796875,1149400,0.0,0.0
2013-06-06 00:00:00+09:00,1783.028102275642,1834.0614913764418,1756.333714130608,1769.680908203125,986800,0.0,0.0
2013-06-07 00:00:00+09:00,1727.2838958133193,1770.4659932086524,1706.0854116374287,1736.7054443359375,1257300,0.0,0.0
2013-06-10 00:00:00+09:00,1736.7053486193195,1822.2844096498375,1736.7053486193195,1818.3587646484375,1076400,0.0,0.0
2013-06-11 00:00:00+09:00,1823.0700526318858,1869.3926767082344,1810.5079850857574,1840.3428955078125,934000,0.0,0.0
2013-06-12 00:00:00+09:00,1784.5986437323595,1833.2766533722215,1776.7473518549623,1816.7889404296875,967600,0.0,0.0
2013-06-13 00:00:00+09:00,1760.2593692174282,1764.9701436221135,1699.8044310239661,1717.0772705078125,1096400,0.0,0.0
2013-06-14 00:00:00+09:00,1782.2431098090276,1836.417019314236,1753.1933322482637,1801.871337890625,2261400,0.0,0.0
2013-06-17 00:00:00+09:00,1778.3171398575241,1860.7556827648266,1775.176623937246,1859.1854248046875,999700,0.0,0.0
2013-06-18 00:00:00+09:00,1874.8881416176123,1882.7394319928953,1837.201947816253,1863.1112060546875,861300,0.0,0.0
2013-06-19 00:00:00+09:00,1884.309828409797,1925.921670453847,1874.1031501725774,1895.3016357421875,1035400,0.0,0.0
2013-06-20 00:00:00+09:00,1845.0533292364796,1855.2600072280006,1782.2430031348122,1812.863037109375,1522300,0.0,0.0
2013-06-21 00:00:00+09:00,1745.342041015625,1826.2103407118054,1739.0610080295137,1816.003662109375,1350900,0.0,0.0
2013-06-24 00:00:00+09:00,1845.0534945305776,1850.549398556839,1808.9375537865749,1824.64013671875,912600,0.0,0.0
2013-06-25 00:00:00+09:00,1812.8630916200834,1834.8467064166891,1793.2348641231142,1821.49951171875,1099300,0.0,0.0
2013-06-26 00:00:00+09:00,1847.408613991833,1847.408613991833,1756.3336461962306,1764.1849365234375,999900,0.0,0.0
2013-06-27 00:00:00+09:00,1787.7389209675339,1834.846665920565,1770.4660811514225,1830.9210205078125,947400,0.0,0.0
2013-06-28 00:00:00+09:00,1874.8884803604674,1914.144939329489,1870.9628344635653,1897.6572265625,1394600,0.0,0.0
2013-07-01 00:00:00+09:00,1930.6319975567544,1940.8386734283436,1858.400137542431,1875.6729736328125,2247900,0.0,0.0
2013-07-02 00:00:00+09:00,1907.8637418810952,1915.7150329999474,1852.9047040491296,1871.747802734375,1702600,0.0,0.0
2013-07-03 00:00:00+09:00,1873.3183166732122,1896.0870640259043,1866.2521537016871,1889.8060302734375,756800,0.0,0.0
2013-07-04 00:00:00+09:00,1880.3843831313611,1922.7813587844273,1870.9628329862353,1918.855712890625,943200,0.0,0.0
2013-07-05 00:00:00+09:00,1918.8558971998923,1922.7815434707595,1867.037366424445,1870.9630126953125,1344300,0.0,0.0
2013-07-08 00:00:00+09:00,1896.0864681087128,1900.0121129702213,1834.061279296875,1834.061279296875,1277900,0.0,0.0
2013-07-09 00:00:00+09:00,1857.6153682079764,1862.3261425990363,1825.4250765357333,1833.2763671875,1079800,0.0,0.0
2013-07-10 00:00:00+09:00,1832.491235458174,1845.0533004827375,1782.2429753599208,1797.945556640625,1477400,0.0,0.0
2013-07-11 00:00:00+09:00,1782.2432561691403,1823.855103119345,1779.1027394181815,1816.7889404296875,1491000,0.0,0.0
2013-07-12 00:00:00+09:00,1845.0529980919723,1874.8878976355873,1819.9288721605071,1870.1771240234375,1400100,0.0,0.0
2013-07-16 00:00:00+09:00,1870.1773673924424,1879.5989158427822,1849.7640124167062,1863.1112060546875,1853000,0.0,0.0
2013-07-17 00:00:00+09:00,1851.334635624005,1879.5992865495623,1837.2023101612263,1848.979248046875,1238000,0.0,0.0
2013-07-18 00:00:00+09:00,1849.763932332716,1871.7475444317467,1842.6977713008848,1867.8218994140625,2323400,0.0,0.0
2013-07-19 00:00:00+09:00,1884.3097872811588,1927.4918865730187,1872.5328511106516,1883.524658203125,1844100,0.0,0.0
2013-07-22 00:00:00+09:00,1911.0038613726983,1914.1443771678878,1870.1771560352374,1892.1607666015625,651800,0.0,0.0
2013-07-23 00:00:00+09:00,1889.0202365123375,1962.822357140833,1882.739204969487,1947.9049072265625,1991300,0.0,0.0
2013-07-24 00:00:00+09:00,1945.5499810497079,1962.822821882272,1927.4920110883909,1940.0540771484375,1327100,0.0,0.0
2013-07-25 00:00:00+09:00,1945.549842966339,1955.7565209157183,1900.0123567306457,1907.8636474609375,841700,0.0,0.0
2013-07-26 00:00:00+09:00,1881.9547718820795,1881.9547718820795,1834.0618886593816,1841.1280517578125,946400,0.0,0.0
2013-07-29 00:00:00+09:00,1809.7228323974082,1839.5577424325932,1787.7392144767455,1811.2930908203125,913700,0.0,0.0
2013-07-30 00:00:00+09:00,1794.8048677316751,1831.7059301916001,1767.3253531338585,1817.5736083984375,774700,0.0,0.0
2013-07-31 00:00:00+09:00,1795.5900084547745,1830.9208131685764,1779.1022995883336,1807.366943359375,702200,0.0,0.0
2013-08-01 00:00:00+09:00,1814.4334427523554,1898.4422607421875,1812.8631844721715,1898.4422607421875,1156700,0.0,0.0
2013-08-02 00:00:00+09:00,1915.7145524391167,1942.408935546875,1897.6565873956333,1942.408935546875,775300,0.0,0.0
2013-08-05 00:00:00+09:00,1945.5498703091132,1978.5252918397762,1890.590834424675,1901.5826416015625,2214200,0.0,0.0
2013-08-06 00:00:00+09:00,1902.3680602124075,1902.3680602124075,1807.3674265823201,1856.83056640625,2210500,0.0,0.0
2013-08-07 00:00:00+09:00,1835.6315906437849,1877.2434273863514,1828.5654296875,1828.5654296875,1423100,0.0,0.0
2013-08-08 00:00:00+09:00,1816.0034150851993,1849.7639627932251,1790.8792865582964,1794.804931640625,943800,0.0,0.0
2013-08-09 00:00:00+09:00,1797.1606878359792,1815.21865892389,1753.1934538828054,1759.4744873046875,1478000,0.0,0.0
2013-08-12 00:00:00+09:00,1732.7799613246339,1742.9866398462561,1697.44915105748,1713.1517333984375,1523000,0.0,0.0
2013-08-13 00:00:00+09:00,1713.9367270927744,1728.0690500830033,1690.3828554423926,1716.2921142578125,1729200,0.0,0.0
2013-08-14 00:00:00+09:00,1727.2840297944117,1727.2840297944117,1683.3167999450995,1698.2342529296875,1533900,0.0,0.0
2013-08-15 00:00:00+09:00,1684.1019143259361,1688.0275598138753,1652.6967504224222,1658.977783203125,1445300,0.0,0.0
2013-08-16 00:00:00+09:00,1636.9942083699034,1655.8373071712836,1613.440334868178,1628.3577880859375,2615000,0.0,0.0
2013-08-19 00:00:00+09:00,1641.704702709892,1687.2421837032796,1641.704702709892,1666.043701171875,1197800,0.0,0.0
2013-08-20 00:00:00+09:00,1657.4075792100693,1663.6886121961804,1608.7295735677083,1611.0849609375,1370800,0.0,0.0
2013-08-21 00:00:00+09:00,1625.217204708766,1662.1182716755834,1615.0105266115613,1644.060302734375,1371200,0.0,0.0
2013-08-22 00:00:00+09:00,1629.143037936734,1668.3994966821974,1617.3661003130949,1649.556396484375,1333500,0.0,0.0
2013-08-23 00:00:00+09:00,1686.457302542607,1707.6557881890924,1678.6060115624273,1687.242431640625,1264800,0.0,0.0
2013-08-26 00:00:00+09:00,1700.5896809895833,1713.9368760850693,1659.762966579861,1667.6142578125,1050600,0.0,0.0
2013-08-27 00:00:00+09:00,1657.4074007731042,1663.6884330829976,1633.0684005722676,1637.7791748046875,1341400,0.0,0.0
2013-08-28 00:00:00+09:00,1610.2997507108312,1631.4982359712858,1594.5971690364204,1615.795654296875,1186700,0.0,0.0
2013-08-29 00:00:00+09:00,1576.539252720733,1599.3079969084329,1563.977186962002,1596.16748046875,1858300,0.0,0.0
2013-08-30 00:00:00+09:00,1573.3987630208333,1578.8946668836804,1552.9854058159722,1561.621826171875,1947800,0.0,0.0
2013-09-02 00:00:00+09:00,1571.043321261664,1585.1756449911543,1547.4894483791802,1567.11767578125,1234200,0.0,0.0
2013-09-03 00:00:00+09:00,1595.3820918075162,1607.944155522536,1572.6133513240427,1585.1754150390625,950200,0.0,0.0
2013-09-04 00:00:00+09:00,1585.1756200317739,1620.5064287991984,1579.67971644573,1615.795654296875,1280900,0.0,0.0
2013-09-05 00:00:00+09:00,1631.498291015625,1640.9198403381408,1611.0849341501746,1631.498291015625,1468300,0.0,0.0
2013-09-06 00:00:00+09:00,1645.6304763534063,1648.7709925296533,1601.663249885949,1613.440185546875,953500,0.0,0.0
2013-09-09 00:00:00+09:00,1680.1761428964676,1682.5315300126774,1625.2171101849008,1637.7791748046875,944000,0.0,0.0
2013-09-10 00:00:00+09:00,1659.762832968677,1695.8787697314772,1657.4074457884944,1684.886962890625,1287300,0.0,0.0
2013-09-11 00:00:00+09:00,1761.0442877828664,1762.6145457300647,1695.878582974138,1707.655517578125,2224000,0.0,0.0
2013-09-12 00:00:00+09:00,1703.7304448146447,1707.6560910008536,1662.9037244780725,1681.746826171875,1382000,0.0,0.0
2013-09-13 00:00:00+09:00,1669.9695218947538,1698.2341682455817,1631.4981976950157,1653.4818115234375,2535000,0.0,0.0
2013-09-17 00:00:00+09:00,1669.1846792031324,1680.9616172031544,1655.8374828031074,1665.259033203125,999100,0.0,0.0
2013-09-18 00:00:00+09:00,1670.7546247571242,1674.6802700220612,1655.052043697377,1666.8289794921875,1159000,0.0,0.0
2013-09-19 00:00:00+09:00,1684.887272817646,1704.5155029296875,1680.176497590756,1704.5155029296875,951300,0.0,0.0
2013-09-20 00:00:00+09:00,1715.5070935668666,1724.9286428221537,1694.3086077424705,1712.3665771484375,972400,0.0,0.0
2013-09-24 00:00:00+09:00,1683.3169683828928,1683.3169683828928,1596.1676290682933,1604.0189208984375,4374900,0.0,0.0
2013-09-25 00:00:00+09:00,1622.0767547909577,1652.6967903363823,1560.051554583559,1585.9608154296875,6413400,0.0,0.0
2013-09-26 00:00:00+09:00,1616.169575146461,1671.8173224461425,1585.1658302223527,1668.637451171875,5008200,25.0,0.0
2013-09-27 00:00:00+09:00,1701.2312194943195,1709.1808980900873,1607.425012064259,1631.2740478515625,6494000,0.0,0.0
2013-09-30 00:00:00+09:00,1604.2448272176046,1624.119019824364,1597.0901178791714,1605.039794921875,2918100,0.0,0.0
2013-10-01 00:00:00+09:00,1633.6587062206083,1655.1228352074484,1629.6838675193417,1637.633544921875,3426800,0.0,0.0
2013-10-02 00:00:00+09:00,1669.4324084295743,1694.8713784627867,1616.9645327360734,1645.5833740234375,3045800,0.0,0.0
2013-10-03 00:00:00+09:00,1621.7343182118227,1650.353159121443,1597.8852841204723,1599.4752197265625,4611700,0.0,0.0
2013-10-04 00:00:00+09:00,1582.780964362912,1585.960835712712,1558.9319292394125,1564.4967041015625,2862800,0.0,0.0
2013-10-07 00:00:00+09:00,1566.881523682406,1569.2664270670064,1518.388488195533,1521.568359375,1388600,0.0,0.0
2013-10-08 00:00:00+09:00,1513.618378034138,1535.0825041932355,1502.4888311368281,1531.107666015625,1061500,0.0,0.0
2013-10-09 00:00:00+09:00,1522.363295873006,1531.1079414367675,1494.5394236246743,1526.338134765625,1362000,0.0,0.0
2013-10-10 00:00:00+09:00,1537.467802071277,1554.9570945457176,1523.9533487955728,1545.41748046875,1450700,0.0,0.0
2013-10-11 00:00:00+09:00,1570.0614459579576,1579.601059806816,1556.546993005408,1575.626220703125,1444200,0.0,0.0
2013-10-15 00:00:00+09:00,1597.0904019138138,1627.29918004857,1592.320594839905,1623.3243408203125,3072400,0.0,0.0
2013-10-16 00:00:00+09:00,1623.3243833698575,1645.5834836315403,1618.5545761709257,1635.2489013671875,1268200,0.0,0.0
2013-10-17 00:00:00+09:00,1652.7379756346952,1668.6373308596562,1637.6335881709824,1655.9178466796875,1684900,0.0,0.0
2013-10-18 00:00:00+09:00,1651.9430215850132,1668.6373447097897,1633.658762924544,1666.25244140625,1282900,0.0,0.0
2013-10-21 00:00:00+09:00,1694.076532817938,1717.925568943953,1687.7167898510006,1713.15576171875,2581900,0.0,0.0
2013-10-22 00:00:00+09:00,1744.9541925744868,1754.4938054723882,1722.6950958127165,1749.7239990234375,2929800,0.0,0.0
2013-10-23 00:00:00+09:00,1764.0335536239172,1787.0876198948022,1756.8788434019184,1766.41845703125,2986300,0.0,0.0
2013-10-24 00:00:00+09:00,1743.3643045949411,1748.9290789370134,1697.2561743320564,1736.2095947265625,2316800,0.0,0.0
2013-10-25 00:00:00+09:00,1737.7996668355984,1760.85373377898,1729.055020753626,1740.1845703125,1738100,0.0,0.0
2013-10-28 00:00:00+09:00,1764.8287333791518,1771.1884765625,1737.004856952003,1771.1884765625,1012100,0.0,0.0
2013-10-29 00:00:00+09:00,1751.3142354210343,1771.9834002512416,1745.7494602744398,1765.6236572265625,871800,0.0,0.0
2013-10-30 00:00:00+09:00,1775.1631986960044,1818.88643019098,1774.3682308506413,1813.3216552734375,2315400,0.0,0.0
2013-10-31 00:00:00+09:00,1820.4763169782486,1839.5555447544398,1814.116574386185,1826.8360595703125,1669400,0.0,0.0
2013-11-01 00:00:00+09:00,1844.3255496180104,1844.3255496180104,1804.5771541521049,1833.990966796875,1664400,0.0,0.0
2013-11-05 00:00:00+09:00,1851.480193256806,1862.6097435812349,1773.5733409858024,1801.397216796875,1845700,0.0,0.0
2013-11-06 00:00:00+09:00,1830.8111294373332,1838.7608086793537,1808.5520275596755,1822.8614501953125,1897400,0.0,0.0
2013-11-07 00:00:00+09:00,1824.451267408288,1824.451267408288,1795.037456125453,1810.141845703125,1134000,0.0,0.0
2013-11-08 00:00:00+09:00,1779.933040245701,1800.6022046255082,1765.6236187519885,1795.8323974609375,1428500,0.0,0.0
2013-11-11 00:00:00+09:00,1828.4260713727438,1839.5556213724037,1811.7317463732534,1827.631103515625,1495900,0.0,0.0
2013-11-12 00:00:00+09:00,1840.3507659655659,1895.2035533744747,1836.3759262982535,1892.023681640625,3596100,0.0,0.0
2013-11-13 00:00:00+09:00,1878.5094062990493,1936.5420709879322,1878.5094062990493,1930.977294921875,2718200,0.0,0.0
2013-11-14 00:00:00+09:00,1948.4658794518487,1995.3689748772501,1947.670911732774,1970.7249755859375,3223700,0.0,0.0
2013-11-15 00:00:00+09:00,1989.8041229613964,1999.3437352169044,1972.3148338262981,1989.0091552734375,2326000,0.0,0.0
2013-11-18 00:00:00+09:00,1994.5742660644532,1997.7541373535157,1964.3654888183594,1987.4195556640625,2178200,0.0,0.0
2013-11-19 00:00:00+09:00,1988.214699902112,2015.2436082574384,1978.6750851884672,2009.6788330078125,3126700,0.0,0.0
2013-11-20 00:00:00+09:00,2027.1680993874807,2054.9919752614264,2024.7831957411424,2050.22216796875,2445900,0.0,0.0
2013-11-21 00:00:00+09:00,2045.4521838153296,2047.0421194420808,1997.7541150127956,2021.6031494140625,2611800,0.0,0.0
2013-11-22 00:00:00+09:00,2031.9380709831787,2055.787109375,2018.42361589448,2055.787109375,2500600,0.0,0.0
2013-11-25 00:00:00+09:00,2058.9668390490046,2071.6863253133997,2043.0674812185102,2070.891357421875,2160000,0.0,0.0
2013-11-26 00:00:00+09:00,2054.991911605075,2078.840947329699,2048.6321687451755,2059.76171875,1749500,0.0,0.0
2013-11-27 00:00:00+09:00,2046.2467499793765,2047.0417176367112,2023.9876555740066,2032.7322998046875,1119300,0.0,0.0
2013-11-28 00:00:00+09:00,2051.016480424022,2084.405120803018,2051.016480424022,2082.815185546875,1577100,0.0,0.0
2013-11-29 00:00:00+09:00,2068.5065327647585,2113.024736390749,2057.3769818582614,2107.4599609375,2347400,0.0,0.0
2013-12-02 00:00:00+09:00,2108.2540413343045,2114.6137820321455,2067.710694385568,2080.43017578125,1771800,0.0,0.0
2013-12-03 00:00:00+09:00,2098.715093881806,2104.279868751947,2070.0962516925088,2073.276123046875,1629000,0.0,0.0
2013-12-04 00:00:00+09:00,2049.4274304796763,2073.2764696241256,2034.3230390215253,2046.24755859375,2323200,0.0,0.0
2013-12-05 00:00:00+09:00,2046.2468399170575,2085.995224530831,2045.4518722247822,2075.66064453125,2157500,0.0,0.0
2013-12-06 00:00:00+09:00,2092.355409366889,2146.413223894605,2082.8157950384684,2144.0283203125,2999800,0.0,0.0
2013-12-09 00:00:00+09:00,2154.363369726981,2225.9104927068443,2154.363369726981,2224.320556640625,2862400,0.0,0.0
2013-12-10 00:00:00+09:00,2221.9358110975945,2255.324470870796,2206.036449300832,2213.191162109375,2120200,0.0,0.0
2013-12-11 00:00:00+09:00,2202.8554080476415,2208.4201817236913,2175.8265073354005,2186.9560546875,1442400,0.0,0.0
2013-12-12 00:00:00+09:00,2159.9278818412936,2175.8272405593007,2139.258715507884,2174.2373046875,3052600,0.0,0.0
2013-12-13 00:00:00+09:00,2163.107735363654,2202.856131823846,2151.9781843548003,2182.98193359375,2502700,0.0,0.0
2013-12-16 00:00:00+09:00,2183.7766696779163,2194.111251660375,2123.359113472776,2132.103759765625,1211700,0.0,0.0
2013-12-17 00:00:00+09:00,2156.7476973040584,2221.93505859375,2156.7476973040584,2221.93505859375,2157900,0.0,0.0
2013-12-18 00:00:00+09:00,2221.935312531211,2251.349125255238,2213.9856334166093,2238.629638671875,1759500,0.0,0.0
2013-12-19 00:00:00+09:00,2257.70868309508,2273.6080400182846,2231.474744171792,2241.809326171875,2530400,0.0,0.0
2013-12-20 00:00:00+09:00,2226.7047382226906,2260.8883525545634,2226.7047382226906,2253.733642578125,1252400,0.0,0.0
2013-12-24 00:00:00+09:00,2265.6583266556895,2285.5325225035463,2252.143873479147,2259.298583984375,1217100,0.0,0.0
2013-12-25 00:00:00+09:00,2233.8599047635507,2257.7089428926993,2228.295129200083,2245.784423828125,785600,0.0,0.0
2013-12-26 00:00:00+09:00,2265.6581113582574,2274.402756700342,2259.2983692912867,2267.248046875,889300,0.0,0.0
2013-12-27 00:00:00+09:00,2269.6326748013084,2299.8414459545306,2262.4779658439666,2297.45654296875,932300,0.0,0.0
2013-12-30 00:00:00+09:00,2310.9710702251073,2319.7157147976827,2287.1220395726295,2291.891845703125,1053500,0.0,0.0
2014-01-06 00:00:00+09:00,2291.097719060041,2338.000829894372,2290.3027510797983,2323.69140625,1372800,0.0,0.0
2014-01-07 00:00:00+09:00,2324.486268260381,2352.3101463004336,2315.7416208763643,2321.306396484375,1180600,0.0,0.0
2014-01-08 00:00:00+09:00,2343.565095693472,2432.6014901024505,2330.845610777904,2412.727294921875,1950300,0.0,0.0
2014-01-09 00:00:00+09:00,2384.9037346414243,2392.853413756896,2348.3352107102555,2377.7490234375,2136700,0.0,0.0
2014-01-10 00:00:00+09:00,2377.748383399817,2378.543351097376,2337.999998521853,2363.43896484375,1038300,0.0,0.0
2014-01-14 00:00:00+09:00,2311.76667554958,2362.644621641455,2285.532734595957,2318.92138671875,1719800,0.0,0.0
2014-01-15 00:00:00+09:00,2342.770032198924,2361.849258793011,2329.2555800281125,2359.46435546875,1104500,0.0,0.0
2014-01-16 00:00:00+09:00,2384.108681173293,2416.7023643770626,2372.9791308110302,2408.752685546875,1369400,0.0,0.0
2014-01-17 00:00:00+09:00,2382.518268173994,2382.518268173994,2338.000075642214,2345.15478515625,2139400,0.0,0.0
2014-01-20 00:00:00+09:00,2345.1549709697633,2353.1046488374573,2325.280776300528,2329.255615234375,801600,0.0,0.0
2014-01-21 00:00:00+09:00,2341.9750872494305,2356.2845073344574,2312.561279296875,2312.561279296875,1245700,0.0,0.0
2014-01-22 00:00:00+09:00,2305.406894274082,2318.921348481895,2283.147793225918,2294.27734375,1550700,0.0,0.0
2014-01-23 00:00:00+09:00,2287.122785095171,2291.892592780458,2203.6511506026463,2211.600830078125,2872600,0.0,0.0
2014-01-24 00:00:00+09:00,2186.161267753126,2244.1939123152997,2155.157526137718,2209.21533203125,2283800,0.0,0.0
2014-01-27 00:00:00+09:00,2106.6648621490035,2161.5176453521285,2106.6648621490035,2139.258544921875,1694600,0.0,0.0
2014-01-28 00:00:00+09:00,2137.668243920052,2177.4166307538203,2126.538695606597,2132.8984375,1395300,0.0,0.0
2014-01-29 00:00:00+09:00,2159.9276424294317,2174.2370636895457,2136.8735748436925,2161.517578125,1181100,0.0,0.0
2014-01-30 00:00:00+09:00,2134.4886550759097,2134.4886550759097,2092.3553594636105,2102.68994140625,1808500,0.0,0.0
2014-01-31 00:00:00+09:00,2145.618724096049,2164.697956914984,2106.665290424057,2123.359619140625,1433200,0.0,0.0
2014-02-03 00:00:00+09:00,2116.2043091724536,2166.287281177662,2066.9163049768517,2146.4130859375,2651100,0.0,0.0
2014-02-04 00:00:00+09:00,2039.0925134676638,2129.71884739956,2035.1176742601247,2041.4774169921875,2542900,0.0,0.0
2014-02-05 00:00:00+09:00,2055.786675511751,2101.8948066717207,2047.0420299469295,2097.125,1817800,0.0,0.0
2014-02-06 00:00:00+09:00,2117.79393025456,2136.873154851448,2094.739867199987,2113.819091796875,1203600,0.0,0.0
2014-02-07 00:00:00+09:00,2162.3126132246375,2182.186810037364,2114.614540874094,2139.258544921875,1438400,0.0,0.0
2014-02-10 00:00:00+09:00,2175.8274834295657,2176.6224514542023,2126.539465902115,2144.82373046875,1014300,0.0,0.0
2014-02-12 00:00:00+09:00,2171.8521962417526,2208.42071784758,2171.057228380756,2198.881103515625,2344000,0.0,0.0
2014-02-13 00:00:00+09:00,2215.5756843081335,2224.3203317883595,2164.697735332274,2173.4423828125,1476200,0.0,0.0
2014-02-14 00:00:00+09:00,2179.8017551568732,2225.1149207454737,2167.0822700793715,2192.521240234375,1478500,0.0,0.0
2014-02-17 00:00:00+09:00,2211.6005083797395,2265.658320949769,2190.931344750022,2217.165283203125,1534500,0.0,0.0
2014-02-18 00:00:00+09:00,2225.9096755849223,2297.456772300152,2222.7298046198007,2293.48193359375,1735800,0.0,0.0
2014-02-19 00:00:00+09:00,2293.4817649605347,2316.5358277625646,2269.632734475677,2313.35595703125,1326500,0.0,0.0
2014-02-20 00:00:00+09:00,2304.6114657070098,2326.0755945700967,2287.1221755222723,2302.2265625,2310500,0.0,0.0
2014-02-21 00:00:00+09:00,2318.1260516826924,2334.025407318376,2303.021663828793,2325.28076171875,1221600,0.0,0.0
2014-02-24 00:00:00+09:00,2327.6657688306723,2363.439320605734,2304.6117021311884,2340.38525390625,1640300,0.0,0.0
2014-02-25 00:00:00+09:00,2361.054517855457,2376.953874878053,2345.1551608328614,2368.209228515625,1708400,0.0,0.0
2014-02-26 00:00:00+09:00,2359.464793367881,2408.752804550094,2346.7453066111807,2372.979248046875,2070600,0.0,0.0
2014-02-27 00:00:00+09:00,2349.129795172276,2359.46437633547,2314.9461805555557,2325.28076171875,1862000,0.0,0.0
2014-02-28 00:00:00+09:00,2306.201618493747,2368.2091077190184,2291.8921979033,2361.849365234375,3529100,0.0,0.0
2014-03-03 00:00:00+09:00,2369.0039687657936,2400.8026797559387,2330.0505478028663,2359.46435546875,3272800,0.0,0.0
2014-03-04 00:00:00+09:00,2329.2557236838475,2341.1802410405908,2239.4243595963817,2251.348876953125,5995500,0.0,0.0
2014-03-05 00:00:00+09:00,2273.6081823687937,2302.227026622387,2260.09372813793,2281.557861328125,3733300,0.0,0.0
2014-03-06 00:00:00+09:00,2264.068223655203,2273.6078369571205,2221.934931571732,2253.733642578125,4078800,0.0,0.0
2014-03-07 00:00:00+09:00,2291.8922338475963,2355.4896596914423,2274.4029417405386,2331.640625,2650800,0.0,0.0
2014-03-10 00:00:00+09:00,2304.611605700247,2314.1512191077677,2271.2229587739234,2287.122314453125,2011100,0.0,0.0
2014-03-11 00:00:00+09:00,2290.302512133464,2302.2270305930274,2252.144053062861,2268.83837890625,838400,0.0,0.0
2014-03-12 00:00:00+09:00,2222.729924210258,2229.884634266729,2187.7513417119567,2194.111083984375,1789400,0.0,0.0
2014-03-13 00:00:00+09:00,2175.827074157178,2207.625789161302,2159.927716655116,2168.67236328125,1935600,0.0,0.0
2014-03-14 00:00:00+09:00,2111.434401383677,2143.2331122478895,2107.4595625256507,2118.589111328125,2963500,0.0,0.0
2014-03-17 00:00:00+09:00,2100.3048711144806,2117.7941622441244,2084.4055155420774,2097.125,1409000,0.0,0.0
2014-03-18 00:00:00+09:00,2134.4887628007873,2145.618313146862,2102.6900475262873,2105.074951171875,1455600,0.0,0.0
2014-03-19 00:00:00+09:00,2115.409089022508,2119.3839275963946,2067.711026135867,2104.279541015625,1274200,0.0,0.0
2014-03-20 00:00:00+09:00,2126.53855968438,2149.592622574416,2106.664367537797,2109.84423828125,2366600,0.0,0.0
2014-03-24 00:00:00+09:00,2136.8733933161952,2176.6217823287734,2114.614295469152,2164.697265625,2980500,0.0,0.0
2014-03-25 00:00:00+09:00,2136.873534980166,2226.70490010396,2117.7943069892717,2204.44580078125,3335100,0.0,0.0
2014-03-26 00:00:00+09:00,2170.2620670655806,2193.316132979464,2151.1828401023668,2185.366455078125,2208900,0.0,0.0
2014-03-27 00:00:00+09:00,2167.684373121995,2223.142371544471,2154.8245474008413,2215.10498046875,1635700,30.0,0.0
2014-03-28 00:00:00+09:00,2221.5349870261734,2234.3948132897112,2167.6844645476085,2226.357421875,1603400,0.0,0.0
2014-03-31 00:00:00+09:00,2250.4696490139672,2289.8528678717116,2235.198604967087,2287.441650390625,1445700,0.0,0.0
2014-04-01 00:00:00+09:00,2284.2263250564993,2306.7310179141987,2248.861807708686,2256.095458984375,2583400,0.0,0.0
2014-04-02 00:00:00+09:00,2256.095580617786,2273.7778402450003,2240.824538212464,2245.64697265625,1666900,0.0,0.0
2014-04-03 00:00:00+09:00,2262.5255313751113,2268.955444075289,2227.1610115241324,2258.5068359375,1972000,0.0,0.0
2014-04-04 00:00:00+09:00,2262.525757620115,2268.955670963263,2237.609843415418,2252.0771484375,1142900,0.0,0.0
2014-04-07 00:00:00+09:00,2217.5161791129685,2243.2358303386354,2198.2264406937184,2229.572265625,869200,0.0,0.0
2014-04-08 00:00:00+09:00,2173.3107526943627,2198.2266673887134,2157.2359690205876,2181.34814453125,1187800,0.0,0.0
2014-04-09 00:00:00+09:00,2136.338050816481,2150.0016124657964,2121.06701132607,2138.749267578125,1668100,0.0,0.0
2014-04-10 00:00:00+09:00,2170.095182900117,2186.1699620327104,2125.8895402854846,2150.001708984375,1523400,0.0,0.0
2014-04-11 00:00:00+09:00,2116.2451657703523,2116.2451657703523,2076.8619477214547,2080.076904296875,1774000,0.0,0.0
2014-04-14 00:00:00+09:00,2057.5716666666667,2121.0670423177085,2048.7305384114584,2109.814697265625,1294100,0.0,0.0
2014-04-15 00:00:00+09:00,2125.0856754313245,2128.3006310673777,2076.8613408905226,2090.52490234375,1050300,0.0,0.0
2014-04-16 00:00:00+09:00,2111.422542995877,2141.160888671875,2083.291675464527,2141.160888671875,1071500,0.0,0.0
2014-04-17 00:00:00+09:00,2109.011418269231,2140.3572434645434,2046.319767878606,2047.92724609375,2579900,0.0,0.0
2014-04-18 00:00:00+09:00,2065.609797869988,2137.1425885355247,2065.609797869988,2129.908935546875,1648000,0.0,0.0
2014-04-21 00:00:00+09:00,2133.123742648017,2161.254613406374,2117.8526985220515,2120.263916015625,573800,0.0,0.0
2014-04-22 00:00:00+09:00,2136.3385479266826,2152.413330078125,2130.712374173678,2131.51611328125,946500,0.0,0.0
2014-04-23 00:00:00+09:00,2145.983285953861,2150.0019812459095,2136.338417252945,2149.1982421875,629800,0.0,0.0
2014-04-24 00:00:00+09:00,2148.394577796781,2150.0020559694685,2118.656231602063,2133.12353515625,751000,0.0,0.0
2014-04-25 00:00:00+09:00,2125.8900789031813,2158.843384474081,2113.0302523389278,2148.394775390625,738300,0.0,0.0
2014-04-28 00:00:00+09:00,2132.3196276212993,2147.590669055451,2108.2074569357965,2137.94580078125,909500,0.0,0.0
2014-04-30 00:00:00+09:00,2162.057741470704,2194.207298964692,2162.057741470704,2172.50634765625,1243600,0.0,0.0
2014-05-01 00:00:00+09:00,2210.2826220522948,2210.2826220522948,2158.0395782583314,2178.133056640625,1582200,0.0,0.0
2014-05-02 00:00:00+09:00,2170.8994044229994,2186.9741871288343,2150.002186905414,2178.133056640625,1360400,0.0,0.0
2014-05-07 00:00:00+09:00,2147.590339548911,2225.5530128034934,2133.9267782568704,2140.356689453125,2921200,0.0,0.0
2014-05-08 00:00:00+09:00,2129.9086931148545,2130.712432244332,2025.4226062828052,2067.217041015625,2887000,0.0,0.0
2014-05-09 00:00:00+09:00,2017.3851694828734,2047.1235166027404,1991.665517919745,1998.899169921875,2868800,0.0,0.0
2014-05-12 00:00:00+09:00,2006.9363933713155,2048.730823669797,2006.9363933713155,2024.61865234375,1332600,0.0,0.0
2014-05-13 00:00:00+09:00,2069.6278584878464,2076.057770281207,2033.459604650195,2036.674560546875,1339800,0.0,0.0
2014-05-14 00:00:00+09:00,1996.4876118383731,2047.1231672110855,1994.076394915863,2036.674560546875,2508600,0.0,0.0
2014-05-15 00:00:00+09:00,2006.1325402983582,2017.3848862775958,1987.6465433324677,2006.936279296875,1965900,0.0,0.0
2014-05-16 00:00:00+09:00,1981.2168810596852,1990.8617502575416,1925.7588831720104,1947.4598388671875,2025100,0.0,0.0
2014-05-19 00:00:00+09:00,1952.2818323708366,1975.590260999389,1943.440704270351,1953.0855712890625,1386400,0.0,0.0
2014-05-20 00:00:00+09:00,1975.5907547552956,1976.3944938743987,1955.4972767777194,1963.53466796875,1148600,0.0,0.0
2014-05-21 00:00:00+09:00,1937.0109961382495,1973.179251252864,1931.3848231204206,1940.2259521484375,1102000,0.0,0.0
2014-05-22 00:00:00+09:00,1953.8898078223176,1977.198242387043,1945.852416593102,1966.7496337890625,840300,0.0,0.0
2014-05-23 00:00:00+09:00,1969.1608983734893,1990.058116070514,1953.8898546718174,1961.92724609375,1261600,0.0,0.0
2014-05-26 00:00:00+09:00,1997.2915519059536,2019.796245448556,1987.6466832448384,2013.3663330078125,1338100,0.0,0.0
2014-05-27 00:00:00+09:00,2020.6000054338508,2069.628088302373,2018.1887882435956,2051.14208984375,1459000,0.0,0.0
2014-05-28 00:00:00+09:00,2068.824054802919,2101.777351713144,2056.7679705674705,2094.543701171875,1719100,0.0,0.0
2014-05-29 00:00:00+09:00,2089.721624493689,2143.5721432787186,2081.6842336302516,2133.12353515625,2222900,0.0,0.0
2014-05-30 00:00:00+09:00,2145.9831603193193,2153.216811421519,2105.7962097515415,2117.852294921875,2177800,0.0,0.0
2014-06-02 00:00:00+09:00,2147.590801250469,2158.039409190685,2130.7122807316596,2141.160888671875,765900,0.0,0.0
2014-06-03 00:00:00+09:00,2169.2917654263774,2177.3291561837923,2133.1235070180087,2133.92724609375,1264100,0.0,0.0
2014-06-04 00:00:00+09:00,2117.0489137850886,2119.4601312267573,2076.0582172767213,2093.740478515625,1764900,0.0,0.0
2014-06-05 00:00:00+09:00,2100.1699057288697,2129.9082472948735,2094.5437330001664,2114.63720703125,1373700,0.0,0.0
2014-06-06 00:00:00+09:00,2121.870849609375,2137.1418898148972,2116.2446769020776,2121.870849609375,1486600,0.0,0.0
2014-06-09 00:00:00+09:00,2137.94580078125,2147.590669055451,2128.300932507049,2137.94580078125,843700,0.0,0.0
2014-06-10 00:00:00+09:00,2161.2544981171523,2174.1143240635542,2135.5348462243487,2144.3759765625,1563400,0.0,0.0
2014-06-11 00:00:00+09:00,2146.786600649379,2160.4501619414195,2123.4781725629573,2140.356689453125,1159500,0.0,0.0
2014-06-12 00:00:00+09:00,2109.0116259578544,2109.0116259578544,2067.2171882483235,2097.75927734375,1714700,0.0,0.0
2014-06-13 00:00:00+09:00,2066.413042540944,2108.207472028353,2066.413042540944,2102.581298828125,1155100,0.0,0.0
2014-06-16 00:00:00+09:00,2105.795941615004,2105.795941615004,2081.683774344603,2090.52490234375,812400,0.0,0.0
2014-06-17 00:00:00+09:00,2090.525333497799,2104.9926368438046,2068.0206394040124,2071.235595703125,865800,0.0,0.0
2014-06-18 00:00:00+09:00,2076.8620056152345,2077.665744781494,2043.908699798584,2057.572265625,1367400,0.0,0.0
2014-06-19 00:00:00+09:00,2072.843167591131,2127.4974271476244,2070.4319502577564,2124.282470703125,1330300,0.0,0.0
2014-06-20 00:00:00+09:00,2124.282654555409,2175.721962119369,2112.226566845106,2167.6845703125,2301800,0.0,0.0
2014-06-23 00:00:00+09:00,2182.9554161658657,2219.9274151141826,2178.1329815204326,2215.10498046875,1519200,0.0,0.0
2014-06-24 00:00:00+09:00,2217.516337728861,2239.217295002757,2206.263989512767,2231.983642578125,1367500,0.0,0.0
2014-06-25 00:00:00+09:00,2226.35720470288,2247.2544203426905,2199.8338156215823,2204.65625,1693200,0.0,0.0
2014-06-26 00:00:00+09:00,2244.8437005120354,2264.9371815406075,2236.002568859464,2260.11474609375,1979500,0.0,0.0
2014-06-27 00:00:00+09:00,2252.076428657501,2256.8988621235767,2182.954882310411,2188.5810546875,1352500,0.0,0.0
2014-06-30 00:00:00+09:00,2203.0487808863786,2203.0487808863786,2174.91791356386,2197.422607421875,953500,0.0,0.0
2014-07-01 00:00:00+09:00,2199.8336144383975,2245.6467368435815,2195.0111805010097,2238.4130859375,1319400,0.0,0.0
2014-07-02 00:00:00+09:00,2240.82421875,2258.5064758563485,2220.730744765513,2240.82421875,987800,0.0,0.0
2014-07-03 00:00:00+09:00,2250.469654620259,2254.4883504320806,2181.348086656922,2203.852783203125,1763900,0.0,0.0
2014-07-04 00:00:00+09:00,2234.3943513847507,2239.21678523666,2198.2260974954293,2225.55322265625,1432700,0.0,0.0
2014-07-07 00:00:00+09:00,2221.53478856078,2225.553483909117,2186.170269495413,2190.18896484375,1067900,0.0,0.0
2014-07-08 00:00:00+09:00,2178.1331229448406,2189.385471181456,2155.62842647161,2169.2919921875,1156500,0.0,0.0
2014-07-09 00:00:00+09:00,2155.6283615726297,2166.076970334913,2134.7311440480626,2157.23583984375,1515400,0.0,0.0
2014-07-10 00:00:00+09:00,2163.665792136754,2168.4882270375047,2121.8713563302495,2128.30126953125,1153900,0.0,0.0
2014-07-11 00:00:00+09:00,2097.7586888451397,2118.655901837467,2093.7399940389228,2114.63720703125,889300,0.0,0.0
2014-07-14 00:00:00+09:00,2116.2446769020776,2127.4970223166724,2102.5811146129263,2121.870849609375,623000,0.0,0.0
2014-07-15 00:00:00+09:00,2137.1421074078235,2154.824366288219,2115.441153327338,2122.6748046875,1087000,0.0,0.0
2014-07-16 00:00:00+09:00,2116.2447410864993,2129.908303790058,2106.599873295752,2113.02978515625,960500,0.0,0.0
2014-07-17 00:00:00+09:00,2120.2635980265945,2162.058028313699,2119.4598589826114,2136.33837890625,1135000,0.0,0.0
2014-07-18 00:00:00+09:00,2101.7773836513566,2121.87085768244,2089.7212992327063,2114.63720703125,651900,0.0,0.0
2014-07-22 00:00:00+09:00,2145.1797916838773,2152.413444035003,2126.693791231,2128.30126953125,639600,0.0,0.0
2014-07-23 00:00:00+09:00,2115.441464003696,2123.4788555842574,2089.7218109459004,2092.936767578125,1093600,0.0,0.0
2014-07-24 00:00:00+09:00,2072.039287451362,2089.721546692607,2034.263551799611,2065.609375,1927600,0.0,0.0
2014-07-25 00:00:00+09:00,2089.7212239583337,2127.4969537760417,2089.7212239583337,2109.814697265625,1424800,0.0,0.0
2014-07-28 00:00:00+09:00,2117.0489117410966,2148.3947384525254,2116.24517259465,2135.534912109375,1178700,0.0,0.0
2014-07-29 00:00:00+09:00,2134.730672940341,2136.3381508567118,2106.599809403853,2121.870849609375,1178200,0.0,0.0
2014-07-30 00:00:00+09:00,2049.5346406841168,2094.5440288716895,2031.0486419642207,2071.235595703125,3008200,0.0,0.0
2014-07-31 00:00:00+09:00,2069.6278869893963,2070.4316259746347,2029.440937727466,2035.870849609375,1895600,0.0,0.0
2014-08-01 00:00:00+09:00,2009.3477122500628,2014.1701467594628,1986.843017872862,1997.2916259765625,1935200,0.0,0.0
2014-08-04 00:00:00+09:00,1989.2540002678054,2031.8521667381865,1922.5436640972082,1990.0577392578125,3553600,0.0,0.0
2014-08-05 00:00:00+09:00,1920.9364288979389,1928.1700807222408,1875.9270397689495,1888.786865234375,3822200,0.0,0.0
2014-08-06 00:00:00+09:00,1897.6282325348934,1898.4319717269877,1868.6936216194947,1875.12353515625,1693900,0.0,0.0
2014-08-07 00:00:00+09:00,1880.749709500911,1883.1609270771942,1853.4225769697011,1875.12353515625,1585600,0.0,0.0
2014-08-08 00:00:00+09:00,1849.4038671316473,1862.26369410866,1824.487952363685,1826.899169921875,1931800,0.0,0.0
2014-08-11 00:00:00+09:00,1855.0296362746285,1883.964240653262,1846.9922461694525,1866.281982421875,1591300,0.0,0.0
2014-08-12 00:00:00+09:00,1889.5908293835423,1920.9366576889265,1888.7870901962249,1892.8057861328125,1755100,0.0,0.0
2014-08-13 00:00:00+09:00,1892.8057871752576,1899.235700677339,1876.7310034200536,1882.357177734375,925100,0.0,0.0
2014-08-14 00:00:00+09:00,1896.0203565638978,1898.43157363456,1875.1231419514938,1886.37548828125,1055600,0.0,0.0
2014-08-15 00:00:00+09:00,1891.198101581343,1927.3663610675992,1890.3943624816486,1916.114013671875,1840400,0.0,0.0
2014-08-18 00:00:00+09:00,1897.628128209065,1900.843084800694,1858.2449099616088,1871.104736328125,1469100,0.0,0.0
2014-08-19 00:00:00+09:00,1888.7870253864517,1891.1982428656686,1874.3197205111512,1880.7496337890625,1738400,0.0,0.0
2014-08-20 00:00:00+09:00,1888.7868838694656,1892.0018402675412,1873.515840978606,1874.319580078125,810800,0.0,0.0
2014-08-21 00:00:00+09:00,1874.3192095264392,1875.1229484670596,1847.7958244859708,1853.4219970703125,1716700,0.0,0.0
2014-08-22 00:00:00+09:00,1856.637348009338,1860.6560435677998,1827.7027399884132,1831.721435546875,1921000,0.0,0.0
2014-08-25 00:00:00+09:00,1851.0110135792956,1851.814752621232,1834.9362327405697,1839.7586669921875,1383400,0.0,0.0
2014-08-26 00:00:00+09:00,1840.5627259531113,1845.3851610429447,1828.5066382285277,1834.1328125,1464700,0.0,0.0
2014-08-27 00:00:00+09:00,1834.936280459953,1856.6372351565883,1834.936280459953,1855.83349609375,1900200,0.0,0.0
2014-08-28 00:00:00+09:00,1857.4413228008034,1858.2450620144775,1842.9740169546699,1849.4039306640625,1940100,0.0,0.0
2014-08-29 00:00:00+09:00,1832.525016459872,1855.8334486867739,1811.627801359891,1850.207275390625,2229800,0.0,0.0
2014-09-01 00:00:00+09:00,1826.0953638577494,1846.992581930065,1791.5345801227654,1846.1888427734375,2467900,0.0,0.0
2014-09-02 00:00:00+09:00,1846.1883745106595,1870.300543093733,1842.169679746814,1852.6182861328125,1782800,0.0,0.0
2014-09-03 00:00:00+09:00,1871.1046236800494,1882.3569710733143,1864.674710883898,1874.319580078125,1410000,0.0,0.0
2014-09-04 00:00:00+09:00,1868.6932733636852,1871.908229532913,1846.992319221397,1850.207275390625,1121800,0.0,0.0
2014-09-05 00:00:00+09:00,1850.207576002038,1854.2262718665081,1838.9552275815217,1848.60009765625,1228500,0.0,0.0
2014-09-08 00:00:00+09:00,1848.60006024332,1853.4224951830854,1835.7402337372796,1846.1888427734375,1366100,0.0,0.0
2014-09-09 00:00:00+09:00,1848.600003780516,1856.6373951013009,1838.9551341955741,1847.7962646484375,1151800,0.0,0.0
2014-09-10 00:00:00+09:00,1848.599845673849,1883.964364460653,1846.992367547176,1876.730712890625,2232200,0.0,0.0
2014-09-11 00:00:00+09:00,1884.7681035239896,1891.1980160306812,1874.3194957006156,1876.730712890625,1434400,0.0,0.0
2014-09-12 00:00:00+09:00,1876.730326220976,1887.178931891585,1865.4779816526275,1870.3004150390625,1989800,0.0,0.0
2014-09-16 00:00:00+09:00,1876.7304547158858,1877.534193668655,1847.7958524161977,1852.6182861328125,1219100,0.0,0.0
2014-09-17 00:00:00+09:00,1852.6187094921702,1856.6374051743658,1829.3102745354358,1830.114013671875,2157800,0.0,0.0
2014-09-18 00:00:00+09:00,1847.7959813683167,1854.225893439194,1833.3286792088431,1834.9361572265625,1471300,0.0,0.0
2014-09-19 00:00:00+09:00,1850.2076202013234,1892.805797382327,1846.9926634329458,1875.12353515625,2134300,0.0,0.0
2014-09-22 00:00:00+09:00,1876.7307033072416,1886.3755720180282,1863.870878359526,1873.5157470703125,790000,0.0,0.0
2014-09-24 00:00:00+09:00,1873.5158961096474,1940.226243332771,1873.5158961096474,1935.40380859375,1979000,0.0,0.0
2014-09-25 00:00:00+09:00,1958.7122987462456,1965.9459510600398,1942.637515826703,1965.1422119140625,1410200,0.0,0.0
2014-09-26 00:00:00+09:00,1947.24032850579,1970.0245864239523,1938.2893700379407,1955.3775634765625,1206600,30.0,0.0
2014-09-29 00:00:00+09:00,1965.9558517284465,1972.4656393169514,1944.799042065806,1953.75,1165600,0.0,0.0
2014-09-30 00:00:00+09:00,1939.1027674168236,1944.7988309384004,1888.6519190828567,1906.5538330078125,1834200,0.0,0.0
2014-10-01 00:00:00+09:00,1910.6227757248676,1930.1521397016124,1880.5150062607195,1882.9561767578125,1832800,0.0,0.0
2014-10-02 00:00:00+09:00,1866.681337654013,1872.3774010208735,1845.5245308628168,1847.1519775390625,1325700,0.0,0.0
2014-10-03 00:00:00+09:00,1847.151940875212,1887.838106973785,1845.524494231269,1858.5440673828125,1609800,0.0,0.0
2014-10-06 00:00:00+09:00,1873.1912264133148,1874.0049497957705,1847.965801557184,1853.661865234375,1139800,0.0,0.0
2014-10-07 00:00:00+09:00,1860.1716983462793,1875.6324429957015,1831.6913792552382,1839.82861328125,1453200,0.0,0.0
2014-10-08 00:00:00+09:00,1817.8578087051817,1826.8087647910174,1805.651959497224,1811.3480224609375,1491200,0.0,0.0
2014-10-09 00:00:00+09:00,1821.112812754872,1824.3677060752561,1773.9168596093034,1777.1717529296875,1473600,0.0,0.0
2014-10-10 00:00:00+09:00,1742.9955891017808,1765.7798451684707,1736.485801654155,1747.8779296875,1486700,0.0,0.0
2014-10-14 00:00:00+09:00,1708.8189102151289,1738.1129486759596,1698.2405074376065,1727.5345458984375,4008200,0.0,0.0
2014-10-15 00:00:00+09:00,1806.4659747204405,1870.7501242713029,1733.2308676371792,1760.083740234375,4703500,0.0,0.0
2014-10-16 00:00:00+09:00,1719.3974849570386,1728.3484420486275,1703.9367408897485,1712.073974609375,2480600,0.0,0.0
2014-10-17 00:00:00+09:00,1708.8191842063468,1723.4662057852584,1678.711417627473,1681.152587890625,2530800,0.0,0.0
2014-10-20 00:00:00+09:00,1703.9367584641493,1753.573884665827,1703.9367584641493,1743.8092041015625,1448400,0.0,0.0
2014-10-21 00:00:00+09:00,1745.4368618923108,1788.5642062654076,1734.8584566687211,1753.5740966796875,2935300,0.0,0.0
2014-10-22 00:00:00+09:00,1798.32861328125,1833.3187175215637,1793.4462731546944,1798.32861328125,2545100,0.0,0.0
2014-10-23 00:00:00+09:00,1792.632679588826,1814.603211749016,1780.4268283887207,1795.8875732421875,1380200,0.0,0.0
2014-10-24 00:00:00+09:00,1819.4857881667656,1822.740682242198,1787.7505709312986,1799.1427001953125,1187000,0.0,0.0
2014-10-27 00:00:00+09:00,1798.3288851651278,1810.5347373268821,1785.3093095259233,1790.191650390625,2476400,0.0,0.0
2014-10-28 00:00:00+09:00,1789.3774337560671,1802.3970058070433,1787.749987249695,1791.818603515625,929700,0.0,0.0
2014-10-29 00:00:00+09:00,1788.5640468006118,1841.4560682028136,1776.3581957077959,1837.387451171875,1463800,0.0,0.0
2014-10-30 00:00:00+09:00,1857.7305555709147,1871.563853619406,1843.8972575224234,1868.3089599609375,2350200,0.0,0.0
2014-10-31 00:00:00+09:00,1904.9264766947429,1958.6322210184733,1887.8382853190103,1952.9361572265625,3527700,0.0,0.0
2014-11-04 00:00:00+09:00,2018.034087529111,2030.2399388649726,1977.3479164095725,2009.0831298828125,4190200,0.0,0.0
2014-11-05 00:00:00+09:00,1952.936405254777,1954.563852259156,1895.9757601015126,1916.31884765625,4316500,0.0,0.0
2014-11-06 00:00:00+09:00,1909.808812800448,1913.8774297855364,1868.3089195525474,1880.5147705078125,2776600,0.0,0.0
2014-11-07 00:00:00+09:00,1895.9759263148314,1910.6229506382936,1890.2798613001517,1903.2994384765625,1261900,0.0,0.0
2014-11-10 00:00:00+09:00,1902.4853953017334,1902.4853953017334,1877.2599687600937,1889.4658203125,1120700,0.0,0.0
2014-11-11 00:00:00+09:00,1891.9066033752179,1908.994792050865,1891.092880104949,1895.9752197265625,1460300,0.0,0.0
2014-11-12 00:00:00+09:00,1926.0832761808206,1935.8479569219148,1906.5539146986323,1918.759765625,2006800,0.0,0.0
2014-11-13 00:00:00+09:00,1913.877348589011,1920.3871354889736,1892.7205411641326,1904.9263916015625,1162900,0.0,0.0
2014-11-14 00:00:00+09:00,1945.6128888668677,1991.9951283756136,1929.338418863799,1988.740234375,3375300,0.0,0.0
2014-11-17 00:00:00+09:00,1989.5537101745606,1996.87722076416,1941.544029642741,1952.9361572265625,2424800,0.0,0.0
2014-11-18 00:00:00+09:00,1993.6222375884645,2008.2692581095228,1965.9556432709103,1979.7889404296875,1856200,0.0,0.0
2014-11-19 00:00:00+09:00,1985.4847565574926,2009.082731123135,1974.9063541659978,1980.6024169921875,1281500,0.0,0.0
2014-11-20 00:00:00+09:00,2001.7591085551699,2020.4747424969457,1970.8376263904966,1977.347412109375,1187000,0.0,0.0
2014-11-21 00:00:00+09:00,1973.2789700624173,2000.1318385209986,1972.4652467757935,1999.318115234375,956400,0.0,0.0
2014-11-25 00:00:00+09:00,2020.4751973686314,2026.1712611550108,1983.0439210581371,1990.367431640625,1205300,0.0,0.0
2014-11-26 00:00:00+09:00,1976.534201022579,2014.7792020304264,1966.7695199141924,2006.6419677734375,1206500,0.0,0.0
2014-11-27 00:00:00+09:00,2007.4554601093464,2020.4750334217701,1993.622163464896,2002.5731201171875,1133900,0.0,0.0
2014-11-28 00:00:00+09:00,2008.2693795810221,2053.837890625,2008.2693795810221,2053.837890625,1397800,0.0,0.0
2014-12-01 00:00:00+09:00,2053.8375109138533,2096.96484375,2037.5630456926658,2096.96484375,1687500,0.0,0.0
2014-12-02 00:00:00+09:00,2074.9943309236432,2101.0334754685678,2047.3277398446614,2092.08251953125,1196000,0.0,0.0
2014-12-03 00:00:00+09:00,2109.170877403846,2136.837470703125,2108.3571540715143,2115.6806640625,1334500,0.0,0.0
2014-12-04 00:00:00+09:00,2133.58304995415,2148.23007318038,2114.05368565251,2121.377197265625,894300,0.0,0.0
2014-12-05 00:00:00+09:00,2121.376883211581,2144.974861582558,2118.1219896431708,2142.53369140625,863300,0.0,0.0
2014-12-08 00:00:00+09:00,2182.406755798066,2182.406755798066,2156.367599875047,2177.5244140625,1160900,0.0,0.0
2014-12-09 00:00:00+09:00,2143.3473245043588,2176.70998217508,2132.768920852667,2170.2001953125,1096500,0.0,0.0
2014-12-10 00:00:00+09:00,2156.3669202482833,2180.778621232226,2081.504370564192,2088.827880859375,1881100,0.0,0.0
2014-12-11 00:00:00+09:00,2039.1908989271412,2053.8379205475276,1993.6223872192722,2044.886962890625,2931800,0.0,0.0
2014-12-12 00:00:00+09:00,2026.9848500765288,2061.1612305274375,2018.8476166358362,2031.053466796875,1613100,0.0,0.0
2014-12-15 00:00:00+09:00,2007.455355892166,2014.7788655002037,1985.4848270680523,1996.876953125,1370600,0.0,0.0
2014-12-16 00:00:00+09:00,1979.7889218689966,2002.5731757992605,1973.2791350317784,1985.4849853515625,1582500,0.0,0.0
2014-12-17 00:00:00+09:00,1991.9946627951745,2005.8279590645855,1979.7888131456941,1981.416259765625,1456500,0.0,0.0
2014-12-18 00:00:00+09:00,2016.406472928085,2043.2593436329382,2013.9653028640073,2022.916259765625,1156600,0.0,0.0
2014-12-19 00:00:00+09:00,2049.7689910443946,2066.04345703125,2040.0043114522819,2066.04345703125,927200,0.0,0.0
2014-12-22 00:00:00+09:00,2079.062947258788,2094.5236893323363,2067.6708215203835,2092.08251953125,862000,0.0,0.0
2014-12-24 00:00:00+09:00,2118.935371798603,2119.749095059662,2088.827611139406,2096.96484375,890400,0.0,0.0
2014-12-25 00:00:00+09:00,2095.3374435585797,2105.1021229072026,2074.994361582283,2082.31787109375,466600,0.0,0.0
2014-12-26 00:00:00+09:00,2092.8962121624563,2103.474614478985,2078.2491935703397,2101.84716796875,452800,0.0,0.0
2014-12-29 00:00:00+09:00,2099.406046993833,2101.03349354189,2053.8375436482306,2086.386474609375,596600,0.0,0.0
2014-12-30 00:00:00+09:00,2083.94630980585,2095.3384411363,2073.3679021418607,2078.250244140625,504900,0.0,0.0
2015-01-05 00:00:00+09:00,2079.876665431889,2105.915809913039,2071.7394327815296,2093.7099609375,1220200,0.0,0.0
2015-01-06 00:00:00+09:00,2055.465072869668,2060.347412710213,1963.5143392060604,1983.857421875,2459600,0.0,0.0
2015-01-07 00:00:00+09:00,1969.21075222095,2005.0145840795128,1967.5833053182882,1987.9263916015625,1289800,0.0,0.0
2015-01-08 00:00:00+09:00,2017.2202946159882,2034.3084858975274,1949.6812528841904,1956.1910400390625,1438400,0.0,0.0
2015-01-09 00:00:00+09:00,1956.1906788063536,1967.5828042236951,1896.7888819873588,1915.5045166015625,1941000,0.0,0.0
2015-01-13 00:00:00+09:00,1900.0438686389828,1962.7005615234375,1884.5831262389224,1962.7005615234375,1802700,0.0,0.0
2015-01-14 00:00:00+09:00,1930.9657436489647,1938.2892546868243,1875.6325491406926,1881.32861328125,1890200,0.0,0.0
2015-01-15 00:00:00+09:00,1890.2794922591254,1958.632259090708,1890.2794922591254,1941.5440673828125,2220000,0.0,0.0
2015-01-16 00:00:00+09:00,1879.7010426606234,1921.2009358102734,1830.8776389551526,1918.759765625,3250400,0.0,0.0
2015-01-19 00:00:00+09:00,1932.5927657375223,1948.0535078634225,1911.4359607231327,1935.033935546875,848200,0.0,0.0
2015-01-20 00:00:00+09:00,1927.7111187419946,1952.9365491687577,1918.7601595583044,1945.613037109375,862200,0.0,0.0
2015-01-21 00:00:00+09:00,1959.4459825053698,1973.2792805546187,1919.5735351869466,1941.5440673828125,887200,0.0,0.0
2015-01-22 00:00:00+09:00,1921.201188669387,1925.2698061803344,1895.9757601015126,1916.31884765625,686600,0.0,0.0
2015-01-23 00:00:00+09:00,1956.1910616408206,1957.81850844751,1936.6616999605462,1949.6812744140625,1039900,0.0,0.0
2015-01-26 00:00:00+09:00,1935.0341506156972,1935.0341506156972,1900.0440461260105,1906.5538330078125,628600,0.0,0.0
2015-01-27 00:00:00+09:00,1920.387340085818,1934.2206387220294,1901.6717007544732,1917.1324462890625,846300,0.0,0.0
2015-01-28 00:00:00+09:00,1896.7889429968313,1913.8771316724785,1884.5830939427976,1895.9752197265625,894700,0.0,0.0
2015-01-29 00:00:00+09:00,1876.446196831597,1893.5343885633679,1859.3580050998262,1867.4952392578125,1079800,0.0,0.0
2015-01-30 00:00:00+09:00,1885.3971108899184,1894.3480682571126,1870.7500897436005,1880.5147705078125,805700,0.0,0.0
2015-02-02 00:00:00+09:00,1871.5636665527963,1968.3967432135714,1871.5636665527963,1926.0831298828125,3062800,0.0,0.0
2015-02-03 00:00:00+09:00,1940.7306503607301,1996.063851293447,1928.5247972138072,1993.6226806640625,5689400,0.0,0.0
2015-02-04 00:00:00+09:00,2057.092688755469,2072.553432856084,2027.798647301673,2045.7005615234375,3663600,0.0,0.0
2015-02-05 00:00:00+09:00,2045.7007040955436,2119.7495362644754,2030.2399589174152,2112.426025390625,3723700,0.0,0.0
2015-02-06 00:00:00+09:00,2123.8182597257655,2173.4553914664825,2091.2693208793935,2153.1123046875,2309300,0.0,0.0
2015-02-09 00:00:00+09:00,2136.837470703125,2143.3472573617787,2105.915984074519,2115.6806640625,1875500,0.0,0.0
2015-02-10 00:00:00+09:00,2105.102444553448,2140.092550898944,2104.2887211500642,2133.582763671875,1586500,0.0,0.0
2015-02-12 00:00:00+09:00,2156.367237589642,2171.014260335534,2135.210426956687,2141.72021484375,1814500,0.0,0.0
2015-02-13 00:00:00+09:00,2152.2981216459616,2152.2981216459616,2111.6119567755277,2144.160888671875,2264000,0.0,0.0
2015-02-16 00:00:00+09:00,2183.2201311538197,2220.65141182213,2180.778960675452,2207.6318359375,3910200,0.0,0.0
2015-02-17 00:00:00+09:00,2156.3666252201733,2206.003743762977,2100.2197206389687,2179.964599609375,5057300,0.0,0.0
2015-02-18 00:00:00+09:00,2205.1908892463234,2213.328125,2192.985035615809,2213.328125,2300800,0.0,0.0
2015-02-19 00:00:00+09:00,2213.327658324115,2217.3962753430933,2197.0531902482026,2206.81787109375,1428300,0.0,0.0
2015-02-20 00:00:00+09:00,2211.700316189943,2254.0139351898974,2197.05329422842,2248.31787109375,1854600,0.0,0.0
2015-02-23 00:00:00+09:00,2245.876467498414,2253.199977718518,2221.464766764736,2245.062744140625,1522700,0.0,0.0
2015-02-24 00:00:00+09:00,2240.180500000694,2293.886243916439,2235.298159644717,2289.817626953125,1802400,0.0,0.0
2015-02-25 00:00:00+09:00,2283.3078748382277,2290.631385484537,2265.4059599250268,2279.2392578125,1738500,0.0,0.0
2015-02-26 00:00:00+09:00,2284.935508117027,2308.533488792025,2279.2394438161655,2296.32763671875,1435900,0.0,0.0
2015-02-27 00:00:00+09:00,2304.4647944078947,2319.11181640625,2279.23936763295,2319.11181640625,1935300,0.0,0.0
2015-03-02 00:00:00+09:00,2308.533108290006,2343.523211799513,2295.51353489112,2337.8271484375,1490300,0.0,0.0
2015-03-03 00:00:00+09:00,2330.503975046231,2330.503975046231,2275.1707801079824,2310.160888671875,1340700,0.0,0.0
2015-03-04 00:00:00+09:00,2298.7686140895357,2306.092124718494,2267.8471247672696,2280.86669921875,1825000,0.0,0.0
2015-03-05 00:00:00+09:00,2278.4257368607955,2278.4257368607955,2210.0729647549715,2219.837646484375,1738200,0.0,0.0
2015-03-06 00:00:00+09:00,2218.210336239719,2254.8278949817536,2188.10256571849,2250.75927734375,1729500,0.0,0.0
2015-03-09 00:00:00+09:00,2253.200306244847,2263.778711438485,2210.0729619938625,2220.6513671875,1297800,0.0,0.0
2015-03-10 00:00:00+09:00,2231.2298172283913,2248.3180105769675,2195.42598354566,2207.6318359375,967500,0.0,0.0
2015-03-11 00:00:00+09:00,2202.748756644652,2232.0427925660438,2193.797801224227,2210.072265625,983800,0.0,0.0
2015-03-12 00:00:00+09:00,2232.0430255571437,2294.6997200405194,2221.464622592418,2290.631103515625,1932500,0.0,0.0
2015-03-13 00:00:00+09:00,2297.141354655409,2315.8569944560018,2282.4943322027707,2297.955078125,1822200,0.0,0.0
2015-03-16 00:00:00+09:00,2289.817448465232,2301.2095750745116,2264.5920252589694,2269.474365234375,864400,0.0,0.0
2015-03-17 00:00:00+09:00,2292.2585657811665,2298.768352265458,2266.219419844,2285.748779296875,1043400,0.0,0.0
2015-03-18 00:00:00+09:00,2291.4453041858815,2313.415837997323,2280.8668990174097,2293.886474609375,965800,0.0,0.0
2015-03-19 00:00:00+09:00,2306.905929453507,2338.641143297841,2297.141248270635,2329.690185546875,2090500,0.0,0.0
2015-03-20 00:00:00+09:00,2329.690185546875,2332.131355842593,2297.141248270635,2329.690185546875,1415800,0.0,0.0
2015-03-23 00:00:00+09:00,2358.983796434981,2389.9052811761085,2354.9151800216746,2387.464111328125,1625800,0.0,0.0
2015-03-24 00:00:00+09:00,2376.0719192092483,2419.199251989416,2371.189579649229,2408.620849609375,2711500,0.0,0.0
2015-03-25 00:00:00+09:00,2407.8078866525425,2408.6216101694918,2367.935434322034,2400.484375,2066000,0.0,0.0
2015-03-26 00:00:00+09:00,2359.7976812081083,2364.680021238194,2310.974280907251,2337.013427734375,3429400,0.0,0.0
2015-03-27 00:00:00+09:00,2335.3686982796166,2378.128970219948,2335.3686982796166,2360.0380859375,2295900,30.0,0.0
2015-03-30 00:00:00+09:00,2334.5464415924257,2344.414196893274,2304.94317568988,2337.835693359375,1744600,0.0,0.0
2015-03-31 00:00:00+09:00,2351.815313748573,2399.5094704609564,2338.658305000329,2341.125244140625,2224200,0.0,0.0
2015-04-01 00:00:00+09:00,2325.501534648579,2330.435413434962,2267.939615474109,2277.807373046875,3112800,0.0,0.0
2015-04-02 00:00:00+09:00,2292.608525478604,2306.5878457559124,2274.5176404138515,2281.91845703125,1346600,0.0,0.0
2015-04-03 00:00:00+09:00,2281.9188709009886,2287.6750626474054,2252.315599062273,2266.294921875,874800,0.0,0.0
2015-04-06 00:00:00+09:00,2244.914419105848,2255.604487768257,2203.7987704042757,2226.001220703125,1214900,0.0,0.0
2015-04-07 00:00:00+09:00,2243.2696731651376,2251.4928024655965,2229.2903533543576,2240.802734375,1238400,0.0,0.0
2015-04-08 00:00:00+09:00,2240.802506302131,2266.2942045389623,2213.6661823726004,2249.025634765625,2265800,0.0,0.0
2015-04-09 00:00:00+09:00,2249.0260942715527,2264.6500415443716,2226.8236428838627,2232.579833984375,1407400,0.0,0.0
2015-04-10 00:00:00+09:00,2244.914319944571,2292.608470331672,2239.1581293806107,2278.629150390625,2238500,0.0,0.0
2015-04-13 00:00:00+09:00,2277.8072230952025,2291.786545403007,2239.9808215564376,2246.559326171875,1311200,0.0,0.0
2015-04-14 00:00:00+09:00,2236.691241806684,2237.5135547632303,2208.7326012841004,2226.823486328125,1358900,0.0,0.0
2015-04-15 00:00:00+09:00,2224.3565474584852,2236.691241806684,2217.7780438061127,2226.823486328125,1028400,0.0,0.0
2015-04-16 00:00:00+09:00,2244.9148736769152,2296.720601530998,2231.7578634282595,2294.253662109375,1932300,0.0,0.0
2015-04-17 00:00:00+09:00,2294.2532020426997,2304.12095775041,2252.31524028493,2255.6044921875,1285800,0.0,0.0
2015-04-20 00:00:00+09:00,2227.6464529932878,2233.4026453782835,2204.6216834533056,2207.088623046875,1310700,0.0,0.0
2015-04-21 00:00:00+09:00,2207.0880547135803,2225.1789404079536,2195.57567290807,2216.955810546875,1027400,0.0,0.0
2015-04-22 00:00:00+09:00,2195.5756112692475,2212.844183492714,2190.6417334911143,2209.554931640625,1776400,0.0,0.0
2015-04-23 00:00:00+09:00,2238.3361631038592,2288.4972600727556,2238.3361631038592,2285.2080078125,1285600,0.0,0.0
2015-04-24 00:00:00+09:00,2276.1622039949384,2290.9638368243855,2256.426693555676,2274.517578125,1335200,0.0,0.0
2015-04-27 00:00:00+09:00,2277.80716235502,2281.918727630029,2247.381579319953,2268.76171875,615000,0.0,0.0
2015-04-28 00:00:00+09:00,2090.3195726682598,2172.550869783455,2079.629504043284,2086.2080078125,4606500,0.0,0.0
2015-04-30 00:00:00+09:00,2088.6745982945467,2096.897726634289,2040.9804539240413,2058.2490234375,2793600,0.0,0.0
2015-05-01 00:00:00+09:00,2040.9807501374657,2044.2700019507413,2004.7989801914348,2021.2452392578125,2281800,0.0,0.0
2015-05-07 00:00:00+09:00,2062.3609665394615,2062.3609665394615,1968.6172862422134,1996.575927734375,3524200,0.0,0.0
2015-05-08 00:00:00+09:00,1971.9065872590215,2003.9767944746602,1949.704136109733,1955.4603271484375,2512600,0.0,0.0
2015-05-11 00:00:00+09:00,1958.749755549552,1962.8613209474308,1937.3696154805812,1943.9481201171875,2452700,0.0,0.0
2015-05-12 00:00:00+09:00,1943.948017115477,1954.63808658354,1916.8116869273167,1926.679443359375,2323800,0.0,0.0
2015-05-13 00:00:00+09:00,1926.6790420280815,1952.993053698973,1921.7451648397894,1946.41455078125,2449200,0.0,0.0
2015-05-14 00:00:00+09:00,1957.1048709554173,1969.4395655202625,1938.191672622655,1950.5263671875,2195800,0.0,0.0
2015-05-15 00:00:00+09:00,1957.1048709554173,1976.0180692881797,1934.0801077677065,1950.5263671875,1839400,0.0,0.0
2015-05-18 00:00:00+09:00,1949.7041377352555,1980.9520319714172,1949.7041377352555,1970.261962890625,1373200,0.0,0.0
2015-05-19 00:00:00+09:00,1975.195773417155,1989.1750940450033,1967.7949566141765,1973.5511474609375,1193900,0.0,0.0
2015-05-20 00:00:00+09:00,1983.4187700320513,2036.8691100204771,1983.4187700320513,2020.4228515625,1979600,0.0,0.0
2015-05-21 00:00:00+09:00,2020.4231541873178,2036.8694151086634,1862.539049342399,1869.1175537109375,6333800,0.0,0.0
2015-05-22 00:00:00+09:00,1841.9811525129983,1913.52238477578,1836.2249614113953,1897.8984375,6339200,0.0,0.0
2015-05-25 00:00:00+09:00,1901.1877392432243,1962.0389039075837,1901.1877392432243,1926.679443359375,4164900,0.0,0.0
2015-05-26 00:00:00+09:00,1935.7248736616402,1946.4149430573925,1929.9686824485427,1933.2579345703125,952400,0.0,0.0
2015-05-27 00:00:00+09:00,1932.4355341399291,1944.7702290386947,1920.1008392411636,1939.0140380859375,1508900,0.0,0.0
2015-05-28 00:00:00+09:00,1934.9023860213258,1942.303202627442,1890.497486384627,1904.476806640625,2310900,0.0,0.0
2015-05-29 00:00:00+09:00,1899.5428975423176,1971.0841235536518,1897.8982716569997,1953.8155517578125,3098200,0.0,0.0
2015-06-01 00:00:00+09:00,1939.0143887458694,1983.4192984118051,1933.2581967521369,1975.1961669921875,1647700,0.0,0.0
2015-06-02 00:00:00+09:00,2002.331818432698,2017.9557628065054,1978.484745441097,1993.286376953125,1697200,0.0,0.0
2015-06-03 00:00:00+09:00,2016.3115427066891,2118.2783580801106,2013.022290597869,2083.7412109375,4745500,0.0,0.0
2015-06-04 00:00:00+09:00,2068.116811608438,2128.967962327732,2057.4267445901837,2125.6787109375,3483300,0.0,0.0
2015-06-05 00:00:00+09:00,2099.365165623308,2108.410608953451,2068.117270482812,2087.852783203125,2126700,0.0,0.0
2015-06-08 00:00:00+09:00,2096.8979183393035,2101.0094828850665,1997.3980563318305,2080.45166015625,2844300,0.0,0.0
2015-06-09 00:00:00+09:00,2072.229017226471,2124.034742657133,2064.828199307805,2110.055419921875,2500900,0.0,0.0
2015-06-10 00:00:00+09:00,2100.187323703331,2105.1212015193923,2052.4931714814074,2056.604736328125,2462200,0.0,0.0
2015-06-11 00:00:00+09:00,2047.5594518927949,2059.071834353236,1993.2867917221424,2007.26611328125,2441400,0.0,0.0
2015-06-12 00:00:00+09:00,2014.6671612155453,2029.468797502027,1998.2208986750102,2028.646484375,1800400,0.0,0.0
2015-06-15 00:00:00+09:00,2006.443861607143,2027.8240011160715,1994.931478794643,2014.6669921875,1107800,0.0,0.0
2015-06-16 00:00:00+09:00,2008.9107442135632,2013.0223093879667,1977.6628488880965,1981.7744140625,2213100,0.0,0.0
2015-06-17 00:00:00+09:00,1977.6626522258177,1989.9973465224443,1934.08006571107,1940.6585693359375,2990600,0.0,0.0
2015-06-18 00:00:00+09:00,1928.3239198576327,1947.2371182187098,1906.121469607673,1925.03466796875,2928200,0.0,0.0
2015-06-19 00:00:00+09:00,1927.501656180423,1953.815671964456,1926.679343187172,1939.0140380859375,2251500,0.0,0.0
2015-06-22 00:00:00+09:00,1943.947738556712,1956.28243232928,1925.8568543569456,1935.724609375,1278800,0.0,0.0
2015-06-23 00:00:00+09:00,1969.4394799341442,2050.0261475890693,1963.6832893873636,2036.869140625,2971700,0.0,0.0
2015-06-24 00:00:00+09:00,2045.914685452369,2050.848563311177,2031.113051875945,2039.336181640625,1674100,0.0,0.0
2015-06-25 00:00:00+09:00,2039.3362162934761,2059.894041054499,2036.0469643317124,2045.0924072265625,1362000,0.0,0.0
2015-06-26 00:00:00+09:00,2031.9353974637063,2041.8031533396936,2005.621381794407,2030.290771484375,1288100,0.0,0.0
2015-06-29 00:00:00+09:00,1989.175193799067,2035.2247228824683,1982.5966896442953,2016.3115234375,1669200,0.0,0.0
2015-06-30 00:00:00+09:00,1998.220947265625,2009.7333313239455,1985.0639369132587,1998.220947265625,1705200,0.0,0.0
2015-07-01 00:00:00+09:00,2018.7784723005666,2068.1172537009875,2014.6669071838646,2050.0263671875,1577700,0.0,0.0
2015-07-02 00:00:00+09:00,2072.2285301151896,2108.4102981013275,2054.1376461221203,2105.943359375,2716900,0.0,0.0
2015-07-03 00:00:00+09:00,2121.5676481213873,2139.6585350433525,2114.1668307442196,2133.90234375,2365900,0.0,0.0
2015-07-06 00:00:00+09:00,2092.7863366727584,2136.368920501307,2080.451643136377,2123.2119140625,2358500,0.0,0.0
2015-07-07 00:00:00+09:00,2136.3692519738947,2138.0138780339207,2084.5635310830726,2087.852783203125,1917800,0.0,0.0
2015-07-08 00:00:00+09:00,2117.4557764645656,2118.278089387464,2017.9559127938035,2020.4228515625,2055600,0.0,0.0
2015-07-09 00:00:00+09:00,1973.5513143493358,2042.6256103515625,1954.638114253488,2042.6256103515625,1809100,0.0,0.0
2015-07-10 00:00:00+09:00,2054.137613270933,2060.716116435932,2021.2450974459377,2023.7120361328125,1761600,0.0,0.0
2015-07-13 00:00:00+09:00,2039.3365945384462,2075.5183728286443,2031.1134631088557,2053.31591796875,1197100,0.0,0.0
2015-07-14 00:00:00+09:00,2074.695594009088,2106.765799386161,2073.8732810507013,2095.25341796875,1301800,0.0,0.0
2015-07-15 00:00:00+09:00,2117.45608990009,2141.3031681941106,2107.5883333646334,2138.013916015625,1697700,0.0,0.0
2015-07-16 00:00:00+09:00,2137.191848540641,2137.191848540641,2089.4976864724003,2108.410888671875,1213000,0.0,0.0
2015-07-17 00:00:00+09:00,2105.1211147352265,2142.947509765625,2093.6087336390183,2142.947509765625,1635400,0.0,0.0
2015-07-21 00:00:00+09:00,2113.3442670843574,2128.145900083392,2041.803040922358,2049.203857421875,3443200,0.0,0.0
2015-07-22 00:00:00+09:00,2037.6915849609375,2066.472539550781,2014.6668212890625,2055.782470703125,1508700,0.0,0.0
2015-07-23 00:00:00+09:00,2075.5179450757573,2075.5179450757573,2025.3568536931816,2035.224609375,1358600,0.0,0.0
2015-07-24 00:00:00+09:00,2032.7579078796975,2047.5595431312488,2024.5347771843913,2045.9149169921875,660900,0.0,0.0
2015-07-27 00:00:00+09:00,2048.3815217185606,2068.939345099919,2025.3567595314391,2036.869140625,789200,0.0,0.0
2015-07-28 00:00:00+09:00,2018.7784495780138,2031.9354578033694,1998.2206242258956,2022.8900146484375,717600,0.0,0.0
2015-07-29 00:00:00+09:00,2039.3360764983224,2064.0054645204796,2021.2451919487405,2022.0675048828125,1053300,0.0,0.0
2015-07-30 00:00:00+09:00,2028.6459171099739,2059.8938071992234,2027.0012913158027,2038.513671875,1009400,0.0,0.0
2015-07-31 00:00:00+09:00,2029.4688506381203,2059.072123986164,2007.2663956270874,2046.7374267578125,1302000,0.0,0.0
2015-08-03 00:00:00+09:00,2050.8485927734373,2064.8279135742187,2024.5345771484374,2055.782470703125,759100,0.0,0.0
2015-08-04 00:00:00+09:00,2064.005785369571,2080.4520466075755,2043.4479588220654,2077.985107421875,956900,0.0,0.0
2015-08-05 00:00:00+09:00,2087.8528791324575,2119.923088776477,2073.873556979936,2115.8115234375,962600,0.0,0.0
2015-08-06 00:00:00+09:00,2121.5673923716477,2124.034331199987,2079.6294322898825,2100.187255859375,1259900,0.0,0.0
2015-08-07 00:00:00+09:00,2101.0095074948013,2240.802703688193,2101.0095074948013,2224.3564453125,3637900,0.0,0.0
2015-08-10 00:00:00+09:00,2150.3487619235007,2169.2619632712026,2072.229017226471,2110.055419921875,2843200,0.0,0.0
2015-08-11 00:00:00+09:00,2087.030417811789,2177.484848843821,2064.0056535490903,2169.26171875,2330400,0.0,0.0
2015-08-12 00:00:00+09:00,2130.6129359588335,2196.3979745063853,2110.877424394568,2183.240966796875,2272400,0.0,0.0
2015-08-13 00:00:00+09:00,2179.129546029227,2216.9559456961497,2170.0841026306152,2210.37744140625,1973400,0.0,0.0
2015-08-14 00:00:00+09:00,2216.1340011996726,2216.1340011996726,2174.196029377341,2195.576171875,1141200,0.0,0.0
2015-08-17 00:00:00+09:00,2211.1999786639544,2212.0222917835763,2184.0636457164233,2198.04296875,907500,0.0,0.0
2015-08-18 00:00:00+09:00,2209.5554958157772,2247.3819017731744,2192.2869191830528,2195.576171875,1479200,0.0,0.0
2015-08-19 00:00:00+09:00,2182.419068123755,2209.5554016761607,2165.15049222677,2167.617431640625,1025800,0.0,0.0
2015-08-20 00:00:00+09:00,2138.8360722339894,2153.637705951872,2122.3898125474534,2132.257568359375,1086900,0.0,0.0
2015-08-21 00:00:00+09:00,2093.608443886113,2113.343951605385,2066.4721207721136,2067.29443359375,1159900,0.0,0.0
2015-08-24 00:00:00+09:00,2020.4230545852442,2049.2040097787662,1955.4603271484375,1955.4603271484375,1684200,0.0,0.0
2015-08-25 00:00:00+09:00,1891.3201627102078,2003.1547462443766,1891.3201627102078,1919.27880859375,2073000,0.0,0.0
2015-08-26 00:00:00+09:00,1941.4811473581415,1956.2827825349507,1901.1878071546055,1952.9935302734375,1488700,0.0,0.0
2015-08-27 00:00:00+09:00,1994.1088810980993,2000.6873846233714,1959.571737590421,1964.505615234375,1211600,0.0,0.0
2015-08-28 00:00:00+09:00,2005.6214413526582,2035.2247098597084,1980.1297379160314,2022.8900146484375,3381100,0.0,0.0
2015-08-31 00:00:00+09:00,2043.4476817959694,2070.5840091598593,2013.0221026303957,2057.427001953125,2055100,0.0,0.0
2015-09-01 00:00:00+09:00,2018.7782425402813,2036.8691269948174,1989.9972899989737,2003.154296875,1903800,0.0,0.0
2015-09-02 00:00:00+09:00,1973.55091118763,2013.0219294113824,1973.55091118763,1977.6624755859375,2651600,0.0,0.0
2015-09-03 00:00:00+09:00,2076.3399057849333,2139.6579940009487,2050.848207931732,2058.2490234375,2052700,0.0,0.0
2015-09-04 00:00:00+09:00,2091.9646499284354,2102.6547208596735,2033.5804163809041,2046.7374267578125,2297600,0.0,0.0
2015-09-07 00:00:00+09:00,2039.3357976581146,2080.4514387399313,2017.1333514739335,2067.29443359375,1281800,0.0,0.0
2015-09-08 00:00:00+09:00,2055.7825000636976,2079.6295770644365,2014.6668500624237,2017.1337890625,967900,0.0,0.0
2015-09-09 00:00:00+09:00,2076.340024633031,2145.414306640625,2074.6953988709456,2145.414306640625,2078800,0.0,0.0
2015-09-10 00:00:00+09:00,2119.9229422138715,2170.0840358814607,2097.7204909183806,2143.77001953125,1759400,0.0,0.0
2015-09-11 00:00:00+09:00,2164.327329006624,2180.7735853060667,2140.4802573724323,2156.926513671875,1963400,0.0,0.0
2015-09-14 00:00:00+09:00,2188.9974225275246,2200.509805666287,2161.8610908432993,2165.97265625,904400,0.0,0.0
2015-09-15 00:00:00+09:00,2158.5718385179384,2202.154431828967,2126.501628345672,2165.97265625,2027900,0.0,0.0
2015-09-16 00:00:00+09:00,2187.352520009444,2191.46408489668,2137.1914283851675,2149.526123046875,885700,0.0,0.0
2015-09-17 00:00:00+09:00,2185.707835869462,2201.3317820250377,2161.038447202764,2171.728515625,1506000,0.0,0.0
2015-09-18 00:00:00+09:00,2138.8361351238905,2150.3485172429732,2066.4725903753697,2084.5634765625,2313500,0.0,0.0
2015-09-24 00:00:00+09:00,2028.6463141741071,2059.0718973214284,2014.6669921875,2014.6669921875,2119400,0.0,0.0
2015-09-25 00:00:00+09:00,2039.3365398873073,2084.5637615380338,2027.0018430734729,2079.6298828125,1479200,0.0,0.0
2015-09-28 00:00:00+09:00,2087.11896509395,2112.0845029539255,2063.8177964246397,2078.797119140625,1005700,30.0,0.0
2015-09-29 00:00:00+09:00,2041.3489639999084,2047.1742565999896,1981.4316686847867,1983.92822265625,1344100,0.0,0.0
2015-09-30 00:00:00+09:00,1996.4110842870286,2028.034102712584,1988.9214220283445,2013.886962890625,1142400,0.0,0.0
2015-10-01 00:00:00+09:00,2032.1947659165114,2072.9718107690537,2013.0545203734812,2062.985595703125,1145100,0.0,0.0
2015-10-02 00:00:00+09:00,2057.160575275626,2108.756026597264,2050.503097685737,2094.60888671875,883500,0.0,0.0
2015-10-05 00:00:00+09:00,2116.2456888858883,2117.9100582833607,2068.8111610579313,2094.60888671875,764500,0.0,0.0
2015-10-06 00:00:00+09:00,2121.2388824377135,2135.386022885513,2062.985951182068,2072.97216796875,1985300,0.0,0.0
2015-10-07 00:00:00+09:00,2113.749315565045,2127.8964566534723,2098.76998970671,2125.39990234375,1255100,0.0,0.0
2015-10-08 00:00:00+09:00,2122.071178246897,2158.6873083813534,2099.6021893007537,2112.0849609375,1408400,0.0,0.0
2015-10-09 00:00:00+09:00,2124.5673389252047,2175.3306008423365,2114.581123466097,2171.169677734375,1421200,0.0,0.0
2015-10-13 00:00:00+09:00,2174.498466093214,2215.275513486466,2171.1697275304996,2182.8203125,1290700,0.0,0.0
2015-10-14 00:00:00+09:00,2158.686940063619,2168.673155669156,2123.735185444239,2137.88232421875,1285200,0.0,0.0
2015-10-15 00:00:00+09:00,2127.895831815754,2171.1694271440365,2108.755587728244,2142.04296875,1467500,0.0,0.0
2015-10-16 00:00:00+09:00,2142.0433596020193,2165.344530568941,2121.238742667268,2147.86865234375,1328900,0.0,0.0
2015-10-19 00:00:00+09:00,2144.5403543434395,2166.1771604020073,2135.3863210109685,2136.218505859375,1041900,0.0,0.0
2015-10-20 00:00:00+09:00,2151.1972533357175,2164.512207321548,2092.1121450235955,2099.601806640625,1164400,0.0,0.0
2015-10-21 00:00:00+09:00,2099.602372529491,2138.715060404594,2086.2874149549875,2136.218505859375,785000,0.0,0.0
2015-10-22 00:00:00+09:00,2123.735344696045,2150.365254974365,2119.5744212150576,2130.392822265625,859100,0.0,0.0
2015-10-23 00:00:00+09:00,2172.0025236254296,2195.303700124093,2161.18412025105,2179.4921875,1205200,0.0,0.0
2015-10-26 00:00:00+09:00,2205.289663976256,2205.289663976256,2181.156305389346,2186.1494140625,744000,0.0,0.0
2015-10-27 00:00:00+09:00,2192.8065695342434,2201.1284160979408,2167.008845186782,2172.001953125,848100,0.0,0.0
2015-10-28 00:00:00+09:00,2175.3308672257963,2175.3308672257963,2115.413567133885,2122.071044921875,1465700,0.0,0.0
2015-10-29 00:00:00+09:00,2145.3721541149257,2163.680217493719,2125.3997213380608,2152.86181640625,2360900,0.0,0.0
2015-10-30 00:00:00+09:00,2154.5264775717274,2172.0023586180796,2120.4069002907536,2164.5126953125,1199900,0.0,0.0
2015-11-02 00:00:00+09:00,2181.156124441964,2276.025181361607,2132.0572265625,2242.73779296875,4181300,0.0,0.0
2015-11-04 00:00:00+09:00,2246.8987235270515,2265.206787200235,2208.61822675585,2236.080322265625,3400300,0.0,0.0
2015-11-05 00:00:00+09:00,2246.898613601434,2295.997509231984,2245.2342442580257,2284.346923828125,1664800,0.0,0.0
2015-11-06 00:00:00+09:00,2284.3467923269177,2303.4870386742837,2272.6962075937386,2294.3330078125,1648300,0.0,0.0
2015-11-09 00:00:00+09:00,2320.963134765625,2334.2780900027174,2298.494147803032,2320.963134765625,1481700,0.0,0.0
2015-11-10 00:00:00+09:00,2308.480693272954,2360.0761521709073,2291.836996854259,2350.922119140625,1524500,0.0,0.0
2015-11-11 00:00:00+09:00,2332.613604661504,2385.87342296273,2323.459573390981,2375.88720703125,1457300,0.0,0.0
2015-11-12 00:00:00+09:00,2371.7261959087814,2436.636597059969,2365.900903497777,2404.181396484375,2023900,0.0,0.0
2015-11-13 00:00:00+09:00,2380.0480485020394,2405.845772104684,2359.243432693455,2397.52392578125,873700,0.0,0.0
2015-11-16 00:00:00+09:00,2355.9147473264375,2386.7055794179523,2344.2641622107294,2373.390625,685700,0.0,0.0
2015-11-17 00:00:00+09:00,2398.3564247335967,2415.8323043031337,2383.3770993882795,2389.202392578125,1047700,0.0,0.0
2015-11-18 00:00:00+09:00,2394.195480325339,2407.5104360727164,2372.55867723585,2380.04833984375,962500,0.0,0.0
2015-11-19 00:00:00+09:00,2407.5105460015693,2447.4554150676167,2396.692143962848,2419.1611328125,1662600,0.0,0.0
2015-11-20 00:00:00+09:00,2394.1956045229267,2405.84619140625,2366.733506869379,2405.84619140625,1132700,0.0,0.0
2015-11-24 00:00:00+09:00,2410.006878105723,2435.8046036655564,2406.678139323809,2428.31494140625,1732200,0.0,0.0
2015-11-25 00:00:00+09:00,2419.9930801838996,2425.818373017905,2405.8459404441724,2412.50341796875,785400,0.0,0.0
2015-11-26 00:00:00+09:00,2427.482274132168,2462.4340243939273,2419.1604288317494,2421.656982421875,1032400,0.0,0.0
2015-11-27 00:00:00+09:00,2422.48976043016,2428.3150535675736,2390.034555807427,2409.1748046875,878700,0.0,0.0
2015-11-30 00:00:00+09:00,2403.3491899756777,2419.1606978044647,2391.698605259729,2395.02734375,1240100,0.0,0.0
2015-12-01 00:00:00+09:00,2376.7193916922065,2385.0412383017733,2311.8089881375877,2375.88720703125,1569400,0.0,0.0
2015-12-02 00:00:00+09:00,2360.0757607808664,2397.5240715125797,2360.0757607808664,2374.222900390625,876200,0.0,0.0
2015-12-03 00:00:00+09:00,2374.2227751158066,2400.8526835643543,2365.0687440866186,2377.551513671875,928300,0.0,0.0
2015-12-04 00:00:00+09:00,2339.271317593649,2339.271317593649,2316.802329484425,2324.2919921875,1452500,0.0,0.0
2015-12-07 00:00:00+09:00,2335.9422357177737,2360.0755897739955,2330.116943359375,2330.116943359375,527000,0.0,0.0
2015-12-08 00:00:00+09:00,2349.257749410457,2353.4186735149747,2291.8369967681188,2299.32666015625,940500,0.0,0.0
2015-12-09 00:00:00+09:00,2307.6479050231733,2321.7950432797165,2284.3467361300436,2289.33984375,941400,0.0,0.0
2015-12-10 00:00:00+09:00,2263.5423897802502,2288.507930844003,2255.2205427589993,2262.710205078125,869200,0.0,0.0
2015-12-11 00:00:00+09:00,2245.234354012158,2284.3470354942083,2236.0803221759334,2265.206787109375,1141600,0.0,0.0
2015-12-14 00:00:00+09:00,2220.2689358989837,2261.878173828125,2211.1149035545727,2261.878173828125,1194000,0.0,0.0
2015-12-15 00:00:00+09:00,2252.7240807414505,2276.0252533534785,2205.28955078125,2205.28955078125,866100,0.0,0.0
2015-12-16 00:00:00+09:00,2246.898737131179,2281.018310546875,2232.751596934427,2281.018310546875,1082000,0.0,0.0
2015-12-17 00:00:00+09:00,2320.13123719493,2326.788715637383,2293.5013234251173,2310.14501953125,953600,0.0,0.0
2015-12-18 00:00:00+09:00,2309.312705067346,2326.7885849975855,2256.885065276628,2261.878173828125,1327700,0.0,0.0
2015-12-21 00:00:00+09:00,2251.059326171875,2260.2133567034425,2227.7581575460663,2251.059326171875,661200,0.0,0.0
2015-12-22 00:00:00+09:00,2260.2136509717498,2288.507930844003,2244.402141631373,2262.710205078125,1478600,0.0,0.0
2015-12-24 00:00:00+09:00,2255.220407330421,2280.1859468949647,2210.282436114243,2214.443359375,870600,0.0,0.0
2015-12-25 00:00:00+09:00,2214.443359375,2214.443359375,2214.443359375,2214.443359375,0,0.0,0.0
2015-12-28 00:00:00+09:00,2240.240824981906,2254.387962435358,2214.4431037432587,2227.758056640625,566100,0.0,0.0
2015-12-29 00:00:00+09:00,2227.7582688821253,2262.7100235676126,2222.7651610699127,2261.045654296875,511800,0.0,0.0
2015-12-30 00:00:00+09:00,2269.367668457031,2281.85043891059,2231.919357096354,2246.898681640625,642600,0.0,0.0
2016-01-04 00:00:00+09:00,2260.2133649238176,2266.0386571014565,2198.631704760209,2208.617919921875,1135200,0.0,0.0
2016-01-05 00:00:00+09:00,2201.96065312239,2261.8779498059926,2201.96065312239,2241.905517578125,1033000,0.0,0.0
2016-01-06 00:00:00+09:00,2253.5561517957353,2273.528584455668,2211.9469170875423,2224.4296875,1000700,0.0,0.0
2016-01-07 00:00:00+09:00,2224.429651751827,2246.0664534523685,2191.1422645202247,2199.464111328125,895000,0.0,0.0
2016-01-08 00:00:00+09:00,2186.9815375475855,2201.128678391691,2156.190701592768,2158.687255859375,990900,0.0,0.0
2016-01-12 00:00:00+09:00,2147.036522739124,2165.344586111318,2094.60888671875,2094.60888671875,1201900,0.0,0.0
2016-01-13 00:00:00+09:00,2102.930452473958,2137.8822051466555,2082.958022375274,2134.553466796875,2109800,0.0,0.0
2016-01-14 00:00:00+09:00,2092.9447310258006,2127.0643071578315,2084.6228831887197,2121.239013671875,2263100,0.0,0.0
2016-01-15 00:00:00+09:00,2132.0572552941617,2132.889440015198,2059.6571845640324,2070.4755859375,2805200,0.0,0.0
2016-01-18 00:00:00+09:00,2013.8870045827866,2071.307749754775,2013.8870045827866,2061.321533203125,1651600,0.0,0.0
2016-01-19 00:00:00+09:00,2061.321442488515,2085.4547980929424,2043.0133796161906,2060.4892578125,1148500,0.0,0.0
2016-01-20 00:00:00+09:00,2087.1192160866476,2093.7766936499224,2010.5582241089876,2013.886962890625,1705200,0.0,0.0
2016-01-21 00:00:00+09:00,2047.1747531915105,2057.9931563587825,1964.7884521484375,1964.7884521484375,1467100,0.0,0.0
2016-01-22 00:00:00+09:00,2047.1741785849295,2067.1466095955143,2020.5442705708165,2063.81787109375,2869500,0.0,0.0
2016-01-25 00:00:00+09:00,2093.7766808877445,2098.769789029766,2067.978955487299,2085.454833984375,1283200,0.0,0.0
2016-01-26 00:00:00+09:00,2052.167336768871,2069.643214332596,2028.0339820380125,2043.0133056640625,1380300,0.0,0.0
2016-01-27 00:00:00+09:00,2063.818430541498,2069.6437244986714,2040.5172547128036,2055.49658203125,1437600,0.0,0.0
2016-01-28 00:00:00+09:00,2051.3351984637206,2076.300738404456,2039.6846131580444,2057.99267578125,1327200,0.0,0.0
2016-01-29 00:00:00+09:00,2080.4617745535716,2101.2663922991073,2023.8732142857143,2097.10546875,2278500,0.0,0.0
2016-02-01 00:00:00+09:00,2113.749001998959,2213.611159573713,2103.762786241484,2198.6318359375,2867100,0.0,0.0
2016-02-02 00:00:00+09:00,2187.8133576078867,2218.6041884300594,2183.6524345238095,2184.484619140625,1656000,0.0,0.0
2016-02-03 00:00:00+09:00,2226.093875695231,2226.093875695231,2143.707597678847,2157.854736328125,1964300,0.0,0.0
2016-02-04 00:00:00+09:00,2141.211181640625,2163.6801680006315,2125.3996727206204,2141.211181640625,1014500,0.0,0.0
2016-02-05 00:00:00+09:00,2117.9098213243783,2148.700651732631,2088.783360127383,2117.07763671875,1189500,0.0,0.0
2016-02-08 00:00:00+09:00,2140.3790940789786,2207.7860562175465,2128.7285080303373,2193.638916015625,1854900,0.0,0.0
2016-02-09 00:00:00+09:00,2112.916589781872,2144.53960294127,2038.852164224335,2048.83837890625,1844500,0.0,0.0
2016-02-10 00:00:00+09:00,2051.335494673149,2088.7838099917253,1983.9285270997104,2011.390625,1981300,0.0,0.0
2016-02-12 00:00:00+09:00,1967.284643365431,1987.2570762929988,1929.8363316262414,1932.3328857421875,2474000,0.0,0.0
2016-02-15 00:00:00+09:00,1997.2432364729457,2097.9375829784567,1989.7535743361723,2076.30078125,1808300,0.0,0.0
2016-02-16 00:00:00+09:00,1999.7399609575525,2058.825078405737,1995.579037193596,2026.369873046875,1412600,0.0,0.0
2016-02-17 00:00:00+09:00,2007.2294113839753,2046.3420906273611,1975.6063941233654,1996.4110107421875,1005100,0.0,0.0
2016-02-18 00:00:00+09:00,2045.5094907137488,2061.3209961342377,2002.2358969313586,2007.22900390625,1268900,0.0,0.0
2016-02-19 00:00:00+09:00,2009.7261625085987,2023.8733031970648,1973.1100336678624,1984.7606201171875,824800,0.0,0.0
2016-02-22 00:00:00+09:00,1973.942090211032,2007.229477904304,1957.298396364396,1991.41796875,666900,0.0,0.0
2016-02-23 00:00:00+09:00,1997.243271459399,2007.229487816696,1947.312189672914,1952.3052978515625,833400,0.0,0.0
2016-02-24 00:00:00+09:00,1929.0042651136273,1950.641068777542,1911.5283852312348,1935.6617431640625,1233700,0.0,0.0
2016-02-25 00:00:00+09:00,1980.5995265741897,2041.349007851465,1977.2707878740648,2002.236328125,1395300,0.0,0.0
2016-02-26 00:00:00+09:00,1988.089261313346,2009.7260636549731,1974.774306026191,1990.5858154296875,749500,0.0,0.0
2016-02-29 00:00:00+09:00,2008.06195168417,2008.06195168417,1928.1722097191139,1929.00439453125,1231700,0.0,0.0
2016-03-01 00:00:00+09:00,1963.9559014372912,2020.5444613092131,1956.4662391013017,1993.91455078125,1301900,0.0,0.0
2016-03-02 00:00:00+09:00,2047.1744137484927,2090.4480192423634,2035.523827653989,2070.4755859375,1328600,0.0,0.0
2016-03-03 00:00:00+09:00,2061.321358138364,2063.817912064248,2026.3696031759853,2052.99951171875,1255600,0.0,0.0
2016-03-04 00:00:00+09:00,2062.153676228351,2075.468631361383,2040.5168741371738,2072.139892578125,646400,0.0,0.0
2016-03-07 00:00:00+09:00,2067.978640598234,2082.1257781797913,2051.334949325814,2064.64990234375,588200,0.0,0.0
2016-03-08 00:00:00+09:00,2058.8249966811977,2066.3146591590194,2008.0617287759621,2044.6778564453125,786300,0.0,0.0
2016-03-09 00:00:00+09:00,2018.8802490234375,2033.8595748612042,2002.2365536481414,2018.8802490234375,750200,0.0,0.0
2016-03-10 00:00:00+09:00,2024.7058189030283,2033.0276677271263,2000.5724573131442,2018.04833984375,827300,0.0,0.0
2016-03-11 00:00:00+09:00,2017.2157606932997,2053.8318883626503,2007.229544056204,2044.6778564453125,1543300,0.0,0.0
2016-03-14 00:00:00+09:00,2057.1606096399373,2083.7905204443377,2040.516915387187,2061.321533203125,987300,0.0,0.0
2016-03-15 00:00:00+09:00,2062.1537179157626,2092.9445522833507,2048.8387625135624,2061.321533203125,930100,0.0,0.0
2016-03-16 00:00:00+09:00,2040.5165536170528,2042.180922747246,2020.5441240547325,2025.5372314453125,1019300,0.0,0.0
2016-03-17 00:00:00+09:00,2046.3417628895154,2075.4682214910335,2028.0337031971326,2050.502685546875,1004900,0.0,0.0
2016-03-18 00:00:00+09:00,2045.5102023455054,2071.3079306907903,2017.2159196442249,2037.1883544921875,1346900,0.0,0.0
2016-03-22 00:00:00+09:00,2071.3080345419417,2088.783915910114,2045.5103049032111,2079.6298828125,1077300,0.0,0.0
2016-03-23 00:00:00+09:00,2041.3488518503584,2077.9649747535036,2028.0338980673964,2035.5235595703125,1381000,0.0,0.0
2016-03-24 00:00:00+09:00,2065.4821667197525,2088.7833354015224,2006.39706041955,2010.5579833984375,1200100,0.0,0.0
2016-03-25 00:00:00+09:00,2011.3904544782904,2022.2088557642721,1935.6616454764185,1941.4869384765625,1805100,0.0,0.0
2016-03-28 00:00:00+09:00,1972.2773549510143,1973.1095394889683,1938.1577888948998,1958.96240234375,1123200,0.0,0.0
2016-03-29 00:00:00+09:00,1973.2925438263214,1986.7793788118922,1961.491563213947,1971.606689453125,922500,30.0,0.0
2016-03-30 00:00:00+09:00,1964.0203503058315,1975.821330951446,1943.7900977704926,1945.4759521484375,1381600,0.0,0.0
2016-03-31 00:00:00+09:00,1963.1775933159722,1976.6644295087826,1934.51806640625,1934.51806640625,1658200,0.0,0.0
2016-04-01 00:00:00+09:00,1936.2037968489003,1942.9472145131542,1889.8428004071548,1892.37158203125,2315800,0.0,0.0
2016-04-04 00:00:00+09:00,1885.6280875305204,1921.873955998921,1876.3558886199992,1904.1724853515625,1428800,0.0,0.0
2016-04-05 00:00:00+09:00,1887.313869162495,1900.8007034218072,1841.7958035373165,1844.3245849609375,1229500,0.0,0.0
2016-04-06 00:00:00+09:00,1862.8689869190978,1881.4133840739485,1860.340205488891,1863.7119140625,1226000,0.0,0.0
2016-04-07 00:00:00+09:00,1860.3402416128952,1881.413420607151,1832.5236453404777,1859.497314453125,1037300,0.0,0.0
2016-04-08 00:00:00+09:00,1830.8378616312416,1898.2720370136076,1821.5656625161662,1873.8271484375,1292300,0.0,0.0
2016-04-11 00:00:00+09:00,1844.324765669592,1853.5969651313676,1807.2359678224886,1846.0106201171875,1082000,0.0,0.0
2016-04-12 00:00:00+09:00,1787.848338020293,1835.0522545356805,1782.7907755365018,1828.308837890625,3005400,0.0,0.0
2016-04-13 00:00:00+09:00,1828.308899282391,1877.1986716006845,1825.7801179555827,1875.5128173828125,1666100,0.0,0.0
2016-04-14 00:00:00+09:00,1915.9735051261055,1942.104248046875,1910.0730147891575,1942.104248046875,1389400,0.0,0.0
2016-04-15 00:00:00+09:00,1918.5023133567674,1948.0047654514453,1910.9159685324216,1944.633056640625,1152000,0.0,0.0
2016-04-18 00:00:00+09:00,1896.5862073396381,1934.5179314864308,1888.9998625102796,1921.8740234375,941200,0.0,0.0
2016-04-19 00:00:00+09:00,1951.3763342025431,1985.9363470329122,1943.7899899227061,1980.8787841796875,1152000,0.0,0.0
2016-04-20 00:00:00+09:00,1974.135641995264,2003.6380960814442,1962.3346603607918,1980.0361328125,924800,0.0,0.0
2016-04-21 00:00:00+09:00,2001.109445491307,2037.3553200305346,1985.0938265088578,2034.8265380859375,1442500,0.0,0.0
2016-04-22 00:00:00+09:00,2017.1247771349176,2045.7843017578125,2004.4808692130523,2045.7843017578125,1173300,0.0,0.0
2016-04-25 00:00:00+09:00,2043.2555342585404,2044.098461459142,2010.3813734350738,2035.669189453125,708700,0.0,0.0
2016-04-26 00:00:00+09:00,2036.5119718127078,2043.2553889379153,2012.0670847338301,2029.7685546875,760600,0.0,0.0
2016-04-27 00:00:00+09:00,2036.5117919407896,2036.5117919407896,1997.7371468955594,2001.9517822265625,810000,0.0,0.0
2016-04-28 00:00:00+09:00,2010.3812896967142,2015.4388526896619,1935.3607719679899,1940.4183349609375,1149900,0.0,0.0
2016-05-02 00:00:00+09:00,1875.5128801411836,1883.0992243754627,1835.8953046955046,1851.0679931640625,1617400,0.0,0.0
2016-05-06 00:00:00+09:00,1855.2826833580282,1868.7695179485454,1814.8221795864763,1833.3665771484375,1669200,0.0,0.0
2016-05-09 00:00:00+09:00,1875.5129359687764,1884.7851347533413,1649.60845649029,1742.3304443359375,5721000,0.0,0.0
2016-05-10 00:00:00+09:00,1795.4349666446835,1827.4662007913962,1780.2622767857142,1817.35107421875,2683400,0.0,0.0
2016-05-11 00:00:00+09:00,1791.2201876914469,1833.3665450488927,1785.3196976614045,1788.69140625,1844500,0.0,0.0
2016-05-12 00:00:00+09:00,1770.1469094723775,1777.7332533701165,1756.6600758763975,1771.832763671875,1533900,0.0,0.0
2016-05-13 00:00:00+09:00,1748.2309301600458,1749.0738573202002,1698.4982277109414,1700.18408203125,1933700,0.0,0.0
2016-05-16 00:00:00+09:00,1702.7128544560185,1727.157741970486,1699.3411458333333,1706.927490234375,1353000,0.0,0.0
2016-05-17 00:00:00+09:00,1684.1684083705084,1722.100129279754,1681.6396269765585,1721.2572021484375,1399300,0.0,0.0
2016-05-18 00:00:00+09:00,1699.340958984375,1709.4560837402344,1679.9536365356446,1685.8541259765625,2167100,0.0,0.0
2016-05-19 00:00:00+09:00,1677.425072199281,1677.425072199281,1631.064077741512,1637.8074951171875,3519000,0.0,0.0
2016-05-20 00:00:00+09:00,1629.3782877986832,1633.5929238250637,1603.2475444351244,1613.3626708984375,2754800,0.0,0.0
2016-05-23 00:00:00+09:00,1602.404532064667,1605.7762407065704,1572.059154287535,1586.388916015625,2516400,0.0,0.0
2016-05-24 00:00:00+09:00,1583.0171983506943,1589.7606155960648,1563.6298737702546,1570.373291015625,1999000,0.0,0.0
2016-05-25 00:00:00+09:00,1581.3312944128159,1594.8181284803027,1566.1586060868933,1584.7030029296875,2157000,0.0,0.0
2016-05-26 00:00:00+09:00,1615.0485743405666,1642.865172959167,1609.9910109553664,1621.7919921875,3038000,0.0,0.0
2016-05-27 00:00:00+09:00,1622.6347433448145,1653.823047502611,1622.6347433448145,1639.4932861328125,2723500,0.0,0.0
2016-05-30 00:00:00+09:00,1645.3937503914078,1688.3830338288883,1643.7078961389575,1682.4825439453125,2332100,0.0,0.0
2016-05-31 00:00:00+09:00,1682.482719916802,1691.754919275061,1670.6817389153814,1687.540283203125,1341200,0.0,0.0
2016-06-01 00:00:00+09:00,1667.3097701865424,1688.382947261701,1661.4092806054982,1678.267822265625,2687600,0.0,0.0
2016-06-02 00:00:00+09:00,1673.2103294922888,1676.5820379648173,1620.9488481680964,1624.320556640625,1551900,0.0,0.0
2016-06-03 00:00:00+09:00,1626.8495849609376,1649.6086206054688,1617.5773852539064,1643.7081298828125,1769100,0.0,0.0
2016-06-06 00:00:00+09:00,1609.9908583603894,1626.006474228896,1593.132315340909,1622.634765625,1407100,0.0,0.0
2016-06-07 00:00:00+09:00,1607.4620099613421,1627.6922607421875,1599.875665918525,1627.6922607421875,1157200,0.0,0.0
2016-06-08 00:00:00+09:00,1618.4201297418335,1622.6347654963695,1591.4464609128029,1599.875732421875,1886400,0.0,0.0
2016-06-09 00:00:00+09:00,1586.3889624049946,1586.3889624049946,1534.970404112378,1552.671875,3045000,0.0,0.0
2016-06-10 00:00:00+09:00,1571.2159229448648,1590.603243882489,1569.5300689502888,1588.074462890625,3038600,0.0,0.0
2016-06-13 00:00:00+09:00,1567.8443772984172,1573.7448668904005,1554.3575439453125,1554.3575439453125,1645100,0.0,0.0
2016-06-14 00:00:00+09:00,1545.0856915384368,1558.5725279075666,1520.6408006193888,1525.6983642578125,2073800,0.0,0.0
2016-06-15 00:00:00+09:00,1517.26883487117,1534.1273774808496,1509.682490696814,1513.05419921875,1575000,0.0,0.0
2016-06-16 00:00:00+09:00,1513.0541620399747,1521.4834331376903,1491.9809842956852,1494.509765625,1852400,0.0,0.0
2016-06-17 00:00:00+09:00,1502.0963525390625,1529.9129516601563,1494.5100073242188,1517.26904296875,3937200,0.0,0.0
2016-06-20 00:00:00+09:00,1555.20046875,1587.2316979166667,1550.14290625,1580.48828125,2640700,0.0,0.0
2016-06-21 00:00:00+09:00,1577.1166587667262,1592.2893470926488,1567.0015332161113,1584.7030029296875,1639200,0.0,0.0
2016-06-22 00:00:00+09:00,1588.0747928488122,1602.404554780038,1570.3733222278859,1592.2894287109375,1897800,0.0,0.0
2016-06-23 00:00:00+09:00,1580.4884666691346,1585.5460297624759,1556.043578384652,1578.8026123046875,1309000,0.0,0.0
2016-06-24 00:00:00+09:00,1569.530368820667,1573.7450046123442,1413.5888445286027,1430.4473876953125,3441800,0.0,0.0
2016-06-27 00:00:00+09:00,1472.5936261554098,1480.1799699650255,1438.0336154671602,1449.8345947265625,1860400,0.0,0.0
2016-06-28 00:00:00+09:00,1434.661904692854,1495.35265506764,1416.9604358335414,1475.96533203125,2647100,0.0,0.0
2016-06-29 00:00:00+09:00,1442.248399270667,1453.2064525672881,1423.7040013840776,1452.363525390625,2355300,0.0,0.0
2016-06-30 00:00:00+09:00,1462.4786337108214,1462.4786337108214,1418.6464210578172,1420.332275390625,2399100,0.0,0.0
2016-07-01 00:00:00+09:00,1448.1487808093768,1454.0492706031287,1434.661946995087,1442.248291015625,1242100,0.0,0.0
2016-07-04 00:00:00+09:00,1428.7615554254223,1464.1644966218046,1410.217157655889,1459.10693359375,918900,0.0,0.0
2016-07-05 00:00:00+09:00,1432.976097102464,1454.0492750010296,1425.3897530589804,1438.8765869140625,1025400,0.0,0.0
2016-07-06 00:00:00+09:00,1396.730265126645,1400.101973672515,1342.7829283927251,1389.1439208984375,2757600,0.0,0.0
2016-07-07 00:00:00+09:00,1384.9293077912575,1402.6307779456192,1373.1283276883496,1395.04443359375,1553400,0.0,0.0
2016-07-08 00:00:00+09:00,1400.9447861089939,1417.8033274580791,1382.400390625,1382.400390625,1653500,0.0,0.0
2016-07-11 00:00:00+09:00,1382.400390625,1382.400390625,1382.400390625,1382.400390625,0,0.0,0.0
2016-07-12 00:00:00+09:00,1449.8346855111197,1486.9234797916367,1449.8346855111197,1473.4366455078125,2453000,0.0,0.0
2016-07-13 00:00:00+09:00,1490.2953055833684,1521.483612317862,1486.0806695381666,1499.5675048828125,2363500,0.0,0.0
2016-07-14 00:00:00+09:00,1500.4105323808726,1507.1539505039327,1487.766623400135,1493.6671142578125,979400,0.0,0.0
2016-07-15 00:00:00+09:00,1496.1957960466511,1516.4260490636198,1481.8660334929648,1499.5675048828125,1709500,0.0,0.0
2016-07-19 00:00:00+09:00,1523.169455867881,1529.0699462890625,1509.6826206194658,1529.0699462890625,1528000,0.0,0.0
2016-07-20 00:00:00+09:00,1524.8551693478146,1524.8551693478146,1472.593687590178,1497.03857421875,1372800,0.0,0.0
2016-07-21 00:00:00+09:00,1517.268825221706,1517.268825221706,1480.1800317162865,1497.03857421875,1617000,0.0,0.0
2016-07-22 00:00:00+09:00,1484.3946274701286,1577.1166087431066,1478.4941377527573,1576.273681640625,2241600,0.0,0.0
2016-07-25 00:00:00+09:00,1583.8602667984992,1643.7081001900337,1581.3314851058992,1621.7919921875,2692000,0.0,0.0
2016-07-26 00:00:00+09:00,1614.2054524523146,1616.7342338399685,1569.530314603765,1584.7030029296875,1546700,0.0,0.0
2016-07-27 00:00:00+09:00,1604.090243436933,1632.7497643391166,1584.702920473691,1626.00634765625,2129800,0.0,0.0
2016-07-28 00:00:00+09:00,1611.6768896279216,1615.0485986020385,1587.2319995655732,1604.9334716796875,1379100,0.0,0.0
2016-07-29 00:00:00+09:00,1608.3050040584415,1624.320619926948,1578.8025537743506,1622.634765625,1357300,0.0,0.0
2016-08-01 00:00:00+09:00,1592.2895630267487,1609.991035140863,1572.059309182047,1604.9334716796875,1243100,0.0,0.0
2016-08-02 00:00:00+09:00,1577.9596718581809,1585.5460164344222,1560.2582011802847,1566.15869140625,927900,0.0,0.0
2016-08-03 00:00:00+09:00,1544.2425899912769,1563.629915083962,1530.7557551441914,1540.0279541015625,1048500,0.0,0.0
2016-08-04 00:00:00+09:00,1534.9704307990346,1559.4153195926492,1524.855304401677,1555.20068359375,799800,0.0,0.0
2016-08-05 00:00:00+09:00,1529.912980780544,1554.3578713825473,1527.38419899413,1539.1851806640625,983400,0.0,0.0
2016-08-08 00:00:00+09:00,1587.231809199991,1736.4299134105052,1570.3732663513451,1727.15771484375,5060500,0.0,0.0
2016-08-09 00:00:00+09:00,1660.5664663040748,1743.1733260491508,1658.8806120235631,1730.5294189453125,4262700,0.0,0.0
2016-08-10 00:00:00+09:00,1706.0845767161886,1738.9587360501469,1689.226033468005,1696.8123779296875,1350500,0.0,0.0
2016-08-12 00:00:00+09:00,1709.456298828125,1722.9431335328834,1694.283609785272,1709.456298828125,1013900,0.0,0.0
2016-08-15 00:00:00+09:00,1706.084500707461,1737.2728043271134,1704.3986464577501,1731.372314453125,939500,0.0,0.0
2016-08-16 00:00:00+09:00,1733.058282981356,1746.5451178683702,1692.5977783203125,1692.5977783203125,867100,0.0,0.0
2016-08-17 00:00:00+09:00,1665.6240195448743,1704.3986677731455,1654.6659667847105,1691.7547607421875,915800,0.0,0.0
2016-08-18 00:00:00+09:00,1680.7969526920413,1728.843806404903,1679.954025433921,1711.142333984375,1302700,0.0,0.0
2016-08-19 00:00:00+09:00,1728.8436642643994,1735.5870817749383,1711.9851204880522,1724.6290283203125,902600,0.0,0.0
2016-08-22 00:00:00+09:00,1725.4719508622331,1735.5870771008003,1705.241698385099,1728.000732421875,610800,0.0,0.0
2016-08-23 00:00:00+09:00,1728.0006783163424,1735.5870227577311,1691.7548104297068,1700.18408203125,631700,0.0,0.0
2016-08-24 00:00:00+09:00,1719.5712181829638,1782.79074826322,1719.5712181829638,1776.8902587890625,1258400,0.0,0.0
2016-08-25 00:00:00+09:00,1777.733480751771,1786.1627528274075,1760.8749366004977,1762.560791015625,1480500,0.0,0.0
2016-08-26 00:00:00+09:00,1736.4298728001245,1753.2884152544946,1725.4718202047839,1734.7440185546875,1299600,0.0,0.0
2016-08-29 00:00:00+09:00,1776.047588792209,1800.4924772948068,1762.5607537562928,1789.534423828125,1014300,0.0,0.0
2016-08-30 00:00:00+09:00,1808.9217473784881,1856.1256699568644,1793.7490579782957,1835.052490234375,1831800,0.0,0.0
2016-08-31 00:00:00+09:00,1836.738262766905,1836.738262766905,1738.1157860602839,1759.18896484375,2528700,0.0,0.0
2016-09-01 00:00:00+09:00,1768.4610911793634,1779.4191436985873,1746.5449861409156,1767.6181640625,1105800,0.0,0.0
2016-09-02 00:00:00+09:00,1765.0894325231002,1781.1050481954683,1746.545035428779,1776.0474853515625,742900,0.0,0.0
2016-09-05 00:00:00+09:00,1809.764616955906,1814.8221799283024,1784.476802093923,1787.8485107421875,723600,0.0,0.0
2016-09-06 00:00:00+09:00,1792.9060330243178,1800.4923773107394,1776.047490165603,1795.434814453125,576000,0.0,0.0
2016-09-07 00:00:00+09:00,1770.1468422471687,1777.7331858567993,1758.3458632988543,1776.8902587890625,875000,0.0,0.0
2016-09-08 00:00:00+09:00,1776.890544046272,1780.262252858504,1743.173455923952,1769.30419921875,872500,0.0,0.0
2016-09-09 00:00:00+09:00,1774.3616358797315,1799.6494501678037,1760.8748015927597,1795.434814453125,1055500,0.0,0.0
2016-09-12 00:00:00+09:00,1755.8172475111924,1792.9060419857447,1753.2884660697455,1788.69140625,1167500,0.0,0.0
2016-09-13 00:00:00+09:00,1791.220133155866,1796.2776958847767,1771.8328093617083,1783.6337890625,976000,0.0,0.0
2016-09-14 00:00:00+09:00,1778.5761804698652,1784.4766701681065,1770.9898365721263,1771.832763671875,738600,0.0,0.0
2016-09-15 00:00:00+09:00,1775.2045443299623,1784.4767428046205,1758.3460016487663,1763.403564453125,1048100,0.0,0.0
2016-09-16 00:00:00+09:00,1770.14699092921,1782.7908980072757,1757.5030838511443,1779.419189453125,1094200,0.0,0.0
2016-09-20 00:00:00+09:00,1777.7334241365131,1828.309054979657,1764.246589245008,1825.7802734375,1587500,0.0,0.0
2016-09-21 00:00:00+09:00,1820.7227398673388,1871.2983715303203,1801.3354143965291,1870.4554443359375,1379600,0.0,0.0
2016-09-23 00:00:00+09:00,1868.7695899471714,1872.9842259190864,1833.366647783084,1870.4554443359375,1094700,0.0,0.0
2016-09-26 00:00:00+09:00,1879.7278554340792,1883.9424918812408,1847.696618435651,1851.9112548828125,953500,0.0,0.0
2016-09-27 00:00:00+09:00,1836.7383164246592,1878.041748046875,1818.1939185534602,1878.041748046875,780400,0.0,0.0
2016-09-28 00:00:00+09:00,1864.3707437850192,1872.0606322790911,1833.6111898087308,1848.990966796875,1018800,30.0,0.0
2016-09-29 00:00:00+09:00,1867.7884850198748,1901.1113353930566,1853.263139985411,1894.27587890625,771000,0.0,0.0
2016-09-30 00:00:00+09:00,1864.3709354038087,1871.2063925455277,1842.1556996932227,1843.0101318359375,1364400,0.0,0.0
2016-10-03 00:00:00+09:00,1853.263008941828,1911.3643849713553,1820.7945929253276,1906.23779296875,1478200,0.0,0.0
2016-10-04 00:00:00+09:00,1909.655889867934,1918.2002115228242,1895.98497522011,1904.529296875,840800,0.0,0.0
2016-10-05 00:00:00+09:00,1920.7635080192913,1930.1622618396705,1894.276110889132,1904.529296875,773500,0.0,0.0
2016-10-06 00:00:00+09:00,1926.7444274419215,1970.320465490497,1915.6368099001277,1942.9786376953125,1501600,0.0,0.0
2016-10-07 00:00:00+09:00,1931.0164265100927,1936.143018792863,1913.9277855675255,1923.3265380859375,1226200,0.0,0.0
2016-10-11 00:00:00+09:00,1932.725231254548,1991.6810406959996,1921.61761498297,1981.4278564453125,1127600,0.0,0.0
2016-10-12 00:00:00+09:00,1938.706238654135,1971.1746551675142,1928.4530544920153,1937.851806640625,1591200,0.0,0.0
2016-10-13 00:00:00+09:00,1931.016524578324,1952.3773268413584,1925.8899320351957,1945.5418701171875,819000,0.0,0.0
2016-10-14 00:00:00+09:00,1948.1052689309427,1965.1939116408632,1942.1242439824705,1962.630615234375,727300,0.0,0.0
2016-10-17 00:00:00+09:00,1954.0864174836602,1969.466196895425,1949.8142565359478,1960.921875,803400,0.0,0.0
2016-10-18 00:00:00+09:00,1948.105009339933,1983.9911542488264,1944.6872812533718,1979.718994140625,791300,0.0,0.0
2016-10-19 00:00:00+09:00,1966.9027352726525,2002.7888842220234,1961.7761425655997,1998.5167236328125,765700,0.0,0.0
2016-10-20 00:00:00+09:00,2017.3143051268917,2070.2890984000246,2004.4978228833918,2039.529541015625,3145200,0.0,0.0
2016-10-21 00:00:00+09:00,2038.6749341497912,2042.0926624551555,2019.0229963939466,2031.8394775390625,1559100,0.0,0.0
2016-10-24 00:00:00+09:00,2031.839651669525,2046.3649982121583,2009.6244157807917,2039.529541015625,812200,0.0,0.0
2016-10-25 00:00:00+09:00,2032.6940143056624,2051.491520953298,2025.858557342886,2047.2193603515625,590400,0.0,0.0
2016-10-26 00:00:00+09:00,2050.637119514833,2077.1245156419,2039.529501784128,2073.706787109375,1120200,0.0,0.0
2016-10-27 00:00:00+09:00,2075.415591247005,2080.542183897265,2061.744677512978,2072.852294921875,599700,0.0,0.0
2016-10-28 00:00:00+09:00,2089.941143735382,2092.504440313962,2048.9283984781055,2054.909423828125,1073100,0.0,0.0
2016-10-31 00:00:00+09:00,2048.9283902057214,2066.017033993926,2030.9853142281067,2061.744873046875,1033200,0.0,0.0
2016-11-01 00:00:00+09:00,2061.7450016593853,2071.143756329196,2033.5487376499532,2056.618408203125,688800,0.0,0.0
2016-11-02 00:00:00+09:00,2031.8393315251942,2037.8203556297678,1993.3898908529343,1995.0987548828125,1180700,0.0,0.0
2016-11-04 00:00:00+09:00,1976.3014982110722,1984.8458194311804,1924.1811387684108,1936.1431884765625,1648400,0.0,0.0
2016-11-07 00:00:00+09:00,1922.4724417484747,2060.0360253580325,1913.9281197851483,2048.073974609375,2718500,0.0,0.0
2016-11-08 00:00:00+09:00,2048.073648550491,2080.542066842071,2024.1495508619576,2067.7255859375,1773100,0.0,0.0
2016-11-09 00:00:00+09:00,2093.358509067001,2105.3205576902405,1963.484838300395,1987.408935546875,2251300,0.0,0.0
2016-11-10 00:00:00+09:00,2072.8520797252463,2116.4281127285385,2050.6368472137638,2104.466064453125,2044100,0.0,0.0
2016-11-11 00:00:00+09:00,2133.5171388911926,2138.6437319361858,2084.8145049637606,2092.50439453125,1308800,0.0,0.0
2016-11-14 00:00:00+09:00,2089.0867157808593,2089.0867157808593,2047.219538245783,2051.49169921875,1926400,0.0,0.0
2016-11-15 00:00:00+09:00,2042.0929409352261,2060.0360169852847,2033.5486190066267,2054.909423828125,735200,0.0,0.0
2016-11-16 00:00:00+09:00,2079.6878159822536,2080.542248117004,2042.94723418799,2070.2890625,1177200,0.0,0.0
2016-11-17 00:00:00+09:00,2076.270183222106,2095.0676910537463,2062.5992684354583,2092.50439453125,828700,0.0,0.0
2016-11-18 00:00:00+09:00,2113.864685873054,2124.972301441506,2091.6494547361503,2113.01025390625,1205400,0.0,0.0
2016-11-21 00:00:00+09:00,2125.8268203280318,2153.1686443836975,2113.0103403019384,2148.896484375,1264800,0.0,0.0
2016-11-22 00:00:00+09:00,2142.0610953153036,2148.8965515428754,2130.099046917053,2142.91552734375,1119400,0.0,0.0
2016-11-24 00:00:00+09:00,2160.004308341487,2183.073974609375,2153.1688516695203,2183.073974609375,1130800,0.0,0.0
2016-11-25 00:00:00+09:00,2183.073925435496,2201.01699879524,2157.4409634930053,2171.96630859375,1109700,0.0,0.0
2016-11-28 00:00:00+09:00,2172.8210123065837,2203.5805704831614,2163.422258419296,2200.162841796875,950200,0.0,0.0
2016-11-29 00:00:00+09:00,2186.491448420609,2207.85224803394,2182.2192884979427,2193.326904296875,1137500,0.0,0.0
2016-11-30 00:00:00+09:00,2192.4730456850066,2198.454071140889,2165.1312150295425,2173.675537109375,1522100,0.0,0.0
2016-12-01 00:00:00+09:00,2195.890384474864,2211.2701614867497,2178.8017433505456,2192.47265625,2494900,0.0,0.0
2016-12-02 00:00:00+09:00,2178.80204696229,2183.9286400139663,2135.2260060230446,2141.20703125,1622400,0.0,0.0
2016-12-05 00:00:00+09:00,2122.4092434533704,2130.953564079189,2107.029466326897,2119.845947265625,1424600,0.0,0.0
2016-12-06 00:00:00+09:00,2157.4413251576934,2184.7831558131575,2154.878028533744,2173.675537109375,1567500,0.0,0.0
2016-12-07 00:00:00+09:00,2165.1305298565426,2193.326783797058,2150.605186917489,2191.617919921875,1680400,0.0,0.0
2016-12-08 00:00:00+09:00,2212.9791392450747,2212.9791392450747,2190.7639046426143,2201.01708984375,1233900,0.0,0.0
2016-12-09 00:00:00+09:00,2192.4730078882026,2219.814838072311,2183.9286859556687,2204.43505859375,1052900,0.0,0.0
2016-12-12 00:00:00+09:00,2219.814183451454,2224.940775099148,2175.3837225047737,2181.36474609375,1148600,0.0,0.0
2016-12-13 00:00:00+09:00,2176.238669835774,2214.6881162993036,2171.9665091176043,2209.5615234375,1004000,0.0,0.0
2016-12-14 00:00:00+09:00,2206.1438426964096,2228.3590789125624,2206.1438426964096,2220.669189453125,981800,0.0,0.0
2016-12-15 00:00:00+09:00,2224.9411546318674,2253.13741350393,2217.2512658485775,2231.776611328125,959100,0.0,0.0
2016-12-16 00:00:00+09:00,2255.700805528579,2327.473103886307,2253.991941281967,2309.530029296875,2888000,0.0,0.0
2016-12-19 00:00:00+09:00,2294.1502065651466,2303.5489597391565,2267.662811256573,2295.004638671875,1083600,0.0,0.0
2016-12-20 00:00:00+09:00,2295.0045823037112,2295.8590143894535,2270.2260518171856,2290.732421875,777000,0.0,0.0
2016-12-21 00:00:00+09:00,2297.5681752258074,2304.4036327943486,2280.479531304455,2298.422607421875,921000,0.0,0.0
2016-12-22 00:00:00+09:00,2285.6057926557905,2324.90966796875,2266.8082870713315,2324.90966796875,1330600,0.0,0.0
2016-12-26 00:00:00+09:00,2323.200515950521,2340.2891552734377,2302.694148763021,2306.96630859375,950100,0.0,0.0
2016-12-27 00:00:00+09:00,2309.529984486254,2321.4920339804485,2282.1881570709525,2295.004638671875,617600,0.0,0.0
2016-12-28 00:00:00+09:00,2301.8403362061454,2306.9669293825514,2275.3529381280496,2298.422607421875,566400,0.0,0.0
2016-12-29 00:00:00+09:00,2300.9853890729696,2300.9853890729696,2257.409356825394,2263.390380859375,710800,0.0,0.0
2016-12-30 00:00:00+09:00,2255.701034994348,2271.0808147784005,2245.4478484716465,2267.6630859375,646000,0.0,0.0
2017-01-04 00:00:00+09:00,2283.896685421445,2328.3271484375,2268.5169097620415,2328.3271484375,982900,0.0,0.0
2017-01-05 00:00:00+09:00,2324.0553637200737,2358.232648480663,2306.966721339779,2319.783203125,1070500,0.0,0.0
2017-01-06 00:00:00+09:00,2295.858876135403,2306.112060546875,2286.4601237582206,2306.112060546875,648500,0.0,0.0
2017-01-10 00:00:00+09:00,2302.6945276324286,2313.802145019895,2285.605885497865,2295.004638671875,774700,0.0,0.0
2017-01-11 00:00:00+09:00,2289.8781421402564,2328.3275885567905,2288.169277855077,2317.219970703125,691800,0.0,0.0
2017-01-12 00:00:00+09:00,2322.346083984375,2341.1435872395837,2290.7321012369794,2306.96630859375,699800,0.0,0.0
2017-01-13 00:00:00+09:00,2295.8589288212875,2318.07416222261,2283.8968800667294,2313.802001953125,575000,0.0,0.0
2017-01-16 00:00:00+09:00,2310.3844013115286,2320.6375865244495,2296.7134876943005,2308.675537109375,567500,0.0,0.0
2017-01-17 00:00:00+09:00,2310.384375,2316.3653996394232,2274.4982271634617,2277.0615234375,926300,0.0,0.0
2017-01-18 00:00:00+09:00,2277.061659367927,2280.479387937335,2238.61221296209,2265.099609375,829900,0.0,0.0
2017-01-19 00:00:00+09:00,2283.0421251881116,2293.295308385064,2255.7003033295714,2271.080078125,751600,0.0,0.0
2017-01-20 00:00:00+09:00,2282.1881646860706,2297.567942658496,2269.3716830423823,2288.169189453125,631700,0.0,0.0
2017-01-23 00:00:00+09:00,2321.49221484375,2365.9226878551135,2306.1124357244316,2349.6884765625,1790800,0.0,0.0
2017-01-24 00:00:00+09:00,2327.472868546196,2339.434917062953,2291.586722995924,2299.276611328125,1526100,0.0,0.0
2017-01-25 00:00:00+09:00,2330.036012399656,2353.9601078698397,2318.9283966456424,2328.3271484375,1452500,0.0,0.0
2017-01-26 00:00:00+09:00,2341.1438626061836,2351.397047405919,2314.6564685402013,2338.58056640625,1276700,0.0,0.0
2017-01-27 00:00:00+09:00,2348.833758573997,2357.3780792672455,2326.618524771551,2331.7451171875,883500,0.0,0.0
2017-01-30 00:00:00+09:00,2306.9664961154917,2312.0930883290816,2300.985471866303,2302.6943359375,865000,0.0,0.0
2017-01-31 00:00:00+09:00,2267.6627326734138,2283.042510061553,2254.846251516631,2255.70068359375,1201700,0.0,0.0
2017-02-01 00:00:00+09:00,2232.631187965626,2274.498362940871,2219.814705830347,2265.099609375,1198500,0.0,0.0
2017-02-02 00:00:00+09:00,2276.207485671656,2279.625214629121,2245.4479250544714,2254.8466796875,1180900,0.0,0.0
2017-02-03 00:00:00+09:00,2248.0110422693,2264.24525352096,2239.4667205579003,2252.283203125,1009300,0.0,0.0
2017-02-06 00:00:00+09:00,2279.6247658350135,2394.1186633694556,2263.3905564831152,2383.865478515625,4208000,0.0,0.0
2017-02-07 00:00:00+09:00,2341.1440528917747,2443.6759092228012,2341.1440528917747,2438.54931640625,2688900,0.0,0.0
2017-02-08 00:00:00+09:00,2445.384805421133,2455.6379911880977,2388.137851555579,2411.20751953125,1613300,0.0,0.0
2017-02-09 00:00:00+09:00,2374.466729398948,2400.9541236455716,2364.213544529287,2380.44775390625,1407500,0.0,0.0
2017-02-10 00:00:00+09:00,2409.4985737972124,2421.4606234543617,2359.0870788135117,2375.3212890625,1321700,0.0,0.0
2017-02-13 00:00:00+09:00,2371.9033949429554,2374.4666911190466,2336.8716805363774,2359.0869140625,1289500,0.0,0.0
2017-02-14 00:00:00+09:00,2359.0864583992284,2364.213049761197,2318.9281593971405,2321.491455078125,792600,0.0,0.0
2017-02-15 00:00:00+09:00,2344.5615945446852,2346.270458680651,2324.055224913099,2335.162841796875,790800,0.0,0.0
2017-02-16 00:00:00+09:00,2357.3781891369795,2374.466831319922,2332.599657971712,2343.707275390625,788800,0.0,0.0
2017-02-17 00:00:00+09:00,2324.055352149798,2336.871833871213,2313.802166772667,2330.036376953125,627300,0.0,0.0
2017-02-20 00:00:00+09:00,2321.4919553460627,2370.194583779896,2321.4919553460627,2366.77685546875,753300,0.0,0.0
2017-02-21 00:00:00+09:00,2364.2137273654903,2387.2833951063176,2360.795998811294,2379.593505859375,970500,0.0,0.0
2017-02-22 00:00:00+09:00,2392.409919804352,2413.7707226597477,2373.612413291603,2385.574462890625,1229500,0.0,0.0
2017-02-23 00:00:00+09:00,2389.8463049964375,2418.89699300855,2377.88425699145,2398.390625,766900,0.0,0.0
2017-02-24 00:00:00+09:00,2385.574275311718,2405.2262123934406,2377.884386888435,2389.846435546875,695300,0.0,0.0
2017-02-27 00:00:00+09:00,2376.1759388260202,2380.4480998091667,2336.0176255844444,2347.125244140625,757000,0.0,0.0
2017-02-28 00:00:00+09:00,2347.979304537096,2376.175562561013,2338.580551862457,2352.25146484375,1243200,0.0,0.0
2017-03-01 00:00:00+09:00,2368.485835974086,2383.865614129762,2353.10605781841,2371.903564453125,748800,0.0,0.0
2017-03-02 00:00:00+09:00,2422.314507206784,2482.1247419526308,2413.7701879573774,2430.00439453125,2054100,0.0,0.0
2017-03-03 00:00:00+09:00,2441.9666765143556,2476.1439568014707,2430.0046284138657,2440.2578125,1401800,0.0,0.0
2017-03-06 00:00:00+09:00,2442.821225340261,2458.201002204943,2430.0047446196936,2445.384521484375,685600,0.0,0.0
2017-03-07 00:00:00+09:00,2439.4037564372147,2443.6759171315002,2424.8784100766425,2431.7138671875,778900,0.0,0.0
2017-03-08 00:00:00+09:00,2445.3846864763213,2480.41640280949,2444.530254370634,2461.618896484375,1516700,0.0,0.0
2017-03-09 00:00:00+09:00,2477.8529070425725,2494.087115743886,2471.871882784194,2476.14404296875,907000,0.0,0.0
2017-03-10 00:00:00+09:00,2506.0495564737084,2509.46728515625,2482.125455695916,2509.46728515625,1081600,0.0,0.0
2017-03-13 00:00:00+09:00,2511.1758450292436,2518.8657336325996,2501.7770922918085,2508.612548828125,559100,0.0,0.0
2017-03-14 00:00:00+09:00,2497.5049992564923,2508.6126164273214,2488.9606783558543,2502.631591796875,716800,0.0,0.0
2017-03-15 00:00:00+09:00,2503.485595703125,2518.0109387498665,2490.6691165442353,2503.485595703125,999600,0.0,0.0
2017-03-16 00:00:00+09:00,2494.9414293054383,2534.2453011369626,2494.9414293054383,2533.390869140625,885400,0.0,0.0
2017-03-17 00:00:00+09:00,2518.8658015080873,2518.8658015080873,2479.561925365152,2502.631591796875,1332900,0.0,0.0
2017-03-21 00:00:00+09:00,2501.7767129845124,2531.6818307968274,2490.669097797081,2523.991943359375,1323700,0.0,0.0
2017-03-22 00:00:00+09:00,2492.3784741996333,2525.7013266143695,2492.3784741996333,2496.650634765625,1291000,0.0,0.0
2017-03-23 00:00:00+09:00,2496.6503594265023,2534.2453682611244,2488.1060392368154,2527.409912109375,1276500,0.0,0.0
2017-03-24 00:00:00+09:00,2541.0808036696744,2562.44160396952,2529.9731875137545,2547.916259765625,1439200,0.0,0.0
2017-03-27 00:00:00+09:00,2529.1189074160447,2533.3910677326257,2494.9416248833954,2518.86572265625,1522700,0.0,0.0
2017-03-28 00:00:00+09:00,2540.226626371133,2541.935490566472,2522.2835523200756,2537.663330078125,1234500,0.0,0.0
2017-03-29 00:00:00+09:00,2527.30568362691,2555.7896616186067,2522.1267785375107,2541.979248046875,1603600,30.0,0.0
2017-03-30 00:00:00+09:00,2503.136726304281,2525.578641781492,2453.937142373473,2454.80029296875,3439400,0.0,0.0
2017-03-31 00:00:00+09:00,2441.8534819206307,2482.4215673396016,2438.40087890625,2438.40087890625,3585500,0.0,0.0
2017-04-03 00:00:00+09:00,2453.9378109346226,2475.5165816955673,2446.1694534606827,2460.843017578125,1119200,0.0,0.0
2017-04-04 00:00:00+09:00,2459.980037708296,2463.432641269992,2402.1489280498904,2415.09619140625,1250500,0.0,0.0
2017-04-05 00:00:00+09:00,2421.1379523946766,2431.495761816686,2401.2854843358255,2409.9169921875,794600,0.0,0.0
2017-04-06 00:00:00+09:00,2391.791074561654,2409.054092061197,2355.5387378126143,2359.8544921875,1282000,0.0,0.0
2017-04-07 00:00:00+09:00,2381.433297535553,2387.4753537453207,2353.812469148044,2363.30712890625,1217500,0.0,0.0
2017-04-10 00:00:00+09:00,2386.612110502752,2403.8751275769127,2357.2649814766783,2391.791015625,1126900,0.0,0.0
2017-04-11 00:00:00+09:00,2384.8857526315414,2390.064657631827,2350.3597192963034,2360.717529296875,1019200,0.0,0.0
2017-04-12 00:00:00+09:00,2349.496780473302,2373.6650059888248,2348.6336295620335,2370.21240234375,946400,0.0,0.0
2017-04-13 00:00:00+09:00,2358.1278541032657,2380.5697736518327,2351.222648088322,2375.390869140625,834300,0.0,0.0
2017-04-14 00:00:00+09:00,2375.391307811362,2377.117609633899,2338.2758186268093,2370.21240234375,1228300,0.0,0.0
2017-04-17 00:00:00+09:00,2355.5386741551897,2371.0753894849054,2341.728260528776,2365.896484375,725500,0.0,0.0
2017-04-18 00:00:00+09:00,2377.1175499825954,2415.9593400149906,2377.1175499825954,2402.14892578125,1052100,0.0,0.0
2017-04-19 00:00:00+09:00,2385.7490042404215,2395.243663808672,2369.3491377134433,2371.075439453125,1357100,0.0,0.0
2017-04-20 00:00:00+09:00,2360.717456142825,2408.1907505076715,2359.8543053361914,2390.927734375,1119900,0.0,0.0
2017-04-21 00:00:00+09:00,2402.1487755884095,2406.464529766614,2370.2121946696993,2386.612060546875,1198200,0.0,0.0
2017-04-24 00:00:00+09:00,2414.232720423117,2438.4009421506275,2393.5171017995367,2432.35888671875,1176300,0.0,0.0
2017-04-25 00:00:00+09:00,2389.2013194572432,2389.2013194572432,2295.981036761657,2341.72802734375,4241600,0.0,0.0
2017-04-26 00:00:00+09:00,2338.2755612743144,2368.48583984375,2318.423092500114,2368.48583984375,1443800,0.0,0.0
2017-04-27 00:00:00+09:00,2353.8121963562035,2374.527815246027,2348.6332916337474,2372.801513671875,1254300,0.0,0.0
2017-04-28 00:00:00+09:00,2376.2543990929867,2403.8752275604675,2370.212342865725,2402.14892578125,1423800,0.0,0.0
2017-05-01 00:00:00+09:00,2405.600881213916,2424.590195669139,2394.379922672194,2410.77978515625,929000,0.0,0.0
2017-05-02 00:00:00+09:00,2421.1380793779867,2465.1587717303137,2415.95917439536,2460.843017578125,1456100,0.0,0.0
2017-05-08 00:00:00+09:00,2490.1897666529603,2501.4107257401315,2379.706477179276,2459.9794921875,4123500,0.0,0.0
2017-05-09 00:00:00+09:00,2485.0110663491646,2516.947644832985,2466.021749412839,2480.6953125,2746400,0.0,0.0
2017-05-10 00:00:00+09:00,2443.579796043602,2456.5270574143738,2400.422258141031,2427.179931640625,2269800,0.0,0.0
2017-05-11 00:00:00+09:00,2404.7380849677616,2407.3275373205624,2343.454379284807,2346.906982421875,2620300,0.0,0.0
2017-05-12 00:00:00+09:00,2334.823017779034,2352.9491853847126,2324.4652077186465,2349.49658203125,1482100,0.0,0.0
2017-05-15 00:00:00+09:00,2330.5073485706,2375.39119380233,2326.191594221395,2371.075439453125,1216200,0.0,0.0
2017-05-16 00:00:00+09:00,2385.748353268385,2397.832462148905,2373.664244387865,2379.706298828125,1067600,0.0,0.0
2017-05-17 00:00:00+09:00,2365.033203125,2377.980465185903,2340.0018298072537,2365.033203125,1007600,0.0,0.0
2017-05-18 00:00:00+09:00,2333.0969092659816,2349.49677655272,2320.149645618557,2344.31787109375,1055900,0.0,0.0
2017-05-19 00:00:00+09:00,2330.507471082478,2343.454734810714,2320.149660099889,2333.096923828125,910500,0.0,0.0
2017-05-22 00:00:00+09:00,2345.1803630537775,2365.8959790689746,2343.454061719178,2364.169677734375,812600,0.0,0.0
2017-05-23 00:00:00+09:00,2333.0967544487035,2340.8651121216735,2290.802362673644,2302.886474609375,1887400,0.0,0.0
2017-05-24 00:00:00+09:00,2298.5704934566656,2305.4756995954763,2278.718025807584,2304.612548828125,1711000,0.0,0.0
2017-05-25 00:00:00+09:00,2283.0339553569333,2306.339027869083,2263.181486179916,2297.70751953125,1406100,0.0,0.0
2017-05-26 00:00:00+09:00,2290.8021324373235,2309.7914492849577,2288.212680139919,2291.665283203125,700200,0.0,0.0
2017-05-29 00:00:00+09:00,2281.3074740135066,2298.5704893295374,2272.675966355491,2291.665283203125,566700,0.0,0.0
2017-05-30 00:00:00+09:00,2294.254507378472,2331.3699866174766,2294.254507378472,2330.5068359375,1026600,0.0,0.0
2017-05-31 00:00:00+09:00,2321.875391640364,2333.9595014853326,2314.1070353114555,2324.46484375,1533400,0.0,0.0
2017-06-01 00:00:00+09:00,2332.2332033734892,2397.832656910271,2322.7385456247443,2374.527587890625,1635600,0.0,0.0
2017-06-02 00:00:00+09:00,2377.117321468863,2396.969790021435,2361.5806069494583,2390.927734375,1262900,0.0,0.0
2017-06-05 00:00:00+09:00,2382.2960367213227,2384.022338197208,2357.26466532099,2358.990966796875,851600,0.0,0.0
2017-06-06 00:00:00+09:00,2356.4016976239163,2357.264848428907,2312.381006569404,2314.970458984375,1272800,0.0,0.0
2017-06-07 00:00:00+09:00,2286.486619429155,2302.0233348499646,2264.9078480113635,2278.71826171875,1355000,0.0,0.0
2017-06-08 00:00:00+09:00,2287.3495083129974,2292.5284128601215,2270.086493155918,2276.99169921875,821600,0.0,0.0
2017-06-09 00:00:00+09:00,2291.665123801741,2312.3807407400623,2286.4862195671612,2300.296630859375,1090700,0.0,0.0
2017-06-12 00:00:00+09:00,2289.076030803821,2315.8337068803366,2287.3497291214653,2312.381103515625,904000,0.0,0.0
2017-06-13 00:00:00+09:00,2328.780703196806,2351.2226225011486,2321.875497257008,2347.77001953125,1038700,0.0,0.0
2017-06-14 00:00:00+09:00,2352.086229282205,2354.67568201169,2340.0021165446083,2344.31787109375,683800,0.0,0.0
2017-06-15 00:00:00+09:00,2326.1911570990264,2342.5910205442515,2299.43348516208,2313.243896484375,1056100,0.0,0.0
2017-06-16 00:00:00+09:00,2314.1072526197304,2358.9910934016125,2314.1072526197304,2346.906982421875,1473600,0.0,0.0
2017-06-19 00:00:00+09:00,2351.2227772117917,2384.022507584056,2346.043872416171,2376.254150390625,1130500,0.0,0.0
2017-06-20 00:00:00+09:00,2393.517123427372,2413.3695914543573,2393.517123427372,2396.9697265625,1158000,0.0,0.0
2017-06-21 00:00:00+09:00,2384.8856525994165,2419.4116844864875,2374.527843033295,2413.36962890625,1031900,0.0,0.0
2017-06-22 00:00:00+09:00,2415.9592256217165,2420.274979865414,2400.4225103444064,2403.011962890625,935700,0.0,0.0
2017-06-23 00:00:00+09:00,2396.9693746433604,2415.9586890985834,2384.8852654445823,2410.77978515625,941000,0.0,0.0
2017-06-26 00:00:00+09:00,2416.822118285216,2422.0010228243987,2402.148555424199,2414.232666015625,866700,0.0,0.0
2017-06-27 00:00:00+09:00,2416.822156039151,2432.3588698994026,2402.1485929489136,2430.632568359375,906800,0.0,0.0
2017-06-28 00:00:00+09:00,2428.0435741191004,2453.074951171875,2423.7278194548294,2453.074951171875,968000,0.0,0.0
2017-06-29 00:00:00+09:00,2459.980158634709,2459.980158634709,2445.3065927761863,2453.074951171875,1371300,0.0,0.0
2017-06-30 00:00:00+09:00,2452.2116484541875,2454.8011010924706,2405.60150096509,2424.5908203125,1568500,0.0,0.0
2017-07-03 00:00:00+09:00,2434.947939424788,2445.3057470366625,2376.2536962908334,2379.706298828125,1067400,0.0,0.0
2017-07-04 00:00:00+09:00,2382.2961816083243,2398.6960466266423,2340.86494366731,2348.63330078125,1031200,0.0,0.0
2017-07-05 00:00:00+09:00,2352.949434920774,2389.20177397678,2340.0021709722005,2388.338623046875,906100,0.0,0.0
2017-07-06 00:00:00+09:00,2390.9277812400965,2403.875043593382,2373.664764769049,2383.159423828125,983700,0.0,0.0
2017-07-07 00:00:00+09:00,2362.443757756092,2390.927734375,2359.8543053361914,2390.927734375,848100,0.0,0.0
2017-07-10 00:00:00+09:00,2409.9171257345088,2428.906444060497,2395.2435615735176,2423.7275390625,771800,0.0,0.0
2017-07-11 00:00:00+09:00,2430.632289842382,2464.295166015625,2428.0428378290553,2464.295166015625,892100,0.0,0.0
2017-07-12 00:00:00+09:00,2458.2531113178634,2470.3372207133866,2453.0742072912108,2464.295166015625,826900,0.0,0.0
2017-07-13 00:00:00+09:00,2477.2429228837195,2494.5059397679265,2460.843056843723,2490.190185546875,1176600,0.0,0.0
2017-07-14 00:00:00+09:00,2500.547708636586,2513.4949698135097,2491.053050440175,2510.905517578125,954000,0.0,0.0
2017-07-17 00:00:00+09:00,2510.905517578125,2510.905517578125,2510.905517578125,2510.905517578125,0,0.0,0.0
2017-07-18 00:00:00+09:00,2499.6845914328014,2518.6739080804264,2489.3267823522788,2514.358154296875,710200,0.0,0.0
2017-07-19 00:00:00+09:00,2497.094975824369,2521.26319543138,2485.874016721114,2510.042236328125,712400,0.0,0.0
2017-07-20 00:00:00+09:00,2510.905538771467,2532.48430758181,2508.316086514226,2525.5791015625,827100,0.0,0.0
2017-07-21 00:00:00+09:00,2515.221232800335,2526.4421923152304,2488.46356011097,2494.505615234375,767500,0.0,0.0
2017-07-24 00:00:00+09:00,2482.421630859375,2492.77944016755,2466.884916897112,2482.421630859375,828600,0.0,0.0
2017-07-25 00:00:00+09:00,2468.611553459154,2477.243062387333,2443.5801775674354,2453.93798828125,593500,0.0,0.0
2017-07-26 00:00:00+09:00,2464.295418533201,2466.88487081187,2437.537744986956,2440.127197265625,653200,0.0,0.0
2017-07-27 00:00:00+09:00,2436.6746910030374,2459.1166116428103,2427.180032270826,2437.537841796875,724900,0.0,0.0
2017-07-28 00:00:00+09:00,2434.9482421875,2437.5376944124423,2426.3167347710255,2434.9482421875,614500,0.0,0.0
2017-07-31 00:00:00+09:00,2435.8113012256736,2455.663767536159,2426.3166434250065,2450.48486328125,692800,0.0,0.0
2017-08-01 00:00:00+09:00,2450.4848279071566,2485.874006471508,2439.263868850167,2484.147705078125,642800,0.0,0.0
2017-08-02 00:00:00+09:00,2485.8745283223457,2496.232338857022,2461.706303741434,2487.600830078125,617900,0.0,0.0
2017-08-03 00:00:00+09:00,2481.5583037271913,2493.6424137279496,2472.063645869452,2489.32666015625,495500,0.0,0.0
2017-08-04 00:00:00+09:00,2483.2848786282034,2492.7795375315436,2476.3796721530466,2479.832275390625,455100,0.0,0.0
2017-08-07 00:00:00+09:00,2503.137338377921,2569.5999504658866,2478.9691158004794,2567.010498046875,2590300,0.0,0.0
2017-08-08 00:00:00+09:00,2551.4734118360707,2559.2417679614173,2516.084233931714,2529.031494140625,1143800,0.0,0.0
2017-08-09 00:00:00+09:00,2529.031494140625,2565.283822725576,2517.810535292902,2529.031494140625,1179600,0.0,0.0
2017-08-10 00:00:00+09:00,2521.263347800432,2553.1999256397385,2510.0423880190533,2525.5791015625,1420000,0.0,0.0
2017-08-11 00:00:00+09:00,2525.5791015625,2525.5791015625,2525.5791015625,2525.5791015625,0,0.0,0.0
2017-08-14 00:00:00+09:00,2504.0003838105636,2508.316137660633,2430.632568359375,2430.632568359375,1472700,0.0,0.0
2017-08-15 00:00:00+09:00,2470.337571962697,2494.5057941901446,2435.8115402092003,2437.537841796875,1102600,0.0,0.0
2017-08-16 00:00:00+09:00,2427.1798686784987,2447.0323355987,2420.2746627932115,2433.221923828125,930900,0.0,0.0
2017-08-17 00:00:00+09:00,2428.9063003864694,2447.8956175892067,2426.3168480406416,2434.085205078125,525600,0.0,0.0
2017-08-18 00:00:00+09:00,2393.517433393879,2416.8225075740575,2377.117566378198,2403.875244140625,909600,0.0,0.0
2017-08-21 00:00:00+09:00,2410.7799106928082,2535.9367624831616,2383.15908822873,2522.989501953125,2592300,0.0,0.0
2017-08-22 00:00:00+09:00,2510.9055512700343,2535.0737724579203,2490.189933108989,2514.358154296875,1926700,0.0,0.0
2017-08-23 00:00:00+09:00,2529.894872196385,2538.5263797780854,2516.0844600656646,2527.305419921875,1322200,0.0,0.0
2017-08-24 00:00:00+09:00,2525.5792682885376,2535.0739271918783,2479.832275390625,2479.832275390625,1256300,0.0,0.0
2017-08-25 00:00:00+09:00,2486.737334120481,2486.737334120481,2456.5270575865634,2477.24267578125,811100,0.0,0.0
2017-08-28 00:00:00+09:00,2497.9586406128014,2497.9586406128014,2480.695623055007,2487.600830078125,588100,0.0,0.0
2017-08-29 00:00:00+09:00,2481.5586438323007,2499.6848113176848,2477.2428896691144,2486.737548828125,765700,0.0,0.0
2017-08-30 00:00:00+09:00,2485.0112502798847,2510.905775291485,2472.0639877740846,2499.684814453125,749300,0.0,0.0
2017-08-31 00:00:00+09:00,2504.0002223000283,2517.8106337294666,2484.147755870211,2489.32666015625,1179800,0.0,0.0
2017-09-01 00:00:00+09:00,2503.1373610238024,2541.1159968462325,2500.547908581364,2531.621337890625,1116900,0.0,0.0
2017-09-04 00:00:00+09:00,2512.6316884288763,2530.757853134134,2494.505523723618,2510.042236328125,662100,0.0,0.0
2017-09-05 00:00:00+09:00,2517.810972387019,2525.5793298609588,2453.9378109346226,2460.843017578125,1151000,0.0,0.0
2017-09-06 00:00:00+09:00,2445.306219372855,2460.8429337917437,2437.5378621634104,2452.21142578125,852600,0.0,0.0
2017-09-07 00:00:00+09:00,2475.5165081698287,2499.684730704262,2469.4744525362203,2491.05322265625,730600,0.0,0.0
2017-09-08 00:00:00+09:00,2472.927018728745,2491.0531853581706,2462.5692092262166,2474.6533203125,900300,0.0,0.0
2017-09-11 00:00:00+09:00,2516.0843637883563,2535.9368304666177,2514.3580623380726,2529.894775390625,841200,0.0,0.0
2017-09-12 00:00:00+09:00,2546.2949185477005,2552.336974286627,2530.75820379046,2533.34765625,735500,0.0,0.0
2017-09-13 00:00:00+09:00,2550.610675979873,2558.3790333686443,2543.705469412076,2546.294921875,804900,0.0,0.0
2017-09-14 00:00:00+09:00,2559.241823083015,2585.9994947577447,2549.747165391982,2584.273193359375,1310700,0.0,0.0
2017-09-15 00:00:00+09:00,2571.326154338705,2623.978351523888,2567.873551244594,2619.66259765625,1401500,0.0,0.0
2017-09-18 00:00:00+09:00,2619.66259765625,2619.66259765625,2619.66259765625,2619.66259765625,0,0.0,0.0
2017-09-19 00:00:00+09:00,2628.2945163058766,2649.8732890177475,2602.3999890516316,2636.926025390625,916700,0.0,0.0
2017-09-20 00:00:00+09:00,2619.662274009303,2632.609534012644,2615.346520674856,2623.97802734375,795400,0.0,0.0
2017-09-21 00:00:00+09:00,2632.60986328125,2671.4516481493342,2623.978355532787,2632.60986328125,836900,0.0,0.0
2017-09-22 00:00:00+09:00,2619.6624529198207,2628.2939601782055,2574.7786151762193,2579.95751953125,2117700,0.0,0.0
2017-09-25 00:00:00+09:00,2564.421263636246,2611.03141114091,2555.789754839086,2602.39990234375,2252300,0.0,0.0
2017-09-26 00:00:00+09:00,2615.3470847022454,2615.3470847022454,2588.589408258097,2606.715576171875,749300,0.0,0.0
2017-09-27 00:00:00+09:00,2612.8181088096217,2628.5107100637338,2575.3302280359103,2584.04833984375,888600,30.0,0.0
2017-09-28 00:00:00+09:00,2611.074165745785,2667.7418855365954,2611.074165745785,2650.3056640625,871300,0.0,0.0
2017-09-29 00:00:00+09:00,2637.2289086537958,2650.3060767958805,2592.766536970707,2603.228271484375,1002800,0.0,0.0
2017-10-02 00:00:00+09:00,2628.510816965672,2654.6651534528924,2624.1517608844683,2632.869873046875,670000,0.0,0.0
2017-10-03 00:00:00+09:00,2645.9467878874866,2645.9467878874866,2591.8944976571656,2604.099853515625,957700,0.0,0.0
2017-10-04 00:00:00+09:00,2615.433629144358,2659.0241896300968,2611.0745730957838,2645.947021484375,759900,0.0,0.0
2017-10-05 00:00:00+09:00,2641.5875710227274,2645.946626420455,2619.792294034091,2637.228515625,540400,0.0,0.0
2017-10-06 00:00:00+09:00,2667.7420936609324,2724.4098178726845,2659.0239822437397,2676.460205078125,1760700,0.0,0.0
2017-10-09 00:00:00+09:00,2676.460205078125,2676.460205078125,2676.460205078125,2676.460205078125,0,0.0,0.0
2017-10-10 00:00:00+09:00,2672.1011493695287,2680.8192607867213,2654.6649265351434,2676.460205078125,620700,0.0,0.0
2017-10-11 00:00:00+09:00,2667.742317286264,2693.896653730247,2654.6651490642726,2689.53759765625,731300,0.0,0.0
2017-10-12 00:00:00+09:00,2693.8966380186885,2693.8966380186885,2641.5879654358014,2645.947021484375,891700,0.0,0.0
2017-10-13 00:00:00+09:00,2628.5104048295457,2667.741903409091,2624.1513494318183,2637.228515625,845200,0.0,0.0
2017-10-16 00:00:00+09:00,2641.587759409355,2693.8964279125103,2632.8696479921623,2676.460205078125,632200,0.0,0.0
2017-10-17 00:00:00+09:00,2676.4598852658546,2680.8189404535838,2645.9464989517487,2672.100830078125,649400,0.0,0.0
2017-10-18 00:00:00+09:00,2663.3827197026662,2680.8189404535838,2645.9464989517487,2672.100830078125,661300,0.0,0.0
2017-10-19 00:00:00+09:00,2672.101298939098,2689.5375227494674,2667.7422429865055,2685.178466796875,744500,0.0,0.0
2017-10-20 00:00:00+09:00,2659.02409495587,2667.7422067426105,2641.587871382389,2654.6650390625,749600,0.0,0.0
2017-10-23 00:00:00+09:00,2693.896748761433,2702.614861216972,2676.460523850356,2680.819580078125,564700,0.0,0.0
2017-10-24 00:00:00+09:00,2680.8193915495003,2702.614671155594,2667.742223785844,2698.255615234375,442600,0.0,0.0
2017-10-25 00:00:00+09:00,2702.614539329703,2702.614539329703,2667.7420936609324,2676.460205078125,602000,0.0,0.0
2017-10-26 00:00:00+09:00,2672.101298939098,2702.6146906072445,2654.665075128729,2685.178466796875,551400,0.0,0.0
2017-10-27 00:00:00+09:00,2702.61480086889,2737.48724991236,2685.1785763471553,2720.051025390625,821700,0.0,0.0
2017-10-30 00:00:00+09:00,2711.3328385207665,2720.0509505417335,2689.537558468349,2715.69189453125,736500,0.0,0.0
2017-10-31 00:00:00+09:00,2711.33251953125,2720.0506305265276,2689.5372420430567,2711.33251953125,875100,0.0,0.0
2017-11-01 00:00:00+09:00,2733.1279857895456,2763.6413763804976,2715.691762594716,2750.564208984375,716000,0.0,0.0
2017-11-02 00:00:00+09:00,2781.0775804970917,2785.436636265896,2754.9232458842666,2763.641357421875,819900,0.0,0.0
2017-11-03 00:00:00+09:00,2763.641357421875,2763.641357421875,2763.641357421875,2763.641357421875,0,0.0,0.0
2017-11-06 00:00:00+09:00,2754.9234744340947,2815.950260260166,2577.9457955384864,2720.051025390625,2523900,0.0,0.0
2017-11-07 00:00:00+09:00,2663.3828301680715,2667.7418855365954,2597.9969996402137,2650.3056640625,2223300,0.0,0.0
2017-11-08 00:00:00+09:00,2632.869873046875,2650.306097371689,2624.1517608844683,2632.869873046875,1067600,0.0,0.0
2017-11-09 00:00:00+09:00,2667.741903409091,2676.4600142045456,2604.099694602273,2637.228515625,2043800,0.0,0.0
2017-11-10 00:00:00+09:00,2597.9970125765412,2619.792289527687,2558.7655140644797,2580.560791015625,1562000,0.0,0.0
2017-11-13 00:00:00+09:00,2606.7149896154506,2628.5102654483553,2540.457351083419,2544.81640625,1596600,0.0,0.0
2017-11-14 00:00:00+09:00,2519.534354886427,2549.1759355321497,2515.1752989091146,2543.945068359375,1037700,0.0,0.0
2017-11-15 00:00:00+09:00,2523.021303429693,2542.20114747788,2501.226026102208,2512.5595703125,1232000,0.0,0.0
2017-11-16 00:00:00+09:00,2496.86718343099,2524.7651407877606,2486.4054494222005,2510.816162109375,1201600,0.0,0.0
2017-11-17 00:00:00+09:00,2545.6885289205725,2550.91939576082,2510.816083318921,2520.406005859375,1240000,0.0,0.0
2017-11-20 00:00:00+09:00,2508.2008379355243,2525.6370620435223,2495.9954810599256,2502.969970703125,1106700,0.0,0.0
2017-11-21 00:00:00+09:00,2528.252370343435,2537.8422931274963,2509.0725247753126,2509.9443359375,895000,0.0,0.0
2017-11-22 00:00:00+09:00,2508.2008481857847,2519.5343939023005,2495.123680051344,2517.790771484375,771400,0.0,0.0
2017-11-23 00:00:00+09:00,2517.790771484375,2517.790771484375,2517.790771484375,2517.790771484375,0,0.0,0.0
2017-11-24 00:00:00+09:00,2498.6106346680026,2529.1240234375,2486.4052791602035,2529.1240234375,824900,0.0,0.0
2017-11-27 00:00:00+09:00,2525.6369519551595,2527.3805742899576,2503.8416727701824,2510.816162109375,1061200,0.0,0.0
2017-11-28 00:00:00+09:00,2510.8162176724136,2548.304098700162,2510.8162176724136,2528.25244140625,1034900,0.0,0.0
2017-11-29 00:00:00+09:00,2542.201035821401,2543.0728468762095,2526.5084368348494,2534.354736328125,661800,0.0,0.0
2017-11-30 00:00:00+09:00,2532.611587550233,2582.3048269617175,2517.790796848562,2576.2021484375,1508300,0.0,0.0
2017-12-01 00:00:00+09:00,2603.228087439904,2641.5877779447114,2595.381787109375,2606.71533203125,923700,0.0,0.0
2017-12-04 00:00:00+09:00,2624.1515704433314,2645.9468492676115,2548.3040001348363,2550.91943359375,800300,0.0,0.0
2017-12-05 00:00:00+09:00,2548.3037811279296,2593.637957186312,2545.688347893792,2580.560791015625,867100,0.0,0.0
2017-12-06 00:00:00+09:00,2549.1761652462933,2562.253334356654,2530.8681284917884,2543.073486328125,704500,0.0,0.0
2017-12-07 00:00:00+09:00,2563.124537002984,2597.996979683297,2561.3809148689684,2592.76611328125,899500,0.0,0.0
2017-12-08 00:00:00+09:00,2610.2028412224263,2637.2289895450367,2579.6894479549633,2593.638427734375,1050600,0.0,0.0
2017-12-11 00:00:00+09:00,2606.7155365596545,2632.869873046875,2582.304822504915,2632.869873046875,741600,0.0,0.0
2017-12-12 00:00:00+09:00,2637.2284979569285,2650.3056640625,2632.8694425884046,2650.3056640625,726400,0.0,0.0
2017-12-13 00:00:00+09:00,2645.9472117764044,2650.3062681384745,2615.4338172419157,2628.510986328125,725500,0.0,0.0
2017-12-14 00:00:00+09:00,2632.869873046875,2645.9470412904857,2615.433648722061,2632.869873046875,605100,0.0,0.0
2017-12-15 00:00:00+09:00,2619.79248046875,2632.869647592554,2595.3817685043155,2619.79248046875,1089700,0.0,0.0
2017-12-18 00:00:00+09:00,2624.151611328125,2628.510667160896,2597.125465164945,2624.151611328125,946800,0.0,0.0
2017-12-19 00:00:00+09:00,2624.1514521059785,2628.5105076742607,2578.817274195842,2586.66357421875,1069000,0.0,0.0
2017-12-20 00:00:00+09:00,2586.663526046036,2602.3561257996016,2576.2017928769924,2597.9970703125,583500,0.0,0.0
2017-12-21 00:00:00+09:00,2597.1252290560465,2606.715151016307,2585.791684921193,2596.25341796875,635500,0.0,0.0
2017-12-22 00:00:00+09:00,2598.869140625,2608.4590636531366,2586.663784043735,2598.869140625,503900,0.0,0.0
2017-12-25 00:00:00+09:00,2601.4842613636365,2641.5875710227274,2594.509772727273,2637.228515625,425400,0.0,0.0
2017-12-26 00:00:00+09:00,2645.946626420455,2645.946626420455,2619.792294034091,2637.228515625,423200,0.0,0.0
2017-12-27 00:00:00+09:00,2637.228815489019,2667.7422067426105,2619.7925919155377,2654.6650390625,508600,0.0,0.0
2017-12-28 00:00:00+09:00,2659.0237926136365,2667.741903409091,2637.228515625,2637.228515625,674800,0.0,0.0
2017-12-29 00:00:00+09:00,2645.9467589331452,2689.537315093494,2637.2286477010757,2659.02392578125,717000,0.0,0.0
2018-01-01 00:00:00+09:00,2659.02392578125,2659.02392578125,2659.02392578125,2659.02392578125,0,0.0,0.0
2018-01-02 00:00:00+09:00,2659.02392578125,2659.02392578125,2659.02392578125,2659.02392578125,0,0.0,0.0
2018-01-03 00:00:00+09:00,2659.02392578125,2659.02392578125,2659.02392578125,2659.02392578125,0,0.0,0.0
2018-01-04 00:00:00+09:00,2693.8965951352834,2737.4871549271165,2685.178483176917,2728.76904296875,908500,0.0,0.0
2018-01-05 00:00:00+09:00,2746.2047994361733,2776.718186096575,2733.127633724572,2772.359130859375,806500,0.0,0.0
2018-01-08 00:00:00+09:00,2772.359130859375,2772.359130859375,2772.359130859375,2772.359130859375,0,0.0,0.0
2018-01-09 00:00:00+09:00,2789.7961097946286,2794.155166216183,2750.5646020006416,2759.28271484375,852100,0.0,0.0
2018-01-10 00:00:00+09:00,2750.5644183036607,2750.5644183036607,2689.5376324775893,2720.051025390625,789300,0.0,0.0
2018-01-11 00:00:00+09:00,2693.8965787020597,2702.6146906072445,2663.383187033913,2685.178466796875,978800,0.0,0.0
2018-01-12 00:00:00+09:00,2685.178107010691,2689.537162379215,2645.946608693976,2650.3056640625,781300,0.0,0.0
2018-01-15 00:00:00+09:00,2676.4604691975246,2693.8966937525574,2654.6651885037336,2663.38330078125,624000,0.0,0.0
2018-01-16 00:00:00+09:00,2663.382909057225,2724.409686024166,2663.382909057225,2711.33251953125,842100,0.0,0.0
2018-01-17 00:00:00+09:00,2715.6917814023936,2759.2823396913564,2715.6917814023936,2737.487060546875,805400,0.0,0.0
2018-01-18 00:00:00+09:00,2750.564152524422,2785.4365981982655,2733.1279296875,2733.1279296875,1134600,0.0,0.0
2018-01-19 00:00:00+09:00,2763.641020384974,2785.4362965709756,2746.2047994361733,2772.359130859375,672600,0.0,0.0
2018-01-22 00:00:00+09:00,2789.795784883721,2820.3091762808867,2776.7186171420785,2811.591064453125,1091900,0.0,0.0
2018-01-23 00:00:00+09:00,2824.668062475813,2837.745229431719,2802.8727842159683,2815.949951171875,794000,0.0,0.0
2018-01-24 00:00:00+09:00,2798.5138219987384,2833.386268378785,2785.436654606221,2807.23193359375,819900,0.0,0.0
2018-01-25 00:00:00+09:00,2815.9500451887616,2824.668156783773,2772.3594872137037,2807.23193359375,745200,0.0,0.0
2018-01-26 00:00:00+09:00,2794.154407045376,2798.5134622825767,2759.281965147774,2772.359130859375,687100,0.0,0.0
2018-01-29 00:00:00+09:00,2754.923658422196,2776.7189405299664,2737.4874327359794,2759.28271484375,391100,0.0,0.0
2018-01-30 00:00:00+09:00,2763.6415106465693,2776.71867867802,2711.3328385207665,2715.69189453125,795700,0.0,0.0
2018-01-31 00:00:00+09:00,2711.3323267676897,2724.409492330878,2672.100830078125,2672.100830078125,1229200,0.0,0.0
2018-02-01 00:00:00+09:00,2672.101353799143,2702.61474609375,2659.024185672883,2702.61474609375,503400,0.0,0.0
2018-02-02 00:00:00+09:00,2680.8194108442826,2698.255634654652,2672.101298939098,2685.178466796875,492200,0.0,0.0
2018-02-05 00:00:00+09:00,2628.5106342054683,2645.9468573179424,2509.9443170406444,2523.021484375,2357100,0.0,0.0
2018-02-06 00:00:00+09:00,2451.5329398840145,2459.3792401894752,2312.9149678208714,2351.274658203125,3998200,0.0,0.0
2018-02-07 00:00:00+09:00,2385.2750859819735,2387.018708120849,2295.4785458298743,2297.22216796875,2313000,0.0,0.0
2018-02-08 00:00:00+09:00,2304.197238691012,2339.941501568928,2298.9663709527804,2331.223388671875,1561200,0.0,0.0
2018-02-09 00:00:00+09:00,2277.1708787352495,2290.248046875,2261.4782769675485,2290.248046875,1741100,0.0,0.0
2018-02-12 00:00:00+09:00,2290.248046875,2290.248046875,2290.248046875,2290.248046875,0,0.0,0.0
2018-02-13 00:00:00+09:00,2325.992046440972,2351.2745686848957,2271.0679463938277,2275.427001953125,1469500,0.0,0.0
2018-02-14 00:00:00+09:00,2261.478117487981,2267.5807955228365,2200.4513371394232,2210.041259765625,1795500,0.0,0.0
2018-02-15 00:00:00+09:00,2227.4773073567203,2248.400773257527,2215.2719522479165,2242.298095703125,878600,0.0,0.0
2018-02-16 00:00:00+09:00,2257.9907143269643,2315.530246043404,2255.375281067126,2299.837646484375,1109100,0.0,0.0
2018-02-19 00:00:00+09:00,2314.658693392601,2358.249252590202,2303.325148001225,2357.37744140625,1029600,0.0,0.0
2018-02-20 00:00:00+09:00,2353.018318419426,2353.018318419426,2316.4022497370934,2325.120361328125,642400,0.0,0.0
2018-02-21 00:00:00+09:00,2330.351443040572,2349.531290308396,2308.556162054409,2323.376953125,590800,0.0,0.0
2018-02-22 00:00:00+09:00,2304.1967019174385,2312.043001696953,2282.4014247521204,2299.837646484375,594000,0.0,0.0
2018-02-23 00:00:00+09:00,2256.2468972601523,2305.068313893293,2253.631464226234,2302.452880859375,746400,0.0,0.0
2018-02-26 00:00:00+09:00,2296.3504143493997,2323.376558178113,2289.375925619409,2314.658447265625,713200,0.0,0.0
2018-02-27 00:00:00+09:00,2334.7102085632278,2335.5820196941327,2308.5558746360816,2320.76123046875,998900,0.0,0.0
2018-02-28 00:00:00+09:00,2321.633159196454,2332.0948932972265,2285.01708984375,2285.01708984375,1142200,0.0,0.0
2018-03-01 00:00:00+09:00,2257.9908995697465,2262.3499553604215,2216.1439639792643,2225.73388671875,1563000,0.0,0.0
2018-03-02 00:00:00+09:00,2180.399549750218,2209.169315900461,2170.809627700137,2188.245849609375,1159700,0.0,0.0
2018-03-05 00:00:00+09:00,2144.6554725656288,2153.373584242725,2128.9628715468557,2142.0400390625,1686300,0.0,0.0
2018-03-06 00:00:00+09:00,2182.142978852371,2196.963766163793,2142.0396720096983,2149.01416015625,1237800,0.0,0.0
2018-03-07 00:00:00+09:00,2128.0908683764287,2147.270712335577,2108.9110244172803,2116.75732421875,1492500,0.0,0.0
2018-03-08 00:00:00+09:00,2094.9623874025874,2128.0912141696695,2088.8597087875987,2094.090576171875,1804400,0.0,0.0
2018-03-09 00:00:00+09:00,2095.8343685629175,2133.322254523069,2081.013576439136,2089.731689453125,2022700,0.0,0.0
2018-03-12 00:00:00+09:00,2124.6038197756106,2146.399099010075,2112.3984634043104,2128.091064453125,1265900,0.0,0.0
2018-03-13 00:00:00+09:00,2117.629255623653,2126.347367009506,2097.5775994361916,2123.73193359375,915600,0.0,0.0
2018-03-14 00:00:00+09:00,2099.321488435551,2115.0140909238567,2086.2443196952963,2096.7060546875,1267500,0.0,0.0
2018-03-15 00:00:00+09:00,2089.7315401253863,2092.3469738426897,2063.5772029523528,2081.013427734375,1100000,0.0,0.0
2018-03-16 00:00:00+09:00,2074.0390327142277,2081.0135229461375,2055.730995855464,2072.29541015625,1890600,0.0,0.0
2018-03-19 00:00:00+09:00,2066.1923194712294,2089.7312193133066,2060.0896417343947,2076.654052734375,839700,0.0,0.0
2018-03-20 00:00:00+09:00,2063.577291575526,2086.244384765625,2048.756499874308,2086.244384765625,979900,0.0,0.0
2018-03-21 00:00:00+09:00,2086.244384765625,2086.244384765625,2086.244384765625,2086.244384765625,0,0.0,0.0
2018-03-22 00:00:00+09:00,2066.1925027268185,2078.397859283011,2047.8844678925304,2073.1669921875,1217700,0.0,0.0
2018-03-23 00:00:00+09:00,2037.4227381774506,2037.4227381774506,1992.0885565834294,2009.5247802734375,1800900,0.0,0.0
2018-03-26 00:00:00+09:00,1998.1912284644695,2030.4482421875,1994.7039837376556,2030.4482421875,1329500,0.0,0.0
2018-03-27 00:00:00+09:00,2030.448111615034,2071.4232345201035,1999.0629110920022,2065.320556640625,1991600,0.0,0.0
2018-03-28 00:00:00+09:00,2037.8893548911465,2098.9463959191485,2031.6951623230882,2094.52197265625,1917700,35.0,0.0
2018-03-29 00:00:00+09:00,2104.25535603754,2108.6797785691583,2040.5436715822404,2066.205322265625,1663700,0.0,0.0
2018-03-30 00:00:00+09:00,2080.3637245255286,2106.910262907394,2073.2846476236978,2102.48583984375,1065600,0.0,0.0
2018-04-02 00:00:00+09:00,2090.0973934568656,2106.910200601523,2081.2485475912563,2084.7880859375,545200,0.0,0.0
2018-04-03 00:00:00+09:00,2057.356632944873,2083.903170144162,2044.0833643452286,2075.939208984375,954700,0.0,0.0
2018-04-04 00:00:00+09:00,2083.9033446955673,2101.6010376441495,2058.2416899201226,2090.982421875,786700,0.0,0.0
2018-04-05 00:00:00+09:00,2119.298651761934,2149.3847286554224,2102.4858440861603,2138.76611328125,1033600,0.0,0.0
2018-04-06 00:00:00+09:00,2143.190499122921,2172.3916908946208,2123.723037941788,2128.1474609375,1313300,0.0,0.0
2018-04-09 00:00:00+09:00,2132.5722116391157,2162.6582926331944,2127.2629032283958,2152.924560546875,798100,0.0,0.0
2018-04-10 00:00:00+09:00,2123.7230193570235,2129.032326905416,2090.0974048838707,2122.838134765625,1195000,0.0,0.0
2018-04-11 00:00:00+09:00,2122.8381859365136,2128.1474936128866,2101.600955231021,2102.48583984375,662000,0.0,0.0
2018-04-12 00:00:00+09:00,2116.6436896999576,2122.837881099581,2085.6727327018393,2086.5576171875,774000,0.0,0.0
2018-04-13 00:00:00+09:00,2107.7948383532075,2159.118138363487,2106.9099538702717,2152.0390625,1319900,0.0,0.0
2018-04-16 00:00:00+09:00,2153.808740396865,2159.118047069988,2113.1040559029225,2127.26220703125,974400,0.0,0.0
2018-04-17 00:00:00+09:00,2127.2624700142633,2160.003198546097,2122.8380472396916,2132.57177734375,801200,0.0,0.0
2018-04-18 00:00:00+09:00,2144.075437271527,2183.895245227457,2136.996360301584,2178.5859375,1149200,0.0,0.0
2018-04-19 00:00:00+09:00,2183.8951768218494,2201.5928686923667,2159.118408203125,2159.118408203125,977600,0.0,0.0
2018-04-20 00:00:00+09:00,2147.6152284350837,2152.0396520618556,2131.687303378705,2145.845458984375,541700,0.0,0.0
2018-04-23 00:00:00+09:00,2149.3847594887916,2153.809182624833,2135.22660545346,2147.614990234375,562700,0.0,0.0
2018-04-24 00:00:00+09:00,2166.1974345310596,2179.470703125,2143.1904356348964,2179.470703125,507700,0.0,0.0
2018-04-25 00:00:00+09:00,2156.4637420103077,2156.4637420103077,2131.6869735341943,2155.578857421875,714600,0.0,0.0
2018-04-26 00:00:00+09:00,2162.657934129336,2168.852126248364,2150.269549891279,2155.578857421875,695500,0.0,0.0
2018-04-27 00:00:00+09:00,2155.579031097126,2173.2767242916834,2149.384838479031,2170.6220703125,900700,0.0,0.0
2018-04-30 00:00:00+09:00,2170.6220703125,2170.6220703125,2170.6220703125,2170.6220703125,0,0.0,0.0
2018-05-01 00:00:00+09:00,2159.1184740042504,2159.1184740042504,2099.831204431183,2107.795166015625,965900,0.0,0.0
2018-05-02 00:00:00+09:00,2123.722759046053,2160.8879073293588,2117.5285676655017,2152.0390625,1142300,0.0,0.0
2018-05-03 00:00:00+09:00,2152.0390625,2152.0390625,2152.0390625,2152.0390625,0,0.0,0.0
2018-05-04 00:00:00+09:00,2152.0390625,2152.0390625,2152.0390625,2152.0390625,0,0.0,0.0
2018-05-07 00:00:00+09:00,2152.0393190681443,2234.3335857923785,2085.6729749356978,2155.578857421875,3274100,0.0,0.0
2018-05-08 00:00:00+09:00,2212.21139469652,2306.8940423895315,2202.4776645598554,2237.873046875,2117800,0.0,0.0
2018-05-09 00:00:00+09:00,2242.297399897475,2259.1102059740538,2215.750863987086,2218.405517578125,1135200,0.0,0.0
2018-05-10 00:00:00+09:00,2212.211419526246,2226.369572611214,2198.9381510090884,2210.441650390625,576600,0.0,0.0
2018-05-11 00:00:00+09:00,2192.7438724498056,2222.8299465673576,2167.967105529469,2220.17529296875,1058300,0.0,0.0
2018-05-14 00:00:00+09:00,2228.1394841416077,2256.4557921211676,2215.75109940055,2251.146484375,797400,0.0,0.0
2018-05-15 00:00:00+09:00,2270.613570433624,2291.8507979045544,2257.3403032642927,2283.001953125,873700,0.0,0.0
2018-05-16 00:00:00+09:00,2269.729028576504,2283.002297749466,2259.995297849665,2276.80810546875,1137200,0.0,0.0
2018-05-17 00:00:00+09:00,2289.196524736358,2322.8221404843216,2277.6930246120546,2321.937255859375,1617100,0.0,0.0
2018-05-18 00:00:00+09:00,2327.246507833485,2335.210469267136,2300.699969721316,2306.00927734375,1097700,0.0,0.0
2018-05-21 00:00:00+09:00,2313.088028775594,2327.2461804436925,2300.699646066008,2317.512451171875,709800,0.0,0.0
2018-05-22 00:00:00+09:00,2306.0091389783374,2313.9730999341336,2260.880026895492,2267.07421875,1235300,0.0,0.0
2018-05-23 00:00:00+09:00,2256.4553502531858,2258.225119155345,2212.211127699202,2230.793701171875,1138100,0.0,0.0
2018-05-24 00:00:00+09:00,2226.3696613012667,2228.1394305073886,2200.7080078125,2200.7080078125,832000,0.0,0.0
2018-05-25 00:00:00+09:00,2193.6288562918694,2205.132355739951,2174.161395687424,2179.470703125,745800,0.0,0.0
2018-05-28 00:00:00+09:00,2176.81604296875,2216.6358486328127,2172.3916201171874,2212.21142578125,855400,0.0,0.0
2018-05-29 00:00:00+09:00,2209.556677295515,2211.326446360229,2168.8519888070914,2185.664794921875,781100,0.0,0.0
2018-05-30 00:00:00+09:00,2158.2334736739053,2168.85208855053,2141.4206667859166,2144.960205078125,950700,0.0,0.0
2018-05-31 00:00:00+09:00,2146.7301637264263,2150.269702331086,2124.6080474472997,2129.032470703125,1803600,0.0,0.0
2018-06-01 00:00:00+09:00,2119.298647485598,2124.6079551619714,2094.5218783291903,2102.48583984375,1182900,0.0,0.0
2018-06-04 00:00:00+09:00,2139.650872641052,2155.5787947698936,2119.2985276986433,2137.881103515625,934600,0.0,0.0
2018-06-05 00:00:00+09:00,2137.88123482069,2156.4638117789827,2123.7230809477055,2140.535888671875,1393800,0.0,0.0
2018-06-06 00:00:00+09:00,2144.0753639477803,2176.8160938140895,2144.0753639477803,2157.3486328125,702300,0.0,0.0
2018-06-07 00:00:00+09:00,2152.9241849922837,2162.6579153806583,2134.341608796296,2150.26953125,714400,0.0,0.0
2018-06-08 00:00:00+09:00,2134.3416469159642,2144.96026207475,2126.377685546875,2126.377685546875,991400,0.0,0.0
2018-06-11 00:00:00+09:00,2123.723364287916,2157.348984222475,2116.6442864069563,2152.924560546875,506900,0.0,0.0
2018-06-12 00:00:00+09:00,2170.6219141504785,2181.2405293032734,2157.3486452094853,2160.88818359375,563500,0.0,0.0
2018-06-13 00:00:00+09:00,2146.730006157033,2146.730006157033,2100.716007673865,2119.298583984375,1034200,0.0,0.0
2018-06-14 00:00:00+09:00,2111.3347564347973,2120.1836028574075,2086.557986451489,2087.44287109375,804000,0.0,0.0
2018-06-15 00:00:00+09:00,2099.830861528251,2099.830861528251,2046.73779296875,2046.73779296875,1217900,0.0,0.0
2018-06-18 00:00:00+09:00,2046.7379264530118,2047.622810986714,2000.7239307005016,2015.7669677734375,1085200,0.0,0.0
2018-06-19 00:00:00+09:00,1990.989944376118,2006.0329795114044,1975.946909240832,1978.6015625,1030900,0.0,0.0
2018-06-20 00:00:00+09:00,1968.8682291195632,1991.8752286508482,1954.7100755618496,1987.4508056640625,1235400,0.0,0.0
2018-06-21 00:00:00+09:00,1975.0625274535644,2010.457913250223,1974.1776428086478,1983.0264892578125,879300,0.0,0.0
2018-06-22 00:00:00+09:00,1968.867958556556,1981.2563412171364,1956.4795758959754,1979.486572265625,1337000,0.0,0.0
2018-06-25 00:00:00+09:00,1958.2495591274528,1962.6739819903705,1900.7320619095203,1902.5018310546875,1978500,0.0,0.0
2018-06-26 00:00:00+09:00,1858.257420388535,1922.853987859184,1829.056232353858,1918.4295654296875,2180700,0.0,0.0
2018-06-27 00:00:00+09:00,1917.5447065129,1935.2423964668722,1907.810977038215,1925.5086669921875,811000,0.0,0.0
2018-06-28 00:00:00+09:00,1925.508783325802,1965.328588128036,1924.6238987746412,1958.24951171875,1469500,0.0,0.0
2018-06-29 00:00:00+09:00,1950.2854387303983,1964.4435907357006,1926.3935572214505,1960.904052734375,1072300,0.0,0.0
2018-07-02 00:00:00+09:00,1960.0193311438713,1983.0263300647475,1935.2425630752355,1937.897216796875,1184300,0.0,0.0
2018-07-03 00:00:00+09:00,1945.860958692917,1948.5156121154175,1931.702807106247,1944.97607421875,1378700,0.0,0.0
2018-07-04 00:00:00+09:00,1940.5517988161725,1964.4436814281364,1936.1273761102532,1952.0552978515625,750600,0.0,0.0
2018-07-05 00:00:00+09:00,1954.710205078125,1960.0195130140548,1947.6311278302187,1954.710205078125,817800,0.0,0.0
2018-07-06 00:00:00+09:00,1964.44391473503,1993.6451080621723,1960.904376149922,1983.911376953125,861500,0.0,0.0
2018-07-09 00:00:00+09:00,2028.1552157814529,2047.622674222636,2012.2272952386666,2045.8529052734375,1377600,0.0,0.0
2018-07-10 00:00:00+09:00,2054.701935704331,2084.7880105596055,2039.658898276694,2063.55078125,1086700,0.0,0.0
2018-07-11 00:00:00+09:00,2035.234362240037,2037.0041312506805,2013.1122496069931,2031.69482421875,923600,0.0,0.0
2018-07-12 00:00:00+09:00,2035.2345757805665,2045.8531909585522,2022.84619140625,2022.84619140625,928700,0.0,0.0
2018-07-13 00:00:00+09:00,2046.7378631265058,2070.629744797243,2044.0832096075349,2066.205322265625,887800,0.0,0.0
2018-07-16 00:00:00+09:00,2066.205322265625,2066.205322265625,2066.205322265625,2066.205322265625,0,0.0,0.0
2018-07-17 00:00:00+09:00,2069.7453254466923,2075.9395183830443,2055.5871701636024,2059.126708984375,661500,0.0,0.0
2018-07-18 00:00:00+09:00,2082.133168732006,2096.291320325594,2044.0831363242391,2045.8529052734375,749200,0.0,0.0
2018-07-19 00:00:00+09:00,2054.70225549269,2067.090641184722,2041.4289851083702,2050.27783203125,971700,0.0,0.0
2018-07-20 00:00:00+09:00,2044.0832960749246,2059.1263333187662,2028.1553742873277,2056.4716796875,628300,0.0,0.0
2018-07-23 00:00:00+09:00,2040.5438481415772,2062.6659627137974,2036.1194252271332,2047.6229248046875,496200,0.0,0.0
2018-07-24 00:00:00+09:00,2056.4716796875,2067.97517875632,2042.3135269874138,2056.4716796875,535800,0.0,0.0
2018-07-25 00:00:00+09:00,2071.5150948570786,2078.5941724986237,2055.5871701636024,2059.126708984375,402000,0.0,0.0
2018-07-26 00:00:00+09:00,2074.1695832115915,2090.9823912666343,2072.39981394264,2082.133544921875,661100,0.0,0.0
2018-07-27 00:00:00+09:00,2092.752096809786,2101.6009428850916,2081.248596911889,2098.9462890625,546500,0.0,0.0
2018-07-30 00:00:00+09:00,2106.025353509027,2109.5648919182854,2083.903238451159,2095.40673828125,532400,0.0,0.0
2018-07-31 00:00:00+09:00,2119.2986126062856,2132.5718815787677,1974.1775385071496,2022.84619140625,2270900,0.0,0.0
2018-08-01 00:00:00+09:00,1987.4506798557118,2007.803024306594,1849.40869140625,1849.40869140625,2936600,0.0,0.0
2018-08-02 00:00:00+09:00,1856.4877690761998,1865.3366144960103,1775.9632757559261,1781.2725830078125,2441800,0.0,0.0
2018-08-03 00:00:00+09:00,1777.733175913493,1793.661098843529,1769.7692144484747,1783.9273681640625,1205800,0.0,0.0
2018-08-06 00:00:00+09:00,1787.4668661070893,1795.4308273917247,1770.6540589506365,1772.423828125,1154400,0.0,0.0
2018-08-07 00:00:00+09:00,1765.3445821412852,1775.9631961692028,1752.9561991087148,1759.150390625,1205500,0.0,0.0
2018-08-08 00:00:00+09:00,1749.4167887165318,1772.423787455343,1743.2225967483903,1760.9202880859375,1091900,0.0,0.0
2018-08-09 00:00:00+09:00,1747.6470195827771,1766.2295954872015,1735.2586356464942,1760.9202880859375,859000,0.0,0.0
2018-08-10 00:00:00+09:00,1752.071401685793,1757.3807089636286,1743.2225562227334,1749.416748046875,1073400,0.0,0.0
2018-08-13 00:00:00+09:00,1737.028395384489,1751.1865483779436,1721.1004732668523,1723.755126953125,969700,0.0,0.0
2018-08-14 00:00:00+09:00,1721.9853425704387,1753.8411865234375,1718.4458043534387,1753.8411865234375,741300,0.0,0.0
2018-08-15 00:00:00+09:00,1748.5319263119254,1752.0714646242977,1725.5249272815054,1732.60400390625,724200,0.0,0.0
2018-08-16 00:00:00+09:00,1721.98524862821,1744.107361277596,1698.9782514728483,1727.2945556640625,1124700,0.0,0.0
2018-08-17 00:00:00+09:00,1745.8773057793242,1794.5459584999844,1740.5679982097975,1776.8482666015625,1386400,0.0,0.0
2018-08-20 00:00:00+09:00,1765.344745229924,1774.1935910706757,1754.7261302210222,1770.654052734375,649400,0.0,0.0
2018-08-21 00:00:00+09:00,1759.150500143728,1766.2295766030588,1747.6470008973154,1755.6109619140625,614600,0.0,0.0
2018-08-22 00:00:00+09:00,1770.654135619395,1800.7402128862911,1768.884366368401,1794.5460205078125,889600,0.0,0.0
2018-08-23 00:00:00+09:00,1803.3948248368276,1825.5169399599486,1783.0424789235562,1817.552978515625,1052600,0.0,0.0
2018-08-24 00:00:00+09:00,1837.020285823857,1844.0993620698061,1798.9702510018792,1843.2144775390625,1109100,0.0,0.0
2018-08-27 00:00:00+09:00,1859.142614867413,1870.6461151021947,1847.6391146326312,1869.76123046875,994400,0.0,0.0
2018-08-28 00:00:00+09:00,1882.149327163054,1900.7319016202352,1875.070251179366,1891.883056640625,883300,0.0,0.0
2018-08-29 00:00:00+09:00,1899.8472452462267,1927.278667976843,1898.0774760378,1921.9693603515625,1126500,0.0,0.0
2018-08-30 00:00:00+09:00,1925.5086157870792,1944.97607421875,1910.4655797262426,1944.97607421875,1323900,0.0,0.0
2018-08-31 00:00:00+09:00,1942.321605078394,1944.976258752761,1916.659952892848,1928.1634521484375,1259800,0.0,0.0
2018-09-03 00:00:00+09:00,1926.3937574940048,1927.278642086331,1842.3297212230216,1844.984375,1358100,0.0,0.0
2018-09-04 00:00:00+09:00,1840.5600031825895,1848.523964734822,1820.2076569935514,1824.632080078125,1136700,0.0,0.0
2018-09-05 00:00:00+09:00,1824.6318728129067,1876.8400592803955,1823.7469882965088,1868.8760986328125,1124600,0.0,0.0
2018-09-06 00:00:00+09:00,1862.681900675263,1883.919128996501,1845.8690949209495,1867.1063232421875,1299700,0.0,0.0
2018-09-07 00:00:00+09:00,1851.1784383157556,1861.7970526846796,1829.056325047164,1843.2144775390625,887800,0.0,0.0
2018-09-10 00:00:00+09:00,1825.5165806927903,1862.681726785421,1819.322389677352,1852.947998046875,1017400,0.0,0.0
2018-09-11 00:00:00+09:00,1839.6750779605713,1842.3297317527224,1811.3587708442951,1813.1285400390625,1246800,0.0,0.0
2018-09-12 00:00:00+09:00,1819.3226324768796,1860.9122062737733,1814.8982097325293,1853.8331298828125,1473000,0.0,0.0
2018-09-13 00:00:00+09:00,1867.1065102715493,1910.4658557707464,1844.9843952209385,1885.6890869140625,1236400,0.0,0.0
2018-09-14 00:00:00+09:00,1914.8903655935183,1924.6240966570713,1898.9624420349771,1910.4659423828125,1347000,0.0,0.0
2018-09-17 00:00:00+09:00,1910.4659423828125,1910.4659423828125,1910.4659423828125,1910.4659423828125,0,0.0,0.0
2018-09-18 00:00:00+09:00,1901.616951953563,1975.062371689322,1898.0774136530445,1973.2926025390625,1182900,0.0,0.0
2018-09-19 00:00:00+09:00,2002.494030616333,2013.9975314550481,1989.2207604178154,2006.0335693359375,1329600,0.0,0.0
2018-09-20 00:00:00+09:00,2021.9612285020005,2022.8461130658964,1964.4437318487708,1966.2135009765625,1540200,0.0,0.0
2018-09-21 00:00:00+09:00,1868.876034330986,1895.422568909551,1851.1783446119425,1884.803955078125,3836900,0.0,0.0
2018-09-24 00:00:00+09:00,1884.803955078125,1884.803955078125,1884.803955078125,1884.803955078125,0,0.0,0.0
2018-09-25 00:00:00+09:00,1884.8040969972687,1959.1343994140625,1882.1494433395262,1959.1343994140625,1823800,0.0,0.0
2018-09-26 00:00:00+09:00,1932.161545095136,1958.235386327225,1928.565153201055,1951.0426025390625,2009400,35.0,0.0
2018-09-27 00:00:00+09:00,1959.134543256659,1985.2083852733838,1951.9417592520454,1960.9327392578125,2045600,0.0,0.0
2018-09-28 00:00:00+09:00,1964.5289026012804,1993.300035270956,1957.3361194338615,1967.2261962890625,1145000,0.0,0.0
2018-10-01 00:00:00+09:00,1986.107217757428,1988.8045113985654,1954.6387919441597,1974.4189453125,1239400,0.0,0.0
2018-10-02 00:00:00+09:00,2004.9884002864817,2027.4658487201866,1985.2082456648213,1989.7037353515625,1183500,0.0,0.0
2018-10-03 00:00:00+09:00,1972.62095390355,2006.7866768973215,1951.0426025390625,1951.0426025390625,935200,0.0,0.0
2018-10-04 00:00:00+09:00,1976.2173613030045,1986.1074390893252,1951.0426178469152,1957.3363037109375,957600,0.0,0.0
2018-10-05 00:00:00+09:00,1946.5470158066862,1962.7307785247094,1931.262351017442,1933.060546875,895400,0.0,0.0
2018-10-08 00:00:00+09:00,1933.060546875,1933.060546875,1933.060546875,1933.060546875,0,0.0,0.0
2018-10-09 00:00:00+09:00,1922.2712986661359,1926.7667881391624,1885.4082849873184,1897.0965576171875,988800,0.0,0.0
2018-10-10 00:00:00+09:00,1915.9776515123585,1939.3541972370517,1893.5002037001534,1905.1884765625,631300,0.0,0.0
2018-10-11 00:00:00+09:00,1852.1418084451943,1860.2336901325764,1834.1598491399013,1844.0499267578125,1003500,0.0,0.0
2018-10-12 00:00:00+09:00,1816.1779968765163,1856.6374076980228,1811.6825067852378,1853.041015625,745400,0.0,0.0
2018-10-15 00:00:00+09:00,1826.9668468811544,1843.1506083200625,1813.480379015398,1826.0677490234375,732400,0.0,0.0
2018-10-16 00:00:00+09:00,1808.9850200666147,1838.655251509059,1804.489530454123,1836.8570556640625,928500,0.0,0.0
2018-10-17 00:00:00+09:00,1853.9400374442766,1873.7201930329159,1853.9400374442766,1871.9219970703125,1334100,0.0,0.0
2018-10-18 00:00:00+09:00,1856.6372289413061,1874.6191875751203,1841.3525641025642,1858.4354248046875,1191600,0.0,0.0
2018-10-19 00:00:00+09:00,1838.6553389662245,1852.1418084451943,1820.6733796609315,1844.0499267578125,1187400,0.0,0.0
2018-10-22 00:00:00+09:00,1843.150887549444,1865.6283373976078,1816.177947731647,1853.9400634765625,589100,0.0,0.0
2018-10-23 00:00:00+09:00,1609.3853461090423,1627.367305283445,1538.3566073701516,1561.733154296875,8766000,0.0,0.0
2018-10-24 00:00:00+09:00,1561.7331134248138,1632.761850304814,1556.3385258136746,1608.4862060546875,4137700,0.0,0.0
2018-10-25 00:00:00+09:00,1560.8341320718114,1610.2845222008148,1558.136838064775,1593.20166015625,1944100,0.0,0.0
2018-10-26 00:00:00+09:00,1609.3854129572853,1629.165568870727,1582.4124730753197,1617.477294921875,2351400,0.0,0.0
2018-10-29 00:00:00+09:00,1607.5871334992403,1628.2663863350806,1574.320509372019,1590.5042724609375,1881200,0.0,0.0
2018-10-30 00:00:00+09:00,1591.4034641515589,1615.6791102148877,1586.9079741398314,1593.20166015625,1360900,0.0,0.0
2018-10-31 00:00:00+09:00,1591.4034293528352,1633.6610345390404,1584.2106454913535,1600.3944091796875,3086000,0.0,0.0
2018-11-01 00:00:00+09:00,1441.253768063215,1460.1348217933007,1374.7205311095793,1375.61962890625,6701200,0.0,0.0
2018-11-02 00:00:00+09:00,1380.1153092781176,1388.2071905703021,1332.463119446365,1361.2342529296875,4500400,0.0,0.0
2018-11-05 00:00:00+09:00,1337.8578230574326,1360.3352730415963,1314.481275073902,1330.6650390625,2540200,0.0,0.0
2018-11-06 00:00:00+09:00,1321.6738223318325,1333.3620942300054,1315.3801374635857,1326.1693115234375,2538600,0.0,0.0
2018-11-07 00:00:00+09:00,1312.68285087459,1327.0684163636265,1297.3981875424886,1301.8936767578125,3537900,0.0,0.0
2018-11-08 00:00:00+09:00,1301.8936825948545,1306.389171830334,1286.6090191942244,1297.398193359375,3189400,0.0,0.0
2018-11-09 00:00:00+09:00,1289.306499094203,1309.086654589372,1283.012813254831,1302.79296875,2626100,0.0,0.0
2018-11-12 00:00:00+09:00,1292.0036937416544,1312.6829456247847,1264.1316585948268,1304.591064453125,2228100,0.0,0.0
2018-11-13 00:00:00+09:00,1283.012867546349,1287.5083576218444,1259.6363191537737,1282.11376953125,2482800,0.0,0.0
2018-11-14 00:00:00+09:00,1294.700936015943,1342.3531232443077,1294.700936015943,1325.270263671875,2389300,0.0,0.0
2018-11-15 00:00:00+09:00,1317.178390867198,1360.3350889980004,1305.4901184567723,1355.839599609375,3366900,0.0,0.0
2018-11-16 00:00:00+09:00,1357.6378419607279,1360.3351356864775,1327.96761097748,1339.6558837890625,2449400,0.0,0.0
2018-11-19 00:00:00+09:00,1320.7748267964444,1320.7748267964444,1285.710008385919,1304.591064453125,2215600,0.0,0.0
2018-11-20 00:00:00+09:00,1293.8017961702294,1317.178340089914,1282.1135242103871,1301.8936767578125,1553500,0.0,0.0
2018-11-21 00:00:00+09:00,1277.6180407232655,1301.8936825948545,1274.0216493348819,1297.398193359375,1651200,0.0,0.0
2018-11-22 00:00:00+09:00,1285.7100238983196,1312.68296146262,1278.5172405478395,1310.884765625,1060400,0.0,0.0
2018-11-23 00:00:00+09:00,1310.884765625,1310.884765625,1310.884765625,1310.884765625,0,0.0,0.0
2018-11-26 00:00:00+09:00,1308.1874438526693,1322.573010245551,1301.8937585557837,1313.58203125,1360300,0.0,0.0
2018-11-27 00:00:00+09:00,1323.4720386507672,1349.5458763687511,1321.6738429460786,1347.7476806640625,1827000,0.0,0.0
2018-11-28 00:00:00+09:00,1340.5549899326281,1340.5549899326281,1278.5172338592872,1280.3154296875,2578500,0.0,0.0
2018-11-29 00:00:00+09:00,1290.2054208447432,1317.1783564721595,1284.81083371926,1308.1873779296875,1879400,0.0,0.0
2018-11-30 00:00:00+09:00,1309.0865296779402,1329.7657811769736,1306.3892360041532,1322.572998046875,1946400,0.0,0.0
2018-12-03 00:00:00+09:00,1329.7657018137838,1345.949462890625,1322.5729191129656,1345.949462890625,2331600,0.0,0.0
2018-12-04 00:00:00+09:00,1335.1603896647816,1339.6558791922726,1287.5082006733787,1289.306396484375,2735800,0.0,0.0
2018-12-05 00:00:00+09:00,1283.0126496100509,1300.095508995188,1277.618062435797,1299.1964111328125,1520800,0.0,0.0
2018-12-06 00:00:00+09:00,1287.5081507240852,1294.7009336890244,1275.8198784060594,1290.2054443359375,1954300,0.0,0.0
2018-12-07 00:00:00+09:00,1309.9857279317362,1310.8848258918815,1275.8200054462138,1285.7100830078125,1909600,0.0,0.0
2018-12-10 00:00:00+09:00,1296.4991735865294,1298.2973693890071,1259.6361596357335,1293.8018798828125,1775100,0.0,0.0
2018-12-11 00:00:00+09:00,1285.7100681900288,1292.0037538385116,1236.259680951951,1244.3515625,2382900,0.0,0.0
2018-12-12 00:00:00+09:00,1150.8453027950309,1176.919141686481,1143.652519652562,1158.0380859375,6095100,0.0,0.0
2018-12-13 00:00:00+09:00,1179.6164894359642,1211.9840150607315,1174.2219018318365,1207.488525390625,3073100,0.0,0.0
2018-12-14 00:00:00+09:00,1205.6902856463546,1221.8740478697955,1194.002012929425,1203.89208984375,2824000,0.0,0.0
2018-12-17 00:00:00+09:00,1186.8093630960777,1216.4795971734798,1185.0111670913868,1194.9012451171875,2075000,0.0,0.0
2018-12-18 00:00:00+09:00,1153.5426403249141,1200.2957325282623,1146.3498569090145,1196.6993408203125,3084900,0.0,0.0
2018-12-19 00:00:00+09:00,1210.1858222512637,1242.5533479578355,1209.2867243149701,1222.773193359375,1808500,0.0,0.0
2018-12-20 00:00:00+09:00,1218.2776361617753,1229.0668107993702,1171.5245460655299,1182.313720703125,1670400,0.0,0.0
2018-12-21 00:00:00+09:00,1169.7264185340887,1179.6164958622016,1150.845361816782,1167.92822265625,2727600,0.0,0.0
2018-12-24 00:00:00+09:00,1167.92822265625,1167.92822265625,1167.92822265625,1167.92822265625,0,0.0,0.0
2018-12-25 00:00:00+09:00,1144.5516762443467,1181.4146917400406,1141.8543824275885,1167.92822265625,2003800,0.0,0.0
2018-12-26 00:00:00+09:00,1213.7822496191927,1224.5714251713632,1161.6345677837014,1180.515625,2111800,0.0,0.0
2018-12-27 00:00:00+09:00,1225.4705309378437,1232.6633146850943,1202.0939837592787,1226.36962890625,2018400,0.0,0.0
2018-12-28 00:00:00+09:00,1225.470509085186,1229.965998847054,1204.7912561805938,1224.5714111328125,1016600,0.0,0.0
2018-12-31 00:00:00+09:00,1224.5714111328125,1224.5714111328125,1224.5714111328125,1224.5714111328125,0,0.0,0.0
2019-01-04 00:00:00+09:00,1218.2777891416808,1222.7732791385135,1158.0382231841218,1164.3319091796875,2834200,0.0,0.0
2019-01-07 00:00:00+09:00,1216.4795899315704,1253.3426078082846,1208.3877079586332,1249.7462158203125,2201900,0.0,0.0
2019-01-08 00:00:00+09:00,1246.1498407042852,1280.3155650525991,1240.7552526492884,1271.3245849609375,1494800,0.0,0.0
2019-01-09 00:00:00+09:00,1275.8201103807344,1275.8201103807344,1245.250777221506,1264.1318359375,1654500,0.0,0.0
2019-01-10 00:00:00+09:00,1260.535359154152,1274.0218287599382,1254.2416733381183,1272.2236328125,1123100,0.0,0.0
2019-01-11 00:00:00+09:00,1284.8110004125076,1302.7929598304574,1268.6272369363528,1292.0037841796875,2214900,0.0,0.0
2019-01-15 00:00:00+09:00,1272.2236847627587,1286.6092529296875,1264.1318026688614,1286.6092529296875,1317000,0.0,0.0
2019-01-16 00:00:00+09:00,1303.6918782890464,1308.1873675245258,1268.6270622523064,1297.398193359375,1377000,0.0,0.0
2019-01-17 00:00:00+09:00,1312.6830218121722,1313.5821197723176,1274.9209074860685,1285.7100830078125,1114700,0.0,0.0
2019-01-18 00:00:00+09:00,1289.3064000177678,1309.9856519008981,1278.5172251222218,1304.591064453125,965400,0.0,0.0
2019-01-21 00:00:00+09:00,1383.7115485757768,1441.2538092053087,1345.05034221531,1363.931396484375,8302900,0.0,0.0
2019-01-22 00:00:00+09:00,1363.9316650390626,1368.4271550358953,1325.2704510663007,1330.6650390625,1862500,0.0,0.0
2019-01-23 00:00:00+09:00,1348.6468307371063,1360.3351032701612,1327.0684814453125,1327.0684814453125,1334300,0.0,0.0
2019-01-24 00:00:00+09:00,1318.976586622648,1366.6287741420756,1315.3801951117478,1355.839599609375,1742700,0.0,0.0
2019-01-25 00:00:00+09:00,1353.1422808247228,1394.5007824313257,1351.3440851026967,1393.6016845703125,2083000,0.0,0.0
2019-01-28 00:00:00+09:00,1390.9044046314023,1390.9044046314023,1356.7386855777545,1364.83056640625,1807600,0.0,0.0
2019-01-29 00:00:00+09:00,1370.225197750698,1382.8125683337098,1360.335120864046,1368.427001953125,943900,0.0,0.0
2019-01-30 00:00:00+09:00,1367.5280978928565,1374.720882102681,1358.537117630576,1369.3262939453125,1278000,0.0,0.0
2019-01-31 00:00:00+09:00,1388.2071156896147,1470.9241199923638,1369.3260603596393,1434.960205078125,4726000,0.0,0.0
2019-02-01 00:00:00+09:00,1463.7314550720253,1500.5944708324387,1431.3639290384915,1439.455810546875,3216800,0.0,0.0
2019-02-04 00:00:00+09:00,1436.7586269519252,1475.4198415695303,1423.2721567364817,1463.7315673828125,1830500,0.0,0.0
2019-02-05 00:00:00+09:00,1474.5207435551674,1481.7135276700706,1456.5387832679091,1463.7315673828125,1199500,0.0,0.0
2019-02-06 00:00:00+09:00,1457.4377660275388,1461.9332557438483,1424.1711421268485,1459.2359619140625,1258500,0.0,0.0
2019-02-07 00:00:00+09:00,1459.2359810444846,1459.2359810444846,1431.3639444379664,1445.74951171875,762700,0.0,0.0
2019-02-08 00:00:00+09:00,1425.9692464244908,1430.4647358520585,1395.3999183170301,1401.693603515625,1143600,0.0,0.0
2019-02-12 00:00:00+09:00,1365.7295531428717,1399.8952694163602,1341.4539126327613,1375.61962890625,2109300,0.0,0.0
2019-02-13 00:00:00+09:00,1389.1062153642938,1418.7764452070264,1383.7116281201606,1415.1800537109375,1262900,0.0,0.0
2019-02-14 00:00:00+09:00,1406.1890908518144,1435.859321029634,1403.4917971992854,1421.4737548828125,1114400,0.0,0.0
2019-02-15 00:00:00+09:00,1407.0882348898353,1418.7765077675144,1400.7945494941619,1405.2900390625,884200,0.0,0.0
2019-02-18 00:00:00+09:00,1436.7584606044843,1453.8413208995312,1425.070187771031,1444.850341796875,914200,0.0,0.0
2019-02-19 00:00:00+09:00,1444.8502255176634,1448.4466168692943,1426.8682687595096,1440.354736328125,720200,0.0,0.0
2019-02-20 00:00:00+09:00,1431.3638295383655,1452.0430808445103,1413.3818718808484,1441.25390625,1211000,0.0,0.0
2019-02-21 00:00:00+09:00,1418.776555389108,1424.1711430521843,1370.2252664214197,1389.1063232421875,2112700,0.0,0.0
2019-02-22 00:00:00+09:00,1387.3080578276426,1397.1981347142946,1352.2432397749672,1368.427001953125,2017400,0.0,0.0
2019-02-25 00:00:00+09:00,1368.426846532884,1381.0142156862744,1359.4358685661764,1375.61962890625,1214400,0.0,0.0
2019-02-26 00:00:00+09:00,1374.7207250514114,1382.8126063630286,1367.5279416633073,1376.5189208984375,914900,0.0,0.0
2019-02-27 00:00:00+09:00,1378.3170886182722,1393.6017530060808,1375.6197949027767,1379.2161865234375,968700,0.0,0.0
2019-02-28 00:00:00+09:00,1375.6197021969745,1380.1151914198404,1356.7386474609375,1356.7386474609375,1462400,0.0,0.0
2019-03-01 00:00:00+09:00,1357.6377347794548,1369.3260066682844,1341.4539737026134,1345.949462890625,3264300,0.0,0.0
2019-03-04 00:00:00+09:00,1356.7387789212742,1372.9225416917068,1350.4450933994392,1367.5279541015625,2513600,0.0,0.0
2019-03-05 00:00:00+09:00,1366.628890759253,1374.720772349275,1354.0415193969968,1360.335205078125,944600,0.0,0.0
2019-03-06 00:00:00+09:00,1362.1331843698263,1367.5277712386176,1349.545815009313,1357.6376953125,895100,0.0,0.0
2019-03-07 00:00:00+09:00,1357.637768931802,1361.234160372681,1329.76573526499,1338.7567138671875,1379300,0.0,0.0
2019-03-08 00:00:00+09:00,1330.6649261495613,1345.0504929187457,1301.8937926111923,1306.3892822265625,1532700,0.0,0.0
2019-03-11 00:00:00+09:00,1300.095481071683,1315.3801444037845,1290.2054047979702,1301.8936767578125,833600,0.0,0.0
2019-03-12 00:00:00+09:00,1306.3893104290141,1311.7838980839172,1292.0037433492726,1303.6920166015625,1217200,0.0,0.0
2019-03-13 00:00:00+09:00,1299.1964672902461,1316.2793274137857,1292.9027819815735,1293.8018798828125,866000,0.0,0.0
2019-03-14 00:00:00+09:00,1287.5082413353273,1300.994710343728,1265.929890921886,1277.6181640625,1464100,0.0,0.0
2019-03-15 00:00:00+09:00,1275.8200247073764,1287.5082983657244,1269.5263388913427,1272.2236328125,2078400,0.0,0.0
2019-03-18 00:00:00+09:00,1288.4072265625,1293.801813693955,1284.81083514153,1288.4072265625,841000,0.0,0.0
2019-03-19 00:00:00+09:00,1285.7099709266101,1299.196439153113,1283.0126772813096,1296.4991455078125,1044700,0.0,0.0
2019-03-20 00:00:00+09:00,1299.1965688512537,1343.2523694558984,1299.1965688512537,1342.353271484375,2208400,0.0,0.0
2019-03-22 00:00:00+09:00,1363.0325403645834,1368.4271282552083,1341.4541888020833,1348.64697265625,2800000,0.0,0.0
2019-03-25 00:00:00+09:00,1329.7657028767214,1329.7657028767214,1304.5909634037341,1326.1693115234375,1105400,0.0,0.0
2019-03-26 00:00:00+09:00,1341.4540649895287,1377.4179809409904,1333.3621839004497,1368.427001953125,1267800,0.0,0.0
2019-03-27 00:00:00+09:00,1403.3968439831897,1408.9184053365661,1365.666174735117,1395.114501953125,1273200,35.0,0.0
2019-03-28 00:00:00+09:00,1375.7890105376373,1384.991612614812,1353.7027655524175,1361.985107421875,721300,0.0,0.0
2019-03-29 00:00:00+09:00,1373.0282968564995,1373.0282968564995,1345.420489278956,1360.1446533203125,1253000,0.0,0.0
2019-04-01 00:00:00+09:00,1395.1145425106881,1423.6426103324766,1391.433501501425,1412.5994873046875,1063600,0.0,0.0
2019-04-02 00:00:00+09:00,1429.1640835166363,1431.0046039075141,1413.5196601941748,1421.802001953125,546000,0.0,0.0
2019-04-03 00:00:00+09:00,1425.483154296875,1428.2439350992577,1414.4400310873448,1425.483154296875,349500,0.0,0.0
2019-04-04 00:00:00+09:00,1422.7224623138213,1449.4100117362668,1418.1211606892616,1436.5263671875,595400,0.0,0.0
2019-04-05 00:00:00+09:00,1447.5695084891267,1531.3131990628779,1436.5263844574233,1522.110595703125,4291500,0.0,0.0
2019-04-08 00:00:00+09:00,1558.9208876539035,1590.2097366386924,1552.4790658040938,1562.6019287109375,2433300,0.0,0.0
2019-04-09 00:00:00+09:00,1534.0739180691999,1536.8346989655452,1480.6988207398574,1511.9876708984375,1148400,0.0,0.0
2019-04-10 00:00:00+09:00,1501.8647692322295,1523.030755563321,1483.4595637269326,1514.7484130859375,728800,0.0,0.0
2019-04-11 00:00:00+09:00,1521.1903913630997,1531.3132554314566,1493.5825802675806,1503.7054443359375,927300,0.0,0.0
2019-04-12 00:00:00+09:00,1531.313254830918,1541.436118895305,1519.3498700275513,1523.951171875,1308800,0.0,0.0
2019-04-15 00:00:00+09:00,1537.7549323302048,1542.3562337435208,1520.269986959604,1531.3131103515625,1195700,0.0,0.0
2019-04-16 00:00:00+09:00,1531.31317733076,1550.6386441119776,1523.9510947474391,1549.7183837890625,895100,0.0,0.0
2019-04-17 00:00:00+09:00,1547.8777305277601,1562.6018944328994,1539.5953883311195,1553.3992919921875,956600,0.0,0.0
2019-04-18 00:00:00+09:00,1546.0373416063262,1546.957601928711,1502.7851064542444,1509.2269287109375,1236500,0.0,0.0
2019-04-19 00:00:00+09:00,1435.6059915627065,1484.3797848657985,1387.7524585106162,1392.353759765625,6952300,0.0,0.0
2019-04-22 00:00:00+09:00,1380.3903594889755,1411.6792076373922,1346.3407306215809,1387.75244140625,2955600,0.0,0.0
2019-04-23 00:00:00+09:00,1392.3538380854266,1431.0047708016116,1389.5930571771275,1407.0780029296875,2186800,0.0,0.0
2019-04-24 00:00:00+09:00,1392.353806606559,1403.3969299900875,1345.4205322265625,1345.4205322265625,2614200,0.0,0.0
2019-04-25 00:00:00+09:00,1340.819258506707,1357.3839439240858,1327.9356142931904,1346.3408203125,1965600,0.0,0.0
2019-04-26 00:00:00+09:00,1349.101645511187,1354.6232074982722,1328.8559182252072,1331.61669921875,1415900,0.0,0.0
2019-05-07 00:00:00+09:00,1330.6963147615131,1330.6963147615131,1301.247986910636,1311.370849609375,1542900,0.0,0.0
2019-05-08 00:00:00+09:00,1310.45068359375,1323.3343279549244,1304.9291217246753,1310.45068359375,1419000,0.0,0.0
2019-05-09 00:00:00+09:00,1292.9657587435086,1292.9657587435086,1256.1553456831953,1262.59716796875,1800400,0.0,0.0
2019-05-10 00:00:00+09:00,1263.5175618846513,1269.039124427483,1240.5110512895194,1258.916259765625,1757900,0.0,0.0
2019-05-13 00:00:00+09:00,1260.7567994207398,1352.7828431740784,1246.952892857739,1292.045654296875,2569900,0.0,0.0
2019-05-14 00:00:00+09:00,1242.351551140429,1264.437800938481,1219.3450409341247,1246.0325927734375,3154500,0.0,0.0
2019-05-15 00:00:00+09:00,1246.9527420609086,1260.7566469545718,1223.9462339048032,1242.3514404296875,1857100,0.0,0.0
2019-05-16 00:00:00+09:00,1228.54760825861,1231.308389400764,1200.01953645635,1208.3018798828125,1667500,0.0,0.0
2019-05-17 00:00:00+09:00,1221.1854306523671,1247.8729796266841,1211.0625672483159,1229.4677734375,1693600,0.0,0.0
2019-05-20 00:00:00+09:00,1229.4677456402153,1245.112170547314,1210.1422795785054,1228.5474853515625,1203700,0.0,0.0
2019-05-21 00:00:00+09:00,1234.9892917610484,1250.6337164703912,1223.9461684368066,1244.19189453125,1695200,0.0,0.0
2019-05-22 00:00:00+09:00,1253.394570053808,1261.6769130277319,1234.9893634450882,1250.6337890625,1637700,0.0,0.0
2019-05-23 00:00:00+09:00,1257.0756948865983,1264.4377780191699,1240.5110078383123,1253.3946533203125,1529000,0.0,0.0
2019-05-24 00:00:00+09:00,1227.6272808016004,1257.9958717059878,1218.4246774972405,1250.6337890625,1275900,0.0,0.0
2019-05-27 00:00:00+09:00,1271.7995815138281,1272.7198417030568,1257.0754184861717,1264.4375,730100,0.0,0.0
2019-05-28 00:00:00+09:00,1258.9161487926135,1276.401095303622,1253.3945867365057,1275.4808349609375,1079200,0.0,0.0
2019-05-29 00:00:00+09:00,1257.9958169451652,1275.4807624623254,1248.7932140413966,1269.0389404296875,822100,0.0,0.0
2019-05-30 00:00:00+09:00,1255.235031303318,1283.7631001965754,1254.3147710164387,1281.0023193359375,699000,0.0,0.0
2019-05-31 00:00:00+09:00,1283.7631001965754,1296.6467442128849,1269.9591958933863,1281.0023193359375,1253000,0.0,0.0
2019-06-03 00:00:00+09:00,1259.8363650999206,1269.959228515625,1253.3945429262908,1269.959228515625,1177500,0.0,0.0
2019-06-04 00:00:00+09:00,1286.523844113885,1304.9290493229535,1273.640200467537,1304.0087890625,973900,0.0,0.0
2019-06-05 00:00:00+09:00,1321.4937696121247,1336.2179341760482,1315.0519476154082,1333.4571533203125,1585200,0.0,0.0
2019-06-06 00:00:00+09:00,1329.7761679634461,1369.347361889002,1322.414085372645,1355.54345703125,2013100,0.0,0.0
2019-06-07 00:00:00+09:00,1352.7824638489096,1379.470009054092,1342.65960187453,1376.709228515625,1586400,0.0,0.0
2019-06-10 00:00:00+09:00,1396.955161984061,1425.4832318269503,1384.9917778563977,1419.961669921875,1386700,0.0,0.0
2019-06-11 00:00:00+09:00,1406.1575995242354,1438.3667068431807,1402.4765586877845,1414.43994140625,1638900,0.0,0.0
2019-06-12 00:00:00+09:00,1377.629671470565,1430.084508660827,1357.383944835727,1366.5865478515625,2750100,0.0,0.0
2019-06-13 00:00:00+09:00,1370.2675117272647,1388.6727167202432,1360.1446489811262,1372.1080322265625,1971000,0.0,0.0
2019-06-14 00:00:00+09:00,1373.028232863994,1395.1144778966586,1361.0648501379671,1382.2308349609375,1092800,0.0,0.0
2019-06-17 00:00:00+09:00,1381.310585337742,1389.5929272884678,1374.8687638205106,1378.5498046875,710700,0.0,0.0
2019-06-18 00:00:00+09:00,1366.5865369480357,1389.5930443040631,1361.9852354768302,1370.267578125,1622000,0.0,0.0
2019-06-19 00:00:00+09:00,1390.513339211328,1407.9982852371488,1380.3904757226949,1399.7159423828125,1705500,0.0,0.0
2019-06-20 00:00:00+09:00,1405.2373968083807,1408.9184377954361,1373.9485484184104,1384.0714111328125,1542000,0.0,0.0
2019-06-21 00:00:00+09:00,1387.7525127025076,1396.9551155718875,1370.2675672506855,1373.9486083984375,2417700,0.0,0.0
2019-06-24 00:00:00+09:00,1367.5066512182204,1380.3902939618645,1356.4635288665254,1357.3837890625,971200,0.0,0.0
2019-06-25 00:00:00+09:00,1357.383872562558,1377.6295981194235,1345.420489278956,1360.1446533203125,1705400,0.0,0.0
2019-06-26 00:00:00+09:00,1492.6622233262835,1619.6581461493583,1470.5759758787924,1577.326171875,12976200,0.0,0.0
2019-06-27 00:00:00+09:00,1573.645180432365,1591.1301268816135,1545.117109909907,1570.8843994140625,3799400,0.0,0.0
2019-06-28 00:00:00+09:00,1579.1667815732285,1593.8909473687831,1558.9210536043408,1568.1236572265625,2449700,0.0,0.0
2019-07-01 00:00:00+09:00,1603.093418882557,1632.541748046875,1570.8843088590843,1632.541748046875,2952900,0.0,0.0
2019-07-02 00:00:00+09:00,1641.7444178320754,1658.3091036622197,1613.2163477912713,1630.7012939453125,2077600,0.0,0.0
2019-07-03 00:00:00+09:00,1622.418973062044,1638.0633987807364,1611.37584902532,1623.3392333984375,1395100,0.0,0.0
2019-07-04 00:00:00+09:00,1634.3823132461378,1643.5849163612622,1621.498668884963,1638.0633544921875,760800,0.0,0.0
2019-07-05 00:00:00+09:00,1646.3456523426491,1653.7077346337285,1628.8607069013353,1632.541748046875,930600,0.0,0.0
2019-07-08 00:00:00+09:00,1659.2294317730402,1661.9902128575213,1625.1797983977756,1628.86083984375,1491000,0.0,0.0
2019-07-09 00:00:00+09:00,1622.418957025292,1671.1927543720535,1619.6581760433999,1659.2293701171875,2025100,0.0,0.0
2019-07-10 00:00:00+09:00,1659.229342343143,1680.3953295166828,1649.1064789123195,1658.30908203125,1939600,0.0,0.0
2019-07-11 00:00:00+09:00,1641.7443521410426,1657.3887770213103,1633.4620095573714,1652.7874755859375,1113300,0.0,0.0
2019-07-12 00:00:00+09:00,1652.7874903844443,1652.7874903844443,1615.977078571873,1616.8973388671875,1261200,0.0,0.0
2019-07-16 00:00:00+09:00,1610.4555941526717,1627.0202802639565,1598.4922097389663,1611.3758544921875,1568200,0.0,0.0
2019-07-17 00:00:00+09:00,1615.0569125025581,1624.2595159926013,1602.173267616498,1615.9771728515625,849100,0.0,0.0
2019-07-18 00:00:00+09:00,1605.8542701137017,1616.8973940342544,1594.8111461931492,1598.4921875,1230900,0.0,0.0
2019-07-19 00:00:00+09:00,1582.8478114839234,1605.854320371771,1582.8478114839234,1592.0504150390625,1149900,0.0,0.0
2019-07-22 00:00:00+09:00,1604.9340321155769,1630.7013216220196,1602.1732510970294,1611.3758544921875,1283800,0.0,0.0
2019-07-23 00:00:00+09:00,1619.6580718959965,1664.7508250340102,1618.737811627874,1643.5848388671875,1819100,0.0,0.0
2019-07-24 00:00:00+09:00,1628.8606576635757,1642.6645615420805,1621.4985755950397,1638.9835205078125,1340800,0.0,0.0
2019-07-25 00:00:00+09:00,1712.6043441075194,1757.6970968540365,1699.7207004656573,1731.9298095703125,3305500,0.0,0.0
2019-07-26 00:00:00+09:00,1721.8070019764507,1737.451426900876,1696.0397138656326,1733.7703857421875,1283300,0.0,0.0
2019-07-29 00:00:00+09:00,1717.2057263375884,1719.9665072480989,1690.5181775359858,1694.19921875,1463300,0.0,0.0
2019-07-30 00:00:00+09:00,1682.235730602062,1703.4017162715627,1673.9533883835618,1698.8004150390625,1361900,0.0,0.0
2019-07-31 00:00:00+09:00,1692.3587162078372,1794.5076109871031,1674.8737702546296,1739.2919921875,3777000,0.0,0.0
2019-08-01 00:00:00+09:00,1744.8135290121484,1815.6735721207642,1739.2919672114772,1799.10888671875,3137900,0.0,0.0
2019-08-02 00:00:00+09:00,1784.3846856146847,1799.1088501169202,1734.6906304196393,1749.414794921875,2100400,0.0,0.0
2019-08-05 00:00:00+09:00,1745.7338758089236,1745.7338758089236,1665.6712257322888,1688.677734375,1861900,0.0,0.0
2019-08-06 00:00:00+09:00,1629.7810237004205,1687.7574237530048,1620.5784205174707,1674.873779296875,2004300,0.0,0.0
2019-08-07 00:00:00+09:00,1661.9900833446527,1665.671124503777,1631.6214937818768,1640.8240966796875,1743700,0.0,0.0
2019-08-08 00:00:00+09:00,1639.90384729395,1651.8672311406513,1631.6215046308494,1637.14306640625,1077500,0.0,0.0
2019-08-09 00:00:00+09:00,1652.787586671295,1666.5914919051866,1630.7013382970683,1636.222900390625,957000,0.0,0.0
2019-08-13 00:00:00+09:00,1620.5785679428109,1643.5850779931063,1614.1367451287283,1635.302734375,1157500,0.0,0.0
2019-08-14 00:00:00+09:00,1650.026710548851,1652.7874914365514,1624.2594222636487,1637.14306640625,845000,0.0,0.0
2019-08-15 00:00:00+09:00,1607.6947744580468,1617.8176379491965,1585.608526840993,1614.1365966796875,1042000,0.0,0.0
2019-08-16 00:00:00+09:00,1599.412342724105,1610.4554659189778,1591.13000032795,1603.0933837890625,807400,0.0,0.0
2019-08-19 00:00:00+09:00,1624.2594770005376,1633.4620802696622,1610.4555720968501,1618.7379150390625,792100,0.0,0.0
2019-08-20 00:00:00+09:00,1619.6581111495846,1661.06982421875,1615.056809697455,1661.06982421875,755200,0.0,0.0
2019-08-21 00:00:00+09:00,1634.382308151492,1659.229336484876,1629.7810066082727,1650.0267333984375,838800,0.0,0.0
2019-08-22 00:00:00+09:00,1633.462102640567,1634.382362980083,1605.8542924550927,1611.3758544921875,1181000,0.0,0.0
2019-08-23 00:00:00+09:00,1603.093622928538,1614.1367477707552,1591.1302376828025,1594.811279296875,927900,0.0,0.0
2019-08-26 00:00:00+09:00,1564.4424616317926,1593.8907903213321,1558.920900002504,1579.1666259765625,1202000,0.0,0.0
2019-08-27 00:00:00+09:00,1585.6085593290106,1595.7314230275708,1578.2464766391488,1582.8477783203125,1085100,0.0,0.0
2019-08-28 00:00:00+09:00,1580.0868520255945,1592.970495548226,1558.9208662384142,1569.9639892578125,979100,0.0,0.0
2019-08-29 00:00:00+09:00,1564.4425048828125,1569.043806367762,1556.1601622099035,1564.4425048828125,964200,0.0,0.0
2019-08-30 00:00:00+09:00,1580.0869700844298,1602.1732177734375,1569.9641065603012,1602.1732177734375,951500,0.0,0.0
2019-09-02 00:00:00+09:00,1596.6515278100417,1606.774390522382,1588.3691855908542,1593.8907470703125,391100,0.0,0.0
2019-09-03 00:00:00+09:00,1601.2529574530622,1606.7745193753142,1595.7313955308102,1602.1732177734375,472100,0.0,0.0
2019-09-04 00:00:00+09:00,1580.0869079875724,1581.9274285559911,1547.8777980402426,1571.8045654296875,976800,0.0,0.0
2019-09-05 00:00:00+09:00,1592.0503655586006,1628.8607786351,1585.608543270213,1618.7379150390625,796400,0.0,0.0
2019-09-06 00:00:00+09:00,1629.7810835970697,1638.063426766112,1604.0137937378274,1624.259521484375,767900,0.0,0.0
2019-09-09 00:00:00+09:00,1611.3757153627937,1614.1364961429697,1599.4123319820303,1606.7744140625,773800,0.0,0.0
2019-09-10 00:00:00+09:00,1637.1429999906786,1661.9900269719874,1632.5416986978437,1638.9835205078125,860600,0.0,0.0
2019-09-11 00:00:00+09:00,1659.2293223161912,1707.0828579570355,1652.787500210693,1706.16259765625,1307200,0.0,0.0
2019-09-12 00:00:00+09:00,1735.610972545993,1735.610972545993,1704.3221215032763,1711.6842041015625,1421100,0.0,0.0
2019-09-13 00:00:00+09:00,1730.089393636287,1730.089393636287,1691.4384603741998,1707.0828857421875,1636500,0.0,0.0
2019-09-17 00:00:00+09:00,1711.6840287878158,1732.8500140900308,1695.1193446382563,1730.0892333984375,1409100,0.0,0.0
2019-09-18 00:00:00+09:00,1726.4082633419907,1729.1690441469086,1698.8004552928116,1716.285400390625,907900,0.0,0.0
2019-09-19 00:00:00+09:00,1729.1691178479944,1758.6174476889396,1724.5678163103469,1742.9730224609375,1182800,0.0,0.0
2019-09-20 00:00:00+09:00,1757.6971703726756,1763.2187321644221,1726.4083202194447,1738.3717041015625,2002900,0.0,0.0
2019-09-24 00:00:00+09:00,1748.4945385481537,1812.9127583894017,1748.4945385481537,1810.1519775390625,1878400,0.0,0.0
2019-09-25 00:00:00+09:00,1801.8696255987754,1834.0787353515625,1777.942858353848,1834.0787353515625,1653900,0.0,0.0
2019-09-26 00:00:00+09:00,1851.563770505377,1886.533662791264,1837.759865655685,1845.1219482421875,1936000,0.0,0.0
2019-09-27 00:00:00+09:00,1845.1218419348945,1859.1709930156171,1814.213709557305,1842.31201171875,1802900,35.0,0.0
2019-09-30 00:00:00+09:00,1812.340557861328,1814.2137780761718,1770.1931030273438,1779.5592041015625,1510700,0.0,0.0
2019-10-01 00:00:00+09:00,1800.1645899955474,1833.8825531796472,1800.1645899955474,1807.657470703125,948300,0.0,0.0
2019-10-02 00:00:00+09:00,1796.4181920539443,1830.1361560341018,1791.7351415011447,1821.7066650390625,1252600,0.0,0.0
2019-10-03 00:00:00+09:00,1787.9887217978119,1801.1012634977433,1767.3832991264908,1796.418212890625,866900,0.0,0.0
2019-10-04 00:00:00+09:00,1793.6084531148274,1816.0870969136556,1782.3691312154135,1798.29150390625,982600,0.0,0.0
2019-10-07 00:00:00+09:00,1804.8476289456398,1812.3405096055076,1780.4957668010697,1787.9886474609375,958000,0.0,0.0
2019-10-08 00:00:00+09:00,1807.6575801888694,1832.94605410861,1806.7209700436938,1817.023681640625,1150100,0.0,0.0
2019-10-09 00:00:00+09:00,1796.4182323253365,1802.0378931146754,1786.1155208782152,1800.1646728515625,1237000,0.0,0.0
2019-10-10 00:00:00+09:00,1795.4815200377848,1809.5306712117895,1769.2564378463096,1803.9110107421875,1518500,0.0,0.0
2019-10-11 00:00:00+09:00,1824.5165148794254,1830.1361756028732,1805.7843124679323,1825.453125,1217100,0.0,0.0
2019-10-15 00:00:00+09:00,1853.5512484954709,1864.790568850168,1819.8332874313794,1820.7698974609375,1461700,0.0,0.0
2019-10-16 00:00:00+09:00,1855.424677076839,1881.6497608517768,1841.375525054551,1877.9033203125,2065200,0.0,0.0
2019-10-17 00:00:00+09:00,1866.6638656123991,1868.537085748488,1837.6289535030241,1858.234375,734200,0.0,0.0
2019-10-18 00:00:00+09:00,1871.3468561075763,1873.22007618376,1845.1217750410037,1846.9949951171875,570500,0.0,0.0
2019-10-21 00:00:00+09:00,1855.4246144103247,1891.9524084345562,1855.4246144103247,1889.142578125,790600,0.0,0.0
2019-10-23 00:00:00+09:00,1882.5862563701478,1891.9523571481086,1842.3120230249158,1891.0157470703125,1160800,0.0,0.0
2019-10-24 00:00:00+09:00,1899.4452725042663,1924.733745067193,1896.6354422194968,1920.9873046875,982300,0.0,0.0
2019-10-25 00:00:00+09:00,1927.5435042150896,1935.9729947583044,1908.811303007946,1919.114013671875,459400,0.0,0.0
2019-10-28 00:00:00+09:00,1928.4801261269502,1929.4167361930633,1900.381824143556,1909.7479248046875,699000,0.0,0.0
2019-10-29 00:00:00+09:00,1913.4943295404885,1920.9872099302702,1901.3183989070933,1908.811279296875,871100,0.0,0.0
2019-10-30 00:00:00+09:00,1906.001523702274,1918.17745481192,1890.0791522511984,1917.2408447265625,1026400,0.0,0.0
2019-10-31 00:00:00+09:00,1912.5577827596712,1927.5435440349675,1874.1567694917248,1897.572021484375,2145300,0.0,0.0
2019-11-01 00:00:00+09:00,1878.8397768571683,1887.2692673814527,1766.4465698667095,1883.5228271484375,1849600,0.0,0.0
2019-11-05 00:00:00+09:00,1903.1915948213036,2012.77496912942,1891.9522743794455,2008.0919189453125,2341600,0.0,0.0
2019-11-06 00:00:00+09:00,2006.2188844376612,2016.5215957956511,1985.6134617216815,1996.852783203125,1235900,0.0,0.0
2019-11-07 00:00:00+09:00,1994.9794683412063,2015.5848900799417,1989.3598078670057,2013.711669921875,1188600,0.0,0.0
2019-11-08 00:00:00+09:00,2013.7116824240975,2019.3313429331881,1969.6910084362219,1975.3106689453125,1190600,0.0,0.0
2019-11-11 00:00:00+09:00,1977.183930497738,1996.8527426912256,1920.0507141261785,1924.7337646484375,1327000,0.0,0.0
2019-11-12 00:00:00+09:00,1929.4168681906833,1967.817883528459,1916.3043263680281,1958.4517822265625,1470700,0.0,0.0
2019-11-13 00:00:00+09:00,1958.4516840869824,1967.817784919536,1932.226601755832,1939.719482421875,1152000,0.0,0.0
2019-11-14 00:00:00+09:00,1939.7194750711456,1942.5293053102635,1892.888971085845,1897.572021484375,815100,0.0,0.0
2019-11-15 00:00:00+09:00,1912.5577194917657,1934.0997506123879,1904.1282290532613,1908.811279296875,1045700,0.0,0.0
2019-11-18 00:00:00+09:00,1911.6212366704551,1922.8605580031574,1876.9666625612897,1886.332763671875,982400,0.0,0.0
2019-11-19 00:00:00+09:00,1882.5863971795059,1900.3819899886655,1876.0301261445525,1894.7623291015625,1002100,0.0,0.0
2019-11-20 00:00:00+09:00,1891.9525696322974,1893.82578999827,1845.1220604829832,1861.04443359375,1584900,0.0,0.0
2019-11-21 00:00:00+09:00,1849.8048922951355,1856.3611627994726,1800.1645584765824,1842.31201171875,1569400,0.0,0.0
2019-11-22 00:00:00+09:00,1854.4879426553762,1867.6004836640507,1829.1994707100757,1842.31201171875,1433400,0.0,0.0
2019-11-25 00:00:00+09:00,1853.551398951506,1871.3469909576093,1837.6290271565713,1866.6639404296875,995700,0.0,0.0
2019-11-26 00:00:00+09:00,1873.2203165690105,1879.776587677002,1798.29150390625,1798.29150390625,2346100,0.0,0.0
2019-11-27 00:00:00+09:00,1810.467336424517,1832.9459789874702,1802.9744555701993,1808.5941162109375,1702700,0.0,0.0
2019-11-28 00:00:00+09:00,1787.0520972842262,1787.0520972842262,1758.017183753927,1770.193115234375,1387500,0.0,0.0
2019-11-29 00:00:00+09:00,1779.5591414168075,1787.0520220122467,1727.108977248733,1732.7286376953125,1367800,0.0,0.0
2019-12-02 00:00:00+09:00,1736.4752172009698,1773.9396231815733,1736.4752172009698,1765.5101318359375,1688900,0.0,0.0
2019-12-03 00:00:00+09:00,1746.7776998417826,1786.1153209642248,1738.3482096012592,1785.1787109375,2072500,0.0,0.0
2019-12-04 00:00:00+09:00,1785.1787857732947,1806.7208172910207,1774.8760750474257,1793.6082763671875,1190400,0.0,0.0
2019-12-05 00:00:00+09:00,1800.1647247220938,1836.6925209053204,1800.1647247220938,1833.8826904296875,1318000,0.0,0.0
2019-12-06 00:00:00+09:00,1831.0726947262656,1849.8048962068412,1817.023543615834,1848.8682861328125,1100100,0.0,0.0
2019-12-09 00:00:00+09:00,1875.093475851195,1878.8399163623862,1843.2487315060698,1851.67822265625,1205800,0.0,0.0
2019-12-10 00:00:00+09:00,1842.312015614611,1857.2977767990715,1834.8191350223808,1848.8682861328125,890900,0.0,0.0
2019-12-11 00:00:00+09:00,1848.8682217984585,1848.8682217984585,1799.2278896022488,1802.0377197265625,1301400,0.0,0.0
2019-12-12 00:00:00+09:00,1818.8967758786537,1820.7699960391878,1805.7842347549147,1810.46728515625,1197100,0.0,0.0
2019-12-13 00:00:00+09:00,1842.3119281407737,1843.2485381703318,1805.784136988008,1820.7698974609375,1485100,0.0,0.0
2019-12-16 00:00:00+09:00,1825.453106823386,1832.9459877133743,1790.7985327071904,1792.6717529296875,735900,0.0,0.0
2019-12-17 00:00:00+09:00,1811.4039837057821,1845.1219482421875,1809.5307634537596,1845.1219482421875,1513600,0.0,0.0
2019-12-18 00:00:00+09:00,1857.2976981921072,1882.5861691205928,1834.8190573667869,1862.9173583984375,1332700,0.0,0.0
2019-12-19 00:00:00+09:00,1850.7416353590293,1870.4104482854157,1840.4389238261601,1861.98095703125,1129600,0.0,0.0
2019-12-20 00:00:00+09:00,1855.4244498103358,1858.234279870624,1829.1993692476456,1846.058349609375,1345200,0.0,0.0
2019-12-23 00:00:00+09:00,1854.4879546479783,1854.4879546479783,1821.706601914302,1832.9459228515625,665000,0.0,0.0
2019-12-24 00:00:00+09:00,1826.3897082399421,1829.1995385603113,1798.2914050362506,1808.5941162109375,498400,0.0,0.0
2019-12-25 00:00:00+09:00,1798.2914050362506,1812.3405566380964,1788.9253039683535,1808.5941162109375,388200,0.0,0.0
2019-12-26 00:00:00+09:00,1817.9601772780795,1830.1361083984375,1802.974415899177,1830.1361083984375,621200,0.0,0.0
2019-12-27 00:00:00+09:00,1840.4388869291945,1846.995157773217,1821.7066845177014,1825.453125,452700,0.0,0.0
2019-12-30 00:00:00+09:00,1813.2771441983193,1813.2771441983193,1769.2564697265625,1769.2564697265625,908800,0.0,0.0
2020-01-06 00:00:00+09:00,1733.6652437289472,1756.1438854628718,1717.7428725007503,1755.207275390625,1178100,0.0,0.0
2020-01-07 00:00:00+09:00,1769.2564302069372,1792.6716820625081,1762.7001596873774,1790.7984619140625,818000,0.0,0.0
2020-01-08 00:00:00+09:00,1763.6367462321398,1779.5591172815007,1723.3625135778743,1751.4608154296875,1120200,0.0,0.0
2020-01-09 00:00:00+09:00,1769.2564621744793,1773.0029025390627,1743.9679897135418,1756.1439208984375,891600,0.0,0.0
2020-01-10 00:00:00+09:00,1745.8412098958333,1767.3832419921875,1745.8412098958333,1756.1439208984375,848100,0.0,0.0
2020-01-14 00:00:00+09:00,1789.8618557181069,1805.7842270143956,1769.2564340405568,1797.354736328125,1335300,0.0,0.0
2020-01-15 00:00:00+09:00,1826.38962476631,1829.1994549582582,1801.1011530387764,1816.0869140625,1230000,0.0,0.0
2020-01-16 00:00:00+09:00,1785.1788253945476,1787.988655654875,1756.1439127045,1772.0662841796875,1108300,0.0,0.0
2020-01-17 00:00:00+09:00,1793.6082764299165,1829.1994589387084,1785.1787858357288,1822.6431884765625,1090200,0.0,0.0
2020-01-20 00:00:00+09:00,1828.2629358129818,1846.9951380241805,1818.8968347073826,1821.7066650390625,769700,0.0,0.0
2020-01-21 00:00:00+09:00,1821.706601914302,1839.5021933982978,1814.2137212894618,1832.9459228515625,829500,0.0,0.0
2020-01-22 00:00:00+09:00,1832.0094313401441,1832.9460414788662,1812.3406184269832,1826.3897705078125,829200,0.0,0.0
2020-01-23 00:00:00+09:00,1827.326262698862,1831.0727030119297,1801.1011805073867,1803.9110107421875,537700,0.0,0.0
2020-01-24 00:00:00+09:00,1813.277196966066,1832.9460095364623,1807.6575362316669,1832.0093994140625,666600,0.0,0.0
2020-01-27 00:00:00+09:00,1794.5448258880876,1794.5448258880876,1752.3973743406116,1753.333984375,1232100,0.0,0.0
2020-01-28 00:00:00+09:00,1741.1580449484995,1841.3753181112156,1728.0455045346862,1820.7698974609375,2313000,0.0,0.0
2020-01-29 00:00:00+09:00,1800.1644881681423,1813.2770286646844,1775.8126272459926,1811.40380859375,1158800,0.0,0.0
2020-01-30 00:00:00+09:00,1814.213725863195,1820.7699964264589,1767.3832218398807,1781.432373046875,1272100,0.0,0.0
2020-01-31 00:00:00+09:00,1768.3198125170206,1784.2421837102354,1707.440157954729,1719.6160888671875,3259400,0.0,0.0
2020-02-03 00:00:00+09:00,1675.5953858319451,1802.037743063534,1664.3560651891373,1783.3055419921875,1968500,0.0,0.0
2020-02-04 00:00:00+09:00,1728.045567800596,1767.3831904822355,1694.3276055020478,1758.01708984375,1824100,0.0,0.0
2020-02-05 00:00:00+09:00,1768.320000842318,1769.2566110122557,1723.3627126853098,1737.411865234375,1588100,0.0,0.0
2020-02-06 00:00:00+09:00,1774.876130297425,1797.3547725808753,1761.7635889654125,1769.2564697265625,1751100,0.0,0.0
2020-02-07 00:00:00+09:00,1785.1787977025247,1789.861848063759,1748.651004884897,1755.207275390625,613600,0.0,0.0
2020-02-10 00:00:00+09:00,1751.4608734338244,1793.6083276073657,1740.2215523208802,1791.735107421875,1297900,0.0,0.0
2020-02-12 00:00:00+09:00,1779.5591448793318,1799.2279564806297,1770.193044116809,1797.354736328125,1217100,0.0,0.0
2020-02-13 00:00:00+09:00,1796.4181219872007,1849.8048962068412,1792.6716816910857,1848.8682861328125,1588000,0.0,0.0
2020-02-14 00:00:00+09:00,1837.6290369185813,1846.9951380241805,1806.7209032701035,1821.7066650390625,1549500,0.0,0.0
2020-02-17 00:00:00+09:00,1802.9744890448662,1802.9744890448662,1765.5100840777002,1773.9395751953125,970800,0.0,0.0
2020-02-18 00:00:00+09:00,1767.3831904822355,1768.319800546084,1743.9679388860216,1758.01708984375,691300,0.0,0.0
2020-02-19 00:00:00+09:00,1775.8128308459764,1779.5592714173813,1755.2074077032487,1774.876220703125,632000,0.0,0.0
2020-02-20 00:00:00+09:00,1788.9251865813042,1806.7207774425842,1778.6224760826683,1786.1153564453125,776500,0.0,0.0
2020-02-21 00:00:00+09:00,1786.1154626656578,1810.4673252924574,1784.242242463596,1788.92529296875,1008100,0.0,0.0
2020-02-25 00:00:00+09:00,1695.2642111276466,1730.8553934607132,1661.546248917373,1664.3560791015625,2165700,0.0,0.0
2020-02-26 00:00:00+09:00,1647.4971373328597,1648.433747416619,1617.5256146525576,1642.8140869140625,1704200,0.0,0.0
2020-02-27 00:00:00+09:00,1657.7998565515707,1663.4195170822538,1610.0327420407627,1626.8917236328125,1665400,0.0,0.0
2020-02-28 00:00:00+09:00,1553.83601820204,1563.2021183720342,1502.3224672670717,1517.3082275390625,2275200,0.0,0.0
2020-03-02 00:00:00+09:00,1479.8438209890564,1521.991271586846,1466.7312808030777,1481.717041015625,2548500,0.0,0.0
2020-03-03 00:00:00+09:00,1519.181513917116,1528.5476144961365,1454.555419921875,1454.555419921875,1805400,0.0,0.0
2020-03-04 00:00:00+09:00,1435.8231443889401,1463.9214446705241,1414.281114173059,1446.1258544921875,1159900,0.0,0.0
2020-03-05 00:00:00+09:00,1459.2385785412398,1468.6046798155737,1422.710783571337,1428.3304443359375,1263600,0.0,0.0
2020-03-06 00:00:00+09:00,1392.7392111508107,1396.4856515305034,1361.8310780183447,1372.1337890625,1542100,0.0,0.0
2020-03-09 00:00:00+09:00,1315.937149731081,1325.3032504409107,1247.5646145493238,1255.0574951171875,2090800,0.0,0.0
2020-03-10 00:00:00+09:00,1218.5297591531066,1274.726366031805,1161.3965421597634,1266.296875,2915100,0.0,0.0
2020-03-11 00:00:00+09:00,1270.0433118174954,1314.0639870796062,1256.930770250058,1259.7406005859375,2357800,0.0,0.0
2020-03-12 00:00:00+09:00,1223.2127249649013,1248.5011963079735,1182.9384928259344,1209.16357421875,2102800,0.0,0.0
2020-03-13 00:00:00+09:00,1123.9321518889349,1181.0653696099557,1100.516898724582,1134.23486328125,2978100,0.0,0.0
2020-03-16 00:00:00+09:00,1129.5518670333058,1129.5518670333058,1060.2427143297698,1067.735595703125,2888900,0.0,0.0
2020-03-17 00:00:00+09:00,1033.0809400485048,1066.7989036402962,1002.172806756029,1046.1934814453125,3891700,0.0,0.0
2020-03-18 00:00:00+09:00,1061.1792377643253,1087.4043204275213,1015.2853431037323,1021.8416137695312,2702500,0.0,0.0
2020-03-19 00:00:00+09:00,1049.0032823350693,1050.8765024820964,997.4897282918294,1011.5388793945312,2807900,0.0,0.0
2020-03-23 00:00:00+09:00,1003.109420396255,1059.306026580919,1000.2995900870218,1052.749755859375,3104400,0.0,0.0
2020-03-24 00:00:00+09:00,1126.7419735787357,1158.586717636655,1096.7704497595175,1150.1572265625,2370100,0.0,0.0
2020-03-25 00:00:00+09:00,1262.5503517535506,1264.4235718600098,1201.6706982936241,1244.7547607421875,2605300,0.0,0.0
2020-03-26 00:00:00+09:00,1247.5646430121528,1268.1700650438852,1201.670748486931,1213.8466796875,1871000,0.0,0.0
2020-03-27 00:00:00+09:00,1259.7406338294868,1290.6487683398013,1245.6914817793438,1289.712158203125,1934200,0.0,0.0
2020-03-30 00:00:00+09:00,1245.5044605152027,1281.0628440329979,1210.9071143897804,1280.101806640625,1539400,35.0,0.0
2020-03-31 00:00:00+09:00,1286.828990837012,1325.2704842152648,1279.1406921613616,1292.59521484375,2354900,0.0,0.0
2020-04-01 00:00:00+09:00,1271.4523782624306,1278.1796395230783,1205.1408029789025,1212.8291015625,1723700,0.0,0.0
2020-04-02 00:00:00+09:00,1183.997823112725,1210.9068645471052,1167.66019081328,1174.387451171875,1249400,0.0,0.0
2020-04-03 00:00:00+09:00,1271.4524725341798,1273.3745473225913,1140.7513869222005,1153.244873046875,1324400,0.0,0.0
2020-04-06 00:00:00+09:00,1164.7772773117315,1218.5953693327356,1154.2058663790342,1172.465576171875,1569300,0.0,0.0
2020-04-07 00:00:00+09:00,1223.400480566558,1249.3484876170662,1204.1797346032185,1237.8160400390625,1567900,0.0,0.0
2020-04-08 00:00:00+09:00,1242.621281742114,1245.5043937647174,1192.6473400169864,1224.361572265625,1057500,0.0,0.0
2020-04-09 00:00:00+09:00,1210.9069495865062,1230.127694818038,1197.4524279244338,1214.7510986328125,812900,0.0,0.0
2020-04-10 00:00:00+09:00,1228.205788369653,1230.127863155834,1180.1539187151282,1227.2447509765625,779300,0.0,0.0
2020-04-13 00:00:00+09:00,1225.3225525631847,1236.8550001167207,1202.257657456113,1206.101806640625,767800,0.0,0.0
2020-04-14 00:00:00+09:00,1201.2965794113895,1241.6601444796122,1187.842057721982,1235.8939208984375,921300,0.0,0.0
2020-04-15 00:00:00+09:00,1220.5174001460975,1231.088810698544,1204.179765655953,1212.8291015625,1019700,0.0,0.0
2020-04-16 00:00:00+09:00,1200.335603636706,1201.2966409494657,1173.426558879438,1185.9200439453125,956800,0.0,0.0
2020-04-17 00:00:00+09:00,1185.9200666742952,1220.5174105967221,1179.1928053560457,1197.4525146484375,957900,0.0,0.0
2020-04-20 00:00:00+09:00,1190.7253526802522,1208.024026084808,1190.7253526802522,1196.4915771484375,662400,0.0,0.0
2020-04-21 00:00:00+09:00,1189.7642139809302,1199.3745872764143,1153.2447954580907,1155.1668701171875,1379900,0.0,0.0
2020-04-22 00:00:00+09:00,1139.7902707641813,1149.4006440421256,1102.309814980199,1112.8812255859375,1565500,0.0,0.0
2020-04-23 00:00:00+09:00,1134.0240818711577,1179.1928376745004,1134.0240818711577,1172.465576171875,1343500,0.0,0.0
2020-04-24 00:00:00+09:00,1172.465564910034,1184.9590504377638,1158.0500046857303,1166.6993408203125,987700,0.0,0.0
2020-04-27 00:00:00+09:00,1175.3486018306833,1201.2966085759233,1167.6603035357975,1200.3355712890625,1178200,0.0,0.0
2020-04-28 00:00:00+09:00,1219.5563855612859,1231.0888336516998,1191.6863026761187,1224.361572265625,1456800,0.0,0.0
2020-04-30 00:00:00+09:00,1264.72516410431,1282.9848739204056,1244.5433795707306,1257.036865234375,1455000,0.0,0.0
2020-05-01 00:00:00+09:00,1242.621171190423,1256.0756927655705,1224.3614633384368,1240.6990966796875,896100,0.0,0.0
2020-05-07 00:00:00+09:00,1345.4521426760693,1378.1274089982026,1282.984721766109,1303.16650390625,3092800,0.0,0.0
2020-05-08 00:00:00+09:00,1326.2314898301827,1338.7249748793076,1275.296512322212,1328.153564453125,2230200,0.0,0.0
2020-05-11 00:00:00+09:00,1340.6471059664414,1363.712002413176,1331.997769798916,1346.413330078125,1229200,0.0,0.0
2020-05-12 00:00:00+09:00,1346.413184279242,1357.9456312537966,1316.621029594976,1334.8807373046875,888500,0.0,0.0
2020-05-13 00:00:00+09:00,1292.5951291102335,1324.3093590437932,1284.9068309445222,1320.4652099609375,995500,0.0,0.0
2020-05-14 00:00:00+09:00,1315.6600862295004,1318.543198178871,1257.9978472420862,1259.919921875,968300,0.0,0.0
2020-05-15 00:00:00+09:00,1278.1795642265683,1285.8678623572546,1244.5432599048165,1267.608154296875,678700,0.0,0.0
2020-05-18 00:00:00+09:00,1286.8288367902728,1303.1664695202464,1262.8029063050176,1296.439208984375,1011100,0.0,0.0
2020-05-19 00:00:00+09:00,1353.1406027896232,1365.6340884687888,1325.2705193514846,1352.1795654296875,1756700,0.0,0.0
2020-05-20 00:00:00+09:00,1323.348466352983,1367.5561856356535,1321.4263916015625,1363.7120361328125,1011900,0.0,0.0
2020-05-21 00:00:00+09:00,1376.2054661403392,1381.9716901604804,1361.7899060899865,1366.5950927734375,844400,0.0,0.0
2020-05-22 00:00:00+09:00,1377.1665025983539,1377.1665025983539,1335.8418971470423,1345.4522705078125,830500,0.0,0.0
2020-05-25 00:00:00+09:00,1383.893666198097,1392.543001611835,1360.828771761462,1388.6988525390625,1320900,0.0,0.0
2020-05-26 00:00:00+09:00,1403.1145361328126,1446.3612170410156,1392.5431252441406,1441.5560302734375,2162100,0.0,0.0
2020-05-27 00:00:00+09:00,1464.620818737399,1504.0233473254789,1442.516961236769,1489.6077880859375,2236000,0.0,0.0
2020-05-28 00:00:00+09:00,1538.620681878001,1550.153129212502,1501.1402280408731,1526.127197265625,2112700,0.0,0.0
2020-05-29 00:00:00+09:00,1493.45213918483,1523.2442989755184,1445.4002685546875,1445.4002685546875,3083000,0.0,0.0
2020-06-01 00:00:00+09:00,1473.2701675937203,1517.477882994445,1460.776682806559,1516.516845703125,2407100,0.0,0.0
2020-06-02 00:00:00+09:00,1488.6468841571939,1533.8156404873348,1477.1144357324772,1527.08837890625,1956500,0.0,0.0
2020-06-03 00:00:00+09:00,1556.8803923233695,1562.6466159986412,1524.205124830163,1547.27001953125,1855200,0.0,0.0
2020-06-04 00:00:00+09:00,1566.4908547023647,1580.9064147149631,1521.322099996223,1540.5428466796875,1190500,0.0,0.0
2020-06-05 00:00:00+09:00,1543.4259381868787,1573.2180951506355,1525.1662290800602,1571.2960205078125,1277400,0.0,0.0
2020-06-08 00:00:00+09:00,1595.3218867092398,1599.1660358338404,1567.4518055558858,1578.9842529296875,1287600,0.0,0.0
2020-06-09 00:00:00+09:00,1626.0750797060446,1642.412713485597,1568.412842837036,1578.9842529296875,1695200,0.0,0.0
2020-06-10 00:00:00+09:00,1548.231190440419,1583.7895728403541,1544.3870409917772,1574.17919921875,1192700,0.0,0.0
2020-06-11 00:00:00+09:00,1565.5298963233429,1574.1792327671183,1529.0104757829579,1538.620849609375,1402400,0.0,0.0
2020-06-12 00:00:00+09:00,1485.7636959800236,1536.6986739146557,1483.841621340981,1518.43896484375,1313400,0.0,0.0
2020-06-15 00:00:00+09:00,1517.4778584863595,1542.464827657129,1494.4129638671875,1494.4129638671875,1253300,0.0,0.0
2020-06-16 00:00:00+09:00,1532.8544954645554,1580.9063605261401,1506.9064883312997,1575.14013671875,1559000,0.0,0.0
2020-06-17 00:00:00+09:00,1561.6856120146374,1574.1790969107547,1543.4259033203125,1543.4259033203125,944200,0.0,0.0
2020-06-18 00:00:00+09:00,1526.1273311107295,1576.1012739430707,1516.5169574891254,1574.17919921875,1493300,0.0,0.0
2020-06-19 00:00:00+09:00,1587.6335211032774,1587.6335211032774,1558.8024038919589,1576.10107421875,2198200,0.0,0.0
2020-06-22 00:00:00+09:00,1571.296031366828,1571.296031366828,1547.2700981655005,1566.4908447265625,644200,0.0,0.0
2020-06-23 00:00:00+09:00,1583.7895613240285,1588.5947480998902,1551.1142912481687,1557.841552734375,795500,0.0,0.0
2020-06-24 00:00:00+09:00,1535.7376600088214,1546.309070684727,1517.47795065953,1540.5428466796875,1440100,0.0,0.0
2020-06-25 00:00:00+09:00,1502.1013285384768,1508.828589766736,1480.958507535376,1486.7247314453125,1375800,0.0,0.0
2020-06-26 00:00:00+09:00,1493.4520818536932,1502.1014182350852,1474.2313343394887,1479.99755859375,1258400,0.0,0.0
2020-06-29 00:00:00+09:00,1455.0104733028927,1455.9715106036213,1414.6469066722973,1422.335205078125,1720800,0.0,0.0
2020-06-30 00:00:00+09:00,1450.205255394438,1478.075336512025,1444.4390317149373,1447.3221435546875,1693000,0.0,0.0
2020-07-01 00:00:00+09:00,1451.166257140457,1465.581815986223,1417.5299531670028,1430.0234375,1070400,0.0,0.0
2020-07-02 00:00:00+09:00,1422.3352510055693,1469.4260802618346,1420.4131763420482,1455.9715576171875,1042900,0.0,0.0
2020-07-03 00:00:00+09:00,1448.2831914953833,1464.6208253742298,1425.2182966076002,1442.5169677734375,539500,0.0,0.0
2020-07-06 00:00:00+09:00,1435.7897431678377,1495.3740564719917,1431.9455939224085,1491.5299072265625,945100,0.0,0.0
2020-07-07 00:00:00+09:00,1504.0234816649436,1506.9065937703715,1460.7768000835235,1474.2313232421875,1522700,0.0,0.0
2020-07-08 00:00:00+09:00,1486.7247314453125,1502.1013285384768,1476.153320943762,1486.7247314453125,1605600,0.0,0.0
2020-07-09 00:00:00+09:00,1477.114300299728,1481.919486702785,1443.477995478329,1457.8935546875,1014000,0.0,0.0
2020-07-10 00:00:00+09:00,1428.1014730426261,1440.594958338423,1407.919689103262,1413.6859130859375,1250700,0.0,0.0
2020-07-13 00:00:00+09:00,1441.555964938899,1462.6987857580027,1427.14040528951,1459.815673828125,946900,0.0,0.0
2020-07-14 00:00:00+09:00,1447.3222434009033,1468.4650650176495,1441.5560193236088,1446.3612060546875,730100,0.0,0.0
2020-07-15 00:00:00+09:00,1467.5040395479145,1491.5299733977495,1457.8936660079808,1473.270263671875,994600,0.0,0.0
2020-07-16 00:00:00+09:00,1500.1793093386837,1505.9455334617023,1461.737815185226,1462.6988525390625,1231500,0.0,0.0
2020-07-17 00:00:00+09:00,1462.6987508002478,1467.5039372352026,1440.5948931994556,1442.5169677734375,926900,0.0,0.0
2020-07-20 00:00:00+09:00,1466.5429009331597,1466.5429009331597,1438.672819591704,1453.08837890625,863000,0.0,0.0
2020-07-21 00:00:00+09:00,1456.9326284160438,1470.387151369754,1442.5170681084971,1462.6988525390625,1123100,0.0,0.0
2020-07-22 00:00:00+09:00,1459.8157517976617,1486.7247979137478,1455.9716023525066,1479.0364990234375,1034000,0.0,0.0
2020-07-27 00:00:00+09:00,1489.6078986897628,1490.5689360437561,1450.2053671760334,1473.270263671875,895300,0.0,0.0
2020-07-28 00:00:00+09:00,1468.4649872107625,1474.2312109825325,1452.1273531907475,1458.8546142578125,513800,0.0,0.0
2020-07-29 00:00:00+09:00,1440.594970703125,1445.4001573965977,1430.0235599774849,1440.594970703125,558300,0.0,0.0
2020-07-30 00:00:00+09:00,1444.4391530458406,1444.4391530458406,1414.6469948659199,1415.6080322265625,514300,0.0,0.0
2020-07-31 00:00:00+09:00,1412.7248958842683,1412.7248958842683,1349.296431171097,1351.218505859375,1040000,0.0,0.0
2020-08-03 00:00:00+09:00,1363.7120251592444,1381.0106977828289,1356.984763583406,1379.088623046875,900800,0.0,0.0
2020-08-04 00:00:00+09:00,1407.9196463776145,1449.2442503327254,1406.958609076333,1432.9066162109375,1306600,0.0,0.0
2020-08-05 00:00:00+09:00,1414.6468518206339,1441.5558951976568,1405.036479185983,1425.21826171875,1310600,0.0,0.0
2020-08-06 00:00:00+09:00,1420.4131748956224,1450.2053321498609,1345.4522630946356,1424.25732421875,1914400,0.0,0.0
2020-08-07 00:00:00+09:00,1440.5949276289396,1491.5299050567808,1430.0235172193877,1459.815673828125,1944700,0.0,0.0
2020-08-11 00:00:00+09:00,1515.5558232487858,1570.3349493903083,1489.6078161291173,1564.5687255859375,1625900,0.0,0.0
2020-08-12 00:00:00+09:00,1556.8804506501742,1590.5167566827397,1550.153189443661,1586.672607421875,1320400,0.0,0.0
2020-08-13 00:00:00+09:00,1607.8154203527113,1650.1010620117188,1605.8933457318474,1633.763427734375,1730200,0.0,0.0
2020-08-14 00:00:00+09:00,1657.7893740284917,1679.8932323488716,1650.1010754822726,1671.243896484375,2177400,0.0,0.0
2020-08-17 00:00:00+09:00,1652.023104244488,1652.023104244488,1630.8802838294916,1648.178955078125,1090400,0.0,0.0
2020-08-18 00:00:00+09:00,1643.3737915957947,1664.5166123063839,1632.8023812405002,1659.71142578125,1193300,0.0,0.0
2020-08-19 00:00:00+09:00,1641.4518048635182,1663.5556640625,1627.9972818728336,1663.5556640625,844600,0.0,0.0
2020-08-20 00:00:00+09:00,1636.6465850617658,1667.3997798485989,1633.7634730505004,1656.828369140625,1031200,0.0,0.0
2020-08-21 00:00:00+09:00,1656.8283804303649,1670.2829032412842,1653.9452683994537,1662.5946044921875,532400,0.0,0.0
2020-08-24 00:00:00+09:00,1681.8152968360487,1687.5815207109151,1667.3997371488827,1686.6204833984375,706600,0.0,0.0
2020-08-25 00:00:00+09:00,1709.6853394427098,1755.8151293770832,1707.7632648621109,1748.1268310546875,1414900,0.0,0.0
2020-08-26 00:00:00+09:00,1729.8671252784152,1786.5683254958744,1724.1009015274872,1779.841064453125,1800000,0.0,0.0
2020-08-27 00:00:00+09:00,1787.5293959580458,1787.5293959580458,1762.5424259070194,1775.9969482421875,1481200,0.0,0.0
2020-08-28 00:00:00+09:00,1777.9190151956625,1838.4643654428662,1775.9969405846402,1823.0877685546875,2807000,0.0,0.0
2020-08-31 00:00:00+09:00,1853.8410428560696,1894.2046114408054,1853.8410428560696,1874.0228271484375,1955100,0.0,0.0
2020-09-01 00:00:00+09:00,1845.1915413655136,1866.3343611103269,1824.0487216207005,1861.5291748046875,1555900,0.0,0.0
2020-09-02 00:00:00+09:00,1874.0227503492342,1894.2045338145338,1869.2175638098772,1886.5162353515625,1600200,0.0,0.0
2020-09-03 00:00:00+09:00,1914.3862866210939,1938.4122189331056,1904.775913696289,1922.0745849609375,1582700,0.0,0.0
2020-09-04 00:00:00+09:00,1896.126697999281,1912.4643330048502,1889.3994365263998,1900.931884765625,1424100,0.0,0.0
2020-09-07 00:00:00+09:00,1912.4642325965608,1928.8018667443707,1891.3214119346892,1901.892822265625,1467300,0.0,0.0
2020-09-08 00:00:00+09:00,1881.7110364861012,1883.6331110892536,1852.8799174388166,1870.1785888671875,1506400,0.0,0.0
2020-09-09 00:00:00+09:00,1832.6981994722853,1879.789028929098,1826.9319754571654,1873.061767578125,1739700,0.0,0.0
2020-09-10 00:00:00+09:00,1889.3992951065377,1924.957674515969,1879.7889222931778,1921.113525390625,1183700,0.0,0.0
2020-09-11 00:00:00+09:00,1902.8538831773697,1924.9577414162986,1890.360398085801,1923.9967041015625,1587900,0.0,0.0
2020-09-14 00:00:00+09:00,1949.9447368477247,1988.3862299349148,1947.0616248661854,1977.8148193359375,1351000,0.0,0.0
2020-09-15 00:00:00+09:00,1936.490138377958,1992.2303011699787,1934.5680637989228,1979.73681640625,1971300,0.0,0.0
2020-09-16 00:00:00+09:00,1979.7368723649813,1998.957618698622,1968.204424564797,1987.4251708984375,1200500,0.0,0.0
2020-09-17 00:00:00+09:00,1953.7889518030677,1990.308371462938,1953.7889518030677,1970.1265869140625,2115500,0.0,0.0
2020-09-18 00:00:00+09:00,1987.4250618255396,2027.7886269109713,1980.6978009779675,2003.7626953125,2661200,0.0,0.0
2020-09-23 00:00:00+09:00,2008.5680595346648,2021.0615450724401,1992.2304246006508,2000.8797607421875,1581700,0.0,0.0
2020-09-24 00:00:00+09:00,1981.6588919292838,1999.9186004388166,1974.931630899456,1990.3082275390625,1760600,0.0,0.0
2020-09-25 00:00:00+09:00,1968.204479768786,2003.7628614833588,1963.3992930506006,1995.113525390625,2026400,0.0,0.0
2020-09-28 00:00:00+09:00,2008.5679731449914,2039.3211669921875,2005.6848612218168,2039.3211669921875,1280300,0.0,0.0
2020-09-29 00:00:00+09:00,2061.7956248614805,2081.3387113530584,2029.5495321503768,2066.681396484375,1232100,35.0,0.0
2020-09-30 00:00:00+09:00,2055.932728265699,2099.9046734995186,2051.0469565730523,2061.795654296875,2040900,0.0,0.0
2020-10-02 00:00:00+09:00,2047.1384126055093,2065.704345703125,2031.50394262857,2065.704345703125,1812500,0.0,0.0
2020-10-05 00:00:00+09:00,2100.881777162905,2150.716647225839,2093.0645426432293,2110.6533203125,1440400,0.0,0.0
2020-10-06 00:00:00+09:00,2149.7396880024116,2162.4426952496983,2119.44790148965,2127.26513671875,1031100,0.0,0.0
2020-10-07 00:00:00+09:00,2129.219319772938,2152.671024075164,2125.310702389234,2139.968017578125,1049000,0.0,0.0
2020-10-08 00:00:00+09:00,2149.739642492049,2153.648260023853,2134.1051723648343,2150.716796875,752200,0.0,0.0
2020-10-09 00:00:00+09:00,2158.5341129130525,2174.168583626773,2150.7168775561922,2161.465576171875,999300,0.0,0.0
2020-10-12 00:00:00+09:00,2140.9451574392046,2165.37401592208,2130.1964597067395,2158.533935546875,877000,0.0,0.0
2020-10-13 00:00:00+09:00,2174.168523724931,2181.0086044737286,2163.419825405392,2171.237060546875,776500,0.0,0.0
2020-10-14 00:00:00+09:00,2160.48837635129,2189.803008323492,2156.5797587549964,2184.917236328125,810200,0.0,0.0
2020-10-15 00:00:00+09:00,2174.1685766103315,2176.1228854432397,2149.7397161989797,2154.62548828125,694200,0.0,0.0
2020-10-16 00:00:00+09:00,2160.4884168087447,2162.4427256434883,2120.425085696507,2122.37939453125,993800,0.0,0.0
2020-10-19 00:00:00+09:00,2159.5111710831925,2192.734419869088,2157.556862331081,2169.28271484375,1204700,0.0,0.0
2020-10-20 00:00:00+09:00,2139.9679218323477,2152.670927761033,2124.333452997043,2147.78515625,935500,0.0,0.0
2020-10-21 00:00:00+09:00,2135.082246177217,2175.1455743663546,2128.242165754681,2172.214111328125,753100,0.0,0.0
2020-10-22 00:00:00+09:00,2149.7396793789717,2156.579760176996,2143.8767529806655,2152.671142578125,529700,0.0,0.0
2020-10-23 00:00:00+09:00,2145.830987745716,2190.7800885819192,2138.9909071836846,2181.008544921875,788100,0.0,0.0
2020-10-26 00:00:00+09:00,2171.236904681836,2184.917065197383,2148.7623552634373,2156.57958984375,619400,0.0,0.0
2020-10-27 00:00:00+09:00,2140.9452235203707,2160.4883109098764,2113.5849011750624,2155.6025390625,614400,0.0,0.0
2020-10-28 00:00:00+09:00,2125.3106515224995,2162.4425157789847,2110.6533366844133,2156.57958984375,637800,0.0,0.0
2020-10-29 00:00:00+09:00,2113.584850238121,2157.5567958047945,2107.7219241625644,2139.968017578125,698900,0.0,0.0
2020-10-30 00:00:00+09:00,2139.968018227435,2223.026137656354,2125.3107030340966,2204.460205078125,2066600,0.0,0.0
2020-11-02 00:00:00+09:00,2208.3689081101193,2324.6502798203423,2207.3917537259995,2318.787353515625,2115300,0.0,0.0
2020-11-04 00:00:00+09:00,2319.7643729480787,2320.7415272753524,2247.454952729815,2260.157958984375,1523600,0.0,0.0
2020-11-05 00:00:00+09:00,2250.3863126578367,2272.8608611559393,2209.3458327917365,2261.135009765625,1241400,0.0,0.0
2020-11-06 00:00:00+09:00,2270.9067012711294,2285.5640164686624,2248.4321513015784,2268.952392578125,985400,0.0,0.0
2020-11-09 00:00:00+09:00,2314.8786917491207,2348.1019401743933,2305.107148094629,2309.992919921875,970000,0.0,0.0
2020-11-10 00:00:00+09:00,2358.850607991571,2377.416540697387,2311.947199050562,2314.878662109375,1163700,0.0,0.0
2020-11-11 00:00:00+09:00,2325.627242128636,2334.421630859375,2285.5639156886054,2334.421630859375,1210100,0.0,0.0
2020-11-12 00:00:00+09:00,2322.695919278015,2344.1933152494566,2289.4726709585148,2303.15283203125,893200,0.0,0.0
2020-11-13 00:00:00+09:00,2285.5640829696135,2298.26708984375,2256.2494517216064,2298.26708984375,728800,0.0,0.0
2020-11-16 00:00:00+09:00,2317.8103003995584,2352.987859764813,2317.8103003995584,2350.056396484375,973300,0.0,0.0
2020-11-17 00:00:00+09:00,2338.3304484391415,2344.193374762014,2314.87874314765,2325.62744140625,762900,0.0,0.0
2020-11-18 00:00:00+09:00,2312.9243682471742,2328.5588379945148,2296.312744140625,2296.312744140625,636500,0.0,0.0
2020-11-19 00:00:00+09:00,2324.6503168174345,2364.7136472039474,2303.152920024671,2320.74169921875,1291400,0.0,0.0
2020-11-20 00:00:00+09:00,2318.787103981314,2358.8504294188333,2307.0612526337472,2344.193115234375,920800,0.0,0.0
2020-11-24 00:00:00+09:00,2393.050953052662,2491.7435403365816,2371.5535578026993,2453.634521484375,1937000,0.0,0.0
2020-11-25 00:00:00+09:00,2451.680419921875,2506.4010669986487,2443.863184625193,2451.680419921875,1635800,0.0,0.0
2020-11-26 00:00:00+09:00,2430.1829918815333,2493.6980278575284,2400.8683598926127,2488.812255859375,1481800,0.0,0.0
2020-11-27 00:00:00+09:00,2466.337668068517,2500.5380715480724,2458.5204329874755,2486.85791015625,1669500,0.0,0.0
2020-11-30 00:00:00+09:00,2488.8122125865457,2492.7208301171095,2430.1829496280875,2447.771728515625,1332600,0.0,0.0
2020-12-01 00:00:00+09:00,2433.1142888205604,2494.6750117907195,2425.2970541576833,2492.720703125,780100,0.0,0.0
2020-12-02 00:00:00+09:00,2500.538042288997,2522.0354385103174,2444.8402429883045,2459.49755859375,1751100,0.0,0.0
2020-12-03 00:00:00+09:00,2407.708213256484,2441.9086140129684,2365.690578041375,2373.5078125,1605500,0.0,0.0
2020-12-04 00:00:00+09:00,2380.3480787776653,2399.891166452359,2330.513205207197,2351.033447265625,837500,0.0,0.0
2020-12-07 00:00:00+09:00,2353.964767553909,2357.8733848516326,2268.9523413284255,2285.56396484375,962400,0.0,0.0
2020-12-08 00:00:00+09:00,2270.9069129038667,2320.741789219743,2267.975449591168,2306.08447265625,890900,0.0,0.0
2020-12-09 00:00:00+09:00,2281.655333489053,2350.0561357778042,2280.6781791706426,2304.1298828125,730800,0.0,0.0
2020-12-10 00:00:00+09:00,2281.65551044687,2287.5184368120435,2246.477952255826,2274.8154296875,714900,0.0,0.0
2020-12-11 00:00:00+09:00,2248.4321659036787,2267.9752529606426,2232.797696258108,2250.386474609375,1248700,0.0,0.0
2020-12-14 00:00:00+09:00,2235.729196041215,2282.632605748373,2224.0033436144254,2252.3408203125,1170400,0.0,0.0
2020-12-15 00:00:00+09:00,2231.8204594815184,2239.637694015604,2202.5058299786965,2207.3916015625,996400,0.0,0.0
2020-12-16 00:00:00+09:00,2218.140439525526,2245.500762127603,2190.780116923449,2240.614990234375,1224400,0.0,0.0
2020-12-17 00:00:00+09:00,2218.1404251024983,2232.7977406868763,2183.9400220722837,2226.934814453125,1164200,0.0,0.0
2020-12-18 00:00:00+09:00,2223.026298414005,2258.203857421875,2212.277599828267,2258.203857421875,1589200,0.0,0.0
2020-12-21 00:00:00+09:00,2260.1581066678896,2293.3813559660775,2247.4550995832888,2267.975341796875,637900,0.0,0.0
2020-12-22 00:00:00+09:00,2242.5693079607768,2244.523616725884,2172.214192416909,2182.962890625,934700,0.0,0.0
2020-12-23 00:00:00+09:00,2206.4146418092478,2213.254722629737,2145.8310688277716,2159.51123046875,584300,0.0,0.0
2020-12-24 00:00:00+09:00,2173.191295297002,2196.6429999225093,2158.53397990606,2167.328369140625,533100,0.0,0.0
2020-12-25 00:00:00+09:00,2176.1230101167484,2179.054473534059,2159.5113840853232,2174.168701171875,358600,0.0,0.0
2020-12-28 00:00:00+09:00,2184.917236328125,2191.757317121639,2163.41983954851,2184.917236328125,694300,0.0,0.0
2020-12-29 00:00:00+09:00,2186.8715800961854,2219.11767578125,2183.940116852089,2219.11767578125,633300,0.0,0.0
2020-12-30 00:00:00+09:00,2215.2089852492727,2215.2089852492727,2171.2370380343555,2182.962890625,601400,0.0,0.0
2021-01-04 00:00:00+09:00,2176.122832510302,2186.871530829841,2127.2651128760335,2171.237060546875,584200,0.0,0.0
2021-01-05 00:00:00+09:00,2158.5340302092523,2218.140447521504,2141.922405712395,2215.208984375,1004500,0.0,0.0
2021-01-06 00:00:00+09:00,2228.8891231977086,2232.7977406868763,2199.5744920289535,2226.934814453125,859200,0.0,0.0
2021-01-07 00:00:00+09:00,2259.1810011207804,2318.787420267998,2237.683604051292,2315.85595703125,1408500,0.0,0.0
2021-01-08 00:00:00+09:00,2326.6047239209784,2387.1882992603737,2309.9930984246926,2384.2568359375,1093100,0.0,0.0
2021-01-12 00:00:00+09:00,2380.3480188230806,2416.5027301106234,2356.896314204134,2360.804931640625,1146200,0.0,0.0
2021-01-13 00:00:00+09:00,2336.376065340909,2427.2514204545455,2311.947206439394,2418.45703125,1517600,0.0,0.0
2021-01-14 00:00:00+09:00,2376.4393645279933,2418.457001318579,2333.444573393441,2391.0966796875,2011900,0.0,0.0
2021-01-15 00:00:00+09:00,2384.256575983337,2384.256575983337,2308.038537898624,2338.330322265625,1001600,0.0,0.0
2021-01-18 00:00:00+09:00,2338.3303814822766,2343.216153278103,2306.0842876298257,2328.558837890625,668800,0.0,0.0
2021-01-19 00:00:00+09:00,2315.8560075783867,2343.2163317185536,2297.2900733404167,2331.490478515625,1125800,0.0,0.0
2021-01-20 00:00:00+09:00,2356.896373568033,2357.8735279517678,2308.0386543812997,2351.033447265625,895800,0.0,0.0
2021-01-21 00:00:00+09:00,2368.6222243818265,2415.525634765625,2337.3532841259607,2415.525634765625,1189300,0.0,0.0
2021-01-22 00:00:00+09:00,2387.187992315045,2487.834886792511,2373.507831900632,2483.92626953125,2075700,0.0,0.0
2021-01-25 00:00:00+09:00,2462.4289547836247,2462.4289547836247,2403.799693955443,2430.182861328125,1182500,0.0,0.0
2021-01-26 00:00:00+09:00,2410.6398710186913,2433.114421903746,2385.233856974716,2390.11962890625,777200,0.0,0.0
2021-01-27 00:00:00+09:00,2404.7768483025798,2431.1600156752615,2393.0509961369435,2430.182861328125,1059500,0.0,0.0
2021-01-28 00:00:00+09:00,2359.8277844357567,2421.388509247124,2353.9648582632453,2399.89111328125,2829500,0.0,0.0
2021-01-29 00:00:00+09:00,2399.891202696129,2437.0230698388214,2360.805026756452,2385.23388671875,1341300,0.0,0.0
2021-02-01 00:00:00+09:00,2373.508016240474,2477.086381708358,2364.713626719616,2468.2919921875,1607400,0.0,0.0
2021-02-02 00:00:00+09:00,2456.566021531785,2483.926343171757,2446.7944780889375,2455.5888671875,1174600,0.0,0.0
2021-02-03 00:00:00+09:00,2472.2005496072734,2542.5556640625,2467.3147777701047,2542.5556640625,1411000,0.0,0.0
2021-02-04 00:00:00+09:00,2493.697960523132,2535.715598572699,2483.9264167906745,2523.98974609375,983600,0.0,0.0
2021-02-05 00:00:00+09:00,2495.6522594361145,2723.3292275052668,2485.8807157421593,2710.626220703125,2867700,0.0,0.0
2021-02-08 00:00:00+09:00,2759.4839159987,2863.0622782847704,2729.1921308018304,2819.09033203125,3010100,0.0,0.0
2021-02-09 00:00:00+09:00,2814.2043634694223,2867.9478495773456,2810.295746297937,2860.130615234375,1647200,0.0,0.0
2021-02-10 00:00:00+09:00,2837.6564481141136,2883.5827060553547,2832.770675992705,2861.108154296875,1057300,0.0,0.0
2021-02-12 00:00:00+09:00,2882.6054158528646,2951.006222330729,2878.696798339844,2931.463134765625,1587200,0.0,0.0
2021-02-15 00:00:00+09:00,2936.348847429905,2941.2346192226337,2887.491129502619,2908.988525390625,1040300,0.0,0.0
2021-02-16 00:00:00+09:00,2910.9430299352425,2925.6003462994686,2847.427992356931,2861.108154296875,1264500,0.0,0.0
2021-02-17 00:00:00+09:00,2834.724779606842,2892.3768864654435,2833.747625253306,2863.062255859375,945900,0.0,0.0
2021-02-18 00:00:00+09:00,2848.4050531154726,2848.4050531154726,2797.5930247237043,2804.43310546875,995100,0.0,0.0
2021-02-19 00:00:00+09:00,2802.4788319572936,2861.108096224182,2796.6159055306043,2838.633544921875,902400,0.0,0.0
2021-02-22 00:00:00+09:00,2883.582425345429,2985.206475577867,2882.6052710162708,2955.891845703125,1399000,0.0,0.0
2021-02-24 00:00:00+09:00,2903.1254729244165,2914.851324716774,2881.6280779717617,2889.4453125,1667400,0.0,0.0
2021-02-25 00:00:00+09:00,2929.508708059551,2951.006103515625,2919.7371646704264,2951.006103515625,1267600,0.0,0.0
2021-02-26 00:00:00+09:00,2911.919929394564,2936.3487878626393,2905.079849023503,2918.760009765625,1787500,0.0,0.0
2021-03-01 00:00:00+09:00,2921.691644597458,2955.8920484639834,2855.2451456567796,2882.60546875,1661700,0.0,0.0
2021-03-02 00:00:00+09:00,2919.7371782501064,2946.120345523451,2849.3820655211885,2867.947998046875,1296500,0.0,0.0
2021-03-03 00:00:00+09:00,2857.1993224849884,2894.3311878250806,2820.0674571448963,2888.46826171875,993700,0.0,0.0
2021-03-04 00:00:00+09:00,2855.245223026857,2886.514164552134,2787.821567862978,2822.02197265625,1091900,0.0,0.0
2021-03-05 00:00:00+09:00,2765.3468918751596,2871.8567191593975,2736.0322605125257,2866.970947265625,1483000,0.0,0.0
2021-03-08 00:00:00+09:00,2915.8287240018813,2941.234738353104,2898.23994483565,2921.691650390625,1736700,0.0,0.0
2021-03-09 00:00:00+09:00,2930.4860220560213,3004.749755859375,2913.8743973894816,3004.749755859375,1624500,0.0,0.0
2021-03-10 00:00:00+09:00,2970.54929345624,3019.407012098612,2955.891977863528,3014.521240234375,1138900,0.0,0.0
2021-03-11 00:00:00+09:00,3014.52130567817,3043.8359375,3004.74976173756,3043.8359375,1239900,0.0,0.0
2021-03-12 00:00:00+09:00,3073.150406522529,3151.32275390625,3048.7215479651163,3151.32275390625,1649600,0.0,0.0
2021-03-15 00:00:00+09:00,3126.89404296875,3136.6655868530274,3102.4651832580566,3126.89404296875,738900,0.0,0.0
2021-03-16 00:00:00+09:00,3063.37890625,3082.921993371212,3034.064275568182,3063.37890625,856200,0.0,0.0
2021-03-17 00:00:00+09:00,3058.49304625496,3082.921904451885,3048.7215029761905,3078.0361328125,769200,0.0,0.0
2021-03-18 00:00:00+09:00,3078.036236088161,3146.4370413345646,3078.036236088161,3141.55126953125,1047600,0.0,0.0
2021-03-19 00:00:00+09:00,3136.665409430631,3175.751582756869,3097.5792361043927,3156.20849609375,1592600,0.0,0.0
2021-03-22 00:00:00+09:00,3126.8940132605303,3170.8659603220067,3122.008241364811,3131.77978515625,701600,0.0,0.0
2021-03-23 00:00:00+09:00,3136.66552734375,3205.0663332359813,3131.779755494305,3136.66552734375,686900,0.0,0.0
2021-03-24 00:00:00+09:00,3082.9220160326913,3117.1224187462076,3019.406982421875,3019.406982421875,654500,0.0,0.0
2021-03-25 00:00:00+09:00,3043.8357684795674,3131.7796590616417,3038.949996780563,3112.236572265625,848800,0.0,0.0
2021-03-26 00:00:00+09:00,3151.32287917409,3175.7517387025714,3126.8940196456088,3170.865966796875,933800,0.0,0.0
2021-03-29 00:00:00+09:00,3200.180411242997,3205.066182863215,3122.0080653195037,3161.09423828125,1177500,0.0,0.0
2021-03-30 00:00:00+09:00,3161.094235248447,3200.607913189053,3151.2158157632957,3180.85107421875,587900,35.0,0.0
2021-03-31 00:00:00+09:00,3126.5197896817835,3170.972677686738,3037.614013671875,3037.614013671875,1318200,0.0,0.0
2021-04-01 00:00:00+09:00,3047.4924269380767,3096.884524619407,3012.9179585611455,3077.127685546875,898400,0.0,0.0
2021-04-02 00:00:00+09:00,3101.823736769153,3111.702156313004,3057.3708488218244,3062.31005859375,432200,0.0,0.0
2021-04-05 00:00:00+09:00,3067.2492652306187,3101.823733598758,3037.614006629357,3082.06689453125,367600,0.0,0.0
2021-04-06 00:00:00+09:00,3082.066902483713,3096.884531822577,3007.9787557893933,3032.6748046875,608100,0.0,0.0
2021-04-07 00:00:00+09:00,3057.370832116433,3170.97265625,3052.4316223714955,3170.97265625,1150800,0.0,0.0
2021-04-08 00:00:00+09:00,3156.1550339251335,3170.9726631923877,3096.884516856117,3126.519775390625,587600,0.0,0.0
2021-04-09 00:00:00+09:00,3161.094242902208,3185.7902916748817,3121.5805648659307,3131.458984375,560700,0.0,0.0
2021-04-12 00:00:00+09:00,3136.398192591637,3166.033451104314,3121.5805633352984,3141.33740234375,685900,0.0,0.0
2021-04-13 00:00:00+09:00,3091.9453125,3146.276619908147,3087.006102735623,3091.9453125,499000,0.0,0.0
2021-04-14 00:00:00+09:00,3091.9453172253025,3091.9453172253025,3037.6140097341226,3062.31005859375,479300,0.0,0.0
2021-04-15 00:00:00+09:00,3037.614001290734,3131.458986696464,3032.6747915325377,3116.641357421875,546700,0.0,0.0
2021-04-16 00:00:00+09:00,3111.702149992536,3111.702149992536,3057.370842611714,3101.82373046875,452800,0.0,0.0
2021-04-19 00:00:00+09:00,3106.7629356023263,3146.276613638604,3091.9453063387223,3131.458984375,554200,0.0,0.0
2021-04-20 00:00:00+09:00,3091.9453156400723,3096.8845254094654,3037.6140081767485,3072.1884765625,537900,0.0,0.0
2021-04-21 00:00:00+09:00,3047.4924284954964,3077.1276871194395,3012.917960100896,3067.249267578125,695000,0.0,0.0
2021-04-22 00:00:00+09:00,3067.2492629055773,3096.884521484375,3017.8571652742476,3096.884521484375,499600,0.0,0.0
2021-04-23 00:00:00+09:00,3096.884523831881,3101.823733598758,3052.431635929988,3082.06689453125,384000,0.0,0.0
2021-04-26 00:00:00+09:00,3077.127684764373,3091.945314065004,3037.614006629357,3082.06689453125,346400,0.0,0.0
2021-04-27 00:00:00+09:00,3077.1276910955253,3077.1276910955253,3027.735593325132,3042.55322265625,464500,0.0,0.0
2021-04-28 00:00:00+09:00,3047.4924308505256,3072.1884797228963,3032.674801527103,3052.431640625,614200,0.0,0.0
2021-04-30 00:00:00+09:00,3052.4316109422493,3087.0060790273556,2924.012158054711,2925.0,1653100,0.0,0.0
2021-05-06 00:00:00+09:00,2943.7690892853416,3017.85723750561,2940.805563356531,2957.598876953125,1515200,0.0,0.0
2021-05-07 00:00:00+09:00,2963.5259848820992,2998.1004547057237,2909.194675159261,2922.03662109375,945100,0.0,0.0
2021-05-10 00:00:00+09:00,2888.449900513735,2927.963579043335,2874.6201130283753,2899.316162109375,1211300,0.0,0.0
2021-05-11 00:00:00+09:00,2875.608060286278,2910.1825302656734,2841.033590306883,2857.826904296875,1062600,0.0,0.0
2021-05-12 00:00:00+09:00,2869.6808562210304,2954.6352636685374,2849.9240172797495,2890.425537109375,1220100,0.0,0.0
2021-05-13 00:00:00+09:00,2874.6201222737627,2920.0608527289496,2831.1550757514105,2844.98486328125,1104100,0.0,0.0
2021-05-14 00:00:00+09:00,2894.376853215399,2918.0850595216,2886.474117779999,2911.170166015625,872900,0.0,0.0
2021-05-17 00:00:00+09:00,2938.8297872340427,2960.562310030395,2924.012158054711,2925.0,701600,0.0,0.0
2021-05-18 00:00:00+09:00,2953.6474482135586,3042.5532242467425,2943.7690286543157,3032.6748046875,935300,0.0,0.0
2021-05-19 00:00:00+09:00,2968.465083861902,3027.7356013433373,2968.465083861902,2993.1611328125,679800,0.0,0.0
2021-05-20 00:00:00+09:00,3003.0395436588333,3062.310060967889,3003.0395436588333,3047.492431640625,840500,0.0,0.0
2021-05-21 00:00:00+09:00,3022.7963948297343,3047.4924438071016,2943.7690381021594,2973.404296875,888200,0.0,0.0
2021-05-24 00:00:00+09:00,2993.161128816745,3037.6140168684788,2988.221919033219,3017.857177734375,779600,0.0,0.0
2021-05-25 00:00:00+09:00,3042.5532307136964,3057.370860084055,2988.2219230223805,2993.1611328125,596800,0.0,0.0
2021-05-26 00:00:00+09:00,2983.282717281094,3003.039556468386,2939.8176710690514,2968.465087890625,849700,0.0,0.0
2021-05-27 00:00:00+09:00,2983.282838222109,2998.100468213279,2857.826904296875,2857.826904296875,2509700,0.0,0.0
2021-05-28 00:00:00+09:00,2907.218793074024,2978.3434118648256,2898.328215725174,2950.683837890625,1097900,0.0,0.0
2021-05-31 00:00:00+09:00,2940.8054334993863,2952.659536691188,2832.142820907874,2842.021240234375,754200,0.0,0.0
2021-06-01 00:00:00+09:00,2864.7416019670136,2865.729443898726,2820.2887150399392,2861.778076171875,645100,0.0,0.0
2021-06-02 00:00:00+09:00,2825.228018130896,2914.133794925225,2825.228018130896,2879.559326171875,866200,0.0,0.0
2021-06-03 00:00:00+09:00,2868.6929710501818,2877.5835484398,2832.1428195595286,2851.899658203125,696800,0.0,0.0
2021-06-04 00:00:00+09:00,2854.8633330682956,2870.668804808466,2828.191599506758,2839.057861328125,674100,0.0,0.0
2021-06-07 00:00:00+09:00,2846.9605953306495,2863.753909043565,2822.2645457528333,2848.936279296875,606600,0.0,0.0
2021-06-08 00:00:00+09:00,2848.936133083579,2869.680813664285,2824.240084773215,2846.96044921875,445000,0.0,0.0
2021-06-09 00:00:00+09:00,2851.899706423221,2889.4377004807484,2818.3130801612224,2855.85107421875,406600,0.0,0.0
2021-06-10 00:00:00+09:00,2828.191596728702,2868.693118023105,2818.313176900798,2853.87548828125,541800,0.0,0.0
2021-06-11 00:00:00+09:00,2853.8754920254773,2858.814701945909,2818.3131805983685,2834.11865234375,591700,0.0,0.0
2021-06-14 00:00:00+09:00,2874.6202132373414,2896.352737186215,2846.9606373024117,2882.52294921875,560000,0.0,0.0
2021-06-15 00:00:00+09:00,2885.4863762853897,2916.1094771634616,2865.7295370092147,2889.437744140625,553600,0.0,0.0
2021-06-16 00:00:00+09:00,2894.3770452348504,2941.793460992964,2894.3770452348504,2922.03662109375,592300,0.0,0.0
2021-06-17 00:00:00+09:00,2938.829786489722,2950.683889830185,2912.158053973681,2929.939208984375,594800,0.0,0.0
2021-06-18 00:00:00+09:00,2944.7567916160765,2978.3434172165285,2894.376853215399,2911.170166015625,1377200,0.0,0.0
2021-06-21 00:00:00+09:00,2840.045701448861,2867.7052769760153,2816.337493854158,2848.936279296875,894000,0.0,0.0
2021-06-22 00:00:00+09:00,2938.829826708661,2988.2219246365376,2931.914932998758,2983.28271484375,941600,0.0,0.0
2021-06-23 00:00:00+09:00,2940.805623012306,2942.7813070049247,2900.3041011636315,2902.27978515625,712300,0.0,0.0
2021-06-24 00:00:00+09:00,2885.4863296346293,2886.4741715824675,2843.009125877598,2875.60791015625,594300,0.0,0.0
2021-06-25 00:00:00+09:00,2925.0000556841287,2953.6474726428723,2873.632273551209,2884.49853515625,685700,0.0,0.0
2021-06-28 00:00:00+09:00,2894.3770058305045,2900.304057719577,2852.8876426069955,2873.63232421875,584200,0.0,0.0
2021-06-29 00:00:00+09:00,2840.045704248268,2852.8876500413908,2826.2159164710592,2834.11865234375,743900,0.0,0.0
2021-06-30 00:00:00+09:00,2838.070068359375,2869.681012385654,2827.2038063503414,2838.070068359375,623700,0.0,0.0
2021-07-01 00:00:00+09:00,2855.8512233498195,2883.510799362893,2828.1916473367464,2843.00927734375,645500,0.0,0.0
2021-07-02 00:00:00+09:00,2816.337491106847,2864.741748232149,2807.446913267506,2863.75390625,515200,0.0,0.0
2021-07-05 00:00:00+09:00,2835.106442773776,2867.705227655844,2835.106442773776,2849.924072265625,328700,0.0,0.0
2021-07-06 00:00:00+09:00,2844.9849104361374,2861.778224143573,2818.313176900798,2853.87548828125,369200,0.0,0.0
2021-07-07 00:00:00+09:00,2817.325343307731,2831.1551311079793,2796.5806616073587,2809.422607421875,829300,0.0,0.0
2021-07-08 00:00:00+09:00,2781.763082421461,2815.3497105472884,2772.872504388154,2798.556396484375,1014200,0.0,0.0
2021-07-09 00:00:00+09:00,2749.16429936319,2792.6293475744656,2713.601987190328,2783.73876953125,1137800,0.0,0.0
2021-07-12 00:00:00+09:00,2859.8025283348584,2922.036572992923,2843.997056675668,2918.085205078125,1019000,0.0,0.0
2021-07-13 00:00:00+09:00,2924.012195750825,2993.1611328125,2919.0729859607054,2993.1611328125,1105700,0.0,0.0
2021-07-14 00:00:00+09:00,2968.465082268966,3003.03955078125,2951.6717689915704,3003.03955078125,782100,0.0,0.0
2021-07-15 00:00:00+09:00,2983.2826770541624,2983.2826770541624,2898.328269694342,2910.182373046875,651600,0.0,0.0
2021-07-16 00:00:00+09:00,2933.890672205438,2973.40435129238,2926.975778365223,2942.78125,814900,0.0,0.0
2021-07-19 00:00:00+09:00,2906.2311511512044,2928.951517050755,2888.449995229817,2912.158203125,418400,0.0,0.0
2021-07-20 00:00:00+09:00,2882.522861464707,2883.51070343231,2825.22802734375,2825.22802734375,768700,0.0,0.0
2021-07-21 00:00:00+09:00,2905.243263000197,2930.9271544786075,2887.4621073612975,2898.328369140625,701800,0.0,0.0
2021-07-26 00:00:00+09:00,2947.7205119652804,2951.671879943786,2907.2189901855963,2926.975830078125,684900,0.0,0.0
2021-07-27 00:00:00+09:00,2938.8298348063977,2951.6717803030306,2927.9635732323236,2933.890625,406300,0.0,0.0
2021-07-28 00:00:00+09:00,2877.5835978613077,2910.1823821831144,2845.9726554886465,2850.911865234375,787100,0.0,0.0
2021-07-29 00:00:00+09:00,2887.462061886926,2895.364797601978,2861.778170813009,2879.559326171875,475900,0.0,0.0
2021-07-30 00:00:00+09:00,2867.7052606147813,2993.1611917543187,2834.1186333805745,2937.842041015625,1900000,0.0,0.0
2021-08-02 00:00:00+09:00,3012.917962429207,3096.884528595267,3003.039542880259,3052.431640625,1420700,0.0,0.0
2021-08-03 00:00:00+09:00,3032.6747938022495,3106.762940230643,3027.7355840403566,3101.82373046875,1069700,0.0,0.0
2021-08-04 00:00:00+09:00,3111.7021468923062,3126.519776163222,3082.0668883504745,3121.58056640625,995500,0.0,0.0
2021-08-05 00:00:00+09:00,3131.4589813136754,3151.2158203125,3087.0060935663205,3151.2158203125,810500,0.0,0.0
2021-08-06 00:00:00+09:00,3141.337398535004,3175.9118667578737,3131.4589790427553,3166.033447265625,798000,0.0,0.0
2021-08-10 00:00:00+09:00,3156.155041034405,3156.155041034405,3082.06689453125,3082.06689453125,846300,0.0,0.0
2021-08-11 00:00:00+09:00,3151.215811298077,3210.486328125,3141.337391826923,3210.486328125,899800,0.0,0.0
2021-08-12 00:00:00+09:00,3240.1215850268404,3250.000004493386,3205.547116893932,3220.36474609375,886800,0.0,0.0
2021-08-13 00:00:00+09:00,3195.668701171875,3245.0607985624756,3185.790281693755,3195.668701171875,481300,0.0,0.0
2021-08-16 00:00:00+09:00,3156.1550347050534,3161.0942444620255,3091.9453078644187,3121.58056640625,683200,0.0,0.0
2021-08-17 00:00:00+09:00,3161.09424682035,3161.09424682035,3101.823729692468,3106.762939453125,382600,0.0,0.0
2021-08-18 00:00:00+09:00,3062.3100562424756,3091.945314851274,3052.4316367062097,3077.127685546875,489400,0.0,0.0
2021-08-19 00:00:00+09:00,3042.553225045881,3062.3100641695555,3022.7963859222064,3027.735595703125,445800,0.0,0.0
2021-08-20 00:00:00+09:00,2998.1003474934896,3027.735606282552,2954.6353012695313,2963.52587890625,777500,0.0,0.0
2021-08-23 00:00:00+09:00,3022.7963804183464,3062.31005859375,3012.9179608744957,3062.31005859375,650700,0.0,0.0
2021-08-24 00:00:00+09:00,3077.1276793563043,3121.5805671800713,3057.370840323519,3116.641357421875,858700,0.0,0.0
2021-08-25 00:00:00+09:00,3087.006102735623,3101.823732028754,3057.370844149361,3091.9453125,357800,0.0,0.0
2021-08-26 00:00:00+09:00,3062.3100617644072,3062.3100617644072,3017.857173771053,3042.55322265625,492100,0.0,0.0
2021-08-27 00:00:00+09:00,3052.43164141638,3067.2492707436436,3012.9179632103424,3047.492431640625,495100,0.0,0.0
2021-08-30 00:00:00+09:00,3082.066890649841,3111.702149213782,3057.370841846557,3106.762939453125,571200,0.0,0.0
2021-08-31 00:00:00+09:00,3111.702140058259,3185.790286250122,3101.8237205660103,3166.033447265625,1243000,0.0,0.0
2021-09-01 00:00:00+09:00,3136.39819645466,3136.39819645466,3096.8845183890894,3116.641357421875,705400,0.0,0.0
2021-09-02 00:00:00+09:00,3161.0942307692308,3210.486328125,3151.215811298077,3210.486328125,766200,0.0,0.0
2021-09-03 00:00:00+09:00,3185.7902779608416,3240.1215850268404,3175.911858494296,3220.36474609375,690200,0.0,0.0
2021-09-06 00:00:00+09:00,3240.1215790719693,3279.63525686553,3230.2431596235792,3259.87841796875,901500,0.0,0.0
2021-09-07 00:00:00+09:00,3279.63525243994,3294.45288159253,3245.0607844172296,3289.513671875,1023800,0.0,0.0
2021-09-08 00:00:00+09:00,3289.513668959888,3309.2705078125,3269.756830107276,3309.2705078125,848200,0.0,0.0
2021-09-09 00:00:00+09:00,3304.3313062375523,3324.088145138823,3225.303950632469,3254.939208984375,1062000,0.0,0.0
2021-09-10 00:00:00+09:00,3249.9999926904006,3299.39208984375,3249.9999926904006,3299.39208984375,842800,0.0,0.0
2021-09-13 00:00:00+09:00,3289.5136682365405,3319.1489265089417,3245.0607808279387,3314.209716796875,695800,0.0,0.0
2021-09-14 00:00:00+09:00,3304.331295926008,3324.088134765625,3259.8784085368684,3324.088134765625,834300,0.0,0.0
2021-09-15 00:00:00+09:00,3294.452889047018,3314.2097279618424,3220.3647431164254,3240.12158203125,691600,0.0,0.0
2021-09-16 00:00:00+09:00,3274.6960486322187,3304.3313069908813,3235.182370820669,3250.0,1434200,0.0,0.0
2021-09-17 00:00:00+09:00,3264.817639065528,3264.817639065528,3161.094234496124,3185.790283203125,1711500,0.0,0.0
2021-09-21 00:00:00+09:00,3106.7629386780754,3141.337406994048,3042.5532118055557,3111.7021484375,1829100,0.0,0.0
2021-09-22 00:00:00+09:00,3121.580571086262,3131.458990615016,3077.127683206869,3091.9453125,1122300,0.0,0.0
2021-09-24 00:00:00+09:00,3161.0942292944783,3225.3039558270225,3151.2158098279333,3220.36474609375,1396100,0.0,0.0
2021-09-27 00:00:00+09:00,3210.486327374952,3230.243166312644,3175.911859233991,3215.425537109375,1064000,0.0,0.0
2021-09-28 00:00:00+09:00,3205.547112462006,3254.9392097264436,3190.7294832826747,3250.0,918100,0.0,0.0
2021-09-29 00:00:00+09:00,3225.0,3235.0,3175.0,3230.0,1338400,40.0,0.0
2021-09-30 00:00:00+09:00,3240.0,3260.0,3210.0,3255.0,1251400,0.0,0.0
2021-10-01 00:00:00+09:00,3200.0,3225.0,3070.0,3075.0,1584100,0.0,0.0
2021-10-04 00:00:00+09:00,3130.0,3135.0,2990.0,3010.0,1273400,0.0,0.0
2021-10-05 00:00:00+09:00,2983.0,3030.0,2945.0,2988.0,1190500,0.0,0.0
2021-10-06 00:00:00+09:00,3005.0,3040.0,2905.0,2908.0,1343400,0.0,0.0
2021-10-07 00:00:00+09:00,2897.0,2956.0,2883.0,2940.0,1050000,0.0,0.0
2021-10-08 00:00:00+09:00,2990.0,2990.0,2898.0,2905.0,1449400,0.0,0.0
2021-10-11 00:00:00+09:00,2922.0,2978.0,2887.0,2978.0,1032300,0.0,0.0
2021-10-12 00:00:00+09:00,2986.0,2986.0,2924.0,2924.0,833900,0.0,0.0
2021-10-13 00:00:00+09:00,2920.0,2993.0,2918.0,2971.0,875600,0.0,0.0
2021-10-14 00:00:00+09:00,2943.0,3005.0,2943.0,2980.0,1150500,0.0,0.0
2021-10-15 00:00:00+09:00,3025.0,3095.0,3020.0,3085.0,1039300,0.0,0.0
2021-10-18 00:00:00+09:00,3085.0,3110.0,3045.0,3075.0,802900,0.0,0.0
2021-10-19 00:00:00+09:00,3090.0,3135.0,3070.0,3115.0,957900,0.0,0.0
2021-10-20 00:00:00+09:00,3115.0,3165.0,3115.0,3115.0,1273600,0.0,0.0
2021-10-21 00:00:00+09:00,3150.0,3185.0,3080.0,3080.0,1163600,0.0,0.0
2021-10-22 00:00:00+09:00,3060.0,3115.0,3055.0,3055.0,1181100,0.0,0.0
2021-10-25 00:00:00+09:00,3055.0,3115.0,3050.0,3060.0,997600,0.0,0.0
2021-10-26 00:00:00+09:00,3125.0,3165.0,3095.0,3100.0,1193800,0.0,0.0
2021-10-27 00:00:00+09:00,3115.0,3160.0,3060.0,3080.0,1091900,0.0,0.0
2021-10-28 00:00:00+09:00,3060.0,3150.0,3060.0,3105.0,4787100,0.0,0.0
2021-10-29 00:00:00+09:00,3075.0,3090.0,2795.0,2924.0,4656800,0.0,0.0
2021-11-01 00:00:00+09:00,3000.0,3010.0,2917.0,2935.0,2734700,0.0,0.0
2021-11-02 00:00:00+09:00,2885.0,2909.0,2831.0,2892.0,1889900,0.0,0.0
2021-11-04 00:00:00+09:00,2927.0,2971.0,2850.0,2953.0,1396300,0.0,0.0
2021-11-05 00:00:00+09:00,2970.0,2972.0,2900.0,2924.0,761900,0.0,0.0
2021-11-08 00:00:00+09:00,2966.0,2973.0,2937.0,2959.0,857200,0.0,0.0
2021-11-09 00:00:00+09:00,2973.0,2994.0,2956.0,2971.0,934700,0.0,0.0
2021-11-10 00:00:00+09:00,2950.0,2967.0,2917.0,2925.0,655600,0.0,0.0
2021-11-11 00:00:00+09:00,2929.0,2944.0,2886.0,2907.0,827900,0.0,0.0
2021-11-12 00:00:00+09:00,2936.0,3005.0,2917.0,3005.0,655000,0.0,0.0
2021-11-15 00:00:00+09:00,3025.0,3050.0,3015.0,3030.0,788500,0.0,0.0
2021-11-16 00:00:00+09:00,3025.0,3055.0,3010.0,3025.0,416800,0.0,0.0
2021-11-17 00:00:00+09:00,3025.0,3045.0,2994.0,3035.0,528800,0.0,0.0
2021-11-18 00:00:00+09:00,3040.0,3080.0,3030.0,3035.0,662200,0.0,0.0
2021-11-19 00:00:00+09:00,3060.0,3065.0,3005.0,3015.0,537500,0.0,0.0
2021-11-22 00:00:00+09:00,3015.0,3065.0,2989.0,3045.0,619400,0.0,0.0
2021-11-24 00:00:00+09:00,3000.0,3020.0,2916.0,2928.0,886200,0.0,0.0
2021-11-25 00:00:00+09:00,2935.0,2953.0,2924.0,2942.0,355700,0.0,0.0
2021-11-26 00:00:00+09:00,2930.0,2935.0,2833.0,2836.0,921000,0.0,0.0
2021-11-29 00:00:00+09:00,2776.0,2807.0,2748.0,2769.0,1121900,0.0,0.0
2021-11-30 00:00:00+09:00,2809.0,2851.0,2789.0,2789.0,2603600,0.0,0.0
2021-12-01 00:00:00+09:00,2809.0,2858.0,2803.0,2841.0,1115200,0.0,0.0
2021-12-02 00:00:00+09:00,2791.0,2837.0,2783.0,2799.0,888400,0.0,0.0
2021-12-03 00:00:00+09:00,2823.0,2904.0,2798.0,2902.0,716200,0.0,0.0
2021-12-06 00:00:00+09:00,2911.0,2949.0,2907.0,2936.0,697000,0.0,0.0
2021-12-07 00:00:00+09:00,2978.0,3095.0,2972.0,3090.0,1231200,0.0,0.0
2021-12-08 00:00:00+09:00,3105.0,3105.0,3020.0,3065.0,1105400,0.0,0.0
2021-12-09 00:00:00+09:00,3090.0,3090.0,3020.0,3040.0,1528500,0.0,0.0
2021-12-10 00:00:00+09:00,3080.0,3110.0,3055.0,3070.0,966100,0.0,0.0
2021-12-13 00:00:00+09:00,3075.0,3090.0,3065.0,3085.0,617200,0.0,0.0
2021-12-14 00:00:00+09:00,3100.0,3125.0,3065.0,3115.0,761200,0.0,0.0
2021-12-15 00:00:00+09:00,3095.0,3145.0,3085.0,3145.0,727500,0.0,0.0
2021-12-16 00:00:00+09:00,3185.0,3185.0,3120.0,3160.0,749000,0.0,0.0
2021-12-17 00:00:00+09:00,3155.0,3155.0,3025.0,3030.0,1346900,0.0,0.0
2021-12-20 00:00:00+09:00,2997.0,3020.0,2962.0,2972.0,705200,0.0,0.0
2021-12-21 00:00:00+09:00,3050.0,3055.0,3000.0,3005.0,507600,0.0,0.0
2021-12-22 00:00:00+09:00,3030.0,3045.0,2997.0,3010.0,435200,0.0,0.0
2021-12-23 00:00:00+09:00,3015.0,3065.0,3010.0,3060.0,321600,0.0,0.0
2021-12-24 00:00:00+09:00,3090.0,3095.0,3065.0,3085.0,268800,0.0,0.0
2021-12-27 00:00:00+09:00,3100.0,3100.0,3040.0,3070.0,351700,0.0,0.0
2021-12-28 00:00:00+09:00,3100.0,3160.0,3100.0,3150.0,650500,0.0,0.0
2021-12-29 00:00:00+09:00,3150.0,3170.0,3085.0,3095.0,663200,0.0,0.0
2021-12-30 00:00:00+09:00,3080.0,3105.0,3050.0,3065.0,456700,0.0,0.0
2022-01-04 00:00:00+09:00,3135.0,3135.0,3075.0,3080.0,735900,0.0,0.0
2022-01-05 00:00:00+09:00,3130.0,3135.0,3055.0,3080.0,789800,0.0,0.0
2022-01-06 00:00:00+09:00,3065.0,3070.0,2997.0,3005.0,517400,0.0,0.0
2022-01-07 00:00:00+09:00,3020.0,3035.0,2958.0,2983.0,808800,0.0,0.0
2022-01-11 00:00:00+09:00,2948.0,2957.0,2887.0,2932.0,962000,0.0,0.0
2022-01-12 00:00:00+09:00,2970.0,3010.0,2957.0,3010.0,843300,0.0,0.0
2022-01-13 00:00:00+09:00,3010.0,3025.0,2968.0,2972.0,702000,0.0,0.0
2022-01-14 00:00:00+09:00,2931.0,2939.0,2820.0,2861.0,1131700,0.0,0.0
2022-01-17 00:00:00+09:00,2871.0,2888.0,2825.0,2850.0,648900,0.0,0.0
2022-01-18 00:00:00+09:00,2885.0,2893.0,2811.0,2819.0,553900,0.0,0.0
2022-01-19 00:00:00+09:00,2760.0,2789.0,2647.0,2648.0,1534900,0.0,0.0
2022-01-20 00:00:00+09:00,2668.0,2721.0,2646.0,2684.0,1188700,0.0,0.0
2022-01-21 00:00:00+09:00,2634.0,2673.0,2578.0,2665.0,892100,0.0,0.0
2022-01-24 00:00:00+09:00,2620.0,2688.0,2614.0,2678.0,698700,0.0,0.0
2022-01-25 00:00:00+09:00,2656.0,2663.0,2536.0,2577.0,931900,0.0,0.0
2022-01-26 00:00:00+09:00,2582.0,2595.0,2538.0,2571.0,528500,0.0,0.0
2022-01-27 00:00:00+09:00,2595.0,2610.0,2478.0,2498.0,1064200,0.0,0.0
2022-01-28 00:00:00+09:00,2548.0,2581.0,2499.0,2548.0,964700,0.0,0.0
2022-01-31 00:00:00+09:00,2563.0,2634.0,2531.0,2609.0,1303700,0.0,0.0
2022-02-01 00:00:00+09:00,2638.0,2686.0,2530.0,2538.0,1997900,0.0,0.0
2022-02-02 00:00:00+09:00,2500.0,2602.0,2494.0,2561.0,1518400,0.0,0.0
2022-02-03 00:00:00+09:00,2547.0,2580.0,2497.0,2564.0,1322200,0.0,0.0
2022-02-04 00:00:00+09:00,2548.0,2568.0,2516.0,2551.0,814300,0.0,0.0
2022-02-07 00:00:00+09:00,2519.0,2534.0,2493.0,2516.0,552100,0.0,0.0
2022-02-08 00:00:00+09:00,2533.0,2575.0,2513.0,2518.0,578600,0.0,0.0
2022-02-09 00:00:00+09:00,2562.0,2578.0,2523.0,2562.0,694300,0.0,0.0
2022-02-10 00:00:00+09:00,2596.0,2639.0,2593.0,2628.0,942900,0.0,0.0
2022-02-14 00:00:00+09:00,2578.0,2589.0,2538.0,2563.0,803000,0.0,0.0
2022-02-15 00:00:00+09:00,2563.0,2567.0,2502.0,2518.0,774400,0.0,0.0
2022-02-16 00:00:00+09:00,2568.0,2572.0,2532.0,2559.0,634100,0.0,0.0
2022-02-17 00:00:00+09:00,2560.0,2596.0,2546.0,2576.0,753700,0.0,0.0
2022-02-18 00:00:00+09:00,2544.0,2612.0,2544.0,2607.0,859100,0.0,0.0
2022-02-21 00:00:00+09:00,2552.0,2615.0,2537.0,2600.0,488900,0.0,0.0
2022-02-22 00:00:00+09:00,2555.0,2569.0,2522.0,2560.0,674300,0.0,0.0
2022-02-24 00:00:00+09:00,2523.0,2571.0,2500.0,2532.0,807600,0.0,0.0
2022-02-25 00:00:00+09:00,2524.0,2579.0,2507.0,2564.0,1003300,0.0,0.0
2022-02-28 00:00:00+09:00,2569.0,2576.0,2525.0,2555.0,1216400,0.0,0.0
2022-03-01 00:00:00+09:00,2618.0,2632.0,2587.0,2587.0,687000,0.0,0.0
2022-03-02 00:00:00+09:00,2522.0,2534.0,2390.0,2391.0,1384200,0.0,0.0
2022-03-03 00:00:00+09:00,2450.0,2459.0,2384.0,2390.0,1097600,0.0,0.0
2022-03-04 00:00:00+09:00,2351.0,2359.0,2285.0,2311.0,1153600,0.0,0.0
2022-03-07 00:00:00+09:00,2230.0,2241.0,2141.0,2202.0,1888300,0.0,0.0
2022-03-08 00:00:00+09:00,2162.0,2231.0,2150.0,2170.0,1332900,0.0,0.0
2022-03-09 00:00:00+09:00,2162.0,2207.0,2126.0,2164.0,1683100,0.0,0.0
2022-03-10 00:00:00+09:00,2251.0,2270.0,2223.0,2258.0,1836400,0.0,0.0
2022-03-11 00:00:00+09:00,2197.0,2222.0,2165.0,2184.0,1078800,0.0,0.0
2022-03-14 00:00:00+09:00,2195.0,2237.0,2195.0,2207.0,771400,0.0,0.0
2022-03-15 00:00:00+09:00,2191.0,2273.0,2187.0,2262.0,885700,0.0,0.0
2022-03-16 00:00:00+09:00,2299.0,2346.0,2284.0,2336.0,1218800,0.0,0.0
2022-03-17 00:00:00+09:00,2403.0,2450.0,2369.0,2439.0,1366300,0.0,0.0
2022-03-18 00:00:00+09:00,2439.0,2480.0,2420.0,2461.0,1536600,0.0,0.0
2022-03-22 00:00:00+09:00,2442.0,2454.0,2380.0,2392.0,1530300,0.0,0.0
2022-03-23 00:00:00+09:00,2405.0,2461.0,2371.0,2459.0,1181800,0.0,0.0
2022-03-24 00:00:00+09:00,2394.0,2449.0,2356.0,2445.0,1202900,0.0,0.0
2022-03-25 00:00:00+09:00,2456.0,2459.0,2389.0,2397.0,1304600,0.0,0.0
2022-03-28 00:00:00+09:00,2384.0,2388.0,2331.0,2344.0,1014200,0.0,0.0
2022-03-29 00:00:00+09:00,2365.0,2365.0,2323.0,2353.0,1113500,0.0,0.0
2022-03-30 00:00:00+09:00,2353.0,2358.0,2266.0,2289.0,1633500,0.0,0.0
2022-03-31 00:00:00+09:00,2303.0,2308.0,2277.0,2290.0,1271300,0.0,0.0
2022-04-01 00:00:00+09:00,2231.0,2280.0,2190.0,2268.0,1232600,0.0,0.0
2022-04-04 00:00:00+09:00,2287.0,2303.0,2271.0,2298.0,681300,0.0,0.0
2022-04-05 00:00:00+09:00,2299.0,2299.0,2260.0,2273.0,838000,0.0,0.0
2022-04-06 00:00:00+09:00,2247.0,2247.0,2189.0,2201.0,1551700,0.0,0.0
2022-04-07 00:00:00+09:00,2152.0,2166.0,2110.0,2125.0,1485800,0.0,0.0
2022-04-08 00:00:00+09:00,2153.0,2157.0,2093.0,2107.0,1526900,0.0,0.0
2022-04-11 00:00:00+09:00,2100.0,2129.0,2066.0,2103.0,919800,0.0,0.0
2022-04-12 00:00:00+09:00,2105.0,2122.0,2061.0,2071.0,954200,0.0,0.0
2022-04-13 00:00:00+09:00,2071.0,2099.0,2064.0,2095.0,1116700,0.0,0.0
2022-04-14 00:00:00+09:00,2109.0,2120.0,2098.0,2110.0,540300,0.0,0.0
2022-04-15 00:00:00+09:00,2074.0,2094.0,2056.0,2077.0,625300,0.0,0.0
2022-04-18 00:00:00+09:00,2055.0,2069.0,2033.0,2054.0,621200,0.0,0.0
2022-04-19 00:00:00+09:00,2062.0,2083.0,2058.0,2073.0,640100,0.0,0.0
2022-04-20 00:00:00+09:00,2123.0,2154.0,2108.0,2151.0,1696500,0.0,0.0
2022-04-21 00:00:00+09:00,2170.0,2288.0,2167.0,2280.0,2368900,0.0,0.0
2022-04-22 00:00:00+09:00,2247.0,2266.0,2216.0,2232.0,1392400,0.0,0.0
2022-04-25 00:00:00+09:00,2182.0,2222.0,2165.0,2206.0,1021100,0.0,0.0
2022-04-26 00:00:00+09:00,2214.0,2252.0,2213.0,2241.0,1145100,0.0,0.0
2022-04-27 00:00:00+09:00,2184.0,2251.0,2172.0,2234.0,2329900,0.0,0.0
2022-04-28 00:00:00+09:00,2242.0,2295.0,2229.0,2294.0,1569300,0.0,0.0
2022-05-02 00:00:00+09:00,2405.0,2447.0,2347.0,2420.0,2866000,0.0,0.0
2022-05-06 00:00:00+09:00,2370.0,2414.0,2342.0,2410.0,1947300,0.0,0.0
2022-05-09 00:00:00+09:00,2370.0,2392.0,2335.0,2336.0,1377700,0.0,0.0
2022-05-10 00:00:00+09:00,2303.0,2444.0,2280.0,2433.0,2174500,0.0,0.0
2022-05-11 00:00:00+09:00,2416.0,2455.0,2392.0,2404.0,1692600,0.0,0.0
2022-05-12 00:00:00+09:00,2392.0,2424.0,2360.0,2406.0,1160200,0.0,0.0
2022-05-13 00:00:00+09:00,2436.0,2569.0,2433.0,2558.0,2588500,0.0,0.0
2022-05-16 00:00:00+09:00,2585.0,2588.0,2495.0,2518.0,1172400,0.0,0.0
2022-05-17 00:00:00+09:00,2510.0,2533.0,2496.0,2522.0,756100,0.0,0.0
2022-05-18 00:00:00+09:00,2531.0,2541.0,2488.0,2512.0,1260400,0.0,0.0
2022-05-19 00:00:00+09:00,2425.0,2495.0,2422.0,2488.0,1136500,0.0,0.0
2022-05-20 00:00:00+09:00,2488.0,2496.0,2437.0,2482.0,1289300,0.0,0.0
2022-05-23 00:00:00+09:00,2532.0,2556.0,2508.0,2521.0,994200,0.0,0.0
2022-05-24 00:00:00+09:00,2508.0,2519.0,2487.0,2497.0,1017700,0.0,0.0
2022-05-25 00:00:00+09:00,2497.0,2503.0,2445.0,2471.0,1257100,0.0,0.0
2022-05-26 00:00:00+09:00,2491.0,2525.0,2478.0,2493.0,1192700,0.0,0.0
2022-05-27 00:00:00+09:00,2548.0,2563.0,2512.0,2521.0,1056700,0.0,0.0
2022-05-30 00:00:00+09:00,2547.0,2584.0,2542.0,2550.0,1931600,0.0,0.0
2022-05-31 00:00:00+09:00,2543.0,2543.0,2450.0,2459.0,5206500,0.0,0.0
2022-06-01 00:00:00+09:00,2490.0,2515.0,2462.0,2511.0,1144600,0.0,0.0
2022-06-02 00:00:00+09:00,2512.0,2515.0,2451.0,2469.0,1015700,0.0,0.0
2022-06-03 00:00:00+09:00,2510.0,2519.0,2467.0,2487.0,908900,0.0,0.0
2022-06-06 00:00:00+09:00,2453.0,2479.0,2437.0,2474.0,843500,0.0,0.0
2022-06-07 00:00:00+09:00,2497.0,2519.0,2481.0,2491.0,846100,0.0,0.0
2022-06-08 00:00:00+09:00,2539.0,2593.0,2539.0,2589.0,1149200,0.0,0.0
2022-06-09 00:00:00+09:00,2550.0,2577.0,2542.0,2563.0,836400,0.0,0.0
2022-06-10 00:00:00+09:00,2538.0,2568.0,2529.0,2551.0,1066800,0.0,0.0
2022-06-13 00:00:00+09:00,2482.0,2531.0,2482.0,2531.0,780800,0.0,0.0
2022-06-14 00:00:00+09:00,2481.0,2548.0,2475.0,2537.0,1097900,0.0,0.0
2022-06-15 00:00:00+09:00,2523.0,2547.0,2502.0,2533.0,982300,0.0,0.0
2022-06-16 00:00:00+09:00,2572.0,2589.0,2520.0,2532.0,1118800,0.0,0.0
2022-06-17 00:00:00+09:00,2462.0,2484.0,2434.0,2462.0,1601900,0.0,0.0
2022-06-20 00:00:00+09:00,2512.0,2512.0,2447.0,2465.0,742100,0.0,0.0
2022-06-21 00:00:00+09:00,2471.0,2499.0,2446.0,2484.0,758100,0.0,0.0
2022-06-22 00:00:00+09:00,2500.0,2519.0,2455.0,2455.0,914500,0.0,0.0
2022-06-23 00:00:00+09:00,2456.0,2503.0,2456.0,2486.0,814000,0.0,0.0
2022-06-24 00:00:00+09:00,2494.0,2520.0,2470.0,2517.0,770300,0.0,0.0
2022-06-27 00:00:00+09:00,2567.0,2588.0,2549.0,2567.0,876400,0.0,0.0
2022-06-28 00:00:00+09:00,2571.0,2596.0,2554.0,2596.0,706400,0.0,0.0
2022-06-29 00:00:00+09:00,2571.0,2575.0,2540.0,2542.0,1632500,0.0,0.0
2022-06-30 00:00:00+09:00,2532.0,2545.0,2500.0,2540.0,1118000,0.0,0.0
2022-07-01 00:00:00+09:00,2586.0,2607.0,2523.0,2536.0,1486400,0.0,0.0
2022-07-04 00:00:00+09:00,2580.0,2596.0,2547.0,2584.0,788500,0.0,0.0
2022-07-05 00:00:00+09:00,2595.0,2622.0,2542.0,2613.0,1056300,0.0,0.0
2022-07-06 00:00:00+09:00,2582.0,2644.0,2580.0,2642.0,991300,0.0,0.0
2022-07-07 00:00:00+09:00,2681.0,2691.0,2638.0,2691.0,1085900,0.0,0.0
2022-07-08 00:00:00+09:00,2711.0,2742.0,2665.0,2696.0,1598500,0.0,0.0
2022-07-11 00:00:00+09:00,2728.0,2758.0,2694.0,2710.0,917200,0.0,0.0
2022-07-12 00:00:00+09:00,2706.0,2716.0,2617.0,2619.0,825900,0.0,0.0
2022-07-13 00:00:00+09:00,2664.0,2665.0,2633.0,2644.0,645000,0.0,0.0
2022-07-14 00:00:00+09:00,2627.0,2657.0,2607.0,2609.0,733000,0.0,0.0
2022-07-15 00:00:00+09:00,2634.0,2649.0,2586.0,2632.0,726100,0.0,0.0
2022-07-19 00:00:00+09:00,2642.0,2663.0,2618.0,2654.0,666200,0.0,0.0
2022-07-20 00:00:00+09:00,2705.0,2753.0,2701.0,2750.0,856000,0.0,0.0
2022-07-21 00:00:00+09:00,2734.0,2775.0,2729.0,2773.0,595600,0.0,0.0
2022-07-22 00:00:00+09:00,2758.0,2787.0,2756.0,2779.0,578100,0.0,0.0
2022-07-25 00:00:00+09:00,2774.0,2785.0,2756.0,2766.0,561200,0.0,0.0
2022-07-26 00:00:00+09:00,2757.0,2759.0,2732.0,2740.0,600900,0.0,0.0
2022-07-27 00:00:00+09:00,2724.0,2733.0,2701.0,2714.0,711600,0.0,0.0
2022-07-28 00:00:00+09:00,2739.0,2740.0,2689.0,2730.0,873000,0.0,0.0
2022-07-29 00:00:00+09:00,2756.0,2763.0,2724.0,2738.0,890700,0.0,0.0
2022-08-01 00:00:00+09:00,2502.0,2606.0,2502.0,2562.0,2297300,0.0,0.0
2022-08-02 00:00:00+09:00,2572.0,2589.0,2462.0,2463.0,1523700,0.0,0.0
2022-08-03 00:00:00+09:00,2448.0,2509.0,2444.0,2500.0,1172500,0.0,0.0
2022-08-04 00:00:00+09:00,2520.0,2524.0,2492.0,2506.0,960600,0.0,0.0
2022-08-05 00:00:00+09:00,2487.0,2532.0,2473.0,2522.0,718100,0.0,0.0
2022-08-08 00:00:00+09:00,2500.0,2529.0,2498.0,2513.0,635800,0.0,0.0
2022-08-09 00:00:00+09:00,2517.0,2559.0,2514.0,2530.0,499100,0.0,0.0
2022-08-10 00:00:00+09:00,2536.0,2567.0,2506.0,2563.0,768100,0.0,0.0
2022-08-12 00:00:00+09:00,2600.0,2642.0,2595.0,2626.0,851000,0.0,0.0
2022-08-15 00:00:00+09:00,2646.0,2648.0,2615.0,2641.0,339600,0.0,0.0
2022-08-16 00:00:00+09:00,2605.0,2613.0,2563.0,2592.0,586300,0.0,0.0
2022-08-17 00:00:00+09:00,2598.0,2647.0,2584.0,2646.0,764700,0.0,0.0
2022-08-18 00:00:00+09:00,2624.0,2648.0,2613.0,2628.0,466600,0.0,0.0
2022-08-19 00:00:00+09:00,2648.0,2653.0,2616.0,2624.0,393100,0.0,0.0
2022-08-22 00:00:00+09:00,2590.0,2622.0,2588.0,2622.0,404000,0.0,0.0
2022-08-23 00:00:00+09:00,2590.0,2610.0,2548.0,2554.0,833900,0.0,0.0
2022-08-24 00:00:00+09:00,2551.0,2560.0,2529.0,2531.0,809700,0.0,0.0
2022-08-25 00:00:00+09:00,2572.0,2638.0,2565.0,2609.0,958900,0.0,0.0
2022-08-26 00:00:00+09:00,2620.0,2622.0,2563.0,2563.0,865300,0.0,0.0
2022-08-29 00:00:00+09:00,2479.0,2488.0,2447.0,2470.0,1085500,0.0,0.0
2022-08-30 00:00:00+09:00,2463.0,2480.0,2454.0,2466.0,648400,0.0,0.0
2022-08-31 00:00:00+09:00,2414.0,2442.0,2407.0,2439.0,1830700,0.0,0.0
2022-09-01 00:00:00+09:00,2390.0,2436.0,2374.0,2405.0,1155200,0.0,0.0
2022-09-02 00:00:00+09:00,2393.0,2399.0,2362.0,2373.0,1162000,0.0,0.0
2022-09-05 00:00:00+09:00,2374.0,2391.0,2346.0,2377.0,695800,0.0,0.0
2022-09-06 00:00:00+09:00,2378.0,2383.0,2331.0,2339.0,768400,0.0,0.0
2022-09-07 00:00:00+09:00,2318.0,2324.0,2287.0,2296.0,990500,0.0,0.0
2022-09-08 00:00:00+09:00,2317.0,2379.0,2314.0,2378.0,1113200,0.0,0.0
2022-09-09 00:00:00+09:00,2353.0,2387.0,2350.0,2385.0,1048900,0.0,0.0
2022-09-12 00:00:00+09:00,2403.0,2420.0,2361.0,2380.0,881800,0.0,0.0
2022-09-13 00:00:00+09:00,2389.0,2398.0,2369.0,2385.0,664500,0.0,0.0
2022-09-14 00:00:00+09:00,2290.0,2325.0,2272.0,2305.0,1361300,0.0,0.0
2022-09-15 00:00:00+09:00,2320.0,2321.0,2288.0,2298.0,718100,0.0,0.0
2022-09-16 00:00:00+09:00,2299.0,2324.0,2294.0,2307.0,1185000,0.0,0.0
2022-09-20 00:00:00+09:00,2318.0,2336.0,2302.0,2329.0,992500,0.0,0.0
2022-09-21 00:00:00+09:00,2279.0,2284.0,2240.0,2248.0,1879100,0.0,0.0
2022-09-22 00:00:00+09:00,2227.0,2237.0,2203.0,2225.0,1209300,0.0,0.0
2022-09-26 00:00:00+09:00,2207.0,2207.0,2152.0,2165.0,1674800,0.0,0.0
2022-09-27 00:00:00+09:00,2171.0,2198.0,2150.0,2150.0,1395700,0.0,0.0
2022-09-28 00:00:00+09:00,2160.0,2180.0,2119.0,2149.0,1384400,0.0,0.0
2022-09-29 00:00:00+09:00,2125.0,2155.0,2112.0,2145.0,3924300,0.0,0.0
2022-09-30 00:00:00+09:00,2127.0,2153.0,2106.0,2119.0,1433700,0.0,0.0
2022-10-03 00:00:00+09:00,2146.0,2196.0,2123.0,2182.0,1979000,0.0,0.0
2022-10-04 00:00:00+09:00,2248.0,2280.0,2232.0,2268.0,1250000,0.0,0.0
2022-10-05 00:00:00+09:00,2281.0,2301.0,2261.0,2279.0,1189700,0.0,0.0
2022-10-06 00:00:00+09:00,2272.0,2300.0,2269.0,2269.0,952500,0.0,0.0
2022-10-07 00:00:00+09:00,2219.0,2256.0,2211.0,2232.0,908900,0.0,0.0
2022-10-11 00:00:00+09:00,2201.0,2231.0,2189.0,2219.0,1121700,0.0,0.0
2022-10-12 00:00:00+09:00,2207.0,2218.0,2188.0,2197.0,679700,0.0,0.0
2022-10-13 00:00:00+09:00,2178.0,2190.0,2156.0,2160.0,764200,0.0,0.0
2022-10-14 00:00:00+09:00,2210.0,2225.0,2177.0,2210.0,852500,0.0,0.0
2022-10-17 00:00:00+09:00,2178.0,2200.0,2162.0,2178.0,670100,0.0,0.0
2022-10-18 00:00:00+09:00,2215.0,2215.0,2174.0,2197.0,748600,0.0,0.0
2022-10-19 00:00:00+09:00,2180.0,2222.0,2180.0,2213.0,641900,0.0,0.0
2022-10-20 00:00:00+09:00,2168.0,2187.0,2154.0,2166.0,964300,0.0,0.0
2022-10-21 00:00:00+09:00,2150.0,2172.0,2139.0,2159.0,1128600,0.0,0.0
2022-10-24 00:00:00+09:00,2182.0,2192.0,2144.0,2157.0,1089900,0.0,0.0
2022-10-25 00:00:00+09:00,2170.0,2201.0,2162.0,2186.0,1406400,0.0,0.0
2022-10-26 00:00:00+09:00,2220.0,2260.0,2215.0,2241.0,1283100,0.0,0.0
2022-10-27 00:00:00+09:00,2227.0,2238.0,2213.0,2233.0,848700,0.0,0.0
2022-10-28 00:00:00+09:00,2205.0,2238.0,2192.0,2222.0,3063700,0.0,0.0
2022-10-31 00:00:00+09:00,2261.0,2261.0,2222.0,2251.0,1424500,0.0,0.0
2022-11-01 00:00:00+09:00,2061.0,2065.0,2001.0,2007.0,5416500,0.0,0.0
2022-11-02 00:00:00+09:00,2000.0,2014.0,1974.0,1977.0,3009200,0.0,0.0
2022-11-04 00:00:00+09:00,1926.0,1926.0,1881.0,1904.0,3210700,0.0,0.0
2022-11-07 00:00:00+09:00,1942.0,1974.0,1932.0,1943.0,1576100,0.0,0.0
2022-11-08 00:00:00+09:00,1960.0,1973.0,1946.0,1968.0,1093200,0.0,0.0
2022-11-09 00:00:00+09:00,1991.0,2015.0,1981.0,2008.0,1535400,0.0,0.0
2022-11-10 00:00:00+09:00,2017.0,2022.0,1980.0,1981.0,1237400,0.0,0.0
2022-11-11 00:00:00+09:00,2047.0,2102.0,2043.0,2100.0,2282400,0.0,0.0
2022-11-14 00:00:00+09:00,2099.0,2172.0,2089.0,2143.0,1869800,0.0,0.0
2022-11-15 00:00:00+09:00,2147.0,2150.0,2121.0,2144.0,1270000,0.0,0.0
2022-11-16 00:00:00+09:00,2137.0,2144.0,2101.0,2133.0,1192300,0.0,0.0
2022-11-17 00:00:00+09:00,2143.0,2154.0,2125.0,2148.0,1063500,0.0,0.0
2022-11-18 00:00:00+09:00,2125.0,2167.0,2125.0,2166.0,1153800,0.0,0.0
2022-11-21 00:00:00+09:00,2190.0,2190.0,2113.0,2118.0,1437000,0.0,0.0
2022-11-22 00:00:00+09:00,2135.0,2157.0,2122.0,2135.0,1155200,0.0,0.0
2022-11-24 00:00:00+09:00,2182.0,2186.0,2149.0,2165.0,1071000,0.0,0.0
2022-11-25 00:00:00+09:00,2155.0,2167.0,2144.0,2145.0,858300,0.0,0.0
2022-11-28 00:00:00+09:00,2157.0,2157.0,2102.0,2121.0,1073800,0.0,0.0
2022-11-29 00:00:00+09:00,2088.0,2093.0,2071.0,2082.0,1332300,0.0,0.0
2022-11-30 00:00:00+09:00,2077.0,2127.0,2064.0,2109.0,3904100,0.0,0.0
2022-12-01 00:00:00+09:00,2124.0,2135.0,2099.0,2102.0,1031600,0.0,0.0
2022-12-02 00:00:00+09:00,2097.0,2115.0,2075.0,2110.0,1131200,0.0,0.0
2022-12-05 00:00:00+09:00,2096.0,2138.0,2091.0,2117.0,933600,0.0,0.0
2022-12-06 00:00:00+09:00,2098.0,2111.0,2077.0,2077.0,918700,0.0,0.0
2022-12-07 00:00:00+09:00,2053.0,2085.0,2051.0,2061.0,1277800,0.0,0.0
2022-12-08 00:00:00+09:00,2064.0,2094.0,2045.0,2091.0,1139000,0.0,0.0
2022-12-09 00:00:00+09:00,2060.0,2106.0,2059.0,2099.0,791100,0.0,0.0
2022-12-12 00:00:00+09:00,2098.0,2098.0,2062.0,2065.0,1015100,0.0,0.0
2022-12-13 00:00:00+09:00,2103.0,2118.0,2095.0,2095.0,660500,0.0,0.0
2022-12-14 00:00:00+09:00,2050.0,2082.0,2049.0,2068.0,1402300,0.0,0.0
2022-12-15 00:00:00+09:00,2061.0,2076.0,2042.0,2042.0,1283600,0.0,0.0
2022-12-16 00:00:00+09:00,2010.0,2045.0,1996.0,2020.0,1525800,0.0,0.0
2022-12-19 00:00:00+09:00,2013.0,2042.0,2012.0,2034.0,650100,0.0,0.0
2022-12-20 00:00:00+09:00,2020.0,2033.0,1993.0,2019.0,1106300,0.0,0.0
2022-12-21 00:00:00+09:00,2001.0,2026.0,1989.0,1997.0,964000,0.0,0.0
2022-12-22 00:00:00+09:00,2000.0,2008.0,1986.0,2003.0,951300,0.0,0.0
2022-12-23 00:00:00+09:00,1992.0,2005.0,1989.0,2000.0,537800,0.0,0.0
2022-12-26 00:00:00+09:00,2031.0,2031.0,1994.0,2004.0,580000,0.0,0.0
2022-12-27 00:00:00+09:00,2024.0,2025.0,1998.0,2012.0,350100,0.0,0.0
2022-12-28 00:00:00+09:00,2010.0,2042.0,2007.0,2030.0,749700,0.0,0.0
2022-12-29 00:00:00+09:00,2006.0,2007.0,1989.0,1992.0,722300,0.0,0.0
2022-12-30 00:00:00+09:00,2008.0,2022.0,2000.0,2001.0,596500,0.0,0.0
2023-01-04 00:00:00+09:00,2011.0,2017.0,1975.0,2014.0,684500,0.0,0.0
2023-01-05 00:00:00+09:00,2004.0,2059.0,2002.0,2056.0,1138000,0.0,0.0
2023-01-06 00:00:00+09:00,2034.0,2069.0,2030.0,2067.0,810100,0.0,0.0
2023-01-10 00:00:00+09:00,2021.0,2068.0,2016.0,2033.0,1315800,0.0,0.0
2023-01-11 00:00:00+09:00,2047.0,2070.0,2038.0,2065.0,782400,0.0,0.0
2023-01-12 00:00:00+09:00,2070.0,2074.0,2051.0,2060.0,428400,0.0,0.0
2023-01-13 00:00:00+09:00,2055.0,2079.0,2043.0,2049.0,525600,0.0,0.0
2023-01-16 00:00:00+09:00,2046.0,2071.0,2037.0,2063.0,870000,0.0,0.0
2023-01-17 00:00:00+09:00,2060.0,2074.0,2045.0,2070.0,785500,0.0,0.0
2023-01-18 00:00:00+09:00,2061.0,2097.0,2046.0,2086.0,1187800,0.0,0.0
2023-01-19 00:00:00+09:00,2093.0,2095.0,2064.0,2072.0,808900,0.0,0.0
2023-01-20 00:00:00+09:00,2042.0,2072.0,2038.0,2068.0,986800,0.0,0.0
2023-01-23 00:00:00+09:00,2098.0,2106.0,2082.0,2088.0,652000,0.0,0.0
2023-01-24 00:00:00+09:00,2118.0,2148.0,2113.0,2146.0,718300,0.0,0.0
2023-01-25 00:00:00+09:00,2131.0,2163.0,2122.0,2162.0,840800,0.0,0.0
2023-01-26 00:00:00+09:00,2172.0,2187.0,2164.0,2168.0,1008400,0.0,0.0
2023-01-27 00:00:00+09:00,2179.0,2201.0,2172.0,2187.0,802300,0.0,0.0
2023-01-30 00:00:00+09:00,2200.0,2216.0,2170.0,2204.0,1459000,0.0,0.0
2023-01-31 00:00:00+09:00,2228.0,2254.0,2202.0,2230.0,2834400,0.0,0.0
2023-02-01 00:00:00+09:00,2205.0,2247.0,2110.0,2117.0,3017700,0.0,0.0
2023-02-02 00:00:00+09:00,2155.0,2164.0,2112.0,2131.0,1264700,0.0,0.0
2023-02-03 00:00:00+09:00,2121.0,2140.0,2096.0,2140.0,957500,0.0,0.0
2023-02-06 00:00:00+09:00,2152.0,2160.0,2132.0,2144.0,759600,0.0,0.0
2023-02-07 00:00:00+09:00,2131.0,2148.0,2122.0,2135.0,490200,0.0,0.0
2023-02-08 00:00:00+09:00,2127.0,2146.0,2123.0,2141.0,593300,0.0,0.0
2023-02-09 00:00:00+09:00,2128.0,2139.0,2115.0,2126.0,468800,0.0,0.0
2023-02-10 00:00:00+09:00,2102.0,2131.0,2091.0,2120.0,725900,0.0,0.0
2023-02-13 00:00:00+09:00,2121.0,2124.0,2065.0,2100.0,821000,0.0,0.0
2023-02-14 00:00:00+09:00,2135.0,2137.0,2113.0,2123.0,474100,0.0,0.0
2023-02-15 00:00:00+09:00,2136.0,2137.0,2120.0,2130.0,620600,0.0,0.0
2023-02-16 00:00:00+09:00,2129.0,2137.0,2111.0,2126.0,633900,0.0,0.0
2023-02-17 00:00:00+09:00,2109.0,2131.0,2097.0,2131.0,759900,0.0,0.0
2023-02-20 00:00:00+09:00,2142.0,2143.0,2125.0,2138.0,456000,0.0,0.0
2023-02-21 00:00:00+09:00,2144.0,2185.0,2138.0,2185.0,1059300,0.0,0.0
2023-02-22 00:00:00+09:00,2161.0,2165.0,2109.0,2118.0,1597100,0.0,0.0
2023-02-24 00:00:00+09:00,2124.0,2126.0,2106.0,2126.0,761600,0.0,0.0
2023-02-27 00:00:00+09:00,2130.0,2175.0,2124.0,2171.0,1118300,0.0,0.0
2023-02-28 00:00:00+09:00,2165.0,2186.0,2154.0,2171.0,2584200,0.0,0.0
2023-03-01 00:00:00+09:00,2157.0,2174.0,2151.0,2164.0,859700,0.0,0.0
2023-03-02 00:00:00+09:00,2163.0,2173.0,2144.0,2173.0,1125600,0.0,0.0
2023-03-03 00:00:00+09:00,2190.0,2245.0,2190.0,2244.0,1733500,0.0,0.0
2023-03-06 00:00:00+09:00,2261.0,2266.0,2236.0,2255.0,890200,0.0,0.0
2023-03-07 00:00:00+09:00,2251.0,2269.0,2238.0,2267.0,942800,0.0,0.0
2023-03-08 00:00:00+09:00,2250.0,2313.0,2245.0,2308.0,1251200,0.0,0.0
2023-03-09 00:00:00+09:00,2351.0,2368.0,2345.0,2362.0,1580600,0.0,0.0
2023-03-10 00:00:00+09:00,2323.0,2356.0,2321.0,2345.0,1530400,0.0,0.0
2023-03-13 00:00:00+09:00,2319.0,2320.0,2290.0,2311.0,895300,0.0,0.0
2023-03-14 00:00:00+09:00,2284.0,2290.0,2262.0,2280.0,1252200,0.0,0.0
2023-03-15 00:00:00+09:00,2304.0,2313.0,2277.0,2310.0,1142000,0.0,0.0
2023-03-16 00:00:00+09:00,2210.0,2218.0,2177.0,2192.0,1821000,0.0,0.0
2023-03-17 00:00:00+09:00,2202.0,2215.0,2193.0,2202.0,1057000,0.0,0.0
2023-03-20 00:00:00+09:00,2192.0,2192.0,2151.0,2155.0,728100,0.0,0.0
2023-03-22 00:00:00+09:00,2205.0,2226.0,2198.0,2217.0,863800,0.0,0.0
2023-03-23 00:00:00+09:00,2181.0,2227.0,2177.0,2218.0,768600,0.0,0.0
2023-03-24 00:00:00+09:00,2199.0,2202.0,2152.0,2154.0,1323700,0.0,0.0
2023-03-27 00:00:00+09:00,2172.0,2172.0,2116.0,2119.0,1708000,0.0,0.0
2023-03-28 00:00:00+09:00,2133.0,2157.0,2126.0,2151.0,997400,0.0,0.0
2023-03-29 00:00:00+09:00,2123.0,2188.0,2118.0,2188.0,1214400,0.0,0.0
2023-03-30 00:00:00+09:00,2165.0,2173.0,2145.0,2160.0,806700,0.0,0.0
2023-03-31 00:00:00+09:00,2173.0,2187.0,2157.0,2177.0,1078100,0.0,0.0
2023-04-03 00:00:00+09:00,2206.0,2209.0,2180.0,2188.0,1012400,0.0,0.0
2023-04-04 00:00:00+09:00,2185.0,2219.0,2178.0,2215.0,926500,0.0,0.0
2023-04-05 00:00:00+09:00,2190.0,2199.0,2165.0,2170.0,719000,0.0,0.0
2023-04-06 00:00:00+09:00,2147.0,2147.0,2097.0,2104.0,1011800,0.0,0.0
2023-04-07 00:00:00+09:00,2104.0,2117.0,2094.0,2110.0,587400,0.0,0.0
2023-04-10 00:00:00+09:00,2114.0,2119.0,2098.0,2112.0,573800,0.0,0.0
2023-04-11 00:00:00+09:00,2140.0,2143.0,2116.0,2133.0,769700,0.0,0.0
2023-04-12 00:00:00+09:00,2143.0,2166.0,2140.0,2154.0,827500,0.0,0.0
2023-04-13 00:00:00+09:00,2125.0,2139.0,2118.0,2137.0,963500,0.0,0.0
2023-04-14 00:00:00+09:00,2145.0,2150.0,2119.0,2145.0,845000,0.0,0.0
2023-04-17 00:00:00+09:00,2134.0,2148.0,2123.0,2148.0,922000,0.0,0.0
2023-04-18 00:00:00+09:00,2161.0,2161.0,2142.0,2145.0,646300,0.0,0.0
2023-04-19 00:00:00+09:00,2110.0,2120.0,2068.0,2072.0,2647400,0.0,0.0
2023-04-20 00:00:00+09:00,2059.0,2072.0,2044.0,2050.0,1420900,0.0,0.0
2023-04-21 00:00:00+09:00,2032.0,2055.0,2022.0,2035.0,1474100,0.0,0.0
2023-04-24 00:00:00+09:00,2067.0,2068.0,2045.0,2061.0,814600,0.0,0.0
2023-04-25 00:00:00+09:00,2074.0,2120.0,2072.0,2086.0,1252000,0.0,0.0
2023-04-26 00:00:00+09:00,2077.0,2082.0,2051.0,2065.0,1200200,0.0,0.0
2023-04-27 00:00:00+09:00,2064.0,2083.0,2049.0,2075.0,729200,0.0,0.0
2023-04-28 00:00:00+09:00,2120.0,2132.0,2109.0,2132.0,1243200,0.0,0.0
2023-05-01 00:00:00+09:00,1983.0,2025.0,1965.0,1997.0,3402500,0.0,0.0
2023-05-02 00:00:00+09:00,2019.0,2025.0,1984.0,1984.0,2181600,0.0,0.0
2023-05-08 00:00:00+09:00,1985.0,2001.0,1976.0,1992.0,1465900,0.0,0.0
2023-05-09 00:00:00+09:00,1996.0,2007.0,1987.0,2007.0,1324400,0.0,0.0
2023-05-10 00:00:00+09:00,2006.0,2019.0,1994.0,2018.0,1006600,0.0,0.0
2023-05-11 00:00:00+09:00,2007.0,2008.0,1987.0,1988.0,1145800,0.0,0.0
2023-05-12 00:00:00+09:00,1981.0,2003.0,1977.0,2000.0,1055700,0.0,0.0
2023-05-15 00:00:00+09:00,2010.0,2014.0,1993.0,2005.0,974500,0.0,0.0
2023-05-16 00:00:00+09:00,2010.0,2012.0,1997.0,2010.0,1130100,0.0,0.0
2023-05-17 00:00:00+09:00,1995.0,2001.0,1985.0,1987.0,1432500,0.0,0.0
2023-05-18 00:00:00+09:00,1986.0,1994.0,1976.0,1989.0,1602000,0.0,0.0
2023-05-19 00:00:00+09:00,1994.0,1996.0,1975.0,1976.0,1291200,0.0,0.0
2023-05-22 00:00:00+09:00,1972.0,1996.0,1969.0,1993.0,1759400,0.0,0.0
2023-05-23 00:00:00+09:00,1985.0,1994.0,1963.0,1965.0,2543300,0.0,0.0
2023-05-24 00:00:00+09:00,1974.0,1974.0,1944.0,1951.0,1403300,0.0,0.0
2023-05-25 00:00:00+09:00,1942.0,1949.0,1927.0,1928.0,1437500,0.0,0.0
2023-05-26 00:00:00+09:00,1930.0,1934.0,1910.0,1910.0,1604700,0.0,0.0
2023-05-29 00:00:00+09:00,1923.0,1923.0,1879.0,1879.0,2476800,0.0,0.0
2023-05-30 00:00:00+09:00,1850.0,1852.0,1810.0,1823.0,2677100,0.0,0.0
2023-05-31 00:00:00+09:00,1815.0,1819.0,1788.0,1800.0,4990100,0.0,0.0
2023-06-01 00:00:00+09:00,1787.0,1798.0,1772.0,1773.0,2054900,0.0,0.0
2023-06-02 00:00:00+09:00,1780.0,1820.0,1780.0,1820.0,2424400,0.0,0.0
2023-06-05 00:00:00+09:00,1851.0,1862.5,1838.0,1854.0,2775800,0.0,0.0
2023-06-06 00:00:00+09:00,1840.0,1842.0,1810.5,1833.0,1775900,0.0,0.0
2023-06-07 00:00:00+09:00,1851.5,1854.0,1822.0,1829.0,1469400,0.0,0.0
2023-06-08 00:00:00+09:00,1836.0,1837.0,1813.0,1821.0,1212200,0.0,0.0
2023-06-09 00:00:00+09:00,1815.5,1835.0,1813.0,1826.0,1827900,0.0,0.0
2023-06-12 00:00:00+09:00,1835.0,1847.0,1829.5,1840.0,1082600,0.0,0.0
2023-06-13 00:00:00+09:00,1855.0,1873.0,1850.0,1855.5,1329100,0.0,0.0
2023-06-14 00:00:00+09:00,1871.0,1894.0,1862.0,1886.5,1353500,0.0,0.0
2023-06-15 00:00:00+09:00,1888.0,1894.5,1872.0,1888.5,1142300,0.0,0.0
2023-06-16 00:00:00+09:00,1888.0,1891.0,1873.0,1884.0,1984300,0.0,0.0
2023-06-19 00:00:00+09:00,1890.0,1904.5,1876.0,1892.5,1306400,0.0,0.0
2023-06-20 00:00:00+09:00,1892.5,1905.5,1889.0,1897.0,1236300,0.0,0.0
2023-06-21 00:00:00+09:00,1900.0,1921.5,1892.5,1919.0,1374800,0.0,0.0
2023-06-22 00:00:00+09:00,1905.0,1915.5,1899.0,1901.0,1678800,0.0,0.0
2023-06-23 00:00:00+09:00,1898.0,1902.5,1851.5,1860.5,2027200,0.0,0.0
2023-06-26 00:00:00+09:00,1873.5,1880.5,1847.0,1851.0,2004500,0.0,0.0
2023-06-27 00:00:00+09:00,1865.0,1865.0,1810.0,1833.0,2414600,0.0,0.0
2023-06-28 00:00:00+09:00,1849.5,1869.0,1837.5,1867.5,2047100,0.0,0.0
2023-06-29 00:00:00+09:00,1855.0,1865.0,1811.5,1819.0,2528100,0.0,0.0
2023-06-30 00:00:00+09:00,1811.5,1828.5,1798.5,1824.0,2684200,0.0,0.0
2023-07-03 00:00:00+09:00,1829.0,1853.5,1829.0,1844.5,1629300,0.0,0.0
2023-07-04 00:00:00+09:00,1841.5,1849.5,1814.0,1815.0,2042400,0.0,0.0
2023-07-05 00:00:00+09:00,1815.0,1829.0,1810.5,1817.0,1235400,0.0,0.0
2023-07-06 00:00:00+09:00,1818.5,1824.0,1801.0,1807.0,1620700,0.0,0.0
2023-07-07 00:00:00+09:00,1801.0,1805.5,1791.0,1793.5,2163800,0.0,0.0
2023-07-10 00:00:00+09:00,1810.5,1824.5,1791.0,1816.0,2665100,0.0,0.0
2023-07-11 00:00:00+09:00,1832.0,1835.0,1811.0,1814.5,1959000,0.0,0.0
2023-07-12 00:00:00+09:00,1833.0,1834.0,1806.5,1827.5,1627300,0.0,0.0
2023-07-13 00:00:00+09:00,1833.0,1843.0,1817.5,1837.5,1494500,0.0,0.0
2023-07-14 00:00:00+09:00,1844.0,1853.0,1831.0,1846.0,1281800,0.0,0.0
2023-07-18 00:00:00+09:00,1839.5,1846.5,1824.0,1832.5,1546900,0.0,0.0
2023-07-19 00:00:00+09:00,1835.5,1865.0,1832.0,1844.5,1701200,0.0,0.0
2023-07-20 00:00:00+09:00,1845.0,1871.5,1843.5,1865.5,1530600,0.0,0.0
2023-07-21 00:00:00+09:00,1867.0,1868.5,1847.0,1862.5,1081300,0.0,0.0
2023-07-24 00:00:00+09:00,1865.5,1894.5,1858.0,1892.0,1773700,0.0,0.0
2023-07-25 00:00:00+09:00,1900.0,1910.0,1896.0,1905.0,1245700,0.0,0.0
2023-07-26 00:00:00+09:00,1909.5,1927.0,1893.5,1924.5,1457800,0.0,0.0
2023-07-27 00:00:00+09:00,1919.0,1938.5,1904.0,1938.5,2003900,0.0,0.0
2023-07-28 00:00:00+09:00,1931.5,1959.0,1909.5,1958.0,2318400,0.0,0.0
2023-07-31 00:00:00+09:00,1880.0,1880.0,1813.0,1817.5,5618500,0.0,0.0
2023-08-01 00:00:00+09:00,1827.5,1829.0,1800.0,1804.0,3891200,0.0,0.0
2023-08-02 00:00:00+09:00,1805.0,1812.5,1781.0,1785.0,3493300,0.0,0.0
2023-08-03 00:00:00+09:00,1787.5,1788.0,1765.0,1772.0,2714800,0.0,0.0
2023-08-04 00:00:00+09:00,1759.5,1761.5,1716.0,1718.0,4049700,0.0,0.0
2023-08-07 00:00:00+09:00,1714.0,1743.5,1702.0,1734.0,2510100,0.0,0.0
2023-08-08 00:00:00+09:00,1747.5,1771.5,1742.5,1771.0,2327500,0.0,0.0
2023-08-09 00:00:00+09:00,1787.0,1789.5,1761.0,1785.0,2318100,0.0,0.0
2023-08-10 00:00:00+09:00,1790.0,1795.0,1776.0,1795.0,2236100,0.0,0.0
2023-08-14 00:00:00+09:00,1873.0,1899.0,1860.5,1861.0,7102500,0.0,0.0
2023-08-15 00:00:00+09:00,1861.5,1863.0,1811.0,1813.5,4229000,0.0,0.0
2023-08-16 00:00:00+09:00,1805.0,1807.0,1763.0,1765.0,2894400,0.0,0.0
2023-08-17 00:00:00+09:00,1761.0,1772.5,1735.0,1749.5,2595000,0.0,0.0
2023-08-18 00:00:00+09:00,1745.0,1768.0,1740.5,1768.0,1447000,0.0,0.0
2023-08-21 00:00:00+09:00,1774.0,1777.0,1763.5,1765.0,1349000,0.0,0.0
2023-08-22 00:00:00+09:00,1765.5,1776.5,1757.0,1772.0,1408500,0.0,0.0
2023-08-23 00:00:00+09:00,1767.0,1776.5,1760.0,1776.5,1288500,0.0,0.0
2023-08-24 00:00:00+09:00,1774.0,1779.0,1766.0,1779.0,1809100,0.0,0.0
2023-08-25 00:00:00+09:00,1778.5,1787.0,1772.0,1787.0,1663300,0.0,0.0
2023-08-28 00:00:00+09:00,1796.5,1801.0,1786.5,1795.0,2259300,0.0,0.0
2023-08-29 00:00:00+09:00,1800.5,1806.5,1792.5,1805.0,2068300,0.0,0.0
2023-08-30 00:00:00+09:00,1810.5,1837.0,1808.5,1827.0,1766700,0.0,0.0
2023-08-31 00:00:00+09:00,1828.0,1833.5,1821.5,1824.5,2446700,0.0,0.0
2023-09-01 00:00:00+09:00,1820.0,1824.5,1815.5,1824.5,1657000,0.0,0.0
2023-09-04 00:00:00+09:00,1832.0,1858.5,1820.0,1858.5,2458500,0.0,0.0
2023-09-05 00:00:00+09:00,1860.0,1861.5,1844.5,1855.0,1978400,0.0,0.0
2023-09-06 00:00:00+09:00,1853.0,1862.0,1846.0,1854.0,2459000,0.0,0.0
2023-09-07 00:00:00+09:00,1840.5,1851.0,1818.5,1820.0,2703400,0.0,0.0
2023-09-08 00:00:00+09:00,1829.0,1837.0,1803.0,1808.0,3245700,0.0,0.0
2023-09-11 00:00:00+09:00,1837.5,1857.5,1830.5,1833.5,2934500,0.0,0.0
2023-09-12 00:00:00+09:00,1843.5,1856.0,1840.0,1854.0,2169600,0.0,0.0
2023-09-13 00:00:00+09:00,1858.0,1858.5,1845.0,1848.0,2155100,0.0,0.0
2023-09-14 00:00:00+09:00,1845.0,1851.5,1839.0,1850.5,2459000,0.0,0.0
2023-09-15 00:00:00+09:00,1860.0,1863.5,1848.5,1848.5,3354800,0.0,0.0
2023-09-19 00:00:00+09:00,1848.5,1850.5,1825.0,1838.0,3926000,0.0,0.0
2023-09-20 00:00:00+09:00,1841.0,1854.0,1840.0,1841.5,2988100,0.0,0.0
2023-09-21 00:00:00+09:00,1850.5,1851.5,1832.0,1836.5,2270200,0.0,0.0
2023-09-22 00:00:00+09:00,1837.5,1842.0,1818.5,1824.0,3561700,0.0,0.0
2023-09-25 00:00:00+09:00,1800.0,1833.5,1792.0,1810.0,4575500,0.0,0.0
2023-09-26 00:00:00+09:00,1801.0,1815.5,1798.5,1803.0,3648800,0.0,0.0
2023-09-27 00:00:00+09:00,1810.0,1829.0,1802.0,1827.5,3869200,0.0,0.0
2023-09-28 00:00:00+09:00,1782.0,1784.0,1752.0,1755.5,4541900,0.0,0.0
2023-09-29 00:00:00+09:00,1756.5,1773.5,1734.0,1741.5,3263700,0.0,0.0
2023-10-02 00:00:00+09:00,1749.0,1771.0,1738.0,1741.5,2660300,0.0,0.0
2023-10-03 00:00:00+09:00,1723.5,1727.0,1680.0,1680.0,4938900,0.0,0.0
2023-10-04 00:00:00+09:00,1665.0,1670.0,1638.5,1648.0,3881300,0.0,0.0
2023-10-05 00:00:00+09:00,1665.0,1684.5,1656.5,1682.5,2456900,0.0,0.0
2023-10-06 00:00:00+09:00,1687.5,1691.5,1677.5,1682.0,2427500,0.0,0.0
2023-10-10 00:00:00+09:00,1693.5,1714.0,1692.5,1701.0,2702100,0.0,0.0
2023-10-11 00:00:00+09:00,1705.0,1709.0,1693.5,1695.5,2080100,0.0,0.0
2023-10-12 00:00:00+09:00,1700.0,1701.0,1671.5,1671.5,3134400,0.0,0.0
2023-10-13 00:00:00+09:00,1664.0,1668.5,1651.0,1659.5,2599400,0.0,0.0
2023-10-16 00:00:00+09:00,1656.0,1661.5,1631.0,1635.0,2936800,0.0,0.0
2023-10-17 00:00:00+09:00,1654.0,1670.5,1643.5,1649.5,2005400,0.0,0.0
2023-10-18 00:00:00+09:00,1660.0,1662.5,1613.5,1626.5,2923000,0.0,0.0
2023-10-19 00:00:00+09:00,1612.0,1627.0,1604.0,1609.5,3243400,0.0,0.0
2023-10-20 00:00:00+09:00,1607.0,1623.0,1585.0,1616.5,3419900,0.0,0.0
2023-10-23 00:00:00+09:00,1614.0,1630.0,1606.0,1626.0,2016500,0.0,0.0
2023-10-24 00:00:00+09:00,1645.0,1668.5,1639.5,1661.0,3411400,0.0,0.0
2023-10-25 00:00:00+09:00,1665.0,1672.5,1651.5,1656.5,2344000,0.0,0.0
2023-10-26 00:00:00+09:00,1651.0,1657.0,1636.0,1638.5,2498500,0.0,0.0
2023-10-27 00:00:00+09:00,1659.0,1671.0,1644.5,1669.5,2145500,0.0,0.0
2023-10-30 00:00:00+09:00,1662.0,1662.5,1636.0,1637.0,4390900,0.0,0.0
2023-10-31 00:00:00+09:00,1672.0,1684.0,1642.0,1651.0,3694300,0.0,0.0
2023-11-01 00:00:00+09:00,1685.5,1712.0,1631.0,1707.0,6679600,0.0,0.0
2023-11-02 00:00:00+09:00,1721.0,1728.0,1696.0,1723.5,3599500,0.0,0.0
2023-11-06 00:00:00+09:00,1745.0,1753.5,1711.0,1751.0,3792800,0.0,0.0
2023-11-07 00:00:00+09:00,1752.5,1756.5,1718.5,1720.0,2009100,0.0,0.0
2023-11-08 00:00:00+09:00,1733.0,1750.0,1708.5,1717.5,3226300,0.0,0.0
2023-11-09 00:00:00+09:00,1715.0,1736.5,1707.5,1735.0,2261100,0.0,0.0
2023-11-10 00:00:00+09:00,1724.0,1758.0,1723.5,1751.5,2282300,0.0,0.0
2023-11-13 00:00:00+09:00,1755.0,1758.5,1741.0,1754.5,2508800,0.0,0.0
2023-11-14 00:00:00+09:00,1761.0,1766.0,1751.0,1764.0,2306900,0.0,0.0
2023-11-15 00:00:00+09:00,1773.5,1774.5,1746.5,1769.0,3910500,0.0,0.0
2023-11-16 00:00:00+09:00,1772.0,1776.5,1747.5,1767.0,2267500,0.0,0.0
2023-11-17 00:00:00+09:00,1763.0,1777.0,1755.5,1776.5,2459600,0.0,0.0
2023-11-20 00:00:00+09:00,1777.0,1799.0,1776.5,1782.0,2902000,0.0,0.0
2023-11-21 00:00:00+09:00,1778.0,1782.0,1757.0,1769.5,2949500,0.0,0.0
2023-11-22 00:00:00+09:00,1756.0,1776.5,1746.0,1775.0,2516900,0.0,0.0
2023-11-24 00:00:00+09:00,1779.0,1802.5,1777.0,1802.5,3867600,0.0,0.0
2023-11-27 00:00:00+09:00,1795.0,1798.0,1775.0,1788.5,3169400,0.0,0.0
2023-11-28 00:00:00+09:00,1785.0,1797.0,1769.5,1797.0,4024700,0.0,0.0
2023-11-29 00:00:00+09:00,1791.5,1821.0,1786.0,1803.5,4755100,0.0,0.0
2023-11-30 00:00:00+09:00,1800.0,1818.5,1782.0,1805.5,28060700,0.0,0.0
2023-12-01 00:00:00+09:00,1806.0,1814.5,1799.0,1804.0,2186800,0.0,0.0
2023-12-04 00:00:00+09:00,1802.0,1809.0,1780.5,1780.5,2694800,0.0,0.0
2023-12-05 00:00:00+09:00,1768.0,1778.5,1735.5,1736.0,3815500,0.0,0.0
2023-12-06 00:00:00+09:00,1735.5,1772.5,1735.0,1760.0,2484800,0.0,0.0
2023-12-07 00:00:00+09:00,1757.0,1772.0,1724.5,1724.5,2742900,0.0,0.0
2023-12-08 00:00:00+09:00,1721.0,1745.5,1715.0,1742.0,3112500,0.0,0.0
2023-12-11 00:00:00+09:00,1750.0,1757.5,1735.0,1741.0,1733300,0.0,0.0
2023-12-12 00:00:00+09:00,1753.0,1754.0,1717.0,1725.5,2279300,0.0,0.0
2023-12-13 00:00:00+09:00,1724.0,1732.0,1698.5,1701.5,2312400,0.0,0.0
2023-12-14 00:00:00+09:00,1723.0,1726.5,1695.5,1704.0,2327600,0.0,0.0
2023-12-15 00:00:00+09:00,1711.5,1736.5,1707.5,1730.5,3343800,0.0,0.0
2023-12-18 00:00:00+09:00,1720.0,1724.0,1697.0,1723.5,1705800,0.0,0.0
2023-12-19 00:00:00+09:00,1720.0,1735.5,1714.5,1733.5,1588100,0.0,0.0
2023-12-20 00:00:00+09:00,1734.0,1741.0,1721.5,1726.0,1689500,0.0,0.0
2023-12-21 00:00:00+09:00,1722.0,1731.0,1715.0,1729.5,969300,0.0,0.0
2023-12-22 00:00:00+09:00,1730.0,1739.0,1720.5,1723.5,1340100,0.0,0.0
2023-12-25 00:00:00+09:00,1730.0,1732.5,1713.0,1716.5,1055400,0.0,0.0
2023-12-26 00:00:00+09:00,1715.5,1720.0,1706.0,1712.5,1464200,0.0,0.0
2023-12-27 00:00:00+09:00,1715.0,1739.5,1715.0,1739.5,1847100,0.0,0.0
2023-12-28 00:00:00+09:00,1745.0,1748.0,1735.5,1744.5,1235000,0.0,0.0
2023-12-29 00:00:00+09:00,1748.5,1764.5,1745.5,1760.5,1558000,0.0,0.0
2024-01-04 00:00:00+09:00,1775.0,1823.0,1760.5,1819.5,3214300,0.0,0.0
2024-01-05 00:00:00+09:00,1828.0,1854.5,1825.0,1844.5,3630000,0.0,0.0
2024-01-09 00:00:00+09:00,1863.5,1898.0,1862.0,1888.5,4030900,0.0,0.0
2024-01-10 00:00:00+09:00,1890.0,1905.0,1879.5,1889.0,2749700,0.0,0.0
2024-01-11 00:00:00+09:00,1900.0,1906.5,1886.5,1890.5,3189900,0.0,0.0
2024-01-12 00:00:00+09:00,1891.0,1894.5,1869.0,1882.5,2728200,0.0,0.0
2024-01-15 00:00:00+09:00,1882.5,1885.0,1872.5,1879.0,347600,0.0,0.0
2024-01-16 00:00:00+09:00,1867.0,1867.5,1847.5,1855.0,2188800,0.0,0.0
2024-01-17 00:00:00+09:00,1857.0,1882.0,1855.5,1856.0,1839600,0.0,0.0
2024-01-18 00:00:00+09:00,1870.0,1880.0,1857.5,1864.5,1335500,0.0,0.0
2024-01-19 00:00:00+09:00,1884.0,1893.5,1865.0,1869.0,1808800,0.0,0.0
2024-01-22 00:00:00+09:00,1886.5,1894.5,1876.0,1883.5,2089300,0.0,0.0
2024-01-23 00:00:00+09:00,1919.5,1982.5,1910.5,1978.0,6866000,0.0,0.0
2024-01-24 00:00:00+09:00,1964.5,1987.0,1941.0,1962.0,3379000,0.0,0.0
2024-01-25 00:00:00+09:00,1955.0,1968.0,1933.5,1967.0,2189000,0.0,0.0
2024-01-26 00:00:00+09:00,1970.0,1986.0,1956.5,1971.0,2305500,0.0,0.0
2024-01-29 00:00:00+09:00,1974.0,1982.0,1966.0,1969.0,2037700,0.0,0.0
2024-01-30 00:00:00+09:00,1967.5,1977.5,1962.0,1967.0,1504300,0.0,0.0
2024-01-31 00:00:00+09:00,1974.5,1985.5,1962.0,1979.0,2221000,0.0,0.0
2024-02-01 00:00:00+09:00,1949.0,1968.5,1927.5,1940.5,3398000,0.0,0.0
2024-02-02 00:00:00+09:00,1935.0,1961.5,1929.0,1955.0,1765500,0.0,0.0
2024-02-05 00:00:00+09:00,1974.0,2014.5,1968.0,2008.0,3449400,0.0,0.0
2024-02-06 00:00:00+09:00,2007.0,2007.0,1974.0,1975.0,2121400,0.0,0.0
2024-02-07 00:00:00+09:00,1980.0,1980.5,1951.0,1960.0,1570700,0.0,0.0
2024-02-08 00:00:00+09:00,1964.0,1968.5,1940.0,1940.0,1673600,0.0,0.0
2024-02-09 00:00:00+09:00,1938.0,1963.0,1932.0,1956.0,1517100,0.0,0.0
2024-02-13 00:00:00+09:00,1967.5,1977.0,1961.0,1972.5,1716300,0.0,0.0
2024-02-14 00:00:00+09:00,1970.0,1972.0,1938.0,1952.5,1670700,0.0,0.0
2024-02-15 00:00:00+09:00,1960.0,1974.5,1938.0,1942.0,1373800,0.0,0.0
2024-02-16 00:00:00+09:00,1958.0,1960.5,1933.0,1942.0,2348100,0.0,0.0
2024-02-19 00:00:00+09:00,1946.5,1965.0,1946.0,1961.0,1464500,0.0,0.0
2024-02-20 00:00:00+09:00,1969.0,1980.5,1952.0,1958.5,1682700,0.0,0.0
2024-02-21 00:00:00+09:00,1959.5,1966.5,1944.0,1961.0,1645400,0.0,0.0
2024-02-22 00:00:00+09:00,1967.5,1970.0,1958.5,1961.5,1763500,0.0,0.0
2024-02-26 00:00:00+09:00,1962.0,1965.5,1931.5,1948.0,3073400,0.0,0.0
2024-02-27 00:00:00+09:00,1942.0,1946.0,1914.0,1914.5,3467800,0.0,0.0
2024-02-28 00:00:00+09:00,1909.0,1933.5,1903.0,1922.0,2707700,0.0,0.0
2024-02-29 00:00:00+09:00,1923.0,1929.0,1905.0,1920.0,2209300,0.0,0.0
2024-03-01 00:00:00+09:00,1925.0,1939.0,1922.0,1926.0,1698700,0.0,0.0
2024-03-04 00:00:00+09:00,1926.0,1931.5,1909.5,1911.5,2137100,0.0,0.0
2024-03-05 00:00:00+09:00,1910.0,1911.0,1880.5,1880.5,2955300,0.0,0.0
2024-03-06 00:00:00+09:00,1880.5,1905.0,1880.5,1899.5,2115900,0.0,0.0
2024-03-07 00:00:00+09:00,1908.0,1919.0,1899.5,1899.5,1949500,0.0,0.0
2024-03-08 00:00:00+09:00,1885.0,1913.5,1884.5,1909.0,1778900,0.0,0.0
2024-03-11 00:00:00+09:00,1905.0,1919.5,1888.5,1908.5,2075000,0.0,0.0
2024-03-12 00:00:00+09:00,1900.0,1904.0,1871.5,1901.0,1773100,0.0,0.0
2024-03-13 00:00:00+09:00,1905.5,1912.0,1888.0,1894.5,1775700,0.0,0.0
2024-03-14 00:00:00+09:00,1902.0,1919.5,1896.0,1919.0,1382700,0.0,0.0
2024-03-15 00:00:00+09:00,1917.0,1927.5,1912.0,1924.5,1655400,0.0,0.0
2024-03-18 00:00:00+09:00,1938.5,1955.0,1925.5,1953.0,1722500,0.0,0.0
2024-03-19 00:00:00+09:00,1949.5,1963.5,1936.5,1957.0,2025500,0.0,0.0
2024-03-21 00:00:00+09:00,1967.5,1967.5,1935.5,1936.0,2923800,0.0,0.0
2024-03-22 00:00:00+09:00,1923.5,1929.5,1907.0,1910.0,4190900,0.0,0.0
2024-03-25 00:00:00+09:00,1914.5,1922.0,1907.0,1920.0,2270100,0.0,0.0
2024-03-26 00:00:00+09:00,1923.5,1925.0,1908.0,1919.0,2178700,0.0,0.0
2024-03-27 00:00:00+09:00,1926.0,1935.0,1922.0,1926.5,3963700,0.0,0.0
2024-03-28 00:00:00+09:00,1872.0,1878.0,1861.0,1861.0,2531100,0.0,0.0
2024-03-29 00:00:00+09:00,1877.5,1888.5,1870.5,1877.5,835100,0.0,0.0
2024-04-01 00:00:00+09:00,1877.0,1878.5,1851.5,1853.0,1689200,0.0,0.0
2024-04-02 00:00:00+09:00,1851.0,1851.5,1822.0,1827.0,2013100,0.0,0.0
2024-04-03 00:00:00+09:00,1810.0,1817.0,1803.0,1813.5,1666700,0.0,0.0
2024-04-04 00:00:00+09:00,1821.5,1838.0,1821.0,1829.0,1276600,0.0,0.0
2024-04-05 00:00:00+09:00,1821.0,1837.0,1819.0,1830.5,1714400,0.0,0.0
2024-04-08 00:00:00+09:00,1828.5,1836.5,1819.0,1824.0,1468600,0.0,0.0
2024-04-09 00:00:00+09:00,1817.5,1829.5,1812.5,1828.5,1145800,0.0,0.0
2024-04-10 00:00:00+09:00,1825.5,1837.5,1825.5,1831.5,912700,0.0,0.0
2024-04-11 00:00:00+09:00,1820.0,1821.5,1802.5,1804.0,2064400,0.0,0.0
2024-04-12 00:00:00+09:00,1800.5,1818.0,1798.5,1805.0,1532300,0.0,0.0
2024-04-15 00:00:00+09:00,1792.5,1799.5,1770.0,1777.5,2807200,0.0,0.0
2024-04-16 00:00:00+09:00,1770.0,1775.5,1759.0,1765.0,2302700,0.0,0.0
2024-04-17 00:00:00+09:00,1770.0,1772.5,1736.0,1736.0,2280100,0.0,0.0
2024-04-18 00:00:00+09:00,1736.0,1772.5,1735.0,1759.5,1306900,0.0,0.0
2024-04-19 00:00:00+09:00,1756.0,1756.0,1734.0,1742.0,1972100,0.0,0.0
2024-04-22 00:00:00+09:00,1760.0,1790.0,1759.0,1786.0,1803000,0.0,0.0
2024-04-23 00:00:00+09:00,1700.0,1727.0,1677.0,1718.5,8548500,0.0,0.0
2024-04-24 00:00:00+09:00,1712.0,1729.0,1692.0,1699.5,3177000,0.0,0.0
2024-04-25 00:00:00+09:00,1694.0,1705.0,1689.5,1698.5,1952700,0.0,0.0
2024-04-26 00:00:00+09:00,1700.0,1702.0,1661.5,1684.0,3785700,0.0,0.0
2024-04-30 00:00:00+09:00,1678.5,1702.0,1678.0,1697.0,2320000,0.0,0.0
2024-05-01 00:00:00+09:00,1688.5,1704.0,1656.0,1672.5,5336200,0.0,0.0
2024-05-02 00:00:00+09:00,1688.5,1714.5,1682.5,1714.5,2914500,0.0,0.0
2024-05-07 00:00:00+09:00,1758.5,1781.0,1742.0,1779.0,3270500,0.0,0.0
2024-05-08 00:00:00+09:00,1780.5,1783.0,1756.0,1770.0,2102900,0.0,0.0
2024-05-09 00:00:00+09:00,1778.0,1802.5,1773.0,1793.0,1733300,0.0,0.0
2024-05-10 00:00:00+09:00,1808.0,1819.5,1796.0,1817.0,2044500,0.0,0.0
2024-05-13 00:00:00+09:00,1817.0,1817.0,1797.0,1802.0,1364500,0.0,0.0
2024-05-14 00:00:00+09:00,1800.0,1836.5,1799.5,1836.0,1714200,0.0,0.0
2024-05-15 00:00:00+09:00,1837.0,1838.0,1820.0,1827.0,1050300,0.0,0.0
2024-05-16 00:00:00+09:00,1827.0,1847.0,1812.5,1846.5,1628700,0.0,0.0
2024-05-17 00:00:00+09:00,1830.0,1831.5,1817.5,1825.0,1070700,0.0,0.0
2024-05-20 00:00:00+09:00,1825.0,1829.0,1796.5,1802.5,2109200,0.0,0.0
2024-05-21 00:00:00+09:00,1790.0,1799.0,1780.5,1780.5,1356800,0.0,0.0
2024-05-22 00:00:00+09:00,1780.0,1786.0,1748.0,1754.5,1484800,0.0,0.0
2024-05-23 00:00:00+09:00,1754.0,1768.5,1742.0,1759.5,1067300,0.0,0.0
2024-05-24 00:00:00+09:00,1745.0,1754.0,1738.0,1750.5,800100,0.0,0.0
2024-05-27 00:00:00+09:00,1759.0,1759.0,1730.5,1736.0,1561800,0.0,0.0
2024-05-28 00:00:00+09:00,1730.0,1734.0,1719.5,1727.0,1542100,0.0,0.0
2024-05-29 00:00:00+09:00,1721.0,1722.5,1697.0,1700.0,2172900,0.0,0.0
2024-05-30 00:00:00+09:00,1698.0,1708.5,1689.0,1700.5,2463800,0.0,0.0
2024-05-31 00:00:00+09:00,1710.0,1730.0,1701.0,1725.0,2812900,0.0,0.0
2024-06-03 00:00:00+09:00,1739.0,1747.0,1723.0,1726.5,1563700,0.0,0.0
2024-06-04 00:00:00+09:00,1725.5,1733.5,1719.5,1733.5,1342400,0.0,0.0
2024-06-05 00:00:00+09:00,1720.0,1725.0,1712.0,1713.0,1420900,0.0,0.0
2024-06-06 00:00:00+09:00,1704.5,1705.0,1690.0,1696.5,2518000,0.0,0.0
2024-06-07 00:00:00+09:00,1693.5,1703.0,1686.0,1695.0,1550300,0.0,0.0
2024-06-10 00:00:00+09:00,1700.0,1700.0,1688.5,1695.5,1331900,0.0,0.0
2024-06-11 00:00:00+09:00,1694.0,1700.0,1688.0,1698.5,1291900,0.0,0.0
2024-06-12 00:00:00+09:00,1695.0,1701.5,1689.0,1690.0,1508500,0.0,0.0
2024-06-13 00:00:00+09:00,1699.5,1699.5,1676.0,1676.0,1936700,0.0,0.0
2024-06-14 00:00:00+09:00,1665.0,1690.0,1663.5,1678.5,2161800,0.0,0.0
2024-06-17 00:00:00+09:00,1677.5,1677.5,1654.0,1658.5,2282500,0.0,0.0
2024-06-18 00:00:00+09:00,1654.0,1658.5,1647.0,1650.0,2442800,0.0,0.0
2024-06-19 00:00:00+09:00,1649.0,1673.5,1646.0,1672.5,2101500,0.0,0.0
2024-06-20 00:00:00+09:00,1673.5,1678.5,1632.5,1643.0,3295600,0.0,0.0
2024-06-21 00:00:00+09:00,1655.0,1675.0,1654.5,1669.0,2243700,0.0,0.0
2024-06-24 00:00:00+09:00,1688.0,1702.0,1682.5,1696.5,2140200,0.0,0.0
2024-06-25 00:00:00+09:00,1708.0,1723.0,1704.0,1718.5,1951100,0.0,0.0
2024-06-26 00:00:00+09:00,1718.0,1718.0,1692.0,1694.5,2412600,0.0,0.0
2024-06-27 00:00:00+09:00,1694.5,1698.0,1686.5,1692.0,1994100,0.0,0.0
2024-06-28 00:00:00+09:00,1699.5,1700.0,1689.0,1693.5,1368800,0.0,0.0
2024-07-01 00:00:00+09:00,1702.0,1712.5,1697.5,1711.5,1247700,0.0,0.0
2024-07-02 00:00:00+09:00,1714.0,1724.0,1704.0,1718.5,1648500,0.0,0.0
2024-07-03 00:00:00+09:00,1718.0,1721.0,1707.5,1715.0,1414100,0.0,0.0
2024-07-04 00:00:00+09:00,1722.0,1738.0,1722.0,1735.0,1165500,0.0,0.0
2024-07-05 00:00:00+09:00,1737.0,1741.0,1731.0,1737.5,1065500,0.0,0.0
2024-07-08 00:00:00+09:00,1745.0,1749.5,1738.0,1744.5,1467800,0.0,0.0
2024-07-09 00:00:00+09:00,1749.5,1756.0,1739.0,1756.0,1186600,0.0,0.0
2024-07-10 00:00:00+09:00,1758.0,1759.5,1749.0,1759.5,1231300,0.0,0.0
2024-07-11 00:00:00+09:00,1770.0,1791.5,1768.0,1785.5,1745000,0.0,0.0
2024-07-12 00:00:00+09:00,1780.0,1792.0,1768.0,1789.0,1436100,0.0,0.0
2024-07-16 00:00:00+09:00,1798.0,1800.0,1782.5,1797.5,1224700,0.0,0.0
2024-07-17 00:00:00+09:00,1807.5,1815.0,1801.5,1814.5,1375700,0.0,0.0
2024-07-18 00:00:00+09:00,1804.0,1805.0,1792.0,1800.0,1573400,0.0,0.0
2024-07-19 00:00:00+09:00,1800.0,1801.5,1782.5,1797.5,1363600,0.0,0.0
