Date,Open,High,Low,Close,Volume,Dividends,Stock Splits,Capital Gains
2021-09-21 00:00:00-04:00,24.959999084472656,24.986000061035156,24.959999084472656,24.981000900268555,132700,0.0,0.0,0.0
2021-09-22 00:00:00-04:00,25.0,25.264999389648438,25.0,25.264999389648438,4300,0.0,0.0,0.0
2021-09-23 00:00:00-04:00,25.190000534057617,25.190000534057617,24.815000534057617,24.827999114990234,2500,0.0,0.0,0.0
2021-09-24 00:00:00-04:00,24.700000762939453,24.700000762939453,24.510000228881836,24.524999618530273,4600,0.0,0.0,0.0
2021-09-27 00:00:00-04:00,24.34000015258789,24.450000762939453,24.34000015258789,24.420000076293945,19200,0.0,0.0,0.0
2021-09-28 00:00:00-04:00,24.0,24.09000015258789,23.959999084472656,23.996999740600586,7600,0.0,0.0,0.0
2021-09-29 00:00:00-04:00,24.100000381469727,24.100000381469727,23.8700008392334,23.95800018310547,3100,0.0,0.0,0.0
2021-09-30 00:00:00-04:00,23.924999237060547,23.959999084472656,23.920000076293945,23.93899917602539,2000,0.0,0.0,0.0
2021-10-01 00:00:00-04:00,24.020000457763672,24.100000381469727,24.020000457763672,24.09600067138672,84700,0.0,0.0,0.0
2021-10-04 00:00:00-04:00,24.0,24.145000457763672,24.0,24.06999969482422,500,0.0,0.0,0.0
2021-10-05 00:00:00-04:00,23.895000457763672,23.895000457763672,23.84000015258789,23.856000900268555,1500,0.0,0.0,0.0
2021-10-06 00:00:00-04:00,24.020999908447266,24.040000915527344,23.989999771118164,24.01799964904785,2900,0.0,0.0,0.0
2021-10-07 00:00:00-04:00,23.829999923706055,23.829999923706055,23.774999618530273,23.774999618530273,1800,0.0,0.0,0.0
2021-10-08 00:00:00-04:00,23.600000381469727,23.649999618530273,23.559999465942383,23.632999420166016,6300,0.0,0.0,0.0
2021-10-11 00:00:00-04:00,23.639999389648438,23.639999389648438,23.6200008392334,23.6200008392334,500,0.0,0.0,0.0
2021-10-12 00:00:00-04:00,23.799999237060547,24.020000457763672,23.799999237060547,24.020000457763672,200,0.0,0.0,0.0
2021-10-13 00:00:00-04:00,24.3700008392334,24.586000442504883,24.3700008392334,24.586000442504883,29800,0.0,0.0,0.0
2021-10-14 00:00:00-04:00,24.69499969482422,24.860000610351562,24.69499969482422,24.757999420166016,1200,0.0,0.0,0.0
2021-10-15 00:00:00-04:00,24.700000762939453,24.774999618530273,24.610000610351562,24.774999618530273,2100,0.0,0.0,0.0
2021-10-18 00:00:00-04:00,24.969999313354492,25.260000228881836,24.969999313354492,25.170000076293945,27900,0.0,0.0,0.0
2021-10-19 00:00:00-04:00,24.959999084472656,24.959999084472656,24.81399917602539,24.81399917602539,800,0.0,0.0,0.0
2021-10-20 00:00:00-04:00,24.59000015258789,24.59000015258789,24.549999237060547,24.549999237060547,400,0.0,0.0,0.0
2021-10-21 00:00:00-04:00,24.589000701904297,24.604999542236328,24.575000762939453,24.600000381469727,1500,0.0,0.0,0.0
2021-10-22 00:00:00-04:00,24.950000762939453,25.03499984741211,24.94499969482422,24.94499969482422,2700,0.0,0.0,0.0
2021-10-25 00:00:00-04:00,24.93000030517578,24.979999542236328,24.829999923706055,24.97800064086914,5600,0.0,0.0,0.0
2021-10-26 00:00:00-04:00,25.009000778198242,25.118000030517578,24.93000030517578,25.118000030517578,1800,0.0,0.0,0.0
2021-10-27 00:00:00-04:00,25.340999603271484,25.690000534057617,25.340999603271484,25.68400001525879,1600,0.0,0.0,0.0
2021-10-28 00:00:00-04:00,25.959999084472656,25.959999084472656,25.735000610351562,25.7549991607666,1900,0.0,0.0,0.0
2021-10-29 00:00:00-04:00,25.913999557495117,25.913999557495117,25.823999404907227,25.823999404907227,600,0.0,0.0,0.0
2021-11-01 00:00:00-04:00,25.799999237060547,25.871999740600586,25.750999450683594,25.871999740600586,2000,0.0,0.0,0.0
2021-11-02 00:00:00-04:00,25.93000030517578,25.93000030517578,25.840999603271484,25.857999801635742,1200,0.0,0.0,0.0
2021-11-03 00:00:00-04:00,25.895000457763672,25.920000076293945,25.541000366210938,25.541000366210938,1000,0.0,0.0,0.0
2021-11-04 00:00:00-04:00,25.469999313354492,25.698999404907227,25.440000534057617,25.649999618530273,3400,0.0,0.0,0.0
2021-11-05 00:00:00-04:00,25.891000747680664,25.972999572753906,25.891000747680664,25.972999572753906,300,0.0,0.0,0.0
2021-11-08 00:00:00-05:00,25.959999084472656,26.024999618530273,25.959999084472656,26.024999618530273,800,0.0,0.0,0.0
2021-11-09 00:00:00-05:00,26.329999923706055,26.458999633789062,26.30500030517578,26.30500030517578,900,0.0,0.0,0.0
2021-11-10 00:00:00-05:00,26.524999618530273,26.524999618530273,26.070999145507812,26.1299991607666,2300,0.0,0.0,0.0
2021-11-11 00:00:00-05:00,26.290000915527344,26.450000762939453,26.170000076293945,26.450000762939453,61600,0.0,0.0,0.0
2021-11-12 00:00:00-05:00,26.360000610351562,26.360000610351562,26.0,26.082000732421875,39000,0.0,0.0,0.0
2021-11-15 00:00:00-05:00,26.06999969482422,26.06999969482422,25.815000534057617,25.815000534057617,28700,0.0,0.0,0.0
2021-11-16 00:00:00-05:00,25.950000762939453,26.010000228881836,25.700000762939453,25.729999542236328,15100,0.0,0.0,0.0
2021-11-17 00:00:00-05:00,25.670000076293945,25.822999954223633,25.614999771118164,25.822999954223633,4300,0.0,0.0,0.0
2021-11-18 00:00:00-05:00,25.809999465942383,25.889999389648438,25.809999465942383,25.864999771118164,7900,0.0,0.0,0.0
2021-11-19 00:00:00-05:00,26.018999099731445,26.260000228881836,26.018999099731445,26.256000518798828,6100,0.0,0.0,0.0
2021-11-22 00:00:00-05:00,26.219999313354492,26.25,26.030000686645508,26.110000610351562,6400,0.0,0.0,0.0
2021-11-23 00:00:00-05:00,25.979999542236328,25.979999542236328,25.68000030517578,25.68000030517578,7400,0.0,0.0,0.0
2021-11-24 00:00:00-05:00,25.899999618530273,26.211000442504883,25.889999389648438,26.211000442504883,8400,0.0,0.0,0.0
2021-11-26 00:00:00-05:00,26.165000915527344,26.450000762939453,26.165000915527344,26.450000762939453,5900,0.0,0.0,0.0
2021-11-29 00:00:00-05:00,26.18000030517578,26.309999465942383,26.15999984741211,26.290000915527344,18300,0.0,0.0,0.0
2021-11-30 00:00:00-05:00,26.415000915527344,26.889999389648438,26.415000915527344,26.86400032043457,46300,0.0,0.0,0.0
2021-12-01 00:00:00-05:00,26.760000228881836,27.489999771118164,26.65999984741211,27.076000213623047,186400,0.0,0.0,0.0
2021-12-02 00:00:00-05:00,27.190000534057617,27.190000534057617,27.010000228881836,27.09000015258789,319200,0.0,0.0,0.0
2021-12-03 00:00:00-05:00,27.030000686645508,27.440000534057617,27.030000686645508,27.3700008392334,39800,0.0,0.0,0.0
2021-12-06 00:00:00-05:00,27.3700008392334,27.3700008392334,27.030000686645508,27.145000457763672,127400,0.0,0.0,0.0
2021-12-07 00:00:00-05:00,27.100000381469727,27.204999923706055,27.0049991607666,27.0049991607666,18500,0.0,0.0,0.0
2021-12-08 00:00:00-05:00,26.969999313354492,26.969999313354492,26.010000228881836,26.429000854492188,538400,0.0,0.0,0.0
2021-12-09 00:00:00-05:00,26.600000381469727,26.760000228881836,26.520000457763672,26.670000076293945,219400,0.0,0.0,0.0
2021-12-10 00:00:00-05:00,26.75,26.790000915527344,26.530000686645508,26.600000381469727,425700,0.0,0.0,0.0
2021-12-13 00:00:00-05:00,26.84000015258789,26.8799991607666,26.75,26.774999618530273,129700,0.0,0.0,0.0
2021-12-14 00:00:00-05:00,26.760000228881836,26.899999618530273,26.6200008392334,26.832000732421875,415000,0.0,0.0,0.0
2021-12-15 00:00:00-05:00,26.600000381469727,26.790000915527344,26.299999237060547,26.489999771118164,320400,0.0,0.0,0.0
2021-12-16 00:00:00-05:00,26.40999984741211,26.56999969482422,26.32200050354004,26.40999984741211,147400,0.0,0.0,0.0
2021-12-17 00:00:00-05:00,26.56999969482422,26.719999313354492,26.56999969482422,26.719999313354492,73200,0.0,0.0,0.0
2021-12-20 00:00:00-05:00,26.690000534057617,26.719999313354492,26.520000457763672,26.59000015258789,608900,0.0,0.0,0.0
2021-12-21 00:00:00-05:00,26.420000076293945,26.440000534057617,26.229999542236328,26.360000610351562,480200,0.0,0.0,0.0
2021-12-22 00:00:00-05:00,26.549999237060547,26.610000610351562,26.45199966430664,26.56999969482422,695000,0.0,0.0,0.0
2021-12-23 00:00:00-05:00,26.56999969482422,26.56999969482422,26.260000228881836,26.34000015258789,838700,0.0,0.0,0.0
2021-12-27 00:00:00-05:00,26.3799991607666,26.450000762939453,26.34000015258789,26.43000030517578,83100,0.0,0.0,0.0
2021-12-28 00:00:00-05:00,26.530000686645508,26.59000015258789,26.260000228881836,26.309999465942383,106300,0.0,0.0,0.0
2021-12-29 00:00:00-05:00,26.020000457763672,26.059999465942383,25.895000457763672,25.959999084472656,406800,0.0,0.0,0.0
2021-12-30 00:00:00-05:00,26.040000915527344,26.09000015258789,25.920000076293945,26.06800079345703,120700,0.0,0.0,0.0
2021-12-31 00:00:00-05:00,26.049999237060547,26.260000228881836,26.049999237060547,26.09000015258789,208600,0.0,0.0,0.0
2022-01-03 00:00:00-05:00,25.90999984741211,25.989999771118164,25.59000015258789,25.600000381469727,356400,0.0,0.0,0.0
2022-01-04 00:00:00-05:00,25.399999618530273,25.450000762939453,25.209999084472656,25.360000610351562,341700,0.0,0.0,0.0
2022-01-05 00:00:00-05:00,25.459999084472656,25.459999084472656,25.229999542236328,25.270000457763672,203000,0.0,0.0,0.0
2022-01-06 00:00:00-05:00,25.209999084472656,25.420000076293945,25.209999084472656,25.3799991607666,186400,0.0,0.0,0.0
2022-01-07 00:00:00-05:00,25.360000610351562,25.399999618530273,25.079999923706055,25.219999313354492,104800,0.0,0.0,0.0
2022-01-10 00:00:00-05:00,25.1299991607666,25.375999450683594,25.059999465942383,25.350000381469727,241600,0.0,0.0,0.0
2022-01-11 00:00:00-05:00,25.520000457763672,25.579999923706055,25.34000015258789,25.482999801635742,148900,0.0,0.0,0.0
2022-01-12 00:00:00-05:00,25.579999923706055,25.59000015258789,25.389999389648438,25.40999984741211,81900,0.0,0.0,0.0
2022-01-13 00:00:00-05:00,25.399999618530273,25.600000381469727,25.34000015258789,25.559999465942383,317700,0.0,0.0,0.0
2022-01-14 00:00:00-05:00,25.479999542236328,25.479999542236328,25.25,25.325000762939453,103300,0.0,0.0,0.0
2022-01-18 00:00:00-05:00,25.209999084472656,25.309999465942383,25.100000381469727,25.100000381469727,689300,0.0,0.0,0.0
2022-01-19 00:00:00-05:00,25.18000030517578,25.3700008392334,25.149999618530273,25.290000915527344,224600,0.0,0.0,0.0
2022-01-20 00:00:00-05:00,25.361000061035156,25.440000534057617,25.299999237060547,25.420000076293945,150500,0.0,0.0,0.0
2022-01-21 00:00:00-05:00,25.6299991607666,25.780000686645508,25.555999755859375,25.68600082397461,114100,0.0,0.0,0.0
2022-01-24 00:00:00-05:00,25.8700008392334,25.8700008392334,25.309999465942383,25.309999465942383,216700,0.0,0.0,0.0
2022-01-25 00:00:00-05:00,25.489999771118164,25.579999923706055,25.299999237060547,25.31999969482422,338300,0.0,0.0,0.0
2022-01-26 00:00:00-05:00,25.30500030517578,25.329999923706055,25.170000076293945,25.239999771118164,176600,0.0,0.0,0.0
2022-01-27 00:00:00-05:00,25.549999237060547,25.700000762939453,25.549999237060547,25.700000762939453,162800,0.0,0.0,0.0
2022-01-28 00:00:00-05:00,25.540000915527344,25.759000778198242,25.489999771118164,25.690000534057617,78900,0.0,0.0,0.0
2022-01-31 00:00:00-05:00,25.6200008392334,25.709999084472656,25.52899932861328,25.559999465942383,444300,0.0,0.0,0.0
2022-02-01 00:00:00-05:00,25.57900047302246,25.579999923706055,25.42300033569336,25.530000686645508,240300,0.0,0.0,0.0
2022-02-02 00:00:00-05:00,25.549999237060547,25.860000610351562,25.549999237060547,25.639999389648438,124000,0.0,0.0,0.0
2022-02-03 00:00:00-05:00,25.329999923706055,25.510000228881836,25.219999313354492,25.450000762939453,296300,0.0,0.0,0.0
2022-02-04 00:00:00-05:00,25.459999084472656,25.47599983215332,25.260000228881836,25.34000015258789,270500,0.0,0.0,0.0
2022-02-07 00:00:00-05:00,25.290000915527344,25.381999969482422,25.2549991607666,25.350000381469727,78700,0.0,0.0,0.0
2022-02-08 00:00:00-05:00,25.25,25.329999923706055,25.200000762939453,25.280000686645508,91800,0.0,0.0,0.0
2022-02-09 00:00:00-05:00,25.329999923706055,25.489999771118164,25.302000045776367,25.360000610351562,146700,0.0,0.0,0.0
2022-02-10 00:00:00-05:00,25.450000762939453,25.559999465942383,25.274999618530273,25.530000686645508,404300,0.0,0.0,0.0
2022-02-11 00:00:00-05:00,25.510000228881836,25.729999542236328,25.264999389648438,25.670000076293945,467900,0.0,0.0,0.0
2022-02-14 00:00:00-05:00,25.709999084472656,25.738000869750977,25.5,25.56999969482422,301400,0.0,0.0,0.0
2022-02-15 00:00:00-05:00,25.40999984741211,25.43000030517578,25.200000762939453,25.229999542236328,294700,0.0,0.0,0.0
2022-02-16 00:00:00-05:00,25.3799991607666,25.3799991607666,25.058000564575195,25.260000228881836,613000,0.0,0.0,0.0
2022-02-17 00:00:00-05:00,25.31999969482422,25.489999771118164,25.170000076293945,25.309999465942383,131100,0.0,0.0,0.0
2022-02-18 00:00:00-05:00,25.389999389648438,25.559999465942383,25.334999084472656,25.540000915527344,123900,0.0,0.0,0.0
2022-02-22 00:00:00-05:00,25.562000274658203,25.760000228881836,25.530000686645508,25.709999084472656,165000,0.0,0.0,0.0
2022-02-23 00:00:00-05:00,25.579999923706055,25.6299991607666,25.420000076293945,25.43000030517578,138800,0.0,0.0,0.0
2022-02-24 00:00:00-05:00,25.729999542236328,25.729999542236328,25.299999237060547,25.440000534057617,289000,0.0,0.0,0.0
2022-02-25 00:00:00-05:00,25.459999084472656,25.5,25.290000915527344,25.40399932861328,81700,0.0,0.0,0.0
2022-02-28 00:00:00-05:00,25.520000457763672,25.889999389648438,25.489999771118164,25.760000228881836,161900,0.0,0.0,0.0
2022-03-01 00:00:00-05:00,25.649999618530273,25.920000076293945,25.579999923706055,25.8700008392334,391300,0.0,0.0,0.0
2022-03-02 00:00:00-05:00,25.649999618530273,25.764999389648438,25.2549991607666,25.290000915527344,207000,0.0,0.0,0.0
2022-03-03 00:00:00-05:00,25.40999984741211,25.649999618530273,25.3700008392334,25.549999237060547,166600,0.0,0.0,0.0
2022-03-04 00:00:00-05:00,25.950000762939453,26.06999969482422,25.775999069213867,26.06999969482422,244200,0.0,0.0,0.0
2022-03-07 00:00:00-05:00,25.889999389648438,26.25,25.860000610351562,26.030000686645508,164700,0.0,0.0,0.0
2022-03-08 00:00:00-05:00,25.709999084472656,25.950000762939453,25.639999389648438,25.899999618530273,234700,0.0,0.0,0.0
2022-03-09 00:00:00-05:00,25.760000228881836,25.799999237060547,25.600000381469727,25.65999984741211,375700,0.0,0.0,0.0
2022-03-10 00:00:00-05:00,25.469999313354492,25.489999771118164,25.229999542236328,25.40999984741211,1125600,0.0,0.0,0.0
2022-03-11 00:00:00-05:00,25.309999465942383,25.520000457763672,25.274999618530273,25.360000610351562,399000,0.0,0.0,0.0
2022-03-14 00:00:00-04:00,25.110000610351562,25.149999618530273,24.940000534057617,25.0,307500,0.0,0.0,0.0
2022-03-15 00:00:00-04:00,25.0,25.079999923706055,24.770000457763672,24.899999618530273,151900,0.0,0.0,0.0
2022-03-16 00:00:00-04:00,24.899999618530273,25.299999237060547,24.888999938964844,25.1299991607666,110200,0.0,0.0,0.0
2022-03-17 00:00:00-04:00,25.200000762939453,25.28499984741211,24.895999908447266,25.0,242700,0.0,0.0,0.0
2022-03-18 00:00:00-04:00,25.15999984741211,25.281999588012695,25.1299991607666,25.280000686645508,104200,0.0,0.0,0.0
2022-03-21 00:00:00-04:00,25.030000686645508,25.149999618530273,24.8700008392334,25.040000915527344,1596700,0.0,0.0,0.0
2022-03-22 00:00:00-04:00,24.780000686645508,24.84000015258789,24.64299964904785,24.739999771118164,1396300,0.0,0.0,0.0
2022-03-23 00:00:00-04:00,24.799999237060547,25.200000762939453,24.719999313354492,25.200000762939453,371000,0.0,0.0,0.0
2022-03-24 00:00:00-04:00,24.920000076293945,25.2450008392334,24.920000076293945,25.18000030517578,163300,0.0,0.0,0.0
2022-03-25 00:00:00-04:00,25.020000457763672,25.200000762939453,24.799999237060547,25.1200008392334,155600,0.0,0.0,0.0
2022-03-28 00:00:00-04:00,25.31999969482422,25.479999542236328,25.239999771118164,25.395000457763672,480200,0.0,0.0,0.0
2022-03-29 00:00:00-04:00,25.440000534057617,25.59000015258789,25.239999771118164,25.399999618530273,409600,0.0,0.0,0.0
2022-03-30 00:00:00-04:00,25.290000915527344,25.6200008392334,25.290000915527344,25.510000228881836,283200,0.0,0.0,0.0
2022-03-31 00:00:00-04:00,25.6299991607666,25.725000381469727,25.510000228881836,25.6200008392334,233700,0.0,0.0,0.0
2022-04-01 00:00:00-04:00,25.540000915527344,26.15999984741211,25.489999771118164,26.079999923706055,286600,0.0,0.0,0.0
2022-04-04 00:00:00-04:00,25.8799991607666,25.9060001373291,25.65999984741211,25.75,115800,0.0,0.0,0.0
2022-04-05 00:00:00-04:00,25.6200008392334,25.639999389648438,25.3700008392334,25.440000534057617,70400,0.0,0.0,0.0
2022-04-06 00:00:00-04:00,24.959999084472656,25.239999771118164,24.959999084472656,25.170000076293945,143400,0.0,0.0,0.0
2022-04-07 00:00:00-04:00,24.809999465942383,24.90999984741211,24.670000076293945,24.899999618530273,124300,0.0,0.0,0.0
2022-04-08 00:00:00-04:00,24.75,24.79199981689453,24.549999237060547,24.65999984741211,291300,0.0,0.0,0.0
2022-04-11 00:00:00-04:00,24.5,24.540000915527344,24.155000686645508,24.299999237060547,125300,0.0,0.0,0.0
2022-04-12 00:00:00-04:00,24.239999771118164,24.27899932861328,23.89299964904785,24.0,317200,0.0,0.0,0.0
2022-04-13 00:00:00-04:00,23.950000762939453,24.0939998626709,23.860000610351562,24.010000228881836,92400,0.0,0.0,0.0
2022-04-14 00:00:00-04:00,23.950000762939453,23.950000762939453,23.579999923706055,23.59000015258789,310400,0.0,0.0,0.0
2022-04-18 00:00:00-04:00,23.6299991607666,23.6299991607666,23.420000076293945,23.540000915527344,131900,0.0,0.0,0.0
2022-04-19 00:00:00-04:00,23.459999084472656,23.600000381469727,23.424999237060547,23.59000015258789,46400,0.0,0.0,0.0
2022-04-20 00:00:00-04:00,23.79199981689453,24.048999786376953,23.7450008392334,24.0310001373291,85700,0.0,0.0,0.0
2022-04-21 00:00:00-04:00,23.93000030517578,24.0,23.760000228881836,23.989999771118164,212100,0.0,0.0,0.0
2022-04-22 00:00:00-04:00,24.0,24.17300033569336,23.8700008392334,23.8700008392334,69100,0.0,0.0,0.0
2022-04-25 00:00:00-04:00,23.979999542236328,24.083999633789062,23.871000289916992,24.010000228881836,57800,0.0,0.0,0.0
2022-04-26 00:00:00-04:00,24.1200008392334,24.219999313354492,23.990999221801758,24.040000915527344,28900,0.0,0.0,0.0
2022-04-27 00:00:00-04:00,23.950000762939453,23.979999542236328,23.700000762939453,23.860000610351562,325700,0.0,0.0,0.0
2022-04-28 00:00:00-04:00,23.81999969482422,23.969999313354492,23.797000885009766,23.90999984741211,63000,0.0,0.0,0.0
2022-04-29 00:00:00-04:00,24.040000915527344,24.059999465942383,23.729999542236328,23.780000686645508,30700,0.0,0.0,0.0
2022-05-02 00:00:00-04:00,23.57200050354004,23.593000411987305,23.43000030517578,23.5,316400,0.0,0.0,0.0
2022-05-03 00:00:00-04:00,23.860000610351562,23.8799991607666,23.670000076293945,23.68000030517578,397400,0.0,0.0,0.0
2022-05-04 00:00:00-04:00,23.770000457763672,23.8700008392334,23.479999542236328,23.56999969482422,234400,0.0,0.0,0.0
2022-05-05 00:00:00-04:00,23.270000457763672,23.270000457763672,22.916000366210938,23.1200008392334,299500,0.0,0.0,0.0
2022-05-06 00:00:00-04:00,22.889999389648438,23.079999923706055,22.81999969482422,22.923999786376953,118600,0.0,0.0,0.0
2022-05-09 00:00:00-04:00,22.59000015258789,22.889999389648438,22.489999771118164,22.829999923706055,186400,0.0,0.0,0.0
2022-05-10 00:00:00-04:00,23.110000610351562,23.200000762939453,22.90999984741211,22.940000534057617,443300,0.0,0.0,0.0
2022-05-11 00:00:00-04:00,22.850000381469727,23.34000015258789,22.850000381469727,23.34000015258789,186300,0.0,0.0,0.0
2022-05-12 00:00:00-04:00,23.31999969482422,23.489999771118164,23.219999313354492,23.229999542236328,70800,0.0,0.0,0.0
2022-05-13 00:00:00-04:00,23.149999618530273,23.170000076293945,22.899999618530273,22.989999771118164,23200,0.0,0.0,0.0
2022-05-16 00:00:00-04:00,22.941999435424805,23.06999969482422,22.790000915527344,22.8700008392334,210400,0.0,0.0,0.0
2022-05-17 00:00:00-04:00,22.760000228881836,22.850000381469727,22.750999450683594,22.760000228881836,41400,0.0,0.0,0.0
2022-05-18 00:00:00-04:00,22.850000381469727,23.174999237060547,22.850000381469727,23.09000015258789,36200,0.0,0.0,0.0
2022-05-19 00:00:00-04:00,23.309999465942383,23.343000411987305,23.049999237060547,23.09000015258789,65200,0.0,0.0,0.0
2022-05-20 00:00:00-04:00,23.139999389648438,23.41900062561035,23.139999389648438,23.260000228881836,43200,0.0,0.0,0.0
2022-05-23 00:00:00-04:00,23.260000228881836,23.31999969482422,23.020000457763672,23.059999465942383,30600,0.0,0.0,0.0
2022-05-24 00:00:00-04:00,23.260000228881836,23.3799991607666,23.229999542236328,23.299999237060547,44900,0.0,0.0,0.0
2022-05-25 00:00:00-04:00,23.34600067138672,23.3700008392334,23.235000610351562,23.34000015258789,13000,0.0,0.0,0.0
2022-05-26 00:00:00-04:00,23.094999313354492,23.148000717163086,22.9950008392334,23.135000228881836,31800,0.0,0.0,0.0
2022-05-27 00:00:00-04:00,23.139999389648438,23.25,23.079999923706055,23.100000381469727,9600,0.0,0.0,0.0
2022-05-31 00:00:00-04:00,22.93000030517578,22.934999465942383,22.68000030517578,22.709999084472656,104900,0.0,0.0,0.0
2022-06-01 00:00:00-04:00,22.969999313354492,23.100000381469727,22.829999923706055,22.899999618530273,54500,0.0,0.0,0.0
2022-06-02 00:00:00-04:00,22.860000610351562,22.899999618530273,22.700000762939453,22.829999923706055,106600,0.0,0.0,0.0
2022-06-03 00:00:00-04:00,22.610000610351562,22.760000228881836,22.610000610351562,22.739999771118164,55000,0.0,0.0,0.0
2022-06-06 00:00:00-04:00,22.670000076293945,22.676000595092773,22.489999771118164,22.549999237060547,65500,0.0,0.0,0.0
2022-06-07 00:00:00-04:00,22.670000076293945,22.770000457763672,22.610000610351562,22.68600082397461,32600,0.0,0.0,0.0
2022-06-08 00:00:00-04:00,22.649999618530273,22.719999313354492,22.510000228881836,22.510000228881836,168200,0.0,0.0,0.0
2022-06-09 00:00:00-04:00,22.5,22.739999771118164,22.5,22.639999389648438,171500,0.0,0.0,0.0
2022-06-10 00:00:00-04:00,22.850000381469727,22.920000076293945,22.670000076293945,22.8700008392334,19200,0.0,0.0,0.0
2022-06-13 00:00:00-04:00,22.829999923706055,22.829999923706055,22.3799991607666,22.489999771118164,73800,0.0,0.0,0.0
2022-06-14 00:00:00-04:00,22.3799991607666,22.450000762939453,22.18000030517578,22.299999237060547,81100,0.0,0.0,0.0
2022-06-15 00:00:00-04:00,22.360000610351562,22.43000030517578,22.170000076293945,22.309999465942383,26800,0.0,0.0,0.0
2022-06-16 00:00:00-04:00,22.100000381469727,22.610000610351562,22.010000228881836,22.56999969482422,572000,0.0,0.0,0.0
2022-06-17 00:00:00-04:00,22.43000030517578,22.799999237060547,21.780000686645508,22.68000030517578,86900,0.0,0.0,0.0
2022-06-21 00:00:00-04:00,22.459999084472656,22.518999099731445,22.260000228881836,22.299999237060547,57700,0.0,0.0,0.0
2022-06-22 00:00:00-04:00,22.549999237060547,22.67099952697754,22.5049991607666,22.621999740600586,73400,0.0,0.0,0.0
2022-06-23 00:00:00-04:00,22.540000915527344,22.760000228881836,22.540000915527344,22.6299991607666,88300,0.0,0.0,0.0
2022-06-24 00:00:00-04:00,22.579999923706055,22.649999618530273,22.360000610351562,22.43000030517578,17400,0.0,0.0,0.0
2022-06-27 00:00:00-04:00,22.309999465942383,22.47100067138672,22.309999465942383,22.3700008392334,9800,0.0,0.0,0.0
2022-06-28 00:00:00-04:00,22.309999465942383,22.420000076293945,22.19099998474121,22.381000518798828,76700,0.0,0.0,0.0
2022-06-29 00:00:00-04:00,22.31999969482422,22.52199935913086,22.31999969482422,22.48900032043457,116800,0.0,0.0,0.0
2022-06-30 00:00:00-04:00,22.610000610351562,22.75,22.510000228881836,22.559999465942383,43800,0.0,0.0,0.0
2022-07-01 00:00:00-04:00,22.690000534057617,22.799999237060547,22.496000289916992,22.59000015258789,132900,0.0,0.0,0.0
2022-07-05 00:00:00-04:00,22.81999969482422,22.940000534057617,22.670000076293945,22.84000015258789,103600,0.0,0.0,0.0
2022-07-06 00:00:00-04:00,22.809999465942383,22.81999969482422,22.559999465942383,22.610000610351562,80300,0.0,0.0,0.0
2022-07-07 00:00:00-04:00,22.649999618530273,22.649999618530273,22.469999313354492,22.479999542236328,26000,0.0,0.0,0.0
2022-07-08 00:00:00-04:00,22.371000289916992,22.371000289916992,22.260000228881836,22.270000457763672,10200,0.0,0.0,0.0
2022-07-11 00:00:00-04:00,22.437999725341797,22.610000610351562,22.437999725341797,22.600000381469727,7600,0.0,0.0,0.0
2022-07-12 00:00:00-04:00,22.770000457763672,22.850000381469727,22.6200008392334,22.719999313354492,112200,0.0,0.0,0.0
2022-07-13 00:00:00-04:00,22.56999969482422,22.85700035095215,22.549999237060547,22.790000915527344,4400,0.0,0.0,0.0
2022-07-14 00:00:00-04:00,22.700000762939453,22.8799991607666,22.6200008392334,22.770000457763672,12600,0.0,0.0,0.0
2022-07-15 00:00:00-04:00,22.8700008392334,22.929000854492188,22.81399917602539,22.860000610351562,4900,0.0,0.0,0.0
2022-07-18 00:00:00-04:00,22.75,22.780000686645508,22.610000610351562,22.770000457763672,24700,0.0,0.0,0.0
2022-07-19 00:00:00-04:00,22.868000030517578,22.868000030517578,22.6299991607666,22.75,6300,0.0,0.0,0.0
2022-07-20 00:00:00-04:00,22.72100067138672,22.799999237060547,22.600000381469727,22.799999237060547,25200,0.0,0.0,0.0
2022-07-21 00:00:00-04:00,22.799999237060547,22.940000534057617,22.719999313354492,22.90999984741211,53300,0.0,0.0,0.0
2022-07-22 00:00:00-04:00,23.06999969482422,23.200000762939453,23.014999389648438,23.110000610351562,34500,0.0,0.0,0.0
2022-07-25 00:00:00-04:00,22.93000030517578,23.0,22.899999618530273,22.95400047302246,8500,0.0,0.0,0.0
2022-07-26 00:00:00-04:00,23.110000610351562,23.15999984741211,22.989999771118164,22.989999771118164,13400,0.0,0.0,0.0
2022-07-27 00:00:00-04:00,22.989999771118164,22.989999771118164,22.59000015258789,22.729999542236328,31200,0.0,0.0,0.0
2022-07-28 00:00:00-04:00,22.799999237060547,22.90999984741211,22.6200008392334,22.6299991607666,26100,0.0,0.0,0.0
2022-07-29 00:00:00-04:00,22.610000610351562,22.809999465942383,22.549999237060547,22.59000015258789,49100,0.0,0.0,0.0
2022-08-01 00:00:00-04:00,22.639999389648438,23.219999313354492,22.639999389648438,23.18000030517578,45400,0.0,0.0,0.0
2022-08-02 00:00:00-04:00,23.229999542236328,23.329999923706055,23.0,23.030000686645508,435300,0.0,0.0,0.0
2022-08-03 00:00:00-04:00,22.860000610351562,23.260000228881836,22.75,23.190000534057617,114700,0.0,0.0,0.0
2022-08-04 00:00:00-04:00,23.100000381469727,23.190000534057617,23.010000228881836,23.059999465942383,64600,0.0,0.0,0.0
2022-08-05 00:00:00-04:00,22.979999542236328,22.979999542236328,22.75,22.799999237060547,80000,0.0,0.0,0.0
2022-08-08 00:00:00-04:00,22.934999465942383,23.15999984741211,22.8799991607666,23.059999465942383,99600,0.0,0.0,0.0
2022-08-09 00:00:00-04:00,23.059999465942383,23.166000366210938,23.059999465942383,23.149999618530273,25600,0.0,0.0,0.0
2022-08-10 00:00:00-04:00,22.979999542236328,23.118000030517578,22.799999237060547,22.8799991607666,153000,0.0,0.0,0.0
2022-08-11 00:00:00-04:00,22.75,22.760000228881836,22.420000076293945,22.469999313354492,301900,0.0,0.0,0.0
2022-08-12 00:00:00-04:00,22.459999084472656,22.600000381469727,22.423999786376953,22.549999237060547,43700,0.0,0.0,0.0
2022-08-15 00:00:00-04:00,22.6299991607666,22.714000701904297,22.5,22.5,51100,0.0,0.0,0.0
2022-08-16 00:00:00-04:00,22.43000030517578,22.69499969482422,22.3700008392334,22.65999984741211,93000,0.0,0.0,0.0
2022-08-17 00:00:00-04:00,22.59000015258789,22.594999313354492,22.420000076293945,22.510000228881836,447200,0.0,0.0,0.0
2022-08-18 00:00:00-04:00,22.59000015258789,22.62299919128418,22.510000228881836,22.579999923706055,38900,0.0,0.0,0.0
2022-08-19 00:00:00-04:00,22.440000534057617,22.450000762939453,22.389999389648438,22.420000076293945,21800,0.0,0.0,0.0
2022-08-22 00:00:00-04:00,22.399999618530273,22.459999084472656,22.274999618530273,22.389999389648438,71200,0.0,0.0,0.0
2022-08-23 00:00:00-04:00,22.239999771118164,22.399999618530273,22.224000930786133,22.25,57200,0.0,0.0,0.0
2022-08-24 00:00:00-04:00,22.139999389648438,22.229999542236328,22.040000915527344,22.104999542236328,74900,0.0,0.0,0.0
2022-08-25 00:00:00-04:00,22.06999969482422,22.350000381469727,22.059999465942383,22.290000915527344,14400,0.0,0.0,0.0
2022-08-26 00:00:00-04:00,22.290000915527344,22.6299991607666,22.270000457763672,22.597999572753906,50700,0.0,0.0,0.0
2022-08-29 00:00:00-04:00,22.523000717163086,22.523000717163086,22.350000381469727,22.459999084472656,34500,0.0,0.0,0.0
2022-08-30 00:00:00-04:00,22.3700008392334,22.538000106811523,22.329999923706055,22.479999542236328,19900,0.0,0.0,0.0
2022-08-31 00:00:00-04:00,22.469999313354492,22.549999237060547,22.270000457763672,22.31999969482422,32500,0.0,0.0,0.0
2022-09-01 00:00:00-04:00,22.09000015258789,22.165000915527344,21.959999084472656,22.139999389648438,150300,0.0,0.0,0.0
2022-09-02 00:00:00-04:00,21.815000534057617,21.952999114990234,21.770000457763672,21.950000762939453,90000,0.0,0.0,0.0
2022-09-06 00:00:00-04:00,21.889999389648438,21.889999389648438,21.65999984741211,21.68000030517578,81900,0.0,0.0,0.0
2022-09-07 00:00:00-04:00,21.719999313354492,21.8700008392334,21.700000762939453,21.829999923706055,49900,0.0,0.0,0.0
2022-09-08 00:00:00-04:00,21.889999389648438,21.899999618530273,21.700000762939453,21.729999542236328,49500,0.0,0.0,0.0
2022-09-09 00:00:00-04:00,21.690000534057617,21.774999618530273,21.690000534057617,21.739999771118164,35100,0.0,0.0,0.0
2022-09-12 00:00:00-04:00,21.780000686645508,21.780000686645508,21.5,21.5939998626709,91500,0.0,0.0,0.0
2022-09-13 00:00:00-04:00,21.6200008392334,21.8700008392334,21.579999923706055,21.850000381469727,25300,0.0,0.0,0.0
2022-09-14 00:00:00-04:00,21.739999771118164,21.8799991607666,21.709999084472656,21.8799991607666,7600,0.0,0.0,0.0
2022-09-15 00:00:00-04:00,21.989999771118164,22.030000686645508,21.969999313354492,22.030000686645508,16500,0.0,0.0,0.0
2022-09-16 00:00:00-04:00,21.709999084472656,21.84000015258789,21.579999923706055,21.729999542236328,16900,0.0,0.0,0.0
2022-09-19 00:00:00-04:00,21.860000610351562,21.969999313354492,21.860000610351562,21.90999984741211,11100,0.0,0.0,0.0
2022-09-20 00:00:00-04:00,21.6299991607666,21.889999389648438,21.610000610351562,21.81999969482422,31100,0.0,0.0,0.0
2022-09-21 00:00:00-04:00,21.917999267578125,22.134000778198242,21.799999237060547,22.110000610351562,69400,0.0,0.0,0.0
2022-09-22 00:00:00-04:00,21.88800048828125,21.940000534057617,21.790000915527344,21.850000381469727,41400,0.0,0.0,0.0
2022-09-23 00:00:00-04:00,21.899999618530273,22.18899917602539,21.81999969482422,22.06999969482422,85700,0.0,0.0,0.0
2022-09-26 00:00:00-04:00,22.200000762939453,22.290000915527344,21.989999771118164,22.1200008392334,50800,0.0,0.0,0.0
2022-09-27 00:00:00-04:00,21.700000762939453,21.770000457763672,21.549999237060547,21.610000610351562,188400,0.0,0.0,0.0
2022-09-28 00:00:00-04:00,21.670000076293945,21.829999923706055,21.5,21.731000900268555,114500,0.0,0.0,0.0
2022-09-29 00:00:00-04:00,21.809999465942383,21.891000747680664,21.780000686645508,21.8700008392334,93600,0.0,0.0,0.0
2022-09-30 00:00:00-04:00,21.889999389648438,21.959999084472656,21.65999984741211,21.690000534057617,19900,0.0,0.0,0.0
2022-10-03 00:00:00-04:00,21.81999969482422,21.850000381469727,21.559999465942383,21.760000228881836,35500,0.0,0.0,0.0
2022-10-04 00:00:00-04:00,21.670000076293945,21.670000076293945,21.56999969482422,21.594999313354492,26000,0.0,0.0,0.0
2022-10-05 00:00:00-04:00,21.559999465942383,21.6299991607666,21.440000534057617,21.547000885009766,63100,0.0,0.0,0.0
2022-10-06 00:00:00-04:00,21.579999923706055,21.790000915527344,21.56999969482422,21.652999877929688,25800,0.0,0.0,0.0
2022-10-07 00:00:00-04:00,21.3799991607666,21.500999450683594,21.34000015258789,21.469999313354492,15200,0.0,0.0,0.0
2022-10-10 00:00:00-04:00,21.280000686645508,21.280000686645508,21.110000610351562,21.139999389648438,52100,0.0,0.0,0.0
2022-10-11 00:00:00-04:00,21.149999618530273,21.40999984741211,21.049999237060547,21.309999465942383,73700,0.0,0.0,0.0
2022-10-12 00:00:00-04:00,21.09000015258789,21.290000915527344,21.09000015258789,21.253000259399414,37100,0.0,0.0,0.0
2022-10-13 00:00:00-04:00,21.15999984741211,21.364999771118164,21.15999984741211,21.200000762939453,12700,0.0,0.0,0.0
2022-10-14 00:00:00-04:00,21.09000015258789,21.117000579833984,20.90999984741211,21.077999114990234,37800,0.0,0.0,0.0
2022-10-17 00:00:00-04:00,20.920000076293945,20.94499969482422,20.735000610351562,20.743000030517578,14200,0.0,0.0,0.0
2022-10-18 00:00:00-04:00,20.709999084472656,20.799999237060547,20.549999237060547,20.7810001373291,121700,0.0,0.0,0.0
2022-10-19 00:00:00-04:00,20.75,20.7549991607666,20.649999618530273,20.691999435424805,13700,0.0,0.0,0.0
2022-10-20 00:00:00-04:00,20.540000915527344,20.549999237060547,20.40999984741211,20.434999465942383,12100,0.0,0.0,0.0
2022-10-21 00:00:00-04:00,19.84000015258789,20.0,19.729999542236328,19.790000915527344,32000,0.0,0.0,0.0
2022-10-24 00:00:00-04:00,19.729999542236328,19.81999969482422,19.559999465942383,19.600000381469727,42700,0.0,0.0,0.0
2022-10-25 00:00:00-04:00,19.920000076293945,20.059999465942383,19.881999969482422,20.05900001525879,20900,0.0,0.0,0.0
2022-10-26 00:00:00-04:00,20.149999618530273,20.26300048828125,20.149999618530273,20.197999954223633,157200,0.0,0.0,0.0
2022-10-27 00:00:00-04:00,20.110000610351562,20.256999969482422,20.059999465942383,20.209999084472656,69100,0.0,0.0,0.0
2022-10-28 00:00:00-04:00,20.31999969482422,20.360000610351562,20.209999084472656,20.23900032043457,13700,0.0,0.0,0.0
2022-10-31 00:00:00-04:00,20.25,20.270000457763672,19.989999771118164,20.139999389648438,20100,0.0,0.0,0.0
2022-11-01 00:00:00-04:00,20.382999420166016,20.510000228881836,20.31999969482422,20.44499969482422,255000,0.0,0.0,0.0
2022-11-02 00:00:00-04:00,20.440000534057617,20.610000610351562,20.25,20.40999984741211,33700,0.0,0.0,0.0
2022-11-03 00:00:00-04:00,20.360000610351562,20.479999542236328,20.299999237060547,20.374000549316406,23200,0.0,0.0,0.0
2022-11-04 00:00:00-04:00,20.149999618530273,20.219999313354492,19.954999923706055,19.979999542236328,55100,0.0,0.0,0.0
2022-11-07 00:00:00-05:00,20.100000381469727,20.1200008392334,19.81999969482422,19.83099937438965,43100,0.0,0.0,0.0
2022-11-08 00:00:00-05:00,19.889999389648438,19.969999313354492,19.8799991607666,19.920000076293945,7700,0.0,0.0,0.0
2022-11-09 00:00:00-05:00,19.799999237060547,19.90999984741211,19.65999984741211,19.815000534057617,38500,0.0,0.0,0.0
2022-11-10 00:00:00-05:00,19.899999618530273,20.139999389648438,19.881000518798828,20.100000381469727,24400,0.0,0.0,0.0
2022-11-11 00:00:00-05:00,20.079999923706055,20.200000762939453,20.079999923706055,20.143999099731445,12500,0.0,0.0,0.0
2022-11-14 00:00:00-05:00,20.110000610351562,20.149999618530273,20.010000228881836,20.05500030517578,10900,0.0,0.0,0.0
2022-11-15 00:00:00-05:00,20.040000915527344,20.25,20.040000915527344,20.240999221801758,24800,0.0,0.0,0.0
2022-11-16 00:00:00-05:00,20.350000381469727,20.690000534057617,20.350000381469727,20.68000030517578,10700,0.0,0.0,0.0
2022-11-17 00:00:00-05:00,20.594999313354492,20.700000762939453,20.56999969482422,20.700000762939453,3500,0.0,0.0,0.0
2022-11-18 00:00:00-05:00,20.690000534057617,20.690000534057617,20.59000015258789,20.642000198364258,16600,0.0,0.0,0.0
2022-11-21 00:00:00-05:00,20.760000228881836,20.760000228881836,20.690000534057617,20.72100067138672,4500,0.0,0.0,0.0
2022-11-22 00:00:00-05:00,20.799999237060547,20.94499969482422,20.799999237060547,20.92099952697754,13000,0.0,0.0,0.0
2022-11-23 00:00:00-05:00,21.1299991607666,21.280000686645508,21.079999923706055,21.25,42600,0.0,0.0,0.0
2022-11-25 00:00:00-05:00,21.149999618530273,21.149999618530273,21.100000381469727,21.132999420166016,1700,0.0,0.0,0.0
2022-11-28 00:00:00-05:00,21.277000427246094,21.277000427246094,21.110000610351562,21.15999984741211,4600,0.0,0.0,0.0
2022-11-29 00:00:00-05:00,21.006999969482422,21.110000610351562,20.951000213623047,20.95800018310547,17800,0.0,0.0,0.0
2022-11-30 00:00:00-05:00,20.959999084472656,21.059999465942383,20.719999313354492,20.739999771118164,67500,0.0,0.0,0.0
2022-12-01 00:00:00-05:00,20.920000076293945,21.315000534057617,20.860000610351562,21.29599952697754,133100,0.0,0.0,0.0
2022-12-02 00:00:00-05:00,21.3700008392334,21.45199966430664,21.260000228881836,21.413000106811523,69000,0.0,0.0,0.0
2022-12-05 00:00:00-05:00,21.3700008392334,21.503000259399414,21.302000045776367,21.479999542236328,8100,0.0,0.0,0.0
2022-12-06 00:00:00-05:00,21.648000717163086,21.77899932861328,21.559999465942383,21.72599983215332,11300,0.0,0.0,0.0
2022-12-07 00:00:00-05:00,21.920000076293945,22.049999237060547,21.920000076293945,21.9950008392334,65500,0.0,0.0,0.0
2022-12-08 00:00:00-05:00,21.969999313354492,22.100000381469727,21.954999923706055,22.094999313354492,43400,0.0,0.0,0.0
2022-12-09 00:00:00-05:00,21.81999969482422,21.829999923706055,21.540000915527344,21.54400062561035,23700,0.0,0.0,0.0
2022-12-12 00:00:00-05:00,21.829999923706055,21.850000381469727,21.6299991607666,21.65999984741211,17700,0.0,0.0,0.0
2022-12-13 00:00:00-05:00,21.780000686645508,21.89900016784668,21.708999633789062,21.719999313354492,8300,0.0,0.0,0.0
2022-12-14 00:00:00-05:00,21.610000610351562,21.770000457763672,21.469999313354492,21.770000457763672,11300,0.0,0.0,0.0
2022-12-15 00:00:00-05:00,21.770000457763672,21.954999923706055,21.770000457763672,21.81999969482422,23300,0.0,0.0,0.0
2022-12-16 00:00:00-05:00,21.489999771118164,21.670000076293945,21.43000030517578,21.540000915527344,13600,0.0,0.0,0.0
2022-12-19 00:00:00-05:00,21.3799991607666,21.410999298095703,21.239999771118164,21.364999771118164,33800,0.0,0.0,0.0
2022-12-20 00:00:00-05:00,21.059999465942383,21.1200008392334,21.030000686645508,21.09000015258789,52100,0.0,0.0,0.0
2022-12-21 00:00:00-05:00,21.170000076293945,21.170000076293945,21.0,21.06599998474121,14800,0.0,0.0,0.0
2022-12-22 00:00:00-05:00,21.079999923706055,21.190000534057617,21.079999923706055,21.165000915527344,7000,0.0,0.0,0.0
2022-12-23 00:00:00-05:00,21.040000915527344,21.049999237060547,20.899999618530273,20.902000427246094,24700,0.0,0.0,0.0
2022-12-27 00:00:00-05:00,20.715999603271484,20.780000686645508,20.670000076293945,20.691999435424805,13300,0.0,0.0,0.0
2022-12-28 00:00:00-05:00,15.130000114440918,15.149999618530273,14.90999984741211,14.958000183105469,207200,0.0,0.0,0.0
2022-12-29 00:00:00-05:00,15.0,15.180000305175781,15.0,15.100000381469727,95700,0.0,0.0,0.0
2022-12-30 00:00:00-05:00,15.069999694824219,15.175000190734863,15.03499984741211,15.055000305175781,80200,0.0,0.0,0.0
2023-01-03 00:00:00-05:00,15.3100004196167,15.3100004196167,15.180000305175781,15.210000038146973,20200,0.0,0.0,0.0
2023-01-04 00:00:00-05:00,15.300000190734863,15.350000381469727,15.1899995803833,15.270000457763672,36800,0.0,0.0,0.0
2023-01-05 00:00:00-05:00,15.279999732971191,15.4399995803833,15.279999732971191,15.40999984741211,27500,0.0,0.0,0.0
2023-01-06 00:00:00-05:00,15.270000457763672,15.432000160217285,15.239999771118164,15.380000114440918,25700,0.0,0.0,0.0
2023-01-09 00:00:00-05:00,15.260000228881836,15.439000129699707,15.260000228881836,15.430000305175781,22200,0.0,0.0,0.0
2023-01-10 00:00:00-05:00,15.180000305175781,15.223999977111816,15.175000190734863,15.199999809265137,11300,0.0,0.0,0.0
2023-01-11 00:00:00-05:00,15.369999885559082,15.369999885559082,15.300000190734863,15.319999694824219,41200,0.0,0.0,0.0
2023-01-12 00:00:00-05:00,15.210000038146973,15.489999771118164,15.130000114440918,15.489999771118164,47400,0.0,0.0,0.0
2023-01-13 00:00:00-05:00,15.369000434875488,15.489999771118164,15.369000434875488,15.401000022888184,9900,0.0,0.0,0.0
2023-01-17 00:00:00-05:00,15.25,15.340999603271484,15.25,15.279999732971191,4900,0.0,0.0,0.0
2023-01-18 00:00:00-05:00,15.449999809265137,15.479999542236328,15.260000228881836,15.470000267028809,175800,0.0,0.0,0.0
2023-01-19 00:00:00-05:00,15.420000076293945,15.430000305175781,15.34000015258789,15.390000343322754,20000,0.0,0.0,0.0
2023-01-20 00:00:00-05:00,15.350000381469727,15.350000381469727,15.220000267028809,15.229999542236328,12300,0.0,0.0,0.0
2023-01-23 00:00:00-05:00,15.210000038146973,15.279999732971191,15.039999961853027,15.25,113700,0.0,0.0,0.0
2023-01-24 00:00:00-05:00,15.289999961853027,15.463000297546387,15.220000267028809,15.430999755859375,14500,0.0,0.0,0.0
2023-01-25 00:00:00-05:00,15.420000076293945,15.4399995803833,15.34000015258789,15.4350004196167,5000,0.0,0.0,0.0
2023-01-26 00:00:00-05:00,15.40999984741211,15.4399995803833,15.36400032043457,15.40999984741211,4700,0.0,0.0,0.0
2023-01-27 00:00:00-05:00,15.359999656677246,15.420000076293945,15.34000015258789,15.357000350952148,156800,0.0,0.0,0.0
2023-01-30 00:00:00-05:00,15.4399995803833,15.484999656677246,15.420000076293945,15.420000076293945,54400,0.0,0.0,0.0
2023-01-31 00:00:00-05:00,15.369999885559082,15.369999885559082,15.234999656677246,15.359999656677246,55400,0.0,0.0,0.0
2023-02-01 00:00:00-05:00,15.460000038146973,15.46500015258789,15.359999656677246,15.442000389099121,18100,0.0,0.0,0.0
2023-02-02 00:00:00-05:00,15.470000267028809,15.489999771118164,15.416000366210938,15.420000076293945,5400,0.0,0.0,0.0
2023-02-03 00:00:00-05:00,15.380000114440918,15.449999809265137,15.329999923706055,15.428999900817871,75100,0.0,0.0,0.0
2023-02-06 00:00:00-05:00,15.520000457763672,15.630000114440918,15.5,15.630000114440918,6700,0.0,0.0,0.0
2023-02-07 00:00:00-05:00,15.550000190734863,15.550000190734863,15.460000038146973,15.479999542236328,5700,0.0,0.0,0.0
2023-02-08 00:00:00-05:00,15.359999656677246,15.493000030517578,15.359999656677246,15.493000030517578,6600,0.0,0.0,0.0
2023-02-09 00:00:00-05:00,15.65999984741211,15.711999893188477,15.428000450134277,15.430000305175781,85100,0.0,0.0,0.0
2023-02-10 00:00:00-05:00,15.40999984741211,15.40999984741211,15.25,15.279999732971191,9500,0.0,0.0,0.0
2023-02-13 00:00:00-05:00,15.510000228881836,15.529999732971191,15.470000267028809,15.49899959564209,9400,0.0,0.0,0.0
2023-02-14 00:00:00-05:00,15.640000343322754,15.706000328063965,15.529999732971191,15.70300006866455,15000,0.0,0.0,0.0
2023-02-15 00:00:00-05:00,15.6899995803833,15.699999809265137,15.5600004196167,15.57800006866455,28000,0.0,0.0,0.0
2023-02-16 00:00:00-05:00,15.449999809265137,15.449999809265137,15.319999694824219,15.34000015258789,37500,0.0,0.0,0.0
2023-02-17 00:00:00-05:00,15.345000267028809,15.432000160217285,15.324999809265137,15.432000160217285,6000,0.0,0.0,0.0
2023-02-21 00:00:00-05:00,15.40999984741211,15.420000076293945,15.319999694824219,15.324999809265137,25100,0.0,0.0,0.0
2023-02-22 00:00:00-05:00,15.399999618530273,15.4399995803833,15.390000343322754,15.435999870300293,9500,0.0,0.0,0.0
2023-02-23 00:00:00-05:00,15.510000228881836,15.5600004196167,15.479999542236328,15.550000190734863,17200,0.0,0.0,0.0
2023-02-24 00:00:00-05:00,15.600000381469727,15.609999656677246,15.489999771118164,15.522000312805176,8200,0.0,0.0,0.0
2023-02-27 00:00:00-05:00,15.420000076293945,15.470000267028809,15.359999656677246,15.361000061035156,192000,0.0,0.0,0.0
2023-02-28 00:00:00-05:00,15.369999885559082,15.508999824523926,15.369999885559082,15.486000061035156,81600,0.0,0.0,0.0
2023-03-01 00:00:00-05:00,15.520000457763672,15.539999961853027,15.42199993133545,15.505000114440918,131400,0.0,0.0,0.0
2023-03-02 00:00:00-05:00,15.430000305175781,15.460000038146973,15.350000381469727,15.460000038146973,154800,0.0,0.0,0.0
2023-03-03 00:00:00-05:00,15.604999542236328,15.739999771118164,15.60200023651123,15.729999542236328,52200,0.0,0.0,0.0
2023-03-06 00:00:00-05:00,15.73900032043457,15.800000190734863,15.649999618530273,15.654999732971191,81700,0.0,0.0,0.0
2023-03-07 00:00:00-05:00,15.649999618530273,15.829999923706055,15.649999618530273,15.82800006866455,37500,0.0,0.0,0.0
2023-03-08 00:00:00-05:00,15.920000076293945,15.984999656677246,15.854999542236328,15.880000114440918,73200,0.0,0.0,0.0
2023-03-09 00:00:00-05:00,15.739999771118164,15.779999732971191,15.6899995803833,15.699999809265137,161100,0.0,0.0,0.0
2023-03-10 00:00:00-05:00,15.75,16.010000228881836,15.720000267028809,15.989999771118164,67200,0.0,0.0,0.0
2023-03-13 00:00:00-04:00,16.280000686645508,16.33799934387207,15.942000389099121,16.06999969482422,341800,0.0,0.0,0.0
2023-03-14 00:00:00-04:00,16.219999313354492,16.270000457763672,16.040000915527344,16.040000915527344,42100,0.0,0.0,0.0
2023-03-15 00:00:00-04:00,16.229999542236328,16.319000244140625,16.06599998474121,16.209999084472656,113400,0.0,0.0,0.0
2023-03-16 00:00:00-04:00,16.280000686645508,16.489999771118164,16.110000610351562,16.110000610351562,78900,0.0,0.0,0.0
2023-03-17 00:00:00-04:00,16.209999084472656,16.249000549316406,16.06999969482422,16.06999969482422,22100,0.0,0.0,0.0
2023-03-20 00:00:00-04:00,16.1299991607666,16.239999771118164,16.100000381469727,16.1200008392334,199700,0.0,0.0,0.0
2023-03-21 00:00:00-04:00,16.100000381469727,16.100000381469727,16.020000457763672,16.040000915527344,173500,0.0,0.0,0.0
2023-03-22 00:00:00-04:00,16.0,16.104000091552734,15.850000381469727,15.930000305175781,212300,0.0,0.0,0.0
2023-03-23 00:00:00-04:00,15.869999885559082,16.34000015258789,15.770000457763672,15.960000038146973,1377900,0.0,0.0,0.0
2023-03-24 00:00:00-04:00,16.0,16.0,15.928999900817871,15.989999771118164,218300,0.0,0.0,0.0
2023-03-27 00:00:00-04:00,15.970000267028809,16.0,15.845000267028809,15.869999885559082,440600,0.0,0.0,0.0
2023-03-28 00:00:00-04:00,15.899999618530273,15.90999984741211,15.8100004196167,15.869999885559082,628200,0.0,0.0,0.0
2023-03-29 00:00:00-04:00,15.770000457763672,15.807000160217285,15.710000038146973,15.795000076293945,302200,0.0,0.0,0.0
2023-03-30 00:00:00-04:00,15.800000190734863,15.829999923706055,15.75,15.779999732971191,205700,0.0,0.0,0.0
2023-03-31 00:00:00-04:00,15.829999923706055,15.852999687194824,15.760000228881836,15.829999923706055,275700,0.0,0.0,0.0
2023-04-03 00:00:00-04:00,15.869999885559082,15.885000228881836,15.791000366210938,15.819999694824219,381500,0.0,0.0,0.0
2023-04-04 00:00:00-04:00,15.720000267028809,15.859999656677246,15.720000267028809,15.800000190734863,99600,0.0,0.0,0.0
2023-04-05 00:00:00-04:00,15.8100004196167,15.930000305175781,15.789999961853027,15.899999618530273,177200,0.0,0.0,0.0
2023-04-06 00:00:00-04:00,15.970000267028809,16.049999237060547,15.970000267028809,16.020000457763672,252300,0.0,0.0,0.0
2023-04-10 00:00:00-04:00,16.049999237060547,16.062000274658203,15.899999618530273,15.960000038146973,147100,0.0,0.0,0.0
2023-04-11 00:00:00-04:00,15.930000305175781,16.014999389648438,15.890000343322754,16.010000228881836,157800,0.0,0.0,0.0
2023-04-12 00:00:00-04:00,15.920000076293945,15.930000305175781,15.84000015258789,15.899999618530273,305100,0.0,0.0,0.0
2023-04-13 00:00:00-04:00,15.850000381469727,15.850000381469727,15.75,15.760000228881836,864900,0.0,0.0,0.0
2023-04-14 00:00:00-04:00,15.75,15.770000457763672,15.680000305175781,15.720000267028809,627900,0.0,0.0,0.0
2023-04-17 00:00:00-04:00,15.710000038146973,15.720000267028809,15.649999618530273,15.65999984741211,157400,0.0,0.0,0.0
2023-04-18 00:00:00-04:00,15.600000381469727,15.654999732971191,15.579999923706055,15.640000343322754,199300,0.0,0.0,0.0
2023-04-19 00:00:00-04:00,15.649999618530273,15.710000038146973,15.630000114440918,15.710000038146973,220600,0.0,0.0,0.0
2023-04-20 00:00:00-04:00,15.699999809265137,15.720000267028809,15.640000343322754,15.678999900817871,181500,0.0,0.0,0.0
2023-04-21 00:00:00-04:00,15.699999809265137,15.710000038146973,15.619999885559082,15.649999618530273,122800,0.0,0.0,0.0
2023-04-24 00:00:00-04:00,15.6899995803833,15.729999542236328,15.680000305175781,15.729999542236328,311000,0.0,0.0,0.0
2023-04-25 00:00:00-04:00,15.760000228881836,15.84000015258789,15.734999656677246,15.755000114440918,698900,0.0,0.0,0.0
2023-04-26 00:00:00-04:00,15.789999961853027,15.819999694824219,15.6899995803833,15.694999694824219,120300,0.0,0.0,0.0
2023-04-27 00:00:00-04:00,15.670000076293945,15.680000305175781,15.600000381469727,15.664999961853027,122000,0.0,0.0,0.0
2023-04-28 00:00:00-04:00,15.75,15.789999961853027,15.739999771118164,15.770000457763672,174900,0.0,0.0,0.0
2023-05-01 00:00:00-04:00,15.779999732971191,15.779999732971191,15.479999542236328,15.550000190734863,639100,0.0,0.0,0.0
2023-05-02 00:00:00-04:00,15.609999656677246,15.65999984741211,15.5600004196167,15.59000015258789,472000,0.0,0.0,0.0
2023-05-03 00:00:00-04:00,15.619999885559082,15.680000305175781,15.539999961853027,15.574999809265137,267500,0.0,0.0,0.0
2023-05-04 00:00:00-04:00,15.5,15.58899974822998,15.460000038146973,15.470000267028809,464600,0.0,0.0,0.0
2023-05-05 00:00:00-04:00,15.449999809265137,15.5600004196167,15.430000305175781,15.550000190734863,163000,0.0,0.0,0.0
2023-05-08 00:00:00-04:00,15.449999809265137,15.449999809265137,15.364999771118164,15.40999984741211,233300,0.0,0.0,0.0
2023-05-09 00:00:00-04:00,15.406000137329102,15.430000305175781,15.3100004196167,15.350000381469727,247500,0.0,0.0,0.0
2023-05-10 00:00:00-04:00,15.34000015258789,15.399999618530273,15.289999961853027,15.34000015258789,230700,0.0,0.0,0.0
2023-05-11 00:00:00-04:00,15.40999984741211,15.46500015258789,15.359999656677246,15.444999694824219,148500,0.0,0.0,0.0
2023-05-12 00:00:00-04:00,15.479999542236328,15.539999961853027,15.4399995803833,15.470000267028809,412100,0.0,0.0,0.0
2023-05-15 00:00:00-04:00,15.300000190734863,15.321000099182129,15.239999771118164,15.25,1234000,0.0,0.0,0.0
2023-05-16 00:00:00-04:00,15.15999984741211,15.260000228881836,15.100000381469727,15.239999771118164,499300,0.0,0.0,0.0
2023-05-17 00:00:00-04:00,15.3100004196167,15.3100004196167,15.260000228881836,15.289999961853027,155500,0.0,0.0,0.0
2023-05-18 00:00:00-04:00,15.300000190734863,15.364999771118164,15.244999885559082,15.3100004196167,81800,0.0,0.0,0.0
2023-05-19 00:00:00-04:00,15.3100004196167,15.345000267028809,15.229999542236328,15.289999961853027,87500,0.0,0.0,0.0
2023-05-22 00:00:00-04:00,15.3100004196167,15.324999809265137,15.1899995803833,15.199999809265137,178800,0.0,0.0,0.0
2023-05-23 00:00:00-04:00,15.239999771118164,15.314000129699707,15.239999771118164,15.289999961853027,51000,0.0,0.0,0.0
2023-05-24 00:00:00-04:00,15.319999694824219,15.329999923706055,15.255000114440918,15.260000228881836,48700,0.0,0.0,0.0
2023-05-25 00:00:00-04:00,15.399999618530273,15.4399995803833,15.329999923706055,15.4399995803833,38500,0.0,0.0,0.0
2023-05-26 00:00:00-04:00,15.40999984741211,15.489999771118164,15.40999984741211,15.489999771118164,57400,0.0,0.0,0.0
2023-05-30 00:00:00-04:00,15.569999694824219,15.600000381469727,15.494999885559082,15.529999732971191,85600,0.0,0.0,0.0
2023-05-31 00:00:00-04:00,15.489999771118164,15.630000114440918,15.489999771118164,15.625,45900,0.0,0.0,0.0
2023-06-01 00:00:00-04:00,15.649999618530273,15.670000076293945,15.539999961853027,15.579999923706055,16300,0.0,0.0,0.0
2023-06-02 00:00:00-04:00,15.550000190734863,15.569999694824219,15.532999992370605,15.550000190734863,31100,0.0,0.0,0.0
2023-06-05 00:00:00-04:00,15.548999786376953,15.59000015258789,15.510000228881836,15.520000457763672,26900,0.0,0.0,0.0
2023-06-06 00:00:00-04:00,15.529999732971191,15.649999618530273,15.520000457763672,15.640000343322754,40800,0.0,0.0,0.0
2023-06-07 00:00:00-04:00,15.670000076293945,15.680000305175781,15.489999771118164,15.505000114440918,31800,0.0,0.0,0.0
2023-06-08 00:00:00-04:00,15.399999618530273,15.59000015258789,15.371000289916992,15.59000015258789,77600,0.0,0.0,0.0
2023-06-09 00:00:00-04:00,15.5600004196167,15.6899995803833,15.5600004196167,15.664999961853027,16700,0.0,0.0,0.0
2023-06-12 00:00:00-04:00,15.6899995803833,15.694999694824219,15.539999961853027,15.670000076293945,20400,0.0,0.0,0.0
2023-06-13 00:00:00-04:00,15.470000267028809,15.6899995803833,15.470000267028809,15.6899995803833,185500,0.0,0.0,0.0
2023-06-14 00:00:00-04:00,15.600000381469727,15.880000114440918,15.579999923706055,15.84000015258789,231400,0.0,0.0,0.0
2023-06-15 00:00:00-04:00,15.850000381469727,15.890000343322754,15.75,15.779999732971191,145800,0.0,0.0,0.0
2023-06-16 00:00:00-04:00,15.850000381469727,15.9399995803833,15.850000381469727,15.899999618530273,93100,0.0,0.0,0.0
2023-06-20 00:00:00-04:00,15.970000267028809,16.030000686645508,15.930000305175781,15.989999771118164,224500,0.0,0.0,0.0
2023-06-21 00:00:00-04:00,15.958000183105469,16.049999237060547,15.859999656677246,16.030000686645508,104200,0.0,0.0,0.0
2023-06-22 00:00:00-04:00,16.010000228881836,16.010000228881836,15.949999809265137,15.970000267028809,73500,0.0,0.0,0.0
2023-06-23 00:00:00-04:00,16.040000915527344,16.066999435424805,16.0,16.030000686645508,129000,0.0,0.0,0.0
2023-06-26 00:00:00-04:00,16.049999237060547,16.069000244140625,16.0,16.0,57600,0.0,0.0,0.0
2023-06-27 00:00:00-04:00,16.059999465942383,16.100000381469727,16.030000686645508,16.079999923706055,87200,0.0,0.0,0.0
2023-06-28 00:00:00-04:00,16.020000457763672,16.079999923706055,15.920000076293945,16.045000076293945,240000,0.0,0.0,0.0
2023-06-29 00:00:00-04:00,16.0,16.06999969482422,15.960000038146973,16.059999465942383,342100,0.0,0.0,0.0
2023-06-30 00:00:00-04:00,16.1299991607666,16.31999969482422,16.110000610351562,16.270000457763672,150300,0.0,0.0,0.0
2023-07-03 00:00:00-04:00,16.329999923706055,16.3799991607666,16.31999969482422,16.323999404907227,39300,0.0,0.0,0.0
2023-07-05 00:00:00-04:00,16.299999237060547,16.309999465942383,16.239999771118164,16.25,60400,0.0,0.0,0.0
2023-07-06 00:00:00-04:00,16.280000686645508,16.360000610351562,16.15999984741211,16.15999984741211,289700,0.0,0.0,0.0
2023-07-07 00:00:00-04:00,16.09000015258789,16.094999313354492,16.0,16.09000015258789,57900,0.0,0.0,0.0
2023-07-10 00:00:00-04:00,16.0,16.0,15.890000343322754,15.890000343322754,543000,0.0,0.0,0.0
2023-07-11 00:00:00-04:00,15.920000076293945,15.979000091552734,15.850000381469727,15.9399995803833,411200,0.0,0.0,0.0
2023-07-12 00:00:00-04:00,15.789999961853027,15.892000198364258,15.722999572753906,15.859999656677246,958500,0.0,0.0,0.0
2023-07-13 00:00:00-04:00,15.729999542236328,15.779999732971191,15.720000267028809,15.760000228881836,349300,0.0,0.0,0.0
2023-07-14 00:00:00-04:00,15.859999656677246,15.90999984741211,15.779999732971191,15.869999885559082,280000,0.0,0.0,0.0
2023-07-17 00:00:00-04:00,15.789999961853027,15.819999694824219,15.755000114440918,15.8100004196167,163400,0.0,0.0,0.0
2023-07-18 00:00:00-04:00,15.829999923706055,15.899999618530273,15.779999732971191,15.869999885559082,989500,0.0,0.0,0.0
2023-07-19 00:00:00-04:00,15.880000114440918,16.040000915527344,15.829999923706055,16.040000915527344,226900,0.0,0.0,0.0
2023-07-20 00:00:00-04:00,16.079999923706055,16.139999389648438,15.979999542236328,15.994999885559082,171100,0.0,0.0,0.0
2023-07-21 00:00:00-04:00,16.079999923706055,16.100000381469727,15.989999771118164,16.020000457763672,150300,0.0,0.0,0.0
2023-07-24 00:00:00-04:00,16.030000686645508,16.079999923706055,15.996000289916992,16.059999465942383,66100,0.0,0.0,0.0
2023-07-25 00:00:00-04:00,16.100000381469727,16.1200008392334,16.040000915527344,16.040000915527344,90000,0.0,0.0,0.0
2023-07-26 00:00:00-04:00,16.100000381469727,16.1200008392334,15.930000305175781,15.9399995803833,143300,0.0,0.0,0.0
2023-07-27 00:00:00-04:00,15.880000114440918,15.899999618530273,15.739999771118164,15.779999732971191,147700,0.0,0.0,0.0
2023-07-28 00:00:00-04:00,15.729999542236328,15.8100004196167,15.720000267028809,15.789999961853027,127500,0.0,0.0,0.0
2023-07-31 00:00:00-04:00,15.779999732971191,15.829999923706055,15.739999771118164,15.789999961853027,76100,0.0,0.0,0.0
2023-08-01 00:00:00-04:00,15.760000228881836,15.760000228881836,15.550000190734863,15.600000381469727,220500,0.0,0.0,0.0
2023-08-02 00:00:00-04:00,15.390000343322754,15.390000343322754,15.260000228881836,15.329999923706055,402600,0.0,0.0,0.0
2023-08-03 00:00:00-04:00,15.069999694824219,15.086999893188477,14.920000076293945,14.979999542236328,332300,0.0,0.0,0.0
2023-08-04 00:00:00-04:00,14.949999809265137,15.149999618530273,14.949999809265137,15.079999923706055,826800,0.0,0.0,0.0
2023-08-07 00:00:00-04:00,15.079999923706055,15.079999923706055,14.949999809265137,14.949999809265137,481700,0.0,0.0,0.0
2023-08-08 00:00:00-04:00,15.130000114440918,15.210000038146973,15.0600004196167,15.09000015258789,575600,0.0,0.0,0.0
2023-08-09 00:00:00-04:00,15.15999984741211,15.270000457763672,15.145000457763672,15.239999771118164,89100,0.0,0.0,0.0
2023-08-10 00:00:00-04:00,15.25,15.25,15.085000038146973,15.09000015258789,70000,0.0,0.0,0.0
2023-08-11 00:00:00-04:00,15.180000305175781,15.260000228881836,15.175000190734863,15.25,61600,0.0,0.0,0.0
2023-08-14 00:00:00-04:00,15.260000228881836,15.380000114440918,15.260000228881836,15.289999961853027,125500,0.0,0.0,0.0
2023-08-15 00:00:00-04:00,15.279999732971191,15.279999732971191,15.149999618530273,15.239999771118164,159500,0.0,0.0,0.0
2023-08-16 00:00:00-04:00,15.109999656677246,15.21500015258789,15.109999656677246,15.170000076293945,137400,0.0,0.0,0.0
2023-08-17 00:00:00-04:00,15.050000190734863,15.140000343322754,15.0,15.130000114440918,110800,0.0,0.0,0.0
2023-08-18 00:00:00-04:00,15.010000228881836,15.175000190734863,15.010000228881836,15.119999885559082,144100,0.0,0.0,0.0
2023-08-21 00:00:00-04:00,14.979999542236328,15.020000457763672,14.930000305175781,15.020000457763672,48200,0.0,0.0,0.0
2023-08-22 00:00:00-04:00,15.100000381469727,15.270999908447266,15.079999923706055,15.260000228881836,75100,0.0,0.0,0.0
2023-08-23 00:00:00-04:00,15.277999877929688,15.449999809265137,15.220000267028809,15.4399995803833,64400,0.0,0.0,0.0
2023-08-24 00:00:00-04:00,15.449999809265137,15.449999809265137,15.3100004196167,15.34000015258789,98000,0.0,0.0,0.0
2023-08-25 00:00:00-04:00,15.319999694824219,15.489999771118164,15.319999694824219,15.420000076293945,83700,0.0,0.0,0.0
2023-08-28 00:00:00-04:00,15.449999809265137,15.449999809265137,15.270000457763672,15.319999694824219,97100,0.0,0.0,0.0
2023-08-29 00:00:00-04:00,15.229999542236328,15.369999885559082,15.229999542236328,15.289999961853027,77800,0.0,0.0,0.0
2023-08-30 00:00:00-04:00,15.1899995803833,15.25,15.1899995803833,15.25,12800,0.0,0.0,0.0
2023-08-31 00:00:00-04:00,15.25,15.399999618530273,15.25,15.34000015258789,17700,0.0,0.0,0.0
2023-09-01 00:00:00-04:00,15.09000015258789,15.109999656677246,15.029999732971191,15.069999694824219,15700,0.0,0.0,0.0
2023-09-05 00:00:00-04:00,15.0600004196167,15.0600004196167,14.949999809265137,14.949999809265137,13100,0.0,0.0,0.0
2023-09-06 00:00:00-04:00,15.0600004196167,15.1899995803833,15.024999618530273,15.149999618530273,29100,0.0,0.0,0.0
2023-09-07 00:00:00-04:00,15.170000076293945,15.170000076293945,15.067999839782715,15.109999656677246,98200,0.0,0.0,0.0
2023-09-08 00:00:00-04:00,15.130000114440918,15.199999809265137,15.130000114440918,15.199999809265137,17100,0.0,0.0,0.0
2023-09-11 00:00:00-04:00,15.109999656677246,15.140000343322754,15.09000015258789,15.100000381469727,7100,0.0,0.0,0.0
2023-09-12 00:00:00-04:00,15.149999618530273,15.199999809265137,15.109999656677246,15.199999809265137,8600,0.0,0.0,0.0
2023-09-13 00:00:00-04:00,15.170000076293945,15.199999809265137,15.130000114440918,15.140000343322754,28000,0.0,0.0,0.0
2023-09-14 00:00:00-04:00,15.050000190734863,15.079999923706055,14.975000381469727,15.039999961853027,30900,0.0,0.0,0.0
2023-09-15 00:00:00-04:00,15.041000366210938,15.0600004196167,15.010000228881836,15.010000228881836,17400,0.0,0.0,0.0
2023-09-18 00:00:00-04:00,15.0,15.100000381469727,15.0,15.100000381469727,6600,0.0,0.0,0.0
2023-09-19 00:00:00-04:00,15.0600004196167,15.149999618530273,15.03499984741211,15.100000381469727,63600,0.0,0.0,0.0
2023-09-20 00:00:00-04:00,15.079999923706055,15.229999542236328,15.079999923706055,15.220000267028809,80500,0.0,0.0,0.0
2023-09-21 00:00:00-04:00,14.960000038146973,14.960000038146973,14.760000228881836,14.770000457763672,34800,0.0,0.0,0.0
2023-09-22 00:00:00-04:00,14.739999771118164,14.86299991607666,14.729999542236328,14.829999923706055,34400,0.0,0.0,0.0
2023-09-25 00:00:00-04:00,14.529999732971191,14.579999923706055,14.475000381469727,14.479999542236328,75900,0.0,0.0,0.0
2023-09-26 00:00:00-04:00,14.420000076293945,14.479999542236328,14.342000007629395,14.355999946594238,72300,0.0,0.0,0.0
2023-09-27 00:00:00-04:00,14.470000267028809,14.470000267028809,14.3100004196167,14.380000114440918,120300,0.0,0.0,0.0
2023-09-28 00:00:00-04:00,14.1899995803833,14.319999694824219,14.109999656677246,14.265000343322754,63000,0.0,0.0,0.0
2023-09-29 00:00:00-04:00,14.260000228881836,14.359999656677246,14.1899995803833,14.229999542236328,35200,0.0,0.0,0.0
2023-10-02 00:00:00-04:00,14.319999694824219,14.345000267028809,14.15999984741211,14.220000267028809,82100,0.0,0.0,0.0
2023-10-03 00:00:00-04:00,14.039999961853027,14.052000045776367,13.869999885559082,13.90999984741211,122600,0.0,0.0,0.0
2023-10-04 00:00:00-04:00,14.020000457763672,14.029999732971191,13.930000305175781,14.010000228881836,20800,0.0,0.0,0.0
2023-10-05 00:00:00-04:00,13.930000305175781,13.96500015258789,13.880000114440918,13.885000228881836,80800,0.0,0.0,0.0
2023-10-06 00:00:00-04:00,13.739999771118164,13.918000221252441,13.710000038146973,13.720000267028809,33400,0.0,0.0,0.0
2023-10-09 00:00:00-04:00,13.699999809265137,13.895000457763672,13.670999526977539,13.890000343322754,31300,0.0,0.0,0.0
2023-10-10 00:00:00-04:00,13.8100004196167,13.949999809265137,13.779999732971191,13.930000305175781,14100,0.0,0.0,0.0
2023-10-11 00:00:00-04:00,14.149999618530273,14.265999794006348,14.140000343322754,14.25,117600,0.0,0.0,0.0
2023-10-12 00:00:00-04:00,14.279999732971191,14.279999732971191,13.869999885559082,13.954000473022461,24500,0.0,0.0,0.0
2023-10-13 00:00:00-04:00,14.15999984741211,14.1899995803833,14.130000114440918,14.180000305175781,41100,0.0,0.0,0.0
2023-10-16 00:00:00-04:00,14.020000457763672,14.0600004196167,13.970000267028809,14.0600004196167,38500,0.0,0.0,0.0
2023-10-17 00:00:00-04:00,13.920000076293945,14.079999923706055,13.920000076293945,14.050000190734863,21000,0.0,0.0,0.0
2023-10-18 00:00:00-04:00,13.920000076293945,14.0,13.890000343322754,13.979999542236328,18800,0.0,0.0,0.0
2023-10-19 00:00:00-04:00,13.90999984741211,14.048999786376953,13.661999702453613,13.661999702453613,16300,0.0,0.0,0.0
2023-10-20 00:00:00-04:00,13.619999885559082,13.65999984741211,13.569999694824219,13.569999694824219,22200,0.0,0.0,0.0
2023-10-23 00:00:00-04:00,13.569999694824219,13.890000343322754,13.510000228881836,13.65999984741211,125000,0.0,0.0,0.0
2023-10-24 00:00:00-04:00,13.770000457763672,13.920000076293945,13.765000343322754,13.920000076293945,138200,0.0,0.0,0.0
2023-10-25 00:00:00-04:00,13.6899995803833,13.710000038146973,13.609999656677246,13.670000076293945,11300,0.0,0.0,0.0
2023-10-26 00:00:00-04:00,13.59000015258789,13.720000267028809,13.53499984741211,13.6899995803833,19600,0.0,0.0,0.0
2023-10-27 00:00:00-04:00,13.600000381469727,13.609999656677246,13.529000282287598,13.564000129699707,16300,0.0,0.0,0.0
2023-10-30 00:00:00-04:00,13.569999694824219,13.58899974822998,13.479999542236328,13.58899974822998,4800,0.0,0.0,0.0
2023-10-31 00:00:00-04:00,13.670000076293945,13.725000381469727,13.470000267028809,13.470000267028809,213200,0.0,0.0,0.0
2023-11-01 00:00:00-04:00,13.680000305175781,13.699999809265137,13.555000305175781,13.600000381469727,72500,0.0,0.0,0.0
2023-11-02 00:00:00-04:00,13.84000015258789,14.0,13.8100004196167,14.0,23600,0.0,0.0,0.0
2023-11-03 00:00:00-04:00,14.069999694824219,14.09000015258789,13.850000381469727,13.850000381469727,32100,0.0,0.0,0.0
2023-11-06 00:00:00-05:00,13.960000038146973,14.005000114440918,13.930000305175781,13.975000381469727,10600,0.0,0.0,0.0
2023-11-07 00:00:00-05:00,14.069999694824219,14.119999885559082,14.050000190734863,14.100000381469727,138600,0.0,0.0,0.0
2023-11-08 00:00:00-05:00,14.229999542236328,14.399999618530273,14.220000267028809,14.399999618530273,29900,0.0,0.0,0.0
2023-11-09 00:00:00-05:00,14.239999771118164,14.239999771118164,13.949999809265137,14.130000114440918,6600,0.0,0.0,0.0
2023-11-10 00:00:00-05:00,14.140000343322754,14.279999732971191,14.140000343322754,14.229999542236328,7400,0.0,0.0,0.0
2023-11-13 00:00:00-05:00,14.15999984741211,14.210000038146973,14.095000267028809,14.1899995803833,11500,0.0,0.0,0.0
2023-11-14 00:00:00-05:00,14.3100004196167,14.3100004196167,14.093999862670898,14.180000305175781,12800,0.0,0.0,0.0
2023-11-15 00:00:00-05:00,14.180000305175781,14.206000328063965,14.109999656677246,14.109999656677246,18800,0.0,0.0,0.0
2023-11-16 00:00:00-05:00,14.069999694824219,14.194999694824219,14.069999694824219,14.130000114440918,210200,0.0,0.0,0.0
2023-11-17 00:00:00-05:00,14.274999618530273,14.350000381469727,14.229999542236328,14.295000076293945,83200,0.0,0.0,0.0
2023-11-20 00:00:00-05:00,14.25,14.420000076293945,14.210000038146973,14.390000343322754,89700,0.0,0.0,0.0
2023-11-21 00:00:00-05:00,14.260000228881836,14.340999603271484,14.204999923706055,14.300000190734863,112200,0.0,0.0,0.0
2023-11-22 00:00:00-05:00,14.390000343322754,14.430000305175781,14.329999923706055,14.380000114440918,35900,0.0,0.0,0.0
2023-11-24 00:00:00-05:00,14.300000190734863,14.300000190734863,14.25,14.260000228881836,124800,0.0,0.0,0.0
2023-11-27 00:00:00-05:00,14.34000015258789,14.4399995803833,14.279999732971191,14.4399995803833,396900,0.0,0.0,0.0
2023-11-28 00:00:00-05:00,14.359999656677246,14.359999656677246,14.210000038146973,14.25,441600,0.0,0.0,0.0
2023-11-29 00:00:00-05:00,14.260000228881836,14.34000015258789,14.232000350952148,14.338000297546387,110500,0.0,0.0,0.0
2023-11-30 00:00:00-05:00,14.289999961853027,14.329999923706055,14.210000038146973,14.210000038146973,95700,0.0,0.0,0.0
2023-12-01 00:00:00-05:00,14.289999961853027,14.404999732971191,14.25100040435791,14.380000114440918,106400,0.0,0.0,0.0
2023-12-04 00:00:00-05:00,14.380000114440918,14.40999984741211,14.329999923706055,14.399999618530273,36800,0.0,0.0,0.0
2023-12-05 00:00:00-05:00,14.5,14.649999618530273,14.5,14.649999618530273,150700,0.0,0.0,0.0
2023-12-06 00:00:00-05:00,14.75,14.949999809265137,14.699999809265137,14.890000343322754,104000,0.0,0.0,0.0
2023-12-07 00:00:00-05:00,14.800000190734863,14.904999732971191,14.760000228881836,14.819999694824219,45900,0.0,0.0,0.0
2023-12-08 00:00:00-05:00,14.789999961853027,14.829999923706055,14.75,14.824999809265137,64500,0.0,0.0,0.0
2023-12-11 00:00:00-05:00,14.8100004196167,14.8100004196167,14.70300006866455,14.770000457763672,46900,0.0,0.0,0.0
2023-12-12 00:00:00-05:00,14.74899959564209,14.850000381469727,14.729999542236328,14.829999923706055,180200,0.0,0.0,0.0
2023-12-13 00:00:00-05:00,14.890000343322754,14.920000076293945,14.78499984741211,14.84000015258789,31000,0.0,0.0,0.0
2023-12-14 00:00:00-05:00,14.989999771118164,15.199999809265137,14.960000038146973,15.190999984741211,73800,0.0,0.0,0.0
2023-12-15 00:00:00-05:00,15.239999771118164,15.289999961853027,15.190999984741211,15.289999961853027,73400,0.0,0.0,0.0
2023-12-18 00:00:00-05:00,15.149999618530273,15.194999694824219,15.09000015258789,15.175000190734863,76100,0.0,0.0,0.0
2023-12-19 00:00:00-05:00,15.270000457763672,15.291000366210938,15.239999771118164,15.25,26400,0.0,0.0,0.0
2023-12-20 00:00:00-05:00,15.260000228881836,15.3100004196167,15.204999923706055,15.286999702453613,50400,0.0,0.0,0.0
2023-12-21 00:00:00-05:00,15.25,15.25,15.109999656677246,15.140000343322754,31800,0.0,0.0,0.0
2023-12-22 00:00:00-05:00,15.25,15.25,15.09000015258789,15.149999618530273,69600,0.0,0.0,0.0
2023-12-26 00:00:00-05:00,15.140000343322754,15.149999618530273,15.104999542236328,15.130000114440918,92300,0.0,0.0,0.0
2023-12-27 00:00:00-05:00,15.119999885559082,15.199999809265137,15.079999923706055,15.170000076293945,89000,0.0,0.0,0.0
2023-12-28 00:00:00-05:00,15.119999885559082,15.220000267028809,15.119999885559082,15.145000457763672,195200,0.0,0.0,0.0
2023-12-29 00:00:00-05:00,15.020000457763672,15.119999885559082,14.960000038146973,15.010000228881836,286600,0.0,0.0,0.0
2024-01-02 00:00:00-05:00,14.970000267028809,15.010000228881836,14.920000076293945,15.010000228881836,246700,0.0,0.0,0.0
2024-01-03 00:00:00-05:00,14.90999984741211,15.055000305175781,14.875,15.02299976348877,93200,0.0,0.0,0.0
2024-01-04 00:00:00-05:00,14.890000343322754,14.930000305175781,14.880000114440918,14.899999618530273,245900,0.0,0.0,0.0
2024-01-05 00:00:00-05:00,14.800000190734863,14.880000114440918,14.739999771118164,14.75,343900,0.0,0.0,0.0
2024-01-08 00:00:00-05:00,14.710000038146973,14.84000015258789,14.710000038146973,14.800000190734863,88400,0.0,0.0,0.0
2024-01-09 00:00:00-05:00,14.75,14.800000190734863,14.729999542236328,14.73799991607666,173300,0.0,0.0,0.0
2024-01-10 00:00:00-05:00,14.720000267028809,14.739999771118164,14.611000061035156,14.619999885559082,443100,0.0,0.0,0.0
2024-01-11 00:00:00-05:00,14.600000381469727,14.619999885559082,14.505000114440918,14.569999694824219,125400,0.0,0.0,0.0
2024-01-12 00:00:00-05:00,14.520000457763672,14.581999778747559,14.510000228881836,14.515000343322754,110700,0.0,0.0,0.0
2024-01-16 00:00:00-05:00,14.4399995803833,14.4399995803833,14.279999732971191,14.369999885559082,346200,0.0,0.0,0.0
2024-01-17 00:00:00-05:00,14.430000305175781,14.510000228881836,14.390000343322754,14.430000305175781,99500,0.0,0.0,0.0
2024-01-18 00:00:00-05:00,14.359999656677246,14.369999885559082,14.279999732971191,14.289999961853027,73400,0.0,0.0,0.0
2024-01-19 00:00:00-05:00,14.289999961853027,14.399999618530273,14.281999588012695,14.385000228881836,41100,0.0,0.0,0.0
2024-01-22 00:00:00-05:00,14.449999809265137,14.484999656677246,14.359999656677246,14.380000114440918,1395300,0.0,0.0,0.0
2024-01-23 00:00:00-05:00,14.319999694824219,14.319999694824219,14.201000213623047,14.279999732971191,159800,0.0,0.0,0.0
2024-01-24 00:00:00-05:00,14.329999923706055,14.329999923706055,14.180000305175781,14.210000038146973,96800,0.0,0.0,0.0
2024-01-25 00:00:00-05:00,14.279999732971191,14.3100004196167,14.149999618530273,14.210000038146973,67000,0.0,0.0,0.0
2024-01-26 00:00:00-05:00,14.270000457763672,14.300000190734863,14.220000267028809,14.289999961853027,66600,0.0,0.0,0.0
2024-01-29 00:00:00-05:00,14.270000457763672,14.369999885559082,14.25,14.289999961853027,162900,0.0,0.0,0.0
2024-01-30 00:00:00-05:00,14.399999618530273,14.510000228881836,14.369999885559082,14.510000228881836,189100,0.0,0.0,0.0
2024-01-31 00:00:00-05:00,14.5,14.539999961853027,14.369999885559082,14.420000076293945,63100,0.0,0.0,0.0
2024-02-01 00:00:00-05:00,14.640000343322754,14.84000015258789,14.640000343322754,14.84000015258789,80700,0.0,0.0,0.0
2024-02-02 00:00:00-05:00,14.75,14.798999786376953,14.699999809265137,14.789999961853027,39200,0.0,0.0,0.0
2024-02-05 00:00:00-05:00,14.59000015258789,14.619999885559082,14.5600004196167,14.619999885559082,89600,0.0,0.0,0.0
2024-02-06 00:00:00-05:00,14.529999732971191,14.625,14.529999732971191,14.59000015258789,9900,0.0,0.0,0.0
2024-02-07 00:00:00-05:00,14.539999961853027,14.585000038146973,14.539999961853027,14.574999809265137,23700,0.0,0.0,0.0
2024-02-08 00:00:00-05:00,14.510000228881836,14.529999732971191,14.430000305175781,14.489999771118164,40200,0.0,0.0,0.0
2024-02-09 00:00:00-05:00,14.579999923706055,14.595000267028809,14.550000190734863,14.569999694824219,23100,0.0,0.0,0.0
2024-02-12 00:00:00-05:00,14.529999732971191,14.531000137329102,14.461000442504883,14.531000137329102,8300,0.0,0.0,0.0
2024-02-13 00:00:00-05:00,14.550000190734863,14.70199966430664,14.550000190734863,14.65999984741211,231100,0.0,0.0,0.0
2024-02-14 00:00:00-05:00,14.579999923706055,14.579999923706055,14.529999732971191,14.569999694824219,29500,0.0,0.0,0.0
2024-02-15 00:00:00-05:00,14.630000114440918,14.680000305175781,14.59000015258789,14.649999618530273,254200,0.0,0.0,0.0
2024-02-16 00:00:00-05:00,14.699999809265137,14.710000038146973,14.670000076293945,14.6899995803833,70600,0.0,0.0,0.0
2024-02-20 00:00:00-05:00,14.550000190734863,14.614999771118164,14.550000190734863,14.579999923706055,28900,0.0,0.0,0.0
2024-02-21 00:00:00-05:00,14.59000015258789,14.600000381469727,14.531999588012695,14.59000015258789,31000,0.0,0.0,0.0
2024-02-22 00:00:00-05:00,14.630000114440918,14.729999542236328,14.630000114440918,14.720000267028809,88300,0.0,0.0,0.0
2024-02-23 00:00:00-05:00,14.760000228881836,15.0,14.760000228881836,15.0,27200,0.0,0.0,0.0
2024-02-26 00:00:00-05:00,15.029999732971191,15.029999732971191,14.907999992370605,14.960000038146973,14200,0.0,0.0,0.0
2024-02-27 00:00:00-05:00,14.859999656677246,14.869999885559082,14.845000267028809,14.850000381469727,14300,0.0,0.0,0.0
2024-02-28 00:00:00-05:00,14.770000457763672,14.829999923706055,14.770000457763672,14.82800006866455,42600,0.0,0.0,0.0
2024-02-29 00:00:00-05:00,14.869999885559082,14.930000305175781,14.859999656677246,14.916000366210938,4000,0.0,0.0,0.0
2024-03-01 00:00:00-05:00,14.819999694824219,14.90999984741211,14.819999694824219,14.904999732971191,15600,0.0,0.0,0.0
2024-03-04 00:00:00-05:00,14.864999771118164,14.949999809265137,14.8100004196167,14.925000190734863,268600,0.0,0.0,0.0
2024-03-05 00:00:00-05:00,15.079999923706055,15.100000381469727,15.055000305175781,15.09000015258789,22800,0.0,0.0,0.0
2024-03-06 00:00:00-05:00,15.029999732971191,15.1899995803833,15.029999732971191,15.180000305175781,13500,0.0,0.0,0.0
2024-03-07 00:00:00-05:00,15.119999885559082,15.119999885559082,14.96500015258789,15.069999694824219,35600,0.0,0.0,0.0
2024-03-08 00:00:00-05:00,14.890000343322754,15.001999855041504,14.829999923706055,14.923999786376953,7600,0.0,0.0,0.0
2024-03-11 00:00:00-04:00,15.050000190734863,15.0600004196167,14.989999771118164,15.029999732971191,7200,0.0,0.0,0.0
2024-03-12 00:00:00-04:00,14.960000038146973,15.0,14.920000076293945,14.979999542236328,5600,0.0,0.0,0.0
2024-03-13 00:00:00-04:00,14.930000305175781,14.960000038146973,14.899999618530273,14.9350004196167,3300,0.0,0.0,0.0
2024-03-14 00:00:00-04:00,14.850000381469727,14.850000381469727,14.824999809265137,14.824999809265137,138900,0.0,0.0,0.0
2024-03-15 00:00:00-04:00,14.949999809265137,14.96500015258789,14.890000343322754,14.96500015258789,6100,0.0,0.0,0.0
2024-03-18 00:00:00-04:00,14.869999885559082,14.90999984741211,14.84000015258789,14.854999542236328,12500,0.0,0.0,0.0
2024-03-19 00:00:00-04:00,14.829999923706055,14.890000343322754,14.770000457763672,14.829999923706055,260700,0.0,0.0,0.0
2024-03-20 00:00:00-04:00,14.850000381469727,14.880000114440918,14.585000038146973,14.65999984741211,33900,0.0,0.0,0.0
2024-03-21 00:00:00-04:00,14.744999885559082,14.744999885559082,14.6850004196167,14.694999694824219,3700,0.0,0.0,0.0
2024-03-22 00:00:00-04:00,14.859999656677246,14.869999885559082,14.779999732971191,14.78499984741211,10100,0.0,0.0,0.0
2024-03-25 00:00:00-04:00,14.729999542236328,14.779999732971191,14.699999809265137,14.699999809265137,2400,0.0,0.0,0.0
2024-03-26 00:00:00-04:00,14.75,14.760000228881836,14.720000267028809,14.75,26200,0.0,0.0,0.0
2024-03-27 00:00:00-04:00,14.75,14.850000381469727,14.75,14.850000381469727,62200,0.0,0.0,0.0
2024-03-28 00:00:00-04:00,14.90999984741211,15.029999732971191,14.90999984741211,14.979999542236328,15900,0.0,0.0,0.0
2024-04-01 00:00:00-04:00,14.829999923706055,14.84000015258789,14.795000076293945,14.819999694824219,6300,0.0,0.0,0.0
2024-04-02 00:00:00-04:00,14.649999618530273,14.670000076293945,14.59000015258789,14.65999984741211,11200,0.0,0.0,0.0
2024-04-03 00:00:00-04:00,14.600000381469727,14.600000381469727,14.550000190734863,14.579999923706055,6100,0.0,0.0,0.0
2024-04-04 00:00:00-04:00,14.720000267028809,14.746999740600586,14.630000114440918,14.640000343322754,6200,0.0,0.0,0.0
2024-04-05 00:00:00-04:00,14.680999755859375,14.680999755859375,14.600000381469727,14.640000343322754,7700,0.0,0.0,0.0
2024-04-08 00:00:00-04:00,14.640000343322754,14.732000350952148,14.640000343322754,14.722999572753906,8600,0.0,0.0,0.0
2024-04-09 00:00:00-04:00,14.739999771118164,14.84000015258789,14.739999771118164,14.824999809265137,7000,0.0,0.0,0.0
2024-04-10 00:00:00-04:00,15.100000381469727,15.187999725341797,14.960000038146973,14.979999542236328,14300,0.0,0.0,0.0
2024-04-11 00:00:00-04:00,14.960000038146973,14.960000038146973,14.850000381469727,14.881999969482422,8100,0.0,0.0,0.0
2024-04-12 00:00:00-04:00,14.930000305175781,14.95300006866455,14.869999885559082,14.887999534606934,4500,0.0,0.0,0.0
2024-04-15 00:00:00-04:00,14.850000381469727,14.850000381469727,14.64799976348877,14.664999961853027,10500,0.0,0.0,0.0
2024-04-16 00:00:00-04:00,14.600000381469727,14.65999984741211,14.5600004196167,14.65999984741211,4300,0.0,0.0,0.0
2024-04-17 00:00:00-04:00,14.6899995803833,14.71500015258789,14.619999885559082,14.649999618530273,60200,0.0,0.0,0.0
2024-04-18 00:00:00-04:00,14.729999542236328,14.739999771118164,14.6899995803833,14.720000267028809,2000,0.0,0.0,0.0
2024-04-19 00:00:00-04:00,14.800000190734863,14.800000190734863,14.75,14.77400016784668,5900,0.0,0.0,0.0
2024-04-22 00:00:00-04:00,14.710000038146973,14.725000381469727,14.680000305175781,14.725000381469727,3600,0.0,0.0,0.0
2024-04-23 00:00:00-04:00,14.720000267028809,14.739999771118164,14.640000343322754,14.65999984741211,3400,0.0,0.0,0.0
2024-04-24 00:00:00-04:00,14.550000190734863,14.5600004196167,14.524999618530273,14.555000305175781,3400,0.0,0.0,0.0
2024-04-25 00:00:00-04:00,14.510000228881836,14.59000015258789,14.510000228881836,14.569999694824219,21300,0.0,0.0,0.0
2024-04-26 00:00:00-04:00,14.59000015258789,14.604999542236328,14.569999694824219,14.604999542236328,6000,0.0,0.0,0.0
2024-04-29 00:00:00-04:00,14.630000114440918,14.663999557495117,14.619999885559082,14.635000228881836,5600,0.0,0.0,0.0
2024-04-30 00:00:00-04:00,14.684000015258789,14.699999809265137,14.640000343322754,14.654999732971191,20900,0.0,0.0,0.0
2024-05-01 00:00:00-04:00,14.739999771118164,14.770000457763672,14.645000457763672,14.645000457763672,20500,0.0,0.0,0.0
2024-05-02 00:00:00-04:00,14.529999732971191,14.5600004196167,14.489999771118164,14.538999557495117,28600,0.0,0.0,0.0
2024-05-03 00:00:00-04:00,14.550000190734863,14.569999694824219,14.51200008392334,14.560999870300293,12600,0.0,0.0,0.0
2024-05-06 00:00:00-04:00,14.569999694824219,14.654999732971191,14.569999694824219,14.654999732971191,3600,0.0,0.0,0.0
2024-05-07 00:00:00-04:00,14.739999771118164,14.789999961853027,14.725000381469727,14.739999771118164,14200,0.0,0.0,0.0
2024-05-08 00:00:00-04:00,14.699999809265137,14.710000038146973,14.6899995803833,14.694000244140625,5200,0.0,0.0,0.0
2024-05-09 00:00:00-04:00,14.630000114440918,14.75,14.630000114440918,14.744999885559082,2700,0.0,0.0,0.0
2024-05-10 00:00:00-04:00,14.710000038146973,14.725000381469727,14.6899995803833,14.722999572753906,6300,0.0,0.0,0.0
2024-05-13 00:00:00-04:00,14.720000267028809,14.720000267028809,14.710000038146973,14.711000442504883,1000,0.0,0.0,0.0
2024-05-14 00:00:00-04:00,14.729999542236328,14.739999771118164,14.6850004196167,14.729999542236328,7300,0.0,0.0,0.0
2024-05-15 00:00:00-04:00,14.8100004196167,14.8100004196167,14.75,14.75,3500,0.0,0.0,0.0
2024-05-16 00:00:00-04:00,14.880000114440918,14.880000114440918,14.82800006866455,14.82800006866455,3300,0.0,0.0,0.0
2024-05-17 00:00:00-04:00,14.760000228881836,14.760000228881836,14.739999771118164,14.755000114440918,23400,0.0,0.0,0.0
2024-05-20 00:00:00-04:00,14.760000228881836,14.760000228881836,14.729999542236328,14.75,5200,0.0,0.0,0.0
2024-05-21 00:00:00-04:00,14.75,14.760000228881836,14.744000434875488,14.753999710083008,2700,0.0,0.0,0.0
2024-05-22 00:00:00-04:00,14.8100004196167,14.864999771118164,14.8100004196167,14.850000381469727,4300,0.0,0.0,0.0
2024-05-23 00:00:00-04:00,14.869999885559082,14.904999732971191,14.869999885559082,14.904999732971191,9500,0.0,0.0,0.0
2024-05-24 00:00:00-04:00,14.916000366210938,14.960000038146973,14.90999984741211,14.960000038146973,6500,0.0,0.0,0.0
2024-05-28 00:00:00-04:00,14.869999885559082,14.869999885559082,14.739999771118164,14.739999771118164,1400,0.0,0.0,0.0
2024-05-29 00:00:00-04:00,14.579999923706055,14.602999687194824,14.579999923706055,14.602999687194824,1900,0.0,0.0,0.0
2024-05-30 00:00:00-04:00,14.569999694824219,14.609999656677246,14.54800033569336,14.579999923706055,16300,0.0,0.0,0.0
2024-05-31 00:00:00-04:00,14.65999984741211,14.680000305175781,14.59000015258789,14.59000015258789,4500,0.0,0.0,0.0
2024-06-03 00:00:00-04:00,14.779999732971191,14.850000381469727,14.779999732971191,14.850000381469727,3500,0.0,0.0,0.0
2024-06-04 00:00:00-04:00,14.880000114440918,14.930000305175781,14.850000381469727,14.925000190734863,3800,0.0,0.0,0.0
2024-06-05 00:00:00-04:00,14.979999542236328,15.0,14.979999542236328,14.993000030517578,1800,0.0,0.0,0.0
2024-06-06 00:00:00-04:00,14.920000076293945,14.960000038146973,14.920000076293945,14.960000038146973,1800,0.0,0.0,0.0
2024-06-07 00:00:00-04:00,14.859999656677246,14.861000061035156,14.789999961853027,14.859999656677246,9000,0.0,0.0,0.0
2024-06-10 00:00:00-04:00,14.760000228881836,14.760000228881836,14.718000411987305,14.751999855041504,1900,0.0,0.0,0.0
2024-06-11 00:00:00-04:00,14.729999542236328,14.803000450134277,14.720000267028809,14.803000450134277,6200,0.0,0.0,0.0
2024-06-12 00:00:00-04:00,14.739999771118164,14.859999656677246,14.729999542236328,14.786999702453613,32000,0.0,0.0,0.0
2024-06-13 00:00:00-04:00,14.770000457763672,14.890000343322754,14.755000114440918,14.880000114440918,12600,0.0,0.0,0.0
2024-06-14 00:00:00-04:00,15.050000190734863,15.095000267028809,15.020000457763672,15.086999893188477,8900,0.0,0.0,0.0
2024-06-17 00:00:00-04:00,14.920000076293945,15.015000343322754,14.90999984741211,15.015000343322754,12700,0.0,0.0,0.0
2024-06-18 00:00:00-04:00,14.949999809265137,15.039999961853027,14.930000305175781,15.039999961853027,9400,0.0,0.0,0.0
2024-06-20 00:00:00-04:00,14.930000305175781,15.0,14.930000305175781,14.972999572753906,6600,0.0,0.0,0.0
2024-06-21 00:00:00-04:00,14.960000038146973,15.0,14.949999809265137,14.970000267028809,4000,0.0,0.0,0.0
2024-06-24 00:00:00-04:00,14.989999771118164,15.03499984741211,14.984999656677246,15.03499984741211,2000,0.0,0.0,0.0
2024-06-25 00:00:00-04:00,15.050000190734863,15.109999656677246,15.050000190734863,15.109999656677246,1000,0.0,0.0,0.0
2024-06-26 00:00:00-04:00,14.979999542236328,14.984999656677246,14.949999809265137,14.949999809265137,7700,0.0,0.0,0.0
2024-06-27 00:00:00-04:00,14.95199966430664,14.95199966430664,14.90999984741211,14.913000106811523,1800,0.0,0.0,0.0
2024-06-28 00:00:00-04:00,14.90999984741211,14.90999984741211,14.675000190734863,14.675000190734863,5900,0.0,0.0,0.0
2024-07-01 00:00:00-04:00,14.529999732971191,14.550000190734863,14.430000305175781,14.430000305175781,7300,0.0,0.0,0.0
2024-07-02 00:00:00-04:00,14.399999618530273,14.510000228881836,14.390000343322754,14.489999771118164,2400,0.0,0.0,0.0
2024-07-03 00:00:00-04:00,14.600000381469727,14.614999771118164,14.579999923706055,14.614999771118164,5500,0.0,0.0,0.0
2024-07-05 00:00:00-04:00,14.619999885559082,14.619999885559082,14.550000190734863,14.592000007629395,5200,0.0,0.0,0.0
2024-07-08 00:00:00-04:00,14.550000190734863,14.619999885559082,14.550000190734863,14.61400032043457,7300,0.0,0.0,0.0
2024-07-09 00:00:00-04:00,14.5600004196167,14.5600004196167,14.489999771118164,14.529999732971191,18300,0.0,0.0,0.0
2024-07-10 00:00:00-04:00,14.520000457763672,14.569999694824219,14.520000457763672,14.5649995803833,1700,0.0,0.0,0.0
2024-07-11 00:00:00-04:00,14.539999961853027,14.598999977111816,14.529999732971191,14.529999732971191,13400,0.0,0.0,0.0
2024-07-12 00:00:00-04:00,14.505000114440918,14.520000457763672,14.505000114440918,14.520000457763672,3400,0.0,0.0,0.0
2024-07-15 00:00:00-04:00,14.359999656677246,14.40999984741211,14.350000381469727,14.355999946594238,123500,0.0,0.0,0.0
2024-07-16 00:00:00-04:00,14.489999771118164,14.5600004196167,14.470000267028809,14.536999702453613,106900,0.0,0.0,0.0
2024-07-17 00:00:00-04:00,14.5600004196167,14.586999893188477,14.5600004196167,14.5600004196167,1000,0.0,0.0,0.0
2024-07-18 00:00:00-04:00,14.460000038146973,14.475000381469727,14.460000038146973,14.475000381469727,2100,0.0,0.0,0.0
2024-07-19 00:00:00-04:00,14.449999809265137,14.460000038146973,14.399999618530273,14.399999618530273,12600,0.0,0.0,0.0
2024-07-22 00:00:00-04:00,14.420000076293945,14.470000267028809,14.40999984741211,14.4399995803833,26400,0.0,0.0,0.0
2024-07-23 00:00:00-04:00,14.430000305175781,14.468999862670898,14.399999618530273,14.399999618530273,7000,0.0,0.0,0.0
2024-07-24 00:00:00-04:00,14.300000190734863,14.300000190734863,14.180000305175781,14.196000099182129,2500,0.0,0.0,0.0
2024-07-25 00:00:00-04:00,14.300000190734863,14.34000015258789,14.270000457763672,14.319999694824219,10000,0.0,0.0,0.0
2024-07-26 00:00:00-04:00,14.385000228881836,14.411999702453613,14.385000228881836,14.402000427246094,4900,0.0,0.0,0.0
2024-07-29 00:00:00-04:00,14.470000267028809,14.470000267028809,14.449999809265137,14.465999603271484,1000,0.0,0.0,0.0
2024-07-30 00:00:00-04:00,14.40999984741211,14.432999610900879,14.380000114440918,14.432999610900879,3600,0.0,0.0,0.0
2024-07-31 00:00:00-04:00,14.550000190734863,14.550000190734863,14.444999694824219,14.444999694824219,5100,0.0,0.0,0.0
2024-08-01 00:00:00-04:00,14.539999961853027,14.649999618530273,14.529999732971191,14.529999732971191,19600,0.0,0.0,0.0
2024-08-02 00:00:00-04:00,14.640000343322754,14.760000228881836,14.600000381469727,14.710000038146973,20500,0.0,0.0,0.0
2024-08-05 00:00:00-04:00,14.9399995803833,15.010000228881836,14.920000076293945,14.937999725341797,40400,0.0,0.0,0.0
2024-08-06 00:00:00-04:00,14.654000282287598,14.654000282287598,14.654000282287598,14.654000282287598,1400,0.0,0.0,0.0
2024-08-07 00:00:00-04:00,14.520000457763672,14.600000381469727,14.451000213623047,14.479999542236328,18100,0.0,0.0,0.0
2024-08-08 00:00:00-04:00,14.470000267028809,14.470000267028809,14.40999984741211,14.454999923706055,23200,0.0,0.0,0.0
2024-08-09 00:00:00-04:00,14.649999618530273,14.649999618530273,14.630000114440918,14.630000114440918,600,0.0,0.0,0.0
2024-08-12 00:00:00-04:00,14.619999885559082,14.668000221252441,14.614999771118164,14.633999824523926,6300,0.0,0.0,0.0
2024-08-13 00:00:00-04:00,14.635000228881836,14.649999618530273,14.621000289916992,14.64799976348877,3200,0.0,0.0,0.0
2024-08-14 00:00:00-04:00,14.699999809265137,14.8100004196167,14.699999809265137,14.779000282287598,2900,0.0,0.0,0.0
2024-08-15 00:00:00-04:00,14.680000305175781,14.779999732971191,14.680000305175781,14.779999732971191,10000,0.0,0.0,0.0
2024-08-16 00:00:00-04:00,14.859999656677246,14.869999885559082,14.789999961853027,14.800000190734863,13200,0.0,0.0,0.0
2024-08-19 00:00:00-04:00,14.90999984741211,14.934000015258789,14.90999984741211,14.930000305175781,3100,0.0,0.0,0.0
2024-08-20 00:00:00-04:00,14.9399995803833,14.994999885559082,14.9399995803833,14.989999771118164,4900,0.0,0.0,0.0
2024-08-21 00:00:00-04:00,14.930000305175781,14.979999542236328,14.899999618530273,14.899999618530273,9000,0.0,0.0,0.0
2024-08-22 00:00:00-04:00,14.810999870300293,14.819999694824219,14.800000190734863,14.800000190734863,1800,0.0,0.0,0.0
2024-08-23 00:00:00-04:00,14.84000015258789,14.857000350952148,14.75,14.755000114440918,9300,0.0,0.0,0.0
2024-08-26 00:00:00-04:00,14.770000457763672,14.770000457763672,14.739999771118164,14.756999969482422,8400,0.0,0.0,0.0
2024-08-27 00:00:00-04:00,14.680000305175781,14.6899995803833,14.649999618530273,14.6899995803833,7400,0.0,0.0,0.0
2024-08-28 00:00:00-04:00,14.699999809265137,14.699999809265137,14.670000076293945,14.670000076293945,12600,0.0,0.0,0.0
2024-08-29 00:00:00-04:00,14.59000015258789,14.609999656677246,14.550000190734863,14.600000381469727,8700,0.0,0.0,0.0
2024-08-30 00:00:00-04:00,14.65999984741211,14.65999984741211,14.489999771118164,14.489999771118164,5100,0.0,0.0,0.0
2024-09-03 00:00:00-04:00,14.6899995803833,14.720000267028809,14.670000076293945,14.708000183105469,3900,0.0,0.0,0.0
2024-09-04 00:00:00-04:00,14.670000076293945,14.755000114440918,14.649999618530273,14.755000114440918,6800,0.0,0.0,0.0
2024-09-05 00:00:00-04:00,14.770000457763672,14.850000381469727,14.770000457763672,14.84000015258789,6400,0.0,0.0,0.0
2024-09-06 00:00:00-04:00,14.789999961853027,14.90999984741211,14.729999542236328,14.732000350952148,10700,0.0,0.0,0.0
2024-09-09 00:00:00-04:00,14.720000267028809,14.800000190734863,14.711000442504883,14.800000190734863,1200,0.0,0.0,0.0
2024-09-10 00:00:00-04:00,14.770000457763672,14.850000381469727,14.770000457763672,14.850000381469727,7100,0.0,0.0,0.0
2024-09-11 00:00:00-04:00,14.859999656677246,14.859999656677246,14.819999694824219,14.83899974822998,600,0.0,0.0,0.0
2024-09-12 00:00:00-04:00,14.760000228881836,14.800000190734863,14.739999771118164,14.800000190734863,10500,0.0,0.0,0.0
2024-09-13 00:00:00-04:00,14.779999732971191,14.8100004196167,14.779999732971191,14.8100004196167,400,0.0,0.0,0.0
2024-09-16 00:00:00-04:00,14.850000381469727,14.920000076293945,14.850000381469727,14.920000076293945,1300,0.0,0.0,0.0
2024-09-17 00:00:00-04:00,14.960000038146973,14.961000442504883,14.895000457763672,14.90999984741211,3800,0.0,0.0,0.0
2024-09-18 00:00:00-04:00,14.819999694824219,14.819999694824219,14.699999809265137,14.729999542236328,16000,0.0,0.0,0.0
2024-09-19 00:00:00-04:00,14.65999984741211,14.65999984741211,14.579999923706055,14.619999885559082,5900,0.0,0.0,0.0
2024-09-20 00:00:00-04:00,14.59000015258789,14.59000015258789,14.539999961853027,14.585000038146973,5900,0.0,0.0,0.0
2024-09-23 00:00:00-04:00,14.5,14.59000015258789,14.5,14.5600004196167,8700,0.0,0.0,0.0
2024-09-24 00:00:00-04:00,14.479999542236328,14.479999542236328,14.470000267028809,14.473999977111816,600,0.0,0.0,0.0
2024-09-25 00:00:00-04:00,14.40999984741211,14.4399995803833,14.392000198364258,14.420000076293945,2800,0.0,0.0,0.0
2024-09-26 00:00:00-04:00,14.449999809265137,14.539999961853027,14.399999618530273,14.479000091552734,9300,0.0,0.0,0.0
2024-09-27 00:00:00-04:00,14.460000038146973,14.460000038146973,14.449999809265137,14.449999809265137,1500,0.0,0.0,0.0
2024-09-30 00:00:00-04:00,14.470999717712402,14.470999717712402,14.427000045776367,14.430000305175781,19600,0.0,0.0,0.0
2024-10-01 00:00:00-04:00,14.619999885559082,14.619999885559082,14.550000190734863,14.550000190734863,1000,0.0,0.0,0.0
2024-10-02 00:00:00-04:00,14.350000381469727,14.40999984741211,14.350000381469727,14.40999984741211,2700,0.0,0.0,0.0
2024-10-03 00:00:00-04:00,14.399999618530273,14.430000305175781,14.369999885559082,14.369999885559082,6900,0.0,0.0,0.0
2024-10-04 00:00:00-04:00,14.319999694824219,14.375,14.3100004196167,14.375,8600,0.0,0.0,0.0
2024-10-07 00:00:00-04:00,14.369999885559082,14.378999710083008,14.359000205993652,14.359000205993652,1700,0.0,0.0,0.0
2024-10-08 00:00:00-04:00,14.260000228881836,14.300000190734863,14.260000228881836,14.270000457763672,6100,0.0,0.0,0.0
2024-10-09 00:00:00-04:00,14.319999694824219,14.329999923706055,14.289999961853027,14.3149995803833,4600,0.0,0.0,0.0
2024-10-10 00:00:00-04:00,14.149999618530273,14.16100025177002,14.130000114440918,14.149999618530273,1300,0.0,0.0,0.0
2024-10-11 00:00:00-04:00,14.079999923706055,14.109999656677246,14.079999923706055,14.079999923706055,1400,0.0,0.0,0.0
2024-10-14 00:00:00-04:00,14.020000457763672,14.09000015258789,14.020000457763672,14.08899974822998,4400,0.0,0.0,0.0
2024-10-15 00:00:00-04:00,14.140000343322754,14.239999771118164,14.140000343322754,14.239999771118164,2800,0.0,0.0,0.0
2024-10-16 00:00:00-04:00,14.333000183105469,14.333000183105469,14.293000221252441,14.293000221252441,2500,0.0,0.0,0.0
2024-10-17 00:00:00-04:00,14.199999809265137,14.199999809265137,14.114999771118164,14.114999771118164,1800,0.0,0.0,0.0
2024-10-18 00:00:00-04:00,14.145999908447266,14.145999908447266,14.109999656677246,14.109999656677246,1500,0.0,0.0,0.0
2024-10-21 00:00:00-04:00,13.989999771118164,13.989999771118164,13.944000244140625,13.944000244140625,700,0.0,0.0,0.0
2024-10-22 00:00:00-04:00,13.949999809265137,14.0,13.949999809265137,13.989999771118164,4300,0.0,0.0,0.0
2024-10-23 00:00:00-04:00,13.989999771118164,14.039999961853027,13.989999771118164,14.010000228881836,1700,0.0,0.0,0.0
2024-10-24 00:00:00-04:00,14.0,14.097999572753906,14.0,14.09000015258789,2400,0.0,0.0,0.0
2024-10-25 00:00:00-04:00,14.039999961853027,14.043999671936035,14.029999732971191,14.043999671936035,600,0.0,0.0,0.0
2024-10-28 00:00:00-04:00,14.050000190734863,14.0649995803833,13.970000267028809,14.050000190734863,1300,0.0,0.0,0.0
2024-10-29 00:00:00-04:00,14.020000457763672,14.039999961853027,14.0,14.039999961853027,11400,0.0,0.0,0.0
2024-10-30 00:00:00-04:00,14.170000076293945,14.180999755859375,14.119999885559082,14.170000076293945,228800,0.0,0.0,0.0
2024-10-31 00:00:00-04:00,14.199999809265137,14.25,14.15999984741211,14.208000183105469,310900,0.0,0.0,0.0
2024-11-01 00:00:00-04:00,14.109999656677246,14.119999885559082,13.989999771118164,14.029000282287598,27700,0.0,0.0,0.0
2024-11-04 00:00:00-05:00,14.170000076293945,14.229000091552734,14.130999565124512,14.229000091552734,3100,0.0,0.0,0.0
2024-11-05 00:00:00-05:00,14.180000305175781,14.324999809265137,14.180000305175781,14.310999870300293,56700,0.0,0.0,0.0
2024-11-06 00:00:00-05:00,13.906000137329102,13.906999588012695,13.85099983215332,13.906999588012695,10300,0.0,0.0,0.0
2024-11-07 00:00:00-05:00,13.850000381469727,13.9350004196167,13.84000015258789,13.880000114440918,16500,0.0,0.0,0.0
2024-11-08 00:00:00-05:00,14.09000015258789,14.215999603271484,14.09000015258789,14.215999603271484,2900,0.0,0.0,0.0
2024-11-11 00:00:00-05:00,14.270000457763672,14.270000457763672,14.180000305175781,14.220000267028809,56900,0.0,0.0,0.0
2024-11-12 00:00:00-05:00,14.100000381469727,14.130000114440918,13.960000038146973,13.960000038146973,3500,0.0,0.0,0.0
2024-11-13 00:00:00-05:00,13.9399995803833,13.9399995803833,13.760000228881836,13.770000457763672,5600,0.0,0.0,0.0
2024-11-14 00:00:00-05:00,13.920000076293945,14.069999694824219,13.920000076293945,14.013999938964844,6300,0.0,0.0,0.0
2024-11-15 00:00:00-05:00,13.970000267028809,13.970000267028809,13.819999694824219,13.9399995803833,59200,0.0,0.0,0.0
2024-11-18 00:00:00-05:00,13.800000190734863,13.949999809265137,13.800000190734863,13.876999855041504,3800,0.0,0.0,0.0
2024-11-19 00:00:00-05:00,13.949999809265137,13.989999771118164,13.946000099182129,13.946000099182129,2100,0.0,0.0,0.0
2024-11-20 00:00:00-05:00,13.880000114440918,13.989999771118164,13.869999885559082,13.9399995803833,7100,0.0,0.0,0.0
2024-11-21 00:00:00-05:00,13.9399995803833,13.979999542236328,13.925000190734863,13.979999542236328,7000,0.0,0.0,0.0
2024-11-22 00:00:00-05:00,13.96500015258789,14.029999732971191,13.96500015258789,14.015000343322754,2500,0.0,0.0,0.0
2024-11-25 00:00:00-05:00,14.180000305175781,14.270000457763672,14.180000305175781,14.26099967956543,2700,0.0,0.0,0.0
2024-11-26 00:00:00-05:00,14.220000267028809,14.25,14.199999809265137,14.236000061035156,2400,0.0,0.0,0.0
2024-11-27 00:00:00-05:00,14.180000305175781,14.211999893188477,14.15999984741211,14.1899995803833,7400,0.0,0.0,0.0
2024-11-29 00:00:00-05:00,14.289999961853027,14.29800033569336,14.289999961853027,14.29800033569336,800,0.0,0.0,0.0
2024-12-02 00:00:00-05:00,14.34000015258789,14.430000305175781,14.329999923706055,14.420999526977539,2700,0.0,0.0,0.0
2024-12-03 00:00:00-05:00,14.329999923706055,14.336000442504883,14.263999938964844,14.263999938964844,2700,0.0,0.0,0.0
2024-12-04 00:00:00-05:00,14.239999771118164,14.350000381469727,14.229999542236328,14.347000122070312,60800,0.0,0.0,0.0
2024-12-05 00:00:00-05:00,14.369999885559082,14.430000305175781,14.369999885559082,14.430000305175781,500,0.0,0.0,0.0
2024-12-06 00:00:00-05:00,14.380000114440918,14.380000114440918,14.329999923706055,14.354999542236328,3900,0.0,0.0,0.0
2024-12-09 00:00:00-05:00,14.300000190734863,14.300000190734863,14.270000457763672,14.279999732971191,4700,0.0,0.0,0.0
2024-12-10 00:00:00-05:00,14.239999771118164,14.260000228881836,14.236000061035156,14.236000061035156,3200,0.0,0.0,0.0
2024-12-11 00:00:00-05:00,14.180000305175781,14.1899995803833,14.09000015258789,14.09000015258789,80700,0.0,0.0,0.0
2024-12-12 00:00:00-05:00,14.010000228881836,14.010000228881836,13.96500015258789,13.96500015258789,1300,0.0,0.0,0.0
2024-12-13 00:00:00-05:00,13.930000305175781,13.9399995803833,13.890000343322754,13.890000343322754,4600,0.0,0.0,0.0
2024-12-16 00:00:00-05:00,13.920000076293945,13.970000267028809,13.854000091552734,13.934000015258789,11600,0.0,0.0,0.0
2024-12-17 00:00:00-05:00,13.989999771118164,14.010000228881836,13.9399995803833,13.982000350952148,5600,0.0,0.0,0.0
2024-12-18 00:00:00-05:00,13.869999885559082,14.010000228881836,13.869999885559082,14.006999969482422,7600,0.0,0.0,0.0
2024-12-19 00:00:00-05:00,13.649999618530273,13.739999771118164,13.619999885559082,13.739999771118164,1800,0.0,0.0,0.0
2024-12-20 00:00:00-05:00,13.770000457763672,13.8100004196167,13.760000228881836,13.763999938964844,3700,0.0,0.0,0.0
2024-12-23 00:00:00-05:00,13.75,13.75,13.630000114440918,13.663000106811523,8600,0.0,0.0,0.0
2024-12-24 00:00:00-05:00,13.649999618530273,13.75,13.649999618530273,13.75,900,0.0,0.0,0.0
2024-12-26 00:00:00-05:00,13.670000076293945,13.687000274658203,13.645000457763672,13.687000274658203,1300,0.0,0.0,0.0
2024-12-27 00:00:00-05:00,13.609999656677246,13.609999656677246,13.53499984741211,13.53499984741211,2000,0.0,0.0,0.0
