Date,Open,High,Low,Close,Volume,Dividends,Stock Splits
2017-06-13 00:00:00-04:00,22.0,22.0,22.0,22.0,100,0.0,0.0
2017-06-14 00:00:00-04:00,22.0,22.0,22.0,22.0,0,0.0,0.0
2017-06-15 00:00:00-04:00,22.0,22.0,22.0,22.0,0,0.0,0.0
2017-06-16 00:00:00-04:00,13.0,14.989999771118164,12.960000038146973,13.199999809265137,444100,0.0,0.0
2017-06-19 00:00:00-04:00,17.260000228881836,18.84000015258789,13.270000457763672,13.5600004196167,87600,0.0,0.0
2017-06-20 00:00:00-04:00,13.25,13.729999542236328,13.050000190734863,13.210000038146973,29200,0.0,0.0
2017-06-21 00:00:00-04:00,13.260000228881836,13.949999809265137,13.260000228881836,13.670000076293945,23200,0.0,0.0
2017-06-22 00:00:00-04:00,13.5,13.739999771118164,13.260000228881836,13.40999984741211,13200,0.0,0.0
2017-06-23 00:00:00-04:00,13.399999618530273,13.600000381469727,13.335000038146973,13.390000343322754,19300,0.0,0.0
2017-06-26 00:00:00-04:00,13.6899995803833,13.6899995803833,13.199999809265137,13.5,10400,0.0,0.0
2017-06-27 00:00:00-04:00,13.399999618530273,13.4399995803833,12.149999618530273,13.199999809265137,63600,0.0,0.0
2017-06-28 00:00:00-04:00,13.100000381469727,13.35200023651123,13.100000381469727,13.100000381469727,7700,0.0,0.0
2017-06-29 00:00:00-04:00,13.149999618530273,13.428999900817871,13.100000381469727,13.199999809265137,6900,0.0,0.0
2017-06-30 00:00:00-04:00,13.010000228881836,13.300000190734863,13.010000228881836,13.1850004196167,2700,0.0,0.0
2017-07-03 00:00:00-04:00,13.109999656677246,13.300000190734863,13.109999656677246,13.300000190734863,1500,0.0,0.0
2017-07-05 00:00:00-04:00,13.15999984741211,13.15999984741211,13.071999549865723,13.130000114440918,10600,0.0,0.0
2017-07-06 00:00:00-04:00,13.0,13.5,13.0,13.329999923706055,12500,0.0,0.0
2017-07-07 00:00:00-04:00,13.170000076293945,13.300000190734863,13.100000381469727,13.1899995803833,42300,0.0,0.0
2017-07-10 00:00:00-04:00,13.34000015258789,13.34000015258789,13.10099983215332,13.199999809265137,11300,0.0,0.0
2017-07-11 00:00:00-04:00,13.0,13.199999809265137,13.0,13.1899995803833,6300,0.0,0.0
2017-07-12 00:00:00-04:00,13.050000190734863,13.25,13.050000190734863,13.15999984741211,56500,0.0,0.0
2017-07-13 00:00:00-04:00,13.0,13.25,13.0,13.180000305175781,18400,0.0,0.0
2017-07-14 00:00:00-04:00,13.15999984741211,13.199999809265137,13.149999618530273,13.170000076293945,21500,0.0,0.0
2017-07-17 00:00:00-04:00,13.069999694824219,13.220000267028809,13.069999694824219,13.1899995803833,29000,0.0,0.0
2017-07-18 00:00:00-04:00,13.039999961853027,13.267999649047852,13.039999961853027,13.175000190734863,15300,0.0,0.0
2017-07-19 00:00:00-04:00,13.079999923706055,13.16100025177002,13.079999923706055,13.15999984741211,23100,0.0,0.0
2017-07-20 00:00:00-04:00,13.100000381469727,13.199999809265137,13.100000381469727,13.1899995803833,9300,0.0,0.0
2017-07-21 00:00:00-04:00,13.149999618530273,13.182000160217285,12.949999809265137,13.149999618530273,59100,0.0,0.0
2017-07-24 00:00:00-04:00,13.039999961853027,13.1899995803833,13.0,13.1899995803833,20900,0.0,0.0
2017-07-25 00:00:00-04:00,13.0600004196167,13.180000305175781,13.045999526977539,13.180000305175781,21200,0.0,0.0
2017-07-26 00:00:00-04:00,13.020000457763672,13.140000343322754,13.020000457763672,13.140000343322754,5400,0.0,0.0
2017-07-27 00:00:00-04:00,13.140000343322754,13.1899995803833,13.119999885559082,13.149999618530273,11600,0.0,0.0
2017-07-28 00:00:00-04:00,13.140000343322754,13.1899995803833,13.130000114440918,13.1899995803833,6200,0.0,0.0
2017-07-31 00:00:00-04:00,13.100000381469727,13.149999618530273,13.100000381469727,13.149999618530273,4900,0.0,0.0
2017-08-01 00:00:00-04:00,13.100000381469727,13.1899995803833,13.100000381469727,13.149999618530273,5600,0.0,0.0
2017-08-02 00:00:00-04:00,13.125,13.149999618530273,13.112000465393066,13.149999618530273,3800,0.0,0.0
2017-08-03 00:00:00-04:00,13.149999618530273,13.199999809265137,13.111000061035156,13.199999809265137,2700,0.0,0.0
2017-08-04 00:00:00-04:00,13.199999809265137,13.449999809265137,13.1899995803833,13.449999809265137,11800,0.0,0.0
2017-08-07 00:00:00-04:00,13.300000190734863,13.300000190734863,13.149999618530273,13.300000190734863,3400,0.0,0.0
2017-08-08 00:00:00-04:00,13.182000160217285,13.300000190734863,13.161999702453613,13.300000190734863,7700,0.0,0.0
2017-08-09 00:00:00-04:00,13.210000038146973,13.449999809265137,13.149999618530273,13.34000015258789,9200,0.0,0.0
2017-08-10 00:00:00-04:00,13.428999900817871,13.449999809265137,13.300000190734863,13.399999618530273,15700,0.0,0.0
2017-08-11 00:00:00-04:00,13.376999855041504,13.59000015258789,13.376999855041504,13.399999618530273,25100,0.0,0.0
2017-08-14 00:00:00-04:00,13.970000267028809,14.470000267028809,13.600000381469727,14.449999809265137,36900,0.0,0.0
2017-08-15 00:00:00-04:00,14.5,15.0,13.579999923706055,14.75,50300,0.0,0.0
2017-08-16 00:00:00-04:00,14.369999885559082,14.640000343322754,13.649999618530273,13.760000228881836,19400,0.0,0.0
2017-08-17 00:00:00-04:00,13.720000267028809,14.439000129699707,13.199999809265137,14.300000190734863,39400,0.0,0.0
2017-08-18 00:00:00-04:00,14.399999618530273,14.399999618530273,13.449999809265137,13.739999771118164,61400,0.0,0.0
2017-08-21 00:00:00-04:00,13.649999618530273,14.5600004196167,13.649999618530273,14.319999694824219,19300,0.0,0.0
2017-08-22 00:00:00-04:00,14.522000312805176,15.229000091552734,14.5,15.0,28100,0.0,0.0
2017-08-23 00:00:00-04:00,15.430000305175781,15.520000457763672,14.270000457763672,14.9399995803833,23100,0.0,0.0
2017-08-24 00:00:00-04:00,14.949999809265137,15.350000381469727,14.5,15.0,21800,0.0,0.0
2017-08-25 00:00:00-04:00,14.640000343322754,15.776000022888184,14.0,14.819999694824219,46000,0.0,0.0
2017-08-28 00:00:00-04:00,15.350000381469727,15.350000381469727,14.350000381469727,14.789999961853027,6500,0.0,0.0
2017-08-29 00:00:00-04:00,14.65999984741211,14.979999542236328,14.300000190734863,14.970000267028809,17700,0.0,0.0
2017-08-30 00:00:00-04:00,14.475000381469727,15.170000076293945,14.475000381469727,14.880000114440918,39200,0.0,0.0
2017-08-31 00:00:00-04:00,15.0,15.0,14.039999961853027,14.25,32300,0.0,0.0
2017-09-01 00:00:00-04:00,14.350000381469727,14.876999855041504,14.260000228881836,14.479999542236328,12400,0.0,0.0
2017-09-05 00:00:00-04:00,14.4399995803833,16.0,14.274999618530273,14.399999618530273,33500,0.0,0.0
2017-09-06 00:00:00-04:00,14.460000038146973,15.15999984741211,14.350000381469727,15.039999961853027,45700,0.0,0.0
2017-09-07 00:00:00-04:00,14.920000076293945,15.130000114440918,14.260000228881836,14.850000381469727,69100,0.0,0.0
2017-09-08 00:00:00-04:00,14.890000343322754,14.949999809265137,14.5600004196167,14.729999542236328,65800,0.0,0.0
2017-09-11 00:00:00-04:00,15.010000228881836,16.399999618530273,14.574999809265137,15.850000381469727,49700,0.0,0.0
2017-09-12 00:00:00-04:00,15.279999732971191,16.56800079345703,15.25,16.100000381469727,43600,0.0,0.0
2017-09-13 00:00:00-04:00,15.930000305175781,16.979999542236328,15.930000305175781,16.190000534057617,65000,0.0,0.0
2017-09-14 00:00:00-04:00,16.219999313354492,18.600000381469727,16.219999313354492,17.229999542236328,68200,0.0,0.0
2017-09-15 00:00:00-04:00,17.20400047302246,17.909000396728516,15.210000038146973,15.34000015258789,98300,0.0,0.0
2017-09-18 00:00:00-04:00,15.5600004196167,16.947999954223633,15.539999961853027,15.5600004196167,33800,0.0,0.0
2017-09-19 00:00:00-04:00,15.90999984741211,16.729999542236328,15.270000457763672,15.720000267028809,26700,0.0,0.0
2017-09-20 00:00:00-04:00,15.779999732971191,18.49799919128418,15.510000228881836,16.010000228881836,15000,0.0,0.0
2017-09-21 00:00:00-04:00,16.030000686645508,16.5,16.030000686645508,16.360000610351562,2900,0.0,0.0
2017-09-22 00:00:00-04:00,16.329999923706055,16.799999237060547,16.020000457763672,16.209999084472656,5100,0.0,0.0
2017-09-25 00:00:00-04:00,16.219999313354492,16.898000717163086,15.449999809265137,15.449999809265137,17200,0.0,0.0
2017-09-26 00:00:00-04:00,15.755000114440918,15.994999885559082,15.399999618530273,15.550000190734863,17300,0.0,0.0
2017-09-27 00:00:00-04:00,16.0,16.621000289916992,15.5,15.779999732971191,6600,0.0,0.0
2017-09-28 00:00:00-04:00,15.510000228881836,16.600000381469727,15.510000228881836,15.520000457763672,55600,0.0,0.0
2017-09-29 00:00:00-04:00,15.739999771118164,16.200000762939453,15.5,15.5,6600,0.0,0.0
2017-10-02 00:00:00-04:00,16.149999618530273,16.299999237060547,15.531999588012695,16.200000762939453,13200,0.0,0.0
2017-10-03 00:00:00-04:00,16.149999618530273,16.690000534057617,15.600000381469727,15.829999923706055,54400,0.0,0.0
2017-10-04 00:00:00-04:00,15.859999656677246,16.3700008392334,15.859999656677246,16.059999465942383,10000,0.0,0.0
2017-10-05 00:00:00-04:00,17.819000244140625,17.819000244140625,15.989999771118164,16.209999084472656,29600,0.0,0.0
2017-10-06 00:00:00-04:00,16.43000030517578,17.049999237060547,16.219999313354492,16.3799991607666,26800,0.0,0.0
2017-10-09 00:00:00-04:00,16.5,17.0,16.25,16.559999465942383,20000,0.0,0.0
2017-10-10 00:00:00-04:00,17.700000762939453,18.145999908447266,16.489999771118164,17.139999389648438,10900,0.0,0.0
2017-10-11 00:00:00-04:00,17.020000457763672,17.326000213623047,16.520000457763672,16.700000762939453,19000,0.0,0.0
2017-10-12 00:00:00-04:00,17.15999984741211,17.15999984741211,16.170000076293945,16.350000381469727,20400,0.0,0.0
2017-10-13 00:00:00-04:00,16.5,16.600000381469727,16.219999313354492,16.260000228881836,4500,0.0,0.0
2017-10-16 00:00:00-04:00,16.450000762939453,16.65999984741211,16.450000762939453,16.520000457763672,3000,0.0,0.0
2017-10-17 00:00:00-04:00,16.700000762939453,17.0,16.549999237060547,16.549999237060547,5200,0.0,0.0
2017-10-18 00:00:00-04:00,16.709999084472656,16.905000686645508,16.5,16.5,6400,0.0,0.0
2017-10-19 00:00:00-04:00,16.59000015258789,16.996000289916992,16.5,16.889999389648438,6200,0.0,0.0
2017-10-20 00:00:00-04:00,16.799999237060547,16.89900016784668,16.520000457763672,16.649999618530273,4500,0.0,0.0
2017-10-23 00:00:00-04:00,16.899999618530273,17.5,16.5,16.850000381469727,123600,0.0,0.0
2017-10-24 00:00:00-04:00,17.0,18.0,16.850000381469727,16.969999313354492,21600,0.0,0.0
2017-10-25 00:00:00-04:00,16.979999542236328,17.26799964904785,16.889999389648438,17.219999313354492,4700,0.0,0.0
2017-10-26 00:00:00-04:00,17.299999237060547,17.299999237060547,16.950000762939453,17.09000015258789,6000,0.0,0.0
2017-10-27 00:00:00-04:00,17.09000015258789,17.496999740600586,17.09000015258789,17.200000762939453,6500,0.0,0.0
2017-10-30 00:00:00-04:00,16.950000762939453,17.799999237060547,16.950000762939453,17.450000762939453,61500,0.0,0.0
2017-10-31 00:00:00-04:00,17.566999435424805,17.878999710083008,17.06999969482422,17.739999771118164,28500,0.0,0.0
2017-11-01 00:00:00-04:00,17.739999771118164,18.399999618530273,17.586999893188477,18.25,80400,0.0,0.0
2017-11-02 00:00:00-04:00,18.200000762939453,18.295000076293945,17.559999465942383,17.899999618530273,20800,0.0,0.0
2017-11-03 00:00:00-04:00,17.799999237060547,18.499000549316406,17.549999237060547,18.399999618530273,4000,0.0,0.0
2017-11-06 00:00:00-05:00,18.350000381469727,18.469999313354492,17.700000762939453,18.399999618530273,16900,0.0,0.0
2017-11-07 00:00:00-05:00,18.25,18.540000915527344,17.950000762939453,18.309999465942383,17800,0.0,0.0
2017-11-08 00:00:00-05:00,18.5,19.489999771118164,18.145000457763672,19.0,7800,0.0,0.0
2017-11-09 00:00:00-05:00,19.85099983215332,19.90999984741211,18.493000030517578,18.5,21600,0.0,0.0
2017-11-10 00:00:00-05:00,18.510000228881836,19.554000854492188,18.25,18.360000610351562,24800,0.0,0.0
2017-11-13 00:00:00-05:00,18.360000610351562,18.989999771118164,18.350000381469727,18.700000762939453,12500,0.0,0.0
2017-11-14 00:00:00-05:00,18.1560001373291,19.65399932861328,17.959999084472656,17.959999084472656,16900,0.0,0.0
2017-11-15 00:00:00-05:00,18.030000686645508,18.40999984741211,17.979999542236328,18.149999618530273,11300,0.0,0.0
2017-11-16 00:00:00-05:00,18.149999618530273,18.520000457763672,18.0,18.0,50800,0.0,0.0
2017-11-17 00:00:00-05:00,18.299999237060547,18.299999237060547,17.950000762939453,18.09000015258789,45700,0.0,0.0
2017-11-20 00:00:00-05:00,18.049999237060547,19.530000686645508,18.049999237060547,19.530000686645508,11300,0.0,0.0
2017-11-21 00:00:00-05:00,18.790000915527344,19.184999465942383,18.719999313354492,18.90999984741211,14300,0.0,0.0
2017-11-22 00:00:00-05:00,19.219999313354492,21.878000259399414,19.18000030517578,20.8799991607666,199200,0.0,0.0
2017-11-24 00:00:00-05:00,21.100000381469727,21.549999237060547,20.902000427246094,21.200000762939453,38100,0.0,0.0
2017-11-27 00:00:00-05:00,21.520000457763672,26.299999237060547,21.520000457763672,22.5,64800,0.0,0.0
2017-11-28 00:00:00-05:00,22.68000030517578,23.25,21.5,22.270000457763672,74200,0.0,0.0
2017-11-29 00:00:00-05:00,22.329999923706055,23.030000686645508,21.579999923706055,22.459999084472656,24600,0.0,0.0
2017-11-30 00:00:00-05:00,22.59000015258789,22.690000534057617,21.56999969482422,21.81999969482422,31200,0.0,0.0
2017-12-01 00:00:00-05:00,22.309999465942383,22.309999465942383,21.540000915527344,21.8700008392334,13400,0.0,0.0
2017-12-04 00:00:00-05:00,22.450000762939453,23.8700008392334,22.43000030517578,22.959999084472656,42600,0.0,0.0
2017-12-05 00:00:00-05:00,23.040000915527344,25.700000762939453,23.040000915527344,24.0,47600,0.0,0.0
2017-12-06 00:00:00-05:00,23.520000457763672,24.190000534057617,22.940000534057617,23.25,30400,0.0,0.0
2017-12-07 00:00:00-05:00,23.5,24.951000213623047,23.5,24.860000610351562,32800,0.0,0.0
2017-12-08 00:00:00-05:00,25.0,25.899999618530273,24.066999435424805,25.290000915527344,22900,0.0,0.0
2017-12-11 00:00:00-05:00,25.399999618530273,25.399999618530273,24.5,25.299999237060547,31400,0.0,0.0
2017-12-12 00:00:00-05:00,25.399999618530273,25.399999618530273,24.65999984741211,25.149999618530273,34000,0.0,0.0
2017-12-13 00:00:00-05:00,25.149999618530273,25.170000076293945,24.0,24.06999969482422,41200,0.0,0.0
2017-12-14 00:00:00-05:00,24.459999084472656,25.62700080871582,24.459999084472656,24.540000915527344,32800,0.0,0.0
2017-12-15 00:00:00-05:00,24.799999237060547,25.100000381469727,24.670000076293945,25.030000686645508,27700,0.0,0.0
2017-12-18 00:00:00-05:00,25.25,25.628999710083008,25.049999237060547,25.110000610351562,25400,0.0,0.0
2017-12-19 00:00:00-05:00,25.263999938964844,25.399999618530273,25.110000610351562,25.28499984741211,18100,0.0,0.0
2017-12-20 00:00:00-05:00,25.049999237060547,25.354999542236328,24.510000228881836,25.239999771118164,58700,0.0,0.0
2017-12-21 00:00:00-05:00,25.290000915527344,25.451000213623047,24.6200008392334,24.6200008392334,18600,0.0,0.0
2017-12-22 00:00:00-05:00,25.0,28.75,25.0,28.329999923706055,259300,0.0,0.0
2017-12-26 00:00:00-05:00,30.559999465942383,35.16400146484375,29.459999084472656,30.729999542236328,605400,0.0,0.0
2017-12-27 00:00:00-05:00,31.65999984741211,34.426998138427734,31.597999572753906,33.75,251800,0.0,0.0
2017-12-28 00:00:00-05:00,35.4900016784668,35.4900016784668,32.590999603271484,33.5,220500,0.0,0.0
2017-12-29 00:00:00-05:00,33.22999954223633,33.5,31.93000030517578,32.38999938964844,109900,0.0,0.0
2018-01-02 00:00:00-05:00,32.400001525878906,33.880001068115234,28.350000381469727,29.389999389648438,269300,0.0,0.0
2018-01-03 00:00:00-05:00,29.8700008392334,29.8700008392334,26.190000534057617,27.479999542236328,288300,0.0,0.0
2018-01-04 00:00:00-05:00,27.350000381469727,28.0,25.854000091552734,26.09000015258789,168800,0.0,0.0
2018-01-05 00:00:00-05:00,26.290000915527344,26.290000915527344,24.290000915527344,24.31999969482422,175700,0.0,0.0
2018-01-08 00:00:00-05:00,24.40999984741211,24.989999771118164,23.5,23.700000762939453,144200,0.0,0.0
2018-01-09 00:00:00-05:00,24.200000762939453,26.0,24.048999786376953,24.959999084472656,183100,0.0,0.0
2018-01-10 00:00:00-05:00,25.040000915527344,25.790000915527344,23.0,24.139999389648438,75700,0.0,0.0
2018-01-11 00:00:00-05:00,24.200000762939453,24.440000534057617,23.579999923706055,23.719999313354492,103800,0.0,0.0
2018-01-12 00:00:00-05:00,23.899999618530273,24.149999618530273,23.274999618530273,23.68000030517578,82000,0.0,0.0
2018-01-16 00:00:00-05:00,23.5,23.969999313354492,22.450000762939453,22.559999465942383,169500,0.0,0.0
2018-01-17 00:00:00-05:00,22.559999465942383,23.0,21.799999237060547,21.809999465942383,115400,0.0,0.0
2018-01-18 00:00:00-05:00,21.559999465942383,22.790000915527344,21.559999465942383,22.40999984741211,33700,0.0,0.0
2018-01-19 00:00:00-05:00,22.450000762939453,23.690000534057617,22.40999984741211,22.56999969482422,109300,0.0,0.0
2018-01-22 00:00:00-05:00,22.600000381469727,22.701000213623047,21.760000228881836,21.920000076293945,108900,0.0,0.0
2018-01-23 00:00:00-05:00,22.079999923706055,22.75,21.8799991607666,21.989999771118164,70300,0.0,0.0
2018-01-24 00:00:00-05:00,22.0,22.239999771118164,21.5,21.510000228881836,98600,0.0,0.0
2018-01-25 00:00:00-05:00,21.600000381469727,22.59000015258789,21.309999465942383,21.510000228881836,41800,0.0,0.0
2018-01-26 00:00:00-05:00,21.649999618530273,21.649999618530273,20.180999755859375,20.31999969482422,72800,0.0,0.0
2018-01-29 00:00:00-05:00,20.360000610351562,20.399999618530273,19.68000030517578,20.0,173000,0.0,0.0
2018-01-30 00:00:00-05:00,20.06999969482422,20.110000610351562,19.729999542236328,19.979999542236328,93800,0.0,0.0
2018-01-31 00:00:00-05:00,19.940000534057617,20.795000076293945,19.649999618530273,20.59000015258789,82300,0.0,0.0
2018-02-01 00:00:00-05:00,20.610000610351562,21.540000915527344,20.610000610351562,21.540000915527344,97400,0.0,0.0
2018-02-02 00:00:00-05:00,21.43000030517578,21.84600067138672,21.110000610351562,21.25,76900,0.0,0.0
2018-02-05 00:00:00-05:00,21.0,21.0,19.520000457763672,20.030000686645508,192300,0.0,0.0
2018-02-06 00:00:00-05:00,19.5,20.31999969482422,19.5,19.969999313354492,113000,0.0,0.0
2018-02-07 00:00:00-05:00,21.0,21.43000030517578,19.889999389648438,20.59000015258789,187900,0.0,0.0
2018-02-08 00:00:00-05:00,20.729999542236328,21.6200008392334,20.040000915527344,20.209999084472656,56000,0.0,0.0
2018-02-09 00:00:00-05:00,20.399999618530273,20.75,19.8700008392334,20.3700008392334,44800,0.0,0.0
2018-02-12 00:00:00-05:00,20.469999313354492,20.850000381469727,20.381000518798828,20.59000015258789,34200,0.0,0.0
2018-02-13 00:00:00-05:00,20.59000015258789,22.09000015258789,20.59000015258789,22.09000015258789,35400,0.0,0.0
2018-02-14 00:00:00-05:00,22.09000015258789,23.450000762939453,21.239999771118164,22.700000762939453,144300,0.0,0.0
2018-02-15 00:00:00-05:00,22.899999618530273,23.124000549316406,21.950000762939453,22.770000457763672,21700,0.0,0.0
2018-02-16 00:00:00-05:00,22.5,23.290000915527344,22.299999237060547,23.260000228881836,32100,0.0,0.0
2018-02-20 00:00:00-05:00,23.489999771118164,23.489999771118164,22.450000762939453,22.719999313354492,14100,0.0,0.0
2018-02-21 00:00:00-05:00,22.579999923706055,23.950000762939453,22.579999923706055,23.299999237060547,13300,0.0,0.0
2018-02-22 00:00:00-05:00,23.299999237060547,23.440000534057617,22.100000381469727,23.290000915527344,100400,0.0,0.0
2018-02-23 00:00:00-05:00,24.0,25.100000381469727,24.0,24.31999969482422,66100,0.0,0.0
2018-02-26 00:00:00-05:00,24.600000381469727,25.299999237060547,24.5,25.100000381469727,57300,0.0,0.0
2018-02-27 00:00:00-05:00,24.68899917602539,25.219999313354492,24.6299991607666,25.190000534057617,32000,0.0,0.0
2018-02-28 00:00:00-05:00,25.309999465942383,25.31999969482422,24.5,24.979999542236328,69600,0.0,0.0
2018-03-01 00:00:00-05:00,24.940000534057617,25.459999084472656,24.68000030517578,25.420000076293945,80100,0.0,0.0
2018-03-02 00:00:00-05:00,25.34000015258789,25.979999542236328,24.8700008392334,25.6299991607666,52400,0.0,0.0
2018-03-05 00:00:00-05:00,25.479999542236328,25.979999542236328,25.165000915527344,25.889999389648438,18300,0.0,0.0
2018-03-06 00:00:00-05:00,25.950000762939453,25.950000762939453,23.329999923706055,23.350000381469727,191000,0.0,0.0
2018-03-07 00:00:00-05:00,23.469999313354492,23.698999404907227,21.530000686645508,22.09000015258789,231700,0.0,0.0
2018-03-08 00:00:00-05:00,22.0,22.954999923706055,21.200000762939453,21.219999313354492,298300,0.0,0.0
2018-03-09 00:00:00-05:00,21.25,22.03499984741211,21.100000381469727,21.25,216700,0.0,0.0
2018-03-12 00:00:00-04:00,21.040000915527344,23.274999618530273,21.040000915527344,22.559999465942383,77600,0.0,0.0
2018-03-13 00:00:00-04:00,22.570999145507812,23.440000534057617,22.570999145507812,23.43000030517578,36100,0.0,0.0
2018-03-14 00:00:00-04:00,23.440000534057617,23.770000457763672,22.100000381469727,23.1200008392334,119100,0.0,0.0
2018-03-15 00:00:00-04:00,23.079999923706055,23.100000381469727,22.270000457763672,22.56999969482422,44800,0.0,0.0
2018-03-16 00:00:00-04:00,22.479999542236328,24.979999542236328,21.489999771118164,24.329999923706055,198700,0.0,0.0
2018-03-19 00:00:00-04:00,24.15999984741211,24.719999313354492,23.575000762939453,24.440000534057617,137100,0.0,0.0
2018-03-20 00:00:00-04:00,24.5,25.10099983215332,24.010000228881836,24.959999084472656,58200,0.0,0.0
2018-03-21 00:00:00-04:00,24.940000534057617,26.149999618530273,24.700000762939453,25.360000610351562,64200,0.0,0.0
2018-03-22 00:00:00-04:00,25.190000534057617,25.739999771118164,24.40999984741211,25.739999771118164,36800,0.0,0.0
2018-03-23 00:00:00-04:00,25.790000915527344,26.25,25.010000228881836,26.0,93000,0.0,0.0
2018-03-26 00:00:00-04:00,26.290000915527344,26.290000915527344,22.200000762939453,22.43000030517578,176600,0.0,0.0
2018-03-27 00:00:00-04:00,22.579999923706055,23.399999618530273,21.340999603271484,21.700000762939453,169200,0.0,0.0
2018-03-28 00:00:00-04:00,21.540000915527344,22.399999618530273,21.260000228881836,21.940000534057617,110700,0.0,0.0
2018-03-29 00:00:00-04:00,21.8799991607666,21.90999984741211,21.010000228881836,21.860000610351562,246300,0.0,0.0
2018-04-02 00:00:00-04:00,22.030000686645508,22.959999084472656,21.31999969482422,22.100000381469727,77600,0.0,0.0
2018-04-03 00:00:00-04:00,22.520000457763672,23.459999084472656,22.1200008392334,23.260000228881836,89000,0.0,0.0
2018-04-04 00:00:00-04:00,23.09000015258789,26.450000762939453,23.09000015258789,25.799999237060547,98200,0.0,0.0
2018-04-05 00:00:00-04:00,25.059999465942383,27.489999771118164,25.01099967956543,27.270000457763672,85200,0.0,0.0
2018-04-06 00:00:00-04:00,27.350000381469727,27.350000381469727,22.299999237060547,22.399999618530273,171200,0.0,0.0
2018-04-09 00:00:00-04:00,22.56999969482422,23.97599983215332,22.56999969482422,23.190000534057617,81200,0.0,0.0
2018-04-10 00:00:00-04:00,23.40999984741211,23.610000610351562,23.0,23.229999542236328,79200,0.0,0.0
2018-04-11 00:00:00-04:00,23.09000015258789,23.969999313354492,22.959999084472656,23.170000076293945,68700,0.0,0.0
2018-04-12 00:00:00-04:00,23.270000457763672,24.43000030517578,22.649999618530273,22.690000534057617,38700,0.0,0.0
2018-04-13 00:00:00-04:00,22.760000228881836,23.8799991607666,22.739999771118164,22.84000015258789,32500,0.0,0.0
2018-04-16 00:00:00-04:00,23.030000686645508,23.6200008392334,23.030000686645508,23.350000381469727,68400,0.0,0.0
2018-04-17 00:00:00-04:00,23.579999923706055,23.614999771118164,22.988000869750977,23.280000686645508,86800,0.0,0.0
2018-04-18 00:00:00-04:00,23.280000686645508,23.760000228881836,22.549999237060547,22.59000015258789,68400,0.0,0.0
2018-04-19 00:00:00-04:00,22.579999923706055,23.0,22.420000076293945,22.450000762939453,73900,0.0,0.0
2018-04-20 00:00:00-04:00,22.790000915527344,23.225000381469727,22.510000228881836,22.700000762939453,111900,0.0,0.0
2018-04-23 00:00:00-04:00,22.8700008392334,22.999000549316406,21.920000076293945,22.739999771118164,78100,0.0,0.0
2018-04-24 00:00:00-04:00,22.790000915527344,23.479999542236328,22.3799991607666,22.530000686645508,55200,0.0,0.0
2018-04-25 00:00:00-04:00,22.5,22.5,21.0,21.09000015258789,172500,0.0,0.0
2018-04-26 00:00:00-04:00,21.260000228881836,21.610000610351562,20.799999237060547,21.0,101700,0.0,0.0
2018-04-27 00:00:00-04:00,21.100000381469727,22.110000610351562,20.809999465942383,20.969999313354492,51200,0.0,0.0
2018-04-30 00:00:00-04:00,21.06999969482422,21.579999923706055,21.030000686645508,21.450000762939453,31300,0.0,0.0
2018-05-01 00:00:00-04:00,21.399999618530273,21.989999771118164,21.30500030517578,21.6200008392334,28100,0.0,0.0
2018-05-02 00:00:00-04:00,21.670000076293945,22.229999542236328,21.649999618530273,21.979999542236328,36700,0.0,0.0
2018-05-03 00:00:00-04:00,21.950000762939453,22.799999237060547,21.950000762939453,22.799999237060547,37100,0.0,0.0
2018-05-04 00:00:00-04:00,22.799999237060547,23.1299991607666,21.190000534057617,21.68000030517578,75900,0.0,0.0
2018-05-07 00:00:00-04:00,21.93000030517578,24.030000686645508,21.850000381469727,23.989999771118164,86800,0.0,0.0
2018-05-08 00:00:00-04:00,24.040000915527344,25.0,23.55500030517578,24.739999771118164,81600,0.0,0.0
2018-05-09 00:00:00-04:00,24.81999969482422,24.81999969482422,23.149999618530273,23.780000686645508,49200,0.0,0.0
2018-05-10 00:00:00-04:00,23.799999237060547,25.81999969482422,23.799999237060547,25.510000228881836,49400,0.0,0.0
2018-05-11 00:00:00-04:00,25.760000228881836,25.770000457763672,24.920000076293945,25.68000030517578,48600,0.0,0.0
2018-05-14 00:00:00-04:00,25.6299991607666,25.690000534057617,24.969999313354492,24.969999313354492,38800,0.0,0.0
2018-05-15 00:00:00-04:00,25.260000228881836,26.18000030517578,24.5,25.920000076293945,61700,0.0,0.0
2018-05-16 00:00:00-04:00,25.899999618530273,26.5,25.709999084472656,26.329999923706055,69700,0.0,0.0
2018-05-17 00:00:00-04:00,26.450000762939453,27.851999282836914,26.284000396728516,27.1200008392334,142600,0.0,0.0
2018-05-18 00:00:00-04:00,27.479999542236328,27.479999542236328,25.15999984741211,25.260000228881836,124600,0.0,0.0
2018-05-21 00:00:00-04:00,25.520000457763672,26.73900032043457,25.299999237060547,25.3799991607666,60300,0.0,0.0
2018-05-22 00:00:00-04:00,25.420000076293945,25.944000244140625,24.299999237060547,25.5,87900,0.0,0.0
2018-05-23 00:00:00-04:00,25.270000457763672,25.6200008392334,23.75,24.899999618530273,73300,0.0,0.0
2018-05-24 00:00:00-04:00,24.809999465942383,25.700000762939453,24.799999237060547,25.34000015258789,67900,0.0,0.0
2018-05-25 00:00:00-04:00,25.299999237060547,25.68000030517578,24.81999969482422,24.950000762939453,26000,0.0,0.0
2018-05-29 00:00:00-04:00,25.020000457763672,25.979999542236328,23.540000915527344,24.3799991607666,91800,0.0,0.0
2018-05-30 00:00:00-04:00,24.3799991607666,25.360000610351562,23.0,23.0,72000,0.0,0.0
2018-05-31 00:00:00-04:00,23.329999923706055,24.378999710083008,23.139999389648438,24.0,119900,0.0,0.0
2018-06-01 00:00:00-04:00,23.969999313354492,25.1299991607666,23.0,25.1299991607666,162800,0.0,0.0
2018-06-04 00:00:00-04:00,25.1299991607666,25.459999084472656,23.959999084472656,24.260000228881836,71000,0.0,0.0
2018-06-05 00:00:00-04:00,24.420000076293945,26.190000534057617,24.420000076293945,25.3700008392334,96100,0.0,0.0
2018-06-06 00:00:00-04:00,25.420000076293945,25.827999114990234,24.190000534057617,24.299999237060547,75500,0.0,0.0
2018-06-07 00:00:00-04:00,24.260000228881836,24.760000228881836,23.600000381469727,23.8799991607666,64400,0.0,0.0
2018-06-08 00:00:00-04:00,24.0,24.25,23.600000381469727,24.040000915527344,89700,0.0,0.0
2018-06-11 00:00:00-04:00,24.06999969482422,24.489999771118164,22.25,22.829999923706055,191200,0.0,0.0
2018-06-12 00:00:00-04:00,22.860000610351562,23.35300064086914,22.860000610351562,23.209999084472656,34300,0.0,0.0
2018-06-13 00:00:00-04:00,23.200000762939453,23.450000762939453,22.979999542236328,23.059999465942383,56100,0.0,0.0
2018-06-14 00:00:00-04:00,23.059999465942383,23.104999542236328,22.440000534057617,22.93000030517578,77800,0.0,0.0
2018-06-15 00:00:00-04:00,22.899999618530273,23.209999084472656,21.719999313354492,21.8799991607666,186500,0.0,0.0
2018-06-18 00:00:00-04:00,21.8799991607666,22.829999923706055,21.600000381469727,22.059999465942383,82500,0.0,0.0
2018-06-19 00:00:00-04:00,21.860000610351562,22.84000015258789,21.450000762939453,22.34000015258789,65300,0.0,0.0
2018-06-20 00:00:00-04:00,22.40999984741211,22.780000686645508,22.0,22.170000076293945,38800,0.0,0.0
2018-06-21 00:00:00-04:00,22.190000534057617,22.3700008392334,21.1299991607666,21.760000228881836,58500,0.0,0.0
2018-06-22 00:00:00-04:00,21.850000381469727,22.280000686645508,21.299999237060547,22.219999313354492,605400,0.0,0.0
2018-06-25 00:00:00-04:00,22.149999618530273,22.5,21.209999084472656,21.610000610351562,83900,0.0,0.0
2018-06-26 00:00:00-04:00,21.690000534057617,22.25,21.399999618530273,21.510000228881836,61200,0.0,0.0
2018-06-27 00:00:00-04:00,21.6299991607666,22.051000595092773,21.0,21.1200008392334,60500,0.0,0.0
2018-06-28 00:00:00-04:00,21.1299991607666,21.597000122070312,21.1299991607666,21.489999771118164,43800,0.0,0.0
2018-06-29 00:00:00-04:00,21.399999618530273,22.299999237060547,20.989999771118164,21.06999969482422,62700,0.0,0.0
2018-07-02 00:00:00-04:00,20.950000762939453,21.770000457763672,20.950000762939453,21.530000686645508,25800,0.0,0.0
2018-07-03 00:00:00-04:00,21.579999923706055,23.19499969482422,21.423999786376953,22.559999465942383,40200,0.0,0.0
2018-07-05 00:00:00-04:00,22.59000015258789,22.850000381469727,22.280000686645508,22.440000534057617,54300,0.0,0.0
2018-07-06 00:00:00-04:00,22.540000915527344,22.795000076293945,21.520000457763672,22.510000228881836,88000,0.0,0.0
2018-07-09 00:00:00-04:00,22.5,22.96500015258789,21.850000381469727,22.670000076293945,58300,0.0,0.0
2018-07-10 00:00:00-04:00,22.690000534057617,22.799999237060547,21.829999923706055,22.020000457763672,50400,0.0,0.0
2018-07-11 00:00:00-04:00,21.940000534057617,22.280000686645508,21.549999237060547,21.709999084472656,52400,0.0,0.0
2018-07-12 00:00:00-04:00,21.860000610351562,21.8799991607666,21.540000915527344,21.760000228881836,20500,0.0,0.0
2018-07-13 00:00:00-04:00,21.719999313354492,21.8700008392334,21.312999725341797,21.489999771118164,40000,0.0,0.0
2018-07-16 00:00:00-04:00,21.559999465942383,21.770000457763672,20.59000015258789,20.969999313354492,79200,0.0,0.0
2018-07-17 00:00:00-04:00,21.0,21.344999313354492,20.860000610351562,20.940000534057617,29200,0.0,0.0
2018-07-18 00:00:00-04:00,20.969999313354492,21.100000381469727,20.299999237060547,20.790000915527344,91300,0.0,0.0
2018-07-19 00:00:00-04:00,20.760000228881836,21.604999542236328,20.309999465942383,20.450000762939453,53500,0.0,0.0
2018-07-20 00:00:00-04:00,20.420000076293945,20.59000015258789,20.139999389648438,20.239999771118164,34700,0.0,0.0
2018-07-23 00:00:00-04:00,20.329999923706055,20.415000915527344,20.100000381469727,20.270000457763672,21600,0.0,0.0
2018-07-24 00:00:00-04:00,20.56999969482422,20.56999969482422,20.0,20.219999313354492,31300,0.0,0.0
2018-07-25 00:00:00-04:00,20.190000534057617,20.972999572753906,19.989999771118164,20.84000015258789,39000,0.0,0.0
2018-07-26 00:00:00-04:00,20.709999084472656,21.325000762939453,20.25200080871582,20.639999389648438,46200,0.0,0.0
2018-07-27 00:00:00-04:00,20.760000228881836,20.760000228881836,19.450000762939453,20.020000457763672,130900,0.0,0.0
2018-07-30 00:00:00-04:00,20.15999984741211,20.7450008392334,19.84000015258789,20.18000030517578,23400,0.0,0.0
2018-07-31 00:00:00-04:00,20.18000030517578,20.43000030517578,19.829999923706055,19.959999084472656,17700,0.0,0.0
2018-08-01 00:00:00-04:00,20.0,20.34000015258789,19.575000762939453,20.190000534057617,26500,0.0,0.0
2018-08-02 00:00:00-04:00,20.31999969482422,20.770000457763672,19.899999618530273,20.420000076293945,25600,0.0,0.0
2018-08-03 00:00:00-04:00,20.31999969482422,20.920000076293945,19.899999618530273,20.5,13200,0.0,0.0
2018-08-06 00:00:00-04:00,20.43000030517578,21.670000076293945,20.43000030517578,21.049999237060547,28800,0.0,0.0
2018-08-07 00:00:00-04:00,21.1299991607666,21.88599967956543,20.760000228881836,21.079999923706055,20100,0.0,0.0
2018-08-08 00:00:00-04:00,20.729999542236328,21.6299991607666,20.729999542236328,21.459999084472656,27800,0.0,0.0
2018-08-09 00:00:00-04:00,21.489999771118164,22.700000762939453,21.474000930786133,22.489999771118164,51900,0.0,0.0
2018-08-10 00:00:00-04:00,22.559999465942383,22.559999465942383,21.799999237060547,21.979999542236328,17500,0.0,0.0
2018-08-13 00:00:00-04:00,22.5,22.518999099731445,20.43000030517578,20.520000457763672,43300,0.0,0.0
2018-08-14 00:00:00-04:00,20.520000457763672,21.190000534057617,20.25,20.670000076293945,46700,0.0,0.0
2018-08-15 00:00:00-04:00,20.579999923706055,20.579999923706055,19.684999465942383,19.899999618530273,26200,0.0,0.0
2018-08-16 00:00:00-04:00,20.0,20.450000762939453,19.795000076293945,20.1200008392334,17700,0.0,0.0
2018-08-17 00:00:00-04:00,20.010000228881836,20.43000030517578,19.860000610351562,20.399999618530273,22200,0.0,0.0
2018-08-20 00:00:00-04:00,20.43000030517578,20.43000030517578,20.010000228881836,20.149999618530273,14200,0.0,0.0
2018-08-21 00:00:00-04:00,20.114999771118164,20.281999588012695,19.913000106811523,20.040000915527344,25600,0.0,0.0
2018-08-22 00:00:00-04:00,20.020000457763672,21.239999771118164,19.850000381469727,20.649999618530273,23500,0.0,0.0
2018-08-23 00:00:00-04:00,20.610000610351562,22.5,20.610000610351562,22.420000076293945,73600,0.0,0.0
2018-08-24 00:00:00-04:00,22.5,22.65999984741211,22.052000045776367,22.520000457763672,21500,0.0,0.0
2018-08-27 00:00:00-04:00,22.209999084472656,22.493999481201172,20.059999465942383,22.010000228881836,31000,0.0,0.0
2018-08-28 00:00:00-04:00,22.170000076293945,22.3799991607666,22.020000457763672,22.06999969482422,14000,0.0,0.0
2018-08-29 00:00:00-04:00,22.25,23.42099952697754,22.25,22.860000610351562,76000,0.0,0.0
2018-08-30 00:00:00-04:00,22.989999771118164,23.399999618530273,22.6200008392334,22.899999618530273,51900,0.0,0.0
2018-08-31 00:00:00-04:00,22.829999923706055,26.190000534057617,22.469999313354492,25.959999084472656,180800,0.0,0.0
2018-09-04 00:00:00-04:00,26.0,26.0,24.709999084472656,25.670000076293945,131300,0.0,0.0
2018-09-05 00:00:00-04:00,25.6200008392334,27.209999084472656,24.78499984741211,27.190000534057617,139300,0.0,0.0
2018-09-06 00:00:00-04:00,27.940000534057617,29.25,25.466999053955078,27.329999923706055,152800,0.0,0.0
2018-09-07 00:00:00-04:00,27.229999542236328,28.5,27.059999465942383,28.06999969482422,52200,0.0,0.0
2018-09-10 00:00:00-04:00,28.270000457763672,30.489999771118164,28.079999923706055,29.43000030517578,120300,0.0,0.0
2018-09-11 00:00:00-04:00,29.329999923706055,30.81999969482422,28.77400016784668,30.200000762939453,78600,0.0,0.0
2018-09-12 00:00:00-04:00,30.25,30.448999404907227,29.22599983215332,29.600000381469727,53500,0.0,0.0
2018-09-13 00:00:00-04:00,29.6299991607666,29.889999389648438,28.341999053955078,29.600000381469727,54400,0.0,0.0
2018-09-14 00:00:00-04:00,29.510000228881836,30.280000686645508,29.139999389648438,30.239999771118164,54200,0.0,0.0
2018-09-17 00:00:00-04:00,30.709999084472656,30.729999542236328,29.700000762939453,30.0,62800,0.0,0.0
2018-09-18 00:00:00-04:00,30.190000534057617,31.389999389648438,29.799999237060547,29.950000762939453,54900,0.0,0.0
2018-09-19 00:00:00-04:00,29.950000762939453,30.25,29.56999969482422,29.969999313354492,44100,0.0,0.0
2018-09-20 00:00:00-04:00,29.969999313354492,31.024999618530273,28.049999237060547,30.530000686645508,75000,0.0,0.0
2018-09-21 00:00:00-04:00,30.469999313354492,30.469999313354492,28.280000686645508,28.280000686645508,242200,0.0,0.0
2018-09-24 00:00:00-04:00,28.25,29.820999145507812,28.25,29.110000610351562,53500,0.0,0.0
2018-09-25 00:00:00-04:00,29.25,30.0,28.149999618530273,28.790000915527344,81900,0.0,0.0
2018-09-26 00:00:00-04:00,28.729999542236328,30.149999618530273,28.729999542236328,29.600000381469727,61700,0.0,0.0
2018-09-27 00:00:00-04:00,29.510000228881836,31.670000076293945,28.59000015258789,29.280000686645508,43800,0.0,0.0
2018-09-28 00:00:00-04:00,29.25,30.170000076293945,29.25,29.899999618530273,27000,0.0,0.0
2018-10-01 00:00:00-04:00,29.989999771118164,30.200000762939453,28.75,29.0,39600,0.0,0.0
2018-10-02 00:00:00-04:00,29.0,29.801000595092773,28.31999969482422,29.079999923706055,21700,0.0,0.0
2018-10-03 00:00:00-04:00,29.079999923706055,29.850000381469727,29.049999237060547,29.209999084472656,25200,0.0,0.0
2018-10-04 00:00:00-04:00,29.110000610351562,29.3799991607666,28.38800048828125,29.299999237060547,66600,0.0,0.0
2018-10-05 00:00:00-04:00,29.399999618530273,30.645000457763672,29.399999618530273,29.950000762939453,51900,0.0,0.0
2018-10-08 00:00:00-04:00,30.0,30.493000030517578,29.344999313354492,29.81999969482422,33100,0.0,0.0
2018-10-09 00:00:00-04:00,29.780000686645508,29.809999465942383,29.0,29.360000610351562,35500,0.0,0.0
2018-10-10 00:00:00-04:00,29.239999771118164,30.121999740600586,27.950000762939453,27.950000762939453,40400,0.0,0.0
2018-10-11 00:00:00-04:00,27.75,28.559999465942383,26.399999618530273,26.690000534057617,41100,0.0,0.0
2018-10-12 00:00:00-04:00,27.440000534057617,27.690000534057617,26.459999084472656,26.81999969482422,41400,0.0,0.0
2018-10-15 00:00:00-04:00,26.860000610351562,27.290000915527344,26.510000228881836,27.09000015258789,23200,0.0,0.0
2018-10-16 00:00:00-04:00,27.219999313354492,29.329999923706055,27.084999084472656,28.690000534057617,54300,0.0,0.0
2018-10-17 00:00:00-04:00,28.989999771118164,29.774999618530273,28.30699920654297,29.600000381469727,18900,0.0,0.0
2018-10-18 00:00:00-04:00,29.5,30.0,28.579999923706055,28.8799991607666,10200,0.0,0.0
2018-10-19 00:00:00-04:00,28.899999618530273,29.6200008392334,28.5,28.649999618530273,20300,0.0,0.0
2018-10-22 00:00:00-04:00,28.809999465942383,29.600000381469727,28.639999389648438,29.40999984741211,11500,0.0,0.0
2018-10-23 00:00:00-04:00,28.899999618530273,29.0,26.969999313354492,27.190000534057617,58500,0.0,0.0
2018-10-24 00:00:00-04:00,27.110000610351562,27.31599998474121,25.43000030517578,25.670000076293945,35500,0.0,0.0
2018-10-25 00:00:00-04:00,25.8799991607666,27.579999923706055,25.51300048828125,27.100000381469727,79100,0.0,0.0
2018-10-26 00:00:00-04:00,26.739999771118164,27.850000381469727,26.5,27.399999618530273,34700,0.0,0.0
2018-10-29 00:00:00-04:00,27.600000381469727,27.8700008392334,26.649999618530273,27.030000686645508,32100,0.0,0.0
2018-10-30 00:00:00-04:00,27.010000228881836,27.559999465942383,26.780000686645508,27.3799991607666,33000,0.0,0.0
2018-10-31 00:00:00-04:00,27.5,27.790000915527344,27.299999237060547,27.68000030517578,108600,0.0,0.0
2018-11-01 00:00:00-04:00,27.790000915527344,28.35099983215332,27.450000762939453,27.649999618530273,18900,0.0,0.0
2018-11-02 00:00:00-04:00,27.729999542236328,27.8799991607666,26.950000762939453,26.950000762939453,8500,0.0,0.0
2018-11-05 00:00:00-05:00,27.020000457763672,27.729999542236328,26.579999923706055,26.829999923706055,20500,0.0,0.0
2018-11-06 00:00:00-05:00,26.56999969482422,27.448999404907227,26.399999618530273,27.0,27000,0.0,0.0
2018-11-07 00:00:00-05:00,27.1299991607666,27.809999465942383,26.75,27.0,63300,0.0,0.0
2018-11-08 00:00:00-05:00,26.8799991607666,28.68000030517578,26.64299964904785,28.059999465942383,49900,0.0,0.0
2018-11-09 00:00:00-05:00,27.809999465942383,28.389999389648438,26.649999618530273,27.139999389648438,28300,0.0,0.0
2018-11-12 00:00:00-05:00,27.059999465942383,28.559999465942383,26.524999618530273,28.389999389648438,62100,0.0,0.0
2018-11-13 00:00:00-05:00,28.479999542236328,28.479999542236328,26.65999984741211,26.950000762939453,25100,0.0,0.0
2018-11-14 00:00:00-05:00,26.979999542236328,27.115999221801758,25.1299991607666,25.309999465942383,59600,0.0,0.0
2018-11-15 00:00:00-05:00,25.5,27.280000686645508,25.5,27.1200008392334,80200,0.0,0.0
2018-11-16 00:00:00-05:00,26.920000076293945,27.09000015258789,25.260000228881836,25.43000030517578,84600,0.0,0.0
2018-11-19 00:00:00-05:00,25.25,26.59600067138672,23.5,23.59000015258789,67000,0.0,0.0
2018-11-20 00:00:00-05:00,24.0,25.06999969482422,23.6299991607666,24.219999313354492,49700,0.0,0.0
2018-11-21 00:00:00-05:00,24.610000610351562,25.799999237060547,23.040000915527344,25.260000228881836,49100,0.0,0.0
2018-11-23 00:00:00-05:00,25.170000076293945,25.280000686645508,24.135000228881836,25.049999237060547,32200,0.0,0.0
2018-11-26 00:00:00-05:00,25.149999618530273,25.285999298095703,23.815000534057617,23.93000030517578,27000,0.0,0.0
2018-11-27 00:00:00-05:00,23.799999237060547,24.34000015258789,23.75,24.0,20400,0.0,0.0
2018-11-28 00:00:00-05:00,23.989999771118164,25.81999969482422,23.6200008392334,25.209999084472656,58000,0.0,0.0
2018-11-29 00:00:00-05:00,25.149999618530273,25.889999389648438,24.770000457763672,25.290000915527344,64900,0.0,0.0
2018-11-30 00:00:00-05:00,25.06999969482422,25.200000762939453,24.549999237060547,24.56999969482422,18600,0.0,0.0
2018-12-03 00:00:00-05:00,24.8799991607666,24.8799991607666,23.65999984741211,23.780000686645508,45200,0.0,0.0
2018-12-04 00:00:00-05:00,23.799999237060547,24.652000427246094,23.31999969482422,24.0,57300,0.0,0.0
2018-12-06 00:00:00-05:00,23.65999984741211,24.489999771118164,23.399999618530273,24.020000457763672,28000,0.0,0.0
2018-12-07 00:00:00-05:00,24.09000015258789,25.288999557495117,23.200000762939453,23.75,33000,0.0,0.0
2018-12-10 00:00:00-05:00,23.860000610351562,25.0,23.790000915527344,24.780000686645508,26400,0.0,0.0
2018-12-11 00:00:00-05:00,25.040000915527344,25.06999969482422,23.84000015258789,24.1299991607666,21600,0.0,0.0
2018-12-12 00:00:00-05:00,24.020000457763672,24.670000076293945,23.8700008392334,24.010000228881836,40500,0.0,0.0
2018-12-13 00:00:00-05:00,24.170000076293945,24.49799919128418,23.75,24.1200008392334,39700,0.0,0.0
2018-12-14 00:00:00-05:00,24.100000381469727,24.3799991607666,23.790000915527344,24.1299991607666,37600,0.0,0.0
2018-12-17 00:00:00-05:00,24.100000381469727,24.110000610351562,23.200000762939453,23.40999984741211,43300,0.0,0.0
2018-12-18 00:00:00-05:00,23.690000534057617,23.969999313354492,23.312000274658203,23.690000534057617,43200,0.0,0.0
2018-12-19 00:00:00-05:00,23.920000076293945,23.920000076293945,22.809999465942383,23.34000015258789,31000,0.0,0.0
2018-12-20 00:00:00-05:00,23.459999084472656,23.709999084472656,21.969999313354492,23.290000915527344,54300,0.0,0.0
2018-12-21 00:00:00-05:00,23.290000915527344,23.760000228881836,21.850000381469727,21.850000381469727,44600,0.0,0.0
2018-12-24 00:00:00-05:00,21.799999237060547,22.559999465942383,21.799999237060547,21.8700008392334,12400,0.0,0.0
2018-12-26 00:00:00-05:00,22.06999969482422,23.790000915527344,21.757999420166016,22.850000381469727,33700,0.0,0.0
2018-12-27 00:00:00-05:00,22.719999313354492,23.649999618530273,21.90999984741211,23.25,24600,0.0,0.0
2018-12-28 00:00:00-05:00,23.389999389648438,24.579999923706055,22.25,23.690000534057617,25300,0.0,0.0
2018-12-31 00:00:00-05:00,23.8700008392334,24.0,23.25,23.399999618530273,25800,0.0,0.0
2019-01-02 00:00:00-05:00,23.1299991607666,25.649999618530273,23.1299991607666,25.649999618530273,21900,0.0,0.0
2019-01-03 00:00:00-05:00,26.0,26.0,24.47100067138672,24.709999084472656,56100,0.0,0.0
2019-01-04 00:00:00-05:00,25.219999313354492,25.382999420166016,24.56999969482422,24.889999389648438,23700,0.0,0.0
2019-01-07 00:00:00-05:00,24.649999618530273,24.860000610351562,24.290000915527344,24.799999237060547,16200,0.0,0.0
2019-01-08 00:00:00-05:00,24.469999313354492,24.927000045776367,24.229999542236328,24.809999465942383,18300,0.0,0.0
2019-01-09 00:00:00-05:00,24.719999313354492,25.850000381469727,24.600000381469727,25.489999771118164,16700,0.0,0.0
2019-01-10 00:00:00-05:00,25.079999923706055,25.600000381469727,24.200000762939453,24.639999389648438,12600,0.0,0.0
2019-01-11 00:00:00-05:00,24.540000915527344,25.43000030517578,24.170000076293945,25.43000030517578,15800,0.0,0.0
2019-01-14 00:00:00-05:00,25.559999465942383,25.940000534057617,24.783000946044922,25.0,15800,0.0,0.0
2019-01-15 00:00:00-05:00,25.059999465942383,25.30500030517578,24.59000015258789,24.989999771118164,13100,0.0,0.0
2019-01-16 00:00:00-05:00,24.829999923706055,25.847999572753906,24.639999389648438,24.959999084472656,22100,0.0,0.0
2019-01-17 00:00:00-05:00,25.010000228881836,25.610000610351562,24.959999084472656,25.3799991607666,25800,0.0,0.0
2019-01-18 00:00:00-05:00,25.389999389648438,25.489999771118164,24.816999435424805,25.0,37700,0.0,0.0
2019-01-22 00:00:00-05:00,24.950000762939453,25.31100082397461,24.600000381469727,24.799999237060547,14000,0.0,0.0
2019-01-23 00:00:00-05:00,24.860000610351562,25.200000762939453,24.469999313354492,24.75,14000,0.0,0.0
2019-01-24 00:00:00-05:00,24.93000030517578,25.46500015258789,24.760000228881836,24.780000686645508,9300,0.0,0.0
2019-01-25 00:00:00-05:00,24.860000610351562,25.5,24.799999237060547,24.979999542236328,14900,0.0,0.0
2019-01-28 00:00:00-05:00,24.729999542236328,25.334999084472656,24.56999969482422,24.809999465942383,14300,0.0,0.0
2019-01-29 00:00:00-05:00,24.809999465942383,25.405000686645508,24.55900001525879,24.950000762939453,27400,0.0,0.0
2019-01-30 00:00:00-05:00,25.1200008392334,25.416000366210938,24.649999618530273,25.1299991607666,13100,0.0,0.0
2019-01-31 00:00:00-05:00,25.079999923706055,25.40999984741211,24.950000762939453,25.290000915527344,16700,0.0,0.0
2019-02-01 00:00:00-05:00,25.040000915527344,25.454999923706055,24.68000030517578,24.989999771118164,19800,0.0,0.0
2019-02-04 00:00:00-05:00,24.760000228881836,25.440000534057617,24.760000228881836,25.049999237060547,32600,0.0,0.0
2019-02-05 00:00:00-05:00,24.81999969482422,25.329999923706055,24.770000457763672,24.860000610351562,24700,0.0,0.0
2019-02-06 00:00:00-05:00,24.8700008392334,25.44499969482422,24.809999465942383,24.860000610351562,18200,0.0,0.0
2019-02-07 00:00:00-05:00,24.770000457763672,25.0,24.020000457763672,24.170000076293945,13800,0.0,0.0
2019-02-08 00:00:00-05:00,24.0,24.051000595092773,23.1299991607666,23.84000015258789,32400,0.0,0.0
2019-02-11 00:00:00-05:00,23.850000381469727,23.850000381469727,23.233999252319336,23.700000762939453,9500,0.0,0.0
2019-02-12 00:00:00-05:00,23.770000457763672,24.1299991607666,23.636999130249023,23.90999984741211,10300,0.0,0.0
2019-02-13 00:00:00-05:00,23.950000762939453,24.440000534057617,23.610000610351562,23.969999313354492,10200,0.0,0.0
2019-02-14 00:00:00-05:00,23.889999389648438,24.229999542236328,23.75,23.90999984741211,9000,0.0,0.0
2019-02-15 00:00:00-05:00,24.110000610351562,24.200000762939453,23.610000610351562,24.100000381469727,13700,0.0,0.0
2019-02-19 00:00:00-05:00,23.809999465942383,25.520000457763672,23.809999465942383,24.959999084472656,47200,0.0,0.0
2019-02-20 00:00:00-05:00,25.084999084472656,25.420000076293945,24.59000015258789,24.700000762939453,13900,0.0,0.0
2019-02-21 00:00:00-05:00,24.760000228881836,24.979999542236328,24.06999969482422,24.1200008392334,13700,0.0,0.0
2019-02-22 00:00:00-05:00,24.707000732421875,24.922000885009766,24.010000228881836,24.010000228881836,35700,0.0,0.0
2019-02-25 00:00:00-05:00,24.290000915527344,24.940000534057617,24.04800033569336,24.760000228881836,11300,0.0,0.0
2019-02-26 00:00:00-05:00,24.520000457763672,25.079999923706055,24.398000717163086,24.700000762939453,23100,0.0,0.0
2019-02-27 00:00:00-05:00,24.65999984741211,25.0,24.5,24.690000534057617,9700,0.0,0.0
2019-02-28 00:00:00-05:00,24.700000762939453,25.0,24.579999923706055,24.979999542236328,13000,0.0,0.0
2019-03-01 00:00:00-05:00,25.040000915527344,25.540000915527344,25.040000915527344,25.170000076293945,9800,0.0,0.0
2019-03-04 00:00:00-05:00,25.170000076293945,25.170000076293945,24.65999984741211,24.860000610351562,6900,0.0,0.0
2019-03-05 00:00:00-05:00,24.940000534057617,25.235000610351562,24.520000457763672,24.6299991607666,12100,0.0,0.0
2019-03-06 00:00:00-05:00,24.891000747680664,25.15999984741211,24.7450008392334,24.959999084472656,9800,0.0,0.0
2019-03-07 00:00:00-05:00,24.899999618530273,25.309999465942383,24.75,24.829999923706055,8900,0.0,0.0
2019-03-08 00:00:00-05:00,24.700000762939453,25.09000015258789,24.639999389648438,24.639999389648438,14600,0.0,0.0
2019-03-11 00:00:00-04:00,24.780000686645508,24.875999450683594,24.520000457763672,24.739999771118164,13600,0.0,0.0
2019-03-12 00:00:00-04:00,24.799999237060547,25.98900032043457,24.799999237060547,25.56999969482422,26500,0.0,0.0
2019-03-13 00:00:00-04:00,25.809999465942383,26.100000381469727,25.5,26.0,15000,0.0,0.0
2019-03-14 00:00:00-04:00,26.20400047302246,27.1299991607666,26.110000610351562,27.0,15800,0.0,0.0
2019-03-15 00:00:00-04:00,27.0,27.648000717163086,26.6200008392334,27.100000381469727,67400,0.0,0.0
2019-03-18 00:00:00-04:00,27.299999237060547,27.809999465942383,26.56999969482422,27.610000610351562,46000,0.0,0.0
2019-03-19 00:00:00-04:00,27.610000610351562,28.0,26.729999542236328,27.06999969482422,23100,0.0,0.0
2019-03-20 00:00:00-04:00,26.93000030517578,27.0,26.540000915527344,26.540000915527344,14400,0.0,0.0
2019-03-21 00:00:00-04:00,26.559999465942383,27.024999618530273,25.010000228881836,25.209999084472656,31600,0.0,0.0
2019-03-22 00:00:00-04:00,25.1299991607666,27.18899917602539,24.68000030517578,24.709999084472656,28300,0.0,0.0
2019-03-25 00:00:00-04:00,24.920000076293945,25.21500015258789,23.850000381469727,24.860000610351562,40700,0.0,0.0
2019-03-26 00:00:00-04:00,25.260000228881836,26.62700080871582,25.18000030517578,25.34000015258789,19000,0.0,0.0
2019-03-27 00:00:00-04:00,25.48200035095215,25.48200035095215,24.829999923706055,24.940000534057617,11200,0.0,0.0
2019-03-28 00:00:00-04:00,25.049999237060547,25.200000762939453,24.822999954223633,25.200000762939453,28000,0.0,0.0
2019-03-29 00:00:00-04:00,25.5,25.899999618530273,24.799999237060547,24.940000534057617,28500,0.0,0.0
2019-04-01 00:00:00-04:00,25.280000686645508,25.885000228881836,24.665000915527344,25.1299991607666,36300,0.0,0.0
2019-04-02 00:00:00-04:00,25.915000915527344,25.915000915527344,24.36400032043457,25.280000686645508,29800,0.0,0.0
2019-04-03 00:00:00-04:00,25.299999237060547,25.780000686645508,24.670000076293945,25.1299991607666,29400,0.0,0.0
2019-04-04 00:00:00-04:00,25.420000076293945,25.829999923706055,24.739999771118164,25.059999465942383,17300,0.0,0.0
2019-04-05 00:00:00-04:00,25.149999618530273,25.84000015258789,25.1299991607666,25.1299991607666,19600,0.0,0.0
2019-04-08 00:00:00-04:00,25.389999389648438,25.389999389648438,24.969999313354492,24.989999771118164,15300,0.0,0.0
2019-04-09 00:00:00-04:00,24.889999389648438,25.219999313354492,24.739999771118164,24.81999969482422,51000,0.0,0.0
2019-04-10 00:00:00-04:00,24.829999923706055,25.1299991607666,24.829999923706055,25.0,16200,0.0,0.0
2019-04-11 00:00:00-04:00,24.841999053955078,24.88599967956543,24.670000076293945,24.8700008392334,9800,0.0,0.0
2019-04-12 00:00:00-04:00,25.030000686645508,25.825000762939453,24.850000381469727,24.93000030517578,34000,0.0,0.0
2019-04-15 00:00:00-04:00,25.06999969482422,25.299999237060547,24.700000762939453,24.940000534057617,16100,0.0,0.0
2019-04-16 00:00:00-04:00,25.020000457763672,25.190000534057617,24.799999237060547,24.920000076293945,11800,0.0,0.0
2019-04-17 00:00:00-04:00,24.920000076293945,25.149999618530273,24.908000946044922,24.950000762939453,10900,0.0,0.0
2019-04-18 00:00:00-04:00,24.90999984741211,25.260000228881836,24.90999984741211,25.100000381469727,16800,0.0,0.0
2019-04-22 00:00:00-04:00,25.100000381469727,25.100000381469727,24.65999984741211,24.940000534057617,13700,0.0,0.0
2019-04-23 00:00:00-04:00,25.010000228881836,25.190000534057617,24.1200008392334,24.59000015258789,83800,0.0,0.0
2019-04-24 00:00:00-04:00,24.850000381469727,25.190000534057617,24.450000762939453,24.84000015258789,20500,0.0,0.0
2019-04-25 00:00:00-04:00,24.739999771118164,25.0,24.670000076293945,25.0,12200,0.0,0.0
2019-04-26 00:00:00-04:00,24.989999771118164,25.170000076293945,24.600000381469727,24.700000762939453,52900,0.0,0.0
2019-04-29 00:00:00-04:00,24.600000381469727,24.90999984741211,24.25200080871582,24.329999923706055,41000,0.0,0.0
2019-04-30 00:00:00-04:00,24.510000228881836,24.59000015258789,23.440000534057617,23.549999237060547,59600,0.0,0.0
2019-05-01 00:00:00-04:00,23.850000381469727,24.3799991607666,23.5,24.3700008392334,16900,0.0,0.0
2019-05-02 00:00:00-04:00,24.360000610351562,24.969999313354492,24.360000610351562,24.68000030517578,17800,0.0,0.0
2019-05-03 00:00:00-04:00,24.799999237060547,26.0,24.799999237060547,25.790000915527344,22900,0.0,0.0
2019-05-06 00:00:00-04:00,25.780000686645508,26.479999542236328,25.5049991607666,25.709999084472656,30200,0.0,0.0
2019-05-07 00:00:00-04:00,26.389999389648438,26.389999389648438,25.60700035095215,26.110000610351562,22900,0.0,0.0
2019-05-08 00:00:00-04:00,26.290000915527344,26.979999542236328,25.999000549316406,26.860000610351562,21000,0.0,0.0
2019-05-09 00:00:00-04:00,26.920000076293945,27.0,26.399999618530273,26.739999771118164,19400,0.0,0.0
2019-05-10 00:00:00-04:00,26.6299991607666,27.059999465942383,26.6299991607666,27.059999465942383,22500,0.0,0.0
2019-05-13 00:00:00-04:00,26.610000610351562,27.05500030517578,25.0,25.020000457763672,39600,0.0,0.0
2019-05-14 00:00:00-04:00,25.15999984741211,26.010000228881836,24.75,24.780000686645508,29700,0.0,0.0
2019-05-15 00:00:00-04:00,24.860000610351562,25.780000686645508,24.860000610351562,25.0,46100,0.0,0.0
2019-05-16 00:00:00-04:00,25.0,25.440000534057617,24.90999984741211,24.989999771118164,46800,0.0,0.0
2019-05-17 00:00:00-04:00,24.860000610351562,25.360000610351562,24.687000274658203,25.100000381469727,36400,0.0,0.0
2019-05-20 00:00:00-04:00,24.93000030517578,25.469999313354492,24.549999237060547,24.950000762939453,55800,0.0,0.0
2019-05-21 00:00:00-04:00,25.079999923706055,25.520000457763672,24.760000228881836,24.899999618530273,34000,0.0,0.0
2019-05-22 00:00:00-04:00,24.829999923706055,25.364999771118164,24.649999618530273,24.959999084472656,18500,0.0,0.0
2019-05-23 00:00:00-04:00,24.940000534057617,25.15999984741211,24.600000381469727,24.8700008392334,28000,0.0,0.0
2019-05-24 00:00:00-04:00,24.81999969482422,25.389999389648438,24.709999084472656,24.790000915527344,22400,0.0,0.0
2019-05-28 00:00:00-04:00,24.860000610351562,25.440000534057617,24.610000610351562,24.799999237060547,91900,0.0,0.0
2019-05-29 00:00:00-04:00,24.850000381469727,25.125,24.822999954223633,24.93000030517578,52800,0.0,0.0
2019-05-30 00:00:00-04:00,24.93000030517578,24.93000030517578,24.25,24.670000076293945,29200,0.0,0.0
2019-05-31 00:00:00-04:00,24.479999542236328,24.770000457763672,23.812000274658203,24.1299991607666,57600,0.0,0.0
2019-06-03 00:00:00-04:00,24.0,24.719999313354492,23.209999084472656,24.510000228881836,124900,0.0,0.0
2019-06-04 00:00:00-04:00,24.520000457763672,24.889999389648438,24.01099967956543,24.450000762939453,84000,0.0,0.0
2019-06-05 00:00:00-04:00,24.350000381469727,24.65999984741211,23.700000762939453,24.270000457763672,60500,0.0,0.0
2019-06-06 00:00:00-04:00,24.389999389648438,24.530000686645508,23.729999542236328,24.260000228881836,29400,0.0,0.0
2019-06-07 00:00:00-04:00,24.299999237060547,24.799999237060547,24.040000915527344,24.219999313354492,27000,0.0,0.0
2019-06-10 00:00:00-04:00,24.290000915527344,24.719999313354492,24.290000915527344,24.489999771118164,47500,0.0,0.0
2019-06-11 00:00:00-04:00,24.690000534057617,24.809999465942383,24.010000228881836,24.350000381469727,57300,0.0,0.0
2019-06-12 00:00:00-04:00,24.299999237060547,24.649999618530273,24.049999237060547,24.170000076293945,41600,0.0,0.0
2019-06-13 00:00:00-04:00,24.170000076293945,24.420000076293945,23.790000915527344,24.170000076293945,51100,0.0,0.0
2019-06-14 00:00:00-04:00,24.139999389648438,24.5049991607666,24.079999923706055,24.239999771118164,39100,0.0,0.0
2019-06-17 00:00:00-04:00,24.540000915527344,24.639999389648438,24.010000228881836,24.25,51500,0.0,0.0
2019-06-18 00:00:00-04:00,24.850000381469727,24.850000381469727,24.31999969482422,24.579999923706055,46300,0.0,0.0
2019-06-19 00:00:00-04:00,24.479999542236328,24.625,24.239999771118164,24.31999969482422,38300,0.0,0.0
2019-06-20 00:00:00-04:00,24.479999542236328,24.84000015258789,24.09000015258789,24.260000228881836,40300,0.0,0.0
2019-06-21 00:00:00-04:00,24.079999923706055,24.350000381469727,23.549999237060547,23.84000015258789,48200,0.0,0.0
2019-06-24 00:00:00-04:00,23.65999984741211,23.989999771118164,23.110000610351562,23.290000915527344,53200,0.0,0.0
2019-06-25 00:00:00-04:00,23.170000076293945,23.6299991607666,22.020000457763672,22.40999984741211,66500,0.0,0.0
2019-06-26 00:00:00-04:00,22.459999084472656,22.850000381469727,22.18000030517578,22.270000457763672,69600,0.0,0.0
2019-06-27 00:00:00-04:00,22.549999237060547,23.0,22.239999771118164,22.5,83500,0.0,0.0
2019-06-28 00:00:00-04:00,22.479999542236328,23.59000015258789,22.399999618530273,23.149999618530273,703300,0.0,0.0
2019-07-01 00:00:00-04:00,23.350000381469727,23.547000885009766,22.6200008392334,22.739999771118164,74400,0.0,0.0
2019-07-02 00:00:00-04:00,22.889999389648438,23.299999237060547,22.579999923706055,23.049999237060547,84000,0.0,0.0
2019-07-03 00:00:00-04:00,23.420000076293945,23.850000381469727,23.3700008392334,23.600000381469727,54100,0.0,0.0
2019-07-05 00:00:00-04:00,23.93000030517578,24.18000030517578,23.625999450683594,23.799999237060547,82800,0.0,0.0
2019-07-08 00:00:00-04:00,24.0,24.700000762939453,23.889999389648438,24.25,100200,0.0,0.0
2019-07-09 00:00:00-04:00,24.329999923706055,24.56999969482422,24.110000610351562,24.149999618530273,41500,0.0,0.0
2019-07-10 00:00:00-04:00,24.450000762939453,24.72599983215332,23.329999923706055,23.56999969482422,65500,0.0,0.0
2019-07-11 00:00:00-04:00,23.65999984741211,23.860000610351562,23.34000015258789,23.40999984741211,47600,0.0,0.0
2019-07-12 00:00:00-04:00,23.479999542236328,24.1299991607666,23.270000457763672,23.739999771118164,70900,0.0,0.0
2019-07-15 00:00:00-04:00,24.239999771118164,24.239999771118164,23.56999969482422,23.6299991607666,42700,0.0,0.0
2019-07-16 00:00:00-04:00,23.719999313354492,24.079999923706055,23.59000015258789,23.639999389648438,32800,0.0,0.0
2019-07-17 00:00:00-04:00,23.610000610351562,23.68000030517578,23.270000457763672,23.350000381469727,37500,0.0,0.0
2019-07-18 00:00:00-04:00,23.31999969482422,23.34000015258789,23.0049991607666,23.100000381469727,13900,0.0,0.0
2019-07-19 00:00:00-04:00,23.030000686645508,23.360000610351562,22.850000381469727,22.940000534057617,46700,0.0,0.0
2019-07-22 00:00:00-04:00,22.989999771118164,23.1299991607666,22.639999389648438,22.770000457763672,48800,0.0,0.0
2019-07-23 00:00:00-04:00,22.829999923706055,23.069000244140625,22.329999923706055,22.540000915527344,53900,0.0,0.0
2019-07-24 00:00:00-04:00,22.459999084472656,23.25,22.459999084472656,22.59000015258789,56100,0.0,0.0
2019-07-25 00:00:00-04:00,22.670000076293945,22.774999618530273,21.704999923706055,21.860000610351562,91100,0.0,0.0
2019-07-26 00:00:00-04:00,21.969999313354492,22.059999465942383,21.573999404907227,21.81999969482422,116200,0.0,0.0
2019-07-29 00:00:00-04:00,21.72800064086914,22.5,21.40999984741211,21.489999771118164,62100,0.0,0.0
2019-07-30 00:00:00-04:00,21.399999618530273,22.049999237060547,21.139999389648438,21.709999084472656,62700,0.0,0.0
2019-07-31 00:00:00-04:00,21.690000534057617,21.829999923706055,21.0,21.149999618530273,62400,0.0,0.0
2019-08-01 00:00:00-04:00,21.15999984741211,21.729999542236328,21.0,21.059999465942383,44600,0.0,0.0
2019-08-02 00:00:00-04:00,21.040000915527344,21.579999923706055,20.860000610351562,21.030000686645508,72300,0.0,0.0
2019-08-05 00:00:00-04:00,20.899999618530273,20.899999618530273,20.0,20.290000915527344,53800,0.0,0.0
2019-08-06 00:00:00-04:00,20.299999237060547,20.889999389648438,20.149999618530273,20.639999389648438,59700,0.0,0.0
2019-08-07 00:00:00-04:00,20.459999084472656,20.469999313354492,20.020000457763672,20.15999984741211,36600,0.0,0.0
2019-08-08 00:00:00-04:00,20.239999771118164,20.7450008392334,19.969999313354492,20.25,112300,0.0,0.0
2019-08-09 00:00:00-04:00,20.190000534057617,20.309999465942383,19.81999969482422,20.059999465942383,125000,0.0,0.0
2019-08-12 00:00:00-04:00,20.049999237060547,20.440000534057617,19.81999969482422,19.979999542236328,43200,0.0,0.0
2019-08-13 00:00:00-04:00,19.84000015258789,20.18000030517578,19.55500030517578,20.030000686645508,97800,0.0,0.0
2019-08-14 00:00:00-04:00,19.81999969482422,20.40999984741211,19.540000915527344,20.299999237060547,72200,0.0,0.0
2019-08-15 00:00:00-04:00,20.479999542236328,20.84000015258789,20.020000457763672,20.25,33200,0.0,0.0
2019-08-16 00:00:00-04:00,20.299999237060547,20.639999389648438,20.170000076293945,20.360000610351562,40100,0.0,0.0
2019-08-19 00:00:00-04:00,20.540000915527344,20.649999618530273,20.110000610351562,20.200000762939453,49600,0.0,0.0
2019-08-20 00:00:00-04:00,20.200000762939453,20.5,20.18000030517578,20.309999465942383,37900,0.0,0.0
2019-08-21 00:00:00-04:00,20.360000610351562,20.670000076293945,20.264999389648438,20.31999969482422,20100,0.0,0.0
2019-08-22 00:00:00-04:00,20.299999237060547,20.530000686645508,20.100000381469727,20.1200008392334,23900,0.0,0.0
2019-08-23 00:00:00-04:00,20.110000610351562,20.329999923706055,19.639999389648438,19.760000228881836,51500,0.0,0.0
2019-08-26 00:00:00-04:00,19.899999618530273,20.760000228881836,19.649999618530273,20.65999984741211,55900,0.0,0.0
2019-08-27 00:00:00-04:00,20.93000030517578,21.059999465942383,20.34000015258789,20.6200008392334,69300,0.0,0.0
2019-08-28 00:00:00-04:00,20.520000457763672,20.93000030517578,20.100000381469727,20.360000610351562,79100,0.0,0.0
2019-08-29 00:00:00-04:00,20.329999923706055,20.600000381469727,20.329999923706055,20.450000762939453,31700,0.0,0.0
2019-08-30 00:00:00-04:00,20.459999084472656,20.68000030517578,20.260000228881836,20.479999542236328,52700,0.0,0.0
2019-09-03 00:00:00-04:00,20.43000030517578,21.065000534057617,20.350000381469727,20.6200008392334,94400,0.0,0.0
2019-09-04 00:00:00-04:00,20.780000686645508,21.084999084472656,20.440000534057617,20.469999313354492,45000,0.0,0.0
2019-09-05 00:00:00-04:00,20.65999984741211,20.959999084472656,20.3700008392334,20.59000015258789,65400,0.0,0.0
2019-09-06 00:00:00-04:00,20.399999618530273,20.81999969482422,20.399999618530273,20.700000762939453,36300,0.0,0.0
2019-09-09 00:00:00-04:00,20.770000457763672,21.450000762939453,20.610000610351562,20.700000762939453,77300,0.0,0.0
2019-09-10 00:00:00-04:00,20.68000030517578,21.389999389648438,20.610000610351562,21.209999084472656,83000,0.0,0.0
2019-09-11 00:00:00-04:00,21.219999313354492,21.600000381469727,20.90999984741211,21.139999389648438,98000,0.0,0.0
2019-09-12 00:00:00-04:00,21.190000534057617,21.5,20.6299991607666,20.829999923706055,70500,0.0,0.0
2019-09-13 00:00:00-04:00,20.8700008392334,21.280000686645508,20.780000686645508,21.25,101000,0.0,0.0
2019-09-16 00:00:00-04:00,21.190000534057617,21.459999084472656,20.85300064086914,21.200000762939453,108300,0.0,0.0
2019-09-17 00:00:00-04:00,21.200000762939453,21.299999237060547,20.746999740600586,21.010000228881836,69200,0.0,0.0
2019-09-18 00:00:00-04:00,21.010000228881836,21.198999404907227,20.75,20.850000381469727,74600,0.0,0.0
2019-09-19 00:00:00-04:00,20.860000610351562,21.09000015258789,20.6200008392334,20.780000686645508,76600,0.0,0.0
2019-09-20 00:00:00-04:00,20.719999313354492,20.979999542236328,20.209999084472656,20.280000686645508,137500,0.0,0.0
2019-09-23 00:00:00-04:00,20.350000381469727,20.530000686645508,20.139999389648438,20.18000030517578,39100,0.0,0.0
2019-09-24 00:00:00-04:00,20.229999542236328,20.229999542236328,19.670000076293945,19.81999969482422,90400,0.0,0.0
2019-09-25 00:00:00-04:00,19.760000228881836,20.280000686645508,19.700000762939453,20.200000762939453,40800,0.0,0.0
2019-09-26 00:00:00-04:00,20.209999084472656,20.389999389648438,20.079999923706055,20.110000610351562,34500,0.0,0.0
2019-09-27 00:00:00-04:00,20.190000534057617,20.350000381469727,19.65399932861328,19.709999084472656,48600,0.0,0.0
2019-09-30 00:00:00-04:00,19.75,20.420000076293945,19.3700008392334,19.829999923706055,90300,0.0,0.0
2019-10-01 00:00:00-04:00,19.899999618530273,20.030000686645508,19.239999771118164,19.309999465942383,33300,0.0,0.0
2019-10-02 00:00:00-04:00,19.020000457763672,19.360000610351562,18.540000915527344,19.1200008392334,64100,0.0,0.0
2019-10-03 00:00:00-04:00,19.100000381469727,19.149999618530273,18.649999618530273,18.770000457763672,35600,0.0,0.0
2019-10-04 00:00:00-04:00,18.770000457763672,19.329999923706055,18.440000534057617,19.25,60600,0.0,0.0
2019-10-07 00:00:00-04:00,19.219999313354492,19.350000381469727,19.059999465942383,19.260000228881836,36100,0.0,0.0
2019-10-08 00:00:00-04:00,19.200000762939453,19.200000762939453,18.770000457763672,19.059999465942383,34300,0.0,0.0
2019-10-09 00:00:00-04:00,19.049999237060547,19.34000015258789,19.049999237060547,19.280000686645508,36700,0.0,0.0
2019-10-10 00:00:00-04:00,19.290000915527344,19.450000762939453,19.065000534057617,19.350000381469727,50400,0.0,0.0
2019-10-11 00:00:00-04:00,19.450000762939453,19.809999465942383,19.299999237060547,19.360000610351562,38100,0.0,0.0
2019-10-14 00:00:00-04:00,19.450000762939453,19.450000762939453,19.25,19.350000381469727,21000,0.0,0.0
2019-10-15 00:00:00-04:00,19.34000015258789,19.700000762939453,19.34000015258789,19.479999542236328,27900,0.0,0.0
2019-10-16 00:00:00-04:00,19.469999313354492,19.81999969482422,19.389999389648438,19.68000030517578,42500,0.0,0.0
2019-10-17 00:00:00-04:00,19.610000610351562,20.309999465942383,19.610000610351562,20.200000762939453,48600,0.0,0.0
2019-10-18 00:00:00-04:00,20.100000381469727,20.190000534057617,19.844999313354492,19.850000381469727,38800,0.0,0.0
2019-10-21 00:00:00-04:00,20.010000228881836,20.20400047302246,19.850000381469727,19.90999984741211,18900,0.0,0.0
2019-10-22 00:00:00-04:00,20.03499984741211,20.03499984741211,19.770000457763672,19.899999618530273,20100,0.0,0.0
2019-10-23 00:00:00-04:00,19.899999618530273,20.165000915527344,19.8700008392334,19.940000534057617,21300,0.0,0.0
2019-10-24 00:00:00-04:00,19.65999984741211,20.149999618530273,19.649999618530273,19.790000915527344,20500,0.0,0.0
2019-10-25 00:00:00-04:00,19.780000686645508,20.020000457763672,19.68000030517578,19.729999542236328,47400,0.0,0.0
2019-10-28 00:00:00-04:00,19.81999969482422,20.139999389648438,19.670000076293945,19.850000381469727,34500,0.0,0.0
2019-10-29 00:00:00-04:00,19.81999969482422,20.229999542236328,19.809999465942383,20.200000762939453,20400,0.0,0.0
2019-10-30 00:00:00-04:00,20.229999542236328,21.920000076293945,20.059999465942383,21.690000534057617,94500,0.0,0.0
2019-10-31 00:00:00-04:00,22.020000457763672,23.864999771118164,22.0,22.459999084472656,173900,0.0,0.0
2019-11-01 00:00:00-04:00,22.809999465942383,23.256000518798828,22.5,22.950000762939453,60100,0.0,0.0
2019-11-04 00:00:00-05:00,23.350000381469727,23.850000381469727,22.75,22.850000381469727,92900,0.0,0.0
2019-11-05 00:00:00-05:00,23.0,23.405000686645508,22.670000076293945,23.010000228881836,55700,0.0,0.0
2019-11-06 00:00:00-05:00,23.15999984741211,23.489999771118164,22.729999542236328,23.260000228881836,54400,0.0,0.0
2019-11-07 00:00:00-05:00,23.5,23.75,22.889999389648438,22.979999542236328,79600,0.0,0.0
2019-11-08 00:00:00-05:00,23.149999618530273,23.260000228881836,22.775999069213867,23.260000228881836,43600,0.0,0.0
2019-11-11 00:00:00-05:00,23.31999969482422,23.950000762939453,23.170000076293945,23.90999984741211,32200,0.0,0.0
2019-11-12 00:00:00-05:00,24.0,24.72100067138672,22.84000015258789,23.3700008392334,84600,0.0,0.0
2019-11-13 00:00:00-05:00,23.40999984741211,23.559999465942383,22.760000228881836,22.84000015258789,46000,0.0,0.0
2019-11-14 00:00:00-05:00,22.8700008392334,23.200000762939453,22.56999969482422,22.579999923706055,60100,0.0,0.0
2019-11-15 00:00:00-05:00,22.700000762939453,22.920000076293945,22.15999984741211,22.299999237060547,57700,0.0,0.0
2019-11-18 00:00:00-05:00,22.510000228881836,22.549999237060547,22.149999618530273,22.540000915527344,36000,0.0,0.0
2019-11-19 00:00:00-05:00,22.549999237060547,22.549999237060547,21.959999084472656,21.969999313354492,76700,0.0,0.0
2019-11-20 00:00:00-05:00,21.979999542236328,22.065000534057617,21.709999084472656,21.809999465942383,63000,0.0,0.0
2019-11-21 00:00:00-05:00,21.81999969482422,21.948999404907227,21.242000579833984,21.420000076293945,47600,0.0,0.0
2019-11-22 00:00:00-05:00,21.459999084472656,21.56999969482422,21.030000686645508,21.100000381469727,83700,0.0,0.0
2019-11-25 00:00:00-05:00,21.1299991607666,21.469999313354492,21.0,21.260000228881836,80800,0.0,0.0
2019-11-26 00:00:00-05:00,21.280000686645508,21.43000030517578,20.81999969482422,20.979999542236328,75400,0.0,0.0
2019-11-27 00:00:00-05:00,20.989999771118164,21.253999710083008,20.895999908447266,21.1200008392334,58300,0.0,0.0
2019-11-29 00:00:00-05:00,21.139999389648438,21.549999237060547,21.079999923706055,21.329999923706055,23400,0.0,0.0
2019-12-02 00:00:00-05:00,21.459999084472656,21.5,20.56999969482422,20.6200008392334,41300,0.0,0.0
2019-12-03 00:00:00-05:00,20.540000915527344,20.600000381469727,20.15999984741211,20.530000686645508,36700,0.0,0.0
2019-12-04 00:00:00-05:00,20.559999465942383,20.899999618530273,20.5,20.579999923706055,42400,0.0,0.0
2019-12-05 00:00:00-05:00,20.520000457763672,20.709999084472656,20.34000015258789,20.559999465942383,31800,0.0,0.0
2019-12-06 00:00:00-05:00,20.68000030517578,21.399999618530273,20.68000030517578,21.100000381469727,74800,0.0,0.0
2019-12-09 00:00:00-05:00,21.110000610351562,21.32900047302246,20.760000228881836,20.84000015258789,33500,0.0,0.0
2019-12-10 00:00:00-05:00,21.0,21.07900047302246,20.75,20.899999618530273,35400,0.0,0.0
2019-12-11 00:00:00-05:00,21.030000686645508,21.270999908447266,20.850000381469727,20.8799991607666,79600,0.0,0.0
2019-12-12 00:00:00-05:00,20.899999618530273,21.450000762939453,20.860000610351562,21.170000076293945,45400,0.0,0.0
2019-12-13 00:00:00-05:00,21.200000762939453,21.8700008392334,21.09000015258789,21.68000030517578,43700,0.0,0.0
2019-12-16 00:00:00-05:00,21.790000915527344,22.0,21.219999313354492,21.239999771118164,44100,0.0,0.0
2019-12-17 00:00:00-05:00,21.290000915527344,21.44300079345703,20.84000015258789,20.969999313354492,41600,0.0,0.0
2019-12-18 00:00:00-05:00,20.90999984741211,20.989999771118164,20.649999618530273,20.690000534057617,28300,0.0,0.0
2019-12-19 00:00:00-05:00,20.670000076293945,20.81399917602539,20.579999923706055,20.670000076293945,31500,0.0,0.0
2019-12-20 00:00:00-05:00,20.770000457763672,21.190000534057617,20.670000076293945,21.049999237060547,87200,0.0,0.0
2019-12-23 00:00:00-05:00,21.049999237060547,21.55500030517578,20.940000534057617,21.385000228881836,77000,0.0,0.0
2019-12-24 00:00:00-05:00,21.299999237060547,21.5,21.299999237060547,21.40999984741211,19900,0.0,0.0
2019-12-26 00:00:00-05:00,21.489999771118164,21.760000228881836,21.309999465942383,21.3799991607666,24300,0.0,0.0
2019-12-27 00:00:00-05:00,21.479999542236328,21.479999542236328,20.899999618530273,20.969999313354492,31200,0.0,0.0
2019-12-30 00:00:00-05:00,20.959999084472656,21.260000228881836,20.850000381469727,21.049999237060547,42300,0.0,0.0
2019-12-31 00:00:00-05:00,21.110000610351562,21.190000534057617,20.989999771118164,21.040000915527344,31700,0.0,0.0
2020-01-02 00:00:00-05:00,21.149999618530273,21.399999618530273,20.809999465942383,21.3799991607666,33600,0.0,0.0
2020-01-03 00:00:00-05:00,21.190000534057617,21.606000900268555,21.190000534057617,21.489999771118164,20300,0.0,0.0
2020-01-06 00:00:00-05:00,21.469999313354492,21.65999984741211,21.26300048828125,21.600000381469727,30300,0.0,0.0
2020-01-07 00:00:00-05:00,21.549999237060547,21.68000030517578,21.3700008392334,21.420000076293945,22500,0.0,0.0
2020-01-08 00:00:00-05:00,21.420000076293945,21.850000381469727,21.25,21.6299991607666,42700,0.0,0.0
2020-01-09 00:00:00-05:00,21.719999313354492,21.768999099731445,20.510000228881836,20.780000686645508,97300,0.0,0.0
2020-01-10 00:00:00-05:00,20.8799991607666,21.191999435424805,20.510000228881836,20.8799991607666,38700,0.0,0.0
2020-01-13 00:00:00-05:00,20.81999969482422,21.079999923706055,20.687000274658203,21.0,42700,0.0,0.0
2020-01-14 00:00:00-05:00,20.81999969482422,21.065000534057617,20.809999465942383,20.940000534057617,41700,0.0,0.0
2020-01-15 00:00:00-05:00,20.940000534057617,21.503999710083008,20.899999618530273,21.0,42300,0.0,0.0
2020-01-16 00:00:00-05:00,21.0,21.399999618530273,20.979999542236328,21.260000228881836,42600,0.0,0.0
2020-01-17 00:00:00-05:00,21.3799991607666,21.3799991607666,20.56999969482422,20.709999084472656,31800,0.0,0.0
2020-01-21 00:00:00-05:00,20.639999389648438,20.700000762939453,20.299999237060547,20.389999389648438,34500,0.0,0.0
2020-01-22 00:00:00-05:00,20.530000686645508,20.56999969482422,20.405000686645508,20.469999313354492,26300,0.0,0.0
2020-01-23 00:00:00-05:00,20.459999084472656,20.59000015258789,20.360000610351562,20.469999313354492,50200,0.0,0.0
2020-01-24 00:00:00-05:00,20.469999313354492,20.729999542236328,20.452999114990234,20.649999618530273,40500,0.0,0.0
2020-01-27 00:00:00-05:00,20.670000076293945,20.799999237060547,20.5,20.549999237060547,32800,0.0,0.0
2020-01-28 00:00:00-05:00,20.719999313354492,20.8700008392334,20.110000610351562,20.31999969482422,35700,0.0,0.0
2020-01-29 00:00:00-05:00,20.329999923706055,20.450000762939453,20.149999618530273,20.309999465942383,34700,0.0,0.0
2020-01-30 00:00:00-05:00,20.309999465942383,20.3700008392334,20.084999084472656,20.3700008392334,30100,0.0,0.0
2020-01-31 00:00:00-05:00,20.360000610351562,20.402999877929688,20.049999237060547,20.18000030517578,45400,0.0,0.0
2020-02-03 00:00:00-05:00,20.200000762939453,20.520000457763672,20.1299991607666,20.18000030517578,33000,0.0,0.0
2020-02-04 00:00:00-05:00,20.399999618530273,20.670000076293945,20.31999969482422,20.40999984741211,39000,0.0,0.0
2020-02-05 00:00:00-05:00,20.559999465942383,20.760000228881836,20.360000610351562,20.559999465942383,25500,0.0,0.0
2020-02-06 00:00:00-05:00,20.610000610351562,20.799999237060547,20.459999084472656,20.5,23100,0.0,0.0
2020-02-07 00:00:00-05:00,20.389999389648438,20.66699981689453,20.389999389648438,20.59000015258789,33400,0.0,0.0
2020-02-10 00:00:00-05:00,20.59000015258789,20.708999633789062,20.31999969482422,20.510000228881836,36500,0.0,0.0
2020-02-11 00:00:00-05:00,20.549999237060547,20.68000030517578,20.329999923706055,20.649999618530273,44500,0.0,0.0
2020-02-12 00:00:00-05:00,20.700000762939453,20.780000686645508,20.34000015258789,20.729999542236328,61600,0.0,0.0
2020-02-13 00:00:00-05:00,20.649999618530273,20.860000610351562,20.479999542236328,20.520000457763672,37800,0.0,0.0
2020-02-14 00:00:00-05:00,20.530000686645508,20.649999618530273,20.356000900268555,20.43000030517578,48000,0.0,0.0
2020-02-18 00:00:00-05:00,20.43000030517578,20.5,20.0,20.020000457763672,38600,0.0,0.0
2020-02-19 00:00:00-05:00,20.040000915527344,20.309999465942383,20.040000915527344,20.18000030517578,49500,0.0,0.0
2020-02-20 00:00:00-05:00,20.170000076293945,20.290000915527344,20.06999969482422,20.260000228881836,26900,0.0,0.0
2020-02-21 00:00:00-05:00,20.290000915527344,20.479999542236328,20.100000381469727,20.450000762939453,41300,0.0,0.0
2020-02-24 00:00:00-05:00,20.1299991607666,20.200000762939453,19.719999313354492,19.8799991607666,51400,0.0,0.0
2020-02-25 00:00:00-05:00,19.950000762939453,19.986000061035156,19.020000457763672,19.420000076293945,63900,0.0,0.0
2020-02-26 00:00:00-05:00,19.479999542236328,20.110000610351562,19.388999938964844,20.06999969482422,54300,0.0,0.0
2020-02-27 00:00:00-05:00,19.780000686645508,19.780000686645508,19.13800048828125,19.5,66100,0.0,0.0
2020-02-28 00:00:00-05:00,19.1200008392334,19.509000778198242,19.100000381469727,19.459999084472656,76500,0.0,0.0
2020-03-02 00:00:00-05:00,19.420000076293945,19.4950008392334,19.010000228881836,19.3700008392334,50600,0.0,0.0
2020-03-03 00:00:00-05:00,19.360000610351562,19.530000686645508,18.61199951171875,18.90999984741211,56400,0.0,0.0
2020-03-04 00:00:00-05:00,19.15999984741211,19.25,18.8799991607666,19.229999542236328,38900,0.0,0.0
2020-03-05 00:00:00-05:00,19.09000015258789,19.09000015258789,16.860000610351562,17.059999465942383,358000,0.0,0.0
2020-03-06 00:00:00-05:00,17.110000610351562,18.110000610351562,16.799999237060547,17.59000015258789,72300,0.0,0.0
2020-03-09 00:00:00-04:00,16.280000686645508,17.290000915527344,16.110000610351562,16.809999465942383,158600,0.0,0.0
2020-03-10 00:00:00-04:00,17.200000762939453,17.68000030517578,16.969999313354492,17.270000457763672,100700,0.0,0.0
2020-03-11 00:00:00-04:00,17.1299991607666,17.131000518798828,16.530000686645508,16.56999969482422,156500,0.0,0.0
2020-03-12 00:00:00-04:00,16.0,16.565000534057617,14.789999961853027,15.020000457763672,125600,0.0,0.0
2020-03-13 00:00:00-04:00,15.3100004196167,16.149999618530273,14.170000076293945,14.670000076293945,96800,0.0,0.0
2020-03-16 00:00:00-04:00,13.5,13.850000381469727,13.0600004196167,13.319999694824219,137600,0.0,0.0
2020-03-17 00:00:00-04:00,13.640000343322754,15.630000114440918,13.045000076293945,15.569999694824219,114600,0.0,0.0
2020-03-18 00:00:00-04:00,14.869999885559082,18.290000915527344,13.520000457763672,14.869999885559082,120300,0.0,0.0
2020-03-19 00:00:00-04:00,14.59000015258789,16.540000915527344,14.520000457763672,16.3700008392334,76600,0.0,0.0
2020-03-20 00:00:00-04:00,16.469999313354492,16.469999313354492,14.75,16.149999618530273,111100,0.0,0.0
2020-03-23 00:00:00-04:00,16.25,16.979999542236328,14.645000457763672,15.079999923706055,95300,0.0,0.0
2020-03-24 00:00:00-04:00,15.4399995803833,15.96399974822998,14.789999961853027,15.75,91800,0.0,0.0
2020-03-25 00:00:00-04:00,15.520000457763672,17.389999389648438,15.510000228881836,16.43000030517578,82400,0.0,0.0
2020-03-26 00:00:00-04:00,16.510000228881836,17.850000381469727,16.510000228881836,17.809999465942383,89200,0.0,0.0
2020-03-27 00:00:00-04:00,17.309999465942383,17.790000915527344,16.729999542236328,17.190000534057617,64100,0.0,0.0
2020-03-30 00:00:00-04:00,17.239999771118164,17.729999542236328,16.865999221801758,17.690000534057617,53500,0.0,0.0
2020-03-31 00:00:00-04:00,17.639999389648438,18.209999084472656,17.329999923706055,18.110000610351562,83500,0.0,0.0
2020-04-01 00:00:00-04:00,17.56999969482422,17.760000228881836,16.420000076293945,16.610000610351562,60000,0.0,0.0
2020-04-02 00:00:00-04:00,16.600000381469727,16.959999084472656,15.510000228881836,16.690000534057617,137100,0.0,0.0
2020-04-03 00:00:00-04:00,16.459999084472656,17.329999923706055,15.800000190734863,16.18000030517578,61800,0.0,0.0
2020-04-06 00:00:00-04:00,16.649999618530273,17.3700008392334,16.399999618530273,16.780000686645508,62700,0.0,0.0
2020-04-07 00:00:00-04:00,17.170000076293945,17.200000762939453,15.609999656677246,15.800000190734863,71600,0.0,0.0
2020-04-08 00:00:00-04:00,15.970000267028809,17.165000915527344,15.65999984741211,16.729999542236328,85300,0.0,0.0
2020-04-09 00:00:00-04:00,16.940000534057617,17.989999771118164,16.739999771118164,17.989999771118164,62800,0.0,0.0
2020-04-13 00:00:00-04:00,17.809999465942383,17.809999465942383,16.559999465942383,16.979999542236328,40700,0.0,0.0
2020-04-14 00:00:00-04:00,17.25,17.68000030517578,16.079999923706055,16.350000381469727,77000,0.0,0.0
2020-04-15 00:00:00-04:00,15.720000267028809,16.639999389648438,15.244000434875488,16.270000457763672,51300,0.0,0.0
2020-04-16 00:00:00-04:00,16.209999084472656,16.56999969482422,15.720000267028809,16.25,42100,0.0,0.0
2020-04-17 00:00:00-04:00,16.8700008392334,17.190000534057617,16.3799991607666,16.649999618530273,35300,0.0,0.0
2020-04-20 00:00:00-04:00,16.56999969482422,16.90999984741211,16.3700008392334,16.59000015258789,50700,0.0,0.0
2020-04-21 00:00:00-04:00,16.209999084472656,16.329999923706055,14.960000038146973,15.329999923706055,78000,0.0,0.0
2020-04-22 00:00:00-04:00,15.550000190734863,16.125,15.350000381469727,15.579999923706055,42600,0.0,0.0
2020-04-23 00:00:00-04:00,15.649999618530273,16.420000076293945,15.600000381469727,16.100000381469727,36900,0.0,0.0
2020-04-24 00:00:00-04:00,16.239999771118164,16.450000762939453,15.859999656677246,16.209999084472656,42200,0.0,0.0
2020-04-27 00:00:00-04:00,16.200000762939453,16.219999313354492,15.649999618530273,15.729999542236328,64000,0.0,0.0
2020-04-28 00:00:00-04:00,16.149999618530273,16.489999771118164,15.824999809265137,16.18000030517578,53200,0.0,0.0
2020-04-29 00:00:00-04:00,16.75,17.1299991607666,16.3799991607666,16.549999237060547,76300,0.0,0.0
2020-04-30 00:00:00-04:00,16.280000686645508,16.559999465942383,16.059999465942383,16.229999542236328,31800,0.0,0.0
2020-05-01 00:00:00-04:00,16.18000030517578,16.18000030517578,15.390000343322754,15.800000190734863,61000,0.0,0.0
2020-05-04 00:00:00-04:00,15.539999961853027,15.779999732971191,15.149999618530273,15.34000015258789,60100,0.0,0.0
2020-05-05 00:00:00-04:00,15.399999618530273,16.739999771118164,15.390000343322754,16.459999084472656,81700,0.0,0.0
2020-05-06 00:00:00-04:00,16.93000030517578,18.8799991607666,16.905000686645508,18.059999465942383,143400,0.0,0.0
2020-05-07 00:00:00-04:00,18.940000534057617,19.610000610351562,18.509000778198242,19.1200008392334,138000,0.0,0.0
2020-05-08 00:00:00-04:00,19.770000457763672,20.079999923706055,18.25,18.459999084472656,120000,0.0,0.0
2020-05-11 00:00:00-04:00,19.459999084472656,20.709999084472656,19.100000381469727,19.450000762939453,171900,0.0,0.0
2020-05-12 00:00:00-04:00,19.90999984741211,20.350000381469727,19.0,19.079999923706055,139800,0.0,0.0
2020-05-13 00:00:00-04:00,19.690000534057617,19.690000534057617,17.75,18.31999969482422,131000,0.0,0.0
2020-05-14 00:00:00-04:00,17.989999771118164,18.04800033569336,17.524999618530273,17.65999984741211,94700,0.0,0.0
2020-05-15 00:00:00-04:00,17.670000076293945,18.673999786376953,17.530000686645508,17.979999542236328,103700,0.0,0.0
2020-05-18 00:00:00-04:00,18.790000915527344,19.360000610351562,18.399999618530273,18.530000686645508,100200,0.0,0.0
2020-05-19 00:00:00-04:00,18.760000228881836,19.135000228881836,18.329999923706055,18.3799991607666,84600,0.0,0.0
2020-05-20 00:00:00-04:00,18.5,19.0,18.049999237060547,18.489999771118164,87300,0.0,0.0
2020-05-21 00:00:00-04:00,18.459999084472656,18.729999542236328,18.3700008392334,18.540000915527344,66300,0.0,0.0
2020-05-22 00:00:00-04:00,18.600000381469727,18.719999313354492,18.360000610351562,18.600000381469727,45700,0.0,0.0
2020-05-26 00:00:00-04:00,19.40999984741211,19.549999237060547,18.913999557495117,19.110000610351562,109200,0.0,0.0
2020-05-27 00:00:00-04:00,19.440000534057617,19.58300018310547,19.1200008392334,19.40999984741211,68100,0.0,0.0
2020-05-28 00:00:00-04:00,18.100000381469727,18.59000015258789,16.260000228881836,16.40999984741211,416400,0.0,0.0
2020-05-29 00:00:00-04:00,16.010000228881836,16.530000686645508,15.960000038146973,16.31999969482422,1171900,0.0,0.0
2020-06-01 00:00:00-04:00,16.31999969482422,16.549999237060547,16.020000457763672,16.020000457763672,209100,0.0,0.0
2020-06-02 00:00:00-04:00,16.309999465942383,16.459999084472656,15.805000305175781,16.0,251200,0.0,0.0
2020-06-03 00:00:00-04:00,16.1200008392334,16.190000534057617,15.800000190734863,15.90999984741211,202400,0.0,0.0
2020-06-04 00:00:00-04:00,16.0,16.3799991607666,15.899999618530273,16.209999084472656,230400,0.0,0.0
2020-06-05 00:00:00-04:00,16.079999923706055,16.729999542236328,15.850000381469727,16.350000381469727,286500,0.0,0.0
2020-06-08 00:00:00-04:00,16.399999618530273,16.625,16.30500030517578,16.440000534057617,203600,0.0,0.0
2020-06-09 00:00:00-04:00,16.200000762939453,16.322999954223633,16.0,16.1200008392334,156900,0.0,0.0
2020-06-10 00:00:00-04:00,16.079999923706055,16.350000381469727,15.720000267028809,16.030000686645508,234100,0.0,0.0
2020-06-11 00:00:00-04:00,15.529999732971191,15.6899995803833,15.15999984741211,15.359999656677246,158800,0.0,0.0
2020-06-12 00:00:00-04:00,15.779999732971191,15.817999839782715,14.680000305175781,15.449999809265137,175000,0.0,0.0
2020-06-15 00:00:00-04:00,15.140000343322754,15.680000305175781,15.020000457763672,15.449999809265137,154200,0.0,0.0
2020-06-16 00:00:00-04:00,15.699999809265137,16.0,15.220000267028809,15.8100004196167,201400,0.0,0.0
2020-06-17 00:00:00-04:00,15.850000381469727,15.949999809265137,15.5,15.8100004196167,163800,0.0,0.0
2020-06-18 00:00:00-04:00,15.800000190734863,15.979999542236328,15.600000381469727,15.960000038146973,100300,0.0,0.0
2020-06-19 00:00:00-04:00,16.0,16.139999389648438,15.71500015258789,15.869999885559082,116300,0.0,0.0
2020-06-22 00:00:00-04:00,15.850000381469727,16.5,15.739999771118164,16.43000030517578,179400,0.0,0.0
2020-06-23 00:00:00-04:00,16.399999618530273,16.489999771118164,15.859999656677246,15.960000038146973,97200,0.0,0.0
2020-06-24 00:00:00-04:00,15.869999885559082,15.890000343322754,15.100000381469727,15.25,110400,0.0,0.0
2020-06-25 00:00:00-04:00,15.15999984741211,15.430000305175781,15.0600004196167,15.350000381469727,77200,0.0,0.0
2020-06-26 00:00:00-04:00,15.289999961853027,15.289999961853027,14.560999870300293,14.609999656677246,312000,0.0,0.0
2020-06-29 00:00:00-04:00,14.90999984741211,16.082000732421875,14.850000381469727,15.899999618530273,209700,0.0,0.0
2020-06-30 00:00:00-04:00,15.979999542236328,16.18000030517578,15.710000038146973,16.0,154800,0.0,0.0
2020-07-01 00:00:00-04:00,16.0,16.520000457763672,15.979999542236328,16.3700008392334,180400,0.0,0.0
2020-07-02 00:00:00-04:00,16.6299991607666,16.649999618530273,15.65999984741211,15.75,139300,0.0,0.0
2020-07-06 00:00:00-04:00,16.350000381469727,16.350000381469727,15.699999809265137,15.829999923706055,131900,0.0,0.0
2020-07-07 00:00:00-04:00,15.5,16.55299949645996,15.5,15.979999542236328,190100,0.0,0.0
2020-07-08 00:00:00-04:00,15.960000038146973,16.1299991607666,15.430000305175781,15.619999885559082,103500,0.0,0.0
2020-07-09 00:00:00-04:00,15.65999984741211,15.829999923706055,14.859999656677246,15.020000457763672,141600,0.0,0.0
2020-07-10 00:00:00-04:00,14.949999809265137,15.239999771118164,14.840999603271484,15.180000305175781,91000,0.0,0.0
2020-07-13 00:00:00-04:00,15.279999732971191,15.65999984741211,14.920000076293945,15.335000038146973,116200,0.0,0.0
2020-07-14 00:00:00-04:00,15.279999732971191,15.529999732971191,14.949999809265137,15.380000114440918,87300,0.0,0.0
2020-07-15 00:00:00-04:00,15.579999923706055,16.1200008392334,15.579999923706055,15.829999923706055,105900,0.0,0.0
2020-07-16 00:00:00-04:00,16.239999771118164,16.239999771118164,15.640000343322754,15.899999618530273,79200,0.0,0.0
2020-07-17 00:00:00-04:00,15.869999885559082,15.960000038146973,15.609999656677246,15.729999542236328,66800,0.0,0.0
2020-07-20 00:00:00-04:00,15.770000457763672,15.989999771118164,15.399999618530273,15.8100004196167,111700,0.0,0.0
2020-07-21 00:00:00-04:00,15.9399995803833,16.5,15.8100004196167,16.229999542236328,111000,0.0,0.0
2020-07-22 00:00:00-04:00,16.219999313354492,16.399999618530273,15.979999542236328,16.219999313354492,66900,0.0,0.0
2020-07-23 00:00:00-04:00,16.219999313354492,16.3700008392334,15.850000381469727,16.100000381469727,52300,0.0,0.0
2020-07-24 00:00:00-04:00,16.030000686645508,16.165000915527344,15.84000015258789,15.90999984741211,62700,0.0,0.0
2020-07-27 00:00:00-04:00,15.869999885559082,16.389999389648438,15.760000228881836,16.290000915527344,107400,0.0,0.0
2020-07-28 00:00:00-04:00,16.3799991607666,16.399999618530273,15.829999923706055,15.930000305175781,120300,0.0,0.0
2020-07-29 00:00:00-04:00,16.0,16.05500030517578,15.539999961853027,15.930000305175781,86400,0.0,0.0
2020-07-30 00:00:00-04:00,15.789999961853027,16.030000686645508,15.770000457763672,15.869999885559082,91400,0.0,0.0
2020-07-31 00:00:00-04:00,15.899999618530273,15.989999771118164,15.520000457763672,15.899999618530273,102300,0.0,0.0
2020-08-03 00:00:00-04:00,15.9399995803833,16.010000228881836,15.579999923706055,15.779999732971191,57800,0.0,0.0
2020-08-04 00:00:00-04:00,15.770000457763672,16.059999465942383,15.649999618530273,15.899999618530273,70900,0.0,0.0
2020-08-05 00:00:00-04:00,15.90999984741211,16.139999389648438,15.6899995803833,16.020000457763672,165500,0.0,0.0
2020-08-06 00:00:00-04:00,16.079999923706055,16.459999084472656,15.829999923706055,16.399999618530273,137900,0.0,0.0
2020-08-07 00:00:00-04:00,16.5,16.5,15.970000267028809,16.149999618530273,62500,0.0,0.0
2020-08-10 00:00:00-04:00,16.200000762939453,16.979999542236328,16.200000762939453,16.709999084472656,116500,0.0,0.0
2020-08-11 00:00:00-04:00,16.920000076293945,17.190000534057617,16.1200008392334,16.1299991607666,131800,0.0,0.0
2020-08-12 00:00:00-04:00,16.25,16.709999084472656,15.880000114440918,15.989999771118164,67200,0.0,0.0
2020-08-13 00:00:00-04:00,15.90999984741211,16.530000686645508,15.819999694824219,16.209999084472656,56000,0.0,0.0
2020-08-14 00:00:00-04:00,16.280000686645508,16.399999618530273,16.0,16.350000381469727,75100,0.0,0.0
2020-08-17 00:00:00-04:00,16.420000076293945,16.798999786376953,16.170000076293945,16.299999237060547,104700,0.0,0.0
2020-08-18 00:00:00-04:00,16.309999465942383,16.40999984741211,16.059999465942383,16.329999923706055,49700,0.0,0.0
2020-08-19 00:00:00-04:00,16.420000076293945,16.520000457763672,16.15999984741211,16.309999465942383,38800,0.0,0.0
2020-08-20 00:00:00-04:00,16.209999084472656,16.350000381469727,16.049999237060547,16.139999389648438,60600,0.0,0.0
2020-08-21 00:00:00-04:00,16.6299991607666,17.719999313354492,16.434999465942383,16.989999771118164,352300,0.0,0.0
2020-08-24 00:00:00-04:00,17.25,17.950000762939453,17.100000381469727,17.579999923706055,166600,0.0,0.0
2020-08-25 00:00:00-04:00,17.760000228881836,17.760000228881836,17.06999969482422,17.469999313354492,82100,0.0,0.0
2020-08-26 00:00:00-04:00,17.459999084472656,17.6200008392334,17.01099967956543,17.329999923706055,86100,0.0,0.0
2020-08-27 00:00:00-04:00,17.440000534057617,17.700000762939453,17.409000396728516,17.530000686645508,79700,0.0,0.0
2020-08-28 00:00:00-04:00,17.700000762939453,17.700000762939453,16.729999542236328,16.90999984741211,129700,0.0,0.0
2020-08-31 00:00:00-04:00,16.770000457763672,16.829999923706055,15.899999618530273,16.309999465942383,236800,0.0,0.0
2020-09-01 00:00:00-04:00,16.309999465942383,16.75,16.149999618530273,16.40999984741211,194600,0.0,0.0
2020-09-02 00:00:00-04:00,16.5,16.84000015258789,16.420000076293945,16.479999542236328,120300,0.0,0.0
2020-09-03 00:00:00-04:00,16.5,16.604999542236328,15.8100004196167,15.9399995803833,146300,0.0,0.0
2020-09-04 00:00:00-04:00,16.020000457763672,16.020000457763672,15.180000305175781,15.869999885559082,121200,0.0,0.0
2020-09-08 00:00:00-04:00,15.829999923706055,16.1299991607666,15.670000076293945,15.770000457763672,104100,0.0,0.0
2020-09-09 00:00:00-04:00,15.850000381469727,16.299999237060547,15.850000381469727,16.18000030517578,132500,0.0,0.0
2020-09-10 00:00:00-04:00,16.280000686645508,16.408000946044922,16.010000228881836,16.06999969482422,114100,0.0,0.0
2020-09-11 00:00:00-04:00,16.149999618530273,16.329999923706055,16.033000946044922,16.270000457763672,79500,0.0,0.0
2020-09-14 00:00:00-04:00,16.5,16.899999618530273,16.350000381469727,16.690000534057617,95500,0.0,0.0
2020-09-15 00:00:00-04:00,16.860000610351562,17.0,16.260000228881836,16.65999984741211,108800,0.0,0.0
2020-09-16 00:00:00-04:00,16.760000228881836,16.940000534057617,16.59000015258789,16.700000762939453,125300,0.0,0.0
2020-09-17 00:00:00-04:00,16.389999389648438,16.575000762939453,16.329999923706055,16.459999084472656,99400,0.0,0.0
2020-09-18 00:00:00-04:00,16.600000381469727,16.600000381469727,15.729999542236328,15.800000190734863,416600,0.0,0.0
2020-09-21 00:00:00-04:00,15.609999656677246,15.859999656677246,15.12399959564209,15.220000267028809,156000,0.0,0.0
2020-09-22 00:00:00-04:00,15.1899995803833,15.319999694824219,14.829999923706055,15.09000015258789,121200,0.0,0.0
2020-09-23 00:00:00-04:00,15.029999732971191,15.135000228881836,14.800000190734863,14.829999923706055,135800,0.0,0.0
2020-09-24 00:00:00-04:00,14.850000381469727,15.329999923706055,14.829999923706055,15.109999656677246,104200,0.0,0.0
2020-09-25 00:00:00-04:00,15.0,15.510000228881836,14.914999961853027,15.5,78700,0.0,0.0
2020-09-28 00:00:00-04:00,15.729999542236328,15.789999961853027,15.359999656677246,15.529999732971191,192000,0.0,0.0
2020-09-29 00:00:00-04:00,15.520000457763672,15.760000228881836,15.40999984741211,15.680000305175781,52400,0.0,0.0
2020-09-30 00:00:00-04:00,15.75,16.049999237060547,15.710000038146973,16.0,90900,0.0,0.0
2020-10-01 00:00:00-04:00,16.06999969482422,16.40999984741211,16.06999969482422,16.40999984741211,88400,0.0,0.0
2020-10-02 00:00:00-04:00,16.34000015258789,16.5,16.010000228881836,16.3799991607666,164400,0.0,0.0
2020-10-05 00:00:00-04:00,16.510000228881836,17.0,16.400999069213867,16.5,125800,0.0,0.0
2020-10-06 00:00:00-04:00,16.59000015258789,16.954999923706055,16.389999389648438,16.579999923706055,147300,0.0,0.0
2020-10-07 00:00:00-04:00,16.809999465942383,16.959999084472656,16.670000076293945,16.75,79400,0.0,0.0
2020-10-08 00:00:00-04:00,16.989999771118164,17.34000015258789,16.8799991607666,17.239999771118164,129500,0.0,0.0
2020-10-09 00:00:00-04:00,17.31999969482422,17.8700008392334,17.280000686645508,17.530000686645508,84700,0.0,0.0
2020-10-12 00:00:00-04:00,17.670000076293945,17.90999984741211,17.43000030517578,17.6200008392334,86200,0.0,0.0
2020-10-13 00:00:00-04:00,17.649999618530273,18.239999771118164,17.34000015258789,17.649999618530273,140900,0.0,0.0
2020-10-14 00:00:00-04:00,17.770000457763672,18.010000228881836,17.350000381469727,17.389999389648438,58800,0.0,0.0
2020-10-15 00:00:00-04:00,17.31999969482422,17.489999771118164,17.030000686645508,17.3799991607666,81500,0.0,0.0
2020-10-16 00:00:00-04:00,17.270000457763672,17.8700008392334,17.270000457763672,17.690000534057617,93100,0.0,0.0
2020-10-19 00:00:00-04:00,17.739999771118164,17.85099983215332,16.940000534057617,17.010000228881836,60800,0.0,0.0
2020-10-20 00:00:00-04:00,17.020000457763672,17.190000534057617,16.959999084472656,17.139999389648438,47900,0.0,0.0
2020-10-21 00:00:00-04:00,17.15999984741211,17.40999984741211,16.840999603271484,16.959999084472656,69100,0.0,0.0
2020-10-22 00:00:00-04:00,16.889999389648438,17.68000030517578,16.889999389648438,17.530000686645508,76500,0.0,0.0
2020-10-23 00:00:00-04:00,17.520000457763672,17.829999923706055,17.420000076293945,17.6299991607666,66700,0.0,0.0
2020-10-26 00:00:00-04:00,17.420000076293945,17.420000076293945,16.940000534057617,17.15999984741211,53400,0.0,0.0
2020-10-27 00:00:00-04:00,17.15999984741211,17.15999984741211,16.1299991607666,16.59000015258789,117000,0.0,0.0
2020-10-28 00:00:00-04:00,16.299999237060547,16.389999389648438,16.0,16.010000228881836,83400,0.0,0.0
2020-10-29 00:00:00-04:00,16.100000381469727,16.510000228881836,16.040000915527344,16.40999984741211,49000,0.0,0.0
2020-10-30 00:00:00-04:00,16.100000381469727,16.530000686645508,15.850000381469727,15.979999542236328,88900,0.0,0.0
2020-11-02 00:00:00-05:00,16.375,16.579999923706055,15.66100025177002,15.9399995803833,87200,0.0,0.0
2020-11-03 00:00:00-05:00,16.149999618530273,16.34000015258789,15.989999771118164,16.209999084472656,65400,0.0,0.0
2020-11-04 00:00:00-05:00,16.309999465942383,16.413999557495117,16.0,16.200000762939453,58300,0.0,0.0
2020-11-05 00:00:00-05:00,16.389999389648438,16.899999618530273,16.309999465942383,16.790000915527344,54100,0.0,0.0
2020-11-06 00:00:00-05:00,16.780000686645508,17.219999313354492,16.59000015258789,16.860000610351562,49700,0.0,0.0
2020-11-09 00:00:00-05:00,17.6200008392334,18.486000061035156,17.5,17.5,110500,0.0,0.0
2020-11-10 00:00:00-05:00,17.950000762939453,18.770000457763672,17.709999084472656,18.59000015258789,102900,0.0,0.0
2020-11-11 00:00:00-05:00,18.65999984741211,19.459999084472656,18.56399917602539,19.100000381469727,124400,0.0,0.0
2020-11-12 00:00:00-05:00,18.93000030517578,19.420000076293945,18.864999771118164,19.219999313354492,95600,0.0,0.0
2020-11-13 00:00:00-05:00,19.700000762939453,19.780000686645508,19.31999969482422,19.75,101000,0.0,0.0
2020-11-16 00:00:00-05:00,19.7450008392334,20.940000534057617,19.7450008392334,20.420000076293945,133000,0.0,0.0
2020-11-17 00:00:00-05:00,20.559999465942383,20.71500015258789,19.780000686645508,19.84000015258789,104800,0.0,0.0
2020-11-18 00:00:00-05:00,20.219999313354492,20.8799991607666,20.094999313354492,20.420000076293945,125700,0.0,0.0
2020-11-19 00:00:00-05:00,20.530000686645508,21.36400032043457,20.489999771118164,21.239999771118164,119500,0.0,0.0
2020-11-20 00:00:00-05:00,22.260000228881836,22.260000228881836,21.219999313354492,21.610000610351562,107500,0.0,0.0
2020-11-23 00:00:00-05:00,21.959999084472656,23.440000534057617,21.959999084472656,23.25,166800,0.0,0.0
2020-11-24 00:00:00-05:00,24.170000076293945,24.816999435424805,22.549999237060547,22.989999771118164,162400,0.0,0.0
2020-11-25 00:00:00-05:00,23.2450008392334,23.2450008392334,22.389999389648438,22.940000534057617,69900,0.0,0.0
2020-11-27 00:00:00-05:00,22.940000534057617,23.1299991607666,22.540000915527344,22.81999969482422,38900,0.0,0.0
2020-11-30 00:00:00-05:00,23.0,23.489999771118164,22.56999969482422,23.18000030517578,97000,0.0,0.0
2020-12-01 00:00:00-05:00,23.450000762939453,23.584999084472656,22.850000381469727,23.170000076293945,74800,0.0,0.0
2020-12-02 00:00:00-05:00,23.149999618530273,23.149999618530273,22.709999084472656,22.940000534057617,53700,0.0,0.0
2020-12-03 00:00:00-05:00,23.010000228881836,23.389999389648438,22.969999313354492,23.260000228881836,46500,0.0,0.0
2020-12-04 00:00:00-05:00,23.90999984741211,23.90999984741211,23.139999389648438,23.5,62200,0.0,0.0
2020-12-07 00:00:00-05:00,23.014999389648438,23.969999313354492,22.780000686645508,23.649999618530273,66800,0.0,0.0
2020-12-08 00:00:00-05:00,23.549999237060547,23.76300048828125,22.959999084472656,23.190000534057617,108300,0.0,0.0
2020-12-09 00:00:00-05:00,23.34000015258789,23.5,22.40999984741211,22.829999923706055,66600,0.0,0.0
2020-12-10 00:00:00-05:00,22.6299991607666,23.010000228881836,22.270000457763672,22.860000610351562,73200,0.0,0.0
2020-12-11 00:00:00-05:00,22.700000762939453,22.950000762939453,22.52199935913086,22.950000762939453,42400,0.0,0.0
2020-12-14 00:00:00-05:00,22.950000762939453,23.2450008392334,22.649999618530273,22.780000686645508,47200,0.0,0.0
2020-12-15 00:00:00-05:00,22.940000534057617,23.299999237060547,22.610000610351562,23.239999771118164,37600,0.0,0.0
2020-12-16 00:00:00-05:00,23.239999771118164,23.239999771118164,22.739999771118164,22.959999084472656,51900,0.0,0.0
2020-12-17 00:00:00-05:00,23.06999969482422,23.649999618530273,22.8700008392334,23.479999542236328,66600,0.0,0.0
2020-12-18 00:00:00-05:00,23.709999084472656,26.26099967956543,23.520000457763672,25.790000915527344,337600,0.0,0.0
2020-12-21 00:00:00-05:00,25.520000457763672,25.520000457763672,24.139999389648438,24.799999237060547,144000,0.0,0.0
2020-12-22 00:00:00-05:00,24.850000381469727,26.65999984741211,24.729999542236328,26.3799991607666,141100,0.0,0.0
2020-12-23 00:00:00-05:00,26.639999389648438,27.270000457763672,25.520000457763672,25.600000381469727,60500,0.0,0.0
2020-12-24 00:00:00-05:00,25.8700008392334,26.541000366210938,25.8439998626709,26.010000228881836,43300,0.0,0.0
2020-12-28 00:00:00-05:00,26.010000228881836,27.190000534057617,25.950000762939453,26.8799991607666,121800,0.0,0.0
2020-12-29 00:00:00-05:00,26.899999618530273,26.940000534057617,25.940000534057617,26.31999969482422,66500,0.0,0.0
2020-12-30 00:00:00-05:00,26.350000381469727,27.927000045776367,26.274999618530273,27.149999618530273,66000,0.0,0.0
2020-12-31 00:00:00-05:00,27.290000915527344,27.729999542236328,26.719999313354492,27.649999618530273,56400,0.0,0.0
2021-01-04 00:00:00-05:00,27.68000030517578,27.899999618530273,25.270000457763672,26.190000534057617,121000,0.0,0.0
2021-01-05 00:00:00-05:00,25.760000228881836,27.54199981689453,25.719999313354492,27.290000915527344,73400,0.0,0.0
2021-01-06 00:00:00-05:00,27.329999923706055,28.200000762939453,27.094999313354492,27.5,91600,0.0,0.0
2021-01-07 00:00:00-05:00,27.579999923706055,28.10300064086914,26.700000762939453,27.270000457763672,74000,0.0,0.0
2021-01-08 00:00:00-05:00,27.14699935913086,27.399999618530273,26.01099967956543,26.709999084472656,88900,0.0,0.0
2021-01-11 00:00:00-05:00,26.020000457763672,26.9689998626709,25.90999984741211,25.979999542236328,81600,0.0,0.0
2021-01-12 00:00:00-05:00,26.100000381469727,26.5,25.81999969482422,25.979999542236328,59700,0.0,0.0
2021-01-13 00:00:00-05:00,25.84000015258789,26.259000778198242,25.260000228881836,25.68000030517578,45700,0.0,0.0
2021-01-14 00:00:00-05:00,25.809999465942383,26.222999572753906,25.350000381469727,25.790000915527344,47200,0.0,0.0
2021-01-15 00:00:00-05:00,25.530000686645508,25.65999984741211,25.0,25.350000381469727,50300,0.0,0.0
2021-01-19 00:00:00-05:00,25.959999084472656,26.59000015258789,25.549999237060547,25.969999313354492,94500,0.0,0.0
2021-01-20 00:00:00-05:00,26.280000686645508,27.54400062561035,25.700000762939453,25.829999923706055,86100,0.0,0.0
2021-01-21 00:00:00-05:00,26.270000457763672,26.729999542236328,25.5,26.360000610351562,74500,0.0,0.0
2021-01-22 00:00:00-05:00,25.979999542236328,27.799999237060547,25.81999969482422,27.209999084472656,147400,0.0,0.0
2021-01-25 00:00:00-05:00,29.010000228881836,30.6299991607666,28.291000366210938,28.719999313354492,233700,0.0,0.0
2021-01-26 00:00:00-05:00,29.040000915527344,30.0,28.6299991607666,29.139999389648438,85900,0.0,0.0
2021-01-27 00:00:00-05:00,29.139999389648438,29.219999313354492,28.0,28.309999465942383,86700,0.0,0.0
2021-01-28 00:00:00-05:00,28.600000381469727,28.79599952697754,28.065000534057617,28.219999313354492,54100,0.0,0.0
2021-01-29 00:00:00-05:00,28.030000686645508,28.56999969482422,27.113000869750977,27.299999237060547,79900,0.0,0.0
2021-02-01 00:00:00-05:00,27.700000762939453,29.690000534057617,27.700000762939453,29.079999923706055,132000,0.0,0.0
2021-02-02 00:00:00-05:00,31.510000228881836,34.79999923706055,31.0,34.06999969482422,385100,0.0,0.0
2021-02-03 00:00:00-05:00,35.529998779296875,36.2599983215332,33.56999969482422,35.08000183105469,180800,0.0,0.0
2021-02-04 00:00:00-05:00,37.0,40.07500076293945,36.029998779296875,37.939998626708984,336200,0.0,0.0
2021-02-05 00:00:00-05:00,38.849998474121094,41.279998779296875,37.7599983215332,37.900001525878906,263900,0.0,0.0
2021-02-08 00:00:00-05:00,43.279998779296875,43.650001525878906,38.83399963378906,39.900001525878906,307500,0.0,0.0
2021-02-09 00:00:00-05:00,40.279998779296875,41.81999969482422,39.05500030517578,40.84000015258789,202100,0.0,0.0
2021-02-10 00:00:00-05:00,41.25,41.99700164794922,38.92499923706055,40.380001068115234,178800,0.0,0.0
2021-02-11 00:00:00-05:00,40.650001525878906,40.928001403808594,38.81999969482422,39.68000030517578,128500,0.0,0.0
2021-02-12 00:00:00-05:00,39.72999954223633,40.5,39.05500030517578,40.33000183105469,78600,0.0,0.0
2021-02-16 00:00:00-05:00,41.720001220703125,42.290000915527344,40.00400161743164,41.75,171700,0.0,0.0
2021-02-17 00:00:00-05:00,46.619998931884766,46.619998931884766,42.439998626708984,45.63999938964844,544000,0.0,0.0
2021-02-18 00:00:00-05:00,46.0,47.012001037597656,45.13999938964844,45.86000061035156,298400,0.0,0.0
2021-02-19 00:00:00-05:00,47.779998779296875,49.91999816894531,45.029998779296875,46.97999954223633,312700,0.0,0.0
2021-02-22 00:00:00-05:00,47.08000183105469,48.900001525878906,46.56999969482422,47.22999954223633,218400,0.0,0.0
2021-02-23 00:00:00-05:00,46.400001525878906,46.439998626708984,41.14500045776367,44.38999938964844,370500,0.0,0.0
2021-02-24 00:00:00-05:00,46.13999938964844,47.650001525878906,44.834999084472656,45.9900016784668,174900,0.0,0.0
2021-02-25 00:00:00-05:00,46.040000915527344,46.619998931884766,41.83000183105469,42.029998779296875,207500,0.0,0.0
2021-02-26 00:00:00-05:00,41.959999084472656,44.70000076293945,41.209999084472656,41.97999954223633,243400,0.0,0.0
2021-03-01 00:00:00-05:00,42.83000183105469,46.61000061035156,42.71500015258789,46.25,237500,0.0,0.0
2021-03-02 00:00:00-05:00,46.25,46.527000427246094,44.72999954223633,44.869998931884766,151400,0.0,0.0
2021-03-03 00:00:00-05:00,44.709999084472656,45.61000061035156,42.66999816894531,43.310001373291016,150200,0.0,0.0
2021-03-04 00:00:00-05:00,43.06999969482422,43.630001068115234,37.5,39.77000045776367,329400,0.0,0.0
2021-03-05 00:00:00-05:00,39.88999938964844,40.20000076293945,35.63999938964844,38.68000030517578,270700,0.0,0.0
2021-03-08 00:00:00-05:00,38.70000076293945,41.21500015258789,38.65999984741211,39.619998931884766,122700,0.0,0.0
2021-03-09 00:00:00-05:00,41.040000915527344,43.779998779296875,40.70000076293945,43.58000183105469,122500,0.0,0.0
2021-03-10 00:00:00-05:00,44.93000030517578,45.81999969482422,42.880001068115234,43.83000183105469,118100,0.0,0.0
2021-03-11 00:00:00-05:00,44.849998474121094,45.900001525878906,43.77000045776367,45.040000915527344,110500,0.0,0.0
2021-03-12 00:00:00-05:00,44.59000015258789,45.48500061035156,43.70000076293945,45.310001373291016,84000,0.0,0.0
2021-03-15 00:00:00-04:00,45.040000915527344,45.709999084472656,44.09000015258789,44.630001068115234,64800,0.0,0.0
2021-03-16 00:00:00-04:00,44.97999954223633,45.349998474121094,42.31100082397461,42.869998931884766,82800,0.0,0.0
2021-03-17 00:00:00-04:00,42.869998931884766,43.3390007019043,41.277000427246094,42.75,109100,0.0,0.0
2021-03-18 00:00:00-04:00,42.47999954223633,42.47999954223633,40.459999084472656,40.66999816894531,111500,0.0,0.0
2021-03-19 00:00:00-04:00,40.18000030517578,41.470001220703125,39.209999084472656,39.435001373291016,390000,0.0,0.0
2021-03-22 00:00:00-04:00,39.7400016784668,40.720001220703125,38.58000183105469,38.900001525878906,130400,0.0,0.0
2021-03-23 00:00:00-04:00,38.10599899291992,38.7400016784668,36.77000045776367,36.95000076293945,118500,0.0,0.0
2021-03-24 00:00:00-04:00,37.58000183105469,38.099998474121094,35.630001068115234,35.7400016784668,102700,0.0,0.0
2021-03-25 00:00:00-04:00,35.0,37.034000396728516,34.23099899291992,36.209999084472656,115600,0.0,0.0
2021-03-26 00:00:00-04:00,36.369998931884766,36.38999938964844,34.09000015258789,35.41999816894531,92900,0.0,0.0
2021-03-29 00:00:00-04:00,35.02000045776367,35.61000061035156,33.33000183105469,33.529998779296875,98600,0.0,0.0
2021-03-30 00:00:00-04:00,33.220001220703125,34.0,31.68000030517578,32.75,128200,0.0,0.0
2021-03-31 00:00:00-04:00,31.350000381469727,32.439998626708984,29.469999313354492,29.559999465942383,440800,0.0,0.0
2021-04-01 00:00:00-04:00,27.5,31.100000381469727,27.31800079345703,29.90999984741211,1049900,0.0,0.0
2021-04-05 00:00:00-04:00,30.5,30.674999237060547,27.510000228881836,27.610000610351562,286600,0.0,0.0
2021-04-06 00:00:00-04:00,28.110000610351562,28.809999465942383,27.34000015258789,27.760000228881836,288500,0.0,0.0
2021-04-07 00:00:00-04:00,27.709999084472656,28.40999984741211,26.809999465942383,27.65999984741211,275900,0.0,0.0
2021-04-08 00:00:00-04:00,27.8799991607666,27.989999771118164,26.299999237060547,27.68000030517578,380400,0.0,0.0
2021-04-09 00:00:00-04:00,27.540000915527344,28.010000228881836,25.81999969482422,26.280000686645508,300800,0.0,0.0
2021-04-12 00:00:00-04:00,26.440000534057617,26.889999389648438,25.31999969482422,25.610000610351562,276900,0.0,0.0
2021-04-13 00:00:00-04:00,25.8700008392334,26.079999923706055,24.850000381469727,25.190000534057617,291900,0.0,0.0
2021-04-14 00:00:00-04:00,26.059999465942383,26.5,25.65999984741211,25.969999313354492,259200,0.0,0.0
2021-04-15 00:00:00-04:00,26.0,26.702999114990234,25.149999618530273,25.260000228881836,143600,0.0,0.0
2021-04-16 00:00:00-04:00,25.280000686645508,26.56999969482422,24.864999771118164,26.3799991607666,194300,0.0,0.0
2021-04-19 00:00:00-04:00,26.010000228881836,26.420000076293945,25.149999618530273,25.739999771118164,151000,0.0,0.0
2021-04-20 00:00:00-04:00,25.450000762939453,25.739999771118164,24.514999389648438,25.15999984741211,153800,0.0,0.0
2021-04-21 00:00:00-04:00,24.940000534057617,26.309999465942383,24.809999465942383,26.270000457763672,126200,0.0,0.0
2021-04-22 00:00:00-04:00,26.920000076293945,26.979999542236328,25.93000030517578,26.190000534057617,129800,0.0,0.0
2021-04-23 00:00:00-04:00,26.200000762939453,26.989999771118164,25.959999084472656,26.559999465942383,110200,0.0,0.0
2021-04-26 00:00:00-04:00,27.100000381469727,27.950000762939453,26.75,27.59000015258789,132700,0.0,0.0
2021-04-27 00:00:00-04:00,27.649999618530273,28.350000381469727,27.15999984741211,27.940000534057617,163900,0.0,0.0
2021-04-28 00:00:00-04:00,27.93000030517578,28.18000030517578,27.079999923706055,27.889999389648438,153300,0.0,0.0
2021-04-29 00:00:00-04:00,28.350000381469727,28.420000076293945,27.3700008392334,28.100000381469727,108400,0.0,0.0
2021-04-30 00:00:00-04:00,27.850000381469727,28.4950008392334,27.6299991607666,28.020000457763672,116100,0.0,0.0
2021-05-03 00:00:00-04:00,28.739999771118164,28.950000762939453,28.100000381469727,28.3799991607666,181600,0.0,0.0
2021-05-04 00:00:00-04:00,28.5,28.65999984741211,26.649999618530273,27.510000228881836,167200,0.0,0.0
2021-05-05 00:00:00-04:00,27.649999618530273,27.969999313354492,26.94099998474121,27.540000915527344,119200,0.0,0.0
2021-05-06 00:00:00-04:00,27.479999542236328,27.75,26.65999984741211,27.469999313354492,134100,0.0,0.0
2021-05-07 00:00:00-04:00,27.190000534057617,28.200000762939453,27.190000534057617,27.959999084472656,92300,0.0,0.0
2021-05-10 00:00:00-04:00,28.1299991607666,28.1299991607666,26.649999618530273,26.90999984741211,188900,0.0,0.0
2021-05-11 00:00:00-04:00,25.65999984741211,26.520000457763672,24.420000076293945,25.899999618530273,248900,0.0,0.0
2021-05-12 00:00:00-04:00,25.670000076293945,26.170000076293945,25.25,25.290000915527344,103100,0.0,0.0
2021-05-13 00:00:00-04:00,25.25,25.889999389648438,24.739999771118164,25.709999084472656,128700,0.0,0.0
2021-05-14 00:00:00-04:00,26.0,27.020000457763672,25.610000610351562,26.979999542236328,141600,0.0,0.0
2021-05-17 00:00:00-04:00,26.989999771118164,27.229999542236328,26.440000534057617,27.040000915527344,100300,0.0,0.0
2021-05-18 00:00:00-04:00,27.059999465942383,27.850000381469727,26.829999923706055,27.299999237060547,80200,0.0,0.0
2021-05-19 00:00:00-04:00,26.829999923706055,27.290000915527344,26.079999923706055,27.079999923706055,79700,0.0,0.0
2021-05-20 00:00:00-04:00,27.200000762939453,28.219999313354492,26.985000610351562,28.040000915527344,82700,0.0,0.0
2021-05-21 00:00:00-04:00,28.530000686645508,28.530000686645508,27.899999618530273,28.190000534057617,87700,0.0,0.0
2021-05-24 00:00:00-04:00,28.3700008392334,29.190000534057617,28.016000747680664,28.889999389648438,119500,0.0,0.0
2021-05-25 00:00:00-04:00,29.3799991607666,30.459999084472656,28.010000228881836,28.469999313354492,194900,0.0,0.0
2021-05-26 00:00:00-04:00,28.700000762939453,29.75,28.700000762939453,29.6299991607666,151700,0.0,0.0
2021-05-27 00:00:00-04:00,29.920000076293945,30.450000762939453,29.309999465942383,29.799999237060547,125500,0.0,0.0
2021-05-28 00:00:00-04:00,30.06999969482422,30.68000030517578,29.540000915527344,30.65999984741211,95600,0.0,0.0
2021-06-01 00:00:00-04:00,31.0,31.739999771118164,30.530000686645508,31.59000015258789,112900,0.0,0.0
2021-06-02 00:00:00-04:00,31.799999237060547,31.799999237060547,30.229999542236328,30.489999771118164,193600,0.0,0.0
2021-06-03 00:00:00-04:00,30.299999237060547,30.59000015258789,29.799999237060547,30.559999465942383,63400,0.0,0.0
2021-06-04 00:00:00-04:00,31.0,31.219999313354492,30.565000534057617,30.700000762939453,89800,0.0,0.0
2021-06-07 00:00:00-04:00,30.989999771118164,32.619998931884766,30.836999893188477,32.310001373291016,120300,0.0,0.0
2021-06-08 00:00:00-04:00,32.5099983215332,32.5099983215332,31.09000015258789,32.02000045776367,84200,0.0,0.0
2021-06-09 00:00:00-04:00,32.25,33.117000579833984,32.0099983215332,32.880001068115234,90200,0.0,0.0
2021-06-10 00:00:00-04:00,33.2400016784668,33.290000915527344,32.220001220703125,32.68000030517578,110400,0.0,0.0
2021-06-11 00:00:00-04:00,32.880001068115234,33.470001220703125,32.54999923706055,33.369998931884766,91800,0.0,0.0
2021-06-14 00:00:00-04:00,33.599998474121094,33.94499969482422,33.279998779296875,33.400001525878906,100100,0.0,0.0
2021-06-15 00:00:00-04:00,33.380001068115234,33.470001220703125,32.560001373291016,33.20000076293945,88000,0.0,0.0
2021-06-16 00:00:00-04:00,33.099998474121094,33.810001373291016,33.099998474121094,33.70000076293945,75100,0.0,0.0
2021-06-17 00:00:00-04:00,33.560001373291016,34.54899978637695,33.52000045776367,34.45000076293945,91900,0.0,0.0
2021-06-18 00:00:00-04:00,33.84000015258789,34.45000076293945,32.02000045776367,32.099998474121094,196900,0.0,0.0
2021-06-21 00:00:00-04:00,32.099998474121094,32.68000030517578,31.579999923706055,32.40999984741211,78800,0.0,0.0
2021-06-22 00:00:00-04:00,32.40999984741211,32.564998626708984,31.531999588012695,31.899999618530273,96300,0.0,0.0
2021-06-23 00:00:00-04:00,32.040000915527344,32.617000579833984,31.899999618530273,32.0,118600,0.0,0.0
2021-06-24 00:00:00-04:00,32.130001068115234,32.95000076293945,31.579999923706055,32.90999984741211,188500,0.0,0.0
2021-06-25 00:00:00-04:00,32.95000076293945,33.66999816894531,32.380001068115234,32.54999923706055,562300,0.0,0.0
2021-06-28 00:00:00-04:00,32.59000015258789,32.61000061035156,31.615999221801758,31.950000762939453,127200,0.0,0.0
2021-06-29 00:00:00-04:00,32.25,33.30799865722656,32.0,32.06999969482422,104100,0.0,0.0
2021-06-30 00:00:00-04:00,32.119998931884766,32.119998931884766,31.200000762939453,31.709999084472656,83400,0.0,0.0
2021-07-01 00:00:00-04:00,31.81999969482422,32.0,31.309999465942383,31.719999313354492,95300,0.0,0.0
2021-07-02 00:00:00-04:00,31.5,31.716999053955078,30.309999465942383,30.600000381469727,103500,0.0,0.0
2021-07-06 00:00:00-04:00,30.610000610351562,30.899999618530273,29.729999542236328,30.290000915527344,115400,0.0,0.0
2021-07-07 00:00:00-04:00,30.329999923706055,30.520000457763672,29.290000915527344,29.399999618530273,87300,0.0,0.0
2021-07-08 00:00:00-04:00,28.68000030517578,29.5,28.229999542236328,28.90999984741211,76900,0.0,0.0
2021-07-09 00:00:00-04:00,29.40999984741211,29.979999542236328,28.920000076293945,29.559999465942383,66700,0.0,0.0
2021-07-12 00:00:00-04:00,29.73900032043457,30.089000701904297,29.079999923706055,29.969999313354492,66300,0.0,0.0
2021-07-13 00:00:00-04:00,29.770000457763672,29.954999923706055,29.030000686645508,29.489999771118164,101200,0.0,0.0
2021-07-14 00:00:00-04:00,30.045000076293945,30.15999984741211,29.36400032043457,29.5,87700,0.0,0.0
2021-07-15 00:00:00-04:00,29.360000610351562,29.799999237060547,29.020000457763672,29.760000228881836,77900,0.0,0.0
2021-07-16 00:00:00-04:00,30.040000915527344,30.170000076293945,29.600000381469727,29.93000030517578,95100,0.0,0.0
2021-07-19 00:00:00-04:00,29.200000762939453,30.299999237060547,29.059999465942383,30.040000915527344,99300,0.0,0.0
2021-07-20 00:00:00-04:00,30.239999771118164,31.700000762939453,30.1200008392334,31.510000228881836,121700,0.0,0.0
2021-07-21 00:00:00-04:00,31.90999984741211,32.75,31.700000762939453,32.27000045776367,118500,0.0,0.0
2021-07-22 00:00:00-04:00,32.25,32.25,31.25,31.68000030517578,80400,0.0,0.0
2021-07-23 00:00:00-04:00,31.950000762939453,32.709999084472656,31.399999618530273,32.4900016784668,71000,0.0,0.0
2021-07-26 00:00:00-04:00,32.404998779296875,33.48400115966797,32.279998779296875,32.650001525878906,82100,0.0,0.0
2021-07-27 00:00:00-04:00,32.310001373291016,32.599998474121094,31.827999114990234,32.47999954223633,77000,0.0,0.0
2021-07-28 00:00:00-04:00,32.56999969482422,33.41999816894531,32.26300048828125,33.0,77500,0.0,0.0
2021-07-29 00:00:00-04:00,33.209999084472656,33.47999954223633,33.02000045776367,33.099998474121094,82800,0.0,0.0
2021-07-30 00:00:00-04:00,32.93000030517578,33.40999984741211,32.61000061035156,32.709999084472656,105800,0.0,0.0
2021-08-02 00:00:00-04:00,33.099998474121094,33.64699935913086,31.649999618530273,31.739999771118164,98500,0.0,0.0
2021-08-03 00:00:00-04:00,31.940000534057617,31.940000534057617,30.5,31.6200008392334,106200,0.0,0.0
2021-08-04 00:00:00-04:00,31.06999969482422,31.5,30.309999465942383,30.670000076293945,84700,0.0,0.0
2021-08-05 00:00:00-04:00,30.93000030517578,32.65800094604492,30.600000381469727,32.08000183105469,83900,0.0,0.0
2021-08-06 00:00:00-04:00,32.099998474121094,32.612998962402344,31.329999923706055,32.040000915527344,70200,0.0,0.0
2021-08-09 00:00:00-04:00,32.0,32.47999954223633,31.5,31.649999618530273,62600,0.0,0.0
2021-08-10 00:00:00-04:00,31.68000030517578,32.5,31.56999969482422,32.279998779296875,87600,0.0,0.0
2021-08-11 00:00:00-04:00,32.34000015258789,32.61000061035156,31.799999237060547,32.59000015258789,68400,0.0,0.0
2021-08-12 00:00:00-04:00,32.45000076293945,32.45000076293945,31.75,31.979999542236328,50000,0.0,0.0
2021-08-13 00:00:00-04:00,32.0,32.16999816894531,29.739999771118164,29.760000228881836,113600,0.0,0.0
2021-08-16 00:00:00-04:00,29.6299991607666,30.979999542236328,29.049999237060547,30.329999923706055,85100,0.0,0.0
2021-08-17 00:00:00-04:00,30.1200008392334,30.290000915527344,29.149999618530273,29.549999237060547,68600,0.0,0.0
2021-08-18 00:00:00-04:00,29.924999237060547,31.3799991607666,29.469999313354492,30.469999313354492,115900,0.0,0.0
2021-08-19 00:00:00-04:00,30.170000076293945,30.25,29.520000457763672,29.969999313354492,72200,0.0,0.0
2021-08-20 00:00:00-04:00,29.850000381469727,31.489999771118164,29.68000030517578,31.459999084472656,74600,0.0,0.0
2021-08-23 00:00:00-04:00,31.90999984741211,32.42300033569336,31.5,32.18000030517578,74900,0.0,0.0
2021-08-24 00:00:00-04:00,32.38999938964844,33.880001068115234,32.38999938964844,33.38999938964844,102200,0.0,0.0
2021-08-25 00:00:00-04:00,33.41999816894531,33.665000915527344,32.68000030517578,33.52000045776367,95300,0.0,0.0
2021-08-26 00:00:00-04:00,33.63999938964844,34.21200180053711,33.11000061035156,33.63999938964844,102400,0.0,0.0
2021-08-27 00:00:00-04:00,33.75,36.369998931884766,33.70000076293945,36.0,148200,0.0,0.0
2021-08-30 00:00:00-04:00,36.25,36.744998931884766,34.279998779296875,35.07500076293945,130700,0.0,0.0
2021-08-31 00:00:00-04:00,34.84000015258789,35.900001525878906,34.689998626708984,35.75,143800,0.0,0.0
2021-09-01 00:00:00-04:00,35.79999923706055,36.28300094604492,35.0099983215332,35.16999816894531,96300,0.0,0.0
2021-09-02 00:00:00-04:00,35.400001525878906,35.83000183105469,34.9900016784668,35.22999954223633,82600,0.0,0.0
2021-09-03 00:00:00-04:00,35.630001068115234,35.630001068115234,33.779998779296875,33.880001068115234,99200,0.0,0.0
2021-09-07 00:00:00-04:00,33.849998474121094,33.90999984741211,32.97999954223633,33.06999969482422,90400,0.0,0.0
2021-09-08 00:00:00-04:00,33.06999969482422,33.16999816894531,32.119998931884766,32.959999084472656,127700,0.0,0.0
2021-09-09 00:00:00-04:00,32.779998779296875,33.88999938964844,32.6150016784668,32.720001220703125,62500,0.0,0.0
2021-09-10 00:00:00-04:00,32.959999084472656,33.207000732421875,32.369998931884766,32.540000915527344,86300,0.0,0.0
2021-09-13 00:00:00-04:00,32.709999084472656,33.07699966430664,32.25199890136719,32.7400016784668,55500,0.0,0.0
2021-09-14 00:00:00-04:00,33.0,33.0,31.799999237060547,32.029998779296875,53700,0.0,0.0
2021-09-15 00:00:00-04:00,32.2599983215332,32.505001068115234,31.5,32.47999954223633,61700,0.0,0.0
2021-09-16 00:00:00-04:00,32.47999954223633,32.939998626708984,32.34000015258789,32.470001220703125,52600,0.0,0.0
2021-09-17 00:00:00-04:00,32.61000061035156,33.810001373291016,32.483001708984375,33.65999984741211,138200,0.0,0.0
2021-09-20 00:00:00-04:00,33.650001525878906,33.650001525878906,32.689998626708984,33.099998474121094,96400,0.0,0.0
2021-09-21 00:00:00-04:00,33.68000030517578,36.09000015258789,33.58000183105469,35.400001525878906,156900,0.0,0.0
2021-09-22 00:00:00-04:00,36.31999969482422,41.72999954223633,36.0,39.900001525878906,304700,0.0,0.0
2021-09-23 00:00:00-04:00,40.150001525878906,42.31999969482422,39.72999954223633,41.619998931884766,229500,0.0,0.0
2021-09-24 00:00:00-04:00,41.779998779296875,43.5,41.779998779296875,42.75,226100,0.0,0.0
2021-09-27 00:00:00-04:00,42.34000015258789,44.5,41.81999969482422,42.75,162100,0.0,0.0
2021-09-28 00:00:00-04:00,42.779998779296875,43.50199890136719,41.310001373291016,41.70000076293945,127000,0.0,0.0
2021-09-29 00:00:00-04:00,42.459999084472656,42.459999084472656,38.779998779296875,38.959999084472656,191200,0.0,0.0
2021-09-30 00:00:00-04:00,39.380001068115234,40.88999938964844,38.25,38.779998779296875,294700,0.0,0.0
2021-10-01 00:00:00-04:00,39.040000915527344,40.279998779296875,38.0,39.31999969482422,150000,0.0,0.0
2021-10-04 00:00:00-04:00,39.29999923706055,39.70000076293945,38.189998626708984,39.099998474121094,77200,0.0,0.0
2021-10-05 00:00:00-04:00,39.380001068115234,39.7599983215332,38.79999923706055,38.970001220703125,64700,0.0,0.0
2021-10-06 00:00:00-04:00,38.4900016784668,39.08000183105469,38.18000030517578,38.630001068115234,55400,0.0,0.0
2021-10-07 00:00:00-04:00,39.060001373291016,39.91999816894531,38.849998474121094,39.099998474121094,71900,0.0,0.0
2021-10-08 00:00:00-04:00,39.34000015258789,39.6150016784668,38.41999816894531,38.61000061035156,48800,0.0,0.0
2021-10-11 00:00:00-04:00,38.61000061035156,38.869998931884766,37.939998626708984,37.95000076293945,54400,0.0,0.0
2021-10-12 00:00:00-04:00,37.939998626708984,38.75,37.630001068115234,37.790000915527344,46400,0.0,0.0
2021-10-13 00:00:00-04:00,38.0099983215332,38.20000076293945,37.25,37.45000076293945,60300,0.0,0.0
2021-10-14 00:00:00-04:00,37.84000015258789,38.0,36.5099983215332,37.209999084472656,81500,0.0,0.0
2021-10-15 00:00:00-04:00,37.849998474121094,38.56999969482422,35.70000076293945,37.33000183105469,501800,0.0,0.0
2021-10-18 00:00:00-04:00,37.099998474121094,38.0,35.95000076293945,36.25,147700,0.0,0.0
2021-10-19 00:00:00-04:00,36.58000183105469,37.215999603271484,34.470001220703125,36.02000045776367,174100,0.0,0.0
2021-10-20 00:00:00-04:00,36.06999969482422,36.540000915527344,35.92399978637695,36.16999816894531,76600,0.0,0.0
2021-10-21 00:00:00-04:00,36.09000015258789,36.310001373291016,35.560001373291016,36.08000183105469,52000,0.0,0.0
2021-10-22 00:00:00-04:00,36.099998474121094,36.150001525878906,34.81999969482422,35.22999954223633,63200,0.0,0.0
2021-10-25 00:00:00-04:00,35.5,36.07500076293945,35.38999938964844,35.90999984741211,75500,0.0,0.0
2021-10-26 00:00:00-04:00,36.04999923706055,36.150001525878906,35.5,36.02000045776367,83500,0.0,0.0
2021-10-27 00:00:00-04:00,35.79999923706055,36.150001525878906,35.209999084472656,35.36000061035156,67200,0.0,0.0
2021-10-28 00:00:00-04:00,35.4900016784668,35.75,34.29999923706055,34.43000030517578,95800,0.0,0.0
2021-10-29 00:00:00-04:00,34.54999923706055,35.4900016784668,34.54999923706055,35.45000076293945,87200,0.0,0.0
2021-11-01 00:00:00-04:00,35.88999938964844,38.5,34.630001068115234,35.25,367500,0.0,0.0
2021-11-02 00:00:00-04:00,35.56999969482422,36.073001861572266,34.58000183105469,35.34000015258789,147000,0.0,0.0
2021-11-03 00:00:00-04:00,35.34000015258789,36.619998931884766,35.34000015258789,35.75,172400,0.0,0.0
2021-11-04 00:00:00-04:00,36.209999084472656,36.63999938964844,35.380001068115234,36.310001373291016,158300,0.0,0.0
2021-11-05 00:00:00-04:00,36.63999938964844,36.86000061035156,35.59000015258789,35.84000015258789,134300,0.0,0.0
2021-11-08 00:00:00-05:00,36.16999816894531,36.441001892089844,35.224998474121094,35.97999954223633,116100,0.0,0.0
2021-11-09 00:00:00-05:00,35.75,35.970001220703125,35.099998474121094,35.439998626708984,83500,0.0,0.0
2021-11-10 00:00:00-05:00,35.0099983215332,35.5,33.81999969482422,33.939998626708984,132900,0.0,0.0
2021-11-11 00:00:00-05:00,34.119998931884766,35.0,34.08000183105469,34.400001525878906,93200,0.0,0.0
2021-11-12 00:00:00-05:00,34.619998931884766,35.25,34.2599983215332,34.5,105700,0.0,0.0
2021-11-15 00:00:00-05:00,34.599998474121094,34.63999938964844,32.810001373291016,33.06999969482422,165200,0.0,0.0
2021-11-16 00:00:00-05:00,32.86000061035156,33.029998779296875,30.950000762939453,31.110000610351562,230700,0.0,0.0
2021-11-17 00:00:00-05:00,31.049999237060547,31.704999923706055,29.399999618530273,31.530000686645508,309400,0.0,0.0
2021-11-18 00:00:00-05:00,31.81999969482422,32.34000015258789,30.510000228881836,30.719999313354492,228100,0.0,0.0
2021-11-19 00:00:00-05:00,30.559999465942383,31.198999404907227,29.85700035095215,30.34000015258789,173900,0.0,0.0
2021-11-22 00:00:00-05:00,30.489999771118164,31.709999084472656,30.290000915527344,31.100000381469727,180900,0.0,0.0
2021-11-23 00:00:00-05:00,31.110000610351562,31.969999313354492,30.610000610351562,30.889999389648438,127300,0.0,0.0
2021-11-24 00:00:00-05:00,30.690000534057617,30.860000610351562,29.739999771118164,29.860000610351562,143400,0.0,0.0
2021-11-26 00:00:00-05:00,29.0,29.889999389648438,28.538000106811523,29.780000686645508,128700,0.0,0.0
2021-11-29 00:00:00-05:00,30.049999237060547,30.149999618530273,28.860000610351562,28.899999618530273,143200,0.0,0.0
2021-11-30 00:00:00-05:00,28.8799991607666,29.309999465942383,27.860000610351562,28.649999618530273,208500,0.0,0.0
2021-12-01 00:00:00-05:00,29.3700008392334,29.649999618530273,27.850000381469727,27.959999084472656,137800,0.0,0.0
2021-12-02 00:00:00-05:00,28.489999771118164,29.0,27.71500015258789,28.739999771118164,118700,0.0,0.0
2021-12-03 00:00:00-05:00,28.709999084472656,28.989999771118164,27.489999771118164,27.950000762939453,145600,0.0,0.0
2021-12-06 00:00:00-05:00,27.940000534057617,28.639999389648438,27.530000686645508,28.510000228881836,100300,0.0,0.0
2021-12-07 00:00:00-05:00,29.0,29.423999786376953,28.540000915527344,28.770000457763672,68400,0.0,0.0
2021-12-08 00:00:00-05:00,28.780000686645508,29.770000457763672,28.579999923706055,29.290000915527344,117600,0.0,0.0
2021-12-09 00:00:00-05:00,29.139999389648438,29.395000457763672,28.020000457763672,28.059999465942383,116100,0.0,0.0
2021-12-10 00:00:00-05:00,28.1299991607666,28.332000732421875,27.530000686645508,27.700000762939453,86000,0.0,0.0
2021-12-13 00:00:00-05:00,27.549999237060547,27.920000076293945,26.850000381469727,27.739999771118164,132400,0.0,0.0
2021-12-14 00:00:00-05:00,27.75,28.099000930786133,27.209999084472656,27.989999771118164,152700,0.0,0.0
2021-12-15 00:00:00-05:00,27.8799991607666,28.110000610351562,26.84000015258789,27.920000076293945,168600,0.0,0.0
2021-12-16 00:00:00-05:00,28.219999313354492,28.385000228881836,26.950000762939453,27.229999542236328,164700,0.0,0.0
2021-12-17 00:00:00-05:00,27.209999084472656,28.190000534057617,26.110000610351562,27.829999923706055,485700,0.0,0.0
2021-12-20 00:00:00-05:00,27.25,27.31999969482422,26.399999618530273,26.600000381469727,127100,0.0,0.0
2021-12-21 00:00:00-05:00,27.09000015258789,28.139999389648438,26.700000762939453,27.940000534057617,99000,0.0,0.0
2021-12-22 00:00:00-05:00,28.1299991607666,28.299999237060547,27.700000762939453,28.25,88700,0.0,0.0
2021-12-23 00:00:00-05:00,28.702999114990234,29.299999237060547,28.299999237060547,29.229999542236328,81000,0.0,0.0
2021-12-27 00:00:00-05:00,29.479999542236328,29.75,28.829999923706055,29.329999923706055,94900,0.0,0.0
2021-12-28 00:00:00-05:00,29.18000030517578,29.674999237060547,28.469999313354492,28.729999542236328,77700,0.0,0.0
2021-12-29 00:00:00-05:00,28.799999237060547,29.219999313354492,28.329999923706055,28.479999542236328,74200,0.0,0.0
2021-12-30 00:00:00-05:00,28.3799991607666,29.469999313354492,28.3799991607666,28.969999313354492,64200,0.0,0.0
2021-12-31 00:00:00-05:00,28.899999618530273,29.479999542236328,28.665000915527344,28.729999542236328,76100,0.0,0.0
2022-01-03 00:00:00-05:00,28.93000030517578,29.764999389648438,28.600000381469727,28.959999084472656,105800,0.0,0.0
2022-01-04 00:00:00-05:00,29.010000228881836,29.959999084472656,28.649999618530273,29.610000610351562,157200,0.0,0.0
2022-01-05 00:00:00-05:00,29.600000381469727,29.746000289916992,28.079999923706055,28.25,139300,0.0,0.0
2022-01-06 00:00:00-05:00,28.549999237060547,28.972000122070312,28.200000762939453,28.459999084472656,74300,0.0,0.0
2022-01-07 00:00:00-05:00,28.530000686645508,29.437999725341797,28.459999084472656,29.049999237060547,74100,0.0,0.0
2022-01-10 00:00:00-05:00,29.110000610351562,29.309999465942383,28.400999069213867,29.280000686645508,101700,0.0,0.0
2022-01-11 00:00:00-05:00,29.469999313354492,30.354999542236328,29.299999237060547,30.139999389648438,119500,0.0,0.0
2022-01-12 00:00:00-05:00,30.43000030517578,30.700000762939453,29.440000534057617,29.469999313354492,139600,0.0,0.0
2022-01-13 00:00:00-05:00,29.770000457763672,30.290000915527344,29.28499984741211,29.440000534057617,98300,0.0,0.0
2022-01-14 00:00:00-05:00,29.81999969482422,29.81999969482422,27.770999908447266,28.450000762939453,98200,0.0,0.0
2022-01-18 00:00:00-05:00,28.420000076293945,28.8799991607666,27.90999984741211,28.049999237060547,135400,0.0,0.0
2022-01-19 00:00:00-05:00,28.139999389648438,28.527999877929688,26.280000686645508,26.68000030517578,259900,0.0,0.0
2022-01-20 00:00:00-05:00,26.790000915527344,27.739999771118164,25.780000686645508,25.84000015258789,163200,0.0,0.0
2022-01-21 00:00:00-05:00,25.84000015258789,26.474000930786133,24.809999465942383,25.5,230400,0.0,0.0
2022-01-24 00:00:00-05:00,24.959999084472656,25.940000534057617,24.285999298095703,25.770000457763672,207800,0.0,0.0
2022-01-25 00:00:00-05:00,25.420000076293945,25.889999389648438,24.719999313354492,25.56999969482422,145500,0.0,0.0
2022-01-26 00:00:00-05:00,26.1299991607666,26.424999237060547,24.549999237060547,24.780000686645508,146700,0.0,0.0
2022-01-27 00:00:00-05:00,24.989999771118164,25.312000274658203,24.09000015258789,24.18000030517578,128000,0.0,0.0
2022-01-28 00:00:00-05:00,24.18000030517578,25.200000762939453,23.850000381469727,25.149999618530273,116300,0.0,0.0
2022-01-31 00:00:00-05:00,25.200000762939453,26.440000534057617,25.1200008392334,26.389999389648438,99900,0.0,0.0
2022-02-01 00:00:00-05:00,26.469999313354492,26.799999237060547,26.010000228881836,26.290000915527344,101800,0.0,0.0
2022-02-02 00:00:00-05:00,26.479999542236328,26.479999542236328,25.209999084472656,25.329999923706055,94700,0.0,0.0
2022-02-03 00:00:00-05:00,25.260000228881836,25.59000015258789,24.799999237060547,24.989999771118164,95800,0.0,0.0
2022-02-04 00:00:00-05:00,24.950000762939453,25.799999237060547,24.709999084472656,25.450000762939453,75700,0.0,0.0
2022-02-07 00:00:00-05:00,25.31999969482422,25.94300079345703,25.111000061035156,25.59000015258789,99300,0.0,0.0
2022-02-08 00:00:00-05:00,25.56999969482422,26.0,25.382999420166016,25.799999237060547,95300,0.0,0.0
2022-02-09 00:00:00-05:00,26.209999084472656,26.524999618530273,25.954999923706055,26.489999771118164,105200,0.0,0.0
2022-02-10 00:00:00-05:00,26.149999618530273,27.0,25.895000457763672,26.059999465942383,101600,0.0,0.0
2022-02-11 00:00:00-05:00,26.1299991607666,26.459999084472656,25.639999389648438,25.90999984741211,65100,0.0,0.0
2022-02-14 00:00:00-05:00,25.3799991607666,25.790000915527344,25.049999237060547,25.219999313354492,83400,0.0,0.0
2022-02-15 00:00:00-05:00,25.899999618530273,26.920000076293945,25.600000381469727,26.860000610351562,69000,0.0,0.0
2022-02-16 00:00:00-05:00,26.75,27.100000381469727,26.459999084472656,26.989999771118164,53300,0.0,0.0
2022-02-17 00:00:00-05:00,26.600000381469727,26.905000686645508,25.900999069213867,26.079999923706055,64600,0.0,0.0
2022-02-18 00:00:00-05:00,25.84000015258789,26.283000946044922,25.3799991607666,25.760000228881836,87000,0.0,0.0
2022-02-22 00:00:00-05:00,25.700000762939453,26.309999465942383,25.3799991607666,25.40999984741211,68800,0.0,0.0
2022-02-23 00:00:00-05:00,25.889999389648438,26.5,25.270000457763672,25.309999465942383,104800,0.0,0.0
2022-02-24 00:00:00-05:00,25.0,27.236000061035156,24.799999237060547,26.8799991607666,205100,0.0,0.0
2022-02-25 00:00:00-05:00,27.0,27.549999237060547,26.100000381469727,27.34000015258789,97900,0.0,0.0
2022-02-28 00:00:00-05:00,27.0,28.56599998474121,27.0,27.989999771118164,111900,0.0,0.0
2022-03-01 00:00:00-05:00,27.969999313354492,29.209999084472656,27.7189998626709,28.420000076293945,102400,0.0,0.0
2022-03-02 00:00:00-05:00,28.670000076293945,29.385000228881836,28.243000030517578,28.93000030517578,76400,0.0,0.0
2022-03-03 00:00:00-05:00,29.100000381469727,29.329999923706055,28.020000457763672,28.3799991607666,78200,0.0,0.0
2022-03-04 00:00:00-05:00,27.979999542236328,28.309999465942383,27.452999114990234,27.940000534057617,78400,0.0,0.0
2022-03-07 00:00:00-05:00,27.950000762939453,28.229999542236328,27.0,27.149999618530273,96800,0.0,0.0
2022-03-08 00:00:00-05:00,27.020000457763672,27.531999588012695,26.520000457763672,26.850000381469727,104000,0.0,0.0
2022-03-09 00:00:00-05:00,27.31999969482422,28.489999771118164,27.31999969482422,28.149999618530273,53200,0.0,0.0
2022-03-10 00:00:00-05:00,27.610000610351562,28.18000030517578,27.344999313354492,28.040000915527344,42200,0.0,0.0
2022-03-11 00:00:00-05:00,28.290000915527344,28.350000381469727,26.625,26.729999542236328,59900,0.0,0.0
2022-03-14 00:00:00-04:00,26.959999084472656,27.030000686645508,25.709999084472656,26.25,83500,0.0,0.0
2022-03-15 00:00:00-04:00,26.5,27.719999313354492,26.5,27.239999771118164,58600,0.0,0.0
2022-03-16 00:00:00-04:00,27.719999313354492,28.5,27.110000610351562,27.920000076293945,123300,0.0,0.0
2022-03-17 00:00:00-04:00,27.690000534057617,28.84000015258789,27.690000534057617,28.709999084472656,63200,0.0,0.0
2022-03-18 00:00:00-04:00,28.899999618530273,29.924999237060547,28.6299991607666,29.829999923706055,131300,0.0,0.0
2022-03-21 00:00:00-04:00,29.899999618530273,30.100000381469727,28.584999084472656,28.889999389648438,58900,0.0,0.0
2022-03-22 00:00:00-04:00,29.0,30.940000534057617,29.0,30.610000610351562,85000,0.0,0.0
2022-03-23 00:00:00-04:00,30.190000534057617,30.65999984741211,29.139999389648438,29.239999771118164,57300,0.0,0.0
2022-03-24 00:00:00-04:00,29.40999984741211,29.75,28.780000686645508,29.479999542236328,56300,0.0,0.0
2022-03-25 00:00:00-04:00,29.5,29.5,28.520000457763672,28.649999618530273,54500,0.0,0.0
2022-03-28 00:00:00-04:00,28.549999237060547,28.583999633789062,27.200000762939453,28.0,92500,0.0,0.0
2022-03-29 00:00:00-04:00,28.520000457763672,28.8700008392334,27.5,28.520000457763672,122700,0.0,0.0
2022-03-30 00:00:00-04:00,28.15999984741211,28.39699935913086,26.405000686645508,26.459999084472656,107400,0.0,0.0
2022-03-31 00:00:00-04:00,26.389999389648438,26.649999618530273,25.25,25.3700008392334,182600,0.0,0.0
2022-04-01 00:00:00-04:00,25.399999618530273,25.8799991607666,25.049999237060547,25.40999984741211,169400,0.0,0.0
2022-04-04 00:00:00-04:00,25.700000762939453,25.700000762939453,24.809999465942383,25.239999771118164,156800,0.0,0.0
2022-04-05 00:00:00-04:00,25.059999465942383,25.479999542236328,24.440000534057617,24.5,133100,0.0,0.0
2022-04-06 00:00:00-04:00,24.079999923706055,24.829999923706055,23.170000076293945,23.93000030517578,152800,0.0,0.0
2022-04-07 00:00:00-04:00,23.940000534057617,24.367000579833984,23.65999984741211,23.899999618530273,104700,0.0,0.0
2022-04-08 00:00:00-04:00,23.959999084472656,25.1200008392334,23.91699981689453,24.770000457763672,103500,0.0,0.0
2022-04-11 00:00:00-04:00,24.700000762939453,25.399999618530273,24.450000762939453,25.18000030517578,116100,0.0,0.0
2022-04-12 00:00:00-04:00,25.280000686645508,25.871999740600586,24.559999465942383,24.59000015258789,83900,0.0,0.0
2022-04-13 00:00:00-04:00,24.780000686645508,25.209999084472656,24.639999389648438,25.190000534057617,58300,0.0,0.0
2022-04-14 00:00:00-04:00,25.149999618530273,25.360000610351562,24.299999237060547,24.760000228881836,72100,0.0,0.0
2022-04-18 00:00:00-04:00,25.100000381469727,25.18000030517578,24.295000076293945,24.68000030517578,71300,0.0,0.0
2022-04-19 00:00:00-04:00,24.739999771118164,25.510000228881836,24.555999755859375,25.059999465942383,69800,0.0,0.0
2022-04-20 00:00:00-04:00,25.440000534057617,25.440000534057617,24.600000381469727,24.950000762939453,72500,0.0,0.0
2022-04-21 00:00:00-04:00,25.209999084472656,25.6299991607666,23.899999618530273,23.989999771118164,91800,0.0,0.0
2022-04-22 00:00:00-04:00,23.8799991607666,24.075000762939453,22.540000915527344,22.959999084472656,166900,0.0,0.0
2022-04-25 00:00:00-04:00,22.920000076293945,23.621000289916992,22.56999969482422,23.489999771118164,135500,0.0,0.0
2022-04-26 00:00:00-04:00,23.1299991607666,23.200000762939453,21.700000762939453,21.979999542236328,173800,0.0,0.0
2022-04-27 00:00:00-04:00,22.0,22.459999084472656,21.34000015258789,21.5,124200,0.0,0.0
2022-04-28 00:00:00-04:00,21.84000015258789,22.25,21.06999969482422,21.790000915527344,116800,0.0,0.0
2022-04-29 00:00:00-04:00,21.59000015258789,21.940000534057617,20.69499969482422,20.84000015258789,111900,0.0,0.0
2022-05-02 00:00:00-04:00,20.940000534057617,21.450000762939453,20.670000076293945,21.31999969482422,105700,0.0,0.0
2022-05-03 00:00:00-04:00,21.520000457763672,22.44700050354004,21.36199951171875,22.18000030517578,100600,0.0,0.0
2022-05-04 00:00:00-04:00,22.1200008392334,22.540000915527344,21.440000534057617,22.510000228881836,74900,0.0,0.0
2022-05-05 00:00:00-04:00,22.360000610351562,22.360000610351562,21.209999084472656,21.56999969482422,107700,0.0,0.0
2022-05-06 00:00:00-04:00,21.40999984741211,21.709999084472656,20.809999465942383,21.469999313354492,128800,0.0,0.0
2022-05-09 00:00:00-04:00,21.190000534057617,21.242000579833984,20.1200008392334,20.229999542236328,113800,0.0,0.0
2022-05-10 00:00:00-04:00,20.5,20.959999084472656,20.040000915527344,20.799999237060547,139300,0.0,0.0
2022-05-11 00:00:00-04:00,20.670000076293945,21.079999923706055,20.110000610351562,20.18000030517578,117900,0.0,0.0
2022-05-12 00:00:00-04:00,20.0,20.84000015258789,19.760000228881836,20.309999465942383,104200,0.0,0.0
2022-05-13 00:00:00-04:00,20.780000686645508,21.459999084472656,20.597000122070312,20.81999969482422,88600,0.0,0.0
2022-05-16 00:00:00-04:00,21.110000610351562,21.399999618530273,20.110000610351562,20.280000686645508,110600,0.0,0.0
2022-05-17 00:00:00-04:00,20.65999984741211,21.049999237060547,20.3700008392334,21.010000228881836,79000,0.0,0.0
2022-05-18 00:00:00-04:00,20.56999969482422,21.07699966430664,20.100000381469727,20.239999771118164,65000,0.0,0.0
2022-05-19 00:00:00-04:00,20.139999389648438,20.65999984741211,20.05699920654297,20.25,107600,0.0,0.0
2022-05-20 00:00:00-04:00,20.690000534057617,20.809999465942383,19.90999984741211,20.459999084472656,97800,0.0,0.0
2022-05-23 00:00:00-04:00,20.600000381469727,20.90999984741211,20.18000030517578,20.709999084472656,78000,0.0,0.0
2022-05-24 00:00:00-04:00,20.489999771118164,20.489999771118164,18.8700008392334,19.729999542236328,133100,0.0,0.0
2022-05-25 00:00:00-04:00,19.530000686645508,21.170000076293945,19.350000381469727,21.020000457763672,87800,0.0,0.0
2022-05-26 00:00:00-04:00,21.200000762939453,21.545000076293945,21.049999237060547,21.40999984741211,70000,0.0,0.0
2022-05-27 00:00:00-04:00,21.809999465942383,22.360000610351562,21.62299919128418,22.350000381469727,70200,0.0,0.0
2022-05-31 00:00:00-04:00,21.950000762939453,22.6299991607666,21.68000030517578,21.850000381469727,117900,0.0,0.0
2022-06-01 00:00:00-04:00,21.989999771118164,22.31999969482422,21.649999618530273,22.200000762939453,75300,0.0,0.0
2022-06-02 00:00:00-04:00,22.31999969482422,22.399999618530273,21.799999237060547,21.8700008392334,59400,0.0,0.0
2022-06-03 00:00:00-04:00,21.81999969482422,21.850000381469727,21.110000610351562,21.260000228881836,67500,0.0,0.0
2022-06-06 00:00:00-04:00,21.690000534057617,22.110000610351562,21.350000381469727,21.75,84100,0.0,0.0
2022-06-07 00:00:00-04:00,21.649999618530273,21.90999984741211,21.149999618530273,21.719999313354492,55900,0.0,0.0
2022-06-08 00:00:00-04:00,21.5,21.969999313354492,21.299999237060547,21.5,42100,0.0,0.0
2022-06-09 00:00:00-04:00,21.309999465942383,21.56100082397461,21.149999618530273,21.290000915527344,42600,0.0,0.0
2022-06-10 00:00:00-04:00,21.0,21.0,20.125,20.260000228881836,88400,0.0,0.0
2022-06-13 00:00:00-04:00,19.729999542236328,19.8799991607666,18.850000381469727,19.040000915527344,102400,0.0,0.0
2022-06-14 00:00:00-04:00,19.020000457763672,19.319000244140625,18.68000030517578,19.09000015258789,72700,0.0,0.0
2022-06-15 00:00:00-04:00,19.579999923706055,20.8799991607666,19.559999465942383,20.5,116600,0.0,0.0
2022-06-16 00:00:00-04:00,19.90999984741211,20.239999771118164,19.209999084472656,19.75,88200,0.0,0.0
2022-06-17 00:00:00-04:00,20.079999923706055,20.753999710083008,19.92300033569336,20.520000457763672,118400,0.0,0.0
2022-06-21 00:00:00-04:00,20.940000534057617,21.25,20.290000915527344,20.329999923706055,68000,0.0,0.0
2022-06-22 00:00:00-04:00,20.06999969482422,21.270000457763672,20.040000915527344,20.93000030517578,65500,0.0,0.0
2022-06-23 00:00:00-04:00,21.0,21.84000015258789,20.645000457763672,21.739999771118164,60100,0.0,0.0
2022-06-24 00:00:00-04:00,21.790000915527344,22.690000534057617,21.780000686645508,22.040000915527344,102100,0.0,0.0
2022-06-27 00:00:00-04:00,22.25,22.350000381469727,21.6299991607666,21.68000030517578,68800,0.0,0.0
2022-06-28 00:00:00-04:00,21.68000030517578,21.799999237060547,19.899999618530273,20.020000457763672,153600,0.0,0.0
2022-06-29 00:00:00-04:00,20.020000457763672,20.3799991607666,19.764999389648438,20.3700008392334,68800,0.0,0.0
2022-06-30 00:00:00-04:00,20.100000381469727,20.725000381469727,19.899999618530273,20.649999618530273,68500,0.0,0.0
2022-07-01 00:00:00-04:00,20.600000381469727,21.84000015258789,20.31999969482422,21.799999237060547,135200,0.0,0.0
2022-07-05 00:00:00-04:00,21.469999313354492,22.239999771118164,21.030000686645508,22.110000610351562,69400,0.0,0.0
2022-07-06 00:00:00-04:00,22.5,22.5,21.100000381469727,21.670000076293945,48200,0.0,0.0
2022-07-07 00:00:00-04:00,21.670000076293945,22.399999618530273,21.670000076293945,22.219999313354492,95900,0.0,0.0
2022-07-08 00:00:00-04:00,22.219999313354492,22.450000762939453,21.854999542236328,22.260000228881836,54400,0.0,0.0
2022-07-11 00:00:00-04:00,22.1299991607666,22.1299991607666,21.399999618530273,21.770000457763672,34800,0.0,0.0
2022-07-12 00:00:00-04:00,21.59000015258789,22.969999313354492,21.59000015258789,22.149999618530273,84400,0.0,0.0
2022-07-13 00:00:00-04:00,21.709999084472656,22.232999801635742,21.559999465942383,21.920000076293945,24400,0.0,0.0
2022-07-14 00:00:00-04:00,21.510000228881836,21.65999984741211,21.208999633789062,21.360000610351562,42900,0.0,0.0
2022-07-15 00:00:00-04:00,21.90999984741211,22.18400001525879,21.30500030517578,22.1200008392334,42500,0.0,0.0
2022-07-18 00:00:00-04:00,22.520000457763672,22.600000381469727,22.020000457763672,22.18000030517578,37000,0.0,0.0
2022-07-19 00:00:00-04:00,22.34000015258789,22.670000076293945,22.215999603271484,22.600000381469727,68100,0.0,0.0
2022-07-20 00:00:00-04:00,22.520000457763672,23.145000457763672,22.5,23.09000015258789,69000,0.0,0.0
2022-07-21 00:00:00-04:00,23.100000381469727,23.65999984741211,22.770000457763672,23.649999618530273,40100,0.0,0.0
2022-07-22 00:00:00-04:00,23.809999465942383,23.899999618530273,23.100000381469727,23.399999618530273,41700,0.0,0.0
2022-07-25 00:00:00-04:00,23.3700008392334,23.809999465942383,23.229999542236328,23.729999542236328,37700,0.0,0.0
2022-07-26 00:00:00-04:00,23.530000686645508,23.540000915527344,23.059999465942383,23.1299991607666,38200,0.0,0.0
2022-07-27 00:00:00-04:00,23.389999389648438,24.360000610351562,23.36400032043457,24.280000686645508,51000,0.0,0.0
2022-07-28 00:00:00-04:00,24.3799991607666,24.59000015258789,23.790000915527344,24.260000228881836,45600,0.0,0.0
2022-07-29 00:00:00-04:00,24.260000228881836,24.579999923706055,23.75,24.399999618530273,68800,0.0,0.0
2022-08-01 00:00:00-04:00,24.190000534057617,24.899999618530273,24.100000381469727,24.760000228881836,53400,0.0,0.0
2022-08-02 00:00:00-04:00,24.75,25.5,24.739999771118164,24.93000030517578,58100,0.0,0.0
2022-08-03 00:00:00-04:00,25.3700008392334,25.719999313354492,24.799999237060547,25.559999465942383,60600,0.0,0.0
2022-08-04 00:00:00-04:00,25.739999771118164,26.204999923706055,25.55500030517578,26.06999969482422,59300,0.0,0.0
2022-08-05 00:00:00-04:00,26.06999969482422,26.670000076293945,25.649999618530273,25.93000030517578,83100,0.0,0.0
2022-08-08 00:00:00-04:00,26.350000381469727,26.93000030517578,26.100000381469727,26.860000610351562,70300,0.0,0.0
2022-08-09 00:00:00-04:00,26.860000610351562,26.8700008392334,25.781999588012695,26.270000457763672,61000,0.0,0.0
2022-08-10 00:00:00-04:00,27.5,27.5,26.389999389648438,26.639999389648438,55400,0.0,0.0
2022-08-11 00:00:00-04:00,27.459999084472656,27.459999084472656,26.709999084472656,27.1200008392334,57800,0.0,0.0
2022-08-12 00:00:00-04:00,27.459999084472656,28.6299991607666,26.826000213623047,28.3799991607666,96500,0.0,0.0
2022-08-15 00:00:00-04:00,28.329999923706055,28.489999771118164,27.878000259399414,28.43000030517578,98100,0.0,0.0
2022-08-16 00:00:00-04:00,28.260000228881836,29.399999618530273,28.149999618530273,28.739999771118164,119800,0.0,0.0
2022-08-17 00:00:00-04:00,28.420000076293945,28.420000076293945,27.270000457763672,27.8700008392334,86200,0.0,0.0
2022-08-18 00:00:00-04:00,27.780000686645508,27.780000686645508,27.0,27.229999542236328,70100,0.0,0.0
2022-08-19 00:00:00-04:00,27.030000686645508,27.030000686645508,26.510000228881836,26.81999969482422,67700,0.0,0.0
2022-08-22 00:00:00-04:00,26.350000381469727,26.450000762939453,25.6299991607666,25.65999984741211,78900,0.0,0.0
2022-08-23 00:00:00-04:00,25.559999465942383,26.0,25.399999618530273,25.5,62400,0.0,0.0
2022-08-24 00:00:00-04:00,25.520000457763672,26.8799991607666,25.520000457763672,26.68000030517578,63200,0.0,0.0
2022-08-25 00:00:00-04:00,26.950000762939453,27.40999984741211,26.8799991607666,27.25,73500,0.0,0.0
2022-08-26 00:00:00-04:00,27.34000015258789,27.450000762939453,26.670000076293945,26.790000915527344,72400,0.0,0.0
2022-08-29 00:00:00-04:00,26.59000015258789,27.40999984741211,26.25,27.299999237060547,78400,0.0,0.0
2022-08-30 00:00:00-04:00,27.690000534057617,27.739999771118164,26.600000381469727,26.93000030517578,76300,0.0,0.0
2022-08-31 00:00:00-04:00,26.899999618530273,27.30900001525879,26.75,26.829999923706055,61000,0.0,0.0
2022-09-01 00:00:00-04:00,26.3799991607666,26.71500015258789,25.809999465942383,26.1299991607666,68400,0.0,0.0
2022-09-02 00:00:00-04:00,26.610000610351562,26.940000534057617,25.790000915527344,26.06999969482422,59400,0.0,0.0
2022-09-06 00:00:00-04:00,26.079999923706055,26.299999237060547,25.200000762939453,25.420000076293945,74000,0.0,0.0
2022-09-07 00:00:00-04:00,25.170000076293945,26.360000610351562,25.170000076293945,26.260000228881836,46500,0.0,0.0
2022-09-08 00:00:00-04:00,25.940000534057617,26.350000381469727,25.795000076293945,25.8799991607666,53900,0.0,0.0
2022-09-09 00:00:00-04:00,26.25,26.459999084472656,25.711999893188477,26.40999984741211,90900,0.0,0.0
2022-09-12 00:00:00-04:00,26.6299991607666,26.809999465942383,26.219999313354492,26.639999389648438,56600,0.0,0.0
2022-09-13 00:00:00-04:00,25.809999465942383,26.459999084472656,25.809999465942383,26.0,82000,0.0,0.0
2022-09-14 00:00:00-04:00,25.920000076293945,25.920000076293945,25.3700008392334,25.6299991607666,87900,0.0,0.0
2022-09-15 00:00:00-04:00,25.56999969482422,26.5,25.559999465942383,26.110000610351562,109900,0.0,0.0
2022-09-16 00:00:00-04:00,25.84000015258789,26.1299991607666,24.709999084472656,24.709999084472656,312600,0.0,0.0
2022-09-19 00:00:00-04:00,24.469999313354492,24.649999618530273,23.545000076293945,24.18000030517578,127800,0.0,0.0
2022-09-20 00:00:00-04:00,24.18000030517578,24.59000015258789,23.75,23.809999465942383,63200,0.0,0.0
2022-09-21 00:00:00-04:00,24.200000762939453,24.469999313354492,23.549999237060547,23.559999465942383,57900,0.0,0.0
2022-09-22 00:00:00-04:00,23.489999771118164,23.489999771118164,22.8700008392334,23.040000915527344,64100,0.0,0.0
2022-09-23 00:00:00-04:00,22.75,22.9689998626709,22.260000228881836,22.549999237060547,86000,0.0,0.0
2022-09-26 00:00:00-04:00,22.31999969482422,22.920000076293945,22.038999557495117,22.209999084472656,61000,0.0,0.0
2022-09-27 00:00:00-04:00,22.59000015258789,23.06999969482422,22.520000457763672,23.020000457763672,84500,0.0,0.0
2022-09-28 00:00:00-04:00,23.190000534057617,23.8700008392334,22.985000610351562,23.440000534057617,60100,0.0,0.0
2022-09-29 00:00:00-04:00,23.1299991607666,23.34000015258789,22.600000381469727,23.239999771118164,55500,0.0,0.0
2022-09-30 00:00:00-04:00,23.059999465942383,23.93000030517578,22.885000228881836,23.040000915527344,69000,0.0,0.0
2022-10-03 00:00:00-04:00,23.440000534057617,23.579999923706055,22.739999771118164,23.239999771118164,72800,0.0,0.0
2022-10-04 00:00:00-04:00,23.75,24.347999572753906,23.75,24.260000228881836,63600,0.0,0.0
2022-10-05 00:00:00-04:00,23.809999465942383,24.25,23.56999969482422,24.18000030517578,42100,0.0,0.0
2022-10-06 00:00:00-04:00,23.940000534057617,24.280000686645508,23.799999237060547,23.969999313354492,37800,0.0,0.0
2022-10-07 00:00:00-04:00,23.6299991607666,24.149999618530273,23.299999237060547,24.049999237060547,76900,0.0,0.0
2022-10-10 00:00:00-04:00,24.219999313354492,24.2450008392334,23.1200008392334,23.149999618530273,79100,0.0,0.0
2022-10-11 00:00:00-04:00,23.010000228881836,23.530000686645508,22.399999618530273,23.520000457763672,80600,0.0,0.0
2022-10-12 00:00:00-04:00,23.5,23.5,22.81399917602539,22.899999618530273,46800,0.0,0.0
2022-10-13 00:00:00-04:00,22.520000457763672,23.924999237060547,22.097000122070312,23.780000686645508,66400,0.0,0.0
2022-10-14 00:00:00-04:00,23.950000762939453,24.233999252319336,23.20400047302246,23.40999984741211,45000,0.0,0.0
2022-10-17 00:00:00-04:00,24.110000610351562,24.709999084472656,23.889999389648438,24.68000030517578,87200,0.0,0.0
2022-10-18 00:00:00-04:00,25.270000457763672,25.3799991607666,24.5049991607666,25.020000457763672,50900,0.0,0.0
2022-10-19 00:00:00-04:00,24.600000381469727,25.139999389648438,24.31399917602539,24.829999923706055,52200,0.0,0.0
2022-10-20 00:00:00-04:00,24.850000381469727,25.75,24.809999465942383,25.25,46700,0.0,0.0
2022-10-21 00:00:00-04:00,25.510000228881836,25.969999313354492,25.06999969482422,25.860000610351562,64300,0.0,0.0
2022-10-24 00:00:00-04:00,26.049999237060547,26.18000030517578,25.110000610351562,25.600000381469727,57200,0.0,0.0
2022-10-25 00:00:00-04:00,25.6200008392334,26.954999923706055,25.6200008392334,26.719999313354492,60600,0.0,0.0
2022-10-26 00:00:00-04:00,26.809999465942383,27.399999618530273,26.399999618530273,26.40999984741211,57600,0.0,0.0
2022-10-27 00:00:00-04:00,26.739999771118164,27.275999069213867,26.510000228881836,26.8700008392334,50500,0.0,0.0
2022-10-28 00:00:00-04:00,27.0,27.84000015258789,26.642000198364258,27.549999237060547,51700,0.0,0.0
2022-10-31 00:00:00-04:00,27.780000686645508,28.09000015258789,27.226999282836914,27.8700008392334,90500,0.0,0.0
2022-11-01 00:00:00-04:00,28.399999618530273,28.774999618530273,27.8700008392334,28.219999313354492,91300,0.0,0.0
2022-11-02 00:00:00-04:00,28.3700008392334,28.83799934387207,27.520000457763672,27.809999465942383,95800,0.0,0.0
2022-11-03 00:00:00-04:00,27.280000686645508,28.06999969482422,27.209999084472656,27.639999389648438,70100,0.0,0.0
2022-11-04 00:00:00-04:00,28.0,28.0,26.950000762939453,27.479999542236328,58200,0.0,0.0
2022-11-07 00:00:00-05:00,28.0,28.0,27.2549991607666,27.350000381469727,67400,0.0,0.0
2022-11-08 00:00:00-05:00,27.5,27.658000946044922,26.764999389648438,27.059999465942383,49600,0.0,0.0
2022-11-09 00:00:00-05:00,26.6299991607666,26.670000076293945,25.170000076293945,25.299999237060547,102500,0.0,0.0
2022-11-10 00:00:00-05:00,26.489999771118164,27.158000946044922,26.0,26.700000762939453,111900,0.0,0.0
2022-11-11 00:00:00-05:00,26.540000915527344,26.959999084472656,25.649999618530273,26.809999465942383,117100,0.0,0.0
2022-11-14 00:00:00-05:00,26.549999237060547,26.809999465942383,25.639999389648438,25.639999389648438,107200,0.0,0.0
2022-11-15 00:00:00-05:00,26.229999542236328,27.049999237060547,26.15999984741211,26.81999969482422,112400,0.0,0.0
2022-11-16 00:00:00-05:00,26.690000534057617,27.670000076293945,26.469999313354492,27.469999313354492,97300,0.0,0.0
2022-11-17 00:00:00-05:00,27.229999542236328,27.229999542236328,26.59000015258789,27.06999969482422,47000,0.0,0.0
2022-11-18 00:00:00-05:00,27.65999984741211,27.729999542236328,26.920000076293945,27.200000762939453,70100,0.0,0.0
2022-11-21 00:00:00-05:00,27.200000762939453,27.479999542236328,26.75,27.1299991607666,61600,0.0,0.0
2022-11-22 00:00:00-05:00,27.389999389648438,27.81999969482422,26.965999603271484,27.600000381469727,56700,0.0,0.0
2022-11-23 00:00:00-05:00,27.899999618530273,28.43000030517578,27.420000076293945,28.299999237060547,72700,0.0,0.0
2022-11-25 00:00:00-05:00,28.299999237060547,28.54800033569336,28.020000457763672,28.020000457763672,43800,0.0,0.0
2022-11-28 00:00:00-05:00,28.09000015258789,28.389999389648438,27.610000610351562,27.670000076293945,55900,0.0,0.0
2022-11-29 00:00:00-05:00,27.520000457763672,28.15999984741211,27.514999389648438,27.59000015258789,48800,0.0,0.0
2022-11-30 00:00:00-05:00,27.56999969482422,28.790000915527344,27.56999969482422,28.649999618530273,86600,0.0,0.0
2022-12-01 00:00:00-05:00,28.979999542236328,28.979999542236328,28.417999267578125,28.65999984741211,55500,0.0,0.0
2022-12-02 00:00:00-05:00,28.510000228881836,28.799999237060547,28.200000762939453,28.760000228881836,47600,0.0,0.0
2022-12-05 00:00:00-05:00,28.549999237060547,28.549999237060547,27.469999313354492,27.729999542236328,57600,0.0,0.0
2022-12-06 00:00:00-05:00,27.790000915527344,27.790000915527344,26.45400047302246,26.68000030517578,69200,0.0,0.0
2022-12-07 00:00:00-05:00,26.56999969482422,26.799999237060547,25.760000228881836,26.079999923706055,68300,0.0,0.0
2022-12-08 00:00:00-05:00,26.309999465942383,26.770000457763672,26.06999969482422,26.6200008392334,52200,0.0,0.0
2022-12-09 00:00:00-05:00,26.5,26.658000946044922,26.0,26.040000915527344,54800,0.0,0.0
2022-12-12 00:00:00-05:00,25.950000762939453,26.190000534057617,25.770000457763672,25.959999084472656,82900,0.0,0.0
2022-12-13 00:00:00-05:00,26.950000762939453,27.398000717163086,26.260000228881836,26.309999465942383,126800,0.0,0.0
2022-12-14 00:00:00-05:00,26.350000381469727,27.610000610351562,26.350000381469727,26.8700008392334,102400,0.0,0.0
2022-12-15 00:00:00-05:00,26.309999465942383,26.559999465942383,25.25,25.959999084472656,105700,0.0,0.0
2022-12-16 00:00:00-05:00,25.690000534057617,25.993000030517578,25.434999465942383,25.799999237060547,118400,0.0,0.0
2022-12-19 00:00:00-05:00,26.1299991607666,26.371000289916992,25.43000030517578,26.100000381469727,66100,0.0,0.0
2022-12-20 00:00:00-05:00,26.0,26.315000534057617,25.80500030517578,26.1200008392334,63400,0.0,0.0
2022-12-21 00:00:00-05:00,26.31999969482422,26.510000228881836,25.940000534057617,25.940000534057617,61200,0.0,0.0
2022-12-22 00:00:00-05:00,25.649999618530273,25.649999618530273,25.010000228881836,25.290000915527344,59800,0.0,0.0
2022-12-23 00:00:00-05:00,25.329999923706055,25.80299949645996,25.15999984741211,25.649999618530273,60500,0.0,0.0
2022-12-27 00:00:00-05:00,25.65999984741211,26.3700008392334,25.475000381469727,25.959999084472656,78500,0.0,0.0
2022-12-28 00:00:00-05:00,25.920000076293945,26.399999618530273,25.6200008392334,26.040000915527344,85900,0.0,0.0
2022-12-29 00:00:00-05:00,26.290000915527344,26.920000076293945,26.110000610351562,26.31999969482422,91600,0.0,0.0
2022-12-30 00:00:00-05:00,26.399999618530273,26.68000030517578,26.0,26.5,68400,0.0,0.0
2023-01-03 00:00:00-05:00,26.950000762939453,27.016000747680664,25.510000228881836,25.520000457763672,93500,0.0,0.0
2023-01-04 00:00:00-05:00,25.940000534057617,26.520000457763672,25.850000381469727,26.079999923706055,72500,0.0,0.0
2023-01-05 00:00:00-05:00,26.1299991607666,26.350000381469727,25.729000091552734,25.950000762939453,66300,0.0,0.0
2023-01-06 00:00:00-05:00,26.239999771118164,27.135000228881836,25.760000228881836,26.81999969482422,100600,0.0,0.0
2023-01-09 00:00:00-05:00,27.18000030517578,27.655000686645508,26.709999084472656,27.3799991607666,87700,0.0,0.0
2023-01-10 00:00:00-05:00,27.540000915527344,28.280000686645508,27.3799991607666,28.280000686645508,80800,0.0,0.0
2023-01-11 00:00:00-05:00,28.5,28.649999618530273,27.84600067138672,28.200000762939453,111500,0.0,0.0
2023-01-12 00:00:00-05:00,28.43000030517578,28.690000534057617,27.950000762939453,28.020000457763672,158100,0.0,0.0
2023-01-13 00:00:00-05:00,28.020000457763672,28.1200008392334,27.829999923706055,28.06999969482422,147800,0.0,0.0
2023-01-17 00:00:00-05:00,28.1200008392334,28.299999237060547,27.770000457763672,27.829999923706055,98700,0.0,0.0
2023-01-18 00:00:00-05:00,27.940000534057617,27.940000534057617,26.850000381469727,26.850000381469727,73600,0.0,0.0
2023-01-19 00:00:00-05:00,26.729999542236328,27.059999465942383,26.520000457763672,26.700000762939453,90000,0.0,0.0
2023-01-20 00:00:00-05:00,26.8700008392334,27.889999389648438,26.6299991607666,27.809999465942383,119100,0.0,0.0
2023-01-23 00:00:00-05:00,27.899999618530273,27.969999313354492,27.239999771118164,27.440000534057617,107800,0.0,0.0
2023-01-24 00:00:00-05:00,27.399999618530273,27.874000549316406,26.850000381469727,27.0,165600,0.0,0.0
2023-01-25 00:00:00-05:00,26.8700008392334,26.878000259399414,26.25,26.6299991607666,178500,0.0,0.0
2023-01-26 00:00:00-05:00,26.969999313354492,27.06999969482422,26.459999084472656,26.709999084472656,197700,0.0,0.0
2023-01-27 00:00:00-05:00,26.690000534057617,26.979999542236328,26.389999389648438,26.440000534057617,150900,0.0,0.0
2023-01-30 00:00:00-05:00,26.350000381469727,26.59000015258789,25.90999984741211,26.010000228881836,149600,0.0,0.0
2023-01-31 00:00:00-05:00,26.260000228881836,26.559999465942383,25.9950008392334,26.450000762939453,219100,0.0,0.0
2023-02-01 00:00:00-05:00,26.610000610351562,27.1200008392334,26.5,26.8700008392334,363600,0.0,0.0
2023-02-02 00:00:00-05:00,27.239999771118164,28.290000915527344,27.170000076293945,27.239999771118164,288300,0.0,0.0
2023-02-03 00:00:00-05:00,27.139999389648438,27.31800079345703,26.399999618530273,26.399999618530273,179900,0.0,0.0
2023-02-06 00:00:00-05:00,26.40999984741211,26.40999984741211,25.43000030517578,25.600000381469727,187300,0.0,0.0
2023-02-07 00:00:00-05:00,25.459999084472656,25.459999084472656,24.790000915527344,25.149999618530273,226000,0.0,0.0
2023-02-08 00:00:00-05:00,25.100000381469727,25.34000015258789,24.336999893188477,24.520000457763672,161400,0.0,0.0
2023-02-09 00:00:00-05:00,24.610000610351562,24.799999237060547,24.209999084472656,24.280000686645508,113500,0.0,0.0
2023-02-10 00:00:00-05:00,24.200000762939453,24.889999389648438,23.969999313354492,24.549999237060547,97900,0.0,0.0
2023-02-13 00:00:00-05:00,24.6200008392334,25.31999969482422,24.219999313354492,25.030000686645508,133500,0.0,0.0
2023-02-14 00:00:00-05:00,25.0,25.399999618530273,24.68000030517578,25.229999542236328,119100,0.0,0.0
2023-02-15 00:00:00-05:00,25.200000762939453,25.889999389648438,25.200000762939453,25.700000762939453,102700,0.0,0.0
2023-02-16 00:00:00-05:00,25.479999542236328,25.799999237060547,25.079999923706055,25.360000610351562,168700,0.0,0.0
2023-02-17 00:00:00-05:00,25.399999618530273,25.479999542236328,25.010000228881836,25.3799991607666,127700,0.0,0.0
2023-02-21 00:00:00-05:00,25.06999969482422,25.270000457763672,24.649999618530273,24.670000076293945,110000,0.0,0.0
2023-02-22 00:00:00-05:00,24.729999542236328,25.1299991607666,24.729999542236328,25.0,93200,0.0,0.0
2023-02-23 00:00:00-05:00,25.139999389648438,25.190000534057617,24.479000091552734,24.68000030517578,110300,0.0,0.0
2023-02-24 00:00:00-05:00,24.299999237060547,24.43000030517578,24.0,24.149999618530273,84300,0.0,0.0
2023-02-27 00:00:00-05:00,24.309999465942383,24.649999618530273,24.1200008392334,24.260000228881836,63100,0.0,0.0
2023-02-28 00:00:00-05:00,24.209999084472656,24.5,24.020000457763672,24.09000015258789,117900,0.0,0.0
2023-03-01 00:00:00-05:00,24.0,24.40999984741211,23.780000686645508,23.950000762939453,96500,0.0,0.0
2023-03-02 00:00:00-05:00,23.799999237060547,23.81800079345703,23.510000228881836,23.760000228881836,78700,0.0,0.0
2023-03-03 00:00:00-05:00,23.8799991607666,24.100000381469727,23.7450008392334,23.979999542236328,73700,0.0,0.0
2023-03-06 00:00:00-05:00,24.040000915527344,24.219999313354492,23.674999237060547,23.90999984741211,96000,0.0,0.0
2023-03-07 00:00:00-05:00,23.8799991607666,23.969999313354492,23.219999313354492,23.290000915527344,110200,0.0,0.0
2023-03-08 00:00:00-05:00,23.290000915527344,23.290000915527344,22.81599998474121,23.010000228881836,110300,0.0,0.0
2023-03-09 00:00:00-05:00,23.0,23.0,22.5,22.579999923706055,129500,0.0,0.0
2023-03-10 00:00:00-05:00,22.40999984741211,22.709999084472656,22.100000381469727,22.700000762939453,170200,0.0,0.0
2023-03-13 00:00:00-04:00,22.270000457763672,22.700000762939453,22.100000381469727,22.389999389648438,130100,0.0,0.0
2023-03-14 00:00:00-04:00,22.8700008392334,23.049999237060547,22.610000610351562,22.709999084472656,159100,0.0,0.0
2023-03-15 00:00:00-04:00,22.329999923706055,22.65999984741211,22.110000610351562,22.469999313354492,121000,0.0,0.0
2023-03-16 00:00:00-04:00,22.15999984741211,22.889999389648438,22.15999984741211,22.68000030517578,104900,0.0,0.0
2023-03-17 00:00:00-04:00,22.559999465942383,22.729999542236328,22.18000030517578,22.350000381469727,143600,0.0,0.0
2023-03-20 00:00:00-04:00,22.3799991607666,22.399999618530273,21.729999542236328,21.75,114400,0.0,0.0
2023-03-21 00:00:00-04:00,22.040000915527344,22.739999771118164,22.040000915527344,22.610000610351562,104800,0.0,0.0
2023-03-22 00:00:00-04:00,22.549999237060547,22.56999969482422,21.809999465942383,21.84000015258789,79400,0.0,0.0
2023-03-23 00:00:00-04:00,21.90999984741211,22.299999237060547,21.719999313354492,21.950000762939453,92100,0.0,0.0
2023-03-24 00:00:00-04:00,21.690000534057617,22.350000381469727,21.621000289916992,22.329999923706055,102200,0.0,0.0
2023-03-27 00:00:00-04:00,22.75,23.735000610351562,22.6200008392334,23.15999984741211,134100,0.0,0.0
2023-03-28 00:00:00-04:00,23.040000915527344,23.530000686645508,22.450000762939453,22.670000076293945,109100,0.0,0.0
2023-03-29 00:00:00-04:00,22.860000610351562,23.0,22.219999313354492,22.459999084472656,88900,0.0,0.0
2023-03-30 00:00:00-04:00,22.56999969482422,22.836000442504883,22.350000381469727,22.469999313354492,80700,0.0,0.0
2023-03-31 00:00:00-04:00,23.0,24.25,23.0,23.670000076293945,180500,0.0,0.0
2023-04-03 00:00:00-04:00,23.75,23.850000381469727,23.100000381469727,23.209999084472656,167500,0.0,0.0
2023-04-04 00:00:00-04:00,23.209999084472656,23.209999084472656,22.41200065612793,22.600000381469727,122600,0.0,0.0
2023-04-05 00:00:00-04:00,22.450000762939453,22.889999389648438,22.450000762939453,22.729999542236328,98500,0.0,0.0
2023-04-06 00:00:00-04:00,22.760000228881836,23.110000610351562,22.600000381469727,22.81999969482422,133900,0.0,0.0
2023-04-10 00:00:00-04:00,22.760000228881836,22.780000686645508,22.44700050354004,22.719999313354492,260300,0.0,0.0
2023-04-11 00:00:00-04:00,22.760000228881836,22.920000076293945,22.549999237060547,22.649999618530273,361600,0.0,0.0
2023-04-12 00:00:00-04:00,22.899999618530273,23.045000076293945,21.889999389648438,21.90999984741211,123900,0.0,0.0
2023-04-13 00:00:00-04:00,21.93000030517578,22.075000762939453,21.6299991607666,21.649999618530273,147700,0.0,0.0
2023-04-14 00:00:00-04:00,21.65999984741211,21.899999618530273,21.190000534057617,21.309999465942383,153600,0.0,0.0
2023-04-17 00:00:00-04:00,21.489999771118164,21.489999771118164,21.024999618530273,21.389999389648438,292600,0.0,0.0
2023-04-18 00:00:00-04:00,21.389999389648438,21.424999237060547,20.809999465942383,21.1299991607666,189200,0.0,0.0
2023-04-19 00:00:00-04:00,21.020000457763672,21.450000762939453,20.950000762939453,21.290000915527344,116900,0.0,0.0
2023-04-20 00:00:00-04:00,21.200000762939453,21.43000030517578,21.15999984741211,21.290000915527344,141200,0.0,0.0
2023-04-21 00:00:00-04:00,21.290000915527344,21.309999465942383,20.709999084472656,21.010000228881836,174200,0.0,0.0
2023-04-24 00:00:00-04:00,21.010000228881836,21.219999313354492,20.809999465942383,20.850000381469727,104000,0.0,0.0
2023-04-25 00:00:00-04:00,20.670000076293945,20.860000610351562,20.299999237060547,20.34000015258789,134700,0.0,0.0
2023-04-26 00:00:00-04:00,20.280000686645508,20.489999771118164,20.200000762939453,20.309999465942383,110500,0.0,0.0
2023-04-27 00:00:00-04:00,20.3700008392334,20.5,20.239999771118164,20.299999237060547,149800,0.0,0.0
2023-04-28 00:00:00-04:00,20.360000610351562,20.610000610351562,20.299999237060547,20.459999084472656,175600,0.0,0.0
2023-05-01 00:00:00-04:00,20.5,21.18000030517578,20.5,20.950000762939453,166600,0.0,0.0
2023-05-02 00:00:00-04:00,20.93000030517578,21.059999465942383,20.399999618530273,20.40999984741211,133400,0.0,0.0
2023-05-03 00:00:00-04:00,20.479999542236328,20.700000762939453,20.329999923706055,20.350000381469727,143000,0.0,0.0
2023-05-04 00:00:00-04:00,20.149999618530273,20.290000915527344,19.809999465942383,20.030000686645508,250400,0.0,0.0
2023-05-05 00:00:00-04:00,20.18000030517578,20.32900047302246,19.959999084472656,20.139999389648438,203000,0.0,0.0
2023-05-08 00:00:00-04:00,20.31999969482422,20.639999389648438,19.950000762939453,20.149999618530273,190900,0.0,0.0
2023-05-09 00:00:00-04:00,20.139999389648438,20.466999053955078,20.079999923706055,20.329999923706055,164500,0.0,0.0
2023-05-10 00:00:00-04:00,20.510000228881836,20.549999237060547,19.93000030517578,20.079999923706055,203500,0.0,0.0
2023-05-11 00:00:00-04:00,20.0,20.170000076293945,19.84000015258789,20.030000686645508,201200,0.0,0.0
2023-05-12 00:00:00-04:00,20.190000534057617,20.288999557495117,19.780000686645508,20.190000534057617,150400,0.0,0.0
2023-05-15 00:00:00-04:00,20.100000381469727,20.399999618530273,19.25,19.68000030517578,306200,0.0,0.0
2023-05-16 00:00:00-04:00,19.559999465942383,19.6299991607666,19.149999618530273,19.200000762939453,197300,0.0,0.0
2023-05-17 00:00:00-04:00,19.219999313354492,19.6299991607666,18.950000762939453,19.6299991607666,169300,0.0,0.0
2023-05-18 00:00:00-04:00,19.690000534057617,20.18000030517578,19.55500030517578,20.1299991607666,160600,0.0,0.0
2023-05-19 00:00:00-04:00,20.510000228881836,21.579999923706055,20.510000228881836,21.270000457763672,198500,0.0,0.0
2023-05-22 00:00:00-04:00,21.18000030517578,21.3799991607666,21.0,21.350000381469727,122400,0.0,0.0
2023-05-23 00:00:00-04:00,21.200000762939453,21.200000762939453,20.559999465942383,20.850000381469727,219000,0.0,0.0
2023-05-24 00:00:00-04:00,20.850000381469727,20.850000381469727,19.010000228881836,19.520000457763672,272600,0.0,0.0
2023-05-25 00:00:00-04:00,19.510000228881836,19.6200008392334,19.219999313354492,19.399999618530273,127700,0.0,0.0
2023-05-26 00:00:00-04:00,19.399999618530273,19.729999542236328,19.389999389648438,19.40999984741211,104600,0.0,0.0
2023-05-30 00:00:00-04:00,19.540000915527344,19.676000595092773,19.274999618530273,19.31999969482422,102700,0.0,0.0
2023-05-31 00:00:00-04:00,19.229999542236328,19.549999237060547,18.8799991607666,19.079999923706055,259500,0.0,0.0
2023-06-01 00:00:00-04:00,19.09000015258789,19.309999465942383,19.0,19.040000915527344,134400,0.0,0.0
2023-06-02 00:00:00-04:00,19.219999313354492,20.049999237060547,19.163000106811523,19.959999084472656,156500,0.0,0.0
2023-06-05 00:00:00-04:00,19.770000457763672,19.950000762939453,19.56999969482422,19.780000686645508,99100,0.0,0.0
2023-06-06 00:00:00-04:00,19.65999984741211,20.25,19.549999237060547,20.079999923706055,146600,0.0,0.0
2023-06-07 00:00:00-04:00,20.110000610351562,20.264999389648438,19.520000457763672,19.889999389648438,142400,0.0,0.0
2023-06-08 00:00:00-04:00,19.75,20.809999465942383,19.399999618530273,20.579999923706055,391100,0.0,0.0
2023-06-09 00:00:00-04:00,20.600000381469727,20.600000381469727,19.549999237060547,19.8700008392334,116600,0.0,0.0
2023-06-12 00:00:00-04:00,19.81999969482422,20.135000228881836,19.652000427246094,19.799999237060547,127600,0.0,0.0
2023-06-13 00:00:00-04:00,19.780000686645508,20.190000534057617,19.750999450683594,19.84000015258789,93300,0.0,0.0
2023-06-14 00:00:00-04:00,19.799999237060547,20.06999969482422,19.635000228881836,19.639999389648438,115500,0.0,0.0
2023-06-15 00:00:00-04:00,19.579999923706055,20.020000457763672,19.527999877929688,19.940000534057617,101100,0.0,0.0
2023-06-16 00:00:00-04:00,20.1200008392334,20.170000076293945,19.459999084472656,19.479999542236328,170900,0.0,0.0
2023-06-20 00:00:00-04:00,19.399999618530273,19.479999542236328,19.15999984741211,19.239999771118164,102600,0.0,0.0
2023-06-21 00:00:00-04:00,19.139999389648438,19.33099937438965,18.90999984741211,19.049999237060547,93700,0.0,0.0
2023-06-22 00:00:00-04:00,18.90999984741211,19.100000381469727,18.75,19.040000915527344,111500,0.0,0.0
2023-06-23 00:00:00-04:00,18.90999984741211,19.0,18.43000030517578,18.5,223700,0.0,0.0
2023-06-26 00:00:00-04:00,18.420000076293945,19.0049991607666,18.360000610351562,18.719999313354492,108200,0.0,0.0
2023-06-27 00:00:00-04:00,18.739999771118164,19.040000915527344,18.690000534057617,18.690000534057617,82700,0.0,0.0
2023-06-28 00:00:00-04:00,18.700000762939453,19.06999969482422,18.559999465942383,19.020000457763672,78200,0.0,0.0
2023-06-29 00:00:00-04:00,19.079999923706055,19.260000228881836,18.989999771118164,19.020000457763672,57400,0.0,0.0
2023-06-30 00:00:00-04:00,19.149999618530273,19.149999618530273,18.774999618530273,18.81999969482422,111100,0.0,0.0
2023-07-03 00:00:00-04:00,18.75,19.520000457763672,18.75,19.5,76700,0.0,0.0
2023-07-05 00:00:00-04:00,19.239999771118164,19.469999313354492,18.989999771118164,19.059999465942383,95100,0.0,0.0
2023-07-06 00:00:00-04:00,18.850000381469727,19.020000457763672,18.700000762939453,19.010000228881836,103800,0.0,0.0
2023-07-07 00:00:00-04:00,18.969999313354492,19.40999984741211,18.950000762939453,19.25,67000,0.0,0.0
2023-07-10 00:00:00-04:00,19.18000030517578,19.690000534057617,19.11400032043457,19.350000381469727,70900,0.0,0.0
2023-07-11 00:00:00-04:00,19.31999969482422,19.489999771118164,19.072999954223633,19.149999618530273,71100,0.0,0.0
2023-07-12 00:00:00-04:00,19.43000030517578,19.6200008392334,19.350000381469727,19.3799991607666,73600,0.0,0.0
2023-07-13 00:00:00-04:00,19.469999313354492,19.55699920654297,19.190000534057617,19.389999389648438,66200,0.0,0.0
2023-07-14 00:00:00-04:00,19.360000610351562,19.360000610351562,18.81999969482422,18.90999984741211,67200,0.0,0.0
2023-07-17 00:00:00-04:00,18.850000381469727,19.40999984741211,18.850000381469727,19.299999237060547,87300,0.0,0.0
2023-07-18 00:00:00-04:00,19.229999542236328,19.479999542236328,19.139999389648438,19.360000610351562,83100,0.0,0.0
2023-07-19 00:00:00-04:00,19.34000015258789,19.56999969482422,19.209999084472656,19.31999969482422,101000,0.0,0.0
2023-07-20 00:00:00-04:00,19.350000381469727,19.6299991607666,19.06999969482422,19.549999237060547,79100,0.0,0.0
2023-07-21 00:00:00-04:00,19.670000076293945,19.739999771118164,19.08300018310547,19.18000030517578,84500,0.0,0.0
2023-07-24 00:00:00-04:00,19.1200008392334,19.459999084472656,19.02199935913086,19.389999389648438,77700,0.0,0.0
2023-07-25 00:00:00-04:00,19.280000686645508,19.459999084472656,18.979999542236328,19.149999618530273,64900,0.0,0.0
2023-07-26 00:00:00-04:00,19.200000762939453,19.37700080871582,19.06999969482422,19.200000762939453,59300,0.0,0.0
2023-07-27 00:00:00-04:00,19.260000228881836,19.326000213623047,19.059999465942383,19.170000076293945,100200,0.0,0.0
2023-07-28 00:00:00-04:00,19.309999465942383,19.5049991607666,19.190000534057617,19.200000762939453,63800,0.0,0.0
2023-07-31 00:00:00-04:00,19.18000030517578,19.579999923706055,19.18000030517578,19.520000457763672,77700,0.0,0.0
2023-08-01 00:00:00-04:00,19.450000762939453,19.469999313354492,18.950000762939453,19.09000015258789,74500,0.0,0.0
2023-08-02 00:00:00-04:00,18.950000762939453,19.25,18.719999313354492,19.030000686645508,84200,0.0,0.0
2023-08-03 00:00:00-04:00,18.969999313354492,19.190000534057617,18.610000610351562,18.860000610351562,75800,0.0,0.0
2023-08-04 00:00:00-04:00,18.899999618530273,19.1299991607666,18.760000228881836,18.809999465942383,59000,0.0,0.0
2023-08-07 00:00:00-04:00,18.84000015258789,19.059999465942383,18.700000762939453,19.0,77900,0.0,0.0
2023-08-08 00:00:00-04:00,18.75,18.801000595092773,18.459999084472656,18.520000457763672,67800,0.0,0.0
2023-08-09 00:00:00-04:00,18.5,18.635000228881836,18.34000015258789,18.3799991607666,82200,0.0,0.0
2023-08-10 00:00:00-04:00,18.399999618530273,18.514999389648438,18.079999923706055,18.229999542236328,127300,0.0,0.0
2023-08-11 00:00:00-04:00,18.31999969482422,18.5,17.860000610351562,18.0,93400,0.0,0.0
2023-08-14 00:00:00-04:00,17.829999923706055,18.18000030517578,17.770000457763672,17.969999313354492,77100,0.0,0.0
2023-08-15 00:00:00-04:00,18.459999084472656,18.760000228881836,17.65999984741211,17.709999084472656,140000,0.0,0.0
2023-08-16 00:00:00-04:00,17.6299991607666,17.783000946044922,16.950000762939453,17.030000686645508,147900,0.0,0.0
2023-08-17 00:00:00-04:00,17.049999237060547,17.31999969482422,16.93000030517578,17.110000610351562,132600,0.0,0.0
2023-08-18 00:00:00-04:00,17.0,17.290000915527344,16.899999618530273,17.15999984741211,153600,0.0,0.0
2023-08-21 00:00:00-04:00,17.209999084472656,17.211999893188477,16.68000030517578,16.68000030517578,119300,0.0,0.0
2023-08-22 00:00:00-04:00,16.670000076293945,16.764999389648438,16.3700008392334,16.540000915527344,127400,0.0,0.0
2023-08-23 00:00:00-04:00,16.6200008392334,16.709999084472656,16.450000762939453,16.520000457763672,117200,0.0,0.0
2023-08-24 00:00:00-04:00,16.389999389648438,16.579999923706055,16.1200008392334,16.5,129200,0.0,0.0
2023-08-25 00:00:00-04:00,16.549999237060547,16.760000228881836,16.50200080871582,16.559999465942383,70600,0.0,0.0
2023-08-28 00:00:00-04:00,16.690000534057617,17.469999313354492,16.690000534057617,17.34000015258789,143000,0.0,0.0
2023-08-29 00:00:00-04:00,17.239999771118164,17.639999389648438,17.209999084472656,17.6299991607666,123900,0.0,0.0
2023-08-30 00:00:00-04:00,17.739999771118164,18.110000610351562,17.520000457763672,17.6200008392334,123500,0.0,0.0
2023-08-31 00:00:00-04:00,17.649999618530273,17.899999618530273,17.649999618530273,17.68000030517578,88900,0.0,0.0
2023-09-01 00:00:00-04:00,17.790000915527344,17.8439998626709,17.450000762939453,17.670000076293945,84400,0.0,0.0
2023-09-05 00:00:00-04:00,17.5,17.540000915527344,17.099000930786133,17.200000762939453,95100,0.0,0.0
2023-09-06 00:00:00-04:00,17.219999313354492,17.280000686645508,16.979999542236328,17.06999969482422,64900,0.0,0.0
2023-09-07 00:00:00-04:00,17.040000915527344,17.040000915527344,16.6299991607666,16.760000228881836,98800,0.0,0.0
2023-09-08 00:00:00-04:00,16.700000762939453,16.799999237060547,16.559999465942383,16.68000030517578,71300,0.0,0.0
2023-09-11 00:00:00-04:00,16.770000457763672,17.170000076293945,16.770000457763672,17.06999969482422,94000,0.0,0.0
2023-09-12 00:00:00-04:00,17.049999237060547,17.329999923706055,17.03499984741211,17.1200008392334,55800,0.0,0.0
2023-09-13 00:00:00-04:00,17.110000610351562,17.170000076293945,16.969999313354492,17.030000686645508,67600,0.0,0.0
2023-09-14 00:00:00-04:00,17.280000686645508,17.6299991607666,17.176000595092773,17.56999969482422,77400,0.0,0.0
2023-09-15 00:00:00-04:00,17.520000457763672,17.6200008392334,16.934999465942383,17.100000381469727,219700,0.0,0.0
2023-09-18 00:00:00-04:00,17.079999923706055,17.09000015258789,16.899999618530273,16.979999542236328,70400,0.0,0.0
2023-09-19 00:00:00-04:00,16.93000030517578,17.030000686645508,16.84000015258789,16.84000015258789,76800,0.0,0.0
2023-09-20 00:00:00-04:00,16.8799991607666,16.940000534057617,16.56999969482422,16.59000015258789,81700,0.0,0.0
2023-09-21 00:00:00-04:00,16.5,16.579999923706055,16.280000686645508,16.5,76300,0.0,0.0
2023-09-22 00:00:00-04:00,16.5,16.514999389648438,16.209999084472656,16.290000915527344,93000,0.0,0.0
2023-09-25 00:00:00-04:00,16.15999984741211,16.600000381469727,16.15399932861328,16.59000015258789,96200,0.0,0.0
2023-09-26 00:00:00-04:00,16.5,16.639999389648438,16.229999542236328,16.25,81100,0.0,0.0
2023-09-27 00:00:00-04:00,16.290000915527344,16.760000228881836,16.200000762939453,16.639999389648438,102000,0.0,0.0
2023-09-28 00:00:00-04:00,16.510000228881836,16.729999542236328,16.299999237060547,16.440000534057617,94800,0.0,0.0
2023-09-29 00:00:00-04:00,16.520000457763672,16.540000915527344,16.229999542236328,16.389999389648438,88600,0.0,0.0
2023-10-02 00:00:00-04:00,16.299999237060547,16.3700008392334,15.75100040435791,15.819999694824219,135600,0.0,0.0
2023-10-03 00:00:00-04:00,15.670000076293945,15.720000267028809,15.420000076293945,15.579999923706055,125600,0.0,0.0
2023-10-04 00:00:00-04:00,15.59000015258789,15.779999732971191,15.4399995803833,15.729999542236328,178400,0.0,0.0
2023-10-05 00:00:00-04:00,15.819999694824219,16.110000610351562,15.630000114440918,15.789999961853027,219700,0.0,0.0
2023-10-06 00:00:00-04:00,15.739999771118164,16.15999984741211,15.699999809265137,16.030000686645508,81500,0.0,0.0
2023-10-09 00:00:00-04:00,15.880000114440918,16.450000762939453,15.760000228881836,16.34000015258789,111400,0.0,0.0
2023-10-10 00:00:00-04:00,16.329999923706055,16.52199935913086,16.065000534057617,16.219999313354492,80600,0.0,0.0
2023-10-11 00:00:00-04:00,16.239999771118164,16.424999237060547,16.0049991607666,16.020000457763672,103200,0.0,0.0
2023-10-12 00:00:00-04:00,16.049999237060547,16.246999740600586,15.430000305175781,15.489999771118164,116000,0.0,0.0
2023-10-13 00:00:00-04:00,15.420000076293945,15.48900032043457,15.130000114440918,15.140000343322754,111600,0.0,0.0
2023-10-16 00:00:00-04:00,15.319999694824219,15.47700023651123,15.210000038146973,15.359999656677246,103800,0.0,0.0
2023-10-17 00:00:00-04:00,15.210000038146973,15.59000015258789,15.149999618530273,15.220000267028809,138100,0.0,0.0
2023-10-18 00:00:00-04:00,15.100000381469727,15.149999618530273,14.949999809265137,15.0,124400,0.0,0.0
2023-10-19 00:00:00-04:00,14.970000267028809,15.130000114440918,14.8100004196167,14.890000343322754,118600,0.0,0.0
2023-10-20 00:00:00-04:00,14.829999923706055,15.09000015258789,14.65999984741211,14.890000343322754,171200,0.0,0.0
2023-10-23 00:00:00-04:00,14.729999542236328,14.90999984741211,14.510000228881836,14.539999961853027,115500,0.0,0.0
2023-10-24 00:00:00-04:00,14.65999984741211,14.770000457763672,14.430000305175781,14.600000381469727,83700,0.0,0.0
2023-10-25 00:00:00-04:00,14.420000076293945,14.649999618530273,14.3100004196167,14.619999885559082,109800,0.0,0.0
2023-10-26 00:00:00-04:00,14.609999656677246,14.8149995803833,13.550000190734863,14.75,1273500,0.0,0.0
2023-10-27 00:00:00-04:00,14.880000114440918,14.9399995803833,14.0,14.050000190734863,173300,0.0,0.0
2023-10-30 00:00:00-04:00,14.079999923706055,14.260000228881836,13.86400032043457,14.229999542236328,117400,0.0,0.0
2023-10-31 00:00:00-04:00,14.260000228881836,14.399999618530273,14.079999923706055,14.229999542236328,102400,0.0,0.0
2023-11-01 00:00:00-04:00,14.119999885559082,14.1899995803833,13.989999771118164,14.170000076293945,101200,0.0,0.0
2023-11-02 00:00:00-04:00,14.380000114440918,14.770000457763672,14.079999923706055,14.760000228881836,114900,0.0,0.0
2023-11-03 00:00:00-04:00,15.0,15.21500015258789,14.800000190734863,15.100000381469727,193500,0.0,0.0
2023-11-06 00:00:00-05:00,15.020000457763672,15.03499984741211,14.569999694824219,14.59000015258789,109300,0.0,0.0
2023-11-07 00:00:00-05:00,14.5,14.569999694824219,14.302000045776367,14.489999771118164,127200,0.0,0.0
2023-11-08 00:00:00-05:00,14.520000457763672,14.829999923706055,14.440999984741211,14.699999809265137,99400,0.0,0.0
2023-11-09 00:00:00-05:00,14.789999961853027,14.890000343322754,14.260000228881836,14.289999961853027,93100,0.0,0.0
2023-11-10 00:00:00-05:00,14.260000228881836,14.479999542236328,14.010000228881836,14.359999656677246,113300,0.0,0.0
2023-11-13 00:00:00-05:00,14.359999656677246,14.789999961853027,13.930000305175781,14.430000305175781,130100,0.0,0.0
2023-11-14 00:00:00-05:00,14.899999618530273,15.109999656677246,14.6899995803833,15.100000381469727,216600,0.0,0.0
2023-11-15 00:00:00-05:00,15.300000190734863,15.48900032043457,15.020000457763672,15.029999732971191,167400,0.0,0.0
2023-11-16 00:00:00-05:00,15.020000457763672,15.151000022888184,14.760000228881836,14.819999694824219,104000,0.0,0.0
2023-11-17 00:00:00-05:00,14.979999542236328,15.359999656677246,14.869999885559082,15.300000190734863,211700,0.0,0.0
2023-11-20 00:00:00-05:00,15.300000190734863,15.619999885559082,15.289999961853027,15.359999656677246,109900,0.0,0.0
2023-11-21 00:00:00-05:00,15.199999809265137,15.199999809265137,14.75,14.770000457763672,138000,0.0,0.0
2023-11-22 00:00:00-05:00,14.890000343322754,15.149999618530273,14.770000457763672,14.789999961853027,104700,0.0,0.0
2023-11-24 00:00:00-05:00,14.859999656677246,15.03499984741211,14.770000457763672,14.979999542236328,48300,0.0,0.0
2023-11-27 00:00:00-05:00,14.989999771118164,15.0,14.229999542236328,14.239999771118164,138600,0.0,0.0
2023-11-28 00:00:00-05:00,14.1899995803833,14.479999542236328,13.8100004196167,14.390000343322754,190300,0.0,0.0
2023-11-29 00:00:00-05:00,14.569999694824219,14.699999809265137,14.430000305175781,14.59000015258789,145200,0.0,0.0
2023-11-30 00:00:00-05:00,14.739999771118164,14.739999771118164,14.425000190734863,14.5,126100,0.0,0.0
2023-12-01 00:00:00-05:00,14.420000076293945,15.130000114440918,14.350000381469727,15.050000190734863,199500,0.0,0.0
2023-12-04 00:00:00-05:00,14.979999542236328,15.40999984741211,14.960000038146973,15.300000190734863,133400,0.0,0.0
2023-12-05 00:00:00-05:00,15.25,15.25,14.859999656677246,14.9399995803833,140200,0.0,0.0
2023-12-06 00:00:00-05:00,15.010000228881836,15.21500015258789,14.899999618530273,15.010000228881836,159900,0.0,0.0
2023-12-07 00:00:00-05:00,15.010000228881836,15.220000267028809,14.930000305175781,15.029999732971191,118000,0.0,0.0
2023-12-08 00:00:00-05:00,15.239999771118164,15.800000190734863,15.220000267028809,15.720000267028809,183600,0.0,0.0
2023-12-11 00:00:00-05:00,15.65999984741211,15.800000190734863,15.444999694824219,15.619999885559082,114300,0.0,0.0
2023-12-12 00:00:00-05:00,15.600000381469727,15.649999618530273,15.460000038146973,15.569999694824219,98600,0.0,0.0
2023-12-13 00:00:00-05:00,15.600000381469727,16.06999969482422,15.300000190734863,16.049999237060547,213500,0.0,0.0
2023-12-14 00:00:00-05:00,16.31999969482422,16.530000686645508,15.649999618530273,16.190000534057617,234300,0.0,0.0
2023-12-15 00:00:00-05:00,16.399999618530273,16.399999618530273,15.800000190734863,15.880000114440918,263700,0.0,0.0
2023-12-18 00:00:00-05:00,15.899999618530273,15.899999618530273,15.239999771118164,15.430000305175781,243500,0.0,0.0
2023-12-19 00:00:00-05:00,15.5,16.0,15.470000267028809,16.0,185300,0.0,0.0
2023-12-20 00:00:00-05:00,16.049999237060547,16.459999084472656,15.760000228881836,15.779999732971191,156900,0.0,0.0
2023-12-21 00:00:00-05:00,15.869999885559082,16.020000457763672,15.795000076293945,15.869999885559082,99100,0.0,0.0
2023-12-22 00:00:00-05:00,15.90999984741211,16.15999984741211,15.8100004196167,15.960000038146973,108200,0.0,0.0
2023-12-26 00:00:00-05:00,15.970000267028809,16.139999389648438,15.850000381469727,16.079999923706055,118700,0.0,0.0
2023-12-27 00:00:00-05:00,16.06999969482422,16.18000030517578,15.920000076293945,15.979999542236328,118400,0.0,0.0
2023-12-28 00:00:00-05:00,15.949999809265137,16.1200008392334,15.890000343322754,15.960000038146973,106800,0.0,0.0
2023-12-29 00:00:00-05:00,15.930000305175781,15.960000038146973,15.619999885559082,15.729999542236328,146500,0.0,0.0
2024-01-02 00:00:00-05:00,15.699999809265137,16.260000228881836,15.619999885559082,15.899999618530273,123400,0.0,0.0
2024-01-03 00:00:00-05:00,15.800000190734863,15.800000190734863,15.359999656677246,15.470000267028809,160000,0.0,0.0
2024-01-04 00:00:00-05:00,15.420000076293945,15.640000343322754,15.35200023651123,15.579999923706055,101600,0.0,0.0
2024-01-05 00:00:00-05:00,15.5,15.729999542236328,15.470000267028809,15.529999732971191,114700,0.0,0.0
2024-01-08 00:00:00-05:00,15.600000381469727,15.86400032043457,15.5600004196167,15.800000190734863,105200,0.0,0.0
2024-01-09 00:00:00-05:00,15.649999618530273,15.84000015258789,15.539999961853027,15.770000457763672,123300,0.0,0.0
2024-01-10 00:00:00-05:00,15.710000038146973,15.819999694824219,15.670000076293945,15.800000190734863,94700,0.0,0.0
2024-01-11 00:00:00-05:00,15.789999961853027,15.789999961853027,15.470000267028809,15.609999656677246,86400,0.0,0.0
2024-01-12 00:00:00-05:00,15.779999732971191,15.899999618530273,15.460000038146973,15.470000267028809,85400,0.0,0.0
2024-01-16 00:00:00-05:00,15.399999618530273,15.437999725341797,14.852999687194824,14.949999809265137,153800,0.0,0.0
2024-01-17 00:00:00-05:00,14.789999961853027,14.899999618530273,14.680999755859375,14.800000190734863,115600,0.0,0.0
2024-01-18 00:00:00-05:00,14.829999923706055,14.970000267028809,14.782999992370605,14.960000038146973,105200,0.0,0.0
2024-01-19 00:00:00-05:00,15.039999961853027,15.039999961853027,14.779999732971191,14.899999618530273,98500,0.0,0.0
2024-01-22 00:00:00-05:00,15.010000228881836,15.850000381469727,15.010000228881836,15.84000015258789,150800,0.0,0.0
2024-01-23 00:00:00-05:00,16.0,16.18899917602539,15.65999984741211,15.720000267028809,114200,0.0,0.0
2024-01-24 00:00:00-05:00,15.869999885559082,15.930000305175781,15.680000305175781,15.899999618530273,103500,0.0,0.0
2024-01-25 00:00:00-05:00,16.059999465942383,16.329999923706055,15.85099983215332,16.100000381469727,115800,0.0,0.0
2024-01-26 00:00:00-05:00,16.149999618530273,16.534000396728516,16.149999618530273,16.31999969482422,99000,0.0,0.0
2024-01-29 00:00:00-05:00,16.31999969482422,16.479999542236328,16.1299991607666,16.450000762939453,77300,0.0,0.0
2024-01-30 00:00:00-05:00,16.270000457763672,16.31999969482422,16.049999237060547,16.06999969482422,57200,0.0,0.0
2024-01-31 00:00:00-05:00,15.9399995803833,16.040000915527344,15.486000061035156,15.489999771118164,108100,0.0,0.0
2024-02-01 00:00:00-05:00,15.640000343322754,15.762999534606934,15.180000305175781,15.619999885559082,146300,0.0,0.0
2024-02-02 00:00:00-05:00,15.390000343322754,15.550000190734863,15.270000457763672,15.270000457763672,109700,0.0,0.0
2024-02-05 00:00:00-05:00,15.039999961853027,15.140000343322754,14.789999961853027,14.8100004196167,176000,0.0,0.0
2024-02-06 00:00:00-05:00,14.869999885559082,15.180000305175781,14.869999885559082,15.109999656677246,89400,0.0,0.0
2024-02-07 00:00:00-05:00,15.050000190734863,15.097000122070312,14.779999732971191,14.8100004196167,106500,0.0,0.0
2024-02-08 00:00:00-05:00,14.829999923706055,15.0600004196167,14.710000038146973,14.75,94800,0.0,0.0
2024-02-09 00:00:00-05:00,14.720000267028809,15.0,14.710000038146973,14.869999885559082,97600,0.0,0.0
2024-02-12 00:00:00-05:00,14.899999618530273,15.510000228881836,14.899999618530273,15.369999885559082,150300,0.0,0.0
2024-02-13 00:00:00-05:00,14.829999923706055,14.965999603271484,14.67199993133545,14.899999618530273,261800,0.0,0.0
2024-02-14 00:00:00-05:00,15.109999656677246,15.439000129699707,14.970000267028809,15.34000015258789,138300,0.0,0.0
2024-02-15 00:00:00-05:00,15.420000076293945,15.930000305175781,15.25,15.869999885559082,132400,0.0,0.0
2024-02-16 00:00:00-05:00,15.729999542236328,15.859999656677246,15.390000343322754,15.760000228881836,139400,0.0,0.0
2024-02-20 00:00:00-05:00,15.470000267028809,15.649999618530273,15.395999908447266,15.460000038146973,98000,0.0,0.0
2024-02-21 00:00:00-05:00,15.329999923706055,15.5600004196167,15.25,15.430000305175781,74100,0.0,0.0
2024-02-22 00:00:00-05:00,15.34000015258789,15.4399995803833,15.1899995803833,15.289999961853027,125300,0.0,0.0
2024-02-23 00:00:00-05:00,15.079999923706055,15.710000038146973,14.986000061035156,15.579999923706055,139700,0.0,0.0
2024-02-26 00:00:00-05:00,15.550000190734863,15.930000305175781,15.550000190734863,15.90999984741211,111600,0.0,0.0
2024-02-27 00:00:00-05:00,15.920000076293945,16.049999237060547,15.890000343322754,15.920000076293945,95500,0.0,0.0
2024-02-28 00:00:00-05:00,15.739999771118164,15.9399995803833,15.520999908447266,15.899999618530273,98700,0.0,0.0
2024-02-29 00:00:00-05:00,16.1299991607666,16.559999465942383,16.086000442504883,16.40999984741211,177400,0.0,0.0
2024-03-01 00:00:00-05:00,16.389999389648438,16.68000030517578,16.030000686645508,16.649999618530273,138600,0.0,0.0
2024-03-04 00:00:00-05:00,16.649999618530273,16.989999771118164,16.34000015258789,16.510000228881836,137800,0.0,0.0
2024-03-05 00:00:00-05:00,16.40999984741211,16.65999984741211,16.309999465942383,16.34000015258789,128400,0.0,0.0
2024-03-06 00:00:00-05:00,16.469999313354492,16.469999313354492,15.899999618530273,15.9399995803833,197200,0.0,0.0
2024-03-07 00:00:00-05:00,16.0,16.200000762939453,15.800000190734863,15.970000267028809,133400,0.0,0.0
2024-03-08 00:00:00-05:00,16.09000015258789,16.200000762939453,15.680000305175781,15.6899995803833,126100,0.0,0.0
2024-03-11 00:00:00-04:00,15.6899995803833,16.1299991607666,15.65999984741211,16.06999969482422,176500,0.0,0.0
2024-03-12 00:00:00-04:00,16.139999389648438,16.219999313354492,15.920000076293945,16.059999465942383,122800,0.0,0.0
2024-03-13 00:00:00-04:00,16.079999923706055,16.34000015258789,15.90999984741211,16.0,208400,0.0,0.0
2024-03-14 00:00:00-04:00,16.049999237060547,16.110000610351562,15.779999732971191,15.869999885559082,251600,0.0,0.0
2024-03-15 00:00:00-04:00,15.720000267028809,16.049999237060547,15.720000267028809,15.920000076293945,277800,0.0,0.0
2024-03-18 00:00:00-04:00,15.869999885559082,16.18000030517578,15.770000457763672,15.850000381469727,246700,0.0,0.0
2024-03-19 00:00:00-04:00,15.760000228881836,15.979000091552734,15.760000228881836,15.819999694824219,231600,0.0,0.0
2024-03-20 00:00:00-04:00,15.770000457763672,16.739999771118164,15.729999542236328,16.540000915527344,135300,0.0,0.0
2024-03-21 00:00:00-04:00,16.610000610351562,16.809999465942383,16.540000915527344,16.6200008392334,134100,0.0,0.0
2024-03-22 00:00:00-04:00,16.739999771118164,16.829999923706055,16.399999618530273,16.639999389648438,108100,0.0,0.0
2024-03-25 00:00:00-04:00,16.600000381469727,16.81999969482422,16.350000381469727,16.360000610351562,104200,0.0,0.0
2024-03-26 00:00:00-04:00,16.3700008392334,16.530000686645508,16.149999618530273,16.15999984741211,122800,0.0,0.0
2024-03-27 00:00:00-04:00,16.25,16.479999542236328,16.25,16.469999313354492,88700,0.0,0.0
2024-03-28 00:00:00-04:00,15.779999732971191,15.899999618530273,15.109999656677246,15.460000038146973,520200,0.0,0.0
2024-04-01 00:00:00-04:00,15.4399995803833,15.569999694824219,15.289999961853027,15.34000015258789,233300,0.0,0.0
2024-04-02 00:00:00-04:00,15.319999694824219,15.569999694824219,15.100000381469727,15.279999732971191,219200,0.0,0.0
2024-04-03 00:00:00-04:00,15.329999923706055,15.704999923706055,15.300000190734863,15.5,193700,0.0,0.0
2024-04-04 00:00:00-04:00,15.710000038146973,15.819999694824219,15.390000343322754,15.399999618530273,178500,0.0,0.0
2024-04-05 00:00:00-04:00,15.329999923706055,15.489999771118164,15.210000038146973,15.449999809265137,114700,0.0,0.0
2024-04-08 00:00:00-04:00,15.539999961853027,16.06999969482422,15.520000457763672,15.890000343322754,122800,0.0,0.0
2024-04-09 00:00:00-04:00,15.920000076293945,16.229999542236328,15.819999694824219,16.020000457763672,89900,0.0,0.0
2024-04-10 00:00:00-04:00,15.579999923706055,15.90999984741211,15.460000038146973,15.760000228881836,184200,0.0,0.0
2024-04-11 00:00:00-04:00,15.729999542236328,15.890000343322754,15.510000228881836,15.789999961853027,102000,0.0,0.0
2024-04-12 00:00:00-04:00,15.760000228881836,16.0,15.710000038146973,15.84000015258789,101000,0.0,0.0
2024-04-15 00:00:00-04:00,15.960000038146973,16.030000686645508,15.590999603271484,15.600000381469727,153600,0.0,0.0
2024-04-16 00:00:00-04:00,15.5,15.689000129699707,15.319999694824219,15.479999542236328,106900,0.0,0.0
2024-04-17 00:00:00-04:00,15.619999885559082,15.75,15.380000114440918,15.399999618530273,84000,0.0,0.0
2024-04-18 00:00:00-04:00,15.430000305175781,15.680000305175781,15.34000015258789,15.479999542236328,126200,0.0,0.0
2024-04-19 00:00:00-04:00,15.40999984741211,16.079999923706055,15.40999984741211,16.040000915527344,129300,0.0,0.0
2024-04-22 00:00:00-04:00,16.030000686645508,16.030000686645508,15.550000190734863,15.550000190734863,157500,0.0,0.0
2024-04-23 00:00:00-04:00,15.600000381469727,15.829000473022461,15.5,15.510000228881836,128500,0.0,0.0
2024-04-24 00:00:00-04:00,15.449999809265137,15.510000228881836,15.369999885559082,15.449999809265137,135700,0.0,0.0
2024-04-25 00:00:00-04:00,15.329999923706055,16.139999389648438,15.319999694824219,16.1200008392334,185900,0.0,0.0
2024-04-26 00:00:00-04:00,16.200000762939453,16.290000915527344,15.800000190734863,15.90999984741211,100600,0.0,0.0
2024-04-29 00:00:00-04:00,15.890000343322754,16.165000915527344,15.699999809265137,15.75,118800,0.0,0.0
2024-04-30 00:00:00-04:00,15.600000381469727,15.664999961853027,15.369999885559082,15.4399995803833,123800,0.0,0.0
2024-05-01 00:00:00-04:00,15.40999984741211,15.90999984741211,15.40999984741211,15.609999656677246,127900,0.0,0.0
2024-05-02 00:00:00-04:00,15.800000190734863,16.079999923706055,15.729999542236328,15.9399995803833,129700,0.0,0.0
2024-05-03 00:00:00-04:00,16.0,16.0,15.510000228881836,15.5600004196167,99700,0.0,0.0
2024-05-06 00:00:00-04:00,15.699999809265137,15.789999961853027,15.5600004196167,15.579999923706055,121200,0.0,0.0
2024-05-07 00:00:00-04:00,15.520000457763672,15.680000305175781,15.380000114440918,15.390000343322754,156800,0.0,0.0
2024-05-08 00:00:00-04:00,15.270000457763672,15.371000289916992,15.15999984741211,15.170000076293945,110300,0.0,0.0
2024-05-09 00:00:00-04:00,15.069999694824219,15.529999732971191,15.069999694824219,15.510000228881836,171800,0.0,0.0
2024-05-10 00:00:00-04:00,14.619999885559082,15.218999862670898,14.12399959564209,15.0,443900,0.0,0.0
2024-05-13 00:00:00-04:00,14.529999732971191,14.75,13.602999687194824,14.010000228881836,505300,0.0,0.0
2024-05-14 00:00:00-04:00,14.119999885559082,14.291999816894531,13.779999732971191,13.899999618530273,348200,0.0,0.0
2024-05-15 00:00:00-04:00,13.979999542236328,14.055000305175781,13.59000015258789,13.699999809265137,393600,0.0,0.0
2024-05-16 00:00:00-04:00,13.699999809265137,13.890000343322754,13.680000305175781,13.789999961853027,302800,0.0,0.0
2024-05-17 00:00:00-04:00,13.930000305175781,13.9399995803833,13.640000343322754,13.800000190734863,172300,0.0,0.0
2024-05-20 00:00:00-04:00,13.59000015258789,13.789999961853027,13.5600004196167,13.579999923706055,378800,0.0,0.0
2024-05-21 00:00:00-04:00,13.59000015258789,13.6899995803833,13.329999923706055,13.489999771118164,310000,0.0,0.0
2024-05-22 00:00:00-04:00,13.470000267028809,14.949999809265137,13.470000267028809,14.640000343322754,407800,0.0,0.0
2024-05-23 00:00:00-04:00,14.970000267028809,15.0,14.300000190734863,14.390000343322754,262900,0.0,0.0
2024-05-24 00:00:00-04:00,14.739999771118164,14.904999732971191,14.649999618530273,14.84000015258789,192200,0.0,0.0
2024-05-28 00:00:00-04:00,14.859999656677246,15.239999771118164,14.859999656677246,15.130000114440918,228300,0.0,0.0
2024-05-29 00:00:00-04:00,14.829999923706055,15.0600004196167,14.791999816894531,14.850000381469727,143100,0.0,0.0
2024-05-30 00:00:00-04:00,14.9399995803833,15.100000381469727,14.770000457763672,14.789999961853027,124400,0.0,0.0
2024-05-31 00:00:00-04:00,14.789999961853027,14.987000465393066,14.555000305175781,14.609999656677246,118600,0.0,0.0
2024-06-03 00:00:00-04:00,14.5600004196167,14.770000457763672,14.289999961853027,14.430000305175781,139100,0.0,0.0
2024-06-04 00:00:00-04:00,14.329999923706055,14.366000175476074,14.109999656677246,14.210000038146973,102900,0.0,0.0
2024-06-05 00:00:00-04:00,14.260000228881836,14.4399995803833,14.119999885559082,14.40999984741211,151900,0.0,0.0
2024-06-06 00:00:00-04:00,14.050000190734863,14.0600004196167,13.449999809265137,13.899999618530273,526700,0.0,0.0
2024-06-07 00:00:00-04:00,13.979999542236328,14.210000038146973,13.819999694824219,13.869999885559082,261800,0.0,0.0
2024-06-10 00:00:00-04:00,14.170000076293945,14.239999771118164,13.84000015258789,14.119999885559082,248000,0.0,0.0
2024-06-11 00:00:00-04:00,13.970000267028809,14.166000366210938,13.890000343322754,13.989999771118164,248100,0.0,0.0
2024-06-12 00:00:00-04:00,14.130000114440918,14.237000465393066,13.789999961853027,13.869999885559082,219900,0.0,0.0
2024-06-13 00:00:00-04:00,13.90999984741211,14.050000190734863,13.869999885559082,13.899999618530273,174100,0.0,0.0
2024-06-14 00:00:00-04:00,13.800000190734863,13.920000076293945,13.680000305175781,13.729999542236328,222700,0.0,0.0
2024-06-17 00:00:00-04:00,13.699999809265137,13.970000267028809,13.6899995803833,13.899999618530273,167900,0.0,0.0
2024-06-18 00:00:00-04:00,14.0,14.100000381469727,13.836999893188477,14.069999694824219,292100,0.0,0.0
2024-06-20 00:00:00-04:00,13.859999656677246,14.020000457763672,13.720000267028809,13.90999984741211,263900,0.0,0.0
2024-06-21 00:00:00-04:00,14.0,14.0,13.789999961853027,13.899999618530273,297300,0.0,0.0
2024-06-24 00:00:00-04:00,13.84000015258789,14.039999961853027,13.710000038146973,13.989999771118164,270300,0.0,0.0
2024-06-25 00:00:00-04:00,13.960000038146973,13.970000267028809,13.680000305175781,13.739999771118164,276700,0.0,0.0
2024-06-26 00:00:00-04:00,13.5600004196167,13.640000343322754,13.300000190734863,13.399999618530273,285000,0.0,0.0
2024-06-27 00:00:00-04:00,13.380000114440918,13.5600004196167,13.260000228881836,13.460000038146973,284200,0.0,0.0
2024-06-28 00:00:00-04:00,13.420000076293945,13.550000190734863,13.300000190734863,13.460000038146973,563900,0.0,0.0
2024-07-01 00:00:00-04:00,13.260000228881836,13.390000343322754,12.949999809265137,12.970000267028809,303800,0.0,0.0
2024-07-02 00:00:00-04:00,12.949999809265137,13.09000015258789,12.869999885559082,12.920000076293945,209700,0.0,0.0
2024-07-03 00:00:00-04:00,12.880000114440918,13.039999961853027,12.859999656677246,12.989999771118164,130900,0.0,0.0
2024-07-05 00:00:00-04:00,12.9399995803833,13.039999961853027,12.600000381469727,12.600000381469727,350400,0.0,0.0
2024-07-08 00:00:00-04:00,12.510000228881836,12.885000228881836,12.40999984741211,12.8100004196167,477400,0.0,0.0
2024-07-09 00:00:00-04:00,12.760000228881836,12.880000114440918,12.649999618530273,12.760000228881836,207100,0.0,0.0
2024-07-10 00:00:00-04:00,12.75,12.779999732971191,12.550000190734863,12.779999732971191,218300,0.0,0.0
2024-07-11 00:00:00-04:00,12.829999923706055,13.300000190734863,12.829999923706055,13.260000228881836,202600,0.0,0.0
2024-07-12 00:00:00-04:00,13.390000343322754,13.460000038146973,13.289999961853027,13.390000343322754,126400,0.0,0.0
2024-07-15 00:00:00-04:00,13.399999618530273,13.800000190734863,13.350000381469727,13.720000267028809,169300,0.0,0.0
2024-07-16 00:00:00-04:00,13.760000228881836,14.140000343322754,13.739999771118164,14.119999885559082,219100,0.0,0.0
2024-07-17 00:00:00-04:00,14.0,14.180000305175781,13.90999984741211,14.130000114440918,165200,0.0,0.0
2024-07-18 00:00:00-04:00,14.020000457763672,14.300000190734863,13.739999771118164,13.75,116600,0.0,0.0
2024-07-19 00:00:00-04:00,13.789999961853027,13.84000015258789,13.600000381469727,13.609999656677246,89200,0.0,0.0
2024-07-22 00:00:00-04:00,13.569999694824219,13.699999809265137,13.395000457763672,13.619999885559082,152200,0.0,0.0
2024-07-23 00:00:00-04:00,13.5600004196167,13.899999618530273,13.40999984741211,13.829999923706055,174600,0.0,0.0
2024-07-24 00:00:00-04:00,13.720000267028809,13.930000305175781,13.5,13.510000228881836,104100,0.0,0.0
2024-07-25 00:00:00-04:00,13.569999694824219,13.9399995803833,13.569999694824219,13.770000457763672,113200,0.0,0.0
2024-07-26 00:00:00-04:00,14.300000190734863,14.925000190734863,14.289999961853027,14.739999771118164,197100,0.0,0.0
2024-07-29 00:00:00-04:00,14.729999542236328,14.800000190734863,14.319999694824219,14.4399995803833,121700,0.0,0.0
2024-07-30 00:00:00-04:00,14.460000038146973,14.770000457763672,14.4399995803833,14.619999885559082,103700,0.0,0.0
2024-07-31 00:00:00-04:00,14.670000076293945,15.119999885559082,14.470000267028809,14.699999809265137,170000,0.0,0.0
2024-08-01 00:00:00-04:00,14.720000267028809,14.805000305175781,14.140000343322754,14.270000457763672,145400,0.0,0.0
2024-08-02 00:00:00-04:00,13.800000190734863,14.0,13.789999961853027,13.890000343322754,138300,0.0,0.0
2024-08-05 00:00:00-04:00,13.260000228881836,13.40999984741211,13.00100040435791,13.380000114440918,184500,0.0,0.0
2024-08-06 00:00:00-04:00,13.399999618530273,13.640000343322754,13.289999961853027,13.5,130100,0.0,0.0
2024-08-07 00:00:00-04:00,13.640000343322754,13.640000343322754,13.300000190734863,13.350000381469727,123300,0.0,0.0
2024-08-08 00:00:00-04:00,13.510000228881836,13.527999877929688,13.319999694824219,13.380000114440918,102900,0.0,0.0
2024-08-09 00:00:00-04:00,13.329999923706055,13.329999923706055,13.109999656677246,13.25,108700,0.0,0.0
2024-08-12 00:00:00-04:00,13.069999694824219,13.25,13.050000190734863,13.09000015258789,151400,0.0,0.0
2024-08-13 00:00:00-04:00,13.289999961853027,13.430000305175781,13.109000205993652,13.420000076293945,115600,0.0,0.0
2024-08-14 00:00:00-04:00,13.420000076293945,13.489999771118164,13.050000190734863,13.229999542236328,144200,0.0,0.0
2024-08-15 00:00:00-04:00,13.529999732971191,13.84000015258789,13.376999855041504,13.770000457763672,153000,0.0,0.0
2024-08-16 00:00:00-04:00,13.699999809265137,13.850000381469727,13.470000267028809,13.539999961853027,102500,0.0,0.0
2024-08-19 00:00:00-04:00,13.460000038146973,13.630000114440918,13.40999984741211,13.609999656677246,105500,0.0,0.0
2024-08-20 00:00:00-04:00,13.59000015258789,13.59000015258789,13.3100004196167,13.350000381469727,106000,0.0,0.0
2024-08-21 00:00:00-04:00,13.380000114440918,13.470000267028809,13.220000267028809,13.34000015258789,108500,0.0,0.0
2024-08-22 00:00:00-04:00,13.300000190734863,13.529999732971191,13.25,13.430000305175781,163900,0.0,0.0
2024-08-23 00:00:00-04:00,13.550000190734863,13.989999771118164,13.520000457763672,13.90999984741211,99600,0.0,0.0
2024-08-26 00:00:00-04:00,14.079999923706055,14.239999771118164,13.930999755859375,14.140000343322754,167400,0.0,0.0
2024-08-27 00:00:00-04:00,14.029999732971191,14.329999923706055,14.029999732971191,14.279999732971191,91900,0.0,0.0
2024-08-28 00:00:00-04:00,14.15999984741211,14.350000381469727,14.149999618530273,14.199999809265137,146100,0.0,0.0
2024-08-29 00:00:00-04:00,14.279999732971191,14.3149995803833,14.149999618530273,14.229999542236328,111100,0.0,0.0
2024-08-30 00:00:00-04:00,14.229999542236328,14.319999694824219,14.071999549865723,14.289999961853027,120800,0.0,0.0
2024-09-03 00:00:00-04:00,14.069999694824219,14.1899995803833,14.020000457763672,14.050000190734863,111600,0.0,0.0
2024-09-04 00:00:00-04:00,13.989999771118164,14.21500015258789,13.899999618530273,14.199999809265137,81300,0.0,0.0
2024-09-05 00:00:00-04:00,14.319999694824219,14.34000015258789,14.130000114440918,14.300000190734863,100500,0.0,0.0
2024-09-06 00:00:00-04:00,14.329999923706055,14.390000343322754,14.079999923706055,14.199999809265137,140100,0.0,0.0
2024-09-09 00:00:00-04:00,14.149999618530273,14.350000381469727,14.100000381469727,14.1899995803833,149700,0.0,0.0
2024-09-10 00:00:00-04:00,14.220000267028809,14.220000267028809,14.0,14.15999984741211,153500,0.0,0.0
2024-09-11 00:00:00-04:00,14.079999923706055,14.15999984741211,13.779999732971191,14.140000343322754,155500,0.0,0.0
2024-09-12 00:00:00-04:00,14.15999984741211,14.470000267028809,14.119999885559082,14.380000114440918,89300,0.0,0.0
2024-09-13 00:00:00-04:00,14.5,14.84000015258789,14.498000144958496,14.829999923706055,138300,0.0,0.0
2024-09-16 00:00:00-04:00,14.84000015258789,14.869999885559082,14.585000038146973,14.739999771118164,82200,0.0,0.0
2024-09-17 00:00:00-04:00,14.84000015258789,15.0600004196167,14.649999618530273,14.699999809265137,111100,0.0,0.0
2024-09-18 00:00:00-04:00,14.699999809265137,15.180000305175781,14.62399959564209,14.819999694824219,140500,0.0,0.0
2024-09-19 00:00:00-04:00,14.84000015258789,15.010000228881836,14.664999961853027,14.880000114440918,222500,0.0,0.0
2024-09-20 00:00:00-04:00,14.789999961853027,15.449999809265137,14.680000305175781,14.920000076293945,375200,0.0,0.0
2024-09-23 00:00:00-04:00,15.0,15.109999656677246,14.800000190734863,15.079999923706055,122300,0.0,0.0
2024-09-24 00:00:00-04:00,15.079999923706055,15.079999923706055,14.819999694824219,14.9399995803833,135100,0.0,0.0
2024-09-25 00:00:00-04:00,14.859999656677246,14.947999954223633,14.550000190734863,14.5600004196167,146600,0.0,0.0
2024-09-26 00:00:00-04:00,14.65999984741211,14.829999923706055,14.59000015258789,14.6899995803833,131300,0.0,0.0
2024-09-27 00:00:00-04:00,14.84000015258789,15.15999984741211,14.725000381469727,14.970000267028809,98900,0.0,0.0
2024-09-30 00:00:00-04:00,14.899999618530273,15.039999961853027,14.836999893188477,14.869999885559082,101800,0.0,0.0
2024-10-01 00:00:00-04:00,14.850000381469727,14.850000381469727,14.505000114440918,14.579999923706055,97700,0.0,0.0
2024-10-02 00:00:00-04:00,14.579999923706055,14.6899995803833,14.529999732971191,14.619999885559082,60800,0.0,0.0
2024-10-03 00:00:00-04:00,14.579999923706055,14.640000343322754,14.359999656677246,14.380000114440918,84700,0.0,0.0
2024-10-04 00:00:00-04:00,14.5600004196167,14.649999618530273,14.489999771118164,14.5,72200,0.0,0.0
2024-10-07 00:00:00-04:00,14.5,14.789999961853027,14.319999694824219,14.380000114440918,93700,0.0,0.0
2024-10-08 00:00:00-04:00,14.359999656677246,14.515000343322754,14.281000137329102,14.399999618530273,55800,0.0,0.0
2024-10-09 00:00:00-04:00,14.369999885559082,14.619999885559082,14.319999694824219,14.449999809265137,70600,0.0,0.0
2024-10-10 00:00:00-04:00,14.399999618530273,14.425000190734863,14.194999694824219,14.359999656677246,70900,0.0,0.0
2024-10-11 00:00:00-04:00,14.380000114440918,14.630000114440918,14.361000061035156,14.59000015258789,78000,0.0,0.0
2024-10-14 00:00:00-04:00,14.59000015258789,14.680000305175781,14.430000305175781,14.65999984741211,101100,0.0,0.0
2024-10-15 00:00:00-04:00,14.65999984741211,14.869999885559082,14.595000267028809,14.720000267028809,118500,0.0,0.0
2024-10-16 00:00:00-04:00,14.819999694824219,15.029999732971191,14.770000457763672,14.869999885559082,104000,0.0,0.0
2024-10-17 00:00:00-04:00,14.859999656677246,15.029999732971191,14.6899995803833,15.010000228881836,58400,0.0,0.0
2024-10-18 00:00:00-04:00,15.029999732971191,15.050000190734863,14.869999885559082,14.90999984741211,70200,0.0,0.0
2024-10-21 00:00:00-04:00,14.920000076293945,14.920000076293945,14.680000305175781,14.760000228881836,68600,0.0,0.0
2024-10-22 00:00:00-04:00,14.710000038146973,14.869999885559082,14.656999588012695,14.859999656677246,57100,0.0,0.0
2024-10-23 00:00:00-04:00,14.770000457763672,15.119999885559082,14.770000457763672,15.0600004196167,105600,0.0,0.0
2024-10-24 00:00:00-04:00,15.069999694824219,15.25,15.020000457763672,15.170000076293945,88700,0.0,0.0
2024-10-25 00:00:00-04:00,15.25,15.40999984741211,15.180000305175781,15.3100004196167,82300,0.0,0.0
2024-10-28 00:00:00-04:00,15.460000038146973,15.644000053405762,15.314000129699707,15.489999771118164,132500,0.0,0.0
2024-10-29 00:00:00-04:00,15.390000343322754,15.46500015258789,14.920000076293945,15.029999732971191,95800,0.0,0.0
2024-10-30 00:00:00-04:00,14.970000267028809,15.300000190734863,14.899999618530273,14.90999984741211,76300,0.0,0.0
2024-10-31 00:00:00-04:00,14.850000381469727,14.979999542236328,14.710000038146973,14.760000228881836,85700,0.0,0.0
2024-11-01 00:00:00-04:00,14.850000381469727,14.989999771118164,14.744999885559082,14.869999885559082,83100,0.0,0.0
2024-11-04 00:00:00-05:00,14.8100004196167,15.039999961853027,14.710000038146973,14.960000038146973,88100,0.0,0.0
2024-11-05 00:00:00-05:00,14.880000114440918,15.229999542236328,14.859999656677246,15.220000267028809,110800,0.0,0.0
2024-11-06 00:00:00-05:00,15.800000190734863,16.200000762939453,15.5,15.890000343322754,195600,0.0,0.0
2024-11-07 00:00:00-05:00,15.84000015258789,16.052000045776367,15.699999809265137,15.800000190734863,118900,0.0,0.0
2024-11-08 00:00:00-05:00,15.84000015258789,15.970000267028809,15.729999542236328,15.960000038146973,96400,0.0,0.0
2024-11-11 00:00:00-05:00,15.880000114440918,16.174999237060547,15.850000381469727,16.1299991607666,98800,0.0,0.0
2024-11-12 00:00:00-05:00,16.100000381469727,16.100000381469727,15.720000267028809,15.75,142800,0.0,0.0
2024-11-13 00:00:00-05:00,15.65999984741211,15.75,14.319999694824219,15.0600004196167,238800,0.0,0.0
2024-11-14 00:00:00-05:00,15.0600004196167,15.0600004196167,14.600000381469727,14.699999809265137,128900,0.0,0.0
2024-11-15 00:00:00-05:00,14.770000457763672,14.87600040435791,14.279999732971191,14.430000305175781,157900,0.0,0.0
2024-11-18 00:00:00-05:00,14.40999984741211,14.654999732971191,14.390000343322754,14.5600004196167,113500,0.0,0.0
2024-11-19 00:00:00-05:00,14.4399995803833,14.75,14.4399995803833,14.539999961853027,86300,0.0,0.0
2024-11-20 00:00:00-05:00,14.420000076293945,14.75,14.380000114440918,14.710000038146973,63700,0.0,0.0
2024-11-21 00:00:00-05:00,14.699999809265137,14.890000343322754,14.609999656677246,14.739999771118164,69300,0.0,0.0
2024-11-22 00:00:00-05:00,14.789999961853027,15.0600004196167,14.6899995803833,14.930000305175781,120600,0.0,0.0
2024-11-25 00:00:00-05:00,15.0,15.255000114440918,14.850000381469727,15.0600004196167,123500,0.0,0.0
2024-11-26 00:00:00-05:00,14.9399995803833,15.074999809265137,14.84000015258789,14.90999984741211,94400,0.0,0.0
2024-11-27 00:00:00-05:00,15.09000015258789,15.5,15.07800006866455,15.229999542236328,95100,0.0,0.0
2024-11-29 00:00:00-05:00,15.350000381469727,15.5,15.170000076293945,15.270000457763672,59000,0.0,0.0
2024-12-02 00:00:00-05:00,15.229999542236328,15.359999656677246,15.149999618530273,15.300000190734863,86800,0.0,0.0
2024-12-03 00:00:00-05:00,15.260000228881836,15.260000228881836,14.975000381469727,15.109999656677246,96300,0.0,0.0
2024-12-04 00:00:00-05:00,15.109999656677246,15.149999618530273,14.859999656677246,14.920000076293945,89800,0.0,0.0
2024-12-05 00:00:00-05:00,14.850000381469727,14.960000038146973,14.779999732971191,14.859999656677246,77100,0.0,0.0
2024-12-06 00:00:00-05:00,14.869999885559082,14.890000343322754,14.75,14.789999961853027,84500,0.0,0.0
2024-12-09 00:00:00-05:00,14.819999694824219,15.0600004196167,14.819999694824219,14.850000381469727,94200,0.0,0.0
2024-12-10 00:00:00-05:00,14.899999618530273,15.0600004196167,14.774999618530273,14.979999542236328,153800,0.0,0.0
2024-12-11 00:00:00-05:00,15.109999656677246,15.420000076293945,14.920000076293945,15.319999694824219,118700,0.0,0.0
2024-12-12 00:00:00-05:00,15.239999771118164,15.479999542236328,15.220000267028809,15.220000267028809,85500,0.0,0.0
2024-12-13 00:00:00-05:00,15.180000305175781,15.600000381469727,15.029999732971191,15.569999694824219,121500,0.0,0.0
2024-12-16 00:00:00-05:00,15.489999771118164,15.531999588012695,14.829999923706055,14.84000015258789,145500,0.0,0.0
2024-12-17 00:00:00-05:00,14.739999771118164,14.899999618530273,14.5,14.609999656677246,196100,0.0,0.0
2024-12-18 00:00:00-05:00,14.649999618530273,14.779999732971191,14.170000076293945,14.3100004196167,196700,0.0,0.0
2024-12-19 00:00:00-05:00,14.40999984741211,14.65999984741211,14.336999893188477,14.399999618530273,178900,0.0,0.0
2024-12-20 00:00:00-05:00,14.15999984741211,14.539999961853027,14.15999984741211,14.319999694824219,315300,0.0,0.0
2024-12-23 00:00:00-05:00,14.25,14.380000114440918,14.029999732971191,14.039999961853027,151400,0.0,0.0
2024-12-24 00:00:00-05:00,14.029999732971191,14.279999732971191,13.949999809265137,14.270000457763672,75500,0.0,0.0
2024-12-26 00:00:00-05:00,14.180000305175781,14.460000038146973,14.130000114440918,14.449999809265137,87700,0.0,0.0
2024-12-27 00:00:00-05:00,14.25,14.430000305175781,14.0,14.199999809265137,120700,0.0,0.0
