Date,Open,High,Low,Close,Volume,Dividends,Stock Splits
2017-06-15 00:00:00-04:00,67.44000244140625,69.0,64.44000244140625,68.19000244140625,6483,0.0,0.0
2017-06-16 00:00:00-04:00,69.0,70.19999694824219,66.0,66.0,10083,0.0,0.0
2017-06-19 00:00:00-04:00,66.05999755859375,67.62000274658203,62.52000045776367,63.18000030517578,6300,0.0,0.0
2017-06-20 00:00:00-04:00,64.5,64.5,63.0,63.0,1267,0.0,0.0
2017-06-21 00:00:00-04:00,62.400001525878906,62.880001068115234,61.54800033569336,62.880001068115234,1533,0.0,0.0
2017-06-22 00:00:00-04:00,61.560001373291016,62.880001068115234,60.84000015258789,62.81999969482422,1733,0.0,0.0
2017-06-23 00:00:00-04:00,62.220001220703125,63.0,62.220001220703125,62.400001525878906,817,0.0,0.0
2017-06-26 00:00:00-04:00,59.880001068115234,59.880001068115234,55.79999923706055,56.939998626708984,9083,0.0,0.0
2017-06-27 00:00:00-04:00,53.459999084472656,53.880001068115234,52.20000076293945,52.20000076293945,1500,0.0,0.0
2017-06-28 00:00:00-04:00,49.619998931884766,50.70000076293945,48.18000030517578,49.560001373291016,3300,0.0,0.0
2017-06-29 00:00:00-04:00,50.52000045776367,50.880001068115234,49.5,50.880001068115234,2150,0.0,0.0
2017-06-30 00:00:00-04:00,51.72600173950195,52.560001373291016,50.15999984741211,50.15999984741211,2833,0.0,0.0
2017-07-03 00:00:00-04:00,53.81999969482422,54.36000061035156,53.7599983215332,54.36000061035156,367,0.0,0.0
2017-07-05 00:00:00-04:00,59.58000183105469,62.70000076293945,58.20000076293945,60.599998474121094,3450,0.0,0.0
2017-07-06 00:00:00-04:00,57.41999816894531,60.599998474121094,55.02000045776367,60.0,2183,0.0,0.0
2017-07-07 00:00:00-04:00,60.599998474121094,60.599998474121094,59.099998474121094,60.47999954223633,133,0.0,0.0
2017-07-10 00:00:00-04:00,58.7400016784668,59.970001220703125,58.439998626708984,59.939998626708984,567,0.0,0.0
2017-07-11 00:00:00-04:00,57.29999923706055,57.29999923706055,56.051998138427734,57.0,567,0.0,0.0
2017-07-12 00:00:00-04:00,53.58000183105469,55.13999938964844,52.86000061035156,53.7599983215332,2517,0.0,0.0
2017-07-13 00:00:00-04:00,52.86000061035156,52.86000061035156,51.402000427246094,51.61199951171875,5433,0.0,0.0
2017-07-14 00:00:00-04:00,52.79999923706055,53.7599983215332,52.757999420166016,52.757999420166016,717,0.0,0.0
2017-07-17 00:00:00-04:00,54.41999816894531,54.41999816894531,53.400001525878906,54.0,700,0.0,0.0
2017-07-18 00:00:00-04:00,52.7400016784668,54.0,52.45199966430664,52.5,3367,0.0,0.0
2017-07-19 00:00:00-04:00,53.15999984741211,53.15999984741211,51.060001373291016,52.5,1583,0.0,0.0
2017-07-20 00:00:00-04:00,51.18000030517578,53.70000076293945,50.7599983215332,51.599998474121094,1800,0.0,0.0
2017-07-21 00:00:00-04:00,52.86000061035156,52.86000061035156,51.29999923706055,51.29999923706055,267,0.0,0.0
2017-07-24 00:00:00-04:00,50.70000076293945,50.70000076293945,50.52000045776367,50.52000045776367,633,0.0,0.0
2017-07-25 00:00:00-04:00,50.459999084472656,50.52000045776367,50.279998779296875,50.400001525878906,850,0.0,0.0
2017-07-26 00:00:00-04:00,48.119998931884766,49.13999938964844,46.31999969482422,48.0,3567,0.0,0.0
2017-07-27 00:00:00-04:00,46.20000076293945,47.400001525878906,46.20000076293945,46.79399871826172,3317,0.0,0.0
2017-07-28 00:00:00-04:00,46.68000030517578,46.79999923706055,45.599998474121094,45.599998474121094,483,0.0,0.0
2017-07-31 00:00:00-04:00,45.900001525878906,47.099998474121094,44.220001220703125,44.400001525878906,5950,0.0,0.0
2017-08-01 00:00:00-04:00,44.939998626708984,45.0,43.20000076293945,44.279998779296875,2800,0.0,0.0
2017-08-02 00:00:00-04:00,42.0,42.599998474121094,41.58000183105469,41.939998626708984,6217,0.0,0.0
2017-08-03 00:00:00-04:00,39.0,40.79999923706055,38.459999084472656,38.459999084472656,11350,0.0,0.0
2017-08-04 00:00:00-04:00,40.31999969482422,40.31999969482422,39.0,39.0,417,0.0,0.0
2017-08-07 00:00:00-04:00,34.5,35.279998779296875,32.099998474121094,33.84000015258789,11617,0.0,0.0
2017-08-08 00:00:00-04:00,31.31999969482422,31.31999969482422,30.0,30.540000915527344,10400,0.0,0.0
2017-08-09 00:00:00-04:00,26.34000015258789,26.700000762939453,25.260000228881836,25.72800064086914,14033,0.0,0.0
2017-08-10 00:00:00-04:00,26.81999969482422,28.097999572753906,26.81999969482422,27.360000610351562,9633,0.0,0.0
2017-08-11 00:00:00-04:00,28.799999237060547,28.799999237060547,27.299999237060547,27.600000381469727,750,0.0,0.0
2017-08-14 00:00:00-04:00,37.5,42.900001525878906,37.02000045776367,38.15999984741211,54483,0.0,0.0
2017-08-15 00:00:00-04:00,42.599998474121094,42.599998474121094,37.380001068115234,38.880001068115234,14733,0.0,0.0
2017-08-16 00:00:00-04:00,35.81999969482422,38.040000915527344,33.150001525878906,34.13999938964844,14583,0.0,0.0
2017-08-17 00:00:00-04:00,35.52000045776367,36.779998779296875,33.54600143432617,35.880001068115234,11200,0.0,0.0
2017-08-18 00:00:00-04:00,36.38399887084961,36.38399887084961,34.5,35.279998779296875,7033,0.0,0.0
2017-08-21 00:00:00-04:00,35.459999084472656,39.41999816894531,34.380001068115234,36.540000915527344,10017,0.0,0.0
2017-08-22 00:00:00-04:00,33.540000915527344,33.720001220703125,31.079999923706055,33.29999923706055,11783,0.0,0.0
2017-08-23 00:00:00-04:00,31.020000457763672,31.229999542236328,30.1200008392334,30.91200065612793,12867,0.0,0.0
2017-08-24 00:00:00-04:00,30.18000030517578,32.099998474121094,29.579999923706055,31.979999542236328,4400,0.0,0.0
2017-08-25 00:00:00-04:00,32.459999084472656,32.52000045776367,30.899999618530273,30.899999618530273,2267,0.0,0.0
2017-08-28 00:00:00-04:00,36.0,36.119998931884766,34.20000076293945,34.97999954223633,10000,0.0,0.0
2017-08-29 00:00:00-04:00,34.81800079345703,34.81800079345703,32.97600173950195,34.349998474121094,1250,0.0,0.0
2017-08-30 00:00:00-04:00,33.84000015258789,35.53200149536133,33.720001220703125,35.040000915527344,1317,0.0,0.0
2017-08-31 00:00:00-04:00,33.29999923706055,36.0,33.0,34.04999923706055,1850,0.0,0.0
2017-09-01 00:00:00-04:00,34.380001068115234,35.400001525878906,34.20000076293945,34.560001373291016,2467,0.0,0.0
2017-09-05 00:00:00-04:00,35.279998779296875,35.417999267578125,32.099998474121094,32.099998474121094,3850,0.0,0.0
2017-09-06 00:00:00-04:00,32.7599983215332,32.7599983215332,32.7599983215332,32.7599983215332,50,0.0,0.0
2017-09-07 00:00:00-04:00,33.540000915527344,35.040000915527344,33.47999954223633,35.040000915527344,667,0.0,0.0
2017-09-08 00:00:00-04:00,35.15999984741211,35.15999984741211,33.900001525878906,33.900001525878906,433,0.0,0.0
2017-09-11 00:00:00-04:00,36.0,36.0,34.439998626708984,34.86000061035156,1117,0.0,0.0
2017-09-12 00:00:00-04:00,34.31999969482422,34.31999969482422,33.40800094604492,33.40800094604492,333,0.0,0.0
2017-09-13 00:00:00-04:00,34.02000045776367,35.79600143432617,33.29999923706055,34.31999969482422,1983,0.0,0.0
2017-09-14 00:00:00-04:00,34.20000076293945,34.86000061035156,33.36000061035156,33.900001525878906,1500,0.0,0.0
2017-09-15 00:00:00-04:00,34.7400016784668,34.7400016784668,32.400001525878906,32.465999603271484,1900,0.0,0.0
2017-09-18 00:00:00-04:00,33.18000030517578,34.5,33.0,33.119998931884766,2617,0.0,0.0
2017-09-19 00:00:00-04:00,33.0,33.599998474121094,33.0,33.09000015258789,2050,0.0,0.0
2017-09-20 00:00:00-04:00,33.0,40.79999923706055,32.63999938964844,36.41999816894531,41483,0.0,0.0
2017-09-21 00:00:00-04:00,36.41999816894531,38.220001220703125,32.220001220703125,34.31999969482422,14100,0.0,0.0
2017-09-22 00:00:00-04:00,33.65999984741211,34.79999923706055,32.70000076293945,34.13999938964844,4200,0.0,0.0
2017-09-25 00:00:00-04:00,36.2400016784668,38.400001525878906,34.470001220703125,37.380001068115234,15167,0.0,0.0
2017-09-26 00:00:00-04:00,36.29999923706055,36.52199935913086,35.0099983215332,36.2400016784668,12333,0.0,0.0
2017-09-27 00:00:00-04:00,35.66999816894531,36.32400131225586,34.54800033569336,34.86000061035156,10967,0.0,0.0
2017-09-28 00:00:00-04:00,34.847999572753906,35.040000915527344,32.220001220703125,33.29999923706055,7017,0.0,0.0
2017-09-29 00:00:00-04:00,33.779998779296875,34.5,33.119998931884766,34.380001068115234,2083,0.0,0.0
2017-10-02 00:00:00-04:00,34.91999816894531,34.91999816894531,33.33599853515625,34.13999938964844,4050,0.0,0.0
2017-10-03 00:00:00-04:00,34.5,34.79999923706055,33.119998931884766,33.672000885009766,2467,0.0,0.0
2017-10-04 00:00:00-04:00,33.36000061035156,35.279998779296875,33.36000061035156,34.91999816894531,2417,0.0,0.0
2017-10-05 00:00:00-04:00,34.944000244140625,34.96200180053711,33.900001525878906,34.79999923706055,817,0.0,0.0
2017-10-06 00:00:00-04:00,35.70000076293945,35.70000076293945,33.47999954223633,33.900001525878906,1783,0.0,0.0
2017-10-09 00:00:00-04:00,34.02000045776367,34.26599884033203,33.65999984741211,33.65999984741211,883,0.0,0.0
2017-10-10 00:00:00-04:00,34.152000427246094,35.400001525878906,34.0620002746582,34.7400016784668,3500,0.0,0.0
2017-10-11 00:00:00-04:00,34.992000579833984,45.0,34.79999923706055,40.20000076293945,81683,0.0,0.0
2017-10-12 00:00:00-04:00,40.79999923706055,44.34000015258789,38.172000885009766,40.08000183105469,37350,0.0,0.0
2017-10-13 00:00:00-04:00,42.0,49.20000076293945,39.060001373291016,42.779998779296875,86800,0.0,0.0
2017-10-16 00:00:00-04:00,40.86000061035156,42.540000915527344,39.29999923706055,39.900001525878906,62367,0.0,0.0
2017-10-17 00:00:00-04:00,38.81999969482422,39.599998474121094,35.15999984741211,36.36000061035156,61367,0.0,0.0
2017-10-18 00:00:00-04:00,35.939998626708984,37.2599983215332,35.400001525878906,35.53200149536133,9483,0.0,0.0
2017-10-19 00:00:00-04:00,35.220001220703125,35.34000015258789,29.040000915527344,32.400001525878906,40150,0.0,0.0
2017-10-20 00:00:00-04:00,33.0,33.900001525878906,32.279998779296875,33.900001525878906,4433,0.0,0.0
2017-10-23 00:00:00-04:00,34.12200164794922,34.7400016784668,32.040000915527344,32.939998626708984,7133,0.0,0.0
2017-10-24 00:00:00-04:00,34.79999923706055,35.27399826049805,34.20000076293945,34.619998931884766,4817,0.0,0.0
2017-10-25 00:00:00-04:00,34.79999923706055,34.79999923706055,32.77199935913086,33.36000061035156,3400,0.0,0.0
2017-10-26 00:00:00-04:00,34.13999938964844,34.20000076293945,32.70000076293945,32.880001068115234,4783,0.0,0.0
2017-10-27 00:00:00-04:00,33.77399826049805,33.900001525878906,32.939998626708984,33.900001525878906,1900,0.0,0.0
2017-10-30 00:00:00-04:00,33.65999984741211,33.88800048828125,32.400001525878906,32.939998626708984,3650,0.0,0.0
2017-10-31 00:00:00-04:00,34.439998626708984,35.81999969482422,33.959999084472656,33.959999084472656,11950,0.0,0.0
2017-11-01 00:00:00-04:00,34.20000076293945,34.20000076293945,33.29999923706055,33.5880012512207,1983,0.0,0.0
2017-11-02 00:00:00-04:00,33.900001525878906,34.58399963378906,33.29999923706055,33.29999923706055,967,0.0,0.0
2017-11-03 00:00:00-04:00,33.540000915527344,34.36800003051758,33.0,33.060001373291016,1400,0.0,0.0
2017-11-06 00:00:00-05:00,33.119998931884766,33.75600051879883,32.400001525878906,32.459999084472656,6483,0.0,0.0
2017-11-07 00:00:00-05:00,32.70000076293945,34.5,32.400001525878906,32.400001525878906,1483,0.0,0.0
2017-11-08 00:00:00-05:00,33.599998474121094,35.220001220703125,33.41999816894531,33.540000915527344,5850,0.0,0.0
2017-11-09 00:00:00-05:00,33.0,33.540000915527344,32.70000076293945,33.0,2400,0.0,0.0
2017-11-10 00:00:00-05:00,33.540000915527344,34.20000076293945,31.799999237060547,31.799999237060547,4250,0.0,0.0
2017-11-13 00:00:00-05:00,32.15999984741211,32.15999984741211,31.5,31.5,1050,0.0,0.0
2017-11-14 00:00:00-05:00,31.200000762939453,31.284000396728516,30.479999542236328,30.479999542236328,1483,0.0,0.0
2017-11-15 00:00:00-05:00,30.600000381469727,30.600000381469727,28.865999221801758,29.520000457763672,4650,0.0,0.0
2017-11-16 00:00:00-05:00,30.600000381469727,30.606000900268555,30.11400032043457,30.479999542236328,6000,0.0,0.0
2017-11-17 00:00:00-05:00,30.899999618530273,31.52400016784668,30.360000610351562,30.959999084472656,6617,0.0,0.0
2017-11-20 00:00:00-05:00,30.65999984741211,31.020000457763672,30.299999237060547,30.360000610351562,1883,0.0,0.0
2017-11-21 00:00:00-05:00,29.459999084472656,30.18000030517578,29.459999084472656,29.639999389648438,4633,0.0,0.0
2017-11-22 00:00:00-05:00,29.399999618530273,31.200000762939453,29.100000381469727,30.719999313354492,12417,0.0,0.0
2017-11-24 00:00:00-05:00,32.25,32.67599868774414,30.761999130249023,31.200000762939453,2717,0.0,0.0
2017-11-27 00:00:00-05:00,31.3799991607666,31.3799991607666,30.360000610351562,30.360000610351562,3983,0.0,0.0
2017-11-28 00:00:00-05:00,31.200000762939453,31.200000762939453,28.799999237060547,30.0,6717,0.0,0.0
2017-11-29 00:00:00-05:00,29.520000457763672,29.694000244140625,27.690000534057617,28.739999771118164,8667,0.0,0.0
2017-11-30 00:00:00-05:00,28.3799991607666,28.5,28.260000228881836,28.440000534057617,183,0.0,0.0
2017-12-01 00:00:00-05:00,29.573999404907227,29.573999404907227,27.600000381469727,28.260000228881836,5433,0.0,0.0
2017-12-04 00:00:00-05:00,28.139999389648438,28.139999389648438,25.3799991607666,25.68000030517578,11767,0.0,0.0
2017-12-05 00:00:00-05:00,25.860000610351562,25.860000610351562,23.579999923706055,23.940000534057617,9750,0.0,0.0
2017-12-06 00:00:00-05:00,23.459999084472656,23.459999084472656,21.239999771118164,21.239999771118164,13533,0.0,0.0
2017-12-07 00:00:00-05:00,24.899999618530273,25.020000457763672,24.239999771118164,24.780000686645508,9783,0.0,0.0
2017-12-08 00:00:00-05:00,25.200000762939453,25.200000762939453,24.239999771118164,24.360000610351562,2300,0.0,0.0
2017-12-11 00:00:00-05:00,23.280000686645508,23.280000686645508,22.5,22.5,3617,0.0,0.0
2017-12-12 00:00:00-05:00,22.440000534057617,22.5,21.899999618530273,22.218000411987305,3550,0.0,0.0
2017-12-13 00:00:00-05:00,23.280000686645508,23.34000015258789,22.733999252319336,22.799999237060547,2467,0.0,0.0
2017-12-14 00:00:00-05:00,23.4060001373291,24.0,22.799999237060547,24.0,1633,0.0,0.0
2017-12-15 00:00:00-05:00,23.41200065612793,23.639999389648438,22.631999969482422,23.639999389648438,350,0.0,0.0
2017-12-18 00:00:00-05:00,23.579999923706055,23.940000534057617,21.600000381469727,22.559999465942383,5983,0.0,0.0
2017-12-19 00:00:00-05:00,22.799999237060547,22.799999237060547,21.540000915527344,21.600000381469727,1717,0.0,0.0
2017-12-20 00:00:00-05:00,21.959999084472656,23.766000747680664,21.959999084472656,22.920000076293945,8183,0.0,0.0
2017-12-21 00:00:00-05:00,24.899999618530273,25.200000762939453,23.81999969482422,24.0,16533,0.0,0.0
2017-12-22 00:00:00-05:00,24.18000030517578,24.65399932861328,24.059999465942383,24.18000030517578,2483,0.0,0.0
2017-12-26 00:00:00-05:00,25.260000228881836,26.700000762939453,25.139999389648438,25.979999542236328,8733,0.0,0.0
2017-12-27 00:00:00-05:00,25.559999465942383,26.15999984741211,23.8799991607666,24.959999084472656,4217,0.0,0.0
2017-12-28 00:00:00-05:00,24.959999084472656,24.959999084472656,24.503999710083008,24.503999710083008,1050,0.0,0.0
2017-12-29 00:00:00-05:00,23.766000747680664,24.299999237060547,23.766000747680664,24.18000030517578,1633,0.0,0.0
2018-01-02 00:00:00-05:00,25.739999771118164,28.31999969482422,25.739999771118164,27.239999771118164,6317,0.0,0.0
2018-01-03 00:00:00-05:00,27.0,28.374000549316406,27.0,28.139999389648438,2850,0.0,0.0
2018-01-04 00:00:00-05:00,29.100000381469727,30.899999618530273,28.139999389648438,30.18000030517578,10683,0.0,0.0
2018-01-05 00:00:00-05:00,29.549999237060547,30.534000396728516,29.1299991607666,30.059999465942383,6050,0.0,0.0
2018-01-08 00:00:00-05:00,30.479999542236328,43.79999923706055,29.219999313354492,36.0,449117,0.0,0.0
2018-01-09 00:00:00-05:00,35.15999984741211,37.08000183105469,28.260000228881836,29.219999313354492,97633,0.0,0.0
2018-01-10 00:00:00-05:00,30.600000381469727,33.18000030517578,28.860000610351562,29.940000534057617,46850,0.0,0.0
2018-01-11 00:00:00-05:00,31.5,31.5,28.200000762939453,29.25,13250,0.0,0.0
2018-01-12 00:00:00-05:00,29.34000015258789,30.65999984741211,28.260000228881836,29.8799991607666,33017,0.0,0.0
2018-01-16 00:00:00-05:00,30.600000381469727,32.279998779296875,28.5,29.15999984741211,23383,0.0,0.0
2018-01-17 00:00:00-05:00,28.979999542236328,30.011999130249023,28.229999542236328,28.5,14683,0.0,0.0
2018-01-18 00:00:00-05:00,29.280000686645508,29.520000457763672,28.601999282836914,29.15999984741211,2517,0.0,0.0
2018-01-19 00:00:00-05:00,28.860000610351562,29.016000747680664,28.326000213623047,28.68000030517578,7517,0.0,0.0
2018-01-22 00:00:00-05:00,28.860000610351562,31.920000076293945,28.860000610351562,30.1200008392334,13233,0.0,0.0
2018-01-23 00:00:00-05:00,29.520000457763672,30.0,29.15999984741211,29.81999969482422,10250,0.0,0.0
2018-01-24 00:00:00-05:00,28.5,29.459999084472656,28.27199935913086,29.040000915527344,8850,0.0,0.0
2018-01-25 00:00:00-05:00,28.440000534057617,28.6200008392334,27.486000061035156,27.780000686645508,5967,0.0,0.0
2018-01-26 00:00:00-05:00,28.31999969482422,29.8799991607666,28.31999969482422,29.15999984741211,6017,0.0,0.0
2018-01-29 00:00:00-05:00,29.100000381469727,32.7599983215332,27.959999084472656,30.1200008392334,24717,0.0,0.0
2018-01-30 00:00:00-05:00,29.15999984741211,29.993999481201172,28.3799991607666,28.649999618530273,8733,0.0,0.0
2018-01-31 00:00:00-05:00,28.200000762939453,28.739999771118164,26.760000228881836,27.059999465942383,12950,0.0,0.0
2018-02-01 00:00:00-05:00,26.639999389648438,27.600000381469727,25.920000076293945,26.280000686645508,4367,0.0,0.0
2018-02-02 00:00:00-05:00,26.100000381469727,29.100000381469727,25.506000518798828,25.506000518798828,1800,0.0,0.0
2018-02-05 00:00:00-05:00,24.780000686645508,25.020000457763672,23.562000274658203,23.700000762939453,10533,0.0,0.0
2018-02-06 00:00:00-05:00,23.399999618530273,24.239999771118164,22.31999969482422,23.579999923706055,8450,0.0,0.0
2018-02-07 00:00:00-05:00,24.0,24.360000610351562,23.850000381469727,24.18000030517578,7100,0.0,0.0
2018-02-08 00:00:00-05:00,24.0,26.74799919128418,22.200000762939453,22.200000762939453,12617,0.0,0.0
2018-02-09 00:00:00-05:00,22.440000534057617,22.865999221801758,21.239999771118164,22.799999237060547,5883,0.0,0.0
2018-02-12 00:00:00-05:00,23.8799991607666,24.0,23.399999618530273,23.520000457763672,3683,0.0,0.0
2018-02-13 00:00:00-05:00,23.459999084472656,23.940000534057617,23.11199951171875,23.11199951171875,633,0.0,0.0
2018-02-14 00:00:00-05:00,22.889999389648438,23.940000534057617,22.889999389648438,23.81999969482422,450,0.0,0.0
2018-02-15 00:00:00-05:00,23.280000686645508,23.700000762939453,22.260000228881836,22.799999237060547,2850,0.0,0.0
2018-02-16 00:00:00-05:00,22.733999252319336,22.733999252319336,22.440000534057617,22.440000534057617,917,0.0,0.0
2018-02-20 00:00:00-05:00,22.799999237060547,23.670000076293945,22.799999237060547,23.100000381469727,1300,0.0,0.0
2018-02-21 00:00:00-05:00,23.399999618530273,23.399999618530273,22.290000915527344,22.860000610351562,2033,0.0,0.0
2018-02-22 00:00:00-05:00,23.25,23.34000015258789,22.260000228881836,22.260000228881836,667,0.0,0.0
2018-02-23 00:00:00-05:00,22.31999969482422,23.148000717163086,22.31999969482422,22.56599998474121,333,0.0,0.0
2018-02-26 00:00:00-05:00,23.43600082397461,26.81999969482422,23.43600082397461,24.600000381469727,10683,0.0,0.0
2018-02-27 00:00:00-05:00,24.582000732421875,24.582000732421875,24.0,24.0,233,0.0,0.0
2018-02-28 00:00:00-05:00,24.299999237060547,24.299999237060547,23.399999618530273,23.8439998626709,933,0.0,0.0
2018-03-01 00:00:00-05:00,22.884000778198242,23.760000228881836,22.799999237060547,23.027999877929688,267,0.0,0.0
2018-03-02 00:00:00-05:00,22.920000076293945,25.020000457763672,22.559999465942383,24.0,13900,0.0,0.0
2018-03-05 00:00:00-05:00,24.360000610351562,24.84000015258789,23.579999923706055,24.84000015258789,6233,0.0,0.0
2018-03-06 00:00:00-05:00,24.84000015258789,25.020000457763672,24.299999237060547,24.972000122070312,3800,0.0,0.0
2018-03-07 00:00:00-05:00,25.440000534057617,25.440000534057617,24.360000610351562,24.719999313354492,7833,0.0,0.0
2018-03-08 00:00:00-05:00,24.540000915527344,25.013999938964844,24.18000030517578,24.18000030517578,1900,0.0,0.0
2018-03-09 00:00:00-05:00,24.246000289916992,25.31999969482422,24.131999969482422,24.18000030517578,867,0.0,0.0
2018-03-12 00:00:00-04:00,24.299999237060547,26.700000762939453,24.18000030517578,24.600000381469727,5733,0.0,0.0
2018-03-13 00:00:00-04:00,25.440000534057617,26.520000457763672,25.200000762939453,26.15999984741211,3733,0.0,0.0
2018-03-14 00:00:00-04:00,25.284000396728516,26.100000381469727,24.420000076293945,24.420000076293945,2117,0.0,0.0
2018-03-15 00:00:00-04:00,26.459999084472656,26.459999084472656,24.420000076293945,24.65999984741211,883,0.0,0.0
2018-03-16 00:00:00-04:00,24.600000381469727,25.24799919128418,24.0,24.65999984741211,2317,0.0,0.0
2018-03-19 00:00:00-04:00,24.780000686645508,24.780000686645508,24.059999465942383,24.173999786376953,450,0.0,0.0
2018-03-20 00:00:00-04:00,24.0,24.420000076293945,22.56599998474121,23.399999618530273,3683,0.0,0.0
2018-03-21 00:00:00-04:00,23.34000015258789,24.239999771118164,23.100000381469727,23.940000534057617,1633,0.0,0.0
2018-03-22 00:00:00-04:00,23.040000915527344,26.280000686645508,22.81800079345703,24.360000610351562,9783,0.0,0.0
2018-03-23 00:00:00-04:00,23.81999969482422,23.81999969482422,22.200000762939453,22.200000762939453,3133,0.0,0.0
2018-03-26 00:00:00-04:00,22.3799991607666,23.579999923706055,21.006000518798828,22.920000076293945,6067,0.0,0.0
2018-03-27 00:00:00-04:00,22.139999389648438,24.0,22.079999923706055,22.739999771118164,7383,0.0,0.0
2018-03-28 00:00:00-04:00,22.139999389648438,22.43400001525879,21.059999465942383,21.1200008392334,2667,0.0,0.0
2018-03-29 00:00:00-04:00,21.780000686645508,22.260000228881836,21.1200008392334,21.420000076293945,8950,0.0,0.0
2018-04-02 00:00:00-04:00,21.299999237060547,21.600000381469727,19.860000610351562,19.860000610351562,4183,0.0,0.0
2018-04-03 00:00:00-04:00,19.559999465942383,19.68000030517578,18.360000610351562,18.360000610351562,4550,0.0,0.0
2018-04-04 00:00:00-04:00,15.359999656677246,17.219999313354492,14.640000343322754,16.799999237060547,9533,0.0,0.0
2018-04-05 00:00:00-04:00,17.760000228881836,18.360000610351562,17.219999313354492,18.360000610351562,2400,0.0,0.0
2018-04-06 00:00:00-04:00,17.399999618530273,17.8799991607666,17.219999313354492,17.520000457763672,2300,0.0,0.0
2018-04-09 00:00:00-04:00,18.84000015258789,20.483999252319336,18.540000915527344,19.200000762939453,2267,0.0,0.0
2018-04-10 00:00:00-04:00,19.440000534057617,19.5,18.84000015258789,18.84000015258789,383,0.0,0.0
2018-04-11 00:00:00-04:00,18.054000854492188,18.1200008392334,17.760000228881836,17.940000534057617,317,0.0,0.0
2018-04-12 00:00:00-04:00,18.059999465942383,18.059999465942383,17.219999313354492,18.0,2667,0.0,0.0
2018-04-13 00:00:00-04:00,17.898000717163086,18.059999465942383,17.88599967956543,18.059999465942383,533,0.0,0.0
2018-04-16 00:00:00-04:00,17.459999084472656,17.8799991607666,17.399999618530273,17.8799991607666,700,0.0,0.0
2018-04-17 00:00:00-04:00,17.940000534057617,18.360000610351562,17.399999618530273,18.239999771118164,1750,0.0,0.0
2018-04-18 00:00:00-04:00,18.360000610351562,18.360000610351562,18.0,18.239999771118164,700,0.0,0.0
2018-04-19 00:00:00-04:00,18.299999237060547,18.84000015258789,17.79599952697754,17.81999969482422,600,0.0,0.0
2018-04-20 00:00:00-04:00,19.559999465942383,19.559999465942383,18.0,18.1200008392334,1617,0.0,0.0
2018-04-23 00:00:00-04:00,19.920000076293945,21.84000015258789,19.559999465942383,21.65999984741211,15550,0.0,0.0
2018-04-24 00:00:00-04:00,20.100000381469727,22.559999465942383,19.3799991607666,21.0,10267,0.0,0.0
2018-04-25 00:00:00-04:00,19.68000030517578,21.0,18.9060001373291,20.34000015258789,8033,0.0,0.0
2018-04-26 00:00:00-04:00,20.15999984741211,21.600000381469727,19.860000610351562,20.399999618530273,4283,0.0,0.0
2018-04-27 00:00:00-04:00,21.540000915527344,21.899999618530273,20.399999618530273,21.18000030517578,2483,0.0,0.0
2018-04-30 00:00:00-04:00,20.040000915527344,20.040000915527344,18.84000015258789,18.899999618530273,6983,0.0,0.0
2018-05-01 00:00:00-04:00,18.719999313354492,19.559999465942383,18.65999984741211,18.959999084472656,1150,0.0,0.0
2018-05-02 00:00:00-04:00,19.200000762939453,19.440000534057617,18.0,18.65999984741211,967,0.0,0.0
2018-05-03 00:00:00-04:00,18.719999313354492,18.719999313354492,18.719999313354492,18.719999313354492,150,0.0,0.0
2018-05-04 00:00:00-04:00,18.479999542236328,19.739999771118164,17.940000534057617,18.239999771118164,467,0.0,0.0
2018-05-07 00:00:00-04:00,18.0,18.1200008392334,17.700000762939453,18.1200008392334,433,0.0,0.0
2018-05-08 00:00:00-04:00,17.639999389648438,17.639999389648438,17.399999618530273,17.597999572753906,467,0.0,0.0
2018-05-09 00:00:00-04:00,17.399999618530273,20.700000762939453,17.399999618530273,18.299999237060547,23633,0.0,0.0
2018-05-10 00:00:00-04:00,18.84000015258789,19.5,18.1200008392334,19.440000534057617,3683,0.0,0.0
2018-05-11 00:00:00-04:00,19.06800079345703,19.6200008392334,18.899999618530273,18.899999618530273,13133,0.0,0.0
2018-05-14 00:00:00-04:00,18.299999237060547,18.84000015258789,18.239999771118164,18.780000686645508,2550,0.0,0.0
2018-05-15 00:00:00-04:00,18.299999237060547,18.780000686645508,18.0,18.600000381469727,1700,0.0,0.0
2018-05-16 00:00:00-04:00,18.600000381469727,18.600000381469727,18.600000381469727,18.600000381469727,433,0.0,0.0
2018-05-17 00:00:00-04:00,17.8799991607666,18.780000686645508,17.700000762939453,17.8799991607666,7833,0.0,0.0
2018-05-18 00:00:00-04:00,17.8799991607666,17.8799991607666,17.34000015258789,17.700000762939453,2733,0.0,0.0
2018-05-21 00:00:00-04:00,18.1200008392334,18.1200008392334,17.280000686645508,17.549999237060547,1350,0.0,0.0
2018-05-22 00:00:00-04:00,17.579999923706055,18.413999557495117,16.986000061035156,17.34000015258789,9600,0.0,0.0
2018-05-23 00:00:00-04:00,16.799999237060547,17.399999618530273,16.799999237060547,17.26799964904785,2950,0.0,0.0
2018-05-24 00:00:00-04:00,17.219999313354492,17.507999420166016,16.805999755859375,17.399999618530273,1783,0.0,0.0
2018-05-25 00:00:00-04:00,17.399999618530273,17.670000076293945,17.399999618530273,17.615999221801758,1150,0.0,0.0
2018-05-29 00:00:00-04:00,17.399999618530273,17.399999618530273,16.979999542236328,17.15999984741211,1300,0.0,0.0
2018-05-30 00:00:00-04:00,17.040000915527344,18.0,16.979999542236328,17.040000915527344,2483,0.0,0.0
2018-05-31 00:00:00-04:00,17.280000686645508,19.139999389648438,17.100000381469727,17.604000091552734,19183,0.0,0.0
2018-06-01 00:00:00-04:00,18.450000762939453,18.450000762939453,17.34000015258789,17.81999969482422,2717,0.0,0.0
2018-06-04 00:00:00-04:00,17.34000015258789,17.81999969482422,16.974000930786133,17.465999603271484,5633,0.0,0.0
2018-06-05 00:00:00-04:00,17.399999618530273,17.639999389648438,17.02199935913086,17.459999084472656,1733,0.0,0.0
2018-06-06 00:00:00-04:00,17.280000686645508,17.280000686645508,16.920000076293945,17.0939998626709,6017,0.0,0.0
2018-06-07 00:00:00-04:00,16.799999237060547,17.399999618530273,16.6200008392334,16.979999542236328,12500,0.0,0.0
2018-06-08 00:00:00-04:00,16.944000244140625,17.940000534057617,16.799999237060547,17.34000015258789,2800,0.0,0.0
2018-06-11 00:00:00-04:00,17.639999389648438,17.760000228881836,17.399999618530273,17.472000122070312,4200,0.0,0.0
2018-06-12 00:00:00-04:00,22.31999969482422,23.81999969482422,19.5,20.040000915527344,146967,0.0,0.0
2018-06-13 00:00:00-04:00,19.200000762939453,19.860000610351562,18.899999618530273,19.799999237060547,9467,0.0,0.0
2018-06-14 00:00:00-04:00,20.34000015258789,21.420000076293945,19.6200008392334,21.420000076293945,20850,0.0,0.0
2018-06-15 00:00:00-04:00,20.34000015258789,21.84000015258789,19.746000289916992,19.920000076293945,8683,0.0,0.0
2018-06-18 00:00:00-04:00,18.899999618530273,19.799999237060547,18.780000686645508,19.200000762939453,7633,0.0,0.0
2018-06-19 00:00:00-04:00,18.239999771118164,18.959999084472656,18.239999771118164,18.899999618530273,3450,0.0,0.0
2018-06-20 00:00:00-04:00,18.600000381469727,19.31999969482422,18.420000076293945,18.893999099731445,6950,0.0,0.0
2018-06-21 00:00:00-04:00,19.68000030517578,20.399999618530273,19.266000747680664,19.99799919128418,3517,0.0,0.0
2018-06-22 00:00:00-04:00,20.280000686645508,20.700000762939453,19.979999542236328,20.700000762939453,4350,0.0,0.0
2018-06-25 00:00:00-04:00,21.479999542236328,21.600000381469727,20.040000915527344,20.579999923706055,15333,0.0,0.0
2018-06-26 00:00:00-04:00,22.799999237060547,26.579999923706055,21.600000381469727,23.219999313354492,77650,0.0,0.0
2018-06-27 00:00:00-04:00,23.8799991607666,23.8799991607666,20.520000457763672,20.760000228881836,16683,0.0,0.0
2018-06-28 00:00:00-04:00,21.299999237060547,21.5939998626709,20.579999923706055,21.239999771118164,15300,0.0,0.0
2018-06-29 00:00:00-04:00,21.474000930786133,21.851999282836914,21.474000930786133,21.79199981689453,4533,0.0,0.0
2018-07-02 00:00:00-04:00,20.8799991607666,21.239999771118164,20.399999618530273,20.90999984741211,16550,0.0,0.0
2018-07-03 00:00:00-04:00,19.020000457763672,19.860000610351562,18.65999984741211,19.68000030517578,2633,0.0,0.0
2018-07-05 00:00:00-04:00,19.31999969482422,20.100000381469727,18.959999084472656,19.739999771118164,4867,0.0,0.0
2018-07-06 00:00:00-04:00,19.799999237060547,19.920000076293945,19.440000534057617,19.440000534057617,2117,0.0,0.0
2018-07-09 00:00:00-04:00,19.020000457763672,19.6200008392334,18.719999313354492,19.3799991607666,6117,0.0,0.0
2018-07-10 00:00:00-04:00,18.959999084472656,19.5,18.1200008392334,18.299999237060547,28350,0.0,0.0
2018-07-11 00:00:00-04:00,20.700000762939453,20.700000762939453,18.239999771118164,19.31999969482422,12183,0.0,0.0
2018-07-12 00:00:00-04:00,19.5,20.34000015258789,19.440000534057617,19.860000610351562,12900,0.0,0.0
2018-07-13 00:00:00-04:00,20.459999084472656,20.538000106811523,19.649999618530273,20.100000381469727,2383,0.0,0.0
2018-07-16 00:00:00-04:00,19.739999771118164,19.739999771118164,18.239999771118164,18.780000686645508,4650,0.0,0.0
2018-07-17 00:00:00-04:00,18.780000686645508,18.780000686645508,18.18600082397461,18.389999389648438,4100,0.0,0.0
2018-07-18 00:00:00-04:00,18.239999771118164,18.239999771118164,17.83799934387207,18.1200008392334,4550,0.0,0.0
2018-07-19 00:00:00-04:00,18.09000015258789,18.413999557495117,17.988000869750977,18.299999237060547,2083,0.0,0.0
2018-07-20 00:00:00-04:00,18.5939998626709,19.055999755859375,18.360000610351562,18.395999908447266,4033,0.0,0.0
2018-07-23 00:00:00-04:00,18.059999465942383,18.16200065612793,18.0,18.09600067138672,733,0.0,0.0
2018-07-24 00:00:00-04:00,18.059999465942383,18.540000915527344,17.8799991607666,18.540000915527344,2133,0.0,0.0
2018-07-25 00:00:00-04:00,18.402000427246094,18.479999542236328,18.059999465942383,18.239999771118164,2417,0.0,0.0
2018-07-26 00:00:00-04:00,18.420000076293945,18.65999984741211,18.1200008392334,18.299999237060547,4100,0.0,0.0
2018-07-27 00:00:00-04:00,17.940000534057617,18.65999984741211,17.940000534057617,18.06599998474121,817,0.0,0.0
2018-07-30 00:00:00-04:00,18.239999771118164,18.239999771118164,17.8799991607666,18.0,2350,0.0,0.0
2018-07-31 00:00:00-04:00,17.700000762939453,17.77199935913086,16.799999237060547,16.961999893188477,5617,0.0,0.0
2018-08-01 00:00:00-04:00,17.351999282836914,17.399999618530273,16.979999542236328,17.142000198364258,1467,0.0,0.0
2018-08-02 00:00:00-04:00,16.799999237060547,17.100000381469727,16.799999237060547,17.100000381469727,3600,0.0,0.0
2018-08-03 00:00:00-04:00,17.34000015258789,17.34000015258789,17.040000915527344,17.076000213623047,933,0.0,0.0
2018-08-06 00:00:00-04:00,17.34000015258789,17.399999618530273,17.17799949645996,17.399999618530273,1317,0.0,0.0
2018-08-07 00:00:00-04:00,17.760000228881836,18.899999618530273,17.579999923706055,18.0,5533,0.0,0.0
2018-08-08 00:00:00-04:00,18.239999771118164,18.239999771118164,17.729999542236328,17.940000534057617,2133,0.0,0.0
2018-08-09 00:00:00-04:00,17.700000762939453,17.81999969482422,17.15999984741211,17.15999984741211,2467,0.0,0.0
2018-08-10 00:00:00-04:00,17.040000915527344,17.100000381469727,16.920000076293945,16.979999542236328,967,0.0,0.0
2018-08-13 00:00:00-04:00,17.219999313354492,17.459999084472656,16.950000762939453,16.979999542236328,950,0.0,0.0
2018-08-14 00:00:00-04:00,16.200000762939453,16.739999771118164,16.079999923706055,16.079999923706055,4333,0.0,0.0
2018-08-15 00:00:00-04:00,15.899999618530273,16.31999969482422,15.84000015258789,15.84000015258789,2550,0.0,0.0
2018-08-16 00:00:00-04:00,15.84000015258789,16.170000076293945,15.84000015258789,15.930000305175781,3083,0.0,0.0
2018-08-17 00:00:00-04:00,16.139999389648438,17.520000457763672,16.139999389648438,16.920000076293945,5300,0.0,0.0
2018-08-20 00:00:00-04:00,16.799999237060547,16.799999237060547,16.110000610351562,16.110000610351562,1433,0.0,0.0
2018-08-21 00:00:00-04:00,17.8799991607666,17.8799991607666,16.559999465942383,17.459999084472656,3233,0.0,0.0
2018-08-22 00:00:00-04:00,17.459999084472656,17.459999084472656,17.04599952697754,17.22599983215332,967,0.0,0.0
2018-08-23 00:00:00-04:00,17.076000213623047,17.993999481201172,16.865999221801758,17.993999481201172,4267,0.0,0.0
2018-08-24 00:00:00-04:00,17.172000885009766,17.760000228881836,17.15999984741211,17.15999984741211,3317,0.0,0.0
2018-08-27 00:00:00-04:00,16.559999465942383,17.399999618530273,16.20599937438965,17.399999618530273,3200,0.0,0.0
2018-08-28 00:00:00-04:00,17.81999969482422,18.1200008392334,17.520000457763672,17.663999557495117,2517,0.0,0.0
2018-08-29 00:00:00-04:00,17.579999923706055,17.826000213623047,17.148000717163086,17.520000457763672,1317,0.0,0.0
2018-08-30 00:00:00-04:00,17.15999984741211,17.399999618530273,16.920000076293945,17.280000686645508,1750,0.0,0.0
2018-08-31 00:00:00-04:00,17.040000915527344,17.280000686645508,16.860000610351562,17.11199951171875,950,0.0,0.0
2018-09-04 00:00:00-04:00,17.100000381469727,18.0,16.829999923706055,17.08799934387207,2567,0.0,0.0
2018-09-05 00:00:00-04:00,16.860000610351562,17.040000915527344,16.799999237060547,16.986000061035156,1333,0.0,0.0
2018-09-06 00:00:00-04:00,16.920000076293945,16.920000076293945,16.860000610351562,16.920000076293945,783,0.0,0.0
2018-09-07 00:00:00-04:00,16.860000610351562,16.920000076293945,16.6200008392334,16.805999755859375,1950,0.0,0.0
2018-09-10 00:00:00-04:00,16.709999084472656,16.829999923706055,16.709999084472656,16.829999923706055,133,0.0,0.0
2018-09-11 00:00:00-04:00,16.6200008392334,16.722000122070312,16.6200008392334,16.667999267578125,400,0.0,0.0
2018-09-12 00:00:00-04:00,16.667999267578125,16.667999267578125,16.667999267578125,16.667999267578125,183,0.0,0.0
2018-09-13 00:00:00-04:00,17.399999618530273,18.0,17.399999618530273,18.0,3417,0.0,0.0
2018-09-14 00:00:00-04:00,17.399999618530273,17.790000915527344,16.895999908447266,17.790000915527344,600,0.0,0.0
2018-09-17 00:00:00-04:00,17.700000762939453,17.760000228881836,17.100000381469727,17.43000030517578,4283,0.0,0.0
2018-09-18 00:00:00-04:00,16.860000610351562,17.441999435424805,16.799999237060547,17.393999099731445,333,0.0,0.0
2018-09-19 00:00:00-04:00,17.309999465942383,18.239999771118164,17.219999313354492,18.035999298095703,4450,0.0,0.0
2018-09-20 00:00:00-04:00,17.760000228881836,18.299999237060547,16.559999465942383,17.892000198364258,3883,0.0,0.0
2018-09-21 00:00:00-04:00,17.32200050354004,18.959999084472656,16.961999893188477,18.959999084472656,5417,0.0,0.0
2018-09-24 00:00:00-04:00,18.540000915527344,18.540000915527344,17.615999221801758,18.18000030517578,583,0.0,0.0
2018-09-25 00:00:00-04:00,17.639999389648438,18.083999633789062,17.639999389648438,18.0,317,0.0,0.0
2018-09-26 00:00:00-04:00,17.399999618530273,18.360000610351562,17.399999618530273,18.0,4450,0.0,0.0
2018-09-27 00:00:00-04:00,17.8799991607666,18.143999099731445,17.8799991607666,18.0,1550,0.0,0.0
2018-09-28 00:00:00-04:00,18.059999465942383,18.059999465942383,17.639999389648438,17.940000534057617,1483,0.0,0.0
2018-10-01 00:00:00-04:00,17.856000900268555,17.856000900268555,17.375999450683594,17.520000457763672,300,0.0,0.0
2018-10-02 00:00:00-04:00,17.399999618530273,17.459999084472656,16.992000579833984,17.100000381469727,3800,0.0,0.0
2018-10-03 00:00:00-04:00,17.1299991607666,17.1299991607666,17.100000381469727,17.100000381469727,267,0.0,0.0
2018-10-04 00:00:00-04:00,17.520000457763672,17.520000457763672,17.100000381469727,17.459999084472656,917,0.0,0.0
2018-10-05 00:00:00-04:00,16.625999450683594,17.34000015258789,16.6200008392334,17.214000701904297,617,0.0,0.0
2018-10-08 00:00:00-04:00,17.34000015258789,17.34000015258789,16.559999465942383,16.643999099731445,1817,0.0,0.0
2018-10-09 00:00:00-04:00,17.15999984741211,17.15999984741211,16.5,16.5,983,0.0,0.0
2018-10-10 00:00:00-04:00,16.860000610351562,16.950000762939453,14.699999809265137,16.200000762939453,4283,0.0,0.0
2018-10-11 00:00:00-04:00,15.899999618530273,16.260000228881836,15.534000396728516,15.899999618530273,1550,0.0,0.0
2018-10-12 00:00:00-04:00,16.33799934387207,16.33799934387207,15.899999618530273,15.977999687194824,100,0.0,0.0
2018-10-15 00:00:00-04:00,15.300000190734863,15.960000038146973,15.300000190734863,15.87600040435791,2200,0.0,0.0
2018-10-16 00:00:00-04:00,15.539999961853027,15.779999732971191,15.288000106811523,15.600000381469727,2683,0.0,0.0
2018-10-17 00:00:00-04:00,15.0,15.180000305175781,14.640000343322754,15.0,3950,0.0,0.0
2018-10-18 00:00:00-04:00,14.880000114440918,14.880000114440918,14.399999618530273,14.460000038146973,1950,0.0,0.0
2018-10-19 00:00:00-04:00,14.279999732971191,15.119999885559082,14.15999984741211,14.574000358581543,3017,0.0,0.0
2018-10-22 00:00:00-04:00,14.399999618530273,14.399999618530273,13.920000076293945,14.100000381469727,3517,0.0,0.0
2018-10-23 00:00:00-04:00,13.5,14.699999809265137,13.307999610900879,13.800000190734863,4650,0.0,0.0
2018-10-24 00:00:00-04:00,13.4399995803833,13.866000175476074,13.319999694824219,13.319999694824219,1667,0.0,0.0
2018-10-25 00:00:00-04:00,13.140000343322754,13.140000343322754,12.8100004196167,13.020000457763672,850,0.0,0.0
2018-10-26 00:00:00-04:00,12.720000267028809,12.911999702453613,12.720000267028809,12.911999702453613,200,0.0,0.0
2018-10-29 00:00:00-04:00,12.65999984741211,12.65999984741211,12.0600004196167,12.300000190734863,2617,0.0,0.0
2018-10-30 00:00:00-04:00,12.300000190734863,12.65999984741211,12.119999885559082,12.630000114440918,883,0.0,0.0
2018-10-31 00:00:00-04:00,12.300000190734863,12.84000015258789,12.239999771118164,12.720000267028809,833,0.0,0.0
2018-11-01 00:00:00-04:00,13.380000114440918,16.739999771118164,13.013999938964844,14.640000343322754,28117,0.0,0.0
2018-11-02 00:00:00-04:00,13.800000190734863,14.34000015258789,13.800000190734863,14.34000015258789,2100,0.0,0.0
2018-11-05 00:00:00-05:00,14.9399995803833,15.77400016784668,14.399999618530273,14.399999618530273,11267,0.0,0.0
2018-11-06 00:00:00-05:00,14.291999816894531,14.291999816894531,13.920000076293945,14.166000366210938,1583,0.0,0.0
2018-11-07 00:00:00-05:00,14.460000038146973,15.720000267028809,14.15999984741211,15.359999656677246,11650,0.0,0.0
2018-11-08 00:00:00-05:00,14.520000457763672,14.807999610900879,13.907999992370605,14.699999809265137,1067,0.0,0.0
2018-11-09 00:00:00-05:00,14.9399995803833,15.779999732971191,14.460000038146973,14.904000282287598,6400,0.0,0.0
2018-11-12 00:00:00-05:00,14.640000343322754,14.699999809265137,14.531999588012695,14.640000343322754,983,0.0,0.0
2018-11-13 00:00:00-05:00,14.460000038146973,14.460000038146973,14.279999732971191,14.460000038146973,733,0.0,0.0
2018-11-14 00:00:00-05:00,14.220000267028809,14.819999694824219,14.220000267028809,14.640000343322754,1433,0.0,0.0
2018-11-15 00:00:00-05:00,14.15999984741211,14.399999618530273,13.619999885559082,14.399999618530273,1133,0.0,0.0
2018-11-16 00:00:00-05:00,13.859999656677246,14.34000015258789,13.859999656677246,14.34000015258789,1550,0.0,0.0
2018-11-19 00:00:00-05:00,14.460000038146973,14.460000038146973,13.859999656677246,14.36400032043457,583,0.0,0.0
2018-11-20 00:00:00-05:00,14.244000434875488,14.819999694824219,13.079999923706055,14.100000381469727,7283,0.0,0.0
2018-11-21 00:00:00-05:00,13.5,14.369999885559082,13.5,14.100000381469727,5133,0.0,0.0
2018-11-23 00:00:00-05:00,14.100000381469727,14.100000381469727,14.100000381469727,14.100000381469727,50,0.0,0.0
2018-11-26 00:00:00-05:00,13.260000228881836,13.5600004196167,13.140000343322754,13.5,5433,0.0,0.0
2018-11-27 00:00:00-05:00,13.199999809265137,13.380000114440918,12.72599983215332,13.380000114440918,1983,0.0,0.0
2018-11-28 00:00:00-05:00,13.199999809265137,13.5,13.140000343322754,13.5,2433,0.0,0.0
2018-11-29 00:00:00-05:00,13.319999694824219,14.039999961853027,13.260000228881836,14.039999961853027,1383,0.0,0.0
2018-11-30 00:00:00-05:00,13.979999542236328,14.1899995803833,13.62600040435791,13.680000305175781,217,0.0,0.0
2018-12-03 00:00:00-05:00,13.920000076293945,15.479999542236328,13.920000076293945,15.0,18433,0.0,0.0
2018-12-04 00:00:00-05:00,14.472000122070312,14.472000122070312,14.093999862670898,14.15999984741211,883,0.0,0.0
2018-12-06 00:00:00-05:00,13.380000114440918,13.680000305175781,13.086000442504883,13.260000228881836,2150,0.0,0.0
2018-12-07 00:00:00-05:00,13.470000267028809,13.470000267028809,12.600000381469727,12.720000267028809,4117,0.0,0.0
2018-12-10 00:00:00-05:00,12.906000137329102,12.930000305175781,12.456000328063965,12.930000305175781,3350,0.0,0.0
2018-12-11 00:00:00-05:00,12.600000381469727,12.815999984741211,12.0,12.0600004196167,8117,0.0,0.0
2018-12-12 00:00:00-05:00,12.300000190734863,12.84000015258789,12.180000305175781,12.73799991607666,4767,0.0,0.0
2018-12-13 00:00:00-05:00,13.043999671936035,13.043999671936035,12.359999656677246,12.899999618530273,217,0.0,0.0
2018-12-14 00:00:00-05:00,12.911999702453613,12.911999702453613,12.180000305175781,12.755999565124512,1583,0.0,0.0
2018-12-17 00:00:00-05:00,13.260000228881836,13.800000190734863,12.779999732971191,12.779999732971191,10900,0.0,0.0
2018-12-18 00:00:00-05:00,12.600000381469727,12.899999618530273,12.119999885559082,12.65999984741211,2083,0.0,0.0
2018-12-19 00:00:00-05:00,12.642000198364258,12.642000198364258,12.0,12.510000228881836,633,0.0,0.0
2018-12-20 00:00:00-05:00,12.119999885559082,12.119999885559082,10.788000106811523,10.859999656677246,9917,0.0,0.0
2018-12-21 00:00:00-05:00,10.4399995803833,11.28600025177002,10.4399995803833,10.51200008392334,2250,0.0,0.0
2018-12-24 00:00:00-05:00,8.819999694824219,9.899999618530273,8.819999694824219,9.899999618530273,3883,0.0,0.0
2018-12-26 00:00:00-05:00,9.899999618530273,10.199999809265137,9.899999618530273,10.079999923706055,767,0.0,0.0
2018-12-27 00:00:00-05:00,9.119999885559082,9.479999542236328,8.819999694824219,8.970000267028809,4833,0.0,0.0
2018-12-28 00:00:00-05:00,9.300000190734863,10.020000457763672,9.0,9.923999786376953,8033,0.0,0.0
2018-12-31 00:00:00-05:00,9.420000076293945,10.020000457763672,9.300000190734863,9.954000473022461,4567,0.0,0.0
2019-01-02 00:00:00-05:00,9.960000038146973,10.079999923706055,9.65999984741211,9.960000038146973,683,0.0,0.0
2019-01-03 00:00:00-05:00,9.65999984741211,10.5,9.65999984741211,10.5,1683,0.0,0.0
2019-01-04 00:00:00-05:00,10.380000114440918,11.100000381469727,10.380000114440918,10.979999542236328,3500,0.0,0.0
2019-01-07 00:00:00-05:00,11.460000038146973,11.699999809265137,10.680000305175781,11.28600025177002,2350,0.0,0.0
2019-01-08 00:00:00-05:00,11.220000267028809,11.220000267028809,10.871999740600586,11.100000381469727,967,0.0,0.0
2019-01-09 00:00:00-05:00,10.859999656677246,11.399999618530273,10.619999885559082,11.34000015258789,1517,0.0,0.0
2019-01-10 00:00:00-05:00,10.680000305175781,11.010000228881836,10.680000305175781,11.010000228881836,1050,0.0,0.0
2019-01-11 00:00:00-05:00,10.739999771118164,10.800000190734863,10.680000305175781,10.739999771118164,700,0.0,0.0
2019-01-14 00:00:00-05:00,10.079999923706055,10.739999771118164,10.079999923706055,10.739999771118164,200,0.0,0.0
2019-01-15 00:00:00-05:00,10.380000114440918,10.680000305175781,10.206000328063965,10.5,1350,0.0,0.0
2019-01-16 00:00:00-05:00,10.739999771118164,10.739999771118164,10.416000366210938,10.5600004196167,100,0.0,0.0
2019-01-17 00:00:00-05:00,10.517999649047852,11.039999961853027,10.517999649047852,11.039999961853027,683,0.0,0.0
2019-01-18 00:00:00-05:00,10.739999771118164,11.022000312805176,10.48799991607666,11.022000312805176,1017,0.0,0.0
2019-01-22 00:00:00-05:00,11.22599983215332,11.22599983215332,11.22599983215332,11.22599983215332,433,0.0,0.0
2019-01-23 00:00:00-05:00,10.619999885559082,10.619999885559082,10.619999885559082,10.619999885559082,17,0.0,0.0
2019-01-24 00:00:00-05:00,10.4399995803833,10.685999870300293,10.260000228881836,10.685999870300293,533,0.0,0.0
2019-01-25 00:00:00-05:00,10.260000228881836,10.470000267028809,10.260000228881836,10.470000267028809,1467,0.0,0.0
2019-01-28 00:00:00-05:00,10.39799976348877,10.39799976348877,10.39799976348877,10.39799976348877,67,0.0,0.0
2019-01-29 00:00:00-05:00,10.260000228881836,10.319999694824219,10.079999923706055,10.223999977111816,417,0.0,0.0
2019-01-30 00:00:00-05:00,12.239999771118164,14.399999618530273,11.100000381469727,11.460000038146973,216600,0.0,0.0
2019-01-31 00:00:00-05:00,11.34000015258789,11.819999694824219,11.100000381469727,11.562000274658203,13383,0.0,0.0
2019-02-01 00:00:00-05:00,11.27400016784668,11.760000228881836,10.800000190734863,11.586000442504883,5317,0.0,0.0
2019-02-04 00:00:00-05:00,11.279999732971191,11.321999549865723,10.800000190734863,10.920000076293945,1750,0.0,0.0
2019-02-05 00:00:00-05:00,10.505999565124512,11.081999778747559,10.4399995803833,10.949999809265137,2483,0.0,0.0
2019-02-06 00:00:00-05:00,10.800000190734863,11.039999961853027,10.631999969482422,11.039999961853027,1033,0.0,0.0
2019-02-07 00:00:00-05:00,10.859999656677246,11.039999961853027,10.4399995803833,10.998000144958496,4483,0.0,0.0
2019-02-08 00:00:00-05:00,10.800000190734863,10.979999542236328,10.5,10.907999992370605,2117,0.0,0.0
2019-02-11 00:00:00-05:00,10.680000305175781,10.979999542236328,10.380000114440918,10.805999755859375,2083,0.0,0.0
2019-02-12 00:00:00-05:00,10.739999771118164,10.979999542236328,10.380000114440918,10.979999542236328,617,0.0,0.0
2019-02-13 00:00:00-05:00,10.739999771118164,10.739999771118164,10.5,10.5600004196167,417,0.0,0.0
2019-02-14 00:00:00-05:00,10.4399995803833,10.859999656677246,10.4399995803833,10.805999755859375,1517,0.0,0.0
2019-02-15 00:00:00-05:00,10.619999885559082,10.619999885559082,9.779999732971191,10.392000198364258,3667,0.0,0.0
2019-02-19 00:00:00-05:00,10.199999809265137,10.913999557495117,10.199999809265137,10.800000190734863,2450,0.0,0.0
2019-02-20 00:00:00-05:00,10.800000190734863,11.526000022888184,10.619999885559082,11.23799991607666,800,0.0,0.0
2019-02-21 00:00:00-05:00,10.920000076293945,11.34000015258789,10.920000076293945,11.34000015258789,250,0.0,0.0
2019-02-22 00:00:00-05:00,10.781999588012695,11.166000366210938,10.781999588012695,11.093999862670898,783,0.0,0.0
2019-02-25 00:00:00-05:00,11.460000038146973,11.460000038146973,10.5,10.925999641418457,7500,0.0,0.0
2019-02-26 00:00:00-05:00,10.5600004196167,10.739999771118164,10.5600004196167,10.619999885559082,550,0.0,0.0
2019-02-27 00:00:00-05:00,10.619999885559082,10.805999755859375,10.619999885559082,10.619999885559082,933,0.0,0.0
2019-02-28 00:00:00-05:00,10.5,10.5,9.539999961853027,9.720000267028809,3083,0.0,0.0
2019-03-01 00:00:00-05:00,10.020000457763672,10.739999771118164,9.977999687194824,10.649999618530273,2450,0.0,0.0
2019-03-04 00:00:00-05:00,11.34000015258789,11.699999809265137,11.100000381469727,11.220000267028809,8567,0.0,0.0
2019-03-05 00:00:00-05:00,11.279999732971191,11.279999732971191,10.800000190734863,10.920000076293945,900,0.0,0.0
2019-03-06 00:00:00-05:00,11.105999946594238,11.699999809265137,11.105999946594238,11.592000007629395,783,0.0,0.0
2019-03-07 00:00:00-05:00,11.579999923706055,11.640000343322754,11.279999732971191,11.34000015258789,933,0.0,0.0
2019-03-08 00:00:00-05:00,11.399999618530273,11.699999809265137,11.399999618530273,11.579999923706055,783,0.0,0.0
2019-03-11 00:00:00-04:00,11.760000228881836,12.119999885559082,11.520000457763672,12.0,6717,0.0,0.0
2019-03-12 00:00:00-04:00,11.760000228881836,12.0,11.399999618530273,11.880000114440918,1917,0.0,0.0
2019-03-13 00:00:00-04:00,11.520000457763672,12.0,11.34000015258789,11.819999694824219,4917,0.0,0.0
2019-03-14 00:00:00-04:00,12.600000381469727,12.600000381469727,10.920000076293945,11.760000228881836,35750,0.0,0.0
2019-03-15 00:00:00-04:00,9.600000381469727,10.199999809265137,9.0,9.84000015258789,89300,0.0,0.0
2019-03-18 00:00:00-04:00,9.600000381469727,9.65999984741211,9.0,9.600000381469727,52233,0.0,0.0
2019-03-19 00:00:00-04:00,9.479999542236328,9.479999542236328,8.826000213623047,8.9399995803833,20283,0.0,0.0
2019-03-20 00:00:00-04:00,9.0,9.0,8.760000228881836,8.819999694824219,8100,0.0,0.0
2019-03-21 00:00:00-04:00,8.819999694824219,9.293999671936035,8.760000228881836,9.0,1717,0.0,0.0
2019-03-22 00:00:00-04:00,8.880000114440918,9.0600004196167,8.819999694824219,8.9399995803833,717,0.0,0.0
2019-03-25 00:00:00-04:00,8.640000343322754,8.640000343322754,7.5,7.739999771118164,28050,0.0,0.0
2019-03-26 00:00:00-04:00,8.039999961853027,8.039999961853027,7.860000133514404,7.980000019073486,8983,0.0,0.0
2019-03-27 00:00:00-04:00,7.949999809265137,7.973999977111816,7.800000190734863,7.860000133514404,3100,0.0,0.0
2019-03-28 00:00:00-04:00,7.920000076293945,7.920000076293945,7.739999771118164,7.739999771118164,283,0.0,0.0
2019-03-29 00:00:00-04:00,7.860000133514404,8.220000267028809,7.860000133514404,8.100000381469727,3750,0.0,0.0
2019-04-01 00:00:00-04:00,8.460000038146973,8.520000457763672,7.980000019073486,8.399999618530273,31033,0.0,0.0
2019-04-02 00:00:00-04:00,8.34000015258789,8.34000015258789,7.9019999504089355,7.920000076293945,1933,0.0,0.0
2019-04-03 00:00:00-04:00,7.860000133514404,7.920000076293945,7.5,7.559999942779541,11333,0.0,0.0
2019-04-04 00:00:00-04:00,7.656000137329102,7.679999828338623,7.656000137329102,7.679999828338623,200,0.0,0.0
2019-04-05 00:00:00-04:00,7.679999828338623,7.800000190734863,7.679999828338623,7.739999771118164,1550,0.0,0.0
2019-04-08 00:00:00-04:00,7.800000190734863,8.118000030517578,7.800000190734863,8.100000381469727,5717,0.0,0.0
2019-04-09 00:00:00-04:00,8.15999984741211,8.34000015258789,8.034000396728516,8.34000015258789,2150,0.0,0.0
2019-04-10 00:00:00-04:00,8.255999565124512,8.279999732971191,8.039999961853027,8.100000381469727,2667,0.0,0.0
2019-04-11 00:00:00-04:00,8.100000381469727,8.100000381469727,7.691999912261963,7.800000190734863,5083,0.0,0.0
2019-04-12 00:00:00-04:00,7.895999908447266,7.895999908447266,7.7220001220703125,7.739999771118164,1300,0.0,0.0
2019-04-15 00:00:00-04:00,7.800000190734863,7.800000190734863,7.5,7.5,6933,0.0,0.0
2019-04-16 00:00:00-04:00,7.697999954223633,7.739999771118164,7.6020002365112305,7.679999828338623,417,0.0,0.0
2019-04-17 00:00:00-04:00,7.800000190734863,8.100000381469727,7.679999828338623,7.860000133514404,48050,0.0,0.0
2019-04-18 00:00:00-04:00,7.860000133514404,7.860000133514404,7.5,7.559999942779541,3983,0.0,0.0
2019-04-22 00:00:00-04:00,7.619999885559082,7.980000019073486,7.5,7.920000076293945,3733,0.0,0.0
2019-04-23 00:00:00-04:00,7.980000019073486,8.100000381469727,7.625999927520752,8.100000381469727,6217,0.0,0.0
2019-04-24 00:00:00-04:00,8.100000381469727,8.100000381469727,7.7820000648498535,7.955999851226807,1367,0.0,0.0
2019-04-25 00:00:00-04:00,7.961999893188477,7.980000019073486,7.860000133514404,7.980000019073486,1367,0.0,0.0
2019-04-26 00:00:00-04:00,7.980000019073486,7.980000019073486,7.860000133514404,7.883999824523926,833,0.0,0.0
2019-04-29 00:00:00-04:00,7.980000019073486,7.980000019073486,7.739999771118164,7.829999923706055,683,0.0,0.0
2019-04-30 00:00:00-04:00,7.800000190734863,7.800000190734863,7.7220001220703125,7.7220001220703125,617,0.0,0.0
2019-05-01 00:00:00-04:00,7.619999885559082,7.703999996185303,7.5,7.559999942779541,2467,0.0,0.0
2019-05-02 00:00:00-04:00,7.590000152587891,7.679999828338623,7.578000068664551,7.578000068664551,2700,0.0,0.0
2019-05-03 00:00:00-04:00,7.5,7.619999885559082,7.079999923706055,7.5,9500,0.0,0.0
2019-05-06 00:00:00-04:00,7.320000171661377,7.49399995803833,7.199999809265137,7.49399995803833,2183,0.0,0.0
2019-05-07 00:00:00-04:00,7.559999942779541,7.559999942779541,7.320000171661377,7.320000171661377,2050,0.0,0.0
2019-05-08 00:00:00-04:00,7.199999809265137,7.320000171661377,7.079999923706055,7.205999851226807,1317,0.0,0.0
2019-05-09 00:00:00-04:00,7.260000228881836,7.5,7.199999809265137,7.380000114440918,4317,0.0,0.0
2019-05-10 00:00:00-04:00,7.260000228881836,7.440000057220459,7.1579999923706055,7.320000171661377,1183,0.0,0.0
2019-05-13 00:00:00-04:00,7.199999809265137,7.199999809265137,6.78000020980835,6.900000095367432,4517,0.0,0.0
2019-05-14 00:00:00-04:00,6.960000038146973,7.973999977111816,6.78000020980835,7.079999923706055,69350,0.0,0.0
2019-05-15 00:00:00-04:00,6.78000020980835,6.8520002365112305,6.300000190734863,6.71999979019165,17850,0.0,0.0
2019-05-16 00:00:00-04:00,6.480000019073486,6.480000019073486,5.039999961853027,5.4120001792907715,53883,0.0,0.0
2019-05-17 00:00:00-04:00,5.639999866485596,5.880000114440918,5.519999980926514,5.880000114440918,9933,0.0,0.0
2019-05-20 00:00:00-04:00,5.909999847412109,5.909999847412109,5.579999923706055,5.5920000076293945,1000,0.0,0.0
2019-05-21 00:00:00-04:00,5.567999839782715,5.880000114440918,5.567999839782715,5.849999904632568,1300,0.0,0.0
2019-05-22 00:00:00-04:00,5.940000057220459,6.300000190734863,5.940000057220459,6.138000011444092,5583,0.0,0.0
2019-05-23 00:00:00-04:00,6.059999942779541,6.059999942779541,5.760000228881836,5.940000057220459,2117,0.0,0.0
2019-05-24 00:00:00-04:00,5.940000057220459,6.059999942779541,5.880000114440918,5.946000099182129,583,0.0,0.0
2019-05-28 00:00:00-04:00,5.23199987411499,5.814000129699707,5.23199987411499,5.760000228881836,2367,0.0,0.0
2019-05-29 00:00:00-04:00,5.28000020980835,5.639999866485596,5.28000020980835,5.573999881744385,583,0.0,0.0
2019-05-30 00:00:00-04:00,5.28000020980835,5.760000228881836,5.24399995803833,5.460000038146973,3067,0.0,0.0
2019-05-31 00:00:00-04:00,5.24399995803833,5.639999866485596,5.24399995803833,5.639999866485596,817,0.0,0.0
2019-06-03 00:00:00-04:00,5.639999866485596,5.639999866485596,5.639999866485596,5.639999866485596,133,0.0,0.0
2019-06-04 00:00:00-04:00,5.645999908447266,5.645999908447266,5.610000133514404,5.610000133514404,1917,0.0,0.0
2019-06-05 00:00:00-04:00,5.699999809265137,5.699999809265137,5.28000020980835,5.460000038146973,1417,0.0,0.0
2019-06-06 00:00:00-04:00,5.28000020980835,5.435999870300293,5.28000020980835,5.435999870300293,400,0.0,0.0
2019-06-07 00:00:00-04:00,5.28000020980835,5.460000038146973,5.28000020980835,5.357999801635742,2400,0.0,0.0
2019-06-10 00:00:00-04:00,5.3520002365112305,5.357999801635742,5.159999847412109,5.23199987411499,9467,0.0,0.0
2019-06-11 00:00:00-04:00,5.159999847412109,5.400000095367432,5.159999847412109,5.388000011444092,1783,0.0,0.0
2019-06-12 00:00:00-04:00,5.058000087738037,5.165999889373779,4.860000133514404,4.860000133514404,333,0.0,0.0
2019-06-13 00:00:00-04:00,5.105999946594238,5.105999946594238,4.9019999504089355,4.920000076293945,1667,0.0,0.0
2019-06-14 00:00:00-04:00,4.920000076293945,4.920000076293945,4.182000160217285,4.860000133514404,7650,0.0,0.0
2019-06-17 00:00:00-04:00,5.099999904632568,5.099999904632568,4.644000053405762,5.099999904632568,3233,0.0,0.0
2019-06-18 00:00:00-04:00,5.711999893188477,5.940000057220459,5.340000152587891,5.639999866485596,30517,0.0,0.0
2019-06-19 00:00:00-04:00,8.699999809265137,9.239999771118164,7.5,7.920000076293945,289583,0.0,0.0
2019-06-20 00:00:00-04:00,8.039999961853027,8.100000381469727,7.260000228881836,8.100000381469727,40633,0.0,0.0
2019-06-21 00:00:00-04:00,8.819999694824219,8.819999694824219,7.559999942779541,7.679999828338623,5133,0.0,0.0
2019-06-24 00:00:00-04:00,7.440000057220459,7.5,6.360000133514404,6.75,14600,0.0,0.0
2019-06-25 00:00:00-04:00,7.019999980926514,7.019999980926514,6.420000076293945,6.75,4833,0.0,0.0
2019-06-26 00:00:00-04:00,6.539999961853027,7.127999782562256,6.539999961853027,6.960000038146973,3283,0.0,0.0
2019-06-27 00:00:00-04:00,7.139999866485596,9.479999542236328,7.019999980926514,8.34000015258789,50633,0.0,0.0
2019-06-28 00:00:00-04:00,9.539999961853027,17.639999389648438,9.300000190734863,10.5600004196167,3447467,0.0,0.0
2019-07-01 00:00:00-04:00,11.9399995803833,13.4399995803833,10.920000076293945,11.819999694824219,389250,0.0,0.0
2019-07-02 00:00:00-04:00,10.920000076293945,11.460000038146973,10.5600004196167,11.399999618530273,62783,0.0,0.0
2019-07-03 00:00:00-04:00,11.819999694824219,11.819999694824219,10.979999542236328,11.279999732971191,23233,0.0,0.0
2019-07-05 00:00:00-04:00,11.220000267028809,11.819999694824219,10.619999885559082,10.920000076293945,28883,0.0,0.0
2019-07-08 00:00:00-04:00,11.220000267028809,12.479999542236328,11.100000381469727,11.279999732971191,86550,0.0,0.0
2019-07-09 00:00:00-04:00,11.699999809265137,11.9399995803833,11.100000381469727,11.220000267028809,16417,0.0,0.0
2019-07-10 00:00:00-04:00,11.220000267028809,11.399999618530273,10.800000190734863,11.15999984741211,23100,0.0,0.0
2019-07-11 00:00:00-04:00,12.899999618530273,13.800000190734863,11.819999694824219,11.880000114440918,482650,0.0,0.0
2019-07-12 00:00:00-04:00,11.460000038146973,12.479999542236328,11.399999618530273,12.180000305175781,57767,0.0,0.0
2019-07-15 00:00:00-04:00,12.479999542236328,12.65999984741211,12.0,12.0,22483,0.0,0.0
2019-07-16 00:00:00-04:00,11.880000114440918,11.92199993133545,11.279999732971191,11.699999809265137,12683,0.0,0.0
2019-07-17 00:00:00-04:00,11.520000457763672,11.579999923706055,10.800000190734863,10.800000190734863,29067,0.0,0.0
2019-07-18 00:00:00-04:00,10.680000305175781,10.727999687194824,9.779999732971191,10.4399995803833,26417,0.0,0.0
2019-07-19 00:00:00-04:00,11.399999618530273,12.0,10.5,10.859999656677246,11983,0.0,0.0
2019-07-22 00:00:00-04:00,11.220000267028809,11.220000267028809,9.960000038146973,10.5600004196167,12067,0.0,0.0
2019-07-23 00:00:00-04:00,10.260000228881836,10.619999885559082,10.133999824523926,10.380000114440918,13017,0.0,0.0
2019-07-24 00:00:00-04:00,10.680000305175781,11.100000381469727,10.680000305175781,11.100000381469727,19617,0.0,0.0
2019-07-25 00:00:00-04:00,11.100000381469727,11.9399995803833,10.5,11.460000038146973,84233,0.0,0.0
2019-07-26 00:00:00-04:00,11.520000457763672,11.670000076293945,10.920000076293945,10.920000076293945,19800,0.0,0.0
2019-07-29 00:00:00-04:00,10.829999923706055,10.961999893188477,10.284000396728516,10.920000076293945,11483,0.0,0.0
2019-07-30 00:00:00-04:00,10.680000305175781,10.739999771118164,10.380000114440918,10.619999885559082,9717,0.0,0.0
2019-07-31 00:00:00-04:00,10.5600004196167,11.100000381469727,10.4399995803833,10.680000305175781,15933,0.0,0.0
2019-08-01 00:00:00-04:00,10.619999885559082,10.619999885559082,9.545999526977539,10.319999694824219,19883,0.0,0.0
2019-08-02 00:00:00-04:00,10.319999694824219,10.494000434875488,9.899999618530273,10.4399995803833,5950,0.0,0.0
2019-08-05 00:00:00-04:00,10.020000457763672,10.140000343322754,9.65999984741211,10.079999923706055,6550,0.0,0.0
2019-08-06 00:00:00-04:00,9.899999618530273,10.020000457763672,9.569999694824219,9.779999732971191,8000,0.0,0.0
2019-08-07 00:00:00-04:00,10.020000457763672,10.199999809265137,9.899999618530273,10.199999809265137,3850,0.0,0.0
2019-08-08 00:00:00-04:00,10.140000343322754,10.163999557495117,9.899999618530273,10.020000457763672,967,0.0,0.0
2019-08-09 00:00:00-04:00,10.079999923706055,10.380000114440918,9.779999732971191,10.199999809265137,1917,0.0,0.0
2019-08-12 00:00:00-04:00,10.5,10.5600004196167,9.6899995803833,10.109999656677246,7433,0.0,0.0
2019-08-13 00:00:00-04:00,9.779999732971191,9.899999618530273,9.288000106811523,9.84000015258789,13683,0.0,0.0
2019-08-14 00:00:00-04:00,9.180000305175781,9.359999656677246,8.579999923706055,9.180000305175781,19617,0.0,0.0
2019-08-15 00:00:00-04:00,8.640000343322754,8.699999809265137,7.920000076293945,8.399999618530273,15567,0.0,0.0
2019-08-16 00:00:00-04:00,8.460000038146973,8.819999694824219,8.460000038146973,8.520000457763672,2200,0.0,0.0
2019-08-19 00:00:00-04:00,8.760000228881836,9.137999534606934,7.920000076293945,7.920000076293945,3583,0.0,0.0
2019-08-20 00:00:00-04:00,8.520000457763672,10.319999694824219,8.220000267028809,9.300000190734863,32667,0.0,0.0
2019-08-21 00:00:00-04:00,9.720000267028809,10.199999809265137,9.420000076293945,10.199999809265137,10733,0.0,0.0
2019-08-22 00:00:00-04:00,9.600000381469727,10.140000343322754,9.300000190734863,10.020000457763672,6133,0.0,0.0
2019-08-23 00:00:00-04:00,9.479999542236328,9.779999732971191,9.161999702453613,9.239999771118164,2900,0.0,0.0
2019-08-26 00:00:00-04:00,9.180000305175781,9.359999656677246,8.880000114440918,9.0600004196167,6200,0.0,0.0
2019-08-27 00:00:00-04:00,9.119999885559082,9.312000274658203,8.838000297546387,8.9399995803833,1717,0.0,0.0
2019-08-28 00:00:00-04:00,8.819999694824219,9.239999771118164,8.699999809265137,8.880000114440918,1583,0.0,0.0
2019-08-29 00:00:00-04:00,8.9399995803833,9.0600004196167,8.520000457763672,8.520000457763672,1017,0.0,0.0
2019-08-30 00:00:00-04:00,8.760000228881836,9.0,8.736000061035156,8.838000297546387,1433,0.0,0.0
2019-09-03 00:00:00-04:00,8.838000297546387,8.838000297546387,8.501999855041504,8.699999809265137,900,0.0,0.0
2019-09-04 00:00:00-04:00,9.0,9.0,8.579999923706055,8.760000228881836,3117,0.0,0.0
2019-09-05 00:00:00-04:00,8.880000114440918,9.180000305175781,8.399999618530273,8.399999618530273,4133,0.0,0.0
2019-09-06 00:00:00-04:00,8.579999923706055,9.0,8.579999923706055,8.718000411987305,2267,0.0,0.0
2019-09-09 00:00:00-04:00,8.520000457763672,8.880000114440918,8.399999618530273,8.399999618530273,1000,0.0,0.0
2019-09-10 00:00:00-04:00,8.741999626159668,8.760000228881836,8.609999656677246,8.609999656677246,333,0.0,0.0
2019-09-11 00:00:00-04:00,8.699999809265137,9.119999885559082,8.460000038146973,8.460000038146973,3967,0.0,0.0
2019-09-12 00:00:00-04:00,8.760000228881836,9.0,8.616000175476074,9.0,2317,0.0,0.0
2019-09-13 00:00:00-04:00,9.600000381469727,10.920000076293945,8.9399995803833,8.9399995803833,137567,0.0,0.0
2019-09-16 00:00:00-04:00,9.0,10.199999809265137,8.699999809265137,10.140000343322754,30767,0.0,0.0
2019-09-17 00:00:00-04:00,9.960000038146973,10.140000343322754,9.479999542236328,9.600000381469727,10817,0.0,0.0
2019-09-18 00:00:00-04:00,9.600000381469727,9.84000015258789,9.420000076293945,9.678000450134277,1817,0.0,0.0
2019-09-19 00:00:00-04:00,9.720000267028809,9.720000267028809,9.300000190734863,9.300000190734863,11650,0.0,0.0
2019-09-20 00:00:00-04:00,9.300000190734863,9.779999732971191,8.802000045776367,9.0,9900,0.0,0.0
2019-09-23 00:00:00-04:00,9.0600004196167,9.300000190734863,8.850000381469727,9.119999885559082,6883,0.0,0.0
2019-09-24 00:00:00-04:00,9.119999885559082,9.173999786376953,8.508000373840332,9.0,10617,0.0,0.0
2019-09-25 00:00:00-04:00,8.819999694824219,8.9399995803833,8.520000457763672,8.640000343322754,3567,0.0,0.0
2019-09-26 00:00:00-04:00,8.760000228881836,8.9399995803833,7.326000213623047,7.920000076293945,13167,0.0,0.0
2019-09-27 00:00:00-04:00,8.520000457763672,8.760000228881836,8.039999961853027,8.220000267028809,6717,0.0,0.0
2019-09-30 00:00:00-04:00,8.34000015258789,8.520000457763672,8.279999732971191,8.279999732971191,3967,0.0,0.0
2019-10-01 00:00:00-04:00,8.699999809265137,8.699999809265137,8.34000015258789,8.399999618530273,2350,0.0,0.0
2019-10-02 00:00:00-04:00,8.520000457763672,8.579999923706055,8.279999732971191,8.520000457763672,2283,0.0,0.0
2019-10-03 00:00:00-04:00,8.460000038146973,8.699999809265137,8.34000015258789,8.699999809265137,800,0.0,0.0
2019-10-04 00:00:00-04:00,8.819999694824219,8.880000114440918,8.447999954223633,8.574000358581543,1250,0.0,0.0
2019-10-07 00:00:00-04:00,8.460000038146973,8.460000038146973,8.15999984741211,8.15999984741211,217,0.0,0.0
2019-10-08 00:00:00-04:00,8.279999732971191,8.579999923706055,8.279999732971191,8.579999923706055,3750,0.0,0.0
2019-10-09 00:00:00-04:00,8.640000343322754,8.640000343322754,8.399999618530273,8.520000457763672,417,0.0,0.0
2019-10-10 00:00:00-04:00,8.460000038146973,8.520000457763672,8.315999984741211,8.460000038146973,2350,0.0,0.0
2019-10-11 00:00:00-04:00,8.574000358581543,8.640000343322754,8.220000267028809,8.220000267028809,1750,0.0,0.0
2019-10-14 00:00:00-04:00,8.399999618530273,8.399999618530273,8.15999984741211,8.220000267028809,1450,0.0,0.0
2019-10-15 00:00:00-04:00,8.520000457763672,8.520000457763672,8.399999618530273,8.520000457763672,783,0.0,0.0
2019-10-16 00:00:00-04:00,8.760000228881836,9.0,8.520000457763672,8.789999961853027,7150,0.0,0.0
2019-10-17 00:00:00-04:00,8.520000457763672,8.9399995803833,8.520000457763672,8.543999671936035,333,0.0,0.0
2019-10-18 00:00:00-04:00,8.640000343322754,8.640000343322754,8.399999618530273,8.399999618530273,1867,0.0,0.0
2019-10-21 00:00:00-04:00,8.579999923706055,8.579999923706055,8.399999618530273,8.484000205993652,233,0.0,0.0
2019-10-22 00:00:00-04:00,8.484000205993652,8.484000205993652,8.484000205993652,8.484000205993652,33,0.0,0.0
2019-10-23 00:00:00-04:00,8.574000358581543,8.574000358581543,8.399999618530273,8.454000473022461,683,0.0,0.0
2019-10-24 00:00:00-04:00,8.633999824523926,8.640000343322754,8.399999618530273,8.399999618530273,1217,0.0,0.0
2019-10-25 00:00:00-04:00,8.399999618530273,8.9399995803833,8.267999649047852,8.880000114440918,4183,0.0,0.0
2019-10-28 00:00:00-04:00,9.0,9.0,8.430000305175781,8.579999923706055,2467,0.0,0.0
2019-10-29 00:00:00-04:00,8.699999809265137,8.699999809265137,8.34000015258789,8.34000015258789,2450,0.0,0.0
2019-10-30 00:00:00-04:00,8.399999618530273,8.520000457763672,8.34000015258789,8.520000457763672,800,0.0,0.0
2019-10-31 00:00:00-04:00,8.279999732971191,8.34000015258789,8.100000381469727,8.279999732971191,2067,0.0,0.0
2019-11-01 00:00:00-04:00,8.220000267028809,8.220000267028809,7.998000144958496,8.220000267028809,1217,0.0,0.0
2019-11-04 00:00:00-05:00,8.220000267028809,8.460000038146973,7.961999893188477,7.980000019073486,2567,0.0,0.0
2019-11-05 00:00:00-05:00,8.279999732971191,8.279999732971191,8.100000381469727,8.15999984741211,1683,0.0,0.0
2019-11-06 00:00:00-05:00,8.220000267028809,8.220000267028809,7.860000133514404,7.920000076293945,3783,0.0,0.0
2019-11-07 00:00:00-05:00,8.039999961853027,8.039999961853027,7.800000190734863,7.800000190734863,1733,0.0,0.0
2019-11-08 00:00:00-05:00,8.100000381469727,8.100000381469727,8.034000396728516,8.034000396728516,267,0.0,0.0
2019-11-11 00:00:00-05:00,7.860000133514404,7.860000133514404,7.739999771118164,7.769999980926514,667,0.0,0.0
2019-11-12 00:00:00-05:00,8.039999961853027,8.039999961853027,7.920000076293945,7.938000202178955,567,0.0,0.0
2019-11-13 00:00:00-05:00,7.800000190734863,7.800000190734863,6.960000038146973,7.019999980926514,11800,0.0,0.0
2019-11-14 00:00:00-05:00,7.320000171661377,7.446000099182129,7.079999923706055,7.139999866485596,3417,0.0,0.0
2019-11-15 00:00:00-05:00,7.320000171661377,7.380000114440918,6.71999979019165,7.019999980926514,3917,0.0,0.0
2019-11-18 00:00:00-05:00,6.960000038146973,7.116000175476074,6.900000095367432,6.960000038146973,2500,0.0,0.0
2019-11-19 00:00:00-05:00,6.900000095367432,6.900000095367432,6.75,6.828000068664551,883,0.0,0.0
2019-11-20 00:00:00-05:00,6.960000038146973,6.960000038146973,6.179999828338623,6.5279998779296875,4467,0.0,0.0
2019-11-21 00:00:00-05:00,6.539999961853027,6.797999858856201,6.179999828338623,6.420000076293945,4933,0.0,0.0
2019-11-22 00:00:00-05:00,6.449999809265137,6.552000045776367,6.449999809265137,6.539999961853027,1267,0.0,0.0
2019-11-25 00:00:00-05:00,6.840000152587891,7.019999980926514,6.480000019073486,6.840000152587891,5567,0.0,0.0
2019-11-26 00:00:00-05:00,6.78000020980835,6.900000095367432,6.78000020980835,6.869999885559082,1483,0.0,0.0
2019-11-27 00:00:00-05:00,6.918000221252441,6.918000221252441,6.539999961853027,6.599999904632568,5767,0.0,0.0
2019-11-29 00:00:00-05:00,6.599999904632568,6.599999904632568,6.539999961853027,6.599999904632568,4567,0.0,0.0
2019-12-02 00:00:00-05:00,6.840000152587891,6.840000152587891,6.3480000495910645,6.599999904632568,2750,0.0,0.0
2019-12-03 00:00:00-05:00,6.539999961853027,6.75600004196167,6.377999782562256,6.599999904632568,6000,0.0,0.0
2019-12-04 00:00:00-05:00,6.558000087738037,6.659999847412109,6.461999893188477,6.659999847412109,2133,0.0,0.0
2019-12-05 00:00:00-05:00,6.360000133514404,7.619999885559082,6.360000133514404,7.223999977111816,4850,0.0,0.0
2019-12-06 00:00:00-05:00,6.300000190734863,7.139999866485596,6.300000190734863,6.659999847412109,2217,0.0,0.0
2019-12-09 00:00:00-05:00,6.300000190734863,6.420000076293945,6.059999942779541,6.179999828338623,7883,0.0,0.0
2019-12-10 00:00:00-05:00,6.539999961853027,6.599999904632568,6.059999942779541,6.599999904632568,3817,0.0,0.0
2019-12-11 00:00:00-05:00,6.558000087738037,6.840000152587891,6.449999809265137,6.599999904632568,5083,0.0,0.0
2019-12-12 00:00:00-05:00,6.71999979019165,6.71999979019165,6.546000003814697,6.599999904632568,1117,0.0,0.0
2019-12-13 00:00:00-05:00,6.492000102996826,6.492000102996826,6.420000076293945,6.438000202178955,650,0.0,0.0
2019-12-16 00:00:00-05:00,6.521999835968018,6.71999979019165,6.521999835968018,6.671999931335449,2600,0.0,0.0
2019-12-17 00:00:00-05:00,6.599999904632568,6.605999946594238,6.420000076293945,6.539999961853027,1750,0.0,0.0
2019-12-18 00:00:00-05:00,6.599999904632568,6.77400016784668,6.599999904632568,6.659999847412109,1333,0.0,0.0
2019-12-19 00:00:00-05:00,6.360000133514404,6.71999979019165,6.360000133514404,6.71999979019165,1317,0.0,0.0
2019-12-20 00:00:00-05:00,6.599999904632568,6.611999988555908,6.059999942779541,6.504000186920166,1967,0.0,0.0
2019-12-23 00:00:00-05:00,6.480000019073486,6.690000057220459,6.300000190734863,6.539999961853027,12633,0.0,0.0
2019-12-24 00:00:00-05:00,6.360000133514404,6.420000076293945,6.197999954223633,6.360000133514404,1033,0.0,0.0
2019-12-26 00:00:00-05:00,6.119999885559082,6.389999866485596,6.119999885559082,6.329999923706055,5783,0.0,0.0
2019-12-27 00:00:00-05:00,6.179999828338623,6.420000076293945,6.119999885559082,6.300000190734863,5400,0.0,0.0
2019-12-30 00:00:00-05:00,6.119999885559082,6.119999885559082,5.880000114440918,6.0,4833,0.0,0.0
2019-12-31 00:00:00-05:00,6.300000190734863,6.300000190734863,5.771999835968018,6.239999771118164,18033,0.0,0.0
2020-01-02 00:00:00-05:00,6.599999904632568,7.5,6.599999904632568,7.199999809265137,11850,0.0,0.0
2020-01-03 00:00:00-05:00,7.260000228881836,7.260000228881836,6.863999843597412,7.079999923706055,3517,0.0,0.0
2020-01-06 00:00:00-05:00,7.199999809265137,7.199999809265137,6.960000038146973,6.960000038146973,1517,0.0,0.0
2020-01-07 00:00:00-05:00,6.960000038146973,6.960000038146973,6.71999979019165,6.71999979019165,433,0.0,0.0
2020-01-08 00:00:00-05:00,6.599999904632568,7.409999847412109,6.599999904632568,7.320000171661377,5533,0.0,0.0
2020-01-09 00:00:00-05:00,7.380000114440918,7.5,7.320000171661377,7.415999889373779,1667,0.0,0.0
2020-01-10 00:00:00-05:00,7.559999942779541,7.559999942779541,7.320000171661377,7.440000057220459,7433,0.0,0.0
2020-01-13 00:00:00-05:00,6.900000095367432,7.019999980926514,6.659999847412109,6.984000205993652,5817,0.0,0.0
2020-01-14 00:00:00-05:00,6.960000038146973,7.110000133514404,6.960000038146973,7.038000106811523,5800,0.0,0.0
2020-01-15 00:00:00-05:00,7.079999923706055,7.079999923706055,6.659999847412109,6.900000095367432,4033,0.0,0.0
2020-01-16 00:00:00-05:00,6.888000011444092,7.001999855041504,6.76200008392334,6.900000095367432,600,0.0,0.0
2020-01-17 00:00:00-05:00,6.78000020980835,6.785999774932861,6.599999904632568,6.659999847412109,2150,0.0,0.0
2020-01-21 00:00:00-05:00,7.199999809265137,7.199999809265137,6.696000099182129,6.894000053405762,8100,0.0,0.0
2020-01-22 00:00:00-05:00,7.199999809265137,7.199999809265137,6.900000095367432,6.960000038146973,967,0.0,0.0
2020-01-23 00:00:00-05:00,7.079999923706055,7.079999923706055,6.900000095367432,6.953999996185303,1300,0.0,0.0
2020-01-24 00:00:00-05:00,6.995999813079834,7.019999980926514,6.929999828338623,6.960000038146973,2100,0.0,0.0
2020-01-27 00:00:00-05:00,6.960000038146973,6.960000038146973,6.570000171661377,6.659999847412109,1300,0.0,0.0
2020-01-28 00:00:00-05:00,6.71999979019165,6.857999801635742,6.690000057220459,6.690000057220459,350,0.0,0.0
2020-01-29 00:00:00-05:00,7.050000190734863,7.079999923706055,6.900000095367432,6.960000038146973,2983,0.0,0.0
2020-01-30 00:00:00-05:00,7.199999809265137,7.619999885559082,6.300000190734863,6.840000152587891,28417,0.0,0.0
2020-01-31 00:00:00-05:00,7.079999923706055,7.193999767303467,7.079999923706055,7.139999866485596,5050,0.0,0.0
2020-02-03 00:00:00-05:00,7.019999980926514,7.019999980926514,6.539999961853027,6.74399995803833,5383,0.0,0.0
2020-02-04 00:00:00-05:00,6.840000152587891,6.840000152587891,6.539999961853027,6.659999847412109,4867,0.0,0.0
2020-02-05 00:00:00-05:00,6.840000152587891,7.5,6.71999979019165,7.1579999923706055,4817,0.0,0.0
2020-02-06 00:00:00-05:00,7.139999866485596,7.199999809265137,6.78000020980835,6.8520002365112305,2283,0.0,0.0
2020-02-07 00:00:00-05:00,6.480000019073486,6.78000020980835,6.480000019073486,6.581999778747559,3233,0.0,0.0
2020-02-10 00:00:00-05:00,6.480000019073486,6.480000019073486,6.300000190734863,6.420000076293945,5017,0.0,0.0
2020-02-11 00:00:00-05:00,6.300000190734863,6.360000133514404,6.179999828338623,6.300000190734863,3183,0.0,0.0
2020-02-12 00:00:00-05:00,6.294000148773193,6.294000148773193,6.0,6.2220001220703125,4683,0.0,0.0
2020-02-13 00:00:00-05:00,5.96999979019165,6.119999885559082,5.915999889373779,6.119999885559082,2950,0.0,0.0
2020-02-14 00:00:00-05:00,6.0,6.515999794006348,5.940000057220459,6.377999782562256,4717,0.0,0.0
2020-02-18 00:00:00-05:00,6.420000076293945,7.380000114440918,6.119999885559082,6.300000190734863,110000,0.0,0.0
2020-02-19 00:00:00-05:00,6.119999885559082,6.2820000648498535,5.940000057220459,6.02400016784668,10783,0.0,0.0
2020-02-20 00:00:00-05:00,6.059999942779541,6.179999828338623,5.940000057220459,6.150000095367432,9150,0.0,0.0
2020-02-21 00:00:00-05:00,6.179999828338623,6.179999828338623,5.940000057220459,6.0,3467,0.0,0.0
2020-02-24 00:00:00-05:00,5.8979997634887695,6.059999942779541,5.699999809265137,5.940000057220459,7367,0.0,0.0
2020-02-25 00:00:00-05:00,5.880000114440918,5.99399995803833,5.880000114440918,5.880000114440918,5450,0.0,0.0
2020-02-26 00:00:00-05:00,5.880000114440918,6.173999786376953,5.880000114440918,6.090000152587891,883,0.0,0.0
2020-02-27 00:00:00-05:00,5.880000114440918,5.880000114440918,5.460000038146973,5.573999881744385,10133,0.0,0.0
2020-02-28 00:00:00-05:00,5.429999828338623,5.670000076293945,4.920000076293945,5.513999938964844,7183,0.0,0.0
2020-03-02 00:00:00-05:00,5.783999919891357,5.802000045776367,5.4720001220703125,5.802000045776367,300,0.0,0.0
2020-03-03 00:00:00-05:00,5.645999908447266,6.090000152587891,5.495999813079834,5.880000114440918,650,0.0,0.0
2020-03-04 00:00:00-05:00,5.460000038146973,5.760000228881836,5.460000038146973,5.699999809265137,1400,0.0,0.0
2020-03-05 00:00:00-05:00,5.315999984741211,5.699999809265137,5.28000020980835,5.556000232696533,3350,0.0,0.0
2020-03-06 00:00:00-05:00,5.165999889373779,5.880000114440918,5.159999847412109,5.28000020980835,1400,0.0,0.0
2020-03-09 00:00:00-04:00,4.139999866485596,4.535999774932861,4.110000133514404,4.380000114440918,22867,0.0,0.0
2020-03-10 00:00:00-04:00,4.421999931335449,4.440000057220459,4.230000019073486,4.320000171661377,6167,0.0,0.0
2020-03-11 00:00:00-04:00,4.5,4.5,3.9000000953674316,3.9000000953674316,8500,0.0,0.0
2020-03-12 00:00:00-04:00,3.5999999046325684,3.936000108718872,3.5999999046325684,3.6600000858306885,11800,0.0,0.0
2020-03-13 00:00:00-04:00,3.0,4.5,3.0,3.1679999828338623,8467,0.0,0.0
2020-03-16 00:00:00-04:00,3.378000020980835,3.492000102996826,2.7660000324249268,2.8380000591278076,4067,0.0,0.0
2020-03-17 00:00:00-04:00,3.119999885559082,3.240000009536743,3.1019999980926514,3.1559998989105225,2967,0.0,0.0
2020-03-18 00:00:00-04:00,3.197999954223633,3.2639999389648438,2.819999933242798,2.880000114440918,4667,0.0,0.0
2020-03-19 00:00:00-04:00,2.7960000038146973,3.5940001010894775,2.7660000324249268,3.0420000553131104,15933,0.0,0.0
2020-03-20 00:00:00-04:00,3.2219998836517334,3.2219998836517334,2.921999931335449,3.059999942779541,1667,0.0,0.0
2020-03-23 00:00:00-04:00,3.138000011444092,3.2820000648498535,2.934000015258789,2.934000015258789,2933,0.0,0.0
2020-03-24 00:00:00-04:00,3.0,3.371999979019165,2.7660000324249268,2.9760000705718994,4150,0.0,0.0
2020-03-25 00:00:00-04:00,3.191999912261963,3.4019999504089355,3.0,3.2039999961853027,1767,0.0,0.0
2020-03-26 00:00:00-04:00,3.318000078201294,3.318000078201294,3.1080000400543213,3.2039999961853027,2650,0.0,0.0
2020-03-27 00:00:00-04:00,3.240000009536743,3.240000009536743,2.7660000324249268,3.1679999828338623,1333,0.0,0.0
2020-03-30 00:00:00-04:00,4.199999809265137,4.199999809265137,3.3239998817443848,3.5759999752044678,13433,0.0,0.0
2020-03-31 00:00:00-04:00,3.5399999618530273,3.6540000438690186,3.3420000076293945,3.6480000019073486,2883,0.0,0.0
2020-04-01 00:00:00-04:00,4.5,6.239999771118164,3.875999927520752,4.320000171661377,189850,0.0,0.0
2020-04-02 00:00:00-04:00,4.380000114440918,4.955999851226807,4.139999866485596,4.182000160217285,23850,0.0,0.0
2020-04-03 00:00:00-04:00,4.739999771118164,4.739999771118164,3.75600004196167,4.176000118255615,1717,0.0,0.0
2020-04-06 00:00:00-04:00,4.368000030517578,4.638000011444092,3.7200000286102295,4.133999824523926,6750,0.0,0.0
2020-04-07 00:00:00-04:00,4.331999778747559,4.355999946594238,3.671999931335449,4.0920000076293945,1450,0.0,0.0
2020-04-08 00:00:00-04:00,4.199999809265137,4.199999809265137,3.509999990463257,4.056000232696533,1833,0.0,0.0
2020-04-09 00:00:00-04:00,4.199999809265137,4.236000061035156,3.7260000705718994,3.9000000953674316,6350,0.0,0.0
2020-04-13 00:00:00-04:00,4.079999923706055,4.079999923706055,3.5160000324249268,3.5999999046325684,5433,0.0,0.0
2020-04-14 00:00:00-04:00,3.7200000286102295,3.7799999713897705,3.6600000858306885,3.7200000286102295,3667,0.0,0.0
2020-04-15 00:00:00-04:00,3.869999885559082,3.869999885559082,3.5399999618530273,3.5999999046325684,3000,0.0,0.0
2020-04-16 00:00:00-04:00,4.260000228881836,4.260000228881836,3.936000108718872,4.079999923706055,9050,0.0,0.0
2020-04-17 00:00:00-04:00,3.9600000381469727,4.199999809265137,3.630000114440918,4.019999980926514,2933,0.0,0.0
2020-04-20 00:00:00-04:00,4.223999977111816,4.254000186920166,3.8399999141693115,4.0980000495910645,6867,0.0,0.0
2020-04-21 00:00:00-04:00,3.947999954223633,3.9600000381469727,3.6659998893737793,3.9000000953674316,2433,0.0,0.0
2020-04-22 00:00:00-04:00,4.019999980926514,4.230000019073486,4.019999980926514,4.139999866485596,1400,0.0,0.0
2020-04-23 00:00:00-04:00,4.199999809265137,4.409999847412109,4.199999809265137,4.409999847412109,4433,0.0,0.0
2020-04-24 00:00:00-04:00,4.559999942779541,4.559999942779541,4.127999782562256,4.440000057220459,1733,0.0,0.0
2020-04-27 00:00:00-04:00,5.381999969482422,5.579999923706055,4.679999828338623,5.21999979019165,35367,0.0,0.0
2020-04-28 00:00:00-04:00,5.099999904632568,5.099999904632568,3.9000000953674316,4.260000228881836,84917,0.0,0.0
2020-04-29 00:00:00-04:00,3.875999927520752,4.116000175476074,3.6600000858306885,3.9600000381469727,70533,0.0,0.0
2020-04-30 00:00:00-04:00,4.331999778747559,4.331999778747559,3.365999937057495,3.6480000019073486,98933,0.0,0.0
2020-05-01 00:00:00-04:00,3.6480000019073486,3.76200008392334,3.180000066757202,3.5399999618530273,34267,0.0,0.0
2020-05-04 00:00:00-04:00,3.6600000858306885,5.958000183105469,3.5999999046325684,4.800000190734863,1285300,0.0,0.0
2020-05-05 00:00:00-04:00,4.8480000495910645,5.159999847412109,4.199999809265137,4.440000057220459,305983,0.0,0.0
2020-05-06 00:00:00-04:00,4.440000057220459,5.760000228881836,4.026000022888184,5.435999870300293,676017,0.0,0.0
2020-05-07 00:00:00-04:00,6.0,6.420000076293945,4.679999828338623,5.340000152587891,1260533,0.0,0.0
2020-05-08 00:00:00-04:00,5.340000152587891,6.119999885559082,4.860000133514404,5.639999866485596,675800,0.0,0.0
2020-05-11 00:00:00-04:00,5.699999809265137,7.380000114440918,5.639999866485596,6.539999961853027,1387500,0.0,0.0
2020-05-12 00:00:00-04:00,6.900000095367432,7.440000057220459,5.639999866485596,5.940000057220459,832183,0.0,0.0
2020-05-13 00:00:00-04:00,5.940000057220459,6.01800012588501,5.159999847412109,5.495999813079834,578633,0.0,0.0
2020-05-14 00:00:00-04:00,5.400000095367432,5.400000095367432,4.860000133514404,5.1539998054504395,193800,0.0,0.0
2020-05-15 00:00:00-04:00,5.400000095367432,5.519999980926514,4.320000171661377,4.829999923706055,273533,0.0,0.0
2020-05-18 00:00:00-04:00,5.159999847412109,5.400000095367432,4.806000232696533,5.058000087738037,378750,0.0,0.0
2020-05-19 00:00:00-04:00,4.320000171661377,4.739999771118164,4.199999809265137,4.320000171661377,733483,0.0,0.0
2020-05-20 00:00:00-04:00,4.619999885559082,4.679999828338623,4.320000171661377,4.565999984741211,268483,0.0,0.0
2020-05-21 00:00:00-04:00,4.48799991607666,4.619999885559082,4.223999977111816,4.440000057220459,213617,0.0,0.0
2020-05-22 00:00:00-04:00,4.440000057220459,5.519999980926514,4.320000171661377,5.039999961853027,1184567,0.0,0.0
2020-05-26 00:00:00-04:00,5.400000095367432,5.699999809265137,5.099999904632568,5.693999767303467,1039100,0.0,0.0
2020-05-27 00:00:00-04:00,5.880000114440918,6.239999771118164,5.519999980926514,5.699999809265137,1054600,0.0,0.0
2020-05-28 00:00:00-04:00,5.754000186920166,5.760000228881836,5.159999847412109,5.28000020980835,488850,0.0,0.0
2020-05-29 00:00:00-04:00,5.22599983215332,5.28000020980835,4.854000091552734,5.039999961853027,260483,0.0,0.0
2020-06-01 00:00:00-04:00,5.190000057220459,5.190000057220459,4.806000232696533,5.039999961853027,215850,0.0,0.0
2020-06-02 00:00:00-04:00,5.039999961853027,6.239999771118164,4.860000133514404,5.28000020980835,2108783,0.0,0.0
2020-06-03 00:00:00-04:00,5.23799991607666,5.357999801635742,5.010000228881836,5.26200008392334,436233,0.0,0.0
2020-06-04 00:00:00-04:00,5.25600004196167,5.880000114440918,5.130000114440918,5.441999912261963,802233,0.0,0.0
2020-06-05 00:00:00-04:00,11.100000381469727,11.699999809265137,6.210000038146973,6.599999904632568,9305550,0.0,0.0
2020-06-08 00:00:00-04:00,7.019999980926514,7.5,6.360000133514404,6.78000020980835,1361783,0.0,0.0
2020-06-09 00:00:00-04:00,6.599999904632568,7.980000019073486,6.179999828338623,7.380000114440918,1584117,0.0,0.0
2020-06-10 00:00:00-04:00,7.619999885559082,7.619999885559082,6.659999847412109,6.900000095367432,475033,0.0,0.0
2020-06-11 00:00:00-04:00,6.179999828338623,6.78000020980835,6.179999828338623,6.360000133514404,381967,0.0,0.0
2020-06-12 00:00:00-04:00,6.78000020980835,7.019999980926514,6.360000133514404,6.71999979019165,322533,0.0,0.0
2020-06-15 00:00:00-04:00,6.480000019073486,7.320000171661377,6.480000019073486,7.079999923706055,713317,0.0,0.0
2020-06-16 00:00:00-04:00,7.139999866485596,7.619999885559082,6.420000076293945,6.960000038146973,836267,0.0,0.0
2020-06-17 00:00:00-04:00,6.840000152587891,7.139999866485596,6.420000076293945,6.840000152587891,530833,0.0,0.0
2020-06-18 00:00:00-04:00,6.599999904632568,6.960000038146973,6.599999904632568,6.840000152587891,324867,0.0,0.0
2020-06-19 00:00:00-04:00,6.900000095367432,8.819999694824219,6.78000020980835,8.399999618530273,3361017,0.0,0.0
2020-06-22 00:00:00-04:00,8.640000343322754,10.199999809265137,7.860000133514404,9.479999542236328,2562283,0.0,0.0
2020-06-23 00:00:00-04:00,11.15999984741211,11.579999923706055,8.460000038146973,9.239999771118164,2864367,0.0,0.0
2020-06-24 00:00:00-04:00,8.640000343322754,9.479999542236328,8.100000381469727,9.119999885559082,870633,0.0,0.0
2020-06-25 00:00:00-04:00,9.0600004196167,9.600000381469727,8.579999923706055,9.420000076293945,761217,0.0,0.0
2020-06-26 00:00:00-04:00,9.420000076293945,9.960000038146973,8.699999809265137,9.84000015258789,977217,0.0,0.0
2020-06-29 00:00:00-04:00,10.079999923706055,10.619999885559082,9.359999656677246,10.079999923706055,1144483,0.0,0.0
2020-06-30 00:00:00-04:00,9.65999984741211,10.199999809265137,9.300000190734863,9.539999961853027,471633,0.0,0.0
2020-07-01 00:00:00-04:00,9.119999885559082,9.479999542236328,8.819999694824219,9.239999771118164,323983,0.0,0.0
2020-07-02 00:00:00-04:00,9.720000267028809,10.079999923706055,9.119999885559082,9.479999542236328,768683,0.0,0.0
2020-07-06 00:00:00-04:00,9.479999542236328,10.5600004196167,9.119999885559082,9.899999618530273,986183,0.0,0.0
2020-07-07 00:00:00-04:00,9.600000381469727,9.84000015258789,9.479999542236328,9.539999961853027,271867,0.0,0.0
2020-07-08 00:00:00-04:00,9.539999961853027,10.079999923706055,9.420000076293945,9.479999542236328,470050,0.0,0.0
2020-07-09 00:00:00-04:00,9.479999542236328,9.965999603271484,9.359999656677246,9.960000038146973,443800,0.0,0.0
2020-07-10 00:00:00-04:00,9.899999618530273,10.5,9.720000267028809,9.899999618530273,478217,0.0,0.0
2020-07-13 00:00:00-04:00,9.899999618530273,10.380000114440918,9.359999656677246,9.479999542236328,763700,0.0,0.0
2020-07-14 00:00:00-04:00,9.600000381469727,9.65999984741211,8.399999618530273,9.180000305175781,584450,0.0,0.0
2020-07-15 00:00:00-04:00,9.180000305175781,9.359999656677246,8.819999694824219,9.0600004196167,276800,0.0,0.0
2020-07-16 00:00:00-04:00,9.239999771118164,9.600000381469727,8.9399995803833,9.359999656677246,435850,0.0,0.0
2020-07-17 00:00:00-04:00,10.619999885559082,11.279999732971191,9.420000076293945,9.6899995803833,3114617,0.0,0.0
2020-07-20 00:00:00-04:00,9.420000076293945,9.479999542236328,8.9399995803833,9.180000305175781,522600,0.0,0.0
2020-07-21 00:00:00-04:00,9.180000305175781,9.359999656677246,8.760000228881836,9.0,406467,0.0,0.0
2020-07-22 00:00:00-04:00,9.119999885559082,9.119999885559082,8.579999923706055,8.819999694824219,341633,0.0,0.0
2020-07-23 00:00:00-04:00,8.819999694824219,9.300000190734863,7.860000133514404,8.520000457763672,577233,0.0,0.0
2020-07-24 00:00:00-04:00,8.15999984741211,8.34000015258789,7.920000076293945,8.279999732971191,206717,0.0,0.0
2020-07-27 00:00:00-04:00,8.460000038146973,8.753999710083008,8.100000381469727,8.399999618530273,404733,0.0,0.0
2020-07-28 00:00:00-04:00,8.279999732971191,8.399999618530273,8.100000381469727,8.15999984741211,137167,0.0,0.0
2020-07-29 00:00:00-04:00,8.880000114440918,9.300000190734863,8.15999984741211,8.279999732971191,1251950,0.0,0.0
2020-07-30 00:00:00-04:00,8.100000381469727,8.399999618530273,7.980000019073486,8.34000015258789,248567,0.0,0.0
2020-07-31 00:00:00-04:00,9.0600004196167,9.960000038146973,8.640000343322754,9.239999771118164,1749800,0.0,0.0
2020-08-03 00:00:00-04:00,9.119999885559082,9.300000190734863,8.699999809265137,8.9399995803833,412817,0.0,0.0
2020-08-04 00:00:00-04:00,8.760000228881836,9.0600004196167,8.699999809265137,8.9399995803833,211917,0.0,0.0
2020-08-05 00:00:00-04:00,8.819999694824219,9.119999885559082,8.819999694824219,8.9399995803833,280733,0.0,0.0
2020-08-06 00:00:00-04:00,9.0,9.119999885559082,8.460000038146973,8.579999923706055,256133,0.0,0.0
2020-08-07 00:00:00-04:00,8.399999618530273,8.760000228881836,8.100000381469727,8.279999732971191,398317,0.0,0.0
2020-08-10 00:00:00-04:00,8.279999732971191,8.399999618530273,7.920000076293945,8.279999732971191,317267,0.0,0.0
2020-08-11 00:00:00-04:00,8.100000381469727,8.279999732971191,7.920000076293945,8.039999961853027,241350,0.0,0.0
2020-08-12 00:00:00-04:00,8.039999961853027,8.081999778747559,7.260000228881836,7.380000114440918,369233,0.0,0.0
2020-08-13 00:00:00-04:00,7.440000057220459,7.980000019073486,7.079999923706055,7.860000133514404,240450,0.0,0.0
2020-08-14 00:00:00-04:00,7.559999942779541,7.650000095367432,7.199999809265137,7.199999809265137,193817,0.0,0.0
2020-08-17 00:00:00-04:00,7.380000114440918,7.380000114440918,6.78000020980835,7.139999866485596,181033,0.0,0.0
2020-08-18 00:00:00-04:00,7.079999923706055,7.199999809265137,6.480000019073486,6.539999961853027,340900,0.0,0.0
2020-08-19 00:00:00-04:00,6.599999904632568,7.5,6.539999961853027,7.079999923706055,555200,0.0,0.0
2020-08-20 00:00:00-04:00,6.960000038146973,7.170000076293945,6.539999961853027,6.840000152587891,277600,0.0,0.0
2020-08-21 00:00:00-04:00,7.320000171661377,7.320000171661377,6.690000057220459,6.71999979019165,416500,0.0,0.0
2020-08-24 00:00:00-04:00,6.659999847412109,6.840000152587891,5.760000228881836,6.0,398867,0.0,0.0
2020-08-25 00:00:00-04:00,6.239999771118164,6.480000019073486,6.0,6.300000190734863,240267,0.0,0.0
2020-08-26 00:00:00-04:00,6.420000076293945,6.900000095367432,6.239999771118164,6.480000019073486,326367,0.0,0.0
2020-08-27 00:00:00-04:00,6.480000019073486,6.581999778747559,5.699999809265137,6.059999942779541,288583,0.0,0.0
2020-08-28 00:00:00-04:00,6.300000190734863,6.449999809265137,6.059999942779541,6.300000190734863,183267,0.0,0.0
2020-08-31 00:00:00-04:00,6.360000133514404,6.480000019073486,6.0,6.239999771118164,174933,0.0,0.0
2020-09-01 00:00:00-04:00,6.1620001792907715,6.179999828338623,5.705999851226807,5.760000228881836,188933,0.0,0.0
2020-09-02 00:00:00-04:00,6.059999942779541,6.300000190734863,5.861999988555908,5.952000141143799,360367,0.0,0.0
2020-09-03 00:00:00-04:00,5.940000057220459,6.0,5.171999931335449,5.501999855041504,161117,0.0,0.0
2020-09-04 00:00:00-04:00,5.639999866485596,5.760000228881836,4.860000133514404,5.322000026702881,246383,0.0,0.0
2020-09-08 00:00:00-04:00,4.980000019073486,5.28000020980835,4.926000118255615,5.28000020980835,105400,0.0,0.0
2020-09-09 00:00:00-04:00,5.1479997634887695,5.28000020980835,5.010000228881836,5.23199987411499,72017,0.0,0.0
2020-09-10 00:00:00-04:00,5.105999946594238,5.513999938964844,5.039999961853027,5.214000225067139,62150,0.0,0.0
2020-09-11 00:00:00-04:00,5.136000156402588,5.190000057220459,4.980000019073486,5.159999847412109,85833,0.0,0.0
2020-09-14 00:00:00-04:00,5.159999847412109,5.159999847412109,4.895999908447266,5.159999847412109,75800,0.0,0.0
2020-09-15 00:00:00-04:00,5.22599983215332,5.519999980926514,5.039999961853027,5.340000152587891,167283,0.0,0.0
2020-09-16 00:00:00-04:00,5.400000095367432,5.429999828338623,5.105999946594238,5.309999942779541,66667,0.0,0.0
2020-09-17 00:00:00-04:00,5.099999904632568,5.460000038146973,5.046000003814697,5.453999996185303,133033,0.0,0.0
2020-09-18 00:00:00-04:00,5.639999866485596,5.808000087738037,5.28000020980835,5.723999977111816,432950,0.0,0.0
2020-09-21 00:00:00-04:00,5.760000228881836,6.059999942779541,5.550000190734863,5.909999847412109,283717,0.0,0.0
2020-09-22 00:00:00-04:00,6.0,6.059999942779541,5.460000038146973,5.754000186920166,232317,0.0,0.0
2020-09-23 00:00:00-04:00,5.639999866485596,5.670000076293945,5.165999889373779,5.303999900817871,197350,0.0,0.0
2020-09-24 00:00:00-04:00,4.980000019073486,5.699999809265137,4.932000160217285,5.159999847412109,250733,0.0,0.0
2020-09-25 00:00:00-04:00,5.159999847412109,5.453999996185303,5.099999904632568,5.340000152587891,78417,0.0,0.0
2020-09-28 00:00:00-04:00,5.400000095367432,5.453999996185303,5.064000129699707,5.177999973297119,58300,0.0,0.0
2020-09-29 00:00:00-04:00,5.519999980926514,5.820000171661377,5.400000095367432,5.670000076293945,226083,0.0,0.0
2020-09-30 00:00:00-04:00,5.466000080108643,5.639999866485596,5.340000152587891,5.507999897003174,143317,0.0,0.0
2020-10-01 00:00:00-04:00,5.519999980926514,5.561999797821045,5.291999816894531,5.561999797821045,63133,0.0,0.0
2020-10-02 00:00:00-04:00,5.5920000076293945,5.880000114440918,5.460000038146973,5.579999923706055,288217,0.0,0.0
2020-10-05 00:00:00-04:00,5.579999923706055,5.639999866485596,5.400000095367432,5.460000038146973,66650,0.0,0.0
2020-10-06 00:00:00-04:00,5.400000095367432,5.573999881744385,5.21999979019165,5.28000020980835,105900,0.0,0.0
2020-10-07 00:00:00-04:00,5.400000095367432,6.239999771118164,5.340000152587891,5.6519999504089355,430900,0.0,0.0
2020-10-08 00:00:00-04:00,5.820000171661377,5.820000171661377,5.460000038146973,5.579999923706055,147433,0.0,0.0
2020-10-09 00:00:00-04:00,5.639999866485596,5.940000057220459,5.579999923706055,5.820000171661377,117283,0.0,0.0
2020-10-12 00:00:00-04:00,5.940000057220459,5.940000057220459,5.610000133514404,5.670000076293945,77867,0.0,0.0
2020-10-13 00:00:00-04:00,5.736000061035156,5.880000114440918,5.538000106811523,5.670000076293945,157450,0.0,0.0
2020-10-14 00:00:00-04:00,5.639999866485596,5.670000076293945,5.4720001220703125,5.513999938964844,84817,0.0,0.0
2020-10-15 00:00:00-04:00,5.550000190734863,7.380000114440918,5.363999843597412,6.840000152587891,3148267,0.0,0.0
2020-10-16 00:00:00-04:00,6.360000133514404,6.599999904632568,5.940000057220459,6.179999828338623,418067,0.0,0.0
2020-10-19 00:00:00-04:00,6.239999771118164,6.239999771118164,5.699999809265137,5.940000057220459,171950,0.0,0.0
2020-10-20 00:00:00-04:00,5.880000114440918,6.599999904632568,5.760000228881836,6.239999771118164,503633,0.0,0.0
2020-10-21 00:00:00-04:00,6.900000095367432,6.960000038146973,6.119999885559082,6.300000190734863,801633,0.0,0.0
2020-10-22 00:00:00-04:00,6.300000190734863,6.414000034332275,6.0,6.239999771118164,141167,0.0,0.0
2020-10-23 00:00:00-04:00,6.179999828338623,6.539999961853027,6.0,6.480000019073486,228767,0.0,0.0
2020-10-26 00:00:00-04:00,6.300000190734863,6.300000190734863,5.820000171661377,6.119999885559082,146467,0.0,0.0
2020-10-27 00:00:00-04:00,6.059999942779541,6.072000026702881,5.820000171661377,5.886000156402588,62517,0.0,0.0
2020-10-28 00:00:00-04:00,5.760000228881836,5.814000129699707,5.340000152587891,5.513999938964844,108417,0.0,0.0
2020-10-29 00:00:00-04:00,5.460000038146973,5.639999866485596,5.285999774932861,5.441999912261963,69067,0.0,0.0
2020-10-30 00:00:00-04:00,5.453999996185303,5.519999980926514,5.099999904632568,5.159999847412109,101117,0.0,0.0
2020-11-02 00:00:00-05:00,5.28000020980835,5.400000095367432,5.159999847412109,5.315999984741211,57333,0.0,0.0
2020-11-03 00:00:00-05:00,5.363999843597412,5.519999980926514,5.28000020980835,5.381999969482422,36833,0.0,0.0
2020-11-04 00:00:00-05:00,5.460000038146973,6.420000076293945,5.400000095367432,5.519999980926514,917333,0.0,0.0
2020-11-05 00:00:00-05:00,5.699999809265137,5.699999809265137,5.340000152587891,5.460000038146973,138017,0.0,0.0
2020-11-06 00:00:00-05:00,5.699999809265137,5.699999809265137,5.285999774932861,5.447999954223633,74983,0.0,0.0
2020-11-09 00:00:00-05:00,5.489999771118164,5.579999923706055,5.21999979019165,5.388000011444092,130817,0.0,0.0
2020-11-10 00:00:00-05:00,5.460000038146973,5.460000038146973,4.980000019073486,5.340000152587891,79400,0.0,0.0
2020-11-11 00:00:00-05:00,5.25,5.369999885559082,5.21999979019165,5.369999885559082,43767,0.0,0.0
2020-11-12 00:00:00-05:00,5.340000152587891,5.394000053405762,5.21999979019165,5.28000020980835,65433,0.0,0.0
2020-11-13 00:00:00-05:00,5.285999774932861,5.400000095367432,5.23199987411499,5.363999843597412,52650,0.0,0.0
2020-11-16 00:00:00-05:00,5.460000038146973,5.550000190734863,5.322000026702881,5.550000190734863,86317,0.0,0.0
2020-11-17 00:00:00-05:00,5.519999980926514,5.519999980926514,5.285999774932861,5.489999771118164,72217,0.0,0.0
2020-11-18 00:00:00-05:00,5.579999923706055,5.579999923706055,5.340000152587891,5.460000038146973,77650,0.0,0.0
2020-11-19 00:00:00-05:00,5.400000095367432,5.519999980926514,5.340000152587891,5.489999771118164,110367,0.0,0.0
2020-11-20 00:00:00-05:00,5.519999980926514,6.480000019073486,5.489999771118164,6.119999885559082,451867,0.0,0.0
2020-11-23 00:00:00-05:00,6.599999904632568,8.399999618530273,6.300000190734863,8.039999961853027,1472517,0.0,0.0
2020-11-24 00:00:00-05:00,8.520000457763672,9.239999771118164,7.019999980926514,7.800000190734863,1317183,0.0,0.0
2020-11-25 00:00:00-05:00,7.5,7.679999828338623,6.840000152587891,7.5,391767,0.0,0.0
2020-11-27 00:00:00-05:00,7.559999942779541,7.679999828338623,7.079999923706055,7.260000228881836,207667,0.0,0.0
2020-11-30 00:00:00-05:00,7.139999866485596,7.320000171661377,6.480000019073486,7.199999809265137,281250,0.0,0.0
2020-12-01 00:00:00-05:00,7.139999866485596,7.380000114440918,6.659999847412109,7.079999923706055,228300,0.0,0.0
2020-12-02 00:00:00-05:00,6.960000038146973,7.199999809265137,6.611999988555908,7.019999980926514,149583,0.0,0.0
2020-12-03 00:00:00-05:00,7.139999866485596,8.279999732971191,7.019999980926514,8.15999984741211,608033,0.0,0.0
2020-12-04 00:00:00-05:00,10.199999809265137,10.979999542236328,9.0,9.479999542236328,3225717,0.0,0.0
2020-12-07 00:00:00-05:00,9.288000106811523,9.84000015258789,8.880000114440918,9.600000381469727,748467,0.0,0.0
2020-12-08 00:00:00-05:00,9.84000015258789,10.920000076293945,9.720000267028809,9.899999618530273,714033,0.0,0.0
2020-12-09 00:00:00-05:00,10.079999923706055,10.079999923706055,8.460000038146973,8.819999694824219,506133,0.0,0.0
2020-12-10 00:00:00-05:00,8.399999618530273,9.329999923706055,8.399999618530273,9.119999885559082,257433,0.0,0.0
2020-12-11 00:00:00-05:00,15.354000091552734,16.5,10.140000343322754,10.380000114440918,17795600,0.0,0.0
2020-12-14 00:00:00-05:00,10.739999771118164,11.699999809265137,10.5600004196167,11.460000038146973,1172583,0.0,0.0
2020-12-15 00:00:00-05:00,10.979999542236328,11.279999732971191,10.5600004196167,11.15999984741211,533867,0.0,0.0
2020-12-16 00:00:00-05:00,10.920000076293945,10.979999542236328,10.380000114440918,10.859999656677246,355400,0.0,0.0
2020-12-17 00:00:00-05:00,10.5,10.859999656677246,9.720000267028809,10.079999923706055,557050,0.0,0.0
2020-12-18 00:00:00-05:00,10.319999694824219,11.100000381469727,10.199999809265137,10.5600004196167,383733,0.0,0.0
2020-12-21 00:00:00-05:00,10.4399995803833,10.979999542236328,10.199999809265137,10.5600004196167,589467,0.0,0.0
2020-12-22 00:00:00-05:00,11.699999809265137,20.399999618530273,11.34000015258789,19.3799991607666,7281100,0.0,0.0
2020-12-23 00:00:00-05:00,25.31999969482422,38.70000076293945,23.700000762939453,34.5,22710000,0.0,0.0
2020-12-24 00:00:00-05:00,30.0,31.079999923706055,27.600000381469727,30.1200008392334,4236150,0.0,0.0
2020-12-28 00:00:00-05:00,28.139999389648438,34.31999969482422,26.520000457763672,26.81999969482422,4747217,0.0,0.0
2020-12-29 00:00:00-05:00,27.63599967956543,30.600000381469727,24.299999237060547,27.540000915527344,2512350,0.0,0.0
2020-12-30 00:00:00-05:00,26.8799991607666,28.739999771118164,25.920000076293945,26.280000686645508,1364333,0.0,0.0
2020-12-31 00:00:00-05:00,25.559999465942383,26.700000762939453,23.219999313354492,24.479999542236328,1470233,0.0,0.0
2021-01-04 00:00:00-05:00,23.423999786376953,26.520000457763672,22.559999465942383,25.920000076293945,1742950,0.0,0.0
2021-01-05 00:00:00-05:00,24.65399932861328,26.700000762939453,24.600000381469727,24.899999618530273,841417,0.0,0.0
2021-01-06 00:00:00-05:00,25.200000762939453,26.639999389648438,24.239999771118164,24.540000915527344,1197683,0.0,0.0
2021-01-07 00:00:00-05:00,25.464000701904297,27.600000381469727,24.299999237060547,27.299999237060547,1132567,0.0,0.0
2021-01-08 00:00:00-05:00,28.5,29.219999313354492,25.260000228881836,26.399999618530273,950050,0.0,0.0
2021-01-11 00:00:00-05:00,25.5,27.275999069213867,24.899999618530273,25.6200008392334,561550,0.0,0.0
2021-01-12 00:00:00-05:00,25.6200008392334,26.100000381469727,24.540000915527344,24.600000381469727,558267,0.0,0.0
2021-01-13 00:00:00-05:00,27.18000030517578,47.400001525878906,25.920000076293945,40.79999923706055,17092567,0.0,0.0
2021-01-14 00:00:00-05:00,36.720001220703125,45.41999816894531,33.0,39.47999954223633,6476900,0.0,0.0
2021-01-15 00:00:00-05:00,42.0,54.779998779296875,41.400001525878906,46.91999816894531,8756417,0.0,0.0
2021-01-19 00:00:00-05:00,54.36000061035156,67.31999969482422,53.52000045776367,59.939998626708984,6479900,0.0,0.0
2021-01-20 00:00:00-05:00,56.63999938964844,63.2400016784668,54.47999954223633,55.31999969482422,2675450,0.0,0.0
2021-01-21 00:00:00-05:00,51.47999954223633,58.20000076293945,48.29999923706055,53.880001068115234,1838600,0.0,0.0
2021-01-22 00:00:00-05:00,53.220001220703125,57.0,52.79999923706055,54.779998779296875,1250700,0.0,0.0
2021-01-25 00:00:00-05:00,55.91999816894531,58.79999923706055,49.20000076293945,52.7400016784668,1761883,0.0,0.0
2021-01-26 00:00:00-05:00,53.279998779296875,66.0,51.47999954223633,60.65999984741211,2817217,0.0,0.0
2021-01-27 00:00:00-05:00,55.31999969482422,61.5,52.31999969482422,53.15999984741211,1527217,0.0,0.0
2021-01-28 00:00:00-05:00,53.99399948120117,55.7400016784668,49.20000076293945,52.08000183105469,810817,0.0,0.0
2021-01-29 00:00:00-05:00,52.79999923706055,53.880001068115234,47.279998779296875,49.08000183105469,831117,0.0,0.0
2021-02-01 00:00:00-05:00,49.79999923706055,51.599998474121094,46.54800033569336,49.68000030517578,719117,0.0,0.0
2021-02-02 00:00:00-05:00,54.45000076293945,55.68000030517578,51.119998931884766,51.779998779296875,1137250,0.0,0.0
2021-02-03 00:00:00-05:00,51.36000061035156,58.08000183105469,50.81999969482422,53.400001525878906,1328083,0.0,0.0
2021-02-04 00:00:00-05:00,55.08000183105469,57.779998779296875,53.15999984741211,56.400001525878906,996017,0.0,0.0
2021-02-05 00:00:00-05:00,57.599998474121094,57.959999084472656,53.7599983215332,55.20000076293945,660800,0.0,0.0
2021-02-08 00:00:00-05:00,55.5,62.400001525878906,55.20000076293945,59.880001068115234,1795867,0.0,0.0
2021-02-09 00:00:00-05:00,59.58000183105469,69.0,57.900001525878906,63.29999923706055,2298917,0.0,0.0
2021-02-10 00:00:00-05:00,66.83999633789062,72.87000274658203,63.060001373291016,67.91999816894531,2109683,0.0,0.0
2021-02-11 00:00:00-05:00,68.63999938964844,69.5999984741211,60.45000076293945,62.400001525878906,1200950,0.0,0.0
2021-02-12 00:00:00-05:00,60.47999954223633,65.27999877929688,57.65999984741211,62.63999938964844,835067,0.0,0.0
2021-02-16 00:00:00-05:00,62.400001525878906,65.04000091552734,57.779998779296875,60.0,682667,0.0,0.0
2021-02-17 00:00:00-05:00,58.5,59.939998626708984,54.599998474121094,57.29999923706055,682717,0.0,0.0
2021-02-18 00:00:00-05:00,54.47999954223633,55.97999954223633,51.119998931884766,51.84000015258789,647217,0.0,0.0
2021-02-19 00:00:00-05:00,53.15999984741211,57.2400016784668,53.15999984741211,54.41999816894531,442767,0.0,0.0
2021-02-22 00:00:00-05:00,52.86000061035156,53.099998474121094,47.15999984741211,48.060001373291016,800817,0.0,0.0
2021-02-23 00:00:00-05:00,41.939998626708984,44.70000076293945,35.279998779296875,42.720001220703125,1217133,0.0,0.0
2021-02-24 00:00:00-05:00,44.279998779296875,47.7599983215332,42.900001525878906,46.619998931884766,661333,0.0,0.0
2021-02-25 00:00:00-05:00,43.79999923706055,46.439998626708984,39.540000915527344,41.040000915527344,711433,0.0,0.0
2021-02-26 00:00:00-05:00,39.959999084472656,43.5,38.939998626708984,40.7400016784668,637800,0.0,0.0
2021-03-01 00:00:00-05:00,48.84000015258789,57.47999954223633,45.060001373291016,54.36000061035156,4300917,0.0,0.0
2021-03-02 00:00:00-05:00,52.380001068115234,54.29999923706055,48.209999084472656,49.439998626708984,1974350,0.0,0.0
2021-03-03 00:00:00-05:00,50.040000915527344,51.29999923706055,43.68000030517578,44.880001068115234,914017,0.0,0.0
2021-03-04 00:00:00-05:00,42.060001373291016,44.459999084472656,35.15999984741211,37.7400016784668,1184633,0.0,0.0
2021-03-05 00:00:00-05:00,38.939998626708984,39.0,26.100000381469727,36.84000015258789,1555983,0.0,0.0
2021-03-08 00:00:00-05:00,38.34000015258789,39.900001525878906,34.79999923706055,36.18000030517578,892517,0.0,0.0
2021-03-09 00:00:00-05:00,37.91999816894531,41.70000076293945,37.21200180053711,40.79999923706055,827450,0.0,0.0
2021-03-10 00:00:00-05:00,42.47999954223633,43.79999923706055,38.400001525878906,39.900001525878906,632433,0.0,0.0
2021-03-11 00:00:00-05:00,41.34000015258789,44.34000015258789,40.34400177001953,43.619998931884766,611667,0.0,0.0
2021-03-12 00:00:00-05:00,48.0,51.599998474121094,44.81999969482422,46.5,2661633,0.0,0.0
2021-03-15 00:00:00-04:00,45.720001220703125,47.7599983215332,45.0,47.279998779296875,494550,0.0,0.0
2021-03-16 00:00:00-04:00,46.2599983215332,46.31999969482422,41.099998474121094,42.599998474121094,560483,0.0,0.0
2021-03-17 00:00:00-04:00,42.959999084472656,46.20000076293945,41.939998626708984,46.08000183105469,457950,0.0,0.0
2021-03-18 00:00:00-04:00,44.459999084472656,45.2400016784668,41.52000045776367,42.18000030517578,332683,0.0,0.0
2021-03-19 00:00:00-04:00,42.900001525878906,43.96200180053711,41.099998474121094,43.08000183105469,322633,0.0,0.0
2021-03-22 00:00:00-04:00,43.02000045776367,43.1879997253418,41.52000045776367,41.70000076293945,266383,0.0,0.0
2021-03-23 00:00:00-04:00,41.34000015258789,41.70000076293945,38.63999938964844,39.060001373291016,341033,0.0,0.0
2021-03-24 00:00:00-04:00,40.13999938964844,40.13999938964844,34.68000030517578,34.91999816894531,569433,0.0,0.0
2021-03-25 00:00:00-04:00,32.939998626708984,37.5,32.939998626708984,36.900001525878906,474850,0.0,0.0
2021-03-26 00:00:00-04:00,37.02000045776367,37.13999938964844,34.20000076293945,36.36000061035156,369933,0.0,0.0
2021-03-29 00:00:00-04:00,35.58000183105469,36.42599868774414,32.81999969482422,33.060001373291016,267900,0.0,0.0
2021-03-30 00:00:00-04:00,32.52000045776367,35.7599983215332,31.799999237060547,34.86000061035156,290617,0.0,0.0
2021-03-31 00:00:00-04:00,35.7599983215332,37.619998931884766,35.20800018310547,37.5,265733,0.0,0.0
2021-04-01 00:00:00-04:00,38.459999084472656,38.7599983215332,36.119998931884766,36.540000915527344,219550,0.0,0.0
2021-04-05 00:00:00-04:00,37.20000076293945,37.439998626708984,34.97999954223633,36.47999954223633,181350,0.0,0.0
2021-04-06 00:00:00-04:00,35.939998626708984,37.97999954223633,34.86000061035156,36.41999816894531,296167,0.0,0.0
2021-04-07 00:00:00-04:00,36.36000061035156,36.47999954223633,33.84000015258789,34.380001068115234,178917,0.0,0.0
2021-04-08 00:00:00-04:00,34.31999969482422,35.880001068115234,34.02000045776367,35.70000076293945,195133,0.0,0.0
2021-04-09 00:00:00-04:00,35.279998779296875,35.279998779296875,33.18000030517578,34.13999938964844,183250,0.0,0.0
2021-04-12 00:00:00-04:00,33.3120002746582,33.720001220703125,30.059999465942383,30.420000076293945,336117,0.0,0.0
2021-04-13 00:00:00-04:00,30.0,31.5,29.8799991607666,31.020000457763672,281650,0.0,0.0
2021-04-14 00:00:00-04:00,30.719999313354492,32.81999969482422,30.486000061035156,31.5,252900,0.0,0.0
2021-04-15 00:00:00-04:00,31.68000030517578,31.68000030517578,26.760000228881836,28.440000534057617,536067,0.0,0.0
2021-04-16 00:00:00-04:00,27.18000030517578,28.559999465942383,25.799999237060547,28.139999389648438,319733,0.0,0.0
2021-04-19 00:00:00-04:00,26.459999084472656,27.18000030517578,25.31999969482422,26.15999984741211,389133,0.0,0.0
2021-04-20 00:00:00-04:00,24.780000686645508,26.27400016784668,23.81999969482422,24.600000381469727,363517,0.0,0.0
2021-04-21 00:00:00-04:00,25.020000457763672,28.554000854492188,24.360000610351562,27.600000381469727,558033,0.0,0.0
2021-04-22 00:00:00-04:00,29.520000457763672,29.639999389648438,26.639999389648438,27.84000015258789,448633,0.0,0.0
2021-04-23 00:00:00-04:00,27.360000610351562,30.1200008392334,26.77199935913086,29.520000457763672,596967,0.0,0.0
2021-04-26 00:00:00-04:00,29.34000015258789,31.440000534057617,28.559999465942383,30.959999084472656,533450,0.0,0.0
2021-04-27 00:00:00-04:00,33.720001220703125,34.02000045776367,29.100000381469727,29.8799991607666,692767,0.0,0.0
2021-04-28 00:00:00-04:00,27.0,30.1200008392334,26.399999618530273,29.280000686645508,725867,0.0,0.0
2021-04-29 00:00:00-04:00,29.81999969482422,30.0,27.600000381469727,28.920000076293945,287983,0.0,0.0
2021-04-30 00:00:00-04:00,26.219999313354492,29.34000015258789,26.219999313354492,27.84000015258789,308983,0.0,0.0
2021-05-03 00:00:00-04:00,27.65999984741211,27.941999435424805,25.799999237060547,26.399999618530273,281933,0.0,0.0
2021-05-04 00:00:00-04:00,25.739999771118164,25.739999771118164,23.760000228881836,25.5,296017,0.0,0.0
2021-05-05 00:00:00-04:00,25.6200008392334,26.100000381469727,24.84000015258789,25.020000457763672,192600,0.0,0.0
2021-05-06 00:00:00-04:00,24.600000381469727,24.780000686645508,22.739999771118164,23.579999923706055,322067,0.0,0.0
2021-05-07 00:00:00-04:00,23.399999618530273,25.020000457763672,22.979999542236328,23.940000534057617,228233,0.0,0.0
2021-05-10 00:00:00-04:00,23.81999969482422,23.81999969482422,21.420000076293945,21.420000076293945,376033,0.0,0.0
2021-05-11 00:00:00-04:00,18.299999237060547,21.360000610351562,18.239999771118164,21.0,456183,0.0,0.0
2021-05-12 00:00:00-04:00,20.15999984741211,21.540000915527344,19.889999389648438,20.040000915527344,194850,0.0,0.0
2021-05-13 00:00:00-04:00,20.34000015258789,21.360000610351562,18.299999237060547,18.959999084472656,389533,0.0,0.0
2021-05-14 00:00:00-04:00,19.200000762939453,21.360000610351562,19.200000762939453,20.760000228881836,241600,0.0,0.0
2021-05-17 00:00:00-04:00,21.239999771118164,27.299999237060547,21.1200008392334,26.639999389648438,2262083,0.0,0.0
2021-05-18 00:00:00-04:00,26.040000915527344,26.100000381469727,22.860000610351562,23.34000015258789,955033,0.0,0.0
2021-05-19 00:00:00-04:00,22.200000762939453,23.219999313354492,22.079999923706055,22.799999237060547,280933,0.0,0.0
2021-05-20 00:00:00-04:00,23.219999313354492,23.520000457763672,21.690000534057617,22.799999237060547,272433,0.0,0.0
2021-05-21 00:00:00-04:00,22.799999237060547,24.0,22.559999465942383,23.280000686645508,253383,0.0,0.0
2021-05-24 00:00:00-04:00,23.399999618530273,23.520000457763672,22.145999908447266,22.559999465942383,182183,0.0,0.0
2021-05-25 00:00:00-04:00,23.280000686645508,24.780000686645508,22.68000030517578,22.920000076293945,387200,0.0,0.0
2021-05-26 00:00:00-04:00,22.920000076293945,24.941999435424805,22.799999237060547,24.780000686645508,275417,0.0,0.0
2021-05-27 00:00:00-04:00,25.020000457763672,25.020000457763672,23.81999969482422,24.719999313354492,219383,0.0,0.0
2021-05-28 00:00:00-04:00,26.100000381469727,29.670000076293945,25.40999984741211,25.739999771118164,736750,0.0,0.0
2021-06-01 00:00:00-04:00,26.100000381469727,26.760000228881836,24.84000015258789,26.700000762939453,294250,0.0,0.0
2021-06-02 00:00:00-04:00,26.399999618530273,26.579999923706055,25.3799991607666,26.459999084472656,249283,0.0,0.0
2021-06-03 00:00:00-04:00,25.739999771118164,27.851999282836914,25.3799991607666,26.520000457763672,307283,0.0,0.0
2021-06-04 00:00:00-04:00,26.81999969482422,27.534000396728516,26.040000915527344,26.700000762939453,379450,0.0,0.0
2021-06-07 00:00:00-04:00,26.760000228881836,28.709999084472656,26.579999923706055,28.559999465942383,252467,0.0,0.0
2021-06-08 00:00:00-04:00,28.770000457763672,30.239999771118164,28.260000228881836,29.700000762939453,371900,0.0,0.0
2021-06-09 00:00:00-04:00,34.11000061035156,34.13999938964844,28.3799991607666,28.3799991607666,933133,0.0,0.0
2021-06-10 00:00:00-04:00,28.739999771118164,29.520000457763672,27.1200008392334,27.84000015258789,397133,0.0,0.0
2021-06-11 00:00:00-04:00,27.719999313354492,28.739999771118164,27.600000381469727,28.739999771118164,211867,0.0,0.0
2021-06-14 00:00:00-04:00,28.68000030517578,29.729999542236328,27.959999084472656,28.68000030517578,288683,0.0,0.0
2021-06-15 00:00:00-04:00,28.68000030517578,29.040000915527344,27.239999771118164,27.780000686645508,232350,0.0,0.0
2021-06-16 00:00:00-04:00,27.18000030517578,28.48200035095215,27.18000030517578,28.260000228881836,200250,0.0,0.0
2021-06-17 00:00:00-04:00,27.540000915527344,28.920000076293945,27.540000915527344,28.920000076293945,355817,0.0,0.0
2021-06-18 00:00:00-04:00,28.200000762939453,30.18000030517578,28.200000762939453,28.559999465942383,634067,0.0,0.0
2021-06-21 00:00:00-04:00,28.6200008392334,28.799999237060547,26.579999923706055,27.0,255717,0.0,0.0
2021-06-22 00:00:00-04:00,26.639999389648438,27.84000015258789,25.860000610351562,27.65999984741211,160933,0.0,0.0
2021-06-23 00:00:00-04:00,27.420000076293945,28.5,27.059999465942383,27.239999771118164,192617,0.0,0.0
2021-06-24 00:00:00-04:00,27.420000076293945,27.899999618530273,26.753999710083008,27.239999771118164,131833,0.0,0.0
2021-06-25 00:00:00-04:00,27.299999237060547,27.479999542236328,26.219999313354492,26.520000457763672,216267,0.0,0.0
2021-06-28 00:00:00-04:00,26.520000457763672,27.420000076293945,26.34000015258789,27.360000610351562,181817,0.0,0.0
2021-06-29 00:00:00-04:00,27.540000915527344,28.260000228881836,26.15999984741211,26.520000457763672,172333,0.0,0.0
2021-06-30 00:00:00-04:00,26.520000457763672,26.639999389648438,25.31999969482422,25.5,212067,0.0,0.0
2021-07-01 00:00:00-04:00,26.040000915527344,27.0,25.260000228881836,25.6200008392334,299783,0.0,0.0
2021-07-02 00:00:00-04:00,25.5,25.5,24.059999465942383,24.18000030517578,186500,0.0,0.0
2021-07-06 00:00:00-04:00,24.420000076293945,25.020000457763672,23.760000228881836,24.420000076293945,160200,0.0,0.0
2021-07-07 00:00:00-04:00,24.07200050354004,24.239999771118164,22.5,22.860000610351562,175317,0.0,0.0
2021-07-08 00:00:00-04:00,21.959999084472656,23.56800079345703,21.719999313354492,23.219999313354492,163267,0.0,0.0
2021-07-09 00:00:00-04:00,23.760000228881836,23.81999969482422,22.829999923706055,23.700000762939453,90267,0.0,0.0
2021-07-12 00:00:00-04:00,23.520000457763672,23.639999389648438,22.31999969482422,22.6200008392334,143133,0.0,0.0
2021-07-13 00:00:00-04:00,22.799999237060547,22.799999237060547,21.65999984741211,21.719999313354492,117950,0.0,0.0
2021-07-14 00:00:00-04:00,21.68400001525879,21.899999618530273,20.639999389648438,20.81999969482422,138633,0.0,0.0
2021-07-15 00:00:00-04:00,20.760000228881836,21.719999313354492,20.399999618530273,20.579999923706055,143183,0.0,0.0
2021-07-16 00:00:00-04:00,20.940000534057617,21.0,20.100000381469727,20.34000015258789,115967,0.0,0.0
2021-07-19 00:00:00-04:00,19.440000534057617,20.15999984741211,18.780000686645508,19.860000610351562,208183,0.0,0.0
2021-07-20 00:00:00-04:00,20.639999389648438,21.299999237060547,19.6200008392334,20.940000534057617,168533,0.0,0.0
2021-07-21 00:00:00-04:00,21.239999771118164,22.020000457763672,21.059999465942383,21.719999313354492,125567,0.0,0.0
2021-07-22 00:00:00-04:00,23.43000030517578,23.8799991607666,21.0,21.299999237060547,479717,0.0,0.0
2021-07-23 00:00:00-04:00,21.1200008392334,21.239999771118164,20.100000381469727,20.700000762939453,150250,0.0,0.0
2021-07-26 00:00:00-04:00,20.784000396728516,21.899999618530273,20.459999084472656,20.940000534057617,170250,0.0,0.0
2021-07-27 00:00:00-04:00,20.459999084472656,20.700000762939453,19.200000762939453,20.040000915527344,163800,0.0,0.0
2021-07-28 00:00:00-04:00,20.219999313354492,21.88800048828125,20.219999313354492,21.360000610351562,145700,0.0,0.0
2021-07-29 00:00:00-04:00,21.479999542236328,21.899999618530273,20.8799991607666,21.0,119033,0.0,0.0
2021-07-30 00:00:00-04:00,20.483999252319336,21.65999984741211,20.483999252319336,20.8799991607666,152183,0.0,0.0
2021-08-02 00:00:00-04:00,21.299999237060547,21.479999542236328,20.34000015258789,21.18000030517578,168217,0.0,0.0
2021-08-03 00:00:00-04:00,21.059999465942383,21.059999465942383,20.399999618530273,20.81999969482422,114050,0.0,0.0
2021-08-04 00:00:00-04:00,20.459999084472656,21.65999984741211,20.459999084472656,20.459999084472656,158417,0.0,0.0
2021-08-05 00:00:00-04:00,20.34000015258789,21.329999923706055,20.100000381469727,21.0,140800,0.0,0.0
2021-08-06 00:00:00-04:00,21.059999465942383,21.899999618530273,20.729999542236328,21.84000015258789,106617,0.0,0.0
2021-08-09 00:00:00-04:00,21.600000381469727,22.3799991607666,21.576000213623047,21.84000015258789,110400,0.0,0.0
2021-08-10 00:00:00-04:00,21.899999618530273,22.24799919128418,21.270000457763672,21.479999542236328,97750,0.0,0.0
2021-08-11 00:00:00-04:00,21.479999542236328,21.479999542236328,20.489999771118164,21.059999465942383,105167,0.0,0.0
2021-08-12 00:00:00-04:00,21.18000030517578,21.18000030517578,20.639999389648438,20.760000228881836,66167,0.0,0.0
2021-08-13 00:00:00-04:00,20.700000762939453,20.700000762939453,19.860000610351562,19.920000076293945,88750,0.0,0.0
2021-08-16 00:00:00-04:00,19.979999542236328,20.040000915527344,18.899999618530273,18.959999084472656,131500,0.0,0.0
2021-08-17 00:00:00-04:00,18.600000381469727,18.719999313354492,17.520000457763672,18.1200008392334,300267,0.0,0.0
2021-08-18 00:00:00-04:00,18.299999237060547,19.31999969482422,17.81999969482422,18.360000610351562,154533,0.0,0.0
2021-08-19 00:00:00-04:00,18.239999771118164,18.239999771118164,17.280000686645508,17.399999618530273,160067,0.0,0.0
2021-08-20 00:00:00-04:00,17.700000762939453,18.1200008392334,17.399999618530273,17.760000228881836,113133,0.0,0.0
2021-08-23 00:00:00-04:00,18.0,19.40999984741211,18.0,19.079999923706055,120367,0.0,0.0
2021-08-24 00:00:00-04:00,19.31999969482422,19.739999771118164,18.540000915527344,19.440000534057617,127633,0.0,0.0
2021-08-25 00:00:00-04:00,19.6200008392334,21.18000030517578,19.530000686645508,19.739999771118164,304733,0.0,0.0
2021-08-26 00:00:00-04:00,19.739999771118164,20.280000686645508,18.84000015258789,19.020000457763672,88567,0.0,0.0
2021-08-27 00:00:00-04:00,19.020000457763672,19.757999420166016,19.020000457763672,19.440000534057617,93617,0.0,0.0
2021-08-30 00:00:00-04:00,19.200000762939453,19.6200008392334,18.420000076293945,19.260000228881836,98417,0.0,0.0
2021-08-31 00:00:00-04:00,19.3799991607666,20.280000686645508,19.139999389648438,19.559999465942383,107033,0.0,0.0
2021-09-01 00:00:00-04:00,19.739999771118164,20.040000915527344,18.989999771118164,19.3799991607666,114200,0.0,0.0
2021-09-02 00:00:00-04:00,19.440000534057617,19.854000091552734,19.260000228881836,19.3799991607666,78700,0.0,0.0
2021-09-03 00:00:00-04:00,19.440000534057617,19.559999465942383,18.780000686645508,19.079999923706055,68250,0.0,0.0
2021-09-07 00:00:00-04:00,19.020000457763672,19.59000015258789,18.600000381469727,19.139999389648438,197767,0.0,0.0
2021-09-08 00:00:00-04:00,19.104000091552734,19.559999465942383,18.18000030517578,18.780000686645508,311733,0.0,0.0
2021-09-09 00:00:00-04:00,18.719999313354492,19.38599967956543,18.56999969482422,18.600000381469727,165033,0.0,0.0
2021-09-10 00:00:00-04:00,18.65999984741211,19.3799991607666,18.65999984741211,18.719999313354492,95900,0.0,0.0
2021-09-13 00:00:00-04:00,18.780000686645508,19.6200008392334,18.420000076293945,18.84000015258789,249533,0.0,0.0
2021-09-14 00:00:00-04:00,18.899999618530273,19.469999313354492,18.360000610351562,18.65999984741211,292983,0.0,0.0
2021-09-15 00:00:00-04:00,18.65999984741211,18.833999633789062,18.0,18.600000381469727,269100,0.0,0.0
2021-09-16 00:00:00-04:00,18.420000076293945,19.5,18.04800033569336,18.600000381469727,318917,0.0,0.0
2021-09-17 00:00:00-04:00,18.65999984741211,19.020000457763672,18.22800064086914,19.020000457763672,138867,0.0,0.0
2021-09-20 00:00:00-04:00,18.239999771118164,18.299999237060547,16.799999237060547,16.920000076293945,382033,0.0,0.0
2021-09-21 00:00:00-04:00,17.219999313354492,18.1200008392334,17.15999984741211,17.940000534057617,293167,0.0,0.0
2021-09-22 00:00:00-04:00,17.940000534057617,18.600000381469727,17.8799991607666,18.420000076293945,164617,0.0,0.0
2021-09-23 00:00:00-04:00,18.600000381469727,19.170000076293945,18.101999282836914,18.540000915527344,241783,0.0,0.0
2021-09-24 00:00:00-04:00,18.239999771118164,19.31999969482422,18.030000686645508,18.600000381469727,282133,0.0,0.0
2021-09-27 00:00:00-04:00,18.600000381469727,20.034000396728516,18.43199920654297,19.5,328217,0.0,0.0
2021-09-28 00:00:00-04:00,19.440000534057617,19.440000534057617,18.65999984741211,18.84000015258789,237617,0.0,0.0
2021-09-29 00:00:00-04:00,18.84000015258789,19.110000610351562,17.940000534057617,18.0,288017,0.0,0.0
2021-09-30 00:00:00-04:00,18.059999465942383,19.68000030517578,17.8799991607666,18.780000686645508,392167,0.0,0.0
2021-10-01 00:00:00-04:00,18.600000381469727,19.200000762939453,17.700000762939453,18.059999465942383,303150,0.0,0.0
2021-10-04 00:00:00-04:00,17.8799991607666,17.8799991607666,16.979999542236328,17.34000015258789,226383,0.0,0.0
2021-10-05 00:00:00-04:00,17.20199966430664,17.520000457763672,16.68000030517578,17.100000381469727,225133,0.0,0.0
2021-10-06 00:00:00-04:00,16.6200008392334,17.040000915527344,16.440000534057617,16.739999771118164,105717,0.0,0.0
2021-10-07 00:00:00-04:00,16.920000076293945,17.700000762939453,16.812000274658203,17.34000015258789,115950,0.0,0.0
2021-10-08 00:00:00-04:00,17.399999618530273,18.1200008392334,17.040000915527344,17.100000381469727,153717,0.0,0.0
2021-10-11 00:00:00-04:00,17.15999984741211,17.280000686645508,16.6200008392334,16.68000030517578,106583,0.0,0.0
2021-10-12 00:00:00-04:00,16.6200008392334,17.15999984741211,16.6200008392334,17.100000381469727,61883,0.0,0.0
2021-10-13 00:00:00-04:00,17.100000381469727,17.23200035095215,16.799999237060547,17.040000915527344,106683,0.0,0.0
2021-10-14 00:00:00-04:00,17.579999923706055,17.700000762939453,17.15999984741211,17.579999923706055,137300,0.0,0.0
2021-10-15 00:00:00-04:00,17.399999618530273,17.579999923706055,16.889999389648438,16.979999542236328,99683,0.0,0.0
2021-10-18 00:00:00-04:00,16.799999237060547,17.459999084472656,16.3799991607666,16.860000610351562,230450,0.0,0.0
2021-10-19 00:00:00-04:00,16.860000610351562,17.760000228881836,16.799999237060547,17.520000457763672,127533,0.0,0.0
2021-10-20 00:00:00-04:00,17.15999984741211,17.8799991607666,17.15999984741211,17.459999084472656,85567,0.0,0.0
2021-10-21 00:00:00-04:00,17.399999618530273,18.18000030517578,17.34000015258789,17.520000457763672,160950,0.0,0.0
2021-10-22 00:00:00-04:00,17.280000686645508,20.520000457763672,16.739999771118164,19.68000030517578,1428533,0.0,0.0
2021-10-25 00:00:00-04:00,20.81999969482422,22.079999923706055,18.360000610351562,19.559999465942383,1343933,0.0,0.0
2021-10-26 00:00:00-04:00,19.31999969482422,21.360000610351562,18.209999084472656,18.540000915527344,1616617,0.0,0.0
2021-10-27 00:00:00-04:00,18.479999542236328,18.780000686645508,17.8799991607666,17.8799991607666,457433,0.0,0.0
2021-10-28 00:00:00-04:00,18.1200008392334,19.020000457763672,18.0,18.600000381469727,337717,0.0,0.0
2021-10-29 00:00:00-04:00,18.420000076293945,18.959999084472656,17.8799991607666,18.299999237060547,304833,0.0,0.0
2021-11-01 00:00:00-04:00,18.18000030517578,20.100000381469727,18.0,19.799999237060547,540883,0.0,0.0
2021-11-02 00:00:00-04:00,19.559999465942383,20.219999313354492,19.079999923706055,19.260000228881836,244350,0.0,0.0
2021-11-03 00:00:00-04:00,19.200000762939453,19.709999084472656,18.780000686645508,19.260000228881836,161200,0.0,0.0
2021-11-04 00:00:00-04:00,19.3799991607666,19.559999465942383,18.600000381469727,18.600000381469727,138867,0.0,0.0
2021-11-05 00:00:00-04:00,18.65999984741211,18.84000015258789,17.700000762939453,17.700000762939453,219667,0.0,0.0
2021-11-08 00:00:00-05:00,17.81999969482422,19.139999389648438,17.760000228881836,18.65999984741211,214333,0.0,0.0
2021-11-09 00:00:00-05:00,19.020000457763672,19.031999588012695,17.8799991607666,18.239999771118164,174917,0.0,0.0
2021-11-10 00:00:00-05:00,18.18000030517578,18.299999237060547,16.799999237060547,17.100000381469727,306567,0.0,0.0
2021-11-11 00:00:00-05:00,17.459999084472656,17.639999389648438,17.040000915527344,17.100000381469727,114100,0.0,0.0
2021-11-12 00:00:00-05:00,17.34000015258789,17.520000457763672,16.860000610351562,17.100000381469727,144450,0.0,0.0
2021-11-15 00:00:00-05:00,17.639999389648438,17.940000534057617,17.219999313354492,17.8799991607666,286633,0.0,0.0
2021-11-16 00:00:00-05:00,17.81999969482422,18.1200008392334,17.459999084472656,17.579999923706055,153783,0.0,0.0
2021-11-17 00:00:00-05:00,17.459999084472656,17.549999237060547,16.5,16.5,184317,0.0,0.0
2021-11-18 00:00:00-05:00,16.5,16.559999465942383,14.880000114440918,15.180000305175781,326117,0.0,0.0
2021-11-19 00:00:00-05:00,14.9399995803833,15.600000381469727,14.880000114440918,15.0600004196167,123400,0.0,0.0
2021-11-22 00:00:00-05:00,14.880000114440918,14.9399995803833,13.979999542236328,14.34000015258789,215967,0.0,0.0
2021-11-23 00:00:00-05:00,13.920000076293945,14.399999618530273,13.680000305175781,13.920000076293945,308417,0.0,0.0
2021-11-24 00:00:00-05:00,13.680000305175781,14.640000343322754,13.4399995803833,14.579999923706055,179200,0.0,0.0
2021-11-26 00:00:00-05:00,13.920000076293945,14.460000038146973,13.800000190734863,14.460000038146973,91733,0.0,0.0
2021-11-29 00:00:00-05:00,14.279999732971191,14.34000015258789,13.4399995803833,13.5,264733,0.0,0.0
2021-11-30 00:00:00-05:00,13.199999809265137,13.59000015258789,12.449999809265137,13.140000343322754,366017,0.0,0.0
2021-12-01 00:00:00-05:00,13.4399995803833,13.680000305175781,11.9399995803833,12.0,406900,0.0,0.0
2021-12-02 00:00:00-05:00,11.970000267028809,12.720000267028809,11.826000213623047,12.600000381469727,297817,0.0,0.0
2021-12-03 00:00:00-05:00,12.779999732971191,12.779999732971191,11.279999732971191,11.34000015258789,336333,0.0,0.0
2021-12-06 00:00:00-05:00,11.220000267028809,12.210000038146973,10.4399995803833,11.819999694824219,317067,0.0,0.0
2021-12-07 00:00:00-05:00,12.600000381469727,12.899999618530273,12.239999771118164,12.479999542236328,229617,0.0,0.0
2021-12-08 00:00:00-05:00,12.432000160217285,13.319999694824219,12.119999885559082,13.079999923706055,170717,0.0,0.0
2021-12-09 00:00:00-05:00,13.079999923706055,13.260000228881836,12.0,12.0600004196167,142267,0.0,0.0
2021-12-10 00:00:00-05:00,12.359999656677246,12.420000076293945,11.460000038146973,11.760000228881836,192800,0.0,0.0
2021-12-13 00:00:00-05:00,11.760000228881836,12.300000190734863,11.279999732971191,11.819999694824219,332117,0.0,0.0
2021-12-14 00:00:00-05:00,11.399999618530273,11.760000228881836,10.866000175476074,11.220000267028809,281400,0.0,0.0
2021-12-15 00:00:00-05:00,11.34000015258789,12.420000076293945,10.871999740600586,12.0600004196167,271850,0.0,0.0
2021-12-16 00:00:00-05:00,11.9399995803833,12.119999885559082,11.039999961853027,11.100000381469727,302300,0.0,0.0
2021-12-17 00:00:00-05:00,11.1899995803833,12.0600004196167,10.859999656677246,11.220000267028809,579333,0.0,0.0
2021-12-20 00:00:00-05:00,10.859999656677246,11.220000267028809,10.619999885559082,10.859999656677246,223017,0.0,0.0
2021-12-21 00:00:00-05:00,10.920000076293945,11.34000015258789,10.739999771118164,11.15999984741211,192417,0.0,0.0
2021-12-22 00:00:00-05:00,11.039999961853027,11.34000015258789,10.920000076293945,11.100000381469727,110550,0.0,0.0
2021-12-23 00:00:00-05:00,11.279999732971191,11.520000457763672,10.920000076293945,11.220000267028809,123650,0.0,0.0
2021-12-27 00:00:00-05:00,11.279999732971191,11.3100004196167,10.739999771118164,10.800000190734863,235367,0.0,0.0
2021-12-28 00:00:00-05:00,10.920000076293945,10.920000076293945,10.380000114440918,10.4399995803833,156233,0.0,0.0
2021-12-29 00:00:00-05:00,10.380000114440918,10.619999885559082,9.960000038146973,10.319999694824219,197667,0.0,0.0
2021-12-30 00:00:00-05:00,10.380000114440918,11.15999984741211,10.380000114440918,10.4399995803833,268617,0.0,0.0
2021-12-31 00:00:00-05:00,10.4399995803833,10.800000190734863,10.199999809265137,10.199999809265137,180350,0.0,0.0
2022-01-03 00:00:00-05:00,10.380000114440918,11.039999961853027,10.319999694824219,10.979999542236328,158233,0.0,0.0
2022-01-04 00:00:00-05:00,11.100000381469727,11.100000381469727,10.350000381469727,10.680000305175781,92933,0.0,0.0
2022-01-05 00:00:00-05:00,10.739999771118164,10.829999923706055,9.84000015258789,9.960000038146973,189600,0.0,0.0
2022-01-06 00:00:00-05:00,10.079999923706055,10.199999809265137,9.539999961853027,9.84000015258789,120900,0.0,0.0
2022-01-07 00:00:00-05:00,9.779999732971191,10.260000228881836,9.720000267028809,9.960000038146973,103400,0.0,0.0
2022-01-10 00:00:00-05:00,9.779999732971191,9.779999732971191,9.119999885559082,9.539999961853027,331517,0.0,0.0
2022-01-11 00:00:00-05:00,9.539999961853027,10.380000114440918,9.359999656677246,10.020000457763672,151533,0.0,0.0
2022-01-12 00:00:00-05:00,10.319999694824219,10.319999694824219,9.720000267028809,9.899999618530273,126033,0.0,0.0
2022-01-13 00:00:00-05:00,9.899999618530273,10.229999542236328,9.420000076293945,9.420000076293945,115783,0.0,0.0
2022-01-14 00:00:00-05:00,9.300000190734863,10.079999923706055,9.300000190734863,9.84000015258789,144967,0.0,0.0
2022-01-18 00:00:00-05:00,9.239999771118164,10.260000228881836,9.239999771118164,9.539999961853027,185317,0.0,0.0
2022-01-19 00:00:00-05:00,9.600000381469727,9.899999618530273,9.239999771118164,9.300000190734863,123233,0.0,0.0
2022-01-20 00:00:00-05:00,9.239999771118164,9.779999732971191,9.0,9.0600004196167,117933,0.0,0.0
2022-01-21 00:00:00-05:00,9.0,9.0600004196167,8.399999618530273,8.399999618530273,154950,0.0,0.0
2022-01-24 00:00:00-05:00,8.088000297546387,8.279999732971191,7.019999980926514,8.279999732971191,230133,0.0,0.0
2022-01-25 00:00:00-05:00,7.860000133514404,8.220000267028809,7.619999885559082,7.920000076293945,91200,0.0,0.0
2022-01-26 00:00:00-05:00,8.279999732971191,8.399999618530273,7.619999885559082,7.800000190734863,95117,0.0,0.0
2022-01-27 00:00:00-05:00,7.980000019073486,7.980000019073486,6.989999771118164,7.079999923706055,107167,0.0,0.0
2022-01-28 00:00:00-05:00,7.079999923706055,7.5,6.900000095367432,7.5,97900,0.0,0.0
2022-01-31 00:00:00-05:00,7.920000076293945,8.880000114440918,7.800000190734863,8.880000114440918,150800,0.0,0.0
2022-02-01 00:00:00-05:00,9.119999885559082,9.149999618530273,8.550000190734863,9.119999885559082,88833,0.0,0.0
2022-02-02 00:00:00-05:00,9.119999885559082,9.180000305175781,8.279999732971191,8.460000038146973,74967,0.0,0.0
2022-02-03 00:00:00-05:00,8.220000267028809,8.279999732971191,7.739999771118164,7.860000133514404,57800,0.0,0.0
2022-02-04 00:00:00-05:00,7.739999771118164,8.220000267028809,7.679999828338623,8.100000381469727,41100,0.0,0.0
2022-02-07 00:00:00-05:00,8.100000381469727,8.399999618530273,7.860000133514404,8.15999984741211,53733,0.0,0.0
2022-02-08 00:00:00-05:00,7.980000019073486,8.3100004196167,7.920000076293945,8.279999732971191,53850,0.0,0.0
2022-02-09 00:00:00-05:00,8.220000267028809,8.640000343322754,8.220000267028809,8.460000038146973,50333,0.0,0.0
2022-02-10 00:00:00-05:00,7.980000019073486,8.640000343322754,7.980000019073486,8.100000381469727,49633,0.0,0.0
2022-02-11 00:00:00-05:00,8.100000381469727,8.220000267028809,7.440000057220459,7.619999885559082,68867,0.0,0.0
2022-02-14 00:00:00-05:00,7.380000114440918,7.800000190734863,7.199999809265137,7.440000057220459,46483,0.0,0.0
2022-02-15 00:00:00-05:00,7.619999885559082,8.039999961853027,7.619999885559082,7.860000133514404,60417,0.0,0.0
2022-02-16 00:00:00-05:00,7.860000133514404,8.15999984741211,7.739999771118164,8.100000381469727,58717,0.0,0.0
2022-02-17 00:00:00-05:00,7.980000019073486,7.980000019073486,7.5,7.619999885559082,45600,0.0,0.0
2022-02-18 00:00:00-05:00,7.5,7.619999885559082,7.199999809265137,7.380000114440918,57633,0.0,0.0
2022-02-22 00:00:00-05:00,7.199999809265137,7.440000057220459,7.019999980926514,7.139999866485596,54417,0.0,0.0
2022-02-23 00:00:00-05:00,7.980000019073486,8.039999961853027,7.019999980926514,7.019999980926514,241150,0.0,0.0
2022-02-24 00:00:00-05:00,6.360000133514404,7.5,6.300000190734863,7.320000171661377,90583,0.0,0.0
2022-02-25 00:00:00-05:00,7.320000171661377,7.679999828338623,7.079999923706055,7.619999885559082,67983,0.0,0.0
2022-02-28 00:00:00-05:00,7.199999809265137,7.625999927520752,7.079999923706055,7.320000171661377,112483,0.0,0.0
2022-03-01 00:00:00-05:00,7.320000171661377,7.320000171661377,6.78000020980835,7.019999980926514,70400,0.0,0.0
2022-03-02 00:00:00-05:00,7.079999923706055,7.349999904632568,6.900000095367432,7.110000133514404,113583,0.0,0.0
2022-03-03 00:00:00-05:00,7.139999866485596,7.199999809265137,6.599999904632568,6.659999847412109,76683,0.0,0.0
2022-03-04 00:00:00-05:00,6.599999904632568,6.659999847412109,6.179999828338623,6.360000133514404,77200,0.0,0.0
2022-03-07 00:00:00-05:00,6.360000133514404,6.480000019073486,6.059999942779541,6.239999771118164,67267,0.0,0.0
2022-03-08 00:00:00-05:00,6.179999828338623,7.199999809265137,6.0,6.840000152587891,308417,0.0,0.0
2022-03-09 00:00:00-05:00,6.960000038146973,7.139999866485596,6.599999904632568,6.659999847412109,108200,0.0,0.0
2022-03-10 00:00:00-05:00,6.599999904632568,6.659999847412109,6.360000133514404,6.599999904632568,40383,0.0,0.0
2022-03-11 00:00:00-05:00,6.71999979019165,6.71999979019165,6.119999885559082,6.300000190734863,77300,0.0,0.0
2022-03-14 00:00:00-04:00,6.239999771118164,6.239999771118164,5.705999851226807,5.820000171661377,89167,0.0,0.0
2022-03-15 00:00:00-04:00,5.880000114440918,6.179999828338623,5.760000228881836,6.0,68050,0.0,0.0
2022-03-16 00:00:00-04:00,6.119999885559082,6.900000095367432,6.0,6.71999979019165,121167,0.0,0.0
2022-03-17 00:00:00-04:00,6.420000076293945,6.960000038146973,6.420000076293945,6.840000152587891,54117,0.0,0.0
2022-03-18 00:00:00-04:00,6.840000152587891,7.260000228881836,6.840000152587891,6.960000038146973,62700,0.0,0.0
2022-03-21 00:00:00-04:00,6.960000038146973,7.139999866485596,6.71999979019165,6.78000020980835,44583,0.0,0.0
2022-03-22 00:00:00-04:00,6.960000038146973,7.380000114440918,6.929999828338623,7.199999809265137,80017,0.0,0.0
2022-03-23 00:00:00-04:00,7.139999866485596,7.320000171661377,6.960000038146973,7.079999923706055,54800,0.0,0.0
2022-03-24 00:00:00-04:00,7.320000171661377,7.320000171661377,6.840000152587891,6.960000038146973,40000,0.0,0.0
2022-03-25 00:00:00-04:00,6.960000038146973,7.019999980926514,6.539999961853027,6.840000152587891,65567,0.0,0.0
2022-03-28 00:00:00-04:00,6.840000152587891,6.900000095367432,6.539999961853027,6.78000020980835,47667,0.0,0.0
2022-03-29 00:00:00-04:00,6.900000095367432,7.380000114440918,6.71999979019165,7.199999809265137,85100,0.0,0.0
2022-03-30 00:00:00-04:00,7.199999809265137,7.440000057220459,6.71999979019165,6.78000020980835,64200,0.0,0.0
2022-03-31 00:00:00-04:00,6.78000020980835,7.104000091552734,6.480000019073486,6.659999847412109,186983,0.0,0.0
2022-04-01 00:00:00-04:00,6.599999904632568,6.834000110626221,6.0,6.239999771118164,186200,0.0,0.0
2022-04-04 00:00:00-04:00,6.300000190734863,6.539999961853027,6.239999771118164,6.539999961853027,88233,0.0,0.0
2022-04-05 00:00:00-04:00,6.539999961853027,6.630000114440918,6.239999771118164,6.300000190734863,93383,0.0,0.0
2022-04-06 00:00:00-04:00,6.119999885559082,6.179999828338623,5.886000156402588,6.059999942779541,63767,0.0,0.0
2022-04-07 00:00:00-04:00,5.940000057220459,6.107999801635742,5.820000171661377,5.874000072479248,58500,0.0,0.0
2022-04-08 00:00:00-04:00,6.0,6.059999942779541,5.730000019073486,5.886000156402588,78367,0.0,0.0
2022-04-11 00:00:00-04:00,5.820000171661377,5.940000057220459,5.579999923706055,5.760000228881836,96067,0.0,0.0
2022-04-12 00:00:00-04:00,5.880000114440918,5.915999889373779,5.519999980926514,5.723999977111816,56017,0.0,0.0
2022-04-13 00:00:00-04:00,5.664000034332275,5.892000198364258,5.585999965667725,5.892000198364258,40133,0.0,0.0
2022-04-14 00:00:00-04:00,5.820000171661377,5.880000114440918,5.573999881744385,5.742000102996826,45017,0.0,0.0
2022-04-18 00:00:00-04:00,5.760000228881836,5.765999794006348,5.297999858856201,5.5320000648498535,71167,0.0,0.0
2022-04-19 00:00:00-04:00,5.501999855041504,5.573999881744385,5.340000152587891,5.519999980926514,72467,0.0,0.0
2022-04-20 00:00:00-04:00,5.519999980926514,5.604000091552734,5.340000152587891,5.460000038146973,29000,0.0,0.0
2022-04-21 00:00:00-04:00,5.478000164031982,5.6579999923706055,5.052000045776367,5.159999847412109,48533,0.0,0.0
2022-04-22 00:00:00-04:00,5.202000141143799,5.23199987411499,4.938000202178955,5.039999961853027,25433,0.0,0.0
2022-04-25 00:00:00-04:00,5.039999961853027,5.099999904632568,4.806000232696533,5.039999961853027,34250,0.0,0.0
2022-04-26 00:00:00-04:00,4.932000160217285,5.010000228881836,4.685999870300293,4.716000080108643,51067,0.0,0.0
2022-04-27 00:00:00-04:00,4.751999855041504,4.889999866485596,4.679999828338623,4.800000190734863,29317,0.0,0.0
2022-04-28 00:00:00-04:00,4.8480000495910645,4.920000076293945,4.565999984741211,4.860000133514404,27367,0.0,0.0
2022-04-29 00:00:00-04:00,4.590000152587891,5.0279998779296875,4.559999942779541,4.650000095367432,34933,0.0,0.0
2022-05-02 00:00:00-04:00,4.559999942779541,4.920000076293945,4.53000020980835,4.710000038146973,29383,0.0,0.0
2022-05-03 00:00:00-04:00,4.914000034332275,4.914000034332275,4.578000068664551,4.776000022888184,40950,0.0,0.0
2022-05-04 00:00:00-04:00,4.980000019073486,5.25,4.800000190734863,5.070000171661377,79383,0.0,0.0
2022-05-05 00:00:00-04:00,4.973999977111816,5.021999835968018,4.739999771118164,4.829999923706055,28050,0.0,0.0
2022-05-06 00:00:00-04:00,4.668000221252441,4.920000076293945,4.5,4.739999771118164,57217,0.0,0.0
2022-05-09 00:00:00-04:00,4.619999885559082,4.619999885559082,4.110000133514404,4.110000133514404,55667,0.0,0.0
2022-05-10 00:00:00-04:00,4.248000144958496,4.248000144958496,3.809999942779541,3.9839999675750732,75667,0.0,0.0
2022-05-11 00:00:00-04:00,3.9000000953674316,3.9600000381469727,3.5399999618530273,3.5399999618530273,122617,0.0,0.0
2022-05-12 00:00:00-04:00,3.437999963760376,3.5280001163482666,3.119999885559082,3.240000009536743,245417,0.0,0.0
2022-05-13 00:00:00-04:00,3.180000066757202,3.4679999351501465,3.0,3.3239998817443848,419617,0.0,0.0
2022-05-16 00:00:00-04:00,3.4800000190734863,3.75,3.3239998817443848,3.624000072479248,293367,0.0,0.0
2022-05-17 00:00:00-04:00,4.199999809265137,4.199999809265137,3.7200000286102295,4.056000232696533,178600,0.0,0.0
2022-05-18 00:00:00-04:00,3.9000000953674316,4.5,3.9000000953674316,4.182000160217285,112050,0.0,0.0
2022-05-19 00:00:00-04:00,4.320000171661377,4.650000095367432,4.320000171661377,4.613999843597412,87283,0.0,0.0
2022-05-20 00:00:00-04:00,5.099999904632568,5.28000020980835,4.260000228881836,4.6620001792907715,115817,0.0,0.0
2022-05-23 00:00:00-04:00,5.1479997634887695,5.711999893188477,4.926000118255615,5.711999893188477,485800,0.0,0.0
2022-05-24 00:00:00-04:00,5.099999904632568,5.357999801635742,5.015999794006348,5.328000068664551,128433,0.0,0.0
2022-05-25 00:00:00-04:00,5.159999847412109,5.820000171661377,4.889999866485596,5.190000057220459,150267,0.0,0.0
2022-05-26 00:00:00-04:00,5.021999835968018,5.28000020980835,4.860000133514404,4.926000118255615,58967,0.0,0.0
2022-05-27 00:00:00-04:00,4.877999782562256,5.460000038146973,4.697999954223633,5.214000225067139,79767,0.0,0.0
2022-05-31 00:00:00-04:00,4.860000133514404,5.1539998054504395,4.745999813079834,4.932000160217285,69500,0.0,0.0
2022-06-01 00:00:00-04:00,4.860000133514404,4.920000076293945,4.572000026702881,4.710000038146973,55500,0.0,0.0
2022-06-02 00:00:00-04:00,4.728000164031982,4.920000076293945,4.572000026702881,4.920000076293945,40050,0.0,0.0
2022-06-03 00:00:00-04:00,4.739999771118164,4.860000133514404,4.679999828338623,4.776000022888184,26067,0.0,0.0
2022-06-06 00:00:00-04:00,4.800000190734863,4.920000076293945,4.776000022888184,4.817999839782715,20167,0.0,0.0
2022-06-07 00:00:00-04:00,4.769999980926514,4.955999851226807,4.572000026702881,4.757999897003174,52650,0.0,0.0
2022-06-08 00:00:00-04:00,4.739999771118164,4.860000133514404,4.685999870300293,4.829999923706055,25333,0.0,0.0
2022-06-09 00:00:00-04:00,4.800000190734863,4.800000190734863,4.50600004196167,4.613999843597412,19900,0.0,0.0
2022-06-10 00:00:00-04:00,4.697999954223633,4.697999954223633,4.260000228881836,4.296000003814697,26150,0.0,0.0
2022-06-13 00:00:00-04:00,4.199999809265137,4.199999809265137,3.5399999618530273,3.6419999599456787,84733,0.0,0.0
2022-06-14 00:00:00-04:00,3.7799999713897705,3.9000000953674316,3.5999999046325684,3.5999999046325684,91350,0.0,0.0
2022-06-15 00:00:00-04:00,3.618000030517578,3.7799999713897705,3.4800000190734863,3.4800000190734863,115183,0.0,0.0
2022-06-16 00:00:00-04:00,3.299999952316284,3.4619998931884766,3.0959999561309814,3.0959999561309814,116500,0.0,0.0
2022-06-17 00:00:00-04:00,3.059999942779541,3.2100000381469727,2.9100000858306885,2.9100000858306885,674933,0.0,0.0
2022-06-21 00:00:00-04:00,3.059999942779541,3.5999999046325684,3.059999942779541,3.4200000762939453,107833,0.0,0.0
2022-06-22 00:00:00-04:00,3.299999952316284,3.6419999599456787,3.299999952316284,3.5880000591278076,78083,0.0,0.0
2022-06-23 00:00:00-04:00,3.7200000286102295,4.139999866485596,3.7200000286102295,4.110000133514404,93917,0.0,0.0
2022-06-24 00:00:00-04:00,4.271999835968018,4.380000114440918,4.050000190734863,4.260000228881836,51517,0.0,0.0
2022-06-27 00:00:00-04:00,4.440000057220459,4.440000057220459,4.139999866485596,4.254000186920166,70533,0.0,0.0
2022-06-28 00:00:00-04:00,4.260000228881836,4.260000228881836,3.7799999713897705,3.9660000801086426,46917,0.0,0.0
2022-06-29 00:00:00-04:00,3.9000000953674316,3.9000000953674316,3.7200000286102295,3.8580000400543213,25417,0.0,0.0
2022-06-30 00:00:00-04:00,3.7200000286102295,3.7799999713897705,3.6059999465942383,3.7260000705718994,17717,0.0,0.0
2022-07-01 00:00:00-04:00,3.6659998893737793,4.164000034332275,3.6600000858306885,4.026000022888184,21350,0.0,0.0
2022-07-05 00:00:00-04:00,3.9000000953674316,3.9600000381469727,3.6600000858306885,3.9000000953674316,18217,0.0,0.0
2022-07-06 00:00:00-04:00,3.7799999713897705,3.9000000953674316,3.7799999713897705,3.8580000400543213,15400,0.0,0.0
2022-07-07 00:00:00-04:00,3.809999942779541,4.320000171661377,3.809999942779541,4.260000228881836,33250,0.0,0.0
2022-07-08 00:00:00-04:00,4.260000228881836,4.679999828338623,3.9660000801086426,4.079999923706055,63900,0.0,0.0
2022-07-11 00:00:00-04:00,4.013999938964844,4.302000045776367,3.9119999408721924,4.019999980926514,18800,0.0,0.0
2022-07-12 00:00:00-04:00,4.019999980926514,4.211999893188477,3.9660000801086426,4.050000190734863,9133,0.0,0.0
2022-07-13 00:00:00-04:00,4.019999980926514,4.0320000648498535,3.9000000953674316,3.9059998989105225,14517,0.0,0.0
2022-07-14 00:00:00-04:00,3.8399999141693115,3.9600000381469727,3.7799999713897705,3.888000011444092,12967,0.0,0.0
2022-07-15 00:00:00-04:00,3.9000000953674316,3.9719998836517334,3.75,3.9059998989105225,17533,0.0,0.0
2022-07-18 00:00:00-04:00,3.7980000972747803,4.019999980926514,3.7980000972747803,3.941999912261963,27017,0.0,0.0
2022-07-19 00:00:00-04:00,3.9000000953674316,4.139999866485596,3.9000000953674316,4.085999965667725,16250,0.0,0.0
2022-07-20 00:00:00-04:00,4.199999809265137,4.199999809265137,4.019999980926514,4.199999809265137,24183,0.0,0.0
2022-07-21 00:00:00-04:00,4.139999866485596,4.199999809265137,4.019999980926514,4.176000118255615,24350,0.0,0.0
2022-07-22 00:00:00-04:00,4.139999866485596,4.182000160217285,3.8459999561309814,4.1579999923706055,28567,0.0,0.0
2022-07-25 00:00:00-04:00,4.073999881744385,4.073999881744385,3.8399999141693115,3.869999885559082,21483,0.0,0.0
2022-07-26 00:00:00-04:00,3.7980000972747803,3.7980000972747803,3.5399999618530273,3.5999999046325684,24983,0.0,0.0
2022-07-27 00:00:00-04:00,3.6600000858306885,3.8399999141693115,3.5999999046325684,3.7079999446868896,15400,0.0,0.0
2022-07-28 00:00:00-04:00,3.7139999866485596,3.8399999141693115,3.5999999046325684,3.5999999046325684,17367,0.0,0.0
2022-07-29 00:00:00-04:00,3.6600000858306885,3.8940000534057617,3.569999933242798,3.5940001010894775,25633,0.0,0.0
2022-08-01 00:00:00-04:00,3.7139999866485596,3.9600000381469727,3.5999999046325684,3.7980000972747803,18717,0.0,0.0
2022-08-02 00:00:00-04:00,3.7200000286102295,3.996000051498413,3.7200000286102295,3.7260000705718994,18983,0.0,0.0
2022-08-03 00:00:00-04:00,3.8580000400543213,3.9539999961853027,3.7920000553131104,3.875999927520752,16700,0.0,0.0
2022-08-04 00:00:00-04:00,3.875999927520752,3.9600000381469727,3.7260000705718994,3.9000000953674316,23917,0.0,0.0
2022-08-05 00:00:00-04:00,3.996000051498413,3.996000051498413,3.809999942779541,3.9000000953674316,19333,0.0,0.0
2022-08-08 00:00:00-04:00,3.990000009536743,4.320000171661377,3.888000011444092,4.127999782562256,63250,0.0,0.0
2022-08-09 00:00:00-04:00,4.5,4.5,3.9059998989105225,4.0980000495910645,51700,0.0,0.0
2022-08-10 00:00:00-04:00,4.51200008392334,4.619999885559082,4.199999809265137,4.368000030517578,57033,0.0,0.0
2022-08-11 00:00:00-04:00,4.691999912261963,5.039999961853027,4.679999828338623,4.9079999923706055,111517,0.0,0.0
2022-08-12 00:00:00-04:00,5.159999847412109,5.783999919891357,4.920000076293945,5.460000038146973,113650,0.0,0.0
2022-08-15 00:00:00-04:00,5.519999980926514,5.579999923706055,5.28000020980835,5.453999996185303,43933,0.0,0.0
2022-08-16 00:00:00-04:00,5.340000152587891,5.363999843597412,4.48799991607666,4.920000076293945,94200,0.0,0.0
2022-08-17 00:00:00-04:00,4.980000019073486,5.1479997634887695,4.619999885559082,4.835999965667725,33483,0.0,0.0
2022-08-18 00:00:00-04:00,4.860000133514404,4.895999908447266,4.679999828338623,4.800000190734863,19333,0.0,0.0
2022-08-19 00:00:00-04:00,4.644000053405762,4.800000190734863,4.199999809265137,4.409999847412109,42433,0.0,0.0
2022-08-22 00:00:00-04:00,4.260000228881836,4.380000114440918,4.199999809265137,4.260000228881836,22333,0.0,0.0
2022-08-23 00:00:00-04:00,4.260000228881836,4.349999904632568,4.139999866485596,4.314000129699707,18850,0.0,0.0
2022-08-24 00:00:00-04:00,4.349999904632568,4.800000190734863,4.349999904632568,4.607999801635742,21417,0.0,0.0
2022-08-25 00:00:00-04:00,4.800000190734863,4.800000190734863,4.51800012588501,4.619999885559082,21950,0.0,0.0
2022-08-26 00:00:00-04:00,4.739999771118164,4.769999980926514,4.326000213623047,4.380000114440918,14600,0.0,0.0
2022-08-29 00:00:00-04:00,4.260000228881836,4.380000114440918,4.139999866485596,4.199999809265137,21950,0.0,0.0
2022-08-30 00:00:00-04:00,4.145999908447266,4.289999961853027,3.9059998989105225,4.061999797821045,23550,0.0,0.0
2022-08-31 00:00:00-04:00,4.019999980926514,4.254000186920166,3.9600000381469727,4.127999782562256,12400,0.0,0.0
2022-09-01 00:00:00-04:00,4.067999839782715,4.073999881744385,3.7799999713897705,3.9119999408721924,23300,0.0,0.0
2022-09-02 00:00:00-04:00,4.019999980926514,4.079999923706055,3.7860000133514404,3.888000011444092,19133,0.0,0.0
2022-09-06 00:00:00-04:00,3.7860000133514404,4.026000022888184,3.74399995803833,3.822000026702881,10217,0.0,0.0
2022-09-07 00:00:00-04:00,3.9600000381469727,4.139999866485596,3.815999984741211,3.9119999408721924,23833,0.0,0.0
2022-09-08 00:00:00-04:00,3.8459999561309814,4.415999889373779,3.8459999561309814,4.314000129699707,18783,0.0,0.0
2022-09-09 00:00:00-04:00,4.320000171661377,4.380000114440918,4.139999866485596,4.145999908447266,12350,0.0,0.0
2022-09-12 00:00:00-04:00,4.242000102996826,4.440000057220459,4.019999980926514,4.170000076293945,23300,0.0,0.0
2022-09-13 00:00:00-04:00,4.079999923706055,4.176000118255615,3.8459999561309814,3.9179999828338623,20850,0.0,0.0
2022-09-14 00:00:00-04:00,3.9059998989105225,4.193999767303467,3.8519999980926514,3.936000108718872,19550,0.0,0.0
2022-09-15 00:00:00-04:00,3.9000000953674316,4.110000133514404,3.8399999141693115,3.875999927520752,13917,0.0,0.0
2022-09-16 00:00:00-04:00,4.019999980926514,4.019999980926514,3.5999999046325684,3.75600004196167,27050,0.0,0.0
2022-09-19 00:00:00-04:00,3.7200000286102295,3.75600004196167,3.5460000038146973,3.75600004196167,13717,0.0,0.0
2022-09-20 00:00:00-04:00,3.5999999046325684,4.019999980926514,3.5399999618530273,3.7139999866485596,14533,0.0,0.0
2022-09-21 00:00:00-04:00,3.5999999046325684,3.888000011444092,3.5999999046325684,3.7799999713897705,27783,0.0,0.0
2022-09-22 00:00:00-04:00,3.6059999465942383,3.630000114440918,3.359999895095825,3.450000047683716,32350,0.0,0.0
2022-09-23 00:00:00-04:00,3.4800000190734863,3.4800000190734863,3.059999942779541,3.186000108718872,61367,0.0,0.0
2022-09-26 00:00:00-04:00,3.2880001068115234,3.492000102996826,3.119999885559082,3.1440000534057617,17600,0.0,0.0
2022-09-27 00:00:00-04:00,3.180000066757202,3.492000102996826,3.180000066757202,3.359999895095825,16133,0.0,0.0
2022-09-28 00:00:00-04:00,3.299999952316284,3.5880000591278076,3.257999897003174,3.4800000190734863,26233,0.0,0.0
2022-09-29 00:00:00-04:00,3.5280001163482666,3.5280001163482666,3.125999927520752,3.2160000801086426,34350,0.0,0.0
2022-09-30 00:00:00-04:00,3.299999952316284,3.299999952316284,3.131999969482422,3.1559998989105225,12017,0.0,0.0
2022-10-03 00:00:00-04:00,3.119999885559082,3.299999952316284,3.0959999561309814,3.2100000381469727,20383,0.0,0.0
2022-10-04 00:00:00-04:00,3.240000009536743,3.4019999504089355,3.2279999256134033,3.384000062942505,16650,0.0,0.0
2022-10-05 00:00:00-04:00,3.359999895095825,3.4140000343322754,3.240000009536743,3.365999937057495,7700,0.0,0.0
2022-10-06 00:00:00-04:00,3.240000009536743,3.3420000076293945,3.119999885559082,3.2639999389648438,39333,0.0,0.0
2022-10-07 00:00:00-04:00,3.191999912261963,3.390000104904175,3.119999885559082,3.257999897003174,24067,0.0,0.0
2022-10-10 00:00:00-04:00,3.240000009536743,3.390000104904175,3.059999942779541,3.059999942779541,17017,0.0,0.0
2022-10-11 00:00:00-04:00,3.059999942779541,3.299999952316284,3.059999942779541,3.065999984741211,18500,0.0,0.0
2022-10-12 00:00:00-04:00,3.240000009536743,3.299999952316284,3.00600004196167,3.1559998989105225,15383,0.0,0.0
2022-10-13 00:00:00-04:00,3.0899999141693115,3.1559998989105225,3.0,3.114000082015991,15800,0.0,0.0
2022-10-14 00:00:00-04:00,3.180000066757202,3.240000009536743,3.00600004196167,3.0840001106262207,7850,0.0,0.0
2022-10-17 00:00:00-04:00,3.240000009536743,3.240000009536743,3.059999942779541,3.072000026702881,11850,0.0,0.0
2022-10-18 00:00:00-04:00,3.072000026702881,3.240000009536743,3.0299999713897705,3.0420000553131104,15783,0.0,0.0
2022-10-19 00:00:00-04:00,3.119999885559082,3.2100000381469727,3.0,3.0299999713897705,16700,0.0,0.0
2022-10-20 00:00:00-04:00,3.119999885559082,3.197999954223633,3.00600004196167,3.0360000133514404,19717,0.0,0.0
2022-10-21 00:00:00-04:00,3.114000082015991,3.240000009536743,3.00600004196167,3.119999885559082,13917,0.0,0.0
2022-10-24 00:00:00-04:00,3.119999885559082,3.119999885559082,3.0,3.059999942779541,20033,0.0,0.0
2022-10-25 00:00:00-04:00,3.0360000133514404,3.299999952316284,3.0360000133514404,3.240000009536743,26283,0.0,0.0
2022-10-26 00:00:00-04:00,3.119999885559082,3.5940001010894775,3.119999885559082,3.390000104904175,43433,0.0,0.0
2022-10-27 00:00:00-04:00,3.318000078201294,3.7679998874664307,3.312000036239624,3.690000057220459,34350,0.0,0.0
2022-10-28 00:00:00-04:00,3.7799999713897705,3.7799999713897705,3.5999999046325684,3.6419999599456787,26817,0.0,0.0
2022-10-31 00:00:00-04:00,3.5280001163482666,3.6600000858306885,3.4739999771118164,3.4800000190734863,13967,0.0,0.0
2022-11-01 00:00:00-04:00,3.5880000591278076,3.630000114440918,3.305999994277954,3.384000062942505,16750,0.0,0.0
2022-11-02 00:00:00-04:00,3.240000009536743,3.5399999618530273,3.138000011444092,3.299999952316284,11750,0.0,0.0
2022-11-03 00:00:00-04:00,3.299999952316284,3.384000062942505,3.180000066757202,3.246000051498413,16483,0.0,0.0
2022-11-04 00:00:00-04:00,3.3359999656677246,3.4800000190734863,3.059999942779541,3.1679999828338623,17133,0.0,0.0
2022-11-07 00:00:00-05:00,3.119999885559082,3.4800000190734863,3.059999942779541,3.186000108718872,22950,0.0,0.0
2022-11-08 00:00:00-05:00,3.059999942779541,3.180000066757202,3.00600004196167,3.078000068664551,12083,0.0,0.0
2022-11-09 00:00:00-05:00,3.0,3.119999885559082,2.880000114440918,2.9579999446868896,28150,0.0,0.0
2022-11-10 00:00:00-05:00,3.180000066757202,3.180000066757202,2.940000057220459,3.0,25833,0.0,0.0
2022-11-11 00:00:00-05:00,3.0,3.384000062942505,3.0,3.299999952316284,30817,0.0,0.0
2022-11-14 00:00:00-05:00,3.4200000762939453,3.4200000762939453,3.180000066757202,3.2160000801086426,15583,0.0,0.0
2022-11-15 00:00:00-05:00,3.359999895095825,3.359999895095825,3.2039999961853027,3.246000051498413,20767,0.0,0.0
2022-11-16 00:00:00-05:00,4.073999881744385,4.46999979019165,3.5999999046325684,4.320000171661377,1003667,0.0,0.0
2022-11-17 00:00:00-05:00,4.164000034332275,5.093999862670898,4.079999923706055,4.980000019073486,340300,0.0,0.0
2022-11-18 00:00:00-05:00,5.28000020980835,5.880000114440918,4.866000175476074,4.920000076293945,252733,0.0,0.0
2022-11-21 00:00:00-05:00,4.739999771118164,4.920000076293945,3.7799999713897705,4.085999965667725,200067,0.0,0.0
2022-11-22 00:00:00-05:00,4.019999980926514,4.073999881744385,3.8399999141693115,4.007999897003174,47567,0.0,0.0
2022-11-23 00:00:00-05:00,4.019999980926514,4.110000133514404,3.8459999561309814,4.019999980926514,32617,0.0,0.0
2022-11-25 00:00:00-05:00,4.019999980926514,4.079999923706055,3.8399999141693115,4.038000106811523,16317,0.0,0.0
2022-11-28 00:00:00-05:00,4.038000106811523,4.260000228881836,3.7799999713897705,4.050000190734863,39767,0.0,0.0
2022-11-29 00:00:00-05:00,3.9600000381469727,4.199999809265137,3.8459999561309814,3.9600000381469727,18950,0.0,0.0
2022-11-30 00:00:00-05:00,4.079999923706055,4.079999923706055,3.8580000400543213,3.9600000381469727,30200,0.0,0.0
2022-12-01 00:00:00-05:00,4.199999809265137,4.2179999351501465,3.9000000953674316,3.990000009536743,24233,0.0,0.0
2022-12-02 00:00:00-05:00,3.9600000381469727,4.079999923706055,3.9000000953674316,3.930000066757202,17667,0.0,0.0
2022-12-05 00:00:00-05:00,4.019999980926514,4.139999866485596,3.8940000534057617,3.9059998989105225,20700,0.0,0.0
2022-12-06 00:00:00-05:00,3.9000000953674316,3.990000009536743,3.492000102996826,3.5999999046325684,35317,0.0,0.0
2022-12-07 00:00:00-05:00,3.6419999599456787,3.8580000400543213,3.4800000190734863,3.611999988555908,23683,0.0,0.0
2022-12-08 00:00:00-05:00,3.509999990463257,3.7200000286102295,3.390000104904175,3.444000005722046,20133,0.0,0.0
2022-12-09 00:00:00-05:00,3.5399999618530273,3.5999999046325684,3.4019999504089355,3.509999990463257,10217,0.0,0.0
2022-12-12 00:00:00-05:00,3.509999990463257,3.5940001010894775,3.299999952316284,3.359999895095825,18467,0.0,0.0
2022-12-13 00:00:00-05:00,3.4200000762939453,3.5999999046325684,3.305999994277954,3.305999994277954,28283,0.0,0.0
2022-12-14 00:00:00-05:00,3.299999952316284,3.4679999351501465,3.065999984741211,3.180000066757202,24617,0.0,0.0
2022-12-15 00:00:00-05:00,3.119999885559082,3.2820000648498535,3.0,3.0,21417,0.0,0.0
2022-12-16 00:00:00-05:00,3.119999885559082,3.2760000228881836,3.0,3.180000066757202,26050,0.0,0.0
2022-12-19 00:00:00-05:00,3.299999952316284,3.299999952316284,3.0420000553131104,3.0899999141693115,38700,0.0,0.0
2022-12-20 00:00:00-05:00,3.059999942779541,3.2039999961853027,3.00600004196167,3.0239999294281006,38400,0.0,0.0
2022-12-21 00:00:00-05:00,3.059999942779541,3.1500000953674316,3.0,3.053999900817871,27433,0.0,0.0
2022-12-22 00:00:00-05:00,3.119999885559082,3.180000066757202,2.9820001125335693,3.059999942779541,27800,0.0,0.0
2022-12-23 00:00:00-05:00,3.0,3.119999885559082,2.9700000286102295,3.059999942779541,30400,0.0,0.0
2022-12-27 00:00:00-05:00,3.0,3.0299999713897705,2.700000047683716,2.861999988555908,49783,0.0,0.0
2022-12-28 00:00:00-05:00,2.819999933242798,2.8499999046325684,2.5799999237060547,2.7780001163482666,35800,0.0,0.0
2022-12-29 00:00:00-05:00,2.7179999351501465,2.7360000610351562,2.447999954223633,2.700000047683716,84733,0.0,0.0
2022-12-30 00:00:00-05:00,2.6459999084472656,2.700000047683716,2.4600000381469727,2.5439999103546143,59817,0.0,0.0
2023-01-03 00:00:00-05:00,2.640000104904175,2.927999973297119,2.640000104904175,2.7720000743865967,36533,0.0,0.0
2023-01-04 00:00:00-05:00,2.808000087738037,3.119999885559082,2.700000047683716,3.0,37800,0.0,0.0
2023-01-05 00:00:00-05:00,2.940000057220459,3.119999885559082,2.819999933242798,3.119999885559082,19017,0.0,0.0
2023-01-06 00:00:00-05:00,3.119999885559082,3.180000066757202,2.9700000286102295,3.119999885559082,17300,0.0,0.0
2023-01-09 00:00:00-05:00,3.119999885559082,3.246000051498413,3.0,3.1500000953674316,26700,0.0,0.0
2023-01-10 00:00:00-05:00,3.197999954223633,3.4200000762939453,3.125999927520752,3.240000009536743,22500,0.0,0.0
2023-01-11 00:00:00-05:00,3.299999952316284,3.569999933242798,3.197999954223633,3.390000104904175,30400,0.0,0.0
2023-01-12 00:00:00-05:00,3.5399999618530273,3.5399999618530273,3.299999952316284,3.509999990463257,33350,0.0,0.0
2023-01-13 00:00:00-05:00,3.371999979019165,3.7200000286102295,3.365999937057495,3.4800000190734863,26333,0.0,0.0
2023-01-17 00:00:00-05:00,3.4260001182556152,3.5999999046325684,3.4260001182556152,3.509999990463257,28517,0.0,0.0
2023-01-18 00:00:00-05:00,3.6600000858306885,3.7799999713897705,3.4200000762939453,3.509999990463257,45933,0.0,0.0
2023-01-19 00:00:00-05:00,3.4200000762939453,3.509999990463257,3.3359999656677246,3.4019999504089355,26217,0.0,0.0
2023-01-20 00:00:00-05:00,3.4200000762939453,3.5999999046325684,3.4200000762939453,3.4800000190734863,14017,0.0,0.0
2023-01-23 00:00:00-05:00,3.4200000762939453,3.5999999046325684,3.359999895095825,3.4140000343322754,27433,0.0,0.0
2023-01-24 00:00:00-05:00,3.5460000038146973,3.5460000038146973,3.359999895095825,3.384000062942505,16467,0.0,0.0
2023-01-25 00:00:00-05:00,3.359999895095825,3.4200000762939453,3.299999952316284,3.384000062942505,23917,0.0,0.0
2023-01-26 00:00:00-05:00,3.4800000190734863,3.4800000190734863,3.359999895095825,3.371999979019165,24067,0.0,0.0
2023-01-27 00:00:00-05:00,3.4079999923706055,3.5399999618530273,3.3420000076293945,3.4860000610351562,24733,0.0,0.0
2023-01-30 00:00:00-05:00,3.444000005722046,3.569999933242798,3.4260001182556152,3.450000047683716,23850,0.0,0.0
2023-01-31 00:00:00-05:00,3.4800000190734863,3.5999999046325684,3.444000005722046,3.492000102996826,26000,0.0,0.0
2023-02-01 00:00:00-05:00,3.5999999046325684,3.635999917984009,3.450000047683716,3.635999917984009,27650,0.0,0.0
2023-02-02 00:00:00-05:00,3.6600000858306885,4.265999794006348,3.6600000858306885,4.236000061035156,132867,0.0,0.0
2023-02-03 00:00:00-05:00,4.139999866485596,4.314000129699707,4.019999980926514,4.193999767303467,40000,0.0,0.0
2023-02-06 00:00:00-05:00,4.188000202178955,4.48199987411499,4.019999980926514,4.236000061035156,42767,0.0,0.0
2023-02-07 00:00:00-05:00,4.440000057220459,4.584000110626221,4.271999835968018,4.320000171661377,104533,0.0,0.0
2023-02-08 00:00:00-05:00,4.440000057220459,4.48799991607666,4.085999965667725,4.122000217437744,61033,0.0,0.0
2023-02-09 00:00:00-05:00,4.139999866485596,4.320000171661377,3.8399999141693115,3.9600000381469727,21183,0.0,0.0
2023-02-10 00:00:00-05:00,4.0320000648498535,4.199999809265137,3.671999931335449,3.7799999713897705,22983,0.0,0.0
2023-02-13 00:00:00-05:00,3.8340001106262207,4.019999980926514,3.6600000858306885,3.7200000286102295,16983,0.0,0.0
2023-02-14 00:00:00-05:00,3.6419999599456787,3.9600000381469727,3.6059999465942383,3.8399999141693115,19333,0.0,0.0
2023-02-15 00:00:00-05:00,3.7799999713897705,4.019999980926514,3.6600000858306885,3.7799999713897705,21383,0.0,0.0
2023-02-16 00:00:00-05:00,3.7200000286102295,3.9000000953674316,3.7200000286102295,3.7679998874664307,14383,0.0,0.0
2023-02-17 00:00:00-05:00,3.8940000534057617,3.9000000953674316,3.611999988555908,3.6659998893737793,7450,0.0,0.0
2023-02-21 00:00:00-05:00,3.552000045776367,3.7200000286102295,3.552000045776367,3.5999999046325684,9650,0.0,0.0
2023-02-22 00:00:00-05:00,3.5999999046325684,3.7200000286102295,3.4800000190734863,3.509999990463257,8433,0.0,0.0
2023-02-23 00:00:00-05:00,3.4860000610351562,3.5399999618530273,3.299999952316284,3.378000020980835,17933,0.0,0.0
2023-02-24 00:00:00-05:00,3.3480000495910645,3.5399999618530273,3.305999994277954,3.450000047683716,6667,0.0,0.0
2023-02-27 00:00:00-05:00,3.4800000190734863,3.5999999046325684,3.4800000190734863,3.509999990463257,14150,0.0,0.0
2023-02-28 00:00:00-05:00,3.7200000286102295,3.7200000286102295,3.4200000762939453,3.4800000190734863,26750,0.0,0.0
2023-03-01 00:00:00-05:00,3.4860000610351562,3.4860000610351562,3.359999895095825,3.4800000190734863,11267,0.0,0.0
2023-03-02 00:00:00-05:00,3.4200000762939453,3.4800000190734863,3.359999895095825,3.365999937057495,11533,0.0,0.0
2023-03-03 00:00:00-05:00,3.3540000915527344,3.4800000190734863,3.3299999237060547,3.390000104904175,19767,0.0,0.0
2023-03-06 00:00:00-05:00,3.299999952316284,3.4800000190734863,3.299999952316284,3.450000047683716,20350,0.0,0.0
2023-03-07 00:00:00-05:00,3.359999895095825,3.4800000190734863,3.312000036239624,3.444000005722046,5233,0.0,0.0
2023-03-08 00:00:00-05:00,3.359999895095825,3.4200000762939453,3.246000051498413,3.299999952316284,17650,0.0,0.0
2023-03-09 00:00:00-05:00,3.299999952316284,3.359999895095825,3.119999885559082,3.1500000953674316,10717,0.0,0.0
2023-03-10 00:00:00-05:00,3.119999885559082,3.4800000190734863,2.880000114440918,2.940000057220459,53533,0.0,0.0
2023-03-13 00:00:00-04:00,2.819999933242798,3.180000066757202,2.819999933242798,3.0,19000,0.0,0.0
2023-03-14 00:00:00-04:00,2.927999973297119,3.119999885559082,2.927999973297119,3.059999942779541,9950,0.0,0.0
2023-03-15 00:00:00-04:00,2.940000057220459,3.131999969482422,2.9100000858306885,2.934000015258789,16333,0.0,0.0
2023-03-16 00:00:00-04:00,2.99399995803833,3.0,2.819999933242798,2.940000057220459,20100,0.0,0.0
2023-03-17 00:00:00-04:00,2.9700000286102295,2.99399995803833,2.759999990463257,2.819999933242798,15550,0.0,0.0
2023-03-20 00:00:00-04:00,2.819999933242798,2.8499999046325684,2.5799999237060547,2.700000047683716,24983,0.0,0.0
2023-03-21 00:00:00-04:00,2.7060000896453857,3.0,2.7060000896453857,2.9760000705718994,17067,0.0,0.0
2023-03-22 00:00:00-04:00,2.742000102996826,3.0,2.742000102996826,2.940000057220459,8967,0.0,0.0
2023-03-23 00:00:00-04:00,2.880000114440918,3.0,2.759999990463257,2.7660000324249268,12833,0.0,0.0
2023-03-24 00:00:00-04:00,2.7660000324249268,2.9100000858306885,2.6700000762939453,2.819999933242798,8183,0.0,0.0
2023-03-27 00:00:00-04:00,2.7060000896453857,3.2039999961853027,2.6040000915527344,2.8440001010894775,30200,0.0,0.0
2023-03-28 00:00:00-04:00,2.759999990463257,2.819999933242798,2.609999895095825,2.759999990463257,35083,0.0,0.0
2023-03-29 00:00:00-04:00,2.7119998931884766,2.742000102996826,2.555999994277954,2.6459999084472656,44700,0.0,0.0
2023-03-30 00:00:00-04:00,2.7780001163482666,2.7780001163482666,2.549999952316284,2.562000036239624,26467,0.0,0.0
2023-03-31 00:00:00-04:00,2.5799999237060547,2.628000020980835,2.4059998989105225,2.4600000381469727,58100,0.0,0.0
2023-04-03 00:00:00-04:00,2.5799999237060547,2.5799999237060547,2.4000000953674316,2.5139999389648438,38883,0.0,0.0
2023-04-04 00:00:00-04:00,2.5199999809265137,2.5799999237060547,2.4600000381469727,2.4660000801086426,17550,0.0,0.0
2023-04-05 00:00:00-04:00,2.5199999809265137,2.5199999809265137,2.4000000953674316,2.430000066757202,8950,0.0,0.0
2023-04-06 00:00:00-04:00,2.4600000381469727,2.5199999809265137,2.4000000953674316,2.4000000953674316,24933,0.0,0.0
2023-04-10 00:00:00-04:00,2.2799999713897705,2.4000000953674316,2.124000072479248,2.303999900817871,58900,0.0,0.0
2023-04-11 00:00:00-04:00,2.2200000286102295,2.4000000953674316,2.2200000286102295,2.3340001106262207,14450,0.0,0.0
2023-04-12 00:00:00-04:00,2.3340001106262207,2.3580000400543213,2.052000045776367,2.1600000858306885,67283,0.0,0.0
2023-04-13 00:00:00-04:00,2.130000114440918,2.2200000286102295,2.003999948501587,2.063999891281128,50200,0.0,0.0
2023-04-14 00:00:00-04:00,2.058000087738037,2.111999988555908,1.812000036239624,1.968000054359436,98167,0.0,0.0
2023-04-17 00:00:00-04:00,1.9800000190734863,2.0280001163482666,1.8600000143051147,1.9800000190734863,67200,0.0,0.0
2023-04-18 00:00:00-04:00,1.9199999570846558,1.9800000190734863,1.8600000143051147,1.8839999437332153,32183,0.0,0.0
2023-04-19 00:00:00-04:00,1.9559999704360962,2.0399999618530273,1.8600000143051147,2.0399999618530273,49317,0.0,0.0
2023-04-20 00:00:00-04:00,1.9800000190734863,2.052000045776367,1.746000051498413,1.812000036239624,82783,0.0,0.0
2023-04-21 00:00:00-04:00,1.7999999523162842,1.9500000476837158,1.7599999904632568,1.840000033378601,93100,0.0,0.0
2023-04-24 00:00:00-04:00,2.299999952316284,2.319999933242798,1.9299999475479126,2.0899999141693115,1347800,0.0,0.0
2023-04-25 00:00:00-04:00,2.069999933242798,2.0999999046325684,1.940000057220459,1.9700000286102295,170300,0.0,0.0
2023-04-26 00:00:00-04:00,2.0199999809265137,2.0199999809265137,1.8200000524520874,1.940000057220459,108600,0.0,0.0
2023-04-27 00:00:00-04:00,1.940000057220459,2.009999990463257,1.850000023841858,1.850000023841858,87000,0.0,0.0
2023-04-28 00:00:00-04:00,1.8600000143051147,2.0399999618530273,1.850000023841858,1.9500000476837158,28200,0.0,0.0
2023-05-01 00:00:00-04:00,2.049999952316284,2.049999952316284,1.8799999952316284,1.9509999752044678,65800,0.0,0.0
2023-05-02 00:00:00-04:00,1.940000057220459,1.9900000095367432,1.8600000143051147,1.9600000381469727,21900,0.0,0.0
2023-05-03 00:00:00-04:00,1.9500000476837158,2.0,1.909999966621399,1.9850000143051147,15900,0.0,0.0
2023-05-04 00:00:00-04:00,1.9700000286102295,2.049999952316284,1.9299999475479126,2.007999897003174,26900,0.0,0.0
2023-05-05 00:00:00-04:00,2.009999990463257,2.069999933242798,1.9700000286102295,1.9800000190734863,22500,0.0,0.0
2023-05-08 00:00:00-04:00,1.9700000286102295,2.063999891281128,1.9700000286102295,2.063999891281128,36900,0.0,0.0
2023-05-09 00:00:00-04:00,2.0,2.1700000762939453,2.0,2.13100004196167,68800,0.0,0.0
2023-05-10 00:00:00-04:00,2.200000047683716,2.4100000858306885,2.1600000858306885,2.3399999141693115,66600,0.0,0.0
2023-05-11 00:00:00-04:00,2.3399999141693115,2.4000000953674316,2.200000047683716,2.200000047683716,44000,0.0,0.0
2023-05-12 00:00:00-04:00,2.180000066757202,2.2300000190734863,2.1570000648498535,2.200000047683716,17500,0.0,0.0
2023-05-15 00:00:00-04:00,2.1500000953674316,2.240000009536743,2.0999999046325684,2.240000009536743,43300,0.0,0.0
2023-05-16 00:00:00-04:00,2.119999885559082,2.240000009536743,2.01200008392334,2.0299999713897705,36200,0.0,0.0
2023-05-17 00:00:00-04:00,2.0299999713897705,2.049999952316284,1.9199999570846558,2.009999990463257,43400,0.0,0.0
2023-05-18 00:00:00-04:00,2.009999990463257,2.0299999713897705,1.9600000381469727,2.0199999809265137,20200,0.0,0.0
2023-05-19 00:00:00-04:00,2.0,2.0199999809265137,1.9600000381469727,2.0,12600,0.0,0.0
2023-05-22 00:00:00-04:00,2.0,2.109999895095825,1.9600000381469727,2.0399999618530273,12100,0.0,0.0
2023-05-23 00:00:00-04:00,2.010999917984009,2.072999954223633,1.9700000286102295,2.059999942779541,20600,0.0,0.0
2023-05-24 00:00:00-04:00,2.0199999809265137,2.0799999237060547,1.9700000286102295,2.0,16200,0.0,0.0
2023-05-25 00:00:00-04:00,1.9700000286102295,1.9800000190734863,1.9199999570846558,1.9199999570846558,18400,0.0,0.0
2023-05-26 00:00:00-04:00,2.0250000953674316,2.0250000953674316,1.899999976158142,1.9500000476837158,19600,0.0,0.0
2023-05-30 00:00:00-04:00,1.940000057220459,2.069999933242798,1.940000057220459,2.0399999618530273,24100,0.0,0.0
2023-05-31 00:00:00-04:00,2.0399999618530273,2.3399999141693115,1.9850000143051147,2.2799999713897705,46500,0.0,0.0
2023-06-01 00:00:00-04:00,2.259999990463257,2.3399999141693115,2.0999999046325684,2.259999990463257,64900,0.0,0.0
2023-06-02 00:00:00-04:00,2.299999952316284,2.4000000953674316,2.2160000801086426,2.3499999046325684,37000,0.0,0.0
2023-06-05 00:00:00-04:00,2.299999952316284,2.3399999141693115,2.190000057220459,2.200000047683716,26800,0.0,0.0
2023-06-06 00:00:00-04:00,2.1700000762939453,2.3499999046325684,2.1700000762939453,2.3299999237060547,34400,0.0,0.0
2023-06-07 00:00:00-04:00,2.3299999237060547,2.5799999237060547,2.319999933242798,2.5399999618530273,73700,0.0,0.0
2023-06-08 00:00:00-04:00,2.380000114440918,2.5999999046325684,2.380000114440918,2.5199999809265137,53600,0.0,0.0
2023-06-09 00:00:00-04:00,2.4800000190734863,2.569999933242798,2.4000000953674316,2.430000066757202,31700,0.0,0.0
2023-06-12 00:00:00-04:00,2.4000000953674316,2.433000087738037,2.3499999046325684,2.380000114440918,18400,0.0,0.0
2023-06-13 00:00:00-04:00,2.4200000762939453,2.4800000190734863,2.384000062942505,2.4200000762939453,32100,0.0,0.0
2023-06-14 00:00:00-04:00,2.4200000762939453,2.450000047683716,2.380000114440918,2.440000057220459,23400,0.0,0.0
2023-06-15 00:00:00-04:00,2.390000104904175,2.5,2.38100004196167,2.4000000953674316,22700,0.0,0.0
2023-06-16 00:00:00-04:00,2.4000000953674316,2.5,2.4000000953674316,2.430000066757202,17500,0.0,0.0
2023-06-20 00:00:00-04:00,2.450000047683716,2.450000047683716,2.200000047683716,2.2200000286102295,57500,0.0,0.0
2023-06-21 00:00:00-04:00,2.2300000190734863,2.2799999713897705,2.134999990463257,2.134999990463257,23200,0.0,0.0
2023-06-22 00:00:00-04:00,2.2200000286102295,2.25,2.0,2.140000104904175,19300,0.0,0.0
2023-06-23 00:00:00-04:00,2.140000104904175,2.200000047683716,2.119999885559082,2.1600000858306885,8800,0.0,0.0
2023-06-26 00:00:00-04:00,2.1600000858306885,2.190000057220459,2.0799999237060547,2.0799999237060547,17400,0.0,0.0
2023-06-27 00:00:00-04:00,2.0859999656677246,2.180000066757202,2.0199999809265137,2.109999895095825,15300,0.0,0.0
2023-06-28 00:00:00-04:00,2.190000057220459,2.190000057220459,2.059999942779541,2.190000057220459,14500,0.0,0.0
2023-06-29 00:00:00-04:00,2.13100004196167,2.190000057220459,2.0999999046325684,2.1600000858306885,15400,0.0,0.0
2023-06-30 00:00:00-04:00,2.140000104904175,2.299999952316284,2.0799999237060547,2.1700000762939453,18100,0.0,0.0
2023-07-03 00:00:00-04:00,2.180000066757202,2.380000114440918,2.180000066757202,2.2899999618530273,17400,0.0,0.0
2023-07-05 00:00:00-04:00,2.2899999618530273,2.880000114440918,2.2699999809265137,2.749000072479248,165300,0.0,0.0
2023-07-06 00:00:00-04:00,2.690000057220459,2.690000057220459,2.4000000953674316,2.450000047683716,95700,0.0,0.0
2023-07-07 00:00:00-04:00,2.4100000858306885,2.6659998893737793,2.380000114440918,2.4800000190734863,56900,0.0,0.0
2023-07-10 00:00:00-04:00,2.380000114440918,2.4800000190734863,2.3499999046325684,2.3499999046325684,48900,0.0,0.0
2023-07-11 00:00:00-04:00,2.3399999141693115,2.450000047683716,2.3359999656677246,2.3499999046325684,33400,0.0,0.0
2023-07-12 00:00:00-04:00,2.369999885559082,2.677000045776367,2.369999885559082,2.559999942779541,68500,0.0,0.0
2023-07-13 00:00:00-04:00,2.609999895095825,2.75,2.5399999618530273,2.700000047683716,54400,0.0,0.0
2023-07-14 00:00:00-04:00,2.700000047683716,2.7309999465942383,2.5399999618530273,2.6500000953674316,29900,0.0,0.0
2023-07-17 00:00:00-04:00,2.819999933242798,3.2899999618530273,2.819999933242798,3.0,371600,0.0,0.0
2023-07-18 00:00:00-04:00,3.0199999809265137,3.0299999713897705,2.799999952316284,2.890000104904175,96400,0.0,0.0
2023-07-19 00:00:00-04:00,2.9000000953674316,3.0,2.809999942779541,2.880000114440918,46300,0.0,0.0
2023-07-20 00:00:00-04:00,2.9100000858306885,2.9119999408721924,2.75,2.759999990463257,34700,0.0,0.0
2023-07-21 00:00:00-04:00,2.7899999618530273,2.859999895095825,2.75,2.8499999046325684,22500,0.0,0.0
2023-07-24 00:00:00-04:00,2.880000114440918,2.9600000381469727,2.869999885559082,2.9200000762939453,18900,0.0,0.0
2023-07-25 00:00:00-04:00,2.9800000190734863,3.0,2.7799999713897705,2.8299999237060547,24100,0.0,0.0
2023-07-26 00:00:00-04:00,2.7799999713897705,2.8299999237060547,2.5799999237060547,2.680000066757202,44300,0.0,0.0
2023-07-27 00:00:00-04:00,2.640000104904175,2.813999891281128,2.549999952316284,2.549999952316284,26000,0.0,0.0
2023-07-28 00:00:00-04:00,2.549999952316284,2.7899999618530273,2.549999952316284,2.630000114440918,33100,0.0,0.0
2023-07-31 00:00:00-04:00,2.759999990463257,3.190000057220459,2.6700000762939453,3.1500000953674316,116200,0.0,0.0
2023-08-01 00:00:00-04:00,3.140000104904175,3.1500000953674316,2.9700000286102295,3.049999952316284,62100,0.0,0.0
2023-08-02 00:00:00-04:00,3.0199999809265137,3.059999942779541,2.950000047683716,3.059999942779541,31700,0.0,0.0
2023-08-03 00:00:00-04:00,3.0199999809265137,3.0299999713897705,2.9200000762939453,2.940000057220459,18900,0.0,0.0
2023-08-04 00:00:00-04:00,3.009999990463257,3.140000104904175,3.009999990463257,3.069999933242798,44100,0.0,0.0
2023-08-07 00:00:00-04:00,3.0899999141693115,3.0899999141693115,2.9100000858306885,2.940000057220459,30200,0.0,0.0
2023-08-08 00:00:00-04:00,2.9000000953674316,2.9000000953674316,2.799999952316284,2.819999933242798,18700,0.0,0.0
2023-08-09 00:00:00-04:00,2.819999933242798,2.819999933242798,2.6700000762939453,2.7330000400543213,40300,0.0,0.0
2023-08-10 00:00:00-04:00,2.75,2.937999963760376,2.700000047683716,2.8399999141693115,13700,0.0,0.0
2023-08-11 00:00:00-04:00,2.8299999237060547,2.990000009536743,2.740000009536743,2.9100000858306885,18500,0.0,0.0
2023-08-14 00:00:00-04:00,3.0199999809265137,3.0199999809265137,2.8299999237060547,2.940000057220459,27100,0.0,0.0
2023-08-15 00:00:00-04:00,2.8299999237060547,2.930000066757202,2.759999990463257,2.8299999237060547,19000,0.0,0.0
2023-08-16 00:00:00-04:00,2.799999952316284,2.9049999713897705,2.799999952316284,2.8399999141693115,17500,0.0,0.0
2023-08-17 00:00:00-04:00,2.8299999237060547,2.8399999141693115,2.759999990463257,2.7799999713897705,12300,0.0,0.0
2023-08-18 00:00:00-04:00,2.759999990463257,2.759999990463257,2.559999942779541,2.75,44000,0.0,0.0
2023-08-21 00:00:00-04:00,2.759999990463257,2.759999990463257,2.6600000858306885,2.6600000858306885,9200,0.0,0.0
2023-08-22 00:00:00-04:00,2.6600000858306885,2.75,2.6600000858306885,2.680000066757202,13200,0.0,0.0
2023-08-23 00:00:00-04:00,2.700000047683716,2.799999952316284,2.700000047683716,2.740000009536743,30800,0.0,0.0
2023-08-24 00:00:00-04:00,2.6649999618530273,2.759999990463257,2.6029999256134033,2.609999895095825,34500,0.0,0.0
2023-08-25 00:00:00-04:00,2.6649999618530273,2.680000066757202,2.549999952316284,2.5899999141693115,14100,0.0,0.0
2023-08-28 00:00:00-04:00,2.618000030517578,2.671999931335449,2.4860000610351562,2.5199999809265137,38800,0.0,0.0
2023-08-29 00:00:00-04:00,2.4600000381469727,2.630000114440918,2.4600000381469727,2.5,15500,0.0,0.0
2023-08-30 00:00:00-04:00,2.450000047683716,2.5999999046325684,2.450000047683716,2.5899999141693115,17400,0.0,0.0
2023-08-31 00:00:00-04:00,2.680000066757202,2.809999942779541,2.6500000953674316,2.740000009536743,40200,0.0,0.0
2023-09-01 00:00:00-04:00,2.7300000190734863,2.7690000534057617,2.4790000915527344,2.5199999809265137,16100,0.0,0.0
2023-09-05 00:00:00-04:00,2.4700000286102295,2.5789999961853027,2.4700000286102295,2.509999990463257,16600,0.0,0.0
2023-09-06 00:00:00-04:00,2.494999885559082,2.494999885559082,2.4000000953674316,2.424999952316284,10800,0.0,0.0
2023-09-07 00:00:00-04:00,2.4100000858306885,2.509999990463257,2.309999942779541,2.309999942779541,15900,0.0,0.0
2023-09-08 00:00:00-04:00,2.2750000953674316,2.2860000133514404,2.1500000953674316,2.190000057220459,26800,0.0,0.0
2023-09-11 00:00:00-04:00,2.200000047683716,2.2799999713897705,2.0799999237060547,2.200000047683716,30100,0.0,0.0
2023-09-12 00:00:00-04:00,2.2300000190734863,2.3570001125335693,2.0999999046325684,2.2699999809265137,32600,0.0,0.0
2023-09-13 00:00:00-04:00,2.2200000286102295,2.25,2.140000104904175,2.2300000190734863,5700,0.0,0.0
2023-09-14 00:00:00-04:00,2.2200000286102295,2.3269999027252197,2.109999895095825,2.1500000953674316,16000,0.0,0.0
2023-09-15 00:00:00-04:00,2.109999895095825,2.430000066757202,2.109999895095825,2.200000047683716,16000,0.0,0.0
2023-09-18 00:00:00-04:00,2.1600000858306885,2.3580000400543213,2.1600000858306885,2.200000047683716,8300,0.0,0.0
2023-09-19 00:00:00-04:00,2.3399999141693115,2.4000000953674316,2.2100000381469727,2.2699999809265137,8900,0.0,0.0
2023-09-20 00:00:00-04:00,2.359999895095825,2.375999927520752,2.299999952316284,2.3299999237060547,11000,0.0,0.0
2023-09-21 00:00:00-04:00,2.430000066757202,2.700000047683716,2.2899999618530273,2.3499999046325684,329800,0.0,0.0
2023-09-22 00:00:00-04:00,2.430000066757202,2.430000066757202,2.240000009536743,2.240000009536743,49800,0.0,0.0
2023-09-25 00:00:00-04:00,2.240000009536743,2.299999952316284,2.190000057220459,2.2699999809265137,23900,0.0,0.0
2023-09-26 00:00:00-04:00,2.200000047683716,2.2200000286102295,2.049999952316284,2.0799999237060547,45000,0.0,0.0
2023-09-27 00:00:00-04:00,2.1500000953674316,2.200000047683716,2.0299999713897705,2.069999933242798,19800,0.0,0.0
2023-09-28 00:00:00-04:00,2.0899999141693115,2.109999895095825,2.0199999809265137,2.0199999809265137,6700,0.0,0.0
2023-09-29 00:00:00-04:00,2.009999990463257,2.0999999046325684,2.0,2.049999952316284,14600,0.0,0.0
2023-10-02 00:00:00-04:00,2.049999952316284,2.1500000953674316,2.049999952316284,2.119999885559082,28900,0.0,0.0
2023-10-03 00:00:00-04:00,2.0299999713897705,2.125,2.0299999713897705,2.059999942779541,7700,0.0,0.0
2023-10-04 00:00:00-04:00,2.0199999809265137,2.1500000953674316,1.9900000095367432,2.0199999809265137,12900,0.0,0.0
2023-10-05 00:00:00-04:00,1.9700000286102295,2.109999895095825,1.940000057220459,2.009999990463257,11100,0.0,0.0
2023-10-06 00:00:00-04:00,1.9900000095367432,2.0999999046325684,1.9420000314712524,2.0299999713897705,12900,0.0,0.0
2023-10-09 00:00:00-04:00,1.899999976158142,2.069999933242798,1.850000023841858,2.0399999618530273,37400,0.0,0.0
2023-10-10 00:00:00-04:00,1.9900000095367432,2.069999933242798,1.909999966621399,2.009999990463257,48400,0.0,0.0
2023-10-11 00:00:00-04:00,1.9700000286102295,2.0299999713897705,1.937000036239624,1.9600000381469727,17500,0.0,0.0
2023-10-12 00:00:00-04:00,1.9850000143051147,2.009999990463257,1.909999966621399,1.9299999475479126,10900,0.0,0.0
2023-10-13 00:00:00-04:00,1.9299999475479126,2.0,1.9040000438690186,1.9500000476837158,8900,0.0,0.0
2023-10-16 00:00:00-04:00,1.909999966621399,1.9600000381469727,1.899999976158142,1.909999966621399,19800,0.0,0.0
2023-10-17 00:00:00-04:00,1.899999976158142,1.9199999570846558,1.8700000047683716,1.8899999856948853,14500,0.0,0.0
2023-10-18 00:00:00-04:00,1.850000023841858,1.909999966621399,1.75,1.7999999523162842,9100,0.0,0.0
2023-10-19 00:00:00-04:00,1.7699999809265137,1.843999981880188,1.659999966621399,1.659999966621399,17900,0.0,0.0
2023-10-20 00:00:00-04:00,1.600000023841858,1.690000057220459,1.600000023841858,1.600000023841858,15100,0.0,0.0
2023-10-23 00:00:00-04:00,1.5800000429153442,1.6579999923706055,1.5199999809265137,1.559999942779541,8000,0.0,0.0
2023-10-24 00:00:00-04:00,1.590000033378601,1.6799999475479126,1.5700000524520874,1.5700000524520874,9800,0.0,0.0
2023-10-25 00:00:00-04:00,1.649999976158142,1.6799999475479126,1.5299999713897705,1.6299999952316284,32000,0.0,0.0
2023-10-26 00:00:00-04:00,1.6299999952316284,1.7000000476837158,1.6200000047683716,1.6799999475479126,7800,0.0,0.0
2023-10-27 00:00:00-04:00,1.6399999856948853,1.6399999856948853,1.5099999904632568,1.5199999809265137,27600,0.0,0.0
2023-10-30 00:00:00-04:00,1.5299999713897705,1.7480000257492065,1.5299999713897705,1.6799999475479126,22600,0.0,0.0
2023-10-31 00:00:00-04:00,1.6200000047683716,1.8200000524520874,1.559999942779541,1.7050000429153442,29600,0.0,0.0
2023-11-01 00:00:00-04:00,1.659999966621399,1.7899999618530273,1.600000023841858,1.7799999713897705,18700,0.0,0.0
2023-11-02 00:00:00-04:00,1.7200000286102295,1.7799999713897705,1.5199999809265137,1.6200000047683716,38700,0.0,0.0
2023-11-03 00:00:00-04:00,1.7200000286102295,1.7200000286102295,1.5700000524520874,1.6100000143051147,23100,0.0,0.0
2023-11-06 00:00:00-05:00,1.649999976158142,1.649999976158142,1.5800000429153442,1.600000023841858,20200,0.0,0.0
2023-11-07 00:00:00-05:00,1.6299999952316284,1.6549999713897705,1.5499999523162842,1.5700000524520874,21500,0.0,0.0
2023-11-08 00:00:00-05:00,1.590000033378601,1.6200000047683716,1.5,1.5299999713897705,16900,0.0,0.0
2023-11-09 00:00:00-05:00,1.5299999713897705,1.559999942779541,1.4500000476837158,1.4500000476837158,19300,0.0,0.0
2023-11-10 00:00:00-05:00,1.5800000429153442,1.590000033378601,1.399999976158142,1.4900000095367432,22500,0.0,0.0
2023-11-13 00:00:00-05:00,1.5099999904632568,1.5499999523162842,1.4390000104904175,1.5,11600,0.0,0.0
2023-11-14 00:00:00-05:00,1.5399999618530273,1.5800000429153442,1.5099999904632568,1.5499999523162842,32600,0.0,0.0
2023-11-15 00:00:00-05:00,1.5700000524520874,1.5800000429153442,1.534000039100647,1.565000057220459,17800,0.0,0.0
2023-11-16 00:00:00-05:00,1.590000033378601,1.600000023841858,1.5199999809265137,1.5499999523162842,7900,0.0,0.0
2023-11-17 00:00:00-05:00,1.5499999523162842,1.6200000047683716,1.5099999904632568,1.5700000524520874,9900,0.0,0.0
2023-11-20 00:00:00-05:00,1.6100000143051147,1.7400000095367432,1.6100000143051147,1.7100000381469727,49600,0.0,0.0
2023-11-21 00:00:00-05:00,1.7000000476837158,1.75,1.659999966621399,1.75,26800,0.0,0.0
2023-11-22 00:00:00-05:00,1.690000057220459,1.75,1.690000057220459,1.7400000095367432,11700,0.0,0.0
2023-11-24 00:00:00-05:00,1.7200000286102295,1.8600000143051147,1.7200000286102295,1.8600000143051147,7800,0.0,0.0
2023-11-27 00:00:00-05:00,1.8600000143051147,1.9199999570846558,1.8339999914169312,1.9199999570846558,17300,0.0,0.0
2023-11-28 00:00:00-05:00,1.9199999570846558,2.0999999046325684,1.9199999570846558,2.0899999141693115,19700,0.0,0.0
2023-11-29 00:00:00-05:00,2.049999952316284,2.059999942779541,1.8650000095367432,1.9850000143051147,18400,0.0,0.0
2023-11-30 00:00:00-05:00,1.9500000476837158,2.059999942779541,1.871000051498413,1.9299999475479126,23300,0.0,0.0
2023-12-01 00:00:00-05:00,1.9700000286102295,2.0299999713897705,1.899999976158142,2.0199999809265137,24100,0.0,0.0
2023-12-04 00:00:00-05:00,1.9600000381469727,2.009999990463257,1.8700000047683716,1.9700000286102295,26900,0.0,0.0
2023-12-05 00:00:00-05:00,1.9800000190734863,1.9800000190734863,1.878000020980835,1.9199999570846558,16200,0.0,0.0
2023-12-06 00:00:00-05:00,1.8899999856948853,1.9800000190734863,1.809999942779541,1.899999976158142,22300,0.0,0.0
2023-12-07 00:00:00-05:00,1.1699999570846558,1.350000023841858,1.1349999904632568,1.2599999904632568,538300,0.0,0.0
2023-12-08 00:00:00-05:00,1.2799999713897705,1.3799999952316284,1.2400000095367432,1.2599999904632568,120300,0.0,0.0
2023-12-11 00:00:00-05:00,1.2899999618530273,1.3200000524520874,1.2200000286102295,1.2799999713897705,79100,0.0,0.0
2023-12-12 00:00:00-05:00,1.2599999904632568,1.2699999809265137,1.2000000476837158,1.2100000381469727,70000,0.0,0.0
2023-12-13 00:00:00-05:00,1.2000000476837158,1.2100000381469727,1.1100000143051147,1.1100000143051147,118400,0.0,0.0
2023-12-14 00:00:00-05:00,1.1200000047683716,1.1799999475479126,1.0700000524520874,1.1050000190734863,176000,0.0,0.0
2023-12-15 00:00:00-05:00,1.1299999952316284,1.2599999904632568,1.090000033378601,1.159999966621399,213400,0.0,0.0
2023-12-18 00:00:00-05:00,1.2100000381469727,1.25,1.1299999952316284,1.1799999475479126,208400,0.0,0.0
2023-12-19 00:00:00-05:00,1.1699999570846558,1.2400000095367432,1.1299999952316284,1.2200000286102295,162100,0.0,0.0
2023-12-20 00:00:00-05:00,1.190000057220459,1.2400000095367432,1.1399999856948853,1.1649999618530273,100500,0.0,0.0
2023-12-21 00:00:00-05:00,1.1799999475479126,1.2200000286102295,1.1200000047683716,1.2000000476837158,116200,0.0,0.0
2023-12-22 00:00:00-05:00,1.1699999570846558,1.2200000286102295,1.1299999952316284,1.1399999856948853,89400,0.0,0.0
2023-12-26 00:00:00-05:00,1.1399999856948853,1.1699999570846558,1.100000023841858,1.159999966621399,115200,0.0,0.0
2023-12-27 00:00:00-05:00,1.1399999856948853,1.1799999475479126,1.090000033378601,1.1100000143051147,122500,0.0,0.0
2023-12-28 00:00:00-05:00,1.1200000047683716,1.149999976158142,1.0499999523162842,1.0800000429153442,142000,0.0,0.0
2023-12-29 00:00:00-05:00,1.0700000524520874,1.1019999980926514,0.949999988079071,1.0299999713897705,947600,0.0,0.0
2024-01-02 00:00:00-05:00,1.0700000524520874,1.0700000524520874,1.0199999809265137,1.0499999523162842,171300,0.0,0.0
2024-01-03 00:00:00-05:00,1.059999942779541,1.159999966621399,1.0299999713897705,1.149999976158142,123900,0.0,0.0
2024-01-04 00:00:00-05:00,1.159999966621399,1.1699999570846558,1.0499999523162842,1.1200000047683716,182900,0.0,0.0
2024-01-05 00:00:00-05:00,1.1100000143051147,1.1200000047683716,1.059999942779541,1.100000023841858,54000,0.0,0.0
2024-01-08 00:00:00-05:00,1.1100000143051147,1.1100000143051147,1.0199999809265137,1.0499999523162842,140600,0.0,0.0
2024-01-09 00:00:00-05:00,1.059999942779541,1.059999942779541,1.0,1.0399999618530273,94600,0.0,0.0
2024-01-10 00:00:00-05:00,1.0399999618530273,1.059999942779541,1.0,1.024999976158142,114600,0.0,0.0
2024-01-11 00:00:00-05:00,1.0199999809265137,1.0449999570846558,1.0,1.0399999618530273,74900,0.0,0.0
2024-01-12 00:00:00-05:00,1.0399999618530273,1.059999942779541,0.9610000252723694,1.0,124100,0.0,0.0
2024-01-16 00:00:00-05:00,0.9980000257492065,1.0099999904632568,0.8999999761581421,0.9599999785423279,165200,0.0,0.0
2024-01-17 00:00:00-05:00,0.9629999995231628,0.9700000286102295,0.9110000133514404,0.9549999833106995,114600,0.0,0.0
2024-01-18 00:00:00-05:00,0.9599999785423279,0.9660000205039978,0.9200000166893005,0.9399999976158142,61700,0.0,0.0
2024-01-19 00:00:00-05:00,0.9300000071525574,0.949999988079071,0.9200000166893005,0.9399999976158142,26700,0.0,0.0
2024-01-22 00:00:00-05:00,0.9409999847412109,0.9800000190734863,0.9200000166893005,0.9229999780654907,105900,0.0,0.0
2024-01-23 00:00:00-05:00,0.9200000166893005,1.0299999713897705,0.8999999761581421,0.9890000224113464,766000,0.0,0.0
2024-01-24 00:00:00-05:00,1.0399999618530273,1.0800000429153442,1.0299999713897705,1.0800000429153442,270600,0.0,0.0
2024-01-25 00:00:00-05:00,1.059999942779541,1.1100000143051147,1.0,1.0199999809265137,630200,0.0,0.0
2024-01-26 00:00:00-05:00,1.0099999904632568,1.1579999923706055,1.0099999904632568,1.149999976158142,249300,0.0,0.0
2024-01-29 00:00:00-05:00,1.1699999570846558,1.6399999856948853,1.128000020980835,1.399999976158142,5499400,0.0,0.0
2024-01-30 00:00:00-05:00,1.3899999856948853,1.5299999713897705,1.1200000047683716,1.2100000381469727,1800100,0.0,0.0
2024-01-31 00:00:00-05:00,1.190000057220459,1.2000000476837158,1.100000023841858,1.149999976158142,287500,0.0,0.0
2024-02-01 00:00:00-05:00,1.090000033378601,1.149999976158142,1.0199999809265137,1.0399999618530273,187700,0.0,0.0
2024-02-02 00:00:00-05:00,1.0499999523162842,1.0800000429153442,1.0099999904632568,1.059999942779541,85000,0.0,0.0
2024-02-05 00:00:00-05:00,1.1200000047683716,1.1799999475479126,1.100000023841858,1.1399999856948853,274200,0.0,0.0
2024-02-06 00:00:00-05:00,1.1299999952316284,1.159999966621399,1.0800000429153442,1.1100000143051147,119600,0.0,0.0
2024-02-07 00:00:00-05:00,1.1299999952316284,1.1299999952316284,1.0520000457763672,1.100000023841858,88200,0.0,0.0
2024-02-08 00:00:00-05:00,1.100000023841858,1.1390000581741333,1.100000023841858,1.100000023841858,43700,0.0,0.0
2024-02-09 00:00:00-05:00,1.100000023841858,1.1399999856948853,1.100000023841858,1.1299999952316284,40000,0.0,0.0
2024-02-12 00:00:00-05:00,1.1299999952316284,1.1299999952316284,1.100000023841858,1.1100000143051147,99600,0.0,0.0
2024-02-13 00:00:00-05:00,1.090000033378601,1.1200000047683716,1.0499999523162842,1.0499999523162842,76800,0.0,0.0
2024-02-14 00:00:00-05:00,1.1299999952316284,1.1299999952316284,1.059999942779541,1.090000033378601,83700,0.0,0.0
2024-02-15 00:00:00-05:00,1.1200000047683716,1.1469999551773071,1.0820000171661377,1.1200000047683716,55800,0.0,0.0
2024-02-16 00:00:00-05:00,1.2200000286102295,1.2200000286102295,1.059999942779541,1.0800000429153442,71100,0.0,0.0
2024-02-20 00:00:00-05:00,1.0700000524520874,1.1030000448226929,1.0,1.0,146200,0.0,0.0
2024-02-21 00:00:00-05:00,1.0700000524520874,1.090000033378601,1.0099999904632568,1.0800000429153442,251300,0.0,0.0
2024-02-22 00:00:00-05:00,1.159999966621399,1.159999966621399,1.0499999523162842,1.090000033378601,125000,0.0,0.0
2024-02-23 00:00:00-05:00,1.0800000429153442,1.0800000429153442,1.0199999809265137,1.0499999523162842,103700,0.0,0.0
2024-02-26 00:00:00-05:00,1.0499999523162842,1.059999942779541,1.0099999904632568,1.0299999713897705,74300,0.0,0.0
2024-02-27 00:00:00-05:00,1.0299999713897705,1.0700000524520874,1.0299999713897705,1.0299999713897705,66200,0.0,0.0
2024-02-28 00:00:00-05:00,1.0399999618530273,1.059999942779541,1.0,1.0299999713897705,84800,0.0,0.0
2024-02-29 00:00:00-05:00,1.0800000429153442,1.090000033378601,1.0399999618530273,1.090000033378601,144500,0.0,0.0
2024-03-01 00:00:00-05:00,1.0800000429153442,1.1100000143051147,1.062999963760376,1.0950000286102295,71800,0.0,0.0
2024-03-04 00:00:00-05:00,1.090000033378601,1.100000023841858,1.0399999618530273,1.0499999523162842,27900,0.0,0.0
2024-03-05 00:00:00-05:00,1.0499999523162842,1.090000033378601,1.0199999809265137,1.0399999618530273,23400,0.0,0.0
2024-03-06 00:00:00-05:00,1.0299999713897705,1.090000033378601,1.0219999551773071,1.059999942779541,45300,0.0,0.0
2024-03-07 00:00:00-05:00,1.0499999523162842,1.090000033378601,1.0299999713897705,1.0399999618530273,22500,0.0,0.0
2024-03-08 00:00:00-05:00,1.0399999618530273,1.0609999895095825,1.0199999809265137,1.0399999618530273,36700,0.0,0.0
2024-03-11 00:00:00-04:00,1.0399999618530273,1.090000033378601,1.0399999618530273,1.0399999618530273,24600,0.0,0.0
2024-03-12 00:00:00-04:00,1.0399999618530273,1.069000005722046,1.0099999904632568,1.0399999618530273,42400,0.0,0.0
2024-03-13 00:00:00-04:00,1.0399999618530273,1.0499999523162842,1.0010000467300415,1.0199999809265137,26300,0.0,0.0
2024-03-14 00:00:00-04:00,1.0199999809265137,1.0499999523162842,0.9900000095367432,1.0390000343322754,55300,0.0,0.0
2024-03-15 00:00:00-04:00,1.0499999523162842,1.0499999523162842,0.9800000190734863,1.0099999904632568,47000,0.0,0.0
2024-03-18 00:00:00-04:00,1.0,1.0,0.9490000009536743,0.9599999785423279,125400,0.0,0.0
2024-03-19 00:00:00-04:00,0.9860000014305115,1.0099999904632568,0.9599999785423279,0.9700000286102295,127300,0.0,0.0
2024-03-20 00:00:00-04:00,0.9800000190734863,0.9829999804496765,0.949999988079071,0.9700000286102295,63800,0.0,0.0
2024-03-21 00:00:00-04:00,0.9919999837875366,0.9940000176429749,0.9559999704360962,0.9800000190734863,52700,0.0,0.0
2024-03-22 00:00:00-04:00,1.190000057220459,1.3700000047683716,1.100000023841858,1.1699999570846558,19422300,0.0,0.0
2024-03-25 00:00:00-04:00,1.149999976158142,1.2450000047683716,1.1299999952316284,1.2100000381469727,735400,0.0,0.0
2024-03-26 00:00:00-04:00,1.149999976158142,1.1799999475479126,1.1100000143051147,1.1299999952316284,334600,0.0,0.0
2024-03-27 00:00:00-04:00,1.1200000047683716,1.149999976158142,1.0,1.0800000429153442,312300,0.0,0.0
2024-03-28 00:00:00-04:00,1.0399999618530273,1.090999960899353,1.0299999713897705,1.0700000524520874,177400,0.0,0.0
2024-04-01 00:00:00-04:00,1.059999942779541,1.100000023841858,1.0219999551773071,1.0700000524520874,116400,0.0,0.0
2024-04-02 00:00:00-04:00,1.0800000429153442,1.0800000429153442,1.0199999809265137,1.0549999475479126,82900,0.0,0.0
2024-04-03 00:00:00-04:00,1.100000023841858,1.2699999809265137,1.100000023841858,1.2000000476837158,2302200,0.0,0.0
2024-04-04 00:00:00-04:00,1.2000000476837158,1.25,1.1299999952316284,1.2050000429153442,228000,0.0,0.0
2024-04-05 00:00:00-04:00,1.190000057220459,1.2000000476837158,1.1299999952316284,1.1799999475479126,144700,0.0,0.0
2024-04-08 00:00:00-04:00,1.1699999570846558,1.25,1.1699999570846558,1.2300000190734863,76700,0.0,0.0
2024-04-09 00:00:00-04:00,1.2200000286102295,1.2300000190734863,1.1399999856948853,1.159999966621399,61500,0.0,0.0
2024-04-10 00:00:00-04:00,1.159999966621399,1.2000000476837158,1.1200000047683716,1.190000057220459,33300,0.0,0.0
2024-04-11 00:00:00-04:00,1.1299999952316284,1.1679999828338623,1.1299999952316284,1.1299999952316284,51400,0.0,0.0
2024-04-12 00:00:00-04:00,1.149999976158142,1.190000057220459,1.1239999532699585,1.1299999952316284,33900,0.0,0.0
2024-04-15 00:00:00-04:00,1.1299999952316284,1.2000000476837158,1.1299999952316284,1.159999966621399,186600,0.0,0.0
2024-04-16 00:00:00-04:00,1.2000000476837158,1.2100000381469727,1.1299999952316284,1.149999976158142,76800,0.0,0.0
2024-04-17 00:00:00-04:00,1.149999976158142,1.1699999570846558,1.1299999952316284,1.1399999856948853,200600,0.0,0.0
2024-04-18 00:00:00-04:00,1.149999976158142,1.149999976158142,1.0099999904632568,1.0499999523162842,128900,0.0,0.0
2024-04-19 00:00:00-04:00,1.0199999809265137,1.0499999523162842,1.0099999904632568,1.0099999904632568,48700,0.0,0.0
2024-04-22 00:00:00-04:00,1.0199999809265137,1.0499999523162842,1.0099999904632568,1.0199999809265137,57500,0.0,0.0
2024-04-23 00:00:00-04:00,1.0,1.1200000047683716,1.0,1.059999942779541,29200,0.0,0.0
2024-04-24 00:00:00-04:00,1.0499999523162842,1.090000033378601,1.0399999618530273,1.0800000429153442,12800,0.0,0.0
2024-04-25 00:00:00-04:00,1.0800000429153442,1.100000023841858,1.0670000314712524,1.0800000429153442,7600,0.0,0.0
2024-04-26 00:00:00-04:00,1.100000023841858,1.1299999952316284,1.059999942779541,1.0800000429153442,10700,0.0,0.0
2024-04-29 00:00:00-04:00,1.090000033378601,1.1399999856948853,1.0529999732971191,1.0800000429153442,10600,0.0,0.0
2024-04-30 00:00:00-04:00,1.1399999856948853,1.1399999856948853,1.0800000429153442,1.090000033378601,38700,0.0,0.0
2024-05-01 00:00:00-04:00,1.0800000429153442,1.1399999856948853,1.0399999618530273,1.0499999523162842,30200,0.0,0.0
2024-05-02 00:00:00-04:00,1.0499999523162842,1.1200000047683716,1.0499999523162842,1.0800000429153442,15600,0.0,0.0
2024-05-03 00:00:00-04:00,1.0700000524520874,1.1200000047683716,1.0700000524520874,1.0700000524520874,34300,0.0,0.0
2024-05-06 00:00:00-04:00,1.0499999523162842,1.100000023841858,1.0499999523162842,1.0700000524520874,24800,0.0,0.0
2024-05-07 00:00:00-04:00,1.090000033378601,1.100000023841858,1.059999942779541,1.090000033378601,32000,0.0,0.0
2024-05-08 00:00:00-04:00,1.190000057220459,1.2300000190734863,1.0700000524520874,1.1799999475479126,943900,0.0,0.0
2024-05-09 00:00:00-04:00,1.100000023841858,1.2000000476837158,1.100000023841858,1.149999976158142,56700,0.0,0.0
2024-05-10 00:00:00-04:00,1.149999976158142,1.2000000476837158,1.0800000429153442,1.2000000476837158,118900,0.0,0.0
2024-05-13 00:00:00-04:00,1.2300000190734863,1.2300000190734863,1.1399999856948853,1.2100000381469727,67200,0.0,0.0
2024-05-14 00:00:00-04:00,1.159999966621399,1.2200000286102295,1.1519999504089355,1.1950000524520874,77100,0.0,0.0
2024-05-15 00:00:00-04:00,1.2200000286102295,1.2200000286102295,1.1699999570846558,1.2200000286102295,32200,0.0,0.0
2024-05-16 00:00:00-04:00,1.1699999570846558,1.2319999933242798,1.1460000276565552,1.1699999570846558,69800,0.0,0.0
2024-05-17 00:00:00-04:00,1.1699999570846558,1.1799999475479126,1.149999976158142,1.1799999475479126,27900,0.0,0.0
2024-05-20 00:00:00-04:00,1.1699999570846558,1.1699999570846558,1.13100004196167,1.1399999856948853,14100,0.0,0.0
2024-05-21 00:00:00-04:00,1.149999976158142,1.159999966621399,1.1399999856948853,1.149999976158142,15200,0.0,0.0
2024-05-22 00:00:00-04:00,1.1399999856948853,1.149999976158142,1.1200000047683716,1.1399999856948853,11000,0.0,0.0
2024-05-23 00:00:00-04:00,1.1299999952316284,1.159999966621399,1.1100000143051147,1.1200000047683716,12500,0.0,0.0
2024-05-24 00:00:00-04:00,1.100000023841858,1.1460000276565552,1.100000023841858,1.100000023841858,21700,0.0,0.0
2024-05-28 00:00:00-04:00,1.059999942779541,1.125,1.059999942779541,1.090000033378601,49300,0.0,0.0
2024-05-29 00:00:00-04:00,1.1299999952316284,1.1799999475479126,1.090000033378601,1.149999976158142,185300,0.0,0.0
2024-05-30 00:00:00-04:00,1.1799999475479126,1.1799999475479126,1.1200000047683716,1.149999976158142,30700,0.0,0.0
2024-05-31 00:00:00-04:00,1.1399999856948853,1.1399999856948853,1.093000054359436,1.1100000143051147,16700,0.0,0.0
2024-06-03 00:00:00-04:00,1.090000033378601,1.159999966621399,1.090000033378601,1.1399999856948853,25900,0.0,0.0
2024-06-04 00:00:00-04:00,1.1299999952316284,1.159999966621399,1.090000033378601,1.149999976158142,94800,0.0,0.0
2024-06-05 00:00:00-04:00,1.1299999952316284,1.25,1.1160000562667847,1.2300000190734863,156500,0.0,0.0
2024-06-06 00:00:00-04:00,1.2400000095367432,1.2400000095367432,1.159999966621399,1.1699999570846558,33200,0.0,0.0
2024-06-07 00:00:00-04:00,1.1699999570846558,1.1699999570846558,1.1200000047683716,1.149999976158142,30900,0.0,0.0
2024-06-10 00:00:00-04:00,1.0800000429153442,1.149999976158142,1.0800000429153442,1.125,34600,0.0,0.0
2024-06-11 00:00:00-04:00,1.1200000047683716,1.149999976158142,1.090000033378601,1.1100000143051147,14300,0.0,0.0
2024-06-12 00:00:00-04:00,1.100000023841858,1.159999966621399,1.090000033378601,1.125,56600,0.0,0.0
2024-06-13 00:00:00-04:00,1.1299999952316284,1.1299999952316284,1.0499999523162842,1.1100000143051147,59000,0.0,0.0
2024-06-14 00:00:00-04:00,1.100000023841858,1.1399999856948853,1.0700000524520874,1.0700000524520874,37900,0.0,0.0
2024-06-17 00:00:00-04:00,1.100000023841858,1.1200000047683716,1.0700000524520874,1.0800000429153442,31600,0.0,0.0
2024-06-18 00:00:00-04:00,1.0700000524520874,1.0700000524520874,1.0399999618530273,1.0499999523162842,65500,0.0,0.0
2024-06-20 00:00:00-04:00,1.0399999618530273,1.0499999523162842,0.9700000286102295,0.9950000047683716,81400,0.0,0.0
2024-06-21 00:00:00-04:00,1.0,1.0099999904632568,0.9399999976158142,0.9800000190734863,56800,0.0,0.0
2024-06-24 00:00:00-04:00,0.9700000286102295,0.9900000095367432,0.9549999833106995,0.9700000286102295,24600,0.0,0.0
2024-06-25 00:00:00-04:00,0.9300000071525574,0.9980000257492065,0.9200000166893005,0.9610000252723694,63200,0.0,0.0
2024-06-26 00:00:00-04:00,0.9670000076293945,0.9950000047683716,0.9390000104904175,0.9399999976158142,20600,0.0,0.0
2024-06-27 00:00:00-04:00,0.9980000257492065,0.9980000257492065,0.9399999976158142,0.9679999947547913,17200,0.0,0.0
2024-06-28 00:00:00-04:00,0.9810000061988831,0.9810000061988831,0.9470000267028809,0.9580000042915344,6200,0.0,0.0
2024-07-01 00:00:00-04:00,0.949999988079071,0.9900000095367432,0.9399999976158142,0.9700000286102295,7700,0.0,0.0
2024-07-02 00:00:00-04:00,0.9430000185966492,1.0140000581741333,0.9409999847412109,0.9890000224113464,32400,0.0,0.0
2024-07-03 00:00:00-04:00,0.9700000286102295,1.0,0.9700000286102295,0.984000027179718,10400,0.0,0.0
2024-07-05 00:00:00-04:00,1.0399999618530273,1.0449999570846558,1.0,1.0,21500,0.0,0.0
2024-07-08 00:00:00-04:00,1.0199999809265137,1.0399999618530273,1.0099999904632568,1.0399999618530273,57700,0.0,0.0
2024-07-09 00:00:00-04:00,1.0399999618530273,1.0399999618530273,0.9750000238418579,1.0099999904632568,50000,0.0,0.0
2024-07-10 00:00:00-04:00,0.9890000224113464,1.0149999856948853,0.9599999785423279,1.0,64400,0.0,0.0
2024-07-11 00:00:00-04:00,0.9900000095367432,1.0099999904632568,0.9710000157356262,0.9860000014305115,33000,0.0,0.0
2024-07-12 00:00:00-04:00,1.0,1.0499999523162842,0.9860000014305115,1.0049999952316284,80000,0.0,0.0
2024-07-15 00:00:00-04:00,1.0399999618530273,1.0399999618530273,1.0,1.0299999713897705,30200,0.0,0.0
2024-07-16 00:00:00-04:00,1.0199999809265137,1.0390000343322754,1.0099999904632568,1.0299999713897705,40700,0.0,0.0
2024-07-17 00:00:00-04:00,1.0199999809265137,1.0499999523162842,1.0199999809265137,1.0230000019073486,8600,0.0,0.0
2024-07-18 00:00:00-04:00,1.0,1.0499999523162842,1.0,1.0119999647140503,14400,0.0,0.0
2024-07-19 00:00:00-04:00,1.0199999809265137,1.0399999618530273,1.0099999904632568,1.0149999856948853,21500,0.0,0.0
2024-07-22 00:00:00-04:00,1.0299999713897705,1.0399999618530273,0.9399999976158142,0.9800000190734863,104900,0.0,0.0
2024-07-23 00:00:00-04:00,0.9649999737739563,1.0299999713897705,0.949999988079071,0.9599999785423279,20400,0.0,0.0
2024-07-24 00:00:00-04:00,0.9800000190734863,0.9900000095367432,0.949999988079071,0.9700000286102295,26900,0.0,0.0
2024-07-25 00:00:00-04:00,0.9700000286102295,0.9700000286102295,0.949999988079071,0.9660000205039978,15900,0.0,0.0
2024-07-26 00:00:00-04:00,0.9750000238418579,1.0299999713897705,0.9409999847412109,0.984000027179718,749900,0.0,0.0
2024-07-29 00:00:00-04:00,1.0499999523162842,1.0499999523162842,0.9599999785423279,0.9610000252723694,132600,0.0,0.0
2024-07-30 00:00:00-04:00,0.9800000190734863,0.9800000190734863,0.9200000166893005,0.9340000152587891,54400,0.0,0.0
2024-07-31 00:00:00-04:00,0.9399999976158142,0.9760000109672546,0.9399999976158142,0.9490000009536743,27900,0.0,0.0
2024-08-01 00:00:00-04:00,0.9300000071525574,0.9399999976158142,0.8999999761581421,0.8999999761581421,69500,0.0,0.0
2024-08-02 00:00:00-04:00,0.9100000262260437,0.9200000166893005,0.8700000047683716,0.8700000047683716,49600,0.0,0.0
2024-08-05 00:00:00-04:00,0.8600000143051147,0.8799999952316284,0.8299999833106995,0.8410000205039978,57900,0.0,0.0
2024-08-06 00:00:00-04:00,0.8410000205039978,0.8410000205039978,0.6330000162124634,0.7540000081062317,145700,0.0,0.0
2024-08-07 00:00:00-04:00,0.7919999957084656,0.8100000023841858,0.75,0.7979999780654907,64600,0.0,0.0
2024-08-08 00:00:00-04:00,0.8019999861717224,0.8420000076293945,0.800000011920929,0.8199999928474426,17800,0.0,0.0
2024-08-09 00:00:00-04:00,0.8140000104904175,0.8169999718666077,0.7900000214576721,0.800000011920929,42100,0.0,0.0
2024-08-12 00:00:00-04:00,0.8199999928474426,0.8199999928474426,0.7450000047683716,0.75,67600,0.0,0.0
2024-08-13 00:00:00-04:00,0.7749999761581421,0.8199999928474426,0.7749999761581421,0.7900000214576721,44700,0.0,0.0
2024-08-14 00:00:00-04:00,0.8199999928474426,0.8199999928474426,0.7509999871253967,0.7799999713897705,62100,0.0,0.0
2024-08-15 00:00:00-04:00,0.7879999876022339,0.8199999928474426,0.7490000128746033,0.7540000081062317,160300,0.0,0.0
2024-08-16 00:00:00-04:00,0.7540000081062317,0.7799999713897705,0.7519999742507935,0.7799999713897705,28900,0.0,0.0
2024-08-19 00:00:00-04:00,0.8040000200271606,0.8130000233650208,0.7620000243186951,0.8029999732971191,58400,0.0,0.0
2024-08-20 00:00:00-04:00,0.7889999747276306,0.8050000071525574,0.7559999823570251,0.7990000247955322,17300,0.0,0.0
2024-08-21 00:00:00-04:00,0.800000011920929,0.8190000057220459,0.7630000114440918,0.800000011920929,19100,0.0,0.0
2024-08-22 00:00:00-04:00,0.800000011920929,0.8100000023841858,0.7699999809265137,0.7879999876022339,25800,0.0,0.0
2024-08-23 00:00:00-04:00,0.7860000133514404,0.8100000023841858,0.7609999775886536,0.7900000214576721,33500,0.0,0.0
2024-08-26 00:00:00-04:00,0.800000011920929,0.8199999928474426,0.7720000147819519,0.7879999876022339,36700,0.0,0.0
2024-08-27 00:00:00-04:00,0.800000011920929,0.800000011920929,0.7820000052452087,0.800000011920929,18200,0.0,0.0
2024-08-28 00:00:00-04:00,0.8100000023841858,0.8169999718666077,0.7900000214576721,0.7900000214576721,19800,0.0,0.0
2024-08-29 00:00:00-04:00,0.7900000214576721,0.8059999942779541,0.7799999713897705,0.7900000214576721,15900,0.0,0.0
2024-08-30 00:00:00-04:00,0.7699999809265137,0.7900000214576721,0.7699999809265137,0.7829999923706055,16200,0.0,0.0
2024-09-03 00:00:00-04:00,0.7850000262260437,0.7850000262260437,0.7400000095367432,0.7670000195503235,45300,0.0,0.0
2024-09-04 00:00:00-04:00,0.7450000047683716,0.7630000114440918,0.7450000047683716,0.7580000162124634,21300,0.0,0.0
2024-09-05 00:00:00-04:00,0.7699999809265137,0.7699999809265137,0.7580000162124634,0.765999972820282,6500,0.0,0.0
2024-09-06 00:00:00-04:00,0.7549999952316284,0.7580000162124634,0.7450000047683716,0.75,14100,0.0,0.0
2024-09-09 00:00:00-04:00,0.75,0.75,0.7260000109672546,0.7400000095367432,13100,0.0,0.0
2024-09-10 00:00:00-04:00,0.7649999856948853,0.7799999713897705,0.7200000286102295,0.7310000061988831,22900,0.0,0.0
2024-09-11 00:00:00-04:00,0.7200000286102295,0.7289999723434448,0.6959999799728394,0.7049999833106995,115300,0.0,0.0
2024-09-12 00:00:00-04:00,0.7160000205039978,0.7400000095367432,0.6899999976158142,0.6899999976158142,33500,0.0,0.0
2024-09-13 00:00:00-04:00,0.6899999976158142,0.7200000286102295,0.6899999976158142,0.7200000286102295,65200,0.0,0.0
2024-09-16 00:00:00-04:00,0.7049999833106995,0.7200000286102295,0.699999988079071,0.718999981880188,26100,0.0,0.0
2024-09-17 00:00:00-04:00,0.7089999914169312,0.7089999914169312,0.6850000023841858,0.6899999976158142,43400,0.0,0.0
2024-09-18 00:00:00-04:00,0.699999988079071,0.7020000219345093,0.6830000281333923,0.6830000281333923,21500,0.0,0.0
2024-09-19 00:00:00-04:00,0.6899999976158142,0.699999988079071,0.6800000071525574,0.6850000023841858,25500,0.0,0.0
2024-09-20 00:00:00-04:00,0.6800000071525574,0.6899999976158142,0.671999990940094,0.6800000071525574,13900,0.0,0.0
2024-09-23 00:00:00-04:00,0.6660000085830688,0.6800000071525574,0.6660000085830688,0.675000011920929,13700,0.0,0.0
2024-09-24 00:00:00-04:00,0.6909999847412109,0.7300000190734863,0.6800000071525574,0.7099999785423279,117400,0.0,0.0
2024-09-25 00:00:00-04:00,0.7099999785423279,0.7450000047683716,0.6800000071525574,0.6899999976158142,35700,0.0,0.0
2024-09-26 00:00:00-04:00,0.7200000286102295,0.7400000095367432,0.6899999976158142,0.699999988079071,26500,0.0,0.0
2024-09-27 00:00:00-04:00,0.7250000238418579,0.7250000238418579,0.699999988079071,0.718999981880188,46200,0.0,0.0
2024-09-30 00:00:00-04:00,0.7099999785423279,0.7200000286102295,0.699999988079071,0.7099999785423279,44700,0.0,0.0
2024-10-01 00:00:00-04:00,0.7099999785423279,0.7099999785423279,0.6600000262260437,0.6710000038146973,29900,0.0,0.0
2024-10-02 00:00:00-04:00,0.6930000185966492,0.7099999785423279,0.671999990940094,0.7089999914169312,28400,0.0,0.0
2024-10-03 00:00:00-04:00,0.7099999785423279,0.7099999785423279,0.6919999718666077,0.7049999833106995,17500,0.0,0.0
2024-10-04 00:00:00-04:00,0.703000009059906,0.7300000190734863,0.6919999718666077,0.703000009059906,39100,0.0,0.0
2024-10-07 00:00:00-04:00,0.6949999928474426,0.7099999785423279,0.6700000166893005,0.6819999814033508,45400,0.0,0.0
2024-10-08 00:00:00-04:00,0.6710000038146973,0.7039999961853027,0.6700000166893005,0.671999990940094,13700,0.0,0.0
2024-10-09 00:00:00-04:00,0.6700000166893005,0.6769999861717224,0.6700000166893005,0.6700000166893005,11800,0.0,0.0
2024-10-10 00:00:00-04:00,0.6899999976158142,0.6899999976158142,0.6399999856948853,0.6499999761581421,54600,0.0,0.0
2024-10-11 00:00:00-04:00,0.6549999713897705,0.6549999713897705,0.6110000014305115,0.6380000114440918,43200,0.0,0.0
2024-10-14 00:00:00-04:00,0.6499999761581421,0.6800000071525574,0.6399999856948853,0.652999997138977,43700,0.0,0.0
2024-10-15 00:00:00-04:00,0.6899999976158142,0.699999988079071,0.6420000195503235,0.6899999976158142,17200,0.0,0.0
2024-10-16 00:00:00-04:00,0.6899999976158142,0.699999988079071,0.6600000262260437,0.6800000071525574,30800,0.0,0.0
2024-10-17 00:00:00-04:00,0.6800000071525574,0.699999988079071,0.6600000262260437,0.6729999780654907,11800,0.0,0.0
2024-10-18 00:00:00-04:00,0.6980000138282776,0.699999988079071,0.6729999780654907,0.6899999976158142,20200,0.0,0.0
2024-10-21 00:00:00-04:00,0.6800000071525574,0.6899999976158142,0.6610000133514404,0.6700000166893005,28300,0.0,0.0
2024-10-22 00:00:00-04:00,0.6700000166893005,0.6800000071525574,0.6399999856948853,0.652999997138977,16300,0.0,0.0
2024-10-23 00:00:00-04:00,0.6399999856948853,0.699999988079071,0.6399999856948853,0.6899999976158142,60600,0.0,0.0
2024-10-24 00:00:00-04:00,0.6779999732971191,0.6830000281333923,0.6399999856948853,0.6600000262260437,30700,0.0,0.0
2024-10-25 00:00:00-04:00,0.699999988079071,0.7400000095367432,0.6399999856948853,0.699999988079071,1028700,0.0,0.0
2024-10-28 00:00:00-04:00,0.6880000233650208,0.7049999833106995,0.6399999856948853,0.6800000071525574,102500,0.0,0.0
2024-10-29 00:00:00-04:00,0.6620000004768372,0.6909999847412109,0.6620000004768372,0.6650000214576721,30300,0.0,0.0
2024-10-30 00:00:00-04:00,0.6690000295639038,0.6700000166893005,0.6399999856948853,0.652999997138977,63200,0.0,0.0
2024-10-31 00:00:00-04:00,0.6420000195503235,0.6499999761581421,0.6100000143051147,0.6110000014305115,81400,0.0,0.0
2024-11-01 00:00:00-04:00,0.6100000143051147,0.6150000095367432,0.6000000238418579,0.609000027179718,79400,0.0,0.0
2024-11-04 00:00:00-05:00,0.6299999952316284,0.6299999952316284,0.5950000286102295,0.6000000238418579,75000,0.0,0.0
2024-11-05 00:00:00-05:00,0.6190000176429749,0.6299999952316284,0.5910000205039978,0.6039999723434448,27900,0.0,0.0
2024-11-06 00:00:00-05:00,0.6200000047683716,0.6299999952316284,0.5979999899864197,0.6100000143051147,61400,0.0,0.0
2024-11-07 00:00:00-05:00,0.6230000257492065,0.6399999856948853,0.6019999980926514,0.6019999980926514,42300,0.0,0.0
2024-11-08 00:00:00-05:00,0.6000000238418579,0.6100000143051147,0.5699999928474426,0.5929999947547913,54600,0.0,0.0
2024-11-11 00:00:00-05:00,0.597000002861023,0.6499999761581421,0.597000002861023,0.6200000047683716,109800,0.0,0.0
2024-11-12 00:00:00-05:00,0.656000018119812,0.6790000200271606,0.625,0.6499999761581421,119700,0.0,0.0
2024-11-13 00:00:00-05:00,0.6499999761581421,0.6600000262260437,0.6200000047683716,0.6200000047683716,47200,0.0,0.0
2024-11-14 00:00:00-05:00,0.6209999918937683,0.6499999761581421,0.6179999709129333,0.6489999890327454,26800,0.0,0.0
2024-11-15 00:00:00-05:00,0.6299999952316284,0.6299999952316284,0.6060000061988831,0.6159999966621399,26800,0.0,0.0
2024-11-18 00:00:00-05:00,0.6029999852180481,0.699999988079071,0.6029999852180481,0.6700000166893005,506500,0.0,0.0
2024-11-19 00:00:00-05:00,0.6620000004768372,0.7369999885559082,0.6119999885559082,0.6399999856948853,3260000,0.0,0.0
2024-11-20 00:00:00-05:00,0.6299999952316284,0.6700000166893005,0.6200000047683716,0.6600000262260437,144300,0.0,0.0
2024-11-21 00:00:00-05:00,0.6700000166893005,0.6700000166893005,0.6399999856948853,0.6439999938011169,76800,0.0,0.0
2024-11-22 00:00:00-05:00,0.6320000290870667,0.6669999957084656,0.6320000290870667,0.6539999842643738,38100,0.0,0.0
2024-11-25 00:00:00-05:00,0.6579999923706055,0.699999988079071,0.6359999775886536,0.6499999761581421,292400,0.0,0.0
2024-11-26 00:00:00-05:00,0.6600000262260437,0.6700000166893005,0.6309999823570251,0.6399999856948853,74800,0.0,0.0
2024-11-27 00:00:00-05:00,0.6800000071525574,0.6880000233650208,0.6100000143051147,0.6100000143051147,234700,0.0,0.0
2024-11-29 00:00:00-05:00,0.6690000295639038,0.6690000295639038,0.6100000143051147,0.6359999775886536,75200,0.0,0.0
2024-12-02 00:00:00-05:00,0.6539999842643738,0.6600000262260437,0.6200000047683716,0.625,194500,0.0,0.0
2024-12-03 00:00:00-05:00,0.6819999814033508,0.6919999718666077,0.625,0.6399999856948853,265600,0.0,0.0
2024-12-04 00:00:00-05:00,0.6499999761581421,0.6600000262260437,0.625,0.6449999809265137,577900,0.0,0.0
2024-12-05 00:00:00-05:00,0.6499999761581421,0.6579999923706055,0.6200000047683716,0.6340000033378601,129400,0.0,0.0
2024-12-06 00:00:00-05:00,0.6240000128746033,0.6499999761581421,0.6100000143051147,0.6380000114440918,251900,0.0,0.0
2024-12-09 00:00:00-05:00,0.6600000262260437,0.6639999747276306,0.6100000143051147,0.621999979019165,992100,0.0,0.0
2024-12-10 00:00:00-05:00,0.6420000195503235,0.6449999809265137,0.6200000047683716,0.6380000114440918,84700,0.0,0.0
2024-12-11 00:00:00-05:00,0.6320000290870667,0.6499999761581421,0.6240000128746033,0.6449999809265137,89900,0.0,0.0
2024-12-12 00:00:00-05:00,0.6449999809265137,0.6499999761581421,0.6299999952316284,0.6470000147819519,74900,0.0,0.0
2024-12-13 00:00:00-05:00,0.6399999856948853,0.6600000262260437,0.6100000143051147,0.6290000081062317,229500,0.0,0.0
2024-12-16 00:00:00-05:00,0.6200000047683716,0.6600000262260437,0.6060000061988831,0.6499999761581421,209000,0.0,0.0
2024-12-17 00:00:00-05:00,0.6499999761581421,0.6600000262260437,0.625,0.6349999904632568,115400,0.0,0.0
2024-12-18 00:00:00-05:00,0.6269999742507935,0.9319999814033508,0.6269999742507935,0.9200000166893005,2216000,0.0,0.0
2024-12-19 00:00:00-05:00,1.1200000047683716,1.2799999713897705,0.7919999957084656,0.9200000166893005,3268400,0.0,0.0
2024-12-20 00:00:00-05:00,1.0499999523162842,1.2699999809265137,0.9399999976158142,1.25,11825600,0.0,0.0
2024-12-23 00:00:00-05:00,1.149999976158142,1.940000057220459,1.100000023841858,1.7100000381469727,4965100,0.0,0.0
2024-12-24 00:00:00-05:00,2.240000009536743,2.630000114440918,2.0,2.4100000858306885,5454600,0.0,0.0
2024-12-26 00:00:00-05:00,2.5299999713897705,2.628000020980835,1.659999966621399,2.0299999713897705,2931000,0.0,0.0
2024-12-27 00:00:00-05:00,2.140000104904175,2.1579999923706055,1.6299999952316284,1.840000033378601,1425100,0.0,0.0
