Date,Open,High,Low,Close,Volume,Dividends,Stock Splits,Capital Gains
2004-07-13 00:00:00-04:00,11.456420787505039,11.476007461547852,11.456420787505039,11.476007461547852,4800,0.0,0.0,0.0
2004-07-14 00:00:00-04:00,11.477965575916922,11.51126381767283,11.432915628869038,11.43879222869873,3600,0.0,0.0,0.0
2004-07-15 00:00:00-04:00,11.454461418149267,11.458378902307826,11.432915628869038,11.43879222869873,4400,0.0,0.0,0.0
2004-07-16 00:00:00-04:00,11.458382541485324,11.458382541485324,11.39570426940918,11.39570426940918,3200,0.0,0.0,0.0
2004-07-19 00:00:00-04:00,11.39766004276021,11.39766004276021,11.342816753979845,11.389825820922852,6000,0.0,0.0,0.0
2004-07-20 00:00:00-04:00,11.38786504191709,11.46621322631836,11.385906673539706,11.46621322631836,3200,0.0,0.0,0.0
2004-07-21 00:00:00-04:00,11.51910069173087,11.51910069173087,11.3702392578125,11.3702392578125,10800,0.0,0.0,0.0
2004-07-22 00:00:00-04:00,11.242921829223633,11.242921829223633,11.242921829223633,11.242921829223633,2400,0.0,0.0,0.0
2004-07-23 00:00:00-04:00,11.168490253269338,11.168490253269338,11.13715113152257,11.154779434204102,1600,0.0,0.0,0.0
2004-07-26 00:00:00-04:00,11.037259042990428,11.043135643005371,11.013754884481843,11.043135643005371,5600,0.0,0.0,0.0
2004-07-27 00:00:00-04:00,11.07839463502114,11.158701212101153,11.068600548619473,11.156742095947266,18000,0.0,0.0,0.0
2004-07-28 00:00:00-04:00,11.092100346285157,11.178282737731934,11.092100346285157,11.178282737731934,2000,0.0,0.0,0.0
2004-07-29 00:00:00-04:00,11.21549764928996,11.227250099182129,11.21549764928996,11.227250099182129,13600,0.0,0.0,0.0
2004-07-30 00:00:00-04:00,11.24879572018974,11.27034150442038,11.24879572018974,11.252713203430176,6000,0.0,0.0,0.0
2004-08-02 00:00:00-04:00,11.223338993990987,11.272306442260742,11.203752313556672,11.272306442260742,2000,0.0,0.0,0.0
2004-08-03 00:00:00-04:00,11.254671999754306,11.256631115040843,11.22137451171875,11.22137451171875,4000,0.0,0.0,0.0
2004-08-04 00:00:00-04:00,11.117564651584987,11.211582771942515,11.117564651584987,11.193954467773438,110400,0.0,0.0,0.0
2004-08-05 00:00:00-04:00,11.08231016262994,11.08231016262994,11.054887771606445,11.054887771606445,2800,0.0,0.0,0.0
2004-08-06 00:00:00-04:00,10.900152764564849,10.900152764564849,10.853143692016602,10.853143692016602,2800,0.0,0.0,0.0
2004-08-09 00:00:00-04:00,10.86489588039425,10.86489588039425,10.849225940867989,10.85901927947998,4000,0.0,0.0,0.0
2004-08-10 00:00:00-04:00,10.892314623601308,10.97653865814209,10.892314623601308,10.97653865814209,29600,0.0,0.0,0.0
2004-08-11 00:00:00-04:00,10.888401717997237,10.894277572631836,10.888401717997237,10.894277572631836,27200,0.0,0.0,0.0
2004-08-12 00:00:00-04:00,10.894277572631836,10.894277572631836,10.894277572631836,10.894277572631836,0,0.0,0.0,0.0
2004-08-13 00:00:00-04:00,10.800255463433462,10.800255463433462,10.772833824157715,10.772833824157715,1600,0.0,0.0,0.0
2004-08-16 00:00:00-04:00,10.937364357374676,10.972620964050293,10.937364357374676,10.972620964050293,13200,0.0,0.0,0.0
2004-08-17 00:00:00-04:00,11.09210121809901,11.09210121809901,11.033340458076676,11.037257194519043,23600,0.0,0.0,0.0
2004-08-18 00:00:00-04:00,11.111690543458792,11.184162139892578,11.10189720564619,11.184162139892578,84800,0.0,0.0,0.0
2004-08-19 00:00:00-04:00,11.141070001041413,11.141070001041413,11.105813391292573,11.123441696166992,14800,0.0,0.0,0.0
2004-08-20 00:00:00-04:00,11.176330540794066,11.21942138671875,11.176330540794066,11.21942138671875,16000,0.0,0.0,0.0
2004-08-23 00:00:00-04:00,11.242923642564225,11.242923642564225,11.223336219787598,11.223336219787598,28400,0.0,0.0,0.0
2004-08-24 00:00:00-04:00,11.260549344256503,11.260549344256503,11.17828368199502,11.21745777130127,150400,0.0,0.0,0.0
2004-08-25 00:00:00-04:00,11.21158396311317,11.270344734191895,11.21158396311317,11.270344734191895,22400,0.0,0.0,0.0
2004-08-26 00:00:00-04:00,11.286013069587035,11.293848037719727,11.268384764880322,11.293848037719727,21200,0.0,0.0,0.0
2004-08-27 00:00:00-04:00,11.29580756965903,11.29776668548584,11.287973347903078,11.29776668548584,4400,0.0,0.0,0.0
2004-08-30 00:00:00-04:00,11.29776330416807,11.29776330416807,11.227250099182129,11.227250099182129,5200,0.0,0.0,0.0
2004-08-31 00:00:00-04:00,11.21354377785943,11.23313045501709,11.1998329544123,11.23313045501709,103600,0.0,0.0,0.0
2004-09-01 00:00:00-04:00,11.3271468543466,11.3271468543466,11.315394401550293,11.315394401550293,4800,0.0,0.0,0.0
2004-09-02 00:00:00-04:00,11.358486562761888,11.448586463928223,11.356527446937015,11.448586463928223,4000,0.0,0.0,0.0
2004-09-03 00:00:00-04:00,11.438794998472684,11.438794998472684,11.413331718868253,11.419207572937012,8400,0.0,0.0,0.0
2004-09-07 00:00:00-04:00,11.505389519225504,11.552397841110908,11.505389519225504,11.532811164855957,12000,0.0,0.0,0.0
2004-09-08 00:00:00-04:00,11.513224587180922,11.513224587180922,11.440752983093262,11.440752983093262,13600,0.0,0.0,0.0
2004-09-09 00:00:00-04:00,11.472094535827637,11.481887876740501,11.411374626673442,11.472094535827637,30000,0.0,0.0,0.0
2004-09-10 00:00:00-04:00,11.458377661436973,11.523015022277832,11.438790989948991,11.523015022277832,170800,0.0,0.0,0.0
2004-09-13 00:00:00-04:00,11.534764760836511,11.599402110663522,11.534764760836511,11.571980476379395,11200,0.0,0.0,0.0
2004-09-14 00:00:00-04:00,11.56807088944963,11.570029258728027,11.538690119985619,11.570029258728027,20400,0.0,0.0,0.0
2004-09-15 00:00:00-04:00,11.487759325137546,11.524974302783818,11.487759325137546,11.493635177612305,5600,0.0,0.0,0.0
2004-09-16 00:00:00-04:00,11.595490151681279,11.595490151681279,11.568068504333496,11.568068504333496,4800,0.0,0.0,0.0
2004-09-17 00:00:00-04:00,11.6033272457432,11.613120586276846,11.575904846191406,11.575904846191406,26800,0.0,0.0,0.0
2004-09-20 00:00:00-04:00,11.54260238371339,11.552395720042767,11.524974079447043,11.528891563415527,7200,0.0,0.0,0.0
2004-09-21 00:00:00-04:00,11.5543549685769,11.62486743927002,11.540643400937588,11.62486743927002,4800,0.0,0.0,0.0
2004-09-22 00:00:00-04:00,11.556314962268953,11.556314962268953,11.507347525988152,11.515182495117188,14800,0.0,0.0,0.0
2004-09-23 00:00:00-04:00,11.464252471923828,11.485798256913355,11.464252471923828,11.464252471923828,12000,0.0,0.0,0.0
2004-09-24 00:00:00-04:00,11.495594345723578,11.509305167240917,11.479925155639648,11.479925155639648,1600,0.0,0.0,0.0
2004-09-27 00:00:00-04:00,11.420653676494963,11.432429839420601,11.412803649902344,11.412803649902344,6000,0.0295,0.0,0.0
2004-09-28 00:00:00-04:00,11.38336027239919,11.454015731811523,11.38336027239919,11.454015731811523,6000,0.0,0.0,0.0
2004-09-29 00:00:00-04:00,11.457939801851216,11.489342141460877,11.444201325065166,11.48737907409668,10000,0.0,0.0,0.0
2004-09-30 00:00:00-04:00,11.540374192076248,11.587478090242415,11.514859549374114,11.585515022277832,21200,0.0,0.0,0.0
2004-10-01 00:00:00-04:00,11.671872590690027,11.713088035583496,11.671872590690027,11.713088035583496,6800,0.0,0.0,0.0
2004-10-04 00:00:00-04:00,11.795520698490558,11.828886122246832,11.777856826782227,11.777856826782227,8800,0.0,0.0,0.0
2004-10-05 00:00:00-04:00,11.711126347670195,11.758230253593227,11.711126347670195,11.732715606689453,21200,0.0,0.0,0.0
2004-10-06 00:00:00-04:00,11.773931255261683,11.799445152282715,11.768042799364316,11.799445152282715,4400,0.0,0.0,0.0
2004-10-07 00:00:00-04:00,11.803372032100205,11.803372032100205,11.709164961435878,11.711127281188965,18000,0.0,0.0,0.0
2004-10-08 00:00:00-04:00,11.701313337065182,11.701313337065182,11.603180885314941,11.603180885314941,10800,0.0,0.0,0.0
2004-10-11 00:00:00-04:00,11.626733317076777,11.642434120178223,11.620844860808937,11.642434120178223,10000,0.0,0.0,0.0
2004-10-12 00:00:00-04:00,11.579628163062774,11.626732064675595,11.579628163062774,11.61495590209961,10800,0.0,0.0,0.0
2004-10-13 00:00:00-04:00,11.56392741625392,11.56392741625392,11.532525062561035,11.532525062561035,2800,0.0,0.0,0.0
2004-10-14 00:00:00-04:00,11.491308522459757,11.522710873170555,11.461869239807129,11.461869239807129,10800,0.0,0.0,0.0
2004-10-15 00:00:00-04:00,11.52271173277424,11.528600188696927,11.50112247467041,11.50112247467041,2800,0.0,0.0,0.0
2004-10-18 00:00:00-04:00,11.481493355453306,11.552148818969727,11.448128691398864,11.552148818969727,3600,0.0,0.0,0.0
2004-10-19 00:00:00-04:00,11.589441265759456,11.589441265759456,11.489346504211426,11.489346504211426,9200,0.0,0.0,0.0
2004-10-20 00:00:00-04:00,11.442242772370909,11.455981254577637,11.38336345595763,11.455981254577637,21200,0.0,0.0,0.0
2004-10-21 00:00:00-04:00,11.465792716749268,11.577664375305176,11.465792716749268,11.577664375305176,10800,0.0,0.0,0.0
2004-10-22 00:00:00-04:00,11.554113311064565,11.56785179281101,11.479533195495605,11.479533195495605,6400,0.0,0.0,0.0
2004-10-25 00:00:00-04:00,11.47364516786469,11.510935975730993,11.47364516786469,11.499159812927246,5200,0.0,0.0,0.0
2004-10-26 00:00:00-04:00,11.510935518200077,11.585515633586047,11.510935518200077,11.583553314208984,14000,0.0,0.0,0.0
2004-10-27 00:00:00-04:00,11.705238616254416,11.77981948852539,11.705238616254416,11.77981948852539,13600,0.0,0.0,0.0
2004-10-28 00:00:00-04:00,11.764116223413069,11.801407028462226,11.764116223413069,11.768041610717773,214400,0.0,0.0,0.0
2004-10-29 00:00:00-04:00,11.781779947677174,11.822996139526367,11.77000453459832,11.822996139526367,8400,0.0,0.0,0.0
2004-11-01 00:00:00-05:00,11.826922437267113,11.850474764111064,11.82103472990171,11.848511695861816,11200,0.0,0.0,0.0
2004-11-02 00:00:00-05:00,11.930941357704048,11.938792132012711,11.842622018459206,11.852435111999512,15200,0.0,0.0,0.0
2004-11-03 00:00:00-05:00,12.025150721736239,12.025150721736239,11.964308332150498,11.96627140045166,34000,0.0,0.0,0.0
2004-11-04 00:00:00-05:00,11.991781975369308,12.154682159423828,11.976081176767382,12.154682159423828,13600,0.0,0.0,0.0
2004-11-05 00:00:00-05:00,12.201788773376627,12.254780387521357,12.184125650686246,12.209639549255371,92800,0.0,0.0,0.0
2004-11-08 00:00:00-05:00,12.184123532853723,12.199824333190918,12.182160464879658,12.199824333190918,14800,0.0,0.0,0.0
2004-11-09 00:00:00-05:00,12.20374900690539,12.248889834685697,12.20374900690539,12.231225967407227,8800,0.0,0.0,0.0
2004-11-10 00:00:00-05:00,12.233189884818987,12.294031516243717,12.233189884818987,12.260666847229004,23600,0.0,0.0,0.0
2004-11-11 00:00:00-05:00,12.292070142414817,12.386277198791504,12.290107074268208,12.386277198791504,57600,0.0,0.0,0.0
2004-11-12 00:00:00-05:00,12.403942884893516,12.515813827514648,12.403942884893516,12.515813827514648,9600,0.0,0.0,0.0
2004-11-15 00:00:00-05:00,12.537400674683147,12.558989931154303,12.51581141821199,12.557026863098145,34800,0.0,0.0,0.0
2004-11-16 00:00:00-05:00,12.511885660137553,12.519736434747418,12.464781761169434,12.464781761169434,10800,0.0,0.0,0.0
2004-11-17 00:00:00-05:00,12.61198296066966,12.627683014742976,12.529551312909707,12.541327476501465,8000,0.0,0.0,0.0
2004-11-18 00:00:00-05:00,12.558991367806016,12.56291675567627,12.521700557384204,12.56291675567627,28400,0.0,0.0,0.0
2004-11-19 00:00:00-05:00,12.433378742625058,12.437304129718843,12.413752555847168,12.413752555847168,17200,0.0,0.0,0.0
2004-11-22 00:00:00-05:00,12.401979458517115,12.49226188659668,12.400017138830941,12.49226188659668,16400,0.0,0.0,0.0
2004-11-23 00:00:00-05:00,12.498147114946539,12.498147114946539,12.468707084655762,12.468707084655762,800,0.0,0.0,0.0
2004-11-24 00:00:00-05:00,12.606095767434937,12.657123565673828,12.59628192302923,12.657123565673828,16400,0.0,0.0,0.0
2004-11-26 00:00:00-05:00,12.704223605579342,12.704223605579342,12.682634353637695,12.682634353637695,6800,0.0,0.0,0.0
2004-11-29 00:00:00-05:00,12.555066739244161,12.66497461149355,12.555066739244161,12.653199195861816,4400,0.0,0.0,0.0
2004-11-30 00:00:00-05:00,12.611983436355047,12.643385043068415,12.606095728682691,12.613945007324219,6800,0.0,0.0,0.0
2004-12-01 00:00:00-05:00,12.678710656327247,12.798432350158691,12.678710656327247,12.798432350158691,9600,0.0,0.0,0.0
2004-12-02 00:00:00-05:00,12.776844003112457,12.798433260741513,12.727777780752284,12.755254745483398,14000,0.0,0.0,0.0
2004-12-03 00:00:00-05:00,12.790584981259236,12.800398826599121,12.784697273008332,12.800398826599121,5200,0.0,0.0,0.0
2004-12-06 00:00:00-05:00,12.768994351006624,12.790583610534668,12.768994351006624,12.790583610534668,6800,0.0,0.0,0.0
2004-12-07 00:00:00-05:00,12.751331011609407,12.778807978290788,12.702264785766602,12.702264785766602,8400,0.0,0.0,0.0
2004-12-08 00:00:00-05:00,12.649267521301404,12.688521385192871,12.649267521301404,12.688521385192871,1200,0.0,0.0,0.0
2004-12-09 00:00:00-05:00,12.58842907384523,12.747403144836426,12.58842907384523,12.747403144836426,9200,0.0,0.0,0.0
2004-12-10 00:00:00-05:00,12.778802758373468,12.80235507621496,12.772915053258536,12.796465873718262,607600,0.0,0.0,0.0
2004-12-13 00:00:00-05:00,12.841609306117611,12.869086265563965,12.80824464070161,12.869086265563965,8400,0.0,0.0,0.0
2004-12-14 00:00:00-05:00,12.878900890300873,12.965256412077206,12.878900890300873,12.959368705749512,20800,0.0,0.0,0.0
2004-12-15 00:00:00-05:00,12.977035860696638,13.047691345214844,12.977035860696638,13.047691345214844,96800,0.0,0.0,0.0
2004-12-16 00:00:00-05:00,13.024140062262523,13.055541670465031,12.975073832822831,12.996663093566895,14400,0.0,0.0,0.0
2004-12-17 00:00:00-05:00,12.965255078445017,12.982919692993164,12.941704255556719,12.982919692993164,8000,0.0,0.0,0.0
2004-12-20 00:00:00-05:00,13.012362542554166,13.030025663553133,12.939743995666504,12.939743995666504,10000,0.0,0.0,0.0
2004-12-21 00:00:00-05:00,12.998623346776531,13.039838790893555,12.977034090708257,13.039838790893555,220400,0.0,0.0,0.0
2004-12-22 00:00:00-05:00,13.05946638278528,13.092831055792946,13.05946638278528,13.081055641174316,51600,0.0,0.0,0.0
2004-12-23 00:00:00-05:00,13.088906823506568,13.09283146270731,13.061429856954254,13.079092979431152,10800,0.0,0.0,0.0
2004-12-27 00:00:00-05:00,13.096004688415217,13.096004688415217,12.995719545469285,13.007518768310547,12000,0.0315,0.0,0.0
2004-12-28 00:00:00-05:00,13.062574216936689,13.121565818786621,13.062574216936689,13.121565818786621,16000,0.0,0.0,0.0
2004-12-29 00:00:00-05:00,13.111735730663687,13.141231536865234,13.111735730663687,13.141231536865234,3600,0.0,0.0,0.0
2004-12-30 00:00:00-05:00,13.135334758355725,13.194324879893037,13.135334758355725,13.18842601776123,8000,0.0,0.0,0.0
2004-12-31 00:00:00-05:00,13.190387845850754,13.241512298583984,13.182522199225943,13.241512298583984,3600,0.0,0.0,0.0
2005-01-03 00:00:00-05:00,13.210053741962383,13.210053741962383,12.995718955993654,12.995718955993652,76000,0.0,0.0,0.0
2005-01-04 00:00:00-05:00,13.011448952756309,13.011448952756309,12.757787451685415,12.785316467285156,34800,0.0,0.0,0.0
2005-01-05 00:00:00-05:00,12.791219254598003,12.803016977744958,12.65947151184082,12.65947151184082,18400,0.0,0.0,0.0
2005-01-06 00:00:00-05:00,12.681099764729364,12.722393289755138,12.655537535014046,12.694864273071289,8000,0.0,0.0,0.0
2005-01-07 00:00:00-05:00,12.72239227518533,12.72239227518533,12.618175077447619,12.66930103302002,16800,0.0,0.0,0.0
2005-01-10 00:00:00-05:00,12.681093667098756,12.773513107334704,12.681093667098756,12.700757026672363,8800,0.0,0.0,0.0
2005-01-11 00:00:00-05:00,12.66143244688221,12.66143244688221,12.598508785483775,12.608341217041016,40400,0.0,0.0,0.0
2005-01-12 00:00:00-05:00,12.629976380327374,12.645706176757812,12.574917592163779,12.645706176757812,252000,0.0,0.0,0.0
2005-01-13 00:00:00-05:00,12.685034036419255,12.736158498662043,12.67716838833137,12.722393989562988,12000,0.0,0.0,0.0
2005-01-14 00:00:00-05:00,12.67127034909588,12.736159324645996,12.657505839104148,12.736159324645996,52400,0.0,0.0,0.0
2005-01-18 00:00:00-05:00,12.708627106978167,12.8344744524429,12.708627106978167,12.818744659423828,17200,0.0,0.0,0.0
2005-01-19 00:00:00-05:00,12.840377547419981,12.85807413091761,12.761722564697266,12.761722564697266,17600,0.0,0.0,0.0
2005-01-20 00:00:00-05:00,12.692893890550774,12.716489323824788,12.661431312561035,12.661431312561035,15600,0.0,0.0,0.0
2005-01-21 00:00:00-05:00,12.64570472337215,12.692898607896476,12.586714618045013,12.600479125976562,21200,0.0,0.0,0.0
2005-01-24 00:00:00-05:00,12.604408872235984,12.610307731657619,12.500191688537598,12.500191688537598,34400,0.0,0.0,0.0
2005-01-25 00:00:00-05:00,12.59851072251375,12.612275228679133,12.521822545275368,12.527721405029297,17600,0.0,0.0,0.0
2005-01-26 00:00:00-05:00,12.57295195963169,12.59654815666326,12.533625214615595,12.574918746948242,18000,0.0,0.0,0.0
2005-01-27 00:00:00-05:00,12.61620807647705,12.669299311427958,12.61620807647705,12.61620807647705,1600,0.0,0.0,0.0
2005-01-28 00:00:00-05:00,12.620141019927246,12.628006666428973,12.561150171382963,12.584746360778809,18400,0.0,0.0,0.0
2005-01-31 00:00:00-05:00,12.692897420923835,12.757786380693728,12.690930634197867,12.734190940856934,8000,0.0,0.0,0.0
2005-02-01 00:00:00-05:00,12.75779037669276,12.860042315408615,12.75779037669276,12.852176666259766,33600,0.0,0.0,0.0
2005-02-02 00:00:00-05:00,12.877735655130103,12.934760471922361,12.877735655130103,12.89346694946289,10800,0.0,0.0,0.0
2005-02-03 00:00:00-05:00,12.881666816614516,12.913127899169922,12.858069879534073,12.913127899169922,35600,0.0,0.0,0.0
2005-02-04 00:00:00-05:00,12.952455871928011,13.056673049926758,12.952455871928011,13.056673049926758,7600,0.0,0.0,0.0
2005-02-07 00:00:00-05:00,13.12156891723368,13.12156891723368,13.05274486541748,13.05274486541748,6800,0.0,0.0,0.0
2005-02-08 00:00:00-05:00,13.090105881989063,13.103870391845703,13.062576862275781,13.103870391845703,5600,0.0,0.0,0.0
2005-02-09 00:00:00-05:00,13.003579964913822,13.017344469177722,12.952455520629883,12.952455520629883,13200,0.0,0.0,0.0
2005-02-10 00:00:00-05:00,12.930826385248965,12.978018760681152,12.930826385248965,12.978018760681152,10000,0.0,0.0,0.0
2005-02-11 00:00:00-05:00,12.942624959376857,13.101900174622934,12.94065817270679,13.097968101501465,24000,0.0,0.0,0.0
2005-02-14 00:00:00-05:00,13.072410453831102,13.086174964904785,13.058645942757417,13.086174964904785,77600,0.0,0.0,0.0
2005-02-15 00:00:00-05:00,13.123531105354534,13.137295612423683,13.074371937219173,13.121565818786621,17600,0.0,0.0,0.0
2005-02-16 00:00:00-05:00,13.103868564174684,13.135331153869629,13.086171982635415,13.135331153869629,15200,0.0,0.0,0.0
2005-02-17 00:00:00-05:00,13.151059591072936,13.151059591072936,13.070439338684082,13.070439338684082,27600,0.0,0.0,0.0
2005-02-18 00:00:00-05:00,13.054708036511805,13.054708036511805,13.03504467010498,13.03504467010498,5200,0.0,0.0,0.0
2005-02-22 00:00:00-05:00,12.962285757895089,13.040940706712716,12.844304084777834,12.844304084777832,92800,0.0,0.0,0.0
2005-02-23 00:00:00-05:00,12.877738331007619,12.901335277410034,12.858074959115163,12.881671905517578,22400,0.0,0.0,0.0
2005-02-24 00:00:00-05:00,12.915097631535915,12.979988098144531,12.875770894316737,12.979988098144531,7600,0.0,0.0,0.0
2005-02-25 00:00:00-05:00,13.056672346353356,13.21004867553711,13.056672346353356,13.21004867553711,9200,0.0,0.0,0.0
2005-02-28 00:00:00-05:00,13.19038668651713,13.198252332450611,13.078303857347505,13.158924102783203,31200,0.0,0.0,0.0
2005-03-01 00:00:00-05:00,13.196287420820962,13.247413376543207,13.186454986952493,13.239547729492188,32800,0.0,0.0,0.0
2005-03-02 00:00:00-05:00,13.265109238458418,13.265109238458418,13.217916858928247,13.241512298583984,4000,0.0,0.0,0.0
2005-03-03 00:00:00-05:00,13.267076173536152,13.267076173536152,13.19432006660703,13.233648300170898,6800,0.0,0.0,0.0
2005-03-04 00:00:00-05:00,13.286740248571322,13.412587602247637,13.286740248571322,13.396856307983398,14400,0.0,0.0,0.0
2005-03-07 00:00:00-05:00,13.447980632042881,13.485342076331165,13.444048559063457,13.475509643554688,30800,0.0,0.0,0.0
2005-03-08 00:00:00-05:00,13.45584554718759,13.45584554718759,13.377190589904785,13.377190589904785,10400,0.0,0.0,0.0
2005-03-09 00:00:00-05:00,13.331961808505108,13.331961808505108,13.198248863220215,13.198248863220215,53200,0.0,0.0,0.0
2005-03-10 00:00:00-05:00,13.227747401631369,13.227747401631369,13.09796798669913,13.147127151489258,5600,0.0,0.0,0.0
2005-03-11 00:00:00-05:00,13.192357712839495,13.192357712839495,13.12353515625,13.12353515625,10800,0.0,0.0,0.0
2005-03-14 00:00:00-05:00,13.170723986269538,13.23364765669339,13.170723986269538,13.231680870056152,10800,0.0,0.0,0.0
2005-03-15 00:00:00-05:00,13.276906075995104,13.30050301430145,13.237579345703125,13.237579345703125,4400,0.0,0.0,0.0
2005-03-16 00:00:00-05:00,13.143197576119242,13.143197576119242,13.046846003883317,13.05274486541748,10000,0.0,0.0,0.0
2005-03-17 00:00:00-05:00,13.064540094869296,13.082236674061933,13.058641235138415,13.076337814331055,20000,0.0,0.0,0.0
2005-03-18 00:00:00-05:00,13.060606240885983,13.060606240885983,12.985884852202917,12.997682571411133,20000,0.0,0.0,0.0
2005-03-21 00:00:00-05:00,12.979988281823863,13.00751729831062,12.94459361773819,12.991786003112793,17200,0.0,0.0,0.0
2005-03-22 00:00:00-05:00,13.04881101754098,13.062575525989528,12.903300285339355,12.903300285339355,24800,0.0,0.0,0.0
2005-03-23 00:00:00-05:00,12.830540780447961,12.85413771736423,12.814809489170448,12.816776275634766,7600,0.0,0.0,0.0
2005-03-24 00:00:00-05:00,12.865936155122716,12.919027390879826,12.865936155122716,12.879700660705566,22400,0.0,0.0,0.0
2005-03-28 00:00:00-05:00,12.87891236963829,12.87891236963829,12.69360380189289,12.839484214782715,51600,0.0415,0.0,0.0
2005-03-29 00:00:00-05:00,12.798088052095926,12.841458278120886,12.642350196838379,12.642350196838379,40000,0.0,0.0,0.0
2005-03-30 00:00:00-05:00,12.715291540490625,12.802031995079899,12.679806945797798,12.782317161560059,224800,0.0,0.0,0.0
2005-03-31 00:00:00-05:00,12.847369147495948,12.896653210364075,12.847369147495948,12.871026039123535,8000,0.0,0.0,0.0
2005-04-01 00:00:00-05:00,12.831598347151747,12.855255239628775,12.817798869214386,12.84934139251709,20400,0.0,0.0,0.0
2005-04-04 00:00:00-04:00,12.79808595721977,12.851313591003418,12.766544936929382,12.851313591003418,8000,0.0,0.0,0.0
2005-04-05 00:00:00-04:00,12.878912511005888,12.906511467692575,12.874968943461884,12.876940727233887,10400,0.0,0.0,0.0
2005-04-06 00:00:00-04:00,12.902568315624626,12.930167273200027,12.87694114188472,12.878912925720215,11200,0.0,0.0,0.0
2005-04-07 00:00:00-04:00,12.892713117574237,12.959738731384277,12.892713117574237,12.959738731384277,16400,0.0,0.0,0.0
2005-04-08 00:00:00-04:00,12.971567567000326,12.971567567000326,12.863142013549805,12.863142013549805,15600,0.0,0.0,0.0
2005-04-11 00:00:00-04:00,12.880884210040197,12.880884210040197,12.825686290584787,12.855257034301758,18400,0.0,0.0,0.0
2005-04-12 00:00:00-04:00,12.813859953472175,12.987339362160453,12.7626040925297,12.969597816467285,162800,0.0,0.0,0.0
2005-04-13 00:00:00-04:00,12.831602495352108,12.902571691695822,12.780348134461143,12.790204048156738,8800,0.0,0.0,0.0
2005-04-14 00:00:00-04:00,12.729089703740238,12.731061487694216,12.557581348490746,12.573351860046387,86400,0.0,0.0,0.0
2005-04-15 00:00:00-04:00,12.455071733147022,12.504355809092678,12.307219505310059,12.307219505310059,30800,0.0,0.0,0.0
2005-04-18 00:00:00-04:00,12.342704676027353,12.391988754272461,12.319048529034,12.391988754272461,22000,0.0,0.0,0.0
2005-04-19 00:00:00-04:00,12.427472791214862,12.529983759590905,12.427472791214862,12.520126342773438,11200,0.0,0.0,0.0
2005-04-20 00:00:00-04:00,12.514212141797065,12.514212141797065,12.311161994934082,12.311161994934082,6400,0.0,0.0,0.0
2005-04-21 00:00:00-04:00,12.449161008725921,12.500416129684847,12.393962318444569,12.49647331237793,5600,0.0,0.0,0.0
2005-04-22 00:00:00-04:00,12.484641535115895,12.490555383137115,12.338760350465245,12.35058879852295,28400,0.0,0.0,0.0
2005-04-25 00:00:00-04:00,12.468870558615363,12.56546767327634,12.468870558615363,12.539839744567871,16400,0.0,0.0,0.0
2005-04-26 00:00:00-04:00,12.526039425161535,12.579266311060634,12.478726387023926,12.478726387023926,36800,0.0,0.0,0.0
2005-04-27 00:00:00-04:00,12.464926719665527,12.48069798281206,12.460983903878896,12.464926719665527,1600,0.0,0.0,0.0
2005-04-28 00:00:00-04:00,12.421553470618063,12.421553470618063,12.301301002502441,12.301301002502441,16400,0.0,0.0,0.0
2005-04-29 00:00:00-04:00,12.39001690027209,12.429444313049316,12.250050299327524,12.429444313049316,23600,0.0,0.0,0.0
2005-05-02 00:00:00-04:00,12.484637799052187,12.498437274982347,12.407754037707683,12.482666015625,34000,0.0,0.0,0.0
2005-05-03 00:00:00-04:00,12.518155051543884,12.539840164869007,12.486613273620605,12.486613273620605,1600,0.0,0.0,0.0
2005-05-04 00:00:00-04:00,12.510272008692233,12.585184028772584,12.510272008692233,12.565470695495605,4800,0.0,0.0,0.0
2005-05-05 00:00:00-04:00,12.707405650349676,12.719233346997363,12.628550829960352,12.636436462402344,7600,0.0,0.0,0.0
2005-05-06 00:00:00-04:00,12.67389388523227,12.731063597126395,12.67389388523227,12.6995210647583,6000,0.0,0.0,0.0
2005-05-09 00:00:00-04:00,12.756688117980957,12.7803450123266,12.756688117980957,12.756688117980957,7600,0.0,0.0,0.0
2005-05-10 00:00:00-04:00,12.707404110932151,12.707404110932151,12.660091826042366,12.664033889770508,16800,0.0,0.0,0.0
2005-05-11 00:00:00-04:00,12.705431050084405,12.723174095153809,12.595035228426845,12.723174095153809,54800,0.0,0.0,0.0
2005-05-12 00:00:00-04:00,12.754718436400678,12.754718436400678,12.545754432678223,12.545754432678223,15200,0.0,0.0,0.0
2005-05-13 00:00:00-04:00,12.541808848772812,12.541808848772812,12.397899466941132,12.427470207214355,5600,0.0,0.0,0.0
2005-05-16 00:00:00-04:00,12.522092995286357,12.616718292236328,12.518150180578232,12.616718292236328,6800,0.0,0.0,0.0
2005-05-17 00:00:00-04:00,12.57334948809173,12.73302936553955,12.57334948809173,12.73302936553955,7200,0.0,0.0,0.0
2005-05-18 00:00:00-04:00,12.833574340449305,12.963685035705566,12.821746642346294,12.963685035705566,19600,0.0,0.0,0.0
2005-05-19 00:00:00-04:00,12.96171255475129,12.997197151184082,12.96171255475129,12.997197151184082,4800,0.0,0.0,0.0
2005-05-20 00:00:00-04:00,12.941999278037134,12.973540306091309,12.941999278037134,12.973540306091309,4400,0.0,0.0,0.0
2005-05-23 00:00:00-04:00,13.026765784564645,13.0839354864291,13.018880152856052,13.052392959594727,13600,0.0,0.0,0.0
2005-05-24 00:00:00-04:00,12.983393812020507,13.024792244887266,12.975508181374897,13.02085018157959,26400,0.0,0.0,0.0
2005-05-25 00:00:00-04:00,12.910453144813099,12.930166469852118,12.884825972665404,12.918338775634766,7200,0.0,0.0,0.0
2005-05-26 00:00:00-04:00,12.977479965043864,13.02085018157959,12.977479965043864,13.02085018157959,4000,0.0,0.0,0.0
2005-05-27 00:00:00-04:00,13.030705820472406,13.06421862199558,13.016906343137556,13.056334495544434,9600,0.0,0.0,0.0
2005-05-31 00:00:00-04:00,13.05042494358922,13.1056243814866,13.024797761160038,13.078023910522461,6000,0.0,0.0,0.0
2005-06-01 00:00:00-04:00,13.139133788764266,13.22587273203555,13.139133788764266,13.192359924316406,9200,0.0,0.0,0.0
2005-06-02 00:00:00-04:00,13.192362674027395,13.239676475524902,13.192362674027395,13.239676475524902,2800,0.0,0.0,0.0
2005-06-03 00:00:00-04:00,13.233758591913244,13.2515016400899,13.158847343245384,13.180532455444336,10000,0.0,0.0,0.0
2005-06-06 00:00:00-04:00,13.147018459025944,13.190388679504395,13.147018459025944,13.190388679504395,7200,0.0,0.0,0.0
2005-06-07 00:00:00-04:00,13.271217746829523,13.300788497294763,13.229819297790527,13.229819297790527,13600,0.0,0.0,0.0
2005-06-08 00:00:00-04:00,13.233759060156295,13.233759060156295,13.15884780883789,13.15884780883789,3600,0.0,0.0,0.0
2005-06-09 00:00:00-04:00,13.141108550425654,13.229819297790527,13.125337282973414,13.229819297790527,10000,0.0,0.0,0.0
2005-06-10 00:00:00-04:00,13.269239682992401,13.269239682992401,13.202214084085151,13.23178482055664,8400,0.0,0.0,0.0
2005-06-13 00:00:00-04:00,13.25150310498908,13.259388737935927,13.221932357446082,13.245589256286621,9200,0.0,0.0,0.0
2005-06-14 00:00:00-04:00,13.314584693026552,13.340211868286133,13.292899581641342,13.340211868286133,18400,0.0,0.0,0.0
2005-06-15 00:00:00-04:00,13.37569622082322,13.381610068544582,13.306698824023265,13.350069046020508,21600,0.0,0.0,0.0
2005-06-16 00:00:00-04:00,13.41118255611334,13.492009162902832,13.41118255611334,13.492009162902832,10000,0.0,0.0,0.0
2005-06-17 00:00:00-04:00,13.557060580697078,13.570860059389622,13.509748297184128,13.539319038391113,10000,0.0,0.0,0.0
2005-06-20 00:00:00-04:00,13.48214664596874,13.51565944409305,13.46637538660551,13.509745597839355,28000,0.0,0.0,0.0
2005-06-21 00:00:00-04:00,13.462332015130743,13.5018451548925,13.462332015130743,13.480113983154297,4400,0.0375,0.0,0.0
2005-06-22 00:00:00-04:00,13.55124206019202,13.55124206019202,13.460360601175058,13.495923042297363,26800,0.0,0.0,0.0
2005-06-23 00:00:00-04:00,13.486043531677153,13.52555667943261,13.397136688232422,13.397136688232422,6000,0.0,0.0,0.0
2005-06-24 00:00:00-04:00,13.318111459805678,13.32601288412588,13.205495814286614,13.243034362792969,5200,0.0,0.0,0.0
2005-06-27 00:00:00-04:00,13.20153930618517,13.241052439758871,13.20153930618517,13.207466125488281,12800,0.0,0.0,0.0
2005-06-28 00:00:00-04:00,13.329962727263672,13.393184661865234,13.329962727263672,13.393184661865234,19600,0.0,0.0,0.0
2005-06-29 00:00:00-04:00,13.401085949543667,13.422818628211362,13.397133731242466,13.399109840393066,12000,0.0,0.0,0.0
2005-06-30 00:00:00-04:00,13.448502719385353,13.448502719385353,13.355645179748533,13.355645179748535,23600,0.0,0.0,0.0
2005-07-01 00:00:00-04:00,13.405039619249507,13.405039619249507,13.363550361907286,13.397136688232422,14800,0.0,0.0,0.0
2005-07-05 00:00:00-04:00,13.474189812826005,13.561120555918471,13.474189812826005,13.547290802001953,34000,0.0,0.0,0.0
2005-07-06 00:00:00-04:00,13.572968183801613,13.574944292722382,13.515674591064453,13.515674591064453,31200,0.0,0.0,0.0
2005-07-07 00:00:00-04:00,13.39712988990899,13.590747833251951,13.39712988990899,13.590747833251953,31600,0.0,0.0,0.0
2005-07-08 00:00:00-04:00,13.663852804901511,13.750782012939453,13.663852804901511,13.750782012939453,6000,0.0,0.0,0.0
2005-07-11 00:00:00-04:00,13.762635351558293,13.887103080749512,13.762635351558293,13.887103080749512,16800,0.0,0.0,0.0
2005-07-12 00:00:00-04:00,13.87920120140169,13.902909988085431,13.85154170393544,13.885128021240234,203200,0.0,0.0,0.0
2005-07-13 00:00:00-04:00,13.891053449221495,13.891053449221495,13.843637387934573,13.871296882629395,12400,0.0,0.0,0.0
2005-07-14 00:00:00-04:00,13.968109129482842,13.968109129482842,13.810055043980723,13.8159818649292,31200,0.0,0.0,0.0
2005-07-15 00:00:00-04:00,13.843637637245676,13.877223951790045,13.817954250946354,13.851540565490723,4800,0.0,0.0,0.0
2005-07-18 00:00:00-04:00,13.86142385345516,13.879204316962095,13.839691170948969,13.865374565124512,9600,0.0,0.0,0.0
2005-07-19 00:00:00-04:00,13.914767924329674,14.009601593017578,13.867351843650734,14.009601593017578,260800,0.0,0.0,0.0
2005-07-20 00:00:00-04:00,13.993792802000163,14.126163482666016,13.964157192528628,14.126163482666016,12000,0.0,0.0,0.0
2005-07-21 00:00:00-04:00,14.074796672591466,14.092578643075063,13.981939123242345,13.985891342163086,14800,0.0,0.0,0.0
2005-07-22 00:00:00-04:00,14.021456200660595,14.060969352722168,14.009602556508149,14.060969352722168,5200,0.0,0.0,0.0
2005-07-25 00:00:00-04:00,14.084673985168388,14.094551516599086,13.981937408447266,13.981937408447266,8800,0.0,0.0,0.0
2005-07-26 00:00:00-04:00,14.001702308639619,14.04714229148788,14.001702308639619,14.027385711669922,4400,0.0,0.0,0.0
2005-07-27 00:00:00-04:00,14.025399797217808,14.058987617492676,14.007619340009967,14.058987617492676,8400,0.0,0.0,0.0
2005-07-28 00:00:00-04:00,14.134067699640307,14.22297302882246,14.102455978036966,14.205192565917969,13200,0.0,0.0,0.0
2005-07-29 00:00:00-04:00,14.217047709439104,14.254586255975376,14.175558450950069,14.179509162902832,19600,0.0,0.0,0.0
2005-08-01 00:00:00-04:00,14.183456261947384,14.238775253295898,14.161723585727687,14.238775253295898,5200,0.0,0.0,0.0
2005-08-02 00:00:00-04:00,14.236799160605232,14.28816744148578,14.236799160605232,14.264458656311035,21200,0.0,0.0,0.0
2005-08-03 00:00:00-04:00,14.262490131096081,14.286197419041605,14.242732048034668,14.242732048034668,88400,0.0,0.0,0.0
2005-08-04 00:00:00-04:00,14.19333361327122,14.19333361327122,14.130111694335938,14.130111694335938,33200,0.0,0.0,0.0
2005-08-05 00:00:00-04:00,14.066894087636895,14.066894087636895,13.910816105020508,13.938475608825684,34000,0.0,0.0,0.0
2005-08-08 00:00:00-04:00,13.948351606056988,14.00564671686831,13.84166431427002,13.84166431427002,5200,0.0,0.0,0.0
2005-08-09 00:00:00-04:00,13.900940825724367,13.918721294125406,13.875257424479427,13.891061782836914,11600,0.0,0.0,0.0
2005-08-10 00:00:00-04:00,13.987866340288686,14.04515994411864,13.940448760986328,13.940448760986328,25600,0.0,0.0,0.0
2005-08-11 00:00:00-04:00,13.948350549523608,14.007621765136719,13.944399838569895,14.007621765136719,12800,0.0,0.0,0.0
2005-08-12 00:00:00-04:00,13.922676836719239,13.977995872497559,13.889090494615356,13.977995872497559,15600,0.0,0.0,0.0
2005-08-15 00:00:00-04:00,13.997750088277774,14.055045224881148,13.944407172036247,14.027385711669922,10400,0.0,0.0,0.0
2005-08-16 00:00:00-04:00,14.011569308688731,14.011569308688731,13.867345027871714,13.875247955322266,16000,0.0,0.0,0.0
2005-08-17 00:00:00-04:00,13.853517968396893,13.896981816810309,13.85154185931869,13.867347717285156,3600,0.0,0.0,0.0
2005-08-18 00:00:00-04:00,13.798202159705678,13.829813886393021,13.796227557285288,13.819934844970703,14000,0.0,0.0,0.0
2005-08-19 00:00:00-04:00,13.861418381037081,13.865369091146714,13.829806670842803,13.845612525939941,6400,0.0,0.0,0.0
2005-08-22 00:00:00-04:00,13.879198837524385,13.887101765072954,13.815976924465133,13.845612525939941,51200,0.0,0.0,0.0
2005-08-23 00:00:00-04:00,13.883156791015296,13.883156791015296,13.778445584191136,13.819934844970703,8800,0.0,0.0,0.0
2005-08-24 00:00:00-04:00,13.810053848151417,13.940448419716395,13.798198699951172,13.798198699951172,22400,0.0,0.0,0.0
2005-08-25 00:00:00-04:00,13.837715838225312,13.841666550116436,13.804129511495805,13.831789016723633,8800,0.0,0.0,0.0
2005-08-26 00:00:00-04:00,13.81598351984195,13.81598351984195,13.717199139321796,13.746834754943848,19200,0.0,0.0,0.0
2005-08-29 00:00:00-04:00,13.695464048642057,13.79029770050375,13.691513337340627,13.786345481872559,12000,0.0,0.0,0.0
2005-08-30 00:00:00-04:00,13.7764660291703,13.778440630880825,13.7389274940566,13.760660171508789,15200,0.0,0.0,0.0
2005-08-31 00:00:00-04:00,13.796221539093294,14.031327247619629,13.796221539093294,14.031327247619629,40000,0.0,0.0,0.0
2005-09-01 00:00:00-04:00,14.070846645890478,14.112335902598511,14.017502239173048,14.043187141418457,13200,0.0,0.0,0.0
2005-09-02 00:00:00-04:00,14.027378076220327,14.027378076220327,13.944399581753903,13.964156150817871,11200,0.0,0.0,0.0
2005-09-06 00:00:00-04:00,14.096527957202817,14.098504066467285,14.090601136739132,14.098504066467285,1600,0.0,0.0,0.0
2005-09-07 00:00:00-04:00,14.126165646210792,14.195314407348633,14.126165646210792,14.195314407348633,8800,0.0,0.0,0.0
2005-09-08 00:00:00-04:00,14.1558014369314,14.171607298911626,14.139995574951172,14.139995574951172,7200,0.0,0.0,0.0
2005-09-09 00:00:00-04:00,14.236800260459951,14.284217834472656,14.236800260459951,14.284217834472656,5200,0.0,0.0,0.0
2005-09-12 00:00:00-04:00,14.28816701681984,14.313850402832033,14.28816701681984,14.313850402832031,8400,0.0,0.0,0.0
2005-09-13 00:00:00-04:00,14.258531804266687,14.270386950491703,14.203212812981494,14.213091850280762,7600,0.0,0.0,0.0
2005-09-14 00:00:00-04:00,14.219019445119292,14.2209955541528,14.1419677734375,14.1419677734375,9200,0.0,0.0,0.0
2005-09-15 00:00:00-04:00,14.187411058928616,14.187411058928616,14.120238409322985,14.143945693969727,9200,0.0,0.0,0.0
2005-09-16 00:00:00-04:00,14.169628143310547,14.17950567442736,14.118259856582343,14.169628143310547,17600,0.0,0.0,0.0
2005-09-19 00:00:00-04:00,14.181479596614235,14.181479596614235,14.043182123669,14.062938690185547,7600,0.0,0.0,0.0
2005-09-20 00:00:00-04:00,14.12221762325584,14.12221762325584,13.891060995826503,13.898963928222656,16400,0.0,0.0,0.0
2005-09-21 00:00:00-04:00,13.849567755661683,13.849567755661683,13.738929748535156,13.738929748535156,18000,0.0,0.0,0.0
2005-09-22 00:00:00-04:00,13.750780462885585,13.819929202619733,13.663851264646716,13.792269706726074,28400,0.0,0.0,0.0
2005-09-23 00:00:00-04:00,13.75078433142458,13.87130138629349,13.75078433142458,13.865374565124512,7600,0.0,0.0,0.0
2005-09-26 00:00:00-04:00,13.922417438511825,13.960051430105782,13.890725337977434,13.906571388244629,7200,0.0445,0.0,0.0
2005-09-27 00:00:00-04:00,13.886761680126538,13.938260577155832,13.857050719872628,13.918452262878418,32800,0.0,0.0,0.0
2005-09-28 00:00:00-04:00,13.979856537214825,13.979856537214825,13.882800624503489,13.954106330871582,8800,0.0,0.0,0.0
2005-09-29 00:00:00-04:00,13.924396609361072,14.053141593933105,13.890723379500297,14.053141593933105,4800,0.0,0.0,0.0
2005-09-30 00:00:00-04:00,14.063046632848314,14.170005197029184,14.063046632848314,14.168024063110352,98400,0.0,0.0,0.0
2005-10-03 00:00:00-04:00,14.217549114339876,14.247260093688965,14.20962608576924,14.247260093688965,6000,0.0,0.0,0.0
2005-10-04 00:00:00-04:00,14.225468282790922,14.225468282790922,14.027397155761719,14.027397155761719,11200,0.0,0.0,0.0
2005-10-05 00:00:00-04:00,13.882802025542766,13.882802025542766,13.716423034667969,13.716423034667969,106000,0.0,0.0,0.0
2005-10-06 00:00:00-04:00,13.678791953681316,13.682754222590257,13.53618049621582,13.53618049621582,10000,0.0,0.0,0.0
2005-10-07 00:00:00-04:00,13.603523408976914,13.645118159250556,13.603523408976914,13.631253242492676,3600,0.0,0.0,0.0
2005-10-10 00:00:00-04:00,13.528256865974244,13.528256865974244,13.480718713475074,13.488641738891602,3200,0.0,0.0,0.0
2005-10-11 00:00:00-04:00,13.593614564883827,13.599557965299846,13.4589262008667,13.4589262008667,10800,0.0,0.0,0.0
2005-10-12 00:00:00-04:00,13.43516271382456,13.478738596436926,13.231149728105333,13.250956535339355,30000,0.0,0.0,0.0
2005-10-13 00:00:00-04:00,13.235106906658231,13.235106906658231,13.084572492287707,13.209358215332031,14400,0.0,0.0,0.0
2005-10-14 00:00:00-04:00,13.278684943807246,13.379701614379883,13.235109065867585,13.379701614379883,11200,0.0,0.0,0.0
2005-10-17 00:00:00-04:00,13.45101201125199,13.484683742794688,13.403473849019237,13.480721473693848,28800,0.0,0.0,0.0
2005-10-18 00:00:00-04:00,13.395544208313432,13.395544208313432,13.288585662841795,13.288585662841797,6000,0.0,0.0,0.0
2005-10-19 00:00:00-04:00,13.185590818101854,13.417333602905273,13.100420199178934,13.417333602905273,11600,0.0,0.0,0.0
2005-10-20 00:00:00-04:00,13.397528619992178,13.41337467012344,13.221245467978795,13.243033409118652,33200,0.0,0.0,0.0
2005-10-21 00:00:00-04:00,13.314341946907405,13.346032542727537,13.235113190612825,13.300477027893066,42000,0.0,0.0,0.0
2005-10-24 00:00:00-04:00,13.36385913084631,13.530238151550293,13.36385913084631,13.530238151550293,11200,0.0,0.0,0.0
2005-10-25 00:00:00-04:00,13.514392799236337,13.56192944356261,13.41931799942111,13.449028968811035,86800,0.0,0.0,0.0
2005-10-26 00:00:00-04:00,13.431195986605259,13.500522055652294,13.383659362792969,13.383659362792969,3600,0.0,0.0,0.0
2005-10-27 00:00:00-04:00,13.334146927596972,13.334146927596972,13.108345985412598,13.108345985412598,16400,0.0,0.0,0.0
2005-10-28 00:00:00-04:00,13.181633755352848,13.320282936096191,13.138057866787017,13.320282936096191,18000,0.0,0.0,0.0
2005-10-31 00:00:00-05:00,13.403470211852474,13.532216721761126,13.385644539224534,13.508447647094727,8800,0.0,0.0,0.0
2005-11-01 00:00:00-05:00,13.421298787597195,13.49854639932142,13.421298787597195,13.48270034790039,17600,0.0,0.0,0.0
2005-11-02 00:00:00-05:00,13.494583162103918,13.694635391235352,13.494583162103918,13.694635391235352,9200,0.0,0.0,0.0
2005-11-03 00:00:00-05:00,13.79961217554096,13.823381249839139,13.678788692392843,13.718403816223145,11600,0.0,0.0,0.0
2005-11-04 00:00:00-05:00,13.746139333489305,13.746139333489305,13.633238828405334,13.698602676391602,38000,0.0,0.0,0.0
2005-11-07 00:00:00-05:00,13.748118252208016,13.752079010009766,13.690677441524196,13.752079010009766,5200,0.0,0.0,0.0
2005-11-08 00:00:00-05:00,13.599563903374616,13.635215254465022,13.587678608515084,13.609466552734375,8000,0.0,0.0,0.0
2005-11-09 00:00:00-05:00,13.605501087071339,13.684728299183934,13.57975088308876,13.629268646240234,15600,0.0,0.0,0.0
2005-11-10 00:00:00-05:00,13.611445504398011,13.754056930541992,13.559946598032132,13.754056930541992,13600,0.0,0.0,0.0
2005-11-11 00:00:00-05:00,13.759999484565036,13.813478016365044,13.759999484565036,13.807536125183105,5200,0.0,0.0,0.0
2005-11-14 00:00:00-05:00,13.82536436524576,13.82932512261521,13.793672261639468,13.815460205078125,10000,0.0,0.0,0.0
2005-11-15 00:00:00-05:00,13.823381417020672,13.872899189035579,13.775844779011855,13.777824401855469,17200,0.0,0.0,0.0
2005-11-16 00:00:00-05:00,13.72830853095265,13.823383331298826,13.72830853095265,13.823383331298828,2000,0.0,0.0,0.0
2005-11-17 00:00:00-05:00,13.900627537311522,14.053141593933105,13.900627537311522,14.053141593933105,16000,0.0,0.0,0.0
2005-11-18 00:00:00-05:00,14.096719186861579,14.104642211842803,14.029375741264909,14.082854270935059,12800,0.0,0.0,0.0
2005-11-21 00:00:00-05:00,14.108609137193353,14.237354179940382,14.088800812620274,14.22943115234375,17200,0.0,0.0,0.0
2005-11-22 00:00:00-05:00,14.209618059217842,14.360152494701547,14.201695035122667,14.350248336791992,8800,0.0,0.0,0.0
2005-11-23 00:00:00-05:00,14.33836691177952,14.423537545841842,14.33836691177952,14.3700590133667,56000,0.0,0.0,0.0
2005-11-25 00:00:00-05:00,14.370057762970315,14.397787593864924,14.370057762970315,14.391845703125,4400,0.0,0.0,0.0
2005-11-28 00:00:00-05:00,14.326483871399962,14.326483871399962,14.231409072875977,14.231409072875977,7600,0.0,0.0,0.0
2005-11-29 00:00:00-05:00,14.286866380789276,14.340346418357262,14.26904070904155,14.271021842956543,33200,0.0,0.0,0.0
2005-11-30 00:00:00-05:00,14.312618655486087,14.334406598210812,14.29281184696251,14.29875373840332,4800,0.0,0.0,0.0
2005-12-01 00:00:00-05:00,14.383921759758989,14.50078296661377,14.383921759758989,14.50078296661377,5600,0.0,0.0,0.0
2005-12-02 00:00:00-05:00,14.492859047405764,14.536434922241042,14.488898291130855,14.520588874816895,25600,0.0,0.0,0.0
2005-12-05 00:00:00-05:00,14.502767309761907,14.502767309761907,14.409673643748226,14.467114448547363,130800,0.0,0.0,0.0
2005-12-06 00:00:00-05:00,14.50474673465702,14.554264507665847,14.463150475506602,14.482958793640137,10400,0.0,0.0,0.0
2005-12-07 00:00:00-05:00,14.49682450243153,14.49682450243153,14.34430890697264,14.364115715026855,9600,0.0,0.0,0.0
2005-12-08 00:00:00-05:00,14.377986907958984,14.377986907958984,14.360161226277826,14.377986907958984,2800,0.0,0.0,0.0
2005-12-09 00:00:00-05:00,14.405712287870692,14.46513271331787,14.383924345191273,14.465132713317871,8400,0.0,0.0,0.0
2005-12-12 00:00:00-05:00,14.522573013512469,14.522573013512469,14.429479354585697,14.471074104309082,16400,0.0,0.0,0.0
2005-12-13 00:00:00-05:00,14.496826122038058,14.599822442124427,14.496826122038058,14.554266929626465,6800,0.0,0.0,0.0
2005-12-14 00:00:00-05:00,14.558227091054231,14.673108701526631,14.558227091054231,14.629532814025879,8800,0.0,0.0,0.0
2005-12-15 00:00:00-05:00,14.677063450015217,14.677063450015217,14.556239997288632,14.593873977661133,62800,0.0,0.0,0.0
2005-12-16 00:00:00-05:00,14.653299920005333,14.653299920005333,14.554264374891154,14.564167022705078,209200,0.0,0.0,0.0
2005-12-19 00:00:00-05:00,14.544367325655148,14.544367325655148,14.423543780660534,14.427504539489746,8400,0.0,0.0,0.0
2005-12-20 00:00:00-05:00,14.441360430314491,14.477011767239668,14.40966833816483,14.45324420928955,10400,0.0,0.0,0.0
2005-12-21 00:00:00-05:00,14.502764202432259,14.566146885326475,14.502764202432259,14.508706092834473,15200,0.0,0.0,0.0
2005-12-22 00:00:00-05:00,14.574068290335068,14.621604919433596,14.5542614874742,14.621604919433594,6000,0.0,0.0,0.0
2005-12-23 00:00:00-05:00,14.679861984227516,14.679861984227516,14.654017701546733,14.661970138549805,16000,0.06825,0.0,0.0
2005-12-27 00:00:00-05:00,14.681846991009097,14.681846991009097,14.50490948077355,14.524789810180664,10800,0.0,0.0,0.0
2005-12-28 00:00:00-05:00,14.54268718074957,14.586424827575685,14.528770794647837,14.586424827575684,8000,0.0,0.0,0.0
2005-12-29 00:00:00-05:00,14.604312087699443,14.632144851162481,14.562562942504883,14.562562942504883,6800,0.0,0.0,0.0
2005-12-30 00:00:00-05:00,14.473094554592304,14.506891250610352,14.469117580489472,14.506891250610352,6000,0.0,0.0,0.0
2006-01-03 00:00:00-05:00,14.526773975686192,14.705699920654297,14.397549597833034,14.705699920654297,46400,0.0,0.0,0.0
2006-01-04 00:00:00-05:00,14.709687149535256,14.801137924194336,14.709687149535256,14.801137924194336,6400,0.0,0.0,0.0
2006-01-05 00:00:00-05:00,14.807093409412424,14.842878602918493,14.791188541904916,14.817032814025879,96800,0.0,0.0,0.0
2006-01-06 00:00:00-05:00,14.888601273976622,14.952219219000808,14.846852139751823,14.942279815673828,36800,0.0,0.0,0.0
2006-01-09 00:00:00-05:00,14.964152170863423,15.11922238628082,14.964152170863423,15.1112699508667,26400,0.0,0.0,0.0
2006-01-10 00:00:00-05:00,15.057594706410375,15.155010924103571,15.057594706410375,15.147058486938477,16000,0.0,0.0,0.0
2006-01-11 00:00:00-05:00,15.145063517508289,15.198740549437586,15.133135625251034,15.194765090942383,12800,0.0,0.0,0.0
2006-01-12 00:00:00-05:00,15.180842436541205,15.180842436541205,15.105296622183596,15.107283592224121,29600,0.0,0.0,0.0
2006-01-13 00:00:00-05:00,15.099342129762132,15.099342129762132,15.071509361267088,15.07150936126709,3200,0.0,0.0,0.0
2006-01-17 00:00:00-05:00,15.019825006643151,15.019825006643151,14.976087353397194,14.986026763916016,34800,0.0,0.0,0.0
2006-01-18 00:00:00-05:00,14.926376430969658,15.013850166073434,14.886614263402848,14.99595832824707,10400,0.0,0.0,0.0
2006-01-19 00:00:00-05:00,15.019815022088398,15.097349349747311,14.982041343618631,15.073492050170898,10800,0.0,0.0,0.0
2006-01-20 00:00:00-05:00,15.065545296279346,15.065545296279346,14.860774993896484,14.860774993896484,31200,0.0,0.0,0.0
2006-01-23 00:00:00-05:00,14.884627055205414,14.90450738028594,14.862758242585357,14.896554946899414,8800,0.0,0.0,0.0
2006-01-24 00:00:00-05:00,14.958185522979065,15.015839531743739,14.956198552063231,14.997947692871094,11600,0.0,0.0,0.0
2006-01-25 00:00:00-05:00,14.986023141214767,14.997952554435123,14.922405165537539,14.924393653869629,9600,0.0,0.0,0.0
2006-01-26 00:00:00-05:00,15.045670760209397,15.063562610950235,15.00591008071462,15.05362319946289,23600,0.0,0.0,0.0
2006-01-27 00:00:00-05:00,15.153018184632847,15.244468911217659,15.153018184632847,15.20073127746582,21600,0.0,0.0,0.0
2006-01-30 00:00:00-05:00,15.204708651687675,15.260374180913246,15.204708651687675,15.238505363464355,8400,0.0,0.0,0.0
2006-01-31 00:00:00-05:00,15.178861577127028,15.246456511747029,15.168922171616765,15.232540130615234,15200,0.0,0.0,0.0
2006-02-01 00:00:00-05:00,15.202713043129895,15.286211297859712,15.200724556082651,15.274283409118652,17600,0.0,0.0,0.0
2006-02-02 00:00:00-05:00,15.246458104635748,15.246458104635748,15.115245197308681,15.121209144592285,17200,0.0,0.0,0.0
2006-02-03 00:00:00-05:00,15.05163031167477,15.113259801912498,15.0118696437999,15.077474594116211,25600,0.0,0.0,0.0
2006-02-06 00:00:00-05:00,15.023790630102159,15.10331344604492,15.023790630102159,15.103313446044922,12000,0.0,0.0,0.0
2006-02-07 00:00:00-05:00,15.05758102317793,15.05758102317793,14.928356691026307,14.94426155090332,14400,0.0,0.0,0.0
2006-02-08 00:00:00-05:00,14.928364529575559,15.005900382995605,14.928364529575559,15.005900382995605,7200,0.0,0.0,0.0
2006-02-09 00:00:00-05:00,15.021805209871324,15.093375607156506,14.988008499145506,14.988008499145508,89600,0.0,0.0,0.0
2006-02-10 00:00:00-05:00,14.956204452286794,14.984037223805398,14.856801263499694,14.974096298217773,32000,0.0,0.0,0.0
2006-02-13 00:00:00-05:00,14.944273183678796,14.944273183678796,14.858786391259704,14.882643699645996,7600,0.0,0.0,0.0
2006-02-14 00:00:00-05:00,14.886618847431237,15.043676044946563,14.866738515911893,15.037712097167969,18000,0.0,0.0,0.0
2006-02-15 00:00:00-05:00,15.019819471798032,15.119222640991211,15.011867036249939,15.119222640991211,66000,0.0,0.0,0.0
2006-02-16 00:00:00-05:00,15.149041605690188,15.238505363464354,15.1470546344835,15.238505363464355,18000,0.0,0.0,0.0
2006-02-17 00:00:00-05:00,15.250436160038534,15.26037708505145,15.218627930187166,15.256400108337402,7200,0.0,0.0,0.0
2006-02-21 00:00:00-05:00,15.234530933274234,15.236519421585124,15.16494901011478,15.198745727539062,15200,0.0,0.0,0.0
2006-02-22 00:00:00-05:00,15.274287567944022,15.355797357819771,15.274287567944022,15.351821899414062,5200,0.0,0.0,0.0
2006-02-23 00:00:00-05:00,15.320012425669322,15.381643407793234,15.306096045855208,15.325976371765137,19600,0.0,0.0,0.0
2006-02-24 00:00:00-05:00,15.312064601590318,15.331946450257243,15.28423183358314,15.329957962036133,18000,0.0,0.0,0.0
2006-02-27 00:00:00-05:00,15.353816401813772,15.387613120202706,15.337911528417022,15.339900016784668,25600,0.0,0.0,0.0
2006-02-28 00:00:00-05:00,15.300134027057537,15.308086461777574,15.16892264610651,15.196755409240723,10800,0.0,0.0,0.0
2006-03-01 00:00:00-05:00,15.238502634407123,15.325976371765135,15.224586254593008,15.325976371765137,12000,0.0,0.0,0.0
2006-03-02 00:00:00-05:00,15.276280754578236,15.333934783935547,15.276280754578236,15.333934783935547,18400,0.0,0.0,0.0
2006-03-03 00:00:00-05:00,15.294169681576106,15.387608891136306,15.294169681576106,15.302122116088867,8000,0.0,0.0,0.0
2006-03-06 00:00:00-05:00,15.27826439466406,15.27826439466406,15.15500545501709,15.15500545501709,19200,0.0,0.0,0.0
2006-03-07 00:00:00-05:00,15.111264829944771,15.111264829944771,14.989992885327148,15.033730506896973,12000,0.0,0.0,0.0
2006-03-08 00:00:00-05:00,14.98005683521941,15.067532106797081,14.95620104607782,15.049638748168945,1114400,0.0,0.0,0.0
2006-03-09 00:00:00-05:00,15.067531108758526,15.133137558096161,15.031745910644531,15.031745910644531,26400,0.0,0.0,0.0
2006-03-10 00:00:00-05:00,14.999934215528548,15.180848670394521,14.999934215528548,15.143074989318848,51600,0.0,0.0,0.0
2006-03-13 00:00:00-05:00,15.232539805173886,15.26434802560765,15.176872765064234,15.192777633666992,16800,0.0,0.0,0.0
2006-03-14 00:00:00-05:00,15.180856489526953,15.367734986760212,15.180856489526953,15.36574649810791,16000,0.0,0.0,0.0
2006-03-15 00:00:00-05:00,15.38761273589344,15.46315860748291,15.371707862893917,15.46315860748291,12400,0.0,0.0,0.0
2006-03-16 00:00:00-05:00,15.496961641487168,15.582448472738252,15.496961641487168,15.52877140045166,6400,0.0,0.0,0.0
2006-03-17 00:00:00-05:00,15.540684853774504,15.592374905650072,15.540684853774504,15.57050609588623,6400,0.0,0.0,0.0
2006-03-20 00:00:00-05:00,15.610268273915155,15.6321370858267,15.502914218604067,15.512853622436523,17600,0.0,0.0,0.0
2006-03-21 00:00:00-05:00,15.475083642688013,15.552619505032183,15.391585350036621,15.391585350036621,32800,0.0,0.0,0.0
2006-03-22 00:00:00-05:00,15.391585931925665,15.477072715759277,15.369717113960885,15.477072715759277,25600,0.0,0.0,0.0
2006-03-23 00:00:00-05:00,15.453215167880188,15.50888069208388,15.447249704482555,15.506892204284668,7600,0.0,0.0,0.0
2006-03-24 00:00:00-05:00,15.516831050595021,15.568519592285156,15.492973750511561,15.568519592285156,15600,0.0,0.0,0.0
2006-03-27 00:00:00-05:00,15.556152619943418,15.556152619943418,15.512242272770866,15.54417610168457,11200,0.077,0.0,0.0
2006-03-28 00:00:00-05:00,15.516231582760089,15.600061109544527,15.47032642364502,15.47032642364502,10400,0.0,0.0,0.0
2006-03-29 00:00:00-05:00,15.544170097324097,15.653945922851562,15.544170097324097,15.653945922851562,7200,0.0,0.0,0.0
2006-03-30 00:00:00-05:00,15.697863619253217,15.697863619253217,15.586091401877967,15.628006935119629,7600,0.0,0.0,0.0
2006-03-31 00:00:00-05:00,15.637982058675727,15.637982058675727,15.568125390322665,15.58808422088623,92400,0.0,0.0,0.0
2006-04-03 00:00:00-04:00,15.643967011354695,15.721807503826039,15.570119198003423,15.596065521240234,68800,0.0,0.0,0.0
2006-04-04 00:00:00-04:00,15.590076143651242,15.651948957696284,15.57610481393911,15.647957801818848,20800,0.0,0.0,0.0
2006-04-05 00:00:00-04:00,15.687878917547277,15.753744424782107,15.65793991218953,15.751748085021973,26800,0.0,0.0,0.0
2006-04-06 00:00:00-04:00,15.73778026202556,15.73778026202556,15.633993412768284,15.70185375213623,96000,0.0,0.0,0.0
2006-04-07 00:00:00-04:00,15.773703636767834,15.773703636767834,15.552157123611318,15.578104972839355,11600,0.0,0.0,0.0
2006-04-10 00:00:00-04:00,15.54417580473487,15.562139820399274,15.480306625366213,15.480306625366211,11600,0.0,0.0,0.0
2006-04-11 00:00:00-04:00,15.454352647144267,15.454352647144267,15.344576835632324,15.344576835632324,19200,0.0,0.0,0.0
2006-04-12 00:00:00-04:00,15.364545137722772,15.408453962304112,15.352568619417509,15.36653995513916,13600,0.0,0.0,0.0
2006-04-13 00:00:00-04:00,15.352560399973465,15.414434730267152,15.348569244516083,15.370524406433105,93200,0.0,0.0,0.0
2006-04-17 00:00:00-04:00,15.380505294876759,15.450363469012672,15.300669992025647,15.350567817687988,16400,0.0,0.0,0.0
2006-04-18 00:00:00-04:00,15.41044270637854,15.679890632629395,15.41044270637854,15.679890632629395,12400,0.0,0.0,0.0
2006-04-19 00:00:00-04:00,15.715831404748927,15.773713111877441,15.693876221949765,15.773713111877441,6000,0.0,0.0,0.0
2006-04-20 00:00:00-04:00,15.739768682628418,15.801641493009866,15.739768682628418,15.783679008483887,6000,0.0,0.0,0.0
2006-04-21 00:00:00-04:00,15.827594077908524,15.827594077908524,15.70384689729765,15.721809387207031,15600,0.0,0.0,0.0
2006-04-24 00:00:00-04:00,15.703849499346472,15.703849499346472,15.633992822411038,15.691874504089355,22000,0.0,0.0,0.0
2006-04-25 00:00:00-04:00,15.693865136270587,15.71182914712703,15.592074658207533,15.6220121383667,51600,0.0,0.0,0.0
2006-04-26 00:00:00-04:00,15.661930058736756,15.713824224780037,15.637978553771974,15.637978553771973,18400,0.0,0.0,0.0
2006-04-27 00:00:00-04:00,15.49427545125176,15.637981462246374,15.442382798317896,15.578104972839355,82000,0.0,0.0,0.0
2006-04-28 00:00:00-04:00,15.584090205960061,15.608040189139762,15.568122535333005,15.57411003112793,13200,0.0,0.0,0.0
2006-05-01 00:00:00-04:00,15.667923305283454,15.667923305283454,15.52621360843837,15.54417610168457,19200,0.0,0.0,0.0
2006-05-02 00:00:00-04:00,15.502246283064174,15.564120583135209,15.502246283064174,15.548152923583984,42400,0.0,0.0,0.0
2006-05-03 00:00:00-04:00,15.54416850060234,15.584087670675764,15.532193510960631,15.582091331481934,19600,0.0,0.0,0.0
2006-05-04 00:00:00-04:00,15.641968105379824,15.70583724975586,15.641968105379824,15.70583724975586,11600,0.0,0.0,0.0
2006-05-05 00:00:00-04:00,15.7717069411799,15.857531277878925,15.749753294825332,15.855536460876465,34800,0.0,0.0,0.0
2006-05-08 00:00:00-04:00,15.837565128302344,15.893450433762126,15.837565128302344,15.867504119873047,311600,0.0,0.0,0.0
2006-05-09 00:00:00-04:00,15.883483864030898,15.901446358977083,15.857536007648823,15.873503684997559,12000,0.0,0.0,0.0
2006-05-10 00:00:00-04:00,15.863515526511337,15.895449339318992,15.813617706756377,15.869503021240234,99200,0.0,0.0,0.0
2006-05-11 00:00:00-04:00,15.881479251047624,15.881479251047624,15.647957801818848,15.647957801818848,11600,0.0,0.0,0.0
2006-05-12 00:00:00-04:00,15.548167562314028,15.548167562314028,15.396477699279785,15.396477699279785,28400,0.0,0.0,0.0
2006-05-15 00:00:00-04:00,15.326622288151981,15.376520133266647,15.266744264909828,15.36653995513916,14000,0.0,0.0,0.0
2006-05-16 00:00:00-04:00,15.412439291865994,15.412439291865994,15.294679641723633,15.294679641723633,14000,0.0,0.0,0.0
2006-05-17 00:00:00-04:00,15.212852804351584,15.222831458105494,15.029229129459324,15.047191619873047,24800,0.0,0.0,0.0
2006-05-18 00:00:00-04:00,15.10906093377666,15.10906093377666,14.919449806213379,14.919449806213379,36800,0.0,0.0,0.0
2006-05-19 00:00:00-04:00,14.949390710677635,15.011263534821342,14.82564353962924,14.947394371032715,30400,0.0,0.0,0.0
2006-05-22 00:00:00-04:00,14.879532137698401,14.885519633102389,14.675948157398159,14.811670303344727,34400,0.0,0.0,0.0
2006-05-23 00:00:00-04:00,14.961364112773238,15.01924577423581,14.791711807250977,14.791711807250977,16000,0.0,0.0,0.0
2006-05-24 00:00:00-04:00,14.713869393789118,14.833623857143781,14.586131096509392,14.739815711975098,34400,0.0,0.0,0.0
2006-05-25 00:00:00-04:00,14.841602994352229,14.90746846131998,14.817651500156646,14.885513305664062,6000,0.0,0.0,0.0
2006-05-26 00:00:00-04:00,14.951386084616724,15.017250061035156,14.951386084616724,15.017250061035156,8800,0.0,0.0,0.0
2006-05-30 00:00:00-04:00,14.983320268552355,14.983320268552355,14.815664291381836,14.815664291381836,24400,0.0,0.0,0.0
2006-05-31 00:00:00-04:00,14.869553250740106,14.959368735096586,14.869553250740106,14.955377578735352,10000,0.0,0.0,0.0
2006-06-01 00:00:00-04:00,14.977337445664952,15.160961151123047,14.977337445664952,15.160961151123047,6400,0.0,0.0,0.0
2006-06-02 00:00:00-04:00,15.258758235286518,15.258758235286518,15.13101989196143,15.208860397338867,67200,0.0,0.0,0.0
2006-06-05 00:00:00-04:00,15.148979111385533,15.148979111385533,14.895497322082521,14.89549732208252,6000,0.0,0.0,0.0
2006-06-06 00:00:00-04:00,14.885523492361639,14.885523492361639,14.685932139091339,14.741817474365234,16400,0.0,0.0,0.0
2006-06-07 00:00:00-04:00,14.801686530674306,14.90547330154261,14.689914405015838,14.691910743713379,19200,0.0,0.0,0.0
2006-06-08 00:00:00-04:00,14.594115227929318,14.640020370483398,14.324665776437937,14.640020370483398,48800,0.0,0.0,0.0
2006-06-09 00:00:00-04:00,14.735829324864367,14.791714657663501,14.62405713650499,14.646012306213379,11200,0.0,0.0,0.0
2006-06-12 00:00:00-04:00,14.640018065158012,14.640018065158012,14.336640031396731,14.34262752532959,66800,0.0,0.0,0.0
2006-06-13 00:00:00-04:00,14.28075755545802,14.392528191723972,14.105116243884998,14.151022911071777,148000,0.0,0.0,0.0
2006-06-14 00:00:00-04:00,14.155018157144413,14.230863844607642,14.099132822862764,14.139050483703613,14000,0.0,0.0,0.0
2006-06-15 00:00:00-04:00,14.31469521056429,14.618073463439941,14.31469521056429,14.618073463439941,136000,0.0,0.0,0.0
2006-06-16 00:00:00-04:00,14.54222585801091,14.578152361860063,14.518274347857757,14.566177368164062,18400,0.0,0.0,0.0
2006-06-19 00:00:00-04:00,14.540223079886307,14.55419440726567,14.394522311895866,14.404500961303711,70400,0.0,0.0,0.0
2006-06-20 00:00:00-04:00,14.410496400632432,14.442431750970023,14.358603740475822,14.3745698928833,54800,0.0,0.0,0.0
2006-06-21 00:00:00-04:00,14.488337492102625,14.62805237126599,14.482349994365594,14.59611701965332,26000,0.0,0.0,0.0
2006-06-22 00:00:00-04:00,14.554201767033897,14.568173101478285,14.47037376036757,14.518275260925293,20400,0.0,0.0,0.0
2006-06-23 00:00:00-04:00,14.480272275892021,14.604273628342126,14.476271346253753,14.552273750305176,5600,0.0375,0.0,0.0
2006-06-26 00:00:00-04:00,14.602272813420443,14.64227294921875,14.602272813420443,14.64227294921875,11200,0.0,0.0,0.0
2006-06-27 00:00:00-04:00,14.650277380493984,14.650277380493984,14.476273536682129,14.476273536682129,28800,0.0,0.0,0.0
2006-06-28 00:00:00-04:00,14.458266611191565,14.532268524169922,14.458266611191565,14.532268524169922,4000,0.0,0.0,0.0
2006-06-29 00:00:00-04:00,14.618269922935465,14.912275610552976,14.598269857812655,14.896276473999023,16400,0.0,0.0,0.0
2006-06-30 00:00:00-04:00,14.962280920862494,14.96428138573314,14.932281577340845,14.958281517028809,24000,0.0,0.0,0.0
2006-07-03 00:00:00-04:00,14.958281517028809,14.958281517028809,14.958281517028809,14.958281517028809,400,0.0,0.0,0.0
2006-07-05 00:00:00-04:00,14.864284018086542,14.926284714733097,14.85428321660442,14.900284767150879,5200,0.0,0.0,0.0
2006-07-06 00:00:00-04:00,14.93227829370096,14.986278626072746,14.906276833823167,14.940277099609375,23200,0.0,0.0,0.0
2006-07-07 00:00:00-04:00,14.890278397828121,14.914279396865807,14.780277252197266,14.780277252197266,16000,0.0,0.0,0.0
2006-07-10 00:00:00-04:00,14.834282416927337,14.894284171081065,14.764281387686651,14.7982816696167,36000,0.0,0.0,0.0
2006-07-11 00:00:00-04:00,14.7422762581444,14.836278264972943,14.688275916938386,14.830278396606445,16400,0.0,0.0,0.0
2006-07-12 00:00:00-04:00,14.732277627974451,14.760278032176286,14.672275889880469,14.68427562713623,12800,0.0,0.0,0.0
2006-07-13 00:00:00-04:00,14.580273743176079,14.620273882985895,14.462270736694334,14.462270736694336,40000,0.0,0.0,0.0
2006-07-14 00:00:00-04:00,14.32426839716479,14.32426839716479,14.178264995677248,14.27026653289795,44000,0.0,0.0,0.0
2006-07-17 00:00:00-04:00,14.264273764846156,14.298274051325889,14.200272597275047,14.208272933959961,33600,0.0,0.0,0.0
2006-07-18 00:00:00-04:00,14.266270667852911,14.266270667852911,14.046266804636906,14.204268455505371,80800,0.0,0.0,0.0
2006-07-19 00:00:00-04:00,14.34627527971911,14.534277840760737,14.34627527971911,14.518277168273926,41200,0.0,0.0,0.0
2006-07-20 00:00:00-04:00,14.570275846488878,14.570275846488878,14.300271034240723,14.300271034240723,10800,0.0,0.0,0.0
2006-07-21 00:00:00-04:00,14.200266469506415,14.200266469506415,14.082264987617966,14.118264198303223,57200,0.0,0.0,0.0
2006-07-24 00:00:00-04:00,14.198266340751575,14.356269492542333,14.198266340751575,14.354269027709961,11600,0.0,0.0,0.0
2006-07-25 00:00:00-04:00,14.334267938748654,14.536272147055016,14.334267938748654,14.490270614624023,68800,0.0,0.0,0.0
2006-07-26 00:00:00-04:00,14.49027542132853,14.542276839172684,14.43827552939235,14.498275756835938,15200,0.0,0.0,0.0
2006-07-27 00:00:00-04:00,14.562275401180607,14.562275401180607,14.346272468566896,14.346272468566895,41600,0.0,0.0,0.0
2006-07-28 00:00:00-04:00,14.44827237671073,14.526273727416992,14.44827237671073,14.526273727416992,21600,0.0,0.0,0.0
2006-07-31 00:00:00-04:00,14.496271567720337,14.570271974026435,14.496271567720337,14.534271240234375,42000,0.0,0.0,0.0
2006-08-01 00:00:00-04:00,14.428265701609032,14.460267023617302,14.386265110903443,14.452266693115234,128800,0.0,0.0,0.0
2006-08-02 00:00:00-04:00,14.528272022534551,14.612273229840088,14.5162722860359,14.540271759033203,37600,0.0,0.0,0.0
2006-08-03 00:00:00-04:00,14.514273156255715,14.734276992441439,14.506272822551628,14.702277183532715,68400,0.0,0.0,0.0
2006-08-04 00:00:00-04:00,14.83027662708423,14.84227636238544,14.638273232728151,14.710274696350098,62000,0.0,0.0,0.0
2006-08-07 00:00:00-04:00,14.652275266719585,14.680275669865726,14.614274065632308,14.622274398803711,29600,0.0,0.0,0.0
2006-08-08 00:00:00-04:00,14.66427419751607,14.66427419751607,14.506271059357307,14.5122709274292,52400,0.0,0.0,0.0
2006-08-09 00:00:00-04:00,14.580276925426794,14.594277130006628,14.350272256551369,14.366272926330566,85200,0.0,0.0,0.0
2006-08-10 00:00:00-04:00,14.316267949810799,14.504270426144258,14.316267949810799,14.470270156860352,19600,0.0,0.0,0.0
2006-08-11 00:00:00-04:00,14.428270272566095,14.428270272566095,14.332269327941686,14.3402681350708,52000,0.0,0.0,0.0
2006-08-14 00:00:00-04:00,14.45027127909118,14.54227282315711,14.372269936819901,14.376269340515137,36800,0.0,0.0,0.0
2006-08-15 00:00:00-04:00,14.552268345639257,14.64026892819965,14.52026702404857,14.62826919555664,47600,0.0,0.0,0.0
2006-08-16 00:00:00-04:00,14.69827526953323,14.860279345854904,14.690274936364844,14.84627914428711,62000,0.0,0.0,0.0
2006-08-17 00:00:00-04:00,14.820276210655823,14.950278941414819,14.820276210655823,14.88427734375,30000,0.0,0.0,0.0
2006-08-18 00:00:00-04:00,14.896281506312043,14.896281506312043,14.80027902502064,14.882281303405762,12800,0.0,0.0,0.0
2006-08-21 00:00:00-04:00,14.814283220441023,14.816283685940391,14.744282187044039,14.772282600402832,26000,0.0,0.0,0.0
2006-08-22 00:00:00-04:00,14.768271061404192,14.852273767049795,14.768271061404192,14.820272445678711,34400,0.0,0.0,0.0
2006-08-23 00:00:00-04:00,14.804278313192842,14.804278313192842,14.66427628522553,14.706276893615723,15600,0.0,0.0,0.0
2006-08-24 00:00:00-04:00,14.746278255951387,14.746278255951387,14.630275706103552,14.702277183532715,15600,0.0,0.0,0.0
2006-08-25 00:00:00-04:00,14.652278635194827,14.74227973372566,14.644278300184196,14.676278114318848,22400,0.0,0.0,0.0
2006-08-28 00:00:00-04:00,14.728273737144379,14.848275663298205,14.728273737144379,14.812274932861328,40400,0.0,0.0,0.0
2006-08-29 00:00:00-04:00,14.812282597014038,14.900284767150879,14.744282029841436,14.900284767150879,79600,0.0,0.0,0.0
2006-08-30 00:00:00-04:00,14.91227739269905,14.956278456772036,14.866277390009902,14.954277992248535,96800,0.0,0.0,0.0
2006-08-31 00:00:00-04:00,14.964283794540808,15.030285412727958,14.948283124815223,15.00228500366211,31600,0.0,0.0,0.0
2006-09-01 00:00:00-04:00,15.044286804867816,15.094287757276492,15.018285333034202,15.070286750793457,23600,0.0,0.0,0.0
2006-09-05 00:00:00-04:00,15.060282836348062,15.114283176914444,15.032282433697715,15.10428237915039,136800,0.0,0.0,0.0
2006-09-06 00:00:00-04:00,15.020283763412142,15.020283763412142,14.910282598560974,14.946283340454102,101600,0.0,0.0,0.0
2006-09-07 00:00:00-04:00,14.858277930461302,14.956279335165798,14.802277127773017,14.856277465820312,79600,0.0,0.0,0.0
2006-09-08 00:00:00-04:00,14.870278988592354,14.95228126118195,14.870278988592354,14.938281059265137,25200,0.0,0.0,0.0
2006-09-11 00:00:00-04:00,14.89428443870403,15.006286087501591,14.824283408205554,14.94428539276123,14000,0.0,0.0,0.0
2006-09-12 00:00:00-04:00,14.9822815599721,15.200284913800209,14.9822815599721,15.18228530883789,34400,0.0,0.0,0.0
2006-09-13 00:00:00-04:00,15.162281631988908,15.296285285024808,15.162281631988908,15.29428482055664,33200,0.0,0.0,0.0
2006-09-14 00:00:00-04:00,15.250291786677883,15.26629245903267,15.18829108868821,15.242291450500488,21200,0.0,0.0,0.0
2006-09-15 00:00:00-04:00,15.330289681820394,15.330289681820394,15.262287604746856,15.298288345336914,14000,0.0,0.0,0.0
2006-09-18 00:00:00-04:00,15.264290427748112,15.320291249337375,15.234289551637309,15.254289627075195,8800,0.0,0.0,0.0
2006-09-19 00:00:00-04:00,15.280286663178138,15.280286663178138,15.140283123934715,15.246286392211914,14800,0.0,0.0,0.0
2006-09-20 00:00:00-04:00,15.334289125719096,15.362289532260945,15.290288050893984,15.306288719177246,13600,0.0,0.0,0.0
2006-09-21 00:00:00-04:00,15.354288443683279,15.354288443683279,15.182286608766567,15.194286346435547,16000,0.0,0.0,0.0
2006-09-22 00:00:00-04:00,15.14828941319411,15.152290344238281,15.078288379002124,15.152290344238281,31200,0.0,0.0,0.0
2006-09-25 00:00:00-04:00,15.160289499207652,15.28229194611136,15.09228740992802,15.264290809631348,15200,0.0,0.0,0.0
2006-09-26 00:00:00-04:00,15.236287296559658,15.35828971862793,15.236287296559658,15.35828971862793,13200,0.0,0.0,0.0
2006-09-27 00:00:00-04:00,15.332439459884595,15.412609383798317,15.332439459884595,15.382545471191406,27200,0.04025,0.0,0.0
2006-09-28 00:00:00-04:00,15.382537909827503,15.42663142276137,15.338444396893639,15.370512962341309,46000,0.0,0.0,0.0
2006-09-29 00:00:00-04:00,15.392562247016569,15.392562247016569,15.298362731933594,15.298362731933594,15600,0.0,0.0,0.0
2006-10-02 00:00:00-04:00,15.248257406710183,15.368511493945197,15.234227788684658,15.27631664276123,78000,0.0,0.0,0.0
2006-10-03 00:00:00-04:00,15.234227392623257,15.314397291733561,15.234227392623257,15.268299102783203,13200,0.0,0.0,0.0
2006-10-04 00:00:00-04:00,15.252262965337309,15.496780439835344,15.252262965337309,15.494775772094727,13600,0.0,0.0,0.0
2006-10-05 00:00:00-04:00,15.526848881440928,15.627060890197754,15.49878964131813,15.627060890197754,8000,0.0,0.0,0.0
2006-10-06 00:00:00-04:00,15.5208334318466,15.562922283966751,15.490769529156891,15.536866188049316,15200,0.0,0.0,0.0
2006-10-09 00:00:00-04:00,15.542879577439223,15.65311184412566,15.512815675937995,15.609018325805664,13600,0.0,0.0,0.0
2006-10-10 00:00:00-04:00,15.653110303074996,15.70522095860592,15.61903859831429,15.671149253845215,7600,0.0,0.0,0.0
2006-10-11 00:00:00-04:00,15.625057502221926,15.66514322647771,15.562926541017996,15.594993591308594,7200,0.0,0.0,0.0
2006-10-12 00:00:00-04:00,15.703218689434093,15.841511726379393,15.703218689434093,15.841511726379395,13200,0.0,0.0,0.0
2006-10-13 00:00:00-04:00,15.769359849335514,15.867567177871571,15.769359849335514,15.853537559509277,19200,0.0,0.0,0.0
2006-10-16 00:00:00-04:00,15.883599665461587,15.953747749328613,15.883599665461587,15.953747749328613,58400,0.0,0.0,0.0
2006-10-17 00:00:00-04:00,15.913675164666616,15.913675164666616,15.811458437043349,15.877598762512207,18000,0.0,0.0,0.0
2006-10-18 00:00:00-04:00,15.933707462628263,15.933707462628263,15.853537559509277,15.853537559509277,6000,0.0,0.0,0.0
2006-10-19 00:00:00-04:00,15.909656032958452,15.909656032958452,15.847525084370254,15.853537559509277,8400,0.0,0.0,0.0
2006-10-20 00:00:00-04:00,15.841510805612323,15.841510805612323,15.787395477294922,15.787395477294922,130400,0.0,0.0,0.0
2006-10-23 00:00:00-04:00,15.745308698618773,15.903643839577658,15.745308698618773,15.875584602355957,215600,0.0,0.0,0.0
2006-10-24 00:00:00-04:00,15.843509639769751,15.915662364883417,15.843509639769751,15.907645225524902,24800,0.0,0.0,0.0
2006-10-25 00:00:00-04:00,15.923690072136793,15.969788276190188,15.881601205364987,15.947741508483887,19200,0.0,0.0,0.0
2006-10-26 00:00:00-04:00,16.00184379389606,16.065980911254883,15.929692595093469,16.065980911254883,46000,0.0,0.0,0.0
2006-10-27 00:00:00-04:00,16.01386891597693,16.078004498808024,15.94171619415283,15.941716194152832,14800,0.0,0.0,0.0
2006-10-30 00:00:00-05:00,15.923680130568583,16.029906094613004,15.923680130568583,15.993829727172852,4800,0.0,0.0,0.0
2006-10-31 00:00:00-05:00,16.05796746250891,16.05796746250891,15.93771186893341,15.96577262878418,141600,0.0,0.0,0.0
2006-11-01 00:00:00-05:00,16.041936602471836,16.041936602471836,15.853537559509277,15.853537559509277,133200,0.0,0.0,0.0
2006-11-02 00:00:00-05:00,15.775371559642807,15.827482223510742,15.76334660994776,15.827482223510742,182400,0.0,0.0,0.0
2006-11-03 00:00:00-05:00,15.89562795662676,15.89562795662676,15.739297471391703,15.783390998840332,12000,0.0,0.0,0.0
2006-11-06 00:00:00-05:00,15.865560629699335,15.97579288482666,15.865560629699335,15.97579288482666,7600,0.0,0.0,0.0
2006-11-07 00:00:00-05:00,15.97580313228802,16.09004479600107,15.97580313228802,16.003862380981445,34400,0.0,0.0,0.0
2006-11-08 00:00:00-05:00,15.905643107983797,16.076003141599237,15.905643107983797,16.06397819519043,12400,0.0,0.0,0.0
2006-11-09 00:00:00-05:00,16.049953081584682,16.074002981145647,15.979804992675781,15.979804992675781,4800,0.0,0.0,0.0
2006-11-10 00:00:00-05:00,16.00385999608336,16.065992491029267,15.997847519275659,16.059978485107422,12000,0.0,0.0,0.0
2006-11-13 00:00:00-05:00,16.06197613737575,16.126111743831697,16.06197613737575,16.102060317993164,14000,0.0,0.0,0.0
2006-11-14 00:00:00-05:00,16.1401423231346,16.268413543701172,16.1401423231346,16.268413543701172,15200,0.0,0.0,0.0
2006-11-15 00:00:00-05:00,16.310503480750054,16.396685856161707,16.310503480750054,16.358606338500977,14000,0.0,0.0,0.0
2006-11-16 00:00:00-05:00,16.39066581208572,16.416721896946637,16.378640867757888,16.40870475769043,30000,0.0,0.0,0.0
2006-11-17 00:00:00-05:00,16.37664222717285,16.38065156283285,16.298477002051683,16.37664222717285,1572400,0.0,0.0,0.0
2006-11-20 00:00:00-05:00,16.440775983410497,16.458814933621074,16.40269494449855,16.426746368408203,13600,0.0,0.0,0.0
2006-11-21 00:00:00-05:00,16.434773628747536,16.522960708267146,16.434773628747536,16.52095603942871,8800,0.0,0.0,0.0
2006-11-22 00:00:00-05:00,16.553013419607744,16.607128742813625,16.538983804167962,16.59710693359375,11600,0.0,0.0,0.0
2006-11-24 00:00:00-05:00,16.534971237182617,16.534971237182617,16.534971237182617,16.534971237182617,400,0.0,0.0,0.0
2006-11-27 00:00:00-05:00,16.571060234458532,16.571060234458532,16.292470932006836,16.292470932006836,43200,0.0,0.0,0.0
2006-11-28 00:00:00-05:00,16.202273547456272,16.30449020375664,16.202273547456272,16.29046058654785,20400,0.0,0.0,0.0
2006-11-29 00:00:00-05:00,16.354598536077123,16.472849494411413,16.354598536077123,16.462827682495117,54800,0.0,0.0,0.0
2006-11-30 00:00:00-05:00,16.474851066420275,16.61514877433429,16.45681364162323,16.58708953857422,22800,0.0,0.0,0.0
2006-12-01 00:00:00-05:00,16.603120645479365,16.603120645479365,16.42875277331379,16.504913330078125,50400,0.0,0.0,0.0
2006-12-04 00:00:00-05:00,16.64921090376406,16.72737609112954,16.64921090376406,16.713346481323242,8800,0.0,0.0,0.0
2006-12-05 00:00:00-05:00,16.747431224637218,16.77749513454203,16.737410940744933,16.74542808532715,14000,0.0,0.0,0.0
2006-12-06 00:00:00-05:00,16.75944904910242,16.80554569524681,16.747422573884293,16.757444381713867,21200,0.0,0.0,0.0
2006-12-07 00:00:00-05:00,16.7594539242344,16.803545915816088,16.68930430724804,16.691308975219727,14400,0.0,0.0,0.0
2006-12-08 00:00:00-05:00,16.699325094416892,16.759452896972945,16.689303284286368,16.703332901000977,43600,0.0,0.0,0.0
2006-12-11 00:00:00-05:00,16.695317287832804,16.725379659997294,16.69130795213518,16.703332901000977,16000,0.0,0.0,0.0
2006-12-12 00:00:00-05:00,16.697317480732064,16.699322148227203,16.56303381170998,16.64520835876465,16400,0.0,0.0,0.0
2006-12-13 00:00:00-05:00,16.649215698242188,16.67326712017027,16.61714866478464,16.649215698242188,10800,0.0,0.0,0.0
2006-12-14 00:00:00-05:00,16.66324489292335,16.789511414364767,16.66324489292335,16.757444381713867,22400,0.0,0.0,0.0
2006-12-15 00:00:00-05:00,16.79552100241211,16.79552100241211,16.713346481323242,16.713346481323242,6000,0.0,0.0,0.0
2006-12-18 00:00:00-05:00,16.69932241640261,16.713352030867334,16.589088639098843,16.615144729614258,12800,0.0,0.0,0.0
2006-12-19 00:00:00-05:00,16.47886174369412,16.615150126670205,16.47886174369412,16.595108032226562,33200,0.0,0.0,0.0
2006-12-20 00:00:00-05:00,16.609131989418522,16.689300339864786,16.609131989418522,16.64520835876465,42000,0.0,0.0,0.0
2006-12-21 00:00:00-05:00,16.663140770776828,16.669184464258976,16.542262289974037,16.562408447265625,28800,0.10725,0.0,0.0
2006-12-22 00:00:00-05:00,16.552336650723117,16.552336650723117,16.453617863940785,16.46369171142578,26400,0.0,0.0,0.0
2006-12-26 00:00:00-05:00,16.528161556169138,16.544279098510742,16.49592647148593,16.544279098510742,40000,0.0,0.0,0.0
2006-12-27 00:00:00-05:00,16.58054585759177,16.67724805536574,16.58054585759177,16.651058197021484,70400,0.0,0.0,0.0
2006-12-28 00:00:00-05:00,16.67524183814933,16.67524183814933,16.618831936632763,16.645023345947266,9600,0.0,0.0,0.0
2006-12-29 00:00:00-05:00,16.640981228805238,16.679260007488985,16.57046890258789,16.57046890258789,46400,0.0,0.0,0.0
2007-01-03 00:00:00-05:00,16.651057251626376,16.683290803369673,16.42138762363597,16.50600242614746,97200,0.0,0.0,0.0
2007-01-04 00:00:00-05:00,16.506005956513768,16.540254592895508,16.45161115385183,16.540254592895508,60400,0.0,0.0,0.0
2007-01-05 00:00:00-05:00,16.449590611492813,16.449590611492813,16.356917047747213,16.358930587768555,5200,0.0,0.0,0.0
2007-01-08 00:00:00-05:00,16.364975174909844,16.45361858101708,16.318637626334045,16.413326263427734,14800,0.0,0.0,0.0
2007-01-09 00:00:00-05:00,16.443545284286802,16.499955140351233,16.391164044918415,16.497940063476562,65200,0.0,0.0,0.0
2007-01-10 00:00:00-05:00,16.44354408846248,16.590612411499023,16.39317792963155,16.590612411499023,16800,0.0,0.0,0.0
2007-01-11 00:00:00-05:00,16.61278529928916,16.784030052042937,16.61278529928916,16.72963523864746,29200,0.0,0.0,0.0
2007-01-12 00:00:00-05:00,16.725591535447215,16.824310302734375,16.725591535447215,16.824310302734375,59200,0.0,0.0,0.0
2007-01-16 00:00:00-05:00,16.826332389985623,16.874685028464043,16.806186225813185,16.822303771972656,46000,0.0,0.0,0.0
2007-01-17 00:00:00-05:00,16.806179503311913,16.906911820934813,16.806179503311913,16.876691818237305,24400,0.0,0.0,0.0
2007-01-18 00:00:00-05:00,16.854539598851513,16.854539598851513,16.73567461206224,16.77193832397461,36800,0.0,0.0,0.0
2007-01-19 00:00:00-05:00,16.7296214271314,16.858558654785156,16.7296214271314,16.858558654785156,14800,0.0,0.0,0.0
2007-01-22 00:00:00-05:00,16.882739700428697,16.882739700428697,16.73365474024964,16.76991844177246,37600,0.0,0.0,0.0
2007-01-23 00:00:00-05:00,16.80013899028805,16.94116364683345,16.773949136087754,16.87468147277832,62000,0.0,0.0,0.0
2007-01-24 00:00:00-05:00,16.92303177070822,17.01369025465851,16.890796686692667,17.007646560668945,32000,0.0,0.0,0.0
2007-01-25 00:00:00-05:00,17.009662361002118,17.017721132348697,16.8545352394775,16.870651245117188,46000,0.0,0.0,0.0
2007-01-26 00:00:00-05:00,16.908929577417897,16.908929577417897,16.792079701564003,16.886768341064453,101200,0.0,0.0,0.0
2007-01-29 00:00:00-05:00,16.896842733123822,16.935119975922674,16.880725190338264,16.9049015045166,20800,0.0,0.0,0.0
2007-01-30 00:00:00-05:00,16.933107964043653,17.00966399360387,16.933107964043653,16.991531372070312,43200,0.0,0.0,0.0
2007-01-31 00:00:00-05:00,17.0036175263117,17.182920949850057,16.975412597017126,17.140613555908203,27200,0.0,0.0,0.0
2007-02-01 00:00:00-05:00,17.2252221464801,17.285662137253787,17.215148302333546,17.26954460144043,81600,0.0,0.0,0.0
2007-02-02 00:00:00-05:00,17.319917406902746,17.358196184912973,17.319917406902746,17.35416603088379,20800,0.0,0.0,0.0
2007-02-05 00:00:00-05:00,17.372301550438266,17.392447712787632,17.3118615263365,17.356184005737305,27200,0.0,0.0,0.0
2007-02-06 00:00:00-05:00,17.392440058674808,17.420644980962155,17.336030214100113,17.412586212158203,32800,0.0,0.0,0.0
2007-02-07 00:00:00-05:00,17.462962090309002,17.561679373294854,17.462962090309002,17.547576904296875,80800,0.0,0.0,0.0
2007-02-08 00:00:00-05:00,17.52742675636751,17.545557839364285,17.485119358988214,17.529441833496094,109600,0.0,0.0,0.0
2007-02-09 00:00:00-05:00,17.563691365596597,17.563691365596597,17.301786659293764,17.41057777404785,196400,0.0,0.0,0.0
2007-02-12 00:00:00-05:00,17.41057521660077,17.41057521660077,17.25544810765974,17.291711807250977,66000,0.0,0.0,0.0
2007-02-13 00:00:00-05:00,17.33200053323997,17.43273284045355,17.33200053323997,17.42668914794922,38000,0.0,0.0,0.0
2007-02-14 00:00:00-05:00,17.527422897499427,17.595920134255863,17.527422897499427,17.555627822875977,35200,0.0,0.0,0.0
2007-02-15 00:00:00-05:00,17.557644838642997,17.680538400093226,17.557644838642997,17.6724796295166,288800,0.0,0.0,0.0
2007-02-16 00:00:00-05:00,17.662408901869636,17.666439056396484,17.597940262922396,17.666439056396484,65600,0.0,0.0,0.0
2007-02-20 00:00:00-05:00,17.64427706779519,17.785301729169618,17.595924437849504,17.77321434020996,31600,0.0,0.0,0.0
2007-02-21 00:00:00-05:00,17.724869654400788,17.809484481811523,17.694649634024362,17.809484481811523,36800,0.0,0.0,0.0
2007-02-22 00:00:00-05:00,17.841707541611697,17.841707541611697,17.73694660796248,17.781269073486328,35600,0.0,0.0,0.0
2007-02-23 00:00:00-05:00,17.777246458886196,17.777246458886196,17.700690418640818,17.747026443481445,48800,0.0,0.0,0.0
2007-02-26 00:00:00-05:00,17.795373143200365,17.795373143200365,17.644274653664187,17.69866943359375,51600,0.0,0.0,0.0
2007-02-27 00:00:00-05:00,17.475046513472385,17.479076667960886,17.084206066034927,17.15471839904785,65600,0.0,0.0,0.0
2007-02-28 00:00:00-05:00,17.217171481922687,17.275596423954497,17.104351752235626,17.227245330810547,64400,0.0,0.0,0.0
2007-03-01 00:00:00-05:00,17.003621756600776,17.18494030221379,16.767908415830735,17.124500274658203,225200,0.0,0.0,0.0
2007-03-02 00:00:00-05:00,17.1003155723727,17.1003155723727,16.858558654785156,16.858558654785156,57600,0.0,0.0,0.0
2007-03-05 00:00:00-05:00,16.69739161405109,16.798123950968257,16.558382034301758,16.558382034301758,153600,0.0,0.0,0.0
2007-03-06 00:00:00-05:00,16.669180523287622,16.900865119998564,16.669180523287622,16.860572814941406,34000,0.0,0.0,0.0
2007-03-07 00:00:00-05:00,16.83036394370102,16.937140006036753,16.826333788299333,16.864612579345703,24000,0.0,0.0,0.0
2007-03-08 00:00:00-05:00,16.951242236106307,17.074135844202935,16.951242236106307,16.989521026611328,36800,0.0,0.0,0.0
2007-03-09 00:00:00-05:00,17.132553294609362,17.158743144660615,17.03786466719241,17.094274520874023,60000,0.0,0.0,0.0
2007-03-12 00:00:00-04:00,17.094276626531972,17.18695018857482,17.074130467314557,17.142627716064453,48000,0.0,0.0,0.0
2007-03-13 00:00:00-04:00,17.05397298859396,17.08217790018813,16.792068481445312,16.792068481445312,47200,0.0,0.0,0.0
2007-03-14 00:00:00-04:00,16.806182907168395,16.892812779351882,16.624864391313018,16.866622924804688,92400,0.0,0.0,0.0
2007-03-15 00:00:00-04:00,16.886773120318452,16.98952056003162,16.886773120318452,16.975418090820312,20000,0.0,0.0,0.0
2007-03-16 00:00:00-04:00,16.981462522110697,16.999593610287437,16.89684770317805,16.925052642822266,42800,0.0,0.0,0.0
2007-03-19 00:00:00-04:00,17.0640547390869,17.098304896741638,16.98749872767418,17.08621597290039,24400,0.0,0.0,0.0
2007-03-20 00:00:00-04:00,17.10838131228833,17.168821334838867,17.088235150456022,17.168821334838867,13200,0.0,0.0,0.0
2007-03-21 00:00:00-04:00,17.16681013194263,17.4166259765625,17.16681013194263,17.4166259765625,57600,0.0,0.0,0.0
2007-03-22 00:00:00-04:00,17.48109273378466,17.491166584407775,17.408566850102673,17.44684410095215,20000,0.0,0.0,0.0
2007-03-23 00:00:00-04:00,17.48712865332477,17.525405883789062,17.47705480806665,17.525405883789062,26400,0.0,0.0,0.0
2007-03-26 00:00:00-04:00,17.52541236346067,17.52541236346067,17.31704166147122,17.454607009887695,31200,0.09,0.0,0.0
2007-03-27 00:00:00-04:00,17.38582358343276,17.38582358343276,17.333224663914454,17.377731323242188,26800,0.0,0.0,0.0
2007-03-28 00:00:00-04:00,17.304899042494956,17.308944400055736,17.226001450815414,17.248254776000977,15600,0.0,0.0,0.0
2007-03-29 00:00:00-04:00,17.30085572109338,17.312994883168365,17.149129314403066,17.246234893798828,11600,0.0,0.0,0.0
2007-03-30 00:00:00-04:00,17.292765872117993,17.327156822267877,17.191614929248292,17.256351470947266,25200,0.0,0.0,0.0
2007-04-02 00:00:00-04:00,17.2968000533488,17.355467747514467,17.284662441948974,17.341306686401367,24000,0.0,0.0,0.0
2007-04-03 00:00:00-04:00,17.389864852543024,17.523384799128724,17.389864852543024,17.48292350769043,56000,0.0,0.0,0.0
2007-04-04 00:00:00-04:00,17.4728136940271,17.476859052458202,17.426283583144816,17.462697982788086,23600,0.0,0.0,0.0
2007-04-05 00:00:00-04:00,17.48292772981095,17.549687719226313,17.476858920489704,17.541595458984375,68000,0.0,0.0,0.0
2007-04-09 00:00:00-04:00,17.57598267216724,17.60430480527456,17.541591731028422,17.569913864135742,32800,0.0,0.0,0.0
2007-04-10 00:00:00-04:00,17.588124982835616,17.61442367016406,17.55575594294759,17.586101531982422,16000,0.0,0.0,0.0
2007-04-11 00:00:00-04:00,17.59216280453652,17.59216280453652,17.476850850356954,17.5071964263916,10800,0.0,0.0,0.0
2007-04-12 00:00:00-04:00,17.448540967086267,17.60026741027832,17.422242272571808,17.60026741027832,24400,0.0,0.0,0.0
2007-04-13 00:00:00-04:00,17.62858688643001,17.671070098876953,17.569919152067765,17.671070098876953,21200,0.0,0.0,0.0
2007-04-16 00:00:00-04:00,17.73984950616847,17.806607942847393,17.73984950616847,17.79851722717285,16800,0.0,0.0,0.0
2007-04-17 00:00:00-04:00,17.8106512467928,17.87336431296789,17.802558989312097,17.830881118774414,11600,0.0,0.0,0.0
2007-04-18 00:00:00-04:00,17.834930260334392,17.875390009381704,17.82076765038329,17.861228942871094,14000,0.0,0.0,0.0
2007-04-19 00:00:00-04:00,17.733782644546142,17.818749059422107,17.731759193685065,17.774242401123047,33200,0.0,0.0,0.0
2007-04-20 00:00:00-04:00,17.952268017659105,17.952268017659105,17.881462669851466,17.91383171081543,28800,0.0,0.0,0.0
2007-04-23 00:00:00-04:00,17.994750637457187,18.04128074645996,17.994750637457187,18.04128074645996,30800,0.0,0.0,0.0
2007-04-24 00:00:00-04:00,18.069606951317265,18.069606951317265,17.93406503895376,18.04330825805664,25600,0.0,0.0,0.0
2007-04-25 00:00:00-04:00,18.095907229980156,18.156598427057126,18.0129642403123,18.14850616455078,31600,0.0,0.0,0.0
2007-04-26 00:00:00-04:00,18.11613265448835,18.184914547836886,18.11613265448835,18.170753479003906,30800,0.0,0.0,0.0
2007-04-27 00:00:00-04:00,18.120184017499195,18.166714141050374,18.11209175499285,18.14850616455078,26800,0.0,0.0,0.0
2007-04-30 00:00:00-04:00,18.16671187564465,18.16671187564465,17.930017471313477,17.930017471313477,25600,0.0,0.0,0.0
2007-05-01 00:00:00-04:00,17.921922016754284,17.954291056976185,17.818749173788746,17.938106536865234,64400,0.0,0.0,0.0
2007-05-02 00:00:00-04:00,17.980593595391365,18.162665627031064,17.980593595391365,18.126251220703125,19200,0.0,0.0,0.0
2007-05-03 00:00:00-04:00,18.158612177830683,18.20514073308407,18.12624314509752,18.174795150756836,35600,0.0,0.0,0.0
2007-05-04 00:00:00-04:00,18.23144855977949,18.23144855977949,18.158619749203776,18.199079513549805,24400,0.0,0.0,0.0
2007-05-07 00:00:00-04:00,18.217284990323957,18.2536993906194,18.217284990323957,18.24358367919922,12400,0.0,0.0,0.0
2007-05-08 00:00:00-04:00,18.14648408846993,18.221336364746094,18.087817881874532,18.221336364746094,32400,0.0,0.0,0.0
2007-05-09 00:00:00-04:00,18.174792309101022,18.403394322575565,18.174792309101022,18.39732551574707,18800,0.0,0.0,0.0
2007-05-10 00:00:00-04:00,18.354850169578206,18.36698778842295,18.176823528170768,18.186939239501953,26800,0.0,0.0,0.0
2007-05-11 00:00:00-04:00,18.261786012639277,18.34877586364746,18.261786012639277,18.34877586364746,28800,0.0,0.0,0.0
2007-05-14 00:00:00-04:00,18.373056759485046,18.391264731353196,18.24358367919922,18.24358367919922,17600,0.0,0.0,0.0
2007-05-15 00:00:00-04:00,18.263809609975848,18.34068529589068,18.16265869140625,18.16265869140625,79600,0.0,0.0,0.0
2007-05-16 00:00:00-04:00,18.237517370087286,18.24156272914546,18.11613653360812,18.199079513549805,18000,0.0,0.0,0.0
2007-05-17 00:00:00-04:00,18.15254829048128,18.263813397920078,18.142432579150093,18.186939239501953,348800,0.0,0.0,0.0
2007-05-18 00:00:00-04:00,18.247625928323377,18.320454716504297,18.188959751093755,18.27999496459961,67600,0.0,0.0,0.0
2007-05-21 00:00:00-04:00,18.30022777247352,18.453977632537043,18.298204321521926,18.42970085144043,202000,0.0,0.0,0.0
2007-05-22 00:00:00-04:00,18.413516704193654,18.47623133743841,18.350803614389775,18.43577003479004,48800,0.0,0.0,0.0
2007-05-23 00:00:00-04:00,18.484324307815193,18.528829427276197,18.387218721170868,18.38924217224121,12000,0.0,0.0,0.0
2007-05-24 00:00:00-04:00,18.41958048217723,18.425649289547966,18.128265380859375,18.128265380859375,35600,0.0,0.0,0.0
2007-05-25 00:00:00-04:00,18.190988933113815,18.290117988772433,18.190988933113815,18.249656677246094,26000,0.0,0.0,0.0
2007-05-29 00:00:00-04:00,18.375077792634873,18.460044200997263,18.37305434192891,18.39935302734375,32400,0.0,0.0,0.0
2007-05-30 00:00:00-04:00,18.29416077093715,18.613798141479492,18.29416077093715,18.613798141479492,20800,0.0,0.0,0.0
2007-05-31 00:00:00-04:00,18.749342135913988,18.759457849359823,18.688650942121324,18.72304344177246,68000,0.0,0.0,0.0
2007-06-01 00:00:00-04:00,18.761469805819686,18.856551905388777,18.761469805819686,18.82418441772461,39200,0.0,0.0,0.0
2007-06-04 00:00:00-04:00,18.816096595214415,18.921292884219913,18.816096595214415,18.915224075317383,20000,0.0,0.0,0.0
2007-06-05 00:00:00-04:00,18.886897486189177,18.892966293661186,18.781699678539834,18.82418441772461,44400,0.0,0.0,0.0
2007-06-06 00:00:00-04:00,18.759450280363833,18.759450280363833,18.583447124131173,18.59153938293457,110400,0.0,0.0,0.0
2007-06-07 00:00:00-04:00,18.555128510807613,18.581427199328324,18.241559982299805,18.241559982299805,24400,0.0,0.0,0.0
2007-06-08 00:00:00-04:00,18.217285738018,18.4681396484375,18.217285738018,18.4681396484375,31600,0.0,0.0,0.0
2007-06-11 00:00:00-04:00,18.46206947094508,18.516690297863022,18.407447100586328,18.447908401489258,18800,0.0,0.0,0.0
2007-06-12 00:00:00-04:00,18.34270700019693,18.411490426652897,18.284039282862306,18.290109634399414,21200,0.0,0.0,0.0
2007-06-13 00:00:00-04:00,18.385193396535172,18.549058960833495,18.377101136519382,18.524782180786133,50000,0.0,0.0,0.0
2007-06-14 00:00:00-04:00,18.64212073451734,18.652234903637652,18.607729781314422,18.648189544677734,20400,0.0,0.0,0.0
2007-06-15 00:00:00-04:00,18.79789016867225,18.805982429020364,18.749338150024414,18.749338150024414,26400,0.0,0.0,0.0
2007-06-18 00:00:00-04:00,18.79182111657338,18.79182111657338,18.662348039557408,18.664371490478516,19600,0.0,0.0,0.0
2007-06-19 00:00:00-04:00,18.59963358941846,18.727083206176758,18.59963358941846,18.727083206176758,9600,0.0,0.0,0.0
2007-06-20 00:00:00-04:00,18.747315988691014,18.75743170068222,18.52882957458496,18.52882957458496,27200,0.0,0.0,0.0
2007-06-21 00:00:00-04:00,18.498483689768342,18.63402557373047,18.419586083077508,18.63402557373047,36800,0.0,0.0,0.0
2007-06-22 00:00:00-04:00,18.5672609412446,18.59356116585694,18.42160338272843,18.516685485839844,55600,0.0,0.0,0.0
2007-06-25 00:00:00-04:00,18.49442844760174,18.547027342822144,18.32247224244899,18.330564498901367,50800,0.0,0.0,0.0
2007-06-26 00:00:00-04:00,18.41149700606157,18.41149700606157,18.19503402709961,18.19503402709961,24000,0.0,0.0,0.0
2007-06-27 00:00:00-04:00,18.108042213771906,18.437793731689453,18.108042213771906,18.437793731689453,12000,0.0,0.0,0.0
2007-06-28 00:00:00-04:00,18.419579342977897,18.518706791929898,18.397326021701293,18.407440185546875,58400,0.0,0.0,0.0
2007-06-29 00:00:00-04:00,18.459940591249442,18.526824803741807,18.354547005568246,18.366708755493164,53200,0.04225,0.0,0.0
2007-07-02 00:00:00-04:00,18.472098974065094,18.605867385864258,18.472098974065094,18.605867385864258,10800,0.0,0.0,0.0
2007-07-03 00:00:00-04:00,18.662617486216707,18.688965107486847,18.64640285175232,18.67275047302246,47600,0.0,0.0,0.0
2007-07-05 00:00:00-04:00,18.688965892434425,18.747742785102,18.67477847326037,18.739635467529297,22400,0.0,0.0,0.0
2007-07-06 00:00:00-04:00,18.71936754586991,18.88151080122621,18.71936754586991,18.875429153442383,44000,0.0,0.0,0.0
2007-07-09 00:00:00-04:00,18.89367677173904,18.89367677173904,18.83287264584091,18.855167388916016,22000,0.0,0.0,0.0
2007-07-10 00:00:00-04:00,18.757879425078936,18.75990509496505,18.561281204223633,18.561281204223633,30000,0.0,0.0,0.0
2007-07-11 00:00:00-04:00,18.644376456067086,18.680858612060547,18.575466576030948,18.680858612060547,20800,0.0,0.0,0.0
2007-07-12 00:00:00-04:00,18.717345140752794,18.926103591918945,18.717345140752794,18.926103591918945,46800,0.0,0.0,0.0
2007-07-13 00:00:00-04:00,18.891642964067568,18.98284912109375,18.87948276165579,18.98284912109375,40400,0.0,0.0,0.0
2007-07-16 00:00:00-04:00,18.94839316530717,18.99095542124754,18.903803693470785,18.911911010742188,18000,0.0,0.0,0.0
2007-07-17 00:00:00-04:00,18.980827611849982,18.99501503436672,18.901783179783443,18.926103591918945,26000,0.0,0.0,0.0
2007-07-18 00:00:00-04:00,18.798411957620118,18.883536470841467,18.707207342927628,18.875429153442383,24000,0.0,0.0,0.0
2007-07-19 00:00:00-04:00,18.940285024792686,18.962579759741832,18.913937404540324,18.942312240600586,26400,0.0,0.0,0.0
2007-07-20 00:00:00-04:00,18.893666995377536,18.91798739610189,18.713283473880946,18.715309143066406,28400,0.0,0.0,0.0
2007-07-23 00:00:00-04:00,18.792340563913736,18.796393451334914,18.684921264648438,18.684921264648438,22800,0.0,0.0,0.0
2007-07-24 00:00:00-04:00,18.5896597785156,18.599792768919517,18.316044296598648,18.362659454345703,55600,0.0,0.0,0.0
2007-07-25 00:00:00-04:00,18.451831989846127,18.451831989846127,18.11943971285877,18.234966278076172,44400,0.0,0.0,0.0
2007-07-26 00:00:00-04:00,17.963370841377973,17.975532586584375,17.545854185346197,17.701915740966797,91600,0.0,0.0,0.0
2007-07-27 00:00:00-04:00,17.71205798615167,17.791102406019636,17.351290829561897,17.38169288635254,74800,0.0,0.0,0.0
2007-07-30 00:00:00-04:00,17.478980606145342,17.685713390678725,17.408043492359614,17.63301658630371,132000,0.0,0.0,0.0
2007-07-31 00:00:00-04:00,17.817454868642436,17.83569517829903,17.41615104675293,17.41615104675293,84400,0.0,0.0,0.0
2007-08-01 00:00:00-04:00,17.495192099494474,17.55599621255626,17.215496581298478,17.501272201538086,176000,0.0,0.0,0.0
2007-08-02 00:00:00-04:00,17.59855484410608,17.66138461401747,17.511403124722932,17.641117095947266,176000,0.0,0.0,0.0
2007-08-03 00:00:00-04:00,17.643156123760434,17.643156123760434,17.14659309387207,17.14659309387207,68000,0.0,0.0,0.0
2007-08-06 00:00:00-04:00,17.215494090170118,17.304671484426947,16.96417190244037,17.294538497924805,75200,0.0,0.0,0.0
2007-08-07 00:00:00-04:00,17.239817870005663,17.46884536743164,17.213470244366675,17.46884536743164,28800,0.0,0.0,0.0
2007-08-08 00:00:00-04:00,17.52964692957591,17.67760277904428,17.36547799019946,17.600584030151367,194000,0.0,0.0,0.0
2007-08-09 00:00:00-04:00,17.294543357728845,17.4303374762543,17.075650376446802,17.085784912109375,117600,0.0,0.0,0.0
2007-08-10 00:00:00-04:00,16.8871584717319,17.310756987470796,16.767578998709897,17.274274826049805,90000,0.0,0.0,0.0
2007-08-13 00:00:00-04:00,17.4931658585197,17.505327609597703,17.353318864782445,17.389801025390625,43200,0.0,0.0,0.0
2007-08-14 00:00:00-04:00,17.316835078301303,17.331022497966156,16.978361129760742,16.978361129760742,65600,0.0,0.0,0.0
2007-08-15 00:00:00-04:00,16.8668966384797,17.02498554253595,16.55477171797559,16.556798934936523,42000,0.0,0.0,0.0
2007-08-16 00:00:00-04:00,16.43720729382988,16.50814437866211,16.011583238524015,16.50814437866211,210800,0.0,0.0,0.0
2007-08-17 00:00:00-04:00,17.099960645694477,17.099960645694477,16.680416824836563,16.828371047973633,38000,0.0,0.0,0.0
2007-08-20 00:00:00-04:00,16.866885263438004,17.033081376941706,16.830403114312194,16.97633171081543,14000,0.0,0.0,0.0
2007-08-21 00:00:00-04:00,16.899320523910927,17.067543928090174,16.88716031754577,17.03511619567871,136400,0.0,0.0,0.0
2007-08-22 00:00:00-04:00,17.24792692968885,17.333051463865836,17.217524868536195,17.290489196777344,36000,0.0,0.0,0.0
2007-08-23 00:00:00-04:00,17.416151490565337,17.416151490565337,17.21752601791315,17.280357360839844,60800,0.0,0.0,0.0
2007-08-24 00:00:00-04:00,17.239818642224908,17.499246663042175,17.239818642224908,17.497220993041992,24400,0.0,0.0,0.0
2007-08-27 00:00:00-04:00,17.476952441370187,17.476952441370187,17.347236892274623,17.369531631469727,43600,0.0,0.0,0.0
2007-08-28 00:00:00-04:00,17.17496328760396,17.17496328760396,16.899320602416992,16.899320602416992,20400,0.0,0.0,0.0
2007-08-29 00:00:00-04:00,17.069571429301405,17.39993659367454,17.03714215003592,17.2580623626709,119600,0.0,0.0,0.0
2007-08-30 00:00:00-04:00,17.17496077957095,17.37155900168201,17.17496077957095,17.24995231628418,26000,0.0,0.0,0.0
2007-08-31 00:00:00-04:00,17.446545408804568,17.564099173528522,17.412090474896235,17.495187759399414,23600,0.0,0.0,0.0
2007-09-04 00:00:00-04:00,17.450596587287997,17.74853385488297,17.450596587287997,17.655302047729492,5600,0.0,0.0,0.0
2007-09-05 00:00:00-04:00,17.541803615228783,17.541803615228783,17.422222640516015,17.487079620361328,34400,0.0,0.0,0.0
2007-09-06 00:00:00-04:00,17.539781009817546,17.586396154855116,17.422227219727777,17.55396842956543,50400,0.0,0.0,0.0
2007-09-07 00:00:00-04:00,17.25603515982044,17.304677532444092,17.183070827728386,17.219552993774414,43200,0.0,0.0,0.0
2007-09-10 00:00:00-04:00,17.237792311742542,17.241845197900595,16.93377482156234,17.071596145629883,107200,0.0,0.0,0.0
2007-09-11 00:00:00-04:00,17.18307081410432,17.290490095623237,17.17293782406871,17.2580623626709,6400,0.0,0.0,0.0
2007-09-12 00:00:00-04:00,17.247928121178543,17.324946887594148,17.23779513096971,17.260089874267578,25600,0.0,0.0,0.0
2007-09-13 00:00:00-04:00,17.272248914923853,17.420203241751796,17.272248914923853,17.308731079101562,44000,0.0,0.0,0.0
2007-09-14 00:00:00-04:00,17.217519694481716,17.412092208862305,17.172931770678453,17.412092208862305,52000,0.0,0.0,0.0
2007-09-17 00:00:00-04:00,17.35737071330998,17.35737071330998,17.243871352119708,17.300621032714844,43600,0.0,0.0,0.0
2007-09-18 00:00:00-04:00,17.335072412948993,17.7769111091939,17.335072412948993,17.758670806884766,66000,0.0,0.0,0.0
2007-09-19 00:00:00-04:00,17.949199243639917,18.058645769066203,17.86610190078564,17.902584075927734,59600,0.0,0.0,0.0
2007-09-20 00:00:00-04:00,17.860016982925007,17.890417498756246,17.730302961001353,17.774890899658203,14000,0.0,0.0,0.0
2007-09-21 00:00:00-04:00,17.86608889255878,17.87014177737322,17.791097379836177,17.80731201171875,38400,0.0,0.0,0.0
2007-09-24 00:00:00-04:00,17.805291987544564,17.841774150858956,17.714087352415103,17.72219467163086,25600,0.0,0.0,0.0
2007-09-25 00:00:00-04:00,17.58437383115929,17.710033416748047,17.549917336946915,17.710033416748047,15600,0.0,0.0,0.0
2007-09-26 00:00:00-04:00,17.788154864125794,17.84903752172565,17.763800872076047,17.82062530517578,44800,0.02875,0.0,0.0
2007-09-27 00:00:00-04:00,17.93428705507886,17.93428705507886,17.883550700836263,17.930227279663086,35200,0.0,0.0,0.0
2007-09-28 00:00:00-04:00,17.96067267375776,17.962702561835428,17.86528806266945,17.877464294433594,14000,0.0,0.0,0.0
2007-10-01 00:00:00-04:00,17.993139060794356,18.139258441306325,17.993139060794356,18.123023986816406,52800,0.0,0.0,0.0
2007-10-02 00:00:00-04:00,18.1473738484197,18.161579961786536,18.112873508578843,18.13113784790039,41200,0.0,0.0,0.0
2007-10-03 00:00:00-04:00,18.098669578702964,18.21637827414342,18.098669578702964,18.171730041503906,10800,0.0,0.0,0.0
2007-10-04 00:00:00-04:00,18.116940279654056,18.18188276401213,18.116940279654056,18.155500411987305,10800,0.0,0.0,0.0
2007-10-05 00:00:00-04:00,18.289447796766037,18.47209749589494,18.259005664127493,18.431509017944336,67200,0.0,0.0,0.0
2007-10-08 00:00:00-04:00,18.417292980265508,18.44367532189447,18.332056293448527,18.364526748657227,20000,0.0,0.0,0.0
2007-10-09 00:00:00-04:00,18.413238030010668,18.502532958984375,18.334087894340975,18.502532958984375,48000,0.0,0.0,0.0
2007-10-10 00:00:00-04:00,18.451794521267033,18.520796759136676,18.396999947140053,18.51673698425293,13200,0.0,0.0,0.0
2007-10-11 00:00:00-04:00,18.61414776338806,18.66285421388574,18.360466075702004,18.407142639160156,16400,0.0,0.0,0.0
2007-10-12 00:00:00-04:00,18.439617768455264,18.47411811223285,18.417293652281437,18.443675994873047,20800,0.0,0.0,0.0
2007-10-15 00:00:00-04:00,18.44976946176501,18.44976946176501,18.23464625684966,18.376708984375,39600,0.0,0.0,0.0
2007-10-16 00:00:00-04:00,18.230591448464548,18.23870945284704,18.139265060424805,18.139265060424805,25200,0.0,0.0,0.0
2007-10-17 00:00:00-04:00,18.273208158766217,18.289444166063866,18.029672694354126,18.179853439331055,27600,0.0,0.0,0.0
2007-10-18 00:00:00-04:00,18.10272612293755,18.13722801208496,18.068225782140416,18.13722801208496,16800,0.0,0.0,0.0
2007-10-19 00:00:00-04:00,18.106788936700163,18.106788936700163,17.629867553710938,17.629867553710938,66800,0.0,0.0,0.0
2007-10-22 00:00:00-04:00,17.57304920533858,17.828760955832333,17.51216648745516,17.75164222717285,32000,0.0,0.0,0.0
2007-10-23 00:00:00-04:00,17.90181578487616,17.911963675484262,17.78816684214887,17.873403549194336,14000,0.0,0.0,0.0
2007-10-24 00:00:00-04:00,17.857171635371245,17.885583877563477,17.60754957206077,17.885583877563477,161200,0.0,0.0,0.0
2007-10-25 00:00:00-04:00,17.847014121139864,17.847014121139864,17.613626664898113,17.830778121948242,153600,0.0,0.0,0.0
2007-10-26 00:00:00-04:00,17.9099337876925,17.9099337876925,17.794254957173443,17.873403549194336,8000,0.0,0.0,0.0
2007-10-29 00:00:00-04:00,17.974872485169126,17.974872485169126,17.91398825101435,17.948490142822266,37200,0.0,0.0,0.0
2007-10-30 00:00:00-04:00,17.907905715021347,17.95255396086133,17.847023010253906,17.847023010253906,104000,0.0,0.0,0.0
2007-10-31 00:00:00-04:00,17.952552972705682,18.14129228896271,17.907904729323256,18.12911605834961,140800,0.0,0.0,0.0
2007-11-01 00:00:00-04:00,17.86324690432137,17.913983235796024,17.747568130493164,17.747568130493164,115600,0.0,0.0,0.0
2007-11-02 00:00:00-04:00,17.814539046530154,17.814539046530154,17.60347573853591,17.725242614746094,20400,0.0,0.0,0.0
2007-11-05 00:00:00-05:00,17.57913218016041,17.640014874872346,17.499983593189462,17.605514526367188,25600,0.0,0.0,0.0
2007-11-06 00:00:00-05:00,17.607547146584373,17.765844345092773,17.53854489051482,17.765844345092773,18400,0.0,0.0,0.0
2007-11-07 00:00:00-05:00,17.61565810901656,17.64609867475401,17.38227063214458,17.39647674560547,154400,0.0,0.0,0.0
2007-11-08 00:00:00-05:00,17.38227235583205,17.41068458557129,17.12859062719571,17.41068458557129,70000,0.0,0.0,0.0
2007-11-09 00:00:00-05:00,17.236158399860216,17.313277119133605,17.04538916733796,17.311248779296875,11600,0.0,0.0,0.0
2007-11-12 00:00:00-05:00,17.34372102034357,17.34372102034357,16.82215118408203,16.82215118408203,32800,0.0,0.0,0.0
2007-11-13 00:00:00-05:00,16.99261843084944,17.264564514160156,16.99261843084944,17.264564514160156,11600,0.0,0.0,0.0
2007-11-14 00:00:00-05:00,17.36197667353852,17.36197667353852,17.197589874267578,17.197589874267578,17200,0.0,0.0,0.0
2007-11-15 00:00:00-05:00,17.110319330628595,17.177291657429027,16.88707978964372,16.960140228271484,26000,0.0,0.0,0.0
2007-11-16 00:00:00-05:00,17.169178850075998,17.169178850075998,16.789671980160602,16.840408325195312,13600,0.0,0.0,0.0
2007-11-19 00:00:00-05:00,16.858668205445266,16.858668205445266,16.558308441039934,16.576574325561523,72800,0.0,0.0,0.0
2007-11-20 00:00:00-05:00,16.631374712511274,16.730819072138857,16.29245627015332,16.507577896118164,38400,0.0,0.0,0.0
2007-11-21 00:00:00-05:00,16.357395569887302,16.416249909598402,16.21533443841237,16.30868911743164,20000,0.0,0.0,0.0
2007-11-23 00:00:00-05:00,16.41828173738527,16.42233996375701,16.395957621464724,16.404075622558594,17200,0.0,0.0,0.0
2007-11-26 00:00:00-05:00,16.5420780643454,16.552224404155464,16.19504165649414,16.19504165649414,13200,0.0,0.0,0.0
2007-11-27 00:00:00-05:00,16.31883711169583,16.373631677523985,16.215334544742415,16.335071563720703,35200,0.0,0.0,0.0
2007-11-28 00:00:00-05:00,16.60296505084619,16.89317707624722,16.586730593272925,16.872882843017578,20400,0.0,0.0,0.0
2007-11-29 00:00:00-05:00,16.83431793765423,16.939850397854418,16.83431793765423,16.897232055664062,9200,0.0,0.0,0.0
2007-11-30 00:00:00-05:00,17.085976629179683,17.12453520886326,16.99059202721096,17.061622619628906,58400,0.0,0.0,0.0
2007-12-03 00:00:00-05:00,16.988558363679182,17.016970594331845,16.93579212888834,16.945940017700195,19600,0.0,0.0,0.0
2007-12-04 00:00:00-05:00,16.836352277548524,16.91550086945562,16.80794004190755,16.881000518798828,18000,0.0,0.0,0.0
2007-12-05 00:00:00-05:00,17.067708784872917,17.11438691075771,17.043356326455296,17.0819149017334,14000,0.0,0.0,0.0
2007-12-06 00:00:00-05:00,17.207741592515315,17.388362884521484,17.179329358830117,17.388362884521484,6400,0.0,0.0,0.0
2007-12-07 00:00:00-05:00,17.502017084315863,17.53854733123615,17.469546613915092,17.485782623291016,21200,0.0,0.0,0.0
2007-12-10 00:00:00-05:00,17.53651382935687,17.64407465019685,17.53651382935687,17.605514526367188,6800,0.0,0.0,0.0
2007-12-11 00:00:00-05:00,17.658276209585456,17.668422548576732,17.10220480829623,17.10423469543457,56000,0.0,0.0,0.0
2007-12-12 00:00:00-05:00,17.435033181449903,17.435033181449903,17.077848984772526,17.150909423828125,22400,0.0,0.0,0.0
2007-12-13 00:00:00-05:00,17.108295545905737,17.13467788696289,16.93985051488233,17.13467788696289,102000,0.0,0.0,0.0
2007-12-14 00:00:00-05:00,16.968254513917024,17.053491157548393,16.85054588317871,16.85054588317871,11200,0.0,0.0,0.0
2007-12-17 00:00:00-05:00,16.787646183627707,16.787646183627707,16.566434860229492,16.566434860229492,22800,0.0,0.0,0.0
2007-12-18 00:00:00-05:00,16.671967676389112,16.70443814061585,16.432492002857657,16.653701782226562,44000,0.0,0.0,0.0
2007-12-19 00:00:00-05:00,16.604997587873388,16.66791018542772,16.55223133437728,16.62529182434082,22400,0.0,0.0,0.0
2007-12-20 00:00:00-05:00,16.71254881512504,16.761255264282227,16.580634031488817,16.761255264282227,89200,0.0,0.0,0.0
2007-12-21 00:00:00-05:00,16.923612845135988,17.004791295921283,16.91143661944075,16.9844970703125,69600,0.0,0.0,0.0
2007-12-24 00:00:00-05:00,17.094086813140343,17.191499710083008,17.094086813140343,17.191499710083008,53600,0.0,0.0,0.0
2007-12-26 00:00:00-05:00,17.108298560911972,17.14685713565989,17.05553232114832,17.14482879638672,56400,0.0,0.0,0.0
2007-12-27 00:00:00-05:00,17.086211313354276,17.086211313354276,16.872480392456055,16.872480392456055,98800,0.063,0.0,0.0
2007-12-28 00:00:00-05:00,16.996643431650906,16.996643431650906,16.87247621168402,16.90300941467285,37600,0.0,0.0,0.0
2007-12-31 00:00:00-05:00,16.870439619980008,16.91318548137301,16.795126148804165,16.819551467895508,36000,0.0,0.0,0.0
2008-01-02 00:00:00-05:00,16.82769753442929,16.846018080841766,16.536617177073254,16.587505340576172,35200,0.0,0.0,0.0
2008-01-03 00:00:00-05:00,16.61193197119104,16.618038302243257,16.457231521606445,16.457231521606445,66800,0.0,0.0,0.0
2008-01-04 00:00:00-05:00,16.298462147022143,16.298462147022143,15.952423230866513,15.970742225646973,156400,0.0,0.0,0.0
2008-01-07 00:00:00-05:00,16.005340017642677,16.041979546934947,15.769219814523751,15.901529312133789,70400,0.0,0.0,0.0
2008-01-08 00:00:00-05:00,15.950380219368396,15.960558469514561,15.551417350769043,15.551417350769043,44800,0.0,0.0,0.0
2008-01-09 00:00:00-05:00,15.486280015109015,15.630802154541016,15.26237249701694,15.630802154541016,107200,0.0,0.0,0.0
2008-01-10 00:00:00-05:00,15.508672919903097,15.913742154600158,15.508672919903097,15.816036224365234,78800,0.0,0.0,0.0
2008-01-11 00:00:00-05:00,15.67965456334809,15.763111864314716,15.537168382408602,15.598233222961426,45200,0.0,0.0,0.0
2008-01-14 00:00:00-05:00,15.712224654805308,15.801786736870595,15.6450519285191,15.76514720916748,122000,0.0,0.0,0.0
2008-01-15 00:00:00-05:00,15.579915852968751,15.579915852968751,15.38450554755841,15.404860496520996,26000,0.0,0.0,0.0
2008-01-16 00:00:00-05:00,15.286797839688992,15.55752313304243,15.19316384296929,15.296976089477539,120000,0.0,0.0,0.0
2008-01-17 00:00:00-05:00,15.39875104724924,15.480172379586186,14.946864128112793,14.946864128112793,151600,0.0,0.0,0.0
2008-01-18 00:00:00-05:00,15.060862113775505,15.166710375327398,14.806421267907634,14.969264030456543,176000,0.0,0.0,0.0
2008-01-22 00:00:00-05:00,14.466489549281986,14.963158607540006,14.376925869141354,14.86341667175293,614800,0.0,0.0,0.0
2008-01-23 00:00:00-05:00,14.33213950108604,15.229805671413457,14.33213950108604,15.209450721740723,84800,0.0,0.0,0.0
2008-01-24 00:00:00-05:00,15.331585201070501,15.441503816028122,15.233879247891469,15.351940155029297,67200,0.0,0.0,0.0
2008-01-25 00:00:00-05:00,15.44760901910282,15.557527626035395,15.21962951365193,15.233878135681152,72800,0.0,0.0,0.0
2008-01-28 00:00:00-05:00,15.268481038901788,15.537170410156252,15.15449052629046,15.53717041015625,145600,0.0,0.0,0.0
2008-01-29 00:00:00-05:00,15.586023785187773,15.700012753487055,15.539206000074444,15.677621841430664,58400,0.0,0.0,0.0
2008-01-30 00:00:00-05:00,15.651155895224573,15.90559659003962,15.553451538085938,15.553451538085938,276400,0.0,0.0,0.0
2008-01-31 00:00:00-05:00,15.366185169684798,15.913742154600158,15.34990214213154,15.816036224365234,121600,0.0,0.0,0.0
2008-02-01 00:00:00-05:00,16.00330499758681,16.162075767451427,15.852674964601864,16.1478271484375,258800,0.0,0.0,0.0
2008-02-04 00:00:00-05:00,16.054190955770373,16.11118542405584,16.011445104556273,16.03383445739746,168400,0.0,0.0,0.0
2008-02-05 00:00:00-05:00,15.809921946584282,15.877094642788755,15.571765899658201,15.571765899658203,308800,0.0,0.0,0.0
2008-02-06 00:00:00-05:00,15.58398085507012,15.722396634527152,15.421139766462304,15.42724609375,232000,0.0,0.0,0.0
2008-02-07 00:00:00-05:00,15.396711853164057,15.673543393178266,15.327504744651714,15.592122077941895,235600,0.0,0.0,0.0
2008-02-08 00:00:00-05:00,15.541240100971198,15.667443267185522,15.437427844133333,15.510706901550293,611200,0.0,0.0,0.0
2008-02-11 00:00:00-05:00,15.531070710743466,15.681699264980974,15.425222443345612,15.663378715515137,350800,0.0,0.0,0.0
2008-02-12 00:00:00-05:00,15.848609082605428,15.91170990567505,15.67151772217281,15.750903129577637,192400,0.0,0.0,0.0
2008-02-13 00:00:00-05:00,15.854707884013854,15.978875062881228,15.801783786550045,15.966662406921387,261200,0.0,0.0,0.0
2008-02-14 00:00:00-05:00,16.048082590690857,16.048082590690857,15.765144665243907,15.775322914123535,164000,0.0,0.0,0.0
2008-02-15 00:00:00-05:00,15.702048703391881,15.771257400512695,15.608414686214607,15.771257400512695,313600,0.0,0.0,0.0
2008-02-19 00:00:00-05:00,15.879139496147642,15.966667180320096,15.777363191434707,15.809930801391602,128000,0.0,0.0,0.0
2008-02-20 00:00:00-05:00,15.691868840714719,16.039945145623772,15.685762511327377,16.01144790649414,342000,0.0,0.0,0.0
2008-02-21 00:00:00-05:00,16.070473643930683,16.1437526881876,15.793642044067383,15.793642044067383,252000,0.0,0.0,0.0
2008-02-22 00:00:00-05:00,15.864895521064755,15.970742225646974,15.681697808342049,15.970742225646973,791200,0.0,0.0,0.0
2008-02-25 00:00:00-05:00,15.944279206615743,16.276069462034954,15.907639668049297,16.267927169799805,954000,0.0,0.0,0.0
2008-02-26 00:00:00-05:00,16.20278785029413,16.46740687109995,16.18039693839595,16.40430450439453,448800,0.0,0.0,0.0
2008-02-27 00:00:00-05:00,16.30660256953724,16.453160722903053,16.229253123253475,16.318815231323242,220000,0.0,0.0,0.0
2008-02-28 00:00:00-05:00,16.21296556082462,16.24349876266462,16.07251376415052,16.143756866455078,342400,0.0,0.0,0.0
2008-02-29 00:00:00-05:00,15.864893902522999,15.899497480011568,15.66134125426064,15.702051162719727,48800,0.0,0.0,0.0
2008-03-03 00:00:00-05:00,15.661338801308968,15.818073632609725,15.608414686214607,15.771257400512695,292800,0.0,0.0,0.0
2008-03-04 00:00:00-05:00,15.649112833485066,15.748854658738722,15.498484445342761,15.70814323425293,202400,0.0,0.0,0.0
2008-03-05 00:00:00-05:00,15.834355038300682,15.94020169427359,15.689832896018968,15.824176788330078,223200,0.0,0.0,0.0
2008-03-06 00:00:00-05:00,15.726472257844536,15.759039862041835,15.419107437133789,15.419107437133789,184400,0.0,0.0,0.0
2008-03-07 00:00:00-05:00,15.23183996377832,15.508671597356056,15.18095181867922,15.286798477172852,311600,0.0,0.0,0.0
2008-03-10 00:00:00-04:00,15.231846788759192,15.280698995108462,14.983512280926304,14.999796867370605,208800,0.0,0.0,0.0
2008-03-11 00:00:00-04:00,15.303081640830802,15.472030639648438,15.101565039713282,15.472030639648438,257200,0.0,0.0,0.0
2008-03-12 00:00:00-04:00,15.498495139831297,15.59009319041151,15.378399848937988,15.378399848937988,119200,0.0,0.0,0.0
2008-03-13 00:00:00-04:00,15.123957680854893,15.553453759277733,15.068997613255641,15.516814231872559,356400,0.0,0.0,0.0
2008-03-14 00:00:00-04:00,15.563629461722407,15.569735790402385,15.099529846249586,15.296976089477539,608400,0.0,0.0,0.0
2008-03-17 00:00:00-04:00,14.881732207166152,15.115818031309056,14.78402626602552,14.942798614501953,92800,0.0,0.0,0.0
2008-03-18 00:00:00-04:00,15.274588396617194,15.486283302307129,15.140242925455363,15.486283302307129,254000,0.0,0.0,0.0
2008-03-19 00:00:00-04:00,15.402825813510363,15.402825813510363,15.148385047912598,15.148385047912598,24800,0.0,0.0,0.0
2008-03-20 00:00:00-04:00,15.136171398573694,15.386540225883156,15.058821969962729,15.31529712677002,165600,0.0,0.0,0.0
2008-03-24 00:00:00-04:00,15.42725409927294,15.842501653124625,15.42725409927294,15.732583045959473,66800,0.0,0.0,0.0
2008-03-25 00:00:00-04:00,15.963482752998546,15.963482752998546,15.716887590677672,15.884001731872559,159600,0.02325,0.0,0.0
2008-03-26 00:00:00-04:00,15.796367536099217,15.798404394555819,15.690391811912063,15.716886520385742,174400,0.0,0.0,0.0
2008-03-27 00:00:00-04:00,15.751538368981308,15.788222049662117,15.53754997253418,15.53754997253418,261600,0.0,0.0,0.0
2008-03-28 00:00:00-04:00,15.578307566499854,15.578307566499854,15.401002883911133,15.401002883911133,51200,0.0,0.0,0.0
2008-03-31 00:00:00-04:00,15.390808677601019,15.576265415975062,15.382658134134129,15.549772262573242,113600,0.0,0.0,0.0
2008-04-01 00:00:00-04:00,15.731153183207567,16.093913030045208,15.700583201258063,16.063343048095703,222400,0.0,0.0,0.0
2008-04-02 00:00:00-04:00,16.087797458618528,16.23249369770566,16.063341164955215,16.15097427368164,79200,0.0,0.0,0.0
2008-04-03 00:00:00-04:00,16.03888722105685,16.2447234470313,16.024621436376677,16.179508209228516,80800,0.0,0.0,0.0
2008-04-04 00:00:00-04:00,16.20599677018761,16.38737820234229,16.18969413149967,16.289554595947266,78800,0.0,0.0,0.0
2008-04-07 00:00:00-04:00,16.3975776804843,16.438338190496328,16.226388202997192,16.258995056152344,111200,0.0,0.0,0.0
2008-04-08 00:00:00-04:00,16.150978457657196,16.263067889084148,16.150978457657196,16.206003189086914,52800,0.0,0.0,0.0
2008-04-09 00:00:00-04:00,16.214148936613057,16.214148936613057,15.955326471158454,16.010351181030273,36800,0.0,0.0,0.0
2008-04-10 00:00:00-04:00,15.98182389824136,16.14893804036438,15.949217057142523,16.12652015686035,36000,0.0,0.0,0.0
2008-04-11 00:00:00-04:00,15.947182347825755,16.01239760002525,15.861587620849093,15.871776580810547,110400,0.0,0.0,0.0
2008-04-14 00:00:00-04:00,15.8697365334994,15.916609160584747,15.814710252316146,15.847318649291992,52000,0.0,0.0,0.0
2008-04-15 00:00:00-04:00,15.922723489502248,15.922723489502248,15.79025614728521,15.859546661376953,166800,0.0,0.0,0.0
2008-04-16 00:00:00-04:00,16.0490799844265,16.3038272857666,16.0490799844265,16.3038272857666,48400,0.0,0.0,0.0
2008-04-17 00:00:00-04:00,16.263067707228785,16.354776110204188,16.210079835250916,16.309940338134766,78000,0.0,0.0,0.0
2008-04-18 00:00:00-04:00,16.56061625048973,16.678817839816546,16.542273632669804,16.633983612060547,138000,0.0,0.0,0.0
2008-04-21 00:00:00-04:00,16.57894743217502,16.62582160101768,16.521884308264667,16.5972900390625,18000,0.0,0.0,0.0
2008-04-22 00:00:00-04:00,16.55245585046675,16.55245585046675,16.305860724588648,16.37718963623047,33600,0.0,0.0,0.0
2008-04-23 00:00:00-04:00,16.42610358449315,16.487243550958784,16.36700203153742,16.40776252746582,27600,0.0,0.0,0.0
2008-04-24 00:00:00-04:00,16.45871272123637,16.609522675817185,16.320130138556866,16.568763732910156,28400,0.0,0.0,0.0
2008-04-25 00:00:00-04:00,16.61767559942059,16.72161293029785,16.458713537404826,16.72161293029785,33200,0.0,0.0,0.0
2008-04-28 00:00:00-04:00,16.72975379219173,16.81127318971869,16.72975379219173,16.77458953857422,59600,0.0,0.0,0.0
2008-04-29 00:00:00-04:00,16.713456190931574,16.717531462351523,16.607480475768973,16.674734115600586,42000,0.0,0.0,0.0
2008-04-30 00:00:00-04:00,16.721613298575104,16.752181730517464,16.562649678204238,16.60137176513672,70000,0.0,0.0,0.0
2008-05-01 00:00:00-04:00,16.55449707119157,16.80312909753097,16.55449707119157,16.792940139770508,38800,0.0,0.0,0.0
2008-05-02 00:00:00-04:00,16.972274910136935,16.972274910136935,16.805160831717366,16.868337631225586,41600,0.0,0.0,0.0
2008-05-05 00:00:00-04:00,16.770527244828003,16.85408356467753,16.770527244828003,16.825551986694336,60400,0.0,0.0,0.0
2008-05-06 00:00:00-04:00,16.801094508259347,17.011006035696017,16.780713480277658,17.004892349243164,27600,0.0,0.0,0.0
2008-05-07 00:00:00-04:00,17.037491999341686,17.055834605807217,16.75625165731584,16.762365341186523,26000,0.0,0.0,0.0
2008-05-08 00:00:00-04:00,16.78071212729517,16.852042609771637,16.760332655810757,16.850004196166992,21600,0.0,0.0,0.0
2008-05-09 00:00:00-04:00,16.750143599923362,16.835738312571706,16.74402991399905,16.770523071289062,25200,0.0,0.0,0.0
2008-05-12 00:00:00-04:00,16.778674564242483,16.980433966720945,16.778674564242483,16.970243453979492,26800,0.0,0.0,0.0
2008-05-13 00:00:00-04:00,17.015080499793914,17.133283615112305,16.988587341472506,17.133283615112305,19600,0.0,0.0,0.0
2008-05-14 00:00:00-04:00,17.22091156863002,17.383950406605823,17.218873155570584,17.222949981689453,32400,0.0,0.0,0.0
2008-05-15 00:00:00-04:00,17.202571755986007,17.434901106197973,17.202571755986007,17.430824279785156,68000,0.0,0.0,0.0
2008-05-16 00:00:00-04:00,17.473625450046423,17.528651734679542,17.369689676591058,17.500120162963867,17600,0.0,0.0,0.0
2008-05-19 00:00:00-04:00,17.55106479585471,17.671304735768626,17.432861714179133,17.487886428833008,46800,0.0,0.0,0.0
2008-05-20 00:00:00-04:00,17.47362061855368,17.47362061855368,17.343190168245165,17.400253295898438,166400,0.0,0.0,0.0
2008-05-21 00:00:00-04:00,17.50011670308571,17.50215356148124,17.080292200399388,17.090482711791992,501600,0.0,0.0,0.0
2008-05-22 00:00:00-04:00,17.153659257964165,17.196456606400574,17.07417824588887,17.114938735961914,1096800,0.0,0.0,0.0
2008-05-23 00:00:00-04:00,16.95190056313439,16.974318444857428,16.85815376449885,16.92540740966797,149200,0.0,0.0,0.0
2008-05-27 00:00:00-04:00,16.970242277464823,17.03749592524639,16.878533888565475,17.0252685546875,107600,0.0,0.0,0.0
2008-05-28 00:00:00-04:00,17.131240052257965,17.24740471898831,17.0680632410978,17.222949981689453,68000,0.0,0.0,0.0
2008-05-29 00:00:00-04:00,17.247404641148982,17.341151428363226,17.182189417223704,17.24944305419922,24000,0.0,0.0,0.0
2008-05-30 00:00:00-04:00,17.28205898613714,17.385994774256925,17.26371637038677,17.34523582458496,173200,0.0,0.0,0.0
2008-06-02 00:00:00-04:00,17.33504330977747,17.33504330977747,17.14958808885566,17.2657527923584,455600,0.0,0.0,0.0
2008-06-03 00:00:00-04:00,17.300395778591536,17.383953626113783,17.098636384242173,17.247407913208008,1006000,0.0,0.0,0.0
2008-06-04 00:00:00-04:00,17.20664688119565,17.39617888158323,17.2025716096712,17.24536895751953,287600,0.0,0.0,0.0
2008-06-05 00:00:00-04:00,17.35338764133797,17.581640243530273,17.35338764133797,17.581640243530273,76800,0.0,0.0,0.0
2008-06-06 00:00:00-04:00,17.48992684853193,17.48992684853193,17.09455862542746,17.102710723876953,80400,0.0,0.0,0.0
2008-06-09 00:00:00-04:00,17.10883031682452,17.18219767335052,16.95190664333267,17.068071365356445,148400,0.0,0.0,0.0
2008-06-10 00:00:00-04:00,16.93763460873768,17.05379928792338,16.872419377525603,16.960052490234375,273600,0.0,0.0,0.0
2008-06-11 00:00:00-04:00,16.96209490427046,16.986549649959404,16.66658710341139,16.68085289001465,159600,0.0,0.0,0.0
2008-06-12 00:00:00-04:00,16.852040959588194,16.896876725375908,16.648243154992294,16.737913131713867,112800,0.0,0.0,0.0
2008-06-13 00:00:00-04:00,16.864264426483814,17.03545379638672,16.827580767954117,17.03545379638672,160400,0.0,0.0,0.0
2008-06-16 00:00:00-04:00,16.976354925699734,17.14550589373632,16.976354925699734,17.127164840698242,52000,0.0,0.0,0.0
2008-06-17 00:00:00-04:00,17.188302114451528,17.188302114451528,17.03545379638672,17.03545379638672,308800,0.0,0.0,0.0
2008-06-18 00:00:00-04:00,16.933560495709294,16.968207307572207,16.776636854939895,16.850004196166992,613600,0.0,0.0,0.0
2008-06-19 00:00:00-04:00,16.81535470827016,16.96208935380466,16.778671046886537,16.92744255065918,275600,0.0,0.0,0.0
2008-06-20 00:00:00-04:00,16.845935074175227,16.845935074175227,16.574883495396364,16.605453491210938,106400,0.0,0.0,0.0
2008-06-23 00:00:00-04:00,16.627856739057453,16.69307350804127,16.585059400551838,16.59932518005371,128000,0.0,0.0,0.0
2008-06-24 00:00:00-04:00,16.550093152824576,16.592995316981856,16.347838089232305,16.43160057067871,136800,0.04975,0.0,0.0
2008-06-25 00:00:00-04:00,16.48063543089106,16.693104456869012,16.460206046571702,16.531709671020508,72400,0.0,0.0,0.0
2008-06-26 00:00:00-04:00,16.35601154495223,16.35601154495223,16.05978162303352,16.08225440979004,91600,0.0,0.0,0.0
2008-06-27 00:00:00-04:00,16.00257380980868,16.088378119031447,15.888166505516937,15.95762825012207,58800,0.0,0.0,0.0
2008-06-30 00:00:00-04:00,15.929031920288732,16.108812658008397,15.929031920288732,15.951504707336426,81600,0.0,0.0,0.0
2008-07-01 00:00:00-04:00,15.722697130407733,15.914736811591359,15.604204494840712,15.898392677307129,105600,0.0,0.0,0.0
2008-07-02 00:00:00-04:00,16.01279627031326,16.01279627031326,15.520441373191302,15.52248477935791,42400,0.0,0.0,0.0
2008-07-03 00:00:00-04:00,15.532696654623045,15.542912125453368,15.316142389245874,15.391731262207031,100400,0.0,0.0,0.0
2008-07-07 00:00:00-04:00,15.591941732167816,15.591941732167816,15.171090552523749,15.299797058105469,212800,0.0,0.0,0.0
2008-07-08 00:00:00-04:00,15.240550603700392,15.659359931945799,15.128188227858802,15.6593599319458,888400,0.0,0.0,0.0
2008-07-09 00:00:00-04:00,15.76559291774741,15.76559291774741,15.275279998779297,15.275279998779297,96800,0.0,0.0,0.0
2008-07-10 00:00:00-04:00,15.234425684956468,15.440766070487117,15.17109412014164,15.350874900817871,162400,0.0,0.0,0.0
2008-07-11 00:00:00-04:00,15.138405491883441,15.424421567786766,15.011742365294444,15.213995933532715,119200,0.0,0.0,0.0
2008-07-14 00:00:00-04:00,15.301835975177184,15.385596881923071,15.115925074099337,15.142484664916992,121200,0.0,0.0,0.0
2008-07-15 00:00:00-04:00,14.968835250370171,15.273238795766403,14.762496475028673,15.034210205078125,137600,0.0,0.0,0.0
2008-07-16 00:00:00-04:00,15.07915878102514,15.463238080235623,15.007655153617499,15.459151268005371,196000,0.0,0.0,0.0
2008-07-17 00:00:00-04:00,15.645064767579358,15.732912540675466,15.442809613616564,15.694095611572266,212400,0.0,0.0,0.0
2008-07-18 00:00:00-04:00,15.643015340344723,15.736991737936856,15.62667121241692,15.692046165466309,206800,0.0,0.0,0.0
2008-07-21 00:00:00-04:00,15.71860651275659,15.75538002301725,15.620543299174198,15.743121147155762,304000,0.0,0.0,0.0
2008-07-22 00:00:00-04:00,15.653228906011819,15.943330127466163,15.616455401978055,15.93924331665039,273600,0.0,0.0,0.0
2008-07-23 00:00:00-04:00,15.95559041885525,16.194617460330644,15.933117631161467,15.992363929748535,150400,0.0,0.0,0.0
2008-07-24 00:00:00-04:00,16.07408806005989,16.07408806005989,15.475497786308967,15.497970581054688,440000,0.0,0.0,0.0
2008-07-25 00:00:00-04:00,15.628718180799066,15.630761586921313,15.52044103625268,15.600116729736328,182400,0.0,0.0,0.0
2008-07-28 00:00:00-04:00,15.536780928578697,15.577639687901932,15.381514837559234,15.385600090026855,23200,0.0,0.0,0.0
2008-07-29 00:00:00-04:00,15.440763416602692,15.702263255790875,15.440763416602692,15.687962532043457,61200,0.0,0.0,0.0
2008-07-30 00:00:00-04:00,15.734942941521995,15.884080330110853,15.665482759618481,15.861607551574707,86000,0.0,0.0,0.0
2008-07-31 00:00:00-04:00,15.696137327365864,15.841187995940524,15.638934422425127,15.643019676208496,119600,0.0,0.0,0.0
2008-08-01 00:00:00-04:00,15.753339456999065,15.753339456999065,15.46936679383177,15.600116729736328,196400,0.0,0.0,0.0
2008-08-04 00:00:00-04:00,15.483668280382625,15.49184034661109,15.322273479360558,15.342702865600586,103200,0.0,0.0,0.0
2008-08-05 00:00:00-04:00,15.477537037218816,15.74108028411865,15.477537037218816,15.741080284118652,43200,0.0,0.0,0.0
2008-08-06 00:00:00-04:00,15.694094702307362,15.931079958757376,15.659364588102138,15.906563758850098,56800,0.0,0.0,0.0
2008-08-07 00:00:00-04:00,15.967849084473475,15.967849084473475,15.647101402282713,15.647101402282715,43600,0.0,0.0,0.0
2008-08-08 00:00:00-04:00,15.694090844266405,16.057739147520053,15.663445991581243,16.010751724243164,45200,0.0,0.0,0.0
2008-08-11 00:00:00-04:00,15.994411477915877,16.266126847739702,15.994411477915877,16.137418746948242,98000,0.0,0.0,0.0
2008-08-12 00:00:00-04:00,16.076123255638638,16.12106882217421,15.95763068180152,15.988275527954102,131600,0.0,0.0,0.0
2008-08-13 00:00:00-04:00,15.986231430504661,16.063863686557003,15.814622793337941,16.000532150268555,84400,0.0,0.0,0.0
2008-08-14 00:00:00-04:00,15.95763795749865,16.178279080002014,15.900435049885704,16.137418746948242,73600,0.0,0.0,0.0
2008-08-15 00:00:00-04:00,16.347839651910476,16.347839651910476,16.09451189514941,16.19870376586914,89200,0.0,0.0,0.0
2008-08-18 00:00:00-04:00,16.30289499698641,16.30289499698641,15.890214341748402,15.955589294433594,64000,0.0,0.0,0.0
2008-08-19 00:00:00-04:00,15.773765450468417,15.77580885615128,15.685917710047493,15.726778030395508,26400,0.0,0.0,0.0
2008-08-20 00:00:00-04:00,15.747206256388173,15.806452547551475,15.651186458939435,15.777851104736328,50800,0.0,0.0,0.0
2008-08-21 00:00:00-04:00,15.673659243817298,15.820753268959049,15.651186458939435,15.777851104736328,18400,0.0,0.0,0.0
2008-08-22 00:00:00-04:00,15.84527170121547,15.937206268310547,15.79828427331848,15.937206268310547,80000,0.0,0.0,0.0
2008-08-25 00:00:00-04:00,15.884089883210036,15.884089883210036,15.5939885513834,15.632803916931152,105600,0.0,0.0,0.0
2008-08-26 00:00:00-04:00,15.777854965250809,15.777854965250809,15.579686663928364,15.690007209777832,31200,0.0,0.0,0.0
2008-08-27 00:00:00-04:00,15.749254484467258,15.88817650242648,15.749254484467258,15.83914566040039,20000,0.0,0.0,0.0
2008-08-28 00:00:00-04:00,15.99236199768263,16.080209732055664,15.894300352922157,16.080209732055664,23600,0.0,0.0,0.0
2008-08-29 00:00:00-04:00,16.076127652366,16.076127652366,15.931077003479004,15.931077003479004,37200,0.0,0.0,0.0
2008-09-02 00:00:00-04:00,16.090432877611544,16.180322501750027,15.714525570258623,15.779900550842285,131200,0.0,0.0,0.0
2008-09-03 00:00:00-04:00,15.734954642652243,15.82280241716752,15.62054881859977,15.712483406066895,36800,0.0,0.0,0.0
2008-09-04 00:00:00-04:00,15.614409791815401,15.614409791815401,15.25280501876001,15.26506233215332,33600,0.0,0.0,0.0
2008-09-05 00:00:00-04:00,15.181304604963984,15.365172156547828,14.987223141918868,15.344742774963379,93600,0.0,0.0,0.0
2008-09-08 00:00:00-04:00,15.833011808622478,15.833011808622478,15.369258471135977,15.551082611083984,124400,0.0,0.0,0.0
2008-09-09 00:00:00-04:00,15.401949918124618,15.524527800127268,14.950453758239746,14.950453758239746,275200,0.0,0.0,0.0
2008-09-10 00:00:00-04:00,15.034209053109397,15.191518548693711,14.901417306822005,15.091413497924805,100400,0.0,0.0,0.0
2008-09-11 00:00:00-04:00,15.08937124417429,15.199691772460938,14.823784614003264,15.199691772460938,103600,0.0,0.0,0.0
2008-09-12 00:00:00-04:00,15.115928083554493,15.395815414133084,15.075069324616218,15.346784591674805,118800,0.0,0.0,0.0
2008-09-15 00:00:00-04:00,14.97292672978712,15.144535454898506,14.664437835460872,14.686910629272461,112400,0.0,0.0,0.0
2008-09-16 00:00:00-04:00,14.458090142306927,14.83808248037133,14.282396251813488,14.795180320739746,222400,0.0,0.0,0.0
2008-09-17 00:00:00-04:00,14.633790885704643,14.693037191962008,14.198638916015625,14.198638916015625,185200,0.0,0.0,0.0
2008-09-18 00:00:00-04:00,14.327341230971161,14.709377000291376,13.812513721772099,14.705291748046875,591200,0.0,0.0,0.0
2008-09-19 00:00:00-04:00,15.256896018981935,15.256896018981935,14.911633680805782,15.256896018981934,109200,0.0,0.0,0.0
2008-09-22 00:00:00-04:00,15.158836048194315,15.195609568773945,14.64196491241455,14.64196491241455,76800,0.0,0.0,0.0
2008-09-23 00:00:00-04:00,14.390676669230764,14.744109495626168,14.382504604752118,14.427450180053711,254400,0.0,0.0,0.0
2008-09-24 00:00:00-04:00,14.637873978985063,14.637873978985063,14.306912422180176,14.306912422180176,166000,0.0,0.0,0.0
2008-09-25 00:00:00-04:00,14.405717352690926,14.551250168701666,14.405717352690926,14.524603843688965,84000,0.058,0.0,0.0
2008-09-26 00:00:00-04:00,14.229427227387283,14.444652557373047,14.229427227387283,14.444652557373047,51600,0.0,0.0,0.0
2008-09-29 00:00:00-04:00,13.891221952902644,13.977313055975491,13.050820718849973,13.389031410217285,346800,0.0,0.0,0.0
2008-09-30 00:00:00-04:00,13.415679782012585,13.909672737121582,13.415679782012585,13.909672737121582,126000,0.0,0.0,0.0
2008-10-01 00:00:00-04:00,13.542765607448727,13.817434288027151,13.542765607448727,13.669851303100586,83600,0.0,0.0,0.0
2008-10-02 00:00:00-04:00,13.680098454800985,13.680098454800985,12.895040743945033,12.899140357971191,104000,0.0,0.0,0.0
2008-10-03 00:00:00-04:00,13.16765884731403,13.212753821108311,12.583477513712877,12.59372615814209,102800,0.0,0.0,0.0
2008-10-06 00:00:00-04:00,12.214520638477328,12.259615611524612,11.470457492804343,12.1243314743042,348000,0.0,0.0,0.0
2008-10-07 00:00:00-04:00,12.132528931192013,12.132528931192013,11.4725067552648,11.476606369018555,66800,0.0,0.0,0.0
2008-10-08 00:00:00-04:00,10.912923028367622,11.640587701610382,10.912923028367622,11.288028717041016,46800,0.0,0.0,0.0
2008-10-09 00:00:00-04:00,11.490954588565783,11.490954588565783,10.720244407653809,10.720244407653809,142800,0.0,0.0,0.0
2008-10-10 00:00:00-04:00,9.955687990052533,10.853483425593762,9.74046326574433,10.652606964111328,112000,0.0,0.0,0.0
2008-10-13 00:00:00-04:00,10.980567258315551,11.548351027315228,10.925223629360174,11.54220199584961,79200,0.0,0.0,0.0
2008-10-14 00:00:00-04:00,12.214519141776327,12.23091681419787,11.195788232404217,11.449958801269531,177200,0.0,0.0,0.0
2008-10-15 00:00:00-04:00,11.292130565400306,11.292130565400306,10.20985727740189,10.218055725097656,31600,0.0,0.0,0.0
2008-10-16 00:00:00-04:00,10.281599766237115,10.62800904730111,9.820403603071115,10.59316349029541,72400,0.0,0.0,0.0
2008-10-17 00:00:00-04:00,10.410730933685509,11.040007173362453,10.410730933685509,10.589059829711914,294800,0.0,0.0,0.0
2008-10-20 00:00:00-04:00,10.761239916080894,11.07485294342041,10.587010630208137,11.07485294342041,149200,0.0,0.0,0.0
2008-10-21 00:00:00-04:00,10.882176067720357,10.939569098541565,10.675150648028573,10.70794677734375,15200,0.0,0.0,0.0
2008-10-22 00:00:00-04:00,10.433279390505016,10.433279390505016,9.713813145893157,10.015128135681152,85200,0.0,0.0,0.0
2008-10-23 00:00:00-04:00,10.103266623147293,10.105316038979261,9.31000898762728,9.808100700378418,122400,0.0,0.0,0.0
2008-10-24 00:00:00-04:00,9.326408681504905,9.625673475711828,9.193173959000543,9.517036437988281,95200,0.0,0.0,0.0
2008-10-27 00:00:00-04:00,9.234169917221356,9.527285700202514,9.12143325805664,9.12143325805664,95600,0.0,0.0,0.0
2008-10-28 00:00:00-04:00,9.277217122869109,10.02538013458252,9.121435644668631,10.02538013458252,58400,0.0,0.0,0.0
2008-10-29 00:00:00-04:00,9.959784091040241,10.500920617873037,9.959784091040241,10.154511451721191,78800,0.0,0.0,0.0
2008-10-30 00:00:00-04:00,10.271348277686272,10.488622354022333,10.187308142478251,10.369736671447754,36800,0.0,0.0,0.0
2008-10-31 00:00:00-04:00,10.464024423226707,10.849379514048504,10.464024423226707,10.757140159606934,25600,0.0,0.0,0.0
2008-11-03 00:00:00-05:00,10.812484251668538,10.884225540569814,10.681299733722543,10.693597793579102,40400,0.0,0.0,0.0
2008-11-04 00:00:00-05:00,10.945721455227206,11.111751556396484,10.882178597814796,11.111751556396484,32000,0.0,0.0,0.0
2008-11-05 00:00:00-05:00,10.955969217650404,10.964168446704472,10.461977005004883,10.461977005004883,20000,0.0,0.0,0.0
2008-11-06 00:00:00-05:00,10.437381684617165,10.451730729676324,9.980285117142481,10.023330688476562,52400,0.0,0.0,0.0
2008-11-07 00:00:00-05:00,10.191407937477369,10.293895947204465,10.064322242432317,10.261099815368652,14000,0.0,0.0,0.0
2008-11-10 00:00:00-05:00,10.5460195702765,10.5460195702765,9.939290555505815,10.02538013458252,36400,0.0,0.0,0.0
2008-11-11 00:00:00-05:00,9.832702875025568,9.980285121927603,9.599030267335788,9.781458854675293,52800,0.0,0.0,0.0
2008-11-12 00:00:00-05:00,9.609271263563507,9.609271263563507,9.23006534576416,9.23006534576416,36800,0.0,0.0,0.0
2008-11-13 00:00:00-05:00,9.205473376342185,9.8818941116333,8.863163785271187,9.8818941116333,165200,0.0,0.0,0.0
2008-11-14 00:00:00-05:00,9.728162203170315,9.793754470264005,9.346906661987305,9.346906661987305,25200,0.0,0.0,0.0
2008-11-17 00:00:00-05:00,9.301812386251255,9.484240926390813,9.158329010009766,9.158329010009766,70800,0.0,0.0,0.0
2008-11-18 00:00:00-05:00,9.176776849463687,9.285413893876587,8.928756043729356,9.119383811950684,9200,0.0,0.0,0.0
2008-11-19 00:00:00-05:00,9.119384723301568,9.199325256946867,8.490107536315918,8.490107536315918,18000,0.0,0.0,0.0
2008-11-20 00:00:00-05:00,8.293329848221866,8.582346014438706,7.858780890786378,7.860830307006836,104400,0.0,0.0,0.0
2008-11-21 00:00:00-05:00,8.043260856690857,8.328177452087402,7.756294062839046,8.328177452087402,192400,0.0,0.0,0.0
2008-11-24 00:00:00-05:00,8.451162405734735,9.086588626734695,8.451162405734735,8.9718017578125,146800,0.0,0.0,0.0
2008-11-25 00:00:00-05:00,9.119382880159812,9.152179009947876,8.791420800357761,9.0845365524292,80400,0.0,0.0,0.0
2008-11-26 00:00:00-05:00,8.865211099885265,9.576477997882785,8.865211099885265,9.558030128479004,40800,0.0,0.0,0.0
2008-11-28 00:00:00-05:00,9.385850782418155,9.642070770263672,9.385850782418155,9.642070770263672,13200,0.0,0.0,0.0
2008-12-01 00:00:00-05:00,9.275163407740006,9.314108563761488,8.699180603027344,8.699180603027344,40800,0.0,0.0,0.0
2008-12-02 00:00:00-05:00,8.818067650157733,9.105033582187096,8.797569580920458,9.096835136413574,136000,0.0,0.0,0.0
2008-12-03 00:00:00-05:00,8.910302363334699,9.35509967803955,8.910302363334699,9.35509967803955,45200,0.0,0.0,0.0
2008-12-04 00:00:00-05:00,9.225965353417212,9.50063310374759,8.914402658700732,9.05788516998291,41200,0.0,0.0,0.0
2008-12-05 00:00:00-05:00,8.895959347001378,9.424797058105469,8.770923852979616,9.424797058105469,38400,0.0,0.0,0.0
2008-12-08 00:00:00-05:00,9.961831292133828,9.961831292133828,9.695362701884886,9.892139434814453,49600,0.0,0.0,0.0
2008-12-09 00:00:00-05:00,9.795803274434721,10.086868820502254,9.678967016430557,9.689215660095215,94800,0.0,0.0,0.0
2008-12-10 00:00:00-05:00,9.779406818543766,10.015129580634031,9.777357402160364,10.006930351257324,36800,0.0,0.0,0.0
2008-12-11 00:00:00-05:00,9.92083943771006,10.002829374548444,9.508837209728009,9.517036437988281,59200,0.0,0.0,0.0
2008-12-12 00:00:00-05:00,9.162427870445649,9.77120609289483,8.967700503136122,9.717912673950195,63600,0.0,0.0,0.0
2008-12-15 00:00:00-05:00,9.769160007843373,9.818354611422889,9.480143764358187,9.576482772827148,52000,0.0,0.0,0.0
2008-12-16 00:00:00-05:00,9.695366239987619,10.183209419250488,9.683068178392393,10.183209419250488,57200,0.0,0.0,0.0
2008-12-17 00:00:00-05:00,10.017177851788427,10.40458240344942,10.017177851788427,10.261099815368652,82800,0.0,0.0,0.0
2008-12-18 00:00:00-05:00,10.30824293603424,10.30824293603424,9.859345008304166,9.980280876159668,85600,0.0,0.0,0.0
2008-12-19 00:00:00-05:00,10.019228014545313,10.18320867314641,9.978232654414674,10.039725303649902,114400,0.0,0.0,0.0
2008-12-22 00:00:00-05:00,9.99257987002576,9.99257987002576,9.603125162322874,9.797852516174316,73600,0.0,0.0,0.0
2008-12-23 00:00:00-05:00,9.834748971986086,9.885992975038487,9.672817734679358,9.738409996032715,140400,0.0,0.0,0.0
2008-12-24 00:00:00-05:00,9.684731521792374,9.81479741867971,9.643440673369378,9.754925727844238,31600,0.085,0.0,0.0
2008-12-26 00:00:00-05:00,9.796216810619574,9.872604370117188,9.744603445745454,9.872604370117188,38000,0.0,0.0,0.0
2008-12-29 00:00:00-05:00,9.903182712335765,9.903182712335765,9.661439684085533,9.746152877807617,112400,0.0095,0.0,0.0
2008-12-30 00:00:00-05:00,9.88252243715174,10.02095588235294,9.84326457977295,9.985831260681152,82800,0.0,0.0,0.0
2008-12-31 00:00:00-05:00,10.118066841338566,10.421794258937107,10.118066841338566,10.31641960144043,80400,0.0,0.0,0.0
2009-01-02 00:00:00-05:00,10.421797147136404,10.620150750391934,10.248238236902829,10.613951683044434,25600,0.0,0.0,0.0
2009-01-05 00:00:00-05:00,10.611882638775782,10.843294186273308,10.467250126020907,10.622213363647461,190400,0.0,0.0,0.0
2009-01-06 00:00:00-05:00,10.773046635867308,10.919745012123247,10.71519393270924,10.810237884521484,52000,0.0,0.0,0.0
2009-01-07 00:00:00-05:00,10.506507444782017,10.675933858880617,10.434191580782787,10.496176719665527,54000,0.0,0.0,0.0
2009-01-08 00:00:00-05:00,10.48171135647227,10.568491163320525,10.370137656888932,10.562292098999023,30400,0.0,0.0,0.0
2009-01-09 00:00:00-05:00,10.295758151165414,10.450721392779458,10.295758151165414,10.31641960144043,6000,0.0,0.0,0.0
2009-01-12 00:00:00-05:00,10.237905959382477,10.237905959382477,9.907317984298201,9.969303131103516,6800,0.0,0.0,0.0
2009-01-13 00:00:00-05:00,9.892855369269986,10.07467837175977,9.892855369269986,10.018892288208008,16400,0.0,0.0,0.0
2009-01-14 00:00:00-05:00,9.630447445711221,9.698630850819637,9.570528146427325,9.690366744995117,80400,0.0,0.0,0.0
2009-01-15 00:00:00-05:00,9.566397359608999,9.865993119837691,9.4011033916778,9.775081634521484,27200,0.0,0.0,0.0
2009-01-16 00:00:00-05:00,9.956906278439254,10.000296592712402,9.779215725666713,10.000296592712402,34000,0.0,0.0,0.0
2009-01-20 00:00:00-05:00,9.816406317732381,9.816406317732381,9.384575304751127,9.399039268493652,13600,0.0,0.0,0.0
2009-01-21 00:00:00-05:00,9.554001569245319,9.777148246765137,9.29779530730966,9.777148246765137,11200,0.0,0.0,0.0
2009-01-22 00:00:00-05:00,9.5663963375139,9.72962445823672,9.469286585083138,9.615984916687012,34800,0.0,0.0,0.0
2009-01-23 00:00:00-05:00,9.479619708550564,9.750288374319812,9.44449429187417,9.605656623840332,39200,0.0,0.0,0.0
2009-01-26 00:00:00-05:00,9.624249349715011,9.903182828159274,9.624249349715011,9.684167861938477,44400,0.0,0.0,0.0
2009-01-27 00:00:00-05:00,9.733760654185007,9.882525660813032,9.733760654185007,9.837069511413574,10800,0.0,0.0,0.0
2009-01-28 00:00:00-05:00,10.033353983320431,10.217243576993166,10.033353983320431,10.167654991149902,62800,0.0,0.0,0.0
2009-01-29 00:00:00-05:00,10.08500838035194,10.087074210174,9.89905216901315,9.927978515625,60400,0.0,0.0,0.0
2009-01-30 00:00:00-05:00,9.911452497008272,9.911452497008272,9.576731215808033,9.6077241897583,29200,0.0,0.0,0.0
2009-02-02 00:00:00-05:00,9.46928951353262,9.613921272133231,9.44036237362853,9.591193199157715,13200,0.0,0.0,0.0
2009-02-03 00:00:00-05:00,9.566395781635036,9.742021233991919,9.553999228699887,9.70689582824707,36800,0.0,0.0,0.0
2009-02-04 00:00:00-05:00,9.878390240555648,9.886654347628255,9.6676401406202,9.717227935791016,22800,0.0,0.0,0.0
2009-02-05 00:00:00-05:00,9.54986967383585,9.890788381922212,9.54986967383585,9.826737403869629,10800,0.0,0.0,0.0
2009-02-06 00:00:00-05:00,9.994095949044041,10.175919709726564,9.994095949044041,10.17178726196289,27200,0.0,0.0,0.0
2009-02-09 00:00:00-05:00,10.175918502244006,10.206911462701996,10.097403580418497,10.157322883605957,26400,0.0,0.0,0.0
2009-02-10 00:00:00-05:00,10.056081695434198,10.15939053120328,9.6221849004776,9.65937614440918,122000,0.0,0.0,0.0
2009-02-11 00:00:00-05:00,9.659374843024958,9.791610008884241,9.572595810998715,9.665573120117188,74800,0.0,0.0,0.0
2009-02-12 00:00:00-05:00,9.502346071831994,9.742022514343262,9.43829431657551,9.742022514343262,133600,0.0,0.0,0.0
2009-02-13 00:00:00-05:00,9.737888963816896,9.816403094444468,9.632513532852148,9.702763557434082,72400,0.0,0.0,0.0
2009-02-17 00:00:00-05:00,9.32052396601885,9.32052396601885,9.20068532949621,9.306060791015625,36800,0.0,0.0,0.0
2009-02-18 00:00:00-05:00,9.25440456685896,9.25440456685896,9.060183474901072,9.142830848693848,36400,0.0,0.0,0.0
2009-02-19 00:00:00-05:00,9.200687931924046,9.320526602343227,9.027128994610017,9.031261444091797,28800,0.0,0.0,0.0
2009-02-20 00:00:00-05:00,8.803974395552029,9.00026123603243,8.768849000345657,8.938275337219238,52000,0.0,0.0,0.0
2009-02-23 00:00:00-05:00,9.062251596021731,9.062251596021731,8.611824989318848,8.611824989318848,37600,0.0,0.0,0.0
2009-02-24 00:00:00-05:00,8.692406696787895,9.014730597015102,8.61389174900486,8.950678825378418,52400,0.0,0.0,0.0
2009-02-25 00:00:00-05:00,8.907289900424761,9.041590943480585,8.717201191047602,8.857701301574707,78000,0.0,0.0,0.0
2009-02-26 00:00:00-05:00,8.973405145482584,9.01886128345168,8.688272550539432,8.706868171691895,58800,0.0,0.0,0.0
2009-02-27 00:00:00-05:00,8.529179075494316,8.78951783938025,8.529179075494316,8.5994291305542,56800,0.0,0.0,0.0
2009-03-02 00:00:00-05:00,8.361820163203465,8.434136056697904,8.018834747430747,8.0828857421875,169600,0.0,0.0,0.0
2009-03-03 00:00:00-05:00,8.206854127760023,8.239912923525885,7.998169839088626,8.080817222595215,206800,0.0,0.0,0.0
2009-03-04 00:00:00-05:00,8.184123581713683,8.448593867822959,8.175858688226862,8.35354995727539,39600,0.0,0.0,0.0
2009-03-05 00:00:00-05:00,7.989905984818393,8.223384203708916,7.894862033122771,7.958913803100586,128800,0.0,0.0,0.0
2009-03-06 00:00:00-05:00,8.101477634400876,8.103544252224376,7.725433585267659,7.921720504760742,202000,0.0,0.0,0.0
2009-03-09 00:00:00-04:00,7.979574138696355,8.027096107880714,7.8184126094464546,7.820478439331055,57600,0.0,0.0,0.0
2009-03-10 00:00:00-04:00,8.02502792891869,8.35354995727539,7.991969143155029,8.35354995727539,97600,0.0,0.0,0.0
2009-03-11 00:00:00-04:00,8.469261101169014,8.520915533679187,8.337025091868334,8.450665473937988,64400,0.0,0.0,0.0
2009-03-12 00:00:00-04:00,8.3659482250128,8.783315145982343,8.345285989004989,8.756455421447754,97200,0.0,0.0,0.0
2009-03-13 00:00:00-04:00,8.87009572762754,8.87009572762754,8.677941251154419,8.799845695495605,98400,0.0,0.0,0.0
2009-03-16 00:00:00-04:00,8.944477434108425,8.944477434108425,8.725462461527894,8.756455421447754,105200,0.0,0.0,0.0
2009-03-17 00:00:00-04:00,8.628353328654264,8.965140342712402,8.591162874147814,8.965140342712402,53200,0.0,0.0,0.0
2009-03-18 00:00:00-04:00,8.963071969587508,9.262667655944824,8.820505317000194,9.262667655944824,37200,0.0,0.0,0.0
2009-03-19 00:00:00-04:00,9.370111717222448,9.370111717222448,9.14489840861856,9.146965026855469,19600,0.0,0.0,0.0
2009-03-20 00:00:00-04:00,9.10150653210506,9.10150653210506,8.83083793861842,8.853565216064453,12800,0.0,0.0,0.0
2009-03-23 00:00:00-04:00,9.066384323419934,9.411435482273886,9.066384323419934,9.403170585632324,44800,0.0,0.0,0.0
2009-03-24 00:00:00-04:00,9.283328663722564,9.477548920475646,9.283328663722564,9.28952693939209,26000,0.0,0.0,0.0
2009-03-25 00:00:00-04:00,9.54069975572956,9.54069975572956,9.117590272328261,9.264848709106445,44000,0.04275,0.0,0.0
2009-03-26 00:00:00-04:00,9.530327973464905,9.71699333190918,9.530327973464905,9.71699333190918,61600,0.0,0.0,0.0
2009-03-27 00:00:00-04:00,9.546921735966247,9.615366266432359,9.47640348845256,9.513736724853516,30400,0.0,0.0,0.0
2009-03-30 00:00:00-04:00,9.159070364557639,9.198477311958225,9.069885512531036,9.074033737182617,88000,0.0,0.0,0.0
2009-03-31 00:00:00-04:00,9.29595782428449,9.424549612797325,9.156995870619355,9.300106048583984,20400,0.0,0.0,0.0
2009-04-01 00:00:00-04:00,9.150774152706813,9.397588383126221,9.150774152706813,9.38306999206543,7200,0.0,0.0,0.0
2009-04-02 00:00:00-04:00,9.667217840410009,9.905734859169643,9.63403282948723,9.785439491271973,54000,0.0,0.0,0.0
2009-04-03 00:00:00-04:00,9.766770887645226,10.007362365722656,9.714919269169979,10.007362365722656,27600,0.0,0.0,0.0
2009-04-06 00:00:00-04:00,9.893291559727242,9.926476572612811,9.748106831655452,9.903661727905273,34400,0.0,0.0,0.0
2009-04-07 00:00:00-04:00,9.719073111821867,9.729443283272941,9.575962055739604,9.582184791564941,128400,0.0,0.0,0.0
2009-04-08 00:00:00-04:00,9.646477663090485,9.7522554397583,9.594626028973007,9.7522554397583,61600,0.0,0.0,0.0
2009-04-09 00:00:00-04:00,9.97003328894337,10.206476641061672,9.97003328894337,10.204402923583984,24400,0.0,0.0,0.0
2009-04-13 00:00:00-04:00,10.179513567010195,10.25832748413086,10.071662069105248,10.25832748413086,19600,0.0,0.0,0.0
2009-04-14 00:00:00-04:00,10.17536636795505,10.274921424253202,10.044700010416678,10.059218406677246,39600,0.0,0.0,0.0
2009-04-15 00:00:00-04:00,9.961735434254235,10.10069822149357,9.961735434254235,10.06336498260498,33600,0.0,0.0,0.0
2009-04-16 00:00:00-04:00,10.250027140973796,10.532100060527325,10.183657135336833,10.486471176147461,28400,0.0,0.0,0.0
2009-04-17 00:00:00-04:00,10.563214038009837,10.646176961788969,10.436695935283547,10.59225082397461,22800,0.0,0.0,0.0
2009-04-20 00:00:00-04:00,10.293587158250425,10.332994117385738,10.059217538398995,10.069587707519531,32400,0.0,0.0,0.0
2009-04-21 00:00:00-04:00,10.042621434051393,10.287361145019531,10.042621434051393,10.287361145019531,26400,0.0,0.0,0.0
2009-04-22 00:00:00-04:00,10.1401057486477,10.637881767734351,10.1401057486477,10.46366024017334,66800,0.0,0.0,0.0
2009-04-23 00:00:00-04:00,10.47402910921369,10.47402910921369,10.283215493333364,10.449140548706055,86000,0.0,0.0,0.0
2009-04-24 00:00:00-04:00,10.50721236973832,10.77476692199707,10.50721236973832,10.77476692199707,8800,0.0,0.0,0.0
2009-04-27 00:00:00-04:00,10.345437793238762,10.639954681946836,10.345437793238762,10.490622520446777,56000,0.0,0.0,0.0
2009-04-28 00:00:00-04:00,10.37032292898849,10.5155076082329,10.37032292898849,10.50513744354248,12800,0.0,0.0,0.0
2009-04-29 00:00:00-04:00,10.556992756749267,10.776843173503314,10.530029686153593,10.720843315124512,25600,0.0,0.0,0.0
2009-04-30 00:00:00-04:00,10.911656662315972,10.971804740348288,10.72291676909181,10.749879837036133,110400,0.0,0.0,0.0
2009-05-01 00:00:00-04:00,10.695956304914915,10.778919245927488,10.66069756926018,10.712549209594727,34000,0.0,0.0,0.0
2009-05-04 00:00:00-04:00,10.828691829821329,11.081727981567383,10.828691829821329,11.081727981567383,49200,0.0,0.0,0.0
2009-05-05 00:00:00-04:00,11.162614902100533,11.162614902100533,11.011208290898388,11.10661506652832,79200,0.0,0.0,0.0
2009-05-06 00:00:00-04:00,11.297429686574583,11.608539364380519,11.017430501833546,11.210318565368652,48000,0.0,0.0,0.0
2009-05-07 00:00:00-04:00,11.409428985313038,11.612688011807599,10.841135729533194,10.936542510986328,166800,0.0,0.0,0.0
2009-05-08 00:00:00-04:00,11.119060958980198,11.243504524230957,10.992542885965953,11.243504524230957,72400,0.0,0.0,0.0
2009-05-11 00:00:00-04:00,10.980099070567748,11.13150571021923,10.980099070567748,11.027802467346191,56400,0.0,0.0,0.0
2009-05-12 00:00:00-04:00,10.924099227123145,10.980099073231324,10.735359356696149,10.928247451782227,27600,0.0,0.0,0.0
2009-05-13 00:00:00-04:00,10.780991183669695,10.780991183669695,10.482326069476464,10.490622520446777,52400,0.0,0.0,0.0
2009-05-14 00:00:00-04:00,10.521734256298112,10.747807428944322,10.500993917637917,10.704252243041992,44400,0.0,0.0,0.0
2009-05-15 00:00:00-04:00,10.74988146016269,10.74988146016269,10.505141677113038,10.563215255737305,72000,0.0,0.0,0.0
2009-05-18 00:00:00-04:00,10.656545453433061,10.967655181884766,10.656545453433061,10.967655181884766,25600,0.0,0.0,0.0
2009-05-19 00:00:00-04:00,11.060988953936654,11.129432687077967,11.027803154603891,11.029877662658691,24800,0.0,0.0,0.0
2009-05-20 00:00:00-04:00,11.150177524035,11.324399084935234,10.975955963134766,10.975955963134766,92400,0.0,0.0,0.0
2009-05-21 00:00:00-04:00,10.86395335831973,10.86395335831973,10.64825039519443,10.693880081176758,30000,0.0,0.0,0.0
2009-05-22 00:00:00-04:00,10.816248809966647,10.866025924682617,10.73535961396549,10.866025924682617,24800,0.0,0.0,0.0
2009-05-26 00:00:00-04:00,10.658621164457207,11.143952463298016,10.648250996473754,11.121137619018555,46800,0.0,0.0,0.0
2009-05-27 00:00:00-04:00,11.083801086115017,11.195800765902314,10.915802357626935,10.924098014831543,38000,0.0,0.0,0.0
2009-05-28 00:00:00-04:00,10.98839671907508,11.038174629211426,10.812101503428561,11.038174629211426,14800,0.0,0.0,0.0
2009-05-29 00:00:00-04:00,11.042321119712561,11.1978759765625,11.015358056324555,11.1978759765625,50800,0.0,0.0,0.0
2009-06-01 00:00:00-04:00,11.32439200652611,11.699797970927616,11.32439200652611,11.64794635772705,38800,0.0,0.0,0.0
2009-06-02 00:00:00-04:00,11.598171139855735,11.708097123242572,11.57535708937991,11.654170989990234,57600,0.0,0.0,0.0
2009-06-03 00:00:00-04:00,11.527653884601945,11.527653884601945,11.307802705293883,11.415654182434082,23200,0.0,0.0,0.0
2009-06-04 00:00:00-04:00,11.440540926420782,11.591947555541992,11.384541084220954,11.591947555541992,47600,0.0,0.0,0.0
2009-06-05 00:00:00-04:00,11.68113414690087,11.68113414690087,11.53594943704406,11.571208953857422,33600,0.0,0.0,0.0
2009-06-08 00:00:00-04:00,11.48202237892357,11.591947555541992,11.347207856087735,11.591947555541992,15200,0.0,0.0,0.0
2009-06-09 00:00:00-04:00,11.554620255873502,11.672841941888452,11.52350974392885,11.662471771240234,60000,0.0,0.0,0.0
2009-06-10 00:00:00-04:00,11.7475032030833,11.7475032030833,11.430171533694397,11.598170280456543,34800,0.0,0.0,0.0
2009-06-11 00:00:00-04:00,11.62098381140402,11.741279939123404,11.608539930048817,11.623058319091797,138000,0.0,0.0,0.0
2009-06-12 00:00:00-04:00,11.544248303564599,11.579507827758789,11.428100353127455,11.579507827758789,34000,0.0,0.0,0.0
2009-06-15 00:00:00-04:00,11.436395419525299,11.436395419525299,11.195803887272138,11.266322135925293,26400,0.0,0.0,0.0
2009-06-16 00:00:00-04:00,11.309875414551726,11.320246371793393,11.02365503388107,11.027802467346191,26800,0.0,0.0,0.0
2009-06-17 00:00:00-04:00,11.042324083401809,11.112842335748146,10.948990986003256,11.00291633605957,26800,0.0,0.0,0.0
2009-06-18 00:00:00-04:00,10.98632429349089,11.104545953868767,10.98632429349089,11.052694320678711,19600,0.0,0.0,0.0
2009-06-19 00:00:00-04:00,11.160543094766124,11.19165359238804,11.034025014002028,11.112839698791504,38400,0.0,0.0,0.0
2009-06-22 00:00:00-04:00,10.971804498024978,10.971804498024978,10.63995361328125,10.63995361328125,118400,0.0,0.0,0.0
2009-06-23 00:00:00-04:00,10.695521733193972,10.695521733193972,10.576890789502341,10.639328002929688,28400,0.04425,0.0,0.0
2009-06-24 00:00:00-04:00,10.772528192570777,10.911972077654237,10.757959535105199,10.805828094482422,23600,0.0,0.0,0.0
2009-06-25 00:00:00-04:00,10.77877471371201,11.095124244689941,10.77877471371201,11.095124244689941,32000,0.0,0.0,0.0
2009-06-26 00:00:00-04:00,11.04724886201655,11.08679223127596,11.045167172410709,11.04932975769043,23600,0.0,0.0,0.0
2009-06-29 00:00:00-04:00,11.186696158340435,11.186696158340435,11.161721431078663,11.165884017944336,2800,0.0,0.0,0.0
2009-06-30 00:00:00-04:00,11.211674112495498,11.211674112495498,11.055580632801837,11.153399467468262,31600,0.0,0.0,0.0
2009-07-01 00:00:00-04:00,11.195022454449017,11.332384659058658,11.195022454449017,11.213753700256348,17200,0.0,0.0,0.0
2009-07-02 00:00:00-04:00,11.109693542500567,11.109693542500567,10.916137563141353,10.934868812561035,28400,0.0,0.0,0.0
2009-07-06 00:00:00-04:00,10.79125987282875,10.79125987282875,10.716335685950902,10.770447731018066,5200,0.0,0.0,0.0
2009-07-07 00:00:00-04:00,10.822477212881257,10.822477212881257,10.62475872039795,10.62475872039795,7200,0.0,0.0,0.0
2009-07-08 00:00:00-04:00,10.572732285032448,10.572732285032448,10.395826646360465,10.556082725524902,17200,0.0,0.0,0.0
2009-07-09 00:00:00-04:00,10.612272961460523,10.67471017830927,10.587297439575195,10.587297439575195,23600,0.0,0.0,0.0
2009-07-10 00:00:00-04:00,10.531104000304067,10.616435050964355,10.531104000304067,10.616435050964355,5200,0.0,0.0,0.0
2009-07-13 00:00:00-04:00,10.58313298672598,10.760039329528809,10.58313298672598,10.760039329528809,8000,0.0,0.0,0.0
2009-07-14 00:00:00-04:00,10.809990544895184,10.932784080505371,10.809990544895184,10.932784080505371,6000,0.0,0.0,0.0
2009-07-15 00:00:00-04:00,11.180454109140808,11.249134816403519,11.151316791275876,11.244972229003906,6000,0.0,0.0,0.0
2009-07-16 00:00:00-04:00,11.282436053289985,11.42812345374192,11.25329873198609,11.426042556762695,8400,0.0,0.0,0.0
2009-07-17 00:00:00-04:00,11.401067381205628,11.448935952529398,11.367767470983333,11.413555145263672,18800,0.0,0.0,0.0
2009-07-20 00:00:00-04:00,11.463503976454973,11.62792181606455,11.25537936506486,11.619597434997559,72800,0.0,0.0,0.0
2009-07-21 00:00:00-04:00,11.729902819088139,11.729902819088139,11.455178405074022,11.611271858215332,30000,0.0,0.0,0.0
2009-07-22 00:00:00-04:00,11.611270576228344,11.673707791804777,11.611270576228344,11.625839233398438,10800,0.0,0.0,0.0
2009-07-23 00:00:00-04:00,11.619596084675743,11.975488938250495,11.609189220169718,11.940107345581055,14800,0.0,0.0,0.0
2009-07-24 00:00:00-04:00,11.904723286885652,12.198178842726618,11.84228608660861,12.037922859191895,22400,0.0,0.0,0.0
2009-07-27 00:00:00-04:00,12.040006639575351,12.102444648742676,12.017113602670566,12.102444648742676,13600,0.0,0.0,0.0
2009-07-28 00:00:00-04:00,12.037926143791967,12.060819975391048,11.896401361117917,12.048332214355469,34400,0.0,0.0,0.0
2009-07-29 00:00:00-04:00,11.962998571209816,11.987973293932793,11.888073609108767,11.965080261230469,14800,0.0,0.0,0.0
2009-07-30 00:00:00-04:00,12.281434387504595,12.281434387504595,12.154479026794434,12.154479026794434,7200,0.0,0.0,0.0
2009-07-31 00:00:00-04:00,12.2169162586375,12.231484919603133,12.152397335837927,12.154479026794434,22800,0.0,0.0,0.0
2009-08-03 00:00:00-04:00,12.298083958144156,12.433365280153605,12.271027534955781,12.379252433776855,38000,0.0,0.0,0.0
2009-08-04 00:00:00-04:00,12.39173876640998,12.5894572934711,12.385494488590474,12.52077579498291,15200,0.0,0.0,0.0
2009-08-05 00:00:00-04:00,12.53326467353838,12.568645477294922,12.422958086797449,12.568645477294922,18000,0.0,0.0,0.0
2009-08-06 00:00:00-04:00,12.597782063160382,12.606107237888665,12.433364228904786,12.464582443237305,54000,0.0,0.0,0.0
2009-08-07 00:00:00-04:00,12.61026689176102,12.814228861562665,12.53534192450079,12.722654342651367,34400,0.0,0.0,0.0
2009-08-10 00:00:00-04:00,12.678949569482263,12.712250265867567,12.579049862123256,12.637325286865234,27600,0.0,0.0,0.0
2009-08-11 00:00:00-04:00,12.604025654505612,12.604025654505612,12.43752534474034,12.49163818359375,54400,0.0,0.0,0.0
2009-08-12 00:00:00-04:00,12.64356778685077,12.716411069695946,12.608186990592325,12.6810302734375,14000,0.0,0.0,0.0
2009-08-13 00:00:00-04:00,12.712246327108645,12.764277458190918,12.681027330886458,12.764277458190918,17600,0.0,0.0,0.0
2009-08-14 00:00:00-04:00,12.72682296703965,12.72682296703965,12.46250455999632,12.576972961425781,31600,0.0,0.0,0.0
2009-08-17 00:00:00-04:00,12.350113386989044,12.368844632126363,12.18985735502137,12.208588600158691,27200,0.0,0.0,0.0
2009-08-18 00:00:00-04:00,12.241892015063533,12.354279518127441,12.235648529537496,12.354279518127441,12800,0.0,0.0,0.0
2009-08-19 00:00:00-04:00,12.229402194649534,12.462502338255979,12.229402194649534,12.416714668273926,73200,0.0,0.0,0.0
2009-08-20 00:00:00-04:00,12.37925020869404,12.56656265258789,12.37925020869404,12.56656265258789,18400,0.0,0.0,0.0
2009-08-21 00:00:00-04:00,12.58945852095192,12.845451706405681,12.58945852095192,12.832963943481445,7200,0.0,0.0,0.0
2009-08-24 00:00:00-04:00,12.87458544964005,12.955753901269453,12.762197996338323,12.79549789428711,22400,0.0,0.0,0.0
2009-08-25 00:00:00-04:00,12.924536238109528,12.939104895350143,12.82463653391719,12.847530364990234,25600,0.0,0.0,0.0
2009-08-26 00:00:00-04:00,12.774689573893925,12.864183225241444,12.774689573893925,12.860020637512207,26400,0.0,0.0,0.0
2009-08-27 00:00:00-04:00,12.85169566252082,12.884995570941713,12.658139696720484,12.86418342590332,19200,0.0,0.0,0.0
2009-08-28 00:00:00-04:00,13.0057043997834,13.0057043997834,12.805904214246818,12.866260528564453,18400,0.0,0.0,0.0
2009-08-31 00:00:00-04:00,12.77260728936134,12.77260728936134,12.691438817245201,12.737226486206055,7200,0.0,0.0,0.0
2009-09-01 00:00:00-04:00,12.65813734541893,12.837124617658272,12.44168758392334,12.44168758392334,47200,0.0,0.0,0.0
2009-09-02 00:00:00-04:00,12.395901478879175,12.40630755010703,12.35219470943043,12.391738891601562,38800,0.0,0.0,0.0
2009-09-03 00:00:00-04:00,12.443772141637966,12.506209373474121,12.329303750949602,12.506209373474121,69200,0.0,0.0,0.0
2009-09-04 00:00:00-04:00,12.581129324995878,12.697678565979004,12.581129324995878,12.697678565979004,4400,0.0,0.0,0.0
2009-09-08 00:00:00-04:00,12.855853661903073,12.912047386169434,12.837122420480952,12.912047386169434,23200,0.0,0.0,0.0
2009-09-09 00:00:00-04:00,12.993219830079415,13.093119550408217,12.993219830079415,13.070225715637207,17600,0.0,0.0,0.0
2009-09-10 00:00:00-04:00,13.045248912554682,13.240885734558105,13.045248912554682,13.240885734558105,24400,0.0,0.0,0.0
2009-09-11 00:00:00-04:00,13.228398419082012,13.305404290382437,13.19301682809603,13.253373146057129,18400,0.0,0.0,0.0
2009-09-14 00:00:00-04:00,13.184692536802642,13.342867670738995,13.184692536802642,13.34078598022461,21200,0.0,0.0,0.0
2009-09-15 00:00:00-04:00,13.382410629230721,13.532258987426758,13.382410629230721,13.532258987426758,10000,0.0,0.0,0.0
2009-09-16 00:00:00-04:00,13.540585771999393,13.73830509185791,13.540585771999393,13.73830509185791,22800,0.0,0.0,0.0
2009-09-17 00:00:00-04:00,13.748710739590717,13.825717414183737,13.586373803621642,13.617592811584473,26000,0.0,0.0,0.0
2009-09-18 00:00:00-04:00,13.600940022039701,13.713327477822771,13.600940022039701,13.673783302307129,20400,0.0,0.0,0.0
2009-09-21 00:00:00-04:00,13.523937524120123,13.600942611694336,13.523937524120123,13.600942611694336,5600,0.0,0.0,0.0
2009-09-22 00:00:00-04:00,13.663380699611508,13.736223994128638,13.663380699611508,13.734142303466797,16400,0.0,0.0,0.0
2009-09-23 00:00:00-04:00,13.774448994502453,13.774448994502453,13.551000595092773,13.551000595092773,10000,0.05575,0.0,0.0
2009-09-24 00:00:00-04:00,13.567702498693464,13.567702498693464,13.24401495239224,13.30457592010498,29600,0.0,0.0,0.0
2009-09-25 00:00:00-04:00,13.317107969594478,13.317107969594478,13.187633410120212,13.208516120910645,21200,0.0,0.0,0.0
2009-09-28 00:00:00-04:00,13.415256575988991,13.494613101091453,13.415256575988991,13.450758934020996,12400,0.0,0.0,0.0
2009-09-29 00:00:00-04:00,13.613646913060144,13.613646913060144,13.461200102591393,13.507143020629883,7600,0.0,0.0,0.0
2009-09-30 00:00:00-04:00,13.281606731408315,13.525937799477797,13.281606731408315,13.459112167358398,9600,0.0,0.0,0.0
2009-10-01 00:00:00-04:00,13.363048732165861,13.363048732165861,13.045626640319824,13.045626640319824,25200,0.0,0.0,0.0
2009-10-02 00:00:00-04:00,12.857681941868371,12.916154172924973,12.79085630733957,12.832622528076172,51200,0.0,0.0,0.0
2009-10-05 00:00:00-04:00,12.859769948605058,13.122895769792907,12.859769948605058,13.112454414367676,44000,0.0,0.0,0.0
2009-10-06 00:00:00-04:00,13.239839964184789,13.352607709043529,13.179278992281944,13.298312187194824,56400,0.0,0.0,0.0
2009-10-07 00:00:00-04:00,13.231487900696571,13.302490234375,13.218957795944716,13.302490234375,10800,0.0,0.0,0.0
2009-10-08 00:00:00-04:00,13.388109587702086,13.523849590475308,13.388109587702086,13.50296688079834,16800,0.0,0.0,0.0
2009-10-09 00:00:00-04:00,13.496700634404274,13.605293273925781,13.496700634404274,13.605293273925781,17200,0.0,0.0,0.0
2009-10-12 00:00:00-04:00,13.680472539786695,13.74729816785917,13.609469413757324,13.609469413757324,25600,0.0,0.0,0.0
2009-10-13 00:00:00-04:00,13.578146211295754,13.661678654905998,13.578146211295754,13.64497184753418,15200,0.0,0.0,0.0
2009-10-14 00:00:00-04:00,13.789063830216369,13.908097032100954,13.738945006593562,13.903921127319336,60400,0.0,0.0,0.0
2009-10-15 00:00:00-04:00,13.814119820008838,13.941506385803223,13.801588922993393,13.941506385803223,10400,0.0,0.0,0.0
2009-10-16 00:00:00-04:00,13.839183298297307,13.843360796522138,13.71806293500596,13.801593780517578,15600,0.0,0.0,0.0
2009-10-19 00:00:00-04:00,13.791151463554995,13.977010279650608,13.791151463554995,13.951950073242188,20800,0.0,0.0,0.0
2009-10-20 00:00:00-04:00,13.979098026655183,13.979098026655183,13.78906172648658,13.843358039855957,39200,0.0,0.0,0.0
2009-10-21 00:00:00-04:00,13.828741102634114,13.97909915595851,13.718061311506034,13.73267936706543,6400,0.0,0.0,0.0
2009-10-22 00:00:00-04:00,13.70762027925989,13.901832515114295,13.561439711734506,13.889303207397461,12400,0.0,0.0,0.0
2009-10-23 00:00:00-04:00,13.878859152493384,13.878859152493384,13.649146180772155,13.667940139770508,12800,0.0,0.0,0.0
2009-10-26 00:00:00-04:00,13.830830602629327,13.851713312669919,13.498789617963917,13.507143020629883,31600,0.0,0.0,0.0
2009-10-27 00:00:00-04:00,13.434051031104023,13.467463044271847,13.358872009915858,13.402726173400879,28400,0.0,0.0,0.0
2009-10-28 00:00:00-04:00,13.337987378036258,13.337987378036258,12.882737385225717,12.895267486572266,101200,0.0,0.0,0.0
2009-10-29 00:00:00-04:00,12.995511143902092,13.281608468623407,12.995511143902092,13.24819564819336,48000,0.0,0.0,0.0
2009-10-30 00:00:00-04:00,13.200162832751733,13.200162832751733,12.82009175736487,12.857681274414062,11200,0.0,0.0,0.0
2009-11-02 00:00:00-05:00,12.874390836154616,13.045631651976217,12.71776808046721,12.87856674194336,48000,0.0,0.0,0.0
2009-11-03 00:00:00-05:00,12.853503674795704,13.014303087243144,12.83679766651021,12.980890274047852,17600,0.0,0.0,0.0
2009-11-04 00:00:00-05:00,13.189719574126142,13.200160928105593,13.02892017364502,13.02892017364502,16000,0.0,0.0,0.0
2009-11-05 00:00:00-05:00,13.28787492475023,13.294139580109348,13.208519171495075,13.26908016204834,13600,0.0,0.0,0.0
2009-11-06 00:00:00-05:00,13.252373151866413,13.386024441670214,13.252373151866413,13.325464248657227,15200,0.0,0.0,0.0
2009-11-09 00:00:00-05:00,13.417347608736053,13.674209594726562,13.417347608736053,13.674209594726562,64400,0.0,0.0,0.0
2009-11-10 00:00:00-05:00,13.567703455202832,13.661676443270911,13.540554499306454,13.628264427185059,45200,0.0,0.0,0.0
2009-11-11 00:00:00-05:00,13.718061304582134,13.722237209061898,13.659589082374062,13.670029640197754,27600,0.0,0.0,0.0
2009-11-12 00:00:00-05:00,13.70553271303622,13.77027119274053,13.469555035594606,13.517586708068848,32000,0.0,0.0,0.0
2009-11-13 00:00:00-05:00,13.544729934743472,13.663763111688095,13.517582576229206,13.636615753173828,29200,0.0,0.0,0.0
2009-11-16 00:00:00-05:00,13.766094491319983,13.964484253853298,13.766094491319983,13.908099174499512,104400,0.0,0.0,0.0
2009-11-17 00:00:00-05:00,13.841273339711364,13.868422300961301,13.77444770111359,13.847537994384766,154000,0.0,0.0,0.0
2009-11-18 00:00:00-05:00,13.822476861345073,13.822476861345073,13.747297832441733,13.791152000427246,39600,0.0,0.0,0.0
2009-11-19 00:00:00-05:00,13.705532745654008,13.705532745654008,13.45284826038096,13.52385139465332,6000,0.0,0.0,0.0
2009-11-20 00:00:00-05:00,13.446585686413634,13.467468402107464,13.383935946083064,13.452850341796875,18400,0.0,0.0,0.0
2009-11-23 00:00:00-05:00,13.624088562557732,13.724327809328463,13.58441188827765,13.594852447509766,38400,0.0,0.0,0.0
2009-11-24 00:00:00-05:00,13.592759028742483,13.592759028742483,13.475814608725397,13.573965072631836,78400,0.0,0.0,0.0
2009-11-25 00:00:00-05:00,13.632440403635767,13.70344352722168,13.567703526769554,13.70344352722168,18400,0.0,0.0,0.0
2009-11-27 00:00:00-05:00,13.0163896835332,13.505051696965868,13.0163896835332,13.42151927947998,10400,0.0,0.0,0.0
2009-11-30 00:00:00-05:00,13.38811184878875,13.49252700805664,13.333815519859758,13.49252700805664,26400,0.0,0.0,0.0
2009-12-01 00:00:00-05:00,13.676295078225467,13.753562858147157,13.609469449975153,13.678383827209473,31200,0.0,0.0,0.0
2009-12-02 00:00:00-05:00,13.722239016825483,13.78071124673667,13.713885613516918,13.75356388092041,109600,0.0,0.0,0.0
2009-12-03 00:00:00-05:00,13.757738180234538,13.791151789568977,13.628264427185059,13.628264427185059,44000,0.0,0.0,0.0
2009-12-04 00:00:00-05:00,13.883039786693836,13.931069866040415,13.601117592033894,13.797418594360352,38000,0.0,0.0,0.0
2009-12-07 00:00:00-05:00,13.747295615537267,13.864240044640043,13.747295615537267,13.751471519470215,22800,0.0,0.0,0.0
2009-12-08 00:00:00-05:00,13.59693786519882,13.728500350679862,13.59693786519882,13.626173973083496,20400,0.0,0.0,0.0
2009-12-09 00:00:00-05:00,13.626177884177519,13.661678654905998,13.534292036881366,13.64497184753418,20400,0.0,0.0,0.0
2009-12-10 00:00:00-05:00,13.791150113382042,13.791150113382042,13.70970644208881,13.73476505279541,15200,0.0,0.0,0.0
2009-12-11 00:00:00-05:00,13.822479375691163,13.847537994384766,13.755653737093388,13.847537994384766,12000,0.0,0.0,0.0
2009-12-14 00:00:00-05:00,13.947774719064379,14.058454513549805,13.908096455664468,14.058454513549805,14400,0.0,0.0,0.0
2009-12-15 00:00:00-05:00,14.008336198483107,14.07725057638029,13.970746682652704,14.033394813537598,15600,0.0,0.0,0.0
2009-12-16 00:00:00-05:00,14.070985652924008,14.192107614576004,14.070985652924008,14.148253440856934,12400,0.0,0.0,0.0
2009-12-17 00:00:00-05:00,14.029215744215175,14.043833797449132,13.997890889214327,14.01668643951416,9600,0.0,0.0,0.0
2009-12-18 00:00:00-05:00,14.070983339788674,14.114837506298539,13.918538131432747,14.027129173278809,55600,0.0,0.0,0.0
2009-12-21 00:00:00-05:00,14.144076003966855,14.252667051904341,14.144076003966855,14.200459480285645,13600,0.0,0.0,0.0
2009-12-22 00:00:00-05:00,14.315317323562107,14.357082745157628,14.263109749943352,14.306963920593262,10800,0.0,0.0,0.0
2009-12-23 00:00:00-05:00,14.3549935829879,14.461497476214774,14.346640180259453,14.453144073486328,65200,0.0,0.0,0.0
2009-12-24 00:00:00-05:00,14.490280240475515,14.521753802933148,14.46090534239823,14.50496768951416,19200,0.08175,0.0,0.0
2009-12-28 00:00:00-05:00,14.593100305644114,14.593100305644114,14.467206001281737,14.467206001281738,11600,0.0,0.0,0.0
2009-12-29 00:00:00-05:00,14.525949696588768,14.525949696588768,14.46090391371942,14.46510124206543,24400,0.0,0.0,0.0
2009-12-30 00:00:00-05:00,14.429433120811819,14.450416564941406,14.404255549155566,14.450416564941406,33200,0.0,0.0,0.0
2009-12-31 00:00:00-05:00,14.494480615590437,14.494480615590437,14.303542137145996,14.303542137145996,6400,0.0,0.0,0.0
2010-01-04 00:00:00-05:00,14.456712665617449,14.504970750867317,14.45461400079417,14.477694511413574,22400,0.0,0.0,0.0
2010-01-05 00:00:00-05:00,14.498677735938163,14.551133155822754,14.49448200670484,14.551133155822754,56800,0.0,0.0,0.0
2010-01-06 00:00:00-05:00,14.570018444673183,14.64765144427467,14.570018444673183,14.63925838470459,86800,0.0,0.0,0.0
2010-01-07 00:00:00-05:00,14.6539452678638,14.746267318725586,14.593098389772933,14.746267318725586,60400,0.0,0.0,0.0
2010-01-08 00:00:00-05:00,14.729479005698007,14.828095436096191,14.729479005698007,14.828095436096191,28800,0.0,0.0,0.0
2010-01-11 00:00:00-05:00,14.9099227313877,14.9099227313877,14.758850919735348,14.834386825561523,57600,0.0,0.0,0.0
2010-01-12 00:00:00-05:00,14.7210842616718,14.7210842616718,14.567913788926708,14.628762245178223,59600,0.0,0.0,0.0
2010-01-13 00:00:00-05:00,14.666535992665088,14.805017471313477,14.58470566418822,14.805017471313477,14000,0.0,0.0,0.0
2010-01-14 00:00:00-05:00,14.765152894714728,14.836491500891519,14.765152894714728,14.82180404663086,42800,0.0,0.0,0.0
2010-01-15 00:00:00-05:00,14.679117300465427,14.679117300465427,14.603581404857295,14.637153625488281,43600,0.0,0.0,0.0
2010-01-19 00:00:00-05:00,14.668635560165358,14.846983681899712,14.645555045501942,14.838590621948242,26400,0.0,0.0,0.0
2010-01-20 00:00:00-05:00,14.632959140820331,14.693807601928713,14.570013616123727,14.693807601928711,55600,0.0,0.0,0.0
2010-01-21 00:00:00-05:00,14.685417689397497,14.702203806568717,14.437828063964844,14.437828063964844,33200,0.0,0.0,0.0
2010-01-22 00:00:00-05:00,14.418945115971463,14.418945115971463,14.093720893970852,14.110507011413574,73200,0.0,0.0,0.0
2010-01-25 00:00:00-05:00,14.269967962642852,14.269967962642852,14.141976654107483,14.152466773986816,19200,0.0,0.0,0.0
2010-01-26 00:00:00-05:00,14.133585030258187,14.232201451827994,14.05385338768421,14.112603187561035,57200,0.0,0.0,0.0
2010-01-27 00:00:00-05:00,14.085324498581084,14.085324498581084,13.95103879247474,14.001397132873535,44400,0.0,0.0,0.0
2010-01-28 00:00:00-05:00,14.160862460601798,14.202827750349195,13.86081744235942,13.982514381408691,99600,0.0,0.0,0.0
2010-01-29 00:00:00-05:00,13.988806956914978,14.058048475391617,13.711842483820336,13.732824325561523,90000,0.0,0.0,0.0
2010-02-01 00:00:00-05:00,13.762201012468186,13.982514381408691,13.762201012468186,13.982514381408691,60000,0.0,0.0,0.0
2010-02-02 00:00:00-05:00,14.02237863885103,14.248986362788933,14.01398558231868,14.230101585388184,107200,0.0,0.0,0.0
2010-02-03 00:00:00-05:00,14.154568442693531,14.225908636749844,14.123094874751397,14.146175384521484,56000,0.0,0.0,0.0
2010-02-04 00:00:00-05:00,13.99300338069751,13.99300338069751,13.655190467834473,13.655190467834473,88400,0.0,0.0,0.0
2010-02-05 00:00:00-05:00,13.657291804091678,13.680372315978646,13.37403366866321,13.671980857849121,87200,0.0,0.0,0.0
2010-02-08 00:00:00-05:00,13.768496216630162,13.791576724464054,13.619523048400879,13.619523048400879,9600,0.0,0.0,0.0
2010-02-09 00:00:00-05:00,13.77269276726301,13.88389798393203,13.75800531602016,13.78738021850586,27600,0.0,0.0,0.0
2010-02-10 00:00:00-05:00,13.676178208766244,13.814659695698213,13.619527055206007,13.789482116699219,190400,0.0,0.0,0.0
2010-02-11 00:00:00-05:00,13.747515269185445,13.955239877414508,13.745418205046636,13.953141212463379,174800,0.0,0.0,0.0
2010-02-12 00:00:00-05:00,13.802071851423861,13.99930477142334,13.766402544857497,13.99930477142334,68400,0.0,0.0,0.0
2010-02-16 00:00:00-05:00,14.144076909158148,14.282558353147524,14.141978244621521,14.267870903015137,65600,0.0,0.0,0.0
2010-02-17 00:00:00-05:00,14.362292634814683,14.387471811443367,14.290954035585193,14.32872200012207,77200,0.0,0.0,0.0
2010-02-18 00:00:00-05:00,14.358089748077965,14.496571148470103,14.358089748077965,14.471393585205078,15600,0.0,0.0,0.0
2010-02-19 00:00:00-05:00,14.47769551080188,14.572114623808263,14.425240092284481,14.525955200195312,99200,0.0,0.0,0.0
2010-02-22 00:00:00-05:00,14.590999787195,14.609882969963515,14.513365189473353,14.551133155822754,52800,0.0,0.0,0.0
2010-02-23 00:00:00-05:00,14.460907206599252,14.460907206599252,14.288853523904354,14.307738304138184,27200,0.0,0.0,0.0
2010-02-24 00:00:00-05:00,14.345502843241665,14.406351297112002,14.297243172650807,14.402153968811035,182000,0.0,0.0,0.0
2010-02-25 00:00:00-05:00,14.196535428726417,14.416847229003906,14.129390955332491,14.416847229003906,33600,0.0,0.0,0.0
2010-02-26 00:00:00-05:00,14.446220428066539,14.492381447662142,14.35180132493893,14.481889724731445,22400,0.0,0.0,0.0
2010-03-01 00:00:00-05:00,14.695910747701179,14.708499536316946,14.68122329404532,14.706400871276855,136000,0.0,0.0,0.0
2010-03-02 00:00:00-05:00,14.781934421636594,14.809212260323212,14.735775003882566,14.758853912353516,198000,0.0,0.0,0.0
2010-03-03 00:00:00-05:00,14.811306476451787,14.87845092750156,14.771441459655762,14.771441459655762,54400,0.0,0.0,0.0
2010-03-04 00:00:00-05:00,14.815510107284824,14.842786351517725,14.779840803100456,14.838590621948242,8800,0.0,0.0,0.0
2010-03-05 00:00:00-05:00,14.916214982673562,15.073581163758066,14.916214982673562,15.05469799041748,25600,0.0,0.0,0.0
2010-03-08 00:00:00-05:00,15.075682290452976,15.102960124149725,15.054700449709824,15.086174011230469,22400,0.0,0.0,0.0
2010-03-09 00:00:00-05:00,15.025327801939508,15.142827408341418,15.012739015771325,15.075684547424316,68800,0.0,0.0,0.0
2010-03-10 00:00:00-05:00,15.174297925245074,15.174297925245074,15.115548133850098,15.115548133850098,6800,0.0,0.0,0.0
2010-03-11 00:00:00-05:00,15.11135338123455,15.21206846994458,15.077782752205893,15.197381019592285,26000,0.0,0.0,0.0
2010-03-12 00:00:00-05:00,15.247736521984008,15.260326907555097,15.191085389755742,15.209968566894531,80000,0.0,0.0,0.0
2010-03-15 00:00:00-04:00,15.199480780844073,15.199480780844073,15.092471291520898,15.19108772277832,9200,0.0,0.0,0.0
2010-03-16 00:00:00-04:00,15.201578988502549,15.335864726033835,15.201578988502549,15.325374603271484,20800,0.0,0.0,0.0
2010-03-17 00:00:00-04:00,15.449160136837389,15.549875185107235,15.407196467198261,15.501615524291992,43200,0.0,0.0,0.0
2010-03-18 00:00:00-04:00,15.480642349091797,15.484839678890458,15.388320303268603,15.423991203308105,20800,0.0,0.0,0.0
2010-03-19 00:00:00-04:00,15.254032135009766,15.46385376878328,15.254032135009766,15.254032135009766,30400,0.0,0.0,0.0
2010-03-22 00:00:00-04:00,15.140736115814612,15.47435188293457,15.140736115814612,15.47435188293457,21200,0.0,0.0,0.0
2010-03-23 00:00:00-04:00,15.495327543128862,15.59604263305664,15.438676405602768,15.59604263305664,50800,0.0,0.0,0.0
2010-03-24 00:00:00-04:00,15.530993121674484,15.545680568690683,15.48273505325483,15.484833717346191,12800,0.0,0.0,0.0
2010-03-25 00:00:00-04:00,15.547976199975855,15.609006620931668,15.468006134033203,15.468006134033203,17200,0.055,0.0,0.0
2010-03-26 00:00:00-04:00,15.406976736393426,15.468007161402818,15.379618934395715,15.383827209472656,36400,0.0,0.0,0.0
2010-03-29 00:00:00-04:00,15.459581547539972,15.526925155475961,15.459581547539972,15.51850700378418,38000,0.0,0.0,0.0
2010-03-30 00:00:00-04:00,15.482734978950859,15.53955551024274,15.478526704839807,15.524824142456055,8800,0.0,0.0,0.0
2010-03-31 00:00:00-04:00,15.474317634024414,15.5437662024771,15.474317634024414,15.541661262512207,112400,0.0,0.0,0.0
2010-04-01 00:00:00-04:00,15.56690972221546,15.638461597441681,15.486938090376585,15.57532787322998,40000,0.0,0.0,0.0
2010-04-05 00:00:00-04:00,15.632149519854279,15.794196128845215,15.632149519854279,15.794196128845215,141200,0.0,0.0,0.0
2010-04-06 00:00:00-04:00,15.733167319846778,15.867854548233826,15.733167319846778,15.855226516723633,19600,0.0,0.0,0.0
2010-04-07 00:00:00-04:00,15.83628826865817,15.83628826865817,15.670033355292125,15.701601028442383,12400,0.0,0.0,0.0
2010-04-08 00:00:00-04:00,15.564809872147906,15.74158789005608,15.564809872147906,15.731064796447754,25200,0.0,0.0,0.0
2010-04-09 00:00:00-04:00,15.752106752545433,15.880480766296387,15.752106752545433,15.880480766296387,16800,0.0,0.0,0.0
2010-04-12 00:00:00-04:00,15.901522704188755,15.949926670844299,15.893104553222656,15.893104553222656,27600,0.0,0.0,0.0
2010-04-13 00:00:00-04:00,15.891007828468648,15.939410209655762,15.891007828468648,15.939410209655762,2800,0.0,0.0,0.0
2010-04-14 00:00:00-04:00,16.023580456022074,16.139328002929688,16.023580456022074,16.139328002929688,22000,0.0,0.0,0.0
2010-04-15 00:00:00-04:00,16.11618037646243,16.168792612004083,16.105657287114898,16.162479400634766,16000,0.0,0.0,0.0
2010-04-16 00:00:00-04:00,16.042527946693625,16.059362646407564,15.821555854864297,15.869959831237793,101600,0.0,0.0,0.0
2010-04-19 00:00:00-04:00,15.84470103851192,15.857327461242676,15.672132970266867,15.857327461242676,14000,0.0,0.0,0.0
2010-04-20 00:00:00-04:00,15.949935322820496,16.059368133544922,15.943622107570874,16.059368133544922,31600,0.0,0.0,0.0
2010-04-21 00:00:00-04:00,16.078300700344244,16.090927124023438,16.00674721976651,16.090927124023438,9600,0.0,0.0,0.0
2010-04-22 00:00:00-04:00,16.00675306325551,16.32453155517578,15.924678068181867,16.32453155517578,95200,0.0,0.0,0.0
2010-04-23 00:00:00-04:00,16.347675736894217,16.518138885498047,16.347675736894217,16.518138885498047,50400,0.0,0.0,0.0
2010-04-26 00:00:00-04:00,16.541292279868394,16.57285995328007,16.471843719482422,16.471843719482422,9600,0.0,0.0,0.0
2010-04-27 00:00:00-04:00,16.40871000333409,16.42344137020224,15.996230125427246,15.996230125427246,53600,0.0,0.0,0.0
2010-04-28 00:00:00-04:00,16.080410274355042,16.145648956298828,16.06567730168532,16.145648956298828,14000,0.0,0.0,0.0
2010-04-29 00:00:00-04:00,16.356096405824342,16.43817138671875,16.34557331366929,16.43817138671875,174000,0.0,0.0,0.0
2010-04-30 00:00:00-04:00,16.385557955112613,16.385557955112613,16.061466328417392,16.067779541015625,22800,0.0,0.0,0.0
2010-05-03 00:00:00-04:00,16.118289783658316,16.353993265719605,16.118289783658316,16.332948684692383,14800,0.0,0.0,0.0
2010-05-04 00:00:00-04:00,16.114083291646022,16.114083291646022,15.806827878995033,15.863648414611816,32800,0.0,0.0,0.0
2010-05-05 00:00:00-04:00,15.701599328426608,15.787882579723618,15.583748407397179,15.676344871520996,13600,0.0,0.0,0.0
2010-05-06 00:00:00-04:00,15.60058118694499,15.71843369907251,13.209881620503706,15.19231128692627,163200,0.0,0.0,0.0
2010-05-07 00:00:00-04:00,15.08498240911334,15.244924077739386,14.59674085726384,14.80087661743164,181600,0.0,0.0,0.0
2010-05-10 00:00:00-04:00,15.545864688596499,15.653192498267737,15.449058363184239,15.615311622619629,39200,0.0,0.0,0.0
2010-05-11 00:00:00-04:00,15.43012074173255,15.741585970738367,15.43012074173255,15.594270706176758,72000,0.0,0.0,0.0
2010-05-12 00:00:00-04:00,15.686868025055782,15.937302838827637,15.686868025055782,15.926779747009277,23200,0.0,0.0,0.0
2010-05-13 00:00:00-04:00,15.905733740869476,15.952032771755876,15.69528476818456,15.76473331451416,92400,0.0,0.0,0.0
2010-05-14 00:00:00-04:00,15.436433766305477,15.442746979384133,15.251239225071643,15.261760711669922,10000,0.0,0.0,0.0
2010-05-17 00:00:00-04:00,15.390129750429605,15.423802350086268,15.108128953495713,15.385921478271484,88800,0.0,0.0,0.0
2010-05-18 00:00:00-04:00,15.505873834534267,15.571112474771226,15.089184337826843,15.101812362670898,49200,0.0,0.0,0.0
2010-05-19 00:00:00-04:00,15.030269213915393,15.091299624786409,14.731431979111385,14.981866836547852,94800,0.0,0.0,0.0
2010-05-20 00:00:00-04:00,14.645144203779306,14.645144203779306,14.39050112271775,14.457844734191895,78800,0.0,0.0,0.0
2010-05-21 00:00:00-04:00,14.142176643504339,14.661986095277962,13.973818353462,14.596747398376465,185600,0.0,0.0,0.0
2010-05-24 00:00:00-04:00,14.607264884761943,14.678816769294237,14.443113327026367,14.443113327026367,47600,0.0,0.0,0.0
2010-05-25 00:00:00-04:00,14.116919131515484,14.483099937438965,13.94645435180755,14.483099937438965,78000,0.0,0.0,0.0
2010-05-26 00:00:00-04:00,14.615681195973858,14.82192190533775,14.491517066955566,14.491517066955566,77200,0.0,0.0,0.0
2010-05-27 00:00:00-04:00,14.817714392669384,15.015535354614258,14.817714392669384,15.015535354614258,128000,0.0,0.0,0.0
2010-05-28 00:00:00-04:00,15.07024926481754,15.07024926481754,14.901889464512466,15.005010604858398,18800,0.0,0.0,0.0
2010-06-01 00:00:00-04:00,14.69775248957158,14.864007336819563,14.55043888092041,14.55043888092041,32000,0.0,0.0,0.0
2010-06-02 00:00:00-04:00,14.615676717148052,14.885052680969238,14.615676717148052,14.885052680969238,31200,0.0,0.0,0.0
2010-06-03 00:00:00-04:00,14.918731084808776,15.032373749693315,14.906104657243368,15.013432502746582,11200,0.0,0.0,0.0
2010-06-04 00:00:00-04:00,14.70617596730512,14.762998098083616,14.388399124145508,14.388399124145508,10400,0.0,0.0,0.0
2010-06-07 00:00:00-04:00,14.445216590623483,14.466261165656345,14.076930907954852,14.108498573303223,36400,0.0,0.0,0.0
2010-06-08 00:00:00-04:00,14.022215722283256,14.177949131986928,13.89173837516736,14.175844192504883,32000,0.0,0.0,0.0
2010-06-09 00:00:00-04:00,14.308425739957242,14.573591905053538,14.308425739957242,14.348411560058594,18800,0.0,0.0,0.0
2010-06-10 00:00:00-04:00,14.600955641945884,14.733539581298828,14.508359144580746,14.733539581298828,56800,0.0,0.0,0.0
2010-06-11 00:00:00-04:00,14.61357728833137,14.845070838928223,14.61357728833137,14.845070838928223,24800,0.0,0.0,0.0
2010-06-14 00:00:00-04:00,15.009220108261772,15.13969904447876,14.910308837890625,14.910308837890625,16800,0.0,0.0,0.0
2010-06-15 00:00:00-04:00,15.082879884128827,15.335419654846191,15.082879884128827,15.335419654846191,5200,0.0,0.0,0.0
2010-06-16 00:00:00-04:00,15.324899820634126,15.34594440460205,15.289123867328769,15.34594440460205,4000,0.0,0.0,0.0
2010-06-17 00:00:00-04:00,15.385926789013277,15.385926789013277,15.114447381567429,15.23861312866211,10800,0.0,0.0,0.0
2010-06-18 00:00:00-04:00,15.341733681231556,15.341733681231556,15.20073322499394,15.21546459197998,29200,0.0,0.0,0.0
2010-06-21 00:00:00-04:00,15.425911057326015,15.425911057326015,15.173371315002441,15.173371315002441,9600,0.0,0.0,0.0
2010-06-22 00:00:00-04:00,15.137595999038206,15.137595999038206,14.89557933807373,14.89557933807373,4000,0.0,0.0,0.0
2010-06-23 00:00:00-04:00,14.77321171702271,14.86182689666748,14.665610214805957,14.86182689666748,12800,0.045,0.0,0.0
2010-06-24 00:00:00-04:00,14.598087025250559,14.680371240151459,14.509471893310547,14.509471893310547,6400,0.0,0.0,0.0
2010-06-25 00:00:00-04:00,14.547450984326149,14.669822972455767,14.47149606822444,14.606528282165527,6800,0.0,0.0,0.0
2010-06-28 00:00:00-04:00,14.648723602294922,14.648723602294922,14.648723602294922,14.648723602294922,800,0.0,0.0,0.0
2010-06-29 00:00:00-04:00,14.349129771272516,14.349129771272516,13.963025772880178,14.045310020446777,36400,0.0,0.0,0.0
2010-06-30 00:00:00-04:00,14.152912250847802,14.203548336321917,13.929266454760535,13.960914611816406,23600,0.0,0.0,0.0
2010-07-01 00:00:00-04:00,13.918720900955707,13.941929446750574,13.59380286952001,13.889183044433594,104000,0.0,0.0,0.0
2010-07-02 00:00:00-04:00,13.992562425595096,13.992562425595096,13.70351162579116,13.819554328918457,82000,0.0,0.0,0.0
2010-07-06 00:00:00-04:00,14.001000384107318,14.09805353810301,13.686632384241717,13.692961692810059,8400,0.0,0.0,0.0
2010-07-07 00:00:00-04:00,13.777355932993634,14.125480774291331,13.777355932993634,14.123372077941895,22000,0.0,0.0,0.0
2010-07-08 00:00:00-04:00,14.330137926373872,14.330137926373872,14.25418300088809,14.319589614868164,12000,0.0,0.0,0.0
2010-07-09 00:00:00-04:00,14.38921205205108,14.549561500549316,14.38921205205108,14.549561500549316,10000,0.0,0.0,0.0
2010-07-12 00:00:00-04:00,14.545346411083372,14.621301348715054,14.448293237374498,14.528467178344727,5600,0.0,0.0,0.0
2010-07-13 00:00:00-04:00,14.709910670879015,14.872368812561035,14.709910670879015,14.872368812561035,80400,0.0,0.0,0.0
2010-07-14 00:00:00-04:00,14.819627487214385,14.840725724413062,14.722574308346612,14.745782852172852,13200,0.0,0.0,0.0
2010-07-15 00:00:00-04:00,14.85760311866968,14.85760311866968,14.612860700018084,14.83228588104248,27200,0.0,0.0,0.0
2010-07-16 00:00:00-04:00,14.707800661440213,14.707800661440213,14.321696766809433,14.353344917297363,108400,0.0,0.0,0.0
2010-07-19 00:00:00-04:00,14.397650718688965,14.397650718688965,14.277389042652256,14.397650718688965,10800,0.0,0.0,0.0
2010-07-20 00:00:00-04:00,14.277390288977848,14.686702728271484,14.277390288977848,14.686702728271484,8400,0.0,0.0,0.0
2010-07-21 00:00:00-04:00,14.703583408714223,14.728900644363458,14.503146171569824,14.503146171569824,16400,0.0,0.0,0.0
2010-07-22 00:00:00-04:00,14.686708453886157,14.89347345044155,14.686708453886157,14.86182689666748,42800,0.0,0.0,0.0
2010-07-23 00:00:00-04:00,14.906127520162281,15.051706436425002,14.889248291998205,15.04959774017334,15200,0.0,0.0,0.0
2010-07-26 00:00:00-04:00,15.117116364254679,15.279574544372318,15.04960104645756,15.2626953125,25600,0.0,0.0,0.0
2010-07-27 00:00:00-04:00,15.351308898802108,15.351308898802108,15.190959431863131,15.203618049621582,10800,0.0,0.0,0.0
2010-07-28 00:00:00-04:00,15.155095179606336,15.195181346754728,15.030612845586875,15.051711082458496,73200,0.0,0.0,0.0
2010-07-29 00:00:00-04:00,15.171973247715394,15.171973247715394,14.870263815515994,15.064370155334473,16400,0.0,0.0,0.0
2010-07-30 00:00:00-04:00,14.785876802096068,15.068596839904785,14.785876802096068,15.068596839904785,94000,0.0,0.0,0.0
2010-08-02 00:00:00-04:00,15.285907028281434,15.37452220916748,15.285907028281434,15.37452220916748,26800,0.0,0.0,0.0
2010-08-03 00:00:00-04:00,15.264806770712555,15.33021339673,15.235268917553299,15.283796310424805,54000,0.0,0.0,0.0
2010-08-04 00:00:00-04:00,15.340757760031227,15.39350414276123,15.264802840124673,15.39350414276123,6400,0.0,0.0,0.0
2010-08-05 00:00:00-04:00,15.298563664666286,15.368187677276074,15.269025814542836,15.361858367919922,12400,0.0,0.0,0.0
2010-08-06 00:00:00-04:00,15.17197493001572,15.311224585867645,15.112897611192716,15.277467727661133,13200,0.0,0.0,0.0
2010-08-09 00:00:00-04:00,15.45258182683017,15.45258182683017,15.357638969547864,15.416714668273926,17200,0.0,0.0,0.0
2010-08-10 00:00:00-04:00,15.176188860508752,15.296450545235343,15.133992399433101,15.228935241699219,24400,0.0,0.0,0.0
2010-08-11 00:00:00-04:00,14.882922517670353,14.882922517670353,14.720462724977203,14.760550498962402,9600,0.0,0.0,0.0
2010-08-12 00:00:00-04:00,14.460948740497072,14.690922200652,14.460948740497072,14.655055046081543,34800,0.0,0.0,0.0
2010-08-13 00:00:00-04:00,14.583319342836878,14.686701794236049,14.583319342836878,14.598088264465332,86800,0.0,0.0,0.0
2010-08-16 00:00:00-04:00,14.52002571624947,14.667714959708407,14.52002571624947,14.595980644226074,12400,0.0,0.0,0.0
2010-08-17 00:00:00-04:00,14.817516915198691,14.994744016871191,14.817516915198691,14.920899391174316,12000,0.0,0.0,0.0
2010-08-18 00:00:00-04:00,14.870258056057102,15.022166256844848,14.840718606515866,14.977859497070312,17200,0.0,0.0,0.0
2010-08-19 00:00:00-04:00,14.859712072245244,14.859712072245244,14.646616220027358,14.716241836547852,30400,0.0,0.0,0.0
2010-08-20 00:00:00-04:00,14.63395811637661,14.659276962280273,14.524244727152755,14.659276962280273,6000,0.0,0.0,0.0
2010-08-23 00:00:00-04:00,14.722568738284465,14.777425422000682,14.574879524077392,14.576988220214844,13600,0.0,0.0,0.0
2010-08-24 00:00:00-04:00,14.275281262603205,14.389212028524522,14.228864189980255,14.304819107055664,57200,0.0,0.0,0.0
2010-08-25 00:00:00-04:00,14.226755253811872,14.406092643737793,14.125481484729919,14.406092643737793,144800,0.0,0.0,0.0
2010-08-26 00:00:00-04:00,14.420864783942948,14.420864783942948,14.31326168210987,14.347020149230957,6400,0.0,0.0,0.0
2010-08-27 00:00:00-04:00,14.435635025920453,14.555896759033203,14.349131763004069,14.555896759033203,24800,0.0,0.0,0.0
2010-08-30 00:00:00-04:00,14.541120559745796,14.59597724153866,14.363893508911133,14.363893508911133,165200,0.0,0.0,0.0
2010-08-31 00:00:00-04:00,14.330135583364545,14.420859417878347,14.256290976130455,14.292158126831055,29200,0.0,0.0,0.0
2010-09-01 00:00:00-04:00,14.560107582840606,14.830168724060057,14.560107582840606,14.830168724060059,51200,0.0,0.0,0.0
2010-09-02 00:00:00-04:00,14.836505946406119,15.062260453001782,14.830176636546128,15.060150146484375,10400,0.0,0.0,0.0
2010-09-03 00:00:00-04:00,15.277468084332074,15.285906091811437,15.14665643270856,15.247928619384766,22800,0.0,0.0,0.0
2010-09-07 00:00:00-04:00,15.214171086264365,15.214171086264365,15.072811126708984,15.072811126708984,4000,0.0,0.0,0.0
2010-09-08 00:00:00-04:00,15.089684969614785,15.203617353298714,15.089684969614785,15.121333122253418,102800,0.0,0.0,0.0
2010-09-09 00:00:00-04:00,15.315442228555243,15.325992151259241,15.087579029255604,15.142434120178223,142000,0.0,0.0,0.0
2010-09-10 00:00:00-04:00,15.190963344660448,15.212061582922885,15.146656561401608,15.182523727416992,20000,0.0,0.0,0.0
2010-09-13 00:00:00-04:00,15.344980803165102,15.4293737411499,15.344980803165102,15.429373741149902,7600,0.0,0.0,0.0
2010-09-14 00:00:00-04:00,15.412495516329303,15.494779754429455,15.321771662822462,15.43359375,22800,0.0,0.0,0.0
2010-09-15 00:00:00-04:00,15.410385436925747,15.458911214113542,15.347089125289763,15.439923286437988,5200,0.0,0.0,0.0
2010-09-16 00:00:00-04:00,15.454690249178558,15.454690249178558,15.406162868459377,15.435702323913574,12000,0.0,0.0,0.0
2010-09-17 00:00:00-04:00,15.539081663650524,15.539081663650524,15.492664598290283,15.517983436584473,21600,0.0,0.0,0.0
2010-09-20 00:00:00-04:00,15.733192905557512,15.809147834777832,15.697325747229044,15.809147834777832,10400,0.0,0.0,0.0
2010-09-21 00:00:00-04:00,15.750074411694529,15.764843338415785,15.684667785049864,15.705767631530762,84400,0.0,0.0,0.0
2010-09-22 00:00:00-04:00,15.646685224019533,15.743738359438378,15.54963047890909,15.579168319702148,12400,0.0,0.0,0.0
2010-09-23 00:00:00-04:00,15.467348027850429,15.574951094263287,15.39561372336971,15.399832725524902,114800,0.0,0.0,0.0
2010-09-24 00:00:00-04:00,15.604748399550203,15.793344497680664,15.604748399550203,15.793344497680664,23600,0.07925,0.0,0.0
2010-09-27 00:00:00-04:00,15.831489256077841,15.831489256077841,15.74460867962889,15.786989212036133,10000,0.0,0.0,0.0
2010-09-28 00:00:00-04:00,15.823013506947706,15.823013506947706,15.606870195630561,15.780632972717285,9600,0.0,0.0,0.0
2010-09-29 00:00:00-04:00,15.81453418004882,15.912010684295252,15.81453418004882,15.842082977294922,9600,0.0,0.0,0.0
2010-09-30 00:00:00-04:00,15.9840527758226,15.9840527758226,15.761551063955046,15.875980377197266,36000,0.0,0.0,0.0
2010-10-01 00:00:00-04:00,15.973464793458257,15.973464793458257,15.799702034992155,15.882345199584961,67600,0.0,0.0,0.0
2010-10-04 00:00:00-04:00,15.823005638394418,15.823005638394418,15.676791736309914,15.750958442687988,39600,0.0,0.0,0.0
2010-10-05 00:00:00-04:00,15.880227001155333,16.136632919311523,15.880227001155333,16.136632919311523,28800,0.0,0.0,0.0
2010-10-06 00:00:00-04:00,16.085768753949235,16.18536311386101,15.998886606948949,16.034910202026367,46800,0.0,0.0,0.0
2010-10-07 00:00:00-04:00,16.073055713828555,16.073055713828555,15.992532086298455,16.07093620300293,5600,0.0,0.0,0.0
2010-10-08 00:00:00-04:00,16.07305317723844,16.265888214111328,16.07305317723844,16.265888214111328,7600,0.0,0.0,0.0
2010-10-11 00:00:00-04:00,16.25953621736443,16.306154145280196,16.25741670623221,16.29132080078125,6800,0.0,0.0,0.0
2010-10-12 00:00:00-04:00,16.21503825700335,16.376087188720703,16.21503825700335,16.376087188720703,7200,0.0,0.0,0.0
2010-10-13 00:00:00-04:00,16.418463124364493,16.579510378424644,16.386676929029733,16.50110626220703,201200,0.0,0.0,0.0
2010-10-14 00:00:00-04:00,16.473561193550253,16.473561193550253,16.31039439181441,16.325227737426758,20400,0.0,0.0,0.0
2010-10-15 00:00:00-04:00,16.61130113601705,16.61130113601705,16.36760906047181,16.405752182006836,24000,0.0,0.0,0.0
2010-10-18 00:00:00-04:00,16.49899288720704,16.49899288720704,16.4015163708528,16.46084976196289,17200,0.0,0.0,0.0
2010-10-19 00:00:00-04:00,16.352778208296513,16.369731068611873,16.113325119018555,16.113325119018555,30800,0.0,0.0,0.0
2010-10-20 00:00:00-04:00,16.18961552872769,16.458735384269254,16.18961552872769,16.371854782104492,12400,0.0,0.0,0.0
2010-10-21 00:00:00-04:00,16.543485782098045,16.549842697439637,16.29767589418305,16.373960494995117,24000,0.0,0.0,0.0
2010-10-22 00:00:00-04:00,16.39303728304918,16.433299913365474,16.384560854734517,16.418466567993164,25600,0.0,0.0,0.0
2010-10-25 00:00:00-04:00,16.590119932024393,16.6642867042021,16.530786514282227,16.530786514282227,22800,0.0,0.0,0.0
2010-10-26 00:00:00-04:00,16.498991666959956,16.528658360320886,16.498991666959956,16.526538848876953,8800,0.0,0.0,0.0
2010-10-27 00:00:00-04:00,16.378204450184032,16.393037796020508,16.297680803745084,16.393037796020508,56800,0.0,0.0,0.0
2010-10-28 00:00:00-04:00,16.439660084001822,16.439660084001822,16.35701691246967,16.412111282348633,6000,0.0,0.0,0.0
2010-10-29 00:00:00-04:00,16.412104591927097,16.51805749856759,16.412104591927097,16.50110626220703,18000,0.0,0.0,0.0
2010-11-01 00:00:00-04:00,16.587992626837124,16.65580244621768,16.469325847099558,16.477802276611328,26000,0.0,0.0,0.0
2010-11-02 00:00:00-04:00,16.655797449440207,16.69394056244335,16.600701482499414,16.68122673034668,10800,0.0,0.0,0.0
2010-11-03 00:00:00-04:00,16.696064683301433,16.696064683301433,16.571039371882048,16.662158966064453,27200,0.0,0.0,0.0
2010-11-04 00:00:00-04:00,16.91432097229948,17.047821044921875,16.8740583527586,17.047821044921875,24000,0.0,0.0,0.0
2010-11-05 00:00:00-04:00,17.096558170092944,17.206748462889305,17.052058150884058,17.170724868774414,15200,0.0,0.0,0.0
2010-11-08 00:00:00-05:00,17.128349474500034,17.128349474500034,17.043586814962957,17.119873046875,20000,0.0,0.0,0.0
2010-11-09 00:00:00-05:00,17.21099738900386,17.21099738900386,17.134711135966707,17.15378189086914,180000,0.0,0.0,0.0
2010-11-10 00:00:00-05:00,16.958822296550082,16.996965408325195,16.831679129537402,16.996965408325195,36000,0.0,0.0,0.0
2010-11-11 00:00:00-05:00,16.829563499140633,17.011802673339844,16.829563499140633,17.011802673339844,48000,0.0,0.0,0.0
2010-11-12 00:00:00-05:00,16.924923772249038,16.924923772249038,16.73844555704144,16.744802474975586,13200,0.0,0.0,0.0
2010-11-15 00:00:00-05:00,16.80625888154031,16.893141089331312,16.776592180517515,16.799901962280273,19600,0.0,0.0,0.0
2010-11-16 00:00:00-05:00,16.585871713209496,16.624014834431264,16.380324377600854,16.45237159729004,20400,0.0,0.0,0.0
2010-11-17 00:00:00-05:00,16.477803608439505,16.571041107177734,16.477803608439505,16.571041107177734,34400,0.0,0.0,0.0
2010-11-18 00:00:00-05:00,16.738443583930536,16.838039597728205,16.738443583930536,16.768110275268555,71200,0.0,0.0,0.0
2010-11-19 00:00:00-05:00,16.742681963768334,16.840158462524414,16.655799787675722,16.840158462524414,18000,0.0,0.0,0.0
2010-11-22 00:00:00-05:00,16.778704095055236,16.910086294890128,16.74691789643401,16.899490356445312,20400,0.0,0.0,0.0
2010-11-23 00:00:00-05:00,16.72996764654941,16.72996764654941,16.66851636748351,16.698183059692383,8400,0.0,0.0,0.0
2010-11-24 00:00:00-05:00,16.907970463790647,17.066899874773714,16.907970463790647,17.04570960998535,30400,0.0,0.0,0.0
2010-11-26 00:00:00-05:00,16.874064404029102,16.999089712154113,16.874064404029102,16.96306610107422,10400,0.0,0.0,0.0
2010-11-29 00:00:00-05:00,16.82320534544784,16.93339729309082,16.710895503333006,16.93339729309082,12000,0.0,0.0,0.0
2010-11-30 00:00:00-05:00,16.732078389331573,16.90372153526245,16.732078389331573,16.863460540771484,11600,0.0,0.0,0.0
2010-12-01 00:00:00-05:00,17.13470810044582,17.19404148302706,17.102921897859183,17.189804077148438,10400,0.0,0.0,0.0
2010-12-02 00:00:00-05:00,17.191922014355164,17.439853101774922,17.191922014355164,17.433494567871094,8000,0.0,0.0,0.0
2010-12-03 00:00:00-05:00,17.418659506120306,17.524612426757812,17.403826161899588,17.524612426757812,9200,0.0,0.0,0.0
2010-12-06 00:00:00-05:00,17.541563080705313,17.5797061920166,17.494943542801174,17.5797061920166,6800,0.0,0.0,0.0
2010-12-07 00:00:00-05:00,17.766184826577447,17.766184826577447,17.54792207033413,17.571231842041016,25600,0.0,0.0,0.0
2010-12-08 00:00:00-05:00,17.60302371393521,17.607261120741402,17.425023527227268,17.494951248168945,9600,0.0,0.0,0.0
2010-12-09 00:00:00-05:00,17.57971077508066,17.57971077508066,17.467400922693876,17.51613998413086,9600,0.0,0.0,0.0
2010-12-10 00:00:00-05:00,17.59879458775696,17.70262807885925,17.543698573069925,17.698389053344727,40400,0.0,0.0,0.0
2010-12-13 00:00:00-05:00,17.821285931972564,17.821285931972564,17.643285751342773,17.643285751342773,11600,0.0,0.0,0.0
2010-12-14 00:00:00-05:00,17.70897986909676,17.721693708527315,17.605146408081055,17.605146408081055,10800,0.0,0.0,0.0
2010-12-15 00:00:00-05:00,17.61149787902832,17.681427207689296,17.5712352443362,17.61149787902832,54400,0.0,0.0,0.0
2010-12-16 00:00:00-05:00,17.575470757143545,17.71744728088379,17.514017869991818,17.71744728088379,13200,0.0,0.0,0.0
2010-12-17 00:00:00-05:00,17.7577141428653,17.814928021534794,17.7577141428653,17.776784896850586,6800,0.0,0.0,0.0
2010-12-20 00:00:00-05:00,17.865781743869043,17.865781743869043,17.772544268985083,17.827638626098633,14800,0.0,0.0,0.0
2010-12-21 00:00:00-05:00,17.929352065588983,17.997161865234375,17.90604229539402,17.997161865234375,28800,0.0,0.0,0.0
2010-12-22 00:00:00-05:00,18.039545968273757,18.058618337092636,17.99716544134164,18.02895164489746,24400,0.0,0.0,0.0
2010-12-23 00:00:00-05:00,18.020644592250644,18.022775147161088,17.99721336364746,17.99721336364746,5600,0.11025,0.0,0.0
2010-12-27 00:00:00-05:00,17.929048881652996,18.02064323425293,17.929048881652996,18.02064323425293,78000,0.0,0.0,0.0
2010-12-28 00:00:00-05:00,18.07176648746603,18.07176648746603,17.98656379291512,17.999343872070312,36400,0.0,0.0,0.0
2010-12-29 00:00:00-05:00,18.101592095866767,18.101592095866767,18.035557885006636,18.082420349121094,42400,0.0,0.0,0.0
2010-12-30 00:00:00-05:00,18.097330124682202,18.131412506103516,18.078160003985758,18.131412506103516,113200,0.0,0.0,0.0
2010-12-31 00:00:00-05:00,18.04194360686336,18.09732665348142,18.039814677285918,18.093067169189453,16400,0.0,0.0,0.0
2011-01-03 00:00:00-05:00,18.22299831482205,18.293290349494637,18.178264803934997,18.242168426513672,35600,0.0,0.0,0.0
2011-01-04 00:00:00-05:00,18.295424490506786,18.295424490506786,18.018510905224705,18.05046272277832,63600,0.0,0.0,0.0
2011-01-05 00:00:00-05:00,18.031292671566057,18.178268432617188,18.031292671566057,18.178268432617188,38400,0.0,0.0,0.0
2011-01-06 00:00:00-05:00,18.22513252439952,18.22513252439952,18.137799281716934,18.15484046936035,17200,0.0,0.0,0.0
2011-01-07 00:00:00-05:00,18.201704448405803,18.201704448405803,17.975914361025907,18.101591110229492,20000,0.0,0.0,0.0
2011-01-10 00:00:00-05:00,17.963125185234457,18.156963348388672,17.954604594252125,18.156963348388672,10800,0.0,0.0,0.0
2011-01-11 00:00:00-05:00,18.27412830343106,18.278387788419213,18.20809572272191,18.23578643798828,51200,0.0,0.0,0.0
2011-01-12 00:00:00-05:00,18.399806083262156,18.442409064985853,18.36146421227962,18.414716720581055,32400,0.0,0.0,0.0
2011-01-13 00:00:00-05:00,18.399798880257435,18.4338812522941,18.376367655766465,18.4083194732666,24800,0.0,0.0,0.0
2011-01-14 00:00:00-05:00,18.37211432659826,18.551041964321744,18.37211432659826,18.529741287231445,25600,0.0,0.0,0.0
2011-01-18 00:00:00-05:00,18.57872863135386,18.657541275024414,18.52760669692742,18.657541275024414,44800,0.0,0.0,0.0
2011-01-19 00:00:00-05:00,18.65541777222304,18.65541777222304,18.34229278564453,18.34229278564453,20000,0.0,0.0,0.0
2011-01-20 00:00:00-05:00,18.295428166082054,18.33590058479006,18.23791618304087,18.28264808654785,12400,0.0,0.0,0.0
2011-01-21 00:00:00-05:00,18.442407949219167,18.442407949219167,18.240047454833984,18.240047454833984,16800,0.0,0.0,0.0
2011-01-24 00:00:00-05:00,18.254951495522693,18.444530215098254,18.254951495522693,18.421100616455078,22000,0.0,0.0,0.0
2011-01-25 00:00:00-05:00,18.39341235906397,18.444534301757812,18.29329740348297,18.444534301757812,20800,0.0,0.0,0.0
2011-01-26 00:00:00-05:00,18.548908112618186,18.649023056030273,18.548908112618186,18.649023056030273,63200,0.0,0.0,0.0
2011-01-27 00:00:00-05:00,18.655414463540247,18.742747710386453,18.655414463540247,18.719316482543945,15200,0.0,0.0,0.0
2011-01-28 00:00:00-05:00,18.678849099553293,18.678849099553293,18.329512798153694,18.338031768798828,21200,0.0,0.0,0.0
2011-01-31 00:00:00-05:00,18.41684365601309,18.5638210700798,18.41684365601309,18.512699127197266,16000,0.0,0.0,0.0
2011-02-01 00:00:00-05:00,18.68097372541404,18.795999304270325,18.66819364725349,18.77043914794922,53600,0.0,0.0,0.0
2011-02-02 00:00:00-05:00,18.77470050602344,18.78748058545946,18.736358642578125,18.736358642578125,9200,0.0,0.0,0.0
2011-02-03 00:00:00-05:00,18.663932947278834,18.84712163962165,18.663932947278834,18.82369041442871,22800,0.0,0.0,0.0
2011-02-04 00:00:00-05:00,18.874812370314302,18.923803750219186,18.795998101381535,18.91741371154785,18000,0.0,0.0,0.0
2011-02-07 00:00:00-05:00,19.021790746401724,19.1155140270016,19.021790746401724,19.06439208984375,53600,0.0,0.0,0.0
2011-02-08 00:00:00-05:00,19.13255492330156,19.13255492330156,18.989838637291637,19.100603103637695,91600,0.0,0.0,0.0
2011-02-09 00:00:00-05:00,19.055870010028123,19.060131119122264,19.028179301464014,19.058000564575195,9600,0.0,0.0,0.0
2011-02-10 00:00:00-05:00,18.974931995597345,19.16238021850586,18.928069533585866,19.16238021850586,20800,0.0,0.0,0.0
2011-02-11 00:00:00-05:00,19.143206842086762,19.315744400024414,19.143206842086762,19.315744400024414,16400,0.0,0.0,0.0
2011-02-14 00:00:00-05:00,19.35408350248014,19.379645280625354,19.32639279500883,19.364734649658203,144800,0.0,0.0,0.0
2011-02-15 00:00:00-05:00,19.328524863650493,19.3391760125585,19.249712212224992,19.275272369384766,122000,0.0,0.0,0.0
2011-02-16 00:00:00-05:00,19.36260964525027,19.460594051854276,19.360479090176582,19.43077278137207,96000,0.0,0.0,0.0
2011-02-17 00:00:00-05:00,19.479751368434922,19.56069615665802,19.479751368434922,19.550045013427734,54000,0.0,0.0,0.0
2011-02-18 00:00:00-05:00,19.54366464137446,19.616087250715385,19.539405157057914,19.579875946044922,42800,0.0,0.0,0.0
2011-02-22 00:00:00-05:00,19.443556489521878,19.460597683016395,19.077178955078125,19.077178955078125,30800,0.0,0.0,0.0
2011-02-23 00:00:00-05:00,19.13042297360731,19.13042297360731,18.670322329464774,18.864160537719727,70000,0.0,0.0,0.0
2011-02-24 00:00:00-05:00,18.902508550628962,18.96002216559134,18.717190874975103,18.857776641845703,57600,0.0,0.0,0.0
2011-02-25 00:00:00-05:00,19.019656419716682,19.196455047698898,19.019656419716682,19.194324493408203,41600,0.0,0.0,0.0
2011-02-28 00:00:00-05:00,19.360480818127108,19.360480818127108,19.17303258334647,19.239065170288086,22800,0.0,0.0,0.0
2011-03-01 00:00:00-05:00,19.31361681392601,19.31361681392601,18.93232870896041,18.94084930419922,11600,0.0,0.0,0.0
2011-03-02 00:00:00-05:00,18.911023178429417,19.1389437608574,18.911023178429417,19.058000564575195,18800,0.0,0.0,0.0
2011-03-03 00:00:00-05:00,19.258226161945238,19.43928425495351,19.258226161945238,19.424373626708984,28400,0.0,0.0,0.0
2011-03-04 00:00:00-05:00,19.48615444534241,19.48615444534241,19.19646073123454,19.290184020996094,59600,0.0,0.0,0.0
2011-03-07 00:00:00-05:00,19.334914071813586,19.334914071813586,18.985577854457876,19.098474502563477,21200,0.0,0.0,0.0
2011-03-08 00:00:00-05:00,19.0516119821471,19.354085745470492,19.0516119821471,19.32639503479004,14000,0.0,0.0,0.0
2011-03-09 00:00:00-05:00,19.185808486588446,19.24758157468764,19.185808486588446,19.24332046508789,4800,0.0,0.0,0.0
2011-03-10 00:00:00-05:00,18.955757127442205,18.955757127442205,18.8343415072919,18.86203384399414,27200,0.0,0.0,0.0
2011-03-11 00:00:00-05:00,18.761923420801683,19.040966033935547,18.73636163271298,19.040966033935547,11200,0.0,0.0,0.0
2011-03-14 00:00:00-04:00,18.847120971699557,19.009007362575712,18.778957853136717,18.900373458862305,21200,0.0,0.0,0.0
2011-03-15 00:00:00-04:00,18.472217585716663,18.80025300538214,18.314590725014394,18.795991897583008,302000,0.0,0.0,0.0
2011-03-16 00:00:00-04:00,18.655411882930974,18.738485633740186,18.340156440655722,18.440271377563477,131200,0.0,0.0,0.0
2011-03-17 00:00:00-04:00,18.75979004003991,18.75979004003991,18.589381395389378,18.670326232910156,160800,0.0,0.0,0.0
2011-03-18 00:00:00-04:00,18.896113911258336,18.925935176522742,18.78108833446544,18.808780670166016,25600,0.0,0.0,0.0
2011-03-21 00:00:00-04:00,19.058000875287455,19.11551284790039,19.0132689798914,19.11551284790039,17600,0.0,0.0,0.0
2011-03-22 00:00:00-04:00,19.13468734480468,19.13468734480468,18.97279930114746,18.97279930114746,10000,0.0,0.0,0.0
2011-03-23 00:00:00-04:00,18.919544529316926,18.9770565032959,18.804518956221965,18.9770565032959,115600,0.0,0.0,0.0
2011-03-24 00:00:00-04:00,19.066520053213438,19.27313995361328,19.066520053213438,19.27313995361328,13600,0.0,0.0,0.0
2011-03-25 00:00:00-04:00,19.303675198430852,19.421106152571763,19.241756348150645,19.348512649536133,62400,0.05325,0.0,0.0
2011-03-28 00:00:00-04:00,19.395478791016874,19.41256018555692,19.25029182434082,19.25029182434082,35200,0.0,0.0,0.0
2011-03-29 00:00:00-04:00,19.199054353501467,19.406161855041358,19.14781178093626,19.397621154785156,79600,0.0,0.0,0.0
2011-03-30 00:00:00-04:00,19.4958321294819,19.632480043151485,19.4958321294819,19.608993530273438,27600,0.0,0.0,0.0
2011-03-31 00:00:00-04:00,19.632477388003405,19.68585552296695,19.602585762741533,19.655963897705078,7600,0.0,0.0,0.0
2011-04-01 00:00:00-04:00,19.801160965847327,19.86307982438596,19.758459091186523,19.758459091186523,18800,0.0,0.0,0.0
2011-04-04 00:00:00-04:00,19.85026967615281,19.85026967615281,19.76059476158264,19.794755935668945,11600,0.0,0.0,0.0
2011-04-05 00:00:00-04:00,19.80329151549663,19.961290366354557,19.796886398822505,19.875885009765625,28400,0.0,0.0,0.0
2011-04-06 00:00:00-04:00,19.841718542499432,19.899366206133898,19.833177846225578,19.88442039489746,3200,0.0,0.0,0.0
2011-04-07 00:00:00-04:00,19.91431498440361,19.91431498440361,19.79688405832738,19.809694290161133,20000,0.0,0.0,0.0
2011-04-08 00:00:00-04:00,19.986922761670705,19.986922761670705,19.67092326814251,19.677330017089844,30800,0.0,0.0,0.0
2011-04-11 00:00:00-04:00,19.752040982511854,19.752040982511854,19.568420110083007,19.596176147460938,16400,0.0,0.0,0.0
2011-04-12 00:00:00-04:00,19.45953727762962,19.51505100701434,19.367726798981423,19.380537033081055,24400,0.0,0.0,0.0
2011-04-13 00:00:00-04:00,19.47662527979276,19.534272981759827,19.380543604551207,19.461679458618164,11200,0.0,0.0,0.0
2011-04-14 00:00:00-04:00,19.29940340829259,19.41470040552659,19.267376193121173,19.404024124145508,11600,0.0,0.0,0.0
2011-04-15 00:00:00-04:00,19.564153440408923,19.655963897705078,19.54493809372832,19.655963897705078,4000,0.0,0.0,0.0
2011-04-18 00:00:00-04:00,19.346376440014424,19.404024124145508,19.26310665795184,19.404024124145508,22400,0.0,0.0,0.0
2011-04-19 00:00:00-04:00,19.44245742130584,19.52572720750033,19.421106486456058,19.52145767211914,12000,0.0,0.0,0.0
2011-04-20 00:00:00-04:00,19.81823713588403,19.856669464522618,19.790481087578478,19.80329132080078,6800,0.0,0.0,0.0
2011-04-21 00:00:00-04:00,19.965557946612595,19.965557946612595,19.878017023853953,19.95488166809082,21600,0.0,0.0,0.0
2011-04-25 00:00:00-04:00,19.96769827356359,19.980510137674017,19.912186168648766,19.95702362060547,15200,0.0,0.0,0.0
2011-04-26 00:00:00-04:00,20.01039749698033,20.15985563823679,20.01039749698033,20.112882614135742,16800,0.0,0.0,0.0
2011-04-27 00:00:00-04:00,20.18334709112144,20.189752208890166,20.027483795509262,20.187618255615234,42800,0.0,0.0,0.0
2011-04-28 00:00:00-04:00,20.19402788440795,20.24527046697649,20.179082063284948,20.219648361206055,23200,0.0,0.0,0.0
2011-04-29 00:00:00-04:00,20.18334228826309,20.24739670865178,20.18334228826309,20.240991592407227,4000,0.0,0.0,0.0
2011-05-02 00:00:00-04:00,20.26234892785601,20.294376148174237,20.15772819519043,20.15772819519043,30000,0.0,0.0,0.0
2011-05-03 00:00:00-04:00,20.01039552777175,20.05950249979276,19.886557863505132,19.99758529663086,14400,0.0,0.0,0.0
2011-05-04 00:00:00-04:00,19.971961309976045,19.971961309976045,19.74350297880697,19.88442039489746,13200,0.0,0.0,0.0
2011-05-05 00:00:00-04:00,19.694401014966303,19.957022219673853,19.694401014966303,19.773401260375977,10000,0.0,0.0,0.0
2011-05-06 00:00:00-04:00,19.980507553283534,20.061641746952947,19.89723777770996,19.89723777770996,6400,0.0,0.0,0.0
2011-05-09 00:00:00-04:00,19.899374892417132,20.04242958123501,19.873754421383214,20.038158416748047,18400,0.0,0.0,0.0
2011-05-10 00:00:00-04:00,20.050970882031685,20.24099698309622,20.050970882031685,20.211105346679688,13600,0.0,0.0,0.0
2011-05-11 00:00:00-04:00,20.149182882017023,20.168398232425982,19.912183786476206,19.969831466674805,10800,0.0,0.0,0.0
2011-05-12 00:00:00-04:00,19.907915884320627,20.095808029174805,19.863078430381876,20.095808029174805,12800,0.0,0.0,0.0
2011-05-13 00:00:00-04:00,20.03388548959524,20.04669572294349,19.84812896118719,19.875885009765625,10400,0.0,0.0,0.0
2011-05-16 00:00:00-04:00,19.82677790561597,19.9847767554884,19.781940460205078,19.781940460205078,21200,0.0,0.0,0.0
2011-05-17 00:00:00-04:00,19.68372239108694,19.72855983084912,19.591911929962997,19.673046112060547,16000,0.0,0.0,0.0
2011-05-18 00:00:00-04:00,19.683728183047815,19.937807083129883,19.683728183047815,19.937807083129883,11200,0.0,0.0,0.0
2011-05-19 00:00:00-04:00,20.012541094069977,20.012541094069977,19.83746078891622,19.920730590820312,10000,0.0,0.0,0.0
2011-05-20 00:00:00-04:00,19.871622812561974,19.871622812561974,19.781947888068423,19.852407455444336,4000,0.0,0.0,0.0
2011-05-23 00:00:00-04:00,19.56629679377493,19.56629679377493,19.45099978098041,19.527864456176758,16800,0.0,0.0,0.0
2011-05-24 00:00:00-04:00,19.53853382320996,19.56415428655885,19.461669175220344,19.508642196655273,13600,0.0,0.0,0.0
2011-05-25 00:00:00-04:00,19.431777819579505,19.559885025024414,19.431777819579505,19.559885025024414,14000,0.0,0.0,0.0
2011-05-26 00:00:00-04:00,19.50864543911302,19.7136173248291,19.50864543911302,19.7136173248291,4000,0.0,0.0,0.0
2011-05-27 00:00:00-04:00,19.74778156455625,19.850268337849727,19.74778156455625,19.818241119384766,16000,0.0,0.0,0.0
2011-05-31 00:00:00-04:00,19.974109450309882,19.974109450309882,19.87802777854464,19.952756881713867,9200,0.0,0.0,0.0
2011-06-01 00:00:00-04:00,19.948483901765073,19.95702460193468,19.611133575439453,19.611133575439453,102000,0.0,0.0,0.0
2011-06-02 00:00:00-04:00,19.566296513223396,19.619674668623716,19.421107865375646,19.562026977539062,30800,0.0,0.0,0.0
2011-06-03 00:00:00-04:00,19.22040649767205,19.44673099625606,19.216136961761613,19.42324447631836,51600,0.0,0.0,0.0
2011-06-06 00:00:00-04:00,19.320753406712097,19.320753406712097,19.055998256791455,19.064538955688477,92800,0.0,0.0,0.0
2011-06-07 00:00:00-04:00,19.167024505183022,19.21613311767578,19.143539618915465,19.21613311767578,83200,0.0,0.0,0.0
2011-06-08 00:00:00-04:00,19.083755750599476,19.083755750599476,18.991945266723633,18.991945266723633,22000,0.0,0.0,0.0
2011-06-09 00:00:00-04:00,18.9812762906055,19.11151914689106,18.97700512507056,19.077356338500977,27600,0.0,0.0,0.0
2011-06-10 00:00:00-04:00,18.985537610947326,18.985537610947326,18.7891064346294,18.853160858154297,17200,0.0,0.0,0.0
2011-06-13 00:00:00-04:00,18.818996226342385,18.82326738961173,18.682348323210338,18.746402740478516,16800,0.0,0.0,0.0
2011-06-14 00:00:00-04:00,18.904405599150788,19.105107962294987,18.904405599150788,19.04745864868164,43200,0.0,0.0,0.0
2011-06-15 00:00:00-04:00,18.934293200042205,18.97913064054133,18.7165111134791,18.746402740478516,22400,0.0,0.0,0.0
2011-06-16 00:00:00-04:00,18.757080463065165,18.82327047280975,18.57345950772273,18.70797348022461,44000,0.0,0.0,0.0
2011-06-17 00:00:00-04:00,18.878780063703527,18.878780063703527,18.71864564455636,18.76988983154297,35600,0.0,0.0,0.0
2011-06-20 00:00:00-04:00,18.68448646835757,18.92148556420602,18.68448646835757,18.89159393310547,7600,0.0,0.0,0.0
2011-06-21 00:00:00-04:00,19.171297978224125,19.23321683231527,19.16916239595285,19.22467613220215,56800,0.0,0.0,0.0
2011-06-22 00:00:00-04:00,19.196921364146128,19.293001396152082,19.137136459350586,19.137136459350586,9200,0.0,0.0,0.0
2011-06-23 00:00:00-04:00,18.887414289312645,19.08444780877336,18.876705270964365,19.052322387695312,59200,0.0685,0.0,0.0
2011-06-24 00:00:00-04:00,19.07159520975528,19.07159520975528,18.889551731074555,18.902402877807617,31600,0.0,0.0,0.0
2011-06-27 00:00:00-04:00,18.883132672723033,19.015917002589163,18.79960754660359,19.013774871826172,15200,0.0,0.0,0.0
2011-06-28 00:00:00-04:00,19.122998600146914,19.20866584777832,19.122998600146914,19.20866584777832,12400,0.0,0.0,0.0
2011-06-29 00:00:00-04:00,19.28362584431495,19.40141689088424,19.28362584431495,19.35430145263672,15600,0.0,0.0,0.0
2011-06-30 00:00:00-04:00,19.418546208024747,19.574889035916005,19.418546208024747,19.568464279174805,14400,0.0,0.0,0.0
2011-07-01 00:00:00-04:00,19.57917002507183,19.872579752127113,19.551328870199356,19.870437622070312,352800,0.0,0.0,0.0
2011-07-05 00:00:00-04:00,19.953960863690906,19.953960863690906,19.804044452996123,19.853302001953125,21600,0.0,0.0,0.0
2011-07-06 00:00:00-04:00,19.82974768731655,19.953965101971413,19.816898173375247,19.93040657043457,92800,0.0,0.0,0.0
2011-07-07 00:00:00-04:00,20.114592223867366,20.221675872802734,20.114592223867366,20.221675872802734,37600,0.0,0.0,0.0
2011-07-08 00:00:00-04:00,19.97537726610854,19.97537726610854,19.883285289807752,19.951820373535156,5600,0.0,0.0,0.0
2011-07-11 00:00:00-04:00,19.840463361656266,19.840463361656266,19.604879601212975,19.634862899780273,59600,0.0,0.0,0.0
2011-07-12 00:00:00-04:00,19.549190050179618,19.643424181036607,19.527773647884874,19.538482666015625,71200,0.0,0.0,0.0
2011-07-13 00:00:00-04:00,19.60059467143223,19.767646572859917,19.544912338256836,19.544912338256836,35200,0.0,0.0,0.0
2011-07-14 00:00:00-04:00,19.600589062394597,19.67126465808509,19.32431470463485,19.350013732910156,18400,0.0,0.0,0.0
2011-07-15 00:00:00-04:00,19.444251254269776,19.48280143737793,19.37785990768178,19.48280143737793,84800,0.0,0.0,0.0
2011-07-18 00:00:00-04:00,19.416410662019157,19.418551158834205,19.14441724154099,19.253643035888672,51200,0.0,0.0,0.0
2011-07-19 00:00:00-04:00,19.484942734299693,19.65627560325218,19.484942734299693,19.649850845336914,60400,0.0,0.0,0.0
2011-07-20 00:00:00-04:00,19.666983458096432,19.671266085130764,19.654132309059793,19.660558700561523,7600,0.0,0.0,0.0
2011-07-21 00:00:00-04:00,19.711955114697837,19.86187154545536,19.711955114697837,19.814754486083984,9200,0.0,0.0,0.0
2011-07-22 00:00:00-04:00,19.87472592722927,19.923983490795546,19.87472592722927,19.90042495727539,42800,0.0,0.0,0.0
2011-07-25 00:00:00-04:00,19.714104257955523,19.896146169768432,19.6755540714802,19.7890625,40800,0.0,0.0,0.0
2011-07-26 00:00:00-04:00,19.76764113865994,19.77620639220371,19.701248168945312,19.701248168945312,14400,0.0,0.0,0.0
2011-07-27 00:00:00-04:00,19.47851189900537,19.47851189900537,19.225794463530615,19.270771026611328,39200,0.0,0.0,0.0
2011-07-28 00:00:00-04:00,19.20009875467901,19.33074093827991,19.080163955688477,19.080163955688477,50800,0.0,0.0,0.0
2011-07-29 00:00:00-04:00,18.821022736557396,19.16797436923419,18.821022736557396,19.041616439819336,39600,0.0,0.0,0.0
2011-08-01 00:00:00-04:00,19.21509235398564,19.23865089007728,18.713939971815346,18.857433319091797,27200,0.0,0.0,0.0
2011-08-02 00:00:00-04:00,18.78461219769221,18.78461219769221,18.289886296783138,18.292028427124023,158400,0.0,0.0,0.0
2011-08-03 00:00:00-04:00,18.268467714985054,18.341283798217773,17.910807153211127,18.341283798217773,216800,0.0,0.0,0.0
2011-08-04 00:00:00-04:00,18.088576276606048,18.088576276606048,17.326140945310943,17.36040687561035,109200,0.0,0.0,0.0
2011-08-05 00:00:00-04:00,17.538159714519843,17.572427266136614,16.741457113064612,17.15908432006836,113600,0.0,0.0,0.0
2011-08-08 00:00:00-04:00,16.664359675961176,16.756451694609886,15.835533142089844,15.835533142089844,220800,0.0,0.0,0.0
2011-08-09 00:00:00-04:00,16.32811026396007,16.72860359942237,15.702742302141726,16.709327697753906,277200,0.0,0.0,0.0
2011-08-10 00:00:00-04:00,16.23173184073211,16.677199996716713,16.118223489266978,16.131072998046875,62400,0.0,0.0,0.0
2011-08-11 00:00:00-04:00,16.437343539692574,17.13767003084207,16.240309976710915,16.983470916748047,313600,0.0,0.0,0.0
2011-08-12 00:00:00-04:00,17.2169114676566,17.2169114676566,16.923501638356534,17.071277618408203,95600,0.0,0.0,0.0
2011-08-15 00:00:00-04:00,17.283296369012767,17.463197708129883,17.21476291457921,17.463197708129883,95600,0.0,0.0,0.0
2011-08-16 00:00:00-04:00,17.358256193089716,17.358256193089716,17.191204366260408,17.253313064575195,18800,0.0,0.0,0.0
2011-08-17 00:00:00-04:00,17.44606425514867,17.44606425514867,17.039146147145864,17.137662887573242,77600,0.0,0.0,0.0
2011-08-18 00:00:00-04:00,16.677209291328612,16.677209291328612,16.15464052349239,16.24887466430664,53200,0.0,0.0,0.0
2011-08-19 00:00:00-04:00,16.062549269763775,16.336683182533022,15.949040849692166,15.968315124511719,107200,0.0,0.0,0.0
2011-08-22 00:00:00-04:00,16.381650362069845,16.381650362069845,15.940466407382031,16.00043296813965,24000,0.0,0.0,0.0
2011-08-23 00:00:00-04:00,16.0175720208842,16.570124028332454,16.0175720208842,16.565839767456055,23200,0.0,0.0,0.0
2011-08-24 00:00:00-04:00,16.705049429951845,16.705049429951845,16.480173110961914,16.480173110961914,8000,0.0,0.0,0.0
2011-08-25 00:00:00-04:00,16.880665423770633,16.880665423770633,16.43091444978789,16.47374725341797,10800,0.0,0.0,0.0
2011-08-26 00:00:00-04:00,16.313119024953,16.87423780765138,16.143926701536696,16.8356876373291,32000,0.0,0.0,0.0
2011-08-29 00:00:00-04:00,17.02630547365903,17.42893953059405,17.02630547365903,17.41609001159668,11200,0.0,0.0,0.0
2011-08-30 00:00:00-04:00,17.34970175133681,17.540310609034474,17.257609702811273,17.51889419555664,75600,0.0,0.0,0.0
2011-08-31 00:00:00-04:00,17.668805964588984,17.83585623227399,17.643105294957763,17.6538143157959,24000,0.0,0.0,0.0
2011-09-01 00:00:00-04:00,17.531735470718534,17.531735470718534,17.343268833205077,17.3625431060791,9600,0.0,0.0,0.0
2011-09-02 00:00:00-04:00,17.086267471313477,17.086267471313477,17.086267471313477,17.086267471313477,2000,0.0,0.0,0.0
2011-09-06 00:00:00-04:00,16.364524520939998,16.67720858942998,16.364524520939998,16.623666763305664,15600,0.0,0.0,0.0
2011-09-07 00:00:00-04:00,17.04557530017535,17.351834616706356,17.04557530017535,17.294010162353516,15200,0.0,0.0,0.0
2011-09-08 00:00:00-04:00,17.195491265905403,17.424650192260742,17.195491265905403,17.424650192260742,6800,0.0,0.0,0.0
2011-09-09 00:00:00-04:00,16.974902978907878,16.99631938504583,16.57440948486328,16.57440948486328,12800,0.0,0.0,0.0
2011-09-12 00:00:00-04:00,16.44376894347887,16.737178802490234,16.4030766239314,16.737178802490234,24000,0.0,0.0,0.0
2011-09-13 00:00:00-04:00,16.822843100126622,16.919217737449372,16.75216749464091,16.824983596801758,13600,0.0,0.0,0.0
2011-09-14 00:00:00-04:00,16.951343115225647,17.38824462890625,16.951343115225647,17.38824462890625,17200,0.0,0.0,0.0
2011-09-15 00:00:00-04:00,17.435360258722906,17.435360258722906,17.27473478757914,17.398950576782227,11600,0.0,0.0,0.0
2011-09-16 00:00:00-04:00,17.501753434486215,17.636678256182513,17.46534538269043,17.46534538269043,56400,0.0,0.0,0.0
2011-09-19 00:00:00-04:00,17.12053504371992,17.401093693008562,17.12053504371992,17.390384674072266,37200,0.0,0.0,0.0
2011-09-20 00:00:00-04:00,17.45464108786033,17.508182931688122,17.249040603637695,17.249040603637695,42000,0.0,0.0,0.0
2011-09-21 00:00:00-04:00,17.20620599067913,17.216915012933615,16.869963279877457,16.977046966552734,15200,0.0,0.0,0.0
2011-09-22 00:00:00-04:00,16.182480965406267,16.300273636178712,15.914771835438764,16.077539443969727,131600,0.0,0.0,0.0
2011-09-23 00:00:00-04:00,15.996161965994478,16.270295948062167,15.996161965994478,16.22317886352539,60000,0.0,0.0,0.0
2011-09-26 00:00:00-04:00,16.436693195708155,16.59366226196289,16.08189769613827,16.59366226196289,20800,0.07575,0.0,0.0
2011-09-27 00:00:00-04:00,16.905453160197116,17.079624812554073,16.830192264978898,16.840944290161133,13600,0.0,0.0,0.0
2011-09-28 00:00:00-04:00,16.92910840220009,16.92910840220009,16.36573600769043,16.36573600769043,13200,0.0,0.0,0.0
2011-09-29 00:00:00-04:00,16.6603210766926,16.6603210766926,16.157156186054834,16.464645385742188,18400,0.0,0.0,0.0
2011-09-30 00:00:00-04:00,16.241014626787507,16.241014626787507,16.127050399780273,16.127050399780273,4800,0.0,0.0,0.0
2011-10-03 00:00:00-04:00,15.922784753292735,15.935685876477612,15.35941219329834,15.35941219329834,253200,0.0,0.0,0.0
2011-10-04 00:00:00-04:00,15.245443481386717,15.916327941155352,15.066970339885119,15.914178848266602,58000,0.0,0.0,0.0
2011-10-05 00:00:00-04:00,16.013089793323775,16.135655338452974,15.903425366462253,16.084049224853516,29200,0.0,0.0,0.0
2011-10-06 00:00:00-04:00,16.157152235782583,16.52054892125563,16.135649832497457,16.511947631835938,176000,0.0,0.0,0.0
2011-10-07 00:00:00-04:00,16.70763009409479,16.70763009409479,16.41304357481948,16.54421043395996,68000,0.0,0.0,0.0
2011-10-10 00:00:00-04:00,16.56356298430413,16.950613021850586,16.56356298430413,16.950613021850586,30400,0.0,0.0,0.0
2011-10-11 00:00:00-04:00,16.922649746204584,16.9721067525676,16.922649746204584,16.929101943969727,75600,0.0,0.0,0.0
2011-10-12 00:00:00-04:00,17.10113035665638,17.279603508007977,17.090379970032544,17.139835357666016,51600,0.0,0.0,0.0
2011-10-13 00:00:00-04:00,17.01511796698974,17.208642959594727,16.98716499493026,17.208642959594727,10000,0.0,0.0,0.0
2011-10-14 00:00:00-04:00,17.326899634668415,17.372055169259475,17.245188213527214,17.28819465637207,22400,0.0,0.0,0.0
2011-10-17 00:00:00-04:00,17.31615129418235,17.31615129418235,16.987159729003906,16.987159729003906,19600,0.0,0.0,0.0
2011-10-18 00:00:00-04:00,17.036625687704458,17.50323486328125,17.036625687704458,17.50323486328125,14000,0.0,0.0,0.0
2011-10-19 00:00:00-04:00,17.43442775435813,17.43442775435813,17.225850844860446,17.243053436279297,7600,0.0,0.0,0.0
2011-10-20 00:00:00-04:00,17.163484762169716,17.1763858795166,16.96995979932317,17.1763858795166,10000,0.0,0.0,0.0
2011-10-21 00:00:00-04:00,17.483877074478045,17.741910934448242,17.483877074478045,17.741910934448242,9200,0.0,0.0,0.0
2011-10-24 00:00:00-04:00,17.88167923080824,18.184867009348547,17.88167923080824,18.176265716552734,126000,0.0,0.0,0.0
2011-10-25 00:00:00-04:00,17.967685571908532,18.0558475764484,17.834369659423828,17.834369659423828,14800,0.0,0.0,0.0
2011-10-26 00:00:00-04:00,18.02575112326298,18.128963378253573,17.82362479982335,18.122512817382812,19600,0.0,0.0,0.0
2011-10-27 00:00:00-04:00,18.606321857869677,18.79769612495297,18.49450832450094,18.655778884887695,19200,0.0,0.0,0.0
2011-10-28 00:00:00-04:00,18.703089127509276,18.743943229207083,18.623528376995747,18.728891372680664,73600,0.0,0.0,0.0
2011-10-31 00:00:00-04:00,18.492356649998552,18.522460355163215,18.27947998046875,18.27947998046875,72800,0.0,0.0,0.0
2011-11-01 00:00:00-04:00,17.70750564949972,17.965539507807627,17.70750564949972,17.76556396484375,154000,0.0,0.0,0.0
2011-11-02 00:00:00-04:00,18.032199416077265,18.120359804437697,17.931136267068986,18.096708297729492,153200,0.0,0.0,0.0
2011-11-03 00:00:00-04:00,18.251530114493537,18.294536590576172,18.238628991933407,18.294536590576172,6800,0.0,0.0,0.0
2011-11-04 00:00:00-04:00,18.30527927785698,18.496653504454677,18.189164302079394,18.41494369506836,52400,0.0,0.0,0.0
2011-11-07 00:00:00-05:00,18.50525726321127,18.50525726321127,18.163364489391505,18.43429946899414,24000,0.0,0.0,0.0
2011-11-08 00:00:00-05:00,18.59771588204979,18.59771588204979,18.367636672780247,18.382688522338867,30400,0.0,0.0,0.0
2011-11-09 00:00:00-05:00,18.197770447924565,18.251527304354067,17.89888245741886,17.918235778808594,66800,0.0,0.0,0.0
2011-11-10 00:00:00-05:00,18.137554606360506,18.137554606360506,17.952630974897247,18.01283836364746,14800,0.0,0.0,0.0
2011-11-11 00:00:00-05:00,18.22572418448303,18.453652719785616,18.22572418448303,18.39774513244629,15600,0.0,0.0,0.0
2011-11-14 00:00:00-05:00,18.367640922096534,18.367640922096534,18.176266658922053,18.19131851196289,14400,0.0,0.0,0.0
2011-11-15 00:00:00-05:00,18.144013694300156,18.423550005529066,18.101008865124513,18.352590560913086,66000,0.0,0.0,0.0
2011-11-16 00:00:00-05:00,18.146159901911894,18.423545410337947,18.144009168830824,18.193466186523438,321600,0.0,0.0,0.0
2011-11-17 00:00:00-05:00,18.051553366667243,18.081657077750133,17.640851799448225,17.724712371826172,176400,0.0,0.0,0.0
2011-11-18 00:00:00-05:00,17.707509690335257,17.817174146154652,17.63440114680846,17.71826171875,130800,0.0,0.0,0.0
2011-11-21 00:00:00-05:00,17.40646217349437,17.490322703198178,17.264544984968065,17.41936492919922,88400,0.0,0.0,0.0
2011-11-22 00:00:00-05:00,17.412916817044028,17.44086978402816,17.245194093553405,17.331205368041992,30800,0.0,0.0,0.0
2011-11-23 00:00:00-05:00,17.124789007688264,17.124789007688264,16.899009489147502,16.91621208190918,35600,0.0,0.0,0.0
2011-11-25 00:00:00-05:00,16.843100931060288,17.040925795782723,16.82589834094635,17.028024673461914,12400,0.0,0.0,0.0
2011-11-28 00:00:00-05:00,17.391415210930212,17.483877056900695,17.3484103879095,17.380664825439453,12400,0.0,0.0,0.0
2011-11-29 00:00:00-05:00,17.488178346914918,17.578489458663704,17.417218913171375,17.49462890625,21600,0.0,0.0,0.0
2011-11-30 00:00:00-05:00,18.051549390135165,18.236473083496094,17.961238276780904,18.236473083496094,380400,0.0,0.0,0.0
2011-12-01 00:00:00-05:00,18.171961952592753,18.277324895584023,18.169811219727645,18.230018615722656,56000,0.0,0.0,0.0
2011-12-02 00:00:00-05:00,18.37409141372257,18.475154558277055,18.28162956237793,18.28162956237793,95200,0.0,0.0,0.0
2011-12-05 00:00:00-05:00,18.535360247000188,18.61492097139784,18.356888761207337,18.37194061279297,135200,0.0,0.0,0.0
2011-12-06 00:00:00-05:00,18.423542309047487,18.470848585695823,18.30742735014568,18.442893981933594,108800,0.0,0.0,0.0
2011-12-07 00:00:00-05:00,18.16551749811971,18.35904086726202,18.141864350241594,18.30313491821289,53600,0.0,0.0,0.0
2011-12-08 00:00:00-05:00,18.232167154698445,18.24506826927969,17.956932440109867,18.01283836364746,140400,0.0,0.0,0.0
2011-12-09 00:00:00-05:00,18.1311105474937,18.27947998046875,18.08380425636955,18.27947998046875,20000,0.0,0.0,0.0
2011-12-12 00:00:00-05:00,18.092407300382007,18.098857860608895,17.885981170476306,18.00209617614746,53200,0.0,0.0,0.0
2011-12-13 00:00:00-05:00,18.180569335523327,18.180569335523327,17.67095375061035,17.67095375061035,53600,0.0,0.0,0.0
2011-12-14 00:00:00-05:00,17.617195100531628,17.662350658060095,17.475276227845967,17.52043342590332,47600,0.0,0.0,0.0
2011-12-15 00:00:00-05:00,17.735459469802265,17.735459469802265,17.615043018417502,17.666650772094727,79600,0.0,0.0,0.0
2011-12-16 00:00:00-05:00,17.73330952748916,17.926834511087883,17.67310211937596,17.76556396484375,32800,0.0,0.0,0.0
2011-12-19 00:00:00-05:00,17.86447813902845,17.86447813902845,17.46882683998136,17.48818016052246,64800,0.0,0.0,0.0
2011-12-20 00:00:00-05:00,17.89458066838218,18.14616233515633,17.89458066838218,18.13541030883789,33600,0.0,0.0,0.0
2011-12-21 00:00:00-05:00,18.109608893999606,18.109608893999606,17.946187601595792,18.047250747680664,50000,0.0,0.0,0.0
2011-12-22 00:00:00-05:00,18.31650255309176,18.392074258932162,18.279796531303514,18.36616325378418,32000,0.08675,0.0,0.0
2011-12-23 00:00:00-05:00,18.47844511563341,18.506514139483272,18.443897104119866,18.50435447692871,19600,0.0,0.0,0.0
2011-12-27 00:00:00-05:00,18.480602383662887,18.590722106735264,18.480602383662887,18.541061401367188,26800,0.0,0.0,0.0
2011-12-28 00:00:00-05:00,18.515148075305603,18.51946575235964,18.234451293945312,18.234451293945312,37200,0.0,0.0,0.0
2011-12-29 00:00:00-05:00,18.301391121131314,18.46333122253418,18.290594455435162,18.46333122253418,60000,0.0,0.0,0.0
2011-12-30 00:00:00-05:00,18.45684934411507,18.497873039526276,18.385595321655273,18.385595321655273,116400,0.0,0.0,0.0
2012-01-03 00:00:00-05:00,18.77209643801033,18.83255381021973,18.67493139209679,18.679250717163086,57200,0.0,0.0,0.0
2012-01-04 00:00:00-05:00,18.56049003409101,18.620947393421485,18.543216032185306,18.605833053588867,145600,0.0,0.0,0.0
2012-01-05 00:00:00-05:00,18.428777468870557,18.72026923111629,18.428777468870557,18.677085876464844,40800,0.0,0.0,0.0
2012-01-06 00:00:00-05:00,18.69220021532679,18.776408910034682,18.631742859879008,18.677085876464844,12400,0.0,0.0,0.0
2012-01-09 00:00:00-05:00,18.74834826528629,18.7742576307098,18.6598202071823,18.761302947998047,99600,0.0,0.0,0.0
2012-01-10 00:00:00-05:00,18.981538308857733,19.018244333449356,18.95130797687313,19.016084671020508,22400,0.0,0.0,0.0
2012-01-11 00:00:00-05:00,18.975058301888215,19.04631233215332,18.975058301888215,19.04631233215332,36400,0.0,0.0,0.0
2012-01-12 00:00:00-05:00,19.0916569216752,19.145636952542187,18.985856522431046,19.141319274902344,70800,0.0,0.0,0.0
2012-01-13 00:00:00-05:00,18.985858357988917,19.018246709108386,18.88437562657323,18.98154067993164,32000,0.0,0.0,0.0
2012-01-17 00:00:00-05:00,19.188815984235685,19.25143299820363,19.013919618553047,19.041990280151367,48000,0.0,0.0,0.0
2012-01-18 00:00:00-05:00,19.12188365511753,19.365874424026018,19.067903629761087,19.361555099487305,24800,0.0,0.0,0.0
2012-01-19 00:00:00-05:00,19.432811436557785,19.571000186097233,19.432811436557785,19.54724884033203,8400,0.0,0.0,0.0
2012-01-20 00:00:00-05:00,19.514855575568447,19.514855575568447,19.411214863193226,19.424169540405273,180400,0.0,0.0,0.0
2012-01-23 00:00:00-05:00,19.491110123425585,19.60770719557251,19.38746937974382,19.497589111328125,32400,0.0,0.0,0.0
2012-01-24 00:00:00-05:00,19.38962270419771,19.5882687707699,19.38962270419771,19.56667709350586,26800,0.0,0.0,0.0
2012-01-25 00:00:00-05:00,19.61202529323516,19.81498908996582,19.52349725151427,19.81498908996582,25200,0.0,0.0,0.0
2012-01-26 00:00:00-05:00,19.98125410551133,19.98125410551133,19.68112518032984,19.722148895263672,75600,0.0,0.0,0.0
2012-01-27 00:00:00-05:00,19.66384886348661,19.814992316229134,19.66384886348661,19.797719955444336,120000,0.0,0.0,0.0
2012-01-30 00:00:00-05:00,19.650889003074376,19.719983370027535,19.581794636121217,19.65520668029785,40800,0.0,0.0,0.0
2012-01-31 00:00:00-05:00,19.83658404803649,19.856016070102573,19.59475289583885,19.68328094482422,41600,0.0,0.0,0.0
2012-02-01 00:00:00-05:00,19.86896999190464,20.02875207703721,19.86896999190464,19.972612380981445,36000,0.0,0.0,0.0
2012-02-02 00:00:00-05:00,19.981244548725126,20.02658756817989,19.979084886654093,20.002836227416992,41200,0.0,0.0,0.0
2012-02-03 00:00:00-05:00,20.2554660841463,20.35263112728936,20.20580537867878,20.33751678466797,22800,0.0,0.0,0.0
2012-02-06 00:00:00-05:00,20.248992723342027,20.305132427256655,20.233878377750408,20.29001808166504,20000,0.0,0.0,0.0
2012-02-07 00:00:00-05:00,20.223082139645427,20.37422558645622,20.223082139645427,20.361270904541016,8800,0.0,0.0,0.0
2012-02-08 00:00:00-05:00,20.460591592338343,20.460591592338343,20.2900144951899,20.395814895629883,12400,0.0,0.0,0.0
2012-02-09 00:00:00-05:00,20.475706321830312,20.475706321830312,20.296492218581275,20.447635650634766,39200,0.0,0.0,0.0
2012-02-10 00:00:00-05:00,20.229563102446193,20.307294502534273,20.229563102446193,20.268428802490234,33200,0.0,0.0,0.0
2012-02-13 00:00:00-05:00,20.454116195300195,20.456274210679616,20.302971104401436,20.408771514892578,32400,0.0,0.0,0.0
2012-02-14 00:00:00-05:00,20.34183483270789,20.397974526612455,20.27490012092849,20.38286018371582,23600,0.0,0.0,0.0
2012-02-15 00:00:00-05:00,20.43252050203827,20.501614875016344,20.296491418552,20.331039428710938,8400,0.0,0.0,0.0
2012-02-16 00:00:00-05:00,20.335354176835924,20.594457626342773,20.335354176835924,20.594457626342773,12800,0.0,0.0,0.0
2012-02-17 00:00:00-05:00,20.713218448807464,20.713218448807464,20.538323668021686,20.600940704345703,58000,0.0,0.0,0.0
2012-02-21 00:00:00-05:00,20.63765194949665,20.63765194949665,20.408775430190545,20.469234466552734,18800,0.0,0.0,0.0
2012-02-22 00:00:00-05:00,20.423879242743578,20.512407264819945,20.37421854766516,20.378536224365234,25200,0.0,0.0,0.0
2012-02-23 00:00:00-05:00,20.391500546735003,20.56423568725586,20.33320118071239,20.56423568725586,78800,0.0,0.0,0.0
2012-02-24 00:00:00-05:00,20.598778793432025,20.639802494081206,20.56855010986328,20.56855010986328,48400,0.0,0.0,0.0
2012-02-27 00:00:00-05:00,20.430364650327594,20.607419102791358,20.38070229230021,20.583667755126953,23600,0.0,0.0,0.0
2012-02-28 00:00:00-05:00,20.54695446619489,20.6074118216741,20.495132463778948,20.501609802246094,11600,0.0,0.0,0.0
2012-02-29 00:00:00-05:00,20.633327596259672,20.633327596259672,20.426044464111328,20.426044464111328,14800,0.0,0.0,0.0
2012-03-01 00:00:00-05:00,20.49082122682373,20.631169644629765,20.49082122682373,20.585824966430664,12000,0.0,0.0,0.0
2012-03-02 00:00:00-05:00,20.566395854038834,20.566395854038834,20.380704379107545,20.40229606628418,18400,0.0,0.0,0.0
2012-03-05 00:00:00-05:00,20.34615122517804,20.34615122517804,20.236031515751694,20.28569221496582,22000,0.0,0.0,0.0
2012-03-06 00:00:00-05:00,19.996360914592948,20.048181278171807,19.901355541915326,19.935903549194336,38800,0.0,0.0,0.0
2012-03-07 00:00:00-05:00,19.979086964822784,20.10863869778907,19.96829194802373,20.08272933959961,9600,0.0,0.0,0.0
2012-03-08 00:00:00-05:00,20.26626089774667,20.389335289945958,20.18636986699499,20.35694694519043,19200,0.0,0.0,0.0
2012-03-09 00:00:00-05:00,20.408763895033776,20.598774607239136,20.408763895033776,20.529680252075195,24800,0.0,0.0,0.0
2012-03-12 00:00:00-04:00,20.555596877365566,20.587985228161763,20.45195613162568,20.484344482421875,8000,0.0,0.0,0.0
2012-03-13 00:00:00-04:00,20.64412194965377,20.87515640258789,20.62037060565066,20.87515640258789,33600,0.0,0.0,0.0
2012-03-14 00:00:00-04:00,20.86004190577273,20.922658935194058,20.79958453870102,20.801742553710938,12000,0.0,0.0,0.0
2012-03-15 00:00:00-04:00,20.823336222859417,20.978798967778772,20.81253955827457,20.961524963378906,17600,0.0,0.0,0.0
2012-03-16 00:00:00-04:00,21.006870238878577,21.02630226040445,20.978801214227904,20.993915557861328,10800,0.0,0.0,0.0
2012-03-19 00:00:00-04:00,20.993908312263546,21.138574358160778,20.935608973126886,21.03925132751465,100000,0.0,0.0,0.0
2012-03-20 00:00:00-04:00,20.868679062830626,20.90970276373987,20.823336037190067,20.87515640258789,86400,0.0,0.0,0.0
2012-03-21 00:00:00-04:00,20.83629122743619,20.92049994102414,20.79958520301883,20.860042572021484,77200,0.0,0.0,0.0
2012-03-22 00:00:00-04:00,20.68730647476471,20.71321748258869,20.56855139541938,20.65707778930664,15200,0.0,0.0,0.0
2012-03-23 00:00:00-04:00,20.693784891303437,20.780153274536133,20.693784891303437,20.780153274536133,9200,0.0,0.0,0.0
2012-03-26 00:00:00-04:00,20.967454734020958,21.03241539001465,20.941469480387408,21.03241539001465,26400,0.06875,0.0,0.0
2012-03-27 00:00:00-04:00,21.047579006312137,21.06490251364383,20.98261833190918,20.98261833190918,71600,0.0,0.0,0.0
2012-03-28 00:00:00-04:00,20.94147557675844,20.94147557675844,20.72277083817324,20.81804847717285,8400,0.0,0.0,0.0
2012-03-29 00:00:00-04:00,20.692454634856745,20.815881729125977,20.616666358035378,20.815881729125977,12000,0.0,0.0,0.0
2012-03-30 00:00:00-04:00,20.95880015909155,20.993445523738714,20.818049544822106,20.88084602355957,21600,0.0,0.0,0.0
2012-04-02 00:00:00-04:00,20.846191869124517,21.11686539924853,20.846191869124517,21.03241539001465,28800,0.0,0.0,0.0
2012-04-03 00:00:00-04:00,20.973950329633567,21.036746785957032,20.865680919157267,20.976116180419922,308800,0.0,0.0,0.0
2012-04-04 00:00:00-04:00,20.774736858788856,20.802886313274985,20.666467438681863,20.716270446777344,147200,0.0,0.0,0.0
2012-04-05 00:00:00-04:00,20.63399411881137,20.722774217945524,20.569031781251066,20.616670608520508,70800,0.0,0.0,0.0
2012-04-09 00:00:00-04:00,20.326500580844915,20.361145934597495,20.25071066864457,20.328664779663086,24400,0.0,0.0,0.0
2012-04-10 00:00:00-04:00,20.291860155588385,20.31567956679413,19.897759422994245,19.915082931518555,21200,0.0,0.0,0.0
2012-04-11 00:00:00-04:00,20.13594620752199,20.21173447087846,20.114292654000174,20.15543556213379,39600,0.0,0.0,0.0
2012-04-12 00:00:00-04:00,20.1619280928916,20.519217448490995,20.1619280928916,20.486736297607422,16400,0.0,0.0,0.0
2012-04-13 00:00:00-04:00,20.415284664771086,20.430442319785794,20.263708114624023,20.263708114624023,32800,0.0,0.0,0.0
2012-04-16 00:00:00-04:00,20.389301658320043,20.389301658320043,20.187920434583013,20.250715255737305,216000,0.0,0.0,0.0
2012-04-17 00:00:00-04:00,20.397961450369884,20.638319734800387,20.397961450369884,20.57985496520996,77600,0.0,0.0,0.0
2012-04-18 00:00:00-04:00,20.452090832775713,20.5452025912059,20.452090832775713,20.49106788635254,44000,0.0,0.0,0.0
2012-04-19 00:00:00-04:00,20.525717513738545,20.53437926586931,20.35248577524386,20.432605743408203,22800,0.0,0.0,0.0
2012-04-20 00:00:00-04:00,20.530046803884545,20.571189711967758,20.47591209411621,20.47591209411621,25200,0.0,0.0,0.0
2012-04-23 00:00:00-04:00,20.213900215853577,20.291854329771535,20.090473144160182,20.285358428955078,256000,0.0,0.0,0.0
2012-04-24 00:00:00-04:00,20.382804211110464,20.400127718031726,20.289692426484365,20.330835342407227,104000,0.0,0.0,0.0
2012-04-25 00:00:00-04:00,20.610172286003454,20.6664728618099,20.538714053486892,20.659976959228516,20400,0.0,0.0,0.0
2012-04-26 00:00:00-04:00,20.761744763482422,20.870014190673828,20.720603504550727,20.870014190673828,9600,0.0,0.0,0.0
2012-04-27 00:00:00-04:00,20.939311496877203,20.954469154176767,20.80938848401509,20.947973251342773,21600,0.0,0.0,0.0
2012-04-30 00:00:00-04:00,20.937145569707535,20.937145569707535,20.792063259456377,20.833206176757812,48000,0.0,0.0,0.0
2012-05-01 00:00:00-04:00,20.8786793781376,21.116871826734968,20.785567589351466,20.958799362182617,18400,0.0,0.0,0.0
2012-05-02 00:00:00-04:00,20.893829907870305,20.978279914004542,20.893829907870305,20.950130462646484,24800,0.0,0.0,0.0
2012-05-03 00:00:00-04:00,20.969614587946833,20.969614587946833,20.720596313476562,20.720596313476562,7200,0.0,0.0,0.0
2012-05-04 00:00:00-04:00,20.64265205495435,20.64265205495435,20.42178146976027,20.44127082824707,10400,0.0,0.0,0.0
2012-05-07 00:00:00-04:00,20.39363307626161,20.517060179597344,20.39363307626161,20.50406837463379,236000,0.0,0.0,0.0
2012-05-08 00:00:00-04:00,20.354649619898943,20.354649619898943,20.064488386391375,20.1575984954834,26000,0.0,0.0,0.0
2012-05-09 00:00:00-04:00,20.142447360134636,20.341664399834027,20.094810190790245,20.304851531982422,13600,0.0,0.0,0.0
2012-05-10 00:00:00-04:00,20.44343514342345,20.44343514342345,20.27236924094102,20.352487564086914,6800,0.0,0.0,0.0
2012-05-11 00:00:00-04:00,20.404458801992167,20.439104162723464,20.28969181116472,20.294023513793945,12800,0.0,0.0,0.0
2012-05-14 00:00:00-04:00,20.10347057411645,20.161937001953746,20.040675747270004,20.045005798339844,75600,0.0,0.0,0.0
2012-05-15 00:00:00-04:00,20.012515092015338,20.081807440522027,19.86093859592568,19.88475799560547,26400,0.0,0.0,0.0
2012-05-16 00:00:00-04:00,19.969215458454414,20.053665488138506,19.770000088536072,19.774330139160156,14400,0.0,0.0,0.0
2012-05-17 00:00:00-04:00,19.707200613614745,19.707200613614745,19.289280579490327,19.291444778442383,122800,0.0,0.0,0.0
2012-05-18 00:00:00-04:00,19.315266714845635,19.354243777874473,19.018609517627713,19.027271270751953,51200,0.0,0.0,0.0
2012-05-21 00:00:00-04:00,19.098730480239325,19.510154724121094,19.098730480239325,19.510154724121094,23200,0.0,0.0,0.0
2012-05-22 00:00:00-04:00,19.570779746980012,19.67255326601876,19.430030822753906,19.430030822753906,62400,0.0,0.0,0.0
2012-05-23 00:00:00-04:00,19.35208316435263,19.410547943698482,19.28062492688264,19.336925506591797,20000,0.0,0.0,0.0
2012-05-24 00:00:00-04:00,19.687709695414014,19.720190849778817,19.544794929093076,19.692041397094727,22800,0.0,0.0,0.0
2012-05-25 00:00:00-04:00,19.72236010637437,19.741847811122405,19.681217193603516,19.681217193603516,21200,0.0,0.0,0.0
2012-05-29 00:00:00-04:00,19.84145614166165,19.94322967529297,19.800314879600407,19.94322967529297,23200,0.0,0.0,0.0
2012-05-30 00:00:00-04:00,19.614089458682443,19.62275121094257,19.572946548461914,19.572946548461914,4000,0.0,0.0,0.0
2012-05-31 00:00:00-04:00,19.44518847545796,19.462510327076707,19.323925601765293,19.430030822753906,14400,0.0,0.0,0.0
2012-06-01 00:00:00-04:00,19.06624327080339,19.133369774615428,18.910335060088943,18.918996810913086,28800,0.0,0.0,0.0
2012-06-04 00:00:00-04:00,18.938487590855672,18.938487590855672,18.62234106863538,18.80206871032715,24400,0.0,0.0,0.0
2012-06-05 00:00:00-04:00,18.71977793118534,19.064075469970703,18.71977793118534,19.064075469970703,298800,0.0,0.0,0.0
2012-06-06 00:00:00-04:00,19.232985152145545,19.494997024536133,19.232985152145545,19.494997024536133,57200,0.0,0.0,0.0
2012-06-07 00:00:00-04:00,19.73318782236649,19.884766031774408,19.410545349121094,19.410545349121094,17600,0.0,0.0,0.0
2012-06-08 00:00:00-04:00,19.397551998946536,19.536136740922906,19.367236689892984,19.53180503845215,6800,0.0,0.0,0.0
2012-06-11 00:00:00-04:00,19.533974341442622,19.55346370188403,19.219993591308594,19.219993591308594,58400,0.0,0.0,0.0
2012-06-12 00:00:00-04:00,19.31093523819546,19.4040470123291,19.27412402918132,19.4040470123291,23200,0.0,0.0,0.0
2012-06-13 00:00:00-04:00,19.378065075221713,19.436531501495416,19.187511444091797,19.187511444091797,54400,0.0,0.0,0.0
2012-06-14 00:00:00-04:00,19.24597581493147,19.406215781903388,19.24597581493147,19.401884078979492,15200,0.0,0.0,0.0
2012-06-15 00:00:00-04:00,19.430030238572062,19.568614959716797,19.430030238572062,19.568614959716797,39600,0.0,0.0,0.0
2012-06-18 00:00:00-04:00,19.47983593946122,19.683382999572824,19.46684413632573,19.666059494018555,14800,0.0,0.0,0.0
2012-06-19 00:00:00-04:00,19.907928612494093,19.962256547435306,19.89054327540323,19.92531394958496,24000,0.08075,0.0,0.0
2012-06-20 00:00:00-04:00,19.879675726142068,19.91444473719501,19.807962464777138,19.842731475830078,10400,0.0,0.0,0.0
2012-06-21 00:00:00-04:00,19.773193661884406,19.773193661884406,19.334224700927734,19.334224700927734,41600,0.0,0.0,0.0
2012-06-22 00:00:00-04:00,19.39942391244769,19.468963623046875,19.362481303870073,19.468963623046875,50000,0.0,0.0,0.0
2012-06-25 00:00:00-04:00,19.240782379267003,19.24295596097638,19.082144073623724,19.116914749145508,16400,0.0,0.0,0.0
2012-06-26 00:00:00-04:00,19.14298896125821,19.212530304540188,19.09735369819707,19.190797805786133,12400,0.0,0.0,0.0
2012-06-27 00:00:00-04:00,19.22774533533249,19.368996653562043,19.22774533533249,19.342920303344727,10400,0.0,0.0,0.0
2012-06-28 00:00:00-04:00,19.21904883755945,19.388551712036133,19.184278166919704,19.388551712036133,37600,0.0,0.0,0.0
2012-06-29 00:00:00-04:00,19.827517934398863,19.923135607595082,19.805787097206068,19.905750274658203,24400,0.0,0.0,0.0
2012-07-02 00:00:00-04:00,20.02310361143176,20.025277193061946,19.857946224634972,19.9600830078125,121600,0.0,0.0,0.0
2012-07-03 00:00:00-04:00,20.027450892717198,20.17956844858635,20.027450892717198,20.17739486694336,4000,0.0,0.0,0.0
2012-07-05 00:00:00-04:00,20.131761187837668,20.214339059256563,20.131761187837668,20.181743621826172,118000,0.0,0.0,0.0
2012-07-06 00:00:00-04:00,19.88836661589048,19.914444617491,19.83403868935696,19.899232864379883,21200,0.0,0.0,0.0
2012-07-09 00:00:00-04:00,19.788402789300136,19.807961704356416,19.76449836976284,19.794921875,8800,0.0,0.0,0.0
2012-07-10 00:00:00-04:00,19.927480697473577,19.927480697473577,19.54283974749397,19.562397003173828,30800,0.0,0.0,0.0
2012-07-11 00:00:00-04:00,19.5754419068988,19.588480080732438,19.49503596635837,19.577613830566406,33200,0.0,0.0,0.0
2012-07-12 00:00:00-04:00,19.399419063058954,19.4993839263916,19.290763188786745,19.4993839263916,20400,0.0,0.0,0.0
2012-07-13 00:00:00-04:00,19.54936217404216,19.760154808165932,19.54936217404216,19.74928855895996,180400,0.0,0.0,0.0
2012-07-16 00:00:00-04:00,19.60803845337888,19.694961820458417,19.605864871814806,19.655845642089844,46800,0.0,0.0,0.0
2012-07-17 00:00:00-04:00,19.77970859892331,19.818824768066406,19.55805141241681,19.818824768066406,10000,0.0,0.0,0.0
2012-07-18 00:00:00-04:00,19.74494536454272,20.036142308220963,19.72321452154475,20.001373291015625,24800,0.0,0.0,0.0
2012-07-19 00:00:00-04:00,20.055698587868758,20.138276443575403,20.03613967117489,20.107852935791016,43600,0.0,0.0,0.0
2012-07-20 00:00:00-04:00,19.98181336871334,19.98181336871334,19.864466490823418,19.873157501220703,14800,0.0,0.0,0.0
2012-07-23 00:00:00-04:00,19.560227542342616,19.677576065063477,19.501552452003796,19.677576065063477,90000,0.0,0.0,0.0
2012-07-24 00:00:00-04:00,19.662365598720033,19.662365598720033,19.36464793873851,19.373340606689453,68000,0.0,0.0,0.0
2012-07-25 00:00:00-04:00,19.453745453244345,19.551536727087267,19.382033841974526,19.449399948120117,36400,0.0,0.0,0.0
2012-07-26 00:00:00-04:00,19.618906295687058,19.734081268310547,19.577616528913648,19.734081268310547,6000,0.0,0.0,0.0
2012-07-27 00:00:00-04:00,19.86229121681621,20.205644126746144,19.86229121681621,20.19912338256836,52800,0.0,0.0,0.0
2012-07-30 00:00:00-04:00,20.136107543356108,20.192607404606072,20.040489842845282,20.105682373046875,62000,0.0,0.0,0.0
2012-07-31 00:00:00-04:00,20.044836552213837,20.12089533766224,19.979644018096852,20.012239456176758,155600,0.0,0.0,0.0
2012-08-01 00:00:00-04:00,19.981817260378854,19.988338006382243,19.849256943583786,19.901412963867188,28000,0.0,0.0,0.0
2012-08-02 00:00:00-04:00,19.7818826896377,19.7818826896377,19.560225497420394,19.660188674926758,18000,0.0,0.0,0.0
2012-08-03 00:00:00-04:00,20.0709157374394,20.116551011384143,19.98833785953328,20.112205505371094,44400,0.0,0.0,0.0
2012-08-06 00:00:00-04:00,20.14045636004366,20.227381405893762,20.14045636004366,20.212169647216797,19200,0.0,0.0,0.0
2012-08-07 00:00:00-04:00,20.370799055322728,20.462071232781973,20.36862713197035,20.390357971191406,15600,0.0,0.0,0.0
2012-08-08 00:00:00-04:00,20.32298538571713,20.41208396069828,20.30994721687359,20.38166046142578,71600,0.0,0.0,0.0
2012-08-09 00:00:00-04:00,20.3621054758199,20.46641582054732,20.3621054758199,20.444684982299805,3200,0.0,0.0,0.0
2012-08-10 00:00:00-04:00,20.366456480246534,20.47945785522461,20.351244724808005,20.47945785522461,499200,0.0,0.0,0.0
2012-08-13 00:00:00-04:00,20.449036526269197,20.479460040392457,20.32734246977615,20.440343856811523,38400,0.0,0.0,0.0
2012-08-14 00:00:00-04:00,20.531609760237696,20.551167017051505,20.43816566467285,20.43816566467285,24800,0.0,0.0,0.0
2012-08-15 00:00:00-04:00,20.418610893943566,20.507709503173828,20.418610893943566,20.507709503173828,11200,0.0,0.0,0.0
2012-08-16 00:00:00-04:00,20.542477703528686,20.705461502075195,20.542477703528686,20.705461502075195,9600,0.0,0.0,0.0
2012-08-17 00:00:00-04:00,20.720670765245945,20.74892234802246,20.681554591980316,20.74892234802246,12400,0.0,0.0,0.0
2012-08-20 00:00:00-04:00,20.714156690965197,20.714156690965197,20.596808142776883,20.65548324584961,32400,0.0,0.0,0.0
2012-08-21 00:00:00-04:00,20.759789052585006,20.80759789788458,20.601152420043945,20.601152420043945,124800,0.0,0.0,0.0
2012-08-22 00:00:00-04:00,20.55986107226918,20.616362581252435,20.518571316709476,20.596803665161133,21600,0.0,0.0,0.0
2012-08-23 00:00:00-04:00,20.516406127080835,20.522925215265325,20.422961994536056,20.45121192932129,66800,0.0,0.0,0.0
2012-08-24 00:00:00-04:00,20.407742784026905,20.598976485422764,20.407742784026905,20.548994064331055,66400,0.0,0.0,0.0
2012-08-27 00:00:00-04:00,20.65330609563024,20.655479677061088,20.516400308709922,20.542476654052734,17600,0.0,0.0,0.0
2012-08-28 00:00:00-04:00,20.45338313610359,20.55117276342921,20.45338313610359,20.51857566833496,14000,0.0,0.0,0.0
2012-08-29 00:00:00-04:00,20.52943774998306,20.596803850327756,20.457724486931543,20.568553924560547,42000,0.0,0.0,0.0
2012-08-30 00:00:00-04:00,20.455550488854573,20.455550488854573,20.388184389882273,20.390357971191406,31600,0.0,0.0,0.0
2012-08-31 00:00:00-04:00,20.47076585240553,20.53813362121582,20.468593928670106,20.53813362121582,12800,0.0,0.0,0.0
2012-09-04 00:00:00-04:00,20.553343197417966,20.605497546806895,20.368628564116317,20.577247619628906,14000,0.0,0.0,0.0
2012-09-05 00:00:00-04:00,20.581591151307673,20.58376473256124,20.49466613868893,20.548994064331055,14800,0.0,0.0,0.0
2012-09-06 00:00:00-04:00,20.655483564914203,20.994489381834516,20.655483564914203,20.959718704223633,8000,0.0,0.0,0.0
2012-09-07 00:00:00-04:00,21.022735556352163,21.10531507193929,21.022735556352163,21.068370819091797,10000,0.0,0.0,0.0
2012-09-10 00:00:00-04:00,21.085756569372823,21.094449237392745,20.966236114501953,20.966236114501953,10400,0.0,0.0,0.0
2012-09-11 00:00:00-04:00,20.970581162560805,21.04446635218473,20.951023903409837,21.033601760864258,20400,0.0,0.0,0.0
2012-09-12 00:00:00-04:00,21.124871365174045,21.127044946526123,21.057505264870716,21.087928771972656,10400,0.0,0.0,0.0
2012-09-13 00:00:00-04:00,21.035775356003334,21.376954693277295,21.035775356003334,21.307415008544922,24000,0.0,0.0,0.0
2012-09-14 00:00:00-04:00,21.396511040542297,21.592091913628146,21.396511040542297,21.44214630126953,44400,0.0,0.0,0.0
2012-09-17 00:00:00-04:00,21.389996405939122,21.403034580872642,21.272647857666016,21.272647857666016,14000,0.0,0.0,0.0
2012-09-18 00:00:00-04:00,21.23570022723944,21.23570022723944,21.170506052098187,21.211795806884766,14800,0.0,0.0,0.0
2012-09-19 00:00:00-04:00,21.240044221283032,21.316102981567383,21.240044221283032,21.316102981567383,17200,0.0,0.0,0.0
2012-09-20 00:00:00-04:00,21.14660570914421,21.179202803000074,21.079239597677276,21.172683715820312,14400,0.0,0.0,0.0
2012-09-21 00:00:00-04:00,21.305241442757406,21.318279615542792,21.18789291381836,21.18789291381836,13600,0.0,0.0,0.0
2012-09-24 00:00:00-04:00,21.068369523163433,21.120525527049324,21.06185043716689,21.098793029785156,8400,0.0,0.0,0.0
2012-09-25 00:00:00-04:00,21.16854396897813,21.16854396897813,20.78056885713874,20.789287567138672,65600,0.0725,0.0,0.0
2012-09-26 00:00:00-04:00,20.78056904284919,20.78056904284919,20.595301026735683,20.649791717529297,10800,0.0,0.0,0.0
2012-09-27 00:00:00-04:00,20.741332393482363,20.889545440673828,20.675942914960878,20.889545440673828,22000,0.0,0.0,0.0
2012-09-28 00:00:00-04:00,20.715176805085655,20.85467281080958,20.715176805085655,20.811080932617188,10400,0.0,0.0,0.0
2012-10-01 00:00:00-04:00,20.909169011910354,20.937503573925923,20.78711039039837,20.817625045776367,25600,0.0,0.0,0.0
2012-10-02 00:00:00-04:00,20.86121683912473,20.887372970581055,20.815444856269153,20.887372970581055,24800,0.0,0.0,0.0
2012-10-03 00:00:00-04:00,20.937502584571742,20.98763475199471,20.86557613625033,20.91788673400879,9200,0.0,0.0,0.0
2012-10-04 00:00:00-04:00,21.015971157035647,21.120594024658203,21.015971157035647,21.120594024658203,5200,0.0,0.0,0.0
2012-10-05 00:00:00-04:00,21.25790987373584,21.30586195186928,21.188161849975586,21.188161849975586,5600,0.0,0.0,0.0
2012-10-08 00:00:00-04:00,20.968021631456235,21.11405797780196,20.968021631456235,21.094440460205078,120800,0.0,0.0,0.0
2012-10-09 00:00:00-04:00,21.0377637913678,21.0791772457929,20.8764718228064,20.904808044433594,6000,0.0,0.0,0.0
2012-10-10 00:00:00-04:00,20.8001871309203,20.8001871309203,20.69556427001953,20.69556427001953,8800,0.0,0.0,0.0
2012-10-11 00:00:00-04:00,20.93532660004195,20.93532660004195,20.815446400627852,20.828523635864258,8000,0.0,0.0,0.0
2012-10-12 00:00:00-04:00,20.821980722579376,20.821980722579376,20.69992211775652,20.715179443359375,4000,0.0,0.0,0.0
2012-10-15 00:00:00-04:00,20.765315027920515,20.87211799621582,20.67377105188812,20.87211799621582,40400,0.0,0.0,0.0
2012-10-16 00:00:00-04:00,21.042125614365222,21.11405372619629,21.031226810903327,21.11405372619629,21600,0.0,0.0,0.0
2012-10-17 00:00:00-04:00,21.08789895065033,21.205599051321123,21.083540426739873,21.196880340576172,11200,0.0,0.0,0.0
2012-10-18 00:00:00-04:00,21.16853962880932,21.225208737804202,21.15546073502903,21.214311599731445,14800,0.0,0.0,0.0
2012-10-19 00:00:00-04:00,21.105339248358895,21.105339248358895,20.789292176748887,20.830705642700195,22800,0.0,0.0,0.0
2012-10-22 00:00:00-04:00,20.819808971059935,20.830707777824532,20.697750317333757,20.824169158935547,16800,0.0,0.0,0.0
2012-10-23 00:00:00-04:00,20.556067662847326,20.649791717529297,20.429650524028315,20.649791717529297,13200,0.0,0.0,0.0
2012-10-24 00:00:00-04:00,20.715180949851643,20.715180949851643,20.505936899399472,20.52555274963379,17200,0.0,0.0,0.0
2012-10-25 00:00:00-04:00,20.62145592091803,20.638893340028527,20.534270488289366,20.627994537353516,10400,0.0,0.0,0.0
2012-10-26 00:00:00-04:00,20.63453037443844,20.684662531897654,20.54298643082449,20.662866592407227,11600,0.0,0.0,0.0
2012-10-31 00:00:00-04:00,20.763131638536237,20.778388964231173,20.680304730829068,20.774028778076172,10400,0.0,0.0,0.0
2012-11-01 00:00:00-04:00,20.806726981272043,21.188161849975586,20.806726981272043,21.188161849975586,10000,0.0,0.0,0.0
2012-11-02 00:00:00-04:00,21.26444775042871,21.26444775042871,20.94186377537059,20.944042205810547,16000,0.0,0.0,0.0
2012-11-05 00:00:00-05:00,20.911342687953926,21.046478502321705,20.911342687953926,21.0421199798584,34400,0.0,0.0,0.0
2012-11-06 00:00:00-05:00,21.17508328551206,21.29060328671187,21.17508328551206,21.236112594604492,13200,0.0,0.0,0.0
2012-11-07 00:00:00-05:00,21.00724912673219,21.00724912673219,20.719538364887367,20.900447845458984,17200,0.0,0.0,0.0
2012-11-08 00:00:00-05:00,20.848142252530856,20.86993820005051,20.604023316707842,20.656333923339844,84400,0.0,0.0,0.0
2012-11-09 00:00:00-05:00,20.510299582282325,20.760957140181702,20.48850363440504,20.58222770690918,152000,0.0,0.0,0.0
2012-11-12 00:00:00-05:00,20.636716728706684,20.636716728706684,20.52773533526462,20.57786750793457,15200,0.0,0.0,0.0
2012-11-13 00:00:00-05:00,20.44708951117792,20.693388536742905,20.44708951117792,20.608383178710938,16800,0.0,0.0,0.0
2012-11-14 00:00:00-05:00,20.566966580124486,20.604019850967692,20.24656105041504,20.24656105041504,62000,0.0,0.0,0.0
2012-11-15 00:00:00-05:00,20.32066991686768,20.32066991686768,20.174633596153132,20.22040557861328,28800,0.0,0.0,0.0
2012-11-16 00:00:00-05:00,20.261818296807878,20.320669174194336,20.107064934263065,20.320669174194336,14000,0.0,0.0,0.0
2012-11-19 00:00:00-05:00,20.566970039632015,20.658514016969068,19.991548377907378,20.656333923339844,9600,0.0,0.0,0.0
2012-11-20 00:00:00-05:00,20.68902221885169,20.76530884282283,20.678125079955063,20.756591796875,14400,0.0,0.0,0.0
2012-11-21 00:00:00-05:00,20.789285666245725,20.81980031699339,20.75441249235857,20.791465759277344,41200,0.0,0.0,0.0
2012-11-23 00:00:00-05:00,20.883015376652406,20.996356964111328,20.883015376652406,20.996356964111328,5600,0.0,0.0,0.0
2012-11-26 00:00:00-05:00,20.998534941382268,21.00943374633789,20.97020037659147,21.00943374633789,31200,0.0,0.0,0.0
2012-11-27 00:00:00-05:00,21.011614514843938,21.077002357905567,20.985458379864756,20.987638473510742,4800,0.0,0.0,0.0
2012-11-28 00:00:00-05:00,20.87429501537088,21.120594024658203,20.82416450647237,21.120594024658203,15600,0.0,0.0,0.0
2012-11-29 00:00:00-05:00,21.2099552154541,21.233931251604183,21.090076697627545,21.2099552154541,39200,0.0,0.0,0.0
2012-11-30 00:00:00-05:00,21.22085796429746,21.275348663330078,21.20995915932127,21.275348663330078,11600,0.0,0.0,0.0
2012-12-03 00:00:00-05:00,21.397406378572636,21.397406378572636,21.175085067749023,21.175085067749023,27600,0.0,0.0,0.0
2012-12-04 00:00:00-05:00,21.2099552154541,21.23611134477888,21.120591350377858,21.2099552154541,24000,0.0,0.0,0.0
2012-12-05 00:00:00-05:00,21.179444495015726,21.310221840072867,21.16200707222833,21.273168563842773,23200,0.0,0.0,0.0
2012-12-06 00:00:00-05:00,21.25136558789853,21.336370917216236,21.25136558789853,21.323293685913086,9600,0.0,0.0,0.0
2012-12-07 00:00:00-05:00,21.390867019233838,21.410484534083785,21.349453559047088,21.401765823364258,20000,0.0,0.0,0.0
2012-12-10 00:00:00-05:00,21.382153239959077,21.495494842529297,21.382153239959077,21.495494842529297,56400,0.0,0.0,0.0
2012-12-11 00:00:00-05:00,21.556514739990234,21.60882533056753,21.532538706199873,21.556514739990234,12400,0.0,0.0,0.0
2012-12-12 00:00:00-05:00,21.63498425257546,21.672037523066535,21.51728416137683,21.521642684936523,72800,0.0,0.0,0.0
2012-12-13 00:00:00-05:00,21.536898635775533,21.57395356682305,21.388683900356853,21.436635971069336,40400,0.0,0.0,0.0
2012-12-14 00:00:00-05:00,21.43881637237843,21.445354988856167,21.34727241584244,21.358169555664062,13600,0.0,0.0,0.0
2012-12-17 00:00:00-05:00,21.401764749397813,21.573955535888672,21.401764749397813,21.573955535888672,69200,0.0,0.0,0.0
2012-12-18 00:00:00-05:00,21.62408653143829,21.839869211305707,21.589213352443835,21.815893173217773,42800,0.0,0.0,0.0
2012-12-19 00:00:00-05:00,21.84325932142804,21.882663945520964,21.764450073242188,21.764450073242188,36000,0.10875,0.0,0.0
2012-12-20 00:00:00-05:00,21.792909614387263,21.889230728149414,21.73818106354268,21.889230728149414,30800,0.0,0.0,0.0
2012-12-21 00:00:00-05:00,21.573993294133587,21.696584701538086,21.558669368208022,21.696584701538086,18800,0.0,0.0,0.0
2012-12-24 00:00:00-05:00,21.65936683855965,21.65936683855965,21.63309653892635,21.639663696289062,8400,0.0,0.0,0.0
2012-12-26 00:00:00-05:00,21.679070215589494,21.679070215589494,21.5083174284251,21.543344497680664,18400,0.0,0.0,0.0
2012-12-27 00:00:00-05:00,21.54990845496658,21.54990845496658,21.28721048511429,21.49736785888672,82000,0.0,0.0,0.0
2012-12-28 00:00:00-05:00,21.34632458744871,21.43389060344527,21.260948181152344,21.260948181152344,41200,0.0,0.0,0.0
2012-12-31 00:00:00-05:00,21.258756385211004,21.628721887903396,21.258756385211004,21.584938049316406,55200,0.0,0.0,0.0
2013-01-02 00:00:00-05:00,22.136603706975663,22.460595775989493,22.011822684282826,22.165061950683594,56400,0.0,0.0,0.0
2013-01-03 00:00:00-05:00,22.138790000733238,22.26138307492394,22.138790000733238,22.147546768188477,14000,0.0,0.0,0.0
2013-01-04 00:00:00-05:00,22.23511382516598,22.351138076620863,22.23511382516598,22.309545516967773,27200,0.0,0.0,0.0
2013-01-07 00:00:00-05:00,22.228545180872523,22.296408039598454,22.228545180872523,22.285463333129883,45600,0.0,0.0,0.0
2013-01-08 00:00:00-05:00,22.289844152718853,22.289844152718853,22.143172037091677,22.20227813720703,170000,0.0,0.0,0.0
2013-01-09 00:00:00-05:00,22.333621903449185,22.362081813210747,22.300786115543534,22.346757888793945,47600,0.0,0.0,0.0
2013-01-10 00:00:00-05:00,22.500004845447133,22.500004845447133,22.318305629235212,22.447465896606445,22400,0.0,0.0,0.0
2013-01-11 00:00:00-05:00,22.460595065691948,22.460595065691948,22.36646189925615,22.416812896728516,24800,0.0,0.0,0.0
2013-01-14 00:00:00-05:00,22.357703202262062,22.43651243574223,22.357703202262062,22.414621353149414,60400,0.0,0.0,0.0
2013-01-15 00:00:00-05:00,22.355518566786273,22.54816246032715,22.355518566786273,22.54816246032715,30800,0.0,0.0,0.0
2013-01-16 00:00:00-05:00,22.497811851722425,22.54816285316819,22.467163996992937,22.521892547607422,36000,0.0,0.0,0.0
2013-01-17 00:00:00-05:00,22.60726662876237,22.786776189515702,22.60726662876237,22.758317947387695,41600,0.0,0.0,0.0
2013-01-18 00:00:00-05:00,22.76488177409344,22.839313452879598,22.714532455374993,22.83493423461914,38400,0.0,0.0,0.0
2013-01-22 00:00:00-05:00,22.84150484605034,22.959718704223633,22.80647944558195,22.959718704223633,63600,0.0,0.0,0.0
2013-01-23 00:00:00-05:00,22.959716877704917,22.98379756931615,22.91812432234394,22.966285705566406,25200,0.0,0.0,0.0
2013-01-24 00:00:00-05:00,23.047284005208585,23.0910678421822,22.93782691804845,22.999122619628906,15600,0.0,0.0,0.0
2013-01-25 00:00:00-05:00,23.073560002216478,23.123909339434686,23.027588214684762,23.112964630126953,30000,0.0,0.0,0.0
2013-01-28 00:00:00-05:00,23.15017595806045,23.15017595806045,23.049475629492235,23.104204177856445,34400,0.0,0.0,0.0
2013-01-29 00:00:00-05:00,23.112954704054577,23.237735693818887,23.112954704054577,23.233356475830078,24400,0.0,0.0,0.0
2013-01-30 00:00:00-05:00,23.24430781546845,23.24430781546845,23.156741808993942,23.17206573486328,54000,0.0,0.0,0.0
2013-01-31 00:00:00-05:00,23.06479569410506,23.137037766692988,23.025391079073692,23.099821090698242,32000,0.0,0.0,0.0
2013-02-01 00:00:00-05:00,23.213661817695755,23.299038221526782,23.213661817695755,23.283714294433594,31600,0.0,0.0,0.0
2013-02-04 00:00:00-05:00,23.14580029334001,23.215852774141766,23.064801433901184,23.10201644897461,42400,0.0,0.0,0.0
2013-02-05 00:00:00-05:00,23.147985305861056,23.270578384399414,23.1436077570695,23.270578384399414,21600,0.0,0.0,0.0
2013-02-06 00:00:00-05:00,23.187395153755467,23.3472032786932,23.187395153755467,23.290285110473633,49200,0.0,0.0,0.0
2013-02-07 00:00:00-05:00,23.288095606449932,23.305609146009953,23.167693779886676,23.279338836669922,30000,0.0,0.0,0.0
2013-02-08 00:00:00-05:00,23.355956631863492,23.478548049926758,23.355956631863492,23.478548049926758,67200,0.0,0.0,0.0
2013-02-11 00:00:00-05:00,23.456662972575682,23.4697972935376,23.450095812094723,23.46323013305664,15200,0.0,0.0,0.0
2013-02-12 00:00:00-05:00,23.498242663058054,23.570484729109246,23.498242663058054,23.539836883544922,11200,0.0,0.0,0.0
2013-02-13 00:00:00-05:00,23.631785798957534,23.631785798957534,23.568302154541016,23.568302154541016,9600,0.0,0.0,0.0
2013-02-14 00:00:00-05:00,23.583628860157756,23.752192068992713,23.583628860157756,23.717164993286133,15600,0.0,0.0,0.0
2013-02-15 00:00:00-05:00,23.74561965055,23.754376417537156,23.6602432601534,23.697458267211914,11200,0.0,0.0,0.0
2013-02-19 00:00:00-05:00,23.72154050781391,23.830997597026716,23.72154050781391,23.822240829467773,48400,0.0,0.0,0.0
2013-02-20 00:00:00-05:00,23.79597021431871,23.79597021431871,23.412870407104492,23.412870407104492,24000,0.0,0.0,0.0
2013-02-21 00:00:00-05:00,23.17863224364727,23.257441480247984,23.10420222584805,23.215848922729492,27200,0.0,0.0,0.0
2013-02-22 00:00:00-05:00,23.285901378856522,23.426006317138672,23.285901378856522,23.426006317138672,14800,0.0,0.0,0.0
2013-02-25 00:00:00-05:00,23.59238406852819,23.59238406852819,22.985992431640625,22.985992431640625,13200,0.0,0.0,0.0
2013-02-26 00:00:00-05:00,23.03196573816521,23.14799001182986,22.896238315476225,23.110774993896484,18800,0.0,0.0,0.0
2013-02-27 00:00:00-05:00,23.082312159856755,23.524518077890875,23.082312159856755,23.47197914123535,27600,0.0,0.0,0.0
2013-02-28 00:00:00-05:00,23.533274715172713,23.561732957748557,23.480735778808594,23.480735778808594,10800,0.0,0.0,0.0
2013-03-01 00:00:00-05:00,23.366906138719877,23.487309642033008,23.237747535332286,23.423824310302734,23200,0.0,0.0,0.0
2013-03-04 00:00:00-05:00,23.41286997507683,23.5507869720459,23.347196725732946,23.5507869720459,25600,0.0,0.0,0.0
2013-03-05 00:00:00-05:00,23.653678737506798,23.87259292602539,23.653678737506798,23.87259292602539,32800,0.0,0.0,0.0
2013-03-06 00:00:00-05:00,23.927317051963577,24.25787621301573,23.855074982257186,23.901046752929688,25200,0.0,0.0,0.0
2013-03-07 00:00:00-05:00,23.907616709662094,23.97110202045782,23.907616709662094,23.953588485717773,26800,0.0,0.0,0.0
2013-03-08 00:00:00-05:00,24.01925876019386,24.115581512451172,23.96234061838888,24.115581512451172,64400,0.0,0.0,0.0
2013-03-11 00:00:00-04:00,24.06742686234021,24.170316800063393,24.06742686234021,24.15937042236328,25200,0.0,0.0,0.0
2013-03-12 00:00:00-04:00,24.170315308858537,24.196583941425757,24.100261168192244,24.13528823852539,34800,0.0,0.0,0.0
2013-03-13 00:00:00-04:00,24.15280417503863,24.244747738530492,24.095886015179605,24.214099884033203,38000,0.0,0.0,0.0
2013-03-14 00:00:00-04:00,24.2994803616816,24.4111270904541,24.29072359175992,24.4111270904541,44000,0.0,0.0,0.0
2013-03-15 00:00:00-04:00,24.321360100863075,24.36952147786432,24.253497253369847,24.301658630371094,39600,0.0,0.0,0.0
2013-03-18 00:00:00-04:00,24.091508596309204,24.332313884454013,24.076184668977703,24.20534324645996,64000,0.0,0.0,0.0
2013-03-19 00:00:00-04:00,24.290717841474045,24.290717841474045,23.95140185579582,24.098073959350586,32000,0.0,0.0,0.0
2013-03-20 00:00:00-04:00,24.26006892446493,24.382660328601627,24.23161068284252,24.358579635620117,54800,0.0,0.0,0.0
2013-03-21 00:00:00-04:00,24.194395720674798,24.273204963265165,24.170316696166992,24.170316696166992,52000,0.0,0.0,0.0
2013-03-22 00:00:00-04:00,24.16374340306345,24.19439125061035,24.16374340306345,24.19439125061035,11200,0.0,0.0,0.0
2013-03-25 00:00:00-04:00,24.318656029720483,24.318656029720483,24.066184179468493,24.13204574584961,5600,0.079,0.0,0.0
2013-03-26 00:00:00-04:00,24.29231035742222,24.30767822265625,24.224251232838647,24.30767822265625,9600,0.0,0.0,0.0
2013-03-27 00:00:00-04:00,24.23084096844461,24.320852279663086,24.175955491491056,24.320852279663086,10000,0.0,0.0,0.0
2013-03-28 00:00:00-04:00,24.424040455505104,24.428430557250977,24.30548760870196,24.428430557250977,29600,0.0,0.0,0.0
2013-04-01 00:00:00-04:00,24.476719549428573,24.476719549428573,24.22205188313348,24.241809844970703,24400,0.0,0.0,0.0
2013-04-02 00:00:00-04:00,24.340604679070818,24.37573050288299,24.228637870412555,24.241809844970703,13200,0.0,0.0,0.0
2013-04-03 00:00:00-04:00,23.971781146182533,23.984953124493334,23.79175685105706,23.86420440673828,14000,0.0,0.0,0.0
2013-04-04 00:00:00-04:00,23.967387266433107,23.98934112001478,23.91250179499309,23.98495101928711,91200,0.0,0.0,0.0
2013-04-05 00:00:00-04:00,23.66661810615013,23.96299934387207,23.651250239748894,23.96299934387207,45600,0.0,0.0,0.0
2013-04-08 00:00:00-04:00,24.046418094992546,24.186924742263095,23.941038947025312,24.184730529785156,19200,0.0,0.0,0.0
2013-04-09 00:00:00-04:00,24.235228384980974,24.28352786734527,24.0925258257151,24.211078643798828,18000,0.0,0.0,0.0
2013-04-10 00:00:00-04:00,24.31646531072258,24.496489631320475,24.31646531072258,24.492097854614258,28400,0.0,0.0,0.0
2013-04-11 00:00:00-04:00,24.584302226122556,24.674313532405918,24.57552034929486,24.593082427978516,11200,0.0,0.0,0.0
2013-04-12 00:00:00-04:00,24.509657178008037,24.527220931711756,24.399886229817398,24.487703323364258,9600,0.0,0.0,0.0
2013-04-15 00:00:00-04:00,24.21766978144174,24.21766978144174,23.761023839659693,23.7983455657959,38000,0.0,0.0,0.0
2013-04-16 00:00:00-04:00,23.962992521388063,24.081545317718135,23.927865022488188,24.072763442993164,12800,0.0,0.0,0.0
2013-04-17 00:00:00-04:00,24.011300626677315,24.011300626677315,23.583192873534777,23.72369956970215,9200,0.0,0.0,0.0
2013-04-18 00:00:00-04:00,23.73028261218621,23.785168085902956,23.594167709350586,23.594167709350586,9600,0.0,0.0,0.0
2013-04-19 00:00:00-04:00,23.609535134501193,23.855422655154435,23.609535134501193,23.848834991455078,7600,0.0,0.0,0.0
2013-04-22 00:00:00-04:00,23.7566247070888,23.971776469027027,23.73906095612007,23.952016830444336,8800,0.0,0.0,0.0
2013-04-23 00:00:00-04:00,24.081554393143737,24.178151701579583,24.07716261664049,24.123266220092773,16400,0.0,0.0,0.0
2013-04-24 00:00:00-04:00,24.219865206807892,24.296704545905524,24.215475105276013,24.285728454589844,6800,0.0,0.0,0.0
2013-04-25 00:00:00-04:00,24.37354600247756,24.5096626113986,24.33842016225504,24.439409255981445,17200,0.0,0.0,0.0
2013-04-26 00:00:00-04:00,24.4042780808994,24.4042780808994,24.206690038553287,24.290115356445312,10400,0.0,0.0,0.0
2013-04-29 00:00:00-04:00,24.399885621139624,24.432817239769655,24.375735879142383,24.391103744506836,16000,0.0,0.0,0.0
2013-04-30 00:00:00-04:00,24.415256628962275,24.461360230989577,24.32743952630326,24.45038414001465,6800,0.0,0.0,0.0
2013-05-01 00:00:00-04:00,24.402086154038972,24.421844123994948,24.162784576416016,24.162784576416016,65200,0.0,0.0,0.0
2013-05-02 00:00:00-04:00,24.316460997491607,24.49428939819336,24.294507142770808,24.49428939819336,20800,0.0,0.0,0.0
2013-05-03 00:00:00-04:00,24.821407146714794,24.86751074558876,24.78408542500327,24.80823516845703,17200,0.0,0.0,0.0
2013-05-06 00:00:00-04:00,24.79506404786188,24.931178961158448,24.792868159752366,24.924592971801758,37600,0.0,0.0,0.0
2013-05-07 00:00:00-04:00,24.9377635094766,25.078271865844727,24.9377635094766,25.078271865844727,4400,0.0,0.0,0.0
2013-05-08 00:00:00-04:00,25.166087317004827,25.17047909297558,25.11998371914251,25.14852523803711,14400,0.0,0.0,0.0
2013-05-09 00:00:00-04:00,25.19243657849598,25.249517949539634,25.11559723765183,25.17706871032715,22400,0.0,0.0,0.0
2013-05-10 00:00:00-04:00,25.181453296810794,25.352697372436523,25.181453296810794,25.352697372436523,7200,0.0,0.0,0.0
2013-05-13 00:00:00-04:00,25.297817315153328,25.32855305133645,25.25390792419744,25.30440330505371,12400,0.0,0.0,0.0
2013-05-14 00:00:00-04:00,25.32196410885126,25.622737140578693,25.32196410885126,25.583219528198242,27600,0.0,0.0,0.0
2013-05-15 00:00:00-04:00,25.602977454121003,25.763242106098428,25.602977454121003,25.758852005004883,106400,0.0,0.0,0.0
2013-05-16 00:00:00-04:00,25.758856187411396,25.76983227941333,25.581026077270508,25.581026077270508,33200,0.0,0.0,0.0
2013-05-17 00:00:00-04:00,25.67762541468643,25.86862750780672,25.67762541468643,25.840085983276367,42400,0.0,0.0,0.0
2013-05-20 00:00:00-04:00,25.807156031852262,25.941076750883944,25.807156031852262,25.840085983276367,21600,0.0,0.0,0.0
2013-05-21 00:00:00-04:00,25.919115027637663,25.974000500201672,25.84007981314775,25.941070556640625,8000,0.0,0.0,0.0
2013-05-22 00:00:00-04:00,25.94327203905354,26.05523890345011,25.723730087280273,25.723730087280273,14800,0.0,0.0,0.0
2013-05-23 00:00:00-04:00,25.24292584530688,25.4624677230971,25.17486672421122,25.46027183532715,22400,0.0,0.0,0.0
2013-05-24 00:00:00-04:00,25.335137876240964,25.357091733223395,25.196825394804986,25.34391975402832,30400,0.0,0.0,0.0
2013-05-28 00:00:00-04:00,25.6754190287787,25.782995742687966,25.469050826016282,25.512958526611328,26400,0.0,0.0,0.0
2013-05-29 00:00:00-04:00,25.36586931262929,25.37025941329308,25.163891182662105,25.28244400024414,21600,0.0,0.0,0.0
2013-05-30 00:00:00-04:00,25.34391793238463,25.431733354002457,25.326354178072346,25.35050392150879,31600,0.0,0.0,0.0
2013-05-31 00:00:00-04:00,25.223168068509967,25.3878244890155,25.051925659179688,25.051925659179688,39200,0.0,0.0,0.0
2013-06-03 00:00:00-04:00,25.09583990907566,25.09583990907566,24.86093008825877,25.027782440185547,22000,0.0,0.0,0.0
2013-06-04 00:00:00-04:00,25.144135608534395,25.144135608534395,24.83238648686859,24.893857955932617,13600,0.0,0.0,0.0
2013-06-05 00:00:00-04:00,24.777496667827265,24.777496667827265,24.529414946847286,24.557954788208008,15600,0.0,0.0,0.0
2013-06-06 00:00:00-04:00,24.52721939120663,24.718219757080078,24.386712720345294,24.718219757080078,27200,0.0,0.0,0.0
2013-06-07 00:00:00-04:00,24.920209085286334,25.014612197875977,24.775310583416157,25.014612197875977,15600,0.0,0.0,0.0
2013-06-10 00:00:00-04:00,25.014604881043258,25.034362848261424,24.950937528387307,24.97069549560547,22800,0.0,0.0,0.0
2013-06-11 00:00:00-04:00,24.713830775778984,24.88507318396159,24.610645818291587,24.700658798217773,70000,0.0,0.0,0.0
2013-06-12 00:00:00-04:00,24.863125856458396,24.90922946499689,24.465755462646484,24.465755462646484,12800,0.0,0.0,0.0
2013-06-13 00:00:00-04:00,24.452579855134662,24.907031588713245,24.439407875166943,24.874101638793945,40400,0.0,0.0,0.0
2013-06-14 00:00:00-04:00,24.94654527720097,24.94654527720097,24.83677432815498,24.909223556518555,15200,0.0,0.0,0.0
2013-06-17 00:00:00-04:00,25.012407353977025,25.113396421408495,24.948740005493164,24.948740005493164,8400,0.0,0.0,0.0
2013-06-18 00:00:00-04:00,25.082662455796175,25.28903238092018,25.06949047758717,25.251708984375,29200,0.0,0.0,0.0
2013-06-19 00:00:00-04:00,25.21438454412823,25.218776319705565,24.937761306762695,24.937761306762695,7600,0.0,0.0,0.0
2013-06-20 00:00:00-04:00,24.643577649522253,24.643577649522253,24.11887265583751,24.200103759765625,27200,0.0,0.0,0.0
2013-06-21 00:00:00-04:00,24.351587507805416,24.37134715008431,23.976171054224356,24.18912696838379,160400,0.0,0.0,0.0
2013-06-24 00:00:00-04:00,23.938852183101197,24.02447340157061,23.66662065963362,23.903724670410156,65200,0.0,0.0,0.0
2013-06-25 00:00:00-04:00,24.063988065216968,24.208884849870763,24.063988065216968,24.182540893554688,20400,0.0,0.0,0.0
2013-06-26 00:00:00-04:00,24.32207017141614,24.397016705994098,24.247125318573502,24.348522186279297,32400,0.11075,0.0,0.0
2013-06-27 00:00:00-04:00,24.496210398307667,24.674758567110683,24.355136340077774,24.6108341217041,34400,0.0,0.0,0.0
2013-06-28 00:00:00-04:00,24.560136983120913,24.68798588507085,24.48959994786156,24.511642456054688,120000,0.0,0.0,0.0
2013-07-01 00:00:00-04:00,24.714435297568464,24.83787467582056,24.65712343692196,24.710025787353516,34000,0.0,0.0,0.0
2013-07-02 00:00:00-04:00,24.705613874479035,24.851095734548235,24.60201226411568,24.64389419555664,38400,0.0,0.0,0.0
2013-07-03 00:00:00-04:00,24.63507730321407,24.710022148477545,24.590990616233956,24.661527633666992,9200,0.0,0.0,0.0
2013-07-05 00:00:00-04:00,24.809218036610954,24.835668369306763,24.654917141699126,24.829055786132812,26000,0.0,0.0,0.0
2013-07-08 00:00:00-04:00,25.0450779867365,25.056098398827682,24.96792669342124,24.98556137084961,12800,0.0,0.0,0.0
2013-07-09 00:00:00-04:00,25.190559915303485,25.26991428213473,25.06932529167576,25.205989837646484,48000,0.0,0.0,0.0
2013-07-10 00:00:00-04:00,25.27873454013493,25.318411728132606,25.16852031588979,25.287551879882812,37600,0.0,0.0,0.0
2013-07-11 00:00:00-04:00,25.611576469827405,25.624801635742188,25.541039448723158,25.624801635742188,20800,0.0,0.0,0.0
2013-07-12 00:00:00-04:00,25.693136549176046,25.73061065935438,25.66007363098253,25.701953887939453,32400,0.0,0.0,0.0
2013-07-15 00:00:00-04:00,25.798945187535704,25.798945187535704,25.717386058147138,25.765880584716797,26400,0.0,0.0,0.0
2013-07-16 00:00:00-04:00,25.889317646358677,25.889317646358677,25.58512702760043,25.642438888549805,69200,0.0,0.0,0.0
2013-07-17 00:00:00-04:00,25.783513010199417,25.783513010199417,25.67991138189864,25.701953887939453,45200,0.0,0.0,0.0
2013-07-18 00:00:00-04:00,25.770291955351894,25.926795959472656,25.770291955351894,25.926795959472656,10000,0.0,0.0,0.0
2013-07-19 00:00:00-04:00,25.89152488722673,25.9400194140908,25.851847699950273,25.933406829833984,51200,0.0,0.0,0.0
2013-07-22 00:00:00-04:00,25.957654485085204,26.043621445192567,25.942224561007873,26.001739501953125,44400,0.0,0.0,0.0
2013-07-23 00:00:00-04:00,26.063456173234968,26.06566092834315,25.946629378532318,25.966468811035156,93600,0.0,0.0,0.0
2013-07-24 00:00:00-04:00,26.039206851604852,26.039206851604852,25.73942408656099,25.748241424560547,32800,0.0,0.0,0.0
2013-07-25 00:00:00-04:00,25.74383462598321,25.88490867614746,25.38233216222041,25.88490867614746,11600,0.0,0.0,0.0
2013-07-26 00:00:00-04:00,25.71959024071381,25.823191875762685,25.666687886422977,25.801149368286133,31200,0.0,0.0,0.0
2013-07-29 00:00:00-04:00,25.75265875779733,25.851850897389088,25.701959469331822,25.75486183166504,41200,0.0,0.0,0.0
2013-07-30 00:00:00-04:00,25.83641906109406,25.867278910317737,25.7746993626467,25.809967041015625,29200,0.0,0.0,0.0
2013-07-31 00:00:00-04:00,25.909156659380297,26.067865390678918,25.891521982183697,25.906951904296875,41600,0.0,0.0,0.0
2013-08-01 00:00:00-04:00,26.151628148451852,26.367648744428003,26.131790397479616,26.35883140563965,32800,0.0,0.0,0.0
2013-08-02 00:00:00-04:00,26.25302587085254,26.33017548557614,26.25302587085254,26.327972412109375,47600,0.0,0.0,0.0
2013-08-05 00:00:00-04:00,26.294902661264587,26.363234923532104,26.29269790649414,26.29269790649414,13200,0.0,0.0,0.0
2013-08-06 00:00:00-04:00,26.286093077645102,26.286093077645102,26.074481964111328,26.074481964111328,15200,0.0,0.0,0.0
2013-08-07 00:00:00-04:00,25.986306421772465,26.041413527032265,25.90254422720231,25.964263916015625,14000,0.0,0.0,0.0
2013-08-08 00:00:00-04:00,26.140608247021742,26.153835097181357,26.008351517574496,26.09211540222168,36400,0.0,0.0,0.0
2013-08-09 00:00:00-04:00,26.118561974990133,26.149421818022603,26.083294303696732,26.096519470214844,19200,0.0,0.0,0.0
2013-08-12 00:00:00-04:00,25.84523225082106,26.111950437272885,25.84523225082106,26.07227325439453,21600,0.0,0.0,0.0
2013-08-13 00:00:00-04:00,26.052437603226345,26.087705278773893,26.00394307782989,26.078887939453125,12000,0.0,0.0,0.0
2013-08-14 00:00:00-04:00,26.063459144427988,26.063459144427988,25.97528742913867,25.997331619262695,10400,0.0,0.0,0.0
2013-08-15 00:00:00-04:00,25.739425513204583,25.739425513204583,25.565288543701172,25.565288543701172,6800,0.0,0.0,0.0
2013-08-16 00:00:00-04:00,25.490341909404613,25.61378128429503,25.466094649088944,25.51238441467285,14400,0.0,0.0,0.0
2013-08-19 00:00:00-04:00,25.4352336502906,25.496953334932964,25.31179428100586,25.31179428100586,30400,0.0,0.0,0.0
2013-08-20 00:00:00-04:00,25.41098685265672,25.61378058637539,25.393352176228493,25.600555419921875,22400,0.0,0.0,0.0
2013-08-21 00:00:00-04:00,25.397759406900846,25.58732795715332,25.309587714407925,25.58732795715332,35200,0.0,0.0,0.0
2013-08-22 00:00:00-04:00,25.441847938434897,25.772490569807946,25.424213261145177,25.638029098510742,18000,0.0,0.0,0.0
2013-08-23 00:00:00-04:00,25.715171361046913,25.715171361046913,25.602752434971343,25.65345001220703,9600,0.0,0.0,0.0
2013-08-26 00:00:00-04:00,25.71297127786381,25.757056281880473,25.613777496223673,25.622594833374023,4400,0.0,0.0,0.0
2013-08-27 00:00:00-04:00,25.340454471845067,25.340454471845067,25.133251190185547,25.133251190185547,16400,0.0,0.0,0.0
2013-08-28 00:00:00-04:00,25.190564392124298,25.228036827083194,25.148682446149234,25.223628997802734,12800,0.0,0.0,0.0
2013-08-29 00:00:00-04:00,25.19276311278164,25.338244988487023,25.19276311278164,25.269912719726562,45200,0.0,0.0,0.0
2013-08-30 00:00:00-04:00,25.250079039112435,25.250079039112435,25.034058423120065,25.053897857666016,10400,0.0,0.0,0.0
2013-09-03 00:00:00-04:00,25.33824476364293,25.382331454174032,25.042871504893338,25.153085708618164,30400,0.0,0.0,0.0
2013-09-04 00:00:00-04:00,25.331636108161785,25.45948500792199,25.32061569512176,25.433032989501953,18000,0.0,0.0,0.0
2013-09-05 00:00:00-04:00,25.505771302504975,25.552061067129245,25.4969539642334,25.4969539642334,12000,0.0,0.0,0.0
2013-09-06 00:00:00-04:00,25.450666252422586,25.55426788330078,25.450666252422586,25.55426788330078,1200,0.0,0.0,0.0
2013-09-09 00:00:00-04:00,25.735014142129383,25.84743309020996,25.712971639810775,25.84743309020996,17600,0.0,0.0,0.0
2013-09-10 00:00:00-04:00,26.01275622367516,26.094313656207348,25.94662703029776,26.065658569335938,16800,0.0,0.0,0.0
2013-09-11 00:00:00-04:00,26.0877028544771,26.138402130426208,26.017165828201406,26.118562698364258,380400,0.0,0.0,0.0
2013-09-12 00:00:00-04:00,26.138399478105143,26.17807665646755,26.039205691331528,26.041410446166992,18400,0.0,0.0,0.0
2013-09-13 00:00:00-04:00,26.125174418062187,26.129583928034773,26.023777551251698,26.094314575195312,14000,0.0,0.0,0.0
2013-09-16 00:00:00-04:00,26.442591055239298,26.442591055239298,26.27947450770057,26.290494918823242,25600,0.0,0.0,0.0
2013-09-17 00:00:00-04:00,26.352217457196446,26.44920481537452,26.352217457196446,26.429367065429688,24400,0.0,0.0,0.0
2013-09-18 00:00:00-04:00,26.41834392189327,26.735761362275223,26.33017222381659,26.731351852416992,7200,0.0,0.0,0.0
2013-09-19 00:00:00-04:00,26.82833998299043,26.82833998299043,26.709308446864636,26.757802963256836,25600,0.0,0.0,0.0
2013-09-20 00:00:00-04:00,26.680658178103098,26.68727076212595,26.46243449667136,26.513132095336914,20400,0.0,0.0,0.0
2013-09-23 00:00:00-04:00,26.376468239322172,26.396305991916016,26.3191563733807,26.369853973388672,7600,0.0,0.0,0.0
2013-09-24 00:00:00-04:00,26.38178816299208,26.521047949942258,26.326526771076953,26.439260482788086,7600,0.0835,0.0,0.0
2013-09-25 00:00:00-04:00,26.403885864235,26.485673311198592,26.326520271941565,26.410518646240234,26400,0.0,0.0,0.0
2013-09-26 00:00:00-04:00,26.395053331697355,26.518838315964906,26.357474301664197,26.397262573242188,22800,0.0,0.0,0.0
2013-09-27 00:00:00-04:00,26.280110462160803,26.359687010693513,26.280110462160803,26.330951690673828,27200,0.0,0.0,0.0
2013-09-30 00:00:00-04:00,26.105478473901073,26.311050897789016,26.105478473901073,26.24031639099121,22400,0.0,0.0,0.0
2013-10-01 00:00:00-04:00,26.30220792218678,26.587356866712838,26.30220792218678,26.48346519470215,11200,0.0,0.0,0.0
2013-10-02 00:00:00-04:00,26.388420094906493,26.536521911621094,26.388420094906493,26.536521911621094,22800,0.0,0.0,0.0
2013-10-03 00:00:00-04:00,26.485681681045904,26.485681681045904,26.25358314437577,26.3486328125,8000,0.0,0.0,0.0
2013-10-04 00:00:00-04:00,26.31104683154859,26.547565460205078,26.31104683154859,26.547565460205078,10400,0.0,0.0,0.0
2013-10-07 00:00:00-04:00,26.317680627079632,26.410521032664136,26.317680627079632,26.339786529541016,7200,0.0,0.0,0.0
2013-10-08 00:00:00-04:00,25.986115432990825,26.019272604201817,25.91759184921355,25.924222946166992,41200,0.0,0.0,0.0
2013-10-09 00:00:00-04:00,25.849072950325837,25.941911697387695,25.769496399574507,25.941911697387695,5200,0.0,0.0,0.0
2013-10-10 00:00:00-04:00,26.288942939462387,26.412727887131883,26.288942939462387,26.410518646240234,5200,0.0,0.0,0.0
2013-10-11 00:00:00-04:00,26.395051202181687,26.64041022293281,26.395051202181687,26.591781616210938,26400,0.0,0.0,0.0
2013-10-14 00:00:00-04:00,26.551995461423978,26.75756791661486,26.490101282912935,26.74872589111328,54800,0.0,0.0,0.0
2013-10-15 00:00:00-04:00,26.695665185341287,26.695665185341287,26.467988582561503,26.527671813964844,42800,0.0,0.0,0.0
2013-10-16 00:00:00-04:00,26.571881713790905,26.801769256591797,26.56303969063201,26.801769256591797,15200,0.0,0.0,0.0
2013-10-17 00:00:00-04:00,26.7796679815061,26.987449645996094,26.7796679815061,26.987449645996094,9200,0.0,0.0,0.0
2013-10-18 00:00:00-04:00,27.19302501116761,27.21955108642578,27.177551888877968,27.21955108642578,19600,0.0,0.0,0.0
2013-10-21 00:00:00-04:00,27.195236029994508,27.195236029994508,27.155447760196118,27.162078857421875,4800,0.0,0.0,0.0
2013-10-22 00:00:00-04:00,27.32343908877712,27.44501480926205,27.248282728901813,27.3322811126709,25600,0.0,0.0,0.0
2013-10-23 00:00:00-04:00,27.254919098888532,27.254919098888532,27.082502139932135,27.175342559814453,35200,0.0,0.0,0.0
2013-10-24 00:00:00-04:00,27.23723588489211,27.358809938666774,27.195236686190448,27.327863693237305,20000,0.0,0.0,0.0
2013-10-25 00:00:00-04:00,27.387541848365583,27.471538543701172,27.27923000950903,27.471538543701172,25600,0.0,0.0,0.0
2013-10-28 00:00:00-04:00,27.487013434204933,27.487013434204933,27.405227661132812,27.405227661132812,28000,0.0,0.0,0.0
2013-10-29 00:00:00-04:00,27.517959463681926,27.579851946538287,27.504697270625186,27.553327560424805,8000,0.0,0.0,0.0
2013-10-30 00:00:00-04:00,27.49806581485785,27.551116272835433,27.380911947204012,27.48701286315918,10000,0.0,0.0,0.0
2013-10-31 00:00:00-04:00,27.52017305219508,27.626275666238833,27.38754604947327,27.458280563354492,105200,0.0,0.0,0.0
2013-11-01 00:00:00-04:00,27.573223917155367,27.573223917155367,27.36102037242437,27.445018768310547,10400,0.0,0.0,0.0
2013-11-04 00:00:00-05:00,27.582065049382855,27.630695343017578,27.517961633813798,27.630695343017578,24400,0.0,0.0,0.0
2013-11-05 00:00:00-05:00,27.526801393081058,27.526801393081058,27.374279427679028,27.462697982788086,17200,0.0,0.0,0.0
2013-11-06 00:00:00-05:00,27.51796203567791,27.573223427170966,27.40301908340764,27.469331741333008,34800,0.0,0.0,0.0
2013-11-07 00:00:00-05:00,27.573220588367057,27.573220588367057,27.036079850898183,27.044921875,47200,0.0,0.0,0.0
2013-11-08 00:00:00-05:00,27.062610340975816,27.32344419200583,27.062610340975816,27.290287017822266,9600,0.0,0.0,0.0
2013-11-11 00:00:00-05:00,27.37870398059865,27.442807397207726,27.319020733280894,27.436176300048828,92800,0.0,0.0,0.0
2013-11-12 00:00:00-05:00,27.378699467848765,27.451644897460938,27.365437275716936,27.451644897460938,27600,0.0,0.0,0.0
2013-11-13 00:00:00-05:00,27.226183874020933,27.63953971862793,27.226183874020933,27.63953971862793,12000,0.0,0.0,0.0
2013-11-14 00:00:00-05:00,27.75889898067582,27.792056148561688,27.674900597172474,27.774372100830078,18000,0.0,0.0,0.0
2013-11-15 00:00:00-05:00,27.869422912597656,27.869422912597656,27.78763545325787,27.869422912597656,14800,0.0,0.0,0.0
2013-11-18 00:00:00-05:00,27.951209748243205,27.951209748243205,27.666062466434393,27.670482635498047,32800,0.0,0.0,0.0
2013-11-19 00:00:00-05:00,27.657225695077145,27.661645864980365,27.4870196410319,27.537860870361328,15200,0.0,0.0,0.0
2013-11-20 00:00:00-05:00,27.564380333455553,27.655009821483393,27.46491050720215,27.46491050720215,13200,0.0,0.0,0.0
2013-11-21 00:00:00-05:00,27.57764748331795,27.734589645307377,27.57764748331795,27.71690559387207,10800,0.0,0.0,0.0
2013-11-22 00:00:00-05:00,27.74784820291559,27.85173988342285,27.716901960182845,27.85173988342285,9600,0.0,0.0,0.0
2013-11-25 00:00:00-05:00,27.876059615211396,27.876059615211396,27.756694793701172,27.756694793701172,14800,0.0,0.0,0.0
2013-11-26 00:00:00-05:00,27.80974299192125,27.904792655743215,27.774376577201668,27.83847999572754,5600,0.0,0.0,0.0
2013-11-27 00:00:00-05:00,27.85615722129347,27.915840459386196,27.818579885572017,27.91362953186035,14000,0.0,0.0,0.0
2013-11-29 00:00:00-05:00,27.911423176107757,27.94900220442807,27.809742417030588,27.818584442138672,17200,0.0,0.0,0.0
2013-12-02 00:00:00-05:00,27.85616699233749,27.91142839476245,27.76332824101016,27.765539169311523,12400,0.0,0.0,0.0
2013-12-03 00:00:00-05:00,27.725744247436523,27.811951879643654,27.657220664513872,27.725744247436523,9600,0.0,0.0,0.0
2013-12-04 00:00:00-05:00,27.75447836283477,27.77437333903067,27.608589178654174,27.710269927978516,20000,0.0,0.0,0.0
2013-12-05 00:00:00-05:00,27.64174434526332,27.652795609954833,27.544483771894047,27.619638442993164,18800,0.0,0.0,0.0
2013-12-06 00:00:00-05:00,27.836264329202912,27.935734145515536,27.836264329202912,27.900367736816406,18800,0.0,0.0,0.0
2013-12-09 00:00:00-05:00,27.95562965928937,27.984364972313806,27.929103587421228,27.953418731689453,16000,0.0,0.0,0.0
2013-12-10 00:00:00-05:00,27.90699799108925,28.002047635863175,27.89152487154203,27.904787063598633,16000,0.0,0.0,0.0
2013-12-11 00:00:00-05:00,27.705848907649397,27.705848907649397,27.45606803894043,27.45606803894043,9200,0.0,0.0,0.0
2013-12-12 00:00:00-05:00,27.40964783003792,27.447225168284227,27.358806612188918,27.405227661132812,42800,0.0,0.0,0.0
2013-12-13 00:00:00-05:00,27.47596159790416,27.49364395960092,27.391963212459032,27.48701286315918,12400,0.0,0.0,0.0
2013-12-16 00:00:00-05:00,27.59754064529496,27.723536559896253,27.59754064529496,27.705852508544922,14000,0.0,0.0,0.0
2013-12-17 00:00:00-05:00,27.597538170447628,27.756691245449407,27.597538170447628,27.732376098632812,6400,0.0,0.0,0.0
2013-12-18 00:00:00-05:00,27.732376051483573,28.116994857788086,27.608591076223227,28.116994857788086,8000,0.0,0.0,0.0
2013-12-19 00:00:00-05:00,28.05952706545384,28.05952706545384,27.99984381316776,28.055105209350586,10000,0.0,0.0,0.0
2013-12-20 00:00:00-05:00,28.033002241290337,28.302676450104496,28.033002241290337,28.262889862060547,106400,0.0,0.0,0.0
2013-12-23 00:00:00-05:00,28.41771974963159,28.41771974963159,28.348955221482214,28.373355865478516,32800,0.112,0.0,0.0
2013-12-24 00:00:00-05:00,28.462084275399025,28.528631795502502,28.462084275399025,28.517539978027344,18400,0.0,0.0,0.0
2013-12-26 00:00:00-05:00,28.577430329746473,28.59073915553471,28.515320219569933,28.546375274658203,13600,0.0,0.0,0.0
2013-12-27 00:00:00-05:00,28.546374020865642,28.59295490907858,28.526410783060093,28.559682846069336,20000,0.0,0.0,0.0
2013-12-30 00:00:00-05:00,28.57077322352534,28.650629555473966,28.57077322352534,28.615137100219727,26000,0.0,0.0,0.0
2013-12-31 00:00:00-05:00,28.67059209613638,28.746011023160307,28.67059209613638,28.69277572631836,12000,0.0,0.0,0.0
2014-01-02 00:00:00-05:00,28.570778422354724,28.572995431931467,28.39997391201704,28.40441131591797,33200,0.0,0.0,0.0
2014-01-03 00:00:00-05:00,28.579649834457012,28.58408723835624,28.490922064957054,28.53528594970703,14800,0.0,0.0,0.0
2014-01-06 00:00:00-05:00,28.681694599200927,28.681694599200927,28.375577989301156,28.399978637695312,33600,0.0,0.0,0.0
2014-01-07 00:00:00-05:00,28.417715875929172,28.626229826247616,28.417715875929172,28.610700607299805,14800,0.0,0.0,0.0
2014-01-08 00:00:00-05:00,28.61514096485446,28.655067443847656,28.61514096485446,28.655067443847656,14000,0.0,0.0,0.0
2014-01-09 00:00:00-05:00,28.732707449338317,28.732707449338317,28.564123337288503,28.652851104736328,12400,0.0,0.0,0.0
2014-01-10 00:00:00-05:00,28.655063347324717,28.765974730557428,28.655063347324717,28.748231887817383,13200,0.0,0.0,0.0
2014-01-13 00:00:00-05:00,28.881326658987113,28.914602108425207,28.504228591918945,28.504228591918945,40000,0.0,0.0,0.0
2014-01-14 00:00:00-05:00,28.677254632145363,28.923478104031613,28.61958191597972,28.903514862060547,70000,0.0,0.0,0.0
2014-01-15 00:00:00-05:00,28.954528688029193,29.027730615354198,28.954528688029193,29.021076202392578,22400,0.0,0.0,0.0
2014-01-16 00:00:00-05:00,28.947877364522487,28.983369827270508,28.899076074430845,28.983369827270508,16000,0.0,0.0,0.0
2014-01-17 00:00:00-05:00,28.985581300072194,29.034382580841793,28.914599772882625,28.94121742248535,16000,0.0,0.0,0.0
2014-01-21 00:00:00-05:00,29.00777084463951,29.029951095581055,28.894639041271557,29.029951095581055,34400,0.0,0.0,0.0
2014-01-22 00:00:00-05:00,29.052137888922747,29.147520086308337,29.043263079783465,29.131994247436523,23200,0.0,0.0,0.0
2014-01-23 00:00:00-05:00,28.98780767270027,28.98780767270027,28.783731062084073,28.868024826049805,32400,0.0,0.0,0.0
2014-01-24 00:00:00-05:00,28.717183885606033,28.717183885606033,28.222518250309715,28.224735260009766,45600,0.0,0.0,0.0
2014-01-27 00:00:00-05:00,28.224734542618666,28.320118420884885,27.974075370604552,28.18702507019043,22400,0.0,0.0,0.0
2014-01-28 00:00:00-05:00,28.171496881113555,28.36226463317871,28.171496881113555,28.36226463317871,38000,0.0,0.0,0.0
2014-01-29 00:00:00-05:00,28.60848434195742,28.60848434195742,28.06280050367528,28.10716438293457,46400,0.0,0.0,0.0
2014-01-30 00:00:00-05:00,28.344520828198814,28.44434042433222,28.262447464561,28.384449005126953,39600,0.0,0.0,0.0
2014-01-31 00:00:00-05:00,28.142655740176647,28.335640469021875,28.142655740176647,28.226947784423828,17200,0.0,0.0,0.0
2014-02-03 00:00:00-05:00,28.191455069220968,28.19589247235674,27.439476013183594,27.439476013183594,46000,0.0,0.0,0.0
2014-02-04 00:00:00-05:00,27.60363018746203,27.745596646200855,27.46388073824742,27.725631713867188,36400,0.0,0.0,0.0
2014-02-05 00:00:00-05:00,27.501590068454117,27.69235610961914,27.501590068454117,27.69235610961914,22800,0.0,0.0,0.0
2014-02-06 00:00:00-05:00,27.88090707561234,28.151531150764335,27.88090707561234,28.12713050842285,19200,0.0,0.0,0.0
2014-02-07 00:00:00-05:00,28.29793227017581,28.47982688396597,28.22473034584753,28.47538948059082,32800,0.0,0.0,0.0
2014-02-10 00:00:00-05:00,28.51532561051702,28.56412690413142,28.43990666029396,28.53972625732422,18800,0.0,0.0,0.0
2014-02-11 00:00:00-05:00,28.68390519281609,28.925691227978643,28.62179508075135,28.87911033630371,32000,0.0,0.0,0.0
2014-02-12 00:00:00-05:00,28.990023503665064,29.20297150524238,28.925692993476893,28.961185455322266,238000,0.0,0.0,0.0
2014-02-13 00:00:00-05:00,29.302791904498715,29.302791904498715,28.863580343406667,29.1940975189209,28400,0.0,0.0,0.0
2014-02-14 00:00:00-05:00,29.198533209020628,29.309444597480333,29.18300398995773,29.28282356262207,26000,0.0,0.0,0.0
2014-02-18 00:00:00-05:00,29.349378064073633,29.409271175838388,29.24734145784248,29.384870529174805,141200,0.0,0.0,0.0
2014-02-19 00:00:00-05:00,29.482469362981046,29.568980120185767,29.278392791748047,29.278392791748047,90000,0.0,0.0,0.0
2014-02-20 00:00:00-05:00,29.41370424058413,29.551233291625977,29.34937373398585,29.551233291625977,41200,0.0,0.0,0.0
2014-02-21 00:00:00-05:00,29.637737542973635,29.68653881839125,29.54678940380931,29.60446548461914,48400,0.0,0.0,0.0
2014-02-24 00:00:00-05:00,29.686543955472988,29.903929338748185,29.686543955472988,29.761962890625,50800,0.0,0.0,0.0
2014-02-25 00:00:00-05:00,29.76640227599844,29.799674342325797,29.63330724119435,29.65549087524414,31600,0.0,0.0,0.0
2014-02-26 00:00:00-05:00,29.724258487822265,29.877316778311727,29.6998578417334,29.748659133911133,61600,0.0,0.0,0.0
2014-02-27 00:00:00-05:00,29.750871332641474,29.877311946859194,29.750871332641474,29.875091552734375,20000,0.0,0.0,0.0
2014-02-28 00:00:00-05:00,29.917237995189243,30.06142483660249,29.877311518480617,29.919458389282227,32000,0.0,0.0,0.0
2014-03-03 00:00:00-05:00,29.72869459005643,29.8063305443953,29.66658447268632,29.7220401763916,22800,0.0,0.0,0.0
2014-03-04 00:00:00-05:00,30.06808396294965,30.176774978637695,30.06808396294965,30.176774978637695,28800,0.0,0.0,0.0
2014-03-05 00:00:00-05:00,30.152369730579753,30.178990766575705,30.110226244351455,30.114660263061523,24000,0.0,0.0,0.0
2014-03-06 00:00:00-05:00,30.227792980230017,30.256627641720904,30.174554291347494,30.22557258605957,18400,0.0,0.0,0.0
2014-03-07 00:00:00-05:00,30.2832569328029,30.2832569328029,30.12354420736986,30.198963165283203,32800,0.0,0.0,0.0
2014-03-10 00:00:00-04:00,30.210043267404863,30.210043267404863,29.963819859926815,30.08582305908203,36400,0.0,0.0,0.0
2014-03-11 00:00:00-04:00,30.130191675570476,30.212265029392192,29.950515747070312,29.950515747070312,9600,0.0,0.0,0.0
2014-03-12 00:00:00-04:00,29.848472734954694,29.94607529971328,29.828509497094167,29.897274017333984,19200,0.0,0.0,0.0
2014-03-13 00:00:00-04:00,29.979350938826848,29.979350938826848,29.537925720214844,29.537925720214844,11600,0.0,0.0,0.0
2014-03-14 00:00:00-04:00,29.440325349641512,29.682111414456678,29.440325349641512,29.560108184814453,37200,0.0,0.0,0.0
2014-03-17 00:00:00-04:00,29.735345308345348,29.837381895023793,29.735345308345348,29.78636360168457,15200,0.0,0.0,0.0
2014-03-18 00:00:00-04:00,29.84182597349911,30.0547773861845,29.84182597349911,30.05255699157715,24000,0.0,0.0,0.0
2014-03-19 00:00:00-04:00,30.090264184134345,30.099138992394497,29.890625,29.890625,13200,0.0,0.0,0.0
2014-03-20 00:00:00-04:00,29.937206336176743,30.003750467842952,29.875092838709474,29.961606979370117,30000,0.0,0.0,0.0
2014-03-21 00:00:00-04:00,30.136843754168677,30.210045679506567,29.915020968810374,29.93498420715332,18800,0.0,0.0,0.0
2014-03-24 00:00:00-04:00,29.966042218552154,29.966042218552154,29.617782171244254,29.73312759399414,24000,0.0,0.0,0.0
2014-03-25 00:00:00-04:00,29.85836155578105,29.907299022811895,29.73157149606838,29.833892822265625,72000,0.09325,0.0,0.0
2014-03-26 00:00:00-04:00,29.936219265422093,29.9962795046331,29.562515258789062,29.562515258789062,100400,0.0,0.0,0.0
2014-03-27 00:00:00-04:00,29.475763626037192,29.633698807822814,29.397911027455244,29.466867446899414,220800,0.0,0.0,0.0
2014-03-28 00:00:00-04:00,29.858360363211336,29.858360363211336,29.68040625331522,29.720447540283203,13600,0.0,0.0,0.0
2014-03-31 00:00:00-04:00,30.009620176860352,30.069677011285403,29.9072954686309,30.036312103271484,68000,0.0,0.0,0.0
2014-04-01 00:00:00-04:00,30.196477594818152,30.278779983520508,30.14976331835368,30.278779983520508,39600,0.0,0.0,0.0
2014-04-02 00:00:00-04:00,30.414471310470287,30.46118558951296,30.36553383497532,30.438940048217773,45200,0.0,0.0,0.0
2014-04-03 00:00:00-04:00,30.401119399560006,30.412242168032957,30.245410823515893,30.309917449951172,23600,0.0,0.0,0.0
2014-04-04 00:00:00-04:00,30.53013273033995,30.53013273033995,29.87170360205534,29.929540634155273,58400,0.0,0.0,0.0
2014-04-07 00:00:00-04:00,29.83389597030531,29.83389597030531,29.3156061196565,29.404584884643555,39200,0.0,0.0,0.0
2014-04-08 00:00:00-04:00,29.420159020388912,29.518033981323242,29.37122153992175,29.518033981323242,16400,0.0,0.0,0.0
2014-04-09 00:00:00-04:00,29.678179922382416,29.831665283527506,29.55138988112689,29.81831932067871,34800,0.0,0.0,0.0
2014-04-10 00:00:00-04:00,29.604773423498564,29.604773423498564,29.251091834929436,29.25776481628418,9600,0.0,0.0,0.0
2014-04-11 00:00:00-04:00,29.019754940769026,29.18213648324016,28.832901273525902,28.892961502075195,64000,0.0,0.0,0.0
2014-04-14 00:00:00-04:00,29.139880348522773,29.139880348522773,28.826236546959063,28.9908447265625,40800,0.0,0.0,0.0
2014-04-15 00:00:00-04:00,29.06202132759957,29.139877319335938,28.779522670688863,29.139877319335938,37600,0.0,0.0,0.0
2014-04-16 00:00:00-04:00,29.462418737699405,29.462418737699405,29.27111863441019,29.460195541381836,20800,0.0,0.0,0.0
2014-04-17 00:00:00-04:00,29.426822391247182,29.613676071166992,29.404580249151405,29.613676071166992,32800,0.0,0.0,0.0
2014-04-21 00:00:00-04:00,29.495784431343036,29.667062175810393,29.495784431343036,29.647043228149414,16800,0.0,0.0,0.0
2014-04-22 00:00:00-04:00,29.762715303951452,29.893955159216777,29.70710485061604,29.816099166870117,14400,0.0,0.0,0.0
2014-04-23 00:00:00-04:00,29.822778836144728,29.85169396702012,29.796083507545717,29.800533294677734,27200,0.0,0.0,0.0
2014-04-24 00:00:00-04:00,30.05856388031824,30.05856388031824,29.76716564250866,29.79385757446289,12800,0.0,0.0,0.0
2014-04-25 00:00:00-04:00,29.651488064311202,29.68040318581888,29.440169065608718,29.506898880004883,31200,0.0,0.0,0.0
2014-04-28 00:00:00-04:00,29.60921916584115,29.60921916584115,29.137643778811693,29.486875534057617,19600,0.0,0.0,0.0
2014-04-29 00:00:00-04:00,29.540271454580925,29.564740188129736,29.484661005078397,29.54916763305664,19600,0.0,0.0,0.0
2014-04-30 00:00:00-04:00,29.46908696675676,29.66038703918457,29.46464057483894,29.66038703918457,10800,0.0,0.0,0.0
2014-05-01 00:00:00-04:00,29.68041273865297,29.84502092025835,29.631478657076688,29.72267723083496,20800,0.0,0.0,0.0
2014-05-02 00:00:00-04:00,29.84723672597482,29.927315903387072,29.76938413866906,29.782730102539062,22000,0.0,0.0,0.0
2014-05-05 00:00:00-04:00,29.546944119467156,29.804977416992188,29.54249433318088,29.804977416992188,19600,0.0,0.0,0.0
2014-05-06 00:00:00-04:00,29.77160802711932,29.77160802711932,29.59588050842285,29.59588050842285,20000,0.0,0.0,0.0
2014-05-07 00:00:00-04:00,29.70487826019929,29.82277554392766,29.566965422069135,29.816099166870117,28400,0.0,0.0,0.0
2014-05-08 00:00:00-04:00,29.80719883436481,30.087474258211575,29.673732407280315,29.782730102539062,17600,0.0,0.0,0.0
2014-05-09 00:00:00-04:00,29.722669311626785,29.836116790771484,29.655939493532458,29.836116790771484,27200,0.0,0.0,0.0
2014-05-12 00:00:00-04:00,29.90952975768626,30.234292926593074,29.90952975768626,30.229843139648438,17600,0.0,0.0,0.0
2014-05-13 00:00:00-04:00,30.3432829482358,30.349955929863757,30.180898010776644,30.18757438659668,14800,0.0,0.0,0.0
2014-05-14 00:00:00-04:00,30.14309538422925,30.14309538422925,29.989613351149572,29.991836547851562,32400,0.0,0.0,0.0
2014-05-15 00:00:00-04:00,29.644818146689865,29.7248973264335,29.522474483999265,29.720447540283203,18000,0.0,0.0,0.0
2014-05-16 00:00:00-04:00,29.72712234901301,29.858362197875977,29.689307649892793,29.858362197875977,10000,0.0,0.0,0.0
2014-05-19 00:00:00-04:00,29.98293069993302,30.03186817068606,29.98293069993302,30.01407241821289,15200,0.0,0.0,0.0
2014-05-20 00:00:00-04:00,29.969584472591393,29.969584472591393,29.742696267472077,29.76938819885254,7600,0.0,0.0,0.0
2014-05-21 00:00:00-04:00,29.858365887290184,29.954017639160156,29.807205216769756,29.954017639160156,14800,0.0,0.0,0.0
2014-05-22 00:00:00-04:00,30.063004429715626,30.078576983124048,30.063004429715626,30.074127197265625,14000,0.0,0.0,0.0
2014-05-23 00:00:00-04:00,30.056332815982625,30.20759499432439,30.056332815982625,30.2009220123291,13200,0.0,0.0,0.0
2014-05-27 00:00:00-04:00,30.356634837823908,30.38999975247731,30.336615889031865,30.38555335998535,24800,0.0,0.0,0.0
2014-05-28 00:00:00-04:00,30.407793628737153,30.427812576293945,30.323268052099863,30.427812576293945,13200,0.0,0.0,0.0
2014-05-29 00:00:00-04:00,30.410017013549805,30.42336297718088,30.410017013549805,30.410017013549805,7600,0.0,0.0,0.0
2014-05-30 00:00:00-04:00,30.49231725843669,30.496767044067383,30.418911069393985,30.496767044067383,17600,0.0,0.0,0.0
2014-06-02 00:00:00-04:00,30.52347191103765,30.57018280029297,30.378886061560966,30.57018280029297,15600,0.0,0.0,0.0
2014-06-03 00:00:00-04:00,30.51679332992153,30.592422732878717,30.503447364010587,30.579076766967773,10800,0.0,0.0,0.0
2014-06-04 00:00:00-04:00,30.530133948693745,30.685842514038086,30.530133948693745,30.685842514038086,16000,0.0,0.0,0.0
2014-06-05 00:00:00-04:00,30.630239074180718,30.901618376207683,30.628015877807456,30.88159942626953,16400,0.0,0.0,0.0
2014-06-06 00:00:00-04:00,30.99059660886425,31.0506534576416,30.99059660886425,31.0506534576416,11200,0.0,0.0,0.0
2014-06-09 00:00:00-04:00,31.15742201341481,31.213032458878157,31.135176477552584,31.137399673461914,10400,0.0,0.0,0.0
2014-06-10 00:00:00-04:00,31.048422935846716,31.099583593021045,30.999485474482725,31.041749954223633,28400,0.0,0.0,0.0
2014-06-11 00:00:00-04:00,30.95055038343699,30.972795920012302,30.857125239366876,30.941654205322266,68800,0.0,0.0,0.0
2014-06-12 00:00:00-04:00,31.003935149636703,31.003935149636703,30.694741223499822,30.748125076293945,18400,0.0,0.0,0.0
2014-06-13 00:00:00-04:00,30.688073386175926,30.834882400161593,30.688073386175926,30.801517486572266,16000,0.0,0.0,0.0
2014-06-16 00:00:00-04:00,30.848231164140408,30.879376278572767,30.752582807045393,30.81264305114746,14400,0.0,0.0,0.0
2014-06-17 00:00:00-04:00,31.061768957669845,31.110706419126124,31.046199798583984,31.046199798583984,17200,0.0,0.0,0.0
2014-06-18 00:00:00-04:00,31.012828339845807,31.039520263671875,30.948321725868905,31.039520263671875,30400,0.0,0.0,0.0
2014-06-19 00:00:00-04:00,31.22638873837042,31.22638873837042,31.08402608672238,31.170778274536133,12000,0.0,0.0,0.0
2014-06-20 00:00:00-04:00,31.224150774964357,31.359840393066406,31.224150774964357,31.359840393066406,15600,0.0,0.0,0.0
2014-06-23 00:00:00-04:00,31.35539723153243,31.408781090585382,31.310906156731683,31.339824676513672,13600,0.0,0.0,0.0
2014-06-24 00:00:00-04:00,31.28714592160681,31.42776841541695,31.106347518646693,31.12866973876953,17600,0.121,0.0,0.0
2014-06-25 00:00:00-04:00,31.066168370471985,31.273754119873047,31.066168370471985,31.273754119873047,20000,0.0,0.0,0.0
2014-06-26 00:00:00-04:00,31.05277906941062,31.238042614490798,31.05277906941062,31.213489532470703,12800,0.0,0.0,0.0
2014-06-27 00:00:00-04:00,31.193399549141038,31.36750197182762,31.193399549141038,31.347414016723633,19200,0.0,0.0,0.0
2014-06-30 00:00:00-04:00,31.378672059868627,31.481346130371094,31.34965384582096,31.481346130371094,82400,0.0,0.0,0.0
2014-07-01 00:00:00-04:00,31.53937425227892,31.771509685844237,31.534909126856675,31.695619583129883,125200,0.0,0.0,0.0
2014-07-02 00:00:00-04:00,31.679997708291364,31.679997708291364,31.610803581238457,31.61526870727539,28800,0.0,0.0,0.0
2014-07-03 00:00:00-04:00,31.72910442273431,31.81392478942871,31.72910442273431,31.81392478942871,7200,0.0,0.0,0.0
2014-07-07 00:00:00-04:00,31.818384566482095,31.818384566482095,31.58178401062927,31.58847999572754,28400,0.0,0.0,0.0
2014-07-08 00:00:00-04:00,31.6041015091178,31.6041015091178,31.365270103478863,31.441160202026367,64000,0.0,0.0,0.0
2014-07-09 00:00:00-04:00,31.599641844562775,31.599641844562775,31.485803283446714,31.59071159362793,20400,0.0,0.0,0.0
2014-07-10 00:00:00-04:00,31.153229534050343,31.427775190101737,31.153229534050343,31.425540924072266,32800,0.0,0.0,0.0
2014-07-11 00:00:00-04:00,31.33178134065518,31.423297658507543,31.329550481399757,31.398744583129883,222000,0.0,0.0,0.0
2014-07-14 00:00:00-04:00,31.62418367961192,31.62418367961192,31.54829359494447,31.56168556213379,34800,0.0,0.0,0.0
2014-07-15 00:00:00-04:00,31.54830434268615,31.54830434268615,31.430004051022514,31.496967315673828,21600,0.0,0.0,0.0
2014-07-16 00:00:00-04:00,31.53045127633267,31.55277350270146,31.445634309097102,31.52152442932129,34000,0.0,0.0,0.0
2014-07-17 00:00:00-04:00,31.418836716697193,31.530441000381547,31.226877212524414,31.226877212524414,19200,0.0,0.0,0.0
2014-07-18 00:00:00-04:00,31.291611517858936,31.550534289254074,31.291611517858936,31.514820098876953,18400,0.0,0.0,0.0
2014-07-21 00:00:00-04:00,31.421070540175556,31.49249550966481,31.37866036802925,31.470176696777344,13200,0.0,0.0,0.0
2014-07-22 00:00:00-04:00,31.613029049530585,31.650974095551604,31.5616886291266,31.617490768432617,39200,0.0,0.0,0.0
2014-07-23 00:00:00-04:00,31.624190101609972,31.624190101609972,31.454552806276688,31.519285202026367,26400,0.0,0.0,0.0
2014-07-24 00:00:00-04:00,31.635354495441415,31.695621772179404,31.599643707275394,31.59964370727539,16400,0.0,0.0,0.0
2014-07-25 00:00:00-04:00,31.438933633492457,31.521519728131494,31.414380550506113,31.427772521972656,22400,0.0,0.0,0.0
2014-07-28 00:00:00-04:00,31.467944141303704,31.485801236119457,31.325090788670273,31.441160202026367,23200,0.0,0.0,0.0
2014-07-29 00:00:00-04:00,31.423304139939688,31.501428506589594,31.34294891357422,31.34294891357422,17600,0.0,0.0,0.0
2014-07-30 00:00:00-04:00,31.325091856537743,31.363036907105037,31.166615669220967,31.28045082092285,30000,0.0,0.0,0.0
2014-07-31 00:00:00-04:00,31.14429703327193,31.14429703327193,30.682256982341865,30.69341468811035,67600,0.0,0.0,0.0
2014-08-01 00:00:00-04:00,30.648770525619167,30.720198908263427,30.45234587924019,30.651004791259766,66400,0.0,0.0,0.0
2014-08-04 00:00:00-04:00,30.7313567573015,30.854122161865234,30.561719456563374,30.854122161865234,26400,0.0,0.0,0.0
2014-08-05 00:00:00-04:00,30.767083079921957,30.847438339511182,30.644317626953125,30.644317626953125,42400,0.0,0.0,0.0
2014-08-06 00:00:00-04:00,30.601902721174877,30.74029097368487,30.601902721174877,30.662166595458984,14400,0.0,0.0,0.0
2014-08-07 00:00:00-04:00,30.753681164959477,30.755912024876423,30.40101116218104,30.47467041015625,42000,0.0,0.0,0.0
2014-08-08 00:00:00-04:00,30.552790461834483,30.8407280214666,30.503684303464276,30.838497161865234,9600,0.0,0.0,0.0
2014-08-11 00:00:00-04:00,30.96126366348279,31.099651893345047,30.96126366348279,31.01483154296875,14400,0.0,0.0,0.0
2014-08-12 00:00:00-04:00,30.938955098955844,31.061720553451867,30.825119898910888,30.91440200805664,20000,0.0,0.0,0.0
2014-08-13 00:00:00-04:00,31.03491822736252,31.135364809072207,30.972420099925497,31.092954635620117,13600,0.0,0.0,0.0
2014-08-14 00:00:00-04:00,31.211262200543224,31.255903244018555,31.1867091157478,31.255903244018555,31600,0.0,0.0,0.0
2014-08-15 00:00:00-04:00,31.44116731831837,31.44116731831837,31.07957043266134,31.184478759765625,20800,0.0,0.0,0.0
2014-08-18 00:00:00-04:00,31.452321735132067,31.54829978942871,31.41660754502012,31.54829978942871,41200,0.0,0.0,0.0
2014-08-19 00:00:00-04:00,31.671063164248704,31.693385383114574,31.655440335756527,31.68222427368164,19600,0.0,0.0,0.0
2014-08-20 00:00:00-04:00,31.62196118506398,31.809455587094654,31.62196118506398,31.798297882080078,56400,0.0,0.0,0.0
2014-08-21 00:00:00-04:00,31.7759730024084,31.86302421077657,31.767046157964838,31.854097366333008,17200,0.0,0.0,0.0
2014-08-22 00:00:00-04:00,31.822846418197166,31.86748744955761,31.73802607448766,31.84963035583496,17600,0.0,0.0,0.0
2014-08-25 00:00:00-04:00,31.98132638087711,31.98132638087711,31.889810041911527,31.912132263183594,20400,0.0,0.0,0.0
2014-08-26 00:00:00-04:00,32.02150804557133,32.0282040312653,31.885350659972328,31.961240768432617,21200,0.0,0.0,0.0
2014-08-27 00:00:00-04:00,32.0081119968453,32.012577122511956,31.89650769642967,31.945613861083984,32800,0.0,0.0,0.0
2014-08-28 00:00:00-04:00,31.883109299027833,31.952303406396027,31.775970145873607,31.93891143798828,37600,0.0,0.0,0.0
2014-08-29 00:00:00-04:00,32.09293198426547,32.240250476526384,31.963470588571898,32.059452056884766,30400,0.0,0.0,0.0
2014-09-02 00:00:00-04:00,32.22016200013997,32.22016200013997,32.101861717446695,32.13534164428711,41200,0.0,0.0,0.0
2014-09-03 00:00:00-04:00,32.32282503147756,32.32282503147756,32.1576529074947,32.175506591796875,54800,0.0,0.0,0.0
2014-09-04 00:00:00-04:00,32.224629984304435,32.3719485028269,32.1130256652832,32.1130256652832,39200,0.0,0.0,0.0
2014-09-05 00:00:00-04:00,32.2335568926711,32.3250732421875,32.08623838943395,32.3250732421875,90000,0.0,0.0,0.0
2014-09-08 00:00:00-04:00,32.30721957870019,32.380878838149094,32.17106217291165,32.26704025268555,27600,0.0,0.0,0.0
2014-09-09 00:00:00-04:00,32.291582502659764,32.291582502659764,32.054981970074046,32.057212829589844,40400,0.0,0.0,0.0
2014-09-10 00:00:00-04:00,32.092925825380746,32.092925825380746,31.916592565193938,32.063907623291016,184800,0.0,0.0,0.0
2014-09-11 00:00:00-04:00,31.923292048302052,32.11078643798828,31.923292048302052,32.11078643798828,187600,0.0,0.0,0.0
2014-09-12 00:00:00-04:00,31.983556319821112,31.983556319821112,31.724636952340585,31.82284927368164,54000,0.0,0.0,0.0
2014-09-15 00:00:00-04:00,31.86079424748431,31.86079424748431,31.617494304422124,31.65990447998047,30800,0.0,0.0,0.0
2014-09-16 00:00:00-04:00,31.584015664308335,31.90990170615128,31.584015664308335,31.865257263183594,45200,0.0,0.0,0.0
2014-09-17 00:00:00-04:00,31.854097366333008,31.94561029397667,31.796060956825844,31.854097366333008,32800,0.0,0.0,0.0
2014-09-18 00:00:00-04:00,31.976862646812897,31.99025802369466,31.92106049709746,31.98802375793457,19200,0.0,0.0,0.0
2014-09-19 00:00:00-04:00,32.06837286153508,32.079533970523876,31.834003196339403,31.8719482421875,45600,0.0,0.0,0.0
2014-09-22 00:00:00-04:00,31.85856047707172,31.85856047707172,31.568388634540003,31.58847999572754,16400,0.0,0.0,0.0
2014-09-23 00:00:00-04:00,31.461254431737473,31.572858742177047,31.354115247365595,31.360811233520508,40800,0.0,0.0,0.0
2014-09-24 00:00:00-04:00,31.416324117092138,31.568549784985272,31.295441941369706,31.564071655273438,23200,0.102,0.0,0.0
2014-09-25 00:00:00-04:00,31.48572224920935,31.48572224920935,31.107403946005082,31.217092514038086,40400,0.0,0.0,0.0
2014-09-26 00:00:00-04:00,31.23948346073086,31.43871757470412,31.15441605842335,31.416330337524414,51200,0.0,0.0,0.0
2014-09-29 00:00:00-04:00,31.067102707392905,31.324538784703815,31.067102707392905,31.270814895629883,51200,0.0,0.0,0.0
2014-09-30 00:00:00-04:00,31.38498551473907,31.38498551473907,31.076062866356597,31.15217399597168,18400,0.0,0.0,0.0
2014-10-01 00:00:00-04:00,31.024579067526307,31.024579067526307,30.54999967598352,30.68207550048828,32800,0.0,0.0,0.0
2014-10-02 00:00:00-04:00,30.706700096227557,30.74699644189772,30.254504527112218,30.68207550048828,60800,0.0,0.0,0.0
2014-10-03 00:00:00-04:00,31.111873721686063,31.111873721686063,30.778326524654204,30.993228912353516,29200,0.0,0.0,0.0
2014-10-06 00:00:00-04:00,31.102923551583668,31.145457244586623,30.836531192933283,30.96636962890625,27200,0.0,0.0,0.0
2014-10-07 00:00:00-04:00,30.735788892774167,30.820852844746742,30.469396591186523,30.469396591186523,34000,0.0,0.0,0.0
2014-10-08 00:00:00-04:00,30.308222479022426,30.85220077460382,30.279119761470145,30.845481872558594,52000,0.0,0.0,0.0
2014-10-09 00:00:00-04:00,30.793989986160078,30.793989986160078,30.16942596435547,30.16942596435547,22800,0.0,0.0,0.0
2014-10-10 00:00:00-04:00,30.12689445182726,30.15375639402563,29.694845525204553,29.699323654174805,44800,0.0,0.0,0.0
2014-10-13 00:00:00-04:00,29.672463899232714,29.68365751457768,29.063568115234375,29.063568115234375,77600,0.0,0.0,0.0
2014-10-14 00:00:00-04:00,29.224750554014662,29.56725405173707,29.20907880725541,29.305339813232422,48400,0.0,0.0,0.0
2014-10-15 00:00:00-04:00,28.92477463136489,29.350104655365897,28.564360398182295,29.256084442138672,167600,0.0,0.0,0.0
2014-10-16 00:00:00-04:00,28.808373175258993,29.576206784068674,28.309167582984074,29.506811141967773,105600,0.0,0.0,0.0
2014-10-17 00:00:00-04:00,29.867224963335428,30.02616613062354,29.773204726727464,29.889612197875977,88400,0.0,0.0,0.0
2014-10-20 00:00:00-04:00,29.90528115848375,30.14928630737147,29.90528115848375,30.147048950195312,35200,0.0,0.0,0.0
2014-10-21 00:00:00-04:00,30.536564668140844,30.919361114501953,30.38210162578679,30.919361114501953,681600,0.0,0.0,0.0
2014-10-22 00:00:00-04:00,31.044710401147107,31.051429301994798,30.59251846824478,30.60371208190918,134000,0.0,0.0,0.0
2014-10-23 00:00:00-04:00,31.015612362445783,31.167834583858905,30.86562749753175,30.99098777770996,45200,0.0,0.0,0.0
2014-10-24 00:00:00-04:00,30.995477786266708,31.22157384854394,30.961896931040958,31.205902099609375,56000,0.0,0.0,0.0
2014-10-27 00:00:00-04:00,31.14992586603437,31.156641351425364,30.948454472681473,31.0760555267334,56400,0.0,0.0,0.0
2014-10-28 00:00:00-04:00,31.315583011109794,31.570781707763672,31.243950027111072,31.570781707763672,49600,0.0,0.0,0.0
2014-10-29 00:00:00-04:00,31.71406226205602,31.738686856187755,31.342455992727235,31.566314697265625,241600,0.0,0.0,0.0
2014-10-30 00:00:00-04:00,31.50139129348553,31.790167465457735,31.37379021613615,31.718534469604492,135200,0.0,0.0,0.0
2014-10-31 00:00:00-04:00,32.34086430175302,32.34086430175302,32.03193822524103,32.1393928527832,76400,0.0,0.0,0.0
2014-11-03 00:00:00-05:00,32.190882265113075,32.3565355196789,32.186404134612914,32.20655059814453,75200,0.0,0.0,0.0
2014-11-04 00:00:00-05:00,32.081187774311104,32.114768626730175,31.90881562950145,32.029701232910156,42000,0.0,0.0,0.0
2014-11-05 00:00:00-05:00,32.59829812004318,32.59829812004318,32.056560553730584,32.137149810791016,56800,0.0,0.0,0.0
2014-11-06 00:00:00-05:00,32.14610811222241,32.3811569957507,32.14610811222241,32.37668228149414,47600,0.0,0.0,0.0
2014-11-07 00:00:00-05:00,32.408028356950766,32.408028356950766,32.24013431432873,32.30281448364258,42800,0.0,0.0,0.0
2014-11-10 00:00:00-05:00,32.37444298090268,32.45951037701972,32.345343673662036,32.408023834228516,102000,0.0,0.0,0.0
2014-11-11 00:00:00-05:00,32.459507457686755,32.459507457686755,32.37891819909035,32.42593002319336,28000,0.0,0.0,0.0
2014-11-12 00:00:00-05:00,32.30280266860234,32.54232963891119,32.30280266860234,32.49755859375,34800,0.0,0.0,0.0
2014-11-13 00:00:00-05:00,32.5266657424858,32.5266657424858,32.29385081062408,32.42593002319336,65200,0.0,0.0,0.0
2014-11-14 00:00:00-05:00,32.43488488461317,32.45950947671076,32.38787305758596,32.390113830566406,28000,0.0,0.0,0.0
2014-11-17 00:00:00-05:00,32.419216552812415,32.419216552812415,32.32295554159003,32.390113830566406,29600,0.0,0.0,0.0
2014-11-18 00:00:00-05:00,32.46397759923394,32.68783621627164,32.46397759923394,32.62067794799805,41600,0.0,0.0,0.0
2014-11-19 00:00:00-05:00,32.57368314621787,32.625173114410046,32.439369955340545,32.575923919677734,29600,0.0,0.0,0.0
2014-11-20 00:00:00-05:00,32.48189926018425,32.78634723372681,32.48189926018425,32.72814178466797,28800,0.0,0.0,0.0
2014-11-21 00:00:00-05:00,33.368371037058346,33.368371037058346,32.828870851126005,32.907222747802734,123600,0.0,0.0,0.0
2014-11-24 00:00:00-05:00,32.95199097591708,33.086307525634766,32.95199097591708,33.086307525634766,31600,0.0,0.0,0.0
2014-11-25 00:00:00-05:00,33.16913871124577,33.20719427523367,33.050493889456384,33.142276763916016,33600,0.0,0.0,0.0
2014-11-26 00:00:00-05:00,33.12212210027996,33.16689314001214,33.059438545681246,33.12883758544922,55600,0.0,0.0,0.0
2014-11-28 00:00:00-05:00,33.20271746185369,33.20271746185369,33.01691436767578,33.01691436767578,18800,0.0,0.0,0.0
2014-12-01 00:00:00-05:00,33.034828942484886,33.034828942484886,32.6497917175293,32.6497917175293,32800,0.0,0.0,0.0
2014-12-02 00:00:00-05:00,32.70127268672737,32.86021041870117,32.67888545493377,32.86021041870117,43600,0.0,0.0,0.0
2014-12-03 00:00:00-05:00,32.99005037651512,33.18256896509735,32.99005037651512,33.166900634765625,24800,0.0,0.0,0.0
2014-12-04 00:00:00-05:00,33.090774338365975,33.17583826933914,33.07510259940662,33.133304595947266,30000,0.0,0.0,0.0
2014-12-05 00:00:00-05:00,33.229579993951624,33.26315742658337,33.189283658981466,33.19599914550781,50400,0.0,0.0,0.0
2014-12-08 00:00:00-05:00,33.16018894763242,33.25420918783226,32.822160138543346,32.89155578613281,46400,0.0,0.0,0.0
2014-12-09 00:00:00-05:00,32.60949691926982,32.94976310491641,32.5624885044039,32.92290115356445,40000,0.0,0.0,0.0
2014-12-10 00:00:00-05:00,32.799774249139546,32.8042489632863,32.39234981817142,32.40578079223633,47200,0.0,0.0,0.0
2014-12-11 00:00:00-05:00,32.613977966850385,32.82664307097108,32.613977966850385,32.62964630126953,29200,0.0,0.0,0.0
2014-12-12 00:00:00-05:00,32.2020756089427,32.43488715577532,32.117008209228516,32.117008209228516,38000,0.0,0.0,0.0
2014-12-15 00:00:00-05:00,32.262507037068325,32.34981177256151,31.879710664448925,32.02745819091797,84800,0.0,0.0,0.0
2014-12-16 00:00:00-05:00,31.837176187918917,32.246837910738684,31.7767333984375,31.7767333984375,36800,0.0,0.0,0.0
2014-12-17 00:00:00-05:00,31.859569939048953,32.4371223449707,31.785696162521173,32.4371223449707,36800,0.0,0.0,0.0
2014-12-18 00:00:00-05:00,32.91841697930507,33.001243591308594,32.72142026339171,33.001243591308594,64000,0.0,0.0,0.0
2014-12-19 00:00:00-05:00,33.13108788307919,33.28778829125553,33.03035215038102,33.240779876708984,123600,0.0,0.0,0.0
2014-12-22 00:00:00-05:00,33.292269362930654,33.303462982177734,33.135568940910595,33.303462982177734,72000,0.0,0.0,0.0
2014-12-23 00:00:00-05:00,33.415381711552925,33.56760395428038,33.415381711552925,33.52059555053711,31200,0.0,0.0,0.0
2014-12-24 00:00:00-05:00,33.63538128348751,33.63538128348751,33.493595123291016,33.493595123291016,18400,0.2,0.0,0.0
2014-12-26 00:00:00-05:00,33.54085188466932,33.669138346397816,33.54085188466932,33.61287307739258,84000,0.0,0.0,0.0
2014-12-29 00:00:00-05:00,33.58137578418823,33.72991353358736,33.58137578418823,33.63088607788086,22800,0.0,0.0,0.0
2014-12-30 00:00:00-05:00,33.617372466779734,33.626376833121434,33.464332580566406,33.464332580566406,65600,0.0,0.0,0.0
2014-12-31 00:00:00-05:00,33.619618453376404,33.619618453376404,33.178497314453125,33.178497314453125,55200,0.0,0.0,0.0
2015-01-02 00:00:00-05:00,33.40806922707937,33.43957764276382,32.94219111571678,33.119991302490234,79200,0.0,0.0,0.0
2015-01-05 00:00:00-05:00,33.032215501246306,33.032215501246306,32.492066851561816,32.63160705566406,104800,0.0,0.0,0.0
2015-01-06 00:00:00-05:00,32.56859284699226,32.633859054070086,32.02844415387729,32.24675369262695,78000,0.0,0.0,0.0
2015-01-07 00:00:00-05:00,32.523574737366644,32.606849670410156,32.3997938933475,32.606849670410156,55200,0.0,0.0,0.0
2015-01-08 00:00:00-05:00,32.85892065554191,33.18075638068918,32.85892065554191,33.16950607299805,256800,0.0,0.0,0.0
2015-01-09 00:00:00-05:00,33.14248411740018,33.14248411740018,32.919675908497034,32.98269271850586,36000,0.0,0.0,0.0
2015-01-12 00:00:00-05:00,32.885922969442746,32.9196841909722,32.50782201426094,32.64285659790039,93200,0.0,0.0,0.0
2015-01-13 00:00:00-05:00,32.87017257692518,33.11098615523199,32.31652078962222,32.5438346862793,55200,0.0,0.0,0.0
2015-01-14 00:00:00-05:00,32.298511557358296,32.50782012939453,32.16122417308139,32.50782012939453,66800,0.0,0.0,0.0
2015-01-15 00:00:00-05:00,32.65861785884786,32.65861785884786,32.199494704784044,32.201744079589844,43600,0.0,0.0,0.0
2015-01-16 00:00:00-05:00,32.11846936748494,32.5438346862793,32.104962817515876,32.5438346862793,40000,0.0,0.0,0.0
2015-01-20 00:00:00-05:00,32.74414060907222,32.74414060907222,32.30526871763196,32.53483200073242,102800,0.0,0.0,0.0
2015-01-21 00:00:00-05:00,32.4830678558534,32.8791741419075,32.4830678558534,32.78464889526367,76400,0.0,0.0,0.0
2015-01-22 00:00:00-05:00,32.99620782703525,33.28428575871933,32.77339610296217,33.20551300048828,38000,0.0,0.0,0.0
2015-01-23 00:00:00-05:00,33.3090372666078,33.3090372666078,33.11773398972371,33.14924240112305,46800,0.0,0.0,0.0
2015-01-26 00:00:00-05:00,33.17850421211614,33.39906311035156,33.14924517259935,33.39906311035156,35600,0.0,0.0,0.0
2015-01-27 00:00:00-05:00,33.083973460815756,33.336040731110145,32.935432347609854,33.198753356933594,108000,0.0,0.0,0.0
2015-01-28 00:00:00-05:00,33.44183136918918,33.44183136918918,32.737392390969674,32.827415466308594,160000,0.0,0.0,0.0
2015-01-29 00:00:00-05:00,32.85891477134662,33.079473648658194,32.633853711268905,33.070472717285156,88000,0.0,0.0,0.0
2015-01-30 00:00:00-05:00,32.89041523335055,32.94217830309361,32.59108368369131,32.62709426879883,55200,0.0,0.0,0.0
2015-02-02 00:00:00-05:00,32.79816282831119,32.98271463321495,32.37054798567989,32.95120620727539,39200,0.0,0.0,0.0
2015-02-03 00:00:00-05:00,33.18075904606869,33.626382533213544,33.18075904606869,33.59937286376953,95200,0.0,0.0,0.0
2015-02-04 00:00:00-05:00,33.369813377504464,33.531857659382865,33.309045913260015,33.39006805419922,57600,0.0,0.0,0.0
2015-02-05 00:00:00-05:00,33.64436967141448,33.74789580688611,33.61286126920682,33.71413803100586,74800,0.0,0.0,0.0
2015-02-06 00:00:00-05:00,33.71189332325829,33.76140702921836,33.4508251140205,33.52959442138672,64800,0.0,0.0,0.0
2015-02-09 00:00:00-05:00,33.49358895196162,33.59486574320129,33.35404875805699,33.43056869506836,50800,0.0,0.0,0.0
2015-02-10 00:00:00-05:00,33.66463538135244,33.82667962705633,33.349547821746256,33.72540283203125,77600,0.0,0.0,0.0
2015-02-11 00:00:00-05:00,33.718656910771244,33.78617249596704,33.581369497273165,33.75241470336914,54000,0.0,0.0,0.0
2015-02-12 00:00:00-05:00,33.952715252781445,34.17777633666992,33.93921213721368,34.17777633666992,67600,0.0,0.0,0.0
2015-02-13 00:00:00-05:00,34.23854176919949,34.400586014763725,34.23854176919949,34.39608383178711,48400,0.0,0.0,0.0
2015-02-17 00:00:00-05:00,34.371328107209536,34.51086487663978,34.245294452993896,34.46360397338867,134000,0.0,0.0,0.0
2015-02-18 00:00:00-05:00,34.42309057633197,34.562630777419585,34.40733808691724,34.5108642578125,95200,0.0,0.0,0.0
2015-02-19 00:00:00-05:00,34.411833637112814,34.605386280098976,34.411833637112814,34.55362319946289,60400,0.0,0.0,0.0
2015-02-20 00:00:00-05:00,34.50861673696756,34.7471809387207,34.335318739140234,34.7471809387207,44400,0.0,0.0,0.0
2015-02-23 00:00:00-05:00,34.68416389308361,34.69541763414813,34.569383976208556,34.69316482543945,76400,0.0,0.0,0.0
2015-02-24 00:00:00-05:00,34.722419813093275,34.75392822390098,34.62564520638362,34.74042510986328,49600,0.0,0.0,0.0
2015-02-25 00:00:00-05:00,34.64364706899441,34.870960935826396,34.64364706899441,34.74042510986328,111200,0.0,0.0,0.0
2015-02-26 00:00:00-05:00,34.81018974208237,34.81018974208237,34.452343521959364,34.56712341308594,45200,0.0,0.0,0.0
2015-02-27 00:00:00-05:00,34.5806376169817,34.5806376169817,34.48386298964807,34.488365173339844,54000,0.0,0.0,0.0
2015-03-02 00:00:00-05:00,34.56036700854412,34.79893112182617,34.54686389785394,34.79893112182617,74000,0.0,0.0,0.0
2015-03-03 00:00:00-05:00,34.75167962693767,34.75167962693767,34.504111083511546,34.62789535522461,72000,0.0,0.0,0.0
2015-03-04 00:00:00-05:00,34.48610489512691,34.528867045537176,34.28130194266808,34.42308807373047,82400,0.0,0.0,0.0
2015-03-05 00:00:00-05:00,34.53336715698242,34.542368087716675,34.423086009073586,34.53336715698242,42000,0.0,0.0,0.0
2015-03-06 00:00:00-05:00,34.375831838707825,34.375831838707825,33.96171682657,34.02923583984375,72400,0.0,0.0,0.0
2015-03-09 00:00:00-04:00,34.14626007087157,34.256541212916886,34.051734849472226,34.12375259399414,84400,0.0,0.0,0.0
2015-03-10 00:00:00-04:00,33.88744263274212,33.92795197177481,33.68038345271188,33.68263626098633,89600,0.0,0.0,0.0
2015-03-11 00:00:00-04:00,33.808665233902104,33.86493048646363,33.637620102412114,33.777156829833984,148800,0.0,0.0,0.0
2015-03-12 00:00:00-04:00,33.9729699261331,34.17777633666992,33.853687826404986,34.17777633666992,49600,0.0,0.0,0.0
2015-03-13 00:00:00-04:00,34.130505143868724,34.130505143868724,33.73664832615899,33.975215911865234,91600,0.0,0.0,0.0
2015-03-16 00:00:00-04:00,34.103506035043445,34.35557335204947,34.09225229392861,34.339820861816406,45200,0.0,0.0,0.0
2015-03-17 00:00:00-04:00,34.24079839245225,34.36458269431912,34.153024693703046,34.30606460571289,51600,0.0,0.0,0.0
2015-03-18 00:00:00-04:00,34.288060388801334,34.90697842156555,34.13501705311831,34.762939453125,86400,0.0,0.0,0.0
2015-03-19 00:00:00-04:00,34.73142572435701,34.73142572435701,34.5086140303406,34.60538864135742,54000,0.0,0.0,0.0
2015-03-20 00:00:00-04:00,34.72692751069216,34.963242346357895,34.71792314379759,34.94073486328125,111200,0.0,0.0,0.0
2015-03-23 00:00:00-04:00,34.97674363497083,35.037507654615226,34.911473997954815,34.913726806640625,62400,0.0,0.0,0.0
2015-03-24 00:00:00-04:00,34.875465187559655,34.875465187559655,34.670658788079756,34.73142623901367,32800,0.0,0.0,0.0
2015-03-25 00:00:00-04:00,34.74992355709954,34.74992355709954,34.13845677401244,34.145225524902344,110000,0.098,0.0,0.0
2015-03-26 00:00:00-04:00,34.06624517344179,34.20388215142718,33.94665934175496,34.088809967041016,48400,0.0,0.0,0.0
2015-03-27 00:00:00-04:00,34.133947371700856,34.361836713452774,34.05271890801315,34.35732650756836,39200,0.0,0.0,0.0
2015-03-30 00:00:00-04:00,34.62357960892714,34.85824118836798,34.61229720633569,34.82665252685547,61600,0.0,0.0,0.0
2015-03-31 00:00:00-04:00,34.734133206848036,34.82664406555368,34.591982543124985,34.68674850463867,56800,0.0,0.0,0.0
2015-04-01 00:00:00-04:00,34.655160647394574,34.655160647394574,34.33476045312967,34.452091217041016,76800,0.0,0.0,0.0
2015-04-02 00:00:00-04:00,34.54911381111846,34.79279920405991,34.53783485341524,34.711570739746094,91600,0.0,0.0,0.0
2015-04-06 00:00:00-04:00,34.51301597944123,35.00941063488498,34.51301597944123,34.9394645690918,82800,0.0,0.0,0.0
2015-04-07 00:00:00-04:00,34.889820496790314,34.986841558674854,34.74541473388672,34.74541473388672,51600,0.0,0.0,0.0
2015-04-08 00:00:00-04:00,34.878546009565106,34.878546009565106,34.72511291503906,34.72511291503906,28800,0.0,0.0,0.0
2015-04-09 00:00:00-04:00,34.903363759741396,34.957513777951846,34.72511076871726,34.878543853759766,47600,0.0,0.0,0.0
2015-04-10 00:00:00-04:00,34.901099058472106,34.91689510626801,34.8288978992899,34.871768951416016,29600,0.0,0.0,0.0
2015-04-13 00:00:00-04:00,34.91012848197111,34.93494838508751,34.702545402681665,34.73638916015625,34400,0.0,0.0,0.0
2015-04-14 00:00:00-04:00,34.806332879561886,34.806332879561886,34.52880375822339,34.729618072509766,28400,0.0,0.0,0.0
2015-04-15 00:00:00-04:00,34.898838658870346,34.995863147835635,34.8446852155243,34.93268585205078,60800,0.0,0.0,0.0
2015-04-16 00:00:00-04:00,34.921404938857194,34.921404938857194,34.74089689626792,34.799560546875,45200,0.0,0.0,0.0
2015-04-17 00:00:00-04:00,34.53783481874824,34.55362742526006,34.27835337663428,34.40922164916992,65200,0.0,0.0,0.0
2015-04-20 00:00:00-04:00,34.59199374911891,34.69127339131514,34.589738645580326,34.61681365966797,28800,0.0,0.0,0.0
2015-04-21 00:00:00-04:00,34.837916598625505,34.837916598625505,34.59197616460127,34.6461296081543,37200,0.0,0.0,0.0
2015-04-22 00:00:00-04:00,34.69126005045576,34.758951002549814,34.553623043596296,34.74992370605469,29200,0.0,0.0,0.0
2015-04-23 00:00:00-04:00,34.70253973337675,34.98909612383276,34.70253973337675,34.905609130859375,42800,0.0,0.0,0.0
2015-04-24 00:00:00-04:00,35.01843811878084,35.01843811878084,34.73865382661469,34.81536865234375,40400,0.0,0.0,0.0
2015-04-27 00:00:00-04:00,34.9845986679205,34.9845986679205,34.59876250264082,34.61681365966797,924800,0.0,0.0,0.0
2015-04-28 00:00:00-04:00,34.614549443723554,34.666444354698726,34.41599021160253,34.641624450683594,44400,0.0,0.0,0.0
2015-04-29 00:00:00-04:00,34.50850384127879,34.58070501325987,34.35281565297186,34.44983673095703,42400,0.0,0.0,0.0
2015-04-30 00:00:00-04:00,34.47240213775592,34.47240213775592,34.13846439531891,34.16328430175781,34000,0.0,0.0,0.0
2015-05-01 00:00:00-04:00,34.337011608925266,34.659670311865334,34.32798775561791,34.61228561401367,29200,0.0,0.0,0.0
2015-05-04 00:00:00-04:00,34.78603192315557,34.801827973256444,34.677728447126114,34.74090576171875,48800,0.0,0.0,0.0
2015-05-05 00:00:00-04:00,34.72961928081941,34.72961928081941,34.23096957472676,34.26029968261719,88000,0.0,0.0,0.0
2015-05-06 00:00:00-04:00,34.34152728981062,34.34152728981062,34.06174306295962,34.19260787963867,32000,0.0,0.0,0.0
2015-05-07 00:00:00-04:00,34.246763876272894,34.4205032010507,34.181331463071096,34.359580993652344,22400,0.0,0.0,0.0
2015-05-08 00:00:00-04:00,34.75669011651659,34.88078961318156,34.74315261559034,34.77925491333008,23200,0.0,0.0,0.0
2015-05-11 00:00:00-04:00,34.7995638888649,34.81084628815484,34.691260430072184,34.69577407836914,30400,0.0,0.0,0.0
2015-05-12 00:00:00-04:00,34.59649128875282,34.67771973609672,34.38664969857085,34.62131118774414,36800,0.0,0.0,0.0
2015-05-13 00:00:00-04:00,34.72737570536943,34.745426862396585,34.59199374911891,34.61681365966797,31200,0.0,0.0,0.0
2015-05-14 00:00:00-04:00,34.72735816238311,34.93945484667593,34.72735816238311,34.93042755126953,45600,0.0,0.0,0.0
2015-05-15 00:00:00-04:00,34.95525088130362,35.038734436035156,34.94396848239009,35.038734436035156,31200,0.0,0.0,0.0
2015-05-18 00:00:00-04:00,35.03196761106592,35.271142775304604,35.03196761106592,35.262115478515625,80400,0.0,0.0,0.0
2015-05-19 00:00:00-04:00,35.41780896971645,35.41780896971645,35.17412356332178,35.2192497253418,59600,0.0,0.0,0.0
2015-05-20 00:00:00-04:00,35.219252031945715,35.39976013475322,35.219252031945715,35.29822540283203,31200,0.0,0.0,0.0
2015-05-21 00:00:00-04:00,35.25760439726061,35.36365276337044,35.25760439726061,35.32078170776367,36000,0.0,0.0,0.0
2015-05-22 00:00:00-04:00,35.30272993638951,35.383958389532935,35.30272993638951,35.35913848876953,228000,0.0,0.0,0.0
2015-05-26 00:00:00-04:00,35.207966678370184,35.22150762534277,34.842440296934946,34.93720626831055,83600,0.0,0.0,0.0
2015-05-27 00:00:00-04:00,35.10416523161201,35.25533971516211,35.018423143695365,35.24180221557617,49600,0.0,0.0,0.0
2015-05-28 00:00:00-04:00,35.19668667324746,35.19668667324746,35.03422974346324,35.11996841430664,74000,0.0,0.0,0.0
2015-05-29 00:00:00-04:00,35.12673881952306,35.15381727103186,34.92141426610535,34.97105407714844,184800,0.0,0.0,0.0
2015-06-01 00:00:00-04:00,35.0477676444249,35.10868985451092,34.9462329228851,35.02971649169922,31600,0.0,0.0,0.0
2015-06-02 00:00:00-04:00,34.957511265190504,35.153815395809545,34.85372144247725,35.0319709777832,91600,0.0,0.0,0.0
2015-06-03 00:00:00-04:00,35.21474203078946,35.241817041351446,35.07484644277253,35.101924896240234,114800,0.0,0.0,0.0
2015-06-04 00:00:00-04:00,35.0026425534414,35.0026425534414,34.77249465278928,34.774749755859375,28000,0.0,0.0,0.0
2015-06-05 00:00:00-04:00,34.85146183990445,34.862740796161,34.72961743760923,34.85823059082031,36800,0.0,0.0,0.0
2015-06-08 00:00:00-04:00,34.88757004492109,34.88757004492109,34.601016998291016,34.601016998291016,28800,0.0,0.0,0.0
2015-06-09 00:00:00-04:00,34.64388057985721,34.64388057985721,34.47239979252185,34.51301574707031,36400,0.0,0.0,0.0
2015-06-10 00:00:00-04:00,34.64613644652888,34.91464172908993,34.64613644652888,34.86274337768555,47600,0.0,0.0,0.0
2015-06-11 00:00:00-04:00,34.957503167746616,35.011656612426094,34.928173064419994,34.946224212646484,41600,0.0,0.0,0.0
2015-06-12 00:00:00-04:00,34.925917245752785,34.925917245752785,34.788280242321854,34.7905387878418,10800,0.0,0.0,0.0
2015-06-15 00:00:00-04:00,34.57845219392224,34.659680669581775,34.42502254151297,34.601016998291016,52000,0.0,0.0,0.0
2015-06-16 00:00:00-04:00,34.569415294212426,34.81535573166756,34.569415294212426,34.804073333740234,25600,0.0,0.0,0.0
2015-06-17 00:00:00-04:00,34.92592107112589,34.92592107112589,34.66644308286443,34.80859375,36800,0.0,0.0,0.0
2015-06-18 00:00:00-04:00,34.973308989694104,35.232787001810294,34.973308989694104,35.167354583740234,40400,0.0,0.0,0.0
2015-06-19 00:00:00-04:00,35.171866513575964,35.19217276892525,35.01391979088958,35.158329010009766,33600,0.0,0.0,0.0
2015-06-22 00:00:00-04:00,35.388479868372436,35.388479868372436,35.183151846001635,35.21699905395508,31600,0.0,0.0,0.0
2015-06-23 00:00:00-04:00,35.266635057477586,35.268890160601586,35.1402804244232,35.198944091796875,27600,0.0,0.0,0.0
2015-06-24 00:00:00-04:00,35.21930603240594,35.21930603240594,34.85498385025034,34.92287063598633,64000,0.1125,0.0,0.0
2015-06-25 00:00:00-04:00,35.06543432358651,35.06543432358651,34.78709883320401,34.85951232910156,28800,0.0,0.0,0.0
2015-06-26 00:00:00-04:00,34.93871476919335,34.93871476919335,34.71921608191597,34.73505783081055,43600,0.0,0.0,0.0
2015-06-29 00:00:00-04:00,34.515553657313525,34.62417044366208,33.988304566216556,34.10144805908203,50800,0.0,0.0,0.0
2015-06-30 00:00:00-04:00,34.41146264847807,34.41146264847807,34.12860392395069,34.16707229614258,68800,0.0,0.0,0.0
2015-07-01 00:00:00-04:00,34.506504931200155,35.18988916648442,34.20327773529868,34.370731353759766,78000,0.0,0.0,0.0
2015-07-02 00:00:00-04:00,34.49745033349763,34.49745033349763,34.2621133872613,34.35262680053711,149200,0.0,0.0,0.0
2015-07-06 00:00:00-04:00,34.07429402041305,34.382044452751686,34.07203239363409,34.2236442565918,65600,0.0,0.0,0.0
2015-07-07 00:00:00-04:00,34.357154738852195,34.495189943409216,33.86611237585177,34.440879821777344,45600,0.0,0.0,0.0
2015-07-08 00:00:00-04:00,34.21231716375492,34.21231716375492,33.84120678369681,33.859310150146484,60000,0.0,0.0,0.0
2015-07-09 00:00:00-04:00,34.19648281155536,34.43634642632476,33.848002427484985,33.886470794677734,64800,0.0,0.0,0.0
2015-07-10 00:00:00-04:00,34.20781362299591,34.31869552276061,34.14445352394934,34.25080871582031,39200,0.0,0.0,0.0
2015-07-13 00:00:00-04:00,34.51555917798971,34.62417598171125,34.47256409136541,34.55402755737305,39600,0.0,0.0,0.0
2015-07-14 00:00:00-04:00,34.57891415657232,34.81425455819208,34.57891415657232,34.80067443847656,31200,0.0,0.0,0.0
2015-07-15 00:00:00-04:00,34.86402492238633,34.86402492238633,34.49970286918986,34.585689544677734,48400,0.0,0.0,0.0
2015-07-16 00:00:00-04:00,34.82556872696595,34.82556872696595,34.63096176433555,34.66943359375,42800,0.0,0.0,0.0
2015-07-17 00:00:00-04:00,34.75768455220308,34.75768455220308,34.431830720015924,34.48613739013672,32000,0.0,0.0,0.0
2015-07-20 00:00:00-04:00,34.51555230451821,34.58796579448934,34.43861556107282,34.458980560302734,70000,0.0,0.0,0.0
2015-07-21 00:00:00-04:00,34.53139874834301,34.53139874834301,34.24627490887154,34.28022003173828,103600,0.0,0.0,0.0
2015-07-22 00:00:00-04:00,34.20101042916297,34.3458339430469,34.20101042916297,34.29378890991211,37200,0.0,0.0,0.0
2015-07-23 00:00:00-04:00,34.46124115023085,34.46124115023085,34.03129728827471,34.06523895263672,23600,0.0,0.0,0.0
2015-07-24 00:00:00-04:00,34.10597818089829,34.10597818089829,33.707714289162055,33.764286041259766,72800,0.0,0.0,0.0
2015-07-27 00:00:00-04:00,33.687345978294786,33.687345978294786,33.46558567592579,33.54252243041992,75200,0.0,0.0,0.0
2015-07-28 00:00:00-04:00,33.709971732711224,33.97246545855617,33.5266798311202,33.90231704711914,57600,0.0,0.0,0.0
2015-07-29 00:00:00-04:00,33.995088735940335,34.24174414435514,33.995088735940335,34.239479064941406,26000,0.0,0.0,0.0
2015-07-30 00:00:00-04:00,34.255324895285845,34.38204505443134,34.162546402745264,34.36620330810547,41600,0.0,0.0,0.0
2015-07-31 00:00:00-04:00,34.43182421940775,34.551756030435925,34.384302439158404,34.434085845947266,34000,0.0,0.0,0.0
2015-08-03 00:00:00-04:00,34.490658265775,34.490658265775,34.18290785994644,34.268898010253906,33600,0.0,0.0,0.0
2015-08-04 00:00:00-04:00,34.36620771995053,34.454459517318206,34.21006912779253,34.24175262451172,66800,0.0,0.0,0.0
2015-08-05 00:00:00-04:00,34.515560394175544,34.67396062453122,34.3526334564194,34.3911018371582,61200,0.0,0.0,0.0
2015-08-06 00:00:00-04:00,34.44993058456949,34.44993058456949,33.90231651516055,34.05392837524414,29600,0.0,0.0,0.0
2015-08-07 00:00:00-04:00,34.00867041435906,34.1105023227698,33.97020204016931,34.10371398925781,33600,0.0,0.0,0.0
2015-08-10 00:00:00-04:00,34.33451995786766,34.60154036992052,34.33451995786766,34.54949188232422,38800,0.0,0.0,0.0
2015-08-11 00:00:00-04:00,34.300579559839534,34.36167800895662,34.14896770325393,34.30284118652344,50400,0.0,0.0,0.0
2015-08-12 00:00:00-04:00,34.03808573221033,34.34809777727871,33.714497021352834,34.34357452392578,50800,0.0,0.0,0.0
2015-08-13 00:00:00-04:00,34.30509920720971,34.35940585937022,34.135384013479175,34.221370697021484,25200,0.0,0.0,0.0
2015-08-14 00:00:00-04:00,34.171597261478794,34.43861770629883,34.171597261478794,34.43861770629883,52800,0.0,0.0,0.0
2015-08-17 00:00:00-04:00,34.348104294077544,34.6535931437528,34.28248257935821,34.64680480957031,26400,0.0,0.0,0.0
2015-08-18 00:00:00-04:00,34.67395976983506,34.687536438835735,34.51103283609499,34.597023010253906,21200,0.0,0.0,0.0
2015-08-19 00:00:00-04:00,34.47028846864736,34.508756832411876,34.207794801103496,34.3073616027832,40800,0.0,0.0,0.0
2015-08-20 00:00:00-04:00,34.05394188564055,34.07883360107389,33.52895423390713,33.58778762817383,41600,0.0,0.0,0.0
2015-08-21 00:00:00-04:00,33.3365992111374,33.34791079772985,32.70751823651427,32.73014831542969,144400,0.0,0.0,0.0
2015-08-24 00:00:00-04:00,32.449543965066674,32.449543965066674,13.242311077507507,31.365631103515625,625600,0.0,0.0,0.0
2015-08-25 00:00:00-04:00,32.03317841934753,32.58531910101756,30.953788757324215,30.95378875732422,183600,0.0,0.0,0.0
2015-08-26 00:00:00-04:00,31.263809862823653,31.874784015853425,31.12350958782572,31.838577270507812,176400,0.0,0.0,0.0
2015-08-27 00:00:00-04:00,32.16895963535398,32.77088386320976,32.1304912610292,32.6396369934082,199600,0.0,0.0,0.0
2015-08-28 00:00:00-04:00,32.67583739369808,32.85234095572634,32.5717473201251,32.75503921508789,108800,0.0,0.0,0.0
2015-08-31 00:00:00-04:00,32.69847108416937,32.87271303875588,32.46992246010747,32.51744079589844,89200,0.0,0.0,0.0
2015-09-01 00:00:00-04:00,32.234577141907984,32.234577141907984,31.494617807171668,31.571557998657227,51600,0.0,0.0,0.0
2015-09-02 00:00:00-04:00,31.926828039263942,32.187060128689076,31.73674781154022,32.1689567565918,35600,0.0,0.0,0.0
2015-09-03 00:00:00-04:00,32.33414475035138,32.64415679189124,32.22778959906038,32.3205680847168,92000,0.0,0.0,0.0
2015-09-04 00:00:00-04:00,32.34998867500194,32.34998867500194,31.68696601796802,31.861207962036133,45200,0.0,0.0,0.0
2015-09-08 00:00:00-04:00,32.49706941724401,32.607951267104795,32.2436291351221,32.60568618774414,31200,0.0,0.0,0.0
2015-09-09 00:00:00-04:00,32.98358822816903,32.98358822816903,32.239105599788054,32.282100677490234,218800,0.0,0.0,0.0
2015-09-10 00:00:00-04:00,32.27531385373637,32.49254742625857,32.23910710736088,32.316043853759766,36000,0.0,0.0,0.0
2015-09-11 00:00:00-04:00,32.1553739389339,32.467647552490234,32.11464049629163,32.467647552490234,30800,0.0,0.0,0.0
2015-09-14 00:00:00-04:00,32.59891363779815,32.59891363779815,32.31379318237305,32.31379318237305,24400,0.0,0.0,0.0
2015-09-15 00:00:00-04:00,32.492554193804914,32.716579599189714,32.38167575762611,32.7030029296875,32800,0.0,0.0,0.0
2015-09-16 00:00:00-04:00,33.02886017182616,33.08090522783864,32.75957802306339,33.0650634765625,74800,0.0,0.0,0.0
2015-09-17 00:00:00-04:00,33.18271703478356,33.2800222153274,33.013001828293696,33.01752853393555,26800,0.0,0.0,0.0
2015-09-18 00:00:00-04:00,32.61474676141235,32.718836848913455,32.37940634530739,32.422401428222656,30400,0.0,0.0,0.0
2015-09-21 00:00:00-04:00,32.610209807600945,32.755033305517664,32.46538630968422,32.510643005371094,29200,0.0,0.0,0.0
2015-09-22 00:00:00-04:00,32.25720805390396,32.25720805390396,31.8860975636365,32.028656005859375,32800,0.0,0.0,0.0
2015-09-23 00:00:00-04:00,32.14179214607102,32.14179214607102,31.87703686773354,31.924558639526367,24000,0.0,0.0,0.0
2015-09-24 00:00:00-04:00,31.779749440775554,31.779749440775554,31.36790540959804,31.705074310302734,41200,0.0,0.0,0.0
2015-09-25 00:00:00-04:00,32.0364252322876,32.0364252322876,31.550405583697035,31.579931259155273,31200,0.12725,0.0,0.0
2015-09-28 00:00:00-04:00,31.559496618587193,31.559496618587193,30.696470008999356,30.74416160583496,49200,0.0,0.0,0.0
2015-09-29 00:00:00-04:00,30.803205433666978,30.81228838997728,30.53521143887702,30.698732376098633,47600,0.0,0.0,0.0
2015-09-30 00:00:00-04:00,31.06892741591355,31.298309326171875,30.86906771401422,31.298309326171875,56000,0.0,0.0,0.0
2015-10-01 00:00:00-04:00,31.373251173372882,31.373251173372882,30.91902717870094,31.282407760620117,80800,0.0,0.0,0.0
2015-10-02 00:00:00-04:00,30.91448898387937,31.709381103515625,30.828188767399435,31.709381103515625,60400,0.0,0.0,0.0
2015-10-05 00:00:00-04:00,32.020530164006836,32.41570292529582,32.020530164006836,32.395263671875,26400,0.0,0.0,0.0
2015-10-06 00:00:00-04:00,32.37482076729752,32.38390372375298,32.14316552495557,32.22492599487305,22000,0.0,0.0,0.0
2015-10-07 00:00:00-04:00,32.43160234347373,32.649627976939165,32.2658115126472,32.638275146484375,41200,0.0,0.0,0.0
2015-10-08 00:00:00-04:00,32.57922320713345,33.069786071777344,32.57922320713345,33.069786071777344,24800,0.0,0.0,0.0
2015-10-09 00:00:00-04:00,33.1061249842998,33.1061249842998,32.92670452151403,33.01755142211914,20800,0.0,0.0,0.0
2015-10-12 00:00:00-04:00,33.10157769221615,33.10157769221615,32.92670046238285,33.02208709716797,34000,0.0,0.0,0.0
2015-10-13 00:00:00-04:00,32.856300414749974,33.09022555297997,32.69277945874096,32.731388092041016,29600,0.0,0.0,0.0
2015-10-14 00:00:00-04:00,32.7836229113886,32.8562969589405,32.547424459572184,32.58830642700195,25200,0.0,0.0,0.0
2015-10-15 00:00:00-04:00,32.672336476096675,32.9471435546875,32.56559354573495,32.9471435546875,28800,0.0,0.0,0.0
2015-10-16 00:00:00-04:00,33.02436449439735,33.05388670481015,32.8858260032983,33.04253387451172,40000,0.0,0.0,0.0
2015-10-19 00:00:00-04:00,32.972114778108036,33.0561485651398,32.91987999432603,33.02435302734375,34400,0.0,0.0,0.0
2015-10-20 00:00:00-04:00,33.03345105071296,33.09931549398534,32.95169056401796,33.08341598510742,42000,0.0,0.0,0.0
2015-10-21 00:00:00-04:00,33.267369009823796,33.267369009823796,32.658710436030034,32.69050598144531,109600,0.0,0.0,0.0
2015-10-22 00:00:00-04:00,32.9039914552596,33.21286394942021,32.858566277669176,33.137916564941406,36400,0.0,0.0,0.0
2015-10-23 00:00:00-04:00,33.37638465192636,33.37638465192636,33.11520374442698,33.25374221801758,190400,0.0,0.0,0.0
2015-10-26 00:00:00-04:00,33.23103705871481,33.23103705871481,33.11520769448961,33.20151138305664,47200,0.0,0.0,0.0
2015-10-27 00:00:00-04:00,33.09702683142678,33.1106529953245,32.85628869469056,33.047061920166016,39200,0.0,0.0,0.0
2015-10-28 00:00:00-04:00,33.19241704367645,33.62165858027164,33.187877298854026,33.61711883544922,41200,0.0,0.0,0.0
2015-10-29 00:00:00-04:00,33.51264966393324,33.52173608553608,33.36729810737807,33.510379791259766,30400,0.0,0.0,0.0
2015-10-30 00:00:00-04:00,33.56489582951185,33.65801262248562,33.47859558777662,33.5058479309082,37600,0.0,0.0,0.0
2015-11-02 00:00:00-05:00,33.56034807250695,33.930538351692014,33.56034807250695,33.8964729309082,24800,0.0,0.0,0.0
2015-11-03 00:00:00-05:00,33.88512067706948,33.96006807718787,33.776107852104204,33.83061599731445,37200,0.0,0.0,0.0
2015-11-04 00:00:00-05:00,33.89874690454771,33.89874690454771,33.71706001778225,33.73068618774414,18800,0.0,0.0,0.0
2015-11-05 00:00:00-05:00,33.83514802816288,33.83514802816288,33.61257921718712,33.801082611083984,31600,0.0,0.0,0.0
2015-11-06 00:00:00-05:00,33.860141895067855,33.860141895067855,33.521747086580085,33.746585845947266,33200,0.0,0.0,0.0
2015-11-09 00:00:00-05:00,33.671635134861106,33.671635134861106,33.19697172780557,33.31734085083008,72000,0.0,0.0,0.0
2015-11-10 00:00:00-05:00,33.235576420269126,33.412723541259766,33.13564656423239,33.412723541259766,47600,0.0,0.0,0.0
2015-11-11 00:00:00-05:00,33.44451927652818,33.460418783466054,33.269645492940825,33.28554153442383,28000,0.0,0.0,0.0
2015-11-12 00:00:00-05:00,33.112938330953234,33.112938330953234,32.80860900878906,32.80860900878906,61200,0.0,0.0,0.0
2015-11-13 00:00:00-05:00,32.64736197610701,32.715496294191695,32.44068914858375,32.49519729614258,38400,0.0,0.0,0.0
2015-11-16 00:00:00-05:00,32.531524206349225,32.8199539519208,32.417968206074214,32.813140869140625,51600,0.0,0.0,0.0
2015-11-17 00:00:00-05:00,32.879009178287184,33.140186623625404,32.78134920446509,32.892635345458984,42000,0.0,0.0,0.0
2015-11-18 00:00:00-05:00,33.051623942563616,33.42635752485981,32.94715431624903,33.378665924072266,45600,0.0,0.0,0.0
2015-11-19 00:00:00-05:00,33.369568117776716,33.46268487959053,33.31733332243545,33.390010833740234,41200,0.0,0.0,0.0
2015-11-20 00:00:00-05:00,33.52627941457614,33.6330223543654,33.44451893868341,33.5330924987793,31600,0.0,0.0,0.0
2015-11-23 00:00:00-05:00,33.64210111108134,33.7215882304908,33.464954031255175,33.58304977416992,58800,0.0,0.0,0.0
2015-11-24 00:00:00-05:00,33.45360535058021,33.744308494671635,33.36957153634336,33.69434356689453,38400,0.0,0.0,0.0
2015-11-25 00:00:00-05:00,33.76702140719746,33.83288584913352,33.70343030388658,33.81244659423828,83600,0.0,0.0,0.0
2015-11-27 00:00:00-05:00,33.81470882884657,33.851047584088406,33.75338761255777,33.83742141723633,10800,0.0,0.0,0.0
2015-11-30 00:00:00-05:00,33.97824527990277,33.97824527990277,33.648933390580616,33.67391586303711,81600,0.0,0.0,0.0
2015-12-01 00:00:00-05:00,33.8760334141794,34.06226348876953,33.80562923480552,34.06226348876953,100400,0.0,0.0,0.0
2015-12-02 00:00:00-05:00,34.08951597052839,34.08951597052839,33.62393563121558,33.6375617980957,38000,0.0,0.0,0.0
2015-12-03 00:00:00-05:00,33.778366670671346,33.778366670671346,32.98120480104323,33.09021759033203,62000,0.0,0.0,0.0
2015-12-04 00:00:00-05:00,33.299171395097524,33.58760470126005,33.299171395097524,33.55353927612305,34400,0.0,0.0,0.0
2015-12-07 00:00:00-05:00,33.503574713100804,33.503574713100804,33.11521153496437,33.1947021484375,32800,0.0,0.0,0.0
2015-12-08 00:00:00-05:00,32.98121275623321,33.11293816339629,32.83131796889713,32.95396041870117,92000,0.0,0.0,0.0
2015-12-09 00:00:00-05:00,32.901718435783145,33.26509906729916,32.622371611259744,32.704132080078125,42400,0.0,0.0,0.0
2015-12-10 00:00:00-05:00,32.67233277132557,32.94486648084318,32.65416339529718,32.76544952392578,89200,0.0,0.0,0.0
2015-12-11 00:00:00-05:00,32.47701657612975,32.51562520096016,32.15451794626324,32.238548278808594,40400,0.0,0.0,0.0
2015-12-14 00:00:00-05:00,32.23400907415423,32.302143376920846,31.83202327219492,32.15452194213867,178400,0.0,0.0,0.0
2015-12-15 00:00:00-05:00,32.299869263749436,32.556506935447956,32.299869263749436,32.49745559692383,128400,0.0,0.0,0.0
2015-12-16 00:00:00-05:00,32.608752859850654,32.9653170233876,32.456588182116505,32.917625427246094,88400,0.0,0.0,0.0
2015-12-17 00:00:00-05:00,32.98802618457294,32.99483926902699,32.365737902615145,32.39072036743164,66800,0.0,0.0,0.0
2015-12-18 00:00:00-05:00,32.23628648190336,32.23628648190336,31.92287072888382,31.927413940429688,88000,0.0,0.0,0.0
2015-12-21 00:00:00-05:00,32.13861846255398,32.2203789226734,31.93876225539308,32.16360092163086,98000,0.0,0.0,0.0
2015-12-22 00:00:00-05:00,32.29305618091267,32.572402973582356,32.21810880425414,32.49745559692383,68000,0.0,0.0,0.0
2015-12-23 00:00:00-05:00,32.8040692176568,32.89037291654995,32.60648281803859,32.8835563659668,62800,0.0,0.0,0.0
2015-12-24 00:00:00-05:00,32.91255555257466,32.98332977294922,32.83264715195684,32.98332977294922,14000,0.18925,0.0,0.0
2015-12-28 00:00:00-05:00,32.77785499110694,32.81209945678711,32.5495492634553,32.81209945678711,74800,0.0,0.0,0.0
2015-12-29 00:00:00-05:00,32.983316508384235,33.177377698315865,32.978749420099305,33.097469329833984,76000,0.0,0.0,0.0
2015-12-30 00:00:00-05:00,33.13629260613792,33.13629260613792,32.92396995520886,32.9559326171875,44000,0.0,0.0,0.0
2015-12-31 00:00:00-05:00,32.841770894660705,32.93994065722733,32.661407470703125,32.661407470703125,75200,0.0,0.0,0.0
2016-01-04 00:00:00-05:00,32.156868618341214,32.24134063720703,31.946824247444837,32.24134063720703,84000,0.0,0.0,0.0
2016-01-05 00:00:00-05:00,32.43539614907684,32.43539614907684,32.12261493571535,32.32124328613281,98000,0.0,0.0,0.0
2016-01-06 00:00:00-05:00,31.9034342776196,31.997036950911006,31.615766915614646,31.782432556152344,65600,0.0,0.0,0.0
2016-01-07 00:00:00-05:00,31.284726982396666,31.419426497217874,30.93998666048098,31.0039119720459,236400,0.0,0.0,0.0
2016-01-08 00:00:00-05:00,31.15687789395558,31.15687789395558,30.56556699101988,30.61807632446289,34400,0.0,0.0,0.0
2016-01-11 00:00:00-05:00,30.71168461566973,30.812139683922798,30.309864342657445,30.5815486907959,80400,0.0,0.0,0.0
2016-01-12 00:00:00-05:00,30.82811479957161,30.85094676037816,30.39433541359204,30.663734436035156,42800,0.0,0.0,0.0
2016-01-13 00:00:00-05:00,30.834968242115334,30.834968242115334,29.91717832418849,29.930879592895508,238000,0.0,0.0,0.0
2016-01-14 00:00:00-05:00,30.065583323993152,30.37836107162507,29.613538936235145,30.184303283691406,238000,0.0,0.0,0.0
2016-01-15 00:00:00-05:00,29.506229752860357,29.71398529108051,29.268789875368043,29.645496368408203,216400,0.0,0.0,0.0
2016-01-19 00:00:00-05:00,29.951429271642592,29.951429271642592,29.252814295333295,29.556461334228516,156800,0.0,0.0,0.0
2016-01-20 00:00:00-05:00,29.127236974695187,29.49709103488445,28.405790241773442,29.366958618164062,276000,0.0,0.0,0.0
2016-01-21 00:00:00-05:00,29.34869965317334,29.711704895200516,29.314451706546894,29.410343170166016,61600,0.0,0.0,0.0
2016-01-22 00:00:00-05:00,29.84639726376642,30.129497529717327,29.84639726376642,30.049589157104492,69600,0.0,0.0,0.0
2016-01-25 00:00:00-05:00,29.933158509015012,29.933158509015012,29.49481201171875,29.49481201171875,45600,0.0,0.0,0.0
2016-01-26 00:00:00-05:00,29.64777691604452,30.10895538330078,29.64777691604452,30.10895538330078,80400,0.0,0.0,0.0
2016-01-27 00:00:00-05:00,30.074717304687944,30.289325280152255,29.723127961078184,29.860109329223633,44400,0.0,0.0,0.0
2016-01-28 00:00:00-05:00,30.131776864855915,30.131776864855915,29.66374961430683,29.709413528442383,58400,0.0,0.0,0.0
2016-01-29 00:00:00-05:00,29.878365736253617,30.531320175240754,29.878365736253617,30.524471282958984,75200,0.0,0.0,0.0
2016-02-01 00:00:00-05:00,30.314429134436953,30.77104051285434,30.218541163009505,30.654605865478516,52400,0.0,0.0,0.0
2016-02-02 00:00:00-05:00,31.029026965361993,31.029026965361993,29.928591874445118,29.994802474975586,111600,0.0,0.0,0.0
2016-02-03 00:00:00-05:00,30.19571314826984,30.20941441769502,29.53590975954379,30.177448272705078,136800,0.0,0.0,0.0
2016-02-04 00:00:00-05:00,30.10438781168269,30.524469436675393,30.10438781168269,30.339542388916016,42800,0.0,0.0,0.0
2016-02-05 00:00:00-05:00,30.225392089445986,30.225392089445986,29.677459791931454,29.71170425415039,35600,0.0,0.0,0.0
2016-02-08 00:00:00-05:00,29.40120144749086,29.40120144749086,28.72313338554874,29.056459426879883,135200,0.0,0.0,0.0
2016-02-09 00:00:00-05:00,28.77108418396555,29.186600497482768,28.714007757703104,29.03363609313965,81600,0.0,0.0,0.0
2016-02-10 00:00:00-05:00,29.20029827237498,29.49709462603295,29.12495697618839,29.1295223236084,237600,0.0,0.0,0.0
2016-02-11 00:00:00-05:00,28.793914810473346,28.8669725630224,28.47885183736524,28.714006423950195,90800,0.0,0.0,0.0
2016-02-12 00:00:00-05:00,28.978841040111636,29.259657802686945,28.830441994582706,29.255090713500977,110800,0.0,0.0,0.0
2016-02-16 00:00:00-05:00,29.606677276263664,29.8669490814209,29.45827998592091,29.8669490814209,44800,0.0,0.0,0.0
2016-02-17 00:00:00-05:00,30.017628062093802,30.410314087247052,30.017628062093802,30.2893123626709,65600,0.0,0.0,0.0
2016-02-18 00:00:00-05:00,30.42401443933811,30.42401443933811,30.099820783502338,30.15461540222168,48800,0.0,0.0,0.0
2016-02-19 00:00:00-05:00,29.967404730453072,30.24593796131157,29.908046502964794,30.243656158447266,63200,0.0,0.0,0.0
2016-02-22 00:00:00-05:00,30.48338114653075,30.76191440761451,30.48338114653075,30.72081756591797,84000,0.0,0.0,0.0
2016-02-23 00:00:00-05:00,30.613508798525686,30.707114966474148,30.414883965189272,30.444564819335938,117600,0.0,0.0,0.0
2016-02-24 00:00:00-05:00,30.25963728312421,30.7002691151145,29.99708710998289,30.650041580200195,30000,0.0,0.0,0.0
2016-02-25 00:00:00-05:00,30.745934325427356,30.971958267571093,30.56100722897758,30.953693389892578,40400,0.0,0.0,0.0
2016-02-26 00:00:00-05:00,31.2185177449134,31.24134622110928,30.97651081482771,31.04043960571289,50400,0.0,0.0,0.0
2016-02-29 00:00:00-05:00,31.035876501585896,31.179710203124873,30.837251663208008,30.837251663208008,65200,0.0,0.0,0.0
2016-03-01 00:00:00-05:00,31.081537120516586,31.535866706847653,30.969666076052675,31.478790283203125,59600,0.0,0.0,0.0
2016-03-02 00:00:00-05:00,31.497053855340923,31.748188018798828,31.42627616666478,31.748188018798828,38400,0.0,0.0,0.0
2016-03-03 00:00:00-05:00,31.72763997547607,31.983341217041016,31.700244409213578,31.983341217041016,58400,0.0,0.0,0.0
2016-03-04 00:00:00-05:00,32.06096689948822,32.24133034839568,31.894304718486527,32.09521484375,56400,0.0,0.0,0.0
2016-03-07 00:00:00-05:00,31.91941459009052,32.202514869909244,31.91941459009052,32.11347579956055,64400,0.0,0.0,0.0
2016-03-08 00:00:00-05:00,32.024444142161826,32.024444142161826,31.656871795654297,31.656871795654297,74000,0.0,0.0,0.0
2016-03-09 00:00:00-05:00,31.95823370401046,31.969649686742024,31.734495073880876,31.919422149658203,55200,0.0,0.0,0.0
2016-03-10 00:00:00-05:00,32.042700649360754,32.06781441120942,31.53357652130767,31.871471405029297,45600,0.0,0.0,0.0
2016-03-11 00:00:00-05:00,32.104340727954586,32.52214050292969,32.104340727954586,32.52214050292969,27200,0.0,0.0,0.0
2016-03-14 00:00:00-04:00,32.423971372562185,32.53812420454759,32.30981854057678,32.467350006103516,67600,0.0,0.0,0.0
2016-03-15 00:00:00-04:00,32.36004699376295,32.36004699376295,32.147720908671054,32.250457763671875,50800,0.0,0.0,0.0
2016-03-16 00:00:00-04:00,32.20936266571401,32.581502003224536,32.20936266571401,32.55867004394531,40000,0.0,0.0,0.0
2016-03-17 00:00:00-04:00,32.56552921777857,33.022140678198156,32.49932208883207,32.89885711669922,87200,0.0,0.0,0.0
2016-03-18 00:00:00-04:00,33.02898086874215,33.12486883212487,32.9627737572403,33.02669906616211,28800,0.0,0.0,0.0
2016-03-21 00:00:00-04:00,32.9901686093556,33.115737421903354,32.928525104347074,33.047245025634766,24400,0.0,0.0,0.0
2016-03-22 00:00:00-04:00,32.94907126196637,33.193356482479,32.82578426691564,33.083770751953125,54000,0.0,0.0,0.0
2016-03-23 00:00:00-04:00,33.009444006543305,33.009444006543305,32.73874484520788,32.78921127319336,39200,0.174,0.0,0.0
2016-03-24 00:00:00-04:00,32.63551650445169,32.67681168332448,32.46575715931184,32.663047790527344,38800,0.0,0.0,0.0
2016-03-28 00:00:00-04:00,32.74793013362263,32.89933996770104,32.65616850717117,32.828224182128906,43600,0.0,0.0,0.0
2016-03-29 00:00:00-04:00,32.74563201715548,33.252620697021484,32.72957180986143,33.252620697021484,52400,0.0,0.0,0.0
2016-03-30 00:00:00-04:00,33.417796678880656,33.502676350424345,33.257212097386635,33.307682037353516,290400,0.0,0.0,0.0
2016-03-31 00:00:00-04:00,33.32373464732609,33.37650089656347,33.179210291994806,33.319149017333984,54400,0.0,0.0,0.0
2016-04-01 00:00:00-04:00,33.050742832069986,33.47973377101194,33.04844651657986,33.4361457824707,23600,0.0,0.0,0.0
2016-04-04 00:00:00-04:00,33.39255343981979,33.424670348165414,33.13561817305486,33.199851989746094,45600,0.0,0.0,0.0
2016-04-05 00:00:00-04:00,32.96127105065844,33.0576252902338,32.85574555090406,32.90850830078125,43200,0.0,0.0,0.0
2016-04-06 00:00:00-04:00,32.841985204578876,33.17003631591797,32.82822131186274,33.17003631591797,44000,0.0,0.0,0.0
2016-04-07 00:00:00-04:00,32.95209296305114,33.02550504284313,32.6561588300312,32.7708625793457,60800,0.0,0.0,0.0
2016-04-08 00:00:00-04:00,32.93832774019575,33.0966194679206,32.871797608016664,32.94291687011719,37600,0.0,0.0,0.0
2016-04-11 00:00:00-04:00,33.00257075050173,33.22050722599253,32.88786697387695,32.88786697387695,95200,0.0,0.0,0.0
2016-04-12 00:00:00-04:00,32.98421417283058,33.14709505830264,32.8167476571342,33.13103485107422,62800,0.0,0.0,0.0
2016-04-13 00:00:00-04:00,33.316860094565115,33.57838458186223,33.30080338506809,33.57609176635742,64800,0.0,0.0,0.0
2016-04-14 00:00:00-04:00,33.50038528442383,33.57150106705022,33.41320929256875,33.50038528442383,54400,0.0,0.0,0.0
2016-04-15 00:00:00-04:00,33.50037185406375,33.60131169880129,33.45678387561071,33.56919479370117,44400,0.0,0.0,0.0
2016-04-18 00:00:00-04:00,33.475147789493114,33.72979029870508,33.39485725084723,33.70684814453125,278000,0.0,0.0,0.0
2016-04-19 00:00:00-04:00,33.821555190183055,33.998199993082736,33.69079470007511,33.860557556152344,99600,0.0,0.0,0.0
2016-04-20 00:00:00-04:00,33.894958113976365,33.96837019418321,33.76649047409506,33.78025436401367,52000,0.0,0.0,0.0
2016-04-21 00:00:00-04:00,33.8513669341112,33.88578015614056,33.60360643751708,33.628841400146484,481600,0.0,0.0,0.0
2016-04-22 00:00:00-04:00,33.67931700416885,33.89496063018402,33.67931700416885,33.828433990478516,25600,0.0,0.0,0.0
2016-04-25 00:00:00-04:00,33.72291805849473,33.8697387862131,33.649505944394406,33.76420974731445,90000,0.0,0.0,0.0
2016-04-26 00:00:00-04:00,33.851384712215534,34.05326451927425,33.80321107674698,33.931678771972656,39200,0.0,0.0,0.0
2016-04-27 00:00:00-04:00,34.03261600332996,34.181729530619776,33.91332308120898,34.14731979370117,54400,0.0,0.0,0.0
2016-04-28 00:00:00-04:00,33.97525095535199,34.080776441371704,33.663256626304964,33.69537353515625,46000,0.0,0.0,0.0
2016-04-29 00:00:00-04:00,33.67014103335479,33.67014103335479,33.234264666519216,33.47743606567383,45600,0.0,0.0,0.0
2016-05-02 00:00:00-04:00,33.65407449559608,33.85366137094814,33.50266472822006,33.82383728027344,36400,0.0,0.0,0.0
2016-05-03 00:00:00-04:00,33.642609420159914,33.642609420159914,33.31226555128105,33.49349594116211,56000,0.0,0.0,0.0
2016-05-04 00:00:00-04:00,33.236565099878085,33.44073766790656,33.21591576117046,33.34209060668945,28400,0.0,0.0,0.0
2016-05-05 00:00:00-04:00,33.42698010085379,33.539387575010515,33.32833302097054,33.39027404785156,27600,0.0,0.0,0.0
2016-05-06 00:00:00-04:00,33.28473801144385,33.51644185930623,33.17462337610715,33.49808883666992,50400,0.0,0.0,0.0
2016-05-09 00:00:00-04:00,33.569203400150634,33.61967333545885,33.4682635295342,33.537086486816406,42800,0.0,0.0,0.0
2016-05-10 00:00:00-04:00,33.66555616639307,33.876610681075235,33.631146435921444,33.85367202758789,37600,0.0,0.0,0.0
2016-05-11 00:00:00-04:00,33.81238622098376,33.81238622098376,33.49580261098494,33.5348014831543,36000,0.0,0.0,0.0
2016-05-12 00:00:00-04:00,33.5967158491512,33.709126744756574,33.30766376106806,33.54166030883789,50400,0.0,0.0,0.0
2016-05-13 00:00:00-04:00,33.50267238035356,33.546260368839896,33.1792104404178,33.305381774902344,45600,0.0,0.0,0.0
2016-05-16 00:00:00-04:00,33.445323691317256,33.663263654538895,33.38108986020391,33.58755874633789,40400,0.0,0.0,0.0
2016-05-17 00:00:00-04:00,33.560030336010634,33.61279659503759,33.21133336594886,33.36503601074219,42000,0.0,0.0,0.0
2016-05-18 00:00:00-04:00,33.28015899658203,33.516448521712306,33.0736900762425,33.28015899658203,34000,0.0,0.0,0.0
2016-05-19 00:00:00-04:00,33.156273403963525,33.156273403963525,32.89245611781693,33.13792037963867,36000,0.0,0.0,0.0
2016-05-20 00:00:00-04:00,33.32832810319592,33.45450295397212,33.30080031774707,33.42008972167969,63200,0.0,0.0,0.0
2016-05-23 00:00:00-04:00,33.38796559545377,33.5118476041856,33.38796559545377,33.41090774536133,61200,0.0,0.0,0.0
2016-05-24 00:00:00-04:00,33.70684784295902,33.93166975031106,33.601322335858555,33.85367202758789,38000,0.0,0.0,0.0
2016-05-25 00:00:00-04:00,33.88807970840299,34.08078118835136,33.88807970840299,34.04637145996094,28400,0.0,0.0,0.0
2016-05-26 00:00:00-04:00,34.20008184689091,34.20008184689091,33.96608513925822,34.037200927734375,44800,0.0,0.0,0.0
2016-05-27 00:00:00-04:00,34.01196756527698,34.23908233642578,34.01196756527698,34.23908233642578,27600,0.0,0.0,0.0
2016-05-31 00:00:00-04:00,34.459309814656876,34.459309814656876,34.11060935661011,34.289546966552734,49200,0.0,0.0,0.0
2016-06-01 00:00:00-04:00,34.1037332178403,34.443255471386436,34.1037332178403,34.35149383544922,38400,0.0,0.0,0.0
2016-06-02 00:00:00-04:00,34.28265520710654,34.6198844909668,34.28265520710654,34.6198844909668,40000,0.0,0.0,0.0
2016-06-03 00:00:00-04:00,34.498302790306575,34.51665581133257,34.25054225717689,34.482242584228516,58400,0.0,0.0,0.0
2016-06-06 00:00:00-04:00,34.62447463030302,34.649709597024426,34.46618638502971,34.5992431640625,56400,0.0,0.0,0.0
2016-06-07 00:00:00-04:00,34.64741237835864,34.8217608077863,34.59464963664034,34.74605941772461,29200,0.0,0.0,0.0
2016-06-08 00:00:00-04:00,34.7231208138268,34.90664752171265,34.7231208138268,34.87682342529297,50800,0.0,0.0,0.0
2016-06-09 00:00:00-04:00,34.84470753866745,34.89058834186798,34.67265190130478,34.840118408203125,50800,0.0,0.0,0.0
2016-06-10 00:00:00-04:00,34.61989499333521,34.61989499333521,34.31937165611772,34.397369384765625,51200,0.0,0.0,0.0
2016-06-13 00:00:00-04:00,34.43178038379405,34.43178038379405,34.101432932102426,34.103729248046875,34800,0.0,0.0,0.0
2016-06-14 00:00:00-04:00,33.94773016738621,34.09455086757787,33.79861665173963,33.98214340209961,61200,0.0,0.0,0.0
2016-06-15 00:00:00-04:00,33.98214340209961,34.239078752314626,33.98214340209961,33.98214340209961,30800,0.0,0.0,0.0
2016-06-16 00:00:00-04:00,33.83990624858045,34.08308119060694,33.63114803962921,34.0440788269043,86800,0.0,0.0,0.0
2016-06-17 00:00:00-04:00,34.138141187433206,34.138141187433206,33.872027556328305,34.032615661621094,44400,0.0,0.0,0.0
2016-06-20 00:00:00-04:00,34.37901582201159,34.57171732523565,34.259722915047504,34.28495788574219,57600,0.0,0.0,0.0
2016-06-21 00:00:00-04:00,34.39086063749293,34.39086063749293,34.21587994508982,34.26653289794922,42400,0.135,0.0,0.0
2016-06-22 00:00:00-04:00,34.47835499878247,34.47835499878247,34.24811556640329,34.29416275024414,33200,0.0,0.0,0.0
2016-06-23 00:00:00-04:00,34.71549831026346,34.743125915527344,34.58426367208541,34.743125915527344,34800,0.0,0.0,0.0
2016-06-24 00:00:00-04:00,33.67022057252185,34.00406709360311,33.27420841230083,33.53898239135742,117600,0.0,0.0,0.0
2016-06-27 00:00:00-04:00,33.16599634316613,33.16599634316613,32.47988370652356,32.57658386230469,68800,0.0,0.0,0.0
2016-06-28 00:00:00-04:00,32.96568038855801,33.182106018066406,32.88049292241427,33.182106018066406,92400,0.0,0.0,0.0
2016-06-29 00:00:00-04:00,33.80145415080454,33.82678063162459,33.49753989413929,33.8083610534668,47200,0.0,0.0,0.0
2016-06-30 00:00:00-04:00,33.79684930865518,34.383960643341865,33.716267604318055,34.3724479675293,47200,0.0,0.0,0.0
2016-07-01 00:00:00-04:00,34.43230898252584,34.59347588802137,34.317189262432585,34.418495178222656,95600,0.0,0.0,0.0
2016-07-05 00:00:00-04:00,34.425404409575904,34.425404409575904,33.937294374396274,34.075439453125,36400,0.0,0.0,0.0
2016-07-06 00:00:00-04:00,33.93959808797169,34.35863205913669,33.91427160800414,34.32179641723633,32000,0.0,0.0,0.0
2016-07-07 00:00:00-04:00,34.39317073265024,34.49217201145951,34.211279596771206,34.33100509643555,40400,0.0,0.0,0.0
2016-07-08 00:00:00-04:00,34.542815481863386,35.03552763709489,34.542815481863386,34.93882751464844,60400,0.0,0.0,0.0
2016-07-11 00:00:00-04:00,35.22433357999073,35.22433357999073,35.049349355223036,35.14604949951172,70000,0.0,0.0,0.0
2016-07-12 00:00:00-04:00,35.263473911291484,35.51673519053021,35.263473911291484,35.44766616821289,41600,0.0,0.0,0.0
2016-07-13 00:00:00-04:00,35.641072383370286,35.641072383370286,35.33485345187074,35.452274322509766,47200,0.0,0.0,0.0
2016-07-14 00:00:00-04:00,35.793023939388725,35.793023939388725,35.49371197268793,35.54436492919922,42000,0.0,0.0,0.0
2016-07-15 00:00:00-04:00,35.52364054608926,35.57199237278128,35.4499657544335,35.521339416503906,24800,0.0,0.0,0.0
2016-07-18 00:00:00-04:00,35.578901521173094,35.61574067591448,35.44536222011695,35.54896926879883,74800,0.0,0.0,0.0
2016-07-19 00:00:00-04:00,35.45687257441591,35.52364046398635,35.403918488675565,35.50982666015625,131600,0.0,0.0,0.0
2016-07-20 00:00:00-04:00,35.67790746956345,35.687115501960385,35.43615533933447,35.673301696777344,44000,0.0,0.0,0.0
2016-07-21 00:00:00-04:00,35.6502729367827,35.74467194740643,35.521339416503906,35.521339416503906,24400,0.0,0.0,0.0
2016-07-22 00:00:00-04:00,35.6686933250957,35.9058396652596,35.62034501047783,35.88972473144531,146800,0.0,0.0,0.0
2016-07-25 00:00:00-04:00,35.8782157688457,35.90584338005711,35.7262568808322,35.83216857910156,32000,0.0,0.0,0.0
2016-07-26 00:00:00-04:00,35.95419421116824,36.113059997558594,35.84598138603787,36.113059997558594,31600,0.0,0.0,0.0
2016-07-27 00:00:00-04:00,36.1383820548321,36.1383820548321,35.72625151258687,35.85979080200195,66400,0.0,0.0,0.0
2016-07-28 00:00:00-04:00,35.85749458048846,36.04168333699967,35.79072317005412,36.01866149902344,28800,0.0,0.0,0.0
2016-07-29 00:00:00-04:00,35.98181712873108,36.115356417074764,35.98181712873108,36.06930923461914,58800,0.0,0.0,0.0
2016-08-01 00:00:00-04:00,36.124573491854484,36.124573491854484,35.91966049242969,35.972618103027344,30000,0.0,0.0,0.0
2016-08-02 00:00:00-04:00,35.80683777002498,35.80683777002498,35.47529242285832,35.59041213989258,35600,0.0,0.0,0.0
2016-08-03 00:00:00-04:00,35.49140316724574,35.742366790771484,35.49140316724574,35.742366790771484,29600,0.0,0.0,0.0
2016-08-04 00:00:00-04:00,35.898939492510834,35.944986686122604,35.78381975189355,35.7999382019043,25600,0.0,0.0,0.0
2016-08-05 00:00:00-04:00,35.92425335652967,36.03937305670779,35.898926881963504,36.01174545288086,32000,0.0,0.0,0.0
2016-08-08 00:00:00-04:00,36.10154377447178,36.10154377447178,35.9127457532058,35.9841194152832,92800,0.0,0.0,0.0
2016-08-09 00:00:00-04:00,36.09233174496938,36.09233174496938,35.91044414125324,35.9979362487793,67600,0.0,0.0,0.0
2016-08-10 00:00:00-04:00,36.09463137376973,36.09463137376973,35.84597240258564,35.873600006103516,46800,0.0,0.0,0.0
2016-08-11 00:00:00-04:00,35.95879223513622,36.06240278843868,35.91274505209895,36.00944519042969,338000,0.0,0.0,0.0
2016-08-12 00:00:00-04:00,36.0232717961955,36.103853508995904,35.95189460393123,35.99333953857422,31200,0.0,0.0,0.0
2016-08-15 00:00:00-04:00,36.10384601439915,36.239686440799915,36.076218405822736,36.14298629760742,69600,0.0,0.0,0.0
2016-08-16 00:00:00-04:00,36.20744639612045,36.20744639612045,35.827552795410156,35.827552795410156,57200,0.0,0.0,0.0
2016-08-17 00:00:00-04:00,35.79993656624094,35.885124046189375,35.631859223132516,35.862098693847656,70800,0.0,0.0,0.0
2016-08-18 00:00:00-04:00,35.86210214473346,36.02557373046875,35.86210214473346,36.02557373046875,51200,0.0,0.0,0.0
2016-08-19 00:00:00-04:00,36.04858460009972,36.04858460009972,35.89662575270274,36.01174545288086,39200,0.0,0.0,0.0
2016-08-22 00:00:00-04:00,36.10615282935855,36.10615282935855,35.86670183004088,36.032474517822266,100800,0.0,0.0,0.0
2016-08-23 00:00:00-04:00,36.25810466270412,36.26271043501976,36.15910339355469,36.15910339355469,52800,0.0,0.0,0.0
2016-08-24 00:00:00-04:00,36.225871441295006,36.225871441295006,35.82985933661532,35.845977783203125,42800,0.0,0.0,0.0
2016-08-25 00:00:00-04:00,35.829860229113635,36.02095938429741,35.829860229113635,35.88972473144531,38400,0.0,0.0,0.0
2016-08-26 00:00:00-04:00,36.01635780558177,36.12457063513159,35.60423070923544,35.77230453491211,55200,0.0,0.0,0.0
2016-08-29 00:00:00-04:00,35.77230052736539,36.11305742670621,35.77230052736539,36.03937911987305,43200,0.0,0.0,0.0
2016-08-30 00:00:00-04:00,36.11996253506427,36.11996253506427,35.84367241133584,35.95188522338867,70400,0.0,0.0,0.0
2016-08-31 00:00:00-04:00,35.97721102375437,35.97721102375437,35.717042864357914,35.896629333496094,48400,0.0,0.0,0.0
2016-09-01 00:00:00-04:00,36.00714240334962,36.00714240334962,35.63875792965974,35.898929595947266,39600,0.0,0.0,0.0
2016-09-02 00:00:00-04:00,36.08542422390675,36.221268155149005,36.02095746573323,36.16140365600586,22400,0.0,0.0,0.0
2016-09-06 00:00:00-04:00,36.12686230657492,36.191329052541285,35.99562417238856,36.1475830078125,46400,0.0,0.0,0.0
2016-09-07 00:00:00-04:00,36.22357470335516,36.22357470335516,36.057802010918195,36.17982864379883,162000,0.0,0.0,0.0
2016-09-08 00:00:00-04:00,36.07852002617246,36.10154537574934,35.98412101135243,36.002540588378906,52000,0.0,0.0,0.0
2016-09-09 00:00:00-04:00,35.64336578159761,35.64336578159761,34.89048185789237,34.89739227294922,96400,0.0,0.0,0.0
2016-09-12 00:00:00-04:00,34.687884792519505,35.42925628236776,34.68558014902846,35.40623092651367,72800,0.0,0.0,0.0
2016-09-13 00:00:00-04:00,35.00329653395588,35.037831039507964,34.75694219694385,34.8858757019043,45600,0.0,0.0,0.0
2016-09-14 00:00:00-04:00,34.832917742759136,34.93652828467456,34.67405550571609,34.79377746582031,105600,0.0,0.0,0.0
2016-09-15 00:00:00-04:00,34.81451063193565,35.15526405236984,34.78457837762761,35.11381912231445,33600,0.0,0.0,0.0
2016-09-16 00:00:00-04:00,35.07467100685807,35.07467100685807,34.76845216883674,34.91810989379883,41600,0.0,0.0,0.0
2016-09-19 00:00:00-04:00,34.98948316119834,35.30491002636064,34.98948316119834,35.070068359375,41200,0.0,0.0,0.0
2016-09-20 00:00:00-04:00,35.360171471832516,35.360171471832516,35.00099852932796,35.03783416748047,45600,0.0,0.0,0.0
2016-09-21 00:00:00-04:00,35.196696269078494,35.47068171964078,35.0171098165237,35.431541442871094,42400,0.0,0.0,0.0
2016-09-22 00:00:00-04:00,35.75388590333114,35.82295844726149,35.6963260355851,35.781517028808594,46800,0.0,0.0,0.0
2016-09-23 00:00:00-04:00,35.756184922329226,35.77690562829649,35.64106520494451,35.647972106933594,61200,0.0,0.0,0.0
2016-09-26 00:00:00-04:00,35.44509856694752,35.525972108875536,35.41968147026259,35.452030181884766,38400,0.138,0.0,0.0
2016-09-27 00:00:00-04:00,35.48899606927669,35.519035413538205,35.327252534300484,35.48668670654297,56000,0.0,0.0,0.0
2016-09-28 00:00:00-04:00,35.63457487540181,35.75703811645508,35.41275260296367,35.75703811645508,36400,0.0,0.0,0.0
2016-09-29 00:00:00-04:00,35.833297003664974,35.833297003664974,35.32957717604396,35.45435333251953,68800,0.0,0.0,0.0
2016-09-30 00:00:00-04:00,35.544452063191805,35.8355904225172,35.52365722161383,35.68077850341797,73600,0.0,0.0,0.0
2016-10-03 00:00:00-04:00,35.54445501088287,35.60453017789389,35.45202760885259,35.5467643737793,102000,0.0,0.0,0.0
2016-10-04 00:00:00-04:00,35.60220734070688,35.60220734070688,35.11466399746937,35.22788619995117,44400,0.0,0.0,0.0
2016-10-05 00:00:00-04:00,35.30415201759742,35.47051783777882,35.30415201759742,35.40351104736328,38800,0.0,0.0,0.0
2016-10-06 00:00:00-04:00,35.27641672379367,35.43816025132192,35.16319449165167,35.43122863769531,48400,0.0,0.0,0.0
2016-10-07 00:00:00-04:00,35.46357943297071,35.46357943297071,35.022251394511244,35.1631965637207,39600,0.0,0.0,0.0
2016-10-10 00:00:00-04:00,35.454341423216285,35.46820465244658,35.27179950303081,35.281044006347656,247600,0.0,0.0,0.0
2016-10-11 00:00:00-04:00,35.297227346657316,35.297227346657316,34.615591337895935,34.77964782714844,46800,0.0,0.0,0.0
2016-10-12 00:00:00-04:00,34.80274159647008,34.948312555518235,34.775015137887564,34.84895706176758,922000,0.0,0.0,0.0
2016-10-13 00:00:00-04:00,34.62481484636901,34.84894638657327,34.38912944337965,34.763450622558594,54800,0.0,0.0,0.0
2016-10-14 00:00:00-04:00,34.98297135024487,35.02918681649553,34.77039360332305,34.79581069946289,24800,0.0,0.0,0.0
2016-10-17 00:00:00-04:00,34.78425559311439,34.83508978358223,34.701072692871094,34.701072692871094,64800,0.0,0.0,0.0
2016-10-18 00:00:00-04:00,34.94600398892663,34.99221592953225,34.809674004384185,34.88592529296875,34400,0.0,0.0,0.0
2016-10-19 00:00:00-04:00,34.87437745228079,35.086958762139446,34.814302271687666,35.04998779296875,30800,0.0,0.0,0.0
2016-10-20 00:00:00-04:00,35.045357598820935,35.045357598820935,34.814294382483425,34.9344482421875,54000,0.0,0.0,0.0
2016-10-21 00:00:00-04:00,34.8119863524521,34.87206152173182,34.71955894693135,34.86743927001953,47200,0.0,0.0,0.0
2016-10-24 00:00:00-04:00,35.17475619633531,35.17475619633531,34.946005844182515,34.966800689697266,19600,0.0,0.0,0.0
2016-10-25 00:00:00-04:00,34.99221955733456,34.99221955733456,34.61558532714844,34.61558532714844,82800,0.0,0.0,0.0
2016-10-26 00:00:00-04:00,34.56243257043455,34.6294393445698,34.45845483952044,34.534706115722656,57600,0.0,0.0,0.0
2016-10-27 00:00:00-04:00,34.636374716904136,34.636374716904136,34.19273376464844,34.19273376464844,33600,0.0,0.0,0.0
2016-10-28 00:00:00-04:00,34.34755373231698,34.527782801157024,34.23433498630596,34.27592468261719,42800,0.0,0.0,0.0
2016-10-31 00:00:00-04:00,34.472323441856524,34.50467215264577,34.356791828217084,34.49311828613281,91200,0.0,0.0,0.0
2016-11-01 00:00:00-04:00,34.61557239136904,34.61557239136904,34.088748654080646,34.218143463134766,49200,0.0,0.0,0.0
2016-11-02 00:00:00-04:00,34.188120354879416,34.22971004792739,33.90160065281569,33.94550323486328,50800,0.0,0.0,0.0
2016-11-03 00:00:00-04:00,33.98247100688432,34.09800262215095,33.77913423577662,33.809173583984375,47200,0.0,0.0,0.0
2016-11-04 00:00:00-04:00,33.84383796479323,34.11649093527152,33.84383796479323,33.86925506591797,52000,0.0,0.0,0.0
2016-11-07 00:00:00-05:00,34.463080559359256,34.54857635498047,34.33137634700285,34.54857635498047,56000,0.0,0.0,0.0
2016-11-08 00:00:00-05:00,34.47694815339601,34.763464319186724,34.44921816663749,34.682594299316406,58400,0.0,0.0,0.0
2016-11-09 00:00:00-05:00,34.28285171889494,35.05460561844801,34.28285171889494,34.941383361816406,68400,0.0,0.0,0.0
2016-11-10 00:00:00-05:00,35.15395542679646,35.315698963119054,34.8951657686803,35.105430603027344,154000,0.0,0.0,0.0
2016-11-11 00:00:00-05:00,35.086953234371386,35.18399936884609,34.94138226978678,35.14933776855469,55600,0.0,0.0,0.0
2016-11-14 00:00:00-05:00,35.23945087075867,35.64150214805025,35.23945087075867,35.616085052490234,38800,0.0,0.0,0.0
2016-11-15 00:00:00-05:00,35.58373416670426,35.81017512419294,35.576802552497604,35.794002532958984,40000,0.0,0.0,0.0
2016-11-16 00:00:00-05:00,35.671543352335526,35.763967236049886,35.609155291668486,35.69696044921875,54400,0.0,0.0,0.0
2016-11-17 00:00:00-05:00,35.828669735873994,35.830982625028895,35.69003389066103,35.784767150878906,50400,0.0,0.0,0.0
2016-11-18 00:00:00-05:00,35.90260026574635,35.90260026574635,35.7223712562159,35.75240707397461,59200,0.0,0.0,0.0
2016-11-21 00:00:00-05:00,35.75472068024486,35.96729840022193,35.75472068024486,35.95112228393555,60800,0.0,0.0,0.0
2016-11-22 00:00:00-05:00,36.04124503146432,36.21454247032831,36.00427759073986,36.182193756103516,66000,0.0,0.0,0.0
2016-11-23 00:00:00-05:00,36.21454346732674,36.25151443481445,36.04817763937758,36.25151443481445,55200,0.0,0.0,0.0
2016-11-25 00:00:00-05:00,36.32083697557674,36.394775390625,36.32083697557674,36.394775390625,14000,0.0,0.0,0.0
2016-11-28 00:00:00-05:00,36.44098486774273,36.44098486774273,36.16370616115519,36.205299377441406,45200,0.0,0.0,0.0
2016-11-29 00:00:00-05:00,36.147525047438705,36.44097627815145,36.147525047438705,36.348548889160156,61200,0.0,0.0,0.0
2016-11-30 00:00:00-05:00,36.320826390258276,36.401696397969054,36.14983834631402,36.16139221191406,177200,0.0,0.0,0.0
2016-12-01 00:00:00-05:00,36.17063426650115,36.19374199838964,35.897981364090334,35.95343780517578,119200,0.0,0.0,0.0
2016-12-02 00:00:00-05:00,35.962685709401335,36.1013250759464,35.916473762468165,35.999656677246094,47200,0.0,0.0,0.0
2016-12-05 00:00:00-05:00,36.09207370702331,36.31389594615954,36.09207370702331,36.28847885131836,48400,0.0,0.0,0.0
2016-12-06 00:00:00-05:00,36.311594353379654,36.58425086701662,36.295421756583295,36.565765380859375,51600,0.0,0.0,0.0
2016-12-07 00:00:00-05:00,36.625828737986765,37.13185774015962,36.625828737986765,37.094886779785156,68400,0.0,0.0,0.0
2016-12-08 00:00:00-05:00,37.16189771246751,37.45072673448904,37.07409256153459,37.325950622558594,68800,0.0,0.0,0.0
2016-12-09 00:00:00-05:00,37.32826972981722,37.32826972981722,37.161903903357945,37.302852630615234,87600,0.0,0.0,0.0
2016-12-12 00:00:00-05:00,37.32826459614213,37.32826459614213,37.039435565725896,37.11799621582031,63600,0.0,0.0,0.0
2016-12-13 00:00:00-05:00,37.23815225002815,37.23815225002815,37.0856496669013,37.19194030761719,57600,0.0,0.0,0.0
2016-12-14 00:00:00-05:00,37.10875107590035,37.150340759257816,36.72749468306726,36.75753402709961,55600,0.0,0.0,0.0
2016-12-15 00:00:00-05:00,36.79912091190589,37.018633754302904,36.60965093700108,36.82685089111328,95200,0.0,0.0,0.0
2016-12-16 00:00:00-05:00,36.92159756531632,36.953946281388504,36.67436170513867,36.74599075317383,102800,0.0,0.0,0.0
2016-12-19 00:00:00-05:00,36.83840373574368,36.91003628830378,36.7205627747644,36.88692855834961,48000,0.0,0.0,0.0
2016-12-20 00:00:00-05:00,37.00015819523673,37.138794025459944,37.00015819523673,37.1064453125,46000,0.0,0.0,0.0
2016-12-21 00:00:00-05:00,37.145045094331344,37.147372854961596,37.00551784472464,37.01947021484375,61200,0.2565,0.0,0.0
2016-12-22 00:00:00-05:00,36.94971151887572,36.98226823786496,36.738091071237584,36.83808898925781,71600,0.0,0.0,0.0
2016-12-23 00:00:00-05:00,36.84273485820999,36.92645263671875,36.84273485820999,36.92645263671875,38000,0.0,0.0,0.0
2016-12-27 00:00:00-05:00,36.91017191768992,37.08458364101,36.91017191768992,37.01947021484375,36000,0.0,0.0,0.0
2016-12-28 00:00:00-05:00,37.07527489232721,37.089230809053966,36.61482899596798,36.64506149291992,39600,0.0,0.0,0.0
2016-12-29 00:00:00-05:00,36.661338393327725,36.77761286149358,36.64971378524327,36.74505615234375,53200,0.0,0.0,0.0
2016-12-30 00:00:00-05:00,36.84971560016526,36.84971560016526,36.55204961967052,36.5753059387207,40800,0.0,0.0,0.0
2017-01-03 00:00:00-05:00,36.92180069243126,37.05667951986202,36.65901922274584,36.879940032958984,113200,0.0,0.0,0.0
2017-01-04 00:00:00-05:00,37.00785267384581,37.35667622055735,37.00785267384581,37.34272384643555,118000,0.0,0.0,0.0
2017-01-05 00:00:00-05:00,37.19388735985958,37.300857911976095,37.03110377071525,37.23574447631836,94400,0.0,0.0,0.0
2017-01-06 00:00:00-05:00,37.27761009326179,37.34272353756939,37.1729637397972,37.214820861816406,55200,0.0,0.0,0.0
2017-01-09 00:00:00-05:00,37.140402360719094,37.159003158117606,36.98691916906031,37.01482391357422,64000,0.0,0.0,0.0
2017-01-10 00:00:00-05:00,37.09621900401517,37.193889162234754,36.98692068563261,37.10319519042969,72800,0.0,0.0,0.0
2017-01-11 00:00:00-05:00,37.086903041489656,37.20550526894558,36.99620909906667,37.19620132446289,56400,0.0,0.0,0.0
2017-01-12 00:00:00-05:00,37.170623842805746,37.184576212256886,36.81715198865881,37.15201950073242,78000,0.0,0.0,0.0
2017-01-13 00:00:00-05:00,37.24504911625727,37.33574308535464,37.221792796625664,37.29853439331055,93200,0.0,0.0,0.0
2017-01-17 00:00:00-05:00,37.24272419385155,37.26365630248189,37.052035842319775,37.1357536315918,85600,0.0,0.0,0.0
2017-01-18 00:00:00-05:00,37.17760524030089,37.27760314941406,37.16365286889345,37.27760314941406,44800,0.0,0.0,0.0
2017-01-19 00:00:00-05:00,37.2264403219188,37.24736887803671,37.007843717800824,37.07063293457031,114400,0.0,0.0,0.0
2017-01-20 00:00:00-05:00,37.21249104391422,37.27062829246183,37.11016891872384,37.200862884521484,44400,0.0,0.0,0.0
2017-01-23 00:00:00-05:00,37.14504156172652,37.19620261290809,37.03574327496729,37.16597366333008,72400,0.0,0.0,0.0
2017-01-24 00:00:00-05:00,37.270624497370996,37.60781979492896,37.270624497370996,37.56828689575195,76000,0.0,0.0,0.0
2017-01-25 00:00:00-05:00,37.672932680228385,37.86827296102464,37.672932680228385,37.835716247558594,52400,0.0,0.0,0.0
2017-01-26 00:00:00-05:00,37.85663565629624,37.889192361896136,37.70780449520892,37.775245666503906,91600,0.0,0.0,0.0
2017-01-27 00:00:00-05:00,37.78689145550031,37.78689145550031,37.53573808863356,37.66828918457031,75600,0.0,0.0,0.0
2017-01-30 00:00:00-05:00,37.45202090174879,37.45202090174879,37.14505448783811,37.40085983276367,84400,0.0,0.0,0.0
2017-01-31 00:00:00-05:00,37.356666011559064,37.4892206263243,37.258995870981565,37.47759246826172,61600,0.0,0.0,0.0
2017-02-01 00:00:00-05:00,37.62409062570811,37.67292746335215,37.25201445882285,37.398521423339844,48400,0.0,0.0,0.0
2017-02-02 00:00:00-05:00,37.45433688204348,37.60549584297148,37.33806239598304,37.49386978149414,92800,0.0,0.0,0.0
2017-02-03 00:00:00-05:00,37.66828153462845,37.8799019510133,37.66828153462845,37.861297607421875,69200,0.0,0.0,0.0
2017-02-06 00:00:00-05:00,37.742703613424744,37.845025741723674,37.62875332537981,37.72177505493164,48400,0.0,0.0,0.0
2017-02-07 00:00:00-05:00,37.803166109197406,37.85200296209848,37.633406327199275,37.69154357910156,74400,0.0,0.0,0.0
2017-02-08 00:00:00-05:00,37.67526092305503,37.80781555175781,37.568290373829356,37.80781555175781,55200,0.0,0.0,0.0
2017-02-09 00:00:00-05:00,37.8520030654388,38.1054806328049,37.8520030654388,38.02176284790039,88000,0.0,0.0,0.0
2017-02-10 00:00:00-05:00,38.19151447077267,38.34732184719809,38.17988631316155,38.31709289550781,62400,0.0,0.0,0.0
2017-02-13 00:00:00-05:00,38.42872558570631,38.58453300342084,38.42872558570631,38.52174377441406,72000,0.0,0.0,0.0
2017-02-14 00:00:00-05:00,38.417098346084806,38.56825734187957,38.354309115572626,38.5566291809082,89600,0.0,0.0,0.0
2017-02-15 00:00:00-05:00,38.48220427863151,38.75428615985847,38.46359993439173,38.71242904663086,56800,0.0,0.0,0.0
2017-02-16 00:00:00-05:00,38.74730980823251,38.7589379668845,38.60080636414802,38.72172927856445,50400,0.0,0.0,0.0
2017-02-17 00:00:00-05:00,38.61010359655587,38.80311965942383,38.54266595936852,38.80311965942383,55600,0.0,0.0,0.0
2017-02-21 00:00:00-05:00,38.84730486339491,39.126362908482555,38.84730486339491,39.12403869628906,35200,0.0,0.0,0.0
2017-02-22 00:00:00-05:00,39.02868658471915,39.08449960425746,38.94031685755391,39.01008224487305,69200,0.0,0.0,0.0
2017-02-23 00:00:00-05:00,39.08218397912432,39.08218397912432,38.85428695497327,38.89847183227539,35600,0.0,0.0,0.0
2017-02-24 00:00:00-05:00,38.74498300714868,39.04962158203125,38.74498300714868,39.04962158203125,45200,0.0,0.0,0.0
2017-02-27 00:00:00-05:00,38.99380991769638,39.17054940738419,38.97520912254412,39.14729309082031,28000,0.0,0.0,0.0
2017-02-28 00:00:00-05:00,39.12635795821004,39.12635795821004,38.93566613000359,38.95194625854492,49600,0.0,0.0,0.0
2017-03-01 00:00:00-05:00,39.30077476113028,39.537975697031925,39.30077476113028,39.42634963989258,43200,0.0,0.0,0.0
2017-03-02 00:00:00-05:00,39.38449313418965,39.38449313418965,39.13333982439516,39.140316009521484,50000,0.0,0.0,0.0
2017-03-03 00:00:00-05:00,39.12869173147237,39.149623837342574,38.96590814835733,39.1217155456543,40400,0.0,0.0,0.0
2017-03-06 00:00:00-05:00,38.93567233508342,39.047298395517544,38.82870179602031,39.01939010620117,295200,0.0,0.0,0.0
2017-03-07 00:00:00-05:00,38.95428731020172,38.99149600716839,38.82638818055585,38.84731674194336,68400,0.0,0.0,0.0
2017-03-08 00:00:00-05:00,38.90311719860492,38.90311719860492,38.69614874889639,38.72172927856445,58800,0.0,0.0,0.0
2017-03-09 00:00:00-05:00,38.69382998589869,38.828708838742386,38.44732860079053,38.59848403930664,138000,0.0,0.0,0.0
2017-03-10 00:00:00-05:00,38.81241732632018,38.875206534743654,38.59149653924828,38.75428009033203,48400,0.0,0.0,0.0
2017-03-13 00:00:00-04:00,38.73102975705276,38.90311371539769,38.73102975705276,38.84962844848633,99200,0.0,0.0,0.0
2017-03-14 00:00:00-04:00,38.74498021207585,38.74498021207585,38.53801179112654,38.679866790771484,62000,0.0,0.0,0.0
2017-03-15 00:00:00-04:00,38.80544966579282,39.231014752514554,38.80544966579282,39.128692626953125,43200,0.0,0.0,0.0
2017-03-16 00:00:00-04:00,39.24264224752132,39.24264224752132,39.04032576076055,39.09381103515625,59600,0.0,0.0,0.0
2017-03-17 00:00:00-04:00,39.2054324263301,39.2054324263301,39.04497305935593,39.11473846435547,34400,0.0,0.0,0.0
2017-03-20 00:00:00-04:00,39.04497096632996,39.06590307059888,38.86125883981453,39.000789642333984,44800,0.0,0.0,0.0
2017-03-21 00:00:00-04:00,39.14730028434406,39.14730028434406,38.33570649399921,38.340354919433594,80800,0.0,0.0,0.0
2017-03-22 00:00:00-04:00,38.27989092999033,38.456626892089844,38.27989092999033,38.456626892089844,46800,0.0,0.0,0.0
2017-03-23 00:00:00-04:00,38.46360991277038,38.76592437536654,38.458961486816406,38.458961486816406,32400,0.0,0.0,0.0
2017-03-24 00:00:00-04:00,38.56323614995698,38.6938908017867,38.35792881703222,38.50490951538086,40800,0.13425,0.0,0.0
2017-03-27 00:00:00-04:00,38.19460686579492,38.52123452627869,38.07561827806729,38.4185791015625,66000,0.0,0.0,0.0
2017-03-28 00:00:00-04:00,38.34626375543207,38.76388090325154,38.28793711936942,38.717220306396484,31200,0.0,0.0,0.0
2017-03-29 00:00:00-04:00,38.710228041422646,38.803552811131986,38.642570698362334,38.7685546875,58400,0.0,0.0,0.0
2017-03-30 00:00:00-04:00,38.76854690066247,38.94119501996564,38.76854690066247,38.915531158447266,23600,0.0,0.0,0.0
2017-03-31 00:00:00-04:00,38.936529925319014,39.00652260220304,38.8712043762207,38.8712043762207,78000,0.0,0.0,0.0
2017-04-03 00:00:00-04:00,38.94586146140191,38.94586146140191,38.57957202176548,38.752220153808594,48000,0.0,0.0,0.0
2017-04-04 00:00:00-04:00,38.72188926980296,38.78488303653014,38.67522867073582,38.77088165283203,58400,0.0,0.0,0.0
2017-04-05 00:00:00-04:00,38.91552891976184,39.02051614357915,38.523572108208825,38.579566955566406,65600,0.0,0.0,0.0
2017-04-06 00:00:00-04:00,38.665895803527064,38.87353850281201,38.61456807471725,38.836212158203125,43200,0.0,0.0,0.0
2017-04-07 00:00:00-04:00,38.74055700198515,38.90853801866393,38.68922927133465,38.81288146972656,30400,0.0,0.0,0.0
2017-04-10 00:00:00-04:00,38.84320592049174,38.99952087024266,38.72655265411267,38.86886978149414,28000,0.0,0.0,0.0
2017-04-11 00:00:00-04:00,38.7848799804044,38.89919790511468,38.59123512755762,38.85720443725586,44800,0.0,0.0,0.0
2017-04-12 00:00:00-04:00,38.90852940101991,38.90852940101991,38.59356417451325,38.649559020996094,38800,0.0,0.0,0.0
2017-04-13 00:00:00-04:00,38.5235711963172,38.68455326368149,38.40691793706481,38.42558288574219,67200,0.0,0.0,0.0
2017-04-17 00:00:00-04:00,38.45358464556232,38.73121643066406,38.44658217436462,38.73121643066406,31600,0.0,0.0,0.0
2017-04-18 00:00:00-04:00,38.59356839999317,38.71255345682464,38.52824285193173,38.67755889892578,54400,0.0,0.0,0.0
2017-04-19 00:00:00-04:00,38.83154174036665,38.90853332705873,38.707889556884766,38.707889556884766,44000,0.0,0.0,0.0
2017-04-20 00:00:00-04:00,38.85020556440983,39.12550556946863,38.8245417029234,39.0811767578125,69600,0.0,0.0,0.0
2017-04-21 00:00:00-04:00,39.071837855907475,39.071837855907475,38.90618868292953,38.98551559448242,40400,0.0,0.0,0.0
2017-04-24 00:00:00-04:00,39.344811763550126,39.36347671252414,39.21416068070702,39.302818298339844,27200,0.0,0.0,0.0
2017-04-25 00:00:00-04:00,39.45446468958112,39.52912092280728,39.38913915051766,39.49179458618164,31600,0.0,0.0,0.0
2017-04-26 00:00:00-04:00,39.41246265776278,39.56644579169209,39.37746810913086,39.37746810913086,34000,0.0,0.0,0.0
2017-04-27 00:00:00-04:00,39.51279574361986,39.543126733001834,39.35648078906903,39.42180633544922,32000,0.0,0.0,0.0
2017-04-28 00:00:00-04:00,39.63412884778189,39.63412884778189,39.17684631654157,39.223506927490234,47200,0.0,0.0,0.0
2017-05-01 00:00:00-04:00,39.24449310890591,39.33314716981924,39.16050261542607,39.288818359375,32800,0.0,0.0,0.0
2017-05-02 00:00:00-04:00,39.35413998769913,39.35413998769913,39.144165554878285,39.23048782348633,42000,0.0,0.0,0.0
2017-05-03 00:00:00-04:00,39.19083081626737,39.25615636137564,39.03451586476009,39.16050338745117,57200,0.0,0.0,0.0
2017-05-04 00:00:00-04:00,39.17449905644648,39.17449905644648,38.952858572015124,39.09750747680664,55600,0.0,0.0,0.0
2017-05-05 00:00:00-04:00,39.22349632091676,39.36814880371094,39.167505026909744,39.36814880371094,74000,0.0,0.0,0.0
2017-05-08 00:00:00-04:00,39.33548839653396,39.33548839653396,39.186172336901976,39.29349136352539,47200,0.0,0.0,0.0
2017-05-09 00:00:00-04:00,39.27715158991471,39.3588067307821,39.230487440876495,39.251487731933594,35600,0.0,0.0,0.0
2017-05-10 00:00:00-04:00,39.25616023163069,39.44747331829155,39.18850289608939,39.433475494384766,75600,0.0,0.0,0.0
2017-05-11 00:00:00-04:00,39.17917781188278,39.265503679475806,39.00886498118799,39.26316833496094,51600,0.0,0.0,0.0
2017-05-12 00:00:00-04:00,39.18383910178421,39.18383910178421,39.02519233737602,39.083518981933594,26800,0.0,0.0,0.0
2017-05-15 00:00:00-04:00,39.12783677250571,39.3728057626179,39.12783677250571,39.32614517211914,29600,0.0,0.0,0.0
2017-05-16 00:00:00-04:00,39.40781272863226,39.40781272863226,39.16284012351091,39.225833892822266,26000,0.0,0.0,0.0
2017-05-17 00:00:00-04:00,38.89686332671904,38.91319293194361,38.600563049316406,38.600563049316406,90400,0.0,0.0,0.0
2017-05-18 00:00:00-04:00,38.54690436427472,38.83620573700816,38.46058208917423,38.69622039794922,121600,0.0,0.0,0.0
2017-05-19 00:00:00-04:00,38.73121636342618,39.08584329131028,38.73121636342618,38.936527252197266,41600,0.0,0.0,0.0
2017-05-22 00:00:00-04:00,39.018183875942974,39.21649228292138,39.018183875942974,39.18616485595703,27200,0.0,0.0,0.0
2017-05-23 00:00:00-04:00,39.29116078823432,39.29116078823432,39.11618085859605,39.193172454833984,40800,0.0,0.0,0.0
2017-05-24 00:00:00-04:00,39.23748846797009,39.26548767089844,39.151166195547134,39.26548767089844,27200,0.0,0.0,0.0
2017-05-25 00:00:00-04:00,39.35881604791168,39.5291288402989,39.35881604791168,39.45214080810547,50000,0.0,0.0,0.0
2017-05-26 00:00:00-04:00,39.389150878294735,39.4451457398675,39.389150878294735,39.412479400634766,36000,0.0,0.0,0.0
2017-05-30 00:00:00-04:00,39.41013177972172,39.41013177972172,39.25381685895137,39.316810607910156,46400,0.0,0.0,0.0
2017-05-31 00:00:00-04:00,39.456801673180344,39.468467712402344,39.19549948248919,39.468467712402344,64000,0.0,0.0,0.0
2017-06-01 00:00:00-04:00,39.5314602427331,39.855756187123866,39.50112925369737,39.82309341430664,57200,0.0,0.0,0.0
2017-06-02 00:00:00-04:00,39.85342073336953,39.96773864771504,39.79275876088425,39.8907470703125,30000,0.0,0.0,0.0
2017-06-05 00:00:00-04:00,39.867421686253415,39.87442059747841,39.687774658203125,39.687774658203125,19200,0.0,0.0,0.0
2017-06-06 00:00:00-04:00,39.60378666315347,39.631782309820416,39.47080022153465,39.50579833984375,28400,0.0,0.0,0.0
2017-06-07 00:00:00-04:00,39.55012971293134,39.66211586682095,39.459140295400594,39.5967903137207,34400,0.0,0.0,0.0
2017-06-08 00:00:00-04:00,39.59678140855261,39.70876753725695,39.52212161609982,39.63877487182617,23600,0.0,0.0,0.0
2017-06-09 00:00:00-04:00,39.71810974487655,39.869757583698444,39.559459434131966,39.64811706542969,37600,0.0,0.0,0.0
2017-06-12 00:00:00-04:00,39.57578467691582,39.74376564995977,39.57578467691582,39.63877487182617,53200,0.0,0.0,0.0
2017-06-13 00:00:00-04:00,39.81609398388479,40.00507170700461,39.76943338903641,39.951412200927734,29200,0.0,0.0,0.0
2017-06-14 00:00:00-04:00,40.07973940846001,40.07973940846001,39.767109417599634,39.902427673339844,23200,0.0,0.0,0.0
2017-06-15 00:00:00-04:00,39.66678043148034,39.82542717590698,39.63178231316829,39.76943588256836,26800,0.0,0.0,0.0
2017-06-16 00:00:00-04:00,39.722773060799106,39.73677444458008,39.58979017467191,39.73677444458008,51600,0.0,0.0,0.0
2017-06-19 00:00:00-04:00,39.8347613748608,40.02373910956102,39.8347613748608,39.935081481933594,32800,0.0,0.0,0.0
2017-06-20 00:00:00-04:00,39.9234105344417,39.9234105344417,39.6294456010445,39.6644401550293,121600,0.0,0.0,0.0
2017-06-21 00:00:00-04:00,39.74610335013957,39.74610335013957,39.38914461927757,39.42880630493164,26800,0.0,0.0,0.0
2017-06-22 00:00:00-04:00,39.438133549338346,39.53379007929701,39.3634773122798,39.44746780395508,32400,0.0,0.0,0.0
2017-06-23 00:00:00-04:00,39.45680309274216,39.585122408850104,39.391477542719116,39.49413299560547,48000,0.0,0.0,0.0
2017-06-26 00:00:00-04:00,39.68777668932029,39.7274383749501,39.63644896439338,39.64344787597656,22400,0.0,0.0,0.0
2017-06-27 00:00:00-04:00,39.598975255425195,39.70665549811264,39.36254021847277,39.36488342285156,42400,0.1425,0.0,0.0
2017-06-28 00:00:00-04:00,39.55215924576151,39.765180107561505,39.55215924576151,39.74645233154297,43200,0.0,0.0,0.0
2017-06-29 00:00:00-04:00,39.75580839388039,39.75580839388039,39.19164633307631,39.40467071533203,21600,0.0,0.0,0.0
2017-06-30 00:00:00-04:00,39.47491306014927,39.63175418393359,39.47491306014927,39.51704788208008,56400,0.0,0.0,0.0
2017-07-03 00:00:00-04:00,39.65983949292053,39.80263565959857,39.65983949292053,39.74645233154297,23200,0.0,0.0,0.0
2017-07-05 00:00:00-04:00,39.692613121908735,39.72304620513435,39.58025003516834,39.673885345458984,28400,0.0,0.0,0.0
2017-07-06 00:00:00-04:00,39.545134511753034,39.545134511753034,39.217407350488294,39.264225006103516,32800,0.0,0.0,0.0
2017-07-07 00:00:00-04:00,39.306357881851824,39.683245850408035,39.306357881851824,39.62940216064453,46000,0.0,0.0,0.0
2017-07-10 00:00:00-04:00,39.605994344470034,39.66920013401882,39.54981102354249,39.6153564453125,24800,0.0,0.0,0.0
2017-07-11 00:00:00-04:00,39.59897135489774,39.59897135489774,39.484265082330474,39.56151580810547,29600,0.0,0.0,0.0
2017-07-12 00:00:00-04:00,39.732405687577696,39.93606801056622,39.732405687577696,39.84477233886719,35200,0.0,0.0,0.0
2017-07-13 00:00:00-04:00,39.91733603186137,39.97117614746094,39.89158579014722,39.97117614746094,44400,0.0,0.0,0.0
2017-07-14 00:00:00-04:00,39.95244399445853,40.132695666697586,39.95244399445853,40.11396789550781,20800,0.0,0.0,0.0
2017-07-17 00:00:00-04:00,40.09056380503624,40.25443093659317,40.08354133619325,40.20293045043945,32800,0.0,0.0,0.0
2017-07-18 00:00:00-04:00,40.14674002107875,40.14674002107875,40.05310473844215,40.083534240722656,30400,0.0,0.0,0.0
2017-07-19 00:00:00-04:00,40.17249788775407,40.390201568603516,40.17249788775407,40.390201568603516,38800,0.0,0.0,0.0
2017-07-20 00:00:00-04:00,40.392545553438524,40.392545553438524,40.25911149721082,40.270816802978516,43200,0.0,0.0,0.0
2017-07-21 00:00:00-04:00,40.195897320738275,40.231009655640634,40.10694130970996,40.21696472167969,54800,0.0,0.0,0.0
2017-07-24 00:00:00-04:00,40.242729779285774,40.25209188138887,40.14909089846446,40.23336410522461,34000,0.0,0.0,0.0
2017-07-25 00:00:00-04:00,40.411275771563304,40.465115895000544,40.28252454424987,40.39957046508789,52400,0.0,0.0,0.0
2017-07-26 00:00:00-04:00,40.44170426959893,40.44170426959893,40.2357058830126,40.25209045410156,55600,0.0,0.0,0.0
2017-07-27 00:00:00-04:00,40.270816229778305,40.270816229778305,39.938406268062366,40.10695266723633,59200,0.0,0.0,0.0
2017-07-28 00:00:00-04:00,39.97819790233802,40.099926640264584,39.97819790233802,40.06715393066406,104400,0.0,0.0,0.0
2017-07-31 00:00:00-04:00,40.120992686017466,40.120992686017466,39.96883444773241,40.022674560546875,22000,0.0,0.0,0.0
2017-08-01 00:00:00-04:00,40.13738769066563,40.151432629283825,40.01565893604475,40.142066955566406,40400,0.0,0.0,0.0
2017-08-02 00:00:00-04:00,40.109286600775505,40.109286600775505,39.87519480984493,40.008628845214844,40400,0.0,0.0,0.0
2017-08-03 00:00:00-04:00,39.964162142432386,40.0039573295169,39.94075152793172,39.961822509765625,42800,0.0,0.0,0.0
2017-08-04 00:00:00-04:00,40.08119550416339,40.08119550416339,39.954783940627465,40.01096725463867,42800,0.0,0.0,0.0
2017-08-07 00:00:00-04:00,39.996921226613935,40.1186499510013,39.996921226613935,40.09992218017578,64800,0.0,0.0,0.0
2017-08-08 00:00:00-04:00,40.06247693626706,40.170160753203824,39.905635833740234,39.905635833740234,22800,0.0,0.0,0.0
2017-08-09 00:00:00-04:00,39.812000662930316,39.889247826263194,39.7230446213303,39.81902313232422,45200,0.0,0.0,0.0
2017-08-10 00:00:00-04:00,39.68792545973899,39.68792545973899,39.21974182128906,39.21974182128906,126000,0.0,0.0,0.0
2017-08-11 00:00:00-04:00,39.21739908594886,39.31337758150671,39.21037661768438,39.29698944091797,17600,0.0,0.0,0.0
2017-08-14 00:00:00-04:00,39.50768288484379,39.77688708601488,39.50768288484379,39.72772979736328,34800,0.0,0.0,0.0
2017-08-15 00:00:00-04:00,39.76517407878909,39.76517407878909,39.57087745050677,39.617698669433594,26400,0.0,0.0,0.0
2017-08-16 00:00:00-04:00,39.72772353701825,39.82369846658121,39.72772353701825,39.73240280151367,30800,0.0,0.0,0.0
2017-08-17 00:00:00-04:00,39.68792336484454,39.694949405251506,39.271240234375,39.271240234375,21600,0.0,0.0,0.0
2017-08-18 00:00:00-04:00,39.0863119884785,39.18229049321866,38.96692644460316,39.05353927612305,47600,0.0,0.0,0.0
2017-08-21 00:00:00-04:00,38.96224179844125,39.065242767333984,38.89903600899205,39.065242767333984,62400,0.0,0.0,0.0
2017-08-22 00:00:00-04:00,39.107380333549614,39.39765548706055,39.107380333549614,39.39765548706055,50000,0.0,0.0,0.0
2017-08-23 00:00:00-04:00,39.189309212890926,39.392967936475806,39.189309212890926,39.29698944091797,39600,0.0,0.0,0.0
2017-08-24 00:00:00-04:00,39.376581225054885,39.376581225054885,39.23378509151867,39.23846435546875,18800,0.0,0.0,0.0
2017-08-25 00:00:00-04:00,39.35551290096249,39.474902006920296,39.346150800474355,39.390628814697266,39600,0.0,0.0,0.0
2017-08-28 00:00:00-04:00,39.44447003632426,39.45851497342933,39.259539077844956,39.301673889160156,33200,0.0,0.0,0.0
2017-08-29 00:00:00-04:00,39.13313168501904,39.346156112447616,39.13313168501904,39.30870056152344,26400,0.0,0.0,0.0
2017-08-30 00:00:00-04:00,39.30401165401501,39.533424189023506,39.30401165401501,39.510013580322266,29600,0.0,0.0,0.0
2017-08-31 00:00:00-04:00,39.64813256069653,39.81667896599429,39.64813256069653,39.78156661987305,22000,0.0,0.0,0.0
2017-09-01 00:00:00-04:00,39.889241165237955,40.01096990100158,39.889241165237955,39.98990249633789,29600,0.0,0.0,0.0
2017-09-05 00:00:00-04:00,39.93606413211315,39.93606413211315,39.44915273968618,39.56151580810547,28000,0.0,0.0,0.0
2017-09-06 00:00:00-04:00,39.7066536515429,39.716019324706714,39.610678719339056,39.68324661254883,28000,0.0,0.0,0.0
2017-09-07 00:00:00-04:00,39.755812438638166,39.755812438638166,39.479582245992056,39.56151580810547,33200,0.0,0.0,0.0
2017-09-08 00:00:00-04:00,39.54512804673137,39.81667540564728,39.54512804673137,39.74176788330078,28000,0.0,0.0,0.0
2017-09-11 00:00:00-04:00,39.99926749421494,40.27081485829814,39.99926749421494,40.23570251464844,63600,0.0,0.0,0.0
2017-09-12 00:00:00-04:00,40.30592997753049,40.3948860168457,40.30592997753049,40.3948860168457,17200,0.0,0.0,0.0
2017-09-13 00:00:00-04:00,40.4276587304948,40.4276587304948,40.364452935615155,40.3948860168457,13200,0.0,0.0,0.0
2017-09-14 00:00:00-04:00,40.35742968994706,40.39722844400187,40.28954463153639,40.38084030151367,26400,0.0,0.0,0.0
2017-09-15 00:00:00-04:00,40.38084234916204,40.50959357539155,40.35040926697379,40.50257110595703,42000,0.0,0.0,0.0
2017-09-18 00:00:00-04:00,40.565769568629854,40.628975359636556,40.565769568629854,40.61259078979492,19200,0.0,0.0,0.0
2017-09-19 00:00:00-04:00,40.61492738601342,40.64301725904654,40.57044937240604,40.62663269042969,15200,0.0,0.0,0.0
2017-09-20 00:00:00-04:00,40.654724510165224,40.678135120118746,40.50958872993457,40.661746978759766,20800,0.0,0.0,0.0
2017-09-21 00:00:00-04:00,40.63834103265264,40.65940843900231,40.61259078979492,40.61259078979492,20000,0.0,0.0,0.0
2017-09-22 00:00:00-04:00,40.58215918951117,40.710910408492296,40.58215918951117,40.703887939453125,33200,0.0,0.0,0.0
2017-09-25 00:00:00-04:00,40.67111542947948,40.6875,40.56343161707875,40.6875,22800,0.0,0.0,0.0
2017-09-26 00:00:00-04:00,40.73823057160774,40.76876660030296,40.65837097167969,40.65837097167969,23200,0.1465,0.0,0.0
2017-09-27 00:00:00-04:00,40.630180784695035,40.87211070517418,40.630180784695035,40.79929733276367,16400,0.0,0.0,0.0
2017-09-28 00:00:00-04:00,40.80164835017308,40.900299072265625,40.70064649733784,40.900299072265625,25600,0.0,0.0,0.0
2017-09-29 00:00:00-04:00,40.92144474627652,41.06472396850586,40.92144474627652,41.06472396850586,27600,0.0,0.0,0.0
2017-10-02 00:00:00-04:00,41.05767195807204,41.269065856933594,41.05767195807204,41.269065856933594,22800,0.0,0.0,0.0
2017-10-03 00:00:00-04:00,41.33483336886097,41.36302185058594,41.243228867346865,41.36302185058594,32800,0.0,0.0,0.0
2017-10-04 00:00:00-04:00,41.398261748692455,41.48047249642,41.34423948866554,41.4616813659668,21200,0.0,0.0,0.0
2017-10-05 00:00:00-04:00,41.543885515014786,41.68246964404556,41.53683928961136,41.604957580566406,22800,0.0,0.0,0.0
2017-10-06 00:00:00-04:00,41.53448526916736,41.53448526916736,41.454625671013986,41.50864791870117,15200,0.0,0.0,0.0
2017-10-09 00:00:00-04:00,41.54857585150121,41.54857585150121,41.36066818237305,41.36066818237305,41600,0.0,0.0,0.0
2017-10-10 00:00:00-04:00,41.487509913514955,41.546230839697685,41.37241560794208,41.41939163208008,21200,0.0,0.0,0.0
2017-10-11 00:00:00-04:00,41.44053433340971,41.4875139461551,41.43818678638894,41.47576904296875,40000,0.0,0.0,0.0
2017-10-12 00:00:00-04:00,41.43818963902099,41.55563151088673,41.42879586624999,41.489864349365234,23600,0.0,0.0,0.0
2017-10-13 00:00:00-04:00,41.57676315307617,41.63783520989983,41.56032315749811,41.57676315307617,19600,0.0,0.0,0.0
2017-10-16 00:00:00-04:00,41.607293608101884,41.607293608101884,41.525082889101206,41.58615493774414,19200,0.0,0.0,0.0
2017-10-17 00:00:00-04:00,41.58616576249451,41.60965198543637,41.52509369795471,41.55562973022461,24400,0.0,0.0,0.0
2017-10-18 00:00:00-04:00,41.65663029967667,41.68011652188574,41.59321069003384,41.614349365234375,20000,0.0,0.0,0.0
2017-10-19 00:00:00-04:00,41.47342526276695,41.72709655761719,41.360678482787314,41.72709655761719,27200,0.0,0.0,0.0
2017-10-20 00:00:00-04:00,41.93848520888274,42.0230434839562,41.93378653136732,41.99955368041992,37600,0.0,0.0,0.0
2017-10-23 00:00:00-04:00,42.08881795305083,42.08881795305083,41.84453685633536,41.84923553466797,30400,0.0,0.0,0.0
2017-10-24 00:00:00-04:00,41.891509386089254,41.93378673180766,41.85157600307854,41.8609733581543,25200,0.0,0.0,0.0
2017-10-25 00:00:00-04:00,41.8468815630896,41.8468815630896,41.40295150590949,41.57676315307617,55200,0.0,0.0,0.0
2017-10-26 00:00:00-04:00,41.705948905509395,41.77876227855124,41.66836665360366,41.71064758300781,30000,0.0,0.0,0.0
2017-10-27 00:00:00-04:00,41.70829976470582,41.83043670654297,41.61904281302109,41.83043670654297,22000,0.0,0.0,0.0
2017-10-30 00:00:00-04:00,41.715341674442165,41.75996656162838,41.54622514349937,41.58615493774414,71600,0.0,0.0,0.0
2017-10-31 00:00:00-04:00,41.71534489930061,41.783459592621405,41.68715641927072,41.75057601928711,21600,0.0,0.0,0.0
2017-11-01 00:00:00-04:00,41.96902449269137,41.96902449269137,41.73883943349198,41.79991149902344,24000,0.0,0.0,0.0
2017-11-02 00:00:00-04:00,41.72004351750983,41.72004351750983,41.57911544161621,41.6754150390625,21600,0.0,0.0,0.0
2017-11-03 00:00:00-04:00,41.616698399545726,41.68011801145505,41.55797746586263,41.668373107910156,17600,0.0,0.0,0.0
2017-11-06 00:00:00-05:00,41.682469608658614,41.87741995670993,41.682469608658614,41.85628128051758,24400,0.0,0.0,0.0
2017-11-07 00:00:00-05:00,41.846884581100106,42.034792274652524,41.74353517044422,41.823394775390625,23200,0.0,0.0,0.0
2017-11-08 00:00:00-05:00,41.781119321243864,41.87977005842463,41.7223983883476,41.85158157348633,26000,0.0,0.0,0.0
2017-11-09 00:00:00-05:00,41.62374707332832,41.77642006312261,41.49925539999847,41.70830535888672,39200,0.0,0.0,0.0
2017-11-10 00:00:00-05:00,41.62139300401152,41.75762598690726,41.62139300401152,41.731788635253906,34800,0.0,0.0,0.0
2017-11-13 00:00:00-05:00,41.60729853172137,41.884463161802856,41.60729853172137,41.8609733581543,50000,0.0,0.0,0.0
2017-11-14 00:00:00-05:00,41.76232603285289,41.889161664371215,41.736488680353084,41.88681411743164,32000,0.0,0.0,0.0
2017-11-15 00:00:00-05:00,41.69656351369885,41.755284450086535,41.55093315430915,41.64019012451172,21600,0.0,0.0,0.0
2017-11-16 00:00:00-05:00,41.832790224811866,42.1099512825385,41.832790224811866,42.046531677246094,26400,0.0,0.0,0.0
2017-11-17 00:00:00-05:00,41.992504957820984,42.14283037300343,41.992504957820984,42.13578414916992,23600,0.0,0.0,0.0
2017-11-20 00:00:00-05:00,42.15457761302304,42.27671813964844,42.15457761302304,42.27671813964844,41200,0.0,0.0,0.0
2017-11-21 00:00:00-05:00,42.41530362472561,42.450534749970544,42.38476759348585,42.43174362182617,56800,0.0,0.0,0.0
2017-11-22 00:00:00-05:00,42.445840154973766,42.46697883036924,42.36832809448242,42.36832809448242,38000,0.0,0.0,0.0
2017-11-24 00:00:00-05:00,42.481066641432484,42.481066641432484,42.40120704263213,42.41999816894531,9200,0.0,0.0,0.0
2017-11-27 00:00:00-05:00,42.44113996615202,42.44113996615202,42.36832658635416,42.37067413330078,23200,0.0,0.0,0.0
2017-11-28 00:00:00-05:00,42.44114662811735,42.8498420715332,42.44114662811735,42.8498420715332,30800,0.0,0.0,0.0
2017-11-29 00:00:00-05:00,42.880367225721805,43.07062244717737,42.880367225721805,43.0565299987793,37600,0.0,0.0,0.0
2017-11-30 00:00:00-05:00,43.155180813735505,43.47932146374634,43.12229723938954,43.2702751159668,34400,0.0,0.0,0.0
2017-12-01 00:00:00-05:00,43.33369409258865,43.33369409258865,42.62434433160129,43.23973846435547,76400,0.0,0.0,0.0
2017-12-04 00:00:00-05:00,43.56387796122922,43.64373755509155,43.3219480489729,43.33604049682617,88000,0.0,0.0,0.0
2017-12-05 00:00:00-05:00,43.28672296177141,43.28672296177141,42.99311828613281,42.99311828613281,34400,0.0,0.0,0.0
2017-12-06 00:00:00-05:00,42.95554331471247,43.0518429327524,42.89212369577554,42.899169921875,23600,0.0,0.0,0.0
2017-12-07 00:00:00-05:00,43.002509721433,43.15283515129871,43.002509721433,43.10350799560547,28400,0.0,0.0,0.0
2017-12-08 00:00:00-05:00,43.284373897791326,43.34779350903843,43.18572316031879,43.329002380371094,38400,0.0,0.0,0.0
2017-12-11 00:00:00-05:00,43.37832103521053,43.38537084369704,43.298461435466514,43.30550765991211,745200,0.0,0.0,0.0
2017-12-12 00:00:00-05:00,43.336047026447524,43.40651286037193,43.29376967651759,43.312557220458984,26000,0.0,0.0,0.0
2017-12-13 00:00:00-05:00,43.328995707597244,43.40650775739748,43.29845968021028,43.314903259277344,18000,0.0,0.0,0.0
2017-12-14 00:00:00-05:00,43.239746057586416,43.300818122672894,42.96963119506836,42.96963119506836,20800,0.0,0.0,0.0
2017-12-15 00:00:00-05:00,43.18572320966575,43.52395635798171,43.18572320966575,43.4041633605957,38000,0.0,0.0,0.0
2017-12-18 00:00:00-05:00,43.634344524204444,43.873923309852664,43.634344524204444,43.83164596557617,35600,0.0,0.0,0.0
2017-12-19 00:00:00-05:00,43.8783436974365,43.88541751910212,43.69205679869997,43.7415771484375,26400,0.182,0.0,0.0
2017-12-20 00:00:00-05:00,43.94907964038369,43.94907964038369,43.687337479491006,43.72506332397461,53200,0.0,0.0,0.0
2017-12-21 00:00:00-05:00,43.79580271149202,43.83824923154961,43.74392563035357,43.750999450683594,42000,0.0,0.0,0.0
2017-12-22 00:00:00-05:00,43.71799464984684,43.819392088907335,43.694416444028604,43.80524444580078,50400,0.0,0.0,0.0
2017-12-26 00:00:00-05:00,43.79580691083772,43.857118157013325,43.79580691083772,43.828819274902344,14400,0.0,0.0,0.0
2017-12-27 00:00:00-05:00,43.92550165852331,43.94672312253008,43.83589512416852,43.84532928466797,58800,0.0,0.0,0.0
2017-12-28 00:00:00-05:00,43.913706304810944,43.97501754760742,43.798164835991656,43.97501754760742,160400,0.0,0.0,0.0
2017-12-29 00:00:00-05:00,44.05047553917358,44.090561724499295,43.77458572387695,43.77458572387695,68400,0.0,0.0,0.0
2018-01-02 00:00:00-05:00,43.92786293912293,43.9868138550635,43.76044435277559,43.967952728271484,54400,0.0,0.0,0.0
2018-01-03 00:00:00-05:00,44.05047576317038,44.206107023281255,44.0009590155483,44.191959381103516,140400,0.0,0.0,0.0
2018-01-04 00:00:00-05:00,44.34050945172492,44.40889451387296,44.25798034667969,44.25798034667969,52000,0.0,0.0,0.0
2018-01-05 00:00:00-05:00,44.41361425759189,44.550377193936214,44.361737172187716,44.52915573120117,85600,0.0,0.0,0.0
2018-01-08 00:00:00-05:00,44.55745600229546,44.68243163973577,44.47964037176279,44.675357818603516,41200,0.0,0.0,0.0
2018-01-09 00:00:00-05:00,44.78382759433425,44.82391378200695,44.6706428527832,44.6706428527832,68400,0.0,0.0,0.0
2018-01-10 00:00:00-05:00,44.55037821289706,44.55037821289706,44.3546643657605,44.47727966308594,43200,0.0,0.0,0.0
2018-01-11 00:00:00-05:00,44.581038126071505,44.85221448626736,44.5668904825632,44.840423583984375,98800,0.0,0.0,0.0
2018-01-12 00:00:00-05:00,44.89465687686781,45.02198926498937,44.87107507258545,44.981903076171875,67200,0.0,0.0,0.0
2018-01-16 00:00:00-05:00,45.19648091495776,45.24835800092722,44.71072601731449,44.73902130126953,84800,0.0,0.0,0.0
2018-01-17 00:00:00-05:00,44.906445077173,45.22713816649631,44.906445077173,45.182334899902344,44800,0.0,0.0,0.0
2018-01-18 00:00:00-05:00,45.16110885230137,45.16110885230137,44.9866128838252,45.02669906616211,40800,0.0,0.0,0.0
2018-01-19 00:00:00-05:00,45.12102423228968,45.3756889761799,45.12102423228968,45.370975494384766,54400,0.0,0.0,0.0
2018-01-22 00:00:00-05:00,45.41577965999751,45.571407318115234,45.337964031899766,45.571407318115234,26000,0.0,0.0,0.0
2018-01-23 00:00:00-05:00,45.59498955320403,45.73647316892237,45.540755726345715,45.715248107910156,36000,0.0,0.0,0.0
2018-01-24 00:00:00-05:00,45.81193184239705,45.906251861123906,45.559623813359764,45.691673278808594,36000,0.0,0.0,0.0
2018-01-25 00:00:00-05:00,45.918040343605085,45.918040343605085,45.51010106689216,45.597347259521484,59600,0.0,0.0,0.0
2018-01-26 00:00:00-05:00,45.785993463461395,45.922760009765625,45.70817782859461,45.922760009765625,116000,0.0,0.0,0.0
2018-01-29 00:00:00-05:00,45.93926291372439,45.96755819670149,45.63979130926519,45.677520751953125,58000,0.0,0.0,0.0
2018-01-30 00:00:00-05:00,45.345044512235695,45.415786329811766,45.236573245541955,45.27194595336914,57600,0.0,0.0,0.0
2018-01-31 00:00:00-05:00,45.42992838767462,45.46529749307454,45.04085023788622,45.20119857788086,37200,0.0,0.0,0.0
2018-02-01 00:00:00-05:00,45.014911668916824,45.30966620734105,45.00548110684151,45.16818618774414,39200,0.0,0.0,0.0
2018-02-02 00:00:00-05:00,44.852213481583576,44.852213481583576,44.23204873578783,44.3216552734375,44000,0.0,0.0,0.0
2018-02-05 00:00:00-05:00,43.92785627948325,44.265057338543045,42.654518127441406,42.654518127441406,184800,0.0,0.0,0.0
2018-02-06 00:00:00-05:00,41.852791606919496,43.2699702641314,41.33166395137419,43.12848663330078,114000,0.0,0.0,0.0
2018-02-07 00:00:00-05:00,43.128480728592486,43.69676831725117,43.0412345404361,43.28647232055664,88800,0.0,0.0,0.0
2018-02-08 00:00:00-05:00,43.16385395731866,43.16385395731866,41.86221694946289,41.86221694946289,72800,0.0,0.0,0.0
2018-02-09 00:00:00-05:00,42.173479642057416,42.406922927326775,41.0604862476004,42.213565826416016,83600,0.0,0.0,0.0
2018-02-12 00:00:00-05:00,42.47294660342887,42.91154147766485,42.19470006073778,42.7370491027832,30800,0.0,0.0,0.0
2018-02-13 00:00:00-05:00,42.54134069048939,42.871464387102655,42.53898035103459,42.82902145385742,57200,0.0,0.0,0.0
2018-02-14 00:00:00-05:00,42.55077024867989,43.42088634043233,42.55077024867989,43.39730453491211,36400,0.0,0.0,0.0
2018-02-15 00:00:00-05:00,43.65432259431389,43.82645821869651,43.37135538953248,43.73921203613281,62800,0.0,0.0,0.0
2018-02-16 00:00:00-05:00,43.71563418066466,44.08820434237006,43.71563418066466,43.90427780151367,27600,0.0,0.0,0.0
2018-02-20 00:00:00-05:00,43.75808463998833,43.95379850131183,43.49162536664618,43.49869918823242,46000,0.0,0.0,0.0
2018-02-21 00:00:00-05:00,43.61895180897423,44.0457557775447,43.383148193359375,43.383148193359375,42400,0.0,0.0,0.0
2018-02-22 00:00:00-05:00,43.51048864380598,43.6543290080747,43.373722100888344,43.406734466552734,26000,0.0,0.0,0.0
2018-02-23 00:00:00-05:00,43.43503653103926,43.76752057874437,43.43503653103926,43.75572967529297,28000,0.0,0.0,0.0
2018-02-26 00:00:00-05:00,43.92785611043752,44.09527826883707,43.77930227205359,44.03632736206055,30800,0.0,0.0,0.0
2018-02-27 00:00:00-05:00,44.128291788686084,44.173095054702344,43.60480743495125,43.611881256103516,34800,0.0,0.0,0.0
2018-02-28 00:00:00-05:00,43.67319613922009,43.795811448118684,43.19451141357422,43.19451141357422,29600,0.0,0.0,0.0
2018-03-01 00:00:00-05:00,43.07660613415636,43.26289301994913,42.654519212429925,42.82194137573242,51600,0.0,0.0,0.0
2018-03-02 00:00:00-05:00,42.531898454538215,43.1237678527832,42.531898454538215,43.1237678527832,34800,0.0,0.0,0.0
2018-03-05 00:00:00-05:00,42.824306040453685,43.503421783447266,42.824306040453685,43.503421783447266,70400,0.0,0.0,0.0
2018-03-06 00:00:00-05:00,43.635464442847145,43.78637862901248,43.33834955271558,43.75808334350586,24000,0.0,0.0,0.0
2018-03-07 00:00:00-05:00,43.387868188951884,43.72035217285156,43.387868188951884,43.72035217285156,16000,0.0,0.0,0.0
2018-03-08 00:00:00-05:00,43.85947976224902,43.868910325280034,43.630749929406086,43.809959411621094,18400,0.0,0.0,0.0
2018-03-09 00:00:00-05:00,44.085837978006005,44.486703336007466,43.94199765329099,44.47962951660156,30800,0.0,0.0,0.0
2018-03-12 00:00:00-04:00,44.56688896897889,44.56688896897889,44.394753315343635,44.49614715576172,38800,0.0,0.0,0.0
2018-03-13 00:00:00-04:00,44.68006379258845,44.68006379258845,44.19195222609601,44.24854278564453,44400,0.0,0.0,0.0
2018-03-14 00:00:00-04:00,44.42540610412655,44.42540610412655,43.927860260009766,43.927860260009766,20400,0.0,0.0,0.0
2018-03-15 00:00:00-04:00,44.11178201013804,44.11413875087458,43.838248965446134,43.92549514770508,20400,0.0,0.0,0.0
2018-03-16 00:00:00-04:00,43.927853130717885,44.17780798088072,43.927853130717885,44.137718200683594,18400,0.0,0.0,0.0
2018-03-19 00:00:00-04:00,44.031606258426955,44.031606258426955,43.4774699442116,43.684974670410156,56000,0.0,0.0,0.0
2018-03-20 00:00:00-04:00,43.795806062652325,43.83353550601771,43.626027165585825,43.69441223144531,30400,0.0,0.0,0.0
2018-03-21 00:00:00-04:00,43.68262384653412,43.986808955752444,43.68262384653412,43.8005256652832,30800,0.0,0.0,0.0
2018-03-22 00:00:00-04:00,43.325001007777175,43.49761898300142,42.6841809945301,42.69837188720703,47600,0.12975,0.0,0.0
2018-03-23 00:00:00-04:00,42.75275039430372,42.75275039430372,41.85182189941406,41.85182189941406,43600,0.0,0.0,0.0
2018-03-26 00:00:00-04:00,42.395690321421334,42.76694107055664,42.27273146136386,42.76694107055664,34800,0.0,0.0,0.0
2018-03-27 00:00:00-04:00,42.93245925874832,42.97265775819999,42.147399631049055,42.29400634765625,36000,0.0,0.0,0.0
2018-03-28 00:00:00-04:00,42.376779689880564,42.565948292007555,42.25145025913972,42.43825912475586,49200,0.0,0.0,0.0
2018-03-29 00:00:00-04:00,42.53993048197463,43.015226082857076,42.53993048197463,42.885169982910156,56800,0.0,0.0,0.0
2018-04-02 00:00:00-04:00,42.72674616936883,42.72674616936883,41.549154656279434,41.87547302246094,106000,0.0,0.0,0.0
2018-04-03 00:00:00-04:00,42.00552213129916,42.4004171171463,41.929855424293805,42.336570739746094,68800,0.0,0.0,0.0
2018-04-04 00:00:00-04:00,41.79979787739905,42.88280487060547,41.79979787739905,42.88280487060547,41200,0.0,0.0,0.0
2018-04-05 00:00:00-04:00,43.08616730294649,43.15237702691819,42.99394635826025,43.116905212402344,30800,0.0,0.0,0.0
2018-04-06 00:00:00-04:00,42.743287728021045,42.8946247433387,41.936947166493624,42.201786041259766,71600,0.0,0.0,0.0
2018-04-09 00:00:00-04:00,42.45716829029189,42.80004082387899,42.25144188361236,42.25617218017578,50400,0.0,0.0,0.0
2018-04-10 00:00:00-04:00,42.71965704436693,42.89463838161857,42.5635896829045,42.74803161621094,34000,0.0,0.0,0.0
2018-04-11 00:00:00-04:00,42.53756904165081,42.75984609366208,42.53756904165081,42.6085090637207,27600,0.0,0.0,0.0
2018-04-12 00:00:00-04:00,42.76221140218514,42.930102675189985,42.76221140218514,42.81660079956055,28800,0.0,0.0,0.0
2018-04-13 00:00:00-04:00,43.036509214637476,43.036509214637476,42.554123556085536,42.667625427246094,24800,0.0,0.0,0.0
2018-04-16 00:00:00-04:00,42.80004793897556,43.20440357063018,42.795317641625765,43.1121826171875,37200,0.0,0.0,0.0
2018-04-17 00:00:00-04:00,43.33445533610073,43.469241747063364,43.33445533610073,43.41485595703125,30000,0.0,0.0,0.0
2018-04-18 00:00:00-04:00,43.4455861705569,43.68441743015502,43.4455861705569,43.483421325683594,41600,0.0,0.0,0.0
2018-04-19 00:00:00-04:00,43.38174771644847,43.38174771644847,42.9679351375457,43.116905212402344,48800,0.0,0.0,0.0
2018-04-20 00:00:00-04:00,43.15474330148749,43.197305152005235,42.70073218850031,42.80241012573242,51600,0.0,0.0,0.0
2018-04-23 00:00:00-04:00,42.89936270373524,43.05543004345739,42.733838377435866,42.89699935913086,34800,0.0,0.0,0.0
2018-04-24 00:00:00-04:00,43.08852508331572,43.14527781431701,42.331840044092914,42.556480407714844,109200,0.0,0.0,0.0
2018-04-25 00:00:00-04:00,42.50210111343707,42.77167031254304,42.44534837377707,42.667625427246094,23600,0.0,0.0,0.0
2018-04-26 00:00:00-04:00,42.906449421831034,42.9821197348767,42.821322123734234,42.94192123413086,23200,0.0,0.0,0.0
2018-04-27 00:00:00-04:00,42.949016290199424,43.15473909731264,42.949016290199424,43.09562301635742,19200,0.0,0.0,0.0
2018-04-30 00:00:00-04:00,43.40303290016934,43.40303290016934,42.61796951293945,42.61796951293945,19600,0.0,0.0,0.0
2018-05-01 00:00:00-04:00,42.55885109006121,42.703094482421875,42.30583612139155,42.703094482421875,20800,0.0,0.0,0.0
2018-05-02 00:00:00-04:00,42.52811226260389,42.726741438837706,42.52811226260389,42.67235565185547,15200,0.0,0.0,0.0
2018-05-03 00:00:00-04:00,42.32474870767927,42.379134489416685,41.877831300173,42.26563262939453,64800,0.0,0.0,0.0
2018-05-04 00:00:00-04:00,42.123755755198964,42.94665061630959,42.123755755198964,42.76930236816406,17600,0.0,0.0,0.0
2018-05-07 00:00:00-04:00,42.92536163330078,43.01758256069571,42.85205828180209,42.92536163330078,22800,0.0,0.0,0.0
2018-05-08 00:00:00-04:00,42.87098509839003,43.0341460685249,42.81896265550182,42.93719482421875,22800,0.0,0.0,0.0
2018-05-09 00:00:00-04:00,43.07670895779739,43.320266942584276,42.953746489077176,43.24223327636719,22800,0.0,0.0,0.0
2018-05-10 00:00:00-04:00,43.36046906877891,43.64659253546779,43.36046906877891,43.599300384521484,32000,0.0,0.0,0.0
2018-05-11 00:00:00-04:00,43.466868150197385,43.58273334475641,43.40775207683992,43.44085693359375,26800,0.0,0.0,0.0
2018-05-14 00:00:00-04:00,43.559091276342556,43.575641901474484,43.410117609360405,43.42903518676758,29200,0.0,0.0,0.0
2018-05-15 00:00:00-04:00,43.135819820714396,43.235134399831296,43.04596222658806,43.08852767944336,24000,0.0,0.0,0.0
2018-05-16 00:00:00-04:00,43.112177252658455,43.41012100174732,43.112177252658455,43.30134582519531,137600,0.0,0.0,0.0
2018-05-17 00:00:00-04:00,43.27296844300166,43.45268001847251,43.27296844300166,43.40538787841797,32800,0.0,0.0,0.0
2018-05-18 00:00:00-04:00,43.324993560577134,43.4290384400311,43.324993560577134,43.37464904785156,23200,0.0,0.0,0.0
2018-05-21 00:00:00-04:00,43.45977599595383,43.71279455149716,43.45977599595383,43.66786575317383,30000,0.0,0.0,0.0
2018-05-22 00:00:00-04:00,43.710436594901694,43.76482238518436,43.521264393035466,43.542545318603516,34400,0.0,0.0,0.0
2018-05-23 00:00:00-04:00,43.488162686480024,43.634769439697266,43.42431629697965,43.634769439697266,25200,0.0,0.0,0.0
2018-05-24 00:00:00-04:00,43.55200046373733,43.63949472319518,43.48815768973233,43.6087532043457,38000,0.0,0.0,0.0
2018-05-25 00:00:00-04:00,43.625302284592905,43.729343551173784,43.56854955069138,43.65604019165039,22800,0.0,0.0,0.0
2018-05-29 00:00:00-04:00,43.50707017723269,43.50707017723269,43.083797037080224,43.239864349365234,31200,0.0,0.0,0.0
2018-05-30 00:00:00-04:00,43.45032125539465,43.86413383877936,43.45032125539465,43.79319381713867,43600,0.0,0.0,0.0
2018-05-31 00:00:00-04:00,43.672605172938084,43.672605172938084,43.16893490906978,43.26824951171875,37600,0.0,0.0,0.0
2018-06-01 00:00:00-04:00,43.43613320756904,43.674960881121024,43.43613320756904,43.611114501953125,125600,0.0,0.0,0.0
2018-06-04 00:00:00-04:00,43.72935117334128,43.79792785644531,43.67260203770726,43.79792785644531,22400,0.0,0.0,0.0
2018-06-05 00:00:00-04:00,43.752993973087676,43.87358948047087,43.70333848517195,43.840484619140625,34000,0.0,0.0,0.0
2018-06-06 00:00:00-04:00,43.845213505738755,44.176265716552734,43.835756520588255,44.176265716552734,36000,0.0,0.0,0.0
2018-06-07 00:00:00-04:00,44.27558844321611,44.3417981759284,44.05567471029612,44.15735626220703,15200,0.0,0.0,0.0
2018-06-08 00:00:00-04:00,44.032022906825006,44.358341217041016,44.032022906825006,44.358341217041016,22400,0.0,0.0,0.0
2018-06-11 00:00:00-04:00,44.37962454027215,44.486036377260476,44.37962454027215,44.41036605834961,26400,0.0,0.0,0.0
2018-06-12 00:00:00-04:00,44.39381964232903,44.627917046326985,44.37490206080682,44.601905822753906,109200,0.0,0.0,0.0
2018-06-13 00:00:00-04:00,44.52860064685435,44.55461186937445,44.25666809082031,44.25666809082031,21600,0.0,0.0,0.0
2018-06-14 00:00:00-04:00,44.315782118459644,44.44110792800777,44.315782118459644,44.400909423828125,39200,0.0,0.0,0.0
2018-06-15 00:00:00-04:00,44.16680414574537,44.43637331855796,44.16680414574537,44.419822692871094,27200,0.0,0.0,0.0
2018-06-18 00:00:00-04:00,44.1005980073769,44.37016720207685,44.1005980073769,44.355979919433594,32400,0.0,0.0,0.0
2018-06-19 00:00:00-04:00,43.93270949771243,44.11478805541992,43.866499769120544,44.11478805541992,18800,0.0,0.0,0.0
2018-06-20 00:00:00-04:00,44.26376046041378,44.33470048417149,44.152621931763896,44.29922866821289,25600,0.0,0.0,0.0
2018-06-21 00:00:00-04:00,44.24720226936377,44.24720226936377,43.99655066823073,44.024925231933594,30400,0.0,0.0,0.0
2018-06-22 00:00:00-04:00,44.214103056202845,44.30869096089216,44.214103056202845,44.24248123168945,30000,0.0,0.0,0.0
2018-06-25 00:00:00-04:00,43.80738501352039,43.814478655502256,43.509441225802924,43.58274459838867,25200,0.0,0.0,0.0
2018-06-26 00:00:00-04:00,43.88152226605926,43.88152226605926,43.62522394007246,43.68692398071289,35600,0.16475,0.0,0.0
2018-06-27 00:00:00-04:00,43.72252421395163,43.88626705155383,43.269255765865246,43.285865783691406,16800,0.0,0.0,0.0
2018-06-28 00:00:00-04:00,43.1244964897762,43.52080856159458,43.062796445080565,43.47334671020508,24400,0.0,0.0,0.0
2018-06-29 00:00:00-04:00,43.66793225688542,43.84591687821232,43.54690401798143,43.57063674926758,104000,0.0,0.0,0.0
2018-07-02 00:00:00-04:00,43.29535532039002,43.46622085571289,43.27162258783151,43.46622085571289,19600,0.0,0.0,0.0
2018-07-03 00:00:00-04:00,43.75811536234676,43.78659174500411,43.71065351754895,43.73438262939453,14800,0.0,0.0,0.0
2018-07-05 00:00:00-04:00,43.6774246008724,43.8316764831543,43.59911093689497,43.8316764831543,15600,0.0,0.0,0.0
2018-07-06 00:00:00-04:00,43.78184667283103,44.232739615420684,43.78184667283103,44.17103958129883,25600,0.0,0.0,0.0
2018-07-09 00:00:00-04:00,44.30868389846452,44.55311584472656,44.30868389846452,44.55311584472656,24000,0.0,0.0,0.0
2018-07-10 00:00:00-04:00,44.5744734499251,44.645668029785156,44.53413069959598,44.645668029785156,37600,0.0,0.0,0.0
2018-07-11 00:00:00-04:00,44.35851699180879,44.415473378770784,44.244607838991485,44.31342697143555,35600,0.0,0.0,0.0
2018-07-12 00:00:00-04:00,44.47479455614952,44.498523664467164,43.50892968207903,44.48903274536133,42400,0.0,0.0,0.0
2018-07-13 00:00:00-04:00,44.614810608447854,44.704990639708306,44.55073513249404,44.586334228515625,19200,0.0,0.0,0.0
2018-07-16 00:00:00-04:00,44.548365657771505,44.56260384848868,44.35376739501953,44.35376739501953,16000,0.0,0.0,0.0
2018-07-17 00:00:00-04:00,44.22798960201435,44.553110631422776,44.22798960201435,44.5317497253418,26400,0.0,0.0,0.0
2018-07-18 00:00:00-04:00,44.53887698435281,44.697879791259766,44.505653327933516,44.697879791259766,38000,0.0,0.0,0.0
2018-07-19 00:00:00-04:00,44.51039336695579,44.916199895453886,44.51039336695579,44.863990783691406,30000,0.0,0.0,0.0
2018-07-20 00:00:00-04:00,44.742967744965696,44.771447752245805,44.64567221850553,44.68363952636719,19600,0.0,0.0,0.0
2018-07-23 00:00:00-04:00,44.58871582505241,44.75483411290682,44.58871582505241,44.68363952636719,98000,0.0,0.0,0.0
2018-07-24 00:00:00-04:00,44.84025913151794,44.84025913151794,44.33952890836932,44.39885711669922,36000,0.0,0.0,0.0
2018-07-25 00:00:00-04:00,44.40597598395758,44.655155181884766,44.33715685593517,44.655155181884766,119600,0.0,0.0,0.0
2018-07-26 00:00:00-04:00,44.72398066929275,45.04909811042256,44.72398066929275,44.99214172363281,113200,0.0,0.0,0.0
2018-07-27 00:00:00-04:00,45.015877922080556,45.015877922080556,44.595833137299266,44.688385009765625,63200,0.0,0.0,0.0
2018-07-30 00:00:00-04:00,44.72635648861345,44.747713777651995,44.451072692871094,44.451072692871094,20800,0.0,0.0,0.0
2018-07-31 00:00:00-04:00,44.71211401837234,45.00875507477399,44.71211401837234,44.9731559753418,41200,0.0,0.0,0.0
2018-08-01 00:00:00-04:00,44.8378903062832,44.91145671015658,44.745338439941406,44.745338439941406,41200,0.0,0.0,0.0
2018-08-02 00:00:00-04:00,44.432089330253746,44.951805114746094,44.432089330253746,44.951805114746094,26800,0.0,0.0,0.0
2018-08-03 00:00:00-04:00,44.87111524325862,45.05147171020508,44.87111524325862,45.05147171020508,20000,0.0,0.0,0.0
2018-08-06 00:00:00-04:00,45.106057443726336,45.238952067143636,45.106057443726336,45.20098114013672,14000,0.0,0.0,0.0
2018-08-07 00:00:00-04:00,45.22945286321679,45.371842014263784,45.205723752113315,45.34573745727539,27200,0.0,0.0,0.0
2018-08-08 00:00:00-04:00,45.31487916535253,45.31487916535253,45.172493655723684,45.22944641113281,76000,0.0,0.0,0.0
2018-08-09 00:00:00-04:00,45.208097258024644,45.326753681274056,45.12029266357422,45.12029266357422,18000,0.0,0.0,0.0
2018-08-10 00:00:00-04:00,44.85212883037705,44.937561601564894,44.41784587859774,44.7738151550293,22400,0.0,0.0,0.0
2018-08-13 00:00:00-04:00,44.731101658614286,44.77618805965316,44.50090789794922,44.50090789794922,18800,0.0,0.0,0.0
2018-08-14 00:00:00-04:00,44.818910481856335,45.00164241263333,44.75246316541146,44.951805114746094,36800,0.0,0.0,0.0
2018-08-15 00:00:00-04:00,44.67889491426109,44.69550493213542,44.434462948585754,44.671775817871094,50000,0.0,0.0,0.0
2018-08-16 00:00:00-04:00,44.81415675751825,45.11791690927235,44.81415675751825,44.96366500854492,30400,0.0,0.0,0.0
2018-08-17 00:00:00-04:00,44.882978452599545,45.25081045660501,44.882978452599545,45.236572265625,29600,0.0,0.0,0.0
2018-08-20 00:00:00-04:00,45.23657377524165,45.45964843099033,45.23657377524165,45.41455841064453,25600,0.0,0.0,0.0
2018-08-21 00:00:00-04:00,45.46677309873632,45.687475956658815,45.46677309873632,45.67560958862305,21200,0.0,0.0,0.0
2018-08-22 00:00:00-04:00,45.54270998165057,45.609157290062825,45.504739056527356,45.52609634399414,24000,0.0,0.0,0.0
2018-08-23 00:00:00-04:00,45.416932951111285,45.47388571579642,45.33624383262967,45.34811019897461,33600,0.0,0.0,0.0
2018-08-24 00:00:00-04:00,45.355222865768354,45.52134472883765,45.355222865768354,45.49761199951172,20400,0.0,0.0,0.0
2018-08-27 00:00:00-04:00,45.70408161818993,45.84172350784819,45.69221525128535,45.71120071411133,26400,0.0,0.0,0.0
2018-08-28 00:00:00-04:00,45.7657873352054,45.810873737698984,45.623398168162375,45.78951644897461,34800,0.0,0.0,0.0
2018-08-29 00:00:00-04:00,45.78001884765514,45.955628024129496,45.713571545025964,45.92952346801758,34800,0.0,0.0,0.0
2018-08-30 00:00:00-04:00,45.75153983105855,45.75153983105855,45.395570578833244,45.44540786743164,60400,0.0,0.0,0.0
2018-08-31 00:00:00-04:00,45.31726611660966,45.514232607215895,45.31726611660966,45.44066619873047,32800,0.0,0.0,0.0
2018-09-04 00:00:00-04:00,45.43592339291094,45.56407074860431,45.359981536865234,45.359981536865234,17200,0.0,0.0,0.0
2018-09-05 00:00:00-04:00,45.35285987565038,45.59254455566406,45.35285987565038,45.59254455566406,25600,0.0,0.0,0.0
2018-09-06 00:00:00-04:00,45.60678181140746,45.60678181140746,45.450158082323085,45.45252990722656,21200,0.0,0.0,0.0
2018-09-07 00:00:00-04:00,45.352857112069564,45.355228936877204,45.09893063449552,45.18199157714844,22000,0.0,0.0,0.0
2018-09-10 00:00:00-04:00,45.269803272601166,45.44778793097897,45.269803272601166,45.3552360534668,23200,0.0,0.0,0.0
2018-09-11 00:00:00-04:00,45.16775199101839,45.50710760446494,45.16775199101839,45.49049758911133,23200,0.0,0.0,0.0
2018-09-12 00:00:00-04:00,45.433547404620576,45.433547404620576,45.23657729159759,45.39557647705078,26800,0.0,0.0,0.0
2018-09-13 00:00:00-04:00,45.43829111849735,45.6233948495247,45.43829111849735,45.54270935058594,25200,0.0,0.0,0.0
2018-09-14 00:00:00-04:00,45.573557625286796,45.689842224121094,45.545081242350506,45.689842224121094,11200,0.0,0.0,0.0
2018-09-17 00:00:00-04:00,45.67559714133773,45.67559714133773,45.46201705932617,45.46201705932617,32400,0.0,0.0,0.0
2018-09-18 00:00:00-04:00,45.485760344162514,45.68273047372495,45.485760344162514,45.67086410522461,18800,0.0,0.0,0.0
2018-09-19 00:00:00-04:00,45.61627840047055,45.79426304610101,45.5783074736704,45.59492111206055,25200,0.0,0.0,0.0
2018-09-20 00:00:00-04:00,45.67085798053489,45.84884262084961,45.67085798053489,45.84884262084961,20000,0.0,0.0,0.0
2018-09-21 00:00:00-04:00,45.98647975679929,45.98647975679929,45.88680880305915,45.91054153442383,16000,0.0,0.0,0.0
2018-09-24 00:00:00-04:00,45.88681461623606,45.88681461623606,45.35048885784991,45.43829345703125,22000,0.0,0.0,0.0
2018-09-25 00:00:00-04:00,45.44065795154575,45.44065795154575,45.326748811374564,45.32912063598633,18400,0.0,0.0,0.0
2018-09-26 00:00:00-04:00,45.30693582802071,45.45725227906433,45.20672607421875,45.20672607421875,50400,0.25675,0.0,0.0
2018-09-27 00:00:00-04:00,44.9943799334032,45.22820271243525,44.9943799334032,45.02301025390625,22400,0.0,0.0,0.0
2018-09-28 00:00:00-04:00,45.011082252316754,45.2806965877071,45.011082252316754,45.213890075683594,18400,0.0,0.0,0.0
2018-10-01 00:00:00-04:00,45.40237534535752,45.40237534535752,45.03493955959238,45.099361419677734,27200,0.0,0.0,0.0
2018-10-02 00:00:00-04:00,45.09458401134448,45.12321432823847,44.989601328491624,45.01107406616211,252000,0.0,0.0,0.0
2018-10-03 00:00:00-04:00,45.08504048441121,45.24728379636834,45.008688120656494,45.042091369628906,71600,0.0,0.0,0.0
2018-10-04 00:00:00-04:00,44.89417388480776,44.896558531486406,44.4718584190438,44.657962799072266,23600,0.0,0.0,0.0
2018-10-05 00:00:00-04:00,44.8488322250593,44.8488322250593,44.168833051005514,44.40742874145508,36000,0.0,0.0,0.0
2018-10-08 00:00:00-04:00,44.335856104585766,44.45753860473633,44.15929397043258,44.45753860473633,24800,0.0,0.0,0.0
2018-10-09 00:00:00-04:00,44.39311830895811,44.397891242666034,44.17361068725586,44.17361068725586,21200,0.0,0.0,0.0
2018-10-10 00:00:00-04:00,44.02329341039274,44.02329341039274,43.12379019948843,43.240699768066406,32800,0.0,0.0,0.0
2018-10-11 00:00:00-04:00,42.62512437532004,42.851793224277536,42.085899353027344,42.085899353027344,42400,0.0,0.0,0.0
2018-10-12 00:00:00-04:00,42.58217532545012,42.58217532545012,41.84252719127084,42.22189712524414,22800,0.0,0.0,0.0
2018-10-15 00:00:00-04:00,42.28154580383015,42.670454321051714,42.28154580383015,42.47480773925781,16800,0.0,0.0,0.0
2018-10-16 00:00:00-04:00,42.73010747427195,43.29558181762695,42.72294989378357,43.29558181762695,32800,0.0,0.0,0.0
2018-10-17 00:00:00-04:00,43.25024711853007,43.27410450608501,42.91382628007407,43.1404914855957,19600,0.0,0.0,0.0
2018-10-18 00:00:00-04:00,42.50821026485472,43.06413867592398,42.44617305357881,42.57024383544922,30400,0.0,0.0,0.0
2018-10-19 00:00:00-04:00,42.625127291107624,42.7539710288741,42.26962197024239,42.319725036621094,12000,0.0,0.0,0.0
2018-10-22 00:00:00-04:00,42.34835217010098,42.34835217010098,42.05010754463296,42.10975646972656,14400,0.0,0.0,0.0
2018-10-23 00:00:00-04:00,41.348636850751,41.7590217590332,41.13151388309487,41.7590217590332,46800,0.0,0.0,0.0
2018-10-24 00:00:00-04:00,41.75425014925416,41.75425014925416,40.51593780517578,40.51593780517578,21200,0.0,0.0,0.0
2018-10-25 00:00:00-04:00,40.909623804045104,41.42498779296875,40.75692268868221,41.42498779296875,35600,0.0,0.0,0.0
2018-10-26 00:00:00-04:00,40.69010681375891,41.086176527501266,40.56126674482217,40.6137580871582,25600,0.0,0.0,0.0
2018-10-29 00:00:00-04:00,41.16013510736091,41.284205867273016,40.39424509407675,40.50876998901367,39200,0.0,0.0,0.0
2018-10-30 00:00:00-04:00,40.58274628562875,41.37249755859375,40.58274628562875,41.37249755859375,22000,0.0,0.0,0.0
2018-10-31 00:00:00-04:00,41.80196487238427,42.09305191040039,41.74947352843504,42.09305191040039,16400,0.0,0.0,0.0
2018-11-01 00:00:00-04:00,41.95705524104403,42.5678596496582,41.95705524104403,42.5678596496582,16000,0.0,0.0,0.0
2018-11-02 00:00:00-04:00,42.775435964632294,42.775435964632294,42.167016213445415,42.34357833862305,13600,0.0,0.0,0.0
2018-11-05 00:00:00-05:00,42.50582439017907,42.63227982555165,42.350738634550545,42.555931091308594,43200,0.0,0.0,0.0
2018-11-06 00:00:00-05:00,42.70863620992814,42.856564399380055,42.70863620992814,42.806461334228516,16800,0.0,0.0,0.0
2018-11-07 00:00:00-05:00,43.22876751310577,43.50315475463867,42.966314425483006,43.50315475463867,44400,0.0,0.0,0.0
2018-11-08 00:00:00-05:00,43.364767777406236,43.581890734677,43.319434012626466,43.44112014770508,16400,0.0,0.0,0.0
2018-11-09 00:00:00-05:00,43.18344284640424,43.195369720458984,42.83031854174442,43.195369720458984,22400,0.0,0.0,0.0
2018-11-12 00:00:00-05:00,42.99733227022043,42.99733227022043,42.59171667171921,42.615577697753906,23200,0.0,0.0,0.0
2018-11-13 00:00:00-05:00,42.79214721628079,42.985409182227784,42.47719909349156,42.479583740234375,18800,0.0,0.0,0.0
2018-11-14 00:00:00-05:00,42.70624576167226,42.94484146227579,42.13361389581489,42.36027908325195,36800,0.0,0.0,0.0
2018-11-15 00:00:00-05:00,42.11930006396573,42.7635077477656,41.93558034931902,42.71817398071289,40800,0.0,0.0,0.0
2018-11-16 00:00:00-05:00,42.48196425845821,42.944840489654815,42.48196425845821,42.847015380859375,72800,0.0,0.0,0.0
2018-11-19 00:00:00-05:00,42.682379542053795,42.71578279044677,42.2314338684082,42.2314338684082,11600,0.0,0.0,0.0
2018-11-20 00:00:00-05:00,41.24365663962249,42.023865669746726,41.24365663962249,41.720848083496094,51600,0.0,0.0,0.0
2018-11-21 00:00:00-05:00,41.89024802200976,42.28392946345832,41.89024802200976,42.06919479370117,57600,0.0,0.0,0.0
2018-11-23 00:00:00-05:00,41.83059876324931,42.276771545410156,41.83059876324931,42.276771545410156,6000,0.0,0.0,0.0
2018-11-26 00:00:00-05:00,42.58456792409465,42.608428955078125,42.34120288333766,42.608428955078125,28400,0.0,0.0,0.0
2018-11-27 00:00:00-05:00,42.388910439779686,42.470032099239454,42.32926151829199,42.42231369018555,41600,0.0,0.0,0.0
2018-11-28 00:00:00-05:00,42.510593695676015,43.08083724975586,42.336419861181355,43.08083724975586,26800,0.0,0.0,0.0
2018-11-29 00:00:00-05:00,42.97824497298255,43.20491016178161,42.9448417203246,42.999717712402344,32000,0.0,0.0,0.0
2018-11-30 00:00:00-05:00,43.05697784726178,43.209678936240714,42.97108325716855,43.20729064941406,25600,0.0,0.0,0.0
2018-12-03 00:00:00-05:00,43.753681163311064,43.753681163311064,43.34806555583131,43.59382247924805,20800,0.0,0.0,0.0
2018-12-04 00:00:00-05:00,43.3265871271645,43.3265871271645,42.2314338684082,42.2314338684082,14800,0.0,0.0,0.0
2018-12-06 00:00:00-05:00,41.52996236400803,42.1837158203125,41.08378961939718,42.1837158203125,60800,0.0,0.0,0.0
2018-12-07 00:00:00-05:00,42.2266655502827,42.312560147063095,41.167300070218296,41.28898620605469,41600,0.0,0.0,0.0
2018-12-10 00:00:00-05:00,41.18161848057919,41.27467065615402,40.625690073438825,41.10765075683594,28000,0.0,0.0,0.0
2018-12-11 00:00:00-05:00,41.6087051351159,41.67789628814127,40.82849615501613,41.00505828857422,316800,0.0,0.0,0.0
2018-12-12 00:00:00-05:00,41.286592139392,41.649258568438015,41.23171615600586,41.23171615600586,95600,0.0,0.0,0.0
2018-12-13 00:00:00-05:00,41.40828842774772,41.40828842774772,40.83804479577735,40.94302749633789,25200,0.0,0.0,0.0
2018-12-14 00:00:00-05:00,40.83326828281557,40.9215475275119,40.377549618364114,40.4610595703125,22800,0.0,0.0,0.0
2018-12-17 00:00:00-05:00,40.32688045977567,40.41553086128451,39.39963411235412,39.54099655151367,56000,0.1775,0.0,0.0
2018-12-18 00:00:00-05:00,39.78059552509754,40.02258903985037,39.361297550750976,39.622459411621094,62400,0.0,0.0,0.0
2018-12-19 00:00:00-05:00,39.548186840166835,40.001028534673004,38.824597266727096,38.97075271606445,74000,0.0,0.0,0.0
2018-12-20 00:00:00-05:00,38.70958481459984,38.89168225782192,38.012351370235834,38.208824157714844,88000,0.0,0.0,0.0
2018-12-21 00:00:00-05:00,38.498746551575266,38.743138434553714,37.70807316686117,37.72724151611328,149200,0.0,0.0,0.0
2018-12-24 00:00:00-05:00,37.49242394678393,37.49242394678393,36.59153366088867,36.59153366088867,94400,0.0,0.0,0.0
2018-12-26 00:00:00-05:00,37.01083781844112,38.14653778076172,36.57716444779633,38.14653778076172,69200,0.0,0.0,0.0
2018-12-27 00:00:00-05:00,37.66254342736631,38.34779627752649,37.22887009830472,38.34539794921875,100400,0.0,0.0,0.0
2018-12-28 00:00:00-05:00,38.63052777583606,38.853356643293694,38.27831711720125,38.37894821166992,128800,0.0,0.0,0.0
2018-12-31 00:00:00-05:00,38.565834294936074,38.728759765625,38.194455328998274,38.728759765625,59200,0.0,0.0,0.0
2019-01-02 00:00:00-05:00,38.232786947408705,38.75271596828656,38.07944018690368,38.59937286376953,32000,0.0,0.0,0.0
2019-01-03 00:00:00-05:00,38.3406128267675,38.43884558651923,37.82547305426762,37.86860275268555,30800,0.0,0.0,0.0
2019-01-04 00:00:00-05:00,38.70000584401391,39.11211614324742,38.70000584401391,39.09054946899414,54400,0.0,0.0,0.0
2019-01-07 00:00:00-05:00,39.23192255227054,39.787790061610636,39.23192255227054,39.51225280761719,61200,0.0,0.0,0.0
2019-01-08 00:00:00-05:00,39.905193170339835,40.01301193237305,39.55777553446008,40.01301193237305,30400,0.0,0.0,0.0
2019-01-09 00:00:00-05:00,40.08728073153816,40.49459802220441,40.08728073153816,40.367610931396484,22000,0.0,0.0,0.0
2019-01-10 00:00:00-05:00,40.06092649287071,40.698260303418074,40.06092649287071,40.695865631103516,27200,0.0,0.0,0.0
2019-01-11 00:00:00-05:00,40.58564941548878,40.87316730684306,40.51137435628767,40.84202194213867,33600,0.0,0.0,0.0
2019-01-14 00:00:00-05:00,40.50178373535043,40.774926249381515,40.42271934043621,40.62398147583008,27600,0.0,0.0,0.0
2019-01-15 00:00:00-05:00,40.64075338442721,40.83482785659102,40.64075338442721,40.808475494384766,34800,0.0,0.0,0.0
2019-01-16 00:00:00-05:00,40.79170226032419,41.08401313581408,40.79170226032419,40.98098373413086,37200,0.0,0.0,0.0
2019-01-17 00:00:00-05:00,40.794098614235274,41.47695679460084,40.794098614235274,41.345176696777344,356000,0.0,0.0,0.0
2019-01-18 00:00:00-05:00,41.58478259782655,42.00647898238002,41.58478259782655,41.920223236083984,41600,0.0,0.0,0.0
2019-01-22 00:00:00-05:00,41.63030398047264,41.711766719457586,41.16787991271517,41.39070510864258,34800,0.0,0.0,0.0
2019-01-23 00:00:00-05:00,41.4026889226296,41.68301918520708,41.05287293459927,41.36195755004883,102400,0.0,0.0,0.0
2019-01-24 00:00:00-05:00,41.24454469392054,41.812392781998845,41.24454469392054,41.757286071777344,62000,0.0,0.0,0.0
2019-01-25 00:00:00-05:00,42.09512143474442,42.37065864260501,42.09512143474442,42.32513427734375,48000,0.0,0.0,0.0
2019-01-28 00:00:00-05:00,41.881883712543775,42.30118174010302,41.881883712543775,42.26523971557617,58400,0.0,0.0,0.0
2019-01-29 00:00:00-05:00,42.40420588268802,42.52400531456271,42.30118012615028,42.45931625366211,30800,0.0,0.0,0.0
2019-01-30 00:00:00-05:00,42.7516199256385,42.931319058409805,42.43295668079367,42.919342041015625,23600,0.0,0.0,0.0
2019-01-31 00:00:00-05:00,43.027166147928675,43.120609562367335,42.88101068883348,43.09425354003906,27600,0.0,0.0,0.0
2019-02-01 00:00:00-05:00,43.10143116364574,43.29550562099692,43.05830513134006,43.25956726074219,64000,0.0,0.0,0.0
2019-02-04 00:00:00-05:00,43.25717397770612,43.53271484375,43.12060453682258,43.53271484375,24400,0.0,0.0,0.0
2019-02-05 00:00:00-05:00,43.60699351677112,43.724398277010614,43.501569431003176,43.71241760253906,36400,0.0,0.0,0.0
2019-02-06 00:00:00-05:00,43.58303211779451,43.882530699296645,43.58303211779451,43.784297943115234,43200,0.0,0.0,0.0
2019-02-07 00:00:00-05:00,43.463234505534096,43.662102010699165,43.226033958882574,43.51834487915039,28400,0.0,0.0,0.0
2019-02-08 00:00:00-05:00,43.32905564682837,43.61178419414135,43.254780587446085,43.54469680786133,106400,0.0,0.0,0.0
2019-02-11 00:00:00-05:00,43.76991506930519,43.76991506930519,43.66688932125422,43.74835205078125,40000,0.0,0.0,0.0
2019-02-12 00:00:00-05:00,43.99513956099279,44.32818181545015,43.99513956099279,44.273075103759766,34000,0.0,0.0,0.0
2019-02-13 00:00:00-05:00,44.32818235806528,44.56299186568491,44.32818235806528,44.5174674987793,96400,0.0,0.0,0.0
2019-02-14 00:00:00-05:00,44.23714329821057,44.412049460547095,44.136512205250284,44.30662536621094,35200,0.0,0.0,0.0
2019-02-15 00:00:00-05:00,44.62768365018987,44.74029541015625,44.62289430516176,44.74029541015625,23600,0.0,0.0,0.0
2019-02-19 00:00:00-05:00,44.49829998895795,44.965517028641884,44.49829998895795,44.8529052734375,36800,0.0,0.0,0.0
2019-02-20 00:00:00-05:00,44.93436594250972,45.01822700095333,44.83852786656409,44.9559326171875,54400,0.0,0.0,0.0
2019-02-21 00:00:00-05:00,44.97510326006762,44.97510326006762,44.737899074406066,44.89842987060547,24400,0.0,0.0,0.0
2019-02-22 00:00:00-05:00,45.09250244714391,45.253033236530996,45.082920101861994,45.200321197509766,32000,0.0,0.0,0.0
2019-02-25 00:00:00-05:00,45.30335153788743,45.425545636691304,45.0853157043457,45.0853157043457,32000,0.0,0.0,0.0
2019-02-26 00:00:00-05:00,44.99426739647108,45.140422844340705,44.951141357421875,44.951141357421875,37600,0.0,0.0,0.0
2019-02-27 00:00:00-05:00,44.92238667776548,44.96551271298716,44.73070687947475,44.94155502319336,221600,0.0,0.0,0.0
2019-02-28 00:00:00-05:00,44.87686617046901,45.01583394477105,44.85290482262824,44.86967849731445,32800,0.0,0.0,0.0
2019-03-01 00:00:00-05:00,45.11166864929431,45.30095377750595,44.82175610444696,45.15000534057617,99600,0.0,0.0,0.0
2019-03-04 00:00:00-05:00,45.351270392010335,45.351270392010335,44.7450855892244,44.96791076660156,41600,0.0,0.0,0.0
2019-03-05 00:00:00-05:00,44.9319768766868,44.99427126822554,44.867284156557794,44.87926483154297,25600,0.0,0.0,0.0
2019-03-06 00:00:00-05:00,44.78342162853511,44.788210973191184,44.45277404785156,44.45277404785156,26400,0.0,0.0,0.0
2019-03-07 00:00:00-05:00,44.3832974602953,44.3832974602953,44.11494423096321,44.177242279052734,30400,0.0,0.0,0.0
2019-03-08 00:00:00-05:00,43.78908391900182,44.06462478637695,43.78908391900182,44.06462478637695,29600,0.0,0.0,0.0
2019-03-11 00:00:00-04:00,44.090981413971264,44.661224191071156,44.090981413971264,44.651641845703125,22000,0.0,0.0,0.0
2019-03-12 00:00:00-04:00,44.64684672900382,44.83373353072367,44.64684672900382,44.718727111816406,23600,0.0,0.0,0.0
2019-03-13 00:00:00-04:00,44.972701794017695,45.09489954294901,44.874465391618685,44.92717742919922,30000,0.0,0.0,0.0
2019-03-14 00:00:00-04:00,44.92478272625487,44.92478272625487,44.725915249334726,44.809776306152344,117600,0.0,0.0,0.0
2019-03-15 00:00:00-04:00,44.812177558206756,45.121262156099846,44.812177558206756,44.96072769165039,25600,0.0,0.0,0.0
2019-03-18 00:00:00-04:00,45.15480086553126,45.17396555625556,44.97030872741215,45.13802719116211,124000,0.0,0.0,0.0
2019-03-19 00:00:00-04:00,45.284186901032825,45.37523564249625,44.90801491634546,45.00385665893555,46800,0.0,0.0,0.0
2019-03-20 00:00:00-04:00,44.939890061582894,44.98798276831641,44.52151139708519,44.65375900268555,24000,0.166,0.0,0.0
2019-03-21 00:00:00-04:00,44.42773726664121,45.39674588715014,44.42773726664121,45.30537414550781,16400,0.0,0.0,0.0
2019-03-22 00:00:00-04:00,45.07694787692751,45.07694787692751,44.3724308124073,44.403690338134766,28800,0.0,0.0,0.0
2019-03-25 00:00:00-04:00,44.261824058724365,44.51429608108279,44.24499087838664,44.36521530151367,15200,0.0,0.0,0.0
2019-03-26 00:00:00-04:00,44.670586802470446,44.69463315491541,44.540746038559135,44.689823150634766,49600,0.0,0.0,0.0
2019-03-27 00:00:00-04:00,44.73551137097465,44.94470070620302,44.600860595703125,44.600860595703125,26400,0.0,0.0,0.0
2019-03-28 00:00:00-04:00,44.67540447175037,44.949516059444505,44.67540447175037,44.94710922241211,28000,0.0,0.0,0.0
2019-03-29 00:00:00-04:00,45.13706227455553,45.223624014714545,45.091376402116246,45.20438766479492,19200,0.0,0.0,0.0
2019-04-01 00:00:00-04:00,45.46647084584726,45.817527770996094,45.46647084584726,45.817527770996094,16000,0.0,0.0,0.0
2019-04-02 00:00:00-04:00,45.81993378937454,45.86561965942383,45.687686183694616,45.86561965942383,21200,0.0,0.0,0.0
2019-04-03 00:00:00-04:00,46.03393820967388,46.27198392618477,45.964209647501754,46.07722091674805,24800,0.0,0.0,0.0
2019-04-04 00:00:00-04:00,46.03634447581967,46.26477017949999,46.03634447581967,46.25996017456055,34800,0.0,0.0,0.0
2019-04-05 00:00:00-04:00,46.341707345020275,46.56532669067383,46.341707345020275,46.56532669067383,22800,0.0,0.0,0.0
2019-04-08 00:00:00-04:00,46.33209563561467,46.57975769042969,46.32247562572274,46.57975769042969,26400,0.0,0.0,0.0
2019-04-09 00:00:00-04:00,46.37297041952752,46.37297041952752,46.0507698059082,46.0507698059082,22800,0.0,0.0,0.0
2019-04-10 00:00:00-04:00,46.195033709776574,46.418653056954,46.14934783944148,46.38018035888672,14400,0.0,0.0,0.0
2019-04-11 00:00:00-04:00,46.514837558418556,46.61582565307617,46.514837558418556,46.61582565307617,9200,0.0,0.0,0.0
2019-04-12 00:00:00-04:00,46.90195065131837,47.02458190917969,46.81298575362148,47.02458190917969,10400,0.0,0.0,0.0
2019-04-15 00:00:00-04:00,46.95485709317527,46.95485709317527,46.82982264799976,46.894744873046875,19600,0.0,0.0,0.0
2019-04-16 00:00:00-04:00,47.017370559435236,47.017370559435236,46.77932852559043,46.86348342895508,18000,0.0,0.0,0.0
2019-04-17 00:00:00-04:00,46.899550240106,46.95004244540382,46.572539648187,46.62543869018555,18000,0.0,0.0,0.0
2019-04-18 00:00:00-04:00,46.64948073261792,46.84184054915147,46.53406631028111,46.8057746887207,28800,0.0,0.0,0.0
2019-04-22 00:00:00-04:00,46.627844064506924,46.627844064506924,46.50280962577894,46.53647232055664,16000,0.0,0.0,0.0
2019-04-23 00:00:00-04:00,46.57494593607036,47.09431638196324,46.57494593607036,47.06065368652344,20400,0.0,0.0,0.0
2019-04-24 00:00:00-04:00,46.978903512999196,47.31793364657793,46.978903512999196,47.214542388916016,19200,0.0,0.0,0.0
2019-04-25 00:00:00-04:00,46.993321634972936,46.993321634972936,46.70478376224835,46.75768280029297,14400,0.0,0.0,0.0
2019-04-26 00:00:00-04:00,46.79135401153942,47.029396057128906,46.71440860802365,47.029396057128906,20800,0.0,0.0,0.0
2019-04-29 00:00:00-04:00,46.98610783437608,47.173657632584444,46.98610783437608,47.06545639038086,237600,0.0,0.0,0.0
2019-04-30 00:00:00-04:00,47.03180106943681,47.190494537353516,46.829821227523354,47.190494537353516,58000,0.0,0.0,0.0
2019-05-01 00:00:00-04:00,47.399687384487905,47.399687384487905,46.86829376220703,46.86829376220703,45200,0.0,0.0,0.0
2019-05-02 00:00:00-04:00,46.74566519468968,47.07267580113235,46.74566519468968,46.9163818359375,20800,0.0,0.0,0.0
2019-05-03 00:00:00-04:00,47.08710442733232,47.3371696472168,47.08710442733232,47.3371696472168,30800,0.0,0.0,0.0
2019-05-06 00:00:00-04:00,46.488389427980735,47.055848978525866,46.488389427980735,47.022186279296875,31600,0.0,0.0,0.0
2019-05-07 00:00:00-04:00,46.55330841810227,46.55330841810227,45.98344573904639,46.20225143432617,74000,0.0,0.0,0.0
2019-05-08 00:00:00-04:00,46.08443427229121,46.269577272463046,45.90169077119021,46.082027435302734,21600,0.0,0.0,0.0
2019-05-09 00:00:00-04:00,45.53379892973515,46.06519251867367,45.459260371010565,46.055572509765625,14800,0.0,0.0,0.0
2019-05-10 00:00:00-04:00,45.77665875840537,46.12290573120117,45.43522179049804,46.12290573120117,18000,0.0,0.0,0.0
2019-05-13 00:00:00-04:00,45.226026335822766,45.226026335822766,43.66791871109173,45.000003814697266,42800,0.0,0.0,0.0
2019-05-14 00:00:00-04:00,45.204386796900835,45.65883500677091,45.204386796900835,45.4448356628418,23200,0.0,0.0,0.0
2019-05-15 00:00:00-04:00,45.165913791665396,45.58669930420999,45.165913791665396,45.50254440307617,16000,0.0,0.0,0.0
2019-05-16 00:00:00-04:00,45.502546918498986,45.9257356222559,45.502546918498986,45.735782623291016,12800,0.0,0.0,0.0
2019-05-17 00:00:00-04:00,45.31980408527152,45.62517519159619,45.31980408527152,45.3654899597168,26800,0.0,0.0,0.0
2019-05-20 00:00:00-04:00,45.120225504049934,45.137058684750315,44.92546252142154,45.0168342590332,12400,0.0,0.0,0.0
2019-05-21 00:00:00-04:00,45.35587074269698,45.63478863869507,45.35587074269698,45.57227325439453,18400,0.0,0.0,0.0
2019-05-22 00:00:00-04:00,45.317400917285525,45.49292757319112,45.317400917285525,45.3654899597168,14800,0.0,0.0,0.0
2019-05-23 00:00:00-04:00,44.925465097608246,44.925465097608246,44.656163542625855,44.74032211303711,25600,0.0,0.0,0.0
2019-05-24 00:00:00-04:00,45.15870948165887,45.15870948165887,44.80284611994842,44.887001037597656,25600,0.0,0.0,0.0
2019-05-28 00:00:00-04:00,44.999996487467016,45.040876016723644,44.48543614465115,44.49505615234375,19200,0.0,0.0,0.0
2019-05-29 00:00:00-04:00,44.19931207460661,44.230567932128906,44.00454541225529,44.230567932128906,13600,0.0,0.0,0.0
2019-05-30 00:00:00-04:00,44.348393876412416,44.545560058432834,44.15363086246776,44.307518005371094,497200,0.0,0.0,0.0
2019-05-31 00:00:00-04:00,43.797758022027864,44.02859054007545,43.76169216090718,43.82661437988281,22000,0.0,0.0,0.0
2019-06-03 00:00:00-04:00,43.96366617541198,44.16804916234315,43.86748810447862,44.1103401184082,13600,0.0,0.0,0.0
2019-06-04 00:00:00-04:00,44.56238952754267,45.012027740478516,44.46140144239466,45.012027740478516,11600,0.0,0.0,0.0
2019-06-05 00:00:00-04:00,45.29095403752714,45.346256256103516,44.95913338815097,45.346256256103516,17200,0.0,0.0,0.0
2019-06-06 00:00:00-04:00,45.3149980544685,45.497737884521484,45.25728900178708,45.497737884521484,15600,0.0,0.0,0.0
2019-06-07 00:00:00-04:00,45.62758127479836,45.87765018175229,45.62758127479836,45.7958984375,31600,0.0,0.0,0.0
2019-06-10 00:00:00-04:00,45.98344111599594,46.226293142760966,45.98344111599594,46.06038284301758,22800,0.0,0.0,0.0
2019-06-11 00:00:00-04:00,46.428276057060614,46.43308606224862,45.8848628775026,46.04356002807617,16400,0.0,0.0,0.0
2019-06-12 00:00:00-04:00,45.95458359787737,45.95458359787737,45.81271965519878,45.9137077331543,22800,0.0,0.0,0.0
2019-06-13 00:00:00-04:00,46.139732269372395,46.17099179569352,45.9786319711055,46.1373291015625,19200,0.0,0.0,0.0
2019-06-14 00:00:00-04:00,46.14694424960009,46.14694424960009,45.94256492228404,46.055572509765625,9600,0.0,0.0,0.0
2019-06-17 00:00:00-04:00,46.083806062291636,46.083806062291636,45.91006851196289,45.91006851196289,10800,0.16925,0.0,0.0
2019-06-18 00:00:00-04:00,46.11759202464125,46.61950013632924,46.11759202464125,46.43369674682617,12000,0.0,0.0,0.0
2019-06-19 00:00:00-04:00,46.45782140274761,46.60501560412382,46.38060676440406,46.602603912353516,14800,0.0,0.0,0.0
2019-06-20 00:00:00-04:00,46.98627103222847,47.03453063964844,46.73773055614223,47.03453063964844,13600,0.0,0.0,0.0
2019-06-21 00:00:00-04:00,47.05142801008037,47.05142801008037,46.7063646043068,46.75221252441406,17600,0.0,0.0,0.0
2019-06-24 00:00:00-04:00,46.85114575397246,46.85114575397246,46.54710321139269,46.54951858520508,26000,0.0,0.0,0.0
2019-06-25 00:00:00-04:00,46.566404483948766,46.57605861456796,46.24306106567383,46.24306106567383,16800,0.0,0.0,0.0
2019-06-26 00:00:00-04:00,46.115176169248606,46.161024089451914,46.03313446044922,46.03313446044922,9600,0.0,0.0,0.0
2019-06-27 00:00:00-04:00,46.23100244108199,46.342002868652344,46.20445910070468,46.342002868652344,18400,0.0,0.0,0.0
2019-06-28 00:00:00-04:00,46.527804655952906,46.81012725830078,46.527804655952906,46.81012725830078,17600,0.0,0.0,0.0
2019-07-01 00:00:00-04:00,47.36753377272761,47.36753377272761,46.841494048528794,47.077972412109375,11600,0.0,0.0,0.0
2019-07-02 00:00:00-04:00,46.998342999641274,47.164841796686204,46.96456090183306,47.06349182128906,24400,0.0,0.0,0.0
2019-07-03 00:00:00-04:00,47.18414093153562,47.46887890124406,46.96455914498263,47.44716262817383,14000,0.0,0.0,0.0
2019-07-05 00:00:00-04:00,47.167255821512,47.37236379247426,46.99351825791338,47.324100494384766,14800,0.0,0.0,0.0
2019-07-08 00:00:00-04:00,47.05384217453276,47.271012281010805,47.007994252016324,47.06108093261719,24400,0.0,0.0,0.0
2019-07-09 00:00:00-04:00,46.9307745180111,47.15035629272461,46.90423118058786,47.15035629272461,14000,0.0,0.0,0.0
2019-07-10 00:00:00-04:00,47.355470423519655,47.355470423519655,47.11416866339981,47.13106155395508,15200,0.0,0.0,0.0
2019-07-11 00:00:00-04:00,47.29755278313781,47.29755278313781,46.93077678896049,47.11899185180664,16000,0.0,0.0,0.0
2019-07-12 00:00:00-04:00,47.13347151631276,47.606420886886376,47.13347151631276,47.59918212890625,81600,0.0,0.0,0.0
2019-07-15 00:00:00-04:00,47.623309033910196,47.623309033910196,47.49059234753782,47.52920150756836,13600,0.0,0.0,0.0
2019-07-16 00:00:00-04:00,47.48818686235175,47.632965708430234,47.386840565505025,47.570228576660156,14800,0.0,0.0,0.0
2019-07-17 00:00:00-04:00,47.47370731775002,47.47370731775002,47.123816836903416,47.13829803466797,18800,0.0,0.0,0.0
2019-07-18 00:00:00-04:00,46.94043365726136,47.25653839111328,46.94043365726136,47.25653839111328,26000,0.0,0.0,0.0
2019-07-19 00:00:00-04:00,47.25894778807807,47.32892367340431,47.056251525878906,47.056251525878906,25600,0.0,0.0,0.0
2019-07-22 00:00:00-04:00,47.17208290058082,47.1937991755434,47.04177788685996,47.068321228027344,41600,0.0,0.0,0.0
2019-07-23 00:00:00-04:00,47.1793118130272,47.56298065185547,47.1793118130272,47.56298065185547,17600,0.0,0.0,0.0
2019-07-24 00:00:00-04:00,47.608833032587206,48.01180648803711,47.608833032587206,48.01180648803711,20400,0.0,0.0,0.0
2019-07-25 00:00:00-04:00,47.85013986746038,47.85013986746038,47.690879821777344,47.690879821777344,9600,0.0,0.0,0.0
2019-07-26 00:00:00-04:00,47.87426334077002,47.982852068435086,47.87426334077002,47.97319793701172,14400,0.0,0.0,0.0
2019-07-29 00:00:00-04:00,47.89840008663094,47.94183263674295,47.87668381157494,47.908050537109375,11600,0.0,0.0,0.0
2019-07-30 00:00:00-04:00,47.51231086083228,47.99732971191406,47.51231086083228,47.99732971191406,18000,0.0,0.0,0.0
2019-07-31 00:00:00-04:00,47.92011476620183,48.115568599143714,47.53161879236419,47.632965087890625,15600,0.0,0.0,0.0
2019-08-01 00:00:00-04:00,47.53403268269908,47.86220320738687,46.89458084106445,46.89458084106445,13600,0.0,0.0,0.0
2019-08-02 00:00:00-04:00,46.64604378568005,46.64604378568005,46.39267619504343,46.51815414428711,16800,0.0,0.0,0.0
2019-08-05 00:00:00-04:00,45.724266941619184,45.762872420794416,45.005185122643034,45.282684326171875,21600,0.0,0.0,0.0
2019-08-06 00:00:00-04:00,45.53122590085824,45.86904686400358,45.36955417692637,45.86422348022461,61600,0.0,0.0,0.0
2019-08-07 00:00:00-04:00,45.48296659231234,45.9969367980957,45.20788275421188,45.9969367980957,57600,0.0,0.0,0.0
2019-08-08 00:00:00-04:00,46.2551378449383,46.87045810766366,46.2551378449383,46.85356521606445,34000,0.0,0.0,0.0
2019-08-09 00:00:00-04:00,46.684647580227015,46.684647580227015,46.30339039206606,46.51091003417969,10800,0.0,0.0,0.0
2019-08-12 00:00:00-04:00,46.1682677266876,46.1682677266876,45.89559555053711,45.89559555053711,4800,0.0,0.0,0.0
2019-08-13 00:00:00-04:00,45.77253542911797,46.723265035417526,45.77253542911797,46.44818115234375,15200,0.0,0.0,0.0
2019-08-14 00:00:00-04:00,45.7315055039804,45.7315055039804,45.18374953870053,45.24648666381836,28800,0.0,0.0,0.0
2019-08-15 00:00:00-04:00,45.19340183806314,45.376793519252786,45.12342595264293,45.33818435668945,15600,0.0,0.0,0.0
2019-08-16 00:00:00-04:00,45.82561241966211,46.016239166259766,45.82561241966211,46.016239166259766,14000,0.0,0.0,0.0
2019-08-19 00:00:00-04:00,46.42404734229718,46.55434867791484,46.42404734229718,46.50367736816406,9600,0.0,0.0,0.0
2019-08-20 00:00:00-04:00,46.26719923982295,46.397500565795134,46.11276626586914,46.11276626586914,59600,0.0,0.0,0.0
2019-08-21 00:00:00-04:00,46.40232393778928,46.477126885815856,46.344410196427305,46.41680145263672,22400,0.0,0.0,0.0
2019-08-22 00:00:00-04:00,46.313045864650384,46.491610495780726,46.14413536599883,46.43369674682617,13600,0.0,0.0,0.0
2019-08-23 00:00:00-04:00,46.29373859581393,46.29373859581393,45.12583541870117,45.12583541870117,39200,0.0,0.0,0.0
2019-08-26 00:00:00-04:00,45.5336319113626,45.5336319113626,45.34300518065266,45.51674270629883,26000,0.0,0.0,0.0
2019-08-27 00:00:00-04:00,45.60602901244357,45.80148283338132,45.381620160840185,45.43711853027344,20400,0.0,0.0,0.0
2019-08-28 00:00:00-04:00,45.23442620545471,45.79907139843665,45.23442620545471,45.7894172668457,18800,0.0,0.0,0.0
2019-08-29 00:00:00-04:00,46.341996169671695,46.49160205818696,46.313037459463665,46.38784408569336,97200,0.0,0.0,0.0
2019-08-30 00:00:00-04:00,46.57123553293892,46.629149275691994,46.431280082764914,46.52297592163086,25200,0.0,0.0,0.0
2019-09-03 00:00:00-04:00,46.14654713394424,46.2430663593532,46.00417630580323,46.214111328125,53600,0.0,0.0,0.0
2019-09-04 00:00:00-04:00,46.679822125818774,46.78840717535345,46.60260748156149,46.78599548339844,50800,0.0,0.0,0.0
2019-09-05 00:00:00-04:00,47.20344660937668,47.459225872294944,47.20344660937668,47.321685791015625,44800,0.0,0.0,0.0
2019-09-06 00:00:00-04:00,47.25412122985186,47.601596332242956,47.25412122985186,47.45681381225586,38800,0.0,0.0,0.0
2019-09-09 00:00:00-04:00,47.500246061399906,47.65226364448043,47.497830687686616,47.628135681152344,35600,0.0,0.0,0.0
2019-09-10 00:00:00-04:00,47.39408200513433,47.7198371887207,47.33616825424276,47.7198371887207,46400,0.0,0.0,0.0
2019-09-11 00:00:00-04:00,47.683637878730636,48.13969802856445,47.683637878730636,48.13969802856445,11600,0.0,0.0,0.0
2019-09-12 00:00:00-04:00,48.163829314950085,48.3858264763939,48.163829314950085,48.25069808959961,28000,0.0,0.0,0.0
2019-09-13 00:00:00-04:00,48.42443726496164,48.44133015614883,48.24104924592055,48.24587631225586,85600,0.0,0.0,0.0
2019-09-16 00:00:00-04:00,47.96595785164078,48.29895541905467,47.96595785164078,48.28206253051758,28800,0.0,0.0,0.0
2019-09-17 00:00:00-04:00,48.19037075417428,48.417191290510225,48.17830493112065,48.402713775634766,90000,0.0,0.0,0.0
2019-09-18 00:00:00-04:00,48.380996578313734,48.380996578313734,47.87426147552756,48.33273696899414,10400,0.0,0.0,0.0
2019-09-19 00:00:00-04:00,48.49924136891519,48.49924136891519,48.180721282958984,48.180721282958984,35200,0.0,0.0,0.0
2019-09-20 00:00:00-04:00,48.20485385919852,48.296546024700405,47.982856680762,47.99491882324219,11600,0.0,0.0,0.0
2019-09-23 00:00:00-04:00,47.96596256397816,48.18072097864763,47.96596256397816,48.07213592529297,14800,0.0,0.0,0.0
2019-09-24 00:00:00-04:00,48.243105143880186,48.243105143880186,47.64496977661913,47.758785247802734,20400,0.1765,0.0,0.0
2019-09-25 00:00:00-04:00,47.81931438638056,48.09779678542073,47.69339020734904,48.06631851196289,16000,0.0,0.0,0.0
2019-09-26 00:00:00-04:00,47.99609330321171,48.0154665393714,47.761197895492536,47.921024322509766,17600,0.0,0.0,0.0
2019-09-27 00:00:00-04:00,47.95492978961221,47.97430302707581,47.46818966919112,47.63528060913086,22400,0.0,0.0,0.0
2019-09-30 00:00:00-04:00,47.95492420186033,47.95492420186033,47.88953999492271,47.891963958740234,25200,0.0,0.0,0.0
2019-10-01 00:00:00-04:00,47.9646197796224,47.9646197796224,47.13400928666951,47.167911529541016,17600,0.0,0.0,0.0
2019-10-02 00:00:00-04:00,46.785294735091156,46.785294735091156,46.20653268732909,46.40510559082031,114400,0.0,0.0,0.0
2019-10-03 00:00:00-04:00,45.9449988322506,46.705380804207415,45.9449988322506,46.698116302490234,20400,0.0,0.0,0.0
2019-10-04 00:00:00-04:00,46.75381865390219,47.28899002075195,46.75381865390219,47.28899002075195,21200,0.0,0.0,0.0
2019-10-07 00:00:00-04:00,47.09041111964991,47.36647323052747,47.063773385483366,47.12431335449219,14400,0.0,0.0,0.0
2019-10-08 00:00:00-04:00,46.736863511744225,46.792559257476235,46.38330841064453,46.38330841064453,9600,0.0,0.0,0.0
2019-10-09 00:00:00-04:00,46.61820513837962,46.90637603605568,46.53587165191993,46.79256057739258,12000,0.0,0.0,0.0
2019-10-10 00:00:00-04:00,47.00081707033988,47.13158549382992,46.95480609522549,47.03229904174805,13200,0.0,0.0,0.0
2019-10-11 00:00:00-04:00,47.712763560406145,47.911336446873435,47.6062126159668,47.6062126159668,20400,0.0,0.0,0.0
2019-10-14 00:00:00-04:00,47.40280504670858,47.50209150220491,47.354373800999966,47.44639205932617,17600,0.0,0.0,0.0
2019-10-15 00:00:00-04:00,47.56504574024092,47.913756577375906,47.51177026817492,47.812049865722656,24800,0.0,0.0,0.0
2019-10-16 00:00:00-04:00,47.710343154069406,47.88711884134291,47.710343154069406,47.812049865722656,21600,0.0,0.0,0.0
2019-10-17 00:00:00-04:00,48.187401555005856,48.187401555005856,47.98640838740781,48.03483963012695,24400,0.0,0.0,0.0
2019-10-18 00:00:00-04:00,47.8411122690738,48.119598388671875,47.8411122690738,48.119598388671875,20000,0.0,0.0,0.0
2019-10-21 00:00:00-04:00,48.29879349329119,48.37870670730169,48.28184422096187,48.36417770385742,14000,0.0,0.0,0.0
2019-10-22 00:00:00-04:00,48.308485633225736,48.46104387606091,48.22372817993164,48.22372817993164,18000,0.0,0.0,0.0
2019-10-23 00:00:00-04:00,48.12202306455523,48.3181720226744,48.12202306455523,48.31332778930664,62800,0.0,0.0,0.0
2019-10-24 00:00:00-04:00,48.54821689276269,48.72499628449074,48.2697344790472,48.46830368041992,26800,0.0,0.0,0.0
2019-10-25 00:00:00-04:00,48.63781783807601,48.63781783807601,48.52884292602539,48.52884292602539,10400,0.0,0.0,0.0
2019-10-28 00:00:00-04:00,48.67656441978747,48.8945105658612,48.67656441978747,48.712890625,28000,0.0,0.0,0.0
2019-10-29 00:00:00-04:00,48.688671550392655,48.99379540582752,48.688671550392655,48.85576248168945,38000,0.0,0.0,0.0
2019-10-30 00:00:00-04:00,48.68140311004287,48.97441820709959,48.68140311004287,48.969573974609375,20400,0.0,0.0,0.0
2019-10-31 00:00:00-04:00,48.5094779105757,48.65235137939453,48.480416206953386,48.65235137939453,66400,0.0,0.0,0.0
2019-11-01 00:00:00-04:00,49.05191230602167,49.260169982910156,49.05191230602167,49.260169982910156,16800,0.0,0.0,0.0
2019-11-04 00:00:00-05:00,49.485381788429365,49.504751330628,49.37156632890968,49.458744049072266,81600,0.0,0.0,0.0
2019-11-05 00:00:00-05:00,49.58708587594104,49.58708587594104,49.31828822765554,49.381248474121094,487200,0.0,0.0,0.0
2019-11-06 00:00:00-05:00,49.22626494988463,49.31828689575195,49.158460472424565,49.31828689575195,47600,0.0,0.0,0.0
2019-11-07 00:00:00-05:00,49.509598967226374,49.599200657623804,49.361881256103516,49.361881256103516,53600,0.0,0.0,0.0
2019-11-08 00:00:00-05:00,49.381249631738136,49.422416374053775,49.27227840854179,49.41757583618164,42800,0.0,0.0,0.0
2019-11-11 00:00:00-05:00,49.21900134627574,49.41030604794226,49.21900134627574,49.37640380859375,120000,0.0,0.0,0.0
2019-11-12 00:00:00-05:00,49.52412150041231,49.59677021189253,49.3667190380943,49.37640380859375,32000,0.0,0.0,0.0
2019-11-13 00:00:00-05:00,49.369137398959055,49.48053257826584,49.28195968756538,49.42241287231445,27200,0.0,0.0,0.0
2019-11-14 00:00:00-05:00,49.51443908251518,49.51443908251518,49.39335912265087,49.49748611450195,63600,0.0,0.0,0.0
2019-11-15 00:00:00-05:00,49.625825880350284,49.780811761575016,49.61856137905122,49.763858795166016,25600,0.0,0.0,0.0
2019-11-18 00:00:00-05:00,49.76144088350416,49.82682139829263,49.76144088350416,49.79291915893555,15600,0.0,0.0,0.0
2019-11-19 00:00:00-05:00,49.851038116226405,49.96243329818853,49.75659590122093,49.8752555847168,28800,0.0,0.0,0.0
2019-11-20 00:00:00-05:00,49.73238399680928,49.90916340742009,49.58466629065177,49.780818939208984,20000,0.0,0.0,0.0
2019-11-21 00:00:00-05:00,49.4878020574374,49.60403778596511,49.458744049072266,49.458744049072266,12800,0.0,0.0,0.0
2019-11-22 00:00:00-05:00,49.63067332718279,49.63067332718279,49.3982018804235,49.54833984375,114800,0.0,0.0,0.0
2019-11-25 00:00:00-05:00,49.654883084005775,49.99148516229207,49.654883084005775,49.98664093017578,19600,0.0,0.0,0.0
2019-11-26 00:00:00-05:00,50.015710950096704,50.13195037841797,49.98665294055006,50.13195037841797,22000,0.0,0.0,0.0
2019-11-27 00:00:00-05:00,50.18037357421561,50.291765056315754,50.18037357421561,50.289344787597656,15600,0.0,0.0,0.0
2019-11-29 00:00:00-05:00,50.2142793275683,50.23122859991521,50.00844192504883,50.00844192504883,7200,0.0,0.0,0.0
2019-12-02 00:00:00-05:00,50.16584451617086,50.16584451617086,49.618560791015625,49.618560791015625,31600,0.0,0.0,0.0
2019-12-03 00:00:00-05:00,49.102768688467464,49.28438863096579,49.0809714871166,49.27470016479492,92800,0.0,0.0,0.0
2019-12-04 00:00:00-05:00,49.74207352385657,49.74207352385657,49.56287384033203,49.56287384033203,28400,0.0,0.0,0.0
2019-12-05 00:00:00-05:00,49.805028906094144,49.805028906094144,49.57982196044282,49.68879318237305,27600,0.0,0.0,0.0
2019-12-06 00:00:00-05:00,49.86072276317127,50.13678490597066,49.86072276317127,49.9672737121582,39200,0.0,0.0,0.0
2019-12-09 00:00:00-05:00,49.892204717497364,49.99875566645095,49.858302478745486,49.89704895019531,15200,0.0,0.0,0.0
2019-12-10 00:00:00-05:00,49.98180417997142,49.98180417997142,49.846195220947266,49.846195220947266,34000,0.0,0.0,0.0
2019-12-11 00:00:00-05:00,49.95758880284498,50.01086427719024,49.86556685714555,49.98906707763672,18400,0.0,0.0,0.0
2019-12-12 00:00:00-05:00,49.996334262809306,50.4709655945623,49.976961027524126,50.369258880615234,34400,0.0,0.0,0.0
2019-12-13 00:00:00-05:00,50.26755260367964,50.38863255396453,50.06171521016861,50.190059661865234,14400,0.0,0.0,0.0
2019-12-16 00:00:00-05:00,50.4615092782165,50.522262361242554,50.4299201965332,50.4299201965332,18400,0.18175,0.0,0.0
2019-12-17 00:00:00-05:00,50.44693164669178,50.44693164669178,50.32299668604626,50.327857971191406,21200,0.0,0.0,0.0
2019-12-18 00:00:00-05:00,50.364299361025815,50.51739829717479,50.33027778722309,50.48580551147461,56000,0.0,0.0,0.0
2019-12-19 00:00:00-05:00,50.54170107198024,50.64619829735813,50.51011199199748,50.592735290527344,46800,0.0,0.0,0.0
2019-12-20 00:00:00-05:00,50.79929402728962,50.88434982299805,50.74826351632356,50.88434982299805,31200,0.0,0.0,0.0
2019-12-23 00:00:00-05:00,50.94509949984615,50.94509949984615,50.762840270996094,50.762840270996094,173200,0.0,0.0,0.0
2019-12-24 00:00:00-05:00,51.01800774115626,51.01800774115626,50.81387827954492,50.816307067871094,33200,0.0,0.0,0.0
2019-12-26 00:00:00-05:00,50.823594826021896,50.91350819495382,50.823594826021896,50.91107940673828,12400,0.0,0.0,0.0
2019-12-27 00:00:00-05:00,50.87462749817916,50.97425972502123,50.87462749817916,50.9232292175293,10400,0.0,0.0,0.0
2019-12-30 00:00:00-05:00,50.840608875389776,50.85518902123392,50.78471337222226,50.799293518066406,24000,0.0,0.0,0.0
2019-12-31 00:00:00-05:00,50.626755076123494,50.97183211196031,50.626755076123494,50.9256591796875,27600,0.0,0.0,0.0
2020-01-02 00:00:00-05:00,51.06175045394169,51.295043926227635,50.69723195279573,50.9815559387207,65200,0.0,0.0,0.0
2020-01-03 00:00:00-05:00,50.55628456738423,50.979127365404445,50.55628456738423,50.92080307006836,17200,0.0,0.0,0.0
2020-01-06 00:00:00-05:00,50.5757248601572,50.88678034546319,50.5757248601572,50.86491012573242,24400,0.0,0.0,0.0
2020-01-07 00:00:00-05:00,50.913513831969006,50.913513831969006,50.699665495042794,50.73125457763672,37200,0.0,0.0,0.0
2020-01-08 00:00:00-05:00,50.619465026105495,51.035014000599546,50.619465026105495,50.872196197509766,22800,0.0,0.0,0.0
2020-01-09 00:00:00-05:00,51.07390194320587,51.110356018258294,50.9912786393387,51.08119201660156,21600,0.0,0.0,0.0
2020-01-10 00:00:00-05:00,51.06902941848997,51.17352662761943,51.00584756027497,51.02042770385742,18800,0.0,0.0,0.0
2020-01-13 00:00:00-05:00,51.112782358644,51.44327926635742,51.112782358644,51.44327926635742,32800,0.0,0.0,0.0
2020-01-14 00:00:00-05:00,51.46271634398883,51.50888927476034,51.30718861869574,51.41168212890625,21200,0.0,0.0,0.0
2020-01-15 00:00:00-05:00,51.52347010011342,51.74704097642045,51.49430610193528,51.542911529541016,41600,0.0,0.0,0.0
2020-01-16 00:00:00-05:00,51.89528118101379,52.113990783691406,51.87583975063099,52.113990783691406,24000,0.0,0.0,0.0
2020-01-17 00:00:00-05:00,52.121283683131225,52.29868535446726,52.121283683131225,52.25736999511719,17200,0.0,0.0,0.0
2020-01-21 00:00:00-05:00,52.20876405363986,52.25493698606438,52.099409255203334,52.17231369018555,58400,0.0,0.0,0.0
2020-01-22 00:00:00-05:00,52.40317566023249,52.40317566023249,52.070249973983,52.128570556640625,31600,0.0,0.0,0.0
2020-01-23 00:00:00-05:00,51.89284443653071,52.3424186706543,51.89284443653071,52.3424186706543,37200,0.0,0.0,0.0
2020-01-24 00:00:00-05:00,52.32541175255667,52.32541175255667,51.65226662352733,51.89527893066406,70400,0.0,0.0,0.0
2020-01-27 00:00:00-05:00,51.047170568430104,51.38009628126355,50.34486506761769,51.18082809448242,29200,0.0,0.0,0.0
2020-01-28 00:00:00-05:00,51.462723650567675,51.802939439176534,51.462723650567675,51.68629455566406,24000,0.0,0.0,0.0
2020-01-29 00:00:00-05:00,51.6862936518278,51.734895376768606,51.51618576049805,51.51618576049805,17600,0.0,0.0,0.0
2020-01-30 00:00:00-05:00,51.071467695232464,51.51374816894531,51.059316338180636,51.51374816894531,19600,0.0,0.0,0.0
2020-01-31 00:00:00-05:00,51.40682563746626,51.40682563746626,50.6680698004652,50.74826431274414,21200,0.0,0.0,0.0
2020-02-03 00:00:00-05:00,50.852758500836174,51.278030075492346,50.852758500836174,51.032588958740234,97200,0.0,0.0,0.0
2020-02-04 00:00:00-05:00,51.457861276866126,51.883132857666666,51.457861276866126,51.676570892333984,274000,0.0,0.0,0.0
2020-02-05 00:00:00-05:00,51.92201489034152,52.29868474035574,51.92201489034152,52.233070373535156,101600,0.0,0.0,0.0
2020-02-06 00:00:00-05:00,52.50038463305145,52.50038463305145,52.19419041762762,52.216060638427734,35600,0.0,0.0,0.0
2020-02-07 00:00:00-05:00,51.96575781710042,52.04595233414806,51.81023006805851,51.81752014160156,174000,0.0,0.0,0.0
2020-02-10 00:00:00-05:00,51.824806620194515,52.123714447021484,51.824806620194515,52.123714447021484,171200,0.0,0.0,0.0
2020-02-11 00:00:00-05:00,52.315691337742834,52.6656296677195,52.2184878941154,52.534400939941406,15200,0.0,0.0,0.0
2020-02-12 00:00:00-05:00,52.799284608036324,52.82115482557454,52.70450995729721,52.796852111816406,56000,0.0,0.0,0.0
2020-02-13 00:00:00-05:00,52.463929620248805,52.835738173229636,52.463929620248805,52.77255630493164,18800,0.0,0.0,0.0
2020-02-14 00:00:00-05:00,52.86976266317237,52.86976266317237,52.61703146797953,52.75554656982422,11200,0.0,0.0,0.0
2020-02-18 00:00:00-05:00,52.73853421826241,52.78713594018099,52.51739211924813,52.6875,24000,0.0,0.0,0.0
2020-02-19 00:00:00-05:00,52.833306182453605,52.89162676255552,52.796852111816406,52.796852111816406,10400,0.0,0.0,0.0
2020-02-20 00:00:00-05:00,52.68506904084068,52.88190841674805,52.37401358369039,52.88190841674805,8800,0.0,0.0,0.0
2020-02-21 00:00:00-05:00,52.71423042181194,52.71423042181194,52.40074617000574,52.47121810913086,17200,0.0,0.0,0.0
2020-02-24 00:00:00-05:00,51.24157304118936,51.36550797762584,50.83574295058439,51.042301177978516,40400,0.0,0.0,0.0
2020-02-25 00:00:00-05:00,51.13951125016714,51.13951125016714,49.38253328230149,49.41169357299805,52800,0.0,0.0,0.0
2020-02-26 00:00:00-05:00,49.48216573193558,49.85154548405607,48.723968505859375,48.723968505859375,39600,0.0,0.0,0.0
2020-02-27 00:00:00-05:00,48.011948453067276,48.43964882461821,46.98886489868164,46.98886489868164,74400,0.0,0.0,0.0
2020-02-28 00:00:00-05:00,45.41171378245744,46.145612071247946,44.93784047157782,45.834556579589844,68800,0.0,0.0,0.0
2020-03-02 00:00:00-05:00,46.09457997368667,47.613407135009766,45.960926149949536,47.613407135009766,42000,0.0,0.0,0.0
2020-03-03 00:00:00-05:00,47.88071505866432,48.57086912791603,46.62920314758909,46.864925384521484,24400,0.0,0.0,0.0
2020-03-04 00:00:00-05:00,47.333941518363744,48.70939220126254,47.333941518363744,48.670509338378906,42400,0.0,0.0,0.0
2020-03-05 00:00:00-05:00,47.727621111226554,47.84426970184092,46.75557177121726,47.027748107910156,61600,0.0,0.0,0.0
2020-03-06 00:00:00-05:00,45.86128185187683,46.37160916843593,45.26104117031457,46.19664001464844,25600,0.0,0.0,0.0
2020-03-09 00:00:00-04:00,42.539308534799815,43.56482085022459,42.07515410081763,42.5660400390625,114000,0.0,0.0,0.0
2020-03-10 00:00:00-04:00,43.545374360698695,44.23066711425781,42.07272042510777,44.23066711425781,51600,0.0,0.0,0.0
2020-03-11 00:00:00-04:00,43.26348141212587,43.26348141212587,41.591555526579505,41.84185791015625,72000,0.0,0.0,0.0
2020-03-12 00:00:00-04:00,38.77504063381434,39.64016379815923,32.02415947339699,37.89776611328125,98400,0.0,0.0,0.0
2020-03-13 00:00:00-04:00,39.56726932808306,40.15292622491547,37.40202857907071,40.15049743652344,137600,0.0,0.0,0.0
2020-03-16 00:00:00-04:00,35.652337883781826,37.47249772538671,32.55149841308594,32.55149841308594,114400,0.0,0.0,0.0
2020-03-17 00:00:00-04:00,35.14687046777844,36.75318193428363,34.49073428511815,36.47128677368164,105200,0.0,0.0,0.0
2020-03-18 00:00:00-04:00,34.12865092692154,34.60252421087342,31.659644857621274,33.96097183227539,90400,0.0,0.0,0.0
2020-03-19 00:00:00-04:00,33.32671263065766,34.728894890551175,32.51505229351512,34.14323425292969,94000,0.0,0.0,0.0
2020-03-20 00:00:00-04:00,34.26959984904486,34.88928203277777,32.35466150015105,32.502899169921875,78800,0.0,0.0,0.0
2020-03-23 00:00:00-04:00,32.28661765151172,32.28661765151172,30.66572588854539,31.20521354675293,206000,0.0,0.0,0.0
2020-03-24 00:00:00-04:00,32.63168977576531,34.72402572631836,32.63168977576531,34.72402572631836,112400,0.0,0.0,0.0
2020-03-25 00:00:00-04:00,34.61683924520694,37.41021382053565,34.40440355063673,35.930503845214844,96000,0.17025,0.0,0.0
2020-03-26 00:00:00-04:00,36.73872974779894,38.14274202098446,36.1795645125346,37.95960998535156,229600,0.0,0.0,0.0
2020-03-27 00:00:00-04:00,36.82175013380793,37.87903290751785,36.40420743705122,37.19533920288086,260800,0.0,0.0,0.0
2020-03-30 00:00:00-04:00,37.16604274856232,38.08902803221031,36.929191653071726,37.97182083129883,172000,0.0,0.0,0.0
2020-03-31 00:00:00-04:00,37.73252536539447,37.87658834320335,37.00488176695811,37.39556121826172,58800,0.0,0.0,0.0
2020-04-01 00:00:00-04:00,35.635056422470825,35.888997897120404,35.02217209930583,35.41773986816406,53200,0.0,0.0,0.0
2020-04-02 00:00:00-04:00,35.051468660507076,36.06968222390532,35.051468660507076,35.72050857543945,57200,0.0,0.0,0.0
2020-04-03 00:00:00-04:00,35.51051796791456,35.97445465666869,34.675436399153725,34.973331451416016,252800,0.0,0.0,0.0
2020-04-06 00:00:00-04:00,36.660593316152884,38.00844620384957,36.660593316152884,37.95472717285156,126000,0.0,0.0,0.0
2020-04-07 00:00:00-04:00,39.25130044351736,39.81290610949281,38.277036652640426,38.41865921020508,283600,0.0,0.0,0.0
2020-04-08 00:00:00-04:00,39.004685703941156,40.38916353614643,38.73365012456778,40.19626235961914,96000,0.0,0.0,0.0
2020-04-09 00:00:00-04:00,41.02890194849544,41.93235260077185,40.750541396695006,41.34389114379883,132800,0.0,0.0,0.0
2020-04-13 00:00:00-04:00,41.03867271181052,41.03867271181052,39.75430423542915,40.04975891113281,51200,0.0,0.0,0.0
2020-04-14 00:00:00-04:00,41.22180198853302,41.28284600020245,40.76274982851303,41.194942474365234,92400,0.0,0.0,0.0
2020-04-15 00:00:00-04:00,39.89104274266091,39.93988093656557,39.50524411096679,39.71279525756836,53600,0.0,0.0,0.0
2020-04-16 00:00:00-04:00,39.61023742608827,39.72988502674331,39.12921033020278,39.65663146972656,46000,0.0,0.0,0.0
2020-04-17 00:00:00-04:00,40.57961245387583,41.19737747261601,40.57961245387583,41.099708557128906,33200,0.0,0.0,0.0
2020-04-20 00:00:00-04:00,40.04242782184827,40.7993712665116,40.027774130599155,40.07172775268555,31200,0.0,0.0,0.0
2020-04-21 00:00:00-04:00,39.62245094605124,39.62245094605124,38.972941721652134,39.126773834228516,51200,0.0,0.0,0.0
2020-04-22 00:00:00-04:00,39.58826481871027,39.854415823313204,39.51012669304836,39.78116226196289,43600,0.0,0.0,0.0
2020-04-23 00:00:00-04:00,39.866627371539664,40.31835085850911,39.67128577341426,39.71279525756836,68000,0.0,0.0,0.0
2020-04-24 00:00:00-04:00,40.17184225938008,40.31102066168317,39.73476507094008,40.30369567871094,21600,0.0,0.0,0.0
2020-04-27 00:00:00-04:00,40.445317731219355,41.74189186307573,40.445317731219355,41.60026931762695,32800,0.0,0.0,0.0
2020-04-28 00:00:00-04:00,42.70394741250529,42.72104152367438,42.0056037902832,42.0056037902832,34400,0.0,0.0,0.0
2020-04-29 00:00:00-04:00,42.96765883919892,43.29973840867848,42.94323974442204,43.067771911621094,22000,0.0,0.0,0.0
2020-04-30 00:00:00-04:00,42.74301577245285,42.74301577245285,41.95188407589299,42.086181640625,31600,0.0,0.0,0.0
2020-05-01 00:00:00-04:00,41.3780694312237,41.3780694312237,40.41113076568251,40.65286636352539,27200,0.0,0.0,0.0
2020-05-04 00:00:00-04:00,39.95452827750995,40.647987365722656,39.95452827750995,40.647987365722656,31600,0.0,0.0,0.0
2020-05-05 00:00:00-04:00,41.10459312782495,41.52702035395456,41.03622413560884,41.06308364868164,28000,0.0,0.0,0.0
2020-05-06 00:00:00-04:00,41.424470020027705,41.424470020027705,40.567413330078125,40.567413330078125,37600,0.0,0.0,0.0
2020-05-07 00:00:00-04:00,41.09971700771574,41.6295786211312,41.09971700771574,41.2022705078125,57600,0.0,0.0,0.0
2020-05-08 00:00:00-04:00,41.98362867898922,42.196060640335624,41.74921804253438,42.14234161376953,90000,0.0,0.0,0.0
2020-05-11 00:00:00-04:00,41.512367985994885,42.02269875065399,41.512367985994885,41.824913024902344,20400,0.0,0.0,0.0
2020-05-12 00:00:00-04:00,41.890847221829844,41.890847221829844,40.567413330078125,40.567413330078125,28800,0.0,0.0,0.0
2020-05-13 00:00:00-04:00,40.37694857279735,40.37694857279735,39.11455894157783,39.42466354370117,28800,0.0,0.0,0.0
2020-05-14 00:00:00-04:00,38.74829562574323,39.773834228515625,38.25505899135928,39.773834228515625,60800,0.0,0.0,0.0
2020-05-15 00:00:00-04:00,39.52966044878443,40.03754707812801,39.52966044878443,40.03510665893555,62400,0.0,0.0,0.0
2020-05-18 00:00:00-04:00,41.307261289468805,42.28885003844716,41.307261289468805,42.11792755126953,38000,0.0,0.0,0.0
2020-05-19 00:00:00-04:00,41.8932888103516,42.33280274196465,41.795616149902344,41.795616149902344,18800,0.0,0.0,0.0
2020-05-20 00:00:00-04:00,42.557441655859904,42.57942033175415,42.261990725013646,42.41093826293945,36000,0.0,0.0,0.0
2020-05-21 00:00:00-04:00,42.18385398407385,42.508608584812976,42.13257909891189,42.24978256225586,16800,0.0,0.0,0.0
2020-05-22 00:00:00-04:00,42.388962556465955,42.388962556465955,42.03246389430922,42.38163757324219,30400,0.0,0.0,0.0
2020-05-26 00:00:00-04:00,43.51705904733549,44.14703374857682,43.51705904733549,43.82716369628906,16000,0.0,0.0,0.0
2020-05-27 00:00:00-04:00,44.47422316210065,44.864906311035156,43.897967566629106,44.864906311035156,34000,0.0,0.0,0.0
2020-05-28 00:00:00-04:00,45.23361063242824,45.23361063242824,44.71839904785156,44.71839904785156,42000,0.0,0.0,0.0
2020-05-29 00:00:00-04:00,44.30086132866455,44.66956956838445,44.25447100638532,44.547481536865234,10000,0.0,0.0,0.0
2020-06-01 00:00:00-04:00,44.789209956081756,45.223846742103554,44.789209956081756,45.060245513916016,416000,0.0,0.0,0.0
2020-06-02 00:00:00-04:00,45.343494549057716,45.54616113021348,45.02850906440858,45.4900016784668,21200,0.0,0.0,0.0
2020-06-03 00:00:00-04:00,46.01985969618697,46.99900429952875,46.01985969618697,46.88912582397461,54000,0.0,0.0,0.0
2020-06-04 00:00:00-04:00,46.88668800028411,47.05272593238724,46.52530474953438,46.91354751586914,33200,0.0,0.0,0.0
2020-06-05 00:00:00-04:00,48.390804462105905,48.73753770791582,48.180816650390625,48.180816650390625,16800,0.0,0.0,0.0
2020-06-08 00:00:00-04:00,48.69846921970521,48.986595153808594,48.69846921970521,48.986595153808594,40800,0.0,0.0,0.0
2020-06-09 00:00:00-04:00,48.32244139568568,48.32244139568568,47.853623801647686,47.9390869140625,18000,0.0,0.0,0.0
2020-06-10 00:00:00-04:00,47.782812748180746,47.782812748180746,46.98435600594867,47.0209846496582,43200,0.0,0.0,0.0
2020-06-11 00:00:00-04:00,45.385001434551945,45.385001434551945,44.04691771749534,44.07621765136719,22000,0.0,0.0,0.0
2020-06-12 00:00:00-04:00,45.55592524416129,45.55592524416129,43.95168688447908,44.94792556762695,19200,0.0,0.0,0.0
2020-06-15 00:00:00-04:00,43.79579852360709,45.65929330762506,43.73702730826204,45.45604705810547,30800,0.13125,0.0,0.0
2020-06-16 00:00:00-04:00,46.92038585680985,46.92038585680985,45.93109488431125,46.3179931640625,22800,0.0,0.0,0.0
2020-06-17 00:00:00-04:00,46.521248038812026,46.521248038812026,45.97028051359192,46.03884506225586,76000,0.0,0.0,0.0
2020-06-18 00:00:00-04:00,45.86743158837441,46.021703684041405,45.76703216940105,45.906612396240234,11600,0.0,0.0,0.0
2020-06-19 00:00:00-04:00,46.64368333971314,46.64368333971314,45.38502883911133,45.38502883911133,23200,0.0,0.0,0.0
2020-06-22 00:00:00-04:00,44.96383870755974,45.615205545622615,44.96383870755974,45.482975006103516,24000,0.0,0.0,0.0
2020-06-23 00:00:00-04:00,46.07557425519206,46.07557425519206,45.46583557128906,45.46583557128906,12800,0.0,0.0,0.0
2020-06-24 00:00:00-04:00,44.971185049569904,44.971185049569904,43.81293010692759,44.09208679199219,37200,0.0,0.0,0.0
2020-06-25 00:00:00-04:00,43.844765965035656,44.48633575439453,43.72477615323347,44.48633575439453,29600,0.0,0.0,0.0
2020-06-26 00:00:00-04:00,44.37614456669835,44.37614456669835,43.55581373043552,43.719879150390625,20000,0.0,0.0,0.0
2020-06-29 00:00:00-04:00,43.91088158296368,44.50347721472392,43.91088158296368,44.40552520751953,69600,0.0,0.0,0.0
2020-06-30 00:00:00-04:00,44.60143129049857,45.15484619140625,44.459403663931994,45.15484619140625,33600,0.0,0.0,0.0
2020-07-01 00:00:00-04:00,45.19157825912966,45.296872473906625,44.85609773841463,45.1303596496582,96800,0.0,0.0,0.0
2020-07-02 00:00:00-04:00,45.91395574670938,46.03394556286287,45.316461538087566,45.33605194091797,56400,0.0,0.0,0.0
2020-07-06 00:00:00-04:00,46.09026698714347,46.173523399248445,45.73030126461546,45.80376434326172,32000,0.0,0.0,0.0
2020-07-07 00:00:00-04:00,45.421759766126165,45.59806965619892,45.154843795343574,45.1793327331543,27200,0.0,0.0,0.0
2020-07-08 00:00:00-04:00,45.40217009038398,45.40217009038398,45.044651769652475,45.32625961303711,20400,0.0,0.0,0.0
2020-07-09 00:00:00-04:00,44.42511965194508,45.029959806711275,44.42511965194508,44.961395263671875,16400,0.0,0.0,0.0
2020-07-10 00:00:00-04:00,44.78998416540437,45.34339904785156,44.78998416540437,45.34339904785156,14400,0.0,0.0,0.0
2020-07-13 00:00:00-04:00,45.72050889228901,46.24208891501853,45.255245208740234,45.255245208740234,28000,0.0,0.0,0.0
2020-07-14 00:00:00-04:00,45.03730445893066,46.117201585794355,45.03730445893066,46.10985565185547,30800,0.0,0.0,0.0
2020-07-15 00:00:00-04:00,46.575117408502834,47.0869040876955,46.575117408502834,47.07221221923828,46000,0.0,0.0,0.0
2020-07-16 00:00:00-04:00,46.70245183262857,47.05262047584498,46.70245183262857,47.047725677490234,21600,0.0,0.0,0.0
2020-07-17 00:00:00-04:00,47.15547175370335,47.49584706898221,47.045275268734876,47.42483139038086,29600,0.0,0.0,0.0
2020-07-20 00:00:00-04:00,47.22403462750737,47.32443030260464,46.98895353410067,47.153018951416016,17600,0.0,0.0,0.0
2020-07-21 00:00:00-04:00,47.30483810871698,47.62317559829051,47.265661041705485,47.363609313964844,27200,0.0,0.0,0.0
2020-07-22 00:00:00-04:00,47.385646557786565,47.85091018676758,47.385646557786565,47.85091018676758,36400,0.0,0.0,0.0
2020-07-23 00:00:00-04:00,47.74561092177063,48.04191059886039,47.49828911536388,47.65256118774414,28400,0.0,0.0,0.0
2020-07-24 00:00:00-04:00,47.44197325244853,47.49584592578482,47.15057208389877,47.243621826171875,17200,0.0,0.0,0.0
2020-07-27 00:00:00-04:00,47.25097346809246,47.63052585995175,47.06731763855252,47.62807846069336,37600,0.0,0.0,0.0
2020-07-28 00:00:00-04:00,47.42483249941341,47.67705287450808,47.33667755126953,47.33667755126953,13600,0.0,0.0,0.0
2020-07-29 00:00:00-04:00,47.6868492356715,48.228019649339444,47.6868492356715,48.13251876831055,16400,0.0,0.0,0.0
2020-07-30 00:00:00-04:00,47.73337334063232,48.056609398636496,47.503194503053926,48.04436492919922,20400,0.0,0.0,0.0
2020-07-31 00:00:00-04:00,47.904789495547966,47.995391845703125,47.490951080264864,47.995391845703125,12000,0.0,0.0,0.0
2020-08-03 00:00:00-04:00,48.044360815477525,48.416570982873424,48.03946228082455,48.374942779541016,19600,0.0,0.0,0.0
2020-08-04 00:00:00-04:00,48.367596280130364,48.5536994934082,48.17414339671544,48.5536994934082,28400,0.0,0.0,0.0
2020-08-05 00:00:00-04:00,48.9357065634881,48.9357065634881,48.720219599870894,48.8451042175293,16400,0.0,0.0,0.0
2020-08-06 00:00:00-04:00,48.837759403815994,48.930812887630125,48.710423647515725,48.891632080078125,16800,0.0,0.0,0.0
2020-08-07 00:00:00-04:00,48.705519510723434,49.371578216552734,48.705519510723434,49.371578216552734,17600,0.0,0.0,0.0
2020-08-10 00:00:00-04:00,49.655636297236114,49.73644530699505,49.60666215884844,49.65073776245117,16800,0.0,0.0,0.0
2020-08-11 00:00:00-04:00,49.66298398331634,49.96907702964759,49.47932815551758,49.47932815551758,28000,0.0,0.0,0.0
2020-08-12 00:00:00-04:00,49.96173013051389,49.96173013051389,49.743792035194694,49.893165588378906,20000,0.0,0.0,0.0
2020-08-13 00:00:00-04:00,49.7266518057998,49.79276521098039,49.55768785291936,49.63359832763672,14000,0.0,0.0,0.0
2020-08-14 00:00:00-04:00,49.64829171575952,49.79276673570933,49.516061164861995,49.57972717285156,16400,0.0,0.0,0.0
2020-08-17 00:00:00-04:00,49.7829758794713,49.824604087130524,49.760938075973044,49.785423278808594,17200,0.0,0.0,0.0
2020-08-18 00:00:00-04:00,49.74624035799673,49.75848482713831,49.65073947707222,49.65319061279297,10800,0.0,0.0,0.0
2020-08-19 00:00:00-04:00,49.62135123951638,49.76827738291392,49.467079162597656,49.467079162597656,34000,0.0,0.0,0.0
2020-08-20 00:00:00-04:00,49.04589805907211,49.38137856979351,49.04589805907211,49.28097915649414,18000,0.0,0.0,0.0
2020-08-21 00:00:00-04:00,49.17078560344936,49.34709548950195,49.163439669571105,49.34709548950195,8400,0.0,0.0,0.0
2020-08-24 00:00:00-04:00,49.469533966588116,49.81480407714844,49.469533966588116,49.81480407714844,16000,0.0,0.0,0.0
2020-08-25 00:00:00-04:00,49.88337712933916,49.88337712933916,49.655641942041214,49.84419631958008,18000,0.0,0.0,0.0
2020-08-26 00:00:00-04:00,49.76093655583118,49.91765604784374,49.7095112794187,49.83929443359375,24000,0.0,0.0,0.0
2020-08-27 00:00:00-04:00,49.839291762230616,50.1674225972181,49.839291762230616,50.02050018310547,21200,0.0,0.0,0.0
2020-08-28 00:00:00-04:00,50.13314094572872,50.341285705566406,50.052331935550114,50.341285705566406,9600,0.0,0.0,0.0
2020-08-31 00:00:00-04:00,50.16987562036325,50.16987562036325,50.030295398393285,50.04009246826172,15600,0.0,0.0,0.0
2020-09-01 00:00:00-04:00,49.92255046029972,50.3045539855957,49.92255046029972,50.3045539855957,15600,0.0,0.0,0.0
2020-09-02 00:00:00-04:00,50.3927066418429,51.239973802536596,49.86867551800524,51.232627868652344,26400,0.0,0.0,0.0
2020-09-03 00:00:00-04:00,50.95591685821546,51.048970332938325,49.68746916366758,49.88336944580078,16000,0.0,0.0,0.0
2020-09-04 00:00:00-04:00,50.19436019047714,50.260477333551364,48.91856648798773,49.584625244140625,17600,0.0,0.0,0.0
2020-09-08 00:00:00-04:00,49.163439329603776,49.163439329603776,48.5610466003418,48.5610466003418,14400,0.0,0.0,0.0
2020-09-09 00:00:00-04:00,49.01651543889615,49.46463610545774,49.01651543889615,49.32750701904297,26400,0.0,0.0,0.0
2020-09-10 00:00:00-04:00,49.59441921179608,49.614009615049675,48.641857805453064,48.69328308105469,45600,0.0,0.0,0.0
2020-09-11 00:00:00-04:00,48.7520517914722,48.86959421397658,48.416575001398655,48.7961311340332,24400,0.0,0.0,0.0
2020-09-14 00:00:00-04:00,49.45484047374979,49.812355041503906,49.45484047374979,49.812355041503906,12400,0.0,0.0,0.0
2020-09-15 00:00:00-04:00,49.92744680408339,50.21640057110491,49.853983728638106,49.942138671875,27200,0.0,0.0,0.0
2020-09-16 00:00:00-04:00,50.23353921589287,50.58615898447328,50.16007614135742,50.16007614135742,22400,0.0,0.0,0.0
2020-09-17 00:00:00-04:00,49.48422473783469,50.05967740033775,49.48422473783469,49.902957916259766,23600,0.0,0.0,0.0
2020-09-18 00:00:00-04:00,49.829500309074305,49.888267782341515,49.23445348683225,49.3666877746582,14000,0.0,0.0,0.0
2020-09-21 00:00:00-04:00,48.208427606916345,48.208427606916345,47.75051362069128,48.130069732666016,30400,0.0,0.0,0.0
2020-09-22 00:00:00-04:00,48.24760816421033,48.651649475097656,48.24760816421033,48.651649475097656,12800,0.0,0.0,0.0
2020-09-23 00:00:00-04:00,48.84871895961189,48.84871895961189,47.62258529663086,47.62258529663086,17200,0.1705,0.0,0.0
2020-09-24 00:00:00-04:00,47.35475146216819,48.14841918701587,47.298237398002634,47.681556701660156,16400,0.0,0.0,0.0
2020-09-25 00:00:00-04:00,47.4825293154878,48.33517074584961,47.4825293154878,48.33517074584961,17200,0.0,0.0,0.0
2020-09-28 00:00:00-04:00,49.042831370154104,49.45809519233846,49.042831370154104,49.29346466064453,18800,0.0,0.0,0.0
2020-09-29 00:00:00-04:00,49.4384401201764,49.4384401201764,48.88557485199744,48.99614715576172,17200,0.0,0.0,0.0
2020-09-30 00:00:00-04:00,49.00351740713324,49.630098781672054,48.897860513253484,49.22220993041992,26400,0.0,0.0,0.0
2020-10-01 00:00:00-04:00,49.57603696209762,49.63746643066406,49.57603696209762,49.63746643066406,5600,0.0,0.0,0.0
2020-10-02 00:00:00-04:00,49.583411698936416,50.12890571826661,49.52198222603309,49.920047760009766,16800,0.0,0.0,0.0
2020-10-05 00:00:00-04:00,50.61542954729365,50.85623202984686,50.56382714063924,50.84640121459961,15600,0.0,0.0,0.0
2020-10-06 00:00:00-04:00,50.8562309590498,51.13143379045896,50.26896536386658,50.352508544921875,13200,0.0,0.0,0.0
2020-10-07 00:00:00-04:00,50.99137747172435,51.15109260013402,50.90291888154243,51.074920654296875,9600,0.0,0.0,0.0
2020-10-08 00:00:00-04:00,51.55406928878924,51.68429946899414,51.43121034524822,51.68429946899414,21200,0.0,0.0,0.0
2020-10-09 00:00:00-04:00,51.942302931431264,52.03813275544698,51.81207275390625,51.81207275390625,6800,0.0,0.0,0.0
2020-10-12 00:00:00-04:00,52.148704843575906,52.2003072483118,52.116764068603516,52.116764068603516,12400,0.0,0.0,0.0
2020-10-13 00:00:00-04:00,51.7703045386619,51.89807889546459,51.53687328539218,51.62533187866211,54800,0.0,0.0,0.0
2020-10-14 00:00:00-04:00,51.69904507154072,51.94967838135473,51.48772752588532,51.529502868652344,28800,0.0,0.0,0.0
2020-10-15 00:00:00-04:00,51.087206976003664,51.87350346745633,51.087206976003664,51.80470275878906,62400,0.0,0.0,0.0
2020-10-16 00:00:00-04:00,51.866130220544576,51.893159337141796,51.65726852416992,51.65726852416992,10000,0.0,0.0,0.0
2020-10-19 00:00:00-04:00,51.91036199315613,51.91036199315613,50.87343215942383,50.87343215942383,14000,0.0,0.0,0.0
2020-10-20 00:00:00-04:00,50.94223481702969,51.649899791535375,50.94223481702969,51.1953239440918,22400,0.0,0.0,0.0
2020-10-21 00:00:00-04:00,51.33783750650481,51.33783750650481,51.03069014072323,51.03314971923828,19600,0.0,0.0,0.0
2020-10-22 00:00:00-04:00,50.917662779513506,51.28623962402344,50.917662779513506,51.28623962402344,10000,0.0,0.0,0.0
2020-10-23 00:00:00-04:00,51.374696420808085,51.53195571899414,51.23217959598988,51.53195571899414,8400,0.0,0.0,0.0
2020-10-26 00:00:00-04:00,50.91520712876459,50.91520712876459,50.323026096664044,50.43605422973633,10400,0.0,0.0,0.0
2020-10-27 00:00:00-04:00,50.72108549635664,50.72108549635664,50.02570343017578,50.02570343017578,17600,0.0,0.0,0.0
2020-10-28 00:00:00-04:00,49.1165494805529,49.15340566475897,48.644771575927734,48.644771575927734,28000,0.0,0.0,0.0
2020-10-29 00:00:00-04:00,48.53665508859572,49.3696385956212,48.406424905296575,49.26643753051758,20000,0.0,0.0,0.0
2020-10-30 00:00:00-04:00,48.890490308979174,48.97403349418674,48.47522646278724,48.6472282409668,21600,0.0,0.0,0.0
2020-11-02 00:00:00-05:00,49.54163928254706,49.86352911530471,49.391751221183874,49.84141540527344,46000,0.0,0.0,0.0
2020-11-03 00:00:00-05:00,50.34022321497211,51.065093994140625,50.34022321497211,51.065093994140625,12400,0.0,0.0,0.0
2020-11-04 00:00:00-05:00,51.05771652571101,51.711326984951526,51.05771652571101,51.079833984375,13200,0.0,0.0,0.0
2020-11-05 00:00:00-05:00,51.83910496505795,52.30842704758546,51.83910496505795,52.1044807434082,15200,0.0,0.0,0.0
2020-11-06 00:00:00-05:00,52.24945251026916,52.27648162841797,52.16590932666649,52.27648162841797,9200,0.0,0.0,0.0
2020-11-09 00:00:00-05:00,54.57885627883924,55.480640481116,53.36255347874118,53.36500930786133,22400,0.0,0.0,0.0
2020-11-10 00:00:00-05:00,53.242149514195944,53.935075749484504,53.242149514195944,53.88593292236328,29600,0.0,0.0,0.0
2020-11-11 00:00:00-05:00,54.303654525185195,54.303654525185195,53.83679202674787,54.033363342285156,22000,0.0,0.0,0.0
2020-11-12 00:00:00-05:00,53.80976124546699,53.82695954783411,53.141408295094635,53.33060836791992,12400,0.0,0.0,0.0
2020-11-13 00:00:00-05:00,53.90313252854929,54.42405700683594,53.90313252854929,54.42405700683594,12800,0.0,0.0,0.0
2020-11-16 00:00:00-05:00,55.40693067302507,55.40693067302507,55.08749665285229,55.31355667114258,12400,0.0,0.0,0.0
2020-11-17 00:00:00-05:00,55.072750522038106,55.31355299845638,54.68697164459739,55.08503341674805,58400,0.0,0.0,0.0
2020-11-18 00:00:00-05:00,55.286523872897625,55.286523872897625,54.4633674621582,54.4633674621582,26000,0.0,0.0,0.0
2020-11-19 00:00:00-05:00,54.20782378062075,54.72874450683594,54.018619955787756,54.72874450683594,22800,0.0,0.0,0.0
2020-11-20 00:00:00-05:00,54.54937030781935,54.69925836719801,54.54937030781935,54.5616569519043,10000,0.0,0.0,0.0
2020-11-23 00:00:00-05:00,54.82457584687007,55.222641388614974,54.82457584687007,55.038352966308594,14800,0.0,0.0,0.0
2020-11-24 00:00:00-05:00,55.28407315571579,56.026138534110416,55.28407315571579,55.79762268066406,45600,0.0,0.0,0.0
2020-11-25 00:00:00-05:00,55.54944470906019,55.58875672160676,55.34058300463299,55.534698486328125,15200,0.0,0.0,0.0
2020-11-27 00:00:00-05:00,55.861505311577275,55.861505311577275,55.59367370605469,55.59367370605469,6400,0.0,0.0,0.0
2020-11-30 00:00:00-05:00,55.24475273423643,55.34795379638672,55.24475273423643,55.34795379638672,7600,0.0,0.0,0.0
2020-12-01 00:00:00-05:00,56.151452068669975,56.151452068669975,55.770588597464624,55.82710266113281,12800,0.0,0.0,0.0
2020-12-02 00:00:00-05:00,55.50521315008344,55.81481633685059,55.50521315008344,55.71898651123047,16800,0.0,0.0,0.0
2020-12-03 00:00:00-05:00,55.78041567993949,56.28168226458294,55.78041567993949,56.001564025878906,22400,0.0,0.0,0.0
2020-12-04 00:00:00-05:00,56.146534738538215,56.76082942933185,56.146534738538215,56.74854278564453,14800,0.0,0.0,0.0
2020-12-07 00:00:00-05:00,56.81734663443779,56.81734663443779,56.56671708626533,56.69203186035156,584800,0.0,0.0,0.0
2020-12-08 00:00:00-05:00,56.38243123274159,56.93529651018343,56.38243123274159,56.87386703491211,171200,0.0,0.0,0.0
2020-12-09 00:00:00-05:00,56.768200550096914,56.768200550096914,56.49545355796554,56.628143310546875,34400,0.0,0.0,0.0
2020-12-10 00:00:00-05:00,56.15145339339363,56.53968811035156,56.15145339339363,56.53968811035156,19200,0.0,0.0,0.0
2020-12-11 00:00:00-05:00,56.5445990075661,56.5445990075661,56.03596493068391,56.384883880615234,14800,0.0,0.0,0.0
2020-12-14 00:00:00-05:00,57.715850456121345,57.72331630508182,56.89955139160156,56.89955139160156,40400,0.727,0.0,0.0
2020-12-15 00:00:00-05:00,57.27036719625563,57.715849765468725,57.27036719625563,57.67354202270508,24400,0.0,0.0,0.0
2020-12-16 00:00:00-05:00,57.952276574947454,57.952276574947454,57.4445798695488,57.62376403808594,17600,0.0,0.0,0.0
2020-12-17 00:00:00-05:00,58.12150745646561,58.173772195426125,57.94481063863282,58.15386199951172,23200,0.0,0.0,0.0
2020-12-18 00:00:00-05:00,58.370377970377845,58.370377970377845,57.81041653866958,57.82037353515625,26800,0.0,0.0,0.0
2020-12-21 00:00:00-05:00,57.13597860094532,57.66607666015625,56.9219487373773,57.66607666015625,19200,0.0,0.0,0.0
2020-12-22 00:00:00-05:00,57.867662007893706,57.89752540354317,57.611324401951414,57.66856384277344,17600,0.0,0.0,0.0
2020-12-23 00:00:00-05:00,57.96720850983022,58.074225338784686,57.85521697998047,57.85521697998047,14400,0.0,0.0,0.0
2020-12-24 00:00:00-05:00,57.78553468125525,57.949790954589844,57.735761088648864,57.949790954589844,4000,0.0,0.0,0.0
2020-12-28 00:00:00-05:00,58.046849125555035,58.046849125555035,57.85023831379477,57.857704162597656,9200,0.0,0.0,0.0
2020-12-29 00:00:00-05:00,57.96969722853056,57.96969722853056,57.31516708207997,57.481910705566406,18800,0.0,0.0,0.0
2020-12-30 00:00:00-05:00,58.04933725729778,58.101601997103025,57.919922880503265,58.0219612121582,16800,0.0,0.0,0.0
2020-12-31 00:00:00-05:00,57.87761358702583,58.298207452229136,57.81290829910283,58.280784606933594,22000,0.0,0.0,0.0
2021-01-04 00:00:00-05:00,58.487353051788894,58.487353051788894,56.9667463916586,57.33258819580078,217200,0.0,0.0,0.0
2021-01-05 00:00:00-05:00,57.14842392560005,57.88757336256893,57.14842392560005,57.76811218261719,116000,0.0,0.0,0.0
2021-01-06 00:00:00-05:00,57.77557794072596,59.30614155316834,57.77557794072596,59.00251770019531,63600,0.0,0.0,0.0
2021-01-07 00:00:00-05:00,59.66949047127247,59.85116958618164,59.48532780339413,59.85116958618164,48400,0.0,0.0,0.0
2021-01-08 00:00:00-05:00,59.96316295833828,60.304116057166354,59.569945118585636,60.057735443115234,22000,0.0,0.0,0.0
2021-01-11 00:00:00-05:00,59.44052974432252,60.1398587764113,59.44052974432252,59.95569610595703,20000,0.0,0.0,0.0
2021-01-12 00:00:00-05:00,60.15479397463882,60.37131118774414,60.04279864615379,60.37131118774414,40800,0.0,0.0,0.0
2021-01-13 00:00:00-05:00,60.3638446921496,60.368823190524445,60.08759689331055,60.08759689331055,28800,0.0,0.0,0.0
2021-01-14 00:00:00-05:00,60.301626787782006,60.60275948370253,60.204566955566406,60.204566955566406,54000,0.0,0.0,0.0
2021-01-15 00:00:00-05:00,60.139859353064985,60.139859353064985,59.46044051079099,59.71179962158203,28400,0.0,0.0,0.0
2021-01-19 00:00:00-05:00,60.363846249541396,60.363846249541396,59.93827386833003,60.122440338134766,78800,0.0,0.0,0.0
2021-01-20 00:00:00-05:00,60.217014485518376,60.6898693243856,60.217014485518376,60.62516403198242,22800,0.0,0.0,0.0
2021-01-21 00:00:00-05:00,60.59778511153996,61.473810956680694,60.314071462179754,60.49325942993164,39200,0.0,0.0,0.0
2021-01-22 00:00:00-05:00,60.21452162839558,60.4409958416014,59.970628366664066,60.299137115478516,107600,0.0,0.0,0.0
2021-01-25 00:00:00-05:00,60.26678431443434,60.71475422707514,59.923340081829465,60.15479278564453,20400,0.0,0.0,0.0
2021-01-26 00:00:00-05:00,60.20207727908428,60.20207727908428,59.59483337402344,59.59483337402344,22800,0.0,0.0,0.0
2021-01-27 00:00:00-05:00,58.708844326301616,58.708844326301616,57.693450927734375,57.693450927734375,32800,0.0,0.0,0.0
2021-01-28 00:00:00-05:00,58.19616913774621,58.79843831735001,58.19616913774621,58.57445526123047,15600,0.0,0.0,0.0
2021-01-29 00:00:00-05:00,58.385315225869036,58.385315225869036,57.4072472542987,57.676029205322266,21200,0.0,0.0,0.0
2021-02-01 00:00:00-05:00,57.98214388057606,58.678985595703125,57.98214388057606,58.678985595703125,16400,0.0,0.0,0.0
2021-02-02 00:00:00-05:00,59.02989489384368,59.58736522032195,59.02989489384368,59.39573669433594,33200,0.0,0.0,0.0
2021-02-03 00:00:00-05:00,59.39573620775072,59.53261643767779,59.2762750266425,59.403202056884766,14400,0.0,0.0,0.0
2021-02-04 00:00:00-05:00,59.452976110719284,60.015424935569904,59.452976110719284,59.98307418823242,22400,0.0,0.0,0.0
2021-02-05 00:00:00-05:00,60.43353142288555,60.45344161987305,60.2618092966649,60.45344161987305,14400,0.0,0.0,0.0
2021-02-08 00:00:00-05:00,60.92380501186951,60.98602294921875,60.737151199821795,60.98602294921875,18800,0.0,0.0,0.0
2021-02-09 00:00:00-05:00,60.874032426462875,61.224938712819764,60.874032426462875,61.08806228637695,23600,0.0,0.0,0.0
2021-02-10 00:00:00-05:00,61.429017832328405,61.429017832328405,60.995979596801895,61.167701721191406,18000,0.0,0.0,0.0
2021-02-11 00:00:00-05:00,61.4812781510167,61.588294982910156,61.190098646418065,61.588294982910156,34800,0.0,0.0,0.0
2021-02-12 00:00:00-05:00,61.53354221088062,61.77494812011719,61.53354221088062,61.77494812011719,22000,0.0,0.0,0.0
2021-02-16 00:00:00-05:00,62.19305029468761,62.19305029468761,61.53354166039393,61.5484733581543,23600,0.0,0.0,0.0
2021-02-17 00:00:00-05:00,61.19756182338742,61.27720260620117,61.03828405524144,61.27720260620117,12000,0.0,0.0,0.0
2021-02-18 00:00:00-05:00,60.67991081166655,60.986021995342114,60.677419663823365,60.82425308227539,21200,0.0,0.0,0.0
2021-02-19 00:00:00-05:00,61.04575183024365,61.70526426723079,61.04575183024365,61.54100799560547,25600,0.0,0.0,0.0
2021-02-22 00:00:00-05:00,61.14280988824701,61.3667967423625,60.98104476928711,60.98104476928711,28000,0.0,0.0,0.0
2021-02-23 00:00:00-05:00,60.796882710864644,61.27222870052446,60.32154051868665,61.14779281616211,26000,0.0,0.0,0.0
2021-02-24 00:00:00-05:00,61.14032599992709,61.984001130661305,61.14032599992709,61.86703109741211,24000,0.0,0.0,0.0
2021-02-25 00:00:00-05:00,61.633090896904584,61.633090896904584,60.28420639038086,60.28420639038086,16000,0.0,0.0,0.0
2021-02-26 00:00:00-05:00,60.35638103945366,60.75706472987188,60.35638103945366,60.40615463256836,19600,0.0,0.0,0.0
2021-03-01 00:00:00-05:00,61.3195151139537,61.87698924453395,61.3195151139537,61.55594253540039,30000,0.0,0.0,0.0
2021-03-02 00:00:00-05:00,61.77494740792349,61.77494740792349,61.170187067819214,61.257293701171875,27600,0.0,0.0,0.0
2021-03-03 00:00:00-05:00,61.2473425282956,61.2473425282956,60.58036422729492,60.58036422729492,11200,0.0,0.0,0.0
2021-03-04 00:00:00-05:00,60.580364409476935,60.580364409476935,58.763599770612515,59.286231994628906,18800,0.0,0.0,0.0
2021-03-05 00:00:00-05:00,59.818814079062406,60.74710464477539,59.58985252438829,60.74710464477539,20800,0.0,0.0,0.0
2021-03-08 00:00:00-05:00,61.05073024374221,61.59327264995164,60.861589075076694,60.89643096923828,13600,0.0,0.0,0.0
2021-03-09 00:00:00-05:00,61.34689133702454,61.695310296213684,61.25978469848633,61.25978469848633,16400,0.0,0.0,0.0
2021-03-10 00:00:00-05:00,61.448927842331926,62.04124005529618,61.42901764561725,61.75752639770508,23200,0.0,0.0,0.0
2021-03-11 00:00:00-05:00,62.09847999762269,62.787852009540856,62.09847999762269,62.45436477661133,24800,0.0,0.0,0.0
2021-03-12 00:00:00-05:00,62.54147351238532,62.71568298339844,62.54147351238532,62.71568298339844,12800,0.0,0.0,0.0
2021-03-15 00:00:00-04:00,62.95957491220019,63.49962615966797,62.69577146202973,63.49962615966797,17600,0.0,0.0,0.0
2021-03-16 00:00:00-04:00,63.37768191528339,63.519536840664486,62.842605364594796,62.904823303222656,38800,0.0,0.0,0.0
2021-03-17 00:00:00-04:00,62.49916544830052,63.380169795746504,62.49916544830052,63.30799865722656,68400,0.0,0.0,0.0
2021-03-18 00:00:00-04:00,62.760476918671706,63.58673296234342,62.61613464355469,62.61613464355469,8400,0.0,0.0,0.0
2021-03-19 00:00:00-04:00,62.521562932807406,62.83265262823875,62.342374964440424,62.48672103881836,36800,0.0,0.0,0.0
2021-03-22 00:00:00-04:00,62.48920980181426,62.641021728515625,62.41703866173473,62.641021728515625,8400,0.0,0.0,0.0
2021-03-23 00:00:00-04:00,62.48423615203212,62.48423615203212,61.45141604398815,61.56838607788086,22000,0.0,0.0,0.0
2021-03-24 00:00:00-04:00,62.100966201702015,62.100966201702015,61.12041091918945,61.12041091918945,55600,0.0,0.0,0.0
2021-03-25 00:00:00-04:00,60.65331525439908,61.68577560225305,60.41390244960018,61.67330551147461,16000,0.12675,0.0,0.0
2021-03-26 00:00:00-04:00,62.134668283292974,62.59603500366211,62.03491516797191,62.59603500366211,71600,0.0,0.0,0.0
2021-03-29 00:00:00-04:00,62.57857629257568,62.61099776754859,61.87031927791521,62.11222457885742,100000,0.0,0.0,0.0
2021-03-30 00:00:00-04:00,62.11472024719662,62.44390856960253,61.907728919358775,62.24689483642578,17200,0.0,0.0,0.0
2021-03-31 00:00:00-04:00,62.38904504009908,62.95515368554961,62.38904504009908,62.70825958251953,30000,0.0,0.0,0.0
2021-04-01 00:00:00-04:00,63.00004161973496,63.47138214111328,62.92273238265591,63.47138214111328,153200,0.0,0.0,0.0
2021-04-05 00:00:00-04:00,64.07739261421375,64.07739261421375,63.783114452024535,63.89284896850586,44800,0.0,0.0,0.0
2021-04-06 00:00:00-04:00,63.87539198054899,64.28687835424299,63.84297050438171,64.1123046875,20800,0.0,0.0,0.0
2021-04-07 00:00:00-04:00,64.13974042345716,64.13974042345716,63.68086999158917,63.73822784423828,59600,0.0,0.0,0.0
2021-04-08 00:00:00-04:00,64.13974011881588,64.13974011881588,63.72824994653744,64.0250244140625,74400,0.0,0.0,0.0
2021-04-09 00:00:00-04:00,63.99010253086933,64.31181335449219,63.92277089318412,64.31181335449219,18400,0.0,0.0,0.0
2021-04-12 00:00:00-04:00,64.42154797169049,64.42154797169049,64.18962026157328,64.38164520263672,22800,0.0,0.0,0.0
2021-04-13 00:00:00-04:00,64.35420590979831,64.61855508389846,64.23200891724484,64.52628326416016,18000,0.0,0.0,0.0
2021-04-14 00:00:00-04:00,64.87543223770997,64.98017034524665,64.52878121881156,64.53626251220703,20000,0.0,0.0,0.0
2021-04-15 00:00:00-04:00,65.16471534047368,65.2021294189016,64.99014928740176,65.14476776123047,17200,0.0,0.0,0.0
2021-04-16 00:00:00-04:00,65.58118909354341,65.58118909354341,65.21957550911995,65.34426879882812,8800,0.0,0.0,0.0
2021-04-19 00:00:00-04:00,65.24951114452277,65.24951114452277,64.70085760154824,64.83053588867188,22100,0.0,4.0,0.0
2021-04-20 00:00:00-04:00,64.49137799228188,64.74076459889497,63.93274681820937,64.30184173583984,26400,0.0,0.0,0.0
2021-04-21 00:00:00-04:00,64.02252938616179,65.14975409820966,64.02252938616179,65.12980651855469,59100,0.0,0.0,0.0
2021-04-22 00:00:00-04:00,65.40911583327298,65.65850242827717,64.76070916412709,64.93029022216797,12100,0.0,0.0,0.0
2021-04-23 00:00:00-04:00,65.24951511503359,65.95777216136051,65.13978439976145,65.77821350097656,11500,0.0,0.0,0.0
2021-04-26 00:00:00-04:00,66.16725427573563,66.26700739320438,66.05752356331749,66.1373291015625,19600,0.0,0.0,0.0
2021-04-27 00:00:00-04:00,66.04754388355335,66.31688566395964,66.04754388355335,66.21712493896484,74000,0.0,0.0,0.0
2021-04-28 00:00:00-04:00,66.32685442488042,66.32685442488042,66.1073930110183,66.11737060546875,15500,0.0,0.0,0.0
2021-04-29 00:00:00-04:00,66.4764930429613,66.58622375838344,65.7881835754361,66.28695678710938,37900,0.0,0.0,0.0
2021-04-30 00:00:00-04:00,65.62857549849494,66.05752073485142,65.54876996366706,65.65850067138672,32000,0.0,0.0,0.0
2021-05-03 00:00:00-04:00,65.94779021383849,66.06749851641922,65.74828398687865,65.79815673828125,9200,0.0,0.0,0.0
2021-05-04 00:00:00-04:00,65.32931249619823,65.53879632977488,64.74076376529358,65.35923767089844,114200,0.0,0.0,0.0
2021-05-05 00:00:00-04:00,65.60861827593935,65.61859587015226,65.19962824130364,65.36920928955078,27000,0.0,0.0,0.0
2021-05-06 00:00:00-04:00,65.20961076397406,65.39913940429688,64.70085997010747,65.39913940429688,33100,0.0,0.0,0.0
2021-05-07 00:00:00-04:00,65.42906403117836,66.22710418701172,65.42906403117836,66.22710418701172,27600,0.0,0.0,0.0
2021-05-10 00:00:00-04:00,66.19717888620195,66.46651306214156,65.71835327148438,65.71835327148438,22600,0.0,0.0,0.0
2021-05-11 00:00:00-04:00,64.87043964146089,65.27943730892066,64.53127752659903,65.15972900390625,17300,0.0,0.0,0.0
2021-05-12 00:00:00-04:00,64.93029047256614,64.93029047256614,63.45392608642578,63.45392608642578,15800,0.0,0.0,0.0
2021-05-13 00:00:00-04:00,63.82301646210468,64.3916213953953,63.5935812530479,64.1422348022461,12900,0.0,0.0,0.0
2021-05-14 00:00:00-04:00,64.54124889333559,65.43904217348984,64.54124889333559,65.39913940429688,7600,0.0,0.0,0.0
2021-05-17 00:00:00-04:00,65.32931068082618,65.32931068082618,64.90036543046728,65.20960998535156,10300,0.0,0.0,0.0
2021-05-18 00:00:00-04:00,65.20961274474226,65.39914139082208,64.81059265136719,64.81059265136719,9800,0.0,0.0,0.0
2021-05-19 00:00:00-04:00,63.84296821006943,64.43151692013207,63.59358161549885,64.42154693603516,11000,0.0,0.0,0.0
2021-05-20 00:00:00-04:00,64.81058929429112,65.34926525084369,64.67093341044507,65.15972900390625,23300,0.0,0.0,0.0
2021-05-21 00:00:00-04:00,65.71835211971135,65.74828490378,65.18965376128752,65.24951171875,17400,0.0,0.0,0.0
2021-05-24 00:00:00-04:00,65.91786835286696,65.97771870182711,65.44902032421216,65.818115234375,25000,0.0,0.0,0.0
2021-05-25 00:00:00-04:00,65.86798971352103,66.12735391693354,65.45899963378906,65.45899963378906,10500,0.0,0.0,0.0
2021-05-26 00:00:00-04:00,65.75825890728188,65.86798962354979,65.678453366237,65.82808685302734,11200,0.0,0.0,0.0
2021-05-27 00:00:00-04:00,66.22710583992604,66.27698620491367,65.98769683147079,66.2370834350586,19000,0.0,0.0,0.0
2021-05-28 00:00:00-04:00,66.3468087667025,66.39668151696874,66.21712287252629,66.29692840576172,45600,0.0,0.0,0.0
2021-06-01 00:00:00-04:00,66.5762432278722,66.77575707015026,66.37673699626903,66.54631805419922,28300,0.0,0.0,0.0
2021-06-02 00:00:00-04:00,66.77575872886595,66.77575872886595,66.43658899390569,66.5562973022461,17000,0.0,0.0,0.0
2021-06-03 00:00:00-04:00,66.3468087667025,66.35677875035103,65.83805800566981,66.29692840576172,18500,0.0,0.0,0.0
2021-06-04 00:00:00-04:00,66.72588019712126,66.7458353877303,66.40666564345419,66.7059326171875,28900,0.0,0.0,0.0
2021-06-07 00:00:00-04:00,66.89546022445231,66.89546022445231,66.61614844566819,66.74583435058594,10700,0.0,0.0,0.0
2021-06-08 00:00:00-04:00,67.03511152614618,67.0750142933381,66.53633835225915,66.9952163696289,12900,0.0,0.0,0.0
2021-06-09 00:00:00-04:00,66.90543388393733,66.96528422996323,66.67599487304688,66.67599487304688,9700,0.0,0.0,0.0
2021-06-10 00:00:00-04:00,67.1500015258789,67.1500015258789,66.56999969482422,66.81999969482422,13700,0.164,0.0,0.0
2021-06-11 00:00:00-04:00,66.83000183105469,67.08999633789062,66.83000183105469,67.06999969482422,7300,0.0,0.0,0.0
2021-06-14 00:00:00-04:00,67.27999877929688,67.27999877929688,66.66000366210938,66.8499984741211,14500,0.0,0.0,0.0
2021-06-15 00:00:00-04:00,67.05999755859375,67.05999755859375,66.55000305175781,66.70999908447266,28600,0.0,0.0,0.0
2021-06-16 00:00:00-04:00,66.93000030517578,66.93000030517578,66.0999984741211,66.37000274658203,12700,0.0,0.0,0.0
2021-06-17 00:00:00-04:00,66.43000030517578,66.43000030517578,65.47000122070312,65.9800033569336,11300,0.0,0.0,0.0
2021-06-18 00:00:00-04:00,65.56999969482422,65.56999969482422,65.02999877929688,65.02999877929688,10200,0.0,0.0,0.0
2021-06-21 00:00:00-04:00,65.48999786376953,66.19000244140625,65.20999908447266,66.13999938964844,16500,0.0,0.0,0.0
2021-06-22 00:00:00-04:00,66.06999969482422,66.51000213623047,66.06999969482422,66.45999908447266,10100,0.0,0.0,0.0
2021-06-23 00:00:00-04:00,66.66999816894531,66.68000030517578,66.41000366210938,66.45999908447266,23500,0.0,0.0,0.0
2021-06-24 00:00:00-04:00,66.66999816894531,66.97000122070312,66.66999816894531,66.86000061035156,14400,0.0,0.0,0.0
2021-06-25 00:00:00-04:00,66.94000244140625,67.33999633789062,66.94000244140625,67.29000091552734,9900,0.0,0.0,0.0
2021-06-28 00:00:00-04:00,67.51000213623047,67.51000213623047,66.9000015258789,67.1500015258789,15000,0.0,0.0,0.0
2021-06-29 00:00:00-04:00,67.18000030517578,67.41999816894531,67.04000091552734,67.08999633789062,18200,0.0,0.0,0.0
2021-06-30 00:00:00-04:00,66.98999786376953,67.0999984741211,66.94000244140625,67.05000305175781,5700,0.0,0.0,0.0
2021-07-01 00:00:00-04:00,67.38999938964844,67.54000091552734,67.0999984741211,67.41999816894531,39200,0.0,0.0,0.0
2021-07-02 00:00:00-04:00,67.37000274658203,67.55999755859375,67.36000061035156,67.55000305175781,5900,0.0,0.0,0.0
2021-07-06 00:00:00-04:00,67.43000030517578,67.43000030517578,66.75,67.1500015258789,15200,0.0,0.0,0.0
2021-07-07 00:00:00-04:00,67.31999969482422,67.31999969482422,66.77999877929688,67.12999725341797,13500,0.0,0.0,0.0
2021-07-08 00:00:00-04:00,66.01000213623047,66.79000091552734,65.8499984741211,66.37000274658203,10300,0.0,0.0,0.0
2021-07-09 00:00:00-04:00,67.01000213623047,67.5,66.75,67.5,23500,0.0,0.0,0.0
2021-07-12 00:00:00-04:00,67.52999877929688,67.61000061035156,67.2699966430664,67.54000091552734,9400,0.0,0.0,0.0
2021-07-13 00:00:00-04:00,67.52999877929688,67.52999877929688,66.73999786376953,66.73999786376953,6500,0.0,0.0,0.0
2021-07-14 00:00:00-04:00,67.11000061035156,67.12999725341797,66.30000305175781,66.3499984741211,21200,0.0,0.0,0.0
2021-07-15 00:00:00-04:00,66.23999786376953,66.4000015258789,65.83000183105469,66.13999938964844,7600,0.0,0.0,0.0
2021-07-16 00:00:00-04:00,66.58000183105469,66.58000183105469,65.63999938964844,65.66999816894531,10200,0.0,0.0,0.0
2021-07-19 00:00:00-04:00,64.86000061035156,64.86000061035156,64.30999755859375,64.5999984741211,11400,0.0,0.0,0.0
2021-07-20 00:00:00-04:00,64.79000091552734,66.30999755859375,64.79000091552734,66.13999938964844,12500,0.0,0.0,0.0
2021-07-21 00:00:00-04:00,66.29000091552734,66.83999633789062,66.29000091552734,66.80000305175781,8500,0.0,0.0,0.0
2021-07-22 00:00:00-04:00,66.55999755859375,66.62000274658203,66.37000274658203,66.5999984741211,17000,0.0,0.0,0.0
2021-07-23 00:00:00-04:00,66.98999786376953,67.22000122070312,66.72000122070312,67.16000366210938,12300,0.0,0.0,0.0
2021-07-26 00:00:00-04:00,67.19999694824219,67.2699966430664,67.08999633789062,67.23999786376953,8100,0.0,0.0,0.0
2021-07-27 00:00:00-04:00,66.91999816894531,67.1500015258789,66.61000061035156,67.02999877929688,10900,0.0,0.0,0.0
2021-07-28 00:00:00-04:00,67.23999786376953,67.48999786376953,66.91000366210938,67.3499984741211,13500,0.0,0.0,0.0
2021-07-29 00:00:00-04:00,67.47000122070312,68.08999633789062,67.47000122070312,67.80999755859375,12100,0.0,0.0,0.0
2021-07-30 00:00:00-04:00,67.62999725341797,67.91999816894531,67.52999877929688,67.52999877929688,4300,0.0,0.0,0.0
2021-08-02 00:00:00-04:00,67.75,68.04000091552734,67.44000244140625,67.44000244140625,8100,0.0,0.0,0.0
2021-08-03 00:00:00-04:00,67.45999908447266,67.87999725341797,67.12000274658203,67.87000274658203,107100,0.0,0.0,0.0
2021-08-04 00:00:00-04:00,67.79000091552734,67.80000305175781,67.48999786376953,67.5,20000,0.0,0.0,0.0
2021-08-05 00:00:00-04:00,67.80000305175781,68.02999877929688,67.5999984741211,68.02999877929688,35800,0.0,0.0,0.0
2021-08-06 00:00:00-04:00,68.22000122070312,68.33000183105469,68.12999725341797,68.16999816894531,8700,0.0,0.0,0.0
2021-08-09 00:00:00-04:00,68.1500015258789,68.25,67.80000305175781,68.06999969482422,85300,0.0,0.0,0.0
2021-08-10 00:00:00-04:00,68.29000091552734,68.48999786376953,68.22000122070312,68.22000122070312,13600,0.0,0.0,0.0
2021-08-11 00:00:00-04:00,68.29000091552734,68.63999938964844,68.19000244140625,68.63999938964844,13800,0.0,0.0,0.0
2021-08-12 00:00:00-04:00,68.5,68.7300033569336,68.4000015258789,68.72000122070312,6000,0.0,0.0,0.0
2021-08-13 00:00:00-04:00,68.87999725341797,68.87999725341797,68.55000305175781,68.63999938964844,12000,0.0,0.0,0.0
2021-08-16 00:00:00-04:00,68.4000015258789,68.44999694824219,68.0,68.38999938964844,9400,0.0,0.0,0.0
2021-08-17 00:00:00-04:00,67.86000061035156,67.91999816894531,67.33999633789062,67.79000091552734,14700,0.0,0.0,0.0
2021-08-18 00:00:00-04:00,67.54000091552734,67.94000244140625,67.23999786376953,67.23999786376953,8300,0.0,0.0,0.0
2021-08-19 00:00:00-04:00,66.76000213623047,67.13999938964844,66.58000183105469,66.8499984741211,29900,0.0,0.0,0.0
2021-08-20 00:00:00-04:00,66.7300033569336,67.5199966430664,66.7300033569336,67.51000213623047,8500,0.0,0.0,0.0
2021-08-23 00:00:00-04:00,68.0199966430664,68.2300033569336,67.98999786376953,68.13999938964844,9700,0.0,0.0,0.0
2021-08-24 00:00:00-04:00,68.27999877929688,68.81999969482422,68.27999877929688,68.69999694824219,11800,0.0,0.0,0.0
2021-08-25 00:00:00-04:00,68.58000183105469,69.36000061035156,68.58000183105469,69.2300033569336,13500,0.0,0.0,0.0
2021-08-26 00:00:00-04:00,68.98999786376953,69.08999633789062,68.68000030517578,68.68000030517578,16800,0.0,0.0,0.0
2021-08-27 00:00:00-04:00,68.72000122070312,69.62000274658203,68.70999908447266,69.47000122070312,9600,0.0,0.0,0.0
2021-08-30 00:00:00-04:00,69.70999908447266,69.70999908447266,69.36000061035156,69.41999816894531,8200,0.0,0.0,0.0
2021-08-31 00:00:00-04:00,69.44999694824219,69.44999694824219,69.26000213623047,69.37999725341797,158900,0.0,0.0,0.0
2021-09-01 00:00:00-04:00,69.37000274658203,69.66999816894531,69.16999816894531,69.52999877929688,9600,0.0,0.0,0.0
2021-09-02 00:00:00-04:00,69.80999755859375,70.0199966430664,69.7699966430664,69.95999908447266,12700,0.0,0.0,0.0
2021-09-03 00:00:00-04:00,69.94000244140625,69.94000244140625,69.73999786376953,69.80999755859375,6800,0.0,0.0,0.0
2021-09-07 00:00:00-04:00,69.61000061035156,69.61000061035156,69.12999725341797,69.1500015258789,13400,0.0,0.0,0.0
2021-09-08 00:00:00-04:00,69.0999984741211,69.2300033569336,68.80999755859375,68.94000244140625,7900,0.0,0.0,0.0
2021-09-09 00:00:00-04:00,68.80999755859375,69.36000061035156,68.80999755859375,68.88999938964844,18200,0.0,0.0,0.0
2021-09-10 00:00:00-04:00,69.31999969482422,69.31999969482422,68.36000061035156,68.36000061035156,9600,0.0,0.0,0.0
2021-09-13 00:00:00-04:00,68.94000244140625,68.94000244140625,68.29000091552734,68.48999786376953,8100,0.0,0.0,0.0
2021-09-14 00:00:00-04:00,68.62000274658203,68.66000366210938,67.94000244140625,68.0199966430664,23800,0.0,0.0,0.0
2021-09-15 00:00:00-04:00,68.22000122070312,68.70999908447266,68.13999938964844,68.61000061035156,14500,0.0,0.0,0.0
2021-09-16 00:00:00-04:00,68.51000213623047,68.8499984741211,68.30000305175781,68.66999816894531,5400,0.0,0.0,0.0
2021-09-17 00:00:00-04:00,68.72000122070312,68.72000122070312,68.11000061035156,68.19000244140625,22000,0.0,0.0,0.0
2021-09-20 00:00:00-04:00,67.22000122070312,67.30000305175781,66.27999877929688,67.0199966430664,16000,0.0,0.0,0.0
2021-09-21 00:00:00-04:00,67.3499984741211,67.56999969482422,67.02999877929688,67.05000305175781,15200,0.0,0.0,0.0
2021-09-22 00:00:00-04:00,67.45999908447266,68.12999725341797,67.33000183105469,67.83000183105469,13400,0.0,0.0,0.0
2021-09-23 00:00:00-04:00,68.72000122070312,69.0199966430664,68.66000366210938,68.70999908447266,13800,0.0,0.0,0.0
2021-09-24 00:00:00-04:00,68.0999984741211,68.52999877929688,68.0999984741211,68.44000244140625,5300,0.0,0.0,0.0
2021-09-27 00:00:00-04:00,68.33999633789062,68.79000091552734,68.33999633789062,68.44999694824219,47700,0.0,0.0,0.0
2021-09-28 00:00:00-04:00,68.02999877929688,68.12000274658203,67.22000122070312,67.23999786376953,19300,0.0,0.0,0.0
2021-09-29 00:00:00-04:00,67.62000274658203,67.62000274658203,67.25,67.26000213623047,12000,0.0,0.0,0.0
2021-09-30 00:00:00-04:00,67.58000183105469,67.58000183105469,66.51000213623047,66.54000091552734,18500,0.0,0.0,0.0
2021-10-01 00:00:00-04:00,66.73999786376953,67.5,66.31999969482422,67.31999969482422,12500,0.0,0.0,0.0
2021-10-04 00:00:00-04:00,67.02999877929688,67.02999877929688,66.48999786376953,66.6500015258789,25000,0.0,0.0,0.0
2021-10-05 00:00:00-04:00,66.81999969482422,67.51000213623047,66.73999786376953,67.16999816894531,29900,0.0,0.0,0.0
2021-10-06 00:00:00-04:00,66.5999984741211,67.30999755859375,66.25,67.25,21400,0.0,0.0,0.0
2021-10-07 00:00:00-04:00,67.69000244140625,68.47000122070312,67.69000244140625,67.98999786376953,49100,0.0,0.0,0.0
2021-10-08 00:00:00-04:00,68.01000213623047,68.23999786376953,67.80999755859375,67.81999969482422,7100,0.0,0.0,0.0
2021-10-11 00:00:00-04:00,67.70999908447266,68.29000091552734,67.48999786376953,67.5199966430664,15300,0.0,0.0,0.0
2021-10-12 00:00:00-04:00,67.81999969482422,68.12999725341797,67.66999816894531,67.87999725341797,9400,0.0,0.0,0.0
2021-10-13 00:00:00-04:00,68.05999755859375,68.25,67.63999938964844,68.16000366210938,20700,0.0,0.0,0.0
2021-10-14 00:00:00-04:00,68.6500015258789,69.31999969482422,68.6500015258789,69.30999755859375,19600,0.0,0.0,0.0
2021-10-15 00:00:00-04:00,69.83000183105469,69.83000183105469,69.38999938964844,69.43000030517578,26400,0.0,0.0,0.0
2021-10-18 00:00:00-04:00,69.0199966430664,69.69000244140625,69.0199966430664,69.66000366210938,16300,0.0,0.0,0.0
2021-10-19 00:00:00-04:00,69.81999969482422,70.13999938964844,69.80000305175781,69.98999786376953,14500,0.0,0.0,0.0
2021-10-20 00:00:00-04:00,69.93000030517578,70.61000061035156,69.93000030517578,70.44000244140625,42700,0.0,0.0,0.0
2021-10-21 00:00:00-04:00,70.48999786376953,70.7300033569336,70.27999877929688,70.69999694824219,41500,0.0,0.0,0.0
2021-10-22 00:00:00-04:00,70.62000274658203,71.0999984741211,70.45999908447266,70.80999755859375,8500,0.0,0.0,0.0
2021-10-25 00:00:00-04:00,70.77999877929688,71.22000122070312,70.77999877929688,70.97000122070312,17200,0.0,0.0,0.0
2021-10-26 00:00:00-04:00,71.37999725341797,71.37999725341797,70.70999908447266,70.72000122070312,32200,0.0,0.0,0.0
2021-10-27 00:00:00-04:00,70.63999938964844,70.70999908447266,69.79000091552734,69.79000091552734,12800,0.0,0.0,0.0
2021-10-28 00:00:00-04:00,70.05999755859375,70.66999816894531,70.05999755859375,70.66999816894531,7600,0.0,0.0,0.0
2021-10-29 00:00:00-04:00,70.58999633789062,70.77999877929688,70.41000366210938,70.62999725341797,22200,0.0,0.0,0.0
2021-11-01 00:00:00-04:00,70.76000213623047,71.37999725341797,70.76000213623047,71.31999969482422,251600,0.0,0.0,0.0
2021-11-02 00:00:00-04:00,71.27999877929688,71.44999694824219,71.19000244140625,71.41999816894531,16900,0.0,0.0,0.0
2021-11-03 00:00:00-04:00,71.2699966430664,71.80000305175781,71.2699966430664,71.76000213623047,30500,0.0,0.0,0.0
2021-11-04 00:00:00-04:00,72.05999755859375,72.13999938964844,71.48999786376953,71.66999816894531,53900,0.0,0.0,0.0
2021-11-05 00:00:00-04:00,72.25,72.5,71.80000305175781,72.06999969482422,38700,0.0,0.0,0.0
2021-11-08 00:00:00-05:00,72.66999816894531,72.66999816894531,72.27999877929688,72.4000015258789,22900,0.0,0.0,0.0
2021-11-09 00:00:00-05:00,72.3499984741211,72.55999755859375,72.22000122070312,72.45999908447266,24600,0.0,0.0,0.0
2021-11-10 00:00:00-05:00,72.0999984741211,72.4800033569336,71.47000122070312,71.61000061035156,171800,0.0,0.0,0.0
2021-11-11 00:00:00-05:00,71.80000305175781,72.05000305175781,71.80000305175781,71.94999694824219,56700,0.0,0.0,0.0
2021-11-12 00:00:00-05:00,72.0199966430664,72.45999908447266,72.0199966430664,72.45999908447266,20400,0.0,0.0,0.0
2021-11-15 00:00:00-05:00,72.58000183105469,72.5999984741211,72.4000015258789,72.4800033569336,34400,0.0,0.0,0.0
2021-11-16 00:00:00-05:00,72.41999816894531,73.02999877929688,72.41999816894531,72.77999877929688,10300,0.0,0.0,0.0
2021-11-17 00:00:00-05:00,72.5999984741211,72.5999984741211,72.08000183105469,72.30999755859375,18400,0.0,0.0,0.0
2021-11-18 00:00:00-05:00,72.31999969482422,72.31999969482422,71.61000061035156,71.98999786376953,9700,0.0,0.0,0.0
2021-11-19 00:00:00-05:00,71.79000091552734,71.91000366210938,71.52999877929688,71.58000183105469,12500,0.0,0.0,0.0
2021-11-22 00:00:00-05:00,71.58999633789062,72.04000091552734,71.23999786376953,71.26000213623047,20300,0.0,0.0,0.0
2021-11-23 00:00:00-05:00,71.2699966430664,71.55000305175781,70.55999755859375,71.23999786376953,50000,0.0,0.0,0.0
2021-11-24 00:00:00-05:00,70.79000091552734,71.62000274658203,70.79000091552734,71.52999877929688,7300,0.0,0.0,0.0
2021-11-26 00:00:00-05:00,70.08000183105469,70.41999816894531,69.54000091552734,69.87999725341797,20700,0.0,0.0,0.0
2021-11-29 00:00:00-05:00,70.55999755859375,70.7300033569336,69.87999725341797,70.41000366210938,12700,0.0,0.0,0.0
2021-11-30 00:00:00-05:00,69.94000244140625,69.94000244140625,68.45999908447266,68.4800033569336,21400,0.0,0.0,0.0
2021-12-01 00:00:00-05:00,69.29000091552734,69.69999694824219,67.18000030517578,67.18000030517578,12800,0.0,0.0,0.0
2021-12-02 00:00:00-05:00,67.29000091552734,69.0199966430664,67.29000091552734,68.7699966430664,12800,0.0,0.0,0.0
2021-12-03 00:00:00-05:00,69.36000061035156,69.36000061035156,67.62000274658203,68.16999816894531,16400,0.0,0.0,0.0
2021-12-06 00:00:00-05:00,68.37000274658203,69.36000061035156,68.37000274658203,68.88999938964844,21800,0.0,0.0,0.0
2021-12-07 00:00:00-05:00,69.73999786376953,70.80999755859375,69.73999786376953,70.44999694824219,24600,0.0,0.0,0.0
2021-12-08 00:00:00-05:00,70.5199966430664,71.05000305175781,70.4800033569336,70.95999908447266,19700,0.0,0.0,0.0
2021-12-09 00:00:00-05:00,70.5999984741211,70.76000213623047,69.94000244140625,69.98999786376953,20300,0.0,0.0,0.0
2021-12-10 00:00:00-05:00,70.1500015258789,70.31999969482422,69.76000213623047,70.02999877929688,15500,0.0,0.0,0.0
2021-12-13 00:00:00-05:00,69.80999755859375,69.80999755859375,69.1500015258789,69.29000091552734,17300,0.0,0.0,0.0
2021-12-14 00:00:00-05:00,68.83000183105469,69.1500015258789,68.38999938964844,68.62999725341797,21900,0.0,0.0,0.0
2021-12-15 00:00:00-05:00,68.79000091552734,69.54000091552734,68.0999984741211,69.54000091552734,14100,0.0,0.0,0.0
2021-12-16 00:00:00-05:00,69.7300033569336,69.94000244140625,68.70999908447266,68.83999633789062,18700,0.0,0.0,0.0
2021-12-17 00:00:00-05:00,68.58999633789062,69.16999816894531,68.05000305175781,68.6500015258789,12900,0.0,0.0,0.0
2021-12-20 00:00:00-05:00,67.75,67.75,66.94999694824219,67.6500015258789,18800,0.0,0.0,0.0
2021-12-21 00:00:00-05:00,68.33999633789062,69.23999786376953,68.33999633789062,69.19000244140625,17200,0.0,0.0,0.0
2021-12-22 00:00:00-05:00,69.25,69.69000244140625,69.19000244140625,69.68000030517578,22000,0.0,0.0,0.0
2021-12-23 00:00:00-05:00,70.0,70.2699966430664,69.80999755859375,70.19000244140625,14000,0.0,0.0,0.0
2021-12-27 00:00:00-05:00,70.30000305175781,70.91000366210938,70.04000091552734,70.91000366210938,14100,0.0,0.0,0.0
2021-12-28 00:00:00-05:00,71.06999969482422,71.12999725341797,70.75,70.86000061035156,46400,0.0,0.0,0.0
2021-12-29 00:00:00-05:00,71.01000213623047,71.23999786376953,70.94000244140625,71.12000274658203,18600,0.0,0.0,0.0
2021-12-30 00:00:00-05:00,71.05999755859375,71.55999755859375,71.05000305175781,71.11000061035156,14900,0.0,0.0,0.0
2021-12-31 00:00:00-05:00,70.91000366210938,71.3499984741211,70.91000366210938,71.08000183105469,12200,0.0,0.0,0.0
2022-01-03 00:00:00-05:00,71.36000061035156,71.36000061035156,70.44999694824219,70.8499984741211,21000,0.0,0.0,0.0
2022-01-04 00:00:00-05:00,71.0199966430664,71.37000274658203,70.9000015258789,71.22000122070312,9400,0.0,0.0,0.0
2022-01-05 00:00:00-05:00,71.04000091552734,71.25,69.5199966430664,69.5199966430664,18700,0.0,0.0,0.0
2022-01-06 00:00:00-05:00,69.58999633789062,70.05000305175781,69.2699966430664,69.69999694824219,18000,0.0,0.0,0.0
2022-01-07 00:00:00-05:00,69.5999984741211,69.95999908447266,69.30999755859375,69.4000015258789,14100,0.0,0.0,0.0
2022-01-10 00:00:00-05:00,69.1500015258789,69.1500015258789,67.9000015258789,69.05999755859375,16600,0.0,0.0,0.0
2022-01-11 00:00:00-05:00,69.26000213623047,69.80999755859375,68.76000213623047,69.80999755859375,14400,0.0,0.0,0.0
2022-01-12 00:00:00-05:00,69.9800033569336,70.3499984741211,69.51000213623047,69.8499984741211,23500,0.0,0.0,0.0
2022-01-13 00:00:00-05:00,69.91999816894531,70.18000030517578,69.08999633789062,69.1500015258789,13000,0.0,0.0,0.0
2022-01-14 00:00:00-05:00,68.87000274658203,68.98999786376953,68.19000244140625,68.98999786376953,9700,0.0,0.0,0.0
2022-01-18 00:00:00-05:00,68.3499984741211,68.3499984741211,67.58999633789062,67.6500015258789,16500,0.0,0.0,0.0
2022-01-19 00:00:00-05:00,67.9800033569336,67.9800033569336,66.87000274658203,66.94999694824219,56000,0.0,0.0,0.0
2022-01-20 00:00:00-05:00,67.05999755859375,67.9000015258789,65.98999786376953,65.98999786376953,35100,0.0,0.0,0.0
2022-01-21 00:00:00-05:00,65.80000305175781,66.12999725341797,64.87999725341797,64.97000122070312,32400,0.0,0.0,0.0
2022-01-24 00:00:00-05:00,64.16000366210938,65.72000122070312,62.75,65.5999984741211,60600,0.0,0.0,0.0
2022-01-25 00:00:00-05:00,64.77999877929688,65.5,63.869998931884766,64.76000213623047,29200,0.0,0.0,0.0
2022-01-26 00:00:00-05:00,65.37000274658203,65.93000030517578,64.11000061035156,64.1500015258789,55400,0.0,0.0,0.0
2022-01-27 00:00:00-05:00,64.76000213623047,65.52999877929688,63.45000076293945,63.650001525878906,18800,0.0,0.0,0.0
2022-01-28 00:00:00-05:00,63.720001220703125,64.79000091552734,63.209999084472656,64.79000091552734,17100,0.0,0.0,0.0
2022-01-31 00:00:00-05:00,64.8499984741211,66.37999725341797,64.8499984741211,66.37999725341797,21300,0.0,0.0,0.0
2022-02-01 00:00:00-05:00,66.66000366210938,67.02999877929688,66.25,66.87999725341797,11100,0.0,0.0,0.0
2022-02-02 00:00:00-05:00,67.01000213623047,67.29000091552734,66.62999725341797,67.22000122070312,27400,0.0,0.0,0.0
2022-02-03 00:00:00-05:00,66.54000091552734,67.01000213623047,66.12000274658203,66.1500015258789,25900,0.0,0.0,0.0
2022-02-04 00:00:00-05:00,65.93000030517578,66.80999755859375,65.55999755859375,66.37000274658203,16300,0.0,0.0,0.0
2022-02-07 00:00:00-05:00,66.62999725341797,66.91000366210938,66.37999725341797,66.4000015258789,12400,0.0,0.0,0.0
2022-02-08 00:00:00-05:00,66.56999969482422,67.25,66.31999969482422,67.25,12100,0.0,0.0,0.0
2022-02-09 00:00:00-05:00,67.97000122070312,68.56999969482422,67.97000122070312,68.52999877929688,17200,0.0,0.0,0.0
2022-02-10 00:00:00-05:00,67.70999908447266,68.95999908447266,67.19000244140625,67.55999755859375,36200,0.0,0.0,0.0
2022-02-11 00:00:00-05:00,67.5199966430664,67.95999908447266,66.31999969482422,66.68000030517578,15900,0.0,0.0,0.0
2022-02-14 00:00:00-05:00,66.7300033569336,66.7300033569336,65.5999984741211,66.06999969482422,90700,0.0,0.0,0.0
2022-02-15 00:00:00-05:00,66.58999633789062,67.2699966430664,66.58999633789062,67.2699966430664,11600,0.0,0.0,0.0
2022-02-16 00:00:00-05:00,66.8499984741211,67.4800033569336,66.83000183105469,67.38999938964844,24900,0.0,0.0,0.0
2022-02-17 00:00:00-05:00,67.02999877929688,67.02999877929688,65.81999969482422,65.87000274658203,17200,0.0,0.0,0.0
2022-02-18 00:00:00-05:00,65.86000061035156,66.29000091552734,65.25,65.48999786376953,12100,0.0,0.0,0.0
2022-02-22 00:00:00-05:00,65.20999908447266,65.56999969482422,64.33999633789062,64.69999694824219,100400,0.0,0.0,0.0
2022-02-23 00:00:00-05:00,65.19999694824219,65.19999694824219,63.380001068115234,63.41999816894531,26600,0.0,0.0,0.0
2022-02-24 00:00:00-05:00,62.09000015258789,64.47000122070312,61.849998474121094,64.47000122070312,50000,0.0,0.0,0.0
2022-02-25 00:00:00-05:00,64.55999755859375,66.20999908447266,64.55999755859375,66.12999725341797,18700,0.0,0.0,0.0
2022-02-28 00:00:00-05:00,65.41000366210938,66.16999816894531,65.2699966430664,65.9800033569336,14900,0.0,0.0,0.0
2022-03-01 00:00:00-05:00,65.72000122070312,65.72000122070312,64.52999877929688,64.76000213623047,34600,0.0,0.0,0.0
2022-03-02 00:00:00-05:00,65.30000305175781,66.44000244140625,65.26000213623047,66.19000244140625,40300,0.0,0.0,0.0
2022-03-03 00:00:00-05:00,66.44999694824219,66.44999694824219,65.38999938964844,65.79000091552734,17900,0.0,0.0,0.0
2022-03-04 00:00:00-05:00,65.20999908447266,65.29000091552734,64.47000122070312,65.2300033569336,70200,0.0,0.0,0.0
2022-03-07 00:00:00-05:00,65.29000091552734,65.29000091552734,63.040000915527344,63.06999969482422,16100,0.0,0.0,0.0
2022-03-08 00:00:00-05:00,63.2599983215332,64.11000061035156,62.7599983215332,62.880001068115234,22500,0.0,0.0,0.0
2022-03-09 00:00:00-05:00,63.90999984741211,64.70999908447266,63.849998474121094,64.38999938964844,19100,0.0,0.0,0.0
2022-03-10 00:00:00-05:00,63.45000076293945,64.27999877929688,63.43000030517578,64.22000122070312,49100,0.0,0.0,0.0
2022-03-11 00:00:00-05:00,64.43000030517578,64.43000030517578,63.349998474121094,63.349998474121094,17300,0.0,0.0,0.0
2022-03-14 00:00:00-04:00,63.439998626708984,63.86000061035156,62.540000915527344,62.81999969482422,13900,0.0,0.0,0.0
2022-03-15 00:00:00-04:00,63.310001373291016,63.88999938964844,62.939998626708984,63.779998779296875,44800,0.0,0.0,0.0
2022-03-16 00:00:00-04:00,64.30000305175781,65.4000015258789,64.1500015258789,65.3499984741211,15800,0.0,0.0,0.0
2022-03-17 00:00:00-04:00,65.01000213623047,66.31999969482422,65.01000213623047,66.31999969482422,16200,0.0,0.0,0.0
2022-03-18 00:00:00-04:00,66.13999938964844,67.08999633789062,66.12999725341797,67.08999633789062,14500,0.0,0.0,0.0
2022-03-21 00:00:00-04:00,66.94000244140625,67.11000061035156,66.4800033569336,66.87999725341797,128700,0.0,0.0,0.0
2022-03-22 00:00:00-04:00,66.94000244140625,67.54000091552734,66.94000244140625,67.44999694824219,33400,0.0,0.0,0.0
2022-03-23 00:00:00-04:00,67.08999633789062,67.2300033569336,66.58999633789062,66.5999984741211,25100,0.0,0.0,0.0
2022-03-24 00:00:00-04:00,66.76000213623047,67.12999725341797,66.5,67.12999725341797,15100,0.0,0.0,0.0
2022-03-25 00:00:00-04:00,67.16000366210938,67.5,66.94000244140625,67.5,15600,0.0,0.0,0.0
2022-03-28 00:00:00-04:00,67.18000030517578,67.62000274658203,66.83000183105469,67.61000061035156,25600,0.0,0.0,0.0
2022-03-29 00:00:00-04:00,67.91000366210938,68.97000122070312,67.91000366210938,68.8499984741211,19700,0.0,0.0,0.0
2022-03-30 00:00:00-04:00,68.76000213623047,68.76000213623047,67.94999694824219,68.16999816894531,36900,0.0,0.0,0.0
2022-03-31 00:00:00-04:00,67.95999908447266,68.2699966430664,67.23999786376953,67.30000305175781,19800,0.0,0.0,0.0
2022-04-01 00:00:00-04:00,67.73999786376953,67.73999786376953,67.08999633789062,67.55000305175781,7600,0.0,0.0,0.0
2022-04-04 00:00:00-04:00,67.43000030517578,67.7699966430664,67.36000061035156,67.75,11900,0.0,0.0,0.0
2022-04-05 00:00:00-04:00,67.9000015258789,68.0,66.83999633789062,66.86000061035156,37100,0.0,0.0,0.0
2022-04-06 00:00:00-04:00,66.4800033569336,66.55999755859375,65.8499984741211,66.36000061035156,19300,0.0,0.0,0.0
2022-04-07 00:00:00-04:00,66.22000122070312,66.7699966430664,65.68000030517578,66.5,14700,0.0,0.0,0.0
2022-04-08 00:00:00-04:00,66.62000274658203,66.97000122070312,66.18000030517578,66.55000305175781,14300,0.0,0.0,0.0
2022-04-11 00:00:00-04:00,66.25,66.56999969482422,65.95999908447266,66.01000213623047,19600,0.0,0.0,0.0
2022-04-12 00:00:00-04:00,66.5,66.91000366210938,65.69000244140625,65.8499984741211,14000,0.0,0.0,0.0
2022-04-13 00:00:00-04:00,65.80000305175781,66.80000305175781,65.80000305175781,66.73999786376953,15000,0.0,0.0,0.0
2022-04-14 00:00:00-04:00,66.66000366210938,67.0999984741211,66.26000213623047,66.26000213623047,16000,0.0,0.0,0.0
2022-04-18 00:00:00-04:00,66.29000091552734,66.29000091552734,65.68000030517578,65.94000244140625,22700,0.0,0.0,0.0
2022-04-19 00:00:00-04:00,65.9000015258789,67.36000061035156,65.9000015258789,67.23999786376953,10500,0.0,0.0,0.0
2022-04-20 00:00:00-04:00,67.44000244140625,68.02999877929688,67.44000244140625,67.63999938964844,11000,0.0,0.0,0.0
2022-04-21 00:00:00-04:00,68.27999877929688,68.27999877929688,66.43000030517578,66.43000030517578,14700,0.0,0.0,0.0
2022-04-22 00:00:00-04:00,66.33999633789062,66.33999633789062,64.66000366210938,64.66000366210938,8400,0.0,0.0,0.0
2022-04-25 00:00:00-04:00,64.37999725341797,64.81999969482422,63.470001220703125,64.76000213623047,30200,0.0,0.0,0.0
2022-04-26 00:00:00-04:00,64.55000305175781,64.55000305175781,63.209999084472656,63.209999084472656,18700,0.0,0.0,0.0
2022-04-27 00:00:00-04:00,63.29999923706055,63.93000030517578,63.0,63.29999923706055,27000,0.0,0.0,0.0
2022-04-28 00:00:00-04:00,63.959999084472656,64.52999877929688,62.7599983215332,64.31999969482422,35300,0.0,0.0,0.0
2022-04-29 00:00:00-04:00,64.06999969482422,64.06999969482422,62.34000015258789,62.34000015258789,10900,0.0,0.0,0.0
2022-05-02 00:00:00-04:00,62.52000045776367,62.869998931884766,61.38999938964844,62.75,168400,0.0,0.0,0.0
2022-05-03 00:00:00-04:00,62.58000183105469,63.5099983215332,62.58000183105469,63.220001220703125,65400,0.0,0.0,0.0
2022-05-04 00:00:00-04:00,63.220001220703125,65.0,62.72999954223633,64.94999694824219,16700,0.0,0.0,0.0
2022-05-05 00:00:00-04:00,64.23999786376953,64.23999786376953,62.34000015258789,62.72999954223633,16900,0.0,0.0,0.0
2022-05-06 00:00:00-04:00,62.34000015258789,62.34000015258789,61.16999816894531,61.97999954223633,12900,0.0,0.0,0.0
2022-05-09 00:00:00-04:00,61.02000045776367,61.06999969482422,59.5099983215332,59.689998626708984,29700,0.0,0.0,0.0
2022-05-10 00:00:00-04:00,60.66999816894531,60.68000030517578,58.7400016784668,59.61000061035156,42600,0.0,0.0,0.0
2022-05-11 00:00:00-04:00,59.380001068115234,60.47999954223633,58.709999084472656,58.709999084472656,24100,0.0,0.0,0.0
2022-05-12 00:00:00-04:00,58.27000045776367,59.36000061035156,58.09000015258789,58.95000076293945,13400,0.0,0.0,0.0
2022-05-13 00:00:00-04:00,59.720001220703125,61.040000915527344,59.720001220703125,60.83000183105469,16900,0.0,0.0,0.0
2022-05-16 00:00:00-04:00,60.7400016784668,60.869998931884766,60.2599983215332,60.45000076293945,8900,0.0,0.0,0.0
2022-05-17 00:00:00-04:00,61.45000076293945,61.720001220703125,61.04999923706055,61.689998626708984,15400,0.0,0.0,0.0
2022-05-18 00:00:00-04:00,61.02000045776367,61.02000045776367,59.18000030517578,59.369998931884766,51600,0.0,0.0,0.0
2022-05-19 00:00:00-04:00,58.79999923706055,60.06999969482422,58.79999923706055,59.5,24700,0.0,0.0,0.0
2022-05-20 00:00:00-04:00,59.84000015258789,59.84000015258789,58.2599983215332,59.38999938964844,58500,0.0,0.0,0.0
2022-05-23 00:00:00-04:00,59.97999954223633,60.38999938964844,59.34000015258789,60.20000076293945,14400,0.0,0.0,0.0
2022-05-24 00:00:00-04:00,59.619998931884766,59.630001068115234,58.68000030517578,59.529998779296875,22100,0.0,0.0,0.0
2022-05-25 00:00:00-04:00,59.5099983215332,60.720001220703125,59.5099983215332,60.4900016784668,21500,0.0,0.0,0.0
2022-05-26 00:00:00-04:00,60.7599983215332,62.04999923706055,60.7599983215332,61.86000061035156,31000,0.0,0.0,0.0
2022-05-27 00:00:00-04:00,62.72999954223633,63.349998474121094,62.63999938964844,63.349998474121094,20100,0.0,0.0,0.0
2022-05-31 00:00:00-04:00,63.08000183105469,63.15999984741211,62.459999084472656,62.68000030517578,14700,0.0,0.0,0.0
2022-06-01 00:00:00-04:00,62.86000061035156,63.09000015258789,61.45000076293945,62.099998474121094,183800,0.0,0.0,0.0
2022-06-02 00:00:00-04:00,62.040000915527344,63.290000915527344,61.93000030517578,63.290000915527344,27400,0.0,0.0,0.0
2022-06-03 00:00:00-04:00,62.810001373291016,62.95000076293945,62.459999084472656,62.58000183105469,15200,0.0,0.0,0.0
2022-06-06 00:00:00-04:00,63.16999816894531,63.22999954223633,62.720001220703125,62.810001373291016,7300,0.0,0.0,0.0
2022-06-07 00:00:00-04:00,62.20000076293945,63.560001373291016,62.20000076293945,63.52000045776367,15800,0.0,0.0,0.0
2022-06-08 00:00:00-04:00,63.04999923706055,63.31999969482422,62.52000045776367,62.61000061035156,20200,0.0,0.0,0.0
2022-06-09 00:00:00-04:00,62.20000076293945,62.20000076293945,60.90999984741211,60.91999816894531,15700,0.0,0.0,0.0
2022-06-10 00:00:00-04:00,59.959999084472656,60.0,59.20000076293945,59.25,29900,0.0,0.0,0.0
2022-06-13 00:00:00-04:00,57.7599983215332,57.900001525878906,56.34000015258789,56.560001373291016,45100,0.0,0.0,0.0
2022-06-14 00:00:00-04:00,56.81999969482422,56.880001068115234,55.81999969482422,56.22999954223633,15900,0.0,0.0,0.0
2022-06-15 00:00:00-04:00,56.83000183105469,57.189998626708984,56.34000015258789,56.83000183105469,36800,0.0,0.0,0.0
2022-06-16 00:00:00-04:00,55.63999938964844,55.63999938964844,54.22999954223633,54.4900016784668,46600,0.0,0.0,0.0
2022-06-17 00:00:00-04:00,54.790000915527344,55.16999816894531,54.18000030517578,54.81999969482422,32600,0.0,0.0,0.0
2022-06-21 00:00:00-04:00,55.72999954223633,56.15999984741211,55.470001220703125,55.77000045776367,38500,0.0,0.0,0.0
2022-06-22 00:00:00-04:00,55.06999969482422,56.22999954223633,55.06999969482422,55.779998779296875,21900,0.0,0.0,0.0
2022-06-23 00:00:00-04:00,55.86000061035156,56.41999816894531,55.52000045776367,56.33000183105469,18200,0.0,0.0,0.0
2022-06-24 00:00:00-04:00,56.86000061035156,58.220001220703125,56.72999954223633,58.16999816894531,30000,0.0,0.0,0.0
2022-06-27 00:00:00-04:00,58.459999084472656,58.54999923706055,57.900001525878906,58.20000076293945,21300,0.0,0.0,0.0
2022-06-28 00:00:00-04:00,58.880001068115234,58.939998626708984,57.290000915527344,57.310001373291016,16600,0.0,0.0,0.0
2022-06-29 00:00:00-04:00,57.349998474121094,57.349998474121094,56.56999969482422,56.869998931884766,19700,0.0,0.0,0.0
2022-06-30 00:00:00-04:00,56.130001068115234,56.90999984741211,55.720001220703125,56.349998474121094,16200,0.0,0.0,0.0
2022-07-01 00:00:00-04:00,56.43000030517578,57.209999084472656,56.06999969482422,57.099998474121094,45600,0.0,0.0,0.0
2022-07-05 00:00:00-04:00,56.33000183105469,57.130001068115234,55.689998626708984,57.130001068115234,24100,0.0,0.0,0.0
2022-07-06 00:00:00-04:00,57.029998779296875,57.38999938964844,56.470001220703125,57.0099983215332,13200,0.0,0.0,0.0
2022-07-07 00:00:00-04:00,57.7599983215332,58.18000030517578,57.66999816894531,58.029998779296875,19800,0.0,0.0,0.0
2022-07-08 00:00:00-04:00,57.849998474121094,58.22999954223633,57.52000045776367,57.81999969482422,30500,0.0,0.0,0.0
2022-07-11 00:00:00-04:00,57.349998474121094,57.47999954223633,57.150001525878906,57.20000076293945,12600,0.0,0.0,0.0
2022-07-12 00:00:00-04:00,57.11000061035156,57.59000015258789,56.779998779296875,56.86000061035156,30800,0.0,0.0,0.0
2022-07-13 00:00:00-04:00,56.2400016784668,56.90999984741211,56.220001220703125,56.68000030517578,33200,0.0,0.0,0.0
2022-07-14 00:00:00-04:00,55.65999984741211,56.11000061035156,55.349998474121094,56.04999923706055,6500,0.0,0.0,0.0
2022-07-15 00:00:00-04:00,56.52000045776367,57.040000915527344,56.38999938964844,57.040000915527344,13000,0.0,0.0,0.0
2022-07-18 00:00:00-04:00,57.4900016784668,57.7599983215332,56.790000915527344,56.939998626708984,20000,0.0,0.0,0.0
2022-07-19 00:00:00-04:00,57.380001068115234,58.66999816894531,57.380001068115234,58.66999816894531,19800,0.0,0.0,0.0
2022-07-20 00:00:00-04:00,58.41999816894531,59.29999923706055,58.41999816894531,59.2400016784668,8400,0.0,0.0,0.0
2022-07-21 00:00:00-04:00,59.15999984741211,59.619998931884766,58.77000045776367,59.619998931884766,19800,0.0,0.0,0.0
2022-07-22 00:00:00-04:00,59.84000015258789,59.84000015258789,58.86000061035156,59.06999969482422,10200,0.0,0.0,0.0
2022-07-25 00:00:00-04:00,59.06999969482422,59.34000015258789,58.9900016784668,59.279998779296875,22800,0.0,0.0,0.0
2022-07-26 00:00:00-04:00,58.91999816894531,58.91999816894531,58.59000015258789,58.7599983215332,13700,0.0,0.0,0.0
2022-07-27 00:00:00-04:00,59.04999923706055,60.189998626708984,59.04999923706055,60.040000915527344,21600,0.0,0.0,0.0
2022-07-28 00:00:00-04:00,60.290000915527344,61.0099983215332,59.709999084472656,61.0099983215332,15500,0.0,0.0,0.0
2022-07-29 00:00:00-04:00,61.06999969482422,61.7599983215332,61.0,61.70000076293945,12500,0.0,0.0,0.0
2022-08-01 00:00:00-04:00,61.20000076293945,61.66999816894531,61.15999984741211,61.54999923706055,13600,0.0,0.0,0.0
2022-08-02 00:00:00-04:00,61.41999816894531,61.90999984741211,61.22999954223633,61.22999954223633,12100,0.0,0.0,0.0
2022-08-03 00:00:00-04:00,61.630001068115234,61.95000076293945,61.33000183105469,61.79999923706055,16000,0.0,0.0,0.0
2022-08-04 00:00:00-04:00,61.77000045776367,61.81999969482422,61.56999969482422,61.650001525878906,8200,0.0,0.0,0.0
2022-08-05 00:00:00-04:00,61.040000915527344,61.97999954223633,61.040000915527344,61.97999954223633,7300,0.0,0.0,0.0
2022-08-08 00:00:00-04:00,62.08000183105469,62.77000045776367,62.08000183105469,62.25,6700,0.0,0.0,0.0
2022-08-09 00:00:00-04:00,62.16999816894531,62.16999816894531,61.619998931884766,61.7599983215332,10600,0.0,0.0,0.0
2022-08-10 00:00:00-04:00,62.65999984741211,63.40999984741211,62.65999984741211,63.36000061035156,26800,0.0,0.0,0.0
2022-08-11 00:00:00-04:00,63.97999954223633,64.33999633789062,63.560001373291016,63.61000061035156,17800,0.0,0.0,0.0
2022-08-12 00:00:00-04:00,63.849998474121094,64.6500015258789,63.849998474121094,64.63999938964844,11600,0.0,0.0,0.0
2022-08-15 00:00:00-04:00,64.30000305175781,64.75,64.20999908447266,64.69999694824219,20700,0.0,0.0,0.0
2022-08-16 00:00:00-04:00,64.61000061035156,65.06999969482422,64.51000213623047,64.86000061035156,16900,0.0,0.0,0.0
2022-08-17 00:00:00-04:00,64.37999725341797,64.56999969482422,63.88999938964844,64.13999938964844,31800,0.0,0.0,0.0
2022-08-18 00:00:00-04:00,64.41999816894531,64.45999908447266,64.12000274658203,64.37000274658203,15000,0.0,0.0,0.0
2022-08-19 00:00:00-04:00,63.79999923706055,64.0999984741211,63.2400016784668,63.400001525878906,9900,0.0,0.0,0.0
2022-08-22 00:00:00-04:00,62.66999816894531,62.66999816894531,62.0,62.029998779296875,12400,0.0,0.0,0.0
2022-08-23 00:00:00-04:00,62.029998779296875,62.41999816894531,61.88999938964844,61.9900016784668,16900,0.0,0.0,0.0
2022-08-24 00:00:00-04:00,62.25,62.47999954223633,62.13999938964844,62.36000061035156,9200,0.0,0.0,0.0
2022-08-25 00:00:00-04:00,62.779998779296875,63.27000045776367,62.72999954223633,63.27000045776367,16800,0.0,0.0,0.0
2022-08-26 00:00:00-04:00,63.2599983215332,63.2599983215332,61.36000061035156,61.36000061035156,31200,0.0,0.0,0.0
2022-08-29 00:00:00-04:00,60.93000030517578,61.41999816894531,60.79999923706055,60.959999084472656,16800,0.0,0.0,0.0
2022-08-30 00:00:00-04:00,61.16999816894531,61.16999816894531,59.939998626708984,60.18000030517578,22500,0.0,0.0,0.0
2022-08-31 00:00:00-04:00,60.29999923706055,60.56999969482422,59.77000045776367,59.84000015258789,16900,0.0,0.0,0.0
2022-09-01 00:00:00-04:00,59.380001068115234,59.4900016784668,58.63999938964844,59.4900016784668,11000,0.0,0.0,0.0
2022-09-02 00:00:00-04:00,60.15999984741211,60.45000076293945,58.9900016784668,59.13999938964844,16300,0.0,0.0,0.0
2022-09-06 00:00:00-04:00,59.540000915527344,59.540000915527344,58.720001220703125,58.91999816894531,15700,0.0,0.0,0.0
2022-09-07 00:00:00-04:00,59.279998779296875,60.43000030517578,59.099998474121094,60.349998474121094,12900,0.0,0.0,0.0
2022-09-08 00:00:00-04:00,60.029998779296875,60.900001525878906,60.029998779296875,60.880001068115234,21000,0.0,0.0,0.0
2022-09-09 00:00:00-04:00,61.29999923706055,62.04999923706055,61.29999923706055,61.900001525878906,12900,0.0,0.0,0.0
2022-09-12 00:00:00-04:00,62.15999984741211,62.54999923706055,62.150001525878906,62.439998626708984,17600,0.0,0.0,0.0
2022-09-13 00:00:00-04:00,61.099998474121094,61.2599983215332,60.029998779296875,60.119998931884766,12500,0.0,0.0,0.0
2022-09-14 00:00:00-04:00,59.970001220703125,60.29999923706055,59.70000076293945,60.06999969482422,10600,0.0,0.0,0.0
2022-09-15 00:00:00-04:00,59.790000915527344,60.13999938964844,59.41999816894531,59.58000183105469,9000,0.0,0.0,0.0
2022-09-16 00:00:00-04:00,58.88999938964844,58.88999938964844,58.29999923706055,58.810001373291016,10800,0.0,0.0,0.0
2022-09-19 00:00:00-04:00,58.18000030517578,59.290000915527344,58.18000030517578,59.2599983215332,12500,0.0,0.0,0.0
2022-09-20 00:00:00-04:00,58.939998626708984,58.939998626708984,57.869998931884766,58.279998779296875,15100,0.0,0.0,0.0
2022-09-21 00:00:00-04:00,58.619998931884766,58.77000045776367,57.439998626708984,57.45000076293945,18300,0.0,0.0,0.0
2022-09-22 00:00:00-04:00,57.18000030517578,57.18000030517578,56.220001220703125,56.2599983215332,39500,0.0,0.0,0.0
2022-09-23 00:00:00-04:00,55.619998931884766,55.619998931884766,54.59000015258789,55.150001525878906,17200,0.0,0.0,0.0
2022-09-26 00:00:00-04:00,54.790000915527344,55.18000030517578,54.02000045776367,54.04999923706055,51600,0.0,0.0,0.0
2022-09-27 00:00:00-04:00,54.83000183105469,55.02000045776367,53.65999984741211,54.06999969482422,81200,0.0,0.0,0.0
2022-09-28 00:00:00-04:00,54.52000045776367,55.7400016784668,54.36000061035156,55.439998626708984,30800,0.0,0.0,0.0
2022-09-29 00:00:00-04:00,54.90999984741211,54.90999984741211,53.900001525878906,54.33000183105469,28100,0.0,0.0,0.0
2022-09-30 00:00:00-04:00,54.36000061035156,55.0,53.83000183105469,53.880001068115234,22900,0.0,0.0,0.0
2022-10-03 00:00:00-04:00,54.4900016784668,55.689998626708984,54.4900016784668,55.4900016784668,23300,0.0,0.0,0.0
2022-10-04 00:00:00-04:00,56.349998474121094,57.470001220703125,56.349998474121094,57.45000076293945,39200,0.0,0.0,0.0
2022-10-05 00:00:00-04:00,56.66999816894531,57.529998779296875,56.31999969482422,57.209999084472656,19500,0.0,0.0,0.0
2022-10-06 00:00:00-04:00,57.18000030517578,57.36000061035156,56.54999923706055,56.650001525878906,8600,0.0,0.0,0.0
2022-10-07 00:00:00-04:00,55.959999084472656,55.959999084472656,55.0099983215332,55.13999938964844,13900,0.0,0.0,0.0
2022-10-10 00:00:00-04:00,55.25,55.25,54.5099983215332,54.72999954223633,20900,0.0,0.0,0.0
2022-10-11 00:00:00-04:00,54.15999984741211,55.09000015258789,54.040000915527344,54.4900016784668,15200,0.0,0.0,0.0
2022-10-12 00:00:00-04:00,54.439998626708984,54.439998626708984,54.130001068115234,54.130001068115234,12800,0.0,0.0,0.0
2022-10-13 00:00:00-04:00,53.0099983215332,55.45000076293945,52.68000030517578,55.20000076293945,23700,0.0,0.0,0.0
2022-10-14 00:00:00-04:00,55.560001373291016,55.650001525878906,53.65999984741211,53.65999984741211,28800,0.0,0.0,0.0
2022-10-17 00:00:00-04:00,54.709999084472656,55.22999954223633,54.709999084472656,55.08000183105469,12600,0.0,0.0,0.0
2022-10-18 00:00:00-04:00,56.20000076293945,56.470001220703125,55.58000183105469,55.959999084472656,15400,0.0,0.0,0.0
2022-10-19 00:00:00-04:00,55.439998626708984,55.65999984741211,54.709999084472656,55.029998779296875,25800,0.0,0.0,0.0
2022-10-20 00:00:00-04:00,54.970001220703125,55.5099983215332,54.22999954223633,54.400001525878906,10400,0.0,0.0,0.0
2022-10-21 00:00:00-04:00,54.2400016784668,55.540000915527344,54.18000030517578,55.47999954223633,42200,0.0,0.0,0.0
2022-10-24 00:00:00-04:00,55.68000030517578,56.11000061035156,55.45000076293945,55.91999816894531,56500,0.0,0.0,0.0
2022-10-25 00:00:00-04:00,56.650001525878906,57.29999923706055,56.650001525878906,57.29999923706055,11600,0.0,0.0,0.0
2022-10-26 00:00:00-04:00,57.33000183105469,58.130001068115234,57.25,57.349998474121094,21300,0.0,0.0,0.0
2022-10-27 00:00:00-04:00,57.560001373291016,58.119998931884766,57.4900016784668,57.4900016784668,12300,0.0,0.0,0.0
2022-10-28 00:00:00-04:00,57.439998626708984,58.619998931884766,57.439998626708984,58.619998931884766,11600,0.0,0.0,0.0
2022-10-31 00:00:00-04:00,58.220001220703125,58.720001220703125,58.220001220703125,58.43000030517578,14800,0.0,0.0,0.0
2022-11-01 00:00:00-04:00,59.09000015258789,59.13999938964844,58.45000076293945,58.650001525878906,9600,0.0,0.0,0.0
2022-11-02 00:00:00-04:00,58.11000061035156,58.90999984741211,57.08000183105469,57.08000183105469,10700,0.0,0.0,0.0
2022-11-03 00:00:00-04:00,56.20000076293945,57.279998779296875,56.189998626708984,56.939998626708984,23600,0.0,0.0,0.0
2022-11-04 00:00:00-04:00,57.79999923706055,57.849998474121094,56.84000015258789,57.61000061035156,9200,0.0,0.0,0.0
2022-11-07 00:00:00-05:00,57.939998626708984,58.11000061035156,57.56999969482422,58.02000045776367,10300,0.0,0.0,0.0
2022-11-08 00:00:00-05:00,58.18000030517578,58.91999816894531,58.029998779296875,58.41999816894531,18200,0.0,0.0,0.0
2022-11-09 00:00:00-05:00,58.060001373291016,58.27000045776367,57.13999938964844,57.189998626708984,13800,0.0,0.0,0.0
2022-11-10 00:00:00-05:00,59.220001220703125,60.650001525878906,59.220001220703125,60.650001525878906,9200,0.0,0.0,0.0
2022-11-11 00:00:00-05:00,60.810001373291016,61.540000915527344,60.810001373291016,61.2400016784668,11700,0.0,0.0,0.0
2022-11-14 00:00:00-05:00,60.93000030517578,61.380001068115234,60.47999954223633,60.4900016784668,21900,0.0,0.0,0.0
2022-11-15 00:00:00-05:00,61.2599983215332,61.58000183105469,60.689998626708984,61.20000076293945,11000,0.0,0.0,0.0
2022-11-16 00:00:00-05:00,60.790000915527344,60.84000015258789,60.41999816894531,60.470001220703125,10800,0.0,0.0,0.0
2022-11-17 00:00:00-05:00,59.36000061035156,59.97999954223633,59.31999969482422,59.83000183105469,54300,0.0,0.0,0.0
2022-11-18 00:00:00-05:00,60.4900016784668,60.4900016784668,59.849998474121094,60.41999816894531,22600,0.0,0.0,0.0
2022-11-21 00:00:00-05:00,60.189998626708984,60.29999923706055,59.91999816894531,60.2599983215332,10000,0.0,0.0,0.0
2022-11-22 00:00:00-05:00,60.689998626708984,61.11000061035156,60.45000076293945,61.06999969482422,16100,0.0,0.0,0.0
2022-11-23 00:00:00-05:00,61.2599983215332,61.459999084472656,61.09000015258789,61.380001068115234,13100,0.0,0.0,0.0
2022-11-25 00:00:00-05:00,61.45000076293945,61.56999969482422,61.45000076293945,61.52000045776367,3100,0.0,0.0,0.0
2022-11-28 00:00:00-05:00,60.9900016784668,61.119998931884766,60.33000183105469,60.40999984741211,40900,0.0,0.0,0.0
2022-11-29 00:00:00-05:00,60.459999084472656,60.79999923706055,60.40999984741211,60.59000015258789,9400,0.0,0.0,0.0
2022-11-30 00:00:00-05:00,60.61000061035156,62.16999816894531,60.31999969482422,62.16999816894531,28400,0.0,0.0,0.0
2022-12-01 00:00:00-05:00,62.29999923706055,62.709999084472656,62.130001068115234,62.349998474121094,22300,0.0,0.0,0.0
2022-12-02 00:00:00-05:00,61.56999969482422,62.5099983215332,61.56999969482422,62.27000045776367,15700,0.0,0.0,0.0
2022-12-05 00:00:00-05:00,61.97999954223633,61.97999954223633,60.689998626708984,60.869998931884766,14900,0.0,0.0,0.0
2022-12-06 00:00:00-05:00,60.90999984741211,60.90999984741211,59.7599983215332,60.09000015258789,13400,0.0,0.0,0.0
2022-12-07 00:00:00-05:00,60.29999923706055,60.52000045776367,59.959999084472656,60.08000183105469,18800,0.0,0.0,0.0
2022-12-08 00:00:00-05:00,60.290000915527344,60.7599983215332,60.290000915527344,60.45000076293945,15600,0.0,0.0,0.0
2022-12-09 00:00:00-05:00,60.40999984741211,60.54999923706055,59.97999954223633,59.97999954223633,16300,0.0,0.0,0.0
2022-12-12 00:00:00-05:00,60.0099983215332,60.869998931884766,60.0099983215332,60.869998931884766,27400,0.0,0.0,0.0
2022-12-13 00:00:00-05:00,62.22999954223633,62.2400016784668,60.79999923706055,61.16999816894531,25700,0.0,0.0,0.0
2022-12-14 00:00:00-05:00,61.119998931884766,61.52000045776367,60.540000915527344,60.810001373291016,16700,0.0,0.0,0.0
2022-12-15 00:00:00-05:00,59.970001220703125,60.0099983215332,59.279998779296875,59.400001525878906,51000,0.0,0.0,0.0
2022-12-16 00:00:00-05:00,58.84000015258789,58.97999954223633,58.27000045776367,58.7400016784668,24400,0.0,0.0,0.0
2022-12-19 00:00:00-05:00,58.86000061035156,58.86000061035156,57.86000061035156,58.099998474121094,20400,0.0,0.0,0.0
2022-12-20 00:00:00-05:00,57.86000061035156,58.41999816894531,57.86000061035156,58.25,43100,0.0,0.0,0.0
2022-12-21 00:00:00-05:00,58.79999923706055,59.279998779296875,58.619998931884766,59.09000015258789,26300,0.0,0.0,0.0
2022-12-22 00:00:00-05:00,58.560001373291016,58.560001373291016,57.5,58.400001525878906,21500,0.0,0.0,0.0
2022-12-23 00:00:00-05:00,58.290000915527344,58.72999954223633,58.119998931884766,58.720001220703125,244300,0.0,0.0,0.0
2022-12-27 00:00:00-05:00,58.84000015258789,58.880001068115234,58.34000015258789,58.65999984741211,28200,0.0,0.0,0.0
2022-12-28 00:00:00-05:00,58.619998931884766,58.619998931884766,57.83000183105469,57.869998931884766,30800,0.0,0.0,0.0
2022-12-29 00:00:00-05:00,58.189998626708984,59.11000061035156,58.189998626708984,58.97999954223633,107000,0.0,0.0,0.0
2022-12-30 00:00:00-05:00,58.56999969482422,58.7400016784668,58.130001068115234,58.66999816894531,51100,0.0,0.0,0.0
2023-01-03 00:00:00-05:00,59.27000045776367,59.27000045776367,58.08000183105469,58.540000915527344,139700,0.0,0.0,0.0
2023-01-04 00:00:00-05:00,58.91999816894531,59.66999816894531,58.91999816894531,59.470001220703125,13000,0.0,0.0,0.0
2023-01-05 00:00:00-05:00,58.619998931884766,58.939998626708984,58.560001373291016,58.650001525878906,10300,0.0,0.0,0.0
2023-01-06 00:00:00-05:00,59.11000061035156,60.20000076293945,59.0,60.0099983215332,10900,0.0,0.0,0.0
2023-01-09 00:00:00-05:00,60.27000045776367,60.88999938964844,60.220001220703125,60.27000045776367,24300,0.0,0.0,0.0
2023-01-10 00:00:00-05:00,60.02000045776367,60.72999954223633,59.939998626708984,60.72999954223633,61900,0.0,0.0,0.0
2023-01-11 00:00:00-05:00,60.959999084472656,61.58000183105469,60.959999084472656,61.58000183105469,35800,0.0,0.0,0.0
2023-01-12 00:00:00-05:00,61.75,62.02000045776367,61.2599983215332,61.849998474121094,48000,0.0,0.0,0.0
2023-01-13 00:00:00-05:00,61.43000030517578,62.15999984741211,61.43000030517578,62.029998779296875,16200,0.0,0.0,0.0
2023-01-17 00:00:00-05:00,62.0099983215332,62.31999969482422,61.959999084472656,62.04999923706055,16100,0.0,0.0,0.0
2023-01-18 00:00:00-05:00,62.439998626708984,62.529998779296875,61.119998931884766,61.119998931884766,34500,0.0,0.0,0.0
2023-01-19 00:00:00-05:00,60.56999969482422,60.709999084472656,60.150001525878906,60.310001373291016,15900,0.0,0.0,0.0
2023-01-20 00:00:00-05:00,60.63999938964844,61.54999923706055,60.63999938964844,61.5099983215332,12400,0.0,0.0,0.0
2023-01-23 00:00:00-05:00,61.72999954223633,62.470001220703125,61.54999923706055,62.400001525878906,27100,0.0,0.0,0.0
2023-01-24 00:00:00-05:00,62.08000183105469,62.40999984741211,61.83000183105469,62.2599983215332,11800,0.0,0.0,0.0
2023-01-25 00:00:00-05:00,61.630001068115234,62.29999923706055,61.25,62.29999923706055,21000,0.0,0.0,0.0
2023-01-26 00:00:00-05:00,62.75,62.959999084472656,62.349998474121094,62.939998626708984,16800,0.0,0.0,0.0
2023-01-27 00:00:00-05:00,62.689998626708984,63.40999984741211,62.689998626708984,63.22999954223633,18800,0.0,0.0,0.0
2023-01-30 00:00:00-05:00,62.84000015258789,63.13999938964844,62.459999084472656,62.459999084472656,15100,0.0,0.0,0.0
2023-01-31 00:00:00-05:00,62.56999969482422,63.630001068115234,62.56999969482422,63.61000061035156,13900,0.0,0.0,0.0
2023-02-01 00:00:00-05:00,63.290000915527344,64.77999877929688,63.2400016784668,64.37000274658203,110600,0.0,0.0,0.0
2023-02-02 00:00:00-05:00,65.05000305175781,65.75,64.98999786376953,65.41999816894531,34500,0.0,0.0,0.0
2023-02-03 00:00:00-05:00,64.62999725341797,65.08000183105469,64.3499984741211,64.51000213623047,65700,0.0,0.0,0.0
2023-02-06 00:00:00-05:00,64.06999969482422,64.2300033569336,63.88999938964844,63.97999954223633,7900,0.0,0.0,0.0
2023-02-07 00:00:00-05:00,63.689998626708984,64.68000030517578,63.52000045776367,64.62000274658203,17800,0.0,0.0,0.0
2023-02-08 00:00:00-05:00,64.20999908447266,64.5,63.88999938964844,63.970001220703125,48200,0.0,0.0,0.0
2023-02-09 00:00:00-05:00,64.33000183105469,64.54000091552734,63.27000045776367,63.310001373291016,11400,0.0,0.0,0.0
2023-02-10 00:00:00-05:00,63.130001068115234,63.38999938964844,62.91999816894531,63.380001068115234,93800,0.0,0.0,0.0
2023-02-13 00:00:00-05:00,63.36000061035156,64.08000183105469,63.31999969482422,64.08000183105469,28000,0.0,0.0,0.0
2023-02-14 00:00:00-05:00,63.709999084472656,64.22000122070312,63.52000045776367,64.11000061035156,18400,0.0,0.0,0.0
2023-02-15 00:00:00-05:00,63.84000015258789,64.72000122070312,63.790000915527344,64.72000122070312,21700,0.0,0.0,0.0
2023-02-16 00:00:00-05:00,63.869998931884766,64.5999984741211,63.79999923706055,64.0199966430664,18000,0.0,0.0,0.0
2023-02-17 00:00:00-05:00,63.7599983215332,63.7599983215332,63.34000015258789,63.709999084472656,7200,0.0,0.0,0.0
2023-02-21 00:00:00-05:00,62.970001220703125,63.150001525878906,62.16999816894531,62.22999954223633,16500,0.0,0.0,0.0
2023-02-22 00:00:00-05:00,62.209999084472656,62.47999954223633,62.029998779296875,62.130001068115234,16200,0.0,0.0,0.0
2023-02-23 00:00:00-05:00,62.52000045776367,62.70000076293945,61.72999954223633,62.38999938964844,22900,0.0,0.0,0.0
2023-02-24 00:00:00-05:00,61.56999969482422,62.02000045776367,61.439998626708984,61.849998474121094,14700,0.0,0.0,0.0
2023-02-27 00:00:00-05:00,62.40999984741211,62.66999816894531,61.88999938964844,61.970001220703125,9500,0.0,0.0,0.0
2023-02-28 00:00:00-05:00,61.9900016784668,62.36000061035156,61.90999984741211,61.90999984741211,11900,0.0,0.0,0.0
2023-03-01 00:00:00-05:00,61.83000183105469,61.970001220703125,61.540000915527344,61.779998779296875,13500,0.0,0.0,0.0
2023-03-02 00:00:00-05:00,61.349998474121094,62.33000183105469,61.349998474121094,62.2599983215332,7000,0.0,0.0,0.0
2023-03-03 00:00:00-05:00,62.349998474121094,63.22999954223633,62.349998474121094,63.189998626708984,24100,0.0,0.0,0.0
2023-03-06 00:00:00-05:00,63.18000030517578,63.45000076293945,62.709999084472656,62.849998474121094,10900,0.0,0.0,0.0
2023-03-07 00:00:00-05:00,62.869998931884766,62.869998931884766,61.790000915527344,61.84000015258789,10900,0.0,0.0,0.0
2023-03-08 00:00:00-05:00,61.939998626708984,62.13999938964844,61.66999816894531,61.959999084472656,12600,0.0,0.0,0.0
2023-03-09 00:00:00-05:00,61.880001068115234,62.04999923706055,60.47999954223633,60.47999954223633,8900,0.0,0.0,0.0
2023-03-10 00:00:00-05:00,60.209999084472656,60.209999084472656,58.5099983215332,58.7400016784668,25700,0.0,0.0,0.0
2023-03-13 00:00:00-04:00,57.970001220703125,58.97999954223633,57.400001525878906,58.13999938964844,11500,0.0,0.0,0.0
2023-03-14 00:00:00-04:00,59.2400016784668,59.56999969482422,58.65999984741211,58.970001220703125,14300,0.0,0.0,0.0
2023-03-15 00:00:00-04:00,57.849998474121094,58.02000045776367,57.290000915527344,57.939998626708984,16100,0.0,0.0,0.0
2023-03-16 00:00:00-04:00,57.65999984741211,58.81999969482422,57.65999984741211,58.75,28700,0.0,0.0,0.0
2023-03-17 00:00:00-04:00,58.099998474121094,58.279998779296875,57.54999923706055,57.70000076293945,4900,0.0,0.0,0.0
2023-03-20 00:00:00-04:00,57.869998931884766,58.63999938964844,57.869998931884766,58.380001068115234,32400,0.0,0.0,0.0
2023-03-21 00:00:00-04:00,59.18000030517578,59.40999984741211,59.060001373291016,59.33000183105469,15300,0.0,0.0,0.0
2023-03-22 00:00:00-04:00,59.18000030517578,59.41999816894531,57.9900016784668,57.9900016784668,17800,0.0,0.0,0.0
2023-03-23 00:00:00-04:00,58.11000061035156,58.5099983215332,57.09000015258789,57.52000045776367,26300,0.0,0.0,0.0
2023-03-24 00:00:00-04:00,57.150001525878906,57.86000061035156,56.790000915527344,57.84000015258789,12100,0.0,0.0,0.0
2023-03-27 00:00:00-04:00,58.369998931884766,58.599998474121094,58.099998474121094,58.29999923706055,32500,0.0,0.0,0.0
2023-03-28 00:00:00-04:00,58.08000183105469,58.529998779296875,58.08000183105469,58.38999938964844,14700,0.0,0.0,0.0
2023-03-29 00:00:00-04:00,59.0099983215332,59.33000183105469,58.83000183105469,59.279998779296875,35800,0.0,0.0,0.0
2023-03-30 00:00:00-04:00,59.7400016784668,59.959999084472656,59.41999816894531,59.61000061035156,15100,0.0,0.0,0.0
2023-03-31 00:00:00-04:00,59.72999954223633,60.63999938964844,59.72999954223633,60.63999938964844,15800,0.0,0.0,0.0
2023-04-03 00:00:00-04:00,60.5099983215332,60.7400016784668,60.22999954223633,60.540000915527344,12600,0.0,0.0,0.0
2023-04-04 00:00:00-04:00,60.58000183105469,60.58000183105469,59.630001068115234,59.779998779296875,12000,0.0,0.0,0.0
2023-04-05 00:00:00-04:00,59.470001220703125,59.65999984741211,59.209999084472656,59.41999816894531,21800,0.0,0.0,0.0
2023-04-06 00:00:00-04:00,59.40999984741211,59.5099983215332,59.189998626708984,59.439998626708984,15700,0.0,0.0,0.0
2023-04-10 00:00:00-04:00,59.2599983215332,59.880001068115234,59.150001525878906,59.880001068115234,7900,0.0,0.0,0.0
2023-04-11 00:00:00-04:00,59.939998626708984,60.59000015258789,59.939998626708984,60.31999969482422,16300,0.0,0.0,0.0
2023-04-12 00:00:00-04:00,60.72999954223633,60.810001373291016,60.02000045776367,60.02000045776367,13100,0.0,0.0,0.0
2023-04-13 00:00:00-04:00,60.279998779296875,60.56999969482422,59.939998626708984,60.47999954223633,16400,0.0,0.0,0.0
2023-04-14 00:00:00-04:00,60.34000015258789,60.779998779296875,60.0099983215332,60.16999816894531,11600,0.0,0.0,0.0
2023-04-17 00:00:00-04:00,60.029998779296875,60.58000183105469,60.029998779296875,60.58000183105469,14000,0.0,0.0,0.0
2023-04-18 00:00:00-04:00,60.779998779296875,60.900001525878906,60.439998626708984,60.66999816894531,19600,0.0,0.0,0.0
2023-04-19 00:00:00-04:00,60.22999954223633,60.689998626708984,60.22999954223633,60.560001373291016,11600,0.0,0.0,0.0
2023-04-20 00:00:00-04:00,60.220001220703125,60.5,60.130001068115234,60.27000045776367,8000,0.0,0.0,0.0
2023-04-21 00:00:00-04:00,60.47999954223633,60.47999954223633,59.939998626708984,60.279998779296875,9300,0.0,0.0,0.0
2023-04-24 00:00:00-04:00,60.38999938964844,60.41999816894531,60.06999969482422,60.369998931884766,7500,0.0,0.0,0.0
2023-04-25 00:00:00-04:00,60.08000183105469,60.08000183105469,59.16999816894531,59.18000030517578,48900,0.0,0.0,0.0
2023-04-26 00:00:00-04:00,59.0099983215332,59.189998626708984,58.59000015258789,58.689998626708984,11000,0.0,0.0,0.0
2023-04-27 00:00:00-04:00,58.790000915527344,59.61000061035156,58.689998626708984,59.58000183105469,14200,0.0,0.0,0.0
2023-04-28 00:00:00-04:00,59.38999938964844,60.13999938964844,59.38999938964844,60.130001068115234,15400,0.0,0.0,0.0
2023-05-01 00:00:00-04:00,59.95000076293945,60.43000030517578,59.95000076293945,60.150001525878906,24000,0.0,0.0,0.0
2023-05-02 00:00:00-04:00,59.790000915527344,59.790000915527344,58.65999984741211,59.099998474121094,25400,0.0,0.0,0.0
2023-05-03 00:00:00-04:00,59.189998626708984,59.59000015258789,58.869998931884766,58.869998931884766,14500,0.0,0.0,0.0
2023-05-04 00:00:00-04:00,58.70000076293945,58.7599983215332,58.279998779296875,58.45000076293945,18300,0.0,0.0,0.0
2023-05-05 00:00:00-04:00,59.029998779296875,59.52000045776367,59.029998779296875,59.439998626708984,86500,0.0,0.0,0.0
2023-05-08 00:00:00-04:00,59.5,59.5,59.2400016784668,59.349998474121094,20000,0.0,0.0,0.0
2023-05-09 00:00:00-04:00,58.95000076293945,59.380001068115234,58.849998474121094,59.220001220703125,15700,0.0,0.0,0.0
2023-05-10 00:00:00-04:00,59.54999923706055,59.54999923706055,58.720001220703125,59.279998779296875,21400,0.0,0.0,0.0
2023-05-11 00:00:00-04:00,59.119998931884766,59.119998931884766,58.75,58.970001220703125,18600,0.0,0.0,0.0
2023-05-12 00:00:00-04:00,59.09000015258789,59.09000015258789,58.61000061035156,59.0099983215332,10000,0.0,0.0,0.0
2023-05-15 00:00:00-04:00,59.06999969482422,59.470001220703125,58.97999954223633,59.470001220703125,39000,0.0,0.0,0.0
2023-05-16 00:00:00-04:00,59.040000915527344,59.040000915527344,58.459999084472656,58.459999084472656,22100,0.0,0.0,0.0
2023-05-17 00:00:00-04:00,58.75,59.400001525878906,58.540000915527344,59.27000045776367,21900,0.0,0.0,0.0
2023-05-18 00:00:00-04:00,59.29999923706055,59.84000015258789,59.119998931884766,59.84000015258789,20800,0.0,0.0,0.0
2023-05-19 00:00:00-04:00,60.060001373291016,60.060001373291016,59.439998626708984,59.58000183105469,10500,0.0,0.0,0.0
2023-05-22 00:00:00-04:00,59.599998474121094,60.02000045776367,59.599998474121094,59.86000061035156,33900,0.0,0.0,0.0
2023-05-23 00:00:00-04:00,59.54999923706055,59.86000061035156,59.099998474121094,59.18000030517578,13900,0.0,0.0,0.0
2023-05-24 00:00:00-04:00,58.939998626708984,58.939998626708984,58.43000030517578,58.529998779296875,11500,0.0,0.0,0.0
2023-05-25 00:00:00-04:00,58.529998779296875,58.689998626708984,58.16999816894531,58.52000045776367,51400,0.0,0.0,0.0
2023-05-26 00:00:00-04:00,58.65999984741211,59.22999954223633,58.65999984741211,59.18000030517578,12800,0.0,0.0,0.0
2023-05-30 00:00:00-04:00,59.369998931884766,59.5,59.029998779296875,59.08000183105469,21300,0.0,0.0,0.0
2023-05-31 00:00:00-04:00,58.709999084472656,58.93000030517578,58.2400016784668,58.61000061035156,13900,0.0,0.0,0.0
2023-06-01 00:00:00-04:00,58.560001373291016,59.25,58.31999969482422,59.02000045776367,9200,0.0,0.0,0.0
2023-06-02 00:00:00-04:00,59.650001525878906,60.540000915527344,59.650001525878906,60.4900016784668,11900,0.0,0.0,0.0
2023-06-05 00:00:00-04:00,60.33000183105469,60.470001220703125,60.08000183105469,60.25,13600,0.0,0.0,0.0
2023-06-06 00:00:00-04:00,60.029998779296875,60.83000183105469,60.029998779296875,60.810001373291016,17000,0.0,0.0,0.0
2023-06-07 00:00:00-04:00,60.88999938964844,61.06999969482422,60.790000915527344,61.02000045776367,17400,0.0,0.0,0.0
2023-06-08 00:00:00-04:00,60.880001068115234,61.02000045776367,60.58000183105469,60.959999084472656,14600,0.0,0.0,0.0
2023-06-09 00:00:00-04:00,61.130001068115234,61.130001068115234,60.70000076293945,60.86000061035156,63700,0.0,0.0,0.0
2023-06-12 00:00:00-04:00,60.849998474121094,61.290000915527344,60.849998474121094,61.27000045776367,10500,0.0,0.0,0.0
2023-06-13 00:00:00-04:00,61.68000030517578,62.060001373291016,61.65999984741211,62.02000045776367,16100,0.0,0.0,0.0
2023-06-14 00:00:00-04:00,62.2599983215332,62.31999969482422,61.709999084472656,61.880001068115234,22900,0.0,0.0,0.0
2023-06-15 00:00:00-04:00,62.04999923706055,62.650001525878906,61.93000030517578,62.560001373291016,12300,0.0,0.0,0.0
2023-06-16 00:00:00-04:00,62.650001525878906,62.72999954223633,62.38999938964844,62.400001525878906,19100,0.0,0.0,0.0
2023-06-20 00:00:00-04:00,62.16999816894531,62.16999816894531,61.619998931884766,61.93000030517578,8900,0.0,0.0,0.0
2023-06-21 00:00:00-04:00,61.66999816894531,61.9900016784668,61.560001373291016,61.790000915527344,16800,0.0,0.0,0.0
2023-06-22 00:00:00-04:00,61.54999923706055,61.59000015258789,61.33000183105469,61.5,12500,0.0,0.0,0.0
2023-06-23 00:00:00-04:00,61.0,61.220001220703125,60.95000076293945,60.9900016784668,9100,0.0,0.0,0.0
2023-06-26 00:00:00-04:00,61.060001373291016,61.529998779296875,61.060001373291016,61.36000061035156,14800,0.0,0.0,0.0
2023-06-27 00:00:00-04:00,61.369998931884766,62.29999923706055,61.369998931884766,62.2400016784668,18000,0.0,0.0,0.0
2023-06-28 00:00:00-04:00,62.06999969482422,62.22999954223633,62.02000045776367,62.16999816894531,16000,0.0,0.0,0.0
2023-06-29 00:00:00-04:00,62.27000045776367,62.619998931884766,62.060001373291016,62.619998931884766,19900,0.0,0.0,0.0
2023-06-30 00:00:00-04:00,63.15999984741211,63.380001068115234,63.099998474121094,63.290000915527344,23300,0.0,0.0,0.0
2023-07-03 00:00:00-04:00,63.13999938964844,63.470001220703125,63.13999938964844,63.459999084472656,5100,0.0,0.0,0.0
2023-07-05 00:00:00-04:00,63.02000045776367,63.2599983215332,63.02000045776367,63.15999984741211,9600,0.0,0.0,0.0
2023-07-06 00:00:00-04:00,62.630001068115234,62.630001068115234,62.04999923706055,62.540000915527344,11600,0.0,0.0,0.0
2023-07-07 00:00:00-04:00,62.560001373291016,63.31999969482422,62.560001373291016,62.79999923706055,12100,0.0,0.0,0.0
2023-07-10 00:00:00-04:00,62.84000015258789,63.459999084472656,62.84000015258789,63.459999084472656,42200,0.0,0.0,0.0
2023-07-11 00:00:00-04:00,63.63999938964844,64.3499984741211,63.63999938964844,64.30000305175781,42600,0.0,0.0,0.0
2023-07-12 00:00:00-04:00,65.0,65.0,64.56999969482422,64.58999633789062,7900,0.0,0.0,0.0
2023-07-13 00:00:00-04:00,64.91999816894531,65.08000183105469,64.75,65.05999755859375,16300,0.0,0.0,0.0
2023-07-14 00:00:00-04:00,65.0999984741211,65.0999984741211,64.48999786376953,64.52999877929688,35100,0.0,0.0,0.0
2023-07-17 00:00:00-04:00,64.58999633789062,65.04000091552734,64.58999633789062,64.91999816894531,13000,0.0,0.0,0.0
2023-07-18 00:00:00-04:00,64.87000274658203,65.3499984741211,64.87000274658203,65.31999969482422,14400,0.0,0.0,0.0
2023-07-19 00:00:00-04:00,65.4800033569336,65.61000061035156,65.31999969482422,65.51000213623047,46300,0.0,0.0,0.0
2023-07-20 00:00:00-04:00,65.26000213623047,65.26000213623047,65.0,65.11000061035156,8800,0.0,0.0,0.0
2023-07-21 00:00:00-04:00,65.20999908447266,65.41999816894531,65.08999633789062,65.19999694824219,29200,0.0,0.0,0.0
2023-07-24 00:00:00-04:00,65.13999938964844,65.30000305175781,65.12000274658203,65.20999908447266,14400,0.0,0.0,0.0
2023-07-25 00:00:00-04:00,65.06999969482422,65.5999984741211,65.06999969482422,65.43000030517578,13000,0.0,0.0,0.0
2023-07-26 00:00:00-04:00,65.06999969482422,65.55000305175781,65.06999969482422,65.43000030517578,26100,0.0,0.0,0.0
2023-07-27 00:00:00-04:00,65.55999755859375,65.68000030517578,64.72000122070312,64.80000305175781,18300,0.0,0.0,0.0
2023-07-28 00:00:00-04:00,65.37999725341797,65.44000244140625,65.0,65.19999694824219,10000,0.0,0.0,0.0
2023-07-31 00:00:00-04:00,65.4800033569336,65.61000061035156,65.36000061035156,65.55000305175781,12200,0.0,0.0,0.0
2023-08-01 00:00:00-04:00,65.27999877929688,65.3499984741211,65.06999969482422,65.30999755859375,9000,0.0,0.0,0.0
2023-08-02 00:00:00-04:00,64.62000274658203,64.86000061035156,64.3499984741211,64.51000213623047,33000,0.0,0.0,0.0
2023-08-03 00:00:00-04:00,64.30999755859375,64.37999725341797,63.97999954223633,64.29000091552734,11200,0.0,0.0,0.0
2023-08-04 00:00:00-04:00,64.22000122070312,64.63999938964844,63.84000015258789,63.880001068115234,12400,0.0,0.0,0.0
2023-08-07 00:00:00-04:00,64.0199966430664,64.41000366210938,64.0199966430664,64.37999725341797,9300,0.0,0.0,0.0
2023-08-08 00:00:00-04:00,63.65999984741211,63.93000030517578,63.41999816894531,63.93000030517578,7200,0.0,0.0,0.0
2023-08-09 00:00:00-04:00,64.0,64.0999984741211,63.66999816894531,63.689998626708984,8800,0.0,0.0,0.0
2023-08-10 00:00:00-04:00,64.08000183105469,64.36000061035156,63.5,63.56999969482422,7800,0.0,0.0,0.0
2023-08-11 00:00:00-04:00,63.20000076293945,63.54999923706055,63.20000076293945,63.439998626708984,4800,0.0,0.0,0.0
2023-08-14 00:00:00-04:00,63.33000183105469,63.529998779296875,63.189998626708984,63.5099983215332,11200,0.0,0.0,0.0
2023-08-15 00:00:00-04:00,63.27000045776367,63.27000045776367,62.68000030517578,62.709999084472656,12900,0.0,0.0,0.0
2023-08-16 00:00:00-04:00,62.720001220703125,62.75,62.189998626708984,62.189998626708984,6400,0.0,0.0,0.0
2023-08-17 00:00:00-04:00,62.47999954223633,62.47999954223633,61.59000015258789,61.61000061035156,9400,0.0,0.0,0.0
2023-08-18 00:00:00-04:00,61.04999923706055,61.779998779296875,61.04999923706055,61.689998626708984,6400,0.0,0.0,0.0
2023-08-21 00:00:00-04:00,61.86000061035156,61.86000061035156,61.36000061035156,61.75,10300,0.0,0.0,0.0
2023-08-22 00:00:00-04:00,61.849998474121094,61.849998474121094,61.52000045776367,61.560001373291016,34600,0.0,0.0,0.0
2023-08-23 00:00:00-04:00,61.66999816894531,62.220001220703125,61.63999938964844,62.130001068115234,98200,0.0,0.0,0.0
2023-08-24 00:00:00-04:00,62.09000015258789,62.20000076293945,61.4900016784668,61.52000045776367,12600,0.0,0.0,0.0
2023-08-25 00:00:00-04:00,61.58000183105469,61.959999084472656,61.45000076293945,61.810001373291016,8000,0.0,0.0,0.0
2023-08-28 00:00:00-04:00,62.13999938964844,62.45000076293945,62.099998474121094,62.25,6800,0.0,0.0,0.0
2023-08-29 00:00:00-04:00,62.27000045776367,63.04999923706055,62.27000045776367,63.04999923706055,40900,0.0,0.0,0.0
2023-08-30 00:00:00-04:00,62.95000076293945,63.38999938964844,62.95000076293945,63.290000915527344,13700,0.0,0.0,0.0
2023-08-31 00:00:00-04:00,63.279998779296875,63.5,63.189998626708984,63.189998626708984,7500,0.0,0.0,0.0
2023-09-01 00:00:00-04:00,63.47999954223633,63.630001068115234,63.400001525878906,63.529998779296875,12700,0.0,0.0,0.0
2023-09-05 00:00:00-04:00,63.36000061035156,63.36000061035156,62.650001525878906,62.650001525878906,10300,0.0,0.0,0.0
2023-09-06 00:00:00-04:00,62.630001068115234,62.72999954223633,62.279998779296875,62.54999923706055,11100,0.0,0.0,0.0
2023-09-07 00:00:00-04:00,62.290000915527344,62.40999984741211,62.060001373291016,62.33000183105469,5500,0.0,0.0,0.0
2023-09-08 00:00:00-04:00,62.290000915527344,62.439998626708984,62.16999816894531,62.20000076293945,6700,0.0,0.0,0.0
2023-09-11 00:00:00-04:00,62.58000183105469,62.58000183105469,62.2599983215332,62.33000183105469,80600,0.0,0.0,0.0
2023-09-12 00:00:00-04:00,62.279998779296875,62.529998779296875,62.150001525878906,62.22999954223633,9600,0.0,0.0,0.0
2023-09-13 00:00:00-04:00,62.290000915527344,62.290000915527344,61.77000045776367,61.880001068115234,10200,0.0,0.0,0.0
2023-09-14 00:00:00-04:00,62.220001220703125,62.54999923706055,62.189998626708984,62.4900016784668,20300,0.0,0.0,0.0
2023-09-15 00:00:00-04:00,62.400001525878906,62.400001525878906,61.91999816894531,61.959999084472656,8900,0.0,0.0,0.0
2023-09-18 00:00:00-04:00,61.79999923706055,62.04999923706055,61.7599983215332,61.849998474121094,7700,0.0,0.0,0.0
2023-09-19 00:00:00-04:00,61.810001373291016,61.810001373291016,61.5,61.68000030517578,6400,0.0,0.0,0.0
2023-09-20 00:00:00-04:00,61.90999984741211,62.18000030517578,61.45000076293945,61.45000076293945,8000,0.0,0.0,0.0
2023-09-21 00:00:00-04:00,61.15999984741211,61.15999984741211,60.310001373291016,60.310001373291016,73200,0.0,0.0,0.0
2023-09-22 00:00:00-04:00,60.5099983215332,60.52000045776367,60.16999816894531,60.20000076293945,108400,0.0,0.0,0.0
2023-09-25 00:00:00-04:00,59.939998626708984,60.41999816894531,59.939998626708984,60.40999984741211,17300,0.0,0.0,0.0
2023-09-26 00:00:00-04:00,59.7400016784668,59.90999984741211,59.16999816894531,59.2400016784668,11600,0.0,0.0,0.0
2023-09-27 00:00:00-04:00,59.56999969482422,59.59000015258789,59.08000183105469,59.38999938964844,9900,0.0,0.0,0.0
2023-09-28 00:00:00-04:00,59.36000061035156,60.16999816894531,59.36000061035156,59.900001525878906,14700,0.0,0.0,0.0
2023-09-29 00:00:00-04:00,60.22999954223633,60.380001068115234,59.63999938964844,59.72999954223633,11700,0.0,0.0,0.0
2023-10-02 00:00:00-04:00,59.77000045776367,59.77000045776367,58.779998779296875,59.0,16300,0.0,0.0,0.0
2023-10-03 00:00:00-04:00,58.70000076293945,58.790000915527344,57.970001220703125,58.22999954223633,18200,0.0,0.0,0.0
2023-10-04 00:00:00-04:00,58.290000915527344,58.689998626708984,57.88999938964844,58.68000030517578,22700,0.0,0.0,0.0
2023-10-05 00:00:00-04:00,58.5,58.689998626708984,58.15999984741211,58.54999923706055,25600,0.0,0.0,0.0
2023-10-06 00:00:00-04:00,58.16999816894531,59.5099983215332,58.08000183105469,59.22999954223633,28100,0.0,0.0,0.0
2023-10-09 00:00:00-04:00,58.9900016784668,59.810001373291016,58.9900016784668,59.68000030517578,25200,0.0,0.0,0.0
2023-10-10 00:00:00-04:00,59.81999969482422,60.58000183105469,59.81999969482422,60.209999084472656,18100,0.0,0.0,0.0
2023-10-11 00:00:00-04:00,60.380001068115234,60.4900016784668,60.029998779296875,60.4900016784668,9100,0.0,0.0,0.0
2023-10-12 00:00:00-04:00,60.02000045776367,60.16999816894531,59.25,59.599998474121094,9200,0.0,0.0,0.0
2023-10-13 00:00:00-04:00,59.689998626708984,59.689998626708984,59.060001373291016,59.2599983215332,17600,0.0,0.0,0.0
2023-10-16 00:00:00-04:00,59.529998779296875,60.13999938964844,59.529998779296875,60.06999969482422,16300,0.0,0.0,0.0
2023-10-17 00:00:00-04:00,59.66999816894531,60.720001220703125,59.66999816894531,60.400001525878906,14600,0.0,0.0,0.0
2023-10-18 00:00:00-04:00,59.970001220703125,59.970001220703125,59.22999954223633,59.22999954223633,9900,0.0,0.0,0.0
2023-10-19 00:00:00-04:00,59.150001525878906,59.38999938964844,58.43000030517578,58.459999084472656,7800,0.0,0.0,0.0
2023-10-20 00:00:00-04:00,58.40999984741211,58.439998626708984,57.66999816894531,57.66999816894531,17400,0.0,0.0,0.0
2023-10-23 00:00:00-04:00,57.31999969482422,57.93000030517578,57.20000076293945,57.310001373291016,21100,0.0,0.0,0.0
2023-10-24 00:00:00-04:00,57.52000045776367,57.91999816894531,57.40999984741211,57.70000076293945,17300,0.0,0.0,0.0
2023-10-25 00:00:00-04:00,57.380001068115234,57.380001068115234,56.7400016784668,56.7599983215332,16600,0.0,0.0,0.0
2023-10-26 00:00:00-04:00,56.7599983215332,57.15999984741211,56.66999816894531,56.75,27400,0.0,0.0,0.0
2023-10-27 00:00:00-04:00,56.869998931884766,56.869998931884766,56.099998474121094,56.22999954223633,15500,0.0,0.0,0.0
2023-10-30 00:00:00-04:00,56.459999084472656,56.63999938964844,55.97999954223633,56.41999816894531,69700,0.0,0.0,0.0
2023-10-31 00:00:00-04:00,56.439998626708984,56.959999084472656,56.41999816894531,56.88999938964844,23600,0.0,0.0,0.0
2023-11-01 00:00:00-04:00,56.849998474121094,57.18000030517578,56.56999969482422,57.150001525878906,12100,0.0,0.0,0.0
2023-11-02 00:00:00-04:00,57.709999084472656,58.459999084472656,57.709999084472656,58.43000030517578,24800,0.0,0.0,0.0
2023-11-03 00:00:00-04:00,58.97999954223633,59.81999969482422,58.97999954223633,59.560001373291016,13000,0.0,0.0,0.0
2023-11-06 00:00:00-05:00,59.52000045776367,59.52000045776367,58.900001525878906,59.130001068115234,20200,0.0,0.0,0.0
2023-11-07 00:00:00-05:00,59.029998779296875,59.36000061035156,58.970001220703125,59.150001525878906,18200,0.0,0.0,0.0
2023-11-08 00:00:00-05:00,59.150001525878906,59.34000015258789,58.79999923706055,59.04999923706055,65800,0.0,0.0,0.0
2023-11-09 00:00:00-05:00,59.31999969482422,59.31999969482422,58.56999969482422,58.599998474121094,11700,0.0,0.0,0.0
2023-11-10 00:00:00-05:00,58.810001373291016,59.36000061035156,58.61000061035156,59.34000015258789,24100,0.0,0.0,0.0
2023-11-13 00:00:00-05:00,59.040000915527344,59.349998474121094,59.0,59.20000076293945,22300,0.0,0.0,0.0
2023-11-14 00:00:00-05:00,60.279998779296875,61.29999923706055,60.279998779296875,61.150001525878906,25500,0.0,0.0,0.0
2023-11-15 00:00:00-05:00,61.47999954223633,61.84000015258789,61.349998474121094,61.349998474121094,14300,0.0,0.0,0.0
2023-11-16 00:00:00-05:00,61.220001220703125,61.5099983215332,60.970001220703125,61.040000915527344,12700,0.0,0.0,0.0
2023-11-17 00:00:00-05:00,61.45000076293945,61.4900016784668,61.2599983215332,61.45000076293945,14600,0.0,0.0,0.0
2023-11-20 00:00:00-05:00,61.22999954223633,61.849998474121094,61.22999954223633,61.720001220703125,17300,0.0,0.0,0.0
2023-11-21 00:00:00-05:00,61.68000030517578,61.709999084472656,61.540000915527344,61.599998474121094,14500,0.0,0.0,0.0
2023-11-22 00:00:00-05:00,61.75,62.08000183105469,61.75,61.880001068115234,19700,0.0,0.0,0.0
2023-11-24 00:00:00-05:00,61.88999938964844,62.13999938964844,61.88999938964844,62.13999938964844,5400,0.0,0.0,0.0
2023-11-27 00:00:00-05:00,61.970001220703125,62.11000061035156,61.970001220703125,62.040000915527344,10800,0.0,0.0,0.0
2023-11-28 00:00:00-05:00,61.849998474121094,62.2599983215332,61.849998474121094,61.939998626708984,14100,0.0,0.0,0.0
2023-11-29 00:00:00-05:00,62.2400016784668,62.70000076293945,62.209999084472656,62.25,9700,0.0,0.0,0.0
2023-11-30 00:00:00-05:00,62.400001525878906,62.7599983215332,62.310001373291016,62.7599983215332,9200,0.0,0.0,0.0
2023-12-01 00:00:00-05:00,62.61000061035156,63.83000183105469,62.61000061035156,63.83000183105469,8500,0.0,0.0,0.0
2023-12-04 00:00:00-05:00,63.529998779296875,63.86000061035156,63.529998779296875,63.849998474121094,14600,0.0,0.0,0.0
2023-12-05 00:00:00-05:00,63.59000015258789,63.59000015258789,63.119998931884766,63.2400016784668,91900,0.0,0.0,0.0
2023-12-06 00:00:00-05:00,63.61000061035156,63.90999984741211,63.18000030517578,63.2400016784668,12700,0.0,0.0,0.0
2023-12-07 00:00:00-05:00,63.5099983215332,63.56999969482422,63.279998779296875,63.52000045776367,57400,0.0,0.0,0.0
2023-12-08 00:00:00-05:00,63.439998626708984,63.869998931884766,63.439998626708984,63.790000915527344,14400,0.0,0.0,0.0
2023-12-11 00:00:00-05:00,64.11000061035156,64.37000274658203,64.05000305175781,64.33999633789062,13400,0.0,0.0,0.0
2023-12-12 00:00:00-05:00,64.43000030517578,64.62000274658203,64.06999969482422,64.51000213623047,18000,0.0,0.0,0.0
2023-12-13 00:00:00-05:00,64.61000061035156,65.91000366210938,64.41000366210938,65.87000274658203,20200,0.0,0.0,0.0
2023-12-14 00:00:00-05:00,66.61000061035156,67.16000366210938,66.61000061035156,66.91000366210938,17800,0.0,0.0,0.0
2023-12-15 00:00:00-05:00,66.9000015258789,66.9000015258789,66.31999969482422,66.5,14300,0.0,0.0,0.0
2023-12-18 00:00:00-05:00,66.58000183105469,66.66999816894531,66.4000015258789,66.55000305175781,15300,0.0,0.0,0.0
2023-12-19 00:00:00-05:00,66.66999816894531,67.12999725341797,66.66999816894531,67.12999725341797,14700,0.0,0.0,0.0
2023-12-20 00:00:00-05:00,66.51000213623047,66.88999938964844,65.69000244140625,65.69000244140625,21300,0.0,0.0,0.0
2023-12-21 00:00:00-05:00,66.16000366210938,66.51000213623047,65.91000366210938,66.51000213623047,17300,0.0,0.0,0.0
2023-12-22 00:00:00-05:00,66.5999984741211,67.01000213623047,66.55000305175781,66.7699966430664,31100,0.0,0.0,0.0
2023-12-26 00:00:00-05:00,66.79000091552734,67.30999755859375,66.79000091552734,67.2300033569336,7100,0.0,0.0,0.0
2023-12-27 00:00:00-05:00,67.4000015258789,67.4000015258789,67.08000183105469,67.33999633789062,12500,0.0,0.0,0.0
2023-12-28 00:00:00-05:00,67.37000274658203,67.47000122070312,67.2699966430664,67.47000122070312,60200,0.0,0.0,0.0
2023-12-29 00:00:00-05:00,67.30999755859375,67.51000213623047,66.93000030517578,67.12999725341797,14600,0.0,0.0,0.0
2024-01-02 00:00:00-05:00,66.7300033569336,67.06999969482422,66.55000305175781,66.80999755859375,15100,0.0,0.0,0.0
2024-01-03 00:00:00-05:00,66.29000091552734,66.29000091552734,65.7300033569336,65.7300033569336,6500,0.0,0.0,0.0
2024-01-04 00:00:00-05:00,65.56999969482422,66.06999969482422,65.56999969482422,65.63999938964844,26900,0.0,0.0,0.0
2024-01-05 00:00:00-05:00,65.37999725341797,66.16000366210938,65.30000305175781,65.80999755859375,50500,0.0,0.0,0.0
2024-01-08 00:00:00-05:00,65.76000213623047,66.63999938964844,65.70999908447266,66.63999938964844,12500,0.0,0.0,0.0
2024-01-09 00:00:00-05:00,66.2699966430664,66.55999755859375,66.2300033569336,66.36000061035156,11000,0.0,0.0,0.0
2024-01-10 00:00:00-05:00,66.36000061035156,66.61000061035156,66.20999908447266,66.51000213623047,13600,0.0,0.0,0.0
2024-01-11 00:00:00-05:00,66.4800033569336,66.4800033569336,65.73999786376953,66.30999755859375,13600,0.0,0.0,0.0
2024-01-12 00:00:00-05:00,66.58999633789062,66.58999633789062,66.05000305175781,66.19000244140625,12900,0.0,0.0,0.0
2024-01-16 00:00:00-05:00,65.80999755859375,65.86000061035156,65.5,65.72000122070312,32400,0.0,0.0,0.0
2024-01-17 00:00:00-05:00,65.08999633789062,65.41000366210938,64.87000274658203,65.1500015258789,12500,0.0,0.0,0.0
2024-01-18 00:00:00-05:00,65.41999816894531,65.52999877929688,64.93000030517578,65.48999786376953,21700,0.0,0.0,0.0
2024-01-19 00:00:00-05:00,65.73999786376953,66.06999969482422,65.4000015258789,66.0199966430664,14500,0.0,0.0,0.0
2024-01-22 00:00:00-05:00,66.23999786376953,66.76000213623047,66.23999786376953,66.5199966430664,17600,0.0,0.0,0.0
2024-01-23 00:00:00-05:00,66.69000244140625,66.69000244140625,66.2699966430664,66.48999786376953,28600,0.0,0.0,0.0
2024-01-24 00:00:00-05:00,66.93000030517578,66.93000030517578,65.98999786376953,66.01000213623047,39100,0.0,0.0,0.0
2024-01-25 00:00:00-05:00,66.66000366210938,66.66000366210938,66.25,66.52999877929688,14200,0.0,0.0,0.0
2024-01-26 00:00:00-05:00,66.66000366210938,66.80000305175781,66.47000122070312,66.51000213623047,18300,0.0,0.0,0.0
2024-01-29 00:00:00-05:00,66.58000183105469,67.12999725341797,66.55999755859375,67.08999633789062,16900,0.0,0.0,0.0
2024-01-30 00:00:00-05:00,66.94000244140625,67.30000305175781,66.94000244140625,67.19999694824219,49000,0.0,0.0,0.0
2024-01-31 00:00:00-05:00,67.0,67.18000030517578,66.30999755859375,66.33000183105469,14700,0.0,0.0,0.0
2024-02-01 00:00:00-05:00,66.44999694824219,67.12000274658203,66.0199966430664,67.12000274658203,29000,0.0,0.0,0.0
2024-02-02 00:00:00-05:00,66.73999786376953,67.44999694824219,66.44999694824219,67.2300033569336,29200,0.0,0.0,0.0
2024-02-05 00:00:00-05:00,66.91000366210938,66.91000366210938,66.31999969482422,66.56999969482422,15800,0.0,0.0,0.0
2024-02-06 00:00:00-05:00,66.6500015258789,67.05000305175781,66.6500015258789,66.98999786376953,19300,0.0,0.0,0.0
2024-02-07 00:00:00-05:00,67.37999725341797,67.58000183105469,67.08000183105469,67.38999938964844,26500,0.0,0.0,0.0
2024-02-08 00:00:00-05:00,67.4000015258789,67.70999908447266,67.30999755859375,67.70999908447266,12200,0.0,0.0,0.0
2024-02-09 00:00:00-05:00,67.75,67.93000030517578,67.5199966430664,67.83999633789062,12800,0.0,0.0,0.0
2024-02-12 00:00:00-05:00,67.94000244140625,68.43000030517578,67.94000244140625,68.19000244140625,19500,0.0,0.0,0.0
2024-02-13 00:00:00-05:00,67.2300033569336,67.2300033569336,66.54000091552734,67.02999877929688,16200,0.0,0.0,0.0
2024-02-14 00:00:00-05:00,67.54000091552734,67.91999816894531,67.44999694824219,67.86000061035156,15300,0.0,0.0,0.0
2024-02-15 00:00:00-05:00,68.18000030517578,68.77999877929688,68.18000030517578,68.7699966430664,15600,0.0,0.0,0.0
2024-02-16 00:00:00-05:00,68.45999908447266,68.81999969482422,68.3499984741211,68.3499984741211,7600,0.0,0.0,0.0
2024-02-20 00:00:00-05:00,68.04000091552734,68.08999633789062,67.87999725341797,68.0,15000,0.0,0.0,0.0
2024-02-21 00:00:00-05:00,67.80999755859375,68.16000366210938,67.75,68.11000061035156,19600,0.0,0.0,0.0
2024-02-22 00:00:00-05:00,68.6500015258789,69.11000061035156,68.61000061035156,68.9800033569336,15500,0.0,0.0,0.0
2024-02-23 00:00:00-05:00,69.20999908447266,69.38999938964844,69.16000366210938,69.23999786376953,11600,0.0,0.0,0.0
2024-02-26 00:00:00-05:00,69.30000305175781,69.41999816894531,68.9800033569336,69.0199966430664,20400,0.0,0.0,0.0
2024-02-27 00:00:00-05:00,69.27999877929688,69.36000061035156,69.16999816894531,69.33999633789062,25400,0.0,0.0,0.0
2024-02-28 00:00:00-05:00,69.1500015258789,69.62000274658203,69.13999938964844,69.43000030517578,15900,0.0,0.0,0.0
2024-02-29 00:00:00-05:00,69.8499984741211,70.01000213623047,69.6500015258789,70.01000213623047,55500,0.0,0.0,0.0
2024-03-01 00:00:00-05:00,70.06999969482422,70.38999938964844,69.86000061035156,70.38999938964844,9800,0.0,0.0,0.0
2024-03-04 00:00:00-05:00,70.56999969482422,70.91000366210938,70.41000366210938,70.70999908447266,28000,0.0,0.0,0.0
2024-03-05 00:00:00-05:00,70.5,70.68000030517578,69.91999816894531,70.16999816894531,13000,0.0,0.0,0.0
2024-03-06 00:00:00-05:00,70.69000244140625,70.94999694824219,70.55000305175781,70.69000244140625,25100,0.0,0.0,0.0
2024-03-07 00:00:00-05:00,71.0999984741211,71.43000030517578,71.0999984741211,71.4000015258789,31600,0.0,0.0,0.0
2024-03-08 00:00:00-05:00,71.62000274658203,71.75,71.04000091552734,71.16999816894531,30900,0.0,0.0,0.0
2024-03-11 00:00:00-04:00,71.16999816894531,71.19000244140625,70.7699966430664,71.13999938964844,10300,0.0,0.0,0.0
2024-03-12 00:00:00-04:00,71.27999877929688,71.47000122070312,70.88999938964844,71.41999816894531,35500,0.0,0.0,0.0
2024-03-13 00:00:00-04:00,71.4000015258789,71.66000366210938,71.2699966430664,71.41999816894531,45200,0.0,0.0,0.0
2024-03-14 00:00:00-04:00,71.33000183105469,71.33000183105469,70.31999969482422,70.58000183105469,16800,0.0,0.0,0.0
2024-03-15 00:00:00-04:00,70.3499984741211,70.68000030517578,70.3499984741211,70.48999786376953,13600,0.0,0.0,0.0
2024-03-18 00:00:00-04:00,70.75,70.91999816894531,70.47000122070312,70.62000274658203,10400,0.0,0.0,0.0
2024-03-19 00:00:00-04:00,70.4800033569336,71.05000305175781,70.4800033569336,71.05000305175781,10300,0.0,0.0,0.0
2024-03-20 00:00:00-04:00,70.93000030517578,71.73999786376953,70.93000030517578,71.69000244140625,7100,0.0,0.0,0.0
2024-03-21 00:00:00-04:00,71.86000061035156,72.23999786376953,71.86000061035156,72.11000061035156,15100,0.0,0.0,0.0
2024-03-22 00:00:00-04:00,72.0999984741211,72.0999984741211,71.62000274658203,71.69000244140625,15300,0.0,0.0,0.0
2024-03-25 00:00:00-04:00,71.76000213623047,71.87000274658203,71.55999755859375,71.5999984741211,20800,0.0,0.0,0.0
2024-03-26 00:00:00-04:00,71.79000091552734,71.91999816894531,71.55999755859375,71.55999755859375,11700,0.0,0.0,0.0
2024-03-27 00:00:00-04:00,72.13999938964844,72.5,71.98999786376953,72.5,19600,0.0,0.0,0.0
2024-03-28 00:00:00-04:00,72.62999725341797,72.91999816894531,72.62999725341797,72.83000183105469,15800,0.0,0.0,0.0
2024-04-01 00:00:00-04:00,72.83999633789062,72.83999633789062,72.30000305175781,72.3499984741211,23600,0.0,0.0,0.0
2024-04-02 00:00:00-04:00,71.81999969482422,71.81999969482422,71.44999694824219,71.69999694824219,16000,0.0,0.0,0.0
2024-04-03 00:00:00-04:00,71.63999938964844,72.0,71.63999938964844,71.87999725341797,15000,0.0,0.0,0.0
2024-04-04 00:00:00-04:00,72.68000030517578,72.68000030517578,70.95999908447266,71.0999984741211,25500,0.0,0.0,0.0
2024-04-05 00:00:00-04:00,71.2300033569336,71.79000091552734,71.16999816894531,71.70999908447266,9900,0.0,0.0,0.0
2024-04-08 00:00:00-04:00,72.05000305175781,72.11000061035156,71.7300033569336,71.87999725341797,8100,0.0,0.0,0.0
2024-04-09 00:00:00-04:00,72.1500015258789,72.30000305175781,71.5199966430664,72.05000305175781,12000,0.0,0.0,0.0
2024-04-10 00:00:00-04:00,70.93000030517578,71.2300033569336,70.69999694824219,70.86000061035156,19800,0.0,0.0,0.0
2024-04-11 00:00:00-04:00,71.1500015258789,71.16000366210938,70.47000122070312,70.98999786376953,15900,0.0,0.0,0.0
2024-04-12 00:00:00-04:00,70.62000274658203,70.62000274658203,69.63999938964844,69.80999755859375,15300,0.0,0.0,0.0
2024-04-15 00:00:00-04:00,70.4800033569336,70.58999633789062,68.77999877929688,69.05000305175781,29400,0.0,0.0,0.0
2024-04-16 00:00:00-04:00,69.13999938964844,69.13999938964844,68.37000274658203,68.61000061035156,22900,0.0,0.0,0.0
2024-04-17 00:00:00-04:00,68.95999908447266,68.95999908447266,68.20999908447266,68.31999969482422,14400,0.0,0.0,0.0
2024-04-18 00:00:00-04:00,68.58999633789062,68.87999725341797,68.12999725341797,68.23999786376953,10500,0.0,0.0,0.0
2024-04-19 00:00:00-04:00,68.20999908447266,68.52999877929688,68.06999969482422,68.2300033569336,7200,0.0,0.0,0.0
2024-04-22 00:00:00-04:00,68.5,69.12000274658203,68.30000305175781,68.80999755859375,10300,0.0,0.0,0.0
2024-04-23 00:00:00-04:00,68.98999786376953,69.73999786376953,68.98999786376953,69.55999755859375,16000,0.0,0.0,0.0
2024-04-24 00:00:00-04:00,69.73999786376953,69.79000091552734,69.33000183105469,69.69999694824219,116300,0.0,0.0,0.0
2024-04-25 00:00:00-04:00,69.22000122070312,69.7300033569336,68.73999786376953,69.62999725341797,18700,0.0,0.0,0.0
2024-04-26 00:00:00-04:00,69.62999725341797,70.0199966430664,69.62999725341797,69.80999755859375,14400,0.0,0.0,0.0
2024-04-29 00:00:00-04:00,69.94999694824219,70.2699966430664,69.94999694824219,70.22000122070312,16500,0.0,0.0,0.0
2024-04-30 00:00:00-04:00,70.02999877929688,70.02999877929688,69.12999725341797,69.12999725341797,9600,0.0,0.0,0.0
2024-05-01 00:00:00-04:00,68.9800033569336,69.80000305175781,68.66999816894531,68.87000274658203,13000,0.0,0.0,0.0
2024-05-02 00:00:00-04:00,69.4000015258789,69.62999725341797,68.9000015258789,69.45999908447266,17900,0.0,0.0,0.0
2024-05-03 00:00:00-04:00,70.19000244140625,70.3499984741211,69.79000091552734,69.93000030517578,37700,0.0,0.0,0.0
2024-05-06 00:00:00-04:00,70.41999816894531,70.61000061035156,70.33999633789062,70.61000061035156,11900,0.0,0.0,0.0
2024-05-07 00:00:00-04:00,70.77999877929688,70.97000122070312,70.58999633789062,70.73999786376953,46000,0.0,0.0,0.0
2024-05-08 00:00:00-04:00,70.33000183105469,70.66000366210938,70.33000183105469,70.62000274658203,8800,0.0,0.0,0.0
2024-05-09 00:00:00-04:00,70.7300033569336,71.19999694824219,70.70999908447266,71.19999694824219,13200,0.0,0.0,0.0
2024-05-10 00:00:00-04:00,71.4800033569336,71.52999877929688,71.18000030517578,71.33000183105469,5200,0.0,0.0,0.0
2024-05-13 00:00:00-04:00,71.80000305175781,71.80000305175781,71.16000366210938,71.16000366210938,18100,0.0,0.0,0.0
2024-05-14 00:00:00-04:00,71.62999725341797,71.62999725341797,71.23999786376953,71.56999969482422,7200,0.0,0.0,0.0
2024-05-15 00:00:00-04:00,71.94000244140625,72.30000305175781,71.94000244140625,72.29000091552734,10100,0.0,0.0,0.0
2024-05-16 00:00:00-04:00,72.3499984741211,72.41000366210938,72.05999755859375,72.05999755859375,11800,0.0,0.0,0.0
2024-05-17 00:00:00-04:00,72.05000305175781,72.37999725341797,72.0199966430664,72.16000366210938,17600,0.0,0.0,0.0
2024-05-20 00:00:00-04:00,72.30999755859375,72.41000366210938,72.18000030517578,72.22000122070312,12900,0.0,0.0,0.0
2024-05-21 00:00:00-04:00,72.11000061035156,72.16999816894531,71.97000122070312,72.16999816894531,10300,0.0,0.0,0.0
2024-05-22 00:00:00-04:00,72.0199966430664,72.18000030517578,71.69999694824219,71.83000183105469,12800,0.0,0.0,0.0
2024-05-23 00:00:00-04:00,71.48999786376953,71.55000305175781,70.8499984741211,70.86000061035156,5500,0.0,0.0,0.0
2024-05-24 00:00:00-04:00,71.18000030517578,71.58000183105469,71.18000030517578,71.41999816894531,13400,0.0,0.0,0.0
2024-05-28 00:00:00-04:00,71.62000274658203,71.62000274658203,70.62000274658203,70.77999877929688,34200,0.0,0.0,0.0
2024-05-29 00:00:00-04:00,70.08000183105469,70.12000274658203,69.93000030517578,69.95999908447266,201000,0.0,0.0,0.0
2024-05-30 00:00:00-04:00,70.0999984741211,70.30000305175781,69.93000030517578,70.1500015258789,205100,0.0,0.0,0.0
2024-05-31 00:00:00-04:00,70.4000015258789,70.80000305175781,69.75,70.80000305175781,118900,0.0,0.0,0.0
2024-06-03 00:00:00-04:00,71.05000305175781,71.05000305175781,69.7699966430664,70.26000213623047,13200,0.0,0.0,0.0
2024-06-04 00:00:00-04:00,70.05000305175781,70.23999786376953,69.83000183105469,70.01000213623047,9600,0.0,0.0,0.0
2024-06-05 00:00:00-04:00,70.37000274658203,70.61000061035156,70.02999877929688,70.56999969482422,14500,0.0,0.0,0.0
2024-06-06 00:00:00-04:00,70.54000091552734,70.54000091552734,70.27999877929688,70.30999755859375,9100,0.0,0.0,0.0
2024-06-07 00:00:00-04:00,69.9800033569336,70.30000305175781,69.9800033569336,70.02999877929688,10500,0.0,0.0,0.0
2024-06-10 00:00:00-04:00,69.80999755859375,70.45999908447266,69.80999755859375,70.3499984741211,13700,0.0,0.0,0.0
2024-06-11 00:00:00-04:00,69.83999633789062,69.98999786376953,69.69000244140625,69.91000366210938,15000,0.0,0.0,0.0
2024-06-12 00:00:00-04:00,70.87000274658203,70.94000244140625,70.27999877929688,70.52999877929688,11400,0.0,0.0,0.0
2024-06-13 00:00:00-04:00,70.3499984741211,70.3499984741211,69.83000183105469,70.2699966430664,11400,0.0,0.0,0.0
2024-06-14 00:00:00-04:00,69.81999969482422,69.81999969482422,69.19000244140625,69.66999816894531,19800,0.0,0.0,0.0
2024-06-17 00:00:00-04:00,69.63999938964844,70.25,69.26000213623047,70.12999725341797,23000,0.0,0.0,0.0
2024-06-18 00:00:00-04:00,70.2300033569336,70.41000366210938,70.19000244140625,70.41000366210938,20300,0.0,0.0,0.0
2024-06-20 00:00:00-04:00,70.23999786376953,70.51000213623047,70.16999816894531,70.27999877929688,18500,0.0,0.0,0.0
2024-06-21 00:00:00-04:00,70.26000213623047,70.3499984741211,70.0199966430664,70.3499984741211,30500,0.0,0.0,0.0
2024-06-24 00:00:00-04:00,70.37000274658203,71.0199966430664,70.37000274658203,70.73999786376953,16400,0.0,0.0,0.0
2024-06-25 00:00:00-04:00,70.55000305175781,70.61000061035156,70.05999755859375,70.30999755859375,34000,0.0,0.0,0.0
2024-06-26 00:00:00-04:00,69.88999938964844,69.91000366210938,69.76000213623047,69.83999633789062,7600,0.0,0.0,0.0
2024-06-27 00:00:00-04:00,69.8499984741211,70.13999938964844,69.83999633789062,70.13999938964844,9600,0.0,0.0,0.0
2024-06-28 00:00:00-04:00,70.29000091552734,70.5199966430664,69.88999938964844,70.08999633789062,14600,0.0,0.0,0.0
2024-07-01 00:00:00-04:00,70.4000015258789,70.4000015258789,69.56999969482422,69.63999938964844,16300,0.0,0.0,0.0
2024-07-02 00:00:00-04:00,69.54000091552734,69.87000274658203,69.52999877929688,69.8499984741211,16400,0.0,0.0,0.0
2024-07-03 00:00:00-04:00,70.0999984741211,70.19999694824219,69.88999938964844,69.94999694824219,10000,0.0,0.0,0.0
2024-07-05 00:00:00-04:00,69.86000061035156,69.94999694824219,69.5999984741211,69.9000015258789,9300,0.0,0.0,0.0
2024-07-08 00:00:00-04:00,70.02999877929688,70.23999786376953,69.83000183105469,70.01000213623047,11900,0.0,0.0,0.0
2024-07-09 00:00:00-04:00,70.0,70.12999725341797,69.7699966430664,69.7699966430664,20000,0.0,0.0,0.0
2024-07-10 00:00:00-04:00,69.86000061035156,70.33999633789062,69.7699966430664,70.33999633789062,13300,0.0,0.0,0.0
2024-07-11 00:00:00-04:00,70.79000091552734,71.38999938964844,70.73999786376953,71.37000274658203,9000,0.0,0.0,0.0
2024-07-12 00:00:00-04:00,71.63999938964844,72.30999755859375,71.63999938964844,72.0199966430664,10300,0.0,0.0,0.0
2024-07-15 00:00:00-04:00,72.22000122070312,72.58999633789062,72.04000091552734,72.16000366210938,18200,0.0,0.0,0.0
2024-07-16 00:00:00-04:00,72.5,73.51000213623047,72.5,73.5,25300,0.0,0.0,0.0
2024-07-17 00:00:00-04:00,72.94000244140625,73.5,72.87999725341797,72.87999725341797,18100,0.0,0.0,0.0
2024-07-18 00:00:00-04:00,72.88999938964844,73.4800033569336,72.16999816894531,72.33000183105469,16600,0.0,0.0,0.0
2024-07-19 00:00:00-04:00,72.30000305175781,72.30000305175781,71.79000091552734,71.83000183105469,9300,0.0,0.0,0.0
2024-07-22 00:00:00-04:00,72.2300033569336,72.5999984741211,71.91000366210938,72.58000183105469,16400,0.0,0.0,0.0
2024-07-23 00:00:00-04:00,72.4800033569336,72.6500015258789,72.29000091552734,72.29000091552734,15900,0.0,0.0,0.0
2024-07-24 00:00:00-04:00,72.12000274658203,72.19999694824219,71.23999786376953,71.23999786376953,21000,0.0,0.0,0.0
2024-07-25 00:00:00-04:00,71.13999938964844,72.22000122070312,71.13999938964844,71.31999969482422,15000,0.0,0.0,0.0
2024-07-26 00:00:00-04:00,71.91999816894531,72.41999816894531,71.83999633789062,72.18000030517578,12900,0.0,0.0,0.0
2024-07-29 00:00:00-04:00,72.44000244140625,72.45999908447266,72.01000213623047,72.33999633789062,15700,0.0,0.0,0.0
2024-07-30 00:00:00-04:00,72.5199966430664,72.81999969482422,72.25,72.66000366210938,38900,0.0,0.0,0.0
2024-07-31 00:00:00-04:00,73.05000305175781,73.47000122070312,72.79000091552734,72.93000030517578,10500,0.0,0.0,0.0
2024-08-01 00:00:00-04:00,73.12000274658203,73.12000274658203,71.55999755859375,71.97000122070312,10700,0.0,0.0,0.0
2024-08-02 00:00:00-04:00,71.33000183105469,71.33000183105469,69.79000091552734,70.48999786376953,29500,0.0,0.0,0.0
2024-08-05 00:00:00-04:00,68.36000061035156,69.33000183105469,68.33000183105469,68.79000091552734,35400,0.0,0.0,0.0
2024-08-06 00:00:00-04:00,69.02999877929688,70.41000366210938,68.83000183105469,69.5999984741211,18400,0.0,0.0,0.0
2024-08-07 00:00:00-04:00,70.11000061035156,70.66999816894531,69.0999984741211,69.0999984741211,12000,0.0,0.0,0.0
2024-08-08 00:00:00-04:00,69.47000122070312,70.55999755859375,69.47000122070312,70.55999755859375,12500,0.0,0.0,0.0
2024-08-09 00:00:00-04:00,70.52999877929688,70.72000122070312,70.31999969482422,70.63999938964844,5300,0.0,0.0,0.0
2024-08-12 00:00:00-04:00,70.7300033569336,70.7300033569336,70.23999786376953,70.2699966430664,7100,0.0,0.0,0.0
2024-08-13 00:00:00-04:00,70.69999694824219,71.20999908447266,70.44999694824219,71.20999908447266,10500,0.0,0.0,0.0
2024-08-14 00:00:00-04:00,71.29000091552734,71.5199966430664,71.1500015258789,71.41000366210938,11400,0.0,0.0,0.0
2024-08-15 00:00:00-04:00,72.08000183105469,72.45999908447266,71.94000244140625,72.37999725341797,11300,0.0,0.0,0.0
2024-08-16 00:00:00-04:00,72.12999725341797,72.5999984741211,72.12999725341797,72.5199966430664,17100,0.0,0.0,0.0
2024-08-19 00:00:00-04:00,72.62000274658203,73.08999633789062,72.62000274658203,73.08999633789062,17500,0.0,0.0,0.0
2024-08-20 00:00:00-04:00,73.06999969482422,73.06999969482422,72.5999984741211,72.7699966430664,713600,0.0,0.0,0.0
2024-08-21 00:00:00-04:00,73.0,73.43000030517578,72.98999786376953,73.38999938964844,54800,0.0,0.0,0.0
2024-08-22 00:00:00-04:00,73.5,73.58000183105469,73.12999725341797,73.13999938964844,12900,0.0,0.0,0.0
2024-08-23 00:00:00-04:00,73.68000030517578,74.33000183105469,73.43000030517578,74.23999786376953,42600,0.0,0.0,0.0
2024-08-26 00:00:00-04:00,74.5199966430664,74.69000244140625,74.0999984741211,74.0999984741211,9300,0.0,0.0,0.0
2024-08-27 00:00:00-04:00,73.9000015258789,74.13999938964844,73.83999633789062,74.06999969482422,32800,0.0,0.0,0.0
2024-08-28 00:00:00-04:00,74.0,74.08999633789062,73.51000213623047,73.80999755859375,14000,0.0,0.0,0.0
2024-08-29 00:00:00-04:00,74.0999984741211,74.56999969482422,73.94999694824219,74.0199966430664,10600,0.0,0.0,0.0
2024-08-30 00:00:00-04:00,74.38999938964844,74.62999725341797,73.86000061035156,74.5999984741211,73400,0.0,0.0,0.0
2024-09-03 00:00:00-04:00,74.30999755859375,74.31999969482422,73.33000183105469,73.41000366210938,29900,0.0,0.0,0.0
2024-09-04 00:00:00-04:00,73.38999938964844,73.6500015258789,73.06999969482422,73.31999969482422,11700,0.0,0.0,0.0
2024-09-05 00:00:00-04:00,73.3499984741211,73.3499984741211,72.5999984741211,72.80999755859375,7400,0.0,0.0,0.0
2024-09-06 00:00:00-04:00,72.94999694824219,73.2300033569336,71.95999908447266,72.0199966430664,7800,0.0,0.0,0.0
2024-09-09 00:00:00-04:00,72.43000030517578,73.05000305175781,72.43000030517578,72.7699966430664,13400,0.0,0.0,0.0
2024-09-10 00:00:00-04:00,72.5999984741211,72.76000213623047,72.23999786376953,72.75,16800,0.0,0.0,0.0
2024-09-11 00:00:00-04:00,72.5,72.98999786376953,71.43000030517578,72.98999786376953,11600,0.0,0.0,0.0
2024-09-12 00:00:00-04:00,73.02999877929688,73.47000122070312,72.97000122070312,73.4000015258789,6900,0.0,0.0,0.0
2024-09-13 00:00:00-04:00,73.77999877929688,74.33999633789062,73.77999877929688,74.20999908447266,14100,0.0,0.0,0.0
2024-09-16 00:00:00-04:00,74.51000213623047,74.80000305175781,74.48999786376953,74.75,20300,0.0,0.0,0.0
2024-09-17 00:00:00-04:00,75.0199966430664,75.3499984741211,74.80000305175781,74.9000015258789,18800,0.0,0.0,0.0
2024-09-18 00:00:00-04:00,75.05999755859375,75.55999755859375,74.77999877929688,74.83000183105469,9700,0.0,0.0,0.0
2024-09-19 00:00:00-04:00,76.0,76.0,75.61000061035156,75.7699966430664,14400,0.0,0.0,0.0
2024-09-20 00:00:00-04:00,75.38999938964844,75.44000244140625,75.11000061035156,75.41000366210938,12200,0.0,0.0,0.0
2024-09-23 00:00:00-04:00,75.66000366210938,75.87999725341797,75.58999633789062,75.86000061035156,7600,0.0,0.0,0.0
2024-09-24 00:00:00-04:00,76.0199966430664,76.05999755859375,75.80000305175781,75.91999816894531,9300,0.0,0.0,0.0
2024-09-25 00:00:00-04:00,75.76000213623047,75.76000213623047,74.98999786376953,75.08999633789062,10200,0.0,0.0,0.0
2024-09-26 00:00:00-04:00,75.48999786376953,75.80000305175781,75.41000366210938,75.66999816894531,13800,0.0,0.0,0.0
2024-09-27 00:00:00-04:00,75.95999908447266,76.27999877929688,75.7699966430664,75.95999908447266,40800,0.0,0.0,0.0
2024-09-30 00:00:00-04:00,75.86000061035156,76.0199966430664,75.44999694824219,76.0199966430664,34100,0.0,0.0,0.0
2024-10-01 00:00:00-04:00,76.05000305175781,76.05000305175781,75.30000305175781,75.51000213623047,13700,0.0,0.0,0.0
2024-10-02 00:00:00-04:00,75.29000091552734,75.66000366210938,75.12000274658203,75.51000213623047,33600,0.0,0.0,0.0
2024-10-03 00:00:00-04:00,75.2300033569336,75.31999969482422,74.9800033569336,75.22000122070312,15000,0.0,0.0,0.0
2024-10-04 00:00:00-04:00,75.83999633789062,75.86000061035156,75.4000015258789,75.86000061035156,12900,0.0,0.0,0.0
2024-10-07 00:00:00-04:00,75.61000061035156,75.61000061035156,74.98999786376953,75.27999877929688,10000,0.0,0.0,0.0
2024-10-08 00:00:00-04:00,75.31999969482422,75.58999633789062,75.16999816894531,75.45999908447266,11400,0.0,0.0,0.0
2024-10-09 00:00:00-04:00,75.45999908447266,76.12999725341797,75.44999694824219,76.05999755859375,17000,0.0,0.0,0.0
2024-10-10 00:00:00-04:00,75.7300033569336,75.98999786376953,75.68000030517578,75.87000274658203,15800,0.0,0.0,0.0
2024-10-11 00:00:00-04:00,75.91000366210938,76.73999786376953,75.91000366210938,76.72000122070312,5200,0.0,0.0,0.0
2024-10-14 00:00:00-04:00,76.61000061035156,77.31999969482422,76.61000061035156,77.31999969482422,6900,0.0,0.0,0.0
2024-10-15 00:00:00-04:00,77.33000183105469,77.62000274658203,76.97000122070312,76.97000122070312,11100,0.0,0.0,0.0
2024-10-16 00:00:00-04:00,77.22000122070312,77.58999633789062,77.22000122070312,77.51000213623047,16300,0.0,0.0,0.0
2024-10-17 00:00:00-04:00,77.77999877929688,77.77999877929688,77.37000274658203,77.44000244140625,17700,0.0,0.0,0.0
2024-10-18 00:00:00-04:00,77.4800033569336,77.79000091552734,77.41999816894531,77.75,14700,0.0,0.0,0.0
2024-10-21 00:00:00-04:00,77.72000122070312,77.76000213623047,76.94999694824219,77.06999969482422,12100,0.0,0.0,0.0
2024-10-22 00:00:00-04:00,76.77999877929688,76.86000061035156,76.54000091552734,76.77999877929688,13300,0.0,0.0,0.0
2024-10-23 00:00:00-04:00,76.44000244140625,76.63999938964844,76.05999755859375,76.44999694824219,12900,0.0,0.0,0.0
2024-10-24 00:00:00-04:00,76.80000305175781,76.80000305175781,76.3499984741211,76.54000091552734,14700,0.0,0.0,0.0
2024-10-25 00:00:00-04:00,76.94000244140625,77.0199966430664,76.16000366210938,76.16000366210938,13400,0.0,0.0,0.0
2024-10-28 00:00:00-04:00,76.5,76.86000061035156,76.5,76.69000244140625,42300,0.0,0.0,0.0
2024-10-29 00:00:00-04:00,76.37999725341797,76.5999984741211,76.26000213623047,76.44999694824219,11300,0.0,0.0,0.0
2024-10-30 00:00:00-04:00,76.26000213623047,76.8499984741211,76.18000030517578,76.41999816894531,6400,0.0,0.0,0.0
2024-10-31 00:00:00-04:00,76.11000061035156,76.20999908447266,75.5199966430664,75.5199966430664,241000,0.0,0.0,0.0
2024-11-01 00:00:00-04:00,75.79000091552734,76.23999786376953,75.5,75.5,147800,0.0,0.0,0.0
2024-11-04 00:00:00-05:00,75.48999786376953,75.91999816894531,75.41999816894531,75.61000061035156,213000,0.0,0.0,0.0
2024-11-05 00:00:00-05:00,75.61000061035156,76.80000305175781,75.47000122070312,76.80000305175781,50700,0.0,0.0,0.0
2024-11-06 00:00:00-05:00,78.61000061035156,78.98999786376953,78.19000244140625,78.88999938964844,11400,0.0,0.0,0.0
2024-11-07 00:00:00-05:00,79.13999938964844,79.30000305175781,79.04000091552734,79.13999938964844,12800,0.0,0.0,0.0
2024-11-08 00:00:00-05:00,79.19999694824219,79.80000305175781,79.0199966430664,79.66999816894531,22100,0.0,0.0,0.0
2024-11-11 00:00:00-05:00,80.16999816894531,80.66999816894531,80.06999969482422,80.41000366210938,18800,0.0,0.0,0.0
2024-11-12 00:00:00-05:00,80.13999938964844,80.16000366210938,79.66999816894531,79.91000366210938,35800,0.0,0.0,0.0
2024-11-13 00:00:00-05:00,80.12000274658203,80.38999938964844,79.80000305175781,79.81999969482422,16700,0.0,0.0,0.0
2024-11-14 00:00:00-05:00,79.8499984741211,79.8499984741211,79.06999969482422,79.1500015258789,28300,0.0,0.0,0.0
2024-11-15 00:00:00-05:00,78.91000366210938,78.91000366210938,78.4800033569336,78.6500015258789,24300,0.0,0.0,0.0
2024-11-18 00:00:00-05:00,78.69999694824219,79.19000244140625,78.68000030517578,79.02999877929688,11400,0.0,0.0,0.0
2024-11-19 00:00:00-05:00,78.41999816894531,79.29000091552734,78.41999816894531,79.20999908447266,10100,0.0,0.0,0.0
2024-11-20 00:00:00-05:00,79.26000213623047,79.58999633789062,78.9800033569336,79.56999969482422,18700,0.0,0.0,0.0
2024-11-21 00:00:00-05:00,80.08000183105469,80.79000091552734,80.02999877929688,80.5999984741211,15300,0.0,0.0,0.0
2024-11-22 00:00:00-05:00,80.7699966430664,81.52999877929688,80.7699966430664,81.5,20100,0.0,0.0,0.0
2024-11-25 00:00:00-05:00,82.19000244140625,82.5199966430664,82.05999755859375,82.16999816894531,20700,0.0,0.0,0.0
2024-11-26 00:00:00-05:00,82.05000305175781,82.05000305175781,81.72000122070312,82.01000213623047,16700,0.0,0.0,0.0
2024-11-27 00:00:00-05:00,82.13999938964844,82.33000183105469,81.79000091552734,81.9000015258789,9700,0.0,0.0,0.0
2024-11-29 00:00:00-05:00,82.26000213623047,82.33000183105469,82.02999877929688,82.02999877929688,10400,0.0,0.0,0.0
2024-12-02 00:00:00-05:00,82.16000366210938,82.16000366210938,81.62999725341797,81.76000213623047,90200,0.0,0.0,0.0
2024-12-03 00:00:00-05:00,81.66999816894531,81.88999938964844,81.44000244140625,81.55999755859375,102700,0.0,0.0,0.0
2024-12-04 00:00:00-05:00,81.68000030517578,81.83000183105469,81.45999908447266,81.80000305175781,55600,0.0,0.0,0.0
2024-12-05 00:00:00-05:00,81.8499984741211,81.97000122070312,81.55999755859375,81.55999755859375,23800,0.0,0.0,0.0
2024-12-06 00:00:00-05:00,81.86000061035156,81.87999725341797,81.55999755859375,81.72000122070312,25800,0.0,0.0,0.0
2024-12-09 00:00:00-05:00,81.81999969482422,81.81999969482422,80.91999816894531,80.91999816894531,65600,0.0,0.0,0.0
2024-12-10 00:00:00-05:00,80.77999877929688,80.9000015258789,80.08999633789062,80.12000274658203,88700,0.0,0.0,0.0
2024-12-11 00:00:00-05:00,80.54000091552734,80.5999984741211,80.30000305175781,80.38999938964844,40200,0.0,0.0,0.0
2024-12-12 00:00:00-05:00,80.3499984741211,80.4800033569336,80.12000274658203,80.1500015258789,44700,0.0,0.0,0.0
2024-12-13 00:00:00-05:00,80.13999938964844,80.13999938964844,79.55999755859375,79.76000213623047,24700,0.0,0.0,0.0
2024-12-16 00:00:00-05:00,79.70999908447266,80.04000091552734,79.47000122070312,79.54000091552734,22900,0.0,0.0,0.0
2024-12-17 00:00:00-05:00,78.81999969482422,78.83000183105469,78.4000015258789,78.55000305175781,27300,0.0,0.0,0.0
2024-12-18 00:00:00-05:00,78.5199966430664,78.66999816894531,75.88999938964844,75.88999938964844,30700,0.0,0.0,0.0
2024-12-19 00:00:00-05:00,76.30000305175781,76.56999969482422,75.75,75.79000091552734,43800,0.0,0.0,0.0
2024-12-20 00:00:00-05:00,75.51000213623047,77.36000061035156,75.51000213623047,76.91999816894531,23800,0.0,0.0,0.0
2024-12-23 00:00:00-05:00,76.63999938964844,76.9800033569336,76.29000091552734,76.93000030517578,31900,0.0,0.0,0.0
2024-12-24 00:00:00-05:00,76.91999816894531,77.5999984741211,76.8499984741211,77.56999969482422,18300,0.0,0.0,0.0
2024-12-26 00:00:00-05:00,77.20999908447266,77.70999908447266,77.20999908447266,77.6500015258789,60300,0.0,0.0,0.0
2024-12-27 00:00:00-05:00,77.12999725341797,77.55000305175781,76.58999633789062,76.94000244140625,12800,0.0,0.0,0.0
