Date,Open,High,Low,Close,Volume,Dividends,Stock Splits
2012-07-25 00:00:00-04:00,14.864574300304236,15.50044813450959,14.203927183666835,14.748961448669434,6309400,0.0,0.0
2012-07-26 00:00:00-04:00,15.649093068975882,15.896835327148438,15.269219821323519,15.896835327148438,707900,0.0,0.0
2012-07-27 00:00:00-04:00,16.260191654171717,16.722644594521153,15.855545134477603,16.433610916137695,369900,0.0,0.0
2012-07-30 00:00:00-04:00,16.640066446949096,16.722647738456725,16.185871706317812,16.51619529724121,202600,0.0,0.0
2012-07-31 00:00:00-04:00,16.73090659810847,16.813487892444297,16.51619586287819,16.74742317199707,178900,0.0,0.0
2012-08-01 00:00:00-04:00,16.763936141445917,16.912582138234857,15.690384170358893,16.301483154296875,92800,0.0,0.0
2012-08-02 00:00:00-04:00,16.14458179601976,16.384067406473207,15.872064610911487,15.99593734741211,71700,0.0,0.0
2012-08-03 00:00:00-04:00,16.13632185784857,16.483160410369983,16.13632185784857,16.326257705688477,60400,0.0,0.0
2012-08-06 00:00:00-04:00,16.351031643140214,16.623548784688985,16.351031643140214,16.40058135986328,110500,0.0,0.0
2012-08-07 00:00:00-04:00,16.417097500338247,16.433614073729537,15.962902757827681,16.260194778442383,118200,0.0,0.0
2012-08-08 00:00:00-04:00,15.938124365068578,16.070253772698262,15.516962862690695,15.70689868927002,202000,0.0,0.0
2012-08-09 00:00:00-04:00,15.566513107836435,15.566513107836435,15.194898114039432,15.31051254272461,237600,0.0,0.0
2012-08-10 00:00:00-04:00,15.12883257272328,15.863802658973944,14.897606878230167,15.731673240661621,201500,0.0,0.0
2012-08-13 00:00:00-04:00,15.830770813219246,16.061998078748083,15.376576142655935,15.500447273254395,75300,0.0,0.0
2012-08-14 00:00:00-04:00,15.673867922718507,15.731674350419619,15.302254498165498,15.442642211914062,44500,0.0,0.0
2012-08-15 00:00:00-04:00,15.384832341588996,15.426123767153998,15.17012322907832,15.236187934875488,106100,0.0,0.0
2012-08-16 00:00:00-04:00,15.293995051917426,15.48393089284399,15.14534906332902,15.459156036376953,122000,0.0,0.0
2012-08-17 00:00:00-04:00,15.492188500303625,15.591284771620925,15.335284233093262,15.335284233093262,120200,0.0,0.0
2012-08-20 00:00:00-04:00,15.310512255097722,15.77296523582969,15.310512255097722,15.434383392333984,353000,0.0,0.0
2012-08-21 00:00:00-04:00,15.525220361279024,15.748189338648123,15.21967168127562,15.260961532592773,88900,0.0,0.0
2012-08-22 00:00:00-04:00,15.260961520045104,15.260961520045104,14.905863128624844,15.211413383483887,175600,0.0,0.0
2012-08-23 00:00:00-04:00,15.178381781540807,15.483932067384279,15.13709192607059,15.442642211914062,324600,0.0,0.0
2012-08-24 00:00:00-04:00,15.459156655670943,16.367547619462655,15.277479092955387,16.169353485107422,82700,0.0,0.0
2012-08-27 00:00:00-04:00,16.1445768316399,17.787939299511287,16.053738847940902,17.284194946289062,500300,0.0,0.0
2012-08-28 00:00:00-04:00,17.829231497630822,17.870521352469037,17.01993837198861,17.10251808166504,305700,0.0,0.0
2012-08-29 00:00:00-04:00,17.19335697000497,18.01090834918627,16.92909812927246,16.92909812927246,259900,0.0,0.0
2012-08-30 00:00:00-04:00,17.251163435495926,18.1678126696823,17.01167945117845,17.787940979003906,102300,0.0,0.0
2012-08-31 00:00:00-04:00,17.829231446733857,18.01090901265317,17.548456024335923,17.738391876220703,129500,0.0,0.0
2012-09-04 00:00:00-04:00,17.812715410403996,17.944844839610425,17.688844267411348,17.74665069580078,246600,0.0,0.0
2012-09-05 00:00:00-04:00,17.9448427819691,17.9448427819691,17.548454539801583,17.680583953857422,89600,0.0,0.0
2012-09-06 00:00:00-04:00,17.70535733843103,17.804453603185074,17.342000692417166,17.465871810913086,142800,0.0,0.0
2012-09-07 00:00:00-04:00,17.482391527446303,17.63103752644498,17.019938533422533,17.292455673217773,190200,0.0,0.0
2012-09-10 00:00:00-04:00,17.325484264347914,17.490646807091977,16.95387090583388,17.019935607910156,90500,0.0,0.0
2012-09-11 00:00:00-04:00,17.052968547142413,17.259420954674663,16.92909741764444,17.01167869567871,44500,0.0,0.0
2012-09-12 00:00:00-04:00,17.14380853677113,17.292454525907527,16.309740600588942,16.3179988861084,295700,0.0,0.0
2012-09-13 00:00:00-04:00,16.22716018398847,17.333745300769202,15.35180234873596,17.259422302246094,305300,0.0,0.0
2012-09-14 00:00:00-04:00,17.193352937257707,17.63103252400383,16.986900569471025,17.432838439941406,111800,0.0,0.0
2012-09-17 00:00:00-04:00,17.474130918253167,18.638522322131628,17.474130918253167,18.24213409423828,265600,0.0,0.0
2012-09-18 00:00:00-04:00,18.291684325119128,18.63026617213349,18.167813186595556,18.531169891357422,123100,0.0,0.0
2012-09-19 00:00:00-04:00,18.580717563016865,18.99362239775057,18.580717563016865,18.745880126953125,129600,0.0,0.0
2012-09-20 00:00:00-04:00,18.80368610181803,18.935815519762347,18.242135288001244,18.324716567993164,115200,0.0,0.0
2012-09-21 00:00:00-04:00,18.456845625540904,19.20833226609042,18.167811938766427,18.861492156982422,85500,0.0,0.0
2012-09-24 00:00:00-04:00,18.803684537696373,18.94407222947289,18.456844450666555,18.77890968322754,84900,0.0,0.0
2012-09-25 00:00:00-04:00,18.87801015196759,19.241365284079997,17.754908461529617,18.217361450195312,102300,0.0,0.0
2012-09-26 00:00:00-04:00,18.258654110649363,18.646784126836003,17.796199515708185,18.522912979125977,138000,0.0,0.0
2012-09-27 00:00:00-04:00,18.588975403881793,18.588975403881793,18.20910214596171,18.324716567993164,39600,0.0,0.0
2012-09-28 00:00:00-04:00,18.324719017375383,18.993624482016404,18.002652139868353,18.43207359313965,958400,0.0,0.0
2012-10-01 00:00:00-04:00,18.440327793370344,19.46433147994663,18.167810695935582,19.348718643188477,203000,0.0,0.0
2012-10-02 00:00:00-04:00,19.480850938296303,20.39750020882649,19.224850372467035,19.398269653320312,163800,0.0,0.0
2012-10-03 00:00:00-04:00,19.456077233296284,20.54614584928045,19.299174515161084,20.438791275024414,112900,0.0,0.0
2012-10-04 00:00:00-04:00,20.521371371403944,20.64524251145125,20.248854233257067,20.35620880126953,103700,0.0,0.0
2012-10-05 00:00:00-04:00,20.389242042564604,20.521371469259385,19.78639976127427,19.844207763671875,100000,0.0,0.0
2012-10-08 00:00:00-04:00,19.819429063148334,19.844203916515685,19.18355533601338,19.30742645263672,106100,0.0,0.0
2012-10-09 00:00:00-04:00,19.22485028724361,19.22485028724361,18.126523454720708,18.217361450195312,156900,0.0,0.0
2012-10-10 00:00:00-04:00,18.18433036128312,18.52291221952231,18.167813788903885,18.48162078857422,79500,0.0,0.0
2012-10-11 00:00:00-04:00,18.572458801296143,18.745879646495126,18.547683944808604,18.580717086791992,57900,0.0,0.0
2012-10-12 00:00:00-04:00,18.62200957750819,18.630267864174062,18.407300424624044,18.498138427734375,60500,0.0,0.0
2012-10-15 00:00:00-04:00,18.539429326721407,18.729365189240742,18.456848037549975,18.489879608154297,157100,0.0,0.0
2012-10-16 00:00:00-04:00,18.787168062938182,18.787168062938182,17.98613333234805,18.2091007232666,134800,0.0,0.0
2012-10-17 00:00:00-04:00,18.250395543667434,18.390783262276685,18.04394310895424,18.167814254760742,98200,0.0,0.0
2012-10-18 00:00:00-04:00,18.159558499283698,18.299946237458993,17.911816173142487,18.0191707611084,74600,0.0,0.0
2012-10-19 00:00:00-04:00,17.920070042573155,17.97787646608034,17.573229926423128,17.6888427734375,95500,0.0,0.0
2012-10-22 00:00:00-04:00,17.688843122414077,17.705359693772525,16.417095479738514,16.673097610473633,273500,0.0,0.0
2012-10-23 00:00:00-04:00,16.582260094880343,17.036454837687916,16.227161642271053,16.962133407592773,204500,0.0,0.0
2012-10-24 00:00:00-04:00,17.11903383365641,17.218131685671224,16.458386737247384,16.4831600189209,66300,0.0,0.0
2012-10-25 00:00:00-04:00,16.623547772006834,16.75567876677876,16.41709535689191,16.607032775878906,56300,0.0,0.0
2012-10-26 00:00:00-04:00,16.64832330325415,16.863034012684068,16.607033448601353,16.780452728271484,62400,0.0,0.0
2012-10-31 00:00:00-04:00,16.83826117817002,17.234651075960553,16.60703544415832,16.74742317199707,60600,0.0,0.0
2012-11-01 00:00:00-04:00,16.805224436430763,17.119031368255342,16.763933014409965,16.854772567749023,39900,0.0,0.0
2012-11-02 00:00:00-04:00,16.937355569493626,17.201614397035467,16.22715878914478,16.30974006652832,95700,0.0,0.0
2012-11-05 00:00:00-05:00,16.351034671843557,16.499680699332423,15.814258575439453,15.814258575439453,129800,0.0,0.0
2012-11-06 00:00:00-05:00,15.921609878540039,16.0207061498713,15.830770317230687,15.921609878540039,34600,0.0,0.0
2012-11-07 00:00:00-05:00,15.781223278146074,16.070255402201763,14.864574041549625,15.351801872253418,186800,0.0,0.0
2012-11-08 00:00:00-05:00,15.3683171989503,15.566511314439355,15.062766953129579,15.42612361907959,115200,0.0,0.0
2012-11-09 00:00:00-05:00,15.351801656182083,15.541737499347379,14.947155113092437,14.963671684265137,109800,0.0,0.0
2012-11-12 00:00:00-05:00,15.037991337539626,15.170122316290461,14.410377457783524,15.079282760620117,116500,0.0,0.0
2012-11-13 00:00:00-05:00,14.94715740961531,14.94715740961531,14.781994822726103,14.83154296875,43500,0.0,0.0
2012-11-14 00:00:00-05:00,15.079284302866311,15.79773781177318,15.079284302866311,15.616060256958008,107200,0.0,0.0
2012-11-15 00:00:00-05:00,16.045481786089617,16.47490318304053,15.739931521884222,16.417095184326172,122000,0.0,0.0
2012-11-16 00:00:00-05:00,16.49967451168649,16.656578767983902,15.624316825434347,16.573997497558594,353200,0.0,0.0
2012-11-19 00:00:00-05:00,16.7721941770391,17.38329315185547,16.524451902826808,17.38329315185547,143700,0.0,0.0
2012-11-20 00:00:00-05:00,17.432840511312698,17.622776334219054,17.424582226607193,17.59800148010254,62300,0.0,0.0
2012-11-21 00:00:00-05:00,17.631034759403367,17.70535774723834,17.333742808063462,17.408065795898438,76800,0.0,0.0
2012-11-23 00:00:00-05:00,17.441102505365432,17.837490804892422,17.391552786594243,17.75490951538086,13800,0.0,0.0
2012-11-26 00:00:00-05:00,18.54768250109273,18.54768250109273,17.14380715331865,17.31722640991211,91600,0.0,0.0
2012-11-27 00:00:00-05:00,17.317229518220227,17.573231669294465,16.15283792175789,16.441871643066406,167200,0.0,0.0
2012-11-28 00:00:00-05:00,16.334516483780952,16.334516483780952,15.327027638582754,16.210643768310547,211800,0.0,0.0
2012-11-29 00:00:00-05:00,16.235417161089703,16.499675990042668,15.896835339605358,15.946383476257324,109900,0.0,0.0
2012-11-30 00:00:00-05:00,15.962901829131324,16.103289544575492,15.830772399902344,15.830772399902344,110600,0.0,0.0
2012-12-03 00:00:00-05:00,16.0207061498713,16.11154571118065,15.525220067894491,15.921609878540039,125400,0.0,0.0
2012-12-04 00:00:00-05:00,15.921608478986089,16.788707864894917,15.789479078754395,16.598772048950195,113500,0.0,0.0
2012-12-05 00:00:00-05:00,16.648323899766215,16.805228188261324,16.251935610511552,16.631807327270508,74400,0.0,0.0
2012-12-06 00:00:00-05:00,16.631805837099474,17.44935720110166,16.590515984666734,17.308969497680664,99800,0.0,0.0
2012-12-07 00:00:00-05:00,17.432842205192706,17.5732299086137,17.102517085303134,17.308969497680664,67400,0.0,0.0
2012-12-10 00:00:00-05:00,17.383292415880444,17.441100414182337,17.226389717238863,17.366777420043945,57400,0.0,0.0
2012-12-11 00:00:00-05:00,17.441100490700634,17.730132607943652,17.30071278727964,17.308969497680664,88300,0.0,0.0
2012-12-12 00:00:00-05:00,17.408067490602505,17.42458406175303,15.921610739407503,16.00419044494629,183200,0.0,0.0
2012-12-13 00:00:00-05:00,16.251936728614016,16.615293472982568,15.888579984245464,16.49142074584961,64600,0.0,0.0
2012-12-14 00:00:00-05:00,16.433608998058602,16.664836228798624,15.880316561196873,16.177608489990234,65000,0.0,0.0
2012-12-17 00:00:00-05:00,15.492186657021819,16.351027731715263,15.475670088731823,16.177608489990234,131700,0.0,0.0
2012-12-18 00:00:00-05:00,16.276707773405587,16.904323309064143,16.11980507082115,16.673097610473633,81300,0.0,0.0
2012-12-19 00:00:00-05:00,16.75567760307113,16.8960637234966,16.00418941514644,16.36754608154297,128500,0.0,0.0
2012-12-20 00:00:00-05:00,16.408837290060358,16.61528968811035,16.169351752271105,16.61528968811035,48800,0.0,0.0
2012-12-21 00:00:00-05:00,16.623547737052732,16.623547737052732,15.938125783316679,16.128063201904297,77600,0.0,0.0
2012-12-24 00:00:00-05:00,16.05373843961528,16.202384413841486,15.896834180697981,16.19412612915039,19200,0.0,0.0
2012-12-26 00:00:00-05:00,16.309740127980206,16.400579690955052,15.83077060747924,15.84728717803955,52000,0.0,0.0
2012-12-27 00:00:00-05:00,15.863804577273086,16.070257015239306,15.549997564611553,15.682126998901367,47900,0.0,0.0
2012-12-28 00:00:00-05:00,15.558252996568351,16.202385051878387,15.558252996568351,15.938124656677246,45100,0.0,0.0
2012-12-31 00:00:00-05:00,15.979418279947373,16.177612422282447,15.525221992210842,15.764707565307617,127100,0.0,0.0
2013-01-02 00:00:00-05:00,15.979418232872527,16.64832365817121,15.954643374488493,16.499677658081055,98400,0.0,0.0
2013-01-03 00:00:00-05:00,16.58225954032148,16.755680405029477,16.15283809687101,16.251935958862305,59800,0.0,0.0
2013-01-04 00:00:00-05:00,16.25193542254648,16.375806564617523,15.673867992738906,15.764707565307617,95400,0.0,0.0
2013-01-07 00:00:00-05:00,16.36754722946099,16.62354778334821,14.83154075592378,14.856315612792969,466400,0.0,0.0
2013-01-08 00:00:00-05:00,14.86457376208535,15.08754274654229,14.451668935360757,14.740702629089355,211000,0.0,0.0
2013-01-09 00:00:00-05:00,14.864572669122357,14.914120803656195,14.492957722351578,14.674636840820312,108400,0.0,0.0
2013-01-10 00:00:00-05:00,14.806766117701576,14.914120670752695,14.42689288937584,14.608572006225586,169200,0.0,0.0
2013-01-11 00:00:00-05:00,14.740702944741106,14.92238050535181,14.583798666195936,14.76547622680664,142800,0.0,0.0
2013-01-14 00:00:00-05:00,14.872830798636247,15.236187456669716,14.658120117757687,15.120573043823242,77600,0.0,0.0
2013-01-15 00:00:00-05:00,15.095802672653278,15.401351395575665,14.905865234636916,15.39309310913086,39400,0.0,0.0
2013-01-16 00:00:00-05:00,15.401349020231192,15.929868245435836,15.401349020231192,15.558253288269043,75100,0.0,0.0
2013-01-17 00:00:00-05:00,15.690383323368978,16.086771576670536,15.632576899984198,15.839029312133789,61400,0.0,0.0
2013-01-18 00:00:00-05:00,15.839032288366559,16.053743026360177,15.583031690227214,15.954645156860352,76600,0.0,0.0
2013-01-22 00:00:00-05:00,16.062000850661118,16.400582734444498,15.97941955764165,16.392324447631836,92900,0.0,0.0
2013-01-23 00:00:00-05:00,16.41709796186696,16.590518837136575,16.392324676190714,16.52445411682129,133600,0.0,0.0
2013-01-24 00:00:00-05:00,16.62355044293974,16.86303603900292,16.450131142430966,16.74742317199707,207600,0.0,0.0
2013-01-25 00:00:00-05:00,16.86303243480103,17.135549545288086,16.772192872936397,17.135549545288086,112300,0.0,0.0
2013-01-28 00:00:00-05:00,17.209875825527728,17.24290739744998,16.673099787157245,17.0281982421875,137900,0.0,0.0
2013-01-29 00:00:00-05:00,17.00342350354378,17.226392522265684,16.970390356278095,17.193359375,66600,0.0,0.0
2013-01-30 00:00:00-05:00,17.135551148670693,17.24290571583216,16.631806731350235,16.780452728271484,114400,0.0,0.0
2013-01-31 00:00:00-05:00,16.664841386783667,17.110777842890194,16.45013065787788,16.962133407592773,220400,0.0,0.0
2013-02-01 00:00:00-05:00,17.70536094246438,18.407299523634077,17.647554513739887,18.192588806152344,227200,0.0,0.0
2013-02-04 00:00:00-05:00,18.134779067629143,18.134779067629143,17.234648002710564,17.366777420043945,217300,0.0,0.0
2013-02-05 00:00:00-05:00,17.540200008615166,17.59800644274839,17.176843254639937,17.457618713378906,88800,0.0,0.0
2013-02-06 00:00:00-05:00,17.432842646366144,18.035683327738976,17.42458436064922,17.730133056640625,98700,0.0,0.0
2013-02-07 00:00:00-05:00,17.672325411656022,17.837487964377985,17.48238957860055,17.54845428466797,74900,0.0,0.0
2013-02-08 00:00:00-05:00,17.622777864760266,17.64755272102848,17.391550598244255,17.399808883666992,35200,0.0,0.0
2013-02-11 00:00:00-05:00,17.449358217669847,17.449358217669847,17.05296994083778,17.10251808166504,33300,0.0,0.0
2013-02-12 00:00:00-05:00,17.086000565351387,17.441098934983657,17.01167757751641,17.408065795898438,156900,0.0,0.0
2013-02-13 00:00:00-05:00,17.490650909091602,18.803688549016524,17.490650909091602,18.688074111938477,217300,0.0,0.0
2013-02-14 00:00:00-05:00,18.588977516815714,18.902784526325906,18.32471865088985,18.712848663330078,132400,0.0,0.0
2013-02-15 00:00:00-05:00,18.77065390006187,19.06794589288236,18.456846910501234,18.630266189575195,89000,0.0,0.0
2013-02-19 00:00:00-05:00,18.770655093362976,19.36523911680326,18.63852566040004,18.712848663330078,176700,0.0,0.0
2013-02-20 00:00:00-05:00,18.770651238432134,18.91929721376476,17.523678592716674,17.564970016479492,101300,0.0,0.0
2013-02-21 00:00:00-05:00,17.523681997163383,17.796199146514738,17.18510013206343,17.72187614440918,104400,0.0,0.0
2013-02-22 00:00:00-05:00,17.82096946462349,17.94484057820013,17.49064597005024,17.804452896118164,36700,0.0,0.0
2013-02-25 00:00:00-05:00,17.870519162283607,17.870519162283607,17.300711674837434,17.449356079101562,123000,0.0,0.0
2013-02-26 00:00:00-05:00,17.531938712521445,17.655809846561862,16.978646177041117,17.342002868652344,295400,0.0,0.0
2013-02-27 00:00:00-05:00,17.31723128940956,17.697104624152782,17.07774726161887,17.33374786376953,121600,0.0,0.0
2013-02-28 00:00:00-05:00,17.259420236171046,17.358518080708137,17.052967837233336,17.09425926208496,66200,0.0,0.0
2013-03-01 00:00:00-05:00,17.04471223351775,17.887038531713163,16.871292947181253,17.812715530395508,86300,0.0,0.0
2013-03-04 00:00:00-05:00,17.713617273012325,17.771423695354567,17.325485737102632,17.589744567871094,30900,0.0,0.0
2013-03-05 00:00:00-05:00,17.738391862113353,17.77968329190785,17.09426130838907,17.259422302246094,46400,0.0,0.0
2013-03-06 00:00:00-05:00,16.92909878472528,17.11077635098625,16.35928965289237,17.003421783447266,140300,0.0,0.0
2013-03-07 00:00:00-05:00,16.962133716755872,17.028198436461242,16.805229416790432,16.937358856201172,55000,0.0,0.0
2013-03-08 00:00:00-05:00,17.019940636475493,17.581491557588233,16.9621342019681,17.523683547973633,44900,0.0,0.0
2013-03-11 00:00:00-04:00,17.457615359406933,17.581488066016394,17.094260250346995,17.242904663085938,83400,0.0,0.0
2013-03-12 00:00:00-04:00,17.25942247840924,17.292455622582,16.516194060699178,16.689613342285156,101000,0.0,0.0
2013-03-13 00:00:00-04:00,16.7391617326907,16.970387423157383,16.673097024684953,16.82174301147461,78500,0.0,0.0
2013-03-14 00:00:00-04:00,16.953873023139487,16.953873023139487,16.433612051096958,16.673097610473633,96200,0.0,0.0
2013-03-15 00:00:00-04:00,16.73916209118636,16.813485086172932,16.54096796292447,16.640064239501953,76100,0.0,0.0
2013-03-18 00:00:00-04:00,16.417094852576856,16.788709818410894,16.417094852576856,16.6978702545166,114100,0.0,0.0
2013-03-19 00:00:00-04:00,16.796971318555695,16.85477775205862,16.59877715721402,16.74742317199707,50700,0.0,0.0
2013-03-20 00:00:00-04:00,16.730903566180164,17.342002513352124,16.730903566180164,17.242904663085938,115900,0.0,0.0
2013-03-21 00:00:00-04:00,17.275936619461653,17.449355876644432,17.23464677016293,17.441099166870117,54700,0.0,0.0
2013-03-22 00:00:00-04:00,17.556715180593926,18.53117092132534,17.556715180593926,18.42381477355957,69800,0.0,0.0
2013-03-25 00:00:00-04:00,18.498135724380795,19.001880111630864,18.217360319202744,18.993621826171875,86700,0.0,0.0
2013-03-26 00:00:00-04:00,19.043168718241553,19.22484783624224,18.968845729078872,19.067943572998047,77300,0.0,0.0
2013-03-27 00:00:00-04:00,18.993621184870268,18.993621184870268,18.498135099808806,18.663297653198242,65400,0.0,0.0
2013-03-28 00:00:00-04:00,18.663298798429654,18.952332497043646,18.415554953143253,18.622007369995117,49200,0.0,0.0
2013-04-01 00:00:00-04:00,18.67981613853964,18.6880728494594,18.076973859441978,18.28342628479004,103000,0.0,0.0
2013-04-02 00:00:00-04:00,18.332976891346366,18.56420261089788,18.209104170035676,18.489879608154297,39600,0.0,0.0
2013-04-03 00:00:00-04:00,18.498136158213548,18.985363985972487,18.209102460797865,18.6798152923584,128700,0.0,0.0
2013-04-04 00:00:00-04:00,18.745879519189984,19.06794477580633,18.33297469784313,18.514652252197266,70700,0.0,0.0
2013-04-05 00:00:00-04:00,18.159552589185456,18.308198566535676,17.342001288866012,18.2091007232666,72200,0.0,0.0
2013-04-08 00:00:00-04:00,18.31645700108931,19.976334469887302,18.31645700108931,19.70381736755371,163600,0.0,0.0
2013-04-09 00:00:00-04:00,19.877237897090534,20.727822398220454,19.835948044895847,20.364465713500977,338500,0.0,0.0
2013-04-10 00:00:00-04:00,20.57091841405872,21.471051065505787,20.447047280625267,20.97556495666504,482800,0.0,0.0
2013-04-11 00:00:00-04:00,20.975565872832668,21.421503862799028,19.423044344101566,19.588205337524414,350100,0.0,0.0
2013-04-12 00:00:00-04:00,19.637755522018484,19.819433091653444,18.919300379398955,19.753368377685547,114900,0.0,0.0
2013-04-15 00:00:00-04:00,19.662526962608123,19.71207667477068,18.357747802691435,18.605491638183594,141500,0.0,0.0
2013-04-16 00:00:00-04:00,18.688072274957165,19.398269100356114,18.688072274957165,19.29091453552246,56600,0.0,0.0
2013-04-17 00:00:00-04:00,19.12575235079066,19.67904490772652,18.960589782260826,19.588205337524414,85000,0.0,0.0
2013-04-18 00:00:00-04:00,19.513882096967194,20.158014216109432,19.307429676421126,19.835948944091797,206200,0.0,0.0
2013-04-19 00:00:00-04:00,19.8854965486914,20.10846553490468,19.49736657555145,19.82769012451172,102100,0.0,0.0
2013-04-22 00:00:00-04:00,19.835948780981028,20.13323919305001,19.563431651105404,20.0258846282959,34800,0.0,0.0
2013-04-23 00:00:00-04:00,20.07543252372677,21.05814646652802,20.07543252372677,21.00859832763672,71900,0.0,0.0
2013-04-24 00:00:00-04:00,20.92601615843845,21.157243421967863,20.595692621329913,20.901241302490234,85000,0.0,0.0
2013-04-25 00:00:00-04:00,21.09118012558023,21.09118012558023,20.19104744229734,20.537887573242188,70200,0.0,0.0
2013-04-26 00:00:00-04:00,20.562658094651173,20.562658094651173,19.83594636197478,20.017623901367188,44800,0.0,0.0
2013-04-29 00:00:00-04:00,20.067172457200087,20.96730503856232,20.00110775283895,20.85169219970703,79000,0.0,0.0
2013-04-30 00:00:00-04:00,20.851693319480976,20.992081020675815,20.480078353051432,20.711305618286133,111100,0.0,0.0
2013-05-01 00:00:00-04:00,20.670018571639,20.85995443576504,20.042402973776916,20.438791275024414,106600,0.0,0.0
2013-05-02 00:00:00-04:00,20.397498249269663,20.884726051203064,20.100206281959288,20.76911163330078,75400,0.0,0.0
2013-05-03 00:00:00-04:00,21.0251147140088,21.0251147140088,19.745110278121007,20.141498565673828,134700,0.0,0.0
2013-05-06 00:00:00-04:00,20.100207752325197,20.678275158802727,19.827690620724525,20.47182273864746,66200,0.0,0.0
2013-05-07 00:00:00-04:00,20.405759235628445,20.645244831727936,19.893758045861613,19.97633934020996,92200,0.0,0.0
2013-05-08 00:00:00-04:00,20.0671768194427,20.686534148130523,19.90201581019023,20.670019149780273,177700,0.0,0.0
2013-05-09 00:00:00-04:00,20.70304768722143,21.025112946900943,20.48007870354781,20.81040382385254,210600,0.0,0.0
2013-05-10 00:00:00-04:00,21.041629513324864,24.386159542375257,21.041629513324864,24.28706169128418,582700,0.0,0.0
2013-05-13 00:00:00-04:00,23.948482703800437,24.237516430764273,23.238285816136223,23.857643127441406,151200,0.0,0.0
2013-05-14 00:00:00-04:00,23.750285285240075,24.774289043352486,23.725510429158245,24.501771926879883,136100,0.0,0.0
2013-05-15 00:00:00-04:00,24.37789920051453,24.567835026051654,24.163188520517735,24.47699546813965,155600,0.0,0.0
2013-05-16 00:00:00-04:00,24.4687423609819,24.766034376978727,24.16319363352481,24.369646072387695,198100,0.0,0.0
2013-05-17 00:00:00-04:00,24.369643631199093,24.551321192160625,23.92370565187495,24.361385345458984,158700,0.0,0.0
2013-05-20 00:00:00-04:00,24.3613863630391,25.005518501710522,24.26228850512541,24.63390350341797,44000,0.0,0.0
2013-05-21 00:00:00-04:00,24.633900352742906,24.955965593332973,24.518287512552995,24.708223342895508,68600,0.0,0.0
2013-05-22 00:00:00-04:00,24.617382151443834,24.774286406380792,23.01531276457471,23.12266731262207,168700,0.0,0.0
2013-05-23 00:00:00-04:00,22.79234458716893,23.816348271252604,22.503310920870344,23.51905632019043,106300,0.0,0.0
2013-05-24 00:00:00-04:00,23.461252707297138,24.05583510541105,23.41170456789772,23.72551155090332,82200,0.0,0.0
2013-05-28 00:00:00-04:00,24.08060741121821,24.287059807799373,23.576863059526005,23.77505874633789,78500,0.0,0.0
2013-05-29 00:00:00-04:00,23.692480498674268,24.11364363050337,23.4529949320019,23.634674072265625,44200,0.0,0.0
2013-05-30 00:00:00-04:00,23.642928340385268,23.808090891723367,23.519057214435104,23.626413345336914,53400,0.0,0.0
2013-05-31 00:00:00-04:00,23.71725372020684,23.964997572171225,23.403446731180335,23.411705017089844,110600,0.0,0.0
2013-06-03 00:00:00-04:00,23.543831739292788,23.543831739292788,21.619695446206133,22.47853660583496,141100,0.0,0.0
2013-06-04 00:00:00-04:00,22.437247049753402,22.437247049753402,21.916987691212185,22.098665237426758,67400,0.0,0.0
2013-06-05 00:00:00-04:00,21.941763446120603,21.941763446120603,21.38847088489456,21.471052169799805,86900,0.0,0.0
2013-06-06 00:00:00-04:00,21.330666546789057,22.222541045866723,21.305891686359317,22.0821533203125,71200,0.0,0.0
2013-06-07 00:00:00-04:00,22.329894172457262,23.172218836497805,22.181248180242182,23.08138084411621,118900,0.0,0.0
2013-06-10 00:00:00-04:00,23.238284137223427,24.262287962253215,23.238284137223427,24.14667510986328,172300,0.0,0.0
2013-06-11 00:00:00-04:00,23.808093963158836,23.898933535624508,22.569379393639423,22.627185821533203,72600,0.0,0.0
2013-06-12 00:00:00-04:00,22.850152226965022,23.444734585768686,22.362924425613617,22.552860260009766,64200,0.0,0.0
2013-06-13 00:00:00-04:00,22.701508041551097,22.94925189200521,22.445507480344787,22.866670608520508,49900,0.0,0.0
2013-06-14 00:00:00-04:00,22.899701939442384,23.998028745613457,22.899701939442384,23.9484806060791,91400,0.0,0.0
2013-06-17 00:00:00-04:00,24.262285347534736,26.86358527171802,24.220995497590085,26.549779891967773,386100,0.0,0.0
2013-06-18 00:00:00-04:00,26.75623688930965,27.061785611657488,25.823070999193416,26.087329864501953,97600,0.0,0.0
2013-06-19 00:00:00-04:00,26.161650561618767,27.582044200132756,26.10384413681542,26.90488052368164,149200,0.0,0.0
2013-06-20 00:00:00-04:00,26.764492178620717,26.830558466544794,25.401906492326525,25.61661720275879,116600,0.0,0.0
2013-06-21 00:00:00-04:00,25.77352064605357,27.094818090279038,25.61661793308162,27.07004165649414,108400,0.0,0.0
2013-06-24 00:00:00-04:00,26.86358509643337,27.994946508859137,26.285519325446074,26.71493911743164,157400,0.0,0.0
2013-06-25 00:00:00-04:00,27.094815290345625,28.358303025315656,26.64887733086899,27.52423667907715,171000,0.0,0.0
2013-06-26 00:00:00-04:00,27.813269639834378,28.019722055123996,27.25171881822951,27.507720947265625,129400,0.0,0.0
2013-06-27 00:00:00-04:00,27.598558483089082,27.805010906751498,26.76449207758707,26.888364791870117,84400,0.0,0.0
2013-06-28 00:00:00-04:00,26.549783914632563,26.591073770833205,25.542295042223543,25.600101470947266,441400,0.0,0.0
2013-07-01 00:00:00-04:00,26.31029749919557,27.61507518476147,26.31029749919557,26.574556350708008,107600,0.0,0.0
2013-07-02 00:00:00-04:00,26.657137765052752,28.06101497236654,26.47546176190452,27.821529388427734,89000,0.0,0.0
2013-07-03 00:00:00-04:00,27.58204645222013,28.829017767925997,27.350817583912907,28.416112899780273,80300,0.0,0.0
2013-07-05 00:00:00-04:00,28.903338007319714,31.62850924653852,28.655595740156887,29.927343368530273,205900,0.0,0.0
2013-07-08 00:00:00-04:00,30.125538623989485,31.496382652129636,30.125538623989485,30.64579963684082,217600,0.0,0.0
2013-07-09 00:00:00-04:00,31.00914980464741,32.58644601233416,30.88528025495658,32.289154052734375,104500,0.0,0.0
2013-07-10 00:00:00-04:00,32.11573465066666,32.11573465066666,30.389792470831303,30.720117568969727,154500,0.0,0.0
2013-07-11 00:00:00-04:00,31.38076709468841,31.89276820206818,30.769666559908273,31.08347511291504,203100,0.0,0.0
2013-07-12 00:00:00-04:00,31.10825051567385,31.504641951874248,30.967864375939012,31.017414093017578,60500,0.0,0.0
2013-07-15 00:00:00-04:00,31.13302242630775,31.331214965400424,30.208116560043507,30.307212829589844,86900,0.0,0.0
2013-07-16 00:00:00-04:00,30.2576631852108,30.2576631852108,28.283978748816605,28.74643325805664,174000,0.0,0.0
2013-07-17 00:00:00-04:00,28.952883841403523,29.109786521199826,28.490429361174296,29.043720245361328,99600,0.0,0.0
2013-07-18 00:00:00-04:00,29.341014740054593,30.175084218939368,29.341014740054593,29.555727005004883,101000,0.0,0.0
2013-07-19 00:00:00-04:00,29.630051804882143,30.843989876129918,29.36579296282726,30.703603744506836,81300,0.0,0.0
2013-07-22 00:00:00-04:00,30.926567878967553,31.372505786271624,29.82823967952013,30.373273849487305,131400,0.0,0.0
2013-07-23 00:00:00-04:00,30.398052392651458,30.571471651930285,29.07675514762736,29.159337997436523,60600,0.0,0.0
2013-07-24 00:00:00-04:00,29.1758510354452,29.654818905501283,28.168362441232663,28.878559112548828,72100,0.0,0.0
2013-07-25 00:00:00-04:00,28.820757811730388,29.778696871965618,28.52346583610328,29.737403869628906,67000,0.0,0.0
2013-07-26 00:00:00-04:00,29.37405053873069,30.307216374221724,28.903339265565734,30.150310516357422,54100,0.0,0.0
2013-07-29 00:00:00-04:00,30.183347000863098,30.546705322269727,29.481409943951018,29.58876609802246,8600,0.0,0.0
2013-07-30 00:00:00-04:00,29.737410584788734,29.84476674472202,28.663858436099392,28.787731170654297,76000,0.0,0.0
2013-07-31 00:00:00-04:00,28.878563791609555,30.265924223104754,28.573011960118222,29.597017288208008,158100,0.0,0.0
2013-08-01 00:00:00-04:00,29.79521429038163,30.282438969590512,28.95288805221615,29.646568298339844,85500,0.0,0.0
2013-08-02 00:00:00-04:00,29.704376581335886,30.72837886811541,29.63831029175575,30.381540298461914,70200,0.0,0.0
2013-08-05 00:00:00-04:00,30.505409526890638,31.166059814489433,29.72089282324164,29.902568817138672,107400,0.0,0.0
2013-08-06 00:00:00-04:00,30.12553832940407,30.257667759129845,29.10979274772201,29.233665466308594,62200,0.0,0.0
2013-08-07 00:00:00-04:00,29.258440512626105,29.63831225219647,28.077532285089042,28.440887451171875,215800,0.0,0.0
2013-08-08 00:00:00-04:00,28.40785042317404,29.01894773988836,24.14667159961253,28.829011917114258,540200,0.0,0.0
2013-08-09 00:00:00-04:00,28.928114716135696,30.819219811565574,27.862822526107134,28.490436553955078,342300,0.0,0.0
2013-08-12 00:00:00-04:00,27.953652790790287,28.713399236192473,26.838811127133237,28.1270751953125,75400,0.0,0.0
2013-08-13 00:00:00-04:00,28.13533716392096,28.391339313523158,27.79675530165437,27.961917877197266,51700,0.0,0.0
2013-08-14 00:00:00-04:00,27.722429610142104,29.060240356819143,27.722429610142104,28.812498092651367,123700,0.0,0.0
2013-08-15 00:00:00-04:00,28.432626858018473,28.779465403264663,27.334298497644493,27.48294448852539,106400,0.0,0.0
2013-08-16 00:00:00-04:00,27.317782893420592,27.449912302509112,26.75623211724098,27.25171661376953,61300,0.0,0.0
2013-08-19 00:00:00-04:00,27.25172230396113,27.466431457231398,26.855333993929225,27.127849578857422,46600,0.0,0.0
2013-08-20 00:00:00-04:00,27.078300129407026,27.862819954469263,26.45894287018114,27.35907554626465,103200,0.0,0.0
2013-08-21 00:00:00-04:00,27.218682865220444,28.56475335597783,27.20216629567706,28.42436408996582,91000,0.0,0.0
2013-08-22 00:00:00-04:00,28.45740373017085,29.54747236735317,28.350050728934253,29.167600631713867,76600,0.0,0.0
2013-08-23 00:00:00-04:00,29.522699993810992,31.28993244045517,29.522699993810992,31.09999656677246,170100,0.0,0.0
2013-08-26 00:00:00-04:00,31.000890676203877,31.942313041348587,30.398050094141272,31.82670021057129,106200,0.0,0.0
2013-08-27 00:00:00-04:00,31.40553548406751,31.752377125509962,29.530947468988312,29.729143142700195,128800,0.0,0.0
2013-08-28 00:00:00-04:00,29.795215229498528,30.323732928877074,29.50617994687877,30.05121421813965,70100,0.0,0.0
2013-08-29 00:00:00-04:00,29.853021132290685,31.380767777145074,29.82824469979484,31.256895065307617,79100,0.0,0.0
2013-08-30 00:00:00-04:00,31.16605714638105,31.917543791487,31.10824757348327,31.8349609375,117900,0.0,0.0
2013-09-03 00:00:00-04:00,32.3221880062462,34.659230741754335,32.115735601351716,32.17354202270508,268400,0.0,0.0
2013-09-04 00:00:00-04:00,32.10747728768455,32.32218639195743,30.82747307130961,31.281667709350586,69100,0.0,0.0
2013-09-05 00:00:00-04:00,31.430319705631742,31.47160956241439,30.249411530405908,30.554960250854492,88200,0.0,0.0
2013-09-06 00:00:00-04:00,30.64579443153164,31.12476235628634,29.431853324475924,29.762178421020508,82200,0.0,0.0
2013-09-09 00:00:00-04:00,30.36502327227237,31.620254403609316,29.844762275353172,31.17431640625,152600,0.0,0.0
2013-09-10 00:00:00-04:00,31.512897997245965,32.20657827062176,30.63753858196741,30.943090438842773,109800,0.0,0.0
2013-09-11 00:00:00-04:00,31.149540177414583,32.20657549322644,30.976117761365543,31.89276695251465,75600,0.0,0.0
2013-09-12 00:00:00-04:00,31.942313220592602,33.39573662314123,31.661537851323576,33.19754409790039,94500,0.0,0.0
2013-09-13 00:00:00-04:00,33.26361006299064,35.394200367628756,33.20580364234204,34.650970458984375,258300,0.0,0.0
2013-09-16 00:00:00-04:00,35.105168419575755,35.39420370024716,34.08942288226447,34.16374588012695,141200,0.0,0.0
2013-09-17 00:00:00-04:00,34.03161895946052,35.32814001181984,33.742586807742526,34.01510238647461,128600,0.0,0.0
2013-09-18 00:00:00-04:00,33.83342435401645,34.60968433649277,32.82593551382553,33.47006607055664,108000,0.0,0.0
2013-09-19 00:00:00-04:00,33.75084299415896,33.75084299415896,32.13225666928573,32.371742248535156,125200,0.0,0.0
2013-09-20 00:00:00-04:00,32.38825728858063,32.64425627823049,30.381539475073343,30.49715232849121,258800,0.0,0.0
2013-09-23 00:00:00-04:00,30.53844110037667,30.810959802524565,29.48140573493632,29.646568298339844,171800,0.0,0.0
2013-09-24 00:00:00-04:00,29.60527241678644,31.10824561224235,29.60527241678644,30.464115142822266,168100,0.0,0.0
2013-09-25 00:00:00-04:00,30.44760417390402,31.33948020351267,29.60527786267834,30.97612190246582,93500,0.0,0.0
2013-09-26 00:00:00-04:00,31.141280169263705,32.817675848359166,31.141280169263705,32.08270263671875,114600,0.0,0.0
2013-09-27 00:00:00-04:00,31.752382762443524,32.28915716324002,31.174315357558594,31.256895065307617,73900,0.0,0.0
2013-09-30 00:00:00-04:00,30.91006031668251,33.55265224266257,30.563218570979313,32.78464889526367,177200,0.0,0.0
2013-10-01 00:00:00-04:00,32.87548260911971,32.87548260911971,31.42205589156933,31.80192756652832,105600,0.0,0.0
2013-10-02 00:00:00-04:00,31.56244939300261,31.56244939300261,30.406314492443165,30.78618621826172,158600,0.0,0.0
2013-10-03 00:00:00-04:00,30.80270101701305,30.976120297044314,30.15857046248894,30.398056030273438,96400,0.0,0.0
2013-10-04 00:00:00-04:00,30.505409193465173,32.413030735138925,30.431086194433362,32.000125885009766,132100,0.0,0.0
2013-10-07 00:00:00-04:00,31.719350327393595,31.818446608947536,30.827477492980154,31.45509147644043,91700,0.0,0.0
2013-10-08 00:00:00-04:00,31.413802038337383,31.471608465861795,29.481407196226055,29.67959976196289,112700,0.0,0.0
2013-10-09 00:00:00-04:00,29.687859104245316,30.28243994127716,28.994178835863178,30.150310516357422,75000,0.0,0.0
2013-10-10 00:00:00-04:00,30.695344924926758,31.289928914826316,29.41534052463876,30.695344924926758,140400,0.0,0.0
2013-10-11 00:00:00-04:00,30.753155119290497,31.68631782746591,29.902568972172002,31.43031883239746,94800,0.0,0.0
2013-10-14 00:00:00-04:00,31.33121388401904,32.0827004650866,30.56321073356155,31.950571060180664,92300,0.0,0.0
2013-10-15 00:00:00-04:00,31.87625155972304,32.0909638350643,30.695343495987636,30.860506057739258,69600,0.0,0.0
2013-10-16 00:00:00-04:00,31.042182464739867,32.19005728528235,30.670567520985283,31.512893676757812,92400,0.0,0.0
2013-10-17 00:00:00-04:00,31.55418665892458,32.2313503346824,31.058702118199204,32.07444763183594,73500,0.0,0.0
2013-10-18 00:00:00-04:00,32.23134717543562,33.01586691319878,31.834958951665666,32.759864807128906,108100,0.0,0.0
2013-10-21 00:00:00-04:00,32.726836979576724,33.040642375239514,32.50386799831288,32.81767654418945,57700,0.0,0.0
2013-10-22 00:00:00-04:00,32.90025570678141,32.90025570678141,31.504638569485202,31.89276695251465,85400,0.0,0.0
2013-10-23 00:00:00-04:00,31.752381004707253,32.181802391701055,30.56321311758172,31.80192756652832,97100,0.0,0.0
2013-10-24 00:00:00-04:00,31.72760664174321,32.024898632903536,31.174315663916786,31.61199378967285,34400,0.0,0.0
2013-10-25 00:00:00-04:00,31.801926441728618,32.016638702738256,30.86876385801436,31.587217330932617,60300,0.0,0.0
2013-10-28 00:00:00-04:00,31.777156522415915,32.66077263951191,31.68631695239809,32.18180465698242,55100,0.0,0.0
2013-10-29 00:00:00-04:00,32.34696089616379,33.02412767423727,32.16528492419577,32.86722183227539,105100,0.0,0.0
2013-10-30 00:00:00-04:00,32.8672223901004,33.05715822550775,32.049672626834614,32.61948013305664,178000,0.0,0.0
2013-10-31 00:00:00-04:00,32.685547378051304,33.68477629602217,32.23960941210579,32.949806213378906,128100,0.0,0.0
2013-11-01 00:00:00-04:00,33.03238880938563,33.288390956735434,31.19909022239622,31.661544799804688,91900,0.0,0.0
2013-11-04 00:00:00-05:00,31.661544849137034,32.95806585990842,31.380769417811212,32.84245300292969,85300,0.0,0.0
2013-11-05 00:00:00-05:00,32.73509078002808,32.79289719778609,31.89276464242266,31.950571060180664,70600,0.0,0.0
2013-11-06 00:00:00-05:00,32.1239918424081,32.59470302051761,31.578957680901645,31.6697940826416,47500,0.0,0.0
2013-11-07 00:00:00-05:00,31.669804871269857,32.12400278576331,30.753158630727548,31.298192977905273,87300,0.0,0.0
2013-11-08 00:00:00-05:00,31.16605417742503,31.636765374561598,30.208115213927893,31.182567596435547,78800,0.0,0.0
2013-11-11 00:00:00-05:00,31.066960148156454,31.4633484276136,30.654055296611848,30.728378295898438,36200,0.0,0.0
2013-11-12 00:00:00-05:00,30.72011841824211,31.38076548256925,30.47237616289614,31.339475631713867,60700,0.0,0.0
2013-11-13 00:00:00-05:00,31.149546960473675,31.45509570732111,30.596252751097296,31.298192977905273,71900,0.0,0.0
2013-11-14 00:00:00-05:00,31.2981885263761,31.2981885263761,30.142053699725693,30.563215255737305,75500,0.0,0.0
2013-11-15 00:00:00-05:00,30.472372547448032,31.42205160530018,30.472372547448032,31.124759674072266,58300,0.0,0.0
2013-11-18 00:00:00-05:00,31.273410488222822,31.40553990589648,28.539982569433974,28.91159439086914,183100,0.0,0.0
2013-11-19 00:00:00-05:00,28.911593580007274,30.810958237340003,28.655594612439646,28.9528865814209,155600,0.0,0.0
2013-11-20 00:00:00-05:00,29.15933625465304,30.67882594797566,28.49042938713903,30.530179977416992,208300,0.0,0.0
2013-11-21 00:00:00-05:00,30.678833541866265,32.0001278847644,30.27418537735822,31.364253997802734,194800,0.0,0.0
2013-11-22 00:00:00-05:00,31.95883504348893,31.95883504348893,28.465660497254202,29.976890563964844,505300,0.0,0.0
2013-11-25 00:00:00-05:00,29.92734059418049,30.398051803217744,29.415336385932537,29.91908073425293,117800,0.0,0.0
2013-11-26 00:00:00-05:00,29.99340594626333,30.373277625542666,29.407081856478207,29.53921127319336,89400,0.0,0.0
2013-11-27 00:00:00-05:00,29.547471364244277,30.637539964419794,29.547471364244277,30.554960250854492,90300,0.0,0.0
2013-11-29 00:00:00-05:00,30.769662050353126,30.926567878967553,30.24940430871177,30.373273849487305,47900,0.0,0.0
2013-12-02 00:00:00-05:00,30.83573610767009,31.653289144054767,30.810962823305587,31.57896614074707,196100,0.0,0.0
2013-12-03 00:00:00-05:00,31.3972816831072,32.834188637315854,31.3972816831072,32.669029235839844,357900,0.0,0.0
2013-12-04 00:00:00-05:00,32.83419881024824,33.139750728117235,31.01741962941507,31.851486206054688,136900,0.0,0.0
2013-12-05 00:00:00-05:00,31.909282969515218,32.13225194324112,31.41379846137787,32.06618881225586,131000,0.0,0.0
2013-12-06 00:00:00-05:00,32.55341234498739,32.77638131107528,31.958831585633263,32.02489471435547,105500,0.0,0.0
2013-12-09 00:00:00-05:00,32.23135198339862,32.256128416851986,30.604508996330996,30.885284423828125,150500,0.0,0.0
2013-12-10 00:00:00-05:00,30.76140846746242,31.72760421460631,30.530182781010286,31.347732543945312,91100,0.0,0.0
2013-12-11 00:00:00-05:00,31.496383206061598,32.06619394689626,30.571477172670406,31.331220626831055,121300,0.0,0.0
2013-12-12 00:00:00-05:00,31.141281380879978,32.28915629902382,31.141281380879978,32.00838088989258,122900,0.0,0.0
2013-12-13 00:00:00-05:00,32.00838617801282,32.66077667027801,31.71109729882966,31.768903732299805,106100,0.0,0.0
2013-12-16 00:00:00-05:00,31.9918648978569,32.43779968222715,31.611990092352013,31.93405532836914,108300,0.0,0.0
2013-12-17 00:00:00-05:00,31.934062038683685,32.72684180571321,31.678063028165933,32.611228942871094,68100,0.0,0.0
2013-12-18 00:00:00-05:00,33.15625899032466,34.25458419607941,33.073676134492146,33.50309753417969,152300,0.0,0.0
2013-12-19 00:00:00-05:00,33.36271690309969,33.77562179967165,32.5121306740157,33.49484634399414,100200,0.0,0.0
2013-12-20 00:00:00-05:00,33.527871982067516,34.36194152881232,32.85070829175543,33.94077682495117,127500,0.0,0.0
2013-12-23 00:00:00-05:00,34.01509743153089,34.58490809079148,33.899484587684896,34.33716583251953,105700,0.0,0.0
2013-12-24 00:00:00-05:00,34.33716755169079,34.617939814966455,33.71781029989447,34.50232696533203,48900,0.0,0.0
2013-12-26 00:00:00-05:00,34.60142834623737,35.24555891638363,33.98207105949241,34.62620162963867,114300,0.0,0.0
2013-12-27 00:00:00-05:00,34.71704013226506,35.02258883558096,34.15548929090862,34.609683990478516,70900,0.0,0.0
2013-12-30 00:00:00-05:00,34.684007845872785,35.08039612894279,34.6014281348968,34.692264556884766,114600,0.0,0.0
2013-12-31 00:00:00-05:00,34.67575417142984,35.179495492838626,34.60143116495734,35.055625915527344,68700,0.0,0.0
2014-01-02 00:00:00-05:00,34.82439845404551,34.90698132583448,33.91600891586799,34.469303131103516,122100,0.0,0.0
2014-01-03 00:00:00-05:00,34.49406779541574,34.85742288981982,34.14722612102731,34.67574691772461,86600,0.0,0.0
2014-01-06 00:00:00-05:00,34.70052444337497,34.915233582197274,34.056393876694,34.717041015625,132300,0.0,0.0
2014-01-07 00:00:00-05:00,34.84090645510621,35.16297485051019,34.60968077142367,35.09690856933594,89600,0.0,0.0
2014-01-08 00:00:00-05:00,35.006067336777285,35.30335928744255,34.85742136144466,35.129940032958984,85100,0.0,0.0
2014-01-09 00:00:00-05:00,35.12994288381597,35.29510544205696,34.68400492162942,34.799617767333984,98600,0.0,0.0
2014-01-10 00:00:00-05:00,34.8409109045933,35.28684890882865,34.59316861897835,35.27033233642578,40500,0.0,0.0
2014-01-13 00:00:00-05:00,35.253819141344906,35.253819141344906,33.04890849286273,33.40400695800781,130000,0.0,0.0
2014-01-14 00:00:00-05:00,33.511358421652226,35.08039492797887,33.42877556328939,34.98955535888672,106400,0.0,0.0
2014-01-15 00:00:00-05:00,35.162977786341706,35.33639706358276,34.59316708938692,34.98955535888672,68900,0.0,0.0
2014-01-16 00:00:00-05:00,34.80787819507111,35.0969103140424,34.07290495643272,34.551876068115234,82500,0.0,0.0
2014-01-17 00:00:00-05:00,34.62620475807184,34.62620475807184,33.973814267706466,34.22981643676758,123600,0.0,0.0
2014-01-21 00:00:00-05:00,34.29587330881423,34.708778128425145,34.26284331740783,34.5766487121582,63700,0.0,0.0
2014-01-22 00:00:00-05:00,34.60967919783456,34.89045457963185,34.03987172457543,34.816131591796875,68900,0.0,0.0
2014-01-23 00:00:00-05:00,34.71703906603251,34.71703906603251,33.13974273219178,33.85819625854492,157500,0.0,0.0
2014-01-24 00:00:00-05:00,33.50309591869866,34.304132255472844,31.16605634007018,31.314699172973633,372600,0.0,0.0
2014-01-27 00:00:00-05:00,31.207348138098826,31.768898964865667,30.14205290936051,31.438573837280273,115400,0.0,0.0
2014-01-28 00:00:00-05:00,31.281671214495116,31.281671214495116,28.622563066235504,28.69688606262207,527800,0.0,0.0
2014-01-29 00:00:00-05:00,28.490435081556093,28.57301479272136,27.672882080078125,27.672882080078125,276400,0.0,0.0
2014-01-30 00:00:00-05:00,27.92062970888079,29.134567939552618,27.78024040860678,28.027982711791992,257700,0.0,0.0
2014-01-31 00:00:00-05:00,31.58721704230265,31.967088700354893,29.687855601827827,31.35599136352539,613500,0.0,0.0
2014-02-03 00:00:00-05:00,31.380765712831728,31.57896140869102,30.88528119850408,31.372509002685547,204100,0.0,0.0
2014-02-04 00:00:00-05:00,31.545928955078125,31.75238136558228,31.29818669251589,31.545928955078125,142300,0.0,0.0
2014-02-05 00:00:00-05:00,31.446840470168933,31.777162518675343,30.868772947514515,31.033935546875,151400,0.0,0.0
2014-02-06 00:00:00-05:00,31.232124847285778,31.884515313238023,31.042188980656817,31.818449020385742,93900,0.0,0.0
2014-02-07 00:00:00-05:00,31.975347881159664,31.991864450751965,30.98437575711619,31.281667709350586,108100,0.0,0.0
2014-02-10 00:00:00-05:00,31.17431854674423,31.42206084554968,30.92657624793878,31.306447982788086,90300,0.0,0.0
2014-02-11 00:00:00-05:00,31.232118090786496,31.760635718412676,31.099988683879953,31.504636764526367,61800,0.0,0.0
2014-02-12 00:00:00-05:00,31.504640008757722,31.867995127614297,31.471606866076066,31.752382278442383,140400,0.0,0.0
2014-02-13 00:00:00-05:00,31.405540825653834,31.917545090571128,30.843989996541502,31.884511947631836,103700,0.0,0.0
2014-02-14 00:00:00-05:00,31.876249670705477,33.329676347731656,31.711090268955207,32.86722183227539,184100,0.0,0.0
2014-02-18 00:00:00-05:00,32.94980668584004,33.30490509156828,32.627738272341,33.18928909301758,111600,0.0,0.0
2014-02-19 00:00:00-05:00,33.19754765780867,33.42051663527454,32.95806210976603,33.0654182434082,56900,0.0,0.0
2014-02-20 00:00:00-05:00,33.19754895373527,33.23883880668217,32.908513682679285,33.18928909301758,112200,0.0,0.0
2014-02-21 00:00:00-05:00,33.230583959201695,33.238840670168436,32.09922239370273,32.89200210571289,135300,0.0,0.0
2014-02-24 00:00:00-05:00,32.99935736553205,33.03239051209557,32.313936900517476,32.58645248413086,106400,0.0,0.0
2014-02-25 00:00:00-05:00,32.69380448879163,33.2388387371058,32.46257879260193,32.9663200378418,154000,0.0,0.0
2014-02-26 00:00:00-05:00,33.05715913813654,33.73432279618409,32.89199972902352,33.46180725097656,127000,0.0,0.0
2014-02-27 00:00:00-05:00,33.33793736374666,34.03987751270432,33.24709779092275,33.866455078125,61200,0.0,0.0
2014-02-28 00:00:00-05:00,33.91600156525441,34.12245397466074,33.29664433703543,33.64348602294922,165100,0.0,0.0
2014-03-03 00:00:00-05:00,33.44529037079361,33.94077489397912,33.057158832496235,33.841678619384766,92700,0.0,0.0
2014-03-04 00:00:00-05:00,33.89948655359276,35.039104787989245,33.89948655359276,34.65923309326172,183900,0.0,0.0
2014-03-05 00:00:00-05:00,34.650969046584315,34.93174442838161,34.320647106372725,34.816131591796875,57700,0.0,0.0
2014-03-06 00:00:00-05:00,34.816136473795694,34.99781561402634,34.75007333657526,34.8326530456543,35300,0.0,0.0
2014-03-07 00:00:00-05:00,35.03910635424325,35.311621921263566,34.48581220874351,34.94001007080078,74700,0.0,0.0
2014-03-10 00:00:00-04:00,34.93175762404756,34.98956406417663,34.47756281579855,34.80788803100586,70100,0.0,0.0
2014-03-11 00:00:00-04:00,34.71703695737145,34.9317460710953,33.71780807965495,34.04813003540039,62000,0.0,0.0
2014-03-12 00:00:00-04:00,33.89948762871996,34.88220318999524,33.370969923604186,34.87394332885742,95900,0.0,0.0
2014-03-13 00:00:00-04:00,34.857422777749335,34.857422777749335,34.072903020554016,34.428001403808594,85200,0.0,0.0
2014-03-14 00:00:00-04:00,34.26284377108096,35.01433042671468,33.759099380451374,34.64271545410156,55300,0.0,0.0
2014-03-17 00:00:00-04:00,34.502331757822596,35.41898112184107,34.502331757822596,35.278594970703125,105900,0.0,0.0
2014-03-18 00:00:00-04:00,35.27032924310552,36.30259130114687,35.23729610119688,36.203495025634766,97100,0.0,0.0
2014-03-19 00:00:00-04:00,36.186979133808826,36.814596240996316,35.52633203430663,36.376914978027344,120800,0.0,0.0
2014-03-20 00:00:00-04:00,36.28607267248202,36.71549404230125,35.964007432671,36.393428802490234,84600,0.0,0.0
2014-03-21 00:00:00-04:00,36.674212075642785,36.83111479921738,36.12917774875584,36.30259704589844,63300,0.0,0.0
2014-03-24 00:00:00-04:00,36.302594402872636,36.33562754760366,35.03084668265513,35.80710983276367,130100,0.0,0.0
2014-03-25 00:00:00-04:00,36.13742979099944,36.467754919248556,35.41071954919361,35.46026611328125,77200,0.0,0.0
2014-03-26 00:00:00-04:00,35.78233333193989,36.310850999258,35.01433011217645,35.022586822509766,50700,0.0,0.0
2014-03-27 00:00:00-04:00,34.97303632552123,35.48504056068989,34.60142451479437,35.1629753112793,128200,0.0,0.0
2014-03-28 00:00:00-04:00,35.138199536658455,35.74104019557033,34.865683993688265,35.31161880493164,40900,0.0,0.0
2014-03-31 00:00:00-04:00,35.82362582305051,36.22827081368136,35.15471882907945,36.05485153198242,111400,0.0,0.0
2014-04-01 00:00:00-04:00,36.137426724861804,36.335622415037825,35.641942224742195,35.88142776489258,101600,0.0,0.0
2014-04-02 00:00:00-04:00,35.79884795214034,35.8401409558319,35.154717417289845,35.46026611328125,67300,0.0,0.0
2014-04-03 00:00:00-04:00,35.567622289688,35.567622289688,34.61793990763911,34.75007247924805,81600,0.0,0.0
2014-04-04 00:00:00-04:00,35.055620643977065,35.055620643977065,33.29664518877985,33.72606658935547,89400,0.0,0.0
2014-04-07 00:00:00-04:00,33.52787237703873,33.52787237703873,31.76064013271223,32.090965270996094,206900,0.0,0.0
2014-04-08 00:00:00-04:00,32.09096139880391,32.39651006720897,31.686313310742936,31.96708869934082,221300,0.0,0.0
2014-04-09 00:00:00-04:00,32.16528534058217,32.68554628342866,31.98360621604861,32.19831848144531,220600,0.0,0.0
2014-04-10 00:00:00-04:00,32.123995204036326,32.123995204036326,30.298953565243306,30.79444122314453,180500,0.0,0.0
2014-04-11 00:00:00-04:00,30.505402968460555,30.94308416242873,29.621787021514034,29.729143142700195,186900,0.0,0.0
2014-04-14 00:00:00-04:00,29.902566205411457,30.084245333654447,28.63907846862932,28.994176864624023,176200,0.0,0.0
2014-04-15 00:00:00-04:00,29.151084633311832,29.44837665844549,28.160112266271074,28.79598617553711,140700,0.0,0.0
2014-04-16 00:00:00-04:00,29.13456209294684,29.415337486935694,28.41610861282177,28.88681983947754,142900,0.0,0.0
2014-04-17 00:00:00-04:00,28.812502172485143,29.57224879375499,28.077531986290065,29.068504333496094,168400,0.0,0.0
2014-04-21 00:00:00-04:00,29.07675591412631,30.166824358633907,29.07675591412631,29.555727005004883,71300,0.0,0.0
2014-04-22 00:00:00-04:00,29.654826877831454,30.84399173889584,29.654826877831454,30.480636596679688,87300,0.0,0.0
2014-04-23 00:00:00-04:00,30.530187336156022,30.794446203018737,30.059476032668428,30.274185180664062,106400,0.0,0.0
2014-04-24 00:00:00-04:00,30.563210377753126,30.563210377753126,29.45662544321838,30.034692764282227,133800,0.0,0.0
2014-04-25 00:00:00-04:00,29.80347339669324,30.199861690596848,29.73740710593557,29.910829544067383,86300,0.0,0.0
2014-04-28 00:00:00-04:00,30.142054444556337,30.455863016723978,29.720892878137537,30.125537872314453,93200,0.0,0.0
2014-04-29 00:00:00-04:00,30.06773371879637,30.365025741208292,29.489666247463663,29.745668411254883,83500,0.0,0.0
2014-04-30 00:00:00-04:00,29.819983607924865,29.861273455733034,28.705138815823585,29.398818969726562,147600,0.0,0.0
2014-05-01 00:00:00-04:00,29.37404848371907,30.15856826751356,29.192369355834472,30.142051696777344,107100,0.0,0.0
2014-05-02 00:00:00-04:00,23.130925685667037,24.766028216723015,19.010136219974214,19.117490768432617,2507800,0.0,0.0
2014-05-05 00:00:00-04:00,19.01013669894973,20.87646651807933,18.65503833146795,19.794654846191406,770700,0.0,0.0
2014-05-06 00:00:00-04:00,19.819430074940833,19.88549477885303,19.472589985625095,19.637752532958984,339900,0.0,0.0
2014-05-07 00:00:00-04:00,19.282658145176697,19.373496147393674,17.796199637188256,18.688074111938477,584100,0.0,0.0
2014-05-08 00:00:00-04:00,18.50639486898076,19.48085054688308,18.432071871506384,18.721105575561523,408900,0.0,0.0
2014-05-09 00:00:00-04:00,18.869751785446766,20.08369146617741,18.762395643380056,19.96807861328125,395200,0.0,0.0
2014-05-12 00:00:00-04:00,20.02588368656683,20.339690655412394,19.74510828412806,20.07543182373047,244500,0.0,0.0
2014-05-13 00:00:00-04:00,20.240594409174264,20.356207254418827,19.63775375167491,19.81943130493164,188200,0.0,0.0
2014-05-14 00:00:00-04:00,19.720332510307745,19.885495059976556,18.93581433714792,18.97710418701172,205600,0.0,0.0
2014-05-15 00:00:00-04:00,18.993624799177404,19.125754236989195,18.43207390092371,19.010141372680664,175000,0.0,0.0
2014-05-16 00:00:00-04:00,19.076204952880563,19.431303386468226,19.010140237918232,19.150527954101562,108800,0.0,0.0
2014-05-19 00:00:00-04:00,18.993618384596214,19.414781416050054,18.836714139519696,19.092716217041016,137200,0.0,0.0
2014-05-20 00:00:00-04:00,18.960589353538726,18.993622496540567,17.89529569344054,18.332975387573242,174700,0.0,0.0
2014-05-21 00:00:00-04:00,18.167810677882894,18.448586059822354,17.11077385322218,17.15206527709961,455400,0.0,0.0
2014-05-22 00:00:00-04:00,16.821744111880392,17.829231368650255,16.821744111880392,17.41632652282715,233500,0.0,0.0
2014-05-23 00:00:00-04:00,17.358517752631304,17.713616124109873,17.185096921745753,17.63103485107422,90200,0.0,0.0
2014-05-27 00:00:00-04:00,17.655809701906023,17.986134823449984,17.581488282176235,17.91181182861328,220900,0.0,0.0
2014-05-28 00:00:00-04:00,17.83748688676912,17.969616290921675,16.80522493238557,17.019935607910156,202300,0.0,0.0
2014-05-29 00:00:00-04:00,17.036453368859696,17.366778507993413,16.93735708720518,17.10251808166504,156800,0.0,0.0
2014-05-30 00:00:00-04:00,17.135549775099843,17.209872767602803,16.466644417680087,17.168582916259766,263800,0.0,0.0
2014-06-02 00:00:00-04:00,16.978648282187127,16.978648282187127,15.649095635148123,16.29322624206543,516100,0.0,0.0
2014-06-03 00:00:00-04:00,16.33451567148634,16.887808207694867,15.739931707138712,16.70612907409668,688700,0.0,0.0
2014-06-04 00:00:00-04:00,16.64832577670787,17.30897299994738,16.55748619284723,17.234651565551758,168200,0.0,0.0
2014-06-05 00:00:00-04:00,17.193356124189084,17.664067357975902,16.772193026825388,17.58148765563965,135100,0.0,0.0
2014-06-06 00:00:00-04:00,17.680586083679433,18.25039523487684,17.60626308243164,18.192588806152344,140900,0.0,0.0
2014-06-09 00:00:00-04:00,18.134781227002048,18.266912235175635,17.96962022322246,18.23387908935547,197900,0.0,0.0
2014-06-10 00:00:00-04:00,18.233878489271852,18.432072632348966,18.03568434619474,18.382524490356445,192700,0.0,0.0
2014-06-11 00:00:00-04:00,18.291681955341026,18.481617781477176,18.167810832865573,18.366004943847656,94600,0.0,0.0
2014-06-12 00:00:00-04:00,18.33297469784313,18.572458675168722,18.200845281020687,18.514652252197266,100400,0.0,0.0
2014-06-13 00:00:00-04:00,18.539427151675742,19.150526099678878,18.456845872192744,18.993621826171875,149100,0.0,0.0
2014-06-16 00:00:00-04:00,18.944071653372127,19.00187807026804,18.506392021706795,18.927555084228516,130900,0.0,0.0
2014-06-17 00:00:00-04:00,18.98536150112443,19.150524042347087,18.869748667332605,18.927555084228516,198900,0.0,0.0
2014-06-18 00:00:00-04:00,18.82845772545602,18.878007434152625,18.283423530647493,18.555940628051758,195900,0.0,0.0
2014-06-19 00:00:00-04:00,18.53942949684587,18.55594449474604,18.0687166167814,18.200847625732422,87500,0.0,0.0
2014-06-20 00:00:00-04:00,18.167809733622448,18.29993913294935,17.944840781593296,17.9943904876709,134400,0.0,0.0
2014-06-23 00:00:00-04:00,18.03568120545811,18.200843750147786,17.713615975930672,18.07697105407715,63600,0.0,0.0
2014-06-24 00:00:00-04:00,18.110008460620737,18.250396184156834,17.4989094214363,17.540199279785156,107300,0.0,0.0
2014-06-25 00:00:00-04:00,17.49064786374733,17.647552131322513,17.14380776311668,17.54845428466797,138400,0.0,0.0
2014-06-26 00:00:00-04:00,17.49890634812437,17.69710046858312,16.929097267363673,17.201614379882812,103500,0.0,0.0
2014-06-27 00:00:00-04:00,17.05297141910562,17.23465057639975,16.730906113149125,17.061229705810547,165900,0.0,0.0
2014-06-30 00:00:00-04:00,17.077743305339297,17.829229938446957,17.077743305339297,17.680583953857422,81500,0.0,0.0
2014-07-01 00:00:00-04:00,17.82097605875679,18.176074537481888,17.655813462803224,18.01091194152832,100200,0.0,0.0
2014-07-02 00:00:00-04:00,18.085232008121356,18.209103147368058,17.953102582910606,18.11826515197754,126800,0.0,0.0
2014-07-03 00:00:00-04:00,18.225618460992987,18.580716857395874,18.126522186480063,18.547683715820312,82200,0.0,0.0
2014-07-07 00:00:00-04:00,18.48987786117519,18.50639443247036,18.19258745339684,18.299942016601562,116400,0.0,0.0
2014-07-08 00:00:00-04:00,18.32471702740348,18.32471702740348,17.325486507153098,17.730133056640625,155100,0.0,0.0
2014-07-09 00:00:00-04:00,17.771426133802724,18.085233144621554,17.474134120842816,17.97787857055664,121300,0.0,0.0
2014-07-10 00:00:00-04:00,17.639297781083478,18.4320744307421,17.424587044690803,18.31646156311035,137000,0.0,0.0
2014-07-11 00:00:00-04:00,18.332971695531274,19.175296196053765,18.308196843269254,18.811941146850586,123100,0.0,0.0
2014-07-14 00:00:00-04:00,18.93581810231504,18.977107960388846,18.588977939130856,18.754138946533203,71800,0.0,0.0
2014-07-15 00:00:00-04:00,18.74588026967882,18.993622542362505,18.36600699977595,18.911041259765625,131300,0.0,0.0
2014-07-16 00:00:00-04:00,19.0844616979581,19.0844616979581,18.597233873792252,18.968847274780273,103400,0.0,0.0
2014-07-17 00:00:00-04:00,18.83671618012322,19.654267479709336,18.770651476372024,19.25787925720215,151100,0.0,0.0
2014-07-18 00:00:00-04:00,19.158785434369243,19.97633683829965,19.158785434369243,19.74510955810547,148500,0.0,0.0
2014-07-21 00:00:00-04:00,19.621237585607116,20.042400698536742,19.431301743042848,19.761625289916992,122300,0.0,0.0
2014-07-22 00:00:00-04:00,19.8029131309127,19.893752687740154,19.62949387708583,19.794654846191406,165600,0.0,0.0
2014-07-23 00:00:00-04:00,19.75336807614217,19.89375578806925,19.34872151237752,19.398269653320312,160100,0.0,0.0
2014-07-24 00:00:00-04:00,19.41478532901302,19.637754315622267,19.290914194821305,19.57168960571289,84200,0.0,0.0
2014-07-25 00:00:00-04:00,19.365238205410186,19.654270341971852,19.29091520597804,19.46433448791504,106400,0.0,0.0
2014-07-28 00:00:00-04:00,19.505624288138577,19.54691413988052,19.274397023105788,19.34046173095703,157300,0.0,0.0
2014-07-29 00:00:00-04:00,19.398268126477593,19.76162480670785,19.30742856264331,19.59646224975586,232600,0.0,0.0
2014-07-30 00:00:00-04:00,19.64601358257201,19.943304004460465,19.49736758407428,19.720335006713867,212500,0.0,0.0
2014-07-31 00:00:00-04:00,19.423046652590404,19.78640182637074,18.6633015822477,18.729366302490234,341300,0.0,0.0
2014-08-01 00:00:00-04:00,18.655040392819796,18.878009379612127,16.202386263424938,17.086002349853516,983400,0.0,0.0
2014-08-04 00:00:00-04:00,16.417092942301593,16.7804495804921,16.342771532889625,16.598772048950195,261400,0.0,0.0
2014-08-05 00:00:00-04:00,16.507935291242077,17.003421413574774,16.408839011839714,16.805227279663086,226800,0.0,0.0
2014-08-06 00:00:00-04:00,16.664837580149907,16.929096393792015,16.631804440891255,16.8382568359375,123900,0.0,0.0
2014-08-07 00:00:00-04:00,16.846516709499323,16.863033280686277,16.36754717082605,16.4831600189209,155900,0.0,0.0
2014-08-08 00:00:00-04:00,16.458384932637202,16.77219187524681,16.32625552784297,16.45012664794922,247600,0.0,0.0
2014-08-11 00:00:00-04:00,16.549227969729106,16.549227969729106,16.218902813162845,16.251935958862305,195500,0.0,0.0
2014-08-12 00:00:00-04:00,16.235418309822013,16.235418309822013,15.731673897046344,15.805996894836426,214600,0.0,0.0
2014-08-13 00:00:00-04:00,15.921610041859868,15.98767474846066,15.69864106641712,15.781222343444824,84900,0.0,0.0
2014-08-14 00:00:00-04:00,15.806000071101503,15.806000071101503,15.376580144929617,15.583032608032227,199300,0.0,0.0
2014-08-15 00:00:00-04:00,15.682126822894896,15.698643395772526,15.252705378719009,15.293996810913086,152500,0.0,0.0
2014-08-18 00:00:00-04:00,15.434383925798615,15.640836353363738,14.95541435685181,15.442642211914062,109600,0.0,0.0
2014-08-19 00:00:00-04:00,15.47567277707996,15.549995772189279,15.310511790809077,15.318768501281738,72800,0.0,0.0
2014-08-20 00:00:00-04:00,15.252703234767091,15.302252946435171,15.145348676366643,15.211413383483887,66900,0.0,0.0
2014-08-21 00:00:00-04:00,15.178382555322816,15.277480418653097,14.905865400048423,15.104061126708984,133700,0.0,0.0
2014-08-22 00:00:00-04:00,15.120575414362742,15.756449271834217,14.971929413903744,15.71515941619873,118500,0.0,0.0
2014-08-25 00:00:00-04:00,15.731670339325717,15.98767241831084,15.5417345324193,15.632574081420898,78100,0.0,0.0
2014-08-26 00:00:00-04:00,15.60780185687224,15.756447843859757,15.566512004978767,15.599543571472168,52500,0.0,0.0
2014-08-27 00:00:00-04:00,15.566512815400262,15.6325775269334,15.426125106503973,15.434383392333984,57100,0.0,0.0
2014-08-28 00:00:00-04:00,15.27747690387596,15.42612287711994,14.773732566795083,14.922378540039062,193500,0.0,0.0
2014-08-29 00:00:00-04:00,14.92237940100881,15.252702929994657,14.86457298032464,15.236187934875488,120200,0.0,0.0
2014-09-02 00:00:00-04:00,15.260962826813678,15.434383682287946,15.153608259220652,15.31051254272461,132900,0.0,0.0
2014-09-03 00:00:00-04:00,15.393093753824738,15.467416759833702,15.277480888969528,15.417868614196777,115600,0.0,0.0
2014-09-04 00:00:00-04:00,15.417868610713622,15.508708190283423,15.194899592737102,15.36832046508789,81500,0.0,0.0
2014-09-05 00:00:00-04:00,15.302250596560473,15.690380494383145,15.302250596560473,15.632574081420898,232500,0.0,0.0
2014-09-08 00:00:00-04:00,15.558256570299458,15.78122559163508,15.483933563187582,15.54999828338623,64900,0.0,0.0
2014-09-09 00:00:00-04:00,15.616061863027713,15.616061863027713,14.988446279426418,15.161867141723633,150900,0.0,0.0
2014-09-10 00:00:00-04:00,15.161867266350168,15.50044913231053,15.120575834460446,15.277480125427246,59200,0.0,0.0
2014-09-11 00:00:00-04:00,15.153607460942817,15.624318711551064,15.137090889842584,15.475672721862793,60000,0.0,0.0
2014-09-12 00:00:00-04:00,15.516962254188416,15.616058518471199,15.434380983881615,15.525218963623047,101200,0.0,0.0
2014-09-15 00:00:00-04:00,15.525219366792298,15.64909206302267,15.384831676157074,15.467412948608398,104300,0.0,0.0
2014-09-16 00:00:00-04:00,15.475672607354976,15.66560844828154,15.004961360229624,15.459156036376953,99100,0.0,0.0
2014-09-17 00:00:00-04:00,15.45089810984666,15.616060673250184,14.765476149403833,14.823284149169922,255400,0.0,0.0
2014-09-18 00:00:00-04:00,14.922378755579116,15.492187802875826,14.922378755579116,15.467412948608398,89500,0.0,0.0
2014-09-19 00:00:00-04:00,15.591287320863934,15.591287320863934,15.079286160094199,15.137092590332031,101900,0.0,0.0
2014-09-22 00:00:00-04:00,15.095803104439833,15.137092962737794,14.790252797670679,14.806769371032715,102700,0.0,0.0
2014-09-23 00:00:00-04:00,14.781994743071118,14.914124181827619,14.24521870123444,14.286508560180664,151700,0.0,0.0
2014-09-24 00:00:00-04:00,14.303021793060866,14.492957620021839,14.121344250981691,14.402119636535645,73900,0.0,0.0
2014-09-25 00:00:00-04:00,14.336057362039863,14.790252081761045,13.997475500042535,14.410380363464355,260700,0.0,0.0
2014-09-26 00:00:00-04:00,14.402120102818497,14.402120102818497,14.113086423024995,14.236957550048828,78500,0.0,0.0
2014-09-29 00:00:00-04:00,14.096569610026181,14.294763724873375,14.0387631900841,14.154376029968262,116700,0.0,0.0
2014-09-30 00:00:00-04:00,14.121346093530665,14.121346093530665,13.221213400353971,13.444182395935059,338700,0.0,0.0
2014-10-01 00:00:00-04:00,13.41940732005335,13.914893443815174,13.122116118328345,13.460697174072266,197300,0.0,0.0
2014-10-02 00:00:00-04:00,13.460697269966463,13.667149691745747,13.138631996025016,13.378117561340332,164200,0.0,0.0
2014-10-03 00:00:00-04:00,13.39463340582425,13.807538275517924,13.336826976084268,13.411149978637695,79300,0.0,0.0
2014-10-06 00:00:00-04:00,13.435923953776078,13.774505798637689,13.312052816040092,13.683666229248047,56000,0.0,0.0
2014-10-07 00:00:00-04:00,13.642377968472244,14.170895724600532,13.535021814816712,13.708442687988281,127500,0.0,0.0
2014-10-08 00:00:00-04:00,13.741473553367667,14.047023849854607,13.642377266744443,13.939667701721191,96800,0.0,0.0
2014-10-09 00:00:00-04:00,13.815793164980981,13.815793164980981,13.353340265659169,13.369856834411621,69300,0.0,0.0
2014-10-10 00:00:00-04:00,13.312051834802148,13.435922963407531,13.163405062879518,13.204695701599121,105200,0.0,0.0
2014-10-13 00:00:00-04:00,13.130373567969507,13.939666674555854,13.130373567969507,13.667149543762207,97200,0.0,0.0
2014-10-14 00:00:00-04:00,13.78276475240855,14.104830041150665,13.155149172344313,13.328568458557129,168600,0.0,0.0
2014-10-15 00:00:00-04:00,13.262503836445855,13.947925850048355,13.212955693624739,13.724958419799805,209700,0.0,0.0
2014-10-16 00:00:00-04:00,13.757988859700571,14.740702799709736,13.658892582199522,14.60031509399414,256400,0.0,0.0
2014-10-17 00:00:00-04:00,14.839801641998099,14.839801641998099,14.35257373060657,14.451671600341797,137900,0.0,0.0
2014-10-20 00:00:00-04:00,14.418635031636947,14.81502484143809,14.418635031636947,14.649862289428711,72200,0.0,0.0
2014-10-21 00:00:00-04:00,14.691153982185035,14.790250255107546,14.35257058689702,14.47644329071045,92000,0.0,0.0
2014-10-22 00:00:00-04:00,14.468184758870247,14.658120591323732,13.774504559807507,13.807536125183105,52200,0.0,0.0
2014-10-23 00:00:00-04:00,13.898378908745809,14.22870251462158,13.683668171149758,14.005733489990234,94200,0.0,0.0
2014-10-24 00:00:00-04:00,13.964440868138626,14.03876386165003,13.70018203570114,13.923151016235352,40600,0.0,0.0
2014-10-27 00:00:00-04:00,13.857086841157283,13.857086841157283,13.394632291495865,13.60108470916748,87500,0.0,0.0
2014-10-28 00:00:00-04:00,13.609345220467576,14.53425289593662,13.493732351699146,14.451671600341797,62400,0.0,0.0
2014-10-29 00:00:00-04:00,14.476443224120523,14.501216504683766,14.113086549826708,14.303022384643555,43300,0.0,0.0
2014-10-30 00:00:00-04:00,14.253475674429273,14.724186953506438,14.137862819949131,14.51773452758789,47500,0.0,0.0
2014-10-31 00:00:00-04:00,14.757220625081885,15.087544203334895,14.691155909431284,14.955414772033691,63600,0.0,0.0
2014-11-03 00:00:00-05:00,15.046250242172095,15.128831516629297,14.616830450186882,14.773733139038086,53800,0.0,0.0
2014-11-04 00:00:00-05:00,14.77373297823552,15.037991793536841,14.476442598574923,14.608572006225586,37300,0.0,0.0
2014-11-05 00:00:00-05:00,14.806768774109571,15.170125497890284,14.691155915450416,15.004962921142578,109600,0.0,0.0
2014-11-06 00:00:00-05:00,15.120575945912135,15.516965819439843,14.955414942457082,15.293996810913086,105700,0.0,0.0
2014-11-07 00:00:00-05:00,15.38483273855331,15.434382450509808,14.757218804839722,14.84805679321289,138100,0.0,0.0
2014-11-10 00:00:00-05:00,14.848054305553188,15.2527007680951,14.724183196629191,14.947152137756348,72700,0.0,0.0
2014-11-11 00:00:00-05:00,14.88934778111073,15.203154738720825,14.823283075555615,15.11231517791748,49700,0.0,0.0
2014-11-12 00:00:00-05:00,15.079283774091198,15.690382700793492,14.889347940475657,15.558253288269043,55100,0.0,0.0
2014-11-13 00:00:00-05:00,15.434386473757257,16.06200214617691,15.434386473757257,15.5169677734375,106300,0.0,0.0
2014-11-14 00:00:00-05:00,15.566512255324671,15.872060944506828,15.475672689569857,15.731673240661621,64400,0.0,0.0
2014-11-17 00:00:00-05:00,15.772966319958048,16.111548186725607,15.748191460765149,15.979418754577637,94100,0.0,0.0
2014-11-18 00:00:00-05:00,16.078512979993015,16.40883809312487,16.004189987049035,16.218900680541992,186900,0.0,0.0
2014-11-19 00:00:00-05:00,16.251933408155633,16.251933408155633,15.63257619946133,15.921609878540039,149900,0.0,0.0
2014-11-20 00:00:00-05:00,15.789482892753313,16.020708611458723,15.690385031088796,15.979418754577637,160900,0.0,0.0
2014-11-21 00:00:00-05:00,18.17606838541979,19.68729979899093,18.16781010090657,19.117490768432617,612300,0.0,0.0
2014-11-24 00:00:00-05:00,19.290914239079736,19.58820464680053,18.919299260545078,19.034912109375,291500,0.0,0.0
2014-11-25 00:00:00-05:00,19.01014129443887,19.17530230347027,18.076975371738264,18.5642032623291,218600,0.0,0.0
2014-11-26 00:00:00-05:00,18.63026798096309,18.98536643428595,18.448590398496407,18.5642032623291,116200,0.0,0.0
2014-11-28 00:00:00-05:00,18.613752982634946,18.89452685549904,18.456848685214048,18.5642032623291,47600,0.0,0.0
2014-12-01 00:00:00-05:00,19.125750166692285,19.37349241608869,18.844974777319393,18.97710418701172,199800,0.0,0.0
2014-12-02 00:00:00-05:00,19.00188045173614,19.563431272143163,18.99362216612934,19.447816848754883,116700,0.0,0.0
2014-12-03 00:00:00-05:00,19.513881898458887,20.777371266386265,19.257881340615924,20.281885147094727,196400,0.0,0.0
2014-12-04 00:00:00-05:00,20.389240966870087,20.777370940420695,19.90201314097309,19.926786422729492,154300,0.0,0.0
2014-12-05 00:00:00-05:00,19.968076621066388,20.769111375697815,19.968076621066388,20.636981964111328,81900,0.0,0.0
2014-12-08 00:00:00-05:00,20.70304666990457,20.79388623103534,20.33143329048264,20.636981964111328,87400,0.0,0.0
2014-12-09 00:00:00-05:00,20.33143255426383,21.058144291674644,20.083688735180065,20.876466751098633,118700,0.0,0.0
2014-12-10 00:00:00-05:00,20.942530348231116,21.19027257912137,20.60394856429798,21.01685333251953,76100,0.0,0.0
2014-12-11 00:00:00-05:00,21.14898313251721,22.26382476772477,21.14898313251721,21.727048873901367,195200,0.0,0.0
2014-12-12 00:00:00-05:00,21.528857093165477,21.834407353443716,20.909499862291412,21.413244247436523,105300,0.0,0.0
2014-12-15 00:00:00-05:00,21.429763641968886,21.74357065391336,21.025115478385477,21.239826202392578,99800,0.0,0.0
2014-12-16 00:00:00-05:00,21.20679309366985,21.76008564903812,21.091180241090715,21.438018798828125,89900,0.0,0.0
2014-12-17 00:00:00-05:00,21.53711647311841,22.0408608838641,21.438018618095317,21.90873146057129,123800,0.0,0.0
2014-12-18 00:00:00-05:00,22.09040910322894,22.09040910322894,21.63621440591562,21.850923538208008,64500,0.0,0.0
2014-12-19 00:00:00-05:00,21.826148757072044,21.933503315847084,21.73530919380379,21.793115615844727,104500,0.0,0.0
2014-12-22 00:00:00-05:00,21.76834583722794,21.958281704522207,21.743570977321554,21.817893981933594,71200,0.0,0.0
2014-12-23 00:00:00-05:00,22.040862649664344,22.040862649664344,21.68576420545115,21.718795776367188,215000,0.0,0.0
2014-12-24 00:00:00-05:00,21.71053591299017,21.883955179112977,21.553631642374157,21.793115615844727,23600,0.0,0.0
2014-12-26 00:00:00-05:00,21.718796576212075,22.18125118692431,21.56189385214518,22.0821533203125,51800,0.0,0.0
2014-12-29 00:00:00-05:00,21.974795734450222,22.69324926240394,21.974795734450222,22.6024112701416,52400,0.0,0.0
2014-12-30 00:00:00-05:00,22.651960676452696,22.89144467413369,22.007828533363863,22.148216247558594,62800,0.0,0.0
2014-12-31 00:00:00-05:00,22.263827221550446,23.71725238239484,22.263827221550446,23.263057708740234,98300,0.0,0.0
2015-01-02 00:00:00-05:00,23.48602853092928,23.48602853092928,21.561891974754044,21.983055114746094,99100,0.0,0.0
2015-01-05 00:00:00-05:00,21.950017893289875,22.453762225515877,21.66924251878096,22.106922149658203,150900,0.0,0.0
2015-01-06 00:00:00-05:00,22.049115149605196,22.073888427513953,20.513108914994792,21.049884796142578,262200,0.0,0.0
2015-01-07 00:00:00-05:00,21.264598877627105,22.09866682844201,20.96730689413868,21.743568420410156,199300,0.0,0.0
2015-01-08 00:00:00-05:00,21.966536482863958,22.049117760922336,21.173758418653165,21.5371150970459,106300,0.0,0.0
2015-01-09 00:00:00-05:00,21.49582859552763,21.586666597952057,21.157246720319122,21.37195587158203,109400,0.0,0.0
2015-01-12 00:00:00-05:00,21.504084596957412,21.776601725485357,21.00859847915017,21.553632736206055,100200,0.0,0.0
2015-01-13 00:00:00-05:00,21.776604039618654,22.42073464362161,20.661760549858073,21.37195587158203,330300,0.0,0.0
2015-01-14 00:00:00-05:00,21.23982383060861,21.487567673001465,21.16550083540145,21.45453453063965,62100,0.0,0.0
2015-01-15 00:00:00-05:00,21.512343676849977,21.89221698654563,21.14898851553237,21.817893981933594,182600,0.0,0.0
2015-01-16 00:00:00-05:00,21.70227929676533,22.70976655507943,21.446277157885586,22.51983070373535,208400,0.0,0.0
2015-01-20 00:00:00-05:00,22.51157006022141,22.965764713713703,22.24731123818176,22.734539031982422,86000,0.0,0.0
2015-01-21 00:00:00-05:00,22.610665266978582,22.899698930648906,22.404212875086458,22.718021392822266,68000,0.0,0.0
2015-01-22 00:00:00-05:00,22.718022461828237,23.122668979964804,22.288601088460396,22.734539031982422,160900,0.0,0.0
2015-01-23 00:00:00-05:00,22.808864262154707,23.82460979976996,22.31337813462554,23.5686092376709,536900,0.0,0.0
2015-01-26 00:00:00-05:00,23.56860723881718,23.684220081229633,22.206020109896254,22.70976448059082,136600,0.0,0.0
2015-01-27 00:00:00-05:00,22.618923893122133,23.477766612409695,22.54460090491045,23.329120635986328,210900,0.0,0.0
2015-01-28 00:00:00-05:00,23.783321189638457,23.86590248320045,22.998802838567435,23.172222137451172,170400,0.0,0.0
2015-01-29 00:00:00-05:00,23.304348363572878,23.601640349358345,22.86667024572977,23.50254249572754,151900,0.0,0.0
2015-01-30 00:00:00-05:00,24.83209772068178,28.903339841851068,24.782549579125714,25.434938430786133,1009400,0.0,0.0
2015-02-02 00:00:00-05:00,25.005516126988315,25.352356234087008,24.278802771587788,24.947708129882812,367200,0.0,0.0
2015-02-03 00:00:00-05:00,24.972481531585576,25.13764407776981,23.931961270881164,24.47699546813965,188400,0.0,0.0
2015-02-04 00:00:00-05:00,24.468739241345567,25.872616276669042,24.435707674394553,25.65790557861328,146400,0.0,0.0
2015-02-05 00:00:00-05:00,25.80655211427836,26.33506979754456,25.657906122083006,26.046037673950195,162600,0.0,0.0
2015-02-06 00:00:00-05:00,26.19468330972262,26.28552288142533,25.55881103312469,25.847843170166016,83500,0.0,0.0
2015-02-09 00:00:00-05:00,25.690941350518973,25.94694192724567,24.98900276100344,24.99726104736328,106800,0.0,0.0
2015-02-10 00:00:00-05:00,25.278032276218003,25.393645115800478,24.493512528776566,24.64215850830078,82500,0.0,0.0
2015-02-11 00:00:00-05:00,24.856871677864913,25.220228378019485,24.476998406088093,25.1293888092041,88900,0.0,0.0
2015-02-12 00:00:00-05:00,25.58358435170148,25.80655335067701,24.52654893452624,24.63390350341797,105400,0.0,0.0
2015-02-13 00:00:00-05:00,24.609128111640665,25.666165081006522,24.452225404747228,25.005517959594727,87200,0.0,0.0
2015-02-17 00:00:00-05:00,25.162420975042444,25.33584183098148,24.873388840322388,24.980743408203125,64900,0.0,0.0
2015-02-18 00:00:00-05:00,25.11287088935066,25.60009870030041,25.030289610779928,25.23674201965332,76400,0.0,0.0
2015-02-19 00:00:00-05:00,25.401903238315896,25.48448451253525,25.02203000694959,25.08809471130371,53600,0.0,0.0
2015-02-20 00:00:00-05:00,25.088097730452272,25.129389160084436,24.73300088625759,24.848613739013672,38800,0.0,0.0
2015-02-23 00:00:00-05:00,24.931195609080245,24.931195609080245,24.44396775371926,24.600872039794922,38300,0.0,0.0
2015-02-24 00:00:00-05:00,24.534803060397387,25.005515867007023,24.361383796204507,24.460481643676758,48200,0.0,0.0
2015-02-25 00:00:00-05:00,24.46048264113248,24.56783720309054,24.09712595239297,24.254030227661133,65400,0.0,0.0
2015-02-26 00:00:00-05:00,24.320099330367725,25.154165845371118,24.11364687960096,24.58435821533203,101700,0.0,0.0
2015-02-27 00:00:00-05:00,24.66693905077922,24.66693905077922,24.196226148716743,24.320098876953125,67500,0.0,0.0
2015-03-02 00:00:00-05:00,24.171451086176493,24.774291808832388,23.956740368153763,24.38616180419922,98400,0.0,0.0
2015-03-03 00:00:00-05:00,24.15493404554284,24.45222604552223,23.58512490395135,23.742029190063477,63000,0.0,0.0
2015-03-04 00:00:00-05:00,23.601642810795212,24.559582003667238,23.52731980659763,24.113645553588867,126400,0.0,0.0
2015-03-05 00:00:00-05:00,24.3283525505887,24.42745040578094,23.53557600947866,24.080610275268555,111600,0.0,0.0
2015-03-06 00:00:00-05:00,24.08060724742562,24.997256386045244,23.576862899159803,24.47699546813965,170600,0.0,0.0
2015-03-09 00:00:00-04:00,24.45222346260075,25.32758122272181,24.13015663827442,24.782546997070312,133400,0.0,0.0
2015-03-10 00:00:00-04:00,24.66693487616508,25.022031701677246,23.956738074926935,24.0640926361084,65500,0.0,0.0
2015-03-11 00:00:00-04:00,24.022803374033696,24.29532050153641,23.684221536079026,23.915447235107422,54900,0.0,0.0
2015-03-12 00:00:00-04:00,23.83287031385939,24.774292941606145,23.791578880559108,24.72474479675293,207900,0.0,0.0
2015-03-13 00:00:00-04:00,24.790806187665257,25.311065576566012,24.07235109573792,24.254030227661133,81400,0.0,0.0
2015-03-16 00:00:00-04:00,24.460483272383737,24.65041911965339,23.329123324316715,23.469511032104492,136900,0.0,0.0
2015-03-17 00:00:00-04:00,23.49428628369054,23.609899136124167,22.75931458935781,22.932735443115234,68500,0.0,0.0
2015-03-18 00:00:00-04:00,23.031832020501806,23.031832020501806,22.272087033776724,22.428991317749023,163900,0.0,0.0
2015-03-19 00:00:00-04:00,22.428991537903723,22.618927392672582,21.85092411239926,21.983055114746094,104100,0.0,0.0
2015-03-20 00:00:00-04:00,21.950018737075805,22.172987703364097,21.644468497150353,21.83440589904785,127000,0.0,0.0
2015-03-23 00:00:00-04:00,21.74356671147694,22.660215871784352,21.74356671147694,22.28860092163086,153700,0.0,0.0
2015-03-24 00:00:00-04:00,22.2142786685006,22.65195833818839,22.2142786685006,22.585893630981445,34800,0.0,0.0
2015-03-25 00:00:00-04:00,22.67673268081231,22.734540680543816,21.859181300178566,22.222537994384766,129400,0.0,0.0
2015-03-26 00:00:00-04:00,22.024342016644706,22.47853666498602,21.842664472329542,22.065631866455078,40500,0.0,0.0
2015-03-27 00:00:00-04:00,22.13995612788858,22.478537956123095,21.850922437293853,22.371183395385742,89100,0.0,0.0
2015-03-30 00:00:00-04:00,22.40421893593754,22.907963412462827,22.40421893593754,22.75931739807129,38600,0.0,0.0
2015-03-31 00:00:00-04:00,22.825379056262854,23.03183147630896,22.528088642469204,22.80060577392578,63600,0.0,0.0
2015-04-01 00:00:00-04:00,22.734538785572035,23.023570884603437,22.354665551677215,22.95750617980957,56300,0.0,0.0
2015-04-02 00:00:00-04:00,23.089638469489653,23.42822189578666,22.88318604436858,23.386930465698242,54600,0.0,0.0
2015-04-06 00:00:00-04:00,23.19699325046443,23.50254193964161,23.155703397907594,23.395187377929688,54700,0.0,0.0
2015-04-07 00:00:00-04:00,23.535576762323792,24.592613759389494,23.428222192946247,23.742029190063477,75800,0.0,0.0
2015-04-08 00:00:00-04:00,23.832867574614113,24.19622269525143,23.49428573600251,24.03931999206543,65400,0.0,0.0
2015-04-09 00:00:00-04:00,24.1301569364752,24.27880292260019,23.65944569715066,24.121898651123047,63700,0.0,0.0
2015-04-10 00:00:00-04:00,24.121898549573196,24.121898549573196,23.59338089011545,23.799833297729492,45300,0.0,0.0
2015-04-13 00:00:00-04:00,23.659444333179827,23.94847800341481,23.568606349756728,23.77505874633789,71300,0.0,0.0
2015-04-14 00:00:00-04:00,23.64292930019756,24.485255511024803,23.60163944824024,24.31183624267578,111700,0.0,0.0
2015-04-15 00:00:00-04:00,24.303577861983875,24.691707824224515,23.08963668787228,23.353897094726562,167800,0.0,0.0
2015-04-16 00:00:00-04:00,23.33738058675573,23.42822015107839,21.84266558122109,21.92524528503418,167400,0.0,0.0
2015-04-17 00:00:00-04:00,21.702278748824543,21.727052030917953,21.140727919805357,21.652729034423828,125700,0.0,0.0
2015-04-20 00:00:00-04:00,21.760082012035344,21.966534400052556,21.611436040645877,21.727048873901367,64100,0.0,0.0
2015-04-21 00:00:00-04:00,22.024342117810665,22.172988097981676,21.65272716738313,22.03260040283203,67300,0.0,0.0
2015-04-22 00:00:00-04:00,22.04911840205208,22.08214996917178,21.74356813688356,21.86743927001953,69100,0.0,0.0
2015-04-23 00:00:00-04:00,21.784861402793187,22.139959861831233,21.47931266485847,22.049121856689453,73500,0.0,0.0
2015-04-24 00:00:00-04:00,22.106923826768913,22.25556980985712,21.421501907611926,22.073890686035156,119400,0.0,0.0
2015-04-27 00:00:00-04:00,22.024344391345057,22.27208666713287,21.504084982147855,21.850923538208008,54200,0.0,0.0
2015-04-28 00:00:00-04:00,22.404216171046542,23.48602799778714,22.11518403996247,22.932735443115234,95900,0.0,0.0
2015-04-29 00:00:00-04:00,22.767571957447558,22.767571957447558,22.02434358227967,22.34640884399414,58000,0.0,0.0
2015-04-30 00:00:00-04:00,22.17298733389048,22.17298733389048,21.495823736541723,21.735307693481445,82000,0.0,0.0
2015-05-01 00:00:00-04:00,21.727052626159384,22.007828048361194,21.471052061836673,21.883956909179688,67900,0.0,0.0
2015-05-04 00:00:00-04:00,21.883955433127635,22.197762402895265,21.71053616499189,21.92524528503418,51000,0.0,0.0
2015-05-05 00:00:00-04:00,21.809633605548196,22.0408608838641,21.702279039787904,21.90873146057129,75400,0.0,0.0
2015-05-06 00:00:00-04:00,22.040860538112355,22.24731295565715,21.71053698506207,22.18950653076172,68600,0.0,0.0
2015-05-07 00:00:00-04:00,22.032604623899132,22.032604623899132,20.661760549858073,21.37195587158203,278300,0.0,0.0
2015-05-08 00:00:00-04:00,21.702278075588186,22.13995618013512,19.307428840814914,19.472591400146484,354700,0.0,0.0
2015-05-11 00:00:00-04:00,19.505624881801374,20.603951667698166,19.447816882453605,19.926786422729492,113300,0.0,0.0
2015-05-12 00:00:00-04:00,19.74510740029086,20.521368864939394,19.579944850329277,20.504852294921875,96700,0.0,0.0
2015-05-13 00:00:00-04:00,20.430530525690514,20.57917651451629,20.05065884323077,20.33143424987793,73700,0.0,0.0
2015-05-14 00:00:00-04:00,20.43878869787568,21.28111491314712,20.331434137156094,21.00033950805664,131800,0.0,0.0
2015-05-15 00:00:00-04:00,21.05814308048106,21.173755911006424,20.901238828263292,21.049884796142578,49800,0.0,0.0
2015-05-18 00:00:00-04:00,21.000339813394497,21.330663360919356,20.826918966502124,20.97556495666504,59200,0.0,0.0
2015-05-19 00:00:00-04:00,20.859954808287913,21.49582870400332,20.678277227415133,21.338924407958984,102200,0.0,0.0
2015-05-20 00:00:00-04:00,21.272854920890875,21.512338879484602,21.033369387190376,21.289371490478516,48400,0.0,0.0
2015-05-21 00:00:00-04:00,21.198532916728716,21.33892061452587,20.83517624447018,21.08292007446289,34100,0.0,0.0
2015-05-22 00:00:00-04:00,20.94253162765196,21.231563722979235,20.645239672336146,20.785627365112305,75300,0.0,0.0
2015-05-26 00:00:00-04:00,20.71956780079344,20.727826087723713,20.133242029601508,20.554405212402344,134400,0.0,0.0
2015-05-27 00:00:00-04:00,20.422273807466382,20.50485509371905,20.166273237679423,20.232337951660156,70300,0.0,0.0
2015-05-28 00:00:00-04:00,20.174530621883868,20.29014347240475,19.75336749842027,20.0258846282959,101700,0.0,0.0
2015-05-29 00:00:00-04:00,20.025886310514792,20.10846760001256,19.54691672155625,19.99285316467285,109800,0.0,0.0
2015-06-01 00:00:00-04:00,20.042403534363753,20.703050721587914,19.951563955455256,20.670019149780273,100100,0.0,0.0
2015-06-02 00:00:00-04:00,20.513109473542716,20.97556238334291,20.30665708477929,20.645238876342773,66900,0.0,0.0
2015-06-03 00:00:00-04:00,20.76085499126554,20.76085499126554,20.380983291953406,20.537887573242188,81900,0.0,0.0
2015-06-04 00:00:00-04:00,20.389241638344075,20.488337918847055,19.71207794618146,20.001110076904297,69300,0.0,0.0
2015-06-05 00:00:00-04:00,20.546142442310014,21.091178235031116,20.067172930615452,20.124980926513672,229700,0.0,0.0
2015-06-08 00:00:00-04:00,20.12498251718399,20.23233708212371,19.307429551036705,19.390010833740234,72200,0.0,0.0
2015-06-09 00:00:00-04:00,19.431303759422576,19.505626762070097,18.679817021637287,18.869752883911133,161400,0.0,0.0
2015-06-10 00:00:00-04:00,18.886266711706288,19.381751223863727,18.886266711706288,19.241363525390625,71900,0.0,0.0
2015-06-11 00:00:00-04:00,19.233106815280607,19.497365641793067,19.125750682568135,19.241363525390625,48800,0.0,0.0
2015-06-12 00:00:00-04:00,19.257879358074327,19.381750481368307,19.175298084176077,19.2248477935791,57900,0.0,0.0
2015-06-15 00:00:00-04:00,18.99362518346036,19.18356105726924,18.67981815608513,18.729366302490234,71000,0.0,0.0
2015-06-16 00:00:00-04:00,18.704588188089538,18.96058873760991,18.696329902607346,18.83671760559082,97000,0.0,0.0
2015-06-17 00:00:00-04:00,18.911042100228915,19.39826995658672,18.62200838584779,18.8945255279541,99000,0.0,0.0
2015-06-18 00:00:00-04:00,18.88626621215461,19.96807634524062,18.88626621215461,19.86897850036621,48200,0.0,0.0
2015-06-19 00:00:00-04:00,19.935047645528993,20.65350284935162,19.935047645528993,20.42227554321289,106700,0.0,0.0
2015-06-22 00:00:00-04:00,20.422273620155167,20.620467760279542,20.10020833934143,20.323177337646484,52800,0.0,0.0
2015-06-23 00:00:00-04:00,20.24059618742454,20.587436328736977,20.191048045839054,20.488338470458984,45900,0.0,0.0
2015-06-24 00:00:00-04:00,20.4222725342476,20.554401953971507,19.86897999848865,19.926786422729492,41700,0.0,0.0
2015-06-25 00:00:00-04:00,19.918530428643688,20.29014384431824,19.827690858651096,20.224079132080078,40600,0.0,0.0
2015-06-26 00:00:00-04:00,20.37272494386283,20.46356451303263,20.10020781146041,20.314918518066406,63900,0.0,0.0
2015-06-29 00:00:00-04:00,20.30665867429887,20.537885934851825,19.76988273651875,19.778141021728516,88400,0.0,0.0
2015-06-30 00:00:00-04:00,19.935044421306884,20.46356366769931,19.868979712396193,20.33143424987793,40100,0.0,0.0
2015-07-01 00:00:00-04:00,20.60395126652949,20.60395126652949,20.133238445932783,20.364465713500977,45100,0.0,0.0
2015-07-02 00:00:00-04:00,20.34794764028394,20.570916605929934,20.075430540641094,20.306657791137695,52000,0.0,0.0
2015-07-06 00:00:00-04:00,20.314917793158788,21.000339742628253,20.11672366531174,20.752595901489258,98500,0.0,0.0
2015-07-07 00:00:00-04:00,20.90949936278935,21.429760306355035,20.711305242657087,21.148984909057617,87600,0.0,0.0
2015-07-08 00:00:00-04:00,21.082922581460494,21.148987295626355,20.760855721683264,20.934276580810547,53400,0.0,0.0
2015-07-09 00:00:00-04:00,21.239824418535196,21.289374133449478,20.298401886661416,20.47182273864746,141000,0.0,0.0
2015-07-10 00:00:00-04:00,20.612207155415746,20.752594852432416,20.380981472169587,20.480077743530273,24200,0.0,0.0
2015-07-13 00:00:00-04:00,20.480077614461933,20.719563156436852,20.240593647593837,20.414012908935547,43300,0.0,0.0
2015-07-14 00:00:00-04:00,20.463564452828415,20.62872544388845,20.45530616700937,20.47182273864746,37100,0.0,0.0
2015-07-15 00:00:00-04:00,20.554399809891503,20.554399809891503,19.959817483156275,20.017623901367188,33600,0.0,0.0
2015-07-16 00:00:00-04:00,20.05065716195405,20.447045382180463,19.646010656917905,20.339689254760742,22100,0.0,0.0
2015-07-17 00:00:00-04:00,20.397499252491198,20.93427521700793,19.794657003005586,19.926786422729492,44700,0.0,0.0
2015-07-20 00:00:00-04:00,19.902012825982283,19.902012825982283,19.117493030569694,19.216590881347656,55300,0.0,0.0
2015-07-21 00:00:00-04:00,19.15878330666877,19.299171001355216,18.803684927455595,18.97710418701172,180500,0.0,0.0
2015-07-22 00:00:00-04:00,19.026653551689872,19.33220221539337,19.00187869715711,19.158782958984375,78400,0.0,0.0
2015-07-23 00:00:00-04:00,19.167038218920364,19.167038218920364,18.671553766597984,18.787166595458984,48500,0.0,0.0
2015-07-24 00:00:00-04:00,18.762394873196847,18.977105573409553,18.283425334293707,18.613750457763672,76600,0.0,0.0
2015-07-27 00:00:00-04:00,18.473364491808574,18.630267207609204,18.2999436281512,18.42381477355957,26000,0.0,0.0
2015-07-28 00:00:00-04:00,18.32471807629257,18.65504164834214,17.75490893006516,18.48162078857422,83300,0.0,0.0
2015-07-29 00:00:00-04:00,18.514649773179702,18.968844385804132,18.134776569348105,18.40729522705078,90600,0.0,0.0
2015-07-30 00:00:00-04:00,18.233880744630703,18.233880744630703,16.830003421970986,17.779685974121094,228200,0.0,0.0
2015-07-31 00:00:00-04:00,18.993624933226748,23.675966447161283,18.308202879075463,22.0821533203125,821100,0.0,0.0
2015-08-03 00:00:00-04:00,22.049119956776984,22.296862240517704,20.90950167131281,21.190277099609375,155600,0.0,0.0
2015-08-04 00:00:00-04:00,22.23079651590212,22.23079651590212,21.025113571243573,21.140727996826172,150200,0.0,0.0
2015-08-05 00:00:00-04:00,21.380211410502724,22.016085221289813,21.19853385389509,21.388469696044922,116300,0.0,0.0
2015-08-06 00:00:00-04:00,21.611440906753096,21.7435703388263,20.81040602792094,21.26460075378418,63500,0.0,0.0
2015-08-07 00:00:00-04:00,21.082922337351807,21.25634161936412,20.736082198220164,20.802146911621094,83000,0.0,0.0
2015-08-10 00:00:00-04:00,20.89298241777856,20.95079041333262,20.232335362514686,20.414012908935547,146700,0.0,0.0
2015-08-11 00:00:00-04:00,20.33143506842375,20.504854345631102,19.761625946686657,19.835948944091797,73400,0.0,0.0
2015-08-12 00:00:00-04:00,19.819431838367752,20.59569335973376,19.555172999206622,20.562660217285156,57200,0.0,0.0
2015-08-13 00:00:00-04:00,20.81040378325716,20.826918779154653,20.166271690047754,20.33143424987793,84000,0.0,0.0
2015-08-14 00:00:00-04:00,20.265370055211818,20.793887739908758,20.240595198076544,20.69478988647461,52200,0.0,0.0
2015-08-17 00:00:00-04:00,20.620465569664315,20.859951114648073,20.3231751786139,20.546142578125,38000,0.0,0.0
2015-08-18 00:00:00-04:00,20.438789591693336,20.488337731491736,20.001109894004426,20.091949462890625,81400,0.0,0.0
2015-08-19 00:00:00-04:00,20.0836913607281,20.232337356589547,19.819432512577517,20.001110076904297,39500,0.0,0.0
2015-08-20 00:00:00-04:00,19.802916934453748,19.943304651466434,19.654270931133606,19.6955623626709,54600,0.0,0.0
2015-08-21 00:00:00-04:00,19.489107030373294,19.868978693350066,19.175298497812044,19.522138595581055,86300,0.0,0.0
2015-08-24 00:00:00-04:00,18.275164487494607,18.952329635620117,16.36754488482584,18.952329635620117,114000,0.0,0.0
2015-08-25 00:00:00-04:00,19.340459589346846,19.447814137052436,18.886264970051847,19.05142593383789,75500,0.0,0.0
2015-08-26 00:00:00-04:00,19.695561463762942,20.24885402025388,18.77891220186275,19.109235763549805,186900,0.0,0.0
2015-08-27 00:00:00-04:00,19.241365663104077,19.786399947115985,18.78717095146316,19.753368377685547,134600,0.0,0.0
2015-08-28 00:00:00-04:00,19.670786970923288,19.778143114905227,19.08446283493907,19.68730354309082,55600,0.0,0.0
2015-08-31 00:00:00-04:00,19.65426747482344,20.067172266942475,19.555171206774666,20.050657272338867,78700,0.0,0.0
2015-09-01 00:00:00-04:00,19.786397835927346,20.13323794102807,19.778141125780987,20.10020637512207,114100,0.0,0.0
2015-09-02 00:00:00-04:00,20.405755183148802,20.405755183148802,19.90201238036829,20.166271209716797,224600,0.0,0.0
2015-09-03 00:00:00-04:00,20.14149803208737,20.43879002742968,19.720334897054766,20.13323974609375,154600,0.0,0.0
2015-09-04 00:00:00-04:00,19.868978819783255,20.636982010809334,19.81943068410291,20.480077743530273,58400,0.0,0.0
2015-09-08 00:00:00-04:00,20.645239451409026,20.645239451409026,20.306657650414458,20.496593475341797,81800,0.0,0.0
2015-09-09 00:00:00-04:00,20.570918991166096,20.78562969685759,19.5551734633658,19.612979888916016,304400,0.0,0.0
2015-09-10 00:00:00-04:00,19.59646224975586,20.00936706702896,19.01839645063764,19.59646224975586,271000,0.0,0.0
2015-09-11 00:00:00-04:00,19.53039956378406,19.70382042404687,18.47336413020897,18.70458984375,279500,0.0,0.0
2015-09-14 00:00:00-04:00,18.712849088459397,18.894526669134112,18.54768650594993,18.754138946533203,113900,0.0,0.0
2015-09-15 00:00:00-04:00,18.86149529276423,19.307431749980324,18.729365855433006,19.266141891479492,68900,0.0,0.0
2015-09-16 00:00:00-04:00,19.224851800019675,19.36523952237133,18.97710792669534,19.13401222229004,46900,0.0,0.0
2015-09-17 00:00:00-04:00,19.100977098807956,20.05065948559621,19.100977098807956,20.0258846282959,54200,0.0,0.0
2015-09-18 00:00:00-04:00,19.89375455076531,20.248852951501608,19.398268446833423,19.951560974121094,175400,0.0,0.0
2015-09-21 00:00:00-04:00,20.14149728659364,20.1497555722816,19.62949617479583,19.73685073852539,54000,0.0,0.0
2015-09-22 00:00:00-04:00,19.538655982117174,19.604720690399883,19.18355758443253,19.406526565551758,41300,0.0,0.0
2015-09-23 00:00:00-04:00,19.431301547867044,19.55517267981227,19.142267856590244,19.472591400146484,49300,0.0,0.0
2015-09-24 00:00:00-04:00,19.42304190587083,19.43130019077133,18.952330692289625,19.2248477935791,48900,0.0,0.0
2015-09-25 00:00:00-04:00,19.290913544469824,19.42304295983412,18.74587931231538,18.861492156982422,89800,0.0,0.0
2015-09-28 00:00:00-04:00,18.89452114010039,19.092716811157338,18.622004061280418,18.787166595458984,103500,0.0,0.0
2015-09-29 00:00:00-04:00,18.754136677357835,18.993622235509058,18.638523828654172,18.935815811157227,53000,0.0,0.0
2015-09-30 00:00:00-04:00,18.9275590745959,19.150528079721497,18.605493783930303,18.73762321472168,43700,0.0,0.0
2015-10-01 00:00:00-04:00,18.679815369803467,18.72110522313106,18.539427663339925,18.622007369995117,58800,0.0,0.0
2015-10-02 00:00:00-04:00,18.51465364252397,19.46433448791504,18.390782501839396,19.46433448791504,42000,0.0,0.0
2015-10-05 00:00:00-04:00,19.555173188087423,20.191047010402535,19.51388175962784,20.116724014282227,75200,0.0,0.0
2015-10-06 00:00:00-04:00,20.08368965485585,20.455304612945167,19.910270391152064,20.290142059326172,84600,0.0,0.0
2015-10-07 00:00:00-04:00,20.389244420219793,20.69479316441737,20.38098613319997,20.587438583374023,107800,0.0,0.0
2015-10-08 00:00:00-04:00,20.546144182594485,21.11595330385726,20.52962918604584,20.95079231262207,71600,0.0,0.0
2015-10-09 00:00:00-04:00,21.05814991775372,21.34718366301884,20.40575941915225,20.587438583374023,109800,0.0,0.0
2015-10-12 00:00:00-04:00,20.612206849822133,20.843434104746986,20.215818620042512,20.504852294921875,32400,0.0,0.0
2015-10-13 00:00:00-04:00,20.537885732288533,20.76911141545408,20.091947786000404,20.124980926513672,25500,0.0,0.0
2015-10-14 00:00:00-04:00,20.166271994897286,20.240594990433703,19.456075182041285,19.57168960571289,30100,0.0,0.0
2015-10-15 00:00:00-04:00,19.65426994492991,20.058918078155845,19.356979528313996,20.001110076904297,60100,0.0,0.0
2015-10-16 00:00:00-04:00,20.091947110342304,20.46356205308563,19.84420486525127,20.306657791137695,43900,0.0,0.0
2015-10-19 00:00:00-04:00,20.372724386301666,21.033371484618762,20.2901431052353,20.942533493041992,53900,0.0,0.0
2015-10-20 00:00:00-04:00,20.950794012132754,21.248084450514828,20.37272655814983,20.438791275024414,45700,0.0,0.0
2015-10-21 00:00:00-04:00,20.438790086336738,20.68653236643135,20.19930451715254,20.35620880126953,33400,0.0,0.0
2015-10-22 00:00:00-04:00,20.273626148544384,20.95079138032833,20.232336296349693,20.364465713500977,28200,0.0,0.0
2015-10-23 00:00:00-04:00,20.44704548338442,20.653497879329205,20.191044953442784,20.306657791137695,28400,0.0,0.0
2015-10-26 00:00:00-04:00,20.18278803953055,20.19930303524678,19.5551725242141,19.662527084350586,24300,0.0,0.0
2015-10-27 00:00:00-04:00,19.62123760368245,19.62123760368245,18.968847219786475,19.125751495361328,38100,0.0,0.0
2015-10-28 00:00:00-04:00,19.18355735780428,20.091948267290263,19.00187980594983,20.009366989135742,31500,0.0,0.0
2015-10-29 00:00:00-04:00,20.067175202625457,20.314919059204087,19.761626493817595,19.94330406188965,31200,0.0,0.0
2015-10-30 00:00:00-04:00,19.95981857102286,19.95981857102286,19.50562391023357,19.778141021728516,49900,0.0,0.0
2015-11-02 00:00:00-05:00,19.81117004257178,20.232333083527397,19.38174871746724,19.80291175842285,55700,0.0,0.0
2015-11-03 00:00:00-05:00,19.67904453564911,19.67904453564911,19.03491242068993,19.390010833740234,43400,0.0,0.0
2015-11-04 00:00:00-05:00,19.46433532998421,19.579948189610537,18.745881737867627,18.869752883911133,93100,0.0,0.0
2015-11-05 00:00:00-05:00,18.737621026966753,18.86975044233105,18.324716210176607,18.861492156982422,36100,0.0,0.0
2015-11-06 00:00:00-05:00,18.83671797919216,19.183558100788865,18.34123186618159,19.034912109375,39700,0.0,0.0
2015-11-09 00:00:00-05:00,18.94407393467419,18.94407393467419,18.266910269307328,18.39078140258789,38100,0.0,0.0
2015-11-10 00:00:00-05:00,18.38252240638354,18.580716526991967,18.101747008411557,18.47336196899414,32500,0.0,0.0
2015-11-11 00:00:00-05:00,18.6220081363523,18.7541375625665,18.076973859441978,18.28342628479004,53700,0.0,0.0
2015-11-12 00:00:00-05:00,18.258651376223362,18.258651376223362,17.754906999188922,18.15955352783203,52500,0.0,0.0
2015-11-13 00:00:00-05:00,18.00265121459961,18.473364076746684,17.75490892934918,18.00265121459961,96900,0.0,0.0
2015-11-16 00:00:00-05:00,17.93658400000148,18.440328361581443,17.003419842184986,17.51542091369629,126200,0.0,0.0
2015-11-17 00:00:00-05:00,17.556713104248047,17.754907228483408,17.37503555080902,17.556713104248047,70700,0.0,0.0
2015-11-18 00:00:00-05:00,17.201615875640787,17.44110144312791,16.73916288769133,17.259422302246094,104000,0.0,0.0
2015-11-19 00:00:00-05:00,17.284194904342755,17.606260139171795,16.85477354116618,17.441099166870117,200500,0.0,0.0
2015-11-20 00:00:00-05:00,17.482389161435016,18.060456507061183,16.103287076967383,17.862260818481445,287400,0.0,0.0
2015-11-23 00:00:00-05:00,17.62277857031649,17.771424563663288,16.714387613835928,17.21813201904297,201200,0.0,0.0
2015-11-24 00:00:00-05:00,17.13554982517669,17.350260518023052,16.904322561702095,17.01167869567871,75600,0.0,0.0
2015-11-25 00:00:00-05:00,16.962130135384744,17.523679346761746,16.962130135384744,17.325485229492188,57100,0.0,0.0
2015-11-27 00:00:00-05:00,17.251161964975918,17.73838975286651,17.110774270581906,17.449356079101562,29400,0.0,0.0
2015-11-30 00:00:00-05:00,17.416325920777652,17.490648916465165,17.143808794959085,17.18509864807129,92200,0.0,0.0
2015-12-01 00:00:00-05:00,17.209873180627515,17.209873180627515,16.631805797310605,16.829999923706055,62800,0.0,0.0
2015-12-02 00:00:00-05:00,16.747421328523487,16.99516360915354,16.111547479770813,16.590517044067383,78300,0.0,0.0
2015-12-03 00:00:00-05:00,16.590519458665476,16.788713627036262,16.251937557476975,16.375808715820312,73600,0.0,0.0
2015-12-04 00:00:00-05:00,16.36754981540729,16.9125841517852,16.251936948632334,16.52445411682129,54400,0.0,0.0
2015-12-07 00:00:00-05:00,16.483158733069544,16.86303196520101,16.276706334658712,16.714385986328125,54500,0.0,0.0
2015-12-08 00:00:00-05:00,16.47490597036162,16.846519431469915,16.351033241551676,16.52445411682129,51200,0.0,0.0
2015-12-09 00:00:00-05:00,16.540968066046407,16.71438733869162,16.41709535689191,16.607032775878906,41900,0.0,0.0
2015-12-10 00:00:00-05:00,16.755678355347797,16.945614194564047,16.63180564923496,16.664838790893555,29100,0.0,0.0
2015-12-11 00:00:00-05:00,16.44187104564655,16.755679614558755,16.367548046436134,16.590517044067383,94400,0.0,0.0
2015-12-14 00:00:00-05:00,16.524451799207384,16.681356078614993,16.524451799207384,16.582258224487305,55500,0.0,0.0
2015-12-15 00:00:00-05:00,16.62354789639829,16.78871045976889,16.540968189819928,16.673097610473633,44500,0.0,0.0
2015-12-16 00:00:00-05:00,16.796966679780038,17.176838323666605,16.780450110452776,17.11903190612793,23000,0.0,0.0
2015-12-17 00:00:00-05:00,17.2429068223543,17.416327688260292,16.309742501397416,16.896066665649414,58500,0.0,0.0
2015-12-18 00:00:00-05:00,16.796969363117398,17.011680073351883,16.62354850769043,16.62354850769043,104700,0.0,0.0
2015-12-21 00:00:00-05:00,16.846516723477077,16.953872861174442,16.4914183181975,16.863033294677734,49000,0.0,0.0
2015-12-22 00:00:00-05:00,16.945615356687274,17.094261354131252,16.830000928060297,17.003421783447266,39700,0.0,0.0
2015-12-23 00:00:00-05:00,17.05297010258501,17.449358383176815,16.97864710308567,17.292455673217773,40600,0.0,0.0
2015-12-24 00:00:00-05:00,17.259421462942996,17.424584023875372,17.13555032979717,17.275938034057617,12400,0.0,0.0
2015-12-28 00:00:00-05:00,17.13554982517669,17.25116266936055,16.76393486157589,17.01167869567871,24900,0.0,0.0
2015-12-29 00:00:00-05:00,17.135550633031592,17.300713196886722,16.945614787173053,17.251163482666016,59400,0.0,0.0
2015-12-30 00:00:00-05:00,17.308968808731283,17.498906217639774,17.07774312414035,17.135549545288086,37900,0.0,0.0
2015-12-31 00:00:00-05:00,17.152066551503356,17.152066551503356,16.640063883128636,16.82174301147461,58300,0.0,0.0
2016-01-04 00:00:00-05:00,16.607033431668867,16.755679428438558,16.26019329757525,16.68135643005371,65200,0.0,0.0
2016-01-05 00:00:00-05:00,16.68135620240538,17.0034214742732,16.5822583475423,16.64832305908203,43500,0.0,0.0
2016-01-06 00:00:00-05:00,16.47490365969702,16.607033081795965,16.25193466923994,16.582258224487305,111700,0.0,0.0
2016-01-07 00:00:00-05:00,16.27670864316264,16.466646073720344,16.194128932171576,16.40058135986328,73300,0.0,0.0
2016-01-08 00:00:00-05:00,16.30974076031101,17.234648271157972,16.30974076031101,16.863033294677734,102400,0.0,0.0
2016-01-11 00:00:00-05:00,16.887806235973237,17.333742582062104,16.887806235973237,17.11903190612793,120200,0.0,0.0
2016-01-12 00:00:00-05:00,17.185097681256593,17.457614791743648,16.95387199666566,17.135549545288086,65500,0.0,0.0
2016-01-13 00:00:00-05:00,17.135549778286983,18.522910205124425,17.135549778286983,18.15955352783203,166800,0.0,0.0
2016-01-14 00:00:00-05:00,18.258651271243092,18.258651271243092,17.68884219025957,17.837488174438477,94900,0.0,0.0
2016-01-15 00:00:00-05:00,17.432843393816263,17.986135959717462,16.689613398495986,17.771425247192383,130300,0.0,0.0
2016-01-19 00:00:00-05:00,17.763165042947602,17.903552740780743,16.98690356227572,17.135549545288086,128500,0.0,0.0
2016-01-20 00:00:00-05:00,16.92909878472528,17.201615921670236,16.36754793887337,17.003421783447266,114800,0.0,0.0
2016-01-21 00:00:00-05:00,16.937359529773563,17.93658865194347,16.896068093873634,17.33374786376953,111800,0.0,0.0
2016-01-22 00:00:00-05:00,17.408070178857514,18.159556956079218,17.408070178857514,17.639297485351562,219100,0.0,0.0
2016-01-25 00:00:00-05:00,17.639293602837682,17.738389873018335,17.06122625139222,17.160324096679688,85600,0.0,0.0
2016-01-26 00:00:00-05:00,17.218131329687413,17.399808883666992,17.01167891943962,17.399808883666992,96500,0.0,0.0
2016-01-27 00:00:00-05:00,17.251162257950575,17.424583095197452,16.962130154383832,17.06948471069336,123600,0.0,0.0
2016-01-28 00:00:00-05:00,17.152065044782454,17.22638803164839,16.829998243327818,17.11903190612793,83200,0.0,0.0
2016-01-29 00:00:00-05:00,15.839031703359048,15.888579848725321,13.700184264578029,14.872834205627441,744800,0.0,0.0
2016-02-01 00:00:00-05:00,14.567280683814259,15.095799893221516,14.195667312861794,14.881089210510254,171900,0.0,0.0
2016-02-02 00:00:00-05:00,14.707671465517265,14.748962898808793,14.187412006901022,14.583800315856934,125700,0.0,0.0
2016-02-03 00:00:00-05:00,14.682895097647581,14.955412199722106,14.37734485587588,14.881089210510254,171400,0.0,0.0
2016-02-04 00:00:00-05:00,14.781992048260019,15.186638577571658,14.707669055620446,15.054509162902832,125400,0.0,0.0
2016-02-05 00:00:00-05:00,15.071027630645478,15.36006135228201,14.66638105039716,14.955414772033691,91500,0.0,0.0
2016-02-08 00:00:00-05:00,14.872832288148205,14.947155284169096,14.608573446788117,14.823284149169922,73600,0.0,0.0
2016-02-09 00:00:00-05:00,14.64160384436078,15.087541784850215,14.608572279383866,14.790249824523926,106700,0.0,0.0
2016-02-10 00:00:00-05:00,14.625086800625132,14.922378751322396,14.030504474337366,14.113085746765137,165000,0.0,0.0
2016-02-11 00:00:00-05:00,13.939663992676712,14.641602399100003,13.939663992676712,14.625085830688477,129800,0.0,0.0
2016-02-12 00:00:00-05:00,14.69941255900243,15.409609430597301,14.69941255900243,15.161867141723633,72500,0.0,0.0
2016-02-16 00:00:00-05:00,15.335284452433298,15.797737400444422,15.037992484015573,15.673866271972656,66600,0.0,0.0
2016-02-17 00:00:00-05:00,15.682127984619838,16.119807747657656,15.682127984619838,15.954645156860352,84700,0.0,0.0
2016-02-18 00:00:00-05:00,15.921614335554645,16.30974439461574,15.450901402088283,15.99593734741211,79300,0.0,0.0
2016-02-19 00:00:00-05:00,15.995932753705441,16.47490226195475,15.715157361789622,15.9050931930542,196100,0.0,0.0
2016-02-22 00:00:00-05:00,16.028967078170602,16.243677801603162,15.64083706375814,15.789483070373535,140300,0.0,0.0
2016-02-23 00:00:00-05:00,15.805995347334042,16.111545594456604,15.665607651376133,15.9050931930542,55000,0.0,0.0
2016-02-24 00:00:00-05:00,15.814254149573028,16.293223673485972,15.583028460508975,16.218900680541992,47200,0.0,0.0
2016-02-25 00:00:00-05:00,16.194132274147176,16.780456533739716,16.169357410672866,16.55748748779297,53500,0.0,0.0
2016-02-26 00:00:00-05:00,16.557480363345945,17.036449825337456,16.53270708563857,16.72264289855957,67800,0.0,0.0
2016-02-29 00:00:00-05:00,16.582256548371088,16.97864477460144,16.433610569758006,16.61528968811035,112400,0.0,0.0
2016-03-01 00:00:00-05:00,16.681355896152855,16.94561473746026,16.185869781148,16.673097610473633,117000,0.0,0.0
2016-03-02 00:00:00-05:00,16.75567766988633,17.094259482501364,16.565740263333385,16.846515655517578,35200,0.0,0.0
2016-03-03 00:00:00-05:00,16.904322306951393,16.920838877330716,16.648321766499297,16.879549026489258,49500,0.0,0.0
2016-03-04 00:00:00-05:00,16.92909759509306,17.424583693385454,16.863032886994535,16.920839309692383,56000,0.0,0.0
2016-03-07 00:00:00-05:00,16.829999717766537,17.457615231225798,16.829999717766537,17.17683982849121,47100,0.0,0.0
2016-03-08 00:00:00-05:00,17.13555332855627,17.39155392520589,16.887811018909176,16.91258430480957,45000,0.0,0.0
2016-03-09 00:00:00-05:00,17.028194155680854,17.34200110161549,16.896063174379844,17.15206527709961,94600,0.0,0.0
2016-03-10 00:00:00-05:00,17.556714263677794,17.556714263677794,16.499677289509872,16.68135643005371,113300,0.0,0.0
2016-03-11 00:00:00-05:00,16.8547745739279,17.342002386019868,16.6400638791834,17.17683982849121,42400,0.0,0.0
2016-03-14 00:00:00-04:00,17.242903521783347,17.498905628398425,17.193355387483276,17.284194946289062,36100,0.0,0.0
2016-03-15 00:00:00-04:00,17.27593796268734,17.4411005229374,17.011679126372776,17.052968978881836,35900,0.0,0.0
2016-03-16 00:00:00-04:00,17.044710661854534,17.416325634176847,16.99516252391386,17.308969497680664,40800,0.0,0.0
2016-03-17 00:00:00-04:00,17.350259938253565,17.688841749283988,17.13554925258189,17.51542091369629,28400,0.0,0.0
2016-03-18 00:00:00-04:00,17.63103599462046,17.92832639168154,17.523679860178976,17.589744567871094,105200,0.0,0.0
2016-03-21 00:00:00-04:00,17.713618819802363,18.085232242355488,17.556714534667304,17.771425247192383,106000,0.0,0.0
2016-03-22 00:00:00-04:00,17.655806929783534,18.043938414125435,17.56496895321756,17.804452896118164,40100,0.0,0.0
2016-03-23 00:00:00-04:00,17.870518574957195,17.928324992788976,17.540195062270758,17.59800148010254,38900,0.0,0.0
2016-03-24 00:00:00-04:00,17.45761832485368,17.771426924746116,17.176842872363466,17.639297485351562,64500,0.0,0.0
2016-03-28 00:00:00-04:00,17.614519119262695,17.953100937217087,17.391550143993168,17.614519119262695,48300,0.0,0.0
2016-03-29 00:00:00-04:00,17.622775070002806,17.969615127218766,17.59800021766358,17.829227447509766,54800,0.0,0.0
2016-03-30 00:00:00-04:00,17.862260818481445,18.332973609974818,17.680583274907953,17.862260818481445,197100,0.0,0.0
2016-03-31 00:00:00-04:00,17.83748711288706,18.002648082618055,17.548453446974364,17.564970016479492,42200,0.0,0.0
2016-04-01 00:00:00-04:00,17.474130731287737,18.14303605558912,17.242903479937244,17.441099166870117,132600,0.0,0.0
2016-04-04 00:00:00-04:00,17.399809220775968,17.441100648689652,16.301482439982674,16.384063720703125,133900,0.0,0.0
2016-04-05 00:00:00-04:00,16.23541707439382,16.4336111950502,16.23541707439382,16.30974006652832,46600,0.0,0.0
2016-04-06 00:00:00-04:00,16.27670989834025,17.077746387624444,16.202388467738405,17.0281982421875,55900,0.0,0.0
2016-04-07 00:00:00-04:00,16.90432318257169,17.168583597008613,16.52445149481155,16.607032775878906,33600,0.0,0.0
2016-04-08 00:00:00-04:00,16.706131737275566,16.772196457722792,16.458389429375266,16.74742317199707,34500,0.0,0.0
2016-04-11 00:00:00-04:00,16.772194409692798,16.83825912207295,16.185870284207315,16.2023868560791,62700,0.0,0.0
2016-04-12 00:00:00-04:00,16.25193460494594,16.450128737310287,16.16935332268406,16.359289169311523,54700,0.0,0.0
2016-04-13 00:00:00-04:00,16.46664662079382,16.730905485001585,16.40058190474188,16.507936477661133,77200,0.0,0.0
2016-04-14 00:00:00-04:00,16.953872324642813,16.953872324642813,16.144577687598012,16.218900680541992,61300,0.0,0.0
2016-04-15 00:00:00-04:00,16.260191498295484,16.557481883831056,16.103287232944577,16.268449783325195,29600,0.0,0.0
2016-04-18 00:00:00-04:00,16.276707926082263,16.408838923082303,15.872061374646318,16.103288650512695,45900,0.0,0.0
2016-04-19 00:00:00-04:00,16.0950340551168,16.0950340551168,15.632580972457125,15.814258575439453,55200,0.0,0.0
2016-04-20 00:00:00-04:00,15.76470629744214,17.03645233558968,15.76470629744214,16.829999923706055,51700,0.0,0.0
2016-04-21 00:00:00-04:00,13.402891762381078,13.402891762381078,11.131914967179682,11.30533504486084,1717800,0.0,0.0
2016-04-22 00:00:00-04:00,11.520046326074299,11.569595259624048,10.851140842250981,11.024560928344727,548900,0.0,0.0
2016-04-25 00:00:00-04:00,11.272300770942895,11.39617268398004,10.908944891984762,11.25578498840332,401500,0.0,0.0
2016-04-26 00:00:00-04:00,11.197979987540906,11.453980556003227,11.148431058534985,11.231012344360352,158100,0.0,0.0
2016-04-27 00:00:00-04:00,11.27230153849509,11.280559824103904,11.082365694813149,11.156688690185547,177900,0.0,0.0
2016-04-28 00:00:00-04:00,11.12365622120495,11.305333777414555,11.032816655546693,11.140172004699707,127000,0.0,0.0
2016-04-29 00:00:00-04:00,11.123655492938523,11.173203627732331,11.01630015081407,11.032815933227539,263400,0.0,0.0
2016-05-02 00:00:00-04:00,11.25578635784731,11.25578635784731,10.908946219230176,11.00804328918457,109300,0.0,0.0
2016-05-03 00:00:00-04:00,10.983268241431979,10.983268241431979,10.760299263206425,10.76855754852295,154800,0.0,0.0
2016-05-04 00:00:00-04:00,10.735524841430701,10.87591253697676,10.496040088008613,10.809847831726074,154500,0.0,0.0
2016-05-05 00:00:00-04:00,10.867655343093979,11.016301338609457,10.63642885150039,10.925461769104004,106300,0.0,0.0
2016-05-06 00:00:00-04:00,11.28881895336767,11.354883668068513,10.512557374302467,11.090624809265137,210000,0.0,0.0
2016-05-09 00:00:00-04:00,11.107141641959917,11.709983204916304,11.107141641959917,11.445723533630371,296800,0.0,0.0
2016-05-10 00:00:00-04:00,11.495270588732193,11.495270588732193,10.999784475188052,11.18972110748291,95300,0.0,0.0
2016-05-11 00:00:00-04:00,11.12365626504551,11.197979259948477,10.851139142103603,10.933719635009766,141100,0.0,0.0
2016-05-12 00:00:00-04:00,10.999783488095481,11.305332941925535,10.809847660398447,11.206235885620117,184000,0.0,0.0
2016-05-13 00:00:00-04:00,11.14842938622386,11.313591145546129,10.999783409057123,11.123655319213867,88300,0.0,0.0
2016-05-16 00:00:00-04:00,11.148430710464751,11.321850775240787,11.032817071429566,11.131914138793945,74100,0.0,0.0
2016-05-17 00:00:00-04:00,11.140172094200988,11.264044015397415,10.685976624921015,10.727267265319824,82700,0.0,0.0
2016-05-18 00:00:00-04:00,10.727267685327856,10.80159068344501,10.578622476647038,10.719009399414062,69100,0.0,0.0
2016-05-19 00:00:00-04:00,10.652944617173324,10.710751830636333,10.52907347949478,10.636428833007812,165100,0.0,0.0
2016-05-20 00:00:00-04:00,10.694235024289242,10.8593968000882,10.66120266912945,10.743783950805664,99600,0.0,0.0
2016-05-23 00:00:00-04:00,10.727268849361728,11.164948599644223,10.727268849361728,11.04107666015625,79300,0.0,0.0
2016-05-24 00:00:00-04:00,11.05759162554017,11.27230153849509,10.966752058950144,11.156688690185547,93300,0.0,0.0
2016-05-25 00:00:00-04:00,11.156688752416866,11.27230160137129,11.090624042284775,11.18972110748291,36900,0.0,0.0
2016-05-26 00:00:00-04:00,11.148429645459156,11.379656113887059,11.140171360412664,11.25578498840332,67900,0.0,0.0
2016-05-27 00:00:00-04:00,11.28881975157862,11.404433404256679,10.958496154717846,11.04107666015625,65700,0.0,0.0
2016-05-31 00:00:00-04:00,11.065849593771349,11.15668916422105,10.892429526385143,10.941978454589844,56900,0.0,0.0
2016-06-01 00:00:00-04:00,11.008042137951204,11.42094694668922,10.983268069941882,11.35488224029541,139200,0.0,0.0
2016-06-02 00:00:00-04:00,11.330107978714926,11.487011456831222,11.12365557787309,11.25578498840332,63200,0.0,0.0
2016-06-03 00:00:00-04:00,11.148432080888725,11.164948654589834,10.966753707944424,11.024560928344727,42400,0.0,0.0
2016-06-06 00:00:00-04:00,11.049335480699487,11.239271361180807,11.049335480699487,11.098883628845215,54900,0.0,0.0
2016-06-07 00:00:00-04:00,11.206238611430043,11.544820499718695,11.197981112061083,11.379658699035645,91500,0.0,0.0
2016-06-08 00:00:00-04:00,11.420948075454556,11.437464647462098,11.156689223761854,11.164947509765625,81700,0.0,0.0
2016-06-09 00:00:00-04:00,11.148430762925988,11.511786678305226,10.95849491313885,11.115398406982422,81700,0.0,0.0
2016-06-10 00:00:00-04:00,11.065849053702392,11.396173387987416,10.867654925663453,10.933719635009766,73300,0.0,0.0
2016-06-13 00:00:00-04:00,10.925460737302638,10.925460737302638,10.669460199817678,10.842880249023438,67000,0.0,0.0
2016-06-14 00:00:00-04:00,10.801590122447895,10.925461254507388,10.529073001874249,10.611654281616211,88900,0.0,0.0
2016-06-15 00:00:00-04:00,10.52907453855151,10.83462405810501,10.52907453855151,10.702494621276855,71400,0.0,0.0
2016-06-16 00:00:00-04:00,10.611655872829411,10.975011825561523,10.611655872829411,10.975011825561523,75700,0.0,0.0
2016-06-17 00:00:00-04:00,11.024558290230875,11.041074072426271,10.768556971998398,10.917202949523926,102600,0.0,0.0
2016-06-20 00:00:00-04:00,10.975011536603914,11.08236689851845,10.842882102725575,10.859397888183594,55800,0.0,0.0
2016-06-21 00:00:00-04:00,10.85939722470427,10.991527438063363,10.619912443543258,10.735526084899902,39800,0.0,0.0
2016-06-22 00:00:00-04:00,10.710751164850134,10.809848226343737,10.545589395694126,10.562105178833008,75100,0.0,0.0
2016-06-23 00:00:00-04:00,10.652944444874478,10.859396862701919,10.652944444874478,10.776816368103027,63000,0.0,0.0
2016-06-24 00:00:00-04:00,10.454749450338582,10.892428319512726,10.14919999166581,10.809847831726074,377100,0.0,0.0
2016-06-27 00:00:00-04:00,10.785074765799754,10.867655261256,10.48778277700753,10.60339641571045,70800,0.0,0.0
2016-06-28 00:00:00-04:00,10.644686823571988,10.900687377686838,10.586879611712614,10.7107515335083,169500,0.0,0.0
2016-06-29 00:00:00-04:00,10.76855802028714,10.818106946803562,10.644686885326289,10.743783950805664,75200,0.0,0.0
2016-06-30 00:00:00-04:00,10.727267441300913,10.826364507351666,10.677719302052273,10.776816368103027,101800,0.0,0.0
2016-07-01 00:00:00-04:00,10.760300041429536,10.818107255272595,10.661202973124494,10.719009399414062,64500,0.0,0.0
2016-07-05 00:00:00-04:00,10.710752135118259,10.933720346788807,10.636429135376908,10.801590919494629,55000,0.0,0.0
2016-07-06 00:00:00-04:00,10.776817891693131,11.148432138809394,10.735527244779416,11.05759334564209,94700,0.0,0.0
2016-07-07 00:00:00-04:00,10.999783852763622,11.363140525482992,10.999783852763622,11.35488224029541,81400,0.0,0.0
2016-07-08 00:00:00-04:00,11.346623266357014,11.544817373507868,11.346623266357014,11.487010955810547,81300,0.0,0.0
2016-07-11 00:00:00-04:00,11.470498394645475,11.5695954760451,11.387917099702321,11.445723533630371,52500,0.0,0.0
2016-07-12 00:00:00-04:00,11.437463419063203,11.569592830718678,11.313591504971134,11.528302192687988,109400,0.0,0.0
2016-07-13 00:00:00-04:00,11.48701267907538,11.73475574395669,11.48701267907538,11.577852249145508,102500,0.0,0.0
2016-07-14 00:00:00-04:00,11.602626373566613,11.668691086169769,11.32185095122645,11.371399879455566,51000,0.0,0.0
2016-07-15 00:00:00-04:00,11.429204852972353,11.437463137886153,11.189720103345913,11.206235885620117,35300,0.0,0.0
2016-07-18 00:00:00-04:00,11.313591601910925,11.470495870261287,11.074106844345014,11.35488224029541,71400,0.0,0.0
2016-07-19 00:00:00-04:00,11.404432597870906,11.45398074011978,11.08236652303915,11.090624809265137,77600,0.0,0.0
2016-07-20 00:00:00-04:00,11.090626129190003,11.321852658161841,11.082367841981178,11.098883628845215,52700,0.0,0.0
2016-07-21 00:00:00-04:00,11.082366224834907,11.305334434062248,11.082366224834907,11.164947509765625,68900,0.0,0.0
2016-07-22 00:00:00-04:00,11.197979278708535,11.297076342894025,11.115397998110566,11.17320442199707,85000,0.0,0.0
2016-07-25 00:00:00-04:00,11.222753709295453,11.404432059929864,11.222753709295453,11.321850776672363,95400,0.0,0.0
2016-07-26 00:00:00-04:00,11.363141718273733,11.594368214923943,11.131914434070016,11.247528076171875,87000,0.0,0.0
2016-07-27 00:00:00-04:00,11.214494999309752,11.420947412091675,11.00804258652783,11.140172004699707,77600,0.0,0.0
2016-07-28 00:00:00-04:00,11.08236689851845,11.387916411250492,10.78507567229219,10.859397888183594,166200,0.0,0.0
2016-07-29 00:00:00-04:00,10.999785534194714,11.470497623645594,10.611655521689753,11.30533504486084,203000,0.0,0.0
2016-08-01 00:00:00-04:00,11.354882538508615,11.354882538508615,10.760299377795382,10.785074234008789,85700,0.0,0.0
2016-08-02 00:00:00-04:00,10.793333059924445,11.008043781539039,10.32262175969929,10.553848266601562,127700,0.0,0.0
2016-08-03 00:00:00-04:00,10.545589626726144,10.66946075941855,10.347394711843458,10.454750061035156,157700,0.0,0.0
2016-08-04 00:00:00-04:00,10.479524055503344,10.595137689399557,10.30610399843575,10.372169494628906,67500,0.0,0.0
2016-08-05 00:00:00-04:00,10.512557383315269,10.727268100053854,10.372170455120758,10.42171859741211,76800,0.0,0.0
2016-08-08 00:00:00-04:00,10.388685707955212,10.496041060826075,10.289588640894449,10.413459777832031,96900,0.0,0.0
2016-08-09 00:00:00-04:00,10.438233907448147,10.545589252833572,10.27307135297615,10.306103706359863,150900,0.0,0.0
2016-08-10 00:00:00-04:00,10.322620365843838,10.396943358486462,9.917973836515584,10.083135604858398,154100,0.0,0.0
2016-08-11 00:00:00-04:00,10.099650837206013,10.207006177663368,9.967521429736463,10.025328636169434,67300,0.0,0.0
2016-08-12 00:00:00-04:00,10.025329169025774,10.074877305683692,9.777586123075881,9.89319896697998,115100,0.0,0.0
2016-08-15 00:00:00-04:00,9.984038543852709,10.149200312195523,9.82713427326196,10.083135604858398,108800,0.0,0.0
2016-08-16 00:00:00-04:00,10.025329651926917,10.149200787091786,9.951006655806609,10.058362007141113,136600,0.0,0.0
2016-08-17 00:00:00-04:00,10.09139334241285,10.09139334241285,9.554616639992629,9.628939628601074,220900,0.0,0.0
2016-08-18 00:00:00-04:00,9.521585404586382,9.785845038130768,9.521585404586382,9.678489685058594,136700,0.0,0.0
2016-08-19 00:00:00-04:00,9.686747192553717,9.901457898902498,9.653714836773403,9.72803783416748,65600,0.0,0.0
2016-08-22 00:00:00-04:00,9.711521068099199,9.98403817262031,9.711521068099199,9.934489250183105,113600,0.0,0.0
2016-08-23 00:00:00-04:00,9.934489170438109,10.091393433935266,9.835392113912565,9.851908683776855,101400,0.0,0.0
2016-08-24 00:00:00-04:00,9.901458029845555,10.339137734164717,9.901458029845555,10.22352409362793,118400,0.0,0.0
2016-08-25 00:00:00-04:00,10.19049180029067,10.42171829523752,10.041845802619516,10.066619873046875,62600,0.0,0.0
2016-08-26 00:00:00-04:00,10.173974928996568,10.306104350793385,10.050103792950422,10.140942573547363,58300,0.0,0.0
2016-08-29 00:00:00-04:00,10.198750316163988,10.355653815811865,9.901458314120722,10.33913803100586,94600,0.0,0.0
2016-08-30 00:00:00-04:00,10.297846968156085,10.355653393952512,10.13268518905666,10.157459259033203,89100,0.0,0.0
2016-08-31 00:00:00-04:00,10.140943279187017,10.26481521140605,10.074878563691612,10.198750495910645,57300,0.0,0.0
2016-09-01 00:00:00-04:00,10.165716882806523,10.240039087895713,10.000554326910274,10.083135604858398,41700,0.0,0.0
2016-09-02 00:00:00-04:00,10.066619750489794,10.27307217249581,9.934490326414503,10.000555038452148,56000,0.0,0.0
2016-09-06 00:00:00-04:00,9.992296457618744,10.033586307504109,9.884941115299306,9.934489250183105,44200,0.0,0.0
2016-09-07 00:00:00-04:00,9.761069665661731,9.951006291861782,9.604166181021203,9.90971565246582,113700,0.0,0.0
2016-09-08 00:00:00-04:00,9.769327991058587,9.992296972177815,9.678489214058224,9.703263282775879,108400,0.0,0.0
2016-09-09 00:00:00-04:00,9.703264486969509,9.703264486969509,9.34816604521647,9.356424331665039,82300,0.0,0.0
2016-09-12 00:00:00-04:00,9.232553132391,9.290359562093562,9.02610069767781,9.083907127380371,144000,0.0,0.0
2016-09-13 00:00:00-04:00,8.976551476136391,9.042616190100963,8.778357334242678,8.968293190002441,377800,0.0,0.0
2016-09-14 00:00:00-04:00,8.885711200946115,9.042614673406579,8.803129928564788,8.91048526763916,117300,0.0,0.0
2016-09-15 00:00:00-04:00,8.918744630783731,9.067389836468585,8.918744630783731,8.976551055908203,93300,0.0,0.0
2016-09-16 00:00:00-04:00,9.00958364775799,9.116939002630097,8.943518935152616,9.05913257598877,147300,0.0,0.0
2016-09-19 00:00:00-04:00,9.026100219686082,9.183003715235472,9.017841933722037,9.05913257598877,66200,0.0,0.0
2016-09-20 00:00:00-04:00,9.100422554213997,9.257326038314423,8.943518282560134,8.984808921813965,60500,0.0,0.0
2016-09-21 00:00:00-04:00,8.98480904769832,9.092164396241035,8.860937128201288,9.050873756408691,48800,0.0,0.0
2016-09-22 00:00:00-04:00,9.125197362841908,9.405972787476044,9.100423292301691,9.381197929382324,69200,0.0,0.0
2016-09-23 00:00:00-04:00,9.29035871409584,9.405972350501614,9.141712722653198,9.149971008300781,40800,0.0,0.0
2016-09-26 00:00:00-04:00,9.183003415549544,9.183003415549544,9.017841639426138,9.133455276489258,51400,0.0,0.0
2016-09-27 00:00:00-04:00,9.14171283653524,9.191261763484526,9.017841700492234,9.166487693786621,50500,0.0,0.0
2016-09-28 00:00:00-04:00,9.191262251885789,9.191262251885789,8.96829325009618,9.001325607299805,44000,0.0,0.0
2016-09-29 00:00:00-04:00,8.984808372010978,8.993066656867086,8.803130042943545,8.927001953125,65300,0.0,0.0
2016-09-30 00:00:00-04:00,8.88571320755618,9.463779882106838,8.88571320755618,9.216036796569824,137700,0.0,0.0
2016-10-03 00:00:00-04:00,9.21603464657691,9.571133012591458,8.918743485819174,9.529842376708984,143600,0.0,0.0
2016-10-04 00:00:00-04:00,9.51332796660669,9.752812744192093,9.51332796660669,9.711522102355957,71100,0.0,0.0
2016-10-05 00:00:00-04:00,9.670230865478516,9.794101995811234,9.546359735145796,9.670230865478516,52000,0.0,0.0
2016-10-06 00:00:00-04:00,9.59590835015797,9.74455434400293,9.463778927875106,9.695005416870117,58200,0.0,0.0
2016-10-07 00:00:00-04:00,9.686746711928478,9.728037351493533,9.529843226645406,9.703263282775879,73600,0.0,0.0
2016-10-10 00:00:00-04:00,9.686747021894991,9.959264936723281,9.686747021894991,9.868425369262695,95500,0.0,0.0
2016-10-11 00:00:00-04:00,10.033586910416336,10.157458830176033,9.86842513829019,9.975780487060547,142600,0.0,0.0
2016-10-12 00:00:00-04:00,9.984037949391194,10.091393289310316,9.752811487478752,10.041844367980957,99300,0.0,0.0
2016-10-13 00:00:00-04:00,9.967522315778494,10.07487766577898,9.909715891760333,9.992297172546387,64500,0.0,0.0
2016-10-14 00:00:00-04:00,9.992296605089212,10.207006505343463,9.926231899233533,10.19049072265625,76500,0.0,0.0
2016-10-17 00:00:00-04:00,10.322620859132796,10.322620859132796,10.033587160055689,10.10791015625,87900,0.0,0.0
2016-10-18 00:00:00-04:00,10.116167958526962,10.12442624383246,9.926232121821082,10.083135604858398,52600,0.0,0.0
2016-10-19 00:00:00-04:00,10.08313577207104,10.08313577207104,9.794102082012879,9.942748069763184,52000,0.0,0.0
2016-10-20 00:00:00-04:00,9.975780423979536,10.116168126287391,9.711521590248722,9.942748069763184,49700,0.0,0.0
2016-10-21 00:00:00-04:00,9.843651535489272,10.000555029550648,9.6041667576776,9.951006889343262,56000,0.0,0.0
2016-10-24 00:00:00-04:00,10.033587160055689,10.306104287732516,9.909716024767484,10.10791015625,50500,0.0,0.0
2016-10-25 00:00:00-04:00,10.074877852953032,10.107910208370447,9.95926500276882,10.091394424438477,50100,0.0,0.0
2016-10-26 00:00:00-04:00,10.041844197663071,10.28958722500117,9.868424157281739,10.132683753967285,57400,0.0,0.0
2016-10-27 00:00:00-04:00,10.165717534211876,10.22352395994766,9.810619118855525,9.917974472045898,53900,0.0,0.0
2016-10-28 00:00:00-04:00,9.942748541996451,9.942748541996451,9.769328477235616,9.917974472045898,50600,0.0,0.0
2016-10-31 00:00:00-04:00,9.951007066592064,9.951007066592064,9.678489927936855,9.810619354248047,46200,0.0,0.0
2016-11-01 00:00:00-04:00,9.818877403228456,9.876683828955635,9.703263764220615,9.72803783416748,47400,0.0,0.0
2016-11-02 00:00:00-04:00,9.76106881918345,10.198748456250328,9.628939414617363,10.132683753967285,76700,0.0,0.0
2016-11-03 00:00:00-04:00,10.396944013261471,10.396944013261471,9.66197311340742,9.678489685058594,149300,0.0,0.0
2016-11-04 00:00:00-04:00,9.744554092405536,9.893199294859105,9.521585107394994,9.562875747680664,59500,0.0,0.0
2016-11-07 00:00:00-05:00,9.794101814482472,9.794101814482472,9.546359558403752,9.620681762695312,115100,0.0,0.0
2016-11-08 00:00:00-05:00,9.637196869449387,9.645455153412005,9.389453863443991,9.546358108520508,89700,0.0,0.0
2016-11-09 00:00:00-05:00,9.521585464477539,9.637199104102516,9.43900496836269,9.521585464477539,254800,0.0,0.0
2016-11-10 00:00:00-05:00,9.58764907882201,10.22352284263599,9.480293737364322,9.851908683776855,309200,0.0,0.0
2016-11-11 00:00:00-05:00,9.893198771789063,10.31436186283907,9.81061828313735,10.240038871765137,296500,0.0,0.0
2016-11-14 00:00:00-05:00,10.281331066810845,11.330109810691031,9.191262466128824,9.752813339233398,939800,0.0,0.0
2016-11-15 00:00:00-05:00,9.843650944453657,10.471266458122651,9.71977981381921,9.90971565246582,290600,0.0,0.0
2016-11-16 00:00:00-05:00,9.91797313852031,9.95926377458847,9.49681006822117,9.769327163696289,289700,0.0,0.0
2016-11-17 00:00:00-05:00,9.79410143928027,9.827133791328892,9.339906795500076,9.61242389678955,354800,0.0,0.0
2016-11-18 00:00:00-05:00,9.49681089097767,9.678489232885251,8.654484677404431,9.257326126098633,462000,0.0,0.0
2016-11-21 00:00:00-05:00,9.249067840658869,9.389455542921075,9.216035486453258,9.257326126098633,191000,0.0,0.0
2016-11-22 00:00:00-05:00,9.257327554644526,9.439005924587832,9.100424044843649,9.232553482055664,266000,0.0,0.0
2016-11-23 00:00:00-05:00,9.216035895142467,9.422488314971117,9.10868054232515,9.199520111083984,77600,0.0,0.0
2016-11-25 00:00:00-05:00,9.240810273236882,9.331649845025696,9.158229775083012,9.174745559692383,35800,0.0,0.0
2016-11-28 00:00:00-05:00,9.166488651994557,9.33165044650138,9.092165647578097,9.216036796569824,63000,0.0,0.0
2016-11-29 00:00:00-05:00,9.265585006648859,9.339908005273466,9.240810148738326,9.298617362976074,87500,0.0,0.0
2016-11-30 00:00:00-05:00,9.257327586049163,9.27384337197991,8.637970256351547,8.753583908081055,131100,0.0,0.0
2016-12-01 00:00:00-05:00,8.753584766860643,9.050876030762284,8.753584766860643,9.0095853805542,153800,0.0,0.0
2016-12-02 00:00:00-05:00,8.968293129464389,8.984809701620796,8.877454345264663,8.935260772705078,67900,0.0,0.0
2016-12-05 00:00:00-05:00,9.075648601273148,9.331649960079558,9.059132816460147,9.191262245178223,131300,0.0,0.0
2016-12-06 00:00:00-05:00,9.199519080013978,9.472036180640163,9.108679521436322,9.422487258911133,77200,0.0,0.0
2016-12-07 00:00:00-05:00,9.496809759425243,9.719778714411271,9.348163789434558,9.65371322631836,79200,0.0,0.0
2016-12-08 00:00:00-05:00,9.4968111763928,10.050103716630398,9.4968111763928,9.868425369262695,75600,0.0,0.0
2016-12-09 00:00:00-05:00,9.909715798112465,10.281329983030991,9.909715798112465,10.215265274047852,90800,0.0,0.0
2016-12-12 00:00:00-05:00,10.099651387915962,10.289588012175274,10.000554326910274,10.083135604858398,74800,0.0,0.0
2016-12-13 00:00:00-05:00,9.926232369134977,10.40520190303947,9.926232369134977,10.215265274047852,178600,0.0,0.0
2016-12-14 00:00:00-05:00,10.09965061527239,10.314361291468968,9.7528113220631,10.132683753967285,95200,0.0,0.0
2016-12-15 00:00:00-05:00,10.050103439599205,10.306103988441455,10.017071085311384,10.182232856750488,93800,0.0,0.0
2016-12-16 00:00:00-05:00,10.223522386071345,10.47126541009813,10.223522386071345,10.322619438171387,99100,0.0,0.0
2016-12-19 00:00:00-05:00,10.380428426476605,10.53733272183546,10.339138568538171,10.396944999694824,76700,0.0,0.0
2016-12-20 00:00:00-05:00,10.512555816684774,10.570363024148012,10.347394054404246,10.380426406860352,41700,0.0,0.0
2016-12-21 00:00:00-05:00,10.347395127484184,10.562105834492215,10.297846987438323,10.446492195129395,49000,0.0,0.0
2016-12-22 00:00:00-05:00,10.396943869954379,10.512556719705099,10.264814448780145,10.347394943237305,81300,0.0,0.0
2016-12-23 00:00:00-05:00,10.322620912360376,10.388685623195204,10.06661956721031,10.091394424438477,32200,0.0,0.0
2016-12-27 00:00:00-05:00,10.025329661909021,10.248297862938484,10.025329661909021,10.10791015625,36700,0.0,0.0
2016-12-28 00:00:00-05:00,10.099650720379797,10.116167289899133,9.77758549028656,10.008811950683594,91300,0.0,0.0
2016-12-29 00:00:00-05:00,9.992296931257744,10.066619137106347,9.868425013069857,9.90971565246582,60800,0.0,0.0
2016-12-30 00:00:00-05:00,9.794101411847373,9.926231607225162,9.505068529119855,9.818876266479492,124200,0.0,0.0
2017-01-03 00:00:00-05:00,9.868423530169023,9.984037145594092,9.62068051857435,9.901455879211426,72500,0.0,0.0
2017-01-04 00:00:00-05:00,9.934489493364666,10.165716753660512,9.926231995717504,10.017070770263672,48900,0.0,0.0
2017-01-05 00:00:00-05:00,10.083135541020466,10.132684464986324,9.951006127182746,10.050103187561035,41200,0.0,0.0
2017-01-06 00:00:00-05:00,10.215265622800562,10.215265622800562,9.975780847672223,10.12442684173584,45900,0.0,0.0
2017-01-09 00:00:00-05:00,10.13268452913796,10.21526501953265,9.917973836515584,10.083135604858398,29200,0.0,0.0
2017-01-10 00:00:00-05:00,10.06661912137641,10.39694344847451,10.025329269598409,10.355652809143066,99300,0.0,0.0
2017-01-11 00:00:00-05:00,10.223522979536071,10.446491162815892,10.107909351598092,10.363910675048828,58700,0.0,0.0
2017-01-12 00:00:00-05:00,10.297847099410687,10.496041236856145,10.289588813462085,10.463008880615234,42100,0.0,0.0
2017-01-13 00:00:00-05:00,10.529073248490285,10.818106946803562,10.520814962811968,10.743783950805664,88500,0.0,0.0
2017-01-17 00:00:00-05:00,10.760298622514604,10.941976950893444,10.71075048867253,10.884170532226562,96300,0.0,0.0
2017-01-18 00:00:00-05:00,10.983269995578835,11.024560641202585,10.735526909389893,10.908946990966797,263000,0.0,0.0
2017-01-19 00:00:00-05:00,10.991526783206805,10.991526783206805,10.768557799778856,10.900687217712402,55400,0.0,0.0
2017-01-20 00:00:00-05:00,10.867655334128074,11.090624327217341,10.82636469234634,10.875913619995117,62500,0.0,0.0
2017-01-23 00:00:00-05:00,10.79333245752924,11.016301453120146,10.512557035327433,10.941978454589844,212500,0.0,0.0
2017-01-24 00:00:00-05:00,10.884173258647355,11.140173851915934,10.884173258647355,11.05759334564209,43600,0.0,0.0
2017-01-25 00:00:00-05:00,11.156687880297882,11.38791434768521,11.11539724280465,11.272300720214844,251100,0.0,0.0
2017-01-26 00:00:00-05:00,11.34662448121004,11.363141052351017,11.123656283681056,11.17320442199707,180700,0.0,0.0
2017-01-27 00:00:00-05:00,11.197980053244155,11.197980053244155,10.892429766429613,11.074108123779297,73000,0.0,0.0
2017-01-30 00:00:00-05:00,11.03281604857383,11.115397324164753,10.702492521316959,11.049332618713379,84500,0.0,0.0
2017-01-31 00:00:00-05:00,10.157457992318447,10.520813861023852,9.967521379375581,10.438233375549316,133600,0.0,0.0
2017-02-01 00:00:00-05:00,10.388685163097533,10.405201733851486,10.140942114662318,10.355652809143066,81300,0.0,0.0
2017-02-02 00:00:00-05:00,10.454750191839986,10.801590312782366,10.339137343228169,10.7107515335083,148200,0.0,0.0
2017-02-03 00:00:00-05:00,9.075646365598063,10.487780665379047,9.075646365598063,9.901455879211426,382400,0.0,0.0
2017-02-06 00:00:00-05:00,9.851909760475436,10.066619679302697,9.785845048904973,9.917974472045898,209800,0.0,0.0
2017-02-07 00:00:00-05:00,10.008812714484066,10.033586783100265,9.818876875837455,9.90971565246582,158700,0.0,0.0
2017-02-08 00:00:00-05:00,9.9179742493837,10.28133015486377,9.860167037392225,10.074877738952637,211400,0.0,0.0
2017-02-09 00:00:00-05:00,10.050103957311524,10.215265737258628,9.909716247468115,9.951006889343262,60200,0.0,0.0
2017-02-10 00:00:00-05:00,10.041845558910834,10.190491552974452,9.967522561879026,10.12442684173584,49900,0.0,0.0
2017-02-13 00:00:00-05:00,10.240038999592436,10.322620276828435,10.132684441760436,10.306103706359863,92000,0.0,0.0
2017-02-14 00:00:00-05:00,10.396942563099458,10.396942563099458,9.975779495380028,10.132683753967285,159500,0.0,0.0
2017-02-15 00:00:00-05:00,10.06661928505906,10.264814199561934,10.058361787101257,10.215265274047852,93900,0.0,0.0
2017-02-16 00:00:00-05:00,10.281329971755946,10.281329971755946,10.074877559521678,10.165717124938965,55600,0.0,0.0
2017-02-17 00:00:00-05:00,10.190490319224036,10.339136295291265,10.116167331190422,10.248296737670898,74700,0.0,0.0
2017-02-21 00:00:00-05:00,10.322620147970266,10.446491274724542,10.223523089056162,10.240038871765137,56900,0.0,0.0
2017-02-22 00:00:00-05:00,10.281330581347321,10.363911866158745,10.066619870880418,10.256556510925293,55100,0.0,0.0
2017-02-23 00:00:00-05:00,10.314363414281122,10.322621700654494,10.173975696147938,10.231782913208008,101800,0.0,0.0
2017-02-24 00:00:00-05:00,10.2235232674528,10.34739439636858,10.198749199180329,10.28958797454834,57800,0.0,0.0
2017-02-27 00:00:00-05:00,10.297845969813814,10.413458810198385,10.281329399728357,10.363910675048828,81300,0.0,0.0
2017-02-28 00:00:00-05:00,10.363910686897125,10.380426469448055,9.868424609514657,9.967521667480469,118000,0.0,0.0
2017-03-01 00:00:00-05:00,10.033587394470972,10.165717606099753,9.959265184093738,10.000555038452148,109500,0.0,0.0
2017-03-02 00:00:00-05:00,9.959264577251663,10.231781694690198,9.876683298459739,9.90971565246582,95200,0.0,0.0
2017-03-03 00:00:00-05:00,9.959265175228989,9.99229753121841,9.74455446752101,9.951006889343262,128700,0.0,0.0
2017-03-06 00:00:00-05:00,9.959264527501835,9.959264527501835,9.389455439301509,9.430746078491211,91500,0.0,0.0
2017-03-07 00:00:00-05:00,9.463779332290239,9.505069975406474,8.960035691422005,8.968293190002441,105600,0.0,0.0
2017-03-08 00:00:00-05:00,8.960035271966987,9.10042297945797,8.918744630783731,8.976551055908203,76500,0.0,0.0
2017-03-09 00:00:00-05:00,8.993068887129287,8.993068887129287,8.811390513006,8.852681159973145,104800,0.0,0.0
2017-03-10 00:00:00-05:00,8.86919530462707,8.94351829790076,8.530613479761099,8.538871765136719,107500,0.0,0.0
2017-03-13 00:00:00-04:00,8.547129741250682,8.629710229358531,8.414999542681981,8.423257827758789,127300,0.0,0.0
2017-03-14 00:00:00-04:00,8.439775056988557,8.530613837266968,8.258096708878263,8.497581481933594,83700,0.0,0.0
2017-03-15 00:00:00-04:00,8.555388264974802,8.662743621190126,8.464549480894224,8.646227836608887,56500,0.0,0.0
2017-03-16 00:00:00-04:00,8.687518600770925,8.968293243002908,8.687518600770925,8.951777458190918,56600,0.0,0.0
2017-03-17 00:00:00-04:00,8.99306787170798,9.133455583012728,8.89397080270819,9.108680725097656,106300,0.0,0.0
2017-03-20 00:00:00-04:00,9.183003410753058,9.298617047755789,8.819647503471353,8.94351863861084,59900,0.0,0.0
2017-03-21 00:00:00-04:00,8.960036236453803,8.960036236453803,8.720551436876185,8.737067222595215,57000,0.0,0.0
2017-03-22 00:00:00-04:00,8.7700984990692,8.7700984990692,8.596678438880536,8.671001434326172,57600,0.0,0.0
2017-03-23 00:00:00-04:00,8.71229153784019,8.81138859647497,8.604936194097492,8.662742614746094,222600,0.0,0.0
2017-03-24 00:00:00-04:00,8.687517391106761,8.687517391106761,8.538871410728968,8.580162048339844,49900,0.0,0.0
2017-03-27 00:00:00-04:00,8.538872368235634,8.65448522144625,8.423258727471522,8.629711151123047,65000,0.0,0.0
2017-03-28 00:00:00-04:00,8.621453760395687,8.621453760395687,8.481066822284415,8.5966796875,42900,0.0,0.0
2017-03-29 00:00:00-04:00,8.547130062416883,8.646227124402012,8.51409770842184,8.588419914245605,114900,0.0,0.0
2017-03-30 00:00:00-04:00,8.588419902283551,8.679259466308478,8.46454877186303,8.538871765136719,49100,0.0,0.0
2017-03-31 00:00:00-04:00,8.580162048339844,8.654484250975333,8.53061312569611,8.580162048339844,51000,0.0,0.0
2017-04-03 00:00:00-04:00,8.637969429819993,8.637969429819993,8.381968078183785,8.390226364135742,56100,0.0,0.0
2017-04-04 00:00:00-04:00,8.414999657675647,8.712291624076048,8.258096176839208,8.439774513244629,142400,0.0,0.0
2017-04-05 00:00:00-04:00,8.456290538284602,8.64622716532005,8.357193475830499,8.381967544555664,86400,0.0,0.0
2017-04-06 00:00:00-04:00,8.39022635558109,8.489323424243052,8.291129286919126,8.340678215026855,70200,0.0,0.0
2017-04-07 00:00:00-04:00,8.33242023613096,8.464549665882513,8.299387878693071,8.315903663635254,57100,0.0,0.0
2017-04-10 00:00:00-04:00,8.33242062805951,8.819648513851039,8.324162341423216,8.737067222595215,173100,0.0,0.0
2017-04-11 00:00:00-04:00,8.794873109442419,8.89397096783558,8.604937253888135,8.67926025390625,70000,0.0,0.0
2017-04-12 00:00:00-04:00,8.720550721563955,8.786615434128164,8.547130654194534,8.629711151123047,62200,0.0,0.0
2017-04-13 00:00:00-04:00,8.596677972674557,8.73706567033552,8.596677972674557,8.695775032043457,37900,0.0,0.0
2017-04-17 00:00:00-04:00,8.695775989311707,8.993067987699,8.629711275793088,8.935260772705078,44200,0.0,0.0
2017-04-18 00:00:00-04:00,8.935260764915204,9.009583764447234,8.794873051922155,8.885712623596191,38300,0.0,0.0
2017-04-19 00:00:00-04:00,8.935259870153878,8.943518155397912,8.860936878064425,8.918744087219238,70800,0.0,0.0
2017-04-20 00:00:00-04:00,9.042615215666041,9.042615215666041,8.90222751673117,8.918744087219238,50700,0.0,0.0
2017-04-21 00:00:00-04:00,8.943519474278261,9.034358262698143,8.85268068585838,8.87745475769043,71600,0.0,0.0
2017-04-24 00:00:00-04:00,8.97655064842247,9.083905995604207,8.902227655177159,9.034357070922852,71000,0.0,0.0
2017-04-25 00:00:00-04:00,9.092164940707773,9.183003723735876,9.009583656097865,9.108680725097656,50900,0.0,0.0
2017-04-26 00:00:00-04:00,9.100421150173547,9.472035271017383,9.100421150173547,9.405970573425293,48200,0.0,0.0
2017-04-27 00:00:00-04:00,9.439003762998054,9.587648952044127,9.348164205052433,9.38945484161377,49600,0.0,0.0
2017-04-28 00:00:00-04:00,9.405972037149413,9.455520174277327,9.00132471698643,9.034357070922852,41600,0.0,0.0
2017-05-01 00:00:00-04:00,8.968291962795123,8.993066817806818,8.64622672317713,8.786614418029785,67700,0.0,0.0
2017-05-02 00:00:00-04:00,8.794871643815979,8.935259334332207,8.66274223804856,8.91048526763916,108100,0.0,0.0
2017-05-03 00:00:00-04:00,8.885713407732363,8.885713407732363,8.728809108750992,8.836164474487305,167500,0.0,0.0
2017-05-04 00:00:00-04:00,8.86919516330846,9.07564756908875,8.778356388284365,8.918744087219238,67300,0.0,0.0
2017-05-05 00:00:00-04:00,8.671002288625786,8.91874536866866,8.167258629662992,8.175516128540039,230000,0.0,0.0
2017-05-08 00:00:00-04:00,8.241580839165094,8.464549847315194,8.092935621285235,8.125967979431152,158000,0.0,0.0
2017-05-09 00:00:00-04:00,8.192031390295623,8.258096096059829,8.10945011431366,8.216805458068848,46400,0.0,0.0
2017-05-10 00:00:00-04:00,8.158999178941908,8.505839283997084,8.059902118576632,8.472806930541992,51800,0.0,0.0
2017-05-11 00:00:00-04:00,8.340678462497904,8.547130891890886,8.340678462497904,8.522356033325195,62200,0.0,0.0
2017-05-12 00:00:00-04:00,8.48932392492054,8.48932392492054,8.101193913325364,8.175516128540039,91200,0.0,0.0
2017-05-15 00:00:00-04:00,8.142482467195762,8.266354381168709,8.142482467195762,8.216805458068848,49100,0.0,0.0
2017-05-16 00:00:00-04:00,8.175516742322623,8.175516742322623,7.9608067918826055,7.977322578430176,79300,0.0,0.0
2017-05-17 00:00:00-04:00,7.927773595261794,7.993838309592849,7.622223307038768,7.7543535232543945,278700,0.0,0.0
2017-05-18 00:00:00-04:00,7.762610086869884,7.952546708358833,7.737836018868168,7.828674793243408,79500,0.0,0.0
2017-05-19 00:00:00-04:00,7.83693312959535,7.886482053475706,7.7460943546270284,7.812159061431885,90000,0.0,0.0
2017-05-22 00:00:00-04:00,7.886482608198477,8.125967384099422,7.795643039287216,8.084676742553711,50500,0.0,0.0
2017-05-23 00:00:00-04:00,8.1259671434417,8.1259671434417,7.9442887985532264,8.002095222473145,59800,0.0,0.0
2017-05-24 00:00:00-04:00,8.002095755927428,8.035128112877096,7.91951525733001,8.010354042053223,38600,0.0,0.0
2017-05-25 00:00:00-04:00,8.035128285925476,8.216806646838128,7.985580143210636,8.059903144836426,73800,0.0,0.0
2017-05-26 00:00:00-04:00,8.084676856167766,8.167258140419703,7.977321501661644,8.10119342803955,38000,0.0,0.0
2017-05-30 00:00:00-04:00,8.117709109090983,8.381967955249909,8.010353755950549,8.324161529541016,52800,0.0,0.0
2017-05-31 00:00:00-04:00,8.32416073630377,8.340677306391525,8.150740688149384,8.183773040771484,39300,0.0,0.0
2017-06-01 00:00:00-04:00,8.22506404771668,8.357193464137278,8.092934631296082,8.332419395446777,68000,0.0,0.0
2017-06-02 00:00:00-04:00,8.373710696813646,8.662743621190126,8.373710696813646,8.646227836608887,98900,0.0,0.0
2017-06-05 00:00:00-04:00,8.629710347286288,8.737065692091608,8.431516228054969,8.439774513244629,87100,0.0,0.0
2017-06-06 00:00:00-04:00,8.398484026707933,8.745324135410884,8.084676271807481,8.109450340270996,91200,0.0,0.0
2017-06-07 00:00:00-04:00,8.117709036202891,8.117709036202891,7.969063042796431,8.051644325256348,33700,0.0,0.0
2017-06-08 00:00:00-04:00,8.026868712255252,8.051642777208656,7.795641480845738,7.803899765014648,155600,0.0,0.0
2017-06-09 00:00:00-04:00,7.812159599887214,8.043386089641565,7.746094888528828,7.845191955566406,81100,0.0,0.0
2017-06-12 00:00:00-04:00,7.762611021880639,7.886482951916506,7.704804593729345,7.7543535232543945,122100,0.0,0.0
2017-06-13 00:00:00-04:00,7.721319872443976,7.861707563765022,7.638738599589225,7.8204169273376465,63200,0.0,0.0
2017-06-14 00:00:00-04:00,7.803899997306322,7.853448916241332,7.382736942795458,7.4900922775268555,1002500,0.0,0.0
2017-06-15 00:00:00-04:00,7.424027492207374,7.514867044621291,7.3497045084335655,7.4075117111206055,118000,0.0,0.0
2017-06-16 00:00:00-04:00,6.85422098588996,7.523126432930725,6.631251978507346,7.2093186378479,319900,0.0,0.0
2017-06-19 00:00:00-04:00,7.357963584245691,7.357963584245691,6.9368004892587205,7.101963043212891,150000,0.0,0.0
2017-06-20 00:00:00-04:00,7.101962672084475,7.101962672084475,6.903767775207258,6.978090763092041,62400,0.0,0.0
2017-06-21 00:00:00-04:00,6.936801851250371,6.936801851250371,6.854221345612616,6.878995418548584,74100,0.0,0.0
2017-06-22 00:00:00-04:00,6.870736407468091,6.887252979386763,6.689058841683682,6.722091197967529,144100,0.0,0.0
2017-06-23 00:00:00-04:00,6.672541970191219,6.7716390345936475,6.5404125509879805,6.6064772605896,332400,0.0,0.0
2017-06-26 00:00:00-04:00,6.656026485399836,6.845962337143581,6.540412844629624,6.722091197967529,122000,0.0,0.0
2017-06-27 00:00:00-04:00,6.755123554251376,6.8129299808597334,6.6477681994405,6.722091197967529,163500,0.0,0.0
2017-06-28 00:00:00-04:00,6.746865086815926,6.8542204387391745,6.631251449155472,6.647768020629883,546200,0.0,0.0
2017-06-29 00:00:00-04:00,6.689058441241104,7.10196326384726,6.6725418703112025,6.804671287536621,274000,0.0,0.0
2017-06-30 00:00:00-04:00,6.8046709836398165,6.912026327229338,6.70557392514643,6.829445838928223,205400,0.0,0.0
2017-07-03 00:00:00-04:00,6.796414650497064,7.019383686809707,6.705575851010601,6.936802387237549,76000,0.0,0.0
2017-07-05 00:00:00-04:00,6.895511265346099,6.9615759779137925,6.6064775571973176,6.722091197967529,109700,0.0,0.0
2017-07-06 00:00:00-04:00,6.755123186746125,6.77989725572283,6.548670380538805,6.573444843292236,119600,0.0,0.0
2017-07-07 00:00:00-04:00,6.6064779150987905,6.84596270801898,6.598219628692068,6.705574989318848,168400,0.0,0.0
2017-07-10 00:00:00-04:00,6.7633810813695385,6.7633810813695385,6.515638408188956,6.52389669418335,99800,0.0,0.0
2017-07-11 00:00:00-04:00,6.565185883179104,6.589960343386845,6.424798587924192,6.474347114562988,69500,0.0,0.0
2017-07-12 00:00:00-04:00,6.507380014730529,6.631251144891085,6.499121729372242,6.532154083251953,60300,0.0,0.0
2017-07-13 00:00:00-04:00,6.515638087999008,6.664283684602651,6.416541023596579,6.6064772605896,167000,0.0,0.0
2017-07-14 00:00:00-04:00,6.5982192107346025,6.680800494463726,6.4330574308298445,6.499122142791748,61600,0.0,0.0
2017-07-17 00:00:00-04:00,6.490864398019225,6.63125171723651,6.416541398486674,6.556929111480713,83500,0.0,0.0
2017-07-18 00:00:00-04:00,6.540412724722172,6.680800433243123,6.416541194040349,6.656026363372803,70800,0.0,0.0
2017-07-19 00:00:00-04:00,6.656026030839916,6.895510794431049,6.631251174653858,6.796412944793701,94400,0.0,0.0
2017-07-20 00:00:00-04:00,6.854220569647606,6.928543567594998,6.697316287857891,6.738606929779053,63700,0.0,0.0
2017-07-21 00:00:00-04:00,6.812929932181992,6.812929932181992,6.622994081795321,6.763381004333496,135100,0.0,0.0
2017-07-24 00:00:00-04:00,6.7303495384498655,6.796414259283333,6.656027318177411,6.6808013916015625,45100,0.0,0.0
2017-07-25 00:00:00-04:00,6.689058793890989,6.837704002329494,6.647768151942824,6.763381004333496,62800,0.0,0.0
2017-07-26 00:00:00-04:00,6.7551227266510345,6.870735565703503,6.738606156755882,6.7881550788879395,43100,0.0,0.0
2017-07-27 00:00:00-04:00,6.821187994830511,7.1597698301276775,6.812929709200468,7.085446834564209,191800,0.0,0.0
2017-07-28 00:00:00-04:00,7.044156428726258,7.2836412071045356,7.035898930374483,7.168028354644775,95500,0.0,0.0
2017-07-31 00:00:00-04:00,7.143254201264916,7.308416785441558,7.060673696730162,7.275384426116943,57700,0.0,0.0
2017-08-01 00:00:00-04:00,7.184542655944824,7.192800940145503,7.110219673245373,7.184542655944824,66500,0.0,0.0
2017-08-02 00:00:00-04:00,7.176286581635951,7.3331908795532135,7.027641358016026,7.110221862792969,50100,0.0,0.0
2017-08-03 00:00:00-04:00,7.093705957985067,7.13499660345839,6.945059949302531,7.019382953643799,125800,0.0,0.0
2017-08-04 00:00:00-04:00,5.574215446203538,5.6898286933487885,4.541953326536216,4.649308681488037,2241400,0.0,0.0
2017-08-07 00:00:00-04:00,4.7484053002174855,5.0209224109648245,4.6988567704249435,4.913567066192627,788800,0.0,0.0
2017-08-08 00:00:00-04:00,4.95485782623291,5.14479405865624,4.872276941217706,4.95485782623291,464700,0.0,0.0
2017-08-09 00:00:00-04:00,4.930083628644367,4.954858092367974,4.847502739193583,4.86401891708374,347000,0.0,0.0
2017-08-10 00:00:00-04:00,4.946599416868222,5.1943424594814624,4.946599416868222,5.13653564453125,311900,0.0,0.0
2017-08-11 00:00:00-04:00,5.095245758189259,5.318214354707224,4.913567409158776,5.285181999206543,293600,0.0,0.0
2017-08-14 00:00:00-04:00,5.293439936004561,5.318214399728168,4.839244847136875,4.86401891708374,109900,0.0,0.0
2017-08-15 00:00:00-04:00,4.921825472226828,5.1530519502694005,4.864018655827825,4.95485782623291,143900,0.0,0.0
2017-08-16 00:00:00-04:00,4.96311616897583,5.029180877751428,4.9300834208113065,4.96311616897583,93200,0.0,0.0
2017-08-17 00:00:00-04:00,4.93008342639776,5.029180883450173,4.9053093574672015,4.987890243530273,96600,0.0,0.0
2017-08-18 00:00:00-04:00,4.954857981867211,5.086987402041783,4.913567341174291,5.037438869476318,84500,0.0,0.0
2017-08-21 00:00:00-04:00,5.029180655472445,5.161310067183805,4.880534673520459,5.095245361328125,145200,0.0,0.0
2017-08-22 00:00:00-04:00,5.095245776487226,5.111761954296879,4.987890423836111,5.06221342086792,114800,0.0,0.0
2017-08-23 00:00:00-04:00,5.037438398395926,5.27692314695508,5.012664331318328,5.260406970977783,126500,0.0,0.0
2017-08-24 00:00:00-04:00,5.2521498149676535,5.31821452812325,4.8640190345134,4.905309677124023,113700,0.0,0.0
2017-08-25 00:00:00-04:00,4.913567032923163,5.1860845356020135,4.913567032923163,5.120019435882568,175900,0.0,0.0
2017-08-28 00:00:00-04:00,5.1200197198988135,5.252149532890461,4.996148586273193,4.996148586273193,106600,0.0,0.0
2017-08-29 00:00:00-04:00,4.996148760888748,5.086987542885457,4.715373341467209,4.8557610511779785,266200,0.0,0.0
2017-08-30 00:00:00-04:00,4.84750239550385,4.864018572223004,4.7071146965026855,4.7071146965026855,129700,0.0,0.0
2017-08-31 00:00:00-04:00,4.715373820933904,4.740147893533257,4.566728204007431,4.641050815582275,256700,0.0,0.0
2017-09-01 00:00:00-04:00,4.6658242624529045,4.8392443078623835,4.624533625440477,4.830986022949219,102500,0.0,0.0
2017-09-05 00:00:00-04:00,4.847503132581939,4.954858494468516,4.541953619929473,4.5502119064331055,252600,0.0,0.0
2017-09-06 00:00:00-04:00,4.5502119064331055,4.641050695312417,4.467630616503878,4.5502119064331055,229300,0.0,0.0
2017-09-07 00:00:00-04:00,4.517178246536138,4.814469806725466,4.517178246536138,4.789695739746094,195800,0.0,0.0
2017-09-08 00:00:00-04:00,4.773180644605493,4.773180644605493,4.500663089690534,4.616276741027832,166500,0.0,0.0
2017-09-11 00:00:00-04:00,4.616276855380027,4.8309871961682544,4.599760675319394,4.682341575622559,207600,0.0,0.0
2017-09-12 00:00:00-04:00,4.69885718505906,4.814470431443543,4.599760116729503,4.6327924728393555,130900,0.0,0.0
2017-09-13 00:00:00-04:00,4.624533749724811,4.7979537997949535,4.624533749724811,4.674082279205322,93700,0.0,0.0
2017-09-14 00:00:00-04:00,4.665824703918672,4.707114951061156,4.550211460632288,4.566727638244629,93400,0.0,0.0
2017-09-15 00:00:00-04:00,4.591502274662187,4.789696824256995,4.492405196753175,4.616276741027832,176000,0.0,0.0
2017-09-18 00:00:00-04:00,4.608018336851436,4.6823413402770315,4.47588890300751,4.5502119064331055,121200,0.0,0.0
2017-09-19 00:00:00-04:00,4.55846974271617,4.723631532976015,4.484146740210855,4.5419535636901855,161300,0.0,0.0
2017-09-20 00:00:00-04:00,4.541952708216393,4.649308048553369,4.484145895624938,4.591501235961914,104000,0.0,0.0
2017-09-21 00:00:00-04:00,4.574984902527572,4.616275537782195,4.4924040257950075,4.533694267272949,115500,0.0,0.0
2017-09-22 00:00:00-04:00,4.550211879660596,4.690599205405371,4.517179127617199,4.558469772338867,96400,0.0,0.0
2017-09-25 00:00:00-04:00,4.558469504699823,4.707115108172288,4.558469504699823,4.649308681488037,116900,0.0,0.0
2017-09-26 00:00:00-04:00,4.608018013182633,4.690598903534576,4.5749856570418554,4.657566547393799,103200,0.0,0.0
2017-09-27 00:00:00-04:00,4.690598847882672,4.855761020403728,4.641050314259378,4.839244842529297,99300,0.0,0.0
2017-09-28 00:00:00-04:00,4.773180309261355,4.822728844734783,4.467630416510078,4.484146595001221,189600,0.0,0.0
2017-09-29 00:00:00-04:00,4.484146855516406,4.632792864349326,4.467630676065724,4.608018398284912,218800,0.0,0.0
2017-10-02 00:00:00-04:00,4.608018279794123,4.641050637846092,4.50066291923684,4.5419535636901855,117000,0.0,0.0
2017-10-03 00:00:00-04:00,4.574985282749455,4.756663620436861,4.550211214559082,4.7071146965026855,134600,0.0,0.0
2017-10-04 00:00:00-04:00,4.7153725956902,4.764921121790988,4.674081960384536,4.731888771057129,110900,0.0,0.0
2017-10-05 00:00:00-04:00,4.731889336387289,4.839244685986673,4.70711487348869,4.756663799285889,112400,0.0,0.0
2017-10-06 00:00:00-04:00,4.723631828885744,4.7731807628444365,4.64105092858258,4.682341575622559,63400,0.0,0.0
2017-10-09 00:00:00-04:00,4.6823413127271,4.806212853115333,4.5419535932055535,4.558469772338867,174000,0.0,0.0
2017-10-10 00:00:00-04:00,4.574986096948288,4.781438539567891,4.574986096948288,4.641050815582275,101600,0.0,0.0
2017-10-11 00:00:00-04:00,4.690598291452956,4.814469807705105,4.541952708216393,4.591501235961914,210400,0.0,0.0
2017-10-12 00:00:00-04:00,4.59150221883423,4.674083116087641,4.492405142130137,4.608018398284912,91500,0.0,0.0
2017-10-13 00:00:00-04:00,4.616276359293759,4.756664071610827,4.60801807326252,4.690598964691162,127900,0.0,0.0
2017-10-16 00:00:00-04:00,4.723630911076107,4.756663658555847,4.2446613886055635,4.252919673919678,219100,0.0,0.0
2017-10-17 00:00:00-04:00,4.25291961958171,4.310726040935069,3.9556280462761735,4.021692752838135,422500,0.0,0.0
2017-10-18 00:00:00-04:00,4.038209288854064,4.27769406834218,4.00517693263341,4.170339107513428,198100,0.0,0.0
2017-10-19 00:00:00-04:00,4.137306466772219,4.277693774167258,4.1290481813966,4.269435882568359,117600,0.0,0.0
2017-10-20 00:00:00-04:00,4.294210133106129,4.426339948277905,4.26117777775737,4.343759059906006,152700,0.0,0.0
2017-10-23 00:00:00-04:00,4.318984451219241,4.335500628338031,4.252919742744081,4.310726165771484,89900,0.0,0.0
2017-10-24 00:00:00-04:00,4.3107261341203245,4.36853295050001,4.277693780125281,4.294209957122803,97700,0.0,0.0
2017-10-25 00:00:00-04:00,4.294209854445704,4.302468139635364,4.153822550211874,4.2198872566223145,75900,0.0,0.0
2017-10-26 00:00:00-04:00,4.219887133774877,4.294209729434621,4.137306253165884,4.178596496582031,69700,0.0,0.0
2017-10-27 00:00:00-04:00,4.145565199185008,4.153823486235593,3.963887215616932,3.988661289215088,127700,0.0,0.0
2017-10-30 00:00:00-04:00,4.013435393587677,4.104274180267239,3.9638868570960724,4.029951572418213,92500,0.0,0.0
2017-10-31 00:00:00-04:00,3.9886604625305013,4.1125319861782295,3.9638863940669866,4.054725170135498,109500,0.0,0.0
2017-11-01 00:00:00-04:00,4.0464673670027285,4.18685507061967,4.038209081483273,4.0794997215271,67000,0.0,0.0
2017-11-02 00:00:00-04:00,4.104273796081543,4.170338898996341,4.029951195189577,4.104273796081543,128000,0.0,0.0
2017-11-03 00:00:00-04:00,4.112532107564525,4.186855102702237,4.079499752787037,4.096015930175781,103500,0.0,0.0
2017-11-06 00:00:00-05:00,4.137306587677034,4.37679135769438,4.09601594714574,4.335500717163086,343700,0.0,0.0
2017-11-07 00:00:00-05:00,4.294209854445704,4.434597552456244,4.062983382009164,4.2198872566223145,100600,0.0,0.0
2017-11-08 00:00:00-05:00,4.178597123660756,4.294210373863335,4.129048587859652,4.261178016662598,107300,0.0,0.0
2017-11-09 00:00:00-05:00,4.2364035599273135,4.302468268313617,4.203371205734161,4.285952091217041,42600,0.0,0.0
2017-11-10 00:00:00-05:00,4.310726843276322,4.517179286597114,4.310726843276322,4.401566028594971,122400,0.0,0.0
2017-11-13 00:00:00-05:00,4.360275117016025,4.418081540389602,4.285952122648025,4.302468299865723,85100,0.0,0.0
2017-11-14 00:00:00-05:00,4.310725972140862,4.409823424179034,4.054725041410387,4.2116289138793945,237100,0.0,0.0
2017-11-15 00:00:00-05:00,4.203371089660239,4.203371089660239,3.988660399557154,4.021692752838135,576600,0.0,0.0
2017-11-16 00:00:00-05:00,4.079500325528172,4.434598386128496,4.079500325528172,4.376791954040527,305700,0.0,0.0
2017-11-17 00:00:00-05:00,4.830985818308872,5.392536567762472,4.591501078845431,5.161309719085693,877000,0.0,0.0
2017-11-20 00:00:00-05:00,5.128277997532559,5.549440717515119,4.96311622377013,5.24389123916626,405600,0.0,0.0
2017-11-21 00:00:00-05:00,5.285182478613802,5.433828091850182,5.144794758113278,5.3099565505981445,250200,0.0,0.0
2017-11-22 00:00:00-05:00,5.301697467968598,5.879764005703255,5.301697467968598,5.821957588195801,205200,0.0,0.0
2017-11-24 00:00:00-05:00,5.863247771582818,6.144023146762479,5.739376259369633,5.813699245452881,135800,0.0,0.0
2017-11-27 00:00:00-05:00,5.838475252503367,6.490864943418133,5.8219590727502135,6.35047721862793,279300,0.0,0.0
2017-11-28 00:00:00-05:00,6.383509188990502,6.523896905222559,6.251379759019983,6.400025367736816,139900,0.0,0.0
2017-11-29 00:00:00-05:00,6.4495737253547105,6.722091257786672,6.433057547065812,6.540412902832031,172000,0.0,0.0
2017-11-30 00:00:00-05:00,6.606477523286003,6.713832877545819,6.3917668147663695,6.490864276885986,434400,0.0,0.0
2017-12-01 00:00:00-05:00,6.441315212450527,6.507379919240507,6.243120698303871,6.482605457305908,170500,0.0,0.0
2017-12-04 00:00:00-05:00,6.548670339255814,6.8046712818027055,6.548670339255814,6.779897212982178,289400,0.0,0.0
2017-12-05 00:00:00-05:00,6.7716392144699515,7.00286570421773,6.606477436078681,6.656026363372803,240000,0.0,0.0
2017-12-06 00:00:00-05:00,6.631252324962335,6.903769489854378,6.631252324962335,6.854221343994141,118800,0.0,0.0
2017-12-07 00:00:00-05:00,6.8459632290925265,7.085448040240859,6.8459632290925265,7.002866744995117,156500,0.0,0.0
2017-12-08 00:00:00-05:00,7.011123267075163,7.019381552031546,6.73860616394174,6.812929153442383,159200,0.0,0.0
2017-12-11 00:00:00-05:00,6.8046714123072745,6.969833186867458,6.7964131266909,6.870736122131348,81500,0.0,0.0
2017-12-12 00:00:00-05:00,6.912026863792664,6.936800933450806,6.573445024101982,6.647768020629883,149500,0.0,0.0
2017-12-13 00:00:00-05:00,6.606478074017693,7.019382953643799,6.548671249110398,7.019382953643799,204800,0.0,0.0
2017-12-14 00:00:00-05:00,7.052416105759582,7.052416105759582,6.80467299260734,6.920286655426025,127000,0.0,0.0
2017-12-15 00:00:00-05:00,6.994608135009425,7.473577681262147,6.9202851385989215,7.38273811340332,248900,0.0,0.0
2017-12-18 00:00:00-05:00,7.448803033096737,7.655255434844827,7.357963472293393,7.55615758895874,207100,0.0,0.0
2017-12-19 00:00:00-05:00,7.539641661686463,7.539641661686463,7.291898626831423,7.440544605255127,195400,0.0,0.0
2017-12-20 00:00:00-05:00,7.465320612331562,7.465320612331562,7.225835800170898,7.225835800170898,76400,0.0,0.0
2017-12-21 00:00:00-05:00,7.28364115513196,7.424028864305779,7.258867085146429,7.374480724334717,139400,0.0,0.0
2017-12-22 00:00:00-05:00,7.448804089370841,7.4735781605787315,7.324932158224339,7.357964515686035,123100,0.0,0.0
2017-12-26 00:00:00-05:00,7.3662219744307365,7.597448450687009,7.333189620679841,7.424028396606445,76200,0.0,0.0
2017-12-27 00:00:00-05:00,7.432287573858974,7.473578217891119,7.316673928079675,7.366222858428955,99500,0.0,0.0
2017-12-28 00:00:00-05:00,7.399253309824263,7.41576909064993,7.275382197195111,7.390995025634766,53200,0.0,0.0
2017-12-29 00:00:00-05:00,7.374480724334717,7.589190643465129,7.341448368502847,7.374480724334717,115900,0.0,0.0
2018-01-02 00:00:00-05:00,7.424029230609427,7.465319874324927,7.316673871970535,7.357964515686035,126400,0.0,0.0
2018-01-03 00:00:00-05:00,7.357963497605548,7.432286488499085,7.308415362045467,7.3249311447143555,66100,0.0,0.0
2018-01-04 00:00:00-05:00,7.324933254439142,7.349707329354604,6.887254255682329,7.15977144241333,108000,0.0,0.0
2018-01-05 00:00:00-05:00,7.126738373782155,7.308416742783903,7.0028664363726865,7.027641296386719,118800,0.0,0.0
2018-01-08 00:00:00-05:00,6.994608763828456,7.019382835674668,6.730349109772529,6.953318119049072,159100,0.0,0.0
2018-01-09 00:00:00-05:00,6.986350783026212,7.01938314278423,6.821188984236122,6.854221343994141,65500,0.0,0.0
2018-01-10 00:00:00-05:00,6.779897514433709,6.7881558002588855,6.540412738377973,6.730348587036133,113700,0.0,0.0
2018-01-11 00:00:00-05:00,6.730349109772529,6.969833904428699,6.647768607767307,6.953318119049072,51700,0.0,0.0
2018-01-12 00:00:00-05:00,6.94506013808022,7.118480223739158,6.837704771952917,6.878995418548584,59300,0.0,0.0
2018-01-16 00:00:00-05:00,6.969832779419099,7.201060037839542,6.84596165262869,7.068930625915527,466700,0.0,0.0
2018-01-17 00:00:00-05:00,7.0937043873076355,7.1184784540847685,6.878993708430125,6.978090763092041,51300,0.0,0.0
2018-01-18 00:00:00-05:00,6.928544047202861,7.027641122141254,6.870736829490306,6.953318119049072,50800,0.0,0.0
2018-01-19 00:00:00-05:00,6.903768894240381,7.134996180151242,6.903768894240381,7.052414894104004,48600,0.0,0.0
2018-01-22 00:00:00-05:00,6.994608937254906,7.225835451177591,6.994608937254906,7.027641296386719,67200,0.0,0.0
2018-01-23 00:00:00-05:00,7.019382537195811,7.068931466334856,6.912027180355807,7.052414894104004,50600,0.0,0.0
2018-01-24 00:00:00-05:00,7.093704924336419,7.168027917847823,6.936800651911579,6.961575508117676,134900,0.0,0.0
2018-01-25 00:00:00-05:00,6.978091645915907,6.994608217559156,6.878994578716858,6.895511150360107,84400,0.0,0.0
2018-01-26 00:00:00-05:00,6.895509052530206,6.9367988939697,6.821186077853926,6.8459601402282715,49900,0.0,0.0
2018-01-29 00:00:00-05:00,6.779897514433709,6.8707362958502,6.614735735697595,6.730348587036133,94600,0.0,0.0
2018-01-30 00:00:00-05:00,6.680800507990657,6.821188218082323,6.647768151942824,6.763381004333496,81000,0.0,0.0
2018-01-31 00:00:00-05:00,7.2258341711250935,7.291898877685393,6.961575344883901,7.101963043212891,458700,0.0,0.0
2018-02-01 00:00:00-05:00,7.044155093853832,7.55615690965325,6.845960995006317,7.457059860229492,189000,0.0,0.0
2018-02-02 00:00:00-05:00,5.698086223245652,6.30918512798977,5.103503100696931,5.458601474761963,1115700,0.0,0.0
2018-02-05 00:00:00-05:00,5.458601695625561,6.19357214678678,5.458601695625561,5.797183513641357,345200,0.0,0.0
2018-02-06 00:00:00-05:00,5.6237634829188945,6.053184470940145,5.49163406930519,6.011894226074219,173800,0.0,0.0
2018-02-07 00:00:00-05:00,5.978862011328606,5.978862011328606,5.65679634007599,5.830216407775879,189900,0.0,0.0
2018-02-08 00:00:00-05:00,5.838474987676272,5.995378885102633,5.747635806265901,5.970604419708252,128100,0.0,0.0
2018-02-09 00:00:00-05:00,6.003635908844034,6.086216791912558,5.747634974443253,5.995378017425537,121100,0.0,0.0
2018-02-12 00:00:00-05:00,5.698087094822456,5.821958630448831,5.565957273058503,5.632022380828857,245100,0.0,0.0
2018-02-13 00:00:00-05:00,5.590731856023411,5.7311195731195195,5.590731856023411,5.698087215423584,83900,0.0,0.0
2018-02-14 00:00:00-05:00,5.632022500031713,5.87976518275123,5.632022500031713,5.698087215423584,82400,0.0,0.0
2018-02-15 00:00:00-05:00,5.698087693353678,5.739377947048457,5.656797045882102,5.7228617668151855,100500,0.0,0.0
2018-02-16 00:00:00-05:00,5.6980861711325765,5.9293126326271395,5.681569995311537,5.871506214141846,102200,0.0,0.0
2018-02-20 00:00:00-05:00,5.83847484377805,5.846732736188136,5.5576994138534666,5.673312664031982,147400,0.0,0.0
2018-02-21 00:00:00-05:00,5.6898276103134915,5.7806667698108445,5.665053544672096,5.772408485412598,107500,0.0,0.0
2018-02-22 00:00:00-05:00,5.772408543673919,5.838473638196677,5.656795317368278,5.780666828155518,111600,0.0,0.0
2018-02-23 00:00:00-05:00,5.7806672404241715,5.821957878223597,5.689828073531457,5.7476348876953125,159900,0.0,0.0
2018-02-26 00:00:00-05:00,5.739378138950554,6.1027345100085135,5.722861958165047,6.0697021484375,79500,0.0,0.0
2018-02-27 00:00:00-05:00,6.077959140621089,6.193572381484652,5.838474373372487,5.912796974182129,77200,0.0,0.0
2018-02-28 00:00:00-05:00,5.92105487691222,6.020151934103016,5.673311840158529,5.739376544952393,105700,0.0,0.0
2018-03-01 00:00:00-05:00,5.77240955272237,5.962345797457574,5.747635482500287,5.788926124572754,67400,0.0,0.0
2018-03-02 00:00:00-05:00,5.747634974443253,6.020152085457738,5.747634974443253,5.995378017425537,61000,0.0,0.0
2018-03-05 00:00:00-05:00,5.995378348958946,6.135765661050241,5.921055353198993,5.962345600128174,66900,0.0,0.0
2018-03-06 00:00:00-05:00,5.962346323765392,6.350477133422048,5.962346323765392,6.325702667236328,84100,0.0,0.0
2018-03-07 00:00:00-05:00,6.25138003745868,6.325702648239071,6.020153130934581,6.044927597045898,67300,0.0,0.0
2018-03-08 00:00:00-05:00,6.044926024916517,6.152280966740559,5.747634477782478,5.780666828155518,87000,0.0,0.0
2018-03-09 00:00:00-05:00,5.838473994400568,6.201830264448966,5.838473994400568,6.160539627075195,103900,0.0,0.0
2018-03-12 00:00:00-04:00,6.144023972327546,6.4743479180223735,5.995378373964404,6.41654109954834,89300,0.0,0.0
2018-03-13 00:00:00-04:00,6.416540959290452,6.490863953735778,6.02841059738239,6.135765552520752,85400,0.0,0.0
2018-03-14 00:00:00-04:00,6.135766375211909,6.375251174116462,6.135766375211909,6.284412384033203,74500,0.0,0.0
2018-03-15 00:00:00-04:00,6.3257017224871825,6.408283001588139,6.094475243579327,6.102733135223389,50700,0.0,0.0
2018-03-16 00:00:00-04:00,6.0944753991792675,6.284411637162688,6.069700936061111,6.185314178466797,98000,0.0,0.0
2018-03-19 00:00:00-04:00,6.177055803269363,6.210088155657699,6.0118940413276825,6.160539627075195,59700,0.0,0.0
2018-03-20 00:00:00-04:00,6.177056991947662,6.317444713501869,6.086217808510803,6.2678961753845215,61200,0.0,0.0
2018-03-21 00:00:00-04:00,6.234863067790128,6.325701846539855,6.061443008319952,6.144023895263672,64400,0.0,0.0
2018-03-22 00:00:00-04:00,6.127507717874928,6.17705625004116,6.053184722737216,6.144023895263672,46800,0.0,0.0
2018-03-23 00:00:00-04:00,6.168798201656311,6.309185911747079,6.003636421418198,6.03666877746582,50300,0.0,0.0
2018-03-26 00:00:00-04:00,6.086216499815368,6.086216499815368,5.755892589617871,5.871506214141846,63800,0.0,0.0
2018-03-27 00:00:00-04:00,5.929312607299073,5.987119419314128,5.788925310308265,5.879764080047607,42000,0.0,0.0
2018-03-28 00:00:00-04:00,5.879765120216682,6.069701371836617,5.830216584199754,5.904539585113525,42500,0.0,0.0
2018-03-29 00:00:00-04:00,5.929313151448352,5.987119968768497,5.813699910584789,5.912796974182129,65100,0.0,0.0
2018-04-02 00:00:00-04:00,5.821957819721424,5.92105487691222,5.673311840158529,5.739376544952393,112200,0.0,0.0
2018-04-03 00:00:00-04:00,5.780666894699589,5.854989880782836,5.755892434746279,5.813699245452881,53600,0.0,0.0
2018-04-04 00:00:00-04:00,5.764151695085778,5.904539406440617,5.739377230938616,5.830216407775879,31800,0.0,0.0
2018-04-05 00:00:00-04:00,5.863247771582818,5.871506056159482,5.731118368569652,5.813699245452881,83500,0.0,0.0
2018-04-06 00:00:00-04:00,5.7971836343327485,5.9871198665395555,5.788925742729003,5.838474273681641,49200,0.0,0.0
2018-04-09 00:00:00-04:00,5.863248278310078,5.904538917208549,5.772409108999471,5.805441856384277,60800,0.0,0.0
2018-04-10 00:00:00-04:00,5.838474342297699,5.929313119890082,5.7889258107627475,5.896280765533447,47000,0.0,0.0
2018-04-11 00:00:00-04:00,5.879764681717211,6.028410672459074,5.8302161493955005,5.945829391479492,49200,0.0,0.0
2018-04-12 00:00:00-04:00,5.978861777655193,6.044926881540003,5.8715068206179355,5.962345600128174,38900,0.0,0.0
2018-04-13 00:00:00-04:00,5.962345410242202,5.962345410242202,5.698086578225887,5.863248348236084,90900,0.0,0.0
2018-04-16 00:00:00-04:00,5.879764799124038,6.053184862601233,5.7476353769611235,5.987120151519775,51300,0.0,0.0
2018-04-17 00:00:00-04:00,6.053185589294371,6.4578325839118245,5.912797864504167,6.35047721862793,85700,0.0,0.0
2018-04-18 00:00:00-04:00,6.433057200996984,6.755123250969973,6.424799309185147,6.6064772605896,80100,0.0,0.0
2018-04-19 00:00:00-04:00,6.59821929924915,6.606477585243544,6.276153627226017,6.52389669418335,56700,0.0,0.0
2018-04-20 00:00:00-04:00,6.482606656653163,6.6229947752201515,6.333961038874776,6.35047721862793,51000,0.0,0.0
2018-04-23 00:00:00-04:00,6.36699205807063,6.36699205807063,5.921054904832561,5.954087257385254,57500,0.0,0.0
2018-04-24 00:00:00-04:00,5.945829093807711,6.2100883134037,5.8880226725481,5.995378017425537,53200,0.0,0.0
2018-04-25 00:00:00-04:00,5.970604004457834,6.069701071589702,5.879764829365251,6.003636360168457,33600,0.0,0.0
2018-04-26 00:00:00-04:00,6.0036362040542315,6.119249446035089,5.904539139499212,5.921055316925049,52600,0.0,0.0
2018-04-27 00:00:00-04:00,5.945829386175438,6.028410667081352,5.780667611917071,5.921055316925049,71700,0.0,0.0
2018-04-30 00:00:00-04:00,5.937571942458144,6.028411122044224,5.846732762872064,5.904539585113525,30400,0.0,0.0
2018-05-01 00:00:00-04:00,5.9045382793478405,5.9045382793478405,5.607246735214385,5.772408485412598,105200,0.0,0.0
2018-05-02 00:00:00-04:00,5.772408893096883,5.987119577295468,5.67331183597909,5.937571048736572,72000,0.0,0.0
2018-05-03 00:00:00-04:00,5.929313719295133,5.987120542151403,5.698087215423584,5.698087215423584,65300,0.0,0.0
2018-05-04 00:00:00-04:00,6.0697016517484,7.70480499081885,5.987120754578535,7.019382953643799,1103500,0.0,0.0
2018-05-07 00:00:00-04:00,7.019382541882982,7.638739824990305,6.878994828041042,7.531384468078613,368700,0.0,0.0
2018-05-08 00:00:00-04:00,7.5313838462152605,7.960805238404871,7.440545069045973,7.911256313323975,341100,0.0,0.0
2018-05-09 00:00:00-04:00,7.91125726318953,8.216806773139442,7.374481246057921,8.175516128540039,248800,0.0,0.0
2018-05-10 00:00:00-04:00,8.258097729301534,8.77835798075396,8.142484077572028,8.753583908081055,174900,0.0,0.0
2018-05-11 00:00:00-04:00,8.687517115959993,8.827904019305258,8.654483976874774,8.704032897949219,198900,0.0,0.0
2018-05-14 00:00:00-04:00,8.596678547933717,8.62971090326709,8.348935489156673,8.497581481933594,186200,0.0,0.0
2018-05-15 00:00:00-04:00,8.505840780344059,8.695776649235984,8.431517775106848,8.530614852905273,129400,0.0,0.0
2018-05-16 00:00:00-04:00,8.646227097528756,9.009582990344887,8.5058393965978,8.984808921813965,111200,0.0,0.0
2018-05-17 00:00:00-04:00,8.869195766826053,9.37294017524219,8.869195766826053,9.199520111083984,120900,0.0,0.0
2018-05-18 00:00:00-04:00,9.232552645055971,9.290359071707254,8.778357155150696,8.869195938110352,94800,0.0,0.0
2018-05-21 00:00:00-04:00,8.877453614241704,9.042615384437838,8.571904142490496,8.778356552124023,114600,0.0,0.0
2018-05-22 00:00:00-04:00,8.761840576251464,8.951777215538684,8.522355796317834,8.629711151123047,70500,0.0,0.0
2018-05-23 00:00:00-04:00,8.547130300285755,8.7700984990692,8.472807304840119,8.671001434326172,60400,0.0,0.0
2018-05-24 00:00:00-04:00,8.621451739968622,8.811388354466999,8.497580616965669,8.720549583435059,65200,0.0,0.0
2018-05-25 00:00:00-04:00,8.662743043127438,8.943518450253979,8.57190426510851,8.84442138671875,55100,0.0,0.0
2018-05-29 00:00:00-04:00,8.819647101794788,8.819647101794788,8.406742286730289,8.505839347839355,89800,0.0,0.0
2018-05-30 00:00:00-04:00,8.563646129910921,8.679259766508128,8.423258423883409,8.46454906463623,64700,0.0,0.0
2018-05-31 00:00:00-04:00,8.448032972930832,8.671001973122525,8.415000615963935,8.489323616027832,227900,0.0,0.0
2018-06-01 00:00:00-04:00,8.522356575710726,9.323392273250533,8.448033570390574,9.232553482055664,434900,0.0,0.0
2018-06-04 00:00:00-04:00,9.306875774334888,9.331649845025696,8.984809705140329,9.174745559692383,143000,0.0,0.0
2018-06-05 00:00:00-04:00,9.191261825278003,9.323391247959783,9.083906472460686,9.199520111083984,145500,0.0,0.0
2018-06-06 00:00:00-04:00,9.158228228873472,9.6619717814902,9.158228228873472,9.529842376708984,283400,0.0,0.0
2018-06-07 00:00:00-04:00,9.430747565095194,9.686748150829487,9.42248927844478,9.439005851745605,121300,0.0,0.0
2018-06-08 00:00:00-04:00,9.389455896174724,9.447262321320997,9.116938766837333,9.166487693786621,143200,0.0,0.0
2018-06-11 00:00:00-04:00,9.166487693786621,9.37294011222728,9.04261577019014,9.166487693786621,130700,0.0,0.0
2018-06-12 00:00:00-04:00,9.405972967865413,9.505070039480286,9.149971608861856,9.24081039428711,103300,0.0,0.0
2018-06-13 00:00:00-04:00,9.240809925173705,9.546360198250076,8.95177701119158,9.455520629882812,113700,0.0,0.0
2018-06-14 00:00:00-04:00,9.463778444435158,9.562875506085112,9.25732603577606,9.480294227600098,82000,0.0,0.0
2018-06-15 00:00:00-04:00,9.48855209350586,9.554616798352022,9.430745673653819,9.48855209350586,112200,0.0,0.0
2018-06-18 00:00:00-04:00,9.455520109008186,9.69500487028251,9.455520109008186,9.637198448181152,89600,0.0,0.0
2018-06-19 00:00:00-04:00,9.620683057446042,10.058362782201987,9.496811912736113,9.95926570892334,99200,0.0,0.0
2018-06-20 00:00:00-04:00,9.967522561879026,10.347395045277786,9.851909710988194,10.12442684173584,147900,0.0,0.0
2018-06-21 00:00:00-04:00,10.207005816944656,10.405200708698102,10.140941115544628,10.322619438171387,131100,0.0,0.0
2018-06-22 00:00:00-04:00,10.330878419487924,10.471266116319596,10.008812387776423,10.19049072265625,165600,0.0,0.0
2018-06-25 00:00:00-04:00,10.24003964324564,10.405202208099178,10.140942576865601,10.330879211425781,158500,0.0,0.0
2018-06-26 00:00:00-04:00,10.363912456844856,10.685977753347665,10.231783023658725,10.537332534790039,150400,0.0,0.0
2018-06-27 00:00:00-04:00,10.396943092144827,10.958493877678416,10.396943092144827,10.842880249023438,211200,0.0,0.0
2018-06-28 00:00:00-04:00,10.818107483985825,10.90894626829756,10.702493841408927,10.752042770385742,105100,0.0,0.0
2018-06-29 00:00:00-04:00,10.743782908314119,10.776815260268712,10.281329193396411,10.520813941955566,249900,0.0,0.0
2018-07-02 00:00:00-04:00,10.471265966779695,10.529072386689528,10.207006359577447,10.380426406860352,154100,0.0,0.0
2018-07-03 00:00:00-04:00,10.438235406927197,10.66120362740886,10.41346054766537,10.553848266601562,41000,0.0,0.0
2018-07-05 00:00:00-04:00,10.685975543762154,10.685975543762154,10.314361392878045,10.661201477050781,91000,0.0,0.0
2018-07-06 00:00:00-04:00,10.84288089008762,11.057591589904039,10.586879549913666,10.677719116210938,115000,0.0,0.0
2018-07-09 00:00:00-04:00,10.694233983235634,11.065848139496062,10.537330508389102,10.917202949523926,169900,0.0,0.0
2018-07-10 00:00:00-04:00,10.98326988242808,10.98326988242808,10.611655650749858,10.892430305480957,133600,0.0,0.0
2018-07-11 00:00:00-04:00,11.065849427217692,11.718239044698304,10.908945934112461,11.131914138793945,230400,0.0,0.0
2018-07-12 00:00:00-04:00,11.247528148256226,13.146890637510987,11.04107572089274,12.907405853271484,453200,0.0,0.0
2018-07-13 00:00:00-04:00,12.915664030662887,14.41863664964734,12.742243961635161,13.13037395477295,661200,0.0,0.0
2018-07-16 00:00:00-04:00,13.138632232786833,13.312053089262152,12.411919600521774,13.080825805664062,255700,0.0,0.0
2018-07-17 00:00:00-04:00,13.138632285715948,13.138632285715948,12.593598006209852,12.634888648986816,274400,0.0,0.0
2018-07-18 00:00:00-04:00,12.560565474673107,12.932179679386401,12.469726691870944,12.775276184082031,216400,0.0,0.0
2018-07-19 00:00:00-04:00,12.7752761142681,12.7752761142681,12.453210051914732,12.502758979797363,212400,0.0,0.0
2018-07-20 00:00:00-04:00,12.552305631754763,12.552305631754763,12.056820349447374,12.09811019897461,144100,0.0,0.0
2018-07-23 00:00:00-04:00,12.032047444474818,12.378887592072553,11.701723869407225,12.081596374511719,139600,0.0,0.0
2018-07-24 00:00:00-04:00,12.073336211708728,12.106368564081325,11.726496118019753,11.875142097473145,100500,0.0,0.0
2018-07-25 00:00:00-04:00,11.982499709297397,12.362372227314417,11.79256305651211,12.312823295593262,130600,0.0,0.0
2018-07-26 00:00:00-04:00,12.255016028671182,12.775276232252903,12.213725386313238,12.329339027404785,114900,0.0,0.0
2018-07-27 00:00:00-04:00,12.403660843970407,12.444950694839601,11.883400689973637,11.990756034851074,122100,0.0,0.0
2018-07-30 00:00:00-04:00,12.007272548779442,12.321080317323478,11.825594201190057,12.147660255432129,109900,0.0,0.0
2018-07-31 00:00:00-04:00,11.643918144087927,11.643918144087927,10.529074632666514,10.95849609375,399100,0.0,0.0
2018-08-01 00:00:00-04:00,10.826364049882566,10.826364049882566,10.215265107948227,10.355652809143066,298600,0.0,0.0
2018-08-02 00:00:00-04:00,10.339138039461657,11.148431184455717,10.132685610119886,11.10714054107666,218800,0.0,0.0
2018-08-03 00:00:00-04:00,12.387145701754221,14.823284986475363,12.387145701754221,14.327798843383789,1400400,0.0,0.0
2018-08-06 00:00:00-04:00,14.187410503313483,14.319539925628991,13.386374108530392,13.568053245544434,365000,0.0,0.0
2018-08-07 00:00:00-04:00,13.584569293785286,13.881859694989028,13.568052722855384,13.609342575073242,163500,0.0,0.0
2018-08-08 00:00:00-04:00,14.823283048464232,15.360058977006878,13.61760020540337,15.013218879699707,418700,0.0,0.0
2018-08-09 00:00:00-04:00,14.930636408572814,15.417864162802063,14.740700592546279,15.186636924743652,201800,0.0,0.0
2018-08-10 00:00:00-04:00,15.120576139536803,15.96290246579725,15.087544568465644,15.252705574035645,163300,0.0,0.0
2018-08-13 00:00:00-04:00,15.260961780326268,15.483930761314856,14.476443566817116,14.707669258117676,228000,0.0,0.0
2018-08-14 00:00:00-04:00,14.839802593789091,16.49968059878771,14.74896458040513,16.07025909423828,257900,0.0,0.0
2018-08-15 00:00:00-04:00,15.88857705431222,15.995933188016153,15.203155126050394,15.946383476257324,155400,0.0,0.0
2018-08-16 00:00:00-04:00,16.01244997131543,16.227160687589283,15.59128682498292,15.830772399902344,78500,0.0,0.0
2018-08-17 00:00:00-04:00,15.797737671669319,15.92161037737466,15.384832852936535,15.500447273254395,133100,0.0,0.0
2018-08-20 00:00:00-04:00,15.500448760329029,15.67386804478291,15.095802188162937,15.508707046508789,88500,0.0,0.0
2018-08-21 00:00:00-04:00,15.500449257806249,15.805997980728636,15.351803252013916,15.39309310913086,87600,0.0,0.0
2018-08-22 00:00:00-04:00,15.384833505672368,15.607802495273681,15.384833505672368,15.5747709274292,63800,0.0,0.0
2018-08-23 00:00:00-04:00,15.508704960387217,16.111545594456604,15.483930105180471,15.9050931930542,101000,0.0,0.0
2018-08-24 00:00:00-04:00,16.061998672997014,16.16935323679233,15.888577823657581,16.03722381591797,201300,0.0,0.0
2018-08-27 00:00:00-04:00,16.119802586276972,16.128060870683345,15.137088793412099,15.186636924743652,207700,0.0,0.0
2018-08-28 00:00:00-04:00,15.194898959776777,15.558255687812805,15.194898959776777,15.39309310913086,141800,0.0,0.0
2018-08-29 00:00:00-04:00,15.459154009727241,15.467412294133617,14.881088277241261,15.186636924743652,112000,0.0,0.0
2018-08-30 00:00:00-04:00,15.145352819216068,15.772968496060878,15.145352819216068,15.583032608032227,99500,0.0,0.0
2018-08-31 00:00:00-04:00,15.599543605245769,16.061998138009695,15.541737182427,16.02896499633789,119700,0.0,0.0
2018-09-04 00:00:00-04:00,15.995936671257299,16.194130836130363,15.492192184429593,15.649096488952637,107600,0.0,0.0
2018-09-05 00:00:00-04:00,15.59954782185635,15.872065013883498,15.219676040591306,15.814258575439453,80000,0.0,0.0
2018-09-06 00:00:00-04:00,15.888574731813426,15.905091299985408,15.269217601323838,15.492186546325684,75200,0.0,0.0
2018-09-07 00:00:00-04:00,15.450899287040562,15.954643726205022,14.996704565736481,15.161867141723633,149800,0.0,0.0
2018-09-10 00:00:00-04:00,15.227931857097081,15.5417388613442,15.013221138356608,15.161867141723633,197500,0.0,0.0
2018-09-11 00:00:00-04:00,15.16186806553136,15.649095961762333,14.97193061904119,15.037995338439941,128300,0.0,0.0
2018-09-12 00:00:00-04:00,15.062767014998782,15.219671281070479,14.781991623125984,15.013218879699707,137800,0.0,0.0
2018-09-13 00:00:00-04:00,14.996704142978402,15.062768856489482,14.62508914503669,14.691155433654785,131600,0.0,0.0
2018-09-14 00:00:00-04:00,14.724186435701766,14.798509432427291,13.799278907065768,13.824053764343262,255700,0.0,0.0
2018-09-17 00:00:00-04:00,13.782763396310301,13.914892813312226,13.427664997452542,13.510246276855469,183600,0.0,0.0
2018-09-18 00:00:00-04:00,13.501987168354493,13.791020841092463,13.23772835045925,13.576310157775879,309400,0.0,0.0
2018-09-19 00:00:00-04:00,13.634117821952334,13.840570239168255,13.41114883333347,13.45244026184082,108200,0.0,0.0
2018-09-20 00:00:00-04:00,13.56805337737539,13.782764084501018,13.394632524459434,13.683666229248047,72800,0.0,0.0
2018-09-21 00:00:00-04:00,13.650630439017048,13.840566229809102,13.543274331103984,13.691920280456543,160900,0.0,0.0
2018-09-24 00:00:00-04:00,13.568051592313255,14.137860641061003,13.568051592313255,13.956181526184082,102800,0.0,0.0
2018-09-25 00:00:00-04:00,13.956182303347775,14.525991383825904,13.956182303347775,14.047021865844727,113700,0.0,0.0
2018-09-26 00:00:00-04:00,14.038766288883409,14.088314434755347,13.72495926488493,13.757990837097168,78400,0.0,0.0
2018-09-27 00:00:00-04:00,13.724957789685622,14.080054634559323,13.518505366450986,13.79927921295166,92900,0.0,0.0
2018-09-28 00:00:00-04:00,13.832309874374719,14.10482696113425,13.634115772650215,13.947922706604004,171800,0.0,0.0
2018-10-01 00:00:00-04:00,13.947922564787213,13.947922564787213,13.345081981282943,13.369856834411621,118800,0.0,0.0
2018-10-02 00:00:00-04:00,13.411147405407148,13.757987492405038,13.287276283287925,13.336824417114258,109400,0.0,0.0
2018-10-03 00:00:00-04:00,13.320309738200217,13.411149309031554,12.940438033100072,13.0477933883667,103000,0.0,0.0
2018-10-04 00:00:00-04:00,12.97347044493743,13.023019373561933,12.527533237530909,12.841341018676758,182400,0.0,0.0
2018-10-05 00:00:00-04:00,12.841339728706668,13.047792133388276,12.428434919343452,12.486241340637207,115200,0.0,0.0
2018-10-08 00:00:00-04:00,12.519274781052829,13.056051552370539,12.436694284540984,12.791791915893555,161500,0.0,0.0
2018-10-09 00:00:00-04:00,12.857855492641747,13.13037260341637,12.643145590629278,12.882630348205566,168200,0.0,0.0
2018-10-10 00:00:00-04:00,12.882631433742262,13.419407415334234,12.882631433742262,13.188180923461914,155300,0.0,0.0
2018-10-11 00:00:00-04:00,13.237729674857292,13.658892798679084,12.973470042970208,13.138631820678711,154500,0.0,0.0
2018-10-12 00:00:00-04:00,13.237730453258312,13.601085598029439,13.237730453258312,13.279020309448242,130100,0.0,0.0
2018-10-15 00:00:00-04:00,13.279019723400719,13.60934328366303,13.056051517112031,13.477213859558105,104800,0.0,0.0
2018-10-16 00:00:00-04:00,13.559795842989963,14.294765999381237,13.26250383586223,14.2534761428833,138700,0.0,0.0
2018-10-17 00:00:00-04:00,14.212182796527326,14.286505788296017,13.782762991438812,14.203926086425781,140100,0.0,0.0
2018-10-18 00:00:00-04:00,14.22044128439243,14.864573363865057,14.170893147542804,14.84805679321289,151700,0.0,0.0
2018-10-19 00:00:00-04:00,14.864575802692713,14.988446952693726,14.286508335878478,14.806769371032715,150000,0.0,0.0
2018-10-22 00:00:00-04:00,14.831542893430449,15.599546240882903,14.790253034471412,15.037995338439941,114100,0.0,0.0
2018-10-23 00:00:00-04:00,15.104060712660248,15.351803001533916,14.47644512905895,15.161867141723633,125400,0.0,0.0
2018-10-24 00:00:00-04:00,15.227927491374265,15.847284611100854,14.88934572526559,14.947152137756348,207700,0.0,0.0
2018-10-25 00:00:00-04:00,14.947154386748142,15.814253854789003,14.947154386748142,15.657349586486816,178900,0.0,0.0
2018-10-26 00:00:00-04:00,15.55825168487262,15.624316384326374,14.71592558550724,14.815023422241211,165400,0.0,0.0
2018-10-29 00:00:00-04:00,14.84805871766815,15.145350727511635,14.15437841143807,14.4186372756958,154100,0.0,0.0
2018-10-30 00:00:00-04:00,14.418637124888507,15.442642575837557,14.311282553071798,15.161867141723633,141400,0.0,0.0
2018-10-31 00:00:00-04:00,15.285736946598199,15.401349794593264,14.658121417997856,14.963671684265137,159800,0.0,0.0
2018-11-01 00:00:00-04:00,15.029735534949275,15.219671367260366,14.28650562572008,14.344313621520996,105600,0.0,0.0
2018-11-02 00:00:00-04:00,14.336056847722832,14.881091121877548,14.12134613743355,14.50121784210205,125900,0.0,0.0
2018-11-05 00:00:00-05:00,14.377345450189916,14.451668442474046,13.526760969108688,13.890117645263672,130700,0.0,0.0
2018-11-06 00:00:00-05:00,13.81579518411917,13.99747431673463,13.435923497935786,13.89837646484375,129300,0.0,0.0
2018-11-07 00:00:00-05:00,13.898375708277007,14.41037836081269,13.898375708277007,14.137861251831055,75800,0.0,0.0
2018-11-08 00:00:00-05:00,14.129604701168564,14.426895126937886,13.93141055895334,14.327798843383789,81500,0.0,0.0
2018-11-09 00:00:00-05:00,14.245215835197996,14.691153782611998,14.038763431789329,14.236957550048828,139300,0.0,0.0
2018-11-12 00:00:00-05:00,14.278249726134053,14.303023007776584,13.766247045727189,13.89837646484375,103900,0.0,0.0
2018-11-13 00:00:00-05:00,13.931409071591998,14.286505887374455,13.642375387721145,13.890117645263672,121700,0.0,0.0
2018-11-14 00:00:00-05:00,13.931410195506164,14.195669044899057,13.592826772726157,13.700182914733887,133400,0.0,0.0
2018-11-15 00:00:00-05:00,13.535021818012714,13.8570887039482,13.254246366226473,13.757990837097168,146000,0.0,0.0
2018-11-16 00:00:00-05:00,14.25347471870304,19.332203740738137,13.749730329204693,18.580717086791992,1735300,0.0,0.0
2018-11-19 00:00:00-05:00,18.811944107682887,20.23233611702318,16.995162275295197,17.17683982849121,820400,0.0,0.0
2018-11-20 00:00:00-05:00,17.16858453997217,18.440330667873617,16.92084068316307,17.771425247192383,335200,0.0,0.0
2018-11-21 00:00:00-05:00,17.639294383122834,18.085230768875675,17.507164966965927,17.556713104248047,171100,0.0,0.0
2018-11-23 00:00:00-05:00,17.490647417795476,18.143036176689183,17.432840998348706,17.763164520263672,61400,0.0,0.0
2018-11-26 00:00:00-05:00,17.779681163553878,17.928325567699314,16.813483873521132,17.09425926208496,177600,0.0,0.0
2018-11-27 00:00:00-05:00,17.052968326038776,17.721873676740515,17.028195045524505,17.614519119262695,189600,0.0,0.0
2018-11-28 00:00:00-05:00,17.721872994989376,17.83748740833346,17.086000809577463,17.79619598388672,177200,0.0,0.0
2018-11-29 00:00:00-05:00,17.531942030767517,17.903557078330753,16.953876104133535,17.33374786376953,129900,0.0,0.0
2018-11-30 00:00:00-05:00,17.143805402875643,17.176836963808377,15.558251100438975,15.632574081420898,199900,0.0,0.0
2018-12-03 00:00:00-05:00,15.822512668155344,16.061998221195566,15.376576279024682,15.616060256958008,261400,0.0,0.0
2018-12-04 00:00:00-05:00,15.665611447731916,15.855548900132169,14.443413313271595,14.451671600341797,165900,0.0,0.0
2018-12-06 00:00:00-05:00,14.187412345117854,15.029738703059913,14.071799479359708,14.83154296875,210600,0.0,0.0
2018-12-07 00:00:00-05:00,14.773732471003367,15.05450784639775,14.327796129269585,14.699409484863281,150500,0.0,0.0
2018-12-10 00:00:00-05:00,14.633347978724078,14.666381124269293,13.94792595973158,14.26999282836914,144200,0.0,0.0
2018-12-11 00:00:00-05:00,14.253472706874062,15.013217539080667,14.253472706874062,14.864571571350098,155600,0.0,0.0
2018-12-12 00:00:00-05:00,14.996702309564407,15.153606575636104,14.699410347556311,15.013218879699707,113000,0.0,0.0
2018-12-13 00:00:00-05:00,15.12057182750565,15.293992645271784,14.57553767185206,14.781990051269531,116400,0.0,0.0
2018-12-14 00:00:00-05:00,14.641607096402426,15.23619114911784,14.48470437147556,14.83154296875,133200,0.0,0.0
2018-12-17 00:00:00-05:00,14.88934876787297,15.21141403191005,14.088312387934906,14.170893669128418,219600,0.0,0.0
2018-12-18 00:00:00-05:00,14.030507094150689,14.327799100359101,13.857087807267153,14.080055236816406,132200,0.0,0.0
2018-12-19 00:00:00-05:00,14.154376246991431,14.633345758992691,14.055279975601836,14.137861251831055,76700,0.0,0.0
2018-12-20 00:00:00-05:00,14.121346781387047,14.26173449932011,13.700183627587855,14.096571922302246,88700,0.0,0.0
2018-12-21 00:00:00-05:00,14.096571853618764,14.261734429831897,13.427666412658988,13.724958419799805,207700,0.0,0.0
2018-12-24 00:00:00-05:00,13.510247475994618,13.510247475994618,12.733985900878906,12.733985900878906,122700,0.0,0.0
2018-12-26 00:00:00-05:00,12.733985722963459,13.345084716075766,12.733985722963459,13.303794860839844,172000,0.0,0.0
2018-12-27 00:00:00-05:00,13.146890518819658,13.146890518819658,12.634888598087038,13.080825805664062,104900,0.0,0.0
2018-12-28 00:00:00-05:00,13.0725673361979,13.130373762509533,12.676179062826415,12.981728553771973,92900,0.0,0.0
2018-12-31 00:00:00-05:00,13.056050316445125,13.056050316445125,12.4697254602343,12.659661293029785,193700,0.0,0.0
2019-01-02 00:00:00-05:00,12.55230650963332,12.998243688674455,12.147659970560584,12.956953048706055,182100,0.0,0.0
2019-01-03 00:00:00-05:00,12.899145263364677,12.989984031661457,12.52753111799174,12.709209442138672,88700,0.0,0.0
2019-01-04 00:00:00-05:00,12.849599129314813,13.08908390803179,12.73398548913805,12.981728553771973,99400,0.0,0.0
2019-01-07 00:00:00-05:00,12.981728981516236,13.33682662455685,12.758759979732892,13.262503623962402,91600,0.0,0.0
2019-01-08 00:00:00-05:00,13.05605157710639,13.378117640507197,13.014760934995492,13.32030963897705,251500,0.0,0.0
2019-01-09 00:00:00-05:00,13.23772924298049,13.38637365673845,12.857855985313963,12.956953048706055,137100,0.0,0.0
2019-01-10 00:00:00-05:00,12.932179747105678,13.0477933883667,12.651404323724268,13.0477933883667,127400,0.0,0.0
2019-01-11 00:00:00-05:00,12.98998623440999,13.11385816224186,12.98998623440999,13.080825805664062,119200,0.0,0.0
2019-01-14 00:00:00-05:00,12.965211092844672,13.072566439742562,12.742242901251698,13.01476001739502,83600,0.0,0.0
2019-01-15 00:00:00-05:00,13.02301884701631,13.171664051772803,12.758759217625986,13.072566986083984,82100,0.0,0.0
2019-01-16 00:00:00-05:00,13.097340456644455,13.245987229709911,12.775275204772989,13.031275749206543,172200,0.0,0.0
2019-01-17 00:00:00-05:00,13.014759966123782,13.12211531259875,12.94869525868587,13.031275749206543,96300,0.0,0.0
2019-01-18 00:00:00-05:00,13.07256788481614,13.345085031084173,12.948696741077407,13.328568458557129,331500,0.0,0.0
2019-01-22 00:00:00-05:00,13.237730394071685,13.303795108744424,12.940438390490835,13.006503105163574,238700,0.0,0.0
2019-01-23 00:00:00-05:00,13.031276650842102,13.543278562688116,13.006502580727123,13.427665710449219,148200,0.0,0.0
2019-01-24 00:00:00-05:00,13.419406798755931,13.452439940773415,12.857855985313963,12.956953048706055,266700,0.0,0.0
2019-01-25 00:00:00-05:00,13.097340293016478,13.097340293016478,12.205465966193604,12.230240821838379,157200,0.0,0.0
2019-01-28 00:00:00-05:00,12.16417603460446,12.329338598287835,11.875143123265493,11.957723617553711,247700,0.0,0.0
2019-01-29 00:00:00-05:00,11.957724322417407,12.015531538135498,11.264044821781962,11.297077178955078,151700,0.0,0.0
2019-01-30 00:00:00-05:00,11.561335298864284,11.602625939585206,10.735525634659691,11.18972110748291,217000,0.0,0.0
2019-01-31 00:00:00-05:00,11.181463422943644,11.652174704828596,11.057592281675028,11.280560493469238,190700,0.0,0.0
2019-02-01 00:00:00-05:00,11.321851067578526,11.487012850783747,11.016301571760494,11.197979927062988,232100,0.0,0.0
2019-02-04 00:00:00-05:00,11.140171579007665,11.726496440405619,11.131913293799128,11.594367027282715,232100,0.0,0.0
2019-02-05 00:00:00-05:00,11.536561555070866,11.89991747105303,11.44572198541021,11.78430461883545,187400,0.0,0.0
2019-02-06 00:00:00-05:00,11.743011977139435,11.809076677885514,11.445720036228717,11.561333656311035,179800,0.0,0.0
2019-02-07 00:00:00-05:00,11.809076677885514,11.866883094149996,11.445720036228717,11.561333656311035,164900,0.0,0.0
2019-02-08 00:00:00-05:00,12.634887890728297,12.948695654425737,10.61165439161264,11.17320442199707,761700,0.0,0.0
2019-02-11 00:00:00-05:00,11.181462630677666,11.850368793771766,10.809848445649147,11.776045799255371,229000,0.0,0.0
2019-02-12 00:00:00-05:00,11.701724722201659,11.784306015763653,11.437465842889013,11.586111068725586,205400,0.0,0.0
2019-02-13 00:00:00-05:00,11.643915959986913,12.345853664633632,11.602625321465712,12.230240821838379,216300,0.0,0.0
2019-02-14 00:00:00-05:00,12.2302407066268,12.568822521714969,12.098110507092967,12.213724136352539,158900,0.0,0.0
2019-02-15 00:00:00-05:00,12.329340101175859,12.453211251484225,12.08159701300556,12.444952964782715,101200,0.0,0.0
2019-02-19 00:00:00-05:00,12.387144739462395,12.469726019413526,12.188950612643826,12.271531105041504,123800,0.0,0.0
2019-02-20 00:00:00-05:00,12.213724724767488,12.378886497699929,11.924691031470623,12.065078735351562,141400,0.0,0.0
2019-02-21 00:00:00-05:00,12.07333803597708,12.18069339429765,11.676949747612067,11.858627319335938,118800,0.0,0.0
2019-02-22 00:00:00-05:00,11.858625305527472,12.122884907114956,11.77604481991851,11.982497215270996,103300,0.0,0.0
2019-02-25 00:00:00-05:00,11.982497417965426,11.982497417965426,11.453978993403496,11.685205459594727,235700,0.0,0.0
2019-02-26 00:00:00-05:00,11.743013739807393,11.883401446853846,11.46223832571449,11.701723098754883,110000,0.0,0.0
2019-02-27 00:00:00-05:00,11.709980168357863,11.709980168357863,11.453978850461617,11.569592475891113,93400,0.0,0.0
2019-02-28 00:00:00-05:00,11.58610899507514,11.842110329256027,11.56133492646197,11.726496696472168,94500,0.0,0.0
2019-03-01 00:00:00-05:00,11.78430408476907,11.842110508258065,11.52004446120484,11.776045799255371,221200,0.0,0.0
2019-03-04 00:00:00-05:00,11.776047728896737,11.776047728896737,11.470498202803094,11.586111068725586,125200,0.0,0.0
2019-03-05 00:00:00-05:00,11.586108323368288,11.69346366453933,11.520043619194324,11.602624893188477,87200,0.0,0.0
2019-03-06 00:00:00-05:00,11.577851083762784,11.643915789407512,10.826363678835548,10.842880249023438,139800,0.0,0.0
2019-03-07 00:00:00-05:00,10.71901017668721,10.884172756725626,10.611655602237208,10.619913101196289,109500,0.0,0.0
2019-03-08 00:00:00-05:00,10.562105712649547,10.69423513465227,10.496041001648186,10.570363998413086,116200,0.0,0.0
2019-03-11 00:00:00-04:00,10.628170001826602,10.64468657269815,10.413459305817147,10.578621864318848,122600,0.0,0.0
2019-03-12 00:00:00-04:00,10.553848266601562,10.851140277315167,10.537332481313884,10.553848266601562,202500,0.0,0.0
2019-03-13 00:00:00-04:00,10.61991309239072,10.941979178134329,10.52907430348775,10.859397888183594,126700,0.0,0.0
2019-03-14 00:00:00-04:00,10.768557894954748,10.84288089008762,10.6446867614356,10.677719116210938,89900,0.0,0.0
2019-03-15 00:00:00-04:00,10.735525021110778,10.735525021110778,10.190490799893702,10.2730712890625,177100,0.0,0.0
2019-03-18 00:00:00-04:00,10.289588235686697,10.735525413675704,10.190491172528413,10.611654281616211,150600,0.0,0.0
2019-03-19 00:00:00-04:00,10.603395727028873,10.694234502396885,10.2152649821775,10.28958797454834,65500,0.0,0.0
2019-03-20 00:00:00-04:00,10.306103181595176,10.306103181595176,9.967521379763612,10.041844367980957,87100,0.0,0.0
2019-03-21 00:00:00-04:00,10.033587919618602,10.240040352430125,9.884942703530706,10.198750495910645,94100,0.0,0.0
2019-03-22 00:00:00-04:00,10.116167501178303,10.19049049046081,9.818876331601674,9.851908683776855,94500,0.0,0.0
2019-03-25 00:00:00-04:00,9.843651253647137,10.10791009399628,9.719780119121843,10.074877738952637,91700,0.0,0.0
2019-03-26 00:00:00-04:00,10.165717430799374,10.173974928996568,10.000554865999877,10.140942573547363,51200,0.0,0.0
2019-03-27 00:00:00-04:00,10.07487821506399,10.07487821506399,9.785845291661571,9.860167503356934,52800,0.0,0.0
2019-03-28 00:00:00-04:00,9.876683423784861,10.132684761245473,9.785844646003843,9.975780487060547,67300,0.0,0.0
2019-03-29 00:00:00-04:00,10.0996518556512,10.0996518556512,9.74455423415722,9.868425369262695,56100,0.0,0.0
2019-04-01 00:00:00-04:00,9.917972447509289,10.041843559529964,9.827132896977691,9.901455879211426,144400,0.0,0.0
2019-04-02 00:00:00-04:00,9.827135017055097,9.827135017055097,9.42248845710008,9.554617881774902,210800,0.0,0.0
2019-04-03 00:00:00-04:00,9.604166387966334,9.604166387966334,9.480294467109324,9.562875747680664,91400,0.0,0.0
2019-04-04 00:00:00-04:00,9.604166928748434,9.860167495337992,9.546360501625662,9.810619354248047,70300,0.0,0.0
2019-04-05 00:00:00-04:00,9.794102507092875,10.198749848247344,9.794102507092875,10.173974990844727,106500,0.0,0.0
2019-04-08 00:00:00-04:00,10.173974919205275,10.20700727462269,10.058362069021063,10.091394424438477,82700,0.0,0.0
2019-04-09 00:00:00-04:00,10.033587103843411,10.347394870709385,10.000554748781386,10.264814376831055,156300,0.0,0.0
2019-04-10 00:00:00-04:00,10.273072069274246,10.438234635262335,10.190491573833684,10.413459777832031,93400,0.0,0.0
2019-04-11 00:00:00-04:00,10.446493207019689,10.529074498499936,10.413460847938302,10.479525566101074,110800,0.0,0.0
2019-04-12 00:00:00-04:00,10.54559005032809,10.54559005032809,10.289588701579516,10.446492195129395,63700,0.0,0.0
2019-04-15 00:00:00-04:00,10.446492247564896,10.53733181736075,10.248298111279654,10.429976463317871,65600,0.0,0.0
2019-04-16 00:00:00-04:00,10.454748980708779,10.454748980708779,9.975779495380028,10.132683753967285,77600,0.0,0.0
2019-04-17 00:00:00-04:00,10.207005953370679,10.322619576142692,9.975779495380028,10.132683753967285,59100,0.0,0.0
2019-04-18 00:00:00-04:00,10.14920041156433,10.586879298846373,10.074877418194022,10.545589447021484,88100,0.0,0.0
2019-04-22 00:00:00-04:00,10.49604070111711,10.49604070111711,10.198749510123262,10.454750061035156,77100,0.0,0.0
2019-04-23 00:00:00-04:00,10.487782699540745,10.487782699540745,10.11616850384883,10.140942573547363,66400,0.0,0.0
2019-04-24 00:00:00-04:00,10.190491205067538,10.306104052011307,10.025329432609688,10.215265274047852,87700,0.0,0.0
2019-04-25 00:00:00-04:00,10.132685127529037,10.231782194386955,10.00055491749833,10.12442684173584,96900,0.0,0.0
2019-04-26 00:00:00-04:00,10.107910749755755,10.26481503705746,9.926233179005964,10.149201393127441,49200,0.0,0.0
2019-04-29 00:00:00-04:00,10.149200084608097,10.231781360704405,10.041844740704263,10.19049072265625,49000,0.0,0.0
2019-04-30 00:00:00-04:00,10.190491737410776,10.248298163902422,10.00881338443968,10.22352409362793,67200,0.0,0.0
2019-05-01 00:00:00-04:00,10.19874862922944,10.28958739952098,9.942747312875625,10.041844367980957,162000,0.0,0.0
2019-05-02 00:00:00-04:00,10.033587282443815,10.248297987945618,9.926232717246394,10.173974990844727,138700,0.0,0.0
2019-05-03 00:00:00-04:00,9.909716264903992,11.685206780677895,9.843651552808911,10.429976463317871,257800,0.0,0.0
2019-05-06 00:00:00-04:00,10.314362781891914,10.991527259473273,10.314362781891914,10.875913619995117,135500,0.0,0.0
2019-05-07 00:00:00-04:00,10.793332691818668,10.917204621242542,10.314363121508125,10.595138549804688,200400,0.0,0.0
2019-05-08 00:00:00-04:00,10.479524836478717,10.570364408293123,9.794102842596324,9.84365177154541,400400,0.0,0.0
2019-05-09 00:00:00-04:00,9.777585603387333,10.091393339904208,9.63719791106259,10.025328636169434,90100,0.0,0.0
2019-05-10 00:00:00-04:00,9.99229729671272,10.157459072783702,9.909716014900496,10.058362007141113,95600,0.0,0.0
2019-05-13 00:00:00-04:00,9.876683536956604,10.017071241760819,9.711521762937958,9.992297172546387,86000,0.0,0.0
2019-05-14 00:00:00-04:00,10.025328907433314,10.06661875771972,9.678488809664303,9.761069297790527,282900,0.0,0.0
2019-05-15 00:00:00-04:00,9.761069033676945,10.124425691771597,9.711520899652559,10.025328636169434,84200,0.0,0.0
2019-05-16 00:00:00-04:00,10.02532881005908,10.223522924701086,9.843650477860537,9.934489250183105,73900,0.0,0.0
2019-05-17 00:00:00-04:00,9.876684006068677,10.074878144304664,9.74455458057802,9.777586936950684,107500,0.0,0.0
2019-05-20 00:00:00-04:00,9.752812249440467,9.752812249440467,9.224293793366877,9.496810913085938,130300,0.0,0.0
2019-05-21 00:00:00-04:00,9.496810798318476,9.678489138453445,9.348164812066825,9.480294227600098,161100,0.0,0.0
2019-05-22 00:00:00-04:00,9.447262510506153,9.45552079642199,9.224294303653023,9.265584945678711,78700,0.0,0.0
2019-05-23 00:00:00-04:00,9.207777787159568,9.232552645055971,8.74532479884232,8.869195938110352,94100,0.0,0.0
2019-05-24 00:00:00-04:00,8.91874433898795,9.083906110763875,8.745324281734865,9.050873756408691,97700,0.0,0.0
2019-05-28 00:00:00-04:00,9.026099561067793,9.149970691275842,8.902227643306306,8.984808921813965,68500,0.0,0.0
2019-05-29 00:00:00-04:00,8.92700244821797,8.9848088703099,8.315902723381901,8.505839347839355,148100,0.0,0.0
2019-05-30 00:00:00-04:00,8.538873193812222,8.646228558997034,8.448033614588535,8.51409912109375,99000,0.0,0.0
2019-05-31 00:00:00-04:00,8.439776057844725,8.604937854097804,8.381968838490973,8.481066703796387,142700,0.0,0.0
2019-06-03 00:00:00-04:00,8.489323196211881,8.646227474710514,8.39022613021176,8.497581481933594,123700,0.0,0.0
2019-06-04 00:00:00-04:00,8.621452331542969,8.761840033941047,8.571904193963322,8.621452331542969,137700,0.0,0.0
2019-06-05 00:00:00-04:00,8.66274247041342,8.770097812367435,8.37370958443267,8.54712963104248,111600,0.0,0.0
2019-06-06 00:00:00-04:00,8.514097553988181,8.547129907384065,8.20854730063448,8.282870292663574,47600,0.0,0.0
2019-06-07 00:00:00-04:00,8.315902341436592,8.439774252798626,8.208546999944188,8.307644844055176,71000,0.0,0.0
2019-06-10 00:00:00-04:00,8.332419356066888,8.563645833710135,8.266354648168818,8.538871765136719,118500,0.0,0.0
2019-06-11 00:00:00-04:00,8.596679318415374,9.017842477327957,8.596679318415374,8.87745475769043,103200,0.0,0.0
2019-06-12 00:00:00-04:00,8.860937004052477,9.001324704983432,8.745324159205882,8.984808921813965,74300,0.0,0.0
2019-06-13 00:00:00-04:00,9.059131666662685,9.422487549519765,9.017841028540571,9.348164558410645,131000,0.0,0.0
2019-06-14 00:00:00-04:00,9.348165505402195,9.348165505402195,9.042616012431129,9.108680725097656,76000,0.0,0.0
2019-06-17 00:00:00-04:00,9.12519679384529,9.12519679384529,8.811389032207007,8.84442138671875,42600,0.0,0.0
2019-06-18 00:00:00-04:00,8.869195200048775,8.94351819244611,8.646227010410207,8.712291717529297,85200,0.0,0.0
2019-06-19 00:00:00-04:00,8.687517649247996,8.753582356367085,8.423258033218207,8.712291717529297,101500,0.0,0.0
2019-06-20 00:00:00-04:00,8.654486315143897,8.761841683515984,8.439776365953323,8.456292152404785,74600,0.0,0.0
2019-06-21 00:00:00-04:00,8.406742420053332,8.472807128507101,7.78738518763416,7.936030387878418,216900,0.0,0.0
2019-06-24 00:00:00-04:00,7.977321099393431,8.340677786714968,7.878224035820318,8.1589994430542,104100,0.0,0.0
2019-06-25 00:00:00-04:00,8.19203185293688,8.19203185293688,7.9112564438056365,8.002095222473145,67800,0.0,0.0
2019-06-26 00:00:00-04:00,8.059902390379154,8.282870586831779,8.04338581931791,8.208547592163086,42100,0.0,0.0
2019-06-27 00:00:00-04:00,8.2168061654572,8.233322737096877,8.043386101008,8.084676742553711,70300,0.0,0.0
2019-06-28 00:00:00-04:00,8.101191924127557,8.39022479024605,8.101191924127557,8.299386024475098,82800,0.0,0.0
2019-07-01 00:00:00-04:00,8.373711059302305,8.406743417448222,8.035128403864723,8.125967979431152,51500,0.0,0.0
2019-07-02 00:00:00-04:00,8.134226687230722,8.159000760235138,7.993838960949727,8.11771011352539,44400,0.0,0.0
2019-07-03 00:00:00-04:00,8.15074059475323,8.414999412702008,8.109449957560384,8.357192993164062,21800,0.0,0.0
2019-07-05 00:00:00-04:00,8.340678039307496,8.357193823293125,8.167257975914259,8.291129112243652,32700,0.0,0.0
2019-07-08 00:00:00-04:00,8.299386734050811,8.439774430688102,8.068160263876093,8.216805458068848,52900,0.0,0.0
2019-07-09 00:00:00-04:00,8.20028961085924,8.390225441547974,8.125966620571159,8.183773040771484,84500,0.0,0.0
2019-07-10 00:00:00-04:00,8.208548486708853,8.266355704169433,8.026870910557149,8.175516128540039,72800,0.0,0.0
2019-07-11 00:00:00-04:00,8.208547581064028,8.365451855719883,8.125967088529828,8.1589994430542,50300,0.0,0.0
2019-07-12 00:00:00-04:00,8.18377268808807,8.431515715853939,8.175514403400086,8.22506332397461,56400,0.0,0.0
2019-07-15 00:00:00-04:00,8.22506332397461,8.299386311059708,8.125966270378937,8.22506332397461,76100,0.0,0.0
2019-07-16 00:00:00-04:00,8.241580535427172,8.415000606190345,8.183774107690619,8.20029067993164,81100,0.0,0.0
2019-07-17 00:00:00-04:00,8.183774409298124,8.315903841881793,8.035128403864723,8.125967979431152,65600,0.0,0.0
2019-07-18 00:00:00-04:00,8.134224737381121,8.134224737381121,7.86170763699669,7.878223419189453,37200,0.0,0.0
2019-07-19 00:00:00-04:00,7.869965161825814,7.985578787792854,7.655255267249018,7.671771049499512,78500,0.0,0.0
2019-07-22 00:00:00-04:00,7.696546126046111,7.696546126046111,7.225834850649493,7.250608921051025,47800,0.0,0.0
2019-07-23 00:00:00-04:00,7.308416250807631,7.349706106277739,7.019382537195811,7.052414894104004,72600,0.0,0.0
2019-07-24 00:00:00-04:00,7.035899571949498,7.341449090324737,7.035899571949498,7.291900157928467,74800,0.0,0.0
2019-07-25 00:00:00-04:00,7.34144781469205,7.415770019042061,7.118478838981742,7.151511192321777,61400,0.0,0.0
2019-07-26 00:00:00-04:00,7.225833279611455,7.424027374839428,7.217574995421957,7.390995025634766,69100,0.0,0.0
2019-07-29 00:00:00-04:00,7.407513266498953,7.490093764379157,7.176285982305969,7.283641338348389,38600,0.0,0.0
2019-07-30 00:00:00-04:00,7.267124344370316,7.5561572201793,7.250607775010925,7.5478997230529785,79100,0.0,0.0
2019-07-31 00:00:00-04:00,7.5148673798947065,7.680029135897732,7.5148673798947065,7.572673797607422,84800,0.0,0.0
2019-08-01 00:00:00-04:00,7.572675284551753,8.010354220789235,7.56441699824169,7.580933570861816,120700,0.0,0.0
2019-08-02 00:00:00-04:00,8.25809586455868,10.240038557031406,8.175514590891735,9.818876266479492,458900,0.0,0.0
2019-08-05 00:00:00-04:00,9.719780388233882,10.033587376060146,9.290358973223649,9.711522102355957,148400,0.0,0.0
2019-08-06 00:00:00-04:00,9.711522205304155,9.827135058606718,8.737066512876853,8.869195938110352,108600,0.0,0.0
2019-08-07 00:00:00-04:00,8.604937320103796,8.885712750086814,8.481066177489414,8.522356033325195,69700,0.0,0.0
2019-08-08 00:00:00-04:00,8.456291068022399,8.505839996130126,8.026870437153894,8.340678215026855,128900,0.0,0.0
2019-08-09 00:00:00-04:00,8.299388056585606,8.538872850031893,8.059903263139317,8.125967979431152,106300,0.0,0.0
2019-08-12 00:00:00-04:00,8.134225300793172,8.225064078028744,7.9112563190966165,7.936030387878418,71400,0.0,0.0
2019-08-13 00:00:00-04:00,7.9442878039544675,8.216804893392203,7.721319634211484,7.762609481811523,70400,0.0,0.0
2019-08-14 00:00:00-04:00,7.663512243417323,7.663512243417323,7.225833411574058,7.457059860229492,113400,0.0,0.0
2019-08-15 00:00:00-04:00,7.523125931801389,7.523125931801389,7.267125370992768,7.374480724334717,44300,0.0,0.0
2019-08-16 00:00:00-04:00,7.382737055996291,7.779126050894227,7.374479559008299,7.762609481811523,78000,0.0,0.0
2019-08-19 00:00:00-04:00,7.861709176778184,8.010354395840034,7.795643672407472,7.894741535186768,46700,0.0,0.0
2019-08-20 00:00:00-04:00,7.9277726270012385,7.9277726270012385,7.746094291003408,7.7791266441345215,51400,0.0,0.0
2019-08-21 00:00:00-04:00,7.803901915687277,7.803901915687277,7.613966052777999,7.69654655456543,53600,0.0,0.0
2019-08-22 00:00:00-04:00,7.688288473843243,8.167258025645133,7.680030188023404,8.084676742553711,84600,0.0,0.0
2019-08-23 00:00:00-04:00,8.035127084556015,8.101192577553924,7.828674683153609,7.9525465965271,68900,0.0,0.0
2019-08-26 00:00:00-04:00,7.993837273003008,8.225063743177726,7.911255997021043,8.216805458068848,49400,0.0,0.0
2019-08-27 00:00:00-04:00,8.249838826826705,8.249838826826705,8.002095755927428,8.010354042053223,54700,0.0,0.0
2019-08-28 00:00:00-04:00,7.985580265957746,8.324162134076472,7.969063693096569,8.175516128540039,77300,0.0,0.0
2019-08-29 00:00:00-04:00,8.216805223451724,8.340677133887715,7.820417000184693,7.878223419189453,47700,0.0,0.0
2019-08-30 00:00:00-04:00,7.894739739346092,7.894739739346092,7.646996713859814,7.795641899108887,45200,0.0,0.0
2019-09-03 00:00:00-04:00,7.704803459581452,7.845191153758241,7.622222185046847,7.680029392242432,51900,0.0,0.0
2019-09-04 00:00:00-04:00,7.688288119343559,7.936030382087699,7.613965125498939,7.911256313323975,39300,0.0,0.0
2019-09-05 00:00:00-04:00,7.927773014956162,8.249838276856797,7.853450019885719,8.002095222473145,62500,0.0,0.0
2019-09-06 00:00:00-04:00,8.018611473624556,8.134225104404052,7.820417353048359,7.836933135986328,39500,0.0,0.0
2019-09-09 00:00:00-04:00,7.845191968349436,8.406742803364194,7.828675396706186,8.274613380432129,47000,0.0,0.0
2019-09-10 00:00:00-04:00,8.266354681813745,8.82790470123291,8.266354681813745,8.82790470123291,57200,0.0,0.0
2019-09-11 00:00:00-04:00,8.827905125349625,9.249068250812911,8.827905125349625,9.199520111083984,49100,0.0,0.0
2019-09-12 00:00:00-04:00,9.240808890738588,9.546359129611037,9.116937768263133,9.183002471923828,88700,0.0,0.0
2019-09-13 00:00:00-04:00,9.249067549904403,9.414229315740418,9.166487060763107,9.331648826599121,47500,0.0,0.0
2019-09-16 00:00:00-04:00,9.32339073161936,9.653714270030102,9.224293670096138,9.430746078491211,54900,0.0,0.0
2019-09-17 00:00:00-04:00,9.364680839855092,9.447261325998952,9.191260795133575,9.422487258911133,67500,0.0,0.0
2019-09-18 00:00:00-04:00,9.455520431868473,9.612424708006014,9.282100372089511,9.306875228881836,53700,0.0,0.0
2019-09-19 00:00:00-04:00,9.30687583351276,9.488553403138575,8.92700333443972,8.968293190002441,50200,0.0,0.0
2019-09-20 00:00:00-04:00,8.943518450253979,8.968292519249422,8.728807752150923,8.84442138671875,62300,0.0,0.0
2019-09-23 00:00:00-04:00,8.87745439558555,8.87745439558555,8.472807826101935,8.67926025390625,53100,0.0,0.0
2019-09-24 00:00:00-04:00,8.720550297494997,8.803130790407728,8.604936662353024,8.637969017028809,59500,0.0,0.0
2019-09-25 00:00:00-04:00,8.505839310893784,8.819647063486174,8.505839310893784,8.712291717529297,44100,0.0,0.0
2019-09-26 00:00:00-04:00,8.687519146001126,8.803132009601496,8.357194765941403,8.481066703796387,47600,0.0,0.0
2019-09-27 00:00:00-04:00,8.481065279450448,8.65448454572624,8.472806994136333,8.505839347839355,32600,0.0,0.0
2019-09-30 00:00:00-04:00,8.489323613878275,8.7040343278855,8.249838829040527,8.249838829040527,53800,0.0,0.0
2019-10-01 00:00:00-04:00,8.291129648463917,8.431517365411848,7.993838429514286,8.059903144836426,44100,0.0,0.0
2019-10-02 00:00:00-04:00,8.010353972854897,8.010353972854897,7.490093764726795,7.49835205078125,69600,0.0,0.0
2019-10-03 00:00:00-04:00,7.382736741445268,7.490092073248752,7.143252012823136,7.390995025634766,86600,0.0,0.0
2019-10-04 00:00:00-04:00,7.407513806309758,7.407513806309758,7.168029006164133,7.267126083374023,84800,0.0,0.0
2019-10-07 00:00:00-04:00,7.267125263478958,7.506610036605318,7.2340929081357865,7.38273811340332,59600,0.0,0.0
2019-10-08 00:00:00-04:00,7.341449090324737,7.39925552182575,7.275384372165418,7.291900157928467,50400,0.0,0.0
2019-10-09 00:00:00-04:00,7.366222329508472,7.407512970575804,7.2588669777547965,7.38273811340332,132500,0.0,0.0
2019-10-10 00:00:00-04:00,7.374480724334717,7.465319505983988,7.300157726824637,7.374480724334717,42900,0.0,0.0
2019-10-11 00:00:00-04:00,7.531383435221796,7.721320052187886,7.399254025621074,7.448802947998047,107300,0.0,0.0
2019-10-14 00:00:00-04:00,7.432288058085353,7.547901711397081,7.275384545604905,7.415771484375,45700,0.0,0.0
2019-10-15 00:00:00-04:00,7.43228862914433,7.448805204123732,7.118480792518466,7.15977144241333,92300,0.0,0.0
2019-10-16 00:00:00-04:00,7.176286285617236,7.2093186436761565,6.936801492801675,6.969833850860596,65500,0.0,0.0
2019-10-17 00:00:00-04:00,7.019382897440131,7.035899470518636,6.928544108169008,7.011124610900879,76000,0.0,0.0
2019-10-18 00:00:00-04:00,6.953317999948344,7.035899288092607,6.763381352237951,6.887253284454346,80400,0.0,0.0
2019-10-21 00:00:00-04:00,6.920284921385586,6.928543206850537,6.779897218695217,6.804671287536621,99300,0.0,0.0
2019-10-22 00:00:00-04:00,6.8707377177741185,6.9863513805928035,6.771640630023951,6.920286655426025,204000,0.0,0.0
2019-10-23 00:00:00-04:00,6.928543227877543,7.209317846556937,6.8459619480843115,7.044156074523926,172500,0.0,0.0
2019-10-24 00:00:00-04:00,7.060673542582842,7.184544690457424,6.969833965758168,7.011124610900879,79800,0.0,0.0
2019-10-25 00:00:00-04:00,6.986349362851414,7.168027698365998,6.912026371615748,7.118478775024414,87400,0.0,0.0
2019-10-28 00:00:00-04:00,7.126736921431234,7.655255347387525,7.126736921431234,7.448802947998047,102200,0.0,0.0
2019-10-29 00:00:00-04:00,7.366223530149936,7.366223530149936,7.052415709464653,7.225835800170898,76900,0.0,0.0
2019-10-30 00:00:00-04:00,7.184543910656737,7.341448187658151,6.986349780547709,7.30015754699707,110400,0.0,0.0
2019-10-31 00:00:00-04:00,7.324931548144769,7.53138396197372,7.143253203460324,7.242351055145264,128400,0.0,0.0
2019-11-01 00:00:00-04:00,7.3166718241842545,7.531382481368932,7.3166718241842545,7.473576068878174,81700,0.0,0.0
2019-11-04 00:00:00-05:00,7.514868914323163,7.977321925557906,7.514868914323163,7.61396598815918,99200,0.0,0.0
2019-11-05 00:00:00-05:00,7.613966354846079,7.8782252311354375,7.539643349001304,7.622223854064941,48200,0.0,0.0
2019-11-06 00:00:00-05:00,7.613964687636107,7.828674583829959,7.556157480440524,7.680029392242432,61700,0.0,0.0
2019-11-07 00:00:00-05:00,7.713061744545593,7.8947400759896835,7.580932335332946,7.680029392242432,67500,0.0,0.0
2019-11-08 00:00:00-05:00,7.671771077799385,7.688287647664201,7.324930986172224,7.46531867980957,67300,0.0,0.0
2019-11-11 00:00:00-05:00,7.440544230092705,7.457060011555147,7.1928012077292065,7.316672325134277,80400,0.0,0.0
2019-11-12 00:00:00-05:00,7.308417095765721,7.366223530149936,7.143254504576077,7.225835800170898,76900,0.0,0.0
2019-11-13 00:00:00-05:00,7.225834184225214,7.3084154613520145,7.068930702748402,7.151511192321777,70900,0.0,0.0
2019-11-14 00:00:00-05:00,7.134996409731085,7.960806146561155,7.134996409731085,7.663514137268066,224500,0.0,0.0
2019-11-15 00:00:00-05:00,7.3579633666215525,7.919514143328705,7.019381558625794,7.680029392242432,256400,0.0,0.0
2019-11-18 00:00:00-05:00,7.589191389645401,7.729579112622344,7.15977072160983,7.291900157928467,134400,0.0,0.0
2019-11-19 00:00:00-05:00,7.300157567645976,7.737836469763113,7.192802216644892,7.564416408538818,148500,0.0,0.0
2019-11-20 00:00:00-05:00,7.523125757531504,7.7791270999634525,7.424028692331434,7.514868259429932,177400,0.0,0.0
2019-11-21 00:00:00-05:00,7.597447198565904,7.688286747074848,7.333188412110733,7.5231242179870605,135600,0.0,0.0
2019-11-22 00:00:00-05:00,7.556158715152993,7.630481716868191,7.3001581398601205,7.341448783874512,140100,0.0,0.0
2019-11-25 00:00:00-05:00,7.300157266928944,7.564416096936113,7.22583427410107,7.424028396606445,119000,0.0,0.0
2019-11-26 00:00:00-05:00,7.3909967542366735,7.737836895781054,7.3909967542366735,7.531384468078613,163300,0.0,0.0
2019-11-27 00:00:00-05:00,7.506610397269304,7.812159895762495,7.4818363264599945,7.531384468078613,102100,0.0,0.0
2019-11-29 00:00:00-05:00,7.581315149347891,7.847618755900162,7.531383768750268,7.78104305267334,64800,0.07,0.0
2019-12-02 00:00:00-05:00,7.806010060152944,7.947483651793342,7.581316428614033,7.681180000305176,104400,0.0,0.0
2019-12-03 00:00:00-05:00,7.572995555912827,7.939162009447423,7.464809814411766,7.789366245269775,147600,0.0,0.0
2019-12-04 00:00:00-05:00,7.806008028743776,7.9474815835675745,7.7227880105021605,7.756075859069824,94500,0.0,0.0
2019-12-05 00:00:00-05:00,7.806008790699737,7.839296642516676,7.4814516402508335,7.597959518432617,142600,0.0,0.0
2019-12-06 00:00:00-05:00,7.664535714872975,7.872585000517035,7.581315683157334,7.806009292602539,77700,0.0,0.0
2019-12-09 00:00:00-05:00,7.814330904965682,8.155531582444032,7.7810430533493795,8.088955879211426,153900,0.0,0.0
2019-12-10 00:00:00-05:00,8.147209467894037,8.247073023316165,8.039023751108816,8.213785171508789,142100,0.0,0.0
2019-12-11 00:00:00-05:00,8.188821356126498,8.23875274844827,7.955806340119491,8.10560131072998,142000,0.0,0.0
2019-12-12 00:00:00-05:00,8.130567800536038,8.222109215556069,7.964127709743005,8.10560131072998,101600,0.0,0.0
2019-12-13 00:00:00-05:00,8.105600246065126,8.163854587649089,7.922517440072861,7.972448825836182,86900,0.0,0.0
2019-12-16 00:00:00-05:00,8.072313173132903,8.180498910962283,8.01405961954983,8.022381782531738,70000,0.0,0.0
2019-12-17 00:00:00-05:00,8.005736541218534,8.155532283185165,7.947482994295977,8.147210121154785,80100,0.0,0.0
2019-12-18 00:00:00-05:00,8.163855659965611,8.280362771146528,8.055669918408208,8.10560131072998,102700,0.0,0.0
2019-12-19 00:00:00-05:00,8.11392304046444,8.288684491543327,7.989093772684578,8.0057373046875,78000,0.0,0.0
2019-12-20 00:00:00-05:00,8.055670338353108,8.213787480474984,8.022382477188227,8.205465316772461,192700,0.0,0.0
2019-12-23 00:00:00-05:00,8.230428960914711,8.505053918941503,8.072311079841748,8.496731758117676,79500,0.0,0.0
2019-12-24 00:00:00-05:00,8.488409597293849,8.55498529659459,8.396868209166565,8.496731758117676,20300,0.0,0.0
2019-12-26 00:00:00-05:00,8.50505567524917,8.55498706321317,8.346937761524606,8.48008918762207,37000,0.0,0.0
2019-12-27 00:00:00-05:00,8.48840994207448,8.48840994207448,8.313648525900375,8.380224227905273,52400,0.0,0.0
2019-12-30 00:00:00-05:00,8.388547052466295,8.42183490610128,8.247073476106355,8.297005653381348,62100,0.0,0.0
2019-12-31 00:00:00-05:00,8.330293049657103,8.396868753271855,8.197141642427596,8.213785171508789,81900,0.0,0.0
2020-01-02 00:00:00-05:00,8.313651073705723,8.313651073705723,8.022382486583222,8.188821792602539,83100,0.0,0.0
2020-01-03 00:00:00-05:00,8.23043016049098,8.330293723997098,8.030702239833692,8.130566596984863,55100,0.0,0.0
2020-01-06 00:00:00-05:00,8.155533921847749,8.305328900267101,8.022382477188227,8.205465316772461,44300,0.0,0.0
2020-01-07 00:00:00-05:00,8.230429594211515,8.230429594211515,8.01405815801277,8.138887405395508,87600,0.0,0.0
2020-01-08 00:00:00-05:00,8.163853586785594,8.17217495429593,8.014057860569997,8.072311401367188,58000,0.0,0.0
2020-01-09 00:00:00-05:00,8.155532134890867,8.255395696504424,8.088956427148496,8.113922119140625,44700,0.0,0.0
2020-01-10 00:00:00-05:00,8.138887559995219,8.396869014770283,7.989092619019551,8.155531883239746,76300,0.0,0.0
2020-01-13 00:00:00-05:00,8.163853296630258,8.371902556248669,8.005735414879096,8.313648223876953,111700,0.0,0.0
2020-01-14 00:00:00-05:00,8.32197109434218,8.455122504868454,8.280361080141468,8.338615417480469,88500,0.0,0.0
2020-01-15 00:00:00-05:00,8.330292606838025,8.438478317872343,8.288682595879449,8.405190467834473,43700,0.0,0.0
2020-01-16 00:00:00-05:00,8.446801338353117,8.621562783667429,8.430157806899189,8.463445663452148,25500,0.0,0.0
2020-01-17 00:00:00-05:00,8.521698097778394,8.521698097778394,8.388546689007637,8.446800231933594,41100,0.0,0.0
2020-01-21 00:00:00-05:00,8.488410697936626,8.546665037611978,8.455122843970013,8.530020713806152,48300,0.0,0.0
2020-01-22 00:00:00-05:00,8.5300201594089,8.563308011212014,8.505054468967813,8.521697998046875,91000,0.0,0.0
2020-01-23 00:00:00-05:00,8.52169726163613,8.696458666911544,8.371902338289289,8.646527290344238,56500,0.0,0.0
2020-01-24 00:00:00-05:00,8.72974712010942,8.85457715745824,8.66317141764804,8.7963228225708,51500,0.0,0.0
2020-01-27 00:00:00-05:00,8.796322675575865,8.871220538004547,8.704781284632455,8.746391296386719,110100,0.0,0.0
2020-01-28 00:00:00-05:00,8.804645036409353,8.93779644212787,8.738069333550094,8.904508590698242,64400,0.0,0.0
2020-01-29 00:00:00-05:00,8.92947428085922,8.971084293557501,8.854577210376288,8.904508590698242,102100,0.0,0.0
2020-01-30 00:00:00-05:00,8.846256410633728,8.879544267186688,8.463445663452148,8.463445663452148,109600,0.0,0.0
2020-01-31 00:00:00-05:00,8.463445193445798,8.463445193445798,7.523062305991258,7.531384468078613,169800,0.0,0.0
2020-02-03 00:00:00-05:00,7.506417561112604,7.68117817480485,7.506417561112604,7.67285680770874,80400,0.0,0.0
2020-02-04 00:00:00-05:00,7.689501213890869,7.739433390395755,7.639569831031006,7.6645355224609375,108600,0.0,0.0
2020-02-05 00:00:00-05:00,7.664535175203911,7.806008742972152,7.664535175203911,7.78104305267334,106900,0.0,0.0
2020-02-06 00:00:00-05:00,7.797687007617612,7.864262714481229,7.65621343212117,7.6895012855529785,132000,0.0,0.0
2020-02-07 00:00:00-05:00,7.5480282141261785,7.647891781090656,7.306691062217422,7.381588935852051,162500,0.0,0.0
2020-02-10 00:00:00-05:00,7.448164801389909,7.498096982728628,7.339979069860267,7.398233413696289,86600,0.0,0.0
2020-02-11 00:00:00-05:00,7.439841121774404,7.531383303287432,7.3732654226621674,7.389909744262695,63700,0.0,0.0
2020-02-12 00:00:00-05:00,7.439842973427489,7.481452994139913,7.339979399904753,7.364945888519287,97200,0.0,0.0
2020-02-13 00:00:00-05:00,7.3233354567417805,7.389911168686654,7.181861870447655,7.198505401611328,82800,0.0,0.0
2020-02-14 00:00:00-05:00,7.131929243294834,7.190183582834404,6.865626412182646,6.873948574066162,145300,0.0,0.0
2020-02-18 00:00:00-05:00,6.940523472412869,7.040387022433456,6.774084222378557,6.907235622406006,122800,0.0,0.0
2020-02-19 00:00:00-05:00,6.923880135267621,6.96549015210501,6.824016571044922,6.824016571044922,142900,0.0,0.0
2020-02-20 00:00:00-05:00,6.807373592136679,6.932202859119404,6.607646050683708,6.832339286804199,152600,0.0,0.0
2020-02-21 00:00:00-05:00,6.857304205119147,6.8989142206175345,6.724152790440334,6.765762805938721,191900,0.0,0.0
2020-02-24 00:00:00-05:00,6.624288910321873,6.665898923815797,6.416239636497247,6.499459266662598,135700,0.0,0.0
2020-02-25 00:00:00-05:00,6.499460306270045,6.557714255114926,6.258123141776703,6.2997331619262695,209600,0.0,0.0
2020-02-26 00:00:00-05:00,6.308054027771132,6.449527599905828,6.0500729713935995,6.1083269119262695,108900,0.0,0.0
2020-02-27 00:00:00-05:00,5.9834971165704625,6.14993637561481,5.825379622067085,6.08336067199707,148500,0.0,0.0
2020-02-28 00:00:00-05:00,5.915312412726585,6.016141505968024,5.730459075117279,5.797678470611572,180300,0.07,0.0
2020-03-02 00:00:00-05:00,5.881701854151744,6.327030885113255,5.839689537787002,6.293420791625977,126700,0.0,0.0
2020-03-03 00:00:00-05:00,6.301823862777798,6.461470115380602,6.024543676921042,6.116970539093018,67900,0.0,0.0
2020-03-04 00:00:00-05:00,6.15898230467777,6.243006540627564,6.041348374348058,6.133775234222412,140700,0.0,0.0
2020-03-05 00:00:00-05:00,6.074958229880329,6.259811553873539,5.9741291440658495,6.243006706237793,98100,0.0,0.0
2020-03-06 00:00:00-05:00,6.116970035941384,6.2682136519702,6.00773833514656,6.142177104949951,123300,0.0,0.0
2020-03-09 00:00:00-04:00,5.898507413403933,5.9573245832908315,5.461580953176204,5.4699835777282715,109800,0.0,0.0
2020-03-10 00:00:00-04:00,5.663239468441333,5.7052517923604915,5.461581275211485,5.486788749694824,94600,0.0,0.0
2020-03-11 00:00:00-04:00,5.4615809091689655,5.503593230272402,5.0498619252557155,5.100276470184326,95600,0.0,0.0
2020-03-12 00:00:00-04:00,4.839801005932112,5.108678572488889,4.545715566521871,4.873410701751709,112000,0.0,0.0
2020-03-13 00:00:00-04:00,5.075068994908801,5.503593227581234,4.822995869729818,5.4447760581970215,102900,0.0,0.0
2020-03-16 00:00:00-04:00,5.024654369151554,5.91531211610802,4.848203264497433,5.537202835083008,172100,0.0,0.0
2020-03-17 00:00:00-04:00,5.646433917262618,6.646323336075,5.604421999223945,6.579103946685791,226900,0.0,0.0
2020-03-18 00:00:00-04:00,6.721945553955827,6.730348178214676,6.091763158272468,6.5875067710876465,346000,0.0,0.0
2020-03-19 00:00:00-04:00,6.62111553713364,7.007627384268694,6.453066681484984,6.80596923828125,158300,0.0,0.0
2020-03-20 00:00:00-04:00,6.881591586403156,6.923603907466484,6.268214423361035,6.621116638183594,187500,0.0,0.0
2020-03-23 00:00:00-04:00,6.621116638183594,6.696738255174722,6.167385333600071,6.621116638183594,234800,0.0,0.0
2020-03-24 00:00:00-04:00,6.906798887834475,7.553785693882327,6.721945171255814,6.915200710296631,189100,0.0,0.0
2020-03-25 00:00:00-04:00,6.906799971441282,7.318518985458841,6.621117128631243,6.671531677246094,121100,0.0,0.0
2020-03-26 00:00:00-04:00,6.705140813981219,6.957213535914839,6.427860619524646,6.545494556427002,149500,0.0,0.0
2020-03-27 00:00:00-04:00,6.402653061973491,6.831177284558553,6.377445990444475,6.637921333312988,87300,0.0,0.0
2020-03-30 00:00:00-04:00,6.688335960446367,7.032835547140126,6.562299399251836,6.763957977294922,104300,0.0,0.0
2020-03-31 00:00:00-04:00,6.679933238306512,7.242896242920412,6.679933238306512,7.150469779968262,110600,0.0,0.0
2020-04-01 00:00:00-04:00,6.9067998511961735,7.142067740636208,6.814372579355916,7.108458042144775,102800,0.0,0.0
2020-04-02 00:00:00-04:00,7.10005415523199,7.469761574244554,7.04123739365565,7.38573694229126,90800,0.0,0.0
2020-04-03 00:00:00-04:00,7.385738110804763,7.772250036567902,7.2512993194642625,7.713433265686035,136000,0.0,0.0
2020-04-06 00:00:00-04:00,7.831066091427324,8.209176159148527,7.553785909310663,7.730237007141113,140700,0.0,0.0
2020-04-07 00:00:00-04:00,7.797456087865574,7.873078098414985,7.242895745594293,7.394139766693115,119100,0.0,0.0
2020-04-08 00:00:00-04:00,7.545383991017337,7.6126041881469755,7.3269213552900325,7.494969844818115,143400,0.0,0.0
2020-04-09 00:00:00-04:00,7.478163599611561,7.696627007572459,7.335322202200073,7.394139766693115,103800,0.0,0.0
2020-04-13 00:00:00-04:00,7.27650659228826,7.5537868073704,7.2344942685113,7.310116291046143,80400,0.0,0.0
2020-04-14 00:00:00-04:00,7.360531276144605,7.78065291334941,7.335323400963047,7.604201793670654,106100,0.0,0.0
2020-04-15 00:00:00-04:00,7.436152949995196,7.4781644706888875,7.083250727203115,7.343725681304932,103400,0.0,0.0
2020-04-16 00:00:00-04:00,7.4025429723051825,7.957103358171267,7.259701563664723,7.915091037750244,118200,0.0,0.0
2020-04-17 00:00:00-04:00,7.9739081774091085,8.066335446909346,7.730237669185722,7.957103729248047,86400,0.0,0.0
2020-04-20 00:00:00-04:00,7.990713125727878,7.990713125727878,7.730237377842059,7.772249698638916,100900,0.0,0.0
2020-04-21 00:00:00-04:00,7.5873957080730206,8.02432254728721,7.5873957080730206,7.906688213348389,65200,0.0,0.0
2020-04-22 00:00:00-04:00,7.906689142607898,8.209177236481962,7.763847720793687,8.125152587890625,80600,0.0,0.0
2020-04-23 00:00:00-04:00,8.066334116285857,8.494857490183648,8.032724424189594,8.37722396850586,110400,0.0,0.0
2020-04-24 00:00:00-04:00,8.444443589434066,8.805747589268304,8.293199570101699,8.73012638092041,83500,0.0,0.0
2020-04-27 00:00:00-04:00,8.889772797737642,9.150248536628805,8.67971200232547,9.057821273803711,222600,0.0,0.0
2020-04-28 00:00:00-04:00,9.242676143010618,9.469542214790094,9.125041794534026,9.410724639892578,143400,0.0,0.0
2020-04-29 00:00:00-04:00,9.662796843776011,9.839247948628133,9.301492009717293,9.511552810668945,123500,0.0,0.0
2020-04-30 00:00:00-04:00,9.385516906484014,9.545162766979297,9.183858724389427,9.469541549682617,132400,0.0,0.0
2020-05-01 00:00:00-04:00,9.368710169944954,9.368710169944954,8.637698774918315,8.814149856567383,145000,0.0,0.0
2020-05-04 00:00:00-04:00,8.402431358103087,9.032613709960819,8.352016417374418,8.931784629821777,111700,0.0,0.0
2020-05-05 00:00:00-04:00,9.066224336929748,9.209065748831977,8.73852919174492,8.83095645904541,141000,0.0,0.0
2020-05-06 00:00:00-04:00,8.856163158343623,9.09983365050483,8.805748214546874,9.007407188415527,68600,0.0,0.0
2020-05-07 00:00:00-04:00,9.259481000282193,9.37711454244666,8.965395542234205,9.141846656799316,117700,0.0,0.0
2020-05-08 00:00:00-04:00,10.057711311967353,13.771585512697998,9.746821424632545,13.032172203063965,1744100,0.0,0.0
2020-05-11 00:00:00-04:00,12.670867016583008,12.704476711534754,11.76340445156755,12.183526039123535,344300,0.0,0.0
2020-05-12 00:00:00-04:00,12.183526008538452,12.343171858828889,11.410502225270545,11.494526863098145,296400,0.0,0.0
2020-05-13 00:00:00-04:00,11.712990146361197,12.864124064114595,11.511331965668576,12.754892349243164,383600,0.0,0.0
2020-05-14 00:00:00-04:00,12.679271955422578,12.704479030908695,11.36009018608424,11.603760719299316,161000,0.0,0.0
2020-05-15 00:00:00-04:00,11.729795187662784,12.460806680715237,11.729795187662784,12.208733558654785,97900,0.0,0.0
2020-05-18 00:00:00-04:00,12.603647268543178,12.864122998006462,11.981867528944775,12.11630630493164,241000,0.0,0.0
2020-05-19 00:00:00-04:00,12.175123714411397,12.351574817576129,11.780209989348048,11.80541706085205,109200,0.0,0.0
2020-05-20 00:00:00-04:00,12.057490324676369,12.141514164471754,11.805417202653484,11.86423397064209,140800,0.0,0.0
2020-05-21 00:00:00-04:00,11.872634484654563,11.8894389290993,11.628964030319185,11.855829238891602,77900,0.0,0.0
2020-05-22 00:00:00-04:00,11.906245639307224,12.040684416673729,11.561746071975973,11.830623626708984,92500,0.0,0.0
2020-05-26 00:00:00-04:00,11.855831025146337,12.528025731894537,11.427307610764387,12.486013412475586,194100,0.0,0.0
2020-05-27 00:00:00-04:00,12.1835268364578,12.83051450826804,11.897844010012674,12.813709259033203,312500,0.0,0.0
2020-05-28 00:00:00-04:00,12.897732692003178,13.208622561802377,12.065891363277409,12.11630630493164,246200,0.0,0.0
2020-05-29 00:00:00-04:00,11.913664430273725,12.226070850050252,11.812343494553815,12.158523559570312,125100,0.07,0.0
2020-06-01 00:00:00-04:00,12.158525142628438,12.32739419604251,11.938996822599327,11.964326858520508,134700,0.0,0.0
2020-06-02 00:00:00-04:00,11.99809872654041,12.251401463820855,11.62658863569571,12.192296981811523,176600,0.0,0.0
2020-06-03 00:00:00-04:00,12.327391846748988,12.682015502972396,12.141636406530258,12.209183692932129,260100,0.0,0.0
2020-06-04 00:00:00-04:00,12.217627910211448,12.470930649378822,11.9389951386955,11.972768783569336,85200,0.0,0.0
2020-06-05 00:00:00-04:00,12.226070787331436,12.226070787331436,11.837674271677832,12.023428916931152,121100,0.0,0.0
2020-06-08 00:00:00-04:00,12.116307262365604,12.251401845058442,11.761683580183288,12.074090003967285,136100,0.0,0.0
2020-06-09 00:00:00-04:00,12.031872685156303,12.031872685156303,11.626588939112738,11.938995361328125,120100,0.0,0.0
2020-06-10 00:00:00-04:00,11.719465795028658,11.770125858647832,11.05243571904343,11.221303939819336,96800,0.0,0.0
2020-06-11 00:00:00-04:00,10.976445413502143,11.347955519351462,10.866680862739853,11.027106285095215,144700,0.0,0.0
2020-06-12 00:00:00-04:00,11.229747554035471,11.373285743025699,11.027105689070629,11.179086685180664,102600,0.0,0.0
2020-06-15 00:00:00-04:00,11.018662616899976,11.018662616899976,10.59649164157988,10.849794387817383,99600,0.0,0.0
2020-06-16 00:00:00-04:00,11.119984595835364,11.119984595835364,10.689369967423424,10.900455474853516,121200,0.0,0.0
2020-06-17 00:00:00-04:00,10.925785600702412,10.925785600702412,10.351633563295497,10.461398124694824,111400,0.0,0.0
2020-06-18 00:00:00-04:00,10.41918032033258,10.478284002157805,10.039226584605482,10.174321174621582,143200,0.0,0.0
2020-06-19 00:00:00-04:00,10.208094381509639,10.368518998922468,9.861914308228872,10.15743350982666,180000,0.0,0.0
2020-06-22 00:00:00-04:00,10.15743476554241,10.528945723206432,10.03922739238077,10.436067581176758,77900,0.0,0.0
2020-06-23 00:00:00-04:00,10.46984026351717,10.714699406294075,10.368519322219202,10.520501136779785,163300,0.0,0.0
2020-06-24 00:00:00-04:00,10.47828354730681,10.942671784249015,10.157433507332692,10.858237266540527,134300,0.0,0.0
2020-06-25 00:00:00-04:00,10.740030216876276,11.601258618224207,10.697812956807974,11.263522148132324,170300,0.0,0.0
2020-06-26 00:00:00-04:00,11.170644073986708,11.423946830508257,10.908898509588678,11.356399536132812,282300,0.0,0.0
2020-06-29 00:00:00-04:00,11.3986163845504,12.57225199106369,11.364842738583043,12.470931053161621,269700,0.0,0.0
2020-06-30 00:00:00-04:00,12.428713856616373,12.648242153889575,12.259845625934203,12.56380844116211,219900,0.0,0.0
2020-07-01 00:00:00-04:00,12.563807744783656,12.563807744783656,11.85456041000299,11.879890441894531,119200,0.0,0.0
2020-07-02 00:00:00-04:00,12.048760430229514,12.487817840714886,11.86300496933361,11.92210865020752,91900,0.0,0.0
2020-07-06 00:00:00-04:00,12.05720284164831,12.20074103781782,11.829230933467295,12.166967391967773,126500,0.0,0.0
2020-07-07 00:00:00-04:00,12.057203221931909,12.31050597641004,11.87144856651157,12.048760414123535,167600,0.0,0.0
2020-07-08 00:00:00-04:00,12.006543427877567,12.074090723247929,11.05243687423709,11.229748725891113,122600,0.0,0.0
2020-07-09 00:00:00-04:00,11.15375683904242,11.854560570965777,11.094653162083912,11.668805122375488,165500,0.0,0.0
2020-07-10 00:00:00-04:00,11.668805689635768,11.668805689635768,10.95111550307514,11.212861061096191,96300,0.0,0.0
2020-07-13 00:00:00-04:00,11.37328614146783,11.423946206870227,10.773803332691333,10.892010688781738,115700,0.0,0.0
2020-07-14 00:00:00-04:00,10.87512505995899,11.635032538100884,10.858237833444722,11.449277877807617,110800,0.0,0.0
2020-07-15 00:00:00-04:00,11.635031347514087,11.7785695372883,11.145313101894013,11.398615837097168,192400,0.0,0.0
2020-07-16 00:00:00-04:00,11.322625372442216,11.753239958362826,11.322625372442216,11.41550350189209,108400,0.0,0.0
2020-07-17 00:00:00-04:00,11.440833558768835,14.092067565909046,11.440833558768835,13.391263008117676,1127400,0.0,0.0
2020-07-20 00:00:00-04:00,13.48414107299568,13.48414107299568,12.242958189681579,12.513147354125977,303600,0.0,0.0
2020-07-21 00:00:00-04:00,12.597582037516924,13.95697310089781,12.58069481190182,13.703669548034668,350700,0.0,0.0
2020-07-22 00:00:00-04:00,13.678340714070211,13.813435301973488,13.129517944179074,13.501028060913086,127400,0.0,0.0
2020-07-23 00:00:00-04:00,13.425037053122926,13.568575252999366,12.93531877303645,13.146404266357422,154600,0.0,0.0
2020-07-24 00:00:00-04:00,12.985979017918872,13.213950920965917,12.39493982623973,12.850884437561035,195200,0.0,0.0
2020-07-27 00:00:00-04:00,12.808667503370621,14.683106061014685,12.808667503370621,13.9569730758667,396100,0.0,0.0
2020-07-28 00:00:00-04:00,13.76277154214065,14.548009722100437,13.76277154214065,14.277820587158203,191200,0.0,0.0
2020-07-29 00:00:00-04:00,14.277821563076966,14.40447252743121,13.543245003549721,13.8809814453125,117600,0.0,0.0
2020-07-30 00:00:00-04:00,13.85565190313194,13.956973650356934,13.315273545810744,13.543246269226074,127000,0.0,0.0
2020-07-31 00:00:00-04:00,13.771218162915813,13.81343623100908,13.095745177969862,13.365934371948242,138700,0.0,0.0
2020-08-03 00:00:00-04:00,13.188621590943935,13.34060340455538,12.116307698316692,12.665129661560059,227800,0.0,0.0
2020-08-04 00:00:00-04:00,12.665129315177493,13.365933072865802,12.665129315177493,13.171734809875488,114100,0.0,0.0
2020-08-05 00:00:00-04:00,13.222393689976217,13.644564629274191,13.163290016147194,13.56013011932373,163000,0.0,0.0
2020-08-06 00:00:00-04:00,13.788102813053676,14.244048200513566,13.56013011932373,13.56013011932373,154600,0.0,0.0
2020-08-07 00:00:00-04:00,14.353812791235255,14.59022911108978,12.166967066557765,12.58913803100586,285900,0.0,0.0
2020-08-10 00:00:00-04:00,12.563808568345339,12.648242281927525,11.28040839171452,11.516824722290039,336500,0.0,0.0
2020-08-11 00:00:00-04:00,11.60970229265436,11.922108730447606,11.339513115152583,11.356399536132812,230400,0.0,0.0
2020-08-12 00:00:00-04:00,11.432389638391099,11.432389638391099,10.85823687141203,11.271965026855469,182900,0.0,0.0
2020-08-13 00:00:00-04:00,11.364843362086797,11.736353488109689,11.280408839922499,11.407060623168945,164900,0.0,0.0
2020-08-14 00:00:00-04:00,11.415503189566337,11.78701328151971,11.415503189566337,11.668805122375488,83900,0.0,0.0
2020-08-17 00:00:00-04:00,11.74479724075527,12.276732804157724,11.694137171037298,11.89677906036377,261300,0.0,0.0
2020-08-18 00:00:00-04:00,11.863004016451516,12.082533106674411,11.778569503218957,12.006542205810547,138600,0.0,0.0
2020-08-19 00:00:00-04:00,12.074090007740125,12.310505527526466,11.989655490917102,12.031872749328613,83900,0.0,0.0
2020-08-20 00:00:00-04:00,11.93899498404516,12.378052361717748,11.93899498404516,12.099419593811035,109400,0.0,0.0
2020-08-21 00:00:00-04:00,12.057203605618371,12.057203605618371,11.45772074987509,11.499938011169434,138000,0.0,0.0
2020-08-24 00:00:00-04:00,11.635031803638366,11.719466320425209,11.035548989088028,11.331068992614746,173500,0.0,0.0
2020-08-25 00:00:00-04:00,11.322624940216075,11.398615841327947,11.153756718427028,11.314181327819824,117300,0.0,0.0
2020-08-26 00:00:00-04:00,11.195975584593706,11.305740145841956,11.018663724919966,11.25507926940918,79700,0.0,0.0
2020-08-27 00:00:00-04:00,11.119984448981898,11.347956375277539,11.119984448981898,11.28885269165039,78100,0.0,0.0
2020-08-28 00:00:00-04:00,11.373732004002186,11.373732004002186,10.083577713115368,10.27879810333252,327900,0.07,0.0
2020-08-31 00:00:00-04:00,10.38914031978967,10.397628373958476,9.871381157473568,9.947772026062012,158400,0.0,0.0
2020-09-01 00:00:00-04:00,9.845917100192546,10.083576933662405,9.659183969162129,9.83742904663086,155500,0.0,0.0
2020-09-02 00:00:00-04:00,9.845915424402449,9.888354066057081,9.531863971794788,9.769524574279785,155700,0.0,0.0
2020-09-03 00:00:00-04:00,9.752549656409675,9.820452462675473,9.132936346867957,9.26025390625,205200,0.0,0.0
2020-09-04 00:00:00-04:00,9.234790688518487,9.353621005918056,8.717031580960612,9.132936477661133,237700,0.0,0.0
2020-09-08 00:00:00-04:00,9.082008254729029,9.19235051019765,8.93771459830585,9.065032958984375,146300,0.0,0.0
2020-09-09 00:00:00-04:00,9.124447369913893,9.74406061672288,9.124447369913893,9.531864166259766,180100,0.0,0.0
2020-09-10 00:00:00-04:00,9.523377896743423,9.701622965728056,9.336644774601115,9.345132827758789,129200,0.0,0.0
2020-09-11 00:00:00-04:00,9.387572528280527,9.582792899193468,9.243278858707779,9.277230262756348,84800,0.0,0.0
2020-09-14 00:00:00-04:00,9.226302635247379,9.319668792833625,9.132936477661133,9.132936477661133,84800,0.0,0.0
2020-09-15 00:00:00-04:00,9.183863441766473,9.268742357981399,8.640640968280014,8.70854377746582,172600,0.0,0.0
2020-09-16 00:00:00-04:00,8.750982980480027,8.852837191289664,8.530298452326493,8.649127960205078,129700,0.0,0.0
2020-09-17 00:00:00-04:00,8.547272586277025,8.997129634634385,8.547272586277025,8.759469032287598,130000,0.0,0.0
2020-09-18 00:00:00-04:00,8.835860736997725,8.912251594464726,8.674591778595945,8.742494583129883,332300,0.0,0.0
2020-09-21 00:00:00-04:00,8.59820127114586,8.734006885742133,8.301125882117534,8.335077285766602,153300,0.0,0.0
2020-09-22 00:00:00-04:00,8.369028229480643,8.606688851428363,8.250198727972052,8.326589584350586,124500,0.0,0.0
2020-09-23 00:00:00-04:00,8.352053148980268,8.45390735695987,7.978586910256437,8.046489715576172,183700,0.0,0.0
2020-09-24 00:00:00-04:00,8.03800224018332,8.386004309776434,7.978586680143211,8.156831741333008,185300,0.0,0.0
2020-09-25 00:00:00-04:00,8.105904694730919,8.34356449626857,8.105904694730919,8.165319442749023,120400,0.0,0.0
2020-09-28 00:00:00-04:00,8.267174859358821,8.292639020367808,7.944636105099818,8.139857292175293,122800,0.0,0.0
2020-09-29 00:00:00-04:00,8.004050740253518,8.360540858257224,8.004050740253518,8.182295799255371,176300,0.0,0.0
2020-09-30 00:00:00-04:00,8.173806805335358,8.572736331347368,8.114392062331607,8.369027137756348,155200,0.0,0.0
2020-10-01 00:00:00-04:00,8.436931142436322,8.801909323436886,8.318101639387043,8.657615661621094,181700,0.0,0.0
2020-10-02 00:00:00-04:00,8.572737442534153,8.878300058329557,8.504834639024063,8.827372550964355,157000,0.0,0.0
2020-10-05 00:00:00-04:00,8.852836726868347,9.243278252555314,8.852836726868347,9.226302146911621,112400,0.0,0.0
2020-10-06 00:00:00-04:00,9.260253332194335,9.489425896233655,9.226301931166129,9.421523094177246,178800,0.0,0.0
2020-10-07 00:00:00-04:00,9.430011784915537,9.514890705248249,9.056546316275428,9.115961074829102,126800,0.0,0.0
2020-10-08 00:00:00-04:00,9.158398520055414,9.192349918825773,8.954690127433254,9.141423225402832,93300,0.0,0.0
2020-10-09 00:00:00-04:00,9.650695548590443,10.185430760660982,9.45547518088779,10.032649040222168,178600,0.0,0.0
2020-10-12 00:00:00-04:00,10.117527378708298,10.27879633375589,9.998697068512787,10.236357688903809,90100,0.0,0.0
2020-10-13 00:00:00-04:00,10.270308123158413,10.338210919884652,9.998696126788271,10.193917274475098,68000,0.0,0.0
2020-10-14 00:00:00-04:00,10.236357553908757,10.329723704603408,9.905330785957304,10.0496244430542,81200,0.0,0.0
2020-10-15 00:00:00-04:00,9.973233019300883,10.42308926075526,9.973233019300883,10.355186462402344,79300,0.0,0.0
2020-10-16 00:00:00-04:00,10.355188023763688,10.507969747826873,10.295773268612596,10.448554992675781,54400,0.0,0.0
2020-10-19 00:00:00-04:00,10.474017866332643,10.728653791681573,10.406115060834967,10.626799583435059,111100,0.0,0.0
2020-10-20 00:00:00-04:00,10.771092069910939,10.822019577026367,10.440066106789077,10.822019577026367,99600,0.0,0.0
2020-10-21 00:00:00-04:00,10.94085035934012,11.093631268347306,10.73714113155504,10.915386199951172,120400,0.0,0.0
2020-10-22 00:00:00-04:00,10.91538583830707,10.91538583830707,10.253333095969994,10.567383766174316,128600,0.0,0.0
2020-10-23 00:00:00-04:00,10.626799035201921,10.626799035201921,9.55732868958922,9.608255386352539,179300,0.0,0.0
2020-10-26 00:00:00-04:00,9.540352721060678,9.84591614387998,9.396059062388288,9.565816879272461,75600,0.0,0.0
2020-10-27 00:00:00-04:00,9.557328698290066,9.786500452864136,9.421523094177246,9.421523094177246,121400,0.0,0.0
2020-10-28 00:00:00-04:00,9.251764926444332,9.472449429437077,9.251764926444332,9.387571334838867,63600,0.0,0.0
2020-10-29 00:00:00-04:00,9.33664487633675,9.362108226621928,9.098985051589375,9.319668769836426,74000,0.0,0.0
2020-10-30 00:00:00-04:00,9.234789597289499,9.472449394540252,8.963178400431495,9.031081199645996,88800,0.0,0.0
2020-11-02 00:00:00-05:00,9.0395690381167,9.28571690385563,8.980154287255145,9.268741607666016,73700,0.0,0.0
2020-11-03 00:00:00-05:00,9.336643860265028,10.04962406638152,9.336643860265028,9.930793762207031,133700,0.0,0.0
2020-11-04 00:00:00-05:00,9.744060486176563,9.94776969108552,9.217813393214277,9.243277549743652,71000,0.0,0.0
2020-11-05 00:00:00-05:00,9.31118082999251,9.667670945196745,9.285716672145602,9.608255386352539,93800,0.0,0.0
2020-11-06 00:00:00-05:00,9.667672045215399,9.684647342912927,9.404548050448328,9.523378372192383,76200,0.0,0.0
2020-11-09 00:00:00-05:00,9.625232092358031,9.896843317289449,9.183863042379178,9.217814445495605,104400,0.0,0.0
2020-11-10 00:00:00-05:00,9.319668661331391,9.803477167908834,9.251765855051277,9.659183502197266,79100,0.0,0.0
2020-11-11 00:00:00-05:00,9.608255754424409,9.803476924736307,9.413035393577792,9.727086067199707,58300,0.0,0.0
2020-11-12 00:00:00-05:00,9.67615831583107,9.803476678347296,9.582792164224715,9.752549171447754,45900,0.0,0.0
2020-11-13 00:00:00-05:00,9.794989939217045,9.896844157210444,9.565818151098236,9.828941345214844,95300,0.0,0.0
2020-11-16 00:00:00-05:00,9.828940993069171,10.058113582442685,9.68464732038185,9.83742904663086,74400,0.0,0.0
2020-11-17 00:00:00-05:00,9.761038073222064,9.922307041745336,9.599769104698794,9.735574722290039,54700,0.0,0.0
2020-11-18 00:00:00-05:00,9.761037576098728,10.100551602785611,9.718598120396544,9.744061470031738,63600,0.0,0.0
2020-11-19 00:00:00-05:00,9.956258915340252,10.01567448293543,9.718599073355652,9.828941345214844,107500,0.0,0.0
2020-11-20 00:00:00-05:00,11.628366485894217,12.73178830049702,11.331291911228467,11.399194717407227,475600,0.0,0.0
2020-11-23 00:00:00-05:00,11.755684381833436,12.366809612866392,11.484072358575744,12.205540657043457,492800,0.0,0.0
2020-11-24 00:00:00-05:00,12.231005563269406,12.638423245297314,11.79812452907268,12.171590805053711,321900,0.0,0.0
2020-11-25 00:00:00-05:00,12.409250594436875,14.285067591820669,12.256468863145093,14.013456344604492,559200,0.0,0.0
2020-11-27 00:00:00-05:00,15.236234875596985,15.236234875596985,13.896998816526185,14.741299629211426,372200,2.07,0.0
2020-11-30 00:00:00-05:00,14.741299993825967,14.789823221721445,13.683498438323257,14.129910469055176,219300,0.0,0.0
2020-12-01 00:00:00-05:00,14.168729395062394,14.21725169926518,13.528224428844263,13.80965805053711,154800,0.0,0.0
2020-12-02 00:00:00-05:00,13.79995289037591,13.9164080757816,13.20797120768421,13.634974479675293,143700,0.0,0.0
2020-12-03 00:00:00-05:00,13.528224145297182,13.68349866220393,13.285608927353875,13.372950553894043,84000,0.0,0.0
2020-12-04 00:00:00-05:00,13.363246375468144,13.906703934273047,13.217676692374853,13.68349838256836,140900,0.0,0.0
2020-12-07 00:00:00-05:00,13.693202968812923,14.052273390831003,13.421474175894522,13.46999740600586,215600,0.0,0.0
2020-12-08 00:00:00-05:00,13.440883355763175,13.508815320178869,12.955652923071415,13.227381706237793,151000,0.0,0.0
2020-12-09 00:00:00-05:00,13.188562920823648,13.557338149885723,13.178858090334327,13.392359733581543,83200,0.0,0.0
2020-12-10 00:00:00-05:00,13.363246610795906,13.732020926584438,13.275904984502557,13.67379379272461,102100,0.0,0.0
2020-12-11 00:00:00-05:00,13.654384785869048,13.68349927969869,12.81008390038604,13.013880729675293,116000,0.0,0.0
2020-12-14 00:00:00-05:00,13.149745395469575,13.275905423677463,12.713038175059898,12.722742080688477,115500,0.0,0.0
2020-12-15 00:00:00-05:00,12.790674284716765,12.790674284716765,12.315147765371044,12.713037490844727,121100,0.0,0.0
2020-12-16 00:00:00-05:00,12.87801525866665,12.965355953232994,12.402488763342118,12.62569522857666,173300,0.0,0.0
2020-12-17 00:00:00-05:00,12.64510405371134,12.975060876110387,12.19869204555443,12.247215270996094,229300,0.0,0.0
2020-12-18 00:00:00-05:00,12.247217561423957,12.732448055579441,12.247217561423957,12.344264030456543,293800,0.0,0.0
2020-12-21 00:00:00-05:00,12.363671253723933,12.421899313108053,11.965782445360524,12.17928409576416,102800,0.0,0.0
2020-12-22 00:00:00-05:00,12.383081001863207,12.674219449810536,12.305444205811067,12.586877822875977,101200,0.0,0.0
2020-12-23 00:00:00-05:00,12.625695018844985,13.062402186436506,12.625695018844985,12.85860538482666,109500,0.0,0.0
2020-12-24 00:00:00-05:00,12.780970691176027,13.09151789672202,12.780970691176027,12.887721061706543,47000,0.0,0.0
2020-12-28 00:00:00-05:00,13.072109422213408,13.39236146575395,12.713038977198368,13.10122299194336,120500,0.0,0.0
2020-12-29 00:00:00-05:00,13.14974399828777,13.402064027894127,12.829492008981063,13.188562393188477,138000,0.0,0.0
2020-12-30 00:00:00-05:00,13.285610156906271,13.479703089626653,13.033291010276423,13.32442855834961,97500,0.0,0.0
2020-12-31 00:00:00-05:00,13.372950592481837,13.537929015199623,13.285608965689645,13.334132194519043,127700,0.0,0.0
2021-01-04 00:00:00-05:00,13.40206454551479,13.761134943590385,13.305018091763085,13.654383659362793,105700,0.0,0.0
2021-01-05 00:00:00-05:00,13.770838497103345,14.120204981290096,13.722316196969452,13.780543327331543,154900,0.0,0.0
2021-01-06 00:00:00-05:00,13.935818154404457,14.488981495301514,13.935818154404457,14.217251777648926,177600,0.0,0.0
2021-01-07 00:00:00-05:00,14.217250544342624,14.217250544342624,13.518519425143973,13.741724967956543,117100,0.0,0.0
2021-01-08 00:00:00-05:00,13.838771383197185,13.838771383197185,13.382654543010899,13.780543327331543,148800,0.0,0.0
2021-01-11 00:00:00-05:00,13.683498949005513,14.003750969362764,13.557338921970288,13.80965805053711,78600,0.0,0.0
2021-01-12 00:00:00-05:00,13.92611231257151,14.37252430035752,13.84847552560903,14.032862663269043,132700,0.0,0.0
2021-01-13 00:00:00-05:00,14.100796265317758,14.401639544017822,14.081387529064896,14.304593086242676,52200,0.0,0.0
2021-01-14 00:00:00-05:00,14.343411018035694,14.683072683704776,14.217250997230138,14.547207832336426,137600,0.0,0.0
2021-01-15 00:00:00-05:00,14.440458139715922,14.479276538256679,14.032864492286162,14.110501289367676,74700,0.0,0.0
2021-01-19 00:00:00-05:00,14.129910765589125,14.886869989932089,13.896999451903618,14.789823532104492,188100,0.0,0.0
2021-01-20 00:00:00-05:00,14.915982486742262,15.207120913830012,14.556912099352004,14.906277656555176,163200,0.0,0.0
2021-01-21 00:00:00-05:00,14.906278316626995,14.945096713590727,14.6733679348446,14.731595993041992,111300,0.0,0.0
2021-01-22 00:00:00-05:00,14.673367949798473,15.032438353454829,14.566617589415316,14.954801559448242,91800,0.0,0.0
2021-01-25 00:00:00-05:00,14.983915771406364,16.138763826138607,14.9062789740548,15.973785400390625,129500,0.0,0.0
2021-01-26 00:00:00-05:00,16.012603539491106,17.45858994002733,15.993193878837895,17.293611526489258,217500,0.0,0.0
2021-01-27 00:00:00-05:00,17.138338727007145,18.196141217887586,16.5560618378333,17.48770523071289,161100,0.0,0.0
2021-01-28 00:00:00-05:00,17.48770535480154,17.526522827151393,15.459441984575014,15.876740455627441,149400,0.0,0.0
2021-01-29 00:00:00-05:00,15.91555739754765,16.798676613409253,15.91555739754765,16.158172607421875,123300,0.0,0.0
2021-02-01 00:00:00-05:00,16.323150069443614,16.323150069443614,15.148892485313974,15.634123802185059,158000,0.0,0.0
2021-02-02 00:00:00-05:00,15.59530456506015,15.60500939505979,14.799527015160205,15.255643844604492,168900,0.0,0.0
2021-02-03 00:00:00-05:00,15.10037035033117,15.85732950993218,15.013028730857297,15.702055931091309,102000,0.0,0.0
2021-02-04 00:00:00-05:00,15.818509679314666,16.04171706132754,15.41091701076063,15.983488082885742,174500,0.0,0.0
2021-02-05 00:00:00-05:00,16.313447059956122,16.313447059956122,14.828642155819066,15.566193580627441,212600,0.0,0.0
2021-02-08 00:00:00-05:00,15.507963519755721,15.983489101286851,15.22652991787979,15.944671630859375,191400,0.0,0.0
2021-02-09 00:00:00-05:00,16.002898194156483,16.11935430332083,15.575894928563285,15.740873336791992,125900,0.0,0.0
2021-02-10 00:00:00-05:00,15.828216614440413,15.925263073745006,15.09066704063929,15.566193580627441,132300,0.0,0.0
2021-02-11 00:00:00-05:00,15.750578143040283,15.808807123038125,15.051847042129685,15.255643844604492,110800,0.0,0.0
2021-02-12 00:00:00-05:00,15.236235174660747,15.459441651638864,15.003324792555956,15.216826438903809,70000,0.0,0.0
2021-02-16 00:00:00-05:00,15.216826875817588,15.323577239304795,14.51809478393725,14.751005172729492,141600,0.0,0.0
2021-02-17 00:00:00-05:00,14.877164826602641,14.925688054432136,14.411344060648108,14.653959274291992,130300,0.0,0.0
2021-02-18 00:00:00-05:00,14.55691285627033,14.663663217368352,14.217251186089252,14.615140914916992,131800,0.0,0.0
2021-02-19 00:00:00-05:00,14.673368338013546,15.080961980083668,14.615141203719878,14.789823532104492,107600,0.0,0.0
2021-02-22 00:00:00-05:00,14.799528401770445,15.022733959653772,14.566618012978205,14.751005172729492,67700,0.0,0.0
2021-02-23 00:00:00-05:00,14.605436355370824,14.673368320466738,13.848477131933052,14.081387519836426,126200,0.0,0.0
2021-02-24 00:00:00-05:00,14.149317843712764,14.207545896686375,13.654382632699326,14.032862663269043,112500,0.0,0.0
2021-02-25 00:00:00-05:00,14.071682849102036,14.35311646906393,13.625270804455205,13.66408920288086,96000,0.0,0.0
2021-02-26 00:00:00-05:00,13.839643613515465,14.161496655809099,13.703100856916475,13.732359886169434,89400,0.07,0.0
2021-03-01 00:00:00-05:00,13.92742332998421,14.46384389239151,13.810386268570817,14.317547798156738,69100,0.0,0.0
2021-03-02 00:00:00-05:00,14.317546119037736,14.522361185023048,14.1224834427639,14.200509071350098,76100,0.0,0.0
2021-03-03 00:00:00-05:00,14.317547245444715,14.951498202826304,14.181003547336255,14.746683120727539,137100,0.0,0.0
2021-03-04 00:00:00-05:00,14.853965349097892,15.409892475574832,14.239521095305502,14.610137939453125,129100,0.0,0.0
2021-03-05 00:00:00-05:00,14.668657569210874,15.322115130077128,14.454089178894007,15.302608489990234,136600,0.0,0.0
2021-03-08 00:00:00-05:00,15.380634354274232,15.66347319881612,15.156312640500165,15.468411445617676,104700,0.0,0.0
2021-03-09 00:00:00-05:00,15.595201485875215,15.69273282546295,15.273349367414584,15.312361717224121,98600,0.0,0.0
2021-03-10 00:00:00-05:00,15.682979344389958,16.46322633256635,15.51717662687053,16.180387496948242,139700,0.0,0.0
2021-03-11 00:00:00-05:00,16.375449975911174,16.863104802682717,16.24865867920747,16.48273277282715,83600,0.0,0.0
2021-03-12 00:00:00-05:00,16.541251486417288,16.91187021118809,16.531500026520444,16.794832229614258,81900,0.0,0.0
2021-03-15 00:00:00-04:00,16.950879593081055,17.448287699505755,16.746065475276676,17.380016326904297,149900,0.0,0.0
2021-03-16 00:00:00-04:00,17.331253585278322,17.497056306486456,16.872856841802864,17.18495750427246,100900,0.0,0.0
2021-03-17 00:00:00-04:00,17.145944896878948,17.145944896878948,16.024339084801383,16.365697860717773,167300,0.0,0.0
2021-03-18 00:00:00-04:00,16.268165592764944,16.35594361188282,15.51717670042558,15.604954719543457,119000,0.0,0.0
2021-03-19 00:00:00-04:00,15.878041326489056,16.424214194303417,15.63421392082571,16.346189498901367,366600,0.0,0.0
2021-03-22 00:00:00-04:00,16.34618802765934,16.658286781177033,15.887793215962141,16.590015411376953,96700,0.0,0.0
2021-03-23 00:00:00-04:00,16.521746728368566,16.79483225197848,16.1413746829388,16.511993408203125,100000,0.0,0.0
2021-03-24 00:00:00-04:00,16.697301787562903,16.794831262962767,15.800016847993426,15.84878158569336,88700,0.0,0.0
2021-03-25 00:00:00-04:00,15.614708459305945,16.482733493637326,15.497671407377933,16.316930770874023,83000,0.0,0.0
2021-03-26 00:00:00-04:00,16.394951990673018,16.90211337145926,16.336433942199285,16.863101959228516,66100,0.0,0.0
2021-03-29 00:00:00-04:00,16.98989408032191,17.380017566041456,16.98989408032191,17.06791877746582,82600,0.0,0.0
2021-03-30 00:00:00-04:00,17.13619074317766,17.438536222457138,16.980141343533056,17.292240142822266,56800,0.0,0.0
2021-03-31 00:00:00-04:00,17.35075991772516,17.458042716423567,17.09717918036022,17.116683959960938,78300,0.0,0.0
2021-04-01 00:00:00-04:00,17.194709336643495,17.282487359199855,16.736314443492457,17.145944595336914,62600,0.0,0.0
2021-04-05 00:00:00-04:00,17.262982505331333,17.731130716801616,17.06791982042423,17.62384605407715,65200,0.0,0.0
2021-04-06 00:00:00-04:00,17.633599449425287,17.750637432918975,17.038659932155667,17.145944595336914,71700,0.0,0.0
2021-04-07 00:00:00-04:00,17.21421543127243,17.21421543127243,16.707053952645186,16.726560592651367,67300,0.0,0.0
2021-04-08 00:00:00-04:00,16.66804262294071,16.794832063154736,16.219399201652546,16.5314998626709,54600,0.0,0.0
2021-04-09 00:00:00-04:00,16.76557187857619,16.76557187857619,16.463224575208127,16.63878059387207,39600,0.0,0.0
2021-04-12 00:00:00-04:00,16.590018087179555,16.970388271847206,16.50224006606308,16.794832229614258,67100,0.0,0.0
2021-04-13 00:00:00-04:00,16.82409171273927,16.94112969099251,16.365696840113156,16.463226318359375,38100,0.0,0.0
2021-04-14 00:00:00-04:00,16.609524004577835,16.609524004577835,16.063349261345582,16.11211585998535,54300,0.0,0.0
2021-04-15 00:00:00-04:00,16.33643734084413,16.463226782290455,16.112116558147616,16.22915267944336,76500,0.0,0.0
2021-04-16 00:00:00-04:00,16.3364357592628,16.3364357592628,15.917052334667723,16.10236167907715,46400,0.0,0.0
2021-04-19 00:00:00-04:00,16.014583241906273,16.043843198749542,15.682977838704073,15.85853385925293,48400,0.0,0.0
2021-04-20 00:00:00-04:00,15.692733323366623,15.887796008731105,15.322115523353053,15.64396858215332,69000,0.0,0.0
2021-04-21 00:00:00-04:00,15.63421310422067,16.08285461428519,15.478162791439637,15.85853385925293,43600,0.0,0.0
2021-04-22 00:00:00-04:00,15.946312313553348,15.965818951992023,15.409891848150053,15.624460220336914,78700,0.0,0.0
2021-04-23 00:00:00-04:00,15.741498639316893,15.995079395446936,15.643969153329394,15.868289947509766,53900,0.0,0.0
2021-04-26 00:00:00-04:00,15.770756998771436,15.770756998771436,15.370880194036646,15.741497039794922,48400,0.0,0.0
2021-04-27 00:00:00-04:00,15.712239614963575,16.02433841641009,15.604954954370488,15.770757675170898,46700,0.0,0.0
2021-04-28 00:00:00-04:00,15.868288165736645,15.897546264145364,15.507422783233332,15.663472175598145,35500,0.0,0.0
2021-04-29 00:00:00-04:00,15.829275234616578,15.829275234616578,15.351373727488141,15.536683082580566,50500,0.0,0.0
2021-04-30 00:00:00-04:00,15.604953646393707,15.604953646393707,15.283101551847054,15.331867218017578,59000,0.0,0.0
2021-05-03 00:00:00-04:00,15.546436215972184,15.897547373289424,15.409893453190497,15.839029312133789,56700,0.0,0.0
2021-05-04 00:00:00-04:00,15.80001789410765,15.80001789410765,14.97100427653155,14.990509986877441,75500,0.0,0.0
2021-05-05 00:00:00-04:00,15.058780137827847,15.887794617793041,14.707669009140785,15.682978630065918,150300,0.0,0.0
2021-05-06 00:00:00-04:00,15.575695222649639,15.848781661613986,15.361126841256633,15.556188583374023,56400,0.0,0.0
2021-05-07 00:00:00-04:00,15.234338599189284,15.234338599189284,12.249891203603655,12.630261421203613,329600,0.0,0.0
2021-05-10 00:00:00-04:00,12.737544792495973,12.84482852213361,12.191370964050293,12.191370964050293,143900,0.0,0.0
2021-05-11 00:00:00-04:00,12.142605452478469,12.142605452478469,11.586679226910746,11.703716278076172,154100,0.0,0.0
2021-05-12 00:00:00-04:00,11.586679247512452,11.645197308135312,11.118530111890555,11.323345184326172,164200,0.0,0.0
2021-05-13 00:00:00-04:00,11.352605418479747,11.791494604244146,11.32334545733505,11.674457550048828,161400,0.0,0.0
2021-05-14 00:00:00-04:00,11.947543936018405,11.996309607497105,11.79149453138882,11.869519233703613,71500,0.0,0.0
2021-05-17 00:00:00-04:00,11.703715805675492,12.08408690420594,11.528159770949474,12.035321235656738,113200,0.0,0.0
2021-05-18 00:00:00-04:00,12.132851491081057,12.181617159021148,11.635444282449853,11.85976505279541,91200,0.0,0.0
2021-05-19 00:00:00-04:00,11.781741121079685,11.781741121079685,11.235568209047754,11.313592910766602,111500,0.0,0.0
2021-05-20 00:00:00-04:00,11.391617401830965,11.528160162250083,11.128283340803584,11.333098411560059,106300,0.0,0.0
2021-05-21 00:00:00-04:00,11.440382993016229,11.674458041386092,11.313593543231043,11.625692367553711,111700,0.0,0.0
2021-05-24 00:00:00-04:00,11.63544401744679,11.771986768415909,11.381863294035956,11.41112232208252,102300,0.0,0.0
2021-05-25 00:00:00-04:00,11.518408218041717,11.60618531165311,11.225815115620247,11.479395866394043,124500,0.0,0.0
2021-05-26 00:00:00-04:00,11.498900880545314,11.64519695782945,11.489147560692297,11.547666549682617,82600,0.0,0.0
2021-05-27 00:00:00-04:00,11.693962583629432,11.928036678467693,11.606184565533141,11.645196914672852,107400,0.0,0.0
2021-05-28 00:00:00-04:00,11.605954543615216,11.851219856769573,11.53728055532813,11.762924194335938,77500,0.07,0.0
2021-06-01 00:00:00-04:00,12.11610678497226,12.11610678497226,11.664818573544952,11.81197738647461,115900,0.0,0.0
2021-06-02 00:00:00-04:00,11.762924758159595,11.831599685351346,11.350878937460948,11.772735595703125,176600,0.0,0.0
2021-06-03 00:00:00-04:00,11.71387121637959,11.71387121637959,11.272393829580723,11.399931907653809,135800,0.0,0.0
2021-06-04 00:00:00-04:00,11.439173797443843,11.458795471147196,10.870158358627153,11.056560516357422,138400,0.0,0.0
2021-06-07 00:00:00-04:00,11.056561366640157,11.29201585551017,11.056561366640157,11.272394180297852,87100,0.0,0.0
2021-06-08 00:00:00-04:00,11.33125739891409,11.439173797443843,11.036938842654068,11.056560516357422,77500,0.0,0.0
2021-06-09 00:00:00-04:00,10.997696659746044,11.056560746468296,10.821105335192206,10.860347747802734,87500,0.0,0.0
2021-06-10 00:00:00-04:00,10.840727318996896,11.184098205245059,10.811295742601441,11.066370964050293,75300,0.0,0.0
2021-06-11 00:00:00-04:00,11.105612829390012,11.203719326680984,10.850537620536697,11.056560516357422,141200,0.0,0.0
2021-06-14 00:00:00-04:00,11.203720485574568,11.605955481970836,11.193909647708074,11.47841739654541,80100,0.0,0.0
2021-06-15 00:00:00-04:00,11.488228376974002,11.6157664639821,11.252773878934285,11.380311965942383,79700,0.0,0.0
2021-06-16 00:00:00-04:00,11.360689120445409,11.370499957423677,11.046749822044111,11.242961883544922,68400,0.0,0.0
2021-06-17 00:00:00-04:00,11.193909350674513,11.409743099945178,11.017318016215517,11.272394180297852,95900,0.0,0.0
2021-06-18 00:00:00-04:00,11.095803377792475,11.16447736731133,10.889780473622972,10.997696876525879,123400,0.0,0.0
2021-06-21 00:00:00-04:00,10.987885594008581,11.193908489829306,10.929022444124316,11.056560516357422,82300,0.0,0.0
2021-06-22 00:00:00-04:00,11.076182085176566,11.076182085176566,10.683757937806126,10.703378677368164,118700,0.0,0.0
2021-06-23 00:00:00-04:00,10.673946480241868,10.879969379548125,10.536597568833391,10.742620468139648,79200,0.0,0.0
2021-06-24 00:00:00-04:00,10.791674010777836,10.93883282758872,10.615082682114421,10.664135932922363,81300,0.0,0.0
2021-06-25 00:00:00-04:00,10.664135674055219,10.840726998431956,10.409059524536133,10.409059524536133,457200,0.0,0.0
2021-06-28 00:00:00-04:00,10.546409112054478,10.781863602567185,10.163794863261598,10.772052764892578,206400,0.0,0.0
2021-06-29 00:00:00-04:00,10.742621152789862,10.860348397666032,10.497355825394601,10.654325485229492,118400,0.0,0.0
2021-06-30 00:00:00-04:00,10.654325450053895,10.693567864883057,10.438492636299985,10.536598205566406,85000,0.0,0.0
2021-07-01 00:00:00-04:00,10.654325425043616,10.821105921579296,10.507166603682943,10.703378677368164,87200,0.0,0.0
2021-07-02 00:00:00-04:00,10.752431954933288,10.752431954933288,10.51697746595831,10.536598205566406,37500,0.0,0.0
2021-07-06 00:00:00-04:00,10.575840404116283,10.644515330372622,10.114742273206465,10.566030502319336,140600,0.0,0.0
2021-07-07 00:00:00-04:00,10.54640915608472,10.742621232331143,10.24227973619303,10.605273246765137,86200,0.0,0.0
2021-07-08 00:00:00-04:00,10.516976701983788,10.654324676102137,10.271711393214847,10.38943862915039,97300,0.0,0.0
2021-07-09 00:00:00-04:00,10.389438891724959,11.2822044885089,10.389438891724959,11.095803260803223,213400,0.0,0.0
2021-07-12 00:00:00-04:00,11.174288552402327,11.174288552402327,10.467924153888221,10.585651397705078,104100,0.0,0.0
2021-07-13 00:00:00-04:00,10.50716656849384,10.595462235259724,10.428681739282602,10.585651397705078,106000,0.0,0.0
2021-07-14 00:00:00-04:00,10.624894347692248,10.7230008569563,10.418871426728145,10.47773551940918,76900,0.0,0.0
2021-07-15 00:00:00-04:00,10.418870901727956,10.664136226916316,10.340386072516718,10.585651397705078,64000,0.0,0.0
2021-07-16 00:00:00-04:00,10.624893519398597,10.742620759969894,10.448302190735184,10.664135932922363,61800,0.0,0.0
2021-07-19 00:00:00-04:00,10.409059947216642,10.742620935422979,10.360007631220496,10.683757781982422,75400,0.0,0.0
2021-07-20 00:00:00-04:00,10.693566502543332,10.772051322202843,10.477733716286101,10.546407699584961,74700,0.0,0.0
2021-07-21 00:00:00-04:00,10.595462531724218,10.79167461024239,10.477735284613315,10.507166862487793,68300,0.0,0.0
2021-07-22 00:00:00-04:00,10.487544563713184,10.487544563713184,10.085309592746428,10.095120429992676,114500,0.0,0.0
2021-07-23 00:00:00-04:00,10.114741871663783,10.203036598008826,9.92833971072745,10.124551773071289,72900,0.0,0.0
2021-07-26 00:00:00-04:00,10.095119984556986,10.35019612802684,10.095119984556986,10.153984069824219,61500,0.0,0.0
2021-07-27 00:00:00-04:00,10.085310385442218,10.978076061536608,9.869477562738153,10.929023742675781,205700,0.0,0.0
2021-07-28 00:00:00-04:00,10.899590702201143,11.08599287307637,10.644515475360095,11.03693962097168,117000,0.0,0.0
2021-07-29 00:00:00-04:00,11.095804541423885,11.30182746719928,11.046751285646309,11.13504695892334,106200,0.0,0.0
2021-07-30 00:00:00-04:00,11.036939524425321,11.193909181296853,10.958454695989555,10.968265533447266,61000,0.0,0.0
2021-08-02 00:00:00-04:00,11.095802928151231,11.154666078035497,10.95845401906645,11.056560516357422,50500,0.0,0.0
2021-08-03 00:00:00-04:00,11.164476783696843,11.341068102500365,10.870158230895267,11.15466594696045,118300,0.0,0.0
2021-08-04 00:00:00-04:00,11.027128609300231,11.203719939843396,10.938832944028647,11.017317771911621,63300,0.0,0.0
2021-08-05 00:00:00-04:00,11.076181254447878,11.282204150268603,10.929022444124316,11.056560516357422,80600,0.0,0.0
2021-08-06 00:00:00-04:00,11.03693986687515,11.664819449455834,11.03693986687515,11.576523780822754,138600,0.0,0.0
2021-08-09 00:00:00-04:00,11.576523391083803,11.67462895856316,11.399932059762826,11.586334228515625,71700,0.0,0.0
2021-08-10 00:00:00-04:00,11.6648182090519,11.674628110157874,11.154665927025817,11.488226890563965,66200,0.0,0.0
2021-08-11 00:00:00-04:00,11.488227974248643,11.713871626390072,11.301826737071503,11.674629211425781,49600,0.0,0.0
2021-08-12 00:00:00-04:00,11.605954792978903,11.723682033548913,11.478416715124824,11.566712379455566,51200,0.0,0.0
2021-08-13 00:00:00-04:00,11.478415960254441,11.488226796893308,11.164476672713755,11.252772331237793,58700,0.0,0.0
2021-08-16 00:00:00-04:00,11.31163633947889,11.635386488262002,11.085992693314335,11.468605995178223,115700,0.0,0.0
2021-08-17 00:00:00-04:00,11.5078487139243,11.713871626390072,11.292015899427186,11.674629211425781,80900,0.0,0.0
2021-08-18 00:00:00-04:00,11.537280882745607,11.694250537920984,11.331257976424688,11.350878715515137,60900,0.0,0.0
2021-08-19 00:00:00-04:00,11.184098205245059,11.429363524970721,10.693567565793732,11.066370964050293,86100,0.0,0.0
2021-08-20 00:00:00-04:00,11.007508434993804,11.390121756654128,10.968266019038566,11.311636924743652,118500,0.0,0.0
2021-08-23 00:00:00-04:00,11.282204957833795,11.35087894948533,11.1350461369768,11.321447372436523,64800,0.0,0.0
2021-08-24 00:00:00-04:00,11.27239412027987,11.399932201641981,11.144856038917759,11.321447372436523,64900,0.0,0.0
2021-08-25 00:00:00-04:00,11.242961586269784,11.625575797789345,11.20371917500723,11.488226890563965,72000,0.0,0.0
2021-08-26 00:00:00-04:00,11.419553206702107,11.419553206702107,11.135045483622704,11.242961883544922,69400,0.0,0.0
2021-08-27 00:00:00-04:00,11.252833803815884,11.440381567318553,11.15412529687617,11.183737754821777,71500,0.07,0.0
2021-08-30 00:00:00-04:00,11.223220909599535,11.450252255325506,11.104770141058475,11.252833366394043,74200,0.0,0.0
2021-08-31 00:00:00-04:00,11.183736538937358,11.953666951358569,11.183736538937358,11.93392562866211,89800,0.0,0.0
2021-09-01 00:00:00-04:00,11.884570874598202,11.894442006598611,11.391025570933222,11.608185768127441,105600,0.0,0.0
2021-09-02 00:00:00-04:00,11.59831440448761,12.022763658398617,11.519347232787368,11.845087051391602,50100,0.0,0.0
2021-09-03 00:00:00-04:00,11.884571678573607,11.884571678573607,11.548960698759712,11.766120910644531,50400,0.0,0.0
2021-09-07 00:00:00-04:00,11.687153277344875,11.716765732834336,11.400897030645444,11.509476661682129,90300,0.0,0.0
2021-09-08 00:00:00-04:00,11.57857270029034,11.598314964850703,11.233091542750877,11.400897026062012,110000,0.0,0.0
2021-09-09 00:00:00-04:00,11.302187749028716,11.400897190528513,11.104769807392122,11.242962837219238,76800,0.0,0.0
2021-09-10 00:00:00-04:00,11.104769854345768,11.124512119274403,10.719804160504433,10.72967529296875,144200,0.0,0.0
2021-09-13 00:00:00-04:00,10.828384990510063,10.848126314541725,10.482902877007247,10.49277400970459,132700,0.0,0.0
2021-09-14 00:00:00-04:00,10.502645216607117,10.502645216607117,10.117679510958022,10.196646690368652,120600,0.0,0.0
2021-09-15 00:00:00-04:00,10.13742186330913,10.13742186330913,9.890649190196791,10.009099960327148,102700,0.0,0.0
2021-09-16 00:00:00-04:00,9.930132856082396,10.068324951608412,9.75245622884832,9.821552276611328,145400,0.0,0.0
2021-09-17 00:00:00-04:00,9.870905907527,10.206516859000988,9.821551189716777,10.088066101074219,499600,0.0,0.0
2021-09-20 00:00:00-04:00,9.930132870287355,10.3447100988215,9.85116474812132,10.25587272644043,98300,0.0,0.0
2021-09-21 00:00:00-04:00,10.315097458755158,10.463161626161893,10.275613869052636,10.30522632598877,71400,0.0,0.0
2021-09-22 00:00:00-04:00,10.364451592586375,10.453289899712335,10.305225740714741,10.423677444458008,62400,0.0,0.0
2021-09-23 00:00:00-04:00,10.453289899712335,10.57174066209262,10.40393518004647,10.423677444458008,44600,0.0,0.0
2021-09-24 00:00:00-04:00,10.42367737073132,10.700062480997119,10.42367737073132,10.611224174499512,82400,0.0,0.0
2021-09-27 00:00:00-04:00,10.700063018083707,11.075157585810825,10.700063018083707,10.788901329040527,105300,0.0,0.0
2021-09-28 00:00:00-04:00,10.828385098476575,11.18373740685682,10.828385098476575,10.956707000732422,155200,0.0,0.0
2021-09-29 00:00:00-04:00,11.006060124153674,11.48973524724357,10.966576536693577,11.371284484863281,77400,0.0,0.0
2021-09-30 00:00:00-04:00,11.262703971592309,11.321929823770342,11.055414901013672,11.075157165527344,81700,0.0,0.0
2021-10-01 00:00:00-04:00,11.183737235359931,11.183737235359931,10.89748097821357,11.114641189575195,73600,0.0,0.0
2021-10-04 00:00:00-04:00,11.114640617551814,11.568702340832209,11.025802311050414,11.450251579284668,100800,0.0,0.0
2021-10-05 00:00:00-04:00,11.38115471674014,11.38115471674014,10.808642225823105,10.96657657623291,79300,0.0,0.0
2021-10-06 00:00:00-04:00,10.956706402534264,11.163995473112902,10.798771110513838,11.075157165527344,66000,0.0,0.0
2021-10-07 00:00:00-04:00,11.085027875620117,11.272575631832401,11.075157684263967,11.252833366394043,141000,0.0,0.0
2021-10-08 00:00:00-04:00,11.193608633966766,11.351542994577585,10.83825538122938,11.203479766845703,41400,0.0,0.0
2021-10-11 00:00:00-04:00,11.242963175037893,11.321930354065266,11.17386618736667,11.252833366394043,37900,0.0,0.0
2021-10-12 00:00:00-04:00,11.262704160701398,11.420638514010673,11.065286219064804,11.242962837219238,29200,0.0,0.0
2021-10-13 00:00:00-04:00,11.203479585524207,11.321930354065266,11.15412486329134,11.252833366394043,33300,0.0,0.0
2021-10-14 00:00:00-04:00,11.262703998228435,11.509476657055044,11.262703998228435,11.400897026062012,55800,0.0,0.0
2021-10-15 00:00:00-04:00,11.529219797947068,11.60818697946481,11.46012280809675,11.479865074157715,61000,0.0,0.0
2021-10-18 00:00:00-04:00,11.489735172639014,11.608185934250182,11.47986404049734,11.558831214904785,61800,0.0,0.0
2021-10-19 00:00:00-04:00,11.598314722393818,11.687153028332355,11.460121697449095,11.637798309326172,44900,0.0,0.0
2021-10-20 00:00:00-04:00,11.667410607026529,11.884570802910845,11.657540416448615,11.795732498168945,42200,0.0,0.0
2021-10-21 00:00:00-04:00,11.845087051391602,11.93392535489511,11.80560346554148,11.845087051391602,24500,0.0,0.0
2021-10-22 00:00:00-04:00,11.914183132334834,12.230052761586965,11.864829355874356,12.17082691192627,68600,0.0,0.0
2021-10-25 00:00:00-04:00,12.220182572679484,12.220182572679484,11.86483027138457,11.953667640686035,52400,0.0,0.0
2021-10-26 00:00:00-04:00,11.904313009464023,12.04250509051885,11.67728168273217,11.983280181884766,98400,0.0,0.0
2021-10-27 00:00:00-04:00,11.924055798969885,12.081990163242907,11.8747010747938,11.943798065185547,32000,0.0,0.0
2021-10-28 00:00:00-04:00,11.95366772488642,12.081989625487559,11.81547563297983,11.874700546264648,38500,0.0,0.0
2021-10-29 00:00:00-04:00,11.894442310735023,12.072117984470704,11.845087590833952,12.022764205932617,38200,0.0,0.0
2021-11-01 00:00:00-04:00,12.06224806711465,12.387987907940298,11.983280890027403,12.32876205444336,73900,0.0,0.0
2021-11-02 00:00:00-04:00,12.328762491311698,12.36824608125442,12.091860951655375,12.151086807250977,50600,0.0,0.0
2021-11-03 00:00:00-04:00,12.180699189378872,12.634760941606325,12.180699189378872,12.555793762207031,41200,0.0,0.0
2021-11-04 00:00:00-04:00,12.506438358698302,12.664372708896506,12.417600051371068,12.644631385803223,39200,0.0,0.0
2021-11-05 00:00:00-04:00,12.585406312676787,13.02959693543983,12.585406312676787,12.802566528320312,71000,0.0,0.0
2021-11-08 00:00:00-05:00,12.763083013978495,12.881533784659869,12.417600893468867,12.615018844604492,43600,0.0,0.0
2021-11-09 00:00:00-05:00,12.536051495969765,12.743340577221995,12.536051495969765,12.664373397827148,32400,0.0,0.0
2021-11-10 00:00:00-05:00,12.693985520254692,12.94075818470153,12.62488947544574,12.871662139892578,37100,0.0,0.0
2021-11-11 00:00:00-05:00,12.930888696393852,13.009855877999913,12.782824524860192,12.89140510559082,28400,0.0,0.0
2021-11-12 00:00:00-05:00,13.019725715317355,13.06908043781861,12.940758535860564,12.990113258361816,37500,0.0,0.0
2021-11-15 00:00:00-05:00,12.960500729101447,13.21714453158576,12.94075846366587,13.177660942077637,53200,0.0,0.0
2021-11-16 00:00:00-05:00,13.167788740101768,13.167788740101768,12.891403635988084,12.930887222290039,41200,0.0,0.0
2021-11-17 00:00:00-05:00,12.999984458796641,13.05920937301597,12.230053984404083,12.368246078491211,59900,0.0,0.0
2021-11-18 00:00:00-05:00,12.368245223264914,12.585405423566916,12.101731244980478,12.397858619689941,65900,0.0,0.0
2021-11-19 00:00:00-05:00,13.611980354058785,14.312814770111888,13.375078818273714,13.690947532653809,129900,0.0,0.0
2021-11-22 00:00:00-05:00,13.819269035833283,14.342426814322476,13.769914315289851,14.194363594055176,53500,0.0,0.0
2021-11-23 00:00:00-05:00,14.293072281620974,14.61881306494337,14.095654338215741,14.470748901367188,68200,0.0,0.0
2021-11-24 00:00:00-05:00,14.451008178013021,14.451008178013021,13.779786201189197,14.026558876037598,52700,0.0,0.0
2021-11-26 00:00:00-05:00,13.658745396221883,13.778035637250314,12.923121769195948,13.26111125946045,62000,0.1,0.0
2021-11-29 00:00:00-05:00,13.519574567290181,13.519574567290181,12.79389104804044,12.903240203857422,82400,0.0,0.0
2021-11-30 00:00:00-05:00,13.022531291499753,13.121939355597206,12.575191684940114,12.783949851989746,76500,0.0,0.0
2021-12-01 00:00:00-05:00,13.002648927108048,13.141821352529943,12.585132598876953,12.585132598876953,47300,0.0,0.0
2021-12-02 00:00:00-05:00,12.71436363554652,13.390342617413138,12.71436363554652,13.290933609008789,62600,0.0,0.0
2021-12-03 00:00:00-05:00,13.34063885155754,13.380402267513098,13.022531523913063,13.042412757873535,43700,0.0,0.0
2021-12-06 00:00:00-05:00,13.241229125949246,13.668686535522088,13.23128898352059,13.310815811157227,52600,0.0,0.0
2021-12-07 00:00:00-05:00,13.390343214385801,13.390343214385801,12.853536630746273,12.8833589553833,43800,0.0,0.0
2021-12-08 00:00:00-05:00,13.002649176765711,13.022531358508267,12.694482944032933,12.853536605834961,49300,0.0,0.0
2021-12-09 00:00:00-05:00,12.873417712045622,12.873417712045622,12.654718455216509,12.714364051818848,21900,0.0,0.0
2021-12-10 00:00:00-05:00,12.704422946071237,12.903240021120357,12.535428195270836,12.694482803344727,66600,0.0,0.0
2021-12-13 00:00:00-05:00,12.744186620301704,13.141821726522558,12.654718697701146,12.992708206176758,52200,0.0,0.0
2021-12-14 00:00:00-05:00,12.992708014345999,13.13188044167368,12.704423016908702,12.774009704589844,92200,0.0,0.0
2021-12-15 00:00:00-05:00,12.982768117980457,13.410224602824073,12.853536779016466,13.052353858947754,192300,0.0,0.0
2021-12-16 00:00:00-05:00,13.211407007715295,13.638864423924868,13.082175673790665,13.53945541381836,70700,0.0,0.0
2021-12-17 00:00:00-05:00,13.449987795176398,14.225375816067915,13.350579730880927,13.877445220947266,112000,0.0,0.0
2021-12-20 00:00:00-05:00,13.927149701905204,13.956972026336409,13.569278016592348,13.847622871398926,140800,0.0,0.0
2021-12-21 00:00:00-05:00,13.917208820753784,14.10608480904307,13.599101493936203,14.086203575134277,95900,0.0,0.0
2021-12-22 00:00:00-05:00,14.07626255326409,14.265139490515203,13.907267798053988,14.165730476379395,52900,0.0,0.0
2021-12-23 00:00:00-05:00,14.116025979322902,14.30490291670797,13.956972315020499,14.175671577453613,38100,0.0,0.0
2021-12-27 00:00:00-05:00,14.106084693407107,14.17567138160397,13.877445291139917,13.956972122192383,44300,0.0,0.0
2021-12-28 00:00:00-05:00,13.927149980094997,14.265139490515203,13.927149980094997,14.165730476379395,35100,0.0,0.0
2021-12-29 00:00:00-05:00,14.125966338885737,14.593187164606583,14.06632074384357,14.414251327514648,47000,0.0,0.0
2021-12-30 00:00:00-05:00,14.334725266479197,14.5434834382448,14.01661793732575,14.205493927001953,37200,0.0,0.0
2021-12-31 00:00:00-05:00,14.1359081513525,14.255198399494697,14.0563813192577,14.165730476379395,27500,0.0,0.0
2022-01-03 00:00:00-05:00,14.165730565015133,14.304902996069151,14.016617990913035,14.26513957977295,31600,0.0,0.0
2022-01-04 00:00:00-05:00,14.245256749177338,14.722418671046434,14.245256749177338,14.603127479553223,54100,0.0,0.0
2022-01-05 00:00:00-05:00,14.712477745070904,14.990821649589456,14.682655420881137,14.782063484191895,61700,0.0,0.0
2022-01-06 00:00:00-05:00,14.79200429867303,14.80194538922882,14.225375409477019,14.483837127685547,52300,0.0,0.0
2022-01-07 00:00:00-05:00,14.632950636986381,14.672714051161565,14.344665647207652,14.473896980285645,24300,0.0,0.0
2022-01-10 00:00:00-05:00,14.454014788666218,14.493778202812475,14.225375394333875,14.463955879211426,30100,0.0,0.0
2022-01-11 00:00:00-05:00,14.503719503175864,14.553424008586381,13.440047448349903,13.648804664611816,49000,0.0,0.0
2022-01-12 00:00:00-05:00,13.589159908368863,13.638864413383702,13.221348088114384,13.52951431274414,64100,0.0,0.0
2022-01-13 00:00:00-05:00,13.76809622854004,14.20549380228593,13.76809622854004,14.06632137298584,34800,0.0,0.0
2022-01-14 00:00:00-05:00,14.076262105283572,14.096144286691825,13.509633207632579,13.668686866760254,39800,0.0,0.0
2022-01-18 00:00:00-05:00,13.638864449787038,13.638864449787038,13.23128921403975,13.5692777633667,55900,0.0,0.0
2022-01-19 00:00:00-05:00,13.618982477637358,13.867504059156413,13.13188040538831,13.797918319702148,66700,0.0,0.0
2022-01-20 00:00:00-05:00,13.688569179917168,13.877445164940516,13.509633337659032,13.81779956817627,96200,0.0,0.0
2022-01-21 00:00:00-05:00,13.758154964818349,13.996735456592926,13.569278031137525,13.867504119873047,118000,0.0,0.0
2022-01-24 00:00:00-05:00,13.9669126575308,14.53354154324989,13.778035730268059,14.384428977966309,97500,0.0,0.0
2022-01-25 00:00:00-05:00,14.185612761424066,14.831768513894787,13.917208990129238,14.28502082824707,107300,0.0,0.0
2022-01-26 00:00:00-05:00,14.28502078382454,14.613069204586104,14.155789444125345,14.235316276550293,72200,0.0,0.0
2022-01-27 00:00:00-05:00,14.294961904986444,14.593188001225267,14.076262641340024,14.26513957977295,89100,0.0,0.0
2022-01-28 00:00:00-05:00,14.175671391940194,14.175671391940194,13.84762297660092,13.966913223266602,55700,0.0,0.0
2022-01-31 00:00:00-05:00,13.937090449902838,14.54348275460584,13.85756267331818,14.513660430908203,58400,0.0,0.0
2022-02-01 00:00:00-05:00,14.493778499056333,14.951058245102105,14.39436948764154,14.792004585266113,48600,0.0,0.0
2022-02-02 00:00:00-05:00,14.801945676014512,15.249284331311886,14.762182261055514,14.792004585266113,98100,0.0,0.0
2022-02-03 00:00:00-05:00,14.414251859528813,14.712477949677709,13.817799679231019,13.937090873718262,101400,0.0,0.0
2022-02-04 00:00:00-05:00,14.05638124169109,15.15981674194336,13.569278212755128,15.15981674194336,126500,0.0,0.0
2022-02-07 00:00:00-05:00,15.209520155793207,16.05449291842727,15.209520155793207,16.01473045349121,86900,0.0,0.0
2022-02-08 00:00:00-05:00,16.104198821181956,16.720531265488646,15.965025449831133,16.501832962036133,115500,0.0,0.0
2022-02-09 00:00:00-05:00,16.432247389140688,16.879585091060598,16.303015107024216,16.680768966674805,121500,0.0,0.0
2022-02-10 00:00:00-05:00,16.710590852631498,17.386569867531485,16.68076947590129,17.257339477539062,112800,0.0,0.0
2022-02-11 00:00:00-05:00,17.356745756712773,18.61923580322807,17.356745756712773,18.410478591918945,229800,0.0,0.0
2022-02-14 00:00:00-05:00,18.629178424402834,18.818055366394386,17.615209867693604,17.95319938659668,326000,0.0,0.0
2022-02-15 00:00:00-05:00,18.07249051786613,18.271306654311417,17.69473663530231,17.873672485351562,108500,0.0,0.0
2022-02-16 00:00:00-05:00,17.79414540841922,18.02278481543833,17.237457579482047,17.58538818359375,78700,0.0,0.0
2022-02-17 00:00:00-05:00,17.257338362694483,18.251424638959023,17.257338362694483,18.102310180664062,146500,0.0,0.0
2022-02-18 00:00:00-05:00,17.8935542515346,18.042666824416873,17.356746713875328,17.39651107788086,79400,0.0,0.0
2022-02-22 00:00:00-05:00,17.29710213252996,17.704677384856776,17.167871741137976,17.476037979125977,88500,0.0,0.0
2022-02-23 00:00:00-05:00,17.44621450680315,17.664914715065272,17.20763401275565,17.247398376464844,44000,0.0,0.0
2022-02-24 00:00:00-05:00,16.969053124949955,16.99887639703982,16.312956307526417,16.809999465942383,63600,0.0,0.0
2022-02-25 00:00:00-05:00,16.84000015258789,17.3700008392334,16.6299991607666,17.260000228881836,52600,0.1,0.0
2022-02-28 00:00:00-05:00,17.190000534057617,17.190000534057617,16.540000915527344,16.969999313354492,71300,0.0,0.0
2022-03-01 00:00:00-05:00,16.889999389648438,17.270000457763672,16.799999237060547,17.170000076293945,182400,0.0,0.0
2022-03-02 00:00:00-05:00,17.34000015258789,17.790000915527344,17.34000015258789,17.530000686645508,162800,0.0,0.0
2022-03-03 00:00:00-05:00,17.979999542236328,18.81999969482422,17.979999542236328,18.549999237060547,97900,0.0,0.0
2022-03-04 00:00:00-05:00,18.549999237060547,19.809999465942383,18.420000076293945,19.399999618530273,148600,0.0,0.0
2022-03-07 00:00:00-05:00,19.59000015258789,19.75,18.209999084472656,18.540000915527344,107800,0.0,0.0
2022-03-08 00:00:00-05:00,19.399999618530273,21.989999771118164,19.25,19.75,365500,0.0,0.0
2022-03-09 00:00:00-05:00,19.899999618530273,20.3700008392334,18.049999237060547,18.110000610351562,173600,0.0,0.0
2022-03-10 00:00:00-05:00,18.09000015258789,18.56999969482422,16.899999618530273,18.459999084472656,177400,0.0,0.0
2022-03-11 00:00:00-05:00,18.229999542236328,18.3799991607666,16.799999237060547,16.860000610351562,121900,0.0,0.0
2022-03-14 00:00:00-04:00,16.649999618530273,17.219999313354492,16.219999313354492,16.860000610351562,87400,0.0,0.0
2022-03-15 00:00:00-04:00,16.700000762939453,17.739999771118164,16.700000762939453,17.6299991607666,113800,0.0,0.0
2022-03-16 00:00:00-04:00,17.739999771118164,18.34000015258789,17.739999771118164,18.309999465942383,103100,0.0,0.0
2022-03-17 00:00:00-04:00,18.40999984741211,18.8700008392334,18.1200008392334,18.31999969482422,99900,0.0,0.0
2022-03-18 00:00:00-04:00,18.3799991607666,18.3799991607666,17.809999465942383,17.81999969482422,210600,0.0,0.0
2022-03-21 00:00:00-04:00,17.850000381469727,18.549999237060547,17.850000381469727,18.459999084472656,60200,0.0,0.0
2022-03-22 00:00:00-04:00,18.420000076293945,18.510000228881836,17.90999984741211,18.489999771118164,60800,0.0,0.0
2022-03-23 00:00:00-04:00,18.399999618530273,18.59000015258789,18.1200008392334,18.510000228881836,53700,0.0,0.0
2022-03-24 00:00:00-04:00,18.719999313354492,18.8799991607666,18.510000228881836,18.809999465942383,65300,0.0,0.0
2022-03-25 00:00:00-04:00,18.729999542236328,19.040000915527344,18.510000228881836,18.799999237060547,67800,0.0,0.0
2022-03-28 00:00:00-04:00,18.75,18.770000457763672,18.40999984741211,18.739999771118164,94900,0.0,0.0
2022-03-29 00:00:00-04:00,18.610000610351562,19.299999237060547,18.530000686645508,19.15999984741211,80700,0.0,0.0
2022-03-30 00:00:00-04:00,19.1200008392334,19.65999984741211,19.079999923706055,19.1299991607666,81900,0.0,0.0
2022-03-31 00:00:00-04:00,18.899999618530273,19.760000228881836,18.899999618530273,19.600000381469727,53200,0.0,0.0
2022-04-01 00:00:00-04:00,19.59000015258789,19.850000381469727,19.299999237060547,19.829999923706055,50400,0.0,0.0
2022-04-04 00:00:00-04:00,19.809999465942383,20.84000015258789,19.059999465942383,20.25,190400,0.0,0.0
2022-04-05 00:00:00-04:00,20.299999237060547,20.639999389648438,19.93000030517578,19.950000762939453,53300,0.0,0.0
2022-04-06 00:00:00-04:00,19.979999542236328,20.440000534057617,19.65999984741211,20.149999618530273,46100,0.0,0.0
2022-04-07 00:00:00-04:00,20.1200008392334,20.84000015258789,20.1200008392334,20.489999771118164,41100,0.0,0.0
2022-04-08 00:00:00-04:00,20.399999618530273,21.489999771118164,20.31999969482422,21.239999771118164,93800,0.0,0.0
2022-04-11 00:00:00-04:00,21.450000762939453,21.6299991607666,20.68000030517578,20.760000228881836,46400,0.0,0.0
2022-04-12 00:00:00-04:00,20.6200008392334,21.09000015258789,20.020000457763672,20.100000381469727,61900,0.0,0.0
2022-04-13 00:00:00-04:00,20.200000762939453,20.899999618530273,19.860000610351562,20.75,106800,0.0,0.0
2022-04-14 00:00:00-04:00,20.809999465942383,21.489999771118164,20.809999465942383,21.020000457763672,56100,0.0,0.0
2022-04-18 00:00:00-04:00,21.139999389648438,21.139999389648438,20.3700008392334,20.559999465942383,33900,0.0,0.0
2022-04-19 00:00:00-04:00,20.440000534057617,21.030000686645508,20.399999618530273,20.799999237060547,54700,0.0,0.0
2022-04-20 00:00:00-04:00,21.15999984741211,23.600000381469727,21.15999984741211,23.1200008392334,209300,0.0,0.0
2022-04-21 00:00:00-04:00,23.479999542236328,23.790000915527344,22.600000381469727,23.68000030517578,241500,0.0,0.0
2022-04-22 00:00:00-04:00,23.8700008392334,24.25,21.860000610351562,22.09000015258789,253100,0.0,0.0
2022-04-25 00:00:00-04:00,22.020000457763672,22.020000457763672,20.690000534057617,21.469999313354492,72600,0.0,0.0
2022-04-26 00:00:00-04:00,21.34000015258789,21.3799991607666,20.549999237060547,20.65999984741211,65700,0.0,0.0
2022-04-27 00:00:00-04:00,20.65999984741211,21.1200008392334,20.299999237060547,20.84000015258789,41100,0.0,0.0
2022-04-28 00:00:00-04:00,21.0,21.0,20.299999237060547,20.84000015258789,36100,0.0,0.0
2022-04-29 00:00:00-04:00,20.700000762939453,21.239999771118164,20.31999969482422,20.389999389648438,85200,0.0,0.0
2022-05-02 00:00:00-04:00,20.440000534057617,20.979999542236328,20.219999313354492,20.889999389648438,63700,0.0,0.0
2022-05-03 00:00:00-04:00,20.860000610351562,21.489999771118164,20.610000610351562,21.219999313354492,41900,0.0,0.0
2022-05-04 00:00:00-04:00,21.219999313354492,21.219999313354492,20.479999542236328,21.110000610351562,60600,0.0,0.0
2022-05-05 00:00:00-04:00,21.15999984741211,21.15999984741211,18.309999465942383,18.780000686645508,119400,0.0,0.0
2022-05-06 00:00:00-04:00,18.239999771118164,19.0,16.56999969482422,17.510000228881836,215900,0.0,0.0
2022-05-09 00:00:00-04:00,17.229999542236328,18.229999542236328,16.579999923706055,18.15999984741211,124300,0.0,0.0
2022-05-10 00:00:00-04:00,18.399999618530273,18.889999389648438,18.0,18.780000686645508,97500,0.0,0.0
2022-05-11 00:00:00-04:00,18.850000381469727,19.360000610351562,18.489999771118164,18.600000381469727,116800,0.0,0.0
2022-05-12 00:00:00-04:00,18.540000915527344,19.040000915527344,18.260000228881836,18.6299991607666,46300,0.0,0.0
2022-05-13 00:00:00-04:00,18.649999618530273,19.15999984741211,18.469999313354492,18.639999389648438,68800,0.0,0.0
2022-05-16 00:00:00-04:00,18.639999389648438,19.010000228881836,18.479999542236328,18.729999542236328,251000,0.0,0.0
2022-05-17 00:00:00-04:00,18.829999923706055,19.34000015258789,18.610000610351562,18.8700008392334,50200,0.0,0.0
2022-05-18 00:00:00-04:00,18.549999237060547,18.549999237060547,17.270000457763672,17.56999969482422,161400,0.0,0.0
2022-05-19 00:00:00-04:00,17.670000076293945,17.670000076293945,16.889999389648438,16.920000076293945,68600,0.0,0.0
2022-05-20 00:00:00-04:00,16.989999771118164,17.219999313354492,15.890000343322754,16.09000015258789,134600,0.0,0.0
2022-05-23 00:00:00-04:00,16.3700008392334,17.0,16.200000762939453,16.950000762939453,97300,0.0,0.0
2022-05-24 00:00:00-04:00,16.829999923706055,16.920000076293945,15.960000038146973,16.56999969482422,124100,0.0,0.0
2022-05-25 00:00:00-04:00,16.489999771118164,17.670000076293945,16.229999542236328,17.31999969482422,72400,0.0,0.0
2022-05-26 00:00:00-04:00,17.469999313354492,18.1299991607666,17.360000610351562,17.81999969482422,96400,0.0,0.0
2022-05-27 00:00:00-04:00,17.56999969482422,17.979999542236328,17.450000762939453,17.809999465942383,42900,0.0,0.0
2022-05-31 00:00:00-04:00,17.809999465942383,19.030000686645508,17.420000076293945,17.65999984741211,227400,0.0,0.0
2022-06-01 00:00:00-04:00,17.709999084472656,17.709999084472656,16.81999969482422,17.139999389648438,83900,0.0,0.0
2022-06-02 00:00:00-04:00,17.209999084472656,17.81999969482422,17.079999923706055,17.65999984741211,66200,0.0,0.0
2022-06-03 00:00:00-04:00,17.510000228881836,18.100000381469727,17.260000228881836,17.579999923706055,91600,0.0,0.0
2022-06-06 00:00:00-04:00,17.600000381469727,17.860000610351562,17.229999542236328,17.510000228881836,117100,0.0,0.0
2022-06-07 00:00:00-04:00,17.520000457763672,17.540000915527344,17.18000030517578,17.40999984741211,50300,0.0,0.0
2022-06-08 00:00:00-04:00,17.31999969482422,17.389999389648438,16.90999984741211,16.93000030517578,51600,0.0,0.0
2022-06-09 00:00:00-04:00,16.90999984741211,16.979999542236328,16.56999969482422,16.84000015258789,48000,0.0,0.0
2022-06-10 00:00:00-04:00,16.440000534057617,17.09000015258789,16.219999313354492,16.940000534057617,40600,0.0,0.0
2022-06-13 00:00:00-04:00,16.600000381469727,16.68000030517578,16.0,16.100000381469727,83100,0.0,0.0
2022-06-14 00:00:00-04:00,16.15999984741211,17.010000228881836,16.15999984741211,16.940000534057617,61600,0.0,0.0
2022-06-15 00:00:00-04:00,16.969999313354492,17.350000381469727,16.959999084472656,17.110000610351562,68300,0.0,0.0
2022-06-16 00:00:00-04:00,16.700000762939453,16.739999771118164,15.920000076293945,16.530000686645508,87500,0.0,0.0
2022-06-17 00:00:00-04:00,16.6299991607666,16.739999771118164,15.5600004196167,15.640000343322754,69300,0.0,0.0
2022-06-21 00:00:00-04:00,15.680000305175781,16.270000457763672,15.65999984741211,16.190000534057617,95300,0.0,0.0
2022-06-22 00:00:00-04:00,15.739999771118164,15.899999618530273,15.609999656677246,15.829999923706055,56900,0.0,0.0
2022-06-23 00:00:00-04:00,15.800000190734863,16.530000686645508,15.6899995803833,15.850000381469727,67900,0.0,0.0
2022-06-24 00:00:00-04:00,15.920000076293945,16.670000076293945,15.779999732971191,16.670000076293945,322000,0.0,0.0
2022-06-27 00:00:00-04:00,16.84000015258789,16.979999542236328,16.459999084472656,16.610000610351562,54800,0.0,0.0
2022-06-28 00:00:00-04:00,16.8700008392334,17.100000381469727,16.260000228881836,16.290000915527344,40200,0.0,0.0
2022-06-29 00:00:00-04:00,16.280000686645508,16.420000076293945,15.9399995803833,16.079999923706055,29200,0.0,0.0
2022-06-30 00:00:00-04:00,15.869999885559082,16.030000686645508,15.40999984741211,15.949999809265137,54100,0.0,0.0
2022-07-01 00:00:00-04:00,15.970000267028809,16.5,15.899999618530273,16.260000228881836,40200,0.0,0.0
2022-07-05 00:00:00-04:00,16.15999984741211,16.15999984741211,15.600000381469727,15.850000381469727,51800,0.0,0.0
2022-07-06 00:00:00-04:00,15.890000343322754,16.139999389648438,15.600000381469727,16.030000686645508,41000,0.0,0.0
2022-07-07 00:00:00-04:00,16.1200008392334,16.540000915527344,16.030000686645508,16.389999389648438,43000,0.0,0.0
2022-07-08 00:00:00-04:00,16.389999389648438,16.530000686645508,16.110000610351562,16.25,37000,0.0,0.0
2022-07-11 00:00:00-04:00,16.229999542236328,16.25,16.0,16.170000076293945,34600,0.0,0.0
2022-07-12 00:00:00-04:00,16.25,16.93000030517578,16.0,16.829999923706055,88500,0.0,0.0
2022-07-13 00:00:00-04:00,16.579999923706055,17.200000762939453,16.280000686645508,16.350000381469727,70300,0.0,0.0
2022-07-14 00:00:00-04:00,15.949999809265137,16.1299991607666,15.5600004196167,16.020000457763672,39600,0.0,0.0
2022-07-15 00:00:00-04:00,16.350000381469727,16.719999313354492,15.800000190734863,16.469999313354492,52700,0.0,0.0
2022-07-18 00:00:00-04:00,16.6299991607666,16.899999618530273,16.549999237060547,16.829999923706055,38300,0.0,0.0
2022-07-19 00:00:00-04:00,16.950000762939453,17.030000686645508,16.540000915527344,16.649999618530273,62800,0.0,0.0
2022-07-20 00:00:00-04:00,16.68000030517578,16.860000610351562,16.329999923706055,16.81999969482422,23800,0.0,0.0
2022-07-21 00:00:00-04:00,16.84000015258789,16.84000015258789,16.209999084472656,16.690000534057617,36900,0.0,0.0
2022-07-22 00:00:00-04:00,16.690000534057617,17.06999969482422,16.540000915527344,16.68000030517578,41500,0.0,0.0
2022-07-25 00:00:00-04:00,16.8799991607666,17.0,16.489999771118164,16.670000076293945,41500,0.0,0.0
2022-07-26 00:00:00-04:00,16.649999618530273,16.649999618530273,16.239999771118164,16.3700008392334,36500,0.0,0.0
2022-07-27 00:00:00-04:00,16.3700008392334,17.149999618530273,16.149999618530273,17.110000610351562,77500,0.0,0.0
2022-07-28 00:00:00-04:00,17.139999389648438,17.139999389648438,16.549999237060547,16.6200008392334,51800,0.0,0.0
2022-07-29 00:00:00-04:00,16.6200008392334,16.649999618530273,16.200000762939453,16.579999923706055,47400,0.0,0.0
2022-08-01 00:00:00-04:00,16.399999618530273,17.059999465942383,16.389999389648438,16.969999313354492,117400,0.0,0.0
2022-08-02 00:00:00-04:00,17.0,17.09000015258789,16.700000762939453,16.899999618530273,30400,0.0,0.0
2022-08-03 00:00:00-04:00,17.139999389648438,17.299999237060547,16.809999465942383,17.219999313354492,52000,0.0,0.0
2022-08-04 00:00:00-04:00,17.3799991607666,17.6299991607666,16.739999771118164,16.940000534057617,133900,0.0,0.0
2022-08-05 00:00:00-04:00,16.899999618530273,17.079999923706055,15.739999771118164,16.200000762939453,174200,0.0,0.0
2022-08-08 00:00:00-04:00,16.200000762939453,16.25,15.680000305175781,15.960000038146973,170800,0.0,0.0
2022-08-09 00:00:00-04:00,15.960000038146973,16.100000381469727,15.619999885559082,15.729999542236328,56600,0.0,0.0
2022-08-10 00:00:00-04:00,15.960000038146973,15.960000038146973,15.390000343322754,15.449999809265137,56400,0.0,0.0
2022-08-11 00:00:00-04:00,15.770000457763672,16.030000686645508,15.34000015258789,15.430000305175781,57500,0.0,0.0
2022-08-12 00:00:00-04:00,15.380000114440918,15.630000114440918,15.109999656677246,15.350000381469727,44900,0.0,0.0
2022-08-15 00:00:00-04:00,15.4399995803833,15.720000267028809,15.069999694824219,15.630000114440918,85600,0.0,0.0
2022-08-16 00:00:00-04:00,15.460000038146973,15.829999923706055,15.420000076293945,15.430000305175781,63800,0.0,0.0
2022-08-17 00:00:00-04:00,15.34000015258789,15.59000015258789,14.90999984741211,15.0,101000,0.0,0.0
2022-08-18 00:00:00-04:00,15.09000015258789,15.529999732971191,14.989999771118164,15.510000228881836,110700,0.0,0.0
2022-08-19 00:00:00-04:00,15.489999771118164,15.670000076293945,15.260000228881836,15.34000015258789,102400,0.0,0.0
2022-08-22 00:00:00-04:00,15.25,15.300000190734863,15.0,15.140000343322754,60700,0.0,0.0
2022-08-23 00:00:00-04:00,15.0,15.609999656677246,14.760000228881836,15.350000381469727,127500,0.0,0.0
2022-08-24 00:00:00-04:00,15.300000190734863,15.399999618530273,14.84000015258789,14.869999885559082,38700,0.0,0.0
2022-08-25 00:00:00-04:00,14.869999885559082,14.890000343322754,14.279999732971191,14.529999732971191,83500,0.0,0.0
2022-08-26 00:00:00-04:00,14.260000228881836,14.869999885559082,14.069999694824219,14.40999984741211,79500,0.0,0.0
2022-08-29 00:00:00-04:00,14.25,14.649999618530273,14.020000457763672,14.59000015258789,52600,0.0,0.0
2022-08-30 00:00:00-04:00,14.649999618530273,14.6899995803833,14.0600004196167,14.0600004196167,37500,0.0,0.0
2022-08-31 00:00:00-04:00,14.050000190734863,14.510000228881836,13.609999656677246,14.359999656677246,126200,0.0,0.0
2022-09-01 00:00:00-04:00,14.199999809265137,14.510000228881836,14.09000015258789,14.220000267028809,53700,0.0,0.0
2022-09-02 00:00:00-04:00,14.4399995803833,14.4399995803833,13.9399995803833,14.100000381469727,31300,0.0,0.0
2022-09-06 00:00:00-04:00,14.039999961853027,14.039999961853027,13.59000015258789,13.649999618530273,74300,0.0,0.0
2022-09-07 00:00:00-04:00,13.630000114440918,14.149999618530273,13.630000114440918,14.0,107200,0.0,0.0
2022-09-08 00:00:00-04:00,14.020000457763672,14.020000457763672,13.520000457763672,13.59000015258789,38800,0.0,0.0
2022-09-09 00:00:00-04:00,13.75,14.010000228881836,13.550000190734863,13.850000381469727,36800,0.0,0.0
2022-09-12 00:00:00-04:00,13.949999809265137,13.949999809265137,13.510000228881836,13.579999923706055,54500,0.0,0.0
2022-09-13 00:00:00-04:00,13.380000114440918,13.649999618530273,13.130000114440918,13.319999694824219,86900,0.0,0.0
2022-09-14 00:00:00-04:00,13.479999542236328,13.479999542236328,12.800000190734863,12.850000381469727,48100,0.0,0.0
2022-09-15 00:00:00-04:00,12.819999694824219,12.970000267028809,12.460000038146973,12.5600004196167,54300,0.0,0.0
2022-09-16 00:00:00-04:00,12.460000038146973,12.640000343322754,12.270000457763672,12.609999656677246,114700,0.0,0.0
2022-09-19 00:00:00-04:00,12.5,12.789999961853027,12.460000038146973,12.670000076293945,74500,0.0,0.0
2022-09-20 00:00:00-04:00,12.649999618530273,12.699999809265137,12.34000015258789,12.399999618530273,51400,0.0,0.0
2022-09-21 00:00:00-04:00,12.489999771118164,12.5,12.0,12.140000343322754,60600,0.0,0.0
2022-09-22 00:00:00-04:00,12.170000076293945,12.170000076293945,11.890000343322754,11.960000038146973,52300,0.0,0.0
2022-09-23 00:00:00-04:00,11.850000381469727,11.850000381469727,11.319999694824219,11.420000076293945,88200,0.0,0.0
2022-09-26 00:00:00-04:00,11.4399995803833,11.6899995803833,11.119999885559082,11.229999542236328,49600,0.0,0.0
2022-09-27 00:00:00-04:00,11.260000228881836,11.430000305175781,10.869999885559082,10.899999618530273,57200,0.0,0.0
2022-09-28 00:00:00-04:00,11.020000457763672,11.5,10.960000038146973,11.40999984741211,68500,0.0,0.0
2022-09-29 00:00:00-04:00,11.369999885559082,11.369999885559082,10.760000228881836,10.9399995803833,46500,0.0,0.0
2022-09-30 00:00:00-04:00,10.979999542236328,10.979999542236328,10.5,10.789999961853027,104900,0.0,0.0
2022-10-03 00:00:00-04:00,10.970000267028809,11.4399995803833,10.789999961853027,11.25,61500,0.0,0.0
2022-10-04 00:00:00-04:00,11.460000038146973,11.779999732971191,11.170000076293945,11.3100004196167,71600,0.0,0.0
2022-10-05 00:00:00-04:00,11.109999656677246,11.149999618530273,10.619999885559082,10.649999618530273,32000,0.0,0.0
2022-10-06 00:00:00-04:00,10.609999656677246,10.779999732971191,10.420000076293945,10.5,61100,0.0,0.0
2022-10-07 00:00:00-04:00,10.569999694824219,10.789999961853027,10.260000228881836,10.270000457763672,41900,0.0,0.0
2022-10-10 00:00:00-04:00,10.449999809265137,10.5600004196167,10.229999542236328,10.479999542236328,28700,0.0,0.0
2022-10-11 00:00:00-04:00,10.479999542236328,10.9399995803833,10.479999542236328,10.699999809265137,32500,0.0,0.0
2022-10-12 00:00:00-04:00,10.649999618530273,10.739999771118164,10.510000228881836,10.6899995803833,21700,0.0,0.0
2022-10-13 00:00:00-04:00,10.670000076293945,11.329999923706055,10.579999923706055,11.15999984741211,47100,0.0,0.0
2022-10-14 00:00:00-04:00,11.319999694824219,11.319999694824219,10.850000381469727,10.949999809265137,41400,0.0,0.0
2022-10-17 00:00:00-04:00,11.229999542236328,11.239999771118164,10.949999809265137,11.210000038146973,43700,0.0,0.0
2022-10-18 00:00:00-04:00,11.359999656677246,11.600000381469727,11.199999809265137,11.260000228881836,61800,0.0,0.0
2022-10-19 00:00:00-04:00,11.170000076293945,11.239999771118164,10.710000038146973,11.029999732971191,37000,0.0,0.0
2022-10-20 00:00:00-04:00,11.020000457763672,11.220000267028809,10.800000190734863,10.899999618530273,55600,0.0,0.0
2022-10-21 00:00:00-04:00,11.020000457763672,11.289999961853027,10.880000114440918,11.199999809265137,31000,0.0,0.0
2022-10-24 00:00:00-04:00,11.260000228881836,11.289999961853027,11.0,11.130000114440918,31000,0.0,0.0
2022-10-25 00:00:00-04:00,11.130000114440918,11.130000114440918,10.859999656677246,10.90999984741211,62300,0.0,0.0
2022-10-26 00:00:00-04:00,10.979999542236328,11.319999694824219,10.899999618530273,11.069999694824219,116500,0.0,0.0
2022-10-27 00:00:00-04:00,11.119999885559082,11.359999656677246,11.039999961853027,11.130000114440918,44200,0.0,0.0
2022-10-28 00:00:00-04:00,11.180000305175781,11.710000038146973,11.170000076293945,11.630000114440918,56800,0.0,0.0
2022-10-31 00:00:00-04:00,11.630000114440918,11.680000305175781,11.300000190734863,11.5,61300,0.0,0.0
2022-11-01 00:00:00-04:00,11.550000190734863,12.069999694824219,11.550000190734863,11.989999771118164,66600,0.0,0.0
2022-11-02 00:00:00-04:00,11.989999771118164,11.989999771118164,11.430000305175781,11.4399995803833,50500,0.0,0.0
2022-11-03 00:00:00-04:00,11.34000015258789,11.579999923706055,11.279999732971191,11.539999961853027,22400,0.0,0.0
2022-11-04 00:00:00-04:00,11.630000114440918,11.930000305175781,11.399999618530273,11.539999961853027,47900,0.0,0.0
2022-11-07 00:00:00-05:00,11.59000015258789,11.859999656677246,11.449999809265137,11.779999732971191,37000,0.0,0.0
2022-11-08 00:00:00-05:00,11.779999732971191,11.979999542236328,11.449999809265137,11.609999656677246,36400,0.0,0.0
2022-11-09 00:00:00-05:00,11.479999542236328,12.050000190734863,11.479999542236328,11.729999542236328,62400,0.0,0.0
2022-11-10 00:00:00-05:00,11.869999885559082,12.09000015258789,11.609999656677246,11.880000114440918,71100,0.0,0.0
2022-11-11 00:00:00-05:00,11.9399995803833,11.949999809265137,11.479999542236328,11.550000190734863,91500,0.0,0.0
2022-11-14 00:00:00-05:00,11.600000381469727,11.859999656677246,11.489999771118164,11.510000228881836,95300,0.0,0.0
2022-11-15 00:00:00-05:00,11.59000015258789,11.710000038146973,11.390000343322754,11.640000343322754,83000,0.0,0.0
2022-11-16 00:00:00-05:00,11.600000381469727,11.789999961853027,11.520000457763672,11.630000114440918,29900,0.0,0.0
2022-11-17 00:00:00-05:00,11.5,12.0,11.34000015258789,11.9399995803833,92100,0.0,0.0
2022-11-18 00:00:00-05:00,11.0,11.050000190734863,9.859999656677246,10.329999923706055,200800,0.0,0.0
2022-11-21 00:00:00-05:00,10.15999984741211,10.260000228881836,10.0,10.039999961853027,73300,0.0,0.0
2022-11-22 00:00:00-05:00,10.0,10.710000038146973,10.0,10.460000038146973,179300,0.0,0.0
2022-11-23 00:00:00-05:00,10.460000038146973,10.460000038146973,10.25,10.300000190734863,25500,0.0,0.0
2022-11-25 00:00:00-05:00,10.25,10.390000343322754,10.079999923706055,10.34000015258789,19700,0.0,0.0
2022-11-28 00:00:00-05:00,10.300000190734863,10.4399995803833,10.140000343322754,10.359999656677246,36400,0.0,0.0
2022-11-29 00:00:00-05:00,10.40999984741211,10.40999984741211,9.760000228881836,9.960000038146973,144500,0.0,0.0
2022-11-30 00:00:00-05:00,9.970000267028809,10.300000190734863,9.779999732971191,10.079999923706055,49900,0.0,0.0
2022-12-01 00:00:00-05:00,10.079999923706055,10.279999732971191,9.979999542236328,10.149999618530273,60700,0.0,0.0
2022-12-02 00:00:00-05:00,10.039999961853027,10.300000190734863,10.020000457763672,10.079999923706055,49700,0.0,0.0
2022-12-05 00:00:00-05:00,10.0600004196167,10.170000076293945,9.6899995803833,9.75,103700,0.0,0.0
2022-12-06 00:00:00-05:00,9.75,9.989999771118164,9.609999656677246,9.65999984741211,128200,0.0,0.0
2022-12-07 00:00:00-05:00,9.789999961853027,9.899999618530273,9.5600004196167,9.59000015258789,63900,0.0,0.0
2022-12-08 00:00:00-05:00,9.699999809265137,9.9399995803833,9.600000381469727,9.800000190734863,38700,0.0,0.0
2022-12-09 00:00:00-05:00,9.829999923706055,9.829999923706055,9.609999656677246,9.630000114440918,29900,0.0,0.0
2022-12-12 00:00:00-05:00,9.619999885559082,9.789999961853027,9.529999732971191,9.699999809265137,47100,0.0,0.0
2022-12-13 00:00:00-05:00,9.880000114440918,9.9399995803833,9.649999618530273,9.699999809265137,117000,0.0,0.0
2022-12-14 00:00:00-05:00,9.710000038146973,9.779999732971191,9.359999656677246,9.390000343322754,93800,0.0,0.0
2022-12-15 00:00:00-05:00,9.350000381469727,9.489999771118164,9.069999694824219,9.100000381469727,62600,0.0,0.0
2022-12-16 00:00:00-05:00,9.050000190734863,9.199999809265137,8.9399995803833,9.0600004196167,106700,0.0,0.0
2022-12-19 00:00:00-05:00,9.010000228881836,9.34000015258789,9.010000228881836,9.25,79400,0.0,0.0
2022-12-20 00:00:00-05:00,9.289999961853027,9.430000305175781,9.210000038146973,9.25,59400,0.0,0.0
2022-12-21 00:00:00-05:00,9.279999732971191,9.430000305175781,8.970000267028809,9.180000305175781,140700,0.0,0.0
2022-12-22 00:00:00-05:00,9.149999618530273,9.149999618530273,9.0,9.069999694824219,76500,0.0,0.0
2022-12-23 00:00:00-05:00,9.069999694824219,9.380000114440918,9.029999732971191,9.079999923706055,93200,0.0,0.0
2022-12-27 00:00:00-05:00,9.100000381469727,9.369999885559082,9.100000381469727,9.260000228881836,51100,0.0,0.0
2022-12-28 00:00:00-05:00,9.329999923706055,9.329999923706055,8.880000114440918,8.9399995803833,53600,0.0,0.0
2022-12-29 00:00:00-05:00,8.979999542236328,9.199999809265137,8.9399995803833,9.1899995803833,33500,0.0,0.0
2022-12-30 00:00:00-05:00,9.140000343322754,9.239999771118164,9.079999923706055,9.140000343322754,32700,0.0,0.0
2023-01-03 00:00:00-05:00,9.170000076293945,9.220000267028809,8.890000343322754,9.050000190734863,70800,0.0,0.0
2023-01-04 00:00:00-05:00,9.130000114440918,9.470000267028809,9.020000457763672,9.390000343322754,70100,0.0,0.0
2023-01-05 00:00:00-05:00,9.399999618530273,9.399999618530273,9.210000038146973,9.319999694824219,34000,0.0,0.0
2023-01-06 00:00:00-05:00,9.399999618530273,9.739999771118164,9.390000343322754,9.619999885559082,95800,0.0,0.0
2023-01-09 00:00:00-05:00,9.699999809265137,9.699999809265137,9.5,9.510000228881836,33000,0.0,0.0
2023-01-10 00:00:00-05:00,9.539999961853027,9.859999656677246,9.489999771118164,9.65999984741211,36200,0.0,0.0
2023-01-11 00:00:00-05:00,9.720000267028809,9.9399995803833,9.640000343322754,9.880000114440918,51500,0.0,0.0
2023-01-12 00:00:00-05:00,9.890000343322754,10.100000381469727,9.850000381469727,10.0600004196167,43200,0.0,0.0
2023-01-13 00:00:00-05:00,9.960000038146973,10.170000076293945,9.920000076293945,10.140000343322754,81800,0.0,0.0
2023-01-17 00:00:00-05:00,10.149999618530273,10.199999809265137,9.979999542236328,10.029999732971191,23600,0.0,0.0
2023-01-18 00:00:00-05:00,10.029999732971191,10.0600004196167,9.430000305175781,9.430000305175781,138700,0.0,0.0
2023-01-19 00:00:00-05:00,9.460000038146973,9.65999984741211,8.0,8.489999771118164,248600,0.0,0.0
2023-01-20 00:00:00-05:00,8.579999923706055,9.489999771118164,8.5600004196167,9.449999809265137,129900,0.0,0.0
2023-01-23 00:00:00-05:00,9.460000038146973,9.609999656677246,9.199999809265137,9.4399995803833,53700,0.0,0.0
2023-01-24 00:00:00-05:00,9.4399995803833,9.460000038146973,9.229999542236328,9.350000381469727,53900,0.0,0.0
2023-01-25 00:00:00-05:00,9.4399995803833,9.6899995803833,9.260000228881836,9.569999694824219,48600,0.0,0.0
2023-01-26 00:00:00-05:00,9.609999656677246,9.630000114440918,9.449999809265137,9.619999885559082,44700,0.0,0.0
2023-01-27 00:00:00-05:00,9.729999542236328,9.890000343322754,9.510000228881836,9.75,58300,0.0,0.0
2023-01-30 00:00:00-05:00,9.75,9.800000190734863,9.5,9.579999923706055,55100,0.0,0.0
2023-01-31 00:00:00-05:00,9.5,9.930000305175781,9.5,9.930000305175781,74500,0.0,0.0
2023-02-01 00:00:00-05:00,9.949999809265137,10.149999618530273,9.75,10.09000015258789,70800,0.0,0.0
2023-02-02 00:00:00-05:00,10.029999732971191,10.210000038146973,9.819999694824219,10.130000114440918,111800,0.0,0.0
2023-02-03 00:00:00-05:00,10.039999961853027,10.15999984741211,9.670000076293945,10.0,73500,0.0,0.0
2023-02-06 00:00:00-05:00,10.0,10.229999542236328,9.930000305175781,10.140000343322754,45200,0.0,0.0
2023-02-07 00:00:00-05:00,10.039999961853027,10.420000076293945,9.949999809265137,10.319999694824219,55600,0.0,0.0
2023-02-08 00:00:00-05:00,10.380000114440918,10.399999618530273,10.130000114440918,10.289999961853027,28300,0.0,0.0
2023-02-09 00:00:00-05:00,10.359999656677246,10.430000305175781,10.300000190734863,10.359999656677246,36900,0.0,0.0
2023-02-10 00:00:00-05:00,10.289999961853027,10.359999656677246,10.140000343322754,10.270000457763672,41400,0.0,0.0
2023-02-13 00:00:00-05:00,10.3100004196167,10.359999656677246,9.989999771118164,10.029999732971191,124600,0.0,0.0
2023-02-14 00:00:00-05:00,9.960000038146973,10.130000114440918,9.930000305175781,10.010000228881836,26400,0.0,0.0
2023-02-15 00:00:00-05:00,9.9399995803833,10.359999656677246,9.899999618530273,10.329999923706055,23800,0.0,0.0
2023-02-16 00:00:00-05:00,10.1899995803833,10.369999885559082,10.069999694824219,10.15999984741211,26900,0.0,0.0
2023-02-17 00:00:00-05:00,10.220000267028809,10.449999809265137,10.130000114440918,10.420000076293945,34700,0.0,0.0
2023-02-21 00:00:00-05:00,10.390000343322754,10.5,10.119999885559082,10.34000015258789,63200,0.0,0.0
2023-02-22 00:00:00-05:00,10.350000381469727,11.069999694824219,10.050000190734863,10.90999984741211,107700,0.0,0.0
2023-02-23 00:00:00-05:00,10.930000305175781,11.130000114440918,10.8100004196167,11.130000114440918,81500,0.0,0.0
2023-02-24 00:00:00-05:00,10.880000114440918,11.1899995803833,10.649999618530273,11.0,79900,0.0,0.0
2023-02-27 00:00:00-05:00,11.069999694824219,11.069999694824219,10.789999961853027,10.930000305175781,62200,0.0,0.0
2023-02-28 00:00:00-05:00,10.84000015258789,11.0600004196167,10.699999809265137,10.979999542236328,148700,0.0,0.0
2023-03-01 00:00:00-05:00,10.880000114440918,10.960000038146973,10.729999542236328,10.84000015258789,121700,0.0,0.0
2023-03-02 00:00:00-05:00,10.859999656677246,11.029999732971191,10.779999732971191,11.0,93900,0.0,0.0
2023-03-03 00:00:00-05:00,11.100000381469727,11.170000076293945,10.869999885559082,11.15999984741211,91700,0.0,0.0
2023-03-06 00:00:00-05:00,11.149999618530273,11.180000305175781,10.779999732971191,10.869999885559082,151800,0.0,0.0
2023-03-07 00:00:00-05:00,10.899999618530273,10.920000076293945,10.670000076293945,10.869999885559082,59400,0.0,0.0
2023-03-08 00:00:00-05:00,10.819999694824219,11.149999618530273,10.75,11.140000343322754,43600,0.0,0.0
2023-03-09 00:00:00-05:00,11.180000305175781,11.220000267028809,10.880000114440918,11.0,77600,0.0,0.0
2023-03-10 00:00:00-05:00,10.989999771118164,11.069999694824219,10.770000457763672,11.0,51600,0.0,0.0
2023-03-13 00:00:00-04:00,10.84000015258789,10.920000076293945,10.399999618530273,10.449999809265137,81000,0.0,0.0
2023-03-14 00:00:00-04:00,10.649999618530273,10.800000190734863,10.369999885559082,10.489999771118164,93600,0.0,0.0
2023-03-15 00:00:00-04:00,10.319999694824219,10.84000015258789,10.220000267028809,10.789999961853027,44100,0.0,0.0
2023-03-16 00:00:00-04:00,10.720000267028809,10.9399995803833,10.630000114440918,10.8100004196167,58500,0.0,0.0
2023-03-17 00:00:00-04:00,10.819999694824219,10.930000305175781,10.65999984741211,10.779999732971191,73000,0.0,0.0
2023-03-20 00:00:00-04:00,10.890000343322754,11.119999885559082,10.770000457763672,11.020000457763672,78900,0.0,0.0
2023-03-21 00:00:00-04:00,11.15999984741211,11.25,10.920000076293945,10.989999771118164,111800,0.0,0.0
2023-03-22 00:00:00-04:00,11.029999732971191,11.149999618530273,10.760000228881836,10.760000228881836,50600,0.0,0.0
2023-03-23 00:00:00-04:00,10.850000381469727,10.869999885559082,10.59000015258789,10.649999618530273,33200,0.0,0.0
2023-03-24 00:00:00-04:00,10.600000381469727,10.899999618530273,10.600000381469727,10.779999732971191,27600,0.0,0.0
2023-03-27 00:00:00-04:00,10.90999984741211,11.149999618530273,10.850000381469727,11.119999885559082,30400,0.0,0.0
2023-03-28 00:00:00-04:00,11.079999923706055,11.180000305175781,11.020000457763672,11.109999656677246,27200,0.0,0.0
2023-03-29 00:00:00-04:00,11.140000343322754,11.420000076293945,11.140000343322754,11.359999656677246,37000,0.0,0.0
2023-03-30 00:00:00-04:00,11.359999656677246,11.579999923706055,11.329999923706055,11.520000457763672,56700,0.0,0.0
2023-03-31 00:00:00-04:00,11.600000381469727,11.850000381469727,11.59000015258789,11.75,54500,0.0,0.0
2023-04-03 00:00:00-04:00,11.789999961853027,11.800000190734863,11.380000114440918,11.5,45400,0.0,0.0
2023-04-04 00:00:00-04:00,11.59000015258789,11.59000015258789,11.3100004196167,11.390000343322754,21300,0.0,0.0
2023-04-05 00:00:00-04:00,11.260000228881836,11.399999618530273,10.90999984741211,11.050000190734863,65500,0.0,0.0
2023-04-06 00:00:00-04:00,11.029999732971191,11.09000015258789,10.829999923706055,10.949999809265137,20800,0.0,0.0
2023-04-10 00:00:00-04:00,10.930000305175781,11.100000381469727,10.899999618530273,11.0600004196167,32700,0.0,0.0
2023-04-11 00:00:00-04:00,11.119999885559082,11.260000228881836,10.869999885559082,11.170000076293945,18900,0.0,0.0
2023-04-12 00:00:00-04:00,11.1899995803833,11.1899995803833,10.619999885559082,10.65999984741211,33000,0.0,0.0
2023-04-13 00:00:00-04:00,10.710000038146973,11.15999984741211,10.699999809265137,11.039999961853027,37300,0.0,0.0
2023-04-14 00:00:00-04:00,11.0,11.020000457763672,10.850000381469727,10.989999771118164,31500,0.0,0.0
2023-04-17 00:00:00-04:00,10.90999984741211,11.079999923706055,10.829999923706055,11.0,22200,0.0,0.0
2023-04-18 00:00:00-04:00,11.079999923706055,11.079999923706055,10.789999961853027,10.829999923706055,31700,0.0,0.0
2023-04-19 00:00:00-04:00,10.800000190734863,11.050000190734863,10.5,10.529999732971191,29300,0.0,0.0
2023-04-20 00:00:00-04:00,10.5,10.800000190734863,10.5,10.670000076293945,29200,0.0,0.0
2023-04-21 00:00:00-04:00,10.789999961853027,11.140000343322754,10.770000457763672,11.09000015258789,31600,0.0,0.0
2023-04-24 00:00:00-04:00,10.979999542236328,11.180000305175781,10.979999542236328,11.130000114440918,31800,0.0,0.0
2023-04-25 00:00:00-04:00,11.15999984741211,11.390000343322754,11.010000228881836,11.069999694824219,52200,0.0,0.0
2023-04-26 00:00:00-04:00,10.970000267028809,11.220000267028809,10.930000305175781,10.960000038146973,30200,0.0,0.0
2023-04-27 00:00:00-04:00,11.050000190734863,11.130000114440918,10.5600004196167,10.630000114440918,35700,0.0,0.0
2023-04-28 00:00:00-04:00,10.699999809265137,10.960000038146973,10.699999809265137,10.789999961853027,37900,0.0,0.0
2023-05-01 00:00:00-04:00,10.710000038146973,10.880000114440918,10.449999809265137,10.479999542236328,23400,0.0,0.0
2023-05-02 00:00:00-04:00,10.529999732971191,10.800000190734863,10.460000038146973,10.779999732971191,42200,0.0,0.0
2023-05-03 00:00:00-04:00,10.779999732971191,10.949999809265137,10.479999542236328,10.5,40500,0.0,0.0
2023-05-04 00:00:00-04:00,10.579999923706055,10.579999923706055,9.949999809265137,10.170000076293945,72500,0.0,0.0
2023-05-05 00:00:00-04:00,10.460000038146973,11.789999961853027,10.40999984741211,11.720000267028809,75200,0.0,0.0
2023-05-08 00:00:00-04:00,11.8100004196167,11.880000114440918,10.979999542236328,10.979999542236328,34900,0.0,0.0
2023-05-09 00:00:00-04:00,10.869999885559082,11.09000015258789,10.6899995803833,10.930000305175781,151500,0.0,0.0
2023-05-10 00:00:00-04:00,10.680000305175781,11.390000343322754,10.680000305175781,11.239999771118164,53400,0.0,0.0
2023-05-11 00:00:00-04:00,11.180000305175781,11.3100004196167,10.869999885559082,11.020000457763672,28100,0.0,0.0
2023-05-12 00:00:00-04:00,11.010000228881836,11.210000038146973,10.880000114440918,10.989999771118164,14500,0.0,0.0
2023-05-15 00:00:00-04:00,11.0,11.319999694824219,10.920000076293945,11.210000038146973,47500,0.0,0.0
2023-05-16 00:00:00-04:00,11.0600004196167,11.380000114440918,11.0600004196167,11.229999542236328,29200,0.0,0.0
2023-05-17 00:00:00-04:00,11.270000457763672,11.6899995803833,11.149999618530273,11.640000343322754,31400,0.0,0.0
2023-05-18 00:00:00-04:00,11.729999542236328,11.729999542236328,11.430000305175781,11.680000305175781,43700,0.0,0.0
2023-05-19 00:00:00-04:00,11.75,11.789999961853027,11.579999923706055,11.680000305175781,21600,0.0,0.0
2023-05-22 00:00:00-04:00,11.680000305175781,11.680000305175781,11.380000114440918,11.5600004196167,21000,0.0,0.0
2023-05-23 00:00:00-04:00,11.5600004196167,11.6899995803833,11.430000305175781,11.5600004196167,26200,0.0,0.0
2023-05-24 00:00:00-04:00,11.6899995803833,11.829999923706055,11.489999771118164,11.729999542236328,34800,0.0,0.0
2023-05-25 00:00:00-04:00,11.670000076293945,11.779999732971191,11.460000038146973,11.619999885559082,23300,0.0,0.0
2023-05-26 00:00:00-04:00,11.5,11.5600004196167,11.239999771118164,11.550000190734863,31600,0.0,0.0
2023-05-30 00:00:00-04:00,11.449999809265137,11.5600004196167,11.100000381469727,11.420000076293945,51300,0.0,0.0
2023-05-31 00:00:00-04:00,11.399999618530273,11.460000038146973,10.680000305175781,11.050000190734863,107400,0.0,0.0
2023-06-01 00:00:00-04:00,11.050000190734863,11.050000190734863,10.390000343322754,10.460000038146973,50000,0.0,0.0
2023-06-02 00:00:00-04:00,10.630000114440918,10.8100004196167,10.5,10.579999923706055,43100,0.0,0.0
2023-06-05 00:00:00-04:00,10.5600004196167,10.920000076293945,10.5,10.699999809265137,22800,0.0,0.0
2023-06-06 00:00:00-04:00,10.699999809265137,11.1899995803833,10.699999809265137,11.069999694824219,33400,0.0,0.0
2023-06-07 00:00:00-04:00,10.890000343322754,11.59000015258789,10.890000343322754,11.510000228881836,55500,0.0,0.0
2023-06-08 00:00:00-04:00,11.479999542236328,11.539999961853027,11.399999618530273,11.449999809265137,18000,0.0,0.0
2023-06-09 00:00:00-04:00,11.329999923706055,11.390000343322754,11.0,11.09000015258789,29800,0.0,0.0
2023-06-12 00:00:00-04:00,11.180000305175781,11.619999885559082,11.15999984741211,11.420000076293945,32800,0.0,0.0
2023-06-13 00:00:00-04:00,11.510000228881836,11.779999732971191,11.399999618530273,11.720000267028809,24400,0.0,0.0
2023-06-14 00:00:00-04:00,11.800000190734863,12.029999732971191,11.470000267028809,11.760000228881836,51100,0.0,0.0
2023-06-15 00:00:00-04:00,11.59000015258789,11.989999771118164,11.59000015258789,11.920000076293945,34500,0.0,0.0
2023-06-16 00:00:00-04:00,12.0600004196167,12.109999656677246,11.619999885559082,11.800000190734863,71800,0.0,0.0
2023-06-20 00:00:00-04:00,11.779999732971191,12.039999961853027,11.4399995803833,11.850000381469727,37600,0.0,0.0
2023-06-21 00:00:00-04:00,11.880000114440918,11.979999542236328,11.520000457763672,11.789999961853027,22300,0.0,0.0
2023-06-22 00:00:00-04:00,11.829999923706055,11.960000038146973,11.8100004196167,11.949999809265137,23700,0.0,0.0
2023-06-23 00:00:00-04:00,11.859999656677246,12.239999771118164,11.859999656677246,12.109999656677246,306900,0.0,0.0
2023-06-26 00:00:00-04:00,12.079999923706055,12.239999771118164,11.989999771118164,12.020000457763672,18900,0.0,0.0
2023-06-27 00:00:00-04:00,12.100000381469727,12.140000343322754,11.90999984741211,11.989999771118164,25400,0.0,0.0
2023-06-28 00:00:00-04:00,11.920000076293945,11.989999771118164,11.640000343322754,11.680000305175781,24200,0.0,0.0
2023-06-29 00:00:00-04:00,11.729999542236328,12.149999618530273,11.729999542236328,12.100000381469727,32700,0.0,0.0
2023-06-30 00:00:00-04:00,12.15999984741211,12.479999542236328,12.140000343322754,12.260000228881836,49500,0.0,0.0
2023-07-03 00:00:00-04:00,12.390000343322754,12.489999771118164,12.170000076293945,12.220000267028809,15300,0.0,0.0
2023-07-05 00:00:00-04:00,12.260000228881836,12.630000114440918,12.260000228881836,12.449999809265137,22400,0.0,0.0
2023-07-06 00:00:00-04:00,12.359999656677246,12.4399995803833,12.109999656677246,12.1899995803833,27400,0.0,0.0
2023-07-07 00:00:00-04:00,12.270000457763672,12.5,12.180000305175781,12.399999618530273,80700,0.0,0.0
2023-07-10 00:00:00-04:00,12.460000038146973,12.569999694824219,12.260000228881836,12.359999656677246,16700,0.0,0.0
2023-07-11 00:00:00-04:00,12.460000038146973,12.779999732971191,12.420000076293945,12.670000076293945,27300,0.0,0.0
2023-07-12 00:00:00-04:00,12.770000457763672,12.779999732971191,12.300000190734863,12.430000305175781,30500,0.0,0.0
2023-07-13 00:00:00-04:00,12.4399995803833,12.699999809265137,12.369999885559082,12.550000190734863,15200,0.0,0.0
2023-07-14 00:00:00-04:00,12.630000114440918,12.789999961853027,12.300000190734863,12.350000381469727,25200,0.0,0.0
2023-07-17 00:00:00-04:00,12.229999542236328,12.5600004196167,12.149999618530273,12.25,75000,0.0,0.0
2023-07-18 00:00:00-04:00,12.350000381469727,12.649999618530273,12.350000381469727,12.609999656677246,21700,0.0,0.0
2023-07-19 00:00:00-04:00,12.600000381469727,13.010000228881836,12.600000381469727,12.979999542236328,26000,0.0,0.0
2023-07-20 00:00:00-04:00,12.949999809265137,13.119999885559082,12.930000305175781,12.979999542236328,28500,0.0,0.0
2023-07-21 00:00:00-04:00,13.069999694824219,13.069999694824219,12.460000038146973,12.550000190734863,26100,0.0,0.0
2023-07-24 00:00:00-04:00,12.510000228881836,12.819999694824219,12.470000267028809,12.720000267028809,28400,0.0,0.0
2023-07-25 00:00:00-04:00,12.65999984741211,12.859999656677246,12.470000267028809,12.529999732971191,15700,0.0,0.0
2023-07-26 00:00:00-04:00,12.5,12.770000457763672,12.5,12.699999809265137,12800,0.0,0.0
2023-07-27 00:00:00-04:00,12.680000305175781,12.850000381469727,12.239999771118164,12.369999885559082,20600,0.0,0.0
2023-07-28 00:00:00-04:00,12.4399995803833,12.5,12.1899995803833,12.350000381469727,15900,0.0,0.0
2023-07-31 00:00:00-04:00,12.399999618530273,12.529999732971191,12.220000267028809,12.449999809265137,36300,0.0,0.0
2023-08-01 00:00:00-04:00,12.40999984741211,12.460000038146973,12.289999961853027,12.369999885559082,19700,0.0,0.0
2023-08-02 00:00:00-04:00,12.279999732971191,12.460000038146973,12.220000267028809,12.3100004196167,22400,0.0,0.0
2023-08-03 00:00:00-04:00,12.539999961853027,12.539999961853027,11.989999771118164,12.239999771118164,13200,0.0,0.0
2023-08-04 00:00:00-04:00,13.4399995803833,13.4399995803833,12.609999656677246,13.029999732971191,45700,0.0,0.0
2023-08-07 00:00:00-04:00,13.210000038146973,13.59000015258789,12.819999694824219,12.869999885559082,41700,0.0,0.0
2023-08-08 00:00:00-04:00,12.770000457763672,13.010000228881836,12.579999923706055,12.960000038146973,28600,0.0,0.0
2023-08-09 00:00:00-04:00,13.100000381469727,13.170000076293945,12.800000190734863,12.90999984741211,36600,0.0,0.0
2023-08-10 00:00:00-04:00,13.0,13.1899995803833,12.930000305175781,13.119999885559082,20900,0.0,0.0
2023-08-11 00:00:00-04:00,13.15999984741211,13.289999961853027,13.119999885559082,13.210000038146973,18600,0.0,0.0
2023-08-14 00:00:00-04:00,13.25,13.390000343322754,12.960000038146973,13.149999618530273,41700,0.0,0.0
2023-08-15 00:00:00-04:00,13.029999732971191,13.25,12.850000381469727,12.970000267028809,15500,0.0,0.0
2023-08-16 00:00:00-04:00,13.029999732971191,13.149999618530273,12.84000015258789,13.0,18500,0.0,0.0
2023-08-17 00:00:00-04:00,13.069999694824219,13.09000015258789,12.869999885559082,12.960000038146973,12300,0.0,0.0
2023-08-18 00:00:00-04:00,12.829999923706055,13.260000228881836,12.75,12.949999809265137,66500,0.0,0.0
2023-08-21 00:00:00-04:00,13.039999961853027,13.800000190734863,13.010000228881836,13.739999771118164,39600,0.0,0.0
2023-08-22 00:00:00-04:00,13.720000267028809,13.720000267028809,13.0600004196167,13.09000015258789,34100,0.0,0.0
2023-08-23 00:00:00-04:00,13.100000381469727,13.5,12.949999809265137,13.0,18500,0.0,0.0
2023-08-24 00:00:00-04:00,13.0,13.229999542236328,12.630000114440918,12.850000381469727,25400,0.0,0.0
2023-08-25 00:00:00-04:00,12.789999961853027,12.850000381469727,12.59000015258789,12.75,15800,0.0,0.0
2023-08-28 00:00:00-04:00,12.6899995803833,13.020000457763672,12.6899995803833,12.869999885559082,18300,0.0,0.0
2023-08-29 00:00:00-04:00,12.869999885559082,13.130000114440918,12.739999771118164,12.75,20900,0.0,0.0
2023-08-30 00:00:00-04:00,12.800000190734863,12.949999809265137,12.40999984741211,12.649999618530273,37200,0.0,0.0
2023-08-31 00:00:00-04:00,12.6899995803833,12.829999923706055,12.5,12.609999656677246,38000,0.0,0.0
2023-09-01 00:00:00-04:00,12.619999885559082,12.8100004196167,12.229999542236328,12.449999809265137,31000,0.0,0.0
2023-09-05 00:00:00-04:00,12.319999694824219,12.449999809265137,11.850000381469727,12.239999771118164,30600,0.0,0.0
2023-09-06 00:00:00-04:00,12.350000381469727,13.079999923706055,12.350000381469727,12.949999809265137,58400,0.0,0.0
2023-09-07 00:00:00-04:00,13.079999923706055,13.079999923706055,12.359999656677246,12.600000381469727,126100,0.0,0.0
2023-09-08 00:00:00-04:00,12.600000381469727,12.989999771118164,12.600000381469727,12.90999984741211,59700,0.0,0.0
2023-09-11 00:00:00-04:00,13.079999923706055,13.630000114440918,12.760000228881836,13.430000305175781,44200,0.0,0.0
2023-09-12 00:00:00-04:00,13.40999984741211,13.40999984741211,12.649999618530273,12.729999542236328,45000,0.0,0.0
2023-09-13 00:00:00-04:00,12.760000228881836,12.949999809265137,12.640000343322754,12.760000228881836,33500,0.0,0.0
2023-09-14 00:00:00-04:00,12.75,13.09000015258789,12.75,12.979999542236328,39400,0.0,0.0
2023-09-15 00:00:00-04:00,12.930000305175781,13.130000114440918,12.800000190734863,13.010000228881836,78700,0.0,0.0
2023-09-18 00:00:00-04:00,13.069999694824219,13.069999694824219,12.65999984741211,12.930000305175781,16100,0.0,0.0
2023-09-19 00:00:00-04:00,12.800000190734863,13.069999694824219,12.800000190734863,12.949999809265137,20300,0.0,0.0
2023-09-20 00:00:00-04:00,13.0600004196167,13.09000015258789,12.90999984741211,12.960000038146973,16400,0.0,0.0
2023-09-21 00:00:00-04:00,12.880000114440918,13.069999694824219,12.880000114440918,12.880000114440918,15000,0.0,0.0
2023-09-22 00:00:00-04:00,12.84000015258789,12.920000076293945,12.729999542236328,12.770000457763672,19400,0.0,0.0
2023-09-25 00:00:00-04:00,12.760000228881836,12.930000305175781,12.5600004196167,12.819999694824219,23600,0.0,0.0
2023-09-26 00:00:00-04:00,12.779999732971191,12.949999809265137,12.6899995803833,12.779999732971191,22400,0.0,0.0
2023-09-27 00:00:00-04:00,12.880000114440918,12.890000343322754,12.550000190734863,12.619999885559082,24800,0.0,0.0
2023-09-28 00:00:00-04:00,12.600000381469727,12.84000015258789,12.520000457763672,12.65999984741211,23500,0.0,0.0
2023-09-29 00:00:00-04:00,12.789999961853027,12.930000305175781,12.539999961853027,12.90999984741211,40100,0.0,0.0
2023-10-02 00:00:00-04:00,12.90999984741211,13.149999618530273,12.720000267028809,13.020000457763672,36000,0.0,0.0
2023-10-03 00:00:00-04:00,13.039999961853027,13.140000343322754,12.5,12.520000457763672,27100,0.0,0.0
2023-10-04 00:00:00-04:00,12.449999809265137,12.899999618530273,12.399999618530273,12.84000015258789,22400,0.0,0.0
2023-10-05 00:00:00-04:00,12.779999732971191,13.5,12.6899995803833,13.40999984741211,43500,0.0,0.0
2023-10-06 00:00:00-04:00,13.34000015258789,13.479999542236328,13.210000038146973,13.270000457763672,43500,0.0,0.0
2023-10-09 00:00:00-04:00,13.25,13.460000038146973,12.6899995803833,13.260000228881836,35200,0.0,0.0
2023-10-10 00:00:00-04:00,13.260000228881836,13.5600004196167,13.260000228881836,13.34000015258789,33500,0.0,0.0
2023-10-11 00:00:00-04:00,13.359999656677246,13.359999656677246,13.079999923706055,13.170000076293945,21700,0.0,0.0
2023-10-12 00:00:00-04:00,13.079999923706055,13.119999885559082,12.770000457763672,12.930000305175781,29500,0.0,0.0
2023-10-13 00:00:00-04:00,12.890000343322754,13.020000457763672,12.789999961853027,12.949999809265137,15000,0.0,0.0
2023-10-16 00:00:00-04:00,12.899999618530273,13.199999809265137,12.880000114440918,13.029999732971191,25400,0.0,0.0
2023-10-17 00:00:00-04:00,13.010000228881836,13.390000343322754,13.010000228881836,13.0600004196167,18300,0.0,0.0
2023-10-18 00:00:00-04:00,13.180000305175781,13.180000305175781,12.880000114440918,13.020000457763672,16800,0.0,0.0
2023-10-19 00:00:00-04:00,12.989999771118164,12.989999771118164,12.789999961853027,12.819999694824219,8700,0.0,0.0
2023-10-20 00:00:00-04:00,12.920000076293945,13.079999923706055,12.729999542236328,12.960000038146973,29800,0.0,0.0
2023-10-23 00:00:00-04:00,12.640000343322754,12.880000114440918,12.470000267028809,12.520000457763672,35400,0.0,0.0
2023-10-24 00:00:00-04:00,12.710000038146973,12.710000038146973,12.279999732971191,12.380000114440918,31900,0.0,0.0
2023-10-25 00:00:00-04:00,12.260000228881836,12.479999542236328,12.260000228881836,12.420000076293945,18000,0.0,0.0
2023-10-26 00:00:00-04:00,12.329999923706055,12.550000190734863,12.199999809265137,12.460000038146973,14700,0.0,0.0
2023-10-27 00:00:00-04:00,12.289999961853027,12.5,12.180000305175781,12.350000381469727,18300,0.0,0.0
2023-10-30 00:00:00-04:00,12.0,12.40999984741211,11.930000305175781,12.079999923706055,58400,0.0,0.0
2023-10-31 00:00:00-04:00,12.079999923706055,12.600000381469727,12.079999923706055,12.569999694824219,23500,0.0,0.0
2023-11-01 00:00:00-04:00,12.569999694824219,12.789999961853027,12.5,12.640000343322754,22400,0.0,0.0
2023-11-02 00:00:00-04:00,12.789999961853027,13.109999656677246,12.510000228881836,13.039999961853027,22400,0.0,0.0
2023-11-03 00:00:00-04:00,13.229999542236328,13.229999542236328,13.039999961853027,13.149999618530273,18300,0.0,0.0
2023-11-06 00:00:00-05:00,13.0600004196167,13.229999542236328,12.630000114440918,13.0,29200,0.0,0.0
2023-11-07 00:00:00-05:00,12.890000343322754,13.149999618530273,12.859999656677246,12.960000038146973,23100,0.0,0.0
2023-11-08 00:00:00-05:00,13.050000190734863,13.069999694824219,12.770000457763672,12.84000015258789,20700,0.0,0.0
2023-11-09 00:00:00-05:00,12.960000038146973,12.970000267028809,12.359999656677246,12.569999694824219,21100,0.0,0.0
2023-11-10 00:00:00-05:00,12.539999961853027,12.699999809265137,12.369999885559082,12.5,29000,0.0,0.0
2023-11-13 00:00:00-05:00,12.5,13.279999732971191,12.5,13.140000343322754,44000,0.0,0.0
2023-11-14 00:00:00-05:00,13.1899995803833,13.420000076293945,13.0,13.369999885559082,36200,0.0,0.0
2023-11-15 00:00:00-05:00,13.239999771118164,13.4399995803833,13.039999961853027,13.050000190734863,37900,0.0,0.0
2023-11-16 00:00:00-05:00,12.8100004196167,13.260000228881836,12.539999961853027,12.800000190734863,32500,0.0,0.0
2023-11-17 00:00:00-05:00,13.569999694824219,15.989999771118164,13.569999694824219,15.670000076293945,247800,0.0,0.0
2023-11-20 00:00:00-05:00,15.800000190734863,17.489999771118164,15.800000190734863,16.940000534057617,175900,0.0,0.0
2023-11-21 00:00:00-05:00,16.940000534057617,17.09000015258789,16.43000030517578,16.780000686645508,60900,0.0,0.0
2023-11-22 00:00:00-05:00,17.0,17.270000457763672,16.799999237060547,17.209999084472656,69300,0.0,0.0
2023-11-24 00:00:00-05:00,16.1200008392334,17.170000076293945,16.1200008392334,16.969999313354492,66900,0.0,0.0
2023-11-27 00:00:00-05:00,17.200000762939453,17.3799991607666,16.65999984741211,17.0,68300,0.0,0.0
2023-11-28 00:00:00-05:00,16.860000610351562,16.959999084472656,16.510000228881836,16.8799991607666,105400,0.0,0.0
2023-11-29 00:00:00-05:00,17.010000228881836,17.149999618530273,16.25,17.030000686645508,37700,0.0,0.0
2023-11-30 00:00:00-05:00,16.90999984741211,16.90999984741211,15.199999809265137,15.6899995803833,107200,0.0,0.0
2023-12-01 00:00:00-05:00,15.9399995803833,16.350000381469727,15.770000457763672,16.290000915527344,56300,0.0,0.0
2023-12-04 00:00:00-05:00,16.06999969482422,17.06999969482422,16.06999969482422,16.65999984741211,73100,0.0,0.0
2023-12-05 00:00:00-05:00,16.600000381469727,16.920000076293945,16.350000381469727,16.520000457763672,45400,0.0,0.0
2023-12-06 00:00:00-05:00,16.649999618530273,16.850000381469727,16.5,16.56999969482422,40600,0.0,0.0
2023-12-07 00:00:00-05:00,16.559999465942383,16.829999923706055,16.360000610351562,16.799999237060547,63600,0.0,0.0
2023-12-08 00:00:00-05:00,16.8700008392334,16.8700008392334,16.3700008392334,16.639999389648438,61900,0.0,0.0
2023-12-11 00:00:00-05:00,16.670000076293945,16.670000076293945,16.06999969482422,16.3700008392334,55600,0.0,0.0
2023-12-12 00:00:00-05:00,16.459999084472656,16.5,15.90999984741211,16.0,44000,0.0,0.0
2023-12-13 00:00:00-05:00,16.1200008392334,16.489999771118164,15.630000114440918,16.100000381469727,163400,0.0,0.0
2023-12-14 00:00:00-05:00,16.329999923706055,16.850000381469727,16.31999969482422,16.600000381469727,85600,0.0,0.0
2023-12-15 00:00:00-05:00,16.68000030517578,16.68000030517578,15.869999885559082,16.309999465942383,130000,0.0,0.0
2023-12-18 00:00:00-05:00,16.350000381469727,16.770000457763672,16.15999984741211,16.75,69200,0.0,0.0
2023-12-19 00:00:00-05:00,16.81999969482422,16.81999969482422,16.329999923706055,16.719999313354492,79300,0.0,0.0
2023-12-20 00:00:00-05:00,16.719999313354492,17.110000610351562,16.43000030517578,16.5,65700,0.0,0.0
2023-12-21 00:00:00-05:00,16.65999984741211,16.65999984741211,16.299999237060547,16.450000762939453,41300,0.0,0.0
2023-12-22 00:00:00-05:00,16.56999969482422,16.68000030517578,16.260000228881836,16.31999969482422,44700,0.0,0.0
2023-12-26 00:00:00-05:00,16.31999969482422,16.709999084472656,16.31999969482422,16.670000076293945,26100,0.0,0.0
2023-12-27 00:00:00-05:00,16.770000457763672,16.780000686645508,16.579999923706055,16.639999389648438,28000,0.0,0.0
2023-12-28 00:00:00-05:00,16.459999084472656,16.59000015258789,16.1200008392334,16.18000030517578,34800,0.0,0.0
2023-12-29 00:00:00-05:00,16.0,16.25,15.520000457763672,16.0,31700,0.0,0.0
2024-01-02 00:00:00-05:00,15.75,16.40999984741211,15.5,16.34000015258789,51600,0.0,0.0
2024-01-03 00:00:00-05:00,16.34000015258789,16.600000381469727,16.1299991607666,16.15999984741211,38000,0.0,0.0
2024-01-04 00:00:00-05:00,16.309999465942383,16.31999969482422,15.789999961853027,15.920000076293945,43900,0.0,0.0
2024-01-05 00:00:00-05:00,15.850000381469727,16.229999542236328,15.779999732971191,15.859999656677246,43800,0.0,0.0
2024-01-08 00:00:00-05:00,15.8100004196167,16.030000686645508,15.520000457763672,15.989999771118164,40600,0.0,0.0
2024-01-09 00:00:00-05:00,15.989999771118164,15.989999771118164,15.670000076293945,15.699999809265137,23400,0.0,0.0
2024-01-10 00:00:00-05:00,15.609999656677246,15.899999618530273,15.300000190734863,15.569999694824219,45500,0.0,0.0
2024-01-11 00:00:00-05:00,15.630000114440918,15.630000114440918,15.3100004196167,15.479999542236328,21800,0.0,0.0
2024-01-12 00:00:00-05:00,15.640000343322754,15.640000343322754,15.350000381469727,15.600000381469727,33200,0.0,0.0
2024-01-16 00:00:00-05:00,15.600000381469727,15.869999885559082,15.4399995803833,15.5,34200,0.0,0.0
2024-01-17 00:00:00-05:00,15.300000190734863,15.460000038146973,15.180000305175781,15.3100004196167,41000,0.0,0.0
2024-01-18 00:00:00-05:00,15.270000457763672,15.300000190734863,14.979999542236328,15.220000267028809,33600,0.0,0.0
2024-01-19 00:00:00-05:00,15.25,15.4399995803833,15.050000190734863,15.260000228881836,41200,0.0,0.0
2024-01-22 00:00:00-05:00,15.3100004196167,16.280000686645508,15.3100004196167,16.25,71000,0.0,0.0
2024-01-23 00:00:00-05:00,16.40999984741211,16.489999771118164,15.8100004196167,15.859999656677246,42400,0.0,0.0
2024-01-24 00:00:00-05:00,16.059999465942383,16.059999465942383,15.539999961853027,15.569999694824219,42300,0.0,0.0
2024-01-25 00:00:00-05:00,15.84000015258789,15.84000015258789,15.529999732971191,15.789999961853027,40400,0.0,0.0
2024-01-26 00:00:00-05:00,15.880000114440918,15.890000343322754,15.34000015258789,15.390000343322754,33000,0.0,0.0
2024-01-29 00:00:00-05:00,15.470000267028809,15.770000457763672,15.359999656677246,15.640000343322754,87100,0.0,0.0
2024-01-30 00:00:00-05:00,15.670000076293945,15.670000076293945,15.449999809265137,15.489999771118164,37200,0.0,0.0
2024-01-31 00:00:00-05:00,15.5600004196167,15.5600004196167,14.930000305175781,14.949999809265137,59000,0.0,0.0
2024-02-01 00:00:00-05:00,15.079999923706055,15.1899995803833,14.869999885559082,14.930000305175781,71300,0.0,0.0
2024-02-02 00:00:00-05:00,14.869999885559082,15.380000114440918,14.869999885559082,15.069999694824219,50600,0.0,0.0
2024-02-05 00:00:00-05:00,15.020000457763672,15.319999694824219,14.640000343322754,14.65999984741211,81800,0.0,0.0
2024-02-06 00:00:00-05:00,14.699999809265137,14.859999656677246,14.489999771118164,14.600000381469727,60200,0.0,0.0
2024-02-07 00:00:00-05:00,14.550000190734863,14.630000114440918,14.3100004196167,14.489999771118164,49700,0.0,0.0
2024-02-08 00:00:00-05:00,14.569999694824219,14.989999771118164,14.5600004196167,14.8100004196167,53300,0.0,0.0
2024-02-09 00:00:00-05:00,15.670000076293945,17.75,15.670000076293945,17.149999618530273,206200,0.0,0.0
2024-02-12 00:00:00-05:00,17.149999618530273,17.149999618530273,15.59000015258789,15.600000381469727,148100,0.0,0.0
2024-02-13 00:00:00-05:00,15.239999771118164,15.390000343322754,14.779999732971191,15.079999923706055,112700,0.0,0.0
2024-02-14 00:00:00-05:00,15.119999885559082,15.40999984741211,15.020000457763672,15.3100004196167,49600,0.0,0.0
2024-02-15 00:00:00-05:00,15.329999923706055,15.430000305175781,15.079999923706055,15.210000038146973,61900,0.0,0.0
2024-02-16 00:00:00-05:00,15.010000228881836,15.3100004196167,14.770000457763672,14.859999656677246,58900,0.0,0.0
2024-02-20 00:00:00-05:00,14.880000114440918,15.3100004196167,14.8100004196167,14.979999542236328,98800,0.0,0.0
2024-02-21 00:00:00-05:00,14.979999542236328,15.039999961853027,14.8100004196167,15.010000228881836,64400,0.0,0.0
2024-02-22 00:00:00-05:00,14.9399995803833,15.0,14.699999809265137,14.829999923706055,32400,0.0,0.0
2024-02-23 00:00:00-05:00,14.800000190734863,15.390000343322754,14.779999732971191,15.3100004196167,51300,0.0,0.0
2024-02-26 00:00:00-05:00,15.199999809265137,15.859999656677246,15.199999809265137,15.770000457763672,64400,0.0,0.0
2024-02-27 00:00:00-05:00,16.0,16.229999542236328,15.739999771118164,15.770000457763672,40500,0.0,0.0
2024-02-28 00:00:00-05:00,15.699999809265137,16.149999618530273,15.079999923706055,15.899999618530273,133800,0.0,0.0
2024-02-29 00:00:00-05:00,16.200000762939453,16.829999923706055,16.139999389648438,16.56999969482422,79500,0.0,0.0
2024-03-01 00:00:00-05:00,16.600000381469727,16.600000381469727,16.020000457763672,16.489999771118164,60800,0.0,0.0
2024-03-04 00:00:00-05:00,16.510000228881836,16.799999237060547,16.229999542236328,16.25,69600,0.0,0.0
2024-03-05 00:00:00-05:00,16.25,16.469999313354492,16.149999618530273,16.149999618530273,32500,0.0,0.0
2024-03-06 00:00:00-05:00,16.31999969482422,16.31999969482422,16.040000915527344,16.059999465942383,31800,0.0,0.0
2024-03-07 00:00:00-05:00,16.219999313354492,16.709999084472656,16.149999618530273,16.549999237060547,53700,0.0,0.0
2024-03-08 00:00:00-05:00,16.559999465942383,17.059999465942383,16.549999237060547,17.059999465942383,71600,0.0,0.0
2024-03-11 00:00:00-04:00,17.139999389648438,17.65999984741211,16.940000534057617,17.639999389648438,87900,0.0,0.0
2024-03-12 00:00:00-04:00,17.600000381469727,18.06999969482422,17.56999969482422,18.020000457763672,75300,0.0,0.0
2024-03-13 00:00:00-04:00,17.959999084472656,18.040000915527344,17.6200008392334,17.969999313354492,58100,0.0,0.0
2024-03-14 00:00:00-04:00,18.010000228881836,18.1200008392334,17.510000228881836,17.649999618530273,52300,0.0,0.0
2024-03-15 00:00:00-04:00,17.579999923706055,18.0,17.579999923706055,17.8799991607666,81400,0.0,0.0
2024-03-18 00:00:00-04:00,17.850000381469727,17.899999618530273,16.959999084472656,17.030000686645508,126100,0.0,0.0
2024-03-19 00:00:00-04:00,16.889999389648438,17.079999923706055,16.600000381469727,16.780000686645508,73400,0.0,0.0
2024-03-20 00:00:00-04:00,16.639999389648438,17.360000610351562,16.6299991607666,17.200000762939453,51300,0.0,0.0
2024-03-21 00:00:00-04:00,17.18000030517578,17.559999465942383,17.059999465942383,17.399999618530273,50200,0.0,0.0
2024-03-22 00:00:00-04:00,17.43000030517578,17.5,17.030000686645508,17.06999969482422,27400,0.0,0.0
2024-03-25 00:00:00-04:00,16.989999771118164,17.059999465942383,16.780000686645508,16.969999313354492,31900,0.0,0.0
2024-03-26 00:00:00-04:00,17.059999465942383,19.350000381469727,17.059999465942383,18.18000030517578,368200,0.0,0.0
2024-03-27 00:00:00-04:00,18.299999237060547,18.479999542236328,18.0,18.209999084472656,47900,0.0,0.0
2024-03-28 00:00:00-04:00,18.190000534057617,18.350000381469727,17.600000381469727,18.049999237060547,59400,0.0,0.0
2024-04-01 00:00:00-04:00,18.18000030517578,18.209999084472656,17.299999237060547,17.329999923706055,84500,0.0,0.0
2024-04-02 00:00:00-04:00,17.260000228881836,17.31999969482422,16.25,17.309999465942383,122300,0.0,0.0
2024-04-03 00:00:00-04:00,17.190000534057617,17.40999984741211,17.18000030517578,17.270000457763672,36500,0.0,0.0
2024-04-04 00:00:00-04:00,17.40999984741211,17.5,16.75,16.90999984741211,42600,0.0,0.0
2024-04-05 00:00:00-04:00,16.979999542236328,17.030000686645508,16.770000457763672,16.850000381469727,31900,0.0,0.0
2024-04-08 00:00:00-04:00,16.65999984741211,17.229999542236328,16.579999923706055,16.860000610351562,45300,0.0,0.0
2024-04-09 00:00:00-04:00,16.959999084472656,17.040000915527344,16.520000457763672,16.8799991607666,47900,0.0,0.0
2024-04-10 00:00:00-04:00,16.65999984741211,16.700000762939453,16.31999969482422,16.489999771118164,56400,0.0,0.0
2024-04-11 00:00:00-04:00,16.6200008392334,16.850000381469727,16.420000076293945,16.700000762939453,32300,0.0,0.0
2024-04-12 00:00:00-04:00,16.579999923706055,16.68000030517578,16.18000030517578,16.280000686645508,30300,0.0,0.0
2024-04-15 00:00:00-04:00,16.450000762939453,16.469999313354492,16.020000457763672,16.40999984741211,59000,0.0,0.0
2024-04-16 00:00:00-04:00,16.290000915527344,16.520000457763672,16.15999984741211,16.329999923706055,28700,0.0,0.0
2024-04-17 00:00:00-04:00,16.34000015258789,16.6200008392334,16.1200008392334,16.18000030517578,31200,0.0,0.0
2024-04-18 00:00:00-04:00,16.260000228881836,16.40999984741211,16.1200008392334,16.239999771118164,37800,0.0,0.0
2024-04-19 00:00:00-04:00,16.139999389648438,16.579999923706055,16.139999389648438,16.479999542236328,39000,0.0,0.0
2024-04-22 00:00:00-04:00,16.450000762939453,16.530000686645508,16.18000030517578,16.209999084472656,67400,0.0,0.0
2024-04-23 00:00:00-04:00,16.209999084472656,16.299999237060547,15.9399995803833,16.040000915527344,46400,0.0,0.0
2024-04-24 00:00:00-04:00,15.920000076293945,16.049999237060547,15.819999694824219,16.040000915527344,32700,0.0,0.0
2024-04-25 00:00:00-04:00,16.09000015258789,16.459999084472656,15.930000305175781,16.389999389648438,54300,0.0,0.0
2024-04-26 00:00:00-04:00,16.479999542236328,17.030000686645508,16.479999542236328,16.8799991607666,39500,0.0,0.0
2024-04-29 00:00:00-04:00,16.8799991607666,16.959999084472656,16.610000610351562,16.6299991607666,36300,0.0,0.0
2024-04-30 00:00:00-04:00,16.59000015258789,16.68000030517578,16.360000610351562,16.360000610351562,30900,0.0,0.0
2024-05-01 00:00:00-04:00,16.43000030517578,16.75,16.399999618530273,16.520000457763672,23100,0.0,0.0
2024-05-02 00:00:00-04:00,16.6200008392334,16.979999542236328,16.510000228881836,16.81999969482422,40300,0.0,0.0
2024-05-03 00:00:00-04:00,16.84000015258789,17.399999618530273,16.84000015258789,17.3799991607666,44700,0.0,0.0
2024-05-06 00:00:00-04:00,17.489999771118164,17.850000381469727,17.469999313354492,17.719999313354492,50600,0.0,0.0
2024-05-07 00:00:00-04:00,17.690000534057617,18.229999542236328,17.690000534057617,17.940000534057617,53500,0.0,0.0
2024-05-08 00:00:00-04:00,17.90999984741211,18.1299991607666,17.799999237060547,17.889999389648438,51700,0.0,0.0
2024-05-09 00:00:00-04:00,17.799999237060547,18.040000915527344,17.649999618530273,17.829999923706055,56600,0.0,0.0
2024-05-10 00:00:00-04:00,19.440000534057617,20.719999313354492,19.200000762939453,19.520000457763672,161300,0.0,0.0
2024-05-13 00:00:00-04:00,19.459999084472656,20.450000762939453,19.40999984741211,19.479999542236328,119600,0.0,0.0
2024-05-14 00:00:00-04:00,19.610000610351562,20.329999923706055,19.610000610351562,20.239999771118164,108200,0.0,0.0
2024-05-15 00:00:00-04:00,20.40999984741211,20.920000076293945,19.809999465942383,20.809999465942383,71300,0.0,0.0
2024-05-16 00:00:00-04:00,20.850000381469727,21.559999465942383,20.829999923706055,21.06999969482422,149400,0.0,0.0
2024-05-17 00:00:00-04:00,21.09000015258789,21.3700008392334,20.780000686645508,21.31999969482422,55700,0.0,0.0
2024-05-20 00:00:00-04:00,21.280000686645508,21.700000762939453,20.940000534057617,20.940000534057617,115700,0.0,0.0
2024-05-21 00:00:00-04:00,20.889999389648438,21.229999542236328,20.690000534057617,20.899999618530273,46300,0.0,0.0
2024-05-22 00:00:00-04:00,20.8700008392334,21.1200008392334,20.760000228881836,21.059999465942383,40800,0.0,0.0
2024-05-23 00:00:00-04:00,21.06999969482422,21.06999969482422,20.399999618530273,20.780000686645508,65900,0.0,0.0
2024-05-24 00:00:00-04:00,20.860000610351562,21.06999969482422,20.780000686645508,21.020000457763672,43500,0.0,0.0
2024-05-28 00:00:00-04:00,21.1299991607666,21.15999984741211,20.649999618530273,20.989999771118164,69100,0.0,0.0
2024-05-29 00:00:00-04:00,20.860000610351562,21.170000076293945,20.739999771118164,20.950000762939453,44100,0.0,0.0
2024-05-30 00:00:00-04:00,21.079999923706055,21.56999969482422,21.049999237060547,21.190000534057617,71300,0.0,0.0
2024-05-31 00:00:00-04:00,21.360000610351562,21.6299991607666,21.219999313354492,21.579999923706055,62600,0.0,0.0
2024-06-03 00:00:00-04:00,21.600000381469727,21.950000762939453,21.540000915527344,21.899999618530273,109800,0.0,0.0
2024-06-04 00:00:00-04:00,21.899999618530273,21.90999984741211,21.540000915527344,21.59000015258789,65400,0.0,0.0
2024-06-05 00:00:00-04:00,21.780000686645508,21.780000686645508,21.149999618530273,21.420000076293945,61700,0.0,0.0
2024-06-06 00:00:00-04:00,21.420000076293945,21.549999237060547,21.030000686645508,21.299999237060547,33400,0.0,0.0
2024-06-07 00:00:00-04:00,21.15999984741211,21.209999084472656,20.68000030517578,20.860000610351562,34000,0.0,0.0
2024-06-10 00:00:00-04:00,20.709999084472656,21.020000457763672,20.459999084472656,20.8799991607666,43400,0.0,0.0
2024-06-11 00:00:00-04:00,20.760000228881836,21.0,20.520000457763672,20.989999771118164,38300,0.0,0.0
2024-06-12 00:00:00-04:00,21.31999969482422,21.31999969482422,20.690000534057617,20.81999969482422,70000,0.0,0.0
2024-06-13 00:00:00-04:00,20.739999771118164,20.799999237060547,20.489999771118164,20.639999389648438,24200,0.0,0.0
2024-06-14 00:00:00-04:00,20.43000030517578,20.739999771118164,20.329999923706055,20.510000228881836,41100,0.0,0.0
2024-06-17 00:00:00-04:00,20.329999923706055,21.0,20.0,20.850000381469727,50800,0.0,0.0
2024-06-18 00:00:00-04:00,20.780000686645508,21.049999237060547,20.700000762939453,20.989999771118164,46800,0.0,0.0
2024-06-20 00:00:00-04:00,21.110000610351562,21.280000686645508,20.469999313354492,20.5,40300,0.0,0.0
2024-06-21 00:00:00-04:00,20.610000610351562,20.790000915527344,20.420000076293945,20.420000076293945,61000,0.0,0.0
2024-06-24 00:00:00-04:00,20.610000610351562,21.239999771118164,20.530000686645508,20.93000030517578,94600,0.0,0.0
2024-06-25 00:00:00-04:00,21.0,21.6299991607666,20.989999771118164,21.59000015258789,66900,0.0,0.0
2024-06-26 00:00:00-04:00,21.6200008392334,21.81999969482422,21.139999389648438,21.559999465942383,67000,0.0,0.0
2024-06-27 00:00:00-04:00,21.709999084472656,21.709999084472656,21.030000686645508,21.15999984741211,52000,0.0,0.0
2024-06-28 00:00:00-04:00,21.100000381469727,21.479999542236328,20.270000457763672,21.200000762939453,420600,0.0,0.0
2024-07-01 00:00:00-04:00,21.3700008392334,21.520000457763672,20.90999984741211,21.280000686645508,47800,0.0,0.0
2024-07-02 00:00:00-04:00,21.399999618530273,21.84000015258789,21.280000686645508,21.65999984741211,48500,0.0,0.0
2024-07-03 00:00:00-04:00,21.65999984741211,21.84000015258789,21.40999984741211,21.760000228881836,26900,0.0,0.0
2024-07-05 00:00:00-04:00,21.65999984741211,21.829999923706055,21.43000030517578,21.809999465942383,65200,0.0,0.0
2024-07-08 00:00:00-04:00,21.969999313354492,22.959999084472656,21.969999313354492,22.260000228881836,111900,0.0,0.0
2024-07-09 00:00:00-04:00,22.299999237060547,22.59000015258789,22.1299991607666,22.329999923706055,63500,0.0,0.0
2024-07-10 00:00:00-04:00,22.420000076293945,22.700000762939453,22.299999237060547,22.639999389648438,38100,0.0,0.0
2024-07-11 00:00:00-04:00,22.989999771118164,24.209999084472656,22.979999542236328,23.600000381469727,153600,0.0,0.0
2024-07-12 00:00:00-04:00,23.90999984741211,24.06999969482422,23.209999084472656,23.25,60100,0.0,0.0
2024-07-15 00:00:00-04:00,23.3700008392334,23.81999969482422,23.299999237060547,23.399999618530273,72800,0.0,0.0
2024-07-16 00:00:00-04:00,23.690000534057617,24.8700008392334,23.690000534057617,24.84000015258789,64300,0.0,0.0
2024-07-17 00:00:00-04:00,24.65999984741211,25.06999969482422,24.5,24.75,69000,0.0,0.0
2024-07-18 00:00:00-04:00,24.65999984741211,25.100000381469727,24.170000076293945,24.43000030517578,79600,0.0,0.0
2024-07-19 00:00:00-04:00,24.440000534057617,24.709999084472656,24.18000030517578,24.290000915527344,38300,0.0,0.0
2024-07-22 00:00:00-04:00,24.290000915527344,24.6200008392334,23.790000915527344,24.510000228881836,42500,0.0,0.0
2024-07-23 00:00:00-04:00,24.440000534057617,25.06999969482422,24.360000610351562,24.459999084472656,104700,0.0,0.0
2024-07-24 00:00:00-04:00,24.40999984741211,24.68000030517578,24.170000076293945,24.18000030517578,91500,0.0,0.0
2024-07-25 00:00:00-04:00,24.170000076293945,25.200000762939453,24.170000076293945,24.899999618530273,63800,0.0,0.0
2024-07-26 00:00:00-04:00,25.239999771118164,26.139999389648438,25.139999389648438,26.06999969482422,92200,0.0,0.0
2024-07-29 00:00:00-04:00,26.15999984741211,26.15999984741211,25.049999237060547,25.1299991607666,84100,0.0,0.0
2024-07-30 00:00:00-04:00,25.760000228881836,26.549999237060547,25.700000762939453,26.290000915527344,130900,0.0,0.0
2024-07-31 00:00:00-04:00,26.440000534057617,27.600000381469727,25.850000381469727,27.280000686645508,78400,0.0,0.0
2024-08-01 00:00:00-04:00,27.360000610351562,27.360000610351562,25.329999923706055,25.829999923706055,125300,0.0,0.0
2024-08-02 00:00:00-04:00,25.1200008392334,25.59000015258789,24.389999389648438,24.809999465942383,89800,0.0,0.0
2024-08-05 00:00:00-04:00,23.549999237060547,23.68000030517578,22.139999389648438,23.280000686645508,106600,0.0,0.0
2024-08-06 00:00:00-04:00,23.549999237060547,23.920000076293945,23.239999771118164,23.6200008392334,78700,0.0,0.0
2024-08-07 00:00:00-04:00,24.030000686645508,24.049999237060547,23.1299991607666,23.399999618530273,59400,0.0,0.0
2024-08-08 00:00:00-04:00,23.780000686645508,24.079999923706055,23.579999923706055,23.889999389648438,59300,0.0,0.0
2024-08-09 00:00:00-04:00,24.510000228881836,25.6299991607666,23.809999465942383,24.799999237060547,266800,0.0,0.0
2024-08-12 00:00:00-04:00,24.760000228881836,24.760000228881836,22.520000457763672,22.790000915527344,116000,0.0,0.0
2024-08-13 00:00:00-04:00,23.049999237060547,23.489999771118164,22.690000534057617,23.479999542236328,76900,0.0,0.0
2024-08-14 00:00:00-04:00,23.479999542236328,23.65999984741211,23.049999237060547,23.43000030517578,58600,0.0,0.0
2024-08-15 00:00:00-04:00,24.010000228881836,24.270000457763672,23.700000762939453,24.030000686645508,47400,0.0,0.0
2024-08-16 00:00:00-04:00,24.030000686645508,24.579999923706055,23.93000030517578,24.489999771118164,89600,0.0,0.0
2024-08-19 00:00:00-04:00,24.479999542236328,24.940000534057617,24.450000762939453,24.790000915527344,83400,0.0,0.0
2024-08-20 00:00:00-04:00,24.8799991607666,24.889999389648438,24.459999084472656,24.68000030517578,64800,0.0,0.0
2024-08-21 00:00:00-04:00,24.989999771118164,24.989999771118164,24.239999771118164,24.700000762939453,55000,0.0,0.0
2024-08-22 00:00:00-04:00,24.760000228881836,24.84000015258789,24.420000076293945,24.559999465942383,68700,0.0,0.0
2024-08-23 00:00:00-04:00,24.959999084472656,25.280000686645508,24.549999237060547,25.229999542236328,86200,0.0,0.0
2024-08-26 00:00:00-04:00,25.43000030517578,25.530000686645508,24.8799991607666,25.110000610351562,49900,0.0,0.0
2024-08-27 00:00:00-04:00,25.079999923706055,25.809999465942383,24.959999084472656,25.600000381469727,51100,0.0,0.0
2024-08-28 00:00:00-04:00,25.56999969482422,25.979999542236328,24.8700008392334,25.809999465942383,63900,0.0,0.0
2024-08-29 00:00:00-04:00,25.93000030517578,26.020000457763672,25.209999084472656,26.010000228881836,83100,0.0,0.0
2024-08-30 00:00:00-04:00,26.100000381469727,26.639999389648438,26.030000686645508,26.6200008392334,39100,0.0,0.0
2024-09-03 00:00:00-04:00,26.780000686645508,26.780000686645508,25.889999389648438,26.1200008392334,66500,0.0,0.0
2024-09-04 00:00:00-04:00,25.940000534057617,26.530000686645508,25.690000534057617,26.309999465942383,43500,0.0,0.0
2024-09-05 00:00:00-04:00,26.360000610351562,28.309999465942383,26.309999465942383,27.469999313354492,190800,0.0,0.0
2024-09-06 00:00:00-04:00,27.469999313354492,27.719999313354492,26.110000610351562,26.389999389648438,69200,0.0,0.0
2024-09-09 00:00:00-04:00,26.549999237060547,26.889999389648438,26.200000762939453,26.31999969482422,64900,0.0,0.0
2024-09-10 00:00:00-04:00,26.329999923706055,26.940000534057617,26.059999465942383,26.899999618530273,55200,0.0,0.0
2024-09-11 00:00:00-04:00,26.899999618530273,27.270000457763672,26.420000076293945,27.270000457763672,58900,0.0,0.0
2024-09-12 00:00:00-04:00,27.520000457763672,28.1200008392334,27.360000610351562,27.93000030517578,60700,0.0,0.0
2024-09-13 00:00:00-04:00,28.059999465942383,29.360000610351562,28.059999465942383,28.6299991607666,88900,0.0,0.0
2024-09-16 00:00:00-04:00,28.780000686645508,29.489999771118164,28.770000457763672,29.299999237060547,59000,0.0,0.0
2024-09-17 00:00:00-04:00,29.709999084472656,29.739999771118164,28.93000030517578,29.329999923706055,63800,0.0,0.0
2024-09-18 00:00:00-04:00,29.520000457763672,30.31999969482422,29.06999969482422,29.290000915527344,166200,0.0,0.0
2024-09-19 00:00:00-04:00,29.809999465942383,29.899999618530273,28.959999084472656,29.25,92700,0.0,0.0
2024-09-20 00:00:00-04:00,28.989999771118164,29.100000381469727,28.309999465942383,28.309999465942383,228600,0.0,0.0
2024-09-23 00:00:00-04:00,28.309999465942383,28.719999313354492,27.989999771118164,28.670000076293945,110600,0.0,0.0
2024-09-24 00:00:00-04:00,28.600000381469727,28.950000762939453,27.760000228881836,27.760000228881836,76400,0.0,0.0
2024-09-25 00:00:00-04:00,27.540000915527344,28.299999237060547,27.309999465942383,28.200000762939453,97400,0.0,0.0
2024-09-26 00:00:00-04:00,28.43000030517578,28.84000015258789,27.579999923706055,27.579999923706055,65000,0.0,0.0
2024-09-27 00:00:00-04:00,28.229999542236328,28.469999313354492,27.6299991607666,27.93000030517578,68300,0.0,0.0
2024-09-30 00:00:00-04:00,27.979999542236328,29.75,27.979999542236328,29.690000534057617,213200,0.0,0.0
2024-10-01 00:00:00-04:00,29.600000381469727,29.760000228881836,28.81999969482422,29.440000534057617,174100,0.0,0.0
2024-10-02 00:00:00-04:00,28.75,28.809999465942383,25.899999618530273,26.510000228881836,197800,0.0,0.0
2024-10-03 00:00:00-04:00,26.09000015258789,26.520000457763672,24.989999771118164,25.59000015258789,152000,0.0,0.0
2024-10-04 00:00:00-04:00,26.280000686645508,26.639999389648438,25.899999618530273,26.040000915527344,77500,0.0,0.0
2024-10-07 00:00:00-04:00,25.889999389648438,25.93000030517578,25.1200008392334,25.549999237060547,84100,0.0,0.0
2024-10-08 00:00:00-04:00,25.739999771118164,26.329999923706055,25.540000915527344,26.25,69500,0.0,0.0
2024-10-09 00:00:00-04:00,26.40999984741211,26.670000076293945,26.1299991607666,26.43000030517578,59200,0.0,0.0
2024-10-10 00:00:00-04:00,26.06999969482422,26.389999389648438,25.6299991607666,25.950000762939453,53900,0.0,0.0
2024-10-11 00:00:00-04:00,26.040000915527344,26.68000030517578,26.040000915527344,26.670000076293945,46200,0.0,0.0
2024-10-14 00:00:00-04:00,26.559999465942383,26.559999465942383,25.8799991607666,26.079999923706055,63100,0.0,0.0
2024-10-15 00:00:00-04:00,26.139999389648438,27.389999389648438,26.139999389648438,26.829999923706055,88400,0.0,0.0
2024-10-16 00:00:00-04:00,27.059999465942383,27.219999313354492,26.889999389648438,27.049999237060547,54900,0.0,0.0
2024-10-17 00:00:00-04:00,27.3799991607666,28.040000915527344,27.1200008392334,27.760000228881836,62600,0.0,0.0
2024-10-18 00:00:00-04:00,27.75,27.889999389648438,27.100000381469727,27.34000015258789,46800,0.0,0.0
2024-10-21 00:00:00-04:00,27.610000610351562,27.81999969482422,26.799999237060547,26.8700008392334,89200,0.0,0.0
2024-10-22 00:00:00-04:00,26.950000762939453,26.950000762939453,26.420000076293945,26.6200008392334,72800,0.0,0.0
2024-10-23 00:00:00-04:00,26.5,26.6200008392334,26.309999465942383,26.540000915527344,68200,0.0,0.0
2024-10-24 00:00:00-04:00,26.59000015258789,26.780000686645508,26.329999923706055,26.690000534057617,58000,0.0,0.0
2024-10-25 00:00:00-04:00,26.860000610351562,27.079999923706055,26.559999465942383,26.579999923706055,36000,0.0,0.0
2024-10-28 00:00:00-04:00,26.489999771118164,27.309999465942383,26.489999771118164,27.200000762939453,66100,0.0,0.0
2024-10-29 00:00:00-04:00,27.030000686645508,27.579999923706055,26.920000076293945,27.579999923706055,40900,0.0,0.0
2024-10-30 00:00:00-04:00,27.479999542236328,27.899999618530273,27.239999771118164,27.280000686645508,42600,0.0,0.0
2024-10-31 00:00:00-04:00,27.350000381469727,27.6299991607666,27.139999389648438,27.3799991607666,43000,0.0,0.0
2024-11-01 00:00:00-04:00,27.030000686645508,27.479999542236328,26.68000030517578,27.34000015258789,80300,0.0,0.0
2024-11-04 00:00:00-05:00,27.31999969482422,27.559999465942383,27.049999237060547,27.450000762939453,85900,0.0,0.0
2024-11-05 00:00:00-05:00,27.450000762939453,30.809999465942383,27.450000762939453,30.56999969482422,155600,0.0,0.0
2024-11-06 00:00:00-05:00,31.549999237060547,33.709999084472656,31.549999237060547,32.77000045776367,178800,0.0,0.0
2024-11-07 00:00:00-05:00,32.869998931884766,33.880001068115234,32.310001373291016,33.22999954223633,105200,0.0,0.0
2024-11-08 00:00:00-05:00,33.290000915527344,33.79999923706055,33.060001373291016,33.790000915527344,102900,0.0,0.0
2024-11-11 00:00:00-05:00,34.02000045776367,34.7599983215332,33.63999938964844,33.88999938964844,102000,0.0,0.0
2024-11-12 00:00:00-05:00,33.720001220703125,34.7599983215332,33.720001220703125,34.16999816894531,114200,0.0,0.0
2024-11-13 00:00:00-05:00,34.5,34.650001525878906,33.43000030517578,33.52000045776367,76800,0.0,0.0
2024-11-14 00:00:00-05:00,33.689998626708984,33.689998626708984,32.7400016784668,32.79999923706055,50600,0.0,0.0
2024-11-15 00:00:00-05:00,32.5,33.2400016784668,32.34000015258789,32.84000015258789,78000,0.0,0.0
2024-11-18 00:00:00-05:00,32.97999954223633,33.459999084472656,32.93000030517578,32.93000030517578,64700,0.0,0.0
2024-11-19 00:00:00-05:00,32.869998931884766,34.5,32.459999084472656,34.470001220703125,149800,0.0,0.0
2024-11-20 00:00:00-05:00,34.4900016784668,35.0,33.56999969482422,34.779998779296875,162300,0.0,0.0
2024-11-21 00:00:00-05:00,34.77000045776367,36.279998779296875,34.70000076293945,36.25,122800,0.0,0.0
2024-11-22 00:00:00-05:00,38.22999954223633,45.61000061035156,37.560001373291016,45.599998474121094,405000,0.0,0.0
2024-11-25 00:00:00-05:00,45.880001068115234,47.31999969482422,42.709999084472656,46.97999954223633,241000,0.0,0.0
2024-11-26 00:00:00-05:00,46.869998931884766,47.290000915527344,44.31999969482422,46.56999969482422,172200,0.0,0.0
2024-11-27 00:00:00-05:00,47.0,47.56999969482422,46.09000015258789,46.209999084472656,108300,0.0,0.0
2024-11-29 00:00:00-05:00,46.459999084472656,47.529998779296875,45.93000030517578,47.04999923706055,61000,0.0,0.0
2024-12-02 00:00:00-05:00,46.970001220703125,46.970001220703125,45.0,45.869998931884766,103700,0.0,0.0
2024-12-03 00:00:00-05:00,45.45000076293945,45.880001068115234,43.72999954223633,44.5,145600,0.0,0.0
2024-12-04 00:00:00-05:00,44.439998626708984,46.5099983215332,44.439998626708984,45.29999923706055,112200,0.0,0.0
2024-12-05 00:00:00-05:00,45.06999969482422,45.15999984741211,43.540000915527344,44.33000183105469,117700,0.0,0.0
2024-12-06 00:00:00-05:00,44.400001525878906,44.849998474121094,42.9900016784668,43.66999816894531,131800,0.0,0.0
2024-12-09 00:00:00-05:00,43.779998779296875,44.4900016784668,42.11000061035156,42.20000076293945,93300,0.0,0.0
2024-12-10 00:00:00-05:00,42.2400016784668,44.04999923706055,42.2400016784668,43.2599983215332,115600,0.0,0.0
2024-12-11 00:00:00-05:00,43.86000061035156,45.040000915527344,43.599998474121094,43.84000015258789,236000,0.0,0.0
2024-12-12 00:00:00-05:00,44.20000076293945,44.650001525878906,43.34000015258789,43.380001068115234,113900,0.0,0.0
2024-12-13 00:00:00-05:00,43.4900016784668,43.630001068115234,41.97999954223633,42.0,107700,0.0,0.0
2024-12-16 00:00:00-05:00,41.900001525878906,42.209999084472656,41.06999969482422,41.529998779296875,117600,0.0,0.0
2024-12-17 00:00:00-05:00,41.34000015258789,41.86000061035156,40.380001068115234,40.630001068115234,158300,0.0,0.0
2024-12-18 00:00:00-05:00,40.849998474121094,41.16999816894531,38.150001525878906,38.20000076293945,120000,0.0,0.0
2024-12-19 00:00:00-05:00,38.650001525878906,39.66999816894531,38.349998474121094,39.15999984741211,94600,0.0,0.0
2024-12-20 00:00:00-05:00,38.349998474121094,39.90999984741211,38.279998779296875,39.20000076293945,179600,0.0,0.0
2024-12-23 00:00:00-05:00,39.09000015258789,39.09000015258789,38.08000183105469,38.84000015258789,84800,0.0,0.0
2024-12-24 00:00:00-05:00,38.75,39.90999984741211,38.70000076293945,39.900001525878906,38300,0.0,0.0
2024-12-26 00:00:00-05:00,39.560001373291016,40.36000061035156,39.560001373291016,40.29999923706055,81900,0.0,0.0
2024-12-27 00:00:00-05:00,39.68000030517578,40.43000030517578,38.9900016784668,39.279998779296875,77400,0.0,0.0
