Date,Open,High,Low,Close,Volume,Dividends,Stock Splits
2021-11-23 00:00:00-05:00,15.358556788139676,15.721877919889122,15.234697776733869,15.515445709228516,2932400,0.0,0.0
2021-11-24 00:00:00-05:00,15.688849806432701,15.77142301514136,15.036523190082553,15.15212631225586,1567300,0.0,0.0
2021-11-26 00:00:00-05:00,15.028265301081133,15.317269130947778,13.913531068179315,14.722744941711426,1351500,0.0,0.0
2021-11-29 00:00:00-05:00,14.53282971178545,15.449387767547105,14.119965240285595,15.358558654785156,1216000,0.0,0.0
2021-11-30 00:00:00-05:00,14.896149689311185,15.086066952933743,14.656687559128343,14.673202514648438,1403500,0.0,0.0
2021-12-01 00:00:00-05:00,14.780547418083422,15.259470130793849,14.458513641850548,14.582372665405273,936800,0.0,0.0
2021-12-02 00:00:00-05:00,14.49154229381407,14.937436678215965,14.202538424242066,14.813577651977539,1403800,0.0,0.0
2021-12-03 00:00:00-05:00,14.854861213725638,15.05303594060973,14.466769237113379,14.697972297668457,731900,0.0,0.0
2021-12-06 00:00:00-05:00,14.697973558058319,15.366815090468872,14.623657832234924,15.309014320373535,896700,0.0,0.0
2021-12-07 00:00:00-05:00,15.209927558898926,15.647564476198372,14.920922106906952,15.209927558898926,1011600,0.0,0.0
2021-12-08 00:00:00-05:00,15.259470787052287,15.763165956117064,15.02826768646098,15.705365180969238,817200,0.0,0.0
2021-12-09 00:00:00-05:00,15.771421001125427,15.85399419928946,15.300755819029026,15.606274604797363,722900,0.0,0.0
2021-12-10 00:00:00-05:00,15.309014318675429,15.73839214288725,15.309014318675429,15.655818939208984,536000,0.0,0.0
2021-12-13 00:00:00-05:00,15.424614770941115,15.424614770941115,14.706229997047272,15.218182563781738,513500,0.0,0.0
2021-12-14 00:00:00-05:00,15.242954237498525,15.911795758502242,14.96220786967389,15.738391876220703,725200,0.0,0.0
2021-12-15 00:00:00-05:00,15.73839129977786,15.73839129977786,15.094323810486545,15.515445709228516,545500,0.0,0.0
2021-12-16 00:00:00-05:00,15.325529109714513,15.482418053644956,15.028267754052575,15.209927558898926,528800,0.0,0.0
2021-12-17 00:00:00-05:00,15.193409182319586,15.738390049161671,15.069550180755957,15.672331809997559,2071100,0.0,0.0
2021-12-20 00:00:00-05:00,15.259466775553147,15.647560292297944,15.119092826402332,15.292496681213379,654700,0.0,0.0
2021-12-21 00:00:00-05:00,15.333785177311903,15.812707868702402,15.317270221585678,15.655818939208984,443400,0.0,0.0
2021-12-22 00:00:00-05:00,15.432873249008482,15.589760602657414,15.21818355064626,15.375072479248047,542000,0.0,0.0
2021-12-23 00:00:00-05:00,15.275984584411626,15.663251323452265,15.275984584411626,15.408101081848145,428900,0.0,0.0
2021-12-27 00:00:00-05:00,15.465898652908209,15.556729316711428,15.172765333301072,15.556729316711426,477200,0.0,0.0
2021-12-28 00:00:00-05:00,15.33378651937178,15.837481688436556,15.26772826563812,15.705365180969238,370600,0.0,0.0
2021-12-29 00:00:00-05:00,15.424614997588876,15.639304685183587,15.375071708129411,15.47415828704834,572000,0.0,0.0
2021-12-30 00:00:00-05:00,15.366815831520682,15.581505541480071,15.300757580375713,15.3998441696167,587400,0.0,0.0
2021-12-31 00:00:00-05:00,15.275983078844806,15.639304198463554,15.275983078844806,15.416357040405273,474400,0.0,0.0
2022-01-03 00:00:00-05:00,15.284242062370518,15.482416808525297,15.176896423857796,15.408101081848145,554100,0.0,0.0
2022-01-04 00:00:00-05:00,15.275983554257706,15.523701576507802,15.275983554257706,15.47415828704834,385700,0.0,0.0
2022-01-05 00:00:00-05:00,15.34204277414483,15.432873456390553,14.854862601113382,14.863120079040527,660200,0.0,0.0
2022-01-06 00:00:00-05:00,14.79706269515829,14.937436678215965,14.441998998309295,14.813577651977539,708800,0.0,0.0
2022-01-07 00:00:00-05:00,14.714488626257662,15.036522390651953,14.67320281157481,14.863120079040527,383300,0.0,0.0
2022-01-10 00:00:00-05:00,14.764030709073461,14.784675189676113,14.417224539315725,14.565855979919434,721600,0.0,0.0
2022-01-11 00:00:00-05:00,14.475028690068456,14.607145192691368,14.3924554821909,14.516314506530762,437600,0.0,0.0
2022-01-12 00:00:00-05:00,14.508054248587412,14.619527821621471,14.417223579829441,14.4502534866333,393000,0.0,0.0
2022-01-13 00:00:00-05:00,14.450257026059909,14.60714597190112,14.425484589889289,14.532830238342285,433900,0.0,0.0
2022-01-14 00:00:00-05:00,14.450252211251373,14.637692033466607,14.359421550510135,14.598883628845215,337800,0.0,0.0
2022-01-18 00:00:00-05:00,14.565858471905566,14.5741159505688,13.954819225403385,14.05390739440918,637200,0.0,0.0
2022-01-19 00:00:00-05:00,14.103448523395363,14.202536677168917,13.789672257192526,13.872243881225586,556600,0.0,0.0
2022-01-20 00:00:00-05:00,13.830958108152142,14.012617886470244,13.533695220947266,13.533695220947266,483100,0.0,0.0
2022-01-21 00:00:00-05:00,13.401578941519984,13.847473279292442,13.327263218557908,13.558467864990234,566300,0.0,0.0
2022-01-24 00:00:00-05:00,13.385065498182362,13.839217364794365,13.071289190755706,13.822702407836914,907700,0.0,0.0
2022-01-25 00:00:00-05:00,13.591498954973618,14.15299494229095,13.513055264815772,13.897019386291504,838700,0.0,0.0
2022-01-26 00:00:00-05:00,14.070421622930185,14.194280646557141,13.48828121947292,13.541954040527344,467100,0.0,0.0
2022-01-27 00:00:00-05:00,13.541952196312042,13.773156830561163,13.21166098663667,13.244690895080566,565500,0.0,0.0
2022-01-28 00:00:00-05:00,13.211661433478984,13.75664234161377,13.129088234529185,13.75664234161377,349700,0.0,0.0
2022-01-31 00:00:00-05:00,13.682326795954449,14.053905408529175,13.558467783413803,13.740127563476562,1204900,0.0,0.0
2022-02-01 00:00:00-05:00,13.76490109649055,14.07867739167726,13.76490109649055,13.987848281860352,340200,0.0,0.0
2022-02-02 00:00:00-05:00,14.078677473321903,14.161250680413973,13.78967361092905,14.152993202209473,1074000,0.0,0.0
2022-02-03 00:00:00-05:00,14.02087544645337,14.169506890931068,13.839215667065512,13.84747314453125,629800,0.0,0.0
2022-02-04 00:00:00-05:00,13.789674078114698,13.839217374067264,13.484153674009075,13.707100868225098,288000,0.0,0.0
2022-02-07 00:00:00-05:00,13.599752436494574,13.971331017390325,13.558466627485117,13.86398696899414,278000,0.0,0.0
2022-02-08 00:00:00-05:00,13.85573024127668,14.13647816758636,13.674068891927625,13.954816818237305,395600,0.0,0.0
2022-02-09 00:00:00-05:00,13.996104265978108,14.780545707684755,13.996104265978108,14.722744941711426,430400,0.0,0.0
2022-02-10 00:00:00-05:00,14.541086616148942,14.863120387220455,14.227308748222882,14.285109519958496,428800,0.0,0.0
2022-02-11 00:00:00-05:00,14.450256033960263,14.450256033960263,13.851602254705611,13.987848281860352,658700,0.0,0.0
2022-02-14 00:00:00-05:00,13.872244445422142,14.144734910690879,13.690584660227264,13.748385429382324,433000,0.0,0.0
2022-02-15 00:00:00-05:00,13.847473109575539,14.086933655666293,13.740127477744718,13.806185722351074,596300,0.0,0.0
2022-02-16 00:00:00-05:00,13.855733253775835,14.3346560130864,13.810317906564414,14.210795402526855,560700,0.0,0.0
2022-02-17 00:00:00-05:00,14.161249458442082,14.260337613392851,13.872244046034531,14.119963645935059,528400,0.0,0.0
2022-02-18 00:00:00-05:00,14.119963962497936,14.186022208961845,13.806186110579743,13.814443588256836,373500,0.0,0.0
2022-02-22 00:00:00-05:00,13.707099223848425,13.987847158821255,13.475894578884684,13.624526023864746,576900,0.0,0.0
2022-02-23 00:00:00-05:00,13.591496467590332,13.71535705826555,13.380936298357565,13.591496467590332,645500,0.0,0.0
2022-02-24 00:00:00-05:00,13.186889953894603,13.66581183638019,13.021744341403643,13.624526023864746,775700,0.0,0.0
2022-02-25 00:00:00-05:00,13.748388009576114,13.92179192453727,13.541955752450487,13.830961227416992,505400,0.0,0.0
2022-02-28 00:00:00-05:00,13.641042361496806,14.214923718374681,13.641042361496806,14.062164306640625,507300,0.0,0.0
2022-03-01 00:00:00-05:00,14.177763933452718,14.301622941733468,13.73186961369873,13.797927856445312,313600,0.0,0.0
2022-03-02 00:00:00-05:00,13.74838429974277,13.938301547062748,13.632782770931081,13.764899253845215,312600,0.0,0.0
2022-03-03 00:00:00-05:00,13.863988064465325,13.872243966957432,13.589020207866254,13.806185722351074,326900,0.0,0.0
2022-03-04 00:00:00-05:00,13.69058589054719,13.731871707953047,13.445345237242918,13.550211906433105,275500,0.0,0.0
2022-03-07 00:00:00-05:00,13.541951613223063,13.541951613223063,13.087801416343302,13.120830535888672,429600,0.0,0.0
2022-03-08 00:00:00-05:00,13.16211717821311,13.52543751621969,13.087802245137228,13.277719497680664,396900,0.0,0.0
2022-03-09 00:00:00-05:00,13.492409831606912,13.822701063877318,13.463509447217803,13.69884204864502,337800,0.0,0.0
2022-03-10 00:00:00-05:00,13.550209505629137,13.979588860366427,13.550209505629137,13.946558952331543,226700,0.0,0.0
2022-03-11 00:00:00-05:00,14.004359349607359,14.169505735550505,13.73599844114057,13.86398696899414,196900,0.0,0.0
2022-03-14 00:00:00-04:00,14.433741255419546,14.532829419566403,14.053906705254635,14.086935043334961,589500,0.0,0.0
2022-03-15 00:00:00-04:00,14.227307708052226,14.40896906302892,14.169506940542476,14.235565185546875,357100,0.0,0.0
2022-03-16 00:00:00-04:00,14.293366344252103,14.541085951013041,14.194279761509998,14.359424591064453,450500,0.0,0.0
2022-03-17 00:00:00-04:00,14.268594970415325,14.84247626416278,14.268594970415325,14.640172004699707,738100,0.0,0.0
2022-03-18 00:00:00-04:00,14.631913397403297,14.776416878704891,14.095190006025259,14.202535629272461,1825100,0.0,0.0
2022-03-21 00:00:00-04:00,14.309879186289521,14.590627087516994,14.210791043228754,14.483283042907715,662800,0.0,0.0
2022-03-22 00:00:00-04:00,14.58237183424076,14.739260761775974,14.450255339985691,14.673202514648438,561500,0.0,0.0
2022-03-23 00:00:00-04:00,14.697974515349891,14.739261907359118,14.450256463106397,14.54108715057373,606600,0.0,0.0
2022-03-24 00:00:00-04:00,14.59062884467755,15.036521604768701,14.565856412190845,14.846604347229004,1223000,0.0,0.0
2022-03-25 00:00:00-04:00,12.48502102532321,12.666681606025643,12.14647229820262,12.493278503417969,4692000,0.0,0.0
2022-03-28 00:00:00-04:00,12.286843385851093,12.286843385851093,11.56020202143516,11.997838020324707,3191300,0.0,0.0
2022-03-29 00:00:00-04:00,11.9978405253616,12.23730187144671,11.642777638910431,12.146471977233887,1143600,0.0,0.0
2022-03-30 00:00:00-04:00,12.138157700444548,12.312747667124448,11.938625743620115,11.963567733764648,903200,0.1,0.0
2022-03-31 00:00:00-04:00,11.780663728792076,11.809761924324967,11.622700963233001,11.639328956604004,943800,0.0,0.0
2022-04-01 00:00:00-04:00,11.622701187415284,12.063333505849556,11.489680409346967,11.89705753326416,746700,0.0,0.0
2022-04-04 00:00:00-04:00,11.847173537548244,11.946939114299427,11.567829288351868,11.67258358001709,832700,0.0,0.0
2022-04-05 00:00:00-04:00,11.597760446244534,11.938626401678045,11.581133244764718,11.622701644897461,953400,0.0,0.0
2022-04-06 00:00:00-04:00,11.547879391683132,11.576977592306045,11.373289395079144,11.4896821975708,713500,0.0,0.0
2022-04-07 00:00:00-04:00,11.398229192161452,11.456425586236417,11.152140110463986,11.207011222839355,1216400,0.0,0.0
2022-04-08 00:00:00-04:00,11.157127670573109,11.389914015634641,11.082303290015322,11.340031623840332,624000,0.0,0.0
2022-04-11 00:00:00-04:00,11.33171855176281,11.381600947625362,11.1247043096207,11.182069778442383,440500,0.0,0.0
2022-04-12 00:00:00-04:00,11.215325411925381,11.348346196582998,11.04904943110336,11.140501022338867,647600,0.0,0.0
2022-04-13 00:00:00-04:00,11.182068731836125,11.414855074094868,11.173754735681735,11.331717491149902,478200,0.0,0.0
2022-04-14 00:00:00-04:00,11.273522732074486,11.431484717491319,11.256894737364068,11.315091133117676,461100,0.0,0.0
2022-04-18 00:00:00-04:00,11.306776249493481,11.556189790178674,11.256893065636657,11.40654182434082,657900,0.0,0.0
2022-04-19 00:00:00-04:00,11.356659677253143,11.747408809060454,11.356659677253143,11.655957221984863,631500,0.0,0.0
2022-04-20 00:00:00-04:00,11.639330729213887,11.764037527023158,11.614389528225331,11.631016731262207,600700,0.0,0.0
2022-04-21 00:00:00-04:00,11.664271038718113,11.734938430173415,11.140501100790532,11.223639488220215,640000,0.0,0.0
2022-04-22 00:00:00-04:00,11.1737558352993,11.231953021240948,11.007479860179712,11.107245445251465,397700,0.0,0.0
2022-04-25 00:00:00-04:00,10.9991647807711,11.35665868674676,10.924341193980524,11.331717491149902,692800,0.0,0.0
2022-04-26 00:00:00-04:00,11.306777602491303,11.385758196488357,11.148814828764388,11.207011222839355,630500,0.0,0.0
2022-04-27 00:00:00-04:00,11.198697772307492,11.290149359966426,11.057362995919618,11.182069778442383,771000,0.0,0.0
2022-04-28 00:00:00-04:00,11.240265912050546,11.539562637811786,11.182068731836125,11.331717491149902,552200,0.0,0.0
2022-04-29 00:00:00-04:00,11.26520887609453,11.381601669062444,11.144658291530405,11.157129287719727,580000,0.0,0.0
2022-05-02 00:00:00-04:00,11.207011608800238,11.2735227951476,10.949284032278245,11.073990821838379,828900,0.0,0.0
2022-05-03 00:00:00-04:00,11.032421878576494,11.352502834154047,11.032421878576494,11.26520824432373,501100,0.0,0.0
2022-05-04 00:00:00-04:00,11.348346083210412,11.381601279042588,10.923510817702725,11.290149688720703,1144700,0.0,0.0
2022-05-05 00:00:00-04:00,11.098931935020365,11.288486462141861,10.92434196774365,10.990852355957031,678600,0.0,0.0
2022-05-06 00:00:00-04:00,10.932654131391669,11.024106501133259,10.791319371669475,10.907712936401367,718700,0.0,0.0
2022-05-09 00:00:00-04:00,10.766379875569747,10.866145464139844,10.541907499503635,10.64167308807373,574200,0.0,0.0
2022-05-10 00:00:00-04:00,10.724809998686968,10.795477385195875,10.00982292972996,10.092961311340332,759700,0.0,0.0
2022-05-11 00:00:00-04:00,10.142844279702862,10.29249305791927,10.043078691847393,10.225982666015625,1150100,0.0,0.0
2022-05-12 00:00:00-04:00,10.151157934052769,10.720654037467755,10.05970634649063,10.683241844177246,730900,0.0,0.0
2022-05-13 00:00:00-04:00,10.65830135345459,10.733125750566385,10.525280555418728,10.65830135345459,394700,0.0,0.0
2022-05-16 00:00:00-04:00,10.633357881387246,10.882772220877678,10.591788692661119,10.791319847106934,572900,0.0,0.0
2022-05-17 00:00:00-04:00,10.80794784804383,11.19869695378337,10.80794784804383,11.190382957458496,581600,0.0,0.0
2022-05-18 00:00:00-04:00,11.182070276423698,11.227796468722724,10.882773509320375,10.89940071105957,416300,0.0,0.0
2022-05-19 00:00:00-04:00,10.783007945453946,11.015794320410974,10.783007945453946,10.891087532043457,494700,0.0,0.0
2022-05-20 00:00:00-04:00,10.974223842360567,11.007479034891167,10.82457587240603,10.9492826461792,420000,0.0,0.0
2022-05-23 00:00:00-04:00,10.965909322334166,11.057361692075759,10.866143749506671,10.907712936401367,515500,0.0,0.0
2022-05-24 00:00:00-04:00,10.849519137876268,11.065678326985585,10.733125545386677,11.049050331115723,472600,0.0,0.0
2022-05-25 00:00:00-04:00,10.93265573992906,11.152971907879984,10.89108733978464,11.123873710632324,323700,0.0,0.0
2022-05-26 00:00:00-04:00,11.14050231434547,11.369132508248981,11.14050231434547,11.24026870727539,283700,0.0,0.0
2022-05-27 00:00:00-04:00,11.323404252453164,11.423169834380541,11.231952667236328,11.231952667236328,370600,0.0,0.0
2022-05-31 00:00:00-04:00,11.098932949535245,11.19869854097454,11.03242255524238,11.082304954528809,484600,0.0,0.0
2022-06-01 00:00:00-04:00,11.065676216469468,11.10724461248297,10.874458264768764,10.9492826461792,414700,0.0,0.0
2022-06-02 00:00:00-04:00,10.899399076979112,10.982537451809927,10.816261495014599,10.916027069091797,445000,0.0,0.0
2022-06-03 00:00:00-04:00,10.807946950237675,10.899398523615522,10.65829820028641,10.708181381225586,539100,0.0,0.0
2022-06-06 00:00:00-04:00,10.84120398885098,10.916028376587741,10.57516242611263,10.625044822692871,415800,0.0,0.0
2022-06-07 00:00:00-04:00,10.558535077909715,10.691555867416223,10.39225909102658,10.674928665161133,401700,0.0,0.0
2022-06-08 00:00:00-04:00,10.61673111506044,10.64998630882577,10.379786967507819,10.408885955810547,291100,0.0,0.0
2022-06-09 00:00:00-04:00,10.275864982532894,10.417199762430979,10.209354591153375,10.309120178222656,721000,0.0,0.0
2022-06-10 00:00:00-04:00,10.159470898768436,10.234295277747252,9.980723947400444,10.03476333618164,450900,0.0,0.0
2022-06-13 00:00:00-04:00,9.851861607405914,9.934999201646056,9.535936846413964,9.585819244384766,796900,0.0,0.0
2022-06-14 00:00:00-04:00,9.552562803232366,9.660642375239478,9.45279722742572,9.635701179504395,931400,0.0,0.0
2022-06-15 00:00:00-04:00,9.727154368691574,10.018137940927273,9.668957971391013,9.851861953735352,433400,0.0,0.0
2022-06-16 00:00:00-04:00,9.627388829108195,9.71800950030574,9.377974450520979,9.452798843383789,712500,0.0,0.0
2022-06-17 00:00:00-04:00,9.510995675595481,9.851862457864456,9.456956274317779,9.735468864440918,1475500,0.0,0.0
2022-06-21 00:00:00-04:00,9.727154293162187,10.018137863138458,9.693899095982022,9.768723487854004,560100,0.0,0.0
2022-06-22 00:00:00-04:00,9.644015670894238,9.86848802976855,9.594132483996415,9.68558406829834,618200,0.0,0.0
2022-06-23 00:00:00-04:00,9.644014143397897,9.835231278342608,9.63570014808737,9.785348892211914,667000,0.0,0.0
2022-06-24 00:00:00-04:00,9.785350227541837,9.951626192111577,9.41954231262207,9.41954231262207,7260000,0.0,0.0
2022-06-27 00:00:00-04:00,9.46942612750292,9.693898496367725,9.286522157892287,9.311463356018066,911100,0.0,0.0
2022-06-28 00:00:00-04:00,9.427856881090161,9.727153635475135,9.37797369225947,9.386287689208984,661700,0.0,0.0
2022-06-29 00:00:00-04:00,9.419839028580318,9.419839028580318,9.17826237911416,9.335958480834961,760300,0.1,0.0
2022-06-30 00:00:00-04:00,9.226914620827882,9.394676544852544,9.159809851218016,9.19336223602295,740900,0.0,0.0
2022-07-01 00:00:00-04:00,9.117869178213718,9.294019398581959,9.075928497182812,9.235302925109863,993800,0.0,0.0
2022-07-05 00:00:00-04:00,9.10948022005997,9.218525662835555,8.933330012492009,9.210137367248535,865700,0.0,0.0
2022-07-06 00:00:00-04:00,9.193360400054026,9.294017534366992,8.975269542400033,8.983657836914062,704200,0.0,0.0
2022-07-07 00:00:00-04:00,8.98365855336047,9.10109228606683,8.924942086983219,8.933329582214355,566700,0.0,0.0
2022-07-08 00:00:00-04:00,8.89139004755657,8.954300663940549,8.799120396904971,8.815896987915039,541800,0.0,0.0
2022-07-11 00:00:00-04:00,8.740402618360443,8.857836337975614,8.622968898745274,8.631357192993164,706500,0.0,0.0
2022-07-12 00:00:00-04:00,8.622970156784525,8.799120361930648,8.614582661264718,8.690074920654297,1378400,0.0,0.0
2022-07-13 00:00:00-04:00,8.648135174196657,8.723627434729751,8.572642113711668,8.606194496154785,449100,0.0,0.0
2022-07-14 00:00:00-04:00,8.438432995318314,8.555865939618212,8.421656403302935,8.497149467468262,1488200,0.0,0.0
2022-07-15 00:00:00-04:00,8.648135174196657,8.740404025927258,8.521474790482303,8.606194496154785,949500,0.0,0.0
2022-07-18 00:00:00-04:00,8.656522974247876,8.841061484150224,8.622970590624897,8.664911270141602,339300,0.0,0.0
2022-07-19 00:00:00-04:00,8.723627527982316,9.05915215595204,8.723627527982316,9.042375564575195,313200,0.0,0.0
2022-07-20 00:00:00-04:00,9.050762079339313,9.222718107356535,8.958493244778188,9.176583290100098,381500,0.0,0.0
2022-07-21 00:00:00-04:00,9.092704549360317,9.109480340804822,8.933330130902014,9.08431625366211,429200,0.0,0.0
2022-07-22 00:00:00-04:00,9.11786937713623,9.184974148268907,8.874614381792282,9.11786937713623,447100,0.0,0.0
2022-07-25 00:00:00-04:00,9.14303029867706,9.1681951790973,9.021403243119337,9.101090431213379,670100,0.0,0.0
2022-07-26 00:00:00-04:00,9.075927085930374,9.126256055331998,8.84525457605652,8.874612808227539,232600,0.0,0.0
2022-07-27 00:00:00-04:00,8.89138917298026,8.912359109728309,8.773955447316482,8.86622428894043,306000,0.0,0.0
2022-07-28 00:00:00-04:00,8.857837779869449,9.008823101150293,8.841061188642746,8.992047309875488,299600,0.0,0.0
2022-07-29 00:00:00-04:00,8.992045620977848,9.218523960337608,8.908164280502826,9.176583290100098,325700,0.0,0.0
2022-08-01 00:00:00-04:00,9.143032285407513,9.168197171295946,9.000434465180536,9.109479904174805,346900,0.0,0.0
2022-08-02 00:00:00-04:00,9.075927215271498,9.12625618539036,8.958494284913888,9.050763130187988,366100,0.0,0.0
2022-08-03 00:00:00-04:00,9.042374640664928,9.226913127195346,9.042374640664928,9.126255989074707,332600,0.0,0.0
2022-08-04 00:00:00-04:00,9.109481073589256,9.436617432567644,9.046570450695866,9.075928688049316,384100,0.0,0.0
2022-08-05 00:00:00-04:00,9.067539393188431,9.067539393188431,8.778149625333532,8.950105667114258,286900,0.0,0.0
2022-08-08 00:00:00-04:00,9.025597997177506,9.268852924612972,9.025597997177506,9.176583290100098,292100,0.0,0.0
2022-08-09 00:00:00-04:00,9.168196282533213,9.193360366030378,8.883000669726057,8.899776458740234,375600,0.0,0.0
2022-08-10 00:00:00-04:00,9.042374948429995,9.193361060725808,8.915714571992291,8.924942016601562,326100,0.0,0.0
2022-08-11 00:00:00-04:00,8.941716957735142,9.033986595354373,8.908164580405906,9.017210006713867,298900,0.0,0.0
2022-08-12 00:00:00-04:00,9.017211288639311,9.189167346891631,8.958494819953707,9.159809112548828,355100,0.0,0.0
2022-08-15 00:00:00-04:00,9.109479693517802,9.168196959281103,9.008822552147377,9.14303207397461,279400,0.0,0.0
2022-08-16 00:00:00-04:00,9.08431699156989,9.260467215781162,9.075928695190314,9.11786937713623,424800,0.0,0.0
2022-08-17 00:00:00-04:00,9.017210621588339,9.050763001205476,8.8410604286104,8.874612808227539,355900,0.0,0.0
2022-08-18 00:00:00-04:00,8.841059997262922,8.920747194947698,8.719432927066807,8.899776458740234,295100,0.0,0.0
2022-08-19 00:00:00-04:00,8.782344357376221,8.815896738495203,8.660716475849993,8.723627090454102,247300,0.0,0.0
2022-08-22 00:00:00-04:00,8.66491063087987,8.673298926154741,8.45520804871927,8.46359634399414,373700,0.0,0.0
2022-08-23 00:00:00-04:00,8.455207391303555,8.539088737626535,8.417460865453393,8.480371475219727,394100,0.0,0.0
2022-08-24 00:00:00-04:00,8.438431739807129,8.539088877067325,8.400685213340578,8.438431739807129,399200,0.0,0.0
2022-08-25 00:00:00-04:00,8.413267983655825,8.643941320765729,8.413267983655825,8.622970581054688,464800,0.0,0.0
2022-08-26 00:00:00-04:00,8.60619502861431,8.60619502861431,8.27486453153141,8.287446975708008,446500,0.0,0.0
2022-08-29 00:00:00-04:00,8.295833928700565,8.455207529374587,8.23711666533492,8.438431739807129,385900,0.0,0.0
2022-08-30 00:00:00-04:00,8.430043924432807,8.463596305427538,8.325192633830289,8.337774276733398,454100,0.0,0.0
2022-08-31 00:00:00-04:00,8.295835048204136,8.371327311372923,8.27067016052928,8.279058456420898,310700,0.0,0.0
2022-09-01 00:00:00-04:00,8.279057809980586,8.354550867206695,8.170012371759743,8.337774276733398,421900,0.0,0.0
2022-09-02 00:00:00-04:00,8.4468189597252,8.467789695941828,8.253892986242947,8.304221153259277,317000,0.0,0.0
2022-09-06 00:00:00-04:00,8.30422157304148,8.326030659838159,8.224535171245474,8.237116813659668,358300,0.0,0.0
2022-09-07 00:00:00-04:00,8.237117489328586,8.648135174196657,8.224535845882352,8.606194496154785,407500,0.0,0.0
2022-09-08 00:00:00-04:00,8.572642193937659,8.673299342209,8.480372541391667,8.656522750854492,309600,0.0,0.0
2022-09-09 00:00:00-04:00,8.698464916859567,8.924944139165431,8.681689122588045,8.849451065063477,296200,0.0,0.0
2022-09-12 00:00:00-04:00,8.916554873048794,8.96268970219786,8.790732829901875,8.807509422302246,296300,0.0,0.0
2022-09-13 00:00:00-04:00,8.656522552630804,8.782344585052742,8.379715201235184,8.430044174194336,291400,0.0,0.0
2022-09-14 00:00:00-04:00,8.379713805545338,8.484565081790755,8.362938017320984,8.4132661819458,271300,0.0,0.0
2022-09-15 00:00:00-04:00,8.362938553501591,8.606193497988913,8.25389312322082,8.26228141784668,358000,0.0,0.0
2022-09-16 00:00:00-04:00,8.13645887665404,8.43004277012191,8.11129479434163,8.4132661819458,1000800,0.0,0.0
2022-09-19 00:00:00-04:00,8.337775152510508,8.372166686622041,8.186789822151063,8.287446975708008,290300,0.0,0.0
2022-09-20 00:00:00-04:00,8.228729729016884,8.228729729016884,8.069355317574189,8.128071784973145,313600,0.0,0.0
2022-09-21 00:00:00-04:00,8.128071849332345,8.161624230961973,7.9267575595545745,7.935145854949951,352800,0.0,0.0
2022-09-22 00:00:00-04:00,7.884816548372478,7.908303934474517,7.675113972086488,7.792547702789307,314900,0.0,0.0
2022-09-23 00:00:00-04:00,7.675115324811417,7.691891917848024,7.524129987241871,7.6415629386901855,346200,0.0,0.0
2022-09-26 00:00:00-04:00,7.549293627057756,7.624786691320645,7.3312027302876235,7.339591026306152,577100,0.0,0.0
2022-09-27 00:00:00-04:00,7.381531348355021,7.465411904615299,7.188604549047777,7.213769435882568,528500,0.0,0.0
2022-09-28 00:00:00-04:00,7.1969925718532535,7.528323036384989,7.17182848592422,7.440247535705566,383000,0.0,0.0
2022-09-29 00:00:00-04:00,7.363894787188867,7.363894787188867,7.143317107140953,7.287540912628174,404200,0.1,0.0
2022-09-30 00:00:00-04:00,7.321475350057725,7.550536148146265,7.321475350057725,7.423280239105225,413200,0.0,0.0
2022-10-03 00:00:00-04:00,7.423281250238691,7.484363868357988,7.3299602915021325,7.414797306060791,438200,0.0,0.0
2022-10-04 00:00:00-04:00,7.482666232991118,7.940788638907445,7.482666232991118,7.906853675842285,305100,0.0,0.0
2022-10-05 00:00:00-04:00,7.7626299736970354,7.83049990064178,7.580230050703875,7.686276912689209,266100,0.0,0.0
2022-10-06 00:00:00-04:00,7.643858327631836,7.745663222331544,7.5038764962855655,7.609923362731934,196400,0.0,0.0
2022-10-07 00:00:00-04:00,7.5250850285728665,7.567503934049661,7.414796197962532,7.516601085662842,308800,0.0,0.0
2022-10-10 00:00:00-04:00,7.550536891416134,7.660825734342687,7.516601925059765,7.533569812774658,180600,0.0,0.0
2022-10-11 00:00:00-04:00,7.499634221454003,7.618406189267004,7.397829330868566,7.584471225738525,419800,0.0,0.0
2022-10-12 00:00:00-04:00,7.601439419238613,7.660825405545096,7.516601602452165,7.609923362731934,152400,0.0,0.0
2022-10-13 00:00:00-04:00,7.533569545256815,7.771114301316158,7.423280706246629,7.728695392608643,499300,0.0,0.0
2022-10-14 00:00:00-04:00,7.847468437996902,7.881403404284763,7.70324462900514,7.711728572845459,226900,0.0,0.0
2022-10-17 00:00:00-04:00,7.864435471958421,7.9916913794553555,7.796564737676951,7.872918605804443,397200,0.0,0.0
2022-10-18 00:00:00-04:00,7.9662407927524095,8.110464593926908,7.771114140368465,7.83050012588501,267600,0.0,0.0
2022-10-19 00:00:00-04:00,7.677793831503417,7.737179821978724,7.414797228262097,7.601439952850342,290800,0.0,0.0
2022-10-20 00:00:00-04:00,7.516600823006684,7.728694533906037,7.516600823006684,7.635373592376709,185200,0.0,0.0
2022-10-21 00:00:00-04:00,7.686276014441106,7.737178049164382,7.5759871937763394,7.677792072296143,183200,0.0,0.0
2022-10-24 00:00:00-04:00,7.711727457752204,7.745662419133168,7.6107704824266875,7.635373592376709,201600,0.0,0.0
2022-10-25 00:00:00-04:00,7.601438900206547,7.94078852603452,7.601438900206547,7.923821449279785,428500,0.0,0.0
2022-10-26 00:00:00-04:00,8.000175275322523,8.161366144475501,7.889886445239612,8.008658409118652,199300,0.0,0.0
2022-10-27 00:00:00-04:00,8.000176633493131,8.135916506155306,7.949273776708086,8.068046569824219,223500,0.0,0.0
2022-10-28 00:00:00-04:00,8.059562420257457,8.085013443465076,7.8898875837509355,8.000176429748535,1730100,0.0,0.0
2022-10-31 00:00:00-04:00,7.932306031314233,7.9916920183506335,7.847468213485037,7.949273109436035,1752900,0.0,0.0
2022-11-01 00:00:00-04:00,8.025626559222571,8.034110502371485,7.817774806514269,7.940788745880127,239800,0.0,0.0
2022-11-02 00:00:00-04:00,7.889887017398886,8.085012863106497,7.771114235833352,7.788082122802734,226900,0.0,0.0
2022-11-03 00:00:00-04:00,7.7117275234049565,7.932305178795733,7.575987676725496,7.80504846572876,324900,0.0,0.0
2022-11-04 00:00:00-04:00,7.805048886141894,7.822016772427442,7.474183194307201,7.813532829284668,269900,0.0,0.0
2022-11-07 00:00:00-05:00,7.779598244872338,7.805049266467493,7.618406553598457,7.728695392608643,184600,0.0,0.0
2022-11-08 00:00:00-05:00,7.6862763420571625,7.898370050281912,7.635373496090976,7.779597282409668,201900,0.0,0.0
2022-11-09 00:00:00-05:00,7.788081603830929,7.923821454247213,7.720211678622787,7.872918605804443,213000,0.0,0.0
2022-11-10 00:00:00-05:00,8.068044892308048,8.424362388497086,8.025625988652536,8.31407356262207,405900,0.0,0.0
2022-11-11 00:00:00-05:00,8.35649353923104,8.4370885765441,8.254687833756888,8.297106742858887,185100,0.0,0.0
2022-11-14 00:00:00-05:00,8.25468691574254,8.25468691574254,8.017142183891766,8.034110069274902,195900,0.0,0.0
2022-11-15 00:00:00-05:00,8.085013443465076,8.178335210348742,7.92382255105224,8.000176429748535,201100,0.0,0.0
2022-11-16 00:00:00-05:00,7.932306195747515,7.966241161767972,7.8220173539126785,7.847468376159668,175500,0.0,0.0
2022-11-17 00:00:00-05:00,7.720211466090749,7.87291838906849,7.703243580719164,7.80504846572876,171100,0.0,0.0
2022-11-18 00:00:00-05:00,7.940788265775788,8.000175055154282,7.7965644772574905,7.9916911125183105,286400,0.0,0.0
2022-11-21 00:00:00-05:00,7.881401650978818,7.983206527194767,7.864434576146111,7.9662394523620605,223300,0.0,0.0
2022-11-22 00:00:00-05:00,7.974723488617317,8.029868308485193,7.8220165615313935,7.923821449279785,168200,0.0,0.0
2022-11-23 00:00:00-05:00,7.889887018015512,7.9662408912369385,7.826259060022117,7.915338039398193,146300,0.0,0.0
2022-11-25 00:00:00-05:00,7.872919131044803,7.974724025648911,7.868677159302125,7.915338039398193,74800,0.0,0.0
2022-11-28 00:00:00-05:00,7.838984494156583,7.949273336860484,7.686277550397917,7.711728572845459,213900,0.0,0.0
2022-11-29 00:00:00-05:00,7.728695022284003,7.805048892484316,7.677792981532694,7.762629985809326,137500,0.0,0.0
2022-11-30 00:00:00-05:00,7.728695224955237,7.940788954818619,7.635374275081762,7.881402969360352,235700,0.0,0.0
2022-12-01 00:00:00-05:00,7.923821449279785,8.1359151676906,7.881402543782957,7.923821449279785,183300,0.0,0.0
2022-12-02 00:00:00-05:00,7.796564118599357,8.101979566858146,7.796564118599357,8.076528549194336,185600,0.0,0.0
2022-12-05 00:00:00-05:00,7.974723493616656,8.025626342059427,7.817774594975326,7.872918605804443,205600,0.0,0.0
2022-12-06 00:00:00-05:00,7.83049941804893,7.847467303276062,7.559019727001214,7.635373592376709,254300,0.0,0.0
2022-12-07 00:00:00-05:00,7.669309887414533,7.745663766067608,7.520844102152825,7.601439952850342,698100,0.0,0.0
2022-12-08 00:00:00-05:00,7.609921789729981,7.766870666547536,7.5827733379777245,7.660823822021484,648800,0.0,0.0
2022-12-09 00:00:00-05:00,7.618406553598457,7.78808218842852,7.559020566851968,7.728695392608643,500100,0.0,0.0
2022-12-12 00:00:00-05:00,7.771113230459839,7.855951036184255,7.665066377840959,7.745662212371826,581300,0.0,0.0
2022-12-13 00:00:00-05:00,7.8559523199331345,8.263171912178617,7.720212455851308,7.847468376159668,872000,0.0,0.0
2022-12-14 00:00:00-05:00,7.805049466365745,8.174092929777446,7.771114500345288,7.847468376159668,1581900,0.0,0.0
2022-12-15 00:00:00-05:00,7.847467520034725,7.864435405730534,7.694759785065721,7.754146575927734,601000,0.0,0.0
2022-12-16 00:00:00-05:00,7.635374711843765,7.830500566124532,7.469941851990644,7.533569812774658,1379900,0.0,0.0
2022-12-19 00:00:00-05:00,7.474182979914905,7.567503924588517,7.291782252944061,7.389345169067383,683900,0.0,0.0
2022-12-20 00:00:00-05:00,7.406311985769843,7.542052640174918,7.363893890908636,7.457214832305908,475400,0.0,0.0
2022-12-21 00:00:00-05:00,7.482666958703396,7.6268907679863185,7.423280969848105,7.533569812774658,630100,0.0,0.0
2022-12-22 00:00:00-05:00,7.423280602504651,7.457215567181737,7.13483299821273,7.440248489379883,731700,0.0,0.0
2022-12-23 00:00:00-05:00,7.482665685322281,7.571745462519265,7.380860803578072,7.431763648986816,387000,0.0,0.0
2022-12-27 00:00:00-05:00,7.406312829437141,7.423280716573107,7.257847862364391,7.296024799346924,529100,0.0,0.0
2022-12-28 00:00:00-05:00,7.296023943075495,7.3554099229349745,7.130590299208909,7.151800155639648,670700,0.0,0.0
2022-12-29 00:00:00-05:00,7.134629499192586,7.289169645788285,7.113165021341719,7.271998882293701,648100,0.1,0.0
2022-12-30 00:00:00-05:00,7.280584077568894,7.375026145432171,7.194728619894982,7.332098007202148,353200,0.0,0.0
2023-01-03 00:00:00-05:00,7.3578545122417465,7.538152036544322,7.143214641347543,7.168972015380859,306600,0.0,0.0
2023-01-04 00:00:00-05:00,7.17755659797779,7.340683349514833,7.17755659797779,7.220484733581543,266100,0.0,0.0
2023-01-05 00:00:00-05:00,7.1947275794758285,7.220484131174771,7.040186631710142,7.091700553894043,270100,0.0,0.0
2023-01-06 00:00:00-05:00,7.117457916911892,7.297755436928632,7.0487732253613355,7.271998882293701,210900,0.0,0.0
2023-01-09 00:00:00-05:00,7.2805839732172295,7.3320979021121415,7.211899280548096,7.211899280548096,237800,0.0,0.0
2023-01-10 00:00:00-05:00,7.1689712374042545,7.287452033712691,7.126043104126748,7.2634124755859375,326300,0.0,0.0
2023-01-11 00:00:00-05:00,7.297755740142294,7.4136614689944045,7.263413392940128,7.375026226043701,417800,0.0,0.0
2023-01-12 00:00:00-05:00,7.435124898421886,7.572494282971353,7.3578544149162814,7.51239538192749,366500,0.0,0.0
2023-01-13 00:00:00-05:00,7.443711181159421,7.598252158374938,7.4007830409566475,7.589666366577148,204600,0.0,0.0
2023-01-17 00:00:00-05:00,7.555322876075811,7.718448801644103,7.555322876075811,7.615421772003174,335200,0.0,0.0
2023-01-18 00:00:00-05:00,7.624007927973913,7.821476206221851,7.6197150325181635,7.684106826782227,502700,0.0,0.0
2023-01-19 00:00:00-05:00,7.6583510633871175,7.714157072500403,7.495224294373812,7.589666366577148,375000,0.0,0.0
2023-01-20 00:00:00-05:00,7.6240081467996355,7.735620975494384,7.473760076680316,7.735620975494385,366000,0.0,0.0
2023-01-23 00:00:00-05:00,7.727034179370644,7.868696439907666,7.718448389329369,7.769962310791016,356500,0.0,0.0
2023-01-24 00:00:00-05:00,7.7699639804539595,7.778549772340209,7.589666444773638,7.632594585418701,162000,0.0,0.0
2023-01-25 00:00:00-05:00,7.6325931347415015,7.761376713413456,7.572493421746701,7.744205951690674,201600,0.0,0.0
2023-01-26 00:00:00-05:00,7.761378365486993,7.86440541411192,7.692693666403708,7.804306507110596,196800,0.0,0.0
2023-01-27 00:00:00-05:00,7.821476011768264,7.954553311229726,7.804305249158246,7.898746490478516,214200,0.0,0.0
2023-01-30 00:00:00-05:00,7.8558185495585064,7.907332476231421,7.838647786524927,7.872990131378174,229700,0.0,0.0
2023-01-31 00:00:00-05:00,7.864404156556002,8.302269657284802,7.864404156556002,8.2850980758667,595100,0.0,0.0
2023-02-01 00:00:00-05:00,8.207829154527065,8.24646357862266,7.9588469330592915,8.036116600036621,375500,0.0,0.0
2023-02-02 00:00:00-05:00,8.079044690017247,8.353783465489993,8.079044690017247,8.336612701416016,333900,0.0,0.0
2023-02-03 00:00:00-05:00,8.276514732073876,8.370955992093426,8.173487679656304,8.259343147277832,407700,0.0,0.0
2023-02-06 00:00:00-05:00,8.224998401516322,8.233584191414334,7.9760162259759495,8.070457458496094,296500,0.0,0.0
2023-02-07 00:00:00-05:00,8.113387085800092,8.164901015904455,7.9159187944366805,8.036116600036621,372100,0.0,0.0
2023-02-08 00:00:00-05:00,8.001773522496828,8.096215582603163,7.898746490478516,7.898746490478516,390900,0.0,0.0
2023-02-09 00:00:00-05:00,7.993188572830814,8.036115888868364,7.748498449971997,7.778548717498779,425100,0.0,0.0
2023-02-10 00:00:00-05:00,7.744206851842579,7.847233890512749,7.727035269337824,7.787134170532227,266600,0.0,0.0
2023-02-13 00:00:00-05:00,7.795720144997536,7.9760176716041675,7.735621242390706,7.950261116027832,179400,0.0,0.0
2023-02-14 00:00:00-05:00,7.907332815952118,7.984603299888197,7.840365117793257,7.864404678344727,264400,0.0,0.0
2023-02-15 00:00:00-05:00,7.821477033872529,7.958847246634439,7.804306269018649,7.941675662994385,155600,0.0,0.0
2023-02-16 00:00:00-05:00,7.847233914573444,7.911625711591468,7.787134194408647,7.864404678344727,167200,0.0,0.0
2023-02-17 00:00:00-05:00,7.898748044574166,7.958847772499149,7.787135199897745,7.830063343048096,196100,0.0,0.0
2023-02-21 00:00:00-05:00,7.727034930771868,7.748498589176246,7.516687967021854,7.5982513427734375,321400,0.0,0.0
2023-02-22 00:00:00-05:00,7.598251656663966,7.675521321383453,7.495223799465748,7.51239538192749,468300,0.0,0.0
2023-02-23 00:00:00-05:00,7.555323207178599,7.6411786595821924,7.508102176145669,7.5982513427734375,330800,0.0,0.0
2023-02-24 00:00:00-05:00,7.4866382369601565,7.538151342713133,7.357853835005611,7.392196178436279,539600,0.0,0.0
2023-02-27 00:00:00-05:00,7.452295893529488,7.5123947898366445,7.383611206668152,7.392196178436279,563200,0.0,0.0
2023-02-28 00:00:00-05:00,7.375025944829175,7.4522964277842085,7.332097807766811,7.349269390106201,522600,0.0,0.0
2023-03-01 00:00:00-05:00,7.306341176492433,7.3149269675721715,7.091701312215589,7.117457866668701,462800,0.0,0.0
2023-03-02 00:00:00-05:00,7.040187589095465,7.117458073486214,6.868475856441649,6.902818202972412,700600,0.0,0.0
2023-03-03 00:00:00-05:00,6.937160525698427,7.005845218524263,6.816962313253214,6.825547695159912,521000,0.0,0.0
2023-03-06 00:00:00-05:00,6.868475520247098,6.971502554796474,6.834133175397306,6.911403656005859,632100,0.0,0.0
2023-03-07 00:00:00-05:00,6.877061221810838,6.877061221810838,6.434902821176362,6.482123851776123,687300,0.0,0.0
2023-03-08 00:00:00-05:00,6.447781959924035,6.748277699243208,6.447781959924035,6.636664867401123,655000,0.0,0.0
2023-03-09 00:00:00-05:00,6.593736669024747,6.593736669024747,6.361925625448688,6.4391961097717285,853800,0.0,0.0
2023-03-10 00:00:00-05:00,6.404853021603328,6.4168728005473925,5.786690037387024,5.803861618041992,1368100,0.0,0.0
2023-03-13 00:00:00-04:00,5.743762564857453,5.898303112966461,5.679370362767258,5.752347946166992,608800,0.0,0.0
2023-03-14 00:00:00-04:00,5.9240605901738626,5.941231763677256,5.567758432933637,5.597807884216309,1169700,0.0,0.0
2023-03-15 00:00:00-04:00,5.451852294341494,5.580636290619002,5.4003387777090985,5.563465118408203,789000,0.0,0.0
2023-03-16 00:00:00-04:00,5.4947810767993275,5.537708807686293,5.280141194185237,5.4604387283325195,1183400,0.0,0.0
2023-03-17 00:00:00-04:00,5.4175098645636695,5.460437999110825,4.945302431510113,4.979644775390625,6104800,0.0,0.0
2023-03-20 00:00:00-04:00,5.005401539930761,5.168527884946846,4.923838572119244,4.996816158294678,1246700,0.0,0.0
2023-03-21 00:00:00-04:00,5.005401969551013,5.129893084407334,4.919546098855807,5.074086666107178,1312200,0.0,0.0
2023-03-22 00:00:00-04:00,5.048329248537963,5.151356275799633,4.953887602184926,4.962473392486572,1146800,0.0,0.0
2023-03-23 00:00:00-04:00,5.0054013548495,5.048329489621742,4.825103843834935,4.868031978607178,862800,0.0,0.0
2023-03-24 00:00:00-04:00,4.81651885518085,5.0826722480449025,4.81651885518085,5.056915283203125,721000,0.0,0.0
2023-03-27 00:00:00-04:00,5.159942984663953,5.305897761237387,5.108429052469698,5.228627681732178,877400,0.0,0.0
2023-03-28 00:00:00-04:00,5.185699232811636,5.323068618774414,5.168528059566289,5.323068618774414,673600,0.0,0.0
2023-03-29 00:00:00-04:00,5.374582250985991,5.4604381124696415,5.326502722919323,5.451852321624756,387300,0.0,0.0
2023-03-30 00:00:00-04:00,5.539081885342951,5.591419617809579,5.504190063698533,5.512913227081299,308800,0.1,0.0
2023-03-31 00:00:00-04:00,5.57397333922041,5.844385147094727,5.57397333922041,5.844385147094727,738200,0.0,0.0
2023-04-03 00:00:00-04:00,5.888000875951967,5.940338611602783,5.818217228417547,5.940338611602783,737500,0.0,0.0
2023-04-04 00:00:00-04:00,5.975230388109742,6.0275681233466,5.726626041748832,5.8094940185546875,713400,0.0,0.0
2023-04-05 00:00:00-04:00,5.765879664946884,5.796409907669047,5.700457181472213,5.77460241317749,397200,0.0,0.0
2023-04-06 00:00:00-04:00,5.826940245904325,5.857470905070297,5.722264769761082,5.783325672149658,314600,0.0,0.0
2023-04-10 00:00:00-04:00,5.748433752542311,5.835663314565178,5.6481194442584925,5.77460241317749,474600,0.0,0.0
2023-04-11 00:00:00-04:00,5.739710420158654,5.761517914011114,5.617589036905566,5.68737268447876,403600,0.0,0.0
2023-04-12 00:00:00-04:00,5.783325276065415,5.81821709905685,5.661203479652054,5.669926643371582,583500,0.0,0.0
2023-04-13 00:00:00-04:00,5.678649668094658,5.730987401300738,5.569612619929492,5.591419696807861,625100,0.0,0.0
2023-04-14 00:00:00-04:00,5.669926326013492,5.73970996809042,5.469298147070667,5.504189968109131,350000,0.0,0.0
2023-04-17 00:00:00-04:00,5.530359057828274,5.7615174768613855,5.4867440734326,5.757155895233154,421100,0.0,0.0
2023-04-18 00:00:00-04:00,5.800771319756873,5.800771319756873,5.573974049200647,5.68737268447876,379200,0.0,0.0
2023-04-19 00:00:00-04:00,5.652481209331545,5.744072356406448,5.5914203059671514,5.730988025665283,350800,0.0,0.0
2023-04-20 00:00:00-04:00,5.652480340626365,5.73534831050929,5.582696699473732,5.617588520050049,396200,0.0,0.0
2023-04-21 00:00:00-04:00,5.635034778512221,5.6437575262236,5.5085518171221945,5.600142955780029,376000,0.0,0.0
2023-04-24 00:00:00-04:00,5.565251090654881,5.591419749533018,5.473659952694736,5.530359268188477,302800,0.0,0.0
2023-04-25 00:00:00-04:00,5.460575562910001,5.547805118112025,5.3297310221353,5.338453769683838,306900,0.0,0.0
2023-04-26 00:00:00-04:00,5.268670293002579,5.347177103151638,5.146548911837754,5.172717571258545,348400,0.0,0.0
2023-04-27 00:00:00-04:00,5.1901640889744876,5.251224994659424,5.124742016839005,5.251224994659424,376600,0.0,0.0
2023-04-28 00:00:00-04:00,5.242501594246199,5.464936861427318,5.229416848690639,5.355899810791016,464700,0.0,0.0
2023-05-01 00:00:00-04:00,5.329731369474175,5.3864306880364206,5.277393632942107,5.321008205413818,422800,0.0,0.0
2023-05-02 00:00:00-04:00,5.259947899554023,5.264309065789084,5.068042443136752,5.155272006988525,581700,0.0,0.0
2023-05-03 00:00:00-04:00,5.1727175780804755,5.277393463731718,5.1247414251168575,5.233778476715088,586600,0.0,0.0
2023-05-04 00:00:00-04:00,5.181440361355989,5.399514448537924,5.072403317765021,5.373345375061035,575700,0.0,0.0
2023-05-05 00:00:00-04:00,5.478021310301941,5.5303590418596364,5.421321997128608,5.504189968109131,336900,0.0,0.0
2023-05-08 00:00:00-04:00,5.495467560718997,5.495467560718997,5.3558998519894825,5.425683498382568,382600,0.0,0.0
2023-05-09 00:00:00-04:00,5.373344862453488,5.451851659451436,5.268669410418406,5.364622116088867,330600,0.0,0.0
2023-05-10 00:00:00-04:00,5.486744275614118,5.661203387738838,5.268670177486551,5.277393341064453,439300,0.0,0.0
2023-05-11 00:00:00-04:00,5.216332909656452,5.281754978559438,5.129103345804679,5.155272006988525,394000,0.0,0.0
2023-05-12 00:00:00-04:00,5.18144045918935,5.190163206550804,4.82379908256003,4.884859561920166,723600,0.0,0.0
2023-05-15 00:00:00-04:00,4.911028590069245,4.963366321579595,4.797629963825163,4.815075874328613,445300,0.0,0.0
2023-05-16 00:00:00-04:00,4.84124590830888,4.919752313174367,4.754015922546387,4.754015922546387,666000,0.0,0.0
2023-05-17 00:00:00-04:00,4.780183945660644,5.094210743593428,4.7322077968425225,5.050595760345459,488500,0.0,0.0
2023-05-18 00:00:00-04:00,5.006980916785162,5.137825454236142,4.972089095590677,5.12910270690918,464100,0.0,0.0
2023-05-19 00:00:00-04:00,5.20760874618894,5.242500980978737,5.0593187240629325,5.146548271179199,325900,0.0,0.0
2023-05-22 00:00:00-04:00,5.163995050825196,5.2686705250043495,5.068042324855959,5.259947776794434,472700,0.0,0.0
2023-05-23 00:00:00-04:00,5.268669410418406,5.482381895642517,5.268669410418406,5.364622116088867,342000,0.0,0.0
2023-05-24 00:00:00-04:00,5.347177385559838,5.355900133846341,5.006981467575552,5.01570463180542,315300,0.0,0.0
2023-05-25 00:00:00-04:00,4.972089921600421,4.980813086319874,4.59700257347505,4.736569881439209,611600,0.0,0.0
2023-05-26 00:00:00-04:00,4.762738237355037,4.863052120755198,4.675508683106346,4.823799133300781,405000,0.0,0.0
2023-05-30 00:00:00-04:00,4.867413780766485,4.980812411085942,4.815076047375197,4.902305603027344,392900,0.0,0.0
2023-05-31 00:00:00-04:00,4.919752051942018,4.989535704091874,4.82467197146802,4.841245651245117,709800,0.0,0.0
2023-06-01 00:00:00-04:00,4.832522218084954,5.0157045027657805,4.780184481882339,4.998258590698242,523500,0.0,0.0
2023-06-02 00:00:00-04:00,5.050596112322276,5.312285198160633,5.024427453304441,5.286116123199463,439300,0.0,0.0
2023-06-05 00:00:00-04:00,5.233778215998591,5.277393200842574,5.129102751505016,5.198886394500732,440100,0.0,0.0
2023-06-06 00:00:00-04:00,5.198886531049504,5.504190185146226,5.198886531049504,5.469298362731934,442800,0.0,0.0
2023-06-07 00:00:00-04:00,5.530359818546132,5.809494426055647,5.530359818546132,5.730988025665283,543500,0.0,0.0
2023-06-08 00:00:00-04:00,5.722263981778999,5.739709892067157,5.560889207627706,5.617588520050049,339100,0.0,0.0
2023-06-09 00:00:00-04:00,5.626311907854781,5.683011226733114,5.573974171030941,5.6437578201293945,368200,0.0,0.0
2023-06-12 00:00:00-04:00,5.64375778610743,5.757156423180501,5.608865961768539,5.635035037994385,350300,0.0,0.0
2023-06-13 00:00:00-04:00,5.68737268447876,5.7746022439452505,5.617589036905566,5.68737268447876,353000,0.0,0.0
2023-06-14 00:00:00-04:00,5.722263981778999,5.800770786047368,5.578335117915865,5.617588520050049,366900,0.0,0.0
2023-06-15 00:00:00-04:00,5.5826970000366245,5.722264289855957,5.521636102769,5.722264289855957,329900,0.0,0.0
2023-06-16 00:00:00-04:00,5.722264896439747,5.853109452487103,5.704818983362991,5.800771713256836,2524300,0.0,0.0
2023-06-20 00:00:00-04:00,5.739710774178268,5.765879851603972,5.582697557454166,5.730988025665283,350700,0.0,0.0
2023-06-21 00:00:00-04:00,5.669926392556142,5.7440716171188795,5.608865497050557,5.6960954666137695,345800,0.0,0.0
2023-06-22 00:00:00-04:00,5.696095226971209,5.696095226971209,5.382068431207816,5.608865261077881,660500,0.0,0.0
2023-06-23 00:00:00-04:00,5.4605757510876005,5.600143044220486,5.355899865294593,5.547805309295654,1328100,0.0,0.0
2023-06-26 00:00:00-04:00,5.521636266780297,5.931615816717367,5.495467607133541,5.8094940185546875,553300,0.0,0.0
2023-06-27 00:00:00-04:00,5.835663356110488,5.953423161693875,5.76587970599539,5.905447006225586,592500,0.0,0.0
2023-06-28 00:00:00-04:00,5.896723993226129,5.896723993226129,5.748433535416693,5.8094940185546875,305700,0.0,0.0
2023-06-29 00:00:00-04:00,5.80949389478263,5.9157650241440605,5.782926323584237,5.898053169250488,258200,0.1,0.0
2023-06-30 00:00:00-04:00,5.986612713359291,5.986612713359291,5.782926176134725,5.853773593902588,433100,0.0,0.0
2023-07-03 00:00:00-04:00,5.818350098648337,6.123879704561216,5.818350098648337,6.092884063720703,281700,0.0,0.0
2023-07-05 00:00:00-04:00,6.022036563987823,6.190298974005039,5.960044860839844,5.960044860839844,411500,0.0,0.0
2023-07-06 00:00:00-04:00,5.844917536989262,5.986612796783447,5.734218339613389,5.986612796783447,370700,0.0,0.0
2023-07-07 00:00:00-04:00,5.951189055035071,6.181443603359107,5.951189055035071,6.110596179962158,555400,0.0,0.0
2023-07-10 00:00:00-04:00,6.048603797071015,6.19915476609884,6.030891943202089,6.066315650939941,257600,0.0,0.0
2023-07-11 00:00:00-04:00,6.11945147644689,6.146019469537971,6.022036487108746,6.0840277671813965,375800,0.0,0.0
2023-07-12 00:00:00-04:00,6.199154985901538,6.261146687782765,6.039748295429138,6.0486040115356445,393900,0.0,0.0
2023-07-13 00:00:00-04:00,6.07517220862842,6.119451635217161,6.013180504663459,6.092884063720703,367300,0.0,0.0
2023-07-14 00:00:00-04:00,6.066315931741006,6.092883924916142,5.973328589053916,5.986612796783447,254700,0.0,0.0
2023-07-17 00:00:00-04:00,5.98661255134834,5.995468267187708,5.8006378735986255,5.844917297363281,317000,0.0,0.0
2023-07-18 00:00:00-04:00,5.844917649743925,6.092884042454341,5.844917649743925,5.93347692489624,366900,0.0,0.0
2023-07-19 00:00:00-04:00,5.942332673857458,6.070743719978149,5.942332673857458,6.066315650939941,312900,0.0,0.0
2023-07-20 00:00:00-04:00,6.06631582896917,6.075171967305489,5.8803411467456606,5.951188564300537,316000,0.0,0.0
2023-07-21 00:00:00-04:00,6.004324185566926,6.013179901082196,5.853773221252308,5.862628936767578,346200,0.0,0.0
2023-07-24 00:00:00-04:00,5.853773576304541,6.004324549750613,5.853773576304541,5.951188564300537,233800,0.0,0.0
2023-07-25 00:00:00-04:00,5.906909433686746,5.968900715993014,5.774070308012837,5.8094940185546875,238100,0.0,0.0
2023-07-26 00:00:00-04:00,5.800638434739595,5.933477141167994,5.800638434739595,5.915765285491943,335800,0.0,0.0
2023-07-27 00:00:00-04:00,5.942333381585762,5.986613232673733,5.707651184301006,5.729790687561035,455200,0.0,0.0
2023-07-28 00:00:00-04:00,5.747501850128174,5.827205403557052,5.7165062114764575,5.747501850128174,351500,0.0,0.0
2023-07-31 00:00:00-04:00,5.774070000996639,5.911337188760556,5.720934438009163,5.7563581466674805,804400,0.0,0.0
2023-08-01 00:00:00-04:00,5.738646763711716,5.747502480461748,5.543816350087569,5.561528205871582,338800,0.0,0.0
2023-08-02 00:00:00-04:00,5.499535823243264,5.543815668400468,5.45525597808606,5.517247676849365,234200,0.0,0.0
2023-08-03 00:00:00-04:00,5.455256462097168,5.508392027629862,5.362269116843969,5.455256462097168,278700,0.0,0.0
2023-08-04 00:00:00-04:00,5.49068021774292,5.570383777841376,5.437544651771931,5.49068021774292,293400,0.0,0.0
2023-08-07 00:00:00-04:00,5.49953649948556,5.588095778405626,5.481824643701546,5.561528205871582,352400,0.0,0.0
2023-08-08 00:00:00-04:00,5.48182435207857,5.48182435207857,5.3578413681861425,5.4464006423950195,301300,0.0,0.0
2023-08-09 00:00:00-04:00,5.402121110932054,5.499536529416278,5.375553538253418,5.437544822692871,344600,0.0,0.0
2023-08-10 00:00:00-04:00,5.508391981746575,5.924621208378183,5.4198327065964245,5.676654815673828,575000,0.0,0.0
2023-08-11 00:00:00-04:00,5.658943037609853,5.8449177290965375,5.658943037609853,5.8094940185546875,463000,0.0,0.0
2023-08-14 00:00:00-04:00,5.782926149158763,5.800638003518108,5.667798884681067,5.694366455078125,292700,0.0,0.0
2023-08-15 00:00:00-04:00,5.588095403331764,5.623519112522145,5.499536130355809,5.570383548736572,263700,0.0,0.0
2023-08-16 00:00:00-04:00,5.54381620599785,5.632375482616167,5.49068021774292,5.49068021774292,267300,0.0,0.0
2023-08-17 00:00:00-04:00,5.495108241817673,5.5836675177054955,5.441972676284979,5.455256462097168,291700,0.0,0.0
2023-08-18 00:00:00-04:00,5.384408915919153,5.472968189743363,5.260425932565257,5.286993503570557,277000,0.0,0.0
2023-08-21 00:00:00-04:00,5.260426392239404,5.260426392239404,5.039027977190359,5.154155254364014,365000,0.0,0.0
2023-08-22 00:00:00-04:00,5.163010230801441,5.198433938345431,5.074450961941466,5.1364426612854,378800,0.0,0.0
2023-08-23 00:00:00-04:00,5.109874883482267,5.16301044702352,5.0567393199410136,5.1187310218811035,298000,0.0,0.0
2023-08-24 00:00:00-04:00,5.0833069009747955,5.202862235900276,5.056739330291748,5.056739330291748,389900,0.0,0.0
2023-08-25 00:00:00-04:00,5.074451184841753,5.127586748491771,5.012459482774772,5.056739330291748,357100,0.0,0.0
2023-08-28 00:00:00-04:00,5.047883736050654,5.317990074911357,5.047883736050654,5.189579010009766,381000,0.0,0.0
2023-08-29 00:00:00-04:00,5.163010474878267,5.2958495955900355,5.136442904106268,5.251569747924805,548700,0.0,0.0
2023-08-30 00:00:00-04:00,5.233858440016265,5.269282152935051,5.1452991577192995,5.189579010009766,400100,0.0,0.0
2023-08-31 00:00:00-04:00,5.189578590914524,5.233858017345145,5.136443025827418,5.163010597229004,524300,0.0,0.0
2023-09-01 00:00:00-04:00,5.207290124804606,5.279023069905763,5.163010278820835,5.171866416931152,577300,0.0,0.0
2023-09-05 00:00:00-04:00,4.8973328981396875,4.950468464597637,4.520955441207616,4.817629337310791,3684100,0.0,0.0
2023-09-06 00:00:00-04:00,4.791061298183331,4.844196864144906,4.6936463050624155,4.782205581665039,1410400,0.0,0.0
2023-09-07 00:00:00-04:00,4.7290698485482325,4.87076468610404,4.605086443402976,4.835340976715088,1607700,0.0,0.0
2023-09-08 00:00:00-04:00,4.826485200610042,4.910616833438552,4.720214064464093,4.861908912658691,1146500,0.0,0.0
2023-09-11 00:00:00-04:00,4.861908651490128,4.937184141120902,4.791061231198561,4.844196796417236,1203200,0.0,0.0
2023-09-12 00:00:00-04:00,4.79106164337116,4.8973332052349345,4.782205926214829,4.870765209197998,1270100,0.0,0.0
2023-09-13 00:00:00-04:00,4.87076468610404,4.985891952760095,4.808772983531411,4.835340976715088,1293800,0.0,0.0
2023-09-14 00:00:00-04:00,4.844196939872322,4.97703606799485,4.7999175120207775,4.915044784545898,1546100,0.0,0.0
2023-09-15 00:00:00-04:00,4.720214021826926,4.897333002754235,4.720214021826926,4.8264851570129395,15540100,0.0,0.0
2023-09-18 00:00:00-04:00,4.870764478398306,4.977035602033404,4.764493354763208,4.791060924530029,1768900,0.0,0.0
2023-09-19 00:00:00-04:00,4.791061185866179,4.853052889176711,4.702501911339656,4.808773040771484,834300,0.0,0.0
2023-09-20 00:00:00-04:00,4.835341080022758,4.928328424726423,4.808773086271453,4.844196796417236,1313400,0.0,0.0
2023-09-21 00:00:00-04:00,4.782206236691791,4.835341809931433,4.684790807943781,4.729070663452148,1434100,0.0,0.0
2023-09-22 00:00:00-04:00,4.729070663452148,4.777778166684154,4.649367092450686,4.729070663452148,715400,0.0,0.0
2023-09-25 00:00:00-04:00,4.69364595413208,4.746781516120862,4.652908647712289,4.69364595413208,717800,0.0,0.0
2023-09-26 00:00:00-04:00,4.649366654776304,4.711358362195546,4.5962310865386495,4.605086803436279,936400,0.0,0.0
2023-09-27 00:00:00-04:00,4.6670779142519105,4.702501621882051,4.578518645176562,4.658222198486328,706700,0.0,0.0
2023-09-28 00:00:00-04:00,4.6672498652809296,4.771066627048434,4.653708642108587,4.703360080718994,640500,0.1,0.0
2023-09-29 00:00:00-04:00,4.757525403876091,4.802663388407534,4.653708642108587,4.703360080718994,863200,0.0,0.0
2023-10-02 00:00:00-04:00,4.667249405757841,4.712386955377455,4.387395048432583,4.396422386169434,983900,0.0,0.0
2023-10-03 00:00:00-04:00,4.351285407890487,4.37836785512475,3.9811550417910846,4.089486122131348,1281100,0.0,0.0
2023-10-04 00:00:00-04:00,4.08948591392833,4.233926773071289,4.0443479302122975,4.233926773071289,969300,0.0,0.0
2023-10-05 00:00:00-04:00,4.215871748609467,4.333230164205554,4.184275417667338,4.3151750564575195,751300,0.0,0.0
2023-10-06 00:00:00-04:00,4.270037393157131,4.391909272009815,4.197816956730689,4.3603129386901855,617100,0.0,0.0
2023-10-09 00:00:00-04:00,4.3151748504508305,4.531836133083825,4.3151748504508305,4.486698150634766,458400,0.0,0.0
2023-10-10 00:00:00-04:00,4.459615893258866,4.586001646781423,4.459615893258866,4.495726108551025,418300,0.0,0.0
2023-10-11 00:00:00-04:00,4.495725947825898,4.685304786566027,4.4776708408253,4.66724967956543,370000,0.0,0.0
2023-10-12 00:00:00-04:00,4.640167014216549,4.694332337674206,4.504753490338543,4.522809028625488,563400,0.0,0.0
2023-10-13 00:00:00-04:00,4.576974524823155,4.595029633323793,4.3603127923477505,4.378367900848389,344900,0.0,0.0
2023-10-16 00:00:00-04:00,4.450588166880887,4.567946582939673,4.423505720385921,4.522809028625488,547300,0.0,0.0
2023-10-17 00:00:00-04:00,4.477670798038338,4.685304741794993,4.477670798038338,4.640166759490967,399800,0.0,0.0
2023-10-18 00:00:00-04:00,4.549891646838326,4.595029633323793,4.36934056183194,4.378367900848389,422200,0.0,0.0
2023-10-19 00:00:00-04:00,4.360312505722952,4.477670918496427,4.34677128285454,4.38739538192749,476800,0.0,0.0
2023-10-20 00:00:00-04:00,4.405450550796319,4.428019542870826,4.288092136383057,4.288092136383057,413400,0.0,0.0
2023-10-23 00:00:00-04:00,4.261009302745692,4.34225750284571,4.197816640861433,4.3151750564575195,439600,0.0,0.0
2023-10-24 00:00:00-04:00,4.342257683847112,4.44607488057659,4.315175236330025,4.378367900848389,458300,0.0,0.0
2023-10-25 00:00:00-04:00,4.324202118056745,4.351284993177527,4.1887886033882324,4.197816371917725,357900,0.0,0.0
2023-10-26 00:00:00-04:00,4.22489881657081,4.306147011465456,4.1752473810616895,4.197816371917725,373800,0.0,0.0
2023-10-27 00:00:00-04:00,4.197816326672133,4.2294126552494085,4.1391371232659875,4.170733451843262,282400,0.0,0.0
2023-10-30 00:00:00-04:00,4.233926773071289,4.315174971573062,4.139137351641793,4.233926773071289,273100,0.0,0.0
2023-10-31 00:00:00-04:00,4.2519819641055365,4.351285271953589,4.193302756307493,4.3151750564575195,418600,0.0,0.0
2023-11-01 00:00:00-04:00,4.333229784197886,4.351284890362558,4.2248987167421745,4.270036697387695,351600,0.0,0.0
2023-11-02 00:00:00-04:00,4.351285285993583,4.567946579669085,4.297119962574707,4.549891471862793,300800,0.0,0.0
2023-11-03 00:00:00-04:00,4.676277745373529,4.89745337862629,4.676277745373529,4.8116912841796875,441900,0.0,0.0
2023-11-06 00:00:00-05:00,4.8026636191197625,4.811690958179076,4.712387645720166,4.7665534019470215,277700,0.0,0.0
2023-11-07 00:00:00-05:00,4.721415103229144,4.73947021062233,4.622111797332764,4.622111797332764,262900,0.0,0.0
2023-11-08 00:00:00-05:00,4.631139524561981,4.649194631792589,4.473157013443375,4.567946434020996,387600,0.0,0.0
2023-11-09 00:00:00-05:00,4.613084712677991,4.622112051637402,4.495726292931464,4.53183650970459,580000,0.0,0.0
2023-11-10 00:00:00-05:00,4.549891284837486,4.766553000074737,4.468643087815053,4.5137810707092285,699700,0.0,0.0
2023-11-13 00:00:00-05:00,4.513780950986538,4.531836057571777,4.161706157340543,4.224898815155029,784000,0.0,0.0
2023-11-14 00:00:00-05:00,4.459615553603905,4.730442147668299,4.459615553603905,4.631139278411865,1040000,0.0,0.0
2023-11-15 00:00:00-05:00,4.649194004230854,4.8748830293831515,4.622111131806811,4.739469528198242,807600,0.0,0.0
2023-11-16 00:00:00-05:00,4.71238744211942,4.7575254268690115,4.522809025387218,4.549891471862793,1483400,0.0,0.0
2023-11-17 00:00:00-05:00,4.640166759490967,4.68079085747105,4.558918993998504,4.640166759490967,360200,0.0,0.0
2023-11-20 00:00:00-05:00,4.604056648482213,4.613084417331373,4.5047533434800116,4.567946434020996,424100,0.0,0.0
2023-11-21 00:00:00-05:00,4.5137815107069725,4.5137815107069725,4.432533305764568,4.459616184234619,398500,0.0,0.0
2023-11-22 00:00:00-05:00,4.504753112792969,4.52280864956667,4.423505349649761,4.504753112792969,376400,0.0,0.0
2023-11-24 00:00:00-05:00,4.5047533434800116,4.586001541251605,4.482184782292535,4.567946434020996,390800,0.0,0.0
2023-11-27 00:00:00-05:00,4.504753244775953,4.613084316253662,4.432532817435948,4.613084316253662,546000,0.0,0.0
2023-11-28 00:00:00-05:00,4.576974185578038,4.748497918854644,4.522808864090854,4.721415042877197,377600,0.0,0.0
2023-11-29 00:00:00-05:00,4.784608510533392,5.01932492215621,4.7665534019470215,4.7665534019470215,418400,0.0,0.0
2023-11-30 00:00:00-05:00,4.775580127620688,4.8658556589573605,4.65822172164917,4.65822172164917,1898500,0.0,0.0
2023-12-01 00:00:00-05:00,4.658222052645428,5.046407510677692,4.5950293914533615,5.037379741668701,589700,0.0,0.0
2023-12-04 00:00:00-05:00,5.037379640696618,5.105086615503742,5.001269426319903,5.082517623901367,367100,0.0,0.0
2023-12-05 00:00:00-05:00,5.073489812951895,5.100572688743438,4.947104063682678,5.0283522605896,346600,0.0,0.0
2023-12-06 00:00:00-05:00,5.118628092878112,5.231472626035151,4.974187228186777,4.992242336273193,457100,0.0,0.0
2023-12-07 00:00:00-05:00,5.01932453350826,5.132169061052424,5.0102971951479365,5.082517623901367,319600,0.0,0.0
2023-12-08 00:00:00-05:00,5.08251791603724,5.091545254916443,4.947104389107325,5.046407699584961,297200,0.0,0.0
2023-12-11 00:00:00-05:00,5.0102972984313965,5.0509209675918445,4.9750897741181666,5.0102972984313965,266700,0.0,0.0
2023-12-12 00:00:00-05:00,5.037379658559459,5.037379658559459,4.901966138932736,4.929049015045166,358700,0.0,0.0
2023-12-13 00:00:00-05:00,4.910993873984304,5.272096447013741,4.847800783802147,5.235986232757568,782600,0.0,0.0
2023-12-14 00:00:00-05:00,5.39848226009868,5.615143548171702,5.39848226009868,5.524868011474609,806500,0.0,0.0
2023-12-15 00:00:00-05:00,5.542923479211108,5.570006357215004,5.380427502590966,5.3894548416137695,1068500,0.0,0.0
2023-12-18 00:00:00-05:00,5.4075098367577334,5.4075098367577334,5.195362423790524,5.199876308441162,486600,0.0,0.0
2023-12-19 00:00:00-05:00,5.299179380955555,5.479730899347544,5.272096933000793,5.443620681762695,689200,0.0,0.0
2023-12-20 00:00:00-05:00,5.416537386358482,5.570006014513473,5.348830841216087,5.371399402618408,598900,0.0,0.0
2023-12-21 00:00:00-05:00,5.425564953621013,5.479730273815104,5.398482078290118,5.46167516708374,398000,0.0,0.0
2023-12-22 00:00:00-05:00,5.470702752887925,5.570006059639983,5.371399446135866,5.398482322692871,352600,0.0,0.0
2023-12-26 00:00:00-05:00,5.389454512675695,5.407509620087076,5.303692860088569,5.3443169593811035,317200,0.0,0.0
2023-12-27 00:00:00-05:00,5.326261808171953,5.353344253832467,5.262166026724912,5.317234039306641,435200,0.0,0.0
2023-12-28 00:00:00-05:00,5.308050608196675,5.4182522418306185,5.308050608196675,5.381518363952637,365900,0.1,0.0
2023-12-29 00:00:00-05:00,5.335600680180396,5.383354807950845,5.248357831616603,5.252949237823486,277000,0.0,0.0
2024-01-02 00:00:00-05:00,5.24376640564937,5.422844399068373,5.216215776699373,5.298867225646973,418700,0.0,0.0
2024-01-03 00:00:00-05:00,5.252949413553583,5.252949413553583,5.064688177800256,5.087646961212158,625600,0.0,0.0
2024-01-04 00:00:00-05:00,5.069280342113958,5.151931792454085,5.041729712699782,5.078464031219482,317700,0.0,0.0
2024-01-05 00:00:00-05:00,5.032546020081238,5.184073373812416,5.004995393083588,5.106013774871826,367800,0.0,0.0
2024-01-08 00:00:00-05:00,5.106014221961291,5.188665672288955,5.050913401043648,5.1794819831848145,233200,0.0,0.0
2024-01-09 00:00:00-05:00,5.096830548086758,5.096830548086758,4.996730447084304,5.032546043395996,365500,0.0,0.0
2024-01-10 00:00:00-05:00,5.0417293637827365,5.087646930327799,5.014179174177594,5.060096740722656,261700,0.0,0.0
2024-01-11 00:00:00-05:00,5.023362634575794,5.050913263234121,4.885610804991318,4.92234468460083,401100,0.0,0.0
2024-01-12 00:00:00-05:00,5.014179128531212,5.073871789335437,4.91775258998629,4.959078311920166,337500,0.0,0.0
2024-01-16 00:00:00-05:00,4.913161212791964,4.959078783283511,4.766225687862867,4.784592628479004,401200,0.0,0.0
2024-01-17 00:00:00-05:00,4.7019409142927024,4.766225421812022,4.5825555880007,4.6468400955200195,584300,0.0,0.0
2024-01-18 00:00:00-05:00,4.656023784266657,4.71112460303934,4.604596090670725,4.6468400955200195,385600,0.0,0.0
2024-01-19 00:00:00-05:00,4.6835741411030245,4.729491710662842,4.610106380129236,4.729491710662842,312700,0.0,0.0
2024-01-22 00:00:00-05:00,4.784592628479004,4.844285294957052,4.720308117371321,4.784592628479004,249900,0.0,0.0
2024-01-23 00:00:00-05:00,4.83969338170423,4.885610951544699,4.706532954649747,4.757041931152344,246600,0.0,0.0
2024-01-24 00:00:00-05:00,4.867243342493176,4.867243342493176,4.7937751532615165,4.821325778961182,376100,0.0,0.0
2024-01-25 00:00:00-05:00,4.903978092880771,4.982037702067257,4.868162492033945,4.940711975097656,267700,0.0,0.0
2024-01-26 00:00:00-05:00,4.986628501274507,5.032546067401561,4.940711373049817,4.959078311920166,186300,0.0,0.0
2024-01-29 00:00:00-05:00,4.940712130036494,4.97744601340534,4.865407362598659,4.94989538192749,251400,0.0,0.0
2024-01-30 00:00:00-05:00,4.931528092658482,4.940711781804623,4.80755135450238,4.830510139465332,222300,0.0,0.0
2024-01-31 00:00:00-05:00,4.8121425244272125,4.885610720274682,4.7019408875095765,4.72030782699585,567900,0.0,0.0
2024-02-01 00:00:00-05:00,4.729491515690175,4.747858455176448,4.550413527272233,4.72030782699585,533200,0.0,0.0
2024-02-02 00:00:00-05:00,4.656024000863133,4.656024000863133,4.504496632713665,4.509088039398193,484400,0.0,0.0
2024-02-05 00:00:00-05:00,4.509087841603695,4.509087841603695,4.380519264126232,4.398886203765869,490500,0.0,0.0
2024-02-06 00:00:00-05:00,4.389702952897242,4.499904590735068,4.352968635715583,4.398886203765869,389000,0.0,0.0
2024-02-07 00:00:00-05:00,4.371336228818579,4.394294576073469,4.242767207098688,4.261134147644043,486900,0.0,0.0
2024-02-08 00:00:00-05:00,4.279500701645788,4.4723537789038685,4.279500701645788,4.463170528411865,327400,0.0,0.0
2024-02-09 00:00:00-05:00,4.453987064091201,4.518271572378745,4.417253184470431,4.499904632568359,248100,0.0,0.0
2024-02-12 00:00:00-05:00,4.499904553160579,4.757041705968395,4.499904553160579,4.72030782699585,508200,0.0,0.0
2024-02-13 00:00:00-05:00,4.555005199576743,4.555005199576743,4.270317429340992,4.288684368133545,533000,0.0,0.0
2024-02-14 00:00:00-05:00,4.352968491329707,4.389702807292906,4.187666040055971,4.242766857147217,385000,0.0,0.0
2024-02-15 00:00:00-05:00,4.307051666847227,4.49072107012119,4.297867977732329,4.481537818908691,387200,0.0,0.0
2024-02-16 00:00:00-05:00,4.408070116017358,4.453987248493169,4.343785605068336,4.435620307922363,369900,0.0,0.0
2024-02-20 00:00:00-05:00,4.3713360406278285,4.380519291553955,4.2978678437068885,4.325418472290039,304800,0.0,0.0
2024-02-21 00:00:00-05:00,4.2978680287347535,4.362152539594699,4.2244002665533325,4.261134147644043,241800,0.0,0.0
2024-02-22 00:00:00-05:00,4.251950758528857,4.2611340095527295,4.0958315500015186,4.105014801025391,405200,0.0,0.0
2024-02-23 00:00:00-05:00,4.123381839283125,4.164707564631793,4.049914077731006,4.059097766876221,287000,0.0,0.0
2024-02-26 00:00:00-05:00,4.040730986196629,4.049914237802408,3.9397125911185484,3.9672632217407227,441500,0.0,0.0
2024-02-27 00:00:00-05:00,4.022363568475849,4.141748890522031,4.01317988005582,4.0682806968688965,395100,0.0,0.0
2024-02-28 00:00:00-05:00,3.9397122747326243,4.040730661698236,3.3519697683827085,3.3795201778411865,2215700,0.0,0.0
2024-02-29 00:00:00-05:00,3.4805384513304354,3.5264558018193863,3.1683002490543726,3.2234010696411133,900900,0.0,0.0
2024-03-01 00:00:00-05:00,3.260134983709146,3.3244192750577275,3.159116811589947,3.2876853942871094,770100,0.0,0.0
2024-03-04 00:00:00-05:00,3.2876852821278377,3.2876852821278377,3.058098316192627,3.058098316192627,919600,0.0,0.0
2024-03-05 00:00:00-05:00,3.0580982031944344,3.1728916819203654,3.021364325034326,3.03973126411438,754800,0.0,0.0
2024-03-06 00:00:00-05:00,3.09483211299827,3.2417678460922628,3.09483211299827,3.177483558654785,518600,0.0,0.0
2024-03-07 00:00:00-05:00,3.205034066716792,3.2509514163070508,3.1774836569626363,3.2325844764709473,475200,0.0,0.0
2024-03-08 00:00:00-05:00,3.296868815605082,3.41349908237888,3.250951465322515,3.2601349353790283,307900,0.0,0.0
2024-03-11 00:00:00-04:00,3.2601347723795016,3.2968686507689426,3.1958504851979797,3.2142174243927,330900,0.0,0.0
2024-03-12 00:00:00-04:00,3.2050339043904867,3.2234008432963543,3.0672816436452957,3.186666965484619,485900,0.0,0.0
2024-03-13 00:00:00-04:00,3.186667283177826,3.296868927599531,3.140749931335449,3.140749931335449,283700,0.0,0.0
2024-03-14 00:00:00-04:00,3.140749931335449,3.145341557044085,3.053506853359331,3.140749931335449,384500,0.0,0.0
2024-03-15 00:00:00-04:00,3.113199381110197,3.223401020607311,3.104015911152104,3.1958506107330322,659700,0.0,0.0
2024-03-18 00:00:00-04:00,3.223400984643351,3.223400984643351,3.1131993463757732,3.131566286087036,281900,0.0,0.0
2024-03-19 00:00:00-04:00,3.149933212193019,3.1866670914568833,3.0764652347141,3.168300151824951,330600,0.0,0.0
2024-03-20 00:00:00-04:00,3.1131993675362737,3.255543260741674,3.058098329076769,3.2325844764709473,409400,0.0,0.0
2024-03-21 00:00:00-04:00,3.269318501562527,3.33360301279946,3.2436048722287163,3.3152358531951904,345600,0.0,0.0
2024-03-22 00:00:00-04:00,3.324419093310165,3.324419093310165,3.048914783641281,3.067281723022461,528200,0.0,0.0
2024-03-25 00:00:00-04:00,3.0948321320942305,3.2234009267136767,3.054424909245873,3.067281723022461,522600,0.0,0.0
2024-03-26 00:00:00-04:00,3.1131993831662,3.1177910086726817,2.9754471147526393,2.984630584716797,686400,0.0,0.0
2024-03-27 00:00:00-04:00,3.093593342920333,3.2594061055857484,3.0035806486957877,3.2499310970306396,645700,0.1,0.0
2024-03-28 00:00:00-04:00,3.240455965292907,3.3731060800218713,3.240455965292907,3.325731039047241,512500,0.0,0.0
2024-04-01 00:00:00-04:00,3.344680984268953,3.3636310002555865,3.212030872362518,3.221505880355835,339500,0.0,0.0
2024-04-02 00:00:00-04:00,3.193080950673776,3.2215062034062,3.145705905956456,3.164655923843384,403700,0.0,0.0
2024-04-03 00:00:00-04:00,3.1646557009488454,3.2167683594184897,3.15044330148568,3.1551806926727295,260200,0.0,0.0
2024-04-04 00:00:00-04:00,3.212030984082795,3.278356042342919,3.126755683274905,3.1457056999206543,357800,0.0,0.0
2024-04-05 00:00:00-04:00,3.1267557778460175,3.145705795064925,3.0699057261892957,3.088855743408203,350900,0.0,0.0
2024-04-08 00:00:00-04:00,3.1267557618431585,3.159918404757531,3.0841183362698494,3.0983307361602783,433900,0.0,0.0
2024-04-09 00:00:00-04:00,3.1078055585340243,3.2309808883491518,3.1078055585340243,3.221505880355835,327200,0.0,0.0
2024-04-10 00:00:00-04:00,3.1362307028205794,3.1551807195341404,2.956205318139732,2.994105577468872,632700,0.0,0.0
2024-04-11 00:00:00-04:00,3.0035807126115635,3.079380782665449,2.9751556863413566,3.0604307651519775,454500,0.0,0.0
2024-04-12 00:00:00-04:00,3.050955627609555,3.0983306693934574,2.984630569112092,2.994105577468872,404600,0.0,0.0
2024-04-15 00:00:00-04:00,3.022530471938228,3.0414804878329753,2.91356776759243,2.9183051586151123,647000,0.0,0.0
2024-04-16 00:00:00-04:00,2.908830196552557,2.9467302289398978,2.861455156068381,2.8898801803588867,388700,0.0,0.0
2024-04-17 00:00:00-04:00,2.9088301506677388,2.965680424253988,2.8519801029834984,2.9183051586151123,519000,0.0,0.0
2024-04-18 00:00:00-04:00,2.927780438007043,2.946730455658711,2.856717984764303,2.899355411529541,597800,0.0,0.0
2024-04-19 00:00:00-04:00,2.880405251285488,3.003580585825653,2.880405251285488,2.994105577468872,462700,0.0,0.0
2024-04-22 00:00:00-04:00,3.0035806505506764,3.1078057447212384,2.941992981953424,3.0983307361602783,498100,0.0,0.0
2024-04-23 00:00:00-04:00,3.088855727599318,3.1741308046479597,3.0699057104773977,3.0983307361602783,391500,0.0,0.0
2024-04-24 00:00:00-04:00,3.079380596342531,3.183605686360315,3.0272679383826318,3.17413067817688,429400,0.0,0.0
2024-04-25 00:00:00-04:00,3.1078055513713916,3.117280559342871,3.036742878634291,3.0699055194854736,334300,0.0,0.0
2024-04-26 00:00:00-04:00,3.0699057419978826,3.11728078528911,3.0509557246813914,3.079380750656128,207400,0.0,0.0
2024-04-29 00:00:00-04:00,3.088855727599318,3.1637083630015104,3.0699057104773977,3.0983307361602783,620400,0.0,0.0
2024-04-30 00:00:00-04:00,3.0793807046614194,3.0793807046614194,2.956205368041992,2.956205368041992,489300,0.0,0.0
2024-05-01 00:00:00-04:00,2.965680693141947,3.131493460205653,2.937255440820599,3.0509557723999023,578800,0.0,0.0
2024-05-02 00:00:00-04:00,3.0983305505407075,3.2309808883491518,3.069905526560757,3.221505880355835,451200,0.0,0.0
2024-05-03 00:00:00-04:00,3.278356090998287,3.3352061417792696,3.230981048680802,3.26888108253479,427800,0.0,0.0
2024-05-06 00:00:00-04:00,3.2973062668732576,3.325731293633989,3.221506195511308,3.316256284713745,377900,0.0,0.0
2024-05-07 00:00:00-04:00,3.3446812651034823,3.3446812651034823,3.16465587221271,3.2025561332702637,457900,0.0,0.0
2024-05-08 00:00:00-04:00,3.15518066181001,3.17413067817688,3.0935932215686903,3.17413067817688,431700,0.0,0.0
2024-05-09 00:00:00-04:00,3.2309808883491518,3.3541559922622697,3.1741306144872414,3.221505880355835,938500,0.0,0.0
2024-05-10 00:00:00-04:00,3.230980889846983,3.534181371675688,3.155180599963299,3.5247063636779785,1662600,0.0,0.0
2024-05-13 00:00:00-04:00,3.591031646424798,3.6668317151930183,3.5010189518115244,3.534181594848633,902900,0.0,0.0
2024-05-14 00:00:00-04:00,3.5720816614331197,3.667779407247078,3.5104939920527496,3.5152316093444824,764500,0.0,0.0
2024-05-15 00:00:00-04:00,3.591031630369028,3.6289316645836847,3.534181579047044,3.543656587600708,537400,0.0,0.0
2024-05-16 00:00:00-04:00,3.50575634768256,3.567344012618675,3.486806331687142,3.5247063636779785,517100,0.0,0.0
2024-05-17 00:00:00-04:00,3.515231690079375,3.5247066989784286,3.4110063662877534,3.4678566455841064,526100,0.0,0.0
2024-05-20 00:00:00-04:00,3.4868066150725547,3.5720816939825526,3.458381588769222,3.496281623840332,589300,0.0,0.0
2024-05-21 00:00:00-04:00,3.477331527725059,3.562606604708036,3.4697513853409143,3.543656587600708,386500,0.0,0.0
2024-05-22 00:00:00-04:00,3.5247067692754506,3.5436567874514986,3.4204814434051514,3.4204814434051514,417600,0.0,0.0
2024-05-23 00:00:00-04:00,3.4299562099762797,3.4299562099762797,3.2309810331964233,3.2783560752868652,715600,0.0,0.0
2024-05-24 00:00:00-04:00,3.3067812278386213,3.354156271752808,3.2783562014901095,3.3446812629699707,343100,0.0,0.0
2024-05-28 00:00:00-04:00,3.401531172585799,3.4962814823306463,3.3825811558172334,3.4299561977386475,400000,0.0,0.0
2024-05-29 00:00:00-04:00,3.40153133201655,3.40153133201655,3.3257312613895165,3.3352062702178955,304300,0.0,0.0
2024-05-30 00:00:00-04:00,3.382581308261945,3.486806631088257,3.3731062994506464,3.486806631088257,324200,0.0,0.0
2024-05-31 00:00:00-04:00,3.515231546306677,3.6431442741632964,3.5057565377951505,3.553131580352783,725000,0.0,0.0
2024-06-03 00:00:00-04:00,3.572081645406965,3.6668317317962646,3.4962815762955257,3.6668317317962646,615000,0.0,0.0
2024-06-04 00:00:00-04:00,3.609981712561818,3.6289317300108017,3.5057566165924072,3.5057566165924072,307400,0.0,0.0
2024-06-05 00:00:00-04:00,3.5341813643361752,3.5341813643361752,3.373106002807617,3.373106002807617,483600,0.0,0.0
2024-06-06 00:00:00-04:00,3.363630994829585,3.3967936357037027,3.297305938983359,3.373106002807617,372300,0.0,0.0
2024-06-07 00:00:00-04:00,3.373106127415447,3.373106127415447,3.2594060274788,3.2973060607910156,335400,0.0,0.0
2024-06-10 00:00:00-04:00,3.268881035806854,3.3257310857751774,3.230981002494638,3.2973060607910156,353400,0.0,0.0
2024-06-11 00:00:00-04:00,3.2594061214811973,3.2878311472851465,3.212031078474615,3.2404561042785645,451700,0.0,0.0
2024-06-12 00:00:00-04:00,3.363631199691945,3.45364389391649,3.2499310970306396,3.2499310970306396,313700,0.0,0.0
2024-06-13 00:00:00-04:00,3.2594060584506885,3.3020434833810763,3.2385609495700862,3.2783560752868652,228400,0.0,0.0
2024-06-14 00:00:00-04:00,3.2499310970306396,3.2878311312510746,3.221506071365313,3.2499310970306396,267200,0.0,0.0
2024-06-17 00:00:00-04:00,3.230981179484998,3.2546685886517,3.1267558562650137,3.183605909347534,315900,0.0,0.0
2024-06-18 00:00:00-04:00,3.2025561529437376,3.2404561883320846,3.1684460759138195,3.183605909347534,424000,0.0,0.0
2024-06-20 00:00:00-04:00,3.1646558916533607,3.2025561529437376,3.1362308651121005,3.183605909347534,492700,0.0,0.0
2024-06-21 00:00:00-04:00,3.183605842385488,3.2830935461383497,3.150443425069218,3.2309811115264893,626500,0.0,0.0
2024-06-24 00:00:00-04:00,3.221506134763914,3.2404561522470643,3.131493438767937,3.212031126022339,478400,0.0,0.0
2024-06-25 00:00:00-04:00,3.2309809847836712,3.240455993059787,3.145705684396614,3.1551806926727295,456900,0.0,0.0
2024-06-26 00:00:00-04:00,3.155180863423829,3.212031142059145,3.13149345440264,3.2025561332702637,517100,0.0,0.0
2024-06-27 00:00:00-04:00,3.2025561776708207,3.316256284713745,3.193080942848545,3.316256284713745,478100,0.0,0.0
2024-06-28 00:00:00-04:00,3.3650245946578723,3.5210835553076647,3.345517224576648,3.5015761852264404,1371100,0.1,0.0
2024-07-01 00:00:00-04:00,3.491822510557908,3.5415664671951244,3.3455172345141433,3.3845319747924805,437400,0.0,0.0
2024-07-02 00:00:00-04:00,3.3065024380599755,3.3650245474832197,3.301625479334943,3.3552708625793457,296200,0.0,0.0
2024-07-03 00:00:00-04:00,3.3455172718637196,3.4235467532915203,3.3455172718637196,3.4040393829345703,155800,0.0,0.0
2024-07-05 00:00:00-04:00,3.4040393693721698,3.4040393693721698,3.2577338597317573,3.2772412300109863,368300,0.0,0.0
2024-07-08 00:00:00-04:00,3.3162561606334346,3.384531955736102,3.296748790604101,3.3747782707214355,304900,0.0,0.0
2024-07-09 00:00:00-04:00,3.3552709242340613,3.3552709242340613,3.257733840856839,3.2674875259399414,288900,0.0,0.0
2024-07-10 00:00:00-04:00,3.316256303350368,3.3308867152288992,3.2577339581976315,3.32600998878479,256900,0.0,0.0
2024-07-11 00:00:00-04:00,3.413793156594079,3.7161576375098946,3.374778414868968,3.696650266647339,453200,0.0,0.0
2024-07-12 00:00:00-04:00,3.7551723981200325,3.8136947435482162,3.706403970718384,3.706403970718384,463200,0.0,0.0
2024-07-15 00:00:00-04:00,3.7844335726120253,3.891724109649658,3.7649259696953488,3.891724109649658,475200,0.0,0.0
2024-07-16 00:00:00-04:00,3.9307391867294212,4.067290782928467,3.9014778978548503,4.067290782928467,395700,0.0,0.0
2024-07-17 00:00:00-04:00,4.047783111142088,4.125812588883909,3.9941374963753065,4.038029193878174,397400,0.0,0.0
2024-07-18 00:00:00-04:00,4.008768583823894,4.120935847724013,3.877093484366469,3.901477813720703,304400,0.0,0.0
2024-07-19 00:00:00-04:00,3.9014777758541883,3.9063547346961807,3.834177278639595,3.8819704055786133,306400,0.0,0.0
2024-07-22 00:00:00-04:00,3.9112319515268035,4.038029634135542,3.838078959348859,4.018522262573242,232500,0.0,0.0
2024-07-23 00:00:00-04:00,3.9697537802032627,4.052660219642951,3.9502464100464176,3.9892611503601074,261900,0.0,0.0
2024-07-24 00:00:00-04:00,3.969753918808009,4.096551596708472,3.940492630004883,3.940492630004883,273400,0.0,0.0
2024-07-25 00:00:00-04:00,3.9795072327354895,4.099477815000901,3.916108163452646,3.9892611503601074,334300,0.0,0.0
2024-07-26 00:00:00-04:00,4.106305373908114,4.1258127440773436,4.018521975600386,4.116058826446533,245800,0.0,0.0
2024-07-29 00:00:00-04:00,4.116058848885515,4.116058848885515,3.8527093501652505,3.8819704055786133,694900,0.0,0.0
2024-07-30 00:00:00-04:00,3.9112317067937585,4.028275928843885,3.870265903511537,4.008768558502197,230400,0.0,0.0
2024-07-31 00:00:00-04:00,4.0380295092640575,4.135566364059342,3.950246572494507,3.950246572494507,340500,0.0,0.0
2024-08-01 00:00:00-04:00,3.9795072955803334,4.038029406975056,3.813694646628619,3.901477813720703,248800,0.0,0.0
2024-08-02 00:00:00-04:00,3.7941872256112212,3.8722167064312125,3.74541856755253,3.7551722526550293,226900,0.0,0.0
2024-08-05 00:00:00-04:00,3.6088669300079346,3.657635354897327,3.4918224777271996,3.6088669300079346,361000,0.0,0.0
2024-08-06 00:00:00-04:00,3.6283744686283943,3.7649260646662834,3.550344985178172,3.696650266647339,195500,0.0,0.0
2024-08-07 00:00:00-04:00,3.8332020170935266,3.8332020170935266,3.5893596537359826,3.657635450363159,318900,0.0,0.0
2024-08-08 00:00:00-04:00,3.706403827142535,3.7893102667868734,3.65763540163004,3.7551722526550293,288900,0.0,0.0
2024-08-09 00:00:00-04:00,3.716157580846986,3.7990640220218155,3.5210836426496583,3.667389154434204,362300,0.0,0.0
2024-08-12 00:00:00-04:00,3.6673890634630393,3.6673890634630393,3.4137930198609325,3.5015761852264404,425900,0.0,0.0
2024-08-13 00:00:00-04:00,3.5503448201406638,3.63812798494157,3.501576162705078,3.6088669300079346,194600,0.0,0.0
2024-08-14 00:00:00-04:00,3.638128150086719,3.6478818355073455,3.5503449813010812,3.569852352142334,139300,0.0,0.0
2024-08-15 00:00:00-04:00,3.657635393391614,3.7161575038747925,3.589359597827905,3.6283743381500244,236800,0.0,0.0
2024-08-16 00:00:00-04:00,3.6186206340789795,3.677142744255035,3.569852208932267,3.6186206340789795,258000,0.0,0.0
2024-08-19 00:00:00-04:00,3.6186206059530486,3.7356648253954257,3.6088669209995174,3.7259111404418945,244300,0.0,0.0
2024-08-20 00:00:00-04:00,3.7064039145024283,3.735664970499608,3.6673891731728556,3.677142858505249,143800,0.0,0.0
2024-08-21 00:00:00-04:00,3.7161576747894287,3.7356650458476772,3.638128190556435,3.7161576747894287,118300,0.0,0.0
2024-08-22 00:00:00-04:00,3.706403857384614,3.7161575425666973,3.643004787427974,3.6478817462921143,165400,0.0,0.0
2024-08-23 00:00:00-04:00,3.6966501098174023,3.9795072078704834,3.694699512341623,3.9795072078704834,299400,0.0,0.0
2024-08-26 00:00:00-04:00,4.018521824442719,4.174581245018732,4.018521824442719,4.038029193878174,369000,0.0,0.0
2024-08-27 00:00:00-04:00,3.999014891010942,4.091675254751187,3.960000147886342,4.018522262573242,208000,0.0,0.0
2024-08-28 00:00:00-04:00,3.9990147425187286,4.033152990304444,3.940492630004883,3.940492630004883,199300,0.0,0.0
2024-08-29 00:00:00-04:00,3.999014530938941,4.111182256141883,3.925862010440088,4.0770440101623535,212500,0.0,0.0
2024-08-30 00:00:00-04:00,4.096551467116804,4.140443166386805,3.9599998755708814,3.9990146160125732,383400,0.0,0.0
2024-09-03 00:00:00-04:00,3.999014607678827,4.033152854313459,3.862463016417472,3.8722167015075684,315700,0.0,0.0
2024-09-04 00:00:00-04:00,3.872216782487818,3.9990146913108204,3.8429557266055867,3.911231756210327,242200,0.0,0.0
2024-09-05 00:00:00-04:00,3.9502465630477688,3.97463042786897,3.818571460569719,3.823448419570923,357900,0.0,0.0
2024-09-06 00:00:00-04:00,3.862462987660737,4.023398906722235,3.8283249738264638,3.9795072078704834,223200,0.0,0.0
2024-09-09 00:00:00-04:00,3.959999977200714,3.979507347922199,3.803941011428833,3.803941011428833,231400,0.0,0.0
2024-09-10 00:00:00-04:00,3.833201998538222,3.922935762714705,3.774679654880588,3.891724109649658,189000,0.0,0.0
2024-09-11 00:00:00-04:00,3.8722168279514477,3.8770935543826437,3.755172370502105,3.813694715499878,193400,0.0,0.0
2024-09-12 00:00:00-04:00,3.8624629974365234,3.9063546963993643,3.828324983515848,3.8624629974365234,162700,0.0,0.0
2024-09-13 00:00:00-04:00,3.9502465212562337,4.067290745492405,3.935615644407409,4.047783374786377,282700,0.0,0.0
2024-09-16 00:00:00-04:00,4.067290782928467,4.096551606710629,3.9502465576149994,4.067290782928467,278700,0.0,0.0
2024-09-17 00:00:00-04:00,4.096551456277304,4.26236433526195,4.042906304585021,4.116058826446533,313300,0.0,0.0
2024-09-18 00:00:00-04:00,4.145320075821653,4.281871665740498,4.077044048316036,4.096551418304443,282300,0.0,0.0
2024-09-19 00:00:00-04:00,4.194088633634948,4.194088633634948,4.0429061709994905,4.164827346801758,217100,0.0,0.0
2024-09-20 00:00:00-04:00,4.0965514144780295,4.159950483154229,3.9697537422180176,3.9697537422180176,1847400,0.0,0.0
2024-09-23 00:00:00-04:00,3.9892611503601074,4.057536713362869,3.9697537802032627,3.9892611503601074,262200,0.0,0.0
2024-09-24 00:00:00-04:00,3.9990147154751035,4.096551569005246,3.9990147154751035,4.047783374786377,357300,0.0,0.0
2024-09-25 00:00:00-04:00,4.047783274110885,4.047783274110885,3.9599998755708814,3.9990146160125732,192500,0.0,0.0
2024-09-26 00:00:00-04:00,4.047783337169028,4.116058901459419,4.028275966644287,4.028275966644287,176700,0.0,0.0
2024-09-27 00:00:00-04:00,4.116059006320675,4.140443336370918,3.9209852961035474,3.9600000381469727,443900,0.0,0.0
2024-09-30 00:00:00-04:00,3.940000057220459,4.010000228881836,3.880000114440918,4.0,299800,0.1,0.0
2024-10-01 00:00:00-04:00,3.9800000190734863,3.9800000190734863,3.799999952316284,3.799999952316284,316000,0.0,0.0
2024-10-02 00:00:00-04:00,3.799999952316284,3.8489999771118164,3.759999990463257,3.7699999809265137,175000,0.0,0.0
2024-10-03 00:00:00-04:00,3.759999990463257,3.7850000858306885,3.680000066757202,3.680000066757202,230100,0.0,0.0
2024-10-04 00:00:00-04:00,3.759999990463257,3.8299999237060547,3.7149999141693115,3.740000009536743,219700,0.0,0.0
2024-10-07 00:00:00-04:00,3.75,3.7790000438690186,3.7049999237060547,3.759999990463257,184000,0.0,0.0
2024-10-08 00:00:00-04:00,3.7300000190734863,3.7850000858306885,3.7070000171661377,3.740000009536743,148500,0.0,0.0
2024-10-09 00:00:00-04:00,3.7300000190734863,3.7950000762939453,3.7200000286102295,3.75,165400,0.0,0.0
2024-10-10 00:00:00-04:00,3.7100000381469727,3.799999952316284,3.700000047683716,3.7300000190734863,205700,0.0,0.0
2024-10-11 00:00:00-04:00,3.75,3.8010001182556152,3.75,3.7899999618530273,121100,0.0,0.0
2024-10-14 00:00:00-04:00,3.890000104904175,3.9700000286102295,3.859999895095825,3.9100000858306885,319600,0.0,0.0
2024-10-15 00:00:00-04:00,3.950000047683716,4.28000020980835,3.950000047683716,4.190000057220459,626000,0.0,0.0
2024-10-16 00:00:00-04:00,4.239999771118164,4.320000171661377,4.235000133514404,4.320000171661377,522100,0.0,0.0
2024-10-17 00:00:00-04:00,4.320000171661377,4.320000171661377,4.230000019073486,4.260000228881836,219600,0.0,0.0
2024-10-18 00:00:00-04:00,4.289999961853027,4.300000190734863,4.190000057220459,4.230000019073486,265000,0.0,0.0
2024-10-21 00:00:00-04:00,4.230000019073486,4.239999771118164,4.099999904632568,4.119999885559082,263700,0.0,0.0
2024-10-22 00:00:00-04:00,4.110000133514404,4.184999942779541,4.110000133514404,4.139999866485596,146600,0.0,0.0
2024-10-23 00:00:00-04:00,4.099999904632568,4.130000114440918,3.990000009536743,3.990000009536743,311200,0.0,0.0
2024-10-24 00:00:00-04:00,4.010000228881836,4.019999980926514,3.880000114440918,3.9000000953674316,345700,0.0,0.0
2024-10-25 00:00:00-04:00,3.9200000762939453,3.9749999046325684,3.8299999237060547,3.8299999237060547,209600,0.0,0.0
2024-10-28 00:00:00-04:00,3.9000000953674316,3.950000047683716,3.869999885559082,3.930000066757202,190700,0.0,0.0
2024-10-29 00:00:00-04:00,3.890000104904175,3.9000000953674316,3.819999933242798,3.869999885559082,239500,0.0,0.0
2024-10-30 00:00:00-04:00,3.869999885559082,3.9600000381469727,3.8350000381469727,3.8399999141693115,181600,0.0,0.0
2024-10-31 00:00:00-04:00,3.8299999237060547,3.8299999237060547,3.7300000190734863,3.7300000190734863,211400,0.0,0.0
2024-11-01 00:00:00-04:00,3.7899999618530273,3.799999952316284,3.6700000762939453,3.7200000286102295,251600,0.0,0.0
2024-11-04 00:00:00-05:00,3.7200000286102295,3.7899999618530273,3.7049999237060547,3.7300000190734863,256400,0.0,0.0
2024-11-05 00:00:00-05:00,3.7100000381469727,3.8299999237060547,3.700000047683716,3.809999942779541,202800,0.0,0.0
2024-11-06 00:00:00-05:00,4.0,4.090000152587891,3.9100000858306885,4.0,390800,0.0,0.0
2024-11-07 00:00:00-05:00,4.010000228881836,4.050000190734863,3.9200000762939453,3.9700000286102295,331200,0.0,0.0
2024-11-08 00:00:00-05:00,3.950000047683716,4.125,3.875,4.070000171661377,279700,0.0,0.0
2024-11-11 00:00:00-05:00,4.110000133514404,4.119999885559082,3.9800000190734863,4.010000228881836,316600,0.0,0.0
2024-11-12 00:00:00-05:00,3.9700000286102295,4.0,3.859999895095825,3.880000114440918,244200,0.0,0.0
2024-11-13 00:00:00-05:00,3.930000066757202,4.010000228881836,3.8399999141693115,3.8399999141693115,274700,0.0,0.0
2024-11-14 00:00:00-05:00,3.880000114440918,3.950000047683716,3.8499999046325684,3.859999895095825,229200,0.0,0.0
2024-11-15 00:00:00-05:00,3.9000000953674316,3.9200000762939453,3.815000057220459,3.8299999237060547,313000,0.0,0.0
2024-11-18 00:00:00-05:00,3.8399999141693115,3.8499999046325684,3.7899999618530273,3.7899999618530273,240000,0.0,0.0
2024-11-19 00:00:00-05:00,3.759999990463257,3.9100000858306885,3.759999990463257,3.9100000858306885,198500,0.0,0.0
2024-11-20 00:00:00-05:00,3.880000114440918,3.9049999713897705,3.75,3.8299999237060547,199400,0.0,0.0
2024-11-21 00:00:00-05:00,3.8499999046325684,4.119999885559082,3.815000057220459,4.010000228881836,396300,0.0,0.0
2024-11-22 00:00:00-05:00,4.03000020980835,4.105000019073486,4.03000020980835,4.070000171661377,260400,0.0,0.0
2024-11-25 00:00:00-05:00,4.159999847412109,4.239999771118164,4.13100004196167,4.150000095367432,354800,0.0,0.0
2024-11-26 00:00:00-05:00,4.099999904632568,4.224999904632568,4.099999904632568,4.190000057220459,209300,0.0,0.0
2024-11-27 00:00:00-05:00,4.21999979019165,4.300000190734863,4.175000190734863,4.199999809265137,231300,0.0,0.0
2024-11-29 00:00:00-05:00,4.269999980926514,4.289999961853027,4.210000038146973,4.230000019073486,404500,0.0,0.0
2024-12-02 00:00:00-05:00,4.21999979019165,4.25,4.119999885559082,4.190000057220459,632400,0.0,0.0
2024-12-03 00:00:00-05:00,4.179999828338623,4.179999828338623,4.034999847412109,4.079999923706055,241800,0.0,0.0
2024-12-04 00:00:00-05:00,4.079999923706055,4.110000133514404,4.010000228881836,4.03000020980835,243500,0.0,0.0
2024-12-05 00:00:00-05:00,4.010000228881836,4.059000015258789,3.990000009536743,4.010000228881836,171800,0.0,0.0
2024-12-06 00:00:00-05:00,4.050000190734863,4.070000171661377,3.990000009536743,4.050000190734863,162800,0.0,0.0
2024-12-09 00:00:00-05:00,4.059999942779541,4.179999828338623,4.059999942779541,4.090000152587891,288600,0.0,0.0
2024-12-10 00:00:00-05:00,4.110000133514404,4.110000133514404,4.0,4.050000190734863,232200,0.0,0.0
2024-12-11 00:00:00-05:00,4.090000152587891,4.090000152587891,4.0,4.039999961853027,317900,0.0,0.0
2024-12-12 00:00:00-05:00,4.010000228881836,4.070000171661377,4.010000228881836,4.019999980926514,239000,0.0,0.0
2024-12-13 00:00:00-05:00,4.03000020980835,4.03000020980835,3.950000047683716,3.990000009536743,280700,0.0,0.0
2024-12-16 00:00:00-05:00,3.990000009536743,4.110000133514404,3.9800000190734863,4.019999980926514,200500,0.0,0.0
2024-12-17 00:00:00-05:00,4.019999980926514,4.070000171661377,3.9700000286102295,4.03000020980835,245700,0.0,0.0
2024-12-18 00:00:00-05:00,4.070000171661377,4.070000171661377,3.75,3.759999990463257,469300,0.0,0.0
2024-12-19 00:00:00-05:00,3.809999942779541,3.8450000286102295,3.755000114440918,3.759999990463257,403100,0.0,0.0
2024-12-20 00:00:00-05:00,3.75,3.924999952316284,3.75,3.8499999046325684,623200,0.0,0.0
2024-12-23 00:00:00-05:00,3.8499999046325684,3.884999990463257,3.815000057220459,3.880000114440918,386800,0.0,0.0
2024-12-24 00:00:00-05:00,3.880000114440918,3.880000114440918,3.805000066757202,3.8299999237060547,349900,0.0,0.0
2024-12-26 00:00:00-05:00,3.8299999237060547,3.9049999713897705,3.7709999084472656,3.859999895095825,872900,0.0,0.0
2024-12-27 00:00:00-05:00,3.8399999141693115,3.869999885559082,3.7200000286102295,3.75,457900,0.0,0.0
