Date,Open,High,Low,Close,Volume,Dividends,Stock Splits,Capital Gains
2005-11-15 00:00:00-05:00,9.961038966648283,9.971561431884766,9.92421134179811,9.971561431884766,36000,0.0,0.0,0.0
2005-11-16 00:00:00-05:00,9.864585193890138,9.9066743850708,9.864585193890138,9.9066743850708,80000,0.0,0.0,0.0
2005-11-17 00:00:00-05:00,9.9066743850708,9.9066743850708,9.9066743850708,9.9066743850708,0,0.0,0.0,0.0
2005-11-18 00:00:00-05:00,10.03820514678955,10.03820514678955,10.03820514678955,10.03820514678955,800,0.0,0.0,0.0
2005-11-21 00:00:00-05:00,10.02242135855498,10.078539848327637,10.02242135855498,10.078539848327637,8000,0.0,0.0,0.0
2005-11-22 00:00:00-05:00,10.103089583786877,10.111857970625827,10.103089583786877,10.11010456085205,8000,0.0,0.0,0.0
2005-11-23 00:00:00-05:00,10.17148273571823,10.180251121520996,10.17148273571823,10.180251121520996,4400,0.0,0.0,0.0
2005-11-25 00:00:00-05:00,10.180251121520996,10.180251121520996,10.180251121520996,10.180251121520996,0,0.0,0.0,0.0
2005-11-28 00:00:00-05:00,10.180251121520996,10.180251121520996,10.180251121520996,10.180251121520996,0,0.0,0.0,0.0
2005-11-29 00:00:00-05:00,10.180251121520996,10.180251121520996,10.180251121520996,10.180251121520996,0,0.0,0.0,0.0
2005-11-30 00:00:00-05:00,10.180251121520996,10.180251121520996,10.180251121520996,10.180251121520996,0,0.0,0.0,0.0
2005-12-01 00:00:00-05:00,10.180251121520996,10.180251121520996,10.180251121520996,10.180251121520996,0,0.0,0.0,0.0
2005-12-02 00:00:00-05:00,10.180251121520996,10.180251121520996,10.180251121520996,10.180251121520996,0,0.0,0.0,0.0
2005-12-05 00:00:00-05:00,10.180251121520996,10.180251121520996,10.180251121520996,10.180251121520996,0,0.0,0.0,0.0
2005-12-06 00:00:00-05:00,10.180251121520996,10.180251121520996,10.180251121520996,10.180251121520996,0,0.0,0.0,0.0
2005-12-07 00:00:00-05:00,10.180251121520996,10.180251121520996,10.180251121520996,10.180251121520996,0,0.0,0.0,0.0
2005-12-08 00:00:00-05:00,10.169734030253112,10.196039199829102,10.169734030253112,10.196039199829102,4000,0.0,0.0,0.0
2005-12-09 00:00:00-05:00,10.196039199829102,10.196039199829102,10.196039199829102,10.196039199829102,0,0.0,0.0,0.0
2005-12-12 00:00:00-05:00,10.187268201778867,10.203051567077637,10.187268201778867,10.203051567077637,8000,0.0,0.0,0.0
2005-12-13 00:00:00-05:00,10.16973191256889,10.182007789611816,10.16973191256889,10.182007789611816,4000,0.0,0.0,0.0
2005-12-14 00:00:00-05:00,10.260920977621932,10.29073429107666,10.260920977621932,10.29073429107666,4800,0.0,0.0,0.0
2005-12-15 00:00:00-05:00,10.303017492624734,10.303017492624734,10.29951000213623,10.29951000213623,4000,0.0,0.0,0.0
2005-12-16 00:00:00-05:00,10.296167657118112,10.296167657118112,10.275083541870117,10.275083541870117,4000,0.02775,0.0,0.0
2005-12-19 00:00:00-05:00,10.27508526115365,10.27508526115365,10.24345874786377,10.24345874786377,4400,0.0,0.0,0.0
2005-12-20 00:00:00-05:00,10.24345874786377,10.24345874786377,10.24345874786377,10.24345874786377,0,0.0,0.0,0.0
2005-12-21 00:00:00-05:00,10.181962395948942,10.224130630493164,10.181962395948942,10.224130630493164,4000,0.0,0.0,0.0
2005-12-22 00:00:00-05:00,10.192504562934337,10.206561088562012,10.192504562934337,10.206561088562012,4000,0.0,0.0,0.0
2005-12-23 00:00:00-05:00,10.232917023601843,10.24345874786377,10.232917023601843,10.24345874786377,4000,0.0,0.0,0.0
2005-12-27 00:00:00-05:00,10.250485671887978,10.250485671887978,10.174933530037045,10.180204391479492,7200,0.0,0.0,0.0
2005-12-28 00:00:00-05:00,10.153846622061998,10.178444862365723,10.153846622061998,10.178444862365723,11600,0.0,0.0,0.0
2005-12-29 00:00:00-05:00,10.178444862365723,10.178444862365723,10.178444862365723,10.178444862365723,0,0.0,0.0,0.0
2005-12-30 00:00:00-05:00,10.178444862365723,10.178444862365723,10.178444862365723,10.178444862365723,0,0.0,0.0,0.0
2006-01-03 00:00:00-05:00,10.178444862365723,10.178444862365723,10.178444862365723,10.178444862365723,0,0.0,0.0,0.0
2006-01-04 00:00:00-05:00,10.262782991433875,10.285624504089355,10.262782991433875,10.285624504089355,4000,0.0,0.0,0.0
2006-01-05 00:00:00-05:00,10.285626762641282,10.2996826171875,10.285626762641282,10.2996826171875,4000,0.0,0.0,0.0
2006-01-06 00:00:00-05:00,10.338337516629247,10.354150772094727,10.338337516629247,10.354150772094727,4000,0.0,0.0,0.0
2006-01-09 00:00:00-05:00,10.40334203372363,10.422669410705566,10.40334203372363,10.422669410705566,4000,0.0,0.0,0.0
2006-01-10 00:00:00-05:00,10.403346538287225,10.413888931274414,10.403346538287225,10.413888931274414,4000,0.0,0.0,0.0
2006-01-11 00:00:00-05:00,10.45429547943645,10.461323738098145,10.45429547943645,10.461323738098145,3200,0.0,0.0,0.0
2006-01-12 00:00:00-05:00,10.47362995147705,10.47362995147705,10.47362995147705,10.47362995147705,400,0.0,0.0,0.0
2006-01-13 00:00:00-05:00,10.403346255212469,10.434972763061523,10.403346255212469,10.434972763061523,9600,0.0,0.0,0.0
2006-01-17 00:00:00-05:00,10.375235396090602,10.392806053161621,10.375235396090602,10.392806053161621,4800,0.0,0.0,0.0
2006-01-18 00:00:00-05:00,10.271569665723982,10.361178330691455,10.271569665723982,10.304953575134277,86400,0.0,0.0,0.0
2006-01-19 00:00:00-05:00,10.384017727715369,10.4279433537552,10.375232736557775,10.424429893493652,28000,0.0,0.0,0.0
2006-01-20 00:00:00-05:00,10.408619826667193,10.408619826667193,10.331310272216797,10.331310272216797,6400,0.0,0.0,0.0
2006-01-23 00:00:00-05:00,10.239943821581592,10.24697208404541,10.239943821581592,10.24697208404541,4000,0.0,0.0,0.0
2006-01-24 00:00:00-05:00,10.264544164952444,10.278600692749023,10.264544164952444,10.278600692749023,4000,0.0,0.0,0.0
2006-01-25 00:00:00-05:00,10.278600692749023,10.278600692749023,10.278600692749023,10.278600692749023,0,0.0,0.0,0.0
2006-01-26 00:00:00-05:00,10.278600692749023,10.278600692749023,10.278600692749023,10.278600692749023,0,0.0,0.0,0.0
2006-01-27 00:00:00-05:00,10.278600692749023,10.278600692749023,10.278600692749023,10.278600692749023,0,0.0,0.0,0.0
2006-01-30 00:00:00-05:00,10.413886961976917,10.419157822347799,10.412129561685406,10.415643692016602,6400,0.0,0.0,0.0
2006-01-31 00:00:00-05:00,10.39982929240805,10.40510082244873,10.39982929240805,10.40510082244873,4000,0.0,0.0,0.0
2006-02-01 00:00:00-05:00,10.373475331984372,10.3822603225708,10.373475331984372,10.3822603225708,4000,0.0,0.0,0.0
2006-02-02 00:00:00-05:00,10.389290173498985,10.389290173498985,10.37523365020752,10.37523365020752,4000,0.0,0.0,0.0
2006-02-03 00:00:00-05:00,10.203041958699695,10.255752563476562,10.199527829014343,10.255752563476562,44000,0.0,0.0,0.0
2006-02-06 00:00:00-05:00,10.261027336120605,10.261027336120605,10.261027336120605,10.261027336120605,4000,0.0,0.0,0.0
2006-02-07 00:00:00-05:00,10.248725885638752,10.248725885638752,10.227641105651855,10.227641105651855,4000,0.0,0.0,0.0
2006-02-08 00:00:00-05:00,10.201282710897225,10.201282710897225,10.181955337524414,10.181955337524414,4000,0.0,0.0,0.0
2006-02-09 00:00:00-05:00,10.278600692749023,10.278600692749023,10.278600692749023,10.278600692749023,400,0.0,0.0,0.0
2006-02-10 00:00:00-05:00,10.239943312240571,10.239943312240571,10.208316802978516,10.208316802978516,8000,0.0,0.0,0.0
2006-02-13 00:00:00-05:00,10.24345910247521,10.24345910247521,10.199533462524414,10.199533462524414,8000,0.0,0.0,0.0
2006-02-14 00:00:00-05:00,10.220615131752188,10.232914924621582,10.220615131752188,10.232914924621582,4000,0.0,0.0,0.0
2006-02-15 00:00:00-05:00,10.315498754573794,10.348882675170898,10.315498754573794,10.348882675170898,3200,0.0,0.0,0.0
2006-02-16 00:00:00-05:00,10.375231804741064,10.375231804741064,10.373475074768066,10.373475074768066,4000,0.0,0.0,0.0
2006-02-17 00:00:00-05:00,10.373475074768066,10.373475074768066,10.373475074768066,10.373475074768066,0,0.0,0.0,0.0
2006-02-21 00:00:00-05:00,10.440243783268318,10.454300307082809,10.43848705291748,10.43848705291748,8800,0.0,0.0,0.0
2006-02-22 00:00:00-05:00,10.394560216230353,10.42970085144043,10.394560216230353,10.42970085144043,4800,0.0,0.0,0.0
2006-02-23 00:00:00-05:00,10.42970085144043,10.42970085144043,10.42970085144043,10.42970085144043,0,0.0,0.0,0.0
2006-02-24 00:00:00-05:00,10.447271409198976,10.447271409198976,10.445514678955078,10.445514678955078,4000,0.0,0.0,0.0
2006-02-27 00:00:00-05:00,10.503494262695312,10.503494262695312,10.503494262695312,10.503494262695312,1200,0.0,0.0,0.0
2006-02-28 00:00:00-05:00,10.503494262695312,10.503494262695312,10.503494262695312,10.503494262695312,0,0.0,0.0,0.0
2006-03-01 00:00:00-05:00,10.503494262695312,10.503494262695312,10.503494262695312,10.503494262695312,0,0.0,0.0,0.0
2006-03-02 00:00:00-05:00,10.503494262695312,10.503494262695312,10.503494262695312,10.503494262695312,0,0.0,0.0,0.0
2006-03-03 00:00:00-05:00,10.503494262695312,10.503494262695312,10.503494262695312,10.503494262695312,0,0.0,0.0,0.0
2006-03-06 00:00:00-05:00,10.45078496446573,10.45078496446573,10.42970085144043,10.42970085144043,4000,0.0,0.0,0.0
2006-03-07 00:00:00-05:00,10.42970085144043,10.42970085144043,10.42970085144043,10.42970085144043,0,0.0,0.0,0.0
2006-03-08 00:00:00-05:00,10.322520354246372,10.327791213989258,10.322520354246372,10.327791213989258,4000,0.0,0.0,0.0
2006-03-09 00:00:00-05:00,10.376991271972656,10.376991271972656,10.376991271972656,10.376991271972656,800,0.0,0.0,0.0
2006-03-10 00:00:00-05:00,10.322522861051507,10.322522861051507,10.313737869262695,10.313737869262695,4000,0.0,0.0,0.0
2006-03-13 00:00:00-05:00,10.399829452185827,10.408615112304688,10.399829452185827,10.408615112304688,4000,0.0,0.0,0.0
2006-03-14 00:00:00-05:00,10.406859875273216,10.417402267456055,10.406859875273216,10.417402267456055,4000,0.0,0.0,0.0
2006-03-15 00:00:00-05:00,10.417402267456055,10.417402267456055,10.417402267456055,10.417402267456055,0,0.0,0.0,0.0
2006-03-16 00:00:00-05:00,10.417402267456055,10.417402267456055,10.417402267456055,10.417402267456055,0,0.0,0.0,0.0
2006-03-17 00:00:00-05:00,10.456554412841797,10.456554412841797,10.456554412841797,10.456554412841797,0,0.0555,0.0,0.0
2006-03-20 00:00:00-05:00,10.602937769623882,10.602937769623882,10.5782470703125,10.5782470703125,13600,0.0,0.0,0.0
2006-03-21 00:00:00-05:00,10.564134714541051,10.564134714541051,10.530625343322754,10.530625343322754,7200,0.0,0.0,0.0
2006-03-22 00:00:00-05:00,10.474190591039113,10.507699966430664,10.474190591039113,10.507699966430664,4000,0.0,0.0,0.0
2006-03-23 00:00:00-05:00,10.569425582885742,10.569425582885742,10.569425582885742,10.569425582885742,400,0.0,0.0,0.0
2006-03-24 00:00:00-05:00,10.585299491882324,10.585299491882324,10.585299491882324,10.585299491882324,1200,0.0,0.0,0.0
2006-03-27 00:00:00-05:00,10.565897952980261,10.56766128540039,10.565897952980261,10.56766128540039,2400,0.0,0.0,0.0
2006-03-28 00:00:00-05:00,10.537680498317798,10.587061882019043,10.537680498317798,10.587061882019043,6400,0.0,0.0,0.0
2006-03-29 00:00:00-05:00,10.587061882019043,10.587061882019043,10.587061882019043,10.587061882019043,0,0.0,0.0,0.0
2006-03-30 00:00:00-05:00,10.622337341308594,10.622337341308594,10.622337341308594,10.622337341308594,400,0.0,0.0,0.0
2006-03-31 00:00:00-05:00,10.523576736450195,10.523576736450195,10.523576736450195,10.523576736450195,400,0.0,0.0,0.0
2006-04-03 00:00:00-04:00,10.523576736450195,10.523576736450195,10.523576736450195,10.523576736450195,0,0.0,0.0,0.0
2006-04-04 00:00:00-04:00,10.523576736450195,10.523576736450195,10.523576736450195,10.523576736450195,0,0.0,0.0,0.0
2006-04-05 00:00:00-04:00,10.632923427449324,10.63645076751709,10.632923427449324,10.63645076751709,131600,0.0,0.0,0.0
2006-04-06 00:00:00-04:00,10.63645076751709,10.63645076751709,10.63645076751709,10.63645076751709,0,0.0,0.0,0.0
2006-04-07 00:00:00-04:00,10.654082023233663,10.669954710043742,10.537682544216754,10.539445877075195,5600,0.0,0.0,0.0
2006-04-10 00:00:00-04:00,10.565898308441819,10.565898308441819,10.544734954833984,10.544734954833984,1600,0.0,0.0,0.0
2006-04-11 00:00:00-04:00,10.553553503782572,10.553553503782572,10.463608741760254,10.463608741760254,12400,0.0,0.0,0.0
2006-04-12 00:00:00-04:00,10.46537556166859,10.477720912084058,10.46537556166859,10.474193572998047,6400,0.0,0.0,0.0
2006-04-13 00:00:00-04:00,10.474193572998047,10.474193572998047,10.474193572998047,10.474193572998047,400,0.0,0.0,0.0
2006-04-17 00:00:00-04:00,10.502406240598498,10.502406240598498,10.453024864196777,10.453024864196777,2000,0.0,0.0,0.0
2006-04-18 00:00:00-04:00,10.453024864196777,10.453024864196777,10.453024864196777,10.453024864196777,0,0.0,0.0,0.0
2006-04-19 00:00:00-04:00,10.622332805773315,10.648787498474121,10.622332805773315,10.648787498474121,6000,0.0,0.0,0.0
2006-04-20 00:00:00-04:00,10.6611328125,10.6611328125,10.6611328125,10.6611328125,8000,0.0,0.0,0.0
2006-04-21 00:00:00-04:00,10.6611328125,10.6611328125,10.6611328125,10.6611328125,0,0.0,0.0,0.0
2006-04-24 00:00:00-04:00,10.631156884506595,10.643502235412598,10.631156884506595,10.643502235412598,2800,0.0,0.0,0.0
2006-04-25 00:00:00-04:00,10.643502235412598,10.643502235412598,10.643502235412598,10.643502235412598,0,0.0,0.0,0.0
2006-04-26 00:00:00-04:00,10.643502235412598,10.643502235412598,10.643502235412598,10.643502235412598,0,0.0,0.0,0.0
2006-04-27 00:00:00-04:00,10.6346851282933,10.654085159301758,10.6346851282933,10.654085159301758,4800,0.0,0.0,0.0
2006-04-28 00:00:00-04:00,10.654085159301758,10.654085159301758,10.654085159301758,10.654085159301758,0,0.0,0.0,0.0
2006-05-01 00:00:00-04:00,10.654085159301758,10.654085159301758,10.654085159301758,10.654085159301758,0,0.0,0.0,0.0
2006-05-02 00:00:00-04:00,10.654085159301758,10.654085159301758,10.654085159301758,10.654085159301758,0,0.0,0.0,0.0
2006-05-03 00:00:00-04:00,10.654085159301758,10.654085159301758,10.654085159301758,10.654085159301758,0,0.0,0.0,0.0
2006-05-04 00:00:00-04:00,10.654085159301758,10.654085159301758,10.654085159301758,10.654085159301758,0,0.0,0.0,0.0
2006-05-05 00:00:00-04:00,10.754606778698115,10.784588813781738,10.754606778698115,10.784588813781738,1600,0.0,0.0,0.0
2006-05-08 00:00:00-04:00,10.784588813781738,10.784588813781738,10.784588813781738,10.784588813781738,0,0.0,0.0,0.0
2006-05-09 00:00:00-04:00,10.784588813781738,10.784588813781738,10.784588813781738,10.784588813781738,0,0.0,0.0,0.0
2006-05-10 00:00:00-04:00,10.784588813781738,10.784588813781738,10.784588813781738,10.784588813781738,0,0.0,0.0,0.0
2006-05-11 00:00:00-04:00,10.680536270141602,10.680536270141602,10.680536270141602,10.680536270141602,1200,0.0,0.0,0.0
2006-05-12 00:00:00-04:00,10.680536270141602,10.680536270141602,10.680536270141602,10.680536270141602,0,0.0,0.0,0.0
2006-05-15 00:00:00-04:00,10.680536270141602,10.680536270141602,10.680536270141602,10.680536270141602,0,0.0,0.0,0.0
2006-05-16 00:00:00-04:00,10.680536270141602,10.680536270141602,10.680536270141602,10.680536270141602,0,0.0,0.0,0.0
2006-05-17 00:00:00-04:00,10.680536270141602,10.680536270141602,10.680536270141602,10.680536270141602,0,0.0,0.0,0.0
2006-05-18 00:00:00-04:00,10.680536270141602,10.680536270141602,10.680536270141602,10.680536270141602,0,0.0,0.0,0.0
2006-05-19 00:00:00-04:00,10.680536270141602,10.680536270141602,10.680536270141602,10.680536270141602,0,0.0,0.0,0.0
2006-05-22 00:00:00-04:00,10.680536270141602,10.680536270141602,10.680536270141602,10.680536270141602,0,0.0,0.0,0.0
2006-05-23 00:00:00-04:00,10.680536270141602,10.680536270141602,10.680536270141602,10.680536270141602,0,0.0,0.0,0.0
2006-05-24 00:00:00-04:00,10.229047775268555,10.229047775268555,10.229047775268555,10.229047775268555,2000,0.0,0.0,0.0
2006-05-25 00:00:00-04:00,10.229047775268555,10.229047775268555,10.229047775268555,10.229047775268555,0,0.0,0.0,0.0
2006-05-26 00:00:00-04:00,10.229047775268555,10.229047775268555,10.229047775268555,10.229047775268555,0,0.0,0.0,0.0
2006-05-30 00:00:00-04:00,10.229047775268555,10.229047775268555,10.229047775268555,10.229047775268555,0,0.0,0.0,0.0
2006-05-31 00:00:00-04:00,10.303114867533834,10.331333562528853,10.299588203430176,10.299588203430176,840000,0.0,0.0,0.0
2006-06-01 00:00:00-04:00,10.363081293235195,10.463608741760254,10.363081293235195,10.463608741760254,5200,0.0,0.0,0.0
2006-06-02 00:00:00-04:00,10.463608741760254,10.463608741760254,10.463608741760254,10.463608741760254,0,0.0,0.0,0.0
2006-06-05 00:00:00-04:00,10.498879936160264,10.498879936160264,10.315463088865334,10.318989753723145,10400,0.0,0.0,0.0
2006-06-06 00:00:00-04:00,10.269610404968262,10.269610404968262,10.269610404968262,10.269610404968262,400,0.0,0.0,0.0
2006-06-07 00:00:00-04:00,10.313702163819645,10.313702163819645,10.246684074401855,10.246684074401855,9200,0.0,0.0,0.0
2006-06-08 00:00:00-04:00,10.142629961887009,10.232575416564941,10.142629961887009,10.232575416564941,9200,0.0,0.0,0.0
2006-06-09 00:00:00-04:00,10.232575416564941,10.232575416564941,10.232575416564941,10.232575416564941,0,0.0,0.0,0.0
2006-06-12 00:00:00-04:00,10.22728527596455,10.22728527596455,10.065031051635742,10.065031051635742,9600,0.0,0.0,0.0
2006-06-13 00:00:00-04:00,10.024465128105716,10.04033781263632,9.953919714020603,9.957447052001953,16800,0.0,0.0,0.0
2006-06-14 00:00:00-04:00,9.9768492182361,9.990958573193167,9.9768492182361,9.98566722869873,22800,0.0,0.0,0.0
2006-06-15 00:00:00-04:00,9.98566722869873,9.98566722869873,9.98566722869873,9.98566722869873,0,0.0,0.0,0.0
2006-06-16 00:00:00-04:00,10.089015007019043,10.089015007019043,10.089015007019043,10.089015007019043,0,0.145,0.0,0.0
2006-06-19 00:00:00-04:00,10.089015007019043,10.089015007019043,10.089015007019043,10.089015007019043,0,0.0,0.0,0.0
2006-06-20 00:00:00-04:00,10.089015007019043,10.089015007019043,10.089015007019043,10.089015007019043,0,0.0,0.0,0.0
2006-06-21 00:00:00-04:00,10.089015007019043,10.089015007019043,10.089015007019043,10.089015007019043,0,0.0,0.0,0.0
2006-06-22 00:00:00-04:00,10.1496000289917,10.1496000289917,10.115744514628119,10.1496000289917,9600,0.0,0.0,0.0
2006-06-23 00:00:00-04:00,10.142470384499982,10.158507347106934,10.115742566644348,10.158507347106934,4000,0.0,0.0,0.0
2006-06-26 00:00:00-04:00,10.17098139562903,10.183454513549805,10.153162170217959,10.183454513549805,4000,0.0,0.0,0.0
2006-06-27 00:00:00-04:00,10.10326862335205,10.10326862335205,10.10326862335205,10.10326862335205,400,0.0,0.0,0.0
2006-06-28 00:00:00-04:00,10.15316390991211,10.15316390991211,10.15316390991211,10.15316390991211,2000,0.0,0.0,0.0
2006-06-29 00:00:00-04:00,10.240474622069055,10.370551908089716,10.2351285146066,10.368769645690918,33600,0.0,0.0,0.0
2006-06-30 00:00:00-04:00,10.41510093832381,10.41510093832381,10.375899314880371,10.375899314880371,3200,0.0,0.0,0.0
2006-07-03 00:00:00-04:00,10.375899314880371,10.375899314880371,10.375899314880371,10.375899314880371,0,0.0,0.0,0.0
2006-07-05 00:00:00-04:00,10.375899314880371,10.375899314880371,10.375899314880371,10.375899314880371,0,0.0,0.0,0.0
2006-07-06 00:00:00-04:00,10.375899314880371,10.375899314880371,10.375899314880371,10.375899314880371,0,0.0,0.0,0.0
2006-07-07 00:00:00-04:00,10.375899314880371,10.375899314880371,10.375899314880371,10.375899314880371,0,0.0,0.0,0.0
2006-07-10 00:00:00-04:00,10.375899314880371,10.375899314880371,10.375899314880371,10.375899314880371,0,0.0,0.0,0.0
2006-07-11 00:00:00-04:00,10.375899314880371,10.375899314880371,10.375899314880371,10.375899314880371,0,0.0,0.0,0.0
2006-07-12 00:00:00-04:00,10.375899314880371,10.375899314880371,10.375899314880371,10.375899314880371,0,0.0,0.0,0.0
2006-07-13 00:00:00-04:00,10.375899314880371,10.375899314880371,10.375899314880371,10.375899314880371,0,0.0,0.0,0.0
2006-07-14 00:00:00-04:00,10.069414364603528,10.078324317932129,10.069414364603528,10.078324317932129,4000,0.0,0.0,0.0
2006-07-17 00:00:00-04:00,10.049813270568848,10.049813270568848,10.049813270568848,10.049813270568848,400,0.0,0.0,0.0
2006-07-18 00:00:00-04:00,10.049813270568848,10.049813270568848,10.049813270568848,10.049813270568848,0,0.0,0.0,0.0
2006-07-19 00:00:00-04:00,10.090794645425142,10.13890552520752,10.085448538960112,10.13890552520752,120000,0.0,0.0,0.0
2006-07-20 00:00:00-04:00,10.244039300936146,10.25473015726334,10.16563606262207,10.16563606262207,4000,0.0,0.0,0.0
2006-07-21 00:00:00-04:00,10.089010356999053,10.089010356999053,10.087228775024414,10.087228775024414,2400,0.0,0.0,0.0
2006-07-24 00:00:00-04:00,10.267205238342285,10.267205238342285,10.267205238342285,10.267205238342285,800,0.0,0.0,0.0
2006-07-25 00:00:00-04:00,10.247599928647759,10.3366940012241,10.247599928647759,10.333130836486816,1600,0.0,0.0,0.0
2006-07-26 00:00:00-04:00,10.354510307312012,10.354510307312012,10.354510307312012,10.354510307312012,400,0.0,0.0,0.0
2006-07-27 00:00:00-04:00,10.354510307312012,10.354510307312012,10.354510307312012,10.354510307312012,0,0.0,0.0,0.0
2006-07-28 00:00:00-04:00,10.354510307312012,10.354510307312012,10.354510307312012,10.354510307312012,0,0.0,0.0,0.0
2006-07-31 00:00:00-04:00,10.354510307312012,10.354510307312012,10.354510307312012,10.354510307312012,0,0.0,0.0,0.0
2006-08-01 00:00:00-04:00,10.354510307312012,10.354510307312012,10.354510307312012,10.354510307312012,0,0.0,0.0,0.0
2006-08-02 00:00:00-04:00,10.354510307312012,10.354510307312012,10.354510307312012,10.354510307312012,0,0.0,0.0,0.0
2006-08-03 00:00:00-04:00,10.429351806640625,10.429351806640625,10.429351806640625,10.429351806640625,2000,0.0,0.0,0.0
2006-08-04 00:00:00-04:00,10.498845100402832,10.498845100402832,10.498845100402832,10.498845100402832,2000,0.0,0.0,0.0
2006-08-07 00:00:00-04:00,10.390152931213379,10.390152931213379,10.390152931213379,10.390152931213379,2000,0.0,0.0,0.0
2006-08-08 00:00:00-04:00,10.420446395874023,10.420446395874023,10.420446395874023,10.420446395874023,2000,0.0,0.0,0.0
2006-08-09 00:00:00-04:00,10.422228813171387,10.422228813171387,10.422228813171387,10.422228813171387,2000,0.0,0.0,0.0
2006-08-10 00:00:00-04:00,10.422228813171387,10.422228813171387,10.422228813171387,10.422228813171387,0,0.0,0.0,0.0
2006-08-11 00:00:00-04:00,10.422228813171387,10.422228813171387,10.422228813171387,10.422228813171387,0,0.0,0.0,0.0
2006-08-14 00:00:00-04:00,10.422228813171387,10.422228813171387,10.422228813171387,10.422228813171387,0,0.0,0.0,0.0
2006-08-15 00:00:00-04:00,10.416878781508032,10.46498966217041,10.416878781508032,10.46498966217041,800,0.0,0.0,0.0
2006-08-16 00:00:00-04:00,10.46498966217041,10.46498966217041,10.46498966217041,10.46498966217041,0,0.0,0.0,0.0
2006-08-17 00:00:00-04:00,10.46498966217041,10.46498966217041,10.46498966217041,10.46498966217041,0,0.0,0.0,0.0
2006-08-18 00:00:00-04:00,10.46498966217041,10.46498966217041,10.46498966217041,10.46498966217041,0,0.0,0.0,0.0
2006-08-21 00:00:00-04:00,10.591506052661524,10.591506052661524,10.573687505077734,10.582596778869629,18400,0.0,0.0,0.0
2006-08-22 00:00:00-04:00,10.600416032034072,10.600416032034072,10.557650566101074,10.557650566101074,4800,0.0,0.0,0.0
2006-08-23 00:00:00-04:00,10.557650566101074,10.557650566101074,10.557650566101074,10.557650566101074,0,0.0,0.0,0.0
2006-08-24 00:00:00-04:00,10.513101736440616,10.555867195129395,10.513101736440616,10.555867195129395,4000,0.0,0.0,0.0
2006-08-25 00:00:00-04:00,10.557650566101074,10.557650566101074,10.557650566101074,10.557650566101074,4000,0.0,0.0,0.0
2006-08-28 00:00:00-04:00,10.557650566101074,10.557650566101074,10.557650566101074,10.557650566101074,0,0.0,0.0,0.0
2006-08-29 00:00:00-04:00,10.575467109680176,10.575467109680176,10.575467109680176,10.575467109680176,800,0.0,0.0,0.0
2006-08-30 00:00:00-04:00,10.639618958391697,10.639618958391697,10.634273529052734,10.634273529052734,21200,0.0,0.0,0.0
2006-08-31 00:00:00-04:00,10.634273529052734,10.634273529052734,10.634273529052734,10.634273529052734,0,0.0,0.0,0.0
2006-09-01 00:00:00-04:00,10.703763961791992,10.703763961791992,10.703763961791992,10.703763961791992,800,0.0,0.0,0.0
2006-09-05 00:00:00-04:00,10.703763961791992,10.703763961791992,10.703763961791992,10.703763961791992,0,0.0,0.0,0.0
2006-09-06 00:00:00-04:00,10.703763961791992,10.703763961791992,10.703763961791992,10.703763961791992,0,0.0,0.0,0.0
2006-09-07 00:00:00-04:00,10.570120811462402,10.570120811462402,10.559429277952583,10.570120811462402,6800,0.0,0.0,0.0
2006-09-08 00:00:00-04:00,10.570120811462402,10.570120811462402,10.570120811462402,10.570120811462402,0,0.0,0.0,0.0
2006-09-11 00:00:00-04:00,10.530919255112211,10.602194786071777,10.530919255112211,10.602194786071777,3200,0.0,0.0,0.0
2006-09-12 00:00:00-04:00,10.602194786071777,10.602194786071777,10.602194786071777,10.602194786071777,0,0.0,0.0,0.0
2006-09-13 00:00:00-04:00,10.757218360900879,10.757218360900879,10.757218360900879,10.757218360900879,2000,0.0,0.0,0.0
2006-09-14 00:00:00-04:00,10.744748998956924,10.744748998956924,10.737621307373047,10.737621307373047,1600,0.0,0.0,0.0
2006-09-15 00:00:00-04:00,10.777335380554913,10.79522577004891,10.777335380554913,10.793437004089355,2800,0.0605,0.0,0.0
2006-09-18 00:00:00-04:00,10.793437004089355,10.793437004089355,10.793437004089355,10.793437004089355,0,0.0,0.0,0.0
2006-09-19 00:00:00-04:00,10.74155330657959,10.74155330657959,10.74155330657959,10.74155330657959,2000,0.0,0.0,0.0
2006-09-20 00:00:00-04:00,10.74155330657959,10.74155330657959,10.74155330657959,10.74155330657959,0,0.0,0.0,0.0
2006-09-21 00:00:00-04:00,10.80417251586914,10.80417251586914,10.80417251586914,10.80417251586914,1600,0.0,0.0,0.0
2006-09-22 00:00:00-04:00,10.80417251586914,10.80417251586914,10.80417251586914,10.80417251586914,0,0.0,0.0,0.0
2006-09-25 00:00:00-04:00,10.80417251586914,10.80417251586914,10.80417251586914,10.80417251586914,0,0.0,0.0,0.0
2006-09-26 00:00:00-04:00,10.80417251586914,10.80417251586914,10.80417251586914,10.80417251586914,0,0.0,0.0,0.0
2006-09-27 00:00:00-04:00,10.89362621307373,10.89362621307373,10.89362621307373,10.89362621307373,3200,0.0,0.0,0.0
2006-09-28 00:00:00-04:00,10.909729957580566,10.909729957580566,10.909729957580566,10.909729957580566,400,0.0,0.0,0.0
2006-09-29 00:00:00-04:00,10.909728260373134,10.925829887390137,10.909728260373134,10.925829887390137,1200,0.0,0.0,0.0
2006-10-02 00:00:00-04:00,10.925829887390137,10.925829887390137,10.925829887390137,10.925829887390137,0,0.0,0.0,0.0
2006-10-03 00:00:00-04:00,10.909729957580566,10.909729957580566,10.909729957580566,10.909729957580566,400,0.0,0.0,0.0
2006-10-04 00:00:00-04:00,10.865001678466797,10.865001678466797,10.865001678466797,10.865001678466797,400,0.0,0.0,0.0
2006-10-05 00:00:00-04:00,11.020647122922156,11.05463981628418,11.013491377060028,11.05463981628418,35600,0.0,0.0,0.0
2006-10-06 00:00:00-04:00,10.99560210677435,11.026016590948469,10.984868144986162,11.024227142333984,20000,0.0,0.0,0.0
2006-10-09 00:00:00-04:00,11.020646908632116,11.040326744938085,11.020646908632116,11.038537979125977,4800,0.0,0.0,0.0
2006-10-10 00:00:00-04:00,11.07432246090473,11.07432246090473,11.029595796171632,11.061799049377441,18000,0.0,0.0,0.0
2006-10-11 00:00:00-04:00,11.02064916794888,11.04927420413285,11.02064916794888,11.036750793457031,4800,0.0,0.0,0.0
2006-10-12 00:00:00-04:00,11.077898634502988,11.129781723022461,11.077898634502988,11.129781723022461,12800,0.0,0.0,0.0
2006-10-13 00:00:00-04:00,11.13872451526231,11.158404350280762,11.13872451526231,11.158404350280762,5200,0.0,0.0,0.0
2006-10-16 00:00:00-04:00,11.19597756652006,11.19597756652006,11.194188117980957,11.194188117980957,1600,0.0,0.0,0.0
2006-10-17 00:00:00-04:00,11.17451286315918,11.17451286315918,11.17451286315918,11.17451286315918,800,0.0,0.0,0.0
2006-10-18 00:00:00-04:00,11.212077123301725,11.212077123301725,11.161983489990234,11.161983489990234,2000,0.0,0.0,0.0
2006-10-19 00:00:00-04:00,11.179879188537598,11.179879188537598,11.179879188537598,11.179879188537598,400,0.0,0.0,0.0
2006-10-20 00:00:00-04:00,11.154828071594238,11.154828071594238,11.154828071594238,11.154828071594238,400,0.0,0.0,0.0
2006-10-23 00:00:00-04:00,11.154828071594238,11.154828071594238,11.154828071594238,11.154828071594238,0,0.0,0.0,0.0
2006-10-24 00:00:00-04:00,11.154828071594238,11.154828071594238,11.154828071594238,11.154828071594238,0,0.0,0.0,0.0
2006-10-25 00:00:00-04:00,11.154828071594238,11.154828071594238,11.154828071594238,11.154828071594238,0,0.0,0.0,0.0
2006-10-26 00:00:00-04:00,11.315847813305842,11.348051071166992,11.315847813305842,11.348051071166992,1600,0.0,0.0,0.0
2006-10-27 00:00:00-04:00,11.331946534502334,11.331946534502334,11.260383605957031,11.260383605957031,2400,0.0,0.0,0.0
2006-10-30 00:00:00-05:00,11.224606090119545,11.292590141296387,11.224606090119545,11.292590141296387,10800,0.0,0.0,0.0
2006-10-31 00:00:00-05:00,11.253230421419916,11.255019187927246,11.253230421419916,11.255019187927246,4000,0.0,0.0,0.0
2006-11-01 00:00:00-05:00,11.183456420898438,11.183456420898438,11.183456420898438,11.183456420898438,400,0.0,0.0,0.0
2006-11-02 00:00:00-05:00,11.183456420898438,11.183456420898438,11.183456420898438,11.183456420898438,0,0.0,0.0,0.0
2006-11-03 00:00:00-05:00,11.181668791756142,11.181668791756142,11.153043746948242,11.153043746948242,10000,0.0,0.0,0.0
2006-11-06 00:00:00-05:00,11.238916133628202,11.280064582824707,11.238916133628202,11.280064582824707,1200,0.0,0.0,0.0
2006-11-07 00:00:00-05:00,11.331946487484757,11.34804811221691,11.317633628845215,11.317633628845215,37600,0.0,0.0,0.0
2006-11-08 00:00:00-05:00,11.31584644317627,11.31584644317627,11.31584644317627,11.31584644317627,2000,0.0,0.0,0.0
2006-11-09 00:00:00-05:00,11.31584644317627,11.31584644317627,11.31584644317627,11.31584644317627,0,0.0,0.0,0.0
2006-11-10 00:00:00-05:00,11.312267748503201,11.312267748503201,11.290799140930176,11.290799140930176,4000,0.0,0.0,0.0
2006-11-13 00:00:00-05:00,11.290799140930176,11.290799140930176,11.290799140930176,11.290799140930176,0,0.0,0.0,0.0
2006-11-14 00:00:00-05:00,11.308689753750325,11.407088279724121,11.308689753750325,11.407088279724121,3200,0.0,0.0,0.0
2006-11-15 00:00:00-05:00,11.478648540965134,11.478648540965134,11.476859092712402,11.476859092712402,5200,0.0,0.0,0.0
2006-11-16 00:00:00-05:00,11.475072684733272,11.505486488342285,11.475072684733272,11.505486488342285,3200,0.0,0.0,0.0
2006-11-17 00:00:00-05:00,11.475071907043457,11.475071907043457,11.475071907043457,11.475071907043457,3200,0.0,0.0,0.0
2006-11-20 00:00:00-05:00,11.475071907043457,11.475071907043457,11.475071907043457,11.475071907043457,0,0.0,0.0,0.0
2006-11-21 00:00:00-05:00,11.475071907043457,11.475071907043457,11.475071907043457,11.475071907043457,0,0.0,0.0,0.0
2006-11-22 00:00:00-05:00,11.521588025596621,11.525165557861328,11.521588025596621,11.525165557861328,800,0.0,0.0,0.0
2006-11-24 00:00:00-05:00,11.525165557861328,11.525165557861328,11.525165557861328,11.525165557861328,0,0.0,0.0,0.0
2006-11-27 00:00:00-05:00,11.396352098556932,11.396352098556932,11.351625442504883,11.351625442504883,1200,0.0,0.0,0.0
2006-11-28 00:00:00-05:00,11.351625442504883,11.351625442504883,11.351625442504883,11.351625442504883,0,0.0,0.0,0.0
2006-11-29 00:00:00-05:00,11.467913870162674,11.480437278747559,11.467913870162674,11.480437278747559,2000,0.0,0.0,0.0
2006-11-30 00:00:00-05:00,11.532320677466734,11.532320677466734,11.52695369720459,11.52695369720459,5600,0.0,0.0,0.0
2006-12-01 00:00:00-05:00,11.467915410501782,11.467915410501782,11.432134628295898,11.432134628295898,2400,0.0,0.0,0.0
2006-12-04 00:00:00-05:00,11.57705020904541,11.57705020904541,11.57705020904541,11.57705020904541,2000,0.0,0.0,0.0
2006-12-05 00:00:00-05:00,11.59315299987793,11.59315299987793,11.59315299987793,11.59315299987793,400,0.0,0.0,0.0
2006-12-06 00:00:00-05:00,11.619987132007596,11.621776580810547,11.619987132007596,11.621776580810547,2400,0.0,0.0,0.0
2006-12-07 00:00:00-05:00,11.609253945332537,11.612832843177737,11.59315299987793,11.59315299987793,4400,0.0,0.0,0.0
2006-12-08 00:00:00-05:00,11.546635220239933,11.627142665822005,11.546635220239933,11.614619255065918,12400,0.0,0.0,0.0
2006-12-11 00:00:00-05:00,11.605670276781224,11.625350109676747,11.605670276781224,11.61998176574707,28400,0.0,0.0,0.0
2006-12-12 00:00:00-05:00,11.555580386301868,11.611042378453549,11.555580386301868,11.6092529296875,21200,0.0,0.0,0.0
2006-12-13 00:00:00-05:00,11.611042320435963,11.62893271315862,11.611042320435963,11.616409301757812,8000,0.0,0.0,0.0
2006-12-14 00:00:00-05:00,11.700493812561035,11.700493812561035,11.700493812561035,11.700493812561035,4000,0.0,0.0,0.0
2006-12-15 00:00:00-05:00,11.75261306422508,11.765192258547536,11.720266368677432,11.73464298248291,18800,0.0725,0.0,0.0
2006-12-18 00:00:00-05:00,11.758002912551431,11.758002912551431,11.691512107849121,11.691512107849121,20800,0.0,0.0,0.0
2006-12-19 00:00:00-05:00,11.66994646026497,11.723856691027018,11.659163317289373,11.718465805053711,10400,0.0,0.0,0.0
2006-12-20 00:00:00-05:00,11.741829607725853,11.741829607725853,11.704092025756836,11.704092025756836,1600,0.0,0.0,0.0
2006-12-21 00:00:00-05:00,11.72565118785548,11.72565118785548,11.668146133422852,11.668146133422852,3600,0.0,0.0,0.0
2006-12-22 00:00:00-05:00,11.668146133422852,11.668146133422852,11.668146133422852,11.668146133422852,0,0.0,0.0,0.0
2006-12-26 00:00:00-05:00,11.616035981735156,11.637600898742676,11.614238562560582,11.637600898742676,1600,0.0,0.0,0.0
2006-12-27 00:00:00-05:00,11.695104585547206,11.716668128967285,11.695104585547206,11.716668128967285,1200,0.0,0.0,0.0
2006-12-28 00:00:00-05:00,11.686120302970558,11.725655298821666,11.686120302970558,11.723857879638672,3600,0.0,0.0,0.0
2006-12-29 00:00:00-05:00,11.718467880653376,11.718467880653376,11.659165382385254,11.659165382385254,1600,0.0,0.0,0.0
2007-01-03 00:00:00-05:00,11.696899825766934,11.696899825766934,11.599861145019531,11.599861145019531,4800,0.0,0.0,0.0
2007-01-04 00:00:00-05:00,11.630410696313525,11.655569076538086,11.630410696313525,11.655569076538086,2400,0.0,0.0,0.0
2007-01-05 00:00:00-05:00,11.589077949523926,11.589077949523926,11.589077949523926,11.589077949523926,2000,0.0,0.0,0.0
2007-01-08 00:00:00-05:00,11.614234700568892,11.626813888549805,11.612438653020662,11.626813888549805,14800,0.0,0.0,0.0
2007-01-09 00:00:00-05:00,11.580095079300621,11.62861442565918,11.580095079300621,11.62861442565918,1600,0.0,0.0,0.0
2007-01-10 00:00:00-05:00,11.589080155837934,11.641194343566895,11.58548668852485,11.641194343566895,4400,0.0,0.0,0.0
2007-01-11 00:00:00-05:00,11.720266058617453,11.720266058617453,11.704092025756836,11.704092025756836,1200,0.0,0.0,0.0
2007-01-12 00:00:00-05:00,11.729250734188119,11.788553237915039,11.727454685732894,11.788553237915039,6800,0.0,0.0,0.0
2007-01-16 00:00:00-05:00,11.779564600227634,11.799332094283699,11.777767181396484,11.777767181396484,102800,0.0,0.0,0.0
2007-01-17 00:00:00-05:00,11.788551096100697,11.788551096100697,11.783160209655762,11.783160209655762,1600,0.0,0.0,0.0
2007-01-18 00:00:00-05:00,11.770585734783966,11.770585734783966,11.682531355160146,11.736441612243652,17200,0.0,0.0,0.0
2007-01-19 00:00:00-05:00,11.741827795196087,11.783160209655762,11.741827795196087,11.783160209655762,8400,0.0,0.0,0.0
2007-01-22 00:00:00-05:00,11.723857879638672,11.723857879638672,11.723857879638672,11.723857879638672,4000,0.0,0.0,0.0
2007-01-23 00:00:00-05:00,11.757999420166016,11.757999420166016,11.757999420166016,11.757999420166016,400,0.0,0.0,0.0
2007-01-24 00:00:00-05:00,11.757999420166016,11.757999420166016,11.757999420166016,11.757999420166016,0,0.0,0.0,0.0
2007-01-25 00:00:00-05:00,11.860433915708148,11.860433915708148,11.741828918457033,11.741828918457031,3200,0.0,0.0,0.0
2007-01-26 00:00:00-05:00,11.741828918457033,11.741828918457033,11.741828918457033,11.741828918457031,0,0.0,0.0,0.0
2007-01-29 00:00:00-05:00,11.745424239287004,11.745424239287004,11.713077545166016,11.713077545166016,2000,0.0,0.0,0.0
2007-01-30 00:00:00-05:00,11.736432638200553,11.774170200612586,11.736432638200553,11.772374153137207,2000,0.0,0.0,0.0
2007-01-31 00:00:00-05:00,11.790348359898031,11.860432624816895,11.790348359898031,11.860432624816895,800,0.0,0.0,0.0
2007-02-01 00:00:00-05:00,11.912543296813965,11.912543296813965,11.912543296813965,11.912543296813965,1200,0.0,0.0,0.0
2007-02-02 00:00:00-05:00,11.962865595839883,11.962865595839883,11.957474708557129,11.957474708557129,1200,0.0,0.0,0.0
2007-02-05 00:00:00-05:00,11.941296577453613,11.941296577453613,11.941296577453613,11.941296577453613,3200,0.0,0.0,0.0
2007-02-06 00:00:00-05:00,11.939501261161842,11.939501261161842,11.914342880249023,11.914342880249023,4000,0.0,0.0,0.0
2007-02-07 00:00:00-05:00,11.997007090716998,11.99880313873291,11.997007090716998,11.99880313873291,1200,0.0,0.0,0.0
2007-02-08 00:00:00-05:00,11.99880313873291,11.99880313873291,11.99880313873291,11.99880313873291,0,0.0,0.0,0.0
2007-02-09 00:00:00-05:00,11.971846923858077,11.971846923858077,11.883791227158024,11.885588645935059,1600,0.0,0.0,0.0
2007-02-12 00:00:00-05:00,11.864024120726361,11.864024120726361,11.831677436828613,11.831677436828613,800,0.0,0.0,0.0
2007-02-13 00:00:00-05:00,11.831677436828613,11.831677436828613,11.831677436828613,11.831677436828613,0,0.0,0.0,0.0
2007-02-14 00:00:00-05:00,12.02396011352539,12.02396011352539,12.02396011352539,12.02396011352539,800,0.0,0.0,0.0
2007-02-15 00:00:00-05:00,12.022167205810547,12.034746398879877,12.022167205810547,12.022167205810547,1200,0.0,0.0,0.0
2007-02-16 00:00:00-05:00,12.014976501464844,12.014976501464844,12.014976501464844,12.014976501464844,400,0.0,0.0,0.0
2007-02-20 00:00:00-05:00,12.022167205810547,12.022167205810547,12.022167205810547,12.022167205810547,2000,0.0,0.0,0.0
2007-02-21 00:00:00-05:00,12.050914785884434,12.050914785884434,12.04372648224699,12.047321319580078,6000,0.0,0.0,0.0
2007-02-22 00:00:00-05:00,12.027554512023926,12.027554512023926,12.027554512023926,12.027554512023926,800,0.0,0.0,0.0
2007-02-23 00:00:00-05:00,12.007788907461766,12.007788907461766,11.991616249084473,11.991616249084473,2800,0.0,0.0,0.0
2007-02-26 00:00:00-05:00,12.020368576049805,12.020368576049805,12.020368576049805,12.020368576049805,1200,0.0,0.0,0.0
2007-02-27 00:00:00-05:00,11.80831955150387,11.80831955150387,11.321323118394835,11.562125205993652,7200,0.0,0.0,0.0
2007-02-28 00:00:00-05:00,11.66994206756076,11.66994206756076,11.608842183794376,11.64657974243164,2000,0.0,0.0,0.0
2007-03-01 00:00:00-05:00,11.540559776800446,11.581890816844364,11.538762357789713,11.5585298538208,3200,0.0,0.0,0.0
2007-03-02 00:00:00-05:00,11.511802673339844,11.511802673339844,11.511802673339844,11.511802673339844,400,0.0,0.0,0.0
2007-03-05 00:00:00-05:00,11.394997552270732,11.421953348270419,11.362650871276855,11.362650871276855,2000,0.0,0.0,0.0
2007-03-06 00:00:00-05:00,11.362650871276855,11.362650871276855,11.362650871276855,11.362650871276855,0,0.0,0.0,0.0
2007-03-07 00:00:00-05:00,11.545953291315382,11.581893453538104,11.520794903553615,11.571111679077148,10000,0.0,0.0,0.0
2007-03-08 00:00:00-05:00,11.635802260613737,11.635802260613737,11.61783218383789,11.61783218383789,7600,0.0,0.0,0.0
2007-03-09 00:00:00-05:00,11.61783218383789,11.61783218383789,11.61783218383789,11.61783218383789,0,0.0,0.0,0.0
2007-03-12 00:00:00-04:00,11.61783218383789,11.61783218383789,11.61783218383789,11.61783218383789,0,0.0,0.0,0.0
2007-03-13 00:00:00-04:00,11.61783218383789,11.61783218383789,11.61783218383789,11.61783218383789,0,0.0,0.0,0.0
2007-03-14 00:00:00-04:00,11.393200829889224,11.438126699588292,11.29795751997743,11.360854148864746,17600,0.0,0.0,0.0
2007-03-15 00:00:00-04:00,11.513606071472168,11.513606071472168,11.513606071472168,11.513606071472168,800,0.0,0.0,0.0
2007-03-16 00:00:00-04:00,11.54158981294959,11.577703249462747,11.487421035766602,11.487421035766602,14800,0.07625,0.0,0.0
2007-03-19 00:00:00-04:00,11.487421035766602,11.487421035766602,11.487421035766602,11.487421035766602,0,0.0,0.0,0.0
2007-03-20 00:00:00-04:00,11.680624277061817,11.680624277061817,11.671595573425293,11.671595573425293,2400,0.0,0.0,0.0
2007-03-21 00:00:00-04:00,11.700484928866743,11.879241943359375,11.700484928866743,11.879241943359375,6400,0.0,0.0,0.0
2007-03-22 00:00:00-04:00,11.900910002953202,11.900910002953202,11.879241943359375,11.879241943359375,4000,0.0,0.0,0.0
2007-03-23 00:00:00-04:00,11.902718544006348,11.902718544006348,11.902718544006348,11.902718544006348,400,0.0,0.0,0.0
2007-03-26 00:00:00-04:00,11.884655952453613,11.884655952453613,11.884655952453613,11.884655952453613,4000,0.0,0.0,0.0
2007-03-27 00:00:00-04:00,11.839516682862058,11.839516682862058,11.835906028747559,11.835906028747559,800,0.0,0.0,0.0
2007-03-28 00:00:00-04:00,11.772713023114681,11.772713023114681,11.7600736618042,11.7600736618042,800,0.0,0.0,0.0
2007-03-29 00:00:00-04:00,11.76910165582402,11.77090767235548,11.761878967285156,11.761878967285156,5200,0.0,0.0,0.0
2007-03-30 00:00:00-04:00,11.718541164372832,11.75645923614502,11.714929132249791,11.75645923614502,3600,0.0,0.0,0.0
2007-04-02 00:00:00-04:00,11.75645923614502,11.75645923614502,11.75645923614502,11.75645923614502,0,0.0,0.0,0.0
2007-04-03 00:00:00-04:00,11.75645923614502,11.75645923614502,11.75645923614502,11.75645923614502,0,0.0,0.0,0.0
2007-04-04 00:00:00-04:00,11.895494516901968,11.929801940917969,11.895494516901968,11.929801940917969,1200,0.0,0.0,0.0
2007-04-05 00:00:00-04:00,11.94244020588244,11.969524939328632,11.94244020588244,11.958691596984863,24400,0.0,0.0,0.0
2007-04-09 00:00:00-04:00,11.989388465881348,11.989388465881348,11.989388465881348,11.989388465881348,400,0.0,0.0,0.0
2007-04-10 00:00:00-04:00,11.989388465881348,11.989388465881348,11.989388465881348,11.989388465881348,0,0.0,0.0,0.0
2007-04-11 00:00:00-04:00,11.947859097619682,11.947859097619682,11.946054458618164,11.946054458618164,3200,0.0,0.0,0.0
2007-04-12 00:00:00-04:00,11.93521612483327,11.951467514038086,11.93521612483327,11.951467514038086,1200,0.0,0.0,0.0
2007-04-13 00:00:00-04:00,12.012858453316781,12.047165870666504,12.012858453316781,12.047165870666504,3200,0.0,0.0,0.0
2007-04-16 00:00:00-04:00,12.132029579757443,12.159112930297852,12.132029579757443,12.159112930297852,800,0.0,0.0,0.0
2007-04-17 00:00:00-04:00,12.162730025916503,12.206064782409616,12.162730025916503,12.195231437683105,2000,0.0,0.0,0.0
2007-04-18 00:00:00-04:00,12.195231437683105,12.195231437683105,12.195231437683105,12.195231437683105,0,0.0,0.0,0.0
2007-04-19 00:00:00-04:00,12.195231437683105,12.195231437683105,12.195231437683105,12.195231437683105,0,0.0,0.0,0.0
2007-04-20 00:00:00-04:00,12.265645980834961,12.265645980834961,12.265645980834961,12.265645980834961,800,0.0,0.0,0.0
2007-04-23 00:00:00-04:00,12.29634952545166,12.29634952545166,12.29634952545166,12.29634952545166,800,0.0,0.0,0.0
2007-04-24 00:00:00-04:00,12.251211166381836,12.251211166381836,12.251211166381836,12.251211166381836,20000,0.0,0.0,0.0
2007-04-25 00:00:00-04:00,12.321624873505973,12.321624873505973,12.283706789923711,12.303568840026855,4000,0.0,0.0,0.0
2007-04-26 00:00:00-04:00,12.343287092362191,12.392038497417593,12.343287092362191,12.37037181854248,9200,0.0,0.0,0.0
2007-04-27 00:00:00-04:00,12.354125634071782,12.381210371657343,12.354125634071782,12.377599716186523,4000,0.0,0.0,0.0
2007-04-30 00:00:00-04:00,12.38662704365706,12.38662704365706,12.377599716186523,12.377599716186523,2000,0.0,0.0,0.0
2007-05-01 00:00:00-04:00,12.26926165392507,12.305375099182129,12.265650998192903,12.305375099182129,3200,0.0,0.0,0.0
2007-05-02 00:00:00-04:00,12.305375099182129,12.305375099182129,12.305375099182129,12.305375099182129,0,0.0,0.0,0.0
2007-05-03 00:00:00-04:00,12.413711404355453,12.442602157592773,12.413711404355453,12.442602157592773,2400,0.0,0.0,0.0
2007-05-04 00:00:00-04:00,12.482322745290439,12.489545432366342,12.429959297180176,12.429959297180176,4000,0.0,0.0,0.0
2007-05-07 00:00:00-04:00,12.498575210571289,12.498575210571289,12.498575210571289,12.498575210571289,400,0.0,0.0,0.0
2007-05-08 00:00:00-04:00,12.464267616345314,12.48232364654541,12.464267616345314,12.48232364654541,8000,0.0,0.0,0.0
2007-05-09 00:00:00-04:00,12.541910171508787,12.541910171508787,12.541910171508787,12.541910171508789,800,0.0,0.0,0.0
2007-05-10 00:00:00-04:00,12.541910171508787,12.541910171508787,12.541910171508787,12.541910171508789,0,0.0,0.0,0.0
2007-05-11 00:00:00-04:00,12.541910171508787,12.541910171508787,12.541910171508787,12.541910171508789,0,0.0,0.0,0.0
2007-05-14 00:00:00-04:00,12.541910171508787,12.541910171508787,12.541910171508787,12.541910171508789,0,0.0,0.0,0.0
2007-05-15 00:00:00-04:00,12.525657653808594,12.525657653808594,12.525657653808594,12.525657653808594,400,0.0,0.0,0.0
2007-05-16 00:00:00-04:00,12.53468919214252,12.536495208740234,12.53468919214252,12.536495208740234,2400,0.0,0.0,0.0
2007-05-17 00:00:00-04:00,12.53288237732937,12.54552173614502,12.53288237732937,12.54552173614502,800,0.0,0.0,0.0
2007-05-18 00:00:00-04:00,12.588855743408203,12.588855743408203,12.588855743408203,12.588855743408203,800,0.0,0.0,0.0
2007-05-21 00:00:00-04:00,12.588855743408203,12.588855743408203,12.588855743408203,12.588855743408203,0,0.0,0.0,0.0
2007-05-22 00:00:00-04:00,12.639412325338476,12.671913726421383,12.639412325338476,12.650245666503906,6800,0.0,0.0,0.0
2007-05-23 00:00:00-04:00,12.644826731451332,12.704412852363586,12.635799407958984,12.635799407958984,52000,0.0,0.0,0.0
2007-05-24 00:00:00-04:00,12.608719504383103,12.639414895651687,12.496769905090332,12.496769905090332,10800,0.0,0.0,0.0
2007-05-25 00:00:00-04:00,12.496769905090332,12.496769905090332,12.496769905090332,12.496769905090332,0,0.0,0.0,0.0
2007-05-29 00:00:00-04:00,12.605105756249621,12.605105756249621,12.578022401513925,12.588855743408203,4400,0.0,0.0,0.0
2007-05-30 00:00:00-04:00,12.558163858628971,12.677334785461426,12.558163858628971,12.677334785461426,800,0.0,0.0,0.0
2007-05-31 00:00:00-04:00,12.677334785461426,12.677334785461426,12.677334785461426,12.677334785461426,0,0.0,0.0,0.0
2007-06-01 00:00:00-04:00,12.677334785461426,12.677334785461426,12.677334785461426,12.677334785461426,0,0.0,0.0,0.0
2007-06-04 00:00:00-04:00,12.782061576843262,12.782061576843262,12.782061576843262,12.782061576843262,10000,0.0,0.0,0.0
2007-06-05 00:00:00-04:00,12.727885908502264,12.727885908502264,12.698996543884277,12.698996543884277,13200,0.0,0.0,0.0
2007-06-06 00:00:00-04:00,12.698996543884277,12.698996543884277,12.698996543884277,12.698996543884277,0,0.0,0.0,0.0
2007-06-07 00:00:00-04:00,12.458855111666336,12.466077801679223,12.390241622924805,12.390241622924805,3600,0.0,0.0,0.0
2007-06-08 00:00:00-04:00,12.359540883178996,12.498575210571289,12.359540883178996,12.498575210571289,2400,0.0,0.0,0.0
2007-06-11 00:00:00-04:00,12.467879948748358,12.518437385559082,12.467879948748358,12.518437385559082,1200,0.0,0.0,0.0
2007-06-12 00:00:00-04:00,12.464268684387207,12.464268684387207,12.464268684387207,12.464268684387207,800,0.0,0.0,0.0
2007-06-13 00:00:00-04:00,12.478715507637713,12.505800247192383,12.478715507637713,12.505800247192383,44800,0.0,0.0,0.0
2007-06-14 00:00:00-04:00,12.505800247192383,12.505800247192383,12.505800247192383,12.505800247192383,0,0.0,0.0,0.0
2007-06-15 00:00:00-04:00,12.719881758137461,12.719881758137461,12.718070030212402,12.718070030212402,1200,0.06775,0.0,0.0
2007-06-18 00:00:00-04:00,12.718070030212402,12.718070030212402,12.718070030212402,12.718070030212402,0,0.0,0.0,0.0
2007-06-19 00:00:00-04:00,12.699938774108887,12.699938774108887,12.699938774108887,12.699938774108887,400,0.0,0.0,0.0
2007-06-20 00:00:00-04:00,12.703568458557129,12.703568458557129,12.703568458557129,12.703568458557129,400,0.0,0.0,0.0
2007-06-21 00:00:00-04:00,12.638303756713867,12.638303756713867,12.638303756713867,12.638303756713867,1600,0.0,0.0,0.0
2007-06-22 00:00:00-04:00,12.580299400340396,12.580299400340396,12.507790195073689,12.520479202270508,7200,0.0,0.0,0.0
2007-06-25 00:00:00-04:00,12.520479202270508,12.520479202270508,12.520479202270508,12.520479202270508,0,0.0,0.0,0.0
2007-06-26 00:00:00-04:00,12.484226022067242,12.484226022067242,12.408090591430664,12.408090591430664,800,0.0,0.0,0.0
2007-06-27 00:00:00-04:00,12.476977348327637,12.476977348327637,12.476977348327637,12.476977348327637,400,0.0,0.0,0.0
2007-06-28 00:00:00-04:00,12.476977348327637,12.476977348327637,12.476977348327637,12.476977348327637,0,0.0,0.0,0.0
2007-06-29 00:00:00-04:00,12.476977348327637,12.476977348327637,12.476977348327637,12.476977348327637,0,0.0,0.0,0.0
2007-07-02 00:00:00-04:00,12.476977348327637,12.476977348327637,12.476977348327637,12.476977348327637,0,0.0,0.0,0.0
2007-07-03 00:00:00-04:00,12.476977348327637,12.476977348327637,12.476977348327637,12.476977348327637,0,0.0,0.0,0.0
2007-07-05 00:00:00-04:00,12.638303756713867,12.638303756713867,12.638303756713867,12.638303756713867,800,0.0,0.0,0.0
2007-07-06 00:00:00-04:00,12.689064333282767,12.719880300458302,12.689064333282767,12.709004402160645,6000,0.0,0.0,0.0
2007-07-09 00:00:00-04:00,12.763388277228684,12.763388277228684,12.725319862365723,12.725319862365723,4400,0.0,0.0,0.0
2007-07-10 00:00:00-04:00,12.692690196659258,12.692690196659258,12.589365005493164,12.589365005493164,1200,0.0,0.0,0.0
2007-07-11 00:00:00-04:00,12.589365005493164,12.589365005493164,12.589365005493164,12.589365005493164,0,0.0,0.0,0.0
2007-07-12 00:00:00-04:00,12.770635604858397,12.770635604858397,12.770635604858397,12.770635604858398,400,0.0,0.0,0.0
2007-07-13 00:00:00-04:00,12.770635604858397,12.770635604858397,12.770635604858397,12.770635604858398,0,0.0,0.0,0.0
2007-07-16 00:00:00-04:00,12.770635604858397,12.770635604858397,12.770635604858397,12.770635604858398,0,0.0,0.0,0.0
2007-07-17 00:00:00-04:00,12.917466788434636,12.921091626561875,12.90658950805664,12.90658950805664,3200,0.0,0.0,0.0
2007-07-18 00:00:00-04:00,12.834084764004706,12.846773774994885,12.790578398039687,12.835896492004395,42000,0.0,0.0,0.0
2007-07-19 00:00:00-04:00,12.90115362166729,12.90115362166729,12.832270622253418,12.832270622253418,16000,0.0,0.0,0.0
2007-07-20 00:00:00-04:00,12.765197656021119,12.772448715470217,12.725317520550172,12.770635604858398,58400,0.0,0.0,0.0
2007-07-23 00:00:00-04:00,12.825016429776287,12.839518547058104,12.825016429776287,12.839518547058105,2000,0.0,0.0,0.0
2007-07-24 00:00:00-04:00,12.716251690483551,12.716251690483551,12.573046412378858,12.580297470092773,43600,0.0,0.0,0.0
2007-07-25 00:00:00-04:00,12.513230204756036,12.614742279052734,12.513230204756036,12.614742279052734,20800,0.0,0.0,0.0
2007-07-26 00:00:00-04:00,12.50779524832587,12.522297371837801,12.288455816452744,12.353713989257812,30400,0.0,0.0,0.0
2007-07-27 00:00:00-04:00,12.35914806084496,12.35914806084496,12.116242408752441,12.116242408752441,32800,0.0,0.0,0.0
2007-07-30 00:00:00-04:00,12.246760368347168,12.246760368347168,12.246760368347168,12.246760368347168,400,0.0,0.0,0.0
2007-07-31 00:00:00-04:00,12.359151001900585,12.360964112951637,12.096306602437306,12.107182502746582,6000,0.0,0.0,0.0
2007-08-01 00:00:00-04:00,12.136183992855138,12.136183992855138,12.023796014366114,12.056425094604492,10800,0.0,0.0,0.0
2007-08-02 00:00:00-04:00,12.23769474029541,12.23769474029541,12.23769474029541,12.23769474029541,20000,0.0,0.0,0.0
2007-08-03 00:00:00-04:00,12.003853797912598,12.003853797912598,12.003853797912598,12.003853797912598,400,0.0,0.0,0.0
2007-08-06 00:00:00-04:00,11.97484790033017,12.161558151245117,11.876960690695574,12.161558151245117,253600,0.0,0.0,0.0
2007-08-07 00:00:00-04:00,12.172439243983641,12.312018352588503,12.172439243983641,12.248573303222656,2800,0.0,0.0,0.0
2007-08-08 00:00:00-04:00,12.388157034220669,12.437101364135742,12.317460898120112,12.437101364135742,91600,0.0,0.0,0.0
2007-08-09 00:00:00-04:00,12.255824592064338,12.35008561245114,12.255824592064338,12.264888763427734,32800,0.0,0.0,0.0
2007-08-10 00:00:00-04:00,12.110807418823242,12.110807418823242,12.110807418823242,12.110807418823242,6000,0.0,0.0,0.0
2007-08-13 00:00:00-04:00,12.20507003760962,12.20507003760962,12.1089958946533,12.136185646057129,19200,0.0,0.0,0.0
2007-08-14 00:00:00-04:00,12.054612114282664,12.054612114282664,11.867901802062988,11.867901802062988,15200,0.0,0.0,0.0
2007-08-15 00:00:00-04:00,11.842521667480469,11.842521667480469,11.842521667480469,11.842521667480469,2000,0.0,0.0,0.0
2007-08-16 00:00:00-04:00,11.610493469446057,11.753697395324707,11.438283923481137,11.753697395324707,28000,0.0,0.0,0.0
2007-08-17 00:00:00-04:00,11.857025268347044,11.924095153808594,11.857025268347044,11.924095153808594,3600,0.0,0.0,0.0
2007-08-20 00:00:00-04:00,12.050987763497934,12.050987763497934,12.009294509887695,12.009294509887695,4800,0.0,0.0,0.0
2007-08-21 00:00:00-04:00,12.002036094665527,12.002036094665527,12.002036094665527,12.002036094665527,1200,0.0,0.0,0.0
2007-08-22 00:00:00-04:00,12.119867206294423,12.190563299173954,12.119867206294423,12.185125350952148,23600,0.0,0.0,0.0
2007-08-23 00:00:00-04:00,12.201443815423412,12.201443815423412,12.136185646057129,12.136185646057129,8400,0.0,0.0,0.0
2007-08-24 00:00:00-04:00,12.23588243941809,12.312016487121582,12.23588243941809,12.312016487121582,17600,0.0,0.0,0.0
2007-08-27 00:00:00-04:00,12.239511489868164,12.239511489868164,12.239511489868164,12.239511489868164,2000,0.0,0.0,0.0
2007-08-28 00:00:00-04:00,12.118053436279297,12.118053436279297,12.118053436279297,12.118053436279297,400,0.0,0.0,0.0
2007-08-29 00:00:00-04:00,11.994791030883789,11.994791030883789,11.994791030883789,11.994791030883789,400,0.0,0.0,0.0
2007-08-30 00:00:00-04:00,12.210503578186035,12.210503578186035,12.210503578186035,12.210503578186035,1600,0.0,0.0,0.0
2007-08-31 00:00:00-04:00,12.210503578186035,12.210503578186035,12.210503578186035,12.210503578186035,0,0.0,0.0,0.0
2007-09-04 00:00:00-04:00,12.389966964721681,12.389966964721681,12.389966964721681,12.38996696472168,400,0.0,0.0,0.0
2007-09-05 00:00:00-04:00,12.279387474060059,12.279387474060059,12.279387474060059,12.279387474060059,6000,0.0,0.0,0.0
2007-09-06 00:00:00-04:00,12.337396368342546,12.337396368342546,12.33558464050293,12.33558464050293,20000,0.0,0.0,0.0
2007-09-07 00:00:00-04:00,12.168811818366317,12.203254005899478,12.159749031066895,12.159749031066895,30800,0.0,0.0,0.0
2007-09-10 00:00:00-04:00,12.025609177863045,12.172440747964066,12.025609177863045,12.110807418823242,28800,0.0,0.0,0.0
2007-09-11 00:00:00-04:00,12.201440537558959,12.208691596984863,12.201440537558959,12.208691596984863,13600,0.0,0.0,0.0
2007-09-12 00:00:00-04:00,12.208691596984863,12.208691596984863,12.208691596984863,12.208691596984863,0,0.0,0.0,0.0
2007-09-13 00:00:00-04:00,12.342834405394724,12.375463485717773,12.342834405394724,12.375463485717773,17600,0.0,0.0,0.0
2007-09-14 00:00:00-04:00,12.359148025512695,12.359148025512695,12.359148025512695,12.359148025512695,12000,0.0,0.0,0.0
2007-09-17 00:00:00-04:00,12.308393478393555,12.308393478393555,12.308393478393555,12.308393478393555,16000,0.0,0.0,0.0
2007-09-18 00:00:00-04:00,12.408090832618175,12.643745422363281,12.408090832618175,12.643745422363281,28400,0.0,0.0,0.0
2007-09-19 00:00:00-04:00,12.763385772705078,12.763385772705078,12.763385772705078,12.763385772705078,2800,0.0,0.0,0.0
2007-09-20 00:00:00-04:00,12.750697369892848,12.750697369892848,12.680001258850098,12.680001258850098,15200,0.0,0.0,0.0
2007-09-21 00:00:00-04:00,12.704754829406738,12.704754829406738,12.704754829406738,12.704754829406738,2000,0.0715,0.0,0.0
2007-09-24 00:00:00-04:00,12.72842025756836,12.72842025756836,12.72842025756836,12.72842025756836,14000,0.0,0.0,0.0
2007-09-25 00:00:00-04:00,12.579163006927924,12.65014934539795,12.579163006927924,12.65014934539795,22800,0.0,0.0,0.0
2007-09-26 00:00:00-04:00,12.721137541340731,12.721137541340731,12.701115608215332,12.701115608215332,29600,0.0,0.0,0.0
2007-09-27 00:00:00-04:00,12.701115608215332,12.701115608215332,12.701115608215332,12.701115608215332,0,0.0,0.0,0.0
2007-09-28 00:00:00-04:00,12.73387336730957,12.73387336730957,12.73387336730957,12.73387336730957,800,0.0,0.0,0.0
2007-10-01 00:00:00-04:00,12.73387336730957,12.73387336730957,12.73387336730957,12.73387336730957,0,0.0,0.0,0.0
2007-10-02 00:00:00-04:00,12.73387336730957,12.73387336730957,12.73387336730957,12.73387336730957,0,0.0,0.0,0.0
2007-10-03 00:00:00-04:00,12.892237237956893,12.892237237956893,12.8449125289917,12.8449125289917,2000,0.0,0.0,0.0
2007-10-04 00:00:00-04:00,12.848552212957168,12.879496092965594,12.844912491667301,12.870394706726074,27200,0.0,0.0,0.0
2007-10-05 00:00:00-04:00,12.92317852601551,13.056051254272461,12.92317852601551,13.056051254272461,50000,0.0,0.0,0.0
2007-10-08 00:00:00-04:00,12.98141860961914,12.98141860961914,12.98141860961914,12.98141860961914,800,0.0,0.0,0.0
2007-10-09 00:00:00-04:00,12.994161605834961,12.994161605834961,12.994161605834961,12.994161605834961,12000,0.0,0.0,0.0
2007-10-10 00:00:00-04:00,13.066965103149414,13.066965103149414,13.066965103149414,13.066965103149414,400,0.0,0.0,0.0
2007-10-11 00:00:00-04:00,13.05786763303611,13.061508741896835,12.96139907836914,12.96139907836914,14400,0.0,0.0,0.0
2007-10-12 00:00:00-04:00,13.03238582611084,13.03238582611084,13.03238582611084,13.03238582611084,800,0.0,0.0,0.0
2007-10-15 00:00:00-04:00,13.096092921859194,13.096092921859194,12.923177719116211,12.923177719116211,12800,0.0,0.0,0.0
2007-10-16 00:00:00-04:00,12.923176316487508,12.923176316487508,12.904974937438965,12.904974937438965,3200,0.0,0.0,0.0
2007-10-17 00:00:00-04:00,12.904974937438965,12.904974937438965,12.904974937438965,12.904974937438965,0,0.0,0.0,0.0
2007-10-18 00:00:00-04:00,12.859469413757324,12.859469413757324,12.859469413757324,12.859469413757324,400,0.0,0.0,0.0
2007-10-19 00:00:00-04:00,12.619207884029999,12.619207884029999,12.570062637329102,12.570062637329102,1200,0.0,0.0,0.0
2007-10-22 00:00:00-04:00,12.513636958581133,12.622846603393555,12.504535576231774,12.622846603393555,10000,0.0,0.0,0.0
2007-10-23 00:00:00-04:00,12.693835258483887,12.693835258483887,12.693835258483887,12.693835258483887,20000,0.0,0.0,0.0
2007-10-24 00:00:00-04:00,12.68109135432003,12.68109135432003,12.52637758103667,12.659250259399414,117600,0.0,0.0,0.0
2007-10-25 00:00:00-04:00,12.704753867515214,12.704753867515214,12.650148355116308,12.688371658325195,66800,0.0,0.0,0.0
2007-10-26 00:00:00-04:00,12.835807800292969,12.835807800292969,12.835807800292969,12.835807800292969,1600,0.0,0.0,0.0
2007-10-29 00:00:00-04:00,12.890413278729646,12.904974937438965,12.890413278729646,12.904974937438965,12400,0.0,0.0,0.0
2007-10-30 00:00:00-04:00,12.855825932573264,12.855825932573264,12.85400676727295,12.85400676727295,2000,0.0,0.0,0.0
2007-10-31 00:00:00-04:00,12.85400676727295,12.85400676727295,12.85400676727295,12.85400676727295,0,0.0,0.0,0.0
2007-11-01 00:00:00-04:00,12.775746483795656,12.775746483795656,12.655614852905273,12.655614852905273,5600,0.0,0.0,0.0
2007-11-02 00:00:00-04:00,12.622849897742997,12.670174598693848,12.622849897742997,12.670174598693848,2800,0.0,0.0,0.0
2007-11-05 00:00:00-05:00,12.564605712890625,12.564605712890625,12.564605712890625,12.564605712890625,400,0.0,0.0,0.0
2007-11-06 00:00:00-05:00,12.631947064086816,12.631947064086816,12.61374568939209,12.61374568939209,3600,0.0,0.0,0.0
2007-11-07 00:00:00-05:00,12.622845830607156,12.622845830607156,12.400785446166992,12.400785446166992,41600,0.0,0.0,0.0
2007-11-08 00:00:00-05:00,12.404424730977855,12.404424730977855,12.244249322506361,12.29885482788086,8400,0.0,0.0,0.0
2007-11-09 00:00:00-05:00,12.366207103584436,12.366207103584436,12.362565994262695,12.362565994262695,3200,0.0,0.0,0.0
2007-11-12 00:00:00-05:00,12.176906661402056,12.187827209298089,12.0695161819458,12.0695161819458,26400,0.0,0.0,0.0
2007-11-13 00:00:00-05:00,12.216946974324191,12.3643798828125,12.216946974324191,12.3643798828125,9600,0.0,0.0,0.0
2007-11-14 00:00:00-05:00,12.377123832702637,12.377123832702637,12.377123832702637,12.377123832702637,400,0.0,0.0,0.0
2007-11-15 00:00:00-05:00,12.340725645502456,12.340725645502456,12.135046005249023,12.135046005249023,6800,0.0,0.0,0.0
2007-11-16 00:00:00-05:00,12.142325296221818,12.247895240783691,12.142325296221818,12.247895240783691,16400,0.0,0.0,0.0
2007-11-19 00:00:00-05:00,12.198746826324806,12.198746826324806,12.060415267944336,12.060415267944336,3600,0.0,0.0,0.0
2007-11-20 00:00:00-05:00,12.060415267944336,12.060415267944336,12.060415267944336,12.060415267944336,0,0.0,0.0,0.0
2007-11-21 00:00:00-05:00,11.958484649658203,11.958484649658203,11.958484649658203,11.958484649658203,1200,0.0,0.0,0.0
2007-11-23 00:00:00-05:00,11.958484649658203,11.958484649658203,11.958484649658203,11.958484649658203,0,0.0,0.0,0.0
2007-11-26 00:00:00-05:00,11.971228759548074,11.971228759548074,11.845638275146484,11.845638275146484,1600,0.0,0.0,0.0
2007-11-27 00:00:00-05:00,11.95484783519978,11.95484783519978,11.841997066954427,11.92026424407959,9200,0.0,0.0,0.0
2007-11-28 00:00:00-05:00,12.346179962158203,12.346179962158203,12.346179962158203,12.346179962158203,400,0.0,0.0,0.0
2007-11-29 00:00:00-05:00,12.286112738707782,12.3643798828125,12.286112738707782,12.3643798828125,2000,0.0,0.0,0.0
2007-11-30 00:00:00-05:00,12.5300179028529,12.5300179028529,12.49361515045166,12.49361515045166,8800,0.0,0.0,0.0
2007-12-03 00:00:00-05:00,12.517279765424032,12.517279765424032,12.395328988451645,12.417171478271484,3600,0.0,0.0,0.0
2007-12-04 00:00:00-05:00,12.417171478271484,12.417171478271484,12.417171478271484,12.417171478271484,0,0.0,0.0,0.0
2007-12-05 00:00:00-05:00,12.47177505493164,12.47177505493164,12.47177505493164,12.47177505493164,7200,0.0,0.0,0.0
2007-12-06 00:00:00-05:00,12.47177505493164,12.47177505493164,12.47177505493164,12.47177505493164,0,0.0,0.0,0.0
2007-12-07 00:00:00-05:00,12.69383195427114,12.69929222778551,12.637407276388153,12.677451133728027,294400,0.0,0.0,0.0
2007-12-10 00:00:00-05:00,12.7375206466185,12.752080917358398,12.7375206466185,12.752080917358398,3600,0.0,0.0,0.0
2007-12-11 00:00:00-05:00,12.770284025618862,12.781204576133309,12.468135833740234,12.468135833740234,82400,0.0,0.0,0.0
2007-12-12 00:00:00-05:00,12.641048531594071,12.641048531594071,12.500896402553362,12.537299156188965,2800,0.0,0.0,0.0
2007-12-13 00:00:00-05:00,12.433549319472588,12.531838417053223,12.402606841162754,12.531838417053223,56800,0.0,0.0,0.0
2007-12-14 00:00:00-05:00,12.433552811724024,12.446293917470001,12.398970603942871,12.398970603942871,23600,0.0,0.0,0.0
2007-12-17 00:00:00-05:00,12.284297067178224,12.315240937322729,12.195109342902729,12.206029891967773,36400,0.0,0.0,0.0
2007-12-18 00:00:00-05:00,12.244250783681737,12.262453546762599,12.149602803570176,12.253352165222168,11600,0.0,0.0,0.0
2007-12-19 00:00:00-05:00,12.286116163969925,12.31523947625639,12.189647622203946,12.240612030029297,25600,0.0,0.0,0.0
2007-12-20 00:00:00-05:00,12.222409180285892,12.284294128417969,12.222409180285892,12.284294128417969,2800,0.0,0.0,0.0
2007-12-21 00:00:00-05:00,12.387601852618307,12.436968803405762,12.387601852618307,12.436968803405762,1200,0.07625,0.0,0.0
2007-12-24 00:00:00-05:00,12.553990019112726,12.574101448059082,12.553990019112726,12.574101448059082,5600,0.0,0.0,0.0
2007-12-26 00:00:00-05:00,12.594215393066406,12.594215393066406,12.594215393066406,12.594215393066406,800,0.0,0.0,0.0
2007-12-27 00:00:00-05:00,12.543020102991422,12.543020102991422,12.500967025756836,12.500967025756836,8000,0.0,0.0,0.0
2007-12-28 00:00:00-05:00,12.477194634156504,12.477194634156504,12.385773216917709,12.435141563415527,15600,0.0,0.0,0.0
2007-12-31 00:00:00-05:00,12.376631551931697,12.385772856401426,12.329092025756836,12.329092025756836,16400,0.0,0.0,0.0
2008-01-02 00:00:00-05:00,12.334576873892507,12.369317457224238,12.166361808776855,12.166361808776855,2000,0.0,0.0,0.0
2008-01-03 00:00:00-05:00,12.206588745117188,12.235842874980982,12.182818282436388,12.206588745117188,18000,0.0,0.0,0.0
2008-01-04 00:00:00-05:00,11.990835189819336,11.990835189819336,11.990835189819336,11.990835189819336,1600,0.0,0.0,0.0
2008-01-07 00:00:00-05:00,11.968890476931207,11.968890476931207,11.866498947143555,11.866498947143555,5600,0.0,0.0,0.0
2008-01-08 00:00:00-05:00,11.89392671653667,11.941464848218974,11.765935897827148,11.765935897827148,2000,0.0,0.0,0.0
2008-01-09 00:00:00-05:00,11.733025258209492,11.78056478943324,11.654403475013503,11.775079727172852,32000,0.0,0.0,0.0
2008-01-10 00:00:00-05:00,11.795196205510914,11.798852449823567,11.793367385864258,11.793367385864258,30000,0.0,0.0,0.0
2008-01-11 00:00:00-05:00,11.829928258532242,11.829928258532242,11.815301895141602,11.815301895141602,800,0.0,0.0,0.0
2008-01-14 00:00:00-05:00,11.866506562676468,11.877476692199707,11.820795829688485,11.877476692199707,77200,0.0,0.0,0.0
2008-01-15 00:00:00-05:00,11.760449523493342,11.760449523493342,11.6214892943152,11.637945175170898,13600,0.0,0.0,0.0
2008-01-16 00:00:00-05:00,11.467902183532715,11.467902183532715,11.467902183532715,11.467902183532715,400,0.0,0.0,0.0
2008-01-17 00:00:00-05:00,11.544699592844067,11.544699592844067,11.279577271346625,11.334430694580078,26800,0.0,0.0,0.0
2008-01-18 00:00:00-05:00,11.266772486716196,11.334424820982024,11.060160636901855,11.060160636901855,17600,0.0,0.0,0.0
2008-01-22 00:00:00-05:00,10.765784845247076,11.113185765661125,10.765784845247076,11.007137298583984,38000,0.0,0.0,0.0
2008-01-23 00:00:00-05:00,10.734701960207076,11.237519722954698,10.729216898719361,10.948628425598145,37600,0.0,0.0,0.0
2008-01-24 00:00:00-05:00,11.409391197564972,11.409391197564972,11.283229216975693,11.323454856872559,8800,0.0,0.0,0.0
2008-01-25 00:00:00-05:00,11.520927805272255,11.520927805272255,11.381967544555664,11.381967544555664,6400,0.0,0.0,0.0
2008-01-28 00:00:00-05:00,11.18083870670142,11.325284004211426,11.18083870670142,11.325284004211426,7200,0.0,0.0,0.0
2008-01-29 00:00:00-05:00,11.456931362958944,11.467902183532715,11.456931362958944,11.467902183532715,2000,0.0,0.0,0.0
2008-01-30 00:00:00-05:00,11.427679788276404,11.539214054608417,11.427679788276404,11.471562385559082,25600,0.0,0.0,0.0
2008-01-31 00:00:00-05:00,11.266775052008812,11.520926475524902,11.266775052008812,11.520926475524902,5200,0.0,0.0,0.0
2008-02-01 00:00:00-05:00,11.6324603716413,11.687313079833984,11.6324603716413,11.687313079833984,800,0.0,0.0,0.0
2008-02-04 00:00:00-05:00,11.68000364050184,11.68731682577882,11.64709186553955,11.64709186553955,22000,0.0,0.0,0.0
2008-02-05 00:00:00-05:00,11.46607492160993,11.46607492160993,11.361854553222656,11.361854553222656,10800,0.0,0.0,0.0
2008-02-06 00:00:00-05:00,11.246663737606902,11.246663737606902,11.222894668579102,11.222894668579102,1600,0.0,0.0,0.0
2008-02-07 00:00:00-05:00,11.199124331224958,11.199124331224958,11.160727500915527,11.160727500915527,800,0.0,0.0,0.0
2008-02-08 00:00:00-05:00,11.266779836216825,11.294206551511682,11.22106910905229,11.226554870605469,51600,0.0,0.0,0.0
2008-02-11 00:00:00-05:00,11.244833644656223,11.319799174387663,11.180838935430609,11.308828353881836,133200,0.0,0.0,0.0
2008-02-12 00:00:00-05:00,11.438647021115932,11.478871967049782,11.420362320700544,11.4276762008667,24000,0.0,0.0,0.0
2008-02-13 00:00:00-05:00,11.515440085364615,11.535552906054738,11.515440085364615,11.533724784851074,13600,0.0,0.0,0.0
2008-02-14 00:00:00-05:00,11.530067700824256,11.530067700824256,11.411219596862793,11.411219596862793,20000,0.0,0.0,0.0
2008-02-15 00:00:00-05:00,11.360028663301163,11.402082443237305,11.360028663301163,11.402082443237305,50400,0.0,0.0,0.0
2008-02-19 00:00:00-05:00,11.555668092685274,11.555668092685274,11.45510466613499,11.473388671875,42000,0.0,0.0,0.0
2008-02-20 00:00:00-05:00,11.323453679524603,11.495325645549222,11.319796740142392,11.480698585510254,68800,0.0,0.0,0.0
2008-02-21 00:00:00-05:00,11.491671473477409,11.491671473477409,11.462416648864746,11.462416648864746,1600,0.0,0.0,0.0
2008-02-22 00:00:00-05:00,11.438646717545712,11.442303657531738,11.438646717545712,11.442303657531738,32800,0.0,0.0,0.0
2008-02-25 00:00:00-05:00,11.44413365006201,11.621491432189941,11.394765998413305,11.621491432189941,118800,0.0,0.0,0.0
2008-02-26 00:00:00-05:00,11.564809030527387,11.661715507507324,11.561152090218139,11.661715507507324,80000,0.0,0.0,0.0
2008-02-27 00:00:00-05:00,11.632461547851562,11.632461547851562,11.632461547851562,11.632461547851562,40000,0.0,0.0,0.0
2008-02-28 00:00:00-05:00,11.559326171875,11.559326171875,11.559326171875,11.559326171875,400,0.0,0.0,0.0
2008-02-29 00:00:00-05:00,11.394762591041546,11.394762591041546,11.250316619873047,11.250316619873047,72400,0.0,0.0,0.0
2008-03-03 00:00:00-05:00,11.250316619873047,11.250316619873047,11.250316619873047,11.250316619873047,0,0.0,0.0,0.0
2008-03-04 00:00:00-05:00,11.184498955637146,11.199126721252062,11.12781810760498,11.12781810760498,27200,0.0,0.0,0.0
2008-03-05 00:00:00-05:00,11.330768124288074,11.334425063852956,11.233860969543457,11.233860969543457,48000,0.0,0.0,0.0
2008-03-06 00:00:00-05:00,11.204605910425096,11.204605910425096,11.060160636901855,11.060160636901855,41200,0.0,0.0,0.0
2008-03-07 00:00:00-05:00,11.058334317974746,11.058334317974746,10.879148427572359,10.954113960266113,25600,0.0,0.0,0.0
2008-03-10 00:00:00-04:00,10.902921273838292,10.902921273838292,10.7950439453125,10.7950439453125,21600,0.0,0.0,0.0
2008-03-11 00:00:00-04:00,10.955942524143868,11.138785362243652,10.955942524143868,11.138785362243652,2400,0.0,0.0,0.0
2008-03-12 00:00:00-04:00,11.15524074725153,11.179010510439893,11.067476272583008,11.067476272583008,6800,0.0,0.0,0.0
2008-03-13 00:00:00-04:00,10.994339504457649,11.142441749572754,10.994339504457649,11.142441749572754,23200,0.0,0.0,0.0
2008-03-14 00:00:00-04:00,10.890119639876156,10.919374465942383,10.890119639876156,10.919374465942383,40000,0.0,0.0,0.0
2008-03-17 00:00:00-04:00,10.716419873207919,10.807841300964355,10.716419873207919,10.807841300964355,1200,0.0,0.0,0.0
2008-03-18 00:00:00-04:00,11.136960267072704,11.136960267072704,11.120504379272461,11.120504379272461,27200,0.0,0.0,0.0
2008-03-19 00:00:00-04:00,11.072963454911271,11.072963454911271,11.034565925598145,11.034565925598145,20000,0.0,0.0,0.0
2008-03-20 00:00:00-04:00,11.195310592651367,11.195310592651367,11.195310592651367,11.195310592651367,400,0.07125,0.0,0.0
2008-03-24 00:00:00-04:00,11.399230003356934,11.399230003356934,11.399230003356934,11.399230003356934,3200,0.0,0.0,0.0
2008-03-25 00:00:00-04:00,11.419437347634066,11.419437347634066,11.345952914317705,11.358813285827637,22400,0.0,0.0,0.0
2008-03-26 00:00:00-04:00,11.358813285827637,11.358813285827637,11.358813285827637,11.358813285827637,0,0.0,0.0,0.0
2008-03-27 00:00:00-04:00,11.318398199432343,11.323909287343644,11.219194412231445,11.219194412231445,7200,0.0,0.0,0.0
2008-03-28 00:00:00-04:00,11.167755556929793,11.175104141235352,11.167755556929793,11.175104141235352,5600,0.0,0.0,0.0
2008-03-31 00:00:00-04:00,11.164079121972025,11.210006713867188,11.164079121972025,11.210006713867188,20400,0.0,0.0,0.0
2008-04-01 00:00:00-04:00,11.38453575388471,11.423114776611328,11.38453575388471,11.423114776611328,40000,0.0,0.0,0.0
2008-04-02 00:00:00-04:00,11.65458970557432,11.656427202366073,11.579268455505371,11.579268455505371,18400,0.0,0.0,0.0
2008-04-03 00:00:00-04:00,11.582942008972168,11.582942008972168,11.582942008972168,11.582942008972168,8800,0.0,0.0,0.0
2008-04-04 00:00:00-04:00,11.619682011499338,11.619682011499338,11.592125173049494,11.593962669372559,27600,0.0,0.0,0.0
2008-04-07 00:00:00-04:00,11.707867825104817,11.707867825104817,11.614175796508789,11.614175796508789,23200,0.0,0.0,0.0
2008-04-08 00:00:00-04:00,11.537014403305506,11.582942008972168,11.537014403305506,11.582942008972168,2400,0.0,0.0,0.0
2008-04-09 00:00:00-04:00,11.496600540090185,11.507622718811035,11.496600540090185,11.507622718811035,19200,0.0,0.0,0.0
2008-04-10 00:00:00-04:00,11.50578285535509,11.538850784301758,11.50578285535509,11.538850784301758,28000,0.0,0.0,0.0
2008-04-11 00:00:00-04:00,11.538850784301758,11.538850784301758,11.538850784301758,11.538850784301758,0,0.0,0.0,0.0
2008-04-14 00:00:00-04:00,11.305538177490234,11.305538177490234,11.305538177490234,11.305538177490234,400,0.0,0.0,0.0
2008-04-15 00:00:00-04:00,11.312886238098145,11.312886238098145,11.312886238098145,11.312886238098145,800,0.0,0.0,0.0
2008-04-16 00:00:00-04:00,11.428622245788574,11.428622245788574,11.428622245788574,11.428622245788574,4000,0.0,0.0,0.0
2008-04-17 00:00:00-04:00,11.542521028088808,11.573751449584961,11.542521028088808,11.573751449584961,3200,0.0,0.0,0.0
2008-04-18 00:00:00-04:00,11.785022735595703,11.785022735595703,11.78318523910191,11.785022735595703,13200,0.0,0.0,0.0
2008-04-21 00:00:00-04:00,11.766653060913086,11.766653060913086,11.766653060913086,11.766653060913086,400,0.0,0.0,0.0
2008-04-22 00:00:00-04:00,11.704191457706868,11.704191457706868,11.663775639199676,11.669286727905273,5200,0.0,0.0,0.0
2008-04-23 00:00:00-04:00,11.669286727905273,11.669286727905273,11.669286727905273,11.669286727905273,0,0.0,0.0,0.0
2008-04-24 00:00:00-04:00,11.792373423640436,11.80339560137115,11.790535926818848,11.790535926818848,8400,0.0,0.0,0.0
2008-04-25 00:00:00-04:00,11.761141255182773,11.80339527130127,11.761141255182773,11.80339527130127,800,0.0,0.0,0.0
2008-04-28 00:00:00-04:00,11.80339527130127,11.80339527130127,11.80339527130127,11.80339527130127,0,0.0,0.0,0.0
2008-04-29 00:00:00-04:00,11.819926759382827,11.827275343758842,11.757465894585437,11.785022735595703,37200,0.0,0.0,0.0
2008-04-30 00:00:00-04:00,11.82911167398577,11.834622761324637,11.74460506439209,11.74460506439209,18000,0.0,0.0,0.0
2008-05-01 00:00:00-04:00,11.909946927824262,11.915458016197457,11.902598342793576,11.906271934509277,5200,0.0,0.0,0.0
2008-05-02 00:00:00-04:00,11.920968055725098,11.920968055725098,11.911781974845141,11.920968055725098,9600,0.0,0.0,0.0
2008-05-05 00:00:00-04:00,11.987106849136167,11.987106849136167,11.944852828979492,11.944852828979492,8800,0.0,0.0,0.0
2008-05-06 00:00:00-04:00,11.944852828979492,11.944852828979492,11.944852828979492,11.944852828979492,0,0.0,0.0,0.0
2008-05-07 00:00:00-04:00,12.025683522890914,12.025683522890914,11.836462020874023,11.836462020874023,1200,0.0,0.0,0.0
2008-05-08 00:00:00-04:00,11.920969803246548,11.920969803246548,11.876879692077637,11.876879692077637,12000,0.0,0.0,0.0
2008-05-09 00:00:00-04:00,11.812581353552924,11.812581353552924,11.790535597108574,11.80339527130127,16400,0.0,0.0,0.0
2008-05-12 00:00:00-04:00,11.821761468470994,11.917291641235352,11.821761468470994,11.917291641235352,12000,0.0,0.0,0.0
2008-05-13 00:00:00-04:00,11.880554626378439,11.922808647155762,11.880554626378439,11.922808647155762,7200,0.0,0.0,0.0
2008-05-14 00:00:00-04:00,12.038543177045042,12.045891761779785,12.038543177045042,12.045891761779785,5200,0.0,0.0,0.0
2008-05-15 00:00:00-04:00,12.014660835266113,12.014660835266113,12.014660835266113,12.014660835266113,3600,0.0,0.0,0.0
2008-05-16 00:00:00-04:00,12.102843263585804,12.102843263585804,12.058753150503,12.075287818908691,8000,0.0,0.0,0.0
2008-05-19 00:00:00-04:00,12.236948411638876,12.236948411638876,12.108351707458496,12.108351707458496,6800,0.0,0.0,0.0
2008-05-20 00:00:00-04:00,12.08814428061681,12.08814428061681,12.018333435058594,12.018333435058594,6800,0.0,0.0,0.0
2008-05-21 00:00:00-04:00,11.869527477243254,11.889735730683082,11.847481727600098,11.847481727600098,11200,0.0,0.0,0.0
2008-05-22 00:00:00-04:00,11.85483216339111,11.91729442967502,11.85483216339111,11.85850715637207,109600,0.0,0.0,0.0
2008-05-23 00:00:00-04:00,11.808903624609863,11.808903624609863,11.713374137878418,11.713374137878418,4800,0.0,0.0,0.0
2008-05-27 00:00:00-04:00,11.74460497888853,11.74460497888853,11.711537053497048,11.722559928894043,7600,0.0,0.0,0.0
2008-05-28 00:00:00-04:00,11.851160707536595,11.851160707536595,11.786862334775078,11.790535926818848,13200,0.0,0.0,0.0
2008-05-29 00:00:00-04:00,11.871369906013848,11.972409813596244,11.871369906013848,11.926482200622559,6000,0.0,0.0,0.0
2008-05-30 00:00:00-04:00,11.972407012925414,11.987104182022811,11.966895924913688,11.98526668548584,62400,0.0,0.0,0.0
2008-06-02 00:00:00-04:00,11.82176053811029,11.82176053811029,11.805227279663086,11.805227279663086,24400,0.0,0.0,0.0
2008-06-03 00:00:00-04:00,11.908107567008754,11.908107567008754,11.718886087287977,11.794206619262695,120000,0.0,0.0,0.0
2008-06-04 00:00:00-04:00,11.799721384555669,11.799721384555669,11.761140961342107,11.77767562866211,19600,0.0,0.0,0.0
2008-06-05 00:00:00-04:00,11.941169644942777,11.99444580078125,11.941169644942777,11.99444580078125,13600,0.0,0.0,0.0
2008-06-06 00:00:00-04:00,11.904436537853158,11.904436537853158,11.645404156322023,11.671123504638672,34800,0.0,0.0,0.0
2008-06-09 00:00:00-04:00,11.715211345296046,11.72807101619279,11.715211345296046,11.722559928894043,18400,0.0,0.0,0.0
2008-06-10 00:00:00-04:00,11.654591385582993,11.658265678896456,11.641731709385768,11.64724349975586,21600,0.0,0.0,0.0
2008-06-11 00:00:00-04:00,11.64724349975586,11.64724349975586,11.64724349975586,11.64724349975586,0,0.0,0.0,0.0
2008-06-12 00:00:00-04:00,11.525989925571814,11.584777193025712,11.525989925571814,11.537012100219727,48000,0.0,0.0,0.0
2008-06-13 00:00:00-04:00,11.621515200208236,11.627026986667293,11.564565446259248,11.597633361816406,15200,0.0,0.0,0.0
2008-06-16 00:00:00-04:00,11.636219024658203,11.636219024658203,11.636219024658203,11.636219024658203,800,0.0,0.0,0.0
2008-06-17 00:00:00-04:00,11.628871042345713,11.65091609954834,11.628871042345713,11.65091609954834,2000,0.0,0.0,0.0
2008-06-18 00:00:00-04:00,11.489248248198523,11.527827262878418,11.454342824707584,11.527827262878418,40800,0.0,0.0,0.0
2008-06-19 00:00:00-04:00,11.509455365166808,11.509455365166808,11.448830604553223,11.448830604553223,16800,0.0,0.0,0.0
2008-06-20 00:00:00-04:00,11.409141628230124,11.409141628230124,11.311296463012695,11.311296463012695,3200,0.07625,0.0,0.0
2008-06-23 00:00:00-04:00,11.35560417175293,11.35560417175293,11.35560417175293,11.35560417175293,2000,0.0,0.0,0.0
2008-06-24 00:00:00-04:00,11.35560417175293,11.35560417175293,11.35560417175293,11.35560417175293,0,0.0,0.0,0.0
2008-06-25 00:00:00-04:00,11.364831879868062,11.403600629652292,11.350062429904849,11.359292984008789,44400,0.0,0.0,0.0
2008-06-26 00:00:00-04:00,11.117448721361553,11.117448721361553,11.034372329711914,11.034372329711914,4800,0.0,0.0,0.0
2008-06-27 00:00:00-04:00,11.028835398710847,11.028835398710847,10.977143024529235,11.008527755737305,2400,0.0,0.0,0.0
2008-06-30 00:00:00-04:00,11.008528239421073,11.054681719390183,10.991912958462345,11.045451164245605,6800,0.0,0.0,0.0
2008-07-01 00:00:00-04:00,10.934681283799991,11.02145004272461,10.934681283799991,11.02145004272461,17200,0.0,0.0,0.0
2008-07-02 00:00:00-04:00,10.849762916564941,10.849762916564941,10.849762916564941,10.849762916564941,4400,0.0,0.0,0.0
2008-07-03 00:00:00-04:00,10.849762916564941,10.849762916564941,10.849762916564941,10.849762916564941,0,0.0,0.0,0.0
2008-07-07 00:00:00-04:00,10.894066356813786,10.89775871946828,10.646683692932129,10.646683692932129,67600,0.0,0.0,0.0
2008-07-08 00:00:00-04:00,10.735301258470669,10.884838104248047,10.641147751484757,10.884838104248047,206000,0.0,0.0,0.0
2008-07-09 00:00:00-04:00,10.753761291503906,10.753761291503906,10.753761291503906,10.753761291503906,2400,0.0,0.0,0.0
2008-07-10 00:00:00-04:00,10.713146426620083,10.746376991271973,10.713146426620083,10.746376991271973,2800,0.0,0.0,0.0
2008-07-11 00:00:00-04:00,10.60422420501709,10.60422420501709,10.60422420501709,10.60422420501709,800,0.0,0.0,0.0
2008-07-14 00:00:00-04:00,10.951298256123916,10.951298256123916,10.552532196044922,10.552532196044922,34800,0.0,0.0,0.0
2008-07-15 00:00:00-04:00,10.458376122342468,10.52114486694336,10.434376121812296,10.52114486694336,13200,0.0,0.0,0.0
2008-07-16 00:00:00-04:00,10.463917651809485,10.561762809753418,10.463917651809485,10.561762809753418,6000,0.0,0.0,0.0
2008-07-17 00:00:00-04:00,10.779607873686329,10.794377326965332,10.67068562061571,10.794377326965332,23200,0.0,0.0,0.0
2008-07-18 00:00:00-04:00,10.823915644459452,10.823915644459452,10.761146875848326,10.812838554382324,14800,0.0,0.0,0.0
2008-07-21 00:00:00-04:00,10.82391357421875,10.82391357421875,10.82391357421875,10.82391357421875,800,0.0,0.0,0.0
2008-07-22 00:00:00-04:00,10.7408413398023,10.7408413398023,10.7334566116333,10.7334566116333,3200,0.0,0.0,0.0
2008-07-23 00:00:00-04:00,10.978991622950689,11.025145109572481,10.964222169193484,10.997452735900879,18800,0.0,0.0,0.0
2008-07-24 00:00:00-04:00,10.910684950112655,10.919916211675421,10.74268627166748,10.74268627166748,6400,0.0,0.0,0.0
2008-07-25 00:00:00-04:00,10.751918433845379,10.772225379943848,10.751918433845379,10.772225379943848,26800,0.0,0.0,0.0
2008-07-28 00:00:00-04:00,10.753765390842457,10.753765390842457,10.606074333190918,10.606074333190918,1200,0.0,0.0,0.0
2008-07-29 00:00:00-04:00,10.703917969895905,10.81468677520752,10.702072140051596,10.81468677520752,74400,0.0,0.0,0.0
2008-07-30 00:00:00-04:00,10.89222101031181,10.89222101031181,10.857144619908928,10.86083698272705,3200,0.0,0.0,0.0
2008-07-31 00:00:00-04:00,10.565455279581203,10.971606072203995,10.565455279581203,10.870068550109863,49600,0.0,0.0,0.0
2008-08-01 00:00:00-04:00,10.774068832397461,10.774068832397461,10.774068832397461,10.774068832397461,400,0.0,0.0,0.0
2008-08-04 00:00:00-04:00,10.709454215074416,10.798069524898589,10.696531295776367,10.696531295776367,35600,0.0,0.0,0.0
2008-08-05 00:00:00-04:00,10.83868333397552,10.83868333397552,10.833145141601562,10.833145141601562,45200,0.0,0.0,0.0
2008-08-06 00:00:00-04:00,10.973452405244805,10.984529495239258,10.973452405244805,10.984529495239258,3200,0.0,0.0,0.0
2008-08-07 00:00:00-04:00,10.906991500355895,10.949452620438981,10.906991500355895,10.947606086730957,4400,0.0,0.0,0.0
2008-08-08 00:00:00-04:00,10.947606086730957,10.947606086730957,10.947606086730957,10.947606086730957,0,0.0,0.0,0.0
2008-08-11 00:00:00-04:00,11.169141667319128,11.189449310302734,11.169141667319128,11.189449310302734,2000,0.0,0.0,0.0
2008-08-12 00:00:00-04:00,11.050990104675293,11.050990104675293,11.050990104675293,11.050990104675293,800,0.0,0.0,0.0
2008-08-13 00:00:00-04:00,11.015913009643555,11.015913009643555,11.015913009643555,11.015913009643555,8800,0.0,0.0,0.0
2008-08-14 00:00:00-04:00,11.012219429016113,11.012219429016113,11.012219429016113,11.012219429016113,1600,0.0,0.0,0.0
2008-08-15 00:00:00-04:00,11.145141747953582,11.145141747953582,11.128526467587895,11.130373001098633,5200,0.0,0.0,0.0
2008-08-18 00:00:00-04:00,11.130373001098633,11.130373001098633,11.130373001098633,11.130373001098633,0,0.0,0.0,0.0
2008-08-19 00:00:00-04:00,10.87745189666748,10.87745189666748,10.87745189666748,10.87745189666748,2000,0.0,0.0,0.0
2008-08-20 00:00:00-04:00,10.949453353881836,10.949453353881836,10.949453353881836,10.949453353881836,2000,0.0,0.0,0.0
2008-08-21 00:00:00-04:00,10.984529495239258,10.984529495239258,10.984529495239258,10.984529495239258,400,0.0,0.0,0.0
2008-08-22 00:00:00-04:00,11.04729796170654,11.050990324937196,11.045452132214352,11.04914379119873,9600,0.0,0.0,0.0
2008-08-25 00:00:00-04:00,10.990066278900043,11.006681559638064,10.879298210144043,10.879298210144043,2800,0.0,0.0,0.0
2008-08-26 00:00:00-04:00,10.86268424987793,10.86268424987793,10.86268424987793,10.86268424987793,800,0.0,0.0,0.0
2008-08-27 00:00:00-04:00,10.700220236856003,10.964218139648438,10.700220236856003,10.964218139648438,16000,0.0,0.0,0.0
2008-08-28 00:00:00-04:00,11.102680691105265,11.139603614807129,11.102680691105265,11.139603614807129,2800,0.0,0.0,0.0
2008-08-29 00:00:00-04:00,11.060218382085665,11.060218382085665,11.032526016235352,11.032526016235352,2400,0.0,0.0,0.0
2008-09-02 00:00:00-04:00,10.966069221496582,10.966069221496582,10.966069221496582,10.966069221496582,6400,0.0,0.0,0.0
2008-09-03 00:00:00-04:00,10.868224143981934,10.868224143981934,10.868224143981934,10.868224143981934,4800,0.0,0.0,0.0
2008-09-04 00:00:00-04:00,10.74268627166748,10.74268627166748,10.74268627166748,10.74268627166748,8800,0.0,0.0,0.0
2008-09-05 00:00:00-04:00,10.506381034851074,10.506381034851074,10.506381034851074,10.506381034851074,8000,0.0,0.0,0.0
2008-09-08 00:00:00-04:00,11.054685571481844,11.054685571481844,10.707611083984375,10.707611083984375,9600,0.0,0.0,0.0
2008-09-09 00:00:00-04:00,10.707609862058778,10.707609862058778,10.663302201037025,10.665148735046387,11600,0.0,0.0,0.0
2008-09-10 00:00:00-04:00,10.532228341650775,10.628227704177885,10.532228341650775,10.626381874084473,9600,0.0,0.0,0.0
2008-09-11 00:00:00-04:00,10.502686500549316,10.502686500549316,10.502686500549316,10.502686500549316,800,0.0,0.0,0.0
2008-09-12 00:00:00-04:00,10.724222329192347,10.724222329192347,10.674376487731934,10.674376487731934,19600,0.0,0.0,0.0
2008-09-15 00:00:00-04:00,10.491605650403818,10.548835494369374,10.294068178914365,10.305145263671875,74400,0.0,0.0,0.0
2008-09-16 00:00:00-04:00,10.288534821996928,10.426995277404785,10.24976606350184,10.426995277404785,9600,0.0,0.0,0.0
2008-09-17 00:00:00-04:00,10.090996537490524,10.131611824035645,10.090996537490524,10.131611824035645,19600,0.0,0.0,0.0
2008-09-18 00:00:00-04:00,10.015308463053183,10.371613502502441,9.90269382203343,10.371613502502441,44400,0.0,0.0,0.0
2008-09-19 00:00:00-04:00,10.854182243347168,10.854182243347168,10.854182243347168,10.854182243347168,800,0.075,0.0,0.0
2008-09-22 00:00:00-04:00,10.434714174001003,10.434714174001003,10.393880844116211,10.393880844116211,11200,0.0,0.0,0.0
2008-09-23 00:00:00-04:00,10.384604368306745,10.384604368306745,10.239831924438477,10.239831924438477,4400,0.0,0.0,0.0
2008-09-24 00:00:00-04:00,10.189721468641649,10.226841926574707,10.189721468641649,10.226841926574707,1200,0.0,0.0,0.0
2008-09-25 00:00:00-04:00,10.226841926574707,10.226841926574707,10.226841926574707,10.226841926574707,0,0.0,0.0,0.0
2008-09-26 00:00:00-04:00,10.226841926574707,10.226841926574707,10.226841926574707,10.226841926574707,0,0.0,0.0,0.0
2008-09-29 00:00:00-04:00,10.804069891530887,10.804069891530887,9.692296028137207,9.692296028137207,19600,0.0,0.0,0.0
2008-09-30 00:00:00-04:00,9.905740409058003,9.905740409058003,9.80736996817542,9.846346855163574,37600,0.0,0.0,0.0
2008-10-01 00:00:00-04:00,9.831501007080078,9.831501007080078,9.831501007080078,9.831501007080078,400,0.0,0.0,0.0
2008-10-02 00:00:00-04:00,9.631047248840332,9.631047248840332,9.631047248840332,9.631047248840332,4000,0.0,0.0,0.0
2008-10-03 00:00:00-04:00,9.78509965524355,9.85006114745067,9.41945743560791,9.41945743560791,19200,0.0,0.0,0.0
2008-10-06 00:00:00-04:00,9.168888906306773,9.168888906306773,8.842223651984744,9.128055572509766,97200,0.0,0.0,0.0
2008-10-07 00:00:00-04:00,8.909039361695973,8.909039361695973,8.8106689453125,8.8106689453125,2800,0.0,0.0,0.0
2008-10-08 00:00:00-04:00,8.630635875586211,8.756847381591797,8.630635875586211,8.756847381591797,16800,0.0,0.0,0.0
2008-10-09 00:00:00-04:00,8.313250176715897,8.34109050878777,7.7879875569072485,7.847381114959717,22800,0.0,0.0,0.0
2008-10-10 00:00:00-04:00,7.166211883962606,8.018139185720967,7.166211883962606,7.995866775512695,18800,0.0,0.0,0.0
2008-10-13 00:00:00-04:00,8.073821004930434,8.44503116607666,8.062684445206257,8.44503116607666,82800,0.0,0.0,0.0
2008-10-14 00:00:00-04:00,9.196727263269542,11.067625932913336,8.63063217611874,8.677033424377441,44000,0.0,0.0,0.0
2008-10-15 00:00:00-04:00,8.816241173488887,8.816241173488887,7.994010624245538,8.01628303527832,10000,0.0,0.0,0.0
2008-10-16 00:00:00-04:00,7.8084046576144885,8.047835350036621,7.676625237640298,8.047835350036621,1600,0.0,0.0,0.0
2008-10-17 00:00:00-04:00,7.565261072939335,8.305825489575259,7.565261072939335,8.155485153198242,17600,0.0,0.0,0.0
2008-10-20 00:00:00-04:00,8.381920731435946,8.381920731435946,8.164763248239302,8.365216255187988,72800,0.0,0.0,0.0
2008-10-21 00:00:00-04:00,8.352229529601065,8.352229529601065,8.250146865844727,8.250146865844727,13600,0.0,0.0,0.0
2008-10-22 00:00:00-04:00,8.16661994909062,8.16661994909062,7.572683811187744,7.572683811187744,31600,0.0,0.0,0.0
2008-10-23 00:00:00-04:00,7.760144379130374,7.760144379130374,7.43347922160538,7.581963062286377,16800,0.0,0.0,0.0
2008-10-24 00:00:00-04:00,7.312841891072732,7.994012330429075,7.312841891072732,7.596817493438721,40800,0.0,0.0,0.0
2008-10-27 00:00:00-04:00,7.596817493438721,7.596817493438721,7.596817493438721,7.596817493438721,0,0.0,0.0,0.0
2008-10-28 00:00:00-04:00,8.003288044696319,8.003288044696319,7.242307766773751,7.899349689483643,37600,0.0,0.0,0.0
2008-10-29 00:00:00-04:00,7.977305796219364,8.32067559935552,7.968025684356689,7.9680256843566895,18800,0.0,0.0,0.0
2008-10-30 00:00:00-04:00,8.205603457181203,8.205603457181203,7.982877137052089,8.058975219726562,6000,0.0,0.0,0.0
2008-10-31 00:00:00-04:00,8.389348030090332,8.389348030090332,8.389348030090332,8.389348030090332,400,0.0,0.0,0.0
2008-11-03 00:00:00-05:00,8.391201129353488,8.402337683246834,8.261277499371747,8.342944145202637,152800,0.0,0.0,0.0
2008-11-04 00:00:00-05:00,8.656621312178448,8.656621312178448,8.476584147730255,8.537834167480469,50400,0.0,0.0,0.0
2008-11-05 00:00:00-05:00,8.452454350084553,8.62321066033575,8.289121703911208,8.305826187133789,17200,0.0,0.0,0.0
2008-11-06 00:00:00-05:00,8.09238106063904,8.09238106063904,7.847382416045392,7.8529510498046875,34800,0.0,0.0,0.0
2008-11-07 00:00:00-05:00,7.82696785541127,7.9568915857453435,7.82696785541127,7.860376834869385,21200,0.0,0.0,0.0
2008-11-10 00:00:00-05:00,8.071966147035768,8.071966147035768,7.82511102306633,7.826966762542725,27200,0.0,0.0,0.0
2008-11-11 00:00:00-05:00,7.70261001586914,7.70261001586914,7.70261001586914,7.702610015869141,800,0.0,0.0,0.0
2008-11-12 00:00:00-05:00,7.568975135493747,7.568975135493747,7.424203395843506,7.424203395843506,4800,0.0,0.0,0.0
2008-11-13 00:00:00-05:00,7.3573834981197095,7.593101978302001,7.168066276838805,7.593101978302002,6400,0.0,0.0,0.0
2008-11-14 00:00:00-05:00,7.784276414266534,7.784276414266534,7.483596397825697,7.589391231536865,80000,0.0,0.0,0.0
2008-11-17 00:00:00-05:00,7.405643828371885,7.522574532463211,7.3072726431806245,7.4427642822265625,50800,0.0,0.0,0.0
2008-11-18 00:00:00-05:00,7.403784069479556,7.4093519934620184,7.19219446182251,7.19219446182251,14000,0.0,0.0,0.0
2008-11-19 00:00:00-05:00,7.346246746570768,7.346246746570768,7.119808404383257,7.13094425201416,39600,0.0,0.0,0.0
2008-11-20 00:00:00-05:00,6.861819103250576,6.988030597170096,6.588979446097042,6.650229454040527,150800,0.0,0.0,0.0
2008-11-21 00:00:00-05:00,6.665080402188231,6.830268859863281,6.356975904899595,6.830268859863281,42400,0.0,0.0,0.0
2008-11-24 00:00:00-05:00,7.015871450364497,7.390793773840434,6.943485586906294,7.312839984893799,214800,0.0,0.0,0.0
2008-11-25 00:00:00-05:00,7.487308826233131,7.507725497964935,7.186628800072771,7.368521690368652,125600,0.0,0.0,0.0
2008-11-26 00:00:00-05:00,7.624658117575548,7.624658117575548,7.236743416531966,7.620945930480957,470800,0.0,0.0,0.0
2008-11-28 00:00:00-05:00,7.619087433073393,7.619087433073393,7.583822727203369,7.583822727203369,7200,0.0,0.0,0.0
2008-12-01 00:00:00-05:00,7.322118018976774,7.322118018976774,7.1829142570495605,7.1829142570495605,31600,0.0,0.0,0.0
2008-12-02 00:00:00-05:00,7.088260189036312,7.234888422610492,7.071555697768019,7.123525619506836,96400,0.0,0.0,0.0
2008-12-03 00:00:00-05:00,7.1792025606854315,7.374087699050183,7.1792025606854315,7.372231960296631,48400,0.0,0.0,0.0
2008-12-04 00:00:00-05:00,7.4854518830807715,7.520716587110277,7.221892348247054,7.22560453414917,20000,0.0,0.0,0.0
2008-12-05 00:00:00-05:00,7.220035754909474,7.528140068054199,7.082687724892845,7.528140068054199,26400,0.0,0.0,0.0
2008-12-08 00:00:00-05:00,7.756433836901491,7.877076673237121,7.68590373213443,7.808403015136719,199200,0.0,0.0,0.0
2008-12-09 00:00:00-05:00,7.819540709741331,7.826964373408151,7.641359329223633,7.641359329223633,95200,0.0,0.0,0.0
2008-12-10 00:00:00-05:00,7.74344316416223,7.847381542401981,7.624656041587029,7.776852130889893,243600,0.0,0.0,0.0
2008-12-11 00:00:00-05:00,7.684050178676477,7.7712840800892415,7.498445108737695,7.5151495933532715,20800,0.0,0.0,0.0
2008-12-12 00:00:00-05:00,7.401929716414541,7.54855717027363,7.401929716414541,7.546701431274414,18800,0.0,0.0,0.0
2008-12-15 00:00:00-05:00,7.485451790203145,7.593102347920548,7.394505006797409,7.4019293785095215,164400,0.0,0.0,0.0
2008-12-16 00:00:00-05:00,7.873364925384521,7.880789296409761,7.578253611414628,7.8733649253845215,122400,0.0,0.0,0.0
2008-12-17 00:00:00-05:00,7.828821088399589,7.916055688721833,7.806548680582427,7.819540977478027,64400,0.0,0.0,0.0
2008-12-18 00:00:00-05:00,7.7044646703362805,7.825108225968536,7.641358930287058,7.6580634117126465,10800,0.0,0.0,0.0
2008-12-19 00:00:00-05:00,7.664052790955316,7.718328304621201,7.647208690643311,7.6472086906433105,106000,0.0855,0.0,0.0
2008-12-22 00:00:00-05:00,7.5779594618059924,7.587317134709413,7.4413347244262695,7.4413347244262695,65200,0.0,0.0,0.0
2008-12-23 00:00:00-05:00,7.548016105817754,7.564859492304784,7.431978652200559,7.4581804275512695,34000,0.0,0.0,0.0
2008-12-24 00:00:00-05:00,7.634107236503644,7.634107236503644,7.3234277424294065,7.491868019104004,101600,0.0,0.0,0.0
2008-12-26 00:00:00-05:00,7.621006143096567,7.621006143096567,7.510583877563477,7.510583877563477,9600,0.0,0.0,0.0
2008-12-29 00:00:00-05:00,7.5012285555663265,7.506843018880036,7.407650359297954,7.46005392074585,27600,0.0,0.0,0.0
2008-12-30 00:00:00-05:00,7.549887090515246,7.6397220516871736,7.542400665264717,7.63410758972168,40800,0.0,0.0,0.0
2008-12-31 00:00:00-05:00,7.750146291053085,7.808165030543201,7.750146291053085,7.780091285705566,17200,0.0,0.0,0.0
2009-01-02 00:00:00-05:00,7.800678453744966,7.965376278146532,7.800678453744966,7.963504314422607,34400,0.0,0.0,0.0
2009-01-05 00:00:00-05:00,7.989703446081054,8.08141036163439,7.959758461931039,8.030878067016602,148400,0.0,0.0,0.0
2009-01-06 00:00:00-05:00,8.090772714253522,8.137561823667857,8.05521324811888,8.08328628540039,92400,0.0,0.0,0.0
2009-01-07 00:00:00-05:00,7.976606212263703,7.985963890230401,7.8643126487731925,7.864312648773193,32000,0.0,0.0,0.0
2009-01-08 00:00:00-05:00,7.811907491034184,7.862439084558595,7.806292314240978,7.847466945648193,122000,0.0,0.0,0.0
2009-01-09 00:00:00-05:00,7.839983994147182,7.839983994147182,7.727690403739908,7.76324987411499,46800,0.0,0.0,0.0
2009-01-12 00:00:00-05:00,7.639723191562065,7.639723191562065,7.4993559099229605,7.5424017906188965,626400,0.0,0.0,0.0
2009-01-13 00:00:00-05:00,7.54988667000802,7.54988667000802,7.531171321868896,7.5311713218688965,6800,0.0,0.0,0.0
2009-01-14 00:00:00-05:00,7.291612106850544,7.360860478769032,7.287868893724283,7.295355319976807,51600,0.0,0.0,0.0
2009-01-15 00:00:00-05:00,7.199905423395737,7.3571167949154255,7.117556167776704,7.2728962898254395,80400,0.0,0.0,0.0
2009-01-16 00:00:00-05:00,7.4413376957768245,7.465668226196722,7.222365063832637,7.388934135437012,132400,0.0,0.0,0.0
2009-01-20 00:00:00-05:00,7.28412498474486,7.28412498474486,7.001519203186035,7.001519203186035,383200,0.0,0.0,0.0
2009-01-21 00:00:00-05:00,7.0426937569789345,7.289740085601807,7.040821793641509,7.289740085601807,41200,0.0,0.0,0.0
2009-01-22 00:00:00-05:00,7.168088711428531,7.2728965339411635,7.061409639382138,7.132529258728027,80000,0.0,0.0,0.0
2009-01-23 00:00:00-05:00,7.012747558445855,7.246692959099162,7.012747558445855,7.229848861694336,52800,0.0,0.0,0.0
2009-01-26 00:00:00-05:00,7.297227023813552,7.373961105308794,7.205520090346129,7.254180431365967,162400,0.0,0.0,0.0
2009-01-27 00:00:00-05:00,7.29909870732903,7.372089580171133,7.24856639983567,7.3440165519714355,161200,0.0,0.0,0.0
2009-01-28 00:00:00-05:00,7.491869168906787,7.591062529248305,7.491869168906787,7.581704139709473,64000,0.0,0.0,0.0
2009-01-29 00:00:00-05:00,7.461923310868807,7.471280985374522,7.379574775695801,7.379574775695801,130400,0.0,0.0,0.0
2009-01-30 00:00:00-05:00,7.358989853190134,7.38332038596198,7.1437596999404125,7.156861305236816,273200,0.0,0.0,0.0
2009-02-02 00:00:00-05:00,7.0782533588979994,7.181189212375754,7.0782533588979994,7.102583885192871,66000,0.0,0.0,0.0
2009-02-03 00:00:00-05:00,7.164345079136246,7.295354671123725,7.164345079136246,7.278510570526123,11200,0.0,0.0,0.0
2009-02-04 00:00:00-05:00,7.368347923493507,7.400164885574958,7.226109360977508,7.2597975730896,81600,0.0,0.0,0.0
2009-02-05 00:00:00-05:00,7.2597975730896,7.2597975730896,7.2597975730896,7.2597975730896,0,0.0,0.0,0.0
2009-02-06 00:00:00-05:00,7.375831219324052,7.531171321868896,7.375831219324052,7.5311713218688965,22400,0.0,0.0,0.0
2009-02-09 00:00:00-05:00,7.55924425540808,7.585446028073415,7.55924425540808,7.5611162185668945,9200,0.0,0.0,0.0
2009-02-10 00:00:00-05:00,7.480638132495759,7.480638132495759,7.338398933410644,7.3383989334106445,5200,0.0,0.0,0.0
2009-02-11 00:00:00-05:00,7.218623042335371,7.30284357389164,7.218623042335371,7.271026611328125,14400,0.0,0.0,0.0
2009-02-12 00:00:00-05:00,7.065154510260848,7.068897724151611,7.065154510260848,7.068897724151611,1600,0.0,0.0,0.0
2009-02-13 00:00:00-05:00,7.310327912316773,7.310327912316773,7.254180431365967,7.254180431365967,4800,0.0,0.0,0.0
2009-02-17 00:00:00-05:00,6.9809337395144935,6.9865489171276485,6.900456428527832,6.900456428527832,123600,0.0,0.0,0.0
2009-02-18 00:00:00-05:00,6.917299240366065,6.945372981348699,6.818106593065231,6.898583889007568,26800,0.0,0.0,0.0
2009-02-19 00:00:00-05:00,6.95847397180488,6.95847397180488,6.814363479614258,6.814363479614258,55600,0.0,0.0,0.0
2009-02-20 00:00:00-05:00,6.672125523651804,6.760088540606668,6.630950889793168,6.7301435470581055,16400,0.0,0.0,0.0
2009-02-23 00:00:00-05:00,6.823721966366846,6.823721966366846,6.498070240020752,6.498070240020752,32400,0.0,0.0,0.0
2009-02-24 00:00:00-05:00,6.52988648773963,6.76570394454175,6.52240006061528,6.752603054046631,91200,0.0,0.0,0.0
2009-02-25 00:00:00-05:00,6.664638326688066,6.746986870945108,6.608491559515317,6.692711353302002,120000,0.0,0.0,0.0
2009-02-26 00:00:00-05:00,6.788162103970282,6.803134243374101,6.586032867431641,6.586032867431641,56000,0.0,0.0,0.0
2009-02-27 00:00:00-05:00,6.455025672912598,6.5617047823525905,6.449410494453298,6.455025672912598,38400,0.0,0.0,0.0
2009-03-02 00:00:00-05:00,6.3165257943624775,6.34272756490794,6.142470359802246,6.142470359802246,100000,0.0,0.0,0.0
2009-03-03 00:00:00-05:00,6.148086122099035,6.18551753677645,6.10129703223848,6.121884346008301,7600,0.0,0.0,0.0
2009-03-04 00:00:00-05:00,6.237922122732749,6.325885130698121,6.232306946179081,6.254765510559082,16400,0.0,0.0,0.0
2009-03-05 00:00:00-05:00,6.099426385125241,6.103169598357127,5.9927473068237305,5.9927473068237305,68400,0.0,0.0,0.0
2009-03-06 00:00:00-05:00,6.060121864688395,6.060121864688395,5.8785800051315755,6.007717609405518,120800,0.0,0.0,0.0
2009-03-09 00:00:00-04:00,5.944087049413117,6.058252205727606,5.942215442657471,5.942215442657471,86000,0.0,0.0,0.0
2009-03-10 00:00:00-04:00,6.159317687872153,6.301556251417472,6.159317687872153,6.299685001373291,119200,0.0,0.0,0.0
2009-03-11 00:00:00-04:00,6.36893186815025,6.426950607390542,6.335243660068143,6.338986873626709,54800,0.0,0.0,0.0
2009-03-12 00:00:00-04:00,6.355830453171768,6.582289500189751,6.31465653531527,6.57854700088501,83200,0.0,0.0,0.0
2009-03-13 00:00:00-04:00,6.651539159004737,6.655282372977333,6.541116845620874,6.634695053100586,77200,0.0,0.0,0.0
2009-03-16 00:00:00-04:00,6.694582693150119,6.780674442391547,6.608490943908691,6.608490943908691,95200,0.0,0.0,0.0
2009-03-17 00:00:00-04:00,6.724529379226184,6.799392223358154,6.700198847791545,6.799392223358154,48000,0.0,0.0,0.0
2009-03-18 00:00:00-04:00,6.791902928154522,7.007132264745793,6.752600272856728,6.9434990882873535,79600,0.0,0.0,0.0
2009-03-19 00:00:00-04:00,7.025848422276886,7.025848422276886,6.8686370849609375,6.8686370849609375,109600,0.0,0.0,0.0
2009-03-20 00:00:00-04:00,6.9348012661063745,6.9348012661063745,6.738764313503123,6.75007438659668,84800,0.06525,0.0,0.0
2009-03-23 00:00:00-04:00,6.883906865913289,7.1892716422054255,6.883906865913289,7.187386989593506,132000,0.0,0.0,0.0
2009-03-24 00:00:00-04:00,7.144034047694294,7.208123033670999,7.0686349868774405,7.068634986877441,89600,0.0,0.0,0.0
2009-03-25 00:00:00-04:00,7.234509571451368,7.247704293913874,6.947994262585542,7.128951072692871,34000,0.0,0.0,0.0
2009-03-26 00:00:00-04:00,7.228856744681164,7.287291049957275,7.14968838178324,7.287291049957275,66400,0.0,0.0,0.0
2009-03-27 00:00:00-04:00,7.196814370204786,7.228858509947977,7.136495397345588,7.13838005065918,58000,0.0,0.0,0.0
2009-03-30 00:00:00-04:00,6.978157871697468,6.978157871697468,6.859404580009592,6.921608924865723,11600,0.0,0.0,0.0
2009-03-31 00:00:00-04:00,6.9951208626583155,7.08559929857155,6.9951208626583155,7.019625663757324,5200,0.0,0.0,0.0
2009-04-01 00:00:00-04:00,7.05355279413424,7.127067180193642,7.04601346553664,7.100677013397217,28800,0.0,0.0,0.0
2009-04-02 00:00:00-04:00,7.360805893175896,7.404160106210405,7.285407543182373,7.285407543182373,61600,0.0,0.0,0.0
2009-04-03 00:00:00-04:00,7.332530286434787,7.373999118804932,7.27409598388134,7.373999118804932,78000,0.0,0.0,0.0
2009-04-06 00:00:00-04:00,7.313681476539728,7.328761577606201,7.242052434591576,7.328761577606201,119200,0.0,0.0,0.0
2009-04-07 00:00:00-04:00,7.223201430709459,7.2458208582506005,7.157227800773364,7.159112453460693,185200,0.0,0.0,0.0
2009-04-08 00:00:00-04:00,7.155342625148628,7.253361105925019,7.155342625148628,7.238281726837158,196800,0.0,0.0,0.0
2009-04-09 00:00:00-04:00,7.419239473213619,7.505947890699367,7.400389348287102,7.49840784072876,449200,0.0,0.0,0.0
2009-04-13 00:00:00-04:00,7.4625940396448796,7.53610773273501,7.4625940396448796,7.5342230796813965,18400,0.0,0.0,0.0
2009-04-14 00:00:00-04:00,7.4569368043226625,7.507831048023099,7.3758830886951365,7.385307788848877,354000,0.0,0.0,0.0
2009-04-15 00:00:00-04:00,7.3400728862758635,7.464480876922607,7.3400728862758635,7.464480876922607,41200,0.0,0.0,0.0
2009-04-16 00:00:00-04:00,7.4946361140293565,7.613389357396985,7.456937310853609,7.577575206756592,39200,0.0,0.0,0.0
2009-04-17 00:00:00-04:00,7.588886162193596,7.651090494871126,7.585116856327137,7.615276336669922,14800,0.0,0.0,0.0
2009-04-20 00:00:00-04:00,7.445627396063536,7.445627396063536,7.302370071411133,7.302370071411133,35200,0.0,0.0,0.0
2009-04-21 00:00:00-04:00,7.2571315845326065,7.443743855949274,7.2571315845326065,7.439973831176758,128000,0.0,0.0,0.0
2009-04-22 00:00:00-04:00,7.509717487181419,7.549301668680323,7.387194198855821,7.389079570770264,14400,0.0,0.0,0.0
2009-04-23 00:00:00-04:00,7.404158790290073,7.453168392181397,7.330645106511773,7.4531683921813965,41200,0.0,0.0,0.0
2009-04-24 00:00:00-04:00,7.530452043394713,7.611505775933693,7.507832614494599,7.54176139831543,11600,0.0,0.0,0.0
2009-04-27 00:00:00-04:00,7.522910908354163,7.5493003581055005,7.505946159362793,7.505946159362793,26800,0.0,0.0,0.0
2009-04-28 00:00:00-04:00,7.445626278659748,7.547414759853437,7.441856255016446,7.496520519256592,124000,0.0,0.0,0.0
2009-04-29 00:00:00-04:00,7.594540753861849,7.71894868696721,7.590770729336395,7.641664981842041,133600,0.0,0.0,0.0
2009-04-30 00:00:00-04:00,7.767955464404316,7.786805581927667,7.628468190023814,7.654857635498047,31600,0.0,0.0,0.0
2009-05-01 00:00:00-04:00,7.651091756520512,7.70010065051198,7.651091756520512,7.679366588592529,15200,0.0,0.0,0.0
2009-05-04 00:00:00-04:00,7.750993539116621,7.935720443725586,7.750993539116621,7.935720443725586,51200,0.0,0.0,0.0
2009-05-05 00:00:00-04:00,7.93948857433627,7.947028622290828,7.884825024312101,7.926293849945068,23600,0.0,0.0,0.0
2009-05-06 00:00:00-04:00,7.975306032859441,8.060129083192637,7.975306032859441,8.026200294494629,336800,0.0,0.0,0.0
2009-05-07 00:00:00-04:00,8.105365867243641,8.105365867243641,7.890479538370734,7.939488410949707,34800,0.0,0.0,0.0
2009-05-08 00:00:00-04:00,8.04127663787329,8.118560327660425,8.00169246680004,8.109135627746582,30000,0.0,0.0,0.0
2009-05-11 00:00:00-04:00,8.024311385226843,8.035621455846526,7.962107794464753,7.967762470245361,77600,0.0,0.0,0.0
2009-05-12 00:00:00-04:00,7.896137425937088,7.9451470375061035,7.864093288345584,7.9451470375061035,10400,0.0,0.0,0.0
2009-05-13 00:00:00-04:00,7.856551846216478,7.856551846216478,7.730258533284276,7.7434539794921875,36000,0.0,0.0,0.0
2009-05-14 00:00:00-04:00,7.771730389647059,7.850899495061268,7.74157090164615,7.811314582824707,54400,0.0,0.0,0.0
2009-05-15 00:00:00-04:00,7.816965860909166,7.841469937640972,7.717062025329407,7.728372097015381,26800,0.0,0.0,0.0
2009-05-18 00:00:00-04:00,7.82262622479638,7.962114334106445,7.82262622479638,7.962114334106445,3200,0.0,0.0,0.0
2009-05-19 00:00:00-04:00,7.956456854070988,8.024315877663224,7.9545722007751465,7.9545722007751465,46400,0.0,0.0,0.0
2009-05-20 00:00:00-04:00,8.046934338578417,8.08086384626801,7.98473072052002,7.9847307205200195,10400,0.0,0.0,0.0
2009-05-21 00:00:00-04:00,7.82639395980784,7.82639395980784,7.728375453139497,7.790579795837402,66000,0.0,0.0,0.0
2009-05-22 00:00:00-04:00,7.830160258241244,7.830160258241244,7.762301269074401,7.784920692443848,6000,0.0,0.0,0.0
2009-05-26 00:00:00-04:00,7.830165806645928,7.920644283294678,7.828280433911717,7.920644283294678,10000,0.0,0.0,0.0
2009-05-27 00:00:00-04:00,7.9734179486779295,7.994152720705401,7.911214351654053,7.911214351654053,4000,0.0,0.0,0.0
2009-05-28 00:00:00-04:00,7.905562088311041,7.9432616233825675,7.849013145233162,7.943261623382568,32000,0.0,0.0,0.0
2009-05-29 00:00:00-04:00,8.013006369605803,8.050705909729004,7.954572765520815,8.050705909729004,20400,0.0,0.0,0.0
2009-06-01 00:00:00-04:00,8.190194069341176,8.310832023620605,8.180769363986645,8.310832023620605,18000,0.0,0.0,0.0
2009-06-02 00:00:00-04:00,8.301401917469777,8.325905991637706,8.299516546190116,8.324021339416504,8800,0.0,0.0,0.0
2009-06-03 00:00:00-04:00,8.182654261404872,8.195848993106411,8.126105308532715,8.126105308532715,15200,0.0,0.0,0.0
2009-06-04 00:00:00-04:00,8.235429967374204,8.267474816873175,8.210925886117032,8.254280090332031,76000,0.0,0.0,0.0
2009-06-05 00:00:00-04:00,8.331568302817322,8.350417716910908,8.224125060553968,8.241089820861816,94000,0.0,0.0,0.0
2009-06-08 00:00:00-04:00,8.165687561035156,8.165687561035156,8.165687561035156,8.165687561035156,8800,0.0,0.0,0.0
2009-06-09 00:00:00-04:00,8.271244211645897,8.288208961486816,8.259934138732413,8.288208961486816,58800,0.0,0.0,0.0
2009-06-10 00:00:00-04:00,8.35229852972624,8.35229852972624,8.252394676208496,8.252394676208496,2400,0.0,0.0,0.0
2009-06-11 00:00:00-04:00,8.380572983095782,8.380572983095782,8.327794075012207,8.327794075012207,13200,0.0,0.0,0.0
2009-06-12 00:00:00-04:00,8.25428136936263,8.308945655822754,8.25428136936263,8.308945655822754,26400,0.0,0.0,0.0
2009-06-15 00:00:00-04:00,8.195845956143748,8.195845956143748,8.095942819119978,8.12987232208252,26000,0.0,0.0,0.0
2009-06-16 00:00:00-04:00,8.045045493615328,8.056355563304972,8.0299654006958,8.0299654006958,20000,0.0,0.0,0.0
2009-06-17 00:00:00-04:00,8.029967799811027,8.067667324314932,8.00357834837588,8.020543098449707,8400,0.0,0.0,0.0
2009-06-18 00:00:00-04:00,8.035622079044927,8.063896179199219,8.035622079044927,8.063896179199219,1600,0.0,0.0,0.0
2009-06-19 00:00:00-04:00,8.13213837609835,8.13213837609835,8.058209240619233,8.07526969909668,32400,0.06,0.0,0.0
2009-06-22 00:00:00-04:00,7.916039127618872,7.917935135878992,7.870545052989925,7.872440338134766,18000,0.0,0.0,0.0
2009-06-23 00:00:00-04:00,7.872443862551161,7.893295624055924,7.830741062657235,7.855383396148682,31200,0.0,0.0,0.0
2009-06-24 00:00:00-04:00,7.991866231571273,7.991866231571273,7.92172908782959,7.92172908782959,7200,0.0,0.0,0.0
2009-06-25 00:00:00-04:00,7.878131475185197,8.088542938232422,7.878131475185197,8.088542938232422,3600,0.0,0.0,0.0
2009-06-26 00:00:00-04:00,8.033568380985782,8.056315422058105,8.033568380985782,8.056315422058105,30400,0.0,0.0,0.0
2009-06-29 00:00:00-04:00,8.15109920501709,8.15109920501709,8.15109920501709,8.15109920501709,800,0.0,0.0,0.0
2009-06-30 00:00:00-04:00,8.062005440641261,8.090439796447754,8.05063227681123,8.090439796447754,3600,0.0,0.0,0.0
2009-07-01 00:00:00-04:00,8.19090245147299,8.19090245147299,8.15109495199928,8.154886245727539,16800,0.0,0.0,0.0
2009-07-02 00:00:00-04:00,8.003241486237789,8.003241486237789,7.914147853851318,7.914147853851318,8400,0.0,0.0,0.0
2009-07-06 00:00:00-04:00,7.815575194410963,7.881921768188477,7.813679908584423,7.881921768188477,14400,0.0,0.0,0.0
2009-07-07 00:00:00-04:00,7.872442141330012,7.874338150024414,7.872442141330012,7.874338150024414,1200,0.0,0.0,0.0
2009-07-08 00:00:00-04:00,7.662028193658135,7.76439094543457,7.6563416151534245,7.76439094543457,5600,0.0,0.0,0.0
2009-07-09 00:00:00-04:00,7.8023030158484366,7.8023030158484366,7.785242557525635,7.785242557525635,800,0.0,0.0,0.0
2009-07-10 00:00:00-04:00,7.711317539215088,7.711317539215088,7.711317539215088,7.711317539215088,2000,0.0,0.0,0.0
2009-07-13 00:00:00-04:00,7.7568110233858585,7.92172908782959,7.74733314825031,7.92172908782959,25200,0.0,0.0,0.0
2009-07-14 00:00:00-04:00,7.929313035157801,7.929313035157801,7.914147853851318,7.914147853851318,3200,0.0,0.0,0.0
2009-07-15 00:00:00-04:00,8.103707840179853,8.215548515319824,8.103707840179853,8.215548515319824,8000,0.0,0.0,0.0
2009-07-16 00:00:00-04:00,8.206070639077238,8.215548515319824,8.206070639077238,8.215548515319824,12800,0.0,0.0,0.0
2009-07-17 00:00:00-04:00,8.255358575994801,8.280001640319824,8.25156727970512,8.280001640319824,12400,0.0,0.0,0.0
2009-07-20 00:00:00-04:00,8.321702003479004,8.321702003479004,8.321702003479004,8.321702003479004,800,0.0,0.0,0.0
2009-07-21 00:00:00-04:00,8.321702003479004,8.321702003479004,8.321702003479004,8.321702003479004,0,0.0,0.0,0.0
2009-07-22 00:00:00-04:00,8.37477691392772,8.42785358428955,8.37477691392772,8.42785358428955,43600,0.0,0.0,0.0
2009-07-23 00:00:00-04:00,8.420268383405388,8.619307281731514,8.420268383405388,8.596559524536133,114400,0.0,0.0,0.0
2009-07-24 00:00:00-04:00,8.570024459115363,8.602250099182129,8.552963996283651,8.602250099182129,35600,0.0,0.0,0.0
2009-07-27 00:00:00-04:00,8.611728333403702,8.649640554960783,8.611728333403702,8.61362361907959,3200,0.0,0.0,0.0
2009-07-28 00:00:00-04:00,8.564338237236221,8.61362361907959,8.564338237236221,8.61362361907959,7200,0.0,0.0,0.0
2009-07-29 00:00:00-04:00,8.554863080927028,8.554863080927028,8.549175775861265,8.552967071533203,4800,0.0,0.0,0.0
2009-07-30 00:00:00-04:00,8.697029010671754,8.778540018554237,8.693237716919622,8.74441909790039,8800,0.0,0.0,0.0
2009-07-31 00:00:00-04:00,8.687551060701807,8.740627726529638,8.687551060701807,8.714089393615723,25600,0.0,0.0,0.0
2009-08-03 00:00:00-04:00,8.75389774004701,8.806974411010742,8.75389774004701,8.806974411010742,4000,0.0,0.0,0.0
2009-08-04 00:00:00-04:00,8.810769594438835,8.854368410992807,8.79181383875997,8.814560890197754,19200,0.0,0.0,0.0
2009-08-05 00:00:00-04:00,8.841096878051758,8.84299288698311,8.774751027765111,8.841096878051758,6400,0.0,0.0,0.0
2009-08-06 00:00:00-04:00,8.886590739622791,8.886590739622791,8.795601844787598,8.795601844787598,6400,0.0,0.0,0.0
2009-08-07 00:00:00-04:00,8.89417401828366,8.945355415344238,8.89417401828366,8.945355415344238,7600,0.0,0.0,0.0
2009-08-10 00:00:00-04:00,8.880901928422656,8.892275809513869,8.85057230196142,8.869528770446777,12800,0.0,0.0,0.0
2009-08-11 00:00:00-04:00,8.812663373805153,8.812663373805153,8.767168559326457,8.770959854125977,51200,0.0,0.0,0.0
2009-08-12 00:00:00-04:00,8.869528745288779,8.932083283324685,8.869528745288779,8.924501419067383,9600,0.0,0.0,0.0
2009-08-13 00:00:00-04:00,8.877112052984822,8.907441681821092,8.877112052984822,8.901754379272461,3600,0.0,0.0,0.0
2009-08-14 00:00:00-04:00,8.951036978225694,8.951036978225694,8.793701593013797,8.822135925292969,71200,0.0,0.0,0.0
2009-08-17 00:00:00-04:00,8.668598362799067,8.676180953534292,8.651537895202637,8.651537895202637,33200,0.0,0.0,0.0
2009-08-18 00:00:00-04:00,8.651537895202637,8.651537895202637,8.651537895202637,8.651537895202637,0,0.0,0.0,0.0
2009-08-19 00:00:00-04:00,8.697029852078645,8.80887049768303,8.697029852078645,8.791810035705566,26800,0.0,0.0,0.0
2009-08-20 00:00:00-04:00,8.84867935252806,8.888486862182617,8.84867935252806,8.888486862182617,2000,0.0,0.0,0.0
2009-08-21 00:00:00-04:00,8.95672735708629,9.024969205029223,8.95672735708629,9.023073196411133,48800,0.0,0.0,0.0
2009-08-24 00:00:00-04:00,9.098899631181867,9.098899631181867,9.030657768249512,9.030657768249512,2000,0.0,0.0,0.0
2009-08-25 00:00:00-04:00,9.117852494584401,9.117852494584401,9.051506661702874,9.053401947021484,18000,0.0,0.0,0.0
2009-08-26 00:00:00-04:00,9.09320866831931,9.09320866831931,9.040131287663323,9.059087753295898,14000,0.0,0.0,0.0
2009-08-27 00:00:00-04:00,9.06288267813689,9.087525008661174,8.954833311636524,9.076151847839355,9600,0.0,0.0,0.0
2009-08-28 00:00:00-04:00,9.155768083284949,9.155768083284949,9.087526216819434,9.089422225952148,4800,0.0,0.0,0.0
2009-08-31 00:00:00-04:00,8.973789105663437,8.998432159423828,8.952937346567378,8.998432159423828,46800,0.0,0.0,0.0
2009-09-01 00:00:00-04:00,9.057196678173952,9.057196678173952,8.825933456420898,8.825933456420898,9200,0.0,0.0,0.0
2009-09-02 00:00:00-04:00,8.765270417365171,8.816451072692871,8.765270417365171,8.816451072692871,10000,0.0,0.0,0.0
2009-09-03 00:00:00-04:00,8.810764828778726,8.837303161621094,8.77474862322342,8.837303161621094,124000,0.0,0.0,0.0
2009-09-04 00:00:00-04:00,8.865737452387593,8.947248458862305,8.865737452387593,8.947248458862305,2000,0.0,0.0,0.0
2009-09-08 00:00:00-04:00,9.047715367950309,9.059089249208004,9.007907868221393,9.053401947021484,94400,0.0,0.0,0.0
2009-09-09 00:00:00-04:00,9.057194599565022,9.131123031042675,9.049612734037781,9.104584693908691,15200,0.0,0.0,0.0
2009-09-10 00:00:00-04:00,9.127328275107915,9.193674087524414,9.127328275107915,9.193674087524414,800,0.0,0.0,0.0
2009-09-11 00:00:00-04:00,9.21452661394845,9.242960226052134,9.210735321044922,9.210735321044922,11600,0.0,0.0,0.0
2009-09-14 00:00:00-04:00,9.176620724928648,9.212636947631836,9.176620724928648,9.212636947631836,12400,0.0,0.0,0.0
2009-09-15 00:00:00-04:00,9.263814926147461,9.263814926147461,9.263814926147461,9.263814926147461,800,0.0,0.0,0.0
2009-09-16 00:00:00-04:00,9.330162010913597,9.432524065184516,9.330162010913597,9.407881736755371,18800,0.0,0.0,0.0
2009-09-17 00:00:00-04:00,9.426838695525662,9.468542215322113,9.402195640817256,9.421152114868164,14000,0.0,0.0,0.0
2009-09-18 00:00:00-04:00,9.455431267017438,9.45923946194744,9.409724936605166,9.44971752166748,21200,0.0575,0.0,0.0
2009-09-21 00:00:00-04:00,9.34306848873631,9.400200843811035,9.34306848873631,9.400200843811035,18400,0.0,0.0,0.0
2009-09-22 00:00:00-04:00,9.464953529911227,9.47257137298584,9.434482884090276,9.47257137298584,3600,0.0,0.0,0.0
2009-09-23 00:00:00-04:00,9.468760563655952,9.468760563655952,9.432576179504395,9.432576179504395,2400,0.0,0.0,0.0
2009-09-24 00:00:00-04:00,9.404010228309202,9.404010228309202,9.261178970336914,9.261178970336914,12800,0.0,0.0,0.0
2009-09-25 00:00:00-04:00,9.26308703981694,9.26308703981694,9.21357250213623,9.21357250213623,4000,0.0,0.0,0.0
2009-09-28 00:00:00-04:00,9.320219604549237,9.38306573494644,9.320219604549237,9.377352714538574,16400,0.0,0.0,0.0
2009-09-29 00:00:00-04:00,9.430673852744471,9.430673852744471,9.371636659319886,9.390681266784668,14400,0.0,0.0,0.0
2009-09-30 00:00:00-04:00,9.360210498256695,9.37735028151091,9.308791148494052,9.324026107788086,3200,0.0,0.0,0.0
2009-10-01 00:00:00-04:00,9.306884250644453,9.306884250644453,9.093589782714844,9.093589782714844,183200,0.0,0.0,0.0
2009-10-02 00:00:00-04:00,9.009793888456477,9.085970105513944,9.009793888456477,9.042168617248535,5200,0.0,0.0,0.0
2009-10-05 00:00:00-04:00,9.09359278595534,9.194526672363281,9.09359278595534,9.194526672363281,7600,0.0,0.0,0.0
2009-10-06 00:00:00-04:00,9.327831776088399,9.369729170870595,9.278317267554446,9.322118759155273,16400,0.0,0.0,0.0
2009-10-07 00:00:00-04:00,9.301175366691327,9.335454940795898,9.301175366691327,9.335454940795898,2000,0.0,0.0,0.0
2009-10-08 00:00:00-04:00,9.409722937221758,9.426862716674805,9.409722937221758,9.426862716674805,2400,0.0,0.0,0.0
2009-10-09 00:00:00-04:00,9.43828873606848,9.457332611083984,9.43828873606848,9.457332611083984,4000,0.0,0.0,0.0
2009-10-12 00:00:00-04:00,9.53350982440968,9.544935859140061,9.489708329496226,9.506847381591797,23600,0.0,0.0,0.0
2009-10-13 00:00:00-04:00,9.463047742283436,9.487805366516113,9.463047742283436,9.487805366516113,19600,0.0,0.0,0.0
2009-10-14 00:00:00-04:00,9.605881042775154,9.647778457780644,9.565888451984959,9.643969535827637,38000,0.0,0.0,0.0
2009-10-15 00:00:00-04:00,9.596355677108145,9.685863494873047,9.596355677108145,9.685863494873047,41200,0.0,0.0,0.0
2009-10-16 00:00:00-04:00,9.61920879006039,9.63444447293655,9.567790176546719,9.609686851501465,24000,0.0,0.0,0.0
2009-10-19 00:00:00-04:00,9.643970596704959,9.710625648498535,9.643970596704959,9.710625648498535,4800,0.0,0.0,0.0
2009-10-20 00:00:00-04:00,9.712528285305295,9.712528285305295,9.619211517423807,9.642065048217773,20000,0.0,0.0,0.0
2009-10-21 00:00:00-04:00,9.630633319030709,9.718236295822884,9.55064818191016,9.556361198425293,80800,0.0,0.0,0.0
2009-10-22 00:00:00-04:00,9.544937020429128,9.65158462524414,9.544937020429128,9.65158462524414,14400,0.0,0.0,0.0
2009-10-23 00:00:00-04:00,9.659201165729387,9.659201165729387,9.501134240233958,9.539222717285156,7600,0.0,0.0,0.0
2009-10-26 00:00:00-04:00,9.624923147228051,9.624923147228051,9.423054695129395,9.423054695129395,28000,0.0,0.0,0.0
2009-10-27 00:00:00-04:00,9.459239674225405,9.459239674225405,9.383063423798756,9.390681266784668,43200,0.0,0.0,0.0
2009-10-28 00:00:00-04:00,9.365917496327645,9.365917496327645,9.204042434692383,9.204042434692383,11200,0.0,0.0,0.0
2009-10-29 00:00:00-04:00,9.291652869325354,9.396395683288574,9.276417181087563,9.396395683288574,9600,0.0,0.0,0.0
2009-10-30 00:00:00-04:00,9.348781782771535,9.365921562448557,9.158340109238994,9.175479888916016,74000,0.0,0.0,0.0
2009-11-02 00:00:00-05:00,9.196429044756394,9.272605282056155,9.106921221289872,9.165958404541016,32400,0.0,0.0,0.0
2009-11-03 00:00:00-05:00,9.156441921492467,9.209765392022469,9.146919250488281,9.146919250488281,8000,0.0,0.0,0.0
2009-11-04 00:00:00-05:00,9.291652222571322,9.360211361914065,9.291652222571322,9.30117416381836,54000,0.0,0.0,0.0
2009-11-05 00:00:00-05:00,9.31260255885457,9.415440559387207,9.31260255885457,9.415440559387207,66800,0.0,0.0,0.0
2009-11-06 00:00:00-05:00,9.36973235154285,9.45352644307496,9.36973235154285,9.44971752166748,19200,0.0,0.0,0.0
2009-11-09 00:00:00-05:00,9.571597352337864,9.645870208740234,9.571597352337864,9.645870208740234,25200,0.0,0.0,0.0
2009-11-10 00:00:00-05:00,9.666819582230644,9.666819582230644,9.619209161122091,9.65158462524414,9200,0.0,0.0,0.0
2009-11-11 00:00:00-05:00,9.729663978729397,9.769656551085188,9.682053565979004,9.682053565979004,46000,0.0,0.0,0.0
2009-11-12 00:00:00-05:00,9.676341929225615,9.676341929225615,9.61159172958955,9.613495826721191,20400,0.0,0.0,0.0
2009-11-13 00:00:00-05:00,9.645869988768913,9.645869988768913,9.630634307861328,9.630634307861328,7200,0.0,0.0,0.0
2009-11-16 00:00:00-05:00,9.731570814499706,9.828696490673385,9.731570814499706,9.803938865661621,17200,0.0,0.0,0.0
2009-11-17 00:00:00-05:00,9.773468168180978,9.800129890441895,9.773468168180978,9.800129890441895,17600,0.0,0.0,0.0
2009-11-18 00:00:00-05:00,9.800129890441895,9.800129890441895,9.800129890441895,9.800129890441895,0,0.0,0.0,0.0
2009-11-19 00:00:00-05:00,9.655391185606932,9.661104202270508,9.626824649334658,9.661104202270508,22400,0.0,0.0,0.0
2009-11-20 00:00:00-05:00,9.661106509741515,9.661106509741515,9.640157808335394,9.647775650024414,6000,0.0,0.0,0.0
2009-11-23 00:00:00-05:00,9.771560106267946,9.809647850343431,9.758229250546096,9.77346420288086,28400,0.0,0.0,0.0
2009-11-24 00:00:00-05:00,9.712524672556302,9.773465945716906,9.70300273483945,9.762039184570312,26000,0.0,0.0,0.0
2009-11-25 00:00:00-05:00,9.796318609548814,9.809649467468262,9.796318609548814,9.809649467468262,3200,0.0,0.0,0.0
2009-11-27 00:00:00-05:00,9.6211158460603,9.706814765930176,9.6211158460603,9.706814765930176,9600,0.0,0.0,0.0
2009-11-30 00:00:00-05:00,9.661106055064666,9.695385614574604,9.624922398460768,9.657297134399414,12400,0.0,0.0,0.0
2009-12-01 00:00:00-05:00,9.693481716566978,9.817268371582031,9.693481716566978,9.817268371582031,16400,0.0,0.0,0.0
2009-12-02 00:00:00-05:00,9.859167188583651,9.859167188583651,9.807747840881348,9.807747840881348,4800,0.0,0.0,0.0
2009-12-03 00:00:00-05:00,9.817267308130022,9.817267308130022,9.792509689217933,9.809649467468262,8800,0.0,0.0,0.0
2009-12-04 00:00:00-05:00,9.868691863562251,9.878213806188064,9.739191409713767,9.781088829040527,14800,0.0,0.0,0.0
2009-12-07 00:00:00-05:00,9.796317392217261,9.796317392217261,9.760133743286133,9.760133743286133,4000,0.0,0.0,0.0
2009-12-08 00:00:00-05:00,9.695384202690843,9.695384202690843,9.666817665100098,9.666817665100098,2800,0.0,0.0,0.0
2009-12-09 00:00:00-05:00,9.649677887841097,9.676340328615165,9.649677887841097,9.666817665100098,9200,0.0,0.0,0.0
2009-12-10 00:00:00-05:00,9.763946088925769,9.781085871059908,9.750615227985598,9.758233070373535,10800,0.0,0.0,0.0
2009-12-11 00:00:00-05:00,9.798224394642713,9.798224394642713,9.790606553233264,9.794415473937988,16800,0.0,0.0,0.0
2009-12-14 00:00:00-05:00,9.866783142089844,9.866783142089844,9.866783142089844,9.866783142089844,400,0.0,0.0,0.0
2009-12-15 00:00:00-05:00,9.82869595834185,9.864879618724341,9.82869595834185,9.849644660949707,8000,0.0,0.0,0.0
2009-12-16 00:00:00-05:00,9.885828321332198,9.89535026075102,9.836313800467872,9.849644660949707,16400,0.0,0.0,0.0
2009-12-17 00:00:00-05:00,9.798223683012251,9.798223683012251,9.754422187805176,9.754422187805176,3200,0.0,0.0,0.0
2009-12-18 00:00:00-05:00,9.776384235285738,9.79166316986084,9.755376793054522,9.79166316986084,32000,0.03625,0.0,0.0
2009-12-21 00:00:00-05:00,9.820312393642405,9.896705627441406,9.820312393642405,9.896705627441406,3200,0.0,0.0,0.0
2009-12-22 00:00:00-05:00,9.923443109509384,9.929173075634951,9.906254668212434,9.919623374938965,6000,0.0,0.0,0.0
2009-12-23 00:00:00-05:00,9.938721579079937,9.95591001956628,9.932991613224596,9.950180053710938,7600,0.0,0.0,0.0
2009-12-24 00:00:00-05:00,9.950180053710938,9.950180053710938,9.950180053710938,9.950180053710938,0,0.0,0.0,0.0
2009-12-28 00:00:00-05:00,10.026575212777447,10.026575212777447,10.009386768985372,10.011296272277832,4400,0.0,0.0,0.0
2009-12-29 00:00:00-05:00,10.030391910817324,10.030391910817324,10.001744270324707,10.001744270324707,2800,0.0,0.0,0.0
2009-12-30 00:00:00-05:00,9.980733966657343,9.980733966657343,9.967365264892578,9.967365264892578,4400,0.0,0.0,0.0
2009-12-31 00:00:00-05:00,9.96736887311641,9.96736887311641,9.898615837097168,9.898615837097168,2800,0.0,0.0,0.0
2010-01-04 00:00:00-05:00,9.990290287466923,10.066682815551758,9.990290287466923,10.066682815551758,28000,0.0,0.0,0.0
2010-01-05 00:00:00-05:00,10.066679269557035,10.066679269557035,10.057130297977574,10.062859535217285,2400,0.0,0.0,0.0
2010-01-06 00:00:00-05:00,10.070496954996315,10.116333029207883,10.070496954996315,10.114422798156738,7600,0.0,0.0,0.0
2010-01-07 00:00:00-05:00,10.07623118797682,10.112518310546875,10.07623118797682,10.112518310546875,3200,0.0,0.0,0.0
2010-01-08 00:00:00-05:00,10.12206541009895,10.171720504760742,10.102967464892085,10.171720504760742,3200,0.0,0.0,0.0
2010-01-11 00:00:00-05:00,10.219464946094252,10.227104414733123,10.164080619812012,10.164080619812012,6000,0.0,0.0,0.0
2010-01-12 00:00:00-05:00,10.11251681836054,10.127795029393468,10.11251681836054,10.120156288146973,4400,0.0,0.0,0.0
2010-01-13 00:00:00-05:00,10.123976006820413,10.183180809020996,10.123976006820413,10.183180809020996,5600,0.0,0.0,0.0
2010-01-14 00:00:00-05:00,10.194640014506913,10.194640014506913,10.160263126589154,10.183180809020996,3600,0.0,0.0,0.0
2010-01-15 00:00:00-05:00,10.18890788096072,10.18890788096072,10.066679295927823,10.089597702026367,13600,0.0,0.0,0.0
2010-01-19 00:00:00-05:00,10.095325717702876,10.190816879272461,10.095325717702876,10.190816879272461,10000,0.0,0.0,0.0
2010-01-20 00:00:00-05:00,10.133526221011442,10.133526221011442,10.047583996874645,10.116337776184082,10800,0.0,0.0,0.0
2010-01-21 00:00:00-05:00,10.106785521013242,10.106785521013242,9.927262375909095,9.950180053710938,17600,0.0,0.0,0.0
2010-01-22 00:00:00-05:00,9.911984142106816,9.913893645027262,9.730550765991211,9.730550765991211,11600,0.0,0.0,0.0
2010-01-25 00:00:00-05:00,9.797390613215658,9.797390613215658,9.759194012307264,9.776382446289062,82400,0.0,0.0,0.0
2010-01-26 00:00:00-05:00,9.726733229938889,9.80885571633542,9.711454288962788,9.724822998046875,72400,0.0,0.0,0.0
2010-01-27 00:00:00-05:00,9.692354032906165,9.709542473140598,9.682805061340332,9.682805061340332,3200,0.0,0.0,0.0
2010-01-28 00:00:00-05:00,9.799306183712545,9.80312591873876,9.610233306884766,9.610233306884766,55200,0.0,0.0,0.0
2010-01-29 00:00:00-05:00,9.719091600370287,9.719091600370287,9.568215370178223,9.568215370178223,8000,0.0,0.0,0.0
2010-02-01 00:00:00-05:00,9.631239059038744,9.678984642028809,9.631239059038744,9.678984642028809,5600,0.0,0.0,0.0
2010-02-02 00:00:00-05:00,9.696174581112798,9.795485496520996,9.69235484645788,9.795485496520996,3200,0.0,0.0,0.0
2010-02-03 00:00:00-05:00,9.766836068366828,9.805032679404984,9.76110683170002,9.780204772949219,6400,0.0,0.0,0.0
2010-02-04 00:00:00-05:00,9.673253546010862,9.673253546010862,9.51664812218608,9.541475296020508,10000,0.0,0.0,0.0
2010-02-05 00:00:00-05:00,9.480362967455854,9.480362967455854,9.342855453491211,9.342855453491211,8000,0.0,0.0,0.0
2010-02-08 00:00:00-05:00,9.482274446706855,9.53002003661265,9.459356039003357,9.463175773620605,8000,0.0,0.0,0.0
2010-02-09 00:00:00-05:00,9.51665087633781,9.55484676361084,9.509011407467263,9.55484676361084,12400,0.0,0.0,0.0
2010-02-10 00:00:00-05:00,9.503283520584034,9.55484885393143,9.45553792250756,9.530021667480469,14800,0.0,0.0,0.0
2010-02-11 00:00:00-05:00,9.466988985850614,9.612135887145996,9.466988985850614,9.612135887145996,15600,0.0,0.0,0.0
2010-02-12 00:00:00-05:00,9.516647284625519,9.598768994100565,9.489909153669942,9.591130256652832,36400,0.0,0.0,0.0
2010-02-16 00:00:00-05:00,9.70190541753863,9.724823100704702,9.669438760431696,9.711454391479492,4000,0.0,0.0,0.0
2010-02-17 00:00:00-05:00,9.80884926197618,9.820307731628418,9.80312002715006,9.820307731628418,4800,0.0,0.0,0.0
2010-02-18 00:00:00-05:00,9.818401824622281,9.848958969116211,9.814582090493065,9.848958969116211,21600,0.0,0.0,0.0
2010-02-19 00:00:00-05:00,9.845140739122296,9.931082948810367,9.835591766610268,9.902435302734375,6800,0.0,0.0,0.0
2010-02-22 00:00:00-05:00,9.938721978884844,9.938721978884844,9.887156655351498,9.896705627441406,3200,0.0,0.0,0.0
2010-02-23 00:00:00-05:00,9.879515128565254,9.879515128565254,9.759196065380749,9.787843704223633,12000,0.0,0.0,0.0
2010-02-24 00:00:00-05:00,9.837500281733869,9.869967659262011,9.829861541615331,9.843230247497559,6400,0.0,0.0,0.0
2010-02-25 00:00:00-05:00,9.713360724219948,9.850868225097656,9.713360724219948,9.850868225097656,5200,0.0,0.0,0.0
2010-02-26 00:00:00-05:00,9.835590778839192,9.843230247497559,9.822222072956967,9.843230247497559,3600,0.0,0.0,0.0
2010-03-01 00:00:00-05:00,9.898615460791753,9.95399978810122,9.898615460791753,9.950180053710938,5600,0.0,0.0,0.0
2010-03-02 00:00:00-05:00,10.028481193807607,10.038030892535755,10.028481193807607,10.034211158752441,4800,0.0,0.0,0.0
2010-03-03 00:00:00-05:00,10.057129987094166,10.057129987094166,10.007474899291992,10.007474899291992,2000,0.0,0.0,0.0
2010-03-04 00:00:00-05:00,10.047582626342773,10.047582626342773,10.047582626342773,10.047582626342773,800,0.0,0.0,0.0
2010-03-05 00:00:00-05:00,10.144983953711474,10.150713920593262,10.144983953711474,10.150713920593262,4800,0.0,0.0,0.0
2010-03-08 00:00:00-05:00,10.183178632963843,10.192727604558245,10.17362966136944,10.18699836730957,24400,0.0,0.0,0.0
2010-03-09 00:00:00-05:00,10.17363017661256,10.236653975159326,10.17363017661256,10.181269645690918,19600,0.0,0.0,0.0
2010-03-10 00:00:00-05:00,10.246202222124767,10.248111724853516,10.208005610691897,10.248111724853516,17600,0.0,0.0,0.0
2010-03-11 00:00:00-05:00,10.225193247027123,10.259570121765137,10.217553779632073,10.259570121765137,15200,0.0,0.0,0.0
2010-03-12 00:00:00-05:00,10.269120364442795,10.290128538112976,10.267210133087433,10.280579566955566,9200,0.0,0.0,0.0
2010-03-15 00:00:00-04:00,10.230924187219848,10.286309242248535,10.227104452886163,10.286309242248535,3600,0.0,0.0,0.0
2010-03-16 00:00:00-04:00,10.322594812756972,10.337873748888574,10.322594812756972,10.332143783569336,8400,0.0,0.0,0.0
2010-03-17 00:00:00-04:00,10.435273609427986,10.454372278114763,10.433364106829167,10.44100284576416,15200,0.0,0.0,0.0
2010-03-18 00:00:00-04:00,10.406625940576939,10.414264678955078,10.406625940576939,10.414264678955078,5200,0.0,0.0,0.0
2010-03-19 00:00:00-04:00,10.37132453918457,10.4614268558428,10.346403213076858,10.37132453918457,6400,0.0515,0.0,0.0
2010-03-22 00:00:00-04:00,10.375159020071948,10.43650506193633,10.375159020071948,10.419251441955566,15200,0.0,0.0,0.0
2010-03-23 00:00:00-04:00,10.415417685002103,10.476763725280762,10.415417685002103,10.476763725280762,10400,0.0,0.0,0.0
2010-03-24 00:00:00-04:00,10.44417101079046,10.490180896874264,10.436502574559439,10.451839447021484,28400,0.0,0.0,0.0
2010-03-25 00:00:00-04:00,10.505516863919258,10.555360967292474,10.501682645867293,10.503600120544434,30800,0.0,0.0,0.0
2010-03-26 00:00:00-04:00,10.476764162379919,10.476764162379919,10.41158390045166,10.41158390045166,6400,0.0,0.0,0.0
2010-03-29 00:00:00-04:00,10.48059920632458,10.492101865303074,10.469097278648713,10.471014022827148,36800,0.0,0.0,0.0
2010-03-30 00:00:00-04:00,10.480598308345265,10.484432527676246,10.476764820316845,10.478681564331055,23600,0.0,0.0,0.0
2010-03-31 00:00:00-04:00,10.461428839329717,10.505521268460003,10.426921593696862,10.471014022827148,35200,0.0,0.0,0.0
2010-04-01 00:00:00-04:00,10.517023083019875,10.517023083019875,10.486350059509277,10.486350059509277,16400,0.0,0.0,0.0
2010-04-05 00:00:00-04:00,10.545777894555975,10.620544069736622,10.545777894555975,10.618626594543457,36800,0.0,0.0,0.0
2010-04-06 00:00:00-04:00,10.599457938462807,10.655053027183172,10.591789499059454,10.639716148376465,13200,0.0,0.0,0.0
2010-04-07 00:00:00-04:00,10.612874969573538,10.632045332494322,10.551528930664062,10.551528930664062,68400,0.0,0.0,0.0
2010-04-08 00:00:00-04:00,10.536193462490537,10.61287638702032,10.534276718463447,10.609042167663574,81200,0.0,0.0,0.0
2010-04-09 00:00:00-04:00,10.63396149998978,10.685722351074219,10.624375588405625,10.685722351074219,52400,0.0,0.0,0.0
2010-04-12 00:00:00-04:00,10.691477215446945,10.725984462098625,10.691477215446945,10.710647583007812,25600,0.0,0.0,0.0
2010-04-13 00:00:00-04:00,10.70681336323511,10.720232766788246,10.655053224560236,10.710647583007812,50400,0.0,0.0,0.0
2010-04-14 00:00:00-04:00,10.758569543515387,10.810330390930176,10.756652800115873,10.810330390930176,48000,0.0,0.0,0.0
2010-04-15 00:00:00-04:00,10.829505864538344,10.846759487326452,10.81800320557873,10.821837425231934,19200,0.0,0.0,0.0
2010-04-16 00:00:00-04:00,10.821836706735201,10.823753450783233,10.624378429869488,10.655052185058594,73200,0.0,0.0,0.0
2010-04-19 00:00:00-04:00,10.63396149998978,10.695307531355994,10.609039446215261,10.685722351074219,21600,0.0,0.0,0.0
2010-04-20 00:00:00-04:00,10.741320469998604,10.800749778747559,10.741320469998604,10.800749778747559,14800,0.0,0.0,0.0
2010-04-21 00:00:00-04:00,10.795000921495935,10.802668631135214,10.739405821620174,10.779664039611816,26000,0.0,0.0,0.0
2010-04-22 00:00:00-04:00,10.683803662175906,10.783491134643555,10.683803662175906,10.783491134643555,34800,0.0,0.0,0.0
2010-04-23 00:00:00-04:00,10.806495755206655,10.875510215759277,10.804579011881215,10.875510215759277,38800,0.0,0.0,0.0
2010-04-26 00:00:00-04:00,10.896603838881937,10.919608427522455,10.852511405944824,10.852511405944824,47600,0.0,0.0,0.0
2010-04-27 00:00:00-04:00,10.821835928754487,10.835255330033714,10.595622119615335,10.603290557861328,86800,0.0,0.0,0.0
2010-04-28 00:00:00-04:00,10.656964302062988,10.681886351682188,10.599452498659053,10.656964302062988,109200,0.0,0.0,0.0
2010-04-29 00:00:00-04:00,10.77199070064177,10.825669031525848,10.77199070064177,10.808415412902832,44400,0.0,0.0,0.0
2010-04-30 00:00:00-04:00,10.791159759496265,10.794993977500893,10.63971143917385,10.647379875183105,54400,0.0,0.0,0.0
2010-05-03 00:00:00-04:00,10.676141281860646,10.78158050669131,10.676141281860646,10.771994590759277,14400,0.0,0.0,0.0
2010-05-04 00:00:00-04:00,10.599456465161651,10.599456465161651,10.501685704615396,10.513188362121582,31600,0.0,0.0,0.0
2010-05-05 00:00:00-04:00,10.425003561852037,10.515105153161958,10.384744626051292,10.459510803222656,40800,0.0,0.0,0.0
2010-05-06 00:00:00-04:00,10.421169720468189,14.37799338225687,4.79266446075229,10.097185134887695,121600,0.0,0.0,0.0
2010-05-07 00:00:00-04:00,10.056922975721344,10.131688394911631,9.869050690465622,9.905474662780762,93600,0.0,0.0,0.0
2010-05-10 00:00:00-04:00,10.30231293787628,10.43267275221872,10.277390875275788,10.388580322265625,56400,0.0,0.0,0.0
2010-05-11 00:00:00-04:00,10.334903462217598,10.478683421753903,10.315733093467166,10.378995895385742,113200,0.0,0.0,0.0
2010-05-12 00:00:00-04:00,10.371323238989381,10.505517959594727,10.371323238989381,10.505517959594727,24800,0.0,0.0,0.0
2010-05-13 00:00:00-04:00,10.47868019700783,10.492099597263936,10.369407519892412,10.398163795471191,36400,0.0,0.0,0.0
2010-05-14 00:00:00-04:00,10.229461795982882,10.229461795982882,10.104852243879186,10.170032501220703,27600,0.0,0.0,0.0
2010-05-17 00:00:00-04:00,10.16428375134072,10.17386893482707,10.010918621651273,10.133610725402832,40000,0.0,0.0,0.0
2010-05-18 00:00:00-04:00,10.279305546181252,10.30231085992743,10.03583812713623,10.03583812713623,61200,0.0,0.0,0.0
2010-05-19 00:00:00-04:00,10.053090840072613,10.060759277296363,9.936150463271336,10.012832641601562,58000,0.0,0.0,0.0
2010-05-20 00:00:00-04:00,9.782786291254473,9.782786291254473,9.621752738952637,9.621752738952637,152000,0.0,0.0,0.0
2010-05-21 00:00:00-04:00,9.497143833698885,9.761698378785946,9.497143833698885,9.719523429870605,151200,0.0,0.0,0.0
2010-05-24 00:00:00-04:00,9.731026195075264,9.773201878928715,9.642841339111328,9.642841339111328,99600,0.0,0.0,0.0
2010-05-25 00:00:00-04:00,9.372535512203909,9.6083345413208,9.372535512203909,9.6083345413208,70800,0.0,0.0,0.0
2010-05-26 00:00:00-04:00,9.725277471813389,9.778955095408948,9.583414971938613,9.606419563293457,122000,0.0,0.0,0.0
2010-05-27 00:00:00-04:00,9.76169820500253,9.863303184509277,9.740611096571536,9.863303184509277,12800,0.0,0.0,0.0
2010-05-28 00:00:00-04:00,9.86713798738694,9.901645230573612,9.800040245056152,9.800040245056152,29200,0.0,0.0,0.0
2010-06-01 00:00:00-04:00,9.719522287102672,9.83071170646422,9.635170936584473,9.635170936584473,101600,0.0,0.0,0.0
2010-06-02 00:00:00-04:00,9.656262627141253,9.826881408691406,9.656262627141253,9.826881408691406,8800,0.0,0.0,0.0
2010-06-03 00:00:00-04:00,9.892060139360174,9.930401605124116,9.85755289330289,9.920816421508789,26400,0.0,0.0,0.0
2010-06-04 00:00:00-04:00,9.754029246052028,9.780868045430829,9.550820044422998,9.556571006774902,16800,0.0,0.0,0.0
2010-06-07 00:00:00-04:00,9.556571994210696,9.623669730893027,9.441548347473145,9.441548347473145,53200,0.0,0.0,0.0
2010-06-08 00:00:00-04:00,9.491389885995657,9.491389885995657,9.380200479956875,9.479887962341309,21600,0.0,0.0,0.0
2010-06-09 00:00:00-04:00,9.594912947342399,9.667761643127454,9.46838665008545,9.46838665008545,62000,0.0,0.0,0.0
2010-06-10 00:00:00-04:00,9.665845488491886,9.769367218017578,9.648592598206843,9.769367218017578,27200,0.0,0.0,0.0
2010-06-11 00:00:00-04:00,9.711854117641,9.819210052490234,9.704185679872667,9.819210052490234,18000,0.0,0.0,0.0
2010-06-14 00:00:00-04:00,9.888223770557854,9.9131450944377,9.824960260780351,9.828794479370117,34400,0.0,0.0,0.0
2010-06-15 00:00:00-04:00,9.991748809814453,9.991748809814453,9.991748809814453,9.991748809814453,4000,0.0,0.0,0.0
2010-06-16 00:00:00-04:00,9.995578130007244,10.055007416225362,9.995578130007244,10.020500183105469,18400,0.0,0.0,0.0
2010-06-17 00:00:00-04:00,10.022414898468924,10.028166590359909,9.96490309867455,10.00516128540039,15200,0.0,0.0,0.0
2010-06-18 00:00:00-04:00,10.048107752785272,10.065438745994955,10.017297179810503,10.046181678771973,203600,0.05825,0.0,0.0
2010-06-21 00:00:00-04:00,10.146316665979551,10.163647659943182,9.97685887453742,10.007669448852539,9200,0.0,0.0,0.0
2010-06-22 00:00:00-04:00,10.026925831163014,10.026925831163014,9.886352539254311,9.894055366516113,12000,0.0,0.0,0.0
2010-06-23 00:00:00-04:00,9.822802760536685,9.836283072028571,9.772735865525375,9.81510066986084,22800,0.0,0.0,0.0
2010-06-24 00:00:00-04:00,9.72652323683256,9.743854232765129,9.666828155517578,9.666828155517578,170000,0.0,0.0,0.0
2010-06-25 00:00:00-04:00,9.651418484728532,9.728445264518253,9.620607919729007,9.705337524414062,18800,0.0,0.0,0.0
2010-06-28 00:00:00-04:00,9.697637079476541,9.716893411858882,9.653346927331564,9.678380012512207,12800,0.0,0.0,0.0
2010-06-29 00:00:00-04:00,9.491591059827703,9.491591059827703,9.38567976454608,9.424192428588867,16000,0.0,0.0,0.0
2010-06-30 00:00:00-04:00,9.36450027598075,9.401087612052574,9.31058120727539,9.31058120727539,23600,0.0,0.0,0.0
2010-07-01 00:00:00-04:00,9.273991673988286,9.273991673988286,9.14689796325061,9.241255760192871,31200,0.0,0.0,0.0
2010-07-02 00:00:00-04:00,9.25473403930664,9.25473403930664,9.25473403930664,9.25473403930664,1200,0.0,0.0,0.0
2010-07-06 00:00:00-04:00,9.335611110390841,9.370273091924252,9.2065920838024,9.210443496704102,18800,0.0,0.0,0.0
2010-07-07 00:00:00-04:00,9.354868979005284,9.455002784729004,9.337537986748877,9.455002784729004,11200,0.0,0.0,0.0
2010-07-08 00:00:00-04:00,9.6090585073779,9.626389503479004,9.551288030652811,9.626389503479004,9600,0.0,0.0,0.0
2010-07-09 00:00:00-04:00,9.620610972160916,9.651421546936035,9.620610972160916,9.651421546936035,11600,0.0,0.0,0.0
2010-07-12 00:00:00-04:00,9.674530286814319,9.69378662109375,9.647570390408223,9.69378662109375,3200,0.0,0.0,0.0
2010-07-13 00:00:00-04:00,9.820878554815462,9.882499694824219,9.805472902522306,9.882499694824219,18800,0.0,0.0,0.0
2010-07-14 00:00:00-04:00,9.842065082334178,9.842065082334178,9.795848840676353,9.818957328796387,8000,0.0,0.0,0.0
2010-07-15 00:00:00-04:00,9.724599505428518,9.818957328796387,9.724599505428518,9.818957328796387,2400,0.0,0.0,0.0
2010-07-16 00:00:00-04:00,9.74192718669706,9.74192718669706,9.607130656896304,9.612907409667969,17600,0.0,0.0,0.0
2010-07-19 00:00:00-04:00,9.578245898458329,9.599427569573459,9.545509252949545,9.58594799041748,4400,0.0,0.0,0.0
2010-07-20 00:00:00-04:00,9.582101141255551,9.755411148071289,9.582101141255551,9.755411148071289,4000,0.0,0.0,0.0
2010-07-21 00:00:00-04:00,9.639867652766002,9.641792992232359,9.61483383221126,9.622536659240723,8000,0.0,0.0,0.0
2010-07-22 00:00:00-04:00,9.780442144880961,9.870947802585707,9.780442144880961,9.820880889892578,19600,0.0,0.0,0.0
2010-07-23 00:00:00-04:00,9.805475176350116,9.919089317321777,9.805475176350116,9.919089317321777,3200,0.0,0.0,0.0
2010-07-26 00:00:00-04:00,9.928714129935962,10.028848648071289,9.928714129935962,10.028848648071289,5600,0.0,0.0,0.0
2010-07-27 00:00:00-04:00,10.057734833567267,10.07314048568291,9.998039033492036,10.036552429199219,10800,0.0,0.0,0.0
2010-07-28 00:00:00-04:00,9.982637279921189,9.990340108420394,9.957603454589844,9.957603454589844,12800,0.0,0.0,0.0
2010-07-29 00:00:00-04:00,10.028850851466292,10.028850851466292,9.869020508197604,9.926790237426758,25600,0.0,0.0,0.0
2010-07-30 00:00:00-04:00,9.834358995828104,9.92293930053711,9.834358995828104,9.92293930053711,9200,0.0,0.0,0.0
2010-08-02 00:00:00-04:00,10.098176256646488,10.142466416396177,10.098176256646488,10.140541076660156,2800,0.0,0.0,0.0
2010-08-03 00:00:00-04:00,10.065436017244878,10.080840932264971,10.055807853534594,10.071212768554688,3200,0.0,0.0,0.0
2010-08-04 00:00:00-04:00,10.123206140953917,10.134760378619722,10.10394981275941,10.130908966064453,6400,0.0,0.0,0.0
2010-08-05 00:00:00-04:00,10.100098400204141,10.130908966064453,10.100098400204141,10.130908966064453,7600,0.0,0.0,0.0
2010-08-06 00:00:00-04:00,10.103949276686425,10.103949276686425,10.01921967412959,10.069287300109863,2800,0.0,0.0,0.0
2010-08-09 00:00:00-04:00,10.132836819342694,10.144391059875488,10.132836819342694,10.144391059875488,5200,0.0,0.0,0.0
2010-08-10 00:00:00-04:00,10.046182887834204,10.142466031790823,10.046182887834204,10.096250534057617,10000,0.0,0.0,0.0
2010-08-11 00:00:00-04:00,9.911385487532867,9.911385487532867,9.82280445098877,9.82280445098877,13200,0.0,0.0,0.0
2010-08-12 00:00:00-04:00,9.741924421263477,9.778511736067983,9.730370184418051,9.759255409240723,61200,0.0,0.0,0.0
2010-08-13 00:00:00-04:00,9.776590696124556,9.784293524075215,9.75348294685468,9.763111114501953,22000,0.0,0.0,0.0
2010-08-16 00:00:00-04:00,9.659124413746456,9.75540755213491,9.659124413746456,9.724596977233887,19200,0.0,0.0,0.0
2010-08-17 00:00:00-04:00,9.892128683655868,9.92101391681903,9.857466697692871,9.857466697692871,10400,0.0,0.0,0.0
2010-08-18 00:00:00-04:00,9.8189539476124,9.905608177185059,9.813176460280763,9.905608177185059,21200,0.0,0.0,0.0
2010-08-19 00:00:00-04:00,9.801625095401281,9.801625095401281,9.676456704888274,9.711118698120117,10000,0.0,0.0,0.0
2010-08-20 00:00:00-04:00,9.67838070838461,9.67838070838461,9.674530029296875,9.674530029296875,6000,0.0,0.0,0.0
2010-08-23 00:00:00-04:00,9.69186019897461,9.69186019897461,9.69186019897461,9.69186019897461,400,0.0,0.0,0.0
2010-08-24 00:00:00-04:00,9.520475259491095,9.541657664799965,9.474259770255337,9.526252746582031,8800,0.0,0.0,0.0
2010-08-25 00:00:00-04:00,9.42997090880856,9.505071640014648,9.395308919854664,9.505071640014648,17200,0.0,0.0,0.0
2010-08-26 00:00:00-04:00,9.568619668100235,9.568619668100235,9.460783004760742,9.460783004760742,8400,0.0,0.0,0.0
2010-08-27 00:00:00-04:00,9.48581499163454,9.5994291305542,9.403012163889652,9.5994291305542,9200,0.0,0.0,0.0
2010-08-30 00:00:00-04:00,9.560910750432424,9.560910750432424,9.485809326171875,9.485809326171875,3200,0.0,0.0,0.0
2010-08-31 00:00:00-04:00,9.43189504089934,9.51662392828286,9.43189504089934,9.462705612182617,20400,0.0,0.0,0.0
2010-09-01 00:00:00-04:00,9.636015379462258,9.74577808380127,9.636015379462258,9.74577808380127,23600,0.0,0.0,0.0
2010-09-02 00:00:00-04:00,9.807400009730049,9.842061996459961,9.807400009730049,9.842061996459961,3200,0.0,0.0,0.0
2010-09-03 00:00:00-04:00,9.982638232422996,9.982638232422996,9.913314238479842,9.973010063171387,4000,0.0,0.0,0.0
2010-09-07 00:00:00-04:00,9.926792237888304,9.926792237888304,9.886353492736816,9.886353492736816,3200,0.0,0.0,0.0
2010-09-08 00:00:00-04:00,9.938341961860738,9.961449700787787,9.921010974020009,9.92871379852295,3200,0.0,0.0,0.0
2010-09-09 00:00:00-04:00,10.036552382673607,10.036552382673607,9.95567491318717,9.99418830871582,8400,0.0,0.0,0.0
2010-09-10 00:00:00-04:00,10.007670531248387,10.023075452781073,10.007670531248387,10.00959587097168,4800,0.0,0.0,0.0
2010-09-13 00:00:00-04:00,10.109731577698586,10.142467498779297,10.109731577698586,10.142467498779297,2000,0.0,0.0,0.0
2010-09-14 00:00:00-04:00,10.132837424257174,10.180978994144766,10.100101509333001,10.173276901245117,9200,0.0,0.0,0.0
2010-09-15 00:00:00-04:00,10.134764194210062,10.138615608215332,10.134764194210062,10.138615608215332,2400,0.0,0.0,0.0
2010-09-16 00:00:00-04:00,10.132841232525145,10.150172233581543,10.128989817336796,10.150172233581543,9600,0.0,0.0,0.0
2010-09-17 00:00:00-04:00,10.218291829112983,10.218291829112983,10.154427888149105,10.185392379760742,26400,0.0655,0.0,0.0
2010-09-20 00:00:00-04:00,10.287957191467285,10.287957191467285,10.287957191467285,10.287957191467285,400,0.0,0.0,0.0
2010-09-21 00:00:00-04:00,10.299576827382712,10.338281898529182,10.262805976240893,10.315058708190918,7600,0.0,0.0,0.0
2010-09-22 00:00:00-04:00,10.286026307522365,10.320861449972899,10.260867429474388,10.264738082885742,10000,0.0,0.0,0.0
2010-09-23 00:00:00-04:00,10.272477691584541,10.274412648844528,10.177648544311523,10.177648544311523,3200,0.0,0.0,0.0
2010-09-24 00:00:00-04:00,10.347954209755525,10.380853652954102,10.34601851412527,10.380853652954102,2800,0.0,0.0,0.0
2010-09-27 00:00:00-04:00,10.382790970941201,10.390531539916992,10.355696395645015,10.390531539916992,10800,0.0,0.0,0.0
2010-09-28 00:00:00-04:00,10.258931605170186,10.355695724487305,10.258931605170186,10.355695724487305,6400,0.0,0.0,0.0
2010-09-29 00:00:00-04:00,10.353758840491533,10.367305755615234,10.342146882563432,10.367305755615234,5600,0.0,0.0,0.0
2010-09-30 00:00:00-04:00,10.45052719116211,10.45052719116211,10.45052719116211,10.45052719116211,1600,0.0,0.0,0.0
2010-10-01 00:00:00-04:00,10.407945242653996,10.407945242653996,10.361498893060013,10.388592720031738,2800,0.0,0.0,0.0
2010-10-04 00:00:00-04:00,10.376985717687683,10.376985717687683,10.262804007900339,10.299574851989746,4000,0.0,0.0,0.0
2010-10-05 00:00:00-04:00,10.419560283400735,10.522130012512207,10.419560283400735,10.522130012512207,12400,0.0,0.0,0.0
2010-10-06 00:00:00-04:00,10.498906129193761,10.512453045784207,10.473747253417969,10.473747253417969,5600,0.0,0.0,0.0
2010-10-07 00:00:00-04:00,10.483424782310205,10.483424782310205,10.477619171142578,10.477619171142578,1600,0.0,0.0,0.0
2010-10-08 00:00:00-04:00,10.506645303574746,10.572444915771484,10.506645303574746,10.572444915771484,2000,0.0,0.0,0.0
2010-10-11 00:00:00-04:00,10.564705233940767,10.582122802734375,10.555028970889108,10.582122802734375,3600,0.0,0.0,0.0
2010-10-12 00:00:00-04:00,10.48342138991606,10.572444915771484,10.48342138991606,10.572444915771484,4400,0.0,0.0,0.0
2010-10-13 00:00:00-04:00,10.682757481207862,10.711786270141602,10.680821785661353,10.711786270141602,2400,0.0,0.0,0.0
2010-10-14 00:00:00-04:00,10.655664411093433,10.675016938432321,10.616958618164062,10.616958618164062,10400,0.0,0.0,0.0
2010-10-15 00:00:00-04:00,10.645987442018829,10.655664443969727,10.645987442018829,10.655664443969727,800,0.0,0.0,0.0
2010-10-18 00:00:00-04:00,10.694368957138021,10.696304652730804,10.684692693928788,10.688563346862793,2800,0.0,0.0,0.0
2010-10-19 00:00:00-04:00,10.601471127536948,10.634371294776308,10.551154136657715,10.551154136657715,4800,0.0,0.0,0.0
2010-10-20 00:00:00-04:00,10.626632742164391,10.696303007758853,10.626632742164391,10.690497398376465,2800,0.0,0.0,0.0
2010-10-21 00:00:00-04:00,10.7098517712582,10.752428216085264,10.638246536254883,10.638246536254883,2800,0.0,0.0,0.0
2010-10-22 00:00:00-04:00,10.698241164247648,10.707918167114258,10.698241164247648,10.707918167114258,2000,0.0,0.0,0.0
2010-10-25 00:00:00-04:00,10.754364013671875,10.78145784858711,10.754364013671875,10.754364013671875,12800,0.0,0.0,0.0
2010-10-26 00:00:00-04:00,10.75048828125,10.75048828125,10.75048828125,10.75048828125,1200,0.0,0.0,0.0
2010-10-27 00:00:00-04:00,10.69243757494139,10.73114337897163,10.640184850238336,10.725337028503418,29600,0.0,0.0,0.0
2010-10-28 00:00:00-04:00,10.80661377257291,10.80661377257291,10.682755853523593,10.738879203796387,13600,0.0,0.0,0.0
2010-10-29 00:00:00-04:00,10.721462996449814,10.746621131896973,10.711785995468496,10.746621131896973,2000,0.0,0.0,0.0
2010-11-01 00:00:00-04:00,10.814356447508578,10.814356447508578,10.725332910940512,10.746621131896973,12000,0.0,0.0,0.0
2010-11-02 00:00:00-04:00,10.825963299536166,10.825963299536166,10.81628704071045,10.81628704071045,2800,0.0,0.0,0.0
2010-11-03 00:00:00-04:00,10.827907299594173,10.827907299594173,10.800813458799855,10.825971603393555,2800,0.0,0.0,0.0
2010-11-04 00:00:00-04:00,10.965310486624158,11.034980773925781,10.965310486624158,11.034980773925781,7200,0.0,0.0,0.0
2010-11-05 00:00:00-04:00,11.118196819282096,11.118196819282096,11.085296636711066,11.110455513000488,5600,0.0,0.0,0.0
2010-11-08 00:00:00-05:00,11.085296636711066,11.110455513000488,11.085296636711066,11.110455513000488,1200,0.0,0.0,0.0
2010-11-09 00:00:00-05:00,11.154966501613556,11.154966501613556,11.073685003436347,11.077555656433105,6800,0.0,0.0,0.0
2010-11-10 00:00:00-05:00,10.961435989938327,10.971112251281738,10.961435989938327,10.971112251281738,6800,0.0,0.0,0.0
2010-11-11 00:00:00-05:00,10.95369849749064,10.996274948120117,10.95369849749064,10.996274948120117,3200,0.0,0.0,0.0
2010-11-12 00:00:00-05:00,10.882091833237338,10.905315013164266,10.882091833237338,10.88596248626709,3600,0.0,0.0,0.0
2010-11-15 00:00:00-05:00,10.94789214134771,10.94789214134771,10.930474570752828,10.94595718383789,2000,0.0,0.0,0.0
2010-11-16 00:00:00-05:00,10.796941056394804,10.798876014030318,10.70791824012766,10.723400115966797,2400,0.0,0.0,0.0
2010-11-17 00:00:00-05:00,10.74661815851461,10.758230113528471,10.713718726685645,10.717589378356934,39600,0.0,0.0,0.0
2010-11-18 00:00:00-05:00,10.833704102820239,10.911115646362305,10.833704102820239,10.911115646362305,2000,0.0,0.0,0.0
2010-11-19 00:00:00-05:00,10.85886611055876,10.889830589294434,10.835642936069855,10.889830589294434,2400,0.0,0.0,0.0
2010-11-22 00:00:00-05:00,10.90144698133467,10.90144698133467,10.847258567810059,10.847258567810059,1200,0.0,0.0,0.0
2010-11-23 00:00:00-05:00,10.758236527675143,10.758236527675143,10.71953072613688,10.75243091583252,6400,0.0,0.0,0.0
2010-11-24 00:00:00-05:00,10.851128632940846,10.90338134765625,10.851128632940846,10.90338134765625,800,0.0,0.0,0.0
2010-11-26 00:00:00-05:00,10.816293457101159,10.849193642526963,10.816293457101159,10.839516639709473,4800,0.0,0.0,0.0
2010-11-29 00:00:00-05:00,10.742749016186545,10.82983684539795,10.725331450344266,10.82983684539795,32800,0.0,0.0,0.0
2010-11-30 00:00:00-05:00,10.750493028527911,10.791133779646309,10.750493028527911,10.762104988098145,81600,0.0,0.0,0.0
2010-12-01 00:00:00-05:00,10.959507080992651,10.98853588104248,10.930477542690998,10.98853588104248,18000,0.0,0.0,0.0
2010-12-02 00:00:00-05:00,11.011754764707211,11.048524856567383,11.011754764707211,11.048524856567383,3200,0.0,0.0,0.0
2010-12-03 00:00:00-05:00,11.106583021248616,11.16270637512207,11.09690675912424,11.16270637512207,12000,0.0,0.0,0.0
2010-12-06 00:00:00-05:00,11.153029801609538,11.158835411071777,11.13948288736334,11.158835411071777,6000,0.0,0.0,0.0
2010-12-07 00:00:00-05:00,11.26334338503383,11.26334338503383,11.154967308044434,11.154967308044434,25200,0.0,0.0,0.0
2010-12-08 00:00:00-05:00,11.18593153769764,11.18593153769764,11.178190231323242,11.178190231323242,10400,0.0,0.0,0.0
2010-12-09 00:00:00-05:00,11.257535803143137,11.257535803143137,11.20915374986179,11.214960098266602,2000,0.0,0.0,0.0
2010-12-10 00:00:00-05:00,11.26140588784551,11.26140588784551,11.234312057495117,11.234312057495117,8800,0.0,0.0,0.0
2010-12-13 00:00:00-05:00,11.325272560119629,11.325272560119629,11.323336864321483,11.325272560119629,2000,0.0,0.0,0.0
2010-12-14 00:00:00-05:00,11.331076614025527,11.354299792650725,11.305917739868164,11.305917739868164,33200,0.0,0.0,0.0
2010-12-15 00:00:00-05:00,11.300112365280327,11.31559497685416,11.294306755065918,11.294306755065918,8000,0.0,0.0,0.0
2010-12-16 00:00:00-05:00,11.259472929763863,11.325272560119629,11.236249747947603,11.325272560119629,6800,0.0,0.0,0.0
2010-12-17 00:00:00-05:00,11.31574492544844,11.331298828125,11.31574492544844,11.331298828125,3200,0.06775,0.0,0.0
2010-12-20 00:00:00-05:00,11.37018304320258,11.37796036425254,11.37018304320258,11.376015663146973,4400,0.0,0.0,0.0
2010-12-21 00:00:00-05:00,11.418791770935059,11.418791770935059,11.418791770935059,11.418791770935059,800,0.0,0.0,0.0
2010-12-22 00:00:00-05:00,11.453788757324219,11.453788757324219,11.453788757324219,11.453788757324219,800,0.0,0.0,0.0
2010-12-23 00:00:00-05:00,11.459623336791992,11.459623336791992,11.459623336791992,11.459623336791992,3600,0.0,0.0,0.0
2010-12-27 00:00:00-05:00,11.436290740966797,11.436290740966797,11.436290740966797,11.436290740966797,2400,0.0,0.0,0.0
2010-12-28 00:00:00-05:00,11.455734252929688,11.455734252929688,11.455734252929688,11.455734252929688,1600,0.0,0.0,0.0
2010-12-29 00:00:00-05:00,11.502397537231445,11.502397537231445,11.502397537231445,11.502397537231445,800,0.0,0.0,0.0
2010-12-30 00:00:00-05:00,11.477117432251744,11.484894752502441,11.469340853687127,11.484894752502441,4000,0.0,0.0,0.0
2010-12-31 00:00:00-05:00,11.471288681030273,11.471288681030273,11.471288681030273,11.471288681030273,400,0.0,0.0,0.0
2011-01-03 00:00:00-05:00,11.574332760875901,11.624884605407715,11.574332760875901,11.624884605407715,9600,0.0,0.0,0.0
2011-01-04 00:00:00-05:00,11.566561136444806,11.566561136444806,11.529619216918945,11.529619216918945,2400,0.0,0.0,0.0
2011-01-05 00:00:00-05:00,11.601555331627623,11.64627456665039,11.601555331627623,11.64627456665039,6000,0.0,0.0,0.0
2011-01-06 00:00:00-05:00,11.601552378702904,11.619050979614258,11.597664459999164,11.619050979614258,19600,0.0,0.0,0.0
2011-01-07 00:00:00-05:00,11.619050979614258,11.619050979614258,11.619050979614258,11.619050979614258,0,0.0,0.0,0.0
2011-01-10 00:00:00-05:00,11.619050979614258,11.619050979614258,11.619050979614258,11.619050979614258,0,0.0,0.0,0.0
2011-01-11 00:00:00-05:00,11.624886141360257,11.626830101013184,11.624886141360257,11.626830101013184,4400,0.0,0.0,0.0
2011-01-12 00:00:00-05:00,11.69099176827224,11.708490371704102,11.68515840600413,11.708490371704102,3600,0.0,0.0,0.0
2011-01-13 00:00:00-05:00,11.733765555349713,11.733765555349713,11.708490371704102,11.708490371704102,1600,0.0,0.0,0.0
2011-01-14 00:00:00-05:00,11.708489984797946,11.788205677423056,11.708489984797946,11.784317016601562,11600,0.0,0.0,0.0
2011-01-18 00:00:00-05:00,11.799872130462273,11.80959415435791,11.786262187031928,11.80959415435791,12400,0.0,0.0,0.0
2011-01-19 00:00:00-05:00,11.778481213798232,11.778481213798232,11.69876480102539,11.69876480102539,9200,0.0,0.0,0.0
2011-01-20 00:00:00-05:00,11.687104384758218,11.687104384758218,11.685159683227539,11.685159683227539,2000,0.0,0.0,0.0
2011-01-21 00:00:00-05:00,11.696824388854115,11.720155612867849,11.696824388854115,11.708490371704102,10400,0.0,0.0,0.0
2011-01-24 00:00:00-05:00,11.69682502746582,11.69682502746582,11.69682502746582,11.69682502746582,400,0.0,0.0,0.0
2011-01-25 00:00:00-05:00,11.772650457866288,11.772650457866288,11.702656049878032,11.747374534606934,8400,0.0,0.0,0.0
2011-01-26 00:00:00-05:00,11.848475403433433,11.864030043224082,11.842642784354963,11.862085342407227,13600,0.0,0.0,0.0
2011-01-27 00:00:00-05:00,11.852371526544122,11.865981474087784,11.846538903792986,11.86403751373291,10800,0.0,0.0,0.0
2011-01-28 00:00:00-05:00,11.681271770448316,11.681271770448316,11.665717124938965,11.665717124938965,2800,0.0,0.0,0.0
2011-01-31 00:00:00-05:00,11.700712886050146,11.741542712924318,11.692935564259,11.729877471923828,4400,0.0,0.0,0.0
2011-02-01 00:00:00-05:00,11.842642733021268,11.949578285217285,11.842642733021268,11.949578285217285,7600,0.0,0.0,0.0
2011-02-02 00:00:00-05:00,11.891255791356505,11.916531722650891,11.891255791356505,11.914587020874023,4000,0.0,0.0,0.0
2011-02-03 00:00:00-05:00,11.881533782468741,11.881533782468741,11.879589080810547,11.879589080810547,18400,0.0,0.0,0.0
2011-02-04 00:00:00-05:00,11.924309730529785,11.924309730529785,11.924309730529785,11.924309730529785,400,0.0,0.0,0.0
2011-02-07 00:00:00-05:00,12.07012722748167,12.072071187040427,12.029296659885699,12.044851303100586,23200,0.0,0.0,0.0
2011-02-08 00:00:00-05:00,12.058458593736596,12.103177070617676,12.048737314707846,12.103177070617676,32000,0.0,0.0,0.0
2011-02-09 00:00:00-05:00,12.06818449541355,12.077905778165979,12.031243324279785,12.031243324279785,5600,0.0,0.0,0.0
2011-02-10 00:00:00-05:00,12.004023551940918,12.004023551940918,12.004023551940918,12.004023551940918,800,0.0,0.0,0.0
2011-02-11 00:00:00-05:00,12.037076950073242,12.037076950073242,12.037076950073242,12.037076950073242,1200,0.0,0.0,0.0
2011-02-14 00:00:00-05:00,12.149846598827375,12.182899113138298,12.144013235012292,12.165400505065918,22800,0.0,0.0,0.0
2011-02-15 00:00:00-05:00,12.12845516204834,12.145953764109082,12.114845220632892,12.12845516204834,2400,0.0,0.0,0.0
2011-02-16 00:00:00-05:00,12.217893600463867,12.217893600463867,12.217893600463867,12.217893600463867,1200,0.0,0.0,0.0
2011-02-17 00:00:00-05:00,12.227615299099533,12.243169944080517,12.227615299099533,12.241225242614746,12000,0.0,0.0,0.0
2011-02-18 00:00:00-05:00,12.266502430865918,12.272335052490234,12.24317120268228,12.272335052490234,6000,0.0,0.0,0.0
2011-02-22 00:00:00-05:00,12.179008483886719,12.179008483886719,12.179008483886719,12.179008483886719,1200,0.0,0.0,0.0
2011-02-23 00:00:00-05:00,11.98263184247511,12.000130441786107,11.875696287435044,11.961244583129883,985600,0.0,0.0,0.0
2011-02-24 00:00:00-05:00,11.918473243713379,11.918473243713379,11.918473243713379,11.918473243713379,800,0.0,0.0,0.0
2011-02-25 00:00:00-05:00,11.918473243713379,11.918473243713379,11.918473243713379,11.918473243713379,0,0.0,0.0,0.0
2011-02-28 00:00:00-05:00,12.130400188258871,12.14984349319517,12.085681699434748,12.101236343383789,8800,0.0,0.0,0.0
2011-03-01 00:00:00-05:00,12.12845465247623,12.12845465247623,11.94957997873884,11.965134620666504,20000,0.0,0.0,0.0
2011-03-02 00:00:00-05:00,11.930138261751042,12.01179791258805,11.930138261751042,11.972912788391113,10800,0.0,0.0,0.0
2011-03-03 00:00:00-05:00,12.08179623591193,12.157623291015625,12.08179623591193,12.157623291015625,2000,0.0,0.0,0.0
2011-03-04 00:00:00-05:00,12.031238821006621,12.077901257427142,12.015684181075745,12.075957298278809,6000,0.0,0.0,0.0
2011-03-07 00:00:00-05:00,11.984579457814007,11.984579457814007,11.982635498046875,11.982635498046875,1600,0.0,0.0,0.0
2011-03-08 00:00:00-05:00,12.044849234657152,12.105121612548828,12.044849234657152,12.105121612548828,29200,0.0,0.0,0.0
2011-03-09 00:00:00-05:00,12.066239636261908,12.066239636261908,12.017632484436035,12.017632484436035,1600,0.0,0.0,0.0
2011-03-10 00:00:00-05:00,11.900976950188944,11.920420259321347,11.84264850616455,11.84264850616455,11600,0.0,0.0,0.0
2011-03-11 00:00:00-05:00,11.84264615072155,11.932083129882812,11.84264615072155,11.932083129882812,2800,0.0,0.0,0.0
2011-03-14 00:00:00-04:00,11.850424344017144,11.850424344017144,11.774597302123949,11.846535682678223,10000,0.0,0.0,0.0
2011-03-15 00:00:00-04:00,11.558779571040917,11.772650718688965,11.537392307938875,11.772650718688965,20400,0.0,0.0,0.0
2011-03-16 00:00:00-04:00,11.6909915868665,11.6909915868665,11.572390025633782,11.576278686523438,4400,0.0,0.0,0.0
2011-03-17 00:00:00-04:00,11.576278686523438,11.576278686523438,11.576278686523438,11.576278686523438,0,0.0,0.0,0.0
2011-03-18 00:00:00-04:00,11.75624337610554,11.785522048833787,11.715253829956055,11.715253829956055,5600,0.058,0.0,0.0
2011-03-21 00:00:00-04:00,11.857743010696758,11.898732560921587,11.855791446461712,11.881165504455566,161600,0.0,0.0,0.0
2011-03-22 00:00:00-04:00,11.879212753258095,11.896779807968828,11.846030207876678,11.861645698547363,20800,0.0,0.0,0.0
2011-03-23 00:00:00-04:00,11.898731231689453,11.898731231689453,11.898731231689453,11.898731231689453,4000,0.0,0.0,0.0
2011-03-24 00:00:00-04:00,11.918250647516631,11.978758811950684,11.918250647516631,11.978758811950684,5200,0.0,0.0,0.0
2011-03-25 00:00:00-04:00,12.033413619873452,12.066595424105547,12.02560587372908,12.064643859863281,4400,0.0,0.0,0.0
2011-03-28 00:00:00-04:00,12.060737982566835,12.060737982566835,12.043170928955078,12.043170928955078,11200,0.0,0.0,0.0
2011-03-29 00:00:00-04:00,12.07635498046875,12.07635498046875,12.07635498046875,12.07635498046875,800,0.0,0.0,0.0
2011-03-30 00:00:00-04:00,12.150526971218591,12.166142463684082,12.138815351869471,12.166142463684082,3200,0.0,0.0,0.0
2011-03-31 00:00:00-04:00,12.170045606831186,12.170045606831186,12.158334732055664,12.158334732055664,2000,0.0,0.0,0.0
2011-04-01 00:00:00-04:00,12.228603647389686,12.261785453904974,12.189565658569336,12.189565658569336,211600,0.0,0.0,0.0
2011-04-04 00:00:00-04:00,12.216890335083008,12.216890335083008,12.216890335083008,12.216890335083008,1200,0.0,0.0,0.0
2011-04-05 00:00:00-04:00,12.244215246773335,12.267637736205854,12.22860050201416,12.22860050201416,45600,0.0,0.0,0.0
2011-04-06 00:00:00-04:00,12.238360888671785,12.238360888671785,12.234457015991211,12.234457015991211,4800,0.0,0.0,0.0
2011-04-07 00:00:00-04:00,12.250071652019843,12.250071652019843,12.209082106123601,12.220793724060059,30400,0.0,0.0,0.0
2011-04-08 00:00:00-04:00,12.271541674434614,12.271541674434614,12.132957556382436,12.154428482055664,42400,0.0,0.0,0.0
2011-04-11 00:00:00-04:00,12.183705476925818,12.214936453400599,12.138812065124512,12.138812065124512,14400,0.0,0.0,0.0
2011-04-12 00:00:00-04:00,12.0275552043475,12.0626893108848,12.025603640467658,12.058785438537598,9200,0.0,0.0,0.0
2011-04-13 00:00:00-04:00,12.0704970688386,12.0704970688386,12.015844345092773,12.015844345092773,2400,0.0,0.0,0.0
2011-04-14 00:00:00-04:00,12.00803854949677,12.00803854949677,11.992423057556152,11.992423057556152,2400,0.0,0.0,0.0
2011-04-15 00:00:00-04:00,12.099776528963682,12.12515058402332,12.099776528963682,12.103679656982422,7200,0.0,0.0,0.0
2011-04-18 00:00:00-04:00,11.92996092913138,11.968998908996582,11.888971385337307,11.968998908996582,9600,0.0,0.0,0.0
2011-04-19 00:00:00-04:00,11.992422172370519,12.029508590698242,11.982662862921806,12.029508590698242,4000,0.0,0.0,0.0
2011-04-20 00:00:00-04:00,12.203224531501968,12.236406326293945,12.203224531501968,12.236406326293945,4400,0.0,0.0,0.0
2011-04-21 00:00:00-04:00,12.24811848704137,12.281300283309456,12.24811848704137,12.277397155761719,10000,0.0,0.0,0.0
2011-04-25 00:00:00-04:00,12.242264497838864,12.279350170624689,12.242264497838864,12.265686988830566,9200,0.0,0.0,0.0
2011-04-26 00:00:00-04:00,12.382800102233887,12.382800102233887,12.382800102233887,12.382800102233887,800,0.0,0.0,0.0
2011-04-27 00:00:00-04:00,12.382800102233887,12.382800102233887,12.382800102233887,12.382800102233887,0,0.0,0.0,0.0
2011-04-28 00:00:00-04:00,12.421839541457599,12.474540710449219,12.421839541457599,12.474540710449219,21600,0.0,0.0,0.0
2011-04-29 00:00:00-04:00,12.503817503423187,12.535048484802246,12.497962066708402,12.535048484802246,3200,0.0,0.0,0.0
2011-05-02 00:00:00-04:00,12.564324051003624,12.579938048657413,12.497958976569564,12.51552677154541,108000,0.0,0.0,0.0
2011-05-03 00:00:00-04:00,12.47648896411369,12.47648896411369,12.41988468170166,12.41988468170166,800,0.0,0.0,0.0
2011-05-04 00:00:00-04:00,12.406222270553897,12.406222270553897,12.302771517832163,12.369135856628418,8800,0.0,0.0,0.0
2011-05-05 00:00:00-04:00,12.357427169977408,12.357427169977408,12.330100059509277,12.330100059509277,2000,0.0,0.0,0.0
2011-05-06 00:00:00-04:00,12.386707241818577,12.386707241818577,12.296920382803927,12.322295188903809,13200,0.0,0.0,0.0
2011-05-09 00:00:00-04:00,12.324240039103534,12.404267542815088,12.324240039103534,12.388652801513672,4800,0.0,0.0,0.0
2011-05-10 00:00:00-04:00,12.427692759550224,12.427692759550224,12.425741195678711,12.425741195678711,4800,0.0,0.0,0.0
2011-05-11 00:00:00-04:00,12.443308453251818,12.443308453251818,12.314483642578125,12.314483642578125,3200,0.0,0.0,0.0
2011-05-12 00:00:00-04:00,12.394514690729313,12.396466255187988,12.394514690729313,12.396466255187988,4000,0.0,0.0,0.0
2011-05-13 00:00:00-04:00,12.390604364956092,12.390604364956092,12.388652801513672,12.388652801513672,2000,0.0,0.0,0.0
2011-05-16 00:00:00-04:00,12.265687222297775,12.285205841064453,12.265687222297775,12.285205841064453,5200,0.0,0.0,0.0
2011-05-17 00:00:00-04:00,12.18175827372407,12.18175827372407,12.17980670928955,12.17980670928955,800,0.0,0.0,0.0
2011-05-18 00:00:00-04:00,12.17980670928955,12.17980670928955,12.17980670928955,12.17980670928955,0,0.0,0.0,0.0
2011-05-19 00:00:00-04:00,12.345710754394531,12.345710754394531,12.345710754394531,12.345710754394531,1600,0.0,0.0,0.0
2011-05-20 00:00:00-04:00,12.310580129767603,12.320339438745554,12.30472469329834,12.30472469329834,4000,0.0,0.0,0.0
2011-05-23 00:00:00-04:00,12.134906643543697,12.136858951617809,12.111484158765919,12.129051208496094,46000,0.0,0.0,0.0
2011-05-24 00:00:00-04:00,12.15052604675293,12.15052604675293,12.15052604675293,12.15052604675293,2400,0.0,0.0,0.0
2011-05-25 00:00:00-04:00,12.14662253458222,12.148574843343663,12.1388147887117,12.140767097473145,2000,0.0,0.0,0.0
2011-05-26 00:00:00-04:00,12.140767097473145,12.140767097473145,12.140767097473145,12.140767097473145,1200,0.0,0.0,0.0
2011-05-27 00:00:00-04:00,12.24812126159668,12.24812126159668,12.24812126159668,12.24812126159668,1200,0.0,0.0,0.0
2011-05-31 00:00:00-04:00,12.322295188903809,12.322295188903809,12.322295188903809,12.322295188903809,2800,0.0,0.0,0.0
2011-06-01 00:00:00-04:00,12.343763595027726,12.349619031933985,12.216890335083008,12.216890335083008,35600,0.0,0.0,0.0
2011-06-02 00:00:00-04:00,12.113443027741402,12.119298465960435,12.113443027741402,12.115394592285156,16000,0.0,0.0,0.0
2011-06-03 00:00:00-04:00,11.9475299446697,12.041220664978027,11.935819069998445,12.041220664978027,32400,0.0,0.0,0.0
2011-06-06 00:00:00-04:00,11.924103680185864,11.924103680185864,11.836268424987793,11.836268424987793,12800,0.0,0.0,0.0
2011-06-07 00:00:00-04:00,11.91239629338224,11.914348602294922,11.904589291494574,11.914348602294922,3200,0.0,0.0,0.0
2011-06-08 00:00:00-04:00,11.81285285949707,11.81285285949707,11.81285285949707,11.81285285949707,1600,0.0,0.0,0.0
2011-06-09 00:00:00-04:00,11.861645835871906,11.863597399934546,11.85969352722168,11.85969352722168,2000,0.0,0.0,0.0
2011-06-10 00:00:00-04:00,11.85969352722168,11.85969352722168,11.85969352722168,11.85969352722168,0,0.0,0.0,0.0
2011-06-13 00:00:00-04:00,11.721109736726701,11.754292283455296,11.719158172607422,11.719158172607422,15200,0.0,0.0,0.0
2011-06-14 00:00:00-04:00,11.87530984972389,11.87530984972389,11.853838920593262,11.853838920593262,12400,0.0,0.0,0.0
2011-06-15 00:00:00-04:00,11.67426872253418,11.67426872253418,11.67426872253418,11.67426872253418,400,0.0,0.0,0.0
2011-06-16 00:00:00-04:00,11.711350487798816,11.711350487798816,11.652793884277344,11.652793884277344,2400,0.0,0.0,0.0
2011-06-17 00:00:00-04:00,11.729263529567591,11.735145568847656,11.729263529567591,11.735145568847656,2000,0.0675,0.0,0.0
2011-06-20 00:00:00-04:00,11.790042877197266,11.790042877197266,11.790042877197266,11.790042877197266,800,0.0,0.0,0.0
2011-06-21 00:00:00-04:00,11.837102007908635,11.837102007908635,11.81945514678955,11.81945514678955,2000,0.0,0.0,0.0
2011-06-22 00:00:00-04:00,11.931218994136238,11.960630680242966,11.874357547884275,11.876317977905273,19200,0.0,0.0,0.0
2011-06-23 00:00:00-04:00,11.690044662454884,11.825337508844525,11.66847619430754,11.821415901184082,7600,0.0,0.0,0.0
2011-06-24 00:00:00-04:00,11.737106499100438,11.737106499100438,11.715538024902344,11.715538024902344,800,0.0,0.0,0.0
2011-06-27 00:00:00-04:00,11.725339889526367,11.725339889526367,11.725339889526367,11.725339889526367,400,0.0,0.0,0.0
2011-06-28 00:00:00-04:00,11.725339889526367,11.725339889526367,11.725339889526367,11.725339889526367,0,0.0,0.0,0.0
2011-06-29 00:00:00-04:00,11.725339889526367,11.725339889526367,11.725339889526367,11.725339889526367,0,0.0,0.0,0.0
2011-06-30 00:00:00-04:00,12.162590980529785,12.162590980529785,12.162590980529785,12.162590980529785,400,0.0,0.0,0.0
2011-07-01 00:00:00-04:00,12.162590980529785,12.162590980529785,12.162590980529785,12.162590980529785,0,0.0,0.0,0.0
2011-07-05 00:00:00-04:00,12.307687029970113,12.321412286140369,12.307687029970113,12.313569068908691,37200,0.0,0.0,0.0
2011-07-06 00:00:00-04:00,12.323371813265082,12.346901463235595,12.311607736250133,12.341018676757812,6400,0.0,0.0,0.0
2011-07-07 00:00:00-04:00,12.468466885000593,12.478270530700684,12.468466885000593,12.478270530700684,1600,0.0,0.0,0.0
2011-07-08 00:00:00-04:00,12.317495221634328,12.380239486694336,12.317495221634328,12.380239486694336,10800,0.0,0.0,0.0
2011-07-11 00:00:00-04:00,12.203767273746111,12.203767273746111,12.146905069587568,12.156708717346191,3600,0.0,0.0,0.0
2011-07-12 00:00:00-04:00,12.158666870174962,12.186118125915527,12.158666870174962,12.186118125915527,6400,0.0,0.0,0.0
2011-07-13 00:00:00-04:00,12.164549827575684,12.164549827575684,12.164549827575684,12.164549827575684,2000,0.0,0.0,0.0
2011-07-14 00:00:00-04:00,12.168474528708913,12.168474528708913,12.105730280408928,12.111612319946289,3200,0.0,0.0,0.0
2011-07-15 00:00:00-04:00,12.111612319946289,12.111612319946289,12.111612319946289,12.111612319946289,0,0.0,0.0,0.0
2011-07-18 00:00:00-04:00,11.988084760541549,12.033182144165039,11.988084760541549,12.033182144165039,1200,0.0,0.0,0.0
2011-07-19 00:00:00-04:00,12.033182144165039,12.033182144165039,12.033182144165039,12.033182144165039,0,0.0,0.0,0.0
2011-07-20 00:00:00-04:00,12.24102286292745,12.248866081237793,12.237101253772279,12.248866081237793,11600,0.0,0.0,0.0
2011-07-21 00:00:00-04:00,12.305724630795916,12.417488595333054,12.305724630795916,12.397880554199219,2800,0.0,0.0,0.0
2011-07-22 00:00:00-04:00,12.411604755063252,12.41944797085077,12.374350602027874,12.401801109313965,12000,0.0,0.0,0.0
2011-07-25 00:00:00-04:00,12.295921830835582,12.35082360182023,12.295921830835582,12.34298038482666,24800,0.0,0.0,0.0
2011-07-26 00:00:00-04:00,12.34298038482666,12.34298038482666,12.34298038482666,12.34298038482666,0,0.0,0.0,0.0
2011-07-27 00:00:00-04:00,12.101808935054695,12.101808935054695,12.013574600219727,12.013574600219727,1600,0.0,0.0,0.0
2011-07-28 00:00:00-04:00,12.003770198525233,12.005730628967285,12.003770198525233,12.005730628967285,3200,0.0,0.0,0.0
2011-07-29 00:00:00-04:00,11.90965310779732,11.952789306640625,11.90965310779732,11.952789306640625,3600,0.0,0.0,0.0
2011-08-01 00:00:00-04:00,12.078277538888925,12.078277538888925,11.874359130859375,11.874359130859375,26800,0.0,0.0,0.0
2011-08-02 00:00:00-04:00,11.737106911696317,11.737106911696317,11.582206726074219,11.582206726074219,1600,0.0,0.0,0.0
2011-08-03 00:00:00-04:00,11.574363508277308,11.592010374335148,11.442992976045941,11.582206726074219,33200,0.0,0.0,0.0
2011-08-04 00:00:00-04:00,11.339072050440315,11.339072050440315,11.11750602722168,11.11750602722168,6800,0.0,0.0,0.0
2011-08-05 00:00:00-04:00,11.174367171257286,11.174367171257286,10.778293717381818,11.121426582336426,16800,0.0,0.0,0.0
2011-08-08 00:00:00-04:00,10.72339332502761,10.72339332502761,10.280262011729913,10.411632537841797,14800,0.0,0.0,0.0
2011-08-09 00:00:00-04:00,10.49398482193209,10.654767039381156,10.329280995768364,10.59594440460205,23200,0.0,0.0,0.0
2011-08-10 00:00:00-04:00,10.615550655495783,10.709667011474146,10.429278373718262,10.429278373718262,26800,0.0,0.0,0.0
2011-08-11 00:00:00-04:00,10.515554432134591,10.844962120056152,10.515554432134591,10.844962120056152,6000,0.0,0.0,0.0
2011-08-12 00:00:00-04:00,10.92534990264897,10.952800410268452,10.864566101512807,10.884173393249512,12800,0.0,0.0,0.0
2011-08-15 00:00:00-04:00,11.017509650361301,11.076333045959473,10.99790235047561,11.076333045959473,5600,0.0,0.0,0.0
2011-08-16 00:00:00-04:00,11.06064224243164,11.06064224243164,11.06064224243164,11.06064224243164,400,0.0,0.0,0.0
2011-08-17 00:00:00-04:00,11.135149660520032,11.135149660520032,10.990053176879883,10.990053176879883,1200,0.0,0.0,0.0
2011-08-18 00:00:00-04:00,10.566533146762238,10.605748487547404,10.476338386535645,10.476338386535645,60800,0.0,0.0,0.0
2011-08-19 00:00:00-04:00,10.388105370509368,10.395948589252388,10.362615283579805,10.374380111694336,25200,0.0,0.0,0.0
2011-08-22 00:00:00-04:00,10.625356143436875,10.625356143436875,10.433201789855957,10.433201789855957,7600,0.0,0.0,0.0
2011-08-23 00:00:00-04:00,10.413596370133261,10.703788757324219,10.40771432954572,10.703788757324219,16000,0.0,0.0,0.0
2011-08-24 00:00:00-04:00,10.741040706477781,10.774374008178711,10.729276627735445,10.774374008178711,13600,0.0,0.0,0.0
2011-08-25 00:00:00-04:00,10.817511558532715,10.817511558532715,10.817511558532715,10.817511558532715,400,0.0,0.0,0.0
2011-08-26 00:00:00-04:00,10.564571931169311,10.84692101749208,10.505749298348363,10.81554889678955,3200,0.0,0.0,0.0
2011-08-29 00:00:00-04:00,10.81554889678955,10.81554889678955,10.81554889678955,10.81554889678955,0,0.0,0.0,0.0
2011-08-30 00:00:00-04:00,11.141031993801876,11.239069938659668,11.127306741359398,11.239069938659668,20000,0.0,0.0,0.0
2011-08-31 00:00:00-04:00,11.280248971905525,11.342993214998573,11.280248971905525,11.290053367614746,6400,0.0,0.0,0.0
2011-09-01 00:00:00-04:00,11.25476203457554,11.262604505654787,11.19789981842041,11.19789981842041,12800,0.0,0.0,0.0
2011-09-02 00:00:00-04:00,10.939075462963283,10.939075462963283,10.880252838134766,10.880252838134766,4800,0.0,0.0,0.0
2011-09-06 00:00:00-04:00,10.533202436712493,10.566534996032715,10.52535921758872,10.566534996032715,2400,0.0,0.0,0.0
2011-09-07 00:00:00-04:00,10.90966386918232,11.039073944091797,10.90966386918232,11.039073944091797,10400,0.0,0.0,0.0
2011-09-08 00:00:00-04:00,11.001823806764309,11.007705847053955,10.92927590063336,10.972412109375,18400,0.0,0.0,0.0
2011-09-09 00:00:00-04:00,10.972412109375,10.972412109375,10.972412109375,10.972412109375,0,0.0,0.0,0.0
2011-09-12 00:00:00-04:00,10.637118880187026,10.637118880187026,10.515552016702285,10.527316093444824,4400,0.0,0.0,0.0
2011-09-13 00:00:00-04:00,10.823390250246566,10.823390250246566,10.784174919128418,10.784174919128418,1200,0.0,0.0,0.0
2011-09-14 00:00:00-04:00,11.062602996826172,11.062602996826172,11.062602996826172,11.062602996826172,800,0.0,0.0,0.0
2011-09-15 00:00:00-04:00,11.062602996826172,11.062602996826172,11.062602996826172,11.062602996826172,0,0.0,0.0,0.0
2011-09-16 00:00:00-04:00,11.115797996520996,11.115797996520996,11.115797996520996,11.115797996520996,0,0.0675,0.0,0.0
2011-09-19 00:00:00-04:00,11.078367126744704,11.153234481811523,11.078367126744704,11.153234481811523,2800,0.0,0.0,0.0
2011-09-20 00:00:00-04:00,11.088219181286771,11.230072975158691,11.088219181286771,11.230072975158691,2400,0.0,0.0,0.0
2011-09-21 00:00:00-04:00,11.02714088189191,11.042901992797852,11.02714088189191,11.042901992797852,800,0.0,0.0,0.0
2011-09-22 00:00:00-04:00,10.514891743714024,10.514891743714024,10.309992790222168,10.309992790222168,8000,0.0,0.0,0.0
2011-09-23 00:00:00-04:00,10.483371416644488,10.485342025756836,10.449878577406247,10.485342025756836,22400,0.0,0.0,0.0
2011-09-26 00:00:00-04:00,10.542478009106985,10.593703329411797,10.438058262314685,10.575971603393555,7600,0.0,0.0,0.0
2011-09-27 00:00:00-04:00,10.98576831817627,10.98576831817627,10.98576831817627,10.98576831817627,800,0.0,0.0,0.0
2011-09-28 00:00:00-04:00,10.901050516458906,10.901050516458906,10.727673762788209,10.735554695129395,2800,0.0,0.0,0.0
2011-09-29 00:00:00-04:00,10.796628517912385,10.796628517912385,10.794658660888672,10.794658660888672,1600,0.0,0.0,0.0
2011-09-30 00:00:00-04:00,10.794658660888672,10.794658660888672,10.794658660888672,10.794658660888672,0,0.0,0.0,0.0
2011-10-03 00:00:00-04:00,10.382889429572813,10.382889429572813,10.124794567816487,10.170108795166016,23200,0.0,0.0,0.0
2011-10-04 00:00:00-04:00,9.957325840366762,10.156314407908317,9.913981483419068,9.992789268493652,14000,0.0,0.0,0.0
2011-10-05 00:00:00-04:00,10.353338110993922,10.493221282958984,10.353338110993922,10.493221282958984,4000,0.0,0.0,0.0
2011-10-06 00:00:00-04:00,10.560206922303827,10.680388505352832,10.5582370650786,10.662656784057617,18800,0.0,0.0,0.0
2011-10-07 00:00:00-04:00,10.743431189979953,10.743431189979953,10.70008758010818,10.707967758178711,22400,0.0,0.0,0.0
2011-10-10 00:00:00-04:00,10.946365993933155,11.021232604980469,10.946365993933155,11.021232604980469,11600,0.0,0.0,0.0
2011-10-11 00:00:00-04:00,11.019260786178759,11.046843296030795,11.019260786178759,11.038962364196777,10000,0.0,0.0,0.0
2011-10-12 00:00:00-04:00,11.096098683660243,11.206429481506348,11.096098683660243,11.206429481506348,6800,0.0,0.0,0.0
2011-10-13 00:00:00-04:00,11.048814151379009,11.157174336030735,10.993648378876625,11.125651359558105,360400,0.0,0.0,0.0
2011-10-14 00:00:00-04:00,11.259624859288017,11.295088303850111,11.17884718035593,11.279326438903809,373200,0.0,0.0,0.0
2011-10-17 00:00:00-04:00,11.2438611337701,11.2438611337701,11.117769241333008,11.117769241333008,5600,0.0,0.0,0.0
2011-10-18 00:00:00-04:00,11.168992589220979,11.354190693935161,11.168992589220979,11.310846328735352,17600,0.0,0.0,0.0
2011-10-19 00:00:00-04:00,11.279326226593147,11.346312648219877,11.176876361071852,11.206429481506348,12000,0.0,0.0,0.0
2011-10-20 00:00:00-04:00,11.234010186352716,11.234010186352716,11.078365180021368,11.170964241027832,4400,0.0,0.0,0.0
2011-10-21 00:00:00-04:00,11.405419235491753,11.440882682800293,11.350254207041642,11.440882682800293,8400,0.0,0.0,0.0
2011-10-24 00:00:00-04:00,11.472404526502908,11.598496437072754,11.472404526502908,11.598496437072754,7200,0.0,0.0,0.0
2011-10-25 00:00:00-04:00,11.45270145196482,11.4921053567648,11.407387224493284,11.448760986328125,6800,0.0,0.0,0.0
2011-10-26 00:00:00-04:00,11.474376765339281,11.474376765339281,11.46452522277832,11.46452522277832,2000,0.0,0.0,0.0
2011-10-27 00:00:00-04:00,11.805367096827478,11.925548694867334,11.805367096827478,11.864473342895508,8400,0.0,0.0,0.0
2011-10-28 00:00:00-04:00,11.821123977914057,11.856587409973145,11.81127319157916,11.856587409973145,9200,0.0,0.0,0.0
2011-10-31 00:00:00-04:00,11.681242180992204,11.681242180992204,11.570911407470703,11.570911407470703,2800,0.0,0.0,0.0
2011-11-01 00:00:00-04:00,11.226128337686097,11.354190826416016,11.180814115160697,11.354190826416016,19600,0.0,0.0,0.0
2011-11-02 00:00:00-04:00,11.442853375739327,11.47043589016658,11.358135223388672,11.358135223388672,5200,0.0,0.0,0.0
2011-11-03 00:00:00-04:00,11.511808395385742,11.511808395385742,11.511808395385742,11.511808395385742,800,0.0,0.0,0.0
2011-11-04 00:00:00-04:00,11.511808395385742,11.511808395385742,11.511808395385742,11.511808395385742,0,0.0,0.0,0.0
2011-11-07 00:00:00-05:00,11.63790074818193,11.63790074818193,11.553182601928711,11.553182601928711,3600,0.0,0.0,0.0
2011-11-08 00:00:00-05:00,11.72852897644043,11.72852897644043,11.72852897644043,11.72852897644043,800,0.0,0.0,0.0
2011-11-09 00:00:00-05:00,11.458611658281885,11.549240112304688,11.458611658281885,11.549240112304688,2000,0.0,0.0,0.0
2011-11-10 00:00:00-05:00,11.442851066589355,11.442851066589355,11.442851066589355,11.442851066589355,800,0.0,0.0,0.0
2011-11-11 00:00:00-05:00,11.68715421950938,11.68715421950938,11.681243896484375,11.681243896484375,6000,0.0,0.0,0.0
2011-11-14 00:00:00-05:00,11.647750428448118,11.647750428448118,11.541360855102539,11.541360855102539,1200,0.0,0.0,0.0
2011-11-15 00:00:00-05:00,11.547270149957994,11.58470344543457,11.525597965157411,11.58470344543457,5200,0.0,0.0,0.0
2011-11-16 00:00:00-05:00,11.592584376556047,11.608345487232043,11.58470344543457,11.58470344543457,1600,0.0,0.0,0.0
2011-11-17 00:00:00-05:00,11.423148303746073,11.423148303746073,11.226129531860352,11.226129531860352,2800,0.0,0.0,0.0
2011-11-18 00:00:00-05:00,11.279328520552598,11.279328520552598,11.257656328035278,11.26553726196289,9200,0.0,0.0,0.0
2011-11-21 00:00:00-05:00,10.987737655639648,10.987737655639648,10.987737655639648,10.987737655639648,3200,0.0,0.0,0.0
2011-11-22 00:00:00-05:00,10.94045352935791,10.94045352935791,10.94045352935791,10.94045352935791,800,0.0,0.0,0.0
2011-11-23 00:00:00-05:00,10.806479136618458,10.808449745178223,10.806479136618458,10.808449745178223,1600,0.0,0.0,0.0
2011-11-25 00:00:00-05:00,10.808449745178223,10.808449745178223,10.808449745178223,10.808449745178223,0,0.0,0.0,0.0
2011-11-28 00:00:00-05:00,11.052754427702935,11.052754427702935,11.027142524719238,11.027142524719238,5600,0.0,0.0,0.0
2011-11-29 00:00:00-05:00,11.090189933776855,11.1492954314652,11.090189933776855,11.090189933776855,7200,0.0,0.0,0.0
2011-11-30 00:00:00-05:00,11.466490695636407,11.484222412109375,11.434967727636337,11.484222412109375,6000,0.0,0.0,0.0
2011-12-01 00:00:00-05:00,11.553182430202229,11.566973686218262,11.543331640414646,11.566973686218262,14800,0.0,0.0,0.0
2011-12-02 00:00:00-05:00,11.606377601623535,11.606377601623535,11.606377601623535,11.606377601623535,400,0.0,0.0,0.0
2011-12-05 00:00:00-05:00,11.700942039489746,11.700942039489746,11.700942039489746,11.700942039489746,800,0.0,0.0,0.0
2011-12-06 00:00:00-05:00,11.64775276184082,11.64775276184082,11.64775276184082,11.64775276184082,800,0.0,0.0,0.0
2011-12-07 00:00:00-05:00,11.64775276184082,11.64775276184082,11.64775276184082,11.64775276184082,0,0.0,0.0,0.0
2011-12-08 00:00:00-05:00,11.624107787585505,11.624107787585505,11.482254028320312,11.482254028320312,3600,0.0,0.0,0.0
2011-12-09 00:00:00-05:00,11.531510621430723,11.626079559326172,11.531510621430723,11.626079559326172,6000,0.0,0.0,0.0
2011-12-12 00:00:00-05:00,11.366015607997817,11.393598874484951,11.366015607997817,11.39162826538086,10800,0.0,0.0,0.0
2011-12-13 00:00:00-05:00,11.458613176791479,11.484225830780654,11.346312522888184,11.346312522888184,6800,0.0,0.0,0.0
2011-12-14 00:00:00-05:00,11.281296083890814,11.295088091242766,11.206429481506348,11.206429481506348,9600,0.0,0.0,0.0
2011-12-15 00:00:00-05:00,11.206429481506348,11.206429481506348,11.206429481506348,11.206429481506348,0,0.0,0.0,0.0
2011-12-16 00:00:00-05:00,11.287478389217014,11.313240051269531,11.287478389217014,11.313240051269531,3600,0.08225,0.0,0.0
2011-12-19 00:00:00-05:00,11.313240051269531,11.313240051269531,11.313240051269531,11.313240051269531,0,0.0,0.0,0.0
2011-12-20 00:00:00-05:00,11.325131825836262,11.461865425109863,11.325131825836262,11.461865425109863,6400,0.0,0.0,0.0
2011-12-21 00:00:00-05:00,11.461865425109863,11.461865425109863,11.461865425109863,11.461865425109863,0,0.0,0.0,0.0
2011-12-22 00:00:00-05:00,11.461865425109863,11.461865425109863,11.461865425109863,11.461865425109863,0,0.0,0.0,0.0
2011-12-23 00:00:00-05:00,11.675882339477539,11.675882339477539,11.675882339477539,11.675882339477539,2400,0.0,0.0,0.0
2011-12-27 00:00:00-05:00,11.747220039367676,11.747220039367676,11.747220039367676,11.747220039367676,800,0.0,0.0,0.0
2011-12-28 00:00:00-05:00,11.662008285522461,11.662008285522461,11.662008285522461,11.662008285522461,1200,0.0,0.0,0.0
2011-12-29 00:00:00-05:00,11.638229370117188,11.638229370117188,11.638229370117188,11.638229370117188,2000,0.0,0.0,0.0
2011-12-30 00:00:00-05:00,11.68380629551316,11.68380629551316,11.667953491210938,11.667953491210938,12000,0.0,0.0,0.0
2012-01-03 00:00:00-05:00,11.89188335855139,11.895846749944418,11.810635724843339,11.818562507629395,50000,0.0,0.0,0.0
2012-01-04 00:00:00-05:00,11.84035873413086,11.84035873413086,11.84035873413086,11.84035873413086,800,0.0,0.0,0.0
2012-01-05 00:00:00-05:00,11.878007888793945,11.878007888793945,11.878007888793945,11.878007888793945,400,0.0,0.0,0.0
2012-01-06 00:00:00-05:00,11.868099748147234,11.872063138198444,11.858191650988891,11.866118431091309,566400,0.0,0.0,0.0
2012-01-09 00:00:00-05:00,11.881972890536147,11.891880989074707,11.881972890536147,11.891880989074707,556000,0.0,0.0,0.0
2012-01-10 00:00:00-05:00,12.03654394673329,12.03654394673329,12.00880020825414,12.022671699523926,3600,0.0,0.0,0.0
2012-01-11 00:00:00-05:00,11.977092108520925,11.992945671081543,11.955294593909276,11.992945671081543,4800,0.0,0.0,0.0
2012-01-12 00:00:00-05:00,12.036541698818128,12.036541698818128,11.981054988161969,12.024651527404785,46000,0.0,0.0,0.0
2012-01-13 00:00:00-05:00,11.921605110168457,11.921605110168457,11.921605110168457,11.921605110168457,2000,0.0,0.0,0.0
2012-01-17 00:00:00-05:00,12.086085499612848,12.086085499612848,12.076176643371582,12.076176643371582,11200,0.0,0.0,0.0
2012-01-18 00:00:00-05:00,12.00483381102224,12.129677193328085,11.967181984283581,12.119769096374512,18400,0.0,0.0,0.0
2012-01-19 00:00:00-05:00,12.161384553420305,12.224797286245245,12.161384553420305,12.21687126159668,4400,0.0,0.0,0.0
2012-01-20 00:00:00-05:00,12.201019166088633,12.201019166088633,12.165349405097288,12.185166358947754,3600,0.0,0.0,0.0
2012-01-23 00:00:00-05:00,12.252540114730627,12.252540114730627,12.191108703613281,12.191108703613281,2400,0.0,0.0,0.0
2012-01-24 00:00:00-05:00,12.20695972442627,12.20695972442627,12.20695972442627,12.20695972442627,1200,0.0,0.0,0.0
2012-01-25 00:00:00-05:00,12.187146066757755,12.276320457458496,12.187146066757755,12.276320457458496,4800,0.0,0.0,0.0
2012-01-26 00:00:00-05:00,12.375401451686514,12.375401451686514,12.240649223327637,12.240649223327637,6400,0.0,0.0,0.0
2012-01-27 00:00:00-05:00,12.199035955196626,12.252540588378906,12.199035955196626,12.252540588378906,10000,0.0,0.0,0.0
2012-01-30 00:00:00-05:00,12.252540588378906,12.252540588378906,12.252540588378906,12.252540588378906,0,0.0,0.0,0.0
2012-01-31 00:00:00-05:00,12.220834732055664,12.220834732055664,12.220834732055664,12.220834732055664,800,0.0,0.0,0.0
2012-02-01 00:00:00-05:00,12.28623153591996,12.359552383422852,12.28623153591996,12.359552383422852,2400,0.0,0.0,0.0
2012-02-02 00:00:00-05:00,12.337751388549805,12.337751388549805,12.337751388549805,12.337751388549805,800,0.0,0.0,0.0
2012-02-03 00:00:00-05:00,12.504211208918674,12.526009479888682,12.504211208918674,12.522046089172363,3600,0.0,0.0,0.0
2012-02-06 00:00:00-05:00,12.496285776730113,12.506193876021587,12.494303703308105,12.494303703308105,3200,0.0,0.0,0.0
2012-02-07 00:00:00-05:00,12.486377457561037,12.559699058532715,12.486377457561037,12.559699058532715,8800,0.0,0.0,0.0
2012-02-08 00:00:00-05:00,12.553751945495605,12.553751945495605,12.553751945495605,12.553751945495605,2000,0.0,0.0,0.0
2012-02-09 00:00:00-05:00,12.563660166095511,12.569604873657227,12.563660166095511,12.569604873657227,2800,0.0,0.0,0.0
2012-02-10 00:00:00-05:00,12.494301217131925,12.494301217131925,12.484393119812012,12.484393119812012,2000,0.0,0.0,0.0
2012-02-13 00:00:00-05:00,12.561678886413574,12.561678886413574,12.561678886413574,12.561678886413574,4000,0.0,0.0,0.0
2012-02-14 00:00:00-05:00,12.506192207336426,12.506192207336426,12.506192207336426,12.506192207336426,1600,0.0,0.0,0.0
2012-02-15 00:00:00-05:00,12.642925717917938,12.642925717917938,12.531953811645508,12.531953811645508,9200,0.0,0.0,0.0
2012-02-16 00:00:00-05:00,12.529973454522096,12.67859721158245,12.529973454522096,12.666707038879395,3200,0.0,0.0,0.0
2012-02-17 00:00:00-05:00,12.68454004249833,12.720209797262669,12.68454004249833,12.716245651245117,2800,0.0,0.0,0.0
2012-02-21 00:00:00-05:00,12.730118413548078,12.743989902241372,12.730118413548078,12.732100486755371,2000,0.0,0.0,0.0
2012-02-22 00:00:00-05:00,12.688508033752441,12.688508033752441,12.688508033752441,12.688508033752441,800,0.0,0.0,0.0
2012-02-23 00:00:00-05:00,12.694445726883336,12.694445726883336,12.690483093261719,12.690483093261719,2000,0.0,0.0,0.0
2012-02-24 00:00:00-05:00,12.753899076483503,12.759843784375699,12.743990222077235,12.747954368591309,17200,0.0,0.0,0.0
2012-02-27 00:00:00-05:00,12.728137304788966,12.771732330322266,12.728137304788966,12.771732330322266,1600,0.0,0.0,0.0
2012-02-28 00:00:00-05:00,12.801456451416016,12.801456451416016,12.801456451416016,12.801456451416016,800,0.0,0.0,0.0
2012-02-29 00:00:00-05:00,12.827221168862803,12.827221168862803,12.753899574279785,12.753899574279785,8000,0.0,0.0,0.0
2012-03-01 00:00:00-05:00,12.833165643626055,12.83712827834382,12.809385299682617,12.809385299682617,1600,0.0,0.0,0.0
2012-03-02 00:00:00-05:00,12.779661178588867,12.779661178588867,12.779661178588867,12.779661178588867,800,0.0,0.0,0.0
2012-03-05 00:00:00-05:00,12.686523079596887,12.706340789794922,12.686523079596887,12.706340789794922,1200,0.0,0.0,0.0
2012-03-06 00:00:00-05:00,12.549789428710938,12.549789428710938,12.549789428710938,12.549789428710938,400,0.0,0.0,0.0
2012-03-07 00:00:00-05:00,12.627069229496305,12.627069229496305,12.615179061889648,12.615179061889648,1600,0.0,0.0,0.0
2012-03-08 00:00:00-05:00,12.615179061889648,12.615179061889648,12.615179061889648,12.615179061889648,0,0.0,0.0,0.0
2012-03-09 00:00:00-05:00,12.765788917354367,12.817312240600586,12.765788917354367,12.817312240600586,2800,0.0,0.0,0.0
2012-03-12 00:00:00-04:00,12.817312240600586,12.817312240600586,12.817312240600586,12.817312240600586,0,0.0,0.0,0.0
2012-03-13 00:00:00-04:00,12.84505558013916,12.84505558013916,12.84505558013916,12.84505558013916,800,0.0,0.0,0.0
2012-03-14 00:00:00-04:00,13.029348373413086,13.029348373413086,13.029348373413086,13.029348373413086,1600,0.0,0.0,0.0
2012-03-15 00:00:00-04:00,13.029348870947015,13.035293579101562,13.029348870947015,13.035293579101562,1600,0.0,0.0,0.0
2012-03-16 00:00:00-04:00,13.088215827941895,13.088215827941895,13.088215827941895,13.088215827941895,0,0.0665,0.0,0.0
2012-03-19 00:00:00-04:00,13.104135530428032,13.197651467848056,13.104135530428032,13.193671226501465,13200,0.0,0.0,0.0
2012-03-20 00:00:00-04:00,13.076283355555631,13.122045516967773,13.076283355555631,13.122045516967773,17200,0.0,0.0,0.0
2012-03-21 00:00:00-04:00,13.09817013467194,13.135973329312908,13.090211167900765,13.122045516967773,16000,0.0,0.0,0.0
2012-03-22 00:00:00-04:00,13.004650068741627,13.004650068741627,12.984753417101343,12.98674201965332,17200,0.0,0.0,0.0
2012-03-23 00:00:00-04:00,13.032506599385925,13.050413131713867,13.026537755276612,13.050413131713867,3600,0.0,0.0,0.0
2012-03-26 00:00:00-04:00,13.137956874759782,13.165812485507887,13.137956874759782,13.161833763122559,2800,0.0,0.0,0.0
2012-03-27 00:00:00-04:00,13.219539800998096,13.233467611319936,13.207600593566895,13.207600593566895,58400,0.0,0.0,0.0
2012-03-28 00:00:00-04:00,13.052401250761065,13.088215827941895,13.052401250761065,13.088215827941895,3600,0.0,0.0,0.0
2012-03-29 00:00:00-04:00,13.088215827941895,13.088215827941895,13.088215827941895,13.088215827941895,0,0.0,0.0,0.0
2012-03-30 00:00:00-04:00,13.13795837723089,13.153876304626465,13.106124040456848,13.153876304626465,6400,0.0,0.0,0.0
2012-04-02 00:00:00-04:00,13.130000089098841,13.275248527526855,13.128011486584906,13.275248527526855,10000,0.0,0.0,0.0
2012-04-03 00:00:00-04:00,13.229485195413199,13.231475315994262,13.175764083862305,13.175764083862305,2800,0.0,0.0,0.0
2012-04-04 00:00:00-04:00,13.030515868459025,13.046433797349975,13.030515868459025,13.032505989074707,8000,0.0,0.0,0.0
2012-04-05 00:00:00-04:00,13.054396982394948,13.054396982394948,13.034500323857126,13.0404691696167,8400,0.0,0.0,0.0
2012-04-09 00:00:00-04:00,12.913125495965167,12.950928682304252,12.855424138059094,12.94694995880127,23600,0.0,0.0,0.0
2012-04-10 00:00:00-04:00,12.734052199256878,12.747980008129122,12.68430980785353,12.700227737426758,5600,0.0,0.0,0.0
2012-04-11 00:00:00-04:00,12.7957345547512,12.799714796861112,12.775837898254395,12.775837898254395,8400,0.0,0.0,0.0
2012-04-12 00:00:00-04:00,12.775837898254395,12.775837898254395,12.775837898254395,12.775837898254395,0,0.0,0.0,0.0
2012-04-13 00:00:00-04:00,12.919094441085775,12.919094441085775,12.90914535522461,12.90914535522461,800,0.0,0.0,0.0
2012-04-16 00:00:00-04:00,12.90914535522461,12.90914535522461,12.90914535522461,12.90914535522461,0,0.0,0.0,0.0
2012-04-17 00:00:00-04:00,12.927057266235352,12.927057266235352,12.927057266235352,12.927057266235352,400,0.0,0.0,0.0
2012-04-18 00:00:00-04:00,12.933018684387207,12.95092521237899,12.923069601269358,12.933018684387207,1600,0.0,0.0,0.0
2012-04-19 00:00:00-04:00,12.915116622096239,12.938992001007415,12.887259483337402,12.887259483337402,3200,0.0,0.0,0.0
2012-04-20 00:00:00-04:00,12.95689758061634,12.95689758061634,12.89521598815918,12.89521598815918,1600,0.0,0.0,0.0
2012-04-23 00:00:00-04:00,12.740022910582523,12.767878532409668,12.740022910582523,12.767878532409668,1600,0.0,0.0,0.0
2012-04-24 00:00:00-04:00,12.823587562779323,12.825577683428504,12.757928761529158,12.803690910339355,26400,0.0,0.0,0.0
2012-04-25 00:00:00-04:00,12.980776429950188,12.99072551727295,12.980776429950188,12.99072551727295,1200,0.0,0.0,0.0
2012-04-26 00:00:00-04:00,13.006636810999053,13.080254554748535,13.006636810999053,13.080254554748535,3600,0.0,0.0,0.0
2012-04-27 00:00:00-04:00,13.080254554748535,13.080254554748535,13.080254554748535,13.080254554748535,0,0.0,0.0,0.0
2012-04-30 00:00:00-04:00,13.070314916432304,13.070314916432304,13.0404691696167,13.0404691696167,7600,0.0,0.0,0.0
2012-05-01 00:00:00-04:00,13.080260827504901,13.199642281606438,13.07628210350912,13.157858848571777,8000,0.0,0.0,0.0
2012-05-02 00:00:00-04:00,13.07826880701006,13.07826880701006,13.076278686523438,13.076278686523438,4000,0.0,0.0,0.0
2012-05-03 00:00:00-04:00,13.106126537291756,13.106126537291756,13.00067138671875,13.00067138671875,1600,0.0,0.0,0.0
2012-05-04 00:00:00-04:00,12.952918839819063,12.952918839819063,12.797722816467285,12.797722816467285,16000,0.0,0.0,0.0
2012-05-07 00:00:00-04:00,12.706199686546965,12.817622184753418,12.706199686546965,12.817622184753418,14000,0.0,0.0,0.0
2012-05-08 00:00:00-04:00,12.624617688416638,12.670380592346191,12.604720278659068,12.670380592346191,12800,0.0,0.0,0.0
2012-05-09 00:00:00-04:00,12.622630268274573,12.72012569942227,12.622630268274573,12.6882905960083,2800,0.0,0.0,0.0
2012-05-10 00:00:00-04:00,12.734054565429688,12.734054565429688,12.734054565429688,12.734054565429688,1600,0.0,0.0,0.0
2012-05-11 00:00:00-04:00,12.61665987685946,12.676350593566895,12.61665987685946,12.676350593566895,2000,0.0,0.0,0.0
2012-05-14 00:00:00-04:00,12.5390625,12.5390625,12.5390625,12.5390625,800,0.0,0.0,0.0
2012-05-15 00:00:00-04:00,12.5390625,12.5390625,12.5390625,12.5390625,0,0.0,0.0,0.0
2012-05-16 00:00:00-04:00,12.48932272197752,12.48932272197752,12.427641868591309,12.427641868591309,5200,0.0,0.0,0.0
2012-05-17 00:00:00-04:00,12.358003434172378,12.365962401272672,12.270456314086914,12.270456314086914,2000,0.0,0.0,0.0
2012-05-18 00:00:00-04:00,12.194845802411914,12.194845802411914,12.125205993652344,12.125205993652344,8800,0.0,0.0,0.0
2012-05-21 00:00:00-04:00,12.125205993652344,12.125205993652344,12.125205993652344,12.125205993652344,0,0.0,0.0,0.0
2012-05-22 00:00:00-04:00,12.356012094347475,12.429631394251558,12.328156471252441,12.328156471252441,8000,0.0,0.0,0.0
2012-05-23 00:00:00-04:00,12.208776061382824,12.28637409210205,12.172961468895664,12.28637409210205,2400,0.0,0.0,0.0
2012-05-24 00:00:00-04:00,12.354019165039062,12.354019165039062,12.354019165039062,12.354019165039062,400,0.0,0.0,0.0
2012-05-25 00:00:00-04:00,12.381878355368068,12.381878355368068,12.328156471252441,12.328156471252441,5200,0.0,0.0,0.0
2012-05-29 00:00:00-04:00,12.403763671379652,12.451516704635187,12.403763671379652,12.443557739257812,5200,0.0,0.0,0.0
2012-05-30 00:00:00-04:00,12.443557739257812,12.443557739257812,12.443557739257812,12.443557739257812,0,0.0,0.0,0.0
2012-05-31 00:00:00-04:00,12.288359636035159,12.288359636035159,12.284380912780762,12.284380912780762,2000,0.0,0.0,0.0
2012-06-01 00:00:00-04:00,12.059545155794552,12.059545155794552,11.987915992736816,11.987915992736816,3200,0.0,0.0,0.0
2012-06-04 00:00:00-04:00,11.960062980651855,11.960062980651855,11.960062980651855,11.960062980651855,1600,0.0,0.0,0.0
2012-06-05 00:00:00-04:00,11.999853946578224,12.021739959716797,11.98592613866795,12.021739959716797,16000,0.0,0.0,0.0
2012-06-06 00:00:00-04:00,12.266474377133509,12.282391548156738,12.266474377133509,12.282391548156738,1200,0.0,0.0,0.0
2012-06-07 00:00:00-04:00,12.35600757598877,12.35600757598877,12.35600757598877,12.35600757598877,1200,0.0,0.0,0.0
2012-06-08 00:00:00-04:00,12.318204876683682,12.318204876683682,12.316215515136719,12.316215515136719,1200,0.0,0.0,0.0
2012-06-11 00:00:00-04:00,12.373918533325195,12.373918533325195,12.373918533325195,12.373918533325195,800,0.0,0.0,0.0
2012-06-12 00:00:00-04:00,12.316216268234534,12.316216268234534,12.312236785888672,12.312236785888672,1200,0.0,0.0,0.0
2012-06-13 00:00:00-04:00,12.40177250215843,12.403761863708496,12.40177250215843,12.403761863708496,4400,0.0,0.0,0.0
2012-06-14 00:00:00-04:00,12.417693539724846,12.427641868591309,12.417693539724846,12.427641868591309,800,0.0,0.0,0.0
2012-06-15 00:00:00-04:00,12.486423307098224,12.506417274475098,12.486423307098224,12.506417274475098,800,0.076,0.0,0.0
2012-06-18 00:00:00-04:00,12.58639297080363,12.58639297080363,12.576395988464355,12.576395988464355,2000,0.0,0.0,0.0
2012-06-19 00:00:00-04:00,12.746349898660094,12.746349898660094,12.700363159179688,12.700363159179688,2000,0.0,0.0,0.0
2012-06-20 00:00:00-04:00,12.652375591978231,12.652375591978231,12.610387802124023,12.610387802124023,2400,0.0,0.0,0.0
2012-06-21 00:00:00-04:00,12.65437599191862,12.65437599191862,12.47642707824707,12.47642707824707,3200,0.0,0.0,0.0
2012-06-22 00:00:00-04:00,12.44243679859914,12.486424446105957,12.44243679859914,12.486424446105957,8400,0.0,0.0,0.0
2012-06-25 00:00:00-04:00,12.296477697767259,12.296477697767259,12.272484784113974,12.29047966003418,3200,0.0,0.0,0.0
2012-06-26 00:00:00-04:00,12.338461875915527,12.338461875915527,12.338461875915527,12.338461875915527,800,0.0,0.0,0.0
2012-06-27 00:00:00-04:00,12.448434636203494,12.448434636203494,12.434438705444336,12.434438705444336,1600,0.0,0.0,0.0
2012-06-28 00:00:00-04:00,12.370452473082965,12.370452473082965,12.32446575164795,12.32446575164795,2400,0.0,0.0,0.0
2012-06-29 00:00:00-04:00,12.652379416121601,12.680371284484863,12.652379416121601,12.680371284484863,2400,0.0,0.0,0.0
2012-07-02 00:00:00-04:00,12.766347892246577,12.766347892246577,12.714363098144531,12.714363098144531,2400,0.0,0.0,0.0
2012-07-03 00:00:00-04:00,12.714363098144531,12.714363098144531,12.714363098144531,12.714363098144531,0,0.0,0.0,0.0
2012-07-05 00:00:00-04:00,12.820332527187201,12.820332527187201,12.81633281705108,12.81833267211914,4000,0.0,0.0,0.0
2012-07-06 00:00:00-04:00,12.656375885009766,12.656375885009766,12.656375885009766,12.656375885009766,1600,0.0,0.0,0.0
2012-07-09 00:00:00-04:00,12.656375885009766,12.656375885009766,12.656375885009766,12.656375885009766,0,0.0,0.0,0.0
2012-07-10 00:00:00-04:00,12.656375885009766,12.656375885009766,12.656375885009766,12.656375885009766,0,0.0,0.0,0.0
2012-07-11 00:00:00-04:00,12.548401833766546,12.55040168762207,12.548401833766546,12.55040168762207,4000,0.0,0.0,0.0
2012-07-12 00:00:00-04:00,12.412444717443094,12.524412155151367,12.412444717443094,12.524412155151367,2400,0.0,0.0,0.0
2012-07-13 00:00:00-04:00,12.658371186783159,12.7063570022583,12.640376315299784,12.7063570022583,7200,0.0,0.0,0.0
2012-07-16 00:00:00-04:00,12.656375885009766,12.656375885009766,12.656375885009766,12.656375885009766,2000,0.0,0.0,0.0
2012-07-17 00:00:00-04:00,12.610391800280217,12.73035717010498,12.610391800280217,12.73035717010498,4800,0.0,0.0,0.0
2012-07-18 00:00:00-04:00,12.72035620459794,12.824326515197754,12.72035620459794,12.824326515197754,2000,0.0,0.0,0.0
2012-07-19 00:00:00-04:00,12.860316286239803,12.910301968559677,12.860316286239803,12.898305892944336,44000,0.0,0.0,0.0
2012-07-20 00:00:00-04:00,12.820327361458228,12.820327361458228,12.772340774536133,12.772340774536133,6800,0.0,0.0,0.0
2012-07-23 00:00:00-04:00,12.654371828416199,12.654371828416199,12.64437484741211,12.64437484741211,4400,0.0,0.0,0.0
2012-07-24 00:00:00-04:00,12.634378370423901,12.634378370423901,12.468426333499366,12.492419242858887,3600,0.0,0.0,0.0
2012-07-25 00:00:00-04:00,12.54040813911522,12.558403015136719,12.54040813911522,12.558403015136719,1600,0.0,0.0,0.0
2012-07-26 00:00:00-04:00,12.684366240772587,12.738350868225098,12.670370310994636,12.738350868225098,6400,0.0,0.0,0.0
2012-07-27 00:00:00-04:00,12.806331314279658,12.98827838897705,12.806331314279658,12.98827838897705,27200,0.0,0.0,0.0
2012-07-30 00:00:00-04:00,12.972283354610575,12.984280955323939,12.940293312072754,12.940293312072754,4800,0.0,0.0,0.0
2012-07-31 00:00:00-04:00,12.960289190022854,12.960289190022854,12.94229507446289,12.94229507446289,2400,0.0,0.0,0.0
2012-08-01 00:00:00-04:00,12.920297423022715,12.920297423022715,12.842319894472986,12.900301933288574,27600,0.0,0.0,0.0
2012-08-02 00:00:00-04:00,12.762341479827356,12.762341479827356,12.72435188293457,12.72435188293457,8400,0.0,0.0,0.0
2012-08-03 00:00:00-04:00,12.938295753054248,13.01627330703621,12.938295753054248,13.006277084350586,2800,0.0,0.0,0.0
2012-08-06 00:00:00-04:00,13.08025245188932,13.08025245188932,13.06425666809082,13.06425666809082,3600,0.0,0.0,0.0
2012-08-07 00:00:00-04:00,13.06425666809082,13.06425666809082,13.06425666809082,13.06425666809082,0,0.0,0.0,0.0
2012-08-08 00:00:00-04:00,13.104249000549316,13.104249000549316,13.104249000549316,13.104249000549316,1200,0.0,0.0,0.0
2012-08-09 00:00:00-04:00,13.142233848571777,13.142233848571777,13.142233848571777,13.142233848571777,400,0.0,0.0,0.0
2012-08-10 00:00:00-04:00,13.118245124816895,13.118245124816895,13.118245124816895,13.118245124816895,4400,0.0,0.0,0.0
2012-08-13 00:00:00-04:00,13.118245124816895,13.118245124816895,13.118245124816895,13.118245124816895,0,0.0,0.0,0.0
2012-08-14 00:00:00-04:00,13.178226849361177,13.178226849361177,13.164229393005371,13.164229393005371,3600,0.0,0.0,0.0
2012-08-15 00:00:00-04:00,13.15622921441683,13.16622543334961,13.15622921441683,13.16622543334961,1200,0.0,0.0,0.0
2012-08-16 00:00:00-04:00,13.16622543334961,13.16622543334961,13.16622543334961,13.16622543334961,0,0.0,0.0,0.0
2012-08-17 00:00:00-04:00,13.284194946289062,13.284194946289062,13.284194946289062,13.284194946289062,1600,0.0,0.0,0.0
2012-08-20 00:00:00-04:00,13.256203087226574,13.284194946289062,13.256203087226574,13.284194946289062,4400,0.0,0.0,0.0
2012-08-21 00:00:00-04:00,13.362173248908803,13.362173248908803,13.266200065612793,13.266200065612793,2800,0.0,0.0,0.0
2012-08-22 00:00:00-04:00,13.21821271433267,13.260200500488281,13.21821271433267,13.260200500488281,800,0.0,0.0,0.0
2012-08-23 00:00:00-04:00,13.182221394878194,13.20821339498967,13.144231796264648,13.144231796264648,8800,0.0,0.0,0.0
2012-08-24 00:00:00-04:00,13.212214665471016,13.226210594177246,13.212214665471016,13.226210594177246,2400,0.0,0.0,0.0
2012-08-27 00:00:00-04:00,13.254207229959443,13.254207229959443,13.224215507507324,13.224215507507324,1200,0.0,0.0,0.0
2012-08-28 00:00:00-04:00,13.230210109495331,13.230210109495331,13.212215995964632,13.214214324951172,4400,0.0,0.0,0.0
2012-08-29 00:00:00-04:00,13.204218113120449,13.252203941345215,13.204218113120449,13.252203941345215,6800,0.0,0.0,0.0
2012-08-30 00:00:00-04:00,13.128237540664625,13.144231796264648,13.128237540664625,13.144231796264648,1600,0.0,0.0,0.0
2012-08-31 00:00:00-04:00,13.234207333505047,13.234207333505047,13.200215916370425,13.210213661193848,2000,0.0,0.0,0.0
2012-09-04 00:00:00-04:00,13.12424087524414,13.12424087524414,13.12424087524414,13.12424087524414,400,0.0,0.0,0.0
2012-09-05 00:00:00-04:00,13.218213081359863,13.218213081359863,13.218213081359863,13.218213081359863,1200,0.0,0.0,0.0
2012-09-06 00:00:00-04:00,13.308184122104981,13.446145057678223,13.308184122104981,13.446145057678223,20400,0.0,0.0,0.0
2012-09-07 00:00:00-04:00,13.484136776254445,13.496132850646973,13.47813873905818,13.496132850646973,11600,0.0,0.0,0.0
2012-09-10 00:00:00-04:00,13.496132850646973,13.496132850646973,13.496132850646973,13.496132850646973,0,0.0,0.0,0.0
2012-09-11 00:00:00-04:00,13.438149464454005,13.474139213562012,13.438149464454005,13.474139213562012,4000,0.0,0.0,0.0
2012-09-12 00:00:00-04:00,13.476140409832428,13.502132415771484,13.476140409832428,13.502132415771484,2400,0.0,0.0,0.0
2012-09-13 00:00:00-04:00,13.498134282294059,13.726068875040127,13.49613442784766,13.714071273803711,7200,0.0,0.0,0.0
2012-09-14 00:00:00-04:00,13.804048153328436,13.804048153328436,13.768058395980367,13.774056434631348,2400,0.0,0.0,0.0
2012-09-17 00:00:00-04:00,13.740062713623047,13.740062713623047,13.740062713623047,13.740062713623047,4800,0.0,0.0,0.0
2012-09-18 00:00:00-04:00,13.722061331906138,13.722061331906138,13.680073565155434,13.702067375183105,4400,0.0,0.0,0.0
2012-09-19 00:00:00-04:00,13.748064421322317,13.748064421322317,13.738066673278809,13.738066673278809,1600,0.0,0.0,0.0
2012-09-20 00:00:00-04:00,13.738066673278809,13.738066673278809,13.738066673278809,13.738066673278809,0,0.0,0.0,0.0
2012-09-21 00:00:00-04:00,13.745503379869952,13.745503379869952,13.74349308013916,13.74349308013916,2400,0.08925,0.0,0.0
2012-09-24 00:00:00-04:00,13.638979584952297,13.68118667602539,13.638979584952297,13.68118667602539,3600,0.0,0.0,0.0
2012-09-25 00:00:00-04:00,13.689222849342483,13.727410864891171,13.53647232055664,13.53647232055664,11600,0.0,0.0,0.0
2012-09-26 00:00:00-04:00,13.46211051940918,13.46211051940918,13.46211051940918,13.46211051940918,1200,0.0,0.0,0.0
2012-09-27 00:00:00-04:00,13.604805946350098,13.604805946350098,13.604805946350098,13.604805946350098,1200,0.0,0.0,0.0
2012-09-28 00:00:00-04:00,13.522403528462288,13.53044319152832,13.522403528462288,13.53044319152832,1200,0.0,0.0,0.0
2012-10-01 00:00:00-04:00,13.657066654569531,13.657066654569531,13.550543785095213,13.550543785095215,2800,0.0,0.0,0.0
2012-10-02 00:00:00-04:00,13.620889406265977,13.620889406265977,13.538485527038574,13.538485527038574,4000,0.0,0.0,0.0
2012-10-03 00:00:00-04:00,13.602795647671465,13.651032082098387,13.574657599805045,13.604805946350098,11600,0.0,0.0,0.0
2012-10-04 00:00:00-04:00,13.697265625,13.697265625,13.697265625,13.697265625,800,0.0,0.0,0.0
2012-10-05 00:00:00-04:00,13.793739303557903,13.793739303557903,13.705306053161621,13.705306053161621,5200,0.0,0.0,0.0
2012-10-08 00:00:00-04:00,13.657064437866211,13.657064437866211,13.657064437866211,13.657064437866211,400,0.0,0.0,0.0
2012-10-09 00:00:00-04:00,13.56662468719879,13.568634986877441,13.56662468719879,13.568634986877441,3600,0.0,0.0,0.0
2012-10-10 00:00:00-04:00,13.534463399628528,13.534463399628528,13.522404670715332,13.522404670715332,1200,0.0,0.0,0.0
2012-10-11 00:00:00-04:00,13.522404670715332,13.522404670715332,13.522404670715332,13.522404670715332,0,0.0,0.0,0.0
2012-10-12 00:00:00-04:00,13.482211112976074,13.482211112976074,13.482211112976074,13.482211112976074,800,0.0,0.0,0.0
2012-10-15 00:00:00-04:00,13.516374588012695,13.516374588012695,13.516374588012695,13.516374588012695,1200,0.0,0.0,0.0
2012-10-16 00:00:00-04:00,13.590738296508789,13.590738296508789,13.590738296508789,13.590738296508789,400,0.0,0.0,0.0
2012-10-17 00:00:00-04:00,13.727413803169993,13.731432868789051,13.727413803169993,13.729422569274902,2400,0.0,0.0,0.0
2012-10-18 00:00:00-04:00,13.715346755670927,13.725396714861565,13.669120623574345,13.701277732849121,3600,0.0,0.0,0.0
2012-10-19 00:00:00-04:00,13.540497440832448,13.540497440832448,13.454072952270508,13.454072952270508,6000,0.0,0.0,0.0
2012-10-22 00:00:00-04:00,13.474168921074916,13.478187986451582,13.429951534885861,13.464118957519531,2800,0.0,0.0,0.0
2012-10-23 00:00:00-04:00,13.295289039611816,13.295289039611816,13.295289039611816,13.295289039611816,1200,0.0,0.0,0.0
2012-10-24 00:00:00-04:00,13.26313304901123,13.26313304901123,13.26313304901123,13.26313304901123,1200,0.0,0.0,0.0
2012-10-25 00:00:00-04:00,13.327448825437562,13.327448825437562,13.239015579223633,13.239015579223633,1200,0.0,0.0,0.0
2012-10-26 00:00:00-04:00,13.22494888305664,13.22494888305664,13.22494888305664,13.22494888305664,2000,0.0,0.0,0.0
2012-10-31 00:00:00-04:00,13.325441118131234,13.325441118131234,13.267154693603516,13.267154693603516,6800,0.0,0.0,0.0
2012-11-01 00:00:00-04:00,13.419901129707876,13.419901129707876,13.413871765136719,13.413871765136719,2000,0.0,0.0,0.0
2012-11-02 00:00:00-04:00,13.508334678025745,13.508334678025745,13.341515117395055,13.355584144592285,18000,0.0,0.0,0.0
2012-11-05 00:00:00-05:00,13.305339914226098,13.333477973937988,13.299310549060586,13.333477973937988,18800,0.0,0.0,0.0
2012-11-06 00:00:00-05:00,13.40181347702176,13.49426731477654,13.40181347702176,13.464118957519531,6400,0.0,0.0,0.0
2012-11-07 00:00:00-05:00,13.184748649597168,13.184748649597168,13.184748649597168,13.184748649597168,800,0.0,0.0,0.0
2012-11-08 00:00:00-05:00,13.154601097106934,13.154601097106934,13.154601097106934,13.154601097106934,800,0.0,0.0,0.0
2012-11-09 00:00:00-05:00,13.068175205869986,13.068175205869986,13.01591968536377,13.01591968536377,3600,0.0,0.0,0.0
2012-11-12 00:00:00-05:00,13.01390771412131,13.017926779255804,13.009888648986816,13.009888648986816,4800,0.0,0.0,0.0
2012-11-13 00:00:00-05:00,13.029990196228027,13.029990196228027,13.029990196228027,13.029990196228027,400,0.0,0.0,0.0
2012-11-14 00:00:00-05:00,12.983761228471867,12.983761228471867,12.776744842529297,12.776744842529297,12400,0.0,0.0,0.0
2012-11-15 00:00:00-05:00,12.814931571204891,12.814931571204891,12.706399167221916,12.762675285339355,8400,0.0,0.0,0.0
2012-11-16 00:00:00-05:00,12.754636058128124,12.812922477722168,12.754636058128124,12.812922477722168,1600,0.0,0.0,0.0
2012-11-19 00:00:00-05:00,13.040034294128418,13.040034294128418,13.040034294128418,13.040034294128418,800,0.0,0.0,0.0
2012-11-20 00:00:00-05:00,13.068172689825593,13.070182988968554,13.062143325805664,13.062143325805664,4000,0.0,0.0,0.0
2012-11-21 00:00:00-05:00,13.062143325805664,13.062143325805664,13.062143325805664,13.062143325805664,0,0.0,0.0,0.0
2012-11-23 00:00:00-05:00,13.062143325805664,13.062143325805664,13.062143325805664,13.062143325805664,0,0.0,0.0,0.0
2012-11-26 00:00:00-05:00,13.23498914689673,13.239009744239889,13.208861397800588,13.210871696472168,12400,0.0,0.0,0.0
2012-11-27 00:00:00-05:00,13.259108947384425,13.259108947384425,13.204841613769531,13.204841613769531,2000,0.0,0.0,0.0
2012-11-28 00:00:00-05:00,13.192789363897012,13.25308609008789,13.192789363897012,13.25308609008789,8400,0.0,0.0,0.0
2012-11-29 00:00:00-05:00,13.36563777923584,13.36563777923584,13.36563777923584,13.36563777923584,800,0.0,0.0,0.0
2012-11-30 00:00:00-05:00,13.371661168382143,13.371661168382143,13.347543716430664,13.347543716430664,1600,0.0,0.0,0.0
2012-12-03 00:00:00-05:00,13.349557303318855,13.349557303318855,13.333477973937988,13.333477973937988,1200,0.0,0.0,0.0
2012-12-04 00:00:00-05:00,13.289259159817073,13.305336952209473,13.289259159817073,13.305336952209473,3200,0.0,0.0,0.0
2012-12-05 00:00:00-05:00,13.349555015563965,13.349555015563965,13.349555015563965,13.349555015563965,800,0.0,0.0,0.0
2012-12-06 00:00:00-05:00,13.349555015563965,13.349555015563965,13.349555015563965,13.349555015563965,400,0.0,0.0,0.0
2012-12-07 00:00:00-05:00,13.39175796508789,13.39175796508789,13.39175796508789,13.39175796508789,800,0.0,0.0,0.0
2012-12-10 00:00:00-05:00,13.407840540464521,13.41588020324707,13.407840540464521,13.41588020324707,13600,0.0,0.0,0.0
2012-12-11 00:00:00-05:00,13.52642038069005,13.556567192077637,13.52642038069005,13.556567192077637,18400,0.0,0.0,0.0
2012-12-12 00:00:00-05:00,13.552552999646737,13.584710121154785,13.526425242583384,13.584710121154785,13200,0.0,0.0,0.0
2012-12-13 00:00:00-05:00,13.401817270201176,13.4400053024292,13.401817270201176,13.4400053024292,11200,0.0,0.0,0.0
2012-12-14 00:00:00-05:00,13.391759339793882,13.399799001450722,13.377690315246582,13.377690315246582,3200,0.0,0.0,0.0
2012-12-17 00:00:00-05:00,13.49426418051247,13.508333206176758,13.49426418051247,13.508333206176758,2400,0.0,0.0,0.0
2012-12-18 00:00:00-05:00,13.508333206176758,13.508333206176758,13.508333206176758,13.508333206176758,0,0.0,0.0,0.0
2012-12-19 00:00:00-05:00,13.638976663410071,13.638976663410071,13.61485767364502,13.61485767364502,1600,0.0,0.0,0.0
2012-12-20 00:00:00-05:00,13.61485767364502,13.61485767364502,13.61485767364502,13.61485767364502,0,0.0,0.0,0.0
2012-12-21 00:00:00-05:00,13.477474451016942,13.572571724488348,13.477474451016942,13.530081748962402,3200,0.11275,0.0,0.0
2012-12-24 00:00:00-05:00,13.530081748962402,13.530081748962402,13.530081748962402,13.530081748962402,0,0.0,0.0,0.0
2012-12-26 00:00:00-05:00,13.457242965698242,13.479499842744255,13.45521919223401,13.457242965698242,10400,0.0,0.0,0.0
2012-12-27 00:00:00-05:00,13.337866030060292,13.41273021697998,13.30751560056923,13.41273021697998,19600,0.0,0.0,0.0
2012-12-28 00:00:00-05:00,13.333820750650714,13.408683397949087,13.331796976924878,13.360123634338379,19600,0.0,0.0,0.0
2012-12-31 00:00:00-05:00,13.380354086874139,13.434985160827637,13.380354086874139,13.434985160827637,800,0.0,0.0,0.0
2013-01-02 00:00:00-05:00,13.841677097021062,13.841677097021062,13.738486269501738,13.82548999786377,5600,0.0,0.0,0.0
2013-01-03 00:00:00-05:00,13.83358140856829,13.888210930169208,13.827510089557965,13.837627410888672,4400,0.0,0.0,0.0
2013-01-04 00:00:00-05:00,13.874053955078125,13.874053955078125,13.874053955078125,13.874053955078125,800,0.0,0.0,0.0
2013-01-07 00:00:00-05:00,13.874053955078125,13.874053955078125,13.874053955078125,13.874053955078125,0,0.0,0.0,0.0
2013-01-08 00:00:00-05:00,13.83358393310426,13.83358393310426,13.776929084474268,13.809303283691406,4800,0.0,0.0,0.0
2013-01-09 00:00:00-05:00,13.809303283691406,13.809303283691406,13.809303283691406,13.809303283691406,0,0.0,0.0,0.0
2013-01-10 00:00:00-05:00,13.894286484836215,13.922613143920898,13.872029603600085,13.922613143920898,8000,0.0,0.0,0.0
2013-01-11 00:00:00-05:00,13.952958183158133,13.952958183158133,13.950934410095215,13.950934410095215,1200,0.0,0.0,0.0
2013-01-14 00:00:00-05:00,13.936773714743719,13.975217691757617,13.936773714743719,13.957008361816406,2400,0.0,0.0,0.0
2013-01-15 00:00:00-05:00,13.928684752704116,13.928684752704116,13.924638748168945,13.924638748168945,1600,0.0,0.0,0.0
2013-01-16 00:00:00-05:00,13.946886196399973,13.973189067301437,13.94486242365792,13.965095520019531,5200,0.0,0.0,0.0
2013-01-17 00:00:00-05:00,13.965095520019531,13.965095520019531,13.965095520019531,13.965095520019531,0,0.0,0.0,0.0
2013-01-18 00:00:00-05:00,14.05614728903632,14.082450160910584,14.035914191926397,14.048053741455078,4000,0.0,0.0,0.0
2013-01-22 00:00:00-05:00,14.16338781514451,14.16338781514451,14.149224489076836,14.159341812133789,6400,0.0,0.0,0.0
2013-01-23 00:00:00-05:00,14.159341812133787,14.159341812133787,14.159341812133787,14.159341812133789,0,0.0,0.0,0.0
2013-01-24 00:00:00-05:00,14.185645540326114,14.189691543579102,14.185645540326114,14.189691543579102,5600,0.0,0.0,0.0
2013-01-25 00:00:00-05:00,14.211947776773226,14.242298202699518,14.211947776773226,14.240274429321289,3600,0.0,0.0,0.0
2013-01-28 00:00:00-05:00,14.270621299743652,14.278714847553287,14.222061556572243,14.270621299743652,26400,0.0,0.0,0.0
2013-01-29 00:00:00-05:00,14.232181986103038,14.294906616210938,14.23015975625436,14.294906616210938,4000,0.0,0.0,0.0
2013-01-30 00:00:00-05:00,14.30299629429826,14.315135844851321,14.274669647216797,14.274669647216797,11200,0.0,0.0,0.0
2013-01-31 00:00:00-05:00,14.2159948348999,14.2159948348999,14.2159948348999,14.215994834899902,1200,0.0,0.0,0.0
2013-02-01 00:00:00-05:00,14.335369298268844,14.392022593833154,14.335369298268844,14.367743492126465,22000,0.0,0.0,0.0
2013-02-04 00:00:00-05:00,14.264552116394043,14.264552116394043,14.264552116394043,14.264552116394043,2800,0.0,0.0,0.0
2013-02-05 00:00:00-05:00,14.404165267944336,14.404165267944336,14.404165267944336,14.404165267944336,800,0.0,0.0,0.0
2013-02-06 00:00:00-05:00,14.35358158120291,14.35358158120291,14.33132470665646,14.349534034729004,13200,0.0,0.0,0.0
2013-02-07 00:00:00-05:00,14.35358027475208,14.357626277171043,14.25645923614502,14.25645923614502,3200,0.0,0.0,0.0
2013-02-08 00:00:00-05:00,14.25645923614502,14.25645923614502,14.25645923614502,14.25645923614502,0,0.0,0.0,0.0
2013-02-11 00:00:00-05:00,14.424402236938477,14.424402236938477,14.424402236938477,14.424402236938477,800,0.0,0.0,0.0
2013-02-12 00:00:00-05:00,14.462836265563965,14.462836265563965,14.462836265563965,14.462836265563965,800,0.0,0.0,0.0
2013-02-13 00:00:00-05:00,14.462836265563965,14.462836265563965,14.462836265563965,14.462836265563965,0,0.0,0.0,0.0
2013-02-14 00:00:00-05:00,14.460818551719722,14.491168975830076,14.460818551719722,14.491168975830078,800,0.0,0.0,0.0
2013-02-15 00:00:00-05:00,14.466889381408693,14.466889381408693,14.466889381408693,14.466889381408691,800,0.0,0.0,0.0
2013-02-19 00:00:00-05:00,14.531637191772461,14.531637191772461,14.531637191772461,14.531637191772461,800,0.0,0.0,0.0
2013-02-20 00:00:00-05:00,14.531637191772461,14.531637191772461,14.531637191772461,14.531637191772461,0,0.0,0.0,0.0
2013-02-21 00:00:00-05:00,14.531637191772461,14.531637191772461,14.531637191772461,14.531637191772461,0,0.0,0.0,0.0
2013-02-22 00:00:00-05:00,14.357627868652344,14.357627868652344,14.357627868652344,14.357627868652344,1200,0.0,0.0,0.0
2013-02-25 00:00:00-05:00,14.487120581198853,14.487120581198853,14.163386344909668,14.163386344909668,13600,0.0,0.0,0.0
2013-02-26 00:00:00-05:00,14.183619467572628,14.183619467572628,14.118872620212828,14.141129493713379,5600,0.0,0.0,0.0
2013-02-27 00:00:00-05:00,14.430471157697454,14.46486759185791,14.430471157697454,14.46486759185791,1200,0.0,0.0,0.0
2013-02-28 00:00:00-05:00,14.46486759185791,14.46486759185791,14.46486759185791,14.46486759185791,0,0.0,0.0,0.0
2013-03-01 00:00:00-05:00,14.448675173317877,14.448675173317877,14.42641830444336,14.42641830444336,2800,0.0,0.0,0.0
2013-03-04 00:00:00-05:00,14.43451741494463,14.49521827697754,14.394051202714053,14.495218276977539,9600,0.0,0.0,0.0
2013-03-05 00:00:00-05:00,14.634821452393851,14.63684368133545,14.634821452393851,14.63684368133545,4800,0.0,0.0,0.0
2013-03-06 00:00:00-05:00,14.675294876098633,14.675294876098633,14.675294876098633,14.675294876098633,800,0.0,0.0,0.0
2013-03-07 00:00:00-05:00,14.697550824006864,14.71778392791748,14.697550824006864,14.71778392791748,1600,0.0,0.0,0.0
2013-03-08 00:00:00-05:00,15.02128566838758,15.02128566838758,14.709690916941558,14.75622844696045,3200,0.0,0.0,0.0
2013-03-11 00:00:00-04:00,14.778478470120133,14.788594245910645,14.776454697487543,14.788594245910645,13200,0.0,0.0,0.0
2013-03-12 00:00:00-04:00,14.82299618488236,14.833111963388268,14.770388888117083,14.778482437133789,11200,0.0,0.0,0.0
2013-03-13 00:00:00-04:00,14.778482437133789,14.778482437133789,14.778482437133789,14.778482437133789,0,0.0,0.0,0.0
2013-03-14 00:00:00-04:00,14.879650861947615,14.8917904147533,14.865487535778723,14.86953353881836,6000,0.0,0.0,0.0
2013-03-15 00:00:00-04:00,14.885780334472656,14.885780334472656,14.885780334472656,14.885780334472656,800,0.0725,0.0,0.0
2013-03-18 00:00:00-04:00,14.843126449169578,14.84922027257568,14.80859375,14.80859375,4400,0.0,0.0,0.0
2013-03-19 00:00:00-04:00,14.849218604153958,14.849218604153958,14.670459755182373,14.71108627319336,22800,0.0,0.0,0.0
2013-03-20 00:00:00-04:00,14.832969845131334,14.879691743440253,14.822813988839883,14.86344051361084,6400,0.0,0.0,0.0
2013-03-21 00:00:00-04:00,14.82078199007434,14.82078199007434,14.727339744567871,14.727339744567871,7200,0.0,0.0,0.0
2013-03-22 00:00:00-04:00,14.79437354471784,14.859376907348633,14.79437354471784,14.859376907348633,1200,0.0,0.0,0.0
2013-03-25 00:00:00-04:00,14.865468781318162,14.865468781318162,14.769994765953209,14.794371604919434,2800,0.0,0.0,0.0
2013-03-26 00:00:00-04:00,14.826878721723013,14.887820069780892,14.826878721723013,14.857349395751953,6000,0.0,0.0,0.0
2013-03-27 00:00:00-04:00,14.835004829547433,14.839068412780762,14.820785387836604,14.839068412780762,8800,0.0,0.0,0.0
2013-03-28 00:00:00-04:00,14.922346614856037,14.965004920959473,14.922346614856037,14.965004920959473,42800,0.0,0.0,0.0
2013-04-01 00:00:00-04:00,14.895940101510504,14.926410764115632,14.843124389648438,14.843124389648438,92400,0.0,0.0,0.0
2013-04-02 00:00:00-04:00,14.977201756152198,14.981263789842899,14.934541878483284,14.94469928741455,188400,0.0,0.0,0.0
2013-04-03 00:00:00-04:00,14.926412003637335,14.926412003637335,14.75780899971645,14.79030990600586,318800,0.0,0.0,0.0
2013-04-04 00:00:00-04:00,14.818752001670873,14.84719088203241,14.7273415361949,14.830941200256348,169200,0.0,0.0,0.0
2013-04-05 00:00:00-04:00,14.656242246862872,14.776091575622559,14.656242246862872,14.776091575622559,26800,0.0,0.0,0.0
2013-04-08 00:00:00-04:00,14.784214066892186,14.871562468474686,14.749681374355482,14.86953067779541,28400,0.0,0.0,0.0
2013-04-09 00:00:00-04:00,14.91422369663933,14.99547829190951,14.853283912538569,14.938600540161133,18400,0.0,0.0,0.0
2013-04-10 00:00:00-04:00,14.993447507527064,15.141737270086852,14.993447507527064,15.109234809875488,13600,0.0,0.0,0.0
2013-04-11 00:00:00-04:00,15.109234809875488,15.109234809875488,15.109234809875488,15.109234809875488,0,0.0,0.0,0.0
2013-04-12 00:00:00-04:00,15.109234809875488,15.109234809875488,15.109234809875488,15.109234809875488,400,0.0,0.0,0.0
2013-04-15 00:00:00-04:00,15.072668464511032,15.072668464511032,14.859376907348633,14.859376907348633,3600,0.0,0.0,0.0
2013-04-16 00:00:00-04:00,14.910159772993232,14.99953842163086,14.910159772993232,14.99953842163086,2000,0.0,0.0,0.0
2013-04-17 00:00:00-04:00,14.719212897208118,14.78015422821045,14.719212897208118,14.78015422821045,3200,0.0,0.0,0.0
2013-04-18 00:00:00-04:00,14.80047063014333,14.80047063014333,14.621711730957031,14.621711730957031,6000,0.0,0.0,0.0
2013-04-19 00:00:00-04:00,14.804527156732494,14.822810173034668,14.804527156732494,14.822810173034668,2400,0.0,0.0,0.0
2013-04-22 00:00:00-04:00,14.851245426988429,14.8939037215707,14.851245426988429,14.873590469360352,22400,0.0,0.0,0.0
2013-04-23 00:00:00-04:00,14.979227734605223,15.011730194091797,14.979227734605223,15.011730194091797,29600,0.0,0.0,0.0
2013-04-24 00:00:00-04:00,15.060479164123535,15.062510954864509,15.056417132443832,15.060479164123535,3600,0.0,0.0,0.0
2013-04-25 00:00:00-04:00,15.08892092992583,15.145798683166504,15.08892092992583,15.145798683166504,2400,0.0,0.0,0.0
2013-04-26 00:00:00-04:00,15.097046540479015,15.103140364067043,15.064545631408691,15.064545631408691,7600,0.0,0.0,0.0
2013-04-29 00:00:00-04:00,15.139703316615064,15.18642520904541,15.139703316615064,15.18642520904541,2800,0.0,0.0,0.0
2013-04-30 00:00:00-04:00,15.192524286918932,15.231120578806918,15.192524286918932,15.208775520324707,3200,0.0,0.0,0.0
2013-05-01 00:00:00-04:00,15.184391021728517,15.184391021728517,15.184391021728517,15.184391021728516,800,0.0,0.0,0.0
2013-05-02 00:00:00-04:00,15.16204913583349,15.16204913583349,15.135642051696777,15.135642051696777,800,0.0,0.0,0.0
2013-05-03 00:00:00-04:00,15.420034408569336,15.420034408569336,15.420034408569336,15.420034408569336,400,0.0,0.0,0.0
2013-05-06 00:00:00-04:00,15.395648698906456,15.466745855360212,15.393616908778698,15.448464393615723,5200,0.0,0.0,0.0
2013-05-07 00:00:00-04:00,15.448464393615723,15.448464393615723,15.448464393615723,15.448464393615723,0,0.0,0.0,0.0
2013-05-08 00:00:00-04:00,15.448464393615723,15.448464393615723,15.448464393615723,15.448464393615723,0,0.0,0.0,0.0
2013-05-09 00:00:00-04:00,15.448464393615723,15.448464393615723,15.448464393615723,15.448464393615723,0,0.0,0.0,0.0
2013-05-10 00:00:00-04:00,15.448464393615723,15.448464393615723,15.448464393615723,15.448464393615723,0,0.0,0.0,0.0
2013-05-13 00:00:00-04:00,15.649573144999218,15.649573144999218,15.639415740966797,15.639415740966797,5600,0.0,0.0,0.0
2013-05-14 00:00:00-04:00,15.625196801949619,15.682074546813965,15.625196801949619,15.682074546813965,2400,0.0,0.0,0.0
2013-05-15 00:00:00-04:00,15.76942131341042,15.848644099767897,15.755201878674518,15.842550277709961,15600,0.0,0.0,0.0
2013-05-16 00:00:00-04:00,15.830362319946287,15.830362319946287,15.810049063554917,15.830362319946289,1600,0.0,0.0,0.0
2013-05-17 00:00:00-04:00,15.844588301302476,15.868965148925781,15.797866397475165,15.868965148925781,5600,0.0,0.0,0.0
2013-05-20 00:00:00-04:00,15.948179244995115,15.948179244995115,15.948179244995115,15.948179244995117,400,0.0,0.0,0.0
2013-05-21 00:00:00-04:00,15.948179244995115,15.948179244995115,15.948179244995115,15.948179244995117,0,0.0,0.0,0.0
2013-05-22 00:00:00-04:00,16.023346922941517,16.0477237701416,16.023346922941517,16.0477237701416,7200,0.0,0.0,0.0
2013-05-23 00:00:00-04:00,15.779577554511015,15.779577554511015,15.751138687133789,15.751138687133789,4800,0.0,0.0,0.0
2013-05-24 00:00:00-04:00,15.751138687133789,15.751138687133789,15.751138687133789,15.751138687133789,0,0.0,0.0,0.0
2013-05-28 00:00:00-04:00,15.960374965274852,15.960374965274852,15.921778678894045,15.921778678894043,4000,0.0,0.0,0.0
2013-05-29 00:00:00-04:00,15.80802056283763,15.80802056283763,15.680045626116769,15.763330459594727,19200,0.0,0.0,0.0
2013-05-30 00:00:00-04:00,15.771453857421875,15.771453857421875,15.771453857421875,15.771453857421875,2000,0.0,0.0,0.0
2013-05-31 00:00:00-04:00,15.771453398823741,15.793798446655273,15.771453398823741,15.793798446655273,9200,0.0,0.0,0.0
2013-06-03 00:00:00-04:00,15.592699205521916,15.61910629272461,15.592699205521916,15.61910629272461,2000,0.0,0.0,0.0
2013-06-04 00:00:00-04:00,15.663789732404089,15.663789732404089,15.537845074394706,15.623163223266602,4800,0.0,0.0,0.0
2013-06-05 00:00:00-04:00,15.55004079491645,15.55004079491645,15.379405975341797,15.379405975341797,5200,0.0,0.0,0.0
2013-06-06 00:00:00-04:00,15.326585883834206,15.480969429016113,15.326585883834206,15.480969429016113,4000,0.0,0.0,0.0
2013-06-07 00:00:00-04:00,15.647545505693548,15.659733153924156,15.615044593811037,15.615044593811035,5200,0.0,0.0,0.0
2013-06-10 00:00:00-04:00,15.763324857230836,15.763324857230836,15.688165664672853,15.688165664672852,4400,0.0,0.0,0.0
2013-06-11 00:00:00-04:00,15.5276980484113,15.65161098645897,15.5276980484113,15.550043106079102,7200,0.0,0.0,0.0
2013-06-12 00:00:00-04:00,15.643487117231412,15.690207479534621,15.519574165344238,15.519574165344238,3600,0.0,0.0,0.0
2013-06-13 00:00:00-04:00,15.56223201751709,15.56223201751709,15.56223201751709,15.56223201751709,400,0.0,0.0,0.0
2013-06-14 00:00:00-04:00,15.615044593811037,15.615044593811037,15.615044593811037,15.615044593811035,800,0.0,0.0,0.0
2013-06-17 00:00:00-04:00,15.671918257368246,15.70848274230957,15.671918257368246,15.70848274230957,2400,0.0,0.0,0.0
2013-06-18 00:00:00-04:00,15.773491859436035,15.773491859436035,15.773491859436035,15.773491859436035,3600,0.0,0.0,0.0
2013-06-19 00:00:00-04:00,15.785676956176758,15.785676956176758,15.785676956176758,15.785676956176758,8800,0.0,0.0,0.0
2013-06-20 00:00:00-04:00,15.428155329353759,15.428155329353759,15.2351770401001,15.235177040100098,2000,0.0,0.0,0.0
2013-06-21 00:00:00-04:00,15.312550234895143,15.312550234895143,15.134947776794434,15.134947776794434,10800,0.09225,0.0,0.0
2013-06-24 00:00:00-04:00,15.104320293641566,15.134941609452136,14.926719465376928,15.075740814208984,21200,0.0,0.0,0.0
2013-06-25 00:00:00-04:00,15.171691483788216,15.177815437316895,15.171691483788216,15.177815437316895,3600,0.0,0.0,0.0
2013-06-26 00:00:00-04:00,15.326835107931494,15.326835107931494,15.277840375259526,15.318669319152832,16000,0.0,0.0,0.0
2013-06-27 00:00:00-04:00,15.5105619430542,15.5105619430542,15.5105619430542,15.5105619430542,3200,0.0,0.0,0.0
2013-06-28 00:00:00-04:00,15.388083632366524,15.420746803283691,15.377877559554193,15.420746803283691,8800,0.0,0.0,0.0
2013-07-01 00:00:00-04:00,15.420746803283691,15.420746803283691,15.420746803283691,15.420746803283691,0,0.0,0.0,0.0
2013-07-02 00:00:00-04:00,15.543225925313813,15.543225925313813,15.49831485748291,15.49831485748291,4400,0.0,0.0,0.0
2013-07-03 00:00:00-04:00,15.404411088340542,15.443198204040527,15.404411088340542,15.443198204040527,5200,0.0,0.0,0.0
2013-07-05 00:00:00-04:00,15.602422694536438,15.604464530944824,15.602422694536438,15.604464530944824,1600,0.0,0.0,0.0
2013-07-08 00:00:00-04:00,15.677958488464355,15.749407203702015,15.677958488464355,15.677958488464355,9600,0.0,0.0,0.0
2013-07-09 00:00:00-04:00,15.826978797351483,15.927006991892082,15.826978797351483,15.841268539428711,2800,0.0,0.0,0.0
2013-07-10 00:00:00-04:00,15.841268539428711,15.841268539428711,15.841268539428711,15.841268539428711,0,0.0,0.0,0.0
2013-07-11 00:00:00-04:00,16.008668248150823,16.008668248150823,15.96375717140179,15.98825454711914,10000,0.0,0.0,0.0
2013-07-12 00:00:00-04:00,16.076032638549805,16.076032638549805,16.02295577724017,16.076032638549805,4800,0.0,0.0,0.0
2013-07-15 00:00:00-04:00,16.098487854003906,16.098487854003906,16.098487854003906,16.098487854003906,1200,0.0,0.0,0.0
2013-07-16 00:00:00-04:00,16.071950912475586,16.071950912475586,16.071950912475586,16.071950912475586,1600,0.0,0.0,0.0
2013-07-17 00:00:00-04:00,16.11072540283203,16.11072540283203,16.11072540283203,16.11072540283203,800,0.0,0.0,0.0
2013-07-18 00:00:00-04:00,16.100529000889424,16.21076483324879,16.100529000889424,16.190349578857422,8400,0.0,0.0,0.0
2013-07-19 00:00:00-04:00,16.16993552412454,16.216888427734375,16.16993552412454,16.216888427734375,3200,0.0,0.0,0.0
2013-07-22 00:00:00-04:00,16.216888427734375,16.216888427734375,16.216888427734375,16.216888427734375,0,0.0,0.0,0.0
2013-07-23 00:00:00-04:00,16.229137420654297,16.229137420654297,16.229137420654297,16.229137420654297,400,0.0,0.0,0.0
2013-07-24 00:00:00-04:00,16.247509194070933,16.247509194070933,16.14543914794922,16.14543914794922,2800,0.0,0.0,0.0
2013-07-25 00:00:00-04:00,16.16584855735386,16.200551986694336,16.141351194455723,16.200551986694336,3600,0.0,0.0,0.0
2013-07-26 00:00:00-04:00,16.200551986694336,16.200551986694336,16.200551986694336,16.200551986694336,0,0.0,0.0,0.0
2013-07-29 00:00:00-04:00,16.200551986694336,16.200551986694336,16.200551986694336,16.200551986694336,0,0.0,0.0,0.0
2013-07-30 00:00:00-04:00,16.17401846981246,16.1781005859375,16.17401846981246,16.1781005859375,1600,0.0,0.0,0.0
2013-07-31 00:00:00-04:00,16.1781005859375,16.1781005859375,16.1781005859375,16.1781005859375,0,0.0,0.0,0.0
2013-08-01 00:00:00-04:00,16.308751534282255,16.367952346801758,16.308751534282255,16.367952346801758,2800,0.0,0.0,0.0
2013-08-02 00:00:00-04:00,16.388365109451833,16.39448906255884,16.365909576416016,16.365909576416016,4000,0.0,0.0,0.0
2013-08-05 00:00:00-04:00,16.40674267907573,16.408782958984375,16.40674267907573,16.408782958984375,800,0.0,0.0,0.0
2013-08-06 00:00:00-04:00,16.282204887057258,16.30874252319336,16.280163051211584,16.30874252319336,2800,0.0,0.0,0.0
2013-08-07 00:00:00-04:00,16.23117392412765,16.23117392412765,16.22504997253418,16.22504997253418,1200,0.0,0.0,0.0
2013-08-08 00:00:00-04:00,16.320995330810547,16.320995330810547,16.320995330810547,16.320995330810547,800,0.0,0.0,0.0
2013-08-09 00:00:00-04:00,16.304669440983975,16.304669440983975,16.29650365054223,16.29854393005371,4000,0.0,0.0,0.0
2013-08-12 00:00:00-04:00,16.243425369262695,16.243425369262695,16.243425369262695,16.243425369262695,1200,0.0,0.0,0.0
2013-08-13 00:00:00-04:00,16.265883635112026,16.265883635112026,16.23118019104004,16.23118019104004,800,0.0,0.0,0.0
2013-08-14 00:00:00-04:00,16.316910680332224,16.316910680332224,16.25362777709961,16.25362777709961,2000,0.0,0.0,0.0
2013-08-15 00:00:00-04:00,16.000500436057525,16.029079925386608,15.97192094672844,15.973962783813477,8000,0.0,0.0,0.0
2013-08-16 00:00:00-04:00,15.973962783813477,15.973962783813477,15.973962783813477,15.973962783813477,0,0.0,0.0,0.0
2013-08-19 00:00:00-04:00,15.922924127609399,15.922924127609399,15.861681488747976,15.871889114379883,20400,0.0,0.0,0.0
2013-08-20 00:00:00-04:00,15.871889114379881,15.871889114379881,15.871889114379881,15.871889114379883,0,0.0,0.0,0.0
2013-08-21 00:00:00-04:00,15.871889114379881,15.871889114379881,15.871889114379881,15.871889114379883,0,0.0,0.0,0.0
2013-08-22 00:00:00-04:00,15.945383092247129,15.945383092247129,15.943341255187988,15.943341255187988,1200,0.0,0.0,0.0
2013-08-23 00:00:00-04:00,15.967832565307617,15.967832565307617,15.967832565307617,15.967832565307617,400,0.0,0.0,0.0
2013-08-26 00:00:00-04:00,16.063782281959426,16.088278093086558,16.063782281959426,16.06990623474121,2400,0.0,0.0,0.0
2013-08-27 00:00:00-04:00,15.810645795296114,15.837184997811267,15.71674156188965,15.716741561889648,8800,0.0,0.0,0.0
2013-08-28 00:00:00-04:00,15.7310369966361,15.786155700683596,15.7310369966361,15.786155700683594,2400,0.0,0.0,0.0
2013-08-29 00:00:00-04:00,15.786155700683596,15.786155700683596,15.786155700683596,15.786155700683594,0,0.0,0.0,0.0
2013-08-30 00:00:00-04:00,15.786155700683596,15.786155700683596,15.786155700683596,15.786155700683594,0,0.0,0.0,0.0
2013-09-03 00:00:00-04:00,15.869846215193409,15.869846215193409,15.777983820516935,15.788189888000488,3600,0.0,0.0,0.0
2013-09-04 00:00:00-04:00,15.788189888000488,15.788189888000488,15.788189888000488,15.788189888000488,0,0.0,0.0,0.0
2013-09-05 00:00:00-04:00,15.714703555110006,15.959671020507814,15.714703555110006,15.959671020507812,2800,0.0,0.0,0.0
2013-09-06 00:00:00-04:00,15.959671020507814,15.959671020507814,15.959671020507814,15.959671020507812,0,0.0,0.0,0.0
2013-09-09 00:00:00-04:00,15.959671020507814,15.959671020507814,15.959671020507814,15.959671020507812,0,0.0,0.0,0.0
2013-09-10 00:00:00-04:00,16.245464562106335,16.245464562106335,16.204635620117188,16.204635620117188,3200,0.0,0.0,0.0
2013-09-11 00:00:00-04:00,16.204635620117188,16.204635620117188,16.204635620117188,16.204635620117188,0,0.0,0.0,0.0
2013-09-12 00:00:00-04:00,16.204635620117188,16.204635620117188,16.204635620117188,16.204635620117188,0,0.0,0.0,0.0
2013-09-13 00:00:00-04:00,16.272003173828125,16.272003173828125,16.272003173828125,16.272003173828125,800,0.0,0.0,0.0
2013-09-16 00:00:00-04:00,16.41490418414929,16.42102813720703,16.41490418414929,16.42102813720703,3200,0.0,0.0,0.0
2013-09-17 00:00:00-04:00,16.447567057405504,16.465940475463867,16.443484940873255,16.465940475463867,3200,0.0,0.0,0.0
2013-09-18 00:00:00-04:00,16.423065551918324,16.670076370239258,16.423065551918324,16.670076370239258,2000,0.0,0.0,0.0
2013-09-19 00:00:00-04:00,16.63741438821191,16.63741438821191,16.631290435791016,16.631290435791016,2400,0.0,0.0,0.0
2013-09-20 00:00:00-04:00,16.626573624289307,16.626573624289307,16.519927978515625,16.519927978515625,13200,0.09425,0.0,0.0
2013-09-23 00:00:00-04:00,16.441999684168856,16.47071204506392,16.41738998323384,16.433795928955078,62800,0.0,0.0,0.0
2013-09-24 00:00:00-04:00,16.47275675656353,16.47275675656353,16.439943313598633,16.439943313598633,5600,0.0,0.0,0.0
2013-09-25 00:00:00-04:00,16.40713150051965,16.40713150051965,16.3681640625,16.3681640625,2400,0.0,0.0,0.0
2013-09-26 00:00:00-04:00,16.411226272583008,16.411226272583008,16.411226272583008,16.411226272583008,1200,0.0,0.0,0.0
2013-09-27 00:00:00-04:00,16.357906341552734,16.357906341552734,16.357906341552734,16.357906341552734,1600,0.0,0.0,0.0
2013-09-30 00:00:00-04:00,16.357906341552734,16.357906341552734,16.357906341552734,16.357906341552734,0,0.0,0.0,0.0
2013-10-01 00:00:00-04:00,16.3825143179413,16.386616975568735,16.380464553833008,16.380464553833008,1600,0.0,0.0,0.0
2013-10-02 00:00:00-04:00,16.306640625,16.306640625,16.306640625,16.306640625,4800,0.0,0.0,0.0
2013-10-03 00:00:00-04:00,16.25536267957523,16.27587127685547,16.25126002129578,16.27587127685547,14000,0.0,0.0,0.0
2013-10-04 00:00:00-04:00,16.353804267134045,16.39072036743164,16.353804267134045,16.39072036743164,5200,0.0,0.0,0.0
2013-10-07 00:00:00-04:00,16.298434233573854,16.323043929003443,16.275874302959423,16.296382904052734,3200,0.0,0.0,0.0
2013-10-08 00:00:00-04:00,16.150766475797262,16.150766475797262,16.0892391204834,16.0892391204834,1200,0.0,0.0,0.0
2013-10-09 00:00:00-04:00,16.021564483642578,16.021564483642578,16.021564483642578,16.021564483642578,800,0.0,0.0,0.0
2013-10-10 00:00:00-04:00,16.32304573059082,16.32304573059082,16.32304573059082,16.32304573059082,1600,0.0,0.0,0.0
2013-10-11 00:00:00-04:00,16.32304573059082,16.32304573059082,16.32304573059082,16.32304573059082,0,0.0,0.0,0.0
2013-10-14 00:00:00-04:00,16.382512167320815,16.3886661529541,16.382512167320815,16.3886661529541,1200,0.0,0.0,0.0
2013-10-15 00:00:00-04:00,16.3886661529541,16.3886661529541,16.3886661529541,16.3886661529541,0,0.0,0.0,0.0
2013-10-16 00:00:00-04:00,16.62862513736383,16.638878653869607,16.606065210463125,16.618370056152344,9200,0.0,0.0,0.0
2013-10-17 00:00:00-04:00,16.69835178792234,16.741420305074474,16.69835178792234,16.72706413269043,5600,0.0,0.0,0.0
2013-10-18 00:00:00-04:00,16.83782013044577,16.887041091918945,16.831667705849892,16.887041091918945,4400,0.0,0.0,0.0
2013-10-21 00:00:00-04:00,16.88498663182904,16.917800075451687,16.88498663182904,16.893190383911133,2000,0.0,0.0,0.0
2013-10-22 00:00:00-04:00,16.919848565968863,16.971120834350586,16.919848565968863,16.971120834350586,1200,0.0,0.0,0.0
2013-10-23 00:00:00-04:00,16.88908855198082,16.923953326506517,16.860376200641323,16.917800903320312,7600,0.0,0.0,0.0
2013-10-24 00:00:00-04:00,16.96087387560436,16.969077630238022,16.940365271373306,16.954721450805664,5200,0.0,0.0,0.0
2013-10-25 00:00:00-04:00,17.01009110230398,17.01009110230398,16.969072341918945,16.969072341918945,800,0.0,0.0,0.0
2013-10-28 00:00:00-04:00,17.051108732524487,17.051108732524487,17.018295288085938,17.018295288085938,800,0.0,0.0,0.0
2013-10-29 00:00:00-04:00,17.018295288085938,17.018295288085938,17.018295288085938,17.018295288085938,0,0.0,0.0,0.0
2013-10-30 00:00:00-04:00,17.06957244873047,17.06957244873047,17.06957244873047,17.06957244873047,400,0.0,0.0,0.0
2013-10-31 00:00:00-04:00,17.042911895271235,17.088031768798828,17.042911895271235,17.088031768798828,3200,0.0,0.0,0.0
2013-11-01 00:00:00-04:00,16.979328189953904,17.05931282043457,16.979328189953904,17.05931282043457,6000,0.0,0.0,0.0
2013-11-04 00:00:00-05:00,17.11264292262794,17.11469268798828,17.100336506933985,17.11469268798828,2000,0.0,0.0,0.0
2013-11-05 00:00:00-05:00,16.977272033691406,16.977272033691406,16.977272033691406,16.977272033691406,400,0.0,0.0,0.0
2013-11-06 00:00:00-05:00,17.141347152295072,17.141347152295072,17.131092071533203,17.131092071533203,800,0.0,0.0,0.0
2013-11-07 00:00:00-05:00,17.003936767578125,17.003936767578125,17.003936767578125,17.003936767578125,400,0.0,0.0,0.0
2013-11-08 00:00:00-05:00,17.034704643330663,17.067519659054227,17.034704643330663,17.049060821533203,18000,0.0,0.0,0.0
2013-11-11 00:00:00-05:00,17.139296555950637,17.143397649607333,17.126991710274837,17.141347885131836,10000,0.0,0.0,0.0
2013-11-12 00:00:00-05:00,17.053159122274185,17.09827897500897,17.053159122274185,17.096227645874023,7200,0.0,0.0,0.0
2013-11-13 00:00:00-05:00,17.19466781616211,17.19466781616211,17.19466781616211,17.19466781616211,800,0.0,0.0,0.0
2013-11-14 00:00:00-05:00,17.34233283996582,17.34233283996582,17.34233283996582,17.34233283996582,3600,0.0,0.0,0.0
2013-11-15 00:00:00-05:00,17.36079088858399,17.397706985473633,17.36079088858399,17.397706985473633,8800,0.0,0.0,0.0
2013-11-18 00:00:00-05:00,17.451032125294244,17.451032125294244,17.311573028564453,17.311573028564453,3200,0.0,0.0,0.0
2013-11-19 00:00:00-05:00,17.315677811883354,17.35464525292291,17.25825309753418,17.25825309753418,7200,0.0,0.0,0.0
2013-11-20 00:00:00-05:00,17.196718461573607,17.22338104248047,17.196718461573607,17.22338104248047,3200,0.0,0.0,0.0
2013-11-21 00:00:00-05:00,17.332080932145878,17.381301879882812,17.332080932145878,17.381301879882812,4800,0.0,0.0,0.0
2013-11-22 00:00:00-05:00,17.381301879882812,17.381301879882812,17.381301879882812,17.381301879882812,0,0.0,0.0,0.0
2013-11-25 00:00:00-05:00,17.48384750590605,17.48384750590605,17.424371473253224,17.432575225830078,5200,0.0,0.0,0.0
2013-11-26 00:00:00-05:00,17.469493571065733,17.475645995111154,17.467442241481923,17.473594665527344,8000,0.0,0.0,0.0
2013-11-27 00:00:00-05:00,17.498207588162337,17.506411342570654,17.475647654716006,17.481800079345703,12000,0.0,0.0,0.0
2013-11-29 00:00:00-05:00,17.54537685993088,17.54537685993088,17.516664505004883,17.516664505004883,3200,0.0,0.0,0.0
2013-12-02 00:00:00-05:00,17.465383329522844,17.465383329522844,17.44282341003418,17.44282341003418,8000,0.0,0.0,0.0
2013-12-03 00:00:00-05:00,17.389509943964708,17.389509943964708,17.338237654319116,17.364898681640625,8400,0.0,0.0,0.0
2013-12-04 00:00:00-05:00,17.41001982290469,17.42027490746787,17.315678990807058,17.362850189208984,5200,0.0,0.0,0.0
2013-12-05 00:00:00-05:00,17.325928524236588,17.325928524236588,17.270553588867188,17.270553588867188,2400,0.0,0.0,0.0
2013-12-06 00:00:00-05:00,17.496153276964105,17.496153276964105,17.465391159057617,17.465391159057617,1600,0.0,0.0,0.0
2013-12-09 00:00:00-05:00,17.55357551574707,17.55357551574707,17.55357551574707,17.55357551574707,800,0.0,0.0,0.0
2013-12-10 00:00:00-05:00,17.500254463315486,17.518711732506347,17.479745864868164,17.479745864868164,6400,0.0,0.0,0.0
2013-12-11 00:00:00-05:00,17.24799346923828,17.24799346923828,17.24799346923828,17.24799346923828,2400,0.0,0.0,0.0
2013-12-12 00:00:00-05:00,17.252103142469707,17.252103142469707,17.211084365844727,17.211084365844727,3600,0.0,0.0,0.0
2013-12-13 00:00:00-05:00,17.24184349424562,17.247995917934606,17.22748731740269,17.23569107055664,9200,0.0,0.0,0.0
2013-12-16 00:00:00-05:00,17.311570093995904,17.344383533338846,17.311570093995904,17.340282440185547,9600,0.0,0.0,0.0
2013-12-17 00:00:00-05:00,17.35874191465014,17.35874191465014,17.30131721496582,17.30131721496582,8800,0.0,0.0,0.0
2013-12-18 00:00:00-05:00,17.315674511550554,17.321826934814453,17.315674511550554,17.321826934814453,4000,0.0,0.0,0.0
2013-12-19 00:00:00-05:00,17.54742407056184,17.555627822875977,17.54742407056184,17.555627822875977,800,0.0,0.0,0.0
2013-12-20 00:00:00-05:00,17.627784497434018,17.66695785522461,17.627784497434018,17.66695785522461,2400,0.1125,0.0,0.0
2013-12-23 00:00:00-05:00,17.739131529556104,17.749439239501953,17.739131529556104,17.749439239501953,11600,0.0,0.0,0.0
2013-12-24 00:00:00-05:00,17.749439239501953,17.749439239501953,17.749439239501953,17.749439239501953,0,0.0,0.0,0.0
2013-12-26 00:00:00-05:00,17.854577185709086,17.88756561279297,17.854577185709086,17.88756561279297,4000,0.0,0.0,0.0
2013-12-27 00:00:00-05:00,17.88756561279297,17.88756561279297,17.88756561279297,17.88756561279297,0,0.0,0.0,0.0
2013-12-30 00:00:00-05:00,17.875199025256176,17.875199025256176,17.873138427734375,17.873138427734375,4000,0.0,0.0,0.0
2013-12-31 00:00:00-05:00,17.92468155104958,17.92468155104958,17.891693115234375,17.891693115234375,2400,0.0,0.0,0.0
2014-01-02 00:00:00-05:00,17.856646815183638,17.856646815183638,17.76593017578125,17.76593017578125,10800,0.0,0.0,0.0
2014-01-03 00:00:00-05:00,17.838086674753157,17.838086674753157,17.78654342646703,17.803037643432617,6400,0.0,0.0,0.0
2014-01-06 00:00:00-05:00,17.844277600639476,17.844277600639476,17.763870239257812,17.763870239257812,1600,0.0,0.0,0.0
2014-01-07 00:00:00-05:00,17.829841812783958,17.84633445739746,17.829841812783958,17.84633445739746,22400,0.0,0.0,0.0
2014-01-08 00:00:00-05:00,17.86488789000714,17.86901065723469,17.860763549804688,17.860763549804688,4800,0.0,0.0,0.0
2014-01-09 00:00:00-05:00,17.924683653643974,17.924683653643974,17.811287858446686,17.862831115722656,24000,0.0,0.0,0.0
2014-01-10 00:00:00-05:00,17.869013179698,17.914371490478516,17.869013179698,17.914371490478516,1600,0.0,0.0,0.0
2014-01-13 00:00:00-05:00,17.87107586178437,17.930866221072897,17.68758201599121,17.68758201599121,12800,0.0,0.0,0.0
2014-01-14 00:00:00-05:00,17.895811080932617,17.895811080932617,17.895811080932617,17.895811080932617,1200,0.0,0.0,0.0
2014-01-15 00:00:00-05:00,17.937047182606765,17.959726333618164,17.937047182606765,17.959726333618164,2400,0.0,0.0,0.0
2014-01-16 00:00:00-05:00,17.916427166152502,17.937044143676758,17.916427166152502,17.937044143676758,2400,0.0,0.0,0.0
2014-01-17 00:00:00-05:00,17.916436883637235,17.916436883637235,17.90818977355957,17.90818977355957,1600,0.0,0.0,0.0
2014-01-21 00:00:00-05:00,17.996839457517286,17.996839457517286,17.85664176940918,17.85664176940918,87200,0.0,0.0,0.0
2014-01-22 00:00:00-05:00,17.97003936767578,17.97003936767578,17.97003936767578,17.97003936767578,2400,0.0,0.0,0.0
2014-01-23 00:00:00-05:00,17.881385111557602,17.881385111557602,17.755619454809136,17.790668487548828,4000,0.0,0.0,0.0
2014-01-24 00:00:00-05:00,17.664899122893654,17.664899122893654,17.466973271762964,17.47109603881836,8800,0.0,0.0,0.0
2014-01-27 00:00:00-05:00,17.33914393353617,17.413366317749023,17.33914393353617,17.413366317749023,4800,0.0,0.0,0.0
2014-01-28 00:00:00-05:00,17.44635772705078,17.44635772705078,17.44635772705078,17.44635772705078,1600,0.0,0.0,0.0
2014-01-29 00:00:00-05:00,17.26698994000443,17.4030648844105,17.254620062503975,17.279359817504883,29600,0.0,0.0,0.0
2014-01-30 00:00:00-05:00,17.433989961841032,17.704077686021982,17.411310803940907,17.464916229248047,24400,0.0,0.0,0.0
2014-01-31 00:00:00-05:00,17.27317010153902,17.433984756469727,17.271107931534186,17.433984756469727,12000,0.0,0.0,0.0
2014-02-03 00:00:00-05:00,17.318524478267793,17.318524478267793,16.92061069816957,16.928857803344727,38000,0.0,0.0,0.0
2014-02-04 00:00:00-05:00,17.09380313852556,17.116480720000066,17.085556030273438,17.085556030273438,15600,0.0,0.0,0.0
2014-02-05 00:00:00-05:00,17.019581121654067,17.08349424583279,16.959790765206993,17.073184967041016,16000,0.0,0.0,0.0
2014-02-06 00:00:00-05:00,17.178336070164423,17.285545349121094,17.178336070164423,17.285545349121094,2800,0.0,0.0,0.0
2014-02-07 00:00:00-05:00,17.444295248672148,17.493776321411133,17.444295248672148,17.493776321411133,22800,0.0,0.0,0.0
2014-02-10 00:00:00-05:00,17.483468433709778,17.522640228271484,17.483468433709778,17.522640228271484,8000,0.0,0.0,0.0
2014-02-11 00:00:00-05:00,17.522640228271484,17.522640228271484,17.522640228271484,17.522640228271484,0,0.0,0.0,0.0
2014-02-12 00:00:00-05:00,17.819530998398797,17.819530998398797,17.730876552716214,17.788604736328125,2800,0.0,0.0,0.0
2014-02-13 00:00:00-05:00,17.873138427734375,17.873138427734375,17.873138427734375,17.873138427734375,1200,0.0,0.0,0.0
2014-02-14 00:00:00-05:00,17.904064709953246,17.92262110012346,17.90200411224849,17.92055892944336,19600,0.0,0.0,0.0
2014-02-18 00:00:00-05:00,17.970035103914697,17.990652084350586,17.970035103914697,17.990652084350586,13200,0.0,0.0,0.0
2014-02-19 00:00:00-05:00,17.990652084350586,17.990652084350586,17.990652084350586,17.990652084350586,0,0.0,0.0,0.0
2014-02-20 00:00:00-05:00,17.990652084350586,17.990652084350586,17.990652084350586,17.990652084350586,0,0.0,0.0,0.0
2014-02-21 00:00:00-05:00,17.990652084350586,17.990652084350586,17.990652084350586,17.990652084350586,0,0.0,0.0,0.0
2014-02-24 00:00:00-05:00,17.990652084350586,17.990652084350586,17.990652084350586,17.990652084350586,0,0.0,0.0,0.0
2014-02-25 00:00:00-05:00,18.0916795246578,18.0916795246578,18.050445556640625,18.050445556640625,1600,0.0,0.0,0.0
2014-02-26 00:00:00-05:00,18.056631681561388,18.112297699341482,18.056631681561388,18.062816619873047,2800,0.0,0.0,0.0
2014-02-27 00:00:00-05:00,18.05663071685274,18.11435890197754,17.99684036140918,18.11435890197754,6800,0.0,0.0,0.0
2014-02-28 00:00:00-05:00,18.205076889516285,18.24837303161621,18.205076889516285,18.24837303161621,1200,0.0,0.0,0.0
2014-03-03 00:00:00-05:00,18.077247619628906,18.077247619628906,18.077247619628906,18.077247619628906,2800,0.0,0.0,0.0
2014-03-04 00:00:00-05:00,18.077247619628906,18.077247619628906,18.077247619628906,18.077247619628906,0,0.0,0.0,0.0
2014-03-05 00:00:00-05:00,18.306096133217995,18.34733009338379,18.306096133217995,18.34733009338379,3600,0.0,0.0,0.0
2014-03-06 00:00:00-05:00,18.40505847894901,18.40505847894901,18.365886688232422,18.365886688232422,2400,0.0,0.0,0.0
2014-03-07 00:00:00-05:00,18.43186968767017,18.43186968767017,18.334968109312385,18.3555850982666,86400,0.0,0.0,0.0
2014-03-10 00:00:00-04:00,18.367950506507956,18.367950506507956,18.349395692857808,18.359704971313477,4400,0.0,0.0,0.0
2014-03-11 00:00:00-04:00,18.363823023242023,18.363823023242023,18.297847747802734,18.297847747802734,1600,0.0,0.0,0.0
2014-03-12 00:00:00-04:00,18.252498626708984,18.252498626708984,18.252498626708984,18.252498626708984,1600,0.0,0.0,0.0
2014-03-13 00:00:00-04:00,18.334966058755025,18.334966058755025,18.08549690246582,18.08549690246582,13600,0.0,0.0,0.0
2014-03-14 00:00:00-04:00,18.046320555485384,18.052505493164062,18.046320555485384,18.052505493164062,2400,0.0,0.0,0.0
2014-03-17 00:00:00-04:00,18.052505493164062,18.052505493164062,18.052505493164062,18.052505493164062,0,0.0,0.0,0.0
2014-03-18 00:00:00-04:00,18.052505493164062,18.052505493164062,18.052505493164062,18.052505493164062,0,0.0,0.0,0.0
2014-03-19 00:00:00-04:00,18.30609856057988,18.30609856057988,18.213319778442383,18.213319778442383,2000,0.0,0.0,0.0
2014-03-20 00:00:00-04:00,18.330838888890288,18.330838888890288,18.32259178161621,18.32259178161621,10800,0.0,0.0,0.0
2014-03-21 00:00:00-04:00,18.400020534043996,18.420724640270347,18.313060760498047,18.313060760498047,4000,0.0935,0.0,0.0
2014-03-24 00:00:00-04:00,18.1329402923584,18.1329402923584,18.1329402923584,18.1329402923584,1200,0.0,0.0,0.0
2014-03-25 00:00:00-04:00,18.219897728479733,18.219897728479733,18.21782684326172,18.21782684326172,1200,0.0,0.0,0.0
2014-03-26 00:00:00-04:00,18.21782684326172,18.21782684326172,18.21782684326172,18.21782684326172,0,0.0,0.0,0.0
2014-03-27 00:00:00-04:00,18.002499835430665,18.077035903930664,18.002499835430665,18.077035903930664,6000,0.0,0.0,0.0
2014-03-28 00:00:00-04:00,18.132940756361663,18.236462909691486,18.132940756361663,18.195053100585938,2800,0.0,0.0,0.0
2014-03-31 00:00:00-04:00,18.282014846801758,18.282014846801758,18.282014846801758,18.282014846801758,1200,0.0,0.0,0.0
2014-04-01 00:00:00-04:00,18.395885622993653,18.416589736938477,18.37932169998874,18.416589736938477,5200,0.0,0.0,0.0
2014-04-02 00:00:00-04:00,18.478705610134515,18.49940972626613,18.478705610134515,18.48491668701172,17200,0.0,0.0,0.0
2014-04-03 00:00:00-04:00,18.493196429520495,18.493196429520495,18.443506240844727,18.443506240844727,7200,0.0,0.0,0.0
2014-04-04 00:00:00-04:00,18.224042892456055,18.230255549805477,18.224042892456055,18.224042892456055,4400,0.0,0.0,0.0
2014-04-07 00:00:00-04:00,18.14536143180279,18.14536143180279,18.000431060791016,18.000431060791016,7600,0.0,0.0,0.0
2014-04-08 00:00:00-04:00,18.074965429839427,18.09359865594849,18.074965429839427,18.089458465576172,9600,0.0,0.0,0.0
2014-04-09 00:00:00-04:00,18.08738931496331,18.275798797607422,18.08738931496331,18.275798797607422,11600,0.0,0.0,0.0
2014-04-10 00:00:00-04:00,17.99628908510356,18.019064083091674,17.894837826552678,17.911401748657227,3600,0.0,0.0,0.0
2014-04-11 00:00:00-04:00,17.801665763997438,17.801665763997438,17.79959487915039,17.79959487915039,2000,0.0,0.0,0.0
2014-04-14 00:00:00-04:00,17.845148749457394,17.894838939238173,17.739555714003416,17.849288940429688,11600,0.0,0.0,0.0
2014-04-15 00:00:00-04:00,17.84721565246582,17.84721565246582,17.84721565246582,17.84721565246582,800,0.0,0.0,0.0
2014-04-16 00:00:00-04:00,18.159854888916016,18.159854888916016,18.159854888916016,18.159854888916016,400,0.0,0.0,0.0
2014-04-17 00:00:00-04:00,18.19091289664222,18.23232112609583,18.180560049467466,18.213687896728516,4400,0.0,0.0,0.0
2014-04-21 00:00:00-04:00,18.263376321482475,18.263376321482475,18.25302505493164,18.25302505493164,5600,0.0,0.0,0.0
2014-04-22 00:00:00-04:00,18.25302505493164,18.25302505493164,18.25302505493164,18.25302505493164,0,0.0,0.0,0.0
2014-04-23 00:00:00-04:00,18.360694002840823,18.360694002840823,18.321355068758194,18.327566146850586,1600,0.0,0.0,0.0
2014-04-24 00:00:00-04:00,18.310997009277344,18.310997009277344,18.310997009277344,18.310997009277344,1200,0.0,0.0,0.0
2014-04-25 00:00:00-04:00,18.25303524160675,18.25303524160675,18.18885040283203,18.18885040283203,2000,0.0,0.0,0.0
2014-04-28 00:00:00-04:00,18.279940144475884,18.279940144475884,18.116374969482422,18.116374969482422,2000,0.0,0.0,0.0
2014-04-29 00:00:00-04:00,18.308927536010742,18.308927536010742,18.308927536010742,18.308927536010742,2000,0.0,0.0,0.0
2014-04-30 00:00:00-04:00,18.277871181625475,18.277871181625475,18.263378143310547,18.263378143310547,4000,0.0,0.0,0.0
2014-05-01 00:00:00-04:00,18.41658127772603,18.41658127772603,18.387595215592803,18.39173698425293,4800,0.0,0.0,0.0
2014-05-02 00:00:00-04:00,18.408309936523438,18.408309936523438,18.408309936523438,18.408309936523438,1200,0.0,0.0,0.0
2014-05-05 00:00:00-04:00,18.39381167484602,18.410375595092773,18.39381167484602,18.410375595092773,3200,0.0,0.0,0.0
2014-05-06 00:00:00-04:00,18.410375595092773,18.410375595092773,18.410375595092773,18.410375595092773,0,0.0,0.0,0.0
2014-05-07 00:00:00-04:00,18.292365569951667,18.358619689941406,18.292365569951667,18.358619689941406,1200,0.0,0.0,0.0
2014-05-08 00:00:00-04:00,18.294431686401367,18.294431686401367,18.294431686401367,18.294431686401367,800,0.0,0.0,0.0
2014-05-09 00:00:00-04:00,18.29443451046502,18.29443451046502,18.28615254889396,18.290292739868164,3200,0.0,0.0,0.0
2014-05-12 00:00:00-04:00,18.50561919166365,18.544958114624023,18.489056847974304,18.544958114624023,58800,0.0,0.0,0.0
2014-05-13 00:00:00-04:00,18.557377357192582,18.56151912718242,18.557377357192582,18.5594482421875,2800,0.0,0.0,0.0
2014-05-14 00:00:00-04:00,18.501481602661894,18.50355248827281,18.489059448242188,18.489059448242188,4000,0.0,0.0,0.0
2014-05-15 00:00:00-04:00,18.255098598068543,18.255098598068543,18.246816635131836,18.246816635131836,5200,0.0,0.0,0.0
2014-05-16 00:00:00-04:00,18.282014846801758,18.282014846801758,18.282014846801758,18.282014846801758,400,0.0,0.0,0.0
2014-05-19 00:00:00-04:00,18.282014846801758,18.282014846801758,18.282014846801758,18.282014846801758,0,0.0,0.0,0.0
2014-05-20 00:00:00-04:00,18.29650563721823,18.302716713572828,18.269588866851414,18.30064582824707,5600,0.0,0.0,0.0
2014-05-21 00:00:00-04:00,18.337919809880653,18.44351288100278,18.337919809880653,18.43937110900879,12400,0.0,0.0,0.0
2014-05-22 00:00:00-04:00,18.530460357666016,18.530460357666016,18.530460357666016,18.530460357666016,400,0.0,0.0,0.0
2014-05-23 00:00:00-04:00,18.530460357666016,18.530460357666016,18.530460357666016,18.530460357666016,0,0.0,0.0,0.0
2014-05-27 00:00:00-04:00,18.70645176742397,18.70645176742397,18.658832464086014,18.6691837310791,5200,0.0,0.0,0.0
2014-05-28 00:00:00-04:00,18.673324645236086,18.72301483154297,18.673324645236086,18.72301483154297,2000,0.0,0.0,0.0
2014-05-29 00:00:00-04:00,18.72301483154297,18.72301483154297,18.72301483154297,18.72301483154297,0,0.0,0.0,0.0
2014-05-30 00:00:00-04:00,18.79962921142578,18.79962921142578,18.79962921142578,18.79962921142578,800,0.0,0.0,0.0
2014-06-02 00:00:00-04:00,18.814120256609023,18.826542411867823,18.79962721559942,18.809978485107422,10000,0.0,0.0,0.0
2014-06-03 00:00:00-04:00,18.801692962646484,18.801692962646484,18.801692962646484,18.801692962646484,1600,0.0,0.0,0.0
2014-06-04 00:00:00-04:00,18.80583312732708,18.86173439025879,18.80583312732708,18.86173439025879,1600,0.0,0.0,0.0
2014-06-05 00:00:00-04:00,19.00459645642716,19.01287841796875,19.00459645642716,19.01287841796875,3200,0.0,0.0,0.0
2014-06-06 00:00:00-04:00,19.091550827026367,19.091550827026367,19.091550827026367,19.091550827026367,800,0.0,0.0,0.0
2014-06-09 00:00:00-04:00,19.124683801916454,19.124683801916454,19.118471145629883,19.118471145629883,1200,0.0,0.0,0.0
2014-06-10 00:00:00-04:00,19.108116508185155,19.108116508185155,19.050144363382042,19.052213668823242,4000,0.0,0.0,0.0
2014-06-11 00:00:00-04:00,19.031515017914057,19.060501098632812,19.031515017914057,19.060501098632812,4000,0.0,0.0,0.0
2014-06-12 00:00:00-04:00,18.981821609959734,18.981821609959734,18.886581420898438,18.886581420898438,9600,0.0,0.0,0.0
2014-06-13 00:00:00-04:00,18.959044914663522,18.959044914663522,18.956974029541016,18.956974029541016,1200,0.0,0.0,0.0
2014-06-16 00:00:00-04:00,18.956974029541016,18.956974029541016,18.956974029541016,18.956974029541016,0,0.0,0.0,0.0
2014-06-17 00:00:00-04:00,19.025300979614258,19.025300979614258,19.025300979614258,19.025300979614258,1200,0.0,0.0,0.0
2014-06-18 00:00:00-04:00,19.052213668823242,19.052213668823242,19.052213668823242,19.052213668823242,800,0.0,0.0,0.0
2014-06-19 00:00:00-04:00,19.182650276299682,19.186790466308594,19.182650276299682,19.186790466308594,14800,0.0,0.0,0.0
2014-06-20 00:00:00-04:00,19.24129867553711,19.24129867553711,19.24129867553711,19.24129867553711,1200,0.108,0.0,0.0
2014-06-23 00:00:00-04:00,19.24129867553711,19.24129867553711,19.24129867553711,19.24129867553711,0,0.0,0.0,0.0
2014-06-24 00:00:00-04:00,19.224649786770716,19.274574279785156,19.224649786770716,19.274574279785156,5600,0.0,0.0,0.0
2014-06-25 00:00:00-04:00,19.180971376414714,19.21425437927246,19.180971376414714,19.21425437927246,6000,0.0,0.0,0.0
2014-06-26 00:00:00-04:00,19.139369081288216,19.176811665741184,19.139369081288216,19.149768829345703,9200,0.0,0.0,0.0
2014-06-27 00:00:00-04:00,19.149768829345703,19.149768829345703,19.149768829345703,19.149768829345703,0,0.0,0.0,0.0
2014-06-30 00:00:00-04:00,19.21217168461092,19.255854430797992,19.201770350605102,19.230892181396484,4800,0.0,0.0,0.0
2014-07-01 00:00:00-04:00,19.40562092175072,19.411861086113863,19.40562092175072,19.409780502319336,6000,0.0,0.0,0.0
2014-07-02 00:00:00-04:00,19.397302043361226,19.397302043361226,19.359859466552734,19.359859466552734,3200,0.0,0.0,0.0
2014-07-03 00:00:00-04:00,19.44514859740894,19.463869094848633,19.399385265417507,19.463869094848633,4400,0.0,0.0,0.0
2014-07-07 00:00:00-04:00,19.40146322131576,19.409783970960394,19.36610122559161,19.405624389648438,6400,0.0,0.0,0.0
2014-07-08 00:00:00-04:00,19.312018974940884,19.312018974940884,19.241294976796194,19.257936477661133,3600,0.0,0.0,0.0
2014-07-09 00:00:00-04:00,19.257936477661133,19.257936477661133,19.257936477661133,19.257936477661133,0,0.0,0.0,0.0
2014-07-10 00:00:00-04:00,19.149768309059887,19.257936477661133,19.149768309059887,19.257936477661133,3200,0.0,0.0,0.0
2014-07-11 00:00:00-04:00,19.239215850830078,19.239215850830078,19.239215850830078,19.239215850830078,1200,0.0,0.0,0.0
2014-07-14 00:00:00-04:00,19.239215850830078,19.239215850830078,19.239215850830078,19.239215850830078,0,0.0,0.0,0.0
2014-07-15 00:00:00-04:00,19.309938430786133,19.309938430786133,19.309938430786133,19.309938430786133,2800,0.0,0.0,0.0
2014-07-16 00:00:00-04:00,19.393148653722875,19.393148653722875,19.380666732788086,19.380666732788086,6400,0.0,0.0,0.0
2014-07-17 00:00:00-04:00,19.307855259526193,19.307855259526193,19.303695678710938,19.303695678710938,2800,0.0,0.0,0.0
2014-07-18 00:00:00-04:00,19.2600154876709,19.2600154876709,19.2600154876709,19.2600154876709,1200,0.0,0.0,0.0
2014-07-21 00:00:00-04:00,19.34946060180664,19.34946060180664,19.34946060180664,19.34946060180664,5200,0.0,0.0,0.0
2014-07-22 00:00:00-04:00,19.416019816727314,19.4680233001709,19.416019816727314,19.4680233001709,40000,0.0,0.0,0.0
2014-07-23 00:00:00-04:00,19.463866079248632,19.48882832565488,19.463866079248632,19.48674774169922,7600,0.0,0.0,0.0
2014-07-24 00:00:00-04:00,19.553312240541036,19.553312240541036,19.45554542541504,19.45554542541504,5600,0.0,0.0,0.0
2014-07-25 00:00:00-04:00,19.353622336071503,19.384824752807617,19.353622336071503,19.384824752807617,4000,0.0,0.0,0.0
2014-07-28 00:00:00-04:00,19.326579316685052,19.40354347229004,19.30993781768155,19.40354347229004,41600,0.0,0.0,0.0
2014-07-29 00:00:00-04:00,19.44306841763725,19.44306841763725,19.384824752807617,19.384824752807617,3200,0.0,0.0,0.0
2014-07-30 00:00:00-04:00,19.297455715750697,19.297455715750697,19.28705596923828,19.28705596923828,2400,0.0,0.0,0.0
2014-07-31 00:00:00-04:00,19.054076396452334,19.054076396452334,18.950069427490234,18.950069427490234,4400,0.0,0.0,0.0
2014-08-01 00:00:00-04:00,18.914704805792404,18.96462769957868,18.85022100185929,18.893903732299805,8800,0.0,0.0,0.0
2014-08-04 00:00:00-04:00,18.89598846435547,18.89598846435547,18.89598846435547,18.89598846435547,800,0.0,0.0,0.0
2014-08-05 00:00:00-04:00,18.908472942120536,18.908472942120536,18.84606810723061,18.85230827331543,2000,0.0,0.0,0.0
2014-08-06 00:00:00-04:00,18.764944076538086,18.764944076538086,18.764944076538086,18.764944076538086,400,0.0,0.0,0.0
2014-08-07 00:00:00-04:00,18.764944076538086,18.764944076538086,18.764944076538086,18.764944076538086,0,0.0,0.0,0.0
2014-08-08 00:00:00-04:00,18.767019761328143,18.835664749145508,18.74205751475258,18.835664749145508,10000,0.0,0.0,0.0
2014-08-11 00:00:00-04:00,19.062406980365456,19.07280831743678,19.03328514099121,19.03328514099121,4800,0.0,0.0,0.0
2014-08-12 00:00:00-04:00,18.95631217956543,18.95631217956543,18.95631217956543,18.95631217956543,1200,0.0,0.0,0.0
2014-08-13 00:00:00-04:00,18.95631217956543,18.95631217956543,18.95631217956543,18.95631217956543,0,0.0,0.0,0.0
2014-08-14 00:00:00-04:00,18.95631217956543,18.95631217956543,18.95631217956543,18.95631217956543,0,0.0,0.0,0.0
2014-08-15 00:00:00-04:00,19.255859375,19.255859375,19.255859375,19.255859375,1600,0.0,0.0,0.0
2014-08-18 00:00:00-04:00,19.368182686109364,19.368182686109364,19.34946060180664,19.34946060180664,5600,0.0,0.0,0.0
2014-08-19 00:00:00-04:00,19.34946060180664,19.34946060180664,19.34946060180664,19.34946060180664,0,0.0,0.0,0.0
2014-08-20 00:00:00-04:00,19.52211682395908,19.52211682395908,19.484674234261448,19.499235153198242,2400,0.0,0.0,0.0
2014-08-21 00:00:00-04:00,19.51379263118839,19.599079132080078,19.51379263118839,19.599079132080078,3600,0.0,0.0,0.0
2014-08-22 00:00:00-04:00,19.599079132080078,19.599079132080078,19.599079132080078,19.599079132080078,0,0.0,0.0,0.0
2014-08-25 00:00:00-04:00,19.599079132080078,19.599079132080078,19.599079132080078,19.599079132080078,0,0.0,0.0,0.0
2014-08-26 00:00:00-04:00,19.678120672508214,19.68644142150879,19.678120672508214,19.68644142150879,2400,0.0,0.0,0.0
2014-08-27 00:00:00-04:00,19.68644142150879,19.68644142150879,19.68644142150879,19.68644142150879,0,0.0,0.0,0.0
2014-08-28 00:00:00-04:00,19.657323837280273,19.657323837280273,19.657323837280273,19.657323837280273,400,0.0,0.0,0.0
2014-08-29 00:00:00-04:00,19.657323837280273,19.657323837280273,19.657323837280273,19.657323837280273,0,0.0,0.0,0.0
2014-09-02 00:00:00-04:00,19.673968811763046,19.673968811763046,19.653167724609375,19.653167724609375,1200,0.0,0.0,0.0
2014-09-03 00:00:00-04:00,19.80709250359626,19.80709250359626,19.66356234176646,19.692684173583984,6800,0.0,0.0,0.0
2014-09-04 00:00:00-04:00,19.746766461565965,19.746766461565965,19.70932388305664,19.70932388305664,1600,0.0,0.0,0.0
2014-09-05 00:00:00-04:00,19.70932388305664,19.70932388305664,19.70932388305664,19.70932388305664,0,0.0,0.0,0.0
2014-09-08 00:00:00-04:00,19.651077270507812,19.651077270507812,19.651077270507812,19.651077270507812,2800,0.0,0.0,0.0
2014-09-09 00:00:00-04:00,19.651077270507812,19.651077270507812,19.651077270507812,19.651077270507812,0,0.0,0.0,0.0
2014-09-10 00:00:00-04:00,19.607398007062564,19.64900016784668,19.607398007062564,19.64900016784668,1600,0.0,0.0,0.0
2014-09-11 00:00:00-04:00,19.64900016784668,19.64900016784668,19.64900016784668,19.64900016784668,0,0.0,0.0,0.0
2014-09-12 00:00:00-04:00,19.64900016784668,19.64900016784668,19.64900016784668,19.64900016784668,0,0.0,0.0,0.0
2014-09-15 00:00:00-04:00,19.64900016784668,19.64900016784668,19.64900016784668,19.64900016784668,0,0.0,0.0,0.0
2014-09-16 00:00:00-04:00,19.561638041627546,19.678125381469727,19.561638041627546,19.678125381469727,3200,0.0,0.0,0.0
2014-09-17 00:00:00-04:00,19.698928162843213,19.742612506069175,19.621963986824678,19.74053192138672,26800,0.0,0.0,0.0
2014-09-18 00:00:00-04:00,19.773807525634766,19.773807525634766,19.773807525634766,19.773807525634766,1600,0.0,0.0,0.0
2014-09-19 00:00:00-04:00,19.833566665649414,19.833566665649414,19.833566665649414,19.833566665649414,800,0.1065,0.0,0.0
2014-09-22 00:00:00-04:00,19.568206787109375,19.568206787109375,19.568206787109375,19.568206787109375,800,0.0,0.0,0.0
2014-09-23 00:00:00-04:00,19.568206787109375,19.568206787109375,19.568206787109375,19.568206787109375,0,0.0,0.0,0.0
2014-09-24 00:00:00-04:00,19.54940049576933,19.63298098136552,19.54940049576933,19.59745979309082,4400,0.0,0.0,0.0
2014-09-25 00:00:00-04:00,19.48880611618229,19.48880611618229,19.336273193359375,19.336273193359375,9600,0.0,0.0,0.0
2014-09-26 00:00:00-04:00,19.33626628149967,19.492979049682617,19.33626628149967,19.492979049682617,4000,0.0,0.0,0.0
2014-09-29 00:00:00-04:00,19.390595395557114,19.390595395557114,19.37596893310547,19.37596893310547,2800,0.0,0.0,0.0
2014-09-30 00:00:00-04:00,19.421934728737735,19.44283103942871,19.421934728737735,19.44283103942871,2400,0.0,0.0,0.0
2014-10-01 00:00:00-04:00,19.169103548153092,19.169103548153092,19.08552309417948,19.129404067993164,7600,0.0,0.0,0.0
2014-10-02 00:00:00-04:00,19.054185524411807,19.1106014251709,18.895382790395107,19.1106014251709,7200,0.0,0.0,0.0
2014-10-03 00:00:00-04:00,19.196267106142034,19.35506820678711,19.196267106142034,19.35506820678711,2800,0.0,0.0,0.0
2014-10-06 00:00:00-04:00,19.409402899128466,19.409402899128466,19.248511789488546,19.342538833618164,12000,0.0,0.0,0.0
2014-10-07 00:00:00-04:00,19.217164139555393,19.217164139555393,19.108509063720703,19.108509063720703,4800,0.0,0.0,0.0
2014-10-08 00:00:00-04:00,19.00194271674234,19.198354934604225,18.9789580538812,19.179550170898438,5200,0.0,0.0,0.0
2014-10-09 00:00:00-04:00,19.179550170898438,19.179550170898438,19.179550170898438,19.179550170898438,0,0.0,0.0,0.0
2014-10-10 00:00:00-04:00,18.91209904886197,18.976873155531486,18.880756173511767,18.889114379882812,4800,0.0,0.0,0.0
2014-10-13 00:00:00-04:00,18.41688508942317,18.41688508942317,18.381363909884275,18.3959903717041,24400,0.0,0.0,0.0
2014-10-14 00:00:00-04:00,18.52971839904785,18.52971839904785,18.52971839904785,18.52971839904785,3200,0.0,0.0,0.0
2014-10-15 00:00:00-04:00,18.143165547407982,18.3061466217041,18.01988396930886,18.3061466217041,10000,0.0,0.0,0.0
2014-10-16 00:00:00-04:00,18.216290669653453,18.345840454101562,18.216290669653453,18.345840454101562,3600,0.0,0.0,0.0
2014-10-17 00:00:00-04:00,18.57360626572207,18.57360626572207,18.492115713838395,18.496294021606445,16400,0.0,0.0,0.0
2014-10-20 00:00:00-04:00,18.58404396283175,18.66344451904297,18.58404396283175,18.66344451904297,4800,0.0,0.0,0.0
2014-10-21 00:00:00-04:00,18.951796144558386,19.06045121950401,18.94134958353666,19.0395565032959,8000,0.0,0.0,0.0
2014-10-22 00:00:00-04:00,19.167015075683594,19.167015075683594,19.167015075683594,19.167015075683594,800,0.0,0.0,0.0
2014-10-23 00:00:00-04:00,19.167015075683594,19.167015075683594,19.167015075683594,19.167015075683594,0,0.0,0.0,0.0
2014-10-24 00:00:00-04:00,19.17746481193042,19.21298599243164,19.17746481193042,19.21298599243164,1600,0.0,0.0,0.0
2014-10-27 00:00:00-04:00,19.28193765406303,19.286117553710938,19.28193765406303,19.286117553710938,12800,0.0,0.0,0.0
2014-10-28 00:00:00-04:00,19.369694421757348,19.492975942039585,19.369694421757348,19.48670768737793,16000,0.0,0.0,0.0
2014-10-29 00:00:00-04:00,19.536861246772517,19.551487710142542,19.396864869635873,19.488801956176758,52000,0.0,0.0,0.0
2014-10-30 00:00:00-04:00,19.44909756030397,19.50133514404297,19.44909756030397,19.50133514404297,6800,0.0,0.0,0.0
2014-10-31 00:00:00-04:00,19.764615697312514,19.800138473510742,19.764615697312514,19.800138473510742,6000,0.0,0.0,0.0
2014-11-03 00:00:00-05:00,19.800138473510742,19.800138473510742,19.800138473510742,19.800138473510742,0,0.0,0.0,0.0
2014-11-04 00:00:00-05:00,19.704023577614706,19.802228927612305,19.704023577614706,19.802228927612305,3200,0.0,0.0,0.0
2014-11-05 00:00:00-05:00,19.827296487473127,19.89207057899137,19.821028232702265,19.889982223510742,22800,0.0,0.0,0.0
2014-11-06 00:00:00-05:00,19.88789625165859,19.95267035613235,19.85028512134629,19.9484920501709,12400,0.0,0.0,0.0
2014-11-07 00:00:00-05:00,19.9589323924346,19.9589323924346,19.92341122325475,19.935949325561523,2800,0.0,0.0,0.0
2014-11-10 00:00:00-05:00,20.000728607177734,20.000728607177734,20.000728607177734,20.000728607177734,800,0.0,0.0,0.0
2014-11-11 00:00:00-05:00,20.073867353227463,20.073867353227463,20.004913330078125,20.004913330078125,2000,0.0,0.0,0.0
2014-11-12 00:00:00-05:00,19.975651882445746,20.009084701538086,19.975651882445746,20.009084701538086,4400,0.0,0.0,0.0
2014-11-13 00:00:00-05:00,20.101024627685547,20.101024627685547,20.101024627685547,20.101024627685547,1200,0.0,0.0,0.0
2014-11-14 00:00:00-05:00,20.101024627685547,20.101024627685547,20.101024627685547,20.101024627685547,0,0.0,0.0,0.0
2014-11-17 00:00:00-05:00,20.101024627685547,20.101024627685547,20.101024627685547,20.101024627685547,0,0.0,0.0,0.0
2014-11-18 00:00:00-05:00,20.101024627685547,20.101024627685547,20.101024627685547,20.101024627685547,0,0.0,0.0,0.0
2014-11-19 00:00:00-05:00,20.101024627685547,20.101024627685547,20.101024627685547,20.101024627685547,0,0.0,0.0,0.0
2014-11-20 00:00:00-05:00,20.1449031829834,20.1449031829834,20.1449031829834,20.1449031829834,800,0.0,0.0,0.0
2014-11-21 00:00:00-05:00,20.25355870436439,20.276543371776512,20.25355870436439,20.270275115966797,8000,0.0,0.0,0.0
2014-11-24 00:00:00-05:00,20.322513076250207,20.322513076250207,20.320423126220703,20.320423126220703,4000,0.0,0.0,0.0
2014-11-25 00:00:00-05:00,20.420717375730042,20.420717375730042,20.326688766479492,20.326688766479492,6000,0.0,0.0,0.0
2014-11-26 00:00:00-05:00,20.362215042114258,20.364304992398335,20.362215042114258,20.362215042114258,10000,0.0,0.0,0.0
2014-11-28 00:00:00-05:00,20.362215042114258,20.362215042114258,20.362215042114258,20.362215042114258,0,0.0,0.0,0.0
2014-12-01 00:00:00-05:00,20.20550116083774,20.21177101135254,20.17415987908821,20.21177101135254,10800,0.0,0.0,0.0
2014-12-02 00:00:00-05:00,20.274452209472656,20.274452209472656,20.274452209472656,20.274452209472656,2000,0.0,0.0,0.0
2014-12-03 00:00:00-05:00,20.343406257453257,20.383107334191177,20.343406257453257,20.370569229125977,5200,0.0,0.0,0.0
2014-12-04 00:00:00-05:00,20.368483774279976,20.397736699990514,20.341319204573843,20.38519859313965,5200,0.0,0.0,0.0
2014-12-05 00:00:00-05:00,20.424906765709967,20.439533233642578,20.41445860540148,20.439533233642578,2400,0.0,0.0,0.0
2014-12-08 00:00:00-05:00,20.43117188728532,20.43117188728532,20.347591400146484,20.347591400146484,3200,0.0,0.0,0.0
2014-12-09 00:00:00-05:00,20.347591400146484,20.347591400146484,20.347591400146484,20.347591400146484,0,0.0,0.0,0.0
2014-12-10 00:00:00-05:00,20.105205535888672,20.105205535888672,20.105205535888672,20.105205535888672,800,0.0,0.0,0.0
2014-12-11 00:00:00-05:00,20.12819278421484,20.234756342372844,20.013269424438477,20.013269424438477,30000,0.0,0.0,0.0
2014-12-12 00:00:00-05:00,19.858640874122532,19.961026096260053,19.850282669067383,19.850282669067383,11600,0.0,0.0,0.0
2014-12-15 00:00:00-05:00,19.844014339948718,19.844014339948718,19.545215285538966,19.591184616088867,7600,0.0,0.0,0.0
2014-12-16 00:00:00-05:00,19.524322267554744,19.735360984642647,19.524322267554744,19.599544525146484,4400,0.0,0.0,0.0
2014-12-17 00:00:00-05:00,19.56193516762324,19.800138473510742,19.56193516762324,19.800138473510742,800,0.0,0.0,0.0
2014-12-18 00:00:00-05:00,20.1114704046476,20.251466751098633,20.1114704046476,20.251466751098633,5200,0.0,0.0,0.0
2014-12-19 00:00:00-05:00,20.294320784863398,20.395140356309604,20.294320784863398,20.332128524780273,6000,0.126,0.0,0.0
2014-12-22 00:00:00-05:00,20.411937787691638,20.411937787691638,20.38673210144043,20.38673210144043,2400,0.0,0.0,0.0
2014-12-23 00:00:00-05:00,20.525365829467773,20.525365829467773,20.525365829467773,20.525365829467773,2000,0.0,0.0,0.0
2014-12-24 00:00:00-05:00,20.500152540761665,20.5484630323164,20.500152540761665,20.516956329345703,4000,0.0,0.0,0.0
2014-12-26 00:00:00-05:00,20.516956329345703,20.516956329345703,20.516956329345703,20.516956329345703,0,0.0,0.0,0.0
2014-12-29 00:00:00-05:00,20.577877044677734,20.577877044677734,20.577877044677734,20.577877044677734,400,0.0,0.0,0.0
2014-12-30 00:00:00-05:00,20.571577320595328,20.571577320595328,20.542171478271484,20.542171478271484,2800,0.0,0.0,0.0
2014-12-31 00:00:00-05:00,20.529567184656567,20.529567184656567,20.34052848815918,20.34052848815918,5200,0.0,0.0,0.0
2015-01-02 00:00:00-05:00,20.18930058923745,20.334228931587237,20.17879781548099,20.300622940063477,2400,0.0,0.0,0.0
2015-01-05 00:00:00-05:00,20.073773738403194,20.077973885831515,19.901538848876953,19.901538848876953,8000,0.0,0.0,0.0
2015-01-06 00:00:00-05:00,19.949858951667238,19.949858951667238,19.662099838256836,19.662099838256836,5200,0.0,0.0,0.0
2015-01-07 00:00:00-05:00,19.893130687455663,19.985549926757812,19.8847287927466,19.985549926757812,6000,0.0,0.0,0.0
2015-01-08 00:00:00-05:00,20.204001149317207,20.363632394767496,20.191397501783058,20.351030349731445,17600,0.0,0.0,0.0
2015-01-09 00:00:00-05:00,20.4056459742842,20.4056459742842,20.12838971040683,20.19350242614746,157600,0.0,0.0,0.0
2015-01-12 00:00:00-05:00,19.975050944878635,20.067470201702836,19.975050944878635,19.993955612182617,4000,0.0,0.0,0.0
2015-01-13 00:00:00-05:00,20.147286186805246,20.147286186805246,19.914138768214887,19.92254066467285,4000,0.0,0.0,0.0
2015-01-14 00:00:00-05:00,19.746107415839795,19.82802391052246,19.746107415839795,19.82802391052246,6000,0.0,0.0,0.0
2015-01-15 00:00:00-05:00,19.762908460418956,19.796516047311016,19.691494742020243,19.731403350830078,23200,0.0,0.0,0.0
2015-01-16 00:00:00-05:00,19.659991829817894,19.859533309936523,19.659991829817894,19.859533309936523,18800,0.0,0.0,0.0
2015-01-20 00:00:00-05:00,19.96875080611036,20.004457665099114,19.84902658288494,19.99185562133789,14000,0.0,0.0,0.0
2015-01-21 00:00:00-05:00,19.981352174822668,20.063268661499023,19.981352174822668,20.063268661499023,14400,0.0,0.0,0.0
2015-01-22 00:00:00-05:00,20.15149284721179,20.3132249865726,20.15149284721179,20.300622940063477,9200,0.0,0.0,0.0
2015-01-23 00:00:00-05:00,20.346827923103916,20.386734928747327,20.28591537475586,20.28591537475586,17600,0.0,0.0,0.0
2015-01-26 00:00:00-05:00,20.288016999793054,20.348929555205032,20.288016999793054,20.325824737548828,28400,0.0,0.0,0.0
2015-01-27 00:00:00-05:00,20.161989212036133,20.161989212036133,20.161989212036133,20.161989212036133,2000,0.0,0.0,0.0
2015-01-28 00:00:00-05:00,20.130484556617517,20.130484556617517,20.029664993286133,20.029664993286133,6400,0.0,0.0,0.0
2015-01-29 00:00:00-05:00,19.819616606114792,19.922537014496623,19.819616606114792,19.918336868286133,10000,0.0,0.0,0.0
2015-01-30 00:00:00-05:00,19.846930272288386,19.979258172204396,19.767114639282227,19.767114639282227,19600,0.0,0.0,0.0
2015-02-02 00:00:00-05:00,19.720904914867795,19.792320251464844,19.720904914867795,19.792320251464844,2000,0.0,0.0,0.0
2015-02-03 00:00:00-05:00,20.185098041314312,20.277517318725586,20.105282412412535,20.277517318725586,14800,0.0,0.0,0.0
2015-02-04 00:00:00-05:00,20.29011681653954,20.29011681653954,20.25020980834961,20.25020980834961,2400,0.0,0.0,0.0
2015-02-05 00:00:00-05:00,20.315318394141883,20.39933574581488,20.315318394141883,20.38673210144043,8800,0.0,0.0,0.0
2015-02-06 00:00:00-05:00,20.41614579710969,20.41614579710969,20.36573600769043,20.36573600769043,2800,0.0,0.0,0.0
2015-02-09 00:00:00-05:00,20.30902002422585,20.332124839014334,20.269111416409753,20.290115356445312,3200,0.0,0.0,0.0
2015-02-10 00:00:00-05:00,20.40353589227457,20.405636766753258,20.38673210144043,20.38673210144043,19200,0.0,0.0,0.0
2015-02-11 00:00:00-05:00,20.472850774687533,20.481252670288086,20.472850774687533,20.481252670288086,1200,0.0,0.0,0.0
2015-02-12 00:00:00-05:00,20.615684044796446,20.666093826293945,20.60518127250619,20.666093826293945,20400,0.0,0.0,0.0
2015-02-13 00:00:00-05:00,20.724905983627195,20.748010801200763,20.724905983627195,20.743810653686523,14000,0.0,0.0,0.0
2015-02-17 00:00:00-05:00,20.76481393931433,20.83622766228378,20.733307225210968,20.806821823120117,24000,0.0,0.0,0.0
2015-02-18 00:00:00-05:00,20.783716149408555,20.800519943237305,20.783716149408555,20.800519943237305,53200,0.0,0.0,0.0
2015-02-19 00:00:00-05:00,20.802626455314698,20.82573127746582,20.802626455314698,20.82573127746582,4800,0.0,0.0,0.0
2015-02-20 00:00:00-05:00,20.758502600437883,20.93703842163086,20.758502600437883,20.93703842163086,6800,0.0,0.0,0.0
2015-02-23 00:00:00-05:00,20.89924541610713,20.930752136731595,20.876140594482422,20.876140594482422,6000,0.0,0.0,0.0
2015-02-24 00:00:00-05:00,20.90554648513405,21.006367670851606,20.90554648513405,20.987462997436523,15200,0.0,0.0,0.0
2015-02-25 00:00:00-05:00,20.99796043042631,21.044170062021404,20.9538516736759,20.96225357055664,42400,0.0,0.0,0.0
2015-02-26 00:00:00-05:00,20.995864123612968,20.995864123612968,20.886642645396158,20.955955505371094,26400,0.0,0.0,0.0
2015-02-27 00:00:00-05:00,20.913946317888783,20.9664569796895,20.909746170043945,20.909746170043945,9200,0.0,0.0,0.0
2015-03-02 00:00:00-05:00,20.920246043449726,20.983259474701836,20.86773538490568,20.945451736450195,19200,0.0,0.0,0.0
2015-03-03 00:00:00-05:00,20.997962385551162,20.997962385551162,20.817325592041016,20.817325592041016,4400,0.0,0.0,0.0
2015-03-04 00:00:00-05:00,20.827823523964696,20.827823523964696,20.78371317086126,20.81521987915039,3600,0.0,0.0,0.0
2015-03-05 00:00:00-05:00,20.884537600897787,20.890838623046875,20.884537600897787,20.890838623046875,24400,0.0,0.0,0.0
2015-03-06 00:00:00-05:00,20.775317632816332,20.775317632816332,20.573675294612,20.577877044677734,31600,0.0,0.0,0.0
2015-03-09 00:00:00-04:00,20.609384979191265,20.6786978343945,20.609384979191265,20.6492919921875,5600,0.0,0.0,0.0
2015-03-10 00:00:00-04:00,20.49175444453806,20.49175444453806,20.359428190531947,20.38043212890625,34000,0.0,0.0,0.0
2015-03-11 00:00:00-04:00,20.34052859975705,20.353132247924805,20.317425383528885,20.353132247924805,42800,0.0,0.0,0.0
2015-03-12 00:00:00-04:00,20.477053149315978,20.57367255548876,20.477053149315978,20.56317138671875,23200,0.0,0.0,0.0
2015-03-13 00:00:00-04:00,20.338425197178342,20.407739639282227,20.31952053001462,20.407739639282227,6000,0.0,0.0,0.0
2015-03-16 00:00:00-04:00,20.55476304724832,20.6597843170166,20.55476304724832,20.6597843170166,4000,0.0,0.0,0.0
2015-03-17 00:00:00-04:00,20.61778555599073,20.69339942932129,20.57577606803141,20.69339942932129,27200,0.0,0.0,0.0
2015-03-18 00:00:00-04:00,20.573673238130894,20.983257293701172,20.56947309098311,20.983257293701172,3600,0.0,0.0,0.0
2015-03-19 00:00:00-04:00,20.890834261298835,20.890834261298835,20.787913848523587,20.82992172241211,9600,0.0,0.0,0.0
2015-03-20 00:00:00-04:00,21.02353597769429,21.02353597769429,20.998226165771484,20.998226165771484,8400,0.102,0.0,0.0
2015-03-23 00:00:00-04:00,21.027753475122587,21.05939033774668,20.998226165771484,20.998226165771484,18000,0.0,0.0,0.0
2015-03-24 00:00:00-04:00,20.964484115604243,20.99190187528751,20.85902896573613,20.87590217590332,22400,0.0,0.0,0.0
2015-03-25 00:00:00-04:00,20.76834399705859,20.83372569559938,20.635469436645508,20.635469436645508,2800,0.0,0.0,0.0
2015-03-26 00:00:00-04:00,20.530008693098505,20.530008693098505,20.48993682861328,20.48993682861328,14400,0.0,0.0,0.0
2015-03-27 00:00:00-04:00,20.538445298547487,20.538445298547487,20.48993682861328,20.48993682861328,134400,0.0,0.0,0.0
2015-03-30 00:00:00-04:00,20.48993682861328,20.48993682861328,20.48993682861328,20.48993682861328,0,0.0,0.0,0.0
2015-03-31 00:00:00-04:00,20.74303095608944,20.749358008628885,20.69663042530933,20.700849533081055,38000,0.0,0.0,0.0
2015-04-01 00:00:00-04:00,20.424557307957187,20.542668196922026,20.424557307957187,20.525794982910156,8800,0.0,0.0,0.0
2015-04-02 00:00:00-04:00,20.650232315063477,20.650232315063477,20.616485888036244,20.650232315063477,5200,0.0,0.0,0.0
2015-04-06 00:00:00-04:00,20.61437271993749,20.827392578125,20.61437271993749,20.827392578125,7600,0.0,0.0,0.0
2015-04-07 00:00:00-04:00,20.745136260986328,20.745136260986328,20.745136260986328,20.745136260986328,2400,0.0,0.0,0.0
2015-04-08 00:00:00-04:00,20.68608656416401,20.793649679158936,20.68608656416401,20.759904861450195,4000,0.0,0.0,0.0
2015-04-09 00:00:00-04:00,20.75779780838367,20.87590870738971,20.717725933096585,20.85903549194336,16400,0.0,0.0,0.0
2015-04-10 00:00:00-04:00,20.846380016778443,20.96238136291504,20.84427207166208,20.96238136291504,5200,0.0,0.0,0.0
2015-04-13 00:00:00-04:00,20.996122063884727,20.996122063884727,20.928630828857422,20.928630828857422,8800,0.0,0.0,0.0
2015-04-14 00:00:00-04:00,20.888553619384766,20.888553619384766,20.888553619384766,20.888553619384766,2000,0.0,0.0,0.0
2015-04-15 00:00:00-04:00,20.99823059927556,21.063613891601562,20.99823059927556,21.063613891601562,15200,0.0,0.0,0.0
2015-04-16 00:00:00-04:00,20.97925563765993,21.02987367802108,20.97925563765993,21.01511001586914,9600,0.0,0.0,0.0
2015-04-17 00:00:00-04:00,20.91597617007884,20.91597617007884,20.707175402615313,20.724048614501953,20800,0.0,0.0,0.0
2015-04-20 00:00:00-04:00,20.939178466796875,20.98136150060836,20.930741860034576,20.939178466796875,22000,0.0,0.0,0.0
2015-04-21 00:00:00-04:00,20.970822672701885,20.975040172998657,20.907548904418945,20.907548904418945,19200,0.0,0.0,0.0
2015-04-22 00:00:00-04:00,21.027756061480012,21.027756061480012,21.023538563532973,21.02564811706543,3600,0.0,0.0,0.0
2015-04-23 00:00:00-04:00,21.017213362619778,21.147976729024023,21.017213362619778,21.09735870361328,17200,0.0,0.0,0.0
2015-04-24 00:00:00-04:00,21.122664650054805,21.124774203386423,21.101573944091797,21.101573944091797,11200,0.0,0.0,0.0
2015-04-27 00:00:00-04:00,21.053069292283716,21.053069292283716,21.023541974510152,21.034088134765625,10400,0.0,0.0,0.0
2015-04-28 00:00:00-04:00,21.040414810180664,21.040414810180664,21.040414810180664,21.040414810180664,400,0.0,0.0,0.0
2015-04-29 00:00:00-04:00,20.95394437718972,20.968708038330078,20.95394437718972,20.968708038330078,1600,0.0,0.0,0.0
2015-04-30 00:00:00-04:00,20.90121635034941,20.93074367201454,20.736706527038468,20.757797241210938,6800,0.0,0.0,0.0
2015-05-01 00:00:00-04:00,20.886451627568906,20.98768930321513,20.865360914468774,20.960269927978516,8800,0.0,0.0,0.0
2015-05-04 00:00:00-04:00,21.00034357971203,21.084708041915626,21.00034357971203,21.069944381713867,5200,0.0,0.0,0.0
2015-05-05 00:00:00-04:00,20.85903485984564,20.85903485984564,20.795761108398438,20.795761108398438,12000,0.0,0.0,0.0
2015-05-06 00:00:00-04:00,20.690306519249614,20.74092455638105,20.669215804538048,20.673433303833008,5200,0.0,0.0,0.0
2015-05-07 00:00:00-04:00,20.738815931386597,20.835834503173828,20.67976128848292,20.835834503173828,37200,0.0,0.0,0.0
2015-05-08 00:00:00-04:00,21.05096511288142,21.095256100849596,21.034093504930603,21.038311004638672,6800,0.0,0.0,0.0
2015-05-11 00:00:00-04:00,21.061506297689103,21.061506297689103,21.040415585896714,21.059396743774414,6000,0.0,0.0,0.0
2015-05-12 00:00:00-04:00,20.958163116773562,20.958163116773562,20.9412899017334,20.9412899017334,6400,0.0,0.0,0.0
2015-05-13 00:00:00-04:00,20.956044842342482,20.981354654370758,20.888553619384766,20.888553619384766,30800,0.0,0.0,0.0
2015-05-14 00:00:00-04:00,21.004558771656846,21.13743330799651,21.004558771656846,21.112123489379883,6400,0.0,0.0,0.0
2015-05-15 00:00:00-04:00,21.112123489379883,21.112123489379883,21.112123489379883,21.112123489379883,0,0.0,0.0,0.0
2015-05-18 00:00:00-04:00,21.215475366966192,21.249221801757812,21.175403487049365,21.249221801757812,16800,0.0,0.0,0.0
2015-05-19 00:00:00-04:00,21.204925479264645,21.242889404296875,21.204925479264645,21.242889404296875,2800,0.0,0.0,0.0
2015-05-20 00:00:00-04:00,21.20492625922152,21.247107684534097,21.20492625922152,21.228126525878906,11600,0.0,0.0,0.0
2015-05-21 00:00:00-04:00,21.2681941986084,21.2681941986084,21.2681941986084,21.2681941986084,1200,0.0,0.0,0.0
2015-05-22 00:00:00-04:00,21.255543509601562,21.257653063525066,21.238670296449865,21.242889404296875,9200,0.0,0.0,0.0
2015-05-26 00:00:00-04:00,21.074162787283793,21.074162787283793,20.96238055393068,20.9792537689209,25200,0.0,0.0,0.0
2015-05-27 00:00:00-04:00,21.11001079806123,21.17328453063965,21.11001079806123,21.17328453063965,6400,0.0,0.0,0.0
2015-05-28 00:00:00-04:00,21.118453144504404,21.137435913085938,21.09103537779586,21.137435913085938,3600,0.0,0.0,0.0
2015-05-29 00:00:00-04:00,21.11634842674557,21.137439143523004,21.038311004638672,21.038311004638672,93600,0.0,0.0,0.0
2015-06-01 00:00:00-04:00,21.03408764206502,21.154306464218,21.03408764206502,21.150087356567383,12800,0.0,0.0,0.0
2015-06-02 00:00:00-04:00,21.080490112304688,21.080490112304688,21.080490112304688,21.080490112304688,1200,0.0,0.0,0.0
2015-06-03 00:00:00-04:00,21.177503637674402,21.177503637674402,21.17328453063965,21.17328453063965,3200,0.0,0.0,0.0
2015-06-04 00:00:00-04:00,21.082594884801853,21.082594884801853,20.920194650336985,20.95182991027832,4400,0.0,0.0,0.0
2015-06-05 00:00:00-04:00,20.95182765091826,20.97924701873463,20.869572765704813,20.922300338745117,12800,0.0,0.0,0.0
2015-06-08 00:00:00-04:00,20.89277619725507,20.89277619725507,20.825284957885742,20.825284957885742,6400,0.0,0.0,0.0
2015-06-09 00:00:00-04:00,20.787321035170613,20.825284957885742,20.787321035170613,20.825284957885742,2000,0.0,0.0,0.0
2015-06-10 00:00:00-04:00,21.000344412438114,21.050962448120117,20.983471197504667,21.050962448120117,8400,0.0,0.0,0.0
2015-06-11 00:00:00-04:00,21.09103232346438,21.124778747558594,21.06361456072638,21.124778747558594,10400,0.0,0.0,0.0
2015-06-12 00:00:00-04:00,20.95394551158837,20.98558238977856,20.92441818770911,20.94972801208496,10800,0.0,0.0,0.0
2015-06-15 00:00:00-04:00,20.757793986094008,20.861141204833984,20.751466933746276,20.861141204833984,4800,0.0,0.0,0.0
2015-06-16 00:00:00-04:00,20.95394515991211,20.95394515991211,20.95394515991211,20.95394515991211,1600,0.0,0.0,0.0
2015-06-17 00:00:00-04:00,20.98979594665318,21.059396743774414,20.985578447941972,21.059396743774414,3600,0.0,0.0,0.0
2015-06-18 00:00:00-04:00,21.118455637321222,21.2365665435791,21.118455637321222,21.2365665435791,1200,0.0,0.0,0.0
2015-06-19 00:00:00-04:00,21.18528658410205,21.202236974483483,21.132312774658203,21.132312774658203,4800,0.117,0.0,0.0
2015-06-22 00:00:00-04:00,21.2340145111084,21.2340145111084,21.2340145111084,21.2340145111084,2000,0.0,0.0,0.0
2015-06-23 00:00:00-04:00,21.236138447372067,21.236138447372067,21.20647324696387,21.22130584716797,4000,0.0,0.0,0.0
2015-06-24 00:00:00-04:00,21.183164756328882,21.183164756328882,21.115358352661133,21.115358352661133,24400,0.0,0.0,0.0
2015-06-25 00:00:00-04:00,21.12594985961914,21.12594985961914,21.12594985961914,21.12594985961914,400,0.0,0.0,0.0
2015-06-26 00:00:00-04:00,20.988224499608826,21.049672697541283,20.971272492149744,21.01365089416504,160000,0.0,0.0,0.0
2015-06-29 00:00:00-04:00,20.85684410344473,20.8610812960256,20.606807708740234,20.606807708740234,54800,0.0,0.0,0.0
2015-06-30 00:00:00-04:00,20.661909103393555,20.661909103393555,20.661909103393555,20.661909103393555,800,0.0,0.0,0.0
2015-07-01 00:00:00-04:00,20.723349862106843,20.77420425415039,20.695802453249605,20.77420425415039,22400,0.0,0.0,0.0
2015-07-02 00:00:00-04:00,20.746656757861018,20.748774545574566,20.74029854482484,20.744537353515625,2000,0.0,0.0,0.0
2015-07-06 00:00:00-04:00,20.678860342611532,20.727596970081976,20.594103520870718,20.676742553710938,9200,0.0,0.0,0.0
2015-07-07 00:00:00-04:00,20.691566447507604,20.78691864013672,20.488147251035315,20.78691864013672,24000,0.0,0.0,0.0
2015-07-08 00:00:00-04:00,20.60257436610548,20.60257436610548,20.511459350585938,20.511459350585938,1200,0.0,0.0,0.0
2015-07-09 00:00:00-04:00,20.725471870930544,20.725471870930544,20.625880854448305,20.628000259399414,7600,0.0,0.0,0.0
2015-07-10 00:00:00-04:00,20.742420842467663,20.78691864013672,20.72546883860362,20.78691864013672,4000,0.0,0.0,0.0
2015-07-13 00:00:00-04:00,20.94796020383498,21.020003797923696,20.94796020383498,20.994577407836914,11200,0.0,0.0,0.0
2015-07-14 00:00:00-04:00,21.07510015514472,21.132312774658203,21.07510015514472,21.132312774658203,20400,0.0,0.0,0.0
2015-07-15 00:00:00-04:00,21.09840638581064,21.09840638581064,21.034837174980375,21.066621780395508,16400,0.0,0.0,0.0
2015-07-16 00:00:00-04:00,21.166218686642814,21.219192504882812,21.166218686642814,21.219192504882812,10800,0.0,0.0,0.0
2015-07-17 00:00:00-04:00,21.219180206318605,21.219180206318605,21.176801822942025,21.204347610473633,6400,0.0,0.0,0.0
2015-07-20 00:00:00-04:00,21.270041276059207,21.30606469154834,21.25520867555152,21.295469284057617,9600,0.0,0.0,0.0
2015-07-21 00:00:00-04:00,21.261561848039236,21.261561848039236,21.140781658611502,21.14925765991211,12400,0.0,0.0,0.0
2015-07-22 00:00:00-04:00,21.11323271186841,21.11535211603484,21.087804711766342,21.098400115966797,14800,0.0,0.0,0.0
2015-07-23 00:00:00-04:00,21.147146400587253,21.147146400587253,20.967034146451194,20.992462158203125,15200,0.0,0.0,0.0
2015-07-24 00:00:00-04:00,21.0496694121738,21.0496694121738,20.93524742126465,20.93524742126465,1600,0.0,0.0,0.0
2015-07-27 00:00:00-04:00,20.64495201127819,20.685212621691523,20.61316740393252,20.619524002075195,7600,0.0,0.0,0.0
2015-07-28 00:00:00-04:00,20.708519610941728,20.93524742126465,20.708519610941728,20.93524742126465,25200,0.0,0.0,0.0
2015-07-29 00:00:00-04:00,20.977624893188477,20.977624893188477,20.977624893188477,20.977624893188477,4400,0.0,0.0,0.0
2015-07-30 00:00:00-04:00,21.083567520065184,21.098400115966797,21.083567520065184,21.098400115966797,5200,0.0,0.0,0.0
2015-07-31 00:00:00-04:00,21.07085609436035,21.07085609436035,21.07085609436035,21.07085609436035,800,0.0,0.0,0.0
2015-08-03 00:00:00-04:00,21.08992821673071,21.08992821673071,20.875913619995117,20.875913619995117,14400,0.0,0.0,0.0
2015-08-04 00:00:00-04:00,21.005170758304526,21.009409567651645,20.920413970947266,20.920413970947266,4000,0.0,0.0,0.0
2015-08-05 00:00:00-04:00,21.08992833784457,21.08992833784457,21.039073944091797,21.039073944091797,5600,0.0,0.0,0.0
2015-08-06 00:00:00-04:00,20.753015163200867,20.850486755371094,20.753015163200867,20.850486755371094,26400,0.0,0.0,0.0
2015-08-07 00:00:00-04:00,20.71699634180077,20.740304946899414,20.71699634180077,20.740304946899414,4000,0.0,0.0,0.0
2015-08-10 00:00:00-04:00,21.036949157714844,21.036949157714844,21.036949157714844,21.036949157714844,6800,0.0,0.0,0.0
2015-08-11 00:00:00-04:00,20.80599416351571,20.833539962768555,20.80599416351571,20.833539962768555,2000,0.0,0.0,0.0
2015-08-12 00:00:00-04:00,20.748778105878813,20.748778105878813,20.736064910888672,20.736064910888672,4800,0.0,0.0,0.0
2015-08-13 00:00:00-04:00,20.84836682640652,20.92888641357422,20.814464437937147,20.92888641357422,9600,0.0,0.0,0.0
2015-08-14 00:00:00-04:00,20.880151885336833,20.91829308359701,20.850486688538027,20.907697677612305,7600,0.0,0.0,0.0
2015-08-17 00:00:00-04:00,20.86532150418089,21.041194915771484,20.85684550181882,21.041194915771484,5200,0.0,0.0,0.0
2015-08-18 00:00:00-04:00,21.036949157714844,21.036949157714844,21.036949157714844,21.036949157714844,1200,0.0,0.0,0.0
2015-08-19 00:00:00-04:00,20.869556886791155,20.869556886791155,20.84836769104004,20.84836769104004,1600,0.0,0.0,0.0
2015-08-20 00:00:00-04:00,20.84836769104004,20.84836769104004,20.84836769104004,20.84836769104004,0,0.0,0.0,0.0
2015-08-21 00:00:00-04:00,20.18089755713686,20.24446676114937,19.964765173431953,19.975358963012695,13200,0.0,0.0,0.0
2015-08-24 00:00:00-04:00,18.8713882176107,19.579119109625708,18.494214975843153,19.07904624938965,16400,0.0,0.0,0.0
2015-08-25 00:00:00-04:00,19.5600463188741,21.178925594034272,18.86503028869629,18.86503028869629,89200,0.0,0.0,0.0
2015-08-26 00:00:00-04:00,19.261272817291005,19.261272817291005,19.000641026021597,19.11506462097168,7600,0.0,0.0,0.0
2015-08-27 00:00:00-04:00,19.79313370350375,19.9202705149221,19.663877487182617,19.663877487182617,6800,0.0,0.0,0.0
2015-08-28 00:00:00-04:00,19.82491895406621,19.928748789920373,19.82491895406621,19.882131576538086,1600,0.0,0.0,0.0
2015-08-31 00:00:00-04:00,19.81855892983993,19.89696074030763,19.80584573443572,19.83127212524414,103200,0.0,0.0,0.0
2015-09-01 00:00:00-04:00,19.331203376031485,19.428674992029773,19.165923731548435,19.16804313659668,21600,0.0,0.0,0.0
2015-09-02 00:00:00-04:00,19.449859806714183,19.515546798706055,19.269749217405106,19.515546798706055,25200,0.0,0.0,0.0
2015-09-03 00:00:00-04:00,19.740160960212915,19.740160960212915,19.56216812133789,19.56216812133789,10400,0.0,0.0,0.0
2015-09-04 00:00:00-04:00,19.29729382880053,19.32060242775095,19.225250244140625,19.225250244140625,4800,0.0,0.0,0.0
2015-09-08 00:00:00-04:00,19.661754915529507,19.708372116088867,19.661754915529507,19.708372116088867,1200,0.0,0.0,0.0
2015-09-09 00:00:00-04:00,19.903318808219932,19.903318808219932,19.62361717224121,19.62361717224121,3200,0.0,0.0,0.0
2015-09-10 00:00:00-04:00,19.51342944375695,19.65540046550444,19.51342944375695,19.629972457885742,3600,0.0,0.0,0.0
2015-09-11 00:00:00-04:00,19.568516750096098,19.659631729125977,19.568516750096098,19.659631729125977,11200,0.0,0.0,0.0
2015-09-14 00:00:00-04:00,19.68082800393308,19.68082800393308,19.60454559326172,19.60454559326172,3200,0.0,0.0,0.0
2015-09-15 00:00:00-04:00,19.646928394821458,19.882132258310143,19.646928394821458,19.877893447875977,15600,0.0,0.0,0.0
2015-09-16 00:00:00-04:00,19.971118927001953,19.971118927001953,19.971118927001953,19.971118927001953,1200,0.0,0.0,0.0
2015-09-17 00:00:00-04:00,20.045287862842773,20.25506368190146,19.94145965576172,19.94145965576172,98000,0.0,0.0,0.0
2015-09-18 00:00:00-04:00,19.73809481589864,19.806237918187282,19.73809481589864,19.789201736450195,7200,0.11625,0.0,0.0
2015-09-21 00:00:00-04:00,19.795590870815882,19.795590870815882,19.744483947753906,19.744483947753906,1600,0.0,0.0,0.0
2015-09-22 00:00:00-04:00,19.412288665771484,19.412288665771484,19.412288665771484,19.412288665771484,2000,0.0,0.0,0.0
2015-09-23 00:00:00-04:00,19.42931918766714,19.491074125023772,19.427190883546302,19.452743530273438,4400,0.0,0.0,0.0
2015-09-24 00:00:00-04:00,19.250450223132813,19.405900955200195,19.250450223132813,19.405900955200195,4800,0.0,0.0,0.0
2015-09-25 00:00:00-04:00,19.56134605407715,19.56134605407715,19.56134605407715,19.56134605407715,2400,0.0,0.0,0.0
2015-09-28 00:00:00-04:00,19.18656279186695,19.18656279186695,18.85223539743743,18.899084091186523,18000,0.0,0.0,0.0
2015-09-29 00:00:00-04:00,18.9565735039614,18.9565735039614,18.796862982010058,18.867136001586914,123200,0.0,0.0,0.0
2015-09-30 00:00:00-04:00,19.12054766882055,19.122677597772935,19.0119440374856,19.118417739868164,6000,0.0,0.0,0.0
2015-10-01 00:00:00-04:00,19.097120521010638,19.2078524403836,19.097120521010638,19.203594207763672,2800,0.0,0.0,0.0
2015-10-02 00:00:00-04:00,19.126928144148316,19.33561723179895,19.126928144148316,19.329227447509766,13600,0.0,0.0,0.0
2015-10-05 00:00:00-04:00,19.79345695033749,19.914836883544922,19.782810556870555,19.914836883544922,36800,0.0,0.0,0.0
2015-10-06 00:00:00-04:00,19.87650575362704,19.955296861510448,19.80623435974121,19.80623435974121,10400,0.0,0.0,0.0
2015-10-07 00:00:00-04:00,19.916967883079955,19.968074798583984,19.916967883079955,19.968074798583984,4000,0.0,0.0,0.0
2015-10-08 00:00:00-04:00,19.978725330640437,20.104365143523836,19.978725330640437,20.10010528564453,8400,0.0,0.0,0.0
2015-10-09 00:00:00-04:00,20.1320513941656,20.195934652072786,20.1320513941656,20.16399383544922,11600,0.0,0.0,0.0
2015-10-12 00:00:00-04:00,20.1959285736084,20.1959285736084,20.1959285736084,20.1959285736084,1600,0.0,0.0,0.0
2015-10-13 00:00:00-04:00,20.09584770063451,20.09584770063451,20.070293426513672,20.070293426513672,2000,0.0,0.0,0.0
2015-10-14 00:00:00-04:00,20.102231999874565,20.112878393550766,19.974463903143693,20.012794494628906,10000,0.0,0.0,0.0
2015-10-15 00:00:00-04:00,20.072425745601986,20.251300811767578,20.036223446788473,20.251300811767578,9600,0.0,0.0,0.0
2015-10-16 00:00:00-04:00,20.251300811767578,20.251300811767578,20.251300811767578,20.251300811767578,0,0.0,0.0,0.0
2015-10-19 00:00:00-04:00,20.325829259495688,20.34499537086505,20.287498661416738,20.336477279663086,14000,0.0,0.0,0.0
2015-10-20 00:00:00-04:00,20.308786392211914,20.308786392211914,20.308786392211914,20.308786392211914,1200,0.0,0.0,0.0
2015-10-21 00:00:00-04:00,20.364152782389734,20.364152782389734,20.225738316262,20.266197204589844,6400,0.0,0.0,0.0
2015-10-22 00:00:00-04:00,20.4131366599246,20.506834030151367,20.4131366599246,20.506834030151367,4000,0.0,0.0,0.0
2015-10-23 00:00:00-04:00,20.649507883119647,20.76449966430664,20.649507883119647,20.76449966430664,5200,0.0,0.0,0.0
2015-10-26 00:00:00-04:00,20.694226188081174,20.707002510826314,20.666543613913518,20.698484420776367,15200,0.0,0.0,0.0
2015-10-27 00:00:00-04:00,20.581369750855696,20.623958587646484,20.581369750855696,20.623958587646484,4000,0.0,0.0,0.0
2015-10-28 00:00:00-04:00,20.709132890107067,20.76449966430664,20.709132890107067,20.76449966430664,2400,0.0,0.0,0.0
2015-10-29 00:00:00-04:00,20.843292167049697,20.875234603881836,20.817739517311846,20.875234603881836,6000,0.0,0.0,0.0
2015-10-30 00:00:00-04:00,20.836905385740955,20.91356658935547,20.836905385740955,20.91356658935547,6800,0.0,0.0,0.0
2015-11-02 00:00:00-05:00,20.892269418788132,21.045591805814993,20.892269418788132,21.039203643798828,5200,0.0,0.0,0.0
2015-11-03 00:00:00-05:00,21.015775025275627,21.156319435023153,21.00299707918266,21.135025024414062,13200,0.0,0.0,0.0
2015-11-04 00:00:00-05:00,21.028555623998738,21.043461876923033,21.028555623998738,21.039203643798828,6800,0.0,0.0,0.0
2015-11-05 00:00:00-05:00,21.013651543965494,21.013651543965494,20.98383903503418,20.98383903503418,6800,0.0,0.0,0.0
2015-11-06 00:00:00-05:00,21.009393310400974,21.009393310400974,20.868847232873446,20.98383903503418,7600,0.0,0.0,0.0
2015-11-09 00:00:00-05:00,20.962539168932686,20.962539168932686,20.732555624392667,20.766626358032227,6400,0.0,0.0,0.0
2015-11-10 00:00:00-05:00,20.78579272460559,20.839029566616226,20.758110151637474,20.783662796020508,17600,0.0,0.0,0.0
2015-11-11 00:00:00-05:00,20.802833656541953,20.828386306762695,20.7623731274793,20.828386306762695,4000,0.0,0.0,0.0
2015-11-12 00:00:00-05:00,20.643126286316257,20.643126286316257,20.508968353271484,20.508968353271484,12400,0.0,0.0,0.0
2015-11-13 00:00:00-05:00,20.40035847423196,20.40035847423196,20.236388091304033,20.25555419921875,72000,0.0,0.0,0.0
2015-11-16 00:00:00-05:00,20.27684969796228,20.54516385053448,20.27684969796228,20.528127670288086,20800,0.0,0.0,0.0
2015-11-17 00:00:00-05:00,20.609051925793704,20.609051925793704,20.51322623257458,20.540908813476562,54400,0.0,0.0,0.0
2015-11-18 00:00:00-05:00,20.613305118499092,20.87735939025879,20.61117518999232,20.87735939025879,17200,0.0,0.0,0.0
2015-11-19 00:00:00-05:00,20.85180621432928,20.875230555152402,20.821993712310675,20.84115982055664,12800,0.0,0.0,0.0
2015-11-20 00:00:00-05:00,20.951886757399105,20.960404845187703,20.88587360786137,20.909297943115234,11600,0.0,0.0,0.0
2015-11-23 00:00:00-05:00,20.88374971661715,20.951892813964946,20.860325374592005,20.894397735595703,12000,0.0,0.0,0.0
2015-11-24 00:00:00-05:00,20.753851849355048,20.97744725241538,20.730427507142647,20.960411071777344,13600,0.0,0.0,0.0
2015-11-25 00:00:00-05:00,20.915699552835537,20.97106634673602,20.915699552835537,20.934864044189453,3600,0.0,0.0,0.0
2015-11-27 00:00:00-05:00,20.947635650634766,20.947635650634766,20.947635650634766,20.947635650634766,800,0.0,0.0,0.0
2015-11-30 00:00:00-05:00,20.939115395102995,20.94124369905965,20.892266713504462,20.93059730529785,7600,0.0,0.0,0.0
2015-12-01 00:00:00-05:00,20.98384116505646,21.017911911010742,20.94764048977377,21.017911911010742,2000,0.0,0.0,0.0
2015-12-02 00:00:00-05:00,21.090306295728592,21.092436224189438,20.883747100830078,20.883747100830078,10000,0.0,0.0,0.0
2015-12-03 00:00:00-05:00,20.883747100830078,20.883747100830078,20.883747100830078,20.883747100830078,0,0.0,0.0,0.0
2015-12-04 00:00:00-05:00,20.883747100830078,20.883747100830078,20.883747100830078,20.883747100830078,0,0.0,0.0,0.0
2015-12-07 00:00:00-05:00,20.883747100830078,20.883747100830078,20.883747100830078,20.883747100830078,0,0.0,0.0,0.0
2015-12-08 00:00:00-05:00,20.570718757683355,20.70061680318818,20.570718757683355,20.64312171936035,4000,0.0,0.0,0.0
2015-12-09 00:00:00-05:00,20.70700173346203,20.78579284497145,20.4110050201416,20.4110050201416,2400,0.0,0.0,0.0
2015-12-10 00:00:00-05:00,20.577107703625533,20.623956393908166,20.54942512512207,20.54942512512207,8000,0.0,0.0,0.0
2015-12-11 00:00:00-05:00,20.28962179313118,20.28962179313118,20.12139320373535,20.12139320373535,20000,0.0,0.0,0.0
2015-12-14 00:00:00-05:00,20.085203844624047,20.112886428833008,20.06816765834462,20.112886428833008,5200,0.0,0.0,0.0
2015-12-15 00:00:00-05:00,20.428049540694264,20.428049540694264,20.421661376953125,20.421661376953125,8400,0.0,0.0,0.0
2015-12-16 00:00:00-05:00,20.553681064978793,20.579235336279588,20.519610327904033,20.523868560791016,66000,0.0,0.0,0.0
2015-12-17 00:00:00-05:00,20.72404193684656,20.72404193684656,20.470633998314018,20.54942512512207,8800,0.0,0.0,0.0
2015-12-18 00:00:00-05:00,20.38705969891148,20.38705969891148,20.17286491394043,20.17286491394043,11600,0.1405,0.0,0.0
2015-12-21 00:00:00-05:00,20.19857514676948,20.230703067147523,20.147167205810547,20.147167205810547,8400,0.0,0.0,0.0
2015-12-22 00:00:00-05:00,20.29924522140579,20.425621032714844,20.29924522140579,20.425621032714844,38800,0.0,0.0,0.0
2015-12-23 00:00:00-05:00,20.564848591666962,20.644099642550394,20.564848591666962,20.631248474121094,28000,0.0,0.0,0.0
2015-12-24 00:00:00-05:00,20.631248474121094,20.631248474121094,20.631248474121094,20.631248474121094,0,0.0,0.0,0.0
2015-12-28 00:00:00-05:00,20.631248474121094,20.631248474121094,20.631248474121094,20.631248474121094,400,0.0,0.0,0.0
2015-12-29 00:00:00-05:00,20.631248474121094,20.631248474121094,20.631248474121094,20.631248474121094,0,0.0,0.0,0.0
2015-12-30 00:00:00-05:00,20.787611443943277,20.787611443943277,20.665520441299485,20.669803619384766,52400,0.0,0.0,0.0
2015-12-31 00:00:00-05:00,20.507012341067057,20.626962555787955,20.507012341067057,20.573413848876953,28400,0.0,0.0,0.0
2016-01-04 00:00:00-05:00,20.00793512157709,20.074334980232777,19.960812008656355,20.02078628540039,27600,0.0,0.0,0.0
2016-01-05 00:00:00-05:00,20.115041192712052,20.217853816024405,20.076486050425626,20.18572425842285,23200,0.0,0.0,0.0
2016-01-06 00:00:00-05:00,20.10861183811009,20.10861183811009,19.885848999023438,19.885848999023438,7600,0.0,0.0,0.0
2016-01-07 00:00:00-05:00,19.605252650948998,19.76804118033582,19.48530406833601,19.515291213989258,10800,0.0,0.0,0.0
2016-01-08 00:00:00-05:00,19.585978335909406,19.585978335909406,19.335369110107422,19.335369110107422,2400,0.0,0.0,0.0
2016-01-11 00:00:00-05:00,19.24968147277832,19.24968147277832,19.24968147277832,19.24968147277832,1600,0.0,0.0,0.0
2016-01-12 00:00:00-05:00,19.446748668840318,19.463884647316792,19.215417861938477,19.215417861938477,3200,0.0,0.0,0.0
2016-01-13 00:00:00-05:00,19.322516690088406,19.363214233403887,18.986230850219727,18.986230850219727,12400,0.0,0.0,0.0
2016-01-14 00:00:00-05:00,18.956242033889172,19.238979137841124,18.894125338467866,19.17043685913086,28400,0.0,0.0,0.0
2016-01-15 00:00:00-05:00,18.812730596712637,18.812730596712637,18.60067655772962,18.782743453979492,18400,0.0,0.0,0.0
2016-01-19 00:00:00-05:00,18.95838404820962,18.95838404820962,18.64137499436054,18.778459548950195,16400,0.0,0.0,0.0
2016-01-20 00:00:00-05:00,18.283667165988728,18.690637588500977,18.249395215632244,18.690637588500977,10800,0.0,0.0,0.0
2016-01-21 00:00:00-05:00,18.544985067839008,18.829864527015236,18.544985067839008,18.690637588500977,9600,0.0,0.0,0.0
2016-01-22 00:00:00-05:00,18.96481604685277,18.999086380004883,18.9519648761929,18.999086380004883,2800,0.0,0.0,0.0
2016-01-25 00:00:00-05:00,18.932676315307617,18.932676315307617,18.932676315307617,18.932676315307617,5200,0.0,0.0,0.0
2016-01-26 00:00:00-05:00,18.958391189575195,18.958391189575195,18.958391189575195,18.958391189575195,1200,0.0,0.0,0.0
2016-01-27 00:00:00-05:00,18.94981954458695,19.067625737198306,18.79559898376465,18.79559898376465,8400,0.0,0.0,0.0
2016-01-28 00:00:00-05:00,18.951962424755305,18.951962424755305,18.947677612304688,18.947677612304688,5600,0.0,0.0,0.0
2016-01-29 00:00:00-05:00,18.96480717937529,19.24325942993164,18.96480717937529,19.24325942993164,4000,0.0,0.0,0.0
2016-02-01 00:00:00-05:00,19.243261321370234,19.459598541259766,19.236835738413166,19.459598541259766,6400,0.0,0.0,0.0
2016-02-02 00:00:00-05:00,19.2432689798145,19.2432689798145,18.93054462275727,19.00551414489746,15600,0.0,0.0,0.0
2016-02-03 00:00:00-05:00,19.078331537517364,19.10617627433304,18.791311278384907,18.829866409301758,30400,0.0,0.0,0.0
2016-02-04 00:00:00-05:00,19.144732617819102,19.19185574016619,19.082615923286742,19.164011001586914,10800,0.0,0.0,0.0
2016-02-05 00:00:00-05:00,19.039781449087283,19.039781449087283,18.752761113940494,18.754901885986328,6800,0.0,0.0,0.0
2016-02-08 00:00:00-05:00,18.427182575651578,18.427182575651578,18.26011085510254,18.26011085510254,5600,0.0,0.0,0.0
2016-02-09 00:00:00-05:00,18.253687646189526,18.527856826782227,18.253687646189526,18.527856826782227,5200,0.0,0.0,0.0
2016-02-10 00:00:00-05:00,18.59210781409539,18.652082091854325,18.491436004638672,18.491436004638672,6400,0.0,0.0,0.0
2016-02-11 00:00:00-05:00,18.238691166701944,18.324369430541992,18.118740943655087,18.324369430541992,13200,0.0,0.0,0.0
2016-02-12 00:00:00-05:00,18.401481108514485,18.58782958984375,18.401481108514485,18.58782958984375,50400,0.0,0.0,0.0
2016-02-16 00:00:00-05:00,18.84057944557707,18.9433936960839,18.754901175850897,18.866283416748047,30400,0.0,0.0,0.0
2016-02-17 00:00:00-05:00,19.039776373594172,19.245403193402016,19.039776373594172,19.230409622192383,12800,0.0,0.0,0.0
2016-02-18 00:00:00-05:00,19.328940572240192,19.328940572240192,19.17043685913086,19.17043685913086,4800,0.0,0.0,0.0
2016-02-19 00:00:00-05:00,18.996943174753667,19.17900848388672,18.996943174753667,19.17900848388672,4000,0.0,0.0,0.0
2016-02-22 00:00:00-05:00,19.468168617724174,19.468168617724174,19.43818147125749,19.451032638549805,3600,0.0,0.0,0.0
2016-02-23 00:00:00-05:00,19.427470369743578,19.427470369743578,19.191856384277344,19.191856384277344,20800,0.0,0.0,0.0
2016-02-24 00:00:00-05:00,19.04834073696676,19.18328285217285,18.924107379628616,19.18328285217285,10400,0.0,0.0,0.0
2016-02-25 00:00:00-05:00,19.29895010766055,19.500293731689453,19.29895010766055,19.500293731689453,8000,0.0,0.0,0.0
2016-02-26 00:00:00-05:00,19.540996551513672,19.540996551513672,19.540996551513672,19.540996551513672,1600,0.0,0.0,0.0
2016-02-29 00:00:00-05:00,19.466027592735472,19.553848266601562,19.466027592735472,19.553848266601562,3200,0.0,0.0,0.0
2016-03-01 00:00:00-05:00,19.624529296649474,19.761613845825195,19.594542153653332,19.761613845825195,4800,0.0,0.0,0.0
2016-03-02 00:00:00-05:00,19.81302062317349,19.83658218383789,19.81302062317349,19.83658218383789,1600,0.0,0.0,0.0
2016-03-03 00:00:00-05:00,19.81731042354024,19.947969436645508,19.81731042354024,19.947969436645508,6000,0.0,0.0,0.0
2016-03-04 00:00:00-05:00,20.00794175331773,20.119322356449146,20.00794175331773,20.055063247680664,18000,0.0,0.0,0.0
2016-03-07 00:00:00-05:00,20.016508215683064,20.147167205810547,20.016508215683064,20.147167205810547,2800,0.0,0.0,0.0
2016-03-08 00:00:00-05:00,19.94367915064801,19.94367915064801,19.875136875918713,19.87727928161621,25200,0.0,0.0,0.0
2016-03-09 00:00:00-05:00,19.892274141169974,19.945822847837537,19.892274141169974,19.93297004699707,11600,0.0,0.0,0.0
2016-03-10 00:00:00-05:00,20.055062929376696,20.055062929376696,19.791604182796846,19.817306518554688,42400,0.0,0.0,0.0
2016-03-11 00:00:00-05:00,20.181436668136975,20.312095642089844,20.181436668136975,20.312095642089844,8800,0.0,0.0,0.0
2016-03-14 00:00:00-04:00,20.224279498350676,20.320668171620696,20.224279498350676,20.277828216552734,2800,0.0,0.0,0.0
2016-03-15 00:00:00-04:00,20.157878879921284,20.200717199259014,20.14288530473537,20.196434020996094,20800,0.0,0.0,0.0
2016-03-16 00:00:00-04:00,20.147163555291595,20.35493278503418,20.147163555291595,20.35493278503418,12400,0.0,0.0,0.0
2016-03-17 00:00:00-04:00,20.279966419068696,20.543426777048772,20.273540835684745,20.51129722595215,9200,0.0,0.0,0.0
2016-03-18 00:00:00-04:00,20.609678003248746,20.609678003248746,20.519266187737387,20.60537338256836,6800,0.11925,0.0,0.0
2016-03-21 00:00:00-04:00,20.484819445462627,20.603215373261744,20.484819445462627,20.592453002929688,12800,0.0,0.0,0.0
2016-03-22 00:00:00-04:00,20.519260180038934,20.641962362981513,20.519260180038934,20.624740600585938,4000,0.0,0.0,0.0
2016-03-23 00:00:00-04:00,20.497735711656258,20.54509474148616,20.495582580566406,20.495582580566406,4000,0.0,0.0,0.0
2016-03-24 00:00:00-04:00,20.347049614530828,20.387950897216797,20.32337173979249,20.387950897216797,9200,0.0,0.0,0.0
2016-03-28 00:00:00-04:00,20.467598806371885,20.467598806371885,20.45683479309082,20.45683479309082,1600,0.0,0.0,0.0
2016-03-29 00:00:00-04:00,20.45898609060794,20.672100067138672,20.45467982873832,20.672100067138672,8800,0.0,0.0,0.0
2016-03-30 00:00:00-04:00,20.768970625864597,20.824938889623716,20.708694458007812,20.708694458007812,5200,0.0,0.0,0.0
2016-03-31 00:00:00-04:00,20.73022514076507,20.736682891845703,20.73022514076507,20.736682891845703,2400,0.0,0.0,0.0
2016-04-01 00:00:00-04:00,20.536485351618087,20.79050064086914,20.536485351618087,20.79050064086914,13200,0.0,0.0,0.0
2016-04-04 00:00:00-04:00,20.86368801136984,20.86368801136984,20.760360717773438,20.760360717773438,5600,0.0,0.0,0.0
2016-04-05 00:00:00-04:00,20.598909201753056,20.598909201753056,20.514955164642164,20.55370330810547,4000,0.0,0.0,0.0
2016-04-06 00:00:00-04:00,20.618284568235516,20.719460377792632,20.558010037186456,20.706544876098633,14000,0.0,0.0,0.0
2016-04-07 00:00:00-04:00,20.63981106347487,20.63981106347487,20.536483764648438,20.536483764648438,6800,0.0,0.0,0.0
2016-04-08 00:00:00-04:00,20.689322815106284,20.70223831661478,20.596757888793945,20.596757888793945,6000,0.0,0.0,0.0
2016-04-11 00:00:00-04:00,20.594608306884766,20.594608306884766,20.594608306884766,20.594608306884766,4000,0.0,0.0,0.0
2016-04-12 00:00:00-04:00,20.63120392166418,20.68717384338379,20.63120392166418,20.68717384338379,4800,0.0,0.0,0.0
2016-04-13 00:00:00-04:00,20.859383600111364,20.91320037841797,20.85723046911893,20.91320037841797,7600,0.0,0.0,0.0
2016-04-14 00:00:00-04:00,20.984233856201172,20.984233856201172,20.984233856201172,20.984233856201172,800,0.0,0.0,0.0
2016-04-15 00:00:00-04:00,20.951951135335072,20.975630652129322,20.915356115692298,20.964866638183594,40800,0.0,0.0,0.0
2016-04-18 00:00:00-04:00,21.04235994786801,21.08110809326172,21.04235994786801,21.08110809326172,1600,0.0,0.0,0.0
2016-04-19 00:00:00-04:00,21.149996649514772,21.156454400981627,21.139232635498047,21.139232635498047,2800,0.0,0.0,0.0
2016-04-20 00:00:00-04:00,21.167218847254595,21.238257399556577,21.167218847254595,21.18659210205078,13600,0.0,0.0,0.0
2016-04-21 00:00:00-04:00,21.124163931739226,21.16076059386083,21.050973892211914,21.050973892211914,12800,0.0,0.0,0.0
2016-04-22 00:00:00-04:00,21.076803162605263,21.100481033325195,20.986389729782694,21.100481033325195,25600,0.0,0.0,0.0
2016-04-25 00:00:00-04:00,21.06172848729318,21.06172848729318,20.936874839942423,20.984233856201172,15600,0.0,0.0,0.0
2016-04-26 00:00:00-04:00,21.072498055392703,21.072498055392703,21.068193435668945,21.068193435668945,6800,0.0,0.0,0.0
2016-04-27 00:00:00-04:00,21.050968262445963,21.141380043220874,21.050968262445963,21.137075424194336,4800,0.0,0.0,0.0
2016-04-28 00:00:00-04:00,21.24687180143389,21.24687180143389,21.091880798339844,21.091880798339844,9600,0.0,0.0,0.0
2016-04-29 00:00:00-04:00,20.861541360595236,20.861541360595236,20.68717384338379,20.68717384338379,11200,0.0,0.0,0.0
2016-05-02 00:00:00-04:00,20.850775316733806,20.964866638183594,20.850775316733806,20.964866638183594,18000,0.0,0.0,0.0
2016-05-03 00:00:00-04:00,20.8141834458734,20.8141834458734,20.71300761196619,20.784046173095703,15200,0.0,0.0,0.0
2016-05-04 00:00:00-04:00,20.665647455755664,20.69578472690666,20.665647455755664,20.68717384338379,29600,0.0,0.0,0.0
2016-05-05 00:00:00-04:00,20.672101831662644,20.734529495239258,20.672101831662644,20.734529495239258,2800,0.0,0.0,0.0
2016-05-06 00:00:00-04:00,20.626895139166187,20.736681828983354,20.616131126344943,20.72591781616211,18800,0.0,0.0,0.0
2016-05-09 00:00:00-04:00,20.85507632832152,20.85507632832152,20.67425275029854,20.75174903869629,14000,0.0,0.0,0.0
2016-05-10 00:00:00-04:00,20.904592796408288,21.014379501342773,20.891677293130584,21.014379501342773,5200,0.0,0.0,0.0
2016-05-11 00:00:00-04:00,20.96701926367234,21.014378296118437,20.83139991760254,20.83139991760254,8000,0.0,0.0,0.0
2016-05-12 00:00:00-04:00,20.880919087410128,20.880919087410128,20.7323841889656,20.8658504486084,7200,0.0,0.0,0.0
2016-05-13 00:00:00-04:00,20.83139962696715,20.840010509324294,20.71946144104004,20.71946144104004,6800,0.0,0.0,0.0
2016-05-16 00:00:00-04:00,20.706542390852377,20.893823712368622,20.693625248350926,20.850770950317383,71200,0.0,0.0,0.0
2016-05-17 00:00:00-04:00,20.805564477467293,20.805564477467293,20.607519149780273,20.607519149780273,46800,0.0,0.0,0.0
2016-05-18 00:00:00-04:00,20.777582379702977,20.777582379702977,20.564468383789062,20.564468383789062,6800,0.0,0.0,0.0
2016-05-19 00:00:00-04:00,20.439612434285152,20.601062774658203,20.439612434285152,20.601062774658203,20000,0.0,0.0,0.0
2016-05-20 00:00:00-04:00,20.775432518677455,20.781890270217502,20.669950435663498,20.6893253326416,11600,0.0,0.0,0.0
2016-05-23 00:00:00-04:00,20.76036574683916,20.76036574683916,20.680716305197503,20.710853576660156,4800,0.0,0.0,0.0
2016-05-24 00:00:00-04:00,20.837860868893983,20.997158100736666,20.816332839912572,20.977783203125,91200,0.0,0.0,0.0
2016-05-25 00:00:00-04:00,21.102634383552676,21.12200927734375,21.085412620706766,21.12200927734375,8800,0.0,0.0,0.0
2016-05-26 00:00:00-04:00,21.094023282914517,21.102634164247984,21.066039150349006,21.100481033325195,13200,0.0,0.0,0.0
2016-05-27 00:00:00-04:00,21.16721667586731,21.193047679612413,21.16291041367125,21.18228530883789,10400,0.0,0.0,0.0
2016-05-31 00:00:00-04:00,21.244710080572236,21.25977871149209,21.12846565246582,21.12846565246582,14400,0.0,0.0,0.0
2016-06-01 00:00:00-04:00,21.096178564651147,21.24040714638645,21.096178564651147,21.229644775390625,44800,0.0,0.0,0.0
2016-06-02 00:00:00-04:00,21.266234243326764,21.274845123291016,21.266234243326764,21.274845123291016,4400,0.0,0.0,0.0
2016-06-03 00:00:00-04:00,21.283464419829325,21.283464419829325,21.102639153787276,21.177982330322266,56000,0.0,0.0,0.0
2016-06-06 00:00:00-04:00,21.320056023420417,21.352346420288086,21.304987390529877,21.352346420288086,4400,0.0,0.0,0.0
2016-06-07 00:00:00-04:00,21.397550362323173,21.397550362323173,21.373870849609375,21.373870849609375,14400,0.0,0.0,0.0
2016-06-08 00:00:00-04:00,21.399706370083837,21.44275913951983,21.399706370083837,21.427690505981445,10800,0.0,0.0,0.0
2016-06-09 00:00:00-04:00,21.404010990084288,21.427690505981445,21.328667822392365,21.427690505981445,8800,0.0,0.0,0.0
2016-06-10 00:00:00-04:00,21.238257182945755,21.238257182945755,21.15214999700563,21.162912368774414,8400,0.0,0.0,0.0
2016-06-13 00:00:00-04:00,21.184436585582336,21.184436585582336,21.033748626708984,21.033748626708984,6400,0.0,0.0,0.0
2016-06-14 00:00:00-04:00,21.027295585804715,21.04451735222299,20.90028711141751,20.999311447143555,12400,0.0,0.0,0.0
2016-06-15 00:00:00-04:00,21.068192106450766,21.07249672590294,21.025137700140686,21.055274963378906,6800,0.0,0.0,0.0
2016-06-16 00:00:00-04:00,20.76466760610438,20.96056148691907,20.7625144748982,20.95840835571289,13600,0.0,0.0,0.0
2016-06-17 00:00:00-04:00,21.061397719777723,21.31455118577687,20.901284817507463,20.99432373046875,28800,0.124,0.0,0.0
2016-06-20 00:00:00-04:00,21.197719164837867,21.240992402459984,21.109006881713867,21.109006881713867,7200,0.0,0.0,0.0
2016-06-21 00:00:00-04:00,21.176074130341302,21.176074130341302,21.09818101296281,21.12630844116211,7600,0.0,0.0,0.0
2016-06-22 00:00:00-04:00,21.20203758896133,21.20203758896133,21.100343704223633,21.100343704223633,7600,0.0,0.0,0.0
2016-06-23 00:00:00-04:00,21.32320637564176,21.325368881225586,21.234494123676274,21.325368881225586,11600,0.0,0.0,0.0
2016-06-24 00:00:00-04:00,20.637311751378274,20.953210861575716,20.635149246038434,20.66327667236328,26400,0.0,0.0,0.0
2016-06-27 00:00:00-04:00,20.224046597150178,20.23053741455078,20.12667938383896,20.23053741455078,8800,0.0,0.0,0.0
2016-06-28 00:00:00-04:00,20.464218254070445,20.572402954101562,20.43608917557114,20.572402954101562,36800,0.0,0.0,0.0
2016-06-29 00:00:00-04:00,20.79310000353864,20.886138916015625,20.79310000353864,20.886138916015625,4000,0.0,0.0,0.0
2016-06-30 00:00:00-04:00,20.97701421588291,21.197711944580078,20.944560124104775,21.197711944580078,50800,0.0,0.0,0.0
2016-07-01 00:00:00-04:00,21.282095494065874,21.28858631230235,21.24747559578119,21.277767181396484,62400,0.0,0.0,0.0
2016-07-05 00:00:00-04:00,21.096019394797896,21.096019394797896,21.074382781982422,21.074382781982422,55200,0.0,0.0,0.0
2016-07-06 00:00:00-04:00,21.039766465041538,21.232335158208997,21.00081989503194,21.21502685546875,32000,0.0,0.0,0.0
2016-07-07 00:00:00-04:00,21.31455453725368,21.357827766044167,21.16525909162113,21.167423248291016,34800,0.0,0.0,0.0
2016-07-08 00:00:00-04:00,21.42056933208308,21.59582800746364,21.42056933208308,21.585010528564453,12000,0.0,0.0,0.0
2016-07-11 00:00:00-04:00,21.65858169995802,21.688873291015625,21.595834361119294,21.688873291015625,17600,0.0,0.0,0.0
2016-07-12 00:00:00-04:00,21.803552087518792,21.818697885306364,21.794898760870023,21.807880401611328,10000,0.0,0.0,0.0
2016-07-13 00:00:00-04:00,21.812201153441883,21.85114771587874,21.76243711024172,21.833839416503906,14400,0.0,0.0,0.0
2016-07-14 00:00:00-04:00,21.987461466536388,21.987461466536388,21.898749210306185,21.935531616210938,31200,0.0,0.0,0.0
2016-07-15 00:00:00-04:00,22.041551662617604,22.041551662617604,21.814363129317968,21.90740203857422,19600,0.0,0.0,0.0
2016-07-18 00:00:00-04:00,21.931202619287603,21.939857593420445,21.931202619287603,21.933366775512695,7600,0.0,0.0,0.0
2016-07-19 00:00:00-04:00,21.872784917859924,21.887932362718793,21.868458255591495,21.883604049682617,20400,0.0,0.0,0.0
2016-07-20 00:00:00-04:00,22.041553497314453,22.041553497314453,22.041553497314453,22.041553497314453,3200,0.0,0.0,0.0
2016-07-21 00:00:00-04:00,22.01991271368056,22.02640518220793,21.905237197875977,21.905237197875977,12000,0.0,0.0,0.0
2016-07-22 00:00:00-04:00,21.987459182739258,21.987459182739258,21.987459182739258,21.987459182739258,2400,0.0,0.0,0.0
2016-07-25 00:00:00-04:00,22.0588640731785,22.0588640731785,21.89658699078405,21.948516845703125,15600,0.0,0.0,0.0
2016-07-26 00:00:00-04:00,21.976639442585775,21.976639442585775,21.911727963606094,21.9658203125,10400,0.0,0.0,0.0
2016-07-27 00:00:00-04:00,21.980966567993164,21.980966567993164,21.911728425978627,21.980966567993164,6400,0.0,0.0,0.0
2016-07-28 00:00:00-04:00,21.909566251198036,21.96149444580078,21.890092146492293,21.96149444580078,10400,0.0,0.0,0.0
2016-07-29 00:00:00-04:00,21.987462900166594,22.061027716772685,21.952842997692336,22.035062789916992,3600,0.0,0.0,0.0
2016-08-01 00:00:00-04:00,22.0588628595896,22.080501123332688,21.959333119288864,21.991788864135742,8800,0.0,0.0,0.0
2016-08-02 00:00:00-04:00,21.952840176827365,21.952840176827365,21.801382249883826,21.890092849731445,7200,0.0,0.0,0.0
2016-08-03 00:00:00-04:00,21.890089537089892,21.939855220278893,21.88359871988423,21.9182186126709,21200,0.0,0.0,0.0
2016-08-04 00:00:00-04:00,21.9376933482719,21.980966567993164,21.9376933482719,21.980966567993164,2400,0.0,0.0,0.0
2016-08-05 00:00:00-04:00,22.102139091508448,22.11512072993607,22.08050247720646,22.110794067382812,6000,0.0,0.0,0.0
2016-08-08 00:00:00-04:00,22.221131382822353,22.221131382822353,22.13025665283203,22.13025665283203,2400,0.0,0.0,0.0
2016-08-09 00:00:00-04:00,22.14541244506836,22.14541244506836,22.14541244506836,22.14541244506836,1600,0.0,0.0,0.0
2016-08-10 00:00:00-04:00,22.102141537651487,22.151905590976888,22.063194967290375,22.106468200683594,50000,0.0,0.0,0.0
2016-08-11 00:00:00-04:00,22.20815838159844,22.214649200439453,22.123774435129786,22.214649200439453,95600,0.0,0.0,0.0
2016-08-12 00:00:00-04:00,22.212482245926793,22.212482245926793,22.13242497779686,22.151897430419922,45200,0.0,0.0,0.0
2016-08-15 00:00:00-04:00,22.270904951761313,22.299032382697657,22.231958389282227,22.231958389282227,28800,0.0,0.0,0.0
2016-08-16 00:00:00-04:00,22.180025686578855,22.186516503879652,22.115114212036133,22.115114212036133,5600,0.0,0.0,0.0
2016-08-17 00:00:00-04:00,22.01774951580753,22.121605898234336,22.01774951580753,22.0913143157959,23200,0.0,0.0,0.0
2016-08-18 00:00:00-04:00,22.15839474839765,22.175703048706055,22.15839474839765,22.175703048706055,2800,0.0,0.0,0.0
2016-08-19 00:00:00-04:00,22.19084513645851,22.19084513645851,22.102134540854806,22.169208526611328,14800,0.0,0.0,0.0
2016-08-22 00:00:00-04:00,22.18435633837961,22.186520494791623,22.091317421875132,22.1627197265625,15200,0.0,0.0,0.0
2016-08-23 00:00:00-04:00,22.372594317664703,22.372594317664703,22.223298916581786,22.22978973388672,6000,0.0,0.0,0.0
2016-08-24 00:00:00-04:00,22.14973270566478,22.18002428499926,22.03938386622216,22.06967544555664,58800,0.0,0.0,0.0
2016-08-25 00:00:00-04:00,22.14757930576068,22.14757930576068,22.141088485717773,22.141088485717773,2400,0.0,0.0,0.0
2016-08-26 00:00:00-04:00,22.167042904610483,22.190843669098825,21.955001831054688,21.955001831054688,6000,0.0,0.0,0.0
2016-08-29 00:00:00-04:00,22.1627197265625,22.18435633837961,22.151900595270114,22.1627197265625,10400,0.0,0.0,0.0
2016-08-30 00:00:00-04:00,22.18002533022282,22.18002533022282,22.0891489371696,22.093477249145508,2800,0.0,0.0,0.0
2016-08-31 00:00:00-04:00,22.03289718925582,22.11728112622415,21.989622317241565,22.050207138061523,16800,0.0,0.0,0.0
2016-09-01 00:00:00-04:00,22.132427105922293,22.132427105922293,21.92471267079985,22.024242401123047,33200,0.0,0.0,0.0
2016-09-02 00:00:00-04:00,22.227629189042993,22.25142830433763,22.130261968579394,22.169208526611328,6400,0.0,0.0,0.0
2016-09-06 00:00:00-04:00,22.13675618389705,22.208158493041992,22.117283727276302,22.208158493041992,4400,0.0,0.0,0.0
2016-09-07 00:00:00-04:00,22.199503406221176,22.268741558471554,22.199503406221176,22.214649200439453,6400,0.0,0.0,0.0
2016-09-08 00:00:00-04:00,22.162716730056324,22.255755633981497,22.162716730056324,22.199499130249023,10400,0.0,0.0,0.0
2016-09-09 00:00:00-04:00,21.989623859912683,21.989623859912683,21.67156219482422,21.67156219482422,14800,0.0,0.0,0.0
2016-09-12 00:00:00-04:00,21.59799501892641,21.985296471296962,21.59799501892641,21.972314834594727,24400,0.0,0.0,0.0
2016-09-13 00:00:00-04:00,21.710506033227276,21.710506033227276,21.587175534273033,21.634777069091797,8800,0.0,0.0,0.0
2016-09-14 00:00:00-04:00,21.717006387898113,21.717006387898113,21.60449332824142,21.621803283691406,7200,0.0,0.0,0.0
2016-09-15 00:00:00-04:00,21.65641438709318,21.879276275634766,21.65641438709318,21.879276275634766,13600,0.0,0.0,0.0
2016-09-16 00:00:00-04:00,21.763593592270777,21.78316407720789,21.67009587835575,21.741849899291992,21200,0.1245,0.0,0.0
2016-09-19 00:00:00-04:00,21.94624800098444,21.94624800098444,21.737505526746336,21.7570743560791,12400,0.0,0.0,0.0
2016-09-20 00:00:00-04:00,21.85057051682295,21.85057051682295,21.78751264450352,21.807083129882812,10400,0.0,0.0,0.0
2016-09-21 00:00:00-04:00,21.92450519850723,21.961469650268555,21.824482862538936,21.961469650268555,12400,0.0,0.0,0.0
2016-09-22 00:00:00-04:00,22.211524256997766,22.211524256997766,22.126722683096702,22.176733016967773,9200,0.0,0.0,0.0
2016-09-23 00:00:00-04:00,22.107149341592947,22.109324208548433,22.07670783996582,22.07670783996582,10000,0.0,0.0,0.0
2016-09-26 00:00:00-04:00,21.920155723402026,21.928853534320318,21.89406394958496,21.89406394958496,6800,0.0,0.0,0.0
2016-09-27 00:00:00-04:00,21.854922440990098,22.028873665120003,21.854922440990098,21.998432159423828,13200,0.0,0.0,0.0
2016-09-28 00:00:00-04:00,21.92015530637409,22.091933336132218,21.92015530637409,22.08106231689453,8000,0.0,0.0,0.0
2016-09-29 00:00:00-04:00,22.096281501061057,22.107152519526373,21.900584920371152,21.96799087524414,9600,0.0,0.0,0.0
2016-09-30 00:00:00-04:00,22.085412111573497,22.17021369934082,22.02887716674931,22.17021369934082,11200,0.0,0.0,0.0
2016-10-03 00:00:00-04:00,22.039748029077554,22.039748029077554,21.987562823738703,22.02887535095215,9600,0.0,0.0,0.0
2016-10-04 00:00:00-04:00,21.883193707416243,21.883193707416243,21.85492706298828,21.85492706298828,4000,0.0,0.0,0.0
2016-10-05 00:00:00-04:00,22.039741325105073,22.061485015804195,22.033218383789062,22.033218383789062,14800,0.0,0.0,0.0
2016-10-06 00:00:00-04:00,21.97016739077768,22.03757335070766,21.97016739077768,22.035398483276367,4800,0.0,0.0,0.0
2016-10-07 00:00:00-04:00,21.963644517706804,21.963644517706804,21.933203009322444,21.961469650268555,10400,0.0,0.0,0.0
2016-10-10 00:00:00-04:00,22.089757730099368,22.089757730099368,22.065840825001047,22.083234786987305,11200,0.0,0.0,0.0
2016-10-11 00:00:00-04:00,21.989735057035944,21.989735057035944,21.724459307280583,21.802736282348633,99600,0.0,0.0,0.0
2016-10-12 00:00:00-04:00,21.8136043548584,21.8136043548584,21.794035529957043,21.8136043548584,8000,0.0,0.0,0.0
2016-10-13 00:00:00-04:00,21.661403354670256,21.74185520421542,21.548333469292093,21.670101165771484,14400,0.0,0.0,0.0
2016-10-14 00:00:00-04:00,21.87014133153828,21.87014133153828,21.74402558500028,21.76142120361328,6800,0.0,0.0,0.0
2016-10-17 00:00:00-04:00,21.728809280523013,21.757075922351138,21.674449205435035,21.70706558227539,10400,0.0,0.0,0.0
2016-10-18 00:00:00-04:00,21.881012510764148,21.881012510764148,21.75707163037068,21.804908752441406,189600,0.0,0.0,0.0
2016-10-19 00:00:00-04:00,21.874492344554646,21.883190155029297,21.831004951119112,21.883190155029297,3200,0.0,0.0,0.0
2016-10-20 00:00:00-04:00,21.76360086764796,21.85492706298828,21.72446320256524,21.85492706298828,4800,0.0,0.0,0.0
2016-10-21 00:00:00-04:00,21.744027380193938,21.817956276996533,21.744027380193938,21.776643753051758,6800,0.0,0.0,0.0
2016-10-24 00:00:00-04:00,21.922330968868405,21.93755172350341,21.9071102142334,21.9071102142334,11600,0.0,0.0,0.0
2016-10-25 00:00:00-04:00,21.8331710879998,21.88318140455917,21.8331710879998,21.8723087310791,38000,0.0,0.0,0.0
2016-10-26 00:00:00-04:00,21.741856359932562,21.741856359932562,21.739683151245117,21.739683151245117,3600,0.0,0.0,0.0
2016-10-27 00:00:00-04:00,21.933204074904804,21.933204074904804,21.696193280754397,21.720111846923828,8000,0.0,0.0,0.0
2016-10-28 00:00:00-04:00,21.820130688214615,21.820130688214615,21.609213361604706,21.67444610595703,6000,0.0,0.0,0.0
2016-10-31 00:00:00-04:00,21.70923265514854,21.717930463776888,21.663570404052734,21.663570404052734,21200,0.0,0.0,0.0
2016-11-01 00:00:00-04:00,21.691842508871705,21.691842508871705,21.4156924279385,21.5004940032959,16000,0.0,0.0,0.0
2016-11-02 00:00:00-04:00,21.42003901189085,21.4983176328513,21.374376759486825,21.40916633605957,30000,0.0,0.0,0.0
2016-11-03 00:00:00-04:00,21.435262702906446,21.435262702906446,21.235218048095703,21.235218048095703,12800,0.0,0.0,0.0
2016-11-04 00:00:00-04:00,21.206954271789293,21.41352357239518,21.206954271789293,21.29827880859375,16000,0.0,0.0,0.0
2016-11-07 00:00:00-05:00,21.68096692279994,21.704885482788086,21.559200914814785,21.704885482788086,8000,0.0,0.0,0.0
2016-11-08 00:00:00-05:00,21.69836858452969,21.822309494018555,21.691845640704678,21.822309494018555,22000,0.0,0.0,0.0
2016-11-09 00:00:00-05:00,21.787517635209404,22.002784729003906,21.787517635209404,22.002784729003906,8800,0.0,0.0,0.0
2016-11-10 00:00:00-05:00,22.046265310275864,22.154985427856445,22.046265310275864,22.154985427856445,6400,0.0,0.0,0.0
2016-11-11 00:00:00-05:00,22.15064070830985,22.15064070830985,22.01582714487187,22.12019920349121,10400,0.0,0.0,0.0
2016-11-14 00:00:00-05:00,22.176733952177326,22.176733952177326,22.113676071166992,22.113676071166992,55200,0.0,0.0,0.0
2016-11-15 00:00:00-05:00,22.28327857112327,22.322417884274433,22.17890651640766,22.30067253112793,82800,0.0,0.0,0.0
2016-11-16 00:00:00-05:00,22.344162539328252,22.344162539328252,22.220221652176118,22.26805877685547,22400,0.0,0.0,0.0
2016-11-17 00:00:00-05:00,22.391998291015625,22.39417149914045,22.33328849289534,22.391998291015625,38800,0.0,0.0,0.0
2016-11-18 00:00:00-05:00,22.372429494448692,22.372429494448692,22.339813121801274,22.35503387451172,2800,0.0,0.0,0.0
2016-11-21 00:00:00-05:00,22.37460589209028,22.505069732666016,22.37460589209028,22.505069732666016,18000,0.0,0.0,0.0
2016-11-22 00:00:00-05:00,22.589872545132323,22.589872545132323,22.474629452017194,22.500722885131836,40000,0.0,0.0,0.0
2016-11-23 00:00:00-05:00,22.518115773781872,22.583348523986874,22.518115773781872,22.54855728149414,7600,0.0,0.0,0.0
2016-11-25 00:00:00-05:00,22.626832962036133,22.626832962036133,22.626832962036133,22.626832962036133,1600,0.0,0.0,0.0
2016-11-28 00:00:00-05:00,22.672496702235296,22.685544246788677,22.55508041381836,22.55508041381836,22000,0.0,0.0,0.0
2016-11-29 00:00:00-05:00,22.544213414478712,22.61596912131289,22.544213414478712,22.592050552368164,21200,0.0,0.0,0.0
2016-11-30 00:00:00-05:00,22.802958586777,22.802958586777,22.62030792236328,22.62030792236328,19600,0.0,0.0,0.0
2016-12-01 00:00:00-05:00,22.54855990882993,22.58552602302015,22.41157310816316,22.420270919799805,17200,0.0,0.0,0.0
2016-12-02 00:00:00-05:00,22.400696695861935,22.522464379544722,22.400696695861935,22.4420108795166,7600,0.0,0.0,0.0
2016-12-05 00:00:00-05:00,22.585525512695312,22.646408533838212,22.509420077328784,22.585525512695312,46400,0.0,0.0,0.0
2016-12-06 00:00:00-05:00,22.552906750276453,22.68989353336598,22.531163053443823,22.68337059020996,79200,0.0,0.0,0.0
2016-12-07 00:00:00-05:00,22.783390659875725,22.996482849121094,22.646403890392133,22.996482849121094,23200,0.0,0.0,0.0
2016-12-08 00:00:00-05:00,23.0225794035104,23.087812160023024,23.01823132724725,23.059545516967773,25600,0.0,0.0,0.0
2016-12-09 00:00:00-05:00,23.150862940840042,23.18347930908203,23.076932395562373,23.18347930908203,20800,0.0,0.0,0.0
2016-12-12 00:00:00-05:00,23.25741533623036,23.25741533623036,23.03562695017567,23.059545516967773,29600,0.0,0.0,0.0
2016-12-13 00:00:00-05:00,23.207402624563176,23.32481891999732,23.190007003410805,23.283506393432617,23200,0.0,0.0,0.0
2016-12-14 00:00:00-05:00,23.31830102153109,23.31830102153109,23.05085033893794,23.153047561645508,23200,0.0,0.0,0.0
2016-12-15 00:00:00-05:00,23.050844830587703,23.22479606136288,22.979089139160813,23.159564971923828,45600,0.0,0.0,0.0
2016-12-16 00:00:00-05:00,23.34653782187382,23.34653782187382,23.10817309408239,23.162843704223633,58400,0.15125,0.0,0.0
2016-12-19 00:00:00-05:00,23.180335475638636,23.213138170843646,23.119104667743628,23.143159866333008,24800,0.0,0.0,0.0
2016-12-20 00:00:00-05:00,23.300613957632983,23.300613957632983,23.195645655446782,23.26999855041504,54800,0.0,0.0,0.0
2016-12-21 00:00:00-05:00,23.189081279842345,23.272179989004425,23.189081279842345,23.224069595336914,12400,0.0,0.0,0.0
2016-12-22 00:00:00-05:00,23.16721421428647,23.178147333343784,23.070993423461914,23.070993423461914,12400,0.0,0.0,0.0
2016-12-23 00:00:00-05:00,23.19783143002499,23.200017052958664,23.16502873346087,23.182523727416992,11600,0.0,0.0,0.0
2016-12-27 00:00:00-05:00,23.31810983229349,23.31810983229349,23.25031880439116,23.27437400817871,20400,0.0,0.0,0.0
2016-12-28 00:00:00-05:00,23.245947976864795,23.245947976864795,23.064441120500874,23.095056533813477,27200,0.0,0.0,0.0
2016-12-29 00:00:00-05:00,23.11473110604995,23.11473110604995,23.033819678507257,23.060060501098633,17600,0.0,0.0,0.0
2016-12-30 00:00:00-05:00,23.03381804022556,23.03381804022556,22.9354099572638,23.005388259887695,42400,0.0,0.0,0.0
2017-01-03 00:00:00-05:00,23.261247713933837,23.261247713933837,22.979147214991738,23.070993423461914,24400,0.0,0.0,0.0
2017-01-04 00:00:00-05:00,23.300613485563794,23.34216201256662,23.221887677622764,23.335601806640625,10800,0.0,0.0,0.0
2017-01-05 00:00:00-05:00,23.388084991456925,23.388084991456925,23.210952758789062,23.210952758789062,11600,0.0,0.0,0.0
2017-01-06 00:00:00-05:00,23.40995275819562,23.420885877693845,23.267808857403544,23.403390884399414,34400,0.0,0.0,0.0
2017-01-09 00:00:00-05:00,23.444944018165305,23.444944018165305,23.280932189382717,23.307174682617188,28800,0.0,0.0,0.0
2017-01-10 00:00:00-05:00,23.243755036057085,23.388084568252548,23.243755036057085,23.3662166595459,18000,0.0,0.0,0.0
2017-01-11 00:00:00-05:00,23.39026977972867,23.39026977972867,23.24156567796631,23.309356689453125,7200,0.0,0.0,0.0
2017-01-12 00:00:00-05:00,23.189080513323947,23.32247690284197,23.12784971192175,23.320289611816406,45600,0.0,0.0,0.0
2017-01-13 00:00:00-05:00,23.3006151132422,23.420889456587894,23.3006151132422,23.390274047851562,5600,0.0,0.0,0.0
2017-01-17 00:00:00-05:00,23.245947632939494,23.33779387151843,23.23720013377747,23.29624366760254,56400,0.0,0.0,0.0
2017-01-18 00:00:00-05:00,23.289678689856107,23.31373389052067,23.25687599182129,23.25687599182129,19200,0.0,0.0,0.0
2017-01-19 00:00:00-05:00,23.33998121152221,23.359661833366175,23.228452682495117,23.228452682495117,12400,0.0,0.0,0.0
2017-01-20 00:00:00-05:00,23.412141399723588,23.412141399723588,23.263437274376326,23.3421630859375,41600,0.0,0.0,0.0
2017-01-23 00:00:00-05:00,23.307177668773186,23.307177668773186,23.180341437844667,23.23501205444336,20400,0.0,0.0,0.0
2017-01-24 00:00:00-05:00,23.33779065026431,23.444944580482893,23.32467023753969,23.434011459350586,15200,0.0,0.0,0.0
2017-01-25 00:00:00-05:00,23.578338352153825,23.63300895690918,23.552095861242048,23.63300895690918,26400,0.0,0.0,0.0
2017-01-26 00:00:00-05:00,23.622078141272343,23.622078141272343,23.571782110750895,23.61114501953125,10400,0.0,0.0,0.0
2017-01-27 00:00:00-05:00,23.65488032642112,23.65488032642112,23.5346059794089,23.5739688873291,20400,0.0,0.0,0.0
2017-01-30 00:00:00-05:00,23.587086142345754,23.587086142345754,23.300612703759032,23.431821823120117,14000,0.0,0.0,0.0
2017-01-31 00:00:00-05:00,23.41651646344133,23.434011459350586,23.289680245721176,23.434011459350586,39200,0.0,0.0,0.0
2017-02-01 00:00:00-05:00,23.43182341048751,23.49961443192671,23.36403072063373,23.396833419799805,43600,0.0,0.0,0.0
2017-02-02 00:00:00-05:00,23.4340124941474,23.4340124941474,23.35091209411621,23.35091209411621,11200,0.0,0.0,0.0
2017-02-03 00:00:00-05:00,23.41432530574324,23.619887302698608,23.41432530574324,23.569589614868164,32400,0.0,0.0,0.0
2017-02-06 00:00:00-05:00,23.493047017699684,23.578333008315507,23.493047017699684,23.545530319213867,15600,0.0,0.0,0.0
2017-02-07 00:00:00-05:00,23.650504860487803,23.650504860487803,23.53897635534126,23.582712173461914,22800,0.0,0.0,0.0
2017-02-08 00:00:00-05:00,23.528041566603836,23.582712173461914,23.49961345166686,23.582712173461914,12400,0.0,0.0,0.0
2017-02-09 00:00:00-05:00,23.696429968743978,23.781715989162976,23.633011859229782,23.762035369873047,27200,0.0,0.0,0.0
2017-02-10 00:00:00-05:00,23.818888544210147,23.858251446147175,23.74672294592318,23.812328338623047,108800,0.0,0.0,0.0
2017-02-13 00:00:00-05:00,23.88886948539824,23.967595297953427,23.871376158041794,23.917299270629883,67600,0.0,0.0,0.0
2017-02-14 00:00:00-05:00,23.987274691905668,24.024450302124023,23.891053895185756,24.024450302124023,4400,0.0,0.0,0.0
2017-02-15 00:00:00-05:00,24.09443132333722,24.164409637451172,24.09443132333722,24.164409637451172,5600,0.0,0.0,0.0
2017-02-16 00:00:00-05:00,24.09005721587194,24.15347365217296,24.026639111156392,24.11192512512207,99600,0.0,0.0,0.0
2017-02-17 00:00:00-05:00,23.993839141724553,24.120675365579842,23.993839141724553,24.10536766052246,31600,0.0,0.0,0.0
2017-02-21 00:00:00-05:00,24.11629872520415,24.339355743774508,24.11629872520415,24.284685134887695,26400,0.0,0.0,0.0
2017-02-22 00:00:00-05:00,24.367786333255935,24.367786333255935,24.254072189331055,24.254072189331055,15200,0.0,0.0,0.0
2017-02-23 00:00:00-05:00,24.27811749670028,24.337162674592808,24.216886696229643,24.273744583129883,15200,0.0,0.0,0.0
2017-02-24 00:00:00-05:00,24.249696057353646,24.313114166259766,24.24750876575974,24.313114166259766,12000,0.0,0.0,0.0
2017-02-27 00:00:00-05:00,24.282502046931505,24.387468699852846,24.282502046931505,24.35466766357422,6000,0.0,0.0,0.0
2017-02-28 00:00:00-05:00,24.29780232505837,24.374340833667418,24.269374212836258,24.278120040893555,15600,0.0,0.0,0.0
2017-03-01 00:00:00-05:00,24.5449152103772,24.67831162470652,24.5449152103772,24.66300392150879,18400,0.0,0.0,0.0
2017-03-02 00:00:00-05:00,24.630198367374756,24.630198367374756,24.453066155426242,24.477121353149414,10000,0.0,0.0,0.0
2017-03-03 00:00:00-05:00,24.4530671014288,24.490242710833957,24.437759399414062,24.437759399414062,3600,0.0,0.0,0.0
2017-03-06 00:00:00-05:00,24.372155391766867,24.407145380308478,24.343727277387675,24.400585174560547,11200,0.0,0.0,0.0
2017-03-07 00:00:00-05:00,24.3634114646224,24.41808207467487,24.321861267089844,24.321861267089844,8800,0.0,0.0,0.0
2017-03-08 00:00:00-05:00,24.398403490888967,24.398403490888967,24.321864958880724,24.35466766357422,13200,0.0,0.0,0.0
2017-03-09 00:00:00-05:00,24.271557292137594,24.339349965585097,24.23875460090999,24.273744583129883,10800,0.0,0.0,0.0
2017-03-10 00:00:00-05:00,24.435574844750914,24.435574844750914,24.31530050642657,24.352476119995117,6000,0.0,0.0,0.0
2017-03-13 00:00:00-04:00,24.402770756322337,24.40933263047367,24.361222230517445,24.389650344848633,6800,0.0,0.0,0.0
2017-03-14 00:00:00-04:00,24.28250082282825,24.319676441013215,24.24969811978837,24.291248321533203,9600,0.0,0.0,0.0
2017-03-15 00:00:00-04:00,24.426822858693715,24.43557035470506,24.317481661173307,24.415889739990234,9600,0.0,0.0,0.0
2017-03-16 00:00:00-04:00,24.562408632095487,24.562408632095487,24.42463931213828,24.472749710083008,6000,0.0,0.0,0.0
2017-03-17 00:00:00-04:00,24.4523310071857,24.500643021054902,24.4523310071857,24.478683471679688,4400,0.11675,0.0,0.0
2017-03-20 00:00:00-04:00,24.56871421248415,24.56871421248415,24.364487252560007,24.41060447692871,9600,0.0,0.0,0.0
2017-03-21 00:00:00-04:00,24.364488032689717,24.364488032689717,24.103166580200195,24.103166580200195,18400,0.0,0.0,0.0
2017-03-22 00:00:00-04:00,23.993367745619935,24.122930246322877,23.980190677032173,24.105361938476562,5600,0.0,0.0,0.0
2017-03-23 00:00:00-04:00,24.191007825905256,24.245907533198537,24.06803134229216,24.118539810180664,12800,0.0,0.0,0.0
2017-03-24 00:00:00-04:00,24.230527400339067,24.230527400339067,24.065828323364258,24.065828323364258,8800,0.0,0.0,0.0
2017-03-27 00:00:00-04:00,24.059251463813883,24.059251463813883,23.89674877046,24.02411651611328,20000,0.0,0.0,0.0
2017-03-28 00:00:00-04:00,24.037284058902422,24.294214248657227,24.037284058902422,24.294214248657227,9200,0.0,0.0,0.0
2017-03-29 00:00:00-04:00,24.23931587740087,24.294215579522056,24.23931587740087,24.292020797729492,11600,0.0,0.0,0.0
2017-03-30 00:00:00-04:00,24.3886415969955,24.3886415969955,24.34911374694341,24.366682052612305,5200,0.0,0.0,0.0
2017-03-31 00:00:00-04:00,24.35131511482743,24.375471121142134,24.333746805615608,24.364490509033203,6400,0.0,0.0,0.0
2017-04-03 00:00:00-04:00,24.447940982739677,24.447940982739677,24.160265342783955,24.296417236328125,13600,0.0,0.0,0.0
2017-04-04 00:00:00-04:00,24.263472731743075,24.322765350341797,24.215160724116267,24.322765350341797,19200,0.0,0.0,0.0
2017-04-05 00:00:00-04:00,24.441349155259513,24.441349155259513,24.300806045532227,24.300806045532227,13600,0.0,0.0,0.0
2017-04-06 00:00:00-04:00,24.226145669590622,24.309592631526936,24.215165056654076,24.296417236328125,16800,0.0,0.0,0.0
2017-04-07 00:00:00-04:00,24.199791512487273,24.31398384758387,24.199791512487273,24.234928131103516,7200,0.0,0.0,0.0
2017-04-10 00:00:00-04:00,24.219552793328198,24.35131174336232,24.219552793328198,24.28104019165039,11600,0.0,0.0,0.0
2017-04-11 00:00:00-04:00,24.30300182069334,24.30300182069334,24.061443445689893,24.16904640197754,12400,0.0,0.0,0.0
2017-04-12 00:00:00-04:00,24.217351815203102,24.217351815203102,24.133904886687525,24.149276733398438,12000,0.0,0.0,0.0
2017-04-13 00:00:00-04:00,24.136109148359143,24.138303930452118,24.037288665771484,24.037288665771484,4800,0.0,0.0,0.0
2017-04-17 00:00:00-04:00,24.111950772923976,24.144889255143923,24.063638765126704,24.1426944732666,12800,0.0,0.0,0.0
2017-04-18 00:00:00-04:00,24.1361056417886,24.1361056417886,24.037285173557894,24.09438133239746,15600,0.0,0.0,0.0
2017-04-19 00:00:00-04:00,24.197595522715474,24.197595522715474,24.118539810180664,24.118539810180664,6000,0.0,0.0,0.0
2017-04-20 00:00:00-04:00,24.215156077361417,24.270055770874023,24.215156077361417,24.270055770874023,16400,0.0,0.0,0.0
2017-04-21 00:00:00-04:00,24.30519452883022,24.30519452883022,24.210766980619734,24.248098373413086,12000,0.0,0.0,0.0
2017-04-24 00:00:00-04:00,24.467696044883393,24.469892501831055,24.467696044883393,24.469892501831055,3200,0.0,0.0,0.0
2017-04-25 00:00:00-04:00,24.595065544239564,24.64776878700643,24.595065544239564,24.610437393188477,18800,0.0,0.0,0.0
2017-04-26 00:00:00-04:00,24.74219580516398,24.74219580516398,24.608240406318966,24.636789321899414,24800,0.0,0.0,0.0
2017-04-27 00:00:00-04:00,24.56212462181707,24.667532779463325,24.56212462181707,24.658748626708984,18400,0.0,0.0,0.0
2017-04-28 00:00:00-04:00,24.709258589299047,24.709258589299047,24.489659768409624,24.555540084838867,20000,0.0,0.0,0.0
2017-05-01 00:00:00-04:00,24.562127611384394,24.66753578186035,24.562127611384394,24.66753578186035,30800,0.0,0.0,0.0
2017-05-02 00:00:00-04:00,24.628007366237995,24.649966912593406,24.55553935539975,24.63239860534668,45200,0.0,0.0,0.0
2017-05-03 00:00:00-04:00,24.628005082832225,24.628005082832225,24.546752925903974,24.5577335357666,38000,0.0,0.0,0.0
2017-05-04 00:00:00-04:00,24.746591944627287,24.746591944627287,24.55993160441582,24.573108673095703,26000,0.0,0.0,0.0
2017-05-05 00:00:00-04:00,24.56432193427091,24.682905487475246,24.56432193427091,24.678512573242188,13600,0.0,0.0,0.0
2017-05-08 00:00:00-04:00,24.72024264598322,24.729026801091845,24.667539390737733,24.718046188354492,10800,0.0,0.0,0.0
2017-05-09 00:00:00-04:00,24.772940073960786,24.772940073960786,24.660945892333984,24.660945892333984,8000,0.0,0.0,0.0
2017-05-10 00:00:00-04:00,24.671927108114055,24.746591578174204,24.671927108114055,24.72463035583496,12000,0.0,0.0,0.0
2017-05-11 00:00:00-04:00,24.80588741474401,24.80588741474401,24.592876249128363,24.693891525268555,19200,0.0,0.0,0.0
2017-05-12 00:00:00-04:00,24.592874593556274,24.67193031311035,24.57311150137088,24.67193031311035,41600,0.0,0.0,0.0
2017-05-15 00:00:00-04:00,24.707062375662783,24.788312862423712,24.707062375662783,24.7707462310791,10800,0.0,0.0,0.0
2017-05-16 00:00:00-04:00,24.90030705085238,24.90030705085238,24.737804412841797,24.737804412841797,2800,0.0,0.0,0.0
2017-05-17 00:00:00-04:00,24.573111793755963,24.57750303360288,24.390844345092773,24.390844345092773,44400,0.0,0.0,0.0
2017-05-18 00:00:00-04:00,24.375469283808403,24.496249306277985,24.36448867252715,24.454524993896484,23200,0.0,0.0,0.0
2017-05-19 00:00:00-04:00,24.544558744519048,24.63239860534668,24.544558744519048,24.63239860534668,11200,0.0,0.0,0.0
2017-05-22 00:00:00-04:00,24.612635594861523,24.713650848743846,24.612635594861523,24.711454391479492,10800,0.0,0.0,0.0
2017-05-23 00:00:00-04:00,24.779527048075728,24.779527048075728,24.722432568072374,24.726823806762695,13200,0.0,0.0,0.0
2017-05-24 00:00:00-04:00,24.812470850876686,24.849803924560547,24.735611596950054,24.849803924560547,22000,0.0,0.0,0.0
2017-05-25 00:00:00-04:00,24.906900929110726,24.937644633787176,24.812473357488415,24.902509689331055,44000,0.0,0.0,0.0
2017-05-26 00:00:00-04:00,24.911294162049938,24.95301680441088,24.9025100069723,24.948625564575195,6800,0.0,0.0,0.0
2017-05-30 00:00:00-04:00,24.878349875825158,24.891525268554688,24.87615341856824,24.891525268554688,8800,0.0,0.0,0.0
2017-05-31 00:00:00-04:00,24.856388660489415,24.880544662475586,24.812467895330062,24.880544662475586,7600,0.0,0.0,0.0
2017-06-01 00:00:00-04:00,24.979360676323164,25.080375911855654,24.926657439394404,25.047435760498047,10800,0.0,0.0,0.0
2017-06-02 00:00:00-04:00,25.075989747120754,25.20335578918457,25.075989747120754,25.20335578918457,9600,0.0,0.0,0.0
2017-06-05 00:00:00-04:00,25.282406569561694,25.282406569561694,25.12649163908408,25.205547332763672,14800,0.0,0.0,0.0
2017-06-06 00:00:00-04:00,25.194569359937955,25.194569359937955,25.089161205876955,25.095748901367188,16000,0.0,0.0,0.0
2017-06-07 00:00:00-04:00,25.104537155566394,25.104537155566394,25.03646205717043,25.102340698242188,2800,0.0,0.0,0.0
2017-06-08 00:00:00-04:00,25.089160437271193,25.21652813086631,25.089160437271193,25.155040740966797,25200,0.0,0.0,0.0
2017-06-09 00:00:00-04:00,25.236298304958837,25.236298304958837,25.0803833295195,25.130891799926758,7200,0.0,0.0,0.0
2017-06-12 00:00:00-04:00,25.03207072447197,25.069403799718618,25.025483027489077,25.05622673034668,16000,0.0,0.0,0.0
2017-06-13 00:00:00-04:00,25.179199467471044,25.240686864029485,25.10233854636709,25.135278701782227,17600,0.0,0.0,0.0
2017-06-14 00:00:00-04:00,25.236295617077428,25.236295617077428,25.11771205499186,25.16822052001953,13200,0.0,0.0,0.0
2017-06-15 00:00:00-04:00,25.014501778370995,25.1901798248291,24.990345774729533,25.1901798248291,364800,0.0,0.0,0.0
2017-06-16 00:00:00-04:00,25.139214451850684,25.139214451850684,25.039927446943505,25.06861114501953,11600,0.13475,0.0,0.0
2017-06-19 00:00:00-04:00,25.262770319167654,25.357643672415055,25.245119071280776,25.298072814941406,11600,0.0,0.0,0.0
2017-06-20 00:00:00-04:00,25.278213364783813,25.30027658178407,25.086259841918945,25.086259841918945,20800,0.0,0.0,0.0
2017-06-21 00:00:00-04:00,25.267176641449165,25.267176641449165,25.05316162109375,25.05316162109375,130800,0.0,0.0,0.0
2017-06-22 00:00:00-04:00,25.21202203411839,25.251736498050818,25.10832474587063,25.137006759643555,13200,0.0,0.0,0.0
2017-06-23 00:00:00-04:00,25.16127599545158,25.253942513880013,25.141417922465198,25.25173568725586,26800,0.0,0.0,0.0
2017-06-26 00:00:00-04:00,25.18554732369508,25.28042067358945,25.18554732369508,25.267181396484375,35600,0.0,0.0,0.0
2017-06-27 00:00:00-04:00,25.187751593859417,25.187751593859417,24.998004913330078,24.998004913330078,144000,0.0,0.0,0.0
2017-06-28 00:00:00-04:00,24.984763040145808,25.284827448703687,24.984763040145808,25.207605361938477,8800,0.0,0.0,0.0
2017-06-29 00:00:00-04:00,25.06640756115306,25.07964515686035,24.905342852345726,25.07964515686035,8000,0.0,0.0,0.0
2017-06-30 00:00:00-04:00,25.167894606039084,25.167894606039084,25.037720452539425,25.11494255065918,17600,0.0,0.0,0.0
2017-07-03 00:00:00-04:00,25.245115439568117,25.245115439568117,25.14803695678711,25.14803695678711,7600,0.0,0.0,0.0
2017-07-05 00:00:00-04:00,25.231880533841906,25.231880533841906,25.092880749388847,25.220848083496094,13600,0.0,0.0,0.0
2017-07-06 00:00:00-04:00,25.035514723963015,25.07522918806865,24.892101287841797,24.892101287841797,32400,0.0,0.0,0.0
2017-07-07 00:00:00-04:00,25.03551611960918,25.134801443750312,25.01565804479156,25.050960540771484,8400,0.0,0.0,0.0
2017-07-10 00:00:00-04:00,25.14141748817866,25.17010118385068,25.06198856423618,25.11714744567871,18800,0.0,0.0,0.0
2017-07-11 00:00:00-04:00,25.134804990124866,25.134804990124866,24.962709506230215,25.106122970581055,32800,0.0,0.0,0.0
2017-07-12 00:00:00-04:00,25.315721833469873,25.315721833469873,25.26276977426703,25.306896209716797,10400,0.0,0.0,0.0
2017-07-13 00:00:00-04:00,25.295863803161424,25.357641482113713,25.25173568725586,25.25173568725586,6800,0.0,0.0,0.0
2017-07-14 00:00:00-04:00,25.38191581878717,25.439281537510976,25.309105677712623,25.432661056518555,9200,0.0,0.0,0.0
2017-07-17 00:00:00-04:00,25.388540253354684,25.479001663862142,25.388540253354684,25.439287185668945,7600,0.0,0.0,0.0
2017-07-18 00:00:00-04:00,25.434863747345016,25.47899186353952,25.368674098026528,25.441482543945312,32800,0.0,0.0,0.0
2017-07-19 00:00:00-04:00,25.556219194382294,25.5981388092041,25.52091669419987,25.5981388092041,16400,0.0,0.0,0.0
2017-07-20 00:00:00-04:00,25.609170272033268,25.609170272033268,25.529741333007088,25.576074600219727,6400,0.0,0.0,0.0
2017-07-21 00:00:00-04:00,25.573867797851562,25.600342986932624,25.573867797851562,25.573867797851562,6400,0.0,0.0,0.0
2017-07-24 00:00:00-04:00,25.571661664532247,25.571661664532247,25.492232728503463,25.551803588867188,5600,0.0,0.0,0.0
2017-07-25 00:00:00-04:00,25.58930856151318,25.706245118748093,25.58930856151318,25.66211700439453,18800,0.0,0.0,0.0
2017-07-26 00:00:00-04:00,25.704042434692383,25.704042434692383,25.60475710719797,25.704042434692383,11200,0.0,0.0,0.0
2017-07-27 00:00:00-04:00,25.73493088311035,25.73493088311035,25.40839120585709,25.56724739074707,24400,0.0,0.0,0.0
2017-07-28 00:00:00-04:00,25.61799006054217,25.61799006054217,25.4988466791457,25.534149169921875,6800,0.0,0.0,0.0
2017-07-31 00:00:00-04:00,25.573869456530407,25.593725849629056,25.5584233508104,25.576074600219727,12000,0.0,0.0,0.0
2017-08-01 00:00:00-04:00,25.677565489292824,25.677565489292824,25.551803289274417,25.659915924072266,84800,0.0,0.0,0.0
2017-08-02 00:00:00-04:00,25.68860020343467,25.68860020343467,25.49444150237891,25.5981388092041,14400,0.0,0.0,0.0
2017-08-03 00:00:00-04:00,25.642265595880712,25.642265595880712,25.531947813543116,25.587106704711914,8400,0.0,0.0,0.0
2017-08-04 00:00:00-04:00,25.787885533906746,25.787885533906746,25.617996880933593,25.64888572692871,8800,0.0,0.0,0.0
2017-08-07 00:00:00-04:00,25.677561078605077,25.677561078605077,25.567243319176487,25.67314910888672,15200,0.0,0.0,0.0
2017-08-08 00:00:00-04:00,25.56945640325358,25.805536398873514,25.503265058071385,25.5120906829834,36400,0.0,0.0,0.0
2017-08-09 00:00:00-04:00,25.454725680844135,25.61137672963192,25.392946308802564,25.53856658935547,14000,0.0,0.0,0.0
2017-08-10 00:00:00-04:00,25.39294832068858,25.39294832068858,25.247329711914062,25.247329711914062,10000,0.0,0.0,0.0
2017-08-11 00:00:00-04:00,25.25394058227539,25.28924307229965,25.25394058227539,25.25394058227539,8800,0.0,0.0,0.0
2017-08-14 00:00:00-04:00,25.46354782638808,25.58048439025879,25.46354782638808,25.58048439025879,13200,0.0,0.0,0.0
2017-08-15 00:00:00-04:00,25.542980424595317,25.542980424595317,25.49223518371582,25.49223518371582,2800,0.0,0.0,0.0
2017-08-16 00:00:00-04:00,25.71286661675875,25.71286661675875,25.492231071754794,25.498849868774414,16400,0.0,0.0,0.0
2017-08-17 00:00:00-04:00,25.64888386117474,25.64888386117474,25.24732720913242,25.26056480407715,4800,0.0,0.0,0.0
2017-08-18 00:00:00-04:00,25.31352095543661,25.31352095543661,25.04875724817754,25.106122970581055,12800,0.0,0.0,0.0
2017-08-21 00:00:00-04:00,25.079643273166088,25.172309802788757,25.079643273166088,25.128183364868164,11600,0.0,0.0,0.0
2017-08-22 00:00:00-04:00,25.267175702654107,25.38190710069416,25.267175702654107,25.368669509887695,14400,0.0,0.0,0.0
2017-08-23 00:00:00-04:00,25.315715765924836,25.32454138756263,25.315715765924836,25.317922592163086,5600,0.0,0.0,0.0
2017-08-24 00:00:00-04:00,25.304692926085817,25.32675614543228,25.26056480407715,25.26056480407715,19200,0.0,0.0,0.0
2017-08-25 00:00:00-04:00,25.34881363249459,25.368671703736798,25.30689234689521,25.31130599975586,6000,0.0,0.0,0.0
2017-08-28 00:00:00-04:00,25.33999242452818,25.33999242452818,25.278214740239758,25.298072814941406,10000,0.0,0.0,0.0
2017-08-29 00:00:00-04:00,25.20319606060132,25.333370208740234,25.20319606060132,25.333370208740234,34000,0.0,0.0,0.0
2017-08-30 00:00:00-04:00,25.324543445731788,25.470163689617397,25.324543445731788,25.459131240844727,9200,0.0,0.0,0.0
2017-08-31 00:00:00-04:00,25.582692109041826,25.624613403448,25.54077249795136,25.61137580871582,7600,0.0,0.0,0.0
2017-09-01 00:00:00-04:00,25.677562344045025,25.71286483679335,25.640054707986558,25.6908016204834,14000,0.0,0.0,0.0
2017-09-05 00:00:00-04:00,25.626817863656274,25.626817863656274,25.428245544433594,25.428245544433594,10400,0.0,0.0,0.0
2017-09-06 00:00:00-04:00,25.602544726558722,25.611370348937317,25.49443379822281,25.556211471557617,32800,0.0,0.0,0.0
2017-09-07 00:00:00-04:00,25.631229914517636,25.631229914517636,25.496642102359985,25.52311897277832,12000,0.0,0.0,0.0
2017-09-08 00:00:00-04:00,25.626821521442597,25.626821521442597,25.531948160012202,25.576074600219727,3600,0.0,0.0,0.0
2017-09-11 00:00:00-04:00,25.646673935322475,25.83200865873315,25.646673935322475,25.825389862060547,18400,0.0,0.0,0.0
2017-09-12 00:00:00-04:00,25.836426768310908,25.913648886701015,25.836426768310908,25.858489990234375,53600,0.0,0.0,0.0
2017-09-13 00:00:00-04:00,25.880550111666377,25.88496208190918,25.860692037284704,25.88496208190918,67200,0.0,0.0,0.0
2017-09-14 00:00:00-04:00,25.99306539027438,25.99306539027438,25.865098091045514,25.882747650146484,9600,0.0,0.0,0.0
2017-09-15 00:00:00-04:00,25.90071264353777,25.96278717755684,25.894062042236328,25.894062042236328,6000,0.14025,0.0,0.0
2017-09-18 00:00:00-04:00,26.0248611502982,26.111322348160652,25.967219787921845,26.015993118286133,14800,0.0,0.0,0.0
2017-09-19 00:00:00-04:00,26.08915726263102,26.08915726263102,25.991610586390195,26.022647857666016,7600,0.0,0.0,0.0
2017-09-20 00:00:00-04:00,26.244343172903246,26.244343172903246,25.953922271728516,25.953922271728516,7600,0.0,0.0,0.0
2017-09-21 00:00:00-04:00,25.940615229143205,25.99825489532892,25.93396462853747,25.976085662841797,41600,0.0,0.0,0.0
2017-09-22 00:00:00-04:00,25.914019364487466,25.98717937719104,25.914019364487466,25.949491500854492,26400,0.0,0.0,0.0
2017-09-25 00:00:00-04:00,25.918451217053015,25.973875155136113,25.856374985620285,25.89628028869629,16000,0.0,0.0,0.0
2017-09-26 00:00:00-04:00,25.989390286527268,25.989390286527268,25.90292739868164,25.90292739868164,9600,0.0,0.0,0.0
2017-09-27 00:00:00-04:00,26.007124965249588,26.038162231445312,25.92509862947696,26.038162231445312,12400,0.0,0.0,0.0
2017-09-28 00:00:00-04:00,26.02265058003595,26.042604080174666,26.020434840001897,26.02486801147461,9200,0.0,0.0,0.0
2017-09-29 00:00:00-04:00,26.11575370446947,26.177828228817795,26.11575370446947,26.15122413635254,17600,0.0,0.0,0.0
2017-10-02 00:00:00-04:00,26.253207215578374,26.255424646410304,26.188915252685547,26.188915252685547,43200,0.0,0.0,0.0
2017-10-03 00:00:00-04:00,26.200003531177384,26.299765941081933,26.200003531177384,26.297550201416016,28000,0.0,0.0,0.0
2017-10-04 00:00:00-04:00,26.46381793203588,26.46381793203588,26.27759265314722,26.34188461303711,30400,0.0,0.0,0.0
2017-10-05 00:00:00-04:00,26.499293142971048,26.499293142971048,26.361842858311565,26.49042510986328,15200,0.0,0.0,0.0
2017-10-06 00:00:00-04:00,26.399524333113234,26.52810824490979,26.399524333113234,26.466032028198242,14000,0.0,0.0,0.0
2017-10-09 00:00:00-04:00,26.51480840489555,26.51480840489555,26.468252505555796,26.474903106689453,4800,0.0,0.0,0.0
2017-10-10 00:00:00-04:00,26.501506926276477,26.501506926276477,26.463819059309316,26.479337692260742,4800,0.0,0.0,0.0
2017-10-11 00:00:00-04:00,26.426129703072345,26.536977565403024,26.426129703072345,26.50815773010254,4400,0.0,0.0,0.0
2017-10-12 00:00:00-04:00,26.481558581495708,26.565804055104334,26.481558581495708,26.517030715942383,6800,0.0,0.0,0.0
2017-10-13 00:00:00-04:00,26.55249644851539,26.661128572433423,26.545845847337585,26.548063278198242,30400,0.0,0.0,0.0
2017-10-16 00:00:00-04:00,26.612358124589985,26.612358124589985,26.55028358500097,26.568017959594727,8800,0.0,4.0,0.0
2017-10-17 00:00:00-04:00,26.559151095544127,26.64782804098155,26.532546997070312,26.532546997070312,21500,0.0,0.0,0.0
2017-10-18 00:00:00-04:00,26.718773021291796,26.718773021291796,26.594623933361955,26.61236000061035,49200,0.0,0.0,0.0
2017-10-19 00:00:00-04:00,26.594618982797087,26.603487014770508,26.47046991797749,26.603487014770508,24300,0.0,0.0,0.0
2017-10-20 00:00:00-04:00,26.69217275020016,26.798585779406615,26.68330471586552,26.73651123046875,164900,0.0,0.0,0.0
2017-10-23 00:00:00-04:00,26.8517885137633,26.8517885137633,26.63896080731418,26.6478271484375,65500,0.0,0.0,0.0
2017-10-24 00:00:00-04:00,26.780846687414023,26.780846687414023,26.66556395276368,26.683300018310547,85500,0.0,0.0,0.0
2017-10-25 00:00:00-04:00,26.69216873017711,26.69216873017711,26.42613281441859,26.568017959594727,92600,0.0,0.0,0.0
2017-10-26 00:00:00-04:00,26.67442957915373,26.67442957915373,26.559148546307554,26.603487014770508,104100,0.0,0.0,0.0
2017-10-27 00:00:00-04:00,26.656693135583275,26.816314326023363,26.656693135583275,26.7985782623291,178100,0.0,0.0,0.0
2017-10-30 00:00:00-04:00,26.656700612861606,26.807453813741255,26.656700612861606,26.73651123046875,124000,0.0,0.0,0.0
2017-10-31 00:00:00-04:00,26.851788610108485,26.851788610108485,26.72763784568118,26.754241943359375,211600,0.0,0.0,0.0
2017-11-01 00:00:00-04:00,27.34838518109249,27.34838518109249,26.754240561533837,26.789710998535156,291000,0.0,0.0,0.0
2017-11-02 00:00:00-04:00,26.842918421564754,26.842918421564754,26.683297231124666,26.7985782623291,208500,0.0,0.0,0.0
2017-11-03 00:00:00-04:00,26.887258159258483,26.887258159258483,26.77197712260942,26.869522094726562,321000,0.0,0.0,0.0
2017-11-06 00:00:00-05:00,26.834058467819112,26.940471499210904,26.834058467819112,26.92273712158203,162200,0.0,0.0,0.0
2017-11-07 00:00:00-05:00,27.002538572774316,27.002538572774316,26.842917388477474,26.8961238861084,224200,0.0,0.0,0.0
2017-11-08 00:00:00-05:00,26.887257518851126,26.95820008388487,26.860655114091077,26.94046401977539,232800,0.0,0.0,0.0
2017-11-09 00:00:00-05:00,26.896126806753333,26.896126806753333,26.674431069245838,26.842920303344727,301200,0.0,0.0,0.0
2017-11-10 00:00:00-05:00,26.807447035924636,26.851787196387157,26.771976598958794,26.83405113220215,213300,0.0,0.0,0.0
2017-11-13 00:00:00-05:00,26.77197712260942,26.887258159258483,26.7542410580775,26.869522094726562,125000,0.0,0.0,0.0
2017-11-14 00:00:00-05:00,26.851783773584884,26.851783773584884,26.736501062481615,26.807443618774414,309600,0.0,0.0,0.0
2017-11-15 00:00:00-05:00,26.76311102305217,26.76311102305217,26.58575374773346,26.656696319580078,414500,0.0,0.0,0.0
2017-11-16 00:00:00-05:00,26.842917388477474,26.940462352233492,26.780842859340716,26.8961238861084,613500,0.0,0.0,0.0
2017-11-17 00:00:00-05:00,26.869522709346906,26.887258774284525,26.834052270875915,26.842920303344727,140600,0.0,0.0,0.0
2017-11-20 00:00:00-05:00,26.91386453606336,26.91386453606336,26.85178999634721,26.88726043701172,243300,0.0,0.0,0.0
2017-11-21 00:00:00-05:00,27.04687727911597,27.08234940545434,26.99367078101249,27.064613342285156,245400,0.0,0.0,0.0
2017-11-22 00:00:00-05:00,27.117818324602194,27.117818324602194,27.020271674028248,27.038007736206055,282900,0.0,0.0,0.0
2017-11-24 00:00:00-05:00,27.15329440644651,27.15329440644651,27.07348380641828,27.100086212158203,118600,0.0,0.0,0.0
2017-11-27 00:00:00-05:00,27.15329042712324,27.15329042712324,27.055743776627732,27.082347869873047,490000,0.0,0.0,0.0
2017-11-28 00:00:00-05:00,27.135563605307432,27.34839134953125,27.117827537104308,27.339523315429688,236700,0.0,0.0,0.0
2017-11-29 00:00:00-05:00,27.42819545374065,27.42819545374065,27.277442292611163,27.348384857177734,187800,0.0,0.0,0.0
2017-11-30 00:00:00-05:00,27.47253200993794,27.667625317468563,27.45479594717988,27.56121063232422,319700,0.0,0.0,0.0
2017-12-01 00:00:00-05:00,27.561206283617977,27.596678403537183,27.179889451505346,27.52573585510254,1277200,0.0,0.0,0.0
2017-12-04 00:00:00-05:00,27.7385715908444,27.78291006227173,27.490271753200282,27.4991397857666,338200,0.0,0.0,0.0
2017-12-05 00:00:00-05:00,27.508009637776297,27.587820244747757,27.374992523291994,27.39272689819336,2108700,0.0,0.0,0.0
2017-12-06 00:00:00-05:00,27.374990463256836,27.428196966765764,27.32178226834366,27.374990463256836,375800,0.0,0.0,0.0
2017-12-07 00:00:00-05:00,27.277444441956717,27.499140185121448,27.277444441956717,27.472536087036133,314200,0.0,0.0,0.0
2017-12-08 00:00:00-05:00,27.57895177275273,27.632158279418945,27.55234767371745,27.632158279418945,1541000,0.0,0.0,0.0
2017-12-11 00:00:00-05:00,27.71196746826172,27.71196746826172,27.632156866640784,27.71196746826172,324000,0.0,0.0,0.0
2017-12-12 00:00:00-05:00,27.78290886812257,27.791776900307728,27.694230237675185,27.747438430786133,253600,0.0,0.0,0.0
2017-12-13 00:00:00-05:00,27.77403985097278,27.83611438266331,27.747437446764913,27.756303787231445,558400,0.0,0.0,0.0
2017-12-14 00:00:00-05:00,27.782910313102665,27.782910313102665,27.614421075629984,27.623289108276367,1080700,0.0,0.0,0.0
2017-12-15 00:00:00-05:00,27.709746337780032,27.89691331537231,27.709746337780032,27.85235023498535,410800,0.157,0.0,0.0
2017-12-18 00:00:00-05:00,28.012773564869967,28.06624958895961,28.003860610859668,28.03951072692871,404100,0.0,0.0,0.0
2017-12-19 00:00:00-05:00,28.10189886327866,28.10189886327866,27.91473024593544,27.93255615234375,260200,0.0,0.0,0.0
2017-12-20 00:00:00-05:00,28.05733775664033,28.05733775664033,27.87017081485784,27.91473388671875,555800,0.0,0.0,0.0
2017-12-21 00:00:00-05:00,28.00386212397371,28.039512241969014,27.95038609699463,27.977123260498047,489900,0.0,0.0,0.0
2017-12-22 00:00:00-05:00,27.986036214989937,27.986036214989937,27.905821324535193,27.977123260498047,320600,0.0,0.0,0.0
2017-12-26 00:00:00-05:00,27.94146728515625,27.959293190403194,27.905815474662358,27.94146728515625,285200,0.0,0.0,0.0
2017-12-27 00:00:00-05:00,28.003864070457716,28.003864070457716,27.92364917442742,27.959300994873047,238700,0.0,0.0,0.0
2017-12-28 00:00:00-05:00,28.07517022206597,28.07517022206597,27.95930518818508,28.02169418334961,470900,0.0,0.0,0.0
2017-12-29 00:00:00-05:00,28.039511761701547,28.06625062471922,27.896907892218394,27.905820846557617,254700,0.0,0.0,0.0
2018-01-02 00:00:00-05:00,28.021685923958263,28.21776580810547,27.97712115485291,28.21776580810547,1013100,0.0,0.0,0.0
2018-01-03 00:00:00-05:00,28.04842158748063,28.297979181226253,28.04842158748063,28.280153274536133,689300,0.0,0.0,0.0
2018-01-04 00:00:00-05:00,28.306894782849415,28.440585695588855,28.306894782849415,28.378196716308594,624300,0.0,0.0,0.0
2018-01-05 00:00:00-05:00,28.538626061629056,28.574277877807617,28.44058526711017,28.574277877807617,1122100,0.0,0.0,0.0
2018-01-08 00:00:00-05:00,28.583189233667415,28.636666958125698,28.538626163257682,28.62775230407715,522400,0.0,0.0,0.0
2018-01-09 00:00:00-05:00,28.75252881455159,28.75252881455159,28.62775086370466,28.654491424560547,526000,0.0,0.0,0.0
2018-01-10 00:00:00-05:00,28.636667251586914,28.663404414117885,28.511887593211046,28.636667251586914,2191000,0.0,0.0,0.0
2018-01-11 00:00:00-05:00,28.663403865897788,28.841659545898438,28.663403865897788,28.841659545898438,706500,0.0,0.0,0.0
2018-01-12 00:00:00-05:00,28.904049827207263,29.037742443222104,28.859486755183802,29.019916534423828,711400,0.0,0.0,0.0
2018-01-16 00:00:00-05:00,29.162527186839952,29.242742095114572,28.83275289729694,28.904056549072266,882600,0.0,0.0,0.0
2018-01-17 00:00:00-05:00,29.08230664041555,29.22491051637452,28.93078810974031,29.180347442626953,721900,0.0,0.0,0.0
2018-01-18 00:00:00-05:00,29.22491000214648,29.22491000214648,29.0823061286967,29.126869201660156,1987200,0.0,0.0,0.0
2018-01-19 00:00:00-05:00,29.198170512351382,29.260562896728516,29.135781527918905,29.260562896728516,1223300,0.0,0.0,0.0
2018-01-22 00:00:00-05:00,29.340772096526354,29.483379364013672,29.25164595429117,29.483379364013672,299700,0.0,0.0,0.0
2018-01-23 00:00:00-05:00,29.536850029352127,29.599239001174777,29.483375710614983,29.563587188720703,380100,0.0,0.0,0.0
2018-01-24 00:00:00-05:00,29.724022820670378,29.724022820670378,29.420989154794917,29.5546817779541,391000,0.0,0.0,0.0
2018-01-25 00:00:00-05:00,29.724019105785896,29.724019105785896,29.47446320035234,29.545766830444336,446700,0.0,0.0,0.0
2018-01-26 00:00:00-05:00,29.69728615671315,29.893367767333984,29.634897171505557,29.893367767333984,226200,0.0,0.0,0.0
2018-01-29 00:00:00-05:00,29.839888571950645,29.87554039030286,29.670547534694435,29.697284698486328,470600,0.0,0.0,0.0
2018-01-30 00:00:00-05:00,29.45663967981021,29.527943315680204,29.349687625949706,29.37642478942871,267900,0.0,0.0,0.0
2018-01-31 00:00:00-05:00,29.536851030390103,29.545765683777734,29.278380481254143,29.38533592224121,435300,0.0,0.0,0.0
2018-02-01 00:00:00-05:00,29.331858201747675,29.519025123558926,29.24273206753587,29.38533592224121,152100,0.0,0.0,0.0
2018-02-02 00:00:00-05:00,29.251648531871655,29.251648531871655,28.76144790649414,28.76144790649414,324800,0.0,0.0,0.0
2018-02-05 00:00:00-05:00,28.511886661682535,28.788181431966066,27.504746673245844,27.691913604736328,994900,0.0,0.0,0.0
2018-02-06 00:00:00-05:00,27.130415618802807,28.128642819247553,27.005635943767906,28.08407974243164,1070900,0.0,0.0,0.0
2018-02-07 00:00:00-05:00,28.048423232616592,28.404934587441534,27.941471186146813,27.95038414001465,570700,0.0,0.0,0.0
2018-02-08 00:00:00-05:00,27.99494961000474,27.99494961000474,26.925418853759766,26.925418853759766,353600,0.0,0.0,0.0
2018-02-09 00:00:00-05:00,27.255195914567032,27.478014717563813,26.42630969542341,27.308671951293945,739800,0.0,0.0,0.0
2018-02-12 00:00:00-05:00,27.486930066334438,27.870178712845142,27.362152069785914,27.674097061157227,1341000,0.0,0.0,0.0
2018-02-13 00:00:00-05:00,27.60278633165766,27.834518037280034,27.513660191010118,27.77212905883789,328500,0.0,0.0,0.0
2018-02-14 00:00:00-05:00,27.674090800268836,28.17320607349027,27.629527725861212,28.146467208862305,469000,0.0,0.0,0.0
2018-02-15 00:00:00-05:00,28.289075336672223,28.502981185913086,28.066256531216418,28.502981185913086,574100,0.0,0.0,0.0
2018-02-16 00:00:00-05:00,28.51188850402832,28.725794310970258,28.440586568381008,28.51188850402832,563700,0.0,0.0,0.0
2018-02-20 00:00:00-05:00,28.404940923161394,28.556457772766176,28.24451111770074,28.315813064575195,224300,0.0,0.0,0.0
2018-02-21 00:00:00-05:00,28.431673262293746,28.636667812220168,28.191028594970703,28.191028594970703,263700,0.0,0.0,0.0
2018-02-22 00:00:00-05:00,28.262328790734966,28.48514753566339,28.155376745153706,28.208852767944336,113600,0.0,0.0,0.0
2018-02-23 00:00:00-05:00,28.369281888779504,28.663402557373047,28.324718820799788,28.663402557373047,147900,0.0,0.0,0.0
2018-02-26 00:00:00-05:00,28.850569860795986,28.984262466430664,28.716880655105506,28.984262466430664,401500,0.0,0.0,0.0
2018-02-27 00:00:00-05:00,29.01100082950067,29.073389808063162,28.62775230407715,28.62775230407715,304400,0.0,0.0,0.0
2018-02-28 00:00:00-05:00,28.752532214970334,28.806009943062488,28.324722290039062,28.324722290039062,545600,0.0,0.0,0.0
2018-03-01 00:00:00-05:00,28.36037180378798,28.467325557718382,27.78995631608515,27.977123260498047,278300,0.0,0.0,0.0
2018-03-02 00:00:00-05:00,27.763222328853274,28.16429685157043,27.700833336424505,28.137557983398438,205900,0.0,0.0,0.0
2018-03-05 00:00:00-05:00,27.98603203798009,28.520797327872092,27.98603203798009,28.45840835571289,544300,0.0,0.0,0.0
2018-03-06 00:00:00-05:00,28.556453533577216,28.583190697203204,28.36037193380128,28.53862762451172,390700,0.0,0.0,0.0
2018-03-07 00:00:00-05:00,28.244502977479897,28.565360795955712,28.244502977479897,28.520797729492188,287800,0.0,0.0,0.0
2018-03-08 00:00:00-05:00,28.618843029584944,28.66340610307718,28.48515040916367,28.592105865478516,156600,0.0,0.0,0.0
2018-03-09 00:00:00-05:00,28.797098092074854,29.12686890862011,28.788183437605134,29.11795425415039,216600,0.0,0.0,0.0
2018-03-12 00:00:00-04:00,29.20707991942218,29.215991172763687,29.05556141306425,29.09121322631836,183500,0.0,0.0,0.0
2018-03-13 00:00:00-04:00,29.207086585940715,29.269475573403668,28.859489827234313,28.921878814697266,489400,0.0,0.0,0.0
2018-03-14 00:00:00-04:00,29.046657422057745,29.046657422057745,28.707971911352622,28.743623733520508,210100,0.0,0.0,0.0
2018-03-15 00:00:00-04:00,28.841660544504784,28.868397707450114,28.654493603998617,28.725793838500977,505500,0.0,0.0,0.0
2018-03-16 00:00:00-04:00,28.88602937179517,28.88602937179517,28.760710920476548,28.778614044189453,361100,0.139,0.0,0.0
2018-03-19 00:00:00-04:00,28.706997059303326,28.706997059303326,28.21467318555336,28.402650833129883,171700,0.0,0.0,0.0
2018-03-20 00:00:00-04:00,28.44740867614746,28.51006789209603,28.375797899729726,28.44740867614746,221900,0.0,0.0,0.0
2018-03-21 00:00:00-04:00,28.465310048988727,28.662240964357178,28.38474771221719,28.402650833129883,540400,0.0,0.0,0.0
2018-03-22 00:00:00-04:00,28.13411339675499,28.22362730208972,27.67759401615003,27.704448699951172,220400,0.0,0.0,0.0
2018-03-23 00:00:00-04:00,27.79395912384479,27.79395912384479,27.11365758433067,27.14051055908203,269800,0.0,0.0,0.0
2018-03-26 00:00:00-04:00,27.561224219991395,27.865568734210527,27.301634092703637,27.856618881225586,160600,0.0,0.0,0.0
2018-03-27 00:00:00-04:00,27.928230035308285,28.008792371950058,27.2210721264162,27.373245239257812,591700,0.0,0.0,0.0
2018-03-28 00:00:00-04:00,27.40010274297414,27.570177286882828,27.19422024627371,27.310588836669922,112100,0.0,0.0,0.0
2018-03-29 00:00:00-04:00,27.409048714880196,27.847664888255657,27.355339357649026,27.695491790771484,216900,0.0,0.0,0.0
2018-04-02 00:00:00-04:00,27.552276846968077,27.632839194760578,26.77350805408585,27.033098220825195,1359700,0.0,0.0,0.0
2018-04-03 00:00:00-04:00,27.176315290781666,27.426952146981577,26.99728750149413,27.39114761352539,752700,0.0,0.0,0.0
2018-04-04 00:00:00-04:00,26.961486188143663,27.758156360217715,26.961486188143663,27.704448699951172,713000,0.0,0.0,0.0
2018-04-05 00:00:00-04:00,27.919279098510742,27.99984143695207,27.776057542911857,27.919279098510742,1316100,0.0,0.0,0.0
2018-04-06 00:00:00-04:00,27.63283821643081,27.82976744443149,27.122609462697486,27.310588836669922,940100,0.0,0.0,0.0
2018-04-09 00:00:00-04:00,27.489611361031553,27.820812259012833,27.37324449312953,27.39114761352539,218200,0.0,0.0,0.0
2018-04-10 00:00:00-04:00,27.758154754041684,27.94613240776546,27.650737732388354,27.865570068359375,842600,0.0,0.0,0.0
2018-04-11 00:00:00-04:00,27.69549238032106,27.910324691812626,27.597026930636634,27.72234535217285,485300,0.0,0.0,0.0
2018-04-12 00:00:00-04:00,27.847667004826704,28.053547767854678,27.847667004826704,27.946130752563477,204500,0.0,0.0,0.0
2018-04-13 00:00:00-04:00,28.053550383665442,28.08040506682615,27.74025257613329,27.84766960144043,334900,0.0,0.0,0.0
2018-04-16 00:00:00-04:00,28.035648381908402,28.169918388406202,27.94613447513128,28.080406188964844,204300,0.0,0.0,0.0
2018-04-17 00:00:00-04:00,28.24152594648708,28.447408420758368,28.232576093433845,28.366846084594727,480600,0.0,0.0,0.0
2018-04-18 00:00:00-04:00,28.492164355976634,28.510067476654083,28.384747339247497,28.411602020263672,253600,0.0,0.0,0.0
2018-04-19 00:00:00-04:00,28.295231189841406,28.34893883702034,28.134106540969274,28.24152183532715,489300,0.0,0.0,0.0
2018-04-20 00:00:00-04:00,28.268380726740695,28.268380726740695,27.91927840703161,28.017742156982422,226600,0.0,0.0,0.0
2018-04-23 00:00:00-04:00,28.098306031410367,28.15201539687126,27.892425252483946,28.026695251464844,166600,0.0,0.0,0.0
2018-04-24 00:00:00-04:00,28.15201221995607,28.16991363242055,27.48961044604151,27.668638229370117,300200,0.0,0.0,0.0
2018-04-25 00:00:00-04:00,27.63283258133719,27.776054119282833,27.453804805237432,27.695491790771484,733700,0.0,0.0,0.0
2018-04-26 00:00:00-04:00,27.865568088355026,28.098303529287055,27.78500746200886,27.999839782714844,193300,0.0,0.0,0.0
2018-04-27 00:00:00-04:00,28.080404616925737,28.08935447050022,27.919279935214394,28.026695251464844,202200,0.0,0.0,0.0
2018-04-30 00:00:00-04:00,28.187819588845,28.187819588845,27.82081413269043,27.82081413269043,230500,0.0,0.0,0.0
2018-05-01 00:00:00-04:00,27.81186241120053,27.865570068359375,27.579126953731347,27.865570068359375,283300,0.0,0.0,0.0
2018-05-02 00:00:00-04:00,27.865566674810083,27.937177444746123,27.641782805343027,27.686540603637695,185900,0.0,0.0,0.0
2018-05-03 00:00:00-04:00,27.623882293701172,27.7044446259219,27.265826725015494,27.623882293701172,175500,0.0,0.0,0.0
2018-05-04 00:00:00-04:00,27.58807728965212,28.053548183924967,27.543321195229392,27.981937408447266,317700,0.0,0.0,0.0
2018-05-07 00:00:00-04:00,28.05355378490196,28.187823802313122,28.00879768154354,28.071456909179688,121300,0.0,0.0,0.0
2018-05-08 00:00:00-04:00,28.06250058687567,28.134111364503546,27.92823059224036,28.089353561401367,481400,0.0,0.0,0.0
2018-05-09 00:00:00-04:00,28.187815611028196,28.384744798848544,28.11620484206303,28.339988708496094,232900,0.0,0.0,0.0
2018-05-10 00:00:00-04:00,28.456358647086688,28.64433628443224,28.4384555271484,28.608530044555664,205200,0.0,0.0,0.0
2018-05-11 00:00:00-04:00,28.626436818921903,28.71595243004083,28.56377759847436,28.653289794921875,136100,0.0,0.0,0.0
2018-05-14 00:00:00-04:00,28.715947114459794,28.814409146457283,28.62643151991101,28.689090728759766,319400,0.0,0.0,0.0
2018-05-15 00:00:00-04:00,28.56377767491818,28.60853377326172,28.402652989144315,28.48321533203125,309300,0.0,0.0,0.0
2018-05-16 00:00:00-04:00,28.55482239207629,28.67118925700418,28.492163179627774,28.608530044555664,333000,0.0,0.0,0.0
2018-05-17 00:00:00-04:00,28.59958019192201,28.724898616819043,28.519017859535204,28.608530044555664,198300,0.0,0.0,0.0
2018-05-18 00:00:00-04:00,28.608533235238326,28.608533235238326,28.510069479267155,28.536922454833984,523800,0.0,0.0,0.0
2018-05-21 00:00:00-04:00,28.72489970664091,28.814411895057464,28.68909346540585,28.760705947875977,215900,0.0,0.0,0.0
2018-05-22 00:00:00-04:00,28.841272037205876,28.841272037205876,28.635389537978373,28.671194076538086,286700,0.0,0.0,0.0
2018-05-23 00:00:00-04:00,28.55482479964344,28.769657135009766,28.447409485628096,28.769657135009766,177600,0.0,0.0,0.0
2018-05-24 00:00:00-04:00,28.72490177317275,28.74280489507827,28.501117871360766,28.715951919555664,239500,0.0,0.0,0.0
2018-05-25 00:00:00-04:00,28.71595243004083,28.71595243004083,28.581680720698145,28.653289794921875,200600,0.0,0.0,0.0
2018-05-29 00:00:00-04:00,28.429506798189852,28.545873674705557,28.214674459543865,28.33104133605957,607100,0.0,0.0,0.0
2018-05-30 00:00:00-04:00,28.519020993266288,28.769657870600874,28.492166310408006,28.715951919555664,270800,0.0,0.0,0.0
2018-05-31 00:00:00-04:00,28.68909423557673,28.698047503461403,28.465310343856675,28.527971267700195,323700,0.0,0.0,0.0
2018-06-01 00:00:00-04:00,28.733848657535123,28.841267377867975,28.689092564731933,28.8233642578125,272000,0.0,0.0,0.0
2018-06-04 00:00:00-04:00,28.921831144952634,28.96658723997518,28.87707163525892,28.95763397216797,367600,0.0,0.0,0.0
2018-06-05 00:00:00-04:00,28.975534439086914,29.02029053001001,28.88602225724072,28.975534439086914,511300,0.0,0.0,0.0
2018-06-06 00:00:00-04:00,29.06505271499299,29.226177388906248,28.97553711022386,29.21722412109375,861400,0.0,0.0,0.0
2018-06-07 00:00:00-04:00,29.279882173231844,29.306738560930636,29.10085438548105,29.19931983947754,850400,0.0,0.0,0.0
2018-06-08 00:00:00-04:00,29.163518426332768,29.297786712646484,29.136662037333064,29.297786712646484,350500,0.0,0.0,0.0
2018-06-11 00:00:00-04:00,29.342535590153282,29.405194791287137,29.315682622430305,29.333585739135742,690500,0.0,0.0,0.0
2018-06-12 00:00:00-04:00,29.360447915213932,29.42310713599968,29.297788694428185,29.387304306030273,424500,0.0,0.0,0.0
2018-06-13 00:00:00-04:00,29.441004012618702,29.441004012618702,29.26197624206543,29.26197624206543,130700,0.0,0.0,0.0
2018-06-14 00:00:00-04:00,29.37834507098699,29.405198041678243,29.279879625558088,29.342538833618164,232700,0.0,0.0,0.0
2018-06-15 00:00:00-04:00,29.2634120148968,29.33535469612533,29.1285147705466,29.29938507080078,494000,0.152,0.0,0.0
2018-06-18 00:00:00-04:00,29.1644806819788,29.27239639267501,29.083543041311994,29.263404846191406,458000,0.0,0.0,0.0
2018-06-19 00:00:00-04:00,29.029583528797215,29.146494216789694,28.921667817884938,29.137502670288086,988900,0.0,0.0,0.0
2018-06-20 00:00:00-04:00,29.22744041929478,29.27240502613162,29.1375112056211,29.200462341308594,363100,0.0,0.0,0.0
2018-06-21 00:00:00-04:00,29.191456563735336,29.191456563735336,28.95763863632476,29.011594772338867,444000,0.0,0.0,0.0
2018-06-22 00:00:00-04:00,29.182464566659647,29.182464566659647,29.020589299963834,29.04756736755371,306100,0.0,0.0,0.0
2018-06-25 00:00:00-04:00,28.885698237752802,28.948649362555614,28.463025174584295,28.651880264282227,783400,0.0,0.0,0.0
2018-06-26 00:00:00-04:00,28.72382164001465,28.8227440906364,28.63389073603088,28.72382164001465,163200,0.0,0.0,0.0
2018-06-27 00:00:00-04:00,28.795765948277218,28.957641231986138,28.472015380859375,28.472015380859375,330300,0.0,0.0,0.0
2018-06-28 00:00:00-04:00,28.454032025028493,28.714831503438162,28.382087637068846,28.642887115478516,682700,0.0,0.0,0.0
2018-06-29 00:00:00-04:00,28.804760165039905,28.921670865351224,28.660873107091973,28.669864654541016,691000,0.0,0.0,0.0
2018-07-02 00:00:00-04:00,28.525972893027213,28.75079929206986,28.49000156113082,28.741806030273438,1908400,0.0,0.0,0.0
2018-07-03 00:00:00-04:00,28.822743616451735,28.858716663569155,28.615903741394476,28.624897003173828,251600,0.0,0.0,0.0
2018-07-05 00:00:00-04:00,28.804755265310416,28.87670135498047,28.651874970629112,28.87670135498047,651900,0.0,0.0,0.0
2018-07-06 00:00:00-04:00,28.8946899720312,29.146494442973438,28.88569499488119,29.119516372680664,651600,0.0,0.0,0.0
2018-07-09 00:00:00-04:00,29.27239633456839,29.389307022094727,29.2364232875482,29.389307022094727,395300,0.0,0.0,0.0
2018-07-10 00:00:00-04:00,29.44326157390489,29.497217704659562,29.389302012572223,29.470239639282227,405900,0.0,0.0,0.0
2018-07-11 00:00:00-04:00,29.326359479450733,29.38931060411938,29.227435303377433,29.27239990234375,619600,0.0,0.0,0.0
2018-07-12 00:00:00-04:00,29.443270112579768,29.533199310302734,29.344345936737106,29.533199310302734,1115100,0.0,0.0,0.0
2018-07-13 00:00:00-04:00,29.506217121336086,29.578159783363517,29.452257551881626,29.542186737060547,608800,0.0,0.0,0.0
2018-07-16 00:00:00-04:00,29.524207990884506,29.55118606429405,29.452261887687037,29.515213012695312,565700,0.0,0.0,0.0
2018-07-17 00:00:00-04:00,29.443266477222924,29.686075967211078,29.43427150021384,29.641111373901367,450800,0.0,0.0,0.0
2018-07-18 00:00:00-04:00,29.65910293577929,29.704067536727514,29.587160260377967,29.69507598876953,415700,0.0,0.0,0.0
2018-07-19 00:00:00-04:00,29.57816673190044,29.659104389806842,29.533202128747845,29.596153259277344,530200,0.0,0.0,0.0
2018-07-20 00:00:00-04:00,29.587152929941908,29.641109065480084,29.542184909555694,29.551179885864258,546000,0.0,0.0,0.0
2018-07-23 00:00:00-04:00,29.51521560137094,29.623131335053035,29.479242546617137,29.596153259277344,602400,0.0,0.0,0.0
2018-07-24 00:00:00-04:00,29.758026809153183,29.820977935946956,29.605143050811783,29.70406723022461,802300,0.0,0.0,0.0
2018-07-25 00:00:00-04:00,29.6680937543765,30.00083587143257,29.6680937543765,29.964862823486328,1172600,0.0,0.0,0.0
2018-07-26 00:00:00-04:00,29.89292304899086,29.97386069940771,29.874936523278336,29.901914596557617,769800,0.0,0.0,0.0
2018-07-27 00:00:00-04:00,29.964861170911504,29.964861170911504,29.578159503262828,29.68607521057129,879000,0.0,0.0,0.0
2018-07-30 00:00:00-04:00,29.722055065337074,29.722055065337074,29.443272471711122,29.497228622436523,1007600,0.0,0.0,0.0
2018-07-31 00:00:00-04:00,29.659096293508917,29.740033929321076,29.551180589285497,29.632118225097656,837400,0.0,0.0,0.0
2018-08-01 00:00:00-04:00,29.68607810492504,29.74903265678632,29.533197790547298,29.623126983642578,1153000,0.0,0.0,0.0
2018-08-02 00:00:00-04:00,29.488219325275338,29.829952842778386,29.452246292724322,29.811969757080078,681600,0.0,0.0,0.0
2018-08-03 00:00:00-04:00,29.48823059014614,29.937883377075195,29.48823059014614,29.937883377075195,788900,0.0,0.0,0.0
2018-08-06 00:00:00-04:00,29.93788544695753,30.07277923401559,29.901912398177213,30.045801162719727,474100,0.0,0.0,0.0
2018-08-07 00:00:00-04:00,30.126741409301758,30.171706008871475,30.09976333567574,30.126741409301758,1015600,0.0,0.0,0.0
2018-08-08 00:00:00-04:00,30.135737080369168,30.162718588266035,30.054799417837597,30.117753982543945,207900,0.0,0.0,0.0
2018-08-09 00:00:00-04:00,30.19868797138692,30.19868797138692,30.072782287870247,30.090768814086914,172000,0.0,0.0,0.0
2018-08-10 00:00:00-04:00,29.883930283639362,29.982854467093706,29.820979154273736,29.892925262451172,235700,0.0,0.0,0.0
2018-08-13 00:00:00-04:00,29.9378858041698,30.000836924997095,29.740037464096126,29.776010513305664,939000,0.0,0.0,0.0
2018-08-14 00:00:00-04:00,29.89292015817251,29.991840894156674,29.820974062280026,29.964862823486328,1453700,0.0,0.0,0.0
2018-08-15 00:00:00-04:00,29.83896208963778,29.83896208963778,29.587157602484684,29.74003791809082,299100,0.0,0.0,0.0
2018-08-16 00:00:00-04:00,29.928887341702833,30.081771067752424,29.919895795736807,29.991838455200195,664200,0.0,0.0,0.0
2018-08-17 00:00:00-04:00,29.98285149164593,30.135731810482504,29.910905390608306,30.081775665283203,610600,0.0,0.0,0.0
2018-08-20 00:00:00-04:00,30.162715834383768,30.189693909238,30.09076972733355,30.15372085571289,150600,0.0,0.0,0.0
2018-08-21 00:00:00-04:00,30.243654173820687,30.32459183079388,30.21667266777677,30.23465919494629,168000,0.0,0.0,0.0
2018-08-22 00:00:00-04:00,30.207681119481652,30.279623797580445,30.162716516847492,30.23465919494629,343500,0.0,0.0,0.0
2018-08-23 00:00:00-04:00,30.24365142620864,30.29760757223604,30.14472725105311,30.180700302124023,127900,0.0,0.0,0.0
2018-08-24 00:00:00-04:00,30.270626539472964,30.37854225155514,30.252640015696162,30.369550704956055,385400,0.0,0.0,0.0
2018-08-27 00:00:00-04:00,30.54941261821616,30.612363736364223,30.513439570537656,30.603368759155273,271600,0.0,0.0,0.0
2018-08-28 00:00:00-04:00,30.666319650739304,30.666319650739304,30.55840393907972,30.621355056762695,572600,0.0,0.0,0.0
2018-08-29 00:00:00-04:00,30.65733352159011,30.801222306088818,30.62136046782063,30.765249252319336,583100,0.0,0.0,0.0
2018-08-30 00:00:00-04:00,30.729266491514124,30.774234509810693,30.594372728358852,30.657323837280273,999400,0.0,0.0,0.0
2018-08-31 00:00:00-04:00,30.639344713191424,30.71129081537303,30.567402041588792,30.675317764282227,875200,0.0,0.0,0.0
2018-09-04 00:00:00-04:00,30.65733200131198,30.66632354901885,30.531429749941427,30.630353927612305,587000,0.0,0.0,0.0
2018-09-05 00:00:00-04:00,30.61236663439461,30.61236663439461,30.414518284011447,30.540420532226562,1027700,0.0,0.0,0.0
2018-09-06 00:00:00-04:00,30.540424204276356,30.585388808248254,30.3245927329795,30.43250846862793,973100,0.0,0.0,0.0
2018-09-07 00:00:00-04:00,30.342568519616986,30.495448805118706,30.297600500984085,30.378538131713867,1464400,0.0,0.0,0.0
2018-09-10 00:00:00-04:00,30.504451148867087,30.504451148867087,30.405530392360667,30.43250846862793,521900,0.0,0.0,0.0
2018-09-11 00:00:00-04:00,30.38754241393178,30.585387348078733,30.297609779702054,30.531431198120117,730500,0.0,0.0,0.0
2018-09-12 00:00:00-04:00,30.558406829833984,30.594379880649686,30.441496129972425,30.558406829833984,261800,0.0,0.0,0.0
2018-09-13 00:00:00-04:00,30.711288146901566,30.747257764288037,30.648337028251905,30.720279693603516,269900,0.0,0.0,0.0
2018-09-14 00:00:00-04:00,30.720273445422652,30.774233006395555,30.64833079470342,30.747251510620117,549700,0.0,0.0,0.0
2018-09-17 00:00:00-04:00,30.72927367534015,30.72927367534015,30.53142875701168,30.558406829833984,446200,0.0,0.0,0.0
2018-09-18 00:00:00-04:00,30.60336900300614,30.78323081225318,30.57639093232162,30.720279693603516,573400,0.0,0.0,0.0
2018-09-19 00:00:00-04:00,30.747257764288037,30.78323081225318,30.693301622918995,30.720279693603516,587400,0.0,0.0,0.0
2018-09-20 00:00:00-04:00,30.87316338839873,30.99906562551957,30.864168411130862,30.9810791015625,361900,0.0,0.0,0.0
2018-09-21 00:00:00-04:00,31.088684343643273,31.088684343643273,30.934957239423987,30.95304298400879,995100,0.189,0.0,0.0
2018-09-24 00:00:00-04:00,30.86262539141982,30.925923788468268,30.79028239507649,30.844539642333984,1647400,0.0,0.0,0.0
2018-09-25 00:00:00-04:00,30.87165535007867,30.916867981651478,30.79931582946271,30.82644271850586,291900,0.0,0.0,0.0
2018-09-26 00:00:00-04:00,30.826450409579387,30.96209178764246,30.681767882747096,30.717939376831055,839500,0.0,0.0,0.0
2018-09-27 00:00:00-04:00,30.799333299335835,30.944015872136692,30.77220294540124,30.817419052124023,671500,0.0,0.0,0.0
2018-09-28 00:00:00-04:00,30.763146511360574,30.88070212133264,30.754101914707306,30.808359146118164,627900,0.0,0.0,0.0
2018-10-01 00:00:00-04:00,30.971129259220127,31.079640279084984,30.8445324944606,30.916872024536133,1943100,0.0,0.0,0.0
2018-10-02 00:00:00-04:00,30.91687642342762,30.9711336658314,30.84453688305953,30.88974952697754,658500,0.0,0.0,0.0
2018-10-03 00:00:00-04:00,31.01634412703292,31.052515619423275,30.871661606974882,30.907833099365234,303800,0.0,0.0,0.0
2018-10-04 00:00:00-04:00,30.88071151319988,30.88071151319988,30.47379077761741,30.600387573242188,1483500,0.0,0.0,0.0
2018-10-05 00:00:00-04:00,30.699846288051287,30.736017773484985,30.292925700678936,30.473779678344727,2840900,0.0,0.0,0.0
2018-10-08 00:00:00-04:00,30.41953028447592,30.500914422910157,30.211549363922558,30.446657180786133,722600,0.0,0.0,0.0
2018-10-09 00:00:00-04:00,30.383365359554467,30.555178272013368,30.356238457378574,30.401451110839844,282000,0.0,0.0,0.0
2018-10-10 00:00:00-04:00,30.35623036688297,30.35623036688297,29.415792247713586,29.442922592163086,2190100,0.0,0.0,0.0
2018-10-11 00:00:00-04:00,29.352495143099663,29.51526341889903,28.647168247638135,28.8099365234375,3520700,0.0,0.0,0.0
2018-10-12 00:00:00-04:00,29.262066418240387,29.32536480144708,28.864188649117708,29.225894927978516,946800,0.0,0.0,0.0
2018-10-15 00:00:00-04:00,29.234938774996706,29.316319451742572,29.035999033165254,29.05408477783203,896600,0.0,0.0,0.0
2018-10-16 00:00:00-04:00,29.234942919994662,29.732288895585075,29.22589832162737,29.696117401123047,330600,0.0,0.0,0.0
2018-10-17 00:00:00-04:00,29.705159134537375,29.759416377298116,29.41579407215403,29.668991088867188,2085900,0.0,0.0,0.0
2018-10-18 00:00:00-04:00,29.61472896851973,29.650900457736064,29.117383065055893,29.271106719970703,321700,0.0,0.0,0.0
2018-10-19 00:00:00-04:00,29.307277408770297,29.560470927363472,29.162594905359484,29.207807540893555,771100,0.0,0.0,0.0
2018-10-22 00:00:00-04:00,29.343450546893923,29.343450546893923,29.02695518135388,29.108339309692383,418400,0.0,0.0,0.0
2018-10-23 00:00:00-04:00,28.701423123271404,29.072174034724775,28.42110094607666,28.945573806762695,979900,0.0,0.0,0.0
2018-10-24 00:00:00-04:00,28.9546145420842,28.96365568955213,28.005133656060554,28.06843376159668,510100,0.0,0.0,0.0
2018-10-25 00:00:00-04:00,28.285462532783296,28.72855300154254,28.140780001137497,28.547698974609375,390200,0.0,0.0,0.0
2018-10-26 00:00:00-04:00,28.113646397942393,28.412054282178048,27.75194013292213,28.06843376159668,1091500,0.0,0.0,0.0
2018-10-29 00:00:00-04:00,28.33971996677397,28.574829527780146,27.516837365628334,27.88758659362793,637500,0.0,0.0,0.0
2018-10-30 00:00:00-04:00,27.914713146663658,28.36684648627773,27.89662739913866,28.339717864990234,863900,0.0,0.0,0.0
2018-10-31 00:00:00-04:00,28.647167339283587,28.909403767171643,28.601952972577557,28.638124465942383,710900,0.0,0.0,0.0
2018-11-01 00:00:00-04:00,28.75568383345896,28.999836285805337,28.611001282013415,28.990795135498047,642500,0.0,0.0,0.0
2018-11-02 00:00:00-04:00,29.126425022487826,29.15355536490599,28.58386646716891,28.782804489135742,1793100,0.0,0.0,0.0
2018-11-05 00:00:00-05:00,28.873232681145964,28.999829452643098,28.71950729086302,28.93653106689453,367800,0.0,0.0,0.0
2018-11-06 00:00:00-05:00,28.954617596639643,29.12642701267953,28.91844610394596,29.117385864257812,342200,0.0,0.0,0.0
2018-11-07 00:00:00-05:00,29.38866203615776,29.759411173095323,29.343449399848897,29.750370025634766,661500,0.0,0.0,0.0
2018-11-08 00:00:00-05:00,29.623774946535917,29.75941632846337,29.55143540581061,29.65994644165039,302600,0.0,0.0,0.0
2018-11-09 00:00:00-05:00,29.53334894781379,29.53334894781379,29.19877124981245,29.370580673217773,506600,0.0,0.0,0.0
2018-11-12 00:00:00-05:00,29.325364634060165,29.325364634060165,28.746634591186222,28.791847229003906,226000,0.0,0.0,0.0
2018-11-13 00:00:00-05:00,28.81897669449949,29.090254254139108,28.683335327552243,28.74663543701172,299400,0.0,0.0,0.0
2018-11-14 00:00:00-05:00,29.008870967047297,29.017912114263282,28.37588200258538,28.55673599243164,862400,0.0,0.0,0.0
2018-11-15 00:00:00-05:00,28.403012856959812,28.909401653786333,28.23120172554039,28.873231887817383,502600,0.0,0.0,0.0
2018-11-16 00:00:00-05:00,28.71046468214136,29.01791546553655,28.67429319009408,28.918445587158203,651900,0.0,0.0,0.0
2018-11-19 00:00:00-05:00,28.8370629830242,28.855148730006295,28.30354552031476,28.384929656982422,280800,0.0,0.0,0.0
2018-11-20 00:00:00-05:00,27.987060452274807,28.185998543729845,27.770034884639255,27.87854766845703,2220200,0.0,0.0,0.0
2018-11-21 00:00:00-05:00,28.07747583791676,28.213117200944193,28.00513458251953,28.00513458251953,335000,0.0,0.0,0.0
2018-11-23 00:00:00-05:00,27.842369478932053,27.987051997144455,27.81524085998535,27.81524085998535,124200,0.0,0.0,0.0
2018-11-26 00:00:00-05:00,28.13173210074605,28.29450035095215,28.068433720055125,28.29450035095215,481800,0.0,0.0,0.0
2018-11-27 00:00:00-05:00,28.149818938563005,28.357801570621135,28.104606297757844,28.348758697509766,338100,0.0,0.0,0.0
2018-11-28 00:00:00-05:00,28.403014153404488,29.036001471893805,28.39397128031159,29.017915725708008,683800,0.0,0.0,0.0
2018-11-29 00:00:00-05:00,28.98174153128011,29.1264240377739,28.809932132788436,28.954614639282227,1605400,0.0,0.0,0.0
2018-11-30 00:00:00-05:00,28.972701707811318,29.234939840785092,28.918444471832988,29.216854095458984,565200,0.0,0.0,0.0
2018-12-03 00:00:00-05:00,29.60568698081995,29.668985360400722,29.370575757088815,29.551429748535156,1849100,0.0,0.0,0.0
2018-12-04 00:00:00-05:00,29.488138431386915,29.488138431386915,28.556743084445863,28.592914581298828,857200,0.0,0.0,0.0
2018-12-06 00:00:00-05:00,28.158861617192798,28.5838680267334,27.788112445945686,28.5838680267334,587000,0.0,0.0,0.0
2018-12-07 00:00:00-05:00,28.53865803004753,28.701426320340417,27.78811669961518,27.88758659362793,1276100,0.0,0.0,0.0
2018-12-10 00:00:00-05:00,27.824279745492742,28.04130349170985,27.381189381372216,27.932790756225586,1279100,0.0,0.0,0.0
2018-12-11 00:00:00-05:00,28.40301374965541,28.40301374965541,27.770026440164017,27.923751831054688,1838300,0.0,0.0,0.0
2018-12-12 00:00:00-05:00,28.294505706634364,28.448229388980238,28.077480182112545,28.086523056030273,1016500,0.0,0.0,0.0
2018-12-13 00:00:00-05:00,28.19503052316589,28.267371776169945,27.94183527527595,28.06843376159668,459500,0.0,0.0,0.0
2018-12-14 00:00:00-05:00,27.80619473610576,27.914707474454378,27.48065824581137,27.55299949645996,471300,0.0,0.0,0.0
2018-12-17 00:00:00-05:00,27.39927522833502,27.543957735467693,26.784375435396928,26.938100814819336,1651800,0.0,0.0,0.0
2018-12-18 00:00:00-05:00,27.17321185513179,27.23651196875361,26.784378648536766,26.96523094177246,930900,0.0,0.0,0.0
2018-12-19 00:00:00-05:00,26.983312546800242,27.39023316243706,26.359368177740947,26.54022216796875,1343300,0.0,0.0,0.0
2018-12-20 00:00:00-05:00,26.413630888844498,26.558315155338168,25.816814972971905,26.115222930908203,1852000,0.0,0.0,0.0
2018-12-21 00:00:00-05:00,26.19891475861306,26.48091822281639,25.462070747331325,25.55303955078125,1356200,0.172,0.0,0.0
2018-12-24 00:00:00-05:00,25.35290271831624,25.462063864881173,24.852575302124023,24.852575302124023,2379700,0.0,0.0,0.0
2018-12-26 00:00:00-05:00,25.01632141728697,26.11703872680664,24.834383840218024,26.11703872680664,3080500,0.0,0.0,0.0
2018-12-27 00:00:00-05:00,25.744070895951765,26.371753692626953,25.39839154616696,26.371753692626953,1865500,0.0,0.0,0.0
2018-12-28 00:00:00-05:00,26.490012539270836,26.69014249811135,26.18071968055386,26.308074951171875,1032300,0.0,0.0,0.0
2018-12-31 00:00:00-05:00,26.508204613328488,26.58097930073648,26.317171709539537,26.571882247924805,1678400,0.0,0.0,0.0
2019-01-02 00:00:00-05:00,26.1534282291002,26.6810451465795,26.144331176288524,26.571882247924805,2272400,0.0,0.0,0.0
2019-01-03 00:00:00-05:00,26.3444623548628,26.40814172749826,25.88962010369388,25.944202423095703,733600,0.0,0.0,0.0
2019-01-04 00:00:00-05:00,26.32626864248978,26.90846613910302,26.271686325868234,26.835691452026367,1345000,0.0,0.0,0.0
2019-01-07 00:00:00-05:00,26.88117666157976,27.245051854800305,26.790209598360136,27.081308364868164,772600,0.0,0.0,0.0
2019-01-08 00:00:00-05:00,27.399698073296108,27.399698073296108,27.063114042771915,27.363309860229492,535700,0.0,0.0,0.0
2019-01-09 00:00:00-05:00,27.55434198868037,27.608922568203138,27.326920883069285,27.499759674072266,934500,0.0,0.0,0.0
2019-01-10 00:00:00-05:00,27.363307837011778,27.636212474491078,27.245049623460176,27.627117156982422,371900,0.0,0.0,0.0
2019-01-11 00:00:00-05:00,27.499760155751428,27.627117156982422,27.436082522678614,27.627117156982422,399800,0.0,0.0,0.0
2019-01-14 00:00:00-05:00,27.40878706251052,27.554338146082262,27.354206490599303,27.463369369506836,909200,0.0,0.0,0.0
2019-01-15 00:00:00-05:00,27.527051712807157,27.7908593015189,27.527051712807157,27.772666931152344,802400,0.0,0.0,0.0
2019-01-16 00:00:00-05:00,27.82724671279422,27.945504924662924,27.809052607865084,27.83634376525879,953700,0.0,0.0,0.0
2019-01-17 00:00:00-05:00,27.745376565331945,28.163830592164793,27.745376565331945,28.063766479492188,565200,0.0,0.0,0.0
2019-01-18 00:00:00-05:00,28.28209062950247,28.491317643537414,28.19112183446127,28.436737060546875,730400,0.0,0.0,0.0
2019-01-22 00:00:00-05:00,28.263900190958065,28.272997245151153,27.854543162783294,28.045576095581055,1885000,0.0,0.0,0.0
2019-01-23 00:00:00-05:00,28.191119929356116,28.2457005086582,27.809052404070876,28.081958770751953,1162600,0.0,0.0,0.0
2019-01-24 00:00:00-05:00,28.091057099317236,28.18202589796243,27.981895929011415,28.145639419555664,1016500,0.0,0.0,0.0
2019-01-25 00:00:00-05:00,28.35486322935476,28.464026122378254,28.300282650385675,28.400346755981445,797500,0.0,0.0,0.0
2019-01-28 00:00:00-05:00,28.14563952267934,28.200220108032227,27.981896031535143,28.200220108032227,497500,0.0,0.0,0.0
2019-01-29 00:00:00-05:00,28.1911229513355,28.254800589861485,28.054670620910468,28.145639419555664,784100,0.0,0.0,0.0
2019-01-30 00:00:00-05:00,28.300282434663703,28.69144700697866,28.236604803837604,28.609575271606445,587700,0.0,0.0,0.0
2019-01-31 00:00:00-05:00,28.573185778568572,28.882478601613137,28.573185778568572,28.827898025512695,1014800,0.0,0.0,0.0
2019-02-01 00:00:00-05:00,28.87338547558534,28.973451324612864,28.764224308542104,28.882482528686523,723500,0.0,0.0,0.0
2019-02-04 00:00:00-05:00,28.873383177816734,29.091707229614258,28.791511441506994,29.091707229614258,2500400,0.0,0.0,0.0
2019-02-05 00:00:00-05:00,29.14628605035402,29.228157776850477,29.073509640059292,29.219058990478516,490200,0.0,0.0,0.0
2019-02-06 00:00:00-05:00,29.18267704957222,29.209966470960428,29.08260947583608,29.1735782623291,1962600,0.0,0.0,0.0
2019-02-07 00:00:00-05:00,28.982545648447008,29.03712622682881,28.70963928636739,28.909770965576172,935200,0.0,0.0,0.0
2019-02-08 00:00:00-05:00,28.7369314521443,28.95525550842285,28.66415676671812,28.95525550842285,337200,0.0,0.0,0.0
2019-02-11 00:00:00-05:00,29.03712351701776,29.055317619808882,28.909768267650207,28.973445892333984,1503900,0.0,0.0,0.0
2019-02-12 00:00:00-05:00,29.182675653728367,29.382803851287125,29.155382763475043,29.33732032775879,577300,0.0,0.0,0.0
2019-02-13 00:00:00-05:00,29.455581570682533,29.528354517519436,29.38280515367507,29.437387466430664,997200,0.0,0.0,0.0
2019-02-14 00:00:00-05:00,29.319132125698854,29.50106972660319,29.21906627169291,29.373714447021484,1039900,0.0,0.0,0.0
2019-02-15 00:00:00-05:00,29.564738827026794,29.70119285583496,29.564738827026794,29.70119285583496,584400,0.0,0.0,0.0
2019-02-19 00:00:00-05:00,29.592028094444302,29.819449161189606,29.592028094444302,29.737577438354492,462100,0.0,0.0,0.0
2019-02-20 00:00:00-05:00,29.764872521960058,29.83764546419888,29.673902006448607,29.79216194152832,614600,0.0,0.0,0.0
2019-02-21 00:00:00-05:00,29.7102937086867,29.74668191917311,29.564744336911808,29.664810180664062,792600,0.0,0.0,0.0
2019-02-22 00:00:00-05:00,29.773967970943794,29.89222790654986,29.74667855125407,29.883129119873047,477500,0.0,0.0,0.0
2019-02-25 00:00:00-05:00,30.065074630878616,30.110558165777665,29.919525237098902,29.937719345092773,494000,0.0,0.0,0.0
2019-02-26 00:00:00-05:00,29.88313683999238,30.001396806150158,29.86494620228003,29.901330947875977,745500,0.0,0.0,0.0
2019-02-27 00:00:00-05:00,29.81944895593732,29.94680419721087,29.728481917933376,29.910419464111328,622200,0.0,0.0,0.0
2019-02-28 00:00:00-05:00,29.90132337701398,29.93771158356788,29.819451647352906,29.846744537353516,741700,0.0,0.0,0.0
2019-03-01 00:00:00-05:00,30.046876079284953,30.065070184588123,29.846747861291636,30.03778076171875,1120500,0.0,0.0,0.0
2019-03-04 00:00:00-05:00,30.15604498807514,30.19242973367109,29.628426269964468,29.901330947875977,1965500,0.0,0.0,0.0
2019-03-05 00:00:00-05:00,29.91951831113581,29.91951831113581,29.783067738025128,29.8558406829834,543200,0.0,0.0,0.0
2019-03-06 00:00:00-05:00,29.874036004451774,29.874036004451774,29.619325481459946,29.655710220336914,399800,0.0,0.0,0.0
2019-03-07 00:00:00-05:00,29.610227242669033,29.619326030184798,29.31912850523676,29.410099029541016,351000,0.0,0.0,0.0
2019-03-08 00:00:00-05:00,29.200862587064016,29.355510711669922,29.118990867018532,29.355510711669922,520300,0.0,0.0,0.0
2019-03-11 00:00:00-04:00,29.437385512033064,29.792161845963854,29.437385512033064,29.773967742919922,288200,0.0,0.0,0.0
2019-03-12 00:00:00-04:00,29.846747366523434,29.91952031635899,29.810359156520306,29.87403678894043,320600,0.0,0.0,0.0
2019-03-13 00:00:00-04:00,29.992296343571027,30.19242455562585,29.974102238807742,30.083263397216797,304800,0.0,0.0,0.0
2019-03-14 00:00:00-04:00,30.055973052978516,30.128745999628176,30.001390740363355,30.055973052978516,507700,0.0,0.0,0.0
2019-03-15 00:00:00-04:00,30.127251598086623,30.282592132433145,30.090699653845586,30.209491729736328,485600,0.148,0.0,0.0
2019-03-18 00:00:00-04:00,30.21862553622711,30.3556935731859,30.20948929379618,30.337417602539062,316000,0.0,0.0,0.0
2019-03-19 00:00:00-04:00,30.41965772755734,30.529310065653384,30.21862553622711,30.337417602539062,839800,0.0,0.0,0.0
2019-03-20 00:00:00-04:00,30.310000478141845,30.42879253886679,30.081556084478002,30.218624114990234,498200,0.0,0.0,0.0
2019-03-21 00:00:00-04:00,30.154658500836568,30.629823234901483,30.154658500836568,30.584135055541992,318600,0.0,0.0,0.0
2019-03-22 00:00:00-04:00,30.419662878021878,30.474487313459935,29.95363426208496,29.95363426208496,761200,0.0,0.0,0.0
2019-03-25 00:00:00-04:00,29.935358288343753,30.07242634851004,29.798293713963037,29.95363426208496,711600,0.0,0.0,0.0
2019-03-26 00:00:00-04:00,30.17293357849121,30.291725629944732,30.01758959031591,30.17293357849121,341100,0.0,0.0,0.0
2019-03-27 00:00:00-04:00,30.191207896866032,30.24603231316794,29.825695521192998,30.0267276763916,723200,0.0,0.0,0.0
2019-03-28 00:00:00-04:00,30.081557338822456,30.19121316211861,29.971905001311267,30.145524978637695,2417400,0.0,0.0,0.0
2019-03-29 00:00:00-04:00,30.337417803830196,30.38310598785794,30.218625736730047,30.364830017089844,745200,0.0,0.0,0.0
2019-04-01 00:00:00-04:00,30.602421868465626,30.730350210317695,30.55673018713056,30.721210479736328,801600,0.0,0.0,0.0
2019-04-02 00:00:00-04:00,30.712074234940843,30.75776243049003,30.62983408863796,30.721210479736328,635900,0.0,0.0,0.0
2019-04-03 00:00:00-04:00,30.876549992219083,30.922238181057317,30.712069723773137,30.812585830688477,539600,0.0,0.0,0.0
2019-04-04 00:00:00-04:00,30.80342911540848,30.885669204281516,30.71205278811997,30.849117279052734,1796200,0.0,0.0,0.0
2019-04-05 00:00:00-04:00,30.931370715482316,31.01361083984375,30.90395850262349,31.01361083984375,447500,0.0,0.0,0.0
2019-04-08 00:00:00-04:00,30.97705910730128,31.04102325439453,30.858267054506126,31.04102325439453,304700,0.0,0.0,0.0
2019-04-09 00:00:00-04:00,30.91309087396904,30.949639320487908,30.80343507706007,30.867399215698242,326300,0.0,0.0,0.0
2019-04-10 00:00:00-04:00,30.922234229601308,30.99533462524414,30.876546046601423,30.99533462524414,360500,0.0,0.0,0.0
2019-04-11 00:00:00-04:00,31.05016644488371,31.05016644488371,30.913101878630485,30.977066040039062,326700,0.0,0.0,0.0
2019-04-12 00:00:00-04:00,31.178089428837776,31.214641367893712,31.086713066982696,31.18722915649414,347500,0.0,0.0,0.0
2019-04-15 00:00:00-04:00,31.205508699833846,31.205508699833846,31.077576898486672,31.168956756591797,568800,0.0,0.0,0.0
2019-04-16 00:00:00-04:00,31.27860551834922,31.27860551834922,31.104989036510666,31.18722915649414,843200,0.0,0.0,0.0
2019-04-17 00:00:00-04:00,31.31516202936578,31.31516202936578,31.031889689002128,31.08671760559082,567600,0.0,0.0,0.0
2019-04-18 00:00:00-04:00,31.178088938263173,31.178088938263173,31.004472459156403,31.150676727294922,276100,0.0,0.0,0.0
2019-04-22 00:00:00-04:00,31.059304611783865,31.196369171142578,31.050164883022173,31.196369171142578,1623700,0.0,0.0,0.0
2019-04-23 00:00:00-04:00,31.242053032078626,31.497913115203954,31.223777062870766,31.479637145996094,658500,0.0,0.0,0.0
2019-04-24 00:00:00-04:00,31.479642140565755,31.516194084780818,31.397402008974495,31.424814224243164,1598700,0.0,0.0,0.0
2019-04-25 00:00:00-04:00,31.433951642574886,31.452224127554,31.242055692444133,31.36998748779297,395100,0.0,0.0,0.0
2019-04-26 00:00:00-04:00,31.38825778874809,31.525325817049165,31.287745185216696,31.516189575195312,610900,0.0,0.0,0.0
2019-04-29 00:00:00-04:00,31.543606047082005,31.634982421101597,31.52533007512104,31.56188201904297,344900,0.0,0.0,0.0
2019-04-30 00:00:00-04:00,31.56188059861663,31.63498099738541,31.38826061569376,31.598432540893555,889400,0.0,0.0,0.0
2019-05-01 00:00:00-04:00,31.68066656480309,31.70808226213817,31.36998553847367,31.379121780395508,736000,0.0,0.0,0.0
2019-05-02 00:00:00-04:00,31.360844829166318,31.45222118866372,31.123264203002265,31.30601692199707,634900,0.0,0.0,0.0
2019-05-03 00:00:00-04:00,31.516186870520023,31.653251401273653,31.470495207817688,31.63497543334961,561300,0.0,0.0,0.0
2019-05-06 00:00:00-04:00,31.10498897607685,31.561877756034086,31.10498897607685,31.516189575195312,549900,0.0,0.0,0.0
2019-05-07 00:00:00-04:00,31.25118130153028,31.28773322654447,30.74860453282716,30.98618507385254,499100,0.0,0.0,0.0
2019-05-08 00:00:00-04:00,30.949644130397505,31.114124365538846,30.867404012826835,30.940507888793945,397900,0.0,0.0,0.0
2019-05-09 00:00:00-04:00,30.68465580729147,30.90396049587677,30.49275984754786,30.839996337890625,622300,0.0,0.0,0.0
2019-05-10 00:00:00-04:00,30.73032857032006,31.068425162242757,30.383092254252105,30.98618507385254,392000,0.0,0.0,0.0
2019-05-13 00:00:00-04:00,30.392244479370998,30.465348367853075,30.099835897013214,30.209491729736328,597100,0.0,0.0,0.0
2019-05-14 00:00:00-04:00,30.328277591134924,30.657238088136392,30.300865378313116,30.48362159729004,434300,0.0,0.0,0.0
2019-05-15 00:00:00-04:00,30.30086369622837,30.739476505953398,30.273451484928287,30.6663761138916,727800,0.0,0.0,0.0
2019-05-16 00:00:00-04:00,30.75775168466083,31.08671215494351,30.75775168466083,30.940507888793945,506700,0.0,0.0,0.0
2019-05-17 00:00:00-04:00,30.684651075183726,31.022747784653685,30.684651075183726,30.75775146484375,540300,0.0,0.0,0.0
2019-05-20 00:00:00-04:00,30.556718867753844,30.684650648000968,30.456206269093702,30.547582626342773,333900,0.0,0.0,0.0
2019-05-21 00:00:00-04:00,30.730341606088732,30.858269912121983,30.72120187806641,30.803442001342773,325100,0.0,0.0,0.0
2019-05-22 00:00:00-04:00,30.712074234940843,30.82172660141606,30.66638603939166,30.721210479736328,282500,0.0,0.0,0.0
2019-05-23 00:00:00-04:00,30.456209668851017,30.456209668851017,30.163797624286598,30.337417602539062,930300,0.0,0.0,0.0
2019-05-24 00:00:00-04:00,30.492758528638404,30.53844671296875,30.319142033869078,30.392242431640625,416700,0.0,0.0,0.0
2019-05-28 00:00:00-04:00,30.456209216885295,30.547585582978492,30.12724872169391,30.136384963989258,550400,0.0,0.0,0.0
2019-05-29 00:00:00-04:00,30.008460073345717,30.0267360458019,29.752603430529785,29.926219940185547,787600,0.0,0.0,0.0
2019-05-30 00:00:00-04:00,30.01758745489137,30.099827563772617,29.862246963551396,29.990175247192383,514100,0.0,0.0,0.0
2019-05-31 00:00:00-04:00,29.661222014589995,29.789150329297062,29.57898188573758,29.61553382873535,955300,0.0,0.0,0.0
2019-06-03 00:00:00-04:00,29.414504261134184,29.74346480599145,29.35967982751494,29.5150203704834,1392800,0.0,0.0,0.0
2019-06-04 00:00:00-04:00,29.789148938718448,30.18207359313965,29.74346075499656,30.18207359313965,443700,0.0,0.0,0.0
2019-06-05 00:00:00-04:00,30.364827142962525,30.45620698815363,30.17293469673821,30.447067260742188,562700,0.0,0.0,0.0
2019-06-06 00:00:00-04:00,30.511029932451148,30.721198337539477,30.419653577468225,30.65723419189453,459900,0.0,0.0,0.0
2019-06-07 00:00:00-04:00,30.794301928800987,31.077570718130666,30.77602596081448,30.967918395996094,2540900,0.0,0.0,0.0
2019-06-10 00:00:00-04:00,31.16895822309966,31.32429876050944,31.104994062309125,31.12327003479004,678600,0.0,0.0,0.0
2019-06-11 00:00:00-04:00,31.33343248167535,31.351708450651973,31.013608253261406,31.10498809814453,371500,0.0,0.0,0.0
2019-06-12 00:00:00-04:00,31.077573573300285,31.141541210022154,30.995333452697647,31.050161361694336,465100,0.0,0.0,0.0
2019-06-13 00:00:00-04:00,31.14154474171317,31.214645142880777,31.077577097736878,31.196369171142578,1294400,0.0,0.0,0.0
2019-06-14 00:00:00-04:00,31.16895822309966,31.19637043892837,31.04102990151859,31.12327003479004,420300,0.0,0.0,0.0
2019-06-17 00:00:00-04:00,31.150676727294922,31.24205308771223,31.13240075805452,31.150676727294922,383100,0.0,0.0,0.0
2019-06-18 00:00:00-04:00,31.35171996215243,31.598440405248923,31.35171996215243,31.470508575439453,1932900,0.0,0.0,0.0
2019-06-19 00:00:00-04:00,31.47963642614433,31.625840690679215,31.39739630948192,31.58015251159668,390500,0.0,0.0,0.0
2019-06-20 00:00:00-04:00,31.909112771346763,31.918252499573214,31.634980182897888,31.8725643157959,569500,0.0,0.0,0.0
2019-06-21 00:00:00-04:00,31.846852029067733,31.957047767065173,31.773385868363206,31.8284854888916,319000,0.172,0.0,0.0
2019-06-24 00:00:00-04:00,31.846856212689442,31.846856212689442,31.73666046021593,31.74584197998047,1857600,0.0,0.0,0.0
2019-06-25 00:00:00-04:00,31.75502030934855,31.75502030934855,31.396878058945695,31.406063079833984,591500,0.0,0.0,0.0
2019-06-26 00:00:00-04:00,31.534627945983974,31.57136102644549,31.369332586966507,31.387699127197266,288400,0.0,0.0,0.0
2019-06-27 00:00:00-04:00,31.48871285821895,31.571360536444956,31.451979778327544,31.52544593811035,307000,0.0,0.0,0.0
2019-06-28 00:00:00-04:00,31.635644550588964,31.736658777943454,31.58054492574298,31.718292236328125,2153400,0.0,0.0,0.0
2019-07-01 00:00:00-04:00,32.09478691593353,32.12233496767184,31.8284774056017,31.966224670410156,982500,0.0,0.0,0.0
2019-07-02 00:00:00-04:00,31.98459581363505,32.03969192504883,31.874396584689556,32.03969192504883,1172800,0.0,0.0,0.0
2019-07-03 00:00:00-04:00,32.140707453378695,32.306002800526514,32.13152593545231,32.296817779541016,323600,0.0,0.0,0.0
2019-07-05 00:00:00-04:00,32.1774460013409,32.28764175048626,32.012150626093,32.260093688964844,502700,0.0,0.0,0.0
2019-07-08 00:00:00-04:00,32.12233992701916,32.1498879830106,32.03051073834172,32.103973388671875,614000,0.0,0.0,0.0
2019-07-09 00:00:00-04:00,31.966233270506763,32.18662474982358,31.966233270506763,32.15907669067383,676700,0.0,0.0,0.0
2019-07-10 00:00:00-04:00,32.296810922126824,32.39782511316479,32.204981750124134,32.30599594116211,430600,0.0,0.0,0.0
2019-07-11 00:00:00-04:00,32.35191849464425,32.38865157371512,32.24172276049086,32.37028503417969,573800,0.0,0.0,0.0
2019-07-12 00:00:00-04:00,32.42538149879166,32.517210684477455,32.38864842329379,32.498844146728516,497500,0.0,0.0,0.0
2019-07-15 00:00:00-04:00,32.57231106985977,32.57231106985977,32.45293032319118,32.50802993774414,2162700,0.0,0.0,0.0
2019-07-16 00:00:00-04:00,32.48966365477774,32.51721171074114,32.37028290717137,32.397830963134766,566500,0.0,0.0,0.0
2019-07-17 00:00:00-04:00,32.42539427547677,32.42539427547677,32.223365783691406,32.223365783691406,590100,0.0,0.0,0.0
2019-07-18 00:00:00-04:00,32.17744753678641,32.37029098275783,32.10398136514404,32.342742919921875,724400,0.0,0.0,0.0
2019-07-19 00:00:00-04:00,32.471296242472015,32.471296242472015,32.13152405018559,32.14988708496094,306800,0.0,0.0,0.0
2019-07-22 00:00:00-04:00,32.21417450746293,32.3060037015243,32.159074889190585,32.25090408325195,419500,0.0,0.0,0.0
2019-07-23 00:00:00-04:00,32.397835868033845,32.4713020324707,32.27845860541325,32.4713020324707,601300,0.0,0.0,0.0
2019-07-24 00:00:00-04:00,32.397835153592446,32.6365966796875,32.38865363477007,32.6365966796875,277100,0.0,0.0,0.0
2019-07-25 00:00:00-04:00,32.609045836200515,32.62741237730973,32.397835868033845,32.4713020324707,1718600,0.0,0.0,0.0
2019-07-26 00:00:00-04:00,32.55394687466457,32.68250914814878,32.526395313875646,32.66414260864258,438300,0.0,0.0,0.0
2019-07-29 00:00:00-04:00,32.66414274007822,32.66414274007822,32.517213926496574,32.60904312133789,252200,0.0,0.0,0.0
2019-07-30 00:00:00-04:00,32.443758551341666,32.5723208541915,32.39784044055814,32.544769287109375,368700,0.0,0.0,0.0
2019-07-31 00:00:00-04:00,32.57231371636679,32.59986177435207,31.957046897907926,32.19580841064453,1184100,0.0,0.0,0.0
2019-08-01 00:00:00-04:00,32.1866207423587,32.553944499564835,31.81930048821154,31.892763137817383,1049000,0.0,0.0,0.0
2019-08-02 00:00:00-04:00,31.810117747125812,31.810117747125812,31.461160503079455,31.663188934326172,1346000,0.0,0.0,0.0
2019-08-05 00:00:00-04:00,31.158116531551578,31.158116531551578,30.44183911801755,30.708145141601562,968600,0.0,0.0,0.0
2019-08-06 00:00:00-04:00,30.937727035518154,31.13057395258617,30.735702103105854,31.112207412719727,2084300,0.0,0.0,0.0
2019-08-07 00:00:00-04:00,30.7724326728341,31.23158567513461,30.515308112524824,31.158123016357422,649600,0.0,0.0,0.0
2019-08-08 00:00:00-04:00,31.305058104653884,31.755029678344727,31.27751003997938,31.755029678344727,884000,0.0,0.0,0.0
2019-08-09 00:00:00-04:00,31.62645834240988,31.69992450611656,31.350967234628822,31.552995681762695,1494400,0.0,0.0,0.0
2019-08-12 00:00:00-04:00,31.36932836066105,31.415242953522316,31.038737687165714,31.14893341064453,3455100,0.0,0.0,0.0
2019-08-13 00:00:00-04:00,31.13056591660162,31.782562149788507,31.093832846350935,31.608081817626953,1362400,0.0,0.0,0.0
2019-08-14 00:00:00-04:00,31.17648569316731,31.185667210729335,30.6714181538408,30.689781188964844,1671500,0.0,0.0,0.0
2019-08-15 00:00:00-04:00,30.772430640958213,30.845896797943904,30.50612457953301,30.744882583618164,672200,0.0,0.0,0.0
2019-08-16 00:00:00-04:00,30.95609489515225,31.268319080074434,30.95609489515225,31.22240447998047,374500,0.0,0.0,0.0
2019-08-19 00:00:00-04:00,31.580543518066406,31.654009681253026,31.479529295214544,31.580543518066406,439200,0.0,0.0,0.0
2019-08-20 00:00:00-04:00,31.543814671590933,31.562181214853506,31.32342315855994,31.350971221923828,284000,0.0,0.0,0.0
2019-08-21 00:00:00-04:00,31.598906791790775,31.65400640848388,31.53462565717837,31.617273330688477,341200,0.0,0.0,0.0
2019-08-22 00:00:00-04:00,31.70910580058352,31.773386941842073,31.387700094290743,31.580543518066406,526700,0.0,0.0,0.0
2019-08-23 00:00:00-04:00,31.44279498243252,31.635638377172327,30.65305136238309,30.79998016357422,910400,0.0,0.0,0.0
2019-08-26 00:00:00-04:00,31.084655851390416,31.112207412719727,30.873445897515246,31.112207412719727,1221300,0.0,0.0,0.0
2019-08-27 00:00:00-04:00,31.277506650549043,31.305054712238267,30.88263475205816,30.965282440185547,489900,0.0,0.0,0.0
2019-08-28 00:00:00-04:00,30.882631694899228,31.194855874354772,30.827532073915528,31.185670852661133,598900,0.0,0.0,0.0
2019-08-29 00:00:00-04:00,31.46116609994698,31.654013047289144,31.37851840910315,31.571365356445312,2060300,0.0,0.0,0.0
2019-08-30 00:00:00-04:00,31.764188935358902,31.764188935358902,31.470331441261923,31.589712142944336,887500,0.0,0.0,0.0
2019-09-03 00:00:00-04:00,31.415241918620968,31.479523047120928,31.24076507027233,31.396875381469727,1121700,0.0,0.0,0.0
2019-09-04 00:00:00-04:00,31.635641969850784,31.736656188964844,31.56217580938262,31.736656188964844,264800,0.0,0.0,0.0
2019-09-05 00:00:00-04:00,32.01214330579239,32.25090129151988,32.01214330579239,32.14988708496094,393800,0.0,0.0,0.0
2019-09-06 00:00:00-04:00,32.20499556747397,32.24172865325849,32.11316635607255,32.16826248168945,551300,0.0,0.0,0.0
2019-09-09 00:00:00-04:00,32.2968247788754,32.2968247788754,32.04888520747957,32.16826248168945,1947800,0.0,0.0,0.0
2019-09-10 00:00:00-04:00,32.0856059540705,32.14988708496094,31.911129099233452,32.14988708496094,1819100,0.0,0.0,0.0
2019-09-11 00:00:00-04:00,32.16825660234912,32.37946655241779,32.1039754655047,32.37028503417969,442700,0.0,0.0,0.0
2019-09-12 00:00:00-04:00,32.48966016812622,32.581489346855484,32.38864596968886,32.46210861206055,508100,0.0,0.0,0.0
2019-09-13 00:00:00-04:00,32.51721035059763,32.55394342571833,32.388648090734016,32.43456268310547,793400,0.0,0.0,0.0
2019-09-16 00:00:00-04:00,32.32437089417151,32.416200090088594,32.28763781458096,32.37946701049805,303100,0.0,0.0,0.0
2019-09-17 00:00:00-04:00,32.36110628887494,32.4713020324707,32.33355472568136,32.4713020324707,387600,0.0,0.0,0.0
2019-09-18 00:00:00-04:00,32.39782871418248,32.48047637939453,32.18661879265364,32.48047637939453,275900,0.0,0.0,0.0
2019-09-19 00:00:00-04:00,32.53557599055548,32.62740517276497,32.434561788289784,32.48047637939453,1068700,0.0,0.0,0.0
2019-09-20 00:00:00-04:00,32.54507735303226,32.581987839937085,32.25902635948651,32.31439208984375,314100,0.17,0.0,0.0
2019-09-23 00:00:00-04:00,32.222121560310406,32.39744464406682,32.222121560310406,32.32362365722656,260200,0.0,0.0,0.0
2019-09-24 00:00:00-04:00,32.46203512711016,32.489716236230635,31.945298796999094,32.0560302734375,389200,0.0,0.0,0.0
2019-09-25 00:00:00-04:00,32.07446340091048,32.28669684769644,31.945280273285103,32.249786376953125,642500,0.0,0.0,0.0
2019-09-26 00:00:00-04:00,32.268252006141616,32.268252006141616,32.019111528338776,32.17597579956055,1898100,0.0,0.0,0.0
2019-09-27 00:00:00-04:00,32.26825350361728,32.26825350361728,31.797653628158077,31.982202529907227,506300,0.0,0.0,0.0
2019-09-30 00:00:00-04:00,32.06524000084066,32.222104233558206,32.05601414243583,32.15751266479492,878500,0.0,0.0,0.0
2019-10-01 00:00:00-04:00,32.23132658635199,32.3143733737994,31.73304586166755,31.74227523803711,2627700,0.0,0.0,0.0
2019-10-02 00:00:00-04:00,31.585421663514307,31.585421663514307,31.05945961414639,31.197872161865234,1191300,0.0,0.0,0.0
2019-10-03 00:00:00-04:00,31.16096665141637,31.46546937701178,30.86568978781809,31.45624351501465,1417100,0.0,0.0,0.0
2019-10-04 00:00:00-04:00,31.55774904167261,31.917617538467145,31.55774904167261,31.89916229248047,581400,0.0,0.0,0.0
2019-10-07 00:00:00-04:00,31.825335396883872,31.98219966131557,31.7330591942971,31.751514434814453,2644700,0.0,0.0,0.0
2019-10-08 00:00:00-04:00,31.5669652669832,31.6131016078749,31.27168846130371,31.27168846130371,1037800,0.0,0.0,0.0
2019-10-09 00:00:00-04:00,31.530056527755168,31.668469078052283,31.43778384087534,31.566967010498047,949800,0.0,0.0,0.0
2019-10-10 00:00:00-04:00,31.557747513755526,31.87147964038267,31.53006288612678,31.779203414916992,692800,0.0,0.0,0.0
2019-10-11 00:00:00-04:00,32.111385345458984,32.36052583203308,32.09293010349303,32.111385345458984,789200,0.0,0.0,0.0
2019-10-14 00:00:00-04:00,32.05601336348947,32.14828602520155,32.04678398533242,32.08369445800781,463000,0.0,0.0,0.0
2019-10-15 00:00:00-04:00,32.212892673818004,32.47125906355487,32.19443742883993,32.37898635864258,539800,0.0,0.0,0.0
2019-10-16 00:00:00-04:00,32.342073195033485,32.38820954367563,32.25902635948651,32.31439208984375,360400,0.0,0.0,0.0
2019-10-17 00:00:00-04:00,32.42512297171423,32.51739919734625,32.332850266060305,32.39744186401367,1945400,0.0,0.0,0.0
2019-10-18 00:00:00-04:00,32.37897932976042,32.41588981170397,32.14829409757916,32.2774772644043,412600,0.0,0.0,0.0
2019-10-21 00:00:00-04:00,32.42512234976777,32.49894332885742,32.36976013542855,32.49894332885742,564200,0.0,0.0,0.0
2019-10-22 00:00:00-04:00,32.581984759876676,32.60044000158447,32.36975476020324,32.388206481933594,573400,0.0,0.0,0.0
2019-10-23 00:00:00-04:00,32.360532117475685,32.47126007080078,32.3513062546895,32.47126007080078,393700,0.0,0.0,0.0
2019-10-24 00:00:00-04:00,32.58197757650614,32.58197757650614,32.44356505420233,32.56352233886719,630500,0.0,0.0,0.0
2019-10-25 00:00:00-04:00,32.48048088856521,32.74807659851672,32.45279626755065,32.692710876464844,710300,0.0,0.0,0.0
2019-10-28 00:00:00-04:00,32.83112957980063,32.92340228055093,32.812674335655,32.87726593017578,708200,0.0,0.0,0.0
2019-10-29 00:00:00-04:00,32.849571228027344,32.969528518190586,32.82189013028845,32.849571228027344,325800,0.0,0.0,0.0
2019-10-30 00:00:00-04:00,32.895716489628896,32.978763316468594,32.738848696719515,32.96030807495117,768400,0.0,0.0,0.0
2019-10-31 00:00:00-04:00,32.969528518190586,32.969528518190586,32.70193284012521,32.849571228027344,1145000,0.0,0.0,0.0
2019-11-01 00:00:00-04:00,33.03413188410681,33.18177032470703,33.02490602155971,33.18177032470703,783400,0.0,0.0,0.0
2019-11-04 00:00:00-05:00,33.36630908472748,33.37553494446236,33.24635178831206,33.2740364074707,1093800,0.0,0.0,0.0
2019-11-05 00:00:00-05:00,33.329392051656875,33.33862142955381,33.19098306298963,33.22789001464844,751800,0.0,0.0,0.0
2019-11-06 00:00:00-05:00,33.24635888782804,33.26481413121578,33.12640508577437,33.23713302612305,469900,0.0,0.0,0.0
2019-11-07 00:00:00-05:00,33.412452205939445,33.48627317871181,33.29249840515093,33.35708999633789,774600,0.0,0.0,0.0
2019-11-08 00:00:00-05:00,33.33863007777466,33.44013214111328,33.22789863414496,33.44013214111328,388600,0.0,0.0,0.0
2019-11-11 00:00:00-05:00,33.3017188042422,33.41244672526022,33.26480832391048,33.384765625,258200,0.0,0.0,0.0
2019-11-12 00:00:00-05:00,33.42167690050833,33.56008592507962,33.38476641929843,33.44013214111328,2124000,0.0,0.0,0.0
2019-11-13 00:00:00-05:00,33.36632119398538,33.523189026224564,33.31095545555185,33.48627853393555,531100,0.0,0.0,0.0
2019-11-14 00:00:00-05:00,33.44936257164373,33.53240940572417,33.384770980689815,33.513954162597656,420800,0.0,0.0,0.0
2019-11-15 00:00:00-05:00,33.670823417539665,33.781551361083984,33.60622830382947,33.781551361083984,518400,0.0,0.0,0.0
2019-11-18 00:00:00-05:00,33.74463351736844,33.84613557681543,33.69849717761356,33.79999923706055,347200,0.0,0.0,0.0
2019-11-19 00:00:00-05:00,33.89227600564731,33.89227600564731,33.726182346509006,33.818458557128906,275100,0.0,0.0,0.0
2019-11-20 00:00:00-05:00,33.763087427716954,33.82767900482566,33.53240221804957,33.70772171020508,515200,0.0,0.0,0.0
2019-11-21 00:00:00-05:00,33.726178341249,33.726178341249,33.57853994176794,33.66158676147461,443900,0.0,0.0,0.0
2019-11-22 00:00:00-05:00,33.72618321636746,33.74463845896744,33.60622589945643,33.73541259765625,513300,0.0,0.0,0.0
2019-11-25 00:00:00-05:00,33.855365934153305,34.02145959531657,33.855365934153305,34.01223373413086,295700,0.0,0.0,0.0
2019-11-26 00:00:00-05:00,34.0399117844752,34.1137327472498,33.9845495823715,34.0860481262207,2039700,0.0,0.0,0.0
2019-11-27 00:00:00-05:00,34.169091071312195,34.242912025708435,34.12295473480297,34.224456787109375,282700,0.0,0.0,0.0
2019-11-29 00:00:00-05:00,34.178326522063365,34.215237005818295,34.08605031267605,34.095279693603516,310200,0.0,0.0,0.0
2019-12-02 00:00:00-05:00,34.15064759040788,34.16910283536088,33.75387214384159,33.79077911376953,1356800,0.0,0.0,0.0
2019-12-03 00:00:00-05:00,33.46781505892897,33.587772369384766,33.32017664605161,33.587772369384766,668300,0.0,0.0,0.0
2019-12-04 00:00:00-05:00,33.735412828226586,33.85536662597985,33.680047100048256,33.77231979370117,302600,0.0,0.0,0.0
2019-12-05 00:00:00-05:00,33.86459679612641,33.86459679612641,33.68004788454432,33.82768630981445,432900,0.0,0.0,0.0
2019-12-06 00:00:00-05:00,34.067593414023044,34.17832485990273,34.05836755352172,34.12295913696289,561000,0.0,0.0,0.0
2019-12-09 00:00:00-05:00,34.10449658098363,34.15063291354916,34.002994537353516,34.002994537353516,350100,0.0,0.0,0.0
2019-12-10 00:00:00-05:00,34.03992577646978,34.07683627302901,33.92919780677078,33.97533416748047,732600,0.0,0.0,0.0
2019-12-11 00:00:00-05:00,34.03069165341682,34.10450910864184,33.984555303903946,34.07682800292969,925200,0.0,0.0,0.0
2019-12-12 00:00:00-05:00,34.067596007933375,34.436693815680876,34.039914904344464,34.325965881347656,451100,0.0,0.0,0.0
2019-12-13 00:00:00-05:00,34.3075147122634,34.492063638048485,34.23369373395818,34.344425201416016,310900,0.0,0.0,0.0
2019-12-16 00:00:00-05:00,34.55664686284959,34.67660416354736,34.55664686284959,34.602783203125,409900,0.0,0.0,0.0
2019-12-17 00:00:00-05:00,34.65815300775428,34.68583411118619,34.6027872809129,34.62124252319336,369500,0.0,0.0,0.0
2019-12-18 00:00:00-05:00,34.6489290755706,34.68583956593612,34.61201858520508,34.61201858520508,280200,0.0,0.0,0.0
2019-12-19 00:00:00-05:00,34.66737875610819,34.7873360705521,34.658152894986756,34.778106689453125,848200,0.0,0.0,0.0
2019-12-20 00:00:00-05:00,34.91535570277391,34.99881884257618,34.88753229775781,34.96172332763672,438800,0.188,0.0,0.0
2019-12-23 00:00:00-05:00,35.05446481793362,35.11938021182273,34.98027731247049,34.99882507324219,438100,0.0,0.0,0.0
2019-12-24 00:00:00-05:00,35.02664564918554,35.02664564918554,34.95245460460845,34.98027801513672,245500,0.0,0.0,0.0
2019-12-26 00:00:00-05:00,35.063732912296615,35.184288024902344,35.045185155521224,35.184288024902344,369100,0.0,0.0,0.0
2019-12-27 00:00:00-05:00,35.27702991327959,35.28630202367183,35.119375735626086,35.156471252441406,2036100,0.0,0.0,0.0
2019-12-30 00:00:00-05:00,35.20284166160132,35.21211731034977,34.906084578873525,34.98954772949219,2905100,0.0,0.0,0.0
2019-12-31 00:00:00-05:00,34.915362642272505,35.0915610668202,34.85971935880411,35.07301330566406,719300,0.0,0.0,0.0
2020-01-02 00:00:00-05:00,35.26775152614658,35.3697624206543,35.13792076499964,35.3697624206543,2746400,0.0,0.0,0.0
2020-01-03 00:00:00-05:00,35.03591117743462,35.25848073171967,34.989543552098624,35.14719772338867,810800,0.0,0.0,0.0
2020-01-06 00:00:00-05:00,34.952447382808394,35.26775218186598,34.87825989118348,35.258480072021484,591000,0.0,0.0,0.0
2020-01-07 00:00:00-05:00,35.24920028138179,35.258475927759015,35.1193695330812,35.16573715209961,395700,0.0,0.0,0.0
2020-01-08 00:00:00-05:00,35.19356473164605,35.50886953107459,35.19356473164605,35.35121536254883,723400,0.0,0.0,0.0
2020-01-09 00:00:00-05:00,35.55523472252898,35.610877990722656,35.48104369827074,35.610877990722656,463400,0.0,0.0,0.0
2020-01-10 00:00:00-05:00,35.69434703960013,35.703619150357646,35.45322970842476,35.508872985839844,697400,0.0,0.0,0.0
2020-01-13 00:00:00-05:00,35.60160720520446,35.777809143066406,35.545967467036036,35.777809143066406,496200,0.0,0.0,0.0
2020-01-14 00:00:00-05:00,35.74998614261598,35.84272493665594,35.647975237983665,35.712890625,742000,0.0,0.0,0.0
2020-01-15 00:00:00-05:00,35.72216728326731,35.88909357963583,35.694347413080344,35.78708267211914,430400,0.0,0.0,0.0
2020-01-16 00:00:00-05:00,35.935463980066764,36.10239028930664,35.92619186849728,36.10239028930664,584700,0.0,0.0,0.0
2020-01-17 00:00:00-05:00,36.19511413574219,36.222937536919495,36.08383114390053,36.19511413574219,971100,0.0,0.0,0.0
2020-01-21 00:00:00-05:00,36.08383943265108,36.21367020922661,36.07456732187712,36.13020706176758,1440500,0.0,0.0,0.0
2020-01-22 00:00:00-05:00,36.24149361679518,36.31568111585691,36.102387191822345,36.13020706176758,1122900,0.0,0.0,0.0
2020-01-23 00:00:00-05:00,36.05601128034575,36.2043897820088,35.9261805335934,36.19511413574219,869000,0.0,0.0,0.0
2020-01-24 00:00:00-05:00,36.2878647284821,36.2878647284821,35.71289475186257,35.85200119018555,962300,0.0,0.0,0.0
2020-01-27 00:00:00-05:00,35.2492089544858,35.462506422173206,35.19356921302251,35.28630447387695,1169500,0.0,0.0,0.0
2020-01-28 00:00:00-05:00,35.45322216913219,35.7592548234009,35.40685454995824,35.64796829223633,672500,0.0,0.0,0.0
2020-01-29 00:00:00-05:00,35.80563705387245,35.833456929204836,35.60161520110426,35.62016296386719,755600,0.0,0.0,0.0
2020-01-30 00:00:00-05:00,35.37903501190068,35.7592551528259,35.30484399044083,35.74070739746094,1316100,0.0,0.0,0.0
2020-01-31 00:00:00-05:00,35.65725009824112,35.67579785663924,34.989544946401544,35.110103607177734,2153100,0.0,0.0,0.0
2020-02-03 00:00:00-05:00,35.277033368797696,35.57379045714233,35.25848560857321,35.360496520996094,902500,0.0,0.0,0.0
2020-02-04 00:00:00-05:00,35.78708439397166,36.00037833012196,35.749988873521986,35.889095306396484,1260600,0.0,0.0,0.0
2020-02-05 00:00:00-05:00,36.25075703490131,36.324944516173424,36.074558671460366,36.306400299072266,923400,0.0,0.0,0.0
2020-02-06 00:00:00-05:00,36.426963806152344,36.454787213471064,36.30640867905668,36.426963806152344,912800,0.0,0.0,0.0
2020-02-07 00:00:00-05:00,36.30640861268382,36.380596110943735,36.176574299888195,36.241493225097656,1228300,0.0,0.0,0.0
2020-02-10 00:00:00-05:00,36.13948856635675,36.510433197021484,36.13021291645639,36.510433197021484,941600,0.0,0.0,0.0
2020-02-11 00:00:00-05:00,36.67736505296011,36.76082822653699,36.51971435710625,36.56608200073242,1016200,0.0,0.0,0.0
2020-02-12 00:00:00-05:00,36.74226311935274,36.825726253535336,36.695895497611914,36.80717849731445,1176500,0.0,0.0,0.0
2020-02-13 00:00:00-05:00,36.62171347620798,36.872099378503535,36.60316571721881,36.77009201049805,17852600,0.0,0.0,0.0
2020-02-14 00:00:00-05:00,36.81645726003343,36.82572937011719,36.677350845415525,36.82572937011719,1035000,0.0,0.0,0.0
2020-02-18 00:00:00-05:00,36.71445013459014,36.77936552471782,36.5660715946378,36.73299789428711,1326200,0.0,0.0,0.0
2020-02-19 00:00:00-05:00,36.85354998039096,36.98338073745478,36.816454467623345,36.89991760253906,1007000,0.0,0.0,0.0
2020-02-20 00:00:00-05:00,36.84427638716077,36.93701517424924,36.39914082200515,36.75154113769531,2767400,0.0,0.0,0.0
2020-02-21 00:00:00-05:00,36.60317724532514,36.6217250101559,36.27859666722351,36.38060760498047,1862800,0.0,0.0,0.0
2020-02-24 00:00:00-05:00,35.24920650685651,35.53669145574044,35.03591259160322,35.156471252441406,5996200,0.0,0.0,0.0
2020-02-25 00:00:00-05:00,35.32340680214501,35.40686996805159,33.997271798087155,34.10855484008789,7567900,0.0,0.0,0.0
2020-02-26 00:00:00-05:00,34.26620519320453,34.692793087433635,33.89525704488652,33.96944808959961,6233600,0.0,0.0,0.0
2020-02-27 00:00:00-05:00,33.30173974954731,33.77469523405224,32.44856404020559,32.45783615112305,9246000,0.0,0.0,0.0
2020-02-28 00:00:00-05:00,31.46555161852095,32.2909073946352,31.140974696775952,32.28163528442383,20646200,0.0,0.0,0.0
2020-03-02 00:00:00-05:00,32.50419979761853,33.719051361083984,32.11470750959595,33.719051361083984,9728100,0.0,0.0,0.0
2020-03-03 00:00:00-05:00,33.756150670373344,34.21983403926515,32.44856371160336,32.75459289550781,10964000,0.0,0.0,0.0
2020-03-04 00:00:00-05:00,33.385204651982946,34.14564514160156,33.08844756030854,34.14564514160156,5058000,0.0,0.0,0.0
2020-03-05 00:00:00-05:00,33.246092649144536,33.63558847774507,32.72676959450781,32.98643112182617,4368100,0.0,0.0,0.0
2020-03-06 00:00:00-05:00,31.957063375794668,32.569125404585236,31.651034130211418,32.448570251464844,5187500,0.0,0.0,0.0
2020-03-09 00:00:00-04:00,30.148693954605573,30.974053401291986,29.82411698057766,29.935400009155273,10590100,0.0,0.0,0.0
2020-03-10 00:00:00-04:00,31.038963765998034,31.456275939941406,29.833384257556357,31.456275939941406,9342500,0.0,0.0,0.0
2020-03-11 00:00:00-04:00,30.603099905465964,30.732930672378554,29.54590247475138,29.926122665405273,9939000,0.0,0.0,0.0
2020-03-12 00:00:00-04:00,27.80245663345776,29.026580543794225,24.77924061036009,27.01419448852539,9513400,0.0,0.0,0.0
2020-03-13 00:00:00-04:00,28.72982045833018,29.555178038970126,27.208939608989485,29.5459041595459,9880200,0.0,0.0,0.0
2020-03-16 00:00:00-04:00,26.337219271404955,27.987932969191274,25.548957062663963,26.09610366821289,7884500,0.0,0.0,0.0
2020-03-17 00:00:00-04:00,26.65251462724668,27.88591207690273,25.83643283562932,27.737533569335938,8819900,0.0,0.0,0.0
2020-03-18 00:00:00-04:00,25.91990177710711,26.79162526225345,24.87197634261447,26.281574249267578,7350000,0.0,0.0,0.0
2020-03-19 00:00:00-04:00,26.077553502073158,26.949276963961474,25.317111289617262,26.300121307373047,5691400,0.0,0.0,0.0
2020-03-20 00:00:00-04:00,26.587605749523828,26.78235192499861,25.06672479084234,25.11309242248535,5971000,0.0,0.0,0.0
2020-03-23 00:00:00-04:00,25.03654222462222,25.11122236968649,23.916340048658146,24.40176010131836,9345500,0.178,0.0,0.0
2020-03-24 00:00:00-04:00,25.680662687892145,26.763525812266884,25.643321720595967,26.726184844970703,4917400,0.0,0.0,0.0
2020-03-25 00:00:00-04:00,26.856881349312406,28.098440250154514,26.278108714247253,27.07158660888672,5868500,0.0,0.0,0.0
2020-03-26 00:00:00-04:00,27.379636105607574,28.80789598118382,27.314291196750563,28.649200439453125,8010100,0.0,0.0,0.0
2020-03-27 00:00:00-04:00,27.743699108158864,28.593186407565614,27.528993918312118,27.809045791625977,9619800,0.0,0.0,0.0
2020-03-30 00:00:00-04:00,28.014422291675398,28.761223900775796,27.818385756464366,28.695878982543945,8519600,0.0,0.0,0.0
2020-03-31 00:00:00-04:00,28.565186886602486,28.863907506614144,28.089100230765656,28.238460540771484,4716100,0.0,0.0,0.0
2020-04-01 00:00:00-04:00,27.202271212440298,27.566338517736348,26.744855050903762,26.987565994262695,6150000,0.0,0.0,0.0
2020-04-02 00:00:00-04:00,26.86620960073802,27.678355990549615,26.81019815415329,27.603675842285156,6947200,0.0,0.0,0.0
2020-04-03 00:00:00-04:00,27.49165821060456,27.75303785543985,26.88487996534482,27.2209415435791,2952900,0.0,0.0,0.0
2020-04-06 00:00:00-04:00,28.27580150821911,29.25597876518598,28.145109901578945,29.0599422454834,4602800,0.0,0.0,0.0
2020-04-07 00:00:00-04:00,30.077463083727277,30.170811944678704,29.041274346424824,29.050609588623047,9414500,0.0,0.0,0.0
2020-04-08 00:00:00-04:00,29.386667066255622,30.189480026251704,29.125287427570573,30.05879020690918,5084300,0.0,0.0,0.0
2020-04-09 00:00:00-04:00,30.42285678161359,30.833596736869808,30.19881453990889,30.506872177124023,25739600,0.0,0.0,0.0
2020-04-13 00:00:00-04:00,30.38551430317114,30.413521807635323,29.760067379099446,30.217483520507812,4121200,0.0,0.0,0.0
2020-04-14 00:00:00-04:00,30.814928980594903,31.207002048021035,30.684239145129837,31.1136531829834,4418800,0.0,0.0,0.0
2020-04-15 00:00:00-04:00,30.4321866810995,30.646895436409384,30.198811005443737,30.450857162475586,5151600,0.0,0.0,0.0
2020-04-16 00:00:00-04:00,30.590883809506952,30.693569675946794,30.22681832742401,30.609554290771484,6743500,0.0,0.0,0.0
2020-04-17 00:00:00-04:00,31.272337341863174,31.49637953444906,30.964279772186316,31.42169761657715,4606100,0.0,0.0,0.0
2020-04-20 00:00:00-04:00,30.982958047684722,31.384364554674804,30.852268219554134,30.88027572631836,7406400,0.0,0.0,0.0
2020-04-21 00:00:00-04:00,30.338843580519853,30.478870436842296,29.825417709055692,29.937437057495117,5143300,0.0,0.0,0.0
2020-04-22 00:00:00-04:00,30.525544062101666,30.796260744622746,30.366846725060388,30.59088897705078,3131300,0.0,0.0,0.0
2020-04-23 00:00:00-04:00,30.75891457491675,31.122980056941213,30.562879863215915,30.581546783447266,3502900,0.0,0.0,0.0
2020-04-24 00:00:00-04:00,30.768251271581498,31.094979386481995,30.534875572808524,31.029634475708008,2308100,0.0,0.0,0.0
2020-04-27 00:00:00-04:00,31.272345779862448,31.589736894397806,31.19766384183963,31.487051010131836,2105100,0.0,0.0,0.0
2020-04-28 00:00:00-04:00,31.89778481401747,31.944462796765052,31.29101020963019,31.337684631347656,3569300,0.0,0.0,0.0
2020-04-29 00:00:00-04:00,31.972473230936842,32.327205317886964,31.84178339917386,32.149837493896484,4308200,0.0,0.0,0.0
2020-04-30 00:00:00-04:00,31.991153422068027,32.037827867426195,31.63642122748849,31.841793060302734,3578500,0.0,0.0,0.0
2020-05-01 00:00:00-04:00,31.263012095923695,31.356360956757936,30.870939046152174,31.001628875732422,3567500,0.0,0.0,0.0
2020-05-04 00:00:00-04:00,30.786925033289798,31.1136531829834,30.618894227397305,31.1136531829834,2055000,0.0,0.0,0.0
2020-05-05 00:00:00-04:00,31.41238022522476,31.711100927452474,31.337698269151996,31.38437271118164,1985400,0.0,0.0,0.0
2020-05-06 00:00:00-04:00,31.57106404190522,31.627075491221195,31.160324096679688,31.160324096679688,2463200,0.0,0.0,0.0
2020-05-07 00:00:00-04:00,31.533721923828125,31.767097612574112,31.48704749828501,31.533721923828125,2480500,0.0,0.0,0.0
2020-05-08 00:00:00-04:00,31.916462282504373,32.10316357127958,31.785772448670993,32.06582260131836,2331600,0.0,0.0,0.0
2020-05-11 00:00:00-04:00,31.832449319431326,32.23385587469073,31.785774883919313,32.084495544433594,2160100,0.0,0.0,0.0
2020-05-12 00:00:00-04:00,32.21517845072573,32.25251941550641,31.42170253480343,31.4310359954834,4328000,0.0,0.0,0.0
2020-05-13 00:00:00-04:00,31.347027147373733,31.477716975504322,30.58155154069464,30.88027572631836,4560100,0.0,0.0,0.0
2020-05-14 00:00:00-04:00,30.590887415092602,31.253673553466797,30.30150026292908,31.253673553466797,4289100,0.0,0.0,0.0
2020-05-15 00:00:00-04:00,30.964293188161097,31.38437025562379,30.842940360585178,31.365699768066406,3216200,0.0,0.0,0.0
2020-05-18 00:00:00-04:00,32.103162054130166,32.52323904376443,32.093828592596395,32.34587478637695,2406800,0.0,0.0,0.0
2020-05-19 00:00:00-04:00,32.28051763876958,32.47655230596145,32.00980106348783,32.019134521484375,3542500,0.0,0.0,0.0
2020-05-20 00:00:00-04:00,32.439227286934056,32.663269560229885,32.41122333815875,32.551246643066406,2026000,0.0,0.0,0.0
2020-05-21 00:00:00-04:00,32.55123914648606,32.63525453449428,32.20584413402127,32.31786346435547,3188100,0.0,0.0,0.0
2020-05-22 00:00:00-04:00,32.308539823273854,32.411225724384906,32.14984245945731,32.392555236816406,2313100,0.0,0.0,0.0
2020-05-26 00:00:00-04:00,33.11133992142818,33.13001040163134,32.75660791962816,32.82195281982422,3994800,0.0,0.0,0.0
2020-05-27 00:00:00-04:00,33.139351234026755,33.28871154785156,32.560580463084484,33.28871154785156,3847400,0.0,0.0,0.0
2020-05-28 00:00:00-04:00,33.42873481742609,33.64344002297467,33.14868114311625,33.232696533203125,3920300,0.0,0.0,0.0
2020-05-29 00:00:00-04:00,33.16735602471831,33.44740973617386,32.85930192756041,33.35405731201172,3920200,0.0,0.0,0.0
2020-06-01 00:00:00-04:00,33.307376982502326,33.578093623088755,33.24203207767528,33.51274871826172,2170300,0.0,0.0,0.0
2020-06-02 00:00:00-04:00,33.62477012025001,33.79280090332031,33.46607279800342,33.79280090332031,2065500,0.0,0.0,0.0
2020-06-03 00:00:00-04:00,34.01684063543643,34.34356875095413,33.99817015217566,34.240882873535156,2429900,0.0,0.0,0.0
2020-06-04 00:00:00-04:00,34.12885776360777,34.32489246314942,33.90481556339592,34.13819122314453,2524100,0.0,0.0,0.0
2020-06-05 00:00:00-04:00,34.8196551087262,35.230398636075684,34.79165116314537,35.015689849853516,2804000,0.0,0.0,0.0
2020-06-08 00:00:00-04:00,35.13704749330981,35.463775634765625,35.06236911536875,35.463775634765625,2016400,0.0,0.0,0.0
2020-06-09 00:00:00-04:00,35.14638358381221,35.361088811114335,35.03436067832616,35.193058013916016,2734500,0.0,0.0,0.0
2020-06-10 00:00:00-04:00,35.249065813952704,35.361088719147396,34.91300778146084,34.98768615722656,3587200,0.0,0.0,0.0
2020-06-11 00:00:00-04:00,34.14753162322889,34.22220999000364,32.905971281196976,32.96198272705078,4935500,0.0,0.0,0.0
2020-06-12 00:00:00-04:00,33.81147116668599,33.895486557676186,32.74727858816378,33.382057189941406,7187500,0.0,0.0,0.0
2020-06-15 00:00:00-04:00,32.67259759724834,33.80213511667731,32.551241237655724,33.680782318115234,4998500,0.0,0.0,0.0
2020-06-16 00:00:00-04:00,34.61428106402239,34.61428106402239,33.75545674717482,34.324893951416016,5930500,0.0,0.0,0.0
2020-06-17 00:00:00-04:00,34.46492316930719,34.483593653444856,34.10085763119955,34.166202545166016,2372600,0.0,0.0,0.0
2020-06-18 00:00:00-04:00,34.01684333033113,34.25021904803353,33.951498414256925,34.20354461669922,1621500,0.0,0.0,0.0
2020-06-19 00:00:00-04:00,34.61428556926147,34.623619030417714,33.848809996317954,34.00750732421875,3070000,0.0,0.0,0.0
2020-06-22 00:00:00-04:00,33.92123179597787,34.268230678126926,33.79931675065676,34.230716705322266,3148400,0.168,0.0,0.0
2020-06-23 00:00:00-04:00,34.540196758045155,34.65273508310601,34.3432502172776,34.37138748168945,1843100,0.0,0.0,0.0
2020-06-24 00:00:00-04:00,34.13693337021352,34.211957733940565,33.28351021483464,33.50858688354492,2982000,0.0,0.0,0.0
2020-06-25 00:00:00-04:00,33.424179482159296,33.88371664063608,33.189722551361285,33.8555793762207,2399700,0.0,0.0,0.0
2020-06-26 00:00:00-04:00,33.724290666952406,33.7430476543903,32.99278604452225,33.04905700683594,3963700,0.0,0.0,0.0
2020-06-29 00:00:00-04:00,33.189717444008274,33.536712646484375,32.93650356840842,33.536712646484375,2988400,0.0,0.0,0.0
2020-06-30 00:00:00-04:00,33.499202674476365,34.16505940506508,33.480445693364636,33.99625015258789,2905600,0.0,0.0,0.0
2020-07-01 00:00:00-04:00,34.11817854245696,34.35263550741537,34.052530878470954,34.22134017944336,4180200,0.0,0.0,0.0
2020-07-02 00:00:00-04:00,34.62459379844633,34.77464965114301,34.32448924810984,34.380760192871094,1878000,0.0,0.0,0.0
2020-07-06 00:00:00-04:00,34.86843455484323,34.95283919187062,34.76527293430655,34.924705505371094,2742400,0.0,0.0,0.0
2020-07-07 00:00:00-04:00,34.75589504822476,34.98097168761699,34.53081483130384,34.5589485168457,2004800,0.0,0.0,0.0
2020-07-08 00:00:00-04:00,34.65273139787432,34.84029763804777,34.45578845558,34.83091735839844,1767200,0.0,0.0,0.0
2020-07-09 00:00:00-04:00,34.915323505877296,34.924703785934526,34.230709740373264,34.624595642089844,3238600,0.0,0.0,0.0
2020-07-10 00:00:00-04:00,34.60584324332389,35.0184861396254,34.46516765860381,34.99972915649414,3710800,0.0,0.0,0.0
2020-07-13 00:00:00-04:00,35.28107554771734,35.543669725089615,34.615218768097414,34.67148971557617,4002200,0.0,0.0,0.0
2020-07-14 00:00:00-04:00,34.50268422030795,35.17791777618363,34.38076560954788,35.149784088134766,4758200,0.0,0.0,0.0
2020-07-15 00:00:00-04:00,35.53429095806913,35.58118162753365,35.168538727705595,35.449886322021484,3182600,0.0,0.0,0.0
2020-07-16 00:00:00-04:00,35.22482202042581,35.39363135167221,35.15917434466666,35.33736038208008,3052200,0.0,0.0,0.0
2020-07-17 00:00:00-04:00,35.46864342227323,35.53429107524579,35.224809793736405,35.431129455566406,2499900,0.0,0.0,0.0
2020-07-20 00:00:00-04:00,35.42174682053869,35.81563267240959,35.32796191947787,35.72185134887695,1974300,0.0,0.0,0.0
2020-07-21 00:00:00-04:00,35.965684127247606,36.012578365486846,35.693716864111714,35.81563186645508,2321400,0.0,0.0,0.0
2020-07-22 00:00:00-04:00,35.768747483739006,36.040718372138286,35.75937078096225,36.0125846862793,1983500,0.0,0.0,0.0
2020-07-23 00:00:00-04:00,35.97507023362367,36.05009458740932,35.421751761530885,35.57180404663086,4221000,0.0,0.0,0.0
2020-07-24 00:00:00-04:00,35.36548244756268,35.46864406912345,35.17791618813663,35.34672546386719,2013100,0.0,0.0,0.0
2020-07-27 00:00:00-04:00,35.43112437581776,35.628070884028055,35.33734305002486,35.59993362426758,1964200,0.0,0.0,0.0
2020-07-28 00:00:00-04:00,35.524918614660066,35.65621393628426,35.346729040287926,35.38424301147461,1944700,0.0,0.0,0.0
2020-07-29 00:00:00-04:00,35.48740139909372,35.88128732795589,35.48740139909372,35.8062629699707,1764000,0.0,0.0,0.0
2020-07-30 00:00:00-04:00,35.45926468258806,35.73123198176888,35.21542749052842,35.70309829711914,4836700,0.0,0.0,0.0
2020-07-31 00:00:00-04:00,35.90943091639238,35.97507858276367,35.4030029950743,35.97507858276367,2882500,0.0,0.0,0.0
2020-08-03 00:00:00-04:00,36.172023350500154,36.31269897247664,36.11575238620362,36.21891403198242,2187200,0.0,0.0,0.0
2020-08-04 00:00:00-04:00,36.12512767769283,36.368961334228516,36.12512767769283,36.368961334228516,1493300,0.0,0.0,0.0
2020-08-05 00:00:00-04:00,36.5283922594698,36.62217360520778,36.490878290163,36.59403991699219,3890800,0.0,0.0,0.0
2020-08-06 00:00:00-04:00,36.51901016055259,36.87538569616965,36.49087647373742,36.828495025634766,1765600,0.0,0.0,0.0
2020-08-07 00:00:00-04:00,36.72532930940049,36.875381584899976,36.612790997157994,36.856624603271484,2092900,0.0,0.0,0.0
2020-08-10 00:00:00-04:00,36.90352195786416,36.98792660172768,36.68782199633051,36.96916961669922,2267000,0.0,0.0,0.0
2020-08-11 00:00:00-04:00,37.12859705568486,37.18486800297264,36.58465529782201,36.65968322753906,3576800,0.0,0.0,0.0
2020-08-12 00:00:00-04:00,36.96917205480333,37.26928025752163,36.95979535043526,37.16611862182617,1795300,0.0,0.0,0.0
2020-08-13 00:00:00-04:00,37.0910834104755,37.269272956324826,37.00667877758072,37.109840393066406,2767000,0.0,0.0,0.0
2020-08-14 00:00:00-04:00,37.053569505703045,37.17548810397842,36.97854515274572,37.11922073364258,1560000,0.0,0.0,0.0
2020-08-17 00:00:00-04:00,37.24113475921987,37.26927202116453,37.18486739038763,37.22237777709961,1905300,0.0,0.0,0.0
2020-08-18 00:00:00-04:00,37.27864052399118,37.35366843596976,37.091074321572464,37.31615447998047,2084400,0.0,0.0,0.0
2020-08-19 00:00:00-04:00,37.37243831568776,37.41933257011611,37.09109067676427,37.16611862182617,2349000,0.0,0.0,0.0
2020-08-20 00:00:00-04:00,36.941033636648854,37.334923142757276,36.941033636648854,37.27865219116211,972500,0.0,0.0,0.0
2020-08-21 00:00:00-04:00,37.25051365116373,37.42869960837454,37.203619408846,37.409942626953125,1332800,0.0,0.0,0.0
2020-08-24 00:00:00-04:00,37.68190305308895,37.78506463356595,37.58812174948845,37.77568435668945,1204900,0.0,0.0,0.0
2020-08-25 00:00:00-04:00,37.84134621325711,37.925750849245105,37.71943118824126,37.9069938659668,1494000,0.0,0.0,0.0
2020-08-26 00:00:00-04:00,37.9914069496057,38.3290255686295,37.9257592822988,38.3008918762207,823100,0.0,0.0,0.0
2020-08-27 00:00:00-04:00,38.41341804625805,38.55409361876673,38.188341423278274,38.37590408325195,1682200,0.0,0.0,0.0
2020-08-28 00:00:00-04:00,38.50720491394664,38.657257196080906,38.366529334277004,38.63850021362305,1963800,0.0,0.0,0.0
2020-08-31 00:00:00-04:00,38.59161436124652,38.71352939614081,38.47907245245773,38.49782943725586,2030200,0.0,0.0,0.0
2020-09-01 00:00:00-04:00,38.59161159711571,38.8635789133863,38.48844997687947,38.84482192993164,2301800,0.0,0.0,0.0
2020-09-02 00:00:00-04:00,39.06990535623483,39.52006226345753,38.94798674255084,39.416900634765625,2073700,0.0,0.0,0.0
2020-09-03 00:00:00-04:00,39.219945185346816,39.276216122426966,37.756933019014554,38.04766082763672,5568300,0.0,0.0,0.0
2020-09-04 00:00:00-04:00,38.13206792042344,38.3196341453414,36.89413584450438,37.738182067871094,6967200,0.0,0.0,0.0
2020-09-08 00:00:00-04:00,37.091078885676794,37.24113115057033,36.6784360516016,36.71595001220703,4997700,0.0,0.0,0.0
2020-09-09 00:00:00-04:00,37.203615390552464,37.72880008104256,37.091077091707454,37.447452545166016,4518800,0.0,0.0,0.0
2020-09-10 00:00:00-04:00,37.672538249568504,37.73818948208688,36.678443143996816,36.7816047668457,6477300,0.0,0.0,0.0
2020-09-11 00:00:00-04:00,37.006680944421575,37.11922284655667,36.47211943063082,36.819114685058594,6597400,0.0,0.0,0.0
2020-09-14 00:00:00-04:00,37.194251239594685,37.50373613775399,37.12860357832378,37.29741287231445,2097500,0.0,0.0,0.0
2020-09-15 00:00:00-04:00,37.59751988084242,37.69130123790183,37.36306291066444,37.484981536865234,1259800,0.0,0.0,0.0
2020-09-16 00:00:00-04:00,37.62564709387074,37.794456369534764,37.30678552623078,37.334922790527344,1948700,0.0,0.0,0.0
2020-09-17 00:00:00-04:00,36.762849877544,37.20362650365478,36.68782193755037,36.99730682373047,3093500,0.0,0.0,0.0
2020-09-18 00:00:00-04:00,37.10046384124249,37.10046384124249,36.29393147420025,36.58465576171875,3504400,0.0,0.0,0.0
2020-09-21 00:00:00-04:00,36.03861007862811,36.17982864379883,35.5961321843453,36.17982864379883,3739500,0.15,0.0,0.0
2020-09-22 00:00:00-04:00,36.330466570731126,36.603487263278105,36.05744587818415,36.5375862121582,1681700,0.0,0.0,0.0
2020-09-23 00:00:00-04:00,36.61290884342312,36.64115113164755,35.6338021498032,35.699703216552734,2603100,0.0,0.0,0.0
2020-09-24 00:00:00-04:00,35.5302361213556,36.151591430727265,35.379604640033314,35.784423828125,3505800,0.0,0.0,0.0
2020-09-25 00:00:00-04:00,35.690287944030366,36.45286199742462,35.58672810564292,36.35871505737305,2789000,0.0,0.0,0.0
2020-09-28 00:00:00-04:00,36.857677006590464,37.045963663890895,36.744700702604874,36.97064971923828,3184800,0.0,0.0,0.0
2020-09-29 00:00:00-04:00,36.951819159330995,37.02713669292458,36.68821497442879,36.772945404052734,2261500,0.0,0.0,0.0
2020-09-30 00:00:00-04:00,36.85768042727585,37.413134737073364,36.82943455298912,37.04596710205078,3560400,0.0,0.0,0.0
2020-10-01 00:00:00-04:00,37.35664969774412,37.47903891963331,37.06479958134325,37.27191925048828,3494200,0.0,0.0,0.0
2020-10-02 00:00:00-04:00,36.678801755027266,37.14952560791418,36.641142984875195,36.923580169677734,3514900,0.0,0.0,0.0
2020-10-05 00:00:00-04:00,37.16835629829185,37.601421396235345,37.16835629829185,37.58259201049805,3033200,0.0,0.0,0.0
2020-10-06 00:00:00-04:00,37.6108379003899,37.84619983519668,36.99889543335705,37.04596710205078,3443200,0.0,0.0,0.0
2020-10-07 00:00:00-04:00,37.39429175845868,37.78969794136114,37.39429175845868,37.68613815307617,2700400,0.0,0.0,0.0
2020-10-08 00:00:00-04:00,37.94033975787165,38.0344866781238,37.82736704490686,38.02507019042969,1744300,0.0,0.0,0.0
2020-10-09 00:00:00-04:00,38.2416091503338,38.420486533222245,38.15687870352833,38.38282775878906,3607700,0.0,0.0,0.0
2020-10-12 00:00:00-04:00,38.655848305835754,39.16422739295524,38.62760242947362,38.9759407043457,1947000,0.0,0.0,0.0
2020-10-13 00:00:00-04:00,38.95710440964949,38.97593379343944,38.6464249641219,38.73115539550781,2100800,0.0,0.0,0.0
2020-10-14 00:00:00-04:00,38.8158867379466,38.92885945200016,38.41106395530535,38.505210876464844,2203900,0.0,0.0,0.0
2020-10-15 00:00:00-04:00,38.00624505771659,38.495798323775304,37.968589876741454,38.448726654052734,3271000,0.0,0.0,0.0
2020-10-16 00:00:00-04:00,38.60876930588567,38.797059567611335,38.40165325019168,38.42048263549805,1701100,0.0,0.0,0.0
2020-10-19 00:00:00-04:00,38.56169776256626,38.646428201048984,37.74263925145869,37.827369689941406,2384000,0.0,0.0,0.0
2020-10-20 00:00:00-04:00,38.006235252158454,38.36398631415941,37.893262555703465,37.996822357177734,3859800,0.0,0.0,0.0
2020-10-21 00:00:00-04:00,37.97799697648818,38.232188263791414,37.883853651414825,37.902679443359375,2238100,0.0,0.0,0.0
2020-10-22 00:00:00-04:00,37.93092261655372,38.19452678108345,37.69556072927008,38.138038635253906,2049100,0.0,0.0,0.0
2020-10-23 00:00:00-04:00,38.26984968498459,38.27926258160981,37.96858671424725,38.260433197021484,1935600,0.0,0.0,0.0
2020-10-26 00:00:00-04:00,37.86502745524318,37.94034140337354,37.14011229888155,37.55434799194336,2962200,0.0,0.0,0.0
2020-10-27 00:00:00-04:00,37.582592821179205,37.62966808220695,37.394306142420994,37.41313552856445,1710000,0.0,0.0,0.0
2020-10-28 00:00:00-04:00,36.75411619860512,36.82001724514974,36.07627275833166,36.12334442138672,3939900,0.0,0.0,0.0
2020-10-29 00:00:00-04:00,36.189249818475965,36.87650623744492,35.96330437211423,36.509342193603516,3701500,0.0,0.0,0.0
2020-10-30 00:00:00-04:00,36.30221611320844,36.46226046092926,35.699686709425876,36.132755279541016,4269200,0.0,0.0,0.0
2020-11-02 00:00:00-05:00,36.50934211358597,36.763533433689396,36.208079124871865,36.547000885009766,3363100,0.0,0.0,0.0
2020-11-03 00:00:00-05:00,36.93299789005103,37.42255119195036,36.86709682934712,37.17777633666992,2928300,0.0,0.0,0.0
2020-11-04 00:00:00-05:00,37.72380925085292,38.48638318476054,37.58259065857219,38.01565933227539,4642500,0.0,0.0,0.0
2020-11-05 00:00:00-05:00,38.646422894014684,38.95710232290064,38.599351232730086,38.759395599365234,3745600,0.0,0.0,0.0
2020-11-06 00:00:00-05:00,38.72175212398098,38.881796538969674,38.467560766641306,38.74058151245117,2059300,0.0,0.0,0.0
2020-11-09 00:00:00-05:00,40.27512329428665,40.30336916167193,39.183044327269805,39.239532470703125,5753700,0.0,0.0,0.0
2020-11-10 00:00:00-05:00,39.11714724064012,39.296024583914296,38.79705491152263,39.16421890258789,3273000,0.0,0.0,0.0
2020-11-11 00:00:00-05:00,39.41841114148407,39.55962972208552,39.28660904830283,39.47489929199219,1939500,0.0,0.0,0.0
2020-11-12 00:00:00-05:00,39.32427669845422,39.4372494336527,38.872382166321785,39.09832763671875,2337200,0.0,0.0,0.0
2020-11-13 00:00:00-05:00,39.305449261943544,39.710272140451494,39.248961095870804,39.62554168701172,1606300,0.0,0.0,0.0
2020-11-16 00:00:00-05:00,39.95504147086866,40.105672968171774,39.79499707619454,40.09626007080078,1970300,0.0,0.0,0.0
2020-11-17 00:00:00-05:00,39.83265647430082,40.03977254176095,39.65377909939741,39.9079704284668,2306700,0.0,0.0,0.0
2020-11-18 00:00:00-05:00,39.92679383690529,40.002111371132784,39.41841125488281,39.41841125488281,2228900,0.0,0.0,0.0
2020-11-19 00:00:00-05:00,39.36192433104924,39.63494139787931,39.201876376098866,39.597286224365234,1686100,0.0,0.0,0.0
2020-11-20 00:00:00-05:00,39.56904698563876,39.57846347409831,39.31485566730217,39.32427215576172,1127600,0.0,0.0,0.0
2020-11-23 00:00:00-05:00,39.54080577626138,39.69143727366028,39.267785064932696,39.559635162353516,1982300,0.0,0.0,0.0
2020-11-24 00:00:00-05:00,39.842062781043104,40.25629843877767,39.7573323520363,40.18098449707031,4920000,0.0,0.0,0.0
2020-11-25 00:00:00-05:00,40.19981777561867,40.19981777561867,40.011527516098845,40.14332962036133,1372400,0.0,0.0,0.0
2020-11-27 00:00:00-05:00,40.26571662944371,40.2939589098615,40.133914532376956,40.228057861328125,661900,0.0,0.0,0.0
2020-11-30 00:00:00-05:00,40.15274652993252,40.180988812188566,39.74792372468501,40.04918670654297,1702700,0.0,0.0,0.0
2020-12-01 00:00:00-05:00,40.46342256445719,40.68937159738907,40.37869212602499,40.510494232177734,2408200,0.0,0.0,0.0
2020-12-02 00:00:00-05:00,40.378689978725944,40.60463899964208,40.3033760326458,40.576393127441406,1659900,0.0,0.0,0.0
2020-12-03 00:00:00-05:00,40.576393127441406,40.74585399529404,40.45400751614394,40.576393127441406,2168200,0.0,0.0,0.0
2020-12-04 00:00:00-05:00,40.6422930043392,40.93414306640625,40.6422930043392,40.93414306640625,1756600,0.0,0.0,0.0
2020-12-07 00:00:00-05:00,40.84942063826616,40.90590880076711,40.6987891296021,40.85883712768555,1626200,0.0,0.0,0.0
2020-12-08 00:00:00-05:00,40.689369986455574,41.02829172676612,40.67995349848145,40.96238708496094,800600,0.0,0.0,0.0
2020-12-09 00:00:00-05:00,41.047113028790164,41.06594241134026,40.5010753001873,40.61404800415039,2066700,0.0,0.0,0.0
2020-12-10 00:00:00-05:00,40.444598590874925,40.708206429791055,40.33162585496146,40.59523010253906,1353400,0.0,0.0,0.0
2020-12-11 00:00:00-05:00,40.38810853537954,40.566982308902986,40.20923117051806,40.548152923583984,1118800,0.0,0.0,0.0
2020-12-14 00:00:00-05:00,40.8117577618284,40.92473407547657,40.34103389564197,40.35986328125,5525100,0.0,0.0,0.0
2020-12-15 00:00:00-05:00,40.67054473271802,40.905906677246094,40.50108384535075,40.905906677246094,1384200,0.0,0.0,0.0
2020-12-16 00:00:00-05:00,40.943559515881404,41.075361611099446,40.82117031689134,40.952972412109375,1124800,0.0,0.0,0.0
2020-12-17 00:00:00-05:00,41.15067661157279,41.216577660873966,41.06594617799444,41.2071647644043,1238800,0.0,0.0,0.0
2020-12-18 00:00:00-05:00,41.273058714352324,41.273058714352324,40.80233496240549,41.037696838378906,1770600,0.0,0.0,0.0
2020-12-21 00:00:00-05:00,40.57541368669354,40.991380178885315,40.24453452818858,40.915748596191406,2675000,0.181,0.0,0.0
2020-12-22 00:00:00-05:00,40.944116113591924,40.944116113591924,40.68886490733784,40.82121658325195,1858900,0.0,0.0,0.0
2020-12-23 00:00:00-05:00,40.944112964419055,41.08591677500062,40.830665588378906,40.830665588378906,2127500,0.0,0.0,0.0
2020-12-24 00:00:00-05:00,40.88739699701822,41.01974868774414,40.84012905123227,41.01974868774414,483800,0.0,0.0,0.0
2020-12-28 00:00:00-05:00,41.33171305064378,41.41679677382344,41.24662932746412,41.36007308959961,966000,0.0,0.0,0.0
2020-12-29 00:00:00-05:00,41.549152990854495,41.55860513610644,41.21827020603493,41.274993896484375,1635800,0.0,0.0,0.0
2020-12-30 00:00:00-05:00,41.388439205285515,41.454615043439965,41.29390332401136,41.34117126464844,858100,0.0,0.0,0.0
2020-12-31 00:00:00-05:00,41.341165995129046,41.62477720911393,41.26553802101213,41.55860137939453,1663300,0.0,0.0,0.0
2021-01-04 00:00:00-05:00,41.71932427931503,41.71932427931503,40.556515565878534,40.99138641357422,3208100,0.0,0.0,0.0
2021-01-05 00:00:00-05:00,40.925206821160906,41.38843767107069,40.925206821160906,41.274993896484375,1929300,0.0,0.0,0.0
2021-01-06 00:00:00-05:00,41.085917949040486,41.889487323881205,41.02919786571204,41.50188446044922,3306300,0.0,0.0,0.0
2021-01-07 00:00:00-05:00,41.79495172563199,42.220370421697005,41.78549957963626,42.11637878417969,1535100,0.0,0.0,0.0
2021-01-08 00:00:00-05:00,42.31490118822535,42.399984917146085,41.917846190803544,42.381080627441406,2278000,0.0,0.0,0.0
2021-01-11 00:00:00-05:00,41.99347477192559,42.29599750623342,41.98402262693744,42.1069221496582,3002500,0.0,0.0,0.0
2021-01-12 00:00:00-05:00,42.10692663818396,42.220370421697005,41.83276752224062,42.11637878417969,1769600,0.0,0.0,0.0
2021-01-13 00:00:00-05:00,42.09747015627716,42.333813471515754,42.002934272706845,42.20146179199219,1363900,0.0,0.0,0.0
2021-01-14 00:00:00-05:00,42.3149024988747,42.362174043537834,42.02183911731346,42.06910705566406,1756100,0.0,0.0,0.0
2021-01-15 00:00:00-05:00,41.851672293810616,41.965116068848296,41.53969740456626,41.7476806640625,1795300,0.0,0.0,0.0
2021-01-19 00:00:00-05:00,42.04074701391621,42.15419078722016,41.880031695949135,42.06910705566406,1916200,0.0,0.0,0.0
2021-01-20 00:00:00-05:00,42.362177257735745,42.76868804975715,42.31490570948592,42.67414855957031,2706900,0.0,0.0,0.0
2021-01-21 00:00:00-05:00,42.768691166507544,42.78759545960975,42.59852367808315,42.71196746826172,1729500,0.0,0.0,0.0
2021-01-22 00:00:00-05:00,42.48507394281623,42.69305721862183,42.447261752380285,42.54179763793945,1105700,0.0,0.0,0.0
2021-01-25 00:00:00-05:00,42.64578467965752,42.76868420268913,42.06910646348514,42.721412658691406,2272300,0.0,0.0,0.0
2021-01-26 00:00:00-05:00,42.834865481183286,42.882133424876464,42.63633434757126,42.645790100097656,1621500,0.0,0.0,0.0
2021-01-27 00:00:00-05:00,42.24872965141202,42.2581854035383,41.3506279403065,41.634239196777344,3592300,0.0,0.0,0.0
2021-01-28 00:00:00-05:00,41.83276000468761,42.456706111352496,41.785492070577526,41.97456741333008,3434900,0.0,0.0,0.0
2021-01-29 00:00:00-05:00,41.74767965346956,41.861123425761086,40.944113889743114,41.17100143432617,4629200,0.0,0.0,0.0
2021-02-01 00:00:00-05:00,41.530243869505355,41.94620676826543,41.29390057573686,41.82331085205078,2136800,0.0,0.0,0.0
2021-02-02 00:00:00-05:00,42.19201353905743,42.598524367280035,42.19201353905743,42.390541076660156,2603200,0.0,0.0,0.0
2021-02-03 00:00:00-05:00,42.52289206137525,42.64579160436295,42.3054566276666,42.4283561706543,2275200,0.0,0.0,0.0
2021-02-04 00:00:00-05:00,42.551247522538446,42.93885040283203,42.551247522538446,42.93885040283203,1953000,0.0,0.0,0.0
2021-02-05 00:00:00-05:00,43.175192253861425,43.175192253861425,42.9672126024387,43.10901641845703,1111600,0.0,0.0,0.0
2021-02-08 00:00:00-05:00,43.279183244747905,43.430442810058594,43.184647368795915,43.430442810058594,1317600,0.0,0.0,0.0
2021-02-09 00:00:00-05:00,43.326450328608956,43.449346233431996,43.26027089468068,43.37371826171875,1860300,0.0,0.0,0.0
2021-02-10 00:00:00-05:00,43.600608050812205,43.61006380171323,43.08065354693766,43.35481262207031,1976700,0.0,0.0,0.0
2021-02-11 00:00:00-05:00,43.48716649941729,43.53443443739329,43.13737943081991,43.430442810058594,1372200,0.0,0.0,0.0
2021-02-12 00:00:00-05:00,43.31700224003293,43.67624508657144,43.31700224003293,43.6573371887207,1541900,0.0,0.0,0.0
2021-02-16 00:00:00-05:00,43.78023674935413,43.818048938766815,43.53443768345143,43.610069274902344,1770600,0.0,0.0,0.0
2021-02-17 00:00:00-05:00,43.402088223176875,43.64788369533038,43.288644436514716,43.638431549072266,1965400,0.0,0.0,0.0
2021-02-18 00:00:00-05:00,43.326459474604,43.51553124695528,43.099568298944426,43.439903259277344,1957600,0.0,0.0,0.0
2021-02-19 00:00:00-05:00,43.60061640070402,43.610072153415906,43.3075529802698,43.36427307128906,2042400,0.0,0.0,0.0
2021-02-22 00:00:00-05:00,43.042842864990234,43.3170019726646,43.00503067583492,43.042842864990234,3084000,0.0,0.0,0.0
2021-02-23 00:00:00-05:00,42.77814105569885,43.241375551145964,42.267638617364376,43.06175231933594,5589900,0.0,0.0,0.0
2021-02-24 00:00:00-05:00,42.929403163606445,43.60061736852909,42.8348672722672,43.56280517578125,3406700,0.0,0.0,0.0
2021-02-25 00:00:00-05:00,43.39263344542692,43.56280091825704,42.33381281308109,42.52288818359375,6156000,0.0,0.0,0.0
2021-02-26 00:00:00-05:00,42.74977631283852,42.863220084562805,42.0501985735284,42.295997619628906,7005900,0.0,0.0,0.0
2021-03-01 00:00:00-05:00,42.88213275627252,43.45881103675149,42.87267700389355,43.298095703125,2104300,0.0,0.0,0.0
2021-03-02 00:00:00-05:00,43.354816225425495,43.3642683707998,42.93884970270372,42.97666549682617,4114200,0.0,0.0,0.0
2021-03-03 00:00:00-05:00,42.9010435501927,43.00503519550264,42.390541076660156,42.390541076660156,6202800,0.0,0.0,0.0
2021-03-04 00:00:00-05:00,42.37162153400903,42.674140633795105,41.35062047380908,41.870574951171875,8076300,0.0,0.0,0.0
2021-03-05 00:00:00-05:00,42.29600589848544,42.768692580556376,41.435716281368855,42.63633728027344,8263300,0.0,0.0,0.0
2021-03-08 00:00:00-05:00,42.76868887048052,43.09011593065829,42.40944601350232,42.447261810302734,5318200,0.0,0.0,0.0
2021-03-09 00:00:00-05:00,42.88213719648748,43.35482388761928,42.84432139568175,43.02394104003906,4359500,0.0,0.0,0.0
2021-03-10 00:00:00-05:00,43.33590856553997,43.51552817913576,43.165741097370216,43.30754852294922,5140500,0.0,0.0,0.0
2021-03-11 00:00:00-05:00,43.60061431926631,43.988217216750655,43.56280212916291,43.761329650878906,2378000,0.0,0.0,0.0
2021-03-12 00:00:00-05:00,43.58169947466497,43.8274985058803,43.496615749446164,43.81804275512695,3879200,0.0,0.0,0.0
2021-03-15 00:00:00-04:00,43.84641272791521,44.11111608620821,43.59116151542719,44.08275604248047,2956400,0.0,0.0,0.0
2021-03-16 00:00:00-04:00,44.158387881111985,44.234019479402605,43.92204454592345,44.035491943359375,3060000,0.0,0.0,0.0
2021-03-17 00:00:00-04:00,43.87477204680111,44.26237493203216,43.723512472230766,44.16783905029297,4077900,0.0,0.0,0.0
2021-03-18 00:00:00-04:00,43.86532349887745,44.11111897534653,43.45881268269501,43.506080627441406,4134300,0.0,0.0,0.0
2021-03-19 00:00:00-04:00,43.50607683955676,43.66678855896465,43.194101940029405,43.45880889892578,4767600,0.0,0.0,0.0
2021-03-22 00:00:00-04:00,43.50910267184896,43.955107732874396,43.50910267184896,43.79378890991211,2994800,0.173,0.0,0.0
2021-03-23 00:00:00-04:00,43.71787393367069,43.888684237595676,43.35727400094726,43.4616584777832,3207200,0.0,0.0,0.0
2021-03-24 00:00:00-04:00,43.61348520761269,43.8127626694644,43.224418135453575,43.233909606933594,3572100,0.0,0.0,0.0
2021-03-25 00:00:00-04:00,43.063099235496786,43.56603862488322,42.82586312806006,43.47114562988281,5363100,0.0,0.0,0.0
2021-03-26 00:00:00-04:00,43.62297753283026,44.21132207835547,43.547060239247244,44.163875579833984,3990100,0.0,0.0,0.0
2021-03-29 00:00:00-04:00,44.01203870912409,44.24927478984607,43.82224912055944,44.135398864746094,3480800,0.0,0.0,0.0
2021-03-30 00:00:00-04:00,44.01204560903588,44.10693860822723,43.84123531454274,44.03102493286133,3065200,0.0,0.0,0.0
2021-03-31 00:00:00-04:00,44.11643619391722,44.40111885087947,44.106944720721195,44.230308532714844,3843500,0.0,0.0,0.0
2021-04-01 00:00:00-04:00,44.42958008724016,44.695283382203556,44.42009223524971,44.676307678222656,2672800,0.0,0.0,0.0
2021-04-05 00:00:00-04:00,45.008436312442804,45.388015546821094,45.008436312442804,45.331077575683594,3230800,0.0,0.0,0.0
2021-04-06 00:00:00-04:00,45.274135085519696,45.42596604012887,45.23617644188352,45.283626556396484,2400300,0.0,0.0,0.0
2021-04-07 00:00:00-04:00,45.28362486375799,45.397497170474615,45.226686900432,45.3690299987793,1976500,0.0,0.0,0.0
2021-04-08 00:00:00-04:00,45.50187946045253,45.57779312133789,45.39749500929186,45.57779312133789,2199700,0.0,0.0,0.0
2021-04-09 00:00:00-04:00,45.54933508124997,45.919422849595385,45.53984722921318,45.909934997558594,2455100,0.0,0.0,0.0
2021-04-12 00:00:00-04:00,45.84350917349331,45.94789002564167,45.76759187745532,45.909934997558594,1804900,0.0,0.0,0.0
2021-04-13 00:00:00-04:00,45.919422354840215,46.128191296759404,45.86248800336107,46.033294677734375,2563500,0.0,0.0,0.0
2021-04-14 00:00:00-04:00,46.061765969698655,46.17563829381972,45.8340177015206,45.909934997558594,3655700,0.0,0.0,0.0
2021-04-15 00:00:00-04:00,46.16614525409959,46.42235704959754,46.15665378319344,46.40338134765625,2603900,0.0,0.0,0.0
2021-04-16 00:00:00-04:00,46.56469796404988,46.612144456542985,46.38439984460193,46.55521011352539,2020000,0.0,0.0,0.0
2021-04-19 00:00:00-04:00,46.441334752349626,46.488784865355065,46.16614364456912,46.3084831237793,3275700,0.0,0.0,0.0
2021-04-20 00:00:00-04:00,46.17562892214042,46.25154620277044,45.80554122890699,45.995330810546875,3091800,0.0,0.0,0.0
2021-04-21 00:00:00-04:00,45.890952407351975,46.43185043334961,45.890952407351975,46.43185043334961,1492100,0.0,0.0,0.0
2021-04-22 00:00:00-04:00,46.41286935224977,46.48878664000822,45.871971346745106,45.985843658447266,2834800,0.0,0.0,0.0
2021-04-23 00:00:00-04:00,46.071250051408484,46.650106716550624,46.052270728952195,46.49827575683594,1308400,0.0,0.0,0.0
2021-04-26 00:00:00-04:00,46.555216538212925,46.65959738812833,46.52674574283977,46.574195861816406,1481700,0.0,0.0,0.0
2021-04-27 00:00:00-04:00,46.631130212691026,46.65010953629451,46.45083206836167,46.574195861816406,2252700,0.0,0.0,0.0
2021-04-28 00:00:00-04:00,46.602655907024285,46.73550753198648,46.52673862422572,46.564697265625,1354600,0.0,0.0,0.0
2021-04-29 00:00:00-04:00,46.90632991406163,46.92530923966355,46.46032481225701,46.84939193725586,2095000,0.0,0.0,0.0
2021-04-30 00:00:00-04:00,46.58368612552078,46.688070600776534,46.45083447335382,46.53623962402344,1991000,0.0,0.0,0.0
2021-05-03 00:00:00-04:00,46.79244832545446,46.839894820106856,46.60265872690935,46.64061737060547,1648000,0.0,0.0,0.0
2021-05-04 00:00:00-04:00,46.41287160704957,46.469809575634535,45.938399395315294,46.36542510986328,2934500,0.0,0.0,0.0
2021-05-05 00:00:00-04:00,46.583680683731096,46.59316853494781,46.29899808806696,46.384403228759766,1940200,0.0,0.0,0.0
2021-05-06 00:00:00-04:00,46.403385278752594,46.76398156515332,46.156657693388084,46.754493713378906,2604600,0.0,0.0,0.0
2021-05-07 00:00:00-04:00,46.85887949717451,47.172029293616774,46.773474349065545,47.08662414550781,2468700,0.0,0.0,0.0
2021-05-10 00:00:00-04:00,47.12457406232156,47.15304123310486,46.62163473882865,46.63112258911133,1943200,0.0,0.0,0.0
2021-05-11 00:00:00-04:00,46.09972281994095,46.3274674593016,45.74861076936163,46.232574462890625,4380500,0.0,0.0,0.0
2021-05-12 00:00:00-04:00,45.88146521190774,46.023808335145475,45.16975683559106,45.24567413330078,4716400,0.0,0.0,0.0
2021-05-13 00:00:00-04:00,45.42596590139605,46.004822545305515,45.416478050483725,45.75809860229492,3709100,0.0,0.0,0.0
2021-05-14 00:00:00-04:00,46.099722732627896,46.58368280530449,46.099722732627896,46.469810485839844,1751600,0.0,0.0,0.0
2021-05-17 00:00:00-04:00,46.327463156077236,46.45082693590122,46.12818571016303,46.35593032836914,1979300,0.0,0.0,0.0
2021-05-18 00:00:00-04:00,46.403382206641524,46.422357908934075,45.94788571303768,45.976356506347656,1534500,0.0,0.0,0.0
2021-05-19 00:00:00-04:00,45.40698420854302,45.86248066712952,45.217198240723164,45.852989196777344,4209400,0.0,0.0,0.0
2021-05-20 00:00:00-04:00,45.9573843893623,46.47930316268815,45.9289172115248,46.33696365356445,1924300,0.0,0.0,0.0
2021-05-21 00:00:00-04:00,46.52674493057823,46.65010872187929,46.242062321367605,46.28950881958008,2287500,0.0,0.0,0.0
2021-05-24 00:00:00-04:00,46.56470409846832,46.89683320960999,46.536236923209266,46.754493713378906,1203800,0.0,0.0,0.0
2021-05-25 00:00:00-04:00,46.90632255922026,46.93478973319142,46.60266063707568,46.66908645629883,1990300,0.0,0.0,0.0
2021-05-26 00:00:00-04:00,46.74499391597973,46.820911196396764,46.61214229518509,46.763973236083984,1148900,0.0,0.0,0.0
2021-05-27 00:00:00-04:00,46.88734727253254,46.93479377321376,46.76398347481258,46.782962799072266,1314000,0.0,0.0,0.0
2021-05-28 00:00:00-04:00,46.97275574370025,47.00122292213502,46.83990408442301,46.84939193725586,1939100,0.0,0.0,0.0
2021-06-01 00:00:00-04:00,47.15304744007553,47.15304744007553,46.77347183990372,46.830406188964844,1899600,0.0,0.0,0.0
2021-06-02 00:00:00-04:00,46.90632629394531,46.99173144259449,46.78296249702185,46.90632629394531,1328300,0.0,0.0,0.0
2021-06-03 00:00:00-04:00,46.62164257250312,46.8588786887199,46.45083227923217,46.74500274658203,1756900,0.0,0.0,0.0
2021-06-04 00:00:00-04:00,46.9632596713664,47.18151644768491,46.944280349086235,47.153045654296875,1237700,0.0,0.0,0.0
2021-06-07 00:00:00-04:00,47.162537115606405,47.162537115606405,47.00121468622631,47.09611129760742,1032200,0.0,0.0,0.0
2021-06-08 00:00:00-04:00,47.219466433305215,47.219466433305215,46.9063166989391,47.11508560180664,1142700,0.0,0.0,0.0
2021-06-09 00:00:00-04:00,47.200495554899256,47.21947125715737,47.020193804027016,47.0391731262207,2124200,0.0,0.0,0.0
2021-06-10 00:00:00-04:00,47.181516856038186,47.37130284061125,47.03917374767277,47.26692199707031,1114900,0.0,0.0,0.0
2021-06-11 00:00:00-04:00,47.342835171711805,47.35232664280255,47.18151636252495,47.33334732055664,1098000,0.0,0.0,0.0
2021-06-14 00:00:00-04:00,47.361810203337775,47.456703186035156,47.20997925906082,47.456703186035156,1246800,0.0,0.0,0.0
2021-06-15 00:00:00-04:00,47.48517184700672,47.48517184700672,47.257423630838524,47.37129592895508,1242900,0.0,0.0,0.0
2021-06-16 00:00:00-04:00,47.39027720200298,47.39027720200298,46.84937923873531,47.105594635009766,2054800,0.0,0.0,0.0
2021-06-17 00:00:00-04:00,47.058156969450124,47.19100861763387,46.79245367308264,47.08662414550781,1508400,0.0,0.0,0.0
2021-06-18 00:00:00-04:00,46.70704710382212,46.754493602453245,46.43185234385145,46.46031951904297,2206200,0.0,0.0,0.0
2021-06-21 00:00:00-04:00,46.66694370042066,47.13351953239891,46.56220559705757,47.11447525024414,2741700,0.167,0.0,0.0
2021-06-22 00:00:00-04:00,47.123997219680916,47.45726306251784,47.028775812923755,47.36204528808594,1428700,0.0,0.0,0.0
2021-06-23 00:00:00-04:00,47.37156689711718,47.466784674130984,47.304913726742434,47.31443405151367,1110500,0.0,0.0,0.0
2021-06-24 00:00:00-04:00,47.54295468537363,47.63817244813524,47.53343072970257,47.5810432434082,1028400,0.0,0.0,0.0
2021-06-25 00:00:00-04:00,47.6857895515369,47.800051604313374,47.63817703324863,47.7333984375,942000,0.0,0.0,0.0
2021-06-28 00:00:00-04:00,47.80957266237844,47.866705505806166,47.676266326705644,47.857181549072266,1127800,0.0,0.0,0.0
2021-06-29 00:00:00-04:00,47.91431307906333,47.96192196445209,47.8190953082858,47.876224517822266,810600,0.0,0.0,0.0
2021-06-30 00:00:00-04:00,47.82862196807287,47.9904965586276,47.82862196807287,47.92384338378906,1831700,0.0,0.0,0.0
2021-07-01 00:00:00-04:00,48.0190614733246,48.19045639038086,48.00001719005994,48.19045639038086,1471600,0.0,0.0,0.0
2021-07-02 00:00:00-04:00,48.323760300112454,48.590372987699965,48.285671735506966,48.55228805541992,2292600,0.0,0.0,0.0
2021-07-06 00:00:00-04:00,48.54275921315384,48.57132381757073,48.13331626566152,48.457061767578125,1269100,0.0,0.0,0.0
2021-07-07 00:00:00-04:00,48.54275620406887,48.66654220274386,48.30470816248419,48.637977600097656,1299600,0.0,0.0,0.0
2021-07-08 00:00:00-04:00,47.980965010061674,48.33327511166033,47.86670296160468,48.24757766723633,1845700,0.0,0.0,0.0
2021-07-09 00:00:00-04:00,48.39994050719531,48.78081528049461,48.390416549275564,48.75225067138672,1298800,0.0,0.0,0.0
2021-07-12 00:00:00-04:00,48.73320071165734,48.95220449806917,48.695112149066084,48.942684173583984,1327200,0.0,0.0,0.0
2021-07-13 00:00:00-04:00,48.847460660614914,49.00933522848447,48.73319861009383,48.78080749511719,1747600,0.0,0.0,0.0
2021-07-14 00:00:00-04:00,48.9712388965116,49.02837172886854,48.68558199937593,48.83793258666992,1283200,0.0,0.0,0.0
2021-07-15 00:00:00-04:00,48.66654702791055,48.75224447667072,48.447543243817954,48.67606735229492,1731900,0.0,0.0,0.0
2021-07-16 00:00:00-04:00,48.79984960075043,48.80936992440077,48.23805606493172,48.295188903808594,2453500,0.0,0.0,0.0
2021-07-19 00:00:00-04:00,47.714362359418246,47.76197125356598,47.23826615328927,47.56201171875,3032500,0.0,0.0,0.0
2021-07-20 00:00:00-04:00,47.66675233120001,48.40946123274669,47.562010587171486,48.257110595703125,4570300,0.0,0.0,0.0
2021-07-21 00:00:00-04:00,48.38089022767008,48.66654718032351,48.38089022767008,48.64750289916992,3974700,0.0,0.0,0.0
2021-07-22 00:00:00-04:00,48.67606707808978,48.78080880735386,48.55228470016422,48.76176452636719,990500,0.0,0.0,0.0
2021-07-23 00:00:00-04:00,48.99029457542077,49.28547186381662,48.904597123103336,49.24738693237305,1376800,0.0,0.0,0.0
2021-07-26 00:00:00-04:00,49.190256302744814,49.37117154030947,49.1712120200024,49.35213088989258,1438900,0.0,0.0,0.0
2021-07-27 00:00:00-04:00,49.247382044502736,49.247382044502736,48.809370869283896,49.15216064453125,3433700,0.0,0.0,0.0
2021-07-28 00:00:00-04:00,49.22833907829396,49.29499224389032,48.961722783583454,49.13311767578125,1884700,0.0,0.0,0.0
2021-07-29 00:00:00-04:00,49.24738150585675,49.456861318852816,49.24738150585675,49.32355499267578,1291400,0.0,0.0,0.0
2021-07-30 00:00:00-04:00,49.028382383572804,49.25690649801373,49.00933810198184,49.095035552978516,1320500,0.0,0.0,0.0
2021-08-02 00:00:00-04:00,49.30451698579053,49.352129507475645,48.95220684573833,48.99029541015625,1608400,0.0,0.0,0.0
2021-08-03 00:00:00-04:00,49.08550549086639,49.39020669377305,48.81889284640428,49.37116241455078,1347800,0.0,0.0,0.0
2021-08-04 00:00:00-04:00,49.23785808834309,49.30451125216062,49.1235960407023,49.15216064453125,2115300,0.0,0.0,0.0
2021-08-05 00:00:00-04:00,49.294989971176555,49.46638485547229,49.256901411927515,49.43781661987305,1956000,0.0,0.0,0.0
2021-08-06 00:00:00-04:00,49.504479460514574,49.580652955990494,49.46639089661392,49.542564392089844,1011100,0.0,0.0,0.0
2021-08-09 00:00:00-04:00,49.51399877920887,49.561607666954586,49.418781003717434,49.504478454589844,1095200,0.0,0.0,0.0
2021-08-10 00:00:00-04:00,49.56161117553711,49.647308632476246,49.46639339330498,49.56161117553711,4482700,0.0,0.0,0.0
2021-08-11 00:00:00-04:00,49.69491974253661,49.69491974253661,49.552093062811025,49.66635513305664,884200,0.0,0.0,0.0
2021-08-12 00:00:00-04:00,49.666350760063494,49.84726599138375,49.561609024758205,49.837745666503906,941600,0.0,0.0,0.0
2021-08-13 00:00:00-04:00,49.89487558064722,49.932960510253906,49.83774273774941,49.932960510253906,885800,0.0,0.0,0.0
2021-08-16 00:00:00-04:00,49.752053783095604,50.05675506591797,49.5806588574673,50.05675506591797,1197700,0.0,0.0,0.0
2021-08-17 00:00:00-04:00,49.74252447489519,49.81869796568286,49.36164612398142,49.69491195678711,2158500,0.0,0.0,0.0
2021-08-18 00:00:00-04:00,49.599696022716934,49.7710909237452,49.13312020717882,49.18073272705078,4645100,0.0,0.0,0.0
2021-08-19 00:00:00-04:00,48.82841999556546,49.38069327323896,48.81889967078591,49.24738693237305,2765100,0.0,0.0,0.0
2021-08-20 00:00:00-04:00,49.29499704743568,49.67587179762555,49.228343875344315,49.637786865234375,1179900,0.0,0.0,0.0
2021-08-23 00:00:00-04:00,49.818706961692634,50.180541097166376,49.818706961692634,50.05675506591797,896800,0.0,0.0,0.0
2021-08-24 00:00:00-04:00,50.16149005195849,50.21862289690924,50.085312925357485,50.1519660949707,1259200,0.0,0.0,0.0
2021-08-25 00:00:00-04:00,50.19005191159385,50.32335824352502,50.13292270209484,50.24718475341797,955800,0.0,0.0,0.0
2021-08-26 00:00:00-04:00,50.24719456610086,50.25671489210153,49.95201360751854,49.9710578918457,1541000,0.0,0.0,0.0
2021-08-27 00:00:00-04:00,50.06627145011373,50.45667013669035,50.056747493283055,50.4090576171875,2052400,0.0,0.0,0.0
2021-08-30 00:00:00-04:00,50.475719029737796,50.72329109521681,50.46619870367746,50.61854934692383,1181600,0.0,0.0,0.0
2021-08-31 00:00:00-04:00,50.637588782544746,50.65663306516768,50.48523815388678,50.5518913269043,1647100,0.0,0.0,0.0
2021-09-01 00:00:00-04:00,50.68519635609778,50.73280524525544,50.56141033842752,50.5709342956543,1867100,0.0,0.0,0.0
2021-09-02 00:00:00-04:00,50.761372925717296,50.83754642106579,50.59949834557301,50.74232864379883,1172700,0.0,0.0,0.0
2021-09-03 00:00:00-04:00,50.63757926273633,50.78040953939365,50.56140214656581,50.71375274658203,2370000,0.0,0.0,0.0
2021-09-07 00:00:00-04:00,50.67567734779061,50.685197672939324,50.46619387126385,50.5518913269043,2476000,0.0,0.0,0.0
2021-09-08 00:00:00-04:00,50.46619018557427,50.56140795940941,50.25670672434668,50.494754791259766,2397500,0.0,0.0,0.0
2021-09-09 00:00:00-04:00,50.456666890953144,50.66614670752432,50.237659485838925,50.26622772216797,1673500,0.0,0.0,0.0
2021-09-10 00:00:00-04:00,50.47570742651056,50.542364222913434,49.85678466974113,49.88534927368164,2349200,0.0,0.0,0.0
2021-09-13 00:00:00-04:00,50.20910351218348,50.256712404481924,49.71396304116326,49.9805793762207,2134800,0.0,0.0,0.0
2021-09-14 00:00:00-04:00,50.17100928039379,50.19005356162793,49.6187396539048,49.733001708984375,3154900,0.0,0.0,0.0
2021-09-15 00:00:00-04:00,49.79013958209479,50.199582589174334,49.64730927457379,50.12340545654297,2263600,0.0,0.0,0.0
2021-09-16 00:00:00-04:00,50.08531338509541,50.19005511897056,49.71395897032013,50.0662727355957,1291700,0.0,0.0,0.0
2021-09-17 00:00:00-04:00,49.95200607937016,50.01865924830718,49.53304278429097,49.59017562866211,1550700,0.0,0.0,0.0
2021-09-20 00:00:00-04:00,48.83953016600025,49.03053414354003,48.171018066159974,48.7440299987793,2803900,0.154,0.0,0.0
2021-09-21 00:00:00-04:00,49.040083481660986,49.17378881823025,48.64852696088151,48.71537780761719,1775100,0.0,0.0,0.0
2021-09-22 00:00:00-04:00,48.99233798153565,49.422096067261926,48.86818483608178,49.18334197998047,1946900,0.0,0.0,0.0
2021-09-23 00:00:00-04:00,49.412544079978524,49.96645162964698,49.38389111418502,49.78499984741211,1649200,0.0,0.0,0.0
2021-09-24 00:00:00-04:00,49.58443721469735,49.9377958164728,49.565340097447766,49.87094497680664,2450700,0.0,0.0,0.0
2021-09-27 00:00:00-04:00,49.71814309165933,49.870945533043056,49.63219149068739,49.727691650390625,1324200,0.0,0.0,0.0
2021-09-28 00:00:00-04:00,49.374345020521886,49.41254654808936,48.63898200878986,48.72493362426758,2223700,0.0,0.0,0.0
2021-09-29 00:00:00-04:00,48.88727527852206,49.07827923663965,48.724924282135476,48.7822265625,3852400,0.0,0.0,0.0
2021-09-30 00:00:00-04:00,48.97323375651537,49.05918536758655,48.18057213716824,48.190120697021484,4511900,0.0,0.0,0.0
2021-10-01 00:00:00-04:00,48.41932717871625,48.96368617871919,47.98002055469599,48.772682189941406,3806600,0.0,0.0,0.0
2021-10-04 00:00:00-04:00,48.638976618237045,48.724928224188936,47.89406512871917,48.161468505859375,4162100,0.0,0.0,0.0
2021-10-05 00:00:00-04:00,48.34292412791682,48.9159360942733,48.22832319188475,48.648529052734375,3545200,0.0,0.0,0.0
2021-10-06 00:00:00-04:00,48.21877632800514,48.877736287241994,48.0277723325008,48.839534759521484,3907500,0.0,0.0,0.0
2021-10-07 00:00:00-04:00,49.24063836078436,49.6035419068525,49.211985396443744,49.250186920166016,1910300,0.0,0.0,0.0
2021-10-08 00:00:00-04:00,49.364793774799004,49.402995303107616,49.10693892336324,49.18334197998047,1577300,0.0,0.0,0.0
2021-10-11 00:00:00-04:00,49.116486909082745,49.45074114533321,48.82043055476238,48.82998275756836,1828700,0.0,0.0,0.0
2021-10-12 00:00:00-04:00,48.9445836871278,48.98278521215395,48.610329450893914,48.70582962036133,3808100,0.0,0.0,0.0
2021-10-13 00:00:00-04:00,48.82042579803,48.97322824015617,48.476619392471726,48.85862731933594,2708700,0.0,0.0,0.0
2021-10-14 00:00:00-04:00,49.307494552018284,49.71815186881456,49.25974446373694,49.68949890136719,3071900,0.0,0.0,0.0
2021-10-15 00:00:00-04:00,49.966449942791606,50.1192523971724,49.88049833450879,50.081050872802734,1263700,0.0,0.0,0.0
2021-10-18 00:00:00-04:00,49.87094864202938,50.262505150178654,49.79454559502572,50.243404388427734,2994100,0.0,0.0,0.0
2021-10-19 00:00:00-04:00,50.434411443270555,50.63496398925781,50.35800839160035,50.63496398925781,1710600,0.0,0.0,0.0
2021-10-20 00:00:00-04:00,50.654059632731524,50.845063599504854,50.654059632731524,50.79730987548828,1665900,0.0,0.0,0.0
2021-10-21 00:00:00-04:00,50.74955866801682,50.97876415167638,50.6922600294251,50.95966339111328,1706600,0.0,0.0,0.0
2021-10-22 00:00:00-04:00,50.91190719604492,51.064709619098466,50.65405242406135,50.91190719604492,1450100,0.0,0.0,0.0
2021-10-25 00:00:00-04:00,51.01696700240764,51.20797098355847,50.81641446159334,51.16977310180664,3011700,0.0,0.0,0.0
2021-10-26 00:00:00-04:00,51.351231006702605,51.504033481233925,51.17932776746758,51.217529296875,1825300,0.0,0.0,0.0
2021-10-27 00:00:00-04:00,51.28436808618532,51.341666723717516,50.988311767578125,50.988311767578125,2183600,0.0,0.0,0.0
2021-10-28 00:00:00-04:00,51.16977085796042,51.48492431640625,51.160218655617896,51.48492431640625,1751800,0.0,0.0,0.0
2021-10-29 00:00:00-04:00,51.19842169324173,51.61862753129844,51.16977237156223,51.56132888793945,2399800,0.0,0.0,0.0
2021-11-01 00:00:00-04:00,51.7141311751341,51.74278049672112,51.46582491105373,51.68547821044922,1840700,0.0,0.0,0.0
2021-11-02 00:00:00-04:00,51.685476502965685,51.91468199738338,51.67592794378474,51.8669319152832,2237000,0.0,0.0,0.0
2021-11-03 00:00:00-04:00,51.828738590118625,52.239395918709796,51.77143629667626,52.21074295043945,2563100,0.0,0.0,0.0
2021-11-04 00:00:00-04:00,52.26803856320806,52.45904254050433,52.22983703912923,52.43039321899414,2510500,0.0,0.0,0.0
2021-11-05 00:00:00-04:00,52.7168992973499,52.860149553253954,52.44949226208594,52.611846923828125,3405100,0.0,0.0,0.0
2021-11-08 00:00:00-05:00,52.76464403768484,52.81239411814919,52.59274083353507,52.65959167480469,1925700,0.0,0.0,0.0
2021-11-09 00:00:00-05:00,52.69779412946971,52.73599565175663,52.32533839491648,52.50679016113281,3720200,0.0,0.0,0.0
2021-11-10 00:00:00-05:00,52.287138532260634,52.49724326840987,51.89558202413565,52.086585998535156,2826300,0.0,0.0,0.0
2021-11-11 00:00:00-05:00,52.248932609461654,52.248932609461654,52.086581612905405,52.105682373046875,1631300,0.0,0.0,0.0
2021-11-12 00:00:00-05:00,52.24893971702063,52.55454463466138,52.124790223858945,52.487693786621094,1085500,0.0,0.0,0.0
2021-11-15 00:00:00-05:00,52.64049184603934,52.65004404815991,52.373088476226286,52.50679016113281,2039400,0.0,0.0,0.0
2021-11-16 00:00:00-05:00,52.47814637096748,52.85060214476907,52.46859416784032,52.69779968261719,2228400,0.0,0.0,0.0
2021-11-17 00:00:00-05:00,52.67869871968426,52.69779948276807,52.516347698118985,52.58319854736328,1684500,0.0,0.0,0.0
2021-11-18 00:00:00-05:00,52.71690597554418,52.79330539308505,52.382648049894826,52.76465606689453,2155100,0.0,0.0,0.0
2021-11-19 00:00:00-05:00,52.75509872663566,52.88880041740608,52.630945595306905,52.67869567871094,1601600,0.0,0.0,0.0
2021-11-22 00:00:00-05:00,52.88880173797136,53.184854448327116,52.4972452153251,52.5163459777832,1799200,0.0,0.0,0.0
2021-11-23 00:00:00-05:00,52.48768654654735,52.6882390630043,52.172533112557495,52.602291107177734,2776000,0.0,0.0,0.0
2021-11-24 00:00:00-05:00,52.363544494923644,52.73600026203767,52.258492120999584,52.72644805908203,2513700,0.0,0.0,0.0
2021-11-26 00:00:00-05:00,51.94333282673163,52.09613527974903,51.427623181636186,51.57087707519531,2659700,0.0,0.0,0.0
2021-11-29 00:00:00-05:00,52.12478810121524,52.40174004191916,51.86693327937544,52.1916389465332,1876700,0.0,0.0,0.0
2021-11-30 00:00:00-05:00,51.89559412049415,52.115247467168416,51.141130249461696,51.20798110961914,3890700,0.0,0.0,0.0
2021-12-01 00:00:00-05:00,51.82873493582554,52.19164214917636,50.577662273780724,50.61586380004883,3335200,0.0,0.0,0.0
2021-12-02 00:00:00-05:00,50.625407688179024,51.551774577652765,50.58720980853402,51.3798713684082,5303400,0.0,0.0,0.0
2021-12-03 00:00:00-05:00,51.58042229400561,51.69502685866959,50.42485359020921,50.9405632019043,5979900,0.0,0.0,0.0
2021-12-06 00:00:00-05:00,51.227072154223464,51.7523303742507,50.95011656150254,51.523128509521484,4411000,0.0,0.0,0.0
2021-12-07 00:00:00-05:00,52.18208980879944,52.65959795660046,52.16298904571563,52.58319854736328,2898300,0.0,0.0,0.0
2021-12-08 00:00:00-05:00,52.659592629788584,52.79329431475251,52.43993934119104,52.755096435546875,2688700,0.0,0.0,0.0
2021-12-09 00:00:00-05:00,52.60229375451114,52.688241714663235,52.3635397058282,52.392189025878906,3473700,0.0,0.0,0.0
2021-12-10 00:00:00-05:00,52.71690215851115,52.8888053894043,52.40174502084097,52.8888053894043,2933600,0.0,0.0,0.0
2021-12-13 00:00:00-05:00,52.793296970490324,52.85059925682786,52.38263969281599,52.420841217041016,2311700,0.0,0.0,0.0
2021-12-14 00:00:00-05:00,52.01972904396055,52.30623315035945,51.69502341854917,52.0388298034668,2577000,0.0,0.0,0.0
2021-12-15 00:00:00-05:00,52.05792785642232,52.89834307432961,51.76187518649285,52.869693756103516,3538600,0.0,0.0,0.0
2021-12-16 00:00:00-05:00,53.089357763762116,53.108458527473935,52.210740848509275,52.4017448425293,3366800,0.0,0.0,0.0
2021-12-17 00:00:00-05:00,52.029279296690284,52.38263425132066,51.63772282180326,51.85737609863281,5473000,0.0,0.0,0.0
2021-12-20 00:00:00-05:00,51.21799374469065,51.33302471058133,50.85372475314029,51.30426788330078,4484400,0.203,0.0,0.0
2021-12-21 00:00:00-05:00,51.7068765884526,52.214937015166164,51.43846979025791,52.20534896850586,4269700,0.0,0.0,0.0
2021-12-22 00:00:00-05:00,52.167000423102316,52.732574462890625,52.15741603388507,52.732574462890625,2494000,0.0,0.0,0.0
2021-12-23 00:00:00-05:00,52.83802846126882,53.221469905726366,52.83802846126882,53.05850601196289,2626700,0.0,0.0,0.0
2021-12-27 00:00:00-05:00,53.21187880838633,53.80621337890625,53.21187880838633,53.80621337890625,2393900,0.0,0.0,0.0
2021-12-28 00:00:00-05:00,53.854141946191994,53.9691729087411,53.66242123743123,53.748695373535156,3144400,0.0,0.0,0.0
2021-12-29 00:00:00-05:00,53.78704692733784,53.94042278204304,53.65284351156689,53.83497619628906,1859000,0.0,0.0,0.0
2021-12-30 00:00:00-05:00,53.86371985943853,53.99792689917169,53.61448552775567,53.68158721923828,2228300,0.0,0.0,0.0
2021-12-31 00:00:00-05:00,53.604905277650595,53.74869672703421,53.50904674924049,53.51863479614258,2645900,0.0,0.0,0.0
2022-01-03 00:00:00-05:00,53.68159490330907,53.86372756958008,53.41318809895843,53.86372756958008,3422000,0.0,0.0,0.0
2022-01-04 00:00:00-05:00,54.01709934961885,54.10337348121539,53.60490112718742,53.84455108642578,2883100,0.0,0.0,0.0
2022-01-05 00:00:00-05:00,53.787039313539374,53.88289783787261,52.78051018096719,52.7996826171875,3652000,0.0,0.0,0.0
2022-01-06 00:00:00-05:00,52.75175094604492,53.06809066601026,52.4737597561956,52.75175094604492,4308600,0.0,0.0,0.0
2022-01-07 00:00:00-05:00,52.761342532128694,52.8859578937154,52.37790108646699,52.55044937133789,3464700,0.0,0.0,0.0
2022-01-10 00:00:00-05:00,52.16700886937652,52.50252105459207,51.47681937417603,52.464176177978516,6008700,0.0,0.0,0.0
2022-01-11 00:00:00-05:00,52.45458776272081,52.953060150146484,52.09031877637736,52.953060150146484,6481300,0.0,0.0,0.0
2022-01-12 00:00:00-05:00,53.14477702941122,53.336497740367534,52.866785838131406,53.11602020263672,3360300,0.0,0.0,0.0
2022-01-13 00:00:00-05:00,53.221472001584274,53.2981580994345,52.243699570804665,52.37790298461914,4013000,0.0,0.0,0.0
2022-01-14 00:00:00-05:00,51.965695196379805,52.41623828048734,51.85066424224719,52.368309020996094,4151500,0.0,0.0,0.0
2022-01-18 00:00:00-05:00,51.8314966929449,51.841084739807826,51.33302430235808,51.448055267333984,6872900,0.0,0.0,0.0
2022-01-19 00:00:00-05:00,51.63977998922059,51.80274388762598,50.89207317367598,50.94000244140625,4901700,0.0,0.0,0.0
2022-01-20 00:00:00-05:00,51.13172265088704,51.71646921886872,50.3073260899141,50.374427795410156,5698500,0.0,0.0,0.0
2022-01-21 00:00:00-05:00,50.22105237433643,50.508631637024024,49.37748336791992,49.37748336791992,9519400,0.0,0.0,0.0
2022-01-24 00:00:00-05:00,48.68729222636895,49.63630412690019,47.44111302558312,49.5692024230957,18033100,0.0,0.0,0.0
2022-01-25 00:00:00-05:00,48.831077558455334,49.56919991979732,48.16006055429754,48.994041442871094,10486300,0.0,0.0,0.0
2022-01-26 00:00:00-05:00,49.70340571224624,50.04850227771462,48.35177993534081,48.859840393066406,9382400,0.0,0.0,0.0
2022-01-27 00:00:00-05:00,49.40623744119595,49.770502753494654,48.418877103206675,48.62018585205078,10306700,0.0,0.0,0.0
2022-01-28 00:00:00-05:00,48.76398300325231,49.82802963256836,48.23675371268884,49.82802963256836,6808800,0.0,0.0,0.0
2022-01-31 00:00:00-05:00,49.7417482319175,50.75786544247671,49.57878800414668,50.719520568847656,9717700,0.0,0.0,0.0
2022-02-01 00:00:00-05:00,50.824960054614685,51.14129607601531,50.393589428370284,51.10295486450195,6749300,0.0,0.0,0.0
2022-02-02 00:00:00-05:00,51.361784075765115,51.64936331261142,51.083789228880725,51.55350112915039,4513500,0.0,0.0,0.0
2022-02-03 00:00:00-05:00,50.853727781392685,51.064620945390985,50.259396822669586,50.374427795410156,5351800,0.0,0.0,0.0
2022-02-04 00:00:00-05:00,50.345665967260125,51.035859048707074,50.048498689021955,50.604488372802734,4477700,0.0,0.0,0.0
2022-02-07 00:00:00-05:00,50.69076604986967,50.83455384737237,50.26897973428383,50.4031867980957,3321700,0.0,0.0,0.0
2022-02-08 00:00:00-05:00,50.37442524049854,50.93999934154364,50.20187696175471,50.83455276489258,4226200,0.0,0.0,0.0
2022-02-09 00:00:00-05:00,51.323439433025484,51.620603061169135,51.30426699624712,51.57267379760742,5797900,0.0,0.0,0.0
2022-02-10 00:00:00-05:00,50.89207002453613,51.59184752904909,50.42235445359999,50.65242004394531,5123400,0.0,0.0,0.0
2022-02-11 00:00:00-05:00,50.65242256437938,50.911244995108525,49.492517478228095,49.66506576538086,5862500,0.0,0.0,0.0
2022-02-14 00:00:00-05:00,49.57879547169972,49.780100603420145,49.07073496151189,49.502105712890625,6618900,0.0,0.0,0.0
2022-02-15 00:00:00-05:00,50.00057131343514,50.3073229930391,49.971814486212416,50.268978118896484,3363800,0.0,0.0,0.0
2022-02-16 00:00:00-05:00,50.067668282209056,50.49903893361743,49.82801832662308,50.355247497558594,4252800,0.0,0.0,0.0
2022-02-17 00:00:00-05:00,49.9909913915206,50.02933261232172,49.20493968518144,49.29121017456055,4989700,0.0,0.0,0.0
2022-02-18 00:00:00-05:00,49.300798377841446,49.45417423183607,48.687294961862975,48.94611740112305,5619000,0.0,0.0,0.0
2022-02-22 00:00:00-05:00,48.70646547870784,49.089903270179185,48.01627233458329,48.428470611572266,6146500,0.0,0.0,0.0
2022-02-23 00:00:00-05:00,48.773569098214985,48.84067080577572,47.50821738882838,47.565731048583984,13954000,0.0,0.0,0.0
2022-02-24 00:00:00-05:00,46.31955364773403,48.332612269351344,46.290796816695455,48.26551055908203,17030200,0.0,0.0,0.0
2022-02-25 00:00:00-05:00,48.438057211901196,49.35831599830425,48.24634013580402,49.32955551147461,9471300,0.0,0.0,0.0
2022-02-28 00:00:00-05:00,48.7352195459753,49.39665216710349,48.56267126972126,49.21451950073242,12255900,0.0,0.0,0.0
2022-03-01 00:00:00-05:00,49.061143046340874,49.28162058395254,48.16964484912895,48.46681213378906,12446600,0.0,0.0,0.0
2022-03-02 00:00:00-05:00,48.74481122336446,49.550035414006906,48.65853707233959,49.35831832885742,7741500,0.0,0.0,0.0
2022-03-03 00:00:00-05:00,49.67464608255462,49.72257534577359,48.917351290682305,49.1378288269043,6436100,0.0,0.0,0.0
2022-03-04 00:00:00-05:00,48.69688273965621,48.850258604317766,48.23675514567155,48.74481201171875,5526800,0.0,0.0,0.0
2022-03-07 00:00:00-05:00,48.668117605445154,48.67770199551503,47.27814701213327,47.30690383911133,6213200,0.0,0.0,0.0
2022-03-08 00:00:00-05:00,47.30690184266014,48.1600587936115,46.798845084723766,46.95222091674805,8524900,0.0,0.0,0.0
2022-03-09 00:00:00-05:00,47.91082665419339,48.41888347440941,47.67117665873018,48.160064697265625,6298900,0.0,0.0,0.0
2022-03-10 00:00:00-05:00,47.65199853348269,48.07378481549388,47.40276417692286,47.987510681152344,4553400,0.0,0.0,0.0
2022-03-11 00:00:00-05:00,48.2750983670009,48.3326120287918,47.30691028347287,47.3740119934082,5614500,0.0,0.0,0.0
2022-03-14 00:00:00-04:00,47.431521786308586,47.85330441851897,46.88512014537554,47.02891159057617,6662900,0.0,0.0,0.0
2022-03-15 00:00:00-04:00,47.31649264342827,48.121716722620604,47.17270119269916,48.05461502075195,5058300,0.0,0.0,0.0
2022-03-16 00:00:00-04:00,48.466813217219666,49.109073407649674,47.89165107180434,49.089900970458984,6244600,0.0,0.0,0.0
2022-03-17 00:00:00-04:00,48.87901108374819,49.74174880981445,48.84066620967366,49.74174880981445,4968500,0.0,0.0,0.0
2022-03-18 00:00:00-04:00,49.55961976519467,50.30732658045219,49.454173182167324,50.24980926513672,3931400,0.0,0.0,0.0
2022-03-21 00:00:00-04:00,50.22768401445233,50.487333598889805,49.84302081667671,50.246917724609375,5058700,0.167,0.0,0.0
2022-03-22 00:00:00-04:00,50.429633654832664,50.948932835924715,50.429633654832664,50.833534240722656,3238900,0.0,0.0,0.0
2022-03-23 00:00:00-04:00,50.535412213688424,50.71813061211802,50.198831482562596,50.20844650268555,4123600,0.0,0.0,0.0
2022-03-24 00:00:00-04:00,50.42963544021347,50.939319618272904,50.304621819508334,50.92008590698242,3678700,0.0,0.0,0.0
2022-03-25 00:00:00-04:00,51.03549550541353,51.22782899131463,50.71814837186442,51.208595275878906,4832000,0.0,0.0,0.0
2022-03-28 00:00:00-04:00,51.12204110692455,51.55479049682617,50.900858900631675,51.55479049682617,3015400,0.0,0.0,0.0
2022-03-29 00:00:00-04:00,52.00676689542429,52.25679780598936,51.70864987227084,52.21833038330078,4204100,0.0,0.0,0.0
2022-03-30 00:00:00-04:00,52.0740854767344,52.15101665724,51.62210241022669,51.862518310546875,2724000,0.0,0.0,0.0
2022-03-31 00:00:00-04:00,51.79519937589958,51.88174924211431,51.07395171359527,51.09318542480469,3738200,0.0,0.0,0.0
2022-04-01 00:00:00-04:00,51.28552050098894,51.28552050098894,50.80468871081333,51.23743438720703,3016800,0.0,0.0,0.0
2022-04-04 00:00:00-04:00,51.26628813561455,51.67018508911133,51.16050455204478,51.67018508911133,2357000,0.0,0.0,0.0
2022-04-05 00:00:00-04:00,51.477850676891265,51.77596770972927,50.881620279670706,51.00663757324219,4880600,0.0,0.0,0.0
2022-04-06 00:00:00-04:00,50.545038161920566,50.76622034106463,50.16037126956676,50.51618576049805,3910400,0.0,0.0,0.0
2022-04-07 00:00:00-04:00,50.41040754937342,50.968174235831846,50.16999163316666,50.75660705566406,5717400,0.0,0.0,0.0
2022-04-08 00:00:00-04:00,50.65082368123015,50.9585594302643,50.43926016861737,50.62197494506836,4071400,0.0,0.0,0.0
2022-04-11 00:00:00-04:00,50.23731101341664,50.32386088921184,49.68915935440983,49.76609420776367,2229400,0.0,0.0,0.0
2022-04-12 00:00:00-04:00,50.093052534335435,50.40078456499093,49.391038610124134,49.573753356933594,3704900,0.0,0.0,0.0
2022-04-13 00:00:00-04:00,49.55452458703894,50.21807482491553,49.52567585268102,50.16037368774414,3680400,0.0,0.0,0.0
2022-04-14 00:00:00-04:00,50.150757541737896,50.29500487875002,49.50644103069296,49.5352897644043,3571800,0.0,0.0,0.0
2022-04-18 00:00:00-04:00,49.419895122679655,49.73724589276548,49.27564777410444,49.51606369018555,3628100,0.0,0.0,0.0
2022-04-19 00:00:00-04:00,49.50644387133054,50.42002506531631,49.50644387133054,50.32386016845703,3031200,0.0,0.0,0.0
2022-04-20 00:00:00-04:00,50.50657297404347,50.61235655754474,50.16037348929587,50.27577209472656,3804600,0.0,0.0,0.0
2022-04-21 00:00:00-04:00,50.70852050619747,50.89123526709757,49.43912486473622,49.55452346801758,4810400,0.0,0.0,0.0
2022-04-22 00:00:00-04:00,49.41989108325565,49.439124795184725,48.121646709914316,48.179344177246094,4639400,0.0,0.0,0.0
2022-04-25 00:00:00-04:00,47.900471797688695,48.47746856933915,47.371553810477096,48.46785354614258,5581600,0.0,0.0,0.0
2022-04-26 00:00:00-04:00,48.150496975228315,48.17934570981187,47.06381606162903,47.08304977416992,6541900,0.0,0.0,0.0
2022-04-27 00:00:00-04:00,47.188837119282155,47.82353500988691,46.94842119604617,47.198455810546875,8893300,0.0,0.0,0.0
2022-04-28 00:00:00-04:00,47.77545271367555,48.58325036510314,47.236919723238536,48.400535583496094,8407300,0.0,0.0,0.0
2022-04-29 00:00:00-04:00,47.91970248388758,48.16011840162303,46.5156707362862,46.59260559082031,7286900,0.0,0.0,0.0
2022-05-02 00:00:00-04:00,46.59260696843698,47.034971389720326,45.81365805129866,46.89072036743164,7379000,0.0,0.0,0.0
2022-05-03 00:00:00-04:00,46.919574489673586,47.371553950367286,46.75608974720104,47.092674255371094,7337300,0.0,0.0,0.0
2022-05-04 00:00:00-04:00,47.18883513748682,48.58324816738535,46.79455318667675,48.52554702758789,10007500,0.0,0.0,0.0
2022-05-05 00:00:00-04:00,48.02547228546887,48.02547228546887,46.3137124858286,46.7945442199707,10974100,0.0,0.0,0.0
2022-05-06 00:00:00-04:00,46.50605009447072,46.909947026605494,45.890586006386116,46.544517517089844,9168900,0.0,0.0,0.0
2022-05-09 00:00:00-04:00,45.80403994896881,45.95790598378608,44.85199133647371,45.05393981933594,7835100,0.0,0.0,0.0
2022-05-10 00:00:00-04:00,45.75595358793601,45.91943463099934,44.650039035199974,45.15010452270508,10032200,0.0,0.0,0.0
2022-05-11 00:00:00-04:00,44.99624326218863,45.688638598689536,44.33269299295329,44.40000915527344,12263900,0.0,0.0,0.0
2022-05-12 00:00:00-04:00,44.04419660020235,44.75582935028541,43.56336475157906,44.39039611816406,10549100,0.0,0.0,0.0
2022-05-13 00:00:00-04:00,44.842381578351855,45.59247812758389,44.74621300251694,45.40976333618164,9365900,0.0,0.0,0.0
2022-05-16 00:00:00-04:00,45.217430079795534,45.6790282407505,44.977014141686325,45.27513122558594,3769600,0.0,0.0,0.0
2022-05-17 00:00:00-04:00,45.986755139606124,46.18870362431577,45.53477205324634,46.159854888916016,6517100,0.0,0.0,0.0
2022-05-18 00:00:00-04:00,45.61170759426587,45.659790043476676,44.178827129667255,44.34231185913086,5406700,0.0,0.0,0.0
2022-05-19 00:00:00-04:00,43.95763958027161,44.56348863829101,43.794158539154225,44.06342315673828,9740400,0.0,0.0,0.0
2022-05-20 00:00:00-04:00,44.47694076773381,44.5346419034278,43.04406041320426,44.07304382324219,8109000,0.0,0.0,0.0
2022-05-23 00:00:00-04:00,44.4192403665631,44.986622037342286,44.15959075432969,44.909690856933594,5138600,0.0,0.0,0.0
2022-05-24 00:00:00-04:00,44.39038827818285,44.68850529232165,43.774924207597785,44.5634880065918,5017900,0.0,0.0,0.0
2022-05-25 00:00:00-04:00,44.35192403833945,45.178955318187725,44.33269032619699,44.96738815307617,6187500,0.0,0.0,0.0
2022-05-26 00:00:00-04:00,45.0924118458238,46.034841863790376,45.08279682261606,45.85212707519531,2596700,0.0,0.0,0.0
2022-05-27 00:00:00-04:00,46.15023874837875,46.98688507080078,46.12138634522242,46.98688507080078,2828100,0.0,0.0,0.0
2022-05-31 00:00:00-04:00,46.756080788898466,47.111898943800945,46.381032591230465,46.71761703491211,8262000,0.0,0.0,0.0
2022-06-01 00:00:00-04:00,46.93880351680162,47.08305086150622,46.034837348781274,46.35218811035156,8033400,0.0,0.0,0.0
2022-06-02 00:00:00-04:00,46.29448569761732,47.217681884765625,46.03483608214645,47.217681884765625,3740300,0.0,0.0,0.0
2022-06-03 00:00:00-04:00,46.65029945005454,46.823399190893404,46.33295237082027,46.457969665527344,2770700,0.0,0.0,0.0
2022-06-06 00:00:00-04:00,46.93880310876373,47.131132900031275,46.44835260304688,46.582984924316406,2484600,0.0,0.0,0.0
2022-06-07 00:00:00-04:00,46.169468774858515,47.08304994740675,46.11177130547911,47.025352478027344,2510400,0.0,0.0,0.0
2022-06-08 00:00:00-04:00,46.80416530585047,47.034966182268185,46.42911709157021,46.51566696166992,2534100,0.0,0.0,0.0
2022-06-09 00:00:00-04:00,46.30410701498071,46.56375297672617,45.419374534096264,45.428993225097656,3129400,0.0,0.0,0.0
2022-06-10 00:00:00-04:00,44.678887221009404,44.75582206512483,44.092271874222774,44.101890563964844,6356200,0.0,0.0,0.0
2022-06-13 00:00:00-04:00,42.95751090172033,43.16907806590518,42.217033163984304,42.390132904052734,15161000,0.0,0.0,0.0
2022-06-14 00:00:00-04:00,42.62093016292485,42.73632876695696,41.90930115819546,42.27473068237305,7616900,0.0,0.0,0.0
2022-06-15 00:00:00-04:00,42.68824745361761,43.409495167752056,42.08239834657712,42.86134719848633,7524100,0.0,0.0,0.0
2022-06-16 00:00:00-04:00,41.909302238535496,41.938150973173315,41.178435834429045,41.505401611328125,9913000,0.0,0.0,0.0
2022-06-17 00:00:00-04:00,41.505399610766744,41.938148951753405,41.139966426327405,41.55348205566406,7268600,0.0,0.0,0.0
2022-06-21 00:00:00-04:00,42.21422606364963,42.76484609919726,42.21422606364963,42.600624084472656,4581500,0.194,0.0,0.0
2022-06-22 00:00:00-04:00,42.088648725237896,43.00635009499064,42.040349428935144,42.52334976196289,5261200,0.0,0.0,0.0
2022-06-23 00:00:00-04:00,42.784176407839944,43.025676608356086,42.349475309910765,42.948394775390625,6394800,0.0,0.0,0.0
2022-06-24 00:00:00-04:00,43.325136423893454,44.291137268885514,43.31547803684388,44.28147888183594,4205000,0.0,0.0,0.0
2022-06-27 00:00:00-04:00,44.40705323545959,44.44569046275262,43.99167264080768,44.14623260498047,3264700,0.0,0.0,0.0
2022-06-28 00:00:00-04:00,44.32010979625645,44.62922970208039,43.21886967113368,43.24784851074219,5681400,0.0,0.0,0.0
2022-06-29 00:00:00-04:00,43.29614964966813,43.412068698040706,42.97737134539352,43.20920944213867,4269100,0.0,0.0,0.0
2022-06-30 00:00:00-04:00,42.726209276674695,43.21887168295227,42.310828692950516,42.83246994018555,7669700,0.0,0.0,0.0
2022-07-01 00:00:00-04:00,42.76484959603968,43.344448517167365,42.45572968010491,43.27682876586914,6358200,0.0,0.0,0.0
2022-07-05 00:00:00-04:00,42.687564569343216,43.373427786012755,42.35912422269859,43.363765716552734,5421800,0.0,0.0,0.0
2022-07-06 00:00:00-04:00,43.383087296939024,43.81778830893238,43.112608305032,43.53764724731445,5248700,0.0,0.0,0.0
2022-07-07 00:00:00-04:00,43.750166863756704,44.27180805791272,43.74050479442062,44.18486785888672,2187600,0.0,0.0,0.0
2022-07-08 00:00:00-04:00,43.982007196777126,44.36840892007187,43.808126789794485,44.155887603759766,2766800,0.0,0.0,0.0
2022-07-11 00:00:00-04:00,43.82745152137006,43.93371218989558,43.55697249966895,43.63425064086914,2964600,0.0,0.0,0.0
2022-07-12 00:00:00-04:00,43.566630082564345,43.856433240475155,43.04499250532539,43.238189697265625,4614800,0.0,0.0,0.0
2022-07-13 00:00:00-04:00,42.61028517800866,43.373426502781356,42.542665433788265,43.03532409667969,6808500,0.0,0.0,0.0
2022-07-14 00:00:00-04:00,42.44607294377241,42.987034707136566,42.1466150603927,42.929073333740234,6136400,0.0,0.0,0.0
2022-07-15 00:00:00-04:00,43.43138434550639,43.7405042302787,43.218866727850234,43.72118377685547,2412500,0.0,0.0,0.0
2022-07-18 00:00:00-04:00,44.117244994443446,44.18486842566421,43.23818460857102,43.363765716552734,2255800,0.0,0.0,0.0
2022-07-19 00:00:00-04:00,43.8564305913897,44.609909912444415,43.769490386268004,44.55194854736328,2720500,0.0,0.0,0.0
2022-07-20 00:00:00-04:00,44.55194838776297,45.00596986677204,44.41670888805814,44.851409912109375,10748200,0.0,0.0,0.0
2022-07-21 00:00:00-04:00,44.76446913079496,45.29576873779297,44.48432806501421,45.29576873779297,4180000,0.0,0.0,0.0
2022-07-22 00:00:00-04:00,45.31509561898389,45.450335136126384,44.60991550459771,44.89005661010742,3426900,0.0,0.0,0.0
2022-07-25 00:00:00-04:00,44.957667316351746,45.02528706130761,44.65820581369029,44.93834686279297,2279700,0.0,0.0,0.0
2022-07-26 00:00:00-04:00,44.716170999811816,44.745149840129244,44.29112835515598,44.40705108642578,3269800,0.0,0.0,0.0
2022-07-27 00:00:00-04:00,44.78379457168271,45.74979530468708,44.754815728892694,45.54693603515625,3149000,0.0,0.0,0.0
2022-07-28 00:00:00-04:00,45.624212701193606,46.203815333240456,45.21849417526102,46.12653350830078,2225900,0.0,0.0,0.0
2022-07-29 00:00:00-04:00,46.300412596383374,46.90899405276087,46.20381400299018,46.78341293334961,3087000,0.0,0.0,0.0
2022-08-01 00:00:00-04:00,46.46463277740052,46.957295204165206,46.387354636633674,46.66749572753906,2775400,0.0,0.0,0.0
2022-08-02 00:00:00-04:00,46.45497358723214,46.8993330226974,46.2134734133923,46.34871292114258,2757900,0.0,0.0,0.0
2022-08-03 00:00:00-04:00,46.61919828774822,47.208459381794675,46.5708989834003,47.082881927490234,2368900,0.0,0.0,0.0
2022-08-04 00:00:00-04:00,47.063555128022955,47.140833267568034,46.8510337955236,47.03457260131836,2533600,0.0,0.0,0.0
2022-08-05 00:00:00-04:00,46.54190673334533,47.03456539180555,46.522586280170465,46.96694564819336,1495200,0.0,0.0,0.0
2022-08-08 00:00:00-04:00,47.150493920371076,47.4306313134238,46.783412634819086,46.928314208984375,2638100,0.0,0.0,0.0
2022-08-09 00:00:00-04:00,46.82205144016138,46.88000911922083,46.599871738766964,46.735111236572266,3350400,0.0,0.0,0.0
2022-08-10 00:00:00-04:00,47.57553733887868,47.71077685541958,47.34369553552252,47.70111846923828,3762100,0.0,0.0,0.0
2022-08-11 00:00:00-04:00,48.029555464374134,48.26139356626964,47.623833258556715,47.71077346801758,1947800,0.0,0.0,0.0
2022-08-12 00:00:00-04:00,47.942612658617136,48.522211566968345,47.826689928946905,48.49323272705078,1490600,0.0,0.0,0.0
2022-08-15 00:00:00-04:00,48.23241127132319,48.77337294534661,48.23241127132319,48.70574951171875,1751300,0.0,0.0,0.0
2022-08-16 00:00:00-04:00,48.59949843417807,49.03419581808813,48.49323776344436,48.821678161621094,1729200,0.0,0.0,0.0
2022-08-17 00:00:00-04:00,48.396629467193335,48.78303118822878,48.23241113100322,48.47391128540039,2061500,0.0,0.0,0.0
2022-08-18 00:00:00-04:00,48.493234271001135,48.68643514160276,48.329012241239724,48.59949493408203,1503900,0.0,0.0,0.0
2022-08-19 00:00:00-04:00,48.29037350020557,48.30969027015965,47.83635202128485,47.96193313598633,2451200,0.0,0.0,0.0
2022-08-22 00:00:00-04:00,47.382334438155574,47.382334438155574,46.84137639496377,46.97661590576172,2083100,0.0,0.0,0.0
2022-08-23 00:00:00-04:00,46.90899319474193,47.17947219929562,46.77375000746503,46.841373443603516,1486800,0.0,0.0,0.0
2022-08-24 00:00:00-04:00,46.81239049319198,47.150492930815126,46.725450287517454,46.986270904541016,1916000,0.0,0.0,0.0
2022-08-25 00:00:00-04:00,47.150491209993696,47.652811970558055,47.044230553047406,47.63349151611328,1566500,0.0,0.0,0.0
2022-08-26 00:00:00-04:00,47.62383767283363,47.70111950396222,46.02993859831213,46.04925537109375,2890400,0.0,0.0,0.0
2022-08-29 00:00:00-04:00,45.70149415102136,46.08789221754751,45.57591302902525,45.74013137817383,1359900,0.0,0.0,0.0
2022-08-30 00:00:00-04:00,45.885030140345336,45.89468852529068,44.97699087048376,45.2281494140625,10522600,0.0,0.0,0.0
2022-08-31 00:00:00-04:00,45.411694221228394,45.55659580959561,44.87073615265843,44.89005661010742,2584900,0.0,0.0,0.0
2022-09-01 00:00:00-04:00,44.6292388811569,45.05427791783433,44.3104568398983,45.025299072265625,2929400,0.0,0.0,0.0
2022-09-02 00:00:00-04:00,45.46965435561188,45.61455594003399,44.33943526312074,44.561614990234375,2221800,0.0,0.0,0.0
2022-09-06 00:00:00-04:00,44.64855353309837,44.75481419969817,44.1172502000994,44.37807083129883,2880800,0.0,0.0,0.0
2022-09-07 00:00:00-04:00,44.34909079097314,45.26679216817039,44.320111949956434,45.189510345458984,3682300,0.0,0.0,0.0
2022-09-08 00:00:00-04:00,44.890054696823455,45.517952954651655,44.76447357125769,45.45999526977539,3013900,0.0,0.0,0.0
2022-09-09 00:00:00-04:00,45.75944757969735,46.28108879025751,45.72081035613723,46.18449020385742,1673000,0.0,0.0,0.0
2022-09-12 00:00:00-04:00,46.44531600595901,46.76409432474769,46.39701302235442,46.66749572753906,2169900,0.0,0.0,0.0
2022-09-13 00:00:00-04:00,45.643532454913526,45.76911357600751,44.51331342006813,44.66787338256836,3074700,0.0,0.0,0.0
2022-09-14 00:00:00-04:00,44.803113015687565,44.99631389060863,44.42637333634158,44.82243347167969,3150600,0.0,0.0,0.0
2022-09-15 00:00:00-04:00,44.638884210212815,44.9673245422518,44.16554600771522,44.31044387817383,2597800,0.0,0.0,0.0
2022-09-16 00:00:00-04:00,43.81778774004366,44.03996743551128,43.585945974990594,43.98200607299805,3679800,0.0,0.0,0.0
2022-09-19 00:00:00-04:00,43.61627820568947,44.305057525634766,43.596875502223604,44.305057525634766,2504200,0.193,0.0,0.0
2022-09-20 00:00:00-04:00,43.9170169130283,44.033429439377734,43.480465313358536,43.79090118408203,3007300,0.0,0.0,0.0
2022-09-21 00:00:00-04:00,44.0237285609173,44.39236883294498,43.04391236777494,43.05361557006836,4193000,0.0,0.0,0.0
2022-09-22 00:00:00-04:00,42.95660130421112,43.063314323460375,42.597660540025984,42.68497085571289,4079700,0.0,0.0,0.0
2022-09-23 00:00:00-04:00,42.267815344556986,42.267815344556986,41.43351772580203,41.9379768371582,5733600,0.0,0.0,0.0
2022-09-26 00:00:00-04:00,41.77306756493706,42.20961545911795,41.394720382259536,41.54994201660156,4914200,0.0,0.0,0.0
2022-09-27 00:00:00-04:00,41.986489195972545,42.238720646796715,41.16189463135,41.43352508544922,6505300,0.0,0.0,0.0
2022-09-28 00:00:00-04:00,41.569337116902844,42.452139725548214,41.34621158951853,42.248416900634766,6684300,0.0,0.0,0.0
2022-09-29 00:00:00-04:00,41.83126845410735,41.86037435843892,41.026076647552124,41.38501739501953,5423700,0.0,0.0,0.0
2022-09-30 00:00:00-04:00,41.27830729679068,41.7245583874033,40.71564368268941,40.73504638671875,6767200,0.0,0.0,0.0
2022-10-03 00:00:00-04:00,41.18129305113191,42.02529023191399,40.96786703043577,41.79246520996094,4036500,0.0,0.0,0.0
2022-10-04 00:00:00-04:00,42.48125275270141,43.11182403564453,42.46185004697716,43.11182403564453,5586100,0.0,0.0,0.0
2022-10-05 00:00:00-04:00,42.578258225805534,43.26703755547425,42.306627774823475,42.99540710449219,3956300,0.0,0.0,0.0
2022-10-06 00:00:00-04:00,42.84019330379988,43.179731400248976,42.51035470981174,42.57826232910156,5052900,0.0,0.0,0.0
2022-10-07 00:00:00-04:00,42.073796686309926,42.11260209162725,41.161891865475624,41.38501739501953,3524700,0.0,0.0,0.0
2022-10-10 00:00:00-04:00,41.50143206588035,41.53053797172368,40.79325003514813,41.064884185791016,3120300,0.0,0.0,0.0
2022-10-11 00:00:00-04:00,40.86114858074634,41.39470986077324,40.57011549170317,40.80294418334961,8575600,0.0,0.0,0.0
2022-10-12 00:00:00-04:00,40.85145855520176,41.02607918926094,40.63803251342112,40.67683792114258,4139700,0.0,0.0,0.0
2022-10-13 00:00:00-04:00,39.82313803240052,41.908882469093435,39.697022305819985,41.743961334228516,9170100,0.0,0.0,0.0
2022-10-14 00:00:00-04:00,42.04469376795753,42.21931438823002,40.715640114272105,40.79324722290039,6746000,0.0,0.0,0.0
2022-10-17 00:00:00-04:00,41.52083132723047,41.957382871814495,41.51113182654505,41.850669860839844,4990600,0.0,0.0,0.0
2022-10-18 00:00:00-04:00,42.77227679947672,42.811082202634964,41.9185764334301,42.345428466796875,4216800,0.0,0.0,0.0
2022-10-19 00:00:00-04:00,42.073802830452884,42.40364142244302,41.68575982267416,42.044700622558594,3185100,0.0,0.0,0.0
2022-10-20 00:00:00-04:00,41.98648934410982,42.49094854685061,41.58874316319519,41.68575668334961,3964000,0.0,0.0,0.0
2022-10-21 00:00:00-04:00,41.62754880790603,42.743180241556054,41.47233087546395,42.694671630859375,4362000,0.0,0.0,0.0
2022-10-24 00:00:00-04:00,42.86929117765625,43.33494496314503,42.55885532066373,43.189430236816406,3722400,0.0,0.0,0.0
2022-10-25 00:00:00-04:00,43.20883918637851,43.936424025257274,43.19913598280826,43.907318115234375,5189700,0.0,0.0,0.0
2022-10-26 00:00:00-04:00,43.509566340877086,44.198349379776715,43.49986683923056,43.558074951171875,3242300,0.0,0.0,0.0
2022-10-27 00:00:00-04:00,43.6841806579921,43.89760667022181,43.267031834463225,43.344642639160156,4890500,0.0,0.0,0.0
2022-10-28 00:00:00-04:00,43.30584642209478,44.421477921777,43.30584642209478,44.3632698059082,12275800,0.0,0.0,0.0
2022-10-31 00:00:00-04:00,44.09162878950165,44.28565209531277,43.94611038497162,44.062522888183594,3363900,0.0,0.0,0.0
2022-11-01 00:00:00-04:00,44.47967585978289,44.518481264711205,43.72298896711629,43.868507385253906,3463800,0.0,0.0,0.0
2022-11-02 00:00:00-04:00,43.78119873512006,44.31476012071738,42.752877669638366,42.76258087158203,5009400,0.0,0.0,0.0
2022-11-03 00:00:00-04:00,42.364824801836306,42.66556110635811,42.064092198001205,42.32602310180664,3176600,0.0,0.0,0.0
2022-11-04 00:00:00-04:00,42.97599895192819,43.19912446561496,42.199909404172736,42.927494049072266,4173600,0.0,0.0,0.0
2022-11-07 00:00:00-05:00,43.07301210076748,43.402850618411335,42.83048388781425,43.3155403137207,2917900,0.0,0.0,0.0
2022-11-08 00:00:00-05:00,43.47076717436662,43.917018289936806,43.08272047345227,43.577476501464844,5464500,0.0,0.0,0.0
2022-11-09 00:00:00-05:00,43.30584244468395,43.46106037205715,42.607359921160885,42.65586853027344,4132000,0.0,0.0,0.0
2022-11-10 00:00:00-05:00,44.23714990540011,45.05204494737425,43.984922161766654,45.0035400390625,4861000,0.0,0.0,0.0
2022-11-11 00:00:00-05:00,45.1102554193907,45.556506520320745,44.896829370820896,45.440093994140625,3312600,0.0,0.0,0.0
2022-11-14 00:00:00-05:00,45.24606748040984,45.64381364262535,45.04234464869422,45.08115005493164,3106200,0.0,0.0,0.0
2022-11-15 00:00:00-05:00,45.7602218079085,45.886337515840296,45.00353496169146,45.46918869018555,5291900,0.0,0.0,0.0
2022-11-16 00:00:00-05:00,45.255773353345425,45.36248267576556,45.032644104654594,45.100555419921875,6677500,0.0,0.0,0.0
2022-11-17 00:00:00-05:00,44.53788362290739,45.052042281828356,44.49907821827903,44.984134674072266,3419200,0.0,0.0,0.0
2022-11-18 00:00:00-05:00,45.35278747649187,45.362486979200256,44.828925513732024,45.187870025634766,2262600,0.0,0.0,0.0
2022-11-21 00:00:00-05:00,45.022942742524656,45.13935526261031,44.79011400166607,45.0035400390625,2272600,0.0,0.0,0.0
2022-11-22 00:00:00-05:00,45.22666257904085,45.63411192335517,45.07144466232278,45.62440872192383,4163400,0.0,0.0,0.0
2022-11-23 00:00:00-05:00,45.566207128842066,45.96395329627754,45.55650392681176,45.89604568481445,2448900,0.0,0.0,0.0
2022-11-25 00:00:00-05:00,45.82813807335137,45.96395329627754,45.80873536997802,45.89604568481445,999700,0.0,0.0,0.0
2022-11-28 00:00:00-05:00,45.52740673357991,45.72143008798348,45.07145240583467,45.178165435791016,2438000,0.0,0.0,0.0
2022-11-29 00:00:00-05:00,45.178157324151705,45.31397253764258,44.85802199244994,45.09084701538086,2127600,0.0,0.0,0.0
2022-11-30 00:00:00-05:00,45.119950420397096,46.487809493798686,44.88712539126204,46.46841049194336,4382700,0.0,0.0,0.0
2022-12-01 00:00:00-05:00,46.64303355023346,46.77884877443685,46.17737606626853,46.458709716796875,4925900,0.0,0.0,0.0
2022-12-02 00:00:00-05:00,45.866938720544205,46.5169163161408,45.866938720544205,46.41990280151367,3225800,0.0,0.0,0.0
2022-12-05 00:00:00-05:00,46.09006234822904,46.18707585884655,45.430388979465164,45.595306396484375,2663600,0.0,0.0,0.0
2022-12-06 00:00:00-05:00,45.54680415148203,45.614711762536615,44.673701008369854,44.916229248046875,2523100,0.0,0.0,0.0
2022-12-07 00:00:00-05:00,44.799812677964546,45.129651202125615,44.72220187195634,44.8580207824707,3517200,0.0,0.0,0.0
2022-12-08 00:00:00-05:00,45.06174794844473,45.3139756909531,44.87742411672009,45.19756317138672,2297400,0.0,0.0,0.0
2022-12-09 00:00:00-05:00,45.06174615716112,45.352779294851615,44.84832012920076,44.87742233276367,3295300,0.0,0.0,0.0
2022-12-12 00:00:00-05:00,44.96473105382348,45.50799560546875,44.877420745535616,45.50799560546875,3928000,0.0,0.0,0.0
2022-12-13 00:00:00-05:00,46.78854240452236,46.80794510564339,45.527396437150166,45.857234954833984,5759100,0.0,0.0,0.0
2022-12-14 00:00:00-05:00,45.80873357687062,46.274387337541924,45.20726089790229,45.575904846191406,4619500,0.0,0.0,0.0
2022-12-15 00:00:00-05:00,44.9744335341724,45.0811465426677,44.24684887699925,44.44087219238281,3309300,0.0,0.0,0.0
2022-12-16 00:00:00-05:00,44.1304399571399,44.28565788193311,43.664782482073,43.93641662597656,4407200,0.0,0.0,0.0
2022-12-19 00:00:00-05:00,43.91400213988625,43.97247379625942,43.34875134375177,43.553409576416016,5871200,0.207,0.0,0.0
2022-12-20 00:00:00-05:00,43.45595445724363,43.79705151262519,43.300023843686475,43.61188507080078,2782100,0.0,0.0,0.0
2022-12-21 00:00:00-05:00,43.92374213496244,44.381789895358864,43.855522730351744,44.23560333251953,2666400,0.0,0.0,0.0
2022-12-22 00:00:00-05:00,43.90425450651056,43.93349405245689,42.949179033763116,43.61188507080078,3333100,0.0,0.0,0.0
2022-12-23 00:00:00-05:00,43.51442515178338,43.88475799560547,43.30976322288533,43.88475799560547,3709400,0.0,0.0,0.0
2022-12-27 00:00:00-05:00,43.84578298216446,43.89451060198314,43.50468220807545,43.6995964050293,3679600,0.0,0.0,0.0
2022-12-28 00:00:00-05:00,43.699599467710506,43.92374950872928,43.14409638395108,43.17333221435547,4024700,0.0,0.0,0.0
2022-12-29 00:00:00-05:00,43.49493855032188,44.030949808357974,43.44621093007844,43.933494567871094,2789600,0.0,0.0,0.0
2022-12-30 00:00:00-05:00,43.61188285419078,43.83603286743164,43.368241050536085,43.83603286743164,4135400,0.0,0.0,0.0
2023-01-03 00:00:00-05:00,44.04069334034567,44.274591119582986,43.30002385517249,43.64112091064453,3688300,0.0,0.0,0.0
2023-01-04 00:00:00-05:00,43.89450849750487,44.21611374703245,43.54366370334466,43.98221969604492,4335600,0.0,0.0,0.0
2023-01-05 00:00:00-05:00,43.738582230123264,43.74832626751488,43.40722919361933,43.47544860839844,4449300,0.0,0.0,0.0
2023-01-06 00:00:00-05:00,43.836036287357,44.59619758440738,43.47544743076633,44.45975875854492,2160500,0.0,0.0,0.0
2023-01-09 00:00:00-05:00,44.713147016871034,45.11271944554242,44.42077758183718,44.44026565551758,4251700,0.0,0.0,0.0
2023-01-10 00:00:00-05:00,44.36229893866407,44.761871337890625,44.26483998904857,44.761871337890625,2303400,0.0,0.0,0.0
2023-01-11 00:00:00-05:00,44.92755308684558,45.327125549316406,44.84958963249193,45.327125549316406,8119200,0.0,0.0,0.0
2023-01-12 00:00:00-05:00,45.4538142707556,45.65847249347349,44.956786627343746,45.4927978515625,3996900,0.0,0.0,0.0
2023-01-13 00:00:00-05:00,45.112716218560685,45.72669087290951,45.0834766747735,45.67796325683594,3308800,0.0,0.0,0.0
2023-01-17 00:00:00-05:00,45.64873361940551,45.84364782780345,45.50254703368723,45.57076644897461,4826600,0.0,0.0,0.0
2023-01-18 00:00:00-05:00,45.72669481602641,45.85338960288591,44.83983874336814,44.878822326660156,2881800,0.0,0.0,0.0
2023-01-19 00:00:00-05:00,44.605944155414996,44.810602388777255,44.38179413063551,44.527976989746094,2679100,0.0,0.0,0.0
2023-01-20 00:00:00-05:00,44.71314467666945,45.38559471382045,44.50848273694621,45.375850677490234,2104400,0.0,0.0,0.0
2023-01-23 00:00:00-05:00,45.45381105890186,46.14575283977539,45.356355831449875,45.9021110534668,6499900,0.0,0.0,0.0
2023-01-24 00:00:00-05:00,45.69746423045295,45.96059787134579,45.570769429057236,45.872886657714844,2569900,0.0,0.0,0.0
2023-01-25 00:00:00-05:00,45.36610620734792,45.91186522331703,45.102972595238484,45.88262939453125,3059700,0.0,0.0,0.0
2023-01-26 00:00:00-05:00,46.184738450218,46.399144421261795,45.843641421447224,46.38939666748047,3078900,0.0,0.0,0.0
2023-01-27 00:00:00-05:00,46.25295810407924,46.769481244575566,46.243214067924434,46.50634765625,2440600,0.0,0.0,0.0
2023-01-30 00:00:00-05:00,46.16524725608034,46.418636810161786,45.872877839406925,45.911861419677734,3541900,0.0,0.0,0.0
2023-01-31 00:00:00-05:00,45.96059377572496,46.58431625366211,45.93135794634641,46.58431625366211,1816400,0.0,0.0,0.0
2023-02-01 00:00:00-05:00,46.41863858526113,47.402949859827835,46.10677736652639,47.08134460449219,5041700,0.0,0.0,0.0
2023-02-02 00:00:00-05:00,47.52964689478953,47.92921933258951,47.31524090261616,47.74405288696289,3861100,0.0,0.0,0.0
2023-02-03 00:00:00-05:00,47.149562984712176,47.783029444957364,47.11057940380139,47.266510009765625,3762100,0.0,0.0,0.0
2023-02-06 00:00:00-05:00,46.9448993245696,47.13981350430653,46.779224688284394,46.983882904052734,1697900,0.0,0.0,0.0
2023-02-07 00:00:00-05:00,46.866936842931445,47.7343010569583,46.7110062394848,47.597862243652344,3085800,0.0,0.0,0.0
2023-02-08 00:00:00-05:00,47.334727824052614,47.50040617850662,46.98388304302413,47.07159423828125,2426600,0.0,0.0,0.0
2023-02-09 00:00:00-05:00,47.50040946738076,47.51015350411566,46.51609446160037,46.66228103637695,2121600,0.0,0.0,0.0
2023-02-10 00:00:00-05:00,46.49660280262961,46.79871998977651,46.418639355491756,46.74999237060547,2516900,0.0,0.0,0.0
2023-02-13 00:00:00-05:00,46.8474382649707,47.31523000753132,46.78896290302126,47.295738220214844,2212900,0.0,0.0,0.0
2023-02-14 00:00:00-05:00,47.130077610217164,47.558885905574066,46.818216355834075,47.30550003051758,2769600,0.0,0.0,0.0
2023-02-15 00:00:00-05:00,47.03261500452813,47.45167922973633,46.93515976420586,47.45167922973633,1935100,0.0,0.0,0.0
2023-02-16 00:00:00-05:00,46.85719537528591,47.31523945682481,46.77922821044922,46.77922821044922,6181300,0.0,0.0,0.0
2023-02-17 00:00:00-05:00,46.535586252749184,46.691516864260656,46.301688476642454,46.66228103637695,1643800,0.0,0.0,0.0
2023-02-21 00:00:00-05:00,46.184739982982585,46.30168700848823,45.69745637275035,45.72669219970703,7466400,0.0,0.0,0.0
2023-02-22 00:00:00-05:00,45.78517257666423,45.960594992939825,45.502547159589184,45.658477783203125,2514100,0.0,0.0,0.0
2023-02-23 00:00:00-05:00,46.01906440658305,46.08728381321755,45.414830065421974,45.911861419677734,2708800,0.0,0.0,0.0
2023-02-24 00:00:00-05:00,45.327119369088834,45.52203355491602,45.11271711058992,45.434322357177734,9703400,0.0,0.0,0.0
2023-02-27 00:00:00-05:00,45.81441090451818,45.98008929233503,45.47331380854162,45.58051681518555,1631800,0.0,0.0,0.0
2023-02-28 00:00:00-05:00,45.53178381739441,45.746186087705304,45.40508903197497,45.414833068847656,2116300,0.0,0.0,0.0
2023-03-01 00:00:00-05:00,45.32711778035734,45.45381255435615,45.08347598603281,45.23940658569336,2441000,0.0,0.0,0.0
2023-03-02 00:00:00-05:00,45.01526595021922,45.67797206612756,44.96653832474821,45.58051681518555,1991200,0.0,0.0,0.0
2023-03-03 00:00:00-05:00,45.794918738143394,46.35042179779116,45.736443362193405,46.32118225097656,2112600,0.0,0.0,0.0
2023-03-06 00:00:00-05:00,46.418636183378524,46.69151380623192,46.30168544414526,46.33092498779297,2269700,0.0,0.0,0.0
2023-03-07 00:00:00-05:00,46.33092651387647,46.36991009490496,45.561017518118796,45.63898468017578,3780400,0.0,0.0,0.0
2023-03-08 00:00:00-05:00,45.63898601623021,45.80466066393298,45.453815859763566,45.716949462890625,3068700,0.0,0.0,0.0
2023-03-09 00:00:00-05:00,45.79492050115216,45.999578748337264,44.76187779234079,44.85933303833008,2957000,0.0,0.0,0.0
2023-03-10 00:00:00-05:00,44.80085407664097,45.05423990552658,44.04068915462667,44.23560333251953,4708800,0.0,0.0,0.0
2023-03-13 00:00:00-04:00,43.74832338800505,44.732638395337744,43.61188456742722,44.14789581298828,6428500,0.0,0.0,0.0
2023-03-14 00:00:00-04:00,44.742378501312444,45.083475522790444,44.352550147327264,44.88856506347656,4334500,0.0,0.0,0.0
2023-03-15 00:00:00-04:00,44.22586364751669,44.62543607855154,43.97247407602391,44.61568832397461,9771800,0.0,0.0,0.0
2023-03-16 00:00:00-04:00,44.33306278987326,45.42457699386904,44.26483966679968,45.38559341430664,7509200,0.0,0.0,0.0
2023-03-17 00:00:00-04:00,45.24916024375669,45.366107279342394,44.69365717762558,44.86907958984375,4319600,0.0,0.0,0.0
2023-03-20 00:00:00-04:00,44.96007596006923,45.341673389706635,44.88179765013579,45.29275131225586,4612300,0.183,0.0,0.0
2023-03-21 00:00:00-04:00,45.703697549943286,45.93852872825884,45.508005523432814,45.87003707885742,2325400,0.0,0.0,0.0
2023-03-22 00:00:00-04:00,45.87981949085162,46.29077311520963,45.10683804760588,45.126407623291016,2990700,0.0,0.0,0.0
2023-03-23 00:00:00-04:00,45.45908186753202,45.92874047529966,44.911148691393855,45.24382400512695,5527700,0.0,0.0,0.0
2023-03-24 00:00:00-04:00,45.06770270408118,45.52757466964834,44.80351903066264,45.517791748046875,3234000,0.0,0.0,0.0
2023-03-27 00:00:00-04:00,45.801544017297594,45.88960523988644,45.50800412032487,45.61563491821289,3218200,0.0,0.0,0.0
2023-03-28 00:00:00-04:00,45.537363101031545,45.60585475245969,45.29274899378387,45.5275764465332,2477500,0.0,0.0,0.0
2023-03-29 00:00:00-04:00,45.99722885587173,46.202707514846516,45.87003222473801,46.1733512878418,4857600,0.0,0.0,0.0
2023-03-30 00:00:00-04:00,46.49624873381942,46.50603165554607,46.22228213529372,46.44732666015625,2313300,0.0,0.0,0.0
2023-03-31 00:00:00-04:00,46.554958662158036,47.13224437178984,46.54517200766407,47.11267852783203,3094000,0.0,0.0,0.0
2023-04-03 00:00:00-04:00,47.044181392567445,47.3181479662216,46.985472669992426,47.288795471191406,3298600,0.0,0.0,0.0
2023-04-04 00:00:00-04:00,47.34750491470163,47.38664406676635,46.85827671143748,47.02461624145508,2414800,0.0,0.0,0.0
2023-04-05 00:00:00-04:00,46.926771656115754,47.005049965741286,46.69194419226965,46.87784957885742,3019400,0.0,0.0,0.0
2023-04-06 00:00:00-04:00,46.799567308518725,47.09310345633053,46.67236694254491,47.083316802978516,1996000,0.0,0.0,0.0
2023-04-10 00:00:00-04:00,46.77999536072016,47.13223648071289,46.70171706793437,47.13223648071289,2415000,0.0,0.0,0.0
2023-04-11 00:00:00-04:00,47.18116813850037,47.308364781299765,47.044184841630305,47.122459411621094,2467600,0.0,0.0,0.0
2023-04-12 00:00:00-04:00,47.37685616183766,47.40621239136875,46.87784504998772,46.95612335205078,4762300,0.0,0.0,0.0
2023-04-13 00:00:00-04:00,47.0637541016872,47.61169106146394,47.02461868010793,47.552982330322266,19475700,0.0,0.0,0.0
2023-04-14 00:00:00-04:00,47.484489620557184,47.748673306044815,47.1811705143609,47.46492004394531,3197700,0.0,0.0,0.0
2023-04-17 00:00:00-04:00,47.42578311018392,47.6214714050293,47.298582732522455,47.6214714050293,4148900,0.0,0.0,0.0
2023-04-18 00:00:00-04:00,47.79759936794045,47.82695560156429,47.49428023644543,47.65083312988281,2827300,0.0,0.0,0.0
2023-04-19 00:00:00-04:00,47.42578275391821,47.7486714239995,47.42578275391821,47.66061019897461,1865900,0.0,0.0,0.0
2023-04-20 00:00:00-04:00,47.298581233159815,47.5823344772116,47.190950434897765,47.38664245605469,2702900,0.0,0.0,0.0
2023-04-21 00:00:00-04:00,47.415994596132606,47.47470332179247,47.190950079875385,47.42578125,2154800,0.0,0.0,0.0
2023-04-24 00:00:00-04:00,47.38664351756411,47.51384389404275,47.23987356527991,47.47470474243164,1820500,0.0,0.0,0.0
2023-04-25 00:00:00-04:00,47.24966176961614,47.298583844477605,46.7115114811099,46.72129440307617,2751600,0.0,0.0,0.0
2023-04-26 00:00:00-04:00,46.79956879300086,46.916982509347015,46.457106832595336,46.53538513183594,3562900,0.0,0.0,0.0
2023-04-27 00:00:00-04:00,46.82892226959331,47.47470332179247,46.79956977302079,47.42578125,2263500,0.0,0.0,0.0
2023-04-28 00:00:00-04:00,47.3475083907389,47.84652328491211,47.33772546826199,47.84652328491211,2733800,0.0,0.0,0.0
2023-05-01 00:00:00-04:00,47.807382452622186,48.03242698684781,47.76824329905727,47.81716537475586,4359200,0.0,0.0,0.0
2023-05-02 00:00:00-04:00,47.699749359946566,47.719318935790895,46.91698498874786,47.269229888916016,3803500,0.0,0.0,0.0
2023-05-03 00:00:00-04:00,47.30836666521579,47.611689500731934,46.91698633464646,46.9267692565918,4056200,0.0,0.0,0.0
2023-05-04 00:00:00-04:00,46.79957182621492,46.848493900153706,46.45710984361346,46.61366271972656,4064100,0.0,0.0,0.0
2023-05-05 00:00:00-04:00,47.03440055602941,47.59212042566493,47.01483097941754,47.46492004394531,2618300,0.0,0.0,0.0
2023-05-08 00:00:00-04:00,47.4942741394043,47.54319621247651,47.308365036209004,47.4942741394043,2297200,0.0,0.0,0.0
2023-05-09 00:00:00-04:00,47.298578392029924,47.40620918382681,47.24965632280806,47.288795471191406,2748500,0.0,0.0,0.0
2023-05-10 00:00:00-04:00,47.60190493967212,47.689966164208066,47.034398440992675,47.4942741394043,3606700,0.0,0.0,0.0
2023-05-11 00:00:00-04:00,47.39643078860955,47.44535659887065,47.16160332242348,47.41600036621094,2378700,0.0,0.0,0.0
2023-05-12 00:00:00-04:00,47.55298065321768,47.57255022957472,47.053969519915775,47.33772277832031,4788300,0.0,0.0,0.0
2023-05-15 00:00:00-04:00,47.43556700736602,47.55298073319069,47.21052247765414,47.52362823486328,1786000,0.0,0.0,0.0
2023-05-16 00:00:00-04:00,47.38665002581955,47.49428084127505,47.20074462890625,47.20074462890625,1926600,0.0,0.0,0.0
2023-05-17 00:00:00-04:00,47.43556839742069,47.846522048622205,47.24966301504093,47.77803039550781,3038700,0.0,0.0,0.0
2023-05-18 00:00:00-04:00,47.74867553493492,48.27704293057416,47.71932303490449,48.21833419799805,3806300,0.0,0.0,0.0
2023-05-19 00:00:00-04:00,48.32595780013213,48.404236098558115,48.0128520714576,48.17919158935547,2692300,0.0,0.0,0.0
2023-05-22 00:00:00-04:00,48.149840948784124,48.36510256192113,48.022644297853304,48.18898010253906,4361900,0.0,0.0,0.0
2023-05-23 00:00:00-04:00,47.99329141786603,48.100922231950875,47.59212439515051,47.65083312988281,3672300,0.0,0.0,0.0
2023-05-24 00:00:00-04:00,47.435569068665956,47.48449114550921,47.15181579745379,47.30836868286133,5546500,0.0,0.0,0.0
2023-05-25 00:00:00-04:00,47.70953369140625,47.875873224740886,47.45513666294246,47.70953369140625,3108800,0.0,0.0,0.0
2023-05-26 00:00:00-04:00,47.77802868209621,48.4140231142812,47.77802868209621,48.34553146362305,2254500,0.0,0.0,0.0
2023-05-30 00:00:00-04:00,48.560793250146006,48.61949824663363,48.179195842916286,48.32596206665039,3133100,0.0,0.0,0.0
2023-05-31 00:00:00-04:00,48.110700917712826,48.22811837683648,47.88565638649843,48.08134841918945,2465600,0.0,0.0,0.0
2023-06-01 00:00:00-04:00,48.1107044036208,48.65864138835394,47.95415151262781,48.51187515258789,2753300,0.0,0.0,0.0
2023-06-02 00:00:00-04:00,48.83475865239488,49.33376977283855,48.77604992483653,49.24571228027344,2685300,0.0,0.0,0.0
2023-06-05 00:00:00-04:00,49.27506184994044,49.43161471494562,49.05980026086531,49.14786148071289,3001800,0.0,0.0,0.0
2023-06-06 00:00:00-04:00,49.09894047380738,49.31420206754542,49.0206621733518,49.235923767089844,2400000,0.0,0.0,0.0
2023-06-07 00:00:00-04:00,49.29463579067903,49.43161909312689,49.030452107737425,49.08915710449219,3592600,0.0,0.0,0.0
2023-06-08 00:00:00-04:00,49.08916026367961,49.43162227435383,49.00110276288042,49.35334396362305,2295200,0.0,0.0,0.0
2023-06-09 00:00:00-04:00,49.48054726517794,49.69580889984455,49.343563945850285,49.451194763183594,3151900,0.0,0.0,0.0
2023-06-12 00:00:00-04:00,49.57838323610999,49.920845210367325,49.500108666218104,49.901275634765625,3877500,0.0,0.0,0.0
2023-06-13 00:00:00-04:00,50.08718541960712,50.322016615013936,50.0186937652208,50.23395538330078,2489400,0.0,0.0,0.0
2023-06-14 00:00:00-04:00,50.273090183889536,50.517704280516554,49.891492790353766,50.292659759521484,5230800,0.0,0.0,0.0
2023-06-15 00:00:00-04:00,50.1948153708609,51.075427672943526,50.1948153708609,50.909088134765625,2805200,0.0,0.0,0.0
2023-06-16 00:00:00-04:00,51.16349231063944,51.183061888935185,50.703616551978,50.762325286865234,3153400,0.0,0.0,0.0
2023-06-20 00:00:00-04:00,50.51968841098554,50.6277420086329,50.24464561492102,50.50004196166992,3440000,0.203,0.0,0.0
2023-06-21 00:00:00-04:00,50.37234271981035,50.46074986955511,50.16606061946494,50.23482131958008,2079700,0.0,0.0,0.0
2023-06-22 00:00:00-04:00,50.10712355148944,50.42146301269531,50.07765574929216,50.42146301269531,1963800,0.0,0.0,0.0
2023-06-23 00:00:00-04:00,49.989247905101564,50.23482291249324,49.94995500459636,50.048187255859375,2685100,0.0,0.0,0.0
2023-06-26 00:00:00-04:00,49.96959998865266,50.195528539162595,49.802610787171155,49.84190368652344,2072200,0.0,0.0,0.0
2023-06-27 00:00:00-04:00,49.94013660250736,50.450933097710795,49.88119724826861,50.362525939941406,3025100,0.0,0.0,0.0
2023-06-28 00:00:00-04:00,50.23482436339568,50.519692279520235,50.17588875811291,50.401817321777344,2628300,0.0,0.0,0.0
2023-06-29 00:00:00-04:00,50.36251903131087,50.6179153702891,50.3134047831047,50.58844757080078,4965500,0.0,0.0,0.0
2023-06-30 00:00:00-04:00,50.97154919165717,51.30553135983314,50.95190274092007,51.18765640258789,2206000,0.0,0.0,0.0
2023-07-03 00:00:00-04:00,51.168009900051814,51.295709956125,51.11889564684746,51.285884857177734,1803100,0.0,0.0,0.0
2023-07-05 00:00:00-04:00,51.040303778768546,51.26623231440295,51.040303778768546,51.197471618652344,4211800,0.0,0.0,0.0
2023-07-06 00:00:00-04:00,50.74561920900029,50.82420500974971,50.480397752236826,50.784912109375,4599500,0.0,0.0,0.0
2023-07-07 00:00:00-04:00,50.65720980932129,51.118892000298395,50.62774200893622,50.64738845825195,2812100,0.0,0.0,0.0
2023-07-10 00:00:00-04:00,50.598272706183735,50.79473346088007,50.53933710279889,50.784912109375,2147600,0.0,0.0,0.0
2023-07-11 00:00:00-04:00,50.883142819083275,51.15818938645319,50.74562140898701,51.118896484375,3769300,0.0,0.0,0.0
2023-07-12 00:00:00-04:00,51.55110701939831,51.6788070772013,51.384117806806024,51.51181411743164,3801200,0.0,0.0,0.0
2023-07-13 00:00:00-04:00,51.73773953615848,52.0127860860188,51.67880393397046,51.934200286865234,2546300,0.0,0.0,0.0
2023-07-14 00:00:00-04:00,52.032434887040644,52.130663393244184,51.796681226103914,51.875267028808594,2283900,0.0,0.0,0.0
2023-07-17 00:00:00-04:00,51.86543958296557,52.19942173499312,51.86543958296557,52.081546783447266,2188000,0.0,0.0,0.0
2023-07-18 00:00:00-04:00,52.04225303400979,52.53340302913692,51.98331368561078,52.44499588012695,3011300,0.0,0.0,0.0
2023-07-19 00:00:00-04:00,52.55304867464039,52.720037871783994,52.484287976148664,52.562870025634766,2784300,0.0,0.0,0.0
2023-07-20 00:00:00-04:00,52.44499440361434,52.56286934991667,52.1404838134019,52.238712310791016,6377500,0.0,0.0,0.0
2023-07-21 00:00:00-04:00,52.435173052746215,52.454819501659436,52.22888721274592,52.238712310791016,3563900,0.0,0.0,0.0
2023-07-24 00:00:00-04:00,52.37623823158236,52.55305253990201,52.29765617631657,52.46464538574219,3454000,0.0,0.0,0.0
2023-07-25 00:00:00-04:00,52.415531123428934,52.7593346411127,52.415531123428934,52.61199188232422,2708400,0.0,0.0,0.0
2023-07-26 00:00:00-04:00,52.48429026920032,52.77897952520804,52.376236667656144,52.60216522216797,3918400,0.0,0.0,0.0
2023-07-27 00:00:00-04:00,53.01473638012358,53.06385063456157,52.16013261475741,52.278011322021484,2848400,0.0,0.0,0.0
2023-07-28 00:00:00-04:00,52.670926652088426,52.87721250660618,52.5628730490499,52.77898025512695,2598200,0.0,0.0,0.0
2023-07-31 00:00:00-04:00,52.837916569631986,52.91649861912233,52.680748723474274,52.85756301879883,3035900,0.0,0.0,0.0
2023-08-01 00:00:00-04:00,52.71022107058728,52.808449577717965,52.61199256345659,52.739688873291016,2567300,0.0,0.0,0.0
2023-08-02 00:00:00-04:00,52.36641931300182,52.37624066517489,51.90473707014048,52.01279067993164,3621600,0.0,0.0,0.0
2023-08-03 00:00:00-04:00,51.74756693135229,52.07172399930491,51.668981128710854,51.826148986816406,2917600,0.0,0.0,0.0
2023-08-04 00:00:00-04:00,52.05208367208226,52.317301400161426,51.541287173126214,51.619869232177734,4541100,0.0,0.0,0.0
2023-08-07 00:00:00-04:00,51.816327574058995,52.08154903689555,51.747566870417366,52.07172393798828,2906800,0.0,0.0,0.0
2023-08-08 00:00:00-04:00,51.74756236557949,51.88508376089094,51.44304802797771,51.84579086303711,2467400,0.0,0.0,0.0
2023-08-09 00:00:00-04:00,51.86544350635213,51.87526860557751,51.40376501654982,51.49216842651367,3015500,0.0,0.0,0.0
2023-08-10 00:00:00-04:00,51.777036349210846,52.169957880322634,51.364472114003156,51.49216842651367,4014800,0.0,0.0,0.0
2023-08-11 00:00:00-04:00,51.26623763924604,51.600219802085775,51.2171233867767,51.452877044677734,2875100,0.0,0.0,0.0
2023-08-14 00:00:00-04:00,51.374291888726994,51.777034759521484,51.334998987386726,51.777034759521484,2643400,0.0,0.0,0.0
2023-08-15 00:00:00-04:00,51.541283449214625,51.58057260231296,51.08942259040027,51.17782974243164,4282800,0.0,0.0,0.0
2023-08-16 00:00:00-04:00,51.08942732250926,51.30553454686427,50.7652702331543,50.7652702331543,3990300,0.0,0.0,0.0
2023-08-17 00:00:00-04:00,50.94208160420772,50.981374505847796,50.33305661749588,50.401817321777344,4770900,0.0,0.0,0.0
2023-08-18 00:00:00-04:00,50.04818942953314,50.539339465647934,50.01871787928562,50.4312858581543,3585000,0.0,0.0,0.0
2023-08-21 00:00:00-04:00,50.52951655684177,50.834030941416785,50.28394152813927,50.7652702331543,2999200,0.0,0.0,0.0
2023-08-22 00:00:00-04:00,50.94208073410287,50.95190208575647,50.54915921876798,50.617919921875,3185300,0.0,0.0,0.0
2023-08-23 00:00:00-04:00,50.73579927716668,51.24659200762185,50.72597417820946,51.18765640258789,3488800,0.0,0.0,0.0
2023-08-24 00:00:00-04:00,51.354646549719625,51.42340725496489,50.4607536343538,50.48040008544922,4788800,0.0,0.0,0.0
2023-08-25 00:00:00-04:00,50.667037130923994,50.981372839415215,50.254469171543505,50.83402633666992,3987200,0.0,0.0,0.0
2023-08-28 00:00:00-04:00,51.079605873227244,51.217127289491366,50.93225935741422,51.1581916809082,3237800,0.0,0.0,0.0
2023-08-29 00:00:00-04:00,51.14835654753884,51.91454928623569,51.11888874902798,51.904727935791016,3287300,0.0,0.0,0.0
2023-08-30 00:00:00-04:00,51.93419877132855,52.17977376575138,51.84579162344926,52.1208381652832,2743700,0.0,0.0,0.0
2023-08-31 00:00:00-04:00,52.169953957547705,52.30747535894306,52.01278610635627,52.032432556152344,2139800,0.0,0.0,0.0
2023-09-01 00:00:00-04:00,52.35659113057781,52.40570538290597,51.953848266003256,52.14048767089844,2235000,0.0,0.0,0.0
2023-09-05 00:00:00-04:00,52.061901097925485,52.11101534952582,51.89491189304889,51.914554595947266,2224800,0.0,0.0,0.0
2023-09-06 00:00:00-04:00,51.79668207705631,51.81632852805525,51.27606424070532,51.56093215942383,2861500,0.0,0.0,0.0
2023-09-07 00:00:00-04:00,51.17782895620824,51.472521956570375,51.148361155042885,51.39393615722656,2109800,0.0,0.0,0.0
2023-09-08 00:00:00-04:00,51.403765843319086,51.64934086741938,51.344826488551114,51.47252655029297,2110700,0.0,0.0,0.0
2023-09-11 00:00:00-04:00,51.777034733754164,51.83597408573524,51.5805739743279,51.826148986816406,2770300,0.0,0.0,0.0
2023-09-12 00:00:00-04:00,51.63951417523463,51.806507135004296,51.45287851165901,51.51181411743164,2546500,0.0,0.0,0.0
2023-09-13 00:00:00-04:00,51.55110398145241,51.70827183287969,51.413582579850676,51.590396881103516,2076100,0.0,0.0,0.0
2023-09-14 00:00:00-04:00,51.86544109554743,52.111016104283145,51.71809833861236,52.04225540161133,2591200,0.0,0.0,0.0
2023-09-15 00:00:00-04:00,51.84579787751305,51.87526942847927,51.35464782942088,51.37429428100586,3245500,0.0,0.0,0.0
2023-09-18 00:00:00-04:00,51.35259972475895,51.579386860205965,51.313157502572345,51.431480407714844,2211100,0.198,0.0,0.0
2023-09-19 00:00:00-04:00,51.332881927490234,51.392041503171896,51.00748921557078,51.332881927490234,2360600,0.0,0.0,0.0
2023-09-20 00:00:00-04:00,51.48078676195807,51.520228988325755,50.830005072562244,50.859588623046875,4087200,0.0,0.0,0.0
2023-09-21 00:00:00-04:00,50.524331337780495,50.55391112340258,50.001731302814136,50.031314849853516,3473900,0.0,0.0,0.0
2023-09-22 00:00:00-04:00,50.14963543878913,50.32712166716325,49.853826311971325,49.89326477050781,3767300,0.0,0.0,0.0
2023-09-25 00:00:00-04:00,49.75522268941362,50.11019515991211,49.70592179327045,50.11019515991211,3867200,0.0,0.0,0.0
2023-09-26 00:00:00-04:00,49.76508973410264,49.83411174737848,49.28193187975414,49.39039611816406,4398800,0.0,0.0,0.0
2023-09-27 00:00:00-04:00,49.5185761438785,49.58759814973166,48.95653766112146,49.40024948120117,4515600,0.0,0.0,0.0
2023-09-28 00:00:00-04:00,49.32137419344724,49.87355406206304,49.26221085563988,49.696067810058594,3973800,0.0,0.0,0.0
2023-09-29 00:00:00-04:00,50.06089667528266,50.06089667528266,49.39039392346793,49.55801773071289,5607000,0.0,0.0,0.0
2023-10-02 00:00:00-04:00,49.46927379006305,49.696064690044075,49.21290686516162,49.538299560546875,6314000,0.0,0.0,0.0
2023-10-03 00:00:00-04:00,49.291790841168705,49.45941464404294,48.71988990130222,48.877655029296875,5737100,0.0,0.0,0.0
2023-10-04 00:00:00-04:00,48.92695715307216,49.31150942711084,48.76919202112251,49.252349853515625,14001000,0.0,0.0,0.0
2023-10-05 00:00:00-04:00,49.203049525738564,49.321372435718835,48.83821459772171,49.2227668762207,6258600,0.0,0.0,0.0
2023-10-06 00:00:00-04:00,48.92695767214272,49.98201270851496,48.76919253851932,49.78480911254883,5760700,0.0,0.0,0.0
2023-10-09 00:00:00-04:00,49.58759889024337,50.189079602875005,49.508714447280475,50.11019515991211,3493100,0.0,0.0,0.0
2023-10-10 00:00:00-04:00,50.19893896204612,50.69195545303515,50.14963806523068,50.38628387451172,5461700,0.0,0.0,0.0
2023-10-11 00:00:00-04:00,50.49474915836562,50.622934501895315,50.21866112130235,50.583492279052734,3416000,0.0,0.0,0.0
2023-10-12 00:00:00-04:00,50.68209860847056,50.71167839534455,50.00173341902928,50.297542572021484,3304200,0.0,0.0,0.0
2023-10-13 00:00:00-04:00,50.45530702520927,50.603213480423165,49.84396761573216,50.021453857421875,5738600,0.0,0.0,0.0
2023-10-16 00:00:00-04:00,50.29754386329847,50.68209990962016,50.27782651248792,50.54405212402344,3386900,0.0,0.0,0.0
2023-10-17 00:00:00-04:00,50.16935935682891,50.80041986573965,50.149638245748285,50.56377029418945,5173000,0.0,0.0,0.0
2023-10-18 00:00:00-04:00,50.327120838084824,50.45530240869673,49.755219942430266,49.8735466003418,4206100,0.0,0.0,0.0
2023-10-19 00:00:00-04:00,49.95243193884372,50.17921907887788,49.36081363974744,49.459415435791016,8260400,0.0,0.0,0.0
2023-10-20 00:00:00-04:00,49.38053073472997,49.449552738629855,48.82835094211383,48.84807205200195,6762700,0.0,0.0,0.0
2023-10-23 00:00:00-04:00,48.65086883401282,49.20304867338437,48.44380280478002,48.76919174194336,5767300,0.0,0.0,0.0
2023-10-24 00:00:00-04:00,48.99597779588674,49.25234847903632,48.779053096395565,49.13402557373047,5197300,0.0,0.0,0.0
2023-10-25 00:00:00-04:00,48.89737672868091,48.91709784009465,48.35505932976408,48.41421890258789,9269700,0.0,0.0,0.0
2023-10-26 00:00:00-04:00,48.28603652833336,48.38463832236696,47.72399802722373,47.83245849609375,9993700,0.0,0.0,0.0
2023-10-27 00:00:00-04:00,48.03952638958148,48.06910617434296,47.457766800296845,47.61553192138672,7374800,0.0,0.0,0.0
2023-10-30 00:00:00-04:00,47.9409245769152,48.315618179257356,47.79302188015571,48.177574157714844,5981800,0.0,0.0,0.0
2023-10-31 00:00:00-04:00,48.25645575908274,48.52268513200091,48.039531047437144,48.50296401977539,5101700,0.0,0.0,0.0
2023-11-01 00:00:00-04:00,48.59170913715254,49.10444679179416,48.54240823527537,49.02556610107422,6312200,0.0,0.0,0.0
2023-11-02 00:00:00-04:00,49.45941423402428,49.9622893998955,49.45941423402428,49.952430725097656,4909800,0.0,0.0,0.0
2023-11-03 00:00:00-04:00,50.20879850727708,50.59335453650585,50.20879850727708,50.406005859375,3857200,0.0,0.0,0.0
2023-11-06 00:00:00-05:00,50.50461341333697,50.56377298831364,50.28768494130908,50.4947509765625,14489100,0.0,0.0,0.0
2023-11-07 00:00:00-05:00,50.51446907843878,50.74125621230891,50.386283737932246,50.64265441894531,4694300,0.0,0.0,0.0
2023-11-08 00:00:00-05:00,50.721533854612055,50.8004182964978,50.42572472037496,50.701812744140625,5329400,0.0,0.0,0.0
2023-11-09 00:00:00-05:00,50.820145023825994,50.839866136477085,50.25810647823147,50.30740737915039,6712200,0.0,0.0,0.0
2023-11-10 00:00:00-05:00,50.544052066039264,51.12581171113949,50.36656957902505,51.10609436035156,4322200,0.0,0.0,0.0
2023-11-13 00:00:00-05:00,50.92860930586974,51.16525513504823,50.8398661795734,51.046932220458984,5495400,0.0,0.0,0.0
2023-11-14 00:00:00-05:00,51.74701083227052,52.190726429783375,51.72728972111246,52.04281997680664,5141100,0.0,0.0,0.0
2023-11-15 00:00:00-05:00,52.1808592327926,52.33862810766305,52.04281522869796,52.15127944946289,4501200,0.0,0.0,0.0
2023-11-16 00:00:00-05:00,52.072407508306235,52.23017264822391,51.95408083230475,52.22031021118164,4371900,0.0,0.0,0.0
2023-11-17 00:00:00-05:00,52.24002775767303,52.33863331427628,52.10198373984586,52.26960754394531,5041100,0.0,0.0,0.0
2023-11-20 00:00:00-05:00,52.24002606224017,52.772484766364784,52.24002606224017,52.66402053833008,5636900,0.0,0.0,0.0
2023-11-21 00:00:00-05:00,52.55556193774484,52.60486283901668,52.407659233929316,52.57528305053711,5161000,0.0,0.0,0.0
2023-11-22 00:00:00-05:00,52.76262283325195,52.91052928405772,52.63444125473206,52.76262283325195,6132500,0.0,0.0,0.0
2023-11-24 00:00:00-05:00,52.76262520379481,52.811929863890114,52.72318674170302,52.77248764038086,2060200,0.0,0.0,0.0
2023-11-27 00:00:00-05:00,52.723184121887,52.82178591434315,52.65416211488424,52.713321685791016,4214000,0.0,0.0,0.0
2023-11-28 00:00:00-05:00,52.64430142337103,52.91053078552598,52.58514185050376,52.75276565551758,7626800,0.0,0.0,0.0
2023-11-29 00:00:00-05:00,52.999272149898054,53.14717859999956,52.673879464241644,52.713321685791016,4395200,0.0,0.0,0.0
2023-11-30 00:00:00-05:00,52.82178784268352,52.95983186172856,52.56542091608809,52.93025207519531,6441700,0.0,0.0,0.0
2023-12-01 00:00:00-05:00,52.86123017078155,53.295083340273976,52.78234572464616,53.235923767089844,6519200,0.0,0.0,0.0
2023-12-04 00:00:00-05:00,52.84151069668839,52.98941715706684,52.68374556094623,52.969696044921875,6274900,0.0,0.0,0.0
2023-12-05 00:00:00-05:00,52.78234268767721,53.05843447184802,52.7527629027871,52.94997024536133,5847500,0.0,0.0,0.0
2023-12-06 00:00:00-05:00,53.20634056366736,53.20634056366736,52.68374426959678,52.72318649291992,4809700,0.0,0.0,0.0
2023-12-07 00:00:00-05:00,52.979554021309255,53.216203602509076,52.910532010421285,53.12746047973633,4760500,0.0,0.0,0.0
2023-12-08 00:00:00-05:00,53.058438889095406,53.42327005830966,53.018996665013454,53.354248046875,6538400,0.0,0.0,0.0
2023-12-11 00:00:00-05:00,53.30494756610682,53.600756726209525,53.275364017104266,53.58103561401367,4934300,0.0,0.0,0.0
2023-12-12 00:00:00-05:00,53.53172989988994,53.827539033389236,53.413403237356455,53.81768035888672,5194100,0.0,0.0,0.0
2023-12-13 00:00:00-05:00,53.85712270928447,54.59664747716914,53.817684247007904,54.55720901489258,11079600,0.0,0.0,0.0
2023-12-14 00:00:00-05:00,54.80371444782559,54.941758462226396,54.42902086486821,54.75440979003906,9955200,0.0,0.0,0.0
2023-12-15 00:00:00-05:00,54.665672302246094,54.79385765514229,54.54734938648989,54.665672302246094,8322600,0.0,0.0,0.0
2023-12-18 00:00:00-05:00,54.83495619756296,55.07255290583315,54.82505806560116,54.97355270385742,4619200,0.221,0.0,0.0
2023-12-19 00:00:00-05:00,55.03295231423667,55.30024719238281,55.0131522740253,55.30024719238281,4763000,0.0,0.0,0.0
2023-12-20 00:00:00-05:00,55.20124870486362,55.419045377477886,54.468666076660156,54.468666076660156,6741600,0.0,0.0,0.0
2023-12-21 00:00:00-05:00,54.89435690011919,55.07255348909117,54.59736384398975,55.05275344848633,6504000,0.0,0.0,0.0
2023-12-22 00:00:00-05:00,55.17155046001839,55.35964518291291,54.92405561472324,55.13195037841797,6121000,0.0,0.0,0.0
2023-12-26 00:00:00-05:00,55.191348398966184,55.49824335497448,55.191348398966184,55.369544982910156,3998200,0.0,0.0,0.0
2023-12-27 00:00:00-05:00,55.369545819555725,55.508142325501595,55.30024756658278,55.48834228515625,6311800,0.0,0.0,0.0
2023-12-28 00:00:00-05:00,55.518043518066406,55.607138033764365,55.458643397796266,55.518043518066406,4220100,0.0,0.0,0.0
2023-12-29 00:00:00-05:00,55.47844407043633,55.54774232330587,55.122050897695,55.339847564697266,6690000,0.0,0.0,0.0
2024-01-02 00:00:00-05:00,54.97355224181997,55.151748827407026,54.77555939247571,55.042850494384766,7246100,0.0,0.0,0.0
2024-01-03 00:00:00-05:00,54.78545723478202,54.86465361880683,54.51816235781424,54.59736251831055,7046200,0.0,0.0,0.0
2024-01-04 00:00:00-05:00,54.53796303059243,54.844857991368436,54.379566484233884,54.419166564941406,6804900,0.0,0.0,0.0
2024-01-05 00:00:00-05:00,54.419168153018354,54.78545946907332,54.320167948360485,54.50826644897461,8020900,0.0,0.0,0.0
2024-01-08 00:00:00-05:00,54.53795858548303,55.28044304411106,54.53795858548303,55.260643005371094,9688200,0.0,0.0,0.0
2024-01-09 00:00:00-05:00,54.9636542311159,55.300247362803354,54.89435597839833,55.191349029541016,5023300,0.0,0.0,0.0
2024-01-10 00:00:00-05:00,55.20124461067013,55.597237844876446,55.18144834778404,55.49824142456055,5849700,0.0,0.0,0.0
2024-01-11 00:00:00-05:00,55.60713774095233,55.67643976913832,54.993351607278925,55.47844314575195,9806600,0.0,0.0,0.0
2024-01-12 00:00:00-05:00,55.636839982135186,55.725938274304646,55.339846933727486,55.518043518066406,5032800,0.0,0.0,0.0
2024-01-16 00:00:00-05:00,55.329947418125975,55.49824587793349,55.09235447971399,55.32004928588867,7232100,0.0,0.0,0.0
2024-01-17 00:00:00-05:00,54.953752954671664,55.05275315717201,54.71616002161399,55.013153076171875,6808500,0.0,0.0,0.0
2024-01-18 00:00:00-05:00,55.20124461067013,55.547739634718496,55.01314990148138,55.49824142456055,6348800,0.0,0.0,0.0
2024-01-19 00:00:00-05:00,55.62693902466725,56.211026999656994,55.537840730974864,56.191226959228516,7146700,0.0,0.0,0.0
2024-01-22 00:00:00-05:00,56.34962333475515,56.508023657701116,56.22092873706889,56.30012512207031,7179200,0.0,0.0,0.0
2024-01-23 00:00:00-05:00,56.36942349558433,56.48822373804768,56.230826989181985,56.44862365722656,7286400,0.0,0.0,0.0
2024-01-24 00:00:00-05:00,56.795114458289405,56.913914699780214,56.47832136725697,56.517921447753906,6662900,0.0,0.0,0.0
2024-01-25 00:00:00-05:00,56.76541573782469,56.854514029846385,56.517920901816815,56.84461212158203,10246300,0.0,0.0,0.0
2024-01-26 00:00:00-05:00,56.765416953322976,56.96341358166321,56.65651861891227,56.7456169128418,6315000,0.0,0.0,0.0
2024-01-29 00:00:00-05:00,56.805017353241325,57.22080687626602,56.73571909940387,57.19110870361328,6094900,0.0,0.0,0.0
2024-01-30 00:00:00-05:00,57.131711097623786,57.24060943744127,57.072314749702805,57.1416130065918,5837000,0.0,0.0,0.0
2024-01-31 00:00:00-05:00,56.88421563928197,56.953513895434234,56.23082938379508,56.25062942504883,13454200,0.0,0.0,0.0
2024-02-01 00:00:00-05:00,56.42882173375336,56.983211517333984,56.33972344311489,56.983211517333984,10490600,0.0,0.0,0.0
2024-02-02 00:00:00-05:00,57.01291288915599,57.76529555952711,56.973312807433395,57.56730270385742,11666800,0.0,0.0,0.0
2024-02-05 00:00:00-05:00,57.507901163122064,57.54750124386812,57.09210786823159,57.36930465698242,8284000,0.0,0.0,0.0
2024-02-06 00:00:00-05:00,57.478201313335916,57.55739769604517,57.300004731650766,57.53759765625,6945700,0.0,0.0,0.0
2024-02-07 00:00:00-05:00,57.78509487027655,58.05238975381936,57.69599657576229,58.002891540527344,11355800,0.0,0.0,0.0
2024-02-08 00:00:00-05:00,58.01278715804303,58.07218727730173,57.90389260410926,58.05238723754883,4562200,0.0,0.0,0.0
2024-02-09 00:00:00-05:00,58.10188566005966,58.41867874431558,58.05238744873307,58.34938049316406,6915900,0.0,0.0,0.0
2024-02-12 00:00:00-05:00,58.36918229520088,58.63647717620005,58.25038582913621,58.32958221435547,4828100,0.0,0.0,0.0
2024-02-13 00:00:00-05:00,57.56730165824248,57.74549824628588,57.141610228635656,57.55739974975586,52263600,0.0,0.0,0.0
2024-02-14 00:00:00-05:00,57.864295574640096,58.121688552052106,57.57720064779742,58.082088470458984,11589300,0.0,0.0,0.0
2024-02-15 00:00:00-05:00,58.15138923308824,58.47808045792663,58.09198911199419,58.438480377197266,5874000,0.0,0.0,0.0
2024-02-16 00:00:00-05:00,58.418679375573696,58.55727965584586,58.082086247855706,58.17118453979492,7139900,0.0,0.0,0.0
2024-02-20 00:00:00-05:00,57.95339115107102,58.04248944223963,57.57719794652897,57.834590911865234,8596100,0.0,0.0,0.0
2024-02-21 00:00:00-05:00,57.686094814358604,57.91378960235369,57.47820006572892,57.89398956298828,7940400,0.0,0.0,0.0
2024-02-22 00:00:00-05:00,58.67607881656921,59.21066859277616,58.5770786118244,59.08197021484375,8120600,0.0,0.0,0.0
2024-02-23 00:00:00-05:00,59.28986527134357,59.408661741149224,59.05227233173227,59.1215705871582,7685400,0.0,0.0,0.0
2024-02-26 00:00:00-05:00,59.20076273526464,59.24036281452117,58.903769693783545,58.933467864990234,5873200,0.0,0.0,0.0
2024-02-27 00:00:00-05:00,59.012667856709285,59.06216606740433,58.784973066334956,59.04236602783203,5360900,0.0,0.0,0.0
2024-02-28 00:00:00-05:00,58.83447144332034,59.022566155081705,58.80477327211365,58.933467864990234,4821700,0.0,0.0,0.0
2024-02-29 00:00:00-05:00,59.171065238240786,59.35915995214526,58.84437024535929,59.161163330078125,6920700,0.0,0.0,0.0
2024-03-01 00:00:00-05:00,59.279965773042925,59.774955458377185,59.23046755980382,59.735355377197266,14546500,0.0,0.0,0.0
2024-03-04 00:00:00-05:00,59.636359413790174,59.883854258379074,59.62645750518251,59.66605758666992,6196600,0.0,0.0,0.0
2024-03-05 00:00:00-05:00,59.41856230650963,59.47796242830531,58.794874245305515,59.07206726074219,6899100,0.0,0.0,0.0
2024-03-06 00:00:00-05:00,59.4680587010354,59.636357152740246,59.200763825837,59.34926223754883,7806100,0.0,0.0,0.0
2024-03-07 00:00:00-05:00,59.7452503690174,60.07194535687314,59.64625394774249,59.96304702758789,7194300,0.0,0.0,0.0
2024-03-08 00:00:00-05:00,60.04224844714145,60.34913962542364,59.527458737460215,59.60665512084961,8635200,0.0,0.0,0.0
2024-03-11 00:00:00-04:00,59.45816199056122,59.60665662935118,59.220565281437075,59.54726028442383,6256300,0.0,0.0,0.0
2024-03-12 00:00:00-04:00,59.80465015685919,60.25014160307489,59.487857078766105,60.180843353271484,6495000,0.0,0.0,0.0
2024-03-13 00:00:00-04:00,60.21054475787123,60.240242930390124,59.923449835283314,60.101646423339844,4970500,0.0,0.0,0.0
2024-03-14 00:00:00-04:00,60.210541857246575,60.230341896795835,59.60665386864396,59.96304702758789,16510500,0.0,0.0,0.0
2024-03-15 00:00:00-04:00,59.596761269181144,59.774957865194224,59.38886649932313,59.53736114501953,9481700,0.0,0.0,0.0
2024-03-18 00:00:00-04:00,60.045939212245436,60.214801074774,59.86714207003933,59.90687561035156,7053200,0.202,0.0,0.0
2024-03-19 00:00:00-04:00,59.81747233688987,60.27439664696408,59.70820700422024,60.244598388671875,7255500,0.0,0.0,0.0
2024-03-20 00:00:00-04:00,60.25453445504348,60.82072414079264,60.17507116382903,60.78099060058594,8687100,0.0,0.0,0.0
2024-03-21 00:00:00-04:00,61.14851638726182,61.22797967356874,60.96971925657285,61.00944900512695,8742000,0.0,0.0,0.0
2024-03-22 00:00:00-04:00,60.9995166671288,61.059116972929324,60.86045307612624,60.910118103027344,6254300,0.0,0.0,0.0
2024-03-25 00:00:00-04:00,60.741258347354936,60.8604551738658,60.70152480878505,60.711456298828125,6328600,0.0,0.0,0.0
2024-03-26 00:00:00-04:00,60.90019134829796,60.9299896089157,60.5624638342341,60.57239532470703,7638500,0.0,0.0,0.0
2024-03-27 00:00:00-04:00,60.929986588682276,61.11871521190446,60.69158914796062,61.10878372192383,8520000,0.0,0.0,0.0
2024-03-28 00:00:00-04:00,61.118717193603516,61.287582842339695,61.06905216369248,61.118717193603516,7002500,0.0,0.0,0.0
2024-04-01 00:00:00-04:00,61.20811290469233,61.267713211321556,60.86045392235196,61.00944900512695,9674100,0.0,0.0,0.0
2024-04-02 00:00:00-04:00,60.532660299548986,60.63199414783637,60.34393167160125,60.6220588684082,19937700,0.0,0.0,0.0
2024-04-03 00:00:00-04:00,60.47306429908979,60.86045683774019,60.47306429908979,60.68165969848633,7849600,0.0,0.0,0.0
2024-04-04 00:00:00-04:00,61.148520653459116,61.1981856845158,59.89694065131636,59.94660568237305,12314200,0.0,0.0,0.0
2024-04-05 00:00:00-04:00,60.09560420882846,60.790926007100985,60.04593917806592,60.57239532470703,10708400,0.0,0.0,0.0
2024-04-08 00:00:00-04:00,60.65185893474455,60.77105575959393,60.50286006178378,60.612125396728516,6292600,0.0,0.0,0.0
2024-04-09 00:00:00-04:00,60.81078982186291,60.8306565910422,60.08566979821323,60.67172622680664,10724400,0.0,0.0,0.0
2024-04-10 00:00:00-04:00,59.976403130322765,60.294263851734584,59.82740425938655,60.07573318481445,12403500,0.0,0.0,0.0
2024-04-11 00:00:00-04:00,60.24460077337563,60.691589822246804,59.82740619477737,60.522727966308594,7670900,0.0,0.0,0.0
2024-04-12 00:00:00-04:00,60.10553750817577,60.25453639414649,59.479751281176554,59.668479919433594,8081200,0.0,0.0,0.0
2024-04-15 00:00:00-04:00,60.18500004481817,60.204866814060146,58.83409004995385,58.92348861694336,13541100,0.0,0.0,0.0
2024-04-16 00:00:00-04:00,58.9731527982199,59.17181669858684,58.675158842268864,58.82415771484375,10809100,0.0,0.0,0.0
2024-04-17 00:00:00-04:00,59.112217302202495,59.132084071465066,58.30763398766185,58.48643112182617,10650100,0.0,0.0,0.0
2024-04-18 00:00:00-04:00,58.63542515811658,58.89368936470909,58.24803263742653,58.36722946166992,12696200,0.0,0.0,0.0
2024-04-19 00:00:00-04:00,58.33743442542235,58.46656653585176,57.701712942075915,57.850711822509766,10443000,0.0,0.0,0.0
2024-04-22 00:00:00-04:00,58.15863424571406,58.69502564021004,57.89043854846607,58.3870964050293,7407800,0.0,0.0,0.0
2024-04-23 00:00:00-04:00,58.62549601357658,59.132085378776125,58.555964214219756,59.082420349121094,8348800,0.0,0.0,0.0
2024-04-24 00:00:00-04:00,59.18175402362197,59.27114880321887,58.78442620915219,59.06255340576172,6281800,0.0,0.0,0.0
2024-04-25 00:00:00-04:00,58.31756654384999,58.913558265026516,58.11890263679115,58.83409118652344,9818200,0.0,0.0,0.0
2024-04-26 00:00:00-04:00,59.15194909219462,59.569143655978685,59.092352575367386,59.39034652709961,5171900,0.0,0.0,0.0
2024-04-29 00:00:00-04:00,59.60887329269826,59.66847359861276,59.27114580424677,59.598941802978516,4201400,0.0,0.0,0.0
2024-04-30 00:00:00-04:00,59.42014810318166,59.52941344239723,58.65529451787157,58.66522979736328,4933700,0.0,0.0,0.0
2024-05-01 00:00:00-04:00,58.585764653691804,59.37048503471084,58.40696750892294,58.44670104980469,9695300,0.0,0.0,0.0
2024-05-02 00:00:00-04:00,58.90362071323621,59.10228461263101,58.36722932162984,59.01288604736328,5751900,0.0,0.0,0.0
2024-05-03 00:00:00-04:00,59.72807693481445,59.867140533138304,59.42014768909817,59.72807693481445,8827800,0.0,0.0,0.0
2024-05-06 00:00:00-04:00,60.03600202843264,60.35386276245117,59.97640550905344,60.35386276245117,5648300,0.0,0.0,0.0
2024-05-07 00:00:00-04:00,60.46312497934292,60.592257079997225,60.33399666788726,60.433326721191406,5605600,0.0,0.0,0.0
2024-05-08 00:00:00-04:00,60.2147996847531,60.49293067131933,60.194932915055595,60.4134635925293,8113000,0.0,0.0,0.0
2024-05-09 00:00:00-04:00,60.453198366878034,60.78099060058594,60.37373128646463,60.78099060058594,5818500,0.0,0.0,0.0
2024-05-10 00:00:00-04:00,60.96972371623661,61.06905377868549,60.711459491151125,60.86045837402344,4816200,0.0,0.0,0.0
2024-05-13 00:00:00-04:00,61.04918516938718,61.05912044885219,60.7313244320868,60.87038803100586,5103500,0.0,0.0,0.0
2024-05-14 00:00:00-04:00,60.87038842764331,61.19818444654465,60.8207233975913,61.13858413696289,7144300,0.0,0.0,0.0
2024-05-15 00:00:00-04:00,61.43657894303165,61.93323682871242,61.367047142172254,61.903438568115234,5214200,0.0,0.0,0.0
2024-05-16 00:00:00-04:00,61.903435541217824,62.102099443615835,61.764371946298844,61.7743034362793,5331100,0.0,0.0,0.0
2024-05-17 00:00:00-04:00,61.78423941147401,61.86370269980913,61.60544227622148,61.8537712097168,3846400,0.0,0.0,0.0
2024-05-20 00:00:00-04:00,61.883570139060126,62.11203230564497,61.82397361946338,61.93323516845703,5773600,0.0,0.0,0.0
2024-05-21 00:00:00-04:00,61.8339064685758,62.102102180251805,61.814039698540654,62.092166900634766,4932400,0.0,0.0,0.0
2024-05-22 00:00:00-04:00,62.00276862957181,62.08223571009623,61.64517813480878,61.903438568115234,4438100,0.0,0.0,0.0
2024-05-23 00:00:00-04:00,62.2709642482367,62.28089952788669,61.307450528130495,61.44651412963867,6956600,0.0,0.0,0.0
2024-05-24 00:00:00-04:00,61.6650427577613,61.95310144163472,61.555777420444315,61.87363815307617,4404000,0.0,0.0,0.0
2024-05-28 00:00:00-04:00,61.972968559248955,61.982903838623855,61.585576026002364,61.91337203979492,5396000,0.0,0.0,0.0
2024-05-29 00:00:00-04:00,61.42664372045267,61.61537234143311,61.38691018260456,61.46637725830078,5585400,0.0,0.0,0.0
2024-05-30 00:00:00-04:00,61.27764905412451,61.36704762581957,60.910123276799894,61.069053649902344,4341100,0.0,0.0,0.0
2024-05-31 00:00:00-04:00,61.18824747001512,61.63524030648414,60.56246128815729,61.60544204711914,9370900,0.0,0.0,0.0
2024-06-03 00:00:00-04:00,61.81403595227046,61.82397123128536,61.06904917249815,61.65510559082031,6276700,0.0,0.0,0.0
2024-06-04 00:00:00-04:00,61.52597235731285,61.82397009510424,61.32731225105012,61.744503021240234,4095900,0.0,0.0,0.0
2024-06-05 00:00:00-04:00,62.012705033202735,62.47956466674805,61.774307576507525,62.47956466674805,7035100,0.0,0.0,0.0
2024-06-06 00:00:00-04:00,62.50935893714913,62.55902396560686,62.241163236438865,62.459693908691406,7864000,0.0,0.0,0.0
2024-06-07 00:00:00-04:00,62.36036317973526,62.727892744931175,62.22129957742285,62.38022994995117,3959000,0.0,0.0,0.0
2024-06-10 00:00:00-04:00,62.3007645588978,62.618625293243284,62.231232760084644,62.57889175415039,3608000,0.0,0.0,0.0
2024-06-11 00:00:00-04:00,62.41002928342694,62.74775299480082,62.17163184041141,62.72789001464844,5850500,0.0,0.0,0.0
2024-06-12 00:00:00-04:00,63.30401361233688,63.572209325131155,63.1351517501325,63.23448181152344,5489300,0.0,0.0,0.0
2024-06-13 00:00:00-04:00,63.462941352869436,63.482808122163725,63.04575056528574,63.37354278564453,4105800,0.0,0.0,0.0
2024-06-14 00:00:00-04:00,63.20468310480235,63.43314527574802,63.075550994546475,63.40334701538086,3134300,0.0,0.0,0.0
2024-06-17 00:00:00-04:00,63.35367897870676,64.07880282965863,63.28414717752491,63.93973922729492,5729100,0.0,0.0,0.0
2024-06-18 00:00:00-04:00,63.93974041117473,64.10860227740038,63.88013631020243,64.07880401611328,4013800,0.0,0.0,0.0
2024-06-20 00:00:00-04:00,64.1979956731014,64.27746275374741,63.7013377866607,63.91986846923828,6214500,0.0,0.0,0.0
2024-06-21 00:00:00-04:00,63.82053521155884,63.969534085708915,63.66160105822608,63.77086639404297,4396000,0.0,0.0,0.0
2024-06-24 00:00:00-04:00,63.81373035371644,64.11276682441326,63.60441166856068,63.62434768676758,6305900,0.223,0.0,0.0
2024-06-25 00:00:00-04:00,63.773858884968746,63.91341100533867,63.594438532613886,63.873538970947266,6045900,0.0,0.0,0.0
2024-06-26 00:00:00-04:00,63.743958930806116,64.03302168396996,63.65424875157413,63.953285217285156,5800300,0.0,0.0,0.0
2024-06-27 00:00:00-04:00,63.93334373515625,64.11276408895647,63.843637360662655,64.03302001953125,4445400,0.0,0.0,0.0
2024-06-28 00:00:00-04:00,64.1526372532253,64.51147796714395,63.65424821776196,63.79379653930664,5948200,0.0,0.0,0.0
2024-07-01 00:00:00-04:00,63.963247920472185,63.99315004626664,63.60441100371885,63.933345794677734,5417600,0.0,0.0,0.0
2024-07-02 00:00:00-04:00,63.74396170147937,64.37193298339844,63.733991790905456,64.37193298339844,6867500,0.0,0.0,0.0
2024-07-03 00:00:00-04:00,64.33205519820109,64.69089589866583,64.32208528851794,64.6510238647461,2845700,0.0,0.0,0.0
2024-07-05 00:00:00-04:00,64.6909012142435,65.069674160385,64.60118722934918,65.0397720336914,5047400,0.0,0.0,0.0
2024-07-08 00:00:00-04:00,65.1294750618451,65.20921913213297,64.96999452608246,65.10954284667969,4716100,0.0,0.0,0.0
2024-07-09 00:00:00-04:00,65.2092200221526,65.31886621909167,65.11951364546421,65.15938568115234,4013000,0.0,0.0,0.0
2024-07-10 00:00:00-04:00,65.30889499309284,65.83719375170635,65.26903056302112,65.77738189697266,5536900,0.0,0.0,0.0
2024-07-11 00:00:00-04:00,65.83719339864983,65.92689977304973,65.15938401886953,65.23912048339844,6084100,0.0,0.0,0.0
2024-07-12 00:00:00-04:00,65.37866822095148,66.07641741426895,65.3288338816657,65.63783264160156,6781200,0.0,0.0,0.0
2024-07-15 00:00:00-04:00,65.89699718157014,66.21596585186589,65.6079306358626,65.81725311279297,5424200,0.0,0.0,0.0
2024-07-16 00:00:00-04:00,65.98670467924222,66.25583901474594,65.88702839397952,66.22593688964844,3017000,0.0,0.0,0.0
2024-07-17 00:00:00-04:00,65.51822561915085,65.70760828040305,65.24909128265665,65.2889633178711,8705600,0.0,0.0,0.0
2024-07-18 00:00:00-04:00,65.47835067954821,65.59795917507302,64.52144469128594,64.78060150146484,5962900,0.0,0.0,0.0
2024-07-19 00:00:00-04:00,64.75070421386275,64.95006439598241,64.23238294997833,64.3619613647461,4101200,0.0,0.0,0.0
2024-07-22 00:00:00-04:00,64.83044783910913,65.09957457709588,64.59122322703053,65.02980041503906,7539600,0.0,0.0,0.0
2024-07-23 00:00:00-04:00,65.01983888819862,65.25906350314183,64.8603507416942,64.90022277832031,3282000,0.0,0.0,0.0
2024-07-24 00:00:00-04:00,64.3320573784895,64.37192941376054,63.33527931115278,63.43495559692383,6636500,0.0,0.0,0.0
2024-07-25 00:00:00-04:00,63.4548905597183,64.17256817063398,63.00633967639194,63.11598587036133,8745900,0.0,0.0,0.0
2024-07-26 00:00:00-04:00,63.584475759712596,64.15263897116306,63.484795668506656,63.803768157958984,5726800,0.0,0.0,0.0
2024-07-29 00:00:00-04:00,64.01308939968696,64.1326979019922,63.62434655756848,63.86357116699219,4681200,0.0,0.0,0.0
2024-07-30 00:00:00-04:00,64.04299260658544,64.15263880542537,63.13592469219155,63.534637451171875,4979300,0.0,0.0,0.0
2024-07-31 00:00:00-04:00,64.35198647601764,64.88027760934155,64.19250594747305,64.511474609375,6645300,0.0,0.0,0.0
2024-08-01 00:00:00-04:00,64.79057365973665,65.04973808372326,63.23559852303662,63.65424728393555,7354600,0.0,0.0,0.0
2024-08-02 00:00:00-04:00,62.806982891138595,62.946535011346164,61.969689181925595,62.488014221191406,9757100,0.0,0.0,0.0
2024-08-05 00:00:00-04:00,59.9661687250027,61.38159556604204,59.82662040315515,60.643978118896484,23782300,0.0,0.0,0.0
2024-08-06 00:00:00-04:00,60.87323655147313,62.09927312371666,60.713752212052995,61.20217514038086,12407400,0.0,0.0,0.0
2024-08-07 00:00:00-04:00,61.96968978356815,62.31856438386445,60.73368712612447,60.793495178222656,8647900,0.0,0.0,0.0
2024-08-08 00:00:00-04:00,61.42146184182491,62.27869156575017,61.17226733149345,62.2188835144043,5015200,0.0,0.0,0.0
2024-08-09 00:00:00-04:00,62.11920992318985,62.65747100140908,61.96969168954897,62.45811462402344,5176000,0.0,0.0,0.0
2024-08-12 00:00:00-04:00,62.6375354502085,62.79701979282417,62.248792602733225,62.527889251708984,5901900,0.0,0.0,0.0
2024-08-13 00:00:00-04:00,62.89669585812606,63.574505262441896,62.88672975030082,63.554569244384766,4140900,0.0,0.0,0.0
2024-08-14 00:00:00-04:00,63.654249036074894,63.89347364682499,63.32531044328524,63.75392532348633,4395700,0.0,0.0,0.0
2024-08-15 00:00:00-04:00,64.4118010838724,64.87031807967033,64.36195913886287,64.84041595458984,4412300,0.0,0.0,0.0
2024-08-16 00:00:00-04:00,64.65102661971575,65.06967158649334,64.63108679949974,64.97996520996094,5463700,0.0,0.0,0.0
2024-08-19 00:00:00-04:00,65.02979993179432,65.6079330444336,64.94009355473645,65.6079330444336,4093500,0.0,0.0,0.0
2024-08-20 00:00:00-04:00,65.55808763444243,65.75744780317036,65.33880285606097,65.49828338623047,3628700,0.0,0.0,0.0
2024-08-21 00:00:00-04:00,65.6179021798208,65.89699882267863,65.41854200291296,65.73751068115234,4390100,0.0,0.0,0.0
2024-08-22 00:00:00-04:00,65.95680445445944,66.02657861663495,65.06967256187946,65.20922088623047,5627600,0.0,0.0,0.0
2024-08-23 00:00:00-04:00,65.59796499067562,66.0166175765665,65.3388081575211,65.88703155517578,4452900,0.0,0.0,0.0
2024-08-26 00:00:00-04:00,66.0166132373948,66.1162895208883,65.54812633968103,65.72754669189453,3864800,0.0,0.0,0.0
2024-08-27 00:00:00-04:00,65.59796413134723,65.89700060237858,65.4584158061495,65.83719635009766,2954700,0.0,0.0,0.0
2024-08-28 00:00:00-04:00,65.79732065907601,65.84715499827105,65.06966934254926,65.45841217041016,3985300,0.0,0.0,0.0
2024-08-29 00:00:00-04:00,65.68767618072101,66.08638892875351,65.32883546797311,65.4683837890625,6107100,0.0,0.0,0.0
2024-08-30 00:00:00-04:00,65.74748333481736,66.14619610045801,65.31886844259601,66.06645202636719,3540700,0.0,0.0,0.0
2024-09-03 00:00:00-04:00,65.71758214101797,65.73751435741684,64.4217675354967,64.73077392578125,6328600,0.0,0.0,0.0
2024-09-04 00:00:00-04:00,64.50150897978777,64.99989802238062,64.42176490781773,64.58125305175781,8922700,0.0,0.0,0.0
2024-09-05 00:00:00-04:00,64.58125040534793,64.92015129011321,64.15263554208933,64.43173217773438,10968700,0.0,0.0,0.0
2024-09-06 00:00:00-04:00,64.46163573105912,64.67095821243244,63.24556907564747,63.345245361328125,10756700,0.0,0.0,0.0
2024-09-09 00:00:00-04:00,63.86356705581486,64.20247553509354,63.62434246179109,64.06291961669922,6565300,0.0,0.0,0.0
2024-09-10 00:00:00-04:00,64.2822155854075,64.38189187141455,63.70408628223469,64.35198974609375,18721000,0.0,0.0,0.0
2024-09-11 00:00:00-04:00,64.3320596064954,65.10954530917454,63.30537557594508,64.98992919921875,7443300,0.0,0.0,0.0
2024-09-12 00:00:00-04:00,65.06966771740296,65.58799654481393,64.81050330369747,65.53815460205078,5771300,0.0,0.0,0.0
2024-09-13 00:00:00-04:00,65.6278671172078,66.0166175765665,65.59796499067562,65.88703155517578,8707600,0.0,0.0,0.0
2024-09-16 00:00:00-04:00,65.85712778905256,66.02657823839186,65.64780530372516,65.9667739868164,21124400,0.0,0.0,0.0
2024-09-17 00:00:00-04:00,66.24587152528856,66.43526179757689,65.74748247595163,66.01661682128906,4547100,0.0,0.0,0.0
2024-09-18 00:00:00-04:00,66.08638915929248,66.67448457096175,65.75745057065721,65.82722473144531,7911600,0.0,0.0,0.0
2024-09-19 00:00:00-04:00,66.95358276367188,67.17287516117064,66.61468186194713,66.95358276367188,7129100,0.0,0.0,0.0
2024-09-20 00:00:00-04:00,66.78413309014259,66.95358354297728,66.47513431087775,66.82400512695312,4976900,0.0,0.0,0.0
2024-09-23 00:00:00-04:00,66.95999908447266,67.06999969482422,66.80999755859375,67.0,5410600,0.216,0.0,0.0
2024-09-24 00:00:00-04:00,67.0999984741211,67.19999694824219,66.76000213623047,67.19000244140625,4700100,0.0,0.0,0.0
2024-09-25 00:00:00-04:00,67.18000030517578,67.26000213623047,66.91000366210938,67.04000091552734,4209200,0.0,0.0,0.0
2024-09-26 00:00:00-04:00,67.55999755859375,67.58000183105469,67.02999877929688,67.30999755859375,4945600,0.0,0.0,0.0
2024-09-27 00:00:00-04:00,67.44000244140625,67.52999877929688,67.08999633789062,67.22000122070312,4683100,0.0,0.0,0.0
2024-09-30 00:00:00-04:00,67.0999984741211,67.55000305175781,66.81999969482422,67.51000213623047,5200100,0.0,0.0,0.0
2024-10-01 00:00:00-04:00,67.44999694824219,67.44999694824219,66.56999969482422,66.87999725341797,6024700,0.0,0.0,0.0
2024-10-02 00:00:00-04:00,66.7699966430664,67.02999877929688,66.48999786376953,66.9000015258789,4035500,0.0,0.0,0.0
2024-10-03 00:00:00-04:00,66.73999786376953,67.01000213623047,66.51000213623047,66.79000091552734,8540300,0.0,0.0,0.0
2024-10-04 00:00:00-04:00,67.30999755859375,67.44000244140625,66.83000183105469,67.38999938964844,5640200,0.0,0.0,0.0
2024-10-07 00:00:00-04:00,67.19999694824219,67.2699966430664,66.6500015258789,66.7699966430664,5832700,0.0,0.0,0.0
2024-10-08 00:00:00-04:00,67.08000183105469,67.4800033569336,66.98999786376953,67.4000015258789,5004300,0.0,0.0,0.0
2024-10-09 00:00:00-04:00,67.4000015258789,67.94999694824219,67.33999633789062,67.87000274658203,4931700,0.0,0.0,0.0
2024-10-10 00:00:00-04:00,67.72000122070312,67.94000244140625,67.56999969482422,67.76000213623047,6338300,0.0,0.0,0.0
2024-10-11 00:00:00-04:00,67.75,68.25,67.73999786376953,68.16999816894531,3996000,0.0,0.0,0.0
2024-10-14 00:00:00-04:00,68.37000274658203,68.83000183105469,68.33000183105469,68.72000122070312,3483700,0.0,0.0,0.0
2024-10-15 00:00:00-04:00,68.75,68.79000091552734,68.05000305175781,68.19000244140625,8027500,0.0,0.0,0.0
2024-10-16 00:00:00-04:00,68.19999694824219,68.55000305175781,68.0999984741211,68.48999786376953,7550200,0.0,0.0,0.0
2024-10-17 00:00:00-04:00,68.91999816894531,68.94000244140625,68.4800033569336,68.51000213623047,5544700,0.0,0.0,0.0
2024-10-18 00:00:00-04:00,68.69999694824219,68.8499984741211,68.54000091552734,68.75,3963300,0.0,0.0,0.0
2024-10-21 00:00:00-04:00,68.66000366210938,68.77999877929688,68.29000091552734,68.6500015258789,5102800,0.0,0.0,0.0
2024-10-22 00:00:00-04:00,68.33999633789062,68.73999786376953,68.2699966430664,68.61000061035156,6538500,0.0,0.0,0.0
2024-10-23 00:00:00-04:00,68.37000274658203,68.41999816894531,67.55999755859375,67.9800033569336,8936400,0.0,0.0,0.0
2024-10-24 00:00:00-04:00,68.22000122070312,68.22000122070312,67.81999969482422,68.12999725341797,5644400,0.0,0.0,0.0
2024-10-25 00:00:00-04:00,68.41000366210938,68.73999786376953,68.0,68.11000061035156,6449900,0.0,0.0,0.0
2024-10-28 00:00:00-04:00,68.5199966430664,68.5199966430664,68.27999877929688,68.31999969482422,3796800,0.0,0.0,0.0
2024-10-29 00:00:00-04:00,68.19999694824219,68.55999755859375,68.04000091552734,68.43000030517578,4800800,0.0,0.0,0.0
2024-10-30 00:00:00-04:00,68.37000274658203,68.61000061035156,68.1500015258789,68.20999908447266,4816800,0.0,0.0,0.0
2024-10-31 00:00:00-04:00,67.69999694824219,67.70999908447266,66.86000061035156,66.87999725341797,9754700,0.0,0.0,0.0
2024-11-01 00:00:00-04:00,67.19999694824219,67.69000244140625,67.12000274658203,67.16000366210938,7367400,0.0,0.0,0.0
2024-11-04 00:00:00-05:00,67.18000030517578,67.33999633789062,66.80000305175781,67.0199966430664,5701900,0.0,0.0,0.0
2024-11-05 00:00:00-05:00,67.13999938964844,67.83000183105469,67.11000061035156,67.81999969482422,3727400,0.0,0.0,0.0
2024-11-06 00:00:00-05:00,69.31999969482422,69.62000274658203,68.86000061035156,69.51000213623047,8856200,0.0,0.0,0.0
2024-11-07 00:00:00-05:00,69.7699966430664,70.18000030517578,69.76000213623047,70.05999755859375,5149500,0.0,0.0,0.0
2024-11-08 00:00:00-05:00,70.12999725341797,70.52999877929688,70.12000274658203,70.37000274658203,5403300,0.0,0.0,0.0
2024-11-11 00:00:00-05:00,70.55999755859375,70.58999633789062,70.22000122070312,70.41999816894531,4797500,0.0,0.0,0.0
2024-11-12 00:00:00-05:00,70.43000030517578,70.48999786376953,69.91999816894531,70.22000122070312,5570900,0.0,0.0,0.0
2024-11-13 00:00:00-05:00,70.2699966430664,70.48999786376953,69.98999786376953,70.25,6339800,0.0,0.0,0.0
2024-11-14 00:00:00-05:00,70.2699966430664,70.31999969482422,69.72000122070312,69.79000091552734,6745600,0.0,0.0,0.0
2024-11-15 00:00:00-05:00,69.37000274658203,69.41999816894531,68.69000244140625,68.88999938964844,6511300,0.0,0.0,0.0
2024-11-18 00:00:00-05:00,68.95999908447266,69.3499984741211,68.86000061035156,69.18000030517578,7419600,0.0,0.0,0.0
2024-11-19 00:00:00-05:00,68.7699966430664,69.52999877929688,68.69000244140625,69.44000244140625,5668800,0.0,0.0,0.0
2024-11-20 00:00:00-05:00,69.44000244140625,69.48999786376953,68.77999877929688,69.47000122070312,6802400,0.0,0.0,0.0
2024-11-21 00:00:00-05:00,69.80000305175781,70.0,69.11000061035156,69.83000183105469,6652200,0.0,0.0,0.0
2024-11-22 00:00:00-05:00,69.83999633789062,70.12000274658203,69.77999877929688,70.05000305175781,5002300,0.0,0.0,0.0
2024-11-25 00:00:00-05:00,70.5199966430664,70.66999816894531,70.0199966430664,70.29000091552734,6049000,0.0,0.0,0.0
2024-11-26 00:00:00-05:00,70.44000244140625,70.73999786376953,70.36000061035156,70.66999816894531,5298200,0.0,0.0,0.0
2024-11-27 00:00:00-05:00,70.62999725341797,70.68000030517578,70.26000213623047,70.44000244140625,5239600,0.0,0.0,0.0
2024-11-29 00:00:00-05:00,70.54000091552734,70.97000122070312,70.5199966430664,70.88999938964844,5772200,0.0,0.0,0.0
2024-12-02 00:00:00-05:00,70.94000244140625,71.08999633789062,70.87000274658203,71.01000213623047,6512500,0.0,0.0,0.0
2024-12-03 00:00:00-05:00,71.0,71.08000183105469,70.86000061035156,71.04000091552734,4288100,0.0,0.0,0.0
2024-12-04 00:00:00-05:00,71.26000213623047,71.51000213623047,71.16999816894531,71.48999786376953,6231300,0.0,0.0,0.0
2024-12-05 00:00:00-05:00,71.4800033569336,71.58000183105469,71.33000183105469,71.37000274658203,4440500,0.0,0.0,0.0
2024-12-06 00:00:00-05:00,71.45999908447266,71.6500015258789,71.41000366210938,71.5199966430664,5825800,0.0,0.0,0.0
2024-12-09 00:00:00-05:00,71.5,71.51000213623047,71.05999755859375,71.12999725341797,3678100,0.0,0.0,0.0
2024-12-10 00:00:00-05:00,71.20999908447266,71.25,70.83000183105469,70.9000015258789,8520500,0.0,0.0,0.0
2024-12-11 00:00:00-05:00,71.26000213623047,71.56999969482422,71.23999786376953,71.45999908447266,4317700,0.0,0.0,0.0
2024-12-12 00:00:00-05:00,71.37000274658203,71.43000030517578,71.0999984741211,71.0999984741211,6836800,0.0,0.0,0.0
2024-12-13 00:00:00-05:00,71.33000183105469,71.43000030517578,70.91000366210938,71.08999633789062,8844600,0.0,0.0,0.0
2024-12-16 00:00:00-05:00,71.30000305175781,71.5,71.19999694824219,71.37999725341797,8370100,0.0,0.0,0.0
2024-12-17 00:00:00-05:00,71.08000183105469,71.19000244140625,70.93000030517578,71.08999633789062,9288900,0.0,0.0,0.0
2024-12-18 00:00:00-05:00,71.05999755859375,71.33999633789062,68.93000030517578,68.97000122070312,13159000,0.0,0.0,0.0
2024-12-19 00:00:00-05:00,69.56999969482422,69.75,68.93000030517578,68.94999694824219,16995100,0.0,0.0,0.0
2024-12-20 00:00:00-05:00,68.66000366210938,70.30000305175781,68.56999969482422,69.7300033569336,8791200,0.0,0.0,0.0
2024-12-23 00:00:00-05:00,69.73999786376953,70.26000213623047,69.3499984741211,70.19999694824219,6452100,0.0,0.0,0.0
2024-12-24 00:00:00-05:00,70.3499984741211,70.97000122070312,70.27999877929688,70.94000244140625,2856500,0.0,0.0,0.0
2024-12-26 00:00:00-05:00,70.76000213623047,71.11000061035156,70.58999633789062,70.97000122070312,4003300,0.0,0.0,0.0
2024-12-27 00:00:00-05:00,70.29000091552734,70.30999755859375,69.5,70.0,4826000,0.0,0.0,0.0
