Date,Open,High,Low,Close,Volume,Dividends,Stock Splits
2021-04-19 00:00:00-04:00,10.149999618530273,10.649999618530273,10.100000381469727,10.300000190734863,14300,0.0,0.0
2021-04-20 00:00:00-04:00,10.149999618530273,10.399999618530273,10.149999618530273,10.321999549865723,6000,0.0,0.0
2021-04-21 00:00:00-04:00,10.289999961853027,10.447999954223633,10.119999885559082,10.140000343322754,9500,0.0,0.0
2021-04-22 00:00:00-04:00,10.15999984741211,10.239999771118164,10.0600004196167,10.140000343322754,38800,0.0,0.0
2021-04-23 00:00:00-04:00,10.199999809265137,10.210000038146973,9.970000267028809,10.119999885559082,110000,0.0,0.0
2021-04-26 00:00:00-04:00,10.119999885559082,10.119999885559082,10.010000228881836,10.09000015258789,16300,0.0,0.0
2021-04-27 00:00:00-04:00,10.09000015258789,10.119999885559082,10.0600004196167,10.069999694824219,37800,0.0,0.0
2021-04-28 00:00:00-04:00,10.170000076293945,10.229999542236328,10.140000343322754,10.210000038146973,10600,0.0,0.0
2021-04-29 00:00:00-04:00,10.25,10.270000457763672,10.149999618530273,10.270000457763672,8200,0.0,0.0
2021-04-30 00:00:00-04:00,10.199999809265137,10.289999961853027,10.170000076293945,10.289999961853027,8800,0.0,0.0
2021-05-03 00:00:00-04:00,10.319999694824219,10.350000381469727,10.14900016784668,10.159000396728516,25600,0.0,0.0
2021-05-04 00:00:00-04:00,10.100000381469727,10.420000076293945,10.010000228881836,10.140000343322754,68100,0.0,0.0
2021-05-05 00:00:00-04:00,10.100000381469727,10.149999618530273,10.050000190734863,10.100000381469727,8500,0.0,0.0
2021-05-06 00:00:00-04:00,10.0,10.100000381469727,9.960000038146973,10.029999732971191,106900,0.0,0.0
2021-05-07 00:00:00-04:00,10.088000297546387,10.088000297546387,9.960000038146973,10.0,54500,0.0,0.0
2021-05-10 00:00:00-04:00,10.0,10.109999656677246,9.979999542236328,10.029999732971191,25600,0.0,0.0
2021-05-11 00:00:00-04:00,10.029999732971191,10.149999618530273,10.029999732971191,10.0600004196167,31000,0.0,0.0
2021-05-12 00:00:00-04:00,10.050000190734863,10.07800006866455,10.050000190734863,10.0600004196167,21500,0.0,0.0
2021-05-13 00:00:00-04:00,10.100000381469727,10.100000381469727,10.0,10.050000190734863,8600,0.0,0.0
2021-05-14 00:00:00-04:00,10.100000381469727,10.100000381469727,9.930000305175781,10.0,8400,0.0,0.0
2021-05-17 00:00:00-04:00,10.079999923706055,10.079999923706055,9.899999618530273,9.930000305175781,24800,0.0,0.0
2021-05-18 00:00:00-04:00,9.989999771118164,10.050000190734863,9.880000114440918,9.972999572753906,123400,0.0,0.0
2021-05-19 00:00:00-04:00,9.989999771118164,10.012999534606934,9.979999542236328,9.989999771118164,31100,0.0,0.0
2021-05-20 00:00:00-04:00,9.989999771118164,10.069999694824219,9.949999809265137,9.949999809265137,172000,0.0,0.0
2021-05-21 00:00:00-04:00,10.010000228881836,10.050000190734863,9.84000015258789,9.901000022888184,333300,0.0,0.0
2021-05-24 00:00:00-04:00,9.920000076293945,10.003999710083008,9.850000381469727,9.9399995803833,649400,0.0,0.0
2021-05-25 00:00:00-04:00,9.859999656677246,9.970000267028809,9.859999656677246,9.949999809265137,1800,0.0,0.0
2021-05-26 00:00:00-04:00,9.909000396728516,9.960000038146973,9.890000343322754,9.960000038146973,27800,0.0,0.0
2021-05-27 00:00:00-04:00,9.899999618530273,9.9399995803833,9.819999694824219,9.9399995803833,18500,0.0,0.0
2021-05-28 00:00:00-04:00,10.0,10.0,9.850000381469727,9.859999656677246,15600,0.0,0.0
2021-06-01 00:00:00-04:00,10.0,10.0,9.899999618530273,9.949999809265137,71500,0.0,0.0
2021-06-02 00:00:00-04:00,9.979999542236328,10.020000457763672,9.949999809265137,9.970000267028809,6200,0.0,0.0
2021-06-03 00:00:00-04:00,9.960000038146973,10.050000190734863,9.949999809265137,10.020000457763672,14900,0.0,0.0
2021-06-04 00:00:00-04:00,10.291999816894531,10.291999816894531,10.020000457763672,10.050000190734863,13800,0.0,0.0
2021-06-07 00:00:00-04:00,10.100000381469727,10.140000343322754,10.029999732971191,10.069999694824219,22800,0.0,0.0
2021-06-08 00:00:00-04:00,10.119999885559082,10.300000190734863,10.119999885559082,10.199999809265137,15500,0.0,0.0
2021-06-09 00:00:00-04:00,10.420000076293945,10.541999816894531,9.899999618530273,10.0,2794500,0.0,0.0
2021-06-10 00:00:00-04:00,10.050000190734863,10.069999694824219,9.949999809265137,9.979999542236328,595700,0.0,0.0
2021-06-11 00:00:00-04:00,10.029999732971191,10.050000190734863,9.970000267028809,9.989999771118164,243900,0.0,0.0
2021-06-14 00:00:00-04:00,10.039999961853027,10.039999961853027,9.949999809265137,9.949999809265137,304400,0.0,0.0
2021-06-15 00:00:00-04:00,9.949999809265137,9.99899959564209,9.949999809265137,9.989999771118164,120500,0.0,0.0
2021-06-16 00:00:00-04:00,10.0,10.0,9.949999809265137,9.970000267028809,150200,0.0,0.0
2021-06-17 00:00:00-04:00,9.949999809265137,10.0,9.9399995803833,9.960000038146973,168200,0.0,0.0
2021-06-18 00:00:00-04:00,9.989999771118164,9.989999771118164,9.930000305175781,9.949999809265137,129000,0.0,0.0
2021-06-21 00:00:00-04:00,9.9399995803833,9.958999633789062,9.920000076293945,9.9399995803833,163500,0.0,0.0
2021-06-22 00:00:00-04:00,9.960000038146973,9.970000267028809,9.920000076293945,9.970000267028809,204000,0.0,0.0
2021-06-23 00:00:00-04:00,9.949999809265137,9.949999809265137,9.930000305175781,9.949999809265137,76900,0.0,0.0
2021-06-24 00:00:00-04:00,9.960000038146973,9.960000038146973,9.920000076293945,9.9399995803833,76600,0.0,0.0
2021-06-25 00:00:00-04:00,9.949999809265137,9.968999862670898,9.9399995803833,9.9399995803833,76800,0.0,0.0
2021-06-28 00:00:00-04:00,9.979999542236328,9.986000061035156,9.930000305175781,9.960000038146973,315900,0.0,0.0
2021-06-29 00:00:00-04:00,9.9399995803833,10.0,9.9399995803833,9.960000038146973,266900,0.0,0.0
2021-06-30 00:00:00-04:00,9.9399995803833,9.989999771118164,9.9399995803833,9.949999809265137,172200,0.0,0.0
2021-07-01 00:00:00-04:00,10.0,10.0,9.949999809265137,9.949999809265137,125200,0.0,0.0
2021-07-02 00:00:00-04:00,9.949999809265137,9.979999542236328,9.949999809265137,9.949999809265137,51200,0.0,0.0
2021-07-06 00:00:00-04:00,9.9399995803833,9.979999542236328,9.9399995803833,9.949999809265137,57300,0.0,0.0
2021-07-07 00:00:00-04:00,9.949999809265137,10.0,9.949999809265137,9.970000267028809,69000,0.0,0.0
2021-07-08 00:00:00-04:00,9.960000038146973,9.989999771118164,9.949999809265137,9.989999771118164,24400,0.0,0.0
2021-07-09 00:00:00-04:00,9.979999542236328,10.010000228881836,9.960000038146973,9.979999542236328,29700,0.0,0.0
2021-07-12 00:00:00-04:00,10.0,10.0,9.970000267028809,9.979999542236328,27500,0.0,0.0
2021-07-13 00:00:00-04:00,10.0,10.0,9.949999809265137,9.949999809265137,76600,0.0,0.0
2021-07-14 00:00:00-04:00,9.949999809265137,9.979999542236328,9.9399995803833,9.9399995803833,117700,0.0,0.0
2021-07-15 00:00:00-04:00,9.970000267028809,9.989999771118164,9.949999809265137,9.960000038146973,112700,0.0,0.0
2021-07-16 00:00:00-04:00,9.979999542236328,9.989999771118164,9.899999618530273,9.949999809265137,203000,0.0,0.0
2021-07-19 00:00:00-04:00,9.949999809265137,9.960000038146973,9.899999618530273,9.899999618530273,192500,0.0,0.0
2021-07-20 00:00:00-04:00,9.960000038146973,10.0,9.899999618530273,9.930000305175781,181000,0.0,0.0
2021-07-21 00:00:00-04:00,9.949999809265137,9.970000267028809,9.9399995803833,9.960000038146973,15100,0.0,0.0
2021-07-22 00:00:00-04:00,9.970000267028809,9.970000267028809,9.920000076293945,9.960000038146973,16200,0.0,0.0
2021-07-23 00:00:00-04:00,9.960000038146973,10.0,9.930000305175781,9.930000305175781,113700,0.0,0.0
2021-07-26 00:00:00-04:00,9.949999809265137,9.979999542236328,9.920000076293945,9.9399995803833,280900,0.0,0.0
2021-07-27 00:00:00-04:00,9.9399995803833,9.989999771118164,9.9399995803833,9.970000267028809,1031000,0.0,0.0
2021-07-28 00:00:00-04:00,10.020000457763672,10.020000457763672,9.9399995803833,9.9399995803833,28500,0.0,0.0
2021-07-29 00:00:00-04:00,10.0,10.0,9.90999984741211,9.930000305175781,189100,0.0,0.0
2021-07-30 00:00:00-04:00,9.930000305175781,9.9399995803833,9.899999618530273,9.899999618530273,14700,0.0,0.0
2021-08-02 00:00:00-04:00,9.920000076293945,9.930000305175781,9.880000114440918,9.880000114440918,29900,0.0,0.0
2021-08-03 00:00:00-04:00,9.949999809265137,9.949999809265137,9.880000114440918,9.890000343322754,12200,0.0,0.0
2021-08-04 00:00:00-04:00,9.9399995803833,9.9399995803833,9.880000114440918,9.880000114440918,22000,0.0,0.0
2021-08-05 00:00:00-04:00,9.930000305175781,9.930000305175781,9.829999923706055,9.850000381469727,77100,0.0,0.0
2021-08-06 00:00:00-04:00,9.84000015258789,9.869999885559082,9.84000015258789,9.859999656677246,29200,0.0,0.0
2021-08-09 00:00:00-04:00,9.899999618530273,9.899999618530273,9.859999656677246,9.859999656677246,82800,0.0,0.0
2021-08-10 00:00:00-04:00,9.869999885559082,9.899999618530273,9.859999656677246,9.890000343322754,44400,0.0,0.0
2021-08-11 00:00:00-04:00,9.90999984741211,9.90999984741211,9.880000114440918,9.899999618530273,59200,0.0,0.0
2021-08-12 00:00:00-04:00,9.90999984741211,9.90999984741211,9.869999885559082,9.890000343322754,23900,0.0,0.0
2021-08-13 00:00:00-04:00,9.890000343322754,9.899999618530273,9.859999656677246,9.890000343322754,31200,0.0,0.0
2021-08-16 00:00:00-04:00,9.880000114440918,9.880000114440918,9.859999656677246,9.869999885559082,65000,0.0,0.0
2021-08-17 00:00:00-04:00,9.890000343322754,9.890000343322754,9.859999656677246,9.869999885559082,30200,0.0,0.0
2021-08-18 00:00:00-04:00,9.880000114440918,9.890000343322754,9.850000381469727,9.880000114440918,38800,0.0,0.0
2021-08-19 00:00:00-04:00,9.880000114440918,9.880000114440918,9.800000190734863,9.850000381469727,53700,0.0,0.0
2021-08-20 00:00:00-04:00,9.859999656677246,9.859999656677246,9.800000190734863,9.84000015258789,69700,0.0,0.0
2021-08-23 00:00:00-04:00,9.829999923706055,9.920000076293945,9.800000190734863,9.819999694824219,61600,0.0,0.0
2021-08-24 00:00:00-04:00,9.84000015258789,9.84000015258789,9.78499984741211,9.8100004196167,72400,0.0,0.0
2021-08-25 00:00:00-04:00,9.819999694824219,9.869999885559082,9.800000190734863,9.859999656677246,270700,0.0,0.0
2021-08-26 00:00:00-04:00,9.890000343322754,9.899999618530273,9.8100004196167,9.8100004196167,222100,0.0,0.0
2021-08-27 00:00:00-04:00,9.880000114440918,9.920000076293945,9.829999923706055,9.899999618530273,213700,0.0,0.0
2021-08-30 00:00:00-04:00,9.920000076293945,9.920000076293945,9.869999885559082,9.890000343322754,35900,0.0,0.0
2021-08-31 00:00:00-04:00,9.920000076293945,9.920000076293945,9.859999656677246,9.920000076293945,281900,0.0,0.0
2021-09-01 00:00:00-04:00,9.920000076293945,9.920000076293945,9.869999885559082,9.890000343322754,287300,0.0,0.0
2021-09-02 00:00:00-04:00,9.930000305175781,9.930000305175781,9.869999885559082,9.899999618530273,83800,0.0,0.0
2021-09-03 00:00:00-04:00,9.930000305175781,9.9399995803833,9.859999656677246,9.880000114440918,96500,0.0,0.0
2021-09-07 00:00:00-04:00,9.880000114440918,9.970000267028809,9.869999885559082,9.920000076293945,171800,0.0,0.0
2021-09-08 00:00:00-04:00,9.949999809265137,9.949999809265137,9.890000343322754,9.920000076293945,344200,0.0,0.0
2021-09-09 00:00:00-04:00,9.928000450134277,9.930000305175781,9.890000343322754,9.90999984741211,100700,0.0,0.0
2021-09-10 00:00:00-04:00,9.930000305175781,9.949999809265137,9.890000343322754,9.90999984741211,53300,0.0,0.0
2021-09-13 00:00:00-04:00,9.949999809265137,9.949999809265137,9.890000343322754,9.90999984741211,41300,0.0,0.0
2021-09-14 00:00:00-04:00,9.899999618530273,9.930000305175781,9.890000343322754,9.920000076293945,50300,0.0,0.0
2021-09-15 00:00:00-04:00,9.930000305175781,9.949999809265137,9.850000381469727,9.869999885559082,134700,0.0,0.0
2021-09-16 00:00:00-04:00,9.869999885559082,9.9399995803833,9.859999656677246,9.9399995803833,108200,0.0,0.0
2021-09-17 00:00:00-04:00,9.9399995803833,9.979999542236328,9.9399995803833,9.960000038146973,82800,0.0,0.0
2021-09-20 00:00:00-04:00,9.949999809265137,9.979999542236328,9.9399995803833,9.979999542236328,80700,0.0,0.0
2021-09-21 00:00:00-04:00,9.979999542236328,10.029999732971191,9.970000267028809,9.979999542236328,1522700,0.0,0.0
2021-09-22 00:00:00-04:00,10.010000228881836,10.010000228881836,9.979999542236328,9.979999542236328,492700,0.0,0.0
2021-09-23 00:00:00-04:00,9.989999771118164,10.0,9.970000267028809,9.979999542236328,1326000,0.0,0.0
2021-09-24 00:00:00-04:00,9.979999542236328,10.0,9.970000267028809,10.0,1314700,0.0,0.0
2021-09-27 00:00:00-04:00,10.0,10.010000228881836,9.970000267028809,9.989999771118164,407200,0.0,0.0
2021-09-28 00:00:00-04:00,9.979999542236328,9.979999542236328,9.850000381469727,9.930000305175781,361800,0.0,0.0
2021-09-29 00:00:00-04:00,9.989999771118164,10.039999961853027,9.829999923706055,9.850000381469727,175500,0.0,0.0
2021-09-30 00:00:00-04:00,9.850000381469727,9.850000381469727,7.28000020980835,8.279999732971191,1120100,0.0,0.0
2021-10-01 00:00:00-04:00,8.390000343322754,8.710000038146973,8.0,8.069999694824219,316100,0.0,0.0
2021-10-04 00:00:00-04:00,9.09000015258789,10.0,8.300000190734863,8.600000381469727,410700,0.0,0.0
2021-10-05 00:00:00-04:00,9.489999771118164,10.100000381469727,9.09000015258789,9.399999618530273,731300,0.0,0.0
2021-10-06 00:00:00-04:00,9.779999732971191,10.09000015258789,9.5,9.850000381469727,617700,0.0,0.0
2021-10-07 00:00:00-04:00,10.199999809265137,10.25,9.550000190734863,9.989999771118164,552400,0.0,0.0
2021-10-08 00:00:00-04:00,10.050000190734863,10.050000190734863,9.5,9.5,353700,0.0,0.0
2021-10-11 00:00:00-04:00,9.789999961853027,10.399999618530273,9.59000015258789,10.069999694824219,543500,0.0,0.0
2021-10-12 00:00:00-04:00,10.289999961853027,10.319999694824219,9.979999542236328,10.029999732971191,210000,0.0,0.0
2021-10-13 00:00:00-04:00,10.029999732971191,10.100000381469727,9.899999618530273,10.010000228881836,221100,0.0,0.0
2021-10-14 00:00:00-04:00,10.020000457763672,10.09000015258789,9.699999809265137,10.0,721700,0.0,0.0
2021-10-15 00:00:00-04:00,9.899999618530273,10.079999923706055,9.899999618530273,10.0,261600,0.0,0.0
2021-10-18 00:00:00-04:00,10.010000228881836,10.100000381469727,9.899999618530273,10.0,203600,0.0,0.0
2021-10-19 00:00:00-04:00,10.260000228881836,10.42199993133545,9.960000038146973,10.130000114440918,201400,0.0,0.0
2021-10-20 00:00:00-04:00,10.239999771118164,10.470000267028809,10.050000190734863,10.1899995803833,143800,0.0,0.0
2021-10-21 00:00:00-04:00,10.100000381469727,10.420000076293945,10.050000190734863,10.329999923706055,96700,0.0,0.0
2021-10-22 00:00:00-04:00,10.319999694824219,10.475000381469727,10.25,10.430000305175781,107500,0.0,0.0
2021-10-25 00:00:00-04:00,10.510000228881836,11.300000190734863,10.5,11.100000381469727,375500,0.0,0.0
2021-10-26 00:00:00-04:00,24.209999084472656,27.5,14.65999984741211,16.309999465942383,29855300,0.0,0.0
2021-10-27 00:00:00-04:00,16.68000030517578,16.889999389648438,14.300000190734863,14.5600004196167,1954100,0.0,0.0
2021-10-28 00:00:00-04:00,14.40999984741211,19.3799991607666,14.399999618530273,16.079999923706055,2496500,0.0,0.0
2021-10-29 00:00:00-04:00,17.959999084472656,18.479999542236328,15.25,15.649999618530273,1622600,0.0,0.0
2021-11-01 00:00:00-04:00,16.34000015258789,16.43000030517578,15.800000190734863,16.09000015258789,508700,0.0,0.0
2021-11-02 00:00:00-04:00,16.8700008392334,17.75,16.399999618530273,17.739999771118164,588600,0.0,0.0
2021-11-03 00:00:00-04:00,18.549999237060547,21.469999313354492,18.25,18.5,2060600,0.0,0.0
2021-11-04 00:00:00-04:00,21.100000381469727,21.100000381469727,17.729999542236328,17.969999313354492,873200,0.0,0.0
2021-11-05 00:00:00-04:00,18.299999237060547,18.329999923706055,16.156999588012695,16.280000686645508,679000,0.0,0.0
2021-11-08 00:00:00-05:00,17.450000762939453,20.5,16.5,16.75,2709900,0.0,0.0
2021-11-09 00:00:00-05:00,16.969999313354492,17.540000915527344,16.020000457763672,16.200000762939453,554100,0.0,0.0
2021-11-10 00:00:00-05:00,16.40999984741211,17.6200008392334,16.350000381469727,17.510000228881836,476700,0.0,0.0
2021-11-11 00:00:00-05:00,17.829999923706055,17.969999313354492,16.65999984741211,16.979999542236328,333100,0.0,0.0
2021-11-12 00:00:00-05:00,17.09000015258789,17.760000228881836,16.399999618530273,16.56999969482422,616100,0.0,0.0
2021-11-15 00:00:00-05:00,16.469999313354492,16.649999618530273,14.699999809265137,15.949999809265137,2205400,0.0,0.0
2021-11-16 00:00:00-05:00,16.149999618530273,16.700000762939453,15.0,15.869999885559082,970700,0.0,0.0
2021-11-17 00:00:00-05:00,16.239999771118164,16.399999618530273,15.079999923706055,15.5600004196167,634000,0.0,0.0
2021-11-18 00:00:00-05:00,15.649999618530273,15.649999618530273,14.75,14.949999809265137,404400,0.0,0.0
2021-11-19 00:00:00-05:00,14.800000190734863,15.119999885559082,14.300000190734863,15.0,457300,0.0,0.0
2021-11-22 00:00:00-05:00,15.319999694824219,15.5,14.899999618530273,15.180000305175781,590500,0.0,0.0
2021-11-23 00:00:00-05:00,15.289999961853027,15.390000343322754,14.399999618530273,14.739999771118164,312300,0.0,0.0
2021-11-24 00:00:00-05:00,14.699999809265137,14.699999809265137,12.760000228881836,12.890000343322754,802200,0.0,0.0
2021-11-26 00:00:00-05:00,12.6899995803833,13.869999885559082,12.199999809265137,13.449999809265137,475900,0.0,0.0
2021-11-29 00:00:00-05:00,13.630000114440918,13.800000190734863,12.119999885559082,12.329999923706055,601300,0.0,0.0
2021-11-30 00:00:00-05:00,12.119999885559082,12.529999732971191,11.859999656677246,12.420000076293945,250500,0.0,0.0
2021-12-01 00:00:00-05:00,12.5,12.699999809265137,11.9399995803833,12.140000343322754,312300,0.0,0.0
2021-12-02 00:00:00-05:00,12.149999618530273,12.789999961853027,11.869999885559082,12.420000076293945,302200,0.0,0.0
2021-12-03 00:00:00-05:00,12.350000381469727,12.489999771118164,11.800000190734863,12.130000114440918,242400,0.0,0.0
2021-12-06 00:00:00-05:00,12.289999961853027,12.739999771118164,11.699999809265137,12.430000305175781,329000,0.0,0.0
2021-12-07 00:00:00-05:00,12.520000457763672,12.869999885559082,12.40999984741211,12.5600004196167,252000,0.0,0.0
2021-12-08 00:00:00-05:00,12.890000343322754,13.180000305175781,12.579999923706055,13.109999656677246,223100,0.0,0.0
2021-12-09 00:00:00-05:00,13.710000038146973,14.949999809265137,13.630000114440918,14.770000457763672,521900,0.0,0.0
2021-12-10 00:00:00-05:00,14.800000190734863,15.0,13.510000228881836,14.800000190734863,384000,0.0,0.0
2021-12-13 00:00:00-05:00,14.720000267028809,14.800000190734863,14.319999694824219,14.520000457763672,297700,0.0,0.0
2021-12-14 00:00:00-05:00,14.5,14.600000381469727,13.359999656677246,13.600000381469727,250000,0.0,0.0
2021-12-15 00:00:00-05:00,13.850000381469727,14.229999542236328,13.164999961853027,14.149999618530273,251100,0.0,0.0
2021-12-16 00:00:00-05:00,14.050000190734863,14.510000228881836,13.239999771118164,13.319999694824219,361300,0.0,0.0
2021-12-17 00:00:00-05:00,13.5,13.640000343322754,12.800000190734863,13.399999618530273,199800,0.0,0.0
2021-12-20 00:00:00-05:00,13.010000228881836,13.710000038146973,13.010000228881836,13.1899995803833,91500,0.0,0.0
2021-12-21 00:00:00-05:00,13.3100004196167,13.770000457763672,13.0,13.550000190734863,300900,0.0,0.0
2021-12-22 00:00:00-05:00,13.489999771118164,14.800000190734863,13.3100004196167,14.779999732971191,400700,0.0,0.0
2021-12-23 00:00:00-05:00,15.369999885559082,16.530000686645508,15.369999885559082,15.75,1080000,0.0,0.0
2021-12-27 00:00:00-05:00,15.6899995803833,16.989999771118164,15.62399959564209,16.510000228881836,653200,0.0,0.0
2021-12-28 00:00:00-05:00,16.5,17.299999237060547,16.020000457763672,16.969999313354492,571600,0.0,0.0
2021-12-29 00:00:00-05:00,17.100000381469727,17.496999740600586,16.100000381469727,16.559999465942383,493200,0.0,0.0
2021-12-30 00:00:00-05:00,16.510000228881836,17.25,16.510000228881836,16.670000076293945,2084500,0.0,0.0
2021-12-31 00:00:00-05:00,16.8700008392334,16.989999771118164,16.149999618530273,16.34000015258789,221400,0.0,0.0
2022-01-03 00:00:00-05:00,16.600000381469727,16.93000030517578,16.229999542236328,16.540000915527344,364200,0.0,0.0
2022-01-04 00:00:00-05:00,16.979999542236328,17.600000381469727,16.719999313354492,16.959999084472656,722600,0.0,0.0
2022-01-05 00:00:00-05:00,17.18000030517578,17.260000228881836,15.09000015258789,15.550000190734863,504900,0.0,0.0
2022-01-06 00:00:00-05:00,15.579999923706055,15.619999885559082,14.109999656677246,14.630000114440918,543900,0.0,0.0
2022-01-07 00:00:00-05:00,14.449999809265137,14.972999572753906,13.75,13.989999771118164,491900,0.0,0.0
2022-01-10 00:00:00-05:00,13.970000267028809,13.970000267028809,13.40999984741211,13.899999618530273,319000,0.0,0.0
2022-01-11 00:00:00-05:00,13.800000190734863,14.149999618530273,13.699999809265137,14.069999694824219,236700,0.0,0.0
2022-01-12 00:00:00-05:00,14.199999809265137,14.399999618530273,13.65999984741211,13.920000076293945,247600,0.0,0.0
2022-01-13 00:00:00-05:00,13.920000076293945,14.699999809265137,13.895000457763672,14.380000114440918,434200,0.0,0.0
2022-01-14 00:00:00-05:00,14.149999618530273,14.34000015258789,13.4399995803833,13.569999694824219,415300,0.0,0.0
2022-01-18 00:00:00-05:00,13.449999809265137,13.760000228881836,12.850000381469727,13.020000457763672,388000,0.0,0.0
2022-01-19 00:00:00-05:00,13.020000457763672,13.329999923706055,12.378000259399414,12.390000343322754,314000,0.0,0.0
2022-01-20 00:00:00-05:00,12.420000076293945,13.4399995803833,12.420000076293945,12.84000015258789,290500,0.0,0.0
2022-01-21 00:00:00-05:00,12.59000015258789,12.949999809265137,12.140000343322754,12.680000305175781,340700,0.0,0.0
2022-01-24 00:00:00-05:00,12.170000076293945,12.65999984741211,11.600000381469727,12.489999771118164,342900,0.0,0.0
2022-01-25 00:00:00-05:00,12.399999618530273,13.25,12.260000228881836,13.100000381469727,318200,0.0,0.0
2022-01-26 00:00:00-05:00,13.119999885559082,13.529999732971191,12.529999732971191,12.800000190734863,188400,0.0,0.0
2022-01-27 00:00:00-05:00,12.869999885559082,13.239999771118164,11.859999656677246,11.949999809265137,260300,0.0,0.0
2022-01-28 00:00:00-05:00,11.949999809265137,12.199999809265137,11.319999694824219,11.850000381469727,351300,0.0,0.0
2022-01-31 00:00:00-05:00,11.899999618530273,12.234999656677246,11.899999618530273,12.029999732971191,326800,0.0,0.0
2022-02-01 00:00:00-05:00,13.220000267028809,13.220000267028809,12.201000213623047,12.880000114440918,638600,0.0,0.0
2022-02-02 00:00:00-05:00,12.930000305175781,12.989999771118164,12.420000076293945,12.569999694824219,380900,0.0,0.0
2022-02-03 00:00:00-05:00,12.350000381469727,13.359999656677246,12.319999694824219,12.739999771118164,380300,0.0,0.0
2022-02-04 00:00:00-05:00,13.029999732971191,13.350000381469727,12.729999542236328,13.329999923706055,303100,0.0,0.0
2022-02-07 00:00:00-05:00,13.5600004196167,14.40999984741211,13.5,14.0,632400,0.0,0.0
2022-02-08 00:00:00-05:00,14.100000381469727,14.579999923706055,13.84000015258789,14.220000267028809,211400,0.0,0.0
2022-02-09 00:00:00-05:00,14.5,15.25,14.359999656677246,15.1899995803833,344700,0.0,0.0
2022-02-10 00:00:00-05:00,15.470000267028809,15.59000015258789,14.460000038146973,14.65999984741211,261500,0.0,0.0
2022-02-11 00:00:00-05:00,14.8100004196167,15.15999984741211,13.880000114440918,14.09000015258789,247700,0.0,0.0
2022-02-14 00:00:00-05:00,14.119999885559082,14.710000038146973,14.010000228881836,14.229999542236328,255800,0.0,0.0
2022-02-15 00:00:00-05:00,15.010000228881836,15.100000381469727,14.510000228881836,14.680000305175781,237000,0.0,0.0
2022-02-16 00:00:00-05:00,14.630000114440918,14.85099983215332,14.199999809265137,14.5600004196167,107100,0.0,0.0
2022-02-17 00:00:00-05:00,14.420000076293945,14.5,13.479999542236328,13.59000015258789,218200,0.0,0.0
2022-02-18 00:00:00-05:00,13.619999885559082,14.100000381469727,12.949999809265137,13.279999732971191,328300,0.0,0.0
2022-02-22 00:00:00-05:00,13.15999984741211,13.15999984741211,12.130000114440918,12.239999771118164,394700,0.0,0.0
2022-02-23 00:00:00-05:00,12.380000114440918,12.501999855041504,11.899999618530273,12.039999961853027,349900,0.0,0.0
2022-02-24 00:00:00-05:00,11.300000190734863,12.09000015258789,11.020000457763672,11.960000038146973,414800,0.0,0.0
2022-02-25 00:00:00-05:00,12.515000343322754,12.899999618530273,12.300000190734863,12.800000190734863,258200,0.0,0.0
2022-02-28 00:00:00-05:00,12.600000381469727,13.140000343322754,12.270000457763672,12.329999923706055,349600,0.0,0.0
2022-03-01 00:00:00-05:00,12.180000305175781,12.489999771118164,12.020000457763672,12.109999656677246,112300,0.0,0.0
2022-03-02 00:00:00-05:00,12.199999809265137,12.510000228881836,12.109999656677246,12.1899995803833,166300,0.0,0.0
2022-03-03 00:00:00-05:00,12.350000381469727,12.449999809265137,11.760000228881836,11.800000190734863,184400,0.0,0.0
2022-03-04 00:00:00-05:00,11.800000190734863,12.289999961853027,11.765000343322754,11.970000267028809,364700,0.0,0.0
2022-03-07 00:00:00-05:00,11.899999618530273,12.149999618530273,11.800000190734863,12.119999885559082,201900,0.0,0.0
2022-03-08 00:00:00-05:00,12.170000076293945,12.899999618530273,12.07800006866455,12.40999984741211,222300,0.0,0.0
2022-03-09 00:00:00-05:00,12.600000381469727,12.970000267028809,12.460000038146973,12.65999984741211,219500,0.0,0.0
2022-03-10 00:00:00-05:00,12.399999618530273,12.960000038146973,12.359999656677246,12.850000381469727,123700,0.0,0.0
2022-03-11 00:00:00-05:00,13.0,13.260000228881836,13.0,13.069999694824219,130100,0.0,0.0
2022-03-14 00:00:00-04:00,13.5,14.1899995803833,13.3100004196167,13.649999618530273,735000,0.0,0.0
2022-03-15 00:00:00-04:00,14.369999885559082,14.430000305175781,11.9399995803833,12.119999885559082,772000,0.0,0.0
2022-03-16 00:00:00-04:00,13.100000381469727,13.4399995803833,12.760000228881836,13.359999656677246,678500,0.0,0.0
2022-03-17 00:00:00-04:00,13.359999656677246,13.890000343322754,12.720000267028809,12.84000015258789,644400,0.0,0.0
2022-03-18 00:00:00-04:00,13.380000114440918,13.920000076293945,12.970000267028809,13.569999694824219,1713100,0.0,0.0
2022-03-21 00:00:00-04:00,13.600000381469727,13.989999771118164,13.380000114440918,13.829999923706055,358300,0.0,0.0
2022-03-22 00:00:00-04:00,13.920000076293945,14.0,13.039999961853027,13.729999542236328,325600,0.0,0.0
2022-03-23 00:00:00-04:00,13.6899995803833,13.850000381469727,13.3100004196167,13.4399995803833,280500,0.0,0.0
2022-03-24 00:00:00-04:00,13.460000038146973,13.770000457763672,13.199999809265137,13.5,182700,0.0,0.0
2022-03-25 00:00:00-04:00,13.520000457763672,13.609999656677246,13.3100004196167,13.430000305175781,160100,0.0,0.0
2022-03-28 00:00:00-04:00,13.329999923706055,13.34000015258789,12.119999885559082,12.3100004196167,452100,0.0,0.0
2022-03-29 00:00:00-04:00,12.800000190734863,12.800000190734863,12.029999732971191,12.470000267028809,582700,0.0,0.0
2022-03-30 00:00:00-04:00,12.15999984741211,12.59000015258789,12.149999618530273,12.180000305175781,329100,0.0,0.0
2022-03-31 00:00:00-04:00,12.5,12.869999885559082,12.270000457763672,12.75,225600,0.0,0.0
2022-04-01 00:00:00-04:00,12.789999961853027,12.890000343322754,12.25,12.319999694824219,238900,0.0,0.0
2022-04-04 00:00:00-04:00,12.300000190734863,12.5600004196167,12.260000228881836,12.420000076293945,203800,0.0,0.0
2022-04-05 00:00:00-04:00,12.369999885559082,12.430000305175781,11.979999542236328,12.270000457763672,190400,0.0,0.0
2022-04-06 00:00:00-04:00,12.09000015258789,12.4399995803833,11.720000267028809,12.319999694824219,255000,0.0,0.0
2022-04-07 00:00:00-04:00,12.329000473022461,12.380000114440918,12.09000015258789,12.220000267028809,175600,0.0,0.0
2022-04-08 00:00:00-04:00,12.220000267028809,12.350000381469727,11.890000343322754,11.9399995803833,324200,0.0,0.0
2022-04-11 00:00:00-04:00,12.09000015258789,12.09000015258789,11.779999732971191,11.829999923706055,172700,0.0,0.0
2022-04-12 00:00:00-04:00,11.760000228881836,11.899999618530273,11.569999694824219,11.6899995803833,192500,0.0,0.0
2022-04-13 00:00:00-04:00,11.710000038146973,11.710000038146973,11.420000076293945,11.550000190734863,189500,0.0,0.0
2022-04-14 00:00:00-04:00,11.449999809265137,11.539999961853027,11.180000305175781,11.449999809265137,179100,0.0,0.0
2022-04-18 00:00:00-04:00,11.260000228881836,11.520000457763672,11.199999809265137,11.4399995803833,106400,0.0,0.0
2022-04-19 00:00:00-04:00,11.359999656677246,11.720000267028809,11.289999961853027,11.649999618530273,131900,0.0,0.0
2022-04-20 00:00:00-04:00,11.859999656677246,11.899999618530273,11.289999961853027,11.609999656677246,215700,0.0,0.0
2022-04-21 00:00:00-04:00,11.720000267028809,11.789999961853027,11.390000343322754,11.6899995803833,137100,0.0,0.0
2022-04-22 00:00:00-04:00,11.5,11.899999618530273,11.5,11.819999694824219,210400,0.0,0.0
2022-04-25 00:00:00-04:00,11.59000015258789,12.25,11.449999809265137,12.25,311600,0.0,0.0
2022-04-26 00:00:00-04:00,12.039999961853027,12.185999870300293,11.800000190734863,12.149999618530273,215000,0.0,0.0
2022-04-27 00:00:00-04:00,12.149999618530273,12.170000076293945,11.894000053405762,11.949999809265137,110300,0.0,0.0
2022-04-28 00:00:00-04:00,12.0600004196167,12.180000305175781,11.729999542236328,11.90999984741211,169500,0.0,0.0
2022-04-29 00:00:00-04:00,11.90999984741211,12.152999877929688,11.850000381469727,11.880000114440918,121200,0.0,0.0
2022-05-02 00:00:00-04:00,11.890000343322754,12.050000190734863,11.670000076293945,12.0,202500,0.0,0.0
2022-05-03 00:00:00-04:00,11.779999732971191,12.029999732971191,11.720000267028809,11.739999771118164,158700,0.0,0.0
2022-05-04 00:00:00-04:00,11.8100004196167,12.069999694824219,11.5,12.069999694824219,93700,0.0,0.0
2022-05-05 00:00:00-04:00,11.979999542236328,12.699999809265137,11.649999618530273,12.4399995803833,241600,0.0,0.0
2022-05-06 00:00:00-04:00,12.380000114440918,12.5,12.109999656677246,12.350000381469727,123100,0.0,0.0
2022-05-09 00:00:00-04:00,12.109999656677246,12.3100004196167,11.40999984741211,11.680000305175781,219700,0.0,0.0
2022-05-10 00:00:00-04:00,11.949999809265137,11.989999771118164,11.479999542236328,11.5600004196167,421500,0.0,0.0
2022-05-11 00:00:00-04:00,11.5600004196167,11.890000343322754,10.630000114440918,10.710000038146973,693300,0.0,0.0
2022-05-12 00:00:00-04:00,11.350000381469727,11.720000267028809,10.880000114440918,11.0,300900,0.0,0.0
2022-05-13 00:00:00-04:00,11.050000190734863,11.380000114440918,10.550000190734863,10.829999923706055,241200,0.0,0.0
2022-05-16 00:00:00-04:00,10.84000015258789,11.069999694824219,10.670000076293945,10.770000457763672,197500,0.0,0.0
2022-05-17 00:00:00-04:00,11.039999961853027,11.180000305175781,10.800000190734863,10.920000076293945,193800,0.0,0.0
2022-05-18 00:00:00-04:00,10.770000457763672,10.859999656677246,10.154999732971191,10.229999542236328,351300,0.0,0.0
2022-05-19 00:00:00-04:00,10.100000381469727,10.350000381469727,10.010000228881836,10.050000190734863,468400,0.0,0.0
2022-05-20 00:00:00-04:00,10.0,10.130000114440918,9.100000381469727,9.619999885559082,493000,0.0,0.0
2022-05-23 00:00:00-04:00,9.550000190734863,10.0,9.350000381469727,9.970000267028809,198500,0.0,0.0
2022-05-24 00:00:00-04:00,9.899999618530273,9.989999771118164,9.729999542236328,9.850000381469727,90200,0.0,0.0
2022-05-25 00:00:00-04:00,9.949999809265137,10.0,9.760000228881836,9.920000076293945,136400,0.0,0.0
2022-05-26 00:00:00-04:00,9.84000015258789,10.27400016784668,9.84000015258789,10.170000076293945,242100,0.0,0.0
2022-05-27 00:00:00-04:00,9.970000267028809,10.680000305175781,9.970000267028809,10.579999923706055,382300,0.0,0.0
2022-05-31 00:00:00-04:00,10.59000015258789,10.638999938964844,9.800000190734863,9.800000190734863,310300,0.0,0.0
2022-06-01 00:00:00-04:00,9.899999618530273,9.970000267028809,9.489999771118164,9.579999923706055,214900,0.0,0.0
2022-06-02 00:00:00-04:00,9.600000381469727,10.079999923706055,9.600000381469727,10.0600004196167,126200,0.0,0.0
2022-06-03 00:00:00-04:00,10.260000228881836,10.260000228881836,9.539999961853027,9.770000457763672,158900,0.0,0.0
2022-06-06 00:00:00-04:00,9.729999542236328,9.850000381469727,9.510000228881836,9.6899995803833,208500,0.0,0.0
2022-06-07 00:00:00-04:00,9.520000457763672,9.75,9.369999885559082,9.550000190734863,193000,0.0,0.0
2022-06-08 00:00:00-04:00,9.510000228881836,9.9399995803833,9.449999809265137,9.739999771118164,82400,0.0,0.0
2022-06-09 00:00:00-04:00,9.789999961853027,10.369999885559082,9.687999725341797,9.979999542236328,170100,0.0,0.0
2022-06-10 00:00:00-04:00,9.739999771118164,9.9399995803833,9.479999542236328,9.569999694824219,170500,0.0,0.0
2022-06-13 00:00:00-04:00,9.479999542236328,9.479999542236328,8.859999656677246,9.399999618530273,318100,0.0,0.0
2022-06-14 00:00:00-04:00,9.25,9.255000114440918,8.859999656677246,9.0,306800,0.0,0.0
2022-06-15 00:00:00-04:00,8.970000267028809,9.239999771118164,8.789999961853027,9.020000457763672,198700,0.0,0.0
2022-06-16 00:00:00-04:00,8.84000015258789,8.84000015258789,8.079999923706055,8.25,176400,0.0,0.0
2022-06-17 00:00:00-04:00,8.180000305175781,8.470000267028809,8.100000381469727,8.4399995803833,320000,0.0,0.0
2022-06-21 00:00:00-04:00,8.4399995803833,8.960000038146973,8.350000381469727,8.6899995803833,433900,0.0,0.0
2022-06-22 00:00:00-04:00,8.600000381469727,10.039999961853027,8.53499984741211,8.970000267028809,766400,0.0,0.0
2022-06-23 00:00:00-04:00,9.069999694824219,10.40999984741211,8.979999542236328,10.329999923706055,743100,0.0,0.0
2022-06-24 00:00:00-04:00,10.579999923706055,10.84000015258789,10.270000457763672,10.4399995803833,347800,0.0,0.0
2022-06-27 00:00:00-04:00,10.34000015258789,11.1899995803833,10.291000366210938,10.8100004196167,275200,0.0,0.0
2022-06-28 00:00:00-04:00,10.989999771118164,11.25,10.34000015258789,10.449999809265137,257700,0.0,0.0
2022-06-29 00:00:00-04:00,10.319999694824219,10.324999809265137,8.949999809265137,8.979999542236328,753300,0.0,0.0
2022-06-30 00:00:00-04:00,8.970000267028809,9.140000343322754,8.699999809265137,8.880000114440918,243300,0.0,0.0
2022-07-01 00:00:00-04:00,8.899999618530273,9.279999732971191,8.350000381469727,9.039999961853027,315700,0.0,0.0
2022-07-05 00:00:00-04:00,8.760000228881836,9.0600004196167,8.5600004196167,9.0600004196167,207200,0.0,0.0
2022-07-06 00:00:00-04:00,9.050000190734863,9.289999961853027,8.899999618530273,9.210000038146973,184400,0.0,0.0
2022-07-07 00:00:00-04:00,9.079999923706055,9.59000015258789,8.960000038146973,9.25,182000,0.0,0.0
2022-07-08 00:00:00-04:00,9.25,9.680000305175781,8.989999771118164,9.279999732971191,102500,0.0,0.0
2022-07-11 00:00:00-04:00,9.100000381469727,9.359999656677246,8.59000015258789,8.609999656677246,114000,0.0,0.0
2022-07-12 00:00:00-04:00,8.65999984741211,8.789999961853027,8.350000381469727,8.369999885559082,107500,0.0,0.0
2022-07-13 00:00:00-04:00,8.359999656677246,8.479999542236328,8.199999809265137,8.25,197800,0.0,0.0
2022-07-14 00:00:00-04:00,8.229999542236328,8.300000190734863,8.010000228881836,8.220000267028809,160100,0.0,0.0
2022-07-15 00:00:00-04:00,8.229999542236328,8.399999618530273,8.020000457763672,8.399999618530273,167300,0.0,0.0
2022-07-18 00:00:00-04:00,8.59000015258789,8.899999618530273,8.539999961853027,8.760000228881836,151600,0.0,0.0
2022-07-19 00:00:00-04:00,8.699999809265137,9.079999923706055,8.699999809265137,9.029999732971191,159600,0.0,0.0
2022-07-20 00:00:00-04:00,9.119999885559082,9.34000015258789,8.880000114440918,9.100000381469727,168700,0.0,0.0
2022-07-21 00:00:00-04:00,9.0,9.199999809265137,8.710000038146973,8.90999984741211,106800,0.0,0.0
2022-07-22 00:00:00-04:00,8.899999618530273,8.970000267028809,8.529999732971191,8.5600004196167,107600,0.0,0.0
2022-07-25 00:00:00-04:00,8.670000076293945,8.930000305175781,8.5600004196167,8.869999885559082,81200,0.0,0.0
2022-07-26 00:00:00-04:00,8.930000305175781,8.979999542236328,8.479999542236328,8.529999732971191,88900,0.0,0.0
2022-07-27 00:00:00-04:00,8.680000305175781,8.954999923706055,8.420000076293945,8.9399995803833,134600,0.0,0.0
2022-07-28 00:00:00-04:00,9.09000015258789,9.319999694824219,8.899999618530273,9.289999961853027,146600,0.0,0.0
2022-07-29 00:00:00-04:00,9.470000267028809,9.470000267028809,9.25,9.270000457763672,178600,0.0,0.0
2022-08-01 00:00:00-04:00,9.25,9.329999923706055,8.90999984741211,9.029999732971191,127700,0.0,0.0
2022-08-02 00:00:00-04:00,9.100000381469727,9.229999542236328,8.59000015258789,8.90999984741211,214200,0.0,0.0
2022-08-03 00:00:00-04:00,8.899999618530273,9.380000114440918,8.829999923706055,9.34000015258789,169700,0.0,0.0
2022-08-04 00:00:00-04:00,9.300000190734863,9.8100004196167,9.199999809265137,9.699999809265137,262900,0.0,0.0
2022-08-05 00:00:00-04:00,9.8100004196167,10.0,9.550000190734863,9.779999732971191,208700,0.0,0.0
2022-08-08 00:00:00-04:00,10.0,10.210000038146973,9.579999923706055,9.579999923706055,329000,0.0,0.0
2022-08-09 00:00:00-04:00,9.390000343322754,9.390000343322754,8.25,8.430000305175781,443900,0.0,0.0
2022-08-10 00:00:00-04:00,9.15999984741211,9.539999961853027,9.098999977111816,9.390000343322754,357100,0.0,0.0
2022-08-11 00:00:00-04:00,9.609999656677246,9.779999732971191,9.270000457763672,9.4399995803833,279200,0.0,0.0
2022-08-12 00:00:00-04:00,9.5600004196167,10.1899995803833,9.4399995803833,10.109999656677246,369200,0.0,0.0
2022-08-15 00:00:00-04:00,10.260000228881836,10.420000076293945,9.619999885559082,10.0,410300,0.0,0.0
2022-08-16 00:00:00-04:00,9.859999656677246,9.949999809265137,9.59000015258789,9.720000267028809,230200,0.0,0.0
2022-08-17 00:00:00-04:00,9.649999618530273,9.689000129699707,9.152999877929688,9.270000457763672,161200,0.0,0.0
2022-08-18 00:00:00-04:00,9.210000038146973,9.619999885559082,9.109999656677246,9.520000457763672,176500,0.0,0.0
2022-08-19 00:00:00-04:00,9.5,9.5,9.0600004196167,9.079999923706055,183000,0.0,0.0
2022-08-22 00:00:00-04:00,9.0,9.0,8.630000114440918,8.720000267028809,193500,0.0,0.0
2022-08-23 00:00:00-04:00,8.630000114440918,9.069999694824219,8.630000114440918,8.949999809265137,150600,0.0,0.0
2022-08-24 00:00:00-04:00,8.979999542236328,9.529999732971191,8.979999542236328,9.5,160600,0.0,0.0
2022-08-25 00:00:00-04:00,9.470000267028809,9.800000190734863,9.369999885559082,9.550000190734863,195400,0.0,0.0
2022-08-26 00:00:00-04:00,9.5,9.520000457763672,8.949999809265137,8.949999809265137,157200,0.0,0.0
2022-08-29 00:00:00-04:00,8.899999618530273,9.1899995803833,8.899999618530273,8.989999771118164,115300,0.0,0.0
2022-08-30 00:00:00-04:00,8.979999542236328,9.149999618530273,8.760000228881836,8.8100004196167,102800,0.0,0.0
2022-08-31 00:00:00-04:00,8.8100004196167,9.0,8.670000076293945,8.880000114440918,140500,0.0,0.0
2022-09-01 00:00:00-04:00,8.869999885559082,8.869999885559082,8.5600004196167,8.680000305175781,162600,0.0,0.0
2022-09-02 00:00:00-04:00,8.75,8.770000457763672,8.369999885559082,8.470000267028809,144800,0.0,0.0
2022-09-06 00:00:00-04:00,8.4399995803833,8.484999656677246,8.149999618530273,8.1899995803833,187400,0.0,0.0
2022-09-07 00:00:00-04:00,8.479999542236328,8.9399995803833,8.479999542236328,8.789999961853027,177900,0.0,0.0
2022-09-08 00:00:00-04:00,8.779999732971191,8.8100004196167,8.350000381469727,8.520000457763672,178500,0.0,0.0
2022-09-09 00:00:00-04:00,8.520000457763672,8.760000228881836,8.510000228881836,8.680000305175781,108600,0.0,0.0
2022-09-12 00:00:00-04:00,8.71500015258789,9.180000305175781,8.649999618530273,9.170000076293945,167400,0.0,0.0
2022-09-13 00:00:00-04:00,8.779999732971191,8.899999618530273,8.550000190734863,8.779999732971191,142100,0.0,0.0
2022-09-14 00:00:00-04:00,8.819999694824219,9.289999961853027,8.711999893188477,9.039999961853027,197800,0.0,0.0
2022-09-15 00:00:00-04:00,9.0,9.5,8.920000076293945,8.970000267028809,214600,0.0,0.0
2022-09-16 00:00:00-04:00,8.779999732971191,9.600000381469727,8.694000244140625,9.449999809265137,309400,0.0,0.0
2022-09-19 00:00:00-04:00,9.420000076293945,9.420000076293945,9.029999732971191,9.239999771118164,110600,0.0,0.0
2022-09-20 00:00:00-04:00,9.010000228881836,9.239999771118164,8.800000190734863,8.880000114440918,176700,0.0,0.0
2022-09-21 00:00:00-04:00,8.850000381469727,9.079999923706055,8.779999732971191,8.829999923706055,130700,0.0,0.0
2022-09-22 00:00:00-04:00,8.90999984741211,8.937999725341797,8.319999694824219,8.369999885559082,190300,0.0,0.0
2022-09-23 00:00:00-04:00,8.199999809265137,8.199999809265137,7.699999809265137,7.889999866485596,327400,0.0,0.0
2022-09-26 00:00:00-04:00,7.869999885559082,8.260000228881836,7.849999904632568,7.900000095367432,131900,0.0,0.0
2022-09-27 00:00:00-04:00,8.050000190734863,8.140000343322754,7.820000171661377,7.96999979019165,99600,0.0,0.0
2022-09-28 00:00:00-04:00,7.829999923706055,8.1899995803833,7.829999923706055,8.140000343322754,141500,0.0,0.0
2022-09-29 00:00:00-04:00,8.029999732971191,8.029999732971191,7.550000190734863,7.670000076293945,414000,0.0,0.0
2022-09-30 00:00:00-04:00,7.670000076293945,8.25,7.670000076293945,7.880000114440918,304500,0.0,0.0
2022-10-03 00:00:00-04:00,7.960000038146973,8.0600004196167,7.800000190734863,7.809999942779541,98800,0.0,0.0
2022-10-04 00:00:00-04:00,8.119999885559082,8.25,7.900000095367432,8.15999984741211,116200,0.0,0.0
2022-10-05 00:00:00-04:00,8.0600004196167,8.229999542236328,7.760000228881836,8.079999923706055,89400,0.0,0.0
2022-10-06 00:00:00-04:00,8.010000228881836,8.220000267028809,7.679999828338623,7.710000038146973,114900,0.0,0.0
2022-10-07 00:00:00-04:00,7.630000114440918,7.671999931335449,7.0,7.090000152587891,204400,0.0,0.0
2022-10-10 00:00:00-04:00,7.0,7.130000114440918,6.309999942779541,6.369999885559082,237200,0.0,0.0
2022-10-11 00:00:00-04:00,6.400000095367432,6.480000019073486,6.079999923706055,6.150000095367432,161400,0.0,0.0
2022-10-12 00:00:00-04:00,6.090000152587891,6.289999961853027,5.900000095367432,6.119999885559082,131100,0.0,0.0
2022-10-13 00:00:00-04:00,6.0,6.420000076293945,5.639999866485596,6.369999885559082,312600,0.0,0.0
2022-10-14 00:00:00-04:00,7.0,7.5,6.730000019073486,7.170000076293945,346900,0.0,0.0
2022-10-17 00:00:00-04:00,7.360000133514404,7.6479997634887695,7.309999942779541,7.409999847412109,181600,0.0,0.0
2022-10-18 00:00:00-04:00,7.650000095367432,7.840000152587891,7.349999904632568,7.400000095367432,183200,0.0,0.0
2022-10-19 00:00:00-04:00,7.5,7.579999923706055,7.150000095367432,7.28000020980835,167900,0.0,0.0
2022-10-20 00:00:00-04:00,7.210000038146973,7.449999809265137,6.980000019073486,6.980000019073486,203600,0.0,0.0
2022-10-21 00:00:00-04:00,7.139999866485596,7.199999809265137,6.800000190734863,6.820000171661377,203100,0.0,0.0
2022-10-24 00:00:00-04:00,6.980000019073486,7.078000068664551,6.769999980926514,6.849999904632568,136100,0.0,0.0
2022-10-25 00:00:00-04:00,6.940000057220459,7.210000038146973,6.920000076293945,6.949999809265137,142500,0.0,0.0
2022-10-26 00:00:00-04:00,6.949999809265137,7.309999942779541,6.909999847412109,7.260000228881836,574600,0.0,0.0
2022-10-27 00:00:00-04:00,7.340000152587891,7.349999904632568,6.699999809265137,6.760000228881836,193900,0.0,0.0
2022-10-28 00:00:00-04:00,6.840000152587891,7.019999980926514,6.539999961853027,6.75,137100,0.0,0.0
2022-10-31 00:00:00-04:00,6.75,7.03000020980835,6.619999885559082,7.0,180800,0.0,0.0
2022-11-01 00:00:00-04:00,7.079999923706055,7.340000152587891,6.610000133514404,6.619999885559082,95400,0.0,0.0
2022-11-02 00:00:00-04:00,6.900000095367432,6.900000095367432,6.309999942779541,6.449999809265137,148500,0.0,0.0
2022-11-03 00:00:00-04:00,6.269999980926514,6.619999885559082,6.170000076293945,6.449999809265137,133700,0.0,0.0
2022-11-04 00:00:00-04:00,6.340000152587891,6.392000198364258,6.039999961853027,6.25,229000,0.0,0.0
2022-11-07 00:00:00-05:00,6.25,6.300000190734863,5.769999980926514,5.789999961853027,375700,0.0,0.0
2022-11-08 00:00:00-05:00,5.710000038146973,5.920000076293945,5.369999885559082,5.920000076293945,353500,0.0,0.0
2022-11-09 00:00:00-05:00,5.949999809265137,5.949999809265137,5.005000114440918,5.179999828338623,463900,0.0,0.0
2022-11-10 00:00:00-05:00,5.489999771118164,5.659999847412109,5.21999979019165,5.449999809265137,478000,0.0,0.0
2022-11-11 00:00:00-05:00,5.659999847412109,6.019999980926514,5.5,6.0,350300,0.0,0.0
2022-11-14 00:00:00-05:00,6.010000228881836,6.27400016784668,5.699999809265137,6.239999771118164,285900,0.0,0.0
2022-11-15 00:00:00-05:00,6.329999923706055,6.5,6.019999980926514,6.050000190734863,191700,0.0,0.0
2022-11-16 00:00:00-05:00,5.96999979019165,6.079999923706055,5.570000171661377,5.650000095367432,271000,0.0,0.0
2022-11-17 00:00:00-05:00,5.650000095367432,5.670000076293945,5.349999904632568,5.610000133514404,225600,0.0,0.0
2022-11-18 00:00:00-05:00,5.650000095367432,5.949999809265137,5.369999885559082,5.929999828338623,306000,0.0,0.0
2022-11-21 00:00:00-05:00,5.820000171661377,5.949999809265137,5.300000190734863,5.320000171661377,249000,0.0,0.0
2022-11-22 00:00:00-05:00,5.53000020980835,5.784999847412109,5.420000076293945,5.739999771118164,234800,0.0,0.0
2022-11-23 00:00:00-05:00,5.699999809265137,5.710000038146973,5.400000095367432,5.489999771118164,277800,0.0,0.0
2022-11-25 00:00:00-05:00,5.550000190734863,5.900000095367432,5.5,5.800000190734863,162700,0.0,0.0
2022-11-28 00:00:00-05:00,5.849999904632568,5.949999809265137,5.340000152587891,5.480000019073486,287300,0.0,0.0
2022-11-29 00:00:00-05:00,5.400000095367432,5.480000019073486,5.300000190734863,5.380000114440918,180100,0.0,0.0
2022-11-30 00:00:00-05:00,5.400000095367432,5.650000095367432,5.260000228881836,5.619999885559082,530700,0.0,0.0
2022-12-01 00:00:00-05:00,5.590000152587891,5.699999809265137,5.019999980926514,5.5,986100,0.0,0.0
2022-12-02 00:00:00-05:00,5.519999980926514,5.760000228881836,5.400000095367432,5.550000190734863,411100,0.0,0.0
2022-12-05 00:00:00-05:00,5.550000190734863,5.760000228881836,5.380000114440918,5.429999828338623,273200,0.0,0.0
2022-12-06 00:00:00-05:00,5.400000095367432,5.400000095367432,4.880000114440918,4.909999847412109,501800,0.0,0.0
2022-12-07 00:00:00-05:00,4.960000038146973,5.019999980926514,4.389999866485596,4.389999866485596,433500,0.0,0.0
2022-12-08 00:00:00-05:00,4.46999979019165,4.619999885559082,4.309999942779541,4.409999847412109,368400,0.0,0.0
2022-12-09 00:00:00-05:00,4.610000133514404,4.650000095367432,4.199999809265137,4.21999979019165,330200,0.0,0.0
2022-12-12 00:00:00-05:00,4.199999809265137,4.210000038146973,3.9609999656677246,4.110000133514404,815700,0.0,0.0
2022-12-13 00:00:00-05:00,4.150000095367432,4.349999904632568,4.034999847412109,4.190000057220459,528900,0.0,0.0
2022-12-14 00:00:00-05:00,4.179999828338623,4.329999923706055,4.0,4.230000019073486,505100,0.0,0.0
2022-12-15 00:00:00-05:00,4.110000133514404,4.199999809265137,3.890000104904175,4.03000020980835,590800,0.0,0.0
2022-12-16 00:00:00-05:00,3.9800000190734863,4.129000186920166,3.9000000953674316,3.9700000286102295,665900,0.0,0.0
2022-12-19 00:00:00-05:00,3.990000009536743,4.0,3.552000045776367,3.5999999046325684,368900,0.0,0.0
2022-12-20 00:00:00-05:00,3.5799999237060547,3.859999895095825,3.549999952316284,3.7200000286102295,332600,0.0,0.0
2022-12-21 00:00:00-05:00,3.759999990463257,3.759999990463257,3.4170000553131104,3.450000047683716,460500,0.0,0.0
2022-12-22 00:00:00-05:00,3.5,3.75,3.4600000381469727,3.5299999713897705,694200,0.0,0.0
2022-12-23 00:00:00-05:00,3.559999942779541,3.6700000762939453,3.450000047683716,3.490000009536743,369400,0.0,0.0
2022-12-27 00:00:00-05:00,3.490000009536743,3.5899999141693115,3.2100000381469727,3.2100000381469727,658600,0.0,0.0
2022-12-28 00:00:00-05:00,3.200000047683716,3.5,3.140000104904175,3.3299999237060547,612500,0.0,0.0
2022-12-29 00:00:00-05:00,3.3299999237060547,3.509999990463257,3.2899999618530273,3.3299999237060547,2584900,0.0,0.0
2022-12-30 00:00:00-05:00,3.299999952316284,3.5999999046325684,3.299999952316284,3.5799999237060547,634600,0.0,0.0
2023-01-03 00:00:00-05:00,3.5899999141693115,3.690000057220459,3.299999952316284,3.430000066757202,438400,0.0,0.0
2023-01-04 00:00:00-05:00,3.450000047683716,3.5299999713897705,3.299999952316284,3.5,539500,0.0,0.0
2023-01-05 00:00:00-05:00,3.559999942779541,4.190000057220459,3.359999895095825,4.150000095367432,664200,0.0,0.0
2023-01-06 00:00:00-05:00,4.170000076293945,4.269999980926514,3.9000000953674316,4.25,433100,0.0,0.0
2023-01-09 00:00:00-05:00,4.550000190734863,4.75,4.460000038146973,4.53000020980835,746900,0.0,0.0
2023-01-10 00:00:00-05:00,4.53000020980835,4.5370001792907715,3.950000047683716,4.010000228881836,851800,0.0,0.0
2023-01-11 00:00:00-05:00,4.110000133514404,4.25,3.9000000953674316,4.210000038146973,564900,0.0,0.0
2023-01-12 00:00:00-05:00,4.260000228881836,4.510000228881836,4.131999969482422,4.460000038146973,514500,0.0,0.0
2023-01-13 00:00:00-05:00,4.480000019073486,4.630000114440918,4.320000171661377,4.570000171661377,338900,0.0,0.0
2023-01-17 00:00:00-05:00,4.619999885559082,4.670000076293945,4.460000038146973,4.53000020980835,354100,0.0,0.0
2023-01-18 00:00:00-05:00,4.599999904632568,4.757999897003174,4.525000095367432,4.579999923706055,316100,0.0,0.0
2023-01-19 00:00:00-05:00,4.440000057220459,4.440000057220459,4.199999809265137,4.360000133514404,493400,0.0,0.0
2023-01-20 00:00:00-05:00,4.369999885559082,4.75,4.340000152587891,4.730000019073486,449100,0.0,0.0
2023-01-23 00:00:00-05:00,4.71999979019165,5.0,4.650000095367432,4.980000019073486,725000,0.0,0.0
2023-01-24 00:00:00-05:00,4.949999809265137,5.197000026702881,4.900000095367432,5.050000190734863,479200,0.0,0.0
2023-01-25 00:00:00-05:00,4.949999809265137,5.300000190734863,4.800000190734863,5.130000114440918,697200,0.0,0.0
2023-01-26 00:00:00-05:00,5.179999828338623,5.340000152587891,5.050000190734863,5.340000152587891,810400,0.0,0.0
2023-01-27 00:00:00-05:00,5.349999904632568,5.710000038146973,5.21999979019165,5.659999847412109,677000,0.0,0.0
2023-01-30 00:00:00-05:00,5.769999980926514,5.789999961853027,5.269999980926514,5.420000076293945,1178900,0.0,0.0
2023-01-31 00:00:00-05:00,5.420000076293945,5.699999809265137,5.420000076293945,5.590000152587891,365200,0.0,0.0
2023-02-01 00:00:00-05:00,5.699999809265137,5.699999809265137,5.36299991607666,5.539999961853027,617300,0.0,0.0
2023-02-02 00:00:00-05:00,5.739999771118164,5.869999885559082,5.630000114440918,5.849999904632568,1118100,0.0,0.0
2023-02-03 00:00:00-05:00,5.800000190734863,6.21999979019165,5.699999809265137,5.909999847412109,697700,0.0,0.0
2023-02-06 00:00:00-05:00,5.889999866485596,5.940000057220459,5.599999904632568,5.730000019073486,513100,0.0,0.0
2023-02-07 00:00:00-05:00,5.679999828338623,5.690000057220459,5.230000019073486,5.519999980926514,876100,0.0,0.0
2023-02-08 00:00:00-05:00,5.429999828338623,5.599999904632568,5.380000114440918,5.449999809265137,319300,0.0,0.0
2023-02-09 00:00:00-05:00,5.510000228881836,5.554999828338623,5.099999904632568,5.269999980926514,671600,0.0,0.0
2023-02-10 00:00:00-05:00,5.159999847412109,5.409999847412109,5.050000190734863,5.320000171661377,455900,0.0,0.0
2023-02-13 00:00:00-05:00,5.320000171661377,5.400000095367432,5.159999847412109,5.289999961853027,430500,0.0,0.0
2023-02-14 00:00:00-05:00,5.199999809265137,5.539999961853027,5.150000095367432,5.489999771118164,348900,0.0,0.0
2023-02-15 00:00:00-05:00,5.420000076293945,6.019999980926514,5.420000076293945,5.949999809265137,458200,0.0,0.0
2023-02-16 00:00:00-05:00,5.900000095367432,6.039999961853027,5.710000038146973,5.75,386400,0.0,0.0
2023-02-17 00:00:00-05:00,5.650000095367432,5.900000095367432,5.609000205993652,5.860000133514404,553400,0.0,0.0
2023-02-21 00:00:00-05:00,5.960000038146973,6.349999904632568,5.880000114440918,6.28000020980835,1121200,0.0,0.0
2023-02-22 00:00:00-05:00,6.320000171661377,6.53000020980835,6.019999980926514,6.179999828338623,753800,0.0,0.0
2023-02-23 00:00:00-05:00,6.264999866485596,6.360000133514404,6.0,6.090000152587891,593300,0.0,0.0
2023-02-24 00:00:00-05:00,6.0,6.0,5.869999885559082,5.96999979019165,364700,0.0,0.0
2023-02-27 00:00:00-05:00,6.090000152587891,6.119999885559082,5.400000095367432,5.460000038146973,1082200,0.0,0.0
2023-02-28 00:00:00-05:00,5.449999809265137,5.78000020980835,5.420000076293945,5.670000076293945,337800,0.0,0.0
2023-03-01 00:00:00-05:00,5.400000095367432,5.489999771118164,4.579999923706055,5.400000095367432,1305000,0.0,0.0
2023-03-02 00:00:00-05:00,5.300000190734863,5.783999919891357,5.199999809265137,5.739999771118164,361100,0.0,0.0
2023-03-03 00:00:00-05:00,5.75,6.010000228881836,5.690000057220459,5.960000038146973,603800,0.0,0.0
2023-03-06 00:00:00-05:00,5.960000038146973,5.960000038146973,5.650000095367432,5.739999771118164,381400,0.0,0.0
2023-03-07 00:00:00-05:00,5.789999961853027,5.789999961853027,5.389999866485596,5.409999847412109,548600,0.0,0.0
2023-03-08 00:00:00-05:00,5.409999847412109,5.465000152587891,5.230000019073486,5.320000171661377,323300,0.0,0.0
2023-03-09 00:00:00-05:00,5.320000171661377,5.53000020980835,5.039999961853027,5.070000171661377,394700,0.0,0.0
2023-03-10 00:00:00-05:00,5.0,5.079999923706055,4.849999904632568,4.900000095367432,348900,0.0,0.0
2023-03-13 00:00:00-04:00,4.800000190734863,5.03000020980835,4.691999912261963,4.940000057220459,365400,0.0,0.0
2023-03-14 00:00:00-04:00,4.989999771118164,5.090000152587891,4.630000114440918,4.690000057220459,388600,0.0,0.0
2023-03-15 00:00:00-04:00,4.599999904632568,4.659999847412109,4.269999980926514,4.329999923706055,598100,0.0,0.0
2023-03-16 00:00:00-04:00,4.289999961853027,4.360000133514404,4.170000076293945,4.349999904632568,325600,0.0,0.0
2023-03-17 00:00:00-04:00,4.360000133514404,4.46999979019165,4.139999866485596,4.159999847412109,397500,0.0,0.0
2023-03-20 00:00:00-04:00,4.170000076293945,4.289999961853027,4.03000020980835,4.070000171661377,256900,0.0,0.0
2023-03-21 00:00:00-04:00,4.230000019073486,4.429999828338623,4.179999828338623,4.340000152587891,348600,0.0,0.0
2023-03-22 00:00:00-04:00,4.349999904632568,4.409999847412109,4.150000095367432,4.159999847412109,494600,0.0,0.0
2023-03-23 00:00:00-04:00,4.25,4.440000057220459,4.210000038146973,4.230000019073486,366500,0.0,0.0
2023-03-24 00:00:00-04:00,4.150000095367432,4.175000190734863,3.799999952316284,3.9800000190734863,531600,0.0,0.0
2023-03-27 00:00:00-04:00,4.0,4.170000076293945,3.950000047683716,4.159999847412109,275900,0.0,0.0
2023-03-28 00:00:00-04:00,4.159999847412109,4.230000019073486,3.950000047683716,3.950000047683716,358700,0.0,0.0
2023-03-29 00:00:00-04:00,4.0,4.199999809265137,3.880000114440918,4.199999809265137,404400,0.0,0.0
2023-03-30 00:00:00-04:00,4.28000020980835,4.53000020980835,4.170000076293945,4.449999809265137,2071600,0.0,0.0
2023-03-31 00:00:00-04:00,4.5,4.929999828338623,4.5,4.889999866485596,622900,0.0,0.0
2023-04-03 00:00:00-04:00,4.900000095367432,4.940000057220459,4.659999847412109,4.820000171661377,275100,0.0,0.0
2023-04-04 00:00:00-04:00,4.795000076293945,4.85699987411499,4.164000034332275,4.199999809265137,566500,0.0,0.0
2023-04-05 00:00:00-04:00,4.340000152587891,4.349999904632568,3.8239998817443848,3.9200000762939453,615700,0.0,0.0
2023-04-06 00:00:00-04:00,3.930000066757202,4.019999980926514,3.609999895095825,3.6700000762939453,911200,0.0,0.0
2023-04-10 00:00:00-04:00,3.9000000953674316,4.050000190734863,3.7200000286102295,3.7899999618530273,485800,0.0,0.0
2023-04-11 00:00:00-04:00,3.940000057220459,4.0,3.7699999809265137,3.7799999713897705,508200,0.0,0.0
2023-04-12 00:00:00-04:00,3.8499999046325684,3.9700000286102295,3.450000047683716,3.490000009536743,912200,0.0,0.0
2023-04-13 00:00:00-04:00,3.549999952316284,3.5899999141693115,3.359999895095825,3.440000057220459,578600,0.0,0.0
2023-04-14 00:00:00-04:00,3.4200000762939453,3.4760000705718994,3.180000066757202,3.2300000190734863,606800,0.0,0.0
2023-04-17 00:00:00-04:00,3.259999990463257,3.5999999046325684,3.200000047683716,3.569999933242798,746700,0.0,0.0
2023-04-18 00:00:00-04:00,3.630000114440918,3.7100000381469727,3.5,3.5199999809265137,398200,0.0,0.0
2023-04-19 00:00:00-04:00,3.5399999618530273,3.5399999618530273,3.2799999713897705,3.5,671100,0.0,0.0
2023-04-20 00:00:00-04:00,3.4000000953674316,3.5199999809265137,3.2300000190734863,3.25,354100,0.0,0.0
2023-04-21 00:00:00-04:00,3.25,3.259999990463257,3.1500000953674316,3.200000047683716,741100,0.0,0.0
2023-04-24 00:00:00-04:00,3.190000057220459,3.509999990463257,3.190000057220459,3.430000066757202,496200,0.0,0.0
2023-04-25 00:00:00-04:00,3.309999942779541,3.3499999046325684,3.130000114440918,3.130000114440918,701900,0.0,0.0
2023-04-26 00:00:00-04:00,3.130000114440918,3.1700000762939453,2.7699999809265137,2.7799999713897705,1181600,0.0,0.0
2023-04-27 00:00:00-04:00,2.7899999618530273,2.869999885559082,2.7799999713897705,2.8299999237060547,449000,0.0,0.0
2023-04-28 00:00:00-04:00,2.819999933242798,2.8299999237060547,2.615000009536743,2.7300000190734863,689700,0.0,0.0
2023-05-01 00:00:00-04:00,2.7200000286102295,3.009999990463257,2.6700000762939453,2.690000057220459,608300,0.0,0.0
2023-05-02 00:00:00-04:00,2.680000066757202,2.680000066757202,2.440000057220459,2.5799999237060547,805300,0.0,0.0
2023-05-03 00:00:00-04:00,2.569999933242798,2.759999990463257,2.5299999713897705,2.6600000858306885,608500,0.0,0.0
2023-05-04 00:00:00-04:00,2.7899999618530273,2.947999954223633,2.5220000743865967,2.680000066757202,594000,0.0,0.0
2023-05-05 00:00:00-04:00,2.7699999809265137,3.0799999237060547,2.749000072479248,3.069999933242798,2718300,0.0,0.0
2023-05-08 00:00:00-04:00,3.299999952316284,3.5,3.259999990463257,3.4800000190734863,957100,0.0,0.0
2023-05-09 00:00:00-04:00,3.509999990463257,3.509999990463257,3.2799999713897705,3.4100000858306885,537900,0.0,0.0
2023-05-10 00:00:00-04:00,3.4700000286102295,3.799999952316284,3.450000047683716,3.609999895095825,999100,0.0,0.0
2023-05-11 00:00:00-04:00,3.5999999046325684,3.7200000286102295,3.4700000286102295,3.5299999713897705,488400,0.0,0.0
2023-05-12 00:00:00-04:00,3.5299999713897705,3.5950000286102295,3.3529999256134033,3.4700000286102295,417000,0.0,0.0
2023-05-15 00:00:00-04:00,3.5,3.6549999713897705,3.380000114440918,3.6500000953674316,754200,0.0,0.0
2023-05-16 00:00:00-04:00,3.5899999141693115,3.630000114440918,3.359999895095825,3.359999895095825,350600,0.0,0.0
2023-05-17 00:00:00-04:00,3.430000066757202,3.4700000286102295,3.259999990463257,3.359999895095825,468600,0.0,0.0
2023-05-18 00:00:00-04:00,3.3499999046325684,3.380000114440918,3.2200000286102295,3.2899999618530273,327300,0.0,0.0
2023-05-19 00:00:00-04:00,3.319999933242798,3.450000047683716,3.200000047683716,3.259999990463257,628500,0.0,0.0
2023-05-22 00:00:00-04:00,3.259999990463257,3.5899999141693115,3.259999990463257,3.559999942779541,369600,0.0,0.0
2023-05-23 00:00:00-04:00,3.5999999046325684,4.03000020980835,3.5899999141693115,3.7899999618530273,846100,0.0,0.0
2023-05-24 00:00:00-04:00,3.75,3.75,3.3499999046325684,3.5299999713897705,479100,0.0,0.0
2023-05-25 00:00:00-04:00,3.5399999618530273,3.5899999141693115,3.25,3.2799999713897705,468600,0.0,0.0
2023-05-26 00:00:00-04:00,3.309999942779541,3.319999933242798,3.119999885559082,3.240000009536743,430000,0.0,0.0
2023-05-30 00:00:00-04:00,3.259999990463257,3.4000000953674316,3.2100000381469727,3.3299999237060547,416200,0.0,0.0
2023-05-31 00:00:00-04:00,3.2699999809265137,3.3499999046325684,3.130000114440918,3.2200000286102295,447900,0.0,0.0
2023-06-01 00:00:00-04:00,3.309999942779541,3.309999942779541,3.0799999237060547,3.2100000381469727,380000,0.0,0.0
2023-06-02 00:00:00-04:00,3.200000047683716,3.2699999809265137,2.9000000953674316,3.1600000858306885,1021200,0.0,0.0
2023-06-05 00:00:00-04:00,3.140000104904175,3.2899999618530273,3.0399999618530273,3.190000057220459,356100,0.0,0.0
2023-06-06 00:00:00-04:00,3.1600000858306885,3.5799999237060547,3.069999933242798,3.5199999809265137,697700,0.0,0.0
2023-06-07 00:00:00-04:00,3.440000057220459,3.5899999141693115,3.380000114440918,3.4000000953674316,355400,0.0,0.0
2023-06-08 00:00:00-04:00,3.4200000762939453,3.5399999618530273,3.3399999141693115,3.390000104904175,268400,0.0,0.0
2023-06-09 00:00:00-04:00,3.309999942779541,3.3499999046325684,3.0199999809265137,3.0199999809265137,642800,0.0,0.0
2023-06-12 00:00:00-04:00,3.190000057220459,3.3299999237060547,3.069999933242798,3.200000047683716,511100,0.0,0.0
2023-06-13 00:00:00-04:00,3.259999990463257,3.325000047683716,3.119999885559082,3.2699999809265137,718200,0.0,0.0
2023-06-14 00:00:00-04:00,3.299999952316284,3.319999933242798,3.059999942779541,3.1500000953674316,584700,0.0,0.0
2023-06-15 00:00:00-04:00,3.119999885559082,3.25,3.0799999237060547,3.2200000286102295,524000,0.0,0.0
2023-06-16 00:00:00-04:00,3.2200000286102295,3.2799999713897705,3.0799999237060547,3.190000057220459,1032400,0.0,0.0
2023-06-20 00:00:00-04:00,3.1700000762939453,3.194999933242798,3.009999990463257,3.0799999237060547,682900,0.0,0.0
2023-06-21 00:00:00-04:00,3.0399999618530273,3.1600000858306885,2.9600000381469727,3.0299999713897705,520500,0.0,0.0
2023-06-22 00:00:00-04:00,3.0799999237060547,3.0799999237060547,2.799999952316284,2.8499999046325684,954900,0.0,0.0
2023-06-23 00:00:00-04:00,2.9000000953674316,3.0199999809265137,2.7899999618530273,2.859999895095825,1058200,0.0,0.0
2023-06-26 00:00:00-04:00,2.8299999237060547,3.0399999618530273,2.8299999237060547,2.8299999237060547,662800,0.0,0.0
2023-06-27 00:00:00-04:00,2.8399999141693115,2.990000009536743,2.8399999141693115,2.9200000762939453,683800,0.0,0.0
2023-06-28 00:00:00-04:00,2.9800000190734863,2.990000009536743,2.890000104904175,2.950000047683716,542200,0.0,0.0
2023-06-29 00:00:00-04:00,3.140000104904175,3.549999952316284,3.119999885559082,3.4800000190734863,4150400,0.0,0.0
2023-06-30 00:00:00-04:00,3.549999952316284,3.5799999237060547,3.390000104904175,3.5399999618530273,822500,0.0,0.0
2023-07-03 00:00:00-04:00,3.549999952316284,3.819999933242798,3.549999952316284,3.5799999237060547,508400,0.0,0.0
2023-07-05 00:00:00-04:00,3.5899999141693115,4.010000228881836,3.549999952316284,3.950000047683716,939400,0.0,0.0
2023-07-06 00:00:00-04:00,3.869999885559082,3.869999885559082,3.5320000648498535,3.7899999618530273,724000,0.0,0.0
2023-07-07 00:00:00-04:00,3.7699999809265137,4.099999904632568,3.75,4.059999942779541,723900,0.0,0.0
2023-07-10 00:00:00-04:00,4.510000228881836,5.0,4.090000152587891,4.920000076293945,3246000,0.0,0.0
2023-07-11 00:00:00-04:00,4.980000019073486,5.099999904632568,4.710000038146973,4.920000076293945,2205500,0.0,0.0
2023-07-12 00:00:00-04:00,5.010000228881836,5.074999809265137,4.420000076293945,4.46999979019165,1760300,0.0,0.0
2023-07-13 00:00:00-04:00,4.5,4.78000020980835,4.5,4.590000152587891,1378000,0.0,0.0
2023-07-14 00:00:00-04:00,4.510000228881836,4.659999847412109,4.099999904632568,4.150000095367432,1236300,0.0,0.0
2023-07-17 00:00:00-04:00,4.059999942779541,4.400000095367432,4.010000228881836,4.309999942779541,782300,0.0,0.0
2023-07-18 00:00:00-04:00,4.289999961853027,4.510000228881836,4.239999771118164,4.449999809265137,611100,0.0,0.0
2023-07-19 00:00:00-04:00,4.440000057220459,4.630000114440918,4.409999847412109,4.519999980926514,622500,0.0,0.0
2023-07-20 00:00:00-04:00,4.440000057220459,4.440000057220459,4.199999809265137,4.199999809265137,510300,0.0,0.0
2023-07-21 00:00:00-04:00,4.25,4.25,4.019999980926514,4.130000114440918,495100,0.0,0.0
2023-07-24 00:00:00-04:00,4.170000076293945,4.239999771118164,4.070000171661377,4.170000076293945,384100,0.0,0.0
2023-07-25 00:00:00-04:00,4.159999847412109,4.21999979019165,3.869999885559082,3.880000114440918,762800,0.0,0.0
2023-07-26 00:00:00-04:00,3.9100000858306885,4.039999961853027,3.880000114440918,4.019999980926514,415100,0.0,0.0
2023-07-27 00:00:00-04:00,4.050000190734863,4.110000133514404,3.7699999809265137,3.799999952316284,651400,0.0,0.0
2023-07-28 00:00:00-04:00,3.8499999046325684,3.890000104904175,3.7200000286102295,3.869999885559082,731000,0.0,0.0
2023-07-31 00:00:00-04:00,3.9000000953674316,4.28000020980835,3.9000000953674316,4.21999979019165,1030500,0.0,0.0
2023-08-01 00:00:00-04:00,4.179999828338623,4.190000057220459,3.9200000762939453,3.9800000190734863,1010000,0.0,0.0
2023-08-02 00:00:00-04:00,4.010000228881836,4.010000228881836,3.5799999237060547,3.690000057220459,1252800,0.0,0.0
2023-08-03 00:00:00-04:00,3.609999895095825,3.6600000858306885,3.299999952316284,3.309999942779541,1448500,0.0,0.0
2023-08-04 00:00:00-04:00,3.359999895095825,3.359999895095825,3.0999999046325684,3.140000104904175,1003800,0.0,0.0
2023-08-07 00:00:00-04:00,3.1700000762939453,3.255000114440918,3.0299999713897705,3.2300000190734863,828400,0.0,0.0
2023-08-08 00:00:00-04:00,3.0999999046325684,3.200000047683716,3.0299999713897705,3.180000066757202,737900,0.0,0.0
2023-08-09 00:00:00-04:00,3.299999952316284,3.309999942779541,3.0999999046325684,3.1500000953674316,864100,0.0,0.0
2023-08-10 00:00:00-04:00,3.1500000953674316,3.1600000858306885,3.0,3.0399999618530273,902900,0.0,0.0
2023-08-11 00:00:00-04:00,3.009999990463257,3.069999933242798,2.950000047683716,2.9600000381469727,954700,0.0,0.0
2023-08-14 00:00:00-04:00,2.940000057220459,3.0399999618530273,2.9000000953674316,3.009999990463257,601400,0.0,0.0
2023-08-15 00:00:00-04:00,2.9800000190734863,3.015000104904175,2.809999942779541,2.869999885559082,1022800,0.0,0.0
2023-08-16 00:00:00-04:00,2.809999942779541,2.930000066757202,2.799999952316284,2.799999952316284,616500,0.0,0.0
2023-08-17 00:00:00-04:00,2.799999952316284,2.880000114440918,2.740000009536743,2.759999990463257,623400,0.0,0.0
2023-08-18 00:00:00-04:00,2.7200000286102295,2.8399999141693115,2.680000066757202,2.75,540300,0.0,0.0
2023-08-21 00:00:00-04:00,2.7699999809265137,2.7850000858306885,2.7049999237060547,2.7699999809265137,448600,0.0,0.0
2023-08-22 00:00:00-04:00,2.7899999618530273,2.8299999237060547,2.75,2.7799999713897705,419000,0.0,0.0
2023-08-23 00:00:00-04:00,2.7899999618530273,2.9200000762939453,2.75,2.890000104904175,361500,0.0,0.0
2023-08-24 00:00:00-04:00,2.859999895095825,2.890000104904175,2.690000057220459,2.7100000381469727,618500,0.0,0.0
2023-08-25 00:00:00-04:00,2.7100000381469727,2.859999895095825,2.6700000762939453,2.8399999141693115,440900,0.0,0.0
2023-08-28 00:00:00-04:00,2.9000000953674316,3.015000104904175,2.869999885559082,2.9700000286102295,632500,0.0,0.0
2023-08-29 00:00:00-04:00,2.9700000286102295,3.140000104904175,2.9100000858306885,3.0899999141693115,486500,0.0,0.0
2023-08-30 00:00:00-04:00,3.009999990463257,3.0899999141693115,2.930000066757202,3.0399999618530273,393900,0.0,0.0
2023-08-31 00:00:00-04:00,3.009999990463257,3.130000114440918,3.009999990463257,3.059999942779541,428700,0.0,0.0
2023-09-01 00:00:00-04:00,3.0999999046325684,3.1429998874664307,3.049999952316284,3.0899999141693115,279100,0.0,0.0
2023-09-05 00:00:00-04:00,3.049999952316284,3.1510000228881836,3.0,3.0,427000,0.0,0.0
2023-09-06 00:00:00-04:00,3.109999895095825,3.130000114440918,2.950000047683716,2.9700000286102295,386000,0.0,0.0
2023-09-07 00:00:00-04:00,2.9200000762939453,2.9200000762939453,2.690000057220459,2.819999933242798,798000,0.0,0.0
2023-09-08 00:00:00-04:00,2.8299999237060547,2.8299999237060547,2.6500000953674316,2.740000009536743,772700,0.0,0.0
2023-09-11 00:00:00-04:00,2.7699999809265137,2.812999963760376,2.6600000858306885,2.700000047683716,510800,0.0,0.0
2023-09-12 00:00:00-04:00,2.6600000858306885,2.7899999618530273,2.6600000858306885,2.7100000381469727,332700,0.0,0.0
2023-09-13 00:00:00-04:00,2.75,2.859999895095825,2.7200000286102295,2.740000009536743,839800,0.0,0.0
2023-09-14 00:00:00-04:00,2.7899999618530273,2.869999885559082,2.680000066757202,2.7100000381469727,725600,0.0,0.0
2023-09-15 00:00:00-04:00,2.700000047683716,2.7300000190734863,2.5899999141693115,2.6700000762939453,901100,0.0,0.0
2023-09-18 00:00:00-04:00,2.6500000953674316,2.6500000953674316,2.509999990463257,2.509999990463257,619600,0.0,0.0
2023-09-19 00:00:00-04:00,2.509999990463257,2.549999952316284,2.440000057220459,2.450000047683716,662400,0.0,0.0
2023-09-20 00:00:00-04:00,2.4600000381469727,2.5399999618530273,2.450000047683716,2.4700000286102295,499000,0.0,0.0
2023-09-21 00:00:00-04:00,2.450000047683716,2.4700000286102295,2.25,2.2699999809265137,934800,0.0,0.0
2023-09-22 00:00:00-04:00,2.2799999713897705,2.3299999237060547,2.1600000858306885,2.1700000762939453,582800,0.0,0.0
2023-09-25 00:00:00-04:00,2.180000066757202,2.3399999141693115,2.119999885559082,2.3399999141693115,710900,0.0,0.0
2023-09-26 00:00:00-04:00,2.359999895095825,2.5399999618530273,2.309999942779541,2.3299999237060547,1005100,0.0,0.0
2023-09-27 00:00:00-04:00,2.359999895095825,2.374000072479248,2.119999885559082,2.190000057220459,1015900,0.0,0.0
2023-09-28 00:00:00-04:00,2.1600000858306885,2.2899999618530273,2.0999999046325684,2.259999990463257,1034100,0.0,0.0
2023-09-29 00:00:00-04:00,2.2799999713897705,2.319999933242798,2.180000066757202,2.25,639200,0.0,0.0
2023-10-02 00:00:00-04:00,2.2300000190734863,2.2750000953674316,2.109999895095825,2.130000114440918,923400,0.0,0.0
2023-10-03 00:00:00-04:00,2.130000114440918,2.1700000762939453,2.009999990463257,2.009999990463257,655600,0.0,0.0
2023-10-04 00:00:00-04:00,2.0199999809265137,2.140000104904175,2.0,2.119999885559082,755900,0.0,0.0
2023-10-05 00:00:00-04:00,2.0999999046325684,2.1510000228881836,2.069999933242798,2.140000104904175,683400,0.0,0.0
2023-10-06 00:00:00-04:00,2.0799999237060547,2.255000114440918,2.055000066757202,2.2200000286102295,460100,0.0,0.0
2023-10-09 00:00:00-04:00,2.140000104904175,2.1700000762939453,2.0999999046325684,2.1500000953674316,445100,0.0,0.0
2023-10-10 00:00:00-04:00,2.119999885559082,2.450000047683716,2.0999999046325684,2.4000000953674316,844200,0.0,0.0
2023-10-11 00:00:00-04:00,2.380000114440918,2.5299999713897705,2.3299999237060547,2.390000104904175,940000,0.0,0.0
2023-10-12 00:00:00-04:00,2.430000066757202,2.430000066757202,2.259999990463257,2.3499999046325684,684200,0.0,0.0
2023-10-13 00:00:00-04:00,2.3399999141693115,2.384999990463257,2.2699999809265137,2.3399999141693115,346800,0.0,0.0
2023-10-16 00:00:00-04:00,2.359999895095825,2.4049999713897705,2.3399999141693115,2.359999895095825,402400,0.0,0.0
2023-10-17 00:00:00-04:00,2.359999895095825,2.4100000858306885,2.319999933242798,2.380000114440918,341000,0.0,0.0
2023-10-18 00:00:00-04:00,2.359999895095825,2.359999895095825,2.0899999141693115,2.109999895095825,602200,0.0,0.0
2023-10-19 00:00:00-04:00,2.119999885559082,2.119999885559082,1.9149999618530273,1.9600000381469727,741000,0.0,0.0
2023-10-20 00:00:00-04:00,1.9600000381469727,1.9600000381469727,1.7649999856948853,1.8899999856948853,679700,0.0,0.0
2023-10-23 00:00:00-04:00,1.9500000476837158,1.9950000047683716,1.809999942779541,1.9199999570846558,435900,0.0,0.0
2023-10-24 00:00:00-04:00,1.9600000381469727,1.9600000381469727,1.75,1.75,695300,0.0,0.0
2023-10-25 00:00:00-04:00,1.9049999713897705,1.975000023841858,1.7899999618530273,1.8600000143051147,971700,0.0,0.0
2023-10-26 00:00:00-04:00,1.8700000047683716,1.899999976158142,1.7799999713897705,1.8200000524520874,343500,0.0,0.0
2023-10-27 00:00:00-04:00,1.7999999523162842,1.8459999561309814,1.7100000381469727,1.7200000286102295,381000,0.0,0.0
2023-10-30 00:00:00-04:00,1.75,1.7999999523162842,1.600000023841858,1.6100000143051147,573700,0.0,0.0
2023-10-31 00:00:00-04:00,1.6200000047683716,1.649999976158142,1.4700000286102295,1.5700000524520874,928600,0.0,0.0
2023-11-01 00:00:00-04:00,1.5700000524520874,1.600000023841858,1.4700000286102295,1.5,752100,0.0,0.0
2023-11-02 00:00:00-04:00,1.4500000476837158,1.559999942779541,1.4299999475479126,1.4500000476837158,1119300,0.0,0.0
2023-11-03 00:00:00-04:00,1.4800000190734863,1.6200000047683716,1.4800000190734863,1.5099999904632568,1058100,0.0,0.0
2023-11-06 00:00:00-05:00,1.559999942779541,1.559999942779541,1.3450000286102295,1.3700000047683716,1218600,0.0,0.0
2023-11-07 00:00:00-05:00,1.3799999952316284,1.409999966621399,1.3200000524520874,1.3600000143051147,1135500,0.0,0.0
2023-11-08 00:00:00-05:00,1.440000057220459,1.4500000476837158,1.2400000095367432,1.3200000524520874,1453300,0.0,0.0
2023-11-09 00:00:00-05:00,1.350000023841858,1.600000023841858,1.3200000524520874,1.3700000047683716,1722000,0.0,0.0
2023-11-10 00:00:00-05:00,1.399999976158142,1.399999976158142,1.2949999570846558,1.3799999952316284,486700,0.0,0.0
2023-11-13 00:00:00-05:00,1.350000023841858,1.4299999475479126,1.2899999618530273,1.399999976158142,777500,0.0,0.0
2023-11-14 00:00:00-05:00,1.399999976158142,1.559999942779541,1.399999976158142,1.5199999809265137,1093200,0.0,0.0
2023-11-15 00:00:00-05:00,1.5,1.659999966621399,1.5,1.6399999856948853,978000,0.0,0.0
2023-11-16 00:00:00-05:00,1.6399999856948853,1.6399999856948853,1.4600000381469727,1.5099999904632568,639200,0.0,0.0
2023-11-17 00:00:00-05:00,1.4700000286102295,1.5099999904632568,1.399999976158142,1.4199999570846558,398900,0.0,0.0
2023-11-20 00:00:00-05:00,1.4500000476837158,1.5549999475479126,1.4199999570846558,1.5399999618530273,679400,0.0,0.0
2023-11-21 00:00:00-05:00,1.5,1.5099999904632568,1.350000023841858,1.3600000143051147,773900,0.0,0.0
2023-11-22 00:00:00-05:00,1.3899999856948853,1.4600000381469727,1.350000023841858,1.3899999856948853,539900,0.0,0.0
2023-11-24 00:00:00-05:00,1.399999976158142,1.5099999904632568,1.3600000143051147,1.4900000095367432,749900,0.0,0.0
2023-11-27 00:00:00-05:00,1.475000023841858,1.5299999713897705,1.350000023841858,1.3600000143051147,822800,0.0,0.0
2023-11-28 00:00:00-05:00,1.399999976158142,1.4299999475479126,1.350000023841858,1.4299999475479126,807600,0.0,0.0
2023-11-29 00:00:00-05:00,1.5,1.5149999856948853,1.4299999475479126,1.5,543900,0.0,0.0
2023-11-30 00:00:00-05:00,1.5,1.5399999618530273,1.4299999475479126,1.4299999475479126,525800,0.0,0.0
2023-12-01 00:00:00-05:00,1.4700000286102295,1.5700000524520874,1.4500000476837158,1.559999942779541,786800,0.0,0.0
2023-12-04 00:00:00-05:00,1.6299999952316284,1.8450000286102295,1.6299999952316284,1.7599999904632568,2610900,0.0,0.0
2023-12-05 00:00:00-05:00,1.8200000524520874,2.059999942779541,1.7610000371932983,1.9700000286102295,3087000,0.0,0.0
2023-12-06 00:00:00-05:00,2.0399999618530273,2.059999942779541,1.815000057220459,1.850000023841858,1707000,0.0,0.0
2023-12-07 00:00:00-05:00,1.850000023841858,2.009999990463257,1.850000023841858,1.9900000095367432,1262200,0.0,0.0
2023-12-08 00:00:00-05:00,1.9600000381469727,2.009999990463257,1.840000033378601,1.8799999952316284,1168700,0.0,0.0
2023-12-11 00:00:00-05:00,1.899999976158142,1.899999976158142,1.7200000286102295,1.7899999618530273,848700,0.0,0.0
2023-12-12 00:00:00-05:00,1.7899999618530273,1.809999942779541,1.6649999618530273,1.7100000381469727,856100,0.0,0.0
2023-12-13 00:00:00-05:00,1.7000000476837158,1.8600000143051147,1.600000023841858,1.8600000143051147,1052200,0.0,0.0
2023-12-14 00:00:00-05:00,1.9500000476837158,2.059999942779541,1.9500000476837158,2.049999952316284,976600,0.0,0.0
2023-12-15 00:00:00-05:00,2.069999933242798,2.0799999237060547,1.8949999809265137,1.9199999570846558,1269900,0.0,0.0
2023-12-18 00:00:00-05:00,1.9500000476837158,2.009999990463257,1.7899999618530273,1.7999999523162842,1197500,0.0,0.0
2023-12-19 00:00:00-05:00,1.7899999618530273,2.069999933242798,1.7799999713897705,2.0399999618530273,1876900,0.0,0.0
2023-12-20 00:00:00-05:00,2.0,2.0899999141693115,1.899999976158142,1.909999966621399,1455500,0.0,0.0
2023-12-21 00:00:00-05:00,1.9199999570846558,1.934999942779541,1.7899999618530273,1.8899999856948853,851900,0.0,0.0
2023-12-22 00:00:00-05:00,1.8799999952316284,1.9199999570846558,1.8200000524520874,1.850000023841858,703000,0.0,0.0
2023-12-26 00:00:00-05:00,1.8700000047683716,1.9800000190734863,1.8600000143051147,1.9500000476837158,831500,0.0,0.0
2023-12-27 00:00:00-05:00,1.9500000476837158,1.9700000286102295,1.840000033378601,1.8600000143051147,754800,0.0,0.0
2023-12-28 00:00:00-05:00,1.8600000143051147,1.909999966621399,1.7799999713897705,1.8600000143051147,1421900,0.0,0.0
2023-12-29 00:00:00-05:00,1.809999942779541,1.850000023841858,1.7300000190734863,1.75,1115900,0.0,0.0
2024-01-02 00:00:00-05:00,1.6699999570846558,1.7610000371932983,1.6399999856948853,1.6699999570846558,851800,0.0,0.0
2024-01-03 00:00:00-05:00,1.649999976158142,1.6699999570846558,1.5700000524520874,1.6200000047683716,586800,0.0,0.0
2024-01-04 00:00:00-05:00,1.649999976158142,1.659999966621399,1.5850000381469727,1.6299999952316284,628300,0.0,0.0
2024-01-05 00:00:00-05:00,1.600000023841858,1.659999966621399,1.559999942779541,1.6100000143051147,660900,0.0,0.0
2024-01-08 00:00:00-05:00,1.590000033378601,1.659999966621399,1.5750000476837158,1.659999966621399,338900,0.0,0.0
2024-01-09 00:00:00-05:00,1.6699999570846558,1.7200000286102295,1.6050000190734863,1.6799999475479126,575100,0.0,0.0
2024-01-10 00:00:00-05:00,1.6799999475479126,1.6799999475479126,1.6100000143051147,1.6699999570846558,494100,0.0,0.0
2024-01-11 00:00:00-05:00,1.659999966621399,1.7000000476837158,1.5800000429153442,1.7000000476837158,479500,0.0,0.0
2024-01-12 00:00:00-05:00,1.7300000190734863,1.8700000047683716,1.6100000143051147,1.6200000047683716,1007300,0.0,0.0
2024-01-16 00:00:00-05:00,1.600000023841858,1.600000023841858,1.4500000476837158,1.4600000381469727,743600,0.0,0.0
2024-01-17 00:00:00-05:00,1.440000057220459,1.4800000190734863,1.409999966621399,1.4800000190734863,457300,0.0,0.0
2024-01-18 00:00:00-05:00,1.4600000381469727,1.4900000095367432,1.3700000047683716,1.4199999570846558,612600,0.0,0.0
2024-01-19 00:00:00-05:00,1.440000057220459,1.4600000381469727,1.3300000429153442,1.4600000381469727,664700,0.0,0.0
2024-01-22 00:00:00-05:00,1.4500000476837158,1.5800000429153442,1.4500000476837158,1.5299999713897705,596500,0.0,0.0
2024-01-23 00:00:00-05:00,1.5700000524520874,1.6299999952316284,1.5299999713897705,1.5800000429153442,920100,0.0,0.0
2024-01-24 00:00:00-05:00,1.5499999523162842,1.6100000143051147,1.4800000190734863,1.5299999713897705,649800,0.0,0.0
2024-01-25 00:00:00-05:00,1.5199999809265137,1.5499999523162842,1.4299999475479126,1.440000057220459,504700,0.0,0.0
2024-01-26 00:00:00-05:00,1.4600000381469727,1.475000023841858,1.434999942779541,1.4600000381469727,223100,0.0,0.0
2024-01-29 00:00:00-05:00,1.4600000381469727,1.5299999713897705,1.440000057220459,1.5299999713897705,402600,0.0,0.0
2024-01-30 00:00:00-05:00,1.5,1.5099999904632568,1.4600000381469727,1.4900000095367432,149700,0.0,0.0
2024-01-31 00:00:00-05:00,1.5199999809265137,1.5520000457763672,1.4500000476837158,1.4600000381469727,354500,0.0,0.0
2024-02-01 00:00:00-05:00,1.4700000286102295,1.5299999713897705,1.3700000047683716,1.440000057220459,403400,0.0,0.0
2024-02-02 00:00:00-05:00,1.4500000476837158,1.4500000476837158,1.3600000143051147,1.399999976158142,282600,0.0,0.0
2024-02-05 00:00:00-05:00,1.399999976158142,1.465000033378601,1.3200000524520874,1.440000057220459,565700,0.0,0.0
2024-02-06 00:00:00-05:00,1.4299999475479126,1.5399999618530273,1.4299999475479126,1.5399999618530273,377100,0.0,0.0
2024-02-07 00:00:00-05:00,1.5399999618530273,1.5609999895095825,1.440000057220459,1.440000057220459,281700,0.0,0.0
2024-02-08 00:00:00-05:00,1.440000057220459,1.5399999618530273,1.4199999570846558,1.5299999713897705,262200,0.0,0.0
2024-02-09 00:00:00-05:00,1.5199999809265137,1.565000057220459,1.4700000286102295,1.559999942779541,306900,0.0,0.0
2024-02-12 00:00:00-05:00,1.590000033378601,1.690000057220459,1.5800000429153442,1.6299999952316284,517600,0.0,0.0
2024-02-13 00:00:00-05:00,1.559999942779541,1.559999942779541,1.4900000095367432,1.4900000095367432,288400,0.0,0.0
2024-02-14 00:00:00-05:00,1.5700000524520874,1.6100000143051147,1.5299999713897705,1.559999942779541,493900,0.0,0.0
2024-02-15 00:00:00-05:00,1.559999942779541,1.6349999904632568,1.5499999523162842,1.6299999952316284,271900,0.0,0.0
2024-02-16 00:00:00-05:00,1.6299999952316284,1.649999976158142,1.559999942779541,1.649999976158142,251300,0.0,0.0
2024-02-20 00:00:00-05:00,1.6399999856948853,1.6399999856948853,1.5099999904632568,1.5199999809265137,550900,0.0,0.0
2024-02-21 00:00:00-05:00,1.5099999904632568,1.5199999809265137,1.4199999570846558,1.4500000476837158,290400,0.0,0.0
2024-02-22 00:00:00-05:00,1.5,1.5,1.4149999618530273,1.4500000476837158,254500,0.0,0.0
2024-02-23 00:00:00-05:00,1.4600000381469727,1.4600000381469727,1.409999966621399,1.440000057220459,299000,0.0,0.0
2024-02-26 00:00:00-05:00,1.4800000190734863,1.5199999809265137,1.440000057220459,1.5,309700,0.0,0.0
2024-02-27 00:00:00-05:00,1.5299999713897705,1.600000023841858,1.4900000095367432,1.590000033378601,489200,0.0,0.0
2024-02-28 00:00:00-05:00,1.4900000095367432,1.5700000524520874,1.399999976158142,1.5099999904632568,794400,0.0,0.0
2024-02-29 00:00:00-05:00,1.559999942779541,1.590000033378601,1.5,1.5499999523162842,517800,0.0,0.0
2024-03-01 00:00:00-05:00,1.5399999618530273,1.5499999523162842,1.4600000381469727,1.4700000286102295,555700,0.0,0.0
2024-03-04 00:00:00-05:00,1.5,1.5,1.350000023841858,1.3899999856948853,424900,0.0,0.0
2024-03-05 00:00:00-05:00,1.3799999952316284,1.399999976158142,1.3600000143051147,1.3600000143051147,333900,0.0,0.0
2024-03-06 00:00:00-05:00,1.3700000047683716,1.3899999856948853,1.340000033378601,1.3700000047683716,348500,0.0,0.0
2024-03-07 00:00:00-05:00,1.4600000381469727,1.4900000095367432,1.3799999952316284,1.4800000190734863,787300,0.0,0.0
2024-03-08 00:00:00-05:00,1.4700000286102295,1.5199999809265137,1.399999976158142,1.440000057220459,473100,0.0,0.0
2024-03-11 00:00:00-04:00,1.4199999570846558,1.5049999952316284,1.4199999570846558,1.4500000476837158,329400,0.0,0.0
2024-03-12 00:00:00-04:00,1.4299999475479126,1.4600000381469727,1.399999976158142,1.4500000476837158,271000,0.0,0.0
2024-03-13 00:00:00-04:00,1.4500000476837158,1.4800000190734863,1.4149999618530273,1.4299999475479126,592000,0.0,0.0
2024-03-14 00:00:00-04:00,1.4199999570846558,1.4600000381469727,1.409999966621399,1.4299999475479126,408500,0.0,0.0
2024-03-15 00:00:00-04:00,1.4299999475479126,1.5099999904632568,1.4299999475479126,1.4800000190734863,547700,0.0,0.0
2024-03-18 00:00:00-04:00,1.4500000476837158,1.5,1.440000057220459,1.440000057220459,368800,0.0,0.0
2024-03-19 00:00:00-04:00,1.399999976158142,1.4600000381469727,1.399999976158142,1.4299999475479126,1179400,0.0,0.0
2024-03-20 00:00:00-04:00,1.4199999570846558,1.4600000381469727,1.399999976158142,1.4299999475479126,495200,0.0,0.0
2024-03-21 00:00:00-04:00,1.4900000095367432,1.5,1.399999976158142,1.4199999570846558,1086700,0.0,0.0
2024-03-22 00:00:00-04:00,1.3899999856948853,1.440000057220459,1.3600000143051147,1.4199999570846558,750800,0.0,0.0
2024-03-25 00:00:00-04:00,1.3700000047683716,1.527999997138977,1.3600000143051147,1.4199999570846558,1552200,0.0,0.0
2024-03-26 00:00:00-04:00,1.4199999570846558,1.4700000286102295,1.409999966621399,1.4500000476837158,601200,0.0,0.0
2024-03-27 00:00:00-04:00,1.4500000476837158,1.4800000190734863,1.409999966621399,1.4199999570846558,2154500,0.0,0.0
2024-03-28 00:00:00-04:00,1.4199999570846558,1.4600000381469727,1.409999966621399,1.4199999570846558,1434200,0.0,0.0
2024-04-01 00:00:00-04:00,1.4500000476837158,1.5299999713897705,1.350000023841858,1.5199999809265137,594600,0.0,0.0
2024-04-02 00:00:00-04:00,1.4700000286102295,1.5399999618530273,1.4600000381469727,1.5,451100,0.0,0.0
2024-04-03 00:00:00-04:00,1.4600000381469727,1.5199999809265137,1.4500000476837158,1.5,463900,0.0,0.0
2024-04-04 00:00:00-04:00,1.5099999904632568,1.659999966621399,1.4900000095367432,1.5700000524520874,856100,0.0,0.0
2024-04-05 00:00:00-04:00,1.5700000524520874,1.6399999856948853,1.5,1.6399999856948853,334100,0.0,0.0
2024-04-08 00:00:00-04:00,1.6699999570846558,1.690000057220459,1.6100000143051147,1.6699999570846558,379200,0.0,0.0
2024-04-09 00:00:00-04:00,1.6699999570846558,1.7300000190734863,1.5700000524520874,1.6200000047683716,476000,0.0,0.0
2024-04-10 00:00:00-04:00,1.600000023841858,1.6299999952316284,1.4600000381469727,1.4800000190734863,543400,0.0,0.0
2024-04-11 00:00:00-04:00,1.5,1.5019999742507935,1.4500000476837158,1.4600000381469727,277100,0.0,0.0
2024-04-12 00:00:00-04:00,1.4600000381469727,1.5219999551773071,1.409999966621399,1.4299999475479126,273700,0.0,0.0
2024-04-15 00:00:00-04:00,1.4299999475479126,1.4299999475479126,1.350000023841858,1.3799999952316284,712800,0.0,0.0
2024-04-16 00:00:00-04:00,1.3799999952316284,1.3899999856948853,1.350000023841858,1.3799999952316284,240100,0.0,0.0
2024-04-17 00:00:00-04:00,1.399999976158142,1.399999976158142,1.309999942779541,1.309999942779541,612900,0.0,0.0
2024-04-18 00:00:00-04:00,1.350000023841858,1.350000023841858,1.2599999904632568,1.2699999809265137,277400,0.0,0.0
2024-04-19 00:00:00-04:00,1.25,1.315000057220459,1.2100000381469727,1.2899999618530273,586700,0.0,0.0
2024-04-22 00:00:00-04:00,1.340000033378601,1.3600000143051147,1.25,1.3600000143051147,293800,0.0,0.0
2024-04-23 00:00:00-04:00,1.3600000143051147,1.4199999570846558,1.3509999513626099,1.4199999570846558,130300,0.0,0.0
2024-04-24 00:00:00-04:00,1.4199999570846558,1.4299999475479126,1.375,1.3899999856948853,210400,0.0,0.0
2024-04-25 00:00:00-04:00,1.399999976158142,1.4299999475479126,1.375,1.4299999475479126,124400,0.0,0.0
2024-04-26 00:00:00-04:00,1.4299999475479126,1.4900000095367432,1.409999966621399,1.4900000095367432,192400,0.0,0.0
2024-04-29 00:00:00-04:00,1.4900000095367432,1.5299999713897705,1.4700000286102295,1.5199999809265137,292100,0.0,0.0
2024-04-30 00:00:00-04:00,1.5299999713897705,1.5299999713897705,1.409999966621399,1.409999966621399,155100,0.0,0.0
2024-05-01 00:00:00-04:00,1.4299999475479126,1.5,1.4199999570846558,1.4800000190734863,167500,0.0,0.0
2024-05-02 00:00:00-04:00,1.4700000286102295,1.559999942779541,1.4700000286102295,1.5099999904632568,241100,0.0,0.0
2024-05-03 00:00:00-04:00,1.5800000429153442,1.5800000429153442,1.4600000381469727,1.5399999618530273,317300,0.0,0.0
2024-05-06 00:00:00-04:00,1.5299999713897705,1.6299999952316284,1.5299999713897705,1.600000023841858,603500,0.0,0.0
2024-05-07 00:00:00-04:00,1.600000023841858,1.6399999856948853,1.590000033378601,1.6399999856948853,295300,0.0,0.0
2024-05-08 00:00:00-04:00,1.6100000143051147,1.6100000143051147,1.440000057220459,1.4900000095367432,410800,0.0,0.0
2024-05-09 00:00:00-04:00,1.5499999523162842,1.590000033378601,1.5,1.5,113000,0.0,0.0
2024-05-10 00:00:00-04:00,1.5099999904632568,1.5299999713897705,1.3899999856948853,1.4199999570846558,438800,0.0,0.0
2024-05-13 00:00:00-04:00,1.409999966621399,1.5,1.399999976158142,1.4199999570846558,231900,0.0,0.0
2024-05-14 00:00:00-04:00,1.4900000095367432,1.524999976158142,1.440000057220459,1.4700000286102295,307900,0.0,0.0
2024-05-15 00:00:00-04:00,1.5299999713897705,1.559999942779541,1.4900000095367432,1.5199999809265137,268400,0.0,0.0
2024-05-16 00:00:00-04:00,1.5,1.5199999809265137,1.4800000190734863,1.5099999904632568,209700,0.0,0.0
2024-05-17 00:00:00-04:00,1.5,1.5499999523162842,1.4700000286102295,1.4900000095367432,248200,0.0,0.0
2024-05-20 00:00:00-04:00,1.4900000095367432,1.4900000095367432,1.409999966621399,1.4800000190734863,172000,0.0,0.0
2024-05-21 00:00:00-04:00,1.4600000381469727,1.5,1.4500000476837158,1.4800000190734863,106900,0.0,0.0
2024-05-22 00:00:00-04:00,1.4500000476837158,1.5700000524520874,1.4210000038146973,1.5199999809265137,413500,0.0,0.0
2024-05-23 00:00:00-04:00,1.4700000286102295,1.5099999904632568,1.4500000476837158,1.4800000190734863,176900,0.0,0.0
2024-05-24 00:00:00-04:00,1.5,1.5099999904632568,1.4700000286102295,1.5099999904632568,68100,0.0,0.0
2024-05-28 00:00:00-04:00,1.5,1.5800000429153442,1.4700000286102295,1.5299999713897705,330000,0.0,0.0
2024-05-29 00:00:00-04:00,1.5,1.5700000524520874,1.4500000476837158,1.5499999523162842,311000,0.0,0.0
2024-05-30 00:00:00-04:00,1.5299999713897705,1.590000033378601,1.5099999904632568,1.5299999713897705,191100,0.0,0.0
2024-05-31 00:00:00-04:00,1.5099999904632568,1.5460000038146973,1.5,1.5299999713897705,97100,0.0,0.0
2024-06-03 00:00:00-04:00,1.5299999713897705,1.5700000524520874,1.5,1.559999942779541,191800,0.0,0.0
2024-06-04 00:00:00-04:00,1.5,1.5199999809265137,1.4600000381469727,1.4600000381469727,194700,0.0,0.0
2024-06-05 00:00:00-04:00,1.5199999809265137,1.5199999809265137,1.4299999475479126,1.4700000286102295,214600,0.0,0.0
2024-06-06 00:00:00-04:00,1.4600000381469727,1.4700000286102295,1.4199999570846558,1.4199999570846558,268500,0.0,0.0
2024-06-07 00:00:00-04:00,1.409999966621399,1.4500000476837158,1.409999966621399,1.409999966621399,121400,0.0,0.0
2024-06-10 00:00:00-04:00,1.409999966621399,1.440000057220459,1.3700000047683716,1.3799999952316284,427900,0.0,0.0
2024-06-11 00:00:00-04:00,1.3700000047683716,1.409999966621399,1.340000033378601,1.3700000047683716,280200,0.0,0.0
2024-06-12 00:00:00-04:00,1.4299999475479126,1.4700000286102295,1.350000023841858,1.4199999570846558,233200,0.0,0.0
2024-06-13 00:00:00-04:00,1.3899999856948853,1.4199999570846558,1.3700000047683716,1.399999976158142,133200,0.0,0.0
2024-06-14 00:00:00-04:00,1.350000023841858,1.3890000581741333,1.309999942779541,1.309999942779541,220000,0.0,0.0
2024-06-17 00:00:00-04:00,1.3200000524520874,1.350000023841858,1.309999942779541,1.3300000429153442,116000,0.0,0.0
2024-06-18 00:00:00-04:00,1.309999942779541,1.340000033378601,1.309999942779541,1.309999942779541,217300,0.0,0.0
2024-06-20 00:00:00-04:00,1.2999999523162842,1.340000033378601,1.2999999523162842,1.309999942779541,301500,0.0,0.0
2024-06-21 00:00:00-04:00,1.3200000524520874,1.3450000286102295,1.2599999904632568,1.309999942779541,432400,0.0,0.0
2024-06-24 00:00:00-04:00,1.2799999713897705,1.3600000143051147,1.2699999809265137,1.340000033378601,354800,0.0,0.0
2024-06-25 00:00:00-04:00,1.3700000047683716,1.4249999523162842,1.3300000429153442,1.340000033378601,196000,0.0,0.0
2024-06-26 00:00:00-04:00,1.3200000524520874,1.3200000524520874,1.2599999904632568,1.2699999809265137,365000,0.0,0.0
2024-06-27 00:00:00-04:00,1.2799999713897705,1.3799999952316284,1.2799999713897705,1.3700000047683716,746500,0.0,0.0
2024-06-28 00:00:00-04:00,1.3899999856948853,1.3899999856948853,1.2699999809265137,1.309999942779541,304700,0.0,0.0
2024-07-01 00:00:00-04:00,1.309999942779541,1.3200000524520874,1.25,1.25,208700,0.0,0.0
2024-07-02 00:00:00-04:00,1.25,1.2799999713897705,1.2200000286102295,1.2200000286102295,315600,0.0,0.0
2024-07-03 00:00:00-04:00,1.2999999523162842,1.309999942779541,1.2599999904632568,1.2999999523162842,207000,0.0,0.0
2024-07-05 00:00:00-04:00,1.2999999523162842,1.309999942779541,1.2599999904632568,1.309999942779541,191500,0.0,0.0
2024-07-08 00:00:00-04:00,1.3200000524520874,1.3600000143051147,1.2799999713897705,1.2799999713897705,239700,0.0,0.0
2024-07-09 00:00:00-04:00,1.2799999713897705,1.3300000429153442,1.2599999904632568,1.3200000524520874,198400,0.0,0.0
2024-07-10 00:00:00-04:00,1.3200000524520874,1.3300000429153442,1.2899999618530273,1.2999999523162842,115700,0.0,0.0
2024-07-11 00:00:00-04:00,1.3200000524520874,1.4500000476837158,1.2799999713897705,1.4199999570846558,585800,0.0,0.0
2024-07-12 00:00:00-04:00,1.4199999570846558,1.5499999523162842,1.3799999952316284,1.5099999904632568,413300,0.0,0.0
2024-07-15 00:00:00-04:00,1.4800000190734863,1.4800000190734863,1.4199999570846558,1.440000057220459,268200,0.0,0.0
2024-07-16 00:00:00-04:00,1.4700000286102295,1.5,1.440000057220459,1.4900000095367432,470700,0.0,0.0
2024-07-17 00:00:00-04:00,1.5,1.5199999809265137,1.4049999713897705,1.4900000095367432,280000,0.0,0.0
2024-07-18 00:00:00-04:00,1.4900000095367432,1.5,1.440000057220459,1.4500000476837158,115600,0.0,0.0
2024-07-19 00:00:00-04:00,1.4299999475479126,1.4800000190734863,1.4299999475479126,1.4500000476837158,81400,0.0,0.0
2024-07-22 00:00:00-04:00,1.440000057220459,1.5199999809265137,1.4299999475479126,1.4900000095367432,455300,0.0,0.0
2024-07-23 00:00:00-04:00,1.4800000190734863,1.4800000190734863,1.399999976158142,1.4299999475479126,239300,0.0,0.0
2024-07-24 00:00:00-04:00,1.3899999856948853,1.4500000476837158,1.340000033378601,1.3700000047683716,391000,0.0,0.0
2024-07-25 00:00:00-04:00,1.3700000047683716,1.440000057220459,1.3700000047683716,1.4299999475479126,151900,0.0,0.0
2024-07-26 00:00:00-04:00,1.4500000476837158,1.4800000190734863,1.399999976158142,1.4199999570846558,213800,0.0,0.0
2024-07-29 00:00:00-04:00,1.4900000095367432,1.6200000047683716,1.3799999952316284,1.600000023841858,641600,0.0,0.0
2024-07-30 00:00:00-04:00,1.5800000429153442,1.6399999856948853,1.4500000476837158,1.4800000190734863,427700,0.0,0.0
2024-07-31 00:00:00-04:00,1.600000023841858,1.6399999856948853,1.5,1.6299999952316284,963900,0.0,0.0
2024-08-01 00:00:00-04:00,1.5700000524520874,1.6399999856948853,1.4500000476837158,1.4600000381469727,615200,0.0,0.0
2024-08-02 00:00:00-04:00,1.4299999475479126,1.4900000095367432,1.4199999570846558,1.4900000095367432,286500,0.0,0.0
2024-08-05 00:00:00-04:00,1.350000023841858,1.4900000095367432,1.3200000524520874,1.4700000286102295,523200,0.0,0.0
2024-08-06 00:00:00-04:00,1.409999966621399,1.440000057220459,1.350000023841858,1.3799999952316284,321800,0.0,0.0
2024-08-07 00:00:00-04:00,1.399999976158142,1.399999976158142,1.25,1.2899999618530273,445000,0.0,0.0
2024-08-08 00:00:00-04:00,1.3200000524520874,1.3799999952316284,1.2699999809265137,1.3799999952316284,455300,0.0,0.0
2024-08-09 00:00:00-04:00,1.340000033378601,1.3799999952316284,1.2899999618530273,1.2899999618530273,259800,0.0,0.0
2024-08-12 00:00:00-04:00,1.3200000524520874,1.3300000429153442,1.2599999904632568,1.2799999713897705,329800,0.0,0.0
2024-08-13 00:00:00-04:00,1.2899999618530273,1.440000057220459,1.2899999618530273,1.4299999475479126,583200,0.0,0.0
2024-08-14 00:00:00-04:00,1.409999966621399,1.440000057220459,1.309999942779541,1.3200000524520874,289600,0.0,0.0
2024-08-15 00:00:00-04:00,1.3300000429153442,1.3700000047683716,1.3250000476837158,1.350000023841858,207300,0.0,0.0
2024-08-16 00:00:00-04:00,1.3600000143051147,1.4800000190734863,1.3600000143051147,1.4800000190734863,471400,0.0,0.0
2024-08-19 00:00:00-04:00,1.4600000381469727,1.5299999713897705,1.4600000381469727,1.5099999904632568,296500,0.0,0.0
2024-08-20 00:00:00-04:00,1.5199999809265137,1.5399999618530273,1.4800000190734863,1.5399999618530273,156500,0.0,0.0
2024-08-21 00:00:00-04:00,1.5199999809265137,1.590000033378601,1.4900000095367432,1.5399999618530273,170300,0.0,0.0
2024-08-22 00:00:00-04:00,1.5099999904632568,1.5379999876022339,1.4800000190734863,1.4900000095367432,121000,0.0,0.0
2024-08-23 00:00:00-04:00,1.4900000095367432,1.590000033378601,1.4900000095367432,1.5499999523162842,282500,0.0,0.0
2024-08-26 00:00:00-04:00,1.559999942779541,1.5800000429153442,1.4600000381469727,1.4800000190734863,321000,0.0,0.0
2024-08-27 00:00:00-04:00,1.4500000476837158,1.4900000095367432,1.3899999856948853,1.440000057220459,305200,0.0,0.0
2024-08-28 00:00:00-04:00,1.399999976158142,1.5,1.399999976158142,1.409999966621399,192500,0.0,0.0
2024-08-29 00:00:00-04:00,1.399999976158142,1.4500000476837158,1.3600000143051147,1.3899999856948853,303900,0.0,0.0
2024-08-30 00:00:00-04:00,1.3700000047683716,1.4299999475479126,1.3600000143051147,1.3700000047683716,299100,0.0,0.0
2024-09-03 00:00:00-04:00,1.350000023841858,1.350000023841858,1.309999942779541,1.309999942779541,346700,0.0,0.0
2024-09-04 00:00:00-04:00,1.309999942779541,1.3200000524520874,1.2599999904632568,1.2599999904632568,418700,0.0,0.0
2024-09-05 00:00:00-04:00,1.2799999713897705,1.3300000429153442,1.2599999904632568,1.2699999809265137,337200,0.0,0.0
2024-09-06 00:00:00-04:00,1.2899999618530273,1.2899999618530273,1.2300000190734863,1.2300000190734863,336400,0.0,0.0
2024-09-09 00:00:00-04:00,1.2400000095367432,1.274999976158142,1.2300000190734863,1.2599999904632568,265400,0.0,0.0
2024-09-10 00:00:00-04:00,1.2400000095367432,1.2799999713897705,1.2400000095367432,1.25,147000,0.0,0.0
2024-09-11 00:00:00-04:00,1.2400000095367432,1.3300000429153442,1.2400000095367432,1.3200000524520874,190100,0.0,0.0
2024-09-12 00:00:00-04:00,1.2999999523162842,1.399999976158142,1.2799999713897705,1.340000033378601,502600,0.0,0.0
2024-09-13 00:00:00-04:00,1.309999942779541,1.3799999952316284,1.2899999618530273,1.3200000524520874,184900,0.0,0.0
2024-09-16 00:00:00-04:00,1.2999999523162842,1.309999942779541,1.2300000190734863,1.25,369400,0.0,0.0
2024-09-17 00:00:00-04:00,1.25,1.2799999713897705,1.2400000095367432,1.2599999904632568,232100,0.0,0.0
2024-09-18 00:00:00-04:00,1.2400000095367432,1.284999966621399,1.2400000095367432,1.2400000095367432,191600,0.0,0.0
2024-09-19 00:00:00-04:00,1.2400000095367432,1.2799999713897705,1.2400000095367432,1.25,225400,0.0,0.0
2024-09-20 00:00:00-04:00,1.2699999809265137,1.2699999809265137,1.2000000476837158,1.2000000476837158,485800,0.0,0.0
2024-09-23 00:00:00-04:00,1.2400000095367432,1.2799999713897705,1.2000000476837158,1.2000000476837158,272400,0.0,0.0
2024-09-24 00:00:00-04:00,1.2300000190734863,1.2400000095367432,1.2000000476837158,1.2200000286102295,255700,0.0,0.0
2024-09-25 00:00:00-04:00,1.2100000381469727,1.2300000190734863,1.1799999475479126,1.2000000476837158,188200,0.0,0.0
2024-09-26 00:00:00-04:00,1.2100000381469727,1.2400000095367432,1.1799999475479126,1.2000000476837158,221500,0.0,0.0
2024-09-27 00:00:00-04:00,1.190000057220459,1.225000023841858,1.1799999475479126,1.2000000476837158,232000,0.0,0.0
2024-09-30 00:00:00-04:00,1.2300000190734863,1.2300000190734863,1.2100000381469727,1.2200000286102295,182300,0.0,0.0
2024-10-01 00:00:00-04:00,1.2200000286102295,1.2200000286102295,1.159999966621399,1.1799999475479126,379100,0.0,0.0
2024-10-02 00:00:00-04:00,1.149999976158142,1.1699999570846558,1.059999942779541,1.1200000047683716,414100,0.0,0.0
2024-10-03 00:00:00-04:00,1.1399999856948853,1.1699999570846558,1.1200000047683716,1.159999966621399,234500,0.0,0.0
2024-10-04 00:00:00-04:00,1.149999976158142,1.1699999570846558,1.1200000047683716,1.1299999952316284,274900,0.0,0.0
2024-10-07 00:00:00-04:00,1.1299999952316284,1.149999976158142,1.1200000047683716,1.1299999952316284,215500,0.0,0.0
2024-10-08 00:00:00-04:00,1.149999976158142,1.149999976158142,1.090000033378601,1.090000033378601,188600,0.0,0.0
2024-10-09 00:00:00-04:00,1.100000023841858,1.149999976158142,1.031000018119812,1.1100000143051147,250100,0.0,0.0
2024-10-10 00:00:00-04:00,1.090000033378601,1.1100000143051147,1.090000033378601,1.090000033378601,177800,0.0,0.0
2024-10-11 00:00:00-04:00,1.090000033378601,1.190000057220459,1.090000033378601,1.1799999475479126,333800,0.0,0.0
2024-10-14 00:00:00-04:00,1.1799999475479126,1.1799999475479126,1.149999976158142,1.1699999570846558,170300,0.0,0.0
2024-10-15 00:00:00-04:00,1.149999976158142,1.159999966621399,1.1100000143051147,1.1200000047683716,208200,0.0,0.0
2024-10-16 00:00:00-04:00,1.1100000143051147,1.1299999952316284,1.100000023841858,1.100000023841858,337100,0.0,0.0
2024-10-17 00:00:00-04:00,1.090000033378601,1.149999976158142,1.0399999618530273,1.059999942779541,471600,0.0,0.0
2024-10-18 00:00:00-04:00,1.059999942779541,1.059999942779541,1.0,1.0299999713897705,553100,0.0,0.0
2024-10-21 00:00:00-04:00,1.0299999713897705,1.0399999618530273,0.9649999737739563,0.9779999852180481,800600,0.0,0.0
2024-10-22 00:00:00-04:00,0.9800000190734863,1.0,0.9399999976158142,0.9800000190734863,555800,0.0,0.0
2024-10-23 00:00:00-04:00,0.9520000219345093,0.9700000286102295,0.8999999761581421,0.9100000262260437,577500,0.0,0.0
2024-10-24 00:00:00-04:00,0.9210000038146973,0.9490000009536743,0.8659999966621399,0.8899999856948853,992400,0.0,0.0
2024-10-25 00:00:00-04:00,0.847000002861023,0.9290000200271606,0.8199999928474426,0.8999999761581421,636300,0.0,0.0
2024-10-28 00:00:00-04:00,0.8999999761581421,0.9800000190734863,0.8999999761581421,0.9409999847412109,379200,0.0,0.0
2024-10-29 00:00:00-04:00,0.9399999976158142,0.9589999914169312,0.9210000038146973,0.9580000042915344,139800,0.0,0.0
2024-10-30 00:00:00-04:00,0.9399999976158142,0.9599999785423279,0.9399999976158142,0.949999988079071,153000,0.0,0.0
2024-10-31 00:00:00-04:00,0.9589999914169312,0.9589999914169312,0.8700000047683716,0.8799999952316284,393100,0.0,0.0
2024-11-01 00:00:00-04:00,0.8939999938011169,0.8999999761581421,0.8320000171661377,0.8600000143051147,391800,0.0,0.0
2024-11-04 00:00:00-05:00,0.859000027179718,0.9210000038146973,0.8399999737739563,0.9039999842643738,359200,0.0,0.0
2024-11-05 00:00:00-05:00,0.9549999833106995,0.9980000257492065,0.9200000166893005,0.9800000190734863,622800,0.0,0.0
2024-11-06 00:00:00-05:00,0.9800000190734863,1.059999942779541,0.9010000228881836,0.9559999704360962,1172900,0.0,0.0
2024-11-07 00:00:00-05:00,0.9599999785423279,1.0,0.9599999785423279,0.9599999785423279,270900,0.0,0.0
2024-11-08 00:00:00-05:00,0.949999988079071,0.9900000095367432,0.8199999928474426,0.8899999856948853,1063700,0.0,0.0
2024-11-11 00:00:00-05:00,0.8610000014305115,0.8899999856948853,0.8299999833106995,0.8799999952316284,653300,0.0,0.0
2024-11-12 00:00:00-05:00,0.8299999833106995,0.8500000238418579,0.7829999923706055,0.8199999928474426,566400,0.0,0.0
2024-11-13 00:00:00-05:00,0.8100000023841858,0.8399999737739563,0.800000011920929,0.8109999895095825,450800,0.0,0.0
2024-11-14 00:00:00-05:00,0.7910000085830688,0.8149999976158142,0.7260000109672546,0.75,621400,0.0,0.0
2024-11-15 00:00:00-05:00,0.7799999713897705,0.7950000166893005,0.75,0.75,351600,0.0,0.0
2024-11-18 00:00:00-05:00,0.7279999852180481,0.75,0.6700000166893005,0.6700000166893005,794000,0.0,0.0
2024-11-19 00:00:00-05:00,0.6700000166893005,0.6700000166893005,0.5699999928474426,0.5740000009536743,2146500,0.0,0.0
2024-11-20 00:00:00-05:00,0.550000011920929,0.593999981880188,0.5,0.5899999737739563,1134300,0.0,0.0
2024-11-21 00:00:00-05:00,0.6100000143051147,0.6880000233650208,0.6060000061988831,0.6769999861717224,928400,0.0,0.0
2024-11-22 00:00:00-05:00,0.699999988079071,0.7480000257492065,0.6700000166893005,0.6800000071525574,903800,0.0,0.0
2024-11-25 00:00:00-05:00,0.6600000262260437,0.6700000166893005,0.6100000143051147,0.6520000100135803,632800,0.0,0.0
2024-11-26 00:00:00-05:00,0.6000000238418579,0.6499999761581421,0.5910000205039978,0.6259999871253967,413700,0.0,0.0
2024-11-27 00:00:00-05:00,0.6200000047683716,0.6570000052452087,0.6100000143051147,0.6200000047683716,301400,0.0,0.0
2024-11-29 00:00:00-05:00,0.6399999856948853,0.6919999718666077,0.6110000014305115,0.6600000262260437,502700,0.0,0.0
2024-12-02 00:00:00-05:00,0.6899999976158142,0.6970000267028809,0.6499999761581421,0.6840000152587891,438900,0.0,0.0
2024-12-03 00:00:00-05:00,0.6499999761581421,0.6790000200271606,0.6330000162124634,0.6700000166893005,484400,0.0,0.0
2024-12-04 00:00:00-05:00,0.6200000047683716,0.6399999856948853,0.6119999885559082,0.6269999742507935,386500,0.0,0.0
2024-12-05 00:00:00-05:00,0.625,0.6399999856948853,0.5529999732971191,0.6000000238418579,790400,0.0,0.0
2024-12-06 00:00:00-05:00,0.6050000190734863,0.6579999923706055,0.6050000190734863,0.6579999923706055,679900,0.0,0.0
2024-12-09 00:00:00-05:00,0.640999972820282,0.6460000276565552,0.6060000061988831,0.6209999918937683,612300,0.0,0.0
2024-12-10 00:00:00-05:00,0.6309999823570251,0.6579999923706055,0.6000000238418579,0.6110000014305115,290300,0.0,0.0
2024-12-11 00:00:00-05:00,0.6000000238418579,0.6050000190734863,0.550000011920929,0.550000011920929,770900,0.0,0.0
2024-12-12 00:00:00-05:00,0.550000011920929,0.5799999833106995,0.550000011920929,0.550000011920929,411500,0.0,0.0
2024-12-13 00:00:00-05:00,0.5889999866485596,0.5899999737739563,0.5099999904632568,0.5099999904632568,628700,0.0,0.0
2024-12-16 00:00:00-05:00,0.5099999904632568,0.5289999842643738,0.47999998927116394,0.47999998927116394,880100,0.0,0.0
2024-12-17 00:00:00-05:00,0.47999998927116394,0.5289999842643738,0.47200000286102295,0.5,792800,0.0,0.0
2024-12-18 00:00:00-05:00,0.5199999809265137,0.5370000004768372,0.4729999899864197,0.4749999940395355,716700,0.0,0.0
2024-12-19 00:00:00-05:00,0.47600001096725464,0.49000000953674316,0.4569999873638153,0.47699999809265137,390200,0.0,0.0
2024-12-20 00:00:00-05:00,0.453000009059906,0.5770000219345093,0.453000009059906,0.5299999713897705,1240600,0.0,0.0
2024-12-23 00:00:00-05:00,0.49000000953674316,0.5180000066757202,0.45399999618530273,0.45399999618530273,1382100,0.0,0.0
2024-12-24 00:00:00-05:00,0.5,0.5080000162124634,0.46000000834465027,0.46000000834465027,841600,0.0,0.0
2024-12-26 00:00:00-05:00,0.47999998927116394,0.47999998927116394,0.4129999876022339,0.4390000104904175,1059900,0.0,0.0
2024-12-27 00:00:00-05:00,0.4300000071525574,0.45100000500679016,0.4300000071525574,0.44200000166893005,1190400,0.0,0.0
