Date,Open,High,Low,Close,Volume,Dividends,Stock Splits
2018-04-19 00:00:00-04:00,13.237107824531579,13.640951620888275,12.564034545318108,12.967878341674805,12977400,0.0,0.0
2018-04-20 00:00:00-04:00,12.967878287405432,13.910181045532227,12.958903771647812,13.910181045532227,3661400,0.0,0.0
2018-04-23 00:00:00-04:00,13.94607675649674,14.76273962982866,13.910179553174435,14.547354698181152,3051800,0.0,0.0
2018-04-24 00:00:00-04:00,14.251201540153469,14.43966204679735,13.623000136626107,13.937100410461426,1782300,0.0,0.0
2018-04-25 00:00:00-04:00,14.089667320251465,14.13453904394331,13.730695242430603,14.089667320251465,3542800,0.0,0.0
2018-04-26 00:00:00-04:00,14.215304495786237,14.672994424866921,14.017869473384557,14.583250999450684,1724900,0.0,0.0
2018-04-27 00:00:00-04:00,14.699919655511176,15.211456785227451,14.502485443284554,14.592228889465332,1728500,0.0,0.0
2018-04-30 00:00:00-04:00,14.592227480205414,14.834534247978322,14.179409208184678,14.340946197509766,460700,0.0,0.0
2018-05-01 00:00:00-04:00,14.305050281328548,14.753766653430944,14.28710210572433,14.520434379577637,1029400,0.0,0.0
2018-05-02 00:00:00-04:00,14.457613605244596,14.56530436405917,14.31402392982579,14.538382530212402,656600,0.0,0.0
2018-05-03 00:00:00-04:00,14.574279807896632,15.049918872823609,14.489024475759942,14.628125190734863,1053500,0.0,0.0
2018-05-04 00:00:00-04:00,14.610178547088937,14.915305250149913,14.215308394001687,14.72684383392334,1096500,0.0,0.0
2018-05-07 00:00:00-04:00,15.148635289448194,16.11786074977173,14.771714182004937,16.010169982910156,1637700,0.0,0.0
2018-05-08 00:00:00-04:00,15.893500116657812,16.485806074227348,15.893500116657812,15.956321716308594,741400,0.0,0.0
2018-05-09 00:00:00-04:00,15.99222074501976,16.19862947193827,15.408890915517352,15.55247974395752,650000,0.0,0.0
2018-05-10 00:00:00-04:00,15.588373091360818,16.207599084797266,15.534526013199386,16.144779205322266,637200,0.0,0.0
2018-05-11 00:00:00-04:00,15.929400649049057,16.853755218422126,15.929400649049057,16.79093360900879,537400,0.0,0.0
2018-05-14 00:00:00-04:00,17.257597052071258,17.796055973599106,16.916574038408065,16.925548553466797,970300,0.0,0.0
2018-05-15 00:00:00-04:00,17.149907512916755,17.957595096720063,16.5486286549839,17.75118637084961,1656700,0.0,0.0
2018-05-16 00:00:00-04:00,17.742209977476456,17.876824275244992,16.853753558147726,16.898624420166016,992600,0.0,0.0
2018-05-17 00:00:00-04:00,16.916570419043907,17.589643499018756,16.916570419043907,17.105030059814453,809100,0.0,0.0
2018-05-18 00:00:00-04:00,17.158881940368072,17.64349380347225,17.04221494863166,17.41913604736328,920200,0.0,0.0
2018-05-21 00:00:00-04:00,17.607593268365747,17.742207547698992,17.311441169147237,17.499900817871094,666100,0.0,0.0
2018-05-22 00:00:00-04:00,17.52683120035718,17.80503438114295,17.52683120035718,17.589651107788086,520400,0.0,0.0
2018-05-23 00:00:00-04:00,17.517856068556352,17.6434958790089,17.27554925264298,17.455036163330078,400700,0.0,0.0
2018-05-24 00:00:00-04:00,17.69733843558218,17.72426198139112,17.15888121311346,17.212726593017578,519500,0.0,0.0
2018-05-25 00:00:00-04:00,17.096059122746688,17.419134816462297,17.069137289412865,17.257596969604492,529200,0.0,0.0
2018-05-29 00:00:00-04:00,17.239647602808777,17.27554566217092,16.342216659319377,16.638370513916016,727500,0.0,0.0
2018-05-30 00:00:00-04:00,16.696908128813803,17.066149199310964,16.507783690073175,16.678895950317383,752900,0.065,0.0
2018-05-31 00:00:00-04:00,16.660884801861823,16.82299098287986,16.273631528926735,16.52579689025879,572100,0.0,0.0
2018-06-01 00:00:00-04:00,16.57983123996467,16.98059277734504,16.381702423095703,16.381702423095703,893000,0.0,0.0
2018-06-04 00:00:00-04:00,16.498778290907836,17.79562599538229,16.345678202756435,17.71457290649414,1009500,0.0,0.0
2018-06-05 00:00:00-04:00,17.723577624530478,17.955028784997467,17.345330478236136,17.417377471923828,1512200,0.0,0.0
2018-06-06 00:00:00-04:00,17.417378617411845,17.601999158236975,16.92205571795006,17.534454345703125,1414000,0.0,0.0
2018-06-07 00:00:00-04:00,17.480417289165956,17.741588698620347,17.246264144814482,17.435388565063477,743800,0.0,0.0
2018-06-08 00:00:00-04:00,17.49843575792763,18.227912000651767,17.381358284785726,17.804636001586914,1098200,0.0,0.0
2018-06-11 00:00:00-04:00,17.867675450764644,18.642182087611463,17.80463453246059,18.12884521484375,1516800,0.0,0.0
2018-06-12 00:00:00-04:00,18.101824958735097,18.335978120084732,17.92170661377819,18.218900680541992,635400,0.0,0.0
2018-06-13 00:00:00-04:00,18.24591894760628,18.46205993091306,18.119837136777953,18.218900680541992,969800,0.0,0.0
2018-06-14 00:00:00-04:00,18.344986422817964,18.687209258249514,18.314366059997276,18.48908042907715,769400,0.0,0.0
2018-06-15 00:00:00-04:00,18.39001515562294,18.637676621522413,18.01176795975857,18.48908042907715,2194400,0.0,0.0
2018-06-18 00:00:00-04:00,18.41703339645408,18.41703339645408,17.831649564510535,18.002761840820312,659000,0.0,0.0
2018-06-19 00:00:00-04:00,17.84065800291749,17.921711106694268,17.25527581165786,17.345335006713867,972400,0.0,0.0
2018-06-20 00:00:00-04:00,17.354336803239498,17.444395976008167,16.66088340597735,17.201236724853516,793100,0.0,0.0
2018-06-21 00:00:00-04:00,17.174217294858476,17.174217294858476,15.985441104462897,16.68790054321289,1179400,0.0,0.0
2018-06-22 00:00:00-04:00,16.868015647947367,17.16070748397733,16.507780731265886,16.6969051361084,3444600,0.0,0.0
2018-06-25 00:00:00-04:00,16.579831687102427,16.62486041832558,15.490120588331031,15.751290321350098,1056400,0.0,0.0
2018-06-26 00:00:00-04:00,15.733275464719105,15.886375529657935,15.481111864397992,15.580175399780273,526800,0.0,0.0
2018-06-27 00:00:00-04:00,15.634217994738073,16.07550618423647,15.580181444217674,15.940418243408203,1383600,0.0,0.0
2018-06-28 00:00:00-04:00,16.210590930939098,16.732932125559916,16.120531748886677,16.624860763549805,1364400,0.0,0.0
2018-06-29 00:00:00-04:00,16.615851475389004,16.922051573134144,15.71526335678224,16.201580047607422,1248300,0.0,0.0
2018-07-02 00:00:00-04:00,16.093515446727658,16.28263818601368,15.89088271339545,16.22860336303711,734200,0.0,0.0
2018-07-03 00:00:00-04:00,16.37269663724837,16.578931453857674,15.679243188740022,15.769302368164062,309600,0.0,0.0
2018-07-05 00:00:00-04:00,15.769304614747076,16.336674605798066,15.769304614747076,16.30965805053711,385800,0.0,0.0
2018-07-06 00:00:00-04:00,16.228601328448786,16.68790156050705,16.228601328448786,16.534801483154297,717800,0.0,0.0
2018-07-09 00:00:00-04:00,16.426736512253445,16.76896115581884,16.345683397605665,16.64287757873535,311400,0.0,0.0
2018-07-10 00:00:00-04:00,16.642873943303407,16.669892214863026,16.21059190476631,16.336673736572266,319700,0.0,0.0
2018-07-11 00:00:00-04:00,16.345677554567544,16.51678981518328,15.96292820823497,15.9944486618042,395900,0.0,0.0
2018-07-12 00:00:00-04:00,15.94041551837354,16.147550440082657,15.850356333971641,16.102519989013672,327000,0.0,0.0
2018-07-13 00:00:00-04:00,16.039481375802314,16.255622418726425,15.724275044053538,15.733281135559082,356900,0.0,0.0
2018-07-16 00:00:00-04:00,15.778306912235365,15.877370453935157,15.490118940498139,15.535147666931152,415300,0.0,0.0
2018-07-17 00:00:00-04:00,15.490120577573538,15.715267669004922,15.409067487239362,15.571173667907715,490500,0.0,0.0
2018-07-18 00:00:00-04:00,15.562165498272627,16.28263540746942,15.562165498272627,16.255617141723633,1085600,0.0,0.0
2018-07-19 00:00:00-04:00,16.26462560326897,16.579831878681194,16.183572511941943,16.39971351623535,665700,0.0,0.0
2018-07-20 00:00:00-04:00,16.426731772529475,16.872523774464657,16.27363167989614,16.750944137573242,337700,0.0,0.0
2018-07-23 00:00:00-04:00,16.750943376245843,17.13819663517286,16.534802381952236,16.868019104003906,444600,0.0,0.0
2018-07-24 00:00:00-04:00,17.084160825791237,17.462408011345904,16.958079003185013,17.327320098876953,581400,0.0,0.0
2018-07-25 00:00:00-04:00,17.264279446295404,17.48492435689887,16.868020075076952,17.11117935180664,550000,0.0,0.0
2018-07-26 00:00:00-04:00,17.210246074541782,17.966740520746004,17.210246074541782,17.633522033691406,658900,0.0,0.0
2018-07-27 00:00:00-04:00,17.58849302948065,17.795627960519006,17.255274547506474,17.669546127319336,334700,0.0,0.0
2018-07-30 00:00:00-04:00,17.777617029055364,18.110835534454964,17.741594381781397,18.011770248413086,491000,0.0,0.0
2018-07-31 00:00:00-04:00,18.11083072133863,20.164170884612872,18.11083072133863,19.092472076416016,2029600,0.0,0.0
2018-08-01 00:00:00-04:00,19.155514510052196,20.91166075212813,19.155514510052196,20.146162033081055,1910600,0.0,0.0
2018-08-02 00:00:00-04:00,20.056101647878872,20.3893183535346,19.722883224487305,19.722883224487305,1063200,0.0,0.0
2018-08-03 00:00:00-04:00,21.941936834429463,21.941936834429463,18.696216044736186,18.948381423950195,1633400,0.0,0.0
2018-08-06 00:00:00-04:00,19.128496242541186,19.89399667937317,18.912355245859676,19.794931411743164,598300,0.0,0.0
2018-08-07 00:00:00-04:00,18.67820334270999,20.407333151716905,18.435044060724,19.38066291809082,1325600,0.0,0.0
2018-08-08 00:00:00-04:00,19.425690772746883,19.58779695340593,17.993755133906603,19.227561950683594,1748700,0.0,0.0
2018-08-09 00:00:00-04:00,17.83164774336313,18.236913167513332,17.291296134810693,17.561471939086914,13179900,0.0,0.0
2018-08-10 00:00:00-04:00,17.336325529465597,17.876678876528597,17.174219353573104,17.534454345703125,3455900,0.0,0.0
2018-08-13 00:00:00-04:00,17.606500667220992,18.002760002197203,17.543459760738934,17.561471939086914,2744700,0.0,0.0
2018-08-14 00:00:00-04:00,17.624512845568972,17.72357810874699,17.169716507565635,17.561471939086914,1482000,0.0,0.0
2018-08-15 00:00:00-04:00,17.318314501367553,17.435391955175515,15.742284803039817,16.22860336303711,4434000,0.0,0.0
2018-08-16 00:00:00-04:00,16.264623230305563,16.417723300726852,15.985441355208774,16.255617141723633,2457400,0.0,0.0
2018-08-17 00:00:00-04:00,16.210593903830933,16.210593903830933,15.445093292602762,15.805328369140625,2711000,0.0,0.0
2018-08-20 00:00:00-04:00,15.850354860925059,16.197081572121007,15.724271327385496,16.11152458190918,1362100,0.0,0.0
2018-08-21 00:00:00-04:00,16.111525357982465,16.300649808533755,15.931408714977803,16.1745662689209,1040900,0.0,0.0
2018-08-22 00:00:00-04:00,16.255616407649452,16.561816534664587,16.102516344141883,16.543806076049805,1346200,0.0,0.0
2018-08-23 00:00:00-04:00,16.480763458823187,16.714916598172156,16.21959377268421,16.543806076049805,1205500,0.0,0.0
2018-08-24 00:00:00-04:00,16.5708258283278,17.01211392786354,16.381703093270772,16.886032104492188,2153200,0.0,0.0
2018-08-27 00:00:00-04:00,16.913051072757405,17.534455843096953,16.72392661215348,17.525449752807617,1581900,0.0,0.0
2018-08-28 00:00:00-04:00,17.606504535797384,17.768610741076134,16.84100568290413,16.89504051208496,1244600,0.0,0.0
2018-08-29 00:00:00-04:00,16.95807859161959,16.95807859161959,16.58883750488898,16.78696632385254,683000,0.0,0.0
2018-08-30 00:00:00-04:00,16.737210301147652,17.02671852755717,16.452224885823536,16.492937088012695,657400,0.085,0.0
2018-08-31 00:00:00-04:00,16.393418437044417,16.854821058449474,16.321041386078427,16.719114303588867,944700,0.0,0.0
2018-09-04 00:00:00-04:00,16.637686757779687,16.82767755912318,16.393415335487603,16.755300521850586,1180300,0.0,0.0
2018-09-05 00:00:00-04:00,16.673876923079774,16.7553013095399,16.357226723024255,16.61959457397461,1196800,0.0,0.0
2018-09-06 00:00:00-04:00,16.60149823457065,16.646733233400884,16.24865868639738,16.4024600982666,1212400,0.0,0.0
2018-09-07 00:00:00-04:00,16.2758037238717,16.33913342415991,15.642504995384673,15.669645309448242,1024700,0.0,0.0
2018-09-10 00:00:00-04:00,15.7420228334856,15.7420228334856,15.380137588293797,15.579174041748047,1539800,0.0,0.0
2018-09-11 00:00:00-04:00,15.579172940342453,15.986294890903906,15.56107997356571,15.877728462219238,1220300,0.0,0.0
2018-09-12 00:00:00-04:00,15.886780599685158,15.995347061112255,15.588224987767344,15.814403533935547,747900,0.0,0.0
2018-09-13 00:00:00-04:00,15.832495670629989,16.14009858170778,15.633459203417042,16.07676887512207,1484200,0.0,0.0
2018-09-14 00:00:00-04:00,16.131052942888626,16.69197646532858,16.103910897646198,16.311996459960938,1026100,0.0,0.0
2018-09-17 00:00:00-04:00,16.22152244741671,17.0809997200712,16.103908659980764,16.90910530090332,1227500,0.0,0.0
2018-09-18 00:00:00-04:00,16.963386694051064,17.108140789125237,16.701018818226043,16.728160858154297,932300,0.0,0.0
2018-09-19 00:00:00-04:00,16.73720757947945,17.334318630753028,16.73720757947945,17.243846893310547,1419900,0.0,0.0
2018-09-20 00:00:00-04:00,17.325274785665876,18.374743010631185,17.325274785665876,18.2209415435791,2760600,0.0,0.0
2018-09-21 00:00:00-04:00,18.3114091403106,18.370216027016507,18.003806276070996,18.076183319091797,3207900,0.0,0.0
2018-09-24 00:00:00-04:00,17.813818770920303,17.813818770920303,17.37050912725659,17.379554748535156,1481000,0.0,0.0
2018-09-25 00:00:00-04:00,17.451933547752358,17.451933547752358,16.909104813223525,17.126235961914062,1102200,0.0,0.0
2018-09-26 00:00:00-04:00,17.12623452331376,17.38860065884092,16.936243705665618,16.97243309020996,676900,0.0,0.0
2018-09-27 00:00:00-04:00,16.981484951273604,17.696208230002078,16.881965842921993,17.451936721801758,1165400,0.0,0.0
2018-09-28 00:00:00-04:00,17.424791957550344,18.148562471897232,17.261943160421037,17.650970458984375,1365500,0.0,0.0
2018-10-01 00:00:00-04:00,17.714302092078263,17.895245603169197,17.49717091413227,17.587642669677734,919300,0.0,0.0
2018-10-02 00:00:00-04:00,17.497169538920957,17.505312669266065,16.646737864602613,16.945293426513672,1439400,0.0,0.0
2018-10-03 00:00:00-04:00,17.008622154334805,17.660017325110037,17.008622154334805,17.379554748535156,794700,0.0,0.0
2018-10-04 00:00:00-04:00,17.289087143311097,17.596690077852443,17.090048935310683,17.162425994873047,472800,0.0,0.0
2018-10-05 00:00:00-04:00,17.144330980522998,17.15337660198546,16.719114296376844,16.78244400024414,1103000,0.0,0.0
2018-10-08 00:00:00-04:00,16.728159890021814,16.728159890021814,16.094861192125325,16.167238235473633,1214300,0.0,0.0
2018-10-09 00:00:00-04:00,16.103909210968204,16.103909210968204,15.597269832077082,15.83249568939209,1324600,0.0,0.0
2018-10-10 00:00:00-04:00,15.732973582040769,16.257707555446473,15.570124810017488,15.633456230163574,1301200,0.0,0.0
2018-10-11 00:00:00-04:00,15.61536263904113,15.769164076166986,14.828260760666488,14.963969230651855,1195500,0.0,0.0
2018-10-12 00:00:00-04:00,15.380136047324118,15.841540335816417,15.280616967765546,15.778210639953613,1041200,0.0,0.0
2018-10-15 00:00:00-04:00,15.669646770603062,15.742023824196412,15.221814290745804,15.27157211303711,1035500,0.0,0.0
2018-10-16 00:00:00-04:00,15.506796218001051,16.357227795918547,15.280617735355271,16.266756057739258,1113200,0.0,0.0
2018-10-17 00:00:00-04:00,16.26675655254607,16.474840348764566,15.787259259138654,15.859636306762695,763500,0.0,0.0
2018-10-18 00:00:00-04:00,15.760119896624353,15.99534577276564,15.642507821356324,15.796307563781738,482200,0.0,0.0
2018-10-19 00:00:00-04:00,15.814401832233271,15.900350774916118,15.407281528301736,15.515846252441406,740800,0.0,0.0
2018-10-22 00:00:00-04:00,15.597269870809296,15.642506608254374,15.244431946763138,15.343949317932129,558800,0.0,0.0
2018-10-23 00:00:00-04:00,15.045392849267337,15.235383683911577,14.529706152612233,15.027299880981445,971600,0.0,0.0
2018-10-24 00:00:00-04:00,15.045392297276088,15.144911384419732,13.20882407485742,13.389766693115234,2242400,0.0,0.0
2018-10-25 00:00:00-04:00,13.480237712644097,14.321621974896697,13.480237712644097,14.204009056091309,1448400,0.0,0.0
2018-10-26 00:00:00-04:00,13.905453210161335,14.222103435555196,13.6249923708033,13.995924949645996,1314800,0.0,0.0
2018-10-29 00:00:00-04:00,14.249245827303808,14.452806827100586,13.715464416994498,13.950690269470215,1031100,0.0,0.0
2018-10-30 00:00:00-04:00,14.267340126877869,15.371090580456128,14.123490242630247,15.226336479187012,1148200,0.0,0.0
2018-10-31 00:00:00-04:00,15.59726840981903,16.284851224132783,15.352995227311856,16.176284790039062,1529900,0.0,0.0
2018-11-01 00:00:00-04:00,16.37532500609761,16.7779224910027,16.14281351780282,16.55626678466797,1013900,0.0,0.0
2018-11-02 00:00:00-04:00,17.261946133080315,17.551454388674944,14.4301907039367,15.533942222595215,5237100,0.0,0.0
2018-11-05 00:00:00-05:00,15.570129691394312,16.492938538432004,15.235386422272303,16.456750869750977,1271800,0.0,0.0
2018-11-06 00:00:00-05:00,16.23961685726425,16.728161515949203,16.13105041888704,16.27580451965332,1118800,0.0,0.0
2018-11-07 00:00:00-05:00,16.592456787805293,16.701021513831197,15.52489387012105,15.841544151306152,854000,0.0,0.0
2018-11-08 00:00:00-05:00,15.687737279572406,15.913915727402914,15.371087107488773,15.488700866699219,1263600,0.0,0.0
2018-11-09 00:00:00-05:00,15.325854603499108,15.380136956647316,14.457328325103303,14.547800064086914,1531500,0.0,0.0
2018-11-12 00:00:00-05:00,13.371674792828479,14.041163914422206,12.412678284355332,13.697372436523438,3094500,0.0,0.0
2018-11-13 00:00:00-05:00,13.6883228528005,14.213056901064682,13.679275505774651,13.742605209350586,1429500,0.0,0.0
2018-11-14 00:00:00-05:00,13.87831038996388,14.158771196109676,13.308340569432373,13.462141990661621,876500,0.0,0.0
2018-11-15 00:00:00-05:00,13.353580660532012,13.353580660532012,12.84694037209552,13.181684494018555,1310800,0.0,0.0
2018-11-16 00:00:00-05:00,13.04597559250799,13.321913631064046,12.865032970013234,13.290247917175293,1574600,0.0,0.0
2018-11-19 00:00:00-05:00,13.29024760597159,13.733558099206315,13.245012598508984,13.389766693115234,1020200,0.0,0.0
2018-11-20 00:00:00-05:00,13.064070631893443,13.30834384196057,12.810750936966565,13.055024147033691,971700,0.0,0.0
2018-11-21 00:00:00-05:00,13.226917905336833,13.561661964815794,12.982645586388385,13.08216381072998,610500,0.0,0.0
2018-11-23 00:00:00-05:00,12.883125046056263,13.561660435090435,12.792654178533125,13.416906356811523,323500,0.0,0.0
2018-11-26 00:00:00-05:00,13.742604574942247,13.959736579526501,13.425955208877749,13.824028968811035,1308800,0.0,0.0
2018-11-27 00:00:00-05:00,13.923548547855422,14.213056747126974,13.290248067745164,13.606898307800293,2225000,0.0,0.0
2018-11-28 00:00:00-05:00,13.679272528779261,14.620174844638079,13.3626232170089,14.339714050292969,1541800,0.0,0.0
2018-11-29 00:00:00-05:00,14.35336104075958,14.653527188855962,14.23511398058937,14.617142677307129,1303200,0.085,0.0
2018-11-30 00:00:00-05:00,14.680813009226325,14.680813009226325,14.189634275395406,14.380648612976074,1833600,0.0,0.0
2018-12-03 00:00:00-05:00,14.862732992878408,14.871829120806831,14.326073589464478,14.562567710876465,1035300,0.0,0.0
2018-12-04 00:00:00-05:00,14.489800769300718,14.526184414431075,13.161796420860899,13.398289680480957,2419500,0.0,0.0
2018-12-06 00:00:00-05:00,13.111796324291129,13.188195103966919,12.271419765936237,12.58656120300293,2072700,0.7,0.0
2018-12-07 00:00:00-05:00,12.605660762273448,12.882603276895727,11.970602879911954,12.109074592590332,1613700,0.0,0.0
2018-12-10 00:00:00-05:00,11.965828360066872,12.252320847442965,11.707985758942547,12.070876121520996,2026500,0.0,0.0
2018-12-11 00:00:00-05:00,12.328718451092506,12.414666286485694,11.26869727295699,11.306896209716797,1780700,0.0,0.0
2018-12-12 00:00:00-05:00,11.574288328448826,11.984927566107194,11.526539431624803,11.717535018920898,1394800,0.0,0.0
2018-12-13 00:00:00-05:00,11.879879485220874,12.051775144780484,11.516990065070813,11.545639038085938,985000,0.0,0.0
2018-12-14 00:00:00-05:00,11.306895452433505,11.85123049248735,11.139774773776882,11.24959659576416,1317100,0.0,0.0
2018-12-17 00:00:00-05:00,11.249596540189025,11.392843225787505,10.97265404091327,11.096800804138184,2015300,0.0,0.0
2018-12-18 00:00:00-05:00,11.325995841878038,11.631588263396548,11.096802208790063,11.354645729064941,1914100,0.0,0.0
2018-12-19 00:00:00-05:00,11.335544340819041,11.516989959972726,11.020402908325195,11.020402908325195,1620000,0.0,0.0
2018-12-20 00:00:00-05:00,10.934454098531798,11.411941185024316,10.819857307061715,10.94400405883789,1663000,0.0,0.0
2018-12-21 00:00:00-05:00,11.134999920583054,11.1445498819263,10.356696285797206,10.371020317077637,2659900,0.0,0.0
2018-12-24 00:00:00-05:00,10.189573951073982,10.332819705030714,9.84578359513725,9.874432563781738,956500,0.0,0.0
2018-12-26 00:00:00-05:00,10.008129818674307,11.144549699337677,9.807586098158398,11.096800804138184,1888000,0.0,0.0
2018-12-27 00:00:00-05:00,10.772109431871305,11.001303947154511,10.371020168543728,10.800759315490723,1711500,0.0,0.0
2018-12-28 00:00:00-05:00,10.886705330618373,11.163647807480622,10.6957106760124,10.733909606933594,1494600,0.0,0.0
2018-12-31 00:00:00-05:00,10.84850695753242,11.006077669526501,10.437868656697953,10.924904823303223,858700,0.0,0.0
2019-01-02 00:00:00-05:00,10.686161580450731,11.115900726511752,10.619313673612094,11.096800804138184,793100,0.0,0.0
2019-01-03 00:00:00-05:00,10.982202167808929,11.163646846380082,10.819856497686924,10.953553199768066,947300,0.0,0.0
2019-01-04 00:00:00-05:00,11.182748260043908,11.698434307367894,11.173198299175924,11.583837509155273,2000900,0.0,0.0
2019-01-07 00:00:00-05:00,11.698434934676722,12.223670971033586,11.51699022212734,12.004026412963867,1112800,0.0,0.0
2019-01-08 00:00:00-05:00,12.166372526680746,12.701158542580048,12.118623628893125,12.481513977050781,1383200,0.0,0.0
2019-01-09 00:00:00-05:00,12.624758560647026,12.873051148327576,12.414663991931802,12.83485221862793,797200,0.0,0.0
2019-01-10 00:00:00-05:00,12.662960134338329,13.00675057341767,12.491064459431401,12.968551635742188,670500,0.0,0.0
2019-01-11 00:00:00-05:00,12.853955121973828,13.298018351998795,12.777557244844214,13.140447616577148,1191900,0.0,0.0
2019-01-14 00:00:00-05:00,12.939901247188242,13.178644809273877,12.748906579666617,13.006749153137207,1837500,0.0,0.0
2019-01-15 00:00:00-05:00,13.05449906943529,13.159545917110261,12.548362933205716,12.78710651397705,1898700,0.0,0.0
2019-01-16 00:00:00-05:00,12.853952967804002,13.092696521507097,12.471963646172803,12.529261589050293,892800,0.0,0.0
2019-01-17 00:00:00-05:00,12.462413295398132,12.844402605073778,12.386015433463003,12.720255851745605,803800,0.0,0.0
2019-01-18 00:00:00-05:00,12.853953605699017,13.264592829881874,12.710707830662145,13.169095039367676,998700,0.0,0.0
2019-01-22 00:00:00-05:00,13.044948028176856,13.044948028176856,12.615209800495593,12.85395336151123,566100,0.0,0.0
2019-01-23 00:00:00-05:00,13.016299828564026,13.121346673782549,12.328718077015555,12.3955659866333,703300,0.0,0.0
2019-01-24 00:00:00-05:00,12.319167485656607,12.438539267148373,11.89897921552873,11.975377082824707,920400,0.0,0.0
2019-01-25 00:00:00-05:00,12.156821325292666,12.357365946962693,12.0040255965411,12.233220100402832,1314800,0.0,0.0
2019-01-28 00:00:00-05:00,12.051775034696302,12.185471758769713,11.583837866540996,11.612486839294434,1099400,0.0,0.0
2019-01-29 00:00:00-05:00,11.612486059372289,12.873051704674014,11.593387049064207,12.214119911193848,1599200,0.0,0.0
2019-01-30 00:00:00-05:00,12.156822500731831,12.577011706160976,11.937178847097778,12.548362731933594,1060000,0.0,0.0
2019-01-31 00:00:00-05:00,12.557912623790168,12.682059401401576,12.271421040862569,12.615211486816406,1168900,0.0,0.0
2019-02-01 00:00:00-05:00,12.729806954073885,13.26459294632609,12.548362243385393,12.88260269165039,1608900,0.0,0.0
2019-02-04 00:00:00-05:00,12.863504836235572,12.93990271189191,12.529263447188205,12.672510147094727,1049000,0.0,0.0
2019-02-05 00:00:00-05:00,12.720256021269998,12.968549531235382,12.405114608904075,12.510162353515625,945300,0.0,0.0
2019-02-06 00:00:00-05:00,12.491063490031518,12.863503786514205,12.33826775118768,12.815754890441895,1082300,0.0,0.0
2019-02-07 00:00:00-05:00,12.691608379234326,12.772781230963284,12.233221153518652,12.538812637329102,1289900,0.0,0.0
2019-02-08 00:00:00-05:00,13.293241522751252,13.40783832251392,12.405115186172562,12.557910919189453,2593200,0.0,0.0
2019-02-11 00:00:00-05:00,12.806204605712752,12.968550301818572,12.567461042114127,12.643858909606934,1347300,0.0,0.0
2019-02-12 00:00:00-05:00,12.739356356936987,13.606472949335318,12.739356356936987,13.207293510437012,2001300,0.0,0.0
2019-02-13 00:00:00-05:00,13.22639426593466,13.656132513804982,13.22639426593466,13.493786811828613,1246400,0.0,0.0
2019-02-14 00:00:00-05:00,13.42693827224252,13.54631005275034,12.777555494844979,12.85395336151123,1145900,0.0,0.0
2019-02-15 00:00:00-05:00,12.997200894608023,13.608384821471894,12.95900195609994,13.589284896850586,1082000,0.0,0.0
2019-02-19 00:00:00-05:00,13.522435155879155,13.742079705687548,13.197743767044216,13.665681838989258,994900,0.0,0.0
2019-02-20 00:00:00-05:00,13.637031749446873,13.990372105260105,13.637031749446873,13.79937744140625,1005800,0.0,0.0
2019-02-21 00:00:00-05:00,13.70388201847957,13.99992355117192,13.579735246122153,13.913975715637207,708600,0.0,0.0
2019-02-22 00:00:00-05:00,13.96172483157445,14.343715116479247,13.956949850555509,14.229117393493652,1381500,0.0,0.0
2019-02-25 00:00:00-05:00,14.4678593425849,14.658854918787982,14.162267877835014,14.324613571166992,776200,0.0,0.0
2019-02-26 00:00:00-05:00,14.190916296837402,14.466904329038051,14.047670531002936,14.133618354797363,483700,0.0,0.0
2019-02-27 00:00:00-05:00,14.128816480676718,14.378544251531855,14.003952595249151,14.292099952697754,625100,0.085,0.0
2019-02-28 00:00:00-05:00,14.244075072949345,14.263285324017767,13.831063834930113,13.850274085998535,789800,0.0,0.0
2019-03-01 00:00:00-05:00,13.994346852118042,14.08079114713789,13.494892248440811,13.667779922485352,1123200,0.0,0.0
2019-03-04 00:00:00-05:00,13.792643802403449,13.811854052850151,13.475681997994108,13.667779922485352,501600,0.0,0.0
2019-03-05 00:00:00-05:00,12.688080442960631,12.697685568481779,11.804429046909242,11.871663093566895,4663100,0.0,0.0
2019-03-06 00:00:00-05:00,11.823639822300331,11.842849158199325,11.103271864181174,11.15129566192627,3904700,0.0,0.0
2019-03-07 00:00:00-05:00,12.342303619679425,12.486376832113445,11.717984228476665,11.852453231811523,3308100,0.0,0.0
2019-03-08 00:00:00-05:00,11.621935585159148,11.977316965400195,11.525886167366375,11.881267547607422,843200,0.0,0.0
2019-03-11 00:00:00-04:00,11.87166341515915,12.544007563929606,11.87166341515915,12.419143676757812,1489100,0.0,0.0
2019-03-12 00:00:00-04:00,12.390328956855084,12.726501049077887,12.275070189348904,12.678476333618164,1472900,0.0,0.0
2019-03-13 00:00:00-04:00,12.793736581012627,13.26437774776402,12.755316987399796,13.101094245910645,1422200,0.0,0.0
2019-03-14 00:00:00-04:00,13.03385721352986,13.139511766290848,12.399933560944813,12.457563400268555,1452700,0.0,0.0
2019-03-15 00:00:00-04:00,12.486377998634621,12.976228432266065,12.409538822691873,12.966623306274414,1430300,0.0,0.0
2019-03-18 00:00:00-04:00,12.947415808809689,13.245168365930104,12.716898231939615,12.86097240447998,915800,0.0,0.0
2019-03-19 00:00:00-04:00,12.966624253380422,13.168327333961708,12.755316046105909,12.832155227661133,1094800,0.0,0.0
2019-03-20 00:00:00-04:00,12.832154289507228,12.928203717426769,12.476772871797296,12.495983123779297,724300,0.0,0.0
2019-03-21 00:00:00-04:00,12.43835419319179,12.976229380073649,12.43835419319179,12.832155227661133,869300,0.0,0.0
2019-03-22 00:00:00-04:00,12.697687183270935,12.832155293686808,11.717986239408008,11.7564058303833,1188200,0.0,0.0
2019-03-25 00:00:00-04:00,11.785220277133432,12.150205904491466,11.64114613539136,12.09257698059082,1464300,0.0,0.0
2019-03-26 00:00:00-04:00,12.25586098484963,12.697686723049388,12.227045605666081,12.515192985534668,1183300,0.0,0.0
2019-03-27 00:00:00-04:00,12.505587813182972,12.70728995598089,11.91968797211976,11.977317810058594,1409400,0.0,0.0
2019-03-28 00:00:00-04:00,11.986921631463616,12.601635913588098,11.986921631463616,12.399932861328125,1588500,0.0,0.0
2019-03-29 00:00:00-04:00,12.544006570380338,12.75531382486195,11.871662474862962,12.284673690795898,1498600,0.0,0.0
2019-04-01 00:00:00-04:00,12.44795747506628,12.908992496071065,12.441234070576506,12.76491928100586,871700,0.0,0.0
2019-04-02 00:00:00-04:00,12.793735100067366,13.101092729387046,12.745711300606871,13.08188247680664,750700,0.0,0.0
2019-04-03 00:00:00-04:00,13.197141244303298,13.44686903187702,12.966623709309983,13.08188247680664,727700,0.0,0.0
2019-04-04 00:00:00-04:00,13.06267301915507,13.370029729630872,13.033857640551526,13.177931785583496,582900,0.0,0.0
2019-04-05 00:00:00-04:00,13.197141934147078,13.378674800141898,12.678476995302727,12.870574951171875,1436200,0.0,0.0
2019-04-08 00:00:00-04:00,12.784127764207971,13.389235916624992,12.784127764207971,13.3027925491333,1188600,0.0,0.0
2019-04-09 00:00:00-04:00,13.206747055053711,13.48528931993867,13.014649099270173,13.206747055053711,929400,0.0,0.0
2019-04-10 00:00:00-04:00,13.168325555640147,13.418053319967688,13.158720430244047,13.273979187011719,820100,0.0,0.0
2019-04-11 00:00:00-04:00,13.302794173882086,13.437262261511457,13.101091126442883,13.29318904876709,1171000,0.0,0.0
2019-04-12 00:00:00-04:00,13.322006638883636,13.618798296321115,12.928205576574165,13.235562324523926,888900,0.0,0.0
2019-04-15 00:00:00-04:00,13.360424981409118,13.619757900206293,13.350819854936198,13.427659034729004,1075800,0.0,0.0
2019-04-16 00:00:00-04:00,13.466078331095623,13.667780472938365,13.302794859703237,13.4852876663208,555400,0.0,0.0
2019-04-17 00:00:00-04:00,13.610152773733374,13.68699195352618,13.4132522610149,13.427659034729004,809900,0.0,0.0
2019-04-18 00:00:00-04:00,13.475684331733923,13.475684331733923,12.832155486244574,13.37963581085205,722300,0.0,0.0
2019-04-22 00:00:00-04:00,12.073365322091497,12.515190989836837,11.429836612201651,11.91008186340332,2993600,0.0,0.0
2019-04-23 00:00:00-04:00,11.814035942311955,12.12139267707281,11.52588854547599,11.967714309692383,1481800,0.0,0.0
2019-04-24 00:00:00-04:00,12.006133493925837,12.006133493925837,11.679566516331807,11.717986106872559,715900,0.0,0.0
2019-04-25 00:00:00-04:00,11.62193678571692,11.660356373603785,11.151295689108792,11.218530654907227,1150800,0.0,0.0
2019-04-26 00:00:00-04:00,11.218530364159893,11.516281933567546,11.074456226321654,11.276159286499023,1187800,0.0,0.0
2019-04-29 00:00:00-04:00,11.372208457798434,11.506676550917385,11.208924988158122,11.333788871765137,951800,0.0,0.0
2019-04-30 00:00:00-04:00,11.266552892164787,11.266552892164787,10.85354260858858,10.997615814208984,2127300,0.0,0.0
2019-05-01 00:00:00-04:00,10.978406592950378,11.266553007131506,10.59420984738369,10.699864387512207,2256700,0.0,0.0
2019-05-02 00:00:00-04:00,10.738284939475234,11.28096171221477,10.402112871268134,11.237739562988281,1841900,0.0,0.0
2019-05-03 00:00:00-04:00,11.381815163606035,12.04455334369666,11.381815163606035,11.996528625488281,1125500,0.0,0.0
2019-05-06 00:00:00-04:00,11.52588776970467,12.034947556387953,11.506677517077438,11.73719596862793,1062500,0.0,0.0
2019-05-07 00:00:00-04:00,11.573913830052632,11.852456113544564,11.573913830052632,11.785222053527832,1011800,0.0,0.0
2019-05-08 00:00:00-04:00,11.78521998084114,11.900478741739938,11.645948405591419,11.6795654296875,1237600,0.0,0.0
2019-05-09 00:00:00-04:00,11.487468168680758,11.67956611478005,11.266554843670127,11.602726936340332,1276900,0.0,0.0
2019-05-10 00:00:00-04:00,11.477861956126409,11.746799055213543,11.401022784958656,11.631540298461914,840200,0.0,0.0
2019-05-13 00:00:00-04:00,11.82363894067349,11.871662734837704,10.709469145757678,10.920777320861816,1307600,0.0,0.0
2019-05-14 00:00:00-04:00,10.959197462997016,11.295369535209707,10.94959233727775,11.007222175598145,1654700,0.0,0.0
2019-05-15 00:00:00-04:00,10.968802577077359,11.093666463309717,10.757494391453736,10.805519104003906,1343300,0.0,0.0
2019-05-16 00:00:00-04:00,10.824728431927028,11.151294434218254,10.77670372347401,10.939987182617188,626100,0.0,0.0
2019-05-17 00:00:00-04:00,10.795913396252985,10.834332981022758,10.488556718094799,10.51737117767334,792400,0.0,0.0
2019-05-20 00:00:00-04:00,10.382904430116652,10.584607505210352,10.186003002243634,10.430928230285645,848600,0.0,0.0
2019-05-21 00:00:00-04:00,10.565397562412086,10.613422279985745,10.094757345379874,10.17159652709961,2740800,0.0,0.0
2019-05-22 00:00:00-04:00,10.152385735946366,10.440533110131174,9.87384348796661,10.01791763305664,1581600,0.0,0.0
2019-05-23 00:00:00-04:00,9.883448737479682,9.883448737479682,9.220710592981888,9.518462181091309,3447900,0.0,0.0
2019-05-24 00:00:00-04:00,9.643324739155661,9.845027784054135,9.566485571193873,9.806608200073242,1072100,0.0,0.0
2019-05-28 00:00:00-04:00,9.845028458296616,9.96989234378468,9.748979033768814,9.797003746032715,1421100,0.0,0.0
2019-05-29 00:00:00-04:00,9.681742958045598,9.888248536324532,9.528064643790113,9.75858211517334,1821400,0.0,0.0
2019-05-30 00:00:00-04:00,9.86997278544086,10.179923503994782,9.811857660771736,9.918402671813965,1632000,0.085,0.0
2019-05-31 00:00:00-04:00,9.705312257362332,9.753741218054294,9.526121962143138,9.598766326904297,1711900,0.0,0.0
2019-06-03 00:00:00-04:00,9.6084525060411,9.928088450551233,9.59876634439577,9.78279972076416,1779000,0.0,0.0
2019-06-04 00:00:00-04:00,9.986205347632021,10.189610140900127,9.744056828204432,10.024949073791504,1124400,0.0,0.0
2019-06-05 00:00:00-04:00,10.054004945601662,10.08306250440067,9.782798908123585,9.879657745361328,2291700,0.0,0.0
2019-06-06 00:00:00-04:00,9.860288863248279,10.02010686300498,9.753742914261561,9.899032592773438,2009800,0.0,0.0
2019-06-07 00:00:00-04:00,9.986206076182238,10.170238557935166,9.744057539088544,10.141180992126465,1607300,0.0,0.0
2019-06-10 00:00:00-04:00,10.247725082999382,10.528617323507937,10.10243634345896,10.11212158203125,944200,0.0,0.0
2019-06-11 00:00:00-04:00,10.334900542088386,10.354271946416095,10.087908901776851,10.170239448547363,817700,0.0,0.0
2019-06-12 00:00:00-04:00,10.121807990938173,10.189610204935835,9.995890649197715,10.15086555480957,547200,0.0,0.0
2019-06-13 00:00:00-04:00,10.26709719210871,10.828881661335307,10.189609742816991,10.780451774597168,1262100,0.0,0.0
2019-06-14 00:00:00-04:00,10.712650226491247,10.712650226491247,10.354269627591327,10.557674407958984,1279500,0.0,0.0
2019-06-17 00:00:00-04:00,10.56736267374621,10.64485013657825,10.40270158429727,10.470503807067871,737800,0.0,0.0
2019-06-18 00:00:00-04:00,10.586732805522132,10.89668259256362,10.470501635381575,10.615790367126465,561800,0.0,0.0
2019-06-19 00:00:00-04:00,10.635160465914126,11.071028455273817,10.596416747273611,11.0322847366333,1053700,0.0,0.0
2019-06-20 00:00:00-04:00,11.332549968006655,11.332549968006655,10.9160551631741,11.022600173950195,1540500,0.0,0.0
2019-06-21 00:00:00-04:00,11.022601061791603,11.342237043588973,10.896683716883043,11.235692024230957,1964300,0.0,0.0
2019-06-24 00:00:00-04:00,11.235691271900883,11.342236284124757,10.925740549909436,10.935426712036133,913200,0.0,0.0
2019-06-25 00:00:00-04:00,10.916055364002178,10.964484327422035,10.591576320983503,10.722335815429688,1388000,0.0,0.0
2019-06-26 00:00:00-04:00,10.799824374713348,10.911213403701247,10.577048164184273,10.819196701049805,1028000,0.0,0.0
2019-06-27 00:00:00-04:00,10.780451961745602,10.964484426077421,10.664220785790251,10.84825325012207,553700,0.0,0.0
2019-06-28 00:00:00-04:00,10.877311243253011,11.216319545985797,10.867626004332916,11.138832092285156,1108500,0.0,0.0
2019-07-01 00:00:00-04:00,11.332549442425963,11.487524332266771,11.008070420425568,11.129144668579102,922600,0.0,0.0
2019-07-02 00:00:00-04:00,11.071030189128821,11.158203800653183,10.885059756295297,11.11945915222168,1007400,0.0,0.0
2019-07-03 00:00:00-04:00,11.167889595031738,11.284120774943043,11.032287013663536,11.167889595031738,478500,0.0,0.0
2019-07-05 00:00:00-04:00,11.051658140279471,11.216319205323064,10.93058388208408,11.158204078674316,828800,0.0,0.0
2019-07-08 00:00:00-04:00,11.0710292123881,11.226004097548426,11.02453637735073,11.148516654968262,767800,0.0,0.0
2019-07-09 00:00:00-04:00,11.032287074377605,11.187261981778885,10.954799620676964,11.138832092285156,1338800,0.0,0.0
2019-07-10 00:00:00-04:00,11.226003813523718,11.284118932126903,10.896681729028485,10.925739288330078,603000,0.0,0.0
2019-07-11 00:00:00-04:00,10.90636848643288,11.029379782050212,10.625476267895628,10.761078834533691,920700,0.0,0.0
2019-07-12 00:00:00-04:00,10.790138070835779,11.109774034068751,10.790138070835779,11.061344146728516,609000,0.0,0.0
2019-07-15 00:00:00-04:00,11.08071563845262,11.08071563845262,10.945113061253986,11.003228187561035,626200,0.0,0.0
2019-07-16 00:00:00-04:00,11.01291471897364,11.119459736589823,10.964484829612354,10.983857154846191,840400,0.0,0.0
2019-07-17 00:00:00-04:00,10.92573989654791,10.993542103656935,10.45112906540076,10.577046394348145,1072200,0.0,0.0
2019-07-18 00:00:00-04:00,10.557673855001726,10.643879397795908,10.296153964639382,10.325211524963379,831300,0.0,0.0
2019-07-19 00:00:00-04:00,10.373642736603648,10.42207262582849,10.208981667473168,10.305841445922852,684200,0.0,0.0
2019-07-22 00:00:00-04:00,10.325211668960229,10.441442835600379,10.131493057893312,10.238038063049316,1226200,0.0,0.0
2019-07-23 00:00:00-04:00,10.325212877394444,10.799823760986328,10.267097749134336,10.799823760986328,1847900,0.0,0.0
2019-07-24 00:00:00-04:00,10.722335859070142,11.21631904723865,10.722335859070142,11.061344146728516,1511800,0.0,0.0
2019-07-25 00:00:00-04:00,11.284120194993346,11.284120194993346,10.727178806812889,10.780451774597168,857700,0.0,0.0
2019-07-26 00:00:00-04:00,10.799823398039807,11.061344237591362,10.577047207657321,11.003228187561035,870200,0.0,0.0
2019-07-29 00:00:00-04:00,11.003227045575356,11.012913206862331,10.73202099560232,10.75139331817627,628000,0.0,0.0
2019-07-30 00:00:00-04:00,10.635161723893123,10.83856650174632,10.46953260732351,10.82888126373291,1233200,0.0,0.0
2019-07-31 00:00:00-04:00,10.83856604363195,11.4875240729853,10.625476036772033,11.090400695800781,1792100,0.0,0.0
2019-08-01 00:00:00-04:00,11.003226873603126,11.090400476377082,10.470500943270137,10.654533386230469,3009100,0.0,0.0
2019-08-02 00:00:00-04:00,10.654534678135773,10.702964565962864,10.48987361375763,10.635162353515625,1680300,0.0,0.0
2019-08-05 00:00:00-04:00,10.238039630852235,10.397857624921581,9.598767654574853,10.25741195678711,2916600,0.0,0.0
2019-08-06 00:00:00-04:00,10.373642215861427,10.441443503138691,10.121807543512638,10.412385940551758,2259200,0.0,0.0
2019-08-07 00:00:00-04:00,10.238038456484556,10.819195235741645,10.238038456484556,10.557674407958984,1512600,0.0,0.0
2019-08-08 00:00:00-04:00,10.59641896367921,11.250220160748304,10.59641896367921,10.983857154846191,1333700,0.0,0.0
2019-08-09 00:00:00-04:00,10.954798120985775,10.954798120985775,10.451128817159677,10.538302421569824,1181300,0.0,0.0
2019-08-12 00:00:00-04:00,10.431759063670338,10.66422142961536,10.30584171785262,10.499560356140137,868800,0.0,0.0
2019-08-13 00:00:00-04:00,10.528617794082967,10.993543444094003,10.460816502430172,10.741708755493164,957200,0.0,0.0
2019-08-14 00:00:00-04:00,10.625476318163543,10.678748359427717,10.334897936713675,10.3639554977417,1307100,0.0,0.0
2019-08-15 00:00:00-04:00,10.402701119834491,10.727180202352505,10.27194068574737,10.547990798950195,1187000,0.0,0.0
2019-08-16 00:00:00-04:00,10.60610290786452,11.100086013323423,10.60610290786452,11.0322847366333,760200,0.0,0.0
2019-08-19 00:00:00-04:00,11.303491007548217,11.535953324335905,11.255061127286664,11.468152046203613,1026600,0.0,0.0
2019-08-20 00:00:00-04:00,11.671557519522384,11.758731124590295,11.293805538802506,11.42940902709961,1186900,0.0,0.0
2019-08-21 00:00:00-04:00,11.594070381128022,12.09773877829341,11.5843842194825,11.991193771362305,1289100,0.0,0.0
2019-08-22 00:00:00-04:00,12.04930969482908,12.223656921146263,11.884649554524637,11.89433479309082,906700,0.0,0.0
2019-08-23 00:00:00-04:00,11.768417563245295,11.816847451416843,11.2744352903207,11.313179016113281,910000,0.0,0.0
2019-08-26 00:00:00-04:00,11.477840647552336,11.516584375255093,11.051658719098686,11.177576065063477,733900,0.0,0.0
2019-08-27 00:00:00-04:00,11.274435189404858,11.423598024323356,10.974170624407511,11.003228187561035,1009400,0.0,0.0
2019-08-28 00:00:00-04:00,11.022599952760375,11.342235902397796,10.877310296919491,11.322863578796387,791700,0.0,0.0
2019-08-29 00:00:00-04:00,11.493609523488697,11.776559132904742,11.493609523488697,11.610692024230957,665400,0.085,0.0
2019-08-30 00:00:00-04:00,11.74728952248722,11.996090202063284,11.659477408461658,11.89364242553711,633700,0.0,0.0
2019-09-03 00:00:00-04:00,11.75704609884042,11.835101101000419,11.483853591280422,11.708261489868164,833700,0.0,0.0
2019-09-04 00:00:00-04:00,11.835101355550506,12.347337434553834,11.796073853631102,12.322945594787598,1243500,0.0,0.0
2019-09-05 00:00:00-04:00,12.586379477822225,12.791274070739746,12.40099909874872,12.791274070739746,1392300,0.0,0.0
2019-09-06 00:00:00-04:00,12.810788465991621,12.86932924737478,12.605893870172679,12.635164260864258,1188300,0.0,0.0
2019-09-09 00:00:00-04:00,12.722976221907876,13.181550013256887,12.722976221907876,12.918113708496094,1978300,0.0,0.0
2019-09-10 00:00:00-04:00,12.947384977981367,13.337659949609357,12.693705781178709,13.191307067871094,2222200,0.0,0.0
2019-09-11 00:00:00-04:00,13.298633509681988,13.511333060457636,13.142523508620116,13.308390617370605,1656100,0.0,0.0
2019-09-12 00:00:00-04:00,13.298633679552514,13.298633679552514,12.879087348472892,13.1522798538208,1586100,0.0,0.0
2019-09-13 00:00:00-04:00,13.074224503084876,13.327903716519616,12.883965558253317,13.201064109802246,1186000,0.0,0.0
2019-09-16 00:00:00-04:00,13.132766120890864,13.240091511710062,13.039100308348853,13.08398151397705,1155000,0.0,0.0
2019-09-17 00:00:00-04:00,12.986413067440951,13.025440566383754,12.703463467483388,12.976655960083008,1415800,0.0,0.0
2019-09-18 00:00:00-04:00,12.908357741423629,13.191308285073804,12.830302739895656,13.1522798538208,1133600,0.0,0.0
2019-09-19 00:00:00-04:00,13.181551555280102,13.318147346626832,13.054711941537393,13.103496551513672,1185300,0.0,0.0
2019-09-20 00:00:00-04:00,13.093739552872618,13.249849561710418,12.786397158795282,12.95714282989502,1450400,0.0,0.0
2019-09-23 00:00:00-04:00,12.859572977419596,12.976655469824625,12.742490485014567,12.78151798248291,1374600,0.0,0.0
2019-09-24 00:00:00-04:00,12.801032094923944,12.849816702540732,12.39124287972532,12.537596702575684,1498600,0.0,0.0
2019-09-25 00:00:00-04:00,12.48881118845178,13.235212188001428,12.48881118845178,13.191307067871094,1577600,0.0,0.0
2019-09-26 00:00:00-04:00,13.132767924377129,13.269364656396451,12.605896144429897,12.713221549987793,994100,0.0,0.0
2019-09-27 00:00:00-04:00,12.80103252301687,12.815668184938051,12.127807892955966,12.479055404663086,1679500,0.0,0.0
2019-09-30 00:00:00-04:00,12.498569554490116,12.620530611721527,12.361972835414889,12.488812446594238,1125400,0.0,0.0
2019-10-01 00:00:00-04:00,12.615653518988294,12.791276829010652,12.264405037965318,12.420515060424805,895600,0.0,0.0
2019-10-02 00:00:00-04:00,12.244889049730961,12.283916546738123,11.883884469792479,12.010724067687988,938300,0.0,0.0
2019-10-03 00:00:00-04:00,11.893642359188949,12.098536980609238,11.708261954327286,11.903399467468262,995100,0.0,0.0
2019-10-04 00:00:00-04:00,11.893642096088495,12.09853671297629,11.80583091498433,12.069266319274902,576100,0.0,0.0
2019-10-07 00:00:00-04:00,12.06926665358823,12.186349162125955,11.864372031024944,11.89364242553711,1381100,0.0,0.0
2019-10-08 00:00:00-04:00,11.805830156866012,11.85461383307264,11.22041673749668,11.259444236755371,1305700,0.0,0.0
2019-10-09 00:00:00-04:00,11.386283709710183,11.43506831583913,11.142361609554419,11.278958320617676,1442700,0.0,0.0
2019-10-10 00:00:00-04:00,11.249689094189382,11.301401028245868,10.717938742358589,10.869171142578125,4626100,0.0,0.0
2019-10-11 00:00:00-04:00,11.083820343017578,11.464339169579668,10.7325728396065,11.083820343017578,2676200,0.0,0.0
2019-10-14 00:00:00-04:00,11.04479126859743,11.410674381440426,10.898438395655782,11.171630859375,868800,0.0,0.0
2019-10-15 00:00:00-04:00,11.171634677698856,11.361894594138088,10.732574978319969,11.298474311828613,943900,0.0,0.0
2019-10-16 00:00:00-04:00,11.113095084294242,11.269205133826043,10.683791517592498,10.761846542358398,1912100,0.0,0.0
2019-10-17 00:00:00-04:00,10.83014046628243,11.274078566871207,10.791112971631401,11.044791221618652,1474300,0.0,0.0
2019-10-18 00:00:00-04:00,11.044793373720909,11.230174707301906,10.937467975140207,11.142362594604492,1101400,0.0,0.0
2019-10-21 00:00:00-04:00,11.298474311828613,11.513126071931985,11.161877568037522,11.298474311828613,1081600,0.0,0.0
2019-10-22 00:00:00-04:00,11.327743150940893,11.971698342603833,11.2399319675446,11.63996410369873,1835100,0.0,0.0
2019-10-23 00:00:00-04:00,11.708262540856186,12.039996795058702,11.249688664135702,11.952184677124023,1670800,0.0,0.0
2019-10-24 00:00:00-04:00,12.069265017017484,12.264402504786732,11.727774646043535,12.118049621582031,1064700,0.0,0.0
2019-10-25 00:00:00-04:00,12.030237350947106,12.361971540752448,11.932668143184738,12.010724067687988,1484700,0.0,0.0
2019-10-28 00:00:00-04:00,12.127807243258063,12.591258680066305,12.113171582120927,12.440027236938477,986400,0.0,0.0
2019-10-29 00:00:00-04:00,12.352213795119797,12.547351270064643,12.29367301788078,12.361970901489258,1275800,0.0,0.0
2019-10-30 00:00:00-04:00,12.361971572107715,12.557109057638478,12.235131973890486,12.400999069213867,800200,0.0,0.0
2019-10-31 00:00:00-04:00,12.371730337187142,12.396122177214373,11.688747650556037,11.786316871643066,1084000,0.0,0.0
2019-11-01 00:00:00-04:00,11.864370536464596,12.137563021971769,11.844857252744271,11.971696853637695,858000,0.0,0.0
2019-11-04 00:00:00-05:00,12.10829463323713,12.79127642517966,12.010726337524824,12.732735633850098,1120000,0.0,0.0
2019-11-05 00:00:00-05:00,12.771760875493591,13.132765459697994,12.635164169109922,12.78151798248291,1159900,0.0,0.0
2019-11-06 00:00:00-05:00,12.722975462759445,12.742489675498367,12.274158805141857,12.361970901489258,1432600,0.0,0.0
2019-11-07 00:00:00-05:00,12.030238550476213,12.293674879408359,11.035036812318042,11.454582214355469,4231900,0.0,0.0
2019-11-08 00:00:00-05:00,11.464338397822706,12.644921367924432,11.454581290762532,12.635164260864258,2198000,0.0,0.0
2019-11-11 00:00:00-05:00,12.537595905424242,13.171792972652685,12.025358953749942,12.908356666564941,3497400,0.0,0.0
2019-11-12 00:00:00-05:00,12.927871883422188,13.805991110855262,12.927871883422188,13.4254732131958,2532600,0.0,0.0
2019-11-13 00:00:00-05:00,13.269363220182461,13.464500723025642,13.14252361071214,13.162036895751953,1998800,0.0,0.0
2019-11-14 00:00:00-05:00,13.152280430671633,13.386446376014943,12.957142918293089,13.074225425720215,805900,0.0,0.0
2019-11-15 00:00:00-05:00,13.15227928459325,13.757206915987446,13.15227928459325,13.493770599365234,3049700,0.0,0.0
2019-11-18 00:00:00-05:00,13.405960733185138,13.513287071435828,13.220580314235328,13.318148612976074,1641300,0.0,0.0
2019-11-19 00:00:00-05:00,13.34741829862668,14.235294639572405,13.337661190805756,13.932830810546875,4829000,0.0,0.0
2019-11-20 00:00:00-05:00,14.088940889007954,14.479216829529154,13.523041659216783,13.532798767089844,3324500,0.0,0.0
2019-11-21 00:00:00-05:00,13.620611625968241,14.254808784767357,13.474258721780467,14.079185485839844,3698000,0.0,0.0
2019-11-22 00:00:00-05:00,14.157239025733924,14.401161127774182,13.884045601496773,14.147481918334961,2823600,0.0,0.0
2019-11-25 00:00:00-05:00,14.26456417763225,14.274321284868405,13.357173675427044,13.786477088928223,2782400,0.0,0.0
2019-11-26 00:00:00-05:00,13.73769380952871,14.040157649627844,13.571826692456453,13.864533424377441,1384400,0.0,0.0
2019-11-27 00:00:00-05:00,13.928334950562723,14.227711027809752,13.741838976334266,14.222803115844727,1362700,0.085,0.0
2019-11-29 00:00:00-05:00,14.095199902123877,14.105015725837418,13.741838673232603,13.830179214477539,487100,0.0,0.0
2019-12-02 00:00:00-05:00,13.87925626531665,14.276787732417809,13.810546441012557,14.016674041748047,1292500,0.0,0.0
2019-12-03 00:00:00-05:00,13.790915995789462,13.928333774856581,13.511171590016065,13.614234924316406,2220000,0.0,0.0
2019-12-04 00:00:00-05:00,13.682943968850328,13.987227935824361,13.56515689856347,13.673129081726074,1764200,0.0,0.0
2019-12-05 00:00:00-05:00,12.828987337797221,12.956590234584981,12.004476888453807,12.397101402282715,9929400,0.0,0.0
2019-12-06 00:00:00-05:00,12.593411998785008,12.730830706027332,11.975029220327094,12.063369750976562,4128900,0.0,0.0
2019-12-09 00:00:00-05:00,12.073186716624724,12.514888475604852,12.073186716624724,12.397101402282715,2512700,0.0,0.0
2019-12-10 00:00:00-05:00,12.318575945388766,12.387284833336254,11.98484545634943,12.102632522583008,2064100,0.0,0.0
2019-12-11 00:00:00-05:00,12.181156230203769,12.350966394818553,12.122263169981421,12.210602760314941,1834800,0.0,0.0
2019-12-12 00:00:00-05:00,12.24005194453442,12.367654841044331,12.14189558226881,12.259682655334473,2333200,0.0,0.0
2019-12-13 00:00:00-05:00,12.25968268719324,12.514888480876259,11.95539964833833,12.01429271697998,1848700,0.0,0.0
2019-12-16 00:00:00-05:00,12.141894155201296,12.279312859004289,11.89650421446702,11.945582389831543,2332700,0.0,0.0
2019-12-17 00:00:00-05:00,11.77871825530133,11.876874615197544,11.36646304147871,11.759086608886719,3264000,0.0,0.0
2019-12-18 00:00:00-05:00,11.778718409025606,11.906321304120663,11.386094836493461,11.435172080993652,1976400,0.0,0.0
2019-12-19 00:00:00-05:00,11.444987589681702,11.670746839747403,11.435171766616147,11.562774658203125,1601300,0.0,0.0
2019-12-20 00:00:00-05:00,11.611852068839543,11.724731218356578,11.494065008114593,11.51369571685791,2153700,0.0,0.0
2019-12-23 00:00:00-05:00,11.552958701960996,11.56277358802974,11.356646003172944,11.39590835571289,1133100,0.0,0.0
2019-12-24 00:00:00-05:00,11.395909119073567,11.552959475841769,11.366462586718196,11.444987297058105,514900,0.0,0.0
2019-12-26 00:00:00-05:00,11.533326259091163,11.592220251867484,11.297752160162398,11.454801559448242,1040700,0.0,0.0
2019-12-27 00:00:00-05:00,11.562772787435195,11.680559836899578,11.435169916493383,11.454801559448242,1977700,0.0,0.0
2019-12-30 00:00:00-05:00,11.48425012439272,11.651115374747636,11.366463054040146,11.3762788772583,1465900,0.0,0.0
2019-12-31 00:00:00-05:00,11.366461221323773,11.479340361866754,11.297752342052092,11.405723571777344,1183100,0.0,0.0
2020-01-02 00:00:00-05:00,11.454802442846088,11.582405323628674,10.964022564184605,11.17996597290039,2160400,0.0,0.0
2020-01-03 00:00:00-05:00,10.964023726350774,11.184875069593605,10.910037634427319,11.022916793823242,1792400,0.0,0.0
2020-01-06 00:00:00-05:00,10.944392423490697,11.047456698936717,10.797158814097479,11.032732963562012,2043200,0.0,0.0
2020-01-07 00:00:00-05:00,11.013101746245788,11.238860061749767,10.973839389806468,11.209413528442383,2120200,0.0,0.0
2020-01-08 00:00:00-05:00,11.179966630910338,11.238859695606472,10.964023209484951,11.062179565429688,1822200,0.0,0.0
2020-01-09 00:00:00-05:00,11.121073142361137,11.179967145858306,10.826604997052147,10.885499000549316,2928000,0.0,0.0
2020-01-10 00:00:00-05:00,10.934576176282691,11.052363236368151,10.895313822920873,10.99346923828125,2415000,0.0,0.0
2020-01-13 00:00:00-05:00,10.993470355873084,11.199597965999574,10.924761464527068,11.18978214263916,1803700,0.0,0.0
2020-01-14 00:00:00-05:00,11.179967226891975,11.763994674022488,11.101442512385546,11.435172080993652,3426400,0.0,0.0
2020-01-15 00:00:00-05:00,11.444987366392025,11.670746612053204,11.356646832702364,11.474433898925781,1803500,0.0,0.0
2020-01-16 00:00:00-05:00,11.602037100795368,11.84742706273157,11.513696564724189,11.592222213745117,3648500,0.0,0.0
2020-01-17 00:00:00-05:00,11.670746149202301,11.975029157523121,11.62166797286684,11.788533210754395,2704300,0.0,0.0
2020-01-21 00:00:00-05:00,11.729640414687918,12.235144091427156,11.287938654553514,12.151711463928223,4617100,0.0,0.0
2020-01-22 00:00:00-05:00,12.2204184907284,12.878063586838266,11.994660201422066,12.534518241882324,4838800,0.0,0.0
2020-01-23 00:00:00-05:00,12.406916185360469,12.426546894557125,11.680561223316788,11.739455223083496,3587800,0.0,0.0
2020-01-24 00:00:00-05:00,11.768902676510661,11.778718499921823,10.85605262930686,11.08181095123291,3700500,0.0,0.0
2020-01-27 00:00:00-05:00,10.806973753387245,11.022916238015755,10.502689799827605,10.924760818481445,2245400,0.0,0.0
2020-01-28 00:00:00-05:00,10.964024414351055,11.170152035616209,10.76280470503132,11.042549133300781,2365700,0.0,0.0
2020-01-29 00:00:00-05:00,11.042547603745657,11.395908790073708,10.86586654253745,10.944391250610352,937200,0.0,0.0
2020-01-30 00:00:00-05:00,10.836420820316414,10.96402371448659,10.762804018011273,10.885499000549316,1183500,0.0,0.0
2020-01-31 00:00:00-05:00,10.885500053784572,10.914946590338067,10.532137870788574,10.532137870788574,2389200,0.0,0.0
2020-02-03 00:00:00-05:00,10.581214180297147,11.052363362086552,10.541951826488727,10.669554710388184,2267300,0.0,0.0
2020-02-04 00:00:00-05:00,10.865867547106049,10.964023909316083,10.610662690319165,10.836421012878418,2040100,0.0,0.0
2020-02-05 00:00:00-05:00,11.052363092117805,11.35664609267846,10.846235505636448,11.17996597290039,2715600,0.0,0.0
2020-02-06 00:00:00-05:00,11.403762248160172,11.680561718579233,9.805782574432548,10.03154182434082,7419400,0.0,0.0
2020-02-07 00:00:00-05:00,10.051173467199225,10.600847440351783,10.051173467199225,10.551769256591797,3418900,0.0,0.0
2020-02-10 00:00:00-05:00,10.541951887714648,11.071994135250904,10.414349003074094,10.944391250610352,3162500,0.0,0.0
2020-02-11 00:00:00-05:00,10.9640232414682,10.9640232414682,10.5026898649236,10.571399688720703,2111900,0.0,0.0
2020-02-12 00:00:00-05:00,10.679371751829883,10.728449933714392,10.11006708858189,10.129697799682617,2183300,0.0,0.0
2020-02-13 00:00:00-05:00,9.815598968099735,10.016818672058703,9.724313493306193,9.884307861328125,3307200,0.0,0.0
2020-02-14 00:00:00-05:00,9.845043083615634,9.894121253613541,9.285554379468895,9.570206642150879,3882300,0.0,0.0
2020-02-18 00:00:00-05:00,9.540760808063235,9.619285511332208,9.38371140152529,9.589838981628418,1864300,0.0,0.0
2020-02-19 00:00:00-05:00,9.638917247036998,9.68799542583607,9.511314356594772,9.61928653717041,1704600,0.0,0.0
2020-02-20 00:00:00-05:00,9.570207025362537,9.825412770700057,9.540760496619983,9.717440605163574,1416800,0.0,0.0
2020-02-21 00:00:00-05:00,9.668364405260252,9.80578217817542,9.580023873478577,9.746889114379883,1434300,0.0,0.0
2020-02-24 00:00:00-05:00,9.570207837691576,9.570207837691576,8.971456709966269,9.167768478393555,3061500,0.0,0.0
2020-02-25 00:00:00-05:00,9.187399316044335,9.231569581571,8.647542179319952,8.843853950500488,3044100,0.0,0.0
2020-02-26 00:00:00-05:00,8.84385450917765,8.873301042692813,7.980081725329341,8.176393508911133,5267000,0.0,0.0
2020-02-27 00:00:00-05:00,8.05243293827031,8.111934091231015,7.288840167794151,7.735095977783203,5776800,0.085,0.0
2020-02-28 00:00:00-05:00,7.477260184367216,8.12185120453691,7.44751007693724,8.092101097106934,4004100,0.0,0.0
2020-03-02 00:00:00-05:00,8.141685293382102,8.558190583088965,7.903682068034135,8.528440475463867,5244800,0.0,0.0
2020-03-03 00:00:00-05:00,8.47885528682203,8.756525130477026,7.997890386534956,8.131767272949219,3269000,0.0,0.0
2020-03-04 00:00:00-05:00,8.280521392822266,8.374730232414779,7.973100436038054,8.280521392822266,1860800,0.0,0.0
2020-03-05 00:00:00-05:00,8.02268288246978,8.092100106555336,7.824346808114001,7.933431625366211,1809800,0.0,0.0
2020-03-06 00:00:00-05:00,7.665678271822805,7.953265601214932,7.507009791774214,7.695428848266602,1963900,0.0,0.0
2020-03-09 00:00:00-04:00,6.971503541587652,7.308674078272388,6.842585158773498,7.199589729309082,3874500,0.0,0.0
2020-03-10 00:00:00-04:00,7.536759853363037,7.769804536788193,7.159921742477543,7.536759853363037,3586300,0.0,0.0
2020-03-11 00:00:00-04:00,7.269007391926788,7.328508078436912,6.793001426976373,6.8822526931762695,2858600,0.0,0.0
2020-03-12 00:00:00-04:00,6.554997319445647,6.634331551647883,5.850905299346814,6.19799280166626,2825400,0.0,0.0
2020-03-13 00:00:00-04:00,6.664082480489155,6.664082480489155,5.903464985496192,6.445913314819336,1970500,0.0,0.0
2020-03-16 00:00:00-04:00,5.751737818556853,6.693832585950261,5.6624865660926575,6.525247097015381,2196400,0.0,0.0
2020-03-17 00:00:00-04:00,6.654165813605459,8.230935500465193,6.525247436204609,7.933431625366211,3839900,0.0,0.0
2020-03-18 00:00:00-04:00,7.437591421767145,8.45902037888301,6.912001419899763,8.449104309082031,3172900,0.0,0.0
2020-03-19 00:00:00-04:00,8.310269062422227,8.865608701233727,7.923513961803072,8.141683578491211,2314600,0.0,0.0
2020-03-20 00:00:00-04:00,8.141684518371829,8.181351640008987,6.564914778251892,6.921919345855713,2953600,0.0,0.0
2020-03-23 00:00:00-04:00,6.683916479477384,7.001253941411487,5.959991236738857,6.108742713928223,1830200,0.0,0.0
2020-03-24 00:00:00-04:00,6.604581169296804,7.645844179262218,6.604581169296804,7.516925811767578,3288500,0.0,0.0
2020-03-25 00:00:00-04:00,7.437592531531638,7.84418077193716,7.1698392193112745,7.576427459716797,2331100,0.0,0.0
2020-03-26 00:00:00-04:00,7.556594450659232,8.300353758154104,7.060754912329318,8.25076961517334,2320500,0.0,0.0
2020-03-27 00:00:00-04:00,7.834264573009775,8.429271907177856,7.715263200750042,8.201186180114746,1982800,0.0,0.0
2020-03-30 00:00:00-04:00,8.141685969477953,8.449106926262164,7.794598356856118,8.280521392822266,3348700,0.0,0.0
2020-03-31 00:00:00-04:00,8.260685632626721,8.349936890036844,7.715262490231035,8.052433013916016,2985900,0.0,0.0
2020-04-01 00:00:00-04:00,7.665677673640999,7.864013258224862,7.239255930351025,7.31859016418457,1368800,0.0,0.0
2020-04-02 00:00:00-04:00,7.179755500893575,7.943348760160415,7.159921940449591,7.407841682434082,1369700,0.0,0.0
2020-04-03 00:00:00-04:00,7.328507336049819,7.4673427300453294,6.882251995995409,6.951669692993164,1684300,0.0,0.0
2020-04-06 00:00:00-04:00,7.3086734776863915,7.725178696940267,7.090504324818309,7.645844459533691,1576300,0.0,0.0
2020-04-07 00:00:00-04:00,7.933431592523848,8.211101433455335,7.745012535457082,7.7945966720581055,1364100,0.0,0.0
2020-04-08 00:00:00-04:00,7.933430634137636,8.607772540675697,7.864012945855978,8.478854179382324,1789900,0.0,0.0
2020-04-09 00:00:00-04:00,8.48877312487876,9.133364132177835,8.434230474230478,8.637524604797363,1099100,0.0,0.0
2020-04-13 00:00:00-04:00,8.587938653195737,8.607772684066024,7.973097882296542,8.211100578308105,945700,0.0,0.0
2020-04-14 00:00:00-04:00,8.419352877566272,8.568105266644483,7.963180586722589,8.082181930541992,2466200,0.0,0.0
2020-04-15 00:00:00-04:00,7.735096845967993,7.923515450970571,7.0409212212496515,7.120255470275879,1582600,0.0,0.0
2020-04-16 00:00:00-04:00,7.130171122395233,7.338423722642957,6.8525008311084905,7.31859016418457,1697800,0.0,0.0
2020-04-17 00:00:00-04:00,7.596261479795077,7.78567216590903,7.338425169017537,7.417759418487549,1166300,0.0,0.0
2020-04-20 00:00:00-04:00,7.189672716144939,7.596260952912171,7.072654564432319,7.219423294067383,1200100,0.0,0.0
2020-04-21 00:00:00-04:00,7.021087177371727,7.145047051189361,6.753333868840411,7.060754299163818,1208300,0.0,0.0
2020-04-22 00:00:00-04:00,7.22933957719773,7.29875727459832,6.951669733334123,7.130171775817871,834600,0.0,0.0
2020-04-23 00:00:00-04:00,7.169838239312006,7.5665098813490665,7.169838239312006,7.31859016418457,896000,0.0,0.0
2020-04-24 00:00:00-04:00,7.457425073393275,7.507009205973907,7.011169771644915,7.31859016418457,1463100,0.0,0.0
2020-04-27 00:00:00-04:00,7.358257819037852,7.715262370257495,7.318590699221155,7.556593418121338,1313600,0.0,0.0
2020-04-28 00:00:00-04:00,7.705345674905391,8.032600136331977,7.645844992701298,7.9235148429870605,1182200,0.0,0.0
2020-04-29 00:00:00-04:00,8.131768275594112,8.652400360597127,8.126809766700116,8.528440475463867,1184900,0.0,0.0
2020-04-30 00:00:00-04:00,8.330102856950706,8.4292711309039,7.983015789592031,8.052433013916016,776700,0.0,0.0
2020-05-01 00:00:00-04:00,7.854098086697678,7.903681755065918,7.635928432695289,7.903681755065918,1142400,0.0,0.0
2020-05-04 00:00:00-04:00,7.715262671869894,7.903681261930361,7.536760152847198,7.824347019195557,1029000,0.0,0.0
2020-05-05 00:00:00-04:00,7.864014864827781,8.181352337862725,7.804514177296747,7.854098320007324,1432200,0.0,0.0
2020-05-06 00:00:00-04:00,7.070671472232893,7.338424786678698,6.485580703571192,6.59466552734375,4572900,0.0,0.0
2020-05-07 00:00:00-04:00,6.644249217895749,6.991337251783097,6.594665550818559,6.7335004806518555,1637700,0.0,0.0
2020-05-08 00:00:00-04:00,6.832668376515697,7.328507890951047,6.743417585468532,7.269007205963135,1450600,0.0,0.0
2020-05-11 00:00:00-04:00,7.150005226524256,7.169838786496291,6.644248737933325,6.693832874298096,1468300,0.0,0.0
2020-05-12 00:00:00-04:00,6.723584096207823,6.852502011968496,6.183118943994265,6.207911014556885,2148900,0.0,0.0
2020-05-13 00:00:00-04:00,6.207910497479207,6.3269118588244595,5.940156725148326,6.049241542816162,1728900,0.0,0.0
2020-05-14 00:00:00-04:00,5.900490052076817,6.217827512594152,5.717029487875508,5.930240631103516,3167200,0.0,0.0
2020-05-15 00:00:00-04:00,5.70215394907005,5.87073944583209,5.513734892269498,5.811238765716553,2449100,0.0,0.0
2020-05-18 00:00:00-04:00,6.009574092265702,6.604581339177973,5.969906973996174,6.545080661773682,1715000,0.0,0.0
2020-05-19 00:00:00-04:00,6.5252470799377695,6.842584497859336,6.312035965328799,6.4657464027404785,1179900,0.0,0.0
2020-05-20 00:00:00-04:00,6.525248078572033,6.877294160519036,6.525248078572033,6.7037506103515625,1084000,0.0,0.0
2020-05-21 00:00:00-04:00,6.634332891944621,6.872335636633678,6.5649151883089365,6.624415874481201,885500,0.0,0.0
2020-05-22 00:00:00-04:00,6.6045820321229005,6.609540540644169,6.2277443690250225,6.396329402923584,772500,0.0,0.0
2020-05-26 00:00:00-04:00,6.673999822416696,7.0310044019613915,6.673999822416696,6.892168998718262,915700,0.0,0.0
2020-05-27 00:00:00-04:00,7.060754572070734,7.30867432928841,6.812834814853059,7.269007205963135,1444200,0.0,0.0
2020-05-28 00:00:00-04:00,7.269007091069995,7.318658493576916,6.936340752860555,7.030678749084473,902900,0.01,0.0
2020-05-29 00:00:00-04:00,6.951236012079875,6.951236012079875,6.633465052490688,6.792350769042969,926400,0.0,0.0
2020-06-01 00:00:00-04:00,6.78242036043828,7.5470563203958445,6.78242036043828,7.467613697052002,1327900,0.0,0.0
2020-06-02 00:00:00-04:00,7.507334666054933,7.6662199054903715,7.2491461519723455,7.4974045753479,1391200,0.0,0.0
2020-06-03 00:00:00-04:00,7.70594191203011,8.00385221811446,7.594721672985907,7.8648271560668945,1448300,0.0,0.0
2020-06-04 00:00:00-04:00,7.835035606560534,8.271970482802368,7.705941587967208,8.21238899230957,1812500,0.0,0.0
2020-06-05 00:00:00-04:00,8.579811001476338,8.87772033623184,8.45071651446797,8.768486976623535,1818400,0.0,0.0
2020-06-08 00:00:00-04:00,8.907512728179752,8.977024785487856,8.589741293991084,8.708906173706055,1742100,0.0,0.0
2020-06-09 00:00:00-04:00,8.460648301143506,8.569881676541351,8.10315553251271,8.19252872467041,1414500,0.0,0.0
2020-06-10 00:00:00-04:00,8.152805975974173,8.728765394011223,8.152805975974173,8.500368118286133,1143600,0.0,0.0
2020-06-11 00:00:00-04:00,8.003851860985122,8.08329447945881,7.566916512349126,7.576847076416016,916300,0.0,0.0
2020-06-12 00:00:00-04:00,7.914478620669613,8.172667144271509,7.4974048517742435,7.666220188140869,1332000,0.0,0.0
2020-06-15 00:00:00-04:00,7.338518908043554,7.944269597432051,7.326602420308701,7.825105667114258,1889200,0.0,0.0
2020-06-16 00:00:00-04:00,8.262040277396983,8.331553282030695,7.864827166764727,7.974060535430908,1098800,0.0,0.0
2020-06-17 00:00:00-04:00,7.88468840493651,7.914479153677631,7.547056762434375,7.566917419433594,665400,0.0,0.0
2020-06-18 00:00:00-04:00,7.3782405091072,7.904548599038566,7.308728450438327,7.894618034362793,747700,0.0,0.0
2020-06-19 00:00:00-04:00,8.063433435368468,8.093224180848926,7.651324492604371,7.8052449226379395,1064100,0.0,0.0
2020-06-22 00:00:00-04:00,7.825105375909685,7.825105375909685,7.432857098074275,7.656289577484131,1092100,0.0,0.0
2020-06-23 00:00:00-04:00,7.785384267812514,7.88468754193964,7.586777246042899,7.8052449226379395,974300,0.0,0.0
2020-06-24 00:00:00-04:00,7.68608061821563,7.6960111825127,7.259076297264329,7.298797607421875,897000,0.0,0.0
2020-06-25 00:00:00-04:00,7.298797681172387,7.547056108923253,7.209424969172528,7.527195453643799,992000,0.0,0.0
2020-06-26 00:00:00-04:00,7.447752683795247,7.477543902877188,7.2690067898496915,7.3881707191467285,1079500,0.0,0.0
2020-06-29 00:00:00-04:00,7.55698676926704,8.07336428660435,7.514286099440613,7.974060535430908,1325500,0.0,0.0
2020-06-30 00:00:00-04:00,7.954200610513883,8.063433982710754,7.686081041897762,7.92440938949585,1337700,0.0,0.0
2020-07-01 00:00:00-04:00,8.023712370368873,8.123016121039235,7.586777477371559,7.646359443664551,780000,0.0,0.0
2020-07-02 00:00:00-04:00,7.844966051152716,8.129966891156647,7.700976188614191,7.765523433685303,772300,0.0,0.0
2020-07-06 00:00:00-04:00,7.993922011715654,8.108120667604112,7.755593661468481,7.944270133972168,746000,0.0,0.0
2020-07-07 00:00:00-04:00,7.82510597561468,7.864827287286602,7.442787758878205,7.467613697052002,766200,0.0,0.0
2020-07-08 00:00:00-04:00,7.467613061198685,7.60167283181302,7.417961189078855,7.537125587463379,699300,0.0,0.0
2020-07-09 00:00:00-04:00,7.646358978871982,7.656289542741528,7.169702803986758,7.22928524017334,1051600,0.0,0.0
2020-07-10 00:00:00-04:00,7.249146383100248,7.368310316476186,7.209425071974935,7.338519096374512,1476100,0.0,0.0
2020-07-13 00:00:00-04:00,7.487474296842342,7.556986828505578,7.338519142429909,7.34844970703125,3704400,0.0,0.0
2020-07-14 00:00:00-04:00,7.33851891757942,7.378240227736966,7.224320269255318,7.298797607421875,1434500,0.0,0.0
2020-07-15 00:00:00-04:00,7.497404847810869,7.547056250181141,7.100191261271782,7.239215850830078,1849600,0.0,0.0
2020-07-16 00:00:00-04:00,7.169702895662208,8.003851804271385,7.169702895662208,7.775453567504883,6834100,0.0,0.0
2020-07-17 00:00:00-04:00,7.835035660558426,7.904548189138024,7.447752655078639,7.487473964691162,1325700,0.0,0.0
2020-07-20 00:00:00-04:00,7.44775250865088,7.616568307942757,7.110120910067128,7.139912128448486,1738600,0.0,0.0
2020-07-21 00:00:00-04:00,7.298798150346516,7.4378227462393385,6.990957736968994,6.990957736968994,1904300,0.0,0.0
2020-07-22 00:00:00-04:00,6.97109697576523,7.149842882087016,6.643395910750923,6.75262975692749,4397100,0.0,0.0
2020-07-23 00:00:00-04:00,6.633464305579303,6.752628697954747,5.968132188519295,6.3156938552856445,3991600,0.0,0.0
2020-07-24 00:00:00-04:00,6.266042723640844,6.498412818948816,6.266042723640844,6.375276565551758,2408600,0.0,0.0
2020-07-27 00:00:00-04:00,6.335555223403632,6.611618475304898,6.325624658953619,6.474579811096191,1211700,0.0,0.0
2020-07-28 00:00:00-04:00,6.434857745991394,6.54409157455957,6.186599346028014,6.206459999084473,1670200,0.0,0.0
2020-07-29 00:00:00-04:00,6.186599085655218,6.266041694537581,5.997922652801957,6.047574520111084,1984600,0.0,0.0
2020-07-30 00:00:00-04:00,5.9780620005813665,6.057504609463729,5.90854948105165,6.047574520111084,1422100,0.0,0.0
2020-07-31 00:00:00-04:00,6.057504995945875,6.117086956409106,5.888689204542386,6.027714252471924,1458600,0.0,0.0
2020-08-03 00:00:00-04:00,6.057505174837805,6.385206203821003,6.042609802660935,6.275972843170166,1313300,0.0,0.0
2020-08-04 00:00:00-04:00,6.186600162221753,6.266042784928391,5.987993605455157,6.176669597625732,1446400,0.0,0.0
2020-08-05 00:00:00-04:00,6.305763828960303,6.554022251151774,6.17666933577705,6.434858322143555,1756500,0.0,0.0
2020-08-06 00:00:00-04:00,6.951236012079875,7.209425005530221,6.683116927697409,6.792350769042969,1989900,0.0,0.0
2020-08-07 00:00:00-04:00,6.792350880614333,7.1200519365184665,6.792350880614333,7.030678749084473,2001100,0.0,0.0
2020-08-10 00:00:00-04:00,7.070399532868033,7.249145894397085,7.0108175701967985,7.22928524017334,1154400,0.0,0.0
2020-08-11 00:00:00-04:00,7.338519149282761,7.358379804988606,7.010818093378628,7.030678749084473,2223900,0.0,0.0
2020-08-12 00:00:00-04:00,7.100191358254735,7.239215949711998,6.871793578388682,6.941305637359619,2402400,0.0,0.0
2020-08-13 00:00:00-04:00,6.931375428374774,7.070400017469662,6.8122114948648695,7.020748615264893,2245700,0.0,0.0
2020-08-14 00:00:00-04:00,6.921444389432273,7.338518601646263,6.89165364485433,7.22928524017334,866100,0.0,0.0
2020-08-17 00:00:00-04:00,7.269006646304075,7.358379354754272,7.010817664410418,7.040608882904053,2025700,0.0,0.0
2020-08-18 00:00:00-04:00,7.020749180995308,7.209425661013856,6.846968075486918,7.149843215942383,1533500,0.0,0.0
2020-08-19 00:00:00-04:00,7.139911485505736,7.288866616968544,6.981026264486903,7.000886917114258,1106500,0.0,0.0
2020-08-20 00:00:00-04:00,6.881722787575592,6.951235311152637,6.628499575398109,6.643394947052002,1138600,0.0,0.0
2020-08-21 00:00:00-04:00,6.6533255434759075,6.727803354445745,6.454718994587066,6.544092178344727,1365100,0.0,0.0
2020-08-24 00:00:00-04:00,6.57388293798326,6.688082058975161,6.459684290506723,6.65332555770874,1473000,0.0,0.0
2020-08-25 00:00:00-04:00,6.712907586569538,7.118065301269495,6.673185805614233,6.772489547729492,2121900,0.0,0.0
2020-08-26 00:00:00-04:00,6.742698847897628,6.951235964720473,6.623534916431824,6.7824201583862305,1693600,0.0,0.0
2020-08-27 00:00:00-04:00,6.7625591178001745,6.832071643951975,6.623534539011919,6.802280426025391,1419600,0.0,0.0
2020-08-28 00:00:00-04:00,6.881839529503773,7.090681516177726,6.737639155296293,6.95145320892334,2675900,0.01,0.0
2020-08-31 00:00:00-04:00,6.89178444250873,6.89178444250873,6.5735493814660515,6.6232733726501465,1390300,0.0,0.0
2020-09-01 00:00:00-04:00,6.553659077732471,6.717749134300824,6.473105432357023,6.6033830642700195,1049500,0.0,0.0
2020-09-02 00:00:00-04:00,6.573549326231478,6.722722246945623,6.474100870491261,6.6829423904418945,1140300,0.0,0.0
2020-09-03 00:00:00-04:00,6.682942272756393,6.871894572439207,6.414431209882423,6.464155673980713,1364000,0.0,0.0
2020-09-04 00:00:00-04:00,6.623273429314389,6.83211542701418,6.518852430464493,6.563604354858398,800700,0.0,0.0
2020-09-08 00:00:00-04:00,6.394541121598796,6.563603719974859,6.364706824360435,6.3746514320373535,1340000,0.0,0.0
2020-09-09 00:00:00-04:00,6.414431347200672,6.484045503587031,6.135975670070528,6.314982891082764,2474300,0.0,0.0
2020-09-10 00:00:00-04:00,6.324928175020637,6.424376634302415,6.096196481568718,6.106141090393066,1719600,0.0,0.0
2020-09-11 00:00:00-04:00,6.1459203334802766,6.364707413101755,6.088240560361984,6.255313873291016,1013900,0.0,0.0
2020-09-14 00:00:00-04:00,6.314982869475895,6.89178438719387,6.314982869475895,6.8520050048828125,2365500,0.0,0.0
2020-09-15 00:00:00-04:00,6.93156354660019,7.1602952246370535,6.871894475052438,6.921618938446045,2965300,0.0,0.0
2020-09-16 00:00:00-04:00,6.92161945675383,7.473558765556824,6.911674373647346,7.369137763977051,2311000,0.0,0.0
2020-09-17 00:00:00-04:00,7.29952364818488,7.9956633014864185,7.2299094931716725,7.846490383148193,3692600,0.0,0.0
2020-09-18 00:00:00-04:00,7.836545947314779,8.234339772695106,7.6575382516859865,8.174671173095703,4783000,0.0,0.0
2020-09-21 00:00:00-04:00,7.955883621183417,8.055332545814304,7.548144737344204,7.637648105621338,2623200,0.0,0.0
2020-09-22 00:00:00-04:00,7.657538274314047,7.697317656969628,7.289578747646099,7.299523830413818,1445900,0.0,0.0
2020-09-23 00:00:00-04:00,7.2597439865424,7.43875119712008,7.055874070624965,7.100625991821289,1281500,0.0,0.0
2020-09-24 00:00:00-04:00,7.110571410728603,7.239854639372747,6.916646567762387,7.0807366371154785,1005400,0.0,0.0
2020-09-25 00:00:00-04:00,7.040956897055467,7.190129809120055,6.996204976015329,7.130460739135742,952300,0.0,0.0
2020-09-28 00:00:00-04:00,7.259744253480505,7.478530852231261,7.259744253480505,7.339303016662598,1302600,0.0,0.0
2020-09-29 00:00:00-04:00,7.339302746799147,7.37908212692752,7.070791693828817,7.100625991821289,870200,0.0,0.0
2020-09-30 00:00:00-04:00,7.0807365744864645,7.22990949281738,6.77741867077279,6.802280902862549,1430000,0.0,0.0
2020-10-01 00:00:00-04:00,6.852004476968038,6.991232778537495,6.822170179637159,6.911673545837402,970400,0.0,0.0
2020-10-02 00:00:00-04:00,6.772445945853842,7.180184833921072,6.712776874981146,7.011122703552246,1156000,0.0,0.0
2020-10-05 00:00:00-04:00,7.070792583836443,7.299524285469083,7.060847500448744,7.1602959632873535,2144200,0.0,0.0
2020-10-06 00:00:00-04:00,7.239854271210789,7.458640861153268,7.12051565703455,7.130460739135742,1260300,0.0,0.0
2020-10-07 00:00:00-04:00,7.269688694248221,7.518310060566728,7.249799003911046,7.349247455596924,1496000,0.0,0.0
2020-10-08 00:00:00-04:00,7.359193155078229,7.42383477264739,7.210020227934601,7.369137763977051,2836000,0.0,0.0
2020-10-09 00:00:00-04:00,7.448695990539211,7.528255226984795,7.239854476768392,7.259744167327881,759500,0.0,0.0
2020-10-12 00:00:00-04:00,7.259744086183445,7.393999377407474,7.125488320751792,7.349247455596924,629700,0.0,0.0
2020-10-13 00:00:00-04:00,7.289578062128615,7.408916198872709,7.130460546469823,7.1702399253845215,856600,0.0,0.0
2020-10-14 00:00:00-04:00,7.1901305359292955,7.463614156658002,7.065819842344216,7.369137763977051,1765400,0.0,0.0
2020-10-15 00:00:00-04:00,7.2000745409642954,7.3790822282064985,6.9265914173800365,7.349247455596924,1273200,0.0,0.0
2020-10-16 00:00:00-04:00,7.329357546198965,7.428805994912516,7.040956807825866,7.050901889801025,915900,0.0,0.0
2020-10-19 00:00:00-04:00,7.1006258343608595,7.125488064941663,6.886811789464205,6.911673545837402,1308600,0.0,0.0
2020-10-20 00:00:00-04:00,7.011122782871487,7.120515843605219,6.911673856084272,6.921618938446045,665900,0.0,0.0
2020-10-21 00:00:00-04:00,6.901729583740234,7.075764265670426,6.866922742195727,6.901729583740234,574100,0.0,0.0
2020-10-22 00:00:00-04:00,6.93156346818103,7.09068146471584,6.871894397308334,7.011122703552246,806500,0.0,0.0
2020-10-23 00:00:00-04:00,7.080736697535023,7.369137456689705,7.02106762400726,7.359192848205566,1029500,0.0,0.0
2020-10-26 00:00:00-04:00,7.219964724142296,7.244826481472211,6.951453192586019,7.150350570678711,1034500,0.0,0.0
2020-10-27 00:00:00-04:00,7.110571464112328,7.150350846423386,6.847032937749662,6.8520050048828125,994400,0.0,0.0
2020-10-28 00:00:00-04:00,6.663052500025775,6.842060189212328,6.5238246661532795,6.553659439086914,1137000,0.0,0.0
2020-10-29 00:00:00-04:00,6.484044670182116,6.742611097062356,6.444265292847861,6.732666015625,815400,0.0,0.0
2020-10-30 00:00:00-04:00,6.712777137756348,6.827142742854011,6.5934389913394025,6.712777137756348,1041400,0.0,0.0
2020-11-02 00:00:00-05:00,6.861950116886558,6.981288264329681,6.742611969443436,6.822170734405518,883000,0.0,0.0
2020-11-03 00:00:00-05:00,6.961398537948539,7.09465942116657,6.245369182696623,6.344817638397217,2262600,0.0,0.0
2020-11-04 00:00:00-05:00,6.285148390030716,6.344817461790192,5.837629640523197,6.185699462890625,2177300,0.0,0.0
2020-11-05 00:00:00-05:00,6.255313928115341,6.583494076216225,6.24039677798557,6.5337700843811035,1048300,0.0,0.0
2020-11-06 00:00:00-05:00,6.573549491591583,6.941509024190366,6.573549491591583,6.842060565948486,1157000,0.0,0.0
2020-11-09 00:00:00-05:00,7.2199648718894585,7.48847593473284,7.140405634499731,7.339303016662598,1825700,0.0,0.0
2020-11-10 00:00:00-05:00,7.309468052017131,7.945938615019887,7.309468052017131,7.916104316711426,1253800,0.0,0.0
2020-11-11 00:00:00-05:00,7.9359938005464095,8.174670551843482,7.781848349270424,8.154780387878418,2037400,0.0,0.0
2020-11-12 00:00:00-05:00,8.07522199799977,8.124946461770321,7.438751422457939,7.568034648895264,1662000,0.0,0.0
2020-11-13 00:00:00-05:00,7.637648168796252,7.747041702270508,7.458640956553707,7.747041702270508,1064800,0.0,0.0
2020-11-16 00:00:00-05:00,7.975774750908929,8.174671675831085,7.950912042534066,8.14483642578125,1055100,0.0,0.0
2020-11-17 00:00:00-05:00,8.005607576006032,8.244283841891672,7.935993428018927,8.234338760375977,1590100,0.0,0.0
2020-11-18 00:00:00-05:00,8.254230054681617,8.333788820880669,7.707262825751664,7.717207908630371,1430400,0.0,0.0
2020-11-19 00:00:00-05:00,7.717207823590924,7.79676658891328,7.3989722880938515,7.468586444854736,1584600,0.0,0.0
2020-11-20 00:00:00-05:00,7.438751528103843,7.498420600951351,7.269688917932086,7.448696136474609,1150200,0.0,0.0
2020-11-23 00:00:00-05:00,7.568035285679941,7.747042516742094,7.51333827608853,7.7271528244018555,1265800,0.0,0.0
2020-11-24 00:00:00-05:00,7.8266017316147085,8.19456129795824,7.737098348092689,8.065278053283691,1701900,0.0,0.0
2020-11-25 00:00:00-05:00,7.975774703058248,8.144836376916283,7.871353225341,8.035443305969238,1614100,0.0,0.0
2020-11-27 00:00:00-05:00,8.095185797493603,8.095185797493603,7.796470268699389,7.836298942565918,754500,0.01,0.0
2020-11-30 00:00:00-05:00,7.766598254405898,8.135013689667934,7.686940439531902,7.8661699295043945,2382600,0.0,0.0
2020-12-01 00:00:00-05:00,8.065314666977113,8.324200576727419,7.9458281685454475,8.02548599243164,1745300,0.0,0.0
2020-12-02 00:00:00-05:00,7.9657419856825085,8.59304428100586,7.826341633875726,8.59304428100586,2401300,0.0,0.0
2020-12-03 00:00:00-05:00,8.603003451230284,9.558892723589205,8.483517410884248,9.509106636047363,6785200,0.0,0.0
2020-12-04 00:00:00-05:00,9.608676847726057,9.907392391868898,9.300004846797867,9.817777633666992,3020700,0.0,0.0
2020-12-07 00:00:00-05:00,9.817777508247957,10.006964428610852,9.548934186667164,9.628591537475586,2611400,0.0,0.0
2020-12-08 00:00:00-05:00,9.538976875759197,10.235979177094586,9.529019469410988,10.226022720336914,2198100,0.0,0.0
2020-12-09 00:00:00-05:00,10.295722284330747,10.325593552678665,9.588762602826687,9.758034706115723,3160200,0.0,0.0
2020-12-10 00:00:00-05:00,9.66841960289128,9.987048986022378,9.613654821569199,9.89743423461914,1300100,0.0,0.0
2020-12-11 00:00:00-05:00,9.758034891377566,9.887478322796769,9.598720191043324,9.738120079040527,1416900,0.0,0.0
2020-12-14 00:00:00-05:00,9.887479574546294,9.977094342227117,9.578806591377978,9.608677864074707,2144300,0.0,0.0
2020-12-15 00:00:00-05:00,9.130731337010754,9.339832090896131,8.841973243510987,9.260174751281738,5434700,0.0,0.0
2020-12-16 00:00:00-05:00,9.359745508747785,9.389617721884486,8.734435517280334,9.100859642028809,2841800,0.0,0.0
2020-12-17 00:00:00-05:00,9.150647345766467,9.36970555593791,8.996311332723016,9.031161308288574,1625300,0.0,0.0
2020-12-18 00:00:00-05:00,9.0411172015814,9.051074607101555,8.598023101429515,8.682659149169922,2609500,0.0,0.0
2020-12-21 00:00:00-05:00,8.463601521385872,8.682659709001204,8.334158090049108,8.622916221618652,1739300,0.0,0.0
2020-12-22 00:00:00-05:00,8.702573175630919,8.77227406600316,8.503429809404102,8.563173294067383,1557800,0.0,0.0
2020-12-23 00:00:00-05:00,8.632874784384516,8.956482931287104,8.632874784384516,8.901718139648438,1575200,0.0,0.0
2020-12-24 00:00:00-05:00,9.011246215663949,9.080946157298,8.74240195577749,9.06103229522705,634300,0.0,0.0
2020-12-28 00:00:00-05:00,9.200432476190485,9.728163607208305,9.190475070037579,9.638548851013184,2440700,0.0,0.0
2020-12-29 00:00:00-05:00,9.658462243937286,9.907391688108817,9.558891036022956,9.688333511352539,1525200,0.0,0.0
2020-12-30 00:00:00-05:00,9.598721089224851,10.43512334424433,9.578806275024322,10.34550952911377,2082900,0.0,0.0
2020-12-31 00:00:00-05:00,10.405251437859041,10.664138309131305,10.32559408509689,10.614352226257324,1333600,0.0,0.0
2021-01-04 00:00:00-05:00,10.723880312260446,10.932980122088741,10.006963287169087,10.464993476867676,1796000,0.0,0.0
2021-01-05 00:00:00-05:00,10.524737494082908,10.95289647847405,10.51079750479319,10.813495635986328,1734400,0.0,0.0
2021-01-06 00:00:00-05:00,10.952896833634483,11.60011308487665,10.952896833634483,11.38105583190918,2423100,0.0,0.0
2021-01-07 00:00:00-05:00,11.58019864587339,11.779342024861947,11.311354372045937,11.440797805786133,1807600,0.0,0.0
2021-01-08 00:00:00-05:00,11.649897948503071,11.729555295704523,11.371097233297984,11.610069274902344,2005100,0.0,0.0
2021-01-11 00:00:00-05:00,11.39101231767592,11.749471368139284,11.221741148901154,11.679770469665527,1812800,0.0,0.0
2021-01-12 00:00:00-05:00,11.749470148814412,11.948613517521675,11.520454562608194,11.809212684631348,1150300,0.0,0.0
2021-01-13 00:00:00-05:00,11.799257045500582,11.878914398499848,11.480626683912964,11.520455360412598,1412400,0.0,0.0
2021-01-14 00:00:00-05:00,11.59015587948465,11.699684498898346,11.460712447673636,11.560283660888672,2507000,0.0,0.0
2021-01-15 00:00:00-05:00,10.455036071754781,10.694008096921761,10.13939316672701,10.464993476867676,8128500,0.0,0.0
2021-01-19 00:00:00-05:00,10.654180434215878,10.753752595586043,10.469973170148732,10.664137840270996,3062200,0.0,0.0
2021-01-20 00:00:00-05:00,10.753751476233656,10.89315134813322,10.684050590693467,10.783622741699219,2234400,0.0,0.0
2021-01-21 00:00:00-05:00,10.783624462907069,10.858303113285869,10.435122828351915,10.803539276123047,2481000,0.0,0.0
2021-01-22 00:00:00-05:00,10.594438066650461,10.788602739880703,10.395293740722444,10.544651985168457,1086600,0.0,0.0
2021-01-25 00:00:00-05:00,10.494865137546597,10.853323188786147,10.425165198314296,10.524736404418945,2940300,0.0,0.0
2021-01-26 00:00:00-05:00,10.664137443563142,10.713923522396174,10.474951483506189,10.60439395904541,2275100,0.0,0.0
2021-01-27 00:00:00-05:00,10.345508649812588,10.713924134893986,10.146364323095701,10.235979080200195,2209300,0.0,0.0
2021-01-28 00:00:00-05:00,10.325593650611768,10.42018710913293,9.982070737785818,10.25589370727539,1987300,0.0,0.0
2021-01-29 00:00:00-05:00,10.31563612417641,10.425165690530466,9.618633850173632,9.658462524414062,2101600,0.0,0.0
2021-02-01 00:00:00-05:00,9.767993531592426,9.877522164511966,9.489191821194371,9.509106636047363,2648900,0.0,0.0
2021-02-02 00:00:00-05:00,9.658462728873406,9.827734835376168,9.489190622370643,9.738120079040527,3255800,0.0,0.0
2021-02-03 00:00:00-05:00,9.9273066815409,10.096578782649708,9.867563196024062,10.076663970947266,1888200,0.0,0.0
2021-02-04 00:00:00-05:00,10.32559383730469,10.415208594409183,10.076664378499107,10.235979080200195,3122400,0.0,0.0
2021-02-05 00:00:00-05:00,10.335551178182042,11.07238214368408,10.156321665106754,10.952896118164062,2425600,0.0,0.0
2021-02-08 00:00:00-05:00,11.03255314149453,11.699684143066406,10.997703170449661,11.699684143066406,3834400,0.0,0.0
2021-02-09 00:00:00-05:00,11.868956844766071,12.45643052804211,11.71959954714257,12.446473121643066,3667300,0.0,0.0
2021-02-10 00:00:00-05:00,12.546045462439592,12.735231438722497,12.157715153744508,12.326987266540527,2620200,0.0,0.0
2021-02-11 00:00:00-05:00,12.336944376666427,12.506216485395441,12.008357565507877,12.25728702545166,1658700,0.0,0.0
2021-02-12 00:00:00-05:00,12.177628674158136,12.376773000959936,11.918742758578741,11.958571434020996,1788800,0.0,0.0
2021-02-16 00:00:00-05:00,12.197543039163573,12.700380641667707,12.157714365182576,12.615744590759277,2980600,0.0,0.0
2021-02-17 00:00:00-05:00,12.58587383661021,12.695402457132882,11.92372151114337,12.25728702545166,1680800,0.0,0.0
2021-02-18 00:00:00-05:00,12.237372558393584,12.42655853547298,11.913764441247205,12.018314361572266,1625600,0.0,0.0
2021-02-19 00:00:00-05:00,12.107929267287803,12.541066962851213,12.088015403477494,12.406644821166992,1260000,0.0,0.0
2021-02-22 00:00:00-05:00,12.366815508275055,12.785017072291351,12.252308185877633,12.575916290283203,1816900,0.0,0.0
2021-02-23 00:00:00-05:00,12.45642987298616,12.755145402114916,12.11788566994627,12.516172409057617,2559100,0.0,0.0
2021-02-24 00:00:00-05:00,12.406644016925295,12.85471684390316,12.187585831668592,12.695402145385742,2521200,0.0,0.0
2021-02-25 00:00:00-05:00,12.725298902579283,12.9943532698402,11.96795906453172,12.04767894744873,4177200,0.01,0.0
2021-02-26 00:00:00-05:00,12.047678611283649,12.227048818009957,11.698903420501592,11.788588523864746,3822700,0.0,0.0
2021-03-01 00:00:00-05:00,12.25694358711808,12.506068452911798,12.246978364405706,12.396452903747559,2137300,0.0,0.0
2021-03-02 00:00:00-05:00,11.61918320102897,11.838413341709494,11.200653364427936,11.529498100280762,14449500,0.0,0.0
2021-03-03 00:00:00-05:00,11.649077406971534,11.948027412910033,11.469708163677131,11.479673385620117,6139400,0.0,0.0
2021-03-04 00:00:00-05:00,11.818483531644468,11.868308695884366,11.110968860378632,11.439813613891602,9234700,0.0,0.0
2021-03-05 00:00:00-05:00,11.708868644266857,11.798553747638396,10.89672200325914,11.44977855682373,7451300,0.0,0.0
2021-03-08 00:00:00-05:00,11.479674223764926,11.918133567574197,11.389989120401772,11.788588523864746,6799800,0.0,0.0
2021-03-09 00:00:00-05:00,11.987887829216065,12.386488169835237,11.758693417387166,11.93806266784668,3566200,0.0,0.0
2021-03-10 00:00:00-05:00,12.037712065424092,12.36655677471832,11.96795741506951,12.276871681213379,3596200,0.0,0.0
2021-03-11 00:00:00-05:00,12.416383183688035,12.964458071196717,12.416383183688035,12.944527626037598,3418300,0.0,0.0
2021-03-12 00:00:00-05:00,12.92459723092959,13.054142264432395,12.844877356517998,12.874772071838379,2029900,0.0,0.0
2021-03-15 00:00:00-04:00,12.844877251900146,13.054142158110139,12.177222596389019,12.266907691955566,3443900,0.0,0.0
2021-03-16 00:00:00-04:00,12.296803416408913,12.306768639031155,11.748728526552801,11.858343124389648,3424400,0.0,0.0
2021-03-17 00:00:00-04:00,11.81848194244933,12.36655677471832,11.690930717563212,12.276871681213379,2996100,0.0,0.0
2021-03-18 00:00:00-04:00,12.197153149452333,12.506068399874266,11.858343181356,11.957993507385254,2945700,0.0,0.0
2021-03-19 00:00:00-04:00,11.948028285249935,12.03273077727781,11.708868643172151,11.788588523864746,5811400,0.0,0.0
2021-03-22 00:00:00-04:00,11.788587779215774,11.848378161126416,11.499602992375417,11.509568214416504,1536500,0.0,0.0
2021-03-23 00:00:00-04:00,11.399952199654297,11.489637293631299,11.130897868059131,11.220582962036133,2955200,0.0,0.0
2021-03-24 00:00:00-04:00,11.419883784947038,11.673991259848439,11.180724143981934,11.180724143981934,1832900,0.0,0.0
2021-03-25 00:00:00-04:00,11.011319051371753,11.54942871336777,10.85187929231159,11.489638328552246,2327800,0.0,0.0
2021-03-26 00:00:00-04:00,11.59925348777638,11.74872801931284,11.40991806747191,11.639113426208496,1651900,0.0,0.0
2021-03-29 00:00:00-04:00,11.499603551077488,11.748728412192976,11.394971565570229,11.489638328552246,1664200,0.0,0.0
2021-03-30 00:00:00-04:00,11.50956861439861,11.918133228922862,11.449778230410125,11.868308067321777,1804800,0.0,0.0
2021-03-31 00:00:00-04:00,12.057643109236876,12.336662674890656,11.957992789192586,12.187187194824219,2655900,0.0,0.0
2021-04-01 00:00:00-04:00,12.296802533205415,12.486136997749595,12.217082658625142,12.466207504272461,2024200,0.0,0.0
2021-04-05 00:00:00-04:00,12.655542307132409,12.755192628189599,12.32171496702749,12.38648796081543,2661400,0.0,0.0
2021-04-06 00:00:00-04:00,12.316731652492722,12.635612091461898,12.266907445145641,12.615681648254395,3310100,0.0,0.0
2021-04-07 00:00:00-04:00,12.585787149525878,12.685436516264076,12.396451737152347,12.506067276000977,2037700,0.0,0.0
2021-04-08 00:00:00-04:00,12.506068283367924,12.565857718159725,11.783605802226138,11.928098678588867,2205800,0.0,0.0
2021-04-09 00:00:00-04:00,11.95799252698833,11.997852464064856,11.459742838363816,11.619182586669922,3097800,0.0,0.0
2021-04-12 00:00:00-04:00,11.569358208082328,11.649078087612411,11.340163792017325,11.489638328552246,2094800,0.0,0.0
2021-04-13 00:00:00-04:00,11.459743836005542,11.63911404363313,11.399953450017696,11.549428939819336,1938200,0.0,0.0
2021-04-14 00:00:00-04:00,11.669007272610854,12.047677134656876,11.668010370331608,11.908166885375977,1898400,0.0,0.0
2021-04-15 00:00:00-04:00,11.928097607491164,11.967957543885072,11.669007545762836,11.898201942443848,1895300,0.0,0.0
2021-04-16 00:00:00-04:00,11.977922554187678,12.067606696739391,11.753709821968824,12.007817268371582,2221300,0.0,0.0
2021-04-19 00:00:00-04:00,12.017783556396315,12.376523009446984,11.78360558188876,12.037713050842285,1916800,0.0,0.0
2021-04-20 00:00:00-04:00,11.888237981923856,11.908167475473958,11.36009262297602,11.479673385620117,2074000,0.0,0.0
2021-04-21 00:00:00-04:00,11.41988351764262,12.087538212461078,11.330198416795975,12.037713050842285,1979000,0.0,0.0
2021-04-22 00:00:00-04:00,12.197152452115427,12.212100285265999,11.768658355493805,11.7786226272583,1123600,0.0,0.0
2021-04-23 00:00:00-04:00,11.878273188834601,12.24199524986261,11.748728149906288,12.177223205566406,1762800,0.0,0.0
2021-04-26 00:00:00-04:00,12.18718759367001,12.625647875811168,12.18718759367001,12.3765230178833,1343900,0.0,0.0
2021-04-27 00:00:00-04:00,12.38648718975729,12.64557629777309,12.281854264127045,12.516032218933105,1757900,0.0,0.0
2021-04-28 00:00:00-04:00,12.486137566976517,12.83491274691732,12.481154955796114,12.785087585449219,1591700,0.0,0.0
2021-04-29 00:00:00-04:00,12.92459813121441,13.044177951161332,12.765158371285178,12.944527626037598,1769100,0.0,0.0
2021-04-30 00:00:00-04:00,12.725297418116279,12.994351753990802,12.675472259521484,12.675472259521484,3606400,0.0,0.0
2021-05-03 00:00:00-04:00,13.004317079517788,13.4527416097765,12.824946887279959,13.283336639404297,4376700,0.0,0.0
2021-05-04 00:00:00-04:00,13.26340742473301,13.382987238625855,12.854841872679273,13.273371696472168,4101800,0.0,0.0
2021-05-05 00:00:00-04:00,12.954492667199931,13.034212546048135,11.858342907533261,12.13736343383789,6586100,0.0,0.0
2021-05-06 00:00:00-04:00,12.246977516001252,13.034211999360608,12.07757254297011,13.004317283630371,4630500,0.0,0.0
2021-05-07 00:00:00-04:00,13.054143341583762,13.303268207260276,12.897692386148094,13.243477821350098,2582800,0.0,0.0
2021-05-10 00:00:00-04:00,13.343127673144572,13.836394775598416,12.316732578823975,12.446277618408203,6691800,0.0,0.0
2021-05-11 00:00:00-04:00,12.266908807429918,12.834913197220938,12.207118421503312,12.735262870788574,3690400,0.0,0.0
2021-05-12 00:00:00-04:00,12.685437144807995,12.964457666306043,12.516033117925764,12.585787773132324,3236800,0.0,0.0
2021-05-13 00:00:00-04:00,13.103967501844402,13.447760081191902,12.74024542749748,12.9744234085083,7144000,0.0,0.0
2021-05-14 00:00:00-04:00,13.163757343752867,13.741726929900777,12.914632489367184,13.671972274780273,4262000,0.0,0.0
2021-05-17 00:00:00-04:00,13.542426855787419,14.115413814700881,13.338144556960323,13.821446418762207,4126900,0.0,0.0
2021-05-18 00:00:00-04:00,13.841377876730816,13.901167312294781,13.562357342979162,13.582287788391113,1564800,0.0,0.0
2021-05-19 00:00:00-04:00,13.333162484060358,13.642076775093937,13.094002849001605,13.632112503051758,2005100,0.0,0.0
2021-05-20 00:00:00-04:00,13.622147220390271,13.731761815056467,13.487619569889093,13.532462120056152,1474300,0.0,0.0
2021-05-21 00:00:00-04:00,13.562357118617737,13.811481980130203,13.562357118617737,13.691902160644531,1560500,0.0,0.0
2021-05-24 00:00:00-04:00,13.711832158991717,13.95099179017118,13.642076553812451,13.741726875305176,1668600,0.0,0.0
2021-05-25 00:00:00-04:00,13.333162068830484,13.392951500565216,12.954492183278948,13.10396671295166,11158800,0.0,0.0
2021-05-26 00:00:00-04:00,13.183686373165175,13.323196628823933,13.113931720503729,13.213582038879395,2698700,0.0,0.0
2021-05-27 00:00:00-04:00,13.283388967261633,13.423004512195087,13.123828887939453,13.123828887939453,2851900,0.01,0.0
2021-05-28 00:00:00-04:00,13.253471544796593,13.333251583582708,13.08393872461283,13.243498802185059,2982300,0.0,0.0
2021-06-01 00:00:00-04:00,13.263445091106071,13.50278522196722,13.20859595447213,13.36316967010498,2327400,0.0,0.0
2021-06-02 00:00:00-04:00,13.462894109159407,13.472866851567074,13.08393845714559,13.203608512878418,2384300,0.0,0.0
2021-06-03 00:00:00-04:00,13.093912621444122,13.103885364934747,12.769806066424119,12.954297065734863,1450400,0.0,0.0
2021-06-04 00:00:00-04:00,12.964268783565407,13.054021565773969,12.729915036395452,13.014131546020508,2707900,0.0,0.0
2021-06-07 00:00:00-04:00,12.984214690269116,13.18366479550801,12.535450764665205,12.54542350769043,2782300,0.0,0.0
2021-06-08 00:00:00-04:00,12.525478533385899,12.625203106981136,12.176440148169847,12.51550579071045,5605200,0.0,0.0
2021-06-09 00:00:00-04:00,12.575340903856144,12.814681983444505,12.565369111790357,12.704983711242676,3130500,0.0,0.0
2021-06-10 00:00:00-04:00,12.754845360706023,12.834625396576419,12.076714104754604,12.156494140625,2573900,0.0,0.0
2021-06-11 00:00:00-04:00,12.176440625745276,12.455670774238023,12.176440625745276,12.375890731811523,3333800,0.0,0.0
2021-06-14 00:00:00-04:00,12.435724903976006,12.52049130883472,12.216329335332334,12.286136627197266,2379200,0.0,0.0
2021-06-15 00:00:00-04:00,12.206357316150015,12.326027374027595,11.996934477100982,12.076714515686035,2677100,0.0,0.0
2021-06-16 00:00:00-04:00,12.186413080317022,12.336000418562175,11.996934770749855,12.226303100585938,3455600,0.0,0.0
2021-06-17 00:00:00-04:00,12.236276273355061,12.236276273355061,11.512270905903025,11.75759506225586,2759200,0.0,0.0
2021-06-18 00:00:00-04:00,11.608007186682212,11.822415448925206,11.538198938668753,11.677814483642578,2479600,0.0,0.0
2021-06-21 00:00:00-04:00,11.71770405062001,11.986962387437597,11.71770405062001,11.92712688446045,2105000,0.0,0.0
2021-06-22 00:00:00-04:00,11.887237253338022,11.887237253338022,11.682800784008087,11.737649917602539,3119400,0.0,0.0
2021-06-23 00:00:00-04:00,11.777540377618635,12.041811410703836,11.702745755900892,11.76756763458252,2426000,0.0,0.0
2021-06-24 00:00:00-04:00,11.897210169521191,12.171453939387098,11.797484643540988,12.116604804992676,2479300,0.0,0.0
2021-06-25 00:00:00-04:00,12.236276142635269,12.286137955900877,11.91715502162725,11.986963272094727,22272500,0.0,0.0
2021-06-28 00:00:00-04:00,11.93709972140539,12.006907016221104,11.288885730069973,11.308831214904785,3697600,0.0,0.0
2021-06-29 00:00:00-04:00,11.438474141921134,11.588061475653692,11.313817713459645,11.468391418457031,2697500,0.0,0.0
2021-06-30 00:00:00-04:00,11.338749412011564,11.588062286376953,11.24899662507152,11.588062286376953,2814400,0.0,0.0
2021-07-01 00:00:00-04:00,11.727676770930197,11.757594046836049,11.488336661577266,11.538198471069336,2257600,0.0,0.0
2021-07-02 00:00:00-04:00,11.538199329988519,11.637924858502469,11.448446544536587,11.488337516784668,2530600,0.0,0.0
2021-07-06 00:00:00-04:00,11.48833681649541,11.528226835258808,11.014642011508627,11.139298439025879,5405600,0.0,0.0
2021-07-07 00:00:00-04:00,11.069491869529452,11.438474805040016,11.019629105043563,11.318804740905762,3945600,0.0,0.0
2021-07-08 00:00:00-04:00,11.019629134218311,11.30883202773838,10.79026079739722,11.039573669433594,3654300,0.0,0.0
2021-07-09 00:00:00-04:00,11.288885857135503,11.583075104388865,11.22905130406371,11.468391418457031,2537900,0.0,0.0
2021-07-12 00:00:00-04:00,11.348721529833925,11.508281608466241,11.199133242826315,11.458418846130371,3007300,0.0,0.0
2021-07-13 00:00:00-04:00,11.528228114109856,11.59803541692641,11.219079721109228,11.288887023925781,1967900,0.0,0.0
2021-07-14 00:00:00-04:00,11.388612190313209,11.608007786304267,11.179189337561093,11.19913387298584,1962100,0.0,0.0
2021-07-15 00:00:00-04:00,11.169216254016808,11.478364627632901,11.109381698512475,11.21907901763916,2300400,0.0,0.0
2021-07-16 00:00:00-04:00,11.318804625614089,11.338749160573414,10.740398845996854,10.770316123962402,2555200,0.0,0.0
2021-07-19 00:00:00-04:00,10.530975980050222,10.550920514975305,10.142047562953405,10.271690368652344,4114000,0.0,0.0
2021-07-20 00:00:00-04:00,10.31157949841208,10.585823249539896,10.171963961789842,10.491085052490234,3451900,0.0,0.0
2021-07-21 00:00:00-04:00,10.65064664708507,10.880014042530114,10.570866600751735,10.680563926696777,2738600,0.0,0.0
2021-07-22 00:00:00-04:00,10.640673198038305,10.710480496188357,10.331524825703733,10.610755920410156,1961600,0.0,0.0
2021-07-23 00:00:00-04:00,10.6207277122508,10.69053596145396,10.39136033201314,10.610755920410156,1274200,0.0,0.0
2021-07-26 00:00:00-04:00,10.760343160522606,11.084449693160321,10.710480397566087,10.949820518493652,1705600,0.0,0.0
2021-07-27 00:00:00-04:00,10.830150438100816,11.248996124479868,10.680563100559624,11.22905158996582,2366400,0.0,0.0
2021-07-28 00:00:00-04:00,11.328775617522226,11.348721102126108,10.94981996952592,11.149271011352539,1367000,0.0,0.0
2021-07-29 00:00:00-04:00,11.34872136126037,11.54318508532331,11.27891406565892,11.468391418457031,1292000,0.0,0.0
2021-07-30 00:00:00-04:00,11.36866620924692,11.61797907305543,11.23902435699322,11.338748931884766,1953400,0.0,0.0
2021-08-02 00:00:00-04:00,11.468392234118477,11.70274599391481,11.19913387298584,11.19913387298584,1462100,0.0,0.0
2021-08-03 00:00:00-04:00,11.31880495218397,11.588062363748751,11.17918939922803,11.528227806091309,1834100,0.0,0.0
2021-08-04 00:00:00-04:00,11.368665323014758,11.448445357130067,11.134311591682668,11.278913497924805,1783300,0.0,0.0
2021-08-05 00:00:00-04:00,11.388612575942412,11.48833810960237,11.199134252199128,11.398585319519043,2140300,0.0,0.0
2021-08-06 00:00:00-04:00,10.98971214172704,11.303845950200563,10.321553551205543,11.189162254333496,5625300,0.0,0.0
2021-08-09 00:00:00-04:00,11.059519168148082,11.109381932822098,10.580837958751923,10.650646209716797,3169500,0.0,0.0
2021-08-10 00:00:00-04:00,10.540947410185504,11.039573129888554,10.481112856410865,10.959793090820312,2489100,0.0,0.0
2021-08-11 00:00:00-04:00,10.969765511555103,11.41852845590811,10.860068198818652,11.36866569519043,1957600,0.0,0.0
2021-08-12 00:00:00-04:00,11.388611365717205,11.498308680243495,10.999682967037147,11.079463005065918,1439400,0.0,0.0
2021-08-13 00:00:00-04:00,11.019628083296626,11.179188154014453,10.919902563571464,10.989710807800293,956200,0.0,0.0
2021-08-16 00:00:00-04:00,10.85009649154044,10.889986513709394,10.600783615221182,10.640673637390137,1695400,0.0,0.0
2021-08-17 00:00:00-04:00,10.501057072375973,10.720452648690543,10.451194311706336,10.700507164001465,1471300,0.0,0.0
2021-08-18 00:00:00-04:00,10.69053588634317,10.870040501903992,10.560893082794571,10.6705904006958,1534000,0.0,0.0
2021-08-19 00:00:00-04:00,10.550920364231391,10.580837641718135,10.261717479051253,10.39136028289795,3009900,0.0,0.0
2021-08-20 00:00:00-04:00,10.331524267118638,10.595796233196282,10.301606991107999,10.421277046203613,1565300,0.0,0.0
2021-08-23 00:00:00-04:00,10.600783348083496,10.730426154628914,10.501057819647599,10.600783348083496,1761900,0.0,0.0
2021-08-24 00:00:00-04:00,10.650644950214593,10.88001230911662,10.650644950214593,10.780287742614746,1182300,0.0,0.0
2021-08-25 00:00:00-04:00,10.790260756307015,10.944835421139189,10.69552255005222,10.820178985595703,1449200,0.0,0.0
2021-08-26 00:00:00-04:00,10.84012287872063,10.954806564375657,10.690535545349121,10.690535545349121,1326600,0.0,0.0
2021-08-27 00:00:00-04:00,10.74039860620796,11.268941610047012,10.710480377857243,11.22905158996582,1803200,0.0,0.0
2021-08-30 00:00:00-04:00,11.219069885492704,11.328865664862036,11.134228125024807,11.189126014709473,1563900,0.01,0.0
2021-08-31 00:00:00-04:00,11.199107277580064,11.239032754695028,10.999479892005237,11.049386024475098,2264900,0.0,0.0
2021-09-01 00:00:00-04:00,11.049386836224958,11.199108100329287,10.874713455951037,10.98949909210205,1334500,0.0,0.0
2021-09-02 00:00:00-04:00,11.04439562543761,11.244023970223878,10.97951707971102,11.019442558288574,1168600,0.0,0.0
2021-09-03 00:00:00-04:00,10.949573015218466,11.109274926705949,10.88968432246142,10.939591407775879,1301700,0.0,0.0
2021-09-07 00:00:00-04:00,10.969535944734325,11.31888461126412,10.96055287824956,11.219070434570312,1770500,0.0,0.0
2021-09-08 00:00:00-04:00,11.169163023698385,11.169163023698385,10.455495202970377,10.490429878234863,3146400,0.0,0.0
2021-09-09 00:00:00-04:00,10.530355336918893,10.89966625626638,10.530355336918893,10.680075645446777,1641900,0.0,0.0
2021-09-10 00:00:00-04:00,10.829796741791789,10.999480263231732,10.7399641772767,10.809833526611328,1779200,0.0,0.0
2021-09-13 00:00:00-04:00,10.899666171160085,11.099293564938044,10.809833605985379,11.039405822753906,2541900,0.0,0.0
2021-09-14 00:00:00-04:00,11.089312094626019,11.149200789450433,10.58026247216179,10.70003890991211,2381100,0.0,0.0
2021-09-15 00:00:00-04:00,10.729983018307742,11.273968280038947,10.72000141030018,11.199108123779297,1774000,0.0,0.0
2021-09-16 00:00:00-04:00,11.189126516447454,11.199108124455618,10.79985237121582,10.79985237121582,1523300,0.0,0.0
2021-09-17 00:00:00-04:00,10.829796357236386,10.91962796666315,10.430540634890786,10.460484504699707,8081600,0.0,0.0
2021-09-20 00:00:00-04:00,10.07121210048852,10.285811912738739,9.791733740113097,10.190988540649414,3079600,0.0,0.0
2021-09-21 00:00:00-04:00,10.290802374672735,10.380633987883561,9.971397592961972,10.051248550415039,2073900,0.0,0.0
2021-09-22 00:00:00-04:00,10.24089546299865,10.44551366395021,10.220932247345562,10.320746421813965,1811600,0.0,0.0
2021-09-23 00:00:00-04:00,10.370652837719412,10.749945343488484,10.370652837719412,10.630167961120605,1790300,0.0,0.0
2021-09-24 00:00:00-04:00,10.500411292114164,10.747948687102943,10.400597120145616,10.410578727722168,2226700,0.0,0.0
2021-09-27 00:00:00-04:00,10.380633810950345,10.994489344768335,10.360671547876576,10.959553718566895,2651700,0.0,0.0
2021-09-28 00:00:00-04:00,10.949572568360821,11.159181556608514,10.720000366042663,10.759925842285156,2084100,0.0,0.0
2021-09-29 00:00:00-04:00,10.809833123043559,10.879702469769727,10.620187345401767,10.839776992797852,1476100,0.0,0.0
2021-09-30 00:00:00-04:00,10.82979694686641,10.82979694686641,10.171025111914,10.300783157348633,3703700,0.0,0.0
2021-10-01 00:00:00-04:00,10.330727721878716,10.500411242280865,10.091173900670782,10.390615463256836,3113200,0.0,0.0
2021-10-04 00:00:00-04:00,10.390615479910911,10.525364326075385,10.101155524390093,10.200969696044922,2611400,0.0,0.0
2021-10-05 00:00:00-04:00,10.265848556805418,10.560299325148568,10.12111905054609,10.530355453491211,1671100,0.0,0.0
2021-10-06 00:00:00-04:00,10.310764274974048,10.527360203614823,10.076202214703516,10.101155281066895,2041100,0.0,0.0
2021-10-07 00:00:00-04:00,10.171024665661328,10.500411044634994,10.171024665661328,10.31076431274414,1327500,0.0,0.0
2021-10-08 00:00:00-04:00,10.320746799366523,10.490430331031044,10.270839710306626,10.480448722839355,1673600,0.0,0.0
2021-10-11 00:00:00-04:00,10.505402011962541,10.829797621712716,10.325737820233146,10.370654106140137,1762700,0.0,0.0
2021-10-12 00:00:00-04:00,10.420559126882114,10.57028038114932,10.350689779363167,10.500411033630371,1300500,0.0,0.0
2021-10-13 00:00:00-04:00,10.57028038114932,10.670093598762321,10.340708172032326,10.500411033630371,1258000,0.0,0.0
2021-10-14 00:00:00-04:00,10.650132106376672,10.849759507941197,10.575271949777292,10.819815635681152,1341400,0.0,0.0
2021-10-15 00:00:00-04:00,11.03940598745557,11.049386643369498,10.83977763880077,10.909647941589355,1552400,0.0,0.0
2021-10-18 00:00:00-04:00,10.849758396663244,11.011456432583934,10.798853723845186,10.949572563171387,1956000,0.0,0.0
2021-10-19 00:00:00-04:00,10.99948031328881,10.99948031328881,10.779889704796881,10.82979679107666,768100,0.0,0.0
2021-10-20 00:00:00-04:00,10.8497592730647,11.3089027626728,10.759926706330733,11.119256973266602,1679600,0.0,0.0
2021-10-21 00:00:00-04:00,11.019442204346865,11.184134917176703,10.944582053405751,11.06934928894043,828600,0.0,0.0
2021-10-22 00:00:00-04:00,11.049386716944488,11.29892120252606,11.029424453085193,11.139219284057617,831800,0.0,0.0
2021-10-25 00:00:00-04:00,11.119256118469325,11.239032547607248,11.09430210079573,11.159181594848633,1142900,0.0,0.0
2021-10-26 00:00:00-04:00,11.209088588102054,11.28394969497937,11.074340689899618,11.119256973266602,905300,0.0,0.0
2021-10-27 00:00:00-04:00,11.029424301209849,11.179144609737733,10.670094037705317,10.680075645446777,1323200,0.0,0.0
2021-10-28 00:00:00-04:00,10.720001010881447,10.879702925457941,10.670093924601668,10.82979679107666,1267900,0.0,0.0
2021-10-29 00:00:00-04:00,10.799852082648785,10.829796905873168,10.585252275699913,10.680075645446777,1143600,0.0,0.0
2021-11-01 00:00:00-04:00,10.779890129616904,11.019443010922082,10.690057561152829,11.009461402893066,1256900,0.0,0.0
2021-11-02 00:00:00-04:00,10.929610395890924,10.929610395890924,10.51039237944373,10.590243339538574,1589100,0.0,0.0
2021-11-03 00:00:00-04:00,10.510391839606484,11.219069787972835,10.510391839606484,11.149200439453125,1920000,0.0,0.0
2021-11-04 00:00:00-04:00,11.328865107435302,11.418696715364911,10.979516475192526,11.159181594848633,1940500,0.0,0.0
2021-11-05 00:00:00-04:00,11.568418817035088,13.350094878410827,11.428679163474799,13.285216331481934,6321800,0.0,0.0
2021-11-08 00:00:00-05:00,13.285216042321094,13.285216042321094,12.566556478350769,12.5765380859375,4159600,0.0,0.0
2021-11-09 00:00:00-05:00,12.616463318757669,13.020708899165182,12.247152412325084,12.476723670959473,1940400,0.0,0.0
2021-11-10 00:00:00-05:00,12.386891461497816,12.736240115007462,12.336984375010937,12.426816940307617,1377100,0.0,0.0
2021-11-11 00:00:00-05:00,12.656389498295336,13.01072801328934,12.436798882977367,12.965811729431152,1496800,0.0,0.0
2021-11-12 00:00:00-05:00,12.945848372709502,13.165438017593905,12.64141601934454,12.716276168823242,1595000,0.0,0.0
2021-11-15 00:00:00-05:00,12.736239491476729,12.80610883799865,12.376909247881812,12.566555976867676,1653700,0.0,0.0
2021-11-16 00:00:00-05:00,12.616463561473921,13.195383474791857,12.536612604595481,13.165438652038574,1830700,0.0,0.0
2021-11-17 00:00:00-05:00,13.045662153246353,13.055643760782216,12.586518677480072,12.746221542358398,1421800,0.0,0.0
2021-11-18 00:00:00-05:00,12.736240628472274,12.865998677809985,12.257133911540834,12.436799049377441,1495400,0.0,0.0
2021-11-19 00:00:00-05:00,12.267114626287237,12.556574576223122,12.18726367126344,12.45676040649414,1266500,0.0,0.0
2021-11-22 00:00:00-05:00,12.606481711365268,12.776165229442194,12.476723670959473,12.476723670959473,885700,0.0,0.0
2021-11-23 00:00:00-05:00,12.546592849290239,12.84603440372477,12.441788828782306,12.796127319335938,880700,0.0,0.0
2021-11-24 00:00:00-05:00,12.626444251524719,12.885960338035208,12.586518772976834,12.786147117614746,855200,0.0,0.0
2021-11-26 00:00:00-05:00,12.077469016951774,12.247152536752635,11.768045847933,12.137356758117676,1140400,0.0,0.0
2021-11-29 00:00:00-05:00,12.467013470524464,12.467013470524464,11.942560140691706,12.117378234863281,1614700,0.01,0.0
2021-11-30 00:00:00-05:00,11.977522855596483,12.057439530569521,11.453069557000685,11.637876510620117,1768400,0.0,0.0
2021-12-01 00:00:00-05:00,11.947554729191806,12.022476495330277,11.348178694720138,11.368158340454102,1480500,0.0,0.0
2021-12-02 00:00:00-05:00,11.44807483606885,11.852653128931737,11.39812667520977,11.727783203125,1373300,0.0,0.0
2021-12-03 00:00:00-05:00,11.77773172634438,11.877628051136007,11.428095542255644,11.797711372375488,1608400,0.0,0.0
2021-12-06 00:00:00-05:00,11.987513437592112,12.172321355601726,11.76774209115197,11.887617111206055,1617500,0.0,0.0
2021-12-07 00:00:00-05:00,12.047451167058954,12.312174806777653,11.907596503637144,11.917586326599121,1946700,0.0,0.0
2021-12-08 00:00:00-05:00,12.047450570623521,12.057439440409023,11.84765793200298,11.987512588500977,880400,0.0,0.0
2021-12-09 00:00:00-05:00,11.857647780605467,12.167325609004331,11.817689443329668,12.097397804260254,1033300,0.0,0.0
2021-12-10 00:00:00-05:00,12.137356628677304,12.137356628677304,11.767741755870945,11.92757511138916,733500,0.0,0.0
2021-12-13 00:00:00-05:00,11.877627625320885,12.062434581073486,11.74776278882023,11.847658157348633,1527500,0.0,0.0
2021-12-14 00:00:00-05:00,11.777731789807447,11.927575325120344,11.627888254494549,11.677835464477539,1612500,0.0,0.0
2021-12-15 00:00:00-05:00,11.817689532644367,11.817689532644367,11.43808484931439,11.747762680053711,1941200,0.0,0.0
2021-12-16 00:00:00-05:00,11.987512988174117,12.177314857973487,11.752757868454538,11.827679634094238,1619600,0.0,0.0
2021-12-17 00:00:00-05:00,11.657856433344381,11.777731448658844,11.26826191906092,11.717793464660645,3077600,0.0,0.0
2021-12-20 00:00:00-05:00,11.418106519298977,11.418106519298977,10.793756879401736,11.028512001037598,2460600,0.0,0.0
2021-12-21 00:00:00-05:00,11.208324946783343,11.617898156102298,11.108428623820794,11.597918510437012,1586300,0.0,0.0
2021-12-22 00:00:00-05:00,11.508013215769731,11.632883145874791,11.368158551086557,11.567950248718262,921500,0.0,0.0
2021-12-23 00:00:00-05:00,11.617897818217815,11.787720990705997,11.567949658189187,11.637876510620117,987100,0.0,0.0
2021-12-27 00:00:00-05:00,11.597918390464917,11.852653153970621,11.478043375759043,11.837669372558594,1170500,0.0,0.0
2021-12-28 00:00:00-05:00,11.787721295574269,11.967533342573164,11.7477629570543,11.827679634094238,1042200,0.0,0.0
2021-12-29 00:00:00-05:00,11.817689583185189,12.027471094536248,11.757752552903126,11.967533111572266,680900,0.0,0.0
2021-12-30 00:00:00-05:00,11.987512877446674,12.10738789189931,11.727783203125,11.727783203125,1039000,0.0,0.0
2021-12-31 00:00:00-05:00,11.707804702086264,11.857648234435013,11.647866717537596,11.817689895629883,1123700,0.0,0.0
2022-01-03 00:00:00-05:00,11.947554478558958,12.127367475664775,11.767741481453141,11.847658157348633,1106900,0.0,0.0
2022-01-04 00:00:00-05:00,11.927575322708226,12.217273522888016,11.827679950080483,12.127367973327637,1582100,0.0,0.0
2022-01-05 00:00:00-05:00,12.197294354981295,12.501977277910486,11.897606343391494,11.957544326782227,1687800,0.0,0.0
2022-01-06 00:00:00-05:00,12.02747171266415,12.082414787147997,11.877628176576163,12.007493019104004,1092500,0.0,0.0
2022-01-07 00:00:00-05:00,11.967533600230121,12.177315120146972,11.787721549359935,11.797711372375488,808900,0.0,0.0
2022-01-10 00:00:00-05:00,11.687825139893212,11.817689980108709,11.607908461711668,11.807700157165527,824200,0.0,0.0
2022-01-11 00:00:00-05:00,11.83766954137342,11.877627880178549,11.48803336231708,11.817689895629883,867900,0.0,0.0
2022-01-12 00:00:00-05:00,11.957544387264466,12.037461063735048,11.657856374158818,11.837669372558594,905400,0.0,0.0
2022-01-13 00:00:00-05:00,11.987512877446674,12.042455949659855,11.697814687682323,11.727783203125,1291600,0.0,0.0
2022-01-14 00:00:00-05:00,11.567950437650003,11.667846764438378,11.33819021979151,11.657856941223145,1435800,0.0,0.0
2022-01-18 00:00:00-05:00,11.51300715428446,11.657856730237903,11.353173796461327,11.458065032958984,1522600,0.0,0.0
2022-01-19 00:00:00-05:00,11.478043277962518,11.64786645218604,11.188345090054495,11.398126602172852,2040200,0.0,0.0
2022-01-20 00:00:00-05:00,11.348178512689755,11.612903098326784,10.928615485825976,10.938605308532715,1900100,0.0,0.0
2022-01-21 00:00:00-05:00,10.878668238975527,10.878668238975527,10.329240376923485,10.379188537597656,2218200,0.0,0.0
2022-01-24 00:00:00-05:00,10.129448836939229,10.7587933843186,9.929656191283348,10.69885540008545,2929600,0.0,0.0
2022-01-25 00:00:00-05:00,10.459105043221031,10.55900041026012,10.174401770502671,10.39916706085205,3640600,0.0,0.0
2022-01-26 00:00:00-05:00,10.42913628502452,10.449115931400382,9.794797755502483,9.979604721069336,2723700,0.0,0.0
2022-01-27 00:00:00-05:00,10.069511378468645,10.299272551896726,9.804786776029811,9.849740028381348,2598100,0.0,0.0
2022-01-28 00:00:00-05:00,9.779813002153318,9.909677845303946,9.570031479014913,9.869719505310059,2016900,0.0,0.0
2022-01-31 00:00:00-05:00,9.779812695010593,10.47908409928345,9.779812695010593,10.469094276428223,4659500,0.0,0.0
2022-02-01 00:00:00-05:00,10.499063669868601,10.968573908521405,10.469094201517365,10.92861557006836,2205400,0.0,0.0
2022-02-02 00:00:00-05:00,10.978563553895304,11.443079826331747,10.938605216087971,11.288241386413574,2847700,0.0,0.0
2022-02-03 00:00:00-05:00,11.168366708217055,11.57793992120629,11.083455118742558,11.248283386230469,2442100,0.0,0.0
2022-02-04 00:00:00-05:00,11.887616696388458,12.017481535085919,9.804786271179779,9.909677505493164,6143200,0.0,0.0
2022-02-07 00:00:00-05:00,9.949635563948167,10.269302263936249,9.714880450229659,9.829760551452637,7687400,0.0,0.0
2022-02-08 00:00:00-05:00,9.799792714586156,9.831759005724074,9.51508846844229,9.749844551086426,5147300,0.0,0.0
2022-02-09 00:00:00-05:00,9.90967759344306,10.359209145119657,9.839750738401486,10.34921932220459,4584000,0.0,0.0
2022-02-10 00:00:00-05:00,10.119459256973247,10.529032475569512,10.019562931747931,10.219354629516602,4433800,0.0,0.0
2022-02-11 00:00:00-05:00,10.109469593324102,10.229344613875536,9.555046789676986,9.639958381652832,3101700,0.0,0.0
2022-02-14 00:00:00-05:00,9.59999934376935,9.819770675148968,9.515087757964626,9.609989166259766,3916400,0.0,0.0
2022-02-15 00:00:00-05:00,9.709885729796783,10.049532081550542,9.699895907055335,9.91966724395752,2130500,0.0,0.0
2022-02-16 00:00:00-05:00,9.909677421216072,10.104474201264638,9.759833890822089,9.91966724395752,2104700,0.0,0.0
2022-02-17 00:00:00-05:00,9.77981245010057,9.909677285920564,9.669927259490692,9.709885597229004,1549200,0.0,0.0
2022-02-18 00:00:00-05:00,9.619978962006506,9.739853973512524,9.490114128037844,9.500103950500488,1988500,0.0,0.0
2022-02-22 00:00:00-05:00,9.390218434862538,9.864724553974611,9.340271224582926,9.649948120117188,2431600,0.0,0.0
2022-02-23 00:00:00-05:00,9.749844252563456,9.799792414533862,9.52008308857237,9.560041427612305,1678500,0.0,0.0
2022-02-24 00:00:00-05:00,9.240374389129899,9.639957765424912,9.190426228922544,9.59999942779541,3607500,0.0,0.0
2022-02-25 00:00:00-05:00,9.619999885559082,10.229999542236328,9.515000343322754,10.079999923706055,3232100,0.01,0.0
2022-02-28 00:00:00-05:00,9.979999542236328,10.255000114440918,9.960000038146973,10.079999923706055,1911700,0.0,0.0
2022-03-01 00:00:00-05:00,9.880000114440918,10.0600004196167,9.635000228881836,9.8100004196167,2194800,0.0,0.0
2022-03-02 00:00:00-05:00,9.960000038146973,10.15999984741211,9.819999694824219,10.130000114440918,2010700,0.0,0.0
2022-03-03 00:00:00-05:00,10.1899995803833,10.279999732971191,9.864999771118164,9.949999809265137,1923300,0.0,0.0
2022-03-04 00:00:00-05:00,9.770000457763672,9.994999885559082,9.654999732971191,9.770000457763672,1618400,0.0,0.0
2022-03-07 00:00:00-05:00,9.84000015258789,10.069999694824219,9.279999732971191,9.329999923706055,2119000,0.0,0.0
2022-03-08 00:00:00-05:00,9.399999618530273,9.680000305175781,9.140000343322754,9.199999809265137,3570600,0.0,0.0
2022-03-09 00:00:00-05:00,9.399999618530273,9.930000305175781,9.329999923706055,9.829999923706055,3223900,0.0,0.0
2022-03-10 00:00:00-05:00,9.649999618530273,10.020000457763672,9.640000343322754,9.859999656677246,1821700,0.0,0.0
2022-03-11 00:00:00-05:00,9.9399995803833,9.979999542236328,9.649999618530273,9.65999984741211,1306400,0.0,0.0
2022-03-14 00:00:00-04:00,9.770000457763672,9.789999961853027,9.489999771118164,9.5600004196167,1223000,0.0,0.0
2022-03-15 00:00:00-04:00,9.630000114440918,9.805000305175781,9.520000457763672,9.720000267028809,1108000,0.0,0.0
2022-03-16 00:00:00-04:00,9.869999885559082,10.119999885559082,9.765000343322754,10.100000381469727,2021300,0.0,0.0
2022-03-17 00:00:00-04:00,10.050000190734863,10.199999809265137,9.890000343322754,10.09000015258789,3065900,0.0,0.0
2022-03-18 00:00:00-04:00,10.130000114440918,10.15999984741211,9.819999694824219,10.130000114440918,3349100,0.0,0.0
2022-03-21 00:00:00-04:00,10.109999656677246,10.345000267028809,10.079999923706055,10.279999732971191,2397400,0.0,0.0
2022-03-22 00:00:00-04:00,10.319999694824219,10.555000305175781,10.270000457763672,10.369999885559082,2158200,0.0,0.0
2022-03-23 00:00:00-04:00,10.25,10.385000228881836,10.020000457763672,10.100000381469727,1552700,0.0,0.0
2022-03-24 00:00:00-04:00,10.140000343322754,10.385000228881836,10.079999923706055,10.300000190734863,935500,0.0,0.0
2022-03-25 00:00:00-04:00,10.300000190734863,10.329999923706055,10.104999542236328,10.140000343322754,1358100,0.0,0.0
2022-03-28 00:00:00-04:00,10.109999656677246,10.319999694824219,10.09000015258789,10.289999961853027,2256200,0.0,0.0
2022-03-29 00:00:00-04:00,10.369999885559082,10.600000381469727,10.350000381469727,10.59000015258789,1685400,0.0,0.0
2022-03-30 00:00:00-04:00,10.609999656677246,10.630000114440918,9.854999542236328,9.890000343322754,1673400,0.0,0.0
2022-03-31 00:00:00-04:00,9.890000343322754,9.949999809265137,9.579999923706055,9.619999885559082,1902600,0.0,0.0
2022-04-01 00:00:00-04:00,9.729999542236328,9.8100004196167,9.430000305175781,9.729999542236328,1880400,0.0,0.0
2022-04-04 00:00:00-04:00,9.760000228881836,9.90999984741211,9.640000343322754,9.899999618530273,1099100,0.0,0.0
2022-04-05 00:00:00-04:00,9.899999618530273,10.010000228881836,9.510000228881836,9.529999732971191,2339500,0.0,0.0
2022-04-06 00:00:00-04:00,9.399999618530273,9.479999542236328,9.220000267028809,9.34000015258789,1208400,0.0,0.0
2022-04-07 00:00:00-04:00,9.300000190734863,9.479000091552734,9.109999656677246,9.390000343322754,1164600,0.0,0.0
2022-04-08 00:00:00-04:00,9.369999885559082,9.704999923706055,9.279999732971191,9.399999618530273,1248100,0.0,0.0
2022-04-11 00:00:00-04:00,9.279999732971191,9.609999656677246,9.279999732971191,9.59000015258789,1782900,0.0,0.0
2022-04-12 00:00:00-04:00,9.670000076293945,9.9399995803833,9.65999984741211,9.800000190734863,2275800,0.0,0.0
2022-04-13 00:00:00-04:00,9.710000038146973,9.739999771118164,9.229999542236328,9.6899995803833,1814900,0.0,0.0
2022-04-14 00:00:00-04:00,9.6899995803833,9.920000076293945,9.6850004196167,9.75,1088800,0.0,0.0
2022-04-18 00:00:00-04:00,9.6899995803833,9.819999694824219,9.600000381469727,9.680000305175781,913600,0.0,0.0
2022-04-19 00:00:00-04:00,9.640000343322754,10.069999694824219,9.619999885559082,10.010000228881836,1073900,0.0,0.0
2022-04-20 00:00:00-04:00,10.130000114440918,10.220000267028809,9.989999771118164,10.109999656677246,1005100,0.0,0.0
2022-04-21 00:00:00-04:00,10.229999542236328,10.25,9.744999885559082,9.9399995803833,1067300,0.0,0.0
2022-04-22 00:00:00-04:00,9.800000190734863,9.850000381469727,9.390000343322754,9.430000305175781,1276000,0.0,0.0
2022-04-25 00:00:00-04:00,9.34000015258789,9.53499984741211,9.149999618530273,9.520000457763672,1344800,0.0,0.0
2022-04-26 00:00:00-04:00,9.380000114440918,9.425000190734863,9.015000343322754,9.050000190734863,1663500,0.0,0.0
2022-04-27 00:00:00-04:00,9.039999961853027,9.197999954223633,8.90999984741211,9.0,1673900,0.0,0.0
2022-04-28 00:00:00-04:00,9.119999885559082,9.300000190734863,8.930000305175781,9.199999809265137,2177600,0.0,0.0
2022-04-29 00:00:00-04:00,9.1899995803833,9.444999694824219,9.039999961853027,9.079999923706055,1360100,0.0,0.0
2022-05-02 00:00:00-04:00,9.0,9.194999694824219,8.890000343322754,9.149999618530273,2360800,0.0,0.0
2022-05-03 00:00:00-04:00,9.140000343322754,9.359999656677246,9.069999694824219,9.300000190734863,1356500,0.0,0.0
2022-05-04 00:00:00-04:00,9.3100004196167,9.75,9.220000267028809,9.720000267028809,1565200,0.0,0.0
2022-05-05 00:00:00-04:00,9.5600004196167,9.640000343322754,8.890000343322754,9.100000381469727,2735600,0.0,0.0
2022-05-06 00:00:00-04:00,9.180000305175781,9.3100004196167,8.40999984741211,8.510000228881836,2282200,0.0,0.0
2022-05-09 00:00:00-04:00,8.25,8.404999732971191,7.875,8.289999961853027,3625100,0.0,0.0
2022-05-10 00:00:00-04:00,8.470000267028809,8.579999923706055,8.1850004196167,8.399999618530273,2706500,0.0,0.0
2022-05-11 00:00:00-04:00,8.300000190734863,8.520000457763672,7.900000095367432,7.920000076293945,2902600,0.0,0.0
2022-05-12 00:00:00-04:00,7.849999904632568,8.210000038146973,7.809999942779541,8.199999809265137,2943000,0.0,0.0
2022-05-13 00:00:00-04:00,8.369999885559082,8.524999618530273,8.300000190734863,8.319999694824219,1913200,0.0,0.0
2022-05-16 00:00:00-04:00,8.300000190734863,8.53499984741211,8.210000038146973,8.3100004196167,2937900,0.0,0.0
2022-05-17 00:00:00-04:00,8.350000381469727,8.510000228881836,7.954999923706055,8.34000015258789,2375000,0.0,0.0
2022-05-18 00:00:00-04:00,8.229999542236328,8.444999694824219,8.020000457763672,8.050000190734863,1747800,0.0,0.0
2022-05-19 00:00:00-04:00,8.020000457763672,8.444999694824219,7.980000019073486,8.25,2028200,0.0,0.0
2022-05-20 00:00:00-04:00,8.350000381469727,8.4399995803833,7.889999866485596,8.130000114440918,2125500,0.0,0.0
2022-05-23 00:00:00-04:00,8.25,8.279999732971191,8.079999923706055,8.1899995803833,1757300,0.0,0.0
2022-05-24 00:00:00-04:00,8.109999656677246,8.312000274658203,8.010000228881836,8.279999732971191,1835700,0.0,0.0
2022-05-25 00:00:00-04:00,8.260000228881836,8.539999961853027,8.244999885559082,8.5,1646100,0.0,0.0
2022-05-26 00:00:00-04:00,8.619999885559082,8.824999809265137,8.619999885559082,8.710000038146973,1025200,0.0,0.0
2022-05-27 00:00:00-04:00,8.699999809265137,8.949999809265137,8.699999809265137,8.899999618530273,991400,0.0,0.0
2022-05-31 00:00:00-04:00,8.78499984741211,8.84000015258789,8.479999542236328,8.680000305175781,3478000,0.0,0.0
2022-06-01 00:00:00-04:00,8.699999809265137,9.100000381469727,8.694999694824219,9.010000228881836,1891800,0.0,0.0
2022-06-02 00:00:00-04:00,9.109999656677246,9.270000457763672,8.895000457763672,8.960000038146973,1230500,0.0,0.0
2022-06-03 00:00:00-04:00,8.859999656677246,8.989999771118164,8.812000274658203,8.920000076293945,1035700,0.0,0.0
2022-06-06 00:00:00-04:00,9.039999961853027,9.079999923706055,8.895000457763672,9.0600004196167,1283900,0.0,0.0
2022-06-07 00:00:00-04:00,8.729999542236328,9.069999694824219,8.670000076293945,9.029999732971191,1211900,0.0,0.0
2022-06-08 00:00:00-04:00,8.90999984741211,8.90999984741211,8.699999809265137,8.819999694824219,1507200,0.0,0.0
2022-06-09 00:00:00-04:00,8.770000457763672,8.770000457763672,8.539999961853027,8.550000190734863,1480100,0.0,0.0
2022-06-10 00:00:00-04:00,8.4399995803833,8.520000457763672,8.359999656677246,8.369999885559082,1316700,0.0,0.0
2022-06-13 00:00:00-04:00,8.100000381469727,8.289999961853027,8.005000114440918,8.149999618530273,1763100,0.0,0.0
2022-06-14 00:00:00-04:00,8.180000305175781,8.220000267028809,8.010000228881836,8.029999732971191,1979800,0.0,0.0
2022-06-15 00:00:00-04:00,8.09000015258789,8.199999809265137,7.954999923706055,8.09000015258789,2574000,0.0,0.0
2022-06-16 00:00:00-04:00,7.909999847412109,7.929999828338623,7.570000171661377,7.639999866485596,1483500,0.0,0.0
2022-06-17 00:00:00-04:00,7.699999809265137,7.760000228881836,7.489999771118164,7.539999961853027,1822700,0.0,0.0
2022-06-21 00:00:00-04:00,7.710000038146973,7.71999979019165,7.429999828338623,7.449999809265137,2965000,0.0,0.0
2022-06-22 00:00:00-04:00,7.289999961853027,7.449999809265137,7.179999828338623,7.420000076293945,1966800,0.0,0.0
2022-06-23 00:00:00-04:00,7.400000095367432,7.440000057220459,7.235000133514404,7.380000114440918,1499100,0.0,0.0
2022-06-24 00:00:00-04:00,7.510000228881836,7.730000019073486,7.429999828338623,7.71999979019165,3560300,0.0,0.0
2022-06-27 00:00:00-04:00,7.800000190734863,7.860000133514404,7.630000114440918,7.75,969300,0.0,0.0
2022-06-28 00:00:00-04:00,7.849999904632568,7.945000171661377,7.525000095367432,7.539999961853027,953400,0.0,0.0
2022-06-29 00:00:00-04:00,7.599999904632568,7.599999904632568,7.09499979019165,7.199999809265137,2876000,0.0,0.0
2022-06-30 00:00:00-04:00,7.090000152587891,7.164999961853027,7.005000114440918,7.070000171661377,1820800,0.0,0.0
2022-07-01 00:00:00-04:00,7.03000020980835,7.25,7.010000228881836,7.210000038146973,932400,0.0,0.0
2022-07-05 00:00:00-04:00,7.050000190734863,7.110000133514404,6.869999885559082,7.070000171661377,1806300,0.0,0.0
2022-07-06 00:00:00-04:00,7.059999942779541,7.119999885559082,6.739999771118164,6.909999847412109,2936600,0.0,0.0
2022-07-07 00:00:00-04:00,7.03000020980835,7.184999942779541,6.920000076293945,6.949999809265137,1916700,0.0,0.0
2022-07-08 00:00:00-04:00,6.929999828338623,7.074999809265137,6.78000020980835,7.0,2323700,0.0,0.0
2022-07-11 00:00:00-04:00,6.909999847412109,7.019999980926514,6.739999771118164,6.760000228881836,1218600,0.0,0.0
2022-07-12 00:00:00-04:00,6.71999979019165,6.940000057220459,6.71999979019165,6.789999961853027,1815600,0.0,0.0
2022-07-13 00:00:00-04:00,6.239999771118164,6.510000228881836,6.059999942779541,6.46999979019165,2407600,0.0,0.0
2022-07-14 00:00:00-04:00,6.349999904632568,6.40500020980835,6.230000019073486,6.360000133514404,2172400,0.0,0.0
2022-07-15 00:00:00-04:00,6.46999979019165,6.46999979019165,6.329999923706055,6.460000038146973,2030000,0.0,0.0
2022-07-18 00:00:00-04:00,6.590000152587891,6.679999828338623,6.445000171661377,6.5,3133800,0.0,0.0
2022-07-19 00:00:00-04:00,6.639999866485596,7.329999923706055,6.570000171661377,7.28000020980835,3218800,0.0,0.0
2022-07-20 00:00:00-04:00,7.239999771118164,7.40500020980835,7.110000133514404,7.380000114440918,2134700,0.0,0.0
2022-07-21 00:00:00-04:00,7.380000114440918,7.639999866485596,7.360000133514404,7.619999885559082,3298700,0.0,0.0
2022-07-22 00:00:00-04:00,7.599999904632568,7.659999847412109,7.369999885559082,7.389999866485596,1148100,0.0,0.0
2022-07-25 00:00:00-04:00,7.449999809265137,7.525000095367432,7.289999961853027,7.369999885559082,1555100,0.0,0.0
2022-07-26 00:00:00-04:00,7.360000133514404,7.454999923706055,7.349999904632568,7.369999885559082,1276600,0.0,0.0
2022-07-27 00:00:00-04:00,7.369999885559082,7.619999885559082,7.360000133514404,7.610000133514404,1183200,0.0,0.0
2022-07-28 00:00:00-04:00,7.550000190734863,7.869999885559082,7.539999961853027,7.659999847412109,1256500,0.0,0.0
2022-07-29 00:00:00-04:00,7.690000057220459,7.760000228881836,7.590000152587891,7.699999809265137,1934800,0.0,0.0
2022-08-01 00:00:00-04:00,7.619999885559082,7.760000228881836,7.505000114440918,7.730000019073486,3123000,0.0,0.0
2022-08-02 00:00:00-04:00,7.730000019073486,7.840000152587891,7.550000190734863,7.670000076293945,2350800,0.0,0.0
2022-08-03 00:00:00-04:00,7.710000038146973,7.789999961853027,7.619999885559082,7.760000228881836,4015100,0.0,0.0
2022-08-04 00:00:00-04:00,7.789999961853027,7.864999771118164,7.65500020980835,7.670000076293945,2660700,0.0,0.0
2022-08-05 00:00:00-04:00,7.449999809265137,7.460000038146973,6.800000190734863,6.960000038146973,3858300,0.0,0.0
2022-08-08 00:00:00-04:00,6.96999979019165,7.010000228881836,6.639999866485596,6.670000076293945,3839600,0.0,0.0
2022-08-09 00:00:00-04:00,6.619999885559082,6.659999847412109,6.335000038146973,6.550000190734863,4224900,0.0,0.0
2022-08-10 00:00:00-04:00,6.699999809265137,6.894999980926514,6.697000026702881,6.78000020980835,2559200,0.0,0.0
2022-08-11 00:00:00-04:00,6.829999923706055,6.958000183105469,6.764999866485596,6.920000076293945,1608000,0.0,0.0
2022-08-12 00:00:00-04:00,7.0,7.130000114440918,6.945000171661377,7.090000152587891,1987600,0.0,0.0
2022-08-15 00:00:00-04:00,7.0,7.019999980926514,6.820000171661377,6.869999885559082,1750200,0.0,0.0
2022-08-16 00:00:00-04:00,6.809999942779541,7.309999942779541,6.809999942779541,7.159999847412109,2315800,0.0,0.0
2022-08-17 00:00:00-04:00,7.019999980926514,7.079999923706055,6.889999866485596,7.0,1251800,0.0,0.0
2022-08-18 00:00:00-04:00,7.0,7.269999980926514,7.0,7.269999980926514,1803300,0.0,0.0
2022-08-19 00:00:00-04:00,7.190000057220459,7.21999979019165,6.820000171661377,6.849999904632568,2340500,0.0,0.0
2022-08-22 00:00:00-04:00,6.730000019073486,6.775000095367432,6.619999885559082,6.630000114440918,1421900,0.0,0.0
2022-08-23 00:00:00-04:00,6.599999904632568,6.744999885559082,6.525000095367432,6.559999942779541,1159900,0.0,0.0
2022-08-24 00:00:00-04:00,6.519999980926514,6.630000114440918,6.485000133514404,6.53000020980835,1015500,0.0,0.0
2022-08-25 00:00:00-04:00,6.570000171661377,6.690000057220459,6.454999923706055,6.550000190734863,2340100,0.0,0.0
2022-08-26 00:00:00-04:00,6.539999961853027,6.619999885559082,6.210000038146973,6.309999942779541,2137200,0.0,0.0
2022-08-29 00:00:00-04:00,6.260000228881836,6.289999961853027,6.159999847412109,6.28000020980835,1170400,0.0,0.0
2022-08-30 00:00:00-04:00,6.329999923706055,6.329999923706055,6.090000152587891,6.119999885559082,2234200,0.0,0.0
2022-08-31 00:00:00-04:00,6.139999866485596,6.1570000648498535,5.880000114440918,5.880000114440918,1682300,0.0,0.0
2022-09-01 00:00:00-04:00,5.789999961853027,5.869999885559082,5.610000133514404,5.659999847412109,3153400,0.0,0.0
2022-09-02 00:00:00-04:00,5.760000228881836,5.860000133514404,5.630000114440918,5.710000038146973,2366200,0.0,0.0
2022-09-06 00:00:00-04:00,5.730000019073486,5.809999942779541,5.534999847412109,5.579999923706055,1408100,0.0,0.0
2022-09-07 00:00:00-04:00,5.559999942779541,5.784999847412109,5.519999980926514,5.769999980926514,1595400,0.0,0.0
2022-09-08 00:00:00-04:00,5.679999828338623,5.840000152587891,5.579999923706055,5.840000152587891,2533800,0.0,0.0
2022-09-09 00:00:00-04:00,5.920000076293945,6.0,5.860000133514404,5.920000076293945,2243400,0.0,0.0
2022-09-12 00:00:00-04:00,5.980000019073486,6.179999828338623,5.980000019073486,6.110000133514404,1668100,0.0,0.0
2022-09-13 00:00:00-04:00,5.949999809265137,5.989999771118164,5.769999980926514,5.829999923706055,2636700,0.0,0.0
2022-09-14 00:00:00-04:00,5.820000171661377,5.820000171661377,5.400000095367432,5.480000019073486,2848800,0.0,0.0
2022-09-15 00:00:00-04:00,5.449999809265137,5.619999885559082,5.425000190734863,5.440000057220459,2105700,0.0,0.0
2022-09-16 00:00:00-04:00,5.320000171661377,5.329999923706055,5.164999961853027,5.300000190734863,4220600,0.0,0.0
2022-09-19 00:00:00-04:00,4.900000095367432,4.980000019073486,4.739999771118164,4.849999904632568,4156700,0.0,0.0
2022-09-20 00:00:00-04:00,4.760000228881836,4.800000190734863,4.521999835968018,4.610000133514404,2988300,0.0,0.0
2022-09-21 00:00:00-04:00,4.610000133514404,4.804999828338623,4.559999942779541,4.639999866485596,3035300,0.0,0.0
2022-09-22 00:00:00-04:00,4.599999904632568,4.739999771118164,4.590000152587891,4.650000095367432,4099600,0.0,0.0
2022-09-23 00:00:00-04:00,4.559999942779541,4.559999942779541,4.289999961853027,4.400000095367432,2293600,0.0,0.0
2022-09-26 00:00:00-04:00,4.360000133514404,4.539999961853027,4.349999904632568,4.380000114440918,1651100,0.0,0.0
2022-09-27 00:00:00-04:00,4.420000076293945,4.440000057220459,4.215000152587891,4.289999961853027,1706700,0.0,0.0
2022-09-28 00:00:00-04:00,4.289999961853027,4.335000038146973,4.224999904632568,4.28000020980835,2529300,0.0,0.0
2022-09-29 00:00:00-04:00,4.190000057220459,4.360000133514404,4.070000171661377,4.349999904632568,2486300,0.0,0.0
2022-09-30 00:00:00-04:00,4.329999923706055,4.420000076293945,4.289999961853027,4.309999942779541,2028000,0.0,0.0
2022-10-03 00:00:00-04:00,4.400000095367432,4.630000114440918,4.349999904632568,4.570000171661377,2201100,0.0,0.0
2022-10-04 00:00:00-04:00,4.659999847412109,4.715000152587891,4.460000038146973,4.5,2900700,0.0,0.0
2022-10-05 00:00:00-04:00,4.400000095367432,4.510000228881836,4.289999961853027,4.309999942779541,2196800,0.0,0.0
2022-10-06 00:00:00-04:00,4.28000020980835,4.315000057220459,4.139999866485596,4.21999979019165,4068300,0.0,0.0
2022-10-07 00:00:00-04:00,4.170000076293945,4.26800012588501,4.1620001792907715,4.230000019073486,2542300,0.0,0.0
2022-10-10 00:00:00-04:00,4.235000133514404,4.315000057220459,4.175000190734863,4.230000019073486,1900200,0.0,0.0
2022-10-11 00:00:00-04:00,4.199999809265137,4.329999923706055,4.139999866485596,4.269999980926514,1660200,0.0,0.0
2022-10-12 00:00:00-04:00,4.260000228881836,4.460000038146973,4.204999923706055,4.460000038146973,1989400,0.0,0.0
2022-10-13 00:00:00-04:00,4.329999923706055,4.510000228881836,4.204999923706055,4.420000076293945,2530900,0.0,0.0
2022-10-14 00:00:00-04:00,4.420000076293945,4.440000057220459,4.335000038146973,4.420000076293945,1391000,0.0,0.0
2022-10-17 00:00:00-04:00,4.519999980926514,4.815000057220459,4.510000228881836,4.730000019073486,2386800,0.0,0.0
2022-10-18 00:00:00-04:00,4.849999904632568,5.014999866485596,4.769999980926514,4.849999904632568,2324800,0.0,0.0
2022-10-19 00:00:00-04:00,4.800000190734863,4.829999923706055,4.71999979019165,4.75,1399200,0.0,0.0
2022-10-20 00:00:00-04:00,4.760000228881836,5.039999961853027,4.739999771118164,5.03000020980835,2362100,0.0,0.0
2022-10-21 00:00:00-04:00,5.070000171661377,5.15500020980835,5.010000228881836,5.110000133514404,1819200,0.0,0.0
2022-10-24 00:00:00-04:00,5.119999885559082,5.164999961853027,5.014999866485596,5.070000171661377,1882700,0.0,0.0
2022-10-25 00:00:00-04:00,5.070000171661377,5.269999980926514,5.0,5.260000228881836,2608100,0.0,0.0
2022-10-26 00:00:00-04:00,5.25,5.375999927520752,5.179999828338623,5.199999809265137,1209200,0.0,0.0
2022-10-27 00:00:00-04:00,5.269999980926514,5.335000038146973,5.09499979019165,5.119999885559082,1667100,0.0,0.0
2022-10-28 00:00:00-04:00,5.139999866485596,5.159999847412109,5.034999847412109,5.070000171661377,1524700,0.0,0.0
2022-10-31 00:00:00-04:00,5.050000190734863,5.139999866485596,4.985000133514404,5.090000152587891,1472700,0.0,0.0
2022-11-01 00:00:00-04:00,5.190000057220459,5.269999980926514,5.150000095367432,5.190000057220459,1346400,0.0,0.0
2022-11-02 00:00:00-04:00,5.179999828338623,5.195000171661377,4.880000114440918,4.880000114440918,1646700,0.0,0.0
2022-11-03 00:00:00-04:00,4.800000190734863,4.889999866485596,4.739999771118164,4.849999904632568,1262300,0.0,0.0
2022-11-04 00:00:00-04:00,4.710000038146973,4.8979997634887695,4.559999942779541,4.610000133514404,1754100,0.0,0.0
2022-11-07 00:00:00-05:00,4.599999904632568,4.889999866485596,4.570000171661377,4.699999809265137,2818200,0.0,0.0
2022-11-08 00:00:00-05:00,4.659999847412109,4.729000091552734,4.429999828338623,4.460000038146973,2233100,0.0,0.0
2022-11-09 00:00:00-05:00,4.400000095367432,4.46999979019165,4.269999980926514,4.340000152587891,3383400,0.0,0.0
2022-11-10 00:00:00-05:00,4.519999980926514,4.857999801635742,4.519999980926514,4.75,2614700,0.0,0.0
2022-11-11 00:00:00-05:00,4.75,4.929999828338623,4.75,4.809999942779541,3175700,0.0,0.0
2022-11-14 00:00:00-05:00,4.809999942779541,4.980000019073486,4.75,4.78000020980835,2375800,0.0,0.0
2022-11-15 00:00:00-05:00,4.889999866485596,5.014999866485596,4.670000076293945,4.699999809265137,2251700,0.0,0.0
2022-11-16 00:00:00-05:00,4.679999828338623,4.699999809265137,4.389999866485596,4.400000095367432,1887100,0.0,0.0
2022-11-17 00:00:00-05:00,4.320000171661377,4.349999904632568,4.170000076293945,4.210000038146973,2442800,0.0,0.0
2022-11-18 00:00:00-05:00,4.309999942779541,4.465000152587891,4.139999866485596,4.21999979019165,3559900,0.0,0.0
2022-11-21 00:00:00-05:00,4.599999904632568,5.550000190734863,4.599999904632568,5.539999961853027,7614000,0.0,0.0
2022-11-22 00:00:00-05:00,5.559999942779541,5.644999980926514,5.329999923706055,5.510000228881836,3269100,0.0,0.0
2022-11-23 00:00:00-05:00,5.489999771118164,5.579999923706055,5.355000019073486,5.489999771118164,1895700,0.0,0.0
2022-11-25 00:00:00-05:00,5.5,5.525000095367432,5.320000171661377,5.360000133514404,840100,0.0,0.0
2022-11-28 00:00:00-05:00,5.300000190734863,5.309999942779541,5.050000190734863,5.070000171661377,1859500,0.0,0.0
2022-11-29 00:00:00-05:00,5.099999904632568,5.239999771118164,5.090000152587891,5.170000076293945,1359100,0.0,0.0
2022-11-30 00:00:00-05:00,5.179999828338623,5.420000076293945,5.0,5.400000095367432,2544200,0.0,0.0
2022-12-01 00:00:00-05:00,5.409999847412109,5.510000228881836,5.320000171661377,5.420000076293945,1803800,0.0,0.0
2022-12-02 00:00:00-05:00,5.320000171661377,5.369999885559082,5.179999828338623,5.21999979019165,981500,0.0,0.0
2022-12-05 00:00:00-05:00,5.21999979019165,5.260000228881836,5.099999904632568,5.239999771118164,1772400,0.0,0.0
2022-12-06 00:00:00-05:00,5.244999885559082,5.489999771118164,5.244999885559082,5.46999979019165,2032600,0.0,0.0
2022-12-07 00:00:00-05:00,5.449999809265137,5.454999923706055,5.110000133514404,5.110000133514404,1758000,0.0,0.0
2022-12-08 00:00:00-05:00,5.150000095367432,5.309999942779541,5.150000095367432,5.190000057220459,1171200,0.0,0.0
2022-12-09 00:00:00-05:00,5.139999866485596,5.230000019073486,5.070000171661377,5.070000171661377,850300,0.0,0.0
2022-12-12 00:00:00-05:00,5.070000171661377,5.110000133514404,4.914999961853027,5.099999904632568,1235100,0.0,0.0
2022-12-13 00:00:00-05:00,5.25,5.460000038146973,5.159999847412109,5.199999809265137,3276500,0.0,0.0
2022-12-14 00:00:00-05:00,5.179999828338623,5.204999923706055,4.980000019073486,5.019999980926514,1618000,0.0,0.0
2022-12-15 00:00:00-05:00,4.909999847412109,5.03000020980835,4.860000133514404,4.949999809265137,1645200,0.0,0.0
2022-12-16 00:00:00-05:00,4.860000133514404,4.949999809265137,4.800000190734863,4.920000076293945,2696400,0.0,0.0
2022-12-19 00:00:00-05:00,4.920000076293945,4.960000038146973,4.579999923706055,4.71999979019165,1605400,0.0,0.0
2022-12-20 00:00:00-05:00,4.710000038146973,4.75,4.679999828338623,4.699999809265137,1100600,0.0,0.0
2022-12-21 00:00:00-05:00,4.769999980926514,4.849999904632568,4.695000171661377,4.789999961853027,1178100,0.0,0.0
2022-12-22 00:00:00-05:00,4.769999980926514,4.829999923706055,4.59499979019165,4.820000171661377,1589300,0.0,0.0
2022-12-23 00:00:00-05:00,4.769999980926514,4.849999904632568,4.690000057220459,4.710000038146973,833600,0.0,0.0
2022-12-27 00:00:00-05:00,4.710000038146973,4.835000038146973,4.659999847412109,4.78000020980835,969100,0.0,0.0
2022-12-28 00:00:00-05:00,4.769999980926514,4.829999923706055,4.550000190734863,4.699999809265137,2413300,0.0,0.0
2022-12-29 00:00:00-05:00,4.760000228881836,4.840000152587891,4.639999866485596,4.679999828338623,1171200,0.0,0.0
2022-12-30 00:00:00-05:00,4.610000133514404,4.78000020980835,4.574999809265137,4.760000228881836,938600,0.0,0.0
2023-01-03 00:00:00-05:00,4.829999923706055,5.034999847412109,4.755000114440918,4.909999847412109,1634200,0.0,0.0
2023-01-04 00:00:00-05:00,5.0,5.090000152587891,4.900000095367432,5.070000171661377,1531000,0.0,0.0
2023-01-05 00:00:00-05:00,5.039999961853027,5.150000095367432,4.864999771118164,5.079999923706055,1527100,0.0,0.0
2023-01-06 00:00:00-05:00,5.139999866485596,5.389999866485596,5.050000190734863,5.360000133514404,1326900,0.0,0.0
2023-01-09 00:00:00-05:00,5.429999828338623,5.460000038146973,5.315000057220459,5.369999885559082,1150600,0.0,0.0
2023-01-10 00:00:00-05:00,5.389999866485596,5.510000228881836,5.375,5.5,1038100,0.0,0.0
2023-01-11 00:00:00-05:00,5.550000190734863,5.630000114440918,5.409999847412109,5.46999979019165,1120200,0.0,0.0
2023-01-12 00:00:00-05:00,5.519999980926514,5.684999942779541,5.445000171661377,5.670000076293945,939900,0.0,0.0
2023-01-13 00:00:00-05:00,5.599999904632568,5.730000019073486,5.585000038146973,5.690000057220459,1149100,0.0,0.0
2023-01-17 00:00:00-05:00,5.739999771118164,5.760000228881836,5.644999980926514,5.670000076293945,1042000,0.0,0.0
2023-01-18 00:00:00-05:00,5.730000019073486,5.769999980926514,5.690000057220459,5.71999979019165,1118200,0.0,0.0
2023-01-19 00:00:00-05:00,5.679999828338623,5.690000057220459,5.519999980926514,5.659999847412109,1491300,0.0,0.0
2023-01-20 00:00:00-05:00,5.710000038146973,5.710000038146973,5.574999809265137,5.699999809265137,1172500,0.0,0.0
2023-01-23 00:00:00-05:00,5.730000019073486,6.010000228881836,5.65500020980835,6.0,1312000,0.0,0.0
2023-01-24 00:00:00-05:00,6.019999980926514,6.019999980926514,5.840000152587891,5.860000133514404,695300,0.0,0.0
2023-01-25 00:00:00-05:00,5.769999980926514,6.03000020980835,5.755000114440918,5.989999771118164,2142600,0.0,0.0
2023-01-26 00:00:00-05:00,6.010000228881836,6.039999961853027,5.710000038146973,5.949999809265137,2928500,0.0,0.0
2023-01-27 00:00:00-05:00,5.909999847412109,6.420000076293945,5.909999847412109,6.360000133514404,2395900,0.0,0.0
2023-01-30 00:00:00-05:00,6.269999980926514,6.284999847412109,6.114999771118164,6.150000095367432,2075300,0.0,0.0
2023-01-31 00:00:00-05:00,6.130000114440918,6.550000190734863,6.127999782562256,6.539999961853027,2743000,0.0,0.0
2023-02-01 00:00:00-05:00,6.5,6.625,6.244999885559082,6.570000171661377,1822200,0.0,0.0
2023-02-02 00:00:00-05:00,6.599999904632568,6.739999771118164,6.460000038146973,6.590000152587891,2097800,0.0,0.0
2023-02-03 00:00:00-05:00,5.940000057220459,5.96999979019165,5.414999961853027,5.579999923706055,5094200,0.0,0.0
2023-02-06 00:00:00-05:00,5.489999771118164,5.710000038146973,5.489999771118164,5.519999980926514,2158100,0.0,0.0
2023-02-07 00:00:00-05:00,5.440000057220459,5.675000190734863,5.434999942779541,5.559999942779541,1607100,0.0,0.0
2023-02-08 00:00:00-05:00,5.5,5.565000057220459,5.340000152587891,5.409999847412109,1272800,0.0,0.0
2023-02-09 00:00:00-05:00,5.46999979019165,5.539999961853027,5.269999980926514,5.269999980926514,925600,0.0,0.0
2023-02-10 00:00:00-05:00,5.230000019073486,5.360000133514404,5.150000095367432,5.329999923706055,1189200,0.0,0.0
2023-02-13 00:00:00-05:00,5.300000190734863,5.418000221252441,5.269999980926514,5.389999866485596,765400,0.0,0.0
2023-02-14 00:00:00-05:00,5.329999923706055,5.53000020980835,5.269999980926514,5.5,984800,0.0,0.0
2023-02-15 00:00:00-05:00,5.420000076293945,5.610000133514404,5.389999866485596,5.599999904632568,1104000,0.0,0.0
2023-02-16 00:00:00-05:00,5.53000020980835,5.565000057220459,5.454999923706055,5.5,1437100,0.0,0.0
2023-02-17 00:00:00-05:00,5.610000133514404,5.71999979019165,5.510000228881836,5.699999809265137,1692700,0.0,0.0
2023-02-21 00:00:00-05:00,5.599999904632568,5.639999866485596,5.5,5.519999980926514,2305000,0.0,0.0
2023-02-22 00:00:00-05:00,5.5,5.650000095367432,5.489999771118164,5.590000152587891,1836400,0.0,0.0
2023-02-23 00:00:00-05:00,5.639999866485596,5.699999809265137,5.5,5.610000133514404,1329800,0.0,0.0
2023-02-24 00:00:00-05:00,5.5,5.610000133514404,5.340000152587891,5.599999904632568,1511100,0.0,0.0
2023-02-27 00:00:00-05:00,5.659999847412109,5.730000019073486,5.599999904632568,5.690000057220459,1183400,0.0,0.0
2023-02-28 00:00:00-05:00,5.670000076293945,5.75,5.550000190734863,5.650000095367432,1795100,0.0,0.0
2023-03-01 00:00:00-05:00,5.679999828338623,5.809999942779541,5.519999980926514,5.590000152587891,2112200,0.0,0.0
2023-03-02 00:00:00-05:00,5.53000020980835,5.769999980926514,5.5,5.739999771118164,983600,0.0,0.0
2023-03-03 00:00:00-05:00,5.800000190734863,5.820000171661377,5.690000057220459,5.78000020980835,1651300,0.0,0.0
2023-03-06 00:00:00-05:00,5.78000020980835,5.78000020980835,5.514999866485596,5.570000171661377,1334500,0.0,0.0
2023-03-07 00:00:00-05:00,5.574999809265137,5.590000152587891,5.420000076293945,5.510000228881836,1722000,0.0,0.0
2023-03-08 00:00:00-05:00,5.510000228881836,5.585000038146973,5.434999942779541,5.53000020980835,1049200,0.0,0.0
2023-03-09 00:00:00-05:00,5.53000020980835,5.590000152587891,5.489999771118164,5.5,1410800,0.0,0.0
2023-03-10 00:00:00-05:00,5.480000019073486,5.519999980926514,5.244999885559082,5.289999961853027,1520300,0.0,0.0
2023-03-13 00:00:00-04:00,5.179999828338623,5.260000228881836,5.039999961853027,5.070000171661377,2159100,0.0,0.0
2023-03-14 00:00:00-04:00,5.239999771118164,5.355000019073486,5.079999923706055,5.110000133514404,2658500,0.0,0.0
2023-03-15 00:00:00-04:00,4.929999828338623,4.929999828338623,4.565000057220459,4.829999923706055,2388500,0.0,0.0
2023-03-16 00:00:00-04:00,4.730000019073486,4.789999961853027,4.550000190734863,4.78000020980835,1302000,0.0,0.0
2023-03-17 00:00:00-04:00,4.760000228881836,4.760000228881836,4.480000019073486,4.510000228881836,3113600,0.0,0.0
2023-03-20 00:00:00-04:00,4.539999961853027,4.715000152587891,4.510000228881836,4.550000190734863,1627300,0.0,0.0
2023-03-21 00:00:00-04:00,4.610000133514404,4.724999904632568,4.579999923706055,4.590000152587891,956000,0.0,0.0
2023-03-22 00:00:00-04:00,4.574999809265137,4.630000114440918,4.449999809265137,4.46999979019165,1535100,0.0,0.0
2023-03-23 00:00:00-04:00,4.480000019073486,4.559999942779541,4.335000038146973,4.400000095367432,1685100,0.0,0.0
2023-03-24 00:00:00-04:00,4.340000152587891,4.340000152587891,4.179999828338623,4.260000228881836,1576200,0.0,0.0
2023-03-27 00:00:00-04:00,4.320000171661377,4.570000171661377,4.300000190734863,4.550000190734863,1761100,0.0,0.0
2023-03-28 00:00:00-04:00,4.670000076293945,4.670000076293945,4.519999980926514,4.619999885559082,1242000,0.0,0.0
2023-03-29 00:00:00-04:00,4.690000057220459,4.710000038146973,4.625,4.670000076293945,929200,0.0,0.0
2023-03-30 00:00:00-04:00,4.71999979019165,4.860000133514404,4.679999828338623,4.829999923706055,996400,0.0,0.0
2023-03-31 00:00:00-04:00,4.829999923706055,4.929999828338623,4.760000228881836,4.860000133514404,1423200,0.0,0.0
2023-04-03 00:00:00-04:00,4.880000114440918,4.929999828338623,4.760000228881836,4.909999847412109,1340900,0.0,0.0
2023-04-04 00:00:00-04:00,4.940000057220459,4.954999923706055,4.570000171661377,4.659999847412109,1121800,0.0,0.0
2023-04-05 00:00:00-04:00,4.619999885559082,4.644999980926514,4.460000038146973,4.610000133514404,1208500,0.0,0.0
2023-04-06 00:00:00-04:00,4.670000076293945,4.670000076293945,4.53000020980835,4.630000114440918,1799100,0.0,0.0
2023-04-10 00:00:00-04:00,4.599999904632568,4.800000190734863,4.550000190734863,4.760000228881836,1148600,0.0,0.0
2023-04-11 00:00:00-04:00,4.789999961853027,5.005000114440918,4.734000205993652,4.949999809265137,1573400,0.0,0.0
2023-04-12 00:00:00-04:00,5.019999980926514,5.159999847412109,4.949999809265137,5.130000114440918,2898100,0.0,0.0
2023-04-13 00:00:00-04:00,5.150000095367432,5.150000095367432,5.070000171661377,5.119999885559082,923200,0.0,0.0
2023-04-14 00:00:00-04:00,5.179999828338623,5.21999979019165,4.994999885559082,5.059999942779541,1090000,0.0,0.0
2023-04-17 00:00:00-04:00,5.070000171661377,5.170000076293945,5.010000228881836,5.070000171661377,920300,0.0,0.0
2023-04-18 00:00:00-04:00,5.110000133514404,5.119999885559082,4.960000038146973,5.03000020980835,859900,0.0,0.0
2023-04-19 00:00:00-04:00,4.96999979019165,5.070000171661377,4.900000095367432,5.019999980926514,1188200,0.0,0.0
2023-04-20 00:00:00-04:00,5.010000228881836,5.074999809265137,4.869999885559082,4.880000114440918,1063300,0.0,0.0
2023-04-21 00:00:00-04:00,4.880000114440918,4.945000171661377,4.730000019073486,4.829999923706055,1072200,0.0,0.0
2023-04-24 00:00:00-04:00,4.789999961853027,4.789999961853027,4.635000228881836,4.71999979019165,837900,0.0,0.0
2023-04-25 00:00:00-04:00,4.650000095367432,4.71999979019165,4.59499979019165,4.650000095367432,1084900,0.0,0.0
2023-04-26 00:00:00-04:00,4.590000152587891,4.650000095367432,4.539999961853027,4.550000190734863,767600,0.0,0.0
2023-04-27 00:00:00-04:00,4.559999942779541,4.739999771118164,4.559999942779541,4.730000019073486,1094500,0.0,0.0
2023-04-28 00:00:00-04:00,4.599999904632568,4.75,4.215000152587891,4.710000038146973,2632100,0.0,0.0
2023-05-01 00:00:00-04:00,4.659999847412109,4.659999847412109,4.050000190734863,4.260000228881836,2846900,0.0,0.0
2023-05-02 00:00:00-04:00,4.210000038146973,4.269999980926514,3.9149999618530273,3.9200000762939453,2146200,0.0,0.0
2023-05-03 00:00:00-04:00,3.9000000953674316,4.110000133514404,3.75,4.070000171661377,5085300,0.0,0.0
2023-05-04 00:00:00-04:00,4.010000228881836,4.295000076293945,3.950000047683716,4.210000038146973,2955500,0.0,0.0
2023-05-05 00:00:00-04:00,4.309999942779541,4.360000133514404,4.210000038146973,4.269999980926514,1281800,0.0,0.0
2023-05-08 00:00:00-04:00,4.289999961853027,4.340000152587891,4.119999885559082,4.159999847412109,1005800,0.0,0.0
2023-05-09 00:00:00-04:00,4.119999885559082,4.210000038146973,4.019999980926514,4.150000095367432,870400,0.0,0.0
2023-05-10 00:00:00-04:00,4.269999980926514,4.281000137329102,4.114999771118164,4.179999828338623,1686900,0.0,0.0
2023-05-11 00:00:00-04:00,4.110000133514404,4.159999847412109,4.079999923706055,4.159999847412109,688300,0.0,0.0
2023-05-12 00:00:00-04:00,4.150000095367432,4.224999904632568,4.139999866485596,4.170000076293945,1233700,0.0,0.0
2023-05-15 00:00:00-04:00,4.199999809265137,4.385000228881836,4.170000076293945,4.349999904632568,916200,0.0,0.0
2023-05-16 00:00:00-04:00,4.320000171661377,4.340000152587891,4.210000038146973,4.289999961853027,1440500,0.0,0.0
2023-05-17 00:00:00-04:00,4.309999942779541,4.480000019073486,4.28000020980835,4.449999809265137,1181100,0.0,0.0
2023-05-18 00:00:00-04:00,4.420000076293945,4.579999923706055,4.369999885559082,4.570000171661377,2068000,0.0,0.0
2023-05-19 00:00:00-04:00,4.630000114440918,4.630000114440918,4.460000038146973,4.5,1537300,0.0,0.0
2023-05-22 00:00:00-04:00,4.539999961853027,4.599999904632568,4.449999809265137,4.570000171661377,1053600,0.0,0.0
2023-05-23 00:00:00-04:00,4.489999771118164,4.659999847412109,4.421000003814697,4.630000114440918,1171600,0.0,0.0
2023-05-24 00:00:00-04:00,4.610000133514404,4.610000133514404,4.21999979019165,4.300000190734863,1925000,0.0,0.0
2023-05-25 00:00:00-04:00,4.25,4.400000095367432,4.195000171661377,4.340000152587891,1236400,0.0,0.0
2023-05-26 00:00:00-04:00,4.300000190734863,4.474999904632568,4.300000190734863,4.460000038146973,1674600,0.0,0.0
2023-05-30 00:00:00-04:00,4.489999771118164,4.539999961853027,4.269999980926514,4.420000076293945,1152200,0.0,0.0
2023-05-31 00:00:00-04:00,4.400000095367432,4.434999942779541,4.210000038146973,4.289999961853027,2129700,0.0,0.0
2023-06-01 00:00:00-04:00,4.28000020980835,4.550000190734863,4.25,4.480000019073486,1694800,0.0,0.0
2023-06-02 00:00:00-04:00,4.619999885559082,4.775000095367432,4.53000020980835,4.760000228881836,1126800,0.0,0.0
2023-06-05 00:00:00-04:00,4.699999809265137,4.71999979019165,4.420000076293945,4.429999828338623,1660000,0.0,0.0
2023-06-06 00:00:00-04:00,4.449999809265137,4.75,4.369999885559082,4.699999809265137,1392000,0.0,0.0
2023-06-07 00:00:00-04:00,4.75,4.96999979019165,4.75,4.960000038146973,1893400,0.0,0.0
2023-06-08 00:00:00-04:00,4.920000076293945,4.949999809265137,4.59499979019165,4.739999771118164,1078800,0.0,0.0
2023-06-09 00:00:00-04:00,4.739999771118164,4.78000020980835,4.675000190734863,4.730000019073486,830100,0.0,0.0
2023-06-12 00:00:00-04:00,4.71999979019165,4.829999923706055,4.644999980926514,4.809999942779541,1019200,0.0,0.0
2023-06-13 00:00:00-04:00,4.829999923706055,5.054999828338623,4.824999809265137,4.900000095367432,1254400,0.0,0.0
2023-06-14 00:00:00-04:00,4.96999979019165,5.010000228881836,4.880000114440918,4.940000057220459,1187600,0.0,0.0
2023-06-15 00:00:00-04:00,4.889999866485596,5.019999980926514,4.869999885559082,4.96999979019165,970100,0.0,0.0
2023-06-16 00:00:00-04:00,5.050000190734863,5.050000190734863,4.849999904632568,5.0,2355300,0.0,0.0
2023-06-20 00:00:00-04:00,5.0,5.070000171661377,4.829999923706055,5.03000020980835,1663100,0.0,0.0
2023-06-21 00:00:00-04:00,4.980000019073486,5.0,4.880000114440918,4.949999809265137,1018100,0.0,0.0
2023-06-22 00:00:00-04:00,4.920000076293945,4.980000019073486,4.84499979019165,4.949999809265137,879300,0.0,0.0
2023-06-23 00:00:00-04:00,4.829999923706055,4.900000095367432,4.619999885559082,4.659999847412109,3601600,0.0,0.0
2023-06-26 00:00:00-04:00,4.630000114440918,4.789999961853027,4.619999885559082,4.769999980926514,987400,0.0,0.0
2023-06-27 00:00:00-04:00,4.809999942779541,5.050000190734863,4.78000020980835,5.03000020980835,598100,0.0,0.0
2023-06-28 00:00:00-04:00,5.050000190734863,5.050000190734863,4.869999885559082,4.920000076293945,655000,0.0,0.0
2023-06-29 00:00:00-04:00,4.900000095367432,5.03000020980835,4.900000095367432,5.0,935700,0.0,0.0
2023-06-30 00:00:00-04:00,5.090000152587891,5.090000152587891,4.96999979019165,5.039999961853027,638800,0.0,0.0
2023-07-03 00:00:00-04:00,5.03000020980835,5.190000057220459,5.03000020980835,5.099999904632568,457700,0.0,0.0
2023-07-05 00:00:00-04:00,5.039999961853027,5.050000190734863,4.840000152587891,4.849999904632568,1093900,0.0,0.0
2023-07-06 00:00:00-04:00,4.75,4.75,4.550000190734863,4.590000152587891,835100,0.0,0.0
2023-07-07 00:00:00-04:00,4.579999923706055,4.71999979019165,4.53000020980835,4.53000020980835,2438300,0.0,0.0
2023-07-10 00:00:00-04:00,4.5,4.650000095367432,4.139999866485596,4.170000076293945,5363400,0.0,0.0
2023-07-11 00:00:00-04:00,4.239999771118164,4.64900016784668,4.21999979019165,4.610000133514404,3795200,0.0,0.0
2023-07-12 00:00:00-04:00,4.760000228881836,4.909999847412109,4.704999923706055,4.75,1897500,0.0,0.0
2023-07-13 00:00:00-04:00,4.769999980926514,4.815000057220459,4.710000038146973,4.71999979019165,2122900,0.0,0.0
2023-07-14 00:00:00-04:00,4.739999771118164,4.849999904632568,4.65500020980835,4.78000020980835,2337800,0.0,0.0
2023-07-17 00:00:00-04:00,4.75,4.820000171661377,4.679999828338623,4.699999809265137,1191200,0.0,0.0
2023-07-18 00:00:00-04:00,4.659999847412109,4.900000095367432,4.659999847412109,4.900000095367432,1562300,0.0,0.0
2023-07-19 00:00:00-04:00,4.940000057220459,4.980000019073486,4.815000057220459,4.900000095367432,968300,0.0,0.0
2023-07-20 00:00:00-04:00,4.929999828338623,4.929999828338623,4.755000114440918,4.789999961853027,619000,0.0,0.0
2023-07-21 00:00:00-04:00,4.820000171661377,4.820000171661377,4.724999904632568,4.789999961853027,608200,0.0,0.0
2023-07-24 00:00:00-04:00,4.760000228881836,4.96999979019165,4.755000114440918,4.949999809265137,535000,0.0,0.0
2023-07-25 00:00:00-04:00,4.949999809265137,5.010000228881836,4.909999847412109,4.989999771118164,638700,0.0,0.0
2023-07-26 00:00:00-04:00,4.980000019073486,5.074999809265137,4.980000019073486,5.070000171661377,553000,0.0,0.0
2023-07-27 00:00:00-04:00,5.119999885559082,5.119999885559082,5.0,5.03000020980835,657900,0.0,0.0
2023-07-28 00:00:00-04:00,5.119999885559082,5.130000114440918,4.96999979019165,5.019999980926514,608300,0.0,0.0
2023-07-31 00:00:00-04:00,5.050000190734863,5.315000057220459,5.050000190734863,5.28000020980835,820400,0.0,0.0
2023-08-01 00:00:00-04:00,5.21999979019165,5.289999961853027,5.159999847412109,5.289999961853027,943900,0.0,0.0
2023-08-02 00:00:00-04:00,5.210000038146973,5.235000133514404,5.150000095367432,5.190000057220459,793300,0.0,0.0
2023-08-03 00:00:00-04:00,5.159999847412109,5.260000228881836,5.059999942779541,5.230000019073486,1245700,0.0,0.0
2023-08-04 00:00:00-04:00,4.880000114440918,4.880000114440918,3.9200000762939453,4.050000190734863,4510200,0.0,0.0
2023-08-07 00:00:00-04:00,4.0,4.099999904632568,3.75,4.090000152587891,2989500,0.0,0.0
2023-08-08 00:00:00-04:00,4.010000228881836,4.300000190734863,3.8499999046325684,4.289999961853027,2654400,0.0,0.0
2023-08-09 00:00:00-04:00,4.269999980926514,4.429999828338623,4.190000057220459,4.409999847412109,1707800,0.0,0.0
2023-08-10 00:00:00-04:00,4.440000057220459,4.559999942779541,4.364999771118164,4.409999847412109,1336700,0.0,0.0
2023-08-11 00:00:00-04:00,4.400000095367432,4.420000076293945,4.289999961853027,4.300000190734863,1547800,0.0,0.0
2023-08-14 00:00:00-04:00,4.28000020980835,4.380000114440918,4.199999809265137,4.300000190734863,2292100,0.0,0.0
2023-08-15 00:00:00-04:00,4.239999771118164,4.369999885559082,4.224999904632568,4.309999942779541,3045200,0.0,0.0
2023-08-16 00:00:00-04:00,4.289999961853027,4.320000171661377,3.9700000286102295,3.9700000286102295,2408900,0.0,0.0
2023-08-17 00:00:00-04:00,3.9800000190734863,4.059999942779541,3.9800000190734863,3.990000009536743,928900,0.0,0.0
2023-08-18 00:00:00-04:00,3.950000047683716,3.990000009536743,3.869999885559082,3.9000000953674316,1125400,0.0,0.0
2023-08-21 00:00:00-04:00,3.9000000953674316,3.9800000190734863,3.7699999809265137,3.7699999809265137,1657800,0.0,0.0
2023-08-22 00:00:00-04:00,3.809999942779541,3.809999942779541,3.555000066757202,3.5799999237060547,1603400,0.0,0.0
2023-08-23 00:00:00-04:00,3.5799999237060547,3.619999885559082,3.4800000190734863,3.609999895095825,1800300,0.0,0.0
2023-08-24 00:00:00-04:00,3.5899999141693115,3.640000104904175,3.4700000286102295,3.4800000190734863,1442100,0.0,0.0
2023-08-25 00:00:00-04:00,3.509999990463257,3.569999933242798,3.450000047683716,3.5,789200,0.0,0.0
2023-08-28 00:00:00-04:00,3.5299999713897705,3.559999942779541,3.450000047683716,3.509999990463257,1126400,0.0,0.0
2023-08-29 00:00:00-04:00,3.490000009536743,3.569999933242798,3.4749999046325684,3.5199999809265137,1114400,0.0,0.0
2023-08-30 00:00:00-04:00,3.5,3.569999933242798,3.490000009536743,3.5199999809265137,1636200,0.0,0.0
2023-08-31 00:00:00-04:00,3.5399999618530273,3.555000066757202,3.494999885559082,3.5399999618530273,1049200,0.0,0.0
2023-09-01 00:00:00-04:00,3.569999933242798,3.6500000953674316,3.565000057220459,3.5799999237060547,843300,0.0,0.0
2023-09-05 00:00:00-04:00,3.5799999237060547,3.5899999141693115,3.494999885559082,3.549999952316284,1050500,0.0,0.0
2023-09-06 00:00:00-04:00,3.569999933242798,3.634999990463257,3.5450000762939453,3.559999942779541,680800,0.0,0.0
2023-09-07 00:00:00-04:00,3.5299999713897705,3.575000047683716,3.3450000286102295,3.4600000381469727,2192100,0.0,0.0
2023-09-08 00:00:00-04:00,3.4800000190734863,3.490000009536743,3.424999952316284,3.440000057220459,989300,0.0,0.0
2023-09-11 00:00:00-04:00,3.4700000286102295,3.5,3.3299999237060547,3.3299999237060547,1810300,0.0,0.0
2023-09-12 00:00:00-04:00,3.3399999141693115,3.5350000858306885,3.319999933242798,3.5199999809265137,1991200,0.0,0.0
2023-09-13 00:00:00-04:00,3.5199999809265137,3.5799999237060547,3.494999885559082,3.5399999618530273,2569300,0.0,0.0
2023-09-14 00:00:00-04:00,3.5999999046325684,3.9700000286102295,3.5850000381469727,3.930000066757202,1745700,0.0,0.0
2023-09-15 00:00:00-04:00,3.880000114440918,3.9700000286102295,3.8499999046325684,3.940000057220459,2571200,0.0,0.0
2023-09-18 00:00:00-04:00,3.940000057220459,3.9700000286102295,3.799999952316284,3.880000114440918,1646700,0.0,0.0
2023-09-19 00:00:00-04:00,3.880000114440918,3.880000114440918,3.4200000762939453,3.4800000190734863,2142400,0.0,0.0
2023-09-20 00:00:00-04:00,3.509999990463257,3.808000087738037,3.490000009536743,3.7100000381469727,1383000,0.0,0.0
2023-09-21 00:00:00-04:00,3.640000104904175,3.684999942779541,3.549999952316284,3.5799999237060547,1174600,0.0,0.0
2023-09-22 00:00:00-04:00,3.559999942779541,3.6600000858306885,3.555000066757202,3.619999885559082,1418900,0.0,0.0
2023-09-25 00:00:00-04:00,3.569999933242798,3.759999990463257,3.509999990463257,3.75,1429100,0.0,0.0
2023-09-26 00:00:00-04:00,3.700000047683716,3.7750000953674316,3.615000009536743,3.630000114440918,1661300,0.0,0.0
2023-09-27 00:00:00-04:00,3.6600000858306885,3.744999885559082,3.630000114440918,3.7100000381469727,1114600,0.0,0.0
2023-09-28 00:00:00-04:00,3.7200000286102295,3.7899999618530273,3.700000047683716,3.75,1013500,0.0,0.0
2023-09-29 00:00:00-04:00,3.759999990463257,3.8399999141693115,3.7200000286102295,3.8299999237060547,2342000,0.0,0.0
2023-10-02 00:00:00-04:00,3.75,3.809999942779541,3.7200000286102295,3.7699999809265137,991800,0.0,0.0
2023-10-03 00:00:00-04:00,3.759999990463257,3.7699999809265137,3.440000057220459,3.4700000286102295,1417300,0.0,0.0
2023-10-04 00:00:00-04:00,3.4800000190734863,3.5350000858306885,3.4100000858306885,3.5,997000,0.0,0.0
2023-10-05 00:00:00-04:00,3.4700000286102295,3.569999933242798,3.4700000286102295,3.490000009536743,974300,0.0,0.0
2023-10-06 00:00:00-04:00,3.4700000286102295,3.5999999046325684,3.4000000953674316,3.559999942779541,1338900,0.0,0.0
2023-10-09 00:00:00-04:00,3.509999990463257,3.619999885559082,3.4600000381469727,3.5999999046325684,731400,0.0,0.0
2023-10-10 00:00:00-04:00,3.6500000953674316,3.6700000762939453,3.5899999141693115,3.609999895095825,708200,0.0,0.0
2023-10-11 00:00:00-04:00,3.5999999046325684,3.6600000858306885,3.5799999237060547,3.640000104904175,1003500,0.0,0.0
2023-10-12 00:00:00-04:00,3.6600000858306885,3.6600000858306885,3.4549999237060547,3.490000009536743,1555200,0.0,0.0
2023-10-13 00:00:00-04:00,3.509999990463257,3.5350000858306885,3.4200000762939453,3.4200000762939453,1791900,0.0,0.0
2023-10-16 00:00:00-04:00,3.5399999618530273,3.5399999618530273,3.359999895095825,3.5199999809265137,826900,0.0,0.0
2023-10-17 00:00:00-04:00,3.4700000286102295,3.549999952316284,3.450000047683716,3.509999990463257,1384700,0.0,0.0
2023-10-18 00:00:00-04:00,3.450000047683716,3.490000009536743,3.4100000858306885,3.4600000381469727,840400,0.0,0.0
2023-10-19 00:00:00-04:00,3.440000057220459,3.4749999046325684,3.380000114440918,3.390000104904175,913800,0.0,0.0
2023-10-20 00:00:00-04:00,3.6600000858306885,3.890000104904175,3.4000000953674316,3.4000000953674316,3456700,0.0,0.0
2023-10-23 00:00:00-04:00,3.380000114440918,3.440000057220459,3.2100000381469727,3.2200000286102295,2726300,0.0,0.0
2023-10-24 00:00:00-04:00,3.2799999713897705,3.3499999046325684,3.2149999141693115,3.25,1322900,0.0,0.0
2023-10-25 00:00:00-04:00,3.200000047683716,3.369999885559082,3.180000066757202,3.319999933242798,2781400,0.0,0.0
2023-10-26 00:00:00-04:00,3.3499999046325684,3.4200000762939453,3.315000057220459,3.380000114440918,1395500,0.0,0.0
2023-10-27 00:00:00-04:00,3.4200000762939453,3.444999933242798,3.299999952316284,3.3399999141693115,1365600,0.0,0.0
2023-10-30 00:00:00-04:00,3.4000000953674316,3.4800000190734863,3.3499999046325684,3.4000000953674316,1221000,0.0,0.0
2023-10-31 00:00:00-04:00,3.369999885559082,3.4700000286102295,3.3499999046325684,3.450000047683716,1359400,0.0,0.0
2023-11-01 00:00:00-04:00,3.440000057220459,3.515000104904175,3.4000000953674316,3.4200000762939453,1493700,0.0,0.0
2023-11-02 00:00:00-04:00,3.5,3.5399999618530273,3.2899999618530273,3.390000104904175,3206800,0.0,0.0
2023-11-03 00:00:00-04:00,3.180000066757202,3.190000057220459,2.875,2.9800000190734863,6512500,0.0,0.0
2023-11-06 00:00:00-05:00,2.9800000190734863,2.9800000190734863,2.5199999809265137,2.5899999141693115,3916900,0.0,0.0
2023-11-07 00:00:00-05:00,2.569999933242798,2.6500000953674316,2.505000114440918,2.559999942779541,2156200,0.0,0.0
2023-11-08 00:00:00-05:00,2.549999952316284,2.569999933242798,2.380000114440918,2.4100000858306885,2047700,0.0,0.0
2023-11-09 00:00:00-05:00,2.450000047683716,2.490000009536743,2.3299999237060547,2.359999895095825,1740700,0.0,0.0
2023-11-10 00:00:00-05:00,2.3399999141693115,2.4200000762939453,2.200000047683716,2.4100000858306885,2140900,0.0,0.0
2023-11-13 00:00:00-05:00,2.450000047683716,2.484999895095825,2.380000114440918,2.4000000953674316,2345600,0.0,0.0
2023-11-14 00:00:00-05:00,2.5,2.5299999713897705,2.4200000762939453,2.5,4130900,0.0,0.0
2023-11-15 00:00:00-05:00,2.5399999618530273,2.5999999046325684,2.490000009536743,2.5,1899200,0.0,0.0
2023-11-16 00:00:00-05:00,2.490000009536743,2.509999990463257,2.390000104904175,2.5,1552900,0.0,0.0
2023-11-17 00:00:00-05:00,2.5399999618530273,2.5399999618530273,2.440000057220459,2.5,3355900,0.0,0.0
2023-11-20 00:00:00-05:00,2.450000047683716,2.505000114440918,2.369999885559082,2.5,1329500,0.0,0.0
2023-11-21 00:00:00-05:00,2.490000009536743,2.509999990463257,2.4200000762939453,2.450000047683716,1582000,0.0,0.0
2023-11-22 00:00:00-05:00,2.490000009536743,2.549999952316284,2.440000057220459,2.490000009536743,961000,0.0,0.0
2023-11-24 00:00:00-05:00,2.4800000190734863,2.5350000858306885,2.450000047683716,2.5,824700,0.0,0.0
2023-11-27 00:00:00-05:00,2.5,2.5199999809265137,2.430000066757202,2.4700000286102295,1360700,0.0,0.0
2023-11-28 00:00:00-05:00,2.450000047683716,2.4700000286102295,2.3499999046325684,2.440000057220459,2922200,0.0,0.0
2023-11-29 00:00:00-05:00,2.4700000286102295,2.549999952316284,2.4100000858306885,2.450000047683716,2810300,0.0,0.0
2023-11-30 00:00:00-05:00,2.4800000190734863,2.569999933242798,2.430000066757202,2.4700000286102295,3598900,0.0,0.0
2023-12-01 00:00:00-05:00,2.4800000190734863,2.6500000953674316,2.450000047683716,2.640000104904175,3304900,0.0,0.0
2023-12-04 00:00:00-05:00,2.630000114440918,2.7100000381469727,2.625,2.680000066757202,2066300,0.0,0.0
2023-12-05 00:00:00-05:00,2.6700000762939453,2.7100000381469727,2.450000047683716,2.630000114440918,9727900,0.0,0.0
2023-12-06 00:00:00-05:00,2.6500000953674316,2.759999990463257,2.509999990463257,2.5799999237060547,3466600,0.0,0.0
2023-12-07 00:00:00-05:00,2.569999933242798,2.609999895095825,2.509999990463257,2.5799999237060547,2764100,0.0,0.0
2023-12-08 00:00:00-05:00,2.5799999237060547,2.7200000286102295,2.569999933242798,2.619999885559082,2303300,0.0,0.0
2023-12-11 00:00:00-05:00,2.609999895095825,2.7100000381469727,2.559999942779541,2.569999933242798,2172800,0.0,0.0
2023-12-12 00:00:00-05:00,2.559999942779541,2.559999942779541,2.4600000381469727,2.4800000190734863,1832500,0.0,0.0
2023-12-13 00:00:00-05:00,2.4600000381469727,2.549999952316284,2.4000000953674316,2.5,3836200,0.0,0.0
2023-12-14 00:00:00-05:00,2.5999999046325684,2.755000114440918,2.515000104904175,2.5799999237060547,4917200,0.0,0.0
2023-12-15 00:00:00-05:00,2.5899999141693115,2.6500000953674316,2.390000104904175,2.4000000953674316,7020200,0.0,0.0
2023-12-18 00:00:00-05:00,2.4100000858306885,2.4100000858306885,2.1700000762939453,2.180000066757202,6529400,0.0,0.0
2023-12-19 00:00:00-05:00,2.200000047683716,2.2750000953674316,2.190000057220459,2.2200000286102295,4511400,0.0,0.0
2023-12-20 00:00:00-05:00,2.190000057220459,2.240000009536743,2.069999933242798,2.0799999237060547,5234000,0.0,0.0
2023-12-21 00:00:00-05:00,2.109999895095825,2.109999895095825,1.9800000190734863,2.059999942779541,5983500,0.0,0.0
2023-12-22 00:00:00-05:00,2.059999942779541,2.119999885559082,2.009999990463257,2.0999999046325684,5099300,0.0,0.0
2023-12-26 00:00:00-05:00,2.109999895095825,2.200000047683716,2.0899999141693115,2.0999999046325684,2852600,0.0,0.0
2023-12-27 00:00:00-05:00,2.0999999046325684,2.1679999828338623,2.0850000381469727,2.109999895095825,4086400,0.0,0.0
2023-12-28 00:00:00-05:00,2.0999999046325684,2.380000114440918,2.0999999046325684,2.240000009536743,7473900,0.0,0.0
2023-12-29 00:00:00-05:00,2.2200000286102295,2.2799999713897705,2.1649999618530273,2.190000057220459,5512500,0.0,0.0
2024-01-02 00:00:00-05:00,2.1600000858306885,2.240000009536743,2.069999933242798,2.069999933242798,9578400,0.0,0.0
2024-01-03 00:00:00-05:00,2.049999952316284,2.049999952316284,1.9299999475479126,1.940000057220459,4705800,0.0,0.0
2024-01-04 00:00:00-05:00,1.940000057220459,1.9800000190734863,1.8799999952316284,1.9700000286102295,2704600,0.0,0.0
2024-01-05 00:00:00-05:00,1.940000057220459,2.049999952316284,1.9249999523162842,1.9900000095367432,4421500,0.0,0.0
2024-01-08 00:00:00-05:00,1.9900000095367432,2.049999952316284,1.9500000476837158,2.049999952316284,4603500,0.0,0.0
2024-01-09 00:00:00-05:00,2.0199999809265137,2.0390000343322754,1.840000033378601,1.8799999952316284,4371600,0.0,0.0
2024-01-10 00:00:00-05:00,1.8600000143051147,1.8600000143051147,1.559999942779541,1.7200000286102295,7091600,0.0,0.0
2024-01-11 00:00:00-05:00,1.7100000381469727,1.7450000047683716,1.6399999856948853,1.7200000286102295,4208900,0.0,0.0
2024-01-12 00:00:00-05:00,1.7200000286102295,1.784999966621399,1.690000057220459,1.7000000476837158,4649500,0.0,0.0
2024-01-16 00:00:00-05:00,1.649999976158142,1.715000033378601,1.5299999713897705,1.6799999475479126,7943900,0.0,0.0
2024-01-17 00:00:00-05:00,1.600000023841858,1.7100000381469727,1.5299999713897705,1.559999942779541,3010800,0.0,0.0
2024-01-18 00:00:00-05:00,1.559999942779541,1.5800000429153442,1.4800000190734863,1.4800000190734863,3598900,0.0,0.0
2024-01-19 00:00:00-05:00,1.5,1.5499999523162842,1.4900000095367432,1.5,4620600,0.0,0.0
2024-01-22 00:00:00-05:00,1.5299999713897705,1.6200000047683716,1.5,1.5399999618530273,3498000,0.0,0.0
2024-01-23 00:00:00-05:00,1.5499999523162842,1.6349999904632568,1.5399999618530273,1.6100000143051147,3570000,0.0,0.0
2024-01-24 00:00:00-05:00,1.6399999856948853,1.6410000324249268,1.5,1.5099999904632568,2060800,0.0,0.0
2024-01-25 00:00:00-05:00,1.5199999809265137,1.559999942779541,1.5,1.5199999809265137,1574800,0.0,0.0
2024-01-26 00:00:00-05:00,1.5299999713897705,1.590000033378601,1.5199999809265137,1.5299999713897705,3619300,0.0,0.0
2024-01-29 00:00:00-05:00,1.5,1.5479999780654907,1.4700000286102295,1.5299999713897705,2824600,0.0,0.0
2024-01-30 00:00:00-05:00,1.5299999713897705,1.5399999618530273,1.4500000476837158,1.4700000286102295,3449300,0.0,0.0
2024-01-31 00:00:00-05:00,1.4700000286102295,1.4900000095367432,1.3200000524520874,1.3300000429153442,2881500,0.0,0.0
2024-02-01 00:00:00-05:00,1.3200000524520874,1.375,1.2999999523162842,1.340000033378601,7469100,0.0,0.0
2024-02-02 00:00:00-05:00,1.3300000429153442,1.4199999570846558,1.274999976158142,1.309999942779541,5596600,0.0,0.0
2024-02-05 00:00:00-05:00,1.3300000429153442,1.350000023841858,1.1799999475479126,1.2400000095367432,6979500,0.0,0.0
2024-02-06 00:00:00-05:00,1.2300000190734863,1.3949999809265137,1.2200000286102295,1.3600000143051147,2892700,0.0,0.0
2024-02-07 00:00:00-05:00,1.3700000047683716,1.4199999570846558,1.3109999895095825,1.340000033378601,3456400,0.0,0.0
2024-02-08 00:00:00-05:00,1.3200000524520874,1.350000023841858,1.2400000095367432,1.3200000524520874,2734100,0.0,0.0
2024-02-09 00:00:00-05:00,1.3200000524520874,1.340000033378601,1.274999976158142,1.2999999523162842,1580100,0.0,0.0
2024-02-12 00:00:00-05:00,1.309999942779541,1.4500000476837158,1.3049999475479126,1.4299999475479126,1377200,0.0,0.0
2024-02-13 00:00:00-05:00,1.3700000047683716,1.3700000047683716,1.2799999713897705,1.3200000524520874,2415000,0.0,0.0
2024-02-14 00:00:00-05:00,1.309999942779541,1.559999942779541,1.2100000381469727,1.340000033378601,3628500,0.0,0.0
2024-02-15 00:00:00-05:00,1.350000023841858,1.4199999570846558,1.25,1.4199999570846558,2130400,0.0,0.0
2024-02-16 00:00:00-05:00,1.409999966621399,1.4600000381469727,1.3350000381469727,1.3899999856948853,2203500,0.0,0.0
2024-02-20 00:00:00-05:00,1.350000023841858,1.440000057220459,1.3200000524520874,1.340000033378601,2579000,0.0,0.0
2024-02-21 00:00:00-05:00,1.2999999523162842,1.3799999952316284,1.2999999523162842,1.3200000524520874,1795000,0.0,0.0
2024-02-22 00:00:00-05:00,1.2999999523162842,1.3350000381469727,1.2200000286102295,1.2599999904632568,2599700,0.0,0.0
2024-02-23 00:00:00-05:00,1.25,1.3849999904632568,1.25,1.350000023841858,2904300,0.0,0.0
2024-02-26 00:00:00-05:00,1.3700000047683716,1.4450000524520874,1.3200000524520874,1.399999976158142,3179600,0.0,0.0
2024-02-27 00:00:00-05:00,1.3700000047683716,1.5099999904632568,1.3700000047683716,1.4500000476837158,3956700,0.0,0.0
2024-02-28 00:00:00-05:00,1.399999976158142,1.600000023841858,1.3869999647140503,1.5800000429153442,3450300,0.0,0.0
2024-02-29 00:00:00-05:00,1.600000023841858,1.8200000524520874,1.559999942779541,1.7599999904632568,7572500,0.0,0.0
2024-03-01 00:00:00-05:00,1.7999999523162842,1.8300000429153442,1.6649999618530273,1.7000000476837158,2418300,0.0,0.0
2024-03-04 00:00:00-05:00,1.7000000476837158,1.715000033378601,1.6050000190734863,1.6699999570846558,2839900,0.0,0.0
2024-03-05 00:00:00-05:00,1.6699999570846558,1.774999976158142,1.6200000047683716,1.7200000286102295,3567400,0.0,0.0
2024-03-06 00:00:00-05:00,1.7300000190734863,1.8700000047683716,1.7300000190734863,1.7699999809265137,3864900,0.0,0.0
2024-03-07 00:00:00-05:00,1.7999999523162842,1.8700000047683716,1.7200000286102295,1.7999999523162842,1816300,0.0,0.0
2024-03-08 00:00:00-05:00,1.809999942779541,1.8799999952316284,1.7799999713897705,1.7999999523162842,3048800,0.0,0.0
2024-03-11 00:00:00-04:00,1.8049999475479126,1.8600000143051147,1.7699999809265137,1.7999999523162842,2612300,0.0,0.0
2024-03-12 00:00:00-04:00,1.7899999618530273,1.940000057220459,1.7300000190734863,1.8700000047683716,2249700,0.0,0.0
2024-03-13 00:00:00-04:00,1.9800000190734863,2.0299999713897705,1.8799999952316284,1.940000057220459,5766300,0.0,0.0
2024-03-14 00:00:00-04:00,1.9299999475479126,1.9299999475479126,1.625,1.659999966621399,3180700,0.0,0.0
2024-03-15 00:00:00-04:00,1.6699999570846558,1.7200000286102295,1.6299999952316284,1.6699999570846558,7747500,0.0,0.0
2024-03-18 00:00:00-04:00,1.6100000143051147,1.6200000047683716,1.5,1.5700000524520874,2511800,0.0,0.0
2024-03-19 00:00:00-04:00,1.590000033378601,1.6200000047683716,1.5299999713897705,1.559999942779541,3251900,0.0,0.0
2024-03-20 00:00:00-04:00,1.600000023841858,1.6150000095367432,1.4900000095367432,1.5199999809265137,2447100,0.0,0.0
2024-03-21 00:00:00-04:00,1.5099999904632568,1.559999942779541,1.5,1.5399999618530273,867200,0.0,0.0
2024-03-22 00:00:00-04:00,1.5299999713897705,1.5369999408721924,1.4299999475479126,1.4500000476837158,1830700,0.0,0.0
2024-03-25 00:00:00-04:00,1.4900000095367432,1.4900000095367432,1.2799999713897705,1.2799999713897705,4401400,0.0,0.0
2024-03-26 00:00:00-04:00,1.2799999713897705,1.309999942779541,1.2599999904632568,1.2699999809265137,1997300,0.0,0.0
2024-03-27 00:00:00-04:00,1.25,1.3350000381469727,1.2000000476837158,1.2999999523162842,2789800,0.0,0.0
2024-03-28 00:00:00-04:00,1.3200000524520874,1.3899999856948853,1.284999966621399,1.3799999952316284,2867000,0.0,0.0
2024-04-01 00:00:00-04:00,1.4199999570846558,1.4800000190734863,1.309999942779541,1.399999976158142,1784000,0.0,0.0
2024-04-02 00:00:00-04:00,1.350000023841858,1.3899999856948853,1.309999942779541,1.3899999856948853,1467500,0.0,0.0
2024-04-03 00:00:00-04:00,1.3799999952316284,1.559999942779541,1.3600000143051147,1.5299999713897705,2678000,0.0,0.0
2024-04-04 00:00:00-04:00,1.524999976158142,1.600000023841858,1.399999976158142,1.4199999570846558,2534000,0.0,0.0
2024-04-05 00:00:00-04:00,1.3899999856948853,1.5299999713897705,1.3899999856948853,1.5099999904632568,3224700,0.0,0.0
2024-04-08 00:00:00-04:00,1.5399999618530273,1.6100000143051147,1.4299999475479126,1.4700000286102295,1678100,0.0,0.0
2024-04-09 00:00:00-04:00,1.4500000476837158,1.6299999952316284,1.4500000476837158,1.6200000047683716,2989800,0.0,0.0
2024-04-10 00:00:00-04:00,1.4500000476837158,1.7300000190734863,1.440000057220459,1.6299999952316284,5367200,0.0,0.0
2024-04-11 00:00:00-04:00,1.6200000047683716,1.7300000190734863,1.5549999475479126,1.7100000381469727,2952500,0.0,0.0
2024-04-12 00:00:00-04:00,1.690000057220459,1.809999942779541,1.6799999475479126,1.7999999523162842,3926700,0.0,0.0
2024-04-15 00:00:00-04:00,1.850000023841858,1.850000023841858,1.649999976158142,1.7000000476837158,6857200,0.0,0.0
2024-04-16 00:00:00-04:00,1.659999966621399,1.690000057220459,1.559999942779541,1.5800000429153442,3565700,0.0,0.0
2024-04-17 00:00:00-04:00,1.5700000524520874,1.625,1.4550000429153442,1.4900000095367432,2577300,0.0,0.0
2024-04-18 00:00:00-04:00,1.4800000190734863,1.559999942779541,1.4700000286102295,1.4800000190734863,2248900,0.0,0.0
2024-04-19 00:00:00-04:00,1.5499999523162842,1.5499999523162842,1.475000023841858,1.5099999904632568,3641700,0.0,0.0
2024-04-22 00:00:00-04:00,1.5199999809265137,1.6200000047683716,1.4900000095367432,1.600000023841858,2371900,0.0,0.0
2024-04-23 00:00:00-04:00,1.6100000143051147,1.6950000524520874,1.559999942779541,1.5700000524520874,2031900,0.0,0.0
2024-04-24 00:00:00-04:00,1.5499999523162842,1.659999966621399,1.5499999523162842,1.649999976158142,6320500,0.0,0.0
2024-04-25 00:00:00-04:00,1.6200000047683716,1.659999966621399,1.5499999523162842,1.6100000143051147,4677400,0.0,0.0
2024-04-26 00:00:00-04:00,1.5,1.8899999856948853,1.430999994277954,1.5800000429153442,5450300,0.0,0.0
2024-04-29 00:00:00-04:00,1.5499999523162842,1.7200000286102295,1.5399999618530273,1.659999966621399,2478300,0.0,0.0
2024-04-30 00:00:00-04:00,1.659999966621399,1.7400000095367432,1.625,1.7200000286102295,3641100,0.0,0.0
2024-05-01 00:00:00-04:00,1.7400000095367432,1.7589999437332153,1.6549999713897705,1.6699999570846558,3182700,0.0,0.0
2024-05-02 00:00:00-04:00,1.7000000476837158,1.8200000524520874,1.659999966621399,1.7699999809265137,4180600,0.0,0.0
2024-05-03 00:00:00-04:00,1.809999942779541,1.8600000143051147,1.7300000190734863,1.809999942779541,1916600,0.0,0.0
2024-05-06 00:00:00-04:00,1.8600000143051147,1.8700000047683716,1.7899999618530273,1.809999942779541,1600800,0.0,0.0
2024-05-07 00:00:00-04:00,1.850000023841858,1.9299999475479126,1.7699999809265137,1.7699999809265137,2644700,0.0,0.0
2024-05-08 00:00:00-04:00,1.7400000095367432,1.7949999570846558,1.715000033378601,1.7300000190734863,977500,0.0,0.0
2024-05-09 00:00:00-04:00,1.75,1.8300000429153442,1.7400000095367432,1.7699999809265137,1803100,0.0,0.0
2024-05-10 00:00:00-04:00,1.7799999713897705,1.7890000343322754,1.690000057220459,1.7200000286102295,1523300,0.0,0.0
2024-05-13 00:00:00-04:00,1.7599999904632568,1.899999976158142,1.75,1.7999999523162842,1795900,0.0,0.0
2024-05-14 00:00:00-04:00,1.8600000143051147,1.899999976158142,1.8200000524520874,1.850000023841858,3154200,0.0,0.0
2024-05-15 00:00:00-04:00,1.899999976158142,1.9199999570846558,1.8600000143051147,1.8799999952316284,2645200,0.0,0.0
2024-05-16 00:00:00-04:00,1.8899999856948853,1.8899999856948853,1.7599999904632568,1.7799999713897705,1559200,0.0,0.0
2024-05-17 00:00:00-04:00,1.7899999618530273,1.809999942779541,1.6799999475479126,1.7400000095367432,2203900,0.0,0.0
2024-05-20 00:00:00-04:00,1.7699999809265137,1.909999966621399,1.75,1.850000023841858,2943600,0.0,0.0
2024-05-21 00:00:00-04:00,1.8799999952316284,2.125,1.8700000047683716,2.0899999141693115,5070500,0.0,0.0
2024-05-22 00:00:00-04:00,2.0999999046325684,2.1600000858306885,1.9550000429153442,1.9700000286102295,5253800,0.0,0.0
2024-05-23 00:00:00-04:00,1.9900000095367432,2.0399999618530273,1.8600000143051147,1.8799999952316284,2488500,0.0,0.0
2024-05-24 00:00:00-04:00,1.899999976158142,1.899999976158142,1.7699999809265137,1.7799999713897705,1874900,0.0,0.0
2024-05-28 00:00:00-04:00,1.7899999618530273,1.8700000047683716,1.7799999713897705,1.7899999618530273,3443400,0.0,0.0
2024-05-29 00:00:00-04:00,1.7699999809265137,1.7999999523162842,1.7200000286102295,1.7699999809265137,2532300,0.0,0.0
2024-05-30 00:00:00-04:00,1.7999999523162842,1.840000033378601,1.684999942779541,1.7000000476837158,2364700,0.0,0.0
2024-05-31 00:00:00-04:00,1.690000057220459,1.7649999856948853,1.649999976158142,1.649999976158142,5064700,0.0,0.0
2024-06-03 00:00:00-04:00,1.659999966621399,1.7100000381469727,1.4900000095367432,1.4900000095367432,2554600,0.0,0.0
2024-06-04 00:00:00-04:00,1.4700000286102295,1.5399999618530273,1.4199999570846558,1.4199999570846558,2083100,0.0,0.0
2024-06-05 00:00:00-04:00,1.4600000381469727,1.4700000286102295,1.3799999952316284,1.399999976158142,3664100,0.0,0.0
2024-06-06 00:00:00-04:00,1.399999976158142,1.5099999904632568,1.3600000143051147,1.440000057220459,1997900,0.0,0.0
2024-06-07 00:00:00-04:00,1.4500000476837158,1.4900000095367432,1.3700000047683716,1.3799999952316284,1040700,0.0,0.0
2024-06-10 00:00:00-04:00,1.3700000047683716,1.4199999570846558,1.3300000429153442,1.3899999856948853,1333000,0.0,0.0
2024-06-11 00:00:00-04:00,1.3700000047683716,1.4049999713897705,1.309999942779541,1.3700000047683716,1462000,0.0,0.0
2024-06-12 00:00:00-04:00,1.4199999570846558,1.4600000381469727,1.2599999904632568,1.2599999904632568,1895000,0.0,0.0
2024-06-13 00:00:00-04:00,1.2699999809265137,1.284999966621399,1.1699999570846558,1.2200000286102295,4164900,0.0,0.0
2024-06-14 00:00:00-04:00,1.1799999475479126,1.2100000381469727,1.0800000429153442,1.0800000429153442,2666300,0.0,0.0
2024-06-17 00:00:00-04:00,1.100000023841858,1.1299999952316284,0.9900000095367432,1.0199999809265137,4297000,0.0,0.0
2024-06-18 00:00:00-04:00,1.0299999713897705,1.0800000429153442,1.0049999952316284,1.059999942779541,4036900,0.0,0.0
2024-06-20 00:00:00-04:00,1.090000033378601,1.100000023841858,1.0399999618530273,1.090000033378601,5359600,0.0,0.0
2024-06-21 00:00:00-04:00,1.100000023841858,1.1200000047683716,1.0299999713897705,1.0299999713897705,8266400,0.0,0.0
2024-06-24 00:00:00-04:00,1.0399999618530273,1.0750000476837158,1.0,1.0,3340400,0.0,0.0
2024-06-25 00:00:00-04:00,1.0,1.0800000429153442,0.9509999752044678,1.0499999523162842,6134000,0.0,0.0
2024-06-26 00:00:00-04:00,1.0299999713897705,1.0700000524520874,1.0,1.0299999713897705,1477400,0.0,0.0
2024-06-27 00:00:00-04:00,1.0299999713897705,1.034999966621399,0.949999988079071,0.953000009059906,4737800,0.0,0.0
2024-06-28 00:00:00-04:00,0.9700000286102295,1.0099999904632568,0.8690000176429749,0.9700000286102295,19235300,0.0,0.0
2024-07-01 00:00:00-04:00,0.9850000143051147,1.059999942779541,0.949999988079071,0.968999981880188,2581300,0.0,0.0
2024-07-02 00:00:00-04:00,0.9670000076293945,1.0099999904632568,0.949999988079071,1.0,2117900,0.0,0.0
2024-07-03 00:00:00-04:00,1.0,1.0399999618530273,0.9850000143051147,1.0199999809265137,1166400,0.0,0.0
2024-07-05 00:00:00-04:00,1.0399999618530273,1.100000023841858,0.9860000014305115,1.0299999713897705,3182300,0.0,0.0
2024-07-08 00:00:00-04:00,1.0199999809265137,1.0800000429153442,0.9879999756813049,1.0199999809265137,1850000,0.0,0.0
2024-07-09 00:00:00-04:00,1.0399999618530273,1.0399999618530273,1.0,1.0099999904632568,1384300,0.0,0.0
2024-07-10 00:00:00-04:00,1.0099999904632568,1.0199999809265137,0.9580000042915344,0.972000002861023,2206600,0.0,0.0
2024-07-11 00:00:00-04:00,0.9950000047683716,1.159999966621399,0.972000002861023,1.1299999952316284,2352700,0.0,0.0
2024-07-12 00:00:00-04:00,1.1699999570846558,1.2100000381469727,1.1299999952316284,1.1399999856948853,3135100,0.0,0.0
2024-07-15 00:00:00-04:00,1.149999976158142,1.2100000381469727,1.1200000047683716,1.1799999475479126,1805500,0.0,0.0
2024-07-16 00:00:00-04:00,1.1100000143051147,1.1399999856948853,1.0499999523162842,1.090000033378601,2940400,0.0,0.0
2024-07-17 00:00:00-04:00,1.0700000524520874,1.149999976158142,0.949999988079071,0.9990000128746033,5615200,0.0,0.0
2024-07-18 00:00:00-04:00,1.0,1.0099999904632568,0.8830000162124634,0.8980000019073486,6099700,0.0,0.0
2024-07-19 00:00:00-04:00,0.9100000262260437,0.9100000262260437,0.8109999895095825,0.8429999947547913,6912100,0.0,0.0
2024-07-22 00:00:00-04:00,0.8399999737739563,0.9380000233650208,0.8399999737739563,0.9279999732971191,3350500,0.0,0.0
2024-07-23 00:00:00-04:00,0.949999988079071,0.9710000157356262,0.925000011920929,0.9440000057220459,1641700,0.0,0.0
2024-07-24 00:00:00-04:00,0.9399999976158142,1.059999942779541,0.9300000071525574,0.9599999785423279,3502100,0.0,0.0
2024-07-25 00:00:00-04:00,0.9549999833106995,0.9800000190734863,0.8429999947547913,0.8429999947547913,4191100,0.0,0.0
2024-07-26 00:00:00-04:00,1.059999942779541,1.0700000524520874,0.7929999828338623,0.8029999732971191,6980100,0.0,0.0
2024-07-29 00:00:00-04:00,0.8009999990463257,0.8339999914169312,0.6899999976158142,0.8130000233650208,6183500,0.0,0.0
2024-07-30 00:00:00-04:00,0.8299999833106995,0.8299999833106995,0.7360000014305115,0.7799999713897705,3247100,0.0,0.0
2024-07-31 00:00:00-04:00,0.7799999713897705,0.8420000076293945,0.7680000066757202,0.7680000066757202,2715200,0.0,0.0
2024-08-01 00:00:00-04:00,0.7720000147819519,0.796999990940094,0.6949999928474426,0.699999988079071,2732000,0.0,0.0
2024-08-02 00:00:00-04:00,0.6880000233650208,0.6990000009536743,0.640999972820282,0.640999972820282,2764700,0.0,0.0
2024-08-05 00:00:00-04:00,0.6019999980926514,0.6190000176429749,0.5400000214576721,0.5490000247955322,3370900,0.0,0.0
2024-08-06 00:00:00-04:00,0.5550000071525574,0.6579999923706055,0.5199999809265137,0.6230000257492065,4451000,0.0,0.0
2024-08-07 00:00:00-04:00,0.621999979019165,0.6600000262260437,0.5699999928474426,0.5730000138282776,2185400,0.0,0.0
2024-08-08 00:00:00-04:00,0.5550000071525574,0.6150000095367432,0.5329999923706055,0.6100000143051147,3191700,0.0,0.0
2024-08-09 00:00:00-04:00,0.6399999856948853,0.6399999856948853,0.5419999957084656,0.5600000023841858,2375900,0.0,0.0
2024-08-12 00:00:00-04:00,0.5649999976158142,0.5649999976158142,0.5270000100135803,0.5460000038146973,2814600,0.0,0.0
2024-08-13 00:00:00-04:00,0.5320000052452087,0.6520000100135803,0.531000018119812,0.6470000147819519,4728900,0.0,0.0
2024-08-14 00:00:00-04:00,0.6169999837875366,0.675000011920929,0.597000002861023,0.6690000295639038,4076000,0.0,0.0
2024-08-15 00:00:00-04:00,0.6859999895095825,0.7300000190734863,0.6710000038146973,0.7210000157356262,1987300,0.0,0.0
2024-08-16 00:00:00-04:00,0.7160000205039978,0.7519999742507935,0.6579999923706055,0.6859999895095825,1242200,0.0,0.0
2024-08-19 00:00:00-04:00,0.7039999961853027,0.7099999785423279,0.6610000133514404,0.6859999895095825,936600,0.0,0.0
2024-08-20 00:00:00-04:00,0.6549999713897705,0.6899999976158142,0.6330000162124634,0.6700000166893005,1295300,0.0,0.0
2024-08-21 00:00:00-04:00,0.6779999732971191,0.7350000143051147,0.6539999842643738,0.7329999804496765,1355100,0.0,0.0
2024-08-22 00:00:00-04:00,0.7210000157356262,0.7440000176429749,0.6420000195503235,0.6520000100135803,1023300,0.0,0.0
2024-08-23 00:00:00-04:00,0.656000018119812,0.7329999804496765,0.656000018119812,0.7329999804496765,1603400,0.0,0.0
