Date,Open,High,Low,Close,Volume,Dividends,Stock Splits
2019-11-11 00:00:00-05:00,20.0,22.0,16.600000381469727,20.799999237060547,244300,0.0,0.0
2019-11-12 00:00:00-05:00,20.850000381469727,21.690000534057617,18.739999771118164,19.75,196100,0.0,0.0
2019-11-13 00:00:00-05:00,19.0,20.5,19.0,20.5,27400,0.0,0.0
2019-11-14 00:00:00-05:00,20.75,23.270000457763672,20.75,23.139999389648438,123100,0.0,0.0
2019-11-15 00:00:00-05:00,23.229999542236328,27.415000915527344,23.0,27.0,110200,0.0,0.0
2019-11-18 00:00:00-05:00,27.200000762939453,29.1299991607666,26.010000228881836,28.270000457763672,51500,0.0,0.0
2019-11-19 00:00:00-05:00,28.979999542236328,46.189998626708984,28.979999542236328,29.989999771118164,279000,0.0,0.0
2019-11-20 00:00:00-05:00,30.510000228881836,35.08000183105469,27.5,28.8700008392334,140800,0.0,0.0
2019-11-21 00:00:00-05:00,28.469999313354492,32.22999954223633,27.864999771118164,30.700000762939453,50300,0.0,0.0
2019-11-22 00:00:00-05:00,30.25,33.25,29.280000686645508,29.93000030517578,70900,0.0,0.0
2019-11-25 00:00:00-05:00,31.43000030517578,32.79999923706055,29.399999618530273,30.670000076293945,78400,0.0,0.0
2019-11-26 00:00:00-05:00,31.110000610351562,35.0,30.774999618530273,33.439998626708984,212600,0.0,0.0
2019-11-27 00:00:00-05:00,33.439998626708984,34.9900016784668,30.0,30.1200008392334,111700,0.0,0.0
2019-11-29 00:00:00-05:00,30.149999618530273,34.38999938964844,28.0,31.270000457763672,40300,0.0,0.0
2019-12-02 00:00:00-05:00,31.399999618530273,32.946998596191406,28.209999084472656,30.170000076293945,101300,0.0,0.0
2019-12-03 00:00:00-05:00,30.0,31.239999771118164,29.010000228881836,29.799999237060547,82900,0.0,0.0
2019-12-04 00:00:00-05:00,29.75,30.88800048828125,27.780000686645508,28.0,49300,0.0,0.0
2019-12-05 00:00:00-05:00,26.68000030517578,28.889999389648438,26.68000030517578,27.5,59000,0.0,0.0
2019-12-06 00:00:00-05:00,27.34000015258789,29.25,27.34000015258789,28.600000381469727,48400,0.0,0.0
2019-12-09 00:00:00-05:00,29.0,32.20000076293945,26.31999969482422,27.280000686645508,164200,0.0,0.0
2019-12-10 00:00:00-05:00,27.149999618530273,27.73900032043457,25.030000686645508,27.139999389648438,128900,0.0,0.0
2019-12-11 00:00:00-05:00,27.0,29.492000579833984,25.582000732421875,28.829999923706055,104400,0.0,0.0
2019-12-12 00:00:00-05:00,28.600000381469727,30.339000701904297,28.09000015258789,29.84000015258789,113500,0.0,0.0
2019-12-13 00:00:00-05:00,29.84000015258789,32.310001373291016,29.229999542236328,31.690000534057617,60300,0.0,0.0
2019-12-16 00:00:00-05:00,31.59000015258789,32.0,29.510000228881836,29.770000457763672,82200,0.0,0.0
2019-12-17 00:00:00-05:00,29.479999542236328,31.69499969482422,28.77199935913086,30.020000457763672,67100,0.0,0.0
2019-12-18 00:00:00-05:00,29.90999984741211,30.739999771118164,27.954999923706055,28.59000015258789,27800,0.0,0.0
2019-12-19 00:00:00-05:00,28.200000762939453,29.95800018310547,24.76799964904785,25.969999313354492,137800,0.0,0.0
2019-12-20 00:00:00-05:00,25.549999237060547,27.5,25.139999389648438,25.684999465942383,492600,0.0,0.0
2019-12-23 00:00:00-05:00,26.1299991607666,30.273000717163086,24.920000076293945,26.8799991607666,138000,0.0,0.0
2019-12-24 00:00:00-05:00,26.8799991607666,29.059999465942383,26.722999572753906,28.579999923706055,31200,0.0,0.0
2019-12-26 00:00:00-05:00,28.5,30.05299949645996,26.67300033569336,27.110000610351562,97400,0.0,0.0
2019-12-27 00:00:00-05:00,27.110000610351562,28.825000762939453,24.47800064086914,24.649999618530273,63200,0.0,0.0
2019-12-30 00:00:00-05:00,24.729999542236328,27.75,24.275999069213867,27.110000610351562,72800,0.0,0.0
2019-12-31 00:00:00-05:00,27.020000457763672,27.110000610351562,25.190000534057617,26.290000915527344,141000,0.0,0.0
2020-01-02 00:00:00-05:00,27.239999771118164,27.239999771118164,24.389999389648438,25.100000381469727,45400,0.0,0.0
2020-01-03 00:00:00-05:00,24.75,28.989999771118164,24.309999465942383,26.829999923706055,137600,0.0,0.0
2020-01-06 00:00:00-05:00,26.18000030517578,27.889999389648438,25.010000228881836,27.1299991607666,79200,0.0,0.0
2020-01-07 00:00:00-05:00,26.860000610351562,27.25,25.8700008392334,27.1200008392334,63500,0.0,0.0
2020-01-08 00:00:00-05:00,26.959999084472656,27.43000030517578,25.25,25.760000228881836,70800,0.0,0.0
2020-01-09 00:00:00-05:00,25.90999984741211,26.979999542236328,25.270000457763672,25.6200008392334,97000,0.0,0.0
2020-01-10 00:00:00-05:00,25.6200008392334,27.139999389648438,25.149999618530273,26.600000381469727,26800,0.0,0.0
2020-01-13 00:00:00-05:00,26.600000381469727,27.5,25.569000244140625,27.350000381469727,32400,0.0,0.0
2020-01-14 00:00:00-05:00,26.93000030517578,28.360000610351562,26.200000762939453,27.31999969482422,52600,0.0,0.0
2020-01-15 00:00:00-05:00,27.25,28.020000457763672,25.93000030517578,26.600000381469727,61500,0.0,0.0
2020-01-16 00:00:00-05:00,26.700000762939453,27.010000228881836,24.600000381469727,25.610000610351562,118200,0.0,0.0
2020-01-17 00:00:00-05:00,25.6299991607666,26.82699966430664,25.6299991607666,26.510000228881836,23600,0.0,0.0
2020-01-21 00:00:00-05:00,26.510000228881836,27.8700008392334,25.424999237060547,27.600000381469727,28100,0.0,0.0
2020-01-22 00:00:00-05:00,27.100000381469727,29.479999542236328,27.094999313354492,28.209999084472656,42200,0.0,0.0
2020-01-23 00:00:00-05:00,28.600000381469727,28.899999618530273,26.270000457763672,27.920000076293945,28600,0.0,0.0
2020-01-24 00:00:00-05:00,27.799999237060547,27.834999084472656,25.799999237060547,26.149999618530273,13500,0.0,0.0
2020-01-27 00:00:00-05:00,25.610000610351562,28.690000534057617,25.600000381469727,27.18000030517578,30600,0.0,0.0
2020-01-28 00:00:00-05:00,27.719999313354492,27.8799991607666,27.0,27.34000015258789,15900,0.0,0.0
2020-01-29 00:00:00-05:00,27.829999923706055,34.93000030517578,26.760000228881836,33.65999984741211,94900,0.0,0.0
2020-01-30 00:00:00-05:00,34.02000045776367,35.71200180053711,29.5,30.3700008392334,74200,0.0,0.0
2020-01-31 00:00:00-05:00,30.520000457763672,31.989999771118164,25.239999771118164,26.719999313354492,72900,0.0,0.0
2020-02-03 00:00:00-05:00,27.0,28.84000015258789,25.26099967956543,25.899999618530273,49800,0.0,0.0
2020-02-04 00:00:00-05:00,26.049999237060547,27.965999603271484,25.39699935913086,26.899999618530273,54200,0.0,0.0
2020-02-05 00:00:00-05:00,27.200000762939453,29.0,26.170000076293945,26.360000610351562,64500,0.0,0.0
2020-02-06 00:00:00-05:00,26.450000762939453,27.770000457763672,25.954999923706055,27.530000686645508,37400,0.0,0.0
2020-02-07 00:00:00-05:00,27.030000686645508,27.969999313354492,25.735000610351562,25.989999771118164,28900,0.0,0.0
2020-02-10 00:00:00-05:00,26.0,27.030000686645508,25.975000381469727,26.790000915527344,10900,0.0,0.0
2020-02-11 00:00:00-05:00,27.309999465942383,28.850000381469727,26.31999969482422,28.600000381469727,23700,0.0,0.0
2020-02-12 00:00:00-05:00,28.799999237060547,31.190000534057617,27.760000228881836,29.299999237060547,11300,0.0,0.0
2020-02-13 00:00:00-05:00,29.540000915527344,31.979999542236328,27.260000228881836,31.049999237060547,15500,0.0,0.0
2020-02-14 00:00:00-05:00,30.799999237060547,33.470001220703125,29.663000106811523,32.5,13200,0.0,0.0
2020-02-18 00:00:00-05:00,32.5,36.880001068115234,32.060001373291016,35.959999084472656,31200,0.0,0.0
2020-02-19 00:00:00-05:00,36.5,39.130001068115234,31.711999893188477,36.88999938964844,26200,0.0,0.0
2020-02-20 00:00:00-05:00,36.0,37.82500076293945,35.36000061035156,35.5099983215332,21000,0.0,0.0
2020-02-21 00:00:00-05:00,35.54999923706055,35.54999923706055,33.165000915527344,33.65999984741211,6300,0.0,0.0
2020-02-24 00:00:00-05:00,32.0,38.849998474121094,31.0,36.25,66300,0.0,0.0
2020-02-25 00:00:00-05:00,36.2400016784668,41.2400016784668,35.61000061035156,37.4900016784668,57800,0.0,0.0
2020-02-26 00:00:00-05:00,37.72999954223633,38.0,34.0099983215332,34.220001220703125,17200,0.0,0.0
2020-02-27 00:00:00-05:00,33.61000061035156,37.52000045776367,31.0,33.54999923706055,28600,0.0,0.0
2020-02-28 00:00:00-05:00,32.900001525878906,37.93000030517578,32.900001525878906,35.66999816894531,79800,0.0,0.0
2020-03-02 00:00:00-05:00,34.68000030517578,43.8489990234375,34.68000030517578,41.77000045776367,76100,0.0,0.0
2020-03-03 00:00:00-05:00,41.880001068115234,44.869998931884766,38.66999816894531,40.77000045776367,37600,0.0,0.0
2020-03-04 00:00:00-05:00,41.0,47.25299835205078,39.099998474121094,39.9900016784668,67400,0.0,0.0
2020-03-05 00:00:00-05:00,39.0099983215332,39.0099983215332,34.54999923706055,37.08000183105469,86900,0.0,0.0
2020-03-06 00:00:00-05:00,36.31999969482422,39.18000030517578,36.31999969482422,38.20000076293945,41300,0.0,0.0
2020-03-09 00:00:00-04:00,37.29999923706055,39.51499938964844,36.244998931884766,37.20000076293945,20300,0.0,0.0
2020-03-10 00:00:00-04:00,38.0,38.0,32.400001525878906,34.599998474121094,74500,0.0,0.0
2020-03-11 00:00:00-04:00,34.08000183105469,35.790000915527344,33.05099868774414,33.54999923706055,8500,0.0,0.0
2020-03-12 00:00:00-04:00,32.34000015258789,32.34000015258789,20.450000762939453,21.049999237060547,55000,0.0,0.0
2020-03-13 00:00:00-04:00,23.0,29.489999771118164,20.25,23.020000457763672,85300,0.0,0.0
2020-03-16 00:00:00-04:00,19.520000457763672,22.979999542236328,14.210000038146973,16.399999618530273,138000,0.0,0.0
2020-03-17 00:00:00-04:00,17.719999313354492,21.299999237060547,16.299999237060547,17.100000381469727,73000,0.0,0.0
2020-03-18 00:00:00-04:00,16.809999465942383,18.0,14.0,17.350000381469727,172600,0.0,0.0
2020-03-19 00:00:00-04:00,17.3700008392334,24.489999771118164,16.8700008392334,19.6299991607666,173800,0.0,0.0
2020-03-20 00:00:00-04:00,19.6299991607666,23.860000610351562,17.20400047302246,23.540000915527344,212500,0.0,0.0
2020-03-23 00:00:00-04:00,22.950000762939453,28.9950008392334,21.850000381469727,25.93000030517578,56600,0.0,0.0
2020-03-24 00:00:00-04:00,26.610000610351562,29.75,25.489999771118164,27.649999618530273,58400,0.0,0.0
2020-03-25 00:00:00-04:00,26.959999084472656,28.950000762939453,26.1299991607666,28.950000762939453,34200,0.0,0.0
2020-03-26 00:00:00-04:00,28.600000381469727,34.0,27.350000381469727,30.0,69100,0.0,0.0
2020-03-27 00:00:00-04:00,28.719999313354492,32.11000061035156,27.100000381469727,32.11000061035156,23700,0.0,0.0
2020-03-30 00:00:00-04:00,31.989999771118164,31.989999771118164,27.0,28.6299991607666,67500,0.0,0.0
2020-03-31 00:00:00-04:00,28.0,29.618000030517578,24.5,25.25,69900,0.0,0.0
2020-04-01 00:00:00-04:00,24.5,26.399999618530273,21.239999771118164,23.200000762939453,56000,0.0,0.0
2020-04-02 00:00:00-04:00,23.559999465942383,25.549999237060547,23.559999465942383,24.09000015258789,29200,0.0,0.0
2020-04-03 00:00:00-04:00,24.649999618530273,24.913000106811523,20.450000762939453,21.399999618530273,56100,0.0,0.0
2020-04-06 00:00:00-04:00,22.5,23.645999908447266,21.469999313354492,22.059999465942383,30700,0.0,0.0
2020-04-07 00:00:00-04:00,23.361000061035156,23.860000610351562,20.969999313354492,21.139999389648438,15400,0.0,0.0
2020-04-08 00:00:00-04:00,21.549999237060547,22.299999237060547,20.09000015258789,20.690000534057617,49500,0.0,0.0
2020-04-09 00:00:00-04:00,22.719999313354492,22.719999313354492,19.510000228881836,20.760000228881836,35000,0.0,0.0
2020-04-13 00:00:00-04:00,20.969999313354492,21.149999618530273,19.8700008392334,20.959999084472656,24700,0.0,0.0
2020-04-14 00:00:00-04:00,21.690000534057617,23.389999389648438,20.420000076293945,23.049999237060547,59300,0.0,0.0
2020-04-15 00:00:00-04:00,22.25,23.280000686645508,22.0,22.600000381469727,26700,0.0,0.0
2020-04-16 00:00:00-04:00,22.549999237060547,22.549999237060547,20.489999771118164,22.459999084472656,30300,0.0,0.0
2020-04-17 00:00:00-04:00,21.790000915527344,22.809999465942383,21.5,22.43000030517578,17100,0.0,0.0
2020-04-20 00:00:00-04:00,21.829999923706055,25.850000381469727,21.829999923706055,24.56999969482422,37600,0.0,0.0
2020-04-21 00:00:00-04:00,24.239999771118164,24.85700035095215,21.81999969482422,23.75,20400,0.0,0.0
2020-04-22 00:00:00-04:00,25.506999969482422,25.506999969482422,23.8799991607666,24.440000534057617,12800,0.0,0.0
2020-04-23 00:00:00-04:00,23.65999984741211,25.0,22.489999771118164,23.5,10300,0.0,0.0
2020-04-24 00:00:00-04:00,23.280000686645508,27.989999771118164,23.280000686645508,26.049999237060547,26100,0.0,0.0
2020-04-27 00:00:00-04:00,27.3799991607666,27.889999389648438,25.31999969482422,27.18000030517578,14400,0.0,0.0
2020-04-28 00:00:00-04:00,27.790000915527344,27.790000915527344,23.280000686645508,24.790000915527344,26800,0.0,0.0
2020-04-29 00:00:00-04:00,25.90999984741211,27.0,24.524999618530273,25.979999542236328,14900,0.0,0.0
2020-04-30 00:00:00-04:00,25.450000762939453,25.538000106811523,23.049999237060547,23.510000228881836,19000,0.0,0.0
2020-05-01 00:00:00-04:00,23.0,24.280000686645508,22.309999465942383,23.649999618530273,37600,0.0,0.0
2020-05-04 00:00:00-04:00,23.510000228881836,24.89699935913086,22.5,24.850000381469727,21500,0.0,0.0
2020-05-05 00:00:00-04:00,25.510000228881836,26.190000534057617,23.360000610351562,24.75,16600,0.0,0.0
2020-05-06 00:00:00-04:00,24.600000381469727,25.200000762939453,23.25,23.389999389648438,10900,0.0,0.0
2020-05-07 00:00:00-04:00,23.6299991607666,26.579999923706055,23.25,24.8799991607666,255400,0.0,0.0
2020-05-08 00:00:00-04:00,27.719999313354492,33.2400016784668,24.215999603271484,31.200000762939453,48300,0.0,0.0
2020-05-11 00:00:00-04:00,31.25,32.029998779296875,29.670000076293945,29.889999389648438,48800,0.0,0.0
2020-05-12 00:00:00-04:00,29.940000534057617,29.940000534057617,26.440000534057617,26.56999969482422,44700,0.0,0.0
2020-05-13 00:00:00-04:00,26.719999313354492,26.719999313354492,24.0,24.799999237060547,32300,0.0,0.0
2020-05-14 00:00:00-04:00,25.549999237060547,25.549999237060547,23.899999618530273,24.93000030517578,24900,0.0,0.0
2020-05-15 00:00:00-04:00,25.0,28.18000030517578,25.0,27.670000076293945,32700,0.0,0.0
2020-05-18 00:00:00-04:00,28.139999389648438,29.399999618530273,25.94099998474121,27.329999923706055,24100,0.0,0.0
2020-05-19 00:00:00-04:00,27.239999771118164,28.5,25.670000076293945,26.389999389648438,48800,0.0,0.0
2020-05-20 00:00:00-04:00,27.20400047302246,27.799999237060547,26.0,27.579999923706055,41800,0.0,0.0
2020-05-21 00:00:00-04:00,27.25,28.389999389648438,26.100000381469727,26.110000610351562,38800,0.0,0.0
2020-05-22 00:00:00-04:00,26.0,27.030000686645508,25.75,26.0,35000,0.0,0.0
2020-05-26 00:00:00-04:00,26.3700008392334,26.899999618530273,25.6200008392334,26.100000381469727,50600,0.0,0.0
2020-05-27 00:00:00-04:00,26.003999710083008,26.489999771118164,25.8700008392334,26.0,18300,0.0,0.0
2020-05-28 00:00:00-04:00,26.010000228881836,27.5,24.969999313354492,25.329999923706055,43400,0.0,0.0
2020-05-29 00:00:00-04:00,25.200000762939453,27.3700008392334,24.719999313354492,25.760000228881836,42600,0.0,0.0
2020-06-01 00:00:00-04:00,25.31999969482422,26.229999542236328,23.5,24.3700008392334,93100,0.0,0.0
2020-06-02 00:00:00-04:00,24.100000381469727,24.440000534057617,23.329999923706055,23.489999771118164,27800,0.0,0.0
2020-06-03 00:00:00-04:00,23.520000457763672,25.31999969482422,23.520000457763672,24.790000915527344,26100,0.0,0.0
2020-06-04 00:00:00-04:00,23.93000030517578,24.739999771118164,23.0,23.450000762939453,57400,0.0,0.0
2020-06-05 00:00:00-04:00,23.719999313354492,25.8700008392334,22.770000457763672,22.829999923706055,33200,0.0,0.0
2020-06-08 00:00:00-04:00,23.149999618530273,24.0,21.8799991607666,22.260000228881836,73900,0.0,0.0
2020-06-09 00:00:00-04:00,22.5,23.979999542236328,22.309999465942383,23.399999618530273,20500,0.0,0.0
2020-06-10 00:00:00-04:00,22.608999252319336,26.65999984741211,22.608999252319336,26.65999984741211,25300,0.0,0.0
2020-06-11 00:00:00-04:00,26.149999618530273,26.163999557495117,24.010000228881836,24.969999313354492,30600,0.0,0.0
2020-06-12 00:00:00-04:00,24.584999084472656,24.584999084472656,23.6200008392334,24.270000457763672,12300,0.0,0.0
2020-06-15 00:00:00-04:00,24.329999923706055,26.479999542236328,24.219999313354492,25.8700008392334,29000,0.0,0.0
2020-06-16 00:00:00-04:00,26.5,27.368999481201172,25.1200008392334,25.65999984741211,32200,0.0,0.0
2020-06-17 00:00:00-04:00,25.790000915527344,26.110000610351562,24.399999618530273,24.709999084472656,38600,0.0,0.0
2020-06-18 00:00:00-04:00,24.559999465942383,25.979999542236328,23.81999969482422,25.09000015258789,128900,0.0,0.0
2020-06-19 00:00:00-04:00,24.899999618530273,25.549999237060547,22.5,23.0,173600,0.0,0.0
2020-06-22 00:00:00-04:00,23.93000030517578,24.665000915527344,23.8700008392334,24.290000915527344,57000,0.0,0.0
2020-06-23 00:00:00-04:00,24.09000015258789,24.440000534057617,22.75,23.309999465942383,79600,0.0,0.0
2020-06-24 00:00:00-04:00,23.0,23.68000030517578,22.649999618530273,22.8700008392334,21800,0.0,0.0
2020-06-25 00:00:00-04:00,23.149999618530273,23.354999542236328,22.399999618530273,22.924999237060547,50700,0.0,0.0
2020-06-26 00:00:00-04:00,23.149999618530273,23.700000762939453,20.989999771118164,21.25,134200,0.0,0.0
2020-06-29 00:00:00-04:00,21.270000457763672,21.5,18.97599983215332,19.969999313354492,120100,0.0,0.0
2020-06-30 00:00:00-04:00,20.4950008392334,21.15999984741211,18.013999938964844,19.93000030517578,115200,0.0,0.0
2020-07-01 00:00:00-04:00,25.0,29.899999618530273,22.315000534057617,28.170000076293945,1128500,0.0,0.0
2020-07-02 00:00:00-04:00,26.299999237060547,29.760000228881836,26.0,27.600000381469727,80800,0.0,0.0
2020-07-06 00:00:00-04:00,26.31999969482422,27.549999237060547,24.030000686645508,26.479999542236328,93800,0.0,0.0
2020-07-07 00:00:00-04:00,27.56999969482422,37.09000015258789,27.295000076293945,33.04999923706055,245300,0.0,0.0
2020-07-08 00:00:00-04:00,31.010000228881836,32.7400016784668,29.0,30.959999084472656,1065400,0.0,0.0
2020-07-09 00:00:00-04:00,31.299999237060547,33.76499938964844,30.969999313354492,33.08000183105469,185700,0.0,0.0
2020-07-10 00:00:00-04:00,32.970001220703125,33.11000061035156,31.260000228881836,32.220001220703125,57700,0.0,0.0
2020-07-13 00:00:00-04:00,32.5,35.27000045776367,31.01300048828125,31.75,94200,0.0,0.0
2020-07-14 00:00:00-04:00,31.600000381469727,32.29999923706055,29.739999771118164,31.1200008392334,47400,0.0,0.0
2020-07-15 00:00:00-04:00,32.599998474121094,35.290000915527344,32.0099983215332,32.290000915527344,110600,0.0,0.0
2020-07-16 00:00:00-04:00,31.829999923706055,33.150001525878906,30.520000457763672,32.220001220703125,60900,0.0,0.0
2020-07-17 00:00:00-04:00,32.880001068115234,33.36000061035156,31.440000534057617,32.5,38400,0.0,0.0
2020-07-20 00:00:00-04:00,32.83000183105469,36.18000030517578,32.81999969482422,34.84000015258789,115300,0.0,0.0
2020-07-21 00:00:00-04:00,34.959999084472656,35.58000183105469,32.189998626708984,34.84000015258789,64700,0.0,0.0
2020-07-22 00:00:00-04:00,34.849998474121094,34.849998474121094,32.27000045776367,33.13999938964844,83600,0.0,0.0
2020-07-23 00:00:00-04:00,34.810001373291016,34.810001373291016,31.25,32.779998779296875,74200,0.0,0.0
2020-07-24 00:00:00-04:00,32.22999954223633,32.529998779296875,30.5,31.670000076293945,29000,0.0,0.0
2020-07-27 00:00:00-04:00,31.989999771118164,32.05500030517578,29.325000762939453,31.510000228881836,78900,0.0,0.0
2020-07-28 00:00:00-04:00,31.56999969482422,33.5099983215332,31.219999313354492,31.31999969482422,32700,0.0,0.0
2020-07-29 00:00:00-04:00,31.270000457763672,31.7450008392334,28.46500015258789,28.770000457763672,40900,0.0,0.0
2020-07-30 00:00:00-04:00,28.559999465942383,29.479999542236328,28.290000915527344,29.09000015258789,43200,0.0,0.0
2020-07-31 00:00:00-04:00,30.06999969482422,31.434999465942383,29.0,30.3799991607666,78500,0.0,0.0
2020-08-03 00:00:00-04:00,30.3700008392334,30.920000076293945,29.030000686645508,30.540000915527344,76700,0.0,0.0
2020-08-04 00:00:00-04:00,30.649999618530273,33.33000183105469,30.649999618530273,31.440000534057617,73100,0.0,0.0
2020-08-05 00:00:00-04:00,31.579999923706055,32.290000915527344,30.510000228881836,32.0,31500,0.0,0.0
2020-08-06 00:00:00-04:00,32.15999984741211,32.215999603271484,29.53499984741211,30.010000228881836,62100,0.0,0.0
2020-08-07 00:00:00-04:00,30.229999542236328,33.36000061035156,30.229999542236328,31.25,53700,0.0,0.0
2020-08-10 00:00:00-04:00,31.209999084472656,32.61000061035156,30.510000228881836,31.639999389648438,80700,0.0,0.0
2020-08-11 00:00:00-04:00,31.3799991607666,32.1879997253418,30.209999084472656,30.209999084472656,42500,0.0,0.0
2020-08-12 00:00:00-04:00,30.309999465942383,31.84000015258789,28.239999771118164,29.690000534057617,44200,0.0,0.0
2020-08-13 00:00:00-04:00,29.809999465942383,31.100000381469727,29.65999984741211,30.75,48000,0.0,0.0
2020-08-14 00:00:00-04:00,32.16999816894531,32.16999816894531,29.549999237060547,30.170000076293945,29100,0.0,0.0
2020-08-17 00:00:00-04:00,30.479999542236328,31.8799991607666,30.0,31.75,53600,0.0,0.0
2020-08-18 00:00:00-04:00,31.71500015258789,34.4900016784668,31.559999465942383,33.81999969482422,50300,0.0,0.0
2020-08-19 00:00:00-04:00,34.290000915527344,37.0,32.959999084472656,34.68000030517578,51200,0.0,0.0
2020-08-20 00:00:00-04:00,34.61000061035156,34.68000030517578,32.18000030517578,33.79999923706055,52200,0.0,0.0
2020-08-21 00:00:00-04:00,33.720001220703125,34.529998779296875,32.310001373291016,33.47999954223633,35900,0.0,0.0
2020-08-24 00:00:00-04:00,33.31999969482422,36.88999938964844,33.07500076293945,35.66999816894531,52900,0.0,0.0
2020-08-25 00:00:00-04:00,35.459999084472656,39.56999969482422,35.459999084472656,37.16999816894531,108500,0.0,0.0
2020-08-26 00:00:00-04:00,37.189998626708984,39.220001220703125,36.90999984741211,37.880001068115234,65800,0.0,0.0
2020-08-27 00:00:00-04:00,38.79999923706055,39.06999969482422,37.220001220703125,37.619998931884766,51900,0.0,0.0
2020-08-28 00:00:00-04:00,37.70000076293945,38.9900016784668,37.540000915527344,38.25,57200,0.0,0.0
2020-08-31 00:00:00-04:00,38.5,38.939998626708984,37.94300079345703,38.5,76000,0.0,0.0
2020-09-01 00:00:00-04:00,38.849998474121094,40.125,34.790000915527344,38.5099983215332,116000,0.0,0.0
2020-09-02 00:00:00-04:00,38.5,42.36000061035156,38.0,38.81999969482422,80300,0.0,0.0
2020-09-03 00:00:00-04:00,38.63999938964844,39.82500076293945,34.36000061035156,37.2400016784668,96300,0.0,0.0
2020-09-04 00:00:00-04:00,37.279998779296875,41.2400016784668,35.68000030517578,36.81999969482422,103100,0.0,0.0
2020-09-08 00:00:00-04:00,35.939998626708984,37.57500076293945,35.04999923706055,35.04999923706055,57600,0.0,0.0
2020-09-09 00:00:00-04:00,35.43000030517578,37.11000061035156,35.43000030517578,36.790000915527344,69000,0.0,0.0
2020-09-10 00:00:00-04:00,36.689998626708984,38.34000015258789,35.0099983215332,35.61000061035156,55700,0.0,0.0
2020-09-11 00:00:00-04:00,35.619998931884766,36.439998626708984,31.75,34.560001373291016,79500,0.0,0.0
2020-09-14 00:00:00-04:00,39.79999923706055,40.939998626708984,35.47999954223633,36.75,236300,0.0,0.0
2020-09-15 00:00:00-04:00,37.36000061035156,37.970001220703125,30.344999313354492,30.440000534057617,192400,0.0,0.0
2020-09-16 00:00:00-04:00,31.0,31.889999389648438,26.510000228881836,29.190000534057617,397400,0.0,0.0
2020-09-17 00:00:00-04:00,27.25,27.25,24.459999084472656,24.889999389648438,1762800,0.0,0.0
2020-09-18 00:00:00-04:00,25.899999618530273,26.299999237060547,24.950000762939453,25.530000686645508,835100,0.0,0.0
2020-09-21 00:00:00-04:00,25.170000076293945,25.299999237060547,23.760000228881836,25.0,361300,0.0,0.0
2020-09-22 00:00:00-04:00,26.3700008392334,27.399999618530273,24.290000915527344,25.25,397400,0.0,0.0
2020-09-23 00:00:00-04:00,25.149999618530273,25.25,23.75,24.34000015258789,223000,0.0,0.0
2020-09-24 00:00:00-04:00,23.959999084472656,24.649999618530273,23.010000228881836,24.420000076293945,149200,0.0,0.0
2020-09-25 00:00:00-04:00,25.639999389648438,26.0,24.469999313354492,25.360000610351562,350500,0.0,0.0
2020-09-28 00:00:00-04:00,25.600000381469727,25.90999984741211,24.280000686645508,24.690000534057617,183600,0.0,0.0
2020-09-29 00:00:00-04:00,24.690000534057617,25.979999542236328,24.510000228881836,24.940000534057617,220000,0.0,0.0
2020-09-30 00:00:00-04:00,24.739999771118164,25.690000534057617,24.729999542236328,25.65999984741211,130400,0.0,0.0
2020-10-01 00:00:00-04:00,25.68000030517578,25.827999114990234,24.889999389648438,25.209999084472656,133500,0.0,0.0
2020-10-02 00:00:00-04:00,24.65999984741211,25.989999771118164,24.600000381469727,25.75,125100,0.0,0.0
2020-10-05 00:00:00-04:00,25.700000762939453,26.1200008392334,25.03499984741211,25.56999969482422,143800,0.0,0.0
2020-10-06 00:00:00-04:00,25.719999313354492,25.8700008392334,23.530000686645508,23.790000915527344,139200,0.0,0.0
2020-10-07 00:00:00-04:00,24.239999771118164,25.889999389648438,24.049999237060547,24.719999313354492,226600,0.0,0.0
2020-10-08 00:00:00-04:00,24.809999465942383,25.34000015258789,24.06999969482422,24.600000381469727,125300,0.0,0.0
2020-10-09 00:00:00-04:00,24.719999313354492,25.59000015258789,23.829999923706055,24.100000381469727,225400,0.0,0.0
2020-10-12 00:00:00-04:00,24.329999923706055,24.489999771118164,23.510000228881836,23.829999923706055,201500,0.0,0.0
2020-10-13 00:00:00-04:00,23.809999465942383,24.489999771118164,23.760000228881836,23.950000762939453,113400,0.0,0.0
2020-10-14 00:00:00-04:00,23.90999984741211,24.479999542236328,23.760000228881836,23.899999618530273,138600,0.0,0.0
2020-10-15 00:00:00-04:00,23.31999969482422,23.8700008392334,22.260000228881836,23.639999389648438,148900,0.0,0.0
2020-10-16 00:00:00-04:00,23.639999389648438,23.889999389648438,23.399999618530273,23.729999542236328,66000,0.0,0.0
2020-10-19 00:00:00-04:00,25.579999923706055,27.0,24.829999923706055,25.229999542236328,462700,0.0,0.0
2020-10-20 00:00:00-04:00,25.170000076293945,25.35300064086914,23.604999542236328,23.899999618530273,228900,0.0,0.0
2020-10-21 00:00:00-04:00,23.899999618530273,24.489999771118164,23.510000228881836,23.68000030517578,77400,0.0,0.0
2020-10-22 00:00:00-04:00,23.709999084472656,24.610000610351562,23.6200008392334,24.459999084472656,89900,0.0,0.0
2020-10-23 00:00:00-04:00,24.549999237060547,24.979999542236328,23.90999984741211,24.43000030517578,76000,0.0,0.0
2020-10-26 00:00:00-04:00,24.260000228881836,24.81999969482422,23.639999389648438,24.329999923706055,61100,0.0,0.0
2020-10-27 00:00:00-04:00,24.329999923706055,25.0,23.899999618530273,24.59000015258789,103900,0.0,0.0
2020-10-28 00:00:00-04:00,24.059999465942383,24.479999542236328,23.209999084472656,24.020000457763672,144900,0.0,0.0
2020-10-29 00:00:00-04:00,24.030000686645508,24.56999969482422,23.350000381469727,24.1200008392334,175600,0.0,0.0
2020-10-30 00:00:00-04:00,24.020000457763672,24.3700008392334,22.860000610351562,23.15999984741211,107700,0.0,0.0
2020-11-02 00:00:00-05:00,23.299999237060547,24.0,22.90999984741211,23.290000915527344,240300,0.0,0.0
2020-11-03 00:00:00-05:00,23.1299991607666,23.700000762939453,22.770000457763672,23.579999923706055,346200,0.0,0.0
2020-11-04 00:00:00-05:00,23.739999771118164,25.389999389648438,23.739999771118164,24.920000076293945,278100,0.0,0.0
2020-11-05 00:00:00-05:00,24.989999771118164,25.450000762939453,24.31999969482422,24.719999313354492,78400,0.0,0.0
2020-11-06 00:00:00-05:00,24.75,24.989999771118164,24.420000076293945,24.68000030517578,65300,0.0,0.0
2020-11-09 00:00:00-05:00,25.1299991607666,25.3700008392334,24.65999984741211,24.989999771118164,123200,0.0,0.0
2020-11-10 00:00:00-05:00,25.1200008392334,25.229999542236328,24.299999237060547,24.299999237060547,156800,0.0,0.0
2020-11-11 00:00:00-05:00,25.719999313354492,25.719999313354492,24.09000015258789,24.790000915527344,282600,0.0,0.0
2020-11-12 00:00:00-05:00,24.940000534057617,25.389999389648438,24.219999313354492,25.079999923706055,352000,0.0,0.0
2020-11-13 00:00:00-05:00,25.239999771118164,27.229999542236328,25.020000457763672,26.8799991607666,226200,0.0,0.0
2020-11-16 00:00:00-05:00,26.920000076293945,28.25,26.65999984741211,28.079999923706055,257800,0.0,0.0
2020-11-17 00:00:00-05:00,27.8799991607666,28.239999771118164,26.399999618530273,26.670000076293945,106300,0.0,0.0
2020-11-18 00:00:00-05:00,26.989999771118164,27.295000076293945,25.594999313354492,26.149999618530273,217900,0.0,0.0
2020-11-19 00:00:00-05:00,25.90999984741211,27.040000915527344,25.520000457763672,25.969999313354492,110700,0.0,0.0
2020-11-20 00:00:00-05:00,25.850000381469727,27.729999542236328,25.850000381469727,27.600000381469727,242100,0.0,0.0
2020-11-23 00:00:00-05:00,27.520000457763672,27.940000534057617,27.09000015258789,27.600000381469727,99100,0.0,0.0
2020-11-24 00:00:00-05:00,27.780000686645508,27.780000686645508,26.760000228881836,26.950000762939453,102100,0.0,0.0
2020-11-25 00:00:00-05:00,27.0,27.459999084472656,26.799999237060547,27.040000915527344,100200,0.0,0.0
2020-11-27 00:00:00-05:00,27.190000534057617,27.7549991607666,27.030000686645508,27.280000686645508,89500,0.0,0.0
2020-11-30 00:00:00-05:00,26.950000762939453,27.5,25.77899932861328,27.010000228881836,126000,0.0,0.0
2020-12-01 00:00:00-05:00,27.40999984741211,27.5,26.280000686645508,26.520000457763672,153300,0.0,0.0
2020-12-02 00:00:00-05:00,26.31999969482422,27.0,26.149999618530273,26.389999389648438,55400,0.0,0.0
2020-12-03 00:00:00-05:00,26.510000228881836,27.075000762939453,26.291000366210938,26.479999542236328,76200,0.0,0.0
2020-12-04 00:00:00-05:00,26.709999084472656,27.084999084472656,26.209999084472656,26.93000030517578,50500,0.0,0.0
2020-12-07 00:00:00-05:00,26.899999618530273,27.049999237060547,26.200000762939453,26.719999313354492,87900,0.0,0.0
2020-12-08 00:00:00-05:00,26.93000030517578,27.049999237060547,26.200000762939453,26.5,92800,0.0,0.0
2020-12-09 00:00:00-05:00,26.489999771118164,27.3799991607666,26.079999923706055,27.260000228881836,173800,0.0,0.0
2020-12-10 00:00:00-05:00,27.190000534057617,27.260000228881836,26.3799991607666,26.90999984741211,250200,0.0,0.0
2020-12-11 00:00:00-05:00,26.889999389648438,27.0,25.1200008392334,25.610000610351562,106300,0.0,0.0
2020-12-14 00:00:00-05:00,25.559999465942383,27.1299991607666,25.385000228881836,26.450000762939453,166500,0.0,0.0
2020-12-15 00:00:00-05:00,26.479999542236328,28.1299991607666,26.459999084472656,27.520000457763672,205300,0.0,0.0
2020-12-16 00:00:00-05:00,27.360000610351562,27.81999969482422,26.809999465942383,27.450000762939453,163600,0.0,0.0
2020-12-17 00:00:00-05:00,27.34000015258789,28.239999771118164,26.799999237060547,27.899999618530273,229500,0.0,0.0
2020-12-18 00:00:00-05:00,27.790000915527344,27.899999618530273,25.860000610351562,25.969999313354492,503900,0.0,0.0
2020-12-21 00:00:00-05:00,25.5,26.479999542236328,25.0,26.34000015258789,198800,0.0,0.0
2020-12-22 00:00:00-05:00,26.56999969482422,26.790000915527344,25.469999313354492,26.139999389648438,136000,0.0,0.0
2020-12-23 00:00:00-05:00,26.149999618530273,26.950000762939453,25.56999969482422,26.739999771118164,143300,0.0,0.0
2020-12-24 00:00:00-05:00,27.100000381469727,27.690000534057617,26.90999984741211,27.190000534057617,48200,0.0,0.0
2020-12-28 00:00:00-05:00,27.68000030517578,27.950000762939453,26.799999237060547,26.8799991607666,207800,0.0,0.0
2020-12-29 00:00:00-05:00,26.899999618530273,27.049999237060547,25.639999389648438,26.079999923706055,180900,0.0,0.0
2020-12-30 00:00:00-05:00,26.149999618530273,26.190000534057617,25.0,25.579999923706055,180200,0.0,0.0
2020-12-31 00:00:00-05:00,25.639999389648438,25.69700050354004,24.239999771118164,24.3700008392334,177600,0.0,0.0
2021-01-04 00:00:00-05:00,24.899999618530273,24.899999618530273,23.469999313354492,24.0,293900,0.0,0.0
2021-01-05 00:00:00-05:00,23.959999084472656,24.09000015258789,22.90999984741211,22.979999542236328,334100,0.0,0.0
2021-01-06 00:00:00-05:00,23.079999923706055,23.079999923706055,21.969999313354492,22.059999465942383,445000,0.0,0.0
2021-01-07 00:00:00-05:00,22.299999237060547,23.299999237060547,21.010000228881836,22.989999771118164,432700,0.0,0.0
2021-01-08 00:00:00-05:00,22.584999084472656,23.38599967956543,21.420000076293945,21.8799991607666,501900,0.0,0.0
2021-01-11 00:00:00-05:00,21.989999771118164,22.360000610351562,21.559999465942383,21.68000030517578,165300,0.0,0.0
2021-01-12 00:00:00-05:00,22.059999465942383,22.385000228881836,21.6200008392334,21.989999771118164,240100,0.0,0.0
2021-01-13 00:00:00-05:00,21.989999771118164,22.239999771118164,21.31999969482422,21.559999465942383,248600,0.0,0.0
2021-01-14 00:00:00-05:00,21.649999618530273,22.0,21.297000885009766,21.559999465942383,190300,0.0,0.0
2021-01-15 00:00:00-05:00,21.5,22.18000030517578,21.190000534057617,21.3799991607666,185700,0.0,0.0
2021-01-19 00:00:00-05:00,21.670000076293945,21.770000457763672,20.770000457763672,20.889999389648438,310100,0.0,0.0
2021-01-20 00:00:00-05:00,21.0,21.239999771118164,20.700000762939453,21.110000610351562,217100,0.0,0.0
2021-01-21 00:00:00-05:00,21.110000610351562,21.166000366210938,20.3799991607666,20.690000534057617,185700,0.0,0.0
2021-01-22 00:00:00-05:00,20.649999618530273,21.020000457763672,20.469999313354492,20.729999542236328,171700,0.0,0.0
2021-01-25 00:00:00-05:00,20.729999542236328,21.079999923706055,20.309999465942383,20.959999084472656,211700,0.0,0.0
2021-01-26 00:00:00-05:00,21.0,22.34000015258789,20.809999465942383,21.6200008392334,227300,0.0,0.0
2021-01-27 00:00:00-05:00,21.6200008392334,21.690000534057617,20.40999984741211,20.639999389648438,196300,0.0,0.0
2021-01-28 00:00:00-05:00,20.600000381469727,20.989999771118164,19.299999237060547,20.219999313354492,472100,0.0,0.0
2021-01-29 00:00:00-05:00,20.389999389648438,21.260000228881836,19.799999237060547,20.299999237060547,140200,0.0,0.0
2021-02-01 00:00:00-05:00,20.510000228881836,21.989999771118164,20.510000228881836,21.360000610351562,163700,0.0,0.0
2021-02-02 00:00:00-05:00,21.809999465942383,21.989999771118164,21.382999420166016,21.709999084472656,181800,0.0,0.0
2021-02-03 00:00:00-05:00,21.709999084472656,22.350000381469727,21.270000457763672,21.860000610351562,164800,0.0,0.0
2021-02-04 00:00:00-05:00,22.059999465942383,23.229999542236328,21.90999984741211,22.40999984741211,106200,0.0,0.0
2021-02-05 00:00:00-05:00,22.540000915527344,23.350000381469727,22.030000686645508,23.010000228881836,143600,0.0,0.0
2021-02-08 00:00:00-05:00,23.260000228881836,24.489999771118164,23.030000686645508,24.0,129400,0.0,0.0
2021-02-09 00:00:00-05:00,24.0,24.469999313354492,23.3700008392334,23.969999313354492,102800,0.0,0.0
2021-02-10 00:00:00-05:00,24.299999237060547,24.860000610351562,23.33099937438965,23.950000762939453,108700,0.0,0.0
2021-02-11 00:00:00-05:00,24.1200008392334,24.549999237060547,23.5,23.959999084472656,75700,0.0,0.0
2021-02-12 00:00:00-05:00,23.729999542236328,24.229999542236328,23.34000015258789,23.690000534057617,47600,0.0,0.0
2021-02-16 00:00:00-05:00,23.860000610351562,23.940000534057617,22.665000915527344,23.700000762939453,136800,0.0,0.0
2021-02-17 00:00:00-05:00,23.639999389648438,24.940000534057617,23.079999923706055,24.6299991607666,194100,0.0,0.0
2021-02-18 00:00:00-05:00,24.65999984741211,24.850000381469727,23.809999465942383,24.079999923706055,114100,0.0,0.0
2021-02-19 00:00:00-05:00,23.90999984741211,24.739999771118164,23.90999984741211,24.489999771118164,81600,0.0,0.0
2021-02-22 00:00:00-05:00,24.170000076293945,24.190000534057617,23.260000228881836,23.649999618530273,142700,0.0,0.0
2021-02-23 00:00:00-05:00,23.649999618530273,23.649999618530273,22.139999389648438,23.09000015258789,133900,0.0,0.0
2021-02-24 00:00:00-05:00,23.774999618530273,25.0,23.1200008392334,25.0,120700,0.0,0.0
2021-02-25 00:00:00-05:00,24.670000076293945,25.6299991607666,24.030000686645508,24.8700008392334,178000,0.0,0.0
2021-02-26 00:00:00-05:00,24.959999084472656,25.530000686645508,24.260000228881836,24.559999465942383,110500,0.0,0.0
2021-03-01 00:00:00-05:00,25.110000610351562,25.5,24.270000457763672,24.700000762939453,54400,0.0,0.0
2021-03-02 00:00:00-05:00,24.59000015258789,24.899999618530273,24.139999389648438,24.84000015258789,78200,0.0,0.0
2021-03-03 00:00:00-05:00,24.959999084472656,25.15999984741211,24.049999237060547,24.540000915527344,126400,0.0,0.0
2021-03-04 00:00:00-05:00,24.6299991607666,24.6299991607666,21.489999771118164,22.149999618530273,194400,0.0,0.0
2021-03-05 00:00:00-05:00,22.389999389648438,22.6299991607666,19.760000228881836,22.329999923706055,148400,0.0,0.0
2021-03-08 00:00:00-05:00,22.40999984741211,22.940000534057617,21.510000228881836,21.959999084472656,80700,0.0,0.0
2021-03-09 00:00:00-05:00,23.424999237060547,23.424999237060547,22.190000534057617,23.139999389648438,95700,0.0,0.0
2021-03-10 00:00:00-05:00,23.290000915527344,23.479999542236328,22.690000534057617,22.84000015258789,52300,0.0,0.0
2021-03-11 00:00:00-05:00,23.31999969482422,24.520000457763672,23.299999237060547,24.450000762939453,63200,0.0,0.0
2021-03-12 00:00:00-05:00,23.8700008392334,25.190000534057617,23.68000030517578,25.059999465942383,89000,0.0,0.0
2021-03-15 00:00:00-04:00,24.8799991607666,25.25,24.100000381469727,24.540000915527344,38800,0.0,0.0
2021-03-16 00:00:00-04:00,24.56999969482422,24.920000076293945,23.610000610351562,24.0,67700,0.0,0.0
2021-03-17 00:00:00-04:00,23.81999969482422,24.204999923706055,23.389999389648438,23.780000686645508,57300,0.0,0.0
2021-03-18 00:00:00-04:00,23.549999237060547,24.860000610351562,23.549999237060547,24.399999618530273,89600,0.0,0.0
2021-03-19 00:00:00-04:00,24.600000381469727,25.200000762939453,24.43000030517578,25.09000015258789,111700,0.0,0.0
2021-03-22 00:00:00-04:00,25.049999237060547,27.290000915527344,24.68000030517578,26.729999542236328,264900,0.0,0.0
2021-03-23 00:00:00-04:00,25.959999084472656,27.295000076293945,24.3700008392334,24.6299991607666,185700,0.0,0.0
2021-03-24 00:00:00-04:00,25.540000915527344,25.540000915527344,21.75,21.790000915527344,200400,0.0,0.0
2021-03-25 00:00:00-04:00,22.889999389648438,24.68000030517578,21.799999237060547,23.479999542236328,177800,0.0,0.0
2021-03-26 00:00:00-04:00,23.90999984741211,25.81999969482422,23.90999984741211,25.1200008392334,149200,0.0,0.0
2021-03-29 00:00:00-04:00,25.059999465942383,25.386999130249023,23.59000015258789,23.700000762939453,64500,0.0,0.0
2021-03-30 00:00:00-04:00,23.530000686645508,24.450000762939453,23.030000686645508,23.719999313354492,71100,0.0,0.0
2021-03-31 00:00:00-04:00,23.719999313354492,24.479999542236328,23.450000762939453,23.68000030517578,104800,0.0,0.0
2021-04-01 00:00:00-04:00,23.950000762939453,24.049999237060547,23.299999237060547,23.59000015258789,50800,0.0,0.0
2021-04-05 00:00:00-04:00,24.040000915527344,25.829999923706055,23.450000762939453,25.43000030517578,84900,0.0,0.0
2021-04-06 00:00:00-04:00,25.200000762939453,26.1299991607666,25.1200008392334,25.209999084472656,44400,0.0,0.0
2021-04-07 00:00:00-04:00,25.209999084472656,25.850000381469727,24.950000762939453,25.100000381469727,56000,0.0,0.0
2021-04-08 00:00:00-04:00,25.25,26.489999771118164,24.850000381469727,26.34000015258789,78600,0.0,0.0
2021-04-09 00:00:00-04:00,26.43000030517578,26.43000030517578,25.540000915527344,26.280000686645508,76400,0.0,0.0
2021-04-12 00:00:00-04:00,26.110000610351562,26.110000610351562,23.575000762939453,23.799999237060547,87900,0.0,0.0
2021-04-13 00:00:00-04:00,23.90999984741211,25.1200008392334,23.270000457763672,23.510000228881836,71600,0.0,0.0
2021-04-14 00:00:00-04:00,23.719999313354492,24.719999313354492,22.8799991607666,23.780000686645508,113100,0.0,0.0
2021-04-15 00:00:00-04:00,24.0,24.329999923706055,23.18000030517578,24.15999984741211,58400,0.0,0.0
2021-04-16 00:00:00-04:00,24.309999465942383,24.889999389648438,23.90999984741211,24.770000457763672,128800,0.0,0.0
2021-04-19 00:00:00-04:00,24.690000534057617,25.719999313354492,24.690000534057617,25.31999969482422,105300,0.0,0.0
2021-04-20 00:00:00-04:00,25.079999923706055,26.25,25.06999969482422,25.809999465942383,66100,0.0,0.0
2021-04-21 00:00:00-04:00,27.280000686645508,28.280000686645508,26.360000610351562,28.0,149400,0.0,0.0
2021-04-22 00:00:00-04:00,28.0,28.0,25.3799991607666,25.3799991607666,83900,0.0,0.0
2021-04-23 00:00:00-04:00,25.670000076293945,25.889999389648438,24.709999084472656,25.719999313354492,63900,0.0,0.0
2021-04-26 00:00:00-04:00,25.93000030517578,26.405000686645508,25.700000762939453,25.8700008392334,33600,0.0,0.0
2021-04-27 00:00:00-04:00,25.950000762939453,27.200000762939453,25.80699920654297,26.920000076293945,35800,0.0,0.0
2021-04-28 00:00:00-04:00,26.93000030517578,27.989999771118164,26.450000762939453,27.469999313354492,39900,0.0,0.0
2021-04-29 00:00:00-04:00,27.559999465942383,27.75,26.290000915527344,26.979999542236328,38900,0.0,0.0
2021-04-30 00:00:00-04:00,26.75,27.3799991607666,25.889999389648438,26.290000915527344,39500,0.0,0.0
2021-05-03 00:00:00-04:00,26.889999389648438,26.889999389648438,24.979999542236328,25.459999084472656,51100,0.0,0.0
2021-05-04 00:00:00-04:00,25.030000686645508,25.829999923706055,23.90999984741211,24.93000030517578,117600,0.0,0.0
2021-05-05 00:00:00-04:00,24.53499984741211,25.45599937438965,23.399999618530273,23.989999771118164,95500,0.0,0.0
2021-05-06 00:00:00-04:00,24.06999969482422,24.299999237060547,23.010000228881836,24.110000610351562,59400,0.0,0.0
2021-05-07 00:00:00-04:00,24.524999618530273,24.969999313354492,23.8799991607666,24.170000076293945,27500,0.0,0.0
2021-05-10 00:00:00-04:00,23.940000534057617,24.420000076293945,23.100000381469727,23.100000381469727,51800,0.0,0.0
2021-05-11 00:00:00-04:00,22.690000534057617,25.360000610351562,22.690000534057617,25.260000228881836,54600,0.0,0.0
2021-05-12 00:00:00-04:00,24.15999984741211,25.670000076293945,23.1299991607666,23.40999984741211,97100,0.0,0.0
2021-05-13 00:00:00-04:00,23.020000457763672,23.219999313354492,20.200000762939453,20.3700008392334,178600,0.0,0.0
2021-05-14 00:00:00-04:00,20.899999618530273,21.889999389648438,20.020000457763672,21.6299991607666,71100,0.0,0.0
2021-05-17 00:00:00-04:00,21.280000686645508,22.270000457763672,21.25,21.75,51000,0.0,0.0
2021-05-18 00:00:00-04:00,21.780000686645508,23.0,21.690000534057617,22.68000030517578,38100,0.0,0.0
2021-05-19 00:00:00-04:00,21.739999771118164,22.65999984741211,21.15999984741211,21.8700008392334,41800,0.0,0.0
2021-05-20 00:00:00-04:00,21.8799991607666,23.06999969482422,21.75,22.149999618530273,39700,0.0,0.0
2021-05-21 00:00:00-04:00,22.459999084472656,22.790000915527344,21.8799991607666,22.6200008392334,35900,0.0,0.0
2021-05-24 00:00:00-04:00,20.18000030517578,21.0,18.639999389648438,19.399999618530273,378300,0.0,0.0
2021-05-25 00:00:00-04:00,19.100000381469727,19.280000686645508,16.850000381469727,17.415000915527344,246900,0.0,0.0
2021-05-26 00:00:00-04:00,17.850000381469727,18.420000076293945,17.579999923706055,18.200000762939453,170800,0.0,0.0
2021-05-27 00:00:00-04:00,18.229999542236328,19.31999969482422,18.010000228881836,19.1200008392334,113900,0.0,0.0
2021-05-28 00:00:00-04:00,19.239999771118164,19.381999969482422,17.950000762939453,18.899999618530273,190700,0.0,0.0
2021-06-01 00:00:00-04:00,19.989999771118164,20.420000076293945,19.5,19.719999313354492,204400,0.0,0.0
2021-06-02 00:00:00-04:00,19.510000228881836,19.826000213623047,18.510000228881836,18.899999618530273,171100,0.0,0.0
2021-06-03 00:00:00-04:00,18.739999771118164,19.200000762939453,18.68000030517578,18.829999923706055,72500,0.0,0.0
2021-06-04 00:00:00-04:00,18.829999923706055,19.0,18.34000015258789,18.469999313354492,66300,0.0,0.0
2021-06-07 00:00:00-04:00,18.760000228881836,20.239999771118164,18.75,20.010000228881836,108700,0.0,0.0
2021-06-08 00:00:00-04:00,19.920000076293945,20.493999481201172,19.915000915527344,20.299999237060547,67200,0.0,0.0
2021-06-09 00:00:00-04:00,20.0,20.49799919128418,19.489999771118164,19.780000686645508,139300,0.0,0.0
2021-06-10 00:00:00-04:00,19.989999771118164,20.5,19.600000381469727,20.059999465942383,93000,0.0,0.0
2021-06-11 00:00:00-04:00,20.1200008392334,20.219999313354492,19.049999237060547,19.3799991607666,61400,0.0,0.0
2021-06-14 00:00:00-04:00,19.510000228881836,20.030000686645508,19.350000381469727,19.549999237060547,91200,0.0,0.0
2021-06-15 00:00:00-04:00,19.739999771118164,19.75,18.8799991607666,19.75,89400,0.0,0.0
2021-06-16 00:00:00-04:00,19.559999465942383,19.989999771118164,19.239999771118164,19.790000915527344,70000,0.0,0.0
2021-06-17 00:00:00-04:00,19.600000381469727,20.170000076293945,19.1299991607666,19.15999984741211,149400,0.0,0.0
2021-06-18 00:00:00-04:00,19.010000228881836,19.719999313354492,18.729999542236328,19.079999923706055,98700,0.0,0.0
2021-06-21 00:00:00-04:00,19.100000381469727,19.309999465942383,18.649999618530273,18.860000610351562,60700,0.0,0.0
2021-06-22 00:00:00-04:00,18.709999084472656,18.941999435424805,18.079999923706055,18.34000015258789,57100,0.0,0.0
2021-06-23 00:00:00-04:00,18.420000076293945,18.899999618530273,18.0,18.670000076293945,64500,0.0,0.0
2021-06-24 00:00:00-04:00,18.780000686645508,21.360000610351562,18.780000686645508,21.1299991607666,134300,0.0,0.0
2021-06-25 00:00:00-04:00,21.149999618530273,22.309999465942383,20.469999313354492,21.770000457763672,615700,0.0,0.0
2021-06-28 00:00:00-04:00,21.799999237060547,22.17799949645996,19.760000228881836,19.950000762939453,142000,0.0,0.0
2021-06-29 00:00:00-04:00,20.15999984741211,20.549999237060547,19.850000381469727,19.920000076293945,125400,0.0,0.0
2021-06-30 00:00:00-04:00,19.920000076293945,20.15999984741211,18.524999618530273,18.700000762939453,81400,0.0,0.0
2021-07-01 00:00:00-04:00,18.790000915527344,19.420000076293945,18.510000228881836,18.579999923706055,94000,0.0,0.0
2021-07-02 00:00:00-04:00,18.579999923706055,18.579999923706055,17.329999923706055,17.440000534057617,129700,0.0,0.0
2021-07-06 00:00:00-04:00,17.5,17.690000534057617,16.68000030517578,16.920000076293945,106400,0.0,0.0
2021-07-07 00:00:00-04:00,17.1200008392334,17.1200008392334,16.020000457763672,16.450000762939453,93600,0.0,0.0
2021-07-08 00:00:00-04:00,16.0,16.3700008392334,15.640000343322754,16.010000228881836,86300,0.0,0.0
2021-07-09 00:00:00-04:00,17.110000610351562,18.649999618530273,16.829999923706055,17.889999389648438,162100,0.0,0.0
2021-07-12 00:00:00-04:00,18.040000915527344,18.049999237060547,16.469999313354492,16.81999969482422,122900,0.0,0.0
2021-07-13 00:00:00-04:00,16.610000610351562,16.84000015258789,15.970000267028809,16.229999542236328,149900,0.0,0.0
2021-07-14 00:00:00-04:00,16.329999923706055,16.329999923706055,15.550000190734863,15.979999542236328,74400,0.0,0.0
2021-07-15 00:00:00-04:00,15.930000305175781,16.729999542236328,15.520000457763672,16.700000762939453,62900,0.0,0.0
2021-07-16 00:00:00-04:00,16.809999465942383,18.110000610351562,16.110000610351562,17.450000762939453,98700,0.0,0.0
2021-07-19 00:00:00-04:00,16.959999084472656,17.440000534057617,16.56999969482422,17.049999237060547,31900,0.0,0.0
2021-07-20 00:00:00-04:00,17.200000762939453,17.44499969482422,16.850000381469727,17.299999237060547,44700,0.0,0.0
2021-07-21 00:00:00-04:00,17.309999465942383,17.920000076293945,17.048999786376953,17.489999771118164,68700,0.0,0.0
2021-07-22 00:00:00-04:00,17.399999618530273,17.6299991607666,17.09000015258789,17.190000534057617,47500,0.0,0.0
2021-07-23 00:00:00-04:00,17.229999542236328,17.489999771118164,16.39299964904785,17.1200008392334,40000,0.0,0.0
2021-07-26 00:00:00-04:00,17.190000534057617,17.309999465942383,16.420000076293945,16.8700008392334,46300,0.0,0.0
2021-07-27 00:00:00-04:00,16.75,16.75,15.0649995803833,15.239999771118164,148800,0.0,0.0
2021-07-28 00:00:00-04:00,15.720000267028809,15.819999694824219,14.850000381469727,14.90999984741211,130800,0.0,0.0
2021-07-29 00:00:00-04:00,15.470000267028809,15.470000267028809,14.699999809265137,15.34000015258789,174000,0.0,0.0
2021-07-30 00:00:00-04:00,15.5,15.65999984741211,15.069999694824219,15.65999984741211,110300,0.0,0.0
2021-08-02 00:00:00-04:00,15.84000015258789,17.18000030517578,15.210000038146973,16.75,72600,0.0,0.0
2021-08-03 00:00:00-04:00,17.020000457763672,17.149999618530273,15.630000114440918,16.920000076293945,49200,0.0,0.0
2021-08-04 00:00:00-04:00,16.770000457763672,18.610000610351562,16.770000457763672,18.260000228881836,149500,0.0,0.0
2021-08-05 00:00:00-04:00,17.645000457763672,18.190000534057617,17.020000457763672,17.5,83400,0.0,0.0
2021-08-06 00:00:00-04:00,17.68000030517578,18.809999465942383,17.1299991607666,18.139999389648438,79300,0.0,0.0
2021-08-09 00:00:00-04:00,18.53499984741211,19.200000762939453,18.1299991607666,18.690000534057617,55300,0.0,0.0
2021-08-10 00:00:00-04:00,18.479999542236328,18.989999771118164,17.559999465942383,18.079999923706055,33400,0.0,0.0
2021-08-11 00:00:00-04:00,18.290000915527344,18.6200008392334,17.44499969482422,18.260000228881836,47000,0.0,0.0
2021-08-12 00:00:00-04:00,18.399999618530273,18.5,17.440000534057617,18.350000381469727,118500,0.0,0.0
2021-08-13 00:00:00-04:00,18.1200008392334,18.770000457763672,17.8700008392334,18.459999084472656,49400,0.0,0.0
2021-08-16 00:00:00-04:00,18.549999237060547,18.549999237060547,18.0,18.350000381469727,51400,0.0,0.0
2021-08-17 00:00:00-04:00,18.209999084472656,18.649999618530273,17.549999237060547,18.040000915527344,227100,0.0,0.0
2021-08-18 00:00:00-04:00,18.040000915527344,18.219999313354492,17.440000534057617,17.850000381469727,50800,0.0,0.0
2021-08-19 00:00:00-04:00,17.75,17.850000381469727,16.520000457763672,16.829999923706055,69100,0.0,0.0
2021-08-20 00:00:00-04:00,17.020000457763672,17.125,16.149999618530273,17.010000228881836,128400,0.0,0.0
2021-08-23 00:00:00-04:00,17.25,18.739999771118164,17.1200008392334,18.540000915527344,78800,0.0,0.0
2021-08-24 00:00:00-04:00,18.450000762939453,18.450000762939453,17.719999313354492,18.09000015258789,47000,0.0,0.0
2021-08-25 00:00:00-04:00,18.110000610351562,18.739999771118164,18.059999465942383,18.59000015258789,62000,0.0,0.0
2021-08-26 00:00:00-04:00,18.5,20.489999771118164,18.5,19.309999465942383,104100,0.0,0.0
2021-08-27 00:00:00-04:00,19.25,19.81999969482422,18.899999618530273,19.0,49700,0.0,0.0
2021-08-30 00:00:00-04:00,19.15999984741211,20.149999618530273,18.760000228881836,20.030000686645508,76400,0.0,0.0
2021-08-31 00:00:00-04:00,20.09000015258789,20.40999984741211,18.479999542236328,18.510000228881836,85300,0.0,0.0
2021-09-01 00:00:00-04:00,18.75,19.670000076293945,18.15999984741211,19.350000381469727,200100,0.0,0.0
2021-09-02 00:00:00-04:00,19.389999389648438,19.389999389648438,18.68000030517578,19.34000015258789,124700,0.0,0.0
2021-09-03 00:00:00-04:00,18.725000381469727,19.895000457763672,18.610000610351562,19.18000030517578,106600,0.0,0.0
2021-09-07 00:00:00-04:00,19.270000457763672,19.770000457763672,18.139999389648438,19.559999465942383,74900,0.0,0.0
2021-09-08 00:00:00-04:00,19.360000610351562,19.950000762939453,18.899999618530273,19.549999237060547,60400,0.0,0.0
2021-09-09 00:00:00-04:00,19.350000381469727,20.3700008392334,19.322999954223633,19.600000381469727,52000,0.0,0.0
2021-09-10 00:00:00-04:00,19.809999465942383,20.0,19.40999984741211,19.940000534057617,47500,0.0,0.0
2021-09-13 00:00:00-04:00,19.950000762939453,20.770000457763672,19.6200008392334,20.56999969482422,69400,0.0,0.0
2021-09-14 00:00:00-04:00,20.530000686645508,20.80500030517578,19.790000915527344,20.059999465942383,61800,0.0,0.0
2021-09-15 00:00:00-04:00,19.719999313354492,20.600000381469727,19.229999542236328,20.06999969482422,94700,0.0,0.0
2021-09-16 00:00:00-04:00,20.030000686645508,20.06999969482422,19.024999618530273,20.059999465942383,125600,0.0,0.0
2021-09-17 00:00:00-04:00,20.149999618530273,21.469999313354492,19.43000030517578,21.309999465942383,194000,0.0,0.0
2021-09-20 00:00:00-04:00,20.739999771118164,21.0,19.110000610351562,19.899999618530273,125800,0.0,0.0
2021-09-21 00:00:00-04:00,19.899999618530273,20.450000762939453,19.309999465942383,20.280000686645508,96400,0.0,0.0
2021-09-22 00:00:00-04:00,20.389999389648438,20.683000564575195,19.479999542236328,19.760000228881836,44800,0.0,0.0
2021-09-23 00:00:00-04:00,19.8700008392334,20.420000076293945,19.399999618530273,20.34000015258789,33700,0.0,0.0
2021-09-24 00:00:00-04:00,20.239999771118164,20.290000915527344,19.356000900268555,19.719999313354492,23600,0.0,0.0
2021-09-27 00:00:00-04:00,19.729999542236328,21.15999984741211,19.729999542236328,20.770000457763672,80800,0.0,0.0
2021-09-28 00:00:00-04:00,20.489999771118164,20.780000686645508,19.639999389648438,20.100000381469727,58000,0.0,0.0
2021-09-29 00:00:00-04:00,20.200000762939453,20.31999969482422,19.010000228881836,19.950000762939453,84300,0.0,0.0
2021-09-30 00:00:00-04:00,20.059999465942383,20.46500015258789,19.5,19.59000015258789,90200,0.0,0.0
2021-10-01 00:00:00-04:00,19.65999984741211,20.690000534057617,18.434999465942383,19.290000915527344,77500,0.0,0.0
2021-10-04 00:00:00-04:00,19.139999389648438,19.489999771118164,18.6200008392334,19.040000915527344,91700,0.0,0.0
2021-10-05 00:00:00-04:00,19.190000534057617,19.190000534057617,17.916000366210938,18.280000686645508,153400,0.0,0.0
2021-10-06 00:00:00-04:00,18.020000457763672,18.31999969482422,17.81999969482422,18.010000228881836,43200,0.0,0.0
2021-10-07 00:00:00-04:00,18.290000915527344,18.700000762939453,17.9950008392334,18.579999923706055,99000,0.0,0.0
2021-10-08 00:00:00-04:00,18.469999313354492,18.518999099731445,17.549999237060547,18.260000228881836,48600,0.0,0.0
2021-10-11 00:00:00-04:00,18.25,19.299999237060547,18.200000762939453,19.010000228881836,176300,0.0,0.0
2021-10-12 00:00:00-04:00,19.049999237060547,19.440000534057617,18.389999389648438,18.889999389648438,73600,0.0,0.0
2021-10-13 00:00:00-04:00,19.079999923706055,19.46500015258789,18.5,18.81999969482422,38400,0.0,0.0
2021-10-14 00:00:00-04:00,19.15999984741211,19.15999984741211,17.8799991607666,17.959999084472656,42200,0.0,0.0
2021-10-15 00:00:00-04:00,18.31999969482422,18.510000228881836,18.0,18.06999969482422,52700,0.0,0.0
2021-10-18 00:00:00-04:00,18.059999465942383,18.059999465942383,17.270000457763672,17.360000610351562,48900,0.0,0.0
2021-10-19 00:00:00-04:00,17.59000015258789,18.0,17.1299991607666,17.399999618530273,50500,0.0,0.0
2021-10-20 00:00:00-04:00,16.90999984741211,18.100000381469727,16.90999984741211,17.389999389648438,71200,0.0,0.0
2021-10-21 00:00:00-04:00,17.6200008392334,17.760000228881836,17.43000030517578,17.5,32400,0.0,0.0
2021-10-22 00:00:00-04:00,17.40999984741211,17.639999389648438,16.899999618530273,17.469999313354492,55300,0.0,0.0
2021-10-25 00:00:00-04:00,17.469999313354492,17.66900062561035,17.200000762939453,17.440000534057617,42600,0.0,0.0
2021-10-26 00:00:00-04:00,18.049999237060547,18.200000762939453,17.200000762939453,17.329999923706055,98800,0.0,0.0
2021-10-27 00:00:00-04:00,17.34000015258789,17.719999313354492,17.0,17.540000915527344,38300,0.0,0.0
2021-10-28 00:00:00-04:00,17.610000610351562,17.700000762939453,17.06999969482422,17.290000915527344,44800,0.0,0.0
2021-10-29 00:00:00-04:00,17.299999237060547,18.0049991607666,17.299999237060547,17.600000381469727,207200,0.0,0.0
2021-11-01 00:00:00-04:00,17.549999237060547,18.790000915527344,17.540000915527344,18.68000030517578,94700,0.0,0.0
2021-11-02 00:00:00-04:00,18.549999237060547,19.65999984741211,17.809999465942383,19.65999984741211,73000,0.0,0.0
2021-11-03 00:00:00-04:00,19.690000534057617,19.889999389648438,18.56999969482422,19.6200008392334,65600,0.0,0.0
2021-11-04 00:00:00-04:00,19.6200008392334,19.639999389648438,18.670000076293945,19.010000228881836,30500,0.0,0.0
2021-11-05 00:00:00-04:00,19.079999923706055,19.450000762939453,18.059999465942383,18.510000228881836,38500,0.0,0.0
2021-11-08 00:00:00-05:00,18.530000686645508,18.889999389648438,17.399999618530273,17.90999984741211,63700,0.0,0.0
2021-11-09 00:00:00-05:00,18.260000228881836,18.260000228881836,17.690000534057617,17.850000381469727,31700,0.0,0.0
2021-11-10 00:00:00-05:00,18.260000228881836,18.260000228881836,17.399999618530273,17.399999618530273,52800,0.0,0.0
2021-11-11 00:00:00-05:00,18.204999923706055,18.204999923706055,17.079999923706055,17.889999389648438,50100,0.0,0.0
2021-11-12 00:00:00-05:00,17.889999389648438,18.145000457763672,17.299999237060547,17.649999618530273,49500,0.0,0.0
2021-11-15 00:00:00-05:00,17.84000015258789,17.899999618530273,16.950000762939453,17.049999237060547,53200,0.0,0.0
2021-11-16 00:00:00-05:00,17.450000762939453,17.450000762939453,15.890000343322754,16.5,133700,0.0,0.0
2021-11-17 00:00:00-05:00,16.43000030517578,16.790000915527344,16.15999984741211,16.360000610351562,33500,0.0,0.0
2021-11-18 00:00:00-05:00,16.170000076293945,16.68000030517578,16.014999389648438,16.34000015258789,57100,0.0,0.0
2021-11-19 00:00:00-05:00,16.7450008392334,16.7450008392334,15.789999961853027,15.890000343322754,34100,0.0,0.0
2021-11-22 00:00:00-05:00,16.030000686645508,16.030000686645508,15.130000114440918,15.130000114440918,36200,0.0,0.0
2021-11-23 00:00:00-05:00,15.42300033569336,15.53499984741211,14.220000267028809,14.600000381469727,58600,0.0,0.0
2021-11-24 00:00:00-05:00,14.609999656677246,15.010000228881836,14.449999809265137,14.9399995803833,27300,0.0,0.0
2021-11-26 00:00:00-05:00,14.640000343322754,14.699999809265137,13.420000076293945,13.550000190734863,62400,0.0,0.0
2021-11-29 00:00:00-05:00,13.600000381469727,14.050000190734863,13.029999732971191,13.180000305175781,66200,0.0,0.0
2021-11-30 00:00:00-05:00,13.5,13.59000015258789,12.350000381469727,13.210000038146973,106500,0.0,0.0
2021-12-01 00:00:00-05:00,12.890000343322754,13.5,12.069999694824219,12.199999809265137,80600,0.0,0.0
2021-12-02 00:00:00-05:00,12.359999656677246,13.359999656677246,11.765999794006348,13.279999732971191,179700,0.0,0.0
2021-12-03 00:00:00-05:00,13.210000038146973,13.274999618530273,12.39900016784668,12.84000015258789,80300,0.0,0.0
2021-12-06 00:00:00-05:00,12.920000076293945,13.789999961853027,12.654999732971191,13.020000457763672,87600,0.0,0.0
2021-12-07 00:00:00-05:00,13.0600004196167,13.739999771118164,13.0600004196167,13.34000015258789,199700,0.0,0.0
2021-12-08 00:00:00-05:00,13.5,13.90999984741211,13.100000381469727,13.699999809265137,240500,0.0,0.0
2021-12-09 00:00:00-05:00,13.510000228881836,13.989999771118164,13.100000381469727,13.3100004196167,62400,0.0,0.0
2021-12-10 00:00:00-05:00,13.625,13.770000457763672,13.130000114440918,13.609999656677246,55100,0.0,0.0
2021-12-13 00:00:00-05:00,13.670000076293945,13.708999633789062,12.390000343322754,12.729999542236328,84300,0.0,0.0
2021-12-14 00:00:00-05:00,12.729999542236328,12.729999542236328,11.92300033569336,12.020000457763672,53700,0.0,0.0
2021-12-15 00:00:00-05:00,12.020000457763672,12.3100004196167,11.069999694824219,12.1899995803833,94700,0.0,0.0
2021-12-16 00:00:00-05:00,12.239999771118164,12.34000015258789,10.930000305175781,11.149999618530273,75900,0.0,0.0
2021-12-17 00:00:00-05:00,11.1899995803833,11.880000114440918,10.930000305175781,11.479999542236328,241100,0.0,0.0
2021-12-20 00:00:00-05:00,11.760000228881836,12.829999923706055,11.34000015258789,12.720000267028809,119600,0.0,0.0
2021-12-21 00:00:00-05:00,12.649999618530273,12.975000381469727,12.204999923706055,12.399999618530273,77600,0.0,0.0
2021-12-22 00:00:00-05:00,12.604999542236328,13.010000228881836,12.0600004196167,12.960000038146973,56800,0.0,0.0
2021-12-23 00:00:00-05:00,12.9399995803833,13.710000038146973,12.819999694824219,13.3100004196167,50600,0.0,0.0
2021-12-27 00:00:00-05:00,13.319999694824219,13.678999900817871,12.90999984741211,13.5,68600,0.0,0.0
2021-12-28 00:00:00-05:00,13.194999694824219,14.319999694824219,13.039999961853027,13.180000305175781,50000,0.0,0.0
2021-12-29 00:00:00-05:00,13.199999809265137,13.199999809265137,12.428000450134277,12.8100004196167,90800,0.0,0.0
2021-12-30 00:00:00-05:00,12.720000267028809,14.319999694824219,12.720000267028809,13.579999923706055,67000,0.0,0.0
2021-12-31 00:00:00-05:00,13.510000228881836,13.949999809265137,12.569999694824219,13.069999694824219,266000,0.0,0.0
2022-01-03 00:00:00-05:00,13.109999656677246,15.069999694824219,13.0,14.989999771118164,109600,0.0,0.0
2022-01-04 00:00:00-05:00,14.630000114440918,14.880000114440918,13.239999771118164,13.430000305175781,89400,0.0,0.0
2022-01-05 00:00:00-05:00,13.279999732971191,13.5600004196167,12.729999542236328,12.75,39600,0.0,0.0
2022-01-06 00:00:00-05:00,12.96500015258789,13.119000434875488,12.270000457763672,12.6899995803833,31300,0.0,0.0
2022-01-07 00:00:00-05:00,12.680000305175781,13.460000038146973,12.534000396728516,13.010000228881836,32800,0.0,0.0
2022-01-10 00:00:00-05:00,12.899999618530273,13.371000289916992,12.279999732971191,12.979999542236328,45400,0.0,0.0
2022-01-11 00:00:00-05:00,12.880000114440918,13.25,12.5,12.779999732971191,28700,0.0,0.0
2022-01-12 00:00:00-05:00,12.770000457763672,13.116999626159668,12.0,12.0600004196167,43600,0.0,0.0
2022-01-13 00:00:00-05:00,12.0600004196167,12.210000038146973,11.600000381469727,11.800000190734863,23100,0.0,0.0
2022-01-14 00:00:00-05:00,11.609999656677246,12.220000267028809,11.484999656677246,12.119999885559082,35300,0.0,0.0
2022-01-18 00:00:00-05:00,12.15999984741211,12.690999984741211,11.25,11.859999656677246,62000,0.0,0.0
2022-01-19 00:00:00-05:00,11.850000381469727,13.081999778747559,10.970000267028809,11.130000114440918,59100,0.0,0.0
2022-01-20 00:00:00-05:00,11.279999732971191,11.678000450134277,10.694999694824219,10.75,48600,0.0,0.0
2022-01-21 00:00:00-05:00,10.5600004196167,11.0,9.739999771118164,10.020000457763672,145000,0.0,0.0
2022-01-24 00:00:00-05:00,9.739999771118164,10.0,9.170000076293945,9.600000381469727,90000,0.0,0.0
2022-01-25 00:00:00-05:00,10.0,10.0,8.0600004196167,8.289999961853027,403500,0.0,0.0
2022-01-26 00:00:00-05:00,8.039999961853027,8.562000274658203,7.110000133514404,7.289999961853027,357200,0.0,0.0
2022-01-27 00:00:00-05:00,7.25,7.5,5.920000076293945,6.329999923706055,459300,0.0,0.0
2022-01-28 00:00:00-05:00,6.179999828338623,6.289999961853027,6.0,6.079999923706055,366900,0.0,0.0
2022-01-31 00:00:00-05:00,6.090000152587891,6.389999866485596,5.889999866485596,5.889999866485596,419700,0.0,0.0
2022-02-01 00:00:00-05:00,5.96999979019165,6.050000190734863,5.329999923706055,5.53000020980835,820300,0.0,0.0
2022-02-02 00:00:00-05:00,5.53000020980835,5.599999904632568,5.300000190734863,5.5,340700,0.0,0.0
2022-02-03 00:00:00-05:00,5.440000057220459,5.5,4.949999809265137,5.230000019073486,315000,0.0,0.0
2022-02-04 00:00:00-05:00,5.230000019073486,5.408999919891357,5.090000152587891,5.230000019073486,203700,0.0,0.0
2022-02-07 00:00:00-05:00,5.199999809265137,5.46999979019165,5.199999809265137,5.409999847412109,199700,0.0,0.0
2022-02-08 00:00:00-05:00,5.440000057220459,5.510000228881836,5.160999774932861,5.309999942779541,213600,0.0,0.0
2022-02-09 00:00:00-05:00,5.360000133514404,5.46999979019165,5.210000038146973,5.380000114440918,842500,0.0,0.0
2022-02-10 00:00:00-05:00,5.28000020980835,5.75,5.050000190734863,5.119999885559082,560200,0.0,0.0
2022-02-11 00:00:00-05:00,5.139999866485596,5.300000190734863,4.820000171661377,4.849999904632568,207100,0.0,0.0
2022-02-14 00:00:00-05:00,4.820000171661377,4.940000057220459,4.716000080108643,4.880000114440918,248100,0.0,0.0
2022-02-15 00:00:00-05:00,5.0,5.150000095367432,4.800000190734863,5.050000190734863,169800,0.0,0.0
2022-02-16 00:00:00-05:00,5.03000020980835,5.083000183105469,4.840000152587891,5.019999980926514,111100,0.0,0.0
2022-02-17 00:00:00-05:00,4.989999771118164,5.059999942779541,4.440000057220459,4.440000057220459,273900,0.0,0.0
2022-02-18 00:00:00-05:00,4.460000038146973,4.553999900817871,4.119999885559082,4.25,312400,0.0,0.0
2022-02-22 00:00:00-05:00,4.199999809265137,5.114999771118164,4.199999809265137,4.880000114440918,260600,0.0,0.0
2022-02-23 00:00:00-05:00,4.900000095367432,4.929999828338623,4.489999771118164,4.550000190734863,173000,0.0,0.0
2022-02-24 00:00:00-05:00,4.300000190734863,4.829999923706055,4.260000228881836,4.710000038146973,107500,0.0,0.0
2022-02-25 00:00:00-05:00,4.690000057220459,4.75,4.460000038146973,4.71999979019165,100000,0.0,0.0
2022-02-28 00:00:00-05:00,4.699999809265137,4.900000095367432,4.590000152587891,4.630000114440918,73200,0.0,0.0
2022-03-01 00:00:00-05:00,4.539999961853027,4.769999980926514,4.380000114440918,4.429999828338623,69200,0.0,0.0
2022-03-02 00:00:00-05:00,4.429999828338623,4.460000038146973,4.059999942779541,4.239999771118164,164100,0.0,0.0
2022-03-03 00:00:00-05:00,4.269999980926514,4.269999980926514,3.9200000762939453,3.990000009536743,84400,0.0,0.0
2022-03-04 00:00:00-05:00,3.950000047683716,4.0,3.5899999141693115,3.609999895095825,152800,0.0,0.0
2022-03-07 00:00:00-05:00,3.6500000953674316,3.75,3.509999990463257,3.5999999046325684,108700,0.0,0.0
2022-03-08 00:00:00-05:00,3.6700000762939453,3.8399999141693115,3.490000009536743,3.5799999237060547,93500,0.0,0.0
2022-03-09 00:00:00-05:00,3.640000104904175,3.890000104904175,3.619999885559082,3.8399999141693115,82400,0.0,0.0
2022-03-10 00:00:00-05:00,3.7799999713897705,3.9000000953674316,3.6710000038146973,3.7899999618530273,55200,0.0,0.0
2022-03-11 00:00:00-05:00,3.7899999618530273,3.7899999618530273,3.549999952316284,3.6600000858306885,78500,0.0,0.0
2022-03-14 00:00:00-04:00,3.6600000858306885,3.6600000858306885,3.4000000953674316,3.450000047683716,160600,0.0,0.0
2022-03-15 00:00:00-04:00,3.4700000286102295,3.5999999046325684,3.2899999618530273,3.5799999237060547,181500,0.0,0.0
2022-03-16 00:00:00-04:00,3.5299999713897705,3.990000009536743,3.5299999713897705,3.8499999046325684,254500,0.0,0.0
2022-03-17 00:00:00-04:00,3.809999942779541,4.073999881744385,3.736999988555908,3.9700000286102295,85600,0.0,0.0
2022-03-18 00:00:00-04:00,3.940000057220459,4.269999980926514,3.940000057220459,4.099999904632568,162300,0.0,0.0
2022-03-21 00:00:00-04:00,4.170000076293945,4.210000038146973,3.7899999618530273,3.819999933242798,94000,0.0,0.0
2022-03-22 00:00:00-04:00,3.8499999046325684,4.349999904632568,3.809999942779541,4.170000076293945,189200,0.0,0.0
2022-03-23 00:00:00-04:00,4.130000114440918,4.239999771118164,3.819999933242798,3.940000057220459,88500,0.0,0.0
2022-03-24 00:00:00-04:00,4.050000190734863,4.050000190734863,3.880000114440918,3.990000009536743,49300,0.0,0.0
2022-03-25 00:00:00-04:00,4.389999866485596,4.489999771118164,3.9700000286102295,4.139999866485596,223600,0.0,0.0
2022-03-28 00:00:00-04:00,4.21999979019165,4.289999961853027,3.890000104904175,3.950000047683716,87300,0.0,0.0
2022-03-29 00:00:00-04:00,4.0,4.050000190734863,3.694999933242798,3.75,188600,0.0,0.0
2022-03-30 00:00:00-04:00,3.740000009536743,3.805000066757202,3.569999933242798,3.5999999046325684,170000,0.0,0.0
2022-03-31 00:00:00-04:00,3.7799999713897705,3.882999897003174,3.680000066757202,3.7699999809265137,92600,0.0,0.0
2022-04-01 00:00:00-04:00,3.75,4.050000190734863,3.75,3.9100000858306885,163300,0.0,0.0
2022-04-04 00:00:00-04:00,3.9600000381469727,4.090000152587891,3.9159998893737793,4.019999980926514,89300,0.0,0.0
2022-04-05 00:00:00-04:00,4.019999980926514,4.020999908447266,3.7300000190734863,3.740000009536743,80300,0.0,0.0
2022-04-06 00:00:00-04:00,3.640000104904175,3.753000020980835,3.549999952316284,3.609999895095825,109300,0.0,0.0
2022-04-07 00:00:00-04:00,3.5999999046325684,3.6700000762939453,3.4100000858306885,3.440000057220459,167200,0.0,0.0
2022-04-08 00:00:00-04:00,3.4100000858306885,3.490000009536743,3.200000047683716,3.3299999237060547,123100,0.0,0.0
2022-04-11 00:00:00-04:00,3.299999952316284,3.444999933242798,3.2300000190734863,3.299999952316284,84000,0.0,0.0
2022-04-12 00:00:00-04:00,3.3499999046325684,3.3499999046325684,3.1700000762939453,3.200000047683716,74300,0.0,0.0
2022-04-13 00:00:00-04:00,3.2300000190734863,3.299999952316284,2.9800000190734863,3.0,590300,0.0,0.0
2022-04-14 00:00:00-04:00,3.0,3.0299999713897705,2.880000114440918,2.950000047683716,118700,0.0,0.0
2022-04-18 00:00:00-04:00,2.9600000381469727,3.0799999237060547,2.799999952316284,2.880000114440918,111700,0.0,0.0
2022-04-19 00:00:00-04:00,2.9000000953674316,3.0320000648498535,2.799999952316284,2.869999885559082,116100,0.0,0.0
2022-04-20 00:00:00-04:00,2.930000066757202,2.930000066757202,2.7269999980926514,2.8399999141693115,153800,0.0,0.0
2022-04-21 00:00:00-04:00,2.9100000858306885,3.0339999198913574,2.700000047683716,2.869999885559082,128300,0.0,0.0
2022-04-22 00:00:00-04:00,2.869999885559082,2.884999990463257,2.630000114440918,2.6700000762939453,161100,0.0,0.0
2022-04-25 00:00:00-04:00,2.609999895095825,2.809999942779541,2.5999999046325684,2.759999990463257,108200,0.0,0.0
2022-04-26 00:00:00-04:00,2.799999952316284,2.859999895095825,2.609999895095825,2.6500000953674316,119100,0.0,0.0
2022-04-27 00:00:00-04:00,2.630000114440918,2.7019999027252197,2.4600000381469727,2.4800000190734863,83300,0.0,0.0
2022-04-28 00:00:00-04:00,2.5,2.5999999046325684,2.2699999809265137,2.359999895095825,165100,0.0,0.0
2022-04-29 00:00:00-04:00,2.3499999046325684,2.4100000858306885,2.1500000953674316,2.1700000762939453,168300,0.0,0.0
2022-05-02 00:00:00-04:00,2.1700000762939453,2.259999990463257,2.069999933242798,2.1700000762939453,107900,0.0,0.0
2022-05-03 00:00:00-04:00,2.1700000762939453,2.308000087738037,2.0,2.1500000953674316,1900700,0.0,0.0
2022-05-04 00:00:00-04:00,2.1500000953674316,2.319999933242798,2.075000047683716,2.2699999809265137,239700,0.0,0.0
2022-05-05 00:00:00-04:00,2.259999990463257,2.4600000381469727,2.259999990463257,2.4100000858306885,169800,0.0,0.0
2022-05-06 00:00:00-04:00,2.390000104904175,2.4600000381469727,2.2699999809265137,2.309999942779541,152100,0.0,0.0
2022-05-09 00:00:00-04:00,2.240000009536743,2.309999942779541,2.049999952316284,2.0899999141693115,186000,0.0,0.0
2022-05-10 00:00:00-04:00,2.119999885559082,2.430000066757202,2.119999885559082,2.3299999237060547,419100,0.0,0.0
2022-05-11 00:00:00-04:00,2.3299999237060547,2.490000009536743,2.1500000953674316,2.1500000953674316,339900,0.0,0.0
2022-05-12 00:00:00-04:00,2.5,2.7799999713897705,2.2200000286102295,2.6700000762939453,632900,0.0,0.0
2022-05-13 00:00:00-04:00,2.7899999618530273,2.799999952316284,2.5969998836517334,2.640000104904175,419300,0.0,0.0
2022-05-16 00:00:00-04:00,2.640000104904175,2.7990000247955322,2.5299999713897705,2.640000104904175,178800,0.0,0.0
2022-05-17 00:00:00-04:00,2.7300000190734863,2.930000066757202,2.700000047683716,2.869999885559082,161800,0.0,0.0
2022-05-18 00:00:00-04:00,2.869999885559082,3.180000066757202,2.819999933242798,2.9600000381469727,224000,0.0,0.0
2022-05-19 00:00:00-04:00,2.9000000953674316,3.1700000762939453,2.869999885559082,2.990000009536743,156600,0.0,0.0
2022-05-20 00:00:00-04:00,3.0399999618530273,3.1700000762939453,2.9600000381469727,3.119999885559082,179600,0.0,0.0
2022-05-23 00:00:00-04:00,3.180000066757202,3.3299999237060547,2.75,2.869999885559082,231900,0.0,0.0
2022-05-24 00:00:00-04:00,2.7799999713897705,2.859999895095825,2.7100000381469727,2.7799999713897705,99600,0.0,0.0
2022-05-25 00:00:00-04:00,2.740000009536743,2.7799999713897705,2.5199999809265137,2.609999895095825,146400,0.0,0.0
2022-05-26 00:00:00-04:00,2.619999885559082,2.819999933242798,2.6029999256134033,2.799999952316284,261500,0.0,0.0
2022-05-27 00:00:00-04:00,2.8399999141693115,3.009999990463257,2.799999952316284,2.990000009536743,124000,0.0,0.0
2022-05-31 00:00:00-04:00,3.0299999713897705,3.119999885559082,2.809999942779541,3.009999990463257,455200,0.0,0.0
2022-06-01 00:00:00-04:00,3.049999952316284,3.140000104904175,2.75,2.9000000953674316,199500,0.0,0.0
2022-06-02 00:00:00-04:00,2.950000047683716,3.380000114440918,2.9100000858306885,3.3399999141693115,884100,0.0,0.0
2022-06-03 00:00:00-04:00,3.440000057220459,3.8299999237060547,3.390000104904175,3.75,1183300,0.0,0.0
2022-06-06 00:00:00-04:00,3.9800000190734863,3.9800000190734863,3.559999942779541,3.5899999141693115,537300,0.0,0.0
2022-06-07 00:00:00-04:00,3.5199999809265137,3.8399999141693115,3.509999990463257,3.799999952316284,289800,0.0,0.0
2022-06-08 00:00:00-04:00,3.869999885559082,4.0,3.700000047683716,3.950000047683716,341500,0.0,0.0
2022-06-09 00:00:00-04:00,3.9600000381469727,3.9600000381469727,3.5399999618530273,3.75,313700,0.0,0.0
2022-06-10 00:00:00-04:00,3.6600000858306885,3.740000009536743,3.380000114440918,3.4100000858306885,217500,0.0,0.0
2022-06-13 00:00:00-04:00,3.190000057220459,3.3350000381469727,3.0799999237060547,3.1500000953674316,229200,0.0,0.0
2022-06-14 00:00:00-04:00,3.1500000953674316,3.359999895095825,2.940000057220459,3.049999952316284,195800,0.0,0.0
2022-06-15 00:00:00-04:00,3.0899999141693115,3.1760001182556152,2.990000009536743,3.1500000953674316,190100,0.0,0.0
2022-06-16 00:00:00-04:00,3.109999895095825,3.109999895095825,2.9100000858306885,3.009999990463257,211800,0.0,0.0
2022-06-17 00:00:00-04:00,3.049999952316284,3.2699999809265137,3.0,3.190000057220459,280200,0.0,0.0
2022-06-21 00:00:00-04:00,3.259999990463257,3.424999952316284,3.069999933242798,3.109999895095825,398300,0.0,0.0
2022-06-22 00:00:00-04:00,3.130000114440918,3.4000000953674316,3.0799999237060547,3.4000000953674316,199400,0.0,0.0
2022-06-23 00:00:00-04:00,3.4000000953674316,3.619999885559082,3.3499999046325684,3.619999885559082,240200,0.0,0.0
2022-06-24 00:00:00-04:00,3.75,3.8399999141693115,3.309999942779541,3.4700000286102295,1257900,0.0,0.0
2022-06-27 00:00:00-04:00,3.4200000762939453,3.5299999713897705,3.2300000190734863,3.440000057220459,263000,0.0,0.0
2022-06-28 00:00:00-04:00,3.440000057220459,3.619999885559082,3.3559999465942383,3.549999952316284,340900,0.0,0.0
2022-06-29 00:00:00-04:00,3.690000057220459,3.869999885559082,2.9700000286102295,3.450000047683716,3884300,0.0,0.0
2022-06-30 00:00:00-04:00,3.319999933242798,3.4149999618530273,3.1530001163482666,3.2200000286102295,529700,0.0,0.0
2022-07-01 00:00:00-04:00,3.190000057220459,3.309999942779541,3.130000114440918,3.240000009536743,457600,0.0,0.0
2022-07-05 00:00:00-04:00,3.240000009536743,3.359999895095825,3.0,3.0199999809265137,724900,0.0,0.0
2022-07-06 00:00:00-04:00,3.009999990463257,3.130000114440918,3.0,3.0999999046325684,363300,0.0,0.0
2022-07-07 00:00:00-04:00,3.299999952316284,3.609999895095825,3.1700000762939453,3.200000047683716,1417400,0.0,0.0
2022-07-08 00:00:00-04:00,3.200000047683716,3.5999999046325684,3.1500000953674316,3.569999933242798,798300,0.0,0.0
2022-07-11 00:00:00-04:00,3.640000104904175,3.640000104904175,3.259999990463257,3.299999952316284,472000,0.0,0.0
2022-07-12 00:00:00-04:00,3.309999942779541,3.3499999046325684,3.1600000858306885,3.299999952316284,299900,0.0,0.0
2022-07-13 00:00:00-04:00,3.200000047683716,3.5,3.200000047683716,3.4100000858306885,223700,0.0,0.0
2022-07-14 00:00:00-04:00,3.3499999046325684,3.5199999809265137,3.319999933242798,3.450000047683716,302400,0.0,0.0
2022-07-15 00:00:00-04:00,3.509999990463257,3.509999990463257,3.1700000762939453,3.4700000286102295,260500,0.0,0.0
2022-07-18 00:00:00-04:00,3.490000009536743,3.5399999618530273,3.200000047683716,3.259999990463257,476000,0.0,0.0
2022-07-19 00:00:00-04:00,3.2899999618530273,3.450000047683716,3.2100000381469727,3.3299999237060547,225800,0.0,0.0
2022-07-20 00:00:00-04:00,3.359999895095825,3.569999933242798,3.3499999046325684,3.5399999618530273,387300,0.0,0.0
2022-07-21 00:00:00-04:00,3.5199999809265137,3.5799999237060547,3.319999933242798,3.450000047683716,291400,0.0,0.0
2022-07-22 00:00:00-04:00,3.490000009536743,3.559999942779541,3.424999952316284,3.5299999713897705,154600,0.0,0.0
2022-07-25 00:00:00-04:00,3.5199999809265137,3.5399999618530273,3.25,3.359999895095825,315600,0.0,0.0
2022-07-26 00:00:00-04:00,3.319999933242798,3.359999895095825,3.2300000190734863,3.299999952316284,137800,0.0,0.0
2022-07-27 00:00:00-04:00,3.299999952316284,3.319999933242798,3.194999933242798,3.2899999618530273,275500,0.0,0.0
2022-07-28 00:00:00-04:00,3.4000000953674316,3.5299999713897705,3.2200000286102295,3.4800000190734863,460400,0.0,0.0
2022-07-29 00:00:00-04:00,3.4800000190734863,3.559999942779541,3.440000057220459,3.549999952316284,605100,0.0,0.0
2022-08-01 00:00:00-04:00,3.5399999618530273,3.5399999618530273,3.4049999713897705,3.5199999809265137,200800,0.0,0.0
2022-08-02 00:00:00-04:00,3.5299999713897705,3.680000066757202,3.509999990463257,3.5799999237060547,1031000,0.0,0.0
2022-08-03 00:00:00-04:00,3.6500000953674316,3.6700000762939453,3.509999990463257,3.5199999809265137,356600,0.0,0.0
2022-08-04 00:00:00-04:00,3.569999933242798,3.630000114440918,3.5,3.5999999046325684,461100,0.0,0.0
2022-08-05 00:00:00-04:00,3.569999933242798,3.6700000762939453,3.490000009536743,3.5999999046325684,391800,0.0,0.0
2022-08-08 00:00:00-04:00,3.6500000953674316,3.950000047683716,3.5999999046325684,3.859999895095825,690500,0.0,0.0
2022-08-09 00:00:00-04:00,3.869999885559082,4.199999809265137,3.755000114440918,4.170000076293945,531800,0.0,0.0
2022-08-10 00:00:00-04:00,4.239999771118164,4.269999980926514,4.019999980926514,4.199999809265137,777600,0.0,0.0
2022-08-11 00:00:00-04:00,4.139999866485596,4.199999809265137,4.03000020980835,4.079999923706055,649900,0.0,0.0
2022-08-12 00:00:00-04:00,4.150000095367432,5.099999904632568,4.099999904632568,4.349999904632568,905900,0.0,0.0
2022-08-15 00:00:00-04:00,4.380000114440918,4.798999786376953,4.360000133514404,4.739999771118164,694600,0.0,0.0
2022-08-16 00:00:00-04:00,4.829999923706055,4.829999923706055,4.260000228881836,4.329999923706055,440500,0.0,0.0
2022-08-17 00:00:00-04:00,4.46999979019165,4.760000228881836,4.420000076293945,4.739999771118164,496100,0.0,0.0
2022-08-18 00:00:00-04:00,4.659999847412109,5.579999923706055,4.558000087738037,5.190000057220459,876900,0.0,0.0
2022-08-19 00:00:00-04:00,5.059999942779541,5.190000057220459,4.860000133514404,4.980000019073486,462600,0.0,0.0
2022-08-22 00:00:00-04:00,4.920000076293945,5.130000114440918,4.811999797821045,4.929999828338623,379800,0.0,0.0
2022-08-23 00:00:00-04:00,4.989999771118164,5.138000011444092,4.909999847412109,5.099999904632568,171200,0.0,0.0
2022-08-24 00:00:00-04:00,5.110000133514404,5.258999824523926,4.994999885559082,5.03000020980835,416200,0.0,0.0
2022-08-25 00:00:00-04:00,5.050000190734863,5.150000095367432,4.659999847412109,4.730000019073486,308000,0.0,0.0
2022-08-26 00:00:00-04:00,4.800000190734863,5.289999961853027,4.800000190734863,4.949999809265137,877900,0.0,0.0
2022-08-29 00:00:00-04:00,4.809999942779541,4.900000095367432,4.570000171661377,4.610000133514404,650800,0.0,0.0
2022-08-30 00:00:00-04:00,4.659999847412109,4.739999771118164,4.150000095367432,4.25,405000,0.0,0.0
2022-08-31 00:00:00-04:00,4.300000190734863,4.619999885559082,4.271999835968018,4.460000038146973,231600,0.0,0.0
2022-09-01 00:00:00-04:00,4.389999866485596,4.610000133514404,4.244999885559082,4.480000019073486,245200,0.0,0.0
2022-09-02 00:00:00-04:00,4.519999980926514,4.679999828338623,4.449999809265137,4.679999828338623,141600,0.0,0.0
2022-09-06 00:00:00-04:00,4.489999771118164,4.809999942779541,4.480000019073486,4.489999771118164,249700,0.0,0.0
2022-09-07 00:00:00-04:00,4.46999979019165,4.900000095367432,4.46999979019165,4.75,234200,0.0,0.0
2022-09-08 00:00:00-04:00,4.679999828338623,4.840000152587891,4.639999866485596,4.789999961853027,165000,0.0,0.0
2022-09-09 00:00:00-04:00,4.829999923706055,5.099999904632568,4.739999771118164,4.78000020980835,312200,0.0,0.0
2022-09-12 00:00:00-04:00,4.800000190734863,5.026000022888184,4.735000133514404,5.0,394900,0.0,0.0
2022-09-13 00:00:00-04:00,7.510000228881836,7.75,6.349999904632568,7.0,35899400,0.0,0.0
2022-09-14 00:00:00-04:00,6.880000114440918,7.150000095367432,6.25,6.28000020980835,3888100,0.0,0.0
2022-09-15 00:00:00-04:00,6.300000190734863,6.519999980926514,5.619999885559082,5.849999904632568,1259400,0.0,0.0
2022-09-16 00:00:00-04:00,5.71999979019165,6.409999847412109,5.619999885559082,6.300000190734863,1532100,0.0,0.0
2022-09-19 00:00:00-04:00,6.300000190734863,6.340000152587891,5.519999980926514,5.690000057220459,1036800,0.0,0.0
2022-09-20 00:00:00-04:00,5.5,5.800000190734863,5.420000076293945,5.710000038146973,1296500,0.0,0.0
2022-09-21 00:00:00-04:00,5.710000038146973,5.960000038146973,5.5,5.730000019073486,869000,0.0,0.0
2022-09-22 00:00:00-04:00,5.739999771118164,5.739999771118164,5.210000038146973,5.360000133514404,648000,0.0,0.0
2022-09-23 00:00:00-04:00,5.269999980926514,5.289999961853027,4.849999904632568,4.949999809265137,573200,0.0,0.0
2022-09-26 00:00:00-04:00,5.010000228881836,5.329999923706055,4.960999965667725,5.230000019073486,273300,0.0,0.0
2022-09-27 00:00:00-04:00,5.239999771118164,5.53000020980835,5.239999771118164,5.440000057220459,289200,0.0,0.0
2022-09-28 00:00:00-04:00,5.53000020980835,5.869999885559082,5.461999893188477,5.760000228881836,341900,0.0,0.0
2022-09-29 00:00:00-04:00,5.699999809265137,5.699999809265137,5.449999809265137,5.460000038146973,314800,0.0,0.0
2022-09-30 00:00:00-04:00,5.460000038146973,5.889999866485596,5.429999828338623,5.789999961853027,630000,0.0,0.0
2022-10-03 00:00:00-04:00,5.849999904632568,5.855000019073486,5.239999771118164,5.519999980926514,560800,0.0,0.0
2022-10-04 00:00:00-04:00,5.610000133514404,6.710000038146973,5.610000133514404,6.5,945800,0.0,0.0
2022-10-05 00:00:00-04:00,6.320000171661377,7.099999904632568,6.320000171661377,6.809999942779541,925400,0.0,0.0
2022-10-06 00:00:00-04:00,6.760000228881836,7.659999847412109,6.760000228881836,7.519999980926514,1109400,0.0,0.0
2022-10-07 00:00:00-04:00,7.489999771118164,8.529999732971191,7.309999942779541,8.239999771118164,2050200,0.0,0.0
2022-10-10 00:00:00-04:00,8.1899995803833,8.239999771118164,7.389999866485596,7.820000171661377,1173200,0.0,0.0
2022-10-11 00:00:00-04:00,7.690000057220459,8.100000381469727,7.510000228881836,7.989999771118164,810200,0.0,0.0
2022-10-12 00:00:00-04:00,8.0,8.098999977111816,7.682000160217285,7.889999866485596,467800,0.0,0.0
2022-10-13 00:00:00-04:00,7.670000076293945,8.489999771118164,7.670000076293945,8.010000228881836,715300,0.0,0.0
2022-10-14 00:00:00-04:00,8.0600004196167,8.289999961853027,7.53000020980835,7.670000076293945,3201500,0.0,0.0
2022-10-17 00:00:00-04:00,7.809999942779541,9.130000114440918,7.710000038146973,8.84000015258789,1256800,0.0,0.0
2022-10-18 00:00:00-04:00,9.020000457763672,9.130000114440918,8.432999610900879,8.699999809265137,740300,0.0,0.0
2022-10-19 00:00:00-04:00,8.550000190734863,8.770000457763672,8.300000190734863,8.550000190734863,401400,0.0,0.0
2022-10-20 00:00:00-04:00,8.550000190734863,8.9399995803833,8.229999542236328,8.479999542236328,499700,0.0,0.0
2022-10-21 00:00:00-04:00,8.850000381469727,9.0,8.600000381469727,8.649999618530273,1286000,0.0,0.0
2022-10-24 00:00:00-04:00,8.6899995803833,8.760000228881836,8.239999771118164,8.479999542236328,373100,0.0,0.0
2022-10-25 00:00:00-04:00,8.449999809265137,9.050000190734863,8.449999809265137,8.739999771118164,746700,0.0,0.0
2022-10-26 00:00:00-04:00,8.800000190734863,9.329999923706055,8.75,9.239999771118164,1050700,0.0,0.0
2022-10-27 00:00:00-04:00,9.699999809265137,9.73900032043457,9.270000457763672,9.489999771118164,867100,0.0,0.0
2022-10-28 00:00:00-04:00,9.699999809265137,9.710000038146973,9.180000305175781,9.289999961853027,520700,0.0,0.0
2022-10-31 00:00:00-04:00,9.390000343322754,9.850000381469727,9.289999961853027,9.550000190734863,568300,0.0,0.0
2022-11-01 00:00:00-04:00,9.779999732971191,9.97599983215332,9.449999809265137,9.479999542236328,608500,0.0,0.0
2022-11-02 00:00:00-04:00,9.470000267028809,9.50100040435791,8.9399995803833,9.3100004196167,586100,0.0,0.0
2022-11-03 00:00:00-04:00,9.210000038146973,9.39799976348877,8.680000305175781,9.0,907500,0.0,0.0
2022-11-04 00:00:00-04:00,9.140000343322754,9.229999542236328,8.539999961853027,8.75,440600,0.0,0.0
2022-11-07 00:00:00-05:00,8.640000343322754,8.779999732971191,8.1899995803833,8.550000190734863,496900,0.0,0.0
2022-11-08 00:00:00-05:00,8.550000190734863,9.14799976348877,8.479999542236328,8.8100004196167,421900,0.0,0.0
2022-11-09 00:00:00-05:00,8.779999732971191,9.130000114440918,8.5,8.800000190734863,379600,0.0,0.0
2022-11-10 00:00:00-05:00,8.930000305175781,9.270000457763672,8.420000076293945,8.520000457763672,540000,0.0,0.0
2022-11-11 00:00:00-05:00,8.90999984741211,10.300000190734863,8.539999961853027,10.050000190734863,1656700,0.0,0.0
2022-11-14 00:00:00-05:00,10.109999656677246,10.350000381469727,9.100000381469727,9.819999694824219,854300,0.0,0.0
2022-11-15 00:00:00-05:00,9.960000038146973,10.210000038146973,9.670000076293945,9.789999961853027,402900,0.0,0.0
2022-11-16 00:00:00-05:00,9.699999809265137,9.779999732971191,9.15999984741211,9.199999809265137,434600,0.0,0.0
2022-11-17 00:00:00-05:00,9.0,9.130000114440918,8.520000457763672,8.539999961853027,551300,0.0,0.0
2022-11-18 00:00:00-05:00,8.5600004196167,8.82800006866455,8.300000190734863,8.520000457763672,504600,0.0,0.0
2022-11-21 00:00:00-05:00,8.520000457763672,8.685999870300293,8.020000457763672,8.479999542236328,360800,0.0,0.0
2022-11-22 00:00:00-05:00,8.40999984741211,8.460000038146973,8.100000381469727,8.1899995803833,475200,0.0,0.0
2022-11-23 00:00:00-05:00,8.199999809265137,8.399999618530273,7.820000171661377,8.1899995803833,395400,0.0,0.0
2022-11-25 00:00:00-05:00,8.210000038146973,8.699999809265137,8.09000015258789,8.350000381469727,333300,0.0,0.0
2022-11-28 00:00:00-05:00,8.350000381469727,8.579999923706055,7.860000133514404,7.920000076293945,538300,0.0,0.0
2022-11-29 00:00:00-05:00,7.900000095367432,8.140000343322754,7.784999847412109,7.809999942779541,489200,0.0,0.0
2022-11-30 00:00:00-05:00,7.869999885559082,8.0600004196167,7.440000057220459,8.0,712800,0.0,0.0
2022-12-01 00:00:00-05:00,8.050000190734863,8.350000381469727,7.929999828338623,8.260000228881836,623900,0.0,0.0
2022-12-02 00:00:00-05:00,8.15999984741211,8.449999809265137,8.029999732971191,8.40999984741211,423100,0.0,0.0
2022-12-05 00:00:00-05:00,8.40999984741211,8.529999732971191,8.135000228881836,8.34000015258789,456600,0.0,0.0
2022-12-06 00:00:00-05:00,8.4399995803833,8.479999542236328,7.848999977111816,7.96999979019165,576600,0.0,0.0
2022-12-07 00:00:00-05:00,7.929999828338623,8.5,7.53000020980835,8.350000381469727,2269900,0.0,0.0
2022-12-08 00:00:00-05:00,8.40999984741211,8.5,8.015000343322754,8.130000114440918,753100,0.0,0.0
2022-12-09 00:00:00-05:00,8.050000190734863,8.649999618530273,8.015999794006348,8.470000267028809,1375900,0.0,0.0
2022-12-12 00:00:00-05:00,8.470000267028809,8.739999771118164,8.140000343322754,8.399999618530273,545400,0.0,0.0
2022-12-13 00:00:00-05:00,8.449999809265137,9.4399995803833,8.230999946594238,9.329999923706055,1052300,0.0,0.0
2022-12-14 00:00:00-05:00,9.420000076293945,10.550000190734863,9.289999961853027,10.199999809265137,1963300,0.0,0.0
2022-12-15 00:00:00-05:00,10.109999656677246,10.649999618530273,9.819999694824219,10.350000381469727,1270800,0.0,0.0
2022-12-16 00:00:00-05:00,10.520000457763672,10.8100004196167,10.270000457763672,10.550000190734863,1297100,0.0,0.0
2022-12-19 00:00:00-05:00,8.0600004196167,10.069999694824219,7.010000228881836,9.859999656677246,5230800,0.0,0.0
2022-12-20 00:00:00-05:00,9.859999656677246,11.5,9.859999656677246,11.300000190734863,2935600,0.0,0.0
2022-12-21 00:00:00-05:00,11.300000190734863,12.0,11.039999961853027,11.710000038146973,1155200,0.0,0.0
2022-12-22 00:00:00-05:00,11.619999885559082,11.949999809265137,11.3100004196167,11.550000190734863,1065700,0.0,0.0
2022-12-23 00:00:00-05:00,11.579999923706055,11.579999923706055,10.850000381469727,11.430000305175781,690600,0.0,0.0
2022-12-27 00:00:00-05:00,11.3100004196167,11.539999961853027,10.970000267028809,11.09000015258789,633000,0.0,0.0
2022-12-28 00:00:00-05:00,11.069999694824219,11.890000343322754,11.0,11.800000190734863,705100,0.0,0.0
2022-12-29 00:00:00-05:00,11.800000190734863,12.550000190734863,11.779999732971191,12.5,759700,0.0,0.0
2022-12-30 00:00:00-05:00,12.25,12.789999961853027,11.949999809265137,12.729999542236328,723200,0.0,0.0
2023-01-03 00:00:00-05:00,12.899999618530273,12.949999809265137,11.449999809265137,11.970000267028809,867400,0.0,0.0
2023-01-04 00:00:00-05:00,12.119999885559082,12.600000381469727,11.720000267028809,11.899999618530273,599700,0.0,0.0
2023-01-05 00:00:00-05:00,12.180000305175781,12.8149995803833,11.949999809265137,12.210000038146973,1082500,0.0,0.0
2023-01-06 00:00:00-05:00,12.359999656677246,12.4350004196167,11.451000213623047,11.539999961853027,982800,0.0,0.0
2023-01-09 00:00:00-05:00,11.569999694824219,11.890000343322754,10.460000038146973,10.479999542236328,732600,0.0,0.0
2023-01-10 00:00:00-05:00,10.420000076293945,11.020000457763672,10.300000190734863,10.75,953400,0.0,0.0
2023-01-11 00:00:00-05:00,10.739999771118164,10.979999542236328,10.380000114440918,10.600000381469727,713800,0.0,0.0
2023-01-12 00:00:00-05:00,10.569999694824219,11.369999885559082,10.289999961853027,11.130000114440918,704700,0.0,0.0
2023-01-13 00:00:00-05:00,10.960000038146973,11.65999984741211,10.279999732971191,10.5,697200,0.0,0.0
2023-01-17 00:00:00-05:00,10.359999656677246,10.869999885559082,10.359999656677246,10.829999923706055,678100,0.0,0.0
2023-01-18 00:00:00-05:00,10.869999885559082,11.274999618530273,10.600000381469727,10.9399995803833,954900,0.0,0.0
2023-01-19 00:00:00-05:00,10.890000343322754,11.979999542236328,10.520000457763672,11.979999542236328,968400,0.0,0.0
2023-01-20 00:00:00-05:00,12.020000457763672,12.520000457763672,11.789999961853027,12.470000267028809,1238900,0.0,0.0
2023-01-23 00:00:00-05:00,12.470000267028809,12.574999809265137,11.713000297546387,12.289999961853027,907000,0.0,0.0
2023-01-24 00:00:00-05:00,12.289999961853027,12.642000198364258,11.930000305175781,11.979999542236328,1210600,0.0,0.0
2023-01-25 00:00:00-05:00,11.859999656677246,12.270000457763672,11.6850004196167,12.09000015258789,587600,0.0,0.0
2023-01-26 00:00:00-05:00,12.270000457763672,12.4399995803833,11.460000038146973,11.59000015258789,510500,0.0,0.0
2023-01-27 00:00:00-05:00,11.4399995803833,11.774999618530273,11.350000381469727,11.5,437500,0.0,0.0
2023-01-30 00:00:00-05:00,11.40999984741211,11.510000228881836,10.885000228881836,11.140000343322754,482400,0.0,0.0
2023-01-31 00:00:00-05:00,11.039999961853027,11.739999771118164,10.729999542236328,11.680000305175781,1066000,0.0,0.0
2023-02-01 00:00:00-05:00,11.760000228881836,12.25,11.579999923706055,12.050000190734863,1296400,0.0,0.0
2023-02-02 00:00:00-05:00,12.0600004196167,12.765000343322754,11.699999809265137,12.699999809265137,1198800,0.0,0.0
2023-02-03 00:00:00-05:00,12.699999809265137,13.260000228881836,12.390000343322754,13.239999771118164,1017200,0.0,0.0
2023-02-06 00:00:00-05:00,13.239999771118164,14.710000038146973,13.109999656677246,14.399999618530273,2308800,0.0,0.0
2023-02-07 00:00:00-05:00,14.670000076293945,15.229999542236328,14.220000267028809,14.529999732971191,2789200,0.0,0.0
2023-02-08 00:00:00-05:00,14.40999984741211,15.5,14.40999984741211,14.619999885559082,1478000,0.0,0.0
2023-02-09 00:00:00-05:00,14.609999656677246,14.890000343322754,14.229999542236328,14.699999809265137,942900,0.0,0.0
2023-02-10 00:00:00-05:00,14.699999809265137,14.779999732971191,13.6899995803833,13.970000267028809,1303200,0.0,0.0
2023-02-13 00:00:00-05:00,13.979999542236328,14.239999771118164,13.619999885559082,13.729999542236328,1378100,0.0,0.0
2023-02-14 00:00:00-05:00,13.6899995803833,13.800000190734863,13.260000228881836,13.460000038146973,928900,0.0,0.0
2023-02-15 00:00:00-05:00,13.399999618530273,13.494999885559082,12.8100004196167,13.0,753400,0.0,0.0
2023-02-16 00:00:00-05:00,12.779999732971191,13.65999984741211,12.609999656677246,13.619999885559082,737200,0.0,0.0
2023-02-17 00:00:00-05:00,13.619999885559082,14.07800006866455,13.350000381469727,13.970000267028809,803500,0.0,0.0
2023-02-21 00:00:00-05:00,14.319999694824219,14.4399995803833,13.720000267028809,13.890000343322754,1222700,0.0,0.0
2023-02-22 00:00:00-05:00,13.979999542236328,14.09000015258789,13.220000267028809,13.680000305175781,877000,0.0,0.0
2023-02-23 00:00:00-05:00,13.729999542236328,13.788000106811523,13.050000190734863,13.489999771118164,987900,0.0,0.0
2023-02-24 00:00:00-05:00,13.390000343322754,13.470000267028809,12.71500015258789,12.949999809265137,821200,0.0,0.0
2023-02-27 00:00:00-05:00,13.149999618530273,13.5600004196167,12.779999732971191,13.430000305175781,1109100,0.0,0.0
2023-02-28 00:00:00-05:00,13.430000305175781,13.649999618530273,13.15999984741211,13.619999885559082,656200,0.0,0.0
2023-03-01 00:00:00-05:00,13.579999923706055,14.069999694824219,13.479999542236328,13.930000305175781,960500,0.0,0.0
2023-03-02 00:00:00-05:00,13.670000076293945,14.039999961853027,13.329999923706055,13.350000381469727,1010400,0.0,0.0
2023-03-03 00:00:00-05:00,13.390000343322754,14.449999809265137,13.001999855041504,14.170000076293945,744700,0.0,0.0
2023-03-06 00:00:00-05:00,14.239999771118164,14.470000267028809,13.65999984741211,14.050000190734863,747600,0.0,0.0
2023-03-07 00:00:00-05:00,13.8100004196167,14.140000343322754,13.050000190734863,13.0600004196167,1359900,0.0,0.0
2023-03-08 00:00:00-05:00,13.0600004196167,13.430000305175781,12.800000190734863,13.329999923706055,748700,0.0,0.0
2023-03-09 00:00:00-05:00,13.260000228881836,13.5,12.520000457763672,12.760000228881836,1223300,0.0,0.0
2023-03-10 00:00:00-05:00,12.930000305175781,13.220000267028809,11.170000076293945,12.0,2097100,0.0,0.0
2023-03-13 00:00:00-04:00,12.1899995803833,13.0,12.050000190734863,12.619999885559082,1192300,0.0,0.0
2023-03-14 00:00:00-04:00,12.710000038146973,14.289999961853027,12.710000038146973,14.100000381469727,1413300,0.0,0.0
2023-03-15 00:00:00-04:00,13.8100004196167,14.5600004196167,12.640000343322754,12.789999961853027,1148600,0.0,0.0
2023-03-16 00:00:00-04:00,12.75,13.454999923706055,12.600000381469727,12.649999618530273,1781200,0.0,0.0
2023-03-17 00:00:00-04:00,12.600000381469727,12.760000228881836,11.979999542236328,12.4399995803833,5643000,0.0,0.0
2023-03-20 00:00:00-04:00,12.609999656677246,12.609999656677246,11.569999694824219,11.760000228881836,1552200,0.0,0.0
2023-03-21 00:00:00-04:00,11.8100004196167,12.03499984741211,10.779999732971191,10.930000305175781,1633900,0.0,0.0
2023-03-22 00:00:00-04:00,14.699999809265137,15.789999961853027,13.350000381469727,13.680000305175781,30826200,0.0,0.0
2023-03-23 00:00:00-04:00,14.579999923706055,17.56999969482422,13.649999618530273,16.940000534057617,13230300,0.0,0.0
2023-03-24 00:00:00-04:00,17.299999237060547,18.030000686645508,15.75,16.270000457763672,9703400,0.0,0.0
2023-03-27 00:00:00-04:00,16.18000030517578,16.8700008392334,15.90999984741211,16.350000381469727,3224000,0.0,0.0
2023-03-28 00:00:00-04:00,16.329999923706055,16.899999618530273,16.309999465942383,16.690000534057617,2164600,0.0,0.0
2023-03-29 00:00:00-04:00,16.860000610351562,16.916000366210938,15.510000228881836,15.8100004196167,2043000,0.0,0.0
2023-03-30 00:00:00-04:00,15.819999694824219,15.914999961853027,14.6899995803833,14.890000343322754,2665600,0.0,0.0
2023-03-31 00:00:00-04:00,15.8100004196167,16.360000610351562,15.0600004196167,15.229999542236328,3027500,0.0,0.0
2023-04-03 00:00:00-04:00,15.149999618530273,15.850000381469727,14.899999618530273,15.140000343322754,1591900,0.0,0.0
2023-04-04 00:00:00-04:00,15.15999984741211,15.170000076293945,14.460000038146973,14.829999923706055,1889000,0.0,0.0
2023-04-05 00:00:00-04:00,14.800000190734863,15.1899995803833,14.574000358581543,14.65999984741211,1554400,0.0,0.0
2023-04-06 00:00:00-04:00,14.520000457763672,15.470000267028809,14.520000457763672,14.949999809265137,1593100,0.0,0.0
2023-04-10 00:00:00-04:00,14.8100004196167,14.8100004196167,14.260000228881836,14.40999984741211,1441500,0.0,0.0
2023-04-11 00:00:00-04:00,14.449999809265137,14.6899995803833,14.170000076293945,14.329999923706055,1198800,0.0,0.0
2023-04-12 00:00:00-04:00,14.380000114440918,14.699999809265137,14.029999732971191,14.149999618530273,788600,0.0,0.0
2023-04-13 00:00:00-04:00,14.170000076293945,15.239999771118164,14.149999618530273,15.109999656677246,2140500,0.0,0.0
2023-04-14 00:00:00-04:00,15.130000114440918,15.569999694824219,14.524999618530273,15.520000457763672,1923400,0.0,0.0
2023-04-17 00:00:00-04:00,15.729999542236328,17.149999618530273,15.677000045776367,16.579999923706055,2148800,0.0,0.0
2023-04-18 00:00:00-04:00,16.65999984741211,17.829999923706055,16.6200008392334,17.06999969482422,1864200,0.0,0.0
2023-04-19 00:00:00-04:00,16.93000030517578,17.670000076293945,16.719999313354492,17.520000457763672,1570800,0.0,0.0
2023-04-20 00:00:00-04:00,17.229999542236328,17.649999618530273,16.239999771118164,16.420000076293945,1087600,0.0,0.0
2023-04-21 00:00:00-04:00,16.5,16.719999313354492,16.079999923706055,16.690000534057617,886000,0.0,0.0
2023-04-24 00:00:00-04:00,16.68000030517578,16.68000030517578,15.550000190734863,15.699999809265137,945200,0.0,0.0
2023-04-25 00:00:00-04:00,15.5,16.260000228881836,15.260000228881836,15.449999809265137,792400,0.0,0.0
2023-04-26 00:00:00-04:00,15.289999961853027,15.960000038146973,15.140000343322754,15.510000228881836,774500,0.0,0.0
2023-04-27 00:00:00-04:00,15.640000343322754,15.640000343322754,14.84000015258789,15.34000015258789,865700,0.0,0.0
2023-04-28 00:00:00-04:00,15.239999771118164,16.079999923706055,15.149999618530273,15.979999542236328,1126600,0.0,0.0
2023-05-01 00:00:00-04:00,16.030000686645508,16.649999618530273,16.030000686645508,16.6299991607666,1325700,0.0,0.0
2023-05-02 00:00:00-04:00,16.639999389648438,16.9060001373291,15.444999694824219,15.819999694824219,1015800,0.0,0.0
2023-05-03 00:00:00-04:00,15.8100004196167,16.799999237060547,15.720000267028809,16.450000762939453,1649800,0.0,0.0
2023-05-04 00:00:00-04:00,16.360000610351562,16.468000411987305,15.720000267028809,16.15999984741211,660800,0.0,0.0
2023-05-05 00:00:00-04:00,16.219999313354492,17.170000076293945,15.899999618530273,16.670000076293945,1479100,0.0,0.0
2023-05-08 00:00:00-04:00,16.860000610351562,17.649999618530273,16.799999237060547,17.399999618530273,1575000,0.0,0.0
2023-05-09 00:00:00-04:00,17.049999237060547,18.329999923706055,17.020000457763672,18.06999969482422,1264100,0.0,0.0
2023-05-10 00:00:00-04:00,18.110000610351562,18.84000015258789,17.799999237060547,18.1200008392334,1264200,0.0,0.0
2023-05-11 00:00:00-04:00,18.059999465942383,18.15999984741211,17.270000457763672,17.59000015258789,1652200,0.0,0.0
2023-05-12 00:00:00-04:00,17.59000015258789,18.190000534057617,17.5,17.899999618530273,547800,0.0,0.0
2023-05-15 00:00:00-04:00,17.90999984741211,18.8799991607666,17.75,17.8700008392334,1440000,0.0,0.0
2023-05-16 00:00:00-04:00,17.0,17.829999923706055,16.350000381469727,17.670000076293945,993300,0.0,0.0
2023-05-17 00:00:00-04:00,17.75,17.75,16.709999084472656,17.639999389648438,991900,0.0,0.0
2023-05-18 00:00:00-04:00,17.610000610351562,17.610000610351562,16.610000610351562,16.90999984741211,915500,0.0,0.0
2023-05-19 00:00:00-04:00,16.93000030517578,17.327999114990234,16.729999542236328,16.989999771118164,555200,0.0,0.0
2023-05-22 00:00:00-04:00,17.110000610351562,17.56999969482422,16.899999618530273,17.31999969482422,721900,0.0,0.0
2023-05-23 00:00:00-04:00,17.450000762939453,18.915000915527344,16.510000228881836,16.850000381469727,1409000,0.0,0.0
2023-05-24 00:00:00-04:00,16.700000762939453,16.860000610351562,16.209999084472656,16.3700008392334,912600,0.0,0.0
2023-05-25 00:00:00-04:00,16.3700008392334,16.770000457763672,16.0,16.549999237060547,1298300,0.0,0.0
2023-05-26 00:00:00-04:00,16.459999084472656,17.940000534057617,16.35300064086914,17.690000534057617,1005400,0.0,0.0
2023-05-30 00:00:00-04:00,17.899999618530273,18.399999618530273,17.110000610351562,17.280000686645508,1020800,0.0,0.0
2023-05-31 00:00:00-04:00,17.280000686645508,18.360000610351562,17.034000396728516,18.229999542236328,2240800,0.0,0.0
2023-06-01 00:00:00-04:00,18.18000030517578,19.1200008392334,17.530000686645508,18.8799991607666,1176600,0.0,0.0
2023-06-02 00:00:00-04:00,19.0,19.20800018310547,18.3799991607666,18.959999084472656,1118200,0.0,0.0
2023-06-05 00:00:00-04:00,18.93000030517578,20.149999618530273,18.809999465942383,19.989999771118164,1203700,0.0,0.0
2023-06-06 00:00:00-04:00,19.969999313354492,20.850000381469727,19.280000686645508,20.450000762939453,2897700,0.0,0.0
2023-06-07 00:00:00-04:00,20.510000228881836,20.739999771118164,19.809999465942383,20.15999984741211,1047700,0.0,0.0
2023-06-08 00:00:00-04:00,20.420000076293945,20.739999771118164,19.999000549316406,20.170000076293945,826300,0.0,0.0
2023-06-09 00:00:00-04:00,20.1200008392334,20.489999771118164,19.969999313354492,20.299999237060547,693700,0.0,0.0
2023-06-12 00:00:00-04:00,20.25,21.56399917602539,20.25,21.190000534057617,1211800,0.0,0.0
2023-06-13 00:00:00-04:00,22.309999465942383,22.93000030517578,21.780000686645508,22.030000686645508,1800300,0.0,0.0
2023-06-14 00:00:00-04:00,21.969999313354492,22.100000381469727,21.049999237060547,21.389999389648438,1023700,0.0,0.0
2023-06-15 00:00:00-04:00,21.399999618530273,21.43000030517578,20.610000610351562,20.690000534057617,840700,0.0,0.0
2023-06-16 00:00:00-04:00,20.889999389648438,20.940000534057617,19.079999923706055,20.010000228881836,3900400,0.0,0.0
2023-06-20 00:00:00-04:00,20.010000228881836,20.399999618530273,19.690000534057617,19.940000534057617,1052600,0.0,0.0
2023-06-21 00:00:00-04:00,19.799999237060547,19.8799991607666,18.989999771118164,19.020000457763672,799100,0.0,0.0
2023-06-22 00:00:00-04:00,18.950000762939453,20.280000686645508,18.68000030517578,20.06999969482422,1126900,0.0,0.0
2023-06-23 00:00:00-04:00,19.729999542236328,19.895000457763672,18.93000030517578,19.100000381469727,10656000,0.0,0.0
2023-06-26 00:00:00-04:00,19.040000915527344,19.725000381469727,18.860000610351562,19.219999313354492,2319000,0.0,0.0
2023-06-27 00:00:00-04:00,19.1299991607666,19.174999237060547,16.950000762939453,18.420000076293945,3193600,0.0,0.0
2023-06-28 00:00:00-04:00,18.389999389648438,18.579999923706055,17.8700008392334,18.549999237060547,1645600,0.0,0.0
2023-06-29 00:00:00-04:00,18.600000381469727,18.899999618530273,17.68000030517578,17.719999313354492,1163300,0.0,0.0
2023-06-30 00:00:00-04:00,17.90999984741211,19.389999389648438,17.739999771118164,18.950000762939453,2083900,0.0,0.0
2023-07-03 00:00:00-04:00,19.579999923706055,19.889999389648438,18.239999771118164,18.3700008392334,761700,0.0,0.0
2023-07-05 00:00:00-04:00,18.559999465942383,19.459999084472656,18.540000915527344,19.09000015258789,1341000,0.0,0.0
2023-07-06 00:00:00-04:00,19.049999237060547,19.1200008392334,18.3799991607666,18.520000457763672,1069100,0.0,0.0
2023-07-07 00:00:00-04:00,18.559999465942383,18.899999618530273,18.270000457763672,18.520000457763672,636200,0.0,0.0
2023-07-10 00:00:00-04:00,18.559999465942383,19.610000610351562,18.559999465942383,19.40999984741211,1008500,0.0,0.0
2023-07-11 00:00:00-04:00,19.520000457763672,19.59000015258789,18.530000686645508,18.790000915527344,1333400,0.0,0.0
2023-07-12 00:00:00-04:00,19.049999237060547,19.049999237060547,18.329999923706055,18.579999923706055,699800,0.0,0.0
2023-07-13 00:00:00-04:00,18.690000534057617,19.040000915527344,18.5,18.579999923706055,625300,0.0,0.0
2023-07-14 00:00:00-04:00,18.59000015258789,18.59000015258789,18.010000228881836,18.25,623800,0.0,0.0
2023-07-17 00:00:00-04:00,18.360000610351562,18.93000030517578,18.260000228881836,18.420000076293945,588500,0.0,0.0
2023-07-18 00:00:00-04:00,18.3700008392334,18.510000228881836,17.579999923706055,17.649999618530273,714400,0.0,0.0
2023-07-19 00:00:00-04:00,17.65999984741211,17.940000534057617,17.18000030517578,17.760000228881836,1136900,0.0,0.0
2023-07-20 00:00:00-04:00,17.81999969482422,17.924999237060547,17.417999267578125,17.559999465942383,581600,0.0,0.0
2023-07-21 00:00:00-04:00,17.6299991607666,17.780000686645508,17.25,17.43000030517578,738100,0.0,0.0
2023-07-24 00:00:00-04:00,17.399999618530273,17.399999618530273,15.65999984741211,16.450000762939453,1460700,0.0,0.0
2023-07-25 00:00:00-04:00,16.489999771118164,16.700000762939453,15.770000457763672,15.850000381469727,1259400,0.0,0.0
2023-07-26 00:00:00-04:00,15.6899995803833,16.139999389648438,15.1899995803833,15.40999984741211,1725600,0.0,0.0
2023-07-27 00:00:00-04:00,15.649999618530273,15.649999618530273,14.927000045776367,15.260000228881836,1418100,0.0,0.0
2023-07-28 00:00:00-04:00,15.489999771118164,16.200000762939453,15.430000305175781,15.9399995803833,1151000,0.0,0.0
2023-07-31 00:00:00-04:00,15.920000076293945,16.415000915527344,15.65999984741211,15.84000015258789,515200,0.0,0.0
2023-08-01 00:00:00-04:00,15.720000267028809,15.890000343322754,15.199999809265137,15.640000343322754,615700,0.0,0.0
2023-08-02 00:00:00-04:00,15.569999694824219,15.6899995803833,15.260000228881836,15.59000015258789,567600,0.0,0.0
2023-08-03 00:00:00-04:00,15.550000190734863,16.190000534057617,15.369999885559082,16.06999969482422,1205500,0.0,0.0
2023-08-04 00:00:00-04:00,16.030000686645508,16.34000015258789,15.875,16.25,832100,0.0,0.0
2023-08-07 00:00:00-04:00,16.31999969482422,16.347999572753906,15.550000190734863,15.829999923706055,902300,0.0,0.0
2023-08-08 00:00:00-04:00,15.819999694824219,16.069000244140625,15.130000114440918,15.59000015258789,799900,0.0,0.0
2023-08-09 00:00:00-04:00,15.59000015258789,15.989999771118164,15.260000228881836,15.890000343322754,1128400,0.0,0.0
2023-08-10 00:00:00-04:00,15.15999984741211,16.6200008392334,14.4399995803833,16.420000076293945,1201200,0.0,0.0
2023-08-11 00:00:00-04:00,16.3799991607666,16.709999084472656,16.059999465942383,16.6299991607666,577900,0.0,0.0
2023-08-14 00:00:00-04:00,16.459999084472656,16.56999969482422,15.920000076293945,16.280000686645508,590900,0.0,0.0
2023-08-15 00:00:00-04:00,16.020000457763672,16.81999969482422,15.930000305175781,16.75,677000,0.0,0.0
2023-08-16 00:00:00-04:00,16.649999618530273,16.760000228881836,15.609999656677246,16.06999969482422,815400,0.0,0.0
2023-08-17 00:00:00-04:00,16.219999313354492,16.219999313354492,15.289999961853027,15.460000038146973,711800,0.0,0.0
2023-08-18 00:00:00-04:00,15.220000267028809,16.290000915527344,15.0600004196167,16.25,807500,0.0,0.0
2023-08-21 00:00:00-04:00,16.309999465942383,16.700000762939453,16.170000076293945,16.579999923706055,615700,0.0,0.0
2023-08-22 00:00:00-04:00,16.600000381469727,16.850000381469727,16.290000915527344,16.6200008392334,409400,0.0,0.0
2023-08-23 00:00:00-04:00,16.770000457763672,17.110000610351562,16.631999969482422,16.8799991607666,649100,0.0,0.0
2023-08-24 00:00:00-04:00,16.899999618530273,16.93000030517578,15.869999885559082,16.549999237060547,748500,0.0,0.0
2023-08-25 00:00:00-04:00,16.549999237060547,16.729999542236328,16.25,16.520000457763672,493200,0.0,0.0
2023-08-28 00:00:00-04:00,17.010000228881836,18.299999237060547,16.780000686645508,16.989999771118164,864700,0.0,0.0
2023-08-29 00:00:00-04:00,17.0,17.389999389648438,16.809999465942383,17.18000030517578,1007200,0.0,0.0
2023-08-30 00:00:00-04:00,17.200000762939453,17.34000015258789,16.84000015258789,17.040000915527344,521700,0.0,0.0
2023-08-31 00:00:00-04:00,17.030000686645508,17.59000015258789,16.979999542236328,17.139999389648438,997600,0.0,0.0
2023-09-01 00:00:00-04:00,17.25,17.8700008392334,17.184999465942383,17.780000686645508,739100,0.0,0.0
2023-09-05 00:00:00-04:00,17.709999084472656,18.25,17.424999237060547,17.469999313354492,805900,0.0,0.0
2023-09-06 00:00:00-04:00,17.549999237060547,17.610000610351562,17.040000915527344,17.469999313354492,791900,0.0,0.0
2023-09-07 00:00:00-04:00,17.360000610351562,17.489999771118164,16.8799991607666,16.989999771118164,1113700,0.0,0.0
2023-09-08 00:00:00-04:00,17.239999771118164,17.239999771118164,16.34000015258789,16.604999542236328,730300,0.0,0.0
2023-09-11 00:00:00-04:00,16.559999465942383,16.860000610351562,16.399999618530273,16.700000762939453,759600,0.0,0.0
2023-09-12 00:00:00-04:00,16.56999969482422,17.489999771118164,16.56999969482422,17.1299991607666,601900,0.0,0.0
2023-09-13 00:00:00-04:00,17.110000610351562,17.610000610351562,16.969999313354492,17.110000610351562,754400,0.0,0.0
2023-09-14 00:00:00-04:00,17.190000534057617,18.059999465942383,17.1200008392334,17.729999542236328,1398700,0.0,0.0
2023-09-15 00:00:00-04:00,17.760000228881836,17.8799991607666,16.809999465942383,17.360000610351562,2196100,0.0,0.0
2023-09-18 00:00:00-04:00,17.350000381469727,17.530000686645508,16.549999237060547,17.040000915527344,942700,0.0,0.0
2023-09-19 00:00:00-04:00,17.09000015258789,17.329999923706055,16.559999465942383,16.709999084472656,1281300,0.0,0.0
2023-09-20 00:00:00-04:00,16.739999771118164,17.170000076293945,14.949999809265137,15.0649995803833,1232900,0.0,0.0
2023-09-21 00:00:00-04:00,15.15999984741211,15.760000228881836,14.329999923706055,15.640000343322754,1644800,0.0,0.0
2023-09-22 00:00:00-04:00,15.619999885559082,16.399999618530273,15.420000076293945,15.9399995803833,1414000,0.0,0.0
2023-09-25 00:00:00-04:00,15.869999885559082,15.869999885559082,14.979999542236328,15.229999542236328,1834600,0.0,0.0
2023-09-26 00:00:00-04:00,15.229999542236328,16.260000228881836,15.229999542236328,15.680000305175781,1168800,0.0,0.0
2023-09-27 00:00:00-04:00,15.720000267028809,15.90999984741211,15.0,15.09000015258789,1132700,0.0,0.0
2023-09-28 00:00:00-04:00,15.100000381469727,15.649999618530273,14.789999961853027,15.4399995803833,931000,0.0,0.0
2023-09-29 00:00:00-04:00,15.59000015258789,15.600000381469727,14.729999542236328,15.4399995803833,2464100,0.0,0.0
2023-10-02 00:00:00-04:00,15.390000343322754,15.539999961853027,14.350000381469727,14.420000076293945,1168900,0.0,0.0
2023-10-03 00:00:00-04:00,14.229999542236328,14.494999885559082,13.895000457763672,14.399999618530273,988500,0.0,0.0
2023-10-04 00:00:00-04:00,14.289999961853027,14.704999923706055,13.930000305175781,14.529999732971191,1112200,0.0,0.0
2023-10-05 00:00:00-04:00,14.5,15.5600004196167,14.395000457763672,15.449999809265137,1226000,0.0,0.0
2023-10-06 00:00:00-04:00,15.25,16.09000015258789,14.949999809265137,16.030000686645508,781800,0.0,0.0
2023-10-09 00:00:00-04:00,15.890000343322754,15.9399995803833,15.199999809265137,15.529999732971191,521300,0.0,0.0
2023-10-10 00:00:00-04:00,11.170000076293945,11.279999732971191,9.413999557495117,9.774999618530273,12158600,0.0,0.0
2023-10-11 00:00:00-04:00,9.760000228881836,9.770000457763672,7.929999828338623,8.5,6903800,0.0,0.0
2023-10-12 00:00:00-04:00,8.5,8.6899995803833,7.769999980926514,7.889999866485596,3389400,0.0,0.0
2023-10-13 00:00:00-04:00,8.0,8.029999732971191,7.539999961853027,7.619999885559082,1921800,0.0,0.0
2023-10-16 00:00:00-04:00,7.610000133514404,7.809999942779541,7.199999809265137,7.239999771118164,1897800,0.0,0.0
2023-10-17 00:00:00-04:00,7.159999847412109,7.590000152587891,7.150000095367432,7.210000038146973,1603400,0.0,0.0
2023-10-18 00:00:00-04:00,7.099999904632568,7.139999866485596,6.75,7.079999923706055,3067300,0.0,0.0
2023-10-19 00:00:00-04:00,7.119999885559082,7.260000228881836,6.630000114440918,6.860000133514404,2853400,0.0,0.0
2023-10-20 00:00:00-04:00,6.860000133514404,7.110000133514404,6.690000057220459,6.840000152587891,1856600,0.0,0.0
2023-10-23 00:00:00-04:00,6.78000020980835,6.869999885559082,6.574999809265137,6.659999847412109,1825500,0.0,0.0
2023-10-24 00:00:00-04:00,6.670000076293945,7.190000057220459,6.670000076293945,7.019999980926514,1610900,0.0,0.0
2023-10-25 00:00:00-04:00,7.0,7.300000190734863,6.889999866485596,7.010000228881836,1306600,0.0,0.0
2023-10-26 00:00:00-04:00,7.03000020980835,7.158999919891357,6.760000228881836,6.869999885559082,1225000,0.0,0.0
2023-10-27 00:00:00-04:00,6.880000114440918,7.045000076293945,6.599999904632568,6.699999809265137,1479000,0.0,0.0
2023-10-30 00:00:00-04:00,6.739999771118164,7.130000114440918,6.739999771118164,7.03000020980835,1263000,0.0,0.0
2023-10-31 00:00:00-04:00,6.96999979019165,7.599999904632568,6.949999809265137,7.400000095367432,1293900,0.0,0.0
2023-11-01 00:00:00-04:00,7.400000095367432,7.985000133514404,7.400000095367432,7.909999847412109,1335500,0.0,0.0
2023-11-02 00:00:00-04:00,7.949999809265137,8.020000457763672,7.789999961853027,7.940000057220459,922600,0.0,0.0
2023-11-03 00:00:00-04:00,8.0600004196167,8.579999923706055,8.039999961853027,8.40999984741211,1581600,0.0,0.0
2023-11-06 00:00:00-05:00,8.390000343322754,8.420000076293945,8.109999656677246,8.289999961853027,1184400,0.0,0.0
2023-11-07 00:00:00-05:00,8.399999618530273,8.710000038146973,8.375,8.65999984741211,1221400,0.0,0.0
2023-11-08 00:00:00-05:00,8.619999885559082,8.630000114440918,7.949999809265137,8.029999732971191,1091700,0.0,0.0
2023-11-09 00:00:00-05:00,8.34000015258789,8.649999618530273,7.619999885559082,7.639999866485596,1283100,0.0,0.0
2023-11-10 00:00:00-05:00,7.840000152587891,7.880000114440918,7.159999847412109,7.460000038146973,947400,0.0,0.0
2023-11-13 00:00:00-05:00,7.460000038146973,7.599999904632568,6.880000114440918,7.28000020980835,1331000,0.0,0.0
2023-11-14 00:00:00-05:00,7.769999980926514,7.900000095367432,7.375,7.630000114440918,1627400,0.0,0.0
2023-11-15 00:00:00-05:00,7.630000114440918,8.180000305175781,7.539999961853027,7.610000133514404,1573000,0.0,0.0
2023-11-16 00:00:00-05:00,7.559999942779541,7.739999771118164,7.300000190734863,7.460000038146973,1205100,0.0,0.0
2023-11-17 00:00:00-05:00,7.5,7.929999828338623,7.400000095367432,7.909999847412109,1684100,0.0,0.0
2023-11-20 00:00:00-05:00,7.889999866485596,8.079999923706055,7.590000152587891,7.739999771118164,1022600,0.0,0.0
2023-11-21 00:00:00-05:00,7.650000095367432,7.940000057220459,7.420000076293945,7.590000152587891,709500,0.0,0.0
2023-11-22 00:00:00-05:00,7.78000020980835,7.820000171661377,7.510000228881836,7.599999904632568,577800,0.0,0.0
2023-11-24 00:00:00-05:00,7.590000152587891,8.09000015258789,7.570000171661377,7.920000076293945,948800,0.0,0.0
2023-11-27 00:00:00-05:00,7.78000020980835,7.840000152587891,7.28000020980835,7.630000114440918,1477900,0.0,0.0
2023-11-28 00:00:00-05:00,7.610000133514404,7.659999847412109,7.340000152587891,7.650000095367432,934000,0.0,0.0
2023-11-29 00:00:00-05:00,7.710000038146973,7.960000038146973,7.630000114440918,7.840000152587891,1185800,0.0,0.0
2023-11-30 00:00:00-05:00,7.980000019073486,8.359999656677246,7.940000057220459,8.039999961853027,1036500,0.0,0.0
2023-12-01 00:00:00-05:00,8.010000228881836,8.414999961853027,7.739999771118164,8.399999618530273,1109900,0.0,0.0
2023-12-04 00:00:00-05:00,8.930000305175781,9.130000114440918,8.710000038146973,9.050000190734863,3042100,0.0,0.0
2023-12-05 00:00:00-05:00,9.050000190734863,10.449999809265137,9.0,9.960000038146973,2234000,0.0,0.0
2023-12-06 00:00:00-05:00,10.050000190734863,10.258000373840332,9.670000076293945,9.9399995803833,1235600,0.0,0.0
2023-12-07 00:00:00-05:00,9.630000114440918,10.28499984741211,9.550000190734863,9.949999809265137,3245000,0.0,0.0
2023-12-08 00:00:00-05:00,9.90999984741211,10.010000228881836,9.597999572753906,9.859999656677246,1699000,0.0,0.0
2023-12-11 00:00:00-05:00,9.880000114440918,9.880000114440918,9.0649995803833,9.609999656677246,1783900,0.0,0.0
2023-12-12 00:00:00-05:00,9.460000038146973,10.079999923706055,9.210000038146973,10.020000457763672,1225500,0.0,0.0
2023-12-13 00:00:00-05:00,10.020000457763672,10.670000076293945,9.760000228881836,10.640000343322754,1544600,0.0,0.0
2023-12-14 00:00:00-05:00,10.859999656677246,10.90999984741211,10.479999542236328,10.779999732971191,2558400,0.0,0.0
2023-12-15 00:00:00-05:00,10.869999885559082,11.062000274658203,10.449999809265137,10.600000381469727,4115800,0.0,0.0
2023-12-18 00:00:00-05:00,10.600000381469727,10.6899995803833,10.1899995803833,10.489999771118164,1197200,0.0,0.0
2023-12-19 00:00:00-05:00,10.539999961853027,10.989999771118164,10.539999961853027,10.850000381469727,1054300,0.0,0.0
2023-12-20 00:00:00-05:00,10.8100004196167,10.949999809265137,10.194999694824219,10.229999542236328,1271000,0.0,0.0
2023-12-21 00:00:00-05:00,10.470000267028809,10.760000228881836,10.470000267028809,10.720000267028809,832100,0.0,0.0
2023-12-22 00:00:00-05:00,10.850000381469727,11.079999923706055,10.789999961853027,10.899999618530273,1311800,0.0,0.0
2023-12-26 00:00:00-05:00,11.100000381469727,11.350000381469727,10.930000305175781,11.140000343322754,977100,0.0,0.0
2023-12-27 00:00:00-05:00,11.220000267028809,11.390000343322754,10.904999732971191,11.109999656677246,1035800,0.0,0.0
2023-12-28 00:00:00-05:00,11.119999885559082,11.46500015258789,10.970000267028809,11.34000015258789,1335900,0.0,0.0
2023-12-29 00:00:00-05:00,11.3100004196167,11.350000381469727,11.03499984741211,11.170000076293945,872000,0.0,0.0
2024-01-02 00:00:00-05:00,11.010000228881836,11.8100004196167,10.90999984741211,11.289999961853027,1405200,0.0,0.0
2024-01-03 00:00:00-05:00,11.210000038146973,11.34000015258789,10.899999618530273,11.029999732971191,1216800,0.0,0.0
2024-01-04 00:00:00-05:00,11.069999694824219,11.529999732971191,10.960000038146973,11.390000343322754,870900,0.0,0.0
2024-01-05 00:00:00-05:00,11.300000190734863,11.59000015258789,11.039999961853027,11.529999732971191,1118200,0.0,0.0
2024-01-08 00:00:00-05:00,11.420000076293945,12.029999732971191,10.970000267028809,11.989999771118164,910700,0.0,0.0
2024-01-09 00:00:00-05:00,11.859999656677246,11.930000305175781,11.260000228881836,11.720000267028809,1014200,0.0,0.0
2024-01-10 00:00:00-05:00,11.670000076293945,12.100000381469727,11.350000381469727,11.5,785200,0.0,0.0
2024-01-11 00:00:00-05:00,11.319999694824219,11.319999694824219,10.960000038146973,11.170000076293945,1864200,0.0,0.0
2024-01-12 00:00:00-05:00,10.383999824523926,11.34000015258789,10.199999809265137,11.09000015258789,1307600,0.0,0.0
2024-01-16 00:00:00-05:00,11.0,11.210000038146973,10.880000114440918,11.069999694824219,656000,0.0,0.0
2024-01-17 00:00:00-05:00,10.90999984741211,11.430000305175781,10.819999694824219,11.399999618530273,800900,0.0,0.0
2024-01-18 00:00:00-05:00,11.520000457763672,11.520000457763672,10.75,11.09000015258789,1389700,0.0,0.0
2024-01-19 00:00:00-05:00,11.119999885559082,11.239999771118164,10.930000305175781,11.039999961853027,602700,0.0,0.0
2024-01-22 00:00:00-05:00,11.039999961853027,11.055000305175781,10.449999809265137,10.920000076293945,1258000,0.0,0.0
2024-01-23 00:00:00-05:00,11.050000190734863,11.119999885559082,10.550000190734863,10.970000267028809,712200,0.0,0.0
2024-01-24 00:00:00-05:00,11.09000015258789,11.09000015258789,10.220000267028809,10.239999771118164,917700,0.0,0.0
2024-01-25 00:00:00-05:00,10.270000457763672,10.5600004196167,10.210000038146973,10.4399995803833,1210400,0.0,0.0
2024-01-26 00:00:00-05:00,10.479999542236328,10.640000343322754,10.140000343322754,10.170000076293945,889900,0.0,0.0
2024-01-29 00:00:00-05:00,10.180000305175781,10.829999923706055,10.079999923706055,10.710000038146973,1243000,0.0,0.0
2024-01-30 00:00:00-05:00,10.609999656677246,10.720000267028809,10.100000381469727,10.1899995803833,641300,0.0,0.0
2024-01-31 00:00:00-05:00,10.149999618530273,10.324999809265137,9.850000381469727,9.899999618530273,903000,0.0,0.0
2024-02-01 00:00:00-05:00,9.989999771118164,10.199999809265137,9.84000015258789,9.979999542236328,962100,0.0,0.0
2024-02-02 00:00:00-05:00,9.800000190734863,10.100000381469727,9.630000114440918,9.9350004196167,1226400,0.0,0.0
2024-02-05 00:00:00-05:00,9.770000457763672,9.920000076293945,9.600000381469727,9.800000190734863,466300,0.0,0.0
2024-02-06 00:00:00-05:00,8.380000114440918,8.380000114440918,7.46999979019165,8.130000114440918,5857600,0.0,0.0
2024-02-07 00:00:00-05:00,8.25,8.645000457763672,8.029999732971191,8.34000015258789,2204000,0.0,0.0
2024-02-08 00:00:00-05:00,8.279999732971191,8.630000114440918,8.010000228881836,8.449999809265137,898800,0.0,0.0
2024-02-09 00:00:00-05:00,8.5,8.5600004196167,8.279999732971191,8.449999809265137,1442300,0.0,0.0
2024-02-12 00:00:00-05:00,8.489999771118164,9.399999618530273,8.4399995803833,9.380000114440918,1614900,0.0,0.0
2024-02-13 00:00:00-05:00,9.0,9.010000228881836,8.649999618530273,8.850000381469727,1647400,0.0,0.0
2024-02-14 00:00:00-05:00,8.970000267028809,10.119999885559082,8.788000106811523,9.800000190734863,1401900,0.0,0.0
2024-02-15 00:00:00-05:00,9.880000114440918,9.960000038146973,9.59000015258789,9.789999961853027,1291500,0.0,0.0
2024-02-16 00:00:00-05:00,9.65999984741211,9.899999618530273,9.489999771118164,9.739999771118164,991400,0.0,0.0
2024-02-20 00:00:00-05:00,9.699999809265137,9.989999771118164,9.630000114440918,9.890000343322754,695400,0.0,0.0
2024-02-21 00:00:00-05:00,9.899999618530273,10.520000457763672,9.854999542236328,10.460000038146973,1009000,0.0,0.0
2024-02-22 00:00:00-05:00,10.479999542236328,11.069999694824219,10.369999885559082,10.59000015258789,1081800,0.0,0.0
2024-02-23 00:00:00-05:00,10.600000381469727,11.420000076293945,10.600000381469727,11.180000305175781,1214400,0.0,0.0
2024-02-26 00:00:00-05:00,10.760000228881836,11.470000267028809,10.760000228881836,11.029999732971191,1275300,0.0,0.0
2024-02-27 00:00:00-05:00,11.029999732971191,11.789999961853027,10.979999542236328,11.739999771118164,1116900,0.0,0.0
2024-02-28 00:00:00-05:00,11.600000381469727,12.09000015258789,11.59000015258789,11.760000228881836,832400,0.0,0.0
2024-02-29 00:00:00-05:00,11.899999618530273,12.279999732971191,11.430000305175781,11.470000267028809,1287000,0.0,0.0
2024-03-01 00:00:00-05:00,11.850000381469727,13.34000015258789,11.739999771118164,12.619999885559082,2265000,0.0,0.0
2024-03-04 00:00:00-05:00,16.6299991607666,16.6299991607666,13.5,13.770000457763672,6095600,0.0,0.0
2024-03-05 00:00:00-05:00,13.6899995803833,13.770000457763672,11.619999885559082,11.729999542236328,1511700,0.0,0.0
2024-03-06 00:00:00-05:00,11.989999771118164,12.260000228881836,11.84000015258789,12.130000114440918,1649400,0.0,0.0
2024-03-07 00:00:00-05:00,13.319999694824219,13.319999694824219,12.649999618530273,13.020000457763672,1708000,0.0,0.0
2024-03-08 00:00:00-05:00,13.319999694824219,13.619999885559082,12.904999732971191,12.930000305175781,1044100,0.0,0.0
2024-03-11 00:00:00-04:00,12.9399995803833,13.5,12.845000267028809,12.890000343322754,1121100,0.0,0.0
2024-03-12 00:00:00-04:00,12.880000114440918,13.100000381469727,12.5600004196167,12.869999885559082,1304900,0.0,0.0
2024-03-13 00:00:00-04:00,12.819999694824219,13.345000267028809,12.729999542236328,13.3100004196167,1031200,0.0,0.0
2024-03-14 00:00:00-04:00,13.270000457763672,13.329999923706055,11.859999656677246,12.609999656677246,1827400,0.0,0.0
2024-03-15 00:00:00-04:00,12.760000228881836,13.550000190734863,12.670000076293945,13.520000457763672,4643900,0.0,0.0
2024-03-18 00:00:00-04:00,13.550000190734863,13.710000038146973,12.569999694824219,12.600000381469727,1600700,0.0,0.0
2024-03-19 00:00:00-04:00,12.4399995803833,12.539999961853027,11.854999542236328,11.920000076293945,1190300,0.0,0.0
2024-03-20 00:00:00-04:00,11.850000381469727,12.15999984741211,11.100000381469727,11.319999694824219,1343300,0.0,0.0
2024-03-21 00:00:00-04:00,11.460000038146973,11.880000114440918,11.359999656677246,11.449999809265137,797100,0.0,0.0
2024-03-22 00:00:00-04:00,11.4399995803833,11.890000343322754,11.369999885559082,11.5,760800,0.0,0.0
2024-03-25 00:00:00-04:00,11.479999542236328,11.760000228881836,11.3100004196167,11.34000015258789,549100,0.0,0.0
2024-03-26 00:00:00-04:00,11.529999732971191,11.619999885559082,11.180000305175781,11.199999809265137,568800,0.0,0.0
2024-03-27 00:00:00-04:00,11.25,11.619999885559082,11.0,11.3100004196167,1297100,0.0,0.0
2024-03-28 00:00:00-04:00,11.520000457763672,11.6899995803833,11.010000228881836,11.640000343322754,840200,0.0,0.0
2024-04-01 00:00:00-04:00,11.510000228881836,11.579000473022461,10.645000457763672,10.729999542236328,948500,0.0,0.0
2024-04-02 00:00:00-04:00,10.529999732971191,10.65999984741211,10.170000076293945,10.579999923706055,903300,0.0,0.0
2024-04-03 00:00:00-04:00,10.550000190734863,10.899999618530273,10.34000015258789,10.869999885559082,936800,0.0,0.0
2024-04-04 00:00:00-04:00,10.819999694824219,11.170000076293945,10.489999771118164,10.649999618530273,887200,0.0,0.0
2024-04-05 00:00:00-04:00,10.539999961853027,10.84000015258789,10.25,10.760000228881836,408200,0.0,0.0
2024-04-08 00:00:00-04:00,10.829999923706055,10.930000305175781,10.649999618530273,10.789999961853027,337400,0.0,0.0
2024-04-09 00:00:00-04:00,10.779999732971191,10.970000267028809,10.609999656677246,10.899999618530273,614900,0.0,0.0
2024-04-10 00:00:00-04:00,10.529999732971191,10.600000381469727,10.34000015258789,10.539999961853027,1027000,0.0,0.0
2024-04-11 00:00:00-04:00,10.59000015258789,10.640000343322754,10.0600004196167,10.140000343322754,1347200,0.0,0.0
2024-04-12 00:00:00-04:00,10.100000381469727,10.180000305175781,9.649999618530273,9.819999694824219,722300,0.0,0.0
2024-04-15 00:00:00-04:00,10.029999732971191,10.029999732971191,9.40999984741211,9.489999771118164,671000,0.0,0.0
2024-04-16 00:00:00-04:00,9.40999984741211,9.5600004196167,9.25,9.369999885559082,548700,0.0,0.0
2024-04-17 00:00:00-04:00,9.4399995803833,9.569999694824219,9.114999771118164,9.15999984741211,686400,0.0,0.0
2024-04-18 00:00:00-04:00,9.149999618530273,9.34000015258789,8.859999656677246,8.880000114440918,675400,0.0,0.0
2024-04-19 00:00:00-04:00,8.890000343322754,9.100000381469727,8.779999732971191,9.079999923706055,1008900,0.0,0.0
2024-04-22 00:00:00-04:00,9.430000305175781,9.779999732971191,9.119999885559082,9.3100004196167,580100,0.0,0.0
2024-04-23 00:00:00-04:00,9.3100004196167,9.569999694824219,8.920000076293945,8.920000076293945,745400,0.0,0.0
2024-04-24 00:00:00-04:00,8.920000076293945,9.104999542236328,8.539999961853027,8.579999923706055,871200,0.0,0.0
2024-04-25 00:00:00-04:00,8.4399995803833,8.460000038146973,8.039999961853027,8.25,1012100,0.0,0.0
2024-04-26 00:00:00-04:00,8.319999694824219,8.449999809265137,8.180000305175781,8.260000228881836,653000,0.0,0.0
2024-04-29 00:00:00-04:00,8.350000381469727,8.65999984741211,8.350000381469727,8.529999732971191,590500,0.0,0.0
2024-04-30 00:00:00-04:00,8.640000343322754,8.770000457763672,8.420000076293945,8.510000228881836,564500,0.0,0.0
2024-05-01 00:00:00-04:00,8.539999961853027,9.140000343322754,8.539999961853027,8.75,959100,0.0,0.0
2024-05-02 00:00:00-04:00,8.869999885559082,9.149999618530273,8.5600004196167,8.859999656677246,588400,0.0,0.0
2024-05-03 00:00:00-04:00,9.1899995803833,9.350000381469727,8.899999618530273,9.220000267028809,646000,0.0,0.0
2024-05-06 00:00:00-04:00,9.40999984741211,9.739999771118164,9.1899995803833,9.59000015258789,589600,0.0,0.0
2024-05-07 00:00:00-04:00,9.729999542236328,9.829999923706055,9.34000015258789,9.369999885559082,522500,0.0,0.0
2024-05-08 00:00:00-04:00,9.170000076293945,9.295000076293945,8.829000473022461,9.029999732971191,553100,0.0,0.0
2024-05-09 00:00:00-04:00,9.3100004196167,9.329999923706055,9.039999961853027,9.109999656677246,591500,0.0,0.0
2024-05-10 00:00:00-04:00,9.09000015258789,9.229999542236328,8.59000015258789,8.710000038146973,709000,0.0,0.0
2024-05-13 00:00:00-04:00,8.600000381469727,8.829999923706055,8.600000381469727,8.699999809265137,915100,0.0,0.0
2024-05-14 00:00:00-04:00,8.869999885559082,9.100000381469727,8.850000381469727,9.09000015258789,715500,0.0,0.0
2024-05-15 00:00:00-04:00,9.180000305175781,9.65999984741211,9.170000076293945,9.199999809265137,801800,0.0,0.0
2024-05-16 00:00:00-04:00,9.25,9.26200008392334,8.850000381469727,8.970000267028809,596700,0.0,0.0
2024-05-17 00:00:00-04:00,9.0600004196167,9.0600004196167,8.59000015258789,8.630000114440918,806400,0.0,0.0
2024-05-20 00:00:00-04:00,8.579999923706055,9.100000381469727,8.510000228881836,8.9399995803833,508800,0.0,0.0
2024-05-21 00:00:00-04:00,8.90999984741211,9.0600004196167,8.720000267028809,8.949999809265137,419200,0.0,0.0
2024-05-22 00:00:00-04:00,8.920000076293945,9.119999885559082,8.829999923706055,8.930000305175781,571400,0.0,0.0
2024-05-23 00:00:00-04:00,9.010000228881836,9.010000228881836,7.960000038146973,8.180000305175781,1676700,0.0,0.0
2024-05-24 00:00:00-04:00,8.239999771118164,8.345000267028809,7.849999904632568,8.140000343322754,756700,0.0,0.0
2024-05-28 00:00:00-04:00,8.319999694824219,8.40999984741211,7.929999828338623,8.319999694824219,817300,0.0,0.0
2024-05-29 00:00:00-04:00,8.119999885559082,8.1899995803833,7.940000057220459,8.020000457763672,1329800,0.0,0.0
2024-05-30 00:00:00-04:00,8.09000015258789,8.170000076293945,7.704999923706055,7.78000020980835,751800,0.0,0.0
2024-05-31 00:00:00-04:00,7.840000152587891,8.020000457763672,7.639999866485596,7.900000095367432,984700,0.0,0.0
2024-06-03 00:00:00-04:00,8.0600004196167,8.359999656677246,7.679999828338623,7.920000076293945,1032500,0.0,0.0
2024-06-04 00:00:00-04:00,7.849999904632568,8.75,7.760000228881836,8.300000190734863,1912200,0.0,0.0
2024-06-05 00:00:00-04:00,7.699999809265137,8.300000190734863,7.449999809265137,8.069999694824219,1190100,0.0,0.0
2024-06-06 00:00:00-04:00,8.069999694824219,8.109999656677246,7.800000190734863,8.095000267028809,1033700,0.0,0.0
2024-06-07 00:00:00-04:00,7.960000038146973,8.3100004196167,7.820000171661377,8.100000381469727,844800,0.0,0.0
2024-06-10 00:00:00-04:00,7.949999809265137,8.489999771118164,7.809999942779541,8.470000267028809,820300,0.0,0.0
2024-06-11 00:00:00-04:00,8.380000114440918,8.84000015258789,8.25,8.680000305175781,1192100,0.0,0.0
2024-06-12 00:00:00-04:00,8.9399995803833,9.960000038146973,8.930000305175781,9.460000038146973,1035900,0.0,0.0
2024-06-13 00:00:00-04:00,9.4399995803833,9.84000015258789,9.210000038146973,9.289999961853027,730200,0.0,0.0
2024-06-14 00:00:00-04:00,9.140000343322754,9.220000267028809,8.369999885559082,8.770000457763672,1254900,0.0,0.0
2024-06-17 00:00:00-04:00,8.6899995803833,9.029999732971191,8.649999618530273,8.859999656677246,622500,0.0,0.0
2024-06-18 00:00:00-04:00,8.84000015258789,8.914999961853027,8.34000015258789,8.399999618530273,722200,0.0,0.0
2024-06-20 00:00:00-04:00,8.359999656677246,8.399999618530273,7.920000076293945,7.929999828338623,1209400,0.0,0.0
2024-06-21 00:00:00-04:00,7.980000019073486,8.649999618530273,7.980000019073486,8.520000457763672,4474400,0.0,0.0
2024-06-24 00:00:00-04:00,8.550000190734863,8.789999961853027,8.109999656677246,8.449999809265137,1062600,0.0,0.0
2024-06-25 00:00:00-04:00,8.390000343322754,8.479999542236328,7.860000133514404,7.860000133514404,895900,0.0,0.0
2024-06-26 00:00:00-04:00,7.840000152587891,7.949999809265137,7.300000190734863,7.309999942779541,1759400,0.0,0.0
2024-06-27 00:00:00-04:00,7.349999904632568,7.75,7.0,7.539999961853027,2002400,0.0,0.0
2024-06-28 00:00:00-04:00,7.650000095367432,8.1899995803833,7.449999809265137,8.010000228881836,4708200,0.0,0.0
2024-07-01 00:00:00-04:00,7.96999979019165,8.109999656677246,7.739999771118164,7.760000228881836,1043900,0.0,0.0
2024-07-02 00:00:00-04:00,7.849999904632568,7.849999904632568,7.409999847412109,7.599999904632568,916300,0.0,0.0
2024-07-03 00:00:00-04:00,7.659999847412109,7.829999923706055,7.427999973297119,7.480000019073486,422900,0.0,0.0
2024-07-05 00:00:00-04:00,7.480000019073486,7.554999828338623,7.25,7.519999980926514,720000,0.0,0.0
2024-07-08 00:00:00-04:00,7.610000133514404,7.920000076293945,7.519999980926514,7.900000095367432,610600,0.0,0.0
2024-07-09 00:00:00-04:00,7.900000095367432,8.140000343322754,7.739999771118164,8.050000190734863,426000,0.0,0.0
2024-07-10 00:00:00-04:00,8.130000114440918,8.649999618530273,7.960000038146973,8.649999618530273,474900,0.0,0.0
2024-07-11 00:00:00-04:00,8.899999618530273,9.239999771118164,8.75,8.770000457763672,851900,0.0,0.0
2024-07-12 00:00:00-04:00,8.920000076293945,9.619999885559082,8.680000305175781,8.779999732971191,1290100,0.0,0.0
2024-07-15 00:00:00-04:00,8.859999656677246,9.279999732971191,8.789999961853027,9.0,1014100,0.0,0.0
2024-07-16 00:00:00-04:00,9.279999732971191,9.5600004196167,9.104999542236328,9.220000267028809,1312400,0.0,0.0
2024-07-17 00:00:00-04:00,9.020000457763672,9.140000343322754,8.595000267028809,8.680000305175781,980000,0.0,0.0
2024-07-18 00:00:00-04:00,8.720000267028809,8.979999542236328,8.270000457763672,8.329999923706055,754400,0.0,0.0
2024-07-19 00:00:00-04:00,8.350000381469727,8.529999732971191,8.229999542236328,8.350000381469727,934600,0.0,0.0
2024-07-22 00:00:00-04:00,8.40999984741211,8.454999923706055,7.96999979019165,8.3100004196167,926500,0.0,0.0
2024-07-23 00:00:00-04:00,8.270000457763672,8.779999732971191,8.270000457763672,8.739999771118164,439200,0.0,0.0
2024-07-24 00:00:00-04:00,8.640000343322754,9.460000038146973,8.595000267028809,9.0,840500,0.0,0.0
2024-07-25 00:00:00-04:00,9.079999923706055,9.989999771118164,9.050000190734863,9.65999984741211,827800,0.0,0.0
2024-07-26 00:00:00-04:00,9.850000381469727,9.850000381469727,9.1899995803833,9.239999771118164,628600,0.0,0.0
2024-07-29 00:00:00-04:00,9.239999771118164,9.579999923706055,9.166000366210938,9.199999809265137,555400,0.0,0.0
2024-07-30 00:00:00-04:00,9.140000343322754,9.369999885559082,8.979999542236328,9.09000015258789,476500,0.0,0.0
2024-07-31 00:00:00-04:00,9.149999618530273,9.609999656677246,8.899999618530273,9.15999984741211,445000,0.0,0.0
2024-08-01 00:00:00-04:00,9.300000190734863,9.680000305175781,9.199999809265137,9.449999809265137,884500,0.0,0.0
2024-08-02 00:00:00-04:00,9.069999694824219,9.220000267028809,8.59000015258789,8.90999984741211,1098200,0.0,0.0
2024-08-05 00:00:00-04:00,8.270000457763672,8.420000076293945,8.029999732971191,8.390000343322754,624600,0.0,0.0
2024-08-06 00:00:00-04:00,8.800000190734863,8.800000190734863,7.769999980926514,7.940000057220459,817600,0.0,0.0
2024-08-07 00:00:00-04:00,8.130000114440918,8.1899995803833,7.5,7.710000038146973,788700,0.0,0.0
2024-08-08 00:00:00-04:00,7.860000133514404,8.029999732971191,7.590000152587891,7.989999771118164,520200,0.0,0.0
2024-08-09 00:00:00-04:00,7.980000019073486,8.039999961853027,7.775000095367432,7.800000190734863,394900,0.0,0.0
2024-08-12 00:00:00-04:00,7.829999923706055,7.985000133514404,7.599999904632568,7.820000171661377,411800,0.0,0.0
2024-08-13 00:00:00-04:00,8.0,8.149999618530273,7.900000095367432,8.020000457763672,540700,0.0,0.0
2024-08-14 00:00:00-04:00,8.050000190734863,8.079999923706055,7.539999961853027,7.644999980926514,540100,0.0,0.0
2024-08-15 00:00:00-04:00,7.849999904632568,8.239999771118164,7.77400016784668,8.170000076293945,638300,0.0,0.0
2024-08-16 00:00:00-04:00,8.15999984741211,8.279999732971191,8.010000228881836,8.039999961853027,375200,0.0,0.0
2024-08-19 00:00:00-04:00,8.0600004196167,8.5,7.980999946594238,8.5,527600,0.0,0.0
2024-08-20 00:00:00-04:00,8.5,8.779999732971191,8.329999923706055,8.710000038146973,374600,0.0,0.0
2024-08-21 00:00:00-04:00,8.779999732971191,9.039999961853027,8.59000015258789,8.899999618530273,509200,0.0,0.0
2024-08-22 00:00:00-04:00,8.90999984741211,8.970000267028809,8.399999618530273,8.470000267028809,304800,0.0,0.0
2024-08-23 00:00:00-04:00,8.59000015258789,8.880000114440918,8.449999809265137,8.854999542236328,349200,0.0,0.0
